
Sat Mar 14 12:13:35 CET 2026
cd /out/sourcedata/freesurfer/sub-v2s9x29161_ses-1
setenv SUBJECTS_DIR /out/sourcedata/freesurfer
/opt/freesurfer/bin/recon-all -autorecon-hemi rh -noparcstats -noparcstats2 -noparcstats3 -nohyporelabel -nobalabels -rh-only -openmp 16 -subjid sub-v2s9x29161_ses-1 -sd /out/sourcedata/freesurfer

subjid sub-v2s9x29161_ses-1
setenv SUBJECTS_DIR /out/sourcedata/freesurfer
FREESURFER_HOME /opt/freesurfer
Actual FREESURFER_HOME /opt/freesurfer
build-stamp.txt: freesurfer-linux-ubuntu22_x86_64-7.3.2-20220804-6354275
Linux dna074 5.14.0-427.37.1.el9_4.x86_64 #1 SMP PREEMPT_DYNAMIC Fri Sep 13 12:41:50 EDT 2024 x86_64 x86_64 x86_64 GNU/Linux
cputime      unlimited
filesize     unlimited
datasize     unlimited
stacksize    8192 kbytes
coredumpsize 0 kbytes
memoryuse    67108864 kbytes
vmemoryuse   unlimited
descriptors  1024 
memorylocked unlimited
maxproc      2061970 
maxlocks     unlimited
maxsignal    2062029 
maxmessage   819200 
maxnice      0 
maxrtprio    0 
maxrttime    unlimited

               total        used        free      shared  buff/cache   available
Mem:           503Gi        62Gi        61Gi        11Gi       379Gi       426Gi
Swap:             0B          0B          0B

########################################
program versions used
7.3.2 (freesurfer-linux-ubuntu22_x86_64-7.3.2-20220804-6354275)
7.3.2

ProgramName: lta_convert  ProgramArguments: lta_convert -all-info  ProgramVersion: 7.3.2  TimeStamp: 2026/03/14-11:13:35-GMT  BuildTime: Aug  4 2022 06:17:15  BuildStamp: freesurfer-linux-ubuntu22_x86_64-7.3.2-20220804-6354275  User: oesteban  Machine: dna074  Platform: Linux  PlatformVersion: 5.14.0-427.37.1.el9_4.x86_64  CompilerName: GCC  CompilerVersion: 8.4.0
ProgramName: mri_and  ProgramArguments: mri_and -all-info  ProgramVersion: 7.3.2  TimeStamp: 2026/03/14-11:13:35-GMT  BuildTime: Aug  4 2022 06:17:15  BuildStamp: freesurfer-linux-ubuntu22_x86_64-7.3.2-20220804-6354275  User: oesteban  Machine: dna074  Platform: Linux  PlatformVersion: 5.14.0-427.37.1.el9_4.x86_64  CompilerName: GCC  CompilerVersion: 8.4.0
ProgramName: mri_annotation2label  ProgramArguments: mri_annotation2label -all-info  ProgramVersion: 7.3.2  TimeStamp: 2026/03/14-11:13:35-GMT  BuildTime: Aug  4 2022 06:17:15  BuildStamp: freesurfer-linux-ubuntu22_x86_64-7.3.2-20220804-6354275  User: oesteban  Machine: dna074  Platform: Linux  PlatformVersion: 5.14.0-427.37.1.el9_4.x86_64  CompilerName: GCC  CompilerVersion: 8.4.0
ProgramName: mri_aparc2aseg  ProgramArguments: mri_aparc2aseg -all-info  ProgramVersion: 7.3.2  TimeStamp: 2026/03/14-11:13:35-GMT  BuildTime: Aug  4 2022 06:17:15  BuildStamp: freesurfer-linux-ubuntu22_x86_64-7.3.2-20220804-6354275  User: oesteban  Machine: dna074  Platform: Linux  PlatformVersion: 5.14.0-427.37.1.el9_4.x86_64  CompilerName: GCC  CompilerVersion: 8.4.0
ProgramName: mri_surf2volseg  ProgramArguments: mri_surf2volseg -all-info  ProgramVersion: 7.3.2  TimeStamp: 2026/03/14-11:13:35-GMT  BuildTime: Aug  4 2022 06:17:15  BuildStamp: freesurfer-linux-ubuntu22_x86_64-7.3.2-20220804-6354275  User: oesteban  Machine: dna074  Platform: Linux  PlatformVersion: 5.14.0-427.37.1.el9_4.x86_64  CompilerName: GCC  CompilerVersion: 8.4.0
ProgramName: mri_binarize  ProgramArguments: mri_binarize -all-info  ProgramVersion: 7.3.2  TimeStamp: 2026/03/14-11:13:35-GMT  BuildTime: Aug  4 2022 06:17:15  BuildStamp: freesurfer-linux-ubuntu22_x86_64-7.3.2-20220804-6354275  User: oesteban  Machine: dna074  Platform: Linux  PlatformVersion: 5.14.0-427.37.1.el9_4.x86_64  CompilerName: GCC  CompilerVersion: 8.4.0
ProgramName: mri_ca_label  ProgramArguments: mri_ca_label -all-info  ProgramVersion: 7.3.2  TimeStamp: 2026/03/14-11:13:35-GMT  BuildTime: Aug  4 2022 06:17:15  BuildStamp: freesurfer-linux-ubuntu22_x86_64-7.3.2-20220804-6354275  User: oesteban  Machine: dna074  Platform: Linux  PlatformVersion: 5.14.0-427.37.1.el9_4.x86_64  CompilerName: GCC  CompilerVersion: 8.4.0
ProgramName: mri_ca_normalize  ProgramArguments: mri_ca_normalize -all-info  ProgramVersion: 7.3.2  TimeStamp: 2026/03/14-11:13:35-GMT  BuildTime: Aug  4 2022 06:17:15  BuildStamp: freesurfer-linux-ubuntu22_x86_64-7.3.2-20220804-6354275  User: oesteban  Machine: dna074  Platform: Linux  PlatformVersion: 5.14.0-427.37.1.el9_4.x86_64  CompilerName: GCC  CompilerVersion: 8.4.0
ProgramName: mri_ca_register  ProgramArguments: mri_ca_register -all-info  ProgramVersion: 7.3.2  TimeStamp: 2026/03/14-11:13:35-GMT  BuildTime: Aug  4 2022 06:17:15  BuildStamp: freesurfer-linux-ubuntu22_x86_64-7.3.2-20220804-6354275  User: oesteban  Machine: dna074  Platform: Linux  PlatformVersion: 5.14.0-427.37.1.el9_4.x86_64  CompilerName: GCC  CompilerVersion: 8.4.0
ProgramName: mri_cc  ProgramArguments: mri_cc -all-info  ProgramVersion: 7.3.2  TimeStamp: 2026/03/14-11:13:35-GMT  BuildTime: Aug  4 2022 06:17:15  BuildStamp: freesurfer-linux-ubuntu22_x86_64-7.3.2-20220804-6354275  User: oesteban  Machine: dna074  Platform: Linux  PlatformVersion: 5.14.0-427.37.1.el9_4.x86_64  CompilerName: GCC  CompilerVersion: 8.4.0
ProgramName: mri_compute_overlap  ProgramArguments: mri_compute_overlap -all-info  ProgramVersion: 7.3.2  TimeStamp: 2026/03/14-11:13:35-GMT  BuildTime: Aug  4 2022 06:17:15  BuildStamp: freesurfer-linux-ubuntu22_x86_64-7.3.2-20220804-6354275  User: oesteban  Machine: dna074  Platform: Linux  PlatformVersion: 5.14.0-427.37.1.el9_4.x86_64  CompilerName: GCC  CompilerVersion: 8.4.0
ProgramName: mri_compute_seg_overlap  ProgramArguments: mri_compute_seg_overlap -all-info  ProgramVersion: 7.3.2  TimeStamp: 2026/03/14-11:13:35-GMT  BuildTime: Aug  4 2022 06:17:15  BuildStamp: freesurfer-linux-ubuntu22_x86_64-7.3.2-20220804-6354275  User: oesteban  Machine: dna074  Platform: Linux  PlatformVersion: 5.14.0-427.37.1.el9_4.x86_64  CompilerName: GCC  CompilerVersion: 8.4.0
ProgramName: mri_concat  ProgramArguments: mri_concat -all-info  ProgramVersion: 7.3.2  TimeStamp: 2026/03/14-11:13:35-GMT  BuildTime: Aug  4 2022 06:17:15  BuildStamp: freesurfer-linux-ubuntu22_x86_64-7.3.2-20220804-6354275  User: oesteban  Machine: dna074  Platform: Linux  PlatformVersion: 5.14.0-427.37.1.el9_4.x86_64  CompilerName: GCC  CompilerVersion: 8.4.0
ProgramName: mri_concatenate_lta  ProgramArguments: mri_concatenate_lta -all-info  ProgramVersion: 7.3.2  TimeStamp: 2026/03/14-11:13:35-GMT  BuildTime: Aug  4 2022 06:17:15  BuildStamp: freesurfer-linux-ubuntu22_x86_64-7.3.2-20220804-6354275  User: oesteban  Machine: dna074  Platform: Linux  PlatformVersion: 5.14.0-427.37.1.el9_4.x86_64  CompilerName: GCC  CompilerVersion: 8.4.0
mri_convert -all-info 
ProgramName: mri_convert  ProgramArguments: mri_convert -all-info  ProgramVersion: 7.3.2  TimeStamp: 2026/03/14-11:13:35-GMT  BuildTime: Aug  4 2022 06:17:15  BuildStamp: freesurfer-linux-ubuntu22_x86_64-7.3.2-20220804-6354275  User: oesteban  Machine: dna074  Platform: Linux  PlatformVersion: 5.14.0-427.37.1.el9_4.x86_64  CompilerName: GCC  CompilerVersion: 8.4.0
ProgramName: mri_diff  ProgramArguments: mri_diff -all-info  ProgramVersion: 7.3.2  TimeStamp: 2026/03/14-11:13:35-GMT  BuildTime: Aug  4 2022 06:17:15  BuildStamp: freesurfer-linux-ubuntu22_x86_64-7.3.2-20220804-6354275  User: oesteban  Machine: dna074  Platform: Linux  PlatformVersion: 5.14.0-427.37.1.el9_4.x86_64  CompilerName: GCC  CompilerVersion: 8.4.0
ProgramName: mri_edit_wm_with_aseg  ProgramArguments: mri_edit_wm_with_aseg -all-info  ProgramVersion: 7.3.2  TimeStamp: 2026/03/14-11:13:35-GMT  BuildTime: Aug  4 2022 06:17:15  BuildStamp: freesurfer-linux-ubuntu22_x86_64-7.3.2-20220804-6354275  User: oesteban  Machine: dna074  Platform: Linux  PlatformVersion: 5.14.0-427.37.1.el9_4.x86_64  CompilerName: GCC  CompilerVersion: 8.4.0
ProgramName: mri_em_register  ProgramArguments: mri_em_register -all-info  ProgramVersion: 7.3.2  TimeStamp: 2026/03/14-11:13:35-GMT  BuildTime: Aug  4 2022 06:17:15  BuildStamp: freesurfer-linux-ubuntu22_x86_64-7.3.2-20220804-6354275  User: oesteban  Machine: dna074  Platform: Linux  PlatformVersion: 5.14.0-427.37.1.el9_4.x86_64  CompilerName: GCC  CompilerVersion: 8.4.0
ProgramName: mri_fill  ProgramArguments: mri_fill -all-info  ProgramVersion: 7.3.2  TimeStamp: 2026/03/14-11:13:35-GMT  BuildTime: Aug  4 2022 06:17:15  BuildStamp: freesurfer-linux-ubuntu22_x86_64-7.3.2-20220804-6354275  User: oesteban  Machine: dna074  Platform: Linux  PlatformVersion: 5.14.0-427.37.1.el9_4.x86_64  CompilerName: GCC  CompilerVersion: 8.4.0
ProgramName: mri_fuse_segmentations  ProgramArguments: mri_fuse_segmentations -all-info  ProgramVersion: 7.3.2  TimeStamp: 2026/03/14-11:13:35-GMT  BuildTime: Aug  4 2022 06:17:15  BuildStamp: freesurfer-linux-ubuntu22_x86_64-7.3.2-20220804-6354275  User: oesteban  Machine: dna074  Platform: Linux  PlatformVersion: 5.14.0-427.37.1.el9_4.x86_64  CompilerName: GCC  CompilerVersion: 8.4.0
ProgramName: mri_fwhm  ProgramArguments: mri_fwhm -all-info  ProgramVersion: 7.3.2  TimeStamp: 2026/03/14-11:13:35-GMT  BuildTime: Aug  4 2022 06:17:15  BuildStamp: freesurfer-linux-ubuntu22_x86_64-7.3.2-20220804-6354275  User: oesteban  Machine: dna074  Platform: Linux  PlatformVersion: 5.14.0-427.37.1.el9_4.x86_64  CompilerName: GCC  CompilerVersion: 8.4.0
ProgramName: mri_gcut  ProgramArguments: mri_gcut -all-info  ProgramVersion: 7.3.2  TimeStamp: 2026/03/14-11:13:35-GMT  BuildTime: Aug  4 2022 06:17:15  BuildStamp: freesurfer-linux-ubuntu22_x86_64-7.3.2-20220804-6354275  User: oesteban  Machine: dna074  Platform: Linux  PlatformVersion: 5.14.0-427.37.1.el9_4.x86_64  CompilerName: GCC  CompilerVersion: 8.4.0
ProgramName: mri_info  ProgramArguments: mri_info -all-info  ProgramVersion: 7.3.2  TimeStamp: 2026/03/14-11:13:35-GMT  BuildTime: Aug  4 2022 06:17:15  BuildStamp: freesurfer-linux-ubuntu22_x86_64-7.3.2-20220804-6354275  User: oesteban  Machine: dna074  Platform: Linux  PlatformVersion: 5.14.0-427.37.1.el9_4.x86_64  CompilerName: GCC  CompilerVersion: 8.4.0
ProgramName: mri_label2label  ProgramArguments: mri_label2label -all-info  ProgramVersion: 7.3.2  TimeStamp: 2026/03/14-11:13:35-GMT  BuildTime: Aug  4 2022 06:17:15  BuildStamp: freesurfer-linux-ubuntu22_x86_64-7.3.2-20220804-6354275  User: oesteban  Machine: dna074  Platform: Linux  PlatformVersion: 5.14.0-427.37.1.el9_4.x86_64  CompilerName: GCC  CompilerVersion: 8.4.0
ProgramName: mri_label2vol  ProgramArguments: mri_label2vol -all-info  ProgramVersion: 7.3.2  TimeStamp: 2026/03/14-11:13:35-GMT  BuildTime: Aug  4 2022 06:17:15  BuildStamp: freesurfer-linux-ubuntu22_x86_64-7.3.2-20220804-6354275  User: oesteban  Machine: dna074  Platform: Linux  PlatformVersion: 5.14.0-427.37.1.el9_4.x86_64  CompilerName: GCC  CompilerVersion: 8.4.0
ProgramName: mri_log_likelihood  ProgramArguments: mri_log_likelihood -all-info  ProgramVersion: 7.3.2  TimeStamp: 2026/03/14-11:13:35-GMT  BuildTime: Aug  4 2022 06:17:15  BuildStamp: freesurfer-linux-ubuntu22_x86_64-7.3.2-20220804-6354275  User: oesteban  Machine: dna074  Platform: Linux  PlatformVersion: 5.14.0-427.37.1.el9_4.x86_64  CompilerName: GCC  CompilerVersion: 8.4.0
ProgramName: mri_mask  ProgramArguments: mri_mask -all-info  ProgramVersion: 7.3.2  TimeStamp: 2026/03/14-11:13:35-GMT  BuildTime: Aug  4 2022 06:17:15  BuildStamp: freesurfer-linux-ubuntu22_x86_64-7.3.2-20220804-6354275  User: oesteban  Machine: dna074  Platform: Linux  PlatformVersion: 5.14.0-427.37.1.el9_4.x86_64  CompilerName: GCC  CompilerVersion: 8.4.0
ProgramName: mri_matrix_multiply  ProgramArguments: mri_matrix_multiply -all-info  ProgramVersion: 7.3.2  TimeStamp: 2026/03/14-11:13:35-GMT  BuildTime: Aug  4 2022 06:17:15  BuildStamp: freesurfer-linux-ubuntu22_x86_64-7.3.2-20220804-6354275  User: oesteban  Machine: dna074  Platform: Linux  PlatformVersion: 5.14.0-427.37.1.el9_4.x86_64  CompilerName: GCC  CompilerVersion: 8.4.0
ProgramName: mri_normalize  ProgramArguments: mri_normalize -all-info  ProgramVersion: 7.3.2  TimeStamp: 2026/03/14-11:13:35-GMT  BuildTime: Aug  4 2022 06:17:15  BuildStamp: freesurfer-linux-ubuntu22_x86_64-7.3.2-20220804-6354275  User: oesteban  Machine: dna074  Platform: Linux  PlatformVersion: 5.14.0-427.37.1.el9_4.x86_64  CompilerName: GCC  CompilerVersion: 8.4.0
ProgramName: mri_normalize_tp2  ProgramArguments: mri_normalize_tp2 -all-info  ProgramVersion: 7.3.2  TimeStamp: 2026/03/14-11:13:35-GMT  BuildTime: Aug  4 2022 06:17:15  BuildStamp: freesurfer-linux-ubuntu22_x86_64-7.3.2-20220804-6354275  User: oesteban  Machine: dna074  Platform: Linux  PlatformVersion: 5.14.0-427.37.1.el9_4.x86_64  CompilerName: GCC  CompilerVersion: 8.4.0
ProgramName: mri_or  ProgramArguments: mri_or -all-info  ProgramVersion: 7.3.2  TimeStamp: 2026/03/14-11:13:35-GMT  BuildTime: Aug  4 2022 06:17:15  BuildStamp: freesurfer-linux-ubuntu22_x86_64-7.3.2-20220804-6354275  User: oesteban  Machine: dna074  Platform: Linux  PlatformVersion: 5.14.0-427.37.1.el9_4.x86_64  CompilerName: GCC  CompilerVersion: 8.4.0
ProgramName: mri_relabel_hypointensities  ProgramArguments: mri_relabel_hypointensities -all-info  ProgramVersion: 7.3.2  TimeStamp: 2026/03/14-11:13:35-GMT  BuildTime: Aug  4 2022 06:17:15  BuildStamp: freesurfer-linux-ubuntu22_x86_64-7.3.2-20220804-6354275  User: oesteban  Machine: dna074  Platform: Linux  PlatformVersion: 5.14.0-427.37.1.el9_4.x86_64  CompilerName: GCC  CompilerVersion: 8.4.0
ProgramName: mri_relabel_nonwm_hypos  ProgramArguments: mri_relabel_nonwm_hypos -all-info  ProgramVersion: 7.3.2  TimeStamp: 2026/03/14-11:13:35-GMT  BuildTime: Aug  4 2022 06:17:15  BuildStamp: freesurfer-linux-ubuntu22_x86_64-7.3.2-20220804-6354275  User: oesteban  Machine: dna074  Platform: Linux  PlatformVersion: 5.14.0-427.37.1.el9_4.x86_64  CompilerName: GCC  CompilerVersion: 8.4.0
ProgramName: mri_remove_neck  ProgramArguments: mri_remove_neck -all-info  ProgramVersion: 7.3.2  TimeStamp: 2026/03/14-11:13:35-GMT  BuildTime: Aug  4 2022 06:17:15  BuildStamp: freesurfer-linux-ubuntu22_x86_64-7.3.2-20220804-6354275  User: oesteban  Machine: dna074  Platform: Linux  PlatformVersion: 5.14.0-427.37.1.el9_4.x86_64  CompilerName: GCC  CompilerVersion: 8.4.0
7.3.2

ProgramName: mri_robust_register  ProgramArguments: mri_robust_register -all-info  ProgramVersion: 7.3.2  TimeStamp: 2026/03/14-11:13:35-GMT  BuildTime: Aug  4 2022 06:17:15  BuildStamp: freesurfer-linux-ubuntu22_x86_64-7.3.2-20220804-6354275  User: oesteban  Machine: dna074  Platform: Linux  PlatformVersion: 5.14.0-427.37.1.el9_4.x86_64  CompilerName: GCC  CompilerVersion: 8.4.0
7.3.2

ProgramName: mri_robust_template  ProgramArguments: mri_robust_template -all-info  ProgramVersion: 7.3.2  TimeStamp: 2026/03/14-11:13:35-GMT  BuildTime: Aug  4 2022 06:17:15  BuildStamp: freesurfer-linux-ubuntu22_x86_64-7.3.2-20220804-6354275  User: oesteban  Machine: dna074  Platform: Linux  PlatformVersion: 5.14.0-427.37.1.el9_4.x86_64  CompilerName: GCC  CompilerVersion: 8.4.0
ProgramName: mris_anatomical_stats  ProgramArguments: mris_anatomical_stats -all-info  ProgramVersion: 7.3.2  TimeStamp: 2026/03/14-11:13:35-GMT  BuildTime: Aug  4 2022 06:17:15  BuildStamp: freesurfer-linux-ubuntu22_x86_64-7.3.2-20220804-6354275  User: oesteban  Machine: dna074  Platform: Linux  PlatformVersion: 5.14.0-427.37.1.el9_4.x86_64  CompilerName: GCC  CompilerVersion: 8.4.0
ProgramName: mris_ca_label  ProgramArguments: mris_ca_label -all-info  ProgramVersion: 7.3.2  TimeStamp: 2026/03/14-11:13:35-GMT  BuildTime: Aug  4 2022 06:17:15  BuildStamp: freesurfer-linux-ubuntu22_x86_64-7.3.2-20220804-6354275  User: oesteban  Machine: dna074  Platform: Linux  PlatformVersion: 5.14.0-427.37.1.el9_4.x86_64  CompilerName: GCC  CompilerVersion: 8.4.0
ProgramName: mris_calc  ProgramArguments: mris_calc -all-info  ProgramVersion: 7.3.2  TimeStamp: 2026/03/14-11:13:35-GMT  BuildTime: Aug  4 2022 06:17:15  BuildStamp: freesurfer-linux-ubuntu22_x86_64-7.3.2-20220804-6354275  User: oesteban  Machine: dna074  Platform: Linux  PlatformVersion: 5.14.0-427.37.1.el9_4.x86_64  CompilerName: GCC  CompilerVersion: 8.4.0
ProgramName: mris_convert  ProgramArguments: mris_convert -all-info  ProgramVersion: 7.3.2  TimeStamp: 2026/03/14-11:13:35-GMT  BuildTime: Aug  4 2022 06:17:15  BuildStamp: freesurfer-linux-ubuntu22_x86_64-7.3.2-20220804-6354275  User: oesteban  Machine: dna074  Platform: Linux  PlatformVersion: 5.14.0-427.37.1.el9_4.x86_64  CompilerName: GCC  CompilerVersion: 8.4.0
ProgramName: mris_curvature  ProgramArguments: mris_curvature -all-info  ProgramVersion: 7.3.2  TimeStamp: 2026/03/14-11:13:36-GMT  BuildTime: Aug  4 2022 06:17:15  BuildStamp: freesurfer-linux-ubuntu22_x86_64-7.3.2-20220804-6354275  User: oesteban  Machine: dna074  Platform: Linux  PlatformVersion: 5.14.0-427.37.1.el9_4.x86_64  CompilerName: GCC  CompilerVersion: 8.4.0
ProgramName: mris_curvature_stats  ProgramArguments: mris_curvature_stats -all-info  ProgramVersion: 7.3.2  TimeStamp: 2026/03/14-11:13:36-GMT  BuildTime: Aug  4 2022 06:17:15  BuildStamp: freesurfer-linux-ubuntu22_x86_64-7.3.2-20220804-6354275  User: oesteban  Machine: dna074  Platform: Linux  PlatformVersion: 5.14.0-427.37.1.el9_4.x86_64  CompilerName: GCC  CompilerVersion: 8.4.0
ProgramName: mris_diff  ProgramArguments: mris_diff -all-info  ProgramVersion: 7.3.2  TimeStamp: 2026/03/14-11:13:36-GMT  BuildTime: Aug  4 2022 06:17:15  BuildStamp: freesurfer-linux-ubuntu22_x86_64-7.3.2-20220804-6354275  User: oesteban  Machine: dna074  Platform: Linux  PlatformVersion: 5.14.0-427.37.1.el9_4.x86_64  CompilerName: GCC  CompilerVersion: 8.4.0
ProgramName: mris_divide_parcellation  ProgramArguments: mris_divide_parcellation -all-info  ProgramVersion: 7.3.2  TimeStamp: 2026/03/14-11:13:36-GMT  BuildTime: Aug  4 2022 06:17:15  BuildStamp: freesurfer-linux-ubuntu22_x86_64-7.3.2-20220804-6354275  User: oesteban  Machine: dna074  Platform: Linux  PlatformVersion: 5.14.0-427.37.1.el9_4.x86_64  CompilerName: GCC  CompilerVersion: 8.4.0
ProgramName: mri_segment  ProgramArguments: mri_segment -all-info  ProgramVersion: 7.3.2  TimeStamp: 2026/03/14-11:13:36-GMT  BuildTime: Aug  4 2022 06:17:15  BuildStamp: freesurfer-linux-ubuntu22_x86_64-7.3.2-20220804-6354275  User: oesteban  Machine: dna074  Platform: Linux  PlatformVersion: 5.14.0-427.37.1.el9_4.x86_64  CompilerName: GCC  CompilerVersion: 8.4.0
ProgramName: mri_segstats  ProgramArguments: mri_segstats -all-info  ProgramVersion: 7.3.2  TimeStamp: 2026/03/14-11:13:36-GMT  BuildTime: Aug  4 2022 06:17:15  BuildStamp: freesurfer-linux-ubuntu22_x86_64-7.3.2-20220804-6354275  User: oesteban  Machine: dna074  Platform: Linux  PlatformVersion: 5.14.0-427.37.1.el9_4.x86_64  CompilerName: GCC  CompilerVersion: 8.4.0
ProgramName: mris_euler_number  ProgramArguments: mris_euler_number -all-info  ProgramVersion: 7.3.2  TimeStamp: 2026/03/14-11:13:36-GMT  BuildTime: Aug  4 2022 06:17:15  BuildStamp: freesurfer-linux-ubuntu22_x86_64-7.3.2-20220804-6354275  User: oesteban  Machine: dna074  Platform: Linux  PlatformVersion: 5.14.0-427.37.1.el9_4.x86_64  CompilerName: GCC  CompilerVersion: 8.4.0
ProgramName: mris_fix_topology  ProgramArguments: mris_fix_topology -all-info  ProgramVersion: 7.3.2  TimeStamp: 2026/03/14-11:13:36-GMT  BuildTime: Aug  4 2022 06:17:15  BuildStamp: freesurfer-linux-ubuntu22_x86_64-7.3.2-20220804-6354275  User: oesteban  Machine: dna074  Platform: Linux  PlatformVersion: 5.14.0-427.37.1.el9_4.x86_64  CompilerName: GCC  CompilerVersion: 8.4.0
ProgramName: mris_topo_fixer  ProgramArguments: mris_topo_fixer -all-info  ProgramVersion: 7.3.2  TimeStamp: 2026/03/14-11:13:36-GMT  BuildTime: Aug  4 2022 06:17:15  BuildStamp: freesurfer-linux-ubuntu22_x86_64-7.3.2-20220804-6354275  User: oesteban  Machine: dna074  Platform: Linux  PlatformVersion: 5.14.0-427.37.1.el9_4.x86_64  CompilerName: GCC  CompilerVersion: 8.4.0
ProgramName: mris_jacobian  ProgramArguments: mris_jacobian -all-info  ProgramVersion: 7.3.2  TimeStamp: 2026/03/14-11:13:36-GMT  BuildTime: Aug  4 2022 06:17:15  BuildStamp: freesurfer-linux-ubuntu22_x86_64-7.3.2-20220804-6354275  User: oesteban  Machine: dna074  Platform: Linux  PlatformVersion: 5.14.0-427.37.1.el9_4.x86_64  CompilerName: GCC  CompilerVersion: 8.4.0
ProgramName: mris_label2annot  ProgramArguments: mris_label2annot -all-info  ProgramVersion: 7.3.2  TimeStamp: 2026/03/14-11:13:36-GMT  BuildTime: Aug  4 2022 06:17:15  BuildStamp: freesurfer-linux-ubuntu22_x86_64-7.3.2-20220804-6354275  User: oesteban  Machine: dna074  Platform: Linux  PlatformVersion: 5.14.0-427.37.1.el9_4.x86_64  CompilerName: GCC  CompilerVersion: 8.4.0
ProgramName: mris_left_right_register  ProgramArguments: mris_left_right_register -all-info  ProgramVersion: 7.3.2  TimeStamp: 2026/03/14-11:13:36-GMT  BuildTime: Aug  4 2022 06:17:15  BuildStamp: freesurfer-linux-ubuntu22_x86_64-7.3.2-20220804-6354275  User: oesteban  Machine: dna074  Platform: Linux  PlatformVersion: 5.14.0-427.37.1.el9_4.x86_64  CompilerName: GCC  CompilerVersion: 8.4.0
ProgramName: mris_place_surface  ProgramArguments: mris_place_surface -all-info  ProgramVersion: 7.3.2  TimeStamp: 2026/03/14-11:13:36-GMT  BuildTime: Aug  4 2022 06:17:15  BuildStamp: freesurfer-linux-ubuntu22_x86_64-7.3.2-20220804-6354275  User: oesteban  Machine: dna074  Platform: Linux  PlatformVersion: 5.14.0-427.37.1.el9_4.x86_64  CompilerName: GCC  CompilerVersion: 8.4.0
ProgramName: mrisp_paint  ProgramArguments: mrisp_paint -all-info  ProgramVersion: 7.3.2  TimeStamp: 2026/03/14-11:13:36-GMT  BuildTime: Aug  4 2022 06:17:15  BuildStamp: freesurfer-linux-ubuntu22_x86_64-7.3.2-20220804-6354275  User: oesteban  Machine: dna074  Platform: Linux  PlatformVersion: 5.14.0-427.37.1.el9_4.x86_64  CompilerName: GCC  CompilerVersion: 8.4.0
ProgramName: mris_register  ProgramArguments: mris_register -all-info  ProgramVersion: 7.3.2  TimeStamp: 2026/03/14-11:13:36-GMT  BuildTime: Aug  4 2022 06:17:15  BuildStamp: freesurfer-linux-ubuntu22_x86_64-7.3.2-20220804-6354275  User: oesteban  Machine: dna074  Platform: Linux  PlatformVersion: 5.14.0-427.37.1.el9_4.x86_64  CompilerName: GCC  CompilerVersion: 8.4.0
ProgramName: mris_smooth  ProgramArguments: mris_smooth -all-info  ProgramVersion: 7.3.2  TimeStamp: 2026/03/14-11:13:36-GMT  BuildTime: Aug  4 2022 06:17:15  BuildStamp: freesurfer-linux-ubuntu22_x86_64-7.3.2-20220804-6354275  User: oesteban  Machine: dna074  Platform: Linux  PlatformVersion: 5.14.0-427.37.1.el9_4.x86_64  CompilerName: GCC  CompilerVersion: 8.4.0
ProgramName: mris_sphere  ProgramArguments: mris_sphere -all-info  ProgramVersion: 7.3.2  TimeStamp: 2026/03/14-11:13:36-GMT  BuildTime: Aug  4 2022 06:17:15  BuildStamp: freesurfer-linux-ubuntu22_x86_64-7.3.2-20220804-6354275  User: oesteban  Machine: dna074  Platform: Linux  PlatformVersion: 5.14.0-427.37.1.el9_4.x86_64  CompilerName: GCC  CompilerVersion: 8.4.0
ProgramName: mris_surface_stats  ProgramArguments: mris_surface_stats -all-info  ProgramVersion: 7.3.2  TimeStamp: 2026/03/14-11:13:36-GMT  BuildTime: Aug  4 2022 06:17:15  BuildStamp: freesurfer-linux-ubuntu22_x86_64-7.3.2-20220804-6354275  User: oesteban  Machine: dna074  Platform: Linux  PlatformVersion: 5.14.0-427.37.1.el9_4.x86_64  CompilerName: GCC  CompilerVersion: 8.4.0
ProgramName: mri_stats2seg  ProgramArguments: mri_stats2seg -all-info  ProgramVersion: 7.3.2  TimeStamp: 2026/03/14-11:13:36-GMT  BuildTime: Aug  4 2022 06:17:15  BuildStamp: freesurfer-linux-ubuntu22_x86_64-7.3.2-20220804-6354275  User: oesteban  Machine: dna074  Platform: Linux  PlatformVersion: 5.14.0-427.37.1.el9_4.x86_64  CompilerName: GCC  CompilerVersion: 8.4.0
ProgramName: mris_thickness  ProgramArguments: mris_thickness -all-info  ProgramVersion: 7.3.2  TimeStamp: 2026/03/14-11:13:36-GMT  BuildTime: Aug  4 2022 06:17:15  BuildStamp: freesurfer-linux-ubuntu22_x86_64-7.3.2-20220804-6354275  User: oesteban  Machine: dna074  Platform: Linux  PlatformVersion: 5.14.0-427.37.1.el9_4.x86_64  CompilerName: GCC  CompilerVersion: 8.4.0
ProgramName: mris_thickness_diff  ProgramArguments: mris_thickness_diff -all-info  ProgramVersion: 7.3.2  TimeStamp: 2026/03/14-11:13:36-GMT  BuildTime: Aug  4 2022 06:17:15  BuildStamp: freesurfer-linux-ubuntu22_x86_64-7.3.2-20220804-6354275  User: oesteban  Machine: dna074  Platform: Linux  PlatformVersion: 5.14.0-427.37.1.el9_4.x86_64  CompilerName: GCC  CompilerVersion: 8.4.0
ProgramName: mris_topo_fixer  ProgramArguments: mris_topo_fixer -all-info  ProgramVersion: 7.3.2  TimeStamp: 2026/03/14-11:13:36-GMT  BuildTime: Aug  4 2022 06:17:15  BuildStamp: freesurfer-linux-ubuntu22_x86_64-7.3.2-20220804-6354275  User: oesteban  Machine: dna074  Platform: Linux  PlatformVersion: 5.14.0-427.37.1.el9_4.x86_64  CompilerName: GCC  CompilerVersion: 8.4.0
ProgramName: mri_surf2surf  ProgramArguments: mri_surf2surf -all-info  ProgramVersion: 7.3.2  TimeStamp: 2026/03/14-11:13:36-GMT  BuildTime: Aug  4 2022 06:17:15  BuildStamp: freesurfer-linux-ubuntu22_x86_64-7.3.2-20220804-6354275  User: oesteban  Machine: dna074  Platform: Linux  PlatformVersion: 5.14.0-427.37.1.el9_4.x86_64  CompilerName: GCC  CompilerVersion: 8.4.0
ProgramName: mri_surf2vol  ProgramArguments: mri_surf2vol -all-info  ProgramVersion: 7.3.2  TimeStamp: 2026/03/14-11:13:36-GMT  BuildTime: Aug  4 2022 06:17:15  BuildStamp: freesurfer-linux-ubuntu22_x86_64-7.3.2-20220804-6354275  User: oesteban  Machine: dna074  Platform: Linux  PlatformVersion: 5.14.0-427.37.1.el9_4.x86_64  CompilerName: GCC  CompilerVersion: 8.4.0
ProgramName: mri_surfcluster  ProgramArguments: mri_surfcluster -all-info  ProgramVersion: 7.3.2  TimeStamp: 2026/03/14-11:13:36-GMT  BuildTime: Aug  4 2022 06:17:15  BuildStamp: freesurfer-linux-ubuntu22_x86_64-7.3.2-20220804-6354275  User: oesteban  Machine: dna074  Platform: Linux  PlatformVersion: 5.14.0-427.37.1.el9_4.x86_64  CompilerName: GCC  CompilerVersion: 8.4.0
ProgramName: mris_volmask  ProgramArguments: mris_volmask -all-info  ProgramVersion: 7.3.2  TimeStamp: 2026/03/14-11:13:36-GMT  BuildTime: Aug  4 2022 06:17:15  BuildStamp: freesurfer-linux-ubuntu22_x86_64-7.3.2-20220804-6354275  User: oesteban  Machine: dna074  Platform: Linux  PlatformVersion: 5.14.0-427.37.1.el9_4.x86_64  CompilerName: GCC  CompilerVersion: 8.4.0
ProgramName: mri_tessellate  ProgramArguments: mri_tessellate -all-info  ProgramVersion: 7.3.2  TimeStamp: 2026/03/14-11:13:36-GMT  BuildTime: Aug  4 2022 06:17:15  BuildStamp: freesurfer-linux-ubuntu22_x86_64-7.3.2-20220804-6354275  User: oesteban  Machine: dna074  Platform: Linux  PlatformVersion: 5.14.0-427.37.1.el9_4.x86_64  CompilerName: GCC  CompilerVersion: 8.4.0
ProgramName: mri_vol2surf  ProgramArguments: mri_vol2surf -all-info  ProgramVersion: 7.3.2  TimeStamp: 2026/03/14-11:13:36-GMT  BuildTime: Aug  4 2022 06:17:15  BuildStamp: freesurfer-linux-ubuntu22_x86_64-7.3.2-20220804-6354275  User: oesteban  Machine: dna074  Platform: Linux  PlatformVersion: 5.14.0-427.37.1.el9_4.x86_64  CompilerName: GCC  CompilerVersion: 8.4.0
ProgramName: mri_vol2vol  ProgramArguments: mri_vol2vol -all-info  ProgramVersion: 7.3.2  TimeStamp: 2026/03/14-11:13:36-GMT  BuildTime: Aug  4 2022 06:17:15  BuildStamp: freesurfer-linux-ubuntu22_x86_64-7.3.2-20220804-6354275  User: oesteban  Machine: dna074  Platform: Linux  PlatformVersion: 5.14.0-427.37.1.el9_4.x86_64  CompilerName: GCC  CompilerVersion: 8.4.0
ProgramName: mri_voldiff  ProgramArguments: mri_voldiff -all-info  ProgramVersion: 7.3.2  TimeStamp: 2026/03/14-11:13:36-GMT  BuildTime: Aug  4 2022 06:17:15  BuildStamp: freesurfer-linux-ubuntu22_x86_64-7.3.2-20220804-6354275  User: oesteban  Machine: dna074  Platform: Linux  PlatformVersion: 5.14.0-427.37.1.el9_4.x86_64  CompilerName: GCC  CompilerVersion: 8.4.0
ProgramName: mri_watershed  ProgramArguments: mri_watershed -all-info  ProgramVersion: 7.3.2  TimeStamp: 2026/03/14-11:13:36-GMT  BuildTime: Aug  4 2022 06:17:15  BuildStamp: freesurfer-linux-ubuntu22_x86_64-7.3.2-20220804-6354275  User: oesteban  Machine: dna074  Platform: Linux  PlatformVersion: 5.14.0-427.37.1.el9_4.x86_64  CompilerName: GCC  CompilerVersion: 8.4.0
ProgramName: tkregister2  ProgramArguments: tkregister2_cmdl -all-info  ProgramVersion: 7.3.2  TimeStamp: 2026/03/14-11:13:36-GMT  BuildTime: Aug  4 2022 06:17:15  BuildStamp: freesurfer-linux-ubuntu22_x86_64-7.3.2-20220804-6354275  User: oesteban  Machine: dna074  Platform: Linux  PlatformVersion: 5.14.0-427.37.1.el9_4.x86_64  CompilerName: GCC  CompilerVersion: 8.4.0
mri_motion_correct.fsl 7.3.2
mri_convert -all-info 
ProgramName: mri_convert  ProgramArguments: mri_convert -all-info  ProgramVersion: 7.3.2  TimeStamp: 2026/03/14-11:13:36-GMT  BuildTime: Aug  4 2022 06:17:15  BuildStamp: freesurfer-linux-ubuntu22_x86_64-7.3.2-20220804-6354275  User: oesteban  Machine: dna074  Platform: Linux  PlatformVersion: 5.14.0-427.37.1.el9_4.x86_64  CompilerName: GCC  CompilerVersion: 8.4.0
Program nu_correct, built from:
Package MNI N3, version 1.12.0, compiled by nicks@terrier (x86_64-unknown-linux-gnu) on 2015-06-19 at 01:25:34
#######################################
GCADIR /opt/freesurfer/average
GCA RB_all_2020-01-02.gca
GCASkull RB_all_withskull_2020_01_02.gca
AvgCurvTif folding.atlas.acfb40.noaparc.i12.2016-08-02.tif
GCSDIR /opt/freesurfer/average
GCS DKaparc.atlas.acfb40.noaparc.i12.2016-08-02.gcs
#######################################
#--------------------------------------------
#@# Tessellate rh Sat Mar 14 12:13:36 CET 2026
/out/sourcedata/freesurfer/sub-v2s9x29161_ses-1/scripts

 mri_pretess ../mri/filled.mgz 127 ../mri/norm.mgz ../mri/filled-pretess127.mgz 


Iteration Number : 1
pass   1 (xy+):   1 found -   1 modified     |    TOTAL:   1
pass   2 (xy+):   0 found -   1 modified     |    TOTAL:   1
pass   1 (xy-):   2 found -   2 modified     |    TOTAL:   3
pass   2 (xy-):   0 found -   2 modified     |    TOTAL:   3
pass   1 (yz+):   8 found -   8 modified     |    TOTAL:  11
pass   2 (yz+):   0 found -   8 modified     |    TOTAL:  11
pass   1 (yz-):   4 found -   4 modified     |    TOTAL:  15
pass   2 (yz-):   0 found -   4 modified     |    TOTAL:  15
pass   1 (xz+):   2 found -   2 modified     |    TOTAL:  17
pass   2 (xz+):   0 found -   2 modified     |    TOTAL:  17
pass   1 (xz-):   1 found -   1 modified     |    TOTAL:  18
pass   2 (xz-):   0 found -   1 modified     |    TOTAL:  18
Iteration Number : 1
pass   1 (+++):   0 found -   0 modified     |    TOTAL:   0
pass   1 (+++):   0 found -   0 modified     |    TOTAL:   0
pass   1 (+++):   0 found -   0 modified     |    TOTAL:   0
pass   1 (+++):   2 found -   2 modified     |    TOTAL:   2
pass   2 (+++):   0 found -   2 modified     |    TOTAL:   2
Iteration Number : 1
pass   1 (++):   0 found -   0 modified     |    TOTAL:   0
pass   1 (+-):   0 found -   0 modified     |    TOTAL:   0
pass   1 (--):   0 found -   0 modified     |    TOTAL:   0
pass   1 (-+):   1 found -   1 modified     |    TOTAL:   1
pass   2 (-+):   0 found -   1 modified     |    TOTAL:   1
Iteration Number : 2
pass   1 (xy+):   0 found -   0 modified     |    TOTAL:   0
pass   1 (xy-):   0 found -   0 modified     |    TOTAL:   0
pass   1 (yz+):   1 found -   1 modified     |    TOTAL:   1
pass   2 (yz+):   0 found -   1 modified     |    TOTAL:   1
pass   1 (yz-):   0 found -   0 modified     |    TOTAL:   1
pass   1 (xz+):   0 found -   0 modified     |    TOTAL:   1
pass   1 (xz-):   0 found -   0 modified     |    TOTAL:   1
Iteration Number : 2
pass   1 (+++):   0 found -   0 modified     |    TOTAL:   0
pass   1 (+++):   0 found -   0 modified     |    TOTAL:   0
pass   1 (+++):   0 found -   0 modified     |    TOTAL:   0
pass   1 (+++):   0 found -   0 modified     |    TOTAL:   0
Iteration Number : 2
pass   1 (++):   0 found -   0 modified     |    TOTAL:   0
pass   1 (+-):   0 found -   0 modified     |    TOTAL:   0
pass   1 (--):   0 found -   0 modified     |    TOTAL:   0
pass   1 (-+):   0 found -   0 modified     |    TOTAL:   0
Iteration Number : 3
pass   1 (xy+):   0 found -   0 modified     |    TOTAL:   0
pass   1 (xy-):   0 found -   0 modified     |    TOTAL:   0
pass   1 (yz+):   0 found -   0 modified     |    TOTAL:   0
pass   1 (yz-):   0 found -   0 modified     |    TOTAL:   0
pass   1 (xz+):   0 found -   0 modified     |    TOTAL:   0
pass   1 (xz-):   0 found -   0 modified     |    TOTAL:   0
Iteration Number : 3
pass   1 (+++):   0 found -   0 modified     |    TOTAL:   0
pass   1 (+++):   0 found -   0 modified     |    TOTAL:   0
pass   1 (+++):   0 found -   0 modified     |    TOTAL:   0
pass   1 (+++):   0 found -   0 modified     |    TOTAL:   0
Iteration Number : 3
pass   1 (++):   0 found -   0 modified     |    TOTAL:   0
pass   1 (+-):   0 found -   0 modified     |    TOTAL:   0
pass   1 (--):   0 found -   0 modified     |    TOTAL:   0
pass   1 (-+):   0 found -   0 modified     |    TOTAL:   0

Total Number of Modified Voxels = 22 (out of 213036: 0.010327)
Ambiguous edge configurations... 

mri_pretess done


 mri_tessellate ../mri/filled-pretess127.mgz 127 ../surf/rh.orig.nofix 

7.3.2
  7.3.2
slice 40: 187 vertices, 214 faces
slice 50: 3835 vertices, 4029 faces
slice 60: 11078 vertices, 11359 faces
slice 70: 21071 vertices, 21453 faces
slice 80: 31480 vertices, 31797 faces
slice 90: 41147 vertices, 41518 faces
slice 100: 51798 vertices, 52175 faces
slice 110: 62292 vertices, 62685 faces
slice 120: 72685 vertices, 73057 faces
slice 130: 82121 vertices, 82510 faces
slice 140: 91283 vertices, 91634 faces
slice 150: 99561 vertices, 99918 faces
slice 160: 107529 vertices, 107788 faces
slice 170: 113280 vertices, 113509 faces
slice 180: 117151 vertices, 117319 faces
slice 190: 118582 vertices, 118630 faces
slice 200: 118582 vertices, 118630 faces
slice 210: 118582 vertices, 118630 faces
slice 220: 118582 vertices, 118630 faces
slice 230: 118582 vertices, 118630 faces
slice 240: 118582 vertices, 118630 faces
slice 250: 118582 vertices, 118630 faces
using the conformed surface RAS to save vertex points...
writing ../surf/rh.orig.nofix
using vox2ras matrix:
-1.00000   0.00000   0.00000   128.00000;
 0.00000   0.00000   1.00000  -128.00000;
 0.00000  -1.00000   0.00000   128.00000;
 0.00000   0.00000   0.00000   1.00000;

 rm -f ../mri/filled-pretess127.mgz 


 mris_extract_main_component ../surf/rh.orig.nofix ../surf/rh.orig.nofix 


counting number of connected components...
   118582 voxel in cpt #1: X=-48 [v=118582,e=355890,f=237260] located at (30.885109, -20.448980, 2.814694)
For the whole surface: X=-48 [v=118582,e=355890,f=237260]
One single component has been found
nothing to do
done

#--------------------------------------------
#@# Smooth1 rh Sat Mar 14 12:13:38 CET 2026
/out/sourcedata/freesurfer/sub-v2s9x29161_ses-1/scripts

 mris_smooth -nw -seed 1234 ../surf/rh.orig.nofix ../surf/rh.smoothwm.nofix 

setting seed for random number generator to 1234
smoothing surface tessellation for 10 iterations...
smoothing complete - recomputing first and second fundamental forms...
#--------------------------------------------
#@# Inflation1 rh Sat Mar 14 12:13:40 CET 2026
/out/sourcedata/freesurfer/sub-v2s9x29161_ses-1/scripts

 mris_inflate -no-save-sulc ../surf/rh.smoothwm.nofix ../surf/rh.inflated.nofix 

Not saving sulc
Reading ../surf/rh.smoothwm.nofix
avg radius = 43.6 mm, total surface area = 63032 mm^2
step 000: RMS=0.155 (target=0.015)   step 005: RMS=0.117 (target=0.015)   step 010: RMS=0.088 (target=0.015)   step 015: RMS=0.074 (target=0.015)   step 020: RMS=0.065 (target=0.015)   step 025: RMS=0.057 (target=0.015)   step 030: RMS=0.052 (target=0.015)   step 035: RMS=0.048 (target=0.015)   step 040: RMS=0.045 (target=0.015)   step 045: RMS=0.045 (target=0.015)   step 050: RMS=0.043 (target=0.015)   step 055: RMS=0.044 (target=0.015)   step 060: RMS=0.044 (target=0.015)   writing inflated surface to ../surf/rh.inflated.nofix
inflation took 0.2 minutes

inflation complete.
Not saving sulc
mris_inflate utimesec    44.378753
mris_inflate stimesec    1.955292
mris_inflate ru_maxrss   190512
mris_inflate ru_ixrss    0
mris_inflate ru_idrss    0
mris_inflate ru_isrss    0
mris_inflate ru_minflt   563067
mris_inflate ru_majflt   13
mris_inflate ru_nswap    0
mris_inflate ru_inblock  0
mris_inflate ru_oublock  8344
mris_inflate ru_msgsnd   0
mris_inflate ru_msgrcv   0
mris_inflate ru_nsignals 0
mris_inflate ru_nvcsw    7972
mris_inflate ru_nivcsw   213
#--------------------------------------------
#@# QSphere rh Sat Mar 14 12:13:52 CET 2026
/out/sourcedata/freesurfer/sub-v2s9x29161_ses-1/scripts

 mris_sphere -q -p 6 -a 128 -seed 1234 ../surf/rh.inflated.nofix ../surf/rh.qsphere.nofix 

doing quick spherical unfolding.
limitting unfolding to 6 passes
using n_averages = 128
setting seed for random number genererator to 1234
version: 7.3.2
available threads: 16
scaling brain by 0.344...
inflating...
projecting onto sphere...
surface projected - minimizing metric distortion...
vertex spacing 1.08 +- 0.60 (0.00-->7.73) (max @ vno 40923 --> 42002)
face area 0.03 +- 0.04 (-0.33-->0.65)
Entering MRISinflateToSphere()
inflating to sphere (rms error < 2.00)
000: dt: 0.0000, rms radial error=175.939, avgs=0
005/300: dt: 0.9000, rms radial error=175.684, avgs=0
010/300: dt: 0.9000, rms radial error=175.138, avgs=0
015/300: dt: 0.9000, rms radial error=174.420, avgs=0
020/300: dt: 0.9000, rms radial error=173.601, avgs=0
025/300: dt: 0.9000, rms radial error=172.723, avgs=0
030/300: dt: 0.9000, rms radial error=171.813, avgs=0
035/300: dt: 0.9000, rms radial error=170.885, avgs=0
040/300: dt: 0.9000, rms radial error=169.950, avgs=0
045/300: dt: 0.9000, rms radial error=169.012, avgs=0
050/300: dt: 0.9000, rms radial error=168.075, avgs=0
055/300: dt: 0.9000, rms radial error=167.140, avgs=0
060/300: dt: 0.9000, rms radial error=166.208, avgs=0
065/300: dt: 0.9000, rms radial error=165.280, avgs=0
070/300: dt: 0.9000, rms radial error=164.357, avgs=0
075/300: dt: 0.9000, rms radial error=163.438, avgs=0
080/300: dt: 0.9000, rms radial error=162.524, avgs=0
085/300: dt: 0.9000, rms radial error=161.615, avgs=0
090/300: dt: 0.9000, rms radial error=160.710, avgs=0
095/300: dt: 0.9000, rms radial error=159.810, avgs=0
100/300: dt: 0.9000, rms radial error=158.915, avgs=0
105/300: dt: 0.9000, rms radial error=158.024, avgs=0
110/300: dt: 0.9000, rms radial error=157.139, avgs=0
115/300: dt: 0.9000, rms radial error=156.258, avgs=0
120/300: dt: 0.9000, rms radial error=155.382, avgs=0
125/300: dt: 0.9000, rms radial error=154.511, avgs=0
130/300: dt: 0.9000, rms radial error=153.645, avgs=0
135/300: dt: 0.9000, rms radial error=152.784, avgs=0
140/300: dt: 0.9000, rms radial error=151.927, avgs=0
145/300: dt: 0.9000, rms radial error=151.075, avgs=0
150/300: dt: 0.9000, rms radial error=150.227, avgs=0
155/300: dt: 0.9000, rms radial error=149.384, avgs=0
160/300: dt: 0.9000, rms radial error=148.545, avgs=0
165/300: dt: 0.9000, rms radial error=147.711, avgs=0
170/300: dt: 0.9000, rms radial error=146.882, avgs=0
175/300: dt: 0.9000, rms radial error=146.057, avgs=0
180/300: dt: 0.9000, rms radial error=145.236, avgs=0
185/300: dt: 0.9000, rms radial error=144.420, avgs=0
190/300: dt: 0.9000, rms radial error=143.608, avgs=0
195/300: dt: 0.9000, rms radial error=142.801, avgs=0
200/300: dt: 0.9000, rms radial error=141.999, avgs=0
205/300: dt: 0.9000, rms radial error=141.200, avgs=0
210/300: dt: 0.9000, rms radial error=140.407, avgs=0
215/300: dt: 0.9000, rms radial error=139.617, avgs=0
220/300: dt: 0.9000, rms radial error=138.832, avgs=0
225/300: dt: 0.9000, rms radial error=138.051, avgs=0
230/300: dt: 0.9000, rms radial error=137.275, avgs=0
235/300: dt: 0.9000, rms radial error=136.503, avgs=0
240/300: dt: 0.9000, rms radial error=135.735, avgs=0
245/300: dt: 0.9000, rms radial error=134.972, avgs=0
250/300: dt: 0.9000, rms radial error=134.212, avgs=0
255/300: dt: 0.9000, rms radial error=133.457, avgs=0
260/300: dt: 0.9000, rms radial error=132.707, avgs=0
265/300: dt: 0.9000, rms radial error=131.960, avgs=0
270/300: dt: 0.9000, rms radial error=131.218, avgs=0
275/300: dt: 0.9000, rms radial error=130.480, avgs=0
280/300: dt: 0.9000, rms radial error=129.746, avgs=0
285/300: dt: 0.9000, rms radial error=129.016, avgs=0
290/300: dt: 0.9000, rms radial error=128.291, avgs=0
295/300: dt: 0.9000, rms radial error=127.569, avgs=0
300/300: dt: 0.9000, rms radial error=126.851, avgs=0

spherical inflation complete.
epoch 1 (K=10.0), pass 1, starting sse = 13324.38
taking momentum steps...
taking momentum steps...
taking momentum steps...
taking momentum steps...
pass 1 complete, delta sse/iter = 0.00/13 = 0.00038
epoch 2 (K=40.0), pass 1, starting sse = 1997.65
taking momentum steps...
taking momentum steps...
taking momentum steps...
taking momentum steps...
pass 1 complete, delta sse/iter = 0.00/13 = 0.00025
epoch 3 (K=160.0), pass 1, starting sse = 176.60
taking momentum steps...
taking momentum steps...
taking momentum steps...
taking momentum steps...
pass 1 complete, delta sse/iter = 0.16/17 = 0.00934
epoch 4 (K=640.0), pass 1, starting sse = 11.80
taking momentum steps...
taking momentum steps...
taking momentum steps...
taking momentum steps...
pass 1 complete, delta sse/iter = 0.10/18 = 0.00533
final distance error %100000.00
writing spherical brain to ../surf/rh.qsphere.nofix
spherical transformation took 0.0128 hours
FSRUNTIME@ mris_sphere  0.0128 hours 16 threads
#VMPC# mris_sphere VmPeak  2069052
mris_sphere done
#@# Fix Topology rh Sat Mar 14 12:14:38 CET 2026

 mris_fix_topology -mgz -sphere qsphere.nofix -inflated inflated.nofix -orig orig.nofix -out orig.premesh -ga -seed 1234 sub-v2s9x29161_ses-1 rh 

reading spherical homeomorphism from 'qsphere.nofix'
reading inflated coordinates from 'inflated.nofix'
reading original coordinates from 'orig.nofix'
using genetic algorithm with optimized parameters
setting seed for random number genererator to 1234

*************************************************************
Topology Correction Parameters
retessellation mode:           genetic search
number of patches/generation : 10
number of generations :        10
surface mri loglikelihood coefficient :         1.0
volume mri loglikelihood coefficient :          10.0
normal dot loglikelihood coefficient :          1.0
quadratic curvature loglikelihood coefficient : 1.0
volume resolution :                             2
eliminate vertices during search :              1
initial patch selection :                       1
select all defect vertices :                    0
ordering dependant retessellation:              0
use precomputed edge table :                    0
smooth retessellated patch :                    2
match retessellated patch :                     1
verbose mode :                                  0

*************************************************************
INFO: assuming .mgz format
writing corrected surface to 'orig.premesh'
7.3.2
  7.3.2
before topology correction, eno=-48 (nv=118582, nf=237260, ne=355890, g=25)
using quasi-homeomorphic spherical map to tessellate cortical surface...

Correction of the Topology
Finding true center and radius of Spherical Surface...done
Surface centered at (0,0,0) with radius 100.0 in 9 iterations
marking ambiguous vertices...
6851 ambiguous faces found in tessellation
segmenting defects...
27 defects found, arbitrating ambiguous regions...
analyzing neighboring defects...
      -merging segment 11 into 10
      -merging segment 12 into 10
25 defects to be corrected 
0 vertices coincident
reading input surface /out/sourcedata/freesurfer/sub-v2s9x29161_ses-1/surf/rh.qsphere.nofix...
reading brain volume from brain...
reading wm segmentation from wm...
Reading original properties of orig.nofix
Reading vertex positions of inflated.nofix
Computing Initial Surface Statistics
      -face       loglikelihood: -9.4791  (-4.7395)
      -vertex     loglikelihood: -6.5640  (-3.2820)
      -normal dot loglikelihood: -3.6616  (-3.6616)
      -quad curv  loglikelihood: -5.9162  (-2.9581)
      Total Loglikelihood : -25.6209
CORRECTING DEFECT 0 (vertices=82, convex hull=96, v0=9306)
After retessellation of defect 0 (v0=9306), euler #=-23 (114693,343109,228393) : difference with theory (-22) = 1 
CORRECTING DEFECT 1 (vertices=36, convex hull=60, v0=11100)
After retessellation of defect 1 (v0=11100), euler #=-22 (114705,343163,228436) : difference with theory (-21) = 1 
CORRECTING DEFECT 2 (vertices=195, convex hull=124, v0=11536)
After retessellation of defect 2 (v0=11536), euler #=-21 (114747,343345,228577) : difference with theory (-20) = 1 
CORRECTING DEFECT 3 (vertices=229, convex hull=208, v0=12462)
After retessellation of defect 3 (v0=12462), euler #=-20 (114774,343522,228728) : difference with theory (-19) = 1 
CORRECTING DEFECT 4 (vertices=83, convex hull=44, v0=13224)
After retessellation of defect 4 (v0=13224), euler #=-19 (114783,343567,228765) : difference with theory (-18) = 1 
CORRECTING DEFECT 5 (vertices=6, convex hull=16, v0=15732)
After retessellation of defect 5 (v0=15732), euler #=-18 (114783,343573,228772) : difference with theory (-17) = 1 
CORRECTING DEFECT 6 (vertices=23, convex hull=53, v0=25235)
After retessellation of defect 6 (v0=25235), euler #=-17 (114796,343632,228819) : difference with theory (-16) = 1 
CORRECTING DEFECT 7 (vertices=363, convex hull=156, v0=27322)
After retessellation of defect 7 (v0=27322), euler #=-16 (114847,343854,228991) : difference with theory (-15) = 1 
CORRECTING DEFECT 8 (vertices=6, convex hull=24, v0=31243)
After retessellation of defect 8 (v0=31243), euler #=-15 (114848,343863,229000) : difference with theory (-14) = 1 
CORRECTING DEFECT 9 (vertices=678, convex hull=223, v0=36074)
After retessellation of defect 9 (v0=36074), euler #=-14 (114938,344246,229294) : difference with theory (-13) = 1 
CORRECTING DEFECT 10 (vertices=324, convex hull=356, v0=56882)
After retessellation of defect 10 (v0=56882), euler #=-11 (115113,344953,229829) : difference with theory (-12) = -1 
CORRECTING DEFECT 11 (vertices=141, convex hull=136, v0=68622)
After retessellation of defect 11 (v0=68622), euler #=-11 (115185,345236,230040) : difference with theory (-11) = 0 
CORRECTING DEFECT 12 (vertices=7, convex hull=22, v0=71058)
After retessellation of defect 12 (v0=71058), euler #=-10 (115186,345246,230050) : difference with theory (-10) = 0 
CORRECTING DEFECT 13 (vertices=132, convex hull=54, v0=74128)
After retessellation of defect 13 (v0=74128), euler #=-9 (115200,345309,230100) : difference with theory (-9) = 0 
CORRECTING DEFECT 14 (vertices=41, convex hull=60, v0=75097)
After retessellation of defect 14 (v0=75097), euler #=-8 (115214,345372,230150) : difference with theory (-8) = 0 
CORRECTING DEFECT 15 (vertices=45, convex hull=58, v0=76725)
After retessellation of defect 15 (v0=76725), euler #=-7 (115223,345422,230192) : difference with theory (-7) = 0 
CORRECTING DEFECT 16 (vertices=50, convex hull=60, v0=82789)
After retessellation of defect 16 (v0=82789), euler #=-6 (115249,345522,230267) : difference with theory (-6) = 0 
CORRECTING DEFECT 17 (vertices=46, convex hull=36, v0=82902)
After retessellation of defect 17 (v0=82902), euler #=-5 (115258,345562,230299) : difference with theory (-5) = 0 
CORRECTING DEFECT 18 (vertices=19, convex hull=51, v0=84512)
After retessellation of defect 18 (v0=84512), euler #=-4 (115270,345613,230339) : difference with theory (-4) = 0 
CORRECTING DEFECT 19 (vertices=6, convex hull=23, v0=85700)
After retessellation of defect 19 (v0=85700), euler #=-3 (115271,345623,230349) : difference with theory (-3) = 0 
CORRECTING DEFECT 20 (vertices=26, convex hull=46, v0=88219)
After retessellation of defect 20 (v0=88219), euler #=-2 (115280,345666,230384) : difference with theory (-2) = 0 
CORRECTING DEFECT 21 (vertices=76, convex hull=71, v0=91569)
After retessellation of defect 21 (v0=91569), euler #=-1 (115311,345790,230478) : difference with theory (-1) = 0 
CORRECTING DEFECT 22 (vertices=1194, convex hull=190, v0=96845)
After retessellation of defect 22 (v0=96845), euler #=0 (115363,346053,230690) : difference with theory (0) = 0 
CORRECTING DEFECT 23 (vertices=100, convex hull=54, v0=106102)
After retessellation of defect 23 (v0=106102), euler #=1 (115378,346121,230744) : difference with theory (1) = 0 
CORRECTING DEFECT 24 (vertices=21, convex hull=23, v0=118251)
After retessellation of defect 24 (v0=118251), euler #=2 (115381,346137,230758) : difference with theory (2) = 0 
computing original vertex metric properties...
storing new metric properties...
computing tessellation statistics...
vertex spacing 0.89 +- 0.23 (0.05-->15.18) (max @ vno 52528 --> 58590)
face area -nan +- -nan (1000.00-->-1.00)
performing soap bubble on retessellated vertices for 0 iterations...
vertex spacing 0.89 +- 0.23 (0.05-->15.18) (max @ vno 52528 --> 58590)
face area -nan +- -nan (1000.00-->-1.00)
tessellation finished, orienting corrected surface...
92 mutations (34.5%), 175 crossovers (65.5%), 310 vertices were eliminated
building final representation...
3201 vertices and 0 faces have been removed from triangulation
after topology correction, eno=2 (nv=115381, nf=230758, ne=346137, g=0)
writing corrected surface to /out/sourcedata/freesurfer/sub-v2s9x29161_ses-1/surf/rh.orig.premesh...

0.000 % of the vertices (0 vertices) exhibit an orientation change
removing intersecting faces
000: 231 intersecting
001: 9 intersecting
terminating search with 0 intersecting
topology fixing took 1.9 minutes
FSRUNTIME@ mris_fix_topology rh  0.0312 hours 16 threads
#VMPC# mris_fix_topology VmPeak  1834268

 mris_euler_number ../surf/rh.orig.premesh 

euler # = v-e+f = 2g-2: 115381 - 346137 + 230758 = 2 --> 0 holes
      F =2V-4:          230758 = 230762-4 (0)
      2E=3F:            692274 = 692274 (0)

total defect index = 0
Sat Mar 14 12:16:31 CET 2026

setenv SUBJECTS_DIR /out/sourcedata/freesurfer
cd /out/sourcedata/freesurfer/sub-v2s9x29161_ses-1/scripts
/opt/freesurfer/bin/defect2seg --s sub-v2s9x29161_ses-1 --rh-only --cortex

freesurfer-linux-ubuntu22_x86_64-7.3.2-20220804-6354275
defect2seg 7.3.2
Linux dna074 5.14.0-427.37.1.el9_4.x86_64 #1 SMP PREEMPT_DYNAMIC Fri Sep 13 12:41:50 EDT 2024 x86_64 x86_64 x86_64 GNU/Linux
pid 339638
mri_label2label --label-cortex /out/sourcedata/freesurfer/sub-v2s9x29161_ses-1/surf/rh.orig.nofix /out/sourcedata/freesurfer/sub-v2s9x29161_ses-1/mri/aseg.presurf.mgz 0 /out/sourcedata/freesurfer/sub-v2s9x29161_ses-1/label/rh.nofix.cortex.label

 Generating cortex label... RemoveHipAmgy=0
 NucAccIsMedialWall=0
 mris->useRealRAS=0
16 non-cortical segments detected
only using segment with 6840 vertices
erasing segment 0 (vno[0] = 30299)
erasing segment 1 (vno[0] = 31184)
erasing segment 3 (vno[0] = 46147)
erasing segment 4 (vno[0] = 48353)
erasing segment 5 (vno[0] = 54729)
erasing segment 6 (vno[0] = 60096)
erasing segment 7 (vno[0] = 73206)
erasing segment 8 (vno[0] = 76146)
erasing segment 9 (vno[0] = 77936)
erasing segment 10 (vno[0] = 84737)
erasing segment 11 (vno[0] = 85620)
erasing segment 12 (vno[0] = 86482)
erasing segment 13 (vno[0] = 91755)
erasing segment 14 (vno[0] = 91764)
erasing segment 15 (vno[0] = 91869)
mri_label2vol --defects /out/sourcedata/freesurfer/sub-v2s9x29161_ses-1/surf/rh.orig.nofix /out/sourcedata/freesurfer/sub-v2s9x29161_ses-1/surf/rh.defect_labels /out/sourcedata/freesurfer/sub-v2s9x29161_ses-1/mri/orig.mgz 2000 0 /out/sourcedata/freesurfer/sub-v2s9x29161_ses-1/mri/rh.surface.defects.mgz /out/sourcedata/freesurfer/sub-v2s9x29161_ses-1/label/rh.nofix.cortex.label
mri_label2vol supposed to be reproducible but seed not set
Contraining to label /out/sourcedata/freesurfer/sub-v2s9x29161_ses-1/label/rh.nofix.cortex.label
Changing input type 0 to MRI_INT
Converting defects to volume: offset=2000, merge=0
Writing to /out/sourcedata/freesurfer/sub-v2s9x29161_ses-1/mri/rh.surface.defects.mgz
mris_defects_pointset -s /out/sourcedata/freesurfer/sub-v2s9x29161_ses-1/surf/rh.orig.nofix -d /out/sourcedata/freesurfer/sub-v2s9x29161_ses-1/surf/rh.defect_labels -o /out/sourcedata/freesurfer/sub-v2s9x29161_ses-1/surf/rh.defects.pointset --label /out/sourcedata/freesurfer/sub-v2s9x29161_ses-1/label/rh.nofix.cortex.label
Reading in surface /out/sourcedata/freesurfer/sub-v2s9x29161_ses-1/surf/rh.orig.nofix
Reading in defect segmentation /out/sourcedata/freesurfer/sub-v2s9x29161_ses-1/surf/rh.defect_labels
Reading in label /out/sourcedata/freesurfer/sub-v2s9x29161_ses-1/label/rh.nofix.cortex.label
#VMPC# mris_defects_pointset 1286484
mris_defects_pointset done
 
Started at Sat Mar 14 12:16:31 CET 2026 
Ended   at Sat Mar 14 12:16:40 CET 2026
Defect2seg-Run-Time-Sec 9
Defect2seg-Run-Time-Min 0.18
Defect2seg-Run-Time-Hours 0.00
 
tkmeditfv sub-v2s9x29161_ses-1 brain.finalsurfs.mgz -defect
defect2seg Done

 mris_remesh --remesh --iters 3 --input /out/sourcedata/freesurfer/sub-v2s9x29161_ses-1/surf/rh.orig.premesh --output /out/sourcedata/freesurfer/sub-v2s9x29161_ses-1/surf/rh.orig 

iters = 3
standard remeshing without target
   adjusted l: 0.710591
remeshing to edge length 0.710591 with 3 iterations

avg qual before   : 0.889756  after: 0.970797

Removing intersections
removing intersecting faces
000: 9 intersecting
001: 2 intersecting
step 1 with no progress (num=3, old_num=2)
002: 3 intersecting
step 2 with no progress (num=4, old_num=3)
003: 4 intersecting
step 3 with no progress (num=4, old_num=4)
004: 4 intersecting
step 4 with no progress (num=4, old_num=4)
005: 4 intersecting
step 5 with no progress (num=4, old_num=4)
006: 4 intersecting
step 6 with no progress (num=4, old_num=4)
007: 4 intersecting
step 7 with no progress (num=4, old_num=4)
008: 4 intersecting
step 8 with no progress (num=4, old_num=4)
009: 4 intersecting
step 9 with no progress (num=4, old_num=4)
010: 4 intersecting
step 10 with no progress (num=4, old_num=4)
011: 4 intersecting
step 11 with no progress (num=4, old_num=4)
012: 4 intersecting
step 12 with no progress (num=4, old_num=4)
013: 4 intersecting
step 13 with no progress (num=4, old_num=4)
014: 4 intersecting
step 14 with no progress (num=4, old_num=4)
015: 4 intersecting
step 15 with no progress (num=4, old_num=4)
016: 4 intersecting
step 16 with no progress (num=4, old_num=4)
terminating search with 2 intersecting
Remeshed surface quality stats nv0 = 115381  nv = 120244  1.04215
Area    240484  0.30180  0.03397 0.000938   0.5274
Corner  721452 60.00000  8.89440 0.189173 179.1987
Edge    360726  0.84290  0.08286 0.007853   1.2873
Hinge   360726  9.57538 10.63657 0.000004 179.0270
mris_remesh done
/out/sourcedata/freesurfer/sub-v2s9x29161_ses-1/scripts

 mris_remove_intersection ../surf/rh.orig ../surf/rh.orig 

intersection removal took 0.01 hours
removing intersecting faces
000: 2 intersecting
step 1 with no progress (num=3, old_num=2)
001: 3 intersecting
step 2 with no progress (num=4, old_num=3)
002: 4 intersecting
step 3 with no progress (num=4, old_num=4)
003: 4 intersecting
step 4 with no progress (num=4, old_num=4)
004: 4 intersecting
step 5 with no progress (num=4, old_num=4)
005: 4 intersecting
step 6 with no progress (num=4, old_num=4)
006: 4 intersecting
step 7 with no progress (num=4, old_num=4)
007: 4 intersecting
step 8 with no progress (num=4, old_num=4)
008: 4 intersecting
step 9 with no progress (num=4, old_num=4)
009: 4 intersecting
step 10 with no progress (num=4, old_num=4)
010: 4 intersecting
step 11 with no progress (num=4, old_num=4)
011: 4 intersecting
step 12 with no progress (num=4, old_num=4)
012: 4 intersecting
step 13 with no progress (num=4, old_num=4)
013: 4 intersecting
step 14 with no progress (num=4, old_num=4)
014: 4 intersecting
step 15 with no progress (num=4, old_num=4)
015: 4 intersecting
step 16 with no progress (num=4, old_num=4)
terminating search with 2 intersecting
writing corrected surface to ../surf/rh.orig

 rm -f ../surf/rh.inflated 

#--------------------------------------------
#@# AutoDetGWStats rh Sat Mar 14 12:17:38 CET 2026
cd /out/sourcedata/freesurfer/sub-v2s9x29161_ses-1/mri
mris_autodet_gwstats --o ../surf/autodet.gw.stats.rh.dat --i brain.finalsurfs.mgz --wm wm.mgz --surf ../surf/rh.orig.premesh
7.3.2

cd /out/sourcedata/freesurfer/sub-v2s9x29161_ses-1/mri
setenv SUBJECTS_DIR /out/sourcedata/freesurfer
mris_autodet_gwstats --o ../surf/autodet.gw.stats.rh.dat --i brain.finalsurfs.mgz --wm wm.mgz --surf ../surf/rh.orig.premesh 

border white:    206143 voxels (1.23%)
border gray      255387 voxels (1.52%)
Reading in intensity volume brain.finalsurfs.mgz
Reading in wm volume wm.mgz
Reading in surf ../surf/rh.orig.premesh
Auto detecting stats
MRIclipBrightWM(): nthresh=15818, wmmin=5, clip=110 
Binarizing thresholding at 5
computing class statistics... low=30, hi=110.000000
CCS WM (97.0): 96.8 +- 9.4 [70.0 --> 110.0]
CCS GM (66.0) : 66.8 +- 10.4 [30.0 --> 110.0]
white_mean = 96.8158 +/- 9.38428, gray_mean = 66.802 +/- 10.3701
using class modes intead of means, discounting robust sigmas....
MRIScomputeClassModes(): min=0 max=196 nbins=197
intensity peaks found at WM=103+-8.7,    GM=61+-6.1
white_mode = 103, gray_mode = 61
std_scale = 1
Applying sanity checks, max_scale_down = 0.2
setting MIN_GRAY_AT_WHITE_BORDER to 50.6 (was 70.000000)
setting MAX_BORDER_WHITE to 112.4 (was 105.000000)
setting MIN_BORDER_WHITE to 61.0 (was 85.000000)
setting MAX_CSF to 40.3 (was 40.000000)
setting MAX_GRAY to 93.6 (was 95.000000)
setting MAX_GRAY_AT_CSF_BORDER to 50.6 (was 75.000000)
setting MIN_GRAY_AT_CSF_BORDER to 29.9 (was 40.000000)
When placing the white surface
  white_border_hi   = 112.384;
  white_border_low  = 61;
  white_outside_low = 50.6299;
  white_inside_hi   = 120;
  white_outside_hi  = 112.384;
When placing the pial surface
  pial_border_hi   = 50.6299;
  pial_border_low  = 29.8896;
  pial_outside_low = 10;
  pial_inside_hi   = 93.6157;
  pial_outside_hi  = 45.4448;
#VMPC# mris_autodet_gwstats VmPeak  1317356
mris_autodet_gwstats done
#--------------------------------------------
#@# WhitePreAparc rh Sat Mar 14 12:17:40 CET 2026
cd /out/sourcedata/freesurfer/sub-v2s9x29161_ses-1/mri
mris_place_surface --adgws-in ../surf/autodet.gw.stats.rh.dat --wm wm.mgz --threads 16 --invol brain.finalsurfs.mgz --rh --i ../surf/rh.orig --o ../surf/rh.white.preaparc --white --seg aseg.presurf.mgz --nsmooth 5
7.3.2
7.3.2

cd /out/sourcedata/freesurfer/sub-v2s9x29161_ses-1/mri
setenv SUBJECTS_DIR /out/sourcedata/freesurfer
mris_place_surface --adgws-in ../surf/autodet.gw.stats.rh.dat --wm wm.mgz --threads 16 --invol brain.finalsurfs.mgz --rh --i ../surf/rh.orig --o ../surf/rh.white.preaparc --white --seg aseg.presurf.mgz --nsmooth 5 

Reading in input surface ../surf/rh.orig
Smoothing surface before ripping with 5 iterations
removing intersecting faces
000: 39 intersecting
step 1 with no progress (num=44, old_num=39)
001: 44 intersecting
002: 26 intersecting
003: 24 intersecting
step 1 with no progress (num=27, old_num=24)
004: 27 intersecting
step 2 with no progress (num=44, old_num=27)
005: 44 intersecting
006: 26 intersecting
step 1 with no progress (num=42, old_num=26)
007: 42 intersecting
008: 18 intersecting
step 1 with no progress (num=25, old_num=18)
009: 25 intersecting
010: 17 intersecting
step 1 with no progress (num=26, old_num=17)
011: 26 intersecting
012: 25 intersecting
013: 23 intersecting
step 1 with no progress (num=25, old_num=23)
014: 25 intersecting
step 2 with no progress (num=25, old_num=25)
015: 25 intersecting
016: 22 intersecting
017: 20 intersecting
step 1 with no progress (num=20, old_num=20)
018: 20 intersecting
step 2 with no progress (num=20, old_num=20)
019: 20 intersecting
step 3 with no progress (num=20, old_num=20)
020: 20 intersecting
step 4 with no progress (num=20, old_num=20)
021: 20 intersecting
step 5 with no progress (num=20, old_num=20)
022: 20 intersecting
step 6 with no progress (num=20, old_num=20)
023: 20 intersecting
step 7 with no progress (num=20, old_num=20)
024: 20 intersecting
step 8 with no progress (num=20, old_num=20)
025: 20 intersecting
step 9 with no progress (num=20, old_num=20)
026: 20 intersecting
step 10 with no progress (num=20, old_num=20)
027: 20 intersecting
step 11 with no progress (num=20, old_num=20)
028: 20 intersecting
step 12 with no progress (num=20, old_num=20)
029: 20 intersecting
step 13 with no progress (num=20, old_num=20)
030: 20 intersecting
step 14 with no progress (num=20, old_num=20)
031: 20 intersecting
step 15 with no progress (num=20, old_num=20)
032: 20 intersecting
step 16 with no progress (num=20, old_num=20)
terminating search with 17 intersecting
Area    240484  0.26591  0.06500 0.000000   0.6327
Corner  721452 60.00000  9.93744 0.000259 179.9982
Edge    360726  0.78744  0.11820 0.000007   1.3877
Hinge   360726  6.43781  6.93502 0.000018 179.0062
Not reading in aparc
Reading in input volume brain.finalsurfs.mgz
Reading in wm volume wm.mgz
MRIclipBrightWM(): nthresh=15818, wmmin=5, clip=110 
MRIfindBrightNonWM(): 2205 bright non-wm voxels segmented.
Masking bright non-wm for white surface
MRImask(): AllowDiffGeom = 1
MRImask(): AllowDiffGeom = 1
Reading in seg volume aseg.presurf.mgz
Ripping frozen voxels
INFO: rip surface needed but not specified, so using input surface
Freezing midline and others
Entering: MRISripMidline(): inhibiting deformation at non-cortical midline structures...
  which=1, fix_mtl=0, using annot = 0
#FML0# MRISripMidline(): nripped=0
removing 3 vertices from ripped group in thread:0
removing 3 vertices from ripped group in thread:0
removing 2 vertices from ripped group in thread:0
removing 3 vertices from ripped group in thread:0
removing 4 vertices from ripped group in thread:0
removing 3 vertices from ripped group in thread:0
#FML# MRISripMidline(): nmarked=6612, nmarked2=53, nripped=6612
Ripping segs (eg, WMSA, BG, frozen)
Starting MRISripSegs() d = (-2 2 0.5) segnos: 247 
MRISripSegs(): -2 2 0.5 ripped 0
vertex 60122: xyz = (55.8731,-9.4665,-1.12163) oxyz = (55.8731,-9.4665,-1.12163) wxzy = (55.8731,-9.4665,-1.12163) pxyz = (0,0,0) 
CBVO Creating mask 120244
n_averages 4
Iteration 0 =========================================
n_averages=4, current_sigma=2
Freezing midline and others
Ripping frozen voxels
INFO: rip surface needed but not specified, so using input surface
Freezing midline and others
Entering: MRISripMidline(): inhibiting deformation at non-cortical midline structures...
  which=1, fix_mtl=0, using annot = 0
#FML0# MRISripMidline(): nripped=6612
removing 3 vertices from ripped group in thread:0
removing 3 vertices from ripped group in thread:0
removing 2 vertices from ripped group in thread:0
removing 3 vertices from ripped group in thread:0
removing 4 vertices from ripped group in thread:0
removing 3 vertices from ripped group in thread:0
#FML# MRISripMidline(): nmarked=6612, nmarked2=53, nripped=6612
Ripping segs (eg, WMSA, BG, frozen)
Starting MRISripSegs() d = (-2 2 0.5) segnos: 247 247 
MRISripSegs(): -2 2 0.5 ripped 0
Computing target border values 
Entering MRIScomputeBorderValues_new(): 
  inside_hi   = 120.0000000;
  border_hi   = 112.3842770;
  border_low  =  61.0000000;
  outside_low =  50.6298750;
  outside_hi  = 112.3842770;
  sigma = 2;
  max_thickness = 10;
  step_size=0.5;
  STEP_SIZE=0.1;
  which = 1
  thresh = 0
  flags = 0
  CBVfindFirstPeakD1=0
  CBVfindFirstPeakD2=0
  nvertices=120244
  Gdiag_no=-1
  vno start=0, stop=120244
Replacing 255s with 0s
#SI# sigma=2 had to be increased for 94 vertices, nripped=6612
mean border=76.2, 61 (61) missing vertices, mean dist 0.3 [0.4 (%37.7)->0.7 (%62.3))]
%86 local maxima, % 8 large gradients and % 0 min vals, 0 gradients ignored
nFirstPeakD1 0
MRIScomputeBorderValues_new() finished in 0.0114 min


Finding expansion regions
mean absolute distance = 0.61 +- 0.71
4249 vertices more than 2 sigmas from mean.
Averaging target values for 5 iterations...
Positioning Surface: tspring = 0.3, nspring = 0.3, spring = 0, niters = 100 l_repulse = 5, l_surf_repulse = 0, checktol = 0
Positioning pial surface
Entering MRISpositionSurface()
  max_mm = 0.3
  MAX_REDUCTIONS = 2, REDUCTION_PCT = 0.5
  parms->check_tol = 0, niterations = 100
tol=1.0e-04, sigma=2.0, host=dna07, nav=4, nbrs=2, l_repulse=5.000, l_tspring=0.300, l_nspring=0.300, l_intensity=0.200, l_curv=1.000
mom=0.00, dt=0.50
complete_dist_mat 0
rms 0
smooth_averages 0
remove_neg 0
ico_order 0
which_surface 0
target_radius 0.000000
nfields 0
scale 0.000000
desired_rms_height 0.000000
momentum 0.000000
nbhd_size 0
max_nbrs 0
niterations 100
nsurfaces 0
SURFACES 3
flags 0 (0)
use curv 0
no sulc 0
no rigid align 0
mris->nsize 2
mris->hemisphere 1
randomSeed 0

000: dt: 0.0000, sse=3141145.8, rms=11.387
001: dt: 0.5000, sse=1672178.2, rms=8.084 (29.005%)
002: dt: 0.5000, sse=1092226.4, rms=6.386 (21.003%)
003: dt: 0.5000, sse=866054.2, rms=5.388 (15.627%)
004: dt: 0.5000, sse=702362.9, rms=4.762 (11.629%)
005: dt: 0.5000, sse=609068.7, rms=4.354 (8.569%)
006: dt: 0.5000, sse=563531.4, rms=4.114 (5.504%)
007: dt: 0.5000, sse=550937.7, rms=3.976 (3.363%)
008: dt: 0.5000, sse=548018.8, rms=3.880 (2.412%)
rms = 3.8401/3.8797, sse=541989.7/548018.8, time step reduction 1 of 3 to 0.250  0 0 1
009: dt: 0.5000, sse=541989.8, rms=3.840 (1.022%)
010: dt: 0.2500, sse=319028.2, rms=2.219 (42.226%)
011: dt: 0.2500, sse=284417.7, rms=1.821 (17.934%)
012: dt: 0.2500, sse=273776.1, rms=1.688 (7.299%)
013: dt: 0.2500, sse=269026.4, rms=1.602 (5.073%)
rms = 1.5577/1.6022, sse=266101.9/269026.4, time step reduction 2 of 3 to 0.125  0 0 1
014: dt: 0.2500, sse=266101.9, rms=1.558 (2.775%)
015: dt: 0.1250, sse=258816.6, rms=1.447 (7.100%)
rms = 1.4250/1.4471, sse=243455.3/258816.6, time step reduction 3 of 3 to 0.062  0 0 1
016: dt: 0.1250, sse=243455.3, rms=1.425 (1.529%)
  maximum number of reductions reached, breaking from loop
positioning took 1.2 minutes
Iteration 1 =========================================
n_averages=2, current_sigma=1
Freezing midline and others
Ripping frozen voxels
INFO: rip surface needed but not specified, so using input surface
Freezing midline and others
Entering: MRISripMidline(): inhibiting deformation at non-cortical midline structures...
  which=1, fix_mtl=0, using annot = 0
#FML0# MRISripMidline(): nripped=6612
removing 3 vertices from ripped group in thread:0
removing 2 vertices from ripped group in thread:0
removing 3 vertices from ripped group in thread:0
removing 3 vertices from ripped group in thread:0
removing 3 vertices from ripped group in thread:0
#FML# MRISripMidline(): nmarked=6801, nmarked2=53, nripped=6801
Ripping segs (eg, WMSA, BG, frozen)
Starting MRISripSegs() d = (-2 2 0.5) segnos: 247 247 247 
MRISripSegs(): -2 2 0.5 ripped 0
Computing target border values 
Entering MRIScomputeBorderValues_new(): 
  inside_hi   = 120.0000000;
  border_hi   = 112.3842770;
  border_low  =  61.0000000;
  outside_low =  50.6298750;
  outside_hi  = 112.3842770;
  sigma = 1;
  max_thickness = 10;
  step_size=0.5;
  STEP_SIZE=0.1;
  which = 1
  thresh = 0
  flags = 0
  CBVfindFirstPeakD1=0
  CBVfindFirstPeakD2=0
  nvertices=120244
  Gdiag_no=-1
  vno start=0, stop=120244
Replacing 255s with 0s
#SI# sigma=1 had to be increased for 53 vertices, nripped=6801
mean border=79.0, 85 (23) missing vertices, mean dist -0.1 [0.3 (%75.0)->0.3 (%25.0))]
%90 local maxima, % 4 large gradients and % 0 min vals, 0 gradients ignored
nFirstPeakD1 0
MRIScomputeBorderValues_new() finished in 0.0074 min


Finding expansion regions
mean absolute distance = 0.26 +- 0.43
2372 vertices more than 2 sigmas from mean.
Averaging target values for 5 iterations...
Positioning Surface: tspring = 0.3, nspring = 0.3, spring = 0, niters = 100 l_repulse = 5, l_surf_repulse = 0, checktol = 0
Positioning pial surface
Entering MRISpositionSurface()
  max_mm = 0.3
  MAX_REDUCTIONS = 2, REDUCTION_PCT = 0.5
  parms->check_tol = 0, niterations = 100
tol=1.0e-04, sigma=1.0, host=dna07, nav=2, nbrs=2, l_repulse=5.000, l_tspring=0.300, l_nspring=0.300, l_intensity=0.200, l_curv=1.000
mom=0.00, dt=0.50
000: dt: 0.0000, sse=720449.4, rms=4.595
017: dt: 0.5000, sse=437032.7, rms=3.026 (34.146%)
rms = 3.5140/3.0263, sse=520209.7/437032.7, time step reduction 1 of 3 to 0.250  0 1 1
   RMS increased, rejecting step
018: dt: 0.2500, sse=335092.2, rms=2.056 (32.066%)
019: dt: 0.2500, sse=299975.3, rms=1.604 (21.992%)
020: dt: 0.2500, sse=287280.0, rms=1.420 (11.461%)
021: dt: 0.2500, sse=282775.7, rms=1.355 (4.581%)
rms = 1.3095/1.3549, sse=285796.8/282775.7, time step reduction 2 of 3 to 0.125  0 1 1
022: dt: 0.2500, sse=285796.8, rms=1.309 (3.353%)
023: dt: 0.1250, sse=276232.1, rms=1.231 (5.968%)
rms = 1.2161/1.2313, sse=275136.7/276232.1, time step reduction 3 of 3 to 0.062  0 0 1
024: dt: 0.1250, sse=275136.7, rms=1.216 (1.236%)
  maximum number of reductions reached, breaking from loop
positioning took 0.6 minutes
Iteration 2 =========================================
n_averages=1, current_sigma=0.5
Freezing midline and others
Ripping frozen voxels
INFO: rip surface needed but not specified, so using input surface
Freezing midline and others
Entering: MRISripMidline(): inhibiting deformation at non-cortical midline structures...
  which=1, fix_mtl=0, using annot = 0
#FML0# MRISripMidline(): nripped=6801
removing 2 vertices from ripped group in thread:0
removing 3 vertices from ripped group in thread:0
removing 2 vertices from ripped group in thread:0
removing 4 vertices from ripped group in thread:0
removing 3 vertices from ripped group in thread:0
removing 4 vertices from ripped group in thread:0
removing 2 vertices from ripped group in thread:0
#FML# MRISripMidline(): nmarked=6851, nmarked2=54, nripped=6851
Ripping segs (eg, WMSA, BG, frozen)
Starting MRISripSegs() d = (-2 2 0.5) segnos: 247 247 247 247 
MRISripSegs(): -2 2 0.5 ripped 0
Computing target border values 
Entering MRIScomputeBorderValues_new(): 
  inside_hi   = 120.0000000;
  border_hi   = 112.3842770;
  border_low  =  61.0000000;
  outside_low =  50.6298750;
  outside_hi  = 112.3842770;
  sigma = 0.5;
  max_thickness = 10;
  step_size=0.5;
  STEP_SIZE=0.1;
  which = 1
  thresh = 0
  flags = 0
  CBVfindFirstPeakD1=0
  CBVfindFirstPeakD2=0
  nvertices=120244
  Gdiag_no=-1
  vno start=0, stop=120244
Replacing 255s with 0s
#SI# sigma=0.5 had to be increased for 58 vertices, nripped=6851
mean border=80.6, 98 (21) missing vertices, mean dist -0.1 [0.2 (%67.2)->0.2 (%32.8))]
%91 local maxima, % 3 large gradients and % 0 min vals, 0 gradients ignored
nFirstPeakD1 0
MRIScomputeBorderValues_new() finished in 0.0041 min


Finding expansion regions
mean absolute distance = 0.20 +- 0.35
2485 vertices more than 2 sigmas from mean.
Averaging target values for 5 iterations...
Positioning Surface: tspring = 0.3, nspring = 0.3, spring = 0, niters = 100 l_repulse = 5, l_surf_repulse = 0, checktol = 0
Positioning pial surface
Entering MRISpositionSurface()
  max_mm = 0.3
  MAX_REDUCTIONS = 2, REDUCTION_PCT = 0.5
  parms->check_tol = 0, niterations = 100
tol=1.0e-04, sigma=0.5, host=dna07, nav=1, nbrs=2, l_repulse=5.000, l_tspring=0.300, l_nspring=0.300, l_intensity=0.200, l_curv=1.000
mom=0.00, dt=0.50
000: dt: 0.0000, sse=390366.0, rms=2.560
rms = 2.8922/2.5599, sse=429204.1/390366.0, time step reduction 1 of 3 to 0.250  0 1 1
   RMS increased, rejecting step
025: dt: 0.2500, sse=306718.7, rms=1.708 (33.273%)
026: dt: 0.2500, sse=276335.2, rms=1.224 (28.332%)
027: dt: 0.2500, sse=273077.1, rms=1.149 (6.134%)
rms = 1.1225/1.1491, sse=274439.5/273077.1, time step reduction 2 of 3 to 0.125  0 1 1
028: dt: 0.2500, sse=274439.5, rms=1.122 (2.317%)
rms = 1.0740/1.1225, sse=269860.6/274439.5, time step reduction 3 of 3 to 0.062  0 0 1
029: dt: 0.1250, sse=269860.7, rms=1.074 (4.317%)
  maximum number of reductions reached, breaking from loop
positioning took 0.4 minutes
Iteration 3 =========================================
n_averages=0, current_sigma=0.25
Freezing midline and others
Ripping frozen voxels
INFO: rip surface needed but not specified, so using input surface
Freezing midline and others
Entering: MRISripMidline(): inhibiting deformation at non-cortical midline structures...
  which=1, fix_mtl=0, using annot = 0
#FML0# MRISripMidline(): nripped=6851
removing 2 vertices from ripped group in thread:0
removing 2 vertices from ripped group in thread:0
removing 4 vertices from ripped group in thread:0
removing 3 vertices from ripped group in thread:0
removing 3 vertices from ripped group in thread:0
removing 4 vertices from ripped group in thread:0
removing 3 vertices from ripped group in thread:0
removing 3 vertices from ripped group in thread:0
#FML# MRISripMidline(): nmarked=6852, nmarked2=55, nripped=6852
Ripping segs (eg, WMSA, BG, frozen)
Starting MRISripSegs() d = (-2 2 0.5) segnos: 247 247 247 247 247 
MRISripSegs(): -2 2 0.5 ripped 0
Computing target border values 
Entering MRIScomputeBorderValues_new(): 
  inside_hi   = 120.0000000;
  border_hi   = 112.3842770;
  border_low  =  61.0000000;
  outside_low =  50.6298750;
  outside_hi  = 112.3842770;
  sigma = 0.25;
  max_thickness = 10;
  step_size=0.5;
  STEP_SIZE=0.1;
  which = 1
  thresh = 0
  flags = 0
  CBVfindFirstPeakD1=0
  CBVfindFirstPeakD2=0
  nvertices=120244
  Gdiag_no=-1
  vno start=0, stop=120244
Replacing 255s with 0s
#SI# sigma=0.25 had to be increased for 79 vertices, nripped=6852
mean border=81.1, 119 (21) missing vertices, mean dist -0.0 [0.2 (%54.5)->0.2 (%45.5))]
%92 local maxima, % 2 large gradients and % 0 min vals, 0 gradients ignored
nFirstPeakD1 0
MRIScomputeBorderValues_new() finished in 0.0027 min


Finding expansion regions
mean absolute distance = 0.19 +- 0.31
2733 vertices more than 2 sigmas from mean.
Averaging target values for 5 iterations...
Positioning Surface: tspring = 0.3, nspring = 0.3, spring = 0, niters = 100 l_repulse = 5, l_surf_repulse = 0, checktol = 0
Positioning pial surface
Entering MRISpositionSurface()
  max_mm = 0.3
  MAX_REDUCTIONS = 2, REDUCTION_PCT = 0.5
  parms->check_tol = 0, niterations = 100
tol=1.0e-04, sigma=0.2, host=dna07, nav=0, nbrs=2, l_repulse=5.000, l_tspring=0.300, l_nspring=0.300, l_intensity=0.200, l_curv=1.000
mom=0.00, dt=0.50
000: dt: 0.0000, sse=284372.5, rms=1.350
rms = 1.7344/1.3497, sse=316834.7/284372.5, time step reduction 1 of 3 to 0.250  0 1 1
   RMS increased, rejecting step
030: dt: 0.2500, sse=262744.2, rms=0.975 (27.732%)
031: dt: 0.2500, sse=260933.7, rms=0.841 (13.795%)
rms = 0.8477/0.8409, sse=256404.6/260933.7, time step reduction 2 of 3 to 0.125  0 0 1
   RMS increased, rejecting step
rms = 0.8358/0.8409, sse=256905.4/260933.7, time step reduction 3 of 3 to 0.062  0 0 1
032: dt: 0.1250, sse=256905.4, rms=0.836 (0.598%)
  maximum number of reductions reached, breaking from loop
positioning took 0.3 minutes
removing intersecting faces
000: 13 intersecting
step 1 with no progress (num=32, old_num=13)
001: 32 intersecting
002: 18 intersecting
step 1 with no progress (num=20, old_num=18)
003: 20 intersecting
004: 18 intersecting
step 1 with no progress (num=28, old_num=18)
005: 28 intersecting
006: 20 intersecting
007: 15 intersecting
step 1 with no progress (num=34, old_num=15)
008: 34 intersecting
009: 17 intersecting
step 1 with no progress (num=26, old_num=17)
010: 26 intersecting
011: 25 intersecting
012: 16 intersecting
step 1 with no progress (num=24, old_num=16)
013: 24 intersecting
step 2 with no progress (num=37, old_num=24)
014: 37 intersecting
015: 24 intersecting
016: 23 intersecting
step 1 with no progress (num=29, old_num=23)
017: 29 intersecting
018: 24 intersecting
019: 21 intersecting
step 1 with no progress (num=28, old_num=21)
020: 28 intersecting
021: 25 intersecting
022: 20 intersecting
step 1 with no progress (num=24, old_num=20)
023: 24 intersecting
step 2 with no progress (num=32, old_num=24)
024: 32 intersecting
025: 28 intersecting
026: 25 intersecting
step 1 with no progress (num=28, old_num=25)
027: 28 intersecting
step 2 with no progress (num=30, old_num=28)
028: 30 intersecting
029: 28 intersecting
step 1 with no progress (num=30, old_num=28)
030: 30 intersecting
step 2 with no progress (num=32, old_num=30)
031: 32 intersecting
step 3 with no progress (num=32, old_num=32)
032: 32 intersecting
step 4 with no progress (num=32, old_num=32)
033: 32 intersecting
step 5 with no progress (num=32, old_num=32)
034: 32 intersecting
step 6 with no progress (num=32, old_num=32)
035: 32 intersecting
step 7 with no progress (num=32, old_num=32)
036: 32 intersecting
step 8 with no progress (num=32, old_num=32)
037: 32 intersecting
step 9 with no progress (num=32, old_num=32)
038: 32 intersecting
step 10 with no progress (num=32, old_num=32)
039: 32 intersecting
step 11 with no progress (num=32, old_num=32)
040: 32 intersecting
step 12 with no progress (num=32, old_num=32)
041: 32 intersecting
step 13 with no progress (num=32, old_num=32)
042: 32 intersecting
step 14 with no progress (num=32, old_num=32)
043: 32 intersecting
step 15 with no progress (num=32, old_num=32)
044: 32 intersecting
step 16 with no progress (num=32, old_num=32)
terminating search with 13 intersecting


Writing output to ../surf/rh.white.preaparc
#ET# mris_place_surface  3.33 minutes
#VMPC# mris_place_surfaces VmPeak  3076728
mris_place_surface done
#--------------------------------------------
#@# CortexLabel rh Sat Mar 14 12:21:35 CET 2026
cd /out/sourcedata/freesurfer/sub-v2s9x29161_ses-1/mri
mri_label2label --label-cortex ../surf/rh.white.preaparc aseg.presurf.mgz 0 ../label/rh.cortex.label

 Generating cortex label... RemoveHipAmgy=0
 NucAccIsMedialWall=0
 mris->useRealRAS=0
8 non-cortical segments detected
only using segment with 7447 vertices
erasing segment 0 (vno[0] = 25249)
erasing segment 1 (vno[0] = 26870)
erasing segment 2 (vno[0] = 27643)
erasing segment 4 (vno[0] = 50214)
erasing segment 5 (vno[0] = 70625)
erasing segment 6 (vno[0] = 78132)
erasing segment 7 (vno[0] = 114601)
#--------------------------------------------
#@# CortexLabel+HipAmyg rh Sat Mar 14 12:21:42 CET 2026
cd /out/sourcedata/freesurfer/sub-v2s9x29161_ses-1/mri
mri_label2label --label-cortex ../surf/rh.white.preaparc aseg.presurf.mgz 1 ../label/rh.cortex+hipamyg.label

 Generating cortex label... RemoveHipAmgy=1
 NucAccIsMedialWall=0
 mris->useRealRAS=0
11 non-cortical segments detected
only using segment with 5446 vertices
erasing segment 0 (vno[0] = 25249)
erasing segment 1 (vno[0] = 26870)
erasing segment 2 (vno[0] = 27643)
erasing segment 4 (vno[0] = 41305)
erasing segment 5 (vno[0] = 47613)
erasing segment 6 (vno[0] = 66705)
erasing segment 7 (vno[0] = 70625)
erasing segment 8 (vno[0] = 72853)
erasing segment 9 (vno[0] = 78132)
erasing segment 10 (vno[0] = 114601)
#--------------------------------------------
#@# Smooth2 rh Sat Mar 14 12:21:49 CET 2026
/out/sourcedata/freesurfer/sub-v2s9x29161_ses-1/scripts

 mris_smooth -n 3 -nw -seed 1234 ../surf/rh.white.preaparc ../surf/rh.smoothwm 

smoothing for 3 iterations
setting seed for random number generator to 1234
smoothing surface tessellation for 3 iterations...
smoothing complete - recomputing first and second fundamental forms...
#--------------------------------------------
#@# Inflation2 rh Sat Mar 14 12:21:51 CET 2026
/out/sourcedata/freesurfer/sub-v2s9x29161_ses-1/scripts

 mris_inflate ../surf/rh.smoothwm ../surf/rh.inflated 

Reading ../surf/rh.smoothwm
avg radius = 43.5 mm, total surface area = 76482 mm^2
step 000: RMS=0.174 (target=0.015)   step 005: RMS=0.117 (target=0.015)   step 010: RMS=0.087 (target=0.015)   step 015: RMS=0.074 (target=0.015)   step 020: RMS=0.062 (target=0.015)   step 025: RMS=0.051 (target=0.015)   step 030: RMS=0.042 (target=0.015)   step 035: RMS=0.035 (target=0.015)   step 040: RMS=0.029 (target=0.015)   step 045: RMS=0.025 (target=0.015)   step 050: RMS=0.023 (target=0.015)   step 055: RMS=0.021 (target=0.015)   step 060: RMS=0.020 (target=0.015)   writing inflated surface to ../surf/rh.inflated
writing sulcal depths to ../surf/rh.sulc

inflation complete.
inflation took 0.2 minutes
mris_inflate utimesec    47.428296
mris_inflate stimesec    1.737831
mris_inflate ru_maxrss   185804
mris_inflate ru_ixrss    0
mris_inflate ru_idrss    0
mris_inflate ru_isrss    0
mris_inflate ru_minflt   453694
mris_inflate ru_majflt   13
mris_inflate ru_nswap    0
mris_inflate ru_inblock  0
mris_inflate ru_oublock  9408
mris_inflate ru_msgsnd   0
mris_inflate ru_msgrcv   0
mris_inflate ru_nsignals 0
mris_inflate ru_nvcsw    6780
mris_inflate ru_nivcsw   203
#--------------------------------------------
#@# Curv .H and .K rh Sat Mar 14 12:22:02 CET 2026
/out/sourcedata/freesurfer/sub-v2s9x29161_ses-1/surf

 mris_curvature -w -seed 1234 rh.white.preaparc 

setting seed for random number generator to 1234
total integrated curvature = 19.732*4pi (247.958) --> -19 handles
ICI = 130.1, FI = 1366.4, variation=21194.741
writing Gaussian curvature to ./rh.white.preaparc.K...done.
writing mean curvature to ./rh.white.preaparc.H...done.
rm -f rh.white.H
ln -s rh.white.preaparc.H rh.white.H
rm -f rh.white.K
ln -s rh.white.preaparc.K rh.white.K

 mris_curvature -seed 1234 -thresh .999 -n -a 5 -w -distances 10 10 rh.inflated 

setting seed for random number generator to 1234
normalizing curvature values.
averaging curvature patterns 5 times.
sampling 10 neighbors out to a distance of 10 mm
162 vertices thresholded to be in k1 ~ [-0.20 0.36], k2 ~ [-0.12 0.06]
total integrated curvature = 0.645*4pi (8.105) --> 0 handles
ICI = 1.5, FI = 8.4, variation=146.984
102 vertices thresholded to be in [-0.01 0.01]
writing Gaussian curvature to ./rh.inflated.K...thresholding curvature at 99.90% level
curvature mean = 0.000, std = 0.001
116 vertices thresholded to be in [-0.13 0.15]
done.
writing mean curvature to ./rh.inflated.H...curvature mean = -0.017, std = 0.022
done.
#--------------------------------------------
#@# Sphere rh Sat Mar 14 12:22:34 CET 2026
/out/sourcedata/freesurfer/sub-v2s9x29161_ses-1/scripts

 mris_sphere -seed 1234 ../surf/rh.inflated ../surf/rh.sphere 

setting seed for random number genererator to 1234
version: 7.3.2
available threads: 16
reading original vertex positions...
projecting onto sphere...
surface projected - minimizing metric distortion...
scaling brain by 0.311...
MRISunfold() max_passes = 1 -------
tol=5.0e-01, sigma=0.0, host=dna07, nav=1024, nbrs=2, l_area=1.000, l_dist=1.000
using quadratic fit line minimization
complete_dist_mat 0
rms 0
smooth_averages 0
remove_neg 0
ico_order 0
which_surface 0
target_radius 0.000000
nfields 0
scale 1.000000
desired_rms_height -1.000000
momentum 0.900000
nbhd_size 7
max_nbrs 8
niterations 25
nsurfaces 0
SURFACES 3
flags 0 (0)
use curv 0
no sulc 0
no rigid align 0
mris->nsize 2
mris->hemisphere 1
randomSeed 1234

singular matrix in quadratic form
singular matrix in quadratic form
singular matrix in quadratic form
--------------------
  mrisRemoveNegativeArea()
pass 1: epoch 1 of 3 starting distance error %19.53
pass 1: epoch 2 of 3 starting distance error %19.52
unfolding complete - removing small folds...
starting distance error %19.51
removing remaining folds...
final distance error %19.51
MRISunfold() return, current seed 1234
-01: dt=0.0000, 153 negative triangles  VmPeak 1569096
099: dt=0.9900, 153 negative triangles
100: dt=0.9900,  70 negative triangles
101: dt=0.9900,  57 negative triangles
102: dt=0.9900,  48 negative triangles
103: dt=0.9900,  44 negative triangles
104: dt=0.9900,  41 negative triangles
105: dt=0.9900,  41 negative triangles
106: dt=0.9900,  42 negative triangles
107: dt=0.9900,  41 negative triangles
108: dt=0.9900,  41 negative triangles
109: dt=0.9900,  41 negative triangles
110: dt=0.9900,  42 negative triangles
111: dt=0.9900,  40 negative triangles
112: dt=0.9900,  35 negative triangles
113: dt=0.9900,  37 negative triangles
114: dt=0.9900,  33 negative triangles
115: dt=0.9900,  35 negative triangles
116: dt=0.9900,  33 negative triangles
117: dt=0.9900,  35 negative triangles
118: dt=0.9900,  33 negative triangles
119: dt=0.9900,  34 negative triangles
120: dt=0.9900,  34 negative triangles
121: dt=0.9900,  32 negative triangles
122: dt=0.9900,  32 negative triangles
123: dt=0.9900,  31 negative triangles
124: dt=0.9900,  31 negative triangles
125: dt=0.9900,  31 negative triangles
126: dt=0.9900,  30 negative triangles
127: dt=0.9900,  31 negative triangles
128: dt=0.9900,  31 negative triangles
129: dt=0.9900,  32 negative triangles
130: dt=0.9900,  30 negative triangles
131: dt=0.9900,  30 negative triangles
132: dt=0.9900,  31 negative triangles
133: dt=0.9900,  30 negative triangles
134: dt=0.9900,  31 negative triangles
135: dt=0.9900,  30 negative triangles
136: dt=0.9405,  32 negative triangles
137: dt=0.9405,  30 negative triangles
138: dt=0.9405,  31 negative triangles
139: dt=0.9405,  30 negative triangles
140: dt=0.9405,  31 negative triangles
141: dt=0.9405,  31 negative triangles
142: dt=0.9405,  31 negative triangles
143: dt=0.9405,  29 negative triangles
144: dt=0.9405,  29 negative triangles
145: dt=0.9405,  30 negative triangles
146: dt=0.9405,  29 negative triangles
147: dt=0.9405,  30 negative triangles
148: dt=0.9405,  29 negative triangles
149: dt=0.9405,  30 negative triangles
150: dt=0.9405,  29 negative triangles
151: dt=0.9405,  30 negative triangles
152: dt=0.9405,  29 negative triangles
153: dt=0.8935,  31 negative triangles
154: dt=0.8935,  30 negative triangles
155: dt=0.8935,  30 negative triangles
156: dt=0.8935,  30 negative triangles
157: dt=0.8935,  30 negative triangles
158: dt=0.8935,  31 negative triangles
159: dt=0.8935,  29 negative triangles
160: dt=0.8935,  30 negative triangles
161: dt=0.8935,  29 negative triangles
162: dt=0.8935,  30 negative triangles
163: dt=0.8488,  29 negative triangles
164: dt=0.8488,  31 negative triangles
165: dt=0.8488,  29 negative triangles
166: dt=0.8488,  31 negative triangles
167: dt=0.8488,  28 negative triangles
168: dt=0.8488,  31 negative triangles
169: dt=0.8488,  30 negative triangles
170: dt=0.8488,  30 negative triangles
171: dt=0.8488,  30 negative triangles
172: dt=0.8488,  30 negative triangles
173: dt=0.8488,  29 negative triangles
174: dt=0.8488,  29 negative triangles
175: dt=0.8488,  30 negative triangles
176: dt=0.8488,  30 negative triangles
177: dt=0.8064,  30 negative triangles
178: dt=0.8064,  29 negative triangles
179: dt=0.8064,  29 negative triangles
180: dt=0.8064,  30 negative triangles
181: dt=0.8064,  29 negative triangles
182: dt=0.8064,  28 negative triangles
183: dt=0.8064,  29 negative triangles
184: dt=0.8064,  29 negative triangles
185: dt=0.8064,  30 negative triangles
186: dt=0.8064,  29 negative triangles
187: dt=0.7660,  28 negative triangles
188: dt=0.7660,  29 negative triangles
189: dt=0.7660,  29 negative triangles
190: dt=0.7660,  30 negative triangles
191: dt=0.7660,  32 negative triangles
192: dt=0.7660,  29 negative triangles
193: dt=0.7660,  28 negative triangles
194: dt=0.7660,  29 negative triangles
195: dt=0.7660,  29 negative triangles
196: dt=0.7660,  29 negative triangles
197: dt=0.7277,  29 negative triangles
198: dt=0.7277,  29 negative triangles
199: dt=0.7277,  27 negative triangles
200: dt=0.7277,  31 negative triangles
201: dt=0.7277,  28 negative triangles
202: dt=0.7277,  29 negative triangles
203: dt=0.7277,  27 negative triangles
204: dt=0.7277,  30 negative triangles
205: dt=0.7277,  29 negative triangles
206: dt=0.7277,  32 negative triangles
207: dt=0.7277,  29 negative triangles
208: dt=0.7277,  29 negative triangles
209: dt=0.6914,  29 negative triangles
210: dt=0.6914,  29 negative triangles
211: dt=0.6914,  27 negative triangles
212: dt=0.6914,  30 negative triangles
213: dt=0.6914,  29 negative triangles
214: dt=0.6914,  29 negative triangles
215: dt=0.6914,  29 negative triangles
216: dt=0.6914,  31 negative triangles
217: dt=0.6914,  30 negative triangles
218: dt=0.6914,  28 negative triangles
219: dt=0.6568,  30 negative triangles
220: dt=0.6568,  28 negative triangles
221: dt=0.6568,  29 negative triangles
222: dt=0.6568,  27 negative triangles
223: dt=0.6568,  30 negative triangles
224: dt=0.6568,  29 negative triangles
225: dt=0.6568,  29 negative triangles
226: dt=0.6568,  30 negative triangles
227: dt=0.6568,  30 negative triangles
228: dt=0.6568,  30 negative triangles
229: dt=0.6239,  31 negative triangles
230: dt=0.6239,  29 negative triangles
231: dt=0.6239,  31 negative triangles
232: dt=0.6239,  28 negative triangles
233: dt=0.6239,  32 negative triangles
234: dt=0.6239,  30 negative triangles
235: dt=0.6239,  29 negative triangles
236: dt=0.6239,  28 negative triangles
237: dt=0.6239,  28 negative triangles
238: dt=0.6239,  27 negative triangles
239: dt=0.5927,  28 negative triangles
240: dt=0.5927,  30 negative triangles
241: dt=0.5927,  30 negative triangles
242: dt=0.5927,  28 negative triangles
243: dt=0.5927,  28 negative triangles
244: dt=0.5927,  31 negative triangles
245: dt=0.5927,  29 negative triangles
246: dt=0.5927,  28 negative triangles
247: dt=0.5927,  30 negative triangles
248: dt=0.5927,  30 negative triangles
249: dt=0.5631,  29 negative triangles
expanding nbhd size to 1
250: dt=0.9900,  29 negative triangles
251: dt=0.9900,  31 negative triangles
252: dt=0.9900,  30 negative triangles
253: dt=0.9900,  31 negative triangles
254: dt=0.9900,  34 negative triangles
255: dt=0.9900,  30 negative triangles
256: dt=0.9900,  29 negative triangles
257: dt=0.9900,  28 negative triangles
258: dt=0.9900,  31 negative triangles
259: dt=0.9405,  30 negative triangles
260: dt=0.9405,  30 negative triangles
261: dt=0.9405,  31 negative triangles
262: dt=0.9405,  32 negative triangles
263: dt=0.9405,  31 negative triangles
264: dt=0.9405,  31 negative triangles
265: dt=0.9405,  30 negative triangles
266: dt=0.9405,  32 negative triangles
267: dt=0.9405,  29 negative triangles
268: dt=0.9405,  30 negative triangles
269: dt=0.8935,  31 negative triangles
270: dt=0.8935,  31 negative triangles
271: dt=0.8935,  31 negative triangles
272: dt=0.8935,  30 negative triangles
273: dt=0.8935,  30 negative triangles
274: dt=0.8935,  31 negative triangles
275: dt=0.8935,  31 negative triangles
276: dt=0.8935,  29 negative triangles
277: dt=0.8935,  30 negative triangles
278: dt=0.8935,  29 negative triangles
279: dt=0.8488,  30 negative triangles
280: dt=0.8488,  30 negative triangles
281: dt=0.8488,  30 negative triangles
282: dt=0.8488,  31 negative triangles
283: dt=0.8488,  31 negative triangles
284: dt=0.8488,  28 negative triangles
285: dt=0.8488,  29 negative triangles
286: dt=0.8488,  27 negative triangles
287: dt=0.8488,  29 negative triangles
288: dt=0.8488,  30 negative triangles
289: dt=0.8064,  29 negative triangles
290: dt=0.8064,  28 negative triangles
291: dt=0.8064,  31 negative triangles
292: dt=0.8064,  30 negative triangles
293: dt=0.8064,  28 negative triangles
294: dt=0.8064,  31 negative triangles
295: dt=0.8064,  29 negative triangles
296: dt=0.8064,  30 negative triangles
297: dt=0.8064,  30 negative triangles
298: dt=0.8064,  29 negative triangles
299: dt=0.7660,  29 negative triangles
300: dt=0.7660,  30 negative triangles
301: dt=0.7660,  30 negative triangles
302: dt=0.7660,  29 negative triangles
303: dt=0.7660,  30 negative triangles
304: dt=0.7660,  28 negative triangles
305: dt=0.7660,  28 negative triangles
306: dt=0.7660,  30 negative triangles
307: dt=0.7660,  29 negative triangles
308: dt=0.7660,  30 negative triangles
309: dt=0.7277,  28 negative triangles
310: dt=0.7277,  31 negative triangles
311: dt=0.7277,  31 negative triangles
312: dt=0.7277,  30 negative triangles
313: dt=0.7277,  32 negative triangles
314: dt=0.7277,  31 negative triangles
315: dt=0.7277,  31 negative triangles
316: dt=0.7277,  30 negative triangles
317: dt=0.7277,  30 negative triangles
318: dt=0.7277,  30 negative triangles
319: dt=0.6914,  31 negative triangles
320: dt=0.6914,  31 negative triangles
321: dt=0.6914,  29 negative triangles
322: dt=0.6914,  30 negative triangles
323: dt=0.6914,  31 negative triangles
324: dt=0.6914,  29 negative triangles
325: dt=0.6914,  31 negative triangles
326: dt=0.6914,  31 negative triangles
327: dt=0.6914,  30 negative triangles
328: dt=0.6914,  30 negative triangles
329: dt=0.6568,  30 negative triangles
330: dt=0.6568,  30 negative triangles
331: dt=0.6568,  30 negative triangles
332: dt=0.6568,  32 negative triangles
333: dt=0.6568,  31 negative triangles
334: dt=0.6568,  30 negative triangles
335: dt=0.6568,  30 negative triangles
336: dt=0.6568,  30 negative triangles
337: dt=0.6568,  30 negative triangles
338: dt=0.6568,  30 negative triangles
339: dt=0.6239,  29 negative triangles
340: dt=0.6239,  28 negative triangles
341: dt=0.6239,  30 negative triangles
342: dt=0.6239,  31 negative triangles
343: dt=0.6239,  30 negative triangles
344: dt=0.6239,  31 negative triangles
345: dt=0.6239,  31 negative triangles
346: dt=0.6239,  29 negative triangles
347: dt=0.6239,  31 negative triangles
348: dt=0.6239,  30 negative triangles
349: dt=0.5927,  31 negative triangles
350: dt=0.5927,  31 negative triangles
351: dt=0.5927,  29 negative triangles
352: dt=0.5927,  30 negative triangles
353: dt=0.5927,  33 negative triangles
354: dt=0.5927,  28 negative triangles
355: dt=0.5927,  29 negative triangles
356: dt=0.5927,  29 negative triangles
357: dt=0.5927,  29 negative triangles
358: dt=0.5927,  29 negative triangles
359: dt=0.5631,  30 negative triangles
360: dt=0.5631,  29 negative triangles
361: dt=0.5631,  29 negative triangles
362: dt=0.5631,  29 negative triangles
363: dt=0.5631,  28 negative triangles
364: dt=0.5631,  29 negative triangles
365: dt=0.5631,  29 negative triangles
366: dt=0.5631,  30 negative triangles
367: dt=0.5631,  31 negative triangles
368: dt=0.5631,  28 negative triangles
369: dt=0.5350,  31 negative triangles
370: dt=0.5350,  27 negative triangles
371: dt=0.5350,  29 negative triangles
372: dt=0.5350,  27 negative triangles
373: dt=0.5350,  29 negative triangles
374: dt=0.5350,  29 negative triangles
375: dt=0.5350,  29 negative triangles
376: dt=0.5350,  26 negative triangles
377: dt=0.5350,  28 negative triangles
378: dt=0.5350,  28 negative triangles
379: dt=0.5350,  26 negative triangles
380: dt=0.5350,  29 negative triangles
381: dt=0.5350,  27 negative triangles
382: dt=0.5350,  28 negative triangles
383: dt=0.5350,  29 negative triangles
384: dt=0.5350,  28 negative triangles
385: dt=0.5350,  26 negative triangles
386: dt=0.5082,  30 negative triangles
387: dt=0.5082,  26 negative triangles
388: dt=0.5082,  29 negative triangles
389: dt=0.5082,  29 negative triangles
390: dt=0.5082,  30 negative triangles
391: dt=0.5082,  27 negative triangles
392: dt=0.5082,  27 negative triangles
393: dt=0.5082,  26 negative triangles
394: dt=0.5082,  26 negative triangles
395: dt=0.5082,  30 negative triangles
396: dt=0.4828,  28 negative triangles
397: dt=0.4828,  29 negative triangles
398: dt=0.4828,  31 negative triangles
399: dt=0.4828,  28 negative triangles
400: dt=0.4828,  30 negative triangles
401: dt=0.4828,  29 negative triangles
402: dt=0.4828,  33 negative triangles
403: dt=0.4828,  30 negative triangles
404: dt=0.4828,  24 negative triangles
405: dt=0.4828,  30 negative triangles
406: dt=0.4828,  34 negative triangles
407: dt=0.4828,  26 negative triangles
408: dt=0.4828,  32 negative triangles
409: dt=0.4828,  30 negative triangles
410: dt=0.4828,  29 negative triangles
411: dt=0.4828,  30 negative triangles
412: dt=0.4828,  30 negative triangles
413: dt=0.4828,  33 negative triangles
414: dt=0.4587,  28 negative triangles
415: dt=0.4587,  27 negative triangles
416: dt=0.4587,  29 negative triangles
417: dt=0.4587,  25 negative triangles
418: dt=0.4587,  27 negative triangles
419: dt=0.4587,  28 negative triangles
420: dt=0.4587,  30 negative triangles
421: dt=0.4587,  28 negative triangles
422: dt=0.4587,  29 negative triangles
423: dt=0.4587,  29 negative triangles
424: dt=0.4357,  31 negative triangles
425: dt=0.4357,  31 negative triangles
426: dt=0.4357,  29 negative triangles
427: dt=0.4357,  28 negative triangles
428: dt=0.4357,  29 negative triangles
429: dt=0.4357,  28 negative triangles
430: dt=0.4357,  28 negative triangles
431: dt=0.4357,  28 negative triangles
432: dt=0.4357,  29 negative triangles
433: dt=0.4357,  27 negative triangles
434: dt=0.4139,  27 negative triangles
435: dt=0.4139,  30 negative triangles
436: dt=0.4139,  33 negative triangles
437: dt=0.4139,  33 negative triangles
438: dt=0.4139,  33 negative triangles
439: dt=0.4139,  33 negative triangles
440: dt=0.4139,  30 negative triangles
441: dt=0.4139,  28 negative triangles
442: dt=0.4139,  27 negative triangles
443: dt=0.4139,  26 negative triangles
444: dt=0.3932,  29 negative triangles
445: dt=0.3932,  29 negative triangles
446: dt=0.3932,  29 negative triangles
447: dt=0.3932,  29 negative triangles
448: dt=0.3932,  30 negative triangles
449: dt=0.3932,  28 negative triangles
450: dt=0.3932,  30 negative triangles
451: dt=0.3932,  26 negative triangles
452: dt=0.3932,  28 negative triangles
453: dt=0.3932,  29 negative triangles
454: dt=0.3736,  28 negative triangles
455: dt=0.3736,  27 negative triangles
456: dt=0.3736,  27 negative triangles
457: dt=0.3736,  24 negative triangles
458: dt=0.3736,  25 negative triangles
459: dt=0.3736,  26 negative triangles
460: dt=0.3736,  29 negative triangles
461: dt=0.3736,  29 negative triangles
462: dt=0.3736,  29 negative triangles
463: dt=0.3736,  29 negative triangles
464: dt=0.3549,  29 negative triangles
465: dt=0.3549,  28 negative triangles
466: dt=0.3549,  28 negative triangles
467: dt=0.3549,  28 negative triangles
468: dt=0.3549,  29 negative triangles
469: dt=0.3549,  28 negative triangles
470: dt=0.3549,  31 negative triangles
471: dt=0.3549,  32 negative triangles
472: dt=0.3549,  31 negative triangles
473: dt=0.3549,  29 negative triangles
474: dt=0.3372,  28 negative triangles
475: dt=0.3372,  29 negative triangles
476: dt=0.3372,  31 negative triangles
477: dt=0.3372,  29 negative triangles
478: dt=0.3372,  30 negative triangles
479: dt=0.3372,  28 negative triangles
480: dt=0.3372,  30 negative triangles
481: dt=0.3372,  30 negative triangles
482: dt=0.3372,  30 negative triangles
483: dt=0.3372,  29 negative triangles
484: dt=0.3203,  32 negative triangles
485: dt=0.3203,  28 negative triangles
486: dt=0.3203,  28 negative triangles
487: dt=0.3203,  29 negative triangles
488: dt=0.3203,  27 negative triangles
489: dt=0.3203,  30 negative triangles
490: dt=0.3203,  29 negative triangles
491: dt=0.3203,  27 negative triangles
492: dt=0.3203,  27 negative triangles
493: dt=0.3203,  29 negative triangles
494: dt=0.3043,  27 negative triangles
495: dt=0.3043,  28 negative triangles
496: dt=0.3043,  30 negative triangles
497: dt=0.3043,  30 negative triangles
498: dt=0.3043,  28 negative triangles
499: dt=0.3043,  29 negative triangles
500: dt=0.3043,  29 negative triangles
501: dt=0.3043,  27 negative triangles
502: dt=0.3043,  27 negative triangles
503: dt=0.3043,  27 negative triangles
504: dt=0.2891,  25 negative triangles
505: dt=0.2891,  25 negative triangles
506: dt=0.2891,  30 negative triangles
507: dt=0.2891,  29 negative triangles
508: dt=0.2891,  27 negative triangles
509: dt=0.2891,  29 negative triangles
510: dt=0.2891,  28 negative triangles
511: dt=0.2891,  31 negative triangles
512: dt=0.2891,  32 negative triangles
513: dt=0.2891,  31 negative triangles
514: dt=0.2746,  32 negative triangles
515: dt=0.2746,  30 negative triangles
516: dt=0.2746,  31 negative triangles
517: dt=0.2746,  31 negative triangles
518: dt=0.2746,  28 negative triangles
519: dt=0.2746,  33 negative triangles
520: dt=0.2746,  32 negative triangles
521: dt=0.2746,  30 negative triangles
522: dt=0.2746,  32 negative triangles
523: dt=0.2746,  30 negative triangles
524: dt=0.2609,  30 negative triangles
525: dt=0.2609,  30 negative triangles
526: dt=0.2609,  30 negative triangles
527: dt=0.2609,  31 negative triangles
528: dt=0.2609,  30 negative triangles
529: dt=0.2609,  29 negative triangles
530: dt=0.2609,  32 negative triangles
531: dt=0.2609,  28 negative triangles
532: dt=0.2609,  30 negative triangles
533: dt=0.2609,  28 negative triangles
534: dt=0.2478,  30 negative triangles
535: dt=0.2478,  29 negative triangles
536: dt=0.2478,  27 negative triangles
537: dt=0.2478,  27 negative triangles
538: dt=0.2478,  29 negative triangles
539: dt=0.2478,  31 negative triangles
540: dt=0.2478,  28 negative triangles
541: dt=0.2478,  30 negative triangles
542: dt=0.2478,  28 negative triangles
543: dt=0.2478,  31 negative triangles
544: dt=0.2354,  27 negative triangles
545: dt=0.2354,  29 negative triangles
546: dt=0.2354,  30 negative triangles
547: dt=0.2354,  29 negative triangles
548: dt=0.2354,  31 negative triangles
549: dt=0.2354,  27 negative triangles
550: dt=0.2354,  28 negative triangles
551: dt=0.2354,  27 negative triangles
552: dt=0.2354,  30 negative triangles
553: dt=0.2354,  26 negative triangles
554: dt=0.2237,  27 negative triangles
555: dt=0.2237,  29 negative triangles
556: dt=0.2237,  28 negative triangles
557: dt=0.2237,  28 negative triangles
558: dt=0.2237,  29 negative triangles
559: dt=0.2237,  29 negative triangles
560: dt=0.2237,  26 negative triangles
561: dt=0.2237,  28 negative triangles
562: dt=0.2237,  25 negative triangles
563: dt=0.2237,  28 negative triangles
564: dt=0.2125,  29 negative triangles
565: dt=0.2125,  28 negative triangles
566: dt=0.2125,  27 negative triangles
567: dt=0.2125,  29 negative triangles
568: dt=0.2125,  27 negative triangles
569: dt=0.2125,  29 negative triangles
570: dt=0.2125,  26 negative triangles
571: dt=0.2125,  31 negative triangles
572: dt=0.2125,  30 negative triangles
573: dt=0.2125,  29 negative triangles
574: dt=0.2019,  28 negative triangles
575: dt=0.2019,  29 negative triangles
576: dt=0.2019,  29 negative triangles
577: dt=0.2019,  28 negative triangles
578: dt=0.2019,  33 negative triangles
579: dt=0.2019,  31 negative triangles
580: dt=0.2019,  29 negative triangles
581: dt=0.2019,  28 negative triangles
582: dt=0.2019,  30 negative triangles
583: dt=0.2019,  29 negative triangles
584: dt=0.1918,  29 negative triangles
585: dt=0.1918,  28 negative triangles
586: dt=0.1918,  30 negative triangles
587: dt=0.1918,  26 negative triangles
588: dt=0.1918,  31 negative triangles
589: dt=0.1918,  31 negative triangles
590: dt=0.1918,  30 negative triangles
591: dt=0.1918,  30 negative triangles
592: dt=0.1918,  28 negative triangles
593: dt=0.1918,  28 negative triangles
594: dt=0.1822,  28 negative triangles
595: dt=0.1822,  30 negative triangles
596: dt=0.1822,  30 negative triangles
597: dt=0.1822,  30 negative triangles
598: dt=0.1822,  30 negative triangles
599: dt=0.1822,  29 negative triangles
600: dt=0.1822,  28 negative triangles
601: dt=0.1822,  28 negative triangles
602: dt=0.1822,  29 negative triangles
603: dt=0.1822,  28 negative triangles
604: dt=0.1731,  27 negative triangles
605: dt=0.1731,  27 negative triangles
606: dt=0.1731,  28 negative triangles
607: dt=0.1731,  30 negative triangles
608: dt=0.1731,  30 negative triangles
609: dt=0.1731,  30 negative triangles
610: dt=0.1731,  30 negative triangles
611: dt=0.1731,  31 negative triangles
612: dt=0.1731,  30 negative triangles
613: dt=0.1731,  30 negative triangles
614: dt=0.1644,  29 negative triangles
615: dt=0.1644,  31 negative triangles
616: dt=0.1644,  31 negative triangles
617: dt=0.1644,  31 negative triangles
618: dt=0.1644,  31 negative triangles
619: dt=0.1644,  32 negative triangles
620: dt=0.1644,  29 negative triangles
621: dt=0.1644,  30 negative triangles
622: dt=0.1644,  30 negative triangles
623: dt=0.1644,  29 negative triangles
624: dt=0.1562,  28 negative triangles
625: dt=0.1562,  31 negative triangles
626: dt=0.1562,  30 negative triangles
627: dt=0.1562,  32 negative triangles
628: dt=0.1562,  30 negative triangles
629: dt=0.1562,  31 negative triangles
630: dt=0.1562,  31 negative triangles
631: dt=0.1562,  32 negative triangles
632: dt=0.1562,  30 negative triangles
633: dt=0.1562,  31 negative triangles
634: dt=0.1484,  32 negative triangles
635: dt=0.1484,  30 negative triangles
636: dt=0.1484,  33 negative triangles
637: dt=0.1484,  30 negative triangles
638: dt=0.1484,  30 negative triangles
639: dt=0.1484,  33 negative triangles
640: dt=0.1484,  32 negative triangles
641: dt=0.1484,  30 negative triangles
642: dt=0.1484,  30 negative triangles
643: dt=0.1484,  28 negative triangles
644: dt=0.1410,  31 negative triangles
645: dt=0.1410,  29 negative triangles
646: dt=0.1410,  31 negative triangles
647: dt=0.1410,  31 negative triangles
648: dt=0.1410,  30 negative triangles
649: dt=0.1410,  27 negative triangles
650: dt=0.1410,  29 negative triangles
651: dt=0.1410,  29 negative triangles
652: dt=0.1410,  28 negative triangles
653: dt=0.1410,  28 negative triangles
654: dt=0.1339,  29 negative triangles
655: dt=0.1339,  30 negative triangles
656: dt=0.1339,  30 negative triangles
657: dt=0.1339,  29 negative triangles
658: dt=0.1339,  32 negative triangles
659: dt=0.1339,  32 negative triangles
660: dt=0.1339,  33 negative triangles
661: dt=0.1339,  30 negative triangles
662: dt=0.1339,  32 negative triangles
663: dt=0.1339,  30 negative triangles
664: dt=0.1272,  31 negative triangles
665: dt=0.1272,  31 negative triangles
666: dt=0.1272,  29 negative triangles
667: dt=0.1272,  28 negative triangles
668: dt=0.1272,  30 negative triangles
669: dt=0.1272,  29 negative triangles
670: dt=0.1272,  30 negative triangles
671: dt=0.1272,  30 negative triangles
672: dt=0.1272,  31 negative triangles
673: dt=0.1272,  31 negative triangles
674: dt=0.1209,  30 negative triangles
675: dt=0.1209,  31 negative triangles
676: dt=0.1209,  32 negative triangles
677: dt=0.1209,  30 negative triangles
678: dt=0.1209,  31 negative triangles
679: dt=0.1209,  32 negative triangles
680: dt=0.1209,  31 negative triangles
681: dt=0.1209,  31 negative triangles
682: dt=0.1209,  28 negative triangles
683: dt=0.1209,  29 negative triangles
684: dt=0.1148,  29 negative triangles
685: dt=0.1148,  30 negative triangles
686: dt=0.1148,  30 negative triangles
687: dt=0.1148,  30 negative triangles
688: dt=0.1148,  30 negative triangles
689: dt=0.1148,  28 negative triangles
690: dt=0.1148,  28 negative triangles
691: dt=0.1148,  28 negative triangles
692: dt=0.1148,  28 negative triangles
693: dt=0.1148,  28 negative triangles
694: dt=0.1091,  30 negative triangles
695: dt=0.1091,  30 negative triangles
696: dt=0.1091,  30 negative triangles
697: dt=0.1091,  28 negative triangles
698: dt=0.1091,  29 negative triangles
699: dt=0.1091,  31 negative triangles
700: dt=0.1091,  30 negative triangles
701: dt=0.1091,  29 negative triangles
702: dt=0.1091,  30 negative triangles
703: dt=0.1091,  31 negative triangles
704: dt=0.1036,  31 negative triangles
705: dt=0.1036,  31 negative triangles
706: dt=0.1036,  30 negative triangles
707: dt=0.1036,  30 negative triangles
708: dt=0.1036,  31 negative triangles
709: dt=0.1036,  31 negative triangles
710: dt=0.1036,  32 negative triangles
711: dt=0.1036,  31 negative triangles
712: dt=0.1036,  31 negative triangles
713: dt=0.1036,  30 negative triangles
714: dt=0.0984,  32 negative triangles
715: dt=0.0984,  31 negative triangles
716: dt=0.0984,  31 negative triangles
717: dt=0.0984,  31 negative triangles
718: dt=0.0984,  29 negative triangles
719: dt=0.0984,  29 negative triangles
720: dt=0.0984,  30 negative triangles
721: dt=0.0984,  30 negative triangles
722: dt=0.0984,  30 negative triangles
723: dt=0.0984,  29 negative triangles
724: dt=0.0935,  30 negative triangles
725: dt=0.0935,  31 negative triangles
726: dt=0.0935,  31 negative triangles
727: dt=0.0935,  32 negative triangles
728: dt=0.0935,  30 negative triangles
729: dt=0.0935,  30 negative triangles
730: dt=0.0935,  30 negative triangles
731: dt=0.0935,  30 negative triangles
732: dt=0.0935,  30 negative triangles
733: dt=0.0935,  31 negative triangles
734: dt=0.0888,  31 negative triangles
735: dt=0.0888,  31 negative triangles
736: dt=0.0888,  29 negative triangles
737: dt=0.0888,  29 negative triangles
738: dt=0.0888,  31 negative triangles
739: dt=0.0888,  32 negative triangles
740: dt=0.0888,  30 negative triangles
741: dt=0.0888,  29 negative triangles
742: dt=0.0888,  31 negative triangles
743: dt=0.0888,  30 negative triangles
744: dt=0.0844,  30 negative triangles
745: dt=0.0844,  29 negative triangles
746: dt=0.0844,  29 negative triangles
747: dt=0.0844,  30 negative triangles
748: dt=0.0844,  29 negative triangles
749: dt=0.0844,  30 negative triangles
750: dt=0.0844,  30 negative triangles
751: dt=0.0844,  30 negative triangles
752: dt=0.0844,  30 negative triangles
753: dt=0.0844,  29 negative triangles
754: dt=0.0802,  30 negative triangles
755: dt=0.0802,  29 negative triangles
756: dt=0.0802,  29 negative triangles
757: dt=0.0802,  31 negative triangles
758: dt=0.0802,  31 negative triangles
759: dt=0.0802,  29 negative triangles
760: dt=0.0802,  29 negative triangles
761: dt=0.0802,  29 negative triangles
762: dt=0.0802,  28 negative triangles
763: dt=0.0802,  28 negative triangles
764: dt=0.0762,  29 negative triangles
765: dt=0.0762,  29 negative triangles
766: dt=0.0762,  28 negative triangles
767: dt=0.0762,  31 negative triangles
768: dt=0.0762,  27 negative triangles
769: dt=0.0762,  30 negative triangles
770: dt=0.0762,  27 negative triangles
771: dt=0.0762,  31 negative triangles
772: dt=0.0762,  28 negative triangles
773: dt=0.0762,  30 negative triangles
774: dt=0.0724,  29 negative triangles
775: dt=0.0724,  29 negative triangles
776: dt=0.0724,  28 negative triangles
777: dt=0.0724,  29 negative triangles
778: dt=0.0724,  29 negative triangles
779: dt=0.0724,  29 negative triangles
780: dt=0.0724,  26 negative triangles
781: dt=0.0724,  28 negative triangles
782: dt=0.0724,  29 negative triangles
783: dt=0.0724,  30 negative triangles
784: dt=0.0687,  30 negative triangles
785: dt=0.0687,  28 negative triangles
786: dt=0.0687,  32 negative triangles
787: dt=0.0687,  28 negative triangles
788: dt=0.0687,  29 negative triangles
789: dt=0.0687,  27 negative triangles
790: dt=0.0687,  30 negative triangles
791: dt=0.0687,  25 negative triangles
792: dt=0.0687,  28 negative triangles
793: dt=0.0687,  26 negative triangles
794: dt=0.0653,  28 negative triangles
795: dt=0.0653,  26 negative triangles
796: dt=0.0653,  27 negative triangles
797: dt=0.0653,  26 negative triangles
798: dt=0.0653,  26 negative triangles
799: dt=0.0653,  26 negative triangles
800: dt=0.0653,  26 negative triangles
801: dt=0.0653,  26 negative triangles
802: dt=0.0653,  24 negative triangles
803: dt=0.0653,  27 negative triangles
804: dt=0.0620,  25 negative triangles
805: dt=0.0620,  28 negative triangles
806: dt=0.0620,  26 negative triangles
807: dt=0.0620,  26 negative triangles
808: dt=0.0620,  27 negative triangles
809: dt=0.0620,  25 negative triangles
810: dt=0.0620,  26 negative triangles
811: dt=0.0620,  27 negative triangles
812: dt=0.0620,  25 negative triangles
813: dt=0.0620,  26 negative triangles
814: dt=0.0589,  26 negative triangles
815: dt=0.0589,  26 negative triangles
816: dt=0.0589,  29 negative triangles
817: dt=0.0589,  27 negative triangles
818: dt=0.0589,  26 negative triangles
819: dt=0.0589,  26 negative triangles
820: dt=0.0589,  27 negative triangles
821: dt=0.0589,  25 negative triangles
822: dt=0.0589,  26 negative triangles
823: dt=0.0589,  25 negative triangles
824: dt=0.0560,  27 negative triangles
825: dt=0.0560,  25 negative triangles
826: dt=0.0560,  26 negative triangles
827: dt=0.0560,  27 negative triangles
828: dt=0.0560,  25 negative triangles
829: dt=0.0560,  25 negative triangles
830: dt=0.0560,  25 negative triangles
831: dt=0.0560,  25 negative triangles
832: dt=0.0560,  25 negative triangles
833: dt=0.0560,  25 negative triangles
834: dt=0.0532,  24 negative triangles
835: dt=0.0532,  26 negative triangles
836: dt=0.0532,  26 negative triangles
837: dt=0.0532,  27 negative triangles
838: dt=0.0532,  25 negative triangles
839: dt=0.0532,  24 negative triangles
840: dt=0.0532,  25 negative triangles
841: dt=0.0532,  24 negative triangles
842: dt=0.0532,  27 negative triangles
843: dt=0.0532,  23 negative triangles
844: dt=0.0532,  26 negative triangles
845: dt=0.0532,  25 negative triangles
846: dt=0.0532,  25 negative triangles
847: dt=0.0532,  25 negative triangles
848: dt=0.0532,  24 negative triangles
849: dt=0.0532,  25 negative triangles
850: dt=0.0532,  23 negative triangles
851: dt=0.0532,  25 negative triangles
852: dt=0.0532,  22 negative triangles
853: dt=0.0532,  23 negative triangles
854: dt=0.0532,  26 negative triangles
855: dt=0.0532,  25 negative triangles
856: dt=0.0532,  27 negative triangles
857: dt=0.0532,  25 negative triangles
858: dt=0.0532,  27 negative triangles
859: dt=0.0532,  25 negative triangles
860: dt=0.0532,  26 negative triangles
861: dt=0.0532,  26 negative triangles
862: dt=0.0505,  26 negative triangles
863: dt=0.0505,  25 negative triangles
864: dt=0.0505,  25 negative triangles
865: dt=0.0505,  27 negative triangles
866: dt=0.0505,  25 negative triangles
867: dt=0.0505,  26 negative triangles
868: dt=0.0505,  25 negative triangles
869: dt=0.0505,  26 negative triangles
870: dt=0.0505,  25 negative triangles
871: dt=0.0505,  26 negative triangles
872: dt=0.0480,  27 negative triangles
873: dt=0.0480,  26 negative triangles
874: dt=0.0480,  27 negative triangles
875: dt=0.0480,  25 negative triangles
876: dt=0.0480,  27 negative triangles
877: dt=0.0480,  25 negative triangles
878: dt=0.0480,  26 negative triangles
879: dt=0.0480,  25 negative triangles
880: dt=0.0480,  26 negative triangles
881: dt=0.0480,  25 negative triangles
882: dt=0.0456,  27 negative triangles
883: dt=0.0456,  25 negative triangles
884: dt=0.0456,  27 negative triangles
885: dt=0.0456,  26 negative triangles
886: dt=0.0456,  27 negative triangles
887: dt=0.0456,  28 negative triangles
888: dt=0.0456,  27 negative triangles
889: dt=0.0456,  27 negative triangles
890: dt=0.0456,  26 negative triangles
891: dt=0.0456,  27 negative triangles
892: dt=0.0433,  28 negative triangles
893: dt=0.0433,  27 negative triangles
894: dt=0.0433,  28 negative triangles
895: dt=0.0433,  28 negative triangles
896: dt=0.0433,  27 negative triangles
897: dt=0.0433,  28 negative triangles
898: dt=0.0433,  28 negative triangles
899: dt=0.0433,  27 negative triangles
900: dt=0.0433,  28 negative triangles
901: dt=0.0433,  26 negative triangles
902: dt=0.0412,  28 negative triangles
903: dt=0.0412,  28 negative triangles
904: dt=0.0412,  27 negative triangles
905: dt=0.0412,  28 negative triangles
906: dt=0.0412,  28 negative triangles
907: dt=0.0412,  28 negative triangles
908: dt=0.0412,  28 negative triangles
909: dt=0.0412,  28 negative triangles
910: dt=0.0412,  28 negative triangles
911: dt=0.0412,  28 negative triangles
912: dt=0.0391,  28 negative triangles
913: dt=0.0391,  28 negative triangles
914: dt=0.0391,  28 negative triangles
915: dt=0.0391,  28 negative triangles
916: dt=0.0391,  28 negative triangles
917: dt=0.0391,  28 negative triangles
918: dt=0.0391,  29 negative triangles
919: dt=0.0391,  29 negative triangles
920: dt=0.0391,  29 negative triangles
921: dt=0.0391,  29 negative triangles
922: dt=0.0371,  29 negative triangles
923: dt=0.0371,  28 negative triangles
924: dt=0.0371,  28 negative triangles
925: dt=0.0371,  26 negative triangles
926: dt=0.0371,  28 negative triangles
927: dt=0.0371,  28 negative triangles
928: dt=0.0371,  26 negative triangles
929: dt=0.0371,  27 negative triangles
930: dt=0.0371,  27 negative triangles
931: dt=0.0371,  25 negative triangles
932: dt=0.0353,  28 negative triangles
933: dt=0.0353,  28 negative triangles
934: dt=0.0353,  27 negative triangles
935: dt=0.0353,  27 negative triangles
936: dt=0.0353,  27 negative triangles
937: dt=0.0353,  26 negative triangles
938: dt=0.0353,  25 negative triangles
939: dt=0.0353,  25 negative triangles
940: dt=0.0353,  26 negative triangles
941: dt=0.0353,  27 negative triangles
942: dt=0.0335,  28 negative triangles
943: dt=0.0335,  28 negative triangles
944: dt=0.0335,  27 negative triangles
945: dt=0.0335,  26 negative triangles
946: dt=0.0335,  27 negative triangles
947: dt=0.0335,  27 negative triangles
948: dt=0.0335,  27 negative triangles
949: dt=0.0335,  27 negative triangles
950: dt=0.0335,  26 negative triangles
951: dt=0.0335,  27 negative triangles
952: dt=0.0319,  25 negative triangles
953: dt=0.0319,  27 negative triangles
954: dt=0.0319,  27 negative triangles
955: dt=0.0319,  27 negative triangles
956: dt=0.0319,  25 negative triangles
957: dt=0.0319,  27 negative triangles
958: dt=0.0319,  28 negative triangles
959: dt=0.0319,  26 negative triangles
960: dt=0.0319,  25 negative triangles
961: dt=0.0319,  28 negative triangles
962: dt=0.0303,  26 negative triangles
963: dt=0.0303,  27 negative triangles
964: dt=0.0303,  25 negative triangles
965: dt=0.0303,  26 negative triangles
966: dt=0.0303,  26 negative triangles
967: dt=0.0303,  27 negative triangles
968: dt=0.0303,  24 negative triangles
969: dt=0.0303,  26 negative triangles
970: dt=0.0303,  27 negative triangles
971: dt=0.0303,  26 negative triangles
972: dt=0.0287,  26 negative triangles
973: dt=0.0287,  27 negative triangles
974: dt=0.0287,  29 negative triangles
975: dt=0.0287,  26 negative triangles
976: dt=0.0287,  25 negative triangles
977: dt=0.0287,  29 negative triangles
978: dt=0.0287,  26 negative triangles
979: dt=0.0287,  27 negative triangles
980: dt=0.0287,  25 negative triangles
981: dt=0.0287,  26 negative triangles
982: dt=0.0273,  26 negative triangles
983: dt=0.0273,  27 negative triangles
984: dt=0.0273,  26 negative triangles
985: dt=0.0273,  26 negative triangles
986: dt=0.0273,  27 negative triangles
987: dt=0.0273,  27 negative triangles
988: dt=0.0273,  24 negative triangles
989: dt=0.0273,  26 negative triangles
990: dt=0.0273,  27 negative triangles
991: dt=0.0273,  28 negative triangles
992: dt=0.0259,  26 negative triangles
993: dt=0.0259,  25 negative triangles
994: dt=0.0259,  27 negative triangles
995: dt=0.0259,  26 negative triangles
996: dt=0.0259,  26 negative triangles
997: dt=0.0259,  25 negative triangles
998: dt=0.0259,  29 negative triangles
999: dt=0.0259,  26 negative triangles
1000: dt=0.0259,  27 negative triangles
1001: dt=0.0259,  27 negative triangles
1002: dt=0.0246,  26 negative triangles
1003: dt=0.0246,  26 negative triangles
1004: dt=0.0246,  27 negative triangles
1005: dt=0.0246,  27 negative triangles
1006: dt=0.0246,  28 negative triangles
1007: dt=0.0246,  24 negative triangles
1008: dt=0.0246,  27 negative triangles
1009: dt=0.0246,  27 negative triangles
1010: dt=0.0246,  28 negative triangles
1011: dt=0.0246,  26 negative triangles
1012: dt=0.0234,  25 negative triangles
1013: dt=0.0234,  27 negative triangles
1014: dt=0.0234,  28 negative triangles
1015: dt=0.0234,  26 negative triangles
1016: dt=0.0234,  27 negative triangles
1017: dt=0.0234,  25 negative triangles
1018: dt=0.0234,  28 negative triangles
1019: dt=0.0234,  26 negative triangles
1020: dt=0.0234,  27 negative triangles
1021: dt=0.0234,  27 negative triangles
1022: dt=0.0222,  26 negative triangles
1023: dt=0.0222,  26 negative triangles
1024: dt=0.0222,  27 negative triangles
1025: dt=0.0222,  27 negative triangles
1026: dt=0.0222,  28 negative triangles
1027: dt=0.0222,  24 negative triangles
1028: dt=0.0222,  25 negative triangles
1029: dt=0.0222,  27 negative triangles
1030: dt=0.0222,  28 negative triangles
1031: dt=0.0222,  26 negative triangles
1032: dt=0.0211,  28 negative triangles
1033: dt=0.0211,  25 negative triangles
1034: dt=0.0211,  27 negative triangles
1035: dt=0.0211,  28 negative triangles
1036: dt=0.0211,  26 negative triangles
1037: dt=0.0211,  27 negative triangles
1038: dt=0.0211,  25 negative triangles
1039: dt=0.0211,  26 negative triangles
1040: dt=0.0211,  26 negative triangles
1041: dt=0.0211,  28 negative triangles
1042: dt=0.0201,  27 negative triangles
1043: dt=0.0201,  27 negative triangles
1044: dt=0.0201,  26 negative triangles
1045: dt=0.0201,  24 negative triangles
1046: dt=0.0201,  27 negative triangles
1047: dt=0.0201,  27 negative triangles
1048: dt=0.0201,  27 negative triangles
1049: dt=0.0201,  28 negative triangles
1050: dt=0.0201,  24 negative triangles
1051: dt=0.0201,  25 negative triangles
1052: dt=0.0191,  27 negative triangles
1053: dt=0.0191,  27 negative triangles
1054: dt=0.0191,  28 negative triangles
1055: dt=0.0191,  26 negative triangles
1056: dt=0.0191,  27 negative triangles
1057: dt=0.0191,  25 negative triangles
1058: dt=0.0191,  27 negative triangles
1059: dt=0.0191,  28 negative triangles
1060: dt=0.0191,  26 negative triangles
1061: dt=0.0191,  27 negative triangles
1062: dt=0.0181,  27 negative triangles
1063: dt=0.0181,  25 negative triangles
1064: dt=0.0181,  26 negative triangles
1065: dt=0.0181,  26 negative triangles
1066: dt=0.0181,  27 negative triangles
1067: dt=0.0181,  27 negative triangles
1068: dt=0.0181,  27 negative triangles
1069: dt=0.0181,  28 negative triangles
1070: dt=0.0181,  24 negative triangles
1071: dt=0.0181,  28 negative triangles
1072: dt=0.0172,  27 negative triangles
1073: dt=0.0172,  27 negative triangles
1074: dt=0.0172,  28 negative triangles
1075: dt=0.0172,  28 negative triangles
1076: dt=0.0172,  24 negative triangles
1077: dt=0.0172,  25 negative triangles
1078: dt=0.0172,  27 negative triangles
1079: dt=0.0172,  27 negative triangles
1080: dt=0.0172,  28 negative triangles
1081: dt=0.0172,  28 negative triangles
1082: dt=0.0164,  27 negative triangles
1083: dt=0.0164,  27 negative triangles
1084: dt=0.0164,  25 negative triangles
1085: dt=0.0164,  27 negative triangles
1086: dt=0.0164,  28 negative triangles
1087: dt=0.0164,  28 negative triangles
1088: dt=0.0164,  27 negative triangles
1089: dt=0.0164,  27 negative triangles
1090: dt=0.0164,  27 negative triangles
1091: dt=0.0164,  25 negative triangles
1092: dt=0.0155,  26 negative triangles
1093: dt=0.0155,  28 negative triangles
1094: dt=0.0155,  27 negative triangles
1095: dt=0.0155,  27 negative triangles
1096: dt=0.0155,  27 negative triangles
1097: dt=0.0155,  27 negative triangles
1098: dt=0.0155,  28 negative triangles
1099: dt=0.0155,  26 negative triangles
1100: 25 negative triangles
writing spherical brain to ../surf/rh.sphere
spherical transformation took 0.1355 hours
FSRUNTIME@ mris_sphere  0.1355 hours 16 threads
#VMPC# mris_sphere VmPeak  1569096
mris_sphere done
#--------------------------------------------
#@# Surf Reg rh Sat Mar 14 12:30:42 CET 2026
/out/sourcedata/freesurfer/sub-v2s9x29161_ses-1/scripts

 mris_register -curv ../surf/rh.sphere /opt/freesurfer/average/rh.folding.atlas.acfb40.noaparc.i12.2016-08-02.tif ../surf/rh.sphere.reg 

using smoothwm curvature for final alignment

cwd /out/sourcedata/freesurfer/sub-v2s9x29161_ses-1/scripts
cmdline mris_register -curv ../surf/rh.sphere /opt/freesurfer/average/rh.folding.atlas.acfb40.noaparc.i12.2016-08-02.tif ../surf/rh.sphere.reg 

0 inflated.H
1 sulc
2 smoothwm (computed)
7.3.2
  7.3.2
reading surface from ../surf/rh.sphere...
reading template parameterization from /opt/freesurfer/average/rh.folding.atlas.acfb40.noaparc.i12.2016-08-02.tif...
MRISregister() -------
max_passes = 4 
min_degrees = 0.500000 
max_degrees = 64.000000 
nangles = 8 
tol=5.0e-01, sigma=0.0, host=dna07, nav=1024, nbrs=1, l_extern=10000.000, l_parea=0.200, l_nlarea=1.000, l_corr=1.000, l_dist=5.000
using quadratic fit line minimization
complete_dist_mat 0
rms 0
smooth_averages 0
remove_neg 0
ico_order 0
which_surface 0
target_radius 0.000000
nfields 0
scale 0.000000
desired_rms_height -1.000000
momentum 0.950000
nbhd_size -10
max_nbrs 10
niterations 25
nsurfaces 0
SURFACES 3
flags 16 (10)
use curv 16
no sulc 0
no rigid align 0
mris->nsize 1
mris->hemisphere 1
randomSeed 0

tol=5.0e-01, sigma=0.0, host=dna07, nav=1024, nbrs=1, l_extern=10000.000, l_parea=0.200, l_nlarea=1.000, l_corr=1.000, l_dist=5.000
using quadratic fit line minimization
--------------------
1 Reading rh.sulc
tol=1.0e+00, sigma=0.5, host=dna07, nav=1024, nbrs=1, l_extern=10000.000, l_parea=0.200, l_nlarea=1.000, l_corr=0.050, l_spring=0.500, l_dist=5.000
using quadratic fit line minimization
curvature mean = 0.000, std = 5.703
curvature mean = 0.025, std = 0.812
curvature mean = 0.006, std = 0.875
Starting MRISrigidBodyAlignGlobal()
Starting new MRISrigidBodyAlignGlobal_findMinSSE()
  new MRISrigidBodyAlignGlobal_findMinSSE min @ (17.50, -7.50, -3.50) sse = 263105.1, elapsed since starting=0.0568 min
MRISrigidBodyAlignGlobal() done   0.06 min
curvature mean = 0.012, std = 0.835
curvature mean = 0.003, std = 0.954
curvature mean = 0.011, std = 0.846
curvature mean = 0.001, std = 0.982
curvature mean = 0.010, std = 0.849
curvature mean = 0.000, std = 0.994
2 Reading smoothwm
curvature mean = -0.017, std = 0.274
curvature mean = 0.040, std = 0.242
curvature mean = 0.050, std = 0.374
curvature mean = 0.038, std = 0.300
curvature mean = 0.029, std = 0.571
curvature mean = 0.037, std = 0.327
curvature mean = 0.014, std = 0.708
curvature mean = 0.037, std = 0.340
curvature mean = 0.004, std = 0.811
MRISregister() return, current seed 0
-01: dt=0.0000,  44 negative triangles  VmPeak 1577244
108: dt=0.9900,  44 negative triangles
expanding nbhd size to 1
109: dt=0.9900,  44 negative triangles
110: dt=0.9900,  43 negative triangles
111: dt=0.9900,  45 negative triangles
112: dt=0.9900,  43 negative triangles
113: dt=0.9900,  43 negative triangles
114: dt=0.9900,  42 negative triangles
115: dt=0.9900,  41 negative triangles
116: dt=0.9900,  40 negative triangles
117: dt=0.9900,  40 negative triangles
118: dt=0.9900,  40 negative triangles
119: dt=0.9900,  39 negative triangles
120: dt=0.9900,  39 negative triangles
121: dt=0.9900,  38 negative triangles
122: dt=0.9900,  38 negative triangles
123: dt=0.9900,  38 negative triangles
124: dt=0.9900,  39 negative triangles
125: dt=0.9900,  39 negative triangles
126: dt=0.9900,  38 negative triangles
127: dt=0.9900,  37 negative triangles
128: dt=0.9900,  38 negative triangles
129: dt=0.9900,  38 negative triangles
130: dt=0.9900,  37 negative triangles
131: dt=0.9900,  36 negative triangles
132: dt=0.9900,  38 negative triangles
133: dt=0.9900,  37 negative triangles
134: dt=0.9900,  37 negative triangles
135: dt=0.9900,  37 negative triangles
136: dt=0.9900,  37 negative triangles
137: dt=0.9900,  36 negative triangles
138: dt=0.9900,  37 negative triangles
139: dt=0.9900,  37 negative triangles
140: dt=0.9900,  36 negative triangles
141: dt=0.9405,  37 negative triangles
142: dt=0.9405,  36 negative triangles
143: dt=0.9405,  36 negative triangles
144: dt=0.9405,  38 negative triangles
145: dt=0.9405,  38 negative triangles
146: dt=0.9405,  38 negative triangles
147: dt=0.9405,  37 negative triangles
148: dt=0.9405,  37 negative triangles
149: dt=0.9405,  38 negative triangles
150: dt=0.9405,  38 negative triangles
151: dt=0.8935,  38 negative triangles
152: dt=0.8935,  38 negative triangles
153: dt=0.8935,  36 negative triangles
154: dt=0.8935,  38 negative triangles
155: dt=0.8935,  38 negative triangles
156: dt=0.8935,  38 negative triangles
157: dt=0.8935,  37 negative triangles
158: dt=0.8935,  37 negative triangles
159: dt=0.8935,  37 negative triangles
160: dt=0.8935,  37 negative triangles
161: dt=0.8488,  39 negative triangles
162: dt=0.8488,  38 negative triangles
163: dt=0.8488,  37 negative triangles
164: dt=0.8488,  37 negative triangles
165: dt=0.8488,  35 negative triangles
166: dt=0.8488,  36 negative triangles
167: dt=0.8488,  37 negative triangles
168: dt=0.8488,  39 negative triangles
169: dt=0.8488,  37 negative triangles
170: dt=0.8488,  40 negative triangles
171: dt=0.8488,  38 negative triangles
172: dt=0.8488,  37 negative triangles
173: dt=0.8488,  38 negative triangles
174: dt=0.8488,  38 negative triangles
175: dt=0.8064,  36 negative triangles
176: dt=0.8064,  36 negative triangles
177: dt=0.8064,  39 negative triangles
178: dt=0.8064,  38 negative triangles
179: dt=0.8064,  38 negative triangles
180: dt=0.8064,  37 negative triangles
181: dt=0.8064,  38 negative triangles
182: dt=0.8064,  38 negative triangles
183: dt=0.8064,  36 negative triangles
184: dt=0.8064,  36 negative triangles
185: dt=0.7660,  37 negative triangles
186: dt=0.7660,  38 negative triangles
187: dt=0.7660,  35 negative triangles
188: dt=0.7660,  36 negative triangles
189: dt=0.7660,  36 negative triangles
190: dt=0.7660,  35 negative triangles
191: dt=0.7660,  37 negative triangles
192: dt=0.7660,  35 negative triangles
193: dt=0.7660,  37 negative triangles
194: dt=0.7660,  37 negative triangles
195: dt=0.7277,  37 negative triangles
196: dt=0.7277,  36 negative triangles
197: dt=0.7277,  36 negative triangles
198: dt=0.7277,  37 negative triangles
199: dt=0.7277,  37 negative triangles
200: dt=0.7277,  38 negative triangles
201: dt=0.7277,  37 negative triangles
202: dt=0.7277,  37 negative triangles
203: dt=0.7277,  38 negative triangles
204: dt=0.7277,  37 negative triangles
205: dt=0.6914,  37 negative triangles
206: dt=0.6914,  36 negative triangles
207: dt=0.6914,  38 negative triangles
208: dt=0.6914,  35 negative triangles
209: dt=0.6914,  36 negative triangles
210: dt=0.6914,  36 negative triangles
211: dt=0.6914,  36 negative triangles
212: dt=0.6914,  37 negative triangles
213: dt=0.6914,  39 negative triangles
214: dt=0.6914,  38 negative triangles
215: dt=0.6568,  38 negative triangles
216: dt=0.6568,  37 negative triangles
217: dt=0.6568,  37 negative triangles
218: dt=0.6568,  36 negative triangles
219: dt=0.6568,  36 negative triangles
220: dt=0.6568,  36 negative triangles
221: dt=0.6568,  36 negative triangles
222: dt=0.6568,  38 negative triangles
223: dt=0.6568,  38 negative triangles
224: dt=0.6568,  36 negative triangles
225: dt=0.6239,  39 negative triangles
226: dt=0.6239,  38 negative triangles
227: dt=0.6239,  38 negative triangles
228: dt=0.6239,  36 negative triangles
229: dt=0.6239,  37 negative triangles
230: dt=0.6239,  36 negative triangles
231: dt=0.6239,  38 negative triangles
232: dt=0.6239,  37 negative triangles
233: dt=0.6239,  38 negative triangles
234: dt=0.6239,  34 negative triangles
235: dt=0.6239,  38 negative triangles
236: dt=0.6239,  37 negative triangles
237: dt=0.6239,  36 negative triangles
238: dt=0.6239,  36 negative triangles
239: dt=0.6239,  37 negative triangles
240: dt=0.6239,  40 negative triangles
241: dt=0.6239,  37 negative triangles
242: dt=0.6239,  35 negative triangles
243: dt=0.6239,  37 negative triangles
244: dt=0.5927,  36 negative triangles
245: dt=0.5927,  38 negative triangles
246: dt=0.5927,  36 negative triangles
247: dt=0.5927,  38 negative triangles
248: dt=0.5927,  39 negative triangles
249: dt=0.5927,  37 negative triangles
250: dt=0.5927,  41 negative triangles
251: dt=0.5927,  37 negative triangles
252: dt=0.5927,  39 negative triangles
253: dt=0.5927,  35 negative triangles
254: dt=0.5631,  37 negative triangles
255: dt=0.5631,  37 negative triangles
256: dt=0.5631,  40 negative triangles
257: dt=0.5631,  39 negative triangles
258: dt=0.5631,  39 negative triangles
259: dt=0.5631,  40 negative triangles
260: dt=0.5631,  38 negative triangles
261: dt=0.5631,  37 negative triangles
262: dt=0.5631,  39 negative triangles
263: dt=0.5631,  39 negative triangles
264: dt=0.5350,  40 negative triangles
265: dt=0.5350,  37 negative triangles
266: dt=0.5350,  39 negative triangles
267: dt=0.5350,  37 negative triangles
268: dt=0.5350,  40 negative triangles
269: dt=0.5350,  42 negative triangles
270: dt=0.5350,  38 negative triangles
271: dt=0.5350,  39 negative triangles
272: dt=0.5350,  38 negative triangles
273: dt=0.5350,  37 negative triangles
274: dt=0.5082,  37 negative triangles
275: dt=0.5082,  37 negative triangles
276: dt=0.5082,  36 negative triangles
277: dt=0.5082,  34 negative triangles
278: dt=0.5082,  37 negative triangles
279: dt=0.5082,  37 negative triangles
280: dt=0.5082,  36 negative triangles
281: dt=0.5082,  39 negative triangles
282: dt=0.5082,  39 negative triangles
283: dt=0.5082,  40 negative triangles
284: dt=0.4828,  39 negative triangles
285: dt=0.4828,  37 negative triangles
286: dt=0.4828,  41 negative triangles
287: dt=0.4828,  37 negative triangles
288: dt=0.4828,  37 negative triangles
289: dt=0.4828,  37 negative triangles
290: dt=0.4828,  38 negative triangles
291: dt=0.4828,  38 negative triangles
292: dt=0.4828,  39 negative triangles
293: dt=0.4828,  38 negative triangles
294: dt=0.4587,  39 negative triangles
295: dt=0.4587,  41 negative triangles
296: dt=0.4587,  39 negative triangles
297: dt=0.4587,  35 negative triangles
298: dt=0.4587,  39 negative triangles
299: dt=0.4587,  41 negative triangles
300: dt=0.4587,  38 negative triangles
301: dt=0.4587,  40 negative triangles
302: dt=0.4587,  42 negative triangles
303: dt=0.4587,  39 negative triangles
304: dt=0.4357,  39 negative triangles
305: dt=0.4357,  37 negative triangles
306: dt=0.4357,  40 negative triangles
307: dt=0.4357,  38 negative triangles
308: dt=0.4357,  38 negative triangles
309: dt=0.4357,  40 negative triangles
310: dt=0.4357,  36 negative triangles
311: dt=0.4357,  38 negative triangles
312: dt=0.4357,  38 negative triangles
313: dt=0.4357,  35 negative triangles
314: dt=0.4139,  36 negative triangles
315: dt=0.4139,  36 negative triangles
316: dt=0.4139,  36 negative triangles
317: dt=0.4139,  40 negative triangles
318: dt=0.4139,  39 negative triangles
319: dt=0.4139,  36 negative triangles
320: dt=0.4139,  37 negative triangles
321: dt=0.4139,  35 negative triangles
322: dt=0.4139,  34 negative triangles
323: dt=0.4139,  39 negative triangles
324: dt=0.3932,  34 negative triangles
325: dt=0.3932,  40 negative triangles
326: dt=0.3932,  39 negative triangles
327: dt=0.3932,  40 negative triangles
328: dt=0.3932,  43 negative triangles
329: dt=0.3932,  41 negative triangles
330: dt=0.3932,  39 negative triangles
331: dt=0.3932,  41 negative triangles
332: dt=0.3932,  42 negative triangles
333: dt=0.3932,  37 negative triangles
334: dt=0.3736,  39 negative triangles
335: dt=0.3736,  39 negative triangles
336: dt=0.3736,  35 negative triangles
337: dt=0.3736,  42 negative triangles
338: dt=0.3736,  38 negative triangles
339: dt=0.3736,  37 negative triangles
340: dt=0.3736,  38 negative triangles
341: dt=0.3736,  38 negative triangles
342: dt=0.3736,  38 negative triangles
343: dt=0.3736,  39 negative triangles
344: dt=0.3549,  34 negative triangles
345: dt=0.3549,  37 negative triangles
346: dt=0.3549,  41 negative triangles
347: dt=0.3549,  40 negative triangles
348: dt=0.3549,  39 negative triangles
349: dt=0.3549,  44 negative triangles
350: dt=0.3549,  42 negative triangles
351: dt=0.3549,  36 negative triangles
352: dt=0.3549,  38 negative triangles
353: dt=0.3549,  36 negative triangles
354: dt=0.3372,  36 negative triangles
355: dt=0.3372,  38 negative triangles
356: dt=0.3372,  37 negative triangles
357: dt=0.3372,  37 negative triangles
358: dt=0.3372,  41 negative triangles
359: dt=0.3372,  38 negative triangles
360: dt=0.3372,  37 negative triangles
361: dt=0.3372,  37 negative triangles
362: dt=0.3372,  36 negative triangles
363: dt=0.3372,  33 negative triangles
364: dt=0.3372,  36 negative triangles
365: dt=0.3372,  37 negative triangles
366: dt=0.3372,  35 negative triangles
367: dt=0.3372,  37 negative triangles
368: dt=0.3372,  35 negative triangles
369: dt=0.3372,  36 negative triangles
370: dt=0.3372,  37 negative triangles
371: dt=0.3372,  40 negative triangles
372: dt=0.3372,  42 negative triangles
373: dt=0.3203,  39 negative triangles
374: dt=0.3203,  37 negative triangles
375: dt=0.3203,  39 negative triangles
376: dt=0.3203,  38 negative triangles
377: dt=0.3203,  38 negative triangles
378: dt=0.3203,  39 negative triangles
379: dt=0.3203,  41 negative triangles
380: dt=0.3203,  36 negative triangles
381: dt=0.3203,  38 negative triangles
382: dt=0.3203,  34 negative triangles
383: dt=0.3043,  38 negative triangles
384: dt=0.3043,  38 negative triangles
385: dt=0.3043,  36 negative triangles
386: dt=0.3043,  38 negative triangles
387: dt=0.3043,  37 negative triangles
388: dt=0.3043,  36 negative triangles
389: dt=0.3043,  38 negative triangles
390: dt=0.3043,  39 negative triangles
391: dt=0.3043,  41 negative triangles
392: dt=0.3043,  37 negative triangles
393: dt=0.2891,  40 negative triangles
394: dt=0.2891,  40 negative triangles
395: dt=0.2891,  35 negative triangles
396: dt=0.2891,  36 negative triangles
397: dt=0.2891,  38 negative triangles
398: dt=0.2891,  38 negative triangles
399: dt=0.2891,  41 negative triangles
400: dt=0.2891,  39 negative triangles
401: dt=0.2891,  37 negative triangles
402: dt=0.2891,  37 negative triangles
403: dt=0.2746,  36 negative triangles
404: dt=0.2746,  34 negative triangles
405: dt=0.2746,  34 negative triangles
406: dt=0.2746,  35 negative triangles
407: dt=0.2746,  38 negative triangles
408: dt=0.2746,  41 negative triangles
409: dt=0.2746,  40 negative triangles
410: dt=0.2746,  36 negative triangles
411: dt=0.2746,  40 negative triangles
412: dt=0.2746,  39 negative triangles
413: dt=0.2609,  40 negative triangles
414: dt=0.2609,  40 negative triangles
415: dt=0.2609,  38 negative triangles
416: dt=0.2609,  41 negative triangles
417: dt=0.2609,  39 negative triangles
418: dt=0.2609,  37 negative triangles
419: dt=0.2609,  35 negative triangles
420: dt=0.2609,  33 negative triangles
421: dt=0.2609,  36 negative triangles
422: dt=0.2609,  38 negative triangles
423: dt=0.2478,  34 negative triangles
424: dt=0.2478,  35 negative triangles
425: dt=0.2478,  37 negative triangles
426: dt=0.2478,  37 negative triangles
427: dt=0.2478,  35 negative triangles
428: dt=0.2478,  35 negative triangles
429: dt=0.2478,  36 negative triangles
430: dt=0.2478,  37 negative triangles
431: dt=0.2478,  37 negative triangles
432: dt=0.2478,  37 negative triangles
433: dt=0.2354,  39 negative triangles
434: dt=0.2354,  39 negative triangles
435: dt=0.2354,  42 negative triangles
436: dt=0.2354,  40 negative triangles
437: dt=0.2354,  39 negative triangles
438: dt=0.2354,  37 negative triangles
439: dt=0.2354,  37 negative triangles
440: dt=0.2354,  40 negative triangles
441: dt=0.2354,  42 negative triangles
442: dt=0.2354,  40 negative triangles
443: dt=0.2237,  37 negative triangles
444: dt=0.2237,  38 negative triangles
445: dt=0.2237,  36 negative triangles
446: dt=0.2237,  38 negative triangles
447: dt=0.2237,  36 negative triangles
448: dt=0.2237,  38 negative triangles
449: dt=0.2237,  36 negative triangles
450: dt=0.2237,  37 negative triangles
451: dt=0.2237,  39 negative triangles
452: dt=0.2237,  36 negative triangles
453: dt=0.2125,  38 negative triangles
454: dt=0.2125,  37 negative triangles
455: dt=0.2125,  39 negative triangles
456: dt=0.2125,  40 negative triangles
457: dt=0.2125,  39 negative triangles
458: dt=0.2125,  36 negative triangles
459: dt=0.2125,  33 negative triangles
460: dt=0.2125,  35 negative triangles
461: dt=0.2125,  37 negative triangles
462: dt=0.2125,  37 negative triangles
463: dt=0.2019,  38 negative triangles
464: dt=0.2019,  39 negative triangles
465: dt=0.2019,  38 negative triangles
466: dt=0.2019,  36 negative triangles
467: dt=0.2019,  37 negative triangles
468: dt=0.2019,  36 negative triangles
469: dt=0.2019,  34 negative triangles
470: dt=0.2019,  36 negative triangles
471: dt=0.2019,  37 negative triangles
472: dt=0.2019,  37 negative triangles
473: dt=0.1918,  39 negative triangles
474: dt=0.1918,  39 negative triangles
475: dt=0.1918,  37 negative triangles
476: dt=0.1918,  36 negative triangles
477: dt=0.1918,  35 negative triangles
478: dt=0.1918,  37 negative triangles
479: dt=0.1918,  38 negative triangles
480: dt=0.1918,  37 negative triangles
481: dt=0.1918,  39 negative triangles
482: dt=0.1918,  38 negative triangles
483: dt=0.1822,  37 negative triangles
484: dt=0.1822,  35 negative triangles
485: dt=0.1822,  36 negative triangles
486: dt=0.1822,  34 negative triangles
487: dt=0.1822,  33 negative triangles
488: dt=0.1822,  35 negative triangles
489: dt=0.1822,  38 negative triangles
490: dt=0.1822,  37 negative triangles
491: dt=0.1822,  40 negative triangles
492: dt=0.1822,  39 negative triangles
493: dt=0.1731,  37 negative triangles
494: dt=0.1731,  38 negative triangles
495: dt=0.1731,  40 negative triangles
496: dt=0.1731,  38 negative triangles
497: dt=0.1731,  38 negative triangles
498: dt=0.1731,  39 negative triangles
499: dt=0.1731,  40 negative triangles
500: dt=0.1731,  38 negative triangles
501: dt=0.1731,  40 negative triangles
502: dt=0.1731,  38 negative triangles
503: dt=0.1644,  37 negative triangles
504: dt=0.1644,  39 negative triangles
505: dt=0.1644,  39 negative triangles
506: dt=0.1644,  39 negative triangles
507: dt=0.1644,  39 negative triangles
508: dt=0.1644,  39 negative triangles
509: dt=0.1644,  37 negative triangles
510: dt=0.1644,  35 negative triangles
511: dt=0.1644,  37 negative triangles
512: dt=0.1644,  36 negative triangles
513: dt=0.1562,  35 negative triangles
514: dt=0.1562,  36 negative triangles
515: dt=0.1562,  37 negative triangles
516: dt=0.1562,  38 negative triangles
517: dt=0.1562,  38 negative triangles
518: dt=0.1562,  38 negative triangles
519: dt=0.1562,  34 negative triangles
520: dt=0.1562,  35 negative triangles
521: dt=0.1562,  38 negative triangles
522: dt=0.1562,  38 negative triangles
523: dt=0.1484,  37 negative triangles
524: dt=0.1484,  37 negative triangles
525: dt=0.1484,  39 negative triangles
526: dt=0.1484,  38 negative triangles
527: dt=0.1484,  38 negative triangles
528: dt=0.1484,  38 negative triangles
529: dt=0.1484,  39 negative triangles
530: dt=0.1484,  36 negative triangles
531: dt=0.1484,  38 negative triangles
532: dt=0.1484,  35 negative triangles
533: dt=0.1410,  38 negative triangles
534: dt=0.1410,  37 negative triangles
535: dt=0.1410,  36 negative triangles
536: dt=0.1410,  38 negative triangles
537: dt=0.1410,  40 negative triangles
538: dt=0.1410,  39 negative triangles
539: dt=0.1410,  38 negative triangles
540: dt=0.1410,  36 negative triangles
541: dt=0.1410,  35 negative triangles
542: dt=0.1410,  36 negative triangles
543: dt=0.1339,  38 negative triangles
544: dt=0.1339,  37 negative triangles
545: dt=0.1339,  40 negative triangles
546: dt=0.1339,  41 negative triangles
547: dt=0.1339,  40 negative triangles
548: dt=0.1339,  40 negative triangles
549: dt=0.1339,  39 negative triangles
550: dt=0.1339,  40 negative triangles
551: dt=0.1339,  36 negative triangles
552: dt=0.1339,  42 negative triangles
553: dt=0.1272,  41 negative triangles
554: dt=0.1272,  39 negative triangles
555: dt=0.1272,  40 negative triangles
556: dt=0.1272,  40 negative triangles
557: dt=0.1272,  40 negative triangles
558: dt=0.1272,  39 negative triangles
559: dt=0.1272,  39 negative triangles
560: dt=0.1272,  38 negative triangles
561: dt=0.1272,  38 negative triangles
562: dt=0.1272,  40 negative triangles
563: dt=0.1209,  37 negative triangles
564: dt=0.1209,  40 negative triangles
565: dt=0.1209,  39 negative triangles
566: dt=0.1209,  39 negative triangles
567: dt=0.1209,  40 negative triangles
568: dt=0.1209,  37 negative triangles
569: dt=0.1209,  37 negative triangles
570: dt=0.1209,  38 negative triangles
571: dt=0.1209,  35 negative triangles
572: dt=0.1209,  38 negative triangles
573: dt=0.1148,  38 negative triangles
574: dt=0.1148,  40 negative triangles
575: dt=0.1148,  37 negative triangles
576: dt=0.1148,  38 negative triangles
577: dt=0.1148,  37 negative triangles
578: dt=0.1148,  38 negative triangles
579: dt=0.1148,  35 negative triangles
580: dt=0.1148,  39 negative triangles
581: dt=0.1148,  42 negative triangles
582: dt=0.1148,  40 negative triangles
583: dt=0.1091,  39 negative triangles
584: dt=0.1091,  37 negative triangles
585: dt=0.1091,  39 negative triangles
586: dt=0.1091,  39 negative triangles
587: dt=0.1091,  37 negative triangles
588: dt=0.1091,  37 negative triangles
589: dt=0.1091,  39 negative triangles
590: dt=0.1091,  41 negative triangles
591: dt=0.1091,  39 negative triangles
592: dt=0.1091,  40 negative triangles
593: dt=0.1036,  38 negative triangles
594: dt=0.1036,  40 negative triangles
595: dt=0.1036,  39 negative triangles
596: dt=0.1036,  40 negative triangles
597: dt=0.1036,  38 negative triangles
598: dt=0.1036,  37 negative triangles
599: dt=0.1036,  39 negative triangles
600: dt=0.1036,  40 negative triangles
601: dt=0.1036,  39 negative triangles
602: dt=0.1036,  40 negative triangles
603: dt=0.0984,  38 negative triangles
604: dt=0.0984,  40 negative triangles
605: dt=0.0984,  36 negative triangles
606: dt=0.0984,  37 negative triangles
607: dt=0.0984,  37 negative triangles
608: dt=0.0984,  38 negative triangles
609: dt=0.0984,  35 negative triangles
610: dt=0.0984,  37 negative triangles
611: dt=0.0984,  39 negative triangles
612: dt=0.0984,  37 negative triangles
613: dt=0.0935,  39 negative triangles
614: dt=0.0935,  37 negative triangles
615: dt=0.0935,  39 negative triangles
616: dt=0.0935,  38 negative triangles
617: dt=0.0935,  37 negative triangles
618: dt=0.0935,  37 negative triangles
619: dt=0.0935,  38 negative triangles
620: dt=0.0935,  37 negative triangles
621: dt=0.0935,  34 negative triangles
622: dt=0.0935,  35 negative triangles
623: dt=0.0888,  37 negative triangles
624: dt=0.0888,  35 negative triangles
625: dt=0.0888,  38 negative triangles
626: dt=0.0888,  37 negative triangles
627: dt=0.0888,  37 negative triangles
628: dt=0.0888,  35 negative triangles
629: dt=0.0888,  38 negative triangles
630: dt=0.0888,  37 negative triangles
631: dt=0.0888,  37 negative triangles
632: dt=0.0888,  39 negative triangles
633: dt=0.0844,  36 negative triangles
634: dt=0.0844,  35 negative triangles
635: dt=0.0844,  37 negative triangles
636: dt=0.0844,  37 negative triangles
637: dt=0.0844,  38 negative triangles
638: dt=0.0844,  34 negative triangles
639: dt=0.0844,  37 negative triangles
640: dt=0.0844,  36 negative triangles
641: dt=0.0844,  38 negative triangles
642: dt=0.0844,  37 negative triangles
643: dt=0.0802,  37 negative triangles
644: dt=0.0802,  39 negative triangles
645: dt=0.0802,  38 negative triangles
646: dt=0.0802,  38 negative triangles
647: dt=0.0802,  38 negative triangles
648: dt=0.0802,  38 negative triangles
649: dt=0.0802,  37 negative triangles
650: dt=0.0802,  41 negative triangles
651: dt=0.0802,  39 negative triangles
652: dt=0.0802,  38 negative triangles
653: dt=0.0762,  39 negative triangles
654: dt=0.0762,  40 negative triangles
655: dt=0.0762,  39 negative triangles
656: dt=0.0762,  37 negative triangles
657: dt=0.0762,  38 negative triangles
658: dt=0.0762,  37 negative triangles
659: dt=0.0762,  38 negative triangles
660: dt=0.0762,  38 negative triangles
661: dt=0.0762,  36 negative triangles
662: dt=0.0762,  38 negative triangles
663: dt=0.0724,  38 negative triangles
664: dt=0.0724,  40 negative triangles
665: dt=0.0724,  40 negative triangles
666: dt=0.0724,  39 negative triangles
667: dt=0.0724,  36 negative triangles
668: dt=0.0724,  41 negative triangles
669: dt=0.0724,  39 negative triangles
670: dt=0.0724,  40 negative triangles
671: dt=0.0724,  38 negative triangles
672: dt=0.0724,  39 negative triangles
673: dt=0.0687,  40 negative triangles
674: dt=0.0687,  39 negative triangles
675: dt=0.0687,  40 negative triangles
676: dt=0.0687,  41 negative triangles
677: dt=0.0687,  39 negative triangles
678: dt=0.0687,  37 negative triangles
679: dt=0.0687,  39 negative triangles
680: dt=0.0687,  39 negative triangles
681: dt=0.0687,  40 negative triangles
682: dt=0.0687,  41 negative triangles
683: dt=0.0653,  39 negative triangles
684: dt=0.0653,  41 negative triangles
685: dt=0.0653,  39 negative triangles
686: dt=0.0653,  40 negative triangles
687: dt=0.0653,  38 negative triangles
688: dt=0.0653,  39 negative triangles
689: dt=0.0653,  41 negative triangles
690: dt=0.0653,  39 negative triangles
691: dt=0.0653,  40 negative triangles
692: dt=0.0653,  42 negative triangles
693: dt=0.0620,  41 negative triangles
694: dt=0.0620,  39 negative triangles
695: dt=0.0620,  37 negative triangles
696: dt=0.0620,  36 negative triangles
697: dt=0.0620,  35 negative triangles
698: dt=0.0620,  37 negative triangles
699: dt=0.0620,  36 negative triangles
700: dt=0.0620,  35 negative triangles
701: dt=0.0620,  36 negative triangles
702: dt=0.0620,  34 negative triangles
703: dt=0.0589,  36 negative triangles
704: dt=0.0589,  39 negative triangles
705: dt=0.0589,  38 negative triangles
706: dt=0.0589,  36 negative triangles
707: dt=0.0589,  39 negative triangles
708: dt=0.0589,  38 negative triangles
709: dt=0.0589,  37 negative triangles
710: dt=0.0589,  38 negative triangles
711: dt=0.0589,  39 negative triangles
712: dt=0.0589,  40 negative triangles
713: dt=0.0560,  36 negative triangles
714: dt=0.0560,  37 negative triangles
715: dt=0.0560,  37 negative triangles
716: dt=0.0560,  38 negative triangles
717: dt=0.0560,  40 negative triangles
718: dt=0.0560,  38 negative triangles
719: dt=0.0560,  39 negative triangles
720: dt=0.0560,  39 negative triangles
721: dt=0.0560,  38 negative triangles
722: dt=0.0560,  34 negative triangles
723: dt=0.0532,  35 negative triangles
724: dt=0.0532,  34 negative triangles
725: dt=0.0532,  35 negative triangles
726: dt=0.0532,  33 negative triangles
727: dt=0.0532,  35 negative triangles
728: dt=0.0532,  34 negative triangles
729: dt=0.0532,  32 negative triangles
730: dt=0.0532,  32 negative triangles
731: dt=0.0532,  32 negative triangles
732: dt=0.0532,  35 negative triangles
733: dt=0.0532,  35 negative triangles
734: dt=0.0532,  35 negative triangles
735: dt=0.0532,  33 negative triangles
736: dt=0.0532,  35 negative triangles
737: dt=0.0532,  33 negative triangles
738: dt=0.0532,  35 negative triangles
739: dt=0.0505,  34 negative triangles
740: dt=0.0505,  34 negative triangles
741: dt=0.0505,  35 negative triangles
742: dt=0.0505,  34 negative triangles
743: dt=0.0505,  35 negative triangles
744: dt=0.0505,  36 negative triangles
745: dt=0.0505,  35 negative triangles
746: dt=0.0505,  35 negative triangles
747: dt=0.0505,  39 negative triangles
748: dt=0.0505,  39 negative triangles
749: dt=0.0480,  37 negative triangles
750: dt=0.0480,  36 negative triangles
751: dt=0.0480,  35 negative triangles
752: dt=0.0480,  37 negative triangles
753: dt=0.0480,  36 negative triangles
754: dt=0.0480,  33 negative triangles
755: dt=0.0480,  35 negative triangles
756: dt=0.0480,  34 negative triangles
757: dt=0.0480,  34 negative triangles
758: dt=0.0480,  35 negative triangles
759: dt=0.0456,  33 negative triangles
760: dt=0.0456,  32 negative triangles
761: dt=0.0456,  36 negative triangles
762: dt=0.0456,  36 negative triangles
763: dt=0.0456,  40 negative triangles
764: dt=0.0456,  40 negative triangles
765: dt=0.0456,  41 negative triangles
766: dt=0.0456,  40 negative triangles
767: dt=0.0456,  39 negative triangles
768: dt=0.0456,  38 negative triangles
769: dt=0.0433,  38 negative triangles
770: dt=0.0433,  38 negative triangles
771: dt=0.0433,  39 negative triangles
772: dt=0.0433,  39 negative triangles
773: dt=0.0433,  37 negative triangles
774: dt=0.0433,  37 negative triangles
775: dt=0.0433,  37 negative triangles
776: dt=0.0433,  37 negative triangles
777: dt=0.0433,  38 negative triangles
778: dt=0.0433,  36 negative triangles
779: dt=0.0412,  39 negative triangles
780: dt=0.0412,  34 negative triangles
781: dt=0.0412,  37 negative triangles
782: dt=0.0412,  34 negative triangles
783: dt=0.0412,  38 negative triangles
784: dt=0.0412,  38 negative triangles
785: dt=0.0412,  36 negative triangles
786: dt=0.0412,  35 negative triangles
787: dt=0.0412,  37 negative triangles
788: dt=0.0412,  36 negative triangles
789: dt=0.0391,  38 negative triangles
790: dt=0.0391,  34 negative triangles
791: dt=0.0391,  33 negative triangles
792: dt=0.0391,  35 negative triangles
793: dt=0.0391,  33 negative triangles
794: dt=0.0391,  34 negative triangles
795: dt=0.0391,  37 negative triangles
796: dt=0.0391,  36 negative triangles
797: dt=0.0391,  36 negative triangles
798: dt=0.0391,  34 negative triangles
799: dt=0.0371,  35 negative triangles
800: dt=0.0371,  37 negative triangles
801: dt=0.0371,  37 negative triangles
802: dt=0.0371,  37 negative triangles
803: dt=0.0371,  37 negative triangles
804: dt=0.0371,  37 negative triangles
805: dt=0.0371,  37 negative triangles
806: dt=0.0371,  37 negative triangles
807: dt=0.0371,  36 negative triangles
808: dt=0.0371,  36 negative triangles
809: dt=0.0353,  36 negative triangles
810: dt=0.0353,  37 negative triangles
811: dt=0.0353,  37 negative triangles
812: dt=0.0353,  37 negative triangles
813: dt=0.0353,  39 negative triangles
814: dt=0.0353,  39 negative triangles
815: dt=0.0353,  40 negative triangles
816: dt=0.0353,  37 negative triangles
817: dt=0.0353,  36 negative triangles
818: dt=0.0353,  36 negative triangles
819: dt=0.0335,  40 negative triangles
820: dt=0.0335,  39 negative triangles
821: dt=0.0335,  38 negative triangles
822: dt=0.0335,  38 negative triangles
823: dt=0.0335,  38 negative triangles
824: dt=0.0335,  40 negative triangles
825: dt=0.0335,  39 negative triangles
826: dt=0.0335,  39 negative triangles
827: dt=0.0335,  40 negative triangles
828: dt=0.0335,  39 negative triangles
829: dt=0.0319,  40 negative triangles
830: dt=0.0319,  39 negative triangles
831: dt=0.0319,  37 negative triangles
832: dt=0.0319,  36 negative triangles
833: dt=0.0319,  37 negative triangles
834: dt=0.0319,  37 negative triangles
835: dt=0.0319,  38 negative triangles
836: dt=0.0319,  37 negative triangles
837: dt=0.0319,  37 negative triangles
838: dt=0.0319,  35 negative triangles
839: dt=0.0303,  37 negative triangles
840: dt=0.0303,  37 negative triangles
841: dt=0.0303,  35 negative triangles
842: dt=0.0303,  36 negative triangles
843: dt=0.0303,  37 negative triangles
844: dt=0.0303,  36 negative triangles
845: dt=0.0303,  36 negative triangles
846: dt=0.0303,  36 negative triangles
847: dt=0.0303,  38 negative triangles
848: dt=0.0303,  38 negative triangles
849: dt=0.0287,  37 negative triangles
850: dt=0.0287,  37 negative triangles
851: dt=0.0287,  38 negative triangles
852: dt=0.0287,  39 negative triangles
853: dt=0.0287,  39 negative triangles
854: dt=0.0287,  40 negative triangles
855: dt=0.0287,  40 negative triangles
856: dt=0.0287,  39 negative triangles
857: dt=0.0287,  39 negative triangles
858: dt=0.0287,  38 negative triangles
859: dt=0.0273,  38 negative triangles
860: dt=0.0273,  38 negative triangles
861: dt=0.0273,  35 negative triangles
862: dt=0.0273,  36 negative triangles
863: dt=0.0273,  36 negative triangles
864: dt=0.0273,  36 negative triangles
865: dt=0.0273,  35 negative triangles
866: dt=0.0273,  39 negative triangles
867: dt=0.0273,  39 negative triangles
868: dt=0.0273,  37 negative triangles
869: dt=0.0259,  40 negative triangles
870: dt=0.0259,  39 negative triangles
871: dt=0.0259,  39 negative triangles
872: dt=0.0259,  38 negative triangles
873: dt=0.0259,  38 negative triangles
874: dt=0.0259,  38 negative triangles
875: dt=0.0259,  39 negative triangles
876: dt=0.0259,  39 negative triangles
877: dt=0.0259,  37 negative triangles
878: dt=0.0259,  37 negative triangles
879: dt=0.0246,  37 negative triangles
880: dt=0.0246,  38 negative triangles
881: dt=0.0246,  39 negative triangles
882: dt=0.0246,  37 negative triangles
883: dt=0.0246,  37 negative triangles
884: dt=0.0246,  38 negative triangles
885: dt=0.0246,  37 negative triangles
886: dt=0.0246,  38 negative triangles
887: dt=0.0246,  38 negative triangles
888: dt=0.0246,  39 negative triangles
889: dt=0.0234,  38 negative triangles
890: dt=0.0234,  40 negative triangles
891: dt=0.0234,  39 negative triangles
892: dt=0.0234,  39 negative triangles
893: dt=0.0234,  38 negative triangles
894: dt=0.0234,  39 negative triangles
895: dt=0.0234,  38 negative triangles
896: dt=0.0234,  38 negative triangles
897: dt=0.0234,  39 negative triangles
898: dt=0.0234,  39 negative triangles
899: dt=0.0222,  40 negative triangles
900: dt=0.0222,  40 negative triangles
901: dt=0.0222,  37 negative triangles
902: dt=0.0222,  39 negative triangles
903: dt=0.0222,  39 negative triangles
904: dt=0.0222,  38 negative triangles
905: dt=0.0222,  39 negative triangles
906: dt=0.0222,  37 negative triangles
907: dt=0.0222,  36 negative triangles
908: dt=0.0222,  36 negative triangles
909: dt=0.0211,  36 negative triangles
910: dt=0.0211,  37 negative triangles
911: dt=0.0211,  37 negative triangles
912: dt=0.0211,  37 negative triangles
913: dt=0.0211,  37 negative triangles
914: dt=0.0211,  38 negative triangles
915: dt=0.0211,  37 negative triangles
916: dt=0.0211,  37 negative triangles
917: dt=0.0211,  38 negative triangles
918: dt=0.0211,  39 negative triangles
919: dt=0.0201,  39 negative triangles
920: dt=0.0201,  39 negative triangles
921: dt=0.0201,  39 negative triangles
922: dt=0.0201,  38 negative triangles
923: dt=0.0201,  35 negative triangles
924: dt=0.0201,  37 negative triangles
925: dt=0.0201,  37 negative triangles
926: dt=0.0201,  38 negative triangles
927: dt=0.0201,  37 negative triangles
928: dt=0.0201,  35 negative triangles
929: dt=0.0191,  35 negative triangles
930: dt=0.0191,  37 negative triangles
931: dt=0.0191,  36 negative triangles
932: dt=0.0191,  36 negative triangles
933: dt=0.0191,  37 negative triangles
934: dt=0.0191,  36 negative triangles
935: dt=0.0191,  36 negative triangles
936: dt=0.0191,  36 negative triangles
937: dt=0.0191,  35 negative triangles
938: dt=0.0191,  37 negative triangles
939: dt=0.0181,  37 negative triangles
940: dt=0.0181,  36 negative triangles
941: dt=0.0181,  36 negative triangles
942: dt=0.0181,  37 negative triangles
943: dt=0.0181,  37 negative triangles
944: dt=0.0181,  37 negative triangles
945: dt=0.0181,  36 negative triangles
946: dt=0.0181,  35 negative triangles
947: dt=0.0181,  35 negative triangles
948: dt=0.0181,  35 negative triangles
949: dt=0.0172,  35 negative triangles
950: dt=0.0172,  35 negative triangles
951: dt=0.0172,  34 negative triangles
952: dt=0.0172,  34 negative triangles
953: dt=0.0172,  34 negative triangles
954: dt=0.0172,  34 negative triangles
955: dt=0.0172,  35 negative triangles
956: dt=0.0172,  35 negative triangles
957: dt=0.0172,  36 negative triangles
958: dt=0.0172,  35 negative triangles
959: dt=0.0164,  35 negative triangles
960: dt=0.0164,  36 negative triangles
961: dt=0.0164,  35 negative triangles
962: dt=0.0164,  35 negative triangles
963: dt=0.0164,  35 negative triangles
964: dt=0.0164,  35 negative triangles
965: dt=0.0164,  34 negative triangles
966: dt=0.0164,  34 negative triangles
967: dt=0.0164,  35 negative triangles
968: dt=0.0164,  34 negative triangles
969: dt=0.0155,  35 negative triangles
970: dt=0.0155,  34 negative triangles
971: dt=0.0155,  34 negative triangles
972: dt=0.0155,  35 negative triangles
973: dt=0.0155,  34 negative triangles
974: dt=0.0155,  34 negative triangles
975: dt=0.0155,  35 negative triangles
976: dt=0.0155,  34 negative triangles
977: dt=0.0155,  34 negative triangles
978: dt=0.0155,  35 negative triangles
979: dt=0.0148,  34 negative triangles
980: dt=0.0148,  34 negative triangles
981: dt=0.0148,  35 negative triangles
982: dt=0.0148,  34 negative triangles
983: dt=0.0148,  34 negative triangles
984: dt=0.0148,  34 negative triangles
985: dt=0.0148,  35 negative triangles
986: dt=0.0148,  35 negative triangles
987: dt=0.0148,  35 negative triangles
988: dt=0.0148,  36 negative triangles
989: dt=0.0140,  36 negative triangles
990: dt=0.0140,  36 negative triangles
991: dt=0.0140,  36 negative triangles
992: dt=0.0140,  36 negative triangles
993: dt=0.0140,  36 negative triangles
994: dt=0.0140,  36 negative triangles
995: dt=0.0140,  36 negative triangles
996: dt=0.0140,  36 negative triangles
997: dt=0.0140,  36 negative triangles
998: dt=0.0140,  36 negative triangles
999: dt=0.0133,  36 negative triangles
1000: dt=0.0133,  36 negative triangles
1001: dt=0.0133,  36 negative triangles
1002: dt=0.0133,  36 negative triangles
1003: dt=0.0133,  36 negative triangles
1004: dt=0.0133,  37 negative triangles
1005: dt=0.0133,  35 negative triangles
1006: dt=0.0133,  36 negative triangles
1007: dt=0.0133,  36 negative triangles
1008: dt=0.0133,  36 negative triangles
1009: dt=0.0127,  35 negative triangles
1010: dt=0.0127,  35 negative triangles
1011: dt=0.0127,  37 negative triangles
1012: dt=0.0127,  35 negative triangles
1013: dt=0.0127,  35 negative triangles
1014: dt=0.0127,  36 negative triangles
1015: dt=0.0127,  36 negative triangles
1016: dt=0.0127,  35 negative triangles
1017: dt=0.0127,  35 negative triangles
1018: dt=0.0127,  36 negative triangles
1019: dt=0.0120,  37 negative triangles
1020: dt=0.0120,  36 negative triangles
1021: dt=0.0120,  34 negative triangles
1022: dt=0.0120,  35 negative triangles
1023: dt=0.0120,  35 negative triangles
1024: dt=0.0120,  34 negative triangles
1025: dt=0.0120,  34 negative triangles
1026: dt=0.0120,  36 negative triangles
1027: dt=0.0120,  34 negative triangles
1028: dt=0.0120,  33 negative triangles
1029: dt=0.0114,  33 negative triangles
1030: dt=0.0114,  34 negative triangles
1031: dt=0.0114,  36 negative triangles
1032: dt=0.0114,  34 negative triangles
1033: dt=0.0114,  34 negative triangles
1034: dt=0.0114,  34 negative triangles
1035: dt=0.0114,  34 negative triangles
1036: dt=0.0114,  36 negative triangles
1037: dt=0.0114,  34 negative triangles
1038: dt=0.0114,  34 negative triangles
1039: dt=0.0108,  34 negative triangles
1040: dt=0.0108,  34 negative triangles
1041: dt=0.0108,  35 negative triangles
1042: dt=0.0108,  33 negative triangles
1043: dt=0.0108,  33 negative triangles
1044: dt=0.0108,  34 negative triangles
1045: dt=0.0108,  35 negative triangles
1046: dt=0.0108,  33 negative triangles
1047: dt=0.0108,  34 negative triangles
1048: dt=0.0108,  34 negative triangles
1049: dt=0.0103,  35 negative triangles
1050: dt=0.0103,  34 negative triangles
1051: dt=0.0103,  34 negative triangles
1052: dt=0.0103,  34 negative triangles
1053: dt=0.0103,  35 negative triangles
1054: dt=0.0103,  34 negative triangles
1055: dt=0.0103,  34 negative triangles
1056: dt=0.0103,  36 negative triangles
1057: dt=0.0103,  35 negative triangles
1058: dt=0.0103,  34 negative triangles
1059: dt=0.0098,  35 negative triangles
1060: dt=0.0098,  35 negative triangles
1061: dt=0.0098,  35 negative triangles
1062: dt=0.0098,  35 negative triangles
1063: dt=0.0098,  36 negative triangles
1064: dt=0.0098,  35 negative triangles
1065: dt=0.0098,  35 negative triangles
1066: dt=0.0098,  36 negative triangles
1067: dt=0.0098,  35 negative triangles
1068: dt=0.0098,  35 negative triangles
1069: dt=0.0098,  36 negative triangles
1070: dt=0.0098,  35 negative triangles
1071: dt=0.0098,  36 negative triangles
1072: dt=0.0098,  37 negative triangles
1073: dt=0.0098,  34 negative triangles
1074: dt=0.0098,  34 negative triangles
1075: dt=0.0098,  34 negative triangles
1076: dt=0.0098,  36 negative triangles
1077: dt=0.0098,  35 negative triangles
1078: dt=0.0098,  35 negative triangles
1079: dt=0.0098,  38 negative triangles
1080: dt=0.0098,  35 negative triangles
1081: dt=0.0098,  35 negative triangles
1082: dt=0.0098,  37 negative triangles
1083: dt=0.0098,  35 negative triangles
1084: dt=0.0098,  33 negative triangles
1085: dt=0.0098,  36 negative triangles
1086: dt=0.0098,  34 negative triangles
1087: dt=0.0098,  34 negative triangles
1088: dt=0.0098,  34 negative triangles
1089: dt=0.0098,  33 negative triangles
1090: dt=0.0098,  32 negative triangles
1091: dt=0.0098,  32 negative triangles
1092: dt=0.0098,  36 negative triangles
1093: dt=0.0098,  33 negative triangles
1094: dt=0.0098,  33 negative triangles
1095: dt=0.0098,  35 negative triangles
1096: dt=0.0098,  33 negative triangles
1097: dt=0.0098,  33 negative triangles
1098: dt=0.0098,  36 negative triangles
1099: dt=0.0098,  34 negative triangles
1100: dt=0.0098,  33 negative triangles
1101: dt=0.0098,  35 negative triangles
1102: dt=0.0098,  33 negative triangles
1103: dt=0.0098,  32 negative triangles
1104: dt=0.0098,  35 negative triangles
1105: dt=0.0098,  35 negative triangles
1106: dt=0.0098,  33 negative triangles
1107: dt=0.0098,  35 negative triangles
writing registered surface to ../surf/rh.sphere.reg...
1108: dt=0.0098,  33 negative triangles
1109: 33 negative triangles
registration took 0.10 hours
#VMPC# mris_register VmPeak  1577244
FSRUNTIME@ mris_register  0.0964 hours 16 threads

 ln -sf rh.sphere.reg rh.fsaverage.sphere.reg 

#--------------------------------------------
#@# Jacobian white rh Sat Mar 14 12:36:29 CET 2026
/out/sourcedata/freesurfer/sub-v2s9x29161_ses-1/scripts

 mris_jacobian ../surf/rh.white.preaparc ../surf/rh.sphere.reg ../surf/rh.jacobian_white 

reading surface from ../surf/rh.white.preaparc...
writing curvature file ../surf/rh.jacobian_white
#--------------------------------------------
#@# AvgCurv rh Sat Mar 14 12:36:29 CET 2026
/out/sourcedata/freesurfer/sub-v2s9x29161_ses-1/scripts

 mrisp_paint -a 5 /opt/freesurfer/average/rh.folding.atlas.acfb40.noaparc.i12.2016-08-02.tif#6 ../surf/rh.sphere.reg ../surf/rh.avg_curv 

averaging curvature patterns 5 times...
reading surface from ../surf/rh.sphere.reg...
reading template parameterization from /opt/freesurfer/average/rh.folding.atlas.acfb40.noaparc.i12.2016-08-02.tif...
writing curvature file to ../surf/rh.avg_curv...
#-----------------------------------------
#@# Cortical Parc rh Sat Mar 14 12:36:30 CET 2026
/out/sourcedata/freesurfer/sub-v2s9x29161_ses-1/scripts

 mris_ca_label -l ../label/rh.cortex.label -aseg ../mri/aseg.presurf.mgz -seed 1234 sub-v2s9x29161_ses-1 rh ../surf/rh.sphere.reg /opt/freesurfer/average/rh.DKaparc.atlas.acfb40.noaparc.i12.2016-08-02.gcs ../label/rh.aparc.annot 

setting seed for random number generator to 1234
using ../mri/aseg.presurf.mgz aseg volume to correct midline
7.3.2
  7.3.2
reading atlas from /opt/freesurfer/average/rh.DKaparc.atlas.acfb40.noaparc.i12.2016-08-02.gcs...
reading color table from GCSA file....
average std = 0.7   using min determinant for regularization = 0.004
0 singular and 309 ill-conditioned covariance matrices regularized
input 0: MEAN CURVATURE, flags 0, avgs 5, name mean_curvature
labeling surface...
1068 labels changed using aseg
relabeling using gibbs priors...
000:   2611 changed, 120244 examined...
001:    571 changed, 11056 examined...
002:    100 changed, 3268 examined...
003:     29 changed, 653 examined...
004:     17 changed, 180 examined...
005:      7 changed, 102 examined...
006:      2 changed, 48 examined...
007:      0 changed, 13 examined...
147 labels changed using aseg
000: 86 total segments, 48 labels (186 vertices) changed
001: 40 total segments, 2 labels (5 vertices) changed
002: 38 total segments, 0 labels (0 vertices) changed
10 filter iterations complete (10 requested, 4 changed)
rationalizing unknown annotations with cortex label
relabeling unknown label...
relabeling corpuscallosum label...
1418 vertices marked for relabeling...
1418 labels changed in reclassification.
writing output to ../label/rh.aparc.annot...
classification took 0 minutes and 6 seconds.
#--------------------------------------------
#@# WhiteSurfs rh Sat Mar 14 12:36:36 CET 2026
cd /out/sourcedata/freesurfer/sub-v2s9x29161_ses-1/mri
mris_place_surface --adgws-in ../surf/autodet.gw.stats.rh.dat --seg aseg.presurf.mgz --threads 16 --wm wm.mgz --invol brain.finalsurfs.mgz --rh --i ../surf/rh.white.preaparc --o ../surf/rh.white --white --nsmooth 0 --rip-label ../label/rh.cortex.label --rip-bg --rip-surf ../surf/rh.white.preaparc --aparc ../label/rh.aparc.annot
7.3.2
7.3.2

cd /out/sourcedata/freesurfer/sub-v2s9x29161_ses-1/mri
setenv SUBJECTS_DIR /out/sourcedata/freesurfer
mris_place_surface --adgws-in ../surf/autodet.gw.stats.rh.dat --seg aseg.presurf.mgz --threads 16 --wm wm.mgz --invol brain.finalsurfs.mgz --rh --i ../surf/rh.white.preaparc --o ../surf/rh.white --white --nsmooth 0 --rip-label ../label/rh.cortex.label --rip-bg --rip-surf ../surf/rh.white.preaparc --aparc ../label/rh.aparc.annot 

Reading in input surface ../surf/rh.white.preaparc
Not smoothing input surface
removing intersecting faces
000: 13 intersecting
step 1 with no progress (num=32, old_num=13)
001: 32 intersecting
002: 18 intersecting
step 1 with no progress (num=20, old_num=18)
003: 20 intersecting
004: 18 intersecting
step 1 with no progress (num=28, old_num=18)
005: 28 intersecting
006: 20 intersecting
007: 15 intersecting
step 1 with no progress (num=34, old_num=15)
008: 34 intersecting
009: 17 intersecting
step 1 with no progress (num=26, old_num=17)
010: 26 intersecting
011: 25 intersecting
012: 16 intersecting
step 1 with no progress (num=24, old_num=16)
013: 24 intersecting
step 2 with no progress (num=37, old_num=24)
014: 37 intersecting
015: 24 intersecting
016: 23 intersecting
step 1 with no progress (num=29, old_num=23)
017: 29 intersecting
018: 24 intersecting
019: 21 intersecting
step 1 with no progress (num=28, old_num=21)
020: 28 intersecting
021: 25 intersecting
022: 20 intersecting
step 1 with no progress (num=24, old_num=20)
023: 24 intersecting
step 2 with no progress (num=32, old_num=24)
024: 32 intersecting
025: 28 intersecting
026: 25 intersecting
step 1 with no progress (num=28, old_num=25)
027: 28 intersecting
step 2 with no progress (num=30, old_num=28)
028: 30 intersecting
029: 28 intersecting
step 1 with no progress (num=30, old_num=28)
030: 30 intersecting
step 2 with no progress (num=32, old_num=30)
031: 32 intersecting
step 3 with no progress (num=32, old_num=32)
032: 32 intersecting
step 4 with no progress (num=32, old_num=32)
033: 32 intersecting
step 5 with no progress (num=32, old_num=32)
034: 32 intersecting
step 6 with no progress (num=32, old_num=32)
035: 32 intersecting
step 7 with no progress (num=32, old_num=32)
036: 32 intersecting
step 8 with no progress (num=32, old_num=32)
037: 32 intersecting
step 9 with no progress (num=32, old_num=32)
038: 32 intersecting
step 10 with no progress (num=32, old_num=32)
039: 32 intersecting
step 11 with no progress (num=32, old_num=32)
040: 32 intersecting
step 12 with no progress (num=32, old_num=32)
041: 32 intersecting
step 13 with no progress (num=32, old_num=32)
042: 32 intersecting
step 14 with no progress (num=32, old_num=32)
043: 32 intersecting
step 15 with no progress (num=32, old_num=32)
044: 32 intersecting
step 16 with no progress (num=32, old_num=32)
terminating search with 13 intersecting
Area    240484  0.35074  0.13412 0.000000   2.1119
Corner  721452 60.00000 14.38023 0.000267 179.9983
Edge    360726  0.91232  0.22206 0.000007   3.7746
Hinge   360726  9.59243 11.28577 0.000010 179.9972
Reading in aparc ../label/rh.aparc.annot
Reading in input volume brain.finalsurfs.mgz
Reading in wm volume wm.mgz
MRIclipBrightWM(): nthresh=15818, wmmin=5, clip=110 
MRIfindBrightNonWM(): 2205 bright non-wm voxels segmented.
Masking bright non-wm for white surface
MRImask(): AllowDiffGeom = 1
MRImask(): AllowDiffGeom = 1
Reading in seg volume aseg.presurf.mgz
Ripping frozen voxels
Ripping vertices not in label ../label/rh.cortex.label
MRISripNotLabel() ripped 7643/120244 vertices (112601 unripped)
Reading in ripping surface ../surf/rh.white.preaparc
Reading in aparc ../label/rh.aparc.annot for ripsurf
Ripping BG
MRISripBasalGanglia(): 1 -2 2 0.5 ripped 686
Ripping segs (eg, WMSA, BG, frozen)
Starting MRISripSegs() d = (-2 2 0.5) segnos: 247 
MRISripSegs(): -2 2 0.5 ripped 0
vertex 60122: xyz = (55.6598,-9.01998,-0.186172) oxyz = (55.6598,-9.01998,-0.186172) wxzy = (55.6598,-9.01998,-0.186172) pxyz = (0,0,0) 
CBVO Creating mask 120244
n_averages 4
Iteration 0 =========================================
n_averages=4, current_sigma=2
Computing target border values 
Entering MRIScomputeBorderValues_new(): 
  inside_hi   = 120.0000000;
  border_hi   = 112.3842770;
  border_low  =  61.0000000;
  outside_low =  50.6298750;
  outside_hi  = 112.3842770;
  sigma = 2;
  max_thickness = 10;
  step_size=0.5;
  STEP_SIZE=0.1;
  which = 1
  thresh = 0
  flags = 0
  CBVfindFirstPeakD1=0
  CBVfindFirstPeakD2=0
  nvertices=120244
  Gdiag_no=-1
  vno start=0, stop=120244
Replacing 255s with 0s
#SI# sigma=2 had to be increased for 167 vertices, nripped=8329
mean border=75.0, 96 (96) missing vertices, mean dist 0.3 [0.5 (%16.3)->0.5 (%83.7))]
%82 local maxima, %11 large gradients and % 0 min vals, 0 gradients ignored
nFirstPeakD1 0
MRIScomputeBorderValues_new() finished in 0.0103 min


Finding expansion regions
mean absolute distance = 0.46 +- 0.71
2400 vertices more than 2 sigmas from mean.
Averaging target values for 5 iterations...
Positioning Surface: tspring = 0.3, nspring = 0.3, spring = 0, niters = 100 l_repulse = 5, l_surf_repulse = 0, checktol = 0
Positioning pial surface
Entering MRISpositionSurface()
  max_mm = 0.3
  MAX_REDUCTIONS = 2, REDUCTION_PCT = 0.5
  parms->check_tol = 0, niterations = 100
tol=1.0e-04, sigma=2.0, host=dna07, nav=4, nbrs=2, l_repulse=5.000, l_tspring=0.300, l_nspring=0.300, l_intensity=0.200, l_curv=1.000
mom=0.00, dt=0.50
complete_dist_mat 0
rms 0
smooth_averages 0
remove_neg 0
ico_order 0
which_surface 0
target_radius 0.000000
nfields 0
scale 0.000000
desired_rms_height 0.000000
momentum 0.000000
nbhd_size 0
max_nbrs 0
niterations 100
nsurfaces 0
SURFACES 3
flags 0 (0)
use curv 0
no sulc 0
no rigid align 0
mris->nsize 2
mris->hemisphere 1
randomSeed 0

000: dt: 0.0000, sse=1599973.0, rms=7.803
001: dt: 0.5000, sse=665499.7, rms=4.386 (43.796%)
002: dt: 0.5000, sse=530716.2, rms=3.723 (15.109%)
003: dt: 0.5000, sse=514140.5, rms=3.623 (2.690%)
004: dt: 0.5000, sse=490128.3, rms=3.554 (1.911%)
rms = 3.5952/3.5536, sse=503848.6/490128.3, time step reduction 1 of 3 to 0.250  0 1 1
   RMS increased, rejecting step
005: dt: 0.2500, sse=341700.4, rms=2.385 (32.888%)
006: dt: 0.2500, sse=286669.8, rms=1.808 (24.172%)
007: dt: 0.2500, sse=271637.2, rms=1.627 (10.012%)
rms = 1.5744/1.6273, sse=275110.2/271637.2, time step reduction 2 of 3 to 0.125  0 1 0
008: dt: 0.2500, sse=275110.2, rms=1.574 (3.256%)
009: dt: 0.1250, sse=267942.2, rms=1.491 (5.281%)
rms = 1.4716/1.4912, sse=263760.6/267942.2, time step reduction 3 of 3 to 0.062  0 0 1
010: dt: 0.1250, sse=263760.6, rms=1.472 (1.316%)
  maximum number of reductions reached, breaking from loop
positioning took 0.8 minutes
Iteration 1 =========================================
n_averages=2, current_sigma=1
Computing target border values 
Entering MRIScomputeBorderValues_new(): 
  inside_hi   = 120.0000000;
  border_hi   = 112.3842770;
  border_low  =  61.0000000;
  outside_low =  50.6298750;
  outside_hi  = 112.3842770;
  sigma = 1;
  max_thickness = 10;
  step_size=0.5;
  STEP_SIZE=0.1;
  which = 1
  thresh = 0
  flags = 0
  CBVfindFirstPeakD1=0
  CBVfindFirstPeakD2=0
  nvertices=120244
  Gdiag_no=-1
  vno start=0, stop=120244
Replacing 255s with 0s
#SI# sigma=1 had to be increased for 111 vertices, nripped=8329
mean border=78.5, 111 (42) missing vertices, mean dist -0.2 [0.3 (%79.7)->0.3 (%20.3))]
%88 local maxima, % 5 large gradients and % 0 min vals, 0 gradients ignored
nFirstPeakD1 0
MRIScomputeBorderValues_new() finished in 0.0093 min


Finding expansion regions
mean absolute distance = 0.29 +- 0.49
1794 vertices more than 2 sigmas from mean.
Averaging target values for 5 iterations...
Positioning Surface: tspring = 0.3, nspring = 0.3, spring = 0, niters = 100 l_repulse = 5, l_surf_repulse = 0, checktol = 0
Positioning pial surface
Entering MRISpositionSurface()
  max_mm = 0.3
  MAX_REDUCTIONS = 2, REDUCTION_PCT = 0.5
  parms->check_tol = 0, niterations = 100
tol=1.0e-04, sigma=1.0, host=dna07, nav=2, nbrs=2, l_repulse=5.000, l_tspring=0.300, l_nspring=0.300, l_intensity=0.200, l_curv=1.000
mom=0.00, dt=0.50
000: dt: 0.0000, sse=716567.8, rms=4.680
011: dt: 0.5000, sse=414034.4, rms=2.913 (37.762%)
rms = 3.3657/2.9127, sse=474184.4/414034.4, time step reduction 1 of 3 to 0.250  0 1 1
   RMS increased, rejecting step
012: dt: 0.2500, sse=311135.0, rms=1.963 (32.618%)
013: dt: 0.2500, sse=282920.5, rms=1.488 (24.164%)
014: dt: 0.2500, sse=272098.8, rms=1.297 (12.863%)
015: dt: 0.2500, sse=260457.3, rms=1.240 (4.364%)
rms = 1.2072/1.2404, sse=257668.5/260457.3, time step reduction 2 of 3 to 0.125  0 0 1
016: dt: 0.2500, sse=257668.5, rms=1.207 (2.672%)
017: dt: 0.1250, sse=253263.1, rms=1.136 (5.940%)
rms = 1.1283/1.1355, sse=253214.7/253263.1, time step reduction 3 of 3 to 0.062  0 0 1
018: dt: 0.1250, sse=253214.7, rms=1.128 (0.633%)
  maximum number of reductions reached, breaking from loop
positioning took 0.6 minutes
Iteration 2 =========================================
n_averages=1, current_sigma=0.5
Computing target border values 
Entering MRIScomputeBorderValues_new(): 
  inside_hi   = 120.0000000;
  border_hi   = 112.3842770;
  border_low  =  61.0000000;
  outside_low =  50.6298750;
  outside_hi  = 112.3842770;
  sigma = 0.5;
  max_thickness = 10;
  step_size=0.5;
  STEP_SIZE=0.1;
  which = 1
  thresh = 0
  flags = 0
  CBVfindFirstPeakD1=0
  CBVfindFirstPeakD2=0
  nvertices=120244
  Gdiag_no=-1
  vno start=0, stop=120244
Replacing 255s with 0s
#SI# sigma=0.5 had to be increased for 112 vertices, nripped=8329
mean border=80.3, 137 (36) missing vertices, mean dist -0.1 [0.2 (%68.1)->0.2 (%31.9))]
%90 local maxima, % 3 large gradients and % 0 min vals, 0 gradients ignored
nFirstPeakD1 0
MRIScomputeBorderValues_new() finished in 0.0044 min


Finding expansion regions
mean absolute distance = 0.21 +- 0.39
2259 vertices more than 2 sigmas from mean.
Averaging target values for 5 iterations...
Positioning Surface: tspring = 0.3, nspring = 0.3, spring = 0, niters = 100 l_repulse = 5, l_surf_repulse = 0, checktol = 0
Positioning pial surface
Entering MRISpositionSurface()
  max_mm = 0.3
  MAX_REDUCTIONS = 2, REDUCTION_PCT = 0.5
  parms->check_tol = 0, niterations = 100
tol=1.0e-04, sigma=0.5, host=dna07, nav=1, nbrs=2, l_repulse=5.000, l_tspring=0.300, l_nspring=0.300, l_intensity=0.200, l_curv=1.000
mom=0.00, dt=0.50
000: dt: 0.0000, sse=365943.8, rms=2.556
rms = 2.8510/2.5562, sse=404197.0/365943.8, time step reduction 1 of 3 to 0.250  0 1 1
   RMS increased, rejecting step
019: dt: 0.2500, sse=281199.2, rms=1.671 (34.615%)
020: dt: 0.2500, sse=249075.2, rms=1.136 (32.041%)
rms = 1.0494/1.1359, sse=249423.7/249075.2, time step reduction 2 of 3 to 0.125  0 1 0
021: dt: 0.2500, sse=249423.7, rms=1.049 (7.612%)
022: dt: 0.1250, sse=246848.5, rms=0.985 (6.108%)
rms = 0.9790/0.9853, sse=246486.0/246848.5, time step reduction 3 of 3 to 0.062  0 0 1
023: dt: 0.1250, sse=246486.0, rms=0.979 (0.642%)
  maximum number of reductions reached, breaking from loop
positioning took 0.4 minutes
Iteration 3 =========================================
n_averages=0, current_sigma=0.25
Computing target border values 
Entering MRIScomputeBorderValues_new(): 
  inside_hi   = 120.0000000;
  border_hi   = 112.3842770;
  border_low  =  61.0000000;
  outside_low =  50.6298750;
  outside_hi  = 112.3842770;
  sigma = 0.25;
  max_thickness = 10;
  step_size=0.5;
  STEP_SIZE=0.1;
  which = 1
  thresh = 0
  flags = 0
  CBVfindFirstPeakD1=0
  CBVfindFirstPeakD2=0
  nvertices=120244
  Gdiag_no=-1
  vno start=0, stop=120244
Replacing 255s with 0s
#SI# sigma=0.25 had to be increased for 100 vertices, nripped=8329
mean border=80.8, 159 (33) missing vertices, mean dist -0.0 [0.2 (%54.8)->0.2 (%45.2))]
%91 local maxima, % 2 large gradients and % 0 min vals, 0 gradients ignored
nFirstPeakD1 0
MRIScomputeBorderValues_new() finished in 0.0028 min


Finding expansion regions
mean absolute distance = 0.20 +- 0.34
2380 vertices more than 2 sigmas from mean.
Averaging target values for 5 iterations...
Positioning Surface: tspring = 0.3, nspring = 0.3, spring = 0, niters = 100 l_repulse = 5, l_surf_repulse = 0, checktol = 0
Positioning pial surface
Entering MRISpositionSurface()
  max_mm = 0.3
  MAX_REDUCTIONS = 2, REDUCTION_PCT = 0.5
  parms->check_tol = 0, niterations = 100
tol=1.0e-04, sigma=0.2, host=dna07, nav=0, nbrs=2, l_repulse=5.000, l_tspring=0.300, l_nspring=0.300, l_intensity=0.200, l_curv=1.000
mom=0.00, dt=0.50
000: dt: 0.0000, sse=261310.3, rms=1.305
rms = 1.6887/1.3047, sse=303452.2/261310.3, time step reduction 1 of 3 to 0.250  0 1 1
   RMS increased, rejecting step
024: dt: 0.2500, sse=245958.4, rms=0.912 (30.110%)
rms = 0.7779/0.9119, sse=248112.8/245958.4, time step reduction 2 of 3 to 0.125  0 1 0
025: dt: 0.2500, sse=248112.8, rms=0.778 (14.695%)
rms = 0.7704/0.7779, sse=247184.3/248112.8, time step reduction 3 of 3 to 0.062  0 0 1
026: dt: 0.1250, sse=247184.3, rms=0.770 (0.962%)
  maximum number of reductions reached, breaking from loop
positioning took 0.3 minutes
removing intersecting faces
000: 13 intersecting
step 1 with no progress (num=31, old_num=13)
001: 31 intersecting
002: 20 intersecting
step 1 with no progress (num=23, old_num=20)
003: 23 intersecting
004: 22 intersecting
005: 17 intersecting
step 1 with no progress (num=20, old_num=17)
006: 20 intersecting
007: 19 intersecting
008: 17 intersecting
step 1 with no progress (num=19, old_num=17)
009: 19 intersecting
step 2 with no progress (num=26, old_num=19)
010: 26 intersecting
011: 21 intersecting
step 1 with no progress (num=25, old_num=21)
012: 25 intersecting
013: 18 intersecting
step 1 with no progress (num=24, old_num=18)
014: 24 intersecting
015: 19 intersecting
016: 18 intersecting
step 1 with no progress (num=19, old_num=18)
017: 19 intersecting
018: 16 intersecting
step 1 with no progress (num=16, old_num=16)
019: 16 intersecting
step 2 with no progress (num=16, old_num=16)
020: 16 intersecting
step 3 with no progress (num=16, old_num=16)
021: 16 intersecting
step 4 with no progress (num=16, old_num=16)
022: 16 intersecting
step 5 with no progress (num=16, old_num=16)
023: 16 intersecting
step 6 with no progress (num=16, old_num=16)
024: 16 intersecting
step 7 with no progress (num=16, old_num=16)
025: 16 intersecting
step 8 with no progress (num=16, old_num=16)
026: 16 intersecting
step 9 with no progress (num=16, old_num=16)
027: 16 intersecting
step 10 with no progress (num=16, old_num=16)
028: 16 intersecting
step 11 with no progress (num=16, old_num=16)
029: 16 intersecting
step 12 with no progress (num=16, old_num=16)
030: 16 intersecting
step 13 with no progress (num=16, old_num=16)
031: 16 intersecting
step 14 with no progress (num=16, old_num=16)
032: 16 intersecting
step 15 with no progress (num=16, old_num=16)
033: 16 intersecting
step 16 with no progress (num=16, old_num=16)
terminating search with 13 intersecting


Writing output to ../surf/rh.white
#ET# mris_place_surface  2.72 minutes
#VMPC# mris_place_surfaces VmPeak  3029608
mris_place_surface done
#--------------------------------------------
#@# T1PialSurf rh Sat Mar 14 12:40:06 CET 2026
cd /out/sourcedata/freesurfer/sub-v2s9x29161_ses-1/mri
mris_place_surface --adgws-in ../surf/autodet.gw.stats.rh.dat --seg aseg.presurf.mgz --threads 16 --wm wm.mgz --invol brain.finalsurfs.mgz --rh --i ../surf/rh.white --o ../surf/rh.pial.T1 --pial --nsmooth 0 --rip-label ../label/rh.cortex+hipamyg.label --pin-medial-wall ../label/rh.cortex.label --aparc ../label/rh.aparc.annot --repulse-surf ../surf/rh.white --white-surf ../surf/rh.white
7.3.2
7.3.2

cd /out/sourcedata/freesurfer/sub-v2s9x29161_ses-1/mri
setenv SUBJECTS_DIR /out/sourcedata/freesurfer
mris_place_surface --adgws-in ../surf/autodet.gw.stats.rh.dat --seg aseg.presurf.mgz --threads 16 --wm wm.mgz --invol brain.finalsurfs.mgz --rh --i ../surf/rh.white --o ../surf/rh.pial.T1 --pial --nsmooth 0 --rip-label ../label/rh.cortex+hipamyg.label --pin-medial-wall ../label/rh.cortex.label --aparc ../label/rh.aparc.annot --repulse-surf ../surf/rh.white --white-surf ../surf/rh.white 

Reading in input surface ../surf/rh.white
Not smoothing input surface
removing intersecting faces
000: 13 intersecting
step 1 with no progress (num=31, old_num=13)
001: 31 intersecting
002: 20 intersecting
step 1 with no progress (num=23, old_num=20)
003: 23 intersecting
004: 22 intersecting
005: 17 intersecting
step 1 with no progress (num=20, old_num=17)
006: 20 intersecting
007: 19 intersecting
008: 17 intersecting
step 1 with no progress (num=19, old_num=17)
009: 19 intersecting
step 2 with no progress (num=26, old_num=19)
010: 26 intersecting
011: 21 intersecting
step 1 with no progress (num=25, old_num=21)
012: 25 intersecting
013: 18 intersecting
step 1 with no progress (num=24, old_num=18)
014: 24 intersecting
015: 19 intersecting
016: 18 intersecting
step 1 with no progress (num=19, old_num=18)
017: 19 intersecting
018: 16 intersecting
step 1 with no progress (num=16, old_num=16)
019: 16 intersecting
step 2 with no progress (num=16, old_num=16)
020: 16 intersecting
step 3 with no progress (num=16, old_num=16)
021: 16 intersecting
step 4 with no progress (num=16, old_num=16)
022: 16 intersecting
step 5 with no progress (num=16, old_num=16)
023: 16 intersecting
step 6 with no progress (num=16, old_num=16)
024: 16 intersecting
step 7 with no progress (num=16, old_num=16)
025: 16 intersecting
step 8 with no progress (num=16, old_num=16)
026: 16 intersecting
step 9 with no progress (num=16, old_num=16)
027: 16 intersecting
step 10 with no progress (num=16, old_num=16)
028: 16 intersecting
step 11 with no progress (num=16, old_num=16)
029: 16 intersecting
step 12 with no progress (num=16, old_num=16)
030: 16 intersecting
step 13 with no progress (num=16, old_num=16)
031: 16 intersecting
step 14 with no progress (num=16, old_num=16)
032: 16 intersecting
step 15 with no progress (num=16, old_num=16)
033: 16 intersecting
step 16 with no progress (num=16, old_num=16)
terminating search with 13 intersecting
Area    240484  0.35680  0.15347 0.000000   1.9143
Corner  721452 60.00000 16.32757 0.000120 179.9983
Edge    360726  0.92257  0.24775 0.000007   3.7746
Hinge   360726  9.86867 12.17673 0.000005 179.9996
Reading white surface coordinates from ../surf/rh.white
Reading repulsion surface coordinates from ../surf/rh.white
Reading in aparc ../label/rh.aparc.annot
Reading in input volume brain.finalsurfs.mgz
Reading in wm volume wm.mgz
MRIclipBrightWM(): nthresh=15818, wmmin=5, clip=110 
MRIfindBrightNonWM(): 2205 bright non-wm voxels segmented.
Masking bright non-wm for pial surface mid_gray = 61.7527
MRImask(): AllowDiffGeom = 1
MRImask(): AllowDiffGeom = 1
MRImask(): AllowDiffGeom = 1
Reading in seg volume aseg.presurf.mgz
Ripping frozen voxels
Ripping vertices not in label ../label/rh.cortex+hipamyg.label
MRISripNotLabel() ripped 5897/120244 vertices (114347 unripped)
INFO: rip surface needed but not specified, so using input surface
Ripping segs (eg, WMSA, BG, frozen)
Starting MRISripSegs() d = (-2 2 0.5) segnos: 247 
MRISripSegs(): -2 2 0.5 ripped 0
vertex 60122: xyz = (55.6857,-8.98623,-0.122685) oxyz = (55.6857,-8.98623,-0.122685) wxzy = (55.6857,-8.98623,-0.122685) pxyz = (55.6857,-8.98623,-0.122685) 
CBVO Creating mask 120244
n_averages 16
Iteration 0 =========================================
n_averages=16, current_sigma=2
Computing target border values 
Entering MRIScomputeBorderValues_new(): 
  inside_hi   =  93.6157230;
  border_hi   =  50.6298750;
  border_low  =  29.8896290;
  outside_low =  10.0000000;
  outside_hi  =  45.4448130;
  sigma = 2;
  max_thickness = 10;
  step_size=0.5;
  STEP_SIZE=0.1;
  which = 2
  thresh = 0
  flags = 0
  CBVfindFirstPeakD1=0
  CBVfindFirstPeakD2=0
  nvertices=120244
  Gdiag_no=-1
  vno start=0, stop=120244
Replacing 255s with 0s
#SI# sigma=2 had to be increased for 235 vertices, nripped=5897
mean border=51.1, 168 (168) missing vertices, mean dist 1.1 [0.0 (%0.0)->3.7 (%100.0))]
% 8 local maxima, %20 large gradients and %67 min vals, 0 gradients ignored
nFirstPeakD1 0
MRIScomputeBorderValues_new() finished in 0.0096 min


Averaging target values for 5 iterations...
Positioning Surface: tspring = 0.3, nspring = 0.3, spring = 0, niters = 100 l_repulse = 0, l_surf_repulse = 5, checktol = 0
Positioning pial surface
Entering MRISpositionSurface()
  max_mm = 0.3
  MAX_REDUCTIONS = 2, REDUCTION_PCT = 0.5
  parms->check_tol = 0, niterations = 100
tol=1.0e-04, sigma=2.0, host=dna07, nav=16, nbrs=2, l_surf_repulse=5.000, l_tspring=0.300, l_nspring=0.300, l_intensity=0.200, l_curv=1.000
mom=0.00, dt=0.50
complete_dist_mat 0
rms 0
smooth_averages 0
remove_neg 0
ico_order 0
which_surface 0
target_radius 0.000000
nfields 0
scale 0.000000
desired_rms_height 0.000000
momentum 0.000000
nbhd_size 0
max_nbrs 0
niterations 100
nsurfaces 0
SURFACES 3
flags 0 (0)
use curv 0
no sulc 0
no rigid align 0
mris->nsize 2
mris->hemisphere 1
randomSeed 0

000: dt: 0.0000, sse=21154468.0, rms=30.302
001: dt: 0.5000, sse=13671436.0, rms=24.300 (19.808%)
002: dt: 0.5000, sse=8725089.0, rms=19.334 (20.437%)
003: dt: 0.5000, sse=5811204.5, rms=15.687 (18.862%)
004: dt: 0.5000, sse=4174846.5, rms=13.202 (15.839%)
005: dt: 0.5000, sse=3226857.0, rms=11.518 (12.760%)
006: dt: 0.5000, sse=2640433.8, rms=10.336 (10.258%)
007: dt: 0.5000, sse=2234075.2, rms=9.428 (8.782%)
008: dt: 0.5000, sse=1924252.2, rms=8.671 (8.039%)
009: dt: 0.5000, sse=1674536.1, rms=8.006 (7.664%)
010: dt: 0.5000, sse=1461725.6, rms=7.392 (7.674%)
011: dt: 0.5000, sse=1288804.9, rms=6.851 (7.321%)
012: dt: 0.5000, sse=1139183.6, rms=6.345 (7.377%)
013: dt: 0.5000, sse=1021426.8, rms=5.916 (6.766%)
014: dt: 0.5000, sse=922488.6, rms=5.529 (6.542%)
015: dt: 0.5000, sse=851358.8, rms=5.231 (5.385%)
016: dt: 0.5000, sse=792388.3, rms=4.970 (4.991%)
017: dt: 0.5000, sse=750375.6, rms=4.774 (3.944%)
018: dt: 0.5000, sse=715262.7, rms=4.603 (3.574%)
019: dt: 0.5000, sse=689835.0, rms=4.475 (2.790%)
020: dt: 0.5000, sse=668446.8, rms=4.364 (2.488%)
021: dt: 0.5000, sse=656128.9, rms=4.296 (1.542%)
022: dt: 0.5000, sse=644245.5, rms=4.231 (1.526%)
rms = 4.1994/4.2308, sse=639074.5/644245.5, time step reduction 1 of 3 to 0.250  0 0 1
023: dt: 0.5000, sse=639074.4, rms=4.199 (0.741%)
024: dt: 0.2500, sse=599078.2, rms=3.969 (5.493%)
025: dt: 0.2500, sse=589295.1, rms=3.912 (1.439%)
rms = 3.9009/3.9117, sse=587772.3/589295.1, time step reduction 2 of 3 to 0.125  0 0 1
026: dt: 0.2500, sse=587772.3, rms=3.901 (0.274%)
rms = 3.8638/3.9009, sse=581875.2/587772.3, time step reduction 3 of 3 to 0.062  0 0 1
027: dt: 0.1250, sse=581875.2, rms=3.864 (0.953%)
  maximum number of reductions reached, breaking from loop
positioning took 1.8 minutes
Iteration 1 =========================================
n_averages=8, current_sigma=1
Computing target border values 
Entering MRIScomputeBorderValues_new(): 
  inside_hi   =  93.6157230;
  border_hi   =  50.6298750;
  border_low  =  29.8896290;
  outside_low =  10.0000000;
  outside_hi  =  45.4448130;
  sigma = 1;
  max_thickness = 10;
  step_size=0.5;
  STEP_SIZE=0.1;
  which = 2
  thresh = 0
  flags = 0
  CBVfindFirstPeakD1=0
  CBVfindFirstPeakD2=0
  nvertices=120244
  Gdiag_no=-1
  vno start=0, stop=120244
Replacing 255s with 0s
#SI# sigma=1 had to be increased for 20569 vertices, nripped=5897
mean border=50.5, 3397 (73) missing vertices, mean dist 0.1 [0.2 (%41.2)->0.8 (%58.8))]
%13 local maxima, %18 large gradients and %61 min vals, 0 gradients ignored
nFirstPeakD1 0
MRIScomputeBorderValues_new() finished in 0.0028 min


Averaging target values for 5 iterations...
Positioning Surface: tspring = 0.3, nspring = 0.3, spring = 0, niters = 100 l_repulse = 0, l_surf_repulse = 5, checktol = 0
Positioning pial surface
Entering MRISpositionSurface()
  max_mm = 0.3
  MAX_REDUCTIONS = 2, REDUCTION_PCT = 0.5
  parms->check_tol = 0, niterations = 100
tol=1.0e-04, sigma=1.0, host=dna07, nav=8, nbrs=2, l_surf_repulse=5.000, l_tspring=0.300, l_nspring=0.300, l_intensity=0.200, l_curv=1.000
mom=0.00, dt=0.50
000: dt: 0.0000, sse=721032.5, rms=4.231
028: dt: 0.5000, sse=696860.2, rms=4.103 (3.020%)
rms = 4.0919/4.1028, sse=692357.9/696860.2, time step reduction 1 of 3 to 0.250  0 0 1
029: dt: 0.5000, sse=692357.9, rms=4.092 (0.264%)
030: dt: 0.2500, sse=666444.1, rms=3.936 (3.821%)
rms = 3.9505/3.9356, sse=669227.3/666444.1, time step reduction 2 of 3 to 0.125  0 1 1
   RMS increased, rejecting step
rms = 3.9192/3.9356, sse=663706.0/666444.1, time step reduction 3 of 3 to 0.062  0 0 1
031: dt: 0.1250, sse=663705.9, rms=3.919 (0.416%)
  maximum number of reductions reached, breaking from loop
positioning took 0.3 minutes
Iteration 2 =========================================
n_averages=4, current_sigma=0.5
Computing target border values 
Entering MRIScomputeBorderValues_new(): 
  inside_hi   =  93.6157230;
  border_hi   =  50.6298750;
  border_low  =  29.8896290;
  outside_low =  10.0000000;
  outside_hi  =  45.4448130;
  sigma = 0.5;
  max_thickness = 10;
  step_size=0.5;
  STEP_SIZE=0.1;
  which = 2
  thresh = 0
  flags = 0
  CBVfindFirstPeakD1=0
  CBVfindFirstPeakD2=0
  nvertices=120244
  Gdiag_no=-1
  vno start=0, stop=120244
Replacing 255s with 0s
#SI# sigma=0.5 had to be increased for 20942 vertices, nripped=5897
mean border=50.2, 3879 (63) missing vertices, mean dist 0.1 [0.2 (%43.7)->0.7 (%56.3))]
%17 local maxima, %14 large gradients and %61 min vals, 0 gradients ignored
nFirstPeakD1 0
MRIScomputeBorderValues_new() finished in 0.0017 min


Averaging target values for 5 iterations...
Positioning Surface: tspring = 0.3, nspring = 0.3, spring = 0, niters = 100 l_repulse = 0, l_surf_repulse = 5, checktol = 0
Positioning pial surface
Entering MRISpositionSurface()
  max_mm = 0.3
  MAX_REDUCTIONS = 2, REDUCTION_PCT = 0.5
  parms->check_tol = 0, niterations = 100
tol=1.0e-04, sigma=0.5, host=dna07, nav=4, nbrs=2, l_surf_repulse=5.000, l_tspring=0.300, l_nspring=0.300, l_intensity=0.200, l_curv=1.000
mom=0.00, dt=0.50
000: dt: 0.0000, sse=686186.9, rms=4.017
rms = 4.2036/4.0173, sse=719260.7/686186.9, time step reduction 1 of 3 to 0.250  0 1 1
   RMS increased, rejecting step
032: dt: 0.2500, sse=673543.1, rms=3.946 (1.777%)
rms = 3.9961/3.9459, sse=682434.7/673543.2, time step reduction 2 of 3 to 0.125  0 1 1
   RMS increased, rejecting step
rms = 3.9401/3.9459, sse=672630.7/673543.2, time step reduction 3 of 3 to 0.062  0 0 1
033: dt: 0.1250, sse=672630.8, rms=3.940 (0.146%)
  maximum number of reductions reached, breaking from loop
positioning took 0.3 minutes
Iteration 3 =========================================
n_averages=2, current_sigma=0.25
Computing target border values 
Entering MRIScomputeBorderValues_new(): 
  inside_hi   =  93.6157230;
  border_hi   =  50.6298750;
  border_low  =  29.8896290;
  outside_low =  10.0000000;
  outside_hi  =  45.4448130;
  sigma = 0.25;
  max_thickness = 10;
  step_size=0.5;
  STEP_SIZE=0.1;
  which = 2
  thresh = 0
  flags = 0
  CBVfindFirstPeakD1=0
  CBVfindFirstPeakD2=0
  nvertices=120244
  Gdiag_no=-1
  vno start=0, stop=120244
Replacing 255s with 0s
#SI# sigma=0.25 had to be increased for 16986 vertices, nripped=5897
mean border=49.9, 8499 (62) missing vertices, mean dist 0.1 [0.2 (%42.4)->0.5 (%57.6))]
%19 local maxima, %11 large gradients and %58 min vals, 0 gradients ignored
nFirstPeakD1 0
MRIScomputeBorderValues_new() finished in 0.0010 min


Averaging target values for 5 iterations...
Positioning Surface: tspring = 0.3, nspring = 0.3, spring = 0, niters = 100 l_repulse = 0, l_surf_repulse = 5, checktol = 0
Positioning pial surface
Entering MRISpositionSurface()
  max_mm = 0.3
  MAX_REDUCTIONS = 2, REDUCTION_PCT = 0.5
  parms->check_tol = 0, niterations = 100
tol=1.0e-04, sigma=0.2, host=dna07, nav=2, nbrs=2, l_surf_repulse=5.000, l_tspring=0.300, l_nspring=0.300, l_intensity=0.200, l_curv=1.000
mom=0.00, dt=0.50
000: dt: 0.0000, sse=683867.2, rms=4.003
034: dt: 0.5000, sse=652960.2, rms=3.853 (3.757%)
rms = 3.8257/3.8531, sse=644777.4/652960.2, time step reduction 1 of 3 to 0.250  0 0 1
035: dt: 0.5000, sse=644777.4, rms=3.826 (0.711%)
036: dt: 0.2500, sse=596406.8, rms=3.525 (7.847%)
037: dt: 0.2500, sse=583221.6, rms=3.445 (2.294%)
rms = 3.4107/3.4446, sse=577617.8/583221.6, time step reduction 2 of 3 to 0.125  0 0 1
038: dt: 0.2500, sse=577617.8, rms=3.411 (0.986%)
039: dt: 0.1250, sse=566383.3, rms=3.334 (2.244%)
rms = 3.3083/3.3341, sse=562344.7/566383.3, time step reduction 3 of 3 to 0.062  0 0 1
040: dt: 0.1250, sse=562344.7, rms=3.308 (0.776%)
  maximum number of reductions reached, breaking from loop
positioning took 0.4 minutes
Pinning medial wall to white surface
removing intersecting faces
000: 21 intersecting
step 1 with no progress (num=31, old_num=21)
001: 31 intersecting
002: 19 intersecting
003: 17 intersecting
004: 11 intersecting
step 1 with no progress (num=17, old_num=11)
005: 17 intersecting
006: 11 intersecting
step 1 with no progress (num=11, old_num=11)
007: 11 intersecting
step 2 with no progress (num=11, old_num=11)
008: 11 intersecting
step 3 with no progress (num=11, old_num=11)
009: 11 intersecting
step 4 with no progress (num=11, old_num=11)
010: 11 intersecting
step 5 with no progress (num=11, old_num=11)
011: 11 intersecting
step 6 with no progress (num=11, old_num=11)
012: 11 intersecting
step 7 with no progress (num=11, old_num=11)
013: 11 intersecting
step 8 with no progress (num=11, old_num=11)
014: 11 intersecting
step 9 with no progress (num=11, old_num=11)
015: 11 intersecting
step 10 with no progress (num=11, old_num=11)
016: 11 intersecting
step 11 with no progress (num=11, old_num=11)
017: 11 intersecting
step 12 with no progress (num=11, old_num=11)
018: 11 intersecting
step 13 with no progress (num=11, old_num=11)
019: 11 intersecting
step 14 with no progress (num=11, old_num=11)
020: 11 intersecting
step 15 with no progress (num=11, old_num=11)
021: 11 intersecting
step 16 with no progress (num=11, old_num=11)
terminating search with 11 intersecting


Writing output to ../surf/rh.pial.T1
#ET# mris_place_surface  3.33 minutes
#VMPC# mris_place_surfaces VmPeak  2429232
mris_place_surface done
#@# white curv rh Sat Mar 14 12:44:05 CET 2026
cd /out/sourcedata/freesurfer/sub-v2s9x29161_ses-1/mri
mris_place_surface --curv-map ../surf/rh.white 2 10 ../surf/rh.curv
insurf  ../surf/rh.white, nbrs 2, curvature_avgs 10
writing curvature file ../surf/rh.curv
#@# white area rh Sat Mar 14 12:44:06 CET 2026
cd /out/sourcedata/freesurfer/sub-v2s9x29161_ses-1/mri
mris_place_surface --area-map ../surf/rh.white ../surf/rh.area
writing curvature file ../surf/rh.area
#@# pial curv rh Sat Mar 14 12:44:06 CET 2026
cd /out/sourcedata/freesurfer/sub-v2s9x29161_ses-1/mri
mris_place_surface --curv-map ../surf/rh.pial 2 10 ../surf/rh.curv.pial
insurf  ../surf/rh.pial, nbrs 2, curvature_avgs 10
writing curvature file ../surf/rh.curv.pial
#@# pial area rh Sat Mar 14 12:44:07 CET 2026
cd /out/sourcedata/freesurfer/sub-v2s9x29161_ses-1/mri
mris_place_surface --area-map ../surf/rh.pial ../surf/rh.area.pial
writing curvature file ../surf/rh.area.pial
#@# thickness rh Sat Mar 14 12:44:08 CET 2026
cd /out/sourcedata/freesurfer/sub-v2s9x29161_ses-1/mri
mris_place_surface --thickness ../surf/rh.white ../surf/rh.pial 20 5 ../surf/rh.thickness
0 of 120244 vertices processed
25000 of 120244 vertices processed
50000 of 120244 vertices processed
75000 of 120244 vertices processed
100000 of 120244 vertices processed
0 of 120244 vertices processed
25000 of 120244 vertices processed
50000 of 120244 vertices processed
75000 of 120244 vertices processed
100000 of 120244 vertices processed
thickness calculation complete, 694:3663 truncations.
41802 vertices at 0 distance
84275 vertices at 1 distance
66972 vertices at 2 distance
28782 vertices at 3 distance
10826 vertices at 4 distance
4151 vertices at 5 distance
1676 vertices at 6 distance
684 vertices at 7 distance
328 vertices at 8 distance
212 vertices at 9 distance
171 vertices at 10 distance
121 vertices at 11 distance
106 vertices at 12 distance
76 vertices at 13 distance
64 vertices at 14 distance
47 vertices at 15 distance
36 vertices at 16 distance
46 vertices at 17 distance
44 vertices at 18 distance
29 vertices at 19 distance
40 vertices at 20 distance
writing curvature file ../surf/rh.thickness
#@# area and vertex vol rh Sat Mar 14 12:44:23 CET 2026
cd /out/sourcedata/freesurfer/sub-v2s9x29161_ses-1/mri
mris_place_surface --thickness ../surf/rh.white ../surf/rh.pial 20 5 ../surf/rh.thickness
/out/sourcedata/freesurfer/sub-v2s9x29161_ses-1/surf
mris_calc -o rh.area.mid rh.area add rh.area.pial
Saving result to 'rh.area.mid' (type = MRI_CURV_FILE)                       [ ok ]
mris_calc -o rh.area.mid rh.area.mid div 2
Saving result to 'rh.area.mid' (type = MRI_CURV_FILE)                       [ ok ]
mris_convert --volume sub-v2s9x29161_ses-1 rh /out/sourcedata/freesurfer/sub-v2s9x29161_ses-1/surf/rh.volume
masking with /out/sourcedata/freesurfer/sub-v2s9x29161_ses-1/label/rh.cortex.label
Total face volume 275103
Total vertex volume 274908 (mask=0)
#@# sub-v2s9x29161_ses-1 rh 274908
 
vertexvol Done

#-----------------------------------------
#@# Curvature Stats rh Sat Mar 14 12:44:24 CET 2026
/out/sourcedata/freesurfer/sub-v2s9x29161_ses-1/surf

 mris_curvature_stats -m --writeCurvatureFiles -G -o ../stats/rh.curv.stats -F smoothwm sub-v2s9x29161_ses-1 rh curv sulc 

             Toggling save flag on curvature files                       [ ok ]
                 Outputting results using filestem   [ ../stats/rh.curv.stats ]
             Toggling save flag on curvature files                       [ ok ]
                                   Setting surface [ sub-v2s9x29161_ses-1/rh.smoothwm ]
                                Reading surface...                       [ ok ]
                                   Setting texture                     [ curv ]
                                Reading texture...                       [ ok ]
                                   Setting texture                     [ sulc ]
                                Reading texture...Gb_filter = 0
                       [ ok ]
      Calculating Discrete Principal Curvatures...
      Determining geometric order for vno faces... [####################] [ ok ]
                      Determining KH curvatures... [####################] [ ok ]
                    Determining k1k2 curvatures... [####################] [ ok ]
                                   deltaViolations                      [ 243 ]
Gb_filter = 0

WARN:    S lookup   min:                          -0.164220
WARN:    S explicit min:                          0.000000	vertex = 1
#-----------------------------------------
#@# Cortical Parc 2 rh Sat Mar 14 12:44:26 CET 2026
/out/sourcedata/freesurfer/sub-v2s9x29161_ses-1/scripts

 mris_ca_label -l ../label/rh.cortex.label -aseg ../mri/aseg.presurf.mgz -seed 1234 sub-v2s9x29161_ses-1 rh ../surf/rh.sphere.reg /opt/freesurfer/average/rh.CDaparc.atlas.acfb40.noaparc.i12.2016-08-02.gcs ../label/rh.aparc.a2009s.annot 

setting seed for random number generator to 1234
using ../mri/aseg.presurf.mgz aseg volume to correct midline
7.3.2
  7.3.2
reading atlas from /opt/freesurfer/average/rh.CDaparc.atlas.acfb40.noaparc.i12.2016-08-02.gcs...
reading color table from GCSA file....
average std = 1.4   using min determinant for regularization = 0.021
0 singular and 0 ill-conditioned covariance matrices regularized
input 0: MEAN CURVATURE, flags 0, avgs 5, name mean_curvature
labeling surface...
32 labels changed using aseg
relabeling using gibbs priors...
000:   8374 changed, 120244 examined...
001:   1879 changed, 32529 examined...
002:    522 changed, 10068 examined...
003:    201 changed, 3006 examined...
004:     98 changed, 1189 examined...
005:     42 changed, 551 examined...
006:     22 changed, 254 examined...
007:     15 changed, 133 examined...
008:      8 changed, 77 examined...
009:      4 changed, 47 examined...
010:      3 changed, 29 examined...
011:      2 changed, 21 examined...
012:      0 changed, 14 examined...
10 labels changed using aseg
000: 225 total segments, 138 labels (1588 vertices) changed
001: 87 total segments, 3 labels (73 vertices) changed
002: 84 total segments, 0 labels (0 vertices) changed
10 filter iterations complete (10 requested, 31 changed)
rationalizing unknown annotations with cortex label
relabeling Medial_wall label...
1100 vertices marked for relabeling...
1100 labels changed in reclassification.
writing output to ../label/rh.aparc.a2009s.annot...
classification took 0 minutes and 9 seconds.
#-----------------------------------------
#@# Cortical Parc 3 rh Sat Mar 14 12:44:34 CET 2026
/out/sourcedata/freesurfer/sub-v2s9x29161_ses-1/scripts

 mris_ca_label -l ../label/rh.cortex.label -aseg ../mri/aseg.presurf.mgz -seed 1234 sub-v2s9x29161_ses-1 rh ../surf/rh.sphere.reg /opt/freesurfer/average/rh.DKTaparc.atlas.acfb40.noaparc.i12.2016-08-02.gcs ../label/rh.aparc.DKTatlas.annot 

setting seed for random number generator to 1234
using ../mri/aseg.presurf.mgz aseg volume to correct midline
7.3.2
  7.3.2
reading atlas from /opt/freesurfer/average/rh.DKTaparc.atlas.acfb40.noaparc.i12.2016-08-02.gcs...
reading color table from GCSA file....
average std = 0.9   using min determinant for regularization = 0.009
0 singular and 325 ill-conditioned covariance matrices regularized
input 0: MEAN CURVATURE, flags 0, avgs 5, name mean_curvature
labeling surface...
1461 labels changed using aseg
relabeling using gibbs priors...
000:   1801 changed, 120244 examined...
001:    413 changed, 8444 examined...
002:    115 changed, 2348 examined...
003:     47 changed, 651 examined...
004:     29 changed, 280 examined...
005:     14 changed, 138 examined...
006:     10 changed, 79 examined...
007:      4 changed, 58 examined...
008:      5 changed, 29 examined...
009:      3 changed, 29 examined...
010:      1 changed, 19 examined...
011:      0 changed, 6 examined...
230 labels changed using aseg
000: 45 total segments, 12 labels (25 vertices) changed
001: 33 total segments, 0 labels (0 vertices) changed
8 filter iterations complete (10 requested, 0 changed)
rationalizing unknown annotations with cortex label
relabeling unknown label...
relabeling corpuscallosum label...
939 vertices marked for relabeling...
939 labels changed in reclassification.
writing output to ../label/rh.aparc.DKTatlas.annot...
classification took 0 minutes and 6 seconds.
#-----------------------------------------
#@# WM/GM Contrast rh Sat Mar 14 12:44:41 CET 2026
/out/sourcedata/freesurfer/sub-v2s9x29161_ses-1/scripts

 pctsurfcon --s sub-v2s9x29161_ses-1 --rh-only 

Log file is /out/sourcedata/freesurfer/sub-v2s9x29161_ses-1/scripts/pctsurfcon.log
Sat Mar 14 12:44:41 CET 2026
setenv SUBJECTS_DIR /out/sourcedata/freesurfer
cd /out/sourcedata/freesurfer/sub-v2s9x29161_ses-1/scripts
/opt/freesurfer/bin/pctsurfcon
pctsurfcon 7.3.2
Linux dna074 5.14.0-427.37.1.el9_4.x86_64 #1 SMP PREEMPT_DYNAMIC Fri Sep 13 12:41:50 EDT 2024 x86_64 x86_64 x86_64 GNU/Linux
FREESURFER_HOME /opt/freesurfer
mri_vol2surf --mov /out/sourcedata/freesurfer/sub-v2s9x29161_ses-1/mri/rawavg.mgz --hemi rh --noreshape --interp trilinear --projdist -1 --o /out/sourcedata/freesurfer/sub-v2s9x29161_ses-1/surf/tmp.pctsurfcon.347304/rh.wm.mgh --regheader sub-v2s9x29161_ses-1 --cortex
srcvol = /out/sourcedata/freesurfer/sub-v2s9x29161_ses-1/mri/rawavg.mgz
srcreg unspecified
srcregold = 0
srcwarp unspecified
surf = white
hemi = rh
ProjDist = -1
reshape = 0
interp = trilinear
float2int = round
GetProjMax = 0
INFO: float2int code = 0
Done loading volume
Computing registration from header.
  Using /out/sourcedata/freesurfer/sub-v2s9x29161_ses-1/mri/orig.mgz as target reference.
-------- original matrix -----------
-1.00000   0.00000   0.00000  -0.00002;
 0.00000   0.00000   1.00000   0.00000;
 0.00000  -1.00000   0.00000   0.00000;
 0.00000   0.00000   0.00000   1.00000;
-------- original matrix -----------
Loading label /out/sourcedata/freesurfer/sub-v2s9x29161_ses-1/label/rh.cortex.label
Reading surface /out/sourcedata/freesurfer/sub-v2s9x29161_ses-1/surf/rh.white
Done reading source surface
Mapping Source Volume onto Source Subject Surface
Projecting -1 -1 1
 1 -1 -1 -1
using old
Done mapping volume to surface
Number of source voxels hit = 63288
Masking with /out/sourcedata/freesurfer/sub-v2s9x29161_ses-1/label/rh.cortex.label
Writing to /out/sourcedata/freesurfer/sub-v2s9x29161_ses-1/surf/tmp.pctsurfcon.347304/rh.wm.mgh
Dim: 120244 1 1
mri_vol2surf --mov /out/sourcedata/freesurfer/sub-v2s9x29161_ses-1/mri/rawavg.mgz --hemi rh --noreshape --interp trilinear --o /out/sourcedata/freesurfer/sub-v2s9x29161_ses-1/surf/tmp.pctsurfcon.347304/rh.gm.mgh --projfrac 0.3 --regheader sub-v2s9x29161_ses-1 --cortex
srcvol = /out/sourcedata/freesurfer/sub-v2s9x29161_ses-1/mri/rawavg.mgz
srcreg unspecified
srcregold = 0
srcwarp unspecified
surf = white
hemi = rh
ProjFrac = 0.3
thickness = thickness
reshape = 0
interp = trilinear
float2int = round
GetProjMax = 0
INFO: float2int code = 0
Done loading volume
Computing registration from header.
  Using /out/sourcedata/freesurfer/sub-v2s9x29161_ses-1/mri/orig.mgz as target reference.
-------- original matrix -----------
-1.00000   0.00000   0.00000  -0.00002;
 0.00000   0.00000   1.00000   0.00000;
 0.00000  -1.00000   0.00000   0.00000;
 0.00000   0.00000   0.00000   1.00000;
-------- original matrix -----------
Loading label /out/sourcedata/freesurfer/sub-v2s9x29161_ses-1/label/rh.cortex.label
Reading surface /out/sourcedata/freesurfer/sub-v2s9x29161_ses-1/surf/rh.white
Done reading source surface
Reading thickness /out/sourcedata/freesurfer/sub-v2s9x29161_ses-1/surf/rh.thickness
Done
Mapping Source Volume onto Source Subject Surface
Projecting 0.3 0.3 1
 1 0.3 0.3 0.3
using old
Done mapping volume to surface
Number of source voxels hit = 74221
Masking with /out/sourcedata/freesurfer/sub-v2s9x29161_ses-1/label/rh.cortex.label
Writing to /out/sourcedata/freesurfer/sub-v2s9x29161_ses-1/surf/tmp.pctsurfcon.347304/rh.gm.mgh
Dim: 120244 1 1
mri_concat /out/sourcedata/freesurfer/sub-v2s9x29161_ses-1/surf/tmp.pctsurfcon.347304/rh.wm.mgh /out/sourcedata/freesurfer/sub-v2s9x29161_ses-1/surf/tmp.pctsurfcon.347304/rh.gm.mgh --paired-diff-norm --mul 100 --o /out/sourcedata/freesurfer/sub-v2s9x29161_ses-1/surf/rh.w-g.pct.mgh
ninputs = 2
Checking inputs
nframestot = 2
Allocing output
Done allocing
Combining pairs
nframes = 1
Multiplying by 100.000000
Writing to /out/sourcedata/freesurfer/sub-v2s9x29161_ses-1/surf/rh.w-g.pct.mgh
mri_segstats --in /out/sourcedata/freesurfer/sub-v2s9x29161_ses-1/surf/rh.w-g.pct.mgh --annot sub-v2s9x29161_ses-1 rh aparc --sum /out/sourcedata/freesurfer/sub-v2s9x29161_ses-1/stats/rh.w-g.pct.stats --snr

7.3.2
cwd 
cmdline mri_segstats --in /out/sourcedata/freesurfer/sub-v2s9x29161_ses-1/surf/rh.w-g.pct.mgh --annot sub-v2s9x29161_ses-1 rh aparc --sum /out/sourcedata/freesurfer/sub-v2s9x29161_ses-1/stats/rh.w-g.pct.stats --snr 
sysname  Linux
hostname dna074
machine  x86_64
user     oesteban
whitesurfname  white
UseRobust  0
Constructing seg from annotation

Reading annotation /out/sourcedata/freesurfer/sub-v2s9x29161_ses-1/label/rh.aparc.annot
Seg base 2000
Loading /out/sourcedata/freesurfer/sub-v2s9x29161_ses-1/surf/rh.w-g.pct.mgh
Vertex Area is 0.71359 mm^3
Generating list of segmentation ids
Found  36 segmentations
Computing statistics for each segmentation

Reporting on  35 segmentations
Using PrintSegStat
mri_segstats done
Cleaning up

Started at Sat Mar 14 12:13:35 CET 2026 
Ended   at Sat Mar 14 12:44:43 CET 2026
#@#%# recon-all-run-time-hours 0.519
recon-all -s sub-v2s9x29161_ses-1 finished without error at Sat Mar 14 12:44:43 CET 2026



#New# invocation of recon-all 




Sat Mar 14 12:50:00 CET 2026
cd /out/sourcedata/freesurfer/sub-v2s9x29161_ses-1
setenv SUBJECTS_DIR /out/sourcedata/freesurfer
/opt/freesurfer/bin/recon-all -autorecon-hemi rh -nohyporelabel -rh-only -openmp 16 -subjid sub-v2s9x29161_ses-1 -sd /out/sourcedata/freesurfer -notessellate -nosmooth1 -noinflate1 -noqsphere -nofix -nowhite -nosmooth2 -noinflate2 -nocurvHK -nocurvstats -nosphere -nosurfreg -nojacobian_white -noavgcurv -nocortparc -nopial -nocortparc2 -nocortparc3 -nopctsurfcon

subjid sub-v2s9x29161_ses-1
setenv SUBJECTS_DIR /out/sourcedata/freesurfer
FREESURFER_HOME /opt/freesurfer
Actual FREESURFER_HOME /opt/freesurfer
build-stamp.txt: freesurfer-linux-ubuntu22_x86_64-7.3.2-20220804-6354275
Linux dna074 5.14.0-427.37.1.el9_4.x86_64 #1 SMP PREEMPT_DYNAMIC Fri Sep 13 12:41:50 EDT 2024 x86_64 x86_64 x86_64 GNU/Linux
cputime      unlimited
filesize     unlimited
datasize     unlimited
stacksize    8192 kbytes
coredumpsize 0 kbytes
memoryuse    67108864 kbytes
vmemoryuse   unlimited
descriptors  1024 
memorylocked unlimited
maxproc      2061970 
maxlocks     unlimited
maxsignal    2062029 
maxmessage   819200 
maxnice      0 
maxrtprio    0 
maxrttime    unlimited

               total        used        free      shared  buff/cache   available
Mem:           503Gi        64Gi        58Gi        11Gi       380Gi       424Gi
Swap:             0B          0B          0B

########################################
program versions used
7.3.2 (freesurfer-linux-ubuntu22_x86_64-7.3.2-20220804-6354275)
7.3.2

ProgramName: lta_convert  ProgramArguments: lta_convert -all-info  ProgramVersion: 7.3.2  TimeStamp: 2026/03/14-11:50:00-GMT  BuildTime: Aug  4 2022 06:17:15  BuildStamp: freesurfer-linux-ubuntu22_x86_64-7.3.2-20220804-6354275  User: oesteban  Machine: dna074  Platform: Linux  PlatformVersion: 5.14.0-427.37.1.el9_4.x86_64  CompilerName: GCC  CompilerVersion: 8.4.0
ProgramName: mri_and  ProgramArguments: mri_and -all-info  ProgramVersion: 7.3.2  TimeStamp: 2026/03/14-11:50:00-GMT  BuildTime: Aug  4 2022 06:17:15  BuildStamp: freesurfer-linux-ubuntu22_x86_64-7.3.2-20220804-6354275  User: oesteban  Machine: dna074  Platform: Linux  PlatformVersion: 5.14.0-427.37.1.el9_4.x86_64  CompilerName: GCC  CompilerVersion: 8.4.0
ProgramName: mri_annotation2label  ProgramArguments: mri_annotation2label -all-info  ProgramVersion: 7.3.2  TimeStamp: 2026/03/14-11:50:00-GMT  BuildTime: Aug  4 2022 06:17:15  BuildStamp: freesurfer-linux-ubuntu22_x86_64-7.3.2-20220804-6354275  User: oesteban  Machine: dna074  Platform: Linux  PlatformVersion: 5.14.0-427.37.1.el9_4.x86_64  CompilerName: GCC  CompilerVersion: 8.4.0
ProgramName: mri_aparc2aseg  ProgramArguments: mri_aparc2aseg -all-info  ProgramVersion: 7.3.2  TimeStamp: 2026/03/14-11:50:00-GMT  BuildTime: Aug  4 2022 06:17:15  BuildStamp: freesurfer-linux-ubuntu22_x86_64-7.3.2-20220804-6354275  User: oesteban  Machine: dna074  Platform: Linux  PlatformVersion: 5.14.0-427.37.1.el9_4.x86_64  CompilerName: GCC  CompilerVersion: 8.4.0
ProgramName: mri_surf2volseg  ProgramArguments: mri_surf2volseg -all-info  ProgramVersion: 7.3.2  TimeStamp: 2026/03/14-11:50:00-GMT  BuildTime: Aug  4 2022 06:17:15  BuildStamp: freesurfer-linux-ubuntu22_x86_64-7.3.2-20220804-6354275  User: oesteban  Machine: dna074  Platform: Linux  PlatformVersion: 5.14.0-427.37.1.el9_4.x86_64  CompilerName: GCC  CompilerVersion: 8.4.0
ProgramName: mri_binarize  ProgramArguments: mri_binarize -all-info  ProgramVersion: 7.3.2  TimeStamp: 2026/03/14-11:50:00-GMT  BuildTime: Aug  4 2022 06:17:15  BuildStamp: freesurfer-linux-ubuntu22_x86_64-7.3.2-20220804-6354275  User: oesteban  Machine: dna074  Platform: Linux  PlatformVersion: 5.14.0-427.37.1.el9_4.x86_64  CompilerName: GCC  CompilerVersion: 8.4.0
ProgramName: mri_ca_label  ProgramArguments: mri_ca_label -all-info  ProgramVersion: 7.3.2  TimeStamp: 2026/03/14-11:50:00-GMT  BuildTime: Aug  4 2022 06:17:15  BuildStamp: freesurfer-linux-ubuntu22_x86_64-7.3.2-20220804-6354275  User: oesteban  Machine: dna074  Platform: Linux  PlatformVersion: 5.14.0-427.37.1.el9_4.x86_64  CompilerName: GCC  CompilerVersion: 8.4.0
ProgramName: mri_ca_normalize  ProgramArguments: mri_ca_normalize -all-info  ProgramVersion: 7.3.2  TimeStamp: 2026/03/14-11:50:00-GMT  BuildTime: Aug  4 2022 06:17:15  BuildStamp: freesurfer-linux-ubuntu22_x86_64-7.3.2-20220804-6354275  User: oesteban  Machine: dna074  Platform: Linux  PlatformVersion: 5.14.0-427.37.1.el9_4.x86_64  CompilerName: GCC  CompilerVersion: 8.4.0
ProgramName: mri_ca_register  ProgramArguments: mri_ca_register -all-info  ProgramVersion: 7.3.2  TimeStamp: 2026/03/14-11:50:00-GMT  BuildTime: Aug  4 2022 06:17:15  BuildStamp: freesurfer-linux-ubuntu22_x86_64-7.3.2-20220804-6354275  User: oesteban  Machine: dna074  Platform: Linux  PlatformVersion: 5.14.0-427.37.1.el9_4.x86_64  CompilerName: GCC  CompilerVersion: 8.4.0
ProgramName: mri_cc  ProgramArguments: mri_cc -all-info  ProgramVersion: 7.3.2  TimeStamp: 2026/03/14-11:50:00-GMT  BuildTime: Aug  4 2022 06:17:15  BuildStamp: freesurfer-linux-ubuntu22_x86_64-7.3.2-20220804-6354275  User: oesteban  Machine: dna074  Platform: Linux  PlatformVersion: 5.14.0-427.37.1.el9_4.x86_64  CompilerName: GCC  CompilerVersion: 8.4.0
ProgramName: mri_compute_overlap  ProgramArguments: mri_compute_overlap -all-info  ProgramVersion: 7.3.2  TimeStamp: 2026/03/14-11:50:00-GMT  BuildTime: Aug  4 2022 06:17:15  BuildStamp: freesurfer-linux-ubuntu22_x86_64-7.3.2-20220804-6354275  User: oesteban  Machine: dna074  Platform: Linux  PlatformVersion: 5.14.0-427.37.1.el9_4.x86_64  CompilerName: GCC  CompilerVersion: 8.4.0
ProgramName: mri_compute_seg_overlap  ProgramArguments: mri_compute_seg_overlap -all-info  ProgramVersion: 7.3.2  TimeStamp: 2026/03/14-11:50:00-GMT  BuildTime: Aug  4 2022 06:17:15  BuildStamp: freesurfer-linux-ubuntu22_x86_64-7.3.2-20220804-6354275  User: oesteban  Machine: dna074  Platform: Linux  PlatformVersion: 5.14.0-427.37.1.el9_4.x86_64  CompilerName: GCC  CompilerVersion: 8.4.0
ProgramName: mri_concat  ProgramArguments: mri_concat -all-info  ProgramVersion: 7.3.2  TimeStamp: 2026/03/14-11:50:00-GMT  BuildTime: Aug  4 2022 06:17:15  BuildStamp: freesurfer-linux-ubuntu22_x86_64-7.3.2-20220804-6354275  User: oesteban  Machine: dna074  Platform: Linux  PlatformVersion: 5.14.0-427.37.1.el9_4.x86_64  CompilerName: GCC  CompilerVersion: 8.4.0
ProgramName: mri_concatenate_lta  ProgramArguments: mri_concatenate_lta -all-info  ProgramVersion: 7.3.2  TimeStamp: 2026/03/14-11:50:00-GMT  BuildTime: Aug  4 2022 06:17:15  BuildStamp: freesurfer-linux-ubuntu22_x86_64-7.3.2-20220804-6354275  User: oesteban  Machine: dna074  Platform: Linux  PlatformVersion: 5.14.0-427.37.1.el9_4.x86_64  CompilerName: GCC  CompilerVersion: 8.4.0
mri_convert -all-info 
ProgramName: mri_convert  ProgramArguments: mri_convert -all-info  ProgramVersion: 7.3.2  TimeStamp: 2026/03/14-11:50:00-GMT  BuildTime: Aug  4 2022 06:17:15  BuildStamp: freesurfer-linux-ubuntu22_x86_64-7.3.2-20220804-6354275  User: oesteban  Machine: dna074  Platform: Linux  PlatformVersion: 5.14.0-427.37.1.el9_4.x86_64  CompilerName: GCC  CompilerVersion: 8.4.0
ProgramName: mri_diff  ProgramArguments: mri_diff -all-info  ProgramVersion: 7.3.2  TimeStamp: 2026/03/14-11:50:00-GMT  BuildTime: Aug  4 2022 06:17:15  BuildStamp: freesurfer-linux-ubuntu22_x86_64-7.3.2-20220804-6354275  User: oesteban  Machine: dna074  Platform: Linux  PlatformVersion: 5.14.0-427.37.1.el9_4.x86_64  CompilerName: GCC  CompilerVersion: 8.4.0
ProgramName: mri_edit_wm_with_aseg  ProgramArguments: mri_edit_wm_with_aseg -all-info  ProgramVersion: 7.3.2  TimeStamp: 2026/03/14-11:50:00-GMT  BuildTime: Aug  4 2022 06:17:15  BuildStamp: freesurfer-linux-ubuntu22_x86_64-7.3.2-20220804-6354275  User: oesteban  Machine: dna074  Platform: Linux  PlatformVersion: 5.14.0-427.37.1.el9_4.x86_64  CompilerName: GCC  CompilerVersion: 8.4.0
ProgramName: mri_em_register  ProgramArguments: mri_em_register -all-info  ProgramVersion: 7.3.2  TimeStamp: 2026/03/14-11:50:00-GMT  BuildTime: Aug  4 2022 06:17:15  BuildStamp: freesurfer-linux-ubuntu22_x86_64-7.3.2-20220804-6354275  User: oesteban  Machine: dna074  Platform: Linux  PlatformVersion: 5.14.0-427.37.1.el9_4.x86_64  CompilerName: GCC  CompilerVersion: 8.4.0
ProgramName: mri_fill  ProgramArguments: mri_fill -all-info  ProgramVersion: 7.3.2  TimeStamp: 2026/03/14-11:50:00-GMT  BuildTime: Aug  4 2022 06:17:15  BuildStamp: freesurfer-linux-ubuntu22_x86_64-7.3.2-20220804-6354275  User: oesteban  Machine: dna074  Platform: Linux  PlatformVersion: 5.14.0-427.37.1.el9_4.x86_64  CompilerName: GCC  CompilerVersion: 8.4.0
ProgramName: mri_fuse_segmentations  ProgramArguments: mri_fuse_segmentations -all-info  ProgramVersion: 7.3.2  TimeStamp: 2026/03/14-11:50:00-GMT  BuildTime: Aug  4 2022 06:17:15  BuildStamp: freesurfer-linux-ubuntu22_x86_64-7.3.2-20220804-6354275  User: oesteban  Machine: dna074  Platform: Linux  PlatformVersion: 5.14.0-427.37.1.el9_4.x86_64  CompilerName: GCC  CompilerVersion: 8.4.0
ProgramName: mri_fwhm  ProgramArguments: mri_fwhm -all-info  ProgramVersion: 7.3.2  TimeStamp: 2026/03/14-11:50:00-GMT  BuildTime: Aug  4 2022 06:17:15  BuildStamp: freesurfer-linux-ubuntu22_x86_64-7.3.2-20220804-6354275  User: oesteban  Machine: dna074  Platform: Linux  PlatformVersion: 5.14.0-427.37.1.el9_4.x86_64  CompilerName: GCC  CompilerVersion: 8.4.0
ProgramName: mri_gcut  ProgramArguments: mri_gcut -all-info  ProgramVersion: 7.3.2  TimeStamp: 2026/03/14-11:50:00-GMT  BuildTime: Aug  4 2022 06:17:15  BuildStamp: freesurfer-linux-ubuntu22_x86_64-7.3.2-20220804-6354275  User: oesteban  Machine: dna074  Platform: Linux  PlatformVersion: 5.14.0-427.37.1.el9_4.x86_64  CompilerName: GCC  CompilerVersion: 8.4.0
ProgramName: mri_info  ProgramArguments: mri_info -all-info  ProgramVersion: 7.3.2  TimeStamp: 2026/03/14-11:50:00-GMT  BuildTime: Aug  4 2022 06:17:15  BuildStamp: freesurfer-linux-ubuntu22_x86_64-7.3.2-20220804-6354275  User: oesteban  Machine: dna074  Platform: Linux  PlatformVersion: 5.14.0-427.37.1.el9_4.x86_64  CompilerName: GCC  CompilerVersion: 8.4.0
ProgramName: mri_label2label  ProgramArguments: mri_label2label -all-info  ProgramVersion: 7.3.2  TimeStamp: 2026/03/14-11:50:00-GMT  BuildTime: Aug  4 2022 06:17:15  BuildStamp: freesurfer-linux-ubuntu22_x86_64-7.3.2-20220804-6354275  User: oesteban  Machine: dna074  Platform: Linux  PlatformVersion: 5.14.0-427.37.1.el9_4.x86_64  CompilerName: GCC  CompilerVersion: 8.4.0
ProgramName: mri_label2vol  ProgramArguments: mri_label2vol -all-info  ProgramVersion: 7.3.2  TimeStamp: 2026/03/14-11:50:00-GMT  BuildTime: Aug  4 2022 06:17:15  BuildStamp: freesurfer-linux-ubuntu22_x86_64-7.3.2-20220804-6354275  User: oesteban  Machine: dna074  Platform: Linux  PlatformVersion: 5.14.0-427.37.1.el9_4.x86_64  CompilerName: GCC  CompilerVersion: 8.4.0
ProgramName: mri_log_likelihood  ProgramArguments: mri_log_likelihood -all-info  ProgramVersion: 7.3.2  TimeStamp: 2026/03/14-11:50:00-GMT  BuildTime: Aug  4 2022 06:17:15  BuildStamp: freesurfer-linux-ubuntu22_x86_64-7.3.2-20220804-6354275  User: oesteban  Machine: dna074  Platform: Linux  PlatformVersion: 5.14.0-427.37.1.el9_4.x86_64  CompilerName: GCC  CompilerVersion: 8.4.0
ProgramName: mri_mask  ProgramArguments: mri_mask -all-info  ProgramVersion: 7.3.2  TimeStamp: 2026/03/14-11:50:00-GMT  BuildTime: Aug  4 2022 06:17:15  BuildStamp: freesurfer-linux-ubuntu22_x86_64-7.3.2-20220804-6354275  User: oesteban  Machine: dna074  Platform: Linux  PlatformVersion: 5.14.0-427.37.1.el9_4.x86_64  CompilerName: GCC  CompilerVersion: 8.4.0
ProgramName: mri_matrix_multiply  ProgramArguments: mri_matrix_multiply -all-info  ProgramVersion: 7.3.2  TimeStamp: 2026/03/14-11:50:00-GMT  BuildTime: Aug  4 2022 06:17:15  BuildStamp: freesurfer-linux-ubuntu22_x86_64-7.3.2-20220804-6354275  User: oesteban  Machine: dna074  Platform: Linux  PlatformVersion: 5.14.0-427.37.1.el9_4.x86_64  CompilerName: GCC  CompilerVersion: 8.4.0
ProgramName: mri_normalize  ProgramArguments: mri_normalize -all-info  ProgramVersion: 7.3.2  TimeStamp: 2026/03/14-11:50:00-GMT  BuildTime: Aug  4 2022 06:17:15  BuildStamp: freesurfer-linux-ubuntu22_x86_64-7.3.2-20220804-6354275  User: oesteban  Machine: dna074  Platform: Linux  PlatformVersion: 5.14.0-427.37.1.el9_4.x86_64  CompilerName: GCC  CompilerVersion: 8.4.0
ProgramName: mri_normalize_tp2  ProgramArguments: mri_normalize_tp2 -all-info  ProgramVersion: 7.3.2  TimeStamp: 2026/03/14-11:50:00-GMT  BuildTime: Aug  4 2022 06:17:15  BuildStamp: freesurfer-linux-ubuntu22_x86_64-7.3.2-20220804-6354275  User: oesteban  Machine: dna074  Platform: Linux  PlatformVersion: 5.14.0-427.37.1.el9_4.x86_64  CompilerName: GCC  CompilerVersion: 8.4.0
ProgramName: mri_or  ProgramArguments: mri_or -all-info  ProgramVersion: 7.3.2  TimeStamp: 2026/03/14-11:50:00-GMT  BuildTime: Aug  4 2022 06:17:15  BuildStamp: freesurfer-linux-ubuntu22_x86_64-7.3.2-20220804-6354275  User: oesteban  Machine: dna074  Platform: Linux  PlatformVersion: 5.14.0-427.37.1.el9_4.x86_64  CompilerName: GCC  CompilerVersion: 8.4.0
ProgramName: mri_relabel_hypointensities  ProgramArguments: mri_relabel_hypointensities -all-info  ProgramVersion: 7.3.2  TimeStamp: 2026/03/14-11:50:00-GMT  BuildTime: Aug  4 2022 06:17:15  BuildStamp: freesurfer-linux-ubuntu22_x86_64-7.3.2-20220804-6354275  User: oesteban  Machine: dna074  Platform: Linux  PlatformVersion: 5.14.0-427.37.1.el9_4.x86_64  CompilerName: GCC  CompilerVersion: 8.4.0
ProgramName: mri_relabel_nonwm_hypos  ProgramArguments: mri_relabel_nonwm_hypos -all-info  ProgramVersion: 7.3.2  TimeStamp: 2026/03/14-11:50:00-GMT  BuildTime: Aug  4 2022 06:17:15  BuildStamp: freesurfer-linux-ubuntu22_x86_64-7.3.2-20220804-6354275  User: oesteban  Machine: dna074  Platform: Linux  PlatformVersion: 5.14.0-427.37.1.el9_4.x86_64  CompilerName: GCC  CompilerVersion: 8.4.0
ProgramName: mri_remove_neck  ProgramArguments: mri_remove_neck -all-info  ProgramVersion: 7.3.2  TimeStamp: 2026/03/14-11:50:00-GMT  BuildTime: Aug  4 2022 06:17:15  BuildStamp: freesurfer-linux-ubuntu22_x86_64-7.3.2-20220804-6354275  User: oesteban  Machine: dna074  Platform: Linux  PlatformVersion: 5.14.0-427.37.1.el9_4.x86_64  CompilerName: GCC  CompilerVersion: 8.4.0
7.3.2

ProgramName: mri_robust_register  ProgramArguments: mri_robust_register -all-info  ProgramVersion: 7.3.2  TimeStamp: 2026/03/14-11:50:00-GMT  BuildTime: Aug  4 2022 06:17:15  BuildStamp: freesurfer-linux-ubuntu22_x86_64-7.3.2-20220804-6354275  User: oesteban  Machine: dna074  Platform: Linux  PlatformVersion: 5.14.0-427.37.1.el9_4.x86_64  CompilerName: GCC  CompilerVersion: 8.4.0
7.3.2

ProgramName: mri_robust_template  ProgramArguments: mri_robust_template -all-info  ProgramVersion: 7.3.2  TimeStamp: 2026/03/14-11:50:00-GMT  BuildTime: Aug  4 2022 06:17:15  BuildStamp: freesurfer-linux-ubuntu22_x86_64-7.3.2-20220804-6354275  User: oesteban  Machine: dna074  Platform: Linux  PlatformVersion: 5.14.0-427.37.1.el9_4.x86_64  CompilerName: GCC  CompilerVersion: 8.4.0
ProgramName: mris_anatomical_stats  ProgramArguments: mris_anatomical_stats -all-info  ProgramVersion: 7.3.2  TimeStamp: 2026/03/14-11:50:00-GMT  BuildTime: Aug  4 2022 06:17:15  BuildStamp: freesurfer-linux-ubuntu22_x86_64-7.3.2-20220804-6354275  User: oesteban  Machine: dna074  Platform: Linux  PlatformVersion: 5.14.0-427.37.1.el9_4.x86_64  CompilerName: GCC  CompilerVersion: 8.4.0
ProgramName: mris_ca_label  ProgramArguments: mris_ca_label -all-info  ProgramVersion: 7.3.2  TimeStamp: 2026/03/14-11:50:00-GMT  BuildTime: Aug  4 2022 06:17:15  BuildStamp: freesurfer-linux-ubuntu22_x86_64-7.3.2-20220804-6354275  User: oesteban  Machine: dna074  Platform: Linux  PlatformVersion: 5.14.0-427.37.1.el9_4.x86_64  CompilerName: GCC  CompilerVersion: 8.4.0
ProgramName: mris_calc  ProgramArguments: mris_calc -all-info  ProgramVersion: 7.3.2  TimeStamp: 2026/03/14-11:50:00-GMT  BuildTime: Aug  4 2022 06:17:15  BuildStamp: freesurfer-linux-ubuntu22_x86_64-7.3.2-20220804-6354275  User: oesteban  Machine: dna074  Platform: Linux  PlatformVersion: 5.14.0-427.37.1.el9_4.x86_64  CompilerName: GCC  CompilerVersion: 8.4.0
ProgramName: mris_convert  ProgramArguments: mris_convert -all-info  ProgramVersion: 7.3.2  TimeStamp: 2026/03/14-11:50:00-GMT  BuildTime: Aug  4 2022 06:17:15  BuildStamp: freesurfer-linux-ubuntu22_x86_64-7.3.2-20220804-6354275  User: oesteban  Machine: dna074  Platform: Linux  PlatformVersion: 5.14.0-427.37.1.el9_4.x86_64  CompilerName: GCC  CompilerVersion: 8.4.0
ProgramName: mris_curvature  ProgramArguments: mris_curvature -all-info  ProgramVersion: 7.3.2  TimeStamp: 2026/03/14-11:50:00-GMT  BuildTime: Aug  4 2022 06:17:15  BuildStamp: freesurfer-linux-ubuntu22_x86_64-7.3.2-20220804-6354275  User: oesteban  Machine: dna074  Platform: Linux  PlatformVersion: 5.14.0-427.37.1.el9_4.x86_64  CompilerName: GCC  CompilerVersion: 8.4.0
ProgramName: mris_curvature_stats  ProgramArguments: mris_curvature_stats -all-info  ProgramVersion: 7.3.2  TimeStamp: 2026/03/14-11:50:00-GMT  BuildTime: Aug  4 2022 06:17:15  BuildStamp: freesurfer-linux-ubuntu22_x86_64-7.3.2-20220804-6354275  User: oesteban  Machine: dna074  Platform: Linux  PlatformVersion: 5.14.0-427.37.1.el9_4.x86_64  CompilerName: GCC  CompilerVersion: 8.4.0
ProgramName: mris_diff  ProgramArguments: mris_diff -all-info  ProgramVersion: 7.3.2  TimeStamp: 2026/03/14-11:50:00-GMT  BuildTime: Aug  4 2022 06:17:15  BuildStamp: freesurfer-linux-ubuntu22_x86_64-7.3.2-20220804-6354275  User: oesteban  Machine: dna074  Platform: Linux  PlatformVersion: 5.14.0-427.37.1.el9_4.x86_64  CompilerName: GCC  CompilerVersion: 8.4.0
ProgramName: mris_divide_parcellation  ProgramArguments: mris_divide_parcellation -all-info  ProgramVersion: 7.3.2  TimeStamp: 2026/03/14-11:50:00-GMT  BuildTime: Aug  4 2022 06:17:15  BuildStamp: freesurfer-linux-ubuntu22_x86_64-7.3.2-20220804-6354275  User: oesteban  Machine: dna074  Platform: Linux  PlatformVersion: 5.14.0-427.37.1.el9_4.x86_64  CompilerName: GCC  CompilerVersion: 8.4.0
ProgramName: mri_segment  ProgramArguments: mri_segment -all-info  ProgramVersion: 7.3.2  TimeStamp: 2026/03/14-11:50:00-GMT  BuildTime: Aug  4 2022 06:17:15  BuildStamp: freesurfer-linux-ubuntu22_x86_64-7.3.2-20220804-6354275  User: oesteban  Machine: dna074  Platform: Linux  PlatformVersion: 5.14.0-427.37.1.el9_4.x86_64  CompilerName: GCC  CompilerVersion: 8.4.0
ProgramName: mri_segstats  ProgramArguments: mri_segstats -all-info  ProgramVersion: 7.3.2  TimeStamp: 2026/03/14-11:50:00-GMT  BuildTime: Aug  4 2022 06:17:15  BuildStamp: freesurfer-linux-ubuntu22_x86_64-7.3.2-20220804-6354275  User: oesteban  Machine: dna074  Platform: Linux  PlatformVersion: 5.14.0-427.37.1.el9_4.x86_64  CompilerName: GCC  CompilerVersion: 8.4.0
ProgramName: mris_euler_number  ProgramArguments: mris_euler_number -all-info  ProgramVersion: 7.3.2  TimeStamp: 2026/03/14-11:50:00-GMT  BuildTime: Aug  4 2022 06:17:15  BuildStamp: freesurfer-linux-ubuntu22_x86_64-7.3.2-20220804-6354275  User: oesteban  Machine: dna074  Platform: Linux  PlatformVersion: 5.14.0-427.37.1.el9_4.x86_64  CompilerName: GCC  CompilerVersion: 8.4.0
ProgramName: mris_fix_topology  ProgramArguments: mris_fix_topology -all-info  ProgramVersion: 7.3.2  TimeStamp: 2026/03/14-11:50:00-GMT  BuildTime: Aug  4 2022 06:17:15  BuildStamp: freesurfer-linux-ubuntu22_x86_64-7.3.2-20220804-6354275  User: oesteban  Machine: dna074  Platform: Linux  PlatformVersion: 5.14.0-427.37.1.el9_4.x86_64  CompilerName: GCC  CompilerVersion: 8.4.0
ProgramName: mris_topo_fixer  ProgramArguments: mris_topo_fixer -all-info  ProgramVersion: 7.3.2  TimeStamp: 2026/03/14-11:50:00-GMT  BuildTime: Aug  4 2022 06:17:15  BuildStamp: freesurfer-linux-ubuntu22_x86_64-7.3.2-20220804-6354275  User: oesteban  Machine: dna074  Platform: Linux  PlatformVersion: 5.14.0-427.37.1.el9_4.x86_64  CompilerName: GCC  CompilerVersion: 8.4.0
ProgramName: mris_jacobian  ProgramArguments: mris_jacobian -all-info  ProgramVersion: 7.3.2  TimeStamp: 2026/03/14-11:50:00-GMT  BuildTime: Aug  4 2022 06:17:15  BuildStamp: freesurfer-linux-ubuntu22_x86_64-7.3.2-20220804-6354275  User: oesteban  Machine: dna074  Platform: Linux  PlatformVersion: 5.14.0-427.37.1.el9_4.x86_64  CompilerName: GCC  CompilerVersion: 8.4.0
ProgramName: mris_label2annot  ProgramArguments: mris_label2annot -all-info  ProgramVersion: 7.3.2  TimeStamp: 2026/03/14-11:50:00-GMT  BuildTime: Aug  4 2022 06:17:15  BuildStamp: freesurfer-linux-ubuntu22_x86_64-7.3.2-20220804-6354275  User: oesteban  Machine: dna074  Platform: Linux  PlatformVersion: 5.14.0-427.37.1.el9_4.x86_64  CompilerName: GCC  CompilerVersion: 8.4.0
ProgramName: mris_left_right_register  ProgramArguments: mris_left_right_register -all-info  ProgramVersion: 7.3.2  TimeStamp: 2026/03/14-11:50:00-GMT  BuildTime: Aug  4 2022 06:17:15  BuildStamp: freesurfer-linux-ubuntu22_x86_64-7.3.2-20220804-6354275  User: oesteban  Machine: dna074  Platform: Linux  PlatformVersion: 5.14.0-427.37.1.el9_4.x86_64  CompilerName: GCC  CompilerVersion: 8.4.0
ProgramName: mris_place_surface  ProgramArguments: mris_place_surface -all-info  ProgramVersion: 7.3.2  TimeStamp: 2026/03/14-11:50:00-GMT  BuildTime: Aug  4 2022 06:17:15  BuildStamp: freesurfer-linux-ubuntu22_x86_64-7.3.2-20220804-6354275  User: oesteban  Machine: dna074  Platform: Linux  PlatformVersion: 5.14.0-427.37.1.el9_4.x86_64  CompilerName: GCC  CompilerVersion: 8.4.0
ProgramName: mrisp_paint  ProgramArguments: mrisp_paint -all-info  ProgramVersion: 7.3.2  TimeStamp: 2026/03/14-11:50:00-GMT  BuildTime: Aug  4 2022 06:17:15  BuildStamp: freesurfer-linux-ubuntu22_x86_64-7.3.2-20220804-6354275  User: oesteban  Machine: dna074  Platform: Linux  PlatformVersion: 5.14.0-427.37.1.el9_4.x86_64  CompilerName: GCC  CompilerVersion: 8.4.0
ProgramName: mris_register  ProgramArguments: mris_register -all-info  ProgramVersion: 7.3.2  TimeStamp: 2026/03/14-11:50:00-GMT  BuildTime: Aug  4 2022 06:17:15  BuildStamp: freesurfer-linux-ubuntu22_x86_64-7.3.2-20220804-6354275  User: oesteban  Machine: dna074  Platform: Linux  PlatformVersion: 5.14.0-427.37.1.el9_4.x86_64  CompilerName: GCC  CompilerVersion: 8.4.0
ProgramName: mris_smooth  ProgramArguments: mris_smooth -all-info  ProgramVersion: 7.3.2  TimeStamp: 2026/03/14-11:50:00-GMT  BuildTime: Aug  4 2022 06:17:15  BuildStamp: freesurfer-linux-ubuntu22_x86_64-7.3.2-20220804-6354275  User: oesteban  Machine: dna074  Platform: Linux  PlatformVersion: 5.14.0-427.37.1.el9_4.x86_64  CompilerName: GCC  CompilerVersion: 8.4.0
ProgramName: mris_sphere  ProgramArguments: mris_sphere -all-info  ProgramVersion: 7.3.2  TimeStamp: 2026/03/14-11:50:00-GMT  BuildTime: Aug  4 2022 06:17:15  BuildStamp: freesurfer-linux-ubuntu22_x86_64-7.3.2-20220804-6354275  User: oesteban  Machine: dna074  Platform: Linux  PlatformVersion: 5.14.0-427.37.1.el9_4.x86_64  CompilerName: GCC  CompilerVersion: 8.4.0
ProgramName: mris_surface_stats  ProgramArguments: mris_surface_stats -all-info  ProgramVersion: 7.3.2  TimeStamp: 2026/03/14-11:50:00-GMT  BuildTime: Aug  4 2022 06:17:15  BuildStamp: freesurfer-linux-ubuntu22_x86_64-7.3.2-20220804-6354275  User: oesteban  Machine: dna074  Platform: Linux  PlatformVersion: 5.14.0-427.37.1.el9_4.x86_64  CompilerName: GCC  CompilerVersion: 8.4.0
ProgramName: mri_stats2seg  ProgramArguments: mri_stats2seg -all-info  ProgramVersion: 7.3.2  TimeStamp: 2026/03/14-11:50:00-GMT  BuildTime: Aug  4 2022 06:17:15  BuildStamp: freesurfer-linux-ubuntu22_x86_64-7.3.2-20220804-6354275  User: oesteban  Machine: dna074  Platform: Linux  PlatformVersion: 5.14.0-427.37.1.el9_4.x86_64  CompilerName: GCC  CompilerVersion: 8.4.0
ProgramName: mris_thickness  ProgramArguments: mris_thickness -all-info  ProgramVersion: 7.3.2  TimeStamp: 2026/03/14-11:50:00-GMT  BuildTime: Aug  4 2022 06:17:15  BuildStamp: freesurfer-linux-ubuntu22_x86_64-7.3.2-20220804-6354275  User: oesteban  Machine: dna074  Platform: Linux  PlatformVersion: 5.14.0-427.37.1.el9_4.x86_64  CompilerName: GCC  CompilerVersion: 8.4.0
ProgramName: mris_thickness_diff  ProgramArguments: mris_thickness_diff -all-info  ProgramVersion: 7.3.2  TimeStamp: 2026/03/14-11:50:00-GMT  BuildTime: Aug  4 2022 06:17:15  BuildStamp: freesurfer-linux-ubuntu22_x86_64-7.3.2-20220804-6354275  User: oesteban  Machine: dna074  Platform: Linux  PlatformVersion: 5.14.0-427.37.1.el9_4.x86_64  CompilerName: GCC  CompilerVersion: 8.4.0
ProgramName: mris_topo_fixer  ProgramArguments: mris_topo_fixer -all-info  ProgramVersion: 7.3.2  TimeStamp: 2026/03/14-11:50:00-GMT  BuildTime: Aug  4 2022 06:17:15  BuildStamp: freesurfer-linux-ubuntu22_x86_64-7.3.2-20220804-6354275  User: oesteban  Machine: dna074  Platform: Linux  PlatformVersion: 5.14.0-427.37.1.el9_4.x86_64  CompilerName: GCC  CompilerVersion: 8.4.0
ProgramName: mri_surf2surf  ProgramArguments: mri_surf2surf -all-info  ProgramVersion: 7.3.2  TimeStamp: 2026/03/14-11:50:00-GMT  BuildTime: Aug  4 2022 06:17:15  BuildStamp: freesurfer-linux-ubuntu22_x86_64-7.3.2-20220804-6354275  User: oesteban  Machine: dna074  Platform: Linux  PlatformVersion: 5.14.0-427.37.1.el9_4.x86_64  CompilerName: GCC  CompilerVersion: 8.4.0
ProgramName: mri_surf2vol  ProgramArguments: mri_surf2vol -all-info  ProgramVersion: 7.3.2  TimeStamp: 2026/03/14-11:50:00-GMT  BuildTime: Aug  4 2022 06:17:15  BuildStamp: freesurfer-linux-ubuntu22_x86_64-7.3.2-20220804-6354275  User: oesteban  Machine: dna074  Platform: Linux  PlatformVersion: 5.14.0-427.37.1.el9_4.x86_64  CompilerName: GCC  CompilerVersion: 8.4.0
ProgramName: mri_surfcluster  ProgramArguments: mri_surfcluster -all-info  ProgramVersion: 7.3.2  TimeStamp: 2026/03/14-11:50:01-GMT  BuildTime: Aug  4 2022 06:17:15  BuildStamp: freesurfer-linux-ubuntu22_x86_64-7.3.2-20220804-6354275  User: oesteban  Machine: dna074  Platform: Linux  PlatformVersion: 5.14.0-427.37.1.el9_4.x86_64  CompilerName: GCC  CompilerVersion: 8.4.0
ProgramName: mris_volmask  ProgramArguments: mris_volmask -all-info  ProgramVersion: 7.3.2  TimeStamp: 2026/03/14-11:50:01-GMT  BuildTime: Aug  4 2022 06:17:15  BuildStamp: freesurfer-linux-ubuntu22_x86_64-7.3.2-20220804-6354275  User: oesteban  Machine: dna074  Platform: Linux  PlatformVersion: 5.14.0-427.37.1.el9_4.x86_64  CompilerName: GCC  CompilerVersion: 8.4.0
ProgramName: mri_tessellate  ProgramArguments: mri_tessellate -all-info  ProgramVersion: 7.3.2  TimeStamp: 2026/03/14-11:50:01-GMT  BuildTime: Aug  4 2022 06:17:15  BuildStamp: freesurfer-linux-ubuntu22_x86_64-7.3.2-20220804-6354275  User: oesteban  Machine: dna074  Platform: Linux  PlatformVersion: 5.14.0-427.37.1.el9_4.x86_64  CompilerName: GCC  CompilerVersion: 8.4.0
ProgramName: mri_vol2surf  ProgramArguments: mri_vol2surf -all-info  ProgramVersion: 7.3.2  TimeStamp: 2026/03/14-11:50:01-GMT  BuildTime: Aug  4 2022 06:17:15  BuildStamp: freesurfer-linux-ubuntu22_x86_64-7.3.2-20220804-6354275  User: oesteban  Machine: dna074  Platform: Linux  PlatformVersion: 5.14.0-427.37.1.el9_4.x86_64  CompilerName: GCC  CompilerVersion: 8.4.0
ProgramName: mri_vol2vol  ProgramArguments: mri_vol2vol -all-info  ProgramVersion: 7.3.2  TimeStamp: 2026/03/14-11:50:01-GMT  BuildTime: Aug  4 2022 06:17:15  BuildStamp: freesurfer-linux-ubuntu22_x86_64-7.3.2-20220804-6354275  User: oesteban  Machine: dna074  Platform: Linux  PlatformVersion: 5.14.0-427.37.1.el9_4.x86_64  CompilerName: GCC  CompilerVersion: 8.4.0
ProgramName: mri_voldiff  ProgramArguments: mri_voldiff -all-info  ProgramVersion: 7.3.2  TimeStamp: 2026/03/14-11:50:01-GMT  BuildTime: Aug  4 2022 06:17:15  BuildStamp: freesurfer-linux-ubuntu22_x86_64-7.3.2-20220804-6354275  User: oesteban  Machine: dna074  Platform: Linux  PlatformVersion: 5.14.0-427.37.1.el9_4.x86_64  CompilerName: GCC  CompilerVersion: 8.4.0
ProgramName: mri_watershed  ProgramArguments: mri_watershed -all-info  ProgramVersion: 7.3.2  TimeStamp: 2026/03/14-11:50:01-GMT  BuildTime: Aug  4 2022 06:17:15  BuildStamp: freesurfer-linux-ubuntu22_x86_64-7.3.2-20220804-6354275  User: oesteban  Machine: dna074  Platform: Linux  PlatformVersion: 5.14.0-427.37.1.el9_4.x86_64  CompilerName: GCC  CompilerVersion: 8.4.0
ProgramName: tkregister2  ProgramArguments: tkregister2_cmdl -all-info  ProgramVersion: 7.3.2  TimeStamp: 2026/03/14-11:50:01-GMT  BuildTime: Aug  4 2022 06:17:15  BuildStamp: freesurfer-linux-ubuntu22_x86_64-7.3.2-20220804-6354275  User: oesteban  Machine: dna074  Platform: Linux  PlatformVersion: 5.14.0-427.37.1.el9_4.x86_64  CompilerName: GCC  CompilerVersion: 8.4.0
mri_motion_correct.fsl 7.3.2
mri_convert -all-info 
ProgramName: mri_convert  ProgramArguments: mri_convert -all-info  ProgramVersion: 7.3.2  TimeStamp: 2026/03/14-11:50:01-GMT  BuildTime: Aug  4 2022 06:17:15  BuildStamp: freesurfer-linux-ubuntu22_x86_64-7.3.2-20220804-6354275  User: oesteban  Machine: dna074  Platform: Linux  PlatformVersion: 5.14.0-427.37.1.el9_4.x86_64  CompilerName: GCC  CompilerVersion: 8.4.0
Program nu_correct, built from:
Package MNI N3, version 1.12.0, compiled by nicks@terrier (x86_64-unknown-linux-gnu) on 2015-06-19 at 01:25:34
#######################################
GCADIR /opt/freesurfer/average
GCA RB_all_2020-01-02.gca
GCASkull RB_all_withskull_2020_01_02.gca
AvgCurvTif folding.atlas.acfb40.noaparc.i12.2016-08-02.tif
GCSDIR /opt/freesurfer/average
GCS DKaparc.atlas.acfb40.noaparc.i12.2016-08-02.gcs
#######################################
#--------------------------------------------
#@# AutoDetGWStats rh Sat Mar 14 12:50:01 CET 2026
cd /out/sourcedata/freesurfer/sub-v2s9x29161_ses-1/mri
mris_autodet_gwstats --o ../surf/autodet.gw.stats.rh.dat --i brain.finalsurfs.mgz --wm wm.mgz --surf ../surf/rh.orig.premesh
  Update not needed
#--------------------------------------------
#@# WhitePreAparc rh Sat Mar 14 12:50:01 CET 2026
cd /out/sourcedata/freesurfer/sub-v2s9x29161_ses-1/mri
mris_place_surface --adgws-in ../surf/autodet.gw.stats.rh.dat --wm wm.mgz --threads 16 --invol brain.finalsurfs.mgz --rh --i ../surf/rh.orig --o ../surf/rh.white.preaparc --white --seg aseg.presurf.mgz --nsmooth 5
   Update not needed
#--------------------------------------------
#@# CortexLabel rh Sat Mar 14 12:50:01 CET 2026
cd /out/sourcedata/freesurfer/sub-v2s9x29161_ses-1/mri
mri_label2label --label-cortex ../surf/rh.white.preaparc aseg.presurf.mgz 0 ../label/rh.cortex.label
   Update not needed
#--------------------------------------------
#@# CortexLabel+HipAmyg rh Sat Mar 14 12:50:01 CET 2026
cd /out/sourcedata/freesurfer/sub-v2s9x29161_ses-1/mri
mri_label2label --label-cortex ../surf/rh.white.preaparc aseg.presurf.mgz 1 ../label/rh.cortex+hipamyg.label
   Update not needed
#@# white curv rh Sat Mar 14 12:50:01 CET 2026
cd /out/sourcedata/freesurfer/sub-v2s9x29161_ses-1/mri
mris_place_surface --curv-map ../surf/rh.white 2 10 ../surf/rh.curv
   Update not needed
#@# white area rh Sat Mar 14 12:50:01 CET 2026
cd /out/sourcedata/freesurfer/sub-v2s9x29161_ses-1/mri
mris_place_surface --area-map ../surf/rh.white ../surf/rh.area
   Update not needed
#@# pial curv rh Sat Mar 14 12:50:01 CET 2026
cd /out/sourcedata/freesurfer/sub-v2s9x29161_ses-1/mri
mris_place_surface --curv-map ../surf/rh.pial 2 10 ../surf/rh.curv.pial
   Update not needed
#@# pial area rh Sat Mar 14 12:50:01 CET 2026
cd /out/sourcedata/freesurfer/sub-v2s9x29161_ses-1/mri
mris_place_surface --area-map ../surf/rh.pial ../surf/rh.area.pial
   Update not needed
#@# thickness rh Sat Mar 14 12:50:01 CET 2026
cd /out/sourcedata/freesurfer/sub-v2s9x29161_ses-1/mri
mris_place_surface --thickness ../surf/rh.white ../surf/rh.pial 20 5 ../surf/rh.thickness
   Update not needed
#@# area and vertex vol rh Sat Mar 14 12:50:01 CET 2026
cd /out/sourcedata/freesurfer/sub-v2s9x29161_ses-1/mri
mris_place_surface --thickness ../surf/rh.white ../surf/rh.pial 20 5 ../surf/rh.thickness
   Update not needed
#-----------------------------------------
#@# Parcellation Stats rh Sat Mar 14 12:50:01 CET 2026
/out/sourcedata/freesurfer/sub-v2s9x29161_ses-1/scripts

 mris_anatomical_stats -th3 -mgz -noglobal -cortex ../label/rh.cortex.label -f ../stats/rh.aparc.stats -b -a ../label/rh.aparc.annot -c ../label/aparc.annot.ctab sub-v2s9x29161_ses-1 rh white 

computing statistics for each annotation in ../label/rh.aparc.annot.
reading volume /out/sourcedata/freesurfer/sub-v2s9x29161_ses-1/mri/wm.mgz...
reading input surface /out/sourcedata/freesurfer/sub-v2s9x29161_ses-1/surf/rh.white...
reading input pial surface /out/sourcedata/freesurfer/sub-v2s9x29161_ses-1/surf/rh.pial...
reading input white surface /out/sourcedata/freesurfer/sub-v2s9x29161_ses-1/surf/rh.white...
INFO: using TH3 volume calc
INFO: assuming MGZ format for volumes.
INFO: not computing global stats
INFO: using ../label/rh.cortex.label as mask to calc cortex NumVert, SurfArea and MeanThickness.
Using TH3 vertex volume calc
Total face volume 275103
Total vertex volume 274908 (mask=0)
Saving annotation colortable ../label/aparc.annot.ctab

table columns are:
    number of vertices
    total surface area (mm^2)
    total gray matter volume (mm^3)
    average cortical thickness +- standard deviation (mm)
    integrated rectified mean curvature
    integrated rectified Gaussian curvature
    folding index
    intrinsic curvature index
    structure name

 1305    929   2497  2.811 0.497     0.111     0.023       15     1.2  bankssts
  905    636   2136  2.444 1.040     0.123     0.020       10     1.0  caudalanteriorcingulate
 2326   1614   5543  2.912 0.609     0.107     0.018       19     1.8  caudalmiddlefrontal
 2170   1592   4798  2.536 0.658     0.136     0.028       28     2.4  cuneus
  551    371   2059  3.437 0.803     0.107     0.021        5     0.6  entorhinal
 4474   3246  11128  2.870 0.673     0.116     0.021       59     3.8  fusiform
 6028   4260  14355  2.837 0.603     0.111     0.023       68     5.6  inferiorparietal
 4676   3392  12646  3.089 0.683     0.111     0.021       53     4.3  inferiortemporal
 1376    937   2616  2.345 0.860     0.103     0.019       13     1.1  isthmuscingulate
 8237   6019  17936  2.547 0.661     0.135     0.028      110     9.6  lateraloccipital
 3378   2407   8995  3.220 0.848     0.127     0.031       40     4.3  lateralorbitofrontal
 3916   2959   7509  2.310 0.703     0.136     0.035       55     5.9  lingual
 2484   1820   5986  2.922 0.752     0.127     0.030       35     2.9  medialorbitofrontal
 4342   3159  13521  3.273 0.722     0.114     0.022       51     4.0  middletemporal
  935    592   1488  2.174 0.741     0.089     0.019        9     0.6  parahippocampal
 2344   1582   4975  2.812 0.609     0.108     0.018       20     1.8  paracentral
 1885   1369   4392  2.851 0.599     0.108     0.021       19     1.4  parsopercularis
 1163    855   3819  3.306 0.830     0.124     0.031       15     1.2  parsorbitalis
 2148   1644   6970  3.338 0.734     0.130     0.029       32     2.4  parstriangularis
 2012   1481   2864  2.215 0.580     0.124     0.029       19     2.8  pericalcarine
 5483   3887  11052  2.384 0.701     0.111     0.021       52     4.8  postcentral
 1483   1049   3268  2.568 0.998     0.123     0.023       16     1.6  posteriorcingulate
 6491   4578  14313  2.759 0.632     0.107     0.019       53     4.9  precentral
 5420   3852  12454  2.937 0.623     0.113     0.022       55     5.0  precuneus
  593    423   1562  2.854 0.960     0.117     0.022        6     0.6  rostralanteriorcingulate
 6351   4960  19158  3.051 0.736     0.129     0.029       89     7.5  rostralmiddlefrontal
 8551   6285  24644  3.222 0.747     0.123     0.026       91     9.2  superiorfrontal
 6556   4796  15410  2.619 0.607     0.121     0.023       82     6.8  superiorparietal
 5366   3630  13141  2.996 0.806     0.104     0.020       52     4.8  superiortemporal
 4984   3546  11373  2.765 0.660     0.111     0.020       48     4.1  supramarginal
  408    350   2193  4.066 0.526     0.164     0.049        8     0.8  frontalpole
  628    497   2573  3.232 0.932     0.126     0.038       12     0.9  temporalpole
  460    344    763  2.206 0.616     0.143     0.031        7     0.5  transversetemporal
 3172   2159   6769  3.067 0.746     0.108     0.025       31     2.9  insula

 mris_anatomical_stats -th3 -mgz -noglobal -cortex ../label/rh.cortex.label -f ../stats/rh.aparc.pial.stats -b -a ../label/rh.aparc.annot -c ../label/aparc.annot.ctab sub-v2s9x29161_ses-1 rh pial 

computing statistics for each annotation in ../label/rh.aparc.annot.
reading volume /out/sourcedata/freesurfer/sub-v2s9x29161_ses-1/mri/wm.mgz...
reading input surface /out/sourcedata/freesurfer/sub-v2s9x29161_ses-1/surf/rh.pial...
reading input pial surface /out/sourcedata/freesurfer/sub-v2s9x29161_ses-1/surf/rh.pial...
reading input white surface /out/sourcedata/freesurfer/sub-v2s9x29161_ses-1/surf/rh.white...
INFO: using TH3 volume calc
INFO: assuming MGZ format for volumes.
INFO: not computing global stats
INFO: using ../label/rh.cortex.label as mask to calc cortex NumVert, SurfArea and MeanThickness.
Using TH3 vertex volume calc
Total face volume 275103
Total vertex volume 274908 (mask=0)
Saving annotation colortable ../label/aparc.annot.ctab

table columns are:
    number of vertices
    total surface area (mm^2)
    total gray matter volume (mm^3)
    average cortical thickness +- standard deviation (mm)
    integrated rectified mean curvature
    integrated rectified Gaussian curvature
    folding index
    intrinsic curvature index
    structure name

 1305    862   2497  2.811 0.497     0.156     0.050       60     2.5  bankssts
  905    978   2136  2.444 1.040     0.202     0.046       38     2.0  caudalanteriorcingulate
 2326   2024   5543  2.912 0.609     0.148     0.032       57     3.2  caudalmiddlefrontal
 2170   2351   4798  2.536 0.658     0.197     0.049       72     4.4  cuneus
  551    848   2059  3.437 0.803     0.284     0.079       16     2.4  entorhinal
 4474   4463  11128  2.870 0.673     0.179     0.051      241     8.6  fusiform
 6028   5785  14355  2.837 0.603     0.161     0.037      120     9.9  inferiorparietal
 4676   4551  12646  3.089 0.683     0.163     0.046      221     7.3  inferiortemporal
 1376   1272   2616  2.345 0.860     0.178     0.051       36     2.8  isthmuscingulate
 8237   8049  17936  2.547 0.661     0.162     0.037      292    13.5  lateraloccipital
 3378   3267   8995  3.220 0.848     0.201     0.058      108     8.4  lateralorbitofrontal
 3916   3813   7509  2.310 0.703     0.195     0.061     4018     8.4  lingual
 2484   2542   5986  2.922 0.752     0.203     0.057       75     6.2  medialorbitofrontal
 4342   4841  13521  3.273 0.722     0.178     0.041      118     7.5  middletemporal
  935    842   1488  2.174 0.741     0.192     0.086       22     2.5  parahippocampal
 2344   2007   4975  2.812 0.609     0.143     0.031      175     3.1  paracentral
 1885   1822   4392  2.851 0.599     0.172     0.041       41     3.5  parsopercularis
 1163   1437   3819  3.306 0.830     0.203     0.042       22     2.2  parsorbitalis
 2148   2433   6970  3.338 0.734     0.194     0.048       58     4.2  parstriangularis
 2012   1251   2864  2.215 0.580     0.137     0.047       41     3.6  pericalcarine
 5483   5287  11052  2.384 0.701     0.163     0.037      106     8.6  postcentral
 1483   1353   3268  2.568 0.998     0.177     0.052       46     3.4  posteriorcingulate
 6491   5480  14313  2.759 0.632     0.140     0.042      125     8.6  precentral
 5420   4678  12454  2.937 0.623     0.170     0.044      135    10.3  precuneus
  593    601   1562  2.854 0.960     0.199     0.056       18     1.5  rostralanteriorcingulate
 6351   7240  19158  3.051 0.736     0.187     0.040      143    10.5  rostralmiddlefrontal
 8551   8615  24644  3.222 0.747     0.178     0.044      209    15.5  superiorfrontal
 6556   6700  15410  2.619 0.607     0.164     0.035      140     9.4  superiorparietal
 5366   5244  13141  2.996 0.806     0.193     0.054      160    12.6  superiortemporal
 4984   4498  11373  2.765 0.660     0.155     0.035       90     7.7  supramarginal
  408    726   2193  4.066 0.526     0.273     0.049        6     1.0  frontalpole
  628   1010   2573  3.232 0.932     0.263     0.060       12     1.7  temporalpole
  460    384    763  2.206 0.616     0.155     0.044       23     0.8  transversetemporal
 3172   2253   6769  3.067 0.746     0.158     0.052       93     7.4  insula
#-----------------------------------------
#@# Parcellation Stats 2 rh Sat Mar 14 12:50:12 CET 2026
/out/sourcedata/freesurfer/sub-v2s9x29161_ses-1/scripts

 mris_anatomical_stats -th3 -mgz -noglobal -cortex ../label/rh.cortex.label -f ../stats/rh.aparc.a2009s.stats -b -a ../label/rh.aparc.a2009s.annot -c ../label/aparc.annot.a2009s.ctab sub-v2s9x29161_ses-1 rh white 

computing statistics for each annotation in ../label/rh.aparc.a2009s.annot.
reading volume /out/sourcedata/freesurfer/sub-v2s9x29161_ses-1/mri/wm.mgz...
reading input surface /out/sourcedata/freesurfer/sub-v2s9x29161_ses-1/surf/rh.white...
reading input pial surface /out/sourcedata/freesurfer/sub-v2s9x29161_ses-1/surf/rh.pial...
reading input white surface /out/sourcedata/freesurfer/sub-v2s9x29161_ses-1/surf/rh.white...
INFO: using TH3 volume calc
INFO: assuming MGZ format for volumes.
INFO: not computing global stats
INFO: using ../label/rh.cortex.label as mask to calc cortex NumVert, SurfArea and MeanThickness.
Using TH3 vertex volume calc
Total face volume 275103
Total vertex volume 274908 (mask=0)
Saving annotation colortable ../label/aparc.annot.a2009s.ctab

table columns are:
    number of vertices
    total surface area (mm^2)
    total gray matter volume (mm^3)
    average cortical thickness +- standard deviation (mm)
    integrated rectified mean curvature
    integrated rectified Gaussian curvature
    folding index
    intrinsic curvature index
    structure name

  816    618   2552  3.184 0.869     0.139     0.032       11     1.1  G_and_S_frontomargin
 1312    998   3638  2.836 0.748     0.130     0.026       16     1.3  G_and_S_occipital_inf
 1270    939   3110  2.637 0.690     0.135     0.026       16     1.5  G_and_S_paracentral
 1631   1178   3924  2.701 0.621     0.126     0.022       20     1.4  G_and_S_subcentral
  887    820   4052  3.450 0.777     0.172     0.046       20     1.6  G_and_S_transv_frontopol
 2198   1566   5241  3.295 0.641     0.115     0.022       18     2.1  G_and_S_cingul-Ant
 1105    768   2623  2.976 0.708     0.111     0.022        8     1.2  G_and_S_cingul-Mid-Ant
 1163    813   2625  3.096 0.682     0.115     0.023        9     1.3  G_and_S_cingul-Mid-Post
  459    363   1697  3.307 0.840     0.137     0.034        7     0.6  G_cingul-Post-dorsal
  305    224    898  2.743 0.839     0.126     0.024        4     0.3  G_cingul-Post-ventral
 1959   1502   4569  2.454 0.686     0.151     0.035       30     2.9  G_cuneus
 1254    946   3474  2.842 0.634     0.123     0.026       19     1.2  G_front_inf-Opercular
  338    258   1134  2.948 0.839     0.130     0.038        5     0.5  G_front_inf-Orbital
 1115    919   4978  3.716 0.711     0.161     0.042       26     1.6  G_front_inf-Triangul
 2705   2286  11549  3.366 0.682     0.145     0.034       55     3.5  G_front_middle
 5930   4535  20077  3.280 0.780     0.137     0.031       83     7.3  G_front_sup
  622    436   1557  3.103 0.868     0.126     0.036       12     0.6  G_Ins_lg_and_S_cent_ins
  586    435   2136  3.476 0.888     0.124     0.033        8     0.7  G_insular_short
 2193   1614   6587  2.925 0.590     0.138     0.028       38     2.6  G_occipital_middle
 1413    984   3499  2.655 0.600     0.141     0.028       22     1.6  G_occipital_sup
 1942   1505   6031  3.032 0.733     0.143     0.030       41     2.3  G_oc-temp_lat-fusifor
 2285   1835   5194  2.300 0.723     0.156     0.044       41     4.2  G_oc-temp_med-Lingual
 1071    696   2820  2.790 1.033     0.096     0.021        8     0.9  G_oc-temp_med-Parahip
 2318   1798   9009  3.492 0.868     0.143     0.039       39     3.7  G_orbital
 2229   1567   6525  3.082 0.656     0.124     0.028       30     2.5  G_pariet_inf-Angular
 2362   1811   7562  3.053 0.685     0.131     0.027       34     2.5  G_pariet_inf-Supramar
 2024   1635   6291  2.781 0.659     0.137     0.026       35     2.5  G_parietal_sup
 1811   1374   4486  2.463 0.672     0.138     0.031       24     2.3  G_postcentral
 2205   1686   7181  3.063 0.615     0.128     0.027       27     2.3  G_precentral
 2371   1846   7510  2.995 0.679     0.143     0.032       43     3.3  G_precuneus
  713    576   2157  2.761 0.813     0.149     0.039       13     1.1  G_rectus
  376    239    657  2.633 0.998     0.127     0.046        6     0.5  G_subcallosal
  340    256    670  2.123 0.705     0.142     0.041        6     0.5  G_temp_sup-G_T_transv
 1847   1281   6481  3.428 0.801     0.125     0.028       27     2.4  G_temp_sup-Lateral
  865    578   1736  2.635 0.781     0.078     0.018        4     0.6  G_temp_sup-Plan_polar
  941    641   1875  2.696 0.856     0.099     0.015        9     0.7  G_temp_sup-Plan_tempo
 2094   1640   8124  3.423 0.665     0.124     0.027       37     2.5  G_temporal_inf
 2365   1820   9278  3.459 0.682     0.126     0.027       39     2.5  G_temporal_middle
  304    208    464  2.725 0.359     0.094     0.013        1     0.2  Lat_Fis-ant-Horizont
  225    156    403  2.997 0.580     0.082     0.013        1     0.1  Lat_Fis-ant-Vertical
 1440    967   1916  2.593 0.554     0.106     0.018       11     1.2  Lat_Fis-post
 3668   2741   6846  2.218 0.565     0.139     0.031       51     4.6  Pole_occipital
 1610   1303   7006  3.419 0.797     0.138     0.031       28     2.2  Pole_temporal
 2281   1586   3174  2.339 0.626     0.109     0.025       18     2.6  S_calcarine
 2778   1784   3168  2.075 0.571     0.083     0.013       12     1.5  S_central
 1186    764   1902  2.653 0.604     0.077     0.010        4     0.5  S_cingul-Marginalis
  530    340    925  3.215 0.658     0.082     0.015        2     0.3  S_circular_insula_ant
 1102    706   1547  2.736 0.647     0.081     0.012        5     0.5  S_circular_insula_inf
 1526    994   2453  3.080 0.405     0.089     0.012        6     0.9  S_circular_insula_sup
  928    637   1588  2.686 0.677     0.092     0.017        5     0.5  S_collat_transv_ant
  488    314    748  2.662 0.663     0.101     0.020        3     0.5  S_collat_transv_post
 1674   1148   3442  2.931 0.505     0.097     0.016       10     1.1  S_front_inf
 1727   1225   3027  2.634 0.595     0.110     0.023       13     1.9  S_front_middle
 2007   1385   3580  2.611 0.492     0.093     0.015       10     1.3  S_front_sup
  413    270    635  2.495 0.531     0.076     0.011        1     0.2  S_interm_prim-Jensen
 2765   1949   4942  2.440 0.474     0.104     0.019       24     2.2  S_intrapariet_and_P_trans
 1226    848   1688  2.336 0.469     0.119     0.022       11     1.2  S_oc_middle_and_Lunatus
 1365    928   1931  2.357 0.453     0.104     0.019        9     1.1  S_oc_sup_and_transversal
  620    412   1173  2.979 0.392     0.112     0.024        6     0.5  S_occipital_ant
 1531    987   2288  2.762 0.420     0.074     0.008        5     0.6  S_oc-temp_lat
 2072   1392   3352  2.521 0.635     0.100     0.016       17     1.3  S_oc-temp_med_and_Lingual
  567    383    875  2.746 0.433     0.112     0.019        4     0.5  S_orbital_lateral
  611    427   1062  2.658 0.776     0.124     0.033        6     0.7  S_orbital_med-olfact
 1362    919   2903  3.353 0.724     0.106     0.019        9     1.2  S_orbital-H_Shaped
 2563   1714   4312  2.858 0.522     0.099     0.016       17     1.8  S_parieto_occipital
 1451    894   1119  1.564 0.400     0.097     0.011       15     0.7  S_pericallosal
 2105   1354   3179  2.596 0.488     0.083     0.013        9     1.1  S_postcentral
 1365    935   2512  2.824 0.553     0.099     0.014        9     0.7  S_precentral-inf-part
 1461    982   2369  2.599 0.452     0.102     0.014        8     1.0  S_precentral-sup-part
  274    182    610  3.190 0.751     0.101     0.011        2     0.1  S_suborbital
  914    630   2044  3.106 0.576     0.104     0.020        6     0.8  S_subparietal
 1505    993   2165  2.683 0.439     0.101     0.015        7     1.1  S_temporal_inf
 5195   3526   9541  2.847 0.556     0.096     0.018       41     3.8  S_temporal_sup
  342    255    509  2.516 0.538     0.125     0.018        3     0.3  S_temporal_transverse
#-----------------------------------------
#@# Parcellation Stats 3 rh Sat Mar 14 12:50:18 CET 2026
/out/sourcedata/freesurfer/sub-v2s9x29161_ses-1/scripts

 mris_anatomical_stats -th3 -mgz -noglobal -cortex ../label/rh.cortex.label -f ../stats/rh.aparc.DKTatlas.stats -b -a ../label/rh.aparc.DKTatlas.annot -c ../label/aparc.annot.DKTatlas.ctab sub-v2s9x29161_ses-1 rh white 

computing statistics for each annotation in ../label/rh.aparc.DKTatlas.annot.
reading volume /out/sourcedata/freesurfer/sub-v2s9x29161_ses-1/mri/wm.mgz...
reading input surface /out/sourcedata/freesurfer/sub-v2s9x29161_ses-1/surf/rh.white...
reading input pial surface /out/sourcedata/freesurfer/sub-v2s9x29161_ses-1/surf/rh.pial...
reading input white surface /out/sourcedata/freesurfer/sub-v2s9x29161_ses-1/surf/rh.white...
INFO: using TH3 volume calc
INFO: assuming MGZ format for volumes.
INFO: not computing global stats
INFO: using ../label/rh.cortex.label as mask to calc cortex NumVert, SurfArea and MeanThickness.
Using TH3 vertex volume calc
Total face volume 275103
Total vertex volume 274908 (mask=0)
Saving annotation colortable ../label/aparc.annot.DKTatlas.ctab

table columns are:
    number of vertices
    total surface area (mm^2)
    total gray matter volume (mm^3)
    average cortical thickness +- standard deviation (mm)
    integrated rectified mean curvature
    integrated rectified Gaussian curvature
    folding index
    intrinsic curvature index
    structure name

  996    694   2264  2.445 1.042     0.122     0.020       11     1.0  caudalanteriorcingulate
 2428   1678   5741  2.912 0.602     0.107     0.018       20     1.9  caudalmiddlefrontal
 2705   1981   6035  2.602 0.645     0.136     0.030       37     3.2  cuneus
  531    352   1878  3.403 0.802     0.102     0.020        5     0.5  entorhinal
 4164   2999   9784  2.845 0.654     0.112     0.020       52     3.3  fusiform
 5932   4191  14050  2.835 0.606     0.114     0.023       67     5.6  inferiorparietal
 4944   3632  14075  3.106 0.691     0.114     0.022       58     4.7  inferiortemporal
 1369    922   2593  2.380 0.848     0.102     0.019       12     1.0  isthmuscingulate
 8263   6046  18001  2.533 0.660     0.137     0.028      113     9.8  lateraloccipital
 3701   2715  10625  3.272 0.892     0.134     0.033       46     5.2  lateralorbitofrontal
 3862   2910   7478  2.330 0.712     0.136     0.035       55     5.8  lingual
 1815   1340   4725  2.941 0.784     0.127     0.031       26     2.1  medialorbitofrontal
 5329   3850  15327  3.169 0.715     0.112     0.022       63     4.8  middletemporal
  955    604   1520  2.190 0.743     0.090     0.019        9     0.6  parahippocampal
 2452   1668   5169  2.801 0.612     0.108     0.018       21     1.8  paracentral
 2199   1611   5353  2.898 0.612     0.108     0.022       23     1.8  parsopercularis
  982    678   2620  3.100 0.777     0.107     0.024        9     0.9  parsorbitalis
 2073   1568   6644  3.323 0.747     0.132     0.029       31     2.3  parstriangularis
 1995   1472   2836  2.210 0.577     0.121     0.027       17     2.6  pericalcarine
 5963   4240  12075  2.404 0.702     0.113     0.022       59     5.6  postcentral
 1548   1095   3367  2.590 0.987     0.123     0.023       16     1.7  posteriorcingulate
 6237   4385  13804  2.771 0.640     0.108     0.019       52     4.8  precentral
 5470   3916  13116  2.943 0.631     0.114     0.022       56     5.0  precuneus
  829    578   1945  2.824 0.931     0.118     0.025        9     0.9  rostralanteriorcingulate
 4522   3522  13868  3.106 0.721     0.129     0.029       66     5.3  rostralmiddlefrontal
10909   8191  32180  3.176 0.757     0.125     0.028      127    12.2  superiorfrontal
 5380   3923  12357  2.589 0.600     0.117     0.022       64     5.2  superiorparietal
 6927   4749  17424  3.005 0.792     0.108     0.023       75     6.7  superiortemporal
 4798   3420  10971  2.762 0.665     0.110     0.020       45     3.9  supramarginal
  461    348    792  2.202 0.628     0.135     0.030        6     0.5  transversetemporal
 2862   1944   6291  3.126 0.741     0.101     0.022       27     2.1  insula
/out/sourcedata/freesurfer/sub-v2s9x29161_ses-1/label
#--------------------------------------------
#@# BA_exvivo Labels rh Sat Mar 14 12:50:24 CET 2026

 mri_label2label --srcsubject fsaverage --srclabel /out/sourcedata/freesurfer/fsaverage/label/rh.BA1_exvivo.label --trgsubject sub-v2s9x29161_ses-1 --trglabel ./rh.BA1_exvivo.label --hemi rh --regmethod surface 


srclabel = /out/sourcedata/freesurfer/fsaverage/label/rh.BA1_exvivo.label
srcsubject = fsaverage
trgsubject = sub-v2s9x29161_ses-1
trglabel = ./rh.BA1_exvivo.label
regmethod = surface

srchemi = rh
trghemi = rh
trgsurface = white
srcsurfreg = sphere.reg
trgsurfreg = sphere.reg
usehash = 1
Use ProjAbs  = 0, 0
Use ProjFrac = 0, 0
DoPaint 0

SUBJECTS_DIR    /out/sourcedata/freesurfer
FREESURFER_HOME /opt/freesurfer
Loading source label.
Found 3962 points in source label.
Starting surface-based mapping
Reading source registration 
 /out/sourcedata/freesurfer/fsaverage/surf/rh.sphere.reg
Rescaling ...  original radius = 100
Reading target surface 
 /out/sourcedata/freesurfer/sub-v2s9x29161_ses-1/surf/rh.white
Reading target registration 
 /out/sourcedata/freesurfer/sub-v2s9x29161_ses-1/surf/rh.sphere.reg
Rescaling ...  original radius = 99.9999
Building target registration hash (res=16).
Building source registration hash (res=16).
INFO: found  3962 nlabel points
Performing mapping from target back to the source label 120244
Number of reverse mapping hits = 51
Checking for and removing duplicates
Writing label file ./rh.BA1_exvivo.label 4013
mri_label2label: Done


 mri_label2label --srcsubject fsaverage --srclabel /out/sourcedata/freesurfer/fsaverage/label/rh.BA2_exvivo.label --trgsubject sub-v2s9x29161_ses-1 --trglabel ./rh.BA2_exvivo.label --hemi rh --regmethod surface 


srclabel = /out/sourcedata/freesurfer/fsaverage/label/rh.BA2_exvivo.label
srcsubject = fsaverage
trgsubject = sub-v2s9x29161_ses-1
trglabel = ./rh.BA2_exvivo.label
regmethod = surface

srchemi = rh
trghemi = rh
trgsurface = white
srcsurfreg = sphere.reg
trgsurfreg = sphere.reg
usehash = 1
Use ProjAbs  = 0, 0
Use ProjFrac = 0, 0
DoPaint 0

SUBJECTS_DIR    /out/sourcedata/freesurfer
FREESURFER_HOME /opt/freesurfer
Loading source label.
Found 6687 points in source label.
Starting surface-based mapping
Reading source registration 
 /out/sourcedata/freesurfer/fsaverage/surf/rh.sphere.reg
Rescaling ...  original radius = 100
Reading target surface 
 /out/sourcedata/freesurfer/sub-v2s9x29161_ses-1/surf/rh.white
Reading target registration 
 /out/sourcedata/freesurfer/sub-v2s9x29161_ses-1/surf/rh.sphere.reg
Rescaling ...  original radius = 99.9999
Building target registration hash (res=16).
Building source registration hash (res=16).
INFO: found  6687 nlabel points
Performing mapping from target back to the source label 120244
Number of reverse mapping hits = 39
Checking for and removing duplicates
Writing label file ./rh.BA2_exvivo.label 6726
mri_label2label: Done


 mri_label2label --srcsubject fsaverage --srclabel /out/sourcedata/freesurfer/fsaverage/label/rh.BA3a_exvivo.label --trgsubject sub-v2s9x29161_ses-1 --trglabel ./rh.BA3a_exvivo.label --hemi rh --regmethod surface 


srclabel = /out/sourcedata/freesurfer/fsaverage/label/rh.BA3a_exvivo.label
srcsubject = fsaverage
trgsubject = sub-v2s9x29161_ses-1
trglabel = ./rh.BA3a_exvivo.label
regmethod = surface

srchemi = rh
trghemi = rh
trgsurface = white
srcsurfreg = sphere.reg
trgsurfreg = sphere.reg
usehash = 1
Use ProjAbs  = 0, 0
Use ProjFrac = 0, 0
DoPaint 0

SUBJECTS_DIR    /out/sourcedata/freesurfer
FREESURFER_HOME /opt/freesurfer
Loading source label.
Found 3980 points in source label.
Starting surface-based mapping
Reading source registration 
 /out/sourcedata/freesurfer/fsaverage/surf/rh.sphere.reg
Rescaling ...  original radius = 100
Reading target surface 
 /out/sourcedata/freesurfer/sub-v2s9x29161_ses-1/surf/rh.white
Reading target registration 
 /out/sourcedata/freesurfer/sub-v2s9x29161_ses-1/surf/rh.sphere.reg
Rescaling ...  original radius = 99.9999
Building target registration hash (res=16).
Building source registration hash (res=16).
INFO: found  3980 nlabel points
Performing mapping from target back to the source label 120244
Number of reverse mapping hits = 25
Checking for and removing duplicates
Writing label file ./rh.BA3a_exvivo.label 4005
mri_label2label: Done


 mri_label2label --srcsubject fsaverage --srclabel /out/sourcedata/freesurfer/fsaverage/label/rh.BA3b_exvivo.label --trgsubject sub-v2s9x29161_ses-1 --trglabel ./rh.BA3b_exvivo.label --hemi rh --regmethod surface 


srclabel = /out/sourcedata/freesurfer/fsaverage/label/rh.BA3b_exvivo.label
srcsubject = fsaverage
trgsubject = sub-v2s9x29161_ses-1
trglabel = ./rh.BA3b_exvivo.label
regmethod = surface

srchemi = rh
trghemi = rh
trgsurface = white
srcsurfreg = sphere.reg
trgsurfreg = sphere.reg
usehash = 1
Use ProjAbs  = 0, 0
Use ProjFrac = 0, 0
DoPaint 0

SUBJECTS_DIR    /out/sourcedata/freesurfer
FREESURFER_HOME /opt/freesurfer
Loading source label.
Found 4522 points in source label.
Starting surface-based mapping
Reading source registration 
 /out/sourcedata/freesurfer/fsaverage/surf/rh.sphere.reg
Rescaling ...  original radius = 100
Reading target surface 
 /out/sourcedata/freesurfer/sub-v2s9x29161_ses-1/surf/rh.white
Reading target registration 
 /out/sourcedata/freesurfer/sub-v2s9x29161_ses-1/surf/rh.sphere.reg
Rescaling ...  original radius = 99.9999
Building target registration hash (res=16).
Building source registration hash (res=16).
INFO: found  4522 nlabel points
Performing mapping from target back to the source label 120244
Number of reverse mapping hits = 33
Checking for and removing duplicates
Writing label file ./rh.BA3b_exvivo.label 4555
mri_label2label: Done


 mri_label2label --srcsubject fsaverage --srclabel /out/sourcedata/freesurfer/fsaverage/label/rh.BA4a_exvivo.label --trgsubject sub-v2s9x29161_ses-1 --trglabel ./rh.BA4a_exvivo.label --hemi rh --regmethod surface 


srclabel = /out/sourcedata/freesurfer/fsaverage/label/rh.BA4a_exvivo.label
srcsubject = fsaverage
trgsubject = sub-v2s9x29161_ses-1
trglabel = ./rh.BA4a_exvivo.label
regmethod = surface

srchemi = rh
trghemi = rh
trgsurface = white
srcsurfreg = sphere.reg
trgsurfreg = sphere.reg
usehash = 1
Use ProjAbs  = 0, 0
Use ProjFrac = 0, 0
DoPaint 0

SUBJECTS_DIR    /out/sourcedata/freesurfer
FREESURFER_HOME /opt/freesurfer
Loading source label.
Found 5747 points in source label.
Starting surface-based mapping
Reading source registration 
 /out/sourcedata/freesurfer/fsaverage/surf/rh.sphere.reg
Rescaling ...  original radius = 100
Reading target surface 
 /out/sourcedata/freesurfer/sub-v2s9x29161_ses-1/surf/rh.white
Reading target registration 
 /out/sourcedata/freesurfer/sub-v2s9x29161_ses-1/surf/rh.sphere.reg
Rescaling ...  original radius = 99.9999
Building target registration hash (res=16).
Building source registration hash (res=16).
INFO: found  5747 nlabel points
Performing mapping from target back to the source label 120244
Number of reverse mapping hits = 143
Checking for and removing duplicates
Writing label file ./rh.BA4a_exvivo.label 5890
mri_label2label: Done


 mri_label2label --srcsubject fsaverage --srclabel /out/sourcedata/freesurfer/fsaverage/label/rh.BA4p_exvivo.label --trgsubject sub-v2s9x29161_ses-1 --trglabel ./rh.BA4p_exvivo.label --hemi rh --regmethod surface 


srclabel = /out/sourcedata/freesurfer/fsaverage/label/rh.BA4p_exvivo.label
srcsubject = fsaverage
trgsubject = sub-v2s9x29161_ses-1
trglabel = ./rh.BA4p_exvivo.label
regmethod = surface

srchemi = rh
trghemi = rh
trgsurface = white
srcsurfreg = sphere.reg
trgsurfreg = sphere.reg
usehash = 1
Use ProjAbs  = 0, 0
Use ProjFrac = 0, 0
DoPaint 0

SUBJECTS_DIR    /out/sourcedata/freesurfer
FREESURFER_HOME /opt/freesurfer
Loading source label.
Found 4473 points in source label.
Starting surface-based mapping
Reading source registration 
 /out/sourcedata/freesurfer/fsaverage/surf/rh.sphere.reg
Rescaling ...  original radius = 100
Reading target surface 
 /out/sourcedata/freesurfer/sub-v2s9x29161_ses-1/surf/rh.white
Reading target registration 
 /out/sourcedata/freesurfer/sub-v2s9x29161_ses-1/surf/rh.sphere.reg
Rescaling ...  original radius = 99.9999
Building target registration hash (res=16).
Building source registration hash (res=16).
INFO: found  4473 nlabel points
Performing mapping from target back to the source label 120244
Number of reverse mapping hits = 24
Checking for and removing duplicates
Writing label file ./rh.BA4p_exvivo.label 4497
mri_label2label: Done


 mri_label2label --srcsubject fsaverage --srclabel /out/sourcedata/freesurfer/fsaverage/label/rh.BA6_exvivo.label --trgsubject sub-v2s9x29161_ses-1 --trglabel ./rh.BA6_exvivo.label --hemi rh --regmethod surface 


srclabel = /out/sourcedata/freesurfer/fsaverage/label/rh.BA6_exvivo.label
srcsubject = fsaverage
trgsubject = sub-v2s9x29161_ses-1
trglabel = ./rh.BA6_exvivo.label
regmethod = surface

srchemi = rh
trghemi = rh
trgsurface = white
srcsurfreg = sphere.reg
trgsurfreg = sphere.reg
usehash = 1
Use ProjAbs  = 0, 0
Use ProjFrac = 0, 0
DoPaint 0

SUBJECTS_DIR    /out/sourcedata/freesurfer
FREESURFER_HOME /opt/freesurfer
Loading source label.
Found 12256 points in source label.
Starting surface-based mapping
Reading source registration 
 /out/sourcedata/freesurfer/fsaverage/surf/rh.sphere.reg
Rescaling ...  original radius = 100
Reading target surface 
 /out/sourcedata/freesurfer/sub-v2s9x29161_ses-1/surf/rh.white
Reading target registration 
 /out/sourcedata/freesurfer/sub-v2s9x29161_ses-1/surf/rh.sphere.reg
Rescaling ...  original radius = 99.9999
Building target registration hash (res=16).
Building source registration hash (res=16).
INFO: found  12256 nlabel points
Performing mapping from target back to the source label 120244
Number of reverse mapping hits = 259
Checking for and removing duplicates
Writing label file ./rh.BA6_exvivo.label 12515
mri_label2label: Done


 mri_label2label --srcsubject fsaverage --srclabel /out/sourcedata/freesurfer/fsaverage/label/rh.BA44_exvivo.label --trgsubject sub-v2s9x29161_ses-1 --trglabel ./rh.BA44_exvivo.label --hemi rh --regmethod surface 


srclabel = /out/sourcedata/freesurfer/fsaverage/label/rh.BA44_exvivo.label
srcsubject = fsaverage
trgsubject = sub-v2s9x29161_ses-1
trglabel = ./rh.BA44_exvivo.label
regmethod = surface

srchemi = rh
trghemi = rh
trgsurface = white
srcsurfreg = sphere.reg
trgsurfreg = sphere.reg
usehash = 1
Use ProjAbs  = 0, 0
Use ProjFrac = 0, 0
DoPaint 0

SUBJECTS_DIR    /out/sourcedata/freesurfer
FREESURFER_HOME /opt/freesurfer
Loading source label.
Found 6912 points in source label.
Starting surface-based mapping
Reading source registration 
 /out/sourcedata/freesurfer/fsaverage/surf/rh.sphere.reg
Rescaling ...  original radius = 100
Reading target surface 
 /out/sourcedata/freesurfer/sub-v2s9x29161_ses-1/surf/rh.white
Reading target registration 
 /out/sourcedata/freesurfer/sub-v2s9x29161_ses-1/surf/rh.sphere.reg
Rescaling ...  original radius = 99.9999
Building target registration hash (res=16).
Building source registration hash (res=16).
INFO: found  6912 nlabel points
Performing mapping from target back to the source label 120244
Number of reverse mapping hits = 289
Checking for and removing duplicates
Writing label file ./rh.BA44_exvivo.label 7201
mri_label2label: Done


 mri_label2label --srcsubject fsaverage --srclabel /out/sourcedata/freesurfer/fsaverage/label/rh.BA45_exvivo.label --trgsubject sub-v2s9x29161_ses-1 --trglabel ./rh.BA45_exvivo.label --hemi rh --regmethod surface 


srclabel = /out/sourcedata/freesurfer/fsaverage/label/rh.BA45_exvivo.label
srcsubject = fsaverage
trgsubject = sub-v2s9x29161_ses-1
trglabel = ./rh.BA45_exvivo.label
regmethod = surface

srchemi = rh
trghemi = rh
trgsurface = white
srcsurfreg = sphere.reg
trgsurfreg = sphere.reg
usehash = 1
Use ProjAbs  = 0, 0
Use ProjFrac = 0, 0
DoPaint 0

SUBJECTS_DIR    /out/sourcedata/freesurfer
FREESURFER_HOME /opt/freesurfer
Loading source label.
Found 5355 points in source label.
Starting surface-based mapping
Reading source registration 
 /out/sourcedata/freesurfer/fsaverage/surf/rh.sphere.reg
Rescaling ...  original radius = 100
Reading target surface 
 /out/sourcedata/freesurfer/sub-v2s9x29161_ses-1/surf/rh.white
Reading target registration 
 /out/sourcedata/freesurfer/sub-v2s9x29161_ses-1/surf/rh.sphere.reg
Rescaling ...  original radius = 99.9999
Building target registration hash (res=16).
Building source registration hash (res=16).
INFO: found  5355 nlabel points
Performing mapping from target back to the source label 120244
Number of reverse mapping hits = 491
Checking for and removing duplicates
Writing label file ./rh.BA45_exvivo.label 5846
mri_label2label: Done


 mri_label2label --srcsubject fsaverage --srclabel /out/sourcedata/freesurfer/fsaverage/label/rh.V1_exvivo.label --trgsubject sub-v2s9x29161_ses-1 --trglabel ./rh.V1_exvivo.label --hemi rh --regmethod surface 


srclabel = /out/sourcedata/freesurfer/fsaverage/label/rh.V1_exvivo.label
srcsubject = fsaverage
trgsubject = sub-v2s9x29161_ses-1
trglabel = ./rh.V1_exvivo.label
regmethod = surface

srchemi = rh
trghemi = rh
trgsurface = white
srcsurfreg = sphere.reg
trgsurfreg = sphere.reg
usehash = 1
Use ProjAbs  = 0, 0
Use ProjFrac = 0, 0
DoPaint 0

SUBJECTS_DIR    /out/sourcedata/freesurfer
FREESURFER_HOME /opt/freesurfer
Loading source label.
Found 4727 points in source label.
Starting surface-based mapping
Reading source registration 
 /out/sourcedata/freesurfer/fsaverage/surf/rh.sphere.reg
Rescaling ...  original radius = 100
Reading target surface 
 /out/sourcedata/freesurfer/sub-v2s9x29161_ses-1/surf/rh.white
Reading target registration 
 /out/sourcedata/freesurfer/sub-v2s9x29161_ses-1/surf/rh.sphere.reg
Rescaling ...  original radius = 99.9999
Building target registration hash (res=16).
Building source registration hash (res=16).
INFO: found  4727 nlabel points
Performing mapping from target back to the source label 120244
Number of reverse mapping hits = 970
Checking for and removing duplicates
Writing label file ./rh.V1_exvivo.label 5697
mri_label2label: Done


 mri_label2label --srcsubject fsaverage --srclabel /out/sourcedata/freesurfer/fsaverage/label/rh.V2_exvivo.label --trgsubject sub-v2s9x29161_ses-1 --trglabel ./rh.V2_exvivo.label --hemi rh --regmethod surface 


srclabel = /out/sourcedata/freesurfer/fsaverage/label/rh.V2_exvivo.label
srcsubject = fsaverage
trgsubject = sub-v2s9x29161_ses-1
trglabel = ./rh.V2_exvivo.label
regmethod = surface

srchemi = rh
trghemi = rh
trgsurface = white
srcsurfreg = sphere.reg
trgsurfreg = sphere.reg
usehash = 1
Use ProjAbs  = 0, 0
Use ProjFrac = 0, 0
DoPaint 0

SUBJECTS_DIR    /out/sourcedata/freesurfer
FREESURFER_HOME /opt/freesurfer
Loading source label.
Found 8016 points in source label.
Starting surface-based mapping
Reading source registration 
 /out/sourcedata/freesurfer/fsaverage/surf/rh.sphere.reg
Rescaling ...  original radius = 100
Reading target surface 
 /out/sourcedata/freesurfer/sub-v2s9x29161_ses-1/surf/rh.white
Reading target registration 
 /out/sourcedata/freesurfer/sub-v2s9x29161_ses-1/surf/rh.sphere.reg
Rescaling ...  original radius = 99.9999
Building target registration hash (res=16).
Building source registration hash (res=16).
INFO: found  8016 nlabel points
Performing mapping from target back to the source label 120244
Number of reverse mapping hits = 2112
Checking for and removing duplicates
Writing label file ./rh.V2_exvivo.label 10128
mri_label2label: Done


 mri_label2label --srcsubject fsaverage --srclabel /out/sourcedata/freesurfer/fsaverage/label/rh.MT_exvivo.label --trgsubject sub-v2s9x29161_ses-1 --trglabel ./rh.MT_exvivo.label --hemi rh --regmethod surface 


srclabel = /out/sourcedata/freesurfer/fsaverage/label/rh.MT_exvivo.label
srcsubject = fsaverage
trgsubject = sub-v2s9x29161_ses-1
trglabel = ./rh.MT_exvivo.label
regmethod = surface

srchemi = rh
trghemi = rh
trgsurface = white
srcsurfreg = sphere.reg
trgsurfreg = sphere.reg
usehash = 1
Use ProjAbs  = 0, 0
Use ProjFrac = 0, 0
DoPaint 0

SUBJECTS_DIR    /out/sourcedata/freesurfer
FREESURFER_HOME /opt/freesurfer
Loading source label.
Found 1932 points in source label.
Starting surface-based mapping
Reading source registration 
 /out/sourcedata/freesurfer/fsaverage/surf/rh.sphere.reg
Rescaling ...  original radius = 100
Reading target surface 
 /out/sourcedata/freesurfer/sub-v2s9x29161_ses-1/surf/rh.white
Reading target registration 
 /out/sourcedata/freesurfer/sub-v2s9x29161_ses-1/surf/rh.sphere.reg
Rescaling ...  original radius = 99.9999
Building target registration hash (res=16).
Building source registration hash (res=16).
INFO: found  1932 nlabel points
Performing mapping from target back to the source label 120244
Number of reverse mapping hits = 341
Checking for and removing duplicates
Writing label file ./rh.MT_exvivo.label 2273
mri_label2label: Done


 mri_label2label --srcsubject fsaverage --srclabel /out/sourcedata/freesurfer/fsaverage/label/rh.entorhinal_exvivo.label --trgsubject sub-v2s9x29161_ses-1 --trglabel ./rh.entorhinal_exvivo.label --hemi rh --regmethod surface 


srclabel = /out/sourcedata/freesurfer/fsaverage/label/rh.entorhinal_exvivo.label
srcsubject = fsaverage
trgsubject = sub-v2s9x29161_ses-1
trglabel = ./rh.entorhinal_exvivo.label
regmethod = surface

srchemi = rh
trghemi = rh
trgsurface = white
srcsurfreg = sphere.reg
trgsurfreg = sphere.reg
usehash = 1
Use ProjAbs  = 0, 0
Use ProjFrac = 0, 0
DoPaint 0

SUBJECTS_DIR    /out/sourcedata/freesurfer
FREESURFER_HOME /opt/freesurfer
Loading source label.
Found 1038 points in source label.
Starting surface-based mapping
Reading source registration 
 /out/sourcedata/freesurfer/fsaverage/surf/rh.sphere.reg
Rescaling ...  original radius = 100
Reading target surface 
 /out/sourcedata/freesurfer/sub-v2s9x29161_ses-1/surf/rh.white
Reading target registration 
 /out/sourcedata/freesurfer/sub-v2s9x29161_ses-1/surf/rh.sphere.reg
Rescaling ...  original radius = 99.9999
Building target registration hash (res=16).
Building source registration hash (res=16).
INFO: found  1038 nlabel points
Performing mapping from target back to the source label 120244
Number of reverse mapping hits = 18
Checking for and removing duplicates
Writing label file ./rh.entorhinal_exvivo.label 1056
mri_label2label: Done


 mri_label2label --srcsubject fsaverage --srclabel /out/sourcedata/freesurfer/fsaverage/label/rh.perirhinal_exvivo.label --trgsubject sub-v2s9x29161_ses-1 --trglabel ./rh.perirhinal_exvivo.label --hemi rh --regmethod surface 


srclabel = /out/sourcedata/freesurfer/fsaverage/label/rh.perirhinal_exvivo.label
srcsubject = fsaverage
trgsubject = sub-v2s9x29161_ses-1
trglabel = ./rh.perirhinal_exvivo.label
regmethod = surface

srchemi = rh
trghemi = rh
trgsurface = white
srcsurfreg = sphere.reg
trgsurfreg = sphere.reg
usehash = 1
Use ProjAbs  = 0, 0
Use ProjFrac = 0, 0
DoPaint 0

SUBJECTS_DIR    /out/sourcedata/freesurfer
FREESURFER_HOME /opt/freesurfer
Loading source label.
Found 752 points in source label.
Starting surface-based mapping
Reading source registration 
 /out/sourcedata/freesurfer/fsaverage/surf/rh.sphere.reg
Rescaling ...  original radius = 100
Reading target surface 
 /out/sourcedata/freesurfer/sub-v2s9x29161_ses-1/surf/rh.white
Reading target registration 
 /out/sourcedata/freesurfer/sub-v2s9x29161_ses-1/surf/rh.sphere.reg
Rescaling ...  original radius = 99.9999
Building target registration hash (res=16).
Building source registration hash (res=16).
INFO: found  752 nlabel points
Performing mapping from target back to the source label 120244
Number of reverse mapping hits = 9
Checking for and removing duplicates
Writing label file ./rh.perirhinal_exvivo.label 761
mri_label2label: Done


 mri_label2label --srcsubject fsaverage --srclabel /out/sourcedata/freesurfer/fsaverage/label/rh.FG1.mpm.vpnl.label --trgsubject sub-v2s9x29161_ses-1 --trglabel ./rh.FG1.mpm.vpnl.label --hemi rh --regmethod surface 


srclabel = /out/sourcedata/freesurfer/fsaverage/label/rh.FG1.mpm.vpnl.label
srcsubject = fsaverage
trgsubject = sub-v2s9x29161_ses-1
trglabel = ./rh.FG1.mpm.vpnl.label
regmethod = surface

srchemi = rh
trghemi = rh
trgsurface = white
srcsurfreg = sphere.reg
trgsurfreg = sphere.reg
usehash = 1
Use ProjAbs  = 0, 0
Use ProjFrac = 0, 0
DoPaint 0

SUBJECTS_DIR    /out/sourcedata/freesurfer
FREESURFER_HOME /opt/freesurfer
Loading source label.
Found 541 points in source label.
Starting surface-based mapping
Reading source registration 
 /out/sourcedata/freesurfer/fsaverage/surf/rh.sphere.reg
Rescaling ...  original radius = 100
Reading target surface 
 /out/sourcedata/freesurfer/sub-v2s9x29161_ses-1/surf/rh.white
Reading target registration 
 /out/sourcedata/freesurfer/sub-v2s9x29161_ses-1/surf/rh.sphere.reg
Rescaling ...  original radius = 99.9999
Building target registration hash (res=16).
Building source registration hash (res=16).
INFO: found  541 nlabel points
Performing mapping from target back to the source label 120244
Number of reverse mapping hits = 221
Checking for and removing duplicates
Writing label file ./rh.FG1.mpm.vpnl.label 762
mri_label2label: Done


 mri_label2label --srcsubject fsaverage --srclabel /out/sourcedata/freesurfer/fsaverage/label/rh.FG2.mpm.vpnl.label --trgsubject sub-v2s9x29161_ses-1 --trglabel ./rh.FG2.mpm.vpnl.label --hemi rh --regmethod surface 


srclabel = /out/sourcedata/freesurfer/fsaverage/label/rh.FG2.mpm.vpnl.label
srcsubject = fsaverage
trgsubject = sub-v2s9x29161_ses-1
trglabel = ./rh.FG2.mpm.vpnl.label
regmethod = surface

srchemi = rh
trghemi = rh
trgsurface = white
srcsurfreg = sphere.reg
trgsurfreg = sphere.reg
usehash = 1
Use ProjAbs  = 0, 0
Use ProjFrac = 0, 0
DoPaint 0

SUBJECTS_DIR    /out/sourcedata/freesurfer
FREESURFER_HOME /opt/freesurfer
Loading source label.
Found 721 points in source label.
Starting surface-based mapping
Reading source registration 
 /out/sourcedata/freesurfer/fsaverage/surf/rh.sphere.reg
Rescaling ...  original radius = 100
Reading target surface 
 /out/sourcedata/freesurfer/sub-v2s9x29161_ses-1/surf/rh.white
Reading target registration 
 /out/sourcedata/freesurfer/sub-v2s9x29161_ses-1/surf/rh.sphere.reg
Rescaling ...  original radius = 99.9999
Building target registration hash (res=16).
Building source registration hash (res=16).
INFO: found  721 nlabel points
Performing mapping from target back to the source label 120244
Number of reverse mapping hits = 297
Checking for and removing duplicates
Writing label file ./rh.FG2.mpm.vpnl.label 1018
mri_label2label: Done


 mri_label2label --srcsubject fsaverage --srclabel /out/sourcedata/freesurfer/fsaverage/label/rh.FG3.mpm.vpnl.label --trgsubject sub-v2s9x29161_ses-1 --trglabel ./rh.FG3.mpm.vpnl.label --hemi rh --regmethod surface 


srclabel = /out/sourcedata/freesurfer/fsaverage/label/rh.FG3.mpm.vpnl.label
srcsubject = fsaverage
trgsubject = sub-v2s9x29161_ses-1
trglabel = ./rh.FG3.mpm.vpnl.label
regmethod = surface

srchemi = rh
trghemi = rh
trgsurface = white
srcsurfreg = sphere.reg
trgsurfreg = sphere.reg
usehash = 1
Use ProjAbs  = 0, 0
Use ProjFrac = 0, 0
DoPaint 0

SUBJECTS_DIR    /out/sourcedata/freesurfer
FREESURFER_HOME /opt/freesurfer
Loading source label.
Found 1523 points in source label.
Starting surface-based mapping
Reading source registration 
 /out/sourcedata/freesurfer/fsaverage/surf/rh.sphere.reg
Rescaling ...  original radius = 100
Reading target surface 
 /out/sourcedata/freesurfer/sub-v2s9x29161_ses-1/surf/rh.white
Reading target registration 
 /out/sourcedata/freesurfer/sub-v2s9x29161_ses-1/surf/rh.sphere.reg
Rescaling ...  original radius = 99.9999
Building target registration hash (res=16).
Building source registration hash (res=16).
INFO: found  1523 nlabel points
Performing mapping from target back to the source label 120244
Number of reverse mapping hits = 108
Checking for and removing duplicates
Writing label file ./rh.FG3.mpm.vpnl.label 1631
mri_label2label: Done


 mri_label2label --srcsubject fsaverage --srclabel /out/sourcedata/freesurfer/fsaverage/label/rh.FG4.mpm.vpnl.label --trgsubject sub-v2s9x29161_ses-1 --trglabel ./rh.FG4.mpm.vpnl.label --hemi rh --regmethod surface 


srclabel = /out/sourcedata/freesurfer/fsaverage/label/rh.FG4.mpm.vpnl.label
srcsubject = fsaverage
trgsubject = sub-v2s9x29161_ses-1
trglabel = ./rh.FG4.mpm.vpnl.label
regmethod = surface

srchemi = rh
trghemi = rh
trgsurface = white
srcsurfreg = sphere.reg
trgsurfreg = sphere.reg
usehash = 1
Use ProjAbs  = 0, 0
Use ProjFrac = 0, 0
DoPaint 0

SUBJECTS_DIR    /out/sourcedata/freesurfer
FREESURFER_HOME /opt/freesurfer
Loading source label.
Found 1586 points in source label.
Starting surface-based mapping
Reading source registration 
 /out/sourcedata/freesurfer/fsaverage/surf/rh.sphere.reg
Rescaling ...  original radius = 100
Reading target surface 
 /out/sourcedata/freesurfer/sub-v2s9x29161_ses-1/surf/rh.white
Reading target registration 
 /out/sourcedata/freesurfer/sub-v2s9x29161_ses-1/surf/rh.sphere.reg
Rescaling ...  original radius = 99.9999
Building target registration hash (res=16).
Building source registration hash (res=16).
INFO: found  1586 nlabel points
Performing mapping from target back to the source label 120244
Number of reverse mapping hits = 537
Checking for and removing duplicates
Writing label file ./rh.FG4.mpm.vpnl.label 2123
mri_label2label: Done


 mri_label2label --srcsubject fsaverage --srclabel /out/sourcedata/freesurfer/fsaverage/label/rh.hOc1.mpm.vpnl.label --trgsubject sub-v2s9x29161_ses-1 --trglabel ./rh.hOc1.mpm.vpnl.label --hemi rh --regmethod surface 


srclabel = /out/sourcedata/freesurfer/fsaverage/label/rh.hOc1.mpm.vpnl.label
srcsubject = fsaverage
trgsubject = sub-v2s9x29161_ses-1
trglabel = ./rh.hOc1.mpm.vpnl.label
regmethod = surface

srchemi = rh
trghemi = rh
trgsurface = white
srcsurfreg = sphere.reg
trgsurfreg = sphere.reg
usehash = 1
Use ProjAbs  = 0, 0
Use ProjFrac = 0, 0
DoPaint 0

SUBJECTS_DIR    /out/sourcedata/freesurfer
FREESURFER_HOME /opt/freesurfer
Loading source label.
Found 3667 points in source label.
Starting surface-based mapping
Reading source registration 
 /out/sourcedata/freesurfer/fsaverage/surf/rh.sphere.reg
Rescaling ...  original radius = 100
Reading target surface 
 /out/sourcedata/freesurfer/sub-v2s9x29161_ses-1/surf/rh.white
Reading target registration 
 /out/sourcedata/freesurfer/sub-v2s9x29161_ses-1/surf/rh.sphere.reg
Rescaling ...  original radius = 99.9999
Building target registration hash (res=16).
Building source registration hash (res=16).
INFO: found  3667 nlabel points
Performing mapping from target back to the source label 120244
Number of reverse mapping hits = 652
Checking for and removing duplicates
Writing label file ./rh.hOc1.mpm.vpnl.label 4319
mri_label2label: Done


 mri_label2label --srcsubject fsaverage --srclabel /out/sourcedata/freesurfer/fsaverage/label/rh.hOc2.mpm.vpnl.label --trgsubject sub-v2s9x29161_ses-1 --trglabel ./rh.hOc2.mpm.vpnl.label --hemi rh --regmethod surface 


srclabel = /out/sourcedata/freesurfer/fsaverage/label/rh.hOc2.mpm.vpnl.label
srcsubject = fsaverage
trgsubject = sub-v2s9x29161_ses-1
trglabel = ./rh.hOc2.mpm.vpnl.label
regmethod = surface

srchemi = rh
trghemi = rh
trgsurface = white
srcsurfreg = sphere.reg
trgsurfreg = sphere.reg
usehash = 1
Use ProjAbs  = 0, 0
Use ProjFrac = 0, 0
DoPaint 0

SUBJECTS_DIR    /out/sourcedata/freesurfer
FREESURFER_HOME /opt/freesurfer
Loading source label.
Found 2719 points in source label.
Starting surface-based mapping
Reading source registration 
 /out/sourcedata/freesurfer/fsaverage/surf/rh.sphere.reg
Rescaling ...  original radius = 100
Reading target surface 
 /out/sourcedata/freesurfer/sub-v2s9x29161_ses-1/surf/rh.white
Reading target registration 
 /out/sourcedata/freesurfer/sub-v2s9x29161_ses-1/surf/rh.sphere.reg
Rescaling ...  original radius = 99.9999
Building target registration hash (res=16).
Building source registration hash (res=16).
INFO: found  2719 nlabel points
Performing mapping from target back to the source label 120244
Number of reverse mapping hits = 716
Checking for and removing duplicates
Writing label file ./rh.hOc2.mpm.vpnl.label 3435
mri_label2label: Done


 mri_label2label --srcsubject fsaverage --srclabel /out/sourcedata/freesurfer/fsaverage/label/rh.hOc3v.mpm.vpnl.label --trgsubject sub-v2s9x29161_ses-1 --trglabel ./rh.hOc3v.mpm.vpnl.label --hemi rh --regmethod surface 


srclabel = /out/sourcedata/freesurfer/fsaverage/label/rh.hOc3v.mpm.vpnl.label
srcsubject = fsaverage
trgsubject = sub-v2s9x29161_ses-1
trglabel = ./rh.hOc3v.mpm.vpnl.label
regmethod = surface

srchemi = rh
trghemi = rh
trgsurface = white
srcsurfreg = sphere.reg
trgsurfreg = sphere.reg
usehash = 1
Use ProjAbs  = 0, 0
Use ProjFrac = 0, 0
DoPaint 0

SUBJECTS_DIR    /out/sourcedata/freesurfer
FREESURFER_HOME /opt/freesurfer
Loading source label.
Found 1228 points in source label.
Starting surface-based mapping
Reading source registration 
 /out/sourcedata/freesurfer/fsaverage/surf/rh.sphere.reg
Rescaling ...  original radius = 100
Reading target surface 
 /out/sourcedata/freesurfer/sub-v2s9x29161_ses-1/surf/rh.white
Reading target registration 
 /out/sourcedata/freesurfer/sub-v2s9x29161_ses-1/surf/rh.sphere.reg
Rescaling ...  original radius = 99.9999
Building target registration hash (res=16).
Building source registration hash (res=16).
INFO: found  1228 nlabel points
Performing mapping from target back to the source label 120244
Number of reverse mapping hits = 551
Checking for and removing duplicates
Writing label file ./rh.hOc3v.mpm.vpnl.label 1779
mri_label2label: Done


 mri_label2label --srcsubject fsaverage --srclabel /out/sourcedata/freesurfer/fsaverage/label/rh.hOc4v.mpm.vpnl.label --trgsubject sub-v2s9x29161_ses-1 --trglabel ./rh.hOc4v.mpm.vpnl.label --hemi rh --regmethod surface 


srclabel = /out/sourcedata/freesurfer/fsaverage/label/rh.hOc4v.mpm.vpnl.label
srcsubject = fsaverage
trgsubject = sub-v2s9x29161_ses-1
trglabel = ./rh.hOc4v.mpm.vpnl.label
regmethod = surface

srchemi = rh
trghemi = rh
trgsurface = white
srcsurfreg = sphere.reg
trgsurfreg = sphere.reg
usehash = 1
Use ProjAbs  = 0, 0
Use ProjFrac = 0, 0
DoPaint 0

SUBJECTS_DIR    /out/sourcedata/freesurfer
FREESURFER_HOME /opt/freesurfer
Loading source label.
Found 1025 points in source label.
Starting surface-based mapping
Reading source registration 
 /out/sourcedata/freesurfer/fsaverage/surf/rh.sphere.reg
Rescaling ...  original radius = 100
Reading target surface 
 /out/sourcedata/freesurfer/sub-v2s9x29161_ses-1/surf/rh.white
Reading target registration 
 /out/sourcedata/freesurfer/sub-v2s9x29161_ses-1/surf/rh.sphere.reg
Rescaling ...  original radius = 99.9999
Building target registration hash (res=16).
Building source registration hash (res=16).
INFO: found  1025 nlabel points
Performing mapping from target back to the source label 120244
Number of reverse mapping hits = 416
Checking for and removing duplicates
Writing label file ./rh.hOc4v.mpm.vpnl.label 1441
mri_label2label: Done


 mris_label2annot --s sub-v2s9x29161_ses-1 --ctab /opt/freesurfer/average/colortable_vpnl.txt --hemi rh --a mpm.vpnl --maxstatwinner --noverbose --l rh.FG1.mpm.vpnl.label --l rh.FG2.mpm.vpnl.label --l rh.FG3.mpm.vpnl.label --l rh.FG4.mpm.vpnl.label --l rh.hOc1.mpm.vpnl.label --l rh.hOc2.mpm.vpnl.label --l rh.hOc3v.mpm.vpnl.label --l rh.hOc4v.mpm.vpnl.label 

Reading ctab /opt/freesurfer/average/colortable_vpnl.txt
Number of ctab entries 9

7.3.2
cwd /out/sourcedata/freesurfer/sub-v2s9x29161_ses-1/label
cmdline mris_label2annot --s sub-v2s9x29161_ses-1 --ctab /opt/freesurfer/average/colortable_vpnl.txt --hemi rh --a mpm.vpnl --maxstatwinner --noverbose --l rh.FG1.mpm.vpnl.label --l rh.FG2.mpm.vpnl.label --l rh.FG3.mpm.vpnl.label --l rh.FG4.mpm.vpnl.label --l rh.hOc1.mpm.vpnl.label --l rh.hOc2.mpm.vpnl.label --l rh.hOc3v.mpm.vpnl.label --l rh.hOc4v.mpm.vpnl.label 
sysname  Linux
hostname dna074
machine  x86_64
user     oesteban

subject sub-v2s9x29161_ses-1
hemi    rh
SUBJECTS_DIR /out/sourcedata/freesurfer
ColorTable /opt/freesurfer/average/colortable_vpnl.txt
AnnotName  mpm.vpnl
nlables 8
LabelThresh 0 0.000000
Loading /out/sourcedata/freesurfer/sub-v2s9x29161_ses-1/surf/rh.orig
 1 1376057 FG1
 2 16711935 FG2
 3 16711680 FG3
 4 1705837 FG4
 5 25600 hOc1
 6 255 hOc2
 7 16776960 hOc3v
 8 65535 hOc4v
Mapping unhit to unknown
Found 105121 unhit vertices
Writing annot to /out/sourcedata/freesurfer/sub-v2s9x29161_ses-1/label/rh.mpm.vpnl.annot

 mri_label2label --srcsubject fsaverage --srclabel /out/sourcedata/freesurfer/fsaverage/label/rh.BA1_exvivo.thresh.label --trgsubject sub-v2s9x29161_ses-1 --trglabel ./rh.BA1_exvivo.thresh.label --hemi rh --regmethod surface 


srclabel = /out/sourcedata/freesurfer/fsaverage/label/rh.BA1_exvivo.thresh.label
srcsubject = fsaverage
trgsubject = sub-v2s9x29161_ses-1
trglabel = ./rh.BA1_exvivo.thresh.label
regmethod = surface

srchemi = rh
trghemi = rh
trgsurface = white
srcsurfreg = sphere.reg
trgsurfreg = sphere.reg
usehash = 1
Use ProjAbs  = 0, 0
Use ProjFrac = 0, 0
DoPaint 0

SUBJECTS_DIR    /out/sourcedata/freesurfer
FREESURFER_HOME /opt/freesurfer
Loading source label.
Found 876 points in source label.
Starting surface-based mapping
Reading source registration 
 /out/sourcedata/freesurfer/fsaverage/surf/rh.sphere.reg
Rescaling ...  original radius = 100
Reading target surface 
 /out/sourcedata/freesurfer/sub-v2s9x29161_ses-1/surf/rh.white
Reading target registration 
 /out/sourcedata/freesurfer/sub-v2s9x29161_ses-1/surf/rh.sphere.reg
Rescaling ...  original radius = 99.9999
Building target registration hash (res=16).
Building source registration hash (res=16).
INFO: found  876 nlabel points
Performing mapping from target back to the source label 120244
Number of reverse mapping hits = 17
Checking for and removing duplicates
Writing label file ./rh.BA1_exvivo.thresh.label 893
mri_label2label: Done


 mri_label2label --srcsubject fsaverage --srclabel /out/sourcedata/freesurfer/fsaverage/label/rh.BA2_exvivo.thresh.label --trgsubject sub-v2s9x29161_ses-1 --trglabel ./rh.BA2_exvivo.thresh.label --hemi rh --regmethod surface 


srclabel = /out/sourcedata/freesurfer/fsaverage/label/rh.BA2_exvivo.thresh.label
srcsubject = fsaverage
trgsubject = sub-v2s9x29161_ses-1
trglabel = ./rh.BA2_exvivo.thresh.label
regmethod = surface

srchemi = rh
trghemi = rh
trgsurface = white
srcsurfreg = sphere.reg
trgsurfreg = sphere.reg
usehash = 1
Use ProjAbs  = 0, 0
Use ProjFrac = 0, 0
DoPaint 0

SUBJECTS_DIR    /out/sourcedata/freesurfer
FREESURFER_HOME /opt/freesurfer
Loading source label.
Found 2688 points in source label.
Starting surface-based mapping
Reading source registration 
 /out/sourcedata/freesurfer/fsaverage/surf/rh.sphere.reg
Rescaling ...  original radius = 100
Reading target surface 
 /out/sourcedata/freesurfer/sub-v2s9x29161_ses-1/surf/rh.white
Reading target registration 
 /out/sourcedata/freesurfer/sub-v2s9x29161_ses-1/surf/rh.sphere.reg
Rescaling ...  original radius = 99.9999
Building target registration hash (res=16).
Building source registration hash (res=16).
INFO: found  2688 nlabel points
Performing mapping from target back to the source label 120244
Number of reverse mapping hits = 13
Checking for and removing duplicates
Writing label file ./rh.BA2_exvivo.thresh.label 2701
mri_label2label: Done


 mri_label2label --srcsubject fsaverage --srclabel /out/sourcedata/freesurfer/fsaverage/label/rh.BA3a_exvivo.thresh.label --trgsubject sub-v2s9x29161_ses-1 --trglabel ./rh.BA3a_exvivo.thresh.label --hemi rh --regmethod surface 


srclabel = /out/sourcedata/freesurfer/fsaverage/label/rh.BA3a_exvivo.thresh.label
srcsubject = fsaverage
trgsubject = sub-v2s9x29161_ses-1
trglabel = ./rh.BA3a_exvivo.thresh.label
regmethod = surface

srchemi = rh
trghemi = rh
trgsurface = white
srcsurfreg = sphere.reg
trgsurfreg = sphere.reg
usehash = 1
Use ProjAbs  = 0, 0
Use ProjFrac = 0, 0
DoPaint 0

SUBJECTS_DIR    /out/sourcedata/freesurfer
FREESURFER_HOME /opt/freesurfer
Loading source label.
Found 1698 points in source label.
Starting surface-based mapping
Reading source registration 
 /out/sourcedata/freesurfer/fsaverage/surf/rh.sphere.reg
Rescaling ...  original radius = 100
Reading target surface 
 /out/sourcedata/freesurfer/sub-v2s9x29161_ses-1/surf/rh.white
Reading target registration 
 /out/sourcedata/freesurfer/sub-v2s9x29161_ses-1/surf/rh.sphere.reg
Rescaling ...  original radius = 99.9999
Building target registration hash (res=16).
Building source registration hash (res=16).
INFO: found  1698 nlabel points
Performing mapping from target back to the source label 120244
Number of reverse mapping hits = 5
Checking for and removing duplicates
Writing label file ./rh.BA3a_exvivo.thresh.label 1703
mri_label2label: Done


 mri_label2label --srcsubject fsaverage --srclabel /out/sourcedata/freesurfer/fsaverage/label/rh.BA3b_exvivo.thresh.label --trgsubject sub-v2s9x29161_ses-1 --trglabel ./rh.BA3b_exvivo.thresh.label --hemi rh --regmethod surface 


srclabel = /out/sourcedata/freesurfer/fsaverage/label/rh.BA3b_exvivo.thresh.label
srcsubject = fsaverage
trgsubject = sub-v2s9x29161_ses-1
trglabel = ./rh.BA3b_exvivo.thresh.label
regmethod = surface

srchemi = rh
trghemi = rh
trgsurface = white
srcsurfreg = sphere.reg
trgsurfreg = sphere.reg
usehash = 1
Use ProjAbs  = 0, 0
Use ProjFrac = 0, 0
DoPaint 0

SUBJECTS_DIR    /out/sourcedata/freesurfer
FREESURFER_HOME /opt/freesurfer
Loading source label.
Found 2183 points in source label.
Starting surface-based mapping
Reading source registration 
 /out/sourcedata/freesurfer/fsaverage/surf/rh.sphere.reg
Rescaling ...  original radius = 100
Reading target surface 
 /out/sourcedata/freesurfer/sub-v2s9x29161_ses-1/surf/rh.white
Reading target registration 
 /out/sourcedata/freesurfer/sub-v2s9x29161_ses-1/surf/rh.sphere.reg
Rescaling ...  original radius = 99.9999
Building target registration hash (res=16).
Building source registration hash (res=16).
INFO: found  2183 nlabel points
Performing mapping from target back to the source label 120244
Number of reverse mapping hits = 15
Checking for and removing duplicates
Writing label file ./rh.BA3b_exvivo.thresh.label 2198
mri_label2label: Done


 mri_label2label --srcsubject fsaverage --srclabel /out/sourcedata/freesurfer/fsaverage/label/rh.BA4a_exvivo.thresh.label --trgsubject sub-v2s9x29161_ses-1 --trglabel ./rh.BA4a_exvivo.thresh.label --hemi rh --regmethod surface 


srclabel = /out/sourcedata/freesurfer/fsaverage/label/rh.BA4a_exvivo.thresh.label
srcsubject = fsaverage
trgsubject = sub-v2s9x29161_ses-1
trglabel = ./rh.BA4a_exvivo.thresh.label
regmethod = surface

srchemi = rh
trghemi = rh
trgsurface = white
srcsurfreg = sphere.reg
trgsurfreg = sphere.reg
usehash = 1
Use ProjAbs  = 0, 0
Use ProjFrac = 0, 0
DoPaint 0

SUBJECTS_DIR    /out/sourcedata/freesurfer
FREESURFER_HOME /opt/freesurfer
Loading source label.
Found 1388 points in source label.
Starting surface-based mapping
Reading source registration 
 /out/sourcedata/freesurfer/fsaverage/surf/rh.sphere.reg
Rescaling ...  original radius = 100
Reading target surface 
 /out/sourcedata/freesurfer/sub-v2s9x29161_ses-1/surf/rh.white
Reading target registration 
 /out/sourcedata/freesurfer/sub-v2s9x29161_ses-1/surf/rh.sphere.reg
Rescaling ...  original radius = 99.9999
Building target registration hash (res=16).
Building source registration hash (res=16).
INFO: found  1388 nlabel points
Performing mapping from target back to the source label 120244
Number of reverse mapping hits = 29
Checking for and removing duplicates
Writing label file ./rh.BA4a_exvivo.thresh.label 1417
mri_label2label: Done


 mri_label2label --srcsubject fsaverage --srclabel /out/sourcedata/freesurfer/fsaverage/label/rh.BA4p_exvivo.thresh.label --trgsubject sub-v2s9x29161_ses-1 --trglabel ./rh.BA4p_exvivo.thresh.label --hemi rh --regmethod surface 


srclabel = /out/sourcedata/freesurfer/fsaverage/label/rh.BA4p_exvivo.thresh.label
srcsubject = fsaverage
trgsubject = sub-v2s9x29161_ses-1
trglabel = ./rh.BA4p_exvivo.thresh.label
regmethod = surface

srchemi = rh
trghemi = rh
trgsurface = white
srcsurfreg = sphere.reg
trgsurfreg = sphere.reg
usehash = 1
Use ProjAbs  = 0, 0
Use ProjFrac = 0, 0
DoPaint 0

SUBJECTS_DIR    /out/sourcedata/freesurfer
FREESURFER_HOME /opt/freesurfer
Loading source label.
Found 1489 points in source label.
Starting surface-based mapping
Reading source registration 
 /out/sourcedata/freesurfer/fsaverage/surf/rh.sphere.reg
Rescaling ...  original radius = 100
Reading target surface 
 /out/sourcedata/freesurfer/sub-v2s9x29161_ses-1/surf/rh.white
Reading target registration 
 /out/sourcedata/freesurfer/sub-v2s9x29161_ses-1/surf/rh.sphere.reg
Rescaling ...  original radius = 99.9999
Building target registration hash (res=16).
Building source registration hash (res=16).
INFO: found  1489 nlabel points
Performing mapping from target back to the source label 120244
Number of reverse mapping hits = 7
Checking for and removing duplicates
Writing label file ./rh.BA4p_exvivo.thresh.label 1496
mri_label2label: Done


 mri_label2label --srcsubject fsaverage --srclabel /out/sourcedata/freesurfer/fsaverage/label/rh.BA6_exvivo.thresh.label --trgsubject sub-v2s9x29161_ses-1 --trglabel ./rh.BA6_exvivo.thresh.label --hemi rh --regmethod surface 


srclabel = /out/sourcedata/freesurfer/fsaverage/label/rh.BA6_exvivo.thresh.label
srcsubject = fsaverage
trgsubject = sub-v2s9x29161_ses-1
trglabel = ./rh.BA6_exvivo.thresh.label
regmethod = surface

srchemi = rh
trghemi = rh
trgsurface = white
srcsurfreg = sphere.reg
trgsurfreg = sphere.reg
usehash = 1
Use ProjAbs  = 0, 0
Use ProjFrac = 0, 0
DoPaint 0

SUBJECTS_DIR    /out/sourcedata/freesurfer
FREESURFER_HOME /opt/freesurfer
Loading source label.
Found 6959 points in source label.
Starting surface-based mapping
Reading source registration 
 /out/sourcedata/freesurfer/fsaverage/surf/rh.sphere.reg
Rescaling ...  original radius = 100
Reading target surface 
 /out/sourcedata/freesurfer/sub-v2s9x29161_ses-1/surf/rh.white
Reading target registration 
 /out/sourcedata/freesurfer/sub-v2s9x29161_ses-1/surf/rh.sphere.reg
Rescaling ...  original radius = 99.9999
Building target registration hash (res=16).
Building source registration hash (res=16).
INFO: found  6959 nlabel points
Performing mapping from target back to the source label 120244
Number of reverse mapping hits = 179
Checking for and removing duplicates
Writing label file ./rh.BA6_exvivo.thresh.label 7138
mri_label2label: Done


 mri_label2label --srcsubject fsaverage --srclabel /out/sourcedata/freesurfer/fsaverage/label/rh.BA44_exvivo.thresh.label --trgsubject sub-v2s9x29161_ses-1 --trglabel ./rh.BA44_exvivo.thresh.label --hemi rh --regmethod surface 


srclabel = /out/sourcedata/freesurfer/fsaverage/label/rh.BA44_exvivo.thresh.label
srcsubject = fsaverage
trgsubject = sub-v2s9x29161_ses-1
trglabel = ./rh.BA44_exvivo.thresh.label
regmethod = surface

srchemi = rh
trghemi = rh
trgsurface = white
srcsurfreg = sphere.reg
trgsurfreg = sphere.reg
usehash = 1
Use ProjAbs  = 0, 0
Use ProjFrac = 0, 0
DoPaint 0

SUBJECTS_DIR    /out/sourcedata/freesurfer
FREESURFER_HOME /opt/freesurfer
Loading source label.
Found 1012 points in source label.
Starting surface-based mapping
Reading source registration 
 /out/sourcedata/freesurfer/fsaverage/surf/rh.sphere.reg
Rescaling ...  original radius = 100
Reading target surface 
 /out/sourcedata/freesurfer/sub-v2s9x29161_ses-1/surf/rh.white
Reading target registration 
 /out/sourcedata/freesurfer/sub-v2s9x29161_ses-1/surf/rh.sphere.reg
Rescaling ...  original radius = 99.9999
Building target registration hash (res=16).
Building source registration hash (res=16).
INFO: found  1012 nlabel points
Performing mapping from target back to the source label 120244
Number of reverse mapping hits = 106
Checking for and removing duplicates
Writing label file ./rh.BA44_exvivo.thresh.label 1118
mri_label2label: Done


 mri_label2label --srcsubject fsaverage --srclabel /out/sourcedata/freesurfer/fsaverage/label/rh.BA45_exvivo.thresh.label --trgsubject sub-v2s9x29161_ses-1 --trglabel ./rh.BA45_exvivo.thresh.label --hemi rh --regmethod surface 


srclabel = /out/sourcedata/freesurfer/fsaverage/label/rh.BA45_exvivo.thresh.label
srcsubject = fsaverage
trgsubject = sub-v2s9x29161_ses-1
trglabel = ./rh.BA45_exvivo.thresh.label
regmethod = surface

srchemi = rh
trghemi = rh
trgsurface = white
srcsurfreg = sphere.reg
trgsurfreg = sphere.reg
usehash = 1
Use ProjAbs  = 0, 0
Use ProjFrac = 0, 0
DoPaint 0

SUBJECTS_DIR    /out/sourcedata/freesurfer
FREESURFER_HOME /opt/freesurfer
Loading source label.
Found 1178 points in source label.
Starting surface-based mapping
Reading source registration 
 /out/sourcedata/freesurfer/fsaverage/surf/rh.sphere.reg
Rescaling ...  original radius = 100
Reading target surface 
 /out/sourcedata/freesurfer/sub-v2s9x29161_ses-1/surf/rh.white
Reading target registration 
 /out/sourcedata/freesurfer/sub-v2s9x29161_ses-1/surf/rh.sphere.reg
Rescaling ...  original radius = 99.9999
Building target registration hash (res=16).
Building source registration hash (res=16).
INFO: found  1178 nlabel points
Performing mapping from target back to the source label 120244
Number of reverse mapping hits = 92
Checking for and removing duplicates
Writing label file ./rh.BA45_exvivo.thresh.label 1270
mri_label2label: Done


 mri_label2label --srcsubject fsaverage --srclabel /out/sourcedata/freesurfer/fsaverage/label/rh.V1_exvivo.thresh.label --trgsubject sub-v2s9x29161_ses-1 --trglabel ./rh.V1_exvivo.thresh.label --hemi rh --regmethod surface 


srclabel = /out/sourcedata/freesurfer/fsaverage/label/rh.V1_exvivo.thresh.label
srcsubject = fsaverage
trgsubject = sub-v2s9x29161_ses-1
trglabel = ./rh.V1_exvivo.thresh.label
regmethod = surface

srchemi = rh
trghemi = rh
trgsurface = white
srcsurfreg = sphere.reg
trgsurfreg = sphere.reg
usehash = 1
Use ProjAbs  = 0, 0
Use ProjFrac = 0, 0
DoPaint 0

SUBJECTS_DIR    /out/sourcedata/freesurfer
FREESURFER_HOME /opt/freesurfer
Loading source label.
Found 3232 points in source label.
Starting surface-based mapping
Reading source registration 
 /out/sourcedata/freesurfer/fsaverage/surf/rh.sphere.reg
Rescaling ...  original radius = 100
Reading target surface 
 /out/sourcedata/freesurfer/sub-v2s9x29161_ses-1/surf/rh.white
Reading target registration 
 /out/sourcedata/freesurfer/sub-v2s9x29161_ses-1/surf/rh.sphere.reg
Rescaling ...  original radius = 99.9999
Building target registration hash (res=16).
Building source registration hash (res=16).
INFO: found  3232 nlabel points
Performing mapping from target back to the source label 120244
Number of reverse mapping hits = 616
Checking for and removing duplicates
Writing label file ./rh.V1_exvivo.thresh.label 3848
mri_label2label: Done


 mri_label2label --srcsubject fsaverage --srclabel /out/sourcedata/freesurfer/fsaverage/label/rh.V2_exvivo.thresh.label --trgsubject sub-v2s9x29161_ses-1 --trglabel ./rh.V2_exvivo.thresh.label --hemi rh --regmethod surface 


srclabel = /out/sourcedata/freesurfer/fsaverage/label/rh.V2_exvivo.thresh.label
srcsubject = fsaverage
trgsubject = sub-v2s9x29161_ses-1
trglabel = ./rh.V2_exvivo.thresh.label
regmethod = surface

srchemi = rh
trghemi = rh
trgsurface = white
srcsurfreg = sphere.reg
trgsurfreg = sphere.reg
usehash = 1
Use ProjAbs  = 0, 0
Use ProjFrac = 0, 0
DoPaint 0

SUBJECTS_DIR    /out/sourcedata/freesurfer
FREESURFER_HOME /opt/freesurfer
Loading source label.
Found 3437 points in source label.
Starting surface-based mapping
Reading source registration 
 /out/sourcedata/freesurfer/fsaverage/surf/rh.sphere.reg
Rescaling ...  original radius = 100
Reading target surface 
 /out/sourcedata/freesurfer/sub-v2s9x29161_ses-1/surf/rh.white
Reading target registration 
 /out/sourcedata/freesurfer/sub-v2s9x29161_ses-1/surf/rh.sphere.reg
Rescaling ...  original radius = 99.9999
Building target registration hash (res=16).
Building source registration hash (res=16).
INFO: found  3437 nlabel points
Performing mapping from target back to the source label 120244
Number of reverse mapping hits = 942
Checking for and removing duplicates
Writing label file ./rh.V2_exvivo.thresh.label 4379
mri_label2label: Done


 mri_label2label --srcsubject fsaverage --srclabel /out/sourcedata/freesurfer/fsaverage/label/rh.MT_exvivo.thresh.label --trgsubject sub-v2s9x29161_ses-1 --trglabel ./rh.MT_exvivo.thresh.label --hemi rh --regmethod surface 


srclabel = /out/sourcedata/freesurfer/fsaverage/label/rh.MT_exvivo.thresh.label
srcsubject = fsaverage
trgsubject = sub-v2s9x29161_ses-1
trglabel = ./rh.MT_exvivo.thresh.label
regmethod = surface

srchemi = rh
trghemi = rh
trgsurface = white
srcsurfreg = sphere.reg
trgsurfreg = sphere.reg
usehash = 1
Use ProjAbs  = 0, 0
Use ProjFrac = 0, 0
DoPaint 0

SUBJECTS_DIR    /out/sourcedata/freesurfer
FREESURFER_HOME /opt/freesurfer
Loading source label.
Found 268 points in source label.
Starting surface-based mapping
Reading source registration 
 /out/sourcedata/freesurfer/fsaverage/surf/rh.sphere.reg
Rescaling ...  original radius = 100
Reading target surface 
 /out/sourcedata/freesurfer/sub-v2s9x29161_ses-1/surf/rh.white
Reading target registration 
 /out/sourcedata/freesurfer/sub-v2s9x29161_ses-1/surf/rh.sphere.reg
Rescaling ...  original radius = 99.9999
Building target registration hash (res=16).
Building source registration hash (res=16).
INFO: found  268 nlabel points
Performing mapping from target back to the source label 120244
Number of reverse mapping hits = 40
Checking for and removing duplicates
Writing label file ./rh.MT_exvivo.thresh.label 308
mri_label2label: Done


 mri_label2label --srcsubject fsaverage --srclabel /out/sourcedata/freesurfer/fsaverage/label/rh.entorhinal_exvivo.thresh.label --trgsubject sub-v2s9x29161_ses-1 --trglabel ./rh.entorhinal_exvivo.thresh.label --hemi rh --regmethod surface 


srclabel = /out/sourcedata/freesurfer/fsaverage/label/rh.entorhinal_exvivo.thresh.label
srcsubject = fsaverage
trgsubject = sub-v2s9x29161_ses-1
trglabel = ./rh.entorhinal_exvivo.thresh.label
regmethod = surface

srchemi = rh
trghemi = rh
trgsurface = white
srcsurfreg = sphere.reg
trgsurfreg = sphere.reg
usehash = 1
Use ProjAbs  = 0, 0
Use ProjFrac = 0, 0
DoPaint 0

SUBJECTS_DIR    /out/sourcedata/freesurfer
FREESURFER_HOME /opt/freesurfer
Loading source label.
Found 694 points in source label.
Starting surface-based mapping
Reading source registration 
 /out/sourcedata/freesurfer/fsaverage/surf/rh.sphere.reg
Rescaling ...  original radius = 100
Reading target surface 
 /out/sourcedata/freesurfer/sub-v2s9x29161_ses-1/surf/rh.white
Reading target registration 
 /out/sourcedata/freesurfer/sub-v2s9x29161_ses-1/surf/rh.sphere.reg
Rescaling ...  original radius = 99.9999
Building target registration hash (res=16).
Building source registration hash (res=16).
INFO: found  694 nlabel points
Performing mapping from target back to the source label 120244
Number of reverse mapping hits = 15
Checking for and removing duplicates
Writing label file ./rh.entorhinal_exvivo.thresh.label 709
mri_label2label: Done


 mri_label2label --srcsubject fsaverage --srclabel /out/sourcedata/freesurfer/fsaverage/label/rh.perirhinal_exvivo.thresh.label --trgsubject sub-v2s9x29161_ses-1 --trglabel ./rh.perirhinal_exvivo.thresh.label --hemi rh --regmethod surface 


srclabel = /out/sourcedata/freesurfer/fsaverage/label/rh.perirhinal_exvivo.thresh.label
srcsubject = fsaverage
trgsubject = sub-v2s9x29161_ses-1
trglabel = ./rh.perirhinal_exvivo.thresh.label
regmethod = surface

srchemi = rh
trghemi = rh
trgsurface = white
srcsurfreg = sphere.reg
trgsurfreg = sphere.reg
usehash = 1
Use ProjAbs  = 0, 0
Use ProjFrac = 0, 0
DoPaint 0

SUBJECTS_DIR    /out/sourcedata/freesurfer
FREESURFER_HOME /opt/freesurfer
Loading source label.
Found 291 points in source label.
Starting surface-based mapping
Reading source registration 
 /out/sourcedata/freesurfer/fsaverage/surf/rh.sphere.reg
Rescaling ...  original radius = 100
Reading target surface 
 /out/sourcedata/freesurfer/sub-v2s9x29161_ses-1/surf/rh.white
Reading target registration 
 /out/sourcedata/freesurfer/sub-v2s9x29161_ses-1/surf/rh.sphere.reg
Rescaling ...  original radius = 99.9999
Building target registration hash (res=16).
Building source registration hash (res=16).
INFO: found  291 nlabel points
Performing mapping from target back to the source label 120244
Number of reverse mapping hits = 3
Checking for and removing duplicates
Writing label file ./rh.perirhinal_exvivo.thresh.label 294
mri_label2label: Done


 mris_label2annot --s sub-v2s9x29161_ses-1 --hemi rh --ctab /opt/freesurfer/average/colortable_BA.txt --l rh.BA1_exvivo.label --l rh.BA2_exvivo.label --l rh.BA3a_exvivo.label --l rh.BA3b_exvivo.label --l rh.BA4a_exvivo.label --l rh.BA4p_exvivo.label --l rh.BA6_exvivo.label --l rh.BA44_exvivo.label --l rh.BA45_exvivo.label --l rh.V1_exvivo.label --l rh.V2_exvivo.label --l rh.MT_exvivo.label --l rh.perirhinal_exvivo.label --l rh.entorhinal_exvivo.label --a BA_exvivo --maxstatwinner --noverbose 

Reading ctab /opt/freesurfer/average/colortable_BA.txt
Number of ctab entries 15

7.3.2
cwd /out/sourcedata/freesurfer/sub-v2s9x29161_ses-1/label
cmdline mris_label2annot --s sub-v2s9x29161_ses-1 --hemi rh --ctab /opt/freesurfer/average/colortable_BA.txt --l rh.BA1_exvivo.label --l rh.BA2_exvivo.label --l rh.BA3a_exvivo.label --l rh.BA3b_exvivo.label --l rh.BA4a_exvivo.label --l rh.BA4p_exvivo.label --l rh.BA6_exvivo.label --l rh.BA44_exvivo.label --l rh.BA45_exvivo.label --l rh.V1_exvivo.label --l rh.V2_exvivo.label --l rh.MT_exvivo.label --l rh.perirhinal_exvivo.label --l rh.entorhinal_exvivo.label --a BA_exvivo --maxstatwinner --noverbose 
sysname  Linux
hostname dna074
machine  x86_64
user     oesteban

subject sub-v2s9x29161_ses-1
hemi    rh
SUBJECTS_DIR /out/sourcedata/freesurfer
ColorTable /opt/freesurfer/average/colortable_BA.txt
AnnotName  BA_exvivo
nlables 14
LabelThresh 0 0.000000
Loading /out/sourcedata/freesurfer/sub-v2s9x29161_ses-1/surf/rh.orig
 1 1530880 BA1_exvivo
 2 16749699 BA2_exvivo
 3 16711680 BA3a_exvivo
 4 3368703 BA3b_exvivo
 5 1376196 BA4a_exvivo
 6 13382655 BA4p_exvivo
 7 10036737 BA6_exvivo
 8 2490521 BA44_exvivo
 9 39283 BA45_exvivo
10 3993 V1_exvivo
11 8508928 V2_exvivo
12 10027163 MT_exvivo
13 16422433 perirhinal_exvivo
14 16392598 entorhinal_exvivo
Mapping unhit to unknown
Found 83181 unhit vertices
Writing annot to /out/sourcedata/freesurfer/sub-v2s9x29161_ses-1/label/rh.BA_exvivo.annot

 mris_label2annot --s sub-v2s9x29161_ses-1 --hemi rh --ctab /opt/freesurfer/average/colortable_BA.txt --l rh.BA1_exvivo.thresh.label --l rh.BA2_exvivo.thresh.label --l rh.BA3a_exvivo.thresh.label --l rh.BA3b_exvivo.thresh.label --l rh.BA4a_exvivo.thresh.label --l rh.BA4p_exvivo.thresh.label --l rh.BA6_exvivo.thresh.label --l rh.BA44_exvivo.thresh.label --l rh.BA45_exvivo.thresh.label --l rh.V1_exvivo.thresh.label --l rh.V2_exvivo.thresh.label --l rh.MT_exvivo.thresh.label --l rh.perirhinal_exvivo.thresh.label --l rh.entorhinal_exvivo.thresh.label --a BA_exvivo.thresh --maxstatwinner --noverbose 

Reading ctab /opt/freesurfer/average/colortable_BA.txt
Number of ctab entries 15

7.3.2
cwd /out/sourcedata/freesurfer/sub-v2s9x29161_ses-1/label
cmdline mris_label2annot --s sub-v2s9x29161_ses-1 --hemi rh --ctab /opt/freesurfer/average/colortable_BA.txt --l rh.BA1_exvivo.thresh.label --l rh.BA2_exvivo.thresh.label --l rh.BA3a_exvivo.thresh.label --l rh.BA3b_exvivo.thresh.label --l rh.BA4a_exvivo.thresh.label --l rh.BA4p_exvivo.thresh.label --l rh.BA6_exvivo.thresh.label --l rh.BA44_exvivo.thresh.label --l rh.BA45_exvivo.thresh.label --l rh.V1_exvivo.thresh.label --l rh.V2_exvivo.thresh.label --l rh.MT_exvivo.thresh.label --l rh.perirhinal_exvivo.thresh.label --l rh.entorhinal_exvivo.thresh.label --a BA_exvivo.thresh --maxstatwinner --noverbose 
sysname  Linux
hostname dna074
machine  x86_64
user     oesteban

subject sub-v2s9x29161_ses-1
hemi    rh
SUBJECTS_DIR /out/sourcedata/freesurfer
ColorTable /opt/freesurfer/average/colortable_BA.txt
AnnotName  BA_exvivo.thresh
nlables 14
LabelThresh 0 0.000000
Loading /out/sourcedata/freesurfer/sub-v2s9x29161_ses-1/surf/rh.orig
 1 1530880 BA1_exvivo
 2 16749699 BA2_exvivo
 3 16711680 BA3a_exvivo
 4 3368703 BA3b_exvivo
 5 1376196 BA4a_exvivo
 6 13382655 BA4p_exvivo
 7 10036737 BA6_exvivo
 8 2490521 BA44_exvivo
 9 39283 BA45_exvivo
10 3993 V1_exvivo
11 8508928 V2_exvivo
12 10027163 MT_exvivo
13 16422433 perirhinal_exvivo
14 16392598 entorhinal_exvivo
Mapping unhit to unknown
Found 99045 unhit vertices
Writing annot to /out/sourcedata/freesurfer/sub-v2s9x29161_ses-1/label/rh.BA_exvivo.thresh.annot

 mris_anatomical_stats -th3 -mgz -noglobal -f ../stats/rh.BA_exvivo.stats -b -a ./rh.BA_exvivo.annot -c ./BA_exvivo.ctab sub-v2s9x29161_ses-1 rh white 

computing statistics for each annotation in ./rh.BA_exvivo.annot.
reading volume /out/sourcedata/freesurfer/sub-v2s9x29161_ses-1/mri/wm.mgz...
reading input surface /out/sourcedata/freesurfer/sub-v2s9x29161_ses-1/surf/rh.white...
reading input pial surface /out/sourcedata/freesurfer/sub-v2s9x29161_ses-1/surf/rh.pial...
reading input white surface /out/sourcedata/freesurfer/sub-v2s9x29161_ses-1/surf/rh.white...
INFO: using TH3 volume calc
INFO: assuming MGZ format for volumes.
INFO: not computing global stats
Using TH3 vertex volume calc
Total face volume 275103
Total vertex volume 274908 (mask=0)
Saving annotation colortable ./BA_exvivo.ctab

table columns are:
    number of vertices
    total surface area (mm^2)
    total gray matter volume (mm^3)
    average cortical thickness +- standard deviation (mm)
    integrated rectified mean curvature
    integrated rectified Gaussian curvature
    folding index
    intrinsic curvature index
    structure name

  772    609   2182  2.510 0.640     0.157     0.032       12     1.1  BA1_exvivo
 2608   1759   5065  2.639 0.550     0.098     0.017       19     1.8  BA2_exvivo
 1026    665   1092  2.012 0.474     0.118     0.020        8     0.9  BA3a_exvivo
 1745   1255   2995  1.965 0.663     0.104     0.021       15     1.4  BA3b_exvivo
 1454   1015   3203  2.721 0.481     0.112     0.019       11     1.2  BA4a_exvivo
 1118    740   1798  2.510 0.535     0.084     0.016        7     0.6  BA4p_exvivo
 7179   5270  20439  3.088 0.696     0.124     0.025       77     7.4  BA6_exvivo
 3217   2293   7046  2.829 0.612     0.108     0.019       30     2.4  BA44_exvivo
 3804   2838  11703  3.208 0.754     0.126     0.029       52     3.9  BA45_exvivo
 3577   2768   6293  2.224 0.607     0.135     0.033       41     5.1  V1_exvivo
 7777   5681  15474  2.365 0.662     0.141     0.032      116    10.2  V2_exvivo
 1967   1370   4123  2.814 0.527     0.122     0.025       21     2.1  MT_exvivo
  291    211    674  2.626 0.888     0.080     0.012        1     0.1  perirhinal_exvivo
  528    360   1910  3.253 1.037     0.115     0.022        5     0.6  entorhinal_exvivo

 mris_anatomical_stats -th3 -mgz -f ../stats/rh.BA_exvivo.thresh.stats -noglobal -b -a ./rh.BA_exvivo.thresh.annot -c ./BA_exvivo.thresh.ctab sub-v2s9x29161_ses-1 rh white 

computing statistics for each annotation in ./rh.BA_exvivo.thresh.annot.
reading volume /out/sourcedata/freesurfer/sub-v2s9x29161_ses-1/mri/wm.mgz...
reading input surface /out/sourcedata/freesurfer/sub-v2s9x29161_ses-1/surf/rh.white...
reading input pial surface /out/sourcedata/freesurfer/sub-v2s9x29161_ses-1/surf/rh.pial...
reading input white surface /out/sourcedata/freesurfer/sub-v2s9x29161_ses-1/surf/rh.white...
INFO: using TH3 volume calc
INFO: assuming MGZ format for volumes.
INFO: not computing global stats
Using TH3 vertex volume calc
Total face volume 275103
Total vertex volume 274908 (mask=0)
Saving annotation colortable ./BA_exvivo.thresh.ctab

table columns are:
    number of vertices
    total surface area (mm^2)
    total gray matter volume (mm^3)
    average cortical thickness +- standard deviation (mm)
    integrated rectified mean curvature
    integrated rectified Gaussian curvature
    folding index
    intrinsic curvature index
    structure name

  527    380   1143  2.233 0.632     0.148     0.034        8     0.7  BA1_exvivo
 1563   1091   3439  2.707 0.518     0.098     0.016       11     1.2  BA2_exvivo
  915    581    811  2.000 0.452     0.121     0.019        6     0.8  BA3a_exvivo
 1396    967   1775  1.737 0.458     0.079     0.014        7     0.8  BA3b_exvivo
  945    677   2331  2.773 0.506     0.126     0.022       10     0.8  BA4a_exvivo
  922    621   1384  2.424 0.514     0.074     0.015        3     0.5  BA4p_exvivo
 4761   3503  13224  2.989 0.669     0.123     0.025       51     4.9  BA6_exvivo
  893    678   2282  2.665 0.678     0.121     0.025       12     0.8  BA44_exvivo
 1051    842   4173  3.605 0.776     0.143     0.035       19     1.3  BA45_exvivo
 3432   2615   5775  2.209 0.614     0.134     0.033       40     5.0  V1_exvivo
 3985   3028   7707  2.258 0.623     0.149     0.038       66     6.0  V2_exvivo
  272    197    701  3.112 0.399     0.134     0.022        3     0.3  MT_exvivo
   22     14     36  2.676 0.431     0.055     0.006        0     0.0  perirhinal_exvivo
  515    351   1679  3.224 0.939     0.096     0.015        3     0.4  entorhinal_exvivo

Started at Sat Mar 14 12:50:00 CET 2026 
Ended   at Sat Mar 14 12:52:08 CET 2026
#@#%# recon-all-run-time-hours 0.036
recon-all -s sub-v2s9x29161_ses-1 finished without error at Sat Mar 14 12:52:08 CET 2026
