#!ascii label  , from subject sub-v2s9x29171_ses-1 vox2ras=TkReg
2311
106482  -2.945  -38.298  30.736 0.6250000000
31463  -3.235  -38.004  31.251 0.6250000000
31473  -3.266  -37.810  30.248 0.6250000000
31474  -3.722  -37.127  30.684 0.5000000000
31485  -3.255  -38.014  29.336 0.6250000000
111667  -3.415  -37.492  29.613 0.6250000000
32315  -3.637  -36.983  29.809 0.5000000000
32305  -4.258  -36.426  31.058 0.5000000000
109000  -3.545  -37.166  29.096 0.6250000000
32329  -3.913  -36.191  29.108 0.6250000000
32316  -4.037  -36.227  30.148 0.5000000000
30633  -3.584  -38.132  27.694 0.5000000000
33133  -4.683  -34.880  30.356 0.5000000000
33110  -4.645  -35.795  31.372 0.5000000000
33132  -4.359  -35.302  29.686 0.5000000000
33944  -4.992  -34.314  30.506 0.5000000000
33955  -4.728  -34.469  29.756 0.5000000000
33966  -4.874  -34.101  29.060 0.6250000000
98798  -5.215  -33.559  28.976 0.6250000000
34774  -5.107  -33.766  29.740 0.5000000000
34765  -5.644  -33.071  30.632 0.1250000000
34775  -5.433  -33.269  29.981 0.3750000000
34783  -5.527  -33.144  28.528 0.6250000000
35584  -6.171  -32.300  30.686 0.1250000000
100041  -5.919  -32.511  28.775 0.5000000000
35594  -5.841  -32.582  29.773 0.2500000000
100047  -6.150  -32.196  28.096 0.6250000000
35613  -6.169  -32.301  27.414 0.6250000000
37987  -24.315  -29.235  27.655 0.3750000000
36402  -6.385  -31.771  29.957 0.1250000000
93350  -23.705  -29.124  27.115 0.3750000000
108145  -24.817  -29.566  27.477 0.3750000000
104390  -6.217  -31.978  29.248 0.3750000000
37999  -23.501  -29.343  26.496 0.3750000000
37178  -24.184  -29.499  27.024 0.3750000000
37183  -24.891  -29.882  26.839 0.3750000000
36406  -6.362  -31.737  28.555 0.6250000000
38016  -22.714  -29.331  25.001 0.7500000000
38008  -22.759  -29.163  25.938 0.5000000000
37188  -24.109  -29.894  26.230 0.5000000000
37189  -24.960  -30.170  25.904 0.5000000000
37191  -26.916  -30.185  26.416 0.5000000000
37192  -27.655  -30.136  25.986 0.3750000000
36413  -6.468  -31.754  26.890 0.7500000000
38009  -23.401  -29.624  25.616 0.7500000000
37195  -24.142  -30.056  25.227 0.7500000000
95481  -25.014  -30.206  24.848 0.6250000000
37190  -25.958  -30.301  25.565 0.5000000000
37197  -26.937  -30.247  25.075 0.5000000000
38010  -28.180  -29.947  25.782 0.3750000000
38020  -28.287  -29.407  24.519 0.3750000000
38915  -28.736  -28.863  24.869 0.3750000000
36414  -6.713  -31.123  26.374 0.7500000000
99548  -22.103  -29.134  24.565 0.8750000000
38017  -23.421  -29.678  24.569 0.8750000000
38018  -24.195  -30.063  24.169 0.7500000000
37202  -25.059  -30.163  23.817 0.7500000000
37196  -25.939  -30.221  24.471 0.5000000000
95801  -27.177  -29.896  24.093 0.5000000000
38934  -27.688  -29.111  23.692 0.3750000000
38924  -28.542  -28.700  24.079 0.3750000000
108224  -29.006  -28.229  24.516 0.3750000000
38024  -22.632  -29.287  23.914 0.8750000000
38025  -23.473  -29.635  23.537 0.7500000000
38026  -24.303  -29.971  23.186 0.7500000000
97513  -26.566  -30.052  24.098 0.5000000000
37205  -26.787  -29.424  23.224 0.6250000000
102558  -27.308  -29.536  23.696 0.6250000000
38935  -28.004  -28.232  23.271 0.3750000000
38035  -23.568  -29.532  22.593 1.0000000000
37211  -25.210  -30.007  22.850 0.7500000000
37212  -25.904  -29.732  22.659 0.8750000000
38037  -26.940  -29.076  23.010 0.6250000000
103112  -27.186  -28.609  22.714 0.5000000000
38933  -22.809  -29.121  21.982 1.0000000000
38046  -24.773  -29.617  21.328 1.0000000000
37223  -25.333  -29.644  21.967 0.8750000000
37225  -25.989  -28.822  21.899 0.7500000000
102931  -26.445  -28.654  22.044 0.7500000000
38045  -23.748  -29.438  21.668 1.0000000000
37240  -25.676  -28.880  21.098 0.7500000000
38059  -26.335  -28.325  21.157 0.6250000000
38944  -26.814  -28.259  21.805 0.6250000000
38943  -23.105  -29.052  21.054 1.0000000000
38056  -25.076  -29.410  20.487 1.0000000000
38057  -25.503  -28.914  20.464 0.8750000000
38958  -26.055  -28.366  20.468 0.7500000000
38055  -24.071  -29.396  20.760 1.0000000000
38066  -25.105  -29.027  19.972 1.0000000000
38067  -25.551  -28.567  19.864 0.8750000000
38068  -25.782  -28.377  19.832 0.8750000000
38957  -23.452  -29.025  20.294 1.0000000000
111905  -24.845  -28.913  19.289 1.0000000000
38082  -25.570  -28.405  19.126 0.8750000000
38984  -25.830  -28.054  19.031 0.8750000000
38969  -23.414  -28.669  19.562 1.0000000000
38981  -23.352  -28.435  18.605 1.0000000000
38982  -25.385  -28.763  18.343 1.0000000000
100932  -25.852  -27.903  18.580 1.0000000000
105711  -22.601  -27.935  18.584 1.0000000000
99297  -24.104  -29.029  18.251 1.0000000000
38998  -24.753  -29.221  17.612 1.0000000000
38999  -25.591  -28.787  17.358 1.0000000000
39944  -25.828  -27.956  17.791 1.0000000000
38076  -11.297  -29.471  18.163 0.1250000000
38991  -11.826  -28.944  17.708 0.1250000000
38997  -23.646  -28.876  17.672 1.0000000000
95727  -24.119  -29.230  16.712 1.0000000000
39014  -24.932  -29.203  16.024 1.0000000000
39973  -21.604  -27.852  16.870 1.0000000000
39974  -22.414  -28.378  16.566 1.0000000000
39013  -24.030  -29.202  15.739 1.0000000000
94043  -13.669  -28.771  17.239 0.1250000000
109784  -14.991  -29.298  17.341 0.1250000000
38994  -15.266  -28.719  16.917 0.1250000000
39985  -21.770  -28.027  15.946 1.0000000000
39012  -22.927  -28.723  15.567 1.0000000000
39029  -23.950  -29.088  14.860 1.0000000000
40944  -20.261  -26.517  13.921 0.8750000000
104294  -21.385  -27.587  15.264 1.0000000000
39999  -22.248  -28.215  13.836 1.0000000000
39043  -23.049  -28.614  13.537 1.0000000000
39011  -17.020  -28.606  15.720 0.3750000000
40011  -20.353  -27.000  13.040 0.8750000000
39998  -21.509  -27.636  14.248 0.8750000000
39055  -21.687  -28.305  12.704 0.8750000000
39057  -23.692  -28.634  12.915 0.8750000000
39041  -17.496  -28.089  14.535 0.6250000000
39995  -17.785  -27.217  14.077 0.6250000000
36403  -6.700  -31.169  29.276 0.5000000000
37997  -22.236  -28.365  26.559 0.5000000000
38007  -22.154  -28.698  26.026 0.5000000000
37998  -22.994  -28.844  26.712 0.5000000000
36409  -6.425  -31.639  27.734 0.6250000000
38006  -21.591  -28.195  25.906 0.5000000000
36410  -6.715  -30.954  27.222 0.7500000000
38015  -22.039  -29.034  25.322 0.6250000000
39884  -28.831  -27.828  23.835 0.3750000000
37194  -7.149  -30.434  25.144 0.8750000000
38903  -21.454  -28.551  25.370 0.6250000000
38912  -20.809  -28.407  24.561 0.7500000000
111388  -21.213  -28.728  24.029 0.8750000000
38914  -21.787  -28.983  23.931 0.8750000000
38923  -22.098  -28.959  23.141 0.8750000000
39898  -29.154  -26.873  23.574 0.2500000000
39897  -28.462  -27.363  22.919 0.3750000000
38022  -7.541  -29.733  23.823 0.7500000000
38921  -20.708  -28.432  23.646 0.8750000000
38930  -20.775  -28.351  22.669 0.8750000000
106439  -22.286  -28.948  22.470 1.0000000000
38945  -27.585  -27.828  22.408 0.3750000000
38023  -7.967  -29.054  23.334 0.7500000000
111334  -21.133  -28.312  21.966 0.8750000000
38931  -21.650  -28.606  22.436 1.0000000000
38959  -26.579  -28.029  20.986 0.5000000000
39909  -27.294  -27.539  21.546 0.5000000000
38043  -8.315  -29.628  21.508 0.5000000000
38941  -21.649  -28.446  21.598 1.0000000000
38942  -22.311  -28.660  21.267 1.0000000000
39919  -27.085  -27.264  20.734 0.5000000000
38952  -9.448  -28.741  20.619 0.6250000000
38956  -22.644  -28.461  20.292 1.0000000000
38971  -26.442  -27.801  20.171 0.7500000000
38953  -10.034  -28.351  20.274 0.6250000000
39945  -26.282  -27.276  18.337 1.0000000000
39931  -26.316  -27.608  19.252 0.8750000000
38967  -10.382  -28.685  19.526 0.5000000000
39930  -22.102  -27.551  18.945 1.0000000000
38968  -22.698  -28.081  19.317 1.0000000000
109281  -10.808  -28.968  18.757 0.3750000000
38978  -11.384  -28.522  18.349 0.5000000000
39942  -21.481  -27.338  18.452 1.0000000000
38980  -22.783  -28.239  17.913 1.0000000000
40907  -25.921  -27.135  16.617 1.0000000000
40905  -19.585  -26.447  17.495 1.0000000000
40896  -20.160  -26.948  18.133 1.0000000000
40906  -20.317  -26.877  17.298 1.0000000000
39956  -20.852  -27.230  17.904 1.0000000000
39957  -21.507  -27.583  17.658 1.0000000000
39975  -25.962  -27.797  16.075 1.0000000000
39015  -25.628  -28.643  16.401 1.0000000000
38992  -12.477  -28.505  17.516 0.1250000000
110890  -12.997  -28.868  17.349 0.1250000000
39972  -20.954  -27.355  17.124 1.0000000000
39958  -22.181  -28.070  17.383 1.0000000000
39031  -25.584  -28.465  15.599 1.0000000000
101972  -13.979  -27.905  16.909 0.2500000000
39009  -14.837  -27.816  16.569 0.1250000000
95453  -15.686  -28.229  16.381 0.1250000000
40919  -19.769  -26.363  16.486 1.0000000000
98267  -20.226  -26.607  15.862 1.0000000000
103668  -21.107  -27.507  16.345 1.0000000000
40000  -25.040  -27.678  14.018 0.8750000000
39045  -24.724  -28.599  14.359 1.0000000000
39025  -16.257  -27.858  15.725 0.1250000000
40933  -20.308  -26.550  15.043 1.0000000000
40921  -20.806  -27.102  15.681 1.0000000000
39058  -24.455  -28.273  13.401 0.7500000000
39983  -16.609  -27.099  15.180 0.6250000000
39984  -17.168  -27.157  14.648 0.7500000000
40943  -19.458  -26.209  13.896 0.7500000000
96369  -24.373  -28.327  12.462 0.7500000000
39073  -24.529  -28.319  11.971 0.7500000000
36407  -6.813  -30.793  28.236 0.5000000000
37996  -21.536  -27.837  26.396 0.5000000000
38901  -20.115  -27.396  25.528 0.6250000000
38900  -19.114  -26.834  25.485 0.6250000000
37187  -7.053  -30.464  25.953 0.8750000000
38902  -20.860  -27.987  25.307 0.6250000000
97668  -19.378  -27.278  25.004 0.7500000000
38911  -19.944  -27.808  24.705 0.7500000000
38919  -19.041  -27.395  24.360 0.7500000000
38013  -7.546  -29.694  24.730 0.8750000000
38920  -19.445  -27.933  23.835 0.7500000000
99927  -20.137  -28.181  24.007 0.8750000000
38917  -8.606  -28.402  23.836 0.7500000000
38929  -19.943  -28.211  23.132 0.8750000000
40841  -28.760  -26.422  22.670 0.3750000000
39910  -28.065  -26.953  22.095 0.3750000000
38032  -8.067  -29.258  22.384 0.7500000000
39896  -20.461  -28.177  21.809 0.8750000000
39907  -20.181  -27.912  21.028 0.8750000000
40856  -28.394  -26.036  21.867 0.3750000000
38927  -9.088  -28.029  22.431 0.7500000000
38939  -9.215  -28.322  21.497 0.7500000000
39908  -21.003  -28.190  21.272 1.0000000000
40871  -27.439  -26.350  20.573 0.3750000000
39920  -27.698  -26.632  21.344 0.3750000000
38940  -9.798  -27.912  21.080 0.7500000000
107340  -20.884  -27.946  20.637 1.0000000000
106972  -21.657  -28.185  20.691 1.0000000000
39932  -26.978  -26.992  19.843 0.3750000000
39915  -10.396  -27.622  20.669 0.6250000000
97263  -21.185  -27.638  20.029 1.0000000000
38955  -21.965  -27.823  19.772 1.0000000000
40897  -26.450  -26.295  18.106 1.0000000000
39946  -26.845  -26.704  18.980 0.8750000000
109635  -10.507  -28.002  19.981 0.6250000000
38954  -10.997  -28.052  19.315 0.6250000000
39928  -20.647  -27.271  19.524 1.0000000000
39929  -21.405  -27.337  19.268 1.0000000000
39939  -11.611  -27.591  18.694 0.6250000000
39941  -20.788  -27.161  18.717 1.0000000000
107552  -25.773  -26.448  16.570 1.0000000000
40908  -26.033  -26.324  17.160 1.0000000000
40895  -19.407  -26.617  18.387 1.0000000000
39940  -12.211  -27.161  18.281 0.5000000000
39953  -12.577  -27.613  17.641 0.3750000000
41756  -18.952  -25.920  16.822 1.0000000000
39988  -25.752  -27.615  15.455 1.0000000000
101739  -13.192  -28.036  17.247 0.2500000000
41769  -18.997  -25.779  15.816 1.0000000000
40932  -19.707  -26.158  15.447 0.8750000000
40001  -25.428  -27.334  14.863 0.8750000000
39971  -15.501  -27.342  16.087 0.3750000000
39982  -16.027  -26.809  15.652 0.6250000000
41781  -19.032  -25.728  14.719 0.8750000000
40954  -24.762  -26.907  13.521 0.8750000000
108336  -17.015  -26.427  14.934 0.6250000000
40941  -17.645  -26.200  14.570 0.7500000000
40942  -18.523  -26.288  13.992 0.7500000000
40023  -24.504  -27.607  11.947 0.7500000000
104458  -7.418  -29.950  28.352 0.6250000000
37176  -7.277  -30.013  27.431 0.6250000000
37182  -6.990  -30.467  26.682 0.6250000000
39857  -14.810  -25.294  25.545 0.8750000000
99316  -8.051  -29.135  26.119 0.8750000000
93081  -14.674  -25.297  24.803 1.0000000000
39867  -15.550  -25.493  24.120 1.0000000000
38908  -17.256  -26.142  24.897 0.8750000000
38909  -17.915  -26.602  24.729 0.8750000000
38910  -18.627  -26.893  24.854 0.7500000000
39877  -13.553  -25.560  24.141 1.0000000000
39868  -16.881  -26.297  24.197 0.8750000000
39869  -18.113  -27.062  24.143 0.7500000000
39876  -12.660  -25.780  24.149 1.0000000000
93568  -16.329  -25.989  23.960 0.8750000000
99044  -17.470  -26.603  24.351 0.8750000000
39882  -18.652  -27.676  23.556 0.8750000000
40832  -14.202  -25.574  23.476 1.0000000000
39878  -15.157  -25.626  23.464 1.0000000000
39879  -16.013  -25.962  23.515 0.8750000000
93345  -17.319  -26.821  23.808 0.8750000000
39881  -17.824  -27.370  23.333 0.8750000000
39883  -19.162  -28.028  23.089 0.8750000000
40842  -29.470  -25.948  23.228 0.2500000000
38918  -9.153  -27.860  23.383 1.0000000000
40831  -13.226  -25.731  23.459 1.0000000000
39892  -16.409  -26.451  23.098 0.8750000000
40840  -16.821  -26.878  22.478 0.8750000000
107943  -17.641  -27.334  22.493 0.8750000000
39895  -19.398  -28.054  22.366 0.8750000000
40857  -28.906  -25.466  22.509 0.2500000000
39887  -9.553  -27.470  22.917 0.8750000000
39891  -15.625  -26.040  23.008 1.0000000000
39905  -18.240  -27.426  21.686 0.8750000000
92773  -19.006  -27.765  21.693 0.8750000000
96031  -19.737  -28.024  21.678 0.8750000000
41705  -28.513  -25.095  21.774 0.3750000000
38928  -9.716  -27.463  22.091 0.8750000000
40853  -17.391  -27.062  21.658 0.8750000000
41716  -27.580  -25.390  20.496 0.3750000000
39903  -10.309  -27.173  21.519 0.7500000000
97370  -10.912  -26.885  21.061 0.7500000000
40855  -18.726  -27.343  20.924 1.0000000000
110901  -19.197  -27.400  20.660 1.0000000000
39918  -20.425  -27.536  20.256 1.0000000000
40884  -27.237  -26.085  19.723 0.5000000000
41729  -27.268  -25.118  19.706 0.3750000000
39916  -10.957  -27.388  20.202 0.6250000000
40862  -11.586  -26.608  20.543 0.7500000000
40869  -19.034  -27.093  20.143 1.0000000000
39917  -19.663  -27.455  20.511 1.0000000000
40898  -26.955  -25.755  18.919 0.8750000000
39926  -11.437  -27.117  19.596 0.6250000000
40882  -19.222  -26.819  19.250 1.0000000000
40883  -20.023  -27.046  18.961 1.0000000000
41742  -26.556  -25.359  18.366 0.8750000000
40876  -11.894  -26.510  19.763 0.7500000000
40877  -12.405  -26.176  19.436 0.8750000000
40894  -18.640  -26.348  18.648 1.0000000000
41757  -26.166  -25.435  17.673 1.0000000000
39927  -11.889  -26.695  19.003 0.5000000000
40892  -12.513  -26.334  18.641 0.6250000000
41740  -18.077  -25.828  18.036 1.0000000000
41741  -18.831  -26.119  17.771 1.0000000000
41771  -25.772  -25.523  16.917 1.0000000000
40902  -12.745  -26.716  17.911 0.5000000000
40903  -13.362  -26.483  17.579 0.7500000000
41755  -18.188  -25.656  17.136 1.0000000000
41783  -25.009  -25.734  15.860 1.0000000000
41770  -25.535  -26.133  16.272 1.0000000000
107209  -13.069  -27.194  17.431 0.5000000000
40904  -14.030  -26.337  17.151 0.5000000000
41779  -17.603  -25.543  15.596 0.7500000000
41799  -24.565  -26.162  14.332 0.8750000000
41782  -24.627  -25.700  15.189 0.8750000000
39970  -14.944  -26.931  16.361 0.5000000000
40917  -15.510  -26.440  16.189 0.6250000000
40918  -16.126  -25.918  15.940 0.7500000000
41778  -16.869  -25.586  15.815 0.7500000000
40930  -16.614  -26.231  15.392 0.6250000000
40931  -17.259  -25.830  15.184 0.7500000000
41791  -18.248  -25.761  14.648 0.7500000000
37994  -8.046  -29.218  27.010 0.7500000000
110551  -8.578  -28.560  25.859 0.8750000000
111694  -8.910  -28.190  25.301 1.0000000000
38005  -8.145  -28.945  25.222 0.8750000000
38906  -8.613  -28.434  24.627 1.0000000000
38907  -9.452  -27.679  24.520 1.0000000000
39865  -12.954  -25.712  24.792 1.0000000000
39866  -13.769  -25.428  24.788 1.0000000000
97573  -11.284  -26.444  24.640 1.0000000000
39873  -9.891  -27.258  23.694 1.0000000000
39875  -11.723  -26.117  24.042 1.0000000000
40830  -12.186  -25.873  23.344 1.0000000000
39889  -11.107  -26.375  23.043 1.0000000000
39890  -14.755  -25.813  22.924 1.0000000000
97375  -10.380  -26.822  22.321 1.0000000000
39904  -10.937  -26.511  21.993 0.8750000000
40836  -11.689  -26.156  22.495 1.0000000000
40837  -13.841  -25.790  22.823 1.0000000000
104478  -14.326  -26.034  22.264 1.0000000000
40838  -15.162  -26.201  22.357 1.0000000000
40839  -16.012  -26.493  22.430 1.0000000000
111223  -12.694  -25.990  22.365 1.0000000000
107237  -13.568  -26.022  22.120 1.0000000000
40852  -16.546  -26.659  21.594 1.0000000000
40867  -17.256  -26.634  20.675 1.0000000000
40854  -17.974  -27.094  21.019 1.0000000000
44225  -27.227  -22.580  19.975 0.5000000000
43414  -27.178  -23.354  19.856 0.5000000000
95558  -27.612  -24.494  20.479 0.3750000000
40848  -11.635  -26.335  21.606 1.0000000000
40849  -12.251  -26.206  21.266 1.0000000000
40850  -13.026  -26.090  21.394 1.0000000000
40865  -14.187  -25.921  20.686 1.0000000000
101625  -15.138  -25.971  20.616 1.0000000000
40866  -16.199  -26.257  20.703 1.0000000000
40868  -18.173  -26.877  20.319 1.0000000000
42584  -26.784  -23.894  19.025 0.6250000000
42578  -27.212  -24.216  19.741 0.7500000000
40864  -13.339  -25.963  20.587 1.0000000000
41715  -15.821  -25.782  19.846 1.0000000000
40879  -16.732  -26.066  19.856 1.0000000000
40880  -17.590  -26.359  19.717 1.0000000000
42583  -26.319  -24.512  18.247 0.8750000000
40863  -12.450  -26.171  20.420 1.0000000000
41712  -13.672  -25.692  19.727 1.0000000000
41714  -15.020  -25.636  19.760 1.0000000000
41727  -17.070  -25.822  19.063 1.0000000000
40881  -18.424  -26.602  19.501 1.0000000000
42590  -25.476  -24.473  17.090 1.0000000000
42591  -25.888  -24.753  17.501 1.0000000000
108050  -12.930  -25.881  19.829 0.8750000000
41725  -15.319  -25.458  18.955 1.0000000000
41726  -16.264  -25.641  19.099 1.0000000000
41738  -16.557  -25.540  18.456 1.0000000000
41739  -17.217  -25.591  18.132 1.0000000000
43442  -24.899  -23.917  16.770 1.0000000000
41723  -13.688  -25.620  18.742 0.8750000000
41737  -14.466  -25.509  18.370 1.0000000000
94482  -15.893  -25.427  18.309 1.0000000000
43451  -24.439  -24.102  16.033 1.0000000000
42600  -25.359  -25.205  16.536 1.0000000000
40893  -13.107  -25.992  18.257 0.7500000000
41750  -13.810  -25.845  17.882 0.7500000000
107896  -15.232  -25.427  18.015 0.7500000000
41753  -16.263  -25.402  17.582 0.8750000000
41754  -16.968  -25.408  17.242 1.0000000000
107338  -17.574  -25.543  17.427 1.0000000000
42617  -23.985  -24.351  15.322 1.0000000000
42608  -24.542  -24.949  15.603 1.0000000000
41764  -14.865  -26.193  16.712 0.6250000000
111031  -15.930  -25.485  16.961 0.7500000000
41766  -16.437  -25.500  16.620 0.7500000000
42616  -23.529  -24.586  14.504 1.0000000000
41765  -15.677  -25.793  16.543 0.7500000000
38896  -9.164  -28.011  26.060 1.0000000000
38897  -9.621  -27.607  25.500 1.0000000000
44233  -26.315  -22.563  18.673 0.6250000000
43423  -26.729  -22.994  19.202 0.6250000000
44242  -25.806  -22.933  18.034 1.0000000000
43422  -26.281  -23.464  18.480 0.8750000000
43430  -25.361  -23.387  17.402 1.0000000000
44255  -24.862  -22.807  16.984 1.0000000000
44266  -23.955  -22.644  15.919 1.0000000000
43450  -23.936  -23.500  15.688 1.0000000000
45112  -25.944  -22.070  18.219 0.7500000000
101993  -26.085  -21.393  18.372 0.6250000000
44241  -25.395  -22.255  17.583 1.0000000000
106704  -25.680  -21.581  17.904 0.7500000000
44254  -24.431  -22.266  16.471 1.0000000000
45129  -24.848  -21.817  17.003 1.0000000000
45111  -25.278  -21.342  17.453 0.7500000000
43449  -23.490  -22.963  15.306 1.0000000000
45139  -24.065  -21.807  15.951 1.0000000000
44265  -23.597  -22.165  15.419 1.0000000000
45138  -23.716  -21.397  15.419 1.0000000000
45940  -25.700  -20.981  17.886 0.6250000000
45939  -25.232  -20.602  17.368 0.8750000000
106916  -24.158  -21.148  15.852 1.0000000000
45956  -24.817  -20.963  16.878 1.0000000000
99019  -23.379  -20.956  14.823 1.0000000000
45925  -26.180  -20.702  18.494 0.6250000000
46728  -25.644  -20.265  17.865 0.6250000000
45916  -26.483  -20.154  19.072 0.3750000000
46744  -24.802  -20.142  16.759 0.8750000000
45955  -24.412  -20.547  16.087 1.0000000000
45963  -23.838  -20.677  15.434 1.0000000000
45970  -22.970  -20.487  14.249 1.0000000000
46716  -25.964  -19.767  18.451 0.5000000000
96053  -26.166  -19.104  19.138 0.3750000000
46745  -25.180  -19.829  17.334 0.6250000000
46727  -25.477  -19.391  17.892 0.6250000000
47532  -25.686  -18.671  18.509 0.5000000000
46757  -24.397  -19.561  16.063 0.8750000000
47555  -24.725  -19.089  16.803 0.7500000000
47556  -25.095  -19.044  17.449 0.6250000000
46756  -23.925  -19.891  15.455 0.8750000000
96347  -23.456  -20.172  14.837 1.0000000000
47567  -24.260  -18.528  16.041 0.6250000000
46766  -23.442  -19.339  14.826 0.7500000000
47566  -23.856  -18.927  15.419 0.7500000000
108064  -22.676  -19.305  13.825 1.0000000000
47573  -23.007  -18.920  14.228 0.8750000000
47582  -22.605  -18.635  13.614 1.0000000000
46775  -22.211  -19.256  13.223 1.0000000000
47544  -24.890  -18.175  17.327 0.6250000000
98796  -24.513  -17.929  16.654 0.6250000000
107184  -24.239  -17.665  16.021 0.6250000000
48340  -24.476  -17.051  16.385 0.6250000000
97260  -23.868  -17.836  15.358 0.6250000000
47591  -22.108  -18.383  12.887 0.8750000000
48352  -22.988  -18.234  13.996 0.8750000000
48358  -22.674  -17.733  13.359 0.8750000000
47590  -21.678  -18.128  12.075 0.8750000000
48350  -24.212  -17.003  15.660 0.6250000000
107145  -23.616  -17.524  14.631 0.7500000000
49124  -23.948  -16.945  14.911 0.7500000000
49964  -24.837  -15.803  15.636 0.3750000000
49143  -23.205  -16.937  13.455 0.8750000000
49134  -23.659  -16.896  14.162 0.7500000000
49125  -24.402  -16.295  15.247 0.6250000000
109273  -22.737  -17.021  12.840 0.8750000000
49144  -23.819  -16.280  13.520 0.8750000000
49135  -24.242  -16.207  14.345 0.8750000000
49158  -23.360  -16.314  12.572 0.8750000000
109456  -24.018  -15.819  12.216 0.8750000000
104955  -25.315  -15.597  15.193 0.5000000000
49991  -24.981  -15.680  14.041 0.6250000000
97067  -26.109  -15.527  15.081 0.6250000000
93577  -32.216  -15.646  16.108 0.1250000000
108577  -24.487  -15.865  13.597 0.8750000000
49992  -25.929  -15.482  13.694 0.6250000000
49999  -25.254  -15.565  13.215 0.8750000000
50000  -26.238  -15.433  12.874 0.8750000000
49993  -26.886  -15.455  13.416 0.7500000000
49136  -28.626  -15.667  13.480 0.3750000000
49137  -29.231  -15.712  13.866 0.2500000000
49138  -29.863  -15.796  13.997 0.2500000000
49139  -30.503  -15.804  14.133 0.2500000000
49159  -24.405  -15.762  12.775 0.8750000000
50008  -25.502  -15.415  12.331 1.0000000000
49160  -26.518  -15.464  12.051 0.7500000000
110787  -27.789  -15.657  12.517 0.7500000000
49145  -28.407  -15.726  12.797 0.5000000000
49146  -29.214  -15.818  13.234 0.3750000000
49147  -29.996  -15.955  13.492 0.2500000000
49176  -24.722  -15.540  11.733 0.8750000000
49177  -25.813  -15.478  11.316 1.0000000000
49178  -26.797  -15.625  11.299 0.8750000000
49161  -27.354  -15.647  11.964 0.8750000000
49162  -28.060  -15.799  12.100 0.7500000000
49163  -28.756  -15.901  12.436 0.6250000000
100654  -26.308  -15.688  10.705 0.8750000000
49197  -26.918  -15.811  10.610 0.8750000000
106951  -27.992  -16.128  11.032 0.8750000000
49216  -26.785  -16.053  9.928 0.8750000000
49247  -26.081  -16.096  7.922 0.8750000000
49261  -25.833  -15.670  7.014 0.8750000000
106831  -32.651  -15.629  16.375 0.1250000000
49114  -33.222  -15.607  16.590 0.1250000000
49130  -32.440  -15.625  15.689 0.1250000000
93581  -31.263  -15.738  14.732 0.2500000000
49140  -32.069  -15.678  15.060 0.1250000000
49148  -30.772  -15.916  13.776 0.2500000000
49164  -29.484  -16.044  12.789 0.6250000000
49165  -30.120  -16.115  13.106 0.2500000000
49181  -29.012  -16.173  12.056 0.5000000000
49182  -29.848  -16.307  12.391 0.5000000000
95314  -29.311  -16.360  11.543 0.8750000000
49198  -27.462  -16.025  10.478 0.8750000000
94684  -28.078  -16.281  10.348 0.8750000000
48394  -26.577  -16.338  9.243 1.0000000000
49217  -27.309  -16.199  9.701 0.8750000000
49235  -27.823  -16.274  9.414 0.8750000000
49234  -27.107  -16.367  8.991 0.8750000000
49099  -33.534  -15.612  17.432 0.1250000000
49131  -32.999  -15.616  15.874 0.1250000000
49115  -33.941  -15.521  16.675 0.1250000000
49141  -32.696  -15.629  15.309 0.1250000000
49149  -31.638  -15.781  14.347 0.1250000000
95486  -30.606  -16.167  13.019 0.2500000000
49166  -31.322  -15.955  13.586 0.2500000000
49183  -30.593  -16.338  12.237 0.5000000000
49184  -31.285  -16.118  12.737 0.3750000000
49200  -30.081  -16.434  11.617 0.5000000000
49201  -30.734  -16.209  11.464 0.5000000000
50009  -31.335  -15.979  11.767 0.5000000000
50020  -30.441  -16.164  10.947 0.6250000000
50019  -29.764  -16.333  10.829 0.8750000000
49218  -28.922  -16.348  10.677 0.8750000000
50032  -29.484  -15.964  10.003 0.8750000000
50033  -30.390  -15.548  10.198 0.8750000000
50031  -28.610  -16.201  9.797 0.8750000000
50046  -29.184  -15.420  9.226 0.8750000000
50840  -28.882  -14.858  8.525 1.0000000000
49248  -26.873  -16.078  8.304 0.8750000000
50044  -27.625  -15.993  8.628 0.8750000000
50062  -28.151  -15.174  8.176 0.8750000000
107994  -28.548  -14.315  7.870 1.0000000000
50061  -27.387  -15.399  7.824 0.8750000000
49132  -33.623  -15.572  16.029 0.1250000000
97828  -32.918  -15.660  14.992 0.1250000000
49988  -33.350  -15.593  15.447 0.1250000000
49151  -32.346  -15.695  14.740 0.2500000000
49995  -32.750  -15.694  14.382 0.1250000000
50857  -29.274  -14.023  8.180 1.0000000000
93670  -33.526  -15.545  14.752 0.1250000000
49167  -31.847  -15.943  13.254 0.2500000000
49150  -32.048  -15.834  14.027 0.2500000000
50010  -32.131  -15.718  12.307 0.2500000000
50021  -31.123  -15.604  10.815 0.5000000000
50826  -30.712  -14.658  9.618 0.8750000000
50825  -29.976  -15.054  9.438 0.8750000000
50841  -29.621  -14.550  8.798 0.8750000000
51653  -30.035  -13.814  8.457 0.8750000000
51666  -28.800  -13.409  7.475 1.0000000000
52512  -29.626  -12.712  7.416 1.0000000000
50002  -32.599  -15.708  13.372 0.2500000000
98925  -33.298  -15.514  13.832 0.1250000000
50802  -32.673  -14.926  11.574 0.3750000000
50011  -32.974  -15.224  12.410 0.3750000000
50003  -33.269  -15.343  13.068 0.2500000000
50022  -31.941  -15.325  11.229 0.5000000000
50803  -33.392  -14.499  11.802 0.3750000000
50797  -33.630  -14.803  12.579 0.2500000000
50827  -31.414  -14.337  9.818 0.6250000000
50034  -31.071  -14.981  10.133 0.6250000000
50813  -31.680  -14.804  10.451 0.3750000000
50814  -32.404  -14.534  10.786 0.5000000000
50828  -32.129  -14.107  10.100 0.5000000000
51629  -32.825  -13.835  10.414 0.3750000000
50842  -30.353  -14.220  9.038 0.8750000000
50843  -31.075  -13.920  9.260 0.7500000000
51640  -31.827  -13.681  9.493 0.7500000000
51641  -32.583  -13.454  9.767 0.6250000000
51654  -30.758  -13.555  8.668 0.8750000000
107595  -31.524  -13.305  8.879 0.7500000000
52502  -32.679  -12.632  8.835 0.7500000000
51667  -29.777  -13.342  7.904 0.8750000000
51668  -30.433  -13.268  8.205 0.8750000000
51669  -31.164  -12.877  8.242 0.8750000000
52514  -32.633  -12.251  8.306 0.7500000000
52503  -33.365  -12.257  8.827 0.7500000000
92827  -30.414  -12.768  7.789 0.8750000000
97845  -31.100  -12.240  7.640 0.8750000000
53313  -32.525  -11.777  7.689 0.7500000000
52511  -28.929  -12.598  7.010 0.8750000000
52523  -30.314  -12.140  7.294 1.0000000000
53311  -31.002  -11.651  7.062 1.0000000000
53312  -31.769  -11.734  7.382 0.8750000000
95077  -30.905  -11.096  6.429 0.8750000000
50815  -33.092  -14.196  11.063 0.3750000000
51624  -33.811  -13.749  11.248 0.3750000000
51642  -33.362  -13.194  10.094 0.6250000000
52489  -33.021  -12.853  9.380 0.7500000000
52490  -33.758  -12.578  9.584 0.6250000000
52491  -34.479  -12.303  9.831 0.5000000000
53305  -33.932  -11.622  8.472 0.6250000000
95051  -33.245  -11.741  8.065 0.7500000000
53322  -32.407  -11.287  7.073 0.7500000000
53323  -33.131  -11.265  7.384 0.7500000000
53321  -31.667  -11.206  6.739 1.0000000000
54114  -32.289  -10.719  6.490 0.8750000000
52504  -34.174  -12.005  9.165 0.6250000000
53315  -34.404  -11.148  8.161 0.5000000000
53314  -33.851  -11.185  7.742 0.6250000000
54113  -31.544  -10.641  6.166 0.8750000000
96948  -32.929  -10.847  6.845 0.7500000000
54123  -31.383  -10.231  5.624 0.7500000000
54124  -32.189  -10.105  5.791 0.8750000000
54102  -35.768  -10.595  8.564 0.3750000000
54115  -33.716  -10.588  6.955 0.7500000000
54107  -34.617  -10.585  7.524 0.6250000000
54108  -35.476  -10.314  7.805 0.5000000000
54116  -34.551  -9.970  6.709 0.5000000000
54877  -33.799  -9.821  6.232 0.8750000000
94449  -30.755  -10.027  5.226 0.8750000000
54886  -31.548  -9.720  5.142 0.8750000000
54887  -32.421  -9.428  5.114 0.7500000000
54893  -33.275  -9.032  5.034 0.6250000000
54892  -32.592  -8.805  4.512 0.7500000000
55664  -32.724  -8.291  3.979 0.8750000000
56452  -36.143  -6.890  2.700 0.8750000000
57276  -36.825  -6.572  2.283 0.7500000000
98249  -37.724  -6.550  2.519 0.6250000000
57277  -38.593  -6.454  2.699 0.6250000000
54117  -35.275  -9.948  7.105 0.5000000000
94187  -35.862  -9.822  7.418 0.5000000000
54109  -36.294  -9.994  8.049 0.2500000000
54879  -35.249  -9.451  6.452 0.5000000000
54888  -33.097  -9.636  5.696 0.7500000000
54878  -34.595  -9.383  6.023 0.7500000000
54889  -34.683  -8.828  5.394 0.7500000000
55665  -33.386  -8.401  4.401 0.7500000000
55666  -34.081  -8.628  4.903 0.7500000000
55677  -34.333  -7.930  4.115 0.7500000000
55667  -35.364  -7.995  4.463 0.7500000000
56430  -36.120  -7.615  4.110 0.7500000000
108057  -34.623  -7.475  3.337 0.8750000000
56441  -36.760  -7.319  3.774 0.7500000000
56442  -37.503  -7.204  3.802 0.6250000000
100308  -36.131  -7.268  3.396 0.7500000000
56453  -37.025  -6.919  3.124 0.7500000000
57268  -38.008  -6.815  3.239 0.5000000000
57278  -39.486  -6.351  2.988 0.6250000000
54871  -35.868  -9.452  6.848 0.3750000000
54872  -36.444  -9.427  7.329 0.2500000000
54891  -35.909  -8.987  6.219 0.3750000000
54881  -37.175  -8.875  7.138 0.1250000000
55652  -36.605  -8.544  5.991 0.2500000000
54880  -36.495  -8.981  6.656 0.2500000000
55658  -34.781  -8.373  4.819 0.7500000000
55660  -36.010  -8.512  5.546 0.3750000000
55668  -36.108  -8.020  4.830 0.6250000000
56424  -37.587  -7.681  5.005 0.5000000000
56431  -36.954  -7.597  4.444 0.7500000000
99772  -37.770  -7.389  4.366 0.5000000000
56432  -38.343  -7.362  4.733 0.2500000000
56443  -38.402  -7.067  3.941 0.5000000000
57259  -39.913  -6.562  4.346 0.2500000000
57269  -38.740  -6.662  3.338 0.5000000000
55653  -37.706  -8.388  6.562 0.1250000000
55647  -37.922  -8.555  7.185 0.1250000000
55661  -37.455  -8.141  5.811 0.1250000000
55654  -38.482  -8.110  6.737 0.1250000000
55655  -39.149  -7.892  7.092 0.1250000000
56425  -38.216  -7.668  5.470 0.2500000000
56419  -38.825  -7.610  6.027 0.1250000000
94060  -39.566  -7.400  6.428 0.1250000000
56420  -40.440  -6.936  6.696 0.1250000000
56426  -39.435  -7.227  5.684 0.2500000000
56427  -40.161  -6.828  5.749 0.1250000000
98393  -39.086  -7.015  4.496 0.2500000000
56434  -40.257  -6.580  5.016 0.2500000000
57254  -40.861  -6.396  5.310 0.1250000000
57256  -42.406  -5.692  5.940 0.1250000000
105379  -42.032  -5.804  5.179 0.1250000000
58098  -42.793  -5.447  5.034 0.1250000000
94563  -43.265  -5.315  5.836 0.1250000000
104097  -3.312  -38.379  28.561 0.3750000000
103263  -3.461  -37.619  28.446 0.6250000000
32328  -3.713  -36.761  28.286 0.6250000000
33121  -4.477  -35.575  30.628 0.5000000000
31496  -3.645  -37.303  27.742 0.6250000000
33144  -4.334  -35.291  28.704 0.5000000000
33954  -4.583  -34.724  29.127 0.6250000000
33981  -5.140  -33.762  28.242 0.6250000000
34784  -5.496  -33.141  29.286 0.6250000000
35625  -6.172  -32.528  26.549 0.7500000000
37198  -27.746  -30.120  24.991 0.3750000000
38019  -28.181  -29.900  24.950 0.3750000000
38027  -27.800  -29.830  24.266 0.5000000000
37203  -25.930  -30.074  23.499 0.7500000000
37204  -26.495  -29.737  23.370 0.6250000000
38036  -24.489  -29.731  22.265 0.8750000000
37224  -25.664  -29.239  21.956 0.8750000000
37213  -26.219  -29.255  22.610 0.7500000000
37214  -26.438  -28.976  22.585 0.6250000000
98022  -25.974  -28.606  21.123 0.7500000000
37239  -25.429  -29.296  21.131 1.0000000000
38058  -25.725  -28.587  20.447 0.8750000000
38065  -24.353  -29.160  19.849 1.0000000000
38970  -26.005  -28.195  19.780 0.7500000000
38080  -24.146  -28.854  19.016 1.0000000000
94628  -25.298  -28.633  19.211 1.0000000000
38983  -25.655  -28.466  18.310 1.0000000000
38081  -24.834  -28.944  18.606 1.0000000000
39959  -25.925  -27.963  16.853 1.0000000000
108789  -25.091  -29.246  16.769 1.0000000000
38092  -11.876  -29.667  17.769 0.1250000000
38979  -11.949  -28.067  17.886 0.3750000000
38996  -23.032  -28.622  17.094 1.0000000000
108580  -23.275  -28.908  16.321 1.0000000000
39030  -24.870  -29.008  15.169 1.0000000000
38993  -14.471  -28.666  17.079 0.1250000000
111069  -21.236  -27.576  15.848 1.0000000000
39986  -22.145  -28.150  14.939 1.0000000000
39028  -23.063  -28.666  14.475 1.0000000000
95897  -20.906  -27.173  13.620 0.8750000000
40952  -19.830  -26.620  13.277 0.8750000000
39997  -20.895  -27.031  14.646 1.0000000000
40012  -21.500  -27.799  13.163 1.0000000000
39044  -23.872  -28.756  13.932 1.0000000000
39056  -22.395  -28.528  12.900 0.8750000000
39026  -16.916  -27.975  15.074 0.6250000000
39072  -23.493  -28.919  12.468 0.8750000000
38913  -21.495  -28.881  24.664 0.7500000000
38004  -7.505  -29.728  25.600 0.8750000000
38922  -21.397  -28.640  23.305 0.8750000000
38034  -22.799  -29.257  22.923 1.0000000000
38014  -8.001  -28.995  24.265 0.7500000000
102393  -20.052  -28.192  22.292 0.8750000000
38031  -7.544  -29.835  22.861 0.7500000000
38932  -22.131  -28.744  21.950 1.0000000000
38926  -8.550  -28.516  22.877 0.6250000000
38033  -8.640  -28.776  21.924 0.6250000000
38044  -8.853  -29.170  21.025 0.5000000000
39960  -26.076  -27.162  17.409 1.0000000000
39943  -22.081  -27.742  18.140 1.0000000000
40922  -25.741  -27.011  16.078 1.0000000000
40920  -20.522  -26.951  16.489 1.0000000000
39987  -25.427  -28.162  14.854 1.0000000000
39955  -14.296  -27.018  16.646 0.2500000000
39010  -16.450  -28.666  16.345 0.1250000000
40945  -25.079  -26.918  14.344 0.8750000000
40013  -24.592  -27.618  12.872 0.7500000000
40951  -19.176  -26.785  13.340 0.7500000000
108588  -19.762  -26.154  14.572 0.8750000000
37993  -7.426  -29.810  26.457 0.8750000000
39906  -19.408  -27.668  21.075 0.8750000000
40934  -25.423  -26.764  15.631 1.0000000000
39954  -13.616  -27.162  17.067 0.5000000000
41793  -24.948  -26.479  15.115 0.8750000000
41790  -17.791  -25.664  14.997 0.7500000000
92767  -14.496  -25.376  24.085 1.0000000000
39880  -16.698  -26.430  23.611 0.8750000000
39893  -17.112  -26.903  23.186 0.8750000000
39894  -18.518  -27.799  22.612 0.8750000000
39888  -10.162  -26.943  22.990 1.0000000000
40870  -19.877  -27.169  19.788 1.0000000000
41743  -26.866  -24.819  18.958 0.7500000000
40878  -12.976  -25.782  19.081 0.8750000000
41767  -17.384  -25.425  16.528 1.0000000000
41768  -18.219  -25.535  16.166 1.0000000000
41792  -24.164  -25.210  14.855 1.0000000000
41780  -18.300  -25.578  15.281 0.8750000000
39863  -10.407  -26.951  24.432 1.0000000000
39874  -10.770  -26.649  23.849 1.0000000000
100813  -14.698  -26.154  21.531 1.0000000000
40851  -15.597  -26.359  21.575 1.0000000000
93850  -13.849  -26.072  21.468 1.0000000000
41713  -14.471  -25.692  20.024 1.0000000000
41724  -14.414  -25.513  19.269 1.0000000000
41728  -17.852  -26.070  18.879 1.0000000000
43431  -25.819  -23.915  17.781 1.0000000000
111750  -25.177  -24.592  16.709 1.0000000000
41751  -14.575  -25.746  17.500 0.7500000000
110168  -15.709  -25.406  17.781 0.7500000000
42609  -24.901  -24.748  16.300 1.0000000000
41752  -15.434  -25.551  17.255 0.7500000000
44234  -26.775  -22.224  19.337 0.6250000000
43441  -24.392  -23.209  16.355 1.0000000000
45095  -26.406  -21.832  18.823 0.6250000000
45128  -24.473  -21.408  16.390 1.0000000000
46765  -23.029  -19.706  14.286 1.0000000000
45977  -22.523  -20.012  13.640 1.0000000000
47574  -23.411  -18.334  14.658 0.8750000000
48353  -23.263  -17.609  14.052 0.8750000000
48364  -22.208  -17.505  12.428 0.8750000000
49107  -24.568  -16.335  16.021 0.7500000000
49984  -24.780  -15.780  14.861 0.7500000000
49985  -25.584  -15.563  14.507 0.5000000000
49986  -26.527  -15.486  14.235 0.6250000000
50001  -27.140  -15.518  12.647 0.7500000000
49994  -27.815  -15.584  13.205 0.5000000000
49179  -27.581  -15.849  11.301 0.8750000000
49180  -28.314  -15.993  11.708 0.7500000000
97604  -25.477  -15.829  10.352 1.0000000000
49199  -28.563  -16.228  11.264 0.6250000000
50060  -26.584  -15.558  7.505 0.8750000000
49232  -25.575  -16.331  8.205 0.8750000000
109948  -25.377  -16.000  6.415 0.8750000000
95413  -32.800  -15.680  17.376 0.1250000000
50045  -28.402  -15.796  8.946 0.8750000000
51655  -32.287  -13.089  9.156 0.7500000000
52501  -32.036  -12.738  8.552 0.7500000000
52513  -31.893  -12.302  7.947 0.7500000000
53320  -30.221  -11.562  6.670 1.0000000000
53316  -35.018  -10.861  8.318 0.3750000000
54125  -32.997  -10.265  6.342 0.8750000000
102058  -33.941  -9.242  5.535 0.7500000000
102597  -35.264  -7.140  2.928 0.8750000000
56440  -35.328  -7.580  3.735 0.8750000000
54890  -35.305  -8.947  5.804 0.5000000000
55659  -35.375  -8.437  5.163 0.7500000000
111301  -37.069  -8.577  6.435 0.2500000000
55669  -36.786  -8.082  5.264 0.3750000000
94621  -38.936  -7.327  5.224 0.2500000000
56444  -39.248  -6.677  3.782 0.3750000000
55662  -38.142  -7.986  6.103 0.1250000000
109844  -39.015  -7.745  6.564 0.1250000000
56433  -39.625  -6.902  5.082 0.2500000000
57255  -41.558  -6.111  5.613 0.1250000000
57261  -41.440  -6.059  4.864 0.2500000000
35649  -6.351  -32.455  24.786 0.6250000000
36431  -6.607  -32.066  23.830 0.6250000000
36422  -6.707  -31.648  24.721 0.6250000000
36432  -6.952  -31.398  23.118 0.5000000000
37220  -7.587  -30.948  21.595 0.2500000000
37221  -8.109  -30.458  21.212 0.3750000000
38904  -28.565  -28.953  25.556 0.2500000000
36418  -6.771  -31.211  25.479 0.7500000000
39870  -29.071  -28.151  25.082 0.2500000000
108306  -6.931  -30.995  24.757 0.6250000000
36423  -6.960  -31.196  24.053 0.6250000000
37201  -7.243  -30.556  23.461 0.6250000000
37209  -7.293  -30.713  22.477 0.6250000000
37210  -7.688  -30.061  21.955 0.6250000000
38052  -8.637  -30.183  20.652 0.3750000000
38053  -9.215  -29.635  20.202 0.3750000000
38054  -9.806  -29.168  19.827 0.3750000000
103244  -7.234  -30.455  24.335 0.6250000000
38125  -18.505  -29.150  14.124 0.5000000000
38151  -23.309  -29.345  12.287 0.7500000000
38152  -24.118  -28.973  12.056 0.6250000000
38164  -24.923  -28.558  11.718 0.1250000000
39074  -25.706  -28.841  11.739 0.1250000000
101475  -19.038  -29.370  13.682 0.5000000000
38135  -19.389  -29.192  13.030 0.6250000000
38148  -20.492  -29.275  12.493 0.7500000000
38149  -21.134  -29.356  12.399 0.7500000000
38150  -22.009  -29.398  12.350 0.7500000000
92974  -24.737  -27.694  11.555 0.2500000000
107374  -22.690  -29.127  12.382 0.7500000000
40969  -24.338  -26.963  11.454 0.2500000000
97678  -24.506  -26.734  10.836 0.2500000000
40761  -11.865  -26.361  30.366 0.3750000000
39800  -10.900  -27.112  30.441 0.3750000000
104584  -11.408  -26.667  30.012 0.3750000000
38884  -8.652  -28.560  26.561 0.6250000000
38877  -10.238  -27.327  27.131 0.7500000000
38886  -10.004  -27.409  26.228 0.7500000000
40872  -27.952  -25.680  21.203 0.2500000000
41717  -28.065  -24.777  21.141 0.2500000000
107127  -17.450  -28.607  15.126 0.5000000000
39042  -18.149  -28.303  13.916 0.5000000000
41798  -23.753  -25.476  13.980 0.8750000000
97997  -18.781  -28.803  13.452 0.5000000000
38147  -19.917  -28.869  12.539 0.6250000000
40021  -20.402  -27.740  12.636 0.7500000000
40961  -24.360  -26.922  12.447 0.6250000000
40960  -23.714  -26.262  12.043 0.3750000000
39071  -22.200  -28.776  12.553 0.7500000000
40968  -23.821  -26.343  11.071 0.2500000000
106156  -24.179  -26.161  10.662 0.2500000000
107996  -11.049  -26.920  29.638 0.3750000000
39814  -10.893  -26.978  28.715 0.5000000000
38864  -9.901  -27.791  28.880 0.5000000000
38865  -10.357  -27.336  27.998 0.5000000000
39801  -11.547  -26.537  29.080 0.5000000000
37995  -8.766  -28.540  27.450 0.5000000000
38876  -9.579  -27.899  27.789 0.5000000000
39815  -11.770  -26.389  28.090 0.6250000000
39827  -11.169  -26.712  27.455 0.6250000000
38885  -9.380  -27.947  26.871 0.6250000000
39841  -10.965  -26.774  26.429 0.7500000000
39853  -10.660  -26.866  25.358 0.8750000000
96226  -23.397  -25.574  12.932 0.7500000000
39996  -18.470  -27.356  13.541 0.6250000000
39053  -18.687  -28.112  13.344 0.6250000000
40010  -19.734  -27.356  12.811 0.6250000000
39068  -19.956  -28.163  12.526 0.6250000000
40953  -24.114  -26.257  13.245 0.7500000000
41805  -23.124  -25.571  12.082 0.5000000000
41813  -23.275  -25.760  11.371 0.3750000000
39828  -12.058  -26.200  27.260 0.6250000000
39842  -11.896  -26.257  26.594 0.7500000000
110162  -11.717  -26.263  25.200 0.8750000000
43457  -23.104  -23.199  14.676 0.8750000000
43466  -22.878  -23.879  14.075 0.8750000000
42623  -23.091  -24.805  13.572 0.8750000000
42637  -22.313  -24.620  11.766 0.5000000000
39843  -12.675  -25.889  26.738 0.7500000000
93837  -12.562  -25.895  26.009 0.8750000000
39854  -11.763  -26.301  25.815 0.8750000000
94675  -12.413  -25.941  25.341 0.8750000000
111786  -28.079  -23.246  21.108 0.2500000000
45057  -28.645  -22.089  22.009 0.2500000000
43405  -27.677  -22.920  20.622 0.3750000000
43406  -28.204  -22.671  21.308 0.2500000000
105456  -22.444  -22.098  13.732 0.7500000000
44306  -21.621  -22.618  12.381 0.6250000000
44278  -22.636  -22.881  14.060 0.6250000000
104582  -21.052  -22.450  11.468 0.6250000000
43474  -21.558  -23.325  11.822 0.6250000000
95303  -18.701  -26.449  25.987 0.5000000000
38899  -18.133  -26.378  25.399 0.6250000000
38890  -19.621  -26.776  26.236 0.5000000000
39864  -12.159  -25.983  24.739 0.8750000000
44211  -27.763  -22.282  20.759 0.3750000000
46774  -21.818  -20.094  12.882 0.7500000000
45157  -22.356  -21.463  13.506 0.6250000000
45148  -22.824  -21.383  14.176 0.8750000000
101241  -20.853  -21.433  11.512 0.6250000000
45984  -21.267  -20.801  12.251 0.6250000000
104224  -21.366  -21.750  12.296 0.6250000000
46798  -20.669  -20.105  10.618 0.5000000000
97254  -20.978  -20.046  9.035 0.5000000000
46022  -21.799  -20.556  8.297 0.2500000000
39855  -13.154  -25.637  25.441 0.8750000000
111696  -22.212  -20.489  13.296 0.8750000000
47601  -21.214  -18.632  11.456 0.6250000000
46790  -20.957  -19.551  11.486 0.6250000000
101050  -20.824  -19.646  9.795 0.6250000000
47608  -21.113  -18.597  9.881 0.6250000000
46021  -21.378  -20.215  8.553 0.6250000000
108051  -14.206  -25.358  26.044 0.8750000000
38898  -17.263  -25.898  25.758 0.6250000000
39856  -13.960  -25.366  25.484 0.8750000000
93164  -15.444  -25.380  24.937 0.7500000000
106262  -16.623  -25.752  25.412 0.7500000000
39858  -16.296  -25.761  24.678 0.7500000000
104913  -21.181  -18.334  10.716 0.6250000000
47620  -21.377  -18.475  9.165 0.6250000000
46831  -21.828  -19.438  7.921 0.3750000000
47640  -22.101  -18.699  7.716 0.3750000000
46832  -22.305  -19.379  7.280 0.3750000000
47650  -22.576  -18.646  7.058 0.3750000000
46845  -22.771  -19.373  6.600 0.3750000000
46861  -24.639  -19.629  4.906 0.5000000000
47676  -24.861  -18.994  4.690 0.5000000000
104124  -25.327  -17.997  4.257 0.5000000000
110837  -21.858  -17.579  11.851 0.7500000000
48379  -21.455  -17.730  10.313 0.6250000000
48390  -21.542  -17.868  9.512 0.6250000000
47630  -22.120  -17.915  8.252 0.5000000000
108328  -22.494  -18.142  7.571 0.5000000000
47641  -22.971  -17.895  7.119 0.5000000000
47651  -23.177  -18.505  6.379 0.5000000000
47664  -23.659  -18.828  5.720 0.5000000000
47665  -24.305  -18.701  5.230 0.5000000000
47666  -24.872  -18.248  4.748 0.5000000000
48468  -25.600  -17.378  3.974 0.5000000000
109629  -25.911  -16.782  3.753 0.3750000000
48332  -25.179  -17.540  17.792 0.3750000000
48331  -24.849  -17.093  17.197 0.2500000000
49157  -22.601  -16.801  12.229 0.7500000000
48371  -22.132  -17.002  11.591 0.7500000000
48391  -21.924  -17.147  9.856 0.7500000000
49194  -22.508  -16.557  10.983 0.7500000000
49229  -22.656  -16.856  9.437 0.6250000000
98837  -22.755  -17.160  8.636 0.6250000000
48419  -22.877  -17.515  7.864 0.6250000000
48436  -23.618  -17.561  6.740 0.6250000000
47652  -23.844  -18.019  5.943 0.5000000000
48446  -24.511  -17.638  5.548 0.6250000000
48456  -25.085  -17.263  4.878 0.5000000000
52522  -29.513  -12.072  6.874 0.8750000000
49271  -25.790  -15.783  4.813 0.5000000000
50083  -26.090  -15.007  5.164 0.5000000000
52520  -27.698  -12.463  6.020 0.6250000000
52521  -28.602  -12.063  6.334 0.7500000000
53331  -30.118  -10.989  6.049 0.7500000000
49280  -25.594  -16.607  4.401 0.5000000000
49281  -26.013  -16.076  3.952 0.3750000000
50096  -26.205  -15.259  4.248 0.5000000000
51685  -26.666  -13.639  5.115 0.5000000000
51693  -27.039  -12.975  4.699 0.6250000000
53329  -28.458  -10.989  5.016 0.6250000000
53330  -29.306  -10.908  5.582 0.6250000000
54122  -30.046  -10.447  5.403 0.7500000000
50112  -26.516  -15.648  3.468 0.2500000000
50894  -26.666  -14.739  3.713 0.3750000000
51692  -26.850  -13.745  4.025 0.5000000000
52548  -27.424  -12.494  3.514 0.3750000000
53348  -28.085  -11.299  3.270 0.6250000000
54121  -29.289  -10.393  4.899 0.6250000000
49175  -23.778  -15.932  11.635 0.7500000000
49213  -23.474  -16.486  9.856 0.6250000000
49195  -23.417  -16.200  10.756 0.7500000000
49230  -23.556  -16.746  9.106 0.6250000000
48420  -23.596  -17.207  7.537 0.6250000000
48421  -24.092  -16.889  7.241 0.6250000000
48437  -24.253  -17.112  6.493 0.6250000000
48438  -24.864  -16.601  6.221 0.6250000000
49270  -25.369  -16.293  5.428 0.6250000000
50072  -25.752  -15.497  5.924 0.6250000000
50874  -26.391  -14.307  5.561 0.5000000000
51686  -27.104  -12.992  5.644 0.6250000000
54127  -29.412  -9.988  4.198 0.6250000000
54128  -30.031  -9.944  4.740 0.7500000000
54133  -28.968  -10.240  2.962 0.5000000000
101613  -29.017  -10.181  3.648 0.6250000000
110510  -29.255  -10.777  1.719 0.3750000000
53378  -30.447  -11.088  0.769 0.2500000000
53379  -31.218  -11.120  0.354 0.1250000000
96730  -24.412  -16.174  10.106 0.6250000000
97976  -24.257  -16.547  9.499 0.6250000000
49214  -25.052  -16.385  9.514 0.7500000000
100362  -26.330  -15.914  10.181 0.8750000000
48407  -24.477  -16.717  8.110 0.6250000000
49231  -24.459  -16.693  8.910 0.7500000000
48392  -25.259  -16.562  8.881 0.8750000000
49215  -25.955  -16.277  9.531 0.8750000000
52492  -35.176  -12.006  10.110 0.2500000000
53293  -34.887  -11.745  9.447 0.2500000000
48393  -25.860  -16.471  8.848 0.7500000000
53306  -34.620  -11.439  8.784 0.2500000000
49233  -26.358  -16.338  8.655 0.7500000000
49260  -25.343  -16.129  7.275 0.7500000000
50856  -27.816  -14.487  7.454 0.7500000000
50073  -26.299  -15.120  6.685 0.7500000000
50865  -27.267  -14.054  6.727 0.7500000000
51676  -27.441  -13.243  6.393 0.7500000000
95930  -26.170  -14.852  5.946 0.7500000000
51675  -26.800  -13.701  6.030 0.7500000000
107121  -29.998  -9.601  4.096 0.7500000000
54885  -30.796  -9.488  4.448 0.7500000000
54908  -29.480  -9.850  2.447 0.5000000000
54897  -29.564  -9.712  3.363 0.6250000000
55673  -30.709  -8.744  2.887 0.6250000000
54149  -30.203  -9.988  1.128 0.3750000000
53371  -29.834  -10.798  1.223 0.3750000000
109933  -30.292  -10.569  0.907 0.2500000000
54155  -31.327  -10.260  0.294 0.2500000000
99688  -33.810  -13.296  10.623 0.3750000000
53284  -35.885  -11.705  10.391 0.2500000000
103718  -35.318  -11.176  9.035 0.2500000000
108435  -28.277  -13.956  7.465 0.8750000000
54899  -31.164  -8.898  3.746 0.7500000000
55683  -30.511  -8.873  2.034 0.5000000000
54915  -30.515  -9.254  1.380 0.3750000000
54919  -30.988  -9.521  0.717 0.5000000000
55696  -31.618  -8.748  0.561 0.5000000000
54937  -36.383  -9.727  -1.914 0.2500000000
96715  -36.830  -8.254  -2.522 0.1250000000
55735  -38.088  -7.978  -3.148 0.1250000000
56498  -37.516  -7.070  -3.204 0.1250000000
93972  -37.805  -6.372  -3.559 0.2500000000
56517  -39.151  -7.054  -3.920 0.1250000000
57325  -38.528  -6.358  -3.933 0.2500000000
55675  -32.344  -7.963  3.253 0.7500000000
55674  -31.486  -8.363  3.120 0.7500000000
56448  -31.661  -7.929  1.758 0.5000000000
55690  -31.096  -8.591  1.328 0.5000000000
55704  -32.290  -8.864  0.026 0.5000000000
56464  -32.659  -8.088  0.033 0.5000000000
55705  -33.011  -8.727  -0.420 0.3750000000
54935  -34.933  -9.113  -1.526 0.3750000000
55716  -35.425  -8.641  -1.783 0.2500000000
55717  -36.065  -9.042  -2.029 0.2500000000
56490  -37.173  -7.745  -2.824 0.2500000000
58168  -37.942  -5.582  -3.830 0.2500000000
57334  -38.677  -5.673  -4.216 0.2500000000
55676  -33.254  -7.889  3.675 0.7500000000
56449  -32.331  -7.633  2.351 0.6250000000
105382  -31.774  -7.993  0.976 0.5000000000
110494  -32.141  -8.261  0.448 0.5000000000
97782  -32.481  -7.712  0.687 0.5000000000
56470  -33.332  -7.877  -0.389 0.3750000000
55706  -33.767  -8.484  -0.869 0.3750000000
55715  -34.600  -8.275  -1.380 0.3750000000
56479  -35.326  -7.723  -1.762 0.3750000000
56488  -35.944  -7.216  -2.188 0.3750000000
57308  -35.338  -6.781  -1.663 0.3750000000
56489  -36.531  -7.652  -2.488 0.3750000000
57315  -36.655  -6.838  -2.722 0.3750000000
57324  -37.167  -6.220  -3.210 0.3750000000
58167  -37.233  -5.393  -3.278 0.3750000000
59029  -37.806  -4.614  -3.647 0.3750000000
59858  -38.170  -3.791  -3.521 0.5000000000
99244  -38.649  -3.307  -3.960 0.3750000000
59862  -38.452  -4.012  -4.166 0.3750000000
59035  -39.106  -4.351  -4.648 0.3750000000
59868  -39.659  -3.080  -4.892 0.3750000000
59043  -39.701  -3.808  -5.057 0.2500000000
59869  -40.313  -3.159  -5.379 0.2500000000
60670  -40.543  -2.221  -5.527 0.2500000000
60682  -41.229  -2.059  -6.118 0.1250000000
56438  -32.942  -7.541  2.950 0.7500000000
56439  -33.788  -7.524  3.169 0.7500000000
56455  -32.368  -7.578  1.470 0.6250000000
56450  -33.219  -7.324  2.176 0.7500000000
56466  -33.883  -6.997  0.667 0.6250000000
56456  -33.114  -7.271  1.125 0.6250000000
56465  -33.144  -7.477  0.291 0.6250000000
99902  -33.699  -7.259  -0.147 0.6250000000
56471  -34.103  -7.506  -0.849 0.3750000000
60647  -42.290  -2.482  -1.231 0.5000000000
60648  -43.274  -2.377  -1.164 0.1250000000
61404  -44.566  -1.751  -1.224 0.1250000000
61405  -45.288  -1.471  -1.125 0.1250000000
56478  -34.780  -7.393  -1.353 0.3750000000
61402  -41.794  -1.763  -1.835 0.6250000000
61403  -42.701  -1.705  -1.652 0.2500000000
62156  -43.701  -1.532  -1.559 0.1250000000
62157  -44.574  -1.024  -1.665 0.1250000000
57323  -36.616  -5.858  -2.745 0.3750000000
58153  -36.243  -5.534  -2.156 0.5000000000
61409  -40.478  -1.560  -2.863 0.7500000000
61410  -41.300  -1.299  -2.533 0.5000000000
61412  -42.984  -1.088  -2.048 0.2500000000
62165  -43.662  -0.549  -2.246 0.3750000000
59028  -37.251  -4.718  -3.060 0.3750000000
60651  -38.600  -3.193  -3.288 0.5000000000
108660  -38.939  -2.874  -3.699 0.5000000000
61414  -39.745  -1.932  -3.881 0.6250000000
61416  -40.800  -0.902  -3.313 0.7500000000
61411  -42.188  -1.167  -2.251 0.3750000000
62164  -42.603  -0.519  -2.568 0.3750000000
60668  -39.474  -2.776  -4.516 0.3750000000
60669  -39.909  -2.342  -4.896 0.5000000000
61420  -40.086  -1.594  -4.460 0.6250000000
62169  -41.259  -0.281  -3.682 0.7500000000
62163  -41.661  -0.642  -2.897 0.5000000000
61431  -40.715  -1.376  -5.668 0.3750000000
62186  -40.498  -0.949  -5.073 0.6250000000
99754  -40.420  -6.154  3.106 0.3750000000
57289  -40.222  -5.902  2.297 0.3750000000
57279  -41.042  -5.810  2.676 0.2500000000
57288  -39.229  -6.109  2.148 0.3750000000
58125  -40.997  -5.639  2.056 0.3750000000
58135  -41.476  -5.425  1.536 0.2500000000
58145  -42.264  -5.198  1.311 0.1250000000
56451  -34.276  -7.211  2.594 0.7500000000
57287  -38.335  -6.207  1.977 0.6250000000
58134  -40.579  -5.552  1.545 0.3750000000
59007  -42.439  -4.794  0.674 0.2500000000
56457  -33.935  -7.071  1.658 0.7500000000
57286  -37.434  -6.246  1.784 0.7500000000
99914  -38.891  -5.747  1.447 0.7500000000
58133  -39.739  -5.693  1.590 0.5000000000
109648  -39.432  -5.514  1.204 0.7500000000
58143  -40.985  -5.313  0.974 0.3750000000
58144  -41.683  -5.160  0.892 0.2500000000
59006  -41.565  -4.656  0.306 0.3750000000
59008  -43.859  -4.150  0.511 0.1250000000
62150  -48.449  0.106  1.118 0.1250000000
57297  -37.071  -5.870  1.075 0.7500000000
58132  -37.971  -5.843  1.326 0.7500000000
58142  -39.034  -5.332  0.837 0.7500000000
59005  -40.776  -4.890  0.474 0.7500000000
105600  -42.470  -3.867  -0.253 0.2500000000
59016  -43.014  -4.206  0.167 0.1250000000
59846  -43.633  -3.739  -0.121 0.1250000000
59847  -44.414  -3.513  -0.059 0.1250000000
61401  -47.472  -1.150  0.174 0.1250000000
109543  -48.386  -0.221  0.969 0.1250000000
57294  -34.402  -6.734  -0.191 0.5000000000
108390  -38.361  -5.499  0.912 0.7500000000
59003  -39.194  -4.864  0.209 0.7500000000
59004  -39.992  -4.611  0.040 0.7500000000
97528  -40.779  -4.250  -0.202 0.6250000000
59844  -41.672  -3.844  -0.380 0.5000000000
60639  -43.742  -3.099  -0.636 0.1250000000
61399  -45.048  -2.310  -0.716 0.1250000000
97336  -45.888  -1.937  -0.573 0.1250000000
61400  -46.712  -1.615  -0.295 0.1250000000
62153  -47.866  -0.480  -0.116 0.1250000000
62154  -48.466  0.012  0.532 0.1250000000
62881  -48.403  0.625  1.322 0.1250000000
57301  -34.749  -6.792  -1.044 0.3750000000
58150  -38.225  -5.071  0.188 0.7500000000
102084  -39.291  -4.334  -0.365 0.7500000000
59014  -39.833  -3.801  -0.703 0.7500000000
59852  -41.512  -2.965  -1.009 0.6250000000
60638  -42.949  -2.964  -0.816 0.2500000000
60649  -44.168  -2.373  -1.024 0.1250000000
62152  -47.038  -0.860  -0.603 0.1250000000
62886  -48.196  0.208  -0.385 0.1250000000
103484  -35.270  -6.315  -1.225 0.5000000000
105901  -35.686  -5.959  -1.667 0.5000000000
59013  -38.532  -4.460  -0.460 0.7500000000
59020  -38.856  -3.836  -0.978 0.7500000000
95477  -39.997  -3.082  -1.325 0.7500000000
60645  -40.618  -2.559  -1.580 0.6250000000
62158  -45.492  -0.575  -1.616 0.1250000000
58154  -36.638  -4.918  -1.971 0.5000000000
59018  -37.292  -4.465  -1.637 0.5000000000
59857  -38.823  -3.099  -2.456 0.7500000000
60644  -39.636  -2.615  -2.198 0.7500000000
60654  -40.956  -1.882  -2.082 0.6250000000
62894  -43.045  0.191  -2.900 0.3750000000
62166  -44.656  -0.206  -2.206 0.3750000000
59024  -37.194  -4.549  -2.450 0.5000000000
59025  -37.725  -3.998  -2.173 0.5000000000
59856  -38.169  -3.586  -2.742 0.6250000000
60652  -39.153  -2.679  -3.100 0.7500000000
62901  -42.554  0.642  -3.634 0.5000000000
62919  -41.146  0.210  -5.574 0.6250000000
62177  -40.820  -0.223  -5.050 0.7500000000
62900  -41.688  0.339  -4.041 0.6250000000
62170  -42.128  -0.032  -3.261 0.5000000000
62187  -40.904  -0.431  -5.815 0.5000000000
61436  -41.277  -1.209  -6.359 0.3750000000
61437  -41.964  -1.174  -6.977 0.2500000000
108954  -34.764  -6.899  2.132 0.7500000000
101101  -35.188  -6.644  1.676 0.7500000000
110864  -34.479  -6.822  1.386 0.7500000000
57283  -34.763  -6.596  0.826 0.7500000000
57284  -35.651  -6.362  1.196 0.7500000000
57285  -36.543  -6.273  1.527 0.7500000000
57295  -35.248  -6.258  0.267 0.7500000000
58139  -35.765  -5.870  -0.235 0.7500000000
58140  -36.672  -5.639  0.218 0.7500000000
58141  -37.588  -5.499  0.611 0.7500000000
62887  -48.570  0.647  0.185 0.1250000000
58147  -35.597  -5.798  -1.047 0.5000000000
58148  -36.247  -5.404  -0.709 0.7500000000
58149  -37.162  -5.175  -0.239 0.7500000000
62159  -46.494  -0.401  -1.283 0.1250000000
62160  -47.409  -0.151  -0.893 0.1250000000
62892  -47.801  0.526  -1.205 0.1250000000
109320  -48.406  0.950  -0.614 0.1250000000
101250  -36.130  -5.393  -1.503 0.5000000000
58155  -36.760  -4.915  -1.165 0.6250000000
59012  -37.613  -4.607  -0.736 0.7500000000
59019  -38.045  -4.098  -1.279 0.7500000000
62167  -45.312  0.117  -2.175 0.1250000000
62890  -46.009  0.150  -1.891 0.1250000000
62891  -46.911  0.268  -1.599 0.1250000000
62895  -44.002  0.344  -2.727 0.3750000000
62927  -41.295  0.246  -6.149 0.5000000000
62194  -42.114  -0.419  -7.283 0.2500000000
57275  -35.991  -6.578  1.985 0.7500000000
62193  -41.480  -0.376  -6.622 0.5000000000
96695  -41.843  0.522  -6.799 0.5000000000
42572  -27.623  -23.667  20.515 0.2500000000
43458  -23.453  -23.748  14.972 0.8750000000
44279  -23.150  -22.510  14.804 0.8750000000
45149  -23.260  -21.740  14.851 0.8750000000
45926  -26.525  -21.281  18.944 0.5000000000
100951  -22.490  -20.809  13.641 0.8750000000
100175  -21.529  -19.122  12.363 0.6250000000
49196  -24.500  -15.727  10.889 0.7500000000
109420  -25.142  -15.486  11.010 0.8750000000
51677  -28.203  -12.882  6.731 0.7500000000
51665  -27.948  -13.651  7.056 0.7500000000
53319  -29.410  -11.486  6.229 0.8750000000
54112  -30.804  -10.571  5.826 0.7500000000
100579  -31.765  -9.170  4.482 0.6250000000
55663  -32.001  -8.557  3.889 0.7500000000
56458  -35.484  -6.815  2.323 0.7500000000
101736  -20.862  -27.474  12.921 0.7500000000
40022  -21.095  -28.050  12.596 0.7500000000
40009  -19.039  -27.566  13.116 0.6250000000
45096  -26.847  -21.657  19.427 0.5000000000
100048  -22.822  -22.127  14.349 0.8750000000
104882  -6.560  -31.943  25.349 0.6250000000
38126  -19.030  -29.714  14.364 0.3750000000
39054  -19.308  -28.310  12.876 0.6250000000
38136  -20.084  -29.589  12.786 0.6250000000
39069  -20.591  -28.610  12.452 0.7500000000
39070  -21.436  -28.731  12.438 0.7500000000
109725  -25.148  -27.836  11.375 0.1250000000
38855  -10.527  -27.422  29.756 0.5000000000
42630  -22.670  -24.905  12.512 0.5000000000
41824  -22.916  -25.346  11.058 0.3750000000
44293  -22.163  -22.729  13.157 0.6250000000
44292  -21.981  -21.967  13.001 0.6250000000
96274  -21.211  -19.991  12.132 0.7500000000
45156  -21.919  -21.056  12.997 0.6250000000
46000  -20.617  -21.107  10.655 0.5000000000
45992  -20.820  -20.488  11.471 0.5000000000
46010  -20.738  -20.743  9.704 0.5000000000
45181  -20.727  -21.741  10.078 0.5000000000
103376  -20.902  -19.122  10.662 0.6250000000
45204  -21.209  -20.747  8.871 0.2500000000
46819  -21.394  -19.614  8.521 0.3750000000
46809  -21.145  -19.188  9.122 0.6250000000
48370  -21.537  -17.715  11.256 0.6250000000
47639  -21.588  -18.744  8.468 0.5000000000
48404  -21.673  -18.051  8.870 0.5000000000
46033  -22.163  -20.147  7.636 0.2500000000
46046  -22.592  -19.979  6.970 0.2500000000
46047  -23.193  -20.293  6.406 0.2500000000
46846  -23.328  -19.452  5.957 0.5000000000
47688  -25.855  -18.156  3.803 0.3750000000
48380  -21.904  -17.016  10.702 0.7500000000
48405  -22.035  -17.444  9.068 0.5000000000
49174  -22.901  -16.385  11.635 0.7500000000
49212  -22.588  -16.623  10.258 0.7500000000
48406  -23.641  -16.954  8.349 0.6250000000
52533  -28.031  -11.758  5.516 0.6250000000
52532  -27.423  -12.297  5.185 0.6250000000
50883  -26.439  -14.430  4.617 0.5000000000
53328  -27.751  -11.634  4.681 0.6250000000
53338  -28.159  -11.101  4.104 0.6250000000
53318  -28.729  -11.419  5.744 0.6250000000
98476  -27.156  -12.964  3.930 0.3750000000
50895  -27.184  -14.264  3.148 0.3750000000
53337  -27.649  -11.763  3.798 0.6250000000
52540  -27.358  -12.325  4.304 0.3750000000
54132  -28.559  -10.674  3.483 0.6250000000
54143  -28.552  -10.867  2.733 0.6250000000
54126  -28.779  -10.504  4.252 0.6250000000
50864  -26.621  -14.456  6.363 0.7500000000
53362  -28.770  -11.154  2.058 0.5000000000
54144  -29.042  -10.473  2.244 0.3750000000
99571  -29.984  -11.642  1.096 0.2500000000
101062  -29.572  -10.187  1.720 0.5000000000
48408  -25.216  -16.489  8.372 0.7500000000
48422  -24.779  -16.508  7.439 0.7500000000
50074  -27.010  -14.843  7.106 0.7500000000
54898  -30.352  -9.241  3.544 0.6250000000
100637  -29.984  -9.502  1.851 0.5000000000
54909  -30.055  -9.267  2.675 0.6250000000
54154  -30.729  -10.417  0.650 0.2500000000
54156  -31.997  -10.632  -0.132 0.2500000000
55684  -31.145  -8.353  2.259 0.5000000000
54920  -31.789  -9.629  0.127 0.3750000000
54945  -36.831  -9.024  -2.328 0.1250000000
55725  -37.499  -8.541  -2.698 0.1250000000
56499  -38.349  -7.131  -3.554 0.1250000000
111512  -37.501  -5.880  -3.494 0.2500000000
55685  -31.744  -7.975  2.541 0.6250000000
54927  -33.540  -9.415  -0.782 0.2500000000
55724  -36.108  -8.227  -2.200 0.2500000000
58176  -38.466  -4.888  -4.239 0.2500000000
59855  -37.624  -4.142  -2.986 0.5000000000
59863  -39.119  -3.419  -4.497 0.3750000000
60660  -39.601  -2.305  -4.267 0.6250000000
59870  -41.193  -2.915  -5.915 0.2500000000
59887  -42.017  -2.695  -6.405 0.1250000000
60646  -41.419  -2.300  -1.531 0.6250000000
57314  -36.006  -6.297  -2.212 0.3750000000
58161  -36.791  -5.108  -2.648 0.3750000000
60653  -40.275  -2.113  -2.378 0.7500000000
60657  -39.784  -2.076  -3.148 0.6250000000
59859  -39.138  -2.825  -4.136 0.5000000000
60656  -39.357  -2.431  -3.738 0.6250000000
61415  -40.198  -1.435  -3.689 0.7500000000
62176  -40.580  -0.726  -4.276 0.7500000000
61430  -40.289  -1.647  -5.116 0.5000000000
96550  -41.088  -0.059  -4.408 0.6250000000
97856  -39.989  -5.275  0.858 0.6250000000
110542  -41.266  -5.052  0.686 0.5000000000
59015  -42.246  -4.326  0.072 0.3750000000
59845  -43.035  -3.542  -0.397 0.1250000000
60641  -45.151  -3.010  -0.189 0.1250000000
102384  -48.084  -0.578  0.700 0.1250000000
59843  -40.738  -3.404  -0.833 0.7500000000
59853  -42.330  -3.281  -0.671 0.5000000000
60640  -44.525  -2.899  -0.560 0.1250000000
57302  -35.126  -6.297  -0.626 0.7500000000
61406  -46.157  -1.168  -0.951 0.1250000000
59850  -38.425  -3.572  -1.847 0.6250000000
59851  -39.226  -3.265  -1.554 0.7500000000
62911  -41.363  0.393  -4.900 0.6250000000
57296  -36.161  -6.014  0.705 0.7500000000
63586  -48.569  1.480  1.253 0.1250000000
63588  -48.613  1.473  0.251 0.1250000000
28202  1.125  -41.780  32.020 0.1250000000
28203  0.069  -41.769  32.392 0.2500000000
108942  0.713  -41.264  32.335 0.2500000000
27395  0.449  -42.505  32.074 0.1250000000
27396  -0.756  -42.370  31.813 0.2500000000
27394  1.330  -42.457  31.305 0.1250000000
27404  -1.807  -41.889  30.562 0.2500000000
27402  1.375  -42.220  30.410 0.1250000000
28198  -0.199  -40.986  32.464 0.2500000000
28197  0.656  -40.693  32.318 0.3750000000
28204  -0.991  -41.407  31.982 0.2500000000
102611  1.131  -41.066  31.737 0.3750000000
28209  -1.470  -41.659  31.221 0.2500000000
28205  -1.597  -40.792  31.430 0.2500000000
102071  1.080  -41.004  30.752 0.3750000000
28210  -1.883  -41.070  30.721 0.2500000000
29042  0.047  -40.503  32.607 0.3750000000
29043  -0.796  -40.314  32.469 0.3750000000
29049  -1.249  -40.587  32.015 0.3750000000
29048  0.831  -40.463  31.852 0.3750000000
29044  -1.634  -39.846  32.166 0.3750000000
94535  0.703  -39.724  31.617 0.3750000000
29050  -1.792  -40.029  31.657 0.2500000000
93517  0.719  -40.317  30.435 0.3750000000
29054  -1.931  -40.242  30.949 0.2500000000
28215  -2.299  -40.617  30.038 0.2500000000
29059  -2.650  -40.033  29.544 0.2500000000
29065  -2.976  -40.302  28.614 0.2500000000
29850  -3.041  -39.640  28.916 0.2500000000
29856  -3.431  -39.954  27.974 0.2500000000
101769  -4.121  -39.235  26.545 0.2500000000
29870  -4.276  -39.260  25.609 0.1250000000
31557  -6.093  -37.291  22.565 0.1250000000
29041  0.368  -40.127  32.532 0.3750000000
29040  -0.286  -39.904  32.827 0.3750000000
29824  -1.310  -39.680  32.641 0.3750000000
96290  0.550  -39.793  32.154 0.3750000000
30603  0.386  -38.608  32.322 0.2500000000
29838  -2.383  -39.159  30.783 0.3750000000
101386  -3.401  -39.087  28.107 0.2500000000
30645  -3.902  -38.827  27.155 0.2500000000
104965  -3.897  -38.168  26.853 0.2500000000
31521  -4.021  -37.786  26.158 0.2500000000
31546  -4.680  -37.257  23.466 0.1250000000
32392  -5.071  -36.419  22.931 0.1250000000
32407  -5.871  -36.600  22.527 0.1250000000
29818  -0.184  -39.224  33.125 0.2500000000
29819  -0.900  -39.410  33.199 0.3750000000
104429  -0.484  -38.659  33.636 0.2500000000
29825  -2.151  -39.169  32.530 0.3750000000
29831  -2.130  -39.388  31.980 0.3750000000
30596  0.148  -37.872  32.875 0.2500000000
29826  -2.503  -38.825  32.267 0.5000000000
29832  -2.347  -38.992  31.610 0.3750000000
30623  -3.081  -38.907  29.189 0.5000000000
31522  -4.116  -37.347  25.280 0.2500000000
32361  -4.117  -36.517  25.280 0.2500000000
32391  -4.486  -36.158  23.794 0.1250000000
106666  -4.619  -35.330  23.918 0.2500000000
33210  -4.928  -35.515  23.244 0.1250000000
98328  -5.640  -35.637  22.565 0.1250000000
103752  -5.318  -34.864  22.922 0.1250000000
106354  -6.222  -35.035  22.107 0.1250000000
33251  -7.013  -35.113  21.739 0.1250000000
33252  -7.776  -35.020  21.477 0.1250000000
34047  -8.152  -34.395  21.024 0.1250000000
34045  -6.683  -34.455  21.743 0.1250000000
34046  -7.422  -34.408  21.364 0.1250000000
34855  -7.760  -33.637  20.904 0.1250000000
35691  -8.024  -32.347  20.681 0.1250000000
30593  -1.074  -38.467  34.317 0.1250000000
31442  -1.734  -38.088  34.896 0.1250000000
100777  -2.896  -38.084  34.441 0.1250000000
30595  -3.118  -38.300  33.523 0.2500000000
30592  -0.363  -37.759  34.092 0.1250000000
30594  -2.153  -38.703  33.891 0.2500000000
30599  -2.584  -38.726  33.043 0.2500000000
31446  -3.594  -37.834  33.384 0.3750000000
42478  -18.683  -24.663  31.356 0.1250000000
42463  -19.001  -23.961  32.069 0.1250000000
41618  -19.454  -24.649  31.507 0.1250000000
30598  -1.314  -39.041  33.710 0.1250000000
30600  -3.125  -38.347  33.012 0.2500000000
31452  -3.480  -37.923  32.881 0.5000000000
29820  -1.789  -39.167  33.097 0.3750000000
106627  -2.691  -38.662  32.691 0.5000000000
30608  -2.841  -38.527  31.915 0.5000000000
30612  -2.654  -38.614  31.117 0.5000000000
30615  -2.851  -38.644  30.210 0.3750000000
32337  -3.840  -36.533  27.304 0.3750000000
32350  -4.024  -36.064  26.577 0.5000000000
32349  -3.958  -36.831  26.206 0.3750000000
94396  -4.077  -36.109  25.910 0.2500000000
33179  -4.223  -35.771  25.315 0.2500000000
33191  -4.404  -35.519  24.561 0.1250000000
34034  -5.802  -34.360  22.557 0.1250000000
34843  -6.242  -33.843  22.153 0.1250000000
34854  -6.909  -33.537  21.572 0.1250000000
35678  -7.388  -32.645  21.238 0.1250000000
109593  -8.374  -30.764  20.731 0.2500000000
37323  -20.478  -30.268  13.134 0.5000000000
42464  -19.728  -23.756  31.813 0.1250000000
40766  -21.142  -25.891  30.892 0.2500000000
93362  -17.319  -23.921  31.526 0.1250000000
42462  -18.061  -23.876  31.946 0.1250000000
41635  -19.878  -25.358  31.135 0.1250000000
39793  -21.467  -26.663  30.368 0.2500000000
31457  -3.380  -37.990  32.208 0.5000000000
42475  -16.010  -23.734  30.734 0.1250000000
42476  -16.985  -24.040  30.785 0.1250000000
42477  -17.865  -24.490  31.059 0.1250000000
41633  -18.435  -25.154  30.558 0.1250000000
41634  -19.150  -25.345  30.863 0.1250000000
40764  -19.582  -25.890  30.465 0.1250000000
111519  -20.546  -26.597  29.940 0.2500000000
97001  -21.048  -26.829  29.840 0.2500000000
38868  -22.023  -27.608  28.523 0.2500000000
37975  -22.503  -28.071  27.837 0.2500000000
42489  -16.726  -24.299  29.933 0.1250000000
41632  -17.672  -24.768  30.236 0.1250000000
40763  -18.878  -25.708  30.058 0.1250000000
39803  -19.733  -26.313  29.438 0.2500000000
39804  -20.595  -26.683  29.473 0.2500000000
39821  -21.107  -27.095  28.725 0.2500000000
37976  -23.272  -28.579  27.880 0.2500000000
41648  -17.420  -25.049  29.511 0.1250000000
41649  -18.192  -25.400  29.858 0.1250000000
39802  -18.753  -25.909  29.168 0.1250000000
99309  -22.834  -28.479  27.243 0.2500000000
41647  -16.481  -24.674  29.163 0.2500000000
41657  -17.127  -25.233  28.823 0.2500000000
40785  -17.688  -25.589  28.577 0.1250000000
38866  -19.659  -26.414  28.084 0.2500000000
38867  -20.664  -26.959  28.063 0.2500000000
37985  -22.013  -27.983  27.157 0.2500000000
32338  -4.050  -35.892  28.081 0.3750000000
40784  -16.742  -25.302  28.152 0.2500000000
39818  -18.139  -25.822  28.236 0.2500000000
39834  -18.602  -26.084  27.627 0.2500000000
92791  -20.310  -26.853  26.799 0.3750000000
37983  -21.054  -27.337  27.126 0.3750000000
99478  -4.169  -35.607  27.175 0.5000000000
33167  -4.285  -35.390  26.219 0.5000000000
34004  -5.037  -34.254  25.301 0.5000000000
34013  -4.744  -34.770  24.517 0.2500000000
33209  -4.972  -34.729  23.690 0.2500000000
95147  -5.724  -33.488  23.895 0.2500000000
34831  -5.947  -33.426  23.081 0.1250000000
35663  -6.346  -32.681  23.241 0.2500000000
35677  -6.802  -32.609  21.913 0.1250000000
36444  -7.072  -31.709  21.985 0.2500000000
36455  -7.590  -31.762  21.229 0.1250000000
36456  -8.094  -31.309  20.838 0.1250000000
37334  -20.824  -29.863  12.582 0.5000000000
37335  -21.262  -30.501  12.840 0.2500000000
32279  -3.189  -36.837  35.832 0.1250000000
31438  -3.589  -37.453  34.930 0.1250000000
31436  -1.250  -37.134  35.487 0.1250000000
31437  -2.461  -37.495  35.406 0.1250000000
31439  -4.313  -37.105  34.440 0.1250000000
31441  -0.669  -37.480  34.751 0.1250000000
31443  -3.728  -37.726  33.970 0.1250000000
31453  -4.072  -37.414  33.251 0.1250000000
42474  -14.941  -24.290  31.063 0.1250000000
42450  -15.228  -23.836  33.238 0.1250000000
43282  -16.210  -23.397  32.949 0.1250000000
43291  -17.180  -23.496  32.361 0.1250000000
43293  -19.270  -23.154  32.353 0.1250000000
104666  -21.468  -24.929  31.022 0.2500000000
40767  -22.177  -25.747  30.647 0.2500000000
31447  -4.223  -37.319  33.801 0.1250000000
42460  -15.572  -23.853  31.970 0.1250000000
42461  -16.518  -23.680  31.684 0.1250000000
43292  -17.772  -23.267  32.693 0.1250000000
41619  -20.235  -24.453  31.480 0.2500000000
41636  -20.709  -25.169  31.245 0.2500000000
39794  -22.468  -26.853  30.298 0.2500000000
38857  -22.361  -27.677  28.984 0.2500000000
31458  -3.987  -37.397  32.536 0.3750000000
31464  -3.870  -37.285  31.636 0.3750000000
39805  -21.883  -27.203  29.681 0.2500000000
38869  -22.832  -28.151  28.393 0.2500000000
93988  -13.966  -25.148  29.713 0.2500000000
41630  -14.371  -24.735  30.269 0.1250000000
41631  -15.547  -24.242  29.799 0.1250000000
41645  -14.125  -25.219  28.804 0.3750000000
41646  -14.813  -24.770  29.270 0.2500000000
103128  -15.646  -24.643  28.963 0.1250000000
40781  -13.755  -25.467  28.055 0.3750000000
40782  -14.719  -25.104  27.898 0.3750000000
41655  -15.213  -24.865  28.468 0.3750000000
41656  -16.192  -24.898  28.487 0.3750000000
33965  -4.679  -34.536  28.428 0.5000000000
33980  -4.846  -34.323  27.591 0.5000000000
40792  -14.227  -25.393  27.293 0.3750000000
39833  -17.713  -25.757  27.603 0.2500000000
92867  -18.681  -26.265  26.707 0.3750000000
38891  -20.657  -27.327  26.281 0.3750000000
38892  -21.031  -27.727  25.825 0.3750000000
34793  -5.371  -33.626  27.232 0.5000000000
40799  -13.414  -25.658  26.973 0.3750000000
39830  -15.004  -25.318  26.832 0.5000000000
39831  -15.909  -25.350  27.014 0.3750000000
39847  -16.382  -25.514  26.693 0.5000000000
38888  -17.100  -25.725  26.517 0.3750000000
38889  -17.944  -26.042  26.224 0.3750000000
104029  -4.548  -34.837  26.975 0.5000000000
33992  -4.990  -34.216  26.823 0.5000000000
39845  -14.910  -25.311  26.226 0.6250000000
38887  -16.453  -25.630  26.115 0.6250000000
34003  -4.501  -35.001  25.333 0.5000000000
34801  -5.389  -33.791  26.185 0.5000000000
34014  -5.299  -33.973  24.384 0.2500000000
34811  -5.604  -33.539  25.281 0.5000000000
34820  -5.879  -33.211  24.607 0.3750000000
34832  -6.146  -32.853  23.938 0.3750000000
36443  -6.672  -32.228  22.767 0.3750000000
94994  -21.569  -30.036  12.455 0.3750000000
37336  -22.383  -30.281  12.461 0.3750000000
36574  -23.295  -31.012  12.830 0.1250000000
98845  -4.176  -36.750  35.321 0.1250000000
32278  -1.996  -36.634  36.043 0.1250000000
32292  -4.579  -36.773  32.944 0.1250000000
42459  -14.465  -24.463  32.478 0.1250000000
32298  -4.520  -36.520  32.024 0.2500000000
41615  -13.009  -25.458  31.708 0.1250000000
41617  -13.871  -24.906  31.433 0.1250000000
41629  -13.344  -25.360  30.666 0.2500000000
94131  -13.176  -25.617  28.840 0.2500000000
103019  -5.540  -33.225  27.865 0.5000000000
109511  -13.394  -25.645  27.573 0.3750000000
39829  -14.157  -25.416  26.607 0.3750000000
35612  -5.819  -32.926  27.269 0.5000000000
39844  -13.417  -25.578  26.190 0.7500000000
93118  -15.758  -25.469  25.643 0.6250000000
103064  -5.761  -33.197  26.623 0.6250000000
35636  -6.294  -32.483  25.658 0.5000000000
37337  -23.190  -30.233  12.392 0.5000000000
32283  -4.679  -36.660  34.229 0.1250000000
32299  -4.958  -36.091  32.630 0.1250000000
33111  -4.999  -35.591  32.009 0.1250000000
96589  -16.266  -22.733  33.703 0.1250000000
33122  -4.918  -34.997  31.195 0.3750000000
41616  -13.432  -25.151  32.529 0.1250000000
40762  -12.483  -25.906  30.696 0.2500000000
99307  -12.555  -25.927  28.895 0.1250000000
40779  -12.247  -26.137  28.521 0.5000000000
37338  -23.984  -29.746  12.228 0.1250000000
33096  -5.351  -35.638  34.590 0.1250000000
32293  -5.112  -36.074  33.390 0.1250000000
33921  -5.752  -34.784  32.865 0.1250000000
33105  -5.341  -35.453  32.728 0.1250000000
33922  -5.777  -34.126  32.237 0.1250000000
40750  -12.124  -25.950  32.994 0.1250000000
41606  -12.870  -25.421  33.546 0.1250000000
42439  -14.308  -23.869  34.469 0.1250000000
42440  -14.929  -23.713  34.068 0.1250000000
33932  -5.370  -34.862  32.070 0.1250000000
97212  -5.328  -34.277  31.338 0.1250000000
39785  -11.155  -26.874  31.905 0.1250000000
106619  -12.305  -25.974  31.869 0.2500000000
110289  -12.703  -25.618  32.539 0.1250000000
98962  -15.558  -23.273  33.933 0.1250000000
104559  -11.733  -26.429  31.388 0.1250000000
35602  -5.832  -32.710  27.992 0.5000000000
36417  -6.517  -31.855  26.051 0.6250000000
102970  -24.571  -29.321  11.990 0.2500000000
40980  -26.016  -26.708  10.677 0.1250000000
40979  -25.049  -26.191  10.447 0.1250000000
39781  -11.100  -26.862  32.891 0.1250000000
34764  -5.325  -33.737  30.585 0.2500000000
39790  -10.797  -27.284  31.346 0.2500000000
38854  -9.895  -28.073  30.000 0.3750000000
37973  -8.497  -29.010  28.908 0.3750000000
37982  -8.970  -28.472  28.415 0.3750000000
37177  -8.111  -29.246  28.068 0.5000000000
41826  -24.332  -25.464  10.332 0.1250000000
42647  -24.602  -24.471  10.034 0.1250000000
37174  -7.888  -29.592  28.954 0.3750000000
42645  -22.941  -24.968  10.657 0.2500000000
42646  -23.718  -24.876  10.217 0.1250000000
42657  -24.090  -23.944  9.791 0.1250000000
43492  -24.979  -23.465  9.915 0.1250000000
42656  -23.153  -24.281  10.076 0.1250000000
43501  -22.837  -23.055  9.450 0.1250000000
43502  -23.507  -23.417  9.589 0.1250000000
44351  -23.804  -22.483  9.169 0.1250000000
44352  -24.809  -22.240  9.237 0.1250000000
42622  -22.534  -24.262  13.171 0.7500000000
43484  -21.877  -24.051  11.309 0.3750000000
43491  -21.816  -23.647  10.459 0.2500000000
97491  -22.558  -23.718  9.923 0.2500000000
44349  -21.298  -22.367  9.691 0.2500000000
45172  -20.700  -21.896  10.797 0.3750000000
46860  -23.985  -19.574  5.425 0.3750000000
47677  -25.434  -18.804  4.288 0.2500000000
49092  -24.763  -16.433  16.667 0.3750000000
49093  -25.175  -16.114  17.204 0.3750000000
49976  -25.534  -15.565  15.859 0.2500000000
94483  -27.077  -15.516  14.842 0.3750000000
93879  -27.442  -15.503  13.979 0.5000000000
99672  -44.542  0.770  -9.650 0.1250000000
62944  -45.150  0.198  -9.738 0.1250000000
63650  -45.063  0.862  -10.133 0.1250000000
63648  -44.151  1.409  -9.387 0.2500000000
63634  -42.467  1.074  -7.341 0.3750000000
62932  -42.434  0.225  -7.587 0.3750000000
63635  -43.089  1.475  -7.966 0.3750000000
64443  -43.438  2.277  -7.570 0.3750000000
62938  -43.315  0.624  -8.500 0.1250000000
63642  -43.621  1.380  -8.751 0.2500000000
64457  -44.336  2.246  -9.534 0.2500000000
63649  -44.728  1.574  -10.109 0.2500000000
63610  -42.705  1.392  -4.941 0.5000000000
62920  -41.764  0.936  -5.677 0.5000000000
63626  -42.328  1.366  -6.487 0.3750000000
63627  -42.858  1.839  -7.073 0.3750000000
106778  -43.918  1.999  -8.986 0.3750000000
64451  -44.173  2.778  -8.705 0.2500000000
65274  -44.654  3.232  -9.513 0.2500000000
64464  -44.797  2.528  -10.256 0.2500000000
65282  -45.111  3.374  -10.375 0.2500000000
66095  -45.961  4.192  -11.187 0.2500000000
65293  -47.150  3.735  -12.354 0.2500000000
62912  -42.143  0.887  -4.515 0.5000000000
96788  -43.263  1.883  -5.325 0.5000000000
63618  -42.996  1.940  -6.192 0.5000000000
64436  -44.286  2.858  -6.305 0.5000000000
64444  -44.055  2.849  -7.201 0.5000000000
65258  -44.527  3.370  -7.824 0.3750000000
65267  -45.204  4.004  -8.133 0.3750000000
65275  -45.118  4.000  -9.006 0.3750000000
66086  -45.619  4.175  -10.423 0.3750000000
66096  -46.452  4.578  -11.552 0.3750000000
65289  -46.319  3.780  -11.743 0.2500000000
66101  -46.726  4.382  -12.101 0.3750000000
66102  -47.287  4.626  -12.514 0.2500000000
66053  -46.649  4.683  -7.762 0.2500000000
66068  -45.914  4.502  -8.514 0.3750000000
66080  -46.234  4.813  -9.912 0.3750000000
66877  -46.875  5.352  -10.285 0.3750000000
66087  -46.284  4.728  -10.791 0.3750000000
66891  -46.870  5.280  -11.202 0.2500000000
38075  -10.321  -29.606  19.014 0.2500000000
39846  -15.711  -25.402  26.457 0.6250000000
49977  -26.600  -15.486  15.870 0.3750000000
108702  -28.164  -15.583  13.828 0.3750000000
31508  -3.790  -37.460  26.985 0.3750000000
37312  -19.633  -29.898  13.578 0.3750000000
98122  -22.700  -29.661  12.312 0.6250000000
40033  -24.859  -27.338  11.073 0.1250000000
39791  -11.264  -26.795  30.940 0.2500000000
38849  -10.431  -27.675  30.698 0.2500000000
40770  -12.002  -26.273  29.422 0.1250000000
41812  -22.748  -25.199  11.617 0.3750000000
41825  -23.505  -25.660  10.739 0.2500000000
110129  -12.654  -25.934  27.582 0.5000000000
42644  -22.472  -24.798  11.154 0.2500000000
43475  -22.071  -24.044  12.353 0.3750000000
43465  -22.326  -23.535  13.248 0.5000000000
43483  -21.318  -23.215  10.975 0.3750000000
44307  -21.919  -23.269  12.579 0.5000000000
46872  -25.206  -19.478  4.592 0.2500000000
48469  -26.277  -17.392  3.462 0.2500000000
108341  -42.563  1.532  -5.733 0.3750000000
45192  -21.145  -21.493  9.305 0.3750000000
28208  1.345  -41.623  31.022 0.1250000000
29053  0.894  -40.412  31.250 0.3750000000
29837  -2.081  -39.564  31.279 0.3750000000
29058  -2.297  -39.809  30.445 0.2500000000
28216  -2.617  -40.602  29.158 0.2500000000
29844  -2.685  -39.393  29.877 0.2500000000
29075  -3.902  -40.370  27.080 0.2500000000
99261  -3.908  -39.575  27.248 0.2500000000
29862  -4.181  -39.910  26.323 0.2500000000
31547  -5.412  -37.269  22.765 0.1250000000
29823  0.213  -39.204  32.676 0.3750000000
30611  0.634  -38.737  31.403 0.3750000000
30657  -4.100  -38.600  26.281 0.1250000000
32374  -4.265  -36.867  24.412 0.1250000000
31534  -4.341  -37.770  24.371 0.1250000000
29817  -0.028  -38.511  33.118 0.2500000000
31444  0.348  -36.940  32.889 0.1250000000
30604  -3.013  -38.424  32.566 0.5000000000
109693  -5.706  -34.969  22.501 0.1250000000
34025  -5.431  -34.095  23.398 0.2500000000
110622  -6.210  -34.423  22.086 0.1250000000
97656  -6.548  -35.935  22.209 0.1250000000
98435  -6.411  -33.017  22.411 0.1250000000
109474  -7.822  -32.956  20.770 0.1250000000
30597  -0.056  -37.684  33.534 0.2500000000
39792  -20.663  -26.472  30.306 0.2500000000
40765  -20.262  -25.995  30.749 0.2500000000
42451  -18.523  -23.249  32.597 0.1250000000
40774  -19.401  -26.082  29.867 0.1250000000
40775  -20.058  -26.374  30.084 0.2500000000
38856  -21.497  -27.184  29.214 0.2500000000
111583  -18.501  -25.676  29.586 0.1250000000
39819  -19.433  -26.252  28.842 0.2500000000
39820  -20.208  -26.574  28.825 0.2500000000
37984  -21.600  -27.530  27.920 0.2500000000
40773  -17.982  -25.543  29.256 0.1250000000
111716  -18.895  -26.080  28.431 0.2500000000
96245  -20.298  -26.742  27.432 0.2500000000
33155  -4.431  -35.079  27.842 0.5000000000
40783  -15.761  -25.027  27.891 0.3750000000
39817  -17.245  -25.566  27.876 0.3750000000
39816  -16.309  -25.307  27.536 0.3750000000
38879  -19.548  -26.474  27.141 0.2500000000
33991  -4.763  -34.552  26.136 0.5000000000
32287  -4.615  -36.790  33.671 0.1250000000
43283  -17.093  -23.023  33.221 0.1250000000
42465  -20.344  -23.661  31.497 0.2500000000
40772  -13.246  -25.532  29.706 0.3750000000
40793  -15.307  -25.201  27.359 0.3750000000
39832  -16.892  -25.583  27.190 0.3750000000
38878  -17.799  -25.868  26.991 0.2500000000
35624  -5.908  -33.099  25.924 0.6250000000
35635  -6.044  -32.972  25.259 0.5000000000
110265  -22.845  -30.696  12.615 0.2500000000
32288  -5.040  -36.176  34.118 0.1250000000
110728  -12.725  -25.676  31.233 0.2500000000
40771  -12.520  -25.945  29.646 0.2500000000
40780  -12.959  -25.778  28.197 0.3750000000
42449  -14.493  -24.254  33.727 0.1250000000
41607  -13.763  -24.799  33.507 0.1250000000
33100  -5.553  -35.314  33.484 0.1250000000
40757  -11.621  -26.447  32.432 0.1250000000
40741  -12.087  -25.849  34.022 0.1250000000
42448  -13.944  -24.431  34.252 0.1250000000
43274  -14.785  -23.243  34.415 0.1250000000
43275  -15.465  -22.694  34.174 0.1250000000
109291  -5.627  -33.615  31.389 0.2500000000
37974  -9.147  -28.524  29.380 0.3750000000
97973  -22.383  -24.313  10.603 0.3750000000
92746  -21.967  -23.118  9.745 0.2500000000
43490  -21.374  -23.017  10.278 0.2500000000
44331  -20.948  -22.488  10.533 0.3750000000
46873  -25.789  -19.592  4.379 0.2500000000
49978  -27.757  -15.501  15.426 0.2500000000
62943  -44.470  -0.037  -9.281 0.1250000000
62942  -43.919  0.618  -9.108 0.1250000000
62933  -42.814  0.668  -7.953 0.2500000000
64450  -43.626  2.139  -8.350 0.3750000000
62913  -42.995  1.262  -4.030 0.5000000000
64435  -43.514  2.397  -6.698 0.3750000000
99673  -43.877  2.737  -7.966 0.3750000000
65266  -44.676  3.514  -8.634 0.3750000000
103413  -45.209  2.043  -10.595 0.2500000000
100877  -45.150  3.882  -9.773 0.3750000000
65288  -45.646  3.541  -11.089 0.2500000000
64471  -46.120  2.814  -11.477 0.2500000000
64425  -43.749  2.388  -5.791 0.5000000000
66052  -45.867  4.318  -7.697 0.3750000000
66079  -45.661  4.394  -9.469 0.3750000000
97208  -46.298  4.819  -9.136 0.3750000000
66901  -46.902  5.086  -12.000 0.3750000000
66035  -46.304  4.283  -6.929 0.2500000000
66069  -46.818  5.015  -8.527 0.3750000000
38117  -17.954  -29.300  15.673 0.2500000000
93338  -19.578  -30.209  14.521 0.1250000000
36561  -21.755  -31.300  14.139 0.1250000000
94319  -21.908  -30.629  12.712 0.2500000000
43365  -31.415  -23.784  25.582 0.1250000000
103890  -31.684  -24.107  26.902 0.1250000000
41687  -31.206  -25.339  25.515 0.1250000000
42537  -31.221  -24.408  25.039 0.1250000000
43377  -30.948  -23.612  24.518 0.1250000000
44180  -30.580  -22.987  24.043 0.1250000000
40833  -29.922  -26.414  24.194 0.1250000000
41695  -30.107  -25.478  23.796 0.1250000000
42548  -30.153  -24.537  23.470 0.1250000000
42558  -30.407  -23.418  23.598 0.1250000000
41699  -29.562  -24.975  22.991 0.1250000000
110147  -30.169  -23.833  23.286 0.1250000000
42521  -31.397  -24.744  26.759 0.1250000000
44179  -30.074  -22.435  23.602 0.1250000000
40827  -30.916  -26.090  25.756 0.1250000000
44187  -30.057  -22.855  23.196 0.1250000000
39885  -29.513  -27.395  24.614 0.1250000000
42557  -29.605  -23.970  22.774 0.1250000000
42565  -28.902  -23.762  22.274 0.1250000000
44199  -29.180  -23.084  22.418 0.1250000000
42564  -28.526  -24.197  21.741 0.1250000000
99010  -28.528  -23.293  21.735 0.1250000000
105936  -29.449  -23.340  27.020 0.1250000000
99659  -29.977  -26.079  26.386 0.1250000000
40806  -30.821  -25.609  26.497 0.1250000000
40818  -30.906  -26.039  26.078 0.1250000000
40804  -29.307  -26.914  25.990 0.1250000000
39861  -29.580  -27.095  25.634 0.1250000000
102308  -28.006  -29.598  26.742 0.1250000000
38001  -27.924  -29.862  26.682 0.1250000000
38894  -28.336  -29.035  26.051 0.1250000000
98062  -28.634  -22.547  21.941 0.1250000000
37180  -26.560  -29.900  27.372 0.1250000000
42573  -28.119  -23.916  21.123 0.1250000000
41667  -29.787  -25.247  26.646 0.1250000000
43355  -28.789  -23.840  26.490 0.1250000000
41676  -28.813  -25.219  26.228 0.1250000000
43354  -28.202  -23.430  25.552 0.1250000000
109625  -28.745  -26.930  26.014 0.1250000000
40803  -28.179  -27.695  26.183 0.1250000000
39859  -27.073  -27.533  26.451 0.1250000000
40825  -27.290  -26.140  25.220 0.1250000000
45081  -27.302  -21.975  20.034 0.2500000000
45909  -27.448  -21.265  20.299 0.2500000000
107424  -26.659  -20.855  19.121 0.3750000000
46710  -27.030  -20.613  19.756 0.2500000000
45917  -26.968  -21.226  19.547 0.2500000000
95953  -29.920  -18.781  4.234 0.1250000000
47524  -26.417  -18.420  19.846 0.2500000000
46083  -27.933  -20.090  4.598 0.1250000000
46068  -28.491  -20.331  5.265 0.1250000000
47678  -26.236  -18.995  3.879 0.1250000000
46875  -27.833  -19.504  3.958 0.1250000000
47679  -28.858  -19.005  3.874 0.1250000000
47691  -29.489  -18.249  3.395 0.1250000000
48321  -25.533  -17.595  18.393 0.2500000000
47545  -25.277  -18.388  17.913 0.2500000000
47689  -26.570  -18.275  3.505 0.1250000000
48471  -27.887  -17.928  2.888 0.1250000000
48482  -27.432  -17.087  2.757 0.1250000000
97452  -28.587  -18.354  3.218 0.1250000000
48472  -28.780  -17.732  2.804 0.1250000000
100442  -27.035  -16.228  2.838 0.1250000000
50128  -27.751  -15.710  2.532 0.1250000000
50113  -27.089  -15.202  2.959 0.2500000000
52562  -27.589  -12.663  2.931 0.2500000000
52563  -28.060  -12.428  2.492 0.3750000000
52600  -30.695  -11.845  0.714 0.1250000000
99115  -32.822  -10.716  -0.456 0.1250000000
54163  -33.530  -10.409  -0.751 0.1250000000
53388  -33.460  -11.363  -0.522 0.1250000000
54926  -32.682  -9.766  -0.383 0.2500000000
62896  -44.842  0.564  -2.584 0.2500000000
62897  -45.615  0.669  -2.434 0.1250000000
62898  -46.442  0.725  -2.223 0.1250000000
62903  -44.365  1.110  -3.170 0.2500000000
62902  -43.470  0.854  -3.350 0.2500000000
63594  -46.036  1.251  -2.718 0.1250000000
63593  -45.205  1.194  -2.900 0.2500000000
63598  -43.842  1.451  -3.742 0.2500000000
108562  -44.363  1.557  -3.588 0.2500000000
64395  -45.251  2.231  -3.834 0.2500000000
63611  -43.542  1.720  -4.467 0.3750000000
64412  -44.042  2.255  -4.903 0.3750000000
65245  -44.796  3.377  -6.830 0.3750000000
65259  -45.380  3.880  -7.290 0.3750000000
63599  -44.381  1.962  -4.038 0.3750000000
64413  -44.875  2.552  -4.575 0.3750000000
64426  -44.558  2.762  -5.427 0.3750000000
65227  -45.062  3.317  -5.948 0.3750000000
65246  -45.629  3.743  -6.475 0.3750000000
38002  -28.295  -29.571  26.188 0.1250000000
37185  -27.594  -30.014  26.675 0.2500000000
38011  -28.460  -29.496  25.388 0.1250000000
39871  -29.663  -27.255  25.320 0.1250000000
41706  -28.951  -24.536  22.392 0.1250000000
39027  -17.959  -28.879  14.692 0.2500000000
39860  -28.833  -28.094  25.450 0.1250000000
94327  -18.481  -29.449  14.852 0.3750000000
107962  -27.267  -21.573  20.013 0.2500000000
49291  -26.392  -16.504  3.371 0.1250000000
51699  -27.335  -13.317  3.228 0.2500000000
53361  -28.265  -11.611  2.554 0.3750000000
53347  -27.678  -11.986  3.014 0.3750000000
109559  -29.549  -12.137  1.453 0.2500000000
52564  -28.794  -12.112  1.908 0.2500000000
37314  -21.071  -30.845  13.661 0.1250000000
36572  -21.821  -31.058  13.234 0.1250000000
66902  -47.529  5.454  -12.498 0.2500000000
104256  -26.419  -19.666  4.220 0.1250000000
37303  -20.071  -30.594  15.164 0.1250000000
37313  -20.267  -30.530  14.123 0.1250000000
42530  -31.560  -24.551  26.277 0.1250000000
101173  -31.256  -24.090  27.112 0.1250000000
41686  -30.595  -25.892  24.844 0.1250000000
41696  -30.699  -24.970  24.397 0.1250000000
41677  -31.282  -25.498  26.247 0.1250000000
42549  -30.658  -24.103  23.988 0.1250000000
40826  -30.267  -26.645  25.202 0.1250000000
43388  -29.899  -23.281  22.927 0.1250000000
42520  -30.799  -24.816  26.971 0.1250000000
40817  -30.382  -26.486  25.712 0.1250000000
44165  -28.618  -22.960  26.534 0.1250000000
42519  -29.929  -24.181  27.052 0.1250000000
40805  -30.335  -26.353  26.084 0.1250000000
39850  -28.600  -27.990  25.812 0.1250000000
40816  -29.053  -26.118  26.241 0.1250000000
38000  -27.381  -29.902  27.139 0.1250000000
37991  -27.495  -29.702  27.233 0.1250000000
37990  -26.896  -29.612  27.656 0.1250000000
42529  -29.000  -24.601  26.531 0.1250000000
38893  -28.059  -28.836  26.544 0.1250000000
38882  -27.534  -29.387  27.260 0.1250000000
39849  -27.455  -28.503  27.031 0.1250000000
40815  -27.254  -26.892  25.738 0.1250000000
41685  -27.482  -25.244  24.888 0.1250000000
41684  -26.733  -25.697  24.442 0.1250000000
40824  -26.497  -26.326  24.984 0.1250000000
46082  -27.064  -20.086  4.415 0.1250000000
46874  -26.930  -19.401  3.869 0.1250000000
96937  -28.644  -19.715  4.590 0.1250000000
46885  -27.369  -19.016  3.615 0.1250000000
46884  -26.856  -18.850  3.615 0.1250000000
103734  -27.972  -18.747  3.401 0.1250000000
47690  -27.289  -18.426  3.328 0.1250000000
48470  -27.026  -17.690  3.111 0.1250000000
48483  -28.229  -17.111  2.576 0.1250000000
49302  -27.774  -16.484  2.570 0.1250000000
48484  -29.084  -17.024  2.452 0.1250000000
98312  -26.798  -16.982  3.033 0.1250000000
50906  -27.827  -14.719  2.505 0.2500000000
49303  -28.535  -16.268  2.333 0.1250000000
109745  -27.626  -13.886  2.687 0.2500000000
51709  -27.830  -13.212  2.572 0.2500000000
111637  -46.831  1.264  -2.481 0.1250000000
99375  -44.862  1.654  -3.451 0.2500000000
40814  -26.378  -26.776  25.671 0.1250000000
30658  -4.213  -38.313  25.278 0.1250000000
30668  -4.427  -38.502  24.398 0.1250000000
29892  -4.635  -39.122  24.058 0.1250000000
37173  -7.297  -30.308  29.049 0.3750000000
36470  -9.364  -31.459  19.592 0.1250000000
36469  -8.685  -31.182  20.212 0.1250000000
37248  -10.323  -30.729  18.827 0.1250000000
37233  -9.137  -30.566  19.838 0.1250000000
37247  -9.680  -30.089  19.454 0.1250000000
110836  -10.832  -29.554  18.572 0.1250000000
49076  -25.483  -16.669  17.987 0.2500000000
49949  -25.807  -15.565  16.772 0.2500000000
49108  -24.978  -15.836  16.420 0.1250000000
111833  -26.569  -15.467  16.624 0.2500000000
49965  -27.422  -15.489  16.482 0.2500000000
97953  -28.023  -15.529  14.506 0.2500000000
51630  -33.391  -13.638  10.678 0.2500000000
57270  -39.929  -6.404  3.603 0.3750000000
49094  -25.901  -15.817  17.717 0.2500000000
106631  -4.391  -38.962  24.798 0.1250000000
102055  -9.037  -32.133  19.843 0.1250000000
111485  -9.670  -30.893  19.325 0.1250000000
37979  -25.616  -29.178  28.286 0.2500000000
40777  -24.460  -27.053  29.724 0.1250000000
38860  -24.661  -28.021  29.356 0.1250000000
38872  -25.130  -28.781  28.730 0.1250000000
40768  -23.188  -26.102  30.250 0.1250000000
39795  -23.349  -26.934  30.160 0.1250000000
38859  -23.708  -28.284  29.179 0.1250000000
38871  -24.308  -28.757  28.658 0.1250000000
37978  -24.778  -29.092  28.233 0.2500000000
42481  -22.023  -24.833  30.574 0.1250000000
39806  -22.888  -27.646  29.551 0.1250000000
38858  -23.040  -28.162  28.836 0.1250000000
37977  -24.004  -28.927  28.026 0.1250000000
38870  -23.546  -28.585  28.449 0.1250000000
37986  -23.585  -28.871  27.430 0.1250000000
40787  -24.951  -27.340  29.284 0.1250000000
39822  -25.329  -28.201  28.986 0.1250000000
38873  -25.844  -28.785  28.563 0.2500000000
40776  -23.964  -26.513  30.027 0.1250000000
41637  -22.841  -25.342  30.191 0.1250000000
37988  -25.214  -29.408  27.929 0.2500000000
43295  -20.274  -23.194  31.446 0.1250000000
42480  -21.381  -24.246  30.941 0.1250000000
42490  -21.732  -24.313  30.490 0.1250000000
43302  -20.626  -23.244  31.080 0.1250000000
37989  -26.107  -29.523  27.906 0.2500000000
42491  -22.442  -24.839  30.140 0.1250000000
37179  -25.603  -29.755  27.488 0.2500000000
37184  -25.831  -30.110  26.656 0.2500000000
43310  -20.776  -23.294  30.567 0.1250000000
43311  -21.352  -23.837  30.155 0.1250000000
43309  -20.295  -22.797  30.950 0.1250000000
36575  -23.995  -30.648  12.653 0.1250000000
45066  -27.771  -21.760  20.807 0.1250000000
45910  -27.945  -21.377  21.106 0.1250000000
45903  -28.031  -20.805  21.383 0.1250000000
46691  -27.834  -19.776  21.998 0.1250000000
47499  -27.958  -18.906  22.941 0.1250000000
93482  -27.545  -20.735  20.611 0.1250000000
48289  -27.823  -17.644  22.773 0.1250000000
49028  -29.228  -16.219  23.876 0.1250000000
107983  -27.148  -19.985  20.301 0.1250000000
47506  -27.432  -18.454  22.080 0.1250000000
96084  -27.229  -19.021  21.425 0.1250000000
48297  -27.461  -17.295  21.815 0.1250000000
47515  -27.029  -18.056  21.262 0.1250000000
49867  -29.660  -15.709  23.534 0.1250000000
47514  -26.846  -18.957  20.617 0.1250000000
49035  -28.061  -16.428  22.310 0.1250000000
48290  -28.490  -16.833  23.338 0.1250000000
48305  -26.709  -17.712  20.457 0.1250000000
106653  -26.449  -17.433  19.786 0.1250000000
48306  -27.198  -16.944  20.954 0.1250000000
108840  -30.301  -15.595  23.346 0.1250000000
49036  -28.765  -15.814  23.017 0.1250000000
49044  -28.536  -15.743  22.208 0.1250000000
49887  -28.675  -15.600  21.620 0.1250000000
49043  -28.047  -15.825  21.544 0.1250000000
47533  -25.993  -17.809  19.155 0.1250000000
49054  -26.908  -16.597  20.067 0.1250000000
49055  -27.573  -15.908  20.740 0.1250000000
49875  -29.347  -15.583  22.581 0.1250000000
49888  -29.671  -15.630  21.629 0.1250000000
49903  -28.861  -15.561  20.842 0.1250000000
49066  -27.337  -15.821  19.917 0.1250000000
49902  -28.064  -15.496  20.169 0.1250000000
49886  -28.137  -15.572  20.998 0.1250000000
49077  -26.262  -16.172  18.576 0.1250000000
48314  -26.358  -16.747  19.301 0.1250000000
97796  -25.879  -16.922  18.725 0.1250000000
95840  -30.872  -15.997  21.503 0.1250000000
49924  -28.766  -15.560  19.142 0.1250000000
102284  -29.122  -15.613  20.010 0.1250000000
109683  -28.168  -15.504  18.708 0.1250000000
49936  -27.704  -15.537  18.275 0.1250000000
49922  -26.915  -15.706  18.750 0.1250000000
49923  -27.584  -15.579  19.221 0.1250000000
49065  -26.833  -16.030  19.338 0.1250000000
49904  -30.190  -15.794  20.560 0.1250000000
49925  -30.063  -15.759  19.411 0.1250000000
49937  -28.789  -15.582  18.228 0.1250000000
49935  -26.723  -15.607  18.047 0.1250000000
98806  -26.599  -15.497  17.224 0.1250000000
49950  -27.536  -15.510  17.400 0.1250000000
49926  -31.290  -15.934  19.835 0.1250000000
49939  -30.997  -15.731  18.808 0.1250000000
49938  -29.868  -15.673  18.448 0.1250000000
49951  -28.569  -15.590  17.465 0.1250000000
99461  -28.301  -15.574  16.794 0.1250000000
108726  -29.374  -15.615  16.601 0.1250000000
50129  -28.531  -15.411  2.224 0.1250000000
105728  -29.279  -15.412  1.958 0.1250000000
50907  -28.766  -14.694  2.070 0.1250000000
49067  -31.981  -15.832  19.297 0.1250000000
49079  -31.593  -15.721  18.216 0.1250000000
49078  -30.720  -15.662  17.842 0.1250000000
49952  -29.668  -15.638  17.554 0.1250000000
49095  -30.480  -15.660  16.927 0.1250000000
49979  -28.734  -15.537  15.011 0.1250000000
52473  -37.489  -12.265  12.930 0.1250000000
100347  -28.251  -13.916  2.286 0.1250000000
49096  -31.339  -15.675  17.317 0.1250000000
49111  -31.155  -15.661  16.364 0.1250000000
49110  -30.293  -15.628  16.043 0.1250000000
49109  -29.496  -15.580  15.570 0.1250000000
52478  -37.110  -11.916  12.117 0.1250000000
52477  -36.419  -12.225  11.711 0.1250000000
53271  -36.829  -11.646  11.372 0.1250000000
53286  -37.237  -11.112  11.016 0.1250000000
52483  -35.496  -12.252  10.769 0.1250000000
54082  -36.976  -10.861  10.339 0.1250000000
53294  -35.602  -11.461  9.720 0.1250000000
53307  -36.043  -10.904  9.316 0.1250000000
105841  -30.734  -15.650  15.598 0.1250000000
49127  -30.171  -15.626  15.310 0.1250000000
49126  -29.573  -15.633  14.642 0.1250000000
105535  -30.519  -15.693  14.822 0.1250000000
49987  -28.754  -15.612  14.179 0.1250000000
52472  -36.698  -12.545  12.521 0.1250000000
51632  -35.130  -12.838  11.313 0.1250000000
52476  -35.817  -12.419  11.354 0.1250000000
51643  -34.090  -12.831  10.251 0.1250000000
52482  -34.782  -12.557  10.518 0.1250000000
54092  -36.739  -10.621  9.631 0.1250000000
106841  -36.925  -9.867  8.553 0.1250000000
52471  -35.841  -12.840  12.071 0.1250000000
51631  -34.358  -13.116  10.919 0.1250000000
54093  -37.408  -10.329  9.946 0.1250000000
51625  -34.551  -13.494  11.644 0.1250000000
93087  -35.154  -13.304  12.003 0.1250000000
54867  -37.030  -9.429  7.911 0.1250000000
50804  -34.083  -14.150  12.091 0.1250000000
54928  -34.260  -9.198  -1.206 0.2500000000
57335  -39.357  -6.248  -4.306 0.1250000000
63658  -47.034  1.042  -11.174 0.1250000000
64466  -45.781  2.048  -11.038 0.1250000000
64427  -45.394  3.126  -5.120 0.2500000000
65228  -45.912  3.572  -5.684 0.2500000000
66017  -47.162  4.325  -6.170 0.2500000000
65247  -46.324  3.953  -6.178 0.2500000000
63662  -46.560  1.907  -11.414 0.1250000000
65209  -46.451  3.371  -4.867 0.2500000000
111184  -47.308  4.116  -5.592 0.2500000000
93632  -48.280  4.814  -6.348 0.2500000000
66036  -47.396  4.754  -7.046 0.1250000000
66055  -48.464  5.245  -7.142 0.1250000000
64484  -46.750  3.120  -11.990 0.1250000000
64472  -46.970  2.425  -11.824 0.1250000000
63674  -48.145  2.024  -12.227 0.1250000000
66844  -47.557  5.432  -8.630 0.1250000000
64486  -48.742  2.617  -12.684 0.1250000000
104564  -47.555  5.815  -9.807 0.1250000000
65294  -47.988  3.331  -12.679 0.1250000000
66103  -47.933  4.084  -12.908 0.1250000000
65306  -48.823  3.422  -13.186 0.1250000000
54103  -36.502  -10.356  8.894 0.1250000000
53295  -36.320  -11.182  10.007 0.1250000000
41620  -20.919  -24.287  31.287 0.1250000000
66863  -46.995  5.326  -9.320 0.1250000000
42479  -20.812  -23.709  31.175 0.1250000000
49966  -28.551  -15.530  15.966 0.1250000000
64465  -45.388  2.725  -10.857 0.1250000000
66054  -47.690  5.216  -7.892 0.1250000000
46709  -26.684  -19.569  19.764 0.1250000000
39807  -23.925  -27.450  29.851 0.1250000000
43303  -21.156  -23.753  30.816 0.1250000000
43301  -19.775  -22.481  31.386 0.1250000000
46701  -27.444  -19.908  21.030 0.1250000000
99885  -27.631  -16.395  21.463 0.1250000000
52484  -36.183  -11.958  11.024 0.1250000000
53285  -36.580  -11.420  10.682 0.1250000000
54083  -37.641  -10.576  10.662 0.1250000000
106976  -47.031  0.396  -10.685 0.1250000000
63656  -45.551  1.332  -10.560 0.1250000000
65229  -46.721  3.847  -5.589 0.2500000000
63663  -47.524  1.691  -11.716 0.1250000000
64414  -45.781  2.756  -4.338 0.2500000000
64485  -47.540  2.769  -12.308 0.1250000000
66845  -48.392  5.711  -8.390 0.1250000000
29836  0.668  -39.523  30.907 0.2500000000
97224  0.382  -40.225  29.662 0.1250000000
29848  0.033  -39.357  29.249 0.1250000000
30614  0.537  -38.342  30.542 0.1250000000
30621  0.168  -38.424  29.525 0.1250000000
30622  -0.204  -38.485  28.562 0.1250000000
31456  0.547  -37.955  31.938 0.1250000000
98727  0.630  -36.947  31.601 0.1250000000
31451  0.495  -36.998  32.353 0.1250000000
45193  -21.792  -21.892  9.071 0.1250000000
45220  -22.443  -20.902  7.963 0.1250000000
46034  -22.828  -20.637  7.217 0.1250000000
46048  -23.944  -20.940  5.984 0.1250000000
46065  -25.815  -20.920  5.040 0.1250000000
96235  -25.137  -20.958  5.215 0.1250000000
46080  -25.292  -20.251  4.782 0.1250000000
45205  -21.900  -21.293  8.623 0.1250000000
46064  -24.479  -20.482  5.337 0.1250000000
46063  -23.737  -20.199  5.754 0.2500000000
102074  0.361  -37.636  32.476 0.1250000000
29843  0.413  -39.385  30.071 0.1250000000
31484  -0.010  -37.567  28.899 0.1250000000
31462  0.641  -37.813  31.286 0.1250000000
45245  -24.719  -21.293  5.739 0.1250000000
44391  -25.123  -21.838  6.331 0.1250000000
27413  -2.253  -42.514  28.933 0.1250000000
26607  -2.231  -43.542  29.427 0.1250000000
95255  -2.115  -41.648  29.936 0.1250000000
28220  -2.388  -41.361  29.100 0.1250000000
29069  -3.419  -40.714  27.750 0.1250000000
28221  -2.901  -41.127  28.322 0.1250000000
28232  -3.881  -41.318  26.876 0.1250000000
29076  -4.297  -40.817  26.033 0.1250000000
38099  -17.992  -29.595  16.844 0.1250000000
37292  -18.614  -29.843  16.345 0.1250000000
38843  -10.362  -27.848  31.584 0.1250000000
37302  -19.090  -30.029  15.443 0.1250000000
36573  -22.551  -31.045  12.904 0.1250000000
38842  -9.882  -28.484  31.740 0.1250000000
37968  -9.301  -28.893  31.123 0.1250000000
37964  -8.686  -29.588  31.228 0.1250000000
38848  -9.910  -28.283  30.910 0.1250000000
37168  -8.060  -29.960  30.402 0.1250000000
37967  -8.732  -29.271  30.548 0.1250000000
37971  -9.242  -28.695  30.287 0.1250000000
37170  -7.335  -30.528  29.838 0.1250000000
37970  -8.479  -29.292  29.719 0.1250000000
37171  -7.774  -29.914  29.600 0.1250000000
54164  -34.318  -10.654  -1.025 0.1250000000
110377  -34.076  -9.940  -1.072 0.1250000000
54172  -34.865  -9.978  -1.384 0.1250000000
57260  -40.750  -6.307  4.568 0.1250000000
57271  -41.136  -5.920  3.363 0.1250000000
57262  -42.039  -5.704  4.483 0.1250000000
107694  -41.568  -5.757  3.537 0.1250000000
57280  -41.764  -5.653  3.035 0.1250000000
58121  -42.556  -5.425  3.271 0.1250000000
58126  -41.631  -5.549  2.266 0.1250000000
58127  -42.357  -5.399  2.499 0.1250000000
97928  -42.124  -5.361  1.875 0.1250000000
61443  -42.709  -1.231  -7.485 0.1250000000
62201  -42.695  -0.502  -7.742 0.1250000000
62208  -43.002  -0.069  -8.164 0.1250000000
63600  -45.678  1.761  -3.265 0.1250000000
64397  -47.136  2.426  -3.494 0.1250000000
64415  -46.738  2.859  -4.090 0.1250000000
65230  -47.413  3.845  -5.085 0.1250000000
64398  -48.158  2.560  -3.327 0.1250000000
65210  -47.549  3.366  -4.389 0.1250000000
99058  -48.126  4.377  -5.511 0.1250000000
65200  -48.656  3.294  -3.763 0.1250000000
65231  -48.588  3.996  -4.644 0.1250000000
110893  -48.996  4.447  -5.136 0.1250000000
66018  -49.298  4.861  -5.679 0.1250000000
66037  -49.319  5.294  -6.531 0.1250000000
66829  -49.512  5.636  -7.294 0.1250000000
66828  -48.699  5.580  -7.763 0.1250000000
54936  -35.593  -9.481  -1.708 0.1250000000
59044  -40.381  -4.062  -5.402 0.1250000000
59045  -41.117  -3.838  -5.796 0.1250000000
107690  -40.592  -6.229  3.831 0.1250000000
37980  -26.364  -29.303  28.098 0.1250000000
64396  -46.162  2.347  -3.643 0.1250000000
27408  -1.870  -42.631  29.925 0.1250000000
28233  -4.491  -41.649  26.168 0.1250000000
54165  -35.171  -10.967  -1.158 0.1250000000
102949  -41.360  -5.929  4.052 0.1250000000
63602  -47.657  2.098  -3.008 0.1250000000
64416  -47.630  2.869  -3.845 0.1250000000
28226  -3.390  -41.418  27.565 0.1250000000
30607  0.566  -39.008  31.902 0.3750000000
46032  -21.670  -20.019  8.139 0.3750000000
54104  -37.182  -10.078  9.202 0.1250000000
100013  -29.336  -11.416  1.568 0.2500000000
111553  -4.239  -36.165  24.638 0.1250000000
