
Sat Mar 14 10:28:23 CET 2026
cd /out/sourcedata/freesurfer/sub-v2s9x29157_ses-1
setenv SUBJECTS_DIR /out/sourcedata/freesurfer
/opt/freesurfer/bin/recon-all -autorecon1 -i /work/fmriprep_25_2_wf/sub_v2s9x29157_ses_1_wf/anat_fit_wf/anat_validate/sub-v2s9x29157_ses-1_run-1_T1w_noise_corrected_ras_valid.nii.gz -noskullstrip -noT2pial -noFLAIRpial -openmp 16 -subjid sub-v2s9x29157_ses-1 -sd /out/sourcedata/freesurfer

subjid sub-v2s9x29157_ses-1
setenv SUBJECTS_DIR /out/sourcedata/freesurfer
FREESURFER_HOME /opt/freesurfer
Actual FREESURFER_HOME /opt/freesurfer
build-stamp.txt: freesurfer-linux-ubuntu22_x86_64-7.3.2-20220804-6354275
Linux dna071 5.14.0-427.37.1.el9_4.x86_64 #1 SMP PREEMPT_DYNAMIC Fri Sep 13 12:41:50 EDT 2024 x86_64 x86_64 x86_64 GNU/Linux
cputime      unlimited
filesize     unlimited
datasize     unlimited
stacksize    8192 kbytes
coredumpsize 0 kbytes
memoryuse    67108864 kbytes
vmemoryuse   unlimited
descriptors  1024 
memorylocked unlimited
maxproc      2061970 
maxlocks     unlimited
maxsignal    2062029 
maxmessage   819200 
maxnice      0 
maxrtprio    0 
maxrttime    unlimited

               total        used        free      shared  buff/cache   available
Mem:           503Gi        42Gi       308Gi       9.4Gi       151Gi       447Gi
Swap:             0B          0B          0B

########################################
program versions used
7.3.2 (freesurfer-linux-ubuntu22_x86_64-7.3.2-20220804-6354275)
7.3.2

ProgramName: lta_convert  ProgramArguments: lta_convert -all-info  ProgramVersion: 7.3.2  TimeStamp: 2026/03/14-09:28:23-GMT  BuildTime: Aug  4 2022 06:17:15  BuildStamp: freesurfer-linux-ubuntu22_x86_64-7.3.2-20220804-6354275  User: oesteban  Machine: dna071  Platform: Linux  PlatformVersion: 5.14.0-427.37.1.el9_4.x86_64  CompilerName: GCC  CompilerVersion: 8.4.0
ProgramName: mri_and  ProgramArguments: mri_and -all-info  ProgramVersion: 7.3.2  TimeStamp: 2026/03/14-09:28:23-GMT  BuildTime: Aug  4 2022 06:17:15  BuildStamp: freesurfer-linux-ubuntu22_x86_64-7.3.2-20220804-6354275  User: oesteban  Machine: dna071  Platform: Linux  PlatformVersion: 5.14.0-427.37.1.el9_4.x86_64  CompilerName: GCC  CompilerVersion: 8.4.0
ProgramName: mri_annotation2label  ProgramArguments: mri_annotation2label -all-info  ProgramVersion: 7.3.2  TimeStamp: 2026/03/14-09:28:23-GMT  BuildTime: Aug  4 2022 06:17:15  BuildStamp: freesurfer-linux-ubuntu22_x86_64-7.3.2-20220804-6354275  User: oesteban  Machine: dna071  Platform: Linux  PlatformVersion: 5.14.0-427.37.1.el9_4.x86_64  CompilerName: GCC  CompilerVersion: 8.4.0
ProgramName: mri_aparc2aseg  ProgramArguments: mri_aparc2aseg -all-info  ProgramVersion: 7.3.2  TimeStamp: 2026/03/14-09:28:23-GMT  BuildTime: Aug  4 2022 06:17:15  BuildStamp: freesurfer-linux-ubuntu22_x86_64-7.3.2-20220804-6354275  User: oesteban  Machine: dna071  Platform: Linux  PlatformVersion: 5.14.0-427.37.1.el9_4.x86_64  CompilerName: GCC  CompilerVersion: 8.4.0
ProgramName: mri_surf2volseg  ProgramArguments: mri_surf2volseg -all-info  ProgramVersion: 7.3.2  TimeStamp: 2026/03/14-09:28:23-GMT  BuildTime: Aug  4 2022 06:17:15  BuildStamp: freesurfer-linux-ubuntu22_x86_64-7.3.2-20220804-6354275  User: oesteban  Machine: dna071  Platform: Linux  PlatformVersion: 5.14.0-427.37.1.el9_4.x86_64  CompilerName: GCC  CompilerVersion: 8.4.0
ProgramName: mri_binarize  ProgramArguments: mri_binarize -all-info  ProgramVersion: 7.3.2  TimeStamp: 2026/03/14-09:28:23-GMT  BuildTime: Aug  4 2022 06:17:15  BuildStamp: freesurfer-linux-ubuntu22_x86_64-7.3.2-20220804-6354275  User: oesteban  Machine: dna071  Platform: Linux  PlatformVersion: 5.14.0-427.37.1.el9_4.x86_64  CompilerName: GCC  CompilerVersion: 8.4.0
ProgramName: mri_ca_label  ProgramArguments: mri_ca_label -all-info  ProgramVersion: 7.3.2  TimeStamp: 2026/03/14-09:28:23-GMT  BuildTime: Aug  4 2022 06:17:15  BuildStamp: freesurfer-linux-ubuntu22_x86_64-7.3.2-20220804-6354275  User: oesteban  Machine: dna071  Platform: Linux  PlatformVersion: 5.14.0-427.37.1.el9_4.x86_64  CompilerName: GCC  CompilerVersion: 8.4.0
ProgramName: mri_ca_normalize  ProgramArguments: mri_ca_normalize -all-info  ProgramVersion: 7.3.2  TimeStamp: 2026/03/14-09:28:23-GMT  BuildTime: Aug  4 2022 06:17:15  BuildStamp: freesurfer-linux-ubuntu22_x86_64-7.3.2-20220804-6354275  User: oesteban  Machine: dna071  Platform: Linux  PlatformVersion: 5.14.0-427.37.1.el9_4.x86_64  CompilerName: GCC  CompilerVersion: 8.4.0
ProgramName: mri_ca_register  ProgramArguments: mri_ca_register -all-info  ProgramVersion: 7.3.2  TimeStamp: 2026/03/14-09:28:23-GMT  BuildTime: Aug  4 2022 06:17:15  BuildStamp: freesurfer-linux-ubuntu22_x86_64-7.3.2-20220804-6354275  User: oesteban  Machine: dna071  Platform: Linux  PlatformVersion: 5.14.0-427.37.1.el9_4.x86_64  CompilerName: GCC  CompilerVersion: 8.4.0
ProgramName: mri_cc  ProgramArguments: mri_cc -all-info  ProgramVersion: 7.3.2  TimeStamp: 2026/03/14-09:28:23-GMT  BuildTime: Aug  4 2022 06:17:15  BuildStamp: freesurfer-linux-ubuntu22_x86_64-7.3.2-20220804-6354275  User: oesteban  Machine: dna071  Platform: Linux  PlatformVersion: 5.14.0-427.37.1.el9_4.x86_64  CompilerName: GCC  CompilerVersion: 8.4.0
ProgramName: mri_compute_overlap  ProgramArguments: mri_compute_overlap -all-info  ProgramVersion: 7.3.2  TimeStamp: 2026/03/14-09:28:23-GMT  BuildTime: Aug  4 2022 06:17:15  BuildStamp: freesurfer-linux-ubuntu22_x86_64-7.3.2-20220804-6354275  User: oesteban  Machine: dna071  Platform: Linux  PlatformVersion: 5.14.0-427.37.1.el9_4.x86_64  CompilerName: GCC  CompilerVersion: 8.4.0
ProgramName: mri_compute_seg_overlap  ProgramArguments: mri_compute_seg_overlap -all-info  ProgramVersion: 7.3.2  TimeStamp: 2026/03/14-09:28:23-GMT  BuildTime: Aug  4 2022 06:17:15  BuildStamp: freesurfer-linux-ubuntu22_x86_64-7.3.2-20220804-6354275  User: oesteban  Machine: dna071  Platform: Linux  PlatformVersion: 5.14.0-427.37.1.el9_4.x86_64  CompilerName: GCC  CompilerVersion: 8.4.0
ProgramName: mri_concat  ProgramArguments: mri_concat -all-info  ProgramVersion: 7.3.2  TimeStamp: 2026/03/14-09:28:23-GMT  BuildTime: Aug  4 2022 06:17:15  BuildStamp: freesurfer-linux-ubuntu22_x86_64-7.3.2-20220804-6354275  User: oesteban  Machine: dna071  Platform: Linux  PlatformVersion: 5.14.0-427.37.1.el9_4.x86_64  CompilerName: GCC  CompilerVersion: 8.4.0
ProgramName: mri_concatenate_lta  ProgramArguments: mri_concatenate_lta -all-info  ProgramVersion: 7.3.2  TimeStamp: 2026/03/14-09:28:23-GMT  BuildTime: Aug  4 2022 06:17:15  BuildStamp: freesurfer-linux-ubuntu22_x86_64-7.3.2-20220804-6354275  User: oesteban  Machine: dna071  Platform: Linux  PlatformVersion: 5.14.0-427.37.1.el9_4.x86_64  CompilerName: GCC  CompilerVersion: 8.4.0
mri_convert -all-info 
ProgramName: mri_convert  ProgramArguments: mri_convert -all-info  ProgramVersion: 7.3.2  TimeStamp: 2026/03/14-09:28:23-GMT  BuildTime: Aug  4 2022 06:17:15  BuildStamp: freesurfer-linux-ubuntu22_x86_64-7.3.2-20220804-6354275  User: oesteban  Machine: dna071  Platform: Linux  PlatformVersion: 5.14.0-427.37.1.el9_4.x86_64  CompilerName: GCC  CompilerVersion: 8.4.0
ProgramName: mri_diff  ProgramArguments: mri_diff -all-info  ProgramVersion: 7.3.2  TimeStamp: 2026/03/14-09:28:23-GMT  BuildTime: Aug  4 2022 06:17:15  BuildStamp: freesurfer-linux-ubuntu22_x86_64-7.3.2-20220804-6354275  User: oesteban  Machine: dna071  Platform: Linux  PlatformVersion: 5.14.0-427.37.1.el9_4.x86_64  CompilerName: GCC  CompilerVersion: 8.4.0
ProgramName: mri_edit_wm_with_aseg  ProgramArguments: mri_edit_wm_with_aseg -all-info  ProgramVersion: 7.3.2  TimeStamp: 2026/03/14-09:28:23-GMT  BuildTime: Aug  4 2022 06:17:15  BuildStamp: freesurfer-linux-ubuntu22_x86_64-7.3.2-20220804-6354275  User: oesteban  Machine: dna071  Platform: Linux  PlatformVersion: 5.14.0-427.37.1.el9_4.x86_64  CompilerName: GCC  CompilerVersion: 8.4.0
ProgramName: mri_em_register  ProgramArguments: mri_em_register -all-info  ProgramVersion: 7.3.2  TimeStamp: 2026/03/14-09:28:23-GMT  BuildTime: Aug  4 2022 06:17:15  BuildStamp: freesurfer-linux-ubuntu22_x86_64-7.3.2-20220804-6354275  User: oesteban  Machine: dna071  Platform: Linux  PlatformVersion: 5.14.0-427.37.1.el9_4.x86_64  CompilerName: GCC  CompilerVersion: 8.4.0
ProgramName: mri_fill  ProgramArguments: mri_fill -all-info  ProgramVersion: 7.3.2  TimeStamp: 2026/03/14-09:28:23-GMT  BuildTime: Aug  4 2022 06:17:15  BuildStamp: freesurfer-linux-ubuntu22_x86_64-7.3.2-20220804-6354275  User: oesteban  Machine: dna071  Platform: Linux  PlatformVersion: 5.14.0-427.37.1.el9_4.x86_64  CompilerName: GCC  CompilerVersion: 8.4.0
ProgramName: mri_fuse_segmentations  ProgramArguments: mri_fuse_segmentations -all-info  ProgramVersion: 7.3.2  TimeStamp: 2026/03/14-09:28:23-GMT  BuildTime: Aug  4 2022 06:17:15  BuildStamp: freesurfer-linux-ubuntu22_x86_64-7.3.2-20220804-6354275  User: oesteban  Machine: dna071  Platform: Linux  PlatformVersion: 5.14.0-427.37.1.el9_4.x86_64  CompilerName: GCC  CompilerVersion: 8.4.0
ProgramName: mri_fwhm  ProgramArguments: mri_fwhm -all-info  ProgramVersion: 7.3.2  TimeStamp: 2026/03/14-09:28:23-GMT  BuildTime: Aug  4 2022 06:17:15  BuildStamp: freesurfer-linux-ubuntu22_x86_64-7.3.2-20220804-6354275  User: oesteban  Machine: dna071  Platform: Linux  PlatformVersion: 5.14.0-427.37.1.el9_4.x86_64  CompilerName: GCC  CompilerVersion: 8.4.0
ProgramName: mri_gcut  ProgramArguments: mri_gcut -all-info  ProgramVersion: 7.3.2  TimeStamp: 2026/03/14-09:28:23-GMT  BuildTime: Aug  4 2022 06:17:15  BuildStamp: freesurfer-linux-ubuntu22_x86_64-7.3.2-20220804-6354275  User: oesteban  Machine: dna071  Platform: Linux  PlatformVersion: 5.14.0-427.37.1.el9_4.x86_64  CompilerName: GCC  CompilerVersion: 8.4.0
ProgramName: mri_info  ProgramArguments: mri_info -all-info  ProgramVersion: 7.3.2  TimeStamp: 2026/03/14-09:28:23-GMT  BuildTime: Aug  4 2022 06:17:15  BuildStamp: freesurfer-linux-ubuntu22_x86_64-7.3.2-20220804-6354275  User: oesteban  Machine: dna071  Platform: Linux  PlatformVersion: 5.14.0-427.37.1.el9_4.x86_64  CompilerName: GCC  CompilerVersion: 8.4.0
ProgramName: mri_label2label  ProgramArguments: mri_label2label -all-info  ProgramVersion: 7.3.2  TimeStamp: 2026/03/14-09:28:23-GMT  BuildTime: Aug  4 2022 06:17:15  BuildStamp: freesurfer-linux-ubuntu22_x86_64-7.3.2-20220804-6354275  User: oesteban  Machine: dna071  Platform: Linux  PlatformVersion: 5.14.0-427.37.1.el9_4.x86_64  CompilerName: GCC  CompilerVersion: 8.4.0
ProgramName: mri_label2vol  ProgramArguments: mri_label2vol -all-info  ProgramVersion: 7.3.2  TimeStamp: 2026/03/14-09:28:23-GMT  BuildTime: Aug  4 2022 06:17:15  BuildStamp: freesurfer-linux-ubuntu22_x86_64-7.3.2-20220804-6354275  User: oesteban  Machine: dna071  Platform: Linux  PlatformVersion: 5.14.0-427.37.1.el9_4.x86_64  CompilerName: GCC  CompilerVersion: 8.4.0
ProgramName: mri_log_likelihood  ProgramArguments: mri_log_likelihood -all-info  ProgramVersion: 7.3.2  TimeStamp: 2026/03/14-09:28:23-GMT  BuildTime: Aug  4 2022 06:17:15  BuildStamp: freesurfer-linux-ubuntu22_x86_64-7.3.2-20220804-6354275  User: oesteban  Machine: dna071  Platform: Linux  PlatformVersion: 5.14.0-427.37.1.el9_4.x86_64  CompilerName: GCC  CompilerVersion: 8.4.0
ProgramName: mri_mask  ProgramArguments: mri_mask -all-info  ProgramVersion: 7.3.2  TimeStamp: 2026/03/14-09:28:23-GMT  BuildTime: Aug  4 2022 06:17:15  BuildStamp: freesurfer-linux-ubuntu22_x86_64-7.3.2-20220804-6354275  User: oesteban  Machine: dna071  Platform: Linux  PlatformVersion: 5.14.0-427.37.1.el9_4.x86_64  CompilerName: GCC  CompilerVersion: 8.4.0
ProgramName: mri_matrix_multiply  ProgramArguments: mri_matrix_multiply -all-info  ProgramVersion: 7.3.2  TimeStamp: 2026/03/14-09:28:23-GMT  BuildTime: Aug  4 2022 06:17:15  BuildStamp: freesurfer-linux-ubuntu22_x86_64-7.3.2-20220804-6354275  User: oesteban  Machine: dna071  Platform: Linux  PlatformVersion: 5.14.0-427.37.1.el9_4.x86_64  CompilerName: GCC  CompilerVersion: 8.4.0
ProgramName: mri_normalize  ProgramArguments: mri_normalize -all-info  ProgramVersion: 7.3.2  TimeStamp: 2026/03/14-09:28:23-GMT  BuildTime: Aug  4 2022 06:17:15  BuildStamp: freesurfer-linux-ubuntu22_x86_64-7.3.2-20220804-6354275  User: oesteban  Machine: dna071  Platform: Linux  PlatformVersion: 5.14.0-427.37.1.el9_4.x86_64  CompilerName: GCC  CompilerVersion: 8.4.0
ProgramName: mri_normalize_tp2  ProgramArguments: mri_normalize_tp2 -all-info  ProgramVersion: 7.3.2  TimeStamp: 2026/03/14-09:28:23-GMT  BuildTime: Aug  4 2022 06:17:15  BuildStamp: freesurfer-linux-ubuntu22_x86_64-7.3.2-20220804-6354275  User: oesteban  Machine: dna071  Platform: Linux  PlatformVersion: 5.14.0-427.37.1.el9_4.x86_64  CompilerName: GCC  CompilerVersion: 8.4.0
ProgramName: mri_or  ProgramArguments: mri_or -all-info  ProgramVersion: 7.3.2  TimeStamp: 2026/03/14-09:28:23-GMT  BuildTime: Aug  4 2022 06:17:15  BuildStamp: freesurfer-linux-ubuntu22_x86_64-7.3.2-20220804-6354275  User: oesteban  Machine: dna071  Platform: Linux  PlatformVersion: 5.14.0-427.37.1.el9_4.x86_64  CompilerName: GCC  CompilerVersion: 8.4.0
ProgramName: mri_relabel_hypointensities  ProgramArguments: mri_relabel_hypointensities -all-info  ProgramVersion: 7.3.2  TimeStamp: 2026/03/14-09:28:23-GMT  BuildTime: Aug  4 2022 06:17:15  BuildStamp: freesurfer-linux-ubuntu22_x86_64-7.3.2-20220804-6354275  User: oesteban  Machine: dna071  Platform: Linux  PlatformVersion: 5.14.0-427.37.1.el9_4.x86_64  CompilerName: GCC  CompilerVersion: 8.4.0
ProgramName: mri_relabel_nonwm_hypos  ProgramArguments: mri_relabel_nonwm_hypos -all-info  ProgramVersion: 7.3.2  TimeStamp: 2026/03/14-09:28:23-GMT  BuildTime: Aug  4 2022 06:17:15  BuildStamp: freesurfer-linux-ubuntu22_x86_64-7.3.2-20220804-6354275  User: oesteban  Machine: dna071  Platform: Linux  PlatformVersion: 5.14.0-427.37.1.el9_4.x86_64  CompilerName: GCC  CompilerVersion: 8.4.0
ProgramName: mri_remove_neck  ProgramArguments: mri_remove_neck -all-info  ProgramVersion: 7.3.2  TimeStamp: 2026/03/14-09:28:23-GMT  BuildTime: Aug  4 2022 06:17:15  BuildStamp: freesurfer-linux-ubuntu22_x86_64-7.3.2-20220804-6354275  User: oesteban  Machine: dna071  Platform: Linux  PlatformVersion: 5.14.0-427.37.1.el9_4.x86_64  CompilerName: GCC  CompilerVersion: 8.4.0
7.3.2

ProgramName: mri_robust_register  ProgramArguments: mri_robust_register -all-info  ProgramVersion: 7.3.2  TimeStamp: 2026/03/14-09:28:23-GMT  BuildTime: Aug  4 2022 06:17:15  BuildStamp: freesurfer-linux-ubuntu22_x86_64-7.3.2-20220804-6354275  User: oesteban  Machine: dna071  Platform: Linux  PlatformVersion: 5.14.0-427.37.1.el9_4.x86_64  CompilerName: GCC  CompilerVersion: 8.4.0
7.3.2

ProgramName: mri_robust_template  ProgramArguments: mri_robust_template -all-info  ProgramVersion: 7.3.2  TimeStamp: 2026/03/14-09:28:23-GMT  BuildTime: Aug  4 2022 06:17:15  BuildStamp: freesurfer-linux-ubuntu22_x86_64-7.3.2-20220804-6354275  User: oesteban  Machine: dna071  Platform: Linux  PlatformVersion: 5.14.0-427.37.1.el9_4.x86_64  CompilerName: GCC  CompilerVersion: 8.4.0
ProgramName: mris_anatomical_stats  ProgramArguments: mris_anatomical_stats -all-info  ProgramVersion: 7.3.2  TimeStamp: 2026/03/14-09:28:23-GMT  BuildTime: Aug  4 2022 06:17:15  BuildStamp: freesurfer-linux-ubuntu22_x86_64-7.3.2-20220804-6354275  User: oesteban  Machine: dna071  Platform: Linux  PlatformVersion: 5.14.0-427.37.1.el9_4.x86_64  CompilerName: GCC  CompilerVersion: 8.4.0
ProgramName: mris_ca_label  ProgramArguments: mris_ca_label -all-info  ProgramVersion: 7.3.2  TimeStamp: 2026/03/14-09:28:23-GMT  BuildTime: Aug  4 2022 06:17:15  BuildStamp: freesurfer-linux-ubuntu22_x86_64-7.3.2-20220804-6354275  User: oesteban  Machine: dna071  Platform: Linux  PlatformVersion: 5.14.0-427.37.1.el9_4.x86_64  CompilerName: GCC  CompilerVersion: 8.4.0
ProgramName: mris_calc  ProgramArguments: mris_calc -all-info  ProgramVersion: 7.3.2  TimeStamp: 2026/03/14-09:28:23-GMT  BuildTime: Aug  4 2022 06:17:15  BuildStamp: freesurfer-linux-ubuntu22_x86_64-7.3.2-20220804-6354275  User: oesteban  Machine: dna071  Platform: Linux  PlatformVersion: 5.14.0-427.37.1.el9_4.x86_64  CompilerName: GCC  CompilerVersion: 8.4.0
ProgramName: mris_convert  ProgramArguments: mris_convert -all-info  ProgramVersion: 7.3.2  TimeStamp: 2026/03/14-09:28:23-GMT  BuildTime: Aug  4 2022 06:17:15  BuildStamp: freesurfer-linux-ubuntu22_x86_64-7.3.2-20220804-6354275  User: oesteban  Machine: dna071  Platform: Linux  PlatformVersion: 5.14.0-427.37.1.el9_4.x86_64  CompilerName: GCC  CompilerVersion: 8.4.0
ProgramName: mris_curvature  ProgramArguments: mris_curvature -all-info  ProgramVersion: 7.3.2  TimeStamp: 2026/03/14-09:28:23-GMT  BuildTime: Aug  4 2022 06:17:15  BuildStamp: freesurfer-linux-ubuntu22_x86_64-7.3.2-20220804-6354275  User: oesteban  Machine: dna071  Platform: Linux  PlatformVersion: 5.14.0-427.37.1.el9_4.x86_64  CompilerName: GCC  CompilerVersion: 8.4.0
ProgramName: mris_curvature_stats  ProgramArguments: mris_curvature_stats -all-info  ProgramVersion: 7.3.2  TimeStamp: 2026/03/14-09:28:23-GMT  BuildTime: Aug  4 2022 06:17:15  BuildStamp: freesurfer-linux-ubuntu22_x86_64-7.3.2-20220804-6354275  User: oesteban  Machine: dna071  Platform: Linux  PlatformVersion: 5.14.0-427.37.1.el9_4.x86_64  CompilerName: GCC  CompilerVersion: 8.4.0
ProgramName: mris_diff  ProgramArguments: mris_diff -all-info  ProgramVersion: 7.3.2  TimeStamp: 2026/03/14-09:28:23-GMT  BuildTime: Aug  4 2022 06:17:15  BuildStamp: freesurfer-linux-ubuntu22_x86_64-7.3.2-20220804-6354275  User: oesteban  Machine: dna071  Platform: Linux  PlatformVersion: 5.14.0-427.37.1.el9_4.x86_64  CompilerName: GCC  CompilerVersion: 8.4.0
ProgramName: mris_divide_parcellation  ProgramArguments: mris_divide_parcellation -all-info  ProgramVersion: 7.3.2  TimeStamp: 2026/03/14-09:28:23-GMT  BuildTime: Aug  4 2022 06:17:15  BuildStamp: freesurfer-linux-ubuntu22_x86_64-7.3.2-20220804-6354275  User: oesteban  Machine: dna071  Platform: Linux  PlatformVersion: 5.14.0-427.37.1.el9_4.x86_64  CompilerName: GCC  CompilerVersion: 8.4.0
ProgramName: mri_segment  ProgramArguments: mri_segment -all-info  ProgramVersion: 7.3.2  TimeStamp: 2026/03/14-09:28:23-GMT  BuildTime: Aug  4 2022 06:17:15  BuildStamp: freesurfer-linux-ubuntu22_x86_64-7.3.2-20220804-6354275  User: oesteban  Machine: dna071  Platform: Linux  PlatformVersion: 5.14.0-427.37.1.el9_4.x86_64  CompilerName: GCC  CompilerVersion: 8.4.0
ProgramName: mri_segstats  ProgramArguments: mri_segstats -all-info  ProgramVersion: 7.3.2  TimeStamp: 2026/03/14-09:28:23-GMT  BuildTime: Aug  4 2022 06:17:15  BuildStamp: freesurfer-linux-ubuntu22_x86_64-7.3.2-20220804-6354275  User: oesteban  Machine: dna071  Platform: Linux  PlatformVersion: 5.14.0-427.37.1.el9_4.x86_64  CompilerName: GCC  CompilerVersion: 8.4.0
ProgramName: mris_euler_number  ProgramArguments: mris_euler_number -all-info  ProgramVersion: 7.3.2  TimeStamp: 2026/03/14-09:28:23-GMT  BuildTime: Aug  4 2022 06:17:15  BuildStamp: freesurfer-linux-ubuntu22_x86_64-7.3.2-20220804-6354275  User: oesteban  Machine: dna071  Platform: Linux  PlatformVersion: 5.14.0-427.37.1.el9_4.x86_64  CompilerName: GCC  CompilerVersion: 8.4.0
ProgramName: mris_fix_topology  ProgramArguments: mris_fix_topology -all-info  ProgramVersion: 7.3.2  TimeStamp: 2026/03/14-09:28:23-GMT  BuildTime: Aug  4 2022 06:17:15  BuildStamp: freesurfer-linux-ubuntu22_x86_64-7.3.2-20220804-6354275  User: oesteban  Machine: dna071  Platform: Linux  PlatformVersion: 5.14.0-427.37.1.el9_4.x86_64  CompilerName: GCC  CompilerVersion: 8.4.0
ProgramName: mris_topo_fixer  ProgramArguments: mris_topo_fixer -all-info  ProgramVersion: 7.3.2  TimeStamp: 2026/03/14-09:28:23-GMT  BuildTime: Aug  4 2022 06:17:15  BuildStamp: freesurfer-linux-ubuntu22_x86_64-7.3.2-20220804-6354275  User: oesteban  Machine: dna071  Platform: Linux  PlatformVersion: 5.14.0-427.37.1.el9_4.x86_64  CompilerName: GCC  CompilerVersion: 8.4.0
ProgramName: mris_jacobian  ProgramArguments: mris_jacobian -all-info  ProgramVersion: 7.3.2  TimeStamp: 2026/03/14-09:28:23-GMT  BuildTime: Aug  4 2022 06:17:15  BuildStamp: freesurfer-linux-ubuntu22_x86_64-7.3.2-20220804-6354275  User: oesteban  Machine: dna071  Platform: Linux  PlatformVersion: 5.14.0-427.37.1.el9_4.x86_64  CompilerName: GCC  CompilerVersion: 8.4.0
ProgramName: mris_label2annot  ProgramArguments: mris_label2annot -all-info  ProgramVersion: 7.3.2  TimeStamp: 2026/03/14-09:28:23-GMT  BuildTime: Aug  4 2022 06:17:15  BuildStamp: freesurfer-linux-ubuntu22_x86_64-7.3.2-20220804-6354275  User: oesteban  Machine: dna071  Platform: Linux  PlatformVersion: 5.14.0-427.37.1.el9_4.x86_64  CompilerName: GCC  CompilerVersion: 8.4.0
ProgramName: mris_left_right_register  ProgramArguments: mris_left_right_register -all-info  ProgramVersion: 7.3.2  TimeStamp: 2026/03/14-09:28:23-GMT  BuildTime: Aug  4 2022 06:17:15  BuildStamp: freesurfer-linux-ubuntu22_x86_64-7.3.2-20220804-6354275  User: oesteban  Machine: dna071  Platform: Linux  PlatformVersion: 5.14.0-427.37.1.el9_4.x86_64  CompilerName: GCC  CompilerVersion: 8.4.0
ProgramName: mris_place_surface  ProgramArguments: mris_place_surface -all-info  ProgramVersion: 7.3.2  TimeStamp: 2026/03/14-09:28:23-GMT  BuildTime: Aug  4 2022 06:17:15  BuildStamp: freesurfer-linux-ubuntu22_x86_64-7.3.2-20220804-6354275  User: oesteban  Machine: dna071  Platform: Linux  PlatformVersion: 5.14.0-427.37.1.el9_4.x86_64  CompilerName: GCC  CompilerVersion: 8.4.0
ProgramName: mrisp_paint  ProgramArguments: mrisp_paint -all-info  ProgramVersion: 7.3.2  TimeStamp: 2026/03/14-09:28:23-GMT  BuildTime: Aug  4 2022 06:17:15  BuildStamp: freesurfer-linux-ubuntu22_x86_64-7.3.2-20220804-6354275  User: oesteban  Machine: dna071  Platform: Linux  PlatformVersion: 5.14.0-427.37.1.el9_4.x86_64  CompilerName: GCC  CompilerVersion: 8.4.0
ProgramName: mris_register  ProgramArguments: mris_register -all-info  ProgramVersion: 7.3.2  TimeStamp: 2026/03/14-09:28:23-GMT  BuildTime: Aug  4 2022 06:17:15  BuildStamp: freesurfer-linux-ubuntu22_x86_64-7.3.2-20220804-6354275  User: oesteban  Machine: dna071  Platform: Linux  PlatformVersion: 5.14.0-427.37.1.el9_4.x86_64  CompilerName: GCC  CompilerVersion: 8.4.0
ProgramName: mris_smooth  ProgramArguments: mris_smooth -all-info  ProgramVersion: 7.3.2  TimeStamp: 2026/03/14-09:28:23-GMT  BuildTime: Aug  4 2022 06:17:15  BuildStamp: freesurfer-linux-ubuntu22_x86_64-7.3.2-20220804-6354275  User: oesteban  Machine: dna071  Platform: Linux  PlatformVersion: 5.14.0-427.37.1.el9_4.x86_64  CompilerName: GCC  CompilerVersion: 8.4.0
ProgramName: mris_sphere  ProgramArguments: mris_sphere -all-info  ProgramVersion: 7.3.2  TimeStamp: 2026/03/14-09:28:23-GMT  BuildTime: Aug  4 2022 06:17:15  BuildStamp: freesurfer-linux-ubuntu22_x86_64-7.3.2-20220804-6354275  User: oesteban  Machine: dna071  Platform: Linux  PlatformVersion: 5.14.0-427.37.1.el9_4.x86_64  CompilerName: GCC  CompilerVersion: 8.4.0
ProgramName: mris_surface_stats  ProgramArguments: mris_surface_stats -all-info  ProgramVersion: 7.3.2  TimeStamp: 2026/03/14-09:28:23-GMT  BuildTime: Aug  4 2022 06:17:15  BuildStamp: freesurfer-linux-ubuntu22_x86_64-7.3.2-20220804-6354275  User: oesteban  Machine: dna071  Platform: Linux  PlatformVersion: 5.14.0-427.37.1.el9_4.x86_64  CompilerName: GCC  CompilerVersion: 8.4.0
ProgramName: mri_stats2seg  ProgramArguments: mri_stats2seg -all-info  ProgramVersion: 7.3.2  TimeStamp: 2026/03/14-09:28:23-GMT  BuildTime: Aug  4 2022 06:17:15  BuildStamp: freesurfer-linux-ubuntu22_x86_64-7.3.2-20220804-6354275  User: oesteban  Machine: dna071  Platform: Linux  PlatformVersion: 5.14.0-427.37.1.el9_4.x86_64  CompilerName: GCC  CompilerVersion: 8.4.0
ProgramName: mris_thickness  ProgramArguments: mris_thickness -all-info  ProgramVersion: 7.3.2  TimeStamp: 2026/03/14-09:28:23-GMT  BuildTime: Aug  4 2022 06:17:15  BuildStamp: freesurfer-linux-ubuntu22_x86_64-7.3.2-20220804-6354275  User: oesteban  Machine: dna071  Platform: Linux  PlatformVersion: 5.14.0-427.37.1.el9_4.x86_64  CompilerName: GCC  CompilerVersion: 8.4.0
ProgramName: mris_thickness_diff  ProgramArguments: mris_thickness_diff -all-info  ProgramVersion: 7.3.2  TimeStamp: 2026/03/14-09:28:23-GMT  BuildTime: Aug  4 2022 06:17:15  BuildStamp: freesurfer-linux-ubuntu22_x86_64-7.3.2-20220804-6354275  User: oesteban  Machine: dna071  Platform: Linux  PlatformVersion: 5.14.0-427.37.1.el9_4.x86_64  CompilerName: GCC  CompilerVersion: 8.4.0
ProgramName: mris_topo_fixer  ProgramArguments: mris_topo_fixer -all-info  ProgramVersion: 7.3.2  TimeStamp: 2026/03/14-09:28:23-GMT  BuildTime: Aug  4 2022 06:17:15  BuildStamp: freesurfer-linux-ubuntu22_x86_64-7.3.2-20220804-6354275  User: oesteban  Machine: dna071  Platform: Linux  PlatformVersion: 5.14.0-427.37.1.el9_4.x86_64  CompilerName: GCC  CompilerVersion: 8.4.0
ProgramName: mri_surf2surf  ProgramArguments: mri_surf2surf -all-info  ProgramVersion: 7.3.2  TimeStamp: 2026/03/14-09:28:23-GMT  BuildTime: Aug  4 2022 06:17:15  BuildStamp: freesurfer-linux-ubuntu22_x86_64-7.3.2-20220804-6354275  User: oesteban  Machine: dna071  Platform: Linux  PlatformVersion: 5.14.0-427.37.1.el9_4.x86_64  CompilerName: GCC  CompilerVersion: 8.4.0
ProgramName: mri_surf2vol  ProgramArguments: mri_surf2vol -all-info  ProgramVersion: 7.3.2  TimeStamp: 2026/03/14-09:28:23-GMT  BuildTime: Aug  4 2022 06:17:15  BuildStamp: freesurfer-linux-ubuntu22_x86_64-7.3.2-20220804-6354275  User: oesteban  Machine: dna071  Platform: Linux  PlatformVersion: 5.14.0-427.37.1.el9_4.x86_64  CompilerName: GCC  CompilerVersion: 8.4.0
ProgramName: mri_surfcluster  ProgramArguments: mri_surfcluster -all-info  ProgramVersion: 7.3.2  TimeStamp: 2026/03/14-09:28:23-GMT  BuildTime: Aug  4 2022 06:17:15  BuildStamp: freesurfer-linux-ubuntu22_x86_64-7.3.2-20220804-6354275  User: oesteban  Machine: dna071  Platform: Linux  PlatformVersion: 5.14.0-427.37.1.el9_4.x86_64  CompilerName: GCC  CompilerVersion: 8.4.0
ProgramName: mris_volmask  ProgramArguments: mris_volmask -all-info  ProgramVersion: 7.3.2  TimeStamp: 2026/03/14-09:28:23-GMT  BuildTime: Aug  4 2022 06:17:15  BuildStamp: freesurfer-linux-ubuntu22_x86_64-7.3.2-20220804-6354275  User: oesteban  Machine: dna071  Platform: Linux  PlatformVersion: 5.14.0-427.37.1.el9_4.x86_64  CompilerName: GCC  CompilerVersion: 8.4.0
ProgramName: mri_tessellate  ProgramArguments: mri_tessellate -all-info  ProgramVersion: 7.3.2  TimeStamp: 2026/03/14-09:28:23-GMT  BuildTime: Aug  4 2022 06:17:15  BuildStamp: freesurfer-linux-ubuntu22_x86_64-7.3.2-20220804-6354275  User: oesteban  Machine: dna071  Platform: Linux  PlatformVersion: 5.14.0-427.37.1.el9_4.x86_64  CompilerName: GCC  CompilerVersion: 8.4.0
ProgramName: mri_vol2surf  ProgramArguments: mri_vol2surf -all-info  ProgramVersion: 7.3.2  TimeStamp: 2026/03/14-09:28:23-GMT  BuildTime: Aug  4 2022 06:17:15  BuildStamp: freesurfer-linux-ubuntu22_x86_64-7.3.2-20220804-6354275  User: oesteban  Machine: dna071  Platform: Linux  PlatformVersion: 5.14.0-427.37.1.el9_4.x86_64  CompilerName: GCC  CompilerVersion: 8.4.0
ProgramName: mri_vol2vol  ProgramArguments: mri_vol2vol -all-info  ProgramVersion: 7.3.2  TimeStamp: 2026/03/14-09:28:24-GMT  BuildTime: Aug  4 2022 06:17:15  BuildStamp: freesurfer-linux-ubuntu22_x86_64-7.3.2-20220804-6354275  User: oesteban  Machine: dna071  Platform: Linux  PlatformVersion: 5.14.0-427.37.1.el9_4.x86_64  CompilerName: GCC  CompilerVersion: 8.4.0
ProgramName: mri_voldiff  ProgramArguments: mri_voldiff -all-info  ProgramVersion: 7.3.2  TimeStamp: 2026/03/14-09:28:24-GMT  BuildTime: Aug  4 2022 06:17:15  BuildStamp: freesurfer-linux-ubuntu22_x86_64-7.3.2-20220804-6354275  User: oesteban  Machine: dna071  Platform: Linux  PlatformVersion: 5.14.0-427.37.1.el9_4.x86_64  CompilerName: GCC  CompilerVersion: 8.4.0
ProgramName: mri_watershed  ProgramArguments: mri_watershed -all-info  ProgramVersion: 7.3.2  TimeStamp: 2026/03/14-09:28:24-GMT  BuildTime: Aug  4 2022 06:17:15  BuildStamp: freesurfer-linux-ubuntu22_x86_64-7.3.2-20220804-6354275  User: oesteban  Machine: dna071  Platform: Linux  PlatformVersion: 5.14.0-427.37.1.el9_4.x86_64  CompilerName: GCC  CompilerVersion: 8.4.0
ProgramName: tkregister2  ProgramArguments: tkregister2_cmdl -all-info  ProgramVersion: 7.3.2  TimeStamp: 2026/03/14-09:28:24-GMT  BuildTime: Aug  4 2022 06:17:15  BuildStamp: freesurfer-linux-ubuntu22_x86_64-7.3.2-20220804-6354275  User: oesteban  Machine: dna071  Platform: Linux  PlatformVersion: 5.14.0-427.37.1.el9_4.x86_64  CompilerName: GCC  CompilerVersion: 8.4.0
mri_motion_correct.fsl 7.3.2
mri_convert -all-info 
ProgramName: mri_convert  ProgramArguments: mri_convert -all-info  ProgramVersion: 7.3.2  TimeStamp: 2026/03/14-09:28:24-GMT  BuildTime: Aug  4 2022 06:17:15  BuildStamp: freesurfer-linux-ubuntu22_x86_64-7.3.2-20220804-6354275  User: oesteban  Machine: dna071  Platform: Linux  PlatformVersion: 5.14.0-427.37.1.el9_4.x86_64  CompilerName: GCC  CompilerVersion: 8.4.0
Program nu_correct, built from:
Package MNI N3, version 1.12.0, compiled by nicks@terrier (x86_64-unknown-linux-gnu) on 2015-06-19 at 01:25:34
#######################################
GCADIR /opt/freesurfer/average
GCA RB_all_2020-01-02.gca
GCASkull RB_all_withskull_2020_01_02.gca
AvgCurvTif folding.atlas.acfb40.noaparc.i12.2016-08-02.tif
GCSDIR /opt/freesurfer/average
GCS DKaparc.atlas.acfb40.noaparc.i12.2016-08-02.gcs
#######################################
/out/sourcedata/freesurfer/sub-v2s9x29157_ses-1

 mri_convert /work/fmriprep_25_2_wf/sub_v2s9x29157_ses_1_wf/anat_fit_wf/anat_validate/sub-v2s9x29157_ses-1_run-1_T1w_noise_corrected_ras_valid.nii.gz /out/sourcedata/freesurfer/sub-v2s9x29157_ses-1/mri/orig/001.mgz 

mri_convert /work/fmriprep_25_2_wf/sub_v2s9x29157_ses_1_wf/anat_fit_wf/anat_validate/sub-v2s9x29157_ses-1_run-1_T1w_noise_corrected_ras_valid.nii.gz /out/sourcedata/freesurfer/sub-v2s9x29157_ses-1/mri/orig/001.mgz 
reading from /work/fmriprep_25_2_wf/sub_v2s9x29157_ses_1_wf/anat_fit_wf/anat_validate/sub-v2s9x29157_ses-1_run-1_T1w_noise_corrected_ras_valid.nii.gz...
TR=0.00, TE=0.00, TI=0.00, flip angle=0.00
i_ras = (1, 0, 0)
j_ras = (0, 1, 0)
k_ras = (0, 0, 1)
writing to /out/sourcedata/freesurfer/sub-v2s9x29157_ses-1/mri/orig/001.mgz...
#--------------------------------------------
#@# MotionCor Sat Mar 14 10:28:25 CET 2026
Found 1 runs
/out/sourcedata/freesurfer/sub-v2s9x29157_ses-1/mri/orig/001.mgz
Checking for (invalid) multi-frame inputs...
Only one run found so motion
correction will not be performed. I'll
copy the run to rawavg and continue.

 cp /out/sourcedata/freesurfer/sub-v2s9x29157_ses-1/mri/orig/001.mgz /out/sourcedata/freesurfer/sub-v2s9x29157_ses-1/mri/rawavg.mgz 


 mri_info /out/sourcedata/freesurfer/sub-v2s9x29157_ses-1/mri/rawavg.mgz 

rawavg.mgz ========================================
Volume information for /out/sourcedata/freesurfer/sub-v2s9x29157_ses-1/mri/rawavg.mgz
          type: MGH
    dimensions: 128 x 256 x 256
   voxel sizes: 1.330002, 1.000000, 1.000000
          type: FLOAT (3)
           fov: 256.000
           dof: 1
        xstart: -85.1, xend: 85.1
        ystart: -128.0, yend: 128.0
        zstart: -128.0, zend: 128.0
            TR: 0.00 msec, TE: 0.00 msec, TI: 0.00 msec, flip angle: 0.00 degrees
       nframes: 1
       PhEncDir: UNKNOWN
       FieldStrength: 0.000000
ras xform present
    xform info: x_r =   1.0000, y_r =   0.0000, z_r =   0.0000, c_r =     0.6651
              : x_a =   0.0000, y_a =   1.0000, z_a =   0.0000, c_a =     1.0000
              : x_s =   0.0000, y_s =   0.0000, z_s =   1.0000, c_s =     1.0000

talairach xfm : 
Orientation   : RAS
Primary Slice Direction: axial

voxel to ras transform:
                1.3300   0.0000   0.0000   -84.4550
                0.0000   1.0000   0.0000  -127.0000
                0.0000   0.0000   1.0000  -127.0000
                0.0000   0.0000   0.0000     1.0000

voxel-to-ras determinant 1.33

ras to voxel transform:
                0.7519   0.0000   0.0000    63.4999
                0.0000   1.0000   0.0000   127.0000
                0.0000   0.0000   1.0000   127.0000
                0.0000   0.0000   0.0000     1.0000
/out/sourcedata/freesurfer/sub-v2s9x29157_ses-1

 mri_convert /out/sourcedata/freesurfer/sub-v2s9x29157_ses-1/mri/rawavg.mgz /out/sourcedata/freesurfer/sub-v2s9x29157_ses-1/mri/orig.mgz --conform 

mri_convert /out/sourcedata/freesurfer/sub-v2s9x29157_ses-1/mri/rawavg.mgz /out/sourcedata/freesurfer/sub-v2s9x29157_ses-1/mri/orig.mgz --conform 
reading from /out/sourcedata/freesurfer/sub-v2s9x29157_ses-1/mri/rawavg.mgz...
TR=0.00, TE=0.00, TI=0.00, flip angle=0.00
i_ras = (1, 0, 0)
j_ras = (0, 1, 0)
k_ras = (0, 0, 1)
changing data type from float to uchar (noscale = 0)...
MRIchangeType: Building histogram 0 566.688 1000, flo=0, fhi=0.999, dest_type=0
Reslicing using trilinear interpolation 
writing to /out/sourcedata/freesurfer/sub-v2s9x29157_ses-1/mri/orig.mgz...

 mri_add_xform_to_header -c /out/sourcedata/freesurfer/sub-v2s9x29157_ses-1/mri/transforms/talairach.xfm /out/sourcedata/freesurfer/sub-v2s9x29157_ses-1/mri/orig.mgz /out/sourcedata/freesurfer/sub-v2s9x29157_ses-1/mri/orig.mgz 

INFO: extension is mgz

 mri_info /out/sourcedata/freesurfer/sub-v2s9x29157_ses-1/mri/orig.mgz 

orig.mgz ========================================
Volume information for /out/sourcedata/freesurfer/sub-v2s9x29157_ses-1/mri/orig.mgz
          type: MGH
    dimensions: 256 x 256 x 256
   voxel sizes: 1.000000, 1.000000, 1.000000
          type: UCHAR (0)
           fov: 256.000
           dof: 1
        xstart: -128.0, xend: 128.0
        ystart: -128.0, yend: 128.0
        zstart: -128.0, zend: 128.0
            TR: 0.00 msec, TE: 0.00 msec, TI: 0.00 msec, flip angle: 0.00 degrees
       nframes: 1
       PhEncDir: UNKNOWN
       FieldStrength: 0.000000
ras xform present
    xform info: x_r =  -1.0000, y_r =   0.0000, z_r =   0.0000, c_r =     0.6651
              : x_a =   0.0000, y_a =   0.0000, z_a =   1.0000, c_a =     1.0000
              : x_s =   0.0000, y_s =  -1.0000, z_s =   0.0000, c_s =     1.0000

talairach xfm : /out/sourcedata/freesurfer/sub-v2s9x29157_ses-1/mri/transforms/talairach.xfm
Orientation   : LIA
Primary Slice Direction: coronal

voxel to ras transform:
               -1.0000   0.0000   0.0000   128.6651
                0.0000   0.0000   1.0000  -127.0000
                0.0000  -1.0000   0.0000   129.0000
                0.0000   0.0000   0.0000     1.0000

voxel-to-ras determinant -1

ras to voxel transform:
               -1.0000  -0.0000  -0.0000   128.6651
               -0.0000  -0.0000  -1.0000   129.0000
               -0.0000   1.0000  -0.0000   127.0000
               -0.0000  -0.0000  -0.0000     1.0000
#--------------------------------------------
#@# Talairach Sat Mar 14 10:28:31 CET 2026
/out/sourcedata/freesurfer/sub-v2s9x29157_ses-1/mri

 mri_nu_correct.mni --no-rescale --i orig.mgz --o orig_nu.mgz --ants-n4 --n 1 --proto-iters 1000 --distance 50 

/usr/bin/bc
/out/sourcedata/freesurfer/sub-v2s9x29157_ses-1/mri
/opt/freesurfer/bin/mri_nu_correct.mni
--no-rescale --i orig.mgz --o orig_nu.mgz --ants-n4 --n 1 --proto-iters 1000 --distance 50
nIters 1
mri_nu_correct.mni 7.3.2
Linux dna071 5.14.0-427.37.1.el9_4.x86_64 #1 SMP PREEMPT_DYNAMIC Fri Sep 13 12:41:50 EDT 2024 x86_64 x86_64 x86_64 GNU/Linux
Sat Mar 14 10:28:31 CET 2026
tmpdir is ./tmp.mri_nu_correct.mni.1378733
cd /out/sourcedata/freesurfer/sub-v2s9x29157_ses-1/mri
AntsN4BiasFieldCorrectionFs -i orig.mgz -o ./tmp.mri_nu_correct.mni.1378733/nu0.mgz --dtype uchar
AntsN4BiasFieldCorrectionFs done
mri_convert ./tmp.mri_nu_correct.mni.1378733/nu0.mgz orig_nu.mgz --like orig.mgz --conform
mri_convert ./tmp.mri_nu_correct.mni.1378733/nu0.mgz orig_nu.mgz --like orig.mgz --conform 
reading from ./tmp.mri_nu_correct.mni.1378733/nu0.mgz...
TR=0.00, TE=0.00, TI=0.00, flip angle=0.00
i_ras = (-1, 0, 0)
j_ras = (0, 0, -1)
k_ras = (0, 1, 0)
INFO: transform src into the like-volume: orig.mgz
writing to orig_nu.mgz...
 
 
Sat Mar 14 10:31:04 CET 2026
mri_nu_correct.mni done

 talairach_avi --i orig_nu.mgz --xfm transforms/talairach.auto.xfm 

talairach_avi log file is transforms/talairach_avi.log...
mv -f /out/sourcedata/freesurfer/sub-v2s9x29157_ses-1/mri/talsrcimg_to_711-2C_as_mni_average_305_t4_vox2vox.txt /out/sourcedata/freesurfer/sub-v2s9x29157_ses-1/mri/transforms/talsrcimg_to_711-2C_as_mni_average_305_t4_vox2vox.txt
Started at Sat Mar 14 10:31:04 CET 2026
Ended   at Sat Mar 14 10:31:18 CET 2026
talairach_avi done

 cp transforms/talairach.auto.xfm transforms/talairach.xfm 

lta_convert --src orig.mgz --trg /opt/freesurfer/average/mni305.cor.mgz --inxfm transforms/talairach.xfm --outlta transforms/talairach.xfm.lta --subject fsaverage --ltavox2vox
7.3.2

--src: orig.mgz src image (geometry).
--trg: /opt/freesurfer/average/mni305.cor.mgz trg image (geometry).
--inmni: transforms/talairach.xfm input MNI/XFM transform.
--outlta: transforms/talairach.xfm.lta output LTA.
--s: fsaverage subject name
--ltavox2vox: output LTA as VOX_TO_VOX transform.
 LTA read, type : 1
 1.05747   0.06689  -0.08137   0.25836;
-0.03230   1.10406   0.37673   11.12846;
 0.09045  -0.25616   1.15889   21.28871;
 0.00000   0.00000   0.00000   1.00000;
setting subject to fsaverage
Writing  LTA to file transforms/talairach.xfm.lta...
lta_convert successful.
#--------------------------------------------
#@# Talairach Failure Detection Sat Mar 14 10:31:20 CET 2026
/out/sourcedata/freesurfer/sub-v2s9x29157_ses-1/mri

 talairach_afd -T 0.005 -xfm transforms/talairach.xfm 

talairach_afd: Talairach Transform: transforms/talairach.xfm OK (p=0.7312, pval=0.6675 >= threshold=0.0050)

 awk -f /opt/freesurfer/bin/extract_talairach_avi_QA.awk /out/sourcedata/freesurfer/sub-v2s9x29157_ses-1/mri/transforms/talairach_avi.log 


 tal_QC_AZS /out/sourcedata/freesurfer/sub-v2s9x29157_ses-1/mri/transforms/talairach_avi.log 

TalAviQA: 0.97134
z-score: -1
#--------------------------------------------
#@# Nu Intensity Correction Sat Mar 14 10:31:20 CET 2026

 mri_nu_correct.mni --i orig.mgz --o nu.mgz --uchar transforms/talairach.xfm --n 2 --ants-n4 

/usr/bin/bc
/out/sourcedata/freesurfer/sub-v2s9x29157_ses-1/mri
/opt/freesurfer/bin/mri_nu_correct.mni
--i orig.mgz --o nu.mgz --uchar transforms/talairach.xfm --n 2 --ants-n4
nIters 2
mri_nu_correct.mni 7.3.2
Linux dna071 5.14.0-427.37.1.el9_4.x86_64 #1 SMP PREEMPT_DYNAMIC Fri Sep 13 12:41:50 EDT 2024 x86_64 x86_64 x86_64 GNU/Linux
Sat Mar 14 10:31:20 CET 2026
tmpdir is ./tmp.mri_nu_correct.mni.1379388
cd /out/sourcedata/freesurfer/sub-v2s9x29157_ses-1/mri
AntsN4BiasFieldCorrectionFs -i orig.mgz -o ./tmp.mri_nu_correct.mni.1379388/nu0.mgz --dtype uchar
AntsN4BiasFieldCorrectionFs done
mri_binarize --i ./tmp.mri_nu_correct.mni.1379388/nu0.mgz --min -1 --o ./tmp.mri_nu_correct.mni.1379388/ones.mgz

7.3.2
cwd /out/sourcedata/freesurfer/sub-v2s9x29157_ses-1/mri
cmdline mri_binarize --i ./tmp.mri_nu_correct.mni.1379388/nu0.mgz --min -1 --o ./tmp.mri_nu_correct.mni.1379388/ones.mgz 
sysname  Linux
hostname dna071
machine  x86_64
user     oesteban

input      ./tmp.mri_nu_correct.mni.1379388/nu0.mgz
frame      0
nErode3d   0
nErode2d   0
output     ./tmp.mri_nu_correct.mni.1379388/ones.mgz
Binarizing based on threshold
min        -1
max        +infinity
binval        1
binvalnot     0
fstart = 0, fend = 0, nframes = 1
Starting parallel 1
Found 16777216 values in range
Counting number of voxels in first frame
Found 16777215 voxels in final mask
Writing output to ./tmp.mri_nu_correct.mni.1379388/ones.mgz
Count: 16777215 16777215.000000 16777216 99.999994
mri_binarize done
mri_segstats --id 1 --seg ./tmp.mri_nu_correct.mni.1379388/ones.mgz --i orig.mgz --sum ./tmp.mri_nu_correct.mni.1379388/sum.junk --avgwf ./tmp.mri_nu_correct.mni.1379388/input.mean.dat

7.3.2
cwd 
cmdline mri_segstats --id 1 --seg ./tmp.mri_nu_correct.mni.1379388/ones.mgz --i orig.mgz --sum ./tmp.mri_nu_correct.mni.1379388/sum.junk --avgwf ./tmp.mri_nu_correct.mni.1379388/input.mean.dat 
sysname  Linux
hostname dna071
machine  x86_64
user     oesteban
whitesurfname  white
UseRobust  0
Loading ./tmp.mri_nu_correct.mni.1379388/ones.mgz
Loading orig.mgz
Voxel Volume is 1 mm^3
Generating list of segmentation ids
Found   1 segmentations
Computing statistics for each segmentation

Reporting on   1 segmentations
Using PrintSegStat
Computing spatial average of each frame

Writing to ./tmp.mri_nu_correct.mni.1379388/input.mean.dat
mri_segstats done
mri_segstats --id 1 --seg ./tmp.mri_nu_correct.mni.1379388/ones.mgz --i ./tmp.mri_nu_correct.mni.1379388/nu0.mgz --sum ./tmp.mri_nu_correct.mni.1379388/sum.junk --avgwf ./tmp.mri_nu_correct.mni.1379388/output.mean.dat

7.3.2
cwd 
cmdline mri_segstats --id 1 --seg ./tmp.mri_nu_correct.mni.1379388/ones.mgz --i ./tmp.mri_nu_correct.mni.1379388/nu0.mgz --sum ./tmp.mri_nu_correct.mni.1379388/sum.junk --avgwf ./tmp.mri_nu_correct.mni.1379388/output.mean.dat 
sysname  Linux
hostname dna071
machine  x86_64
user     oesteban
whitesurfname  white
UseRobust  0
Loading ./tmp.mri_nu_correct.mni.1379388/ones.mgz
Loading ./tmp.mri_nu_correct.mni.1379388/nu0.mgz
Voxel Volume is 1 mm^3
Generating list of segmentation ids
Found   1 segmentations
Computing statistics for each segmentation

Reporting on   1 segmentations
Using PrintSegStat
Computing spatial average of each frame

Writing to ./tmp.mri_nu_correct.mni.1379388/output.mean.dat
mri_segstats done
mris_calc -o ./tmp.mri_nu_correct.mni.1379388/nu0.mgz ./tmp.mri_nu_correct.mni.1379388/nu0.mgz mul 1.32098290031510251121
Saving result to './tmp.mri_nu_correct.mni.1379388/nu0.mgz' (type = MGH )                       [ ok ]
mri_convert ./tmp.mri_nu_correct.mni.1379388/nu0.mgz nu.mgz --like orig.mgz
mri_convert ./tmp.mri_nu_correct.mni.1379388/nu0.mgz nu.mgz --like orig.mgz 
reading from ./tmp.mri_nu_correct.mni.1379388/nu0.mgz...
TR=0.00, TE=0.00, TI=0.00, flip angle=0.00
i_ras = (-1, 0, 0)
j_ras = (0, 0, -1)
k_ras = (0, 1, 0)
INFO: transform src into the like-volume: orig.mgz
writing to nu.mgz...
mri_make_uchar nu.mgz transforms/talairach.xfm nu.mgz
type change took 0 minutes and 4 seconds.
FIRST_PERCENTILE 0.010000
WM_PERCENTILE    0.900000
MAX_R 50.000000
i1 = 5, i2 = 73
#mri_make_uchar# mapping 13 188 to  3 110  :  b -5.35074 m 0.613469 : thresh 8.7221 maxsat 424.391 : nzero 14270352 nsat 0
 
 
Sat Mar 14 10:34:06 CET 2026
mri_nu_correct.mni done

 mri_add_xform_to_header -c /out/sourcedata/freesurfer/sub-v2s9x29157_ses-1/mri/transforms/talairach.xfm nu.mgz nu.mgz 

INFO: extension is mgz
#--------------------------------------------
#@# Intensity Normalization Sat Mar 14 10:34:06 CET 2026
/out/sourcedata/freesurfer/sub-v2s9x29157_ses-1/mri

 mri_normalize -g 1 -seed 1234 -mprage nu.mgz T1.mgz 

using max gradient = 1.000
setting seed for random number genererator to 1234
assuming input volume is MGH (Van der Kouwe) MP-RAGE
reading mri_src from nu.mgz...
normalizing image...
NOT doing gentle normalization with control points/label
talairach transform
 1.05747   0.06689  -0.08137   0.25836;
-0.03230   1.10406   0.37673   11.12846;
 0.09045  -0.25616   1.15889   21.28871;
 0.00000   0.00000   0.00000   1.00000;
processing without aseg, no1d=0
MRInormInit(): 
INFO: Modifying talairach volume c_(r,a,s) based on average_305
MRInormalize(): 
MRIsplineNormalize(): npeaks = 14
Starting OpenSpline(): npoints = 14
building Voronoi diagram...
performing soap bubble smoothing, sigma = 8...

Iterating 2 times
---------------------------------
3d normalization pass 1 of 2
white matter peak found at 110
white matter peak found at 110
gm peak at 56 (56), valley at 44 (44)
csf peak at 19, setting threshold to 43
building Voronoi diagram...
performing soap bubble smoothing, sigma = 8...
---------------------------------
3d normalization pass 2 of 2
white matter peak found at 110
white matter peak found at 110
gm peak at 59 (59), valley at 46 (46)
csf peak at 23, setting threshold to 47
building Voronoi diagram...
performing soap bubble smoothing, sigma = 8...
Done iterating ---------------------------------
writing output to T1.mgz
3D bias adjustment took 0 minutes and 54 seconds.

Started at Sat Mar 14 10:28:23 CET 2026 
Ended   at Sat Mar 14 10:35:00 CET 2026
#@#%# recon-all-run-time-hours 0.110
recon-all -s sub-v2s9x29157_ses-1 finished without error at Sat Mar 14 10:35:00 CET 2026



#New# invocation of recon-all 




Sat Mar 14 10:41:04 CET 2026
cd /out/sourcedata/freesurfer/sub-v2s9x29157_ses-1
setenv SUBJECTS_DIR /out/sourcedata/freesurfer
/opt/freesurfer/bin/recon-all -openmp 16 -subjid sub-v2s9x29157_ses-1 -sd /out/sourcedata/freesurfer -gcareg

subjid sub-v2s9x29157_ses-1
setenv SUBJECTS_DIR /out/sourcedata/freesurfer
FREESURFER_HOME /opt/freesurfer
Actual FREESURFER_HOME /opt/freesurfer
build-stamp.txt: freesurfer-linux-ubuntu22_x86_64-7.3.2-20220804-6354275
Linux dna071 5.14.0-427.37.1.el9_4.x86_64 #1 SMP PREEMPT_DYNAMIC Fri Sep 13 12:41:50 EDT 2024 x86_64 x86_64 x86_64 GNU/Linux
cputime      unlimited
filesize     unlimited
datasize     unlimited
stacksize    8192 kbytes
coredumpsize 0 kbytes
memoryuse    67108864 kbytes
vmemoryuse   unlimited
descriptors  1024 
memorylocked unlimited
maxproc      2061970 
maxlocks     unlimited
maxsignal    2062029 
maxmessage   819200 
maxnice      0 
maxrtprio    0 
maxrttime    unlimited

               total        used        free      shared  buff/cache   available
Mem:           503Gi        42Gi       308Gi       9.4Gi       152Gi       448Gi
Swap:             0B          0B          0B

########################################
program versions used
7.3.2 (freesurfer-linux-ubuntu22_x86_64-7.3.2-20220804-6354275)
7.3.2

ProgramName: lta_convert  ProgramArguments: lta_convert -all-info  ProgramVersion: 7.3.2  TimeStamp: 2026/03/14-09:41:04-GMT  BuildTime: Aug  4 2022 06:17:15  BuildStamp: freesurfer-linux-ubuntu22_x86_64-7.3.2-20220804-6354275  User: oesteban  Machine: dna071  Platform: Linux  PlatformVersion: 5.14.0-427.37.1.el9_4.x86_64  CompilerName: GCC  CompilerVersion: 8.4.0
ProgramName: mri_and  ProgramArguments: mri_and -all-info  ProgramVersion: 7.3.2  TimeStamp: 2026/03/14-09:41:04-GMT  BuildTime: Aug  4 2022 06:17:15  BuildStamp: freesurfer-linux-ubuntu22_x86_64-7.3.2-20220804-6354275  User: oesteban  Machine: dna071  Platform: Linux  PlatformVersion: 5.14.0-427.37.1.el9_4.x86_64  CompilerName: GCC  CompilerVersion: 8.4.0
ProgramName: mri_annotation2label  ProgramArguments: mri_annotation2label -all-info  ProgramVersion: 7.3.2  TimeStamp: 2026/03/14-09:41:04-GMT  BuildTime: Aug  4 2022 06:17:15  BuildStamp: freesurfer-linux-ubuntu22_x86_64-7.3.2-20220804-6354275  User: oesteban  Machine: dna071  Platform: Linux  PlatformVersion: 5.14.0-427.37.1.el9_4.x86_64  CompilerName: GCC  CompilerVersion: 8.4.0
ProgramName: mri_aparc2aseg  ProgramArguments: mri_aparc2aseg -all-info  ProgramVersion: 7.3.2  TimeStamp: 2026/03/14-09:41:04-GMT  BuildTime: Aug  4 2022 06:17:15  BuildStamp: freesurfer-linux-ubuntu22_x86_64-7.3.2-20220804-6354275  User: oesteban  Machine: dna071  Platform: Linux  PlatformVersion: 5.14.0-427.37.1.el9_4.x86_64  CompilerName: GCC  CompilerVersion: 8.4.0
ProgramName: mri_surf2volseg  ProgramArguments: mri_surf2volseg -all-info  ProgramVersion: 7.3.2  TimeStamp: 2026/03/14-09:41:04-GMT  BuildTime: Aug  4 2022 06:17:15  BuildStamp: freesurfer-linux-ubuntu22_x86_64-7.3.2-20220804-6354275  User: oesteban  Machine: dna071  Platform: Linux  PlatformVersion: 5.14.0-427.37.1.el9_4.x86_64  CompilerName: GCC  CompilerVersion: 8.4.0
ProgramName: mri_binarize  ProgramArguments: mri_binarize -all-info  ProgramVersion: 7.3.2  TimeStamp: 2026/03/14-09:41:04-GMT  BuildTime: Aug  4 2022 06:17:15  BuildStamp: freesurfer-linux-ubuntu22_x86_64-7.3.2-20220804-6354275  User: oesteban  Machine: dna071  Platform: Linux  PlatformVersion: 5.14.0-427.37.1.el9_4.x86_64  CompilerName: GCC  CompilerVersion: 8.4.0
ProgramName: mri_ca_label  ProgramArguments: mri_ca_label -all-info  ProgramVersion: 7.3.2  TimeStamp: 2026/03/14-09:41:04-GMT  BuildTime: Aug  4 2022 06:17:15  BuildStamp: freesurfer-linux-ubuntu22_x86_64-7.3.2-20220804-6354275  User: oesteban  Machine: dna071  Platform: Linux  PlatformVersion: 5.14.0-427.37.1.el9_4.x86_64  CompilerName: GCC  CompilerVersion: 8.4.0
ProgramName: mri_ca_normalize  ProgramArguments: mri_ca_normalize -all-info  ProgramVersion: 7.3.2  TimeStamp: 2026/03/14-09:41:04-GMT  BuildTime: Aug  4 2022 06:17:15  BuildStamp: freesurfer-linux-ubuntu22_x86_64-7.3.2-20220804-6354275  User: oesteban  Machine: dna071  Platform: Linux  PlatformVersion: 5.14.0-427.37.1.el9_4.x86_64  CompilerName: GCC  CompilerVersion: 8.4.0
ProgramName: mri_ca_register  ProgramArguments: mri_ca_register -all-info  ProgramVersion: 7.3.2  TimeStamp: 2026/03/14-09:41:04-GMT  BuildTime: Aug  4 2022 06:17:15  BuildStamp: freesurfer-linux-ubuntu22_x86_64-7.3.2-20220804-6354275  User: oesteban  Machine: dna071  Platform: Linux  PlatformVersion: 5.14.0-427.37.1.el9_4.x86_64  CompilerName: GCC  CompilerVersion: 8.4.0
ProgramName: mri_cc  ProgramArguments: mri_cc -all-info  ProgramVersion: 7.3.2  TimeStamp: 2026/03/14-09:41:04-GMT  BuildTime: Aug  4 2022 06:17:15  BuildStamp: freesurfer-linux-ubuntu22_x86_64-7.3.2-20220804-6354275  User: oesteban  Machine: dna071  Platform: Linux  PlatformVersion: 5.14.0-427.37.1.el9_4.x86_64  CompilerName: GCC  CompilerVersion: 8.4.0
ProgramName: mri_compute_overlap  ProgramArguments: mri_compute_overlap -all-info  ProgramVersion: 7.3.2  TimeStamp: 2026/03/14-09:41:04-GMT  BuildTime: Aug  4 2022 06:17:15  BuildStamp: freesurfer-linux-ubuntu22_x86_64-7.3.2-20220804-6354275  User: oesteban  Machine: dna071  Platform: Linux  PlatformVersion: 5.14.0-427.37.1.el9_4.x86_64  CompilerName: GCC  CompilerVersion: 8.4.0
ProgramName: mri_compute_seg_overlap  ProgramArguments: mri_compute_seg_overlap -all-info  ProgramVersion: 7.3.2  TimeStamp: 2026/03/14-09:41:04-GMT  BuildTime: Aug  4 2022 06:17:15  BuildStamp: freesurfer-linux-ubuntu22_x86_64-7.3.2-20220804-6354275  User: oesteban  Machine: dna071  Platform: Linux  PlatformVersion: 5.14.0-427.37.1.el9_4.x86_64  CompilerName: GCC  CompilerVersion: 8.4.0
ProgramName: mri_concat  ProgramArguments: mri_concat -all-info  ProgramVersion: 7.3.2  TimeStamp: 2026/03/14-09:41:04-GMT  BuildTime: Aug  4 2022 06:17:15  BuildStamp: freesurfer-linux-ubuntu22_x86_64-7.3.2-20220804-6354275  User: oesteban  Machine: dna071  Platform: Linux  PlatformVersion: 5.14.0-427.37.1.el9_4.x86_64  CompilerName: GCC  CompilerVersion: 8.4.0
ProgramName: mri_concatenate_lta  ProgramArguments: mri_concatenate_lta -all-info  ProgramVersion: 7.3.2  TimeStamp: 2026/03/14-09:41:04-GMT  BuildTime: Aug  4 2022 06:17:15  BuildStamp: freesurfer-linux-ubuntu22_x86_64-7.3.2-20220804-6354275  User: oesteban  Machine: dna071  Platform: Linux  PlatformVersion: 5.14.0-427.37.1.el9_4.x86_64  CompilerName: GCC  CompilerVersion: 8.4.0
mri_convert -all-info 
ProgramName: mri_convert  ProgramArguments: mri_convert -all-info  ProgramVersion: 7.3.2  TimeStamp: 2026/03/14-09:41:04-GMT  BuildTime: Aug  4 2022 06:17:15  BuildStamp: freesurfer-linux-ubuntu22_x86_64-7.3.2-20220804-6354275  User: oesteban  Machine: dna071  Platform: Linux  PlatformVersion: 5.14.0-427.37.1.el9_4.x86_64  CompilerName: GCC  CompilerVersion: 8.4.0
ProgramName: mri_diff  ProgramArguments: mri_diff -all-info  ProgramVersion: 7.3.2  TimeStamp: 2026/03/14-09:41:04-GMT  BuildTime: Aug  4 2022 06:17:15  BuildStamp: freesurfer-linux-ubuntu22_x86_64-7.3.2-20220804-6354275  User: oesteban  Machine: dna071  Platform: Linux  PlatformVersion: 5.14.0-427.37.1.el9_4.x86_64  CompilerName: GCC  CompilerVersion: 8.4.0
ProgramName: mri_edit_wm_with_aseg  ProgramArguments: mri_edit_wm_with_aseg -all-info  ProgramVersion: 7.3.2  TimeStamp: 2026/03/14-09:41:04-GMT  BuildTime: Aug  4 2022 06:17:15  BuildStamp: freesurfer-linux-ubuntu22_x86_64-7.3.2-20220804-6354275  User: oesteban  Machine: dna071  Platform: Linux  PlatformVersion: 5.14.0-427.37.1.el9_4.x86_64  CompilerName: GCC  CompilerVersion: 8.4.0
ProgramName: mri_em_register  ProgramArguments: mri_em_register -all-info  ProgramVersion: 7.3.2  TimeStamp: 2026/03/14-09:41:04-GMT  BuildTime: Aug  4 2022 06:17:15  BuildStamp: freesurfer-linux-ubuntu22_x86_64-7.3.2-20220804-6354275  User: oesteban  Machine: dna071  Platform: Linux  PlatformVersion: 5.14.0-427.37.1.el9_4.x86_64  CompilerName: GCC  CompilerVersion: 8.4.0
ProgramName: mri_fill  ProgramArguments: mri_fill -all-info  ProgramVersion: 7.3.2  TimeStamp: 2026/03/14-09:41:04-GMT  BuildTime: Aug  4 2022 06:17:15  BuildStamp: freesurfer-linux-ubuntu22_x86_64-7.3.2-20220804-6354275  User: oesteban  Machine: dna071  Platform: Linux  PlatformVersion: 5.14.0-427.37.1.el9_4.x86_64  CompilerName: GCC  CompilerVersion: 8.4.0
ProgramName: mri_fuse_segmentations  ProgramArguments: mri_fuse_segmentations -all-info  ProgramVersion: 7.3.2  TimeStamp: 2026/03/14-09:41:04-GMT  BuildTime: Aug  4 2022 06:17:15  BuildStamp: freesurfer-linux-ubuntu22_x86_64-7.3.2-20220804-6354275  User: oesteban  Machine: dna071  Platform: Linux  PlatformVersion: 5.14.0-427.37.1.el9_4.x86_64  CompilerName: GCC  CompilerVersion: 8.4.0
ProgramName: mri_fwhm  ProgramArguments: mri_fwhm -all-info  ProgramVersion: 7.3.2  TimeStamp: 2026/03/14-09:41:04-GMT  BuildTime: Aug  4 2022 06:17:15  BuildStamp: freesurfer-linux-ubuntu22_x86_64-7.3.2-20220804-6354275  User: oesteban  Machine: dna071  Platform: Linux  PlatformVersion: 5.14.0-427.37.1.el9_4.x86_64  CompilerName: GCC  CompilerVersion: 8.4.0
ProgramName: mri_gcut  ProgramArguments: mri_gcut -all-info  ProgramVersion: 7.3.2  TimeStamp: 2026/03/14-09:41:04-GMT  BuildTime: Aug  4 2022 06:17:15  BuildStamp: freesurfer-linux-ubuntu22_x86_64-7.3.2-20220804-6354275  User: oesteban  Machine: dna071  Platform: Linux  PlatformVersion: 5.14.0-427.37.1.el9_4.x86_64  CompilerName: GCC  CompilerVersion: 8.4.0
ProgramName: mri_info  ProgramArguments: mri_info -all-info  ProgramVersion: 7.3.2  TimeStamp: 2026/03/14-09:41:04-GMT  BuildTime: Aug  4 2022 06:17:15  BuildStamp: freesurfer-linux-ubuntu22_x86_64-7.3.2-20220804-6354275  User: oesteban  Machine: dna071  Platform: Linux  PlatformVersion: 5.14.0-427.37.1.el9_4.x86_64  CompilerName: GCC  CompilerVersion: 8.4.0
ProgramName: mri_label2label  ProgramArguments: mri_label2label -all-info  ProgramVersion: 7.3.2  TimeStamp: 2026/03/14-09:41:04-GMT  BuildTime: Aug  4 2022 06:17:15  BuildStamp: freesurfer-linux-ubuntu22_x86_64-7.3.2-20220804-6354275  User: oesteban  Machine: dna071  Platform: Linux  PlatformVersion: 5.14.0-427.37.1.el9_4.x86_64  CompilerName: GCC  CompilerVersion: 8.4.0
ProgramName: mri_label2vol  ProgramArguments: mri_label2vol -all-info  ProgramVersion: 7.3.2  TimeStamp: 2026/03/14-09:41:04-GMT  BuildTime: Aug  4 2022 06:17:15  BuildStamp: freesurfer-linux-ubuntu22_x86_64-7.3.2-20220804-6354275  User: oesteban  Machine: dna071  Platform: Linux  PlatformVersion: 5.14.0-427.37.1.el9_4.x86_64  CompilerName: GCC  CompilerVersion: 8.4.0
ProgramName: mri_log_likelihood  ProgramArguments: mri_log_likelihood -all-info  ProgramVersion: 7.3.2  TimeStamp: 2026/03/14-09:41:04-GMT  BuildTime: Aug  4 2022 06:17:15  BuildStamp: freesurfer-linux-ubuntu22_x86_64-7.3.2-20220804-6354275  User: oesteban  Machine: dna071  Platform: Linux  PlatformVersion: 5.14.0-427.37.1.el9_4.x86_64  CompilerName: GCC  CompilerVersion: 8.4.0
ProgramName: mri_mask  ProgramArguments: mri_mask -all-info  ProgramVersion: 7.3.2  TimeStamp: 2026/03/14-09:41:04-GMT  BuildTime: Aug  4 2022 06:17:15  BuildStamp: freesurfer-linux-ubuntu22_x86_64-7.3.2-20220804-6354275  User: oesteban  Machine: dna071  Platform: Linux  PlatformVersion: 5.14.0-427.37.1.el9_4.x86_64  CompilerName: GCC  CompilerVersion: 8.4.0
ProgramName: mri_matrix_multiply  ProgramArguments: mri_matrix_multiply -all-info  ProgramVersion: 7.3.2  TimeStamp: 2026/03/14-09:41:04-GMT  BuildTime: Aug  4 2022 06:17:15  BuildStamp: freesurfer-linux-ubuntu22_x86_64-7.3.2-20220804-6354275  User: oesteban  Machine: dna071  Platform: Linux  PlatformVersion: 5.14.0-427.37.1.el9_4.x86_64  CompilerName: GCC  CompilerVersion: 8.4.0
ProgramName: mri_normalize  ProgramArguments: mri_normalize -all-info  ProgramVersion: 7.3.2  TimeStamp: 2026/03/14-09:41:04-GMT  BuildTime: Aug  4 2022 06:17:15  BuildStamp: freesurfer-linux-ubuntu22_x86_64-7.3.2-20220804-6354275  User: oesteban  Machine: dna071  Platform: Linux  PlatformVersion: 5.14.0-427.37.1.el9_4.x86_64  CompilerName: GCC  CompilerVersion: 8.4.0
ProgramName: mri_normalize_tp2  ProgramArguments: mri_normalize_tp2 -all-info  ProgramVersion: 7.3.2  TimeStamp: 2026/03/14-09:41:04-GMT  BuildTime: Aug  4 2022 06:17:15  BuildStamp: freesurfer-linux-ubuntu22_x86_64-7.3.2-20220804-6354275  User: oesteban  Machine: dna071  Platform: Linux  PlatformVersion: 5.14.0-427.37.1.el9_4.x86_64  CompilerName: GCC  CompilerVersion: 8.4.0
ProgramName: mri_or  ProgramArguments: mri_or -all-info  ProgramVersion: 7.3.2  TimeStamp: 2026/03/14-09:41:04-GMT  BuildTime: Aug  4 2022 06:17:15  BuildStamp: freesurfer-linux-ubuntu22_x86_64-7.3.2-20220804-6354275  User: oesteban  Machine: dna071  Platform: Linux  PlatformVersion: 5.14.0-427.37.1.el9_4.x86_64  CompilerName: GCC  CompilerVersion: 8.4.0
ProgramName: mri_relabel_hypointensities  ProgramArguments: mri_relabel_hypointensities -all-info  ProgramVersion: 7.3.2  TimeStamp: 2026/03/14-09:41:04-GMT  BuildTime: Aug  4 2022 06:17:15  BuildStamp: freesurfer-linux-ubuntu22_x86_64-7.3.2-20220804-6354275  User: oesteban  Machine: dna071  Platform: Linux  PlatformVersion: 5.14.0-427.37.1.el9_4.x86_64  CompilerName: GCC  CompilerVersion: 8.4.0
ProgramName: mri_relabel_nonwm_hypos  ProgramArguments: mri_relabel_nonwm_hypos -all-info  ProgramVersion: 7.3.2  TimeStamp: 2026/03/14-09:41:04-GMT  BuildTime: Aug  4 2022 06:17:15  BuildStamp: freesurfer-linux-ubuntu22_x86_64-7.3.2-20220804-6354275  User: oesteban  Machine: dna071  Platform: Linux  PlatformVersion: 5.14.0-427.37.1.el9_4.x86_64  CompilerName: GCC  CompilerVersion: 8.4.0
ProgramName: mri_remove_neck  ProgramArguments: mri_remove_neck -all-info  ProgramVersion: 7.3.2  TimeStamp: 2026/03/14-09:41:04-GMT  BuildTime: Aug  4 2022 06:17:15  BuildStamp: freesurfer-linux-ubuntu22_x86_64-7.3.2-20220804-6354275  User: oesteban  Machine: dna071  Platform: Linux  PlatformVersion: 5.14.0-427.37.1.el9_4.x86_64  CompilerName: GCC  CompilerVersion: 8.4.0
7.3.2

ProgramName: mri_robust_register  ProgramArguments: mri_robust_register -all-info  ProgramVersion: 7.3.2  TimeStamp: 2026/03/14-09:41:04-GMT  BuildTime: Aug  4 2022 06:17:15  BuildStamp: freesurfer-linux-ubuntu22_x86_64-7.3.2-20220804-6354275  User: oesteban  Machine: dna071  Platform: Linux  PlatformVersion: 5.14.0-427.37.1.el9_4.x86_64  CompilerName: GCC  CompilerVersion: 8.4.0
7.3.2

ProgramName: mri_robust_template  ProgramArguments: mri_robust_template -all-info  ProgramVersion: 7.3.2  TimeStamp: 2026/03/14-09:41:04-GMT  BuildTime: Aug  4 2022 06:17:15  BuildStamp: freesurfer-linux-ubuntu22_x86_64-7.3.2-20220804-6354275  User: oesteban  Machine: dna071  Platform: Linux  PlatformVersion: 5.14.0-427.37.1.el9_4.x86_64  CompilerName: GCC  CompilerVersion: 8.4.0
ProgramName: mris_anatomical_stats  ProgramArguments: mris_anatomical_stats -all-info  ProgramVersion: 7.3.2  TimeStamp: 2026/03/14-09:41:04-GMT  BuildTime: Aug  4 2022 06:17:15  BuildStamp: freesurfer-linux-ubuntu22_x86_64-7.3.2-20220804-6354275  User: oesteban  Machine: dna071  Platform: Linux  PlatformVersion: 5.14.0-427.37.1.el9_4.x86_64  CompilerName: GCC  CompilerVersion: 8.4.0
ProgramName: mris_ca_label  ProgramArguments: mris_ca_label -all-info  ProgramVersion: 7.3.2  TimeStamp: 2026/03/14-09:41:04-GMT  BuildTime: Aug  4 2022 06:17:15  BuildStamp: freesurfer-linux-ubuntu22_x86_64-7.3.2-20220804-6354275  User: oesteban  Machine: dna071  Platform: Linux  PlatformVersion: 5.14.0-427.37.1.el9_4.x86_64  CompilerName: GCC  CompilerVersion: 8.4.0
ProgramName: mris_calc  ProgramArguments: mris_calc -all-info  ProgramVersion: 7.3.2  TimeStamp: 2026/03/14-09:41:04-GMT  BuildTime: Aug  4 2022 06:17:15  BuildStamp: freesurfer-linux-ubuntu22_x86_64-7.3.2-20220804-6354275  User: oesteban  Machine: dna071  Platform: Linux  PlatformVersion: 5.14.0-427.37.1.el9_4.x86_64  CompilerName: GCC  CompilerVersion: 8.4.0
ProgramName: mris_convert  ProgramArguments: mris_convert -all-info  ProgramVersion: 7.3.2  TimeStamp: 2026/03/14-09:41:04-GMT  BuildTime: Aug  4 2022 06:17:15  BuildStamp: freesurfer-linux-ubuntu22_x86_64-7.3.2-20220804-6354275  User: oesteban  Machine: dna071  Platform: Linux  PlatformVersion: 5.14.0-427.37.1.el9_4.x86_64  CompilerName: GCC  CompilerVersion: 8.4.0
ProgramName: mris_curvature  ProgramArguments: mris_curvature -all-info  ProgramVersion: 7.3.2  TimeStamp: 2026/03/14-09:41:04-GMT  BuildTime: Aug  4 2022 06:17:15  BuildStamp: freesurfer-linux-ubuntu22_x86_64-7.3.2-20220804-6354275  User: oesteban  Machine: dna071  Platform: Linux  PlatformVersion: 5.14.0-427.37.1.el9_4.x86_64  CompilerName: GCC  CompilerVersion: 8.4.0
ProgramName: mris_curvature_stats  ProgramArguments: mris_curvature_stats -all-info  ProgramVersion: 7.3.2  TimeStamp: 2026/03/14-09:41:04-GMT  BuildTime: Aug  4 2022 06:17:15  BuildStamp: freesurfer-linux-ubuntu22_x86_64-7.3.2-20220804-6354275  User: oesteban  Machine: dna071  Platform: Linux  PlatformVersion: 5.14.0-427.37.1.el9_4.x86_64  CompilerName: GCC  CompilerVersion: 8.4.0
ProgramName: mris_diff  ProgramArguments: mris_diff -all-info  ProgramVersion: 7.3.2  TimeStamp: 2026/03/14-09:41:04-GMT  BuildTime: Aug  4 2022 06:17:15  BuildStamp: freesurfer-linux-ubuntu22_x86_64-7.3.2-20220804-6354275  User: oesteban  Machine: dna071  Platform: Linux  PlatformVersion: 5.14.0-427.37.1.el9_4.x86_64  CompilerName: GCC  CompilerVersion: 8.4.0
ProgramName: mris_divide_parcellation  ProgramArguments: mris_divide_parcellation -all-info  ProgramVersion: 7.3.2  TimeStamp: 2026/03/14-09:41:04-GMT  BuildTime: Aug  4 2022 06:17:15  BuildStamp: freesurfer-linux-ubuntu22_x86_64-7.3.2-20220804-6354275  User: oesteban  Machine: dna071  Platform: Linux  PlatformVersion: 5.14.0-427.37.1.el9_4.x86_64  CompilerName: GCC  CompilerVersion: 8.4.0
ProgramName: mri_segment  ProgramArguments: mri_segment -all-info  ProgramVersion: 7.3.2  TimeStamp: 2026/03/14-09:41:04-GMT  BuildTime: Aug  4 2022 06:17:15  BuildStamp: freesurfer-linux-ubuntu22_x86_64-7.3.2-20220804-6354275  User: oesteban  Machine: dna071  Platform: Linux  PlatformVersion: 5.14.0-427.37.1.el9_4.x86_64  CompilerName: GCC  CompilerVersion: 8.4.0
ProgramName: mri_segstats  ProgramArguments: mri_segstats -all-info  ProgramVersion: 7.3.2  TimeStamp: 2026/03/14-09:41:04-GMT  BuildTime: Aug  4 2022 06:17:15  BuildStamp: freesurfer-linux-ubuntu22_x86_64-7.3.2-20220804-6354275  User: oesteban  Machine: dna071  Platform: Linux  PlatformVersion: 5.14.0-427.37.1.el9_4.x86_64  CompilerName: GCC  CompilerVersion: 8.4.0
ProgramName: mris_euler_number  ProgramArguments: mris_euler_number -all-info  ProgramVersion: 7.3.2  TimeStamp: 2026/03/14-09:41:04-GMT  BuildTime: Aug  4 2022 06:17:15  BuildStamp: freesurfer-linux-ubuntu22_x86_64-7.3.2-20220804-6354275  User: oesteban  Machine: dna071  Platform: Linux  PlatformVersion: 5.14.0-427.37.1.el9_4.x86_64  CompilerName: GCC  CompilerVersion: 8.4.0
ProgramName: mris_fix_topology  ProgramArguments: mris_fix_topology -all-info  ProgramVersion: 7.3.2  TimeStamp: 2026/03/14-09:41:04-GMT  BuildTime: Aug  4 2022 06:17:15  BuildStamp: freesurfer-linux-ubuntu22_x86_64-7.3.2-20220804-6354275  User: oesteban  Machine: dna071  Platform: Linux  PlatformVersion: 5.14.0-427.37.1.el9_4.x86_64  CompilerName: GCC  CompilerVersion: 8.4.0
ProgramName: mris_topo_fixer  ProgramArguments: mris_topo_fixer -all-info  ProgramVersion: 7.3.2  TimeStamp: 2026/03/14-09:41:04-GMT  BuildTime: Aug  4 2022 06:17:15  BuildStamp: freesurfer-linux-ubuntu22_x86_64-7.3.2-20220804-6354275  User: oesteban  Machine: dna071  Platform: Linux  PlatformVersion: 5.14.0-427.37.1.el9_4.x86_64  CompilerName: GCC  CompilerVersion: 8.4.0
ProgramName: mris_jacobian  ProgramArguments: mris_jacobian -all-info  ProgramVersion: 7.3.2  TimeStamp: 2026/03/14-09:41:04-GMT  BuildTime: Aug  4 2022 06:17:15  BuildStamp: freesurfer-linux-ubuntu22_x86_64-7.3.2-20220804-6354275  User: oesteban  Machine: dna071  Platform: Linux  PlatformVersion: 5.14.0-427.37.1.el9_4.x86_64  CompilerName: GCC  CompilerVersion: 8.4.0
ProgramName: mris_label2annot  ProgramArguments: mris_label2annot -all-info  ProgramVersion: 7.3.2  TimeStamp: 2026/03/14-09:41:04-GMT  BuildTime: Aug  4 2022 06:17:15  BuildStamp: freesurfer-linux-ubuntu22_x86_64-7.3.2-20220804-6354275  User: oesteban  Machine: dna071  Platform: Linux  PlatformVersion: 5.14.0-427.37.1.el9_4.x86_64  CompilerName: GCC  CompilerVersion: 8.4.0
ProgramName: mris_left_right_register  ProgramArguments: mris_left_right_register -all-info  ProgramVersion: 7.3.2  TimeStamp: 2026/03/14-09:41:04-GMT  BuildTime: Aug  4 2022 06:17:15  BuildStamp: freesurfer-linux-ubuntu22_x86_64-7.3.2-20220804-6354275  User: oesteban  Machine: dna071  Platform: Linux  PlatformVersion: 5.14.0-427.37.1.el9_4.x86_64  CompilerName: GCC  CompilerVersion: 8.4.0
ProgramName: mris_place_surface  ProgramArguments: mris_place_surface -all-info  ProgramVersion: 7.3.2  TimeStamp: 2026/03/14-09:41:04-GMT  BuildTime: Aug  4 2022 06:17:15  BuildStamp: freesurfer-linux-ubuntu22_x86_64-7.3.2-20220804-6354275  User: oesteban  Machine: dna071  Platform: Linux  PlatformVersion: 5.14.0-427.37.1.el9_4.x86_64  CompilerName: GCC  CompilerVersion: 8.4.0
ProgramName: mrisp_paint  ProgramArguments: mrisp_paint -all-info  ProgramVersion: 7.3.2  TimeStamp: 2026/03/14-09:41:04-GMT  BuildTime: Aug  4 2022 06:17:15  BuildStamp: freesurfer-linux-ubuntu22_x86_64-7.3.2-20220804-6354275  User: oesteban  Machine: dna071  Platform: Linux  PlatformVersion: 5.14.0-427.37.1.el9_4.x86_64  CompilerName: GCC  CompilerVersion: 8.4.0
ProgramName: mris_register  ProgramArguments: mris_register -all-info  ProgramVersion: 7.3.2  TimeStamp: 2026/03/14-09:41:04-GMT  BuildTime: Aug  4 2022 06:17:15  BuildStamp: freesurfer-linux-ubuntu22_x86_64-7.3.2-20220804-6354275  User: oesteban  Machine: dna071  Platform: Linux  PlatformVersion: 5.14.0-427.37.1.el9_4.x86_64  CompilerName: GCC  CompilerVersion: 8.4.0
ProgramName: mris_smooth  ProgramArguments: mris_smooth -all-info  ProgramVersion: 7.3.2  TimeStamp: 2026/03/14-09:41:04-GMT  BuildTime: Aug  4 2022 06:17:15  BuildStamp: freesurfer-linux-ubuntu22_x86_64-7.3.2-20220804-6354275  User: oesteban  Machine: dna071  Platform: Linux  PlatformVersion: 5.14.0-427.37.1.el9_4.x86_64  CompilerName: GCC  CompilerVersion: 8.4.0
ProgramName: mris_sphere  ProgramArguments: mris_sphere -all-info  ProgramVersion: 7.3.2  TimeStamp: 2026/03/14-09:41:04-GMT  BuildTime: Aug  4 2022 06:17:15  BuildStamp: freesurfer-linux-ubuntu22_x86_64-7.3.2-20220804-6354275  User: oesteban  Machine: dna071  Platform: Linux  PlatformVersion: 5.14.0-427.37.1.el9_4.x86_64  CompilerName: GCC  CompilerVersion: 8.4.0
ProgramName: mris_surface_stats  ProgramArguments: mris_surface_stats -all-info  ProgramVersion: 7.3.2  TimeStamp: 2026/03/14-09:41:04-GMT  BuildTime: Aug  4 2022 06:17:15  BuildStamp: freesurfer-linux-ubuntu22_x86_64-7.3.2-20220804-6354275  User: oesteban  Machine: dna071  Platform: Linux  PlatformVersion: 5.14.0-427.37.1.el9_4.x86_64  CompilerName: GCC  CompilerVersion: 8.4.0
ProgramName: mri_stats2seg  ProgramArguments: mri_stats2seg -all-info  ProgramVersion: 7.3.2  TimeStamp: 2026/03/14-09:41:04-GMT  BuildTime: Aug  4 2022 06:17:15  BuildStamp: freesurfer-linux-ubuntu22_x86_64-7.3.2-20220804-6354275  User: oesteban  Machine: dna071  Platform: Linux  PlatformVersion: 5.14.0-427.37.1.el9_4.x86_64  CompilerName: GCC  CompilerVersion: 8.4.0
ProgramName: mris_thickness  ProgramArguments: mris_thickness -all-info  ProgramVersion: 7.3.2  TimeStamp: 2026/03/14-09:41:04-GMT  BuildTime: Aug  4 2022 06:17:15  BuildStamp: freesurfer-linux-ubuntu22_x86_64-7.3.2-20220804-6354275  User: oesteban  Machine: dna071  Platform: Linux  PlatformVersion: 5.14.0-427.37.1.el9_4.x86_64  CompilerName: GCC  CompilerVersion: 8.4.0
ProgramName: mris_thickness_diff  ProgramArguments: mris_thickness_diff -all-info  ProgramVersion: 7.3.2  TimeStamp: 2026/03/14-09:41:04-GMT  BuildTime: Aug  4 2022 06:17:15  BuildStamp: freesurfer-linux-ubuntu22_x86_64-7.3.2-20220804-6354275  User: oesteban  Machine: dna071  Platform: Linux  PlatformVersion: 5.14.0-427.37.1.el9_4.x86_64  CompilerName: GCC  CompilerVersion: 8.4.0
ProgramName: mris_topo_fixer  ProgramArguments: mris_topo_fixer -all-info  ProgramVersion: 7.3.2  TimeStamp: 2026/03/14-09:41:04-GMT  BuildTime: Aug  4 2022 06:17:15  BuildStamp: freesurfer-linux-ubuntu22_x86_64-7.3.2-20220804-6354275  User: oesteban  Machine: dna071  Platform: Linux  PlatformVersion: 5.14.0-427.37.1.el9_4.x86_64  CompilerName: GCC  CompilerVersion: 8.4.0
ProgramName: mri_surf2surf  ProgramArguments: mri_surf2surf -all-info  ProgramVersion: 7.3.2  TimeStamp: 2026/03/14-09:41:04-GMT  BuildTime: Aug  4 2022 06:17:15  BuildStamp: freesurfer-linux-ubuntu22_x86_64-7.3.2-20220804-6354275  User: oesteban  Machine: dna071  Platform: Linux  PlatformVersion: 5.14.0-427.37.1.el9_4.x86_64  CompilerName: GCC  CompilerVersion: 8.4.0
ProgramName: mri_surf2vol  ProgramArguments: mri_surf2vol -all-info  ProgramVersion: 7.3.2  TimeStamp: 2026/03/14-09:41:04-GMT  BuildTime: Aug  4 2022 06:17:15  BuildStamp: freesurfer-linux-ubuntu22_x86_64-7.3.2-20220804-6354275  User: oesteban  Machine: dna071  Platform: Linux  PlatformVersion: 5.14.0-427.37.1.el9_4.x86_64  CompilerName: GCC  CompilerVersion: 8.4.0
ProgramName: mri_surfcluster  ProgramArguments: mri_surfcluster -all-info  ProgramVersion: 7.3.2  TimeStamp: 2026/03/14-09:41:04-GMT  BuildTime: Aug  4 2022 06:17:15  BuildStamp: freesurfer-linux-ubuntu22_x86_64-7.3.2-20220804-6354275  User: oesteban  Machine: dna071  Platform: Linux  PlatformVersion: 5.14.0-427.37.1.el9_4.x86_64  CompilerName: GCC  CompilerVersion: 8.4.0
ProgramName: mris_volmask  ProgramArguments: mris_volmask -all-info  ProgramVersion: 7.3.2  TimeStamp: 2026/03/14-09:41:04-GMT  BuildTime: Aug  4 2022 06:17:15  BuildStamp: freesurfer-linux-ubuntu22_x86_64-7.3.2-20220804-6354275  User: oesteban  Machine: dna071  Platform: Linux  PlatformVersion: 5.14.0-427.37.1.el9_4.x86_64  CompilerName: GCC  CompilerVersion: 8.4.0
ProgramName: mri_tessellate  ProgramArguments: mri_tessellate -all-info  ProgramVersion: 7.3.2  TimeStamp: 2026/03/14-09:41:04-GMT  BuildTime: Aug  4 2022 06:17:15  BuildStamp: freesurfer-linux-ubuntu22_x86_64-7.3.2-20220804-6354275  User: oesteban  Machine: dna071  Platform: Linux  PlatformVersion: 5.14.0-427.37.1.el9_4.x86_64  CompilerName: GCC  CompilerVersion: 8.4.0
ProgramName: mri_vol2surf  ProgramArguments: mri_vol2surf -all-info  ProgramVersion: 7.3.2  TimeStamp: 2026/03/14-09:41:04-GMT  BuildTime: Aug  4 2022 06:17:15  BuildStamp: freesurfer-linux-ubuntu22_x86_64-7.3.2-20220804-6354275  User: oesteban  Machine: dna071  Platform: Linux  PlatformVersion: 5.14.0-427.37.1.el9_4.x86_64  CompilerName: GCC  CompilerVersion: 8.4.0
ProgramName: mri_vol2vol  ProgramArguments: mri_vol2vol -all-info  ProgramVersion: 7.3.2  TimeStamp: 2026/03/14-09:41:04-GMT  BuildTime: Aug  4 2022 06:17:15  BuildStamp: freesurfer-linux-ubuntu22_x86_64-7.3.2-20220804-6354275  User: oesteban  Machine: dna071  Platform: Linux  PlatformVersion: 5.14.0-427.37.1.el9_4.x86_64  CompilerName: GCC  CompilerVersion: 8.4.0
ProgramName: mri_voldiff  ProgramArguments: mri_voldiff -all-info  ProgramVersion: 7.3.2  TimeStamp: 2026/03/14-09:41:04-GMT  BuildTime: Aug  4 2022 06:17:15  BuildStamp: freesurfer-linux-ubuntu22_x86_64-7.3.2-20220804-6354275  User: oesteban  Machine: dna071  Platform: Linux  PlatformVersion: 5.14.0-427.37.1.el9_4.x86_64  CompilerName: GCC  CompilerVersion: 8.4.0
ProgramName: mri_watershed  ProgramArguments: mri_watershed -all-info  ProgramVersion: 7.3.2  TimeStamp: 2026/03/14-09:41:04-GMT  BuildTime: Aug  4 2022 06:17:15  BuildStamp: freesurfer-linux-ubuntu22_x86_64-7.3.2-20220804-6354275  User: oesteban  Machine: dna071  Platform: Linux  PlatformVersion: 5.14.0-427.37.1.el9_4.x86_64  CompilerName: GCC  CompilerVersion: 8.4.0
ProgramName: tkregister2  ProgramArguments: tkregister2_cmdl -all-info  ProgramVersion: 7.3.2  TimeStamp: 2026/03/14-09:41:04-GMT  BuildTime: Aug  4 2022 06:17:15  BuildStamp: freesurfer-linux-ubuntu22_x86_64-7.3.2-20220804-6354275  User: oesteban  Machine: dna071  Platform: Linux  PlatformVersion: 5.14.0-427.37.1.el9_4.x86_64  CompilerName: GCC  CompilerVersion: 8.4.0
mri_motion_correct.fsl 7.3.2
mri_convert -all-info 
ProgramName: mri_convert  ProgramArguments: mri_convert -all-info  ProgramVersion: 7.3.2  TimeStamp: 2026/03/14-09:41:04-GMT  BuildTime: Aug  4 2022 06:17:15  BuildStamp: freesurfer-linux-ubuntu22_x86_64-7.3.2-20220804-6354275  User: oesteban  Machine: dna071  Platform: Linux  PlatformVersion: 5.14.0-427.37.1.el9_4.x86_64  CompilerName: GCC  CompilerVersion: 8.4.0
Program nu_correct, built from:
Package MNI N3, version 1.12.0, compiled by nicks@terrier (x86_64-unknown-linux-gnu) on 2015-06-19 at 01:25:34
#######################################
GCADIR /opt/freesurfer/average
GCA RB_all_2020-01-02.gca
GCASkull RB_all_withskull_2020_01_02.gca
AvgCurvTif folding.atlas.acfb40.noaparc.i12.2016-08-02.tif
GCSDIR /opt/freesurfer/average
GCS DKaparc.atlas.acfb40.noaparc.i12.2016-08-02.gcs
#######################################
#-------------------------------------
#@# EM Registration Sat Mar 14 10:41:05 CET 2026
/out/sourcedata/freesurfer/sub-v2s9x29157_ses-1/mri

 mri_em_register -uns 3 -mask brainmask.mgz nu.mgz /opt/freesurfer/average/RB_all_2020-01-02.gca transforms/talairach.lta 

setting unknown_nbr_spacing = 3
using MR volume brainmask.mgz to mask input volume...

== Number of threads available to mri_em_register for OpenMP = 16 == 
reading 1 input volumes...
logging results to talairach.log
reading '/opt/freesurfer/average/RB_all_2020-01-02.gca'...
GCAread took 0 minutes and 1 seconds.
average std = 7.2   using min determinant for regularization = 5.2
0 singular and 884 ill-conditioned covariance matrices regularized
reading 'nu.mgz'...
MRImask(): AllowDiffGeom = 1
MRImask(): AllowDiffGeom = 1
MRImask(): AllowDiffGeom = 1
MRImask(): AllowDiffGeom = 1
MRImask(): AllowDiffGeom = 1
freeing gibbs priors...done.
accounting for voxel sizes in initial transform
bounding unknown intensity as < 5.9 or > 519.0 
total sample mean = 79.1 (1017 zeros)
************************************************
spacing=8, using 2841 sample points, tol=1.00e-05...
************************************************
register_mri: find_optimal_transform
find_optimal_transform: nsamples 2841, passno 0, spacing 8
resetting wm mean[0]: 98 --> 107
resetting gm mean[0]: 61 --> 61
input volume #1 is the most T1-like
using real data threshold=25.0
skull bounding box = (63, 89, 35) --> (195, 210, 189)
finding center of left hemi white matter
using (107, 129, 112) as brain centroid of Right_Cerebral_White_Matter...
MRImask(): AllowDiffGeom = 1
mean wm in atlas = 107, using box (91,114,93) --> (123, 143,130) to find MRI wm
before smoothing, mri peak at 106
robust fit to distribution - 105 +- 3.5
after smoothing, mri peak at 105, scaling input intensities by 1.019
scaling channel 0 by 1.01905
initial log_p = -4.461
************************************************
First Search limited to translation only.
************************************************
max log p =    -4.140926 @ (-10.526, -31.579, -10.526)
max log p =    -3.905438 @ (5.263, 5.263, 5.263)
max log p =    -3.862560 @ (2.632, -7.895, 2.632)
max log p =    -3.859695 @ (1.316, 1.316, -1.316)
max log p =    -3.839503 @ (0.658, -0.658, -1.974)
max log p =    -3.839503 @ (0.000, 0.000, 0.000)
max log p =    -3.839503 @ (0.000, 0.000, 0.000)
max log p =    -3.839503 @ (0.000, 0.000, 0.000)
Found translation: (-0.7, -33.6, -5.9): log p = -3.840
****************************************
Nine parameter search.  iteration 0 nscales = 0 ...
****************************************
Result so far: scale 1.000: max_log_p=-3.568, old_max_log_p =-3.840 (thresh=-3.8)
 1.07500   0.00000   0.00000  -10.21741;
 0.00000   1.03837   0.27823  -62.89598;
 0.00000  -0.27823   1.03837   39.83228;
 0.00000   0.00000   0.00000   1.00000;
iteration took 0 minutes and 10 seconds.
****************************************
Nine parameter search.  iteration 1 nscales = 0 ...
****************************************
Result so far: scale 1.000: max_log_p=-3.499, old_max_log_p =-3.568 (thresh=-3.6)
 0.97743  -0.11087  -0.16293   35.36564;
 0.12868   1.09950   0.27707  -88.22049;
 0.15084  -0.29654   1.10670   16.29034;
 0.00000   0.00000   0.00000   1.00000;
iteration took 0 minutes and 10 seconds.
****************************************
Nine parameter search.  iteration 2 nscales = 0 ...
****************************************
Result so far: scale 1.000: max_log_p=-3.499, old_max_log_p =-3.499 (thresh=-3.5)
 0.97743  -0.11087  -0.16293   35.36564;
 0.12868   1.09950   0.27707  -88.22049;
 0.15084  -0.29654   1.10670   16.29034;
 0.00000   0.00000   0.00000   1.00000;
reducing scale to 0.2500
iteration took 0 minutes and 10 seconds.
****************************************
Nine parameter search.  iteration 3 nscales = 1 ...
****************************************
Result so far: scale 0.250: max_log_p=-3.285, old_max_log_p =-3.499 (thresh=-3.5)
 1.02627  -0.09225  -0.08437   16.43853;
 0.09064   1.13297   0.24545  -84.95084;
 0.08867  -0.25055   1.10106   17.99246;
 0.00000   0.00000   0.00000   1.00000;
iteration took 0 minutes and 10 seconds.
****************************************
Nine parameter search.  iteration 4 nscales = 1 ...
****************************************
Result so far: scale 0.250: max_log_p=-3.270, old_max_log_p =-3.285 (thresh=-3.3)
 1.04552  -0.09398  -0.08595   14.36921;
 0.08894   1.11173   0.24085  -81.12132;
 0.08867  -0.25055   1.10106   17.99246;
 0.00000   0.00000   0.00000   1.00000;
iteration took 0 minutes and 10 seconds.
****************************************
Nine parameter search.  iteration 5 nscales = 1 ...
****************************************
Result so far: scale 0.250: max_log_p=-3.269, old_max_log_p =-3.270 (thresh=-3.3)
 1.04776  -0.10331  -0.05016   11.78492;
 0.09179   1.10293   0.27674  -83.87459;
 0.05050  -0.27825   1.07429   29.76421;
 0.00000   0.00000   0.00000   1.00000;
reducing scale to 0.0625
iteration took 0 minutes and 10 seconds.
****************************************
Nine parameter search.  iteration 6 nscales = 2 ...
****************************************
Result so far: scale 0.062: max_log_p=-3.228, old_max_log_p =-3.269 (thresh=-3.3)
 1.04422  -0.09523  -0.08546   14.20012;
 0.08926   1.11212   0.23228  -80.80322;
 0.08867  -0.23676   1.08501   17.13365;
 0.00000   0.00000   0.00000   1.00000;
iteration took 0 minutes and 10 seconds.
****************************************
Nine parameter search.  iteration 7 nscales = 2 ...
****************************************
Result so far: scale 0.062: max_log_p=-3.228, old_max_log_p =-3.228 (thresh=-3.2)
 1.04422  -0.09523  -0.08546   14.20012;
 0.08926   1.11212   0.23228  -80.80322;
 0.08867  -0.23676   1.08501   17.13365;
 0.00000   0.00000   0.00000   1.00000;
min search scale 0.025000 reached
***********************************************
Computing MAP estimate using 2841 samples...
***********************************************
dt = 5.00e-06, momentum=0.80, tol=1.00e-05
l_intensity = 1.0000
Aligning input volume to GCA...
Transform matrix
 1.04422  -0.09523  -0.08546   14.20012;
 0.08926   1.11212   0.23228  -80.80322;
 0.08867  -0.23676   1.08501   17.13365;
 0.00000   0.00000   0.00000   1.00000;
nsamples 2841
Quasinewton: input matrix
 1.04422  -0.09523  -0.08546   14.20012;
 0.08926   1.11212   0.23228  -80.80322;
 0.08867  -0.23676   1.08501   17.13365;
 0.00000   0.00000   0.00000   1.00000;
 IFLAG= -1  LINE SEARCH FAILED. SEE DOCUMENTATION OF ROUTINE MCSRCH ERROR RETURN OF LINE SEARCH: INFO= 3 POSSIBLE CAUSES: FUNCTION OR GRADIENT ARE INCORRECT OR INCORRECT TOLERANCESoutof QuasiNewtonEMA: 010: -log(p) =   -0.0  tol 0.000010
Resulting transform:
 1.04422  -0.09523  -0.08546   14.20012;
 0.08926   1.11212   0.23228  -80.80322;
 0.08867  -0.23676   1.08501   17.13365;
 0.00000   0.00000   0.00000   1.00000;

pass 1, spacing 8: log(p) = -3.228 (old=-4.461)
transform before final EM align:
 1.04422  -0.09523  -0.08546   14.20012;
 0.08926   1.11212   0.23228  -80.80322;
 0.08867  -0.23676   1.08501   17.13365;
 0.00000   0.00000   0.00000   1.00000;

**************************************************
 EM alignment process ...
 Computing final MAP estimate using 315638 samples. 
**************************************************
dt = 5.00e-06, momentum=0.80, tol=1.00e-07
l_intensity = 1.0000
Aligning input volume to GCA...
Transform matrix
 1.04422  -0.09523  -0.08546   14.20012;
 0.08926   1.11212   0.23228  -80.80322;
 0.08867  -0.23676   1.08501   17.13365;
 0.00000   0.00000   0.00000   1.00000;
nsamples 315638
Quasinewton: input matrix
 1.04422  -0.09523  -0.08546   14.20012;
 0.08926   1.11212   0.23228  -80.80322;
 0.08867  -0.23676   1.08501   17.13365;
 0.00000   0.00000   0.00000   1.00000;
dfp_em_step_func: 011: -log(p) = 3.8
after pass:transform: ( 1.04, -0.10, -0.09, 14.20)
                      ( 0.09, 1.11, 0.23, -80.80)
                      ( 0.09, -0.24, 1.09, 17.13)
dfp_em_step_func: 012: -log(p) = 3.8
after pass:transform: ( 1.04, -0.10, -0.09, 14.20)
                      ( 0.09, 1.11, 0.23, -80.80)
                      ( 0.09, -0.24, 1.09, 17.13)
 IFLAG= -1  LINE SEARCH FAILED. SEE DOCUMENTATION OF ROUTINE MCSRCH ERROR RETURN OF LINE SEARCH: INFO= 3 POSSIBLE CAUSES: FUNCTION OR GRADIENT ARE INCORRECT OR INCORRECT TOLERANCESpass 2 through quasi-newton minimization...
 IFLAG= -1  LINE SEARCH FAILED. SEE DOCUMENTATION OF ROUTINE MCSRCH ERROR RETURN OF LINE SEARCH: INFO= 3 POSSIBLE CAUSES: FUNCTION OR GRADIENT ARE INCORRECT OR INCORRECT TOLERANCESoutof QuasiNewtonEMA: 014: -log(p) =    3.8  tol 0.000000
final transform:
 1.04423  -0.09522  -0.08545   14.20012;
 0.08927   1.11212   0.23229  -80.80322;
 0.08867  -0.23675   1.08501   17.13365;
 0.00000   0.00000   0.00000   1.00000;

writing output transformation to transforms/talairach.lta...
#VMPC# mri_em_register VmPeak  891280
FSRUNTIME@ mri_em_register  0.0419 hours 16 threads
registration took 2 minutes and 31 seconds.

Started at Sat Mar 14 10:41:04 CET 2026 
Ended   at Sat Mar 14 10:43:35 CET 2026
#@#%# recon-all-run-time-hours 0.042
recon-all -s sub-v2s9x29157_ses-1 finished without error at Sat Mar 14 10:43:35 CET 2026



#New# invocation of recon-all 




Sat Mar 14 10:43:37 CET 2026
cd /out/sourcedata/freesurfer/sub-v2s9x29157_ses-1
setenv SUBJECTS_DIR /out/sourcedata/freesurfer
/opt/freesurfer/bin/recon-all -autorecon2-volonly -openmp 16 -subjid sub-v2s9x29157_ses-1 -sd /out/sourcedata/freesurfer -nogcareg

subjid sub-v2s9x29157_ses-1
setenv SUBJECTS_DIR /out/sourcedata/freesurfer
FREESURFER_HOME /opt/freesurfer
Actual FREESURFER_HOME /opt/freesurfer
build-stamp.txt: freesurfer-linux-ubuntu22_x86_64-7.3.2-20220804-6354275
Linux dna071 5.14.0-427.37.1.el9_4.x86_64 #1 SMP PREEMPT_DYNAMIC Fri Sep 13 12:41:50 EDT 2024 x86_64 x86_64 x86_64 GNU/Linux
cputime      unlimited
filesize     unlimited
datasize     unlimited
stacksize    8192 kbytes
coredumpsize 0 kbytes
memoryuse    67108864 kbytes
vmemoryuse   unlimited
descriptors  1024 
memorylocked unlimited
maxproc      2061970 
maxlocks     unlimited
maxsignal    2062029 
maxmessage   819200 
maxnice      0 
maxrtprio    0 
maxrttime    unlimited

               total        used        free      shared  buff/cache   available
Mem:           503Gi        42Gi       308Gi       9.4Gi       152Gi       448Gi
Swap:             0B          0B          0B

########################################
program versions used
7.3.2 (freesurfer-linux-ubuntu22_x86_64-7.3.2-20220804-6354275)
7.3.2

ProgramName: lta_convert  ProgramArguments: lta_convert -all-info  ProgramVersion: 7.3.2  TimeStamp: 2026/03/14-09:43:37-GMT  BuildTime: Aug  4 2022 06:17:15  BuildStamp: freesurfer-linux-ubuntu22_x86_64-7.3.2-20220804-6354275  User: oesteban  Machine: dna071  Platform: Linux  PlatformVersion: 5.14.0-427.37.1.el9_4.x86_64  CompilerName: GCC  CompilerVersion: 8.4.0
ProgramName: mri_and  ProgramArguments: mri_and -all-info  ProgramVersion: 7.3.2  TimeStamp: 2026/03/14-09:43:37-GMT  BuildTime: Aug  4 2022 06:17:15  BuildStamp: freesurfer-linux-ubuntu22_x86_64-7.3.2-20220804-6354275  User: oesteban  Machine: dna071  Platform: Linux  PlatformVersion: 5.14.0-427.37.1.el9_4.x86_64  CompilerName: GCC  CompilerVersion: 8.4.0
ProgramName: mri_annotation2label  ProgramArguments: mri_annotation2label -all-info  ProgramVersion: 7.3.2  TimeStamp: 2026/03/14-09:43:37-GMT  BuildTime: Aug  4 2022 06:17:15  BuildStamp: freesurfer-linux-ubuntu22_x86_64-7.3.2-20220804-6354275  User: oesteban  Machine: dna071  Platform: Linux  PlatformVersion: 5.14.0-427.37.1.el9_4.x86_64  CompilerName: GCC  CompilerVersion: 8.4.0
ProgramName: mri_aparc2aseg  ProgramArguments: mri_aparc2aseg -all-info  ProgramVersion: 7.3.2  TimeStamp: 2026/03/14-09:43:37-GMT  BuildTime: Aug  4 2022 06:17:15  BuildStamp: freesurfer-linux-ubuntu22_x86_64-7.3.2-20220804-6354275  User: oesteban  Machine: dna071  Platform: Linux  PlatformVersion: 5.14.0-427.37.1.el9_4.x86_64  CompilerName: GCC  CompilerVersion: 8.4.0
ProgramName: mri_surf2volseg  ProgramArguments: mri_surf2volseg -all-info  ProgramVersion: 7.3.2  TimeStamp: 2026/03/14-09:43:37-GMT  BuildTime: Aug  4 2022 06:17:15  BuildStamp: freesurfer-linux-ubuntu22_x86_64-7.3.2-20220804-6354275  User: oesteban  Machine: dna071  Platform: Linux  PlatformVersion: 5.14.0-427.37.1.el9_4.x86_64  CompilerName: GCC  CompilerVersion: 8.4.0
ProgramName: mri_binarize  ProgramArguments: mri_binarize -all-info  ProgramVersion: 7.3.2  TimeStamp: 2026/03/14-09:43:37-GMT  BuildTime: Aug  4 2022 06:17:15  BuildStamp: freesurfer-linux-ubuntu22_x86_64-7.3.2-20220804-6354275  User: oesteban  Machine: dna071  Platform: Linux  PlatformVersion: 5.14.0-427.37.1.el9_4.x86_64  CompilerName: GCC  CompilerVersion: 8.4.0
ProgramName: mri_ca_label  ProgramArguments: mri_ca_label -all-info  ProgramVersion: 7.3.2  TimeStamp: 2026/03/14-09:43:37-GMT  BuildTime: Aug  4 2022 06:17:15  BuildStamp: freesurfer-linux-ubuntu22_x86_64-7.3.2-20220804-6354275  User: oesteban  Machine: dna071  Platform: Linux  PlatformVersion: 5.14.0-427.37.1.el9_4.x86_64  CompilerName: GCC  CompilerVersion: 8.4.0
ProgramName: mri_ca_normalize  ProgramArguments: mri_ca_normalize -all-info  ProgramVersion: 7.3.2  TimeStamp: 2026/03/14-09:43:37-GMT  BuildTime: Aug  4 2022 06:17:15  BuildStamp: freesurfer-linux-ubuntu22_x86_64-7.3.2-20220804-6354275  User: oesteban  Machine: dna071  Platform: Linux  PlatformVersion: 5.14.0-427.37.1.el9_4.x86_64  CompilerName: GCC  CompilerVersion: 8.4.0
ProgramName: mri_ca_register  ProgramArguments: mri_ca_register -all-info  ProgramVersion: 7.3.2  TimeStamp: 2026/03/14-09:43:37-GMT  BuildTime: Aug  4 2022 06:17:15  BuildStamp: freesurfer-linux-ubuntu22_x86_64-7.3.2-20220804-6354275  User: oesteban  Machine: dna071  Platform: Linux  PlatformVersion: 5.14.0-427.37.1.el9_4.x86_64  CompilerName: GCC  CompilerVersion: 8.4.0
ProgramName: mri_cc  ProgramArguments: mri_cc -all-info  ProgramVersion: 7.3.2  TimeStamp: 2026/03/14-09:43:37-GMT  BuildTime: Aug  4 2022 06:17:15  BuildStamp: freesurfer-linux-ubuntu22_x86_64-7.3.2-20220804-6354275  User: oesteban  Machine: dna071  Platform: Linux  PlatformVersion: 5.14.0-427.37.1.el9_4.x86_64  CompilerName: GCC  CompilerVersion: 8.4.0
ProgramName: mri_compute_overlap  ProgramArguments: mri_compute_overlap -all-info  ProgramVersion: 7.3.2  TimeStamp: 2026/03/14-09:43:37-GMT  BuildTime: Aug  4 2022 06:17:15  BuildStamp: freesurfer-linux-ubuntu22_x86_64-7.3.2-20220804-6354275  User: oesteban  Machine: dna071  Platform: Linux  PlatformVersion: 5.14.0-427.37.1.el9_4.x86_64  CompilerName: GCC  CompilerVersion: 8.4.0
ProgramName: mri_compute_seg_overlap  ProgramArguments: mri_compute_seg_overlap -all-info  ProgramVersion: 7.3.2  TimeStamp: 2026/03/14-09:43:37-GMT  BuildTime: Aug  4 2022 06:17:15  BuildStamp: freesurfer-linux-ubuntu22_x86_64-7.3.2-20220804-6354275  User: oesteban  Machine: dna071  Platform: Linux  PlatformVersion: 5.14.0-427.37.1.el9_4.x86_64  CompilerName: GCC  CompilerVersion: 8.4.0
ProgramName: mri_concat  ProgramArguments: mri_concat -all-info  ProgramVersion: 7.3.2  TimeStamp: 2026/03/14-09:43:37-GMT  BuildTime: Aug  4 2022 06:17:15  BuildStamp: freesurfer-linux-ubuntu22_x86_64-7.3.2-20220804-6354275  User: oesteban  Machine: dna071  Platform: Linux  PlatformVersion: 5.14.0-427.37.1.el9_4.x86_64  CompilerName: GCC  CompilerVersion: 8.4.0
ProgramName: mri_concatenate_lta  ProgramArguments: mri_concatenate_lta -all-info  ProgramVersion: 7.3.2  TimeStamp: 2026/03/14-09:43:37-GMT  BuildTime: Aug  4 2022 06:17:15  BuildStamp: freesurfer-linux-ubuntu22_x86_64-7.3.2-20220804-6354275  User: oesteban  Machine: dna071  Platform: Linux  PlatformVersion: 5.14.0-427.37.1.el9_4.x86_64  CompilerName: GCC  CompilerVersion: 8.4.0
mri_convert -all-info 
ProgramName: mri_convert  ProgramArguments: mri_convert -all-info  ProgramVersion: 7.3.2  TimeStamp: 2026/03/14-09:43:37-GMT  BuildTime: Aug  4 2022 06:17:15  BuildStamp: freesurfer-linux-ubuntu22_x86_64-7.3.2-20220804-6354275  User: oesteban  Machine: dna071  Platform: Linux  PlatformVersion: 5.14.0-427.37.1.el9_4.x86_64  CompilerName: GCC  CompilerVersion: 8.4.0
ProgramName: mri_diff  ProgramArguments: mri_diff -all-info  ProgramVersion: 7.3.2  TimeStamp: 2026/03/14-09:43:37-GMT  BuildTime: Aug  4 2022 06:17:15  BuildStamp: freesurfer-linux-ubuntu22_x86_64-7.3.2-20220804-6354275  User: oesteban  Machine: dna071  Platform: Linux  PlatformVersion: 5.14.0-427.37.1.el9_4.x86_64  CompilerName: GCC  CompilerVersion: 8.4.0
ProgramName: mri_edit_wm_with_aseg  ProgramArguments: mri_edit_wm_with_aseg -all-info  ProgramVersion: 7.3.2  TimeStamp: 2026/03/14-09:43:37-GMT  BuildTime: Aug  4 2022 06:17:15  BuildStamp: freesurfer-linux-ubuntu22_x86_64-7.3.2-20220804-6354275  User: oesteban  Machine: dna071  Platform: Linux  PlatformVersion: 5.14.0-427.37.1.el9_4.x86_64  CompilerName: GCC  CompilerVersion: 8.4.0
ProgramName: mri_em_register  ProgramArguments: mri_em_register -all-info  ProgramVersion: 7.3.2  TimeStamp: 2026/03/14-09:43:37-GMT  BuildTime: Aug  4 2022 06:17:15  BuildStamp: freesurfer-linux-ubuntu22_x86_64-7.3.2-20220804-6354275  User: oesteban  Machine: dna071  Platform: Linux  PlatformVersion: 5.14.0-427.37.1.el9_4.x86_64  CompilerName: GCC  CompilerVersion: 8.4.0
ProgramName: mri_fill  ProgramArguments: mri_fill -all-info  ProgramVersion: 7.3.2  TimeStamp: 2026/03/14-09:43:37-GMT  BuildTime: Aug  4 2022 06:17:15  BuildStamp: freesurfer-linux-ubuntu22_x86_64-7.3.2-20220804-6354275  User: oesteban  Machine: dna071  Platform: Linux  PlatformVersion: 5.14.0-427.37.1.el9_4.x86_64  CompilerName: GCC  CompilerVersion: 8.4.0
ProgramName: mri_fuse_segmentations  ProgramArguments: mri_fuse_segmentations -all-info  ProgramVersion: 7.3.2  TimeStamp: 2026/03/14-09:43:37-GMT  BuildTime: Aug  4 2022 06:17:15  BuildStamp: freesurfer-linux-ubuntu22_x86_64-7.3.2-20220804-6354275  User: oesteban  Machine: dna071  Platform: Linux  PlatformVersion: 5.14.0-427.37.1.el9_4.x86_64  CompilerName: GCC  CompilerVersion: 8.4.0
ProgramName: mri_fwhm  ProgramArguments: mri_fwhm -all-info  ProgramVersion: 7.3.2  TimeStamp: 2026/03/14-09:43:37-GMT  BuildTime: Aug  4 2022 06:17:15  BuildStamp: freesurfer-linux-ubuntu22_x86_64-7.3.2-20220804-6354275  User: oesteban  Machine: dna071  Platform: Linux  PlatformVersion: 5.14.0-427.37.1.el9_4.x86_64  CompilerName: GCC  CompilerVersion: 8.4.0
ProgramName: mri_gcut  ProgramArguments: mri_gcut -all-info  ProgramVersion: 7.3.2  TimeStamp: 2026/03/14-09:43:37-GMT  BuildTime: Aug  4 2022 06:17:15  BuildStamp: freesurfer-linux-ubuntu22_x86_64-7.3.2-20220804-6354275  User: oesteban  Machine: dna071  Platform: Linux  PlatformVersion: 5.14.0-427.37.1.el9_4.x86_64  CompilerName: GCC  CompilerVersion: 8.4.0
ProgramName: mri_info  ProgramArguments: mri_info -all-info  ProgramVersion: 7.3.2  TimeStamp: 2026/03/14-09:43:37-GMT  BuildTime: Aug  4 2022 06:17:15  BuildStamp: freesurfer-linux-ubuntu22_x86_64-7.3.2-20220804-6354275  User: oesteban  Machine: dna071  Platform: Linux  PlatformVersion: 5.14.0-427.37.1.el9_4.x86_64  CompilerName: GCC  CompilerVersion: 8.4.0
ProgramName: mri_label2label  ProgramArguments: mri_label2label -all-info  ProgramVersion: 7.3.2  TimeStamp: 2026/03/14-09:43:37-GMT  BuildTime: Aug  4 2022 06:17:15  BuildStamp: freesurfer-linux-ubuntu22_x86_64-7.3.2-20220804-6354275  User: oesteban  Machine: dna071  Platform: Linux  PlatformVersion: 5.14.0-427.37.1.el9_4.x86_64  CompilerName: GCC  CompilerVersion: 8.4.0
ProgramName: mri_label2vol  ProgramArguments: mri_label2vol -all-info  ProgramVersion: 7.3.2  TimeStamp: 2026/03/14-09:43:37-GMT  BuildTime: Aug  4 2022 06:17:15  BuildStamp: freesurfer-linux-ubuntu22_x86_64-7.3.2-20220804-6354275  User: oesteban  Machine: dna071  Platform: Linux  PlatformVersion: 5.14.0-427.37.1.el9_4.x86_64  CompilerName: GCC  CompilerVersion: 8.4.0
ProgramName: mri_log_likelihood  ProgramArguments: mri_log_likelihood -all-info  ProgramVersion: 7.3.2  TimeStamp: 2026/03/14-09:43:37-GMT  BuildTime: Aug  4 2022 06:17:15  BuildStamp: freesurfer-linux-ubuntu22_x86_64-7.3.2-20220804-6354275  User: oesteban  Machine: dna071  Platform: Linux  PlatformVersion: 5.14.0-427.37.1.el9_4.x86_64  CompilerName: GCC  CompilerVersion: 8.4.0
ProgramName: mri_mask  ProgramArguments: mri_mask -all-info  ProgramVersion: 7.3.2  TimeStamp: 2026/03/14-09:43:37-GMT  BuildTime: Aug  4 2022 06:17:15  BuildStamp: freesurfer-linux-ubuntu22_x86_64-7.3.2-20220804-6354275  User: oesteban  Machine: dna071  Platform: Linux  PlatformVersion: 5.14.0-427.37.1.el9_4.x86_64  CompilerName: GCC  CompilerVersion: 8.4.0
ProgramName: mri_matrix_multiply  ProgramArguments: mri_matrix_multiply -all-info  ProgramVersion: 7.3.2  TimeStamp: 2026/03/14-09:43:37-GMT  BuildTime: Aug  4 2022 06:17:15  BuildStamp: freesurfer-linux-ubuntu22_x86_64-7.3.2-20220804-6354275  User: oesteban  Machine: dna071  Platform: Linux  PlatformVersion: 5.14.0-427.37.1.el9_4.x86_64  CompilerName: GCC  CompilerVersion: 8.4.0
ProgramName: mri_normalize  ProgramArguments: mri_normalize -all-info  ProgramVersion: 7.3.2  TimeStamp: 2026/03/14-09:43:37-GMT  BuildTime: Aug  4 2022 06:17:15  BuildStamp: freesurfer-linux-ubuntu22_x86_64-7.3.2-20220804-6354275  User: oesteban  Machine: dna071  Platform: Linux  PlatformVersion: 5.14.0-427.37.1.el9_4.x86_64  CompilerName: GCC  CompilerVersion: 8.4.0
ProgramName: mri_normalize_tp2  ProgramArguments: mri_normalize_tp2 -all-info  ProgramVersion: 7.3.2  TimeStamp: 2026/03/14-09:43:37-GMT  BuildTime: Aug  4 2022 06:17:15  BuildStamp: freesurfer-linux-ubuntu22_x86_64-7.3.2-20220804-6354275  User: oesteban  Machine: dna071  Platform: Linux  PlatformVersion: 5.14.0-427.37.1.el9_4.x86_64  CompilerName: GCC  CompilerVersion: 8.4.0
ProgramName: mri_or  ProgramArguments: mri_or -all-info  ProgramVersion: 7.3.2  TimeStamp: 2026/03/14-09:43:37-GMT  BuildTime: Aug  4 2022 06:17:15  BuildStamp: freesurfer-linux-ubuntu22_x86_64-7.3.2-20220804-6354275  User: oesteban  Machine: dna071  Platform: Linux  PlatformVersion: 5.14.0-427.37.1.el9_4.x86_64  CompilerName: GCC  CompilerVersion: 8.4.0
ProgramName: mri_relabel_hypointensities  ProgramArguments: mri_relabel_hypointensities -all-info  ProgramVersion: 7.3.2  TimeStamp: 2026/03/14-09:43:37-GMT  BuildTime: Aug  4 2022 06:17:15  BuildStamp: freesurfer-linux-ubuntu22_x86_64-7.3.2-20220804-6354275  User: oesteban  Machine: dna071  Platform: Linux  PlatformVersion: 5.14.0-427.37.1.el9_4.x86_64  CompilerName: GCC  CompilerVersion: 8.4.0
ProgramName: mri_relabel_nonwm_hypos  ProgramArguments: mri_relabel_nonwm_hypos -all-info  ProgramVersion: 7.3.2  TimeStamp: 2026/03/14-09:43:37-GMT  BuildTime: Aug  4 2022 06:17:15  BuildStamp: freesurfer-linux-ubuntu22_x86_64-7.3.2-20220804-6354275  User: oesteban  Machine: dna071  Platform: Linux  PlatformVersion: 5.14.0-427.37.1.el9_4.x86_64  CompilerName: GCC  CompilerVersion: 8.4.0
ProgramName: mri_remove_neck  ProgramArguments: mri_remove_neck -all-info  ProgramVersion: 7.3.2  TimeStamp: 2026/03/14-09:43:37-GMT  BuildTime: Aug  4 2022 06:17:15  BuildStamp: freesurfer-linux-ubuntu22_x86_64-7.3.2-20220804-6354275  User: oesteban  Machine: dna071  Platform: Linux  PlatformVersion: 5.14.0-427.37.1.el9_4.x86_64  CompilerName: GCC  CompilerVersion: 8.4.0
7.3.2

ProgramName: mri_robust_register  ProgramArguments: mri_robust_register -all-info  ProgramVersion: 7.3.2  TimeStamp: 2026/03/14-09:43:37-GMT  BuildTime: Aug  4 2022 06:17:15  BuildStamp: freesurfer-linux-ubuntu22_x86_64-7.3.2-20220804-6354275  User: oesteban  Machine: dna071  Platform: Linux  PlatformVersion: 5.14.0-427.37.1.el9_4.x86_64  CompilerName: GCC  CompilerVersion: 8.4.0
7.3.2

ProgramName: mri_robust_template  ProgramArguments: mri_robust_template -all-info  ProgramVersion: 7.3.2  TimeStamp: 2026/03/14-09:43:37-GMT  BuildTime: Aug  4 2022 06:17:15  BuildStamp: freesurfer-linux-ubuntu22_x86_64-7.3.2-20220804-6354275  User: oesteban  Machine: dna071  Platform: Linux  PlatformVersion: 5.14.0-427.37.1.el9_4.x86_64  CompilerName: GCC  CompilerVersion: 8.4.0
ProgramName: mris_anatomical_stats  ProgramArguments: mris_anatomical_stats -all-info  ProgramVersion: 7.3.2  TimeStamp: 2026/03/14-09:43:37-GMT  BuildTime: Aug  4 2022 06:17:15  BuildStamp: freesurfer-linux-ubuntu22_x86_64-7.3.2-20220804-6354275  User: oesteban  Machine: dna071  Platform: Linux  PlatformVersion: 5.14.0-427.37.1.el9_4.x86_64  CompilerName: GCC  CompilerVersion: 8.4.0
ProgramName: mris_ca_label  ProgramArguments: mris_ca_label -all-info  ProgramVersion: 7.3.2  TimeStamp: 2026/03/14-09:43:37-GMT  BuildTime: Aug  4 2022 06:17:15  BuildStamp: freesurfer-linux-ubuntu22_x86_64-7.3.2-20220804-6354275  User: oesteban  Machine: dna071  Platform: Linux  PlatformVersion: 5.14.0-427.37.1.el9_4.x86_64  CompilerName: GCC  CompilerVersion: 8.4.0
ProgramName: mris_calc  ProgramArguments: mris_calc -all-info  ProgramVersion: 7.3.2  TimeStamp: 2026/03/14-09:43:37-GMT  BuildTime: Aug  4 2022 06:17:15  BuildStamp: freesurfer-linux-ubuntu22_x86_64-7.3.2-20220804-6354275  User: oesteban  Machine: dna071  Platform: Linux  PlatformVersion: 5.14.0-427.37.1.el9_4.x86_64  CompilerName: GCC  CompilerVersion: 8.4.0
ProgramName: mris_convert  ProgramArguments: mris_convert -all-info  ProgramVersion: 7.3.2  TimeStamp: 2026/03/14-09:43:37-GMT  BuildTime: Aug  4 2022 06:17:15  BuildStamp: freesurfer-linux-ubuntu22_x86_64-7.3.2-20220804-6354275  User: oesteban  Machine: dna071  Platform: Linux  PlatformVersion: 5.14.0-427.37.1.el9_4.x86_64  CompilerName: GCC  CompilerVersion: 8.4.0
ProgramName: mris_curvature  ProgramArguments: mris_curvature -all-info  ProgramVersion: 7.3.2  TimeStamp: 2026/03/14-09:43:37-GMT  BuildTime: Aug  4 2022 06:17:15  BuildStamp: freesurfer-linux-ubuntu22_x86_64-7.3.2-20220804-6354275  User: oesteban  Machine: dna071  Platform: Linux  PlatformVersion: 5.14.0-427.37.1.el9_4.x86_64  CompilerName: GCC  CompilerVersion: 8.4.0
ProgramName: mris_curvature_stats  ProgramArguments: mris_curvature_stats -all-info  ProgramVersion: 7.3.2  TimeStamp: 2026/03/14-09:43:37-GMT  BuildTime: Aug  4 2022 06:17:15  BuildStamp: freesurfer-linux-ubuntu22_x86_64-7.3.2-20220804-6354275  User: oesteban  Machine: dna071  Platform: Linux  PlatformVersion: 5.14.0-427.37.1.el9_4.x86_64  CompilerName: GCC  CompilerVersion: 8.4.0
ProgramName: mris_diff  ProgramArguments: mris_diff -all-info  ProgramVersion: 7.3.2  TimeStamp: 2026/03/14-09:43:37-GMT  BuildTime: Aug  4 2022 06:17:15  BuildStamp: freesurfer-linux-ubuntu22_x86_64-7.3.2-20220804-6354275  User: oesteban  Machine: dna071  Platform: Linux  PlatformVersion: 5.14.0-427.37.1.el9_4.x86_64  CompilerName: GCC  CompilerVersion: 8.4.0
ProgramName: mris_divide_parcellation  ProgramArguments: mris_divide_parcellation -all-info  ProgramVersion: 7.3.2  TimeStamp: 2026/03/14-09:43:37-GMT  BuildTime: Aug  4 2022 06:17:15  BuildStamp: freesurfer-linux-ubuntu22_x86_64-7.3.2-20220804-6354275  User: oesteban  Machine: dna071  Platform: Linux  PlatformVersion: 5.14.0-427.37.1.el9_4.x86_64  CompilerName: GCC  CompilerVersion: 8.4.0
ProgramName: mri_segment  ProgramArguments: mri_segment -all-info  ProgramVersion: 7.3.2  TimeStamp: 2026/03/14-09:43:37-GMT  BuildTime: Aug  4 2022 06:17:15  BuildStamp: freesurfer-linux-ubuntu22_x86_64-7.3.2-20220804-6354275  User: oesteban  Machine: dna071  Platform: Linux  PlatformVersion: 5.14.0-427.37.1.el9_4.x86_64  CompilerName: GCC  CompilerVersion: 8.4.0
ProgramName: mri_segstats  ProgramArguments: mri_segstats -all-info  ProgramVersion: 7.3.2  TimeStamp: 2026/03/14-09:43:37-GMT  BuildTime: Aug  4 2022 06:17:15  BuildStamp: freesurfer-linux-ubuntu22_x86_64-7.3.2-20220804-6354275  User: oesteban  Machine: dna071  Platform: Linux  PlatformVersion: 5.14.0-427.37.1.el9_4.x86_64  CompilerName: GCC  CompilerVersion: 8.4.0
ProgramName: mris_euler_number  ProgramArguments: mris_euler_number -all-info  ProgramVersion: 7.3.2  TimeStamp: 2026/03/14-09:43:37-GMT  BuildTime: Aug  4 2022 06:17:15  BuildStamp: freesurfer-linux-ubuntu22_x86_64-7.3.2-20220804-6354275  User: oesteban  Machine: dna071  Platform: Linux  PlatformVersion: 5.14.0-427.37.1.el9_4.x86_64  CompilerName: GCC  CompilerVersion: 8.4.0
ProgramName: mris_fix_topology  ProgramArguments: mris_fix_topology -all-info  ProgramVersion: 7.3.2  TimeStamp: 2026/03/14-09:43:37-GMT  BuildTime: Aug  4 2022 06:17:15  BuildStamp: freesurfer-linux-ubuntu22_x86_64-7.3.2-20220804-6354275  User: oesteban  Machine: dna071  Platform: Linux  PlatformVersion: 5.14.0-427.37.1.el9_4.x86_64  CompilerName: GCC  CompilerVersion: 8.4.0
ProgramName: mris_topo_fixer  ProgramArguments: mris_topo_fixer -all-info  ProgramVersion: 7.3.2  TimeStamp: 2026/03/14-09:43:37-GMT  BuildTime: Aug  4 2022 06:17:15  BuildStamp: freesurfer-linux-ubuntu22_x86_64-7.3.2-20220804-6354275  User: oesteban  Machine: dna071  Platform: Linux  PlatformVersion: 5.14.0-427.37.1.el9_4.x86_64  CompilerName: GCC  CompilerVersion: 8.4.0
ProgramName: mris_jacobian  ProgramArguments: mris_jacobian -all-info  ProgramVersion: 7.3.2  TimeStamp: 2026/03/14-09:43:37-GMT  BuildTime: Aug  4 2022 06:17:15  BuildStamp: freesurfer-linux-ubuntu22_x86_64-7.3.2-20220804-6354275  User: oesteban  Machine: dna071  Platform: Linux  PlatformVersion: 5.14.0-427.37.1.el9_4.x86_64  CompilerName: GCC  CompilerVersion: 8.4.0
ProgramName: mris_label2annot  ProgramArguments: mris_label2annot -all-info  ProgramVersion: 7.3.2  TimeStamp: 2026/03/14-09:43:37-GMT  BuildTime: Aug  4 2022 06:17:15  BuildStamp: freesurfer-linux-ubuntu22_x86_64-7.3.2-20220804-6354275  User: oesteban  Machine: dna071  Platform: Linux  PlatformVersion: 5.14.0-427.37.1.el9_4.x86_64  CompilerName: GCC  CompilerVersion: 8.4.0
ProgramName: mris_left_right_register  ProgramArguments: mris_left_right_register -all-info  ProgramVersion: 7.3.2  TimeStamp: 2026/03/14-09:43:37-GMT  BuildTime: Aug  4 2022 06:17:15  BuildStamp: freesurfer-linux-ubuntu22_x86_64-7.3.2-20220804-6354275  User: oesteban  Machine: dna071  Platform: Linux  PlatformVersion: 5.14.0-427.37.1.el9_4.x86_64  CompilerName: GCC  CompilerVersion: 8.4.0
ProgramName: mris_place_surface  ProgramArguments: mris_place_surface -all-info  ProgramVersion: 7.3.2  TimeStamp: 2026/03/14-09:43:37-GMT  BuildTime: Aug  4 2022 06:17:15  BuildStamp: freesurfer-linux-ubuntu22_x86_64-7.3.2-20220804-6354275  User: oesteban  Machine: dna071  Platform: Linux  PlatformVersion: 5.14.0-427.37.1.el9_4.x86_64  CompilerName: GCC  CompilerVersion: 8.4.0
ProgramName: mrisp_paint  ProgramArguments: mrisp_paint -all-info  ProgramVersion: 7.3.2  TimeStamp: 2026/03/14-09:43:37-GMT  BuildTime: Aug  4 2022 06:17:15  BuildStamp: freesurfer-linux-ubuntu22_x86_64-7.3.2-20220804-6354275  User: oesteban  Machine: dna071  Platform: Linux  PlatformVersion: 5.14.0-427.37.1.el9_4.x86_64  CompilerName: GCC  CompilerVersion: 8.4.0
ProgramName: mris_register  ProgramArguments: mris_register -all-info  ProgramVersion: 7.3.2  TimeStamp: 2026/03/14-09:43:37-GMT  BuildTime: Aug  4 2022 06:17:15  BuildStamp: freesurfer-linux-ubuntu22_x86_64-7.3.2-20220804-6354275  User: oesteban  Machine: dna071  Platform: Linux  PlatformVersion: 5.14.0-427.37.1.el9_4.x86_64  CompilerName: GCC  CompilerVersion: 8.4.0
ProgramName: mris_smooth  ProgramArguments: mris_smooth -all-info  ProgramVersion: 7.3.2  TimeStamp: 2026/03/14-09:43:37-GMT  BuildTime: Aug  4 2022 06:17:15  BuildStamp: freesurfer-linux-ubuntu22_x86_64-7.3.2-20220804-6354275  User: oesteban  Machine: dna071  Platform: Linux  PlatformVersion: 5.14.0-427.37.1.el9_4.x86_64  CompilerName: GCC  CompilerVersion: 8.4.0
ProgramName: mris_sphere  ProgramArguments: mris_sphere -all-info  ProgramVersion: 7.3.2  TimeStamp: 2026/03/14-09:43:37-GMT  BuildTime: Aug  4 2022 06:17:15  BuildStamp: freesurfer-linux-ubuntu22_x86_64-7.3.2-20220804-6354275  User: oesteban  Machine: dna071  Platform: Linux  PlatformVersion: 5.14.0-427.37.1.el9_4.x86_64  CompilerName: GCC  CompilerVersion: 8.4.0
ProgramName: mris_surface_stats  ProgramArguments: mris_surface_stats -all-info  ProgramVersion: 7.3.2  TimeStamp: 2026/03/14-09:43:37-GMT  BuildTime: Aug  4 2022 06:17:15  BuildStamp: freesurfer-linux-ubuntu22_x86_64-7.3.2-20220804-6354275  User: oesteban  Machine: dna071  Platform: Linux  PlatformVersion: 5.14.0-427.37.1.el9_4.x86_64  CompilerName: GCC  CompilerVersion: 8.4.0
ProgramName: mri_stats2seg  ProgramArguments: mri_stats2seg -all-info  ProgramVersion: 7.3.2  TimeStamp: 2026/03/14-09:43:37-GMT  BuildTime: Aug  4 2022 06:17:15  BuildStamp: freesurfer-linux-ubuntu22_x86_64-7.3.2-20220804-6354275  User: oesteban  Machine: dna071  Platform: Linux  PlatformVersion: 5.14.0-427.37.1.el9_4.x86_64  CompilerName: GCC  CompilerVersion: 8.4.0
ProgramName: mris_thickness  ProgramArguments: mris_thickness -all-info  ProgramVersion: 7.3.2  TimeStamp: 2026/03/14-09:43:37-GMT  BuildTime: Aug  4 2022 06:17:15  BuildStamp: freesurfer-linux-ubuntu22_x86_64-7.3.2-20220804-6354275  User: oesteban  Machine: dna071  Platform: Linux  PlatformVersion: 5.14.0-427.37.1.el9_4.x86_64  CompilerName: GCC  CompilerVersion: 8.4.0
ProgramName: mris_thickness_diff  ProgramArguments: mris_thickness_diff -all-info  ProgramVersion: 7.3.2  TimeStamp: 2026/03/14-09:43:37-GMT  BuildTime: Aug  4 2022 06:17:15  BuildStamp: freesurfer-linux-ubuntu22_x86_64-7.3.2-20220804-6354275  User: oesteban  Machine: dna071  Platform: Linux  PlatformVersion: 5.14.0-427.37.1.el9_4.x86_64  CompilerName: GCC  CompilerVersion: 8.4.0
ProgramName: mris_topo_fixer  ProgramArguments: mris_topo_fixer -all-info  ProgramVersion: 7.3.2  TimeStamp: 2026/03/14-09:43:37-GMT  BuildTime: Aug  4 2022 06:17:15  BuildStamp: freesurfer-linux-ubuntu22_x86_64-7.3.2-20220804-6354275  User: oesteban  Machine: dna071  Platform: Linux  PlatformVersion: 5.14.0-427.37.1.el9_4.x86_64  CompilerName: GCC  CompilerVersion: 8.4.0
ProgramName: mri_surf2surf  ProgramArguments: mri_surf2surf -all-info  ProgramVersion: 7.3.2  TimeStamp: 2026/03/14-09:43:37-GMT  BuildTime: Aug  4 2022 06:17:15  BuildStamp: freesurfer-linux-ubuntu22_x86_64-7.3.2-20220804-6354275  User: oesteban  Machine: dna071  Platform: Linux  PlatformVersion: 5.14.0-427.37.1.el9_4.x86_64  CompilerName: GCC  CompilerVersion: 8.4.0
ProgramName: mri_surf2vol  ProgramArguments: mri_surf2vol -all-info  ProgramVersion: 7.3.2  TimeStamp: 2026/03/14-09:43:37-GMT  BuildTime: Aug  4 2022 06:17:15  BuildStamp: freesurfer-linux-ubuntu22_x86_64-7.3.2-20220804-6354275  User: oesteban  Machine: dna071  Platform: Linux  PlatformVersion: 5.14.0-427.37.1.el9_4.x86_64  CompilerName: GCC  CompilerVersion: 8.4.0
ProgramName: mri_surfcluster  ProgramArguments: mri_surfcluster -all-info  ProgramVersion: 7.3.2  TimeStamp: 2026/03/14-09:43:37-GMT  BuildTime: Aug  4 2022 06:17:15  BuildStamp: freesurfer-linux-ubuntu22_x86_64-7.3.2-20220804-6354275  User: oesteban  Machine: dna071  Platform: Linux  PlatformVersion: 5.14.0-427.37.1.el9_4.x86_64  CompilerName: GCC  CompilerVersion: 8.4.0
ProgramName: mris_volmask  ProgramArguments: mris_volmask -all-info  ProgramVersion: 7.3.2  TimeStamp: 2026/03/14-09:43:37-GMT  BuildTime: Aug  4 2022 06:17:15  BuildStamp: freesurfer-linux-ubuntu22_x86_64-7.3.2-20220804-6354275  User: oesteban  Machine: dna071  Platform: Linux  PlatformVersion: 5.14.0-427.37.1.el9_4.x86_64  CompilerName: GCC  CompilerVersion: 8.4.0
ProgramName: mri_tessellate  ProgramArguments: mri_tessellate -all-info  ProgramVersion: 7.3.2  TimeStamp: 2026/03/14-09:43:37-GMT  BuildTime: Aug  4 2022 06:17:15  BuildStamp: freesurfer-linux-ubuntu22_x86_64-7.3.2-20220804-6354275  User: oesteban  Machine: dna071  Platform: Linux  PlatformVersion: 5.14.0-427.37.1.el9_4.x86_64  CompilerName: GCC  CompilerVersion: 8.4.0
ProgramName: mri_vol2surf  ProgramArguments: mri_vol2surf -all-info  ProgramVersion: 7.3.2  TimeStamp: 2026/03/14-09:43:37-GMT  BuildTime: Aug  4 2022 06:17:15  BuildStamp: freesurfer-linux-ubuntu22_x86_64-7.3.2-20220804-6354275  User: oesteban  Machine: dna071  Platform: Linux  PlatformVersion: 5.14.0-427.37.1.el9_4.x86_64  CompilerName: GCC  CompilerVersion: 8.4.0
ProgramName: mri_vol2vol  ProgramArguments: mri_vol2vol -all-info  ProgramVersion: 7.3.2  TimeStamp: 2026/03/14-09:43:37-GMT  BuildTime: Aug  4 2022 06:17:15  BuildStamp: freesurfer-linux-ubuntu22_x86_64-7.3.2-20220804-6354275  User: oesteban  Machine: dna071  Platform: Linux  PlatformVersion: 5.14.0-427.37.1.el9_4.x86_64  CompilerName: GCC  CompilerVersion: 8.4.0
ProgramName: mri_voldiff  ProgramArguments: mri_voldiff -all-info  ProgramVersion: 7.3.2  TimeStamp: 2026/03/14-09:43:37-GMT  BuildTime: Aug  4 2022 06:17:15  BuildStamp: freesurfer-linux-ubuntu22_x86_64-7.3.2-20220804-6354275  User: oesteban  Machine: dna071  Platform: Linux  PlatformVersion: 5.14.0-427.37.1.el9_4.x86_64  CompilerName: GCC  CompilerVersion: 8.4.0
ProgramName: mri_watershed  ProgramArguments: mri_watershed -all-info  ProgramVersion: 7.3.2  TimeStamp: 2026/03/14-09:43:37-GMT  BuildTime: Aug  4 2022 06:17:15  BuildStamp: freesurfer-linux-ubuntu22_x86_64-7.3.2-20220804-6354275  User: oesteban  Machine: dna071  Platform: Linux  PlatformVersion: 5.14.0-427.37.1.el9_4.x86_64  CompilerName: GCC  CompilerVersion: 8.4.0
ProgramName: tkregister2  ProgramArguments: tkregister2_cmdl -all-info  ProgramVersion: 7.3.2  TimeStamp: 2026/03/14-09:43:37-GMT  BuildTime: Aug  4 2022 06:17:15  BuildStamp: freesurfer-linux-ubuntu22_x86_64-7.3.2-20220804-6354275  User: oesteban  Machine: dna071  Platform: Linux  PlatformVersion: 5.14.0-427.37.1.el9_4.x86_64  CompilerName: GCC  CompilerVersion: 8.4.0
mri_motion_correct.fsl 7.3.2
mri_convert -all-info 
ProgramName: mri_convert  ProgramArguments: mri_convert -all-info  ProgramVersion: 7.3.2  TimeStamp: 2026/03/14-09:43:37-GMT  BuildTime: Aug  4 2022 06:17:15  BuildStamp: freesurfer-linux-ubuntu22_x86_64-7.3.2-20220804-6354275  User: oesteban  Machine: dna071  Platform: Linux  PlatformVersion: 5.14.0-427.37.1.el9_4.x86_64  CompilerName: GCC  CompilerVersion: 8.4.0
Program nu_correct, built from:
Package MNI N3, version 1.12.0, compiled by nicks@terrier (x86_64-unknown-linux-gnu) on 2015-06-19 at 01:25:34
#######################################
GCADIR /opt/freesurfer/average
GCA RB_all_2020-01-02.gca
GCASkull RB_all_withskull_2020_01_02.gca
AvgCurvTif folding.atlas.acfb40.noaparc.i12.2016-08-02.tif
GCSDIR /opt/freesurfer/average
GCS DKaparc.atlas.acfb40.noaparc.i12.2016-08-02.gcs
#######################################
#--------------------------------------
#@# CA Normalize Sat Mar 14 10:43:37 CET 2026
/out/sourcedata/freesurfer/sub-v2s9x29157_ses-1/mri

 mri_ca_normalize -c ctrl_pts.mgz -mask brainmask.mgz nu.mgz /opt/freesurfer/average/RB_all_2020-01-02.gca transforms/talairach.lta norm.mgz 

writing control point volume to ctrl_pts.mgz
using MR volume brainmask.mgz to mask input volume...
reading 1 input volume
reading atlas from '/opt/freesurfer/average/RB_all_2020-01-02.gca'...
reading transform from 'transforms/talairach.lta'...
reading input volume from nu.mgz...
resetting wm mean[0]: 98 --> 107
resetting gm mean[0]: 61 --> 61
input volume #1 is the most T1-like
using real data threshold=25.0
skull bounding box = (63, 89, 35) --> (195, 210, 189)
finding center of left hemi white matter
using (107, 129, 112) as brain centroid of Right_Cerebral_White_Matter...
mean wm in atlas = 107, using box (91,114,93) --> (123, 143,130) to find MRI wm
before smoothing, mri peak at 106
robust fit to distribution - 105 +- 3.5
after smoothing, mri peak at 105, scaling input intensities by 1.019
scaling channel 0 by 1.01905
using 246437 sample points...
INFO: compute sample coordinates transform
 1.04423  -0.09522  -0.08545   14.20012;
 0.08927   1.11212   0.23229  -80.80322;
 0.08867  -0.23675   1.08501   17.13365;
 0.00000   0.00000   0.00000   1.00000;
INFO: transform used
finding control points in Left_Cerebral_White_Matter....
found 40230 control points for structure...
bounding box (125, 89, 33) --> (194, 190, 182)
Left_Cerebral_White_Matter: limiting intensities to 96.0 --> 132.0
13 of 6745 (0.2%) samples deleted
finding control points in Right_Cerebral_White_Matter....
found 39478 control points for structure...
bounding box (66, 91, 35) --> (133, 192, 185)
Right_Cerebral_White_Matter: limiting intensities to 97.0 --> 132.0
9 of 6209 (0.1%) samples deleted
finding control points in Left_Cerebellum_White_Matter....
found 3105 control points for structure...
bounding box (131, 166, 58) --> (180, 205, 107)
Left_Cerebellum_White_Matter: limiting intensities to 88.0 --> 132.0
36 of 36 (100.0%) samples deleted
finding control points in Right_Cerebellum_White_Matter....
found 2710 control points for structure...
bounding box (90, 166, 59) --> (131, 207, 111)
Right_Cerebellum_White_Matter: limiting intensities to 88.0 --> 132.0
48 of 53 (90.6%) samples deleted
finding control points in Brain_Stem....
found 3475 control points for structure...
bounding box (116, 157, 92) --> (150, 219, 119)
Brain_Stem: limiting intensities to 88.0 --> 132.0
64 of 221 (29.0%) samples deleted
using 13264 total control points for intensity normalization...
bias field = 0.967 +- 0.032
27 of 13094 control points discarded
finding control points in Left_Cerebral_White_Matter....
found 40230 control points for structure...
bounding box (125, 89, 33) --> (194, 190, 182)
Left_Cerebral_White_Matter: limiting intensities to 92.0 --> 132.0
6 of 6959 (0.1%) samples deleted
finding control points in Right_Cerebral_White_Matter....
found 39478 control points for structure...
bounding box (66, 91, 35) --> (133, 192, 185)
Right_Cerebral_White_Matter: limiting intensities to 92.0 --> 132.0
14 of 6354 (0.2%) samples deleted
finding control points in Left_Cerebellum_White_Matter....
found 3105 control points for structure...
bounding box (131, 166, 58) --> (180, 205, 107)
Left_Cerebellum_White_Matter: limiting intensities to 88.0 --> 132.0
69 of 70 (98.6%) samples deleted
finding control points in Right_Cerebellum_White_Matter....
found 2710 control points for structure...
bounding box (90, 166, 59) --> (131, 207, 111)
Right_Cerebellum_White_Matter: limiting intensities to 88.0 --> 132.0
86 of 87 (98.9%) samples deleted
finding control points in Brain_Stem....
found 3475 control points for structure...
bounding box (116, 157, 92) --> (150, 219, 119)
Brain_Stem: limiting intensities to 88.0 --> 132.0
152 of 285 (53.3%) samples deleted
using 13755 total control points for intensity normalization...
bias field = 1.012 +- 0.035
25 of 13338 control points discarded
finding control points in Left_Cerebral_White_Matter....
found 40230 control points for structure...
bounding box (125, 89, 33) --> (194, 190, 182)
Left_Cerebral_White_Matter: limiting intensities to 92.0 --> 132.0
11 of 7001 (0.2%) samples deleted
finding control points in Right_Cerebral_White_Matter....
found 39478 control points for structure...
bounding box (66, 91, 35) --> (133, 192, 185)
Right_Cerebral_White_Matter: limiting intensities to 92.0 --> 132.0
17 of 6407 (0.3%) samples deleted
finding control points in Left_Cerebellum_White_Matter....
found 3105 control points for structure...
bounding box (131, 166, 58) --> (180, 205, 107)
Left_Cerebellum_White_Matter: limiting intensities to 88.0 --> 132.0
66 of 66 (100.0%) samples deleted
finding control points in Right_Cerebellum_White_Matter....
found 2710 control points for structure...
bounding box (90, 166, 59) --> (131, 207, 111)
Right_Cerebellum_White_Matter: limiting intensities to 88.0 --> 132.0
90 of 91 (98.9%) samples deleted
finding control points in Brain_Stem....
found 3475 control points for structure...
bounding box (116, 157, 92) --> (150, 219, 119)
Brain_Stem: limiting intensities to 88.0 --> 132.0
157 of 276 (56.9%) samples deleted
using 13841 total control points for intensity normalization...
bias field = 1.013 +- 0.034
28 of 13327 control points discarded
writing normalized volume to norm.mgz...
writing control points to ctrl_pts.mgz
freeing GCA...done.
normalization took 0 minutes and 54 seconds.
#--------------------------------------
#@# CA Reg Sat Mar 14 10:44:31 CET 2026
/out/sourcedata/freesurfer/sub-v2s9x29157_ses-1/mri

 mri_ca_register -nobigventricles -T transforms/talairach.lta -align-after -mask brainmask.mgz norm.mgz /opt/freesurfer/average/RB_all_2020-01-02.gca transforms/talairach.m3z 

not handling expanded ventricles...
using previously computed transform transforms/talairach.lta
renormalizing sequences with structure alignment, equivalent to:
	-renormalize
	-regularize_mean 0.500
	-regularize 0.500
using MR volume brainmask.mgz to mask input volume...

== Number of threads available to mri_ca_register for OpenMP = 16 == 
reading 1 input volumes...
logging results to talairach.log
reading input volume 'norm.mgz'...
reading GCA '/opt/freesurfer/average/RB_all_2020-01-02.gca'...
label assignment complete, 0 changed (0.00%)
freeing gibbs priors...done.
average std[0] = 5.0
Starting GCAMregister()
label assignment complete, 0 changed (0.00%)
npasses = 1, nlevels = 6
#pass# 1 of 1 ************************
enabling zero nodes
setting smoothness cost coefficient to 0.156

#GCAMreg# pass 0 level1 5 level2 0 tsec 0 sigma 2
l_jacobian=1.00 l_label=1.00 l_log_likelihood=0.20 l_smoothness=0.16 
tol=2.50e-01, dt=5.00e-02, exp_k=20.0, momentum=0.90, levels=6, niter=500, lbl_dist=10.00, avgs=256, sigma=2.0,type=2, relabel=0, neg=no

blurring input image with Gaussian with sigma=2.000...
GCAMRegisterLevel(): init RMS 0.861027
#FOTS# QuadFit found better minimum quadopt=(dt=226.825,rms=0.772225) vs oldopt=(dt=92.48,rms=0.802297)
#GCMRL#    0 dt 226.825462 rms  0.772 10.314% neg 0  invalid 762 tFOTS 4.9560 tGradient 3.0020 tsec 8.4020
#FOTS# QuadFit found better minimum quadopt=(dt=196.18,rms=0.742134) vs oldopt=(dt=92.48,rms=0.750018)
#GCMRL#    1 dt 196.180180 rms  0.742  3.897% neg 0  invalid 762 tFOTS 5.0570 tGradient 3.4110 tsec 8.8450
#FOTS# QuadFit found better minimum quadopt=(dt=161.801,rms=0.730052) vs oldopt=(dt=92.48,rms=0.732636)
#GCMRL#    2 dt 161.800866 rms  0.730  1.628% neg 0  invalid 762 tFOTS 4.5710 tGradient 2.7320 tsec 7.6920
#FOTS# QuadFit found better minimum quadopt=(dt=295.936,rms=0.722058) vs oldopt=(dt=369.92,rms=0.722609)
#GCMRL#    3 dt 295.936000 rms  0.722  1.095% neg 0  invalid 762 tFOTS 4.7730 tGradient 2.7060 tsec 7.8530
#FOTS# QuadFit found better minimum quadopt=(dt=140.138,rms=0.71713) vs oldopt=(dt=92.48,rms=0.717953)
#GCMRL#    4 dt 140.137931 rms  0.717  0.682% neg 0  invalid 762 tFOTS 4.8530 tGradient 2.9350 tsec 8.1570
#FOTS# QuadFit found better minimum quadopt=(dt=517.888,rms=0.711099) vs oldopt=(dt=369.92,rms=0.711759)
#GCMRL#    5 dt 517.888000 rms  0.711  0.841% neg 0  invalid 762 tFOTS 4.6460 tGradient 2.7820 tsec 7.7950
#FOTS# QuadFit found better minimum quadopt=(dt=129.472,rms=0.707571) vs oldopt=(dt=92.48,rms=0.70791)
#GCMRL#    6 dt 129.472000 rms  0.708  0.496% neg 0  invalid 762 tFOTS 5.0380 tGradient 2.9320 tsec 8.3360
#FOTS# QuadFit found better minimum quadopt=(dt=517.888,rms=0.704185) vs oldopt=(dt=369.92,rms=0.704621)
#GCMRL#    7 dt 517.888000 rms  0.704  0.479% neg 0  invalid 762 tFOTS 4.7720 tGradient 2.5920 tsec 7.7380
#FOTS# QuadFit found better minimum quadopt=(dt=129.472,rms=0.702366) vs oldopt=(dt=92.48,rms=0.70251)
#GCMRL#    8 dt 129.472000 rms  0.702  0.258% neg 0  invalid 762 tFOTS 6.1890 tGradient 3.1860 tsec 9.7790
#FOTS# QuadFit found better minimum quadopt=(dt=517.888,rms=0.700334) vs oldopt=(dt=369.92,rms=0.700615)
#GCMRL#    9 dt 517.888000 rms  0.700  0.289% neg 0  invalid 762 tFOTS 5.8660 tGradient 2.7860 tsec 9.0500
#FOTS# QuadFit found better minimum quadopt=(dt=129.472,rms=0.699161) vs oldopt=(dt=92.48,rms=0.699255)
#GCMRL#   10 dt 129.472000 rms  0.699  0.000% neg 0  invalid 762 tFOTS 5.8840 tGradient 3.0270 tsec 9.3350
#GCMRL#   11 dt 129.472000 rms  0.699  0.080% neg 0  invalid 762 tFOTS 0.0000 tGradient 2.6260 tsec 2.9660
#GCMRL#   12 dt 129.472000 rms  0.698  0.127% neg 0  invalid 762 tFOTS 0.0000 tGradient 2.7920 tsec 3.1430
#GCMRL#   13 dt 129.472000 rms  0.696  0.184% neg 0  invalid 762 tFOTS 0.0000 tGradient 2.9090 tsec 3.2220
#GCMRL#   14 dt 129.472000 rms  0.695  0.211% neg 0  invalid 762 tFOTS 0.0000 tGradient 2.7340 tsec 3.0450
#GCMRL#   15 dt 129.472000 rms  0.693  0.222% neg 0  invalid 762 tFOTS 0.0000 tGradient 2.7270 tsec 3.0390
#GCMRL#   16 dt 129.472000 rms  0.692  0.232% neg 0  invalid 762 tFOTS 0.0000 tGradient 2.6920 tsec 2.9980
#GCMRL#   17 dt 129.472000 rms  0.690  0.232% neg 0  invalid 762 tFOTS 0.0000 tGradient 2.6350 tsec 2.9510
#GCMRL#   18 dt 129.472000 rms  0.689  0.235% neg 0  invalid 762 tFOTS 0.0000 tGradient 2.6710 tsec 2.9830
#GCMRL#   19 dt 129.472000 rms  0.687  0.224% neg 0  invalid 762 tFOTS 0.0000 tGradient 2.6770 tsec 3.0250
#GCMRL#   20 dt 129.472000 rms  0.686  0.201% neg 0  invalid 762 tFOTS 0.0000 tGradient 2.8720 tsec 3.2350
#GCMRL#   21 dt 129.472000 rms  0.684  0.192% neg 0  invalid 762 tFOTS 0.0000 tGradient 2.6500 tsec 2.9980
#GCMRL#   22 dt 129.472000 rms  0.683  0.177% neg 0  invalid 762 tFOTS 0.0000 tGradient 2.5940 tsec 3.0050
#GCMRL#   23 dt 129.472000 rms  0.682  0.168% neg 0  invalid 762 tFOTS 0.0000 tGradient 2.9920 tsec 3.3760
#GCMRL#   24 dt 129.472000 rms  0.681  0.140% neg 0  invalid 762 tFOTS 0.0000 tGradient 2.5940 tsec 2.9780
#GCMRL#   25 dt 129.472000 rms  0.680  0.129% neg 0  invalid 762 tFOTS 0.0000 tGradient 3.0200 tsec 3.3720
#GCMRL#   26 dt 129.472000 rms  0.679  0.116% neg 0  invalid 762 tFOTS 0.0000 tGradient 2.7160 tsec 3.1110
#GCMRL#   27 dt 129.472000 rms  0.679  0.104% neg 0  invalid 762 tFOTS 0.0000 tGradient 2.7050 tsec 3.1200
#GCMRL#   28 dt 369.920000 rms  0.678  0.000% neg 0  invalid 762 tFOTS 6.3840 tGradient 2.7540 tsec 9.5740

#GCAMreg# pass 0 level1 5 level2 1 tsec 166.721 sigma 0.5
l_jacobian=1.00 l_label=1.00 l_log_likelihood=0.20 l_smoothness=0.16 
tol=2.50e-01, dt=5.00e-02, exp_k=20.0, momentum=0.90, levels=6, niter=500, lbl_dist=10.00, avgs=256, sigma=0.5,type=2, relabel=0, neg=no

blurring input image with Gaussian with sigma=0.500...
GCAMRegisterLevel(): init RMS 0.679251
#FOTS# QuadFit found better minimum quadopt=(dt=129.472,rms=0.678216) vs oldopt=(dt=92.48,rms=0.678241)
#GCMRL#   30 dt 129.472000 rms  0.678  0.152% neg 0  invalid 762 tFOTS 5.9150 tGradient 2.8310 tsec 9.1680
#FOTS# QuadFit found better minimum quadopt=(dt=295.936,rms=0.678075) vs oldopt=(dt=369.92,rms=0.678107)
#GCMRL#   31 dt 295.936000 rms  0.678  0.000% neg 0  invalid 762 tFOTS 6.3610 tGradient 2.5980 tsec 9.4030
#GCMRL#   32 dt 295.936000 rms  0.678  0.033% neg 0  invalid 762 tFOTS 0.0000 tGradient 2.7970 tsec 3.1880
#GCMRL#   33 dt 295.936000 rms  0.678  0.011% neg 0  invalid 762 tFOTS 0.0000 tGradient 2.7380 tsec 3.1110
setting smoothness cost coefficient to 0.615

#GCAMreg# pass 0 level1 4 level2 0 tsec 0 sigma 2
l_jacobian=1.00 l_label=1.00 l_log_likelihood=0.20 l_smoothness=0.62 
tol=2.50e-01, dt=5.00e-02, exp_k=20.0, momentum=0.90, levels=6, niter=500, lbl_dist=10.00, avgs=64, sigma=2.0,type=2, relabel=0, neg=no

blurring input image with Gaussian with sigma=2.000...
GCAMRegisterLevel(): init RMS 0.695229
#FOTS# QuadFit found better minimum quadopt=(dt=78.281,rms=0.69106) vs oldopt=(dt=103.68,rms=0.691408)
#GCMRL#   35 dt  78.280992 rms  0.691  0.600% neg 0  invalid 762 tFOTS 5.7470 tGradient 2.2900 tsec 8.4600
#FOTS# QuadFit found better minimum quadopt=(dt=248.832,rms=0.683869) vs oldopt=(dt=414.72,rms=0.68526)
#GCMRL#   36 dt 248.832000 rms  0.684  1.041% neg 0  invalid 762 tFOTS 5.3540 tGradient 2.2310 tsec 7.9920
#FOTS# QuadFit found better minimum quadopt=(dt=134.095,rms=0.680597) vs oldopt=(dt=103.68,rms=0.680714)
#GCMRL#   37 dt 134.095238 rms  0.681  0.478% neg 0  invalid 762 tFOTS 6.0800 tGradient 2.5640 tsec 9.0540
#FOTS# QuadFit found better minimum quadopt=(dt=81.9649,rms=0.678386) vs oldopt=(dt=103.68,rms=0.678543)
#GCMRL#   38 dt  81.964912 rms  0.678  0.325% neg 0  invalid 762 tFOTS 5.7370 tGradient 2.3440 tsec 8.4900
#GCMRL#   39 dt 103.680000 rms  0.677  0.000% neg 0  invalid 762 tFOTS 5.7880 tGradient 2.2960 tsec 8.5130
#GCMRL#   40 dt 103.680000 rms  0.676  0.113% neg 0  invalid 762 tFOTS 0.0000 tGradient 2.1780 tsec 2.5350
#GCMRL#   41 dt 103.680000 rms  0.674  0.333% neg 0  invalid 762 tFOTS 0.0000 tGradient 2.2340 tsec 2.5820
#GCMRL#   42 dt 103.680000 rms  0.672  0.343% neg 0  invalid 762 tFOTS 0.0000 tGradient 2.3070 tsec 2.6920
#GCMRL#   43 dt 103.680000 rms  0.669  0.347% neg 0  invalid 762 tFOTS 0.0000 tGradient 2.2040 tsec 2.5460
#GCMRL#   44 dt 103.680000 rms  0.668  0.272% neg 0  invalid 762 tFOTS 0.0000 tGradient 2.4340 tsec 2.7690
#GCMRL#   45 dt 103.680000 rms  0.665  0.353% neg 0  invalid 762 tFOTS 0.0000 tGradient 2.2140 tsec 2.5600
#GCMRL#   46 dt 103.680000 rms  0.664  0.169% neg 0  invalid 762 tFOTS 0.0000 tGradient 2.3060 tsec 2.6510
#GCMRL#   47 dt 103.680000 rms  0.663  0.129% neg 0  invalid 762 tFOTS 0.0000 tGradient 2.2380 tsec 2.5810
#GCMRL#   48 dt 103.680000 rms  0.662  0.181% neg 0  invalid 762 tFOTS 0.0000 tGradient 2.2530 tsec 2.6020
#GCMRL#   49 dt 103.680000 rms  0.661  0.128% neg 0  invalid 762 tFOTS 0.0000 tGradient 2.2620 tsec 2.6170
#GCMRL#   50 dt 103.680000 rms  0.661  0.050% neg 0  invalid 762 tFOTS 0.0000 tGradient 2.2630 tsec 2.6100
#GCMRL#   51 dt 103.680000 rms  0.661  0.054% neg 0  invalid 762 tFOTS 0.0000 tGradient 2.2420 tsec 2.5850
#GCMRL#   52 dt 103.680000 rms  0.660  0.124% neg 0  invalid 762 tFOTS 0.0000 tGradient 2.2230 tsec 2.5680
#GCMRL#   53 dt 103.680000 rms  0.659  0.061% neg 0  invalid 762 tFOTS 0.0000 tGradient 2.2650 tsec 2.6370
#FOTS# QuadFit found better minimum quadopt=(dt=9.072,rms=0.659307) vs oldopt=(dt=6.48,rms=0.659308)
#GCMRL#   54 dt   9.072000 rms  0.659  0.000% neg 0  invalid 762 tFOTS 6.2080 tGradient 2.2330 tsec 8.8510
#GCMRL#   55 dt   9.072000 rms  0.659  0.001% neg 0  invalid 762 tFOTS 0.0000 tGradient 2.2260 tsec 2.5660

#GCAMreg# pass 0 level1 4 level2 1 tsec 101.523 sigma 0.5
l_jacobian=1.00 l_label=1.00 l_log_likelihood=0.20 l_smoothness=0.62 
tol=2.50e-01, dt=5.00e-02, exp_k=20.0, momentum=0.90, levels=6, niter=500, lbl_dist=10.00, avgs=64, sigma=0.5,type=2, relabel=0, neg=no

blurring input image with Gaussian with sigma=0.500...
GCAMRegisterLevel(): init RMS 0.660004
#GCMRL#   57 dt   0.000000 rms  0.659  0.107% neg 0  invalid 762 tFOTS 5.7940 tGradient 2.2740 tsec 8.4800
setting smoothness cost coefficient to 2.353

#GCAMreg# pass 0 level1 3 level2 0 tsec 0 sigma 2
l_jacobian=1.00 l_label=1.00 l_log_likelihood=0.20 l_smoothness=2.35 
tol=2.50e-01, dt=5.00e-02, exp_k=20.0, momentum=0.90, levels=6, niter=500, lbl_dist=10.00, avgs=16, sigma=2.0,type=2, relabel=0, neg=no

blurring input image with Gaussian with sigma=2.000...
GCAMRegisterLevel(): init RMS 0.706212
#FOTS# QuadFit found better minimum quadopt=(dt=2.8,rms=0.704381) vs oldopt=(dt=2,rms=0.704591)
#GCMRL#   59 dt   2.800000 rms  0.704  0.259% neg 0  invalid 762 tFOTS 5.2760 tGradient 2.3110 tsec 7.9780
#GCMRL#   60 dt   2.000000 rms  0.704  0.000% neg 0  invalid 762 tFOTS 5.3760 tGradient 2.0950 tsec 7.8980

#GCAMreg# pass 0 level1 3 level2 1 tsec 26.86 sigma 0.5
l_jacobian=1.00 l_label=1.00 l_log_likelihood=0.20 l_smoothness=2.35 
tol=2.50e-01, dt=5.00e-02, exp_k=20.0, momentum=0.90, levels=6, niter=500, lbl_dist=10.00, avgs=16, sigma=0.5,type=2, relabel=0, neg=no

blurring input image with Gaussian with sigma=0.500...
GCAMRegisterLevel(): init RMS 0.704837
#FOTS# QuadFit found better minimum quadopt=(dt=0.6,rms=0.704155) vs oldopt=(dt=0.5,rms=0.704156)
#GCMRL#   62 dt   0.600000 rms  0.704  0.097% neg 0  invalid 762 tFOTS 5.3690 tGradient 1.9360 tsec 7.7190
#FOTS# QuadFit found better minimum quadopt=(dt=0.1,rms=0.704154) vs oldopt=(dt=0.125,rms=0.704154)
#GCMRL#   63 dt   0.100000 rms  0.704  0.000% neg 0  invalid 762 tFOTS 5.8630 tGradient 1.9950 tsec 8.2960
#GCMRL#   64 dt   0.100000 rms  0.704  0.000% neg 0  invalid 762 tFOTS 0.0000 tGradient 2.0350 tsec 2.3960
setting smoothness cost coefficient to 8.000

#GCAMreg# pass 0 level1 2 level2 0 tsec 0 sigma 2
l_jacobian=1.00 l_label=1.00 l_log_likelihood=0.20 l_smoothness=8.00 
tol=2.50e-01, dt=5.00e-02, exp_k=20.0, momentum=0.90, levels=6, niter=500, lbl_dist=10.00, avgs=4, sigma=2.0,type=2, relabel=0, neg=no

blurring input image with Gaussian with sigma=2.000...
GCAMRegisterLevel(): init RMS 0.811376
#FOTS# QuadFit found better minimum quadopt=(dt=2.52078,rms=0.787562) vs oldopt=(dt=2.88,rms=0.788047)
#GCMRL#   66 dt   2.520779 rms  0.788  2.935% neg 0  invalid 762 tFOTS 5.8060 tGradient 1.9190 tsec 8.1210
#FOTS# QuadFit found better minimum quadopt=(dt=3.15955,rms=0.778993) vs oldopt=(dt=2.88,rms=0.779058)
#GCMRL#   67 dt   3.159551 rms  0.779  1.088% neg 0  invalid 762 tFOTS 5.7040 tGradient 1.9120 tsec 8.0590
#FOTS# QuadFit found better minimum quadopt=(dt=3.00709,rms=0.774225) vs oldopt=(dt=2.88,rms=0.774233)
#GCMRL#   68 dt   3.007092 rms  0.774  0.612% neg 0  invalid 762 tFOTS 5.6720 tGradient 1.9900 tsec 8.0510
#FOTS# QuadFit found better minimum quadopt=(dt=2.2,rms=0.7717) vs oldopt=(dt=2.88,rms=0.771935)
#GCMRL#   69 dt   2.200000 rms  0.772  0.326% neg 0  invalid 762 tFOTS 5.6740 tGradient 1.9070 tsec 7.9830
#FOTS# QuadFit found better minimum quadopt=(dt=3.70588,rms=0.769014) vs oldopt=(dt=2.88,rms=0.769138)
#GCMRL#   70 dt   3.705882 rms  0.769  0.348% neg 0  invalid 762 tFOTS 5.9660 tGradient 1.7780 tsec 8.1580
#FOTS# QuadFit found better minimum quadopt=(dt=1.57692,rms=0.768088) vs oldopt=(dt=0.72,rms=0.768365)
#GCMRL#   71 dt   1.576923 rms  0.768  0.000% neg 0  invalid 762 tFOTS 5.4800 tGradient 1.9510 tsec 7.8720
#GCMRL#   72 dt   1.576923 rms  0.767  0.098% neg 0  invalid 762 tFOTS 0.0000 tGradient 1.8050 tsec 2.1790
#GCMRL#   73 dt   1.576923 rms  0.767  0.109% neg 0  invalid 762 tFOTS 0.0000 tGradient 2.0720 tsec 2.4700
#GCMRL#   74 dt   1.576923 rms  0.766  0.045% neg 0  invalid 762 tFOTS 0.0000 tGradient 1.8150 tsec 2.1860

#GCAMreg# pass 0 level1 2 level2 1 tsec 65.853 sigma 0.5
l_jacobian=1.00 l_label=1.00 l_log_likelihood=0.20 l_smoothness=8.00 
tol=2.50e-01, dt=5.00e-02, exp_k=20.0, momentum=0.90, levels=6, niter=500, lbl_dist=10.00, avgs=4, sigma=0.5,type=2, relabel=0, neg=no

blurring input image with Gaussian with sigma=0.500...
GCAMRegisterLevel(): init RMS 0.766652
#GCMRL#   76 dt   0.000000 rms  0.766  0.067% neg 0  invalid 762 tFOTS 5.1930 tGradient 1.8790 tsec 7.4830
setting smoothness cost coefficient to 20.000

#GCAMreg# pass 0 level1 1 level2 0 tsec 0 sigma 2
l_jacobian=1.00 l_label=1.00 l_log_likelihood=0.20 l_smoothness=20.00 
tol=2.50e-01, dt=5.00e-02, exp_k=20.0, momentum=0.90, levels=6, niter=500, lbl_dist=10.00, avgs=1, sigma=2.0,type=2, relabel=0, neg=no

blurring input image with Gaussian with sigma=2.000...
GCAMRegisterLevel(): init RMS 0.81295
#GCMRL#   78 dt   0.000000 rms  0.812  0.059% neg 0  invalid 762 tFOTS 5.3370 tGradient 1.6370 tsec 7.3920

#GCAMreg# pass 0 level1 1 level2 1 tsec 23.841 sigma 0.5
l_jacobian=1.00 l_label=1.00 l_log_likelihood=0.20 l_smoothness=20.00 
tol=2.50e-01, dt=5.00e-02, exp_k=20.0, momentum=0.90, levels=6, niter=500, lbl_dist=10.00, avgs=1, sigma=0.5,type=2, relabel=0, neg=no

blurring input image with Gaussian with sigma=0.500...
GCAMRegisterLevel(): init RMS 0.81295
#FOTS# QuadFit found better minimum quadopt=(dt=0.024,rms=0.812459) vs oldopt=(dt=0.02,rms=0.812459)
#GCMRL#   80 dt   0.024000 rms  0.812  0.060% neg 0  invalid 762 tFOTS 5.6670 tGradient 1.6250 tsec 7.6850
#FOTS# QuadFit found better minimum quadopt=(dt=0.007,rms=0.812458) vs oldopt=(dt=0.005,rms=0.812459)
#GCMRL#   81 dt   0.007000 rms  0.812  0.000% neg 0  invalid 762 tFOTS 6.0970 tGradient 1.6790 tsec 8.2430
#GCMRL#   82 dt   0.007000 rms  0.812  0.000% neg 0  invalid 762 tFOTS 0.0000 tGradient 1.5620 tsec 1.9030
resetting metric properties...
setting smoothness cost coefficient to 40.000

#GCAMreg# pass 0 level1 0 level2 0 tsec 0 sigma 2
l_jacobian=1.00 l_label=1.00 l_log_likelihood=0.20 l_smoothness=40.00 
tol=2.50e-01, dt=5.00e-02, exp_k=20.0, momentum=0.90, levels=6, niter=500, lbl_dist=10.00, avgs=0, sigma=2.0,type=2, relabel=0, neg=no

blurring input image with Gaussian with sigma=2.000...
GCAMRegisterLevel(): init RMS 0.734874
#FOTS# QuadFit found better minimum quadopt=(dt=0.198171,rms=0.730489) vs oldopt=(dt=0.32,rms=0.731608)
#GCMRL#   84 dt   0.198171 rms  0.730  0.597% neg 0  invalid 762 tFOTS 5.5260 tGradient 1.1050 tsec 7.0520
#GCMRL#   85 dt   0.020000 rms  0.730  0.000% neg 0  invalid 762 tFOTS 5.7560 tGradient 1.0850 tsec 7.2630

#GCAMreg# pass 0 level1 0 level2 1 tsec 24.624 sigma 0.5
l_jacobian=1.00 l_label=1.00 l_log_likelihood=0.20 l_smoothness=40.00 
tol=2.50e-01, dt=5.00e-02, exp_k=20.0, momentum=0.90, levels=6, niter=500, lbl_dist=10.00, avgs=0, sigma=0.5,type=2, relabel=0, neg=no

blurring input image with Gaussian with sigma=0.500...
GCAMRegisterLevel(): init RMS 0.730814
#FOTS# QuadFit found better minimum quadopt=(dt=0.016,rms=0.730234) vs oldopt=(dt=0.02,rms=0.730244)
#GCMRL#   87 dt   0.016000 rms  0.730  0.079% neg 0  invalid 762 tFOTS 5.6480 tGradient 1.1680 tsec 7.2500
#GCMRL#   88 dt   0.050000 rms  0.730  0.000% neg 0  invalid 762 tFOTS 5.3160 tGradient 1.1930 tsec 6.9740
GCAMregister done in 8.92572 min
Starting GCAmapRenormalizeWithAlignment() without scales
renormalizing by structure alignment....
renormalizing input #0
gca peak = 0.10253 (16)
mri peak = 0.08825 (55)
Left_Lateral_Ventricle (4): linear fit = 1.95 x + 0.0 (418 voxels, overlap=0.101)
Left_Lateral_Ventricle (4): linear fit = 1.50 x + 0.0 (418 voxels, peak = 31), gca=24.0
gca peak = 0.17690 (16)
mri peak = 0.05526 (12)
Right_Lateral_Ventricle (43): linear fit = 2.58 x + 0.0 (396 voxels, overlap=0.033)
Right_Lateral_Ventricle (43): linear fit = 1.50 x + 0.0 (396 voxels, peak = 41), gca=24.0
gca peak = 0.28275 (96)
mri peak = 0.10313 (92)
Right_Pallidum (52): linear fit = 0.96 x + 0.0 (777 voxels, overlap=0.966)
Right_Pallidum (52): linear fit = 0.96 x + 0.0 (777 voxels, peak = 93), gca=92.6
gca peak = 0.18948 (93)
mri peak = 0.09372 (96)
Left_Pallidum (13): linear fit = 0.99 x + 0.0 (616 voxels, overlap=1.013)
Left_Pallidum (13): linear fit = 0.99 x + 0.0 (616 voxels, peak = 92), gca=91.6
gca peak = 0.20755 (55)
mri peak = 0.10314 (55)
Right_Hippocampus (53): linear fit = 0.96 x + 0.0 (615 voxels, overlap=0.987)
Right_Hippocampus (53): linear fit = 0.96 x + 0.0 (615 voxels, peak = 53), gca=53.1
gca peak = 0.31831 (58)
mri peak = 0.13133 (55)
Left_Hippocampus (17): linear fit = 0.94 x + 0.0 (573 voxels, overlap=0.990)
Left_Hippocampus (17): linear fit = 0.94 x + 0.0 (573 voxels, peak = 55), gca=54.8
gca peak = 0.11957 (102)
mri peak = 0.15680 (104)
Right_Cerebral_White_Matter (41): linear fit = 1.05 x + 0.0 (48082 voxels, overlap=0.471)
Right_Cerebral_White_Matter (41): linear fit = 1.05 x + 0.0 (48082 voxels, peak = 108), gca=107.6
gca peak = 0.11429 (102)
mri peak = 0.16998 (104)
Left_Cerebral_White_Matter (2): linear fit = 1.05 x + 0.0 (51829 voxels, overlap=0.426)
Left_Cerebral_White_Matter (2): linear fit = 1.05 x + 0.0 (51829 voxels, peak = 108), gca=107.6
gca peak = 0.14521 (59)
mri peak = 0.05798 (55)
Left_Cerebral_Cortex (3): linear fit = 0.94 x + 0.0 (21201 voxels, overlap=0.866)
Left_Cerebral_Cortex (3): linear fit = 0.94 x + 0.0 (21201 voxels, peak = 56), gca=55.8
gca peak = 0.14336 (58)
mri peak = 0.05811 (50)
Right_Cerebral_Cortex (42): linear fit = 0.94 x + 0.0 (20368 voxels, overlap=0.962)
Right_Cerebral_Cortex (42): linear fit = 0.94 x + 0.0 (20368 voxels, peak = 55), gca=54.8
gca peak = 0.13305 (70)
mri peak = 0.20590 (67)
Right_Caudate (50): linear fit = 1.00 x + 0.0 (697 voxels, overlap=0.954)
Right_Caudate (50): linear fit = 1.00 x + 0.0 (697 voxels, peak = 70), gca=70.0
gca peak = 0.15761 (71)
mri peak = 0.15181 (75)
Left_Caudate (11): linear fit = 0.99 x + 0.0 (832 voxels, overlap=0.923)
Left_Caudate (11): linear fit = 0.99 x + 0.0 (832 voxels, peak = 70), gca=69.9
gca peak = 0.13537 (57)
mri peak = 0.05785 (34)
Left_Cerebellum_Cortex (8): linear fit = 0.69 x + 0.0 (12501 voxels, overlap=0.043)
Left_Cerebellum_Cortex (8): linear fit = 0.69 x + 0.0 (12501 voxels, peak = 39), gca=39.0
gca peak = 0.13487 (56)
mri peak = 0.04678 (34)
Right_Cerebellum_Cortex (47): linear fit = 0.80 x + 0.0 (16296 voxels, overlap=0.125)
Right_Cerebellum_Cortex (47): linear fit = 0.80 x + 0.0 (16296 voxels, peak = 45), gca=44.5
gca peak = 0.19040 (84)
mri peak = 0.04633 (62)
Left_Cerebellum_White_Matter (7): linear fit = 0.71 x + 0.0 (8302 voxels, overlap=0.007)
Left_Cerebellum_White_Matter (7): linear fit = 0.71 x + 0.0 (8302 voxels, peak = 60), gca=60.1
gca peak = 0.18871 (83)
mri peak = 0.04649 (74)
Right_Cerebellum_White_Matter (46): linear fit = 0.93 x + 0.0 (7056 voxels, overlap=0.299)
Right_Cerebellum_White_Matter (46): linear fit = 0.93 x + 0.0 (7056 voxels, peak = 77), gca=76.8
gca peak = 0.24248 (57)
mri peak = 0.15124 (58)
Left_Amygdala (18): linear fit = 0.94 x + 0.0 (332 voxels, overlap=0.991)
Left_Amygdala (18): linear fit = 0.94 x + 0.0 (332 voxels, peak = 54), gca=53.9
gca peak = 0.35833 (56)
mri peak = 0.14016 (50)
Right_Amygdala: unreasonable value (49.0/50.0), not in range [50, 90] - rejecting
gca peak = 0.12897 (85)
mri peak = 0.05474 (83)
Left_Thalamus (10): linear fit = 1.07 x + 0.0 (4896 voxels, overlap=0.726)
Left_Thalamus (10): linear fit = 1.07 x + 0.0 (4896 voxels, peak = 91), gca=90.5
gca peak = 0.13127 (83)
mri peak = 0.07880 (75)
Right_Thalamus (49): linear fit = 1.01 x + 0.0 (3855 voxels, overlap=0.890)
Right_Thalamus (49): linear fit = 1.01 x + 0.0 (3855 voxels, peak = 84), gca=84.2
gca peak = 0.12974 (78)
mri peak = 0.14496 (83)
Left_Putamen (12): linear fit = 1.04 x + 0.0 (1976 voxels, overlap=0.858)
Left_Putamen (12): linear fit = 1.04 x + 0.0 (1976 voxels, peak = 82), gca=81.5
gca peak = 0.17796 (79)
mri peak = 0.12684 (79)
Right_Putamen (51): linear fit = 1.03 x + 0.0 (1994 voxels, overlap=0.861)
Right_Putamen (51): linear fit = 1.03 x + 0.0 (1994 voxels, peak = 82), gca=81.8
gca peak = 0.10999 (80)
mri peak = 0.08710 (85)
Brain_Stem (16): linear fit = 1.12 x + 0.0 (10017 voxels, overlap=0.416)
Brain_Stem (16): linear fit = 1.12 x + 0.0 (10017 voxels, peak = 89), gca=89.2
gca peak = 0.13215 (88)
mri peak = 0.08591 (95)
Right_VentralDC (60): linear fit = 1.09 x + 0.0 (788 voxels, overlap=0.486)
Right_VentralDC (60): linear fit = 1.09 x + 0.0 (788 voxels, peak = 95), gca=95.5
gca peak = 0.11941 (89)
mri peak = 0.07882 (98)
Left_VentralDC (28): linear fit = 1.10 x + 0.0 (1016 voxels, overlap=0.703)
Left_VentralDC (28): linear fit = 1.10 x + 0.0 (1016 voxels, peak = 97), gca=97.5
gca peak = 0.20775 (25)
uniform distribution in MR - rejecting arbitrary fit
gca peak = 0.13297 (21)
mri peak = 0.08161 ( 6)
Fourth_Ventricle (15): linear fit = 0.47 x + 0.0 (60 voxels, overlap=0.018)
Fourth_Ventricle (15): linear fit = 0.47 x + 0.0 (60 voxels, peak = 10), gca=10.0
gca peak Unknown = 0.94777 ( 0)
gca peak Left_Inf_Lat_Vent = 0.19087 (28)
gca peak Third_Ventricle = 0.20775 (25)
gca peak Fourth_Ventricle = 0.13297 (21)
gca peak CSF = 0.16821 (33)
gca peak Left_Accumbens_area = 0.32850 (63)
gca peak Left_undetermined = 0.98480 (28)
gca peak Left_vessel = 0.40887 (53)
gca peak Left_choroid_plexus = 0.10898 (46)
gca peak Right_Inf_Lat_Vent = 0.17798 (26)
gca peak Right_Amygdala = 0.35833 (56)
gca peak Right_Accumbens_area = 0.30137 (64)
gca peak Right_vessel = 0.47828 (52)
gca peak Right_choroid_plexus = 0.11612 (45)
gca peak Fifth_Ventricle = 0.59466 (35)
gca peak WM_hypointensities = 0.10053 (78)
gca peak non_WM_hypointensities = 0.07253 (60)
gca peak Optic_Chiasm = 0.25330 (73)
not using caudate to estimate GM means
setting label Right_Amygdala based on Left_Amygdala = 0.94 x +  0: 54
estimating mean gm scale to be 0.95 x + 0.0
estimating mean wm scale to be 1.05 x + 0.0
estimating mean csf scale to be 1.50 x + 0.0
saving intensity scales to talairach.label_intensities.txt
GCAmapRenormalizeWithAlignment() took 2.10868 min
noneg pre
Starting GCAMregister()
label assignment complete, 0 changed (0.00%)
npasses = 1, nlevels = 6
#pass# 1 of 1 ************************
enabling zero nodes
setting smoothness cost coefficient to 0.008

#GCAMreg# pass 0 level1 5 level2 0 tsec 0 sigma 2
l_jacobian=1.00 l_label=1.00 l_log_likelihood=0.20 l_smoothness=0.01 
tol=5.00e-02, dt=5.00e-02, exp_k=20.0, momentum=0.90, levels=6, niter=500, lbl_dist=10.00, avgs=256, sigma=2.0,type=2, relabel=0, neg=no

blurring input image with Gaussian with sigma=2.000...
GCAMRegisterLevel(): init RMS 0.751272
#FOTS# QuadFit found better minimum quadopt=(dt=316.644,rms=0.731724) vs oldopt=(dt=369.92,rms=0.732166)
#GCMRL#   90 dt 316.644346 rms  0.732  2.602% neg 0  invalid 762 tFOTS 6.4170 tGradient 2.3020 tsec 9.1420
#FOTS# QuadFit found better minimum quadopt=(dt=190.359,rms=0.725341) vs oldopt=(dt=92.48,rms=0.727518)
#GCMRL#   91 dt 190.358974 rms  0.725  0.872% neg 0  invalid 762 tFOTS 6.1500 tGradient 2.2740 tsec 8.8370
#FOTS# QuadFit found better minimum quadopt=(dt=295.936,rms=0.721918) vs oldopt=(dt=369.92,rms=0.72204)
#GCMRL#   92 dt 295.936000 rms  0.722  0.472% neg 0  invalid 762 tFOTS 5.8010 tGradient 2.4570 tsec 8.6680
#FOTS# QuadFit found better minimum quadopt=(dt=141.576,rms=0.7189) vs oldopt=(dt=92.48,rms=0.719482)
#GCMRL#   93 dt 141.575758 rms  0.719  0.418% neg 0  invalid 762 tFOTS 6.0100 tGradient 2.4870 tsec 8.9120
#FOTS# QuadFit found better minimum quadopt=(dt=443.904,rms=0.716559) vs oldopt=(dt=369.92,rms=0.716584)
#GCMRL#   94 dt 443.904000 rms  0.717  0.326% neg 0  invalid 762 tFOTS 5.8570 tGradient 2.3660 tsec 8.6540
#FOTS# QuadFit found better minimum quadopt=(dt=129.472,rms=0.714241) vs oldopt=(dt=92.48,rms=0.714433)
#GCMRL#   95 dt 129.472000 rms  0.714  0.324% neg 0  invalid 762 tFOTS 6.1570 tGradient 2.5270 tsec 9.1460
#FOTS# QuadFit found better minimum quadopt=(dt=295.936,rms=0.713086) vs oldopt=(dt=369.92,rms=0.713109)
#GCMRL#   96 dt 295.936000 rms  0.713  0.162% neg 0  invalid 762 tFOTS 5.5330 tGradient 2.3310 tsec 8.2840
#FOTS# QuadFit found better minimum quadopt=(dt=129.472,rms=0.712004) vs oldopt=(dt=92.48,rms=0.71214)
#GCMRL#   97 dt 129.472000 rms  0.712  0.152% neg 0  invalid 762 tFOTS 5.6220 tGradient 2.4240 tsec 8.4560
#FOTS# QuadFit found better minimum quadopt=(dt=443.904,rms=0.710787) vs oldopt=(dt=369.92,rms=0.710829)
#GCMRL#   98 dt 443.904000 rms  0.711  0.171% neg 0  invalid 762 tFOTS 5.5440 tGradient 2.5070 tsec 8.4730
#FOTS# QuadFit found better minimum quadopt=(dt=110.976,rms=0.709746) vs oldopt=(dt=92.48,rms=0.709783)
#GCMRL#   99 dt 110.976000 rms  0.710  0.147% neg 0  invalid 762 tFOTS 5.7670 tGradient 2.5090 tsec 8.6950
#FOTS# QuadFit found better minimum quadopt=(dt=517.888,rms=0.708396) vs oldopt=(dt=369.92,rms=0.708667)
#GCMRL#  100 dt 517.888000 rms  0.708  0.190% neg 0  invalid 762 tFOTS 5.7780 tGradient 2.3760 tsec 8.5710
#FOTS# QuadFit found better minimum quadopt=(dt=129.472,rms=0.707795) vs oldopt=(dt=92.48,rms=0.707837)
#GCMRL#  101 dt 129.472000 rms  0.708  0.085% neg 0  invalid 762 tFOTS 5.7090 tGradient 2.4970 tsec 8.6220
#GCMRL#  102 dt 369.920000 rms  0.707  0.094% neg 0  invalid 762 tFOTS 6.2680 tGradient 2.5890 tsec 9.2830
#FOTS# QuadFit found better minimum quadopt=(dt=110.976,rms=0.706543) vs oldopt=(dt=92.48,rms=0.706571)
#GCMRL#  103 dt 110.976000 rms  0.707  0.083% neg 0  invalid 762 tFOTS 5.9350 tGradient 2.5250 tsec 8.8860
#FOTS# QuadFit found better minimum quadopt=(dt=887.808,rms=0.705287) vs oldopt=(dt=1479.68,rms=0.705532)
#GCMRL#  104 dt 887.808000 rms  0.705  0.178% neg 0  invalid 762 tFOTS 6.1560 tGradient 2.4970 tsec 9.1540
#FOTS# QuadFit found better minimum quadopt=(dt=110.976,rms=0.704393) vs oldopt=(dt=92.48,rms=0.704397)
#GCMRL#  105 dt 110.976000 rms  0.704  0.127% neg 0  invalid 762 tFOTS 5.9320 tGradient 3.0760 tsec 9.4130
#FOTS# QuadFit found better minimum quadopt=(dt=517.888,rms=0.703749) vs oldopt=(dt=369.92,rms=0.703789)
#GCMRL#  106 dt 517.888000 rms  0.704  0.091% neg 0  invalid 762 tFOTS 6.7440 tGradient 3.0770 tsec 10.2860
#GCMRL#  107 dt  92.480000 rms  0.703  0.076% neg 0  invalid 762 tFOTS 5.8570 tGradient 2.5770 tsec 8.8560
#GCMRL#  108 dt 5918.720000 rms  0.698  0.756% neg 0  invalid 762 tFOTS 5.8080 tGradient 2.5880 tsec 8.8190
#FOTS# QuadFit found better minimum quadopt=(dt=129.472,rms=0.696139) vs oldopt=(dt=92.48,rms=0.696396)
#GCMRL#  109 dt 129.472000 rms  0.696  0.252% neg 0  invalid 762 tFOTS 5.6010 tGradient 2.5320 tsec 8.5460
#FOTS# QuadFit found better minimum quadopt=(dt=129.472,rms=0.695861) vs oldopt=(dt=92.48,rms=0.695915)
#GCMRL#  110 dt 129.472000 rms  0.696  0.000% neg 0  invalid 762 tFOTS 5.4190 tGradient 2.4720 tsec 8.2840
#GCMRL#  111 dt 129.472000 rms  0.696  0.039% neg 0  invalid 762 tFOTS 0.0000 tGradient 2.4770 tsec 2.7710
#GCMRL#  112 dt 129.472000 rms  0.695  0.050% neg 0  invalid 762 tFOTS 0.0000 tGradient 2.3860 tsec 2.6880
#GCMRL#  113 dt 129.472000 rms  0.695  0.058% neg 0  invalid 762 tFOTS 0.0000 tGradient 2.3800 tsec 2.6690
#GCMRL#  114 dt 129.472000 rms  0.694  0.060% neg 0  invalid 762 tFOTS 0.0000 tGradient 2.4050 tsec 2.7600
#GCMRL#  115 dt 129.472000 rms  0.694  0.073% neg 0  invalid 762 tFOTS 0.0000 tGradient 2.2970 tsec 2.5820
#GCMRL#  116 dt 129.472000 rms  0.693  0.078% neg 0  invalid 762 tFOTS 0.0000 tGradient 2.2800 tsec 2.5790
#GCMRL#  117 dt 129.472000 rms  0.693  0.086% neg 0  invalid 762 tFOTS 0.0000 tGradient 2.2820 tsec 2.5810
#GCMRL#  118 dt 129.472000 rms  0.692  0.097% neg 0  invalid 762 tFOTS 0.0000 tGradient 2.4250 tsec 2.7140
#GCMRL#  119 dt 129.472000 rms  0.691  0.107% neg 0  invalid 762 tFOTS 0.0000 tGradient 2.3350 tsec 2.6310
#GCMRL#  120 dt 129.472000 rms  0.691  0.115% neg 0  invalid 762 tFOTS 0.0000 tGradient 2.3580 tsec 2.6500
#GCMRL#  121 dt 129.472000 rms  0.690  0.109% neg 0  invalid 762 tFOTS 0.0000 tGradient 2.2450 tsec 2.5460
#GCMRL#  122 dt 129.472000 rms  0.689  0.105% neg 0  invalid 762 tFOTS 0.0000 tGradient 2.3040 tsec 2.5990
#GCMRL#  123 dt 129.472000 rms  0.688  0.100% neg 0  invalid 762 tFOTS 0.0000 tGradient 2.3060 tsec 2.6050
#GCMRL#  124 dt 129.472000 rms  0.688  0.095% neg 0  invalid 762 tFOTS 0.0000 tGradient 2.2900 tsec 2.5760
#GCMRL#  125 dt 129.472000 rms  0.687  0.098% neg 0  invalid 762 tFOTS 0.0000 tGradient 2.2900 tsec 2.5800
#GCMRL#  126 dt 129.472000 rms  0.686  0.098% neg 0  invalid 762 tFOTS 0.0000 tGradient 2.2760 tsec 2.5710
#GCMRL#  127 dt 129.472000 rms  0.686  0.100% neg 0  invalid 762 tFOTS 0.0000 tGradient 2.2110 tsec 2.4990
#GCMRL#  128 dt 129.472000 rms  0.685  0.097% neg 0  invalid 762 tFOTS 0.0000 tGradient 2.3110 tsec 2.5870
#GCMRL#  129 dt 129.472000 rms  0.684  0.089% neg 0  invalid 762 tFOTS 0.0000 tGradient 2.3150 tsec 2.5980
#GCMRL#  130 dt 129.472000 rms  0.684  0.080% neg 0  invalid 762 tFOTS 0.0000 tGradient 2.3590 tsec 2.6440
#GCMRL#  131 dt 129.472000 rms  0.683  0.070% neg 0  invalid 762 tFOTS 0.0000 tGradient 2.3250 tsec 2.6070
#GCMRL#  132 dt 129.472000 rms  0.683  0.060% neg 0  invalid 762 tFOTS 0.0000 tGradient 2.1460 tsec 2.4400
#GCMRL#  133 dt 129.472000 rms  0.683  0.067% neg 0  invalid 762 tFOTS 0.0000 tGradient 2.1220 tsec 2.4470
#GCMRL#  134 dt 129.472000 rms  0.682  0.072% neg 0  invalid 762 tFOTS 0.0000 tGradient 2.2060 tsec 2.5000
#GCMRL#  135 dt 129.472000 rms  0.682  0.070% neg 0  invalid 762 tFOTS 0.0000 tGradient 2.2700 tsec 2.5490
#GCMRL#  136 dt 129.472000 rms  0.681  0.065% neg 0  invalid 762 tFOTS 0.0000 tGradient 2.3100 tsec 2.5980
#GCMRL#  137 dt 129.472000 rms  0.681  0.065% neg 0  invalid 762 tFOTS 0.0000 tGradient 2.3470 tsec 2.6170
#GCMRL#  138 dt 129.472000 rms  0.680  0.061% neg 0  invalid 762 tFOTS 0.0000 tGradient 2.0970 tsec 2.3760
#GCMRL#  139 dt 129.472000 rms  0.680  0.059% neg 0  invalid 762 tFOTS 0.0000 tGradient 2.1350 tsec 2.4170
#GCMRL#  140 dt 129.472000 rms  0.679  0.057% neg 0  invalid 762 tFOTS 0.0000 tGradient 2.1990 tsec 2.4890
#GCMRL#  141 dt 129.472000 rms  0.679  0.054% neg 0  invalid 762 tFOTS 0.0000 tGradient 2.1580 tsec 2.4420
#GCMRL#  142 dt 129.472000 rms  0.679  0.051% neg 0  invalid 762 tFOTS 0.0000 tGradient 2.2140 tsec 2.4900
#GCMRL#  143 dt 129.472000 rms  0.678  0.053% neg 0  invalid 762 tFOTS 0.0000 tGradient 2.2230 tsec 2.5070
#GCMRL#  144 dt 129.472000 rms  0.678  0.049% neg 0  invalid 762 tFOTS 0.0000 tGradient 2.1970 tsec 2.4760
#GCMRL#  145 dt 129.472000 rms  0.678  0.047% neg 0  invalid 762 tFOTS 0.0000 tGradient 2.1480 tsec 2.4180
#GCMRL#  146 dt 129.472000 rms  0.677  0.046% neg 0  invalid 762 tFOTS 0.0000 tGradient 2.1370 tsec 2.4120
#GCMRL#  147 dt 129.472000 rms  0.677  0.045% neg 0  invalid 762 tFOTS 0.0000 tGradient 2.1250 tsec 2.4050
#GCMRL#  148 dt 129.472000 rms  0.677  0.047% neg 0  invalid 762 tFOTS 0.0000 tGradient 2.1330 tsec 2.4130
#GCMRL#  149 dt 129.472000 rms  0.677  0.044% neg 0  invalid 762 tFOTS 0.0000 tGradient 2.1830 tsec 2.4680
#GCMRL#  150 dt 129.472000 rms  0.676  0.042% neg 0  invalid 762 tFOTS 0.0000 tGradient 2.0890 tsec 2.3850
#GCMRL#  151 dt 129.472000 rms  0.676  0.039% neg 0  invalid 762 tFOTS 0.0000 tGradient 2.0530 tsec 2.3580
#GCMRL#  152 dt 129.472000 rms  0.676  0.039% neg 0  invalid 762 tFOTS 0.0000 tGradient 2.0460 tsec 2.3270
#GCMRL#  153 dt 129.472000 rms  0.675  0.036% neg 0  invalid 762 tFOTS 0.0000 tGradient 2.1140 tsec 2.4200
#GCMRL#  154 dt 129.472000 rms  0.675  0.033% neg 0  invalid 762 tFOTS 0.0000 tGradient 2.1640 tsec 2.4440
#GCMRL#  155 dt 129.472000 rms  0.675  0.031% neg 0  invalid 762 tFOTS 0.0000 tGradient 2.0940 tsec 2.3650
#GCMRL#  156 dt 129.472000 rms  0.675  0.031% neg 0  invalid 762 tFOTS 0.0000 tGradient 2.1140 tsec 2.3950
#GCMRL#  157 dt 129.472000 rms  0.675  0.030% neg 0  invalid 762 tFOTS 0.0000 tGradient 2.1580 tsec 2.4340
#GCMRL#  158 dt 129.472000 rms  0.674  0.028% neg 0  invalid 762 tFOTS 0.0000 tGradient 2.0950 tsec 2.3720
#GCMRL#  159 dt 129.472000 rms  0.674  0.027% neg 0  invalid 762 tFOTS 0.0000 tGradient 2.0840 tsec 2.3570
#GCMRL#  160 dt 129.472000 rms  0.674  0.033% neg 0  invalid 762 tFOTS 0.0000 tGradient 2.2260 tsec 2.5020
#GCMRL#  161 dt 129.472000 rms  0.674  0.027% neg 0  invalid 762 tFOTS 0.0000 tGradient 2.1640 tsec 2.4600
#GCMRL#  162 dt 129.472000 rms  0.674  0.027% neg 0  invalid 762 tFOTS 0.0000 tGradient 2.1280 tsec 2.4060
#GCMRL#  163 dt 129.472000 rms  0.673  0.030% neg 0  invalid 762 tFOTS 0.0000 tGradient 2.0720 tsec 2.3500
#GCMRL#  164 dt 129.472000 rms  0.673  0.036% neg 0  invalid 762 tFOTS 0.0000 tGradient 2.1960 tsec 2.4740
#GCMRL#  165 dt 129.472000 rms  0.673  0.031% neg 0  invalid 762 tFOTS 0.0000 tGradient 2.1220 tsec 2.4050
#GCMRL#  166 dt 129.472000 rms  0.673  0.034% neg 0  invalid 762 tFOTS 0.0000 tGradient 2.0970 tsec 2.3800
#GCMRL#  167 dt 129.472000 rms  0.673  0.032% neg 0  invalid 762 tFOTS 0.0000 tGradient 2.1460 tsec 2.4330
#GCMRL#  168 dt 129.472000 rms  0.672  0.031% neg 0  invalid 762 tFOTS 0.0000 tGradient 2.1980 tsec 2.4640
#GCMRL#  169 dt 129.472000 rms  0.672  0.031% neg 0  invalid 762 tFOTS 0.0000 tGradient 2.0780 tsec 2.3480
#GCMRL#  170 dt 129.472000 rms  0.672  0.032% neg 0  invalid 762 tFOTS 0.0000 tGradient 2.0180 tsec 2.2850
#GCMRL#  171 dt 129.472000 rms  0.672  0.030% neg 0  invalid 762 tFOTS 0.0000 tGradient 2.0210 tsec 2.2870
#GCMRL#  172 dt 129.472000 rms  0.672  0.028% neg 0  invalid 762 tFOTS 0.0000 tGradient 2.0660 tsec 2.3390
#GCMRL#  173 dt 129.472000 rms  0.671  0.027% neg 0  invalid 762 tFOTS 0.0000 tGradient 2.0890 tsec 2.4010
#GCMRL#  174 dt 129.472000 rms  0.671  0.030% neg 0  invalid 762 tFOTS 0.0000 tGradient 2.1950 tsec 2.4480
#GCMRL#  175 dt 129.472000 rms  0.671  0.023% neg 0  invalid 762 tFOTS 0.0000 tGradient 2.0710 tsec 2.3370
#GCMRL#  176 dt 129.472000 rms  0.671  0.026% neg 0  invalid 762 tFOTS 0.0000 tGradient 2.1130 tsec 2.3830
#GCMRL#  177 dt 129.472000 rms  0.671  0.028% neg 0  invalid 762 tFOTS 0.0000 tGradient 2.1760 tsec 2.4510
#GCMRL#  178 dt 129.472000 rms  0.670  0.025% neg 0  invalid 762 tFOTS 0.0000 tGradient 2.1730 tsec 2.4460
#GCMRL#  179 dt 129.472000 rms  0.670  0.020% neg 0  invalid 762 tFOTS 0.0000 tGradient 2.0260 tsec 2.3120
#GCMRL#  180 dt 1479.680000 rms  0.670  0.000% neg 0  invalid 762 tFOTS 4.1980 tGradient 2.1340 tsec 6.7010

#GCAMreg# pass 0 level1 5 level2 1 tsec 375.269 sigma 0.5
l_jacobian=1.00 l_label=1.00 l_log_likelihood=0.20 l_smoothness=0.01 
tol=5.00e-02, dt=5.00e-02, exp_k=20.0, momentum=0.90, levels=6, niter=500, lbl_dist=10.00, avgs=256, sigma=0.5,type=2, relabel=0, neg=no

blurring input image with Gaussian with sigma=0.500...
GCAMRegisterLevel(): init RMS 0.671288
#FOTS# QuadFit found better minimum quadopt=(dt=129.472,rms=0.669937) vs oldopt=(dt=92.48,rms=0.669961)
#GCMRL#  182 dt 129.472000 rms  0.670  0.201% neg 0  invalid 762 tFOTS 4.1120 tGradient 2.2240 tsec 6.6680
#FOTS# QuadFit found better minimum quadopt=(dt=517.888,rms=0.66948) vs oldopt=(dt=369.92,rms=0.669547)
#GCMRL#  183 dt 517.888000 rms  0.669  0.068% neg 0  invalid 762 tFOTS 5.5530 tGradient 2.2530 tsec 8.1880
#FOTS# QuadFit found better minimum quadopt=(dt=295.936,rms=0.669297) vs oldopt=(dt=369.92,rms=0.669318)
#GCMRL#  184 dt 295.936000 rms  0.669  0.000% neg 0  invalid 762 tFOTS 5.5380 tGradient 2.1600 tsec 8.1310
#GCMRL#  185 dt 295.936000 rms  0.669  0.050% neg 0  invalid 762 tFOTS 0.0000 tGradient 2.1830 tsec 2.5390
#GCMRL#  186 dt 295.936000 rms  0.669  0.021% neg 0  invalid 762 tFOTS 0.0000 tGradient 2.1310 tsec 2.4830
#GCMRL#  187 dt 295.936000 rms  0.669  0.039% neg 0  invalid 762 tFOTS 0.0000 tGradient 2.1520 tsec 2.4940
#GCMRL#  188 dt 295.936000 rms  0.668  0.088% neg 0  invalid 762 tFOTS 0.0000 tGradient 2.3860 tsec 2.7650
#GCMRL#  189 dt 295.936000 rms  0.668  0.051% neg 0  invalid 762 tFOTS 0.0000 tGradient 2.2790 tsec 2.6260
#GCMRL#  190 dt 295.936000 rms  0.667  0.027% neg 0  invalid 762 tFOTS 0.0000 tGradient 2.2570 tsec 2.6500
#GCMRL#  191 dt 295.936000 rms  0.667  0.060% neg 0  invalid 762 tFOTS 0.0000 tGradient 2.2900 tsec 2.6520
#GCMRL#  192 dt 295.936000 rms  0.667  0.037% neg 0  invalid 762 tFOTS 0.0000 tGradient 2.2390 tsec 2.5920
#GCMRL#  193 dt 295.936000 rms  0.667  0.028% neg 0  invalid 762 tFOTS 0.0000 tGradient 2.2240 tsec 2.6200
#GCMRL#  194 dt 295.936000 rms  0.666  0.024% neg 0  invalid 762 tFOTS 0.0000 tGradient 2.2700 tsec 2.6460
#GCMRL#  195 dt 295.936000 rms  0.666  0.036% neg 0  invalid 762 tFOTS 0.0000 tGradient 2.2520 tsec 2.6770
#GCMRL#  196 dt 295.936000 rms  0.666  0.029% neg 0  invalid 762 tFOTS 0.0000 tGradient 2.3140 tsec 2.6880
#GCMRL#  197 dt 295.936000 rms  0.666  0.020% neg 0  invalid 762 tFOTS 0.0000 tGradient 2.3730 tsec 2.7920
#GCMRL#  198 dt 295.936000 rms  0.666  0.028% neg 0  invalid 762 tFOTS 0.0000 tGradient 2.2320 tsec 2.6210
#GCMRL#  199 dt 295.936000 rms  0.665  0.040% neg 0  invalid 762 tFOTS 0.0000 tGradient 2.2600 tsec 2.6490
#GCMRL#  200 dt 295.936000 rms  0.665  0.029% neg 0  invalid 762 tFOTS 0.0000 tGradient 2.2680 tsec 2.6530
#GCMRL#  201 dt 295.936000 rms  0.665  0.020% neg 0  invalid 762 tFOTS 0.0000 tGradient 2.2340 tsec 2.6340
#GCMRL#  202 dt 295.936000 rms  0.665  0.031% neg 0  invalid 762 tFOTS 0.0000 tGradient 2.2210 tsec 2.6330
#GCMRL#  203 dt 295.936000 rms  0.665  0.023% neg 0  invalid 762 tFOTS 0.0000 tGradient 2.7430 tsec 3.0880
#GCMRL#  204 dt 295.936000 rms  0.665  0.008% neg 0  invalid 762 tFOTS 0.0000 tGradient 2.2470 tsec 2.6980
#FOTS# QuadFit found better minimum quadopt=(dt=129.472,rms=0.664682) vs oldopt=(dt=92.48,rms=0.664693)
#GCMRL#  205 dt 129.472000 rms  0.665  0.000% neg 0  invalid 762 tFOTS 6.3060 tGradient 2.1710 tsec 8.9240
#GCMRL#  206 dt 129.472000 rms  0.665  0.003% neg 0  invalid 762 tFOTS 0.0000 tGradient 2.2170 tsec 2.5910
#GCMRL#  207 dt 129.472000 rms  0.665  0.006% neg 0  invalid 762 tFOTS 0.0000 tGradient 2.2340 tsec 2.6100
#GCMRL#  208 dt 129.472000 rms  0.665  0.007% neg 0  invalid 762 tFOTS 0.0000 tGradient 2.2390 tsec 2.6070
#GCMRL#  209 dt 129.472000 rms  0.665  0.007% neg 0  invalid 762 tFOTS 0.0000 tGradient 2.2360 tsec 2.6050
#GCMRL#  210 dt 129.472000 rms  0.664  0.010% neg 0  invalid 762 tFOTS 0.0000 tGradient 2.2260 tsec 2.5760
setting smoothness cost coefficient to 0.031

#GCAMreg# pass 0 level1 4 level2 0 tsec 0 sigma 2
l_jacobian=1.00 l_label=1.00 l_log_likelihood=0.20 l_smoothness=0.03 
tol=5.00e-02, dt=5.00e-02, exp_k=20.0, momentum=0.90, levels=6, niter=500, lbl_dist=10.00, avgs=64, sigma=2.0,type=2, relabel=0, neg=no

blurring input image with Gaussian with sigma=2.000...
GCAMRegisterLevel(): init RMS 0.667699
#FOTS# QuadFit found better minimum quadopt=(dt=159.289,rms=0.661445) vs oldopt=(dt=103.68,rms=0.662024)
#GCMRL#  212 dt 159.288889 rms  0.661  0.937% neg 0  invalid 762 tFOTS 5.7750 tGradient 2.3820 tsec 8.6430
#FOTS# QuadFit found better minimum quadopt=(dt=115.925,rms=0.656333) vs oldopt=(dt=103.68,rms=0.656363)
#GCMRL#  213 dt 115.924528 rms  0.656  0.773% neg 0  invalid 762 tFOTS 6.1120 tGradient 2.4450 tsec 8.9680
#FOTS# QuadFit found better minimum quadopt=(dt=74.9714,rms=0.65326) vs oldopt=(dt=103.68,rms=0.653661)
#GCMRL#  214 dt  74.971429 rms  0.653  0.468% neg 0  invalid 762 tFOTS 5.6250 tGradient 2.1640 tsec 8.2140
#FOTS# QuadFit found better minimum quadopt=(dt=145.152,rms=0.649371) vs oldopt=(dt=103.68,rms=0.649979)
#GCMRL#  215 dt 145.152000 rms  0.649  0.595% neg 0  invalid 762 tFOTS 5.4970 tGradient 2.1260 tsec 8.0640
#FOTS# QuadFit found better minimum quadopt=(dt=62.208,rms=0.64745) vs oldopt=(dt=103.68,rms=0.648014)
#GCMRL#  216 dt  62.208000 rms  0.647  0.296% neg 0  invalid 762 tFOTS 5.9680 tGradient 2.0860 tsec 8.4960
#FOTS# QuadFit found better minimum quadopt=(dt=497.664,rms=0.641845) vs oldopt=(dt=414.72,rms=0.641852)
#GCMRL#  217 dt 497.664000 rms  0.642  0.866% neg 0  invalid 762 tFOTS 5.6100 tGradient 2.1100 tsec 8.1580
#FOTS# QuadFit found better minimum quadopt=(dt=36.288,rms=0.637303) vs oldopt=(dt=25.92,rms=0.638329)
#GCMRL#  218 dt  36.288000 rms  0.637  0.708% neg 0  invalid 762 tFOTS 5.7130 tGradient 2.2250 tsec 8.3920
#FOTS# QuadFit found better minimum quadopt=(dt=36.288,rms=0.635912) vs oldopt=(dt=25.92,rms=0.636175)
#GCMRL#  219 dt  36.288000 rms  0.636  0.218% neg 0  invalid 762 tFOTS 5.7450 tGradient 2.1160 tsec 8.2780
#FOTS# QuadFit found better minimum quadopt=(dt=145.152,rms=0.634606) vs oldopt=(dt=103.68,rms=0.634787)
#GCMRL#  220 dt 145.152000 rms  0.635  0.205% neg 0  invalid 762 tFOTS 5.7540 tGradient 2.0310 tsec 8.1940
#FOTS# QuadFit found better minimum quadopt=(dt=82.944,rms=0.633072) vs oldopt=(dt=103.68,rms=0.633127)
#GCMRL#  221 dt  82.944000 rms  0.633  0.242% neg 0  invalid 762 tFOTS 5.6260 tGradient 2.0060 tsec 8.0490
#FOTS# QuadFit found better minimum quadopt=(dt=36.288,rms=0.632483) vs oldopt=(dt=25.92,rms=0.632604)
#GCMRL#  222 dt  36.288000 rms  0.632  0.093% neg 0  invalid 762 tFOTS 5.6190 tGradient 2.1200 tsec 8.1870
#FOTS# QuadFit found better minimum quadopt=(dt=580.608,rms=0.62801) vs oldopt=(dt=414.72,rms=0.628868)
#GCMRL#  223 dt 580.608000 rms  0.628  0.707% neg 0  invalid 762 tFOTS 5.9850 tGradient 2.1000 tsec 8.5140
#FOTS# QuadFit found better minimum quadopt=(dt=36.288,rms=0.626022) vs oldopt=(dt=25.92,rms=0.626405)
#GCMRL#  224 dt  36.288000 rms  0.626  0.317% neg 0  invalid 762 tFOTS 5.8750 tGradient 2.3560 tsec 8.6580
#FOTS# QuadFit found better minimum quadopt=(dt=248.832,rms=0.62458) vs oldopt=(dt=414.72,rms=0.624888)
#GCMRL#  225 dt 248.832000 rms  0.625  0.230% neg 0  invalid 762 tFOTS 5.9690 tGradient 2.1370 tsec 8.5390
#FOTS# QuadFit found better minimum quadopt=(dt=36.288,rms=0.623665) vs oldopt=(dt=25.92,rms=0.623808)
#GCMRL#  226 dt  36.288000 rms  0.624  0.146% neg 0  invalid 762 tFOTS 5.9660 tGradient 2.0330 tsec 8.4270
#FOTS# QuadFit found better minimum quadopt=(dt=145.152,rms=0.622999) vs oldopt=(dt=103.68,rms=0.623091)
#GCMRL#  227 dt 145.152000 rms  0.623  0.107% neg 0  invalid 762 tFOTS 5.9990 tGradient 2.0010 tsec 8.3960
#FOTS# QuadFit found better minimum quadopt=(dt=82.944,rms=0.622072) vs oldopt=(dt=103.68,rms=0.622119)
#GCMRL#  228 dt  82.944000 rms  0.622  0.149% neg 0  invalid 762 tFOTS 5.4740 tGradient 1.9060 tsec 7.8650
#FOTS# QuadFit found better minimum quadopt=(dt=36.288,rms=0.621741) vs oldopt=(dt=25.92,rms=0.621797)
#GCMRL#  229 dt  36.288000 rms  0.622  0.053% neg 0  invalid 762 tFOTS 6.4130 tGradient 3.1080 tsec 9.9330
#FOTS# QuadFit found better minimum quadopt=(dt=995.328,rms=0.618113) vs oldopt=(dt=1658.88,rms=0.618733)
#GCMRL#  230 dt 995.328000 rms  0.618  0.584% neg 0  invalid 762 tFOTS 5.7280 tGradient 2.2720 tsec 8.4380
#FOTS# QuadFit found better minimum quadopt=(dt=61.5385,rms=0.615596) vs oldopt=(dt=25.92,rms=0.616074)
#GCMRL#  231 dt  61.538462 rms  0.616  0.407% neg 0  invalid 762 tFOTS 6.2570 tGradient 1.9380 tsec 8.6410
#FOTS# QuadFit found better minimum quadopt=(dt=36.288,rms=0.615205) vs oldopt=(dt=25.92,rms=0.615251)
#GCMRL#  232 dt  36.288000 rms  0.615  0.064% neg 0  invalid 762 tFOTS 6.4220 tGradient 2.0880 tsec 8.9930
#GCMRL#  233 dt 414.720000 rms  0.614  0.135% neg 0  invalid 762 tFOTS 5.8630 tGradient 2.3800 tsec 8.6520
#FOTS# QuadFit found better minimum quadopt=(dt=36.288,rms=0.613461) vs oldopt=(dt=25.92,rms=0.61363)
#GCMRL#  234 dt  36.288000 rms  0.613  0.148% neg 0  invalid 762 tFOTS 5.7900 tGradient 1.9460 tsec 8.1540
#FOTS# QuadFit found better minimum quadopt=(dt=580.608,rms=0.611931) vs oldopt=(dt=414.72,rms=0.612013)
#GCMRL#  235 dt 580.608000 rms  0.612  0.249% neg 0  invalid 762 tFOTS 5.8170 tGradient 1.9420 tsec 8.1790
#FOTS# QuadFit found better minimum quadopt=(dt=36.288,rms=0.610909) vs oldopt=(dt=25.92,rms=0.611055)
#GCMRL#  236 dt  36.288000 rms  0.611  0.167% neg 0  invalid 762 tFOTS 6.0050 tGradient 2.1040 tsec 8.5430
#FOTS# QuadFit found better minimum quadopt=(dt=36.288,rms=0.610763) vs oldopt=(dt=25.92,rms=0.61079)
#GCMRL#  237 dt  36.288000 rms  0.611  0.000% neg 0  invalid 762 tFOTS 6.2420 tGradient 2.0080 tsec 8.7220
#GCMRL#  238 dt  36.288000 rms  0.611  0.016% neg 0  invalid 762 tFOTS 0.0000 tGradient 2.0510 tsec 2.4560
#GCMRL#  239 dt  36.288000 rms  0.610  0.031% neg 0  invalid 762 tFOTS 0.0000 tGradient 2.0200 tsec 2.3690
#GCMRL#  240 dt  36.288000 rms  0.610  0.048% neg 0  invalid 762 tFOTS 0.0000 tGradient 2.0230 tsec 2.3790
#GCMRL#  241 dt  36.288000 rms  0.610  0.067% neg 0  invalid 762 tFOTS 0.0000 tGradient 2.2260 tsec 2.6820
#GCMRL#  242 dt  36.288000 rms  0.609  0.083% neg 0  invalid 762 tFOTS 0.0000 tGradient 2.0810 tsec 2.5100
#GCMRL#  243 dt  36.288000 rms  0.609  0.097% neg 0  invalid 762 tFOTS 0.0000 tGradient 1.9550 tsec 2.3440
#GCMRL#  244 dt  36.288000 rms  0.608  0.103% neg 0  invalid 762 tFOTS 0.0000 tGradient 2.0700 tsec 2.4740
#GCMRL#  245 dt  36.288000 rms  0.607  0.108% neg 0  invalid 762 tFOTS 0.0000 tGradient 1.9870 tsec 2.3780
#GCMRL#  246 dt  36.288000 rms  0.607  0.116% neg 0  invalid 762 tFOTS 0.0000 tGradient 1.9410 tsec 2.3330
#GCMRL#  247 dt  36.288000 rms  0.606  0.116% neg 0  invalid 762 tFOTS 0.0000 tGradient 1.9060 tsec 2.2830
#GCMRL#  248 dt  36.288000 rms  0.605  0.116% neg 0  invalid 762 tFOTS 0.0000 tGradient 1.9580 tsec 2.3450
#GCMRL#  249 dt  36.288000 rms  0.605  0.115% neg 0  invalid 762 tFOTS 0.0000 tGradient 2.0660 tsec 2.4850
#GCMRL#  250 dt  36.288000 rms  0.604  0.114% neg 0  invalid 762 tFOTS 0.0000 tGradient 1.9690 tsec 2.3390
#GCMRL#  251 dt  36.288000 rms  0.603  0.115% neg 0  invalid 762 tFOTS 0.0000 tGradient 1.9550 tsec 2.3310
#GCMRL#  252 dt  36.288000 rms  0.603  0.116% neg 0  invalid 762 tFOTS 0.0000 tGradient 1.9580 tsec 2.3260
#GCMRL#  253 dt  36.288000 rms  0.602  0.113% neg 0  invalid 762 tFOTS 0.0000 tGradient 2.0230 tsec 2.3990
#GCMRL#  254 dt  36.288000 rms  0.601  0.111% neg 0  invalid 762 tFOTS 0.0000 tGradient 1.9530 tsec 2.3250
#GCMRL#  255 dt  36.288000 rms  0.601  0.106% neg 0  invalid 762 tFOTS 0.0000 tGradient 2.2410 tsec 2.5910
#GCMRL#  256 dt  36.288000 rms  0.600  0.102% neg 0  invalid 762 tFOTS 0.0000 tGradient 2.0420 tsec 2.3840
#GCMRL#  257 dt  36.288000 rms  0.599  0.096% neg 0  invalid 762 tFOTS 0.0000 tGradient 1.9310 tsec 2.2770
#GCMRL#  258 dt  36.288000 rms  0.599  0.008% neg 0  invalid 762 tFOTS 0.0000 tGradient 2.0010 tsec 2.5600
#GCMRL#  259 dt  36.288000 rms  0.599  0.019% neg 0  invalid 762 tFOTS 0.0000 tGradient 1.9880 tsec 2.3620
#GCMRL#  260 dt  36.288000 rms  0.599  0.025% neg 0  invalid 762 tFOTS 0.0000 tGradient 1.9770 tsec 2.3530
#GCMRL#  261 dt  36.288000 rms  0.599  0.031% neg 0  invalid 762 tFOTS 0.0000 tGradient 1.9640 tsec 2.3250
#GCMRL#  262 dt  36.288000 rms  0.599  0.036% neg 0  invalid 762 tFOTS 0.0000 tGradient 1.9280 tsec 2.2950
#GCMRL#  263 dt  36.288000 rms  0.598  0.042% neg 0  invalid 762 tFOTS 0.0000 tGradient 1.9530 tsec 2.3090
#GCMRL#  264 dt  36.288000 rms  0.598  0.044% neg 0  invalid 762 tFOTS 0.0000 tGradient 1.9300 tsec 2.3590
#GCMRL#  265 dt  36.288000 rms  0.598  0.051% neg 0  invalid 762 tFOTS 0.0000 tGradient 1.9580 tsec 2.3130
#GCMRL#  266 dt  36.288000 rms  0.597  0.053% neg 0  invalid 762 tFOTS 0.0000 tGradient 1.9720 tsec 2.3250
#GCMRL#  267 dt  36.288000 rms  0.597  0.053% neg 0  invalid 762 tFOTS 0.0000 tGradient 1.7870 tsec 2.1470
#GCMRL#  268 dt  36.288000 rms  0.597  0.058% neg 0  invalid 762 tFOTS 0.0000 tGradient 1.8770 tsec 2.2270
#GCMRL#  269 dt  36.288000 rms  0.596  0.060% neg 0  invalid 762 tFOTS 0.0000 tGradient 1.8250 tsec 2.1810
#GCMRL#  270 dt  36.288000 rms  0.596  0.062% neg 0  invalid 762 tFOTS 0.0000 tGradient 1.8580 tsec 2.2150
#GCMRL#  271 dt  36.288000 rms  0.596  0.062% neg 0  invalid 762 tFOTS 0.0000 tGradient 1.8430 tsec 2.1960
#GCMRL#  272 dt  36.288000 rms  0.595  0.061% neg 0  invalid 762 tFOTS 0.0000 tGradient 1.8670 tsec 2.2230
#GCMRL#  273 dt  36.288000 rms  0.595  0.061% neg 0  invalid 762 tFOTS 0.0000 tGradient 1.8180 tsec 2.1710
#GCMRL#  274 dt  36.288000 rms  0.595  0.058% neg 0  invalid 762 tFOTS 0.0000 tGradient 1.7820 tsec 2.1490
#GCMRL#  275 dt  36.288000 rms  0.595  0.009% neg 0  invalid 762 tFOTS 0.0000 tGradient 1.9200 tsec 2.5520
#GCMRL#  276 dt  36.288000 rms  0.595  0.012% neg 0  invalid 762 tFOTS 0.0000 tGradient 1.8720 tsec 2.2340
#GCMRL#  277 dt   9.072000 rms  0.595  0.001% neg 0  invalid 762 tFOTS 0.0000 tGradient 1.7630 tsec 2.8750
#FOTS# QuadFit found better minimum quadopt=(dt=7.776,rms=0.594505) vs oldopt=(dt=6.48,rms=0.594506)
#GCMRL#  278 dt   7.776000 rms  0.595  0.002% neg 0  invalid 762 tFOTS 4.7140 tGradient 1.7600 tsec 6.8860
#FOTS# QuadFit found better minimum quadopt=(dt=0.567,rms=0.594509) vs oldopt=(dt=0.405,rms=0.594509)

#GCAMreg# pass 0 level1 4 level2 1 tsec 336.258 sigma 0.5
l_jacobian=1.00 l_label=1.00 l_log_likelihood=0.20 l_smoothness=0.03 
tol=5.00e-02, dt=5.00e-02, exp_k=20.0, momentum=0.90, levels=6, niter=500, lbl_dist=10.00, avgs=64, sigma=0.5,type=2, relabel=0, neg=no

blurring input image with Gaussian with sigma=0.500...
GCAMRegisterLevel(): init RMS 0.595515
#GCMRL#  280 dt 103.680000 rms  0.593  0.362% neg 0  invalid 762 tFOTS 5.8220 tGradient 1.6680 tsec 7.9170
#GCMRL#  281 dt 103.680000 rms  0.592  0.162% neg 0  invalid 762 tFOTS 6.0420 tGradient 1.9930 tsec 8.4720
#FOTS# QuadFit found better minimum quadopt=(dt=36.288,rms=0.59217) vs oldopt=(dt=25.92,rms=0.592204)
#GCMRL#  282 dt  36.288000 rms  0.592  0.000% neg 0  invalid 762 tFOTS 6.3490 tGradient 1.9180 tsec 8.7010
#GCMRL#  283 dt  36.288000 rms  0.592  0.022% neg 0  invalid 762 tFOTS 0.0000 tGradient 1.8760 tsec 2.2330
#GCMRL#  284 dt  36.288000 rms  0.592  0.040% neg 0  invalid 762 tFOTS 0.0000 tGradient 1.8990 tsec 2.2600
#GCMRL#  285 dt  36.288000 rms  0.591  0.058% neg 0  invalid 762 tFOTS 0.0000 tGradient 1.8660 tsec 2.2180
#GCMRL#  286 dt  36.288000 rms  0.591  0.071% neg 0  invalid 762 tFOTS 0.0000 tGradient 1.9650 tsec 2.3190
#GCMRL#  287 dt  36.288000 rms  0.591  0.077% neg 0  invalid 762 tFOTS 0.0000 tGradient 1.8670 tsec 2.2240
#GCMRL#  288 dt  36.288000 rms  0.590  0.067% neg 0  invalid 762 tFOTS 0.0000 tGradient 1.8930 tsec 2.2500
#GCMRL#  289 dt  36.288000 rms  0.590  0.065% neg 0  invalid 762 tFOTS 0.0000 tGradient 1.8950 tsec 2.2480
#GCMRL#  290 dt  36.288000 rms  0.589  0.060% neg 0  invalid 762 tFOTS 0.0000 tGradient 1.9150 tsec 2.2660
#GCMRL#  291 dt  36.288000 rms  0.589  0.056% neg 0  invalid 762 tFOTS 0.0000 tGradient 1.8550 tsec 2.2050
#GCMRL#  292 dt  36.288000 rms  0.589  0.062% neg 0  invalid 762 tFOTS 0.0000 tGradient 1.7660 tsec 2.1150
#GCMRL#  293 dt  36.288000 rms  0.588  0.067% neg 0  invalid 762 tFOTS 0.0000 tGradient 1.8460 tsec 2.2010
#GCMRL#  294 dt  36.288000 rms  0.588  0.068% neg 0  invalid 762 tFOTS 0.0000 tGradient 1.8150 tsec 2.1680
#GCMRL#  295 dt  36.288000 rms  0.588  0.068% neg 0  invalid 762 tFOTS 0.0000 tGradient 1.7320 tsec 2.0850
#GCMRL#  296 dt  36.288000 rms  0.587  0.062% neg 0  invalid 762 tFOTS 0.0000 tGradient 1.8270 tsec 2.1770
#GCMRL#  297 dt  36.288000 rms  0.587  0.061% neg 0  invalid 762 tFOTS 0.0000 tGradient 1.8680 tsec 2.2280
#GCMRL#  298 dt  36.288000 rms  0.586  0.064% neg 0  invalid 762 tFOTS 0.0000 tGradient 1.7730 tsec 2.1290
#GCMRL#  299 dt  36.288000 rms  0.586  0.067% neg 0  invalid 762 tFOTS 0.0000 tGradient 1.8670 tsec 2.2250
#GCMRL#  300 dt  36.288000 rms  0.586  0.067% neg 0  invalid 762 tFOTS 0.0000 tGradient 1.9180 tsec 2.2720
#GCMRL#  301 dt  36.288000 rms  0.585  0.063% neg 0  invalid 762 tFOTS 0.0000 tGradient 1.7930 tsec 2.1480
#GCMRL#  302 dt  36.288000 rms  0.585  0.060% neg 0  invalid 762 tFOTS 0.0000 tGradient 2.0770 tsec 2.4240
#GCMRL#  303 dt  36.288000 rms  0.585  0.054% neg 0  invalid 762 tFOTS 0.0000 tGradient 1.8490 tsec 2.1910
#GCMRL#  304 dt  36.288000 rms  0.584  0.057% neg 0  invalid 762 tFOTS 0.0000 tGradient 1.9340 tsec 2.2700
#GCMRL#  305 dt  36.288000 rms  0.584  0.052% neg 0  invalid 762 tFOTS 0.0000 tGradient 1.9350 tsec 2.2790
#GCMRL#  306 dt  36.288000 rms  0.584  0.055% neg 0  invalid 762 tFOTS 0.0000 tGradient 1.8980 tsec 2.2450
#GCMRL#  307 dt  36.288000 rms  0.583  0.054% neg 0  invalid 762 tFOTS 0.0000 tGradient 1.8250 tsec 2.1860
#GCMRL#  308 dt  36.288000 rms  0.583  0.052% neg 0  invalid 762 tFOTS 0.0000 tGradient 1.8300 tsec 2.1990
#GCMRL#  309 dt  36.288000 rms  0.583  0.049% neg 0  invalid 762 tFOTS 0.0000 tGradient 1.8200 tsec 2.1580
#GCMRL#  310 dt  36.288000 rms  0.582  0.052% neg 0  invalid 762 tFOTS 0.0000 tGradient 1.8680 tsec 2.2560
#GCMRL#  311 dt  36.288000 rms  0.582  0.047% neg 0  invalid 762 tFOTS 0.0000 tGradient 1.8660 tsec 2.2490
#GCMRL#  312 dt  36.288000 rms  0.582  0.049% neg 0  invalid 762 tFOTS 0.0000 tGradient 1.9040 tsec 2.2940
#GCMRL#  313 dt  36.288000 rms  0.582  0.047% neg 0  invalid 762 tFOTS 0.0000 tGradient 1.8390 tsec 2.2170
#GCMRL#  314 dt  36.288000 rms  0.581  0.045% neg 0  invalid 762 tFOTS 0.0000 tGradient 1.8700 tsec 2.2570
#GCMRL#  315 dt  36.288000 rms  0.581  0.043% neg 0  invalid 762 tFOTS 0.0000 tGradient 1.9760 tsec 2.3650
#GCMRL#  316 dt  36.288000 rms  0.581  0.039% neg 0  invalid 762 tFOTS 0.0000 tGradient 1.9020 tsec 2.2880
#GCMRL#  317 dt  36.288000 rms  0.581  0.037% neg 0  invalid 762 tFOTS 0.0000 tGradient 1.9250 tsec 2.3130
#GCMRL#  318 dt  36.288000 rms  0.580  0.036% neg 0  invalid 762 tFOTS 0.0000 tGradient 2.0170 tsec 2.4260
#GCMRL#  319 dt  36.288000 rms  0.580  0.037% neg 0  invalid 762 tFOTS 0.0000 tGradient 1.9520 tsec 2.3660
#GCMRL#  320 dt  36.288000 rms  0.580  0.039% neg 0  invalid 762 tFOTS 0.0000 tGradient 1.9350 tsec 2.3460
#GCMRL#  321 dt  36.288000 rms  0.580  0.035% neg 0  invalid 762 tFOTS 0.0000 tGradient 1.8860 tsec 2.3020
#GCMRL#  322 dt  36.288000 rms  0.580  0.035% neg 0  invalid 762 tFOTS 0.0000 tGradient 1.8860 tsec 2.3060
#GCMRL#  323 dt  36.288000 rms  0.579  0.036% neg 0  invalid 762 tFOTS 0.0000 tGradient 1.8530 tsec 2.2180
#GCMRL#  324 dt  36.288000 rms  0.579  0.035% neg 0  invalid 762 tFOTS 0.0000 tGradient 1.8680 tsec 2.2540
#GCMRL#  325 dt  36.288000 rms  0.579  0.032% neg 0  invalid 762 tFOTS 0.0000 tGradient 1.8100 tsec 2.1860
#GCMRL#  326 dt  36.288000 rms  0.579  0.031% neg 0  invalid 762 tFOTS 0.0000 tGradient 1.9460 tsec 2.3210
#GCMRL#  327 dt  36.288000 rms  0.579  0.032% neg 0  invalid 762 tFOTS 0.0000 tGradient 1.8850 tsec 2.2680
#GCMRL#  328 dt  36.288000 rms  0.578  0.033% neg 0  invalid 762 tFOTS 0.0000 tGradient 1.9090 tsec 2.2860
#GCMRL#  329 dt  36.288000 rms  0.578  0.032% neg 0  invalid 762 tFOTS 0.0000 tGradient 1.8980 tsec 2.2300
#GCMRL#  330 dt  36.288000 rms  0.578  0.033% neg 0  invalid 762 tFOTS 0.0000 tGradient 1.8500 tsec 2.2290
#GCMRL#  331 dt  36.288000 rms  0.578  0.032% neg 0  invalid 762 tFOTS 0.0000 tGradient 1.8440 tsec 2.2240
#GCMRL#  332 dt  36.288000 rms  0.578  0.029% neg 0  invalid 762 tFOTS 0.0000 tGradient 1.8170 tsec 2.1870
#GCMRL#  333 dt  36.288000 rms  0.578  0.031% neg 0  invalid 762 tFOTS 0.0000 tGradient 1.8390 tsec 2.1910
#GCMRL#  334 dt  36.288000 rms  0.577  0.029% neg 0  invalid 762 tFOTS 0.0000 tGradient 1.8230 tsec 2.1770
#GCMRL#  335 dt  36.288000 rms  0.577  0.027% neg 0  invalid 762 tFOTS 0.0000 tGradient 1.7690 tsec 2.1180
#GCMRL#  336 dt  36.288000 rms  0.577  0.027% neg 0  invalid 762 tFOTS 0.0000 tGradient 1.7950 tsec 2.1640
#GCMRL#  337 dt  36.288000 rms  0.577  0.027% neg 0  invalid 762 tFOTS 0.0000 tGradient 1.8700 tsec 2.2400
#GCMRL#  338 dt  36.288000 rms  0.577  0.025% neg 0  invalid 762 tFOTS 0.0000 tGradient 1.8560 tsec 2.2320
#GCMRL#  339 dt  36.288000 rms  0.577  0.026% neg 0  invalid 762 tFOTS 0.0000 tGradient 1.8160 tsec 2.1940
#GCMRL#  340 dt  36.288000 rms  0.577  0.023% neg 0  invalid 762 tFOTS 0.0000 tGradient 1.9530 tsec 2.3540
#GCMRL#  341 dt  36.288000 rms  0.576  0.025% neg 0  invalid 762 tFOTS 0.0000 tGradient 1.9230 tsec 2.3070
#GCMRL#  342 dt  36.288000 rms  0.576  0.023% neg 0  invalid 762 tFOTS 0.0000 tGradient 1.8970 tsec 2.2960
#FOTS# QuadFit found better minimum quadopt=(dt=580.608,rms=0.576094) vs oldopt=(dt=414.72,rms=0.576115)
#GCMRL#  343 dt 580.608000 rms  0.576  0.000% neg 0  invalid 762 tFOTS 6.3580 tGradient 1.8310 tsec 8.6410
setting smoothness cost coefficient to 0.118

#GCAMreg# pass 0 level1 3 level2 0 tsec 0 sigma 2
l_jacobian=1.00 l_label=1.00 l_log_likelihood=0.20 l_smoothness=0.12 
tol=5.00e-02, dt=5.00e-02, exp_k=20.0, momentum=0.90, levels=6, niter=500, lbl_dist=10.00, avgs=16, sigma=2.0,type=2, relabel=0, neg=no

blurring input image with Gaussian with sigma=2.000...
GCAMRegisterLevel(): init RMS 0.589894
#GCMRL#  345 dt  32.000000 rms  0.587  0.529% neg 0  invalid 762 tFOTS 5.5360 tGradient 1.6860 tsec 7.6520
#FOTS# QuadFit found better minimum quadopt=(dt=44.8,rms=0.583589) vs oldopt=(dt=32,rms=0.584255)
#GCMRL#  346 dt  44.800000 rms  0.584  0.543% neg 0  invalid 762 tFOTS 5.5320 tGradient 1.6460 tsec 7.6060
#FOTS# QuadFit found better minimum quadopt=(dt=70.2609,rms=0.580645) vs oldopt=(dt=32,rms=0.581427)
#GCMRL#  347 dt  70.260870 rms  0.581  0.504% neg 0  invalid 762 tFOTS 5.6100 tGradient 1.6310 tsec 7.6570
#FOTS# QuadFit found better minimum quadopt=(dt=38.4,rms=0.577481) vs oldopt=(dt=32,rms=0.577517)
#GCMRL#  348 dt  38.400000 rms  0.577  0.545% neg 0  invalid 762 tFOTS 5.5570 tGradient 2.1160 tsec 8.0910
#GCMRL#  349 dt  32.000000 rms  0.575  0.359% neg 0  invalid 762 tFOTS 5.6180 tGradient 1.8200 tsec 7.8620
#FOTS# QuadFit found better minimum quadopt=(dt=38.4,rms=0.573602) vs oldopt=(dt=32,rms=0.573635)
#GCMRL#  350 dt  38.400000 rms  0.574  0.314% neg 0  invalid 762 tFOTS 5.5090 tGradient 1.8250 tsec 7.7560
#FOTS# QuadFit found better minimum quadopt=(dt=0.7,rms=0.573519) vs oldopt=(dt=0.5,rms=0.573539)
#GCMRL#  351 dt   0.700000 rms  0.574  0.000% neg 0  invalid 762 tFOTS 4.4770 tGradient 1.7950 tsec 6.7550
#GCMRL#  352 dt   0.700000 rms  0.573  0.010% neg 0  invalid 762 tFOTS 0.0000 tGradient 1.6970 tsec 2.0600
#GCMRL#  353 dt   0.087500 rms  0.573  0.001% neg 0  invalid 762 tFOTS 0.0000 tGradient 1.7940 tsec 3.3210
#GCMRL#  354 dt   0.000684 rms  0.573  0.000% neg 0  invalid 762 tFOTS 0.0000 tGradient 1.9300 tsec 4.6320

#GCAMreg# pass 0 level1 3 level2 1 tsec 76.769 sigma 0.5
l_jacobian=1.00 l_label=1.00 l_log_likelihood=0.20 l_smoothness=0.12 
tol=5.00e-02, dt=5.00e-02, exp_k=20.0, momentum=0.90, levels=6, niter=500, lbl_dist=10.00, avgs=16, sigma=0.5,type=2, relabel=0, neg=no

blurring input image with Gaussian with sigma=0.500...
GCAMRegisterLevel(): init RMS 0.57466
#FOTS# QuadFit found better minimum quadopt=(dt=44.8,rms=0.569832) vs oldopt=(dt=32,rms=0.570025)
#GCMRL#  356 dt  44.800000 rms  0.570  0.840% neg 0  invalid 762 tFOTS 5.3800 tGradient 1.7380 tsec 7.5420
#FOTS# QuadFit found better minimum quadopt=(dt=37.287,rms=0.567578) vs oldopt=(dt=32,rms=0.567581)
#GCMRL#  357 dt  37.286957 rms  0.568  0.395% neg 0  invalid 762 tFOTS 5.3170 tGradient 1.7550 tsec 7.4820
#FOTS# QuadFit found better minimum quadopt=(dt=37.6264,rms=0.565753) vs oldopt=(dt=32,rms=0.565756)
#GCMRL#  358 dt  37.626374 rms  0.566  0.322% neg 0  invalid 762 tFOTS 5.1740 tGradient 1.6900 tsec 7.2700
#FOTS# QuadFit found better minimum quadopt=(dt=25.6,rms=0.564584) vs oldopt=(dt=32,rms=0.564626)
#GCMRL#  359 dt  25.600000 rms  0.565  0.207% neg 0  invalid 762 tFOTS 5.2220 tGradient 1.7250 tsec 7.3630
#FOTS# QuadFit found better minimum quadopt=(dt=44.8,rms=0.56292) vs oldopt=(dt=32,rms=0.563207)
#GCMRL#  360 dt  44.800000 rms  0.563  0.295% neg 0  invalid 762 tFOTS 5.9290 tGradient 1.8370 tsec 8.1650
#FOTS# QuadFit found better minimum quadopt=(dt=25.6,rms=0.5622) vs oldopt=(dt=32,rms=0.562257)
#GCMRL#  361 dt  25.600000 rms  0.562  0.128% neg 0  invalid 762 tFOTS 5.2230 tGradient 1.7070 tsec 7.3220
#FOTS# QuadFit found better minimum quadopt=(dt=44.8,rms=0.560838) vs oldopt=(dt=32,rms=0.561014)
#GCMRL#  362 dt  44.800000 rms  0.561  0.242% neg 0  invalid 762 tFOTS 5.7240 tGradient 1.6520 tsec 7.7900
#FOTS# QuadFit found better minimum quadopt=(dt=11.2,rms=0.560366) vs oldopt=(dt=8,rms=0.560456)
#GCMRL#  363 dt  11.200000 rms  0.560  0.084% neg 0  invalid 762 tFOTS 5.3660 tGradient 1.6940 tsec 7.4490
#FOTS# QuadFit found better minimum quadopt=(dt=102.4,rms=0.559164) vs oldopt=(dt=128,rms=0.559288)
#GCMRL#  364 dt 102.400000 rms  0.559  0.214% neg 0  invalid 762 tFOTS 5.5980 tGradient 1.6590 tsec 7.6590
#FOTS# QuadFit found better minimum quadopt=(dt=22.8134,rms=0.557366) vs oldopt=(dt=32,rms=0.55772)
#GCMRL#  365 dt  22.813397 rms  0.557  0.322% neg 0  invalid 762 tFOTS 5.1750 tGradient 1.7020 tsec 7.2860
#FOTS# QuadFit found better minimum quadopt=(dt=19.2,rms=0.556909) vs oldopt=(dt=32,rms=0.556967)
#GCMRL#  366 dt  19.200000 rms  0.557  0.082% neg 0  invalid 762 tFOTS 5.4630 tGradient 1.6730 tsec 7.5510
#FOTS# QuadFit found better minimum quadopt=(dt=102.4,rms=0.555734) vs oldopt=(dt=128,rms=0.555805)
#GCMRL#  367 dt 102.400000 rms  0.556  0.211% neg 0  invalid 762 tFOTS 5.2310 tGradient 1.7660 tsec 7.4060
#FOTS# QuadFit found better minimum quadopt=(dt=11.2,rms=0.554927) vs oldopt=(dt=8,rms=0.555095)
#GCMRL#  368 dt  11.200000 rms  0.555  0.145% neg 0  invalid 762 tFOTS 5.6670 tGradient 1.7290 tsec 7.7880
#FOTS# QuadFit found better minimum quadopt=(dt=25.6,rms=0.554437) vs oldopt=(dt=32,rms=0.554496)
#GCMRL#  369 dt  25.600000 rms  0.554  0.088% neg 0  invalid 762 tFOTS 5.3440 tGradient 1.7160 tsec 7.4410
#FOTS# QuadFit found better minimum quadopt=(dt=44.8,rms=0.553718) vs oldopt=(dt=32,rms=0.553753)
#GCMRL#  370 dt  44.800000 rms  0.554  0.130% neg 0  invalid 762 tFOTS 5.1620 tGradient 1.6540 tsec 7.2360
#FOTS# QuadFit found better minimum quadopt=(dt=11.2,rms=0.553363) vs oldopt=(dt=8,rms=0.553431)
#GCMRL#  371 dt  11.200000 rms  0.553  0.064% neg 0  invalid 762 tFOTS 5.6360 tGradient 1.7160 tsec 7.7360
#FOTS# QuadFit found better minimum quadopt=(dt=44.8,rms=0.552951) vs oldopt=(dt=32,rms=0.552973)
#GCMRL#  372 dt  44.800000 rms  0.553  0.074% neg 0  invalid 762 tFOTS 5.2310 tGradient 1.6450 tsec 7.2850
#FOTS# QuadFit found better minimum quadopt=(dt=25.6,rms=0.552386) vs oldopt=(dt=32,rms=0.552408)
#GCMRL#  373 dt  25.600000 rms  0.552  0.102% neg 0  invalid 762 tFOTS 5.3230 tGradient 1.6660 tsec 7.3870
#FOTS# QuadFit found better minimum quadopt=(dt=25.6,rms=0.552082) vs oldopt=(dt=32,rms=0.552131)
#GCMRL#  374 dt  25.600000 rms  0.552  0.055% neg 0  invalid 762 tFOTS 5.3820 tGradient 1.6380 tsec 7.4050
#GCMRL#  375 dt  32.000000 rms  0.552  0.084% neg 0  invalid 762 tFOTS 4.9830 tGradient 1.6620 tsec 7.0490
#FOTS# QuadFit found better minimum quadopt=(dt=11.2,rms=0.551373) vs oldopt=(dt=8,rms=0.551422)
#GCMRL#  376 dt  11.200000 rms  0.551  0.000% neg 0  invalid 762 tFOTS 5.3100 tGradient 1.6260 tsec 7.3660
#GCMRL#  377 dt  11.200000 rms  0.551  0.034% neg 0  invalid 762 tFOTS 0.0000 tGradient 1.6770 tsec 2.0280
#GCMRL#  378 dt  11.200000 rms  0.551  0.049% neg 0  invalid 762 tFOTS 0.0000 tGradient 1.6490 tsec 1.9890
#GCMRL#  379 dt  11.200000 rms  0.551  0.071% neg 0  invalid 762 tFOTS 0.0000 tGradient 1.6280 tsec 1.9680
#GCMRL#  380 dt  11.200000 rms  0.550  0.091% neg 0  invalid 762 tFOTS 0.0000 tGradient 1.6960 tsec 2.0440
#GCMRL#  381 dt  11.200000 rms  0.549  0.106% neg 0  invalid 762 tFOTS 0.0000 tGradient 1.6390 tsec 1.9800
#GCMRL#  382 dt  11.200000 rms  0.549  0.122% neg 0  invalid 762 tFOTS 0.0000 tGradient 1.6280 tsec 1.9800
#GCMRL#  383 dt  11.200000 rms  0.548  0.124% neg 0  invalid 762 tFOTS 0.0000 tGradient 1.6390 tsec 1.9900
#GCMRL#  384 dt  11.200000 rms  0.547  0.133% neg 0  invalid 762 tFOTS 0.0000 tGradient 1.6220 tsec 1.9590
#GCMRL#  385 dt  11.200000 rms  0.547  0.139% neg 0  invalid 762 tFOTS 0.0000 tGradient 1.6400 tsec 1.9780
#GCMRL#  386 dt  11.200000 rms  0.546  0.019% neg 0  invalid 762 tFOTS 0.0000 tGradient 1.6220 tsec 2.1610
#GCMRL#  387 dt  11.200000 rms  0.546  0.038% neg 0  invalid 762 tFOTS 0.0000 tGradient 1.6640 tsec 2.0090
#GCMRL#  388 dt  11.200000 rms  0.546  0.049% neg 0  invalid 762 tFOTS 0.0000 tGradient 1.6300 tsec 1.9790
#GCMRL#  389 dt  11.200000 rms  0.546  0.055% neg 0  invalid 762 tFOTS 0.0000 tGradient 1.6580 tsec 2.0230
#GCMRL#  390 dt  11.200000 rms  0.545  0.070% neg 0  invalid 762 tFOTS 0.0000 tGradient 1.5970 tsec 1.9520
#GCMRL#  391 dt  11.200000 rms  0.545  0.080% neg 0  invalid 762 tFOTS 0.0000 tGradient 1.6290 tsec 1.9750
#GCMRL#  392 dt  11.200000 rms  0.544  0.086% neg 0  invalid 762 tFOTS 0.0000 tGradient 1.6060 tsec 1.9570
#GCMRL#  393 dt  11.200000 rms  0.544  0.091% neg 0  invalid 762 tFOTS 0.0000 tGradient 1.6250 tsec 1.9820
#GCMRL#  394 dt  11.200000 rms  0.543  0.101% neg 0  invalid 762 tFOTS 0.0000 tGradient 1.6530 tsec 1.9980
#GCMRL#  395 dt  11.200000 rms  0.543  0.098% neg 0  invalid 762 tFOTS 0.0000 tGradient 1.6320 tsec 1.9990
#GCMRL#  396 dt  11.200000 rms  0.542  0.102% neg 0  invalid 762 tFOTS 0.0000 tGradient 1.6350 tsec 2.0010
#GCMRL#  397 dt  11.200000 rms  0.542  0.104% neg 0  invalid 762 tFOTS 0.0000 tGradient 1.5580 tsec 1.9000
#GCMRL#  398 dt  11.200000 rms  0.541  0.100% neg 0  invalid 762 tFOTS 0.0000 tGradient 1.6110 tsec 1.9590
#GCMRL#  399 dt  11.200000 rms  0.541  0.104% neg 0  invalid 762 tFOTS 0.0000 tGradient 1.5790 tsec 1.9250
#GCMRL#  400 dt  11.200000 rms  0.540  0.092% neg 0  invalid 762 tFOTS 0.0000 tGradient 1.6250 tsec 1.9910
#GCMRL#  401 dt  11.200000 rms  0.540  0.092% neg 0  invalid 762 tFOTS 0.0000 tGradient 1.6210 tsec 1.9690
#GCMRL#  402 dt  11.200000 rms  0.539  0.090% neg 0  invalid 762 tFOTS 0.0000 tGradient 1.6460 tsec 1.9850
#GCMRL#  403 dt  11.200000 rms  0.539  0.087% neg 0  invalid 762 tFOTS 0.0000 tGradient 1.5750 tsec 1.9290
#GCMRL#  404 dt  11.200000 rms  0.538  0.086% neg 0  invalid 762 tFOTS 0.0000 tGradient 1.6490 tsec 2.0100
#GCMRL#  405 dt  11.200000 rms  0.538  0.081% neg 0  invalid 762 tFOTS 0.0000 tGradient 1.6160 tsec 1.9680
#GCMRL#  406 dt  11.200000 rms  0.537  0.082% neg 0  invalid 762 tFOTS 0.0000 tGradient 1.5930 tsec 1.9370
#GCMRL#  407 dt  11.200000 rms  0.537  0.075% neg 0  invalid 762 tFOTS 0.0000 tGradient 1.5860 tsec 1.9330
#GCMRL#  408 dt  11.200000 rms  0.537  0.072% neg 0  invalid 762 tFOTS 0.0000 tGradient 1.6510 tsec 2.0130
#GCMRL#  409 dt  11.200000 rms  0.536  0.068% neg 0  invalid 762 tFOTS 0.0000 tGradient 1.6310 tsec 1.9890
#GCMRL#  410 dt  11.200000 rms  0.536  0.066% neg 0  invalid 762 tFOTS 0.0000 tGradient 1.5520 tsec 1.9240
#GCMRL#  411 dt  11.200000 rms  0.535  0.066% neg 0  invalid 762 tFOTS 0.0000 tGradient 1.6880 tsec 2.0950
#GCMRL#  412 dt  11.200000 rms  0.535  0.062% neg 0  invalid 762 tFOTS 0.0000 tGradient 1.6510 tsec 2.0460
#GCMRL#  413 dt  11.200000 rms  0.535  0.058% neg 0  invalid 762 tFOTS 0.0000 tGradient 1.5870 tsec 1.9710
#GCMRL#  414 dt  11.200000 rms  0.535  0.060% neg 0  invalid 762 tFOTS 0.0000 tGradient 1.5950 tsec 1.9860
#GCMRL#  415 dt  11.200000 rms  0.534  0.053% neg 0  invalid 762 tFOTS 0.0000 tGradient 1.6180 tsec 2.0200
#GCMRL#  416 dt  11.200000 rms  0.534  0.051% neg 0  invalid 762 tFOTS 0.0000 tGradient 1.5950 tsec 1.9840
#GCMRL#  417 dt  11.200000 rms  0.534  0.050% neg 0  invalid 762 tFOTS 0.0000 tGradient 1.6400 tsec 2.0180
#GCMRL#  418 dt  11.200000 rms  0.534  0.003% neg 0  invalid 762 tFOTS 0.0000 tGradient 1.5810 tsec 2.1660
#GCMRL#  419 dt  11.200000 rms  0.534  0.009% neg 0  invalid 762 tFOTS 0.0000 tGradient 1.5990 tsec 1.9860
#GCMRL#  420 dt  11.200000 rms  0.534  0.001% neg 0  invalid 762 tFOTS 0.0000 tGradient 1.5830 tsec 2.1990
#FOTS# QuadFit found better minimum quadopt=(dt=11.2,rms=0.533625) vs oldopt=(dt=8,rms=0.533631)
#GCMRL#  421 dt  11.200000 rms  0.534  0.004% neg 0  invalid 762 tFOTS 5.1170 tGradient 1.6100 tsec 7.1330
#FOTS# QuadFit found better minimum quadopt=(dt=9.6,rms=0.533606) vs oldopt=(dt=8,rms=0.533607)
#GCMRL#  422 dt   9.600000 rms  0.534  0.004% neg 0  invalid 762 tFOTS 5.1680 tGradient 1.5840 tsec 7.1730
#FOTS# QuadFit found better minimum quadopt=(dt=0.7,rms=0.533615) vs oldopt=(dt=0.5,rms=0.533616)
setting smoothness cost coefficient to 0.400

#GCAMreg# pass 0 level1 2 level2 0 tsec 0 sigma 2
l_jacobian=1.00 l_label=1.00 l_log_likelihood=0.20 l_smoothness=0.40 
tol=5.00e-02, dt=5.00e-02, exp_k=20.0, momentum=0.90, levels=6, niter=500, lbl_dist=10.00, avgs=4, sigma=2.0,type=2, relabel=0, neg=no

blurring input image with Gaussian with sigma=2.000...
GCAMRegisterLevel(): init RMS 0.56318
#GCMRL#  424 dt   0.000000 rms  0.562  0.159% neg 0  invalid 762 tFOTS 5.4430 tGradient 1.5520 tsec 7.3960
#GCMRL#  425 dt   0.150000 rms  0.562  0.000% neg 0  invalid 762 tFOTS 5.4970 tGradient 1.4860 tsec 7.6860

#GCAMreg# pass 0 level1 2 level2 1 tsec 25.736 sigma 0.5
l_jacobian=1.00 l_label=1.00 l_log_likelihood=0.20 l_smoothness=0.40 
tol=5.00e-02, dt=5.00e-02, exp_k=20.0, momentum=0.90, levels=6, niter=500, lbl_dist=10.00, avgs=4, sigma=0.5,type=2, relabel=0, neg=no

blurring input image with Gaussian with sigma=0.500...
GCAMRegisterLevel(): init RMS 0.56318
#GCMRL#  427 dt   0.000000 rms  0.562  0.159% neg 0  invalid 762 tFOTS 5.5340 tGradient 1.5710 tsec 7.4950
#GCMRL#  428 dt   0.150000 rms  0.562  0.000% neg 0  invalid 762 tFOTS 5.3250 tGradient 1.5830 tsec 7.6060
setting smoothness cost coefficient to 1.000

#GCAMreg# pass 0 level1 1 level2 0 tsec 0 sigma 2
l_jacobian=1.00 l_label=1.00 l_log_likelihood=0.20 l_smoothness=1.00 
tol=5.00e-02, dt=5.00e-02, exp_k=20.0, momentum=0.90, levels=6, niter=500, lbl_dist=10.00, avgs=1, sigma=2.0,type=2, relabel=0, neg=no

blurring input image with Gaussian with sigma=2.000...
GCAMRegisterLevel(): init RMS 0.619623
#FOTS# QuadFit found better minimum quadopt=(dt=1.536,rms=0.614118) vs oldopt=(dt=1.28,rms=0.614295)
#GCMRL#  430 dt   1.536000 rms  0.614  0.888% neg 0  invalid 762 tFOTS 5.2800 tGradient 1.3920 tsec 7.0670
#FOTS# QuadFit found better minimum quadopt=(dt=0.384,rms=0.61395) vs oldopt=(dt=0.32,rms=0.613957)
#GCMRL#  431 dt   0.384000 rms  0.614  0.000% neg 0  invalid 762 tFOTS 5.3410 tGradient 1.4160 tsec 7.2960

#GCAMreg# pass 0 level1 1 level2 1 tsec 24.968 sigma 0.5
l_jacobian=1.00 l_label=1.00 l_log_likelihood=0.20 l_smoothness=1.00 
tol=5.00e-02, dt=5.00e-02, exp_k=20.0, momentum=0.90, levels=6, niter=500, lbl_dist=10.00, avgs=1, sigma=0.5,type=2, relabel=0, neg=no

blurring input image with Gaussian with sigma=0.500...
GCAMRegisterLevel(): init RMS 0.614805
#FOTS# QuadFit found better minimum quadopt=(dt=1.024,rms=0.613215) vs oldopt=(dt=1.28,rms=0.613293)
#GCMRL#  433 dt   1.024000 rms  0.613  0.259% neg 0  invalid 762 tFOTS 4.7200 tGradient 1.3350 tsec 6.3840
#FOTS# QuadFit found better minimum quadopt=(dt=0.112,rms=0.613197) vs oldopt=(dt=0.08,rms=0.6132)
#GCMRL#  434 dt   0.112000 rms  0.613  0.000% neg 0  invalid 762 tFOTS 3.7630 tGradient 1.2370 tsec 5.3380
#GCMRL#  435 dt   0.112000 rms  0.613  0.001% neg 0  invalid 762 tFOTS 0.0000 tGradient 1.2530 tsec 1.5330
resetting metric properties...
setting smoothness cost coefficient to 2.000

#GCAMreg# pass 0 level1 0 level2 0 tsec 0 sigma 2
l_jacobian=1.00 l_label=1.00 l_log_likelihood=0.20 l_smoothness=2.00 
tol=5.00e-02, dt=5.00e-02, exp_k=20.0, momentum=0.90, levels=6, niter=500, lbl_dist=10.00, avgs=0, sigma=2.0,type=2, relabel=0, neg=no

blurring input image with Gaussian with sigma=2.000...
GCAMRegisterLevel(): init RMS 0.549851
#FOTS# QuadFit found better minimum quadopt=(dt=0.448,rms=0.534973) vs oldopt=(dt=0.32,rms=0.538795)
#GCMRL#  437 dt   0.448000 rms  0.535  2.706% neg 0  invalid 762 tFOTS 3.5730 tGradient 0.7620 tsec 4.6560
#FOTS# QuadFit found better minimum quadopt=(dt=0.448,rms=0.530865) vs oldopt=(dt=0.32,rms=0.532022)
#GCMRL#  438 dt   0.448000 rms  0.531  0.768% neg 0  invalid 762 tFOTS 3.5740 tGradient 0.6840 tsec 4.5750
#FOTS# QuadFit found better minimum quadopt=(dt=0.448,rms=0.528527) vs oldopt=(dt=0.32,rms=0.529201)
#GCMRL#  439 dt   0.448000 rms  0.529  0.440% neg 0  invalid 762 tFOTS 3.5180 tGradient 0.7030 tsec 4.5320
#FOTS# QuadFit found better minimum quadopt=(dt=0.448,rms=0.527063) vs oldopt=(dt=0.32,rms=0.527469)
#GCMRL#  440 dt   0.448000 rms  0.527  0.277% neg 0  invalid 762 tFOTS 3.5610 tGradient 0.6860 tsec 4.5680
#FOTS# QuadFit found better minimum quadopt=(dt=0.448,rms=0.525987) vs oldopt=(dt=0.32,rms=0.526291)
#GCMRL#  441 dt   0.448000 rms  0.526  0.204% neg 0  invalid 762 tFOTS 3.5040 tGradient 0.6610 tsec 4.4980
#FOTS# QuadFit found better minimum quadopt=(dt=0.464286,rms=0.52515) vs oldopt=(dt=0.32,rms=0.525397)
#GCMRL#  442 dt   0.464286 rms  0.525  0.159% neg 0  invalid 762 tFOTS 3.6890 tGradient 0.7300 tsec 4.7820
#FOTS# QuadFit found better minimum quadopt=(dt=0.448,rms=0.5245) vs oldopt=(dt=0.32,rms=0.524684)
#GCMRL#  443 dt   0.448000 rms  0.525  0.124% neg 0  invalid 762 tFOTS 3.8380 tGradient 0.6880 tsec 4.8610
#FOTS# QuadFit found better minimum quadopt=(dt=0.448,rms=0.524011) vs oldopt=(dt=0.32,rms=0.524145)
#GCMRL#  444 dt   0.448000 rms  0.524  0.093% neg 0  invalid 762 tFOTS 3.6960 tGradient 0.7080 tsec 4.7550
#FOTS# QuadFit found better minimum quadopt=(dt=0.448,rms=0.523547) vs oldopt=(dt=0.32,rms=0.523669)
#GCMRL#  445 dt   0.448000 rms  0.524  0.089% neg 0  invalid 762 tFOTS 3.7230 tGradient 0.7080 tsec 4.7710
#FOTS# QuadFit found better minimum quadopt=(dt=0.448,rms=0.523214) vs oldopt=(dt=0.32,rms=0.523301)
#GCMRL#  446 dt   0.448000 rms  0.523  0.064% neg 0  invalid 762 tFOTS 3.8010 tGradient 0.6700 tsec 4.7970
#FOTS# QuadFit found better minimum quadopt=(dt=0.448,rms=0.522884) vs oldopt=(dt=0.32,rms=0.522969)
#GCMRL#  447 dt   0.448000 rms  0.523  0.063% neg 0  invalid 762 tFOTS 3.7190 tGradient 0.6800 tsec 4.7320
#FOTS# QuadFit found better minimum quadopt=(dt=0.448,rms=0.522645) vs oldopt=(dt=0.32,rms=0.522704)
#GCMRL#  448 dt   0.448000 rms  0.523  0.000% neg 0  invalid 762 tFOTS 3.7370 tGradient 0.6710 tsec 4.7680
#GCMRL#  449 dt   0.448000 rms  0.522  0.048% neg 0  invalid 762 tFOTS 0.0000 tGradient 0.7760 tsec 1.1300
#GCMRL#  450 dt   0.448000 rms  0.522  0.078% neg 0  invalid 762 tFOTS 0.0000 tGradient 0.7420 tsec 1.0780
#GCMRL#  451 dt   0.448000 rms  0.522  0.029% neg 0  invalid 762 tFOTS 0.0000 tGradient 0.8150 tsec 1.3540
#GCMRL#  452 dt   0.448000 rms  0.522  0.055% neg 0  invalid 762 tFOTS 0.0000 tGradient 0.7190 tsec 1.0590
#GCMRL#  453 dt   0.448000 rms  0.521  0.025% neg 0  invalid 762 tFOTS 0.0000 tGradient 0.7250 tsec 1.2300
#GCMRL#  454 dt   0.448000 rms  0.521  0.036% neg 0  invalid 762 tFOTS 0.0000 tGradient 0.7240 tsec 1.0480
#GCMRL#  455 dt   0.448000 rms  0.521  0.015% neg 0  invalid 762 tFOTS 0.0000 tGradient 0.7200 tsec 1.2310
#GCMRL#  456 dt   0.448000 rms  0.521  0.027% neg 0  invalid 762 tFOTS 0.0000 tGradient 0.7340 tsec 1.0460
#GCMRL#  457 dt   0.448000 rms  0.521  0.015% neg 0  invalid 762 tFOTS 0.0000 tGradient 0.7330 tsec 1.2120
#GCMRL#  458 dt   0.448000 rms  0.521  0.006% neg 0  invalid 762 tFOTS 0.0000 tGradient 0.7400 tsec 1.2560
#FOTS# QuadFit found better minimum quadopt=(dt=0.448,rms=0.52083) vs oldopt=(dt=0.32,rms=0.520839)
#GCMRL#  459 dt   0.448000 rms  0.521  0.013% neg 0  invalid 762 tFOTS 3.7110 tGradient 0.7100 tsec 4.7540
#FOTS# QuadFit found better minimum quadopt=(dt=0.384,rms=0.520805) vs oldopt=(dt=0.32,rms=0.520806)
#GCMRL#  460 dt   0.384000 rms  0.521  0.000% neg 0  invalid 762 tFOTS 3.7720 tGradient 0.7610 tsec 4.8940
#GCMRL#  461 dt   0.384000 rms  0.521  0.012% neg 0  invalid 762 tFOTS 0.0000 tGradient 0.7200 tsec 1.0260
#GCMRL#  462 dt   0.384000 rms  0.521  0.013% neg 0  invalid 762 tFOTS 0.0000 tGradient 0.6920 tsec 1.0240
#GCMRL#  463 dt   0.384000 rms  0.521  0.015% neg 0  invalid 762 tFOTS 0.0000 tGradient 0.7450 tsec 1.0740
#GCMRL#  464 dt   0.384000 rms  0.520  0.022% neg 0  invalid 762 tFOTS 0.0000 tGradient 0.7180 tsec 1.0530
#GCMRL#  465 dt   0.384000 rms  0.520  0.007% neg 0  invalid 762 tFOTS 0.0000 tGradient 0.7480 tsec 1.2780

#GCAMreg# pass 0 level1 0 level2 1 tsec 92.933 sigma 0.5
l_jacobian=1.00 l_label=1.00 l_log_likelihood=0.20 l_smoothness=2.00 
tol=5.00e-02, dt=5.00e-02, exp_k=20.0, momentum=0.90, levels=6, niter=500, lbl_dist=10.00, avgs=0, sigma=0.5,type=2, relabel=0, neg=no

blurring input image with Gaussian with sigma=0.500...
GCAMRegisterLevel(): init RMS 0.521388
#FOTS# QuadFit found better minimum quadopt=(dt=0.384,rms=0.515846) vs oldopt=(dt=0.32,rms=0.516568)
#GCMRL#  467 dt   0.384000 rms  0.516  1.063% neg 0  invalid 762 tFOTS 3.7300 tGradient 0.7130 tsec 4.7790
#FOTS# QuadFit found better minimum quadopt=(dt=0.384,rms=0.514511) vs oldopt=(dt=0.32,rms=0.514726)
#GCMRL#  468 dt   0.384000 rms  0.515  0.259% neg 0  invalid 762 tFOTS 3.6460 tGradient 0.7380 tsec 4.7100
#FOTS# QuadFit found better minimum quadopt=(dt=0.384,rms=0.513985) vs oldopt=(dt=0.32,rms=0.51407)
#GCMRL#  469 dt   0.384000 rms  0.514  0.102% neg 0  invalid 762 tFOTS 3.1700 tGradient 0.6180 tsec 4.0990
#FOTS# QuadFit found better minimum quadopt=(dt=0.384,rms=0.513747) vs oldopt=(dt=0.32,rms=0.513778)
#GCMRL#  470 dt   0.384000 rms  0.514  0.000% neg 0  invalid 762 tFOTS 3.4890 tGradient 0.6690 tsec 4.5220
#GCMRL#  471 dt   0.384000 rms  0.514  0.025% neg 0  invalid 762 tFOTS 0.0000 tGradient 0.6910 tsec 0.9950
#GCMRL#  472 dt   0.384000 rms  0.513  0.034% neg 0  invalid 762 tFOTS 0.0000 tGradient 0.6830 tsec 0.9970
#GCMRL#  473 dt   0.384000 rms  0.513 -0.008% neg 0  invalid 762 tFOTS 0.0000 tGradient 0.6900 tsec 1.3980
#FOTS# QuadFit found better minimum quadopt=(dt=5.72205e-06,rms=0.513444) vs oldopt=(dt=3.125e-06,rms=0.513444)
#GCMRL#  474 dt   0.000006 rms  0.513  0.000% neg 0  invalid 762 tFOTS 5.3860 tGradient 0.6830 tsec 6.4170
GCAMregister done in 25.6892 min
********************* ALLOWING NEGATIVE NODES IN DEFORMATION********************************
noneg post
Starting GCAMregister()
label assignment complete, 0 changed (0.00%)
npasses = 1, nlevels = 6
#pass# 1 of 1 ************************
enabling zero nodes
setting smoothness cost coefficient to 0.008

#GCAMreg# pass 0 level1 5 level2 0 tsec 0 sigma 2
l_jacobian=1.00 l_label=1.00 l_log_likelihood=0.20 l_smoothness=0.01 
tol=2.50e-01, dt=5.00e-02, exp_k=20.0, momentum=0.90, levels=6, niter=500, lbl_dist=10.00, avgs=256, sigma=2.0,type=2, relabel=0, neg=yes

blurring input image with Gaussian with sigma=2.000...
GCAMRegisterLevel(): init RMS 0.511616
#FOTS# QuadFit found better minimum quadopt=(dt=18.496,rms=0.510651) vs oldopt=(dt=23.12,rms=0.510652)
#GCMRL#  476 dt  18.496000 rms  0.511  0.189% neg 0  invalid 762 tFOTS 5.1010 tGradient 2.2360 tsec 7.6890
#FOTS# QuadFit found better minimum quadopt=(dt=8.092,rms=0.510646) vs oldopt=(dt=5.78,rms=0.510646)
#GCMRL#  477 dt   8.092000 rms  0.511  0.000% neg 0  invalid 762 tFOTS 4.7590 tGradient 2.2040 tsec 7.3160

#GCAMreg# pass 0 level1 5 level2 1 tsec 25.449 sigma 0.5
l_jacobian=1.00 l_label=1.00 l_log_likelihood=0.20 l_smoothness=0.01 
tol=2.50e-01, dt=5.00e-02, exp_k=20.0, momentum=0.90, levels=6, niter=500, lbl_dist=10.00, avgs=256, sigma=0.5,type=2, relabel=0, neg=yes

blurring input image with Gaussian with sigma=0.500...
GCAMRegisterLevel(): init RMS 0.511618
#FOTS# QuadFit found better minimum quadopt=(dt=129.472,rms=0.510339) vs oldopt=(dt=92.48,rms=0.51036)
#GCMRL#  479 dt 129.472000 rms  0.510  0.250% neg 0  invalid 762 tFOTS 4.0880 tGradient 2.0820 tsec 6.4850
#FOTS# QuadFit found better minimum quadopt=(dt=110.976,rms=0.510058) vs oldopt=(dt=92.48,rms=0.51006)
#GCMRL#  480 dt 110.976000 rms  0.510  0.000% neg 0  invalid 762 tFOTS 4.1220 tGradient 2.1040 tsec 6.5520
setting smoothness cost coefficient to 0.031

#GCAMreg# pass 0 level1 4 level2 0 tsec 0 sigma 2
l_jacobian=1.00 l_label=1.00 l_log_likelihood=0.20 l_smoothness=0.03 
tol=2.50e-01, dt=5.00e-02, exp_k=20.0, momentum=0.90, levels=6, niter=500, lbl_dist=10.00, avgs=64, sigma=2.0,type=2, relabel=0, neg=yes

blurring input image with Gaussian with sigma=2.000...
GCAMRegisterLevel(): init RMS 0.511106
#FOTS# QuadFit found better minimum quadopt=(dt=36.288,rms=0.509461) vs oldopt=(dt=25.92,rms=0.509556)
#GCMRL#  482 dt  36.288000 rms  0.509  0.322% neg 0  invalid 762 tFOTS 4.3830 tGradient 1.6230 tsec 6.2960
#FOTS# QuadFit found better minimum quadopt=(dt=36.288,rms=0.509168) vs oldopt=(dt=25.92,rms=0.509219)
#GCMRL#  483 dt  36.288000 rms  0.509  0.000% neg 0  invalid 762 tFOTS 4.1470 tGradient 1.6880 tsec 6.1600
#GCMRL#  484 dt  36.288000 rms  0.509  0.041% neg 0  invalid 762 tFOTS 0.0000 tGradient 1.7480 tsec 2.0170
#GCMRL#  485 dt  36.288000 rms  0.509  0.023% neg 0  invalid 762 tFOTS 0.0000 tGradient 1.6760 tsec 1.9520

#GCAMreg# pass 0 level1 4 level2 1 tsec 26.9 sigma 0.5
l_jacobian=1.00 l_label=1.00 l_log_likelihood=0.20 l_smoothness=0.03 
tol=2.50e-01, dt=5.00e-02, exp_k=20.0, momentum=0.90, levels=6, niter=500, lbl_dist=10.00, avgs=64, sigma=0.5,type=2, relabel=0, neg=yes

blurring input image with Gaussian with sigma=0.500...
GCAMRegisterLevel(): init RMS 0.509862
#FOTS# QuadFit found better minimum quadopt=(dt=82.8615,rms=0.506394) vs oldopt=(dt=103.68,rms=0.506552)
#GCMRL#  487 dt  82.861461 rms  0.506  0.680% neg 0  invalid 762 tFOTS 4.5020 tGradient 1.6980 tsec 6.5100
#FOTS# QuadFit found better minimum quadopt=(dt=36.288,rms=0.505672) vs oldopt=(dt=25.92,rms=0.50578)
#GCMRL#  488 dt  36.288000 rms  0.506  0.000% neg 0  invalid 762 tFOTS 4.2810 tGradient 1.5200 tsec 6.1370
#GCMRL#  489 dt  36.288000 rms  0.505  0.084% neg 0  invalid 762 tFOTS 0.0000 tGradient 1.7290 tsec 2.0210
#GCMRL#  490 dt  36.288000 rms  0.505  0.105% neg 0  invalid 762 tFOTS 0.0000 tGradient 1.7440 tsec 2.0140
#GCMRL#  491 dt  36.288000 rms  0.504  0.119% neg 0  invalid 762 tFOTS 0.0000 tGradient 1.7930 tsec 2.1000
#GCMRL#  492 dt  36.288000 rms  0.503  0.122% neg 0  invalid 762 tFOTS 0.0000 tGradient 1.7450 tsec 2.0400
iter 0, gcam->neg = 1
after 6 iterations, nbhd size=1, neg = 0
#GCMRL#  493 dt  36.288000 rms  0.503  0.130% neg 0  invalid 762 tFOTS 0.0000 tGradient 1.5370 tsec 4.1800
#GCMRL#  494 dt  36.288000 rms  0.502  0.105% neg 0  invalid 762 tFOTS 0.0000 tGradient 1.4780 tsec 1.7520
#GCMRL#  495 dt  36.288000 rms  0.502  0.097% neg 0  invalid 762 tFOTS 0.0000 tGradient 1.6900 tsec 1.9990
#FOTS# QuadFit found better minimum quadopt=(dt=82.944,rms=0.501745) vs oldopt=(dt=103.68,rms=0.501757)
#GCMRL#  496 dt  82.944000 rms  0.502  0.000% neg 0  invalid 762 tFOTS 4.1840 tGradient 1.6650 tsec 6.1850
#GCMRL#  497 dt  82.944000 rms  0.502  0.039% neg 0  invalid 762 tFOTS 0.0000 tGradient 1.6980 tsec 1.9880
#GCMRL#  498 dt  82.944000 rms  0.501  0.027% neg 0  invalid 762 tFOTS 0.0000 tGradient 1.7190 tsec 2.0080
#GCMRL#  499 dt  82.944000 rms  0.501  0.123% neg 0  invalid 762 tFOTS 0.0000 tGradient 1.6890 tsec 1.9830
setting smoothness cost coefficient to 0.118

#GCAMreg# pass 0 level1 3 level2 0 tsec 0 sigma 2
l_jacobian=1.00 l_label=1.00 l_log_likelihood=0.20 l_smoothness=0.12 
tol=2.50e-01, dt=5.00e-02, exp_k=20.0, momentum=0.90, levels=6, niter=500, lbl_dist=10.00, avgs=16, sigma=2.0,type=2, relabel=0, neg=yes

blurring input image with Gaussian with sigma=2.000...
GCAMRegisterLevel(): init RMS 0.501843
#FOTS# QuadFit found better minimum quadopt=(dt=30.4132,rms=0.49916) vs oldopt=(dt=32,rms=0.499179)
iter 0, gcam->neg = 5
after 2 iterations, nbhd size=0, neg = 0
#GCMRL#  501 dt  30.413223 rms  0.499  0.534% neg 0  invalid 762 tFOTS 4.5460 tGradient 1.4270 tsec 7.2950
#FOTS# QuadFit found better minimum quadopt=(dt=44.8,rms=0.497297) vs oldopt=(dt=32,rms=0.497524)
iter 0, gcam->neg = 22
after 3 iterations, nbhd size=0, neg = 0
#GCMRL#  502 dt  44.800000 rms  0.497  0.370% neg 0  invalid 762 tFOTS 4.0750 tGradient 1.2740 tsec 7.0910
#FOTS# QuadFit found better minimum quadopt=(dt=23.8389,rms=0.496567) vs oldopt=(dt=32,rms=0.496704)
iter 0, gcam->neg = 2
after 3 iterations, nbhd size=0, neg = 0
#GCMRL#  503 dt  23.838926 rms  0.497  0.000% neg 0  invalid 762 tFOTS 4.8110 tGradient 1.2410 tsec 7.9110
iter 0, gcam->neg = 3
after 3 iterations, nbhd size=0, neg = 0
#GCMRL#  504 dt  23.838926 rms  0.496  0.179% neg 0  invalid 762 tFOTS 0.0000 tGradient 1.4070 tsec 3.2090
iter 0, gcam->neg = 18
after 12 iterations, nbhd size=1, neg = 0
#GCMRL#  505 dt  23.838926 rms  0.495  0.232% neg 0  invalid 762 tFOTS 0.0000 tGradient 1.4110 tsec 5.7990
iter 0, gcam->neg = 22
after 14 iterations, nbhd size=1, neg = 0
#GCMRL#  506 dt  23.838926 rms  0.494  0.180% neg 0  invalid 762 tFOTS 0.0000 tGradient 1.4100 tsec 6.9530
iter 0, gcam->neg = 33
after 14 iterations, nbhd size=1, neg = 0
#GCMRL#  507 dt  23.838926 rms  0.493  0.165% neg 0  invalid 762 tFOTS 0.0000 tGradient 1.4040 tsec 7.1800
iter 0, gcam->neg = 47
after 12 iterations, nbhd size=1, neg = 0
#GCMRL#  508 dt  23.838926 rms  0.492  0.118% neg 0  invalid 762 tFOTS 0.0000 tGradient 1.5610 tsec 6.6390
iter 0, gcam->neg = 67
after 13 iterations, nbhd size=1, neg = 0
#GCMRL#  509 dt  23.838926 rms  0.492  0.140% neg 0  invalid 762 tFOTS 0.0000 tGradient 1.6360 tsec 7.1500
iter 0, gcam->neg = 55
after 15 iterations, nbhd size=1, neg = 0
#GCMRL#  510 dt  23.838926 rms  0.491  0.119% neg 0  invalid 762 tFOTS 0.0000 tGradient 1.4630 tsec 8.0120
iter 0, gcam->neg = 49
after 17 iterations, nbhd size=1, neg = 0
#GCMRL#  511 dt  23.838926 rms  0.490  0.119% neg 0  invalid 762 tFOTS 0.0000 tGradient 1.4200 tsec 8.0270
iter 0, gcam->neg = 53
after 14 iterations, nbhd size=1, neg = 0
#GCMRL#  512 dt  23.838926 rms  0.490  0.161% neg 0  invalid 762 tFOTS 0.0000 tGradient 1.4160 tsec 7.2230
iter 0, gcam->neg = 46
after 16 iterations, nbhd size=1, neg = 0
#GCMRL#  513 dt  23.838926 rms  0.489  0.179% neg 0  invalid 762 tFOTS 0.0000 tGradient 1.7140 tsec 8.4320
iter 0, gcam->neg = 46
after 13 iterations, nbhd size=1, neg = 0
#GCMRL#  514 dt  23.838926 rms  0.488  0.124% neg 0  invalid 762 tFOTS 0.0000 tGradient 1.8240 tsec 7.4150
iter 0, gcam->neg = 33
after 15 iterations, nbhd size=1, neg = 0
#GCMRL#  515 dt  23.838926 rms  0.488  0.060% neg 0  invalid 762 tFOTS 0.0000 tGradient 1.6690 tsec 7.9880
#FOTS# QuadFit found better minimum quadopt=(dt=44.8,rms=0.486918) vs oldopt=(dt=32,rms=0.487056)
iter 0, gcam->neg = 7
after 12 iterations, nbhd size=1, neg = 0
#GCMRL#  516 dt  44.800000 rms  0.487  0.180% neg 0  invalid 762 tFOTS 5.7000 tGradient 1.6780 tsec 12.3970
#FOTS# QuadFit found better minimum quadopt=(dt=11.2,rms=0.486833) vs oldopt=(dt=8,rms=0.486842)
iter 0, gcam->neg = 1
after 2 iterations, nbhd size=0, neg = 0
#GCMRL#  517 dt  11.200000 rms  0.487  0.000% neg 0  invalid 762 tFOTS 6.0230 tGradient 1.4970 tsec 9.1860
iter 0, gcam->neg = 1
after 0 iterations, nbhd size=0, neg = 0
#GCMRL#  518 dt  11.200000 rms  0.487  0.020% neg 0  invalid 762 tFOTS 0.0000 tGradient 1.4850 tsec 2.4230
#GCMRL#  519 dt  11.200000 rms  0.487  0.021% neg 0  invalid 762 tFOTS 0.0000 tGradient 1.6980 tsec 2.0900
iter 0, gcam->neg = 2
after 3 iterations, nbhd size=0, neg = 0
#GCMRL#  520 dt  11.200000 rms  0.486  0.039% neg 0  invalid 762 tFOTS 0.0000 tGradient 1.5730 tsec 3.7010
iter 0, gcam->neg = 3
after 0 iterations, nbhd size=0, neg = 0
#GCMRL#  521 dt  11.200000 rms  0.486  0.052% neg 0  invalid 762 tFOTS 0.0000 tGradient 1.6130 tsec 2.6430
iter 0, gcam->neg = 7
after 2 iterations, nbhd size=0, neg = 0
#GCMRL#  522 dt  11.200000 rms  0.486  0.050% neg 0  invalid 762 tFOTS 0.0000 tGradient 1.6350 tsec 3.4330
iter 0, gcam->neg = 4
after 2 iterations, nbhd size=0, neg = 0

#GCAMreg# pass 0 level1 3 level2 1 tsec 153.713 sigma 0.5
l_jacobian=1.00 l_label=1.00 l_log_likelihood=0.20 l_smoothness=0.12 
tol=2.50e-01, dt=5.00e-02, exp_k=20.0, momentum=0.90, levels=6, niter=500, lbl_dist=10.00, avgs=16, sigma=0.5,type=2, relabel=0, neg=yes

blurring input image with Gaussian with sigma=0.500...
GCAMRegisterLevel(): init RMS 0.486697
#FOTS# QuadFit found better minimum quadopt=(dt=57.567,rms=0.481534) vs oldopt=(dt=32,rms=0.482124)
iter 0, gcam->neg = 2
after 3 iterations, nbhd size=0, neg = 0
#GCMRL#  524 dt  57.567010 rms  0.482  1.061% neg 0  invalid 762 tFOTS 6.4180 tGradient 1.6480 tsec 10.2710
#FOTS# QuadFit found better minimum quadopt=(dt=29.304,rms=0.479804) vs oldopt=(dt=32,rms=0.479838)
#GCMRL#  525 dt  29.304029 rms  0.480  0.359% neg 0  invalid 762 tFOTS 6.4730 tGradient 1.6480 tsec 8.5470
#FOTS# QuadFit found better minimum quadopt=(dt=25.6,rms=0.478925) vs oldopt=(dt=32,rms=0.478944)
iter 0, gcam->neg = 2
after 1 iterations, nbhd size=0, neg = 0
#GCMRL#  526 dt  25.600000 rms  0.479  0.000% neg 0  invalid 762 tFOTS 6.5160 tGradient 1.5890 tsec 9.5870
#GCMRL#  527 dt  25.600000 rms  0.478  0.093% neg 0  invalid 762 tFOTS 0.0000 tGradient 1.7530 tsec 2.1490
#GCMRL#  528 dt  25.600000 rms  0.477  0.208% neg 0  invalid 762 tFOTS 0.0000 tGradient 1.6210 tsec 2.0060
iter 0, gcam->neg = 4
after 4 iterations, nbhd size=0, neg = 0
#GCMRL#  529 dt  25.600000 rms  0.476  0.217% neg 0  invalid 762 tFOTS 0.0000 tGradient 1.5760 tsec 4.1380
iter 0, gcam->neg = 6
after 8 iterations, nbhd size=1, neg = 0
#GCMRL#  530 dt  25.600000 rms  0.476  0.156% neg 0  invalid 762 tFOTS 0.0000 tGradient 1.5830 tsec 5.7320
iter 0, gcam->neg = 1
after 0 iterations, nbhd size=0, neg = 0
#GCMRL#  531 dt  25.600000 rms  0.475  0.115% neg 0  invalid 762 tFOTS 0.0000 tGradient 1.6270 tsec 2.6730
iter 0, gcam->neg = 2
after 5 iterations, nbhd size=0, neg = 0
#GCMRL#  532 dt  25.600000 rms  0.475  0.114% neg 0  invalid 762 tFOTS 0.0000 tGradient 1.7120 tsec 4.6070
#FOTS# QuadFit found better minimum quadopt=(dt=19.2,rms=0.474442) vs oldopt=(dt=32,rms=0.474491)
#GCMRL#  533 dt  19.200000 rms  0.474  0.000% neg 0  invalid 762 tFOTS 6.6740 tGradient 1.5780 tsec 8.6930
#GCMRL#  534 dt  19.200000 rms  0.474  0.033% neg 0  invalid 762 tFOTS 0.0000 tGradient 1.6390 tsec 2.0180
#GCMRL#  535 dt  19.200000 rms  0.474  0.045% neg 0  invalid 762 tFOTS 0.0000 tGradient 1.6220 tsec 1.9920
iter 0, gcam->neg = 1
after 0 iterations, nbhd size=0, neg = 0
#GCMRL#  536 dt  19.200000 rms  0.474  0.038% neg 0  invalid 762 tFOTS 0.0000 tGradient 1.6160 tsec 2.7200
#GCMRL#  537 dt  19.200000 rms  0.474  0.049% neg 0  invalid 762 tFOTS 0.0000 tGradient 1.6130 tsec 1.9790
iter 0, gcam->neg = 3
after 4 iterations, nbhd size=0, neg = 0
#GCMRL#  538 dt  19.200000 rms  0.473  0.053% neg 0  invalid 762 tFOTS 0.0000 tGradient 1.6090 tsec 4.1340
setting smoothness cost coefficient to 0.400

#GCAMreg# pass 0 level1 2 level2 0 tsec 0 sigma 2
l_jacobian=1.00 l_label=1.00 l_log_likelihood=0.20 l_smoothness=0.40 
tol=2.50e-01, dt=5.00e-02, exp_k=20.0, momentum=0.90, levels=6, niter=500, lbl_dist=10.00, avgs=4, sigma=2.0,type=2, relabel=0, neg=yes

blurring input image with Gaussian with sigma=2.000...
GCAMRegisterLevel(): init RMS 0.481639
#GCMRL#  540 dt   0.000000 rms  0.481  0.206% neg 0  invalid 762 tFOTS 6.3630 tGradient 1.5440 tsec 8.3280

#GCAMreg# pass 0 level1 2 level2 1 tsec 25.235 sigma 0.5
l_jacobian=1.00 l_label=1.00 l_log_likelihood=0.20 l_smoothness=0.40 
tol=2.50e-01, dt=5.00e-02, exp_k=20.0, momentum=0.90, levels=6, niter=500, lbl_dist=10.00, avgs=4, sigma=0.5,type=2, relabel=0, neg=yes

blurring input image with Gaussian with sigma=0.500...
GCAMRegisterLevel(): init RMS 0.481639
#FOTS# QuadFit found better minimum quadopt=(dt=3,rms=0.480473) vs oldopt=(dt=2.88,rms=0.480474)
#GCMRL#  542 dt   3.000000 rms  0.480  0.242% neg 0  invalid 762 tFOTS 6.7020 tGradient 1.5380 tsec 8.6560
#FOTS# QuadFit found better minimum quadopt=(dt=2.75,rms=0.480373) vs oldopt=(dt=2.88,rms=0.480373)
#GCMRL#  543 dt   2.750000 rms  0.480  0.000% neg 0  invalid 762 tFOTS 6.8260 tGradient 1.5170 tsec 8.7840
#GCMRL#  544 dt   2.750000 rms  0.480  0.006% neg 0  invalid 762 tFOTS 0.0000 tGradient 1.5310 tsec 1.8870
iter 0, gcam->neg = 2
after 0 iterations, nbhd size=0, neg = 0
setting smoothness cost coefficient to 1.000

#GCAMreg# pass 0 level1 1 level2 0 tsec 0 sigma 2
l_jacobian=1.00 l_label=1.00 l_log_likelihood=0.20 l_smoothness=1.00 
tol=2.50e-01, dt=5.00e-02, exp_k=20.0, momentum=0.90, levels=6, niter=500, lbl_dist=10.00, avgs=1, sigma=2.0,type=2, relabel=0, neg=yes

blurring input image with Gaussian with sigma=2.000...
GCAMRegisterLevel(): init RMS 0.492844
#FOTS# QuadFit found better minimum quadopt=(dt=0.448,rms=0.491778) vs oldopt=(dt=0.32,rms=0.49179)
#GCMRL#  546 dt   0.448000 rms  0.492  0.216% neg 0  invalid 762 tFOTS 6.6790 tGradient 1.4080 tsec 8.5030
#FOTS# QuadFit found better minimum quadopt=(dt=0.112,rms=0.491774) vs oldopt=(dt=0.08,rms=0.491774)
#GCMRL#  547 dt   0.112000 rms  0.492  0.000% neg 0  invalid 762 tFOTS 6.6830 tGradient 1.3810 tsec 8.4950

#GCAMreg# pass 0 level1 1 level2 1 tsec 27.367 sigma 0.5
l_jacobian=1.00 l_label=1.00 l_log_likelihood=0.20 l_smoothness=1.00 
tol=2.50e-01, dt=5.00e-02, exp_k=20.0, momentum=0.90, levels=6, niter=500, lbl_dist=10.00, avgs=1, sigma=0.5,type=2, relabel=0, neg=yes

blurring input image with Gaussian with sigma=0.500...
GCAMRegisterLevel(): init RMS 0.492714
#FOTS# QuadFit found better minimum quadopt=(dt=1.536,rms=0.490661) vs oldopt=(dt=1.28,rms=0.490701)
#GCMRL#  549 dt   1.536000 rms  0.491  0.417% neg 0  invalid 762 tFOTS 6.8710 tGradient 1.5270 tsec 8.8340
#FOTS# QuadFit found better minimum quadopt=(dt=1.024,rms=0.490443) vs oldopt=(dt=1.28,rms=0.490454)
#GCMRL#  550 dt   1.024000 rms  0.490  0.000% neg 0  invalid 762 tFOTS 6.8670 tGradient 1.4170 tsec 8.7490
iter 0, gcam->neg = 1
after 0 iterations, nbhd size=0, neg = 0
#GCMRL#  551 dt   1.024000 rms  0.490  0.011% neg 0  invalid 762 tFOTS 0.0000 tGradient 1.4060 tsec 2.4360
resetting metric properties...
setting smoothness cost coefficient to 2.000

#GCAMreg# pass 0 level1 0 level2 0 tsec 0 sigma 2
l_jacobian=1.00 l_label=1.00 l_log_likelihood=0.20 l_smoothness=2.00 
tol=2.50e-01, dt=5.00e-02, exp_k=20.0, momentum=0.90, levels=6, niter=500, lbl_dist=10.00, avgs=0, sigma=2.0,type=2, relabel=0, neg=yes

blurring input image with Gaussian with sigma=2.000...
GCAMRegisterLevel(): init RMS 0.481337
#FOTS# QuadFit found better minimum quadopt=(dt=2.08844,rms=0.44995) vs oldopt=(dt=1.28,rms=0.454756)
iter 0, gcam->neg = 950
after 15 iterations, nbhd size=1, neg = 0
#GCMRL#  553 dt   2.088439 rms  0.452  6.194% neg 0  invalid 762 tFOTS 6.9040 tGradient 0.9610 tsec 15.3730
#FOTS# QuadFit found better minimum quadopt=(dt=0.064,rms=0.451363) vs oldopt=(dt=0.08,rms=0.451371)
#GCMRL#  554 dt   0.064000 rms  0.451  0.000% neg 0  invalid 762 tFOTS 7.0450 tGradient 0.8430 tsec 8.4040

#GCAMreg# pass 0 level1 0 level2 1 tsec 33.941 sigma 0.5
l_jacobian=1.00 l_label=1.00 l_log_likelihood=0.20 l_smoothness=2.00 
tol=2.50e-01, dt=5.00e-02, exp_k=20.0, momentum=0.90, levels=6, niter=500, lbl_dist=10.00, avgs=0, sigma=0.5,type=2, relabel=0, neg=yes

blurring input image with Gaussian with sigma=0.500...
GCAMRegisterLevel(): init RMS 0.45247
#FOTS# QuadFit found better minimum quadopt=(dt=0.096,rms=0.451078) vs oldopt=(dt=0.08,rms=0.451086)
#GCMRL#  556 dt   0.096000 rms  0.451  0.308% neg 0  invalid 762 tFOTS 7.3690 tGradient 0.8880 tsec 8.7530
#FOTS# QuadFit found better minimum quadopt=(dt=0.004,rms=0.451073) vs oldopt=(dt=0.005,rms=0.451073)
#GCMRL#  557 dt   0.004000 rms  0.451  0.000% neg 0  invalid 762 tFOTS 7.3560 tGradient 0.9050 tsec 8.7810
#GCMRL#  558 dt   0.004000 rms  0.451  0.001% neg 0  invalid 762 tFOTS 0.0000 tGradient 0.9000 tsec 1.3410
label assignment complete, 0 changed (0.00%)
GCAMregister done in 8.27458 min
Starting GCAMcomputeMaxPriorLabels()
Morphing with label term set to 0 *******************************
Starting GCAMregister()
label assignment complete, 0 changed (0.00%)
npasses = 1, nlevels = 6
#pass# 1 of 1 ************************
enabling zero nodes
setting smoothness cost coefficient to 0.008

#GCAMreg# pass 0 level1 5 level2 0 tsec 0 sigma 2
l_jacobian=1.00 l_log_likelihood=0.20 l_smoothness=0.01 
tol=2.50e-01, dt=5.00e-02, exp_k=20.0, momentum=0.90, levels=6, niter=500, lbl_dist=10.00, avgs=256, sigma=2.0,type=2, relabel=0, neg=yes

blurring input image with Gaussian with sigma=2.000...
GCAMRegisterLevel(): init RMS 0.438924

#GCAMreg# pass 0 level1 5 level2 1 tsec 16.238 sigma 0.5
l_jacobian=1.00 l_log_likelihood=0.20 l_smoothness=0.01 
tol=2.50e-01, dt=5.00e-02, exp_k=20.0, momentum=0.90, levels=6, niter=500, lbl_dist=10.00, avgs=256, sigma=0.5,type=2, relabel=0, neg=yes

blurring input image with Gaussian with sigma=0.500...
GCAMRegisterLevel(): init RMS 0.438924
#FOTS# QuadFit found better minimum quadopt=(dt=32.368,rms=0.438897) vs oldopt=(dt=23.12,rms=0.4389)
#GCMRL#  561 dt  32.368000 rms  0.439  0.006% neg 0  invalid 762 tFOTS 6.0740 tGradient 1.4600 tsec 8.0140
#FOTS# QuadFit found better minimum quadopt=(dt=18.496,rms=0.438894) vs oldopt=(dt=23.12,rms=0.438894)
#GCMRL#  562 dt  18.496000 rms  0.439  0.000% neg 0  invalid 762 tFOTS 5.3760 tGradient 1.9950 tsec 7.7750
#GCMRL#  563 dt  18.496000 rms  0.439  0.000% neg 0  invalid 762 tFOTS 0.0000 tGradient 1.6940 tsec 2.0660
setting smoothness cost coefficient to 0.031

#GCAMreg# pass 0 level1 4 level2 0 tsec 0 sigma 2
l_jacobian=1.00 l_log_likelihood=0.20 l_smoothness=0.03 
tol=2.50e-01, dt=5.00e-02, exp_k=20.0, momentum=0.90, levels=6, niter=500, lbl_dist=10.00, avgs=64, sigma=2.0,type=2, relabel=0, neg=yes

blurring input image with Gaussian with sigma=2.000...
GCAMRegisterLevel(): init RMS 0.439049

#GCAMreg# pass 0 level1 4 level2 1 tsec 15.703 sigma 0.5
l_jacobian=1.00 l_log_likelihood=0.20 l_smoothness=0.03 
tol=2.50e-01, dt=5.00e-02, exp_k=20.0, momentum=0.90, levels=6, niter=500, lbl_dist=10.00, avgs=64, sigma=0.5,type=2, relabel=0, neg=yes

blurring input image with Gaussian with sigma=0.500...
GCAMRegisterLevel(): init RMS 0.439049
#FOTS# QuadFit found better minimum quadopt=(dt=82.944,rms=0.438702) vs oldopt=(dt=103.68,rms=0.438745)
#GCMRL#  566 dt  82.944000 rms  0.439  0.079% neg 0  invalid 762 tFOTS 5.7250 tGradient 1.1840 tsec 7.3050
#GCMRL#  567 dt 103.680000 rms  0.438  0.086% neg 0  invalid 762 tFOTS 5.6190 tGradient 1.1810 tsec 7.1980
#FOTS# QuadFit found better minimum quadopt=(dt=36.288,rms=0.438235) vs oldopt=(dt=25.92,rms=0.43824)
#GCMRL#  568 dt  36.288000 rms  0.438  0.000% neg 0  invalid 762 tFOTS 5.6960 tGradient 1.1130 tsec 7.2240
#GCMRL#  569 dt  36.288000 rms  0.438  0.013% neg 0  invalid 762 tFOTS 0.0000 tGradient 1.1420 tsec 1.4590
#GCMRL#  570 dt  36.288000 rms  0.438  0.021% neg 0  invalid 762 tFOTS 0.0000 tGradient 1.1350 tsec 1.4590
#GCMRL#  571 dt  36.288000 rms  0.438  0.026% neg 0  invalid 762 tFOTS 0.0000 tGradient 1.1340 tsec 1.4380
#GCMRL#  572 dt  36.288000 rms  0.438  0.026% neg 0  invalid 762 tFOTS 0.0000 tGradient 1.1970 tsec 1.5420
setting smoothness cost coefficient to 0.118

#GCAMreg# pass 0 level1 3 level2 0 tsec 0 sigma 2
l_jacobian=1.00 l_log_likelihood=0.20 l_smoothness=0.12 
tol=2.50e-01, dt=5.00e-02, exp_k=20.0, momentum=0.90, levels=6, niter=500, lbl_dist=10.00, avgs=16, sigma=2.0,type=2, relabel=0, neg=yes

blurring input image with Gaussian with sigma=2.000...
GCAMRegisterLevel(): init RMS 0.438388
#FOTS# QuadFit found better minimum quadopt=(dt=9.6,rms=0.438142) vs oldopt=(dt=8,rms=0.438146)
#GCMRL#  574 dt   9.600000 rms  0.438  0.056% neg 0  invalid 762 tFOTS 5.3410 tGradient 1.0550 tsec 6.7720
#FOTS# QuadFit found better minimum quadopt=(dt=2.8,rms=0.438124) vs oldopt=(dt=2,rms=0.438127)
#GCMRL#  575 dt   2.800000 rms  0.438  0.000% neg 0  invalid 762 tFOTS 5.1180 tGradient 1.1200 tsec 6.5900
#GCMRL#  576 dt   2.800000 rms  0.438  0.001% neg 0  invalid 762 tFOTS 0.0000 tGradient 1.0350 tsec 1.3250

#GCAMreg# pass 0 level1 3 level2 1 tsec 24.344 sigma 0.5
l_jacobian=1.00 l_log_likelihood=0.20 l_smoothness=0.12 
tol=2.50e-01, dt=5.00e-02, exp_k=20.0, momentum=0.90, levels=6, niter=500, lbl_dist=10.00, avgs=16, sigma=0.5,type=2, relabel=0, neg=yes

blurring input image with Gaussian with sigma=0.500...
GCAMRegisterLevel(): init RMS 0.438122
#FOTS# QuadFit found better minimum quadopt=(dt=65.6842,rms=0.43499) vs oldopt=(dt=32,rms=0.4356)
#GCMRL#  578 dt  65.684211 rms  0.435  0.715% neg 0  invalid 762 tFOTS 5.0540 tGradient 1.0180 tsec 6.4050
#FOTS# QuadFit found better minimum quadopt=(dt=22.195,rms=0.433414) vs oldopt=(dt=32,rms=0.433737)
#GCMRL#  579 dt  22.194986 rms  0.433  0.362% neg 0  invalid 762 tFOTS 4.9720 tGradient 1.0170 tsec 6.3640
#FOTS# QuadFit found better minimum quadopt=(dt=44.8,rms=0.432591) vs oldopt=(dt=32,rms=0.432724)
iter 0, gcam->neg = 1
after 0 iterations, nbhd size=0, neg = 0
#GCMRL#  580 dt  44.800000 rms  0.433  0.000% neg 0  invalid 762 tFOTS 4.9460 tGradient 1.0200 tsec 6.9230
#GCMRL#  581 dt  44.800000 rms  0.432  0.103% neg 0  invalid 762 tFOTS 0.0000 tGradient 0.9910 tsec 1.2560
iter 0, gcam->neg = 4
after 3 iterations, nbhd size=0, neg = 0
#GCMRL#  582 dt  44.800000 rms  0.431  0.345% neg 0  invalid 762 tFOTS 0.0000 tGradient 1.0080 tsec 2.8290
iter 0, gcam->neg = 8
after 11 iterations, nbhd size=1, neg = 0
#GCMRL#  583 dt  44.800000 rms  0.430  0.232% neg 0  invalid 762 tFOTS 0.0000 tGradient 1.0000 tsec 5.4760
iter 0, gcam->neg = 12
after 10 iterations, nbhd size=0, neg = 0
#GCMRL#  584 dt  44.800000 rms  0.429  0.210% neg 0  invalid 762 tFOTS 0.0000 tGradient 0.9890 tsec 4.9430
iter 0, gcam->neg = 18
after 5 iterations, nbhd size=0, neg = 0
#GCMRL#  585 dt  44.800000 rms  0.428  0.261% neg 0  invalid 762 tFOTS 0.0000 tGradient 0.9890 tsec 3.4280
iter 0, gcam->neg = 14
after 9 iterations, nbhd size=0, neg = 0
#GCMRL#  586 dt  44.800000 rms  0.427  0.178% neg 0  invalid 762 tFOTS 0.0000 tGradient 0.9730 tsec 4.5810
iter 0, gcam->neg = 26
after 16 iterations, nbhd size=1, neg = 0
#GCMRL#  587 dt  44.800000 rms  0.427  0.060% neg 0  invalid 762 tFOTS 0.0000 tGradient 0.9820 tsec 6.7970
iter 0, gcam->neg = 36
after 17 iterations, nbhd size=1, neg = 0
#GCMRL#  588 dt  44.800000 rms  0.426  0.098% neg 0  invalid 762 tFOTS 0.0000 tGradient 0.9880 tsec 7.1110
iter 0, gcam->neg = 20
after 5 iterations, nbhd size=0, neg = 0
#GCMRL#  589 dt  44.800000 rms  0.426  0.076% neg 0  invalid 762 tFOTS 0.0000 tGradient 0.9860 tsec 3.4490
#FOTS# QuadFit found better minimum quadopt=(dt=19.2,rms=0.42572) vs oldopt=(dt=32,rms=0.42575)
iter 0, gcam->neg = 2
after 3 iterations, nbhd size=0, neg = 0
#GCMRL#  590 dt  19.200000 rms  0.426  0.000% neg 0  invalid 762 tFOTS 4.6890 tGradient 0.9830 tsec 7.5780
iter 0, gcam->neg = 5
after 1 iterations, nbhd size=0, neg = 0
#GCMRL#  591 dt  19.200000 rms  0.426  0.023% neg 0  invalid 762 tFOTS 0.0000 tGradient 0.9980 tsec 2.1790
iter 0, gcam->neg = 3
after 1 iterations, nbhd size=0, neg = 0
#GCMRL#  592 dt  19.200000 rms  0.425  0.031% neg 0  invalid 762 tFOTS 0.0000 tGradient 1.0130 tsec 2.2030
iter 0, gcam->neg = 2
after 2 iterations, nbhd size=0, neg = 0
#GCMRL#  593 dt  19.200000 rms  0.425  0.026% neg 0  invalid 762 tFOTS 0.0000 tGradient 0.9520 tsec 2.4610
iter 0, gcam->neg = 2
after 5 iterations, nbhd size=0, neg = 0
setting smoothness cost coefficient to 0.400

#GCAMreg# pass 0 level1 2 level2 0 tsec 0 sigma 2
l_jacobian=1.00 l_log_likelihood=0.20 l_smoothness=0.40 
tol=2.50e-01, dt=5.00e-02, exp_k=20.0, momentum=0.90, levels=6, niter=500, lbl_dist=10.00, avgs=4, sigma=2.0,type=2, relabel=0, neg=yes

blurring input image with Gaussian with sigma=2.000...
GCAMRegisterLevel(): init RMS 0.430609
#FOTS# QuadFit found better minimum quadopt=(dt=1.008,rms=0.430584) vs oldopt=(dt=0.72,rms=0.430586)
#GCMRL#  595 dt   1.008000 rms  0.431  0.006% neg 0  invalid 762 tFOTS 4.6880 tGradient 0.9050 tsec 5.9090
#FOTS# QuadFit found better minimum quadopt=(dt=0.216,rms=0.430583) vs oldopt=(dt=0.18,rms=0.430583)
#GCMRL#  596 dt   0.216000 rms  0.431  0.000% neg 0  invalid 762 tFOTS 4.6600 tGradient 0.8880 tsec 5.8800

#GCAMreg# pass 0 level1 2 level2 1 tsec 21.296 sigma 0.5
l_jacobian=1.00 l_log_likelihood=0.20 l_smoothness=0.40 
tol=2.50e-01, dt=5.00e-02, exp_k=20.0, momentum=0.90, levels=6, niter=500, lbl_dist=10.00, avgs=4, sigma=0.5,type=2, relabel=0, neg=yes

blurring input image with Gaussian with sigma=0.500...
GCAMRegisterLevel(): init RMS 0.430583
#FOTS# QuadFit found better minimum quadopt=(dt=6.88889,rms=0.430282) vs oldopt=(dt=2.88,rms=0.430338)
iter 0, gcam->neg = 2
after 4 iterations, nbhd size=0, neg = 0
#GCMRL#  598 dt   6.888889 rms  0.430  0.070% neg 0  invalid 762 tFOTS 4.6500 tGradient 0.9050 tsec 7.9810
#FOTS# QuadFit found better minimum quadopt=(dt=6.912,rms=0.430065) vs oldopt=(dt=11.52,rms=0.430127)
#GCMRL#  599 dt   6.912000 rms  0.430  0.000% neg 0  invalid 762 tFOTS 4.9830 tGradient 1.1960 tsec 6.5520
iter 0, gcam->neg = 1
after 2 iterations, nbhd size=0, neg = 0
#GCMRL#  600 dt   6.912000 rms  0.430  0.043% neg 0  invalid 762 tFOTS 0.0000 tGradient 0.8800 tsec 2.4270
iter 0, gcam->neg = 1
after 3 iterations, nbhd size=0, neg = 0
#GCMRL#  601 dt   6.912000 rms  0.430  0.025% neg 0  invalid 762 tFOTS 0.0000 tGradient 1.0300 tsec 2.9040
iter 0, gcam->neg = 6
after 12 iterations, nbhd size=1, neg = 0
setting smoothness cost coefficient to 1.000

#GCAMreg# pass 0 level1 1 level2 0 tsec 0 sigma 2
l_jacobian=1.00 l_log_likelihood=0.20 l_smoothness=1.00 
tol=2.50e-01, dt=5.00e-02, exp_k=20.0, momentum=0.90, levels=6, niter=500, lbl_dist=10.00, avgs=1, sigma=2.0,type=2, relabel=0, neg=yes

blurring input image with Gaussian with sigma=2.000...
GCAMRegisterLevel(): init RMS 0.436285
#GCMRL#  603 dt   0.000050 rms  0.436  0.000% neg 0  invalid 762 tFOTS 6.0270 tGradient 0.7610 tsec 7.1350
#FOTS# QuadFit found better minimum quadopt=(dt=0,rms=0.436285) vs oldopt=(dt=0,rms=0.436285)
#GCMRL#  604 dt   0.100000 rms  0.436  0.000% neg 0  invalid 762 tFOTS 4.5100 tGradient 0.7740 tsec 5.6350

#GCAMreg# pass 0 level1 1 level2 1 tsec 22.221 sigma 0.5
l_jacobian=1.00 l_log_likelihood=0.20 l_smoothness=1.00 
tol=2.50e-01, dt=5.00e-02, exp_k=20.0, momentum=0.90, levels=6, niter=500, lbl_dist=10.00, avgs=1, sigma=0.5,type=2, relabel=0, neg=yes

blurring input image with Gaussian with sigma=0.500...
GCAMRegisterLevel(): init RMS 0.436285
resetting metric properties...
setting smoothness cost coefficient to 2.000

#GCAMreg# pass 0 level1 0 level2 0 tsec 0 sigma 2
l_jacobian=1.00 l_log_likelihood=0.20 l_smoothness=2.00 
tol=2.50e-01, dt=5.00e-02, exp_k=20.0, momentum=0.90, levels=6, niter=500, lbl_dist=10.00, avgs=0, sigma=2.0,type=2, relabel=0, neg=yes

blurring input image with Gaussian with sigma=2.000...
GCAMRegisterLevel(): init RMS 0.42537
#FOTS# QuadFit found better minimum quadopt=(dt=1.15181,rms=0.41518) vs oldopt=(dt=1.28,rms=0.415275)
iter 0, gcam->neg = 768
after 20 iterations, nbhd size=1, neg = 0
#GCMRL#  607 dt   1.151809 rms  0.417  1.993% neg 0  invalid 762 tFOTS 4.5080 tGradient 0.2740 tsec 12.5720
#FOTS# QuadFit found better minimum quadopt=(dt=2.34375e-05,rms=0.416891) vs oldopt=(dt=1.95313e-05,rms=0.416891)
#GCMRL#  608 dt   0.000023 rms  0.417  0.000% neg 0  invalid 762 tFOTS 5.9120 tGradient 0.2920 tsec 6.5620

#GCAMreg# pass 0 level1 0 level2 1 tsec 28.102 sigma 0.5
l_jacobian=1.00 l_log_likelihood=0.20 l_smoothness=2.00 
tol=2.50e-01, dt=5.00e-02, exp_k=20.0, momentum=0.90, levels=6, niter=500, lbl_dist=10.00, avgs=0, sigma=0.5,type=2, relabel=0, neg=yes

blurring input image with Gaussian with sigma=0.500...
GCAMRegisterLevel(): init RMS 0.416891
#FOTS# QuadFit found better minimum quadopt=(dt=0.112,rms=0.416415) vs oldopt=(dt=0.08,rms=0.416504)
#GCMRL#  610 dt   0.112000 rms  0.416  0.114% neg 0  invalid 762 tFOTS 4.7350 tGradient 0.2970 tsec 5.3760
#FOTS# QuadFit found better minimum quadopt=(dt=0.112,rms=0.416127) vs oldopt=(dt=0.08,rms=0.416184)
#GCMRL#  611 dt   0.112000 rms  0.416  0.000% neg 0  invalid 762 tFOTS 4.6400 tGradient 0.2970 tsec 5.2990
#GCMRL#  612 dt   0.112000 rms  0.416  0.058% neg 0  invalid 762 tFOTS 0.0000 tGradient 0.2970 tsec 0.6070
#GCMRL#  613 dt   0.112000 rms  0.416  0.052% neg 0  invalid 762 tFOTS 0.0000 tGradient 0.2950 tsec 0.6040
GCAMregister done in 5.10123 min
writing output transformation to transforms/talairach.m3z...
GCAMwrite
Calls to gcamLogLikelihoodEnergy 4425 tmin = 1.81403
Calls to gcamLabelEnergy         3865 tmin = 1.39588
Calls to gcamJacobianEnergy      4425 tmin = 1.76272
Calls to gcamSmoothnessEnergy    4425 tmin = 4.84583
Calls to gcamLogLikelihoodTerm 615 tmin = 0.608367
Calls to gcamLabelTerm         560 tmin = 5.91455
Calls to gcamJacobianTerm      615 tmin = 1.19175
Calls to gcamSmoothnessTerm    615 tmin = 0.441183
Calls to gcamComputeGradient    615 tmin = 18.4252
Calls to gcamComputeMetricProperties    6451 tmin = 3.18442
mri_ca_register took 0 hours, 50 minutes and 17 seconds.
#VMPC# mri_ca_register VmPeak  3123588
FSRUNTIME@ mri_ca_register  0.8379 hours 16 threads
#--------------------------------------
#@# SubCort Seg Sat Mar 14 11:34:47 CET 2026

 mri_ca_label -relabel_unlikely 9 .3 -prior 0.5 -align norm.mgz transforms/talairach.m3z /opt/freesurfer/average/RB_all_2020-01-02.gca aseg.auto_noCCseg.mgz 

sysname  Linux
hostname dna071
machine  x86_64

setenv SUBJECTS_DIR /out/sourcedata/freesurfer
cd /out/sourcedata/freesurfer/sub-v2s9x29157_ses-1/mri
mri_ca_label -relabel_unlikely 9 .3 -prior 0.5 -align norm.mgz transforms/talairach.m3z /opt/freesurfer/average/RB_all_2020-01-02.gca aseg.auto_noCCseg.mgz 

relabeling unlikely voxels with window_size = 9 and prior threshold 0.30
using Gibbs prior factor = 0.500
renormalizing sequences with structure alignment, equivalent to:
	-renormalize
	-renormalize_mean 0.500
	-regularize 0.500

== Number of threads available to for OpenMP = 16 == 
reading 1 input volumes
reading classifier array from /opt/freesurfer/average/RB_all_2020-01-02.gca
reading input volume from norm.mgz
average std[0] = 7.2
reading transform from transforms/talairach.m3z
setting orig areas to linear transform determinant scaled 5.99
Atlas used for the 3D morph was /opt/freesurfer/average/RB_all_2020-01-02.gca
average std = 7.2   using min determinant for regularization = 5.2
0 singular and 0 ill-conditioned covariance matrices regularized
labeling volume...
renormalizing by structure alignment....
renormalizing input #0
gca peak = 0.15521 (20)
mri peak = 0.09159 ( 5)
Left_Lateral_Ventricle (4): linear fit = 0.19 x + 0.0 (257 voxels, overlap=0.008)
Left_Lateral_Ventricle (4): linear fit = 0.40 x + 0.0 (257 voxels, peak =  4), gca=8.0
gca peak = 0.20380 (13)
mri peak = 0.09782 ( 9)
Right_Lateral_Ventricle (43): linear fit = 0.31 x + 0.0 (232 voxels, overlap=0.050)
Right_Lateral_Ventricle (43): linear fit = 0.40 x + 0.0 (232 voxels, peak =  4), gca=5.2
gca peak = 0.26283 (96)
mri peak = 0.15195 (96)
Right_Pallidum (52): linear fit = 0.99 x + 0.0 (691 voxels, overlap=1.004)
Right_Pallidum (52): linear fit = 0.99 x + 0.0 (691 voxels, peak = 95), gca=94.6
gca peak = 0.15814 (97)
mri peak = 0.15541 (96)
Left_Pallidum (13): linear fit = 1.01 x + 0.0 (735 voxels, overlap=1.004)
Left_Pallidum (13): linear fit = 1.01 x + 0.0 (735 voxels, peak = 98), gca=98.5
gca peak = 0.27624 (56)
mri peak = 0.11889 (55)
Right_Hippocampus (53): linear fit = 0.96 x + 0.0 (607 voxels, overlap=1.009)
Right_Hippocampus (53): linear fit = 0.96 x + 0.0 (607 voxels, peak = 54), gca=54.0
gca peak = 0.28723 (59)
mri peak = 0.12305 (55)
Left_Hippocampus (17): linear fit = 0.96 x + 0.0 (703 voxels, overlap=1.008)
Left_Hippocampus (17): linear fit = 0.96 x + 0.0 (703 voxels, peak = 57), gca=56.9
gca peak = 0.07623 (103)
mri peak = 0.14998 (104)
Right_Cerebral_White_Matter (41): linear fit = 1.05 x + 0.0 (30999 voxels, overlap=0.553)
Right_Cerebral_White_Matter (41): linear fit = 1.05 x + 0.0 (30999 voxels, peak = 109), gca=108.7
gca peak = 0.07837 (105)
mri peak = 0.16422 (104)
Left_Cerebral_White_Matter (2): linear fit = 1.05 x + 0.0 (30416 voxels, overlap=0.473)
Left_Cerebral_White_Matter (2): linear fit = 1.05 x + 0.0 (30416 voxels, peak = 111), gca=110.8
gca peak = 0.10165 (58)
mri peak = 0.06733 (55)
Left_Cerebral_Cortex (3): linear fit = 0.93 x + 0.0 (32317 voxels, overlap=0.856)
Left_Cerebral_Cortex (3): linear fit = 0.93 x + 0.0 (32317 voxels, peak = 54), gca=53.7
gca peak = 0.11113 (58)
mri peak = 0.06206 (58)
Right_Cerebral_Cortex (42): linear fit = 0.94 x + 0.0 (31444 voxels, overlap=0.934)
Right_Cerebral_Cortex (42): linear fit = 0.94 x + 0.0 (31444 voxels, peak = 55), gca=54.8
gca peak = 0.27796 (67)
mri peak = 0.19616 (71)
Right_Caudate (50): linear fit = 1.07 x + 0.0 (986 voxels, overlap=1.005)
Right_Caudate (50): linear fit = 1.07 x + 0.0 (986 voxels, peak = 71), gca=71.4
gca peak = 0.14473 (69)
mri peak = 0.17758 (71)
Left_Caudate (11): linear fit = 0.95 x + 0.0 (867 voxels, overlap=0.674)
Left_Caudate (11): linear fit = 0.95 x + 0.0 (867 voxels, peak = 66), gca=65.9
gca peak = 0.14301 (56)
mri peak = 0.06942 (34)
Left_Cerebellum_Cortex (8): linear fit = 0.64 x + 0.0 (11802 voxels, overlap=0.022)
Left_Cerebellum_Cortex (8): linear fit = 0.64 x + 0.0 (11802 voxels, peak = 36), gca=36.1
gca peak = 0.14610 (55)
mri peak = 0.05845 (46)
Right_Cerebellum_Cortex (47): linear fit = 0.82 x + 0.0 (15013 voxels, overlap=0.291)
Right_Cerebellum_Cortex (47): linear fit = 0.82 x + 0.0 (15013 voxels, peak = 45), gca=45.4
gca peak = 0.16309 (85)
mri peak = 0.06233 (62)
Left_Cerebellum_White_Matter (7): linear fit = 0.71 x + 0.0 (6270 voxels, overlap=0.193)
Left_Cerebellum_White_Matter (7): linear fit = 0.71 x + 0.0 (6270 voxels, peak = 61), gca=60.8
gca peak = 0.15172 (84)
mri peak = 0.07516 (79)
Right_Cerebellum_White_Matter (46): linear fit = 0.96 x + 0.0 (2908 voxels, overlap=0.783)
Right_Cerebellum_White_Matter (46): linear fit = 0.96 x + 0.0 (2908 voxels, peak = 81), gca=81.1
gca peak = 0.30461 (58)
mri peak = 0.13088 (58)
Left_Amygdala (18): linear fit = 0.98 x + 0.0 (501 voxels, overlap=1.020)
Left_Amygdala (18): linear fit = 0.98 x + 0.0 (501 voxels, peak = 57), gca=56.6
gca peak = 0.32293 (57)
mri peak = 0.11933 (63)
Right_Amygdala (54): linear fit = 1.07 x + 0.0 (379 voxels, overlap=1.016)
Right_Amygdala (54): linear fit = 1.07 x + 0.0 (379 voxels, peak = 61), gca=60.7
gca peak = 0.11083 (90)
mri peak = 0.08671 (83)
Left_Thalamus (10): linear fit = 0.95 x + 0.0 (3714 voxels, overlap=0.996)
Left_Thalamus (10): linear fit = 0.95 x + 0.0 (3714 voxels, peak = 86), gca=85.9
gca peak = 0.11393 (83)
mri peak = 0.09921 (83)
Right_Thalamus (49): linear fit = 1.00 x + 0.0 (3662 voxels, overlap=0.975)
Right_Thalamus (49): linear fit = 1.00 x + 0.0 (3662 voxels, peak = 83), gca=83.0
gca peak = 0.08575 (81)
mri peak = 0.16808 (83)
Left_Putamen (12): linear fit = 1.03 x + 0.0 (2063 voxels, overlap=0.637)
Left_Putamen (12): linear fit = 1.03 x + 0.0 (2063 voxels, peak = 84), gca=83.8
gca peak = 0.08618 (78)
mri peak = 0.13775 (79)
Right_Putamen (51): linear fit = 1.01 x + 0.0 (2236 voxels, overlap=0.759)
Right_Putamen (51): linear fit = 1.01 x + 0.0 (2236 voxels, peak = 79), gca=79.2
gca peak = 0.08005 (78)
mri peak = 0.08212 (90)
Brain_Stem (16): linear fit = 1.12 x + 0.0 (8088 voxels, overlap=0.492)
Brain_Stem (16): linear fit = 1.12 x + 0.0 (8088 voxels, peak = 87), gca=87.0
gca peak = 0.12854 (88)
mri peak = 0.10512 (98)
Right_VentralDC (60): linear fit = 1.11 x + 0.0 (1303 voxels, overlap=0.450)
Right_VentralDC (60): linear fit = 1.11 x + 0.0 (1303 voxels, peak = 97), gca=97.2
gca peak = 0.15703 (87)
mri peak = 0.10371 (98)
Left_VentralDC (28): linear fit = 1.12 x + 0.0 (1338 voxels, overlap=0.596)
Left_VentralDC (28): linear fit = 1.12 x + 0.0 (1338 voxels, peak = 97), gca=97.0
gca peak = 0.17522 (25)
mri peak = 0.19231 (11)
gca peak = 0.17113 (14)
mri peak = 0.27587 ( 5)
Fourth_Ventricle (15): linear fit = 0.25 x + 0.0 (179 voxels, overlap=0.020)
Fourth_Ventricle (15): linear fit = 0.25 x + 0.0 (179 voxels, peak =  4), gca=3.6
gca peak Unknown = 0.94777 ( 0)
gca peak Left_Inf_Lat_Vent = 0.16627 (28)
gca peak Left_Cerebellum_Cortex = 0.14301 (56)
gca peak Third_Ventricle = 0.17522 (25)
gca peak Fourth_Ventricle = 0.17113 (14)
gca peak CSF = 0.20346 (36)
gca peak Left_Accumbens_area = 0.70646 (62)
gca peak Left_undetermined = 1.00000 (28)
gca peak Left_vessel = 0.89917 (53)
gca peak Left_choroid_plexus = 0.11689 (35)
gca peak Right_Inf_Lat_Vent = 0.25504 (23)
gca peak Right_Accumbens_area = 0.31650 (65)
gca peak Right_vessel = 0.77268 (52)
gca peak Right_choroid_plexus = 0.13275 (38)
gca peak Fifth_Ventricle = 0.60973 (33)
gca peak WM_hypointensities = 0.11013 (77)
gca peak non_WM_hypointensities = 0.11354 (41)
gca peak Optic_Chiasm = 0.51646 (76)
not using caudate to estimate GM means
setting label Left_Cerebellum_Cortex based on Right_Cerebellum_Cortex = 0.82 x +  0: 45
estimating mean gm scale to be 0.97 x + 0.0
estimating mean wm scale to be 1.05 x + 0.0
estimating mean csf scale to be 0.40 x + 0.0
saving intensity scales to aseg.auto_noCCseg.label_intensities.txt
renormalizing by structure alignment....
renormalizing input #0
gca peak = 0.31706 ( 7)
mri peak = 0.09159 ( 5)
Left_Lateral_Ventricle (4): linear fit = 0.62 x + 0.0 (257 voxels, overlap=0.894)
Left_Lateral_Ventricle (4): linear fit = 0.62 x + 0.0 (257 voxels, peak =  4), gca=4.3
gca peak = 0.29334 ( 5)
mri peak = 0.09782 ( 9)
Right_Lateral_Ventricle (43): linear fit = 0.85 x + 0.0 (232 voxels, overlap=0.716)
Right_Lateral_Ventricle (43): linear fit = 0.85 x + 0.0 (232 voxels, peak =  4), gca=4.2
gca peak = 0.23231 (92)
mri peak = 0.15195 (96)
Right_Pallidum (52): linear fit = 0.99 x + 0.0 (691 voxels, overlap=1.004)
Right_Pallidum (52): linear fit = 0.99 x + 0.0 (691 voxels, peak = 91), gca=90.6
gca peak = 0.16509 (98)
mri peak = 0.15541 (96)
Left_Pallidum (13): linear fit = 0.99 x + 0.0 (735 voxels, overlap=1.002)
Left_Pallidum (13): linear fit = 0.99 x + 0.0 (735 voxels, peak = 97), gca=96.5
gca peak = 0.28218 (54)
mri peak = 0.11889 (55)
Right_Hippocampus (53): linear fit = 1.00 x + 0.0 (607 voxels, overlap=1.009)
Right_Hippocampus (53): linear fit = 1.00 x + 0.0 (607 voxels, peak = 54), gca=54.0
gca peak = 0.29534 (57)
mri peak = 0.12305 (55)
Left_Hippocampus (17): linear fit = 1.00 x + 0.0 (703 voxels, overlap=1.008)
Left_Hippocampus (17): linear fit = 1.00 x + 0.0 (703 voxels, peak = 57), gca=57.0
gca peak = 0.07418 (109)
mri peak = 0.14998 (104)
Right_Cerebral_White_Matter (41): linear fit = 1.00 x + 0.0 (30999 voxels, overlap=0.759)
Right_Cerebral_White_Matter (41): linear fit = 1.00 x + 0.0 (30999 voxels, peak = 108), gca=108.5
gca peak = 0.07395 (111)
mri peak = 0.16422 (104)
Left_Cerebral_White_Matter (2): linear fit = 1.00 x + 0.0 (30416 voxels, overlap=0.702)
Left_Cerebral_White_Matter (2): linear fit = 1.00 x + 0.0 (30416 voxels, peak = 110), gca=110.4
gca peak = 0.10443 (54)
mri peak = 0.06733 (55)
Left_Cerebral_Cortex (3): linear fit = 1.00 x + 0.0 (32317 voxels, overlap=0.913)
Left_Cerebral_Cortex (3): linear fit = 1.00 x + 0.0 (32317 voxels, peak = 54), gca=54.0
gca peak = 0.12303 (55)
mri peak = 0.06206 (58)
Right_Cerebral_Cortex (42): linear fit = 1.02 x + 0.0 (31444 voxels, overlap=0.918)
Right_Cerebral_Cortex (42): linear fit = 1.02 x + 0.0 (31444 voxels, peak = 56), gca=56.4
gca peak = 0.22929 (72)
mri peak = 0.19616 (71)
Right_Caudate (50): linear fit = 1.00 x + 0.0 (986 voxels, overlap=1.001)
Right_Caudate (50): linear fit = 1.00 x + 0.0 (986 voxels, peak = 72), gca=72.0
gca peak = 0.14803 (66)
mri peak = 0.17758 (71)
Left_Caudate (11): linear fit = 1.00 x + 0.0 (867 voxels, overlap=0.743)
Left_Caudate (11): linear fit = 1.00 x + 0.0 (867 voxels, peak = 66), gca=66.0
gca peak = 0.17060 (46)
mri peak = 0.06942 (34)
Left_Cerebellum_Cortex (8): linear fit = 0.77 x + 0.0 (11802 voxels, overlap=0.437)
Left_Cerebellum_Cortex (8): linear fit = 0.77 x + 0.0 (11802 voxels, peak = 36), gca=35.6
gca peak = 0.17460 (46)
mri peak = 0.05845 (46)
Right_Cerebellum_Cortex (47): linear fit = 0.99 x + 0.0 (15013 voxels, overlap=0.927)
Right_Cerebellum_Cortex (47): linear fit = 0.99 x + 0.0 (15013 voxels, peak = 45), gca=45.3
gca peak = 0.20479 (60)
mri peak = 0.06233 (62)
Left_Cerebellum_White_Matter (7): linear fit = 1.08 x + 0.0 (6270 voxels, overlap=0.921)
Left_Cerebellum_White_Matter (7): linear fit = 1.08 x + 0.0 (6270 voxels, peak = 64), gca=64.5
gca peak = 0.16198 (81)
mri peak = 0.07516 (79)
Right_Cerebellum_White_Matter (46): linear fit = 0.99 x + 0.0 (2908 voxels, overlap=0.984)
Right_Cerebellum_White_Matter (46): linear fit = 0.99 x + 0.0 (2908 voxels, peak = 80), gca=79.8
gca peak = 0.29062 (57)
mri peak = 0.13088 (58)
Left_Amygdala (18): linear fit = 1.00 x + 0.0 (501 voxels, overlap=1.024)
Left_Amygdala (18): linear fit = 1.00 x + 0.0 (501 voxels, peak = 57), gca=57.0
gca peak = 0.30003 (61)
mri peak = 0.11933 (63)
Right_Amygdala (54): linear fit = 1.01 x + 0.0 (379 voxels, overlap=1.011)
Right_Amygdala (54): linear fit = 1.01 x + 0.0 (379 voxels, peak = 62), gca=61.9
gca peak = 0.11308 (84)
mri peak = 0.08671 (83)
Left_Thalamus (10): linear fit = 1.03 x + 0.0 (3714 voxels, overlap=0.925)
Left_Thalamus (10): linear fit = 1.03 x + 0.0 (3714 voxels, peak = 87), gca=86.9
gca peak = 0.12022 (83)
mri peak = 0.09921 (83)
Right_Thalamus (49): linear fit = 1.00 x + 0.0 (3662 voxels, overlap=0.972)
Right_Thalamus (49): linear fit = 1.00 x + 0.0 (3662 voxels, peak = 83), gca=83.0
gca peak = 0.08071 (86)
mri peak = 0.16808 (83)
Left_Putamen (12): linear fit = 1.00 x + 0.0 (2063 voxels, overlap=0.707)
Left_Putamen (12): linear fit = 1.00 x + 0.0 (2063 voxels, peak = 86), gca=86.0
gca peak = 0.08736 (77)
mri peak = 0.13775 (79)
Right_Putamen (51): linear fit = 1.00 x + 0.0 (2236 voxels, overlap=0.820)
Right_Putamen (51): linear fit = 1.00 x + 0.0 (2236 voxels, peak = 77), gca=77.0
gca peak = 0.07190 (90)
mri peak = 0.08212 (90)
Brain_Stem (16): linear fit = 1.00 x + 0.0 (8088 voxels, overlap=0.774)
Brain_Stem (16): linear fit = 1.00 x + 0.0 (8088 voxels, peak = 90), gca=89.6
gca peak = 0.11073 (97)
mri peak = 0.10512 (98)
Right_VentralDC (60): linear fit = 1.00 x + 0.0 (1303 voxels, overlap=0.797)
Right_VentralDC (60): linear fit = 1.00 x + 0.0 (1303 voxels, peak = 97), gca=97.5
gca peak = 0.14592 (95)
mri peak = 0.10371 (98)
Left_VentralDC (28): linear fit = 1.00 x + 0.0 (1338 voxels, overlap=0.859)
Left_VentralDC (28): linear fit = 1.00 x + 0.0 (1338 voxels, peak = 95), gca=95.5
gca peak = 0.32031 (10)
mri peak = 0.19231 (11)
gca peak = 0.46125 ( 6)
mri peak = 0.27587 ( 5)
Fourth_Ventricle (15): linear fit = 0.63 x + 0.0 (179 voxels, overlap=0.804)
Fourth_Ventricle (15): linear fit = 0.63 x + 0.0 (179 voxels, peak =  4), gca=3.8
gca peak Unknown = 0.94777 ( 0)
gca peak Left_Inf_Lat_Vent = 0.16627 (27)
gca peak Third_Ventricle = 0.32031 (10)
gca peak Fourth_Ventricle = 0.46125 ( 6)
gca peak CSF = 0.27891 (15)
gca peak Left_Accumbens_area = 0.56779 (59)
gca peak Left_undetermined = 1.00000 (28)
gca peak Left_vessel = 0.88886 (53)
gca peak Left_choroid_plexus = 0.11689 (35)
gca peak Right_Inf_Lat_Vent = 0.24411 (22)
gca peak Right_Accumbens_area = 0.31501 (69)
gca peak Right_vessel = 0.77311 (52)
gca peak Right_choroid_plexus = 0.13275 (38)
gca peak Fifth_Ventricle = 0.92085 (13)
gca peak WM_hypointensities = 0.09358 (80)
gca peak non_WM_hypointensities = 0.14635 (43)
gca peak Optic_Chiasm = 0.60484 (76)
not using caudate to estimate GM means
estimating mean gm scale to be 1.01 x + 0.0
estimating mean wm scale to be 1.00 x + 0.0
estimating mean csf scale to be 0.73 x + 0.0
saving intensity scales to aseg.auto_noCCseg.label_intensities.txt
saving sequentially combined intensity scales to aseg.auto_noCCseg.label_intensities.txt
41690 voxels changed in iteration 0 of unlikely voxel relabeling
102 voxels changed in iteration 1 of unlikely voxel relabeling
9 voxels changed in iteration 2 of unlikely voxel relabeling
0 voxels changed in iteration 3 of unlikely voxel relabeling
28183 gm and wm labels changed (%21 to gray, %79 to white out of all changed labels)
306 hippocampal voxels changed.
0 amygdala voxels changed.
Reclassifying using Gibbs Priors
pass 1: 53758 changed. image ll: -2.081, PF=0.500
pass 2: 13534 changed. image ll: -2.080, PF=0.500
pass 3: 4832 changed.
22886 voxels changed in iteration 0 of unlikely voxel relabeling
109 voxels changed in iteration 1 of unlikely voxel relabeling
3 voxels changed in iteration 2 of unlikely voxel relabeling
0 voxels changed in iteration 3 of unlikely voxel relabeling
4498 voxels changed in iteration 0 of unlikely voxel relabeling
38 voxels changed in iteration 1 of unlikely voxel relabeling
0 voxels changed in iteration 2 of unlikely voxel relabeling
4463 voxels changed in iteration 0 of unlikely voxel relabeling
21 voxels changed in iteration 1 of unlikely voxel relabeling
0 voxels changed in iteration 2 of unlikely voxel relabeling
4838 voxels changed in iteration 0 of unlikely voxel relabeling
29 voxels changed in iteration 1 of unlikely voxel relabeling
3 voxels changed in iteration 2 of unlikely voxel relabeling
0 voxels changed in iteration 3 of unlikely voxel relabeling
 !!!!!!!!! ventricle segment 4 with volume 2820 above threshold 100 - not erasing !!!!!!!!!!
 !!!!!!!!! ventricle segment 3 with volume 169 above threshold 100 - not erasing !!!!!!!!!!
 !!!!!!!!! ventricle segment 5 with volume 3271 above threshold 100 - not erasing !!!!!!!!!!
 !!!!!!!!! ventricle segment 4 with volume 105 above threshold 100 - not erasing !!!!!!!!!!
 !!!!!!!!! ventricle segment 6 with volume 134 above threshold 100 - not erasing !!!!!!!!!!
writing labeled volume to aseg.auto_noCCseg.mgz
mri_ca_label utimesec    1218.025615
mri_ca_label stimesec    3.166968
mri_ca_label ru_maxrss   2099480
mri_ca_label ru_ixrss    0
mri_ca_label ru_idrss    0
mri_ca_label ru_isrss    0
mri_ca_label ru_minflt   3558539
mri_ca_label ru_majflt   8
mri_ca_label ru_nswap    0
mri_ca_label ru_inblock  1142
mri_ca_label ru_oublock  592
mri_ca_label ru_msgsnd   0
mri_ca_label ru_msgrcv   0
mri_ca_label ru_nsignals 0
mri_ca_label ru_nvcsw    3559
mri_ca_label ru_nivcsw   1354
auto-labeling took 19 minutes and 22 seconds.
#--------------------------------------
#@# CC Seg Sat Mar 14 11:54:09 CET 2026

 mri_cc -aseg aseg.auto_noCCseg.mgz -o aseg.auto.mgz -lta /out/sourcedata/freesurfer/sub-v2s9x29157_ses-1/mri/transforms/cc_up.lta sub-v2s9x29157_ses-1 

will read input aseg from aseg.auto_noCCseg.mgz
writing aseg with cc labels to aseg.auto.mgz
will write lta as /out/sourcedata/freesurfer/sub-v2s9x29157_ses-1/mri/transforms/cc_up.lta
reading aseg from /out/sourcedata/freesurfer/sub-v2s9x29157_ses-1/mri/aseg.auto_noCCseg.mgz
reading norm from /out/sourcedata/freesurfer/sub-v2s9x29157_ses-1/mri/norm.mgz
64722 voxels in left wm, 64903 in right wm, xrange [121, 135]
searching rotation angles z=[-2 12], y=[-11  3]
searching scale 1 Z rot -2.3  searching scale 1 Z rot -2.0  searching scale 1 Z rot -1.8  searching scale 1 Z rot -1.5  searching scale 1 Z rot -1.3  searching scale 1 Z rot -1.0  searching scale 1 Z rot -0.8  searching scale 1 Z rot -0.5  searching scale 1 Z rot -0.3  searching scale 1 Z rot -0.0  searching scale 1 Z rot 0.2  searching scale 1 Z rot 0.5  searching scale 1 Z rot 0.7  searching scale 1 Z rot 1.0  searching scale 1 Z rot 1.2  searching scale 1 Z rot 1.5  searching scale 1 Z rot 1.7  searching scale 1 Z rot 2.0  searching scale 1 Z rot 2.2  searching scale 1 Z rot 2.5  searching scale 1 Z rot 2.7  searching scale 1 Z rot 3.0  searching scale 1 Z rot 3.2  searching scale 1 Z rot 3.5  searching scale 1 Z rot 3.7  searching scale 1 Z rot 4.0  searching scale 1 Z rot 4.2  searching scale 1 Z rot 4.5  searching scale 1 Z rot 4.7  searching scale 1 Z rot 5.0  searching scale 1 Z rot 5.2  searching scale 1 Z rot 5.5  searching scale 1 Z rot 5.7  searching scale 1 Z rot 6.0  searching scale 1 Z rot 6.2  searching scale 1 Z rot 6.5  searching scale 1 Z rot 6.7  searching scale 1 Z rot 7.0  searching scale 1 Z rot 7.2  searching scale 1 Z rot 7.5  searching scale 1 Z rot 7.7  searching scale 1 Z rot 8.0  searching scale 1 Z rot 8.2  searching scale 1 Z rot 8.5  searching scale 1 Z rot 8.7  searching scale 1 Z rot 9.0  searching scale 1 Z rot 9.2  searching scale 1 Z rot 9.5  searching scale 1 Z rot 9.7  searching scale 1 Z rot 10.0  searching scale 1 Z rot 10.2  searching scale 1 Z rot 10.5  searching scale 1 Z rot 10.7  searching scale 1 Z rot 11.0  searching scale 1 Z rot 11.2  searching scale 1 Z rot 11.5  global minimum found at slice 127.1, rotations (-4.16, 4.75)
final transformation (x=127.1, yr=-4.162, zr=4.749):
 0.99394  -0.08280  -0.07232   19.79715;
 0.08258   0.99657  -0.00601  -12.44103;
 0.07257   0.00000   0.99736   18.04053;
 0.00000   0.00000   0.00000   1.00000;
updating x range to be [126, 132] in xformed coordinates
best xformed slice 128
min_x_fornix = 144
min_x_fornix = 143
min_x_fornix = 143
min_x_fornix = 143
min_x_fornix = 144
cc center is found at 128 131 101
eigenvectors:
 0.00121  -0.00531   0.99999;
-0.00046   0.99999   0.00531;
 1.00000   0.00046  -0.00121;
writing aseg with callosum to /out/sourcedata/freesurfer/sub-v2s9x29157_ses-1/mri/aseg.auto.mgz...
corpus callosum segmentation took 0.5 minutes
#VMPC# mri_cc VmPeak  556256
mri_cc done
#--------------------------------------
#@# Merge ASeg Sat Mar 14 11:54:38 CET 2026

 cp aseg.auto.mgz aseg.presurf.mgz 

#--------------------------------------------
#@# Intensity Normalization2 Sat Mar 14 11:54:38 CET 2026
/out/sourcedata/freesurfer/sub-v2s9x29157_ses-1/mri

 mri_normalize -seed 1234 -mprage -aseg aseg.presurf.mgz -mask brainmask.mgz norm.mgz brain.mgz 

setting seed for random number genererator to 1234
assuming input volume is MGH (Van der Kouwe) MP-RAGE
using segmentation for initial intensity normalization
using MR volume brainmask.mgz to mask input volume...
reading mri_src from norm.mgz...
Reading aseg aseg.presurf.mgz
normalizing image...
NOT doing gentle normalization with control points/label
processing with aseg
removing outliers in the aseg WM...
678 control points removed
Building bias image
building Voronoi diagram...
performing soap bubble smoothing, sigma = 0...
Smoothing with sigma 8
Applying bias correction
building Voronoi diagram...
performing soap bubble smoothing, sigma = 8...

Iterating 2 times
---------------------------------
3d normalization pass 1 of 2
white matter peak found at 110
white matter peak found at 110
gm peak at 59 (59), valley at  0 (-1)
csf peak at 29, setting threshold to 49
building Voronoi diagram...
performing soap bubble smoothing, sigma = 8...
---------------------------------
3d normalization pass 2 of 2
white matter peak found at 110
white matter peak found at 110
gm peak at 60 (60), valley at  0 (-1)
csf peak at 30, setting threshold to 50
building Voronoi diagram...
performing soap bubble smoothing, sigma = 8...
Done iterating ---------------------------------
writing output to brain.mgz
3D bias adjustment took 1 minutes and 18 seconds.
#--------------------------------------------
#@# Mask BFS Sat Mar 14 11:55:57 CET 2026
/out/sourcedata/freesurfer/sub-v2s9x29157_ses-1/mri

 mri_mask -T 5 brain.mgz brainmask.mgz brain.finalsurfs.mgz 

threshold mask volume at 5
DoAbs = 0
Found 1344106 voxels in mask (pct=  8.01)
Writing masked volume to brain.finalsurfs.mgz...done.
#--------------------------------------------
#@# WM Segmentation Sat Mar 14 11:55:58 CET 2026

 AntsDenoiseImageFs -i brain.mgz -o antsdn.brain.mgz 


 mri_segment -wsizemm 13 -mprage antsdn.brain.mgz wm.seg.mgz 

wsizemm = 13, voxres = 1, wsize = 13
Widening wm low from 89 to 79
assuming input volume is MGH (Van der Kouwe) MP-RAGE
wm mean:  110
wsize:    13
wm low:   79
wm hi:    125
gray low: 30
gray hi:  99
Doing initial trinary intensity segmentation 
Using local statistics to label ambiguous voxels
Autodetecting stats
Computing class statistics for intensity windows...
CCS WM (104.0): 104.8 +- 4.8 [79.0 --> 125.0]
CCS GM (69.0) : 68.1 +- 9.3 [30.0 --> 95.0]
 white_mean 104.781
 white_sigma 4.76022
 gray_mean 68.0658
 gray_sigma 9.26927
setting bottom of white matter range wm_low to 77.3
setting top of gray matter range gray_hi to 86.6
 wm_low 77.3351
 wm_hi  125
 gray_low 30
 gray_hi  86.6044
Redoing initial intensity segmentation...
Recomputing local statistics to label ambiguous voxels...
 wm_low 77.3351
 wm_hi  125
 gray_low 30
 gray_hi  86.6044
using local geometry to label remaining ambiguous voxels...
polvwsize = 5, polvlen = 3, gray_hi = 86.6044, wm_low = 77.3351
MRIcpolvMedianCurveSegment(): wsize=5, len=3, gmhi=86.6044, wmlow=77.3351
    102119 voxels processed (0.61%)
     46661 voxels white (0.28%)
     55458 voxels non-white (0.33%)

Reclassifying voxels using Gaussian border classifier niter=1
MRIreclassify(): wm_low=72.3351, gray_hi=86.6044, wsize=13
    171516 voxels tested (1.02%)
     39202 voxels changed (0.23%)
     49424 multi-scale searches  (0.29%)
Recovering bright white
MRIrecoverBrightWhite()
 wm_low 77.3351
 wm_hi 125
 slack 4.76022
 pct_thresh 0.33
 intensity_thresh 129.76
 nvox_thresh 8.58
      462 voxels tested (0.00%)
      345 voxels changed (0.00%)

removing voxels with positive offset direction...
MRIremoveWrongDirection() wsize=3, lowthr=72.3351, hithr=86.6044
  smoothing input volume with sigma = 0.250
    56588 voxels tested (0.34%)
    12046 voxels changed (0.07%)
thicken = 1
removing 1-dimensional structures...
MRIremove1dStructures(): max_iter=10000, thresh=2, WM_MIN_VAL=5
 3735 sparsely connected voxels removed in 1 iterations
thickening thin strands....
thickness 4
nsegments 20
wm_hi 125
1559 diagonally connected voxels added...
MRIthickenThinWMStrands(): thickness=4, nsegments=20
  20 segments, 3379 filled
MRIfindBrightNonWM(): 2748 bright non-wm voxels segmented.
MRIfilterMorphology() WM_MIN_VAL=5, DIAGONAL_FILL=230
white matter segmentation took 0.7 minutes
writing output to wm.seg.mgz...

 mri_edit_wm_with_aseg -keep-in wm.seg.mgz brain.mgz aseg.presurf.mgz wm.asegedit.mgz 

preserving editing changes in input volume...
auto filling took 0.34 minutes
reading wm segmentation from wm.seg.mgz...
0 voxels added to wm to prevent paths from MTL structures to cortex
2834 additional wm voxels added
0 additional wm voxels added
SEG EDIT: 33732 voxels turned on, 13413 voxels turned off.
propagating editing to output volume from wm.seg.mgz
writing edited volume to wm.asegedit.mgz....

 mri_pretess wm.asegedit.mgz wm norm.mgz wm.mgz 


Iteration Number : 1
pass   1 (xy+):  12 found -  12 modified     |    TOTAL:  12
pass   2 (xy+):   0 found -  12 modified     |    TOTAL:  12
pass   1 (xy-):  15 found -  15 modified     |    TOTAL:  27
pass   2 (xy-):   0 found -  15 modified     |    TOTAL:  27
pass   1 (yz+):  16 found -  16 modified     |    TOTAL:  43
pass   2 (yz+):   0 found -  16 modified     |    TOTAL:  43
pass   1 (yz-):  19 found -  19 modified     |    TOTAL:  62
pass   2 (yz-):   0 found -  19 modified     |    TOTAL:  62
pass   1 (xz+):  22 found -  22 modified     |    TOTAL:  84
pass   2 (xz+):   0 found -  22 modified     |    TOTAL:  84
pass   1 (xz-):  15 found -  15 modified     |    TOTAL:  99
pass   2 (xz-):   0 found -  15 modified     |    TOTAL:  99
Iteration Number : 1
pass   1 (+++):  38 found -  38 modified     |    TOTAL:  38
pass   2 (+++):   0 found -  38 modified     |    TOTAL:  38
pass   1 (+++):  37 found -  37 modified     |    TOTAL:  75
pass   2 (+++):   0 found -  37 modified     |    TOTAL:  75
pass   1 (+++):  30 found -  30 modified     |    TOTAL: 105
pass   2 (+++):   0 found -  30 modified     |    TOTAL: 105
pass   1 (+++):  42 found -  42 modified     |    TOTAL: 147
pass   2 (+++):   0 found -  42 modified     |    TOTAL: 147
Iteration Number : 1
pass   1 (++):  88 found -  88 modified     |    TOTAL:  88
pass   2 (++):   0 found -  88 modified     |    TOTAL:  88
pass   1 (+-): 101 found - 101 modified     |    TOTAL: 189
pass   2 (+-):   0 found - 101 modified     |    TOTAL: 189
pass   1 (--):  71 found -  71 modified     |    TOTAL: 260
pass   2 (--):   0 found -  71 modified     |    TOTAL: 260
pass   1 (-+):  87 found -  87 modified     |    TOTAL: 347
pass   2 (-+):   0 found -  87 modified     |    TOTAL: 347
Iteration Number : 2
pass   1 (xy+):   7 found -   7 modified     |    TOTAL:   7
pass   2 (xy+):   0 found -   7 modified     |    TOTAL:   7
pass   1 (xy-):   1 found -   1 modified     |    TOTAL:   8
pass   2 (xy-):   0 found -   1 modified     |    TOTAL:   8
pass   1 (yz+):  10 found -  10 modified     |    TOTAL:  18
pass   2 (yz+):   0 found -  10 modified     |    TOTAL:  18
pass   1 (yz-):   8 found -   8 modified     |    TOTAL:  26
pass   2 (yz-):   0 found -   8 modified     |    TOTAL:  26
pass   1 (xz+):   2 found -   2 modified     |    TOTAL:  28
pass   2 (xz+):   0 found -   2 modified     |    TOTAL:  28
pass   1 (xz-):   5 found -   5 modified     |    TOTAL:  33
pass   2 (xz-):   0 found -   5 modified     |    TOTAL:  33
Iteration Number : 2
pass   1 (+++):   2 found -   2 modified     |    TOTAL:   2
pass   2 (+++):   0 found -   2 modified     |    TOTAL:   2
pass   1 (+++):   2 found -   2 modified     |    TOTAL:   4
pass   2 (+++):   0 found -   2 modified     |    TOTAL:   4
pass   1 (+++):   0 found -   0 modified     |    TOTAL:   4
pass   1 (+++):   2 found -   2 modified     |    TOTAL:   6
pass   2 (+++):   0 found -   2 modified     |    TOTAL:   6
Iteration Number : 2
pass   1 (++):   2 found -   2 modified     |    TOTAL:   2
pass   2 (++):   0 found -   2 modified     |    TOTAL:   2
pass   1 (+-):   3 found -   3 modified     |    TOTAL:   5
pass   2 (+-):   0 found -   3 modified     |    TOTAL:   5
pass   1 (--):   1 found -   1 modified     |    TOTAL:   6
pass   2 (--):   0 found -   1 modified     |    TOTAL:   6
pass   1 (-+):   5 found -   5 modified     |    TOTAL:  11
pass   2 (-+):   0 found -   5 modified     |    TOTAL:  11
Iteration Number : 3
pass   1 (xy+):   1 found -   1 modified     |    TOTAL:   1
pass   2 (xy+):   0 found -   1 modified     |    TOTAL:   1
pass   1 (xy-):   1 found -   1 modified     |    TOTAL:   2
pass   2 (xy-):   0 found -   1 modified     |    TOTAL:   2
pass   1 (yz+):   0 found -   0 modified     |    TOTAL:   2
pass   1 (yz-):   1 found -   1 modified     |    TOTAL:   3
pass   2 (yz-):   0 found -   1 modified     |    TOTAL:   3
pass   1 (xz+):   0 found -   0 modified     |    TOTAL:   3
pass   1 (xz-):   1 found -   1 modified     |    TOTAL:   4
pass   2 (xz-):   0 found -   1 modified     |    TOTAL:   4
Iteration Number : 3
pass   1 (+++):   0 found -   0 modified     |    TOTAL:   0
pass   1 (+++):   0 found -   0 modified     |    TOTAL:   0
pass   1 (+++):   0 found -   0 modified     |    TOTAL:   0
pass   1 (+++):   0 found -   0 modified     |    TOTAL:   0
Iteration Number : 3
pass   1 (++):   0 found -   0 modified     |    TOTAL:   0
pass   1 (+-):   0 found -   0 modified     |    TOTAL:   0
pass   1 (--):   0 found -   0 modified     |    TOTAL:   0
pass   1 (-+):   1 found -   1 modified     |    TOTAL:   1
pass   2 (-+):   0 found -   1 modified     |    TOTAL:   1
Iteration Number : 4
pass   1 (xy+):   0 found -   0 modified     |    TOTAL:   0
pass   1 (xy-):   0 found -   0 modified     |    TOTAL:   0
pass   1 (yz+):   0 found -   0 modified     |    TOTAL:   0
pass   1 (yz-):   0 found -   0 modified     |    TOTAL:   0
pass   1 (xz+):   1 found -   1 modified     |    TOTAL:   1
pass   2 (xz+):   0 found -   1 modified     |    TOTAL:   1
pass   1 (xz-):   0 found -   0 modified     |    TOTAL:   1
Iteration Number : 4
pass   1 (+++):   0 found -   0 modified     |    TOTAL:   0
pass   1 (+++):   0 found -   0 modified     |    TOTAL:   0
pass   1 (+++):   0 found -   0 modified     |    TOTAL:   0
pass   1 (+++):   0 found -   0 modified     |    TOTAL:   0
Iteration Number : 4
pass   1 (++):   0 found -   0 modified     |    TOTAL:   0
pass   1 (+-):   0 found -   0 modified     |    TOTAL:   0
pass   1 (--):   0 found -   0 modified     |    TOTAL:   0
pass   1 (-+):   0 found -   0 modified     |    TOTAL:   0
Iteration Number : 5
pass   1 (xy+):   0 found -   0 modified     |    TOTAL:   0
pass   1 (xy-):   0 found -   0 modified     |    TOTAL:   0
pass   1 (yz+):   0 found -   0 modified     |    TOTAL:   0
pass   1 (yz-):   0 found -   0 modified     |    TOTAL:   0
pass   1 (xz+):   0 found -   0 modified     |    TOTAL:   0
pass   1 (xz-):   0 found -   0 modified     |    TOTAL:   0
Iteration Number : 5
pass   1 (+++):   0 found -   0 modified     |    TOTAL:   0
pass   1 (+++):   0 found -   0 modified     |    TOTAL:   0
pass   1 (+++):   0 found -   0 modified     |    TOTAL:   0
pass   1 (+++):   0 found -   0 modified     |    TOTAL:   0
Iteration Number : 5
pass   1 (++):   0 found -   0 modified     |    TOTAL:   0
pass   1 (+-):   0 found -   0 modified     |    TOTAL:   0
pass   1 (--):   0 found -   0 modified     |    TOTAL:   0
pass   1 (-+):   0 found -   0 modified     |    TOTAL:   0

Total Number of Modified Voxels = 649 (out of 500299: 0.129722)
binarizing input wm segmentation...
Ambiguous edge configurations... 

mri_pretess done

#--------------------------------------------
#@# Fill Sat Mar 14 11:57:29 CET 2026
/out/sourcedata/freesurfer/sub-v2s9x29157_ses-1/mri

 mri_fill -a ../scripts/ponscc.cut.log -xform transforms/talairach.lta -segmentation aseg.presurf.mgz -ctab /opt/freesurfer/SubCorticalMassLUT.txt wm.mgz filled.mgz 

logging cutting plane coordinates to ../scripts/ponscc.cut.log...
INFO: Using transforms/talairach.lta and its offset for Talairach volume ...
using segmentation aseg.presurf.mgz...
reading input volume...done.
searching for cutting planes...voxel to talairach voxel transform
 1.04423  -0.09522  -0.08545   14.20012;
 0.08927   1.11212   0.23229  -80.80322;
 0.08867  -0.23675   1.08501   17.13366;
 0.00000   0.00000   0.00000   1.00000;
voxel to talairach voxel transform
 1.04423  -0.09522  -0.08545   14.20012;
 0.08927   1.11212   0.23229  -80.80322;
 0.08867  -0.23675   1.08501   17.13366;
 0.00000   0.00000   0.00000   1.00000;
reading segmented volume aseg.presurf.mgz
removing CC from segmentation
Looking for area (min, max) = (350, 1400)
area[0] = 1135 (min = 350, max = 1400), aspect = 0.50 (min = 0.10, max = 0.75)
no need to search
using seed (125, 124, 150), TAL = (3.0, 22.0, 4.0)
talairach voxel to voxel transform
 0.94509   0.09255   0.05462  -6.87834;
-0.05713   0.85439  -0.18741   73.05982;
-0.08970   0.17887   0.87629   0.71289;
 0.00000   0.00000   0.00000   1.00000;
segmentation indicates cc at (125,  124,  150) --> (3.0, 22.0, 4.0)
done.
filling took 0.6 minutes
talairach cc position changed to (3.00, 22.00, 4.00)
Erasing brainstem...done.
seed_search_size = 9, min_neighbors = 5
search rh wm seed point around talairach space:(21.00, 22.00, 4.00) SRC: (113.92, 144.78, 144.74)
search lh wm seed point around talairach space (-15.00, 22.00, 4.00), SRC: (147.94, 142.72, 141.51)
compute mri_fill using aseg
Erasing Brain Stem and Cerebellum ...
Define left and right masks using aseg:
Building Voronoi diagram ...
Using the Voronoi diagram for separating WM into two hemispheres ...
Find the largest connected component for each hemisphere ...
Embedding colortable
mri_fill done, writing output to filled.mgz...
 cp filled.mgz filled.auto.mgz

Started at Sat Mar 14 10:43:37 CET 2026 
Ended   at Sat Mar 14 11:58:06 CET 2026
#@#%# recon-all-run-time-hours 1.241
recon-all -s sub-v2s9x29157_ses-1 finished without error at Sat Mar 14 11:58:06 CET 2026



#New# invocation of recon-all 




Sat Mar 14 12:46:49 CET 2026
cd /out/sourcedata/freesurfer/sub-v2s9x29157_ses-1
setenv SUBJECTS_DIR /out/sourcedata/freesurfer
/opt/freesurfer/bin/recon-all -parallel -subjid sub-v2s9x29157_ses-1 -sd /out/sourcedata/freesurfer -cortribbon

subjid sub-v2s9x29157_ses-1
setenv SUBJECTS_DIR /out/sourcedata/freesurfer
FREESURFER_HOME /opt/freesurfer
Actual FREESURFER_HOME /opt/freesurfer
build-stamp.txt: freesurfer-linux-ubuntu22_x86_64-7.3.2-20220804-6354275
Linux dna071 5.14.0-427.37.1.el9_4.x86_64 #1 SMP PREEMPT_DYNAMIC Fri Sep 13 12:41:50 EDT 2024 x86_64 x86_64 x86_64 GNU/Linux
cputime      unlimited
filesize     unlimited
datasize     unlimited
stacksize    8192 kbytes
coredumpsize 0 kbytes
memoryuse    67108864 kbytes
vmemoryuse   unlimited
descriptors  1024 
memorylocked unlimited
maxproc      2061970 
maxlocks     unlimited
maxsignal    2062029 
maxmessage   819200 
maxnice      0 
maxrtprio    0 
maxrttime    unlimited

               total        used        free      shared  buff/cache   available
Mem:           503Gi        43Gi       307Gi       9.4Gi       152Gi       447Gi
Swap:             0B          0B          0B

########################################
program versions used
7.3.2 (freesurfer-linux-ubuntu22_x86_64-7.3.2-20220804-6354275)
7.3.2

ProgramName: lta_convert  ProgramArguments: lta_convert -all-info  ProgramVersion: 7.3.2  TimeStamp: 2026/03/14-11:46:49-GMT  BuildTime: Aug  4 2022 06:17:15  BuildStamp: freesurfer-linux-ubuntu22_x86_64-7.3.2-20220804-6354275  User: oesteban  Machine: dna071  Platform: Linux  PlatformVersion: 5.14.0-427.37.1.el9_4.x86_64  CompilerName: GCC  CompilerVersion: 8.4.0
ProgramName: mri_and  ProgramArguments: mri_and -all-info  ProgramVersion: 7.3.2  TimeStamp: 2026/03/14-11:46:49-GMT  BuildTime: Aug  4 2022 06:17:15  BuildStamp: freesurfer-linux-ubuntu22_x86_64-7.3.2-20220804-6354275  User: oesteban  Machine: dna071  Platform: Linux  PlatformVersion: 5.14.0-427.37.1.el9_4.x86_64  CompilerName: GCC  CompilerVersion: 8.4.0
ProgramName: mri_annotation2label  ProgramArguments: mri_annotation2label -all-info  ProgramVersion: 7.3.2  TimeStamp: 2026/03/14-11:46:49-GMT  BuildTime: Aug  4 2022 06:17:15  BuildStamp: freesurfer-linux-ubuntu22_x86_64-7.3.2-20220804-6354275  User: oesteban  Machine: dna071  Platform: Linux  PlatformVersion: 5.14.0-427.37.1.el9_4.x86_64  CompilerName: GCC  CompilerVersion: 8.4.0
ProgramName: mri_aparc2aseg  ProgramArguments: mri_aparc2aseg -all-info  ProgramVersion: 7.3.2  TimeStamp: 2026/03/14-11:46:49-GMT  BuildTime: Aug  4 2022 06:17:15  BuildStamp: freesurfer-linux-ubuntu22_x86_64-7.3.2-20220804-6354275  User: oesteban  Machine: dna071  Platform: Linux  PlatformVersion: 5.14.0-427.37.1.el9_4.x86_64  CompilerName: GCC  CompilerVersion: 8.4.0
ProgramName: mri_surf2volseg  ProgramArguments: mri_surf2volseg -all-info  ProgramVersion: 7.3.2  TimeStamp: 2026/03/14-11:46:49-GMT  BuildTime: Aug  4 2022 06:17:15  BuildStamp: freesurfer-linux-ubuntu22_x86_64-7.3.2-20220804-6354275  User: oesteban  Machine: dna071  Platform: Linux  PlatformVersion: 5.14.0-427.37.1.el9_4.x86_64  CompilerName: GCC  CompilerVersion: 8.4.0
ProgramName: mri_binarize  ProgramArguments: mri_binarize -all-info  ProgramVersion: 7.3.2  TimeStamp: 2026/03/14-11:46:49-GMT  BuildTime: Aug  4 2022 06:17:15  BuildStamp: freesurfer-linux-ubuntu22_x86_64-7.3.2-20220804-6354275  User: oesteban  Machine: dna071  Platform: Linux  PlatformVersion: 5.14.0-427.37.1.el9_4.x86_64  CompilerName: GCC  CompilerVersion: 8.4.0
ProgramName: mri_ca_label  ProgramArguments: mri_ca_label -all-info  ProgramVersion: 7.3.2  TimeStamp: 2026/03/14-11:46:49-GMT  BuildTime: Aug  4 2022 06:17:15  BuildStamp: freesurfer-linux-ubuntu22_x86_64-7.3.2-20220804-6354275  User: oesteban  Machine: dna071  Platform: Linux  PlatformVersion: 5.14.0-427.37.1.el9_4.x86_64  CompilerName: GCC  CompilerVersion: 8.4.0
ProgramName: mri_ca_normalize  ProgramArguments: mri_ca_normalize -all-info  ProgramVersion: 7.3.2  TimeStamp: 2026/03/14-11:46:49-GMT  BuildTime: Aug  4 2022 06:17:15  BuildStamp: freesurfer-linux-ubuntu22_x86_64-7.3.2-20220804-6354275  User: oesteban  Machine: dna071  Platform: Linux  PlatformVersion: 5.14.0-427.37.1.el9_4.x86_64  CompilerName: GCC  CompilerVersion: 8.4.0
ProgramName: mri_ca_register  ProgramArguments: mri_ca_register -all-info  ProgramVersion: 7.3.2  TimeStamp: 2026/03/14-11:46:49-GMT  BuildTime: Aug  4 2022 06:17:15  BuildStamp: freesurfer-linux-ubuntu22_x86_64-7.3.2-20220804-6354275  User: oesteban  Machine: dna071  Platform: Linux  PlatformVersion: 5.14.0-427.37.1.el9_4.x86_64  CompilerName: GCC  CompilerVersion: 8.4.0
ProgramName: mri_cc  ProgramArguments: mri_cc -all-info  ProgramVersion: 7.3.2  TimeStamp: 2026/03/14-11:46:49-GMT  BuildTime: Aug  4 2022 06:17:15  BuildStamp: freesurfer-linux-ubuntu22_x86_64-7.3.2-20220804-6354275  User: oesteban  Machine: dna071  Platform: Linux  PlatformVersion: 5.14.0-427.37.1.el9_4.x86_64  CompilerName: GCC  CompilerVersion: 8.4.0
ProgramName: mri_compute_overlap  ProgramArguments: mri_compute_overlap -all-info  ProgramVersion: 7.3.2  TimeStamp: 2026/03/14-11:46:49-GMT  BuildTime: Aug  4 2022 06:17:15  BuildStamp: freesurfer-linux-ubuntu22_x86_64-7.3.2-20220804-6354275  User: oesteban  Machine: dna071  Platform: Linux  PlatformVersion: 5.14.0-427.37.1.el9_4.x86_64  CompilerName: GCC  CompilerVersion: 8.4.0
ProgramName: mri_compute_seg_overlap  ProgramArguments: mri_compute_seg_overlap -all-info  ProgramVersion: 7.3.2  TimeStamp: 2026/03/14-11:46:49-GMT  BuildTime: Aug  4 2022 06:17:15  BuildStamp: freesurfer-linux-ubuntu22_x86_64-7.3.2-20220804-6354275  User: oesteban  Machine: dna071  Platform: Linux  PlatformVersion: 5.14.0-427.37.1.el9_4.x86_64  CompilerName: GCC  CompilerVersion: 8.4.0
ProgramName: mri_concat  ProgramArguments: mri_concat -all-info  ProgramVersion: 7.3.2  TimeStamp: 2026/03/14-11:46:49-GMT  BuildTime: Aug  4 2022 06:17:15  BuildStamp: freesurfer-linux-ubuntu22_x86_64-7.3.2-20220804-6354275  User: oesteban  Machine: dna071  Platform: Linux  PlatformVersion: 5.14.0-427.37.1.el9_4.x86_64  CompilerName: GCC  CompilerVersion: 8.4.0
ProgramName: mri_concatenate_lta  ProgramArguments: mri_concatenate_lta -all-info  ProgramVersion: 7.3.2  TimeStamp: 2026/03/14-11:46:49-GMT  BuildTime: Aug  4 2022 06:17:15  BuildStamp: freesurfer-linux-ubuntu22_x86_64-7.3.2-20220804-6354275  User: oesteban  Machine: dna071  Platform: Linux  PlatformVersion: 5.14.0-427.37.1.el9_4.x86_64  CompilerName: GCC  CompilerVersion: 8.4.0
mri_convert -all-info 
ProgramName: mri_convert  ProgramArguments: mri_convert -all-info  ProgramVersion: 7.3.2  TimeStamp: 2026/03/14-11:46:49-GMT  BuildTime: Aug  4 2022 06:17:15  BuildStamp: freesurfer-linux-ubuntu22_x86_64-7.3.2-20220804-6354275  User: oesteban  Machine: dna071  Platform: Linux  PlatformVersion: 5.14.0-427.37.1.el9_4.x86_64  CompilerName: GCC  CompilerVersion: 8.4.0
ProgramName: mri_diff  ProgramArguments: mri_diff -all-info  ProgramVersion: 7.3.2  TimeStamp: 2026/03/14-11:46:49-GMT  BuildTime: Aug  4 2022 06:17:15  BuildStamp: freesurfer-linux-ubuntu22_x86_64-7.3.2-20220804-6354275  User: oesteban  Machine: dna071  Platform: Linux  PlatformVersion: 5.14.0-427.37.1.el9_4.x86_64  CompilerName: GCC  CompilerVersion: 8.4.0
ProgramName: mri_edit_wm_with_aseg  ProgramArguments: mri_edit_wm_with_aseg -all-info  ProgramVersion: 7.3.2  TimeStamp: 2026/03/14-11:46:49-GMT  BuildTime: Aug  4 2022 06:17:15  BuildStamp: freesurfer-linux-ubuntu22_x86_64-7.3.2-20220804-6354275  User: oesteban  Machine: dna071  Platform: Linux  PlatformVersion: 5.14.0-427.37.1.el9_4.x86_64  CompilerName: GCC  CompilerVersion: 8.4.0
ProgramName: mri_em_register  ProgramArguments: mri_em_register -all-info  ProgramVersion: 7.3.2  TimeStamp: 2026/03/14-11:46:49-GMT  BuildTime: Aug  4 2022 06:17:15  BuildStamp: freesurfer-linux-ubuntu22_x86_64-7.3.2-20220804-6354275  User: oesteban  Machine: dna071  Platform: Linux  PlatformVersion: 5.14.0-427.37.1.el9_4.x86_64  CompilerName: GCC  CompilerVersion: 8.4.0
ProgramName: mri_fill  ProgramArguments: mri_fill -all-info  ProgramVersion: 7.3.2  TimeStamp: 2026/03/14-11:46:49-GMT  BuildTime: Aug  4 2022 06:17:15  BuildStamp: freesurfer-linux-ubuntu22_x86_64-7.3.2-20220804-6354275  User: oesteban  Machine: dna071  Platform: Linux  PlatformVersion: 5.14.0-427.37.1.el9_4.x86_64  CompilerName: GCC  CompilerVersion: 8.4.0
ProgramName: mri_fuse_segmentations  ProgramArguments: mri_fuse_segmentations -all-info  ProgramVersion: 7.3.2  TimeStamp: 2026/03/14-11:46:49-GMT  BuildTime: Aug  4 2022 06:17:15  BuildStamp: freesurfer-linux-ubuntu22_x86_64-7.3.2-20220804-6354275  User: oesteban  Machine: dna071  Platform: Linux  PlatformVersion: 5.14.0-427.37.1.el9_4.x86_64  CompilerName: GCC  CompilerVersion: 8.4.0
ProgramName: mri_fwhm  ProgramArguments: mri_fwhm -all-info  ProgramVersion: 7.3.2  TimeStamp: 2026/03/14-11:46:49-GMT  BuildTime: Aug  4 2022 06:17:15  BuildStamp: freesurfer-linux-ubuntu22_x86_64-7.3.2-20220804-6354275  User: oesteban  Machine: dna071  Platform: Linux  PlatformVersion: 5.14.0-427.37.1.el9_4.x86_64  CompilerName: GCC  CompilerVersion: 8.4.0
ProgramName: mri_gcut  ProgramArguments: mri_gcut -all-info  ProgramVersion: 7.3.2  TimeStamp: 2026/03/14-11:46:49-GMT  BuildTime: Aug  4 2022 06:17:15  BuildStamp: freesurfer-linux-ubuntu22_x86_64-7.3.2-20220804-6354275  User: oesteban  Machine: dna071  Platform: Linux  PlatformVersion: 5.14.0-427.37.1.el9_4.x86_64  CompilerName: GCC  CompilerVersion: 8.4.0
ProgramName: mri_info  ProgramArguments: mri_info -all-info  ProgramVersion: 7.3.2  TimeStamp: 2026/03/14-11:46:49-GMT  BuildTime: Aug  4 2022 06:17:15  BuildStamp: freesurfer-linux-ubuntu22_x86_64-7.3.2-20220804-6354275  User: oesteban  Machine: dna071  Platform: Linux  PlatformVersion: 5.14.0-427.37.1.el9_4.x86_64  CompilerName: GCC  CompilerVersion: 8.4.0
ProgramName: mri_label2label  ProgramArguments: mri_label2label -all-info  ProgramVersion: 7.3.2  TimeStamp: 2026/03/14-11:46:49-GMT  BuildTime: Aug  4 2022 06:17:15  BuildStamp: freesurfer-linux-ubuntu22_x86_64-7.3.2-20220804-6354275  User: oesteban  Machine: dna071  Platform: Linux  PlatformVersion: 5.14.0-427.37.1.el9_4.x86_64  CompilerName: GCC  CompilerVersion: 8.4.0
ProgramName: mri_label2vol  ProgramArguments: mri_label2vol -all-info  ProgramVersion: 7.3.2  TimeStamp: 2026/03/14-11:46:49-GMT  BuildTime: Aug  4 2022 06:17:15  BuildStamp: freesurfer-linux-ubuntu22_x86_64-7.3.2-20220804-6354275  User: oesteban  Machine: dna071  Platform: Linux  PlatformVersion: 5.14.0-427.37.1.el9_4.x86_64  CompilerName: GCC  CompilerVersion: 8.4.0
ProgramName: mri_log_likelihood  ProgramArguments: mri_log_likelihood -all-info  ProgramVersion: 7.3.2  TimeStamp: 2026/03/14-11:46:49-GMT  BuildTime: Aug  4 2022 06:17:15  BuildStamp: freesurfer-linux-ubuntu22_x86_64-7.3.2-20220804-6354275  User: oesteban  Machine: dna071  Platform: Linux  PlatformVersion: 5.14.0-427.37.1.el9_4.x86_64  CompilerName: GCC  CompilerVersion: 8.4.0
ProgramName: mri_mask  ProgramArguments: mri_mask -all-info  ProgramVersion: 7.3.2  TimeStamp: 2026/03/14-11:46:49-GMT  BuildTime: Aug  4 2022 06:17:15  BuildStamp: freesurfer-linux-ubuntu22_x86_64-7.3.2-20220804-6354275  User: oesteban  Machine: dna071  Platform: Linux  PlatformVersion: 5.14.0-427.37.1.el9_4.x86_64  CompilerName: GCC  CompilerVersion: 8.4.0
ProgramName: mri_matrix_multiply  ProgramArguments: mri_matrix_multiply -all-info  ProgramVersion: 7.3.2  TimeStamp: 2026/03/14-11:46:49-GMT  BuildTime: Aug  4 2022 06:17:15  BuildStamp: freesurfer-linux-ubuntu22_x86_64-7.3.2-20220804-6354275  User: oesteban  Machine: dna071  Platform: Linux  PlatformVersion: 5.14.0-427.37.1.el9_4.x86_64  CompilerName: GCC  CompilerVersion: 8.4.0
ProgramName: mri_normalize  ProgramArguments: mri_normalize -all-info  ProgramVersion: 7.3.2  TimeStamp: 2026/03/14-11:46:49-GMT  BuildTime: Aug  4 2022 06:17:15  BuildStamp: freesurfer-linux-ubuntu22_x86_64-7.3.2-20220804-6354275  User: oesteban  Machine: dna071  Platform: Linux  PlatformVersion: 5.14.0-427.37.1.el9_4.x86_64  CompilerName: GCC  CompilerVersion: 8.4.0
ProgramName: mri_normalize_tp2  ProgramArguments: mri_normalize_tp2 -all-info  ProgramVersion: 7.3.2  TimeStamp: 2026/03/14-11:46:49-GMT  BuildTime: Aug  4 2022 06:17:15  BuildStamp: freesurfer-linux-ubuntu22_x86_64-7.3.2-20220804-6354275  User: oesteban  Machine: dna071  Platform: Linux  PlatformVersion: 5.14.0-427.37.1.el9_4.x86_64  CompilerName: GCC  CompilerVersion: 8.4.0
ProgramName: mri_or  ProgramArguments: mri_or -all-info  ProgramVersion: 7.3.2  TimeStamp: 2026/03/14-11:46:49-GMT  BuildTime: Aug  4 2022 06:17:15  BuildStamp: freesurfer-linux-ubuntu22_x86_64-7.3.2-20220804-6354275  User: oesteban  Machine: dna071  Platform: Linux  PlatformVersion: 5.14.0-427.37.1.el9_4.x86_64  CompilerName: GCC  CompilerVersion: 8.4.0
ProgramName: mri_relabel_hypointensities  ProgramArguments: mri_relabel_hypointensities -all-info  ProgramVersion: 7.3.2  TimeStamp: 2026/03/14-11:46:49-GMT  BuildTime: Aug  4 2022 06:17:15  BuildStamp: freesurfer-linux-ubuntu22_x86_64-7.3.2-20220804-6354275  User: oesteban  Machine: dna071  Platform: Linux  PlatformVersion: 5.14.0-427.37.1.el9_4.x86_64  CompilerName: GCC  CompilerVersion: 8.4.0
ProgramName: mri_relabel_nonwm_hypos  ProgramArguments: mri_relabel_nonwm_hypos -all-info  ProgramVersion: 7.3.2  TimeStamp: 2026/03/14-11:46:49-GMT  BuildTime: Aug  4 2022 06:17:15  BuildStamp: freesurfer-linux-ubuntu22_x86_64-7.3.2-20220804-6354275  User: oesteban  Machine: dna071  Platform: Linux  PlatformVersion: 5.14.0-427.37.1.el9_4.x86_64  CompilerName: GCC  CompilerVersion: 8.4.0
ProgramName: mri_remove_neck  ProgramArguments: mri_remove_neck -all-info  ProgramVersion: 7.3.2  TimeStamp: 2026/03/14-11:46:49-GMT  BuildTime: Aug  4 2022 06:17:15  BuildStamp: freesurfer-linux-ubuntu22_x86_64-7.3.2-20220804-6354275  User: oesteban  Machine: dna071  Platform: Linux  PlatformVersion: 5.14.0-427.37.1.el9_4.x86_64  CompilerName: GCC  CompilerVersion: 8.4.0
7.3.2

ProgramName: mri_robust_register  ProgramArguments: mri_robust_register -all-info  ProgramVersion: 7.3.2  TimeStamp: 2026/03/14-11:46:49-GMT  BuildTime: Aug  4 2022 06:17:15  BuildStamp: freesurfer-linux-ubuntu22_x86_64-7.3.2-20220804-6354275  User: oesteban  Machine: dna071  Platform: Linux  PlatformVersion: 5.14.0-427.37.1.el9_4.x86_64  CompilerName: GCC  CompilerVersion: 8.4.0
7.3.2

ProgramName: mri_robust_template  ProgramArguments: mri_robust_template -all-info  ProgramVersion: 7.3.2  TimeStamp: 2026/03/14-11:46:49-GMT  BuildTime: Aug  4 2022 06:17:15  BuildStamp: freesurfer-linux-ubuntu22_x86_64-7.3.2-20220804-6354275  User: oesteban  Machine: dna071  Platform: Linux  PlatformVersion: 5.14.0-427.37.1.el9_4.x86_64  CompilerName: GCC  CompilerVersion: 8.4.0
ProgramName: mris_anatomical_stats  ProgramArguments: mris_anatomical_stats -all-info  ProgramVersion: 7.3.2  TimeStamp: 2026/03/14-11:46:49-GMT  BuildTime: Aug  4 2022 06:17:15  BuildStamp: freesurfer-linux-ubuntu22_x86_64-7.3.2-20220804-6354275  User: oesteban  Machine: dna071  Platform: Linux  PlatformVersion: 5.14.0-427.37.1.el9_4.x86_64  CompilerName: GCC  CompilerVersion: 8.4.0
ProgramName: mris_ca_label  ProgramArguments: mris_ca_label -all-info  ProgramVersion: 7.3.2  TimeStamp: 2026/03/14-11:46:49-GMT  BuildTime: Aug  4 2022 06:17:15  BuildStamp: freesurfer-linux-ubuntu22_x86_64-7.3.2-20220804-6354275  User: oesteban  Machine: dna071  Platform: Linux  PlatformVersion: 5.14.0-427.37.1.el9_4.x86_64  CompilerName: GCC  CompilerVersion: 8.4.0
ProgramName: mris_calc  ProgramArguments: mris_calc -all-info  ProgramVersion: 7.3.2  TimeStamp: 2026/03/14-11:46:49-GMT  BuildTime: Aug  4 2022 06:17:15  BuildStamp: freesurfer-linux-ubuntu22_x86_64-7.3.2-20220804-6354275  User: oesteban  Machine: dna071  Platform: Linux  PlatformVersion: 5.14.0-427.37.1.el9_4.x86_64  CompilerName: GCC  CompilerVersion: 8.4.0
ProgramName: mris_convert  ProgramArguments: mris_convert -all-info  ProgramVersion: 7.3.2  TimeStamp: 2026/03/14-11:46:49-GMT  BuildTime: Aug  4 2022 06:17:15  BuildStamp: freesurfer-linux-ubuntu22_x86_64-7.3.2-20220804-6354275  User: oesteban  Machine: dna071  Platform: Linux  PlatformVersion: 5.14.0-427.37.1.el9_4.x86_64  CompilerName: GCC  CompilerVersion: 8.4.0
ProgramName: mris_curvature  ProgramArguments: mris_curvature -all-info  ProgramVersion: 7.3.2  TimeStamp: 2026/03/14-11:46:49-GMT  BuildTime: Aug  4 2022 06:17:15  BuildStamp: freesurfer-linux-ubuntu22_x86_64-7.3.2-20220804-6354275  User: oesteban  Machine: dna071  Platform: Linux  PlatformVersion: 5.14.0-427.37.1.el9_4.x86_64  CompilerName: GCC  CompilerVersion: 8.4.0
ProgramName: mris_curvature_stats  ProgramArguments: mris_curvature_stats -all-info  ProgramVersion: 7.3.2  TimeStamp: 2026/03/14-11:46:49-GMT  BuildTime: Aug  4 2022 06:17:15  BuildStamp: freesurfer-linux-ubuntu22_x86_64-7.3.2-20220804-6354275  User: oesteban  Machine: dna071  Platform: Linux  PlatformVersion: 5.14.0-427.37.1.el9_4.x86_64  CompilerName: GCC  CompilerVersion: 8.4.0
ProgramName: mris_diff  ProgramArguments: mris_diff -all-info  ProgramVersion: 7.3.2  TimeStamp: 2026/03/14-11:46:49-GMT  BuildTime: Aug  4 2022 06:17:15  BuildStamp: freesurfer-linux-ubuntu22_x86_64-7.3.2-20220804-6354275  User: oesteban  Machine: dna071  Platform: Linux  PlatformVersion: 5.14.0-427.37.1.el9_4.x86_64  CompilerName: GCC  CompilerVersion: 8.4.0
ProgramName: mris_divide_parcellation  ProgramArguments: mris_divide_parcellation -all-info  ProgramVersion: 7.3.2  TimeStamp: 2026/03/14-11:46:49-GMT  BuildTime: Aug  4 2022 06:17:15  BuildStamp: freesurfer-linux-ubuntu22_x86_64-7.3.2-20220804-6354275  User: oesteban  Machine: dna071  Platform: Linux  PlatformVersion: 5.14.0-427.37.1.el9_4.x86_64  CompilerName: GCC  CompilerVersion: 8.4.0
ProgramName: mri_segment  ProgramArguments: mri_segment -all-info  ProgramVersion: 7.3.2  TimeStamp: 2026/03/14-11:46:49-GMT  BuildTime: Aug  4 2022 06:17:15  BuildStamp: freesurfer-linux-ubuntu22_x86_64-7.3.2-20220804-6354275  User: oesteban  Machine: dna071  Platform: Linux  PlatformVersion: 5.14.0-427.37.1.el9_4.x86_64  CompilerName: GCC  CompilerVersion: 8.4.0
ProgramName: mri_segstats  ProgramArguments: mri_segstats -all-info  ProgramVersion: 7.3.2  TimeStamp: 2026/03/14-11:46:49-GMT  BuildTime: Aug  4 2022 06:17:15  BuildStamp: freesurfer-linux-ubuntu22_x86_64-7.3.2-20220804-6354275  User: oesteban  Machine: dna071  Platform: Linux  PlatformVersion: 5.14.0-427.37.1.el9_4.x86_64  CompilerName: GCC  CompilerVersion: 8.4.0
ProgramName: mris_euler_number  ProgramArguments: mris_euler_number -all-info  ProgramVersion: 7.3.2  TimeStamp: 2026/03/14-11:46:49-GMT  BuildTime: Aug  4 2022 06:17:15  BuildStamp: freesurfer-linux-ubuntu22_x86_64-7.3.2-20220804-6354275  User: oesteban  Machine: dna071  Platform: Linux  PlatformVersion: 5.14.0-427.37.1.el9_4.x86_64  CompilerName: GCC  CompilerVersion: 8.4.0
ProgramName: mris_fix_topology  ProgramArguments: mris_fix_topology -all-info  ProgramVersion: 7.3.2  TimeStamp: 2026/03/14-11:46:49-GMT  BuildTime: Aug  4 2022 06:17:15  BuildStamp: freesurfer-linux-ubuntu22_x86_64-7.3.2-20220804-6354275  User: oesteban  Machine: dna071  Platform: Linux  PlatformVersion: 5.14.0-427.37.1.el9_4.x86_64  CompilerName: GCC  CompilerVersion: 8.4.0
ProgramName: mris_topo_fixer  ProgramArguments: mris_topo_fixer -all-info  ProgramVersion: 7.3.2  TimeStamp: 2026/03/14-11:46:49-GMT  BuildTime: Aug  4 2022 06:17:15  BuildStamp: freesurfer-linux-ubuntu22_x86_64-7.3.2-20220804-6354275  User: oesteban  Machine: dna071  Platform: Linux  PlatformVersion: 5.14.0-427.37.1.el9_4.x86_64  CompilerName: GCC  CompilerVersion: 8.4.0
ProgramName: mris_jacobian  ProgramArguments: mris_jacobian -all-info  ProgramVersion: 7.3.2  TimeStamp: 2026/03/14-11:46:49-GMT  BuildTime: Aug  4 2022 06:17:15  BuildStamp: freesurfer-linux-ubuntu22_x86_64-7.3.2-20220804-6354275  User: oesteban  Machine: dna071  Platform: Linux  PlatformVersion: 5.14.0-427.37.1.el9_4.x86_64  CompilerName: GCC  CompilerVersion: 8.4.0
ProgramName: mris_label2annot  ProgramArguments: mris_label2annot -all-info  ProgramVersion: 7.3.2  TimeStamp: 2026/03/14-11:46:49-GMT  BuildTime: Aug  4 2022 06:17:15  BuildStamp: freesurfer-linux-ubuntu22_x86_64-7.3.2-20220804-6354275  User: oesteban  Machine: dna071  Platform: Linux  PlatformVersion: 5.14.0-427.37.1.el9_4.x86_64  CompilerName: GCC  CompilerVersion: 8.4.0
ProgramName: mris_left_right_register  ProgramArguments: mris_left_right_register -all-info  ProgramVersion: 7.3.2  TimeStamp: 2026/03/14-11:46:49-GMT  BuildTime: Aug  4 2022 06:17:15  BuildStamp: freesurfer-linux-ubuntu22_x86_64-7.3.2-20220804-6354275  User: oesteban  Machine: dna071  Platform: Linux  PlatformVersion: 5.14.0-427.37.1.el9_4.x86_64  CompilerName: GCC  CompilerVersion: 8.4.0
ProgramName: mris_place_surface  ProgramArguments: mris_place_surface -all-info  ProgramVersion: 7.3.2  TimeStamp: 2026/03/14-11:46:49-GMT  BuildTime: Aug  4 2022 06:17:15  BuildStamp: freesurfer-linux-ubuntu22_x86_64-7.3.2-20220804-6354275  User: oesteban  Machine: dna071  Platform: Linux  PlatformVersion: 5.14.0-427.37.1.el9_4.x86_64  CompilerName: GCC  CompilerVersion: 8.4.0
ProgramName: mrisp_paint  ProgramArguments: mrisp_paint -all-info  ProgramVersion: 7.3.2  TimeStamp: 2026/03/14-11:46:49-GMT  BuildTime: Aug  4 2022 06:17:15  BuildStamp: freesurfer-linux-ubuntu22_x86_64-7.3.2-20220804-6354275  User: oesteban  Machine: dna071  Platform: Linux  PlatformVersion: 5.14.0-427.37.1.el9_4.x86_64  CompilerName: GCC  CompilerVersion: 8.4.0
ProgramName: mris_register  ProgramArguments: mris_register -all-info  ProgramVersion: 7.3.2  TimeStamp: 2026/03/14-11:46:49-GMT  BuildTime: Aug  4 2022 06:17:15  BuildStamp: freesurfer-linux-ubuntu22_x86_64-7.3.2-20220804-6354275  User: oesteban  Machine: dna071  Platform: Linux  PlatformVersion: 5.14.0-427.37.1.el9_4.x86_64  CompilerName: GCC  CompilerVersion: 8.4.0
ProgramName: mris_smooth  ProgramArguments: mris_smooth -all-info  ProgramVersion: 7.3.2  TimeStamp: 2026/03/14-11:46:49-GMT  BuildTime: Aug  4 2022 06:17:15  BuildStamp: freesurfer-linux-ubuntu22_x86_64-7.3.2-20220804-6354275  User: oesteban  Machine: dna071  Platform: Linux  PlatformVersion: 5.14.0-427.37.1.el9_4.x86_64  CompilerName: GCC  CompilerVersion: 8.4.0
ProgramName: mris_sphere  ProgramArguments: mris_sphere -all-info  ProgramVersion: 7.3.2  TimeStamp: 2026/03/14-11:46:49-GMT  BuildTime: Aug  4 2022 06:17:15  BuildStamp: freesurfer-linux-ubuntu22_x86_64-7.3.2-20220804-6354275  User: oesteban  Machine: dna071  Platform: Linux  PlatformVersion: 5.14.0-427.37.1.el9_4.x86_64  CompilerName: GCC  CompilerVersion: 8.4.0
ProgramName: mris_surface_stats  ProgramArguments: mris_surface_stats -all-info  ProgramVersion: 7.3.2  TimeStamp: 2026/03/14-11:46:49-GMT  BuildTime: Aug  4 2022 06:17:15  BuildStamp: freesurfer-linux-ubuntu22_x86_64-7.3.2-20220804-6354275  User: oesteban  Machine: dna071  Platform: Linux  PlatformVersion: 5.14.0-427.37.1.el9_4.x86_64  CompilerName: GCC  CompilerVersion: 8.4.0
ProgramName: mri_stats2seg  ProgramArguments: mri_stats2seg -all-info  ProgramVersion: 7.3.2  TimeStamp: 2026/03/14-11:46:49-GMT  BuildTime: Aug  4 2022 06:17:15  BuildStamp: freesurfer-linux-ubuntu22_x86_64-7.3.2-20220804-6354275  User: oesteban  Machine: dna071  Platform: Linux  PlatformVersion: 5.14.0-427.37.1.el9_4.x86_64  CompilerName: GCC  CompilerVersion: 8.4.0
ProgramName: mris_thickness  ProgramArguments: mris_thickness -all-info  ProgramVersion: 7.3.2  TimeStamp: 2026/03/14-11:46:49-GMT  BuildTime: Aug  4 2022 06:17:15  BuildStamp: freesurfer-linux-ubuntu22_x86_64-7.3.2-20220804-6354275  User: oesteban  Machine: dna071  Platform: Linux  PlatformVersion: 5.14.0-427.37.1.el9_4.x86_64  CompilerName: GCC  CompilerVersion: 8.4.0
ProgramName: mris_thickness_diff  ProgramArguments: mris_thickness_diff -all-info  ProgramVersion: 7.3.2  TimeStamp: 2026/03/14-11:46:49-GMT  BuildTime: Aug  4 2022 06:17:15  BuildStamp: freesurfer-linux-ubuntu22_x86_64-7.3.2-20220804-6354275  User: oesteban  Machine: dna071  Platform: Linux  PlatformVersion: 5.14.0-427.37.1.el9_4.x86_64  CompilerName: GCC  CompilerVersion: 8.4.0
ProgramName: mris_topo_fixer  ProgramArguments: mris_topo_fixer -all-info  ProgramVersion: 7.3.2  TimeStamp: 2026/03/14-11:46:49-GMT  BuildTime: Aug  4 2022 06:17:15  BuildStamp: freesurfer-linux-ubuntu22_x86_64-7.3.2-20220804-6354275  User: oesteban  Machine: dna071  Platform: Linux  PlatformVersion: 5.14.0-427.37.1.el9_4.x86_64  CompilerName: GCC  CompilerVersion: 8.4.0
ProgramName: mri_surf2surf  ProgramArguments: mri_surf2surf -all-info  ProgramVersion: 7.3.2  TimeStamp: 2026/03/14-11:46:49-GMT  BuildTime: Aug  4 2022 06:17:15  BuildStamp: freesurfer-linux-ubuntu22_x86_64-7.3.2-20220804-6354275  User: oesteban  Machine: dna071  Platform: Linux  PlatformVersion: 5.14.0-427.37.1.el9_4.x86_64  CompilerName: GCC  CompilerVersion: 8.4.0
ProgramName: mri_surf2vol  ProgramArguments: mri_surf2vol -all-info  ProgramVersion: 7.3.2  TimeStamp: 2026/03/14-11:46:49-GMT  BuildTime: Aug  4 2022 06:17:15  BuildStamp: freesurfer-linux-ubuntu22_x86_64-7.3.2-20220804-6354275  User: oesteban  Machine: dna071  Platform: Linux  PlatformVersion: 5.14.0-427.37.1.el9_4.x86_64  CompilerName: GCC  CompilerVersion: 8.4.0
ProgramName: mri_surfcluster  ProgramArguments: mri_surfcluster -all-info  ProgramVersion: 7.3.2  TimeStamp: 2026/03/14-11:46:49-GMT  BuildTime: Aug  4 2022 06:17:15  BuildStamp: freesurfer-linux-ubuntu22_x86_64-7.3.2-20220804-6354275  User: oesteban  Machine: dna071  Platform: Linux  PlatformVersion: 5.14.0-427.37.1.el9_4.x86_64  CompilerName: GCC  CompilerVersion: 8.4.0
ProgramName: mris_volmask  ProgramArguments: mris_volmask -all-info  ProgramVersion: 7.3.2  TimeStamp: 2026/03/14-11:46:49-GMT  BuildTime: Aug  4 2022 06:17:15  BuildStamp: freesurfer-linux-ubuntu22_x86_64-7.3.2-20220804-6354275  User: oesteban  Machine: dna071  Platform: Linux  PlatformVersion: 5.14.0-427.37.1.el9_4.x86_64  CompilerName: GCC  CompilerVersion: 8.4.0
ProgramName: mri_tessellate  ProgramArguments: mri_tessellate -all-info  ProgramVersion: 7.3.2  TimeStamp: 2026/03/14-11:46:49-GMT  BuildTime: Aug  4 2022 06:17:15  BuildStamp: freesurfer-linux-ubuntu22_x86_64-7.3.2-20220804-6354275  User: oesteban  Machine: dna071  Platform: Linux  PlatformVersion: 5.14.0-427.37.1.el9_4.x86_64  CompilerName: GCC  CompilerVersion: 8.4.0
ProgramName: mri_vol2surf  ProgramArguments: mri_vol2surf -all-info  ProgramVersion: 7.3.2  TimeStamp: 2026/03/14-11:46:49-GMT  BuildTime: Aug  4 2022 06:17:15  BuildStamp: freesurfer-linux-ubuntu22_x86_64-7.3.2-20220804-6354275  User: oesteban  Machine: dna071  Platform: Linux  PlatformVersion: 5.14.0-427.37.1.el9_4.x86_64  CompilerName: GCC  CompilerVersion: 8.4.0
ProgramName: mri_vol2vol  ProgramArguments: mri_vol2vol -all-info  ProgramVersion: 7.3.2  TimeStamp: 2026/03/14-11:46:49-GMT  BuildTime: Aug  4 2022 06:17:15  BuildStamp: freesurfer-linux-ubuntu22_x86_64-7.3.2-20220804-6354275  User: oesteban  Machine: dna071  Platform: Linux  PlatformVersion: 5.14.0-427.37.1.el9_4.x86_64  CompilerName: GCC  CompilerVersion: 8.4.0
ProgramName: mri_voldiff  ProgramArguments: mri_voldiff -all-info  ProgramVersion: 7.3.2  TimeStamp: 2026/03/14-11:46:49-GMT  BuildTime: Aug  4 2022 06:17:15  BuildStamp: freesurfer-linux-ubuntu22_x86_64-7.3.2-20220804-6354275  User: oesteban  Machine: dna071  Platform: Linux  PlatformVersion: 5.14.0-427.37.1.el9_4.x86_64  CompilerName: GCC  CompilerVersion: 8.4.0
ProgramName: mri_watershed  ProgramArguments: mri_watershed -all-info  ProgramVersion: 7.3.2  TimeStamp: 2026/03/14-11:46:49-GMT  BuildTime: Aug  4 2022 06:17:15  BuildStamp: freesurfer-linux-ubuntu22_x86_64-7.3.2-20220804-6354275  User: oesteban  Machine: dna071  Platform: Linux  PlatformVersion: 5.14.0-427.37.1.el9_4.x86_64  CompilerName: GCC  CompilerVersion: 8.4.0
ProgramName: tkregister2  ProgramArguments: tkregister2_cmdl -all-info  ProgramVersion: 7.3.2  TimeStamp: 2026/03/14-11:46:49-GMT  BuildTime: Aug  4 2022 06:17:15  BuildStamp: freesurfer-linux-ubuntu22_x86_64-7.3.2-20220804-6354275  User: oesteban  Machine: dna071  Platform: Linux  PlatformVersion: 5.14.0-427.37.1.el9_4.x86_64  CompilerName: GCC  CompilerVersion: 8.4.0
mri_motion_correct.fsl 7.3.2
mri_convert -all-info 
ProgramName: mri_convert  ProgramArguments: mri_convert -all-info  ProgramVersion: 7.3.2  TimeStamp: 2026/03/14-11:46:49-GMT  BuildTime: Aug  4 2022 06:17:15  BuildStamp: freesurfer-linux-ubuntu22_x86_64-7.3.2-20220804-6354275  User: oesteban  Machine: dna071  Platform: Linux  PlatformVersion: 5.14.0-427.37.1.el9_4.x86_64  CompilerName: GCC  CompilerVersion: 8.4.0
Program nu_correct, built from:
Package MNI N3, version 1.12.0, compiled by nicks@terrier (x86_64-unknown-linux-gnu) on 2015-06-19 at 01:25:34
#######################################
GCADIR /opt/freesurfer/average
GCA RB_all_2020-01-02.gca
GCASkull RB_all_withskull_2020_01_02.gca
AvgCurvTif folding.atlas.acfb40.noaparc.i12.2016-08-02.tif
GCSDIR /opt/freesurfer/average
GCS DKaparc.atlas.acfb40.noaparc.i12.2016-08-02.gcs
#######################################
#@# white curv lh Sat Mar 14 12:46:49 CET 2026
cd /out/sourcedata/freesurfer/sub-v2s9x29157_ses-1/mri
mris_place_surface --curv-map ../surf/lh.white 2 10 ../surf/lh.curv
   Update not needed
#@# white area lh Sat Mar 14 12:46:49 CET 2026
cd /out/sourcedata/freesurfer/sub-v2s9x29157_ses-1/mri
mris_place_surface --area-map ../surf/lh.white ../surf/lh.area
   Update not needed
#@# pial curv lh Sat Mar 14 12:46:49 CET 2026
cd /out/sourcedata/freesurfer/sub-v2s9x29157_ses-1/mri
mris_place_surface --curv-map ../surf/lh.pial 2 10 ../surf/lh.curv.pial
   Update not needed
#@# pial area lh Sat Mar 14 12:46:49 CET 2026
cd /out/sourcedata/freesurfer/sub-v2s9x29157_ses-1/mri
mris_place_surface --area-map ../surf/lh.pial ../surf/lh.area.pial
   Update not needed
#@# thickness lh Sat Mar 14 12:46:49 CET 2026
cd /out/sourcedata/freesurfer/sub-v2s9x29157_ses-1/mri
mris_place_surface --thickness ../surf/lh.white ../surf/lh.pial 20 5 ../surf/lh.thickness
   Update not needed
#@# area and vertex vol lh Sat Mar 14 12:46:49 CET 2026
cd /out/sourcedata/freesurfer/sub-v2s9x29157_ses-1/mri
mris_place_surface --thickness ../surf/lh.white ../surf/lh.pial 20 5 ../surf/lh.thickness
   Update not needed
#@# white curv rh Sat Mar 14 12:46:49 CET 2026
cd /out/sourcedata/freesurfer/sub-v2s9x29157_ses-1/mri
mris_place_surface --curv-map ../surf/rh.white 2 10 ../surf/rh.curv
   Update not needed
#@# white area rh Sat Mar 14 12:46:49 CET 2026
cd /out/sourcedata/freesurfer/sub-v2s9x29157_ses-1/mri
mris_place_surface --area-map ../surf/rh.white ../surf/rh.area
   Update not needed
#@# pial curv rh Sat Mar 14 12:46:49 CET 2026
cd /out/sourcedata/freesurfer/sub-v2s9x29157_ses-1/mri
mris_place_surface --curv-map ../surf/rh.pial 2 10 ../surf/rh.curv.pial
   Update not needed
#@# pial area rh Sat Mar 14 12:46:49 CET 2026
cd /out/sourcedata/freesurfer/sub-v2s9x29157_ses-1/mri
mris_place_surface --area-map ../surf/rh.pial ../surf/rh.area.pial
   Update not needed
#@# thickness rh Sat Mar 14 12:46:49 CET 2026
cd /out/sourcedata/freesurfer/sub-v2s9x29157_ses-1/mri
mris_place_surface --thickness ../surf/rh.white ../surf/rh.pial 20 5 ../surf/rh.thickness
   Update not needed
#@# area and vertex vol rh Sat Mar 14 12:46:49 CET 2026
cd /out/sourcedata/freesurfer/sub-v2s9x29157_ses-1/mri
mris_place_surface --thickness ../surf/rh.white ../surf/rh.pial 20 5 ../surf/rh.thickness
   Update not needed
#--------------------------------------------
#@# Cortical ribbon mask Sat Mar 14 12:46:49 CET 2026
/out/sourcedata/freesurfer/sub-v2s9x29157_ses-1/mri

 mris_volmask --aseg_name aseg.presurf --label_left_white 2 --label_left_ribbon 3 --label_right_white 41 --label_right_ribbon 42 --save_ribbon sub-v2s9x29157_ses-1 

SUBJECTS_DIR is /out/sourcedata/freesurfer
loading input data...
Running hemis serially
Processing left hemi
computing distance to left white surface 
computing distance to left pial surface 
Processing right hemi
computing distance to right white surface 
computing distance to right pial surface 
 hemi masks overlap voxels = 273
writing volume /out/sourcedata/freesurfer/sub-v2s9x29157_ses-1/mri/ribbon.mgz
mris_volmask took 3.16 minutes
 writing ribbon files

Started at Sat Mar 14 12:46:49 CET 2026 
Ended   at Sat Mar 14 12:49:59 CET 2026
#@#%# recon-all-run-time-hours 0.053
recon-all -s sub-v2s9x29157_ses-1 finished without error at Sat Mar 14 12:49:59 CET 2026



#New# invocation of recon-all 




Sat Mar 14 12:55:26 CET 2026
cd /out/sourcedata/freesurfer/sub-v2s9x29157_ses-1
setenv SUBJECTS_DIR /out/sourcedata/freesurfer
/opt/freesurfer/bin/recon-all -autorecon3 -openmp 16 -subjid sub-v2s9x29157_ses-1 -sd /out/sourcedata/freesurfer -nosphere -nosurfreg -nojacobian_white -noavgcurv -nocortparc -nopial -noparcstats -nocortparc2 -noparcstats2 -nocortparc3 -noparcstats3 -nopctsurfcon -nocortribbon -nobalabels

subjid sub-v2s9x29157_ses-1
setenv SUBJECTS_DIR /out/sourcedata/freesurfer
FREESURFER_HOME /opt/freesurfer
Actual FREESURFER_HOME /opt/freesurfer
build-stamp.txt: freesurfer-linux-ubuntu22_x86_64-7.3.2-20220804-6354275
Linux dna071 5.14.0-427.37.1.el9_4.x86_64 #1 SMP PREEMPT_DYNAMIC Fri Sep 13 12:41:50 EDT 2024 x86_64 x86_64 x86_64 GNU/Linux
cputime      unlimited
filesize     unlimited
datasize     unlimited
stacksize    8192 kbytes
coredumpsize 0 kbytes
memoryuse    67108864 kbytes
vmemoryuse   unlimited
descriptors  1024 
memorylocked unlimited
maxproc      2061970 
maxlocks     unlimited
maxsignal    2062029 
maxmessage   819200 
maxnice      0 
maxrtprio    0 
maxrttime    unlimited

               total        used        free      shared  buff/cache   available
Mem:           503Gi        63Gi       288Gi       9.4Gi       151Gi       427Gi
Swap:             0B          0B          0B

########################################
program versions used
7.3.2 (freesurfer-linux-ubuntu22_x86_64-7.3.2-20220804-6354275)
7.3.2

ProgramName: lta_convert  ProgramArguments: lta_convert -all-info  ProgramVersion: 7.3.2  TimeStamp: 2026/03/14-11:55:26-GMT  BuildTime: Aug  4 2022 06:17:15  BuildStamp: freesurfer-linux-ubuntu22_x86_64-7.3.2-20220804-6354275  User: oesteban  Machine: dna071  Platform: Linux  PlatformVersion: 5.14.0-427.37.1.el9_4.x86_64  CompilerName: GCC  CompilerVersion: 8.4.0
ProgramName: mri_and  ProgramArguments: mri_and -all-info  ProgramVersion: 7.3.2  TimeStamp: 2026/03/14-11:55:26-GMT  BuildTime: Aug  4 2022 06:17:15  BuildStamp: freesurfer-linux-ubuntu22_x86_64-7.3.2-20220804-6354275  User: oesteban  Machine: dna071  Platform: Linux  PlatformVersion: 5.14.0-427.37.1.el9_4.x86_64  CompilerName: GCC  CompilerVersion: 8.4.0
ProgramName: mri_annotation2label  ProgramArguments: mri_annotation2label -all-info  ProgramVersion: 7.3.2  TimeStamp: 2026/03/14-11:55:26-GMT  BuildTime: Aug  4 2022 06:17:15  BuildStamp: freesurfer-linux-ubuntu22_x86_64-7.3.2-20220804-6354275  User: oesteban  Machine: dna071  Platform: Linux  PlatformVersion: 5.14.0-427.37.1.el9_4.x86_64  CompilerName: GCC  CompilerVersion: 8.4.0
ProgramName: mri_aparc2aseg  ProgramArguments: mri_aparc2aseg -all-info  ProgramVersion: 7.3.2  TimeStamp: 2026/03/14-11:55:26-GMT  BuildTime: Aug  4 2022 06:17:15  BuildStamp: freesurfer-linux-ubuntu22_x86_64-7.3.2-20220804-6354275  User: oesteban  Machine: dna071  Platform: Linux  PlatformVersion: 5.14.0-427.37.1.el9_4.x86_64  CompilerName: GCC  CompilerVersion: 8.4.0
ProgramName: mri_surf2volseg  ProgramArguments: mri_surf2volseg -all-info  ProgramVersion: 7.3.2  TimeStamp: 2026/03/14-11:55:26-GMT  BuildTime: Aug  4 2022 06:17:15  BuildStamp: freesurfer-linux-ubuntu22_x86_64-7.3.2-20220804-6354275  User: oesteban  Machine: dna071  Platform: Linux  PlatformVersion: 5.14.0-427.37.1.el9_4.x86_64  CompilerName: GCC  CompilerVersion: 8.4.0
ProgramName: mri_binarize  ProgramArguments: mri_binarize -all-info  ProgramVersion: 7.3.2  TimeStamp: 2026/03/14-11:55:26-GMT  BuildTime: Aug  4 2022 06:17:15  BuildStamp: freesurfer-linux-ubuntu22_x86_64-7.3.2-20220804-6354275  User: oesteban  Machine: dna071  Platform: Linux  PlatformVersion: 5.14.0-427.37.1.el9_4.x86_64  CompilerName: GCC  CompilerVersion: 8.4.0
ProgramName: mri_ca_label  ProgramArguments: mri_ca_label -all-info  ProgramVersion: 7.3.2  TimeStamp: 2026/03/14-11:55:26-GMT  BuildTime: Aug  4 2022 06:17:15  BuildStamp: freesurfer-linux-ubuntu22_x86_64-7.3.2-20220804-6354275  User: oesteban  Machine: dna071  Platform: Linux  PlatformVersion: 5.14.0-427.37.1.el9_4.x86_64  CompilerName: GCC  CompilerVersion: 8.4.0
ProgramName: mri_ca_normalize  ProgramArguments: mri_ca_normalize -all-info  ProgramVersion: 7.3.2  TimeStamp: 2026/03/14-11:55:26-GMT  BuildTime: Aug  4 2022 06:17:15  BuildStamp: freesurfer-linux-ubuntu22_x86_64-7.3.2-20220804-6354275  User: oesteban  Machine: dna071  Platform: Linux  PlatformVersion: 5.14.0-427.37.1.el9_4.x86_64  CompilerName: GCC  CompilerVersion: 8.4.0
ProgramName: mri_ca_register  ProgramArguments: mri_ca_register -all-info  ProgramVersion: 7.3.2  TimeStamp: 2026/03/14-11:55:26-GMT  BuildTime: Aug  4 2022 06:17:15  BuildStamp: freesurfer-linux-ubuntu22_x86_64-7.3.2-20220804-6354275  User: oesteban  Machine: dna071  Platform: Linux  PlatformVersion: 5.14.0-427.37.1.el9_4.x86_64  CompilerName: GCC  CompilerVersion: 8.4.0
ProgramName: mri_cc  ProgramArguments: mri_cc -all-info  ProgramVersion: 7.3.2  TimeStamp: 2026/03/14-11:55:26-GMT  BuildTime: Aug  4 2022 06:17:15  BuildStamp: freesurfer-linux-ubuntu22_x86_64-7.3.2-20220804-6354275  User: oesteban  Machine: dna071  Platform: Linux  PlatformVersion: 5.14.0-427.37.1.el9_4.x86_64  CompilerName: GCC  CompilerVersion: 8.4.0
ProgramName: mri_compute_overlap  ProgramArguments: mri_compute_overlap -all-info  ProgramVersion: 7.3.2  TimeStamp: 2026/03/14-11:55:26-GMT  BuildTime: Aug  4 2022 06:17:15  BuildStamp: freesurfer-linux-ubuntu22_x86_64-7.3.2-20220804-6354275  User: oesteban  Machine: dna071  Platform: Linux  PlatformVersion: 5.14.0-427.37.1.el9_4.x86_64  CompilerName: GCC  CompilerVersion: 8.4.0
ProgramName: mri_compute_seg_overlap  ProgramArguments: mri_compute_seg_overlap -all-info  ProgramVersion: 7.3.2  TimeStamp: 2026/03/14-11:55:26-GMT  BuildTime: Aug  4 2022 06:17:15  BuildStamp: freesurfer-linux-ubuntu22_x86_64-7.3.2-20220804-6354275  User: oesteban  Machine: dna071  Platform: Linux  PlatformVersion: 5.14.0-427.37.1.el9_4.x86_64  CompilerName: GCC  CompilerVersion: 8.4.0
ProgramName: mri_concat  ProgramArguments: mri_concat -all-info  ProgramVersion: 7.3.2  TimeStamp: 2026/03/14-11:55:26-GMT  BuildTime: Aug  4 2022 06:17:15  BuildStamp: freesurfer-linux-ubuntu22_x86_64-7.3.2-20220804-6354275  User: oesteban  Machine: dna071  Platform: Linux  PlatformVersion: 5.14.0-427.37.1.el9_4.x86_64  CompilerName: GCC  CompilerVersion: 8.4.0
ProgramName: mri_concatenate_lta  ProgramArguments: mri_concatenate_lta -all-info  ProgramVersion: 7.3.2  TimeStamp: 2026/03/14-11:55:26-GMT  BuildTime: Aug  4 2022 06:17:15  BuildStamp: freesurfer-linux-ubuntu22_x86_64-7.3.2-20220804-6354275  User: oesteban  Machine: dna071  Platform: Linux  PlatformVersion: 5.14.0-427.37.1.el9_4.x86_64  CompilerName: GCC  CompilerVersion: 8.4.0
mri_convert -all-info 
ProgramName: mri_convert  ProgramArguments: mri_convert -all-info  ProgramVersion: 7.3.2  TimeStamp: 2026/03/14-11:55:26-GMT  BuildTime: Aug  4 2022 06:17:15  BuildStamp: freesurfer-linux-ubuntu22_x86_64-7.3.2-20220804-6354275  User: oesteban  Machine: dna071  Platform: Linux  PlatformVersion: 5.14.0-427.37.1.el9_4.x86_64  CompilerName: GCC  CompilerVersion: 8.4.0
ProgramName: mri_diff  ProgramArguments: mri_diff -all-info  ProgramVersion: 7.3.2  TimeStamp: 2026/03/14-11:55:26-GMT  BuildTime: Aug  4 2022 06:17:15  BuildStamp: freesurfer-linux-ubuntu22_x86_64-7.3.2-20220804-6354275  User: oesteban  Machine: dna071  Platform: Linux  PlatformVersion: 5.14.0-427.37.1.el9_4.x86_64  CompilerName: GCC  CompilerVersion: 8.4.0
ProgramName: mri_edit_wm_with_aseg  ProgramArguments: mri_edit_wm_with_aseg -all-info  ProgramVersion: 7.3.2  TimeStamp: 2026/03/14-11:55:26-GMT  BuildTime: Aug  4 2022 06:17:15  BuildStamp: freesurfer-linux-ubuntu22_x86_64-7.3.2-20220804-6354275  User: oesteban  Machine: dna071  Platform: Linux  PlatformVersion: 5.14.0-427.37.1.el9_4.x86_64  CompilerName: GCC  CompilerVersion: 8.4.0
ProgramName: mri_em_register  ProgramArguments: mri_em_register -all-info  ProgramVersion: 7.3.2  TimeStamp: 2026/03/14-11:55:26-GMT  BuildTime: Aug  4 2022 06:17:15  BuildStamp: freesurfer-linux-ubuntu22_x86_64-7.3.2-20220804-6354275  User: oesteban  Machine: dna071  Platform: Linux  PlatformVersion: 5.14.0-427.37.1.el9_4.x86_64  CompilerName: GCC  CompilerVersion: 8.4.0
ProgramName: mri_fill  ProgramArguments: mri_fill -all-info  ProgramVersion: 7.3.2  TimeStamp: 2026/03/14-11:55:26-GMT  BuildTime: Aug  4 2022 06:17:15  BuildStamp: freesurfer-linux-ubuntu22_x86_64-7.3.2-20220804-6354275  User: oesteban  Machine: dna071  Platform: Linux  PlatformVersion: 5.14.0-427.37.1.el9_4.x86_64  CompilerName: GCC  CompilerVersion: 8.4.0
ProgramName: mri_fuse_segmentations  ProgramArguments: mri_fuse_segmentations -all-info  ProgramVersion: 7.3.2  TimeStamp: 2026/03/14-11:55:26-GMT  BuildTime: Aug  4 2022 06:17:15  BuildStamp: freesurfer-linux-ubuntu22_x86_64-7.3.2-20220804-6354275  User: oesteban  Machine: dna071  Platform: Linux  PlatformVersion: 5.14.0-427.37.1.el9_4.x86_64  CompilerName: GCC  CompilerVersion: 8.4.0
ProgramName: mri_fwhm  ProgramArguments: mri_fwhm -all-info  ProgramVersion: 7.3.2  TimeStamp: 2026/03/14-11:55:26-GMT  BuildTime: Aug  4 2022 06:17:15  BuildStamp: freesurfer-linux-ubuntu22_x86_64-7.3.2-20220804-6354275  User: oesteban  Machine: dna071  Platform: Linux  PlatformVersion: 5.14.0-427.37.1.el9_4.x86_64  CompilerName: GCC  CompilerVersion: 8.4.0
ProgramName: mri_gcut  ProgramArguments: mri_gcut -all-info  ProgramVersion: 7.3.2  TimeStamp: 2026/03/14-11:55:26-GMT  BuildTime: Aug  4 2022 06:17:15  BuildStamp: freesurfer-linux-ubuntu22_x86_64-7.3.2-20220804-6354275  User: oesteban  Machine: dna071  Platform: Linux  PlatformVersion: 5.14.0-427.37.1.el9_4.x86_64  CompilerName: GCC  CompilerVersion: 8.4.0
ProgramName: mri_info  ProgramArguments: mri_info -all-info  ProgramVersion: 7.3.2  TimeStamp: 2026/03/14-11:55:26-GMT  BuildTime: Aug  4 2022 06:17:15  BuildStamp: freesurfer-linux-ubuntu22_x86_64-7.3.2-20220804-6354275  User: oesteban  Machine: dna071  Platform: Linux  PlatformVersion: 5.14.0-427.37.1.el9_4.x86_64  CompilerName: GCC  CompilerVersion: 8.4.0
ProgramName: mri_label2label  ProgramArguments: mri_label2label -all-info  ProgramVersion: 7.3.2  TimeStamp: 2026/03/14-11:55:26-GMT  BuildTime: Aug  4 2022 06:17:15  BuildStamp: freesurfer-linux-ubuntu22_x86_64-7.3.2-20220804-6354275  User: oesteban  Machine: dna071  Platform: Linux  PlatformVersion: 5.14.0-427.37.1.el9_4.x86_64  CompilerName: GCC  CompilerVersion: 8.4.0
ProgramName: mri_label2vol  ProgramArguments: mri_label2vol -all-info  ProgramVersion: 7.3.2  TimeStamp: 2026/03/14-11:55:26-GMT  BuildTime: Aug  4 2022 06:17:15  BuildStamp: freesurfer-linux-ubuntu22_x86_64-7.3.2-20220804-6354275  User: oesteban  Machine: dna071  Platform: Linux  PlatformVersion: 5.14.0-427.37.1.el9_4.x86_64  CompilerName: GCC  CompilerVersion: 8.4.0
ProgramName: mri_log_likelihood  ProgramArguments: mri_log_likelihood -all-info  ProgramVersion: 7.3.2  TimeStamp: 2026/03/14-11:55:26-GMT  BuildTime: Aug  4 2022 06:17:15  BuildStamp: freesurfer-linux-ubuntu22_x86_64-7.3.2-20220804-6354275  User: oesteban  Machine: dna071  Platform: Linux  PlatformVersion: 5.14.0-427.37.1.el9_4.x86_64  CompilerName: GCC  CompilerVersion: 8.4.0
ProgramName: mri_mask  ProgramArguments: mri_mask -all-info  ProgramVersion: 7.3.2  TimeStamp: 2026/03/14-11:55:26-GMT  BuildTime: Aug  4 2022 06:17:15  BuildStamp: freesurfer-linux-ubuntu22_x86_64-7.3.2-20220804-6354275  User: oesteban  Machine: dna071  Platform: Linux  PlatformVersion: 5.14.0-427.37.1.el9_4.x86_64  CompilerName: GCC  CompilerVersion: 8.4.0
ProgramName: mri_matrix_multiply  ProgramArguments: mri_matrix_multiply -all-info  ProgramVersion: 7.3.2  TimeStamp: 2026/03/14-11:55:26-GMT  BuildTime: Aug  4 2022 06:17:15  BuildStamp: freesurfer-linux-ubuntu22_x86_64-7.3.2-20220804-6354275  User: oesteban  Machine: dna071  Platform: Linux  PlatformVersion: 5.14.0-427.37.1.el9_4.x86_64  CompilerName: GCC  CompilerVersion: 8.4.0
ProgramName: mri_normalize  ProgramArguments: mri_normalize -all-info  ProgramVersion: 7.3.2  TimeStamp: 2026/03/14-11:55:26-GMT  BuildTime: Aug  4 2022 06:17:15  BuildStamp: freesurfer-linux-ubuntu22_x86_64-7.3.2-20220804-6354275  User: oesteban  Machine: dna071  Platform: Linux  PlatformVersion: 5.14.0-427.37.1.el9_4.x86_64  CompilerName: GCC  CompilerVersion: 8.4.0
ProgramName: mri_normalize_tp2  ProgramArguments: mri_normalize_tp2 -all-info  ProgramVersion: 7.3.2  TimeStamp: 2026/03/14-11:55:26-GMT  BuildTime: Aug  4 2022 06:17:15  BuildStamp: freesurfer-linux-ubuntu22_x86_64-7.3.2-20220804-6354275  User: oesteban  Machine: dna071  Platform: Linux  PlatformVersion: 5.14.0-427.37.1.el9_4.x86_64  CompilerName: GCC  CompilerVersion: 8.4.0
ProgramName: mri_or  ProgramArguments: mri_or -all-info  ProgramVersion: 7.3.2  TimeStamp: 2026/03/14-11:55:26-GMT  BuildTime: Aug  4 2022 06:17:15  BuildStamp: freesurfer-linux-ubuntu22_x86_64-7.3.2-20220804-6354275  User: oesteban  Machine: dna071  Platform: Linux  PlatformVersion: 5.14.0-427.37.1.el9_4.x86_64  CompilerName: GCC  CompilerVersion: 8.4.0
ProgramName: mri_relabel_hypointensities  ProgramArguments: mri_relabel_hypointensities -all-info  ProgramVersion: 7.3.2  TimeStamp: 2026/03/14-11:55:26-GMT  BuildTime: Aug  4 2022 06:17:15  BuildStamp: freesurfer-linux-ubuntu22_x86_64-7.3.2-20220804-6354275  User: oesteban  Machine: dna071  Platform: Linux  PlatformVersion: 5.14.0-427.37.1.el9_4.x86_64  CompilerName: GCC  CompilerVersion: 8.4.0
ProgramName: mri_relabel_nonwm_hypos  ProgramArguments: mri_relabel_nonwm_hypos -all-info  ProgramVersion: 7.3.2  TimeStamp: 2026/03/14-11:55:26-GMT  BuildTime: Aug  4 2022 06:17:15  BuildStamp: freesurfer-linux-ubuntu22_x86_64-7.3.2-20220804-6354275  User: oesteban  Machine: dna071  Platform: Linux  PlatformVersion: 5.14.0-427.37.1.el9_4.x86_64  CompilerName: GCC  CompilerVersion: 8.4.0
ProgramName: mri_remove_neck  ProgramArguments: mri_remove_neck -all-info  ProgramVersion: 7.3.2  TimeStamp: 2026/03/14-11:55:26-GMT  BuildTime: Aug  4 2022 06:17:15  BuildStamp: freesurfer-linux-ubuntu22_x86_64-7.3.2-20220804-6354275  User: oesteban  Machine: dna071  Platform: Linux  PlatformVersion: 5.14.0-427.37.1.el9_4.x86_64  CompilerName: GCC  CompilerVersion: 8.4.0
7.3.2

ProgramName: mri_robust_register  ProgramArguments: mri_robust_register -all-info  ProgramVersion: 7.3.2  TimeStamp: 2026/03/14-11:55:26-GMT  BuildTime: Aug  4 2022 06:17:15  BuildStamp: freesurfer-linux-ubuntu22_x86_64-7.3.2-20220804-6354275  User: oesteban  Machine: dna071  Platform: Linux  PlatformVersion: 5.14.0-427.37.1.el9_4.x86_64  CompilerName: GCC  CompilerVersion: 8.4.0
7.3.2

ProgramName: mri_robust_template  ProgramArguments: mri_robust_template -all-info  ProgramVersion: 7.3.2  TimeStamp: 2026/03/14-11:55:26-GMT  BuildTime: Aug  4 2022 06:17:15  BuildStamp: freesurfer-linux-ubuntu22_x86_64-7.3.2-20220804-6354275  User: oesteban  Machine: dna071  Platform: Linux  PlatformVersion: 5.14.0-427.37.1.el9_4.x86_64  CompilerName: GCC  CompilerVersion: 8.4.0
ProgramName: mris_anatomical_stats  ProgramArguments: mris_anatomical_stats -all-info  ProgramVersion: 7.3.2  TimeStamp: 2026/03/14-11:55:26-GMT  BuildTime: Aug  4 2022 06:17:15  BuildStamp: freesurfer-linux-ubuntu22_x86_64-7.3.2-20220804-6354275  User: oesteban  Machine: dna071  Platform: Linux  PlatformVersion: 5.14.0-427.37.1.el9_4.x86_64  CompilerName: GCC  CompilerVersion: 8.4.0
ProgramName: mris_ca_label  ProgramArguments: mris_ca_label -all-info  ProgramVersion: 7.3.2  TimeStamp: 2026/03/14-11:55:26-GMT  BuildTime: Aug  4 2022 06:17:15  BuildStamp: freesurfer-linux-ubuntu22_x86_64-7.3.2-20220804-6354275  User: oesteban  Machine: dna071  Platform: Linux  PlatformVersion: 5.14.0-427.37.1.el9_4.x86_64  CompilerName: GCC  CompilerVersion: 8.4.0
ProgramName: mris_calc  ProgramArguments: mris_calc -all-info  ProgramVersion: 7.3.2  TimeStamp: 2026/03/14-11:55:26-GMT  BuildTime: Aug  4 2022 06:17:15  BuildStamp: freesurfer-linux-ubuntu22_x86_64-7.3.2-20220804-6354275  User: oesteban  Machine: dna071  Platform: Linux  PlatformVersion: 5.14.0-427.37.1.el9_4.x86_64  CompilerName: GCC  CompilerVersion: 8.4.0
ProgramName: mris_convert  ProgramArguments: mris_convert -all-info  ProgramVersion: 7.3.2  TimeStamp: 2026/03/14-11:55:26-GMT  BuildTime: Aug  4 2022 06:17:15  BuildStamp: freesurfer-linux-ubuntu22_x86_64-7.3.2-20220804-6354275  User: oesteban  Machine: dna071  Platform: Linux  PlatformVersion: 5.14.0-427.37.1.el9_4.x86_64  CompilerName: GCC  CompilerVersion: 8.4.0
ProgramName: mris_curvature  ProgramArguments: mris_curvature -all-info  ProgramVersion: 7.3.2  TimeStamp: 2026/03/14-11:55:26-GMT  BuildTime: Aug  4 2022 06:17:15  BuildStamp: freesurfer-linux-ubuntu22_x86_64-7.3.2-20220804-6354275  User: oesteban  Machine: dna071  Platform: Linux  PlatformVersion: 5.14.0-427.37.1.el9_4.x86_64  CompilerName: GCC  CompilerVersion: 8.4.0
ProgramName: mris_curvature_stats  ProgramArguments: mris_curvature_stats -all-info  ProgramVersion: 7.3.2  TimeStamp: 2026/03/14-11:55:26-GMT  BuildTime: Aug  4 2022 06:17:15  BuildStamp: freesurfer-linux-ubuntu22_x86_64-7.3.2-20220804-6354275  User: oesteban  Machine: dna071  Platform: Linux  PlatformVersion: 5.14.0-427.37.1.el9_4.x86_64  CompilerName: GCC  CompilerVersion: 8.4.0
ProgramName: mris_diff  ProgramArguments: mris_diff -all-info  ProgramVersion: 7.3.2  TimeStamp: 2026/03/14-11:55:26-GMT  BuildTime: Aug  4 2022 06:17:15  BuildStamp: freesurfer-linux-ubuntu22_x86_64-7.3.2-20220804-6354275  User: oesteban  Machine: dna071  Platform: Linux  PlatformVersion: 5.14.0-427.37.1.el9_4.x86_64  CompilerName: GCC  CompilerVersion: 8.4.0
ProgramName: mris_divide_parcellation  ProgramArguments: mris_divide_parcellation -all-info  ProgramVersion: 7.3.2  TimeStamp: 2026/03/14-11:55:26-GMT  BuildTime: Aug  4 2022 06:17:15  BuildStamp: freesurfer-linux-ubuntu22_x86_64-7.3.2-20220804-6354275  User: oesteban  Machine: dna071  Platform: Linux  PlatformVersion: 5.14.0-427.37.1.el9_4.x86_64  CompilerName: GCC  CompilerVersion: 8.4.0
ProgramName: mri_segment  ProgramArguments: mri_segment -all-info  ProgramVersion: 7.3.2  TimeStamp: 2026/03/14-11:55:26-GMT  BuildTime: Aug  4 2022 06:17:15  BuildStamp: freesurfer-linux-ubuntu22_x86_64-7.3.2-20220804-6354275  User: oesteban  Machine: dna071  Platform: Linux  PlatformVersion: 5.14.0-427.37.1.el9_4.x86_64  CompilerName: GCC  CompilerVersion: 8.4.0
ProgramName: mri_segstats  ProgramArguments: mri_segstats -all-info  ProgramVersion: 7.3.2  TimeStamp: 2026/03/14-11:55:26-GMT  BuildTime: Aug  4 2022 06:17:15  BuildStamp: freesurfer-linux-ubuntu22_x86_64-7.3.2-20220804-6354275  User: oesteban  Machine: dna071  Platform: Linux  PlatformVersion: 5.14.0-427.37.1.el9_4.x86_64  CompilerName: GCC  CompilerVersion: 8.4.0
ProgramName: mris_euler_number  ProgramArguments: mris_euler_number -all-info  ProgramVersion: 7.3.2  TimeStamp: 2026/03/14-11:55:26-GMT  BuildTime: Aug  4 2022 06:17:15  BuildStamp: freesurfer-linux-ubuntu22_x86_64-7.3.2-20220804-6354275  User: oesteban  Machine: dna071  Platform: Linux  PlatformVersion: 5.14.0-427.37.1.el9_4.x86_64  CompilerName: GCC  CompilerVersion: 8.4.0
ProgramName: mris_fix_topology  ProgramArguments: mris_fix_topology -all-info  ProgramVersion: 7.3.2  TimeStamp: 2026/03/14-11:55:26-GMT  BuildTime: Aug  4 2022 06:17:15  BuildStamp: freesurfer-linux-ubuntu22_x86_64-7.3.2-20220804-6354275  User: oesteban  Machine: dna071  Platform: Linux  PlatformVersion: 5.14.0-427.37.1.el9_4.x86_64  CompilerName: GCC  CompilerVersion: 8.4.0
ProgramName: mris_topo_fixer  ProgramArguments: mris_topo_fixer -all-info  ProgramVersion: 7.3.2  TimeStamp: 2026/03/14-11:55:26-GMT  BuildTime: Aug  4 2022 06:17:15  BuildStamp: freesurfer-linux-ubuntu22_x86_64-7.3.2-20220804-6354275  User: oesteban  Machine: dna071  Platform: Linux  PlatformVersion: 5.14.0-427.37.1.el9_4.x86_64  CompilerName: GCC  CompilerVersion: 8.4.0
ProgramName: mris_jacobian  ProgramArguments: mris_jacobian -all-info  ProgramVersion: 7.3.2  TimeStamp: 2026/03/14-11:55:26-GMT  BuildTime: Aug  4 2022 06:17:15  BuildStamp: freesurfer-linux-ubuntu22_x86_64-7.3.2-20220804-6354275  User: oesteban  Machine: dna071  Platform: Linux  PlatformVersion: 5.14.0-427.37.1.el9_4.x86_64  CompilerName: GCC  CompilerVersion: 8.4.0
ProgramName: mris_label2annot  ProgramArguments: mris_label2annot -all-info  ProgramVersion: 7.3.2  TimeStamp: 2026/03/14-11:55:26-GMT  BuildTime: Aug  4 2022 06:17:15  BuildStamp: freesurfer-linux-ubuntu22_x86_64-7.3.2-20220804-6354275  User: oesteban  Machine: dna071  Platform: Linux  PlatformVersion: 5.14.0-427.37.1.el9_4.x86_64  CompilerName: GCC  CompilerVersion: 8.4.0
ProgramName: mris_left_right_register  ProgramArguments: mris_left_right_register -all-info  ProgramVersion: 7.3.2  TimeStamp: 2026/03/14-11:55:26-GMT  BuildTime: Aug  4 2022 06:17:15  BuildStamp: freesurfer-linux-ubuntu22_x86_64-7.3.2-20220804-6354275  User: oesteban  Machine: dna071  Platform: Linux  PlatformVersion: 5.14.0-427.37.1.el9_4.x86_64  CompilerName: GCC  CompilerVersion: 8.4.0
ProgramName: mris_place_surface  ProgramArguments: mris_place_surface -all-info  ProgramVersion: 7.3.2  TimeStamp: 2026/03/14-11:55:26-GMT  BuildTime: Aug  4 2022 06:17:15  BuildStamp: freesurfer-linux-ubuntu22_x86_64-7.3.2-20220804-6354275  User: oesteban  Machine: dna071  Platform: Linux  PlatformVersion: 5.14.0-427.37.1.el9_4.x86_64  CompilerName: GCC  CompilerVersion: 8.4.0
ProgramName: mrisp_paint  ProgramArguments: mrisp_paint -all-info  ProgramVersion: 7.3.2  TimeStamp: 2026/03/14-11:55:26-GMT  BuildTime: Aug  4 2022 06:17:15  BuildStamp: freesurfer-linux-ubuntu22_x86_64-7.3.2-20220804-6354275  User: oesteban  Machine: dna071  Platform: Linux  PlatformVersion: 5.14.0-427.37.1.el9_4.x86_64  CompilerName: GCC  CompilerVersion: 8.4.0
ProgramName: mris_register  ProgramArguments: mris_register -all-info  ProgramVersion: 7.3.2  TimeStamp: 2026/03/14-11:55:26-GMT  BuildTime: Aug  4 2022 06:17:15  BuildStamp: freesurfer-linux-ubuntu22_x86_64-7.3.2-20220804-6354275  User: oesteban  Machine: dna071  Platform: Linux  PlatformVersion: 5.14.0-427.37.1.el9_4.x86_64  CompilerName: GCC  CompilerVersion: 8.4.0
ProgramName: mris_smooth  ProgramArguments: mris_smooth -all-info  ProgramVersion: 7.3.2  TimeStamp: 2026/03/14-11:55:26-GMT  BuildTime: Aug  4 2022 06:17:15  BuildStamp: freesurfer-linux-ubuntu22_x86_64-7.3.2-20220804-6354275  User: oesteban  Machine: dna071  Platform: Linux  PlatformVersion: 5.14.0-427.37.1.el9_4.x86_64  CompilerName: GCC  CompilerVersion: 8.4.0
ProgramName: mris_sphere  ProgramArguments: mris_sphere -all-info  ProgramVersion: 7.3.2  TimeStamp: 2026/03/14-11:55:26-GMT  BuildTime: Aug  4 2022 06:17:15  BuildStamp: freesurfer-linux-ubuntu22_x86_64-7.3.2-20220804-6354275  User: oesteban  Machine: dna071  Platform: Linux  PlatformVersion: 5.14.0-427.37.1.el9_4.x86_64  CompilerName: GCC  CompilerVersion: 8.4.0
ProgramName: mris_surface_stats  ProgramArguments: mris_surface_stats -all-info  ProgramVersion: 7.3.2  TimeStamp: 2026/03/14-11:55:26-GMT  BuildTime: Aug  4 2022 06:17:15  BuildStamp: freesurfer-linux-ubuntu22_x86_64-7.3.2-20220804-6354275  User: oesteban  Machine: dna071  Platform: Linux  PlatformVersion: 5.14.0-427.37.1.el9_4.x86_64  CompilerName: GCC  CompilerVersion: 8.4.0
ProgramName: mri_stats2seg  ProgramArguments: mri_stats2seg -all-info  ProgramVersion: 7.3.2  TimeStamp: 2026/03/14-11:55:26-GMT  BuildTime: Aug  4 2022 06:17:15  BuildStamp: freesurfer-linux-ubuntu22_x86_64-7.3.2-20220804-6354275  User: oesteban  Machine: dna071  Platform: Linux  PlatformVersion: 5.14.0-427.37.1.el9_4.x86_64  CompilerName: GCC  CompilerVersion: 8.4.0
ProgramName: mris_thickness  ProgramArguments: mris_thickness -all-info  ProgramVersion: 7.3.2  TimeStamp: 2026/03/14-11:55:26-GMT  BuildTime: Aug  4 2022 06:17:15  BuildStamp: freesurfer-linux-ubuntu22_x86_64-7.3.2-20220804-6354275  User: oesteban  Machine: dna071  Platform: Linux  PlatformVersion: 5.14.0-427.37.1.el9_4.x86_64  CompilerName: GCC  CompilerVersion: 8.4.0
ProgramName: mris_thickness_diff  ProgramArguments: mris_thickness_diff -all-info  ProgramVersion: 7.3.2  TimeStamp: 2026/03/14-11:55:26-GMT  BuildTime: Aug  4 2022 06:17:15  BuildStamp: freesurfer-linux-ubuntu22_x86_64-7.3.2-20220804-6354275  User: oesteban  Machine: dna071  Platform: Linux  PlatformVersion: 5.14.0-427.37.1.el9_4.x86_64  CompilerName: GCC  CompilerVersion: 8.4.0
ProgramName: mris_topo_fixer  ProgramArguments: mris_topo_fixer -all-info  ProgramVersion: 7.3.2  TimeStamp: 2026/03/14-11:55:26-GMT  BuildTime: Aug  4 2022 06:17:15  BuildStamp: freesurfer-linux-ubuntu22_x86_64-7.3.2-20220804-6354275  User: oesteban  Machine: dna071  Platform: Linux  PlatformVersion: 5.14.0-427.37.1.el9_4.x86_64  CompilerName: GCC  CompilerVersion: 8.4.0
ProgramName: mri_surf2surf  ProgramArguments: mri_surf2surf -all-info  ProgramVersion: 7.3.2  TimeStamp: 2026/03/14-11:55:26-GMT  BuildTime: Aug  4 2022 06:17:15  BuildStamp: freesurfer-linux-ubuntu22_x86_64-7.3.2-20220804-6354275  User: oesteban  Machine: dna071  Platform: Linux  PlatformVersion: 5.14.0-427.37.1.el9_4.x86_64  CompilerName: GCC  CompilerVersion: 8.4.0
ProgramName: mri_surf2vol  ProgramArguments: mri_surf2vol -all-info  ProgramVersion: 7.3.2  TimeStamp: 2026/03/14-11:55:26-GMT  BuildTime: Aug  4 2022 06:17:15  BuildStamp: freesurfer-linux-ubuntu22_x86_64-7.3.2-20220804-6354275  User: oesteban  Machine: dna071  Platform: Linux  PlatformVersion: 5.14.0-427.37.1.el9_4.x86_64  CompilerName: GCC  CompilerVersion: 8.4.0
ProgramName: mri_surfcluster  ProgramArguments: mri_surfcluster -all-info  ProgramVersion: 7.3.2  TimeStamp: 2026/03/14-11:55:26-GMT  BuildTime: Aug  4 2022 06:17:15  BuildStamp: freesurfer-linux-ubuntu22_x86_64-7.3.2-20220804-6354275  User: oesteban  Machine: dna071  Platform: Linux  PlatformVersion: 5.14.0-427.37.1.el9_4.x86_64  CompilerName: GCC  CompilerVersion: 8.4.0
ProgramName: mris_volmask  ProgramArguments: mris_volmask -all-info  ProgramVersion: 7.3.2  TimeStamp: 2026/03/14-11:55:26-GMT  BuildTime: Aug  4 2022 06:17:15  BuildStamp: freesurfer-linux-ubuntu22_x86_64-7.3.2-20220804-6354275  User: oesteban  Machine: dna071  Platform: Linux  PlatformVersion: 5.14.0-427.37.1.el9_4.x86_64  CompilerName: GCC  CompilerVersion: 8.4.0
ProgramName: mri_tessellate  ProgramArguments: mri_tessellate -all-info  ProgramVersion: 7.3.2  TimeStamp: 2026/03/14-11:55:26-GMT  BuildTime: Aug  4 2022 06:17:15  BuildStamp: freesurfer-linux-ubuntu22_x86_64-7.3.2-20220804-6354275  User: oesteban  Machine: dna071  Platform: Linux  PlatformVersion: 5.14.0-427.37.1.el9_4.x86_64  CompilerName: GCC  CompilerVersion: 8.4.0
ProgramName: mri_vol2surf  ProgramArguments: mri_vol2surf -all-info  ProgramVersion: 7.3.2  TimeStamp: 2026/03/14-11:55:26-GMT  BuildTime: Aug  4 2022 06:17:15  BuildStamp: freesurfer-linux-ubuntu22_x86_64-7.3.2-20220804-6354275  User: oesteban  Machine: dna071  Platform: Linux  PlatformVersion: 5.14.0-427.37.1.el9_4.x86_64  CompilerName: GCC  CompilerVersion: 8.4.0
ProgramName: mri_vol2vol  ProgramArguments: mri_vol2vol -all-info  ProgramVersion: 7.3.2  TimeStamp: 2026/03/14-11:55:26-GMT  BuildTime: Aug  4 2022 06:17:15  BuildStamp: freesurfer-linux-ubuntu22_x86_64-7.3.2-20220804-6354275  User: oesteban  Machine: dna071  Platform: Linux  PlatformVersion: 5.14.0-427.37.1.el9_4.x86_64  CompilerName: GCC  CompilerVersion: 8.4.0
ProgramName: mri_voldiff  ProgramArguments: mri_voldiff -all-info  ProgramVersion: 7.3.2  TimeStamp: 2026/03/14-11:55:26-GMT  BuildTime: Aug  4 2022 06:17:15  BuildStamp: freesurfer-linux-ubuntu22_x86_64-7.3.2-20220804-6354275  User: oesteban  Machine: dna071  Platform: Linux  PlatformVersion: 5.14.0-427.37.1.el9_4.x86_64  CompilerName: GCC  CompilerVersion: 8.4.0
ProgramName: mri_watershed  ProgramArguments: mri_watershed -all-info  ProgramVersion: 7.3.2  TimeStamp: 2026/03/14-11:55:26-GMT  BuildTime: Aug  4 2022 06:17:15  BuildStamp: freesurfer-linux-ubuntu22_x86_64-7.3.2-20220804-6354275  User: oesteban  Machine: dna071  Platform: Linux  PlatformVersion: 5.14.0-427.37.1.el9_4.x86_64  CompilerName: GCC  CompilerVersion: 8.4.0
ProgramName: tkregister2  ProgramArguments: tkregister2_cmdl -all-info  ProgramVersion: 7.3.2  TimeStamp: 2026/03/14-11:55:26-GMT  BuildTime: Aug  4 2022 06:17:15  BuildStamp: freesurfer-linux-ubuntu22_x86_64-7.3.2-20220804-6354275  User: oesteban  Machine: dna071  Platform: Linux  PlatformVersion: 5.14.0-427.37.1.el9_4.x86_64  CompilerName: GCC  CompilerVersion: 8.4.0
mri_motion_correct.fsl 7.3.2
mri_convert -all-info 
ProgramName: mri_convert  ProgramArguments: mri_convert -all-info  ProgramVersion: 7.3.2  TimeStamp: 2026/03/14-11:55:26-GMT  BuildTime: Aug  4 2022 06:17:15  BuildStamp: freesurfer-linux-ubuntu22_x86_64-7.3.2-20220804-6354275  User: oesteban  Machine: dna071  Platform: Linux  PlatformVersion: 5.14.0-427.37.1.el9_4.x86_64  CompilerName: GCC  CompilerVersion: 8.4.0
Program nu_correct, built from:
Package MNI N3, version 1.12.0, compiled by nicks@terrier (x86_64-unknown-linux-gnu) on 2015-06-19 at 01:25:34
#######################################
GCADIR /opt/freesurfer/average
GCA RB_all_2020-01-02.gca
GCASkull RB_all_withskull_2020_01_02.gca
AvgCurvTif folding.atlas.acfb40.noaparc.i12.2016-08-02.tif
GCSDIR /opt/freesurfer/average
GCS DKaparc.atlas.acfb40.noaparc.i12.2016-08-02.gcs
#######################################
#--------------------------------------------
#@# WhiteSurfs lh Sat Mar 14 12:55:26 CET 2026
cd /out/sourcedata/freesurfer/sub-v2s9x29157_ses-1/mri
mris_place_surface --adgws-in ../surf/autodet.gw.stats.lh.dat --seg aseg.presurf.mgz --threads 16 --wm wm.mgz --invol brain.finalsurfs.mgz --lh --i ../surf/lh.white.preaparc --o ../surf/lh.white --white --nsmooth 0 --rip-label ../label/lh.cortex.label --rip-bg --rip-surf ../surf/lh.white.preaparc --aparc ../label/lh.aparc.annot
   Update not needed
#--------------------------------------------
#@# WhiteSurfs rh Sat Mar 14 12:55:26 CET 2026
cd /out/sourcedata/freesurfer/sub-v2s9x29157_ses-1/mri
mris_place_surface --adgws-in ../surf/autodet.gw.stats.rh.dat --seg aseg.presurf.mgz --threads 16 --wm wm.mgz --invol brain.finalsurfs.mgz --rh --i ../surf/rh.white.preaparc --o ../surf/rh.white --white --nsmooth 0 --rip-label ../label/rh.cortex.label --rip-bg --rip-surf ../surf/rh.white.preaparc --aparc ../label/rh.aparc.annot
   Update not needed
#@# white curv lh Sat Mar 14 12:55:26 CET 2026
cd /out/sourcedata/freesurfer/sub-v2s9x29157_ses-1/mri
mris_place_surface --curv-map ../surf/lh.white 2 10 ../surf/lh.curv
   Update not needed
#@# white area lh Sat Mar 14 12:55:26 CET 2026
cd /out/sourcedata/freesurfer/sub-v2s9x29157_ses-1/mri
mris_place_surface --area-map ../surf/lh.white ../surf/lh.area
   Update not needed
#@# pial curv lh Sat Mar 14 12:55:26 CET 2026
cd /out/sourcedata/freesurfer/sub-v2s9x29157_ses-1/mri
mris_place_surface --curv-map ../surf/lh.pial 2 10 ../surf/lh.curv.pial
   Update not needed
#@# pial area lh Sat Mar 14 12:55:26 CET 2026
cd /out/sourcedata/freesurfer/sub-v2s9x29157_ses-1/mri
mris_place_surface --area-map ../surf/lh.pial ../surf/lh.area.pial
   Update not needed
#@# thickness lh Sat Mar 14 12:55:26 CET 2026
cd /out/sourcedata/freesurfer/sub-v2s9x29157_ses-1/mri
mris_place_surface --thickness ../surf/lh.white ../surf/lh.pial 20 5 ../surf/lh.thickness
   Update not needed
#@# area and vertex vol lh Sat Mar 14 12:55:26 CET 2026
cd /out/sourcedata/freesurfer/sub-v2s9x29157_ses-1/mri
mris_place_surface --thickness ../surf/lh.white ../surf/lh.pial 20 5 ../surf/lh.thickness
   Update not needed
#@# white curv rh Sat Mar 14 12:55:26 CET 2026
cd /out/sourcedata/freesurfer/sub-v2s9x29157_ses-1/mri
mris_place_surface --curv-map ../surf/rh.white 2 10 ../surf/rh.curv
   Update not needed
#@# white area rh Sat Mar 14 12:55:26 CET 2026
cd /out/sourcedata/freesurfer/sub-v2s9x29157_ses-1/mri
mris_place_surface --area-map ../surf/rh.white ../surf/rh.area
   Update not needed
#@# pial curv rh Sat Mar 14 12:55:26 CET 2026
cd /out/sourcedata/freesurfer/sub-v2s9x29157_ses-1/mri
mris_place_surface --curv-map ../surf/rh.pial 2 10 ../surf/rh.curv.pial
   Update not needed
#@# pial area rh Sat Mar 14 12:55:26 CET 2026
cd /out/sourcedata/freesurfer/sub-v2s9x29157_ses-1/mri
mris_place_surface --area-map ../surf/rh.pial ../surf/rh.area.pial
   Update not needed
#@# thickness rh Sat Mar 14 12:55:26 CET 2026
cd /out/sourcedata/freesurfer/sub-v2s9x29157_ses-1/mri
mris_place_surface --thickness ../surf/rh.white ../surf/rh.pial 20 5 ../surf/rh.thickness
   Update not needed
#@# area and vertex vol rh Sat Mar 14 12:55:26 CET 2026
cd /out/sourcedata/freesurfer/sub-v2s9x29157_ses-1/mri
mris_place_surface --thickness ../surf/rh.white ../surf/rh.pial 20 5 ../surf/rh.thickness
   Update not needed

#-----------------------------------------
#@# Curvature Stats lh Sat Mar 14 12:55:26 CET 2026
/out/sourcedata/freesurfer/sub-v2s9x29157_ses-1/surf

 mris_curvature_stats -m --writeCurvatureFiles -G -o ../stats/lh.curv.stats -F smoothwm sub-v2s9x29157_ses-1 lh curv sulc 

             Toggling save flag on curvature files                       [ ok ]
                 Outputting results using filestem   [ ../stats/lh.curv.stats ]
             Toggling save flag on curvature files                       [ ok ]
                                   Setting surface [ sub-v2s9x29157_ses-1/lh.smoothwm ]
                                Reading surface...                       [ ok ]
                                   Setting texture                     [ curv ]
                                Reading texture...                       [ ok ]
                                   Setting texture                     [ sulc ]
                                Reading texture...Gb_filter = 0
                       [ ok ]
      Calculating Discrete Principal Curvatures...
      Determining geometric order for vno faces... [####################] [ ok ]
                      Determining KH curvatures... [####################] [ ok ]
                    Determining k1k2 curvatures... [####################] [ ok ]
                                   deltaViolations                      [ 269 ]
Gb_filter = 0

#-----------------------------------------
#@# Curvature Stats rh Sat Mar 14 12:55:29 CET 2026
/out/sourcedata/freesurfer/sub-v2s9x29157_ses-1/surf

 mris_curvature_stats -m --writeCurvatureFiles -G -o ../stats/rh.curv.stats -F smoothwm sub-v2s9x29157_ses-1 rh curv sulc 

             Toggling save flag on curvature files                       [ ok ]
                 Outputting results using filestem   [ ../stats/rh.curv.stats ]
             Toggling save flag on curvature files                       [ ok ]
                                   Setting surface [ sub-v2s9x29157_ses-1/rh.smoothwm ]
                                Reading surface...                       [ ok ]
                                   Setting texture                     [ curv ]
                                Reading texture...                       [ ok ]
                                   Setting texture                     [ sulc ]
                                Reading texture...Gb_filter = 0
                       [ ok ]
      Calculating Discrete Principal Curvatures...
      Determining geometric order for vno faces... [####################] [ ok ]
                      Determining KH curvatures... [####################] [ ok ]
                    Determining k1k2 curvatures... [####################] [ ok ]
                                   deltaViolations                      [ 277 ]
Gb_filter = 0
#-----------------------------------------
#@# Relabel Hypointensities Sat Mar 14 12:55:31 CET 2026
/out/sourcedata/freesurfer/sub-v2s9x29157_ses-1/mri

 mri_relabel_hypointensities aseg.presurf.mgz ../surf aseg.presurf.hypos.mgz 

reading input surface ../surf/lh.white...
relabeling lh hypointensities...
3665 voxels changed to hypointensity...
reading input surface ../surf/rh.white...
relabeling rh hypointensities...
3961 voxels changed to hypointensity...
7799 hypointense voxels neighboring cortex changed
#-----------------------------------------
#@# APas-to-ASeg Sat Mar 14 12:55:42 CET 2026
/out/sourcedata/freesurfer/sub-v2s9x29157_ses-1/mri

 mri_surf2volseg --o aseg.mgz --i aseg.presurf.hypos.mgz --fix-presurf-with-ribbon /out/sourcedata/freesurfer/sub-v2s9x29157_ses-1/mri/ribbon.mgz --threads 16 --lh-cortex-mask /out/sourcedata/freesurfer/sub-v2s9x29157_ses-1/label/lh.cortex.label --lh-white /out/sourcedata/freesurfer/sub-v2s9x29157_ses-1/surf/lh.white --lh-pial /out/sourcedata/freesurfer/sub-v2s9x29157_ses-1/surf/lh.pial --rh-cortex-mask /out/sourcedata/freesurfer/sub-v2s9x29157_ses-1/label/rh.cortex.label --rh-white /out/sourcedata/freesurfer/sub-v2s9x29157_ses-1/surf/rh.white --rh-pial /out/sourcedata/freesurfer/sub-v2s9x29157_ses-1/surf/rh.pial 

SUBJECTS_DIR /out/sourcedata/freesurfer
outvol aseg.mgz
16 avail.processors, using 16
Loading aseg.presurf.hypos.mgz
Loading /out/sourcedata/freesurfer/sub-v2s9x29157_ses-1/mri/ribbon.mgz
Loading /out/sourcedata/freesurfer/sub-v2s9x29157_ses-1/surf/lh.white
Loading /out/sourcedata/freesurfer/sub-v2s9x29157_ses-1/surf/lh.pial
Loading /out/sourcedata/freesurfer/sub-v2s9x29157_ses-1/label/lh.cortex.label
Loading /out/sourcedata/freesurfer/sub-v2s9x29157_ses-1/surf/rh.white
Loading /out/sourcedata/freesurfer/sub-v2s9x29157_ses-1/surf/rh.pial
Loading /out/sourcedata/freesurfer/sub-v2s9x29157_ses-1/label/rh.cortex.label
Done loading
  0 160 128 112 192  96 240  48 144  64 176 208  32  16 224  80 209  49  17 241   1  33 225 210  50  18 242  34   2 226 211  51 243  19 
 35   3 227  65 212 193 244  52  20  36   4 228 213 245  53  21  37   5 246 214 229  22  54  38   6  81 247  23 215 230  55  39 
  7 248  24 216  66  40  56 177 231 194   8 249  25  97 217  41 145  57 232 161 250  26   9 218  42  58 251 233  27  10 113 219 
 67  43 252  59 
234  28 220  11  44 195 253  60  29 235 221  12  45  61 254  82  30  68  13 222 236  46  62 255  31 196 223  14 237  63  47 178  15 238 197  69 239 
162 198 146  98 199 
200  83  70 201 129 202 179 
203 204  71 147 205 206 163 207  99 
 72  84 180 148 114  73 164 100  85 149 181 130  74 165 150 101  86 182  75 151 115 166 102 131  87 183  76 152 103 167  88  77 184 132 153 116 185  78 168 104 186  89 133 154 187  79 
169 105 188  90 117 155 189 170 106 190 134  91 191 156 171 107 118 135  92 157 108 172 136 158  93 173 109 119 
137 159 
 94 174 110 138 120  95 175 111 139 
121 140 122 141 142 123 143 124 125 126 127 
nrelabeled = 174775
ndotcheck = 0
Starting Surf2VolSeg free
free done
#VMPC# mri_surf2volseg VmPeak  1947116
mri_surf2volseg done

 mri_brainvol_stats sub-v2s9x29157_ses-1 

ComputeBrainVolumeStats2 VoxelVol=1, KeepCSF=1
  #CBVS2 MaskVol              1346239.0
  #CBVS2 BrainSegVol          1125571.0
  #CBVS2 BrainSegVolNotVent   1115008.0
  #CBVS2 SupraTentVol         1041215.0
  #CBVS2 SupraTentVolNotVent  1030652.0
  #CBVS2 lhCtxGM               267717.5
  #CBVS2 rhCtxGM               273682.1
  #CBVS2 lhCerebralWM          216934.5
  #CBVS2 rhCerebralWM          216080.5
  #CBVS2 SubCortGMVol           56978.0
  #CBVS2 CerebellumVol          84356.0
  #CBVS2 CerebellumGMVol        62707.0
  #CBVS2 VentChorVol             7518.0
  #CBVS2 3rd4th5thCSF            3045.0
  #CBVS2 AllCSF                 10563.0
  #CBVS2 CCVol                   3981.0
#-----------------------------------------
#@# AParc-to-ASeg aparc Sat Mar 14 12:55:48 CET 2026
/out/sourcedata/freesurfer/sub-v2s9x29157_ses-1/mri

 mri_surf2volseg --o aparc+aseg.mgz --label-cortex --i aseg.mgz --threads 16 --lh-annot /out/sourcedata/freesurfer/sub-v2s9x29157_ses-1/label/lh.aparc.annot 1000 --lh-cortex-mask /out/sourcedata/freesurfer/sub-v2s9x29157_ses-1/label/lh.cortex.label --lh-white /out/sourcedata/freesurfer/sub-v2s9x29157_ses-1/surf/lh.white --lh-pial /out/sourcedata/freesurfer/sub-v2s9x29157_ses-1/surf/lh.pial --rh-annot /out/sourcedata/freesurfer/sub-v2s9x29157_ses-1/label/rh.aparc.annot 2000 --rh-cortex-mask /out/sourcedata/freesurfer/sub-v2s9x29157_ses-1/label/rh.cortex.label --rh-white /out/sourcedata/freesurfer/sub-v2s9x29157_ses-1/surf/rh.white --rh-pial /out/sourcedata/freesurfer/sub-v2s9x29157_ses-1/surf/rh.pial 

SUBJECTS_DIR /out/sourcedata/freesurfer
outvol aparc+aseg.mgz
16 avail.processors, using 16
Loading aseg.mgz
Loading /out/sourcedata/freesurfer/sub-v2s9x29157_ses-1/surf/lh.white
Loading /out/sourcedata/freesurfer/sub-v2s9x29157_ses-1/surf/lh.pial
Loading /out/sourcedata/freesurfer/sub-v2s9x29157_ses-1/label/lh.cortex.label
Ripping lh vertices labeled not in lh.cortex.label
  ripped 8266 vertices from lh hemi
Loading /out/sourcedata/freesurfer/sub-v2s9x29157_ses-1/label/lh.aparc.annot
Loading /out/sourcedata/freesurfer/sub-v2s9x29157_ses-1/surf/rh.white
Loading /out/sourcedata/freesurfer/sub-v2s9x29157_ses-1/surf/rh.pial
Loading /out/sourcedata/freesurfer/sub-v2s9x29157_ses-1/label/rh.cortex.label
Ripping rh vertices labeled not in rh.cortex.label
  ripped 7657 vertices from rh hemi
Loading /out/sourcedata/freesurfer/sub-v2s9x29157_ses-1/label/rh.aparc.annot
Done loading
112  32  80 224 208 192 144   0 128  16  64  96 160  48 240 176  49  17 225  50 209 241   1  18  51 210   2 242 226  19 
 52 211   3 243  20 227  53 212   4 244  21  54 228  33 213   5 245  55  22  34 214  56   6 246  23  35  57 215   7 247  24  36  58 216   8 248  25  59 
217   9 229 249  26  60 218  10  27 230 250  61  37 219 
 11  28  62 251 231  38 220  12  29 252 232  63  39 
221  13  30 253 233  40 222  14 254  31  41 234 223  15 255  42 235  43  65 236  44  45 237  46 238  47 239 
193 194 195 196 197 198 199 
200 201 202 203 204 205 206 207  66  67  68 177 161 145  69  97 178  81 129  70 113 162 146  71 179 
 98  72 163 147 180  82 114  73  99 
130 148 164 181  74 149 182 100 165  75  83 115 150 183 131 101  76 166 184 151 185  77  84 102 152 167 186 116 132 187  78 153 188 168 103 189  79 
 85 154 190 169 191 133 104 117 155 170 105  86 171 156 134 106 118 172 157 135 107 173 158  87 174 108 159 
136 119 
175 109  88 110 137 120 111 138  89 121 139 
 90 122 140  91 123 141  92 124 142  93 125 143 126  94 127  95 
nrelabeled = 540659
ndotcheck = 53155
Starting Surf2VolSeg free
free done
#VMPC# mri_surf2volseg VmPeak  1931320
mri_surf2volseg done
#-----------------------------------------
#@# AParc-to-ASeg aparc.a2009s Sat Mar 14 12:56:20 CET 2026
/out/sourcedata/freesurfer/sub-v2s9x29157_ses-1/mri

 mri_surf2volseg --o aparc.a2009s+aseg.mgz --label-cortex --i aseg.mgz --threads 16 --lh-annot /out/sourcedata/freesurfer/sub-v2s9x29157_ses-1/label/lh.aparc.a2009s.annot 11100 --lh-cortex-mask /out/sourcedata/freesurfer/sub-v2s9x29157_ses-1/label/lh.cortex.label --lh-white /out/sourcedata/freesurfer/sub-v2s9x29157_ses-1/surf/lh.white --lh-pial /out/sourcedata/freesurfer/sub-v2s9x29157_ses-1/surf/lh.pial --rh-annot /out/sourcedata/freesurfer/sub-v2s9x29157_ses-1/label/rh.aparc.a2009s.annot 12100 --rh-cortex-mask /out/sourcedata/freesurfer/sub-v2s9x29157_ses-1/label/rh.cortex.label --rh-white /out/sourcedata/freesurfer/sub-v2s9x29157_ses-1/surf/rh.white --rh-pial /out/sourcedata/freesurfer/sub-v2s9x29157_ses-1/surf/rh.pial 

SUBJECTS_DIR /out/sourcedata/freesurfer
outvol aparc.a2009s+aseg.mgz
16 avail.processors, using 16
Loading aseg.mgz
Loading /out/sourcedata/freesurfer/sub-v2s9x29157_ses-1/surf/lh.white
Loading /out/sourcedata/freesurfer/sub-v2s9x29157_ses-1/surf/lh.pial
Loading /out/sourcedata/freesurfer/sub-v2s9x29157_ses-1/label/lh.cortex.label
Ripping lh vertices labeled not in lh.cortex.label
  ripped 8266 vertices from lh hemi
Loading /out/sourcedata/freesurfer/sub-v2s9x29157_ses-1/label/lh.aparc.a2009s.annot
Loading /out/sourcedata/freesurfer/sub-v2s9x29157_ses-1/surf/rh.white
Loading /out/sourcedata/freesurfer/sub-v2s9x29157_ses-1/surf/rh.pial
Loading /out/sourcedata/freesurfer/sub-v2s9x29157_ses-1/label/rh.cortex.label
Ripping rh vertices labeled not in rh.cortex.label
  ripped 7657 vertices from rh hemi
Loading /out/sourcedata/freesurfer/sub-v2s9x29157_ses-1/label/rh.aparc.a2009s.annot
Done loading
  0  48  64  96 112 208 240 144  80 192 128  16 176 224  32 160 241  33   1  49 209  17 225  34   2 242 210  50 226  18  35   3 243 211  51  36  19 
227 244   4 212  52  37  20 228 245   5 213  38  53  21   6 229 246 214  39 
 54 247   7 215  22 230  40 248  55   8 216  23  41 231  56 249   9 217  42  24  57 232 250  10 218  43  25  58  11 251 219 
233 252  12  44  59 
220  26 253 234  13 221 254  45  60  27 235 255  14 222  46  28  61 236 223  15  47  29  62 237  30  63 238  31 239 
193  65 194 195 196 197 198 199 
200 201 202 203 204 205 206 207  66  67  68 177 161 145  81 113  69  97 129 178  70 162 146  82  71 114 179 
 98  72 163 130  83 147 180 115  73 164  99 
 74  84 181 116 148 100 131  85 165 182 117  75 149 101  86 183 118  76 150 102 184 166  87 132 119 
151 185  77 103  88 186 120 187 167 152 104 133  89  78 188 121 189 105 153 190  90 122 134  79 
191 168 106 154  91 123 135 107 155 169 136  92 124 108 156 170 137 125  93 157 109 171 138 126  94 158 110 172 139 
127 159 
111 173  95 140 174 141 175 142 143 
nrelabeled = 540659
ndotcheck = 53155
Starting Surf2VolSeg free
free done
#VMPC# mri_surf2volseg VmPeak  1931420
mri_surf2volseg done
#-----------------------------------------
#@# AParc-to-ASeg aparc.DKTatlas Sat Mar 14 12:56:47 CET 2026
/out/sourcedata/freesurfer/sub-v2s9x29157_ses-1/mri

 mri_surf2volseg --o aparc.DKTatlas+aseg.mgz --label-cortex --i aseg.mgz --threads 16 --lh-annot /out/sourcedata/freesurfer/sub-v2s9x29157_ses-1/label/lh.aparc.DKTatlas.annot 1000 --lh-cortex-mask /out/sourcedata/freesurfer/sub-v2s9x29157_ses-1/label/lh.cortex.label --lh-white /out/sourcedata/freesurfer/sub-v2s9x29157_ses-1/surf/lh.white --lh-pial /out/sourcedata/freesurfer/sub-v2s9x29157_ses-1/surf/lh.pial --rh-annot /out/sourcedata/freesurfer/sub-v2s9x29157_ses-1/label/rh.aparc.DKTatlas.annot 2000 --rh-cortex-mask /out/sourcedata/freesurfer/sub-v2s9x29157_ses-1/label/rh.cortex.label --rh-white /out/sourcedata/freesurfer/sub-v2s9x29157_ses-1/surf/rh.white --rh-pial /out/sourcedata/freesurfer/sub-v2s9x29157_ses-1/surf/rh.pial 

SUBJECTS_DIR /out/sourcedata/freesurfer
outvol aparc.DKTatlas+aseg.mgz
16 avail.processors, using 16
Loading aseg.mgz
Loading /out/sourcedata/freesurfer/sub-v2s9x29157_ses-1/surf/lh.white
Loading /out/sourcedata/freesurfer/sub-v2s9x29157_ses-1/surf/lh.pial
Loading /out/sourcedata/freesurfer/sub-v2s9x29157_ses-1/label/lh.cortex.label
Ripping lh vertices labeled not in lh.cortex.label
  ripped 8266 vertices from lh hemi
Loading /out/sourcedata/freesurfer/sub-v2s9x29157_ses-1/label/lh.aparc.DKTatlas.annot
Loading /out/sourcedata/freesurfer/sub-v2s9x29157_ses-1/surf/rh.white
Loading /out/sourcedata/freesurfer/sub-v2s9x29157_ses-1/surf/rh.pial
Loading /out/sourcedata/freesurfer/sub-v2s9x29157_ses-1/label/rh.cortex.label
Ripping rh vertices labeled not in rh.cortex.label
  ripped 7657 vertices from rh hemi
Loading /out/sourcedata/freesurfer/sub-v2s9x29157_ses-1/label/rh.aparc.DKTatlas.annot
Done loading
224 240 208 176  32   0  48  64 144  16 160 192 112  80 128  96 241  33  17 225  49   1 209  34 242  50 226  18   2  35 243  51 210 227  19 
 36  52 244 211  20 228  37  53 245 229  21  54 246 230  22  55   3 247  23  56   4 248 212  24  57   5 249  38  58 213  25   6 250  39 
 59 
214  26  40 251 231  60 252  27 232  61 253  28 233  62 254  29  63   7 255 215  41   8  30 216  42   9  31  43 217  10 234  44 218 235  11  45 236 219 
 12  46  65 237 220  13  47 238 221  14 239 
222  15 223 193 194 195 196 197 198 199 
200 201 202 203 204 205 206 207  66  67  81  97 161  68 113 177 145 129  82  98 114  69 162 178  83 146 115 130  70  99 
163  84 179 
116 100  71 147  85 131 164 117 180 101  72  86 148 118 132 165 102 181  87  73 119 
149 166 133 103  88 182 120  74 134 167 104 150  89 183 121 135 168 105  75 151  90 122 184 136 106 169  91 123 185 107  76 152 170 137 186  92 108 124 171 138  77 187 153  93 109 125 172 188 139 
110  94  78 126 189 173 154 111 140 190  95 174 127  79 
191 141 175 155 142 143 156 157 158 159 

nrelabeled = 540659
ndotcheck = 53155
Starting Surf2VolSeg free
free done
#VMPC# mri_surf2volseg VmPeak  1931344
mri_surf2volseg done
#-----------------------------------------
#@# WMParc Sat Mar 14 12:57:13 CET 2026
/out/sourcedata/freesurfer/sub-v2s9x29157_ses-1/mri

 mri_surf2volseg --o wmparc.mgz --label-wm --i aparc+aseg.mgz --threads 16 --lh-annot /out/sourcedata/freesurfer/sub-v2s9x29157_ses-1/label/lh.aparc.annot 3000 --lh-cortex-mask /out/sourcedata/freesurfer/sub-v2s9x29157_ses-1/label/lh.cortex.label --lh-white /out/sourcedata/freesurfer/sub-v2s9x29157_ses-1/surf/lh.white --lh-pial /out/sourcedata/freesurfer/sub-v2s9x29157_ses-1/surf/lh.pial --rh-annot /out/sourcedata/freesurfer/sub-v2s9x29157_ses-1/label/rh.aparc.annot 4000 --rh-cortex-mask /out/sourcedata/freesurfer/sub-v2s9x29157_ses-1/label/rh.cortex.label --rh-white /out/sourcedata/freesurfer/sub-v2s9x29157_ses-1/surf/rh.white --rh-pial /out/sourcedata/freesurfer/sub-v2s9x29157_ses-1/surf/rh.pial 

SUBJECTS_DIR /out/sourcedata/freesurfer
outvol wmparc.mgz
16 avail.processors, using 16
Loading aparc+aseg.mgz
Loading /out/sourcedata/freesurfer/sub-v2s9x29157_ses-1/surf/lh.white
Loading /out/sourcedata/freesurfer/sub-v2s9x29157_ses-1/surf/lh.pial
Loading /out/sourcedata/freesurfer/sub-v2s9x29157_ses-1/label/lh.cortex.label
Ripping lh vertices labeled not in lh.cortex.label
  ripped 8266 vertices from lh hemi
Loading /out/sourcedata/freesurfer/sub-v2s9x29157_ses-1/label/lh.aparc.annot
Loading /out/sourcedata/freesurfer/sub-v2s9x29157_ses-1/surf/rh.white
Loading /out/sourcedata/freesurfer/sub-v2s9x29157_ses-1/surf/rh.pial
Loading /out/sourcedata/freesurfer/sub-v2s9x29157_ses-1/label/rh.cortex.label
Ripping rh vertices labeled not in rh.cortex.label
  ripped 7657 vertices from rh hemi
Loading /out/sourcedata/freesurfer/sub-v2s9x29157_ses-1/label/rh.aparc.annot
Done loading
  0 224 112 240 192 144  64 128  32 208  80  48 160 176  96  16  17 209  65 225  49  33   1 241 193  18 210  50  34 226 242   2 194  19 
 51  66  35 211   3 243 227 195  20  52  36   4 244 212  67 228 196  53  21  37   5 245 213 229  54 197  22  38   6 246  55 214 230 198  23  39 
  7 247  56 215 231 199 
 40   8  68  24 248  57 232 216 200   9  41  58 249  25  10  42 233 201 217  59 
250  26  11  43 234  60 202 218  27 251  12  44 203  61 235  28 219 
252  69  13  45 204  62 236  29 253 220  14  46  63 205 237  30 254 221  15  47  31 206 238 255 222 239 
207 223  70  71 129  81  72 177  73 178  74  82 161  97 130  75 113 179 
131  76  83 145 180  77  98 162 132 181  78  84  79 
182 114 133 183 163  99 
 85 184 185 134 186 146  86 187 188 189 164 115 190 100 191 135  87 136 165 101  88 116 147 166 137  89 102 167 117  90 168 138 103 148 118 169  91 139 
119 
104 170  92 171 120 149 105 140 121 172  93 122 173 123 106 124 150 141 174  94 125 126 127 175 107  95 151 108 142 152 109 143 153 110 154 111 155 156 157 158 159 

nrelabeled = 429034
ndotcheck = 4745
Starting Surf2VolSeg free
free done
#VMPC# mri_surf2volseg VmPeak  1931320
mri_surf2volseg done

 mri_segstats --seed 1234 --seg mri/wmparc.mgz --sum stats/wmparc.stats --pv mri/norm.mgz --excludeid 0 --brainmask mri/brainmask.mgz --in mri/norm.mgz --in-intensity-name norm --in-intensity-units MR --subject sub-v2s9x29157_ses-1 --surf-wm-vol --ctab /opt/freesurfer/WMParcStatsLUT.txt --etiv 

setting seed for random number genererator to 1234

7.3.2
cwd 
cmdline mri_segstats --seed 1234 --seg mri/wmparc.mgz --sum stats/wmparc.stats --pv mri/norm.mgz --excludeid 0 --brainmask mri/brainmask.mgz --in mri/norm.mgz --in-intensity-name norm --in-intensity-units MR --subject sub-v2s9x29157_ses-1 --surf-wm-vol --ctab /opt/freesurfer/WMParcStatsLUT.txt --etiv 
sysname  Linux
hostname dna071
machine  x86_64
user     oesteban
whitesurfname  white
UseRobust  0
atlas_icv (eTIV) = 1327693 mm^3    (det: 1.467286 )
Loading mri/wmparc.mgz
Getting Brain Volume Statistics
Loading mri/norm.mgz
Loading mri/norm.mgz
Voxel Volume is 1 mm^3
Generating list of segmentation ids
Found 390 segmentations
Computing statistics for each segmentation

Reporting on  70 segmentations
Using PrintSegStat
mri_segstats done
#--------------------------------------------
#@# ASeg Stats Sat Mar 14 12:59:21 CET 2026
/out/sourcedata/freesurfer/sub-v2s9x29157_ses-1

 mri_segstats --seed 1234 --seg mri/aseg.mgz --sum stats/aseg.stats --pv mri/norm.mgz --empty --brainmask mri/brainmask.mgz --brain-vol-from-seg --excludeid 0 --excl-ctxgmwm --supratent --subcortgray --in mri/norm.mgz --in-intensity-name norm --in-intensity-units MR --etiv --surf-wm-vol --surf-ctx-vol --totalgray --euler --ctab /opt/freesurfer/ASegStatsLUT.txt --subject sub-v2s9x29157_ses-1 

setting seed for random number genererator to 1234

7.3.2
cwd 
cmdline mri_segstats --seed 1234 --seg mri/aseg.mgz --sum stats/aseg.stats --pv mri/norm.mgz --empty --brainmask mri/brainmask.mgz --brain-vol-from-seg --excludeid 0 --excl-ctxgmwm --supratent --subcortgray --in mri/norm.mgz --in-intensity-name norm --in-intensity-units MR --etiv --surf-wm-vol --surf-ctx-vol --totalgray --euler --ctab /opt/freesurfer/ASegStatsLUT.txt --subject sub-v2s9x29157_ses-1 
sysname  Linux
hostname dna071
machine  x86_64
user     oesteban
whitesurfname  white
UseRobust  0
atlas_icv (eTIV) = 1327693 mm^3    (det: 1.467286 )
Computing euler number
orig.nofix lheno =  -38, rheno = -38
orig.nofix lhholes =   20, rhholes = 20
Loading mri/aseg.mgz
Getting Brain Volume Statistics
Loading mri/norm.mgz
Loading mri/norm.mgz
Voxel Volume is 1 mm^3
Generating list of segmentation ids
Found  50 segmentations
Computing statistics for each segmentation

Reporting on  45 segmentations
Using PrintSegStat
mri_segstats done

Started at Sat Mar 14 12:55:26 CET 2026 
Ended   at Sat Mar 14 12:59:39 CET 2026
#@#%# recon-all-run-time-hours 0.070
recon-all -s sub-v2s9x29157_ses-1 finished without error at Sat Mar 14 12:59:39 CET 2026
