
Sat Mar 14 11:39:45 CET 2026
cd /out/sourcedata/freesurfer/sub-v2s9x29167_ses-1
setenv SUBJECTS_DIR /out/sourcedata/freesurfer
/opt/freesurfer/bin/recon-all -autorecon-hemi lh -noparcstats -noparcstats2 -noparcstats3 -nohyporelabel -nobalabels -lh-only -openmp 16 -subjid sub-v2s9x29167_ses-1 -sd /out/sourcedata/freesurfer

subjid sub-v2s9x29167_ses-1
setenv SUBJECTS_DIR /out/sourcedata/freesurfer
FREESURFER_HOME /opt/freesurfer
Actual FREESURFER_HOME /opt/freesurfer
build-stamp.txt: freesurfer-linux-ubuntu22_x86_64-7.3.2-20220804-6354275
Linux dna078 5.14.0-427.37.1.el9_4.x86_64 #1 SMP PREEMPT_DYNAMIC Fri Sep 13 12:41:50 EDT 2024 x86_64 x86_64 x86_64 GNU/Linux
cputime      unlimited
filesize     unlimited
datasize     unlimited
stacksize    8192 kbytes
coredumpsize 0 kbytes
memoryuse    67108864 kbytes
vmemoryuse   unlimited
descriptors  1024 
memorylocked unlimited
maxproc      2061970 
maxlocks     unlimited
maxsignal    2062029 
maxmessage   819200 
maxnice      0 
maxrtprio    0 
maxrttime    unlimited

               total        used        free      shared  buff/cache   available
Mem:           503Gi        52Gi       391Gi       9.1Gi        59Gi       438Gi
Swap:             0B          0B          0B

########################################
program versions used
7.3.2 (freesurfer-linux-ubuntu22_x86_64-7.3.2-20220804-6354275)
7.3.2

ProgramName: lta_convert  ProgramArguments: lta_convert -all-info  ProgramVersion: 7.3.2  TimeStamp: 2026/03/14-10:39:45-GMT  BuildTime: Aug  4 2022 06:17:15  BuildStamp: freesurfer-linux-ubuntu22_x86_64-7.3.2-20220804-6354275  User: oesteban  Machine: dna078  Platform: Linux  PlatformVersion: 5.14.0-427.37.1.el9_4.x86_64  CompilerName: GCC  CompilerVersion: 8.4.0
ProgramName: mri_and  ProgramArguments: mri_and -all-info  ProgramVersion: 7.3.2  TimeStamp: 2026/03/14-10:39:45-GMT  BuildTime: Aug  4 2022 06:17:15  BuildStamp: freesurfer-linux-ubuntu22_x86_64-7.3.2-20220804-6354275  User: oesteban  Machine: dna078  Platform: Linux  PlatformVersion: 5.14.0-427.37.1.el9_4.x86_64  CompilerName: GCC  CompilerVersion: 8.4.0
ProgramName: mri_annotation2label  ProgramArguments: mri_annotation2label -all-info  ProgramVersion: 7.3.2  TimeStamp: 2026/03/14-10:39:45-GMT  BuildTime: Aug  4 2022 06:17:15  BuildStamp: freesurfer-linux-ubuntu22_x86_64-7.3.2-20220804-6354275  User: oesteban  Machine: dna078  Platform: Linux  PlatformVersion: 5.14.0-427.37.1.el9_4.x86_64  CompilerName: GCC  CompilerVersion: 8.4.0
ProgramName: mri_aparc2aseg  ProgramArguments: mri_aparc2aseg -all-info  ProgramVersion: 7.3.2  TimeStamp: 2026/03/14-10:39:45-GMT  BuildTime: Aug  4 2022 06:17:15  BuildStamp: freesurfer-linux-ubuntu22_x86_64-7.3.2-20220804-6354275  User: oesteban  Machine: dna078  Platform: Linux  PlatformVersion: 5.14.0-427.37.1.el9_4.x86_64  CompilerName: GCC  CompilerVersion: 8.4.0
ProgramName: mri_surf2volseg  ProgramArguments: mri_surf2volseg -all-info  ProgramVersion: 7.3.2  TimeStamp: 2026/03/14-10:39:45-GMT  BuildTime: Aug  4 2022 06:17:15  BuildStamp: freesurfer-linux-ubuntu22_x86_64-7.3.2-20220804-6354275  User: oesteban  Machine: dna078  Platform: Linux  PlatformVersion: 5.14.0-427.37.1.el9_4.x86_64  CompilerName: GCC  CompilerVersion: 8.4.0
ProgramName: mri_binarize  ProgramArguments: mri_binarize -all-info  ProgramVersion: 7.3.2  TimeStamp: 2026/03/14-10:39:45-GMT  BuildTime: Aug  4 2022 06:17:15  BuildStamp: freesurfer-linux-ubuntu22_x86_64-7.3.2-20220804-6354275  User: oesteban  Machine: dna078  Platform: Linux  PlatformVersion: 5.14.0-427.37.1.el9_4.x86_64  CompilerName: GCC  CompilerVersion: 8.4.0
ProgramName: mri_ca_label  ProgramArguments: mri_ca_label -all-info  ProgramVersion: 7.3.2  TimeStamp: 2026/03/14-10:39:45-GMT  BuildTime: Aug  4 2022 06:17:15  BuildStamp: freesurfer-linux-ubuntu22_x86_64-7.3.2-20220804-6354275  User: oesteban  Machine: dna078  Platform: Linux  PlatformVersion: 5.14.0-427.37.1.el9_4.x86_64  CompilerName: GCC  CompilerVersion: 8.4.0
ProgramName: mri_ca_normalize  ProgramArguments: mri_ca_normalize -all-info  ProgramVersion: 7.3.2  TimeStamp: 2026/03/14-10:39:45-GMT  BuildTime: Aug  4 2022 06:17:15  BuildStamp: freesurfer-linux-ubuntu22_x86_64-7.3.2-20220804-6354275  User: oesteban  Machine: dna078  Platform: Linux  PlatformVersion: 5.14.0-427.37.1.el9_4.x86_64  CompilerName: GCC  CompilerVersion: 8.4.0
ProgramName: mri_ca_register  ProgramArguments: mri_ca_register -all-info  ProgramVersion: 7.3.2  TimeStamp: 2026/03/14-10:39:45-GMT  BuildTime: Aug  4 2022 06:17:15  BuildStamp: freesurfer-linux-ubuntu22_x86_64-7.3.2-20220804-6354275  User: oesteban  Machine: dna078  Platform: Linux  PlatformVersion: 5.14.0-427.37.1.el9_4.x86_64  CompilerName: GCC  CompilerVersion: 8.4.0
ProgramName: mri_cc  ProgramArguments: mri_cc -all-info  ProgramVersion: 7.3.2  TimeStamp: 2026/03/14-10:39:45-GMT  BuildTime: Aug  4 2022 06:17:15  BuildStamp: freesurfer-linux-ubuntu22_x86_64-7.3.2-20220804-6354275  User: oesteban  Machine: dna078  Platform: Linux  PlatformVersion: 5.14.0-427.37.1.el9_4.x86_64  CompilerName: GCC  CompilerVersion: 8.4.0
ProgramName: mri_compute_overlap  ProgramArguments: mri_compute_overlap -all-info  ProgramVersion: 7.3.2  TimeStamp: 2026/03/14-10:39:45-GMT  BuildTime: Aug  4 2022 06:17:15  BuildStamp: freesurfer-linux-ubuntu22_x86_64-7.3.2-20220804-6354275  User: oesteban  Machine: dna078  Platform: Linux  PlatformVersion: 5.14.0-427.37.1.el9_4.x86_64  CompilerName: GCC  CompilerVersion: 8.4.0
ProgramName: mri_compute_seg_overlap  ProgramArguments: mri_compute_seg_overlap -all-info  ProgramVersion: 7.3.2  TimeStamp: 2026/03/14-10:39:45-GMT  BuildTime: Aug  4 2022 06:17:15  BuildStamp: freesurfer-linux-ubuntu22_x86_64-7.3.2-20220804-6354275  User: oesteban  Machine: dna078  Platform: Linux  PlatformVersion: 5.14.0-427.37.1.el9_4.x86_64  CompilerName: GCC  CompilerVersion: 8.4.0
ProgramName: mri_concat  ProgramArguments: mri_concat -all-info  ProgramVersion: 7.3.2  TimeStamp: 2026/03/14-10:39:45-GMT  BuildTime: Aug  4 2022 06:17:15  BuildStamp: freesurfer-linux-ubuntu22_x86_64-7.3.2-20220804-6354275  User: oesteban  Machine: dna078  Platform: Linux  PlatformVersion: 5.14.0-427.37.1.el9_4.x86_64  CompilerName: GCC  CompilerVersion: 8.4.0
ProgramName: mri_concatenate_lta  ProgramArguments: mri_concatenate_lta -all-info  ProgramVersion: 7.3.2  TimeStamp: 2026/03/14-10:39:45-GMT  BuildTime: Aug  4 2022 06:17:15  BuildStamp: freesurfer-linux-ubuntu22_x86_64-7.3.2-20220804-6354275  User: oesteban  Machine: dna078  Platform: Linux  PlatformVersion: 5.14.0-427.37.1.el9_4.x86_64  CompilerName: GCC  CompilerVersion: 8.4.0
mri_convert -all-info 
ProgramName: mri_convert  ProgramArguments: mri_convert -all-info  ProgramVersion: 7.3.2  TimeStamp: 2026/03/14-10:39:45-GMT  BuildTime: Aug  4 2022 06:17:15  BuildStamp: freesurfer-linux-ubuntu22_x86_64-7.3.2-20220804-6354275  User: oesteban  Machine: dna078  Platform: Linux  PlatformVersion: 5.14.0-427.37.1.el9_4.x86_64  CompilerName: GCC  CompilerVersion: 8.4.0
ProgramName: mri_diff  ProgramArguments: mri_diff -all-info  ProgramVersion: 7.3.2  TimeStamp: 2026/03/14-10:39:45-GMT  BuildTime: Aug  4 2022 06:17:15  BuildStamp: freesurfer-linux-ubuntu22_x86_64-7.3.2-20220804-6354275  User: oesteban  Machine: dna078  Platform: Linux  PlatformVersion: 5.14.0-427.37.1.el9_4.x86_64  CompilerName: GCC  CompilerVersion: 8.4.0
ProgramName: mri_edit_wm_with_aseg  ProgramArguments: mri_edit_wm_with_aseg -all-info  ProgramVersion: 7.3.2  TimeStamp: 2026/03/14-10:39:45-GMT  BuildTime: Aug  4 2022 06:17:15  BuildStamp: freesurfer-linux-ubuntu22_x86_64-7.3.2-20220804-6354275  User: oesteban  Machine: dna078  Platform: Linux  PlatformVersion: 5.14.0-427.37.1.el9_4.x86_64  CompilerName: GCC  CompilerVersion: 8.4.0
ProgramName: mri_em_register  ProgramArguments: mri_em_register -all-info  ProgramVersion: 7.3.2  TimeStamp: 2026/03/14-10:39:45-GMT  BuildTime: Aug  4 2022 06:17:15  BuildStamp: freesurfer-linux-ubuntu22_x86_64-7.3.2-20220804-6354275  User: oesteban  Machine: dna078  Platform: Linux  PlatformVersion: 5.14.0-427.37.1.el9_4.x86_64  CompilerName: GCC  CompilerVersion: 8.4.0
ProgramName: mri_fill  ProgramArguments: mri_fill -all-info  ProgramVersion: 7.3.2  TimeStamp: 2026/03/14-10:39:45-GMT  BuildTime: Aug  4 2022 06:17:15  BuildStamp: freesurfer-linux-ubuntu22_x86_64-7.3.2-20220804-6354275  User: oesteban  Machine: dna078  Platform: Linux  PlatformVersion: 5.14.0-427.37.1.el9_4.x86_64  CompilerName: GCC  CompilerVersion: 8.4.0
ProgramName: mri_fuse_segmentations  ProgramArguments: mri_fuse_segmentations -all-info  ProgramVersion: 7.3.2  TimeStamp: 2026/03/14-10:39:45-GMT  BuildTime: Aug  4 2022 06:17:15  BuildStamp: freesurfer-linux-ubuntu22_x86_64-7.3.2-20220804-6354275  User: oesteban  Machine: dna078  Platform: Linux  PlatformVersion: 5.14.0-427.37.1.el9_4.x86_64  CompilerName: GCC  CompilerVersion: 8.4.0
ProgramName: mri_fwhm  ProgramArguments: mri_fwhm -all-info  ProgramVersion: 7.3.2  TimeStamp: 2026/03/14-10:39:45-GMT  BuildTime: Aug  4 2022 06:17:15  BuildStamp: freesurfer-linux-ubuntu22_x86_64-7.3.2-20220804-6354275  User: oesteban  Machine: dna078  Platform: Linux  PlatformVersion: 5.14.0-427.37.1.el9_4.x86_64  CompilerName: GCC  CompilerVersion: 8.4.0
ProgramName: mri_gcut  ProgramArguments: mri_gcut -all-info  ProgramVersion: 7.3.2  TimeStamp: 2026/03/14-10:39:45-GMT  BuildTime: Aug  4 2022 06:17:15  BuildStamp: freesurfer-linux-ubuntu22_x86_64-7.3.2-20220804-6354275  User: oesteban  Machine: dna078  Platform: Linux  PlatformVersion: 5.14.0-427.37.1.el9_4.x86_64  CompilerName: GCC  CompilerVersion: 8.4.0
ProgramName: mri_info  ProgramArguments: mri_info -all-info  ProgramVersion: 7.3.2  TimeStamp: 2026/03/14-10:39:45-GMT  BuildTime: Aug  4 2022 06:17:15  BuildStamp: freesurfer-linux-ubuntu22_x86_64-7.3.2-20220804-6354275  User: oesteban  Machine: dna078  Platform: Linux  PlatformVersion: 5.14.0-427.37.1.el9_4.x86_64  CompilerName: GCC  CompilerVersion: 8.4.0
ProgramName: mri_label2label  ProgramArguments: mri_label2label -all-info  ProgramVersion: 7.3.2  TimeStamp: 2026/03/14-10:39:45-GMT  BuildTime: Aug  4 2022 06:17:15  BuildStamp: freesurfer-linux-ubuntu22_x86_64-7.3.2-20220804-6354275  User: oesteban  Machine: dna078  Platform: Linux  PlatformVersion: 5.14.0-427.37.1.el9_4.x86_64  CompilerName: GCC  CompilerVersion: 8.4.0
ProgramName: mri_label2vol  ProgramArguments: mri_label2vol -all-info  ProgramVersion: 7.3.2  TimeStamp: 2026/03/14-10:39:45-GMT  BuildTime: Aug  4 2022 06:17:15  BuildStamp: freesurfer-linux-ubuntu22_x86_64-7.3.2-20220804-6354275  User: oesteban  Machine: dna078  Platform: Linux  PlatformVersion: 5.14.0-427.37.1.el9_4.x86_64  CompilerName: GCC  CompilerVersion: 8.4.0
ProgramName: mri_log_likelihood  ProgramArguments: mri_log_likelihood -all-info  ProgramVersion: 7.3.2  TimeStamp: 2026/03/14-10:39:45-GMT  BuildTime: Aug  4 2022 06:17:15  BuildStamp: freesurfer-linux-ubuntu22_x86_64-7.3.2-20220804-6354275  User: oesteban  Machine: dna078  Platform: Linux  PlatformVersion: 5.14.0-427.37.1.el9_4.x86_64  CompilerName: GCC  CompilerVersion: 8.4.0
ProgramName: mri_mask  ProgramArguments: mri_mask -all-info  ProgramVersion: 7.3.2  TimeStamp: 2026/03/14-10:39:45-GMT  BuildTime: Aug  4 2022 06:17:15  BuildStamp: freesurfer-linux-ubuntu22_x86_64-7.3.2-20220804-6354275  User: oesteban  Machine: dna078  Platform: Linux  PlatformVersion: 5.14.0-427.37.1.el9_4.x86_64  CompilerName: GCC  CompilerVersion: 8.4.0
ProgramName: mri_matrix_multiply  ProgramArguments: mri_matrix_multiply -all-info  ProgramVersion: 7.3.2  TimeStamp: 2026/03/14-10:39:45-GMT  BuildTime: Aug  4 2022 06:17:15  BuildStamp: freesurfer-linux-ubuntu22_x86_64-7.3.2-20220804-6354275  User: oesteban  Machine: dna078  Platform: Linux  PlatformVersion: 5.14.0-427.37.1.el9_4.x86_64  CompilerName: GCC  CompilerVersion: 8.4.0
ProgramName: mri_normalize  ProgramArguments: mri_normalize -all-info  ProgramVersion: 7.3.2  TimeStamp: 2026/03/14-10:39:45-GMT  BuildTime: Aug  4 2022 06:17:15  BuildStamp: freesurfer-linux-ubuntu22_x86_64-7.3.2-20220804-6354275  User: oesteban  Machine: dna078  Platform: Linux  PlatformVersion: 5.14.0-427.37.1.el9_4.x86_64  CompilerName: GCC  CompilerVersion: 8.4.0
ProgramName: mri_normalize_tp2  ProgramArguments: mri_normalize_tp2 -all-info  ProgramVersion: 7.3.2  TimeStamp: 2026/03/14-10:39:45-GMT  BuildTime: Aug  4 2022 06:17:15  BuildStamp: freesurfer-linux-ubuntu22_x86_64-7.3.2-20220804-6354275  User: oesteban  Machine: dna078  Platform: Linux  PlatformVersion: 5.14.0-427.37.1.el9_4.x86_64  CompilerName: GCC  CompilerVersion: 8.4.0
ProgramName: mri_or  ProgramArguments: mri_or -all-info  ProgramVersion: 7.3.2  TimeStamp: 2026/03/14-10:39:45-GMT  BuildTime: Aug  4 2022 06:17:15  BuildStamp: freesurfer-linux-ubuntu22_x86_64-7.3.2-20220804-6354275  User: oesteban  Machine: dna078  Platform: Linux  PlatformVersion: 5.14.0-427.37.1.el9_4.x86_64  CompilerName: GCC  CompilerVersion: 8.4.0
ProgramName: mri_relabel_hypointensities  ProgramArguments: mri_relabel_hypointensities -all-info  ProgramVersion: 7.3.2  TimeStamp: 2026/03/14-10:39:45-GMT  BuildTime: Aug  4 2022 06:17:15  BuildStamp: freesurfer-linux-ubuntu22_x86_64-7.3.2-20220804-6354275  User: oesteban  Machine: dna078  Platform: Linux  PlatformVersion: 5.14.0-427.37.1.el9_4.x86_64  CompilerName: GCC  CompilerVersion: 8.4.0
ProgramName: mri_relabel_nonwm_hypos  ProgramArguments: mri_relabel_nonwm_hypos -all-info  ProgramVersion: 7.3.2  TimeStamp: 2026/03/14-10:39:45-GMT  BuildTime: Aug  4 2022 06:17:15  BuildStamp: freesurfer-linux-ubuntu22_x86_64-7.3.2-20220804-6354275  User: oesteban  Machine: dna078  Platform: Linux  PlatformVersion: 5.14.0-427.37.1.el9_4.x86_64  CompilerName: GCC  CompilerVersion: 8.4.0
ProgramName: mri_remove_neck  ProgramArguments: mri_remove_neck -all-info  ProgramVersion: 7.3.2  TimeStamp: 2026/03/14-10:39:45-GMT  BuildTime: Aug  4 2022 06:17:15  BuildStamp: freesurfer-linux-ubuntu22_x86_64-7.3.2-20220804-6354275  User: oesteban  Machine: dna078  Platform: Linux  PlatformVersion: 5.14.0-427.37.1.el9_4.x86_64  CompilerName: GCC  CompilerVersion: 8.4.0
7.3.2

ProgramName: mri_robust_register  ProgramArguments: mri_robust_register -all-info  ProgramVersion: 7.3.2  TimeStamp: 2026/03/14-10:39:45-GMT  BuildTime: Aug  4 2022 06:17:15  BuildStamp: freesurfer-linux-ubuntu22_x86_64-7.3.2-20220804-6354275  User: oesteban  Machine: dna078  Platform: Linux  PlatformVersion: 5.14.0-427.37.1.el9_4.x86_64  CompilerName: GCC  CompilerVersion: 8.4.0
7.3.2

ProgramName: mri_robust_template  ProgramArguments: mri_robust_template -all-info  ProgramVersion: 7.3.2  TimeStamp: 2026/03/14-10:39:45-GMT  BuildTime: Aug  4 2022 06:17:15  BuildStamp: freesurfer-linux-ubuntu22_x86_64-7.3.2-20220804-6354275  User: oesteban  Machine: dna078  Platform: Linux  PlatformVersion: 5.14.0-427.37.1.el9_4.x86_64  CompilerName: GCC  CompilerVersion: 8.4.0
ProgramName: mris_anatomical_stats  ProgramArguments: mris_anatomical_stats -all-info  ProgramVersion: 7.3.2  TimeStamp: 2026/03/14-10:39:45-GMT  BuildTime: Aug  4 2022 06:17:15  BuildStamp: freesurfer-linux-ubuntu22_x86_64-7.3.2-20220804-6354275  User: oesteban  Machine: dna078  Platform: Linux  PlatformVersion: 5.14.0-427.37.1.el9_4.x86_64  CompilerName: GCC  CompilerVersion: 8.4.0
ProgramName: mris_ca_label  ProgramArguments: mris_ca_label -all-info  ProgramVersion: 7.3.2  TimeStamp: 2026/03/14-10:39:45-GMT  BuildTime: Aug  4 2022 06:17:15  BuildStamp: freesurfer-linux-ubuntu22_x86_64-7.3.2-20220804-6354275  User: oesteban  Machine: dna078  Platform: Linux  PlatformVersion: 5.14.0-427.37.1.el9_4.x86_64  CompilerName: GCC  CompilerVersion: 8.4.0
ProgramName: mris_calc  ProgramArguments: mris_calc -all-info  ProgramVersion: 7.3.2  TimeStamp: 2026/03/14-10:39:45-GMT  BuildTime: Aug  4 2022 06:17:15  BuildStamp: freesurfer-linux-ubuntu22_x86_64-7.3.2-20220804-6354275  User: oesteban  Machine: dna078  Platform: Linux  PlatformVersion: 5.14.0-427.37.1.el9_4.x86_64  CompilerName: GCC  CompilerVersion: 8.4.0
ProgramName: mris_convert  ProgramArguments: mris_convert -all-info  ProgramVersion: 7.3.2  TimeStamp: 2026/03/14-10:39:45-GMT  BuildTime: Aug  4 2022 06:17:15  BuildStamp: freesurfer-linux-ubuntu22_x86_64-7.3.2-20220804-6354275  User: oesteban  Machine: dna078  Platform: Linux  PlatformVersion: 5.14.0-427.37.1.el9_4.x86_64  CompilerName: GCC  CompilerVersion: 8.4.0
ProgramName: mris_curvature  ProgramArguments: mris_curvature -all-info  ProgramVersion: 7.3.2  TimeStamp: 2026/03/14-10:39:45-GMT  BuildTime: Aug  4 2022 06:17:15  BuildStamp: freesurfer-linux-ubuntu22_x86_64-7.3.2-20220804-6354275  User: oesteban  Machine: dna078  Platform: Linux  PlatformVersion: 5.14.0-427.37.1.el9_4.x86_64  CompilerName: GCC  CompilerVersion: 8.4.0
ProgramName: mris_curvature_stats  ProgramArguments: mris_curvature_stats -all-info  ProgramVersion: 7.3.2  TimeStamp: 2026/03/14-10:39:45-GMT  BuildTime: Aug  4 2022 06:17:15  BuildStamp: freesurfer-linux-ubuntu22_x86_64-7.3.2-20220804-6354275  User: oesteban  Machine: dna078  Platform: Linux  PlatformVersion: 5.14.0-427.37.1.el9_4.x86_64  CompilerName: GCC  CompilerVersion: 8.4.0
ProgramName: mris_diff  ProgramArguments: mris_diff -all-info  ProgramVersion: 7.3.2  TimeStamp: 2026/03/14-10:39:45-GMT  BuildTime: Aug  4 2022 06:17:15  BuildStamp: freesurfer-linux-ubuntu22_x86_64-7.3.2-20220804-6354275  User: oesteban  Machine: dna078  Platform: Linux  PlatformVersion: 5.14.0-427.37.1.el9_4.x86_64  CompilerName: GCC  CompilerVersion: 8.4.0
ProgramName: mris_divide_parcellation  ProgramArguments: mris_divide_parcellation -all-info  ProgramVersion: 7.3.2  TimeStamp: 2026/03/14-10:39:45-GMT  BuildTime: Aug  4 2022 06:17:15  BuildStamp: freesurfer-linux-ubuntu22_x86_64-7.3.2-20220804-6354275  User: oesteban  Machine: dna078  Platform: Linux  PlatformVersion: 5.14.0-427.37.1.el9_4.x86_64  CompilerName: GCC  CompilerVersion: 8.4.0
ProgramName: mri_segment  ProgramArguments: mri_segment -all-info  ProgramVersion: 7.3.2  TimeStamp: 2026/03/14-10:39:45-GMT  BuildTime: Aug  4 2022 06:17:15  BuildStamp: freesurfer-linux-ubuntu22_x86_64-7.3.2-20220804-6354275  User: oesteban  Machine: dna078  Platform: Linux  PlatformVersion: 5.14.0-427.37.1.el9_4.x86_64  CompilerName: GCC  CompilerVersion: 8.4.0
ProgramName: mri_segstats  ProgramArguments: mri_segstats -all-info  ProgramVersion: 7.3.2  TimeStamp: 2026/03/14-10:39:45-GMT  BuildTime: Aug  4 2022 06:17:15  BuildStamp: freesurfer-linux-ubuntu22_x86_64-7.3.2-20220804-6354275  User: oesteban  Machine: dna078  Platform: Linux  PlatformVersion: 5.14.0-427.37.1.el9_4.x86_64  CompilerName: GCC  CompilerVersion: 8.4.0
ProgramName: mris_euler_number  ProgramArguments: mris_euler_number -all-info  ProgramVersion: 7.3.2  TimeStamp: 2026/03/14-10:39:45-GMT  BuildTime: Aug  4 2022 06:17:15  BuildStamp: freesurfer-linux-ubuntu22_x86_64-7.3.2-20220804-6354275  User: oesteban  Machine: dna078  Platform: Linux  PlatformVersion: 5.14.0-427.37.1.el9_4.x86_64  CompilerName: GCC  CompilerVersion: 8.4.0
ProgramName: mris_fix_topology  ProgramArguments: mris_fix_topology -all-info  ProgramVersion: 7.3.2  TimeStamp: 2026/03/14-10:39:45-GMT  BuildTime: Aug  4 2022 06:17:15  BuildStamp: freesurfer-linux-ubuntu22_x86_64-7.3.2-20220804-6354275  User: oesteban  Machine: dna078  Platform: Linux  PlatformVersion: 5.14.0-427.37.1.el9_4.x86_64  CompilerName: GCC  CompilerVersion: 8.4.0
ProgramName: mris_topo_fixer  ProgramArguments: mris_topo_fixer -all-info  ProgramVersion: 7.3.2  TimeStamp: 2026/03/14-10:39:45-GMT  BuildTime: Aug  4 2022 06:17:15  BuildStamp: freesurfer-linux-ubuntu22_x86_64-7.3.2-20220804-6354275  User: oesteban  Machine: dna078  Platform: Linux  PlatformVersion: 5.14.0-427.37.1.el9_4.x86_64  CompilerName: GCC  CompilerVersion: 8.4.0
ProgramName: mris_jacobian  ProgramArguments: mris_jacobian -all-info  ProgramVersion: 7.3.2  TimeStamp: 2026/03/14-10:39:45-GMT  BuildTime: Aug  4 2022 06:17:15  BuildStamp: freesurfer-linux-ubuntu22_x86_64-7.3.2-20220804-6354275  User: oesteban  Machine: dna078  Platform: Linux  PlatformVersion: 5.14.0-427.37.1.el9_4.x86_64  CompilerName: GCC  CompilerVersion: 8.4.0
ProgramName: mris_label2annot  ProgramArguments: mris_label2annot -all-info  ProgramVersion: 7.3.2  TimeStamp: 2026/03/14-10:39:45-GMT  BuildTime: Aug  4 2022 06:17:15  BuildStamp: freesurfer-linux-ubuntu22_x86_64-7.3.2-20220804-6354275  User: oesteban  Machine: dna078  Platform: Linux  PlatformVersion: 5.14.0-427.37.1.el9_4.x86_64  CompilerName: GCC  CompilerVersion: 8.4.0
ProgramName: mris_left_right_register  ProgramArguments: mris_left_right_register -all-info  ProgramVersion: 7.3.2  TimeStamp: 2026/03/14-10:39:45-GMT  BuildTime: Aug  4 2022 06:17:15  BuildStamp: freesurfer-linux-ubuntu22_x86_64-7.3.2-20220804-6354275  User: oesteban  Machine: dna078  Platform: Linux  PlatformVersion: 5.14.0-427.37.1.el9_4.x86_64  CompilerName: GCC  CompilerVersion: 8.4.0
ProgramName: mris_place_surface  ProgramArguments: mris_place_surface -all-info  ProgramVersion: 7.3.2  TimeStamp: 2026/03/14-10:39:45-GMT  BuildTime: Aug  4 2022 06:17:15  BuildStamp: freesurfer-linux-ubuntu22_x86_64-7.3.2-20220804-6354275  User: oesteban  Machine: dna078  Platform: Linux  PlatformVersion: 5.14.0-427.37.1.el9_4.x86_64  CompilerName: GCC  CompilerVersion: 8.4.0
ProgramName: mrisp_paint  ProgramArguments: mrisp_paint -all-info  ProgramVersion: 7.3.2  TimeStamp: 2026/03/14-10:39:45-GMT  BuildTime: Aug  4 2022 06:17:15  BuildStamp: freesurfer-linux-ubuntu22_x86_64-7.3.2-20220804-6354275  User: oesteban  Machine: dna078  Platform: Linux  PlatformVersion: 5.14.0-427.37.1.el9_4.x86_64  CompilerName: GCC  CompilerVersion: 8.4.0
ProgramName: mris_register  ProgramArguments: mris_register -all-info  ProgramVersion: 7.3.2  TimeStamp: 2026/03/14-10:39:45-GMT  BuildTime: Aug  4 2022 06:17:15  BuildStamp: freesurfer-linux-ubuntu22_x86_64-7.3.2-20220804-6354275  User: oesteban  Machine: dna078  Platform: Linux  PlatformVersion: 5.14.0-427.37.1.el9_4.x86_64  CompilerName: GCC  CompilerVersion: 8.4.0
ProgramName: mris_smooth  ProgramArguments: mris_smooth -all-info  ProgramVersion: 7.3.2  TimeStamp: 2026/03/14-10:39:45-GMT  BuildTime: Aug  4 2022 06:17:15  BuildStamp: freesurfer-linux-ubuntu22_x86_64-7.3.2-20220804-6354275  User: oesteban  Machine: dna078  Platform: Linux  PlatformVersion: 5.14.0-427.37.1.el9_4.x86_64  CompilerName: GCC  CompilerVersion: 8.4.0
ProgramName: mris_sphere  ProgramArguments: mris_sphere -all-info  ProgramVersion: 7.3.2  TimeStamp: 2026/03/14-10:39:45-GMT  BuildTime: Aug  4 2022 06:17:15  BuildStamp: freesurfer-linux-ubuntu22_x86_64-7.3.2-20220804-6354275  User: oesteban  Machine: dna078  Platform: Linux  PlatformVersion: 5.14.0-427.37.1.el9_4.x86_64  CompilerName: GCC  CompilerVersion: 8.4.0
ProgramName: mris_surface_stats  ProgramArguments: mris_surface_stats -all-info  ProgramVersion: 7.3.2  TimeStamp: 2026/03/14-10:39:45-GMT  BuildTime: Aug  4 2022 06:17:15  BuildStamp: freesurfer-linux-ubuntu22_x86_64-7.3.2-20220804-6354275  User: oesteban  Machine: dna078  Platform: Linux  PlatformVersion: 5.14.0-427.37.1.el9_4.x86_64  CompilerName: GCC  CompilerVersion: 8.4.0
ProgramName: mri_stats2seg  ProgramArguments: mri_stats2seg -all-info  ProgramVersion: 7.3.2  TimeStamp: 2026/03/14-10:39:45-GMT  BuildTime: Aug  4 2022 06:17:15  BuildStamp: freesurfer-linux-ubuntu22_x86_64-7.3.2-20220804-6354275  User: oesteban  Machine: dna078  Platform: Linux  PlatformVersion: 5.14.0-427.37.1.el9_4.x86_64  CompilerName: GCC  CompilerVersion: 8.4.0
ProgramName: mris_thickness  ProgramArguments: mris_thickness -all-info  ProgramVersion: 7.3.2  TimeStamp: 2026/03/14-10:39:45-GMT  BuildTime: Aug  4 2022 06:17:15  BuildStamp: freesurfer-linux-ubuntu22_x86_64-7.3.2-20220804-6354275  User: oesteban  Machine: dna078  Platform: Linux  PlatformVersion: 5.14.0-427.37.1.el9_4.x86_64  CompilerName: GCC  CompilerVersion: 8.4.0
ProgramName: mris_thickness_diff  ProgramArguments: mris_thickness_diff -all-info  ProgramVersion: 7.3.2  TimeStamp: 2026/03/14-10:39:45-GMT  BuildTime: Aug  4 2022 06:17:15  BuildStamp: freesurfer-linux-ubuntu22_x86_64-7.3.2-20220804-6354275  User: oesteban  Machine: dna078  Platform: Linux  PlatformVersion: 5.14.0-427.37.1.el9_4.x86_64  CompilerName: GCC  CompilerVersion: 8.4.0
ProgramName: mris_topo_fixer  ProgramArguments: mris_topo_fixer -all-info  ProgramVersion: 7.3.2  TimeStamp: 2026/03/14-10:39:45-GMT  BuildTime: Aug  4 2022 06:17:15  BuildStamp: freesurfer-linux-ubuntu22_x86_64-7.3.2-20220804-6354275  User: oesteban  Machine: dna078  Platform: Linux  PlatformVersion: 5.14.0-427.37.1.el9_4.x86_64  CompilerName: GCC  CompilerVersion: 8.4.0
ProgramName: mri_surf2surf  ProgramArguments: mri_surf2surf -all-info  ProgramVersion: 7.3.2  TimeStamp: 2026/03/14-10:39:45-GMT  BuildTime: Aug  4 2022 06:17:15  BuildStamp: freesurfer-linux-ubuntu22_x86_64-7.3.2-20220804-6354275  User: oesteban  Machine: dna078  Platform: Linux  PlatformVersion: 5.14.0-427.37.1.el9_4.x86_64  CompilerName: GCC  CompilerVersion: 8.4.0
ProgramName: mri_surf2vol  ProgramArguments: mri_surf2vol -all-info  ProgramVersion: 7.3.2  TimeStamp: 2026/03/14-10:39:45-GMT  BuildTime: Aug  4 2022 06:17:15  BuildStamp: freesurfer-linux-ubuntu22_x86_64-7.3.2-20220804-6354275  User: oesteban  Machine: dna078  Platform: Linux  PlatformVersion: 5.14.0-427.37.1.el9_4.x86_64  CompilerName: GCC  CompilerVersion: 8.4.0
ProgramName: mri_surfcluster  ProgramArguments: mri_surfcluster -all-info  ProgramVersion: 7.3.2  TimeStamp: 2026/03/14-10:39:45-GMT  BuildTime: Aug  4 2022 06:17:15  BuildStamp: freesurfer-linux-ubuntu22_x86_64-7.3.2-20220804-6354275  User: oesteban  Machine: dna078  Platform: Linux  PlatformVersion: 5.14.0-427.37.1.el9_4.x86_64  CompilerName: GCC  CompilerVersion: 8.4.0
ProgramName: mris_volmask  ProgramArguments: mris_volmask -all-info  ProgramVersion: 7.3.2  TimeStamp: 2026/03/14-10:39:45-GMT  BuildTime: Aug  4 2022 06:17:15  BuildStamp: freesurfer-linux-ubuntu22_x86_64-7.3.2-20220804-6354275  User: oesteban  Machine: dna078  Platform: Linux  PlatformVersion: 5.14.0-427.37.1.el9_4.x86_64  CompilerName: GCC  CompilerVersion: 8.4.0
ProgramName: mri_tessellate  ProgramArguments: mri_tessellate -all-info  ProgramVersion: 7.3.2  TimeStamp: 2026/03/14-10:39:45-GMT  BuildTime: Aug  4 2022 06:17:15  BuildStamp: freesurfer-linux-ubuntu22_x86_64-7.3.2-20220804-6354275  User: oesteban  Machine: dna078  Platform: Linux  PlatformVersion: 5.14.0-427.37.1.el9_4.x86_64  CompilerName: GCC  CompilerVersion: 8.4.0
ProgramName: mri_vol2surf  ProgramArguments: mri_vol2surf -all-info  ProgramVersion: 7.3.2  TimeStamp: 2026/03/14-10:39:45-GMT  BuildTime: Aug  4 2022 06:17:15  BuildStamp: freesurfer-linux-ubuntu22_x86_64-7.3.2-20220804-6354275  User: oesteban  Machine: dna078  Platform: Linux  PlatformVersion: 5.14.0-427.37.1.el9_4.x86_64  CompilerName: GCC  CompilerVersion: 8.4.0
ProgramName: mri_vol2vol  ProgramArguments: mri_vol2vol -all-info  ProgramVersion: 7.3.2  TimeStamp: 2026/03/14-10:39:45-GMT  BuildTime: Aug  4 2022 06:17:15  BuildStamp: freesurfer-linux-ubuntu22_x86_64-7.3.2-20220804-6354275  User: oesteban  Machine: dna078  Platform: Linux  PlatformVersion: 5.14.0-427.37.1.el9_4.x86_64  CompilerName: GCC  CompilerVersion: 8.4.0
ProgramName: mri_voldiff  ProgramArguments: mri_voldiff -all-info  ProgramVersion: 7.3.2  TimeStamp: 2026/03/14-10:39:46-GMT  BuildTime: Aug  4 2022 06:17:15  BuildStamp: freesurfer-linux-ubuntu22_x86_64-7.3.2-20220804-6354275  User: oesteban  Machine: dna078  Platform: Linux  PlatformVersion: 5.14.0-427.37.1.el9_4.x86_64  CompilerName: GCC  CompilerVersion: 8.4.0
ProgramName: mri_watershed  ProgramArguments: mri_watershed -all-info  ProgramVersion: 7.3.2  TimeStamp: 2026/03/14-10:39:46-GMT  BuildTime: Aug  4 2022 06:17:15  BuildStamp: freesurfer-linux-ubuntu22_x86_64-7.3.2-20220804-6354275  User: oesteban  Machine: dna078  Platform: Linux  PlatformVersion: 5.14.0-427.37.1.el9_4.x86_64  CompilerName: GCC  CompilerVersion: 8.4.0
ProgramName: tkregister2  ProgramArguments: tkregister2_cmdl -all-info  ProgramVersion: 7.3.2  TimeStamp: 2026/03/14-10:39:46-GMT  BuildTime: Aug  4 2022 06:17:15  BuildStamp: freesurfer-linux-ubuntu22_x86_64-7.3.2-20220804-6354275  User: oesteban  Machine: dna078  Platform: Linux  PlatformVersion: 5.14.0-427.37.1.el9_4.x86_64  CompilerName: GCC  CompilerVersion: 8.4.0
mri_motion_correct.fsl 7.3.2
mri_convert -all-info 
ProgramName: mri_convert  ProgramArguments: mri_convert -all-info  ProgramVersion: 7.3.2  TimeStamp: 2026/03/14-10:39:46-GMT  BuildTime: Aug  4 2022 06:17:15  BuildStamp: freesurfer-linux-ubuntu22_x86_64-7.3.2-20220804-6354275  User: oesteban  Machine: dna078  Platform: Linux  PlatformVersion: 5.14.0-427.37.1.el9_4.x86_64  CompilerName: GCC  CompilerVersion: 8.4.0
Program nu_correct, built from:
Package MNI N3, version 1.12.0, compiled by nicks@terrier (x86_64-unknown-linux-gnu) on 2015-06-19 at 01:25:34
#######################################
GCADIR /opt/freesurfer/average
GCA RB_all_2020-01-02.gca
GCASkull RB_all_withskull_2020_01_02.gca
AvgCurvTif folding.atlas.acfb40.noaparc.i12.2016-08-02.tif
GCSDIR /opt/freesurfer/average
GCS DKaparc.atlas.acfb40.noaparc.i12.2016-08-02.gcs
#######################################
#--------------------------------------------
#@# Tessellate lh Sat Mar 14 11:39:46 CET 2026
/out/sourcedata/freesurfer/sub-v2s9x29167_ses-1/scripts

 mri_pretess ../mri/filled.mgz 255 ../mri/norm.mgz ../mri/filled-pretess255.mgz 


Iteration Number : 1
pass   1 (xy+):   3 found -   3 modified     |    TOTAL:   3
pass   2 (xy+):   0 found -   3 modified     |    TOTAL:   3
pass   1 (xy-):   2 found -   2 modified     |    TOTAL:   5
pass   2 (xy-):   0 found -   2 modified     |    TOTAL:   5
pass   1 (yz+):   3 found -   3 modified     |    TOTAL:   8
pass   2 (yz+):   0 found -   3 modified     |    TOTAL:   8
pass   1 (yz-):   2 found -   2 modified     |    TOTAL:  10
pass   2 (yz-):   0 found -   2 modified     |    TOTAL:  10
pass   1 (xz+):   6 found -   6 modified     |    TOTAL:  16
pass   2 (xz+):   0 found -   6 modified     |    TOTAL:  16
pass   1 (xz-):   2 found -   2 modified     |    TOTAL:  18
pass   2 (xz-):   0 found -   2 modified     |    TOTAL:  18
Iteration Number : 1
pass   1 (+++):   0 found -   0 modified     |    TOTAL:   0
pass   1 (+++):   0 found -   0 modified     |    TOTAL:   0
pass   1 (+++):   0 found -   0 modified     |    TOTAL:   0
pass   1 (+++):   0 found -   0 modified     |    TOTAL:   0
Iteration Number : 1
pass   1 (++):   1 found -   1 modified     |    TOTAL:   1
pass   2 (++):   0 found -   1 modified     |    TOTAL:   1
pass   1 (+-):   4 found -   4 modified     |    TOTAL:   5
pass   2 (+-):   0 found -   4 modified     |    TOTAL:   5
pass   1 (--):   1 found -   1 modified     |    TOTAL:   6
pass   2 (--):   0 found -   1 modified     |    TOTAL:   6
pass   1 (-+):   2 found -   2 modified     |    TOTAL:   8
pass   2 (-+):   0 found -   2 modified     |    TOTAL:   8
Iteration Number : 2
pass   1 (xy+):   0 found -   0 modified     |    TOTAL:   0
pass   1 (xy-):   0 found -   0 modified     |    TOTAL:   0
pass   1 (yz+):   0 found -   0 modified     |    TOTAL:   0
pass   1 (yz-):   0 found -   0 modified     |    TOTAL:   0
pass   1 (xz+):   0 found -   0 modified     |    TOTAL:   0
pass   1 (xz-):   0 found -   0 modified     |    TOTAL:   0
Iteration Number : 2
pass   1 (+++):   0 found -   0 modified     |    TOTAL:   0
pass   1 (+++):   0 found -   0 modified     |    TOTAL:   0
pass   1 (+++):   0 found -   0 modified     |    TOTAL:   0
pass   1 (+++):   0 found -   0 modified     |    TOTAL:   0
Iteration Number : 2
pass   1 (++):   0 found -   0 modified     |    TOTAL:   0
pass   1 (+-):   0 found -   0 modified     |    TOTAL:   0
pass   1 (--):   0 found -   0 modified     |    TOTAL:   0
pass   1 (-+):   0 found -   0 modified     |    TOTAL:   0

Total Number of Modified Voxels = 26 (out of 198413: 0.013104)
Ambiguous edge configurations... 

mri_pretess done


 mri_tessellate ../mri/filled-pretess255.mgz 255 ../surf/lh.orig.nofix 

7.3.2
  7.3.2
slice 30: 239 vertices, 298 faces
slice 40: 5225 vertices, 5497 faces
slice 50: 14111 vertices, 14476 faces
slice 60: 25205 vertices, 25545 faces
slice 70: 34753 vertices, 35127 faces
slice 80: 45027 vertices, 45377 faces
slice 90: 54773 vertices, 55136 faces
slice 100: 64426 vertices, 64792 faces
slice 110: 73816 vertices, 74168 faces
slice 120: 82503 vertices, 82849 faces
slice 130: 89955 vertices, 90236 faces
slice 140: 96628 vertices, 96924 faces
slice 150: 101880 vertices, 102078 faces
slice 160: 105777 vertices, 105942 faces
slice 170: 108088 vertices, 108187 faces
slice 180: 108634 vertices, 108674 faces
slice 190: 108634 vertices, 108674 faces
slice 200: 108634 vertices, 108674 faces
slice 210: 108634 vertices, 108674 faces
slice 220: 108634 vertices, 108674 faces
slice 230: 108634 vertices, 108674 faces
slice 240: 108634 vertices, 108674 faces
slice 250: 108634 vertices, 108674 faces
using the conformed surface RAS to save vertex points...
writing ../surf/lh.orig.nofix
using vox2ras matrix:
-1.00000   0.00000   0.00000   128.00000;
 0.00000   0.00000   1.00000  -128.00000;
 0.00000  -1.00000   0.00000   128.00000;
 0.00000   0.00000   0.00000   1.00000;

 rm -f ../mri/filled-pretess255.mgz 


 mris_extract_main_component ../surf/lh.orig.nofix ../surf/lh.orig.nofix 


counting number of connected components...
   108634 voxel in cpt #1: X=-40 [v=108634,e=326022,f=217348] located at (-26.128578, -37.026657, 1.234926)
For the whole surface: X=-40 [v=108634,e=326022,f=217348]
One single component has been found
nothing to do
done

#--------------------------------------------
#@# Smooth1 lh Sat Mar 14 11:39:48 CET 2026
/out/sourcedata/freesurfer/sub-v2s9x29167_ses-1/scripts

 mris_smooth -nw -seed 1234 ../surf/lh.orig.nofix ../surf/lh.smoothwm.nofix 

setting seed for random number generator to 1234
smoothing surface tessellation for 10 iterations...
smoothing complete - recomputing first and second fundamental forms...
#--------------------------------------------
#@# Inflation1 lh Sat Mar 14 11:39:49 CET 2026
/out/sourcedata/freesurfer/sub-v2s9x29167_ses-1/scripts

 mris_inflate -no-save-sulc ../surf/lh.smoothwm.nofix ../surf/lh.inflated.nofix 

Not saving sulc
Reading ../surf/lh.smoothwm.nofix
avg radius = 43.8 mm, total surface area = 58892 mm^2
step 000: RMS=0.151 (target=0.015)   step 005: RMS=0.114 (target=0.015)   step 010: RMS=0.087 (target=0.015)   step 015: RMS=0.074 (target=0.015)   step 020: RMS=0.065 (target=0.015)   step 025: RMS=0.057 (target=0.015)   step 030: RMS=0.052 (target=0.015)   step 035: RMS=0.049 (target=0.015)   step 040: RMS=0.046 (target=0.015)   step 045: RMS=0.044 (target=0.015)   step 050: RMS=0.044 (target=0.015)   step 055: RMS=0.043 (target=0.015)   step 060: RMS=0.043 (target=0.015)   writing inflated surface to ../surf/lh.inflated.nofix
inflation took 0.1 minutes

inflation complete.
Not saving sulc
mris_inflate utimesec    34.190185
mris_inflate stimesec    1.504715
mris_inflate ru_maxrss   175172
mris_inflate ru_ixrss    0
mris_inflate ru_idrss    0
mris_inflate ru_isrss    0
mris_inflate ru_minflt   499741
mris_inflate ru_majflt   35
mris_inflate ru_nswap    0
mris_inflate ru_inblock  1672
mris_inflate ru_oublock  7648
mris_inflate ru_msgsnd   0
mris_inflate ru_msgrcv   0
mris_inflate ru_nsignals 0
mris_inflate ru_nvcsw    4839
mris_inflate ru_nivcsw   208
#--------------------------------------------
#@# QSphere lh Sat Mar 14 11:39:56 CET 2026
/out/sourcedata/freesurfer/sub-v2s9x29167_ses-1/scripts

 mris_sphere -q -p 6 -a 128 -seed 1234 ../surf/lh.inflated.nofix ../surf/lh.qsphere.nofix 

doing quick spherical unfolding.
limitting unfolding to 6 passes
using n_averages = 128
setting seed for random number genererator to 1234
version: 7.3.2
available threads: 16
scaling brain by 0.354...
inflating...
projecting onto sphere...
surface projected - minimizing metric distortion...
vertex spacing 1.10 +- 0.62 (0.00-->7.22) (max @ vno 85613 --> 85614)
face area 0.03 +- 0.04 (-0.10-->0.78)
Entering MRISinflateToSphere()
inflating to sphere (rms error < 2.00)
000: dt: 0.0000, rms radial error=175.728, avgs=0
005/300: dt: 0.9000, rms radial error=175.471, avgs=0
010/300: dt: 0.9000, rms radial error=174.921, avgs=0
015/300: dt: 0.9000, rms radial error=174.198, avgs=0
020/300: dt: 0.9000, rms radial error=173.376, avgs=0
025/300: dt: 0.9000, rms radial error=172.495, avgs=0
030/300: dt: 0.9000, rms radial error=171.581, avgs=0
035/300: dt: 0.9000, rms radial error=170.649, avgs=0
040/300: dt: 0.9000, rms radial error=169.708, avgs=0
045/300: dt: 0.9000, rms radial error=168.764, avgs=0
050/300: dt: 0.9000, rms radial error=167.818, avgs=0
055/300: dt: 0.9000, rms radial error=166.875, avgs=0
060/300: dt: 0.9000, rms radial error=165.934, avgs=0
065/300: dt: 0.9000, rms radial error=165.002, avgs=0
070/300: dt: 0.9000, rms radial error=164.075, avgs=0
075/300: dt: 0.9000, rms radial error=163.153, avgs=0
080/300: dt: 0.9000, rms radial error=162.235, avgs=0
085/300: dt: 0.9000, rms radial error=161.322, avgs=0
090/300: dt: 0.9000, rms radial error=160.414, avgs=0
095/300: dt: 0.9000, rms radial error=159.511, avgs=0
100/300: dt: 0.9000, rms radial error=158.613, avgs=0
105/300: dt: 0.9000, rms radial error=157.719, avgs=0
110/300: dt: 0.9000, rms radial error=156.830, avgs=0
115/300: dt: 0.9000, rms radial error=155.947, avgs=0
120/300: dt: 0.9000, rms radial error=155.068, avgs=0
125/300: dt: 0.9000, rms radial error=154.193, avgs=0
130/300: dt: 0.9000, rms radial error=153.324, avgs=0
135/300: dt: 0.9000, rms radial error=152.461, avgs=0
140/300: dt: 0.9000, rms radial error=151.602, avgs=0
145/300: dt: 0.9000, rms radial error=150.749, avgs=0
150/300: dt: 0.9000, rms radial error=149.900, avgs=0
155/300: dt: 0.9000, rms radial error=149.055, avgs=0
160/300: dt: 0.9000, rms radial error=148.216, avgs=0
165/300: dt: 0.9000, rms radial error=147.381, avgs=0
170/300: dt: 0.9000, rms radial error=146.550, avgs=0
175/300: dt: 0.9000, rms radial error=145.724, avgs=0
180/300: dt: 0.9000, rms radial error=144.903, avgs=0
185/300: dt: 0.9000, rms radial error=144.086, avgs=0
190/300: dt: 0.9000, rms radial error=143.273, avgs=0
195/300: dt: 0.9000, rms radial error=142.465, avgs=0
200/300: dt: 0.9000, rms radial error=141.663, avgs=0
205/300: dt: 0.9000, rms radial error=140.867, avgs=0
210/300: dt: 0.9000, rms radial error=140.075, avgs=0
215/300: dt: 0.9000, rms radial error=139.287, avgs=0
220/300: dt: 0.9000, rms radial error=138.504, avgs=0
225/300: dt: 0.9000, rms radial error=137.725, avgs=0
230/300: dt: 0.9000, rms radial error=136.951, avgs=0
235/300: dt: 0.9000, rms radial error=136.180, avgs=0
240/300: dt: 0.9000, rms radial error=135.414, avgs=0
245/300: dt: 0.9000, rms radial error=134.652, avgs=0
250/300: dt: 0.9000, rms radial error=133.895, avgs=0
255/300: dt: 0.9000, rms radial error=133.141, avgs=0
260/300: dt: 0.9000, rms radial error=132.392, avgs=0
265/300: dt: 0.9000, rms radial error=131.647, avgs=0
270/300: dt: 0.9000, rms radial error=130.906, avgs=0
275/300: dt: 0.9000, rms radial error=130.170, avgs=0
280/300: dt: 0.9000, rms radial error=129.437, avgs=0
285/300: dt: 0.9000, rms radial error=128.709, avgs=0
290/300: dt: 0.9000, rms radial error=127.985, avgs=0
295/300: dt: 0.9000, rms radial error=127.264, avgs=0
300/300: dt: 0.9000, rms radial error=126.548, avgs=0

spherical inflation complete.
epoch 1 (K=10.0), pass 1, starting sse = 12050.69
taking momentum steps...
taking momentum steps...
taking momentum steps...
taking momentum steps...
pass 1 complete, delta sse/iter = 0.01/13 = 0.00054
epoch 2 (K=40.0), pass 1, starting sse = 1752.66
taking momentum steps...
taking momentum steps...
taking momentum steps...
taking momentum steps...
pass 1 complete, delta sse/iter = 0.01/13 = 0.00084
epoch 3 (K=160.0), pass 1, starting sse = 135.43
taking momentum steps...
taking momentum steps...
taking momentum steps...
taking momentum steps...
pass 1 complete, delta sse/iter = 0.16/18 = 0.00910
epoch 4 (K=640.0), pass 1, starting sse = 7.96
taking momentum steps...
taking momentum steps...
taking momentum steps...
taking momentum steps...
pass 1 complete, delta sse/iter = 0.19/22 = 0.00852
final distance error %100000.00
writing spherical brain to ../surf/lh.qsphere.nofix
spherical transformation took 0.0094 hours
FSRUNTIME@ mris_sphere  0.0094 hours 16 threads
#VMPC# mris_sphere VmPeak  2042404
mris_sphere done
#@# Fix Topology lh Sat Mar 14 11:40:30 CET 2026

 mris_fix_topology -mgz -sphere qsphere.nofix -inflated inflated.nofix -orig orig.nofix -out orig.premesh -ga -seed 1234 sub-v2s9x29167_ses-1 lh 

reading spherical homeomorphism from 'qsphere.nofix'
reading inflated coordinates from 'inflated.nofix'
reading original coordinates from 'orig.nofix'
using genetic algorithm with optimized parameters
setting seed for random number genererator to 1234

*************************************************************
Topology Correction Parameters
retessellation mode:           genetic search
number of patches/generation : 10
number of generations :        10
surface mri loglikelihood coefficient :         1.0
volume mri loglikelihood coefficient :          10.0
normal dot loglikelihood coefficient :          1.0
quadratic curvature loglikelihood coefficient : 1.0
volume resolution :                             2
eliminate vertices during search :              1
initial patch selection :                       1
select all defect vertices :                    0
ordering dependant retessellation:              0
use precomputed edge table :                    0
smooth retessellated patch :                    2
match retessellated patch :                     1
verbose mode :                                  0

*************************************************************
INFO: assuming .mgz format
writing corrected surface to 'orig.premesh'
7.3.2
  7.3.2
before topology correction, eno=-40 (nv=108634, nf=217348, ne=326022, g=21)
using quasi-homeomorphic spherical map to tessellate cortical surface...

Correction of the Topology
Finding true center and radius of Spherical Surface...done
Surface centered at (0,0,0) with radius 100.0 in 10 iterations
marking ambiguous vertices...
3868 ambiguous faces found in tessellation
segmenting defects...
29 defects found, arbitrating ambiguous regions...
analyzing neighboring defects...
      -merging segment 4 into 3
28 defects to be corrected 
0 vertices coincident
reading input surface /out/sourcedata/freesurfer/sub-v2s9x29167_ses-1/surf/lh.qsphere.nofix...
reading brain volume from brain...
reading wm segmentation from wm...
Reading original properties of orig.nofix
Reading vertex positions of inflated.nofix
Computing Initial Surface Statistics
      -face       loglikelihood: -9.4387  (-4.7194)
      -vertex     loglikelihood: -6.5671  (-3.2835)
      -normal dot loglikelihood: -3.5939  (-3.5939)
      -quad curv  loglikelihood: -6.0436  (-3.0218)
      Total Loglikelihood : -25.6434
CORRECTING DEFECT 0 (vertices=31, convex hull=59, v0=1896)
After retessellation of defect 0 (v0=1896), euler #=-26 (106294,318039,211719) : difference with theory (-25) = 1 
CORRECTING DEFECT 1 (vertices=17, convex hull=39, v0=2381)
After retessellation of defect 1 (v0=2381), euler #=-25 (106297,318064,211742) : difference with theory (-24) = 1 
CORRECTING DEFECT 2 (vertices=128, convex hull=95, v0=2418)
After retessellation of defect 2 (v0=2418), euler #=-24 (106320,318180,211836) : difference with theory (-23) = 1 
CORRECTING DEFECT 3 (vertices=309, convex hull=294, v0=4134)
After retessellation of defect 3 (v0=4134), euler #=-22 (106425,318648,212201) : difference with theory (-22) = 0 
CORRECTING DEFECT 4 (vertices=49, convex hull=89, v0=11469)
After retessellation of defect 4 (v0=11469), euler #=-21 (106457,318777,212299) : difference with theory (-21) = 0 
CORRECTING DEFECT 5 (vertices=33, convex hull=63, v0=15323)
After retessellation of defect 5 (v0=15323), euler #=-20 (106470,318841,212351) : difference with theory (-20) = 0 
CORRECTING DEFECT 6 (vertices=22, convex hull=71, v0=17089)
After retessellation of defect 6 (v0=17089), euler #=-19 (106482,318903,212402) : difference with theory (-19) = 0 
CORRECTING DEFECT 7 (vertices=539, convex hull=170, v0=20303)
After retessellation of defect 7 (v0=20303), euler #=-18 (106576,319271,212677) : difference with theory (-18) = 0 
CORRECTING DEFECT 8 (vertices=5, convex hull=21, v0=23808)
After retessellation of defect 8 (v0=23808), euler #=-17 (106578,319281,212686) : difference with theory (-17) = 0 
CORRECTING DEFECT 9 (vertices=19, convex hull=34, v0=27730)
After retessellation of defect 9 (v0=27730), euler #=-16 (106581,319303,212706) : difference with theory (-16) = 0 
CORRECTING DEFECT 10 (vertices=296, convex hull=102, v0=47779)
After retessellation of defect 10 (v0=47779), euler #=-15 (106594,319385,212776) : difference with theory (-15) = 0 
CORRECTING DEFECT 11 (vertices=15, convex hull=30, v0=49523)
After retessellation of defect 11 (v0=49523), euler #=-14 (106600,319412,212798) : difference with theory (-14) = 0 
CORRECTING DEFECT 12 (vertices=33, convex hull=47, v0=58125)
After retessellation of defect 12 (v0=58125), euler #=-13 (106618,319486,212855) : difference with theory (-13) = 0 
CORRECTING DEFECT 13 (vertices=57, convex hull=38, v0=64193)
After retessellation of defect 13 (v0=64193), euler #=-12 (106631,319541,212898) : difference with theory (-12) = 0 
CORRECTING DEFECT 14 (vertices=38, convex hull=43, v0=75935)
After retessellation of defect 14 (v0=75935), euler #=-11 (106640,319587,212936) : difference with theory (-11) = 0 
CORRECTING DEFECT 15 (vertices=28, convex hull=27, v0=78004)
After retessellation of defect 15 (v0=78004), euler #=-10 (106642,319601,212949) : difference with theory (-10) = 0 
CORRECTING DEFECT 16 (vertices=167, convex hull=129, v0=79626)
After retessellation of defect 16 (v0=79626), euler #=-9 (106704,319859,213146) : difference with theory (-9) = 0 
CORRECTING DEFECT 17 (vertices=120, convex hull=167, v0=80664)
After retessellation of defect 17 (v0=80664), euler #=-8 (106749,320067,213310) : difference with theory (-8) = 0 
CORRECTING DEFECT 18 (vertices=33, convex hull=71, v0=82200)
After retessellation of defect 18 (v0=82200), euler #=-7 (106768,320154,213379) : difference with theory (-7) = 0 
CORRECTING DEFECT 19 (vertices=5, convex hull=22, v0=84715)
After retessellation of defect 19 (v0=84715), euler #=-6 (106770,320165,213389) : difference with theory (-6) = 0 
CORRECTING DEFECT 20 (vertices=18, convex hull=20, v0=85791)
After retessellation of defect 20 (v0=85791), euler #=-5 (106771,320173,213397) : difference with theory (-5) = 0 
CORRECTING DEFECT 21 (vertices=14, convex hull=20, v0=87037)
After retessellation of defect 21 (v0=87037), euler #=-4 (106772,320181,213405) : difference with theory (-4) = 0 
CORRECTING DEFECT 22 (vertices=9, convex hull=23, v0=87073)
After retessellation of defect 22 (v0=87073), euler #=-3 (106773,320197,213421) : difference with theory (-3) = 0 
CORRECTING DEFECT 23 (vertices=78, convex hull=52, v0=87221)
After retessellation of defect 23 (v0=87221), euler #=-2 (106797,320294,213495) : difference with theory (-2) = 0 
CORRECTING DEFECT 24 (vertices=43, convex hull=85, v0=89100)
After retessellation of defect 24 (v0=89100), euler #=-1 (106824,320409,213584) : difference with theory (-1) = 0 
CORRECTING DEFECT 25 (vertices=28, convex hull=65, v0=93393)
After retessellation of defect 25 (v0=93393), euler #=0 (106833,320461,213628) : difference with theory (0) = 0 
CORRECTING DEFECT 26 (vertices=83, convex hull=47, v0=94769)
After retessellation of defect 26 (v0=94769), euler #=1 (106855,320547,213693) : difference with theory (1) = 0 
CORRECTING DEFECT 27 (vertices=130, convex hull=37, v0=95761)
After retessellation of defect 27 (v0=95761), euler #=2 (106865,320589,213726) : difference with theory (2) = 0 
computing original vertex metric properties...
storing new metric properties...
computing tessellation statistics...
vertex spacing 0.89 +- 0.22 (0.06-->5.58) (max @ vno 79033 --> 83882)
face area -nan +- -nan (1000.00-->-1.00)
performing soap bubble on retessellated vertices for 0 iterations...
vertex spacing 0.89 +- 0.22 (0.06-->5.58) (max @ vno 79033 --> 83882)
face area -nan +- -nan (1000.00-->-1.00)
tessellation finished, orienting corrected surface...
110 mutations (35.6%), 199 crossovers (64.4%), 116 vertices were eliminated
building final representation...
1769 vertices and 0 faces have been removed from triangulation
after topology correction, eno=2 (nv=106865, nf=213726, ne=320589, g=0)
writing corrected surface to /out/sourcedata/freesurfer/sub-v2s9x29167_ses-1/surf/lh.orig.premesh...

0.000 % of the vertices (0 vertices) exhibit an orientation change
removing intersecting faces
000: 216 intersecting
001: 21 intersecting
terminating search with 0 intersecting
topology fixing took 1.0 minutes
FSRUNTIME@ mris_fix_topology lh  0.0173 hours 16 threads
#VMPC# mris_fix_topology VmPeak  2203780

 mris_euler_number ../surf/lh.orig.premesh 

euler # = v-e+f = 2g-2: 106865 - 320589 + 213726 = 2 --> 0 holes
      F =2V-4:          213726 = 213730-4 (0)
      2E=3F:            641178 = 641178 (0)

total defect index = 0
Sat Mar 14 11:41:32 CET 2026

setenv SUBJECTS_DIR /out/sourcedata/freesurfer
cd /out/sourcedata/freesurfer/sub-v2s9x29167_ses-1/scripts
/opt/freesurfer/bin/defect2seg --s sub-v2s9x29167_ses-1 --lh-only --cortex

freesurfer-linux-ubuntu22_x86_64-7.3.2-20220804-6354275
defect2seg 7.3.2
Linux dna078 5.14.0-427.37.1.el9_4.x86_64 #1 SMP PREEMPT_DYNAMIC Fri Sep 13 12:41:50 EDT 2024 x86_64 x86_64 x86_64 GNU/Linux
pid 3486743
mri_label2label --label-cortex /out/sourcedata/freesurfer/sub-v2s9x29167_ses-1/surf/lh.orig.nofix /out/sourcedata/freesurfer/sub-v2s9x29167_ses-1/mri/aseg.presurf.mgz 0 /out/sourcedata/freesurfer/sub-v2s9x29167_ses-1/label/lh.nofix.cortex.label

 Generating cortex label... RemoveHipAmgy=0
 NucAccIsMedialWall=0
 mris->useRealRAS=0
23 non-cortical segments detected
only using segment with 6905 vertices
erasing segment 0 (vno[0] = 34432)
erasing segment 1 (vno[0] = 34468)
erasing segment 2 (vno[0] = 35540)
erasing segment 4 (vno[0] = 51653)
erasing segment 5 (vno[0] = 54650)
erasing segment 6 (vno[0] = 57758)
erasing segment 7 (vno[0] = 58720)
erasing segment 8 (vno[0] = 74372)
erasing segment 9 (vno[0] = 78821)
erasing segment 10 (vno[0] = 78926)
erasing segment 11 (vno[0] = 81306)
erasing segment 12 (vno[0] = 84700)
erasing segment 13 (vno[0] = 85545)
erasing segment 14 (vno[0] = 85567)
erasing segment 15 (vno[0] = 85658)
erasing segment 16 (vno[0] = 86284)
erasing segment 17 (vno[0] = 86980)
erasing segment 18 (vno[0] = 87003)
erasing segment 19 (vno[0] = 87656)
erasing segment 20 (vno[0] = 88361)
erasing segment 21 (vno[0] = 94801)
erasing segment 22 (vno[0] = 97086)
mri_label2vol --defects /out/sourcedata/freesurfer/sub-v2s9x29167_ses-1/surf/lh.orig.nofix /out/sourcedata/freesurfer/sub-v2s9x29167_ses-1/surf/lh.defect_labels /out/sourcedata/freesurfer/sub-v2s9x29167_ses-1/mri/orig.mgz 1000 0 /out/sourcedata/freesurfer/sub-v2s9x29167_ses-1/mri/lh.surface.defects.mgz /out/sourcedata/freesurfer/sub-v2s9x29167_ses-1/label/lh.nofix.cortex.label
mri_label2vol supposed to be reproducible but seed not set
Contraining to label /out/sourcedata/freesurfer/sub-v2s9x29167_ses-1/label/lh.nofix.cortex.label
Changing input type 0 to MRI_INT
Converting defects to volume: offset=1000, merge=0
Writing to /out/sourcedata/freesurfer/sub-v2s9x29167_ses-1/mri/lh.surface.defects.mgz
mris_defects_pointset -s /out/sourcedata/freesurfer/sub-v2s9x29167_ses-1/surf/lh.orig.nofix -d /out/sourcedata/freesurfer/sub-v2s9x29167_ses-1/surf/lh.defect_labels -o /out/sourcedata/freesurfer/sub-v2s9x29167_ses-1/surf/lh.defects.pointset --label /out/sourcedata/freesurfer/sub-v2s9x29167_ses-1/label/lh.nofix.cortex.label
Reading in surface /out/sourcedata/freesurfer/sub-v2s9x29167_ses-1/surf/lh.orig.nofix
Reading in defect segmentation /out/sourcedata/freesurfer/sub-v2s9x29167_ses-1/surf/lh.defect_labels
Reading in label /out/sourcedata/freesurfer/sub-v2s9x29167_ses-1/label/lh.nofix.cortex.label
#VMPC# mris_defects_pointset 1861620
mris_defects_pointset done
 
Started at Sat Mar 14 11:41:32 CET 2026 
Ended   at Sat Mar 14 11:41:40 CET 2026
Defect2seg-Run-Time-Sec 8
Defect2seg-Run-Time-Min 0.16
Defect2seg-Run-Time-Hours 0.00
 
tkmeditfv sub-v2s9x29167_ses-1 brain.finalsurfs.mgz -defect
defect2seg Done

 mris_remesh --remesh --iters 3 --input /out/sourcedata/freesurfer/sub-v2s9x29167_ses-1/surf/lh.orig.premesh --output /out/sourcedata/freesurfer/sub-v2s9x29167_ses-1/surf/lh.orig 

iters = 3
standard remeshing without target
   adjusted l: 0.712208
remeshing to edge length 0.712208 with 3 iterations

avg qual before   : 0.890618  after: 0.971309

Removing intersections
Remeshed surface quality stats nv0 = 106865  nv = 111545  1.04379
Area    223086  0.30345  0.03370 0.095314   0.4865
Corner  669258 60.00000  8.78356 20.589334 137.9365
Edge    334629  0.84508  0.08230 0.464540   1.2664
Hinge   334629  9.47930 10.39769 0.000003 172.3665
mris_remesh done
/out/sourcedata/freesurfer/sub-v2s9x29167_ses-1/scripts

 mris_remove_intersection ../surf/lh.orig ../surf/lh.orig 

intersection removal took 0.00 hours
writing corrected surface to ../surf/lh.orig

 rm -f ../surf/lh.inflated 

#--------------------------------------------
#@# AutoDetGWStats lh Sat Mar 14 11:41:59 CET 2026
cd /out/sourcedata/freesurfer/sub-v2s9x29167_ses-1/mri
mris_autodet_gwstats --o ../surf/autodet.gw.stats.lh.dat --i brain.finalsurfs.mgz --wm wm.mgz --surf ../surf/lh.orig.premesh
7.3.2

cd /out/sourcedata/freesurfer/sub-v2s9x29167_ses-1/mri
setenv SUBJECTS_DIR /out/sourcedata/freesurfer
mris_autodet_gwstats --o ../surf/autodet.gw.stats.lh.dat --i brain.finalsurfs.mgz --wm wm.mgz --surf ../surf/lh.orig.premesh 

border white:    201116 voxels (1.20%)
border gray      242893 voxels (1.45%)
Reading in intensity volume brain.finalsurfs.mgz
Reading in wm volume wm.mgz
Reading in surf ../surf/lh.orig.premesh
Auto detecting stats
MRIclipBrightWM(): nthresh=15028, wmmin=5, clip=110 
Binarizing thresholding at 5
computing class statistics... low=30, hi=110.000000
CCS WM (97.0): 97.0 +- 9.0 [70.0 --> 110.0]
CCS GM (68.0) : 68.2 +- 10.4 [30.0 --> 110.0]
white_mean = 97.0407 +/- 8.97988, gray_mean = 68.2489 +/- 10.431
using class modes intead of means, discounting robust sigmas....
MRIScomputeClassModes(): min=0 max=232 nbins=233
intensity peaks found at WM=103+-8.7,    GM=62+-7.0
white_mode = 103, gray_mode = 62
std_scale = 1
Applying sanity checks, max_scale_down = 0.2
setting MIN_GRAY_AT_WHITE_BORDER to 51.6 (was 70.000000)
setting MAX_BORDER_WHITE to 112.0 (was 105.000000)
setting MIN_BORDER_WHITE to 62.0 (was 85.000000)
setting MAX_CSF to 41.1 (was 40.000000)
setting MAX_GRAY to 94.0 (was 95.000000)
setting MAX_GRAY_AT_CSF_BORDER to 51.6 (was 75.000000)
setting MIN_GRAY_AT_CSF_BORDER to 30.7 (was 40.000000)
When placing the white surface
  white_border_hi   = 111.98;
  white_border_low  = 62;
  white_outside_low = 51.569;
  white_inside_hi   = 120;
  white_outside_hi  = 111.98;
When placing the pial surface
  pial_border_hi   = 51.569;
  pial_border_low  = 30.7071;
  pial_outside_low = 10;
  pial_inside_hi   = 94.0201;
  pial_outside_hi  = 46.3536;
#VMPC# mris_autodet_gwstats VmPeak  2213604
mris_autodet_gwstats done
#--------------------------------------------
#@# WhitePreAparc lh Sat Mar 14 11:42:01 CET 2026
cd /out/sourcedata/freesurfer/sub-v2s9x29167_ses-1/mri
mris_place_surface --adgws-in ../surf/autodet.gw.stats.lh.dat --wm wm.mgz --threads 16 --invol brain.finalsurfs.mgz --lh --i ../surf/lh.orig --o ../surf/lh.white.preaparc --white --seg aseg.presurf.mgz --nsmooth 5
7.3.2
7.3.2

cd /out/sourcedata/freesurfer/sub-v2s9x29167_ses-1/mri
setenv SUBJECTS_DIR /out/sourcedata/freesurfer
mris_place_surface --adgws-in ../surf/autodet.gw.stats.lh.dat --wm wm.mgz --threads 16 --invol brain.finalsurfs.mgz --lh --i ../surf/lh.orig --o ../surf/lh.white.preaparc --white --seg aseg.presurf.mgz --nsmooth 5 

Reading in input surface ../surf/lh.orig
Smoothing surface before ripping with 5 iterations
Area    223086  0.26876  0.06467 0.001240   0.5782
Corner  669258 60.00000  9.65752 6.395374 151.6884
Edge    334629  0.79147  0.11677 0.026729   1.2827
Hinge   334629  6.30513  6.66526 0.000041 163.3262
Not reading in aparc
Reading in input volume brain.finalsurfs.mgz
Reading in wm volume wm.mgz
MRIclipBrightWM(): nthresh=15028, wmmin=5, clip=110 
MRIfindBrightNonWM(): 4066 bright non-wm voxels segmented.
Masking bright non-wm for white surface
MRImask(): AllowDiffGeom = 1
MRImask(): AllowDiffGeom = 1
Reading in seg volume aseg.presurf.mgz
Ripping frozen voxels
INFO: rip surface needed but not specified, so using input surface
Freezing midline and others
Entering: MRISripMidline(): inhibiting deformation at non-cortical midline structures...
  which=1, fix_mtl=0, using annot = 0
#FML0# MRISripMidline(): nripped=0
removing 3 vertices from ripped group in thread:0
removing 2 vertices from ripped group in thread:0
removing 2 vertices from ripped group in thread:0
removing 3 vertices from ripped group in thread:0
removing 3 vertices from ripped group in thread:0
removing 2 vertices from ripped group in thread:0
#FML# MRISripMidline(): nmarked=6523, nmarked2=119, nripped=6523
Ripping segs (eg, WMSA, BG, frozen)
Starting MRISripSegs() d = (-2 2 0.5) segnos: 247 
MRISripSegs(): -2 2 0.5 ripped 0
vertex 55773: xyz = (-32.8362,-26.7586,29.4444) oxyz = (-32.8362,-26.7586,29.4444) wxzy = (-32.8362,-26.7586,29.4444) pxyz = (0,0,0) 
CBVO Creating mask 111545
n_averages 4
Iteration 0 =========================================
n_averages=4, current_sigma=2
Freezing midline and others
Ripping frozen voxels
INFO: rip surface needed but not specified, so using input surface
Freezing midline and others
Entering: MRISripMidline(): inhibiting deformation at non-cortical midline structures...
  which=1, fix_mtl=0, using annot = 0
#FML0# MRISripMidline(): nripped=6523
removing 3 vertices from ripped group in thread:0
removing 2 vertices from ripped group in thread:0
removing 2 vertices from ripped group in thread:0
removing 3 vertices from ripped group in thread:0
removing 3 vertices from ripped group in thread:0
removing 2 vertices from ripped group in thread:0
#FML# MRISripMidline(): nmarked=6523, nmarked2=119, nripped=6523
Ripping segs (eg, WMSA, BG, frozen)
Starting MRISripSegs() d = (-2 2 0.5) segnos: 247 247 
MRISripSegs(): -2 2 0.5 ripped 0
Computing target border values 
Entering MRIScomputeBorderValues_new(): 
  inside_hi   = 120.0000000;
  border_hi   = 111.9798740;
  border_low  =  62.0000000;
  outside_low =  51.5690460;
  outside_hi  = 111.9798740;
  sigma = 2;
  max_thickness = 10;
  step_size=0.5;
  STEP_SIZE=0.1;
  which = 1
  thresh = 0
  flags = 0
  CBVfindFirstPeakD1=0
  CBVfindFirstPeakD2=0
  nvertices=111545
  Gdiag_no=-1
  vno start=0, stop=111545
Replacing 255s with 0s
#SI# sigma=2 had to be increased for 75 vertices, nripped=6523
mean border=76.8, 48 (48) missing vertices, mean dist 0.3 [0.4 (%36.8)->0.8 (%63.2))]
%83 local maxima, %11 large gradients and % 0 min vals, 0 gradients ignored
nFirstPeakD1 0
MRIScomputeBorderValues_new() finished in 0.0099 min


Finding expansion regions
mean absolute distance = 0.63 +- 0.76
3937 vertices more than 2 sigmas from mean.
Averaging target values for 5 iterations...
Positioning Surface: tspring = 0.3, nspring = 0.3, spring = 0, niters = 100 l_repulse = 5, l_surf_repulse = 0, checktol = 0
Positioning pial surface
Entering MRISpositionSurface()
  max_mm = 0.3
  MAX_REDUCTIONS = 2, REDUCTION_PCT = 0.5
  parms->check_tol = 0, niterations = 100
tol=1.0e-04, sigma=2.0, host=dna07, nav=4, nbrs=2, l_repulse=5.000, l_tspring=0.300, l_nspring=0.300, l_intensity=0.200, l_curv=1.000
mom=0.00, dt=0.50
complete_dist_mat 0
rms 0
smooth_averages 0
remove_neg 0
ico_order 0
which_surface 0
target_radius 0.000000
nfields 0
scale 0.000000
desired_rms_height 0.000000
momentum 0.000000
nbhd_size 0
max_nbrs 0
niterations 100
nsurfaces 0
SURFACES 3
flags 0 (0)
use curv 0
no sulc 0
no rigid align 0
mris->nsize 2
mris->hemisphere 0
randomSeed 0

000: dt: 0.0000, sse=2741276.2, rms=11.169
001: dt: 0.5000, sse=1498762.4, rms=8.106 (27.417%)
002: dt: 0.5000, sse=978966.4, rms=6.404 (21.006%)
003: dt: 0.5000, sse=715945.9, rms=5.334 (16.711%)
004: dt: 0.5000, sse=567029.4, rms=4.619 (13.400%)
005: dt: 0.5000, sse=487681.8, rms=4.180 (9.504%)
006: dt: 0.5000, sse=445320.9, rms=3.916 (6.311%)
007: dt: 0.5000, sse=423834.9, rms=3.793 (3.155%)
008: dt: 0.5000, sse=410719.1, rms=3.701 (2.403%)
rms = 3.6813/3.7014, sse=408256.9/410719.1, time step reduction 1 of 3 to 0.250  0 0 1
009: dt: 0.5000, sse=408256.9, rms=3.681 (0.543%)
010: dt: 0.2500, sse=217070.5, rms=2.083 (43.421%)
011: dt: 0.2500, sse=187014.7, rms=1.698 (18.478%)
012: dt: 0.2500, sse=178670.3, rms=1.572 (7.399%)
013: dt: 0.2500, sse=174702.9, rms=1.503 (4.397%)
rms = 1.4604/1.5032, sse=172440.3/174702.9, time step reduction 2 of 3 to 0.125  0 0 1
014: dt: 0.2500, sse=172440.2, rms=1.460 (2.850%)
015: dt: 0.1250, sse=167578.2, rms=1.382 (5.340%)
rms = 1.3667/1.3824, sse=166903.8/167578.3, time step reduction 3 of 3 to 0.062  0 0 1
016: dt: 0.1250, sse=166903.8, rms=1.367 (1.136%)
  maximum number of reductions reached, breaking from loop
positioning took 0.8 minutes
Iteration 1 =========================================
n_averages=2, current_sigma=1
Freezing midline and others
Ripping frozen voxels
INFO: rip surface needed but not specified, so using input surface
Freezing midline and others
Entering: MRISripMidline(): inhibiting deformation at non-cortical midline structures...
  which=1, fix_mtl=0, using annot = 0
#FML0# MRISripMidline(): nripped=6523
removing 4 vertices from ripped group in thread:0
removing 3 vertices from ripped group in thread:0
removing 2 vertices from ripped group in thread:0
removing 2 vertices from ripped group in thread:0
removing 2 vertices from ripped group in thread:0
#FML# MRISripMidline(): nmarked=6716, nmarked2=160, nripped=6716
Ripping segs (eg, WMSA, BG, frozen)
Starting MRISripSegs() d = (-2 2 0.5) segnos: 247 247 247 
MRISripSegs(): -2 2 0.5 ripped 0
Computing target border values 
Entering MRIScomputeBorderValues_new(): 
  inside_hi   = 120.0000000;
  border_hi   = 111.9798740;
  border_low  =  62.0000000;
  outside_low =  51.5690460;
  outside_hi  = 111.9798740;
  sigma = 1;
  max_thickness = 10;
  step_size=0.5;
  STEP_SIZE=0.1;
  which = 1
  thresh = 0
  flags = 0
  CBVfindFirstPeakD1=0
  CBVfindFirstPeakD2=0
  nvertices=111545
  Gdiag_no=-1
  vno start=0, stop=111545
Replacing 255s with 0s
#SI# sigma=1 had to be increased for 98 vertices, nripped=6716
mean border=79.5, 68 (7) missing vertices, mean dist -0.1 [0.3 (%73.5)->0.3 (%26.5))]
%88 local maxima, % 6 large gradients and % 0 min vals, 0 gradients ignored
nFirstPeakD1 0
MRIScomputeBorderValues_new() finished in 0.0067 min


Finding expansion regions
mean absolute distance = 0.27 +- 0.46
2096 vertices more than 2 sigmas from mean.
Averaging target values for 5 iterations...
Positioning Surface: tspring = 0.3, nspring = 0.3, spring = 0, niters = 100 l_repulse = 5, l_surf_repulse = 0, checktol = 0
Positioning pial surface
Entering MRISpositionSurface()
  max_mm = 0.3
  MAX_REDUCTIONS = 2, REDUCTION_PCT = 0.5
  parms->check_tol = 0, niterations = 100
tol=1.0e-04, sigma=1.0, host=dna07, nav=2, nbrs=2, l_repulse=5.000, l_tspring=0.300, l_nspring=0.300, l_intensity=0.200, l_curv=1.000
mom=0.00, dt=0.50
000: dt: 0.0000, sse=596091.8, rms=4.522
017: dt: 0.5000, sse=358397.0, rms=3.018 (33.257%)
rms = 3.3307/3.0181, sse=399129.0/358397.0, time step reduction 1 of 3 to 0.250  0 1 1
   RMS increased, rejecting step
018: dt: 0.2500, sse=259492.5, rms=2.097 (30.516%)
019: dt: 0.2500, sse=219134.1, rms=1.565 (25.357%)
020: dt: 0.2500, sse=212115.8, rms=1.350 (13.781%)
021: dt: 0.2500, sse=201810.3, rms=1.264 (6.327%)
rms = 1.2217/1.2642, sse=208281.8/201810.3, time step reduction 2 of 3 to 0.125  0 1 1
022: dt: 0.2500, sse=208281.8, rms=1.222 (3.360%)
023: dt: 0.1250, sse=196677.0, rms=1.164 (4.700%)
rms = 1.1521/1.1643, sse=196463.9/196677.0, time step reduction 3 of 3 to 0.062  0 0 1
024: dt: 0.1250, sse=196463.9, rms=1.152 (1.046%)
  maximum number of reductions reached, breaking from loop
positioning took 0.4 minutes
Iteration 2 =========================================
n_averages=1, current_sigma=0.5
Freezing midline and others
Ripping frozen voxels
INFO: rip surface needed but not specified, so using input surface
Freezing midline and others
Entering: MRISripMidline(): inhibiting deformation at non-cortical midline structures...
  which=1, fix_mtl=0, using annot = 0
#FML0# MRISripMidline(): nripped=6716
removing 4 vertices from ripped group in thread:0
removing 3 vertices from ripped group in thread:0
removing 4 vertices from ripped group in thread:0
removing 3 vertices from ripped group in thread:0
removing 2 vertices from ripped group in thread:0
removing 2 vertices from ripped group in thread:0
removing 2 vertices from ripped group in thread:0
removing 2 vertices from ripped group in thread:0
removing 2 vertices from ripped group in thread:0
removing 3 vertices from ripped group in thread:0
#FML# MRISripMidline(): nmarked=6763, nmarked2=161, nripped=6763
Ripping segs (eg, WMSA, BG, frozen)
Starting MRISripSegs() d = (-2 2 0.5) segnos: 247 247 247 247 
MRISripSegs(): -2 2 0.5 ripped 0
Computing target border values 
Entering MRIScomputeBorderValues_new(): 
  inside_hi   = 120.0000000;
  border_hi   = 111.9798740;
  border_low  =  62.0000000;
  outside_low =  51.5690460;
  outside_hi  = 111.9798740;
  sigma = 0.5;
  max_thickness = 10;
  step_size=0.5;
  STEP_SIZE=0.1;
  which = 1
  thresh = 0
  flags = 0
  CBVfindFirstPeakD1=0
  CBVfindFirstPeakD2=0
  nvertices=111545
  Gdiag_no=-1
  vno start=0, stop=111545
Replacing 255s with 0s
#SI# sigma=0.5 had to be increased for 81 vertices, nripped=6763
mean border=80.9, 92 (4) missing vertices, mean dist -0.1 [0.2 (%64.0)->0.2 (%36.0))]
%90 local maxima, % 4 large gradients and % 0 min vals, 0 gradients ignored
nFirstPeakD1 0
MRIScomputeBorderValues_new() finished in 0.0038 min


Finding expansion regions
mean absolute distance = 0.20 +- 0.34
1964 vertices more than 2 sigmas from mean.
Averaging target values for 5 iterations...
Positioning Surface: tspring = 0.3, nspring = 0.3, spring = 0, niters = 100 l_repulse = 5, l_surf_repulse = 0, checktol = 0
Positioning pial surface
Entering MRISpositionSurface()
  max_mm = 0.3
  MAX_REDUCTIONS = 2, REDUCTION_PCT = 0.5
  parms->check_tol = 0, niterations = 100
tol=1.0e-04, sigma=0.5, host=dna07, nav=1, nbrs=2, l_repulse=5.000, l_tspring=0.300, l_nspring=0.300, l_intensity=0.200, l_curv=1.000
mom=0.00, dt=0.50
000: dt: 0.0000, sse=279090.6, rms=2.304
rms = 2.5954/2.3035, sse=310763.4/279090.6, time step reduction 1 of 3 to 0.250  0 1 1
   RMS increased, rejecting step
025: dt: 0.2500, sse=218914.6, rms=1.562 (32.206%)
026: dt: 0.2500, sse=195502.0, rms=1.142 (26.849%)
027: dt: 0.2500, sse=192363.1, rms=1.069 (6.393%)
rms = 1.0547/1.0693, sse=190578.2/192363.1, time step reduction 2 of 3 to 0.125  0 0 1
028: dt: 0.2500, sse=190578.2, rms=1.055 (1.368%)
rms = 1.0145/1.0547, sse=189164.4/190578.2, time step reduction 3 of 3 to 0.062  0 0 1
029: dt: 0.1250, sse=189164.4, rms=1.015 (3.810%)
  maximum number of reductions reached, breaking from loop
positioning took 0.3 minutes
Iteration 3 =========================================
n_averages=0, current_sigma=0.25
Freezing midline and others
Ripping frozen voxels
INFO: rip surface needed but not specified, so using input surface
Freezing midline and others
Entering: MRISripMidline(): inhibiting deformation at non-cortical midline structures...
  which=1, fix_mtl=0, using annot = 0
#FML0# MRISripMidline(): nripped=6763
removing 4 vertices from ripped group in thread:0
removing 3 vertices from ripped group in thread:0
removing 3 vertices from ripped group in thread:0
removing 2 vertices from ripped group in thread:0
removing 4 vertices from ripped group in thread:0
removing 2 vertices from ripped group in thread:0
#FML# MRISripMidline(): nmarked=6803, nmarked2=162, nripped=6803
Ripping segs (eg, WMSA, BG, frozen)
Starting MRISripSegs() d = (-2 2 0.5) segnos: 247 247 247 247 247 
MRISripSegs(): -2 2 0.5 ripped 0
Computing target border values 
Entering MRIScomputeBorderValues_new(): 
  inside_hi   = 120.0000000;
  border_hi   = 111.9798740;
  border_low  =  62.0000000;
  outside_low =  51.5690460;
  outside_hi  = 111.9798740;
  sigma = 0.25;
  max_thickness = 10;
  step_size=0.5;
  STEP_SIZE=0.1;
  which = 1
  thresh = 0
  flags = 0
  CBVfindFirstPeakD1=0
  CBVfindFirstPeakD2=0
  nvertices=111545
  Gdiag_no=-1
  vno start=0, stop=111545
Replacing 255s with 0s
#SI# sigma=0.25 had to be increased for 75 vertices, nripped=6803
mean border=81.2, 111 (2) missing vertices, mean dist -0.0 [0.2 (%53.2)->0.2 (%46.8))]
%91 local maxima, % 3 large gradients and % 0 min vals, 0 gradients ignored
nFirstPeakD1 0
MRIScomputeBorderValues_new() finished in 0.0024 min


Finding expansion regions
mean absolute distance = 0.19 +- 0.29
2151 vertices more than 2 sigmas from mean.
Averaging target values for 5 iterations...
Positioning Surface: tspring = 0.3, nspring = 0.3, spring = 0, niters = 100 l_repulse = 5, l_surf_repulse = 0, checktol = 0
Positioning pial surface
Entering MRISpositionSurface()
  max_mm = 0.3
  MAX_REDUCTIONS = 2, REDUCTION_PCT = 0.5
  parms->check_tol = 0, niterations = 100
tol=1.0e-04, sigma=0.2, host=dna07, nav=0, nbrs=2, l_repulse=5.000, l_tspring=0.300, l_nspring=0.300, l_intensity=0.200, l_curv=1.000
mom=0.00, dt=0.50
000: dt: 0.0000, sse=200402.6, rms=1.269
rms = 1.5581/1.2688, sse=218927.5/200402.6, time step reduction 1 of 3 to 0.250  0 1 1
   RMS increased, rejecting step
030: dt: 0.2500, sse=184600.0, rms=0.916 (27.803%)
031: dt: 0.2500, sse=181541.6, rms=0.783 (14.528%)
rms = 0.7842/0.7830, sse=178956.2/181541.6, time step reduction 2 of 3 to 0.125  0 0 1
   RMS increased, rejecting step
rms = 0.7790/0.7830, sse=180239.4/181541.6, time step reduction 3 of 3 to 0.062  0 0 1
032: dt: 0.1250, sse=180239.4, rms=0.779 (0.505%)
  maximum number of reductions reached, breaking from loop
positioning took 0.2 minutes


Writing output to ../surf/lh.white.preaparc
#ET# mris_place_surface  1.85 minutes
#VMPC# mris_place_surfaces VmPeak  2907060
mris_place_surface done
#--------------------------------------------
#@# CortexLabel lh Sat Mar 14 11:43:56 CET 2026
cd /out/sourcedata/freesurfer/sub-v2s9x29167_ses-1/mri
mri_label2label --label-cortex ../surf/lh.white.preaparc aseg.presurf.mgz 0 ../label/lh.cortex.label

 Generating cortex label... RemoveHipAmgy=0
 NucAccIsMedialWall=0
 mris->useRealRAS=0
6 non-cortical segments detected
only using segment with 7513 vertices
erasing segment 0 (vno[0] = 26758)
erasing segment 2 (vno[0] = 43122)
erasing segment 3 (vno[0] = 51855)
erasing segment 4 (vno[0] = 67065)
erasing segment 5 (vno[0] = 91476)
#--------------------------------------------
#@# CortexLabel+HipAmyg lh Sat Mar 14 11:44:03 CET 2026
cd /out/sourcedata/freesurfer/sub-v2s9x29167_ses-1/mri
mri_label2label --label-cortex ../surf/lh.white.preaparc aseg.presurf.mgz 1 ../label/lh.cortex+hipamyg.label

 Generating cortex label... RemoveHipAmgy=1
 NucAccIsMedialWall=0
 mris->useRealRAS=0
13 non-cortical segments detected
only using segment with 5110 vertices
erasing segment 0 (vno[0] = 26758)
erasing segment 2 (vno[0] = 40722)
erasing segment 3 (vno[0] = 42318)
erasing segment 4 (vno[0] = 42328)
erasing segment 5 (vno[0] = 43122)
erasing segment 6 (vno[0] = 44099)
erasing segment 7 (vno[0] = 44882)
erasing segment 8 (vno[0] = 51855)
erasing segment 9 (vno[0] = 56328)
erasing segment 10 (vno[0] = 57968)
erasing segment 11 (vno[0] = 67065)
erasing segment 12 (vno[0] = 69888)
#--------------------------------------------
#@# Smooth2 lh Sat Mar 14 11:44:11 CET 2026
/out/sourcedata/freesurfer/sub-v2s9x29167_ses-1/scripts

 mris_smooth -n 3 -nw -seed 1234 ../surf/lh.white.preaparc ../surf/lh.smoothwm 

smoothing for 3 iterations
setting seed for random number generator to 1234
smoothing surface tessellation for 3 iterations...
smoothing complete - recomputing first and second fundamental forms...
#--------------------------------------------
#@# Inflation2 lh Sat Mar 14 11:44:12 CET 2026
/out/sourcedata/freesurfer/sub-v2s9x29167_ses-1/scripts

 mris_inflate ../surf/lh.smoothwm ../surf/lh.inflated 

Reading ../surf/lh.smoothwm
avg radius = 43.8 mm, total surface area = 70783 mm^2
step 000: RMS=0.171 (target=0.015)   step 005: RMS=0.114 (target=0.015)   step 010: RMS=0.086 (target=0.015)   step 015: RMS=0.073 (target=0.015)   step 020: RMS=0.060 (target=0.015)   step 025: RMS=0.050 (target=0.015)   step 030: RMS=0.041 (target=0.015)   step 035: RMS=0.035 (target=0.015)   step 040: RMS=0.030 (target=0.015)   step 045: RMS=0.026 (target=0.015)   step 050: RMS=0.024 (target=0.015)   step 055: RMS=0.022 (target=0.015)   step 060: RMS=0.020 (target=0.015)   writing inflated surface to ../surf/lh.inflated
writing sulcal depths to ../surf/lh.sulc

inflation complete.
inflation took 0.1 minutes
mris_inflate utimesec    36.795063
mris_inflate stimesec    1.207193
mris_inflate ru_maxrss   172912
mris_inflate ru_ixrss    0
mris_inflate ru_idrss    0
mris_inflate ru_isrss    0
mris_inflate ru_minflt   401067
mris_inflate ru_majflt   16
mris_inflate ru_nswap    0
mris_inflate ru_inblock  130
mris_inflate ru_oublock  8720
mris_inflate ru_msgsnd   0
mris_inflate ru_msgrcv   0
mris_inflate ru_nsignals 0
mris_inflate ru_nvcsw    4509
mris_inflate ru_nivcsw   154
#--------------------------------------------
#@# Curv .H and .K lh Sat Mar 14 11:44:19 CET 2026
/out/sourcedata/freesurfer/sub-v2s9x29167_ses-1/surf

 mris_curvature -w -seed 1234 lh.white.preaparc 

setting seed for random number generator to 1234
total integrated curvature = 16.867*4pi (211.955) --> -16 handles
ICI = 120.8, FI = 1182.4, variation=18653.513
writing Gaussian curvature to ./lh.white.preaparc.K...done.
writing mean curvature to ./lh.white.preaparc.H...done.
rm -f lh.white.H
ln -s lh.white.preaparc.H lh.white.H
rm -f lh.white.K
ln -s lh.white.preaparc.K lh.white.K

 mris_curvature -seed 1234 -thresh .999 -n -a 5 -w -distances 10 10 lh.inflated 

setting seed for random number generator to 1234
normalizing curvature values.
averaging curvature patterns 5 times.
sampling 10 neighbors out to a distance of 10 mm
190 vertices thresholded to be in k1 ~ [-0.26 0.30], k2 ~ [-0.14 0.05]
total integrated curvature = 0.554*4pi (6.968) --> 0 handles
ICI = 1.4, FI = 7.9, variation=138.732
101 vertices thresholded to be in [-0.01 0.03]
writing Gaussian curvature to ./lh.inflated.K...thresholding curvature at 99.90% level
curvature mean = 0.000, std = 0.001
124 vertices thresholded to be in [-0.16 0.15]
done.
writing mean curvature to ./lh.inflated.H...curvature mean = -0.018, std = 0.022
done.
#--------------------------------------------
#@# Sphere lh Sat Mar 14 11:44:49 CET 2026
/out/sourcedata/freesurfer/sub-v2s9x29167_ses-1/scripts

 mris_sphere -seed 1234 ../surf/lh.inflated ../surf/lh.sphere 

setting seed for random number genererator to 1234
version: 7.3.2
available threads: 16
reading original vertex positions...
projecting onto sphere...
surface projected - minimizing metric distortion...
scaling brain by 0.321...
MRISunfold() max_passes = 1 -------
tol=5.0e-01, sigma=0.0, host=dna07, nav=1024, nbrs=2, l_area=1.000, l_dist=1.000
using quadratic fit line minimization
complete_dist_mat 0
rms 0
smooth_averages 0
remove_neg 0
ico_order 0
which_surface 0
target_radius 0.000000
nfields 0
scale 1.000000
desired_rms_height -1.000000
momentum 0.900000
nbhd_size 7
max_nbrs 8
niterations 25
nsurfaces 0
SURFACES 3
flags 0 (0)
use curv 0
no sulc 0
no rigid align 0
mris->nsize 2
mris->hemisphere 0
randomSeed 1234

singular matrix in quadratic form
singular matrix in quadratic form
singular matrix in quadratic form
singular matrix in quadratic form
singular matrix in quadratic form
singular matrix in quadratic form
--------------------
  mrisRemoveNegativeArea()
pass 1: epoch 1 of 3 starting distance error %19.38
pass 1: epoch 2 of 3 starting distance error %19.33
unfolding complete - removing small folds...
starting distance error %19.29
removing remaining folds...
final distance error %19.29
MRISunfold() return, current seed 1234
-01: dt=0.0000, 186 negative triangles  VmPeak 1846920
130: dt=0.9900, 186 negative triangles
131: dt=0.9900,  96 negative triangles
132: dt=0.9900,  67 negative triangles
133: dt=0.9900,  61 negative triangles
134: dt=0.9900,  58 negative triangles
135: dt=0.9900,  44 negative triangles
136: dt=0.9900,  45 negative triangles
137: dt=0.9900,  38 negative triangles
138: dt=0.9900,  38 negative triangles
139: dt=0.9900,  39 negative triangles
140: dt=0.9900,  27 negative triangles
141: dt=0.9900,  28 negative triangles
142: dt=0.9900,  24 negative triangles
143: dt=0.9900,  30 negative triangles
144: dt=0.9900,  28 negative triangles
145: dt=0.9900,  27 negative triangles
146: dt=0.9900,  23 negative triangles
147: dt=0.9900,  22 negative triangles
148: dt=0.9900,  20 negative triangles
149: dt=0.9900,  12 negative triangles
150: dt=0.9900,  16 negative triangles
151: dt=0.9900,  10 negative triangles
152: dt=0.9900,  13 negative triangles
153: dt=0.9900,   8 negative triangles
154: dt=0.9900,   8 negative triangles
155: dt=0.9900,   6 negative triangles
156: dt=0.9900,  11 negative triangles
157: dt=0.9900,   5 negative triangles
158: dt=0.9900,   7 negative triangles
159: dt=0.9900,   5 negative triangles
160: dt=0.9900,   6 negative triangles
161: dt=0.9900,   9 negative triangles
162: dt=0.9900,   5 negative triangles
163: dt=0.9900,   4 negative triangles
164: dt=0.9900,   8 negative triangles
165: dt=0.9900,   4 negative triangles
166: dt=0.9900,   3 negative triangles
167: dt=0.9900,   4 negative triangles
168: dt=0.9900,   1 negative triangles
169: dt=0.9900,   1 negative triangles
170: dt=0.9900,   1 negative triangles
171: dt=0.9900,   1 negative triangles
writing spherical brain to ../surf/lh.sphere
spherical transformation took 0.0231 hours
FSRUNTIME@ mris_sphere  0.0231 hours 16 threads
#VMPC# mris_sphere VmPeak  1846920
mris_sphere done
#--------------------------------------------
#@# Surf Reg lh Sat Mar 14 11:46:12 CET 2026
/out/sourcedata/freesurfer/sub-v2s9x29167_ses-1/scripts

 mris_register -curv ../surf/lh.sphere /opt/freesurfer/average/lh.folding.atlas.acfb40.noaparc.i12.2016-08-02.tif ../surf/lh.sphere.reg 

using smoothwm curvature for final alignment

cwd /out/sourcedata/freesurfer/sub-v2s9x29167_ses-1/scripts
cmdline mris_register -curv ../surf/lh.sphere /opt/freesurfer/average/lh.folding.atlas.acfb40.noaparc.i12.2016-08-02.tif ../surf/lh.sphere.reg 

0 inflated.H
1 sulc
2 smoothwm (computed)
7.3.2
  7.3.2
reading surface from ../surf/lh.sphere...
reading template parameterization from /opt/freesurfer/average/lh.folding.atlas.acfb40.noaparc.i12.2016-08-02.tif...
MRISregister() -------
max_passes = 4 
min_degrees = 0.500000 
max_degrees = 64.000000 
nangles = 8 
tol=5.0e-01, sigma=0.0, host=dna07, nav=1024, nbrs=1, l_extern=10000.000, l_parea=0.200, l_nlarea=1.000, l_corr=1.000, l_dist=5.000
using quadratic fit line minimization
complete_dist_mat 0
rms 0
smooth_averages 0
remove_neg 0
ico_order 0
which_surface 0
target_radius 0.000000
nfields 0
scale 0.000000
desired_rms_height -1.000000
momentum 0.950000
nbhd_size -10
max_nbrs 10
niterations 25
nsurfaces 0
SURFACES 3
flags 16 (10)
use curv 16
no sulc 0
no rigid align 0
mris->nsize 1
mris->hemisphere 0
randomSeed 0

tol=5.0e-01, sigma=0.0, host=dna07, nav=1024, nbrs=1, l_extern=10000.000, l_parea=0.200, l_nlarea=1.000, l_corr=1.000, l_dist=5.000
using quadratic fit line minimization
--------------------
1 Reading lh.sulc
tol=1.0e+00, sigma=0.5, host=dna07, nav=1024, nbrs=1, l_extern=10000.000, l_parea=0.200, l_nlarea=1.000, l_corr=0.050, l_spring=0.500, l_dist=5.000
using quadratic fit line minimization
curvature mean = 0.000, std = 5.826
curvature mean = 0.048, std = 0.828
curvature mean = 0.005, std = 0.888
Starting MRISrigidBodyAlignGlobal()
Starting new MRISrigidBodyAlignGlobal_findMinSSE()
  new MRISrigidBodyAlignGlobal_findMinSSE min @ (7.50, -0.50, -9.00) sse = 169177.0, elapsed since starting=0.0405 min
MRISrigidBodyAlignGlobal() done   0.04 min
curvature mean = 0.041, std = 0.863
curvature mean = 0.003, std = 0.959
curvature mean = 0.041, std = 0.875
curvature mean = 0.001, std = 0.984
curvature mean = 0.041, std = 0.879
curvature mean = 0.000, std = 0.994
2 Reading smoothwm
curvature mean = -0.017, std = 0.261
curvature mean = 0.050, std = 0.253
curvature mean = 0.046, std = 0.394
curvature mean = 0.047, std = 0.311
curvature mean = 0.026, std = 0.591
curvature mean = 0.047, std = 0.338
curvature mean = 0.013, std = 0.725
curvature mean = 0.047, std = 0.350
curvature mean = 0.004, std = 0.825
MRISregister() return, current seed 0
-01: dt=0.0000,  10 negative triangles  VmPeak 2374548
095: dt=0.9900,  10 negative triangles
096: dt=0.9900,   5 negative triangles
097: dt=0.9900,   7 negative triangles
098: dt=0.9900,   4 negative triangles
099: dt=0.9900,   2 negative triangles
100: dt=0.9900,   2 negative triangles
101: dt=0.9900,   3 negative triangles
102: dt=0.9900,   2 negative triangles
103: dt=0.9900,   1 negative triangles
104: dt=0.9900,   3 negative triangles
105: dt=0.9900,   1 negative triangles
writing registered surface to ../surf/lh.sphere.reg...
registration took 0.03 hours
#VMPC# mris_register VmPeak  2374548
FSRUNTIME@ mris_register  0.0289 hours 16 threads

 ln -sf lh.sphere.reg lh.fsaverage.sphere.reg 

#--------------------------------------------
#@# Jacobian white lh Sat Mar 14 11:47:56 CET 2026
/out/sourcedata/freesurfer/sub-v2s9x29167_ses-1/scripts

 mris_jacobian ../surf/lh.white.preaparc ../surf/lh.sphere.reg ../surf/lh.jacobian_white 

reading surface from ../surf/lh.white.preaparc...
writing curvature file ../surf/lh.jacobian_white
#--------------------------------------------
#@# AvgCurv lh Sat Mar 14 11:47:56 CET 2026
/out/sourcedata/freesurfer/sub-v2s9x29167_ses-1/scripts

 mrisp_paint -a 5 /opt/freesurfer/average/lh.folding.atlas.acfb40.noaparc.i12.2016-08-02.tif#6 ../surf/lh.sphere.reg ../surf/lh.avg_curv 

averaging curvature patterns 5 times...
reading surface from ../surf/lh.sphere.reg...
reading template parameterization from /opt/freesurfer/average/lh.folding.atlas.acfb40.noaparc.i12.2016-08-02.tif...
writing curvature file to ../surf/lh.avg_curv...
#-----------------------------------------
#@# Cortical Parc lh Sat Mar 14 11:47:57 CET 2026
/out/sourcedata/freesurfer/sub-v2s9x29167_ses-1/scripts

 mris_ca_label -l ../label/lh.cortex.label -aseg ../mri/aseg.presurf.mgz -seed 1234 sub-v2s9x29167_ses-1 lh ../surf/lh.sphere.reg /opt/freesurfer/average/lh.DKaparc.atlas.acfb40.noaparc.i12.2016-08-02.gcs ../label/lh.aparc.annot 

setting seed for random number generator to 1234
using ../mri/aseg.presurf.mgz aseg volume to correct midline
7.3.2
  7.3.2
reading atlas from /opt/freesurfer/average/lh.DKaparc.atlas.acfb40.noaparc.i12.2016-08-02.gcs...
reading color table from GCSA file....
average std = 0.8   using min determinant for regularization = 0.006
0 singular and 342 ill-conditioned covariance matrices regularized
input 0: MEAN CURVATURE, flags 0, avgs 5, name mean_curvature
labeling surface...
1033 labels changed using aseg
relabeling using gibbs priors...
000:   2650 changed, 111545 examined...
001:    612 changed, 11260 examined...
002:    147 changed, 3523 examined...
003:     56 changed, 893 examined...
004:     15 changed, 363 examined...
005:      6 changed, 95 examined...
006:      1 changed, 40 examined...
007:      1 changed, 7 examined...
008:      0 changed, 8 examined...
222 labels changed using aseg
000: 101 total segments, 60 labels (191 vertices) changed
001: 43 total segments, 2 labels (2 vertices) changed
002: 41 total segments, 0 labels (0 vertices) changed
9 filter iterations complete (10 requested, 0 changed)
rationalizing unknown annotations with cortex label
relabeling unknown label...
relabeling corpuscallosum label...
1160 vertices marked for relabeling...
1160 labels changed in reclassification.
writing output to ../label/lh.aparc.annot...
classification took 0 minutes and 6 seconds.
#--------------------------------------------
#@# WhiteSurfs lh Sat Mar 14 11:48:03 CET 2026
cd /out/sourcedata/freesurfer/sub-v2s9x29167_ses-1/mri
mris_place_surface --adgws-in ../surf/autodet.gw.stats.lh.dat --seg aseg.presurf.mgz --threads 16 --wm wm.mgz --invol brain.finalsurfs.mgz --lh --i ../surf/lh.white.preaparc --o ../surf/lh.white --white --nsmooth 0 --rip-label ../label/lh.cortex.label --rip-bg --rip-surf ../surf/lh.white.preaparc --aparc ../label/lh.aparc.annot
7.3.2
7.3.2

cd /out/sourcedata/freesurfer/sub-v2s9x29167_ses-1/mri
setenv SUBJECTS_DIR /out/sourcedata/freesurfer
mris_place_surface --adgws-in ../surf/autodet.gw.stats.lh.dat --seg aseg.presurf.mgz --threads 16 --wm wm.mgz --invol brain.finalsurfs.mgz --lh --i ../surf/lh.white.preaparc --o ../surf/lh.white --white --nsmooth 0 --rip-label ../label/lh.cortex.label --rip-bg --rip-surf ../surf/lh.white.preaparc --aparc ../label/lh.aparc.annot 

Reading in input surface ../surf/lh.white.preaparc
Not smoothing input surface
Area    223086  0.34920  0.12985 0.000159   2.0789
Corner  669258 60.00000 14.07992 0.616740 178.2586
Edge    334629  0.90989  0.21525 0.011368   3.0546
Hinge   334629  9.68150 11.30180 0.000018 179.8966
Reading in aparc ../label/lh.aparc.annot
Reading in input volume brain.finalsurfs.mgz
Reading in wm volume wm.mgz
MRIclipBrightWM(): nthresh=15028, wmmin=5, clip=110 
MRIfindBrightNonWM(): 4066 bright non-wm voxels segmented.
Masking bright non-wm for white surface
MRImask(): AllowDiffGeom = 1
MRImask(): AllowDiffGeom = 1
Reading in seg volume aseg.presurf.mgz
Ripping frozen voxels
Ripping vertices not in label ../label/lh.cortex.label
MRISripNotLabel() ripped 7892/111545 vertices (103653 unripped)
Reading in ripping surface ../surf/lh.white.preaparc
Reading in aparc ../label/lh.aparc.annot for ripsurf
Ripping BG
MRISripBasalGanglia(): 1 -2 2 0.5 ripped 585
Ripping segs (eg, WMSA, BG, frozen)
Starting MRISripSegs() d = (-2 2 0.5) segnos: 247 
MRISripSegs(): -2 2 0.5 ripped 0
vertex 55773: xyz = (-33.2635,-26.6714,29.1709) oxyz = (-33.2635,-26.6714,29.1709) wxzy = (-33.2635,-26.6714,29.1709) pxyz = (0,0,0) 
CBVO Creating mask 111545
n_averages 4
Iteration 0 =========================================
n_averages=4, current_sigma=2
Computing target border values 
Entering MRIScomputeBorderValues_new(): 
  inside_hi   = 120.0000000;
  border_hi   = 111.9798740;
  border_low  =  62.0000000;
  outside_low =  51.5690460;
  outside_hi  = 111.9798740;
  sigma = 2;
  max_thickness = 10;
  step_size=0.5;
  STEP_SIZE=0.1;
  which = 1
  thresh = 0
  flags = 0
  CBVfindFirstPeakD1=0
  CBVfindFirstPeakD2=0
  nvertices=111545
  Gdiag_no=-1
  vno start=0, stop=111545
Replacing 255s with 0s
#SI# sigma=2 had to be increased for 142 vertices, nripped=8477
mean border=75.8, 46 (46) missing vertices, mean dist 0.3 [0.5 (%19.9)->0.5 (%80.1))]
%78 local maxima, %14 large gradients and % 0 min vals, 0 gradients ignored
nFirstPeakD1 0
MRIScomputeBorderValues_new() finished in 0.0090 min


Finding expansion regions
mean absolute distance = 0.47 +- 0.76
2268 vertices more than 2 sigmas from mean.
Averaging target values for 5 iterations...
Positioning Surface: tspring = 0.3, nspring = 0.3, spring = 0, niters = 100 l_repulse = 5, l_surf_repulse = 0, checktol = 0
Positioning pial surface
Entering MRISpositionSurface()
  max_mm = 0.3
  MAX_REDUCTIONS = 2, REDUCTION_PCT = 0.5
  parms->check_tol = 0, niterations = 100
tol=1.0e-04, sigma=2.0, host=dna07, nav=4, nbrs=2, l_repulse=5.000, l_tspring=0.300, l_nspring=0.300, l_intensity=0.200, l_curv=1.000
mom=0.00, dt=0.50
complete_dist_mat 0
rms 0
smooth_averages 0
remove_neg 0
ico_order 0
which_surface 0
target_radius 0.000000
nfields 0
scale 0.000000
desired_rms_height 0.000000
momentum 0.000000
nbhd_size 0
max_nbrs 0
niterations 100
nsurfaces 0
SURFACES 3
flags 0 (0)
use curv 0
no sulc 0
no rigid align 0
mris->nsize 2
mris->hemisphere 0
randomSeed 0

000: dt: 0.0000, sse=1299904.9, rms=7.428
001: dt: 0.5000, sse=552344.7, rms=4.355 (41.365%)
002: dt: 0.5000, sse=430579.4, rms=3.608 (17.144%)
003: dt: 0.5000, sse=416842.9, rms=3.510 (2.738%)
004: dt: 0.5000, sse=404172.7, rms=3.419 (2.592%)
rms = 3.4949/3.4187, sse=416180.9/404172.7, time step reduction 1 of 3 to 0.250  0 1 1
   RMS increased, rejecting step
005: dt: 0.2500, sse=273489.3, rms=2.298 (32.780%)
006: dt: 0.2500, sse=229862.5, rms=1.767 (23.110%)
007: dt: 0.2500, sse=219016.0, rms=1.611 (8.821%)
rms = 1.5686/1.6111, sse=217395.8/219016.0, time step reduction 2 of 3 to 0.125  0 0 1
008: dt: 0.2500, sse=217395.8, rms=1.569 (2.637%)
009: dt: 0.1250, sse=213948.0, rms=1.511 (3.687%)
rms = 1.4956/1.5108, sse=213203.1/213948.0, time step reduction 3 of 3 to 0.062  0 0 1
010: dt: 0.1250, sse=213203.1, rms=1.496 (1.007%)
  maximum number of reductions reached, breaking from loop
positioning took 0.6 minutes
Iteration 1 =========================================
n_averages=2, current_sigma=1
Computing target border values 
Entering MRIScomputeBorderValues_new(): 
  inside_hi   = 120.0000000;
  border_hi   = 111.9798740;
  border_low  =  62.0000000;
  outside_low =  51.5690460;
  outside_hi  = 111.9798740;
  sigma = 1;
  max_thickness = 10;
  step_size=0.5;
  STEP_SIZE=0.1;
  which = 1
  thresh = 0
  flags = 0
  CBVfindFirstPeakD1=0
  CBVfindFirstPeakD2=0
  nvertices=111545
  Gdiag_no=-1
  vno start=0, stop=111545
Replacing 255s with 0s
#SI# sigma=1 had to be increased for 108 vertices, nripped=8477
mean border=79.1, 79 (7) missing vertices, mean dist -0.2 [0.3 (%77.9)->0.2 (%22.1))]
%86 local maxima, % 6 large gradients and % 0 min vals, 0 gradients ignored
nFirstPeakD1 0
MRIScomputeBorderValues_new() finished in 0.0066 min


Finding expansion regions
mean absolute distance = 0.29 +- 0.50
1751 vertices more than 2 sigmas from mean.
Averaging target values for 5 iterations...
Positioning Surface: tspring = 0.3, nspring = 0.3, spring = 0, niters = 100 l_repulse = 5, l_surf_repulse = 0, checktol = 0
Positioning pial surface
Entering MRISpositionSurface()
  max_mm = 0.3
  MAX_REDUCTIONS = 2, REDUCTION_PCT = 0.5
  parms->check_tol = 0, niterations = 100
tol=1.0e-04, sigma=1.0, host=dna07, nav=2, nbrs=2, l_repulse=5.000, l_tspring=0.300, l_nspring=0.300, l_intensity=0.200, l_curv=1.000
mom=0.00, dt=0.50
000: dt: 0.0000, sse=627134.4, rms=4.673
011: dt: 0.5000, sse=365507.3, rms=3.022 (35.332%)
rms = 3.2615/3.0217, sse=395759.0/365507.3, time step reduction 1 of 3 to 0.250  0 1 1
   RMS increased, rejecting step
012: dt: 0.2500, sse=273572.6, rms=2.159 (28.548%)
013: dt: 0.2500, sse=230929.4, rms=1.617 (25.105%)
014: dt: 0.2500, sse=217737.1, rms=1.384 (14.387%)
015: dt: 0.2500, sse=213724.6, rms=1.297 (6.293%)
rms = 1.2484/1.2973, sse=211813.3/213724.6, time step reduction 2 of 3 to 0.125  0 0 1
016: dt: 0.2500, sse=211813.3, rms=1.248 (3.767%)
017: dt: 0.1250, sse=210803.7, rms=1.198 (4.067%)
rms = 1.1855/1.1976, sse=212254.2/210803.7, time step reduction 3 of 3 to 0.062  0 1 1
018: dt: 0.1250, sse=212254.2, rms=1.185 (1.017%)
  maximum number of reductions reached, breaking from loop
positioning took 0.4 minutes
Iteration 2 =========================================
n_averages=1, current_sigma=0.5
Computing target border values 
Entering MRIScomputeBorderValues_new(): 
  inside_hi   = 120.0000000;
  border_hi   = 111.9798740;
  border_low  =  62.0000000;
  outside_low =  51.5690460;
  outside_hi  = 111.9798740;
  sigma = 0.5;
  max_thickness = 10;
  step_size=0.5;
  STEP_SIZE=0.1;
  which = 1
  thresh = 0
  flags = 0
  CBVfindFirstPeakD1=0
  CBVfindFirstPeakD2=0
  nvertices=111545
  Gdiag_no=-1
  vno start=0, stop=111545
Replacing 255s with 0s
#SI# sigma=0.5 had to be increased for 81 vertices, nripped=8477
mean border=80.6, 119 (5) missing vertices, mean dist -0.1 [0.2 (%64.8)->0.2 (%35.2))]
%89 local maxima, % 4 large gradients and % 0 min vals, 0 gradients ignored
nFirstPeakD1 0
MRIScomputeBorderValues_new() finished in 0.0038 min


Finding expansion regions
mean absolute distance = 0.20 +- 0.36
2027 vertices more than 2 sigmas from mean.
Averaging target values for 5 iterations...
Positioning Surface: tspring = 0.3, nspring = 0.3, spring = 0, niters = 100 l_repulse = 5, l_surf_repulse = 0, checktol = 0
Positioning pial surface
Entering MRISpositionSurface()
  max_mm = 0.3
  MAX_REDUCTIONS = 2, REDUCTION_PCT = 0.5
  parms->check_tol = 0, niterations = 100
tol=1.0e-04, sigma=0.5, host=dna07, nav=1, nbrs=2, l_repulse=5.000, l_tspring=0.300, l_nspring=0.300, l_intensity=0.200, l_curv=1.000
mom=0.00, dt=0.50
000: dt: 0.0000, sse=294843.9, rms=2.376
rms = 2.6071/2.3760, sse=320650.4/294843.9, time step reduction 1 of 3 to 0.250  0 1 1
   RMS increased, rejecting step
019: dt: 0.2500, sse=231906.0, rms=1.634 (31.209%)
020: dt: 0.2500, sse=206682.2, rms=1.185 (27.486%)
021: dt: 0.2500, sse=198415.4, rms=1.093 (7.759%)
rms = 1.0654/1.0933, sse=196866.8/198415.4, time step reduction 2 of 3 to 0.125  0 0 1
022: dt: 0.2500, sse=196866.8, rms=1.065 (2.552%)
rms = 1.0321/1.0654, sse=197013.9/196866.8, time step reduction 3 of 3 to 0.062  0 1 1
023: dt: 0.1250, sse=197013.9, rms=1.032 (3.125%)
  maximum number of reductions reached, breaking from loop
positioning took 0.3 minutes
Iteration 3 =========================================
n_averages=0, current_sigma=0.25
Computing target border values 
Entering MRIScomputeBorderValues_new(): 
  inside_hi   = 120.0000000;
  border_hi   = 111.9798740;
  border_low  =  62.0000000;
  outside_low =  51.5690460;
  outside_hi  = 111.9798740;
  sigma = 0.25;
  max_thickness = 10;
  step_size=0.5;
  STEP_SIZE=0.1;
  which = 1
  thresh = 0
  flags = 0
  CBVfindFirstPeakD1=0
  CBVfindFirstPeakD2=0
  nvertices=111545
  Gdiag_no=-1
  vno start=0, stop=111545
Replacing 255s with 0s
#SI# sigma=0.25 had to be increased for 74 vertices, nripped=8477
mean border=81.0, 148 (5) missing vertices, mean dist -0.0 [0.2 (%53.4)->0.2 (%46.6))]
%89 local maxima, % 3 large gradients and % 0 min vals, 0 gradients ignored
nFirstPeakD1 0
MRIScomputeBorderValues_new() finished in 0.0025 min


Finding expansion regions
mean absolute distance = 0.19 +- 0.31
2212 vertices more than 2 sigmas from mean.
Averaging target values for 5 iterations...
Positioning Surface: tspring = 0.3, nspring = 0.3, spring = 0, niters = 100 l_repulse = 5, l_surf_repulse = 0, checktol = 0
Positioning pial surface
Entering MRISpositionSurface()
  max_mm = 0.3
  MAX_REDUCTIONS = 2, REDUCTION_PCT = 0.5
  parms->check_tol = 0, niterations = 100
tol=1.0e-04, sigma=0.2, host=dna07, nav=0, nbrs=2, l_repulse=5.000, l_tspring=0.300, l_nspring=0.300, l_intensity=0.200, l_curv=1.000
mom=0.00, dt=0.50
000: dt: 0.0000, sse=208122.9, rms=1.298
rms = 1.5584/1.2984, sse=233535.3/208122.9, time step reduction 1 of 3 to 0.250  0 1 1
   RMS increased, rejecting step
024: dt: 0.2500, sse=190549.1, rms=0.960 (26.094%)
025: dt: 0.2500, sse=189079.4, rms=0.826 (13.916%)
rms = 0.8233/0.8261, sse=188404.4/189079.4, time step reduction 2 of 3 to 0.125  0 0 1
026: dt: 0.2500, sse=188404.4, rms=0.823 (0.339%)
rms = 0.8157/0.8233, sse=187291.5/188404.4, time step reduction 3 of 3 to 0.062  0 0 1
027: dt: 0.1250, sse=187291.5, rms=0.816 (0.922%)
  maximum number of reductions reached, breaking from loop
positioning took 0.2 minutes


Writing output to ../surf/lh.white
#ET# mris_place_surface  1.62 minutes
#VMPC# mris_place_surfaces VmPeak  2831400
mris_place_surface done
#--------------------------------------------
#@# T1PialSurf lh Sat Mar 14 11:49:43 CET 2026
cd /out/sourcedata/freesurfer/sub-v2s9x29167_ses-1/mri
mris_place_surface --adgws-in ../surf/autodet.gw.stats.lh.dat --seg aseg.presurf.mgz --threads 16 --wm wm.mgz --invol brain.finalsurfs.mgz --lh --i ../surf/lh.white --o ../surf/lh.pial.T1 --pial --nsmooth 0 --rip-label ../label/lh.cortex+hipamyg.label --pin-medial-wall ../label/lh.cortex.label --aparc ../label/lh.aparc.annot --repulse-surf ../surf/lh.white --white-surf ../surf/lh.white
7.3.2
7.3.2

cd /out/sourcedata/freesurfer/sub-v2s9x29167_ses-1/mri
setenv SUBJECTS_DIR /out/sourcedata/freesurfer
mris_place_surface --adgws-in ../surf/autodet.gw.stats.lh.dat --seg aseg.presurf.mgz --threads 16 --wm wm.mgz --invol brain.finalsurfs.mgz --lh --i ../surf/lh.white --o ../surf/lh.pial.T1 --pial --nsmooth 0 --rip-label ../label/lh.cortex+hipamyg.label --pin-medial-wall ../label/lh.cortex.label --aparc ../label/lh.aparc.annot --repulse-surf ../surf/lh.white --white-surf ../surf/lh.white 

Reading in input surface ../surf/lh.white
Not smoothing input surface
Area    223086  0.35382  0.14442 0.000159   2.8199
Corner  669258 60.00000 15.41419 0.173883 178.9572
Edge    334629  0.91727  0.23360 0.011368   3.2314
Hinge   334629  9.83045 11.77474 0.000020 179.9313
Reading white surface coordinates from ../surf/lh.white
Reading repulsion surface coordinates from ../surf/lh.white
Reading in aparc ../label/lh.aparc.annot
Reading in input volume brain.finalsurfs.mgz
Reading in wm volume wm.mgz
MRIclipBrightWM(): nthresh=15028, wmmin=5, clip=110 
MRIfindBrightNonWM(): 4066 bright non-wm voxels segmented.
Masking bright non-wm for pial surface mid_gray = 62.3636
MRImask(): AllowDiffGeom = 1
MRImask(): AllowDiffGeom = 1
MRImask(): AllowDiffGeom = 1
Reading in seg volume aseg.presurf.mgz
Ripping frozen voxels
Ripping vertices not in label ../label/lh.cortex+hipamyg.label
MRISripNotLabel() ripped 5521/111545 vertices (106024 unripped)
INFO: rip surface needed but not specified, so using input surface
Ripping segs (eg, WMSA, BG, frozen)
Starting MRISripSegs() d = (-2 2 0.5) segnos: 247 
MRISripSegs(): -2 2 0.5 ripped 0
vertex 55773: xyz = (-33.3027,-26.6012,29.1458) oxyz = (-33.3027,-26.6012,29.1458) wxzy = (-33.3027,-26.6012,29.1458) pxyz = (-33.3027,-26.6012,29.1458) 
CBVO Creating mask 111545
n_averages 16
Iteration 0 =========================================
n_averages=16, current_sigma=2
Computing target border values 
Entering MRIScomputeBorderValues_new(): 
  inside_hi   =  94.0201260;
  border_hi   =  51.5690460;
  border_low  =  30.7071340;
  outside_low =  10.0000000;
  outside_hi  =  46.3535690;
  sigma = 2;
  max_thickness = 10;
  step_size=0.5;
  STEP_SIZE=0.1;
  which = 2
  thresh = 0
  flags = 0
  CBVfindFirstPeakD1=0
  CBVfindFirstPeakD2=0
  nvertices=111545
  Gdiag_no=-1
  vno start=0, stop=111545
Replacing 255s with 0s
#SI# sigma=2 had to be increased for 243 vertices, nripped=5521
mean border=50.9, 150 (150) missing vertices, mean dist 1.3 [1.7 (%0.1)->3.7 (%99.9))]
% 9 local maxima, %24 large gradients and %62 min vals, 0 gradients ignored
nFirstPeakD1 0
MRIScomputeBorderValues_new() finished in 0.0086 min


Averaging target values for 5 iterations...
Positioning Surface: tspring = 0.3, nspring = 0.3, spring = 0, niters = 100 l_repulse = 0, l_surf_repulse = 5, checktol = 0
Positioning pial surface
Entering MRISpositionSurface()
  max_mm = 0.3
  MAX_REDUCTIONS = 2, REDUCTION_PCT = 0.5
  parms->check_tol = 0, niterations = 100
tol=1.0e-04, sigma=2.0, host=dna07, nav=16, nbrs=2, l_surf_repulse=5.000, l_tspring=0.300, l_nspring=0.300, l_intensity=0.200, l_curv=1.000
mom=0.00, dt=0.50
complete_dist_mat 0
rms 0
smooth_averages 0
remove_neg 0
ico_order 0
which_surface 0
target_radius 0.000000
nfields 0
scale 0.000000
desired_rms_height 0.000000
momentum 0.000000
nbhd_size 0
max_nbrs 0
niterations 100
nsurfaces 0
SURFACES 3
flags 0 (0)
use curv 0
no sulc 0
no rigid align 0
mris->nsize 2
mris->hemisphere 0
randomSeed 0

000: dt: 0.0000, sse=20017004.0, rms=30.616
001: dt: 0.5000, sse=13215894.0, rms=24.821 (18.926%)
002: dt: 0.5000, sse=8614463.0, rms=19.968 (19.554%)
003: dt: 0.5000, sse=5834565.5, rms=16.350 (18.118%)
004: dt: 0.5000, sse=4230655.5, rms=13.837 (15.371%)
005: dt: 0.5000, sse=3277421.8, rms=12.096 (12.582%)
006: dt: 0.5000, sse=2670811.5, rms=10.841 (10.376%)
007: dt: 0.5000, sse=2238875.5, rms=9.848 (9.161%)
008: dt: 0.5000, sse=1902286.1, rms=8.996 (8.650%)
009: dt: 0.5000, sse=1629594.6, rms=8.240 (8.403%)
010: dt: 0.5000, sse=1397306.4, rms=7.536 (8.546%)
011: dt: 0.5000, sse=1208251.9, rms=6.908 (8.323%)
012: dt: 0.5000, sse=1054987.2, rms=6.354 (8.026%)
013: dt: 0.5000, sse=936028.2, rms=5.887 (7.356%)
014: dt: 0.5000, sse=846263.1, rms=5.506 (6.460%)
015: dt: 0.5000, sse=782271.5, rms=5.216 (5.265%)
016: dt: 0.5000, sse=733371.2, rms=4.983 (4.477%)
017: dt: 0.5000, sse=696784.7, rms=4.799 (3.687%)
018: dt: 0.5000, sse=670881.5, rms=4.664 (2.823%)
019: dt: 0.5000, sse=656344.6, rms=4.584 (1.712%)
020: dt: 0.5000, sse=641032.8, rms=4.499 (1.857%)
rms = 4.4606/4.4987, sse=634791.2/641032.8, time step reduction 1 of 3 to 0.250  0 0 1
021: dt: 0.5000, sse=634791.2, rms=4.461 (0.847%)
022: dt: 0.2500, sse=580305.8, rms=4.144 (7.106%)
023: dt: 0.2500, sse=563852.5, rms=4.045 (2.370%)
rms = 4.0214/4.0454, sse=560199.7/563852.5, time step reduction 2 of 3 to 0.125  0 0 1
024: dt: 0.2500, sse=560199.8, rms=4.021 (0.593%)
025: dt: 0.1250, sse=548903.4, rms=3.950 (1.769%)
rms = 3.9278/3.9503, sse=545364.6/548903.4, time step reduction 3 of 3 to 0.062  0 0 1
026: dt: 0.1250, sse=545364.6, rms=3.928 (0.570%)
  maximum number of reductions reached, breaking from loop
positioning took 1.3 minutes
Iteration 1 =========================================
n_averages=8, current_sigma=1
Computing target border values 
Entering MRIScomputeBorderValues_new(): 
  inside_hi   =  94.0201260;
  border_hi   =  51.5690460;
  border_low  =  30.7071340;
  outside_low =  10.0000000;
  outside_hi  =  46.3535690;
  sigma = 1;
  max_thickness = 10;
  step_size=0.5;
  STEP_SIZE=0.1;
  which = 2
  thresh = 0
  flags = 0
  CBVfindFirstPeakD1=0
  CBVfindFirstPeakD2=0
  nvertices=111545
  Gdiag_no=-1
  vno start=0, stop=111545
Replacing 255s with 0s
#SI# sigma=1 had to be increased for 17312 vertices, nripped=5521
mean border=50.3, 3263 (39) missing vertices, mean dist 0.2 [0.2 (%43.2)->0.8 (%56.8))]
%15 local maxima, %21 large gradients and %56 min vals, 0 gradients ignored
nFirstPeakD1 0
MRIScomputeBorderValues_new() finished in 0.0025 min


Averaging target values for 5 iterations...
Positioning Surface: tspring = 0.3, nspring = 0.3, spring = 0, niters = 100 l_repulse = 0, l_surf_repulse = 5, checktol = 0
Positioning pial surface
Entering MRISpositionSurface()
  max_mm = 0.3
  MAX_REDUCTIONS = 2, REDUCTION_PCT = 0.5
  parms->check_tol = 0, niterations = 100
tol=1.0e-04, sigma=1.0, host=dna07, nav=8, nbrs=2, l_surf_repulse=5.000, l_tspring=0.300, l_nspring=0.300, l_intensity=0.200, l_curv=1.000
mom=0.00, dt=0.50
000: dt: 0.0000, sse=665048.0, rms=4.291
rms = 4.2905/4.2908, sse=665165.5/665048.0, time step reduction 1 of 3 to 0.250  0 1 1
027: dt: 0.5000, sse=665165.5, rms=4.290 (0.009%)
028: dt: 0.2500, sse=617458.6, rms=4.015 (6.416%)
rms = 4.0159/4.0152, sse=617592.1/617458.6, time step reduction 2 of 3 to 0.125  0 1 1
   RMS increased, rejecting step
rms = 3.9859/4.0152, sse=612688.2/617458.6, time step reduction 3 of 3 to 0.062  0 0 1
029: dt: 0.1250, sse=612688.1, rms=3.986 (0.730%)
  maximum number of reductions reached, breaking from loop
positioning took 0.2 minutes
Iteration 2 =========================================
n_averages=4, current_sigma=0.5
Computing target border values 
Entering MRIScomputeBorderValues_new(): 
  inside_hi   =  94.0201260;
  border_hi   =  51.5690460;
  border_low  =  30.7071340;
  outside_low =  10.0000000;
  outside_hi  =  46.3535690;
  sigma = 0.5;
  max_thickness = 10;
  step_size=0.5;
  STEP_SIZE=0.1;
  which = 2
  thresh = 0
  flags = 0
  CBVfindFirstPeakD1=0
  CBVfindFirstPeakD2=0
  nvertices=111545
  Gdiag_no=-1
  vno start=0, stop=111545
Replacing 255s with 0s
#SI# sigma=0.5 had to be increased for 17784 vertices, nripped=5521
mean border=50.0, 3683 (29) missing vertices, mean dist 0.1 [0.2 (%44.0)->0.7 (%56.0))]
%20 local maxima, %16 large gradients and %56 min vals, 0 gradients ignored
nFirstPeakD1 0
MRIScomputeBorderValues_new() finished in 0.0015 min


Averaging target values for 5 iterations...
Positioning Surface: tspring = 0.3, nspring = 0.3, spring = 0, niters = 100 l_repulse = 0, l_surf_repulse = 5, checktol = 0
Positioning pial surface
Entering MRISpositionSurface()
  max_mm = 0.3
  MAX_REDUCTIONS = 2, REDUCTION_PCT = 0.5
  parms->check_tol = 0, niterations = 100
tol=1.0e-04, sigma=0.5, host=dna07, nav=4, nbrs=2, l_surf_repulse=5.000, l_tspring=0.300, l_nspring=0.300, l_intensity=0.200, l_curv=1.000
mom=0.00, dt=0.50
000: dt: 0.0000, sse=634407.8, rms=4.099
rms = 4.3631/4.0993, sse=679263.8/634407.7, time step reduction 1 of 3 to 0.250  0 1 1
   RMS increased, rejecting step
030: dt: 0.2500, sse=614570.8, rms=3.982 (2.856%)
rms = 4.0494/3.9822, sse=625668.2/614570.8, time step reduction 2 of 3 to 0.125  0 1 1
   RMS increased, rejecting step
rms = 3.9703/3.9822, sse=612667.5/614570.8, time step reduction 3 of 3 to 0.062  0 0 1
031: dt: 0.1250, sse=612667.5, rms=3.970 (0.298%)
  maximum number of reductions reached, breaking from loop
positioning took 0.2 minutes
Iteration 3 =========================================
n_averages=2, current_sigma=0.25
Computing target border values 
Entering MRIScomputeBorderValues_new(): 
  inside_hi   =  94.0201260;
  border_hi   =  51.5690460;
  border_low  =  30.7071340;
  outside_low =  10.0000000;
  outside_hi  =  46.3535690;
  sigma = 0.25;
  max_thickness = 10;
  step_size=0.5;
  STEP_SIZE=0.1;
  which = 2
  thresh = 0
  flags = 0
  CBVfindFirstPeakD1=0
  CBVfindFirstPeakD2=0
  nvertices=111545
  Gdiag_no=-1
  vno start=0, stop=111545
Replacing 255s with 0s
#SI# sigma=0.25 had to be increased for 13933 vertices, nripped=5521
mean border=49.6, 8196 (25) missing vertices, mean dist 0.1 [0.2 (%42.6)->0.5 (%57.4))]
%22 local maxima, %13 large gradients and %53 min vals, 0 gradients ignored
nFirstPeakD1 0
MRIScomputeBorderValues_new() finished in 0.0009 min


Averaging target values for 5 iterations...
Positioning Surface: tspring = 0.3, nspring = 0.3, spring = 0, niters = 100 l_repulse = 0, l_surf_repulse = 5, checktol = 0
Positioning pial surface
Entering MRISpositionSurface()
  max_mm = 0.3
  MAX_REDUCTIONS = 2, REDUCTION_PCT = 0.5
  parms->check_tol = 0, niterations = 100
tol=1.0e-04, sigma=0.2, host=dna07, nav=2, nbrs=2, l_surf_repulse=5.000, l_tspring=0.300, l_nspring=0.300, l_intensity=0.200, l_curv=1.000
mom=0.00, dt=0.50
000: dt: 0.0000, sse=627388.6, rms=4.058
032: dt: 0.5000, sse=610723.9, rms=3.984 (1.824%)
rms = 3.9990/3.9835, sse=610294.1/610723.9, time step reduction 1 of 3 to 0.250  0 0 1
   RMS increased, rejecting step
033: dt: 0.2500, sse=568033.2, rms=3.718 (6.671%)
034: dt: 0.2500, sse=551809.2, rms=3.617 (2.719%)
035: dt: 0.2500, sse=541755.8, rms=3.553 (1.752%)
rms = 3.5119/3.5533, sse=535017.2/541755.7, time step reduction 2 of 3 to 0.125  0 0 1
036: dt: 0.2500, sse=535017.2, rms=3.512 (1.165%)
037: dt: 0.1250, sse=516760.0, rms=3.383 (3.659%)
rms = 3.3419/3.3834, sse=510675.3/516760.0, time step reduction 3 of 3 to 0.062  0 0 1
038: dt: 0.1250, sse=510675.3, rms=3.342 (1.229%)
  maximum number of reductions reached, breaking from loop
positioning took 0.4 minutes
Pinning medial wall to white surface
removing intersecting faces
000: 37 intersecting
001: 7 intersecting
terminating search with 0 intersecting


Writing output to ../surf/lh.pial.T1
#ET# mris_place_surface  2.09 minutes
#VMPC# mris_place_surfaces VmPeak  2277100
mris_place_surface done
#@# white curv lh Sat Mar 14 11:51:52 CET 2026
cd /out/sourcedata/freesurfer/sub-v2s9x29167_ses-1/mri
mris_place_surface --curv-map ../surf/lh.white 2 10 ../surf/lh.curv
insurf  ../surf/lh.white, nbrs 2, curvature_avgs 10
writing curvature file ../surf/lh.curv
#@# white area lh Sat Mar 14 11:51:53 CET 2026
cd /out/sourcedata/freesurfer/sub-v2s9x29167_ses-1/mri
mris_place_surface --area-map ../surf/lh.white ../surf/lh.area
writing curvature file ../surf/lh.area
#@# pial curv lh Sat Mar 14 11:51:53 CET 2026
cd /out/sourcedata/freesurfer/sub-v2s9x29167_ses-1/mri
mris_place_surface --curv-map ../surf/lh.pial 2 10 ../surf/lh.curv.pial
insurf  ../surf/lh.pial, nbrs 2, curvature_avgs 10
writing curvature file ../surf/lh.curv.pial
#@# pial area lh Sat Mar 14 11:51:54 CET 2026
cd /out/sourcedata/freesurfer/sub-v2s9x29167_ses-1/mri
mris_place_surface --area-map ../surf/lh.pial ../surf/lh.area.pial
writing curvature file ../surf/lh.area.pial
#@# thickness lh Sat Mar 14 11:51:55 CET 2026
cd /out/sourcedata/freesurfer/sub-v2s9x29167_ses-1/mri
mris_place_surface --thickness ../surf/lh.white ../surf/lh.pial 20 5 ../surf/lh.thickness
0 of 111545 vertices processed
25000 of 111545 vertices processed
50000 of 111545 vertices processed
75000 of 111545 vertices processed
100000 of 111545 vertices processed
0 of 111545 vertices processed
25000 of 111545 vertices processed
50000 of 111545 vertices processed
75000 of 111545 vertices processed
100000 of 111545 vertices processed
thickness calculation complete, 499:2362 truncations.
42075 vertices at 0 distance
78481 vertices at 1 distance
58509 vertices at 2 distance
25662 vertices at 3 distance
10313 vertices at 4 distance
4290 vertices at 5 distance
1800 vertices at 6 distance
806 vertices at 7 distance
389 vertices at 8 distance
213 vertices at 9 distance
139 vertices at 10 distance
84 vertices at 11 distance
65 vertices at 12 distance
55 vertices at 13 distance
40 vertices at 14 distance
31 vertices at 15 distance
29 vertices at 16 distance
31 vertices at 17 distance
23 vertices at 18 distance
17 vertices at 19 distance
38 vertices at 20 distance
writing curvature file ../surf/lh.thickness
#@# area and vertex vol lh Sat Mar 14 11:52:09 CET 2026
cd /out/sourcedata/freesurfer/sub-v2s9x29167_ses-1/mri
mris_place_surface --thickness ../surf/lh.white ../surf/lh.pial 20 5 ../surf/lh.thickness
/out/sourcedata/freesurfer/sub-v2s9x29167_ses-1/surf
mris_calc -o lh.area.mid lh.area add lh.area.pial
Saving result to 'lh.area.mid' (type = MRI_CURV_FILE)                       [ ok ]
mris_calc -o lh.area.mid lh.area.mid div 2
Saving result to 'lh.area.mid' (type = MRI_CURV_FILE)                       [ ok ]
mris_convert --volume sub-v2s9x29167_ses-1 lh /out/sourcedata/freesurfer/sub-v2s9x29167_ses-1/surf/lh.volume
masking with /out/sourcedata/freesurfer/sub-v2s9x29167_ses-1/label/lh.cortex.label
Total face volume 244940
Total vertex volume 244722 (mask=0)
#@# sub-v2s9x29167_ses-1 lh 244722
 
vertexvol Done

#-----------------------------------------
#@# Curvature Stats lh Sat Mar 14 11:52:10 CET 2026
/out/sourcedata/freesurfer/sub-v2s9x29167_ses-1/surf

 mris_curvature_stats -m --writeCurvatureFiles -G -o ../stats/lh.curv.stats -F smoothwm sub-v2s9x29167_ses-1 lh curv sulc 

             Toggling save flag on curvature files                       [ ok ]
                 Outputting results using filestem   [ ../stats/lh.curv.stats ]
             Toggling save flag on curvature files                       [ ok ]
                                   Setting surface [ sub-v2s9x29167_ses-1/lh.smoothwm ]
                                Reading surface...                       [ ok ]
                                   Setting texture                     [ curv ]
                                Reading texture...                       [ ok ]
                                   Setting texture                     [ sulc ]
                                Reading texture...Gb_filter = 0
                       [ ok ]
      Calculating Discrete Principal Curvatures...
      Determining geometric order for vno faces... [####################] [ ok ]
                      Determining KH curvatures... [####################] [ ok ]
                    Determining k1k2 curvatures... [####################] [ ok ]
                                   deltaViolations                      [ 263 ]
Gb_filter = 0

WARN:    S lookup   min:                          -0.288818
WARN:    S explicit min:                          0.000000	vertex = 945
#-----------------------------------------
#@# Cortical Parc 2 lh Sat Mar 14 11:52:11 CET 2026
/out/sourcedata/freesurfer/sub-v2s9x29167_ses-1/scripts

 mris_ca_label -l ../label/lh.cortex.label -aseg ../mri/aseg.presurf.mgz -seed 1234 sub-v2s9x29167_ses-1 lh ../surf/lh.sphere.reg /opt/freesurfer/average/lh.CDaparc.atlas.acfb40.noaparc.i12.2016-08-02.gcs ../label/lh.aparc.a2009s.annot 

setting seed for random number generator to 1234
using ../mri/aseg.presurf.mgz aseg volume to correct midline
7.3.2
  7.3.2
reading atlas from /opt/freesurfer/average/lh.CDaparc.atlas.acfb40.noaparc.i12.2016-08-02.gcs...
reading color table from GCSA file....
average std = 3.0   using min determinant for regularization = 0.088
0 singular and 0 ill-conditioned covariance matrices regularized
input 0: MEAN CURVATURE, flags 0, avgs 5, name mean_curvature
labeling surface...
75 labels changed using aseg
relabeling using gibbs priors...
000:   7379 changed, 111545 examined...
001:   1626 changed, 28868 examined...
002:    470 changed, 8849 examined...
003:    222 changed, 2717 examined...
004:    111 changed, 1298 examined...
005:     62 changed, 645 examined...
006:     46 changed, 362 examined...
007:     23 changed, 250 examined...
008:     14 changed, 141 examined...
009:      2 changed, 78 examined...
010:      1 changed, 13 examined...
011:      1 changed, 7 examined...
012:      2 changed, 6 examined...
013:      3 changed, 11 examined...
014:      1 changed, 13 examined...
015:      0 changed, 7 examined...
26 labels changed using aseg
000: 215 total segments, 132 labels (1156 vertices) changed
001: 86 total segments, 3 labels (4 vertices) changed
002: 83 total segments, 0 labels (0 vertices) changed
10 filter iterations complete (10 requested, 17 changed)
rationalizing unknown annotations with cortex label
relabeling Medial_wall label...
670 vertices marked for relabeling...
670 labels changed in reclassification.
writing output to ../label/lh.aparc.a2009s.annot...
classification took 0 minutes and 8 seconds.
#-----------------------------------------
#@# Cortical Parc 3 lh Sat Mar 14 11:52:19 CET 2026
/out/sourcedata/freesurfer/sub-v2s9x29167_ses-1/scripts

 mris_ca_label -l ../label/lh.cortex.label -aseg ../mri/aseg.presurf.mgz -seed 1234 sub-v2s9x29167_ses-1 lh ../surf/lh.sphere.reg /opt/freesurfer/average/lh.DKTaparc.atlas.acfb40.noaparc.i12.2016-08-02.gcs ../label/lh.aparc.DKTatlas.annot 

setting seed for random number generator to 1234
using ../mri/aseg.presurf.mgz aseg volume to correct midline
7.3.2
  7.3.2
reading atlas from /opt/freesurfer/average/lh.DKTaparc.atlas.acfb40.noaparc.i12.2016-08-02.gcs...
reading color table from GCSA file....
average std = 1.4   using min determinant for regularization = 0.020
0 singular and 383 ill-conditioned covariance matrices regularized
input 0: MEAN CURVATURE, flags 0, avgs 5, name mean_curvature
labeling surface...
1387 labels changed using aseg
relabeling using gibbs priors...
000:   1720 changed, 111545 examined...
001:    376 changed, 8113 examined...
002:     92 changed, 2155 examined...
003:     27 changed, 554 examined...
004:     17 changed, 156 examined...
005:     14 changed, 96 examined...
006:     10 changed, 78 examined...
007:      8 changed, 59 examined...
008:      5 changed, 41 examined...
009:      6 changed, 36 examined...
010:      6 changed, 35 examined...
011:     11 changed, 29 examined...
012:      8 changed, 48 examined...
013:     11 changed, 45 examined...
014:     13 changed, 64 examined...
015:      7 changed, 58 examined...
016:      8 changed, 36 examined...
017:      5 changed, 38 examined...
018:      3 changed, 25 examined...
019:      1 changed, 17 examined...
020:      3 changed, 6 examined...
021:      1 changed, 15 examined...
022:      1 changed, 7 examined...
023:      1 changed, 7 examined...
024:      0 changed, 6 examined...
249 labels changed using aseg
000: 47 total segments, 14 labels (80 vertices) changed
001: 33 total segments, 0 labels (0 vertices) changed
9 filter iterations complete (10 requested, 0 changed)
rationalizing unknown annotations with cortex label
relabeling unknown label...
relabeling corpuscallosum label...
501 vertices marked for relabeling...
501 labels changed in reclassification.
writing output to ../label/lh.aparc.DKTatlas.annot...
classification took 0 minutes and 6 seconds.
#-----------------------------------------
#@# WM/GM Contrast lh Sat Mar 14 11:52:25 CET 2026
/out/sourcedata/freesurfer/sub-v2s9x29167_ses-1/scripts

 pctsurfcon --s sub-v2s9x29167_ses-1 --lh-only 

Log file is /out/sourcedata/freesurfer/sub-v2s9x29167_ses-1/scripts/pctsurfcon.log
Sat Mar 14 11:52:25 CET 2026
setenv SUBJECTS_DIR /out/sourcedata/freesurfer
cd /out/sourcedata/freesurfer/sub-v2s9x29167_ses-1/scripts
/opt/freesurfer/bin/pctsurfcon
pctsurfcon 7.3.2
Linux dna078 5.14.0-427.37.1.el9_4.x86_64 #1 SMP PREEMPT_DYNAMIC Fri Sep 13 12:41:50 EDT 2024 x86_64 x86_64 x86_64 GNU/Linux
FREESURFER_HOME /opt/freesurfer
mri_vol2surf --mov /out/sourcedata/freesurfer/sub-v2s9x29167_ses-1/mri/rawavg.mgz --hemi lh --noreshape --interp trilinear --projdist -1 --o /out/sourcedata/freesurfer/sub-v2s9x29167_ses-1/surf/tmp.pctsurfcon.3490852/lh.wm.mgh --regheader sub-v2s9x29167_ses-1 --cortex
srcvol = /out/sourcedata/freesurfer/sub-v2s9x29167_ses-1/mri/rawavg.mgz
srcreg unspecified
srcregold = 0
srcwarp unspecified
surf = white
hemi = lh
ProjDist = -1
reshape = 0
interp = trilinear
float2int = round
GetProjMax = 0
INFO: float2int code = 0
Done loading volume
Computing registration from header.
  Using /out/sourcedata/freesurfer/sub-v2s9x29167_ses-1/mri/orig.mgz as target reference.
-------- original matrix -----------
-1.00000   0.00000   0.00000  -0.00002;
 0.00000   0.00000   1.00000   0.00000;
 0.00000  -1.00000   0.00000   0.00000;
 0.00000   0.00000   0.00000   1.00000;
-------- original matrix -----------
Loading label /out/sourcedata/freesurfer/sub-v2s9x29167_ses-1/label/lh.cortex.label
Reading surface /out/sourcedata/freesurfer/sub-v2s9x29167_ses-1/surf/lh.white
Done reading source surface
Mapping Source Volume onto Source Subject Surface
Projecting -1 -1 1
 1 -1 -1 -1
using old
Done mapping volume to surface
Number of source voxels hit = 59564
Masking with /out/sourcedata/freesurfer/sub-v2s9x29167_ses-1/label/lh.cortex.label
Writing to /out/sourcedata/freesurfer/sub-v2s9x29167_ses-1/surf/tmp.pctsurfcon.3490852/lh.wm.mgh
Dim: 111545 1 1
mri_vol2surf --mov /out/sourcedata/freesurfer/sub-v2s9x29167_ses-1/mri/rawavg.mgz --hemi lh --noreshape --interp trilinear --o /out/sourcedata/freesurfer/sub-v2s9x29167_ses-1/surf/tmp.pctsurfcon.3490852/lh.gm.mgh --projfrac 0.3 --regheader sub-v2s9x29167_ses-1 --cortex
srcvol = /out/sourcedata/freesurfer/sub-v2s9x29167_ses-1/mri/rawavg.mgz
srcreg unspecified
srcregold = 0
srcwarp unspecified
surf = white
hemi = lh
ProjFrac = 0.3
thickness = thickness
reshape = 0
interp = trilinear
float2int = round
GetProjMax = 0
INFO: float2int code = 0
Done loading volume
Computing registration from header.
  Using /out/sourcedata/freesurfer/sub-v2s9x29167_ses-1/mri/orig.mgz as target reference.
-------- original matrix -----------
-1.00000   0.00000   0.00000  -0.00002;
 0.00000   0.00000   1.00000   0.00000;
 0.00000  -1.00000   0.00000   0.00000;
 0.00000   0.00000   0.00000   1.00000;
-------- original matrix -----------
Loading label /out/sourcedata/freesurfer/sub-v2s9x29167_ses-1/label/lh.cortex.label
Reading surface /out/sourcedata/freesurfer/sub-v2s9x29167_ses-1/surf/lh.white
Done reading source surface
Reading thickness /out/sourcedata/freesurfer/sub-v2s9x29167_ses-1/surf/lh.thickness
Done
Mapping Source Volume onto Source Subject Surface
Projecting 0.3 0.3 1
 1 0.3 0.3 0.3
using old
Done mapping volume to surface
Number of source voxels hit = 68123
Masking with /out/sourcedata/freesurfer/sub-v2s9x29167_ses-1/label/lh.cortex.label
Writing to /out/sourcedata/freesurfer/sub-v2s9x29167_ses-1/surf/tmp.pctsurfcon.3490852/lh.gm.mgh
Dim: 111545 1 1
mri_concat /out/sourcedata/freesurfer/sub-v2s9x29167_ses-1/surf/tmp.pctsurfcon.3490852/lh.wm.mgh /out/sourcedata/freesurfer/sub-v2s9x29167_ses-1/surf/tmp.pctsurfcon.3490852/lh.gm.mgh --paired-diff-norm --mul 100 --o /out/sourcedata/freesurfer/sub-v2s9x29167_ses-1/surf/lh.w-g.pct.mgh
ninputs = 2
Checking inputs
nframestot = 2
Allocing output
Done allocing
Combining pairs
nframes = 1
Multiplying by 100.000000
Writing to /out/sourcedata/freesurfer/sub-v2s9x29167_ses-1/surf/lh.w-g.pct.mgh
mri_segstats --in /out/sourcedata/freesurfer/sub-v2s9x29167_ses-1/surf/lh.w-g.pct.mgh --annot sub-v2s9x29167_ses-1 lh aparc --sum /out/sourcedata/freesurfer/sub-v2s9x29167_ses-1/stats/lh.w-g.pct.stats --snr

7.3.2
cwd 
cmdline mri_segstats --in /out/sourcedata/freesurfer/sub-v2s9x29167_ses-1/surf/lh.w-g.pct.mgh --annot sub-v2s9x29167_ses-1 lh aparc --sum /out/sourcedata/freesurfer/sub-v2s9x29167_ses-1/stats/lh.w-g.pct.stats --snr 
sysname  Linux
hostname dna078
machine  x86_64
user     oesteban
whitesurfname  white
UseRobust  0
Constructing seg from annotation

Reading annotation /out/sourcedata/freesurfer/sub-v2s9x29167_ses-1/label/lh.aparc.annot
Seg base 1000
Loading /out/sourcedata/freesurfer/sub-v2s9x29167_ses-1/surf/lh.w-g.pct.mgh
Vertex Area is 0.70763 mm^3
Generating list of segmentation ids
Found  36 segmentations
Computing statistics for each segmentation

Reporting on  35 segmentations
Using PrintSegStat
mri_segstats done
Cleaning up

Started at Sat Mar 14 11:39:45 CET 2026 
Ended   at Sat Mar 14 11:52:27 CET 2026
#@#%# recon-all-run-time-hours 0.212
recon-all -s sub-v2s9x29167_ses-1 finished without error at Sat Mar 14 11:52:27 CET 2026



#New# invocation of recon-all 




Sat Mar 14 12:07:55 CET 2026
cd /out/sourcedata/freesurfer/sub-v2s9x29167_ses-1
setenv SUBJECTS_DIR /out/sourcedata/freesurfer
/opt/freesurfer/bin/recon-all -autorecon-hemi lh -nohyporelabel -lh-only -openmp 16 -subjid sub-v2s9x29167_ses-1 -sd /out/sourcedata/freesurfer -notessellate -nosmooth1 -noinflate1 -noqsphere -nofix -nowhite -nosmooth2 -noinflate2 -nocurvHK -nocurvstats -nosphere -nosurfreg -nojacobian_white -noavgcurv -nocortparc -nopial -nocortparc2 -nocortparc3 -nopctsurfcon

subjid sub-v2s9x29167_ses-1
setenv SUBJECTS_DIR /out/sourcedata/freesurfer
FREESURFER_HOME /opt/freesurfer
Actual FREESURFER_HOME /opt/freesurfer
build-stamp.txt: freesurfer-linux-ubuntu22_x86_64-7.3.2-20220804-6354275
Linux dna078 5.14.0-427.37.1.el9_4.x86_64 #1 SMP PREEMPT_DYNAMIC Fri Sep 13 12:41:50 EDT 2024 x86_64 x86_64 x86_64 GNU/Linux
cputime      unlimited
filesize     unlimited
datasize     unlimited
stacksize    8192 kbytes
coredumpsize 0 kbytes
memoryuse    67108864 kbytes
vmemoryuse   unlimited
descriptors  1024 
memorylocked unlimited
maxproc      2061970 
maxlocks     unlimited
maxsignal    2062029 
maxmessage   819200 
maxnice      0 
maxrtprio    0 
maxrttime    unlimited

               total        used        free      shared  buff/cache   available
Mem:           503Gi        50Gi       392Gi       9.1Gi        60Gi       440Gi
Swap:             0B          0B          0B

########################################
program versions used
7.3.2 (freesurfer-linux-ubuntu22_x86_64-7.3.2-20220804-6354275)
7.3.2

ProgramName: lta_convert  ProgramArguments: lta_convert -all-info  ProgramVersion: 7.3.2  TimeStamp: 2026/03/14-11:07:55-GMT  BuildTime: Aug  4 2022 06:17:15  BuildStamp: freesurfer-linux-ubuntu22_x86_64-7.3.2-20220804-6354275  User: oesteban  Machine: dna078  Platform: Linux  PlatformVersion: 5.14.0-427.37.1.el9_4.x86_64  CompilerName: GCC  CompilerVersion: 8.4.0
ProgramName: mri_and  ProgramArguments: mri_and -all-info  ProgramVersion: 7.3.2  TimeStamp: 2026/03/14-11:07:55-GMT  BuildTime: Aug  4 2022 06:17:15  BuildStamp: freesurfer-linux-ubuntu22_x86_64-7.3.2-20220804-6354275  User: oesteban  Machine: dna078  Platform: Linux  PlatformVersion: 5.14.0-427.37.1.el9_4.x86_64  CompilerName: GCC  CompilerVersion: 8.4.0
ProgramName: mri_annotation2label  ProgramArguments: mri_annotation2label -all-info  ProgramVersion: 7.3.2  TimeStamp: 2026/03/14-11:07:55-GMT  BuildTime: Aug  4 2022 06:17:15  BuildStamp: freesurfer-linux-ubuntu22_x86_64-7.3.2-20220804-6354275  User: oesteban  Machine: dna078  Platform: Linux  PlatformVersion: 5.14.0-427.37.1.el9_4.x86_64  CompilerName: GCC  CompilerVersion: 8.4.0
ProgramName: mri_aparc2aseg  ProgramArguments: mri_aparc2aseg -all-info  ProgramVersion: 7.3.2  TimeStamp: 2026/03/14-11:07:55-GMT  BuildTime: Aug  4 2022 06:17:15  BuildStamp: freesurfer-linux-ubuntu22_x86_64-7.3.2-20220804-6354275  User: oesteban  Machine: dna078  Platform: Linux  PlatformVersion: 5.14.0-427.37.1.el9_4.x86_64  CompilerName: GCC  CompilerVersion: 8.4.0
ProgramName: mri_surf2volseg  ProgramArguments: mri_surf2volseg -all-info  ProgramVersion: 7.3.2  TimeStamp: 2026/03/14-11:07:56-GMT  BuildTime: Aug  4 2022 06:17:15  BuildStamp: freesurfer-linux-ubuntu22_x86_64-7.3.2-20220804-6354275  User: oesteban  Machine: dna078  Platform: Linux  PlatformVersion: 5.14.0-427.37.1.el9_4.x86_64  CompilerName: GCC  CompilerVersion: 8.4.0
ProgramName: mri_binarize  ProgramArguments: mri_binarize -all-info  ProgramVersion: 7.3.2  TimeStamp: 2026/03/14-11:07:56-GMT  BuildTime: Aug  4 2022 06:17:15  BuildStamp: freesurfer-linux-ubuntu22_x86_64-7.3.2-20220804-6354275  User: oesteban  Machine: dna078  Platform: Linux  PlatformVersion: 5.14.0-427.37.1.el9_4.x86_64  CompilerName: GCC  CompilerVersion: 8.4.0
ProgramName: mri_ca_label  ProgramArguments: mri_ca_label -all-info  ProgramVersion: 7.3.2  TimeStamp: 2026/03/14-11:07:56-GMT  BuildTime: Aug  4 2022 06:17:15  BuildStamp: freesurfer-linux-ubuntu22_x86_64-7.3.2-20220804-6354275  User: oesteban  Machine: dna078  Platform: Linux  PlatformVersion: 5.14.0-427.37.1.el9_4.x86_64  CompilerName: GCC  CompilerVersion: 8.4.0
ProgramName: mri_ca_normalize  ProgramArguments: mri_ca_normalize -all-info  ProgramVersion: 7.3.2  TimeStamp: 2026/03/14-11:07:56-GMT  BuildTime: Aug  4 2022 06:17:15  BuildStamp: freesurfer-linux-ubuntu22_x86_64-7.3.2-20220804-6354275  User: oesteban  Machine: dna078  Platform: Linux  PlatformVersion: 5.14.0-427.37.1.el9_4.x86_64  CompilerName: GCC  CompilerVersion: 8.4.0
ProgramName: mri_ca_register  ProgramArguments: mri_ca_register -all-info  ProgramVersion: 7.3.2  TimeStamp: 2026/03/14-11:07:56-GMT  BuildTime: Aug  4 2022 06:17:15  BuildStamp: freesurfer-linux-ubuntu22_x86_64-7.3.2-20220804-6354275  User: oesteban  Machine: dna078  Platform: Linux  PlatformVersion: 5.14.0-427.37.1.el9_4.x86_64  CompilerName: GCC  CompilerVersion: 8.4.0
ProgramName: mri_cc  ProgramArguments: mri_cc -all-info  ProgramVersion: 7.3.2  TimeStamp: 2026/03/14-11:07:56-GMT  BuildTime: Aug  4 2022 06:17:15  BuildStamp: freesurfer-linux-ubuntu22_x86_64-7.3.2-20220804-6354275  User: oesteban  Machine: dna078  Platform: Linux  PlatformVersion: 5.14.0-427.37.1.el9_4.x86_64  CompilerName: GCC  CompilerVersion: 8.4.0
ProgramName: mri_compute_overlap  ProgramArguments: mri_compute_overlap -all-info  ProgramVersion: 7.3.2  TimeStamp: 2026/03/14-11:07:56-GMT  BuildTime: Aug  4 2022 06:17:15  BuildStamp: freesurfer-linux-ubuntu22_x86_64-7.3.2-20220804-6354275  User: oesteban  Machine: dna078  Platform: Linux  PlatformVersion: 5.14.0-427.37.1.el9_4.x86_64  CompilerName: GCC  CompilerVersion: 8.4.0
ProgramName: mri_compute_seg_overlap  ProgramArguments: mri_compute_seg_overlap -all-info  ProgramVersion: 7.3.2  TimeStamp: 2026/03/14-11:07:56-GMT  BuildTime: Aug  4 2022 06:17:15  BuildStamp: freesurfer-linux-ubuntu22_x86_64-7.3.2-20220804-6354275  User: oesteban  Machine: dna078  Platform: Linux  PlatformVersion: 5.14.0-427.37.1.el9_4.x86_64  CompilerName: GCC  CompilerVersion: 8.4.0
ProgramName: mri_concat  ProgramArguments: mri_concat -all-info  ProgramVersion: 7.3.2  TimeStamp: 2026/03/14-11:07:56-GMT  BuildTime: Aug  4 2022 06:17:15  BuildStamp: freesurfer-linux-ubuntu22_x86_64-7.3.2-20220804-6354275  User: oesteban  Machine: dna078  Platform: Linux  PlatformVersion: 5.14.0-427.37.1.el9_4.x86_64  CompilerName: GCC  CompilerVersion: 8.4.0
ProgramName: mri_concatenate_lta  ProgramArguments: mri_concatenate_lta -all-info  ProgramVersion: 7.3.2  TimeStamp: 2026/03/14-11:07:56-GMT  BuildTime: Aug  4 2022 06:17:15  BuildStamp: freesurfer-linux-ubuntu22_x86_64-7.3.2-20220804-6354275  User: oesteban  Machine: dna078  Platform: Linux  PlatformVersion: 5.14.0-427.37.1.el9_4.x86_64  CompilerName: GCC  CompilerVersion: 8.4.0
mri_convert -all-info 
ProgramName: mri_convert  ProgramArguments: mri_convert -all-info  ProgramVersion: 7.3.2  TimeStamp: 2026/03/14-11:07:56-GMT  BuildTime: Aug  4 2022 06:17:15  BuildStamp: freesurfer-linux-ubuntu22_x86_64-7.3.2-20220804-6354275  User: oesteban  Machine: dna078  Platform: Linux  PlatformVersion: 5.14.0-427.37.1.el9_4.x86_64  CompilerName: GCC  CompilerVersion: 8.4.0
ProgramName: mri_diff  ProgramArguments: mri_diff -all-info  ProgramVersion: 7.3.2  TimeStamp: 2026/03/14-11:07:56-GMT  BuildTime: Aug  4 2022 06:17:15  BuildStamp: freesurfer-linux-ubuntu22_x86_64-7.3.2-20220804-6354275  User: oesteban  Machine: dna078  Platform: Linux  PlatformVersion: 5.14.0-427.37.1.el9_4.x86_64  CompilerName: GCC  CompilerVersion: 8.4.0
ProgramName: mri_edit_wm_with_aseg  ProgramArguments: mri_edit_wm_with_aseg -all-info  ProgramVersion: 7.3.2  TimeStamp: 2026/03/14-11:07:56-GMT  BuildTime: Aug  4 2022 06:17:15  BuildStamp: freesurfer-linux-ubuntu22_x86_64-7.3.2-20220804-6354275  User: oesteban  Machine: dna078  Platform: Linux  PlatformVersion: 5.14.0-427.37.1.el9_4.x86_64  CompilerName: GCC  CompilerVersion: 8.4.0
ProgramName: mri_em_register  ProgramArguments: mri_em_register -all-info  ProgramVersion: 7.3.2  TimeStamp: 2026/03/14-11:07:56-GMT  BuildTime: Aug  4 2022 06:17:15  BuildStamp: freesurfer-linux-ubuntu22_x86_64-7.3.2-20220804-6354275  User: oesteban  Machine: dna078  Platform: Linux  PlatformVersion: 5.14.0-427.37.1.el9_4.x86_64  CompilerName: GCC  CompilerVersion: 8.4.0
ProgramName: mri_fill  ProgramArguments: mri_fill -all-info  ProgramVersion: 7.3.2  TimeStamp: 2026/03/14-11:07:56-GMT  BuildTime: Aug  4 2022 06:17:15  BuildStamp: freesurfer-linux-ubuntu22_x86_64-7.3.2-20220804-6354275  User: oesteban  Machine: dna078  Platform: Linux  PlatformVersion: 5.14.0-427.37.1.el9_4.x86_64  CompilerName: GCC  CompilerVersion: 8.4.0
ProgramName: mri_fuse_segmentations  ProgramArguments: mri_fuse_segmentations -all-info  ProgramVersion: 7.3.2  TimeStamp: 2026/03/14-11:07:56-GMT  BuildTime: Aug  4 2022 06:17:15  BuildStamp: freesurfer-linux-ubuntu22_x86_64-7.3.2-20220804-6354275  User: oesteban  Machine: dna078  Platform: Linux  PlatformVersion: 5.14.0-427.37.1.el9_4.x86_64  CompilerName: GCC  CompilerVersion: 8.4.0
ProgramName: mri_fwhm  ProgramArguments: mri_fwhm -all-info  ProgramVersion: 7.3.2  TimeStamp: 2026/03/14-11:07:56-GMT  BuildTime: Aug  4 2022 06:17:15  BuildStamp: freesurfer-linux-ubuntu22_x86_64-7.3.2-20220804-6354275  User: oesteban  Machine: dna078  Platform: Linux  PlatformVersion: 5.14.0-427.37.1.el9_4.x86_64  CompilerName: GCC  CompilerVersion: 8.4.0
ProgramName: mri_gcut  ProgramArguments: mri_gcut -all-info  ProgramVersion: 7.3.2  TimeStamp: 2026/03/14-11:07:56-GMT  BuildTime: Aug  4 2022 06:17:15  BuildStamp: freesurfer-linux-ubuntu22_x86_64-7.3.2-20220804-6354275  User: oesteban  Machine: dna078  Platform: Linux  PlatformVersion: 5.14.0-427.37.1.el9_4.x86_64  CompilerName: GCC  CompilerVersion: 8.4.0
ProgramName: mri_info  ProgramArguments: mri_info -all-info  ProgramVersion: 7.3.2  TimeStamp: 2026/03/14-11:07:56-GMT  BuildTime: Aug  4 2022 06:17:15  BuildStamp: freesurfer-linux-ubuntu22_x86_64-7.3.2-20220804-6354275  User: oesteban  Machine: dna078  Platform: Linux  PlatformVersion: 5.14.0-427.37.1.el9_4.x86_64  CompilerName: GCC  CompilerVersion: 8.4.0
ProgramName: mri_label2label  ProgramArguments: mri_label2label -all-info  ProgramVersion: 7.3.2  TimeStamp: 2026/03/14-11:07:56-GMT  BuildTime: Aug  4 2022 06:17:15  BuildStamp: freesurfer-linux-ubuntu22_x86_64-7.3.2-20220804-6354275  User: oesteban  Machine: dna078  Platform: Linux  PlatformVersion: 5.14.0-427.37.1.el9_4.x86_64  CompilerName: GCC  CompilerVersion: 8.4.0
ProgramName: mri_label2vol  ProgramArguments: mri_label2vol -all-info  ProgramVersion: 7.3.2  TimeStamp: 2026/03/14-11:07:56-GMT  BuildTime: Aug  4 2022 06:17:15  BuildStamp: freesurfer-linux-ubuntu22_x86_64-7.3.2-20220804-6354275  User: oesteban  Machine: dna078  Platform: Linux  PlatformVersion: 5.14.0-427.37.1.el9_4.x86_64  CompilerName: GCC  CompilerVersion: 8.4.0
ProgramName: mri_log_likelihood  ProgramArguments: mri_log_likelihood -all-info  ProgramVersion: 7.3.2  TimeStamp: 2026/03/14-11:07:56-GMT  BuildTime: Aug  4 2022 06:17:15  BuildStamp: freesurfer-linux-ubuntu22_x86_64-7.3.2-20220804-6354275  User: oesteban  Machine: dna078  Platform: Linux  PlatformVersion: 5.14.0-427.37.1.el9_4.x86_64  CompilerName: GCC  CompilerVersion: 8.4.0
ProgramName: mri_mask  ProgramArguments: mri_mask -all-info  ProgramVersion: 7.3.2  TimeStamp: 2026/03/14-11:07:56-GMT  BuildTime: Aug  4 2022 06:17:15  BuildStamp: freesurfer-linux-ubuntu22_x86_64-7.3.2-20220804-6354275  User: oesteban  Machine: dna078  Platform: Linux  PlatformVersion: 5.14.0-427.37.1.el9_4.x86_64  CompilerName: GCC  CompilerVersion: 8.4.0
ProgramName: mri_matrix_multiply  ProgramArguments: mri_matrix_multiply -all-info  ProgramVersion: 7.3.2  TimeStamp: 2026/03/14-11:07:56-GMT  BuildTime: Aug  4 2022 06:17:15  BuildStamp: freesurfer-linux-ubuntu22_x86_64-7.3.2-20220804-6354275  User: oesteban  Machine: dna078  Platform: Linux  PlatformVersion: 5.14.0-427.37.1.el9_4.x86_64  CompilerName: GCC  CompilerVersion: 8.4.0
ProgramName: mri_normalize  ProgramArguments: mri_normalize -all-info  ProgramVersion: 7.3.2  TimeStamp: 2026/03/14-11:07:56-GMT  BuildTime: Aug  4 2022 06:17:15  BuildStamp: freesurfer-linux-ubuntu22_x86_64-7.3.2-20220804-6354275  User: oesteban  Machine: dna078  Platform: Linux  PlatformVersion: 5.14.0-427.37.1.el9_4.x86_64  CompilerName: GCC  CompilerVersion: 8.4.0
ProgramName: mri_normalize_tp2  ProgramArguments: mri_normalize_tp2 -all-info  ProgramVersion: 7.3.2  TimeStamp: 2026/03/14-11:07:56-GMT  BuildTime: Aug  4 2022 06:17:15  BuildStamp: freesurfer-linux-ubuntu22_x86_64-7.3.2-20220804-6354275  User: oesteban  Machine: dna078  Platform: Linux  PlatformVersion: 5.14.0-427.37.1.el9_4.x86_64  CompilerName: GCC  CompilerVersion: 8.4.0
ProgramName: mri_or  ProgramArguments: mri_or -all-info  ProgramVersion: 7.3.2  TimeStamp: 2026/03/14-11:07:56-GMT  BuildTime: Aug  4 2022 06:17:15  BuildStamp: freesurfer-linux-ubuntu22_x86_64-7.3.2-20220804-6354275  User: oesteban  Machine: dna078  Platform: Linux  PlatformVersion: 5.14.0-427.37.1.el9_4.x86_64  CompilerName: GCC  CompilerVersion: 8.4.0
ProgramName: mri_relabel_hypointensities  ProgramArguments: mri_relabel_hypointensities -all-info  ProgramVersion: 7.3.2  TimeStamp: 2026/03/14-11:07:56-GMT  BuildTime: Aug  4 2022 06:17:15  BuildStamp: freesurfer-linux-ubuntu22_x86_64-7.3.2-20220804-6354275  User: oesteban  Machine: dna078  Platform: Linux  PlatformVersion: 5.14.0-427.37.1.el9_4.x86_64  CompilerName: GCC  CompilerVersion: 8.4.0
ProgramName: mri_relabel_nonwm_hypos  ProgramArguments: mri_relabel_nonwm_hypos -all-info  ProgramVersion: 7.3.2  TimeStamp: 2026/03/14-11:07:56-GMT  BuildTime: Aug  4 2022 06:17:15  BuildStamp: freesurfer-linux-ubuntu22_x86_64-7.3.2-20220804-6354275  User: oesteban  Machine: dna078  Platform: Linux  PlatformVersion: 5.14.0-427.37.1.el9_4.x86_64  CompilerName: GCC  CompilerVersion: 8.4.0
ProgramName: mri_remove_neck  ProgramArguments: mri_remove_neck -all-info  ProgramVersion: 7.3.2  TimeStamp: 2026/03/14-11:07:56-GMT  BuildTime: Aug  4 2022 06:17:15  BuildStamp: freesurfer-linux-ubuntu22_x86_64-7.3.2-20220804-6354275  User: oesteban  Machine: dna078  Platform: Linux  PlatformVersion: 5.14.0-427.37.1.el9_4.x86_64  CompilerName: GCC  CompilerVersion: 8.4.0
7.3.2

ProgramName: mri_robust_register  ProgramArguments: mri_robust_register -all-info  ProgramVersion: 7.3.2  TimeStamp: 2026/03/14-11:07:56-GMT  BuildTime: Aug  4 2022 06:17:15  BuildStamp: freesurfer-linux-ubuntu22_x86_64-7.3.2-20220804-6354275  User: oesteban  Machine: dna078  Platform: Linux  PlatformVersion: 5.14.0-427.37.1.el9_4.x86_64  CompilerName: GCC  CompilerVersion: 8.4.0
7.3.2

ProgramName: mri_robust_template  ProgramArguments: mri_robust_template -all-info  ProgramVersion: 7.3.2  TimeStamp: 2026/03/14-11:07:56-GMT  BuildTime: Aug  4 2022 06:17:15  BuildStamp: freesurfer-linux-ubuntu22_x86_64-7.3.2-20220804-6354275  User: oesteban  Machine: dna078  Platform: Linux  PlatformVersion: 5.14.0-427.37.1.el9_4.x86_64  CompilerName: GCC  CompilerVersion: 8.4.0
ProgramName: mris_anatomical_stats  ProgramArguments: mris_anatomical_stats -all-info  ProgramVersion: 7.3.2  TimeStamp: 2026/03/14-11:07:56-GMT  BuildTime: Aug  4 2022 06:17:15  BuildStamp: freesurfer-linux-ubuntu22_x86_64-7.3.2-20220804-6354275  User: oesteban  Machine: dna078  Platform: Linux  PlatformVersion: 5.14.0-427.37.1.el9_4.x86_64  CompilerName: GCC  CompilerVersion: 8.4.0
ProgramName: mris_ca_label  ProgramArguments: mris_ca_label -all-info  ProgramVersion: 7.3.2  TimeStamp: 2026/03/14-11:07:56-GMT  BuildTime: Aug  4 2022 06:17:15  BuildStamp: freesurfer-linux-ubuntu22_x86_64-7.3.2-20220804-6354275  User: oesteban  Machine: dna078  Platform: Linux  PlatformVersion: 5.14.0-427.37.1.el9_4.x86_64  CompilerName: GCC  CompilerVersion: 8.4.0
ProgramName: mris_calc  ProgramArguments: mris_calc -all-info  ProgramVersion: 7.3.2  TimeStamp: 2026/03/14-11:07:56-GMT  BuildTime: Aug  4 2022 06:17:15  BuildStamp: freesurfer-linux-ubuntu22_x86_64-7.3.2-20220804-6354275  User: oesteban  Machine: dna078  Platform: Linux  PlatformVersion: 5.14.0-427.37.1.el9_4.x86_64  CompilerName: GCC  CompilerVersion: 8.4.0
ProgramName: mris_convert  ProgramArguments: mris_convert -all-info  ProgramVersion: 7.3.2  TimeStamp: 2026/03/14-11:07:56-GMT  BuildTime: Aug  4 2022 06:17:15  BuildStamp: freesurfer-linux-ubuntu22_x86_64-7.3.2-20220804-6354275  User: oesteban  Machine: dna078  Platform: Linux  PlatformVersion: 5.14.0-427.37.1.el9_4.x86_64  CompilerName: GCC  CompilerVersion: 8.4.0
ProgramName: mris_curvature  ProgramArguments: mris_curvature -all-info  ProgramVersion: 7.3.2  TimeStamp: 2026/03/14-11:07:56-GMT  BuildTime: Aug  4 2022 06:17:15  BuildStamp: freesurfer-linux-ubuntu22_x86_64-7.3.2-20220804-6354275  User: oesteban  Machine: dna078  Platform: Linux  PlatformVersion: 5.14.0-427.37.1.el9_4.x86_64  CompilerName: GCC  CompilerVersion: 8.4.0
ProgramName: mris_curvature_stats  ProgramArguments: mris_curvature_stats -all-info  ProgramVersion: 7.3.2  TimeStamp: 2026/03/14-11:07:56-GMT  BuildTime: Aug  4 2022 06:17:15  BuildStamp: freesurfer-linux-ubuntu22_x86_64-7.3.2-20220804-6354275  User: oesteban  Machine: dna078  Platform: Linux  PlatformVersion: 5.14.0-427.37.1.el9_4.x86_64  CompilerName: GCC  CompilerVersion: 8.4.0
ProgramName: mris_diff  ProgramArguments: mris_diff -all-info  ProgramVersion: 7.3.2  TimeStamp: 2026/03/14-11:07:56-GMT  BuildTime: Aug  4 2022 06:17:15  BuildStamp: freesurfer-linux-ubuntu22_x86_64-7.3.2-20220804-6354275  User: oesteban  Machine: dna078  Platform: Linux  PlatformVersion: 5.14.0-427.37.1.el9_4.x86_64  CompilerName: GCC  CompilerVersion: 8.4.0
ProgramName: mris_divide_parcellation  ProgramArguments: mris_divide_parcellation -all-info  ProgramVersion: 7.3.2  TimeStamp: 2026/03/14-11:07:56-GMT  BuildTime: Aug  4 2022 06:17:15  BuildStamp: freesurfer-linux-ubuntu22_x86_64-7.3.2-20220804-6354275  User: oesteban  Machine: dna078  Platform: Linux  PlatformVersion: 5.14.0-427.37.1.el9_4.x86_64  CompilerName: GCC  CompilerVersion: 8.4.0
ProgramName: mri_segment  ProgramArguments: mri_segment -all-info  ProgramVersion: 7.3.2  TimeStamp: 2026/03/14-11:07:56-GMT  BuildTime: Aug  4 2022 06:17:15  BuildStamp: freesurfer-linux-ubuntu22_x86_64-7.3.2-20220804-6354275  User: oesteban  Machine: dna078  Platform: Linux  PlatformVersion: 5.14.0-427.37.1.el9_4.x86_64  CompilerName: GCC  CompilerVersion: 8.4.0
ProgramName: mri_segstats  ProgramArguments: mri_segstats -all-info  ProgramVersion: 7.3.2  TimeStamp: 2026/03/14-11:07:56-GMT  BuildTime: Aug  4 2022 06:17:15  BuildStamp: freesurfer-linux-ubuntu22_x86_64-7.3.2-20220804-6354275  User: oesteban  Machine: dna078  Platform: Linux  PlatformVersion: 5.14.0-427.37.1.el9_4.x86_64  CompilerName: GCC  CompilerVersion: 8.4.0
ProgramName: mris_euler_number  ProgramArguments: mris_euler_number -all-info  ProgramVersion: 7.3.2  TimeStamp: 2026/03/14-11:07:56-GMT  BuildTime: Aug  4 2022 06:17:15  BuildStamp: freesurfer-linux-ubuntu22_x86_64-7.3.2-20220804-6354275  User: oesteban  Machine: dna078  Platform: Linux  PlatformVersion: 5.14.0-427.37.1.el9_4.x86_64  CompilerName: GCC  CompilerVersion: 8.4.0
ProgramName: mris_fix_topology  ProgramArguments: mris_fix_topology -all-info  ProgramVersion: 7.3.2  TimeStamp: 2026/03/14-11:07:56-GMT  BuildTime: Aug  4 2022 06:17:15  BuildStamp: freesurfer-linux-ubuntu22_x86_64-7.3.2-20220804-6354275  User: oesteban  Machine: dna078  Platform: Linux  PlatformVersion: 5.14.0-427.37.1.el9_4.x86_64  CompilerName: GCC  CompilerVersion: 8.4.0
ProgramName: mris_topo_fixer  ProgramArguments: mris_topo_fixer -all-info  ProgramVersion: 7.3.2  TimeStamp: 2026/03/14-11:07:56-GMT  BuildTime: Aug  4 2022 06:17:15  BuildStamp: freesurfer-linux-ubuntu22_x86_64-7.3.2-20220804-6354275  User: oesteban  Machine: dna078  Platform: Linux  PlatformVersion: 5.14.0-427.37.1.el9_4.x86_64  CompilerName: GCC  CompilerVersion: 8.4.0
ProgramName: mris_jacobian  ProgramArguments: mris_jacobian -all-info  ProgramVersion: 7.3.2  TimeStamp: 2026/03/14-11:07:56-GMT  BuildTime: Aug  4 2022 06:17:15  BuildStamp: freesurfer-linux-ubuntu22_x86_64-7.3.2-20220804-6354275  User: oesteban  Machine: dna078  Platform: Linux  PlatformVersion: 5.14.0-427.37.1.el9_4.x86_64  CompilerName: GCC  CompilerVersion: 8.4.0
ProgramName: mris_label2annot  ProgramArguments: mris_label2annot -all-info  ProgramVersion: 7.3.2  TimeStamp: 2026/03/14-11:07:56-GMT  BuildTime: Aug  4 2022 06:17:15  BuildStamp: freesurfer-linux-ubuntu22_x86_64-7.3.2-20220804-6354275  User: oesteban  Machine: dna078  Platform: Linux  PlatformVersion: 5.14.0-427.37.1.el9_4.x86_64  CompilerName: GCC  CompilerVersion: 8.4.0
ProgramName: mris_left_right_register  ProgramArguments: mris_left_right_register -all-info  ProgramVersion: 7.3.2  TimeStamp: 2026/03/14-11:07:56-GMT  BuildTime: Aug  4 2022 06:17:15  BuildStamp: freesurfer-linux-ubuntu22_x86_64-7.3.2-20220804-6354275  User: oesteban  Machine: dna078  Platform: Linux  PlatformVersion: 5.14.0-427.37.1.el9_4.x86_64  CompilerName: GCC  CompilerVersion: 8.4.0
ProgramName: mris_place_surface  ProgramArguments: mris_place_surface -all-info  ProgramVersion: 7.3.2  TimeStamp: 2026/03/14-11:07:56-GMT  BuildTime: Aug  4 2022 06:17:15  BuildStamp: freesurfer-linux-ubuntu22_x86_64-7.3.2-20220804-6354275  User: oesteban  Machine: dna078  Platform: Linux  PlatformVersion: 5.14.0-427.37.1.el9_4.x86_64  CompilerName: GCC  CompilerVersion: 8.4.0
ProgramName: mrisp_paint  ProgramArguments: mrisp_paint -all-info  ProgramVersion: 7.3.2  TimeStamp: 2026/03/14-11:07:56-GMT  BuildTime: Aug  4 2022 06:17:15  BuildStamp: freesurfer-linux-ubuntu22_x86_64-7.3.2-20220804-6354275  User: oesteban  Machine: dna078  Platform: Linux  PlatformVersion: 5.14.0-427.37.1.el9_4.x86_64  CompilerName: GCC  CompilerVersion: 8.4.0
ProgramName: mris_register  ProgramArguments: mris_register -all-info  ProgramVersion: 7.3.2  TimeStamp: 2026/03/14-11:07:56-GMT  BuildTime: Aug  4 2022 06:17:15  BuildStamp: freesurfer-linux-ubuntu22_x86_64-7.3.2-20220804-6354275  User: oesteban  Machine: dna078  Platform: Linux  PlatformVersion: 5.14.0-427.37.1.el9_4.x86_64  CompilerName: GCC  CompilerVersion: 8.4.0
ProgramName: mris_smooth  ProgramArguments: mris_smooth -all-info  ProgramVersion: 7.3.2  TimeStamp: 2026/03/14-11:07:56-GMT  BuildTime: Aug  4 2022 06:17:15  BuildStamp: freesurfer-linux-ubuntu22_x86_64-7.3.2-20220804-6354275  User: oesteban  Machine: dna078  Platform: Linux  PlatformVersion: 5.14.0-427.37.1.el9_4.x86_64  CompilerName: GCC  CompilerVersion: 8.4.0
ProgramName: mris_sphere  ProgramArguments: mris_sphere -all-info  ProgramVersion: 7.3.2  TimeStamp: 2026/03/14-11:07:56-GMT  BuildTime: Aug  4 2022 06:17:15  BuildStamp: freesurfer-linux-ubuntu22_x86_64-7.3.2-20220804-6354275  User: oesteban  Machine: dna078  Platform: Linux  PlatformVersion: 5.14.0-427.37.1.el9_4.x86_64  CompilerName: GCC  CompilerVersion: 8.4.0
ProgramName: mris_surface_stats  ProgramArguments: mris_surface_stats -all-info  ProgramVersion: 7.3.2  TimeStamp: 2026/03/14-11:07:56-GMT  BuildTime: Aug  4 2022 06:17:15  BuildStamp: freesurfer-linux-ubuntu22_x86_64-7.3.2-20220804-6354275  User: oesteban  Machine: dna078  Platform: Linux  PlatformVersion: 5.14.0-427.37.1.el9_4.x86_64  CompilerName: GCC  CompilerVersion: 8.4.0
ProgramName: mri_stats2seg  ProgramArguments: mri_stats2seg -all-info  ProgramVersion: 7.3.2  TimeStamp: 2026/03/14-11:07:56-GMT  BuildTime: Aug  4 2022 06:17:15  BuildStamp: freesurfer-linux-ubuntu22_x86_64-7.3.2-20220804-6354275  User: oesteban  Machine: dna078  Platform: Linux  PlatformVersion: 5.14.0-427.37.1.el9_4.x86_64  CompilerName: GCC  CompilerVersion: 8.4.0
ProgramName: mris_thickness  ProgramArguments: mris_thickness -all-info  ProgramVersion: 7.3.2  TimeStamp: 2026/03/14-11:07:56-GMT  BuildTime: Aug  4 2022 06:17:15  BuildStamp: freesurfer-linux-ubuntu22_x86_64-7.3.2-20220804-6354275  User: oesteban  Machine: dna078  Platform: Linux  PlatformVersion: 5.14.0-427.37.1.el9_4.x86_64  CompilerName: GCC  CompilerVersion: 8.4.0
ProgramName: mris_thickness_diff  ProgramArguments: mris_thickness_diff -all-info  ProgramVersion: 7.3.2  TimeStamp: 2026/03/14-11:07:56-GMT  BuildTime: Aug  4 2022 06:17:15  BuildStamp: freesurfer-linux-ubuntu22_x86_64-7.3.2-20220804-6354275  User: oesteban  Machine: dna078  Platform: Linux  PlatformVersion: 5.14.0-427.37.1.el9_4.x86_64  CompilerName: GCC  CompilerVersion: 8.4.0
ProgramName: mris_topo_fixer  ProgramArguments: mris_topo_fixer -all-info  ProgramVersion: 7.3.2  TimeStamp: 2026/03/14-11:07:56-GMT  BuildTime: Aug  4 2022 06:17:15  BuildStamp: freesurfer-linux-ubuntu22_x86_64-7.3.2-20220804-6354275  User: oesteban  Machine: dna078  Platform: Linux  PlatformVersion: 5.14.0-427.37.1.el9_4.x86_64  CompilerName: GCC  CompilerVersion: 8.4.0
ProgramName: mri_surf2surf  ProgramArguments: mri_surf2surf -all-info  ProgramVersion: 7.3.2  TimeStamp: 2026/03/14-11:07:56-GMT  BuildTime: Aug  4 2022 06:17:15  BuildStamp: freesurfer-linux-ubuntu22_x86_64-7.3.2-20220804-6354275  User: oesteban  Machine: dna078  Platform: Linux  PlatformVersion: 5.14.0-427.37.1.el9_4.x86_64  CompilerName: GCC  CompilerVersion: 8.4.0
ProgramName: mri_surf2vol  ProgramArguments: mri_surf2vol -all-info  ProgramVersion: 7.3.2  TimeStamp: 2026/03/14-11:07:56-GMT  BuildTime: Aug  4 2022 06:17:15  BuildStamp: freesurfer-linux-ubuntu22_x86_64-7.3.2-20220804-6354275  User: oesteban  Machine: dna078  Platform: Linux  PlatformVersion: 5.14.0-427.37.1.el9_4.x86_64  CompilerName: GCC  CompilerVersion: 8.4.0
ProgramName: mri_surfcluster  ProgramArguments: mri_surfcluster -all-info  ProgramVersion: 7.3.2  TimeStamp: 2026/03/14-11:07:56-GMT  BuildTime: Aug  4 2022 06:17:15  BuildStamp: freesurfer-linux-ubuntu22_x86_64-7.3.2-20220804-6354275  User: oesteban  Machine: dna078  Platform: Linux  PlatformVersion: 5.14.0-427.37.1.el9_4.x86_64  CompilerName: GCC  CompilerVersion: 8.4.0
ProgramName: mris_volmask  ProgramArguments: mris_volmask -all-info  ProgramVersion: 7.3.2  TimeStamp: 2026/03/14-11:07:56-GMT  BuildTime: Aug  4 2022 06:17:15  BuildStamp: freesurfer-linux-ubuntu22_x86_64-7.3.2-20220804-6354275  User: oesteban  Machine: dna078  Platform: Linux  PlatformVersion: 5.14.0-427.37.1.el9_4.x86_64  CompilerName: GCC  CompilerVersion: 8.4.0
ProgramName: mri_tessellate  ProgramArguments: mri_tessellate -all-info  ProgramVersion: 7.3.2  TimeStamp: 2026/03/14-11:07:56-GMT  BuildTime: Aug  4 2022 06:17:15  BuildStamp: freesurfer-linux-ubuntu22_x86_64-7.3.2-20220804-6354275  User: oesteban  Machine: dna078  Platform: Linux  PlatformVersion: 5.14.0-427.37.1.el9_4.x86_64  CompilerName: GCC  CompilerVersion: 8.4.0
ProgramName: mri_vol2surf  ProgramArguments: mri_vol2surf -all-info  ProgramVersion: 7.3.2  TimeStamp: 2026/03/14-11:07:56-GMT  BuildTime: Aug  4 2022 06:17:15  BuildStamp: freesurfer-linux-ubuntu22_x86_64-7.3.2-20220804-6354275  User: oesteban  Machine: dna078  Platform: Linux  PlatformVersion: 5.14.0-427.37.1.el9_4.x86_64  CompilerName: GCC  CompilerVersion: 8.4.0
ProgramName: mri_vol2vol  ProgramArguments: mri_vol2vol -all-info  ProgramVersion: 7.3.2  TimeStamp: 2026/03/14-11:07:56-GMT  BuildTime: Aug  4 2022 06:17:15  BuildStamp: freesurfer-linux-ubuntu22_x86_64-7.3.2-20220804-6354275  User: oesteban  Machine: dna078  Platform: Linux  PlatformVersion: 5.14.0-427.37.1.el9_4.x86_64  CompilerName: GCC  CompilerVersion: 8.4.0
ProgramName: mri_voldiff  ProgramArguments: mri_voldiff -all-info  ProgramVersion: 7.3.2  TimeStamp: 2026/03/14-11:07:56-GMT  BuildTime: Aug  4 2022 06:17:15  BuildStamp: freesurfer-linux-ubuntu22_x86_64-7.3.2-20220804-6354275  User: oesteban  Machine: dna078  Platform: Linux  PlatformVersion: 5.14.0-427.37.1.el9_4.x86_64  CompilerName: GCC  CompilerVersion: 8.4.0
ProgramName: mri_watershed  ProgramArguments: mri_watershed -all-info  ProgramVersion: 7.3.2  TimeStamp: 2026/03/14-11:07:56-GMT  BuildTime: Aug  4 2022 06:17:15  BuildStamp: freesurfer-linux-ubuntu22_x86_64-7.3.2-20220804-6354275  User: oesteban  Machine: dna078  Platform: Linux  PlatformVersion: 5.14.0-427.37.1.el9_4.x86_64  CompilerName: GCC  CompilerVersion: 8.4.0
ProgramName: tkregister2  ProgramArguments: tkregister2_cmdl -all-info  ProgramVersion: 7.3.2  TimeStamp: 2026/03/14-11:07:56-GMT  BuildTime: Aug  4 2022 06:17:15  BuildStamp: freesurfer-linux-ubuntu22_x86_64-7.3.2-20220804-6354275  User: oesteban  Machine: dna078  Platform: Linux  PlatformVersion: 5.14.0-427.37.1.el9_4.x86_64  CompilerName: GCC  CompilerVersion: 8.4.0
mri_motion_correct.fsl 7.3.2
mri_convert -all-info 
ProgramName: mri_convert  ProgramArguments: mri_convert -all-info  ProgramVersion: 7.3.2  TimeStamp: 2026/03/14-11:07:56-GMT  BuildTime: Aug  4 2022 06:17:15  BuildStamp: freesurfer-linux-ubuntu22_x86_64-7.3.2-20220804-6354275  User: oesteban  Machine: dna078  Platform: Linux  PlatformVersion: 5.14.0-427.37.1.el9_4.x86_64  CompilerName: GCC  CompilerVersion: 8.4.0
Program nu_correct, built from:
Package MNI N3, version 1.12.0, compiled by nicks@terrier (x86_64-unknown-linux-gnu) on 2015-06-19 at 01:25:34
#######################################
GCADIR /opt/freesurfer/average
GCA RB_all_2020-01-02.gca
GCASkull RB_all_withskull_2020_01_02.gca
AvgCurvTif folding.atlas.acfb40.noaparc.i12.2016-08-02.tif
GCSDIR /opt/freesurfer/average
GCS DKaparc.atlas.acfb40.noaparc.i12.2016-08-02.gcs
#######################################
#--------------------------------------------
#@# AutoDetGWStats lh Sat Mar 14 12:07:56 CET 2026
cd /out/sourcedata/freesurfer/sub-v2s9x29167_ses-1/mri
mris_autodet_gwstats --o ../surf/autodet.gw.stats.lh.dat --i brain.finalsurfs.mgz --wm wm.mgz --surf ../surf/lh.orig.premesh
  Update not needed
#--------------------------------------------
#@# WhitePreAparc lh Sat Mar 14 12:07:56 CET 2026
cd /out/sourcedata/freesurfer/sub-v2s9x29167_ses-1/mri
mris_place_surface --adgws-in ../surf/autodet.gw.stats.lh.dat --wm wm.mgz --threads 16 --invol brain.finalsurfs.mgz --lh --i ../surf/lh.orig --o ../surf/lh.white.preaparc --white --seg aseg.presurf.mgz --nsmooth 5
   Update not needed
#--------------------------------------------
#@# CortexLabel lh Sat Mar 14 12:07:56 CET 2026
cd /out/sourcedata/freesurfer/sub-v2s9x29167_ses-1/mri
mri_label2label --label-cortex ../surf/lh.white.preaparc aseg.presurf.mgz 0 ../label/lh.cortex.label
   Update not needed
#--------------------------------------------
#@# CortexLabel+HipAmyg lh Sat Mar 14 12:07:56 CET 2026
cd /out/sourcedata/freesurfer/sub-v2s9x29167_ses-1/mri
mri_label2label --label-cortex ../surf/lh.white.preaparc aseg.presurf.mgz 1 ../label/lh.cortex+hipamyg.label
   Update not needed
#@# white curv lh Sat Mar 14 12:07:56 CET 2026
cd /out/sourcedata/freesurfer/sub-v2s9x29167_ses-1/mri
mris_place_surface --curv-map ../surf/lh.white 2 10 ../surf/lh.curv
   Update not needed
#@# white area lh Sat Mar 14 12:07:56 CET 2026
cd /out/sourcedata/freesurfer/sub-v2s9x29167_ses-1/mri
mris_place_surface --area-map ../surf/lh.white ../surf/lh.area
   Update not needed
#@# pial curv lh Sat Mar 14 12:07:56 CET 2026
cd /out/sourcedata/freesurfer/sub-v2s9x29167_ses-1/mri
mris_place_surface --curv-map ../surf/lh.pial 2 10 ../surf/lh.curv.pial
   Update not needed
#@# pial area lh Sat Mar 14 12:07:56 CET 2026
cd /out/sourcedata/freesurfer/sub-v2s9x29167_ses-1/mri
mris_place_surface --area-map ../surf/lh.pial ../surf/lh.area.pial
   Update not needed
#@# thickness lh Sat Mar 14 12:07:56 CET 2026
cd /out/sourcedata/freesurfer/sub-v2s9x29167_ses-1/mri
mris_place_surface --thickness ../surf/lh.white ../surf/lh.pial 20 5 ../surf/lh.thickness
   Update not needed
#@# area and vertex vol lh Sat Mar 14 12:07:56 CET 2026
cd /out/sourcedata/freesurfer/sub-v2s9x29167_ses-1/mri
mris_place_surface --thickness ../surf/lh.white ../surf/lh.pial 20 5 ../surf/lh.thickness
   Update not needed
#-----------------------------------------
#@# Parcellation Stats lh Sat Mar 14 12:07:56 CET 2026
/out/sourcedata/freesurfer/sub-v2s9x29167_ses-1/scripts

 mris_anatomical_stats -th3 -mgz -noglobal -cortex ../label/lh.cortex.label -f ../stats/lh.aparc.stats -b -a ../label/lh.aparc.annot -c ../label/aparc.annot.ctab sub-v2s9x29167_ses-1 lh white 

computing statistics for each annotation in ../label/lh.aparc.annot.
reading volume /out/sourcedata/freesurfer/sub-v2s9x29167_ses-1/mri/wm.mgz...
reading input surface /out/sourcedata/freesurfer/sub-v2s9x29167_ses-1/surf/lh.white...
reading input pial surface /out/sourcedata/freesurfer/sub-v2s9x29167_ses-1/surf/lh.pial...
reading input white surface /out/sourcedata/freesurfer/sub-v2s9x29167_ses-1/surf/lh.white...
INFO: using TH3 volume calc
INFO: assuming MGZ format for volumes.
INFO: not computing global stats
INFO: using ../label/lh.cortex.label as mask to calc cortex NumVert, SurfArea and MeanThickness.
Using TH3 vertex volume calc
Total face volume 244940
Total vertex volume 244722 (mask=0)
Saving annotation colortable ../label/aparc.annot.ctab

table columns are:
    number of vertices
    total surface area (mm^2)
    total gray matter volume (mm^3)
    average cortical thickness +- standard deviation (mm)
    integrated rectified mean curvature
    integrated rectified Gaussian curvature
    folding index
    intrinsic curvature index
    structure name

 1260    832   1986  2.526 0.562     0.095     0.018        7     0.9  bankssts
  698    486   1543  2.407 1.052     0.128     0.021       10     0.7  caudalanteriorcingulate
 2343   1599   5505  3.115 0.520     0.103     0.019       17     1.8  caudalmiddlefrontal
 2232   1611   4237  2.437 0.779     0.138     0.038       25     3.7  cuneus
  525    338   1919  3.447 0.734     0.095     0.025        5     0.4  entorhinal
 3544   2555   9176  2.989 0.689     0.115     0.022       38     3.4  fusiform
 4804   3446  12569  3.040 0.629     0.117     0.024       52     4.8  inferiorparietal
 2991   2253   8496  3.213 0.716     0.115     0.024       30     3.3  inferiortemporal
 1278    852   2598  2.553 0.929     0.110     0.021       13     1.1  isthmuscingulate
 7036   5323  14325  2.436 0.654     0.141     0.030       94     9.4  lateraloccipital
 3057   2185   7689  3.200 0.799     0.118     0.027       29     3.5  lateralorbitofrontal
 4054   3131   8251  2.343 0.713     0.150     0.040       71     7.6  lingual
 2235   1638   5483  2.955 0.675     0.123     0.033       32     2.6  medialorbitofrontal
 3527   2612  11450  3.419 0.747     0.115     0.024       40     3.5  middletemporal
  943    617   1998  2.559 0.811     0.088     0.022        7     0.8  parahippocampal
 2103   1420   4716  3.029 0.669     0.094     0.018       15     1.5  paracentral
 2136   1533   5540  3.092 0.641     0.108     0.019       20     1.6  parsopercularis
  779    586   2776  3.417 0.606     0.138     0.034       13     1.1  parsorbitalis
 1811   1290   4838  3.214 0.732     0.119     0.023       20     1.6  parstriangularis
 1630   1180   1948  2.003 0.641     0.138     0.036       17     2.3  pericalcarine
 5260   3673   9889  2.319 0.760     0.105     0.018       49     3.8  postcentral
 1682   1119   3116  2.497 0.931     0.104     0.016       17     1.2  posteriorcingulate
 6222   4303  13907  2.867 0.629     0.101     0.019       51     4.7  precentral
 5006   3563  11961  2.942 0.626     0.116     0.022       51     4.8  precuneus
  855    649   2435  2.806 0.883     0.137     0.033       13     1.3  rostralanteriorcingulate
 5688   4234  14421  2.976 0.620     0.127     0.028       78     6.5  rostralmiddlefrontal
 8305   5973  21680  3.181 0.718     0.116     0.024       79     8.2  superiorfrontal
 7415   5246  15799  2.620 0.602     0.117     0.022       74     7.1  superiorparietal
 5503   3748  13331  3.039 0.741     0.104     0.020       44     4.6  superiortemporal
 4251   3073  10477  2.980 0.621     0.120     0.025       50     4.1  supramarginal
  298    254   1067  3.322 0.805     0.156     0.034        5     0.4  frontalpole
  568    445   2328  3.362 0.810     0.142     0.048       11     0.7  temporalpole
  638    446   1161  2.523 0.699     0.133     0.025        8     0.6  transversetemporal
 2976   2002   6110  3.131 0.770     0.103     0.023       27     2.5  insula

 mris_anatomical_stats -th3 -mgz -noglobal -cortex ../label/lh.cortex.label -f ../stats/lh.aparc.pial.stats -b -a ../label/lh.aparc.annot -c ../label/aparc.annot.ctab sub-v2s9x29167_ses-1 lh pial 

computing statistics for each annotation in ../label/lh.aparc.annot.
reading volume /out/sourcedata/freesurfer/sub-v2s9x29167_ses-1/mri/wm.mgz...
reading input surface /out/sourcedata/freesurfer/sub-v2s9x29167_ses-1/surf/lh.pial...
reading input pial surface /out/sourcedata/freesurfer/sub-v2s9x29167_ses-1/surf/lh.pial...
reading input white surface /out/sourcedata/freesurfer/sub-v2s9x29167_ses-1/surf/lh.white...
INFO: using TH3 volume calc
INFO: assuming MGZ format for volumes.
INFO: not computing global stats
INFO: using ../label/lh.cortex.label as mask to calc cortex NumVert, SurfArea and MeanThickness.
Using TH3 vertex volume calc
Total face volume 244940
Total vertex volume 244722 (mask=0)
Saving annotation colortable ../label/aparc.annot.ctab

table columns are:
    number of vertices
    total surface area (mm^2)
    total gray matter volume (mm^3)
    average cortical thickness +- standard deviation (mm)
    integrated rectified mean curvature
    integrated rectified Gaussian curvature
    folding index
    intrinsic curvature index
    structure name

 1260    832   1986  2.526 0.562     0.149     0.050       57     2.4  bankssts
  698    701   1543  2.407 1.052     0.191     0.049       19     1.6  caudalanteriorcingulate
 2343   1860   5505  3.115 0.520     0.133     0.034       49     3.6  caudalmiddlefrontal
 2232   2092   4237  2.437 0.779     0.179     0.048       60     4.2  cuneus
  525    792   1919  3.447 0.734     0.313     0.078       39     2.4  entorhinal
 3544   3506   9176  2.989 0.689     0.171     0.046      114     6.5  fusiform
 4804   4750  12569  3.040 0.629     0.171     0.045      231     8.4  inferiorparietal
 2991   3029   8496  3.213 0.716     0.178     0.044       69     6.2  inferiortemporal
 1278   1226   2598  2.553 0.929     0.209     0.066       56     3.1  isthmuscingulate
 7036   6719  14325  2.436 0.654     0.168     0.043      195    12.0  lateraloccipital
 3057   2770   7689  3.200 0.799     0.184     0.059      186     7.5  lateralorbitofrontal
 4054   4179   8251  2.343 0.713     0.205     0.055       93     9.8  lingual
 2235   2248   5483  2.955 0.675     0.201     0.054       76     5.6  medialorbitofrontal
 3527   3984  11450  3.419 0.747     0.189     0.045       77     7.7  middletemporal
  943   1037   1998  2.559 0.811     0.232     0.072       20     3.6  parahippocampal
 2103   1753   4716  3.029 0.669     0.122     0.027       20     2.3  paracentral
 2136   2083   5540  3.092 0.641     0.174     0.040       37     3.8  parsopercularis
  779   1017   2776  3.417 0.606     0.204     0.045       16     1.4  parsorbitalis
 1811   1682   4838  3.214 0.732     0.181     0.045       44     3.7  parstriangularis
 1630    872   1948  2.003 0.641     0.143     0.054       53     2.9  pericalcarine
 5260   4787   9889  2.319 0.760     0.149     0.032       75     7.4  postcentral
 1682   1403   3116  2.497 0.931     0.155     0.040       51     2.8  posteriorcingulate
 6222   5231  13907  2.867 0.629     0.144     0.033     8681     7.9  precentral
 5006   4524  11961  2.942 0.626     0.167     0.042      111     8.9  precuneus
  855   1006   2435  2.806 0.883     0.226     0.077       26     2.5  rostralanteriorcingulate
 5688   5416  14421  2.976 0.620     0.196     0.077    25053    10.0  rostralmiddlefrontal
 8305   7553  21680  3.181 0.718     0.175     0.060     7147    18.1  superiorfrontal
 7415   6553  15799  2.620 0.602     0.152     0.034      118    11.3  superiorparietal
 5503   5021  13331  3.039 0.741     0.173     0.049     1275    11.5  superiortemporal
 4251   4013  10477  2.980 0.621     0.175     0.044      149     8.0  supramarginal
  298    411   1067  3.322 0.805     0.213     0.050        5     0.6  frontalpole
  568    963   2328  3.362 0.810     0.286     0.057       41     1.7  temporalpole
  638    548   1161  2.523 0.699     0.183     0.055       42     1.4  transversetemporal
 2976   2060   6110  3.131 0.770     0.174     0.062      135     7.5  insula
#-----------------------------------------
#@# Parcellation Stats 2 lh Sat Mar 14 12:08:05 CET 2026
/out/sourcedata/freesurfer/sub-v2s9x29167_ses-1/scripts

 mris_anatomical_stats -th3 -mgz -noglobal -cortex ../label/lh.cortex.label -f ../stats/lh.aparc.a2009s.stats -b -a ../label/lh.aparc.a2009s.annot -c ../label/aparc.annot.a2009s.ctab sub-v2s9x29167_ses-1 lh white 

computing statistics for each annotation in ../label/lh.aparc.a2009s.annot.
reading volume /out/sourcedata/freesurfer/sub-v2s9x29167_ses-1/mri/wm.mgz...
reading input surface /out/sourcedata/freesurfer/sub-v2s9x29167_ses-1/surf/lh.white...
reading input pial surface /out/sourcedata/freesurfer/sub-v2s9x29167_ses-1/surf/lh.pial...
reading input white surface /out/sourcedata/freesurfer/sub-v2s9x29167_ses-1/surf/lh.white...
INFO: using TH3 volume calc
INFO: assuming MGZ format for volumes.
INFO: not computing global stats
INFO: using ../label/lh.cortex.label as mask to calc cortex NumVert, SurfArea and MeanThickness.
Using TH3 vertex volume calc
Total face volume 244940
Total vertex volume 244722 (mask=0)
Saving annotation colortable ../label/aparc.annot.a2009s.ctab

table columns are:
    number of vertices
    total surface area (mm^2)
    total gray matter volume (mm^3)
    average cortical thickness +- standard deviation (mm)
    integrated rectified mean curvature
    integrated rectified Gaussian curvature
    folding index
    intrinsic curvature index
    structure name

  941    672   2190  2.943 0.742     0.120     0.024       11     1.0  G_and_S_frontomargin
 1306   1007   3237  2.574 0.663     0.135     0.025       16     1.4  G_and_S_occipital_inf
 1606   1178   3992  2.803 0.698     0.127     0.025       20     1.7  G_and_S_paracentral
 1246    909   3499  3.105 0.604     0.128     0.025       16     1.2  G_and_S_subcentral
  539    420   1742  3.123 0.681     0.144     0.037        8     0.8  G_and_S_transv_frontopol
 1628   1188   4162  2.919 0.761     0.116     0.023       15     1.6  G_and_S_cingul-Ant
 1011    703   2112  2.918 0.562     0.116     0.020       11     0.9  G_and_S_cingul-Mid-Ant
 1356    947   2615  2.569 0.665     0.102     0.017       12     1.0  G_and_S_cingul-Mid-Post
  517    349   1828  3.417 0.776     0.127     0.023        7     0.5  G_cingul-Post-dorsal
  238    165    508  2.514 0.768     0.131     0.032        3     0.3  G_cingul-Post-ventral
 2033   1527   4093  2.237 0.668     0.157     0.044       29     4.0  G_cuneus
 1087    820   3267  3.046 0.727     0.122     0.026       14     1.0  G_front_inf-Opercular
  432    329   1642  3.299 0.771     0.147     0.035        8     0.6  G_front_inf-Orbital
  971    764   3763  3.513 0.648     0.144     0.031       15     1.2  G_front_inf-Triangul
 2686   2097   8838  3.177 0.660     0.140     0.032       50     3.5  G_front_middle
 5580   4150  17480  3.406 0.704     0.126     0.029       66     6.2  G_front_sup
  606    424   1182  2.615 0.816     0.121     0.032        8     0.7  G_Ins_lg_and_S_cent_ins
  681    488   2194  3.339 0.902     0.115     0.030       12     0.7  G_insular_short
 1801   1394   5513  2.882 0.671     0.140     0.029       29     2.1  G_occipital_middle
 1391   1037   3300  2.508 0.646     0.141     0.027       18     1.5  G_occipital_sup
 1368   1043   4506  3.138 0.625     0.129     0.027       21     1.6  G_oc-temp_lat-fusifor
 2564   2060   5632  2.195 0.748     0.163     0.047       56     5.3  G_oc-temp_med-Lingual
 1129    727   3191  2.974 0.902     0.093     0.029       10     1.1  G_oc-temp_med-Parahip
 1738   1340   6036  3.333 0.761     0.132     0.034       23     2.1  G_orbital
 1654   1266   5750  3.218 0.622     0.135     0.031       25     1.9  G_pariet_inf-Angular
 1951   1496   6160  3.002 0.715     0.141     0.033       35     2.4  G_pariet_inf-Supramar
 2370   1828   6914  2.862 0.610     0.136     0.028       33     3.0  G_parietal_sup
 1990   1436   4498  2.455 0.744     0.121     0.023       26     1.8  G_postcentral
 2007   1499   6355  3.068 0.559     0.119     0.027       25     2.1  G_precentral
 2276   1758   7675  3.153 0.639     0.146     0.033       39     3.1  G_precuneus
  769    629   2481  2.903 0.677     0.155     0.044       15     1.4  G_rectus
  361    234    717  2.648 1.054     0.119     0.063        5     0.7  G_subcallosal
  429    301    925  2.364 0.678     0.129     0.033        6     0.5  G_temp_sup-G_T_transv
 1856   1331   6403  3.302 0.742     0.142     0.032       27     2.3  G_temp_sup-Lateral
  519    367   1467  3.225 0.762     0.082     0.017        2     0.3  G_temp_sup-Plan_polar
  915    608   2145  3.154 0.642     0.082     0.013        4     0.5  G_temp_sup-Plan_tempo
 1576   1250   5129  3.137 0.708     0.130     0.030       23     2.4  G_temporal_inf
 1906   1509   7690  3.586 0.699     0.140     0.033       32     2.6  G_temporal_middle
  327    217    513  2.711 0.703     0.077     0.014        1     0.1  Lat_Fis-ant-Horizont
  263    181    529  2.956 0.606     0.102     0.012        2     0.1  Lat_Fis-ant-Vertical
  972    641   1461  3.209 0.614     0.107     0.018        6     0.9  Lat_Fis-post
 1991   1650   3970  2.170 0.655     0.172     0.043       37     3.9  Pole_occipital
 1053    893   4861  3.571 0.774     0.159     0.042       20     1.7  Pole_temporal
 2234   1623   3049  2.271 0.709     0.137     0.036       26     3.8  S_calcarine
 3002   1951   3502  2.077 0.581     0.083     0.014       12     1.7  S_central
 1227    775   1890  2.913 0.448     0.068     0.007        3     0.4  S_cingul-Marginalis
  555    351    858  2.955 0.780     0.092     0.018        2     0.4  S_circular_insula_ant
 1392    882   2010  2.854 0.816     0.070     0.010        4     0.6  S_circular_insula_inf
 1723   1111   2725  3.107 0.519     0.097     0.016        8     1.2  S_circular_insula_sup
  626    430   1184  3.004 0.705     0.111     0.016        4     0.4  S_collat_transv_ant
  516    353    628  2.459 0.829     0.139     0.036        5     0.8  S_collat_transv_post
 1881   1290   3749  3.010 0.470     0.100     0.016       14     1.5  S_front_inf
 1067    763   1985  2.737 0.528     0.117     0.024        9     1.1  S_front_middle
 2296   1562   4257  2.947 0.454     0.099     0.019       14     1.8  S_front_sup
  127    101    271  2.702 0.555     0.129     0.015        1     0.1  S_interm_prim-Jensen
 3223   2095   4678  2.497 0.505     0.092     0.014       17     2.0  S_intrapariet_and_P_trans
 1107    758   1565  2.399 0.456     0.110     0.024        7     1.2  S_oc_middle_and_Lunatus
 1184    793   1771  2.545 0.472     0.105     0.017        9     0.9  S_oc_sup_and_transversal
 1017    646   1479  2.851 0.661     0.094     0.016        5     0.7  S_occipital_ant
  796    531   1675  2.814 0.748     0.077     0.016        4     0.4  S_oc-temp_lat
 1950   1312   3349  2.621 0.573     0.099     0.014       12     1.2  S_oc-temp_med_and_Lingual
  241    180    574  3.167 0.484     0.115     0.027        2     0.3  S_orbital_lateral
  467    319    711  2.691 0.612     0.104     0.021        3     0.4  S_orbital_med-olfact
 1077    751   2509  3.429 0.731     0.111     0.023        8     1.2  S_orbital-H_Shaped
 1865   1247   3355  2.952 0.650     0.096     0.016        9     1.3  S_parieto_occipital
 1223    732    973  1.594 0.572     0.099     0.014       16     0.7  S_pericallosal
 2596   1727   4211  2.557 0.557     0.088     0.014       14     1.4  S_postcentral
 1393    904   2403  2.930 0.446     0.079     0.009        6     0.5  S_precentral-inf-part
 1050    700   1993  3.091 0.596     0.088     0.013        5     0.6  S_precentral-sup-part
  700    491   1318  3.062 0.636     0.125     0.022       10     0.7  S_suborbital
 1034    686   1593  2.682 0.521     0.099     0.016        5     0.7  S_subparietal
  936    636   2018  3.537 0.793     0.096     0.016        4     0.6  S_temporal_inf
 5122   3413   9685  2.874 0.629     0.094     0.017       32     3.6  S_temporal_sup
  386    272    586  2.666 0.463     0.112     0.012        3     0.2  S_temporal_transverse
#-----------------------------------------
#@# Parcellation Stats 3 lh Sat Mar 14 12:08:10 CET 2026
/out/sourcedata/freesurfer/sub-v2s9x29167_ses-1/scripts

 mris_anatomical_stats -th3 -mgz -noglobal -cortex ../label/lh.cortex.label -f ../stats/lh.aparc.DKTatlas.stats -b -a ../label/lh.aparc.DKTatlas.annot -c ../label/aparc.annot.DKTatlas.ctab sub-v2s9x29167_ses-1 lh white 

computing statistics for each annotation in ../label/lh.aparc.DKTatlas.annot.
reading volume /out/sourcedata/freesurfer/sub-v2s9x29167_ses-1/mri/wm.mgz...
reading input surface /out/sourcedata/freesurfer/sub-v2s9x29167_ses-1/surf/lh.white...
reading input pial surface /out/sourcedata/freesurfer/sub-v2s9x29167_ses-1/surf/lh.pial...
reading input white surface /out/sourcedata/freesurfer/sub-v2s9x29167_ses-1/surf/lh.white...
INFO: using TH3 volume calc
INFO: assuming MGZ format for volumes.
INFO: not computing global stats
INFO: using ../label/lh.cortex.label as mask to calc cortex NumVert, SurfArea and MeanThickness.
Using TH3 vertex volume calc
Total face volume 244940
Total vertex volume 244722 (mask=0)
Saving annotation colortable ../label/aparc.annot.DKTatlas.ctab

table columns are:
    number of vertices
    total surface area (mm^2)
    total gray matter volume (mm^3)
    average cortical thickness +- standard deviation (mm)
    integrated rectified mean curvature
    integrated rectified Gaussian curvature
    folding index
    intrinsic curvature index
    structure name

 1103    767   2432  2.594 0.951     0.124     0.022       15     1.0  caudalanteriorcingulate
 2495   1705   5885  3.112 0.515     0.106     0.019       20     2.0  caudalmiddlefrontal
 2918   2098   5763  2.502 0.775     0.132     0.034       31     4.3  cuneus
  485    310   1733  3.430 0.744     0.095     0.030        5     0.4  entorhinal
 3250   2326   8089  2.947 0.671     0.113     0.021       33     2.8  fusiform
 4762   3437  12584  3.027 0.610     0.119     0.025       53     4.9  inferiorparietal
 3069   2352   9141  3.176 0.711     0.122     0.026       36     3.8  inferiortemporal
 1260    841   2588  2.584 0.923     0.112     0.021       13     1.1  isthmuscingulate
 7079   5348  14361  2.424 0.642     0.141     0.030       96     9.3  lateraloccipital
 3134   2283   8408  3.291 0.755     0.126     0.029       35     3.9  lateralorbitofrontal
 4133   3198   8353  2.324 0.712     0.151     0.041       74     7.9  lingual
 1807   1358   4656  2.931 0.714     0.125     0.033       26     2.2  medialorbitofrontal
 4762   3436  13883  3.351 0.755     0.111     0.023       47     4.5  middletemporal
  985    646   2113  2.591 0.807     0.086     0.022        6     0.9  parahippocampal
 2460   1655   5406  3.014 0.658     0.095     0.018       16     1.8  paracentral
 2033   1449   5106  3.065 0.631     0.109     0.019       20     1.5  parsopercularis
  948    683   2718  3.014 0.818     0.121     0.027       12     1.0  parsorbitalis
 1979   1434   5522  3.261 0.692     0.116     0.022       20     1.7  parstriangularis
 1626   1174   1936  2.004 0.638     0.138     0.035       17     2.2  pericalcarine
 6032   4268  11636  2.373 0.761     0.109     0.020       60     4.8  postcentral
 1866   1237   3360  2.495 0.902     0.102     0.015       18     1.3  posteriorcingulate
 6204   4284  13835  2.872 0.622     0.102     0.019       51     4.7  precentral
 4947   3529  12094  2.942 0.620     0.119     0.023       52     4.7  precuneus
 1216    875   2954  2.856 0.834     0.130     0.033       16     1.6  rostralanteriorcingulate
 3926   2917  10017  3.026 0.582     0.126     0.029       55     4.5  rostralmiddlefrontal
 9109   6676  24655  3.161 0.727     0.120     0.026       96     9.6  superiorfrontal
 5971   4173  12483  2.622 0.581     0.111     0.020       55     5.3  superiorparietal
 6882   4731  16961  2.988 0.764     0.106     0.022       59     5.9  superiortemporal
 3906   2788   9347  2.991 0.637     0.118     0.025       43     3.6  supramarginal
  654    455   1170  2.532 0.708     0.132     0.025        8     0.6  transversetemporal
 2652   1782   5532  3.139 0.791     0.100     0.021       24     2.2  insula
/out/sourcedata/freesurfer/sub-v2s9x29167_ses-1/label
#--------------------------------------------
#@# BA_exvivo Labels lh Sat Mar 14 12:08:15 CET 2026

 mri_label2label --srcsubject fsaverage --srclabel /out/sourcedata/freesurfer/fsaverage/label/lh.BA1_exvivo.label --trgsubject sub-v2s9x29167_ses-1 --trglabel ./lh.BA1_exvivo.label --hemi lh --regmethod surface 


srclabel = /out/sourcedata/freesurfer/fsaverage/label/lh.BA1_exvivo.label
srcsubject = fsaverage
trgsubject = sub-v2s9x29167_ses-1
trglabel = ./lh.BA1_exvivo.label
regmethod = surface

srchemi = lh
trghemi = lh
trgsurface = white
srcsurfreg = sphere.reg
trgsurfreg = sphere.reg
usehash = 1
Use ProjAbs  = 0, 0
Use ProjFrac = 0, 0
DoPaint 0

SUBJECTS_DIR    /out/sourcedata/freesurfer
FREESURFER_HOME /opt/freesurfer
Loading source label.
Found 4129 points in source label.
Starting surface-based mapping
Reading source registration 
 /out/sourcedata/freesurfer/fsaverage/surf/lh.sphere.reg
Rescaling ...  original radius = 100
Reading target surface 
 /out/sourcedata/freesurfer/sub-v2s9x29167_ses-1/surf/lh.white
Reading target registration 
 /out/sourcedata/freesurfer/sub-v2s9x29167_ses-1/surf/lh.sphere.reg
Rescaling ...  original radius = 99.9999
Building target registration hash (res=16).
Building source registration hash (res=16).
INFO: found  4129 nlabel points
Performing mapping from target back to the source label 111545
Number of reverse mapping hits = 26
Checking for and removing duplicates
Writing label file ./lh.BA1_exvivo.label 4155
mri_label2label: Done


 mri_label2label --srcsubject fsaverage --srclabel /out/sourcedata/freesurfer/fsaverage/label/lh.BA2_exvivo.label --trgsubject sub-v2s9x29167_ses-1 --trglabel ./lh.BA2_exvivo.label --hemi lh --regmethod surface 


srclabel = /out/sourcedata/freesurfer/fsaverage/label/lh.BA2_exvivo.label
srcsubject = fsaverage
trgsubject = sub-v2s9x29167_ses-1
trglabel = ./lh.BA2_exvivo.label
regmethod = surface

srchemi = lh
trghemi = lh
trgsurface = white
srcsurfreg = sphere.reg
trgsurfreg = sphere.reg
usehash = 1
Use ProjAbs  = 0, 0
Use ProjFrac = 0, 0
DoPaint 0

SUBJECTS_DIR    /out/sourcedata/freesurfer
FREESURFER_HOME /opt/freesurfer
Loading source label.
Found 7909 points in source label.
Starting surface-based mapping
Reading source registration 
 /out/sourcedata/freesurfer/fsaverage/surf/lh.sphere.reg
Rescaling ...  original radius = 100
Reading target surface 
 /out/sourcedata/freesurfer/sub-v2s9x29167_ses-1/surf/lh.white
Reading target registration 
 /out/sourcedata/freesurfer/sub-v2s9x29167_ses-1/surf/lh.sphere.reg
Rescaling ...  original radius = 99.9999
Building target registration hash (res=16).
Building source registration hash (res=16).
INFO: found  7909 nlabel points
Performing mapping from target back to the source label 111545
Number of reverse mapping hits = 85
Checking for and removing duplicates
Writing label file ./lh.BA2_exvivo.label 7994
mri_label2label: Done


 mri_label2label --srcsubject fsaverage --srclabel /out/sourcedata/freesurfer/fsaverage/label/lh.BA3a_exvivo.label --trgsubject sub-v2s9x29167_ses-1 --trglabel ./lh.BA3a_exvivo.label --hemi lh --regmethod surface 


srclabel = /out/sourcedata/freesurfer/fsaverage/label/lh.BA3a_exvivo.label
srcsubject = fsaverage
trgsubject = sub-v2s9x29167_ses-1
trglabel = ./lh.BA3a_exvivo.label
regmethod = surface

srchemi = lh
trghemi = lh
trgsurface = white
srcsurfreg = sphere.reg
trgsurfreg = sphere.reg
usehash = 1
Use ProjAbs  = 0, 0
Use ProjFrac = 0, 0
DoPaint 0

SUBJECTS_DIR    /out/sourcedata/freesurfer
FREESURFER_HOME /opt/freesurfer
Loading source label.
Found 4077 points in source label.
Starting surface-based mapping
Reading source registration 
 /out/sourcedata/freesurfer/fsaverage/surf/lh.sphere.reg
Rescaling ...  original radius = 100
Reading target surface 
 /out/sourcedata/freesurfer/sub-v2s9x29167_ses-1/surf/lh.white
Reading target registration 
 /out/sourcedata/freesurfer/sub-v2s9x29167_ses-1/surf/lh.sphere.reg
Rescaling ...  original radius = 99.9999
Building target registration hash (res=16).
Building source registration hash (res=16).
INFO: found  4077 nlabel points
Performing mapping from target back to the source label 111545
Number of reverse mapping hits = 28
Checking for and removing duplicates
Writing label file ./lh.BA3a_exvivo.label 4105
mri_label2label: Done


 mri_label2label --srcsubject fsaverage --srclabel /out/sourcedata/freesurfer/fsaverage/label/lh.BA3b_exvivo.label --trgsubject sub-v2s9x29167_ses-1 --trglabel ./lh.BA3b_exvivo.label --hemi lh --regmethod surface 


srclabel = /out/sourcedata/freesurfer/fsaverage/label/lh.BA3b_exvivo.label
srcsubject = fsaverage
trgsubject = sub-v2s9x29167_ses-1
trglabel = ./lh.BA3b_exvivo.label
regmethod = surface

srchemi = lh
trghemi = lh
trgsurface = white
srcsurfreg = sphere.reg
trgsurfreg = sphere.reg
usehash = 1
Use ProjAbs  = 0, 0
Use ProjFrac = 0, 0
DoPaint 0

SUBJECTS_DIR    /out/sourcedata/freesurfer
FREESURFER_HOME /opt/freesurfer
Loading source label.
Found 5983 points in source label.
Starting surface-based mapping
Reading source registration 
 /out/sourcedata/freesurfer/fsaverage/surf/lh.sphere.reg
Rescaling ...  original radius = 100
Reading target surface 
 /out/sourcedata/freesurfer/sub-v2s9x29167_ses-1/surf/lh.white
Reading target registration 
 /out/sourcedata/freesurfer/sub-v2s9x29167_ses-1/surf/lh.sphere.reg
Rescaling ...  original radius = 99.9999
Building target registration hash (res=16).
Building source registration hash (res=16).
INFO: found  5983 nlabel points
Performing mapping from target back to the source label 111545
Number of reverse mapping hits = 40
Checking for and removing duplicates
Writing label file ./lh.BA3b_exvivo.label 6023
mri_label2label: Done


 mri_label2label --srcsubject fsaverage --srclabel /out/sourcedata/freesurfer/fsaverage/label/lh.BA4a_exvivo.label --trgsubject sub-v2s9x29167_ses-1 --trglabel ./lh.BA4a_exvivo.label --hemi lh --regmethod surface 


srclabel = /out/sourcedata/freesurfer/fsaverage/label/lh.BA4a_exvivo.label
srcsubject = fsaverage
trgsubject = sub-v2s9x29167_ses-1
trglabel = ./lh.BA4a_exvivo.label
regmethod = surface

srchemi = lh
trghemi = lh
trgsurface = white
srcsurfreg = sphere.reg
trgsurfreg = sphere.reg
usehash = 1
Use ProjAbs  = 0, 0
Use ProjFrac = 0, 0
DoPaint 0

SUBJECTS_DIR    /out/sourcedata/freesurfer
FREESURFER_HOME /opt/freesurfer
Loading source label.
Found 5784 points in source label.
Starting surface-based mapping
Reading source registration 
 /out/sourcedata/freesurfer/fsaverage/surf/lh.sphere.reg
Rescaling ...  original radius = 100
Reading target surface 
 /out/sourcedata/freesurfer/sub-v2s9x29167_ses-1/surf/lh.white
Reading target registration 
 /out/sourcedata/freesurfer/sub-v2s9x29167_ses-1/surf/lh.sphere.reg
Rescaling ...  original radius = 99.9999
Building target registration hash (res=16).
Building source registration hash (res=16).
INFO: found  5784 nlabel points
Performing mapping from target back to the source label 111545
Number of reverse mapping hits = 40
Checking for and removing duplicates
Writing label file ./lh.BA4a_exvivo.label 5824
mri_label2label: Done


 mri_label2label --srcsubject fsaverage --srclabel /out/sourcedata/freesurfer/fsaverage/label/lh.BA4p_exvivo.label --trgsubject sub-v2s9x29167_ses-1 --trglabel ./lh.BA4p_exvivo.label --hemi lh --regmethod surface 


srclabel = /out/sourcedata/freesurfer/fsaverage/label/lh.BA4p_exvivo.label
srcsubject = fsaverage
trgsubject = sub-v2s9x29167_ses-1
trglabel = ./lh.BA4p_exvivo.label
regmethod = surface

srchemi = lh
trghemi = lh
trgsurface = white
srcsurfreg = sphere.reg
trgsurfreg = sphere.reg
usehash = 1
Use ProjAbs  = 0, 0
Use ProjFrac = 0, 0
DoPaint 0

SUBJECTS_DIR    /out/sourcedata/freesurfer
FREESURFER_HOME /opt/freesurfer
Loading source label.
Found 4070 points in source label.
Starting surface-based mapping
Reading source registration 
 /out/sourcedata/freesurfer/fsaverage/surf/lh.sphere.reg
Rescaling ...  original radius = 100
Reading target surface 
 /out/sourcedata/freesurfer/sub-v2s9x29167_ses-1/surf/lh.white
Reading target registration 
 /out/sourcedata/freesurfer/sub-v2s9x29167_ses-1/surf/lh.sphere.reg
Rescaling ...  original radius = 99.9999
Building target registration hash (res=16).
Building source registration hash (res=16).
INFO: found  4070 nlabel points
Performing mapping from target back to the source label 111545
Number of reverse mapping hits = 26
Checking for and removing duplicates
Writing label file ./lh.BA4p_exvivo.label 4096
mri_label2label: Done


 mri_label2label --srcsubject fsaverage --srclabel /out/sourcedata/freesurfer/fsaverage/label/lh.BA6_exvivo.label --trgsubject sub-v2s9x29167_ses-1 --trglabel ./lh.BA6_exvivo.label --hemi lh --regmethod surface 


srclabel = /out/sourcedata/freesurfer/fsaverage/label/lh.BA6_exvivo.label
srcsubject = fsaverage
trgsubject = sub-v2s9x29167_ses-1
trglabel = ./lh.BA6_exvivo.label
regmethod = surface

srchemi = lh
trghemi = lh
trgsurface = white
srcsurfreg = sphere.reg
trgsurfreg = sphere.reg
usehash = 1
Use ProjAbs  = 0, 0
Use ProjFrac = 0, 0
DoPaint 0

SUBJECTS_DIR    /out/sourcedata/freesurfer
FREESURFER_HOME /opt/freesurfer
Loading source label.
Found 13589 points in source label.
Starting surface-based mapping
Reading source registration 
 /out/sourcedata/freesurfer/fsaverage/surf/lh.sphere.reg
Rescaling ...  original radius = 100
Reading target surface 
 /out/sourcedata/freesurfer/sub-v2s9x29167_ses-1/surf/lh.white
Reading target registration 
 /out/sourcedata/freesurfer/sub-v2s9x29167_ses-1/surf/lh.sphere.reg
Rescaling ...  original radius = 99.9999
Building target registration hash (res=16).
Building source registration hash (res=16).
INFO: found  13589 nlabel points
Performing mapping from target back to the source label 111545
Number of reverse mapping hits = 108
Checking for and removing duplicates
Writing label file ./lh.BA6_exvivo.label 13697
mri_label2label: Done


 mri_label2label --srcsubject fsaverage --srclabel /out/sourcedata/freesurfer/fsaverage/label/lh.BA44_exvivo.label --trgsubject sub-v2s9x29167_ses-1 --trglabel ./lh.BA44_exvivo.label --hemi lh --regmethod surface 


srclabel = /out/sourcedata/freesurfer/fsaverage/label/lh.BA44_exvivo.label
srcsubject = fsaverage
trgsubject = sub-v2s9x29167_ses-1
trglabel = ./lh.BA44_exvivo.label
regmethod = surface

srchemi = lh
trghemi = lh
trgsurface = white
srcsurfreg = sphere.reg
trgsurfreg = sphere.reg
usehash = 1
Use ProjAbs  = 0, 0
Use ProjFrac = 0, 0
DoPaint 0

SUBJECTS_DIR    /out/sourcedata/freesurfer
FREESURFER_HOME /opt/freesurfer
Loading source label.
Found 4181 points in source label.
Starting surface-based mapping
Reading source registration 
 /out/sourcedata/freesurfer/fsaverage/surf/lh.sphere.reg
Rescaling ...  original radius = 100
Reading target surface 
 /out/sourcedata/freesurfer/sub-v2s9x29167_ses-1/surf/lh.white
Reading target registration 
 /out/sourcedata/freesurfer/sub-v2s9x29167_ses-1/surf/lh.sphere.reg
Rescaling ...  original radius = 99.9999
Building target registration hash (res=16).
Building source registration hash (res=16).
INFO: found  4181 nlabel points
Performing mapping from target back to the source label 111545
Number of reverse mapping hits = 80
Checking for and removing duplicates
Writing label file ./lh.BA44_exvivo.label 4261
mri_label2label: Done


 mri_label2label --srcsubject fsaverage --srclabel /out/sourcedata/freesurfer/fsaverage/label/lh.BA45_exvivo.label --trgsubject sub-v2s9x29167_ses-1 --trglabel ./lh.BA45_exvivo.label --hemi lh --regmethod surface 


srclabel = /out/sourcedata/freesurfer/fsaverage/label/lh.BA45_exvivo.label
srcsubject = fsaverage
trgsubject = sub-v2s9x29167_ses-1
trglabel = ./lh.BA45_exvivo.label
regmethod = surface

srchemi = lh
trghemi = lh
trgsurface = white
srcsurfreg = sphere.reg
trgsurfreg = sphere.reg
usehash = 1
Use ProjAbs  = 0, 0
Use ProjFrac = 0, 0
DoPaint 0

SUBJECTS_DIR    /out/sourcedata/freesurfer
FREESURFER_HOME /opt/freesurfer
Loading source label.
Found 3422 points in source label.
Starting surface-based mapping
Reading source registration 
 /out/sourcedata/freesurfer/fsaverage/surf/lh.sphere.reg
Rescaling ...  original radius = 100
Reading target surface 
 /out/sourcedata/freesurfer/sub-v2s9x29167_ses-1/surf/lh.white
Reading target registration 
 /out/sourcedata/freesurfer/sub-v2s9x29167_ses-1/surf/lh.sphere.reg
Rescaling ...  original radius = 99.9999
Building target registration hash (res=16).
Building source registration hash (res=16).
INFO: found  3422 nlabel points
Performing mapping from target back to the source label 111545
Number of reverse mapping hits = 192
Checking for and removing duplicates
Writing label file ./lh.BA45_exvivo.label 3614
mri_label2label: Done


 mri_label2label --srcsubject fsaverage --srclabel /out/sourcedata/freesurfer/fsaverage/label/lh.V1_exvivo.label --trgsubject sub-v2s9x29167_ses-1 --trglabel ./lh.V1_exvivo.label --hemi lh --regmethod surface 


srclabel = /out/sourcedata/freesurfer/fsaverage/label/lh.V1_exvivo.label
srcsubject = fsaverage
trgsubject = sub-v2s9x29167_ses-1
trglabel = ./lh.V1_exvivo.label
regmethod = surface

srchemi = lh
trghemi = lh
trgsurface = white
srcsurfreg = sphere.reg
trgsurfreg = sphere.reg
usehash = 1
Use ProjAbs  = 0, 0
Use ProjFrac = 0, 0
DoPaint 0

SUBJECTS_DIR    /out/sourcedata/freesurfer
FREESURFER_HOME /opt/freesurfer
Loading source label.
Found 4641 points in source label.
Starting surface-based mapping
Reading source registration 
 /out/sourcedata/freesurfer/fsaverage/surf/lh.sphere.reg
Rescaling ...  original radius = 100
Reading target surface 
 /out/sourcedata/freesurfer/sub-v2s9x29167_ses-1/surf/lh.white
Reading target registration 
 /out/sourcedata/freesurfer/sub-v2s9x29167_ses-1/surf/lh.sphere.reg
Rescaling ...  original radius = 99.9999
Building target registration hash (res=16).
Building source registration hash (res=16).
INFO: found  4641 nlabel points
Performing mapping from target back to the source label 111545
Number of reverse mapping hits = 724
Checking for and removing duplicates
Writing label file ./lh.V1_exvivo.label 5365
mri_label2label: Done


 mri_label2label --srcsubject fsaverage --srclabel /out/sourcedata/freesurfer/fsaverage/label/lh.V2_exvivo.label --trgsubject sub-v2s9x29167_ses-1 --trglabel ./lh.V2_exvivo.label --hemi lh --regmethod surface 


srclabel = /out/sourcedata/freesurfer/fsaverage/label/lh.V2_exvivo.label
srcsubject = fsaverage
trgsubject = sub-v2s9x29167_ses-1
trglabel = ./lh.V2_exvivo.label
regmethod = surface

srchemi = lh
trghemi = lh
trgsurface = white
srcsurfreg = sphere.reg
trgsurfreg = sphere.reg
usehash = 1
Use ProjAbs  = 0, 0
Use ProjFrac = 0, 0
DoPaint 0

SUBJECTS_DIR    /out/sourcedata/freesurfer
FREESURFER_HOME /opt/freesurfer
Loading source label.
Found 8114 points in source label.
Starting surface-based mapping
Reading source registration 
 /out/sourcedata/freesurfer/fsaverage/surf/lh.sphere.reg
Rescaling ...  original radius = 100
Reading target surface 
 /out/sourcedata/freesurfer/sub-v2s9x29167_ses-1/surf/lh.white
Reading target registration 
 /out/sourcedata/freesurfer/sub-v2s9x29167_ses-1/surf/lh.sphere.reg
Rescaling ...  original radius = 99.9999
Building target registration hash (res=16).
Building source registration hash (res=16).
INFO: found  8114 nlabel points
Performing mapping from target back to the source label 111545
Number of reverse mapping hits = 2042
Checking for and removing duplicates
Writing label file ./lh.V2_exvivo.label 10156
mri_label2label: Done


 mri_label2label --srcsubject fsaverage --srclabel /out/sourcedata/freesurfer/fsaverage/label/lh.MT_exvivo.label --trgsubject sub-v2s9x29167_ses-1 --trglabel ./lh.MT_exvivo.label --hemi lh --regmethod surface 


srclabel = /out/sourcedata/freesurfer/fsaverage/label/lh.MT_exvivo.label
srcsubject = fsaverage
trgsubject = sub-v2s9x29167_ses-1
trglabel = ./lh.MT_exvivo.label
regmethod = surface

srchemi = lh
trghemi = lh
trgsurface = white
srcsurfreg = sphere.reg
trgsurfreg = sphere.reg
usehash = 1
Use ProjAbs  = 0, 0
Use ProjFrac = 0, 0
DoPaint 0

SUBJECTS_DIR    /out/sourcedata/freesurfer
FREESURFER_HOME /opt/freesurfer
Loading source label.
Found 2018 points in source label.
Starting surface-based mapping
Reading source registration 
 /out/sourcedata/freesurfer/fsaverage/surf/lh.sphere.reg
Rescaling ...  original radius = 100
Reading target surface 
 /out/sourcedata/freesurfer/sub-v2s9x29167_ses-1/surf/lh.white
Reading target registration 
 /out/sourcedata/freesurfer/sub-v2s9x29167_ses-1/surf/lh.sphere.reg
Rescaling ...  original radius = 99.9999
Building target registration hash (res=16).
Building source registration hash (res=16).
INFO: found  2018 nlabel points
Performing mapping from target back to the source label 111545
Number of reverse mapping hits = 168
Checking for and removing duplicates
Writing label file ./lh.MT_exvivo.label 2186
mri_label2label: Done


 mri_label2label --srcsubject fsaverage --srclabel /out/sourcedata/freesurfer/fsaverage/label/lh.entorhinal_exvivo.label --trgsubject sub-v2s9x29167_ses-1 --trglabel ./lh.entorhinal_exvivo.label --hemi lh --regmethod surface 


srclabel = /out/sourcedata/freesurfer/fsaverage/label/lh.entorhinal_exvivo.label
srcsubject = fsaverage
trgsubject = sub-v2s9x29167_ses-1
trglabel = ./lh.entorhinal_exvivo.label
regmethod = surface

srchemi = lh
trghemi = lh
trgsurface = white
srcsurfreg = sphere.reg
trgsurfreg = sphere.reg
usehash = 1
Use ProjAbs  = 0, 0
Use ProjFrac = 0, 0
DoPaint 0

SUBJECTS_DIR    /out/sourcedata/freesurfer
FREESURFER_HOME /opt/freesurfer
Loading source label.
Found 1290 points in source label.
Starting surface-based mapping
Reading source registration 
 /out/sourcedata/freesurfer/fsaverage/surf/lh.sphere.reg
Rescaling ...  original radius = 100
Reading target surface 
 /out/sourcedata/freesurfer/sub-v2s9x29167_ses-1/surf/lh.white
Reading target registration 
 /out/sourcedata/freesurfer/sub-v2s9x29167_ses-1/surf/lh.sphere.reg
Rescaling ...  original radius = 99.9999
Building target registration hash (res=16).
Building source registration hash (res=16).
INFO: found  1290 nlabel points
Performing mapping from target back to the source label 111545
Number of reverse mapping hits = 28
Checking for and removing duplicates
Writing label file ./lh.entorhinal_exvivo.label 1318
mri_label2label: Done


 mri_label2label --srcsubject fsaverage --srclabel /out/sourcedata/freesurfer/fsaverage/label/lh.perirhinal_exvivo.label --trgsubject sub-v2s9x29167_ses-1 --trglabel ./lh.perirhinal_exvivo.label --hemi lh --regmethod surface 


srclabel = /out/sourcedata/freesurfer/fsaverage/label/lh.perirhinal_exvivo.label
srcsubject = fsaverage
trgsubject = sub-v2s9x29167_ses-1
trglabel = ./lh.perirhinal_exvivo.label
regmethod = surface

srchemi = lh
trghemi = lh
trgsurface = white
srcsurfreg = sphere.reg
trgsurfreg = sphere.reg
usehash = 1
Use ProjAbs  = 0, 0
Use ProjFrac = 0, 0
DoPaint 0

SUBJECTS_DIR    /out/sourcedata/freesurfer
FREESURFER_HOME /opt/freesurfer
Loading source label.
Found 1199 points in source label.
Starting surface-based mapping
Reading source registration 
 /out/sourcedata/freesurfer/fsaverage/surf/lh.sphere.reg
Rescaling ...  original radius = 100
Reading target surface 
 /out/sourcedata/freesurfer/sub-v2s9x29167_ses-1/surf/lh.white
Reading target registration 
 /out/sourcedata/freesurfer/sub-v2s9x29167_ses-1/surf/lh.sphere.reg
Rescaling ...  original radius = 99.9999
Building target registration hash (res=16).
Building source registration hash (res=16).
INFO: found  1199 nlabel points
Performing mapping from target back to the source label 111545
Number of reverse mapping hits = 8
Checking for and removing duplicates
Writing label file ./lh.perirhinal_exvivo.label 1207
mri_label2label: Done


 mri_label2label --srcsubject fsaverage --srclabel /out/sourcedata/freesurfer/fsaverage/label/lh.FG1.mpm.vpnl.label --trgsubject sub-v2s9x29167_ses-1 --trglabel ./lh.FG1.mpm.vpnl.label --hemi lh --regmethod surface 


srclabel = /out/sourcedata/freesurfer/fsaverage/label/lh.FG1.mpm.vpnl.label
srcsubject = fsaverage
trgsubject = sub-v2s9x29167_ses-1
trglabel = ./lh.FG1.mpm.vpnl.label
regmethod = surface

srchemi = lh
trghemi = lh
trgsurface = white
srcsurfreg = sphere.reg
trgsurfreg = sphere.reg
usehash = 1
Use ProjAbs  = 0, 0
Use ProjFrac = 0, 0
DoPaint 0

SUBJECTS_DIR    /out/sourcedata/freesurfer
FREESURFER_HOME /opt/freesurfer
Loading source label.
Found 414 points in source label.
Starting surface-based mapping
Reading source registration 
 /out/sourcedata/freesurfer/fsaverage/surf/lh.sphere.reg
Rescaling ...  original radius = 100
Reading target surface 
 /out/sourcedata/freesurfer/sub-v2s9x29167_ses-1/surf/lh.white
Reading target registration 
 /out/sourcedata/freesurfer/sub-v2s9x29167_ses-1/surf/lh.sphere.reg
Rescaling ...  original radius = 99.9999
Building target registration hash (res=16).
Building source registration hash (res=16).
INFO: found  414 nlabel points
Performing mapping from target back to the source label 111545
Number of reverse mapping hits = 55
Checking for and removing duplicates
Writing label file ./lh.FG1.mpm.vpnl.label 469
mri_label2label: Done


 mri_label2label --srcsubject fsaverage --srclabel /out/sourcedata/freesurfer/fsaverage/label/lh.FG2.mpm.vpnl.label --trgsubject sub-v2s9x29167_ses-1 --trglabel ./lh.FG2.mpm.vpnl.label --hemi lh --regmethod surface 


srclabel = /out/sourcedata/freesurfer/fsaverage/label/lh.FG2.mpm.vpnl.label
srcsubject = fsaverage
trgsubject = sub-v2s9x29167_ses-1
trglabel = ./lh.FG2.mpm.vpnl.label
regmethod = surface

srchemi = lh
trghemi = lh
trgsurface = white
srcsurfreg = sphere.reg
trgsurfreg = sphere.reg
usehash = 1
Use ProjAbs  = 0, 0
Use ProjFrac = 0, 0
DoPaint 0

SUBJECTS_DIR    /out/sourcedata/freesurfer
FREESURFER_HOME /opt/freesurfer
Loading source label.
Found 703 points in source label.
Starting surface-based mapping
Reading source registration 
 /out/sourcedata/freesurfer/fsaverage/surf/lh.sphere.reg
Rescaling ...  original radius = 100
Reading target surface 
 /out/sourcedata/freesurfer/sub-v2s9x29167_ses-1/surf/lh.white
Reading target registration 
 /out/sourcedata/freesurfer/sub-v2s9x29167_ses-1/surf/lh.sphere.reg
Rescaling ...  original radius = 99.9999
Building target registration hash (res=16).
Building source registration hash (res=16).
INFO: found  703 nlabel points
Performing mapping from target back to the source label 111545
Number of reverse mapping hits = 94
Checking for and removing duplicates
Writing label file ./lh.FG2.mpm.vpnl.label 797
mri_label2label: Done


 mri_label2label --srcsubject fsaverage --srclabel /out/sourcedata/freesurfer/fsaverage/label/lh.FG3.mpm.vpnl.label --trgsubject sub-v2s9x29167_ses-1 --trglabel ./lh.FG3.mpm.vpnl.label --hemi lh --regmethod surface 


srclabel = /out/sourcedata/freesurfer/fsaverage/label/lh.FG3.mpm.vpnl.label
srcsubject = fsaverage
trgsubject = sub-v2s9x29167_ses-1
trglabel = ./lh.FG3.mpm.vpnl.label
regmethod = surface

srchemi = lh
trghemi = lh
trgsurface = white
srcsurfreg = sphere.reg
trgsurfreg = sphere.reg
usehash = 1
Use ProjAbs  = 0, 0
Use ProjFrac = 0, 0
DoPaint 0

SUBJECTS_DIR    /out/sourcedata/freesurfer
FREESURFER_HOME /opt/freesurfer
Loading source label.
Found 1873 points in source label.
Starting surface-based mapping
Reading source registration 
 /out/sourcedata/freesurfer/fsaverage/surf/lh.sphere.reg
Rescaling ...  original radius = 100
Reading target surface 
 /out/sourcedata/freesurfer/sub-v2s9x29167_ses-1/surf/lh.white
Reading target registration 
 /out/sourcedata/freesurfer/sub-v2s9x29167_ses-1/surf/lh.sphere.reg
Rescaling ...  original radius = 99.9999
Building target registration hash (res=16).
Building source registration hash (res=16).
INFO: found  1873 nlabel points
Performing mapping from target back to the source label 111545
Number of reverse mapping hits = 40
Checking for and removing duplicates
Writing label file ./lh.FG3.mpm.vpnl.label 1913
mri_label2label: Done


 mri_label2label --srcsubject fsaverage --srclabel /out/sourcedata/freesurfer/fsaverage/label/lh.FG4.mpm.vpnl.label --trgsubject sub-v2s9x29167_ses-1 --trglabel ./lh.FG4.mpm.vpnl.label --hemi lh --regmethod surface 


srclabel = /out/sourcedata/freesurfer/fsaverage/label/lh.FG4.mpm.vpnl.label
srcsubject = fsaverage
trgsubject = sub-v2s9x29167_ses-1
trglabel = ./lh.FG4.mpm.vpnl.label
regmethod = surface

srchemi = lh
trghemi = lh
trgsurface = white
srcsurfreg = sphere.reg
trgsurfreg = sphere.reg
usehash = 1
Use ProjAbs  = 0, 0
Use ProjFrac = 0, 0
DoPaint 0

SUBJECTS_DIR    /out/sourcedata/freesurfer
FREESURFER_HOME /opt/freesurfer
Loading source label.
Found 2101 points in source label.
Starting surface-based mapping
Reading source registration 
 /out/sourcedata/freesurfer/fsaverage/surf/lh.sphere.reg
Rescaling ...  original radius = 100
Reading target surface 
 /out/sourcedata/freesurfer/sub-v2s9x29167_ses-1/surf/lh.white
Reading target registration 
 /out/sourcedata/freesurfer/sub-v2s9x29167_ses-1/surf/lh.sphere.reg
Rescaling ...  original radius = 99.9999
Building target registration hash (res=16).
Building source registration hash (res=16).
INFO: found  2101 nlabel points
Performing mapping from target back to the source label 111545
Number of reverse mapping hits = 117
Checking for and removing duplicates
Writing label file ./lh.FG4.mpm.vpnl.label 2218
mri_label2label: Done


 mri_label2label --srcsubject fsaverage --srclabel /out/sourcedata/freesurfer/fsaverage/label/lh.hOc1.mpm.vpnl.label --trgsubject sub-v2s9x29167_ses-1 --trglabel ./lh.hOc1.mpm.vpnl.label --hemi lh --regmethod surface 


srclabel = /out/sourcedata/freesurfer/fsaverage/label/lh.hOc1.mpm.vpnl.label
srcsubject = fsaverage
trgsubject = sub-v2s9x29167_ses-1
trglabel = ./lh.hOc1.mpm.vpnl.label
regmethod = surface

srchemi = lh
trghemi = lh
trgsurface = white
srcsurfreg = sphere.reg
trgsurfreg = sphere.reg
usehash = 1
Use ProjAbs  = 0, 0
Use ProjFrac = 0, 0
DoPaint 0

SUBJECTS_DIR    /out/sourcedata/freesurfer
FREESURFER_HOME /opt/freesurfer
Loading source label.
Found 3877 points in source label.
Starting surface-based mapping
Reading source registration 
 /out/sourcedata/freesurfer/fsaverage/surf/lh.sphere.reg
Rescaling ...  original radius = 100
Reading target surface 
 /out/sourcedata/freesurfer/sub-v2s9x29167_ses-1/surf/lh.white
Reading target registration 
 /out/sourcedata/freesurfer/sub-v2s9x29167_ses-1/surf/lh.sphere.reg
Rescaling ...  original radius = 99.9999
Building target registration hash (res=16).
Building source registration hash (res=16).
INFO: found  3877 nlabel points
Performing mapping from target back to the source label 111545
Number of reverse mapping hits = 528
Checking for and removing duplicates
Writing label file ./lh.hOc1.mpm.vpnl.label 4405
mri_label2label: Done


 mri_label2label --srcsubject fsaverage --srclabel /out/sourcedata/freesurfer/fsaverage/label/lh.hOc2.mpm.vpnl.label --trgsubject sub-v2s9x29167_ses-1 --trglabel ./lh.hOc2.mpm.vpnl.label --hemi lh --regmethod surface 


srclabel = /out/sourcedata/freesurfer/fsaverage/label/lh.hOc2.mpm.vpnl.label
srcsubject = fsaverage
trgsubject = sub-v2s9x29167_ses-1
trglabel = ./lh.hOc2.mpm.vpnl.label
regmethod = surface

srchemi = lh
trghemi = lh
trgsurface = white
srcsurfreg = sphere.reg
trgsurfreg = sphere.reg
usehash = 1
Use ProjAbs  = 0, 0
Use ProjFrac = 0, 0
DoPaint 0

SUBJECTS_DIR    /out/sourcedata/freesurfer
FREESURFER_HOME /opt/freesurfer
Loading source label.
Found 2919 points in source label.
Starting surface-based mapping
Reading source registration 
 /out/sourcedata/freesurfer/fsaverage/surf/lh.sphere.reg
Rescaling ...  original radius = 100
Reading target surface 
 /out/sourcedata/freesurfer/sub-v2s9x29167_ses-1/surf/lh.white
Reading target registration 
 /out/sourcedata/freesurfer/sub-v2s9x29167_ses-1/surf/lh.sphere.reg
Rescaling ...  original radius = 99.9999
Building target registration hash (res=16).
Building source registration hash (res=16).
INFO: found  2919 nlabel points
Performing mapping from target back to the source label 111545
Number of reverse mapping hits = 923
Checking for and removing duplicates
Writing label file ./lh.hOc2.mpm.vpnl.label 3842
mri_label2label: Done


 mri_label2label --srcsubject fsaverage --srclabel /out/sourcedata/freesurfer/fsaverage/label/lh.hOc3v.mpm.vpnl.label --trgsubject sub-v2s9x29167_ses-1 --trglabel ./lh.hOc3v.mpm.vpnl.label --hemi lh --regmethod surface 


srclabel = /out/sourcedata/freesurfer/fsaverage/label/lh.hOc3v.mpm.vpnl.label
srcsubject = fsaverage
trgsubject = sub-v2s9x29167_ses-1
trglabel = ./lh.hOc3v.mpm.vpnl.label
regmethod = surface

srchemi = lh
trghemi = lh
trgsurface = white
srcsurfreg = sphere.reg
trgsurfreg = sphere.reg
usehash = 1
Use ProjAbs  = 0, 0
Use ProjFrac = 0, 0
DoPaint 0

SUBJECTS_DIR    /out/sourcedata/freesurfer
FREESURFER_HOME /opt/freesurfer
Loading source label.
Found 1286 points in source label.
Starting surface-based mapping
Reading source registration 
 /out/sourcedata/freesurfer/fsaverage/surf/lh.sphere.reg
Rescaling ...  original radius = 100
Reading target surface 
 /out/sourcedata/freesurfer/sub-v2s9x29167_ses-1/surf/lh.white
Reading target registration 
 /out/sourcedata/freesurfer/sub-v2s9x29167_ses-1/surf/lh.sphere.reg
Rescaling ...  original radius = 99.9999
Building target registration hash (res=16).
Building source registration hash (res=16).
INFO: found  1286 nlabel points
Performing mapping from target back to the source label 111545
Number of reverse mapping hits = 401
Checking for and removing duplicates
Writing label file ./lh.hOc3v.mpm.vpnl.label 1687
mri_label2label: Done


 mri_label2label --srcsubject fsaverage --srclabel /out/sourcedata/freesurfer/fsaverage/label/lh.hOc4v.mpm.vpnl.label --trgsubject sub-v2s9x29167_ses-1 --trglabel ./lh.hOc4v.mpm.vpnl.label --hemi lh --regmethod surface 


srclabel = /out/sourcedata/freesurfer/fsaverage/label/lh.hOc4v.mpm.vpnl.label
srcsubject = fsaverage
trgsubject = sub-v2s9x29167_ses-1
trglabel = ./lh.hOc4v.mpm.vpnl.label
regmethod = surface

srchemi = lh
trghemi = lh
trgsurface = white
srcsurfreg = sphere.reg
trgsurfreg = sphere.reg
usehash = 1
Use ProjAbs  = 0, 0
Use ProjFrac = 0, 0
DoPaint 0

SUBJECTS_DIR    /out/sourcedata/freesurfer
FREESURFER_HOME /opt/freesurfer
Loading source label.
Found 1006 points in source label.
Starting surface-based mapping
Reading source registration 
 /out/sourcedata/freesurfer/fsaverage/surf/lh.sphere.reg
Rescaling ...  original radius = 100
Reading target surface 
 /out/sourcedata/freesurfer/sub-v2s9x29167_ses-1/surf/lh.white
Reading target registration 
 /out/sourcedata/freesurfer/sub-v2s9x29167_ses-1/surf/lh.sphere.reg
Rescaling ...  original radius = 99.9999
Building target registration hash (res=16).
Building source registration hash (res=16).
INFO: found  1006 nlabel points
Performing mapping from target back to the source label 111545
Number of reverse mapping hits = 259
Checking for and removing duplicates
Writing label file ./lh.hOc4v.mpm.vpnl.label 1265
mri_label2label: Done


 mris_label2annot --s sub-v2s9x29167_ses-1 --ctab /opt/freesurfer/average/colortable_vpnl.txt --hemi lh --a mpm.vpnl --maxstatwinner --noverbose --l lh.FG1.mpm.vpnl.label --l lh.FG2.mpm.vpnl.label --l lh.FG3.mpm.vpnl.label --l lh.FG4.mpm.vpnl.label --l lh.hOc1.mpm.vpnl.label --l lh.hOc2.mpm.vpnl.label --l lh.hOc3v.mpm.vpnl.label --l lh.hOc4v.mpm.vpnl.label 

Reading ctab /opt/freesurfer/average/colortable_vpnl.txt
Number of ctab entries 9

7.3.2
cwd /out/sourcedata/freesurfer/sub-v2s9x29167_ses-1/label
cmdline mris_label2annot --s sub-v2s9x29167_ses-1 --ctab /opt/freesurfer/average/colortable_vpnl.txt --hemi lh --a mpm.vpnl --maxstatwinner --noverbose --l lh.FG1.mpm.vpnl.label --l lh.FG2.mpm.vpnl.label --l lh.FG3.mpm.vpnl.label --l lh.FG4.mpm.vpnl.label --l lh.hOc1.mpm.vpnl.label --l lh.hOc2.mpm.vpnl.label --l lh.hOc3v.mpm.vpnl.label --l lh.hOc4v.mpm.vpnl.label 
sysname  Linux
hostname dna078
machine  x86_64
user     oesteban

subject sub-v2s9x29167_ses-1
hemi    lh
SUBJECTS_DIR /out/sourcedata/freesurfer
ColorTable /opt/freesurfer/average/colortable_vpnl.txt
AnnotName  mpm.vpnl
nlables 8
LabelThresh 0 0.000000
Loading /out/sourcedata/freesurfer/sub-v2s9x29167_ses-1/surf/lh.orig
 1 1376057 FG1
 2 16711935 FG2
 3 16711680 FG3
 4 1705837 FG4
 5 25600 hOc1
 6 255 hOc2
 7 16776960 hOc3v
 8 65535 hOc4v
Mapping unhit to unknown
Found 97571 unhit vertices
Writing annot to /out/sourcedata/freesurfer/sub-v2s9x29167_ses-1/label/lh.mpm.vpnl.annot

 mri_label2label --srcsubject fsaverage --srclabel /out/sourcedata/freesurfer/fsaverage/label/lh.BA1_exvivo.thresh.label --trgsubject sub-v2s9x29167_ses-1 --trglabel ./lh.BA1_exvivo.thresh.label --hemi lh --regmethod surface 


srclabel = /out/sourcedata/freesurfer/fsaverage/label/lh.BA1_exvivo.thresh.label
srcsubject = fsaverage
trgsubject = sub-v2s9x29167_ses-1
trglabel = ./lh.BA1_exvivo.thresh.label
regmethod = surface

srchemi = lh
trghemi = lh
trgsurface = white
srcsurfreg = sphere.reg
trgsurfreg = sphere.reg
usehash = 1
Use ProjAbs  = 0, 0
Use ProjFrac = 0, 0
DoPaint 0

SUBJECTS_DIR    /out/sourcedata/freesurfer
FREESURFER_HOME /opt/freesurfer
Loading source label.
Found 1014 points in source label.
Starting surface-based mapping
Reading source registration 
 /out/sourcedata/freesurfer/fsaverage/surf/lh.sphere.reg
Rescaling ...  original radius = 100
Reading target surface 
 /out/sourcedata/freesurfer/sub-v2s9x29167_ses-1/surf/lh.white
Reading target registration 
 /out/sourcedata/freesurfer/sub-v2s9x29167_ses-1/surf/lh.sphere.reg
Rescaling ...  original radius = 99.9999
Building target registration hash (res=16).
Building source registration hash (res=16).
INFO: found  1014 nlabel points
Performing mapping from target back to the source label 111545
Number of reverse mapping hits = 8
Checking for and removing duplicates
Writing label file ./lh.BA1_exvivo.thresh.label 1022
mri_label2label: Done


 mri_label2label --srcsubject fsaverage --srclabel /out/sourcedata/freesurfer/fsaverage/label/lh.BA2_exvivo.thresh.label --trgsubject sub-v2s9x29167_ses-1 --trglabel ./lh.BA2_exvivo.thresh.label --hemi lh --regmethod surface 


srclabel = /out/sourcedata/freesurfer/fsaverage/label/lh.BA2_exvivo.thresh.label
srcsubject = fsaverage
trgsubject = sub-v2s9x29167_ses-1
trglabel = ./lh.BA2_exvivo.thresh.label
regmethod = surface

srchemi = lh
trghemi = lh
trgsurface = white
srcsurfreg = sphere.reg
trgsurfreg = sphere.reg
usehash = 1
Use ProjAbs  = 0, 0
Use ProjFrac = 0, 0
DoPaint 0

SUBJECTS_DIR    /out/sourcedata/freesurfer
FREESURFER_HOME /opt/freesurfer
Loading source label.
Found 2092 points in source label.
Starting surface-based mapping
Reading source registration 
 /out/sourcedata/freesurfer/fsaverage/surf/lh.sphere.reg
Rescaling ...  original radius = 100
Reading target surface 
 /out/sourcedata/freesurfer/sub-v2s9x29167_ses-1/surf/lh.white
Reading target registration 
 /out/sourcedata/freesurfer/sub-v2s9x29167_ses-1/surf/lh.sphere.reg
Rescaling ...  original radius = 99.9999
Building target registration hash (res=16).
Building source registration hash (res=16).
INFO: found  2092 nlabel points
Performing mapping from target back to the source label 111545
Number of reverse mapping hits = 20
Checking for and removing duplicates
Writing label file ./lh.BA2_exvivo.thresh.label 2112
mri_label2label: Done


 mri_label2label --srcsubject fsaverage --srclabel /out/sourcedata/freesurfer/fsaverage/label/lh.BA3a_exvivo.thresh.label --trgsubject sub-v2s9x29167_ses-1 --trglabel ./lh.BA3a_exvivo.thresh.label --hemi lh --regmethod surface 


srclabel = /out/sourcedata/freesurfer/fsaverage/label/lh.BA3a_exvivo.thresh.label
srcsubject = fsaverage
trgsubject = sub-v2s9x29167_ses-1
trglabel = ./lh.BA3a_exvivo.thresh.label
regmethod = surface

srchemi = lh
trghemi = lh
trgsurface = white
srcsurfreg = sphere.reg
trgsurfreg = sphere.reg
usehash = 1
Use ProjAbs  = 0, 0
Use ProjFrac = 0, 0
DoPaint 0

SUBJECTS_DIR    /out/sourcedata/freesurfer
FREESURFER_HOME /opt/freesurfer
Loading source label.
Found 1504 points in source label.
Starting surface-based mapping
Reading source registration 
 /out/sourcedata/freesurfer/fsaverage/surf/lh.sphere.reg
Rescaling ...  original radius = 100
Reading target surface 
 /out/sourcedata/freesurfer/sub-v2s9x29167_ses-1/surf/lh.white
Reading target registration 
 /out/sourcedata/freesurfer/sub-v2s9x29167_ses-1/surf/lh.sphere.reg
Rescaling ...  original radius = 99.9999
Building target registration hash (res=16).
Building source registration hash (res=16).
INFO: found  1504 nlabel points
Performing mapping from target back to the source label 111545
Number of reverse mapping hits = 4
Checking for and removing duplicates
Writing label file ./lh.BA3a_exvivo.thresh.label 1508
mri_label2label: Done


 mri_label2label --srcsubject fsaverage --srclabel /out/sourcedata/freesurfer/fsaverage/label/lh.BA3b_exvivo.thresh.label --trgsubject sub-v2s9x29167_ses-1 --trglabel ./lh.BA3b_exvivo.thresh.label --hemi lh --regmethod surface 


srclabel = /out/sourcedata/freesurfer/fsaverage/label/lh.BA3b_exvivo.thresh.label
srcsubject = fsaverage
trgsubject = sub-v2s9x29167_ses-1
trglabel = ./lh.BA3b_exvivo.thresh.label
regmethod = surface

srchemi = lh
trghemi = lh
trgsurface = white
srcsurfreg = sphere.reg
trgsurfreg = sphere.reg
usehash = 1
Use ProjAbs  = 0, 0
Use ProjFrac = 0, 0
DoPaint 0

SUBJECTS_DIR    /out/sourcedata/freesurfer
FREESURFER_HOME /opt/freesurfer
Loading source label.
Found 1996 points in source label.
Starting surface-based mapping
Reading source registration 
 /out/sourcedata/freesurfer/fsaverage/surf/lh.sphere.reg
Rescaling ...  original radius = 100
Reading target surface 
 /out/sourcedata/freesurfer/sub-v2s9x29167_ses-1/surf/lh.white
Reading target registration 
 /out/sourcedata/freesurfer/sub-v2s9x29167_ses-1/surf/lh.sphere.reg
Rescaling ...  original radius = 99.9999
Building target registration hash (res=16).
Building source registration hash (res=16).
INFO: found  1996 nlabel points
Performing mapping from target back to the source label 111545
Number of reverse mapping hits = 13
Checking for and removing duplicates
Writing label file ./lh.BA3b_exvivo.thresh.label 2009
mri_label2label: Done


 mri_label2label --srcsubject fsaverage --srclabel /out/sourcedata/freesurfer/fsaverage/label/lh.BA4a_exvivo.thresh.label --trgsubject sub-v2s9x29167_ses-1 --trglabel ./lh.BA4a_exvivo.thresh.label --hemi lh --regmethod surface 


srclabel = /out/sourcedata/freesurfer/fsaverage/label/lh.BA4a_exvivo.thresh.label
srcsubject = fsaverage
trgsubject = sub-v2s9x29167_ses-1
trglabel = ./lh.BA4a_exvivo.thresh.label
regmethod = surface

srchemi = lh
trghemi = lh
trgsurface = white
srcsurfreg = sphere.reg
trgsurfreg = sphere.reg
usehash = 1
Use ProjAbs  = 0, 0
Use ProjFrac = 0, 0
DoPaint 0

SUBJECTS_DIR    /out/sourcedata/freesurfer
FREESURFER_HOME /opt/freesurfer
Loading source label.
Found 2319 points in source label.
Starting surface-based mapping
Reading source registration 
 /out/sourcedata/freesurfer/fsaverage/surf/lh.sphere.reg
Rescaling ...  original radius = 100
Reading target surface 
 /out/sourcedata/freesurfer/sub-v2s9x29167_ses-1/surf/lh.white
Reading target registration 
 /out/sourcedata/freesurfer/sub-v2s9x29167_ses-1/surf/lh.sphere.reg
Rescaling ...  original radius = 99.9999
Building target registration hash (res=16).
Building source registration hash (res=16).
INFO: found  2319 nlabel points
Performing mapping from target back to the source label 111545
Number of reverse mapping hits = 16
Checking for and removing duplicates
Writing label file ./lh.BA4a_exvivo.thresh.label 2335
mri_label2label: Done


 mri_label2label --srcsubject fsaverage --srclabel /out/sourcedata/freesurfer/fsaverage/label/lh.BA4p_exvivo.thresh.label --trgsubject sub-v2s9x29167_ses-1 --trglabel ./lh.BA4p_exvivo.thresh.label --hemi lh --regmethod surface 


srclabel = /out/sourcedata/freesurfer/fsaverage/label/lh.BA4p_exvivo.thresh.label
srcsubject = fsaverage
trgsubject = sub-v2s9x29167_ses-1
trglabel = ./lh.BA4p_exvivo.thresh.label
regmethod = surface

srchemi = lh
trghemi = lh
trgsurface = white
srcsurfreg = sphere.reg
trgsurfreg = sphere.reg
usehash = 1
Use ProjAbs  = 0, 0
Use ProjFrac = 0, 0
DoPaint 0

SUBJECTS_DIR    /out/sourcedata/freesurfer
FREESURFER_HOME /opt/freesurfer
Loading source label.
Found 1549 points in source label.
Starting surface-based mapping
Reading source registration 
 /out/sourcedata/freesurfer/fsaverage/surf/lh.sphere.reg
Rescaling ...  original radius = 100
Reading target surface 
 /out/sourcedata/freesurfer/sub-v2s9x29167_ses-1/surf/lh.white
Reading target registration 
 /out/sourcedata/freesurfer/sub-v2s9x29167_ses-1/surf/lh.sphere.reg
Rescaling ...  original radius = 99.9999
Building target registration hash (res=16).
Building source registration hash (res=16).
INFO: found  1549 nlabel points
Performing mapping from target back to the source label 111545
Number of reverse mapping hits = 17
Checking for and removing duplicates
Writing label file ./lh.BA4p_exvivo.thresh.label 1566
mri_label2label: Done


 mri_label2label --srcsubject fsaverage --srclabel /out/sourcedata/freesurfer/fsaverage/label/lh.BA6_exvivo.thresh.label --trgsubject sub-v2s9x29167_ses-1 --trglabel ./lh.BA6_exvivo.thresh.label --hemi lh --regmethod surface 


srclabel = /out/sourcedata/freesurfer/fsaverage/label/lh.BA6_exvivo.thresh.label
srcsubject = fsaverage
trgsubject = sub-v2s9x29167_ses-1
trglabel = ./lh.BA6_exvivo.thresh.label
regmethod = surface

srchemi = lh
trghemi = lh
trgsurface = white
srcsurfreg = sphere.reg
trgsurfreg = sphere.reg
usehash = 1
Use ProjAbs  = 0, 0
Use ProjFrac = 0, 0
DoPaint 0

SUBJECTS_DIR    /out/sourcedata/freesurfer
FREESURFER_HOME /opt/freesurfer
Loading source label.
Found 7035 points in source label.
Starting surface-based mapping
Reading source registration 
 /out/sourcedata/freesurfer/fsaverage/surf/lh.sphere.reg
Rescaling ...  original radius = 100
Reading target surface 
 /out/sourcedata/freesurfer/sub-v2s9x29167_ses-1/surf/lh.white
Reading target registration 
 /out/sourcedata/freesurfer/sub-v2s9x29167_ses-1/surf/lh.sphere.reg
Rescaling ...  original radius = 99.9999
Building target registration hash (res=16).
Building source registration hash (res=16).
INFO: found  7035 nlabel points
Performing mapping from target back to the source label 111545
Number of reverse mapping hits = 58
Checking for and removing duplicates
Writing label file ./lh.BA6_exvivo.thresh.label 7093
mri_label2label: Done


 mri_label2label --srcsubject fsaverage --srclabel /out/sourcedata/freesurfer/fsaverage/label/lh.BA44_exvivo.thresh.label --trgsubject sub-v2s9x29167_ses-1 --trglabel ./lh.BA44_exvivo.thresh.label --hemi lh --regmethod surface 


srclabel = /out/sourcedata/freesurfer/fsaverage/label/lh.BA44_exvivo.thresh.label
srcsubject = fsaverage
trgsubject = sub-v2s9x29167_ses-1
trglabel = ./lh.BA44_exvivo.thresh.label
regmethod = surface

srchemi = lh
trghemi = lh
trgsurface = white
srcsurfreg = sphere.reg
trgsurfreg = sphere.reg
usehash = 1
Use ProjAbs  = 0, 0
Use ProjFrac = 0, 0
DoPaint 0

SUBJECTS_DIR    /out/sourcedata/freesurfer
FREESURFER_HOME /opt/freesurfer
Loading source label.
Found 1912 points in source label.
Starting surface-based mapping
Reading source registration 
 /out/sourcedata/freesurfer/fsaverage/surf/lh.sphere.reg
Rescaling ...  original radius = 100
Reading target surface 
 /out/sourcedata/freesurfer/sub-v2s9x29167_ses-1/surf/lh.white
Reading target registration 
 /out/sourcedata/freesurfer/sub-v2s9x29167_ses-1/surf/lh.sphere.reg
Rescaling ...  original radius = 99.9999
Building target registration hash (res=16).
Building source registration hash (res=16).
INFO: found  1912 nlabel points
Performing mapping from target back to the source label 111545
Number of reverse mapping hits = 23
Checking for and removing duplicates
Writing label file ./lh.BA44_exvivo.thresh.label 1935
mri_label2label: Done


 mri_label2label --srcsubject fsaverage --srclabel /out/sourcedata/freesurfer/fsaverage/label/lh.BA45_exvivo.thresh.label --trgsubject sub-v2s9x29167_ses-1 --trglabel ./lh.BA45_exvivo.thresh.label --hemi lh --regmethod surface 


srclabel = /out/sourcedata/freesurfer/fsaverage/label/lh.BA45_exvivo.thresh.label
srcsubject = fsaverage
trgsubject = sub-v2s9x29167_ses-1
trglabel = ./lh.BA45_exvivo.thresh.label
regmethod = surface

srchemi = lh
trghemi = lh
trgsurface = white
srcsurfreg = sphere.reg
trgsurfreg = sphere.reg
usehash = 1
Use ProjAbs  = 0, 0
Use ProjFrac = 0, 0
DoPaint 0

SUBJECTS_DIR    /out/sourcedata/freesurfer
FREESURFER_HOME /opt/freesurfer
Loading source label.
Found 1151 points in source label.
Starting surface-based mapping
Reading source registration 
 /out/sourcedata/freesurfer/fsaverage/surf/lh.sphere.reg
Rescaling ...  original radius = 100
Reading target surface 
 /out/sourcedata/freesurfer/sub-v2s9x29167_ses-1/surf/lh.white
Reading target registration 
 /out/sourcedata/freesurfer/sub-v2s9x29167_ses-1/surf/lh.sphere.reg
Rescaling ...  original radius = 99.9999
Building target registration hash (res=16).
Building source registration hash (res=16).
INFO: found  1151 nlabel points
Performing mapping from target back to the source label 111545
Number of reverse mapping hits = 87
Checking for and removing duplicates
Writing label file ./lh.BA45_exvivo.thresh.label 1238
mri_label2label: Done


 mri_label2label --srcsubject fsaverage --srclabel /out/sourcedata/freesurfer/fsaverage/label/lh.V1_exvivo.thresh.label --trgsubject sub-v2s9x29167_ses-1 --trglabel ./lh.V1_exvivo.thresh.label --hemi lh --regmethod surface 


srclabel = /out/sourcedata/freesurfer/fsaverage/label/lh.V1_exvivo.thresh.label
srcsubject = fsaverage
trgsubject = sub-v2s9x29167_ses-1
trglabel = ./lh.V1_exvivo.thresh.label
regmethod = surface

srchemi = lh
trghemi = lh
trgsurface = white
srcsurfreg = sphere.reg
trgsurfreg = sphere.reg
usehash = 1
Use ProjAbs  = 0, 0
Use ProjFrac = 0, 0
DoPaint 0

SUBJECTS_DIR    /out/sourcedata/freesurfer
FREESURFER_HOME /opt/freesurfer
Loading source label.
Found 3405 points in source label.
Starting surface-based mapping
Reading source registration 
 /out/sourcedata/freesurfer/fsaverage/surf/lh.sphere.reg
Rescaling ...  original radius = 100
Reading target surface 
 /out/sourcedata/freesurfer/sub-v2s9x29167_ses-1/surf/lh.white
Reading target registration 
 /out/sourcedata/freesurfer/sub-v2s9x29167_ses-1/surf/lh.sphere.reg
Rescaling ...  original radius = 99.9999
Building target registration hash (res=16).
Building source registration hash (res=16).
INFO: found  3405 nlabel points
Performing mapping from target back to the source label 111545
Number of reverse mapping hits = 444
Checking for and removing duplicates
Writing label file ./lh.V1_exvivo.thresh.label 3849
mri_label2label: Done


 mri_label2label --srcsubject fsaverage --srclabel /out/sourcedata/freesurfer/fsaverage/label/lh.V2_exvivo.thresh.label --trgsubject sub-v2s9x29167_ses-1 --trglabel ./lh.V2_exvivo.thresh.label --hemi lh --regmethod surface 


srclabel = /out/sourcedata/freesurfer/fsaverage/label/lh.V2_exvivo.thresh.label
srcsubject = fsaverage
trgsubject = sub-v2s9x29167_ses-1
trglabel = ./lh.V2_exvivo.thresh.label
regmethod = surface

srchemi = lh
trghemi = lh
trgsurface = white
srcsurfreg = sphere.reg
trgsurfreg = sphere.reg
usehash = 1
Use ProjAbs  = 0, 0
Use ProjFrac = 0, 0
DoPaint 0

SUBJECTS_DIR    /out/sourcedata/freesurfer
FREESURFER_HOME /opt/freesurfer
Loading source label.
Found 3334 points in source label.
Starting surface-based mapping
Reading source registration 
 /out/sourcedata/freesurfer/fsaverage/surf/lh.sphere.reg
Rescaling ...  original radius = 100
Reading target surface 
 /out/sourcedata/freesurfer/sub-v2s9x29167_ses-1/surf/lh.white
Reading target registration 
 /out/sourcedata/freesurfer/sub-v2s9x29167_ses-1/surf/lh.sphere.reg
Rescaling ...  original radius = 99.9999
Building target registration hash (res=16).
Building source registration hash (res=16).
INFO: found  3334 nlabel points
Performing mapping from target back to the source label 111545
Number of reverse mapping hits = 995
Checking for and removing duplicates
Writing label file ./lh.V2_exvivo.thresh.label 4329
mri_label2label: Done


 mri_label2label --srcsubject fsaverage --srclabel /out/sourcedata/freesurfer/fsaverage/label/lh.MT_exvivo.thresh.label --trgsubject sub-v2s9x29167_ses-1 --trglabel ./lh.MT_exvivo.thresh.label --hemi lh --regmethod surface 


srclabel = /out/sourcedata/freesurfer/fsaverage/label/lh.MT_exvivo.thresh.label
srcsubject = fsaverage
trgsubject = sub-v2s9x29167_ses-1
trglabel = ./lh.MT_exvivo.thresh.label
regmethod = surface

srchemi = lh
trghemi = lh
trgsurface = white
srcsurfreg = sphere.reg
trgsurfreg = sphere.reg
usehash = 1
Use ProjAbs  = 0, 0
Use ProjFrac = 0, 0
DoPaint 0

SUBJECTS_DIR    /out/sourcedata/freesurfer
FREESURFER_HOME /opt/freesurfer
Loading source label.
Found 513 points in source label.
Starting surface-based mapping
Reading source registration 
 /out/sourcedata/freesurfer/fsaverage/surf/lh.sphere.reg
Rescaling ...  original radius = 100
Reading target surface 
 /out/sourcedata/freesurfer/sub-v2s9x29167_ses-1/surf/lh.white
Reading target registration 
 /out/sourcedata/freesurfer/sub-v2s9x29167_ses-1/surf/lh.sphere.reg
Rescaling ...  original radius = 99.9999
Building target registration hash (res=16).
Building source registration hash (res=16).
INFO: found  513 nlabel points
Performing mapping from target back to the source label 111545
Number of reverse mapping hits = 43
Checking for and removing duplicates
Writing label file ./lh.MT_exvivo.thresh.label 556
mri_label2label: Done


 mri_label2label --srcsubject fsaverage --srclabel /out/sourcedata/freesurfer/fsaverage/label/lh.entorhinal_exvivo.thresh.label --trgsubject sub-v2s9x29167_ses-1 --trglabel ./lh.entorhinal_exvivo.thresh.label --hemi lh --regmethod surface 


srclabel = /out/sourcedata/freesurfer/fsaverage/label/lh.entorhinal_exvivo.thresh.label
srcsubject = fsaverage
trgsubject = sub-v2s9x29167_ses-1
trglabel = ./lh.entorhinal_exvivo.thresh.label
regmethod = surface

srchemi = lh
trghemi = lh
trgsurface = white
srcsurfreg = sphere.reg
trgsurfreg = sphere.reg
usehash = 1
Use ProjAbs  = 0, 0
Use ProjFrac = 0, 0
DoPaint 0

SUBJECTS_DIR    /out/sourcedata/freesurfer
FREESURFER_HOME /opt/freesurfer
Loading source label.
Found 470 points in source label.
Starting surface-based mapping
Reading source registration 
 /out/sourcedata/freesurfer/fsaverage/surf/lh.sphere.reg
Rescaling ...  original radius = 100
Reading target surface 
 /out/sourcedata/freesurfer/sub-v2s9x29167_ses-1/surf/lh.white
Reading target registration 
 /out/sourcedata/freesurfer/sub-v2s9x29167_ses-1/surf/lh.sphere.reg
Rescaling ...  original radius = 99.9999
Building target registration hash (res=16).
Building source registration hash (res=16).
INFO: found  470 nlabel points
Performing mapping from target back to the source label 111545
Number of reverse mapping hits = 12
Checking for and removing duplicates
Writing label file ./lh.entorhinal_exvivo.thresh.label 482
mri_label2label: Done


 mri_label2label --srcsubject fsaverage --srclabel /out/sourcedata/freesurfer/fsaverage/label/lh.perirhinal_exvivo.thresh.label --trgsubject sub-v2s9x29167_ses-1 --trglabel ./lh.perirhinal_exvivo.thresh.label --hemi lh --regmethod surface 


srclabel = /out/sourcedata/freesurfer/fsaverage/label/lh.perirhinal_exvivo.thresh.label
srcsubject = fsaverage
trgsubject = sub-v2s9x29167_ses-1
trglabel = ./lh.perirhinal_exvivo.thresh.label
regmethod = surface

srchemi = lh
trghemi = lh
trgsurface = white
srcsurfreg = sphere.reg
trgsurfreg = sphere.reg
usehash = 1
Use ProjAbs  = 0, 0
Use ProjFrac = 0, 0
DoPaint 0

SUBJECTS_DIR    /out/sourcedata/freesurfer
FREESURFER_HOME /opt/freesurfer
Loading source label.
Found 450 points in source label.
Starting surface-based mapping
Reading source registration 
 /out/sourcedata/freesurfer/fsaverage/surf/lh.sphere.reg
Rescaling ...  original radius = 100
Reading target surface 
 /out/sourcedata/freesurfer/sub-v2s9x29167_ses-1/surf/lh.white
Reading target registration 
 /out/sourcedata/freesurfer/sub-v2s9x29167_ses-1/surf/lh.sphere.reg
Rescaling ...  original radius = 99.9999
Building target registration hash (res=16).
Building source registration hash (res=16).
INFO: found  450 nlabel points
Performing mapping from target back to the source label 111545
Number of reverse mapping hits = 1
Checking for and removing duplicates
Writing label file ./lh.perirhinal_exvivo.thresh.label 451
mri_label2label: Done


 mris_label2annot --s sub-v2s9x29167_ses-1 --hemi lh --ctab /opt/freesurfer/average/colortable_BA.txt --l lh.BA1_exvivo.label --l lh.BA2_exvivo.label --l lh.BA3a_exvivo.label --l lh.BA3b_exvivo.label --l lh.BA4a_exvivo.label --l lh.BA4p_exvivo.label --l lh.BA6_exvivo.label --l lh.BA44_exvivo.label --l lh.BA45_exvivo.label --l lh.V1_exvivo.label --l lh.V2_exvivo.label --l lh.MT_exvivo.label --l lh.perirhinal_exvivo.label --l lh.entorhinal_exvivo.label --a BA_exvivo --maxstatwinner --noverbose 

Reading ctab /opt/freesurfer/average/colortable_BA.txt
Number of ctab entries 15

7.3.2
cwd /out/sourcedata/freesurfer/sub-v2s9x29167_ses-1/label
cmdline mris_label2annot --s sub-v2s9x29167_ses-1 --hemi lh --ctab /opt/freesurfer/average/colortable_BA.txt --l lh.BA1_exvivo.label --l lh.BA2_exvivo.label --l lh.BA3a_exvivo.label --l lh.BA3b_exvivo.label --l lh.BA4a_exvivo.label --l lh.BA4p_exvivo.label --l lh.BA6_exvivo.label --l lh.BA44_exvivo.label --l lh.BA45_exvivo.label --l lh.V1_exvivo.label --l lh.V2_exvivo.label --l lh.MT_exvivo.label --l lh.perirhinal_exvivo.label --l lh.entorhinal_exvivo.label --a BA_exvivo --maxstatwinner --noverbose 
sysname  Linux
hostname dna078
machine  x86_64
user     oesteban

subject sub-v2s9x29167_ses-1
hemi    lh
SUBJECTS_DIR /out/sourcedata/freesurfer
ColorTable /opt/freesurfer/average/colortable_BA.txt
AnnotName  BA_exvivo
nlables 14
LabelThresh 0 0.000000
Loading /out/sourcedata/freesurfer/sub-v2s9x29167_ses-1/surf/lh.orig
 1 1530880 BA1_exvivo
 2 16749699 BA2_exvivo
 3 16711680 BA3a_exvivo
 4 3368703 BA3b_exvivo
 5 1376196 BA4a_exvivo
 6 13382655 BA4p_exvivo
 7 10036737 BA6_exvivo
 8 2490521 BA44_exvivo
 9 39283 BA45_exvivo
10 3993 V1_exvivo
11 8508928 V2_exvivo
12 10027163 MT_exvivo
13 16422433 perirhinal_exvivo
14 16392598 entorhinal_exvivo
Mapping unhit to unknown
Found 76186 unhit vertices
Writing annot to /out/sourcedata/freesurfer/sub-v2s9x29167_ses-1/label/lh.BA_exvivo.annot

 mris_label2annot --s sub-v2s9x29167_ses-1 --hemi lh --ctab /opt/freesurfer/average/colortable_BA.txt --l lh.BA1_exvivo.thresh.label --l lh.BA2_exvivo.thresh.label --l lh.BA3a_exvivo.thresh.label --l lh.BA3b_exvivo.thresh.label --l lh.BA4a_exvivo.thresh.label --l lh.BA4p_exvivo.thresh.label --l lh.BA6_exvivo.thresh.label --l lh.BA44_exvivo.thresh.label --l lh.BA45_exvivo.thresh.label --l lh.V1_exvivo.thresh.label --l lh.V2_exvivo.thresh.label --l lh.MT_exvivo.thresh.label --l lh.perirhinal_exvivo.thresh.label --l lh.entorhinal_exvivo.thresh.label --a BA_exvivo.thresh --maxstatwinner --noverbose 

Reading ctab /opt/freesurfer/average/colortable_BA.txt
Number of ctab entries 15

7.3.2
cwd /out/sourcedata/freesurfer/sub-v2s9x29167_ses-1/label
cmdline mris_label2annot --s sub-v2s9x29167_ses-1 --hemi lh --ctab /opt/freesurfer/average/colortable_BA.txt --l lh.BA1_exvivo.thresh.label --l lh.BA2_exvivo.thresh.label --l lh.BA3a_exvivo.thresh.label --l lh.BA3b_exvivo.thresh.label --l lh.BA4a_exvivo.thresh.label --l lh.BA4p_exvivo.thresh.label --l lh.BA6_exvivo.thresh.label --l lh.BA44_exvivo.thresh.label --l lh.BA45_exvivo.thresh.label --l lh.V1_exvivo.thresh.label --l lh.V2_exvivo.thresh.label --l lh.MT_exvivo.thresh.label --l lh.perirhinal_exvivo.thresh.label --l lh.entorhinal_exvivo.thresh.label --a BA_exvivo.thresh --maxstatwinner --noverbose 
sysname  Linux
hostname dna078
machine  x86_64
user     oesteban

subject sub-v2s9x29167_ses-1
hemi    lh
SUBJECTS_DIR /out/sourcedata/freesurfer
ColorTable /opt/freesurfer/average/colortable_BA.txt
AnnotName  BA_exvivo.thresh
nlables 14
LabelThresh 0 0.000000
Loading /out/sourcedata/freesurfer/sub-v2s9x29167_ses-1/surf/lh.orig
 1 1530880 BA1_exvivo
 2 16749699 BA2_exvivo
 3 16711680 BA3a_exvivo
 4 3368703 BA3b_exvivo
 5 1376196 BA4a_exvivo
 6 13382655 BA4p_exvivo
 7 10036737 BA6_exvivo
 8 2490521 BA44_exvivo
 9 39283 BA45_exvivo
10 3993 V1_exvivo
11 8508928 V2_exvivo
12 10027163 MT_exvivo
13 16422433 perirhinal_exvivo
14 16392598 entorhinal_exvivo
Mapping unhit to unknown
Found 90530 unhit vertices
Writing annot to /out/sourcedata/freesurfer/sub-v2s9x29167_ses-1/label/lh.BA_exvivo.thresh.annot

 mris_anatomical_stats -th3 -mgz -noglobal -f ../stats/lh.BA_exvivo.stats -b -a ./lh.BA_exvivo.annot -c ./BA_exvivo.ctab sub-v2s9x29167_ses-1 lh white 

computing statistics for each annotation in ./lh.BA_exvivo.annot.
reading volume /out/sourcedata/freesurfer/sub-v2s9x29167_ses-1/mri/wm.mgz...
reading input surface /out/sourcedata/freesurfer/sub-v2s9x29167_ses-1/surf/lh.white...
reading input pial surface /out/sourcedata/freesurfer/sub-v2s9x29167_ses-1/surf/lh.pial...
reading input white surface /out/sourcedata/freesurfer/sub-v2s9x29167_ses-1/surf/lh.white...
INFO: using TH3 volume calc
INFO: assuming MGZ format for volumes.
INFO: not computing global stats
Using TH3 vertex volume calc
Total face volume 244940
Total vertex volume 244722 (mask=0)
Saving annotation colortable ./BA_exvivo.ctab

table columns are:
    number of vertices
    total surface area (mm^2)
    total gray matter volume (mm^3)
    average cortical thickness +- standard deviation (mm)
    integrated rectified mean curvature
    integrated rectified Gaussian curvature
    folding index
    intrinsic curvature index
    structure name

  919    680   2392  2.565 0.689     0.151     0.027       17     1.0  BA1_exvivo
 3375   2316   6516  2.644 0.609     0.092     0.016       21     2.2  BA2_exvivo
 1036    666   1034  2.014 0.469     0.121     0.024        8     1.0  BA3a_exvivo
 2035   1467   3704  2.058 0.802     0.105     0.019       21     1.4  BA3b_exvivo
 1430    967   3497  3.070 0.694     0.099     0.018        9     1.1  BA4a_exvivo
 1162    750   1856  2.563 0.500     0.071     0.013        4     0.5  BA4p_exvivo
 7165   5217  20174  3.212 0.623     0.116     0.025       72     7.2  BA6_exvivo
 2030   1414   4641  2.958 0.541     0.101     0.017       20     1.4  BA44_exvivo
 2455   1847   7632  3.304 0.681     0.127     0.026       31     2.5  BA45_exvivo
 3030   2381   4454  1.935 0.642     0.153     0.043       39     5.6  V1_exvivo
 7864   6011  15967  2.380 0.695     0.155     0.039      127    13.9  V2_exvivo
 1777   1230   4000  2.886 0.698     0.106     0.020       15     1.5  MT_exvivo
  533    361   1282  2.948 0.716     0.097     0.017        4     0.4  perirhinal_exvivo
  548    358   1834  3.042 1.276     0.105     0.033        8     0.5  entorhinal_exvivo

 mris_anatomical_stats -th3 -mgz -f ../stats/lh.BA_exvivo.thresh.stats -noglobal -b -a ./lh.BA_exvivo.thresh.annot -c ./BA_exvivo.thresh.ctab sub-v2s9x29167_ses-1 lh white 

computing statistics for each annotation in ./lh.BA_exvivo.thresh.annot.
reading volume /out/sourcedata/freesurfer/sub-v2s9x29167_ses-1/mri/wm.mgz...
reading input surface /out/sourcedata/freesurfer/sub-v2s9x29167_ses-1/surf/lh.white...
reading input pial surface /out/sourcedata/freesurfer/sub-v2s9x29167_ses-1/surf/lh.pial...
reading input white surface /out/sourcedata/freesurfer/sub-v2s9x29167_ses-1/surf/lh.white...
INFO: using TH3 volume calc
INFO: assuming MGZ format for volumes.
INFO: not computing global stats
Using TH3 vertex volume calc
Total face volume 244940
Total vertex volume 244722 (mask=0)
Saving annotation colortable ./BA_exvivo.thresh.ctab

table columns are:
    number of vertices
    total surface area (mm^2)
    total gray matter volume (mm^3)
    average cortical thickness +- standard deviation (mm)
    integrated rectified mean curvature
    integrated rectified Gaussian curvature
    folding index
    intrinsic curvature index
    structure name

  570    422   1435  2.586 0.580     0.166     0.033       12     0.7  BA1_exvivo
 1324    866   2602  2.564 0.652     0.075     0.012        6     0.6  BA2_exvivo
  856    549    801  1.970 0.412     0.122     0.024        6     0.8  BA3a_exvivo
 1337    946   1653  1.647 0.475     0.076     0.010        6     0.6  BA3b_exvivo
 1352    910   3226  3.056 0.656     0.086     0.017        6     0.9  BA4a_exvivo
  989    635   1509  2.483 0.501     0.074     0.013        4     0.5  BA4p_exvivo
 4091   3016  11909  3.223 0.615     0.121     0.027       46     4.3  BA6_exvivo
 1237    884   3007  2.968 0.444     0.106     0.018       12     0.8  BA44_exvivo
 1012    785   3927  3.658 0.602     0.137     0.030       15     1.1  BA45_exvivo
 3253   2588   4970  1.930 0.639     0.158     0.043       45     6.2  V1_exvivo
 3959   3083   8075  2.318 0.662     0.159     0.041       64     7.2  V2_exvivo
  478    338   1234  2.907 0.659     0.105     0.017        3     0.4  MT_exvivo
  222    144    556  3.088 0.624     0.067     0.010        0     0.1  perirhinal_exvivo
  335    215   1340  3.783 0.607     0.078     0.017        2     0.2  entorhinal_exvivo

Started at Sat Mar 14 12:07:55 CET 2026 
Ended   at Sat Mar 14 12:09:44 CET 2026
#@#%# recon-all-run-time-hours 0.030
recon-all -s sub-v2s9x29167_ses-1 finished without error at Sat Mar 14 12:09:44 CET 2026
