
Sat Mar 14 11:41:29 CET 2026
cd /out/sourcedata/freesurfer/sub-v2s9x29158_ses-1
setenv SUBJECTS_DIR /out/sourcedata/freesurfer
/opt/freesurfer/bin/recon-all -autorecon-hemi lh -noparcstats -noparcstats2 -noparcstats3 -nohyporelabel -nobalabels -lh-only -openmp 16 -subjid sub-v2s9x29158_ses-1 -sd /out/sourcedata/freesurfer

subjid sub-v2s9x29158_ses-1
setenv SUBJECTS_DIR /out/sourcedata/freesurfer
FREESURFER_HOME /opt/freesurfer
Actual FREESURFER_HOME /opt/freesurfer
build-stamp.txt: freesurfer-linux-ubuntu22_x86_64-7.3.2-20220804-6354275
Linux dna072 5.14.0-427.37.1.el9_4.x86_64 #1 SMP PREEMPT_DYNAMIC Fri Sep 13 12:41:50 EDT 2024 x86_64 x86_64 x86_64 GNU/Linux
cputime      unlimited
filesize     unlimited
datasize     unlimited
stacksize    8192 kbytes
coredumpsize 0 kbytes
memoryuse    67108864 kbytes
vmemoryuse   unlimited
descriptors  1024 
memorylocked unlimited
maxproc      2061970 
maxlocks     unlimited
maxsignal    2062029 
maxmessage   819200 
maxnice      0 
maxrtprio    0 
maxrttime    unlimited

               total        used        free      shared  buff/cache   available
Mem:           503Gi        45Gi       319Gi        15Gi       138Gi       439Gi
Swap:             0B          0B          0B

########################################
program versions used
7.3.2 (freesurfer-linux-ubuntu22_x86_64-7.3.2-20220804-6354275)
7.3.2

ProgramName: lta_convert  ProgramArguments: lta_convert -all-info  ProgramVersion: 7.3.2  TimeStamp: 2026/03/14-10:41:29-GMT  BuildTime: Aug  4 2022 06:17:15  BuildStamp: freesurfer-linux-ubuntu22_x86_64-7.3.2-20220804-6354275  User: oesteban  Machine: dna072  Platform: Linux  PlatformVersion: 5.14.0-427.37.1.el9_4.x86_64  CompilerName: GCC  CompilerVersion: 8.4.0
ProgramName: mri_and  ProgramArguments: mri_and -all-info  ProgramVersion: 7.3.2  TimeStamp: 2026/03/14-10:41:29-GMT  BuildTime: Aug  4 2022 06:17:15  BuildStamp: freesurfer-linux-ubuntu22_x86_64-7.3.2-20220804-6354275  User: oesteban  Machine: dna072  Platform: Linux  PlatformVersion: 5.14.0-427.37.1.el9_4.x86_64  CompilerName: GCC  CompilerVersion: 8.4.0
ProgramName: mri_annotation2label  ProgramArguments: mri_annotation2label -all-info  ProgramVersion: 7.3.2  TimeStamp: 2026/03/14-10:41:29-GMT  BuildTime: Aug  4 2022 06:17:15  BuildStamp: freesurfer-linux-ubuntu22_x86_64-7.3.2-20220804-6354275  User: oesteban  Machine: dna072  Platform: Linux  PlatformVersion: 5.14.0-427.37.1.el9_4.x86_64  CompilerName: GCC  CompilerVersion: 8.4.0
ProgramName: mri_aparc2aseg  ProgramArguments: mri_aparc2aseg -all-info  ProgramVersion: 7.3.2  TimeStamp: 2026/03/14-10:41:29-GMT  BuildTime: Aug  4 2022 06:17:15  BuildStamp: freesurfer-linux-ubuntu22_x86_64-7.3.2-20220804-6354275  User: oesteban  Machine: dna072  Platform: Linux  PlatformVersion: 5.14.0-427.37.1.el9_4.x86_64  CompilerName: GCC  CompilerVersion: 8.4.0
ProgramName: mri_surf2volseg  ProgramArguments: mri_surf2volseg -all-info  ProgramVersion: 7.3.2  TimeStamp: 2026/03/14-10:41:29-GMT  BuildTime: Aug  4 2022 06:17:15  BuildStamp: freesurfer-linux-ubuntu22_x86_64-7.3.2-20220804-6354275  User: oesteban  Machine: dna072  Platform: Linux  PlatformVersion: 5.14.0-427.37.1.el9_4.x86_64  CompilerName: GCC  CompilerVersion: 8.4.0
ProgramName: mri_binarize  ProgramArguments: mri_binarize -all-info  ProgramVersion: 7.3.2  TimeStamp: 2026/03/14-10:41:29-GMT  BuildTime: Aug  4 2022 06:17:15  BuildStamp: freesurfer-linux-ubuntu22_x86_64-7.3.2-20220804-6354275  User: oesteban  Machine: dna072  Platform: Linux  PlatformVersion: 5.14.0-427.37.1.el9_4.x86_64  CompilerName: GCC  CompilerVersion: 8.4.0
ProgramName: mri_ca_label  ProgramArguments: mri_ca_label -all-info  ProgramVersion: 7.3.2  TimeStamp: 2026/03/14-10:41:29-GMT  BuildTime: Aug  4 2022 06:17:15  BuildStamp: freesurfer-linux-ubuntu22_x86_64-7.3.2-20220804-6354275  User: oesteban  Machine: dna072  Platform: Linux  PlatformVersion: 5.14.0-427.37.1.el9_4.x86_64  CompilerName: GCC  CompilerVersion: 8.4.0
ProgramName: mri_ca_normalize  ProgramArguments: mri_ca_normalize -all-info  ProgramVersion: 7.3.2  TimeStamp: 2026/03/14-10:41:29-GMT  BuildTime: Aug  4 2022 06:17:15  BuildStamp: freesurfer-linux-ubuntu22_x86_64-7.3.2-20220804-6354275  User: oesteban  Machine: dna072  Platform: Linux  PlatformVersion: 5.14.0-427.37.1.el9_4.x86_64  CompilerName: GCC  CompilerVersion: 8.4.0
ProgramName: mri_ca_register  ProgramArguments: mri_ca_register -all-info  ProgramVersion: 7.3.2  TimeStamp: 2026/03/14-10:41:29-GMT  BuildTime: Aug  4 2022 06:17:15  BuildStamp: freesurfer-linux-ubuntu22_x86_64-7.3.2-20220804-6354275  User: oesteban  Machine: dna072  Platform: Linux  PlatformVersion: 5.14.0-427.37.1.el9_4.x86_64  CompilerName: GCC  CompilerVersion: 8.4.0
ProgramName: mri_cc  ProgramArguments: mri_cc -all-info  ProgramVersion: 7.3.2  TimeStamp: 2026/03/14-10:41:29-GMT  BuildTime: Aug  4 2022 06:17:15  BuildStamp: freesurfer-linux-ubuntu22_x86_64-7.3.2-20220804-6354275  User: oesteban  Machine: dna072  Platform: Linux  PlatformVersion: 5.14.0-427.37.1.el9_4.x86_64  CompilerName: GCC  CompilerVersion: 8.4.0
ProgramName: mri_compute_overlap  ProgramArguments: mri_compute_overlap -all-info  ProgramVersion: 7.3.2  TimeStamp: 2026/03/14-10:41:29-GMT  BuildTime: Aug  4 2022 06:17:15  BuildStamp: freesurfer-linux-ubuntu22_x86_64-7.3.2-20220804-6354275  User: oesteban  Machine: dna072  Platform: Linux  PlatformVersion: 5.14.0-427.37.1.el9_4.x86_64  CompilerName: GCC  CompilerVersion: 8.4.0
ProgramName: mri_compute_seg_overlap  ProgramArguments: mri_compute_seg_overlap -all-info  ProgramVersion: 7.3.2  TimeStamp: 2026/03/14-10:41:29-GMT  BuildTime: Aug  4 2022 06:17:15  BuildStamp: freesurfer-linux-ubuntu22_x86_64-7.3.2-20220804-6354275  User: oesteban  Machine: dna072  Platform: Linux  PlatformVersion: 5.14.0-427.37.1.el9_4.x86_64  CompilerName: GCC  CompilerVersion: 8.4.0
ProgramName: mri_concat  ProgramArguments: mri_concat -all-info  ProgramVersion: 7.3.2  TimeStamp: 2026/03/14-10:41:29-GMT  BuildTime: Aug  4 2022 06:17:15  BuildStamp: freesurfer-linux-ubuntu22_x86_64-7.3.2-20220804-6354275  User: oesteban  Machine: dna072  Platform: Linux  PlatformVersion: 5.14.0-427.37.1.el9_4.x86_64  CompilerName: GCC  CompilerVersion: 8.4.0
ProgramName: mri_concatenate_lta  ProgramArguments: mri_concatenate_lta -all-info  ProgramVersion: 7.3.2  TimeStamp: 2026/03/14-10:41:29-GMT  BuildTime: Aug  4 2022 06:17:15  BuildStamp: freesurfer-linux-ubuntu22_x86_64-7.3.2-20220804-6354275  User: oesteban  Machine: dna072  Platform: Linux  PlatformVersion: 5.14.0-427.37.1.el9_4.x86_64  CompilerName: GCC  CompilerVersion: 8.4.0
mri_convert -all-info 
ProgramName: mri_convert  ProgramArguments: mri_convert -all-info  ProgramVersion: 7.3.2  TimeStamp: 2026/03/14-10:41:29-GMT  BuildTime: Aug  4 2022 06:17:15  BuildStamp: freesurfer-linux-ubuntu22_x86_64-7.3.2-20220804-6354275  User: oesteban  Machine: dna072  Platform: Linux  PlatformVersion: 5.14.0-427.37.1.el9_4.x86_64  CompilerName: GCC  CompilerVersion: 8.4.0
ProgramName: mri_diff  ProgramArguments: mri_diff -all-info  ProgramVersion: 7.3.2  TimeStamp: 2026/03/14-10:41:29-GMT  BuildTime: Aug  4 2022 06:17:15  BuildStamp: freesurfer-linux-ubuntu22_x86_64-7.3.2-20220804-6354275  User: oesteban  Machine: dna072  Platform: Linux  PlatformVersion: 5.14.0-427.37.1.el9_4.x86_64  CompilerName: GCC  CompilerVersion: 8.4.0
ProgramName: mri_edit_wm_with_aseg  ProgramArguments: mri_edit_wm_with_aseg -all-info  ProgramVersion: 7.3.2  TimeStamp: 2026/03/14-10:41:29-GMT  BuildTime: Aug  4 2022 06:17:15  BuildStamp: freesurfer-linux-ubuntu22_x86_64-7.3.2-20220804-6354275  User: oesteban  Machine: dna072  Platform: Linux  PlatformVersion: 5.14.0-427.37.1.el9_4.x86_64  CompilerName: GCC  CompilerVersion: 8.4.0
ProgramName: mri_em_register  ProgramArguments: mri_em_register -all-info  ProgramVersion: 7.3.2  TimeStamp: 2026/03/14-10:41:29-GMT  BuildTime: Aug  4 2022 06:17:15  BuildStamp: freesurfer-linux-ubuntu22_x86_64-7.3.2-20220804-6354275  User: oesteban  Machine: dna072  Platform: Linux  PlatformVersion: 5.14.0-427.37.1.el9_4.x86_64  CompilerName: GCC  CompilerVersion: 8.4.0
ProgramName: mri_fill  ProgramArguments: mri_fill -all-info  ProgramVersion: 7.3.2  TimeStamp: 2026/03/14-10:41:29-GMT  BuildTime: Aug  4 2022 06:17:15  BuildStamp: freesurfer-linux-ubuntu22_x86_64-7.3.2-20220804-6354275  User: oesteban  Machine: dna072  Platform: Linux  PlatformVersion: 5.14.0-427.37.1.el9_4.x86_64  CompilerName: GCC  CompilerVersion: 8.4.0
ProgramName: mri_fuse_segmentations  ProgramArguments: mri_fuse_segmentations -all-info  ProgramVersion: 7.3.2  TimeStamp: 2026/03/14-10:41:29-GMT  BuildTime: Aug  4 2022 06:17:15  BuildStamp: freesurfer-linux-ubuntu22_x86_64-7.3.2-20220804-6354275  User: oesteban  Machine: dna072  Platform: Linux  PlatformVersion: 5.14.0-427.37.1.el9_4.x86_64  CompilerName: GCC  CompilerVersion: 8.4.0
ProgramName: mri_fwhm  ProgramArguments: mri_fwhm -all-info  ProgramVersion: 7.3.2  TimeStamp: 2026/03/14-10:41:29-GMT  BuildTime: Aug  4 2022 06:17:15  BuildStamp: freesurfer-linux-ubuntu22_x86_64-7.3.2-20220804-6354275  User: oesteban  Machine: dna072  Platform: Linux  PlatformVersion: 5.14.0-427.37.1.el9_4.x86_64  CompilerName: GCC  CompilerVersion: 8.4.0
ProgramName: mri_gcut  ProgramArguments: mri_gcut -all-info  ProgramVersion: 7.3.2  TimeStamp: 2026/03/14-10:41:29-GMT  BuildTime: Aug  4 2022 06:17:15  BuildStamp: freesurfer-linux-ubuntu22_x86_64-7.3.2-20220804-6354275  User: oesteban  Machine: dna072  Platform: Linux  PlatformVersion: 5.14.0-427.37.1.el9_4.x86_64  CompilerName: GCC  CompilerVersion: 8.4.0
ProgramName: mri_info  ProgramArguments: mri_info -all-info  ProgramVersion: 7.3.2  TimeStamp: 2026/03/14-10:41:29-GMT  BuildTime: Aug  4 2022 06:17:15  BuildStamp: freesurfer-linux-ubuntu22_x86_64-7.3.2-20220804-6354275  User: oesteban  Machine: dna072  Platform: Linux  PlatformVersion: 5.14.0-427.37.1.el9_4.x86_64  CompilerName: GCC  CompilerVersion: 8.4.0
ProgramName: mri_label2label  ProgramArguments: mri_label2label -all-info  ProgramVersion: 7.3.2  TimeStamp: 2026/03/14-10:41:29-GMT  BuildTime: Aug  4 2022 06:17:15  BuildStamp: freesurfer-linux-ubuntu22_x86_64-7.3.2-20220804-6354275  User: oesteban  Machine: dna072  Platform: Linux  PlatformVersion: 5.14.0-427.37.1.el9_4.x86_64  CompilerName: GCC  CompilerVersion: 8.4.0
ProgramName: mri_label2vol  ProgramArguments: mri_label2vol -all-info  ProgramVersion: 7.3.2  TimeStamp: 2026/03/14-10:41:29-GMT  BuildTime: Aug  4 2022 06:17:15  BuildStamp: freesurfer-linux-ubuntu22_x86_64-7.3.2-20220804-6354275  User: oesteban  Machine: dna072  Platform: Linux  PlatformVersion: 5.14.0-427.37.1.el9_4.x86_64  CompilerName: GCC  CompilerVersion: 8.4.0
ProgramName: mri_log_likelihood  ProgramArguments: mri_log_likelihood -all-info  ProgramVersion: 7.3.2  TimeStamp: 2026/03/14-10:41:29-GMT  BuildTime: Aug  4 2022 06:17:15  BuildStamp: freesurfer-linux-ubuntu22_x86_64-7.3.2-20220804-6354275  User: oesteban  Machine: dna072  Platform: Linux  PlatformVersion: 5.14.0-427.37.1.el9_4.x86_64  CompilerName: GCC  CompilerVersion: 8.4.0
ProgramName: mri_mask  ProgramArguments: mri_mask -all-info  ProgramVersion: 7.3.2  TimeStamp: 2026/03/14-10:41:29-GMT  BuildTime: Aug  4 2022 06:17:15  BuildStamp: freesurfer-linux-ubuntu22_x86_64-7.3.2-20220804-6354275  User: oesteban  Machine: dna072  Platform: Linux  PlatformVersion: 5.14.0-427.37.1.el9_4.x86_64  CompilerName: GCC  CompilerVersion: 8.4.0
ProgramName: mri_matrix_multiply  ProgramArguments: mri_matrix_multiply -all-info  ProgramVersion: 7.3.2  TimeStamp: 2026/03/14-10:41:29-GMT  BuildTime: Aug  4 2022 06:17:15  BuildStamp: freesurfer-linux-ubuntu22_x86_64-7.3.2-20220804-6354275  User: oesteban  Machine: dna072  Platform: Linux  PlatformVersion: 5.14.0-427.37.1.el9_4.x86_64  CompilerName: GCC  CompilerVersion: 8.4.0
ProgramName: mri_normalize  ProgramArguments: mri_normalize -all-info  ProgramVersion: 7.3.2  TimeStamp: 2026/03/14-10:41:29-GMT  BuildTime: Aug  4 2022 06:17:15  BuildStamp: freesurfer-linux-ubuntu22_x86_64-7.3.2-20220804-6354275  User: oesteban  Machine: dna072  Platform: Linux  PlatformVersion: 5.14.0-427.37.1.el9_4.x86_64  CompilerName: GCC  CompilerVersion: 8.4.0
ProgramName: mri_normalize_tp2  ProgramArguments: mri_normalize_tp2 -all-info  ProgramVersion: 7.3.2  TimeStamp: 2026/03/14-10:41:29-GMT  BuildTime: Aug  4 2022 06:17:15  BuildStamp: freesurfer-linux-ubuntu22_x86_64-7.3.2-20220804-6354275  User: oesteban  Machine: dna072  Platform: Linux  PlatformVersion: 5.14.0-427.37.1.el9_4.x86_64  CompilerName: GCC  CompilerVersion: 8.4.0
ProgramName: mri_or  ProgramArguments: mri_or -all-info  ProgramVersion: 7.3.2  TimeStamp: 2026/03/14-10:41:29-GMT  BuildTime: Aug  4 2022 06:17:15  BuildStamp: freesurfer-linux-ubuntu22_x86_64-7.3.2-20220804-6354275  User: oesteban  Machine: dna072  Platform: Linux  PlatformVersion: 5.14.0-427.37.1.el9_4.x86_64  CompilerName: GCC  CompilerVersion: 8.4.0
ProgramName: mri_relabel_hypointensities  ProgramArguments: mri_relabel_hypointensities -all-info  ProgramVersion: 7.3.2  TimeStamp: 2026/03/14-10:41:29-GMT  BuildTime: Aug  4 2022 06:17:15  BuildStamp: freesurfer-linux-ubuntu22_x86_64-7.3.2-20220804-6354275  User: oesteban  Machine: dna072  Platform: Linux  PlatformVersion: 5.14.0-427.37.1.el9_4.x86_64  CompilerName: GCC  CompilerVersion: 8.4.0
ProgramName: mri_relabel_nonwm_hypos  ProgramArguments: mri_relabel_nonwm_hypos -all-info  ProgramVersion: 7.3.2  TimeStamp: 2026/03/14-10:41:29-GMT  BuildTime: Aug  4 2022 06:17:15  BuildStamp: freesurfer-linux-ubuntu22_x86_64-7.3.2-20220804-6354275  User: oesteban  Machine: dna072  Platform: Linux  PlatformVersion: 5.14.0-427.37.1.el9_4.x86_64  CompilerName: GCC  CompilerVersion: 8.4.0
ProgramName: mri_remove_neck  ProgramArguments: mri_remove_neck -all-info  ProgramVersion: 7.3.2  TimeStamp: 2026/03/14-10:41:29-GMT  BuildTime: Aug  4 2022 06:17:15  BuildStamp: freesurfer-linux-ubuntu22_x86_64-7.3.2-20220804-6354275  User: oesteban  Machine: dna072  Platform: Linux  PlatformVersion: 5.14.0-427.37.1.el9_4.x86_64  CompilerName: GCC  CompilerVersion: 8.4.0
7.3.2

ProgramName: mri_robust_register  ProgramArguments: mri_robust_register -all-info  ProgramVersion: 7.3.2  TimeStamp: 2026/03/14-10:41:29-GMT  BuildTime: Aug  4 2022 06:17:15  BuildStamp: freesurfer-linux-ubuntu22_x86_64-7.3.2-20220804-6354275  User: oesteban  Machine: dna072  Platform: Linux  PlatformVersion: 5.14.0-427.37.1.el9_4.x86_64  CompilerName: GCC  CompilerVersion: 8.4.0
7.3.2

ProgramName: mri_robust_template  ProgramArguments: mri_robust_template -all-info  ProgramVersion: 7.3.2  TimeStamp: 2026/03/14-10:41:29-GMT  BuildTime: Aug  4 2022 06:17:15  BuildStamp: freesurfer-linux-ubuntu22_x86_64-7.3.2-20220804-6354275  User: oesteban  Machine: dna072  Platform: Linux  PlatformVersion: 5.14.0-427.37.1.el9_4.x86_64  CompilerName: GCC  CompilerVersion: 8.4.0
ProgramName: mris_anatomical_stats  ProgramArguments: mris_anatomical_stats -all-info  ProgramVersion: 7.3.2  TimeStamp: 2026/03/14-10:41:29-GMT  BuildTime: Aug  4 2022 06:17:15  BuildStamp: freesurfer-linux-ubuntu22_x86_64-7.3.2-20220804-6354275  User: oesteban  Machine: dna072  Platform: Linux  PlatformVersion: 5.14.0-427.37.1.el9_4.x86_64  CompilerName: GCC  CompilerVersion: 8.4.0
ProgramName: mris_ca_label  ProgramArguments: mris_ca_label -all-info  ProgramVersion: 7.3.2  TimeStamp: 2026/03/14-10:41:29-GMT  BuildTime: Aug  4 2022 06:17:15  BuildStamp: freesurfer-linux-ubuntu22_x86_64-7.3.2-20220804-6354275  User: oesteban  Machine: dna072  Platform: Linux  PlatformVersion: 5.14.0-427.37.1.el9_4.x86_64  CompilerName: GCC  CompilerVersion: 8.4.0
ProgramName: mris_calc  ProgramArguments: mris_calc -all-info  ProgramVersion: 7.3.2  TimeStamp: 2026/03/14-10:41:29-GMT  BuildTime: Aug  4 2022 06:17:15  BuildStamp: freesurfer-linux-ubuntu22_x86_64-7.3.2-20220804-6354275  User: oesteban  Machine: dna072  Platform: Linux  PlatformVersion: 5.14.0-427.37.1.el9_4.x86_64  CompilerName: GCC  CompilerVersion: 8.4.0
ProgramName: mris_convert  ProgramArguments: mris_convert -all-info  ProgramVersion: 7.3.2  TimeStamp: 2026/03/14-10:41:29-GMT  BuildTime: Aug  4 2022 06:17:15  BuildStamp: freesurfer-linux-ubuntu22_x86_64-7.3.2-20220804-6354275  User: oesteban  Machine: dna072  Platform: Linux  PlatformVersion: 5.14.0-427.37.1.el9_4.x86_64  CompilerName: GCC  CompilerVersion: 8.4.0
ProgramName: mris_curvature  ProgramArguments: mris_curvature -all-info  ProgramVersion: 7.3.2  TimeStamp: 2026/03/14-10:41:29-GMT  BuildTime: Aug  4 2022 06:17:15  BuildStamp: freesurfer-linux-ubuntu22_x86_64-7.3.2-20220804-6354275  User: oesteban  Machine: dna072  Platform: Linux  PlatformVersion: 5.14.0-427.37.1.el9_4.x86_64  CompilerName: GCC  CompilerVersion: 8.4.0
ProgramName: mris_curvature_stats  ProgramArguments: mris_curvature_stats -all-info  ProgramVersion: 7.3.2  TimeStamp: 2026/03/14-10:41:29-GMT  BuildTime: Aug  4 2022 06:17:15  BuildStamp: freesurfer-linux-ubuntu22_x86_64-7.3.2-20220804-6354275  User: oesteban  Machine: dna072  Platform: Linux  PlatformVersion: 5.14.0-427.37.1.el9_4.x86_64  CompilerName: GCC  CompilerVersion: 8.4.0
ProgramName: mris_diff  ProgramArguments: mris_diff -all-info  ProgramVersion: 7.3.2  TimeStamp: 2026/03/14-10:41:29-GMT  BuildTime: Aug  4 2022 06:17:15  BuildStamp: freesurfer-linux-ubuntu22_x86_64-7.3.2-20220804-6354275  User: oesteban  Machine: dna072  Platform: Linux  PlatformVersion: 5.14.0-427.37.1.el9_4.x86_64  CompilerName: GCC  CompilerVersion: 8.4.0
ProgramName: mris_divide_parcellation  ProgramArguments: mris_divide_parcellation -all-info  ProgramVersion: 7.3.2  TimeStamp: 2026/03/14-10:41:29-GMT  BuildTime: Aug  4 2022 06:17:15  BuildStamp: freesurfer-linux-ubuntu22_x86_64-7.3.2-20220804-6354275  User: oesteban  Machine: dna072  Platform: Linux  PlatformVersion: 5.14.0-427.37.1.el9_4.x86_64  CompilerName: GCC  CompilerVersion: 8.4.0
ProgramName: mri_segment  ProgramArguments: mri_segment -all-info  ProgramVersion: 7.3.2  TimeStamp: 2026/03/14-10:41:29-GMT  BuildTime: Aug  4 2022 06:17:15  BuildStamp: freesurfer-linux-ubuntu22_x86_64-7.3.2-20220804-6354275  User: oesteban  Machine: dna072  Platform: Linux  PlatformVersion: 5.14.0-427.37.1.el9_4.x86_64  CompilerName: GCC  CompilerVersion: 8.4.0
ProgramName: mri_segstats  ProgramArguments: mri_segstats -all-info  ProgramVersion: 7.3.2  TimeStamp: 2026/03/14-10:41:29-GMT  BuildTime: Aug  4 2022 06:17:15  BuildStamp: freesurfer-linux-ubuntu22_x86_64-7.3.2-20220804-6354275  User: oesteban  Machine: dna072  Platform: Linux  PlatformVersion: 5.14.0-427.37.1.el9_4.x86_64  CompilerName: GCC  CompilerVersion: 8.4.0
ProgramName: mris_euler_number  ProgramArguments: mris_euler_number -all-info  ProgramVersion: 7.3.2  TimeStamp: 2026/03/14-10:41:29-GMT  BuildTime: Aug  4 2022 06:17:15  BuildStamp: freesurfer-linux-ubuntu22_x86_64-7.3.2-20220804-6354275  User: oesteban  Machine: dna072  Platform: Linux  PlatformVersion: 5.14.0-427.37.1.el9_4.x86_64  CompilerName: GCC  CompilerVersion: 8.4.0
ProgramName: mris_fix_topology  ProgramArguments: mris_fix_topology -all-info  ProgramVersion: 7.3.2  TimeStamp: 2026/03/14-10:41:29-GMT  BuildTime: Aug  4 2022 06:17:15  BuildStamp: freesurfer-linux-ubuntu22_x86_64-7.3.2-20220804-6354275  User: oesteban  Machine: dna072  Platform: Linux  PlatformVersion: 5.14.0-427.37.1.el9_4.x86_64  CompilerName: GCC  CompilerVersion: 8.4.0
ProgramName: mris_topo_fixer  ProgramArguments: mris_topo_fixer -all-info  ProgramVersion: 7.3.2  TimeStamp: 2026/03/14-10:41:29-GMT  BuildTime: Aug  4 2022 06:17:15  BuildStamp: freesurfer-linux-ubuntu22_x86_64-7.3.2-20220804-6354275  User: oesteban  Machine: dna072  Platform: Linux  PlatformVersion: 5.14.0-427.37.1.el9_4.x86_64  CompilerName: GCC  CompilerVersion: 8.4.0
ProgramName: mris_jacobian  ProgramArguments: mris_jacobian -all-info  ProgramVersion: 7.3.2  TimeStamp: 2026/03/14-10:41:29-GMT  BuildTime: Aug  4 2022 06:17:15  BuildStamp: freesurfer-linux-ubuntu22_x86_64-7.3.2-20220804-6354275  User: oesteban  Machine: dna072  Platform: Linux  PlatformVersion: 5.14.0-427.37.1.el9_4.x86_64  CompilerName: GCC  CompilerVersion: 8.4.0
ProgramName: mris_label2annot  ProgramArguments: mris_label2annot -all-info  ProgramVersion: 7.3.2  TimeStamp: 2026/03/14-10:41:29-GMT  BuildTime: Aug  4 2022 06:17:15  BuildStamp: freesurfer-linux-ubuntu22_x86_64-7.3.2-20220804-6354275  User: oesteban  Machine: dna072  Platform: Linux  PlatformVersion: 5.14.0-427.37.1.el9_4.x86_64  CompilerName: GCC  CompilerVersion: 8.4.0
ProgramName: mris_left_right_register  ProgramArguments: mris_left_right_register -all-info  ProgramVersion: 7.3.2  TimeStamp: 2026/03/14-10:41:29-GMT  BuildTime: Aug  4 2022 06:17:15  BuildStamp: freesurfer-linux-ubuntu22_x86_64-7.3.2-20220804-6354275  User: oesteban  Machine: dna072  Platform: Linux  PlatformVersion: 5.14.0-427.37.1.el9_4.x86_64  CompilerName: GCC  CompilerVersion: 8.4.0
ProgramName: mris_place_surface  ProgramArguments: mris_place_surface -all-info  ProgramVersion: 7.3.2  TimeStamp: 2026/03/14-10:41:29-GMT  BuildTime: Aug  4 2022 06:17:15  BuildStamp: freesurfer-linux-ubuntu22_x86_64-7.3.2-20220804-6354275  User: oesteban  Machine: dna072  Platform: Linux  PlatformVersion: 5.14.0-427.37.1.el9_4.x86_64  CompilerName: GCC  CompilerVersion: 8.4.0
ProgramName: mrisp_paint  ProgramArguments: mrisp_paint -all-info  ProgramVersion: 7.3.2  TimeStamp: 2026/03/14-10:41:29-GMT  BuildTime: Aug  4 2022 06:17:15  BuildStamp: freesurfer-linux-ubuntu22_x86_64-7.3.2-20220804-6354275  User: oesteban  Machine: dna072  Platform: Linux  PlatformVersion: 5.14.0-427.37.1.el9_4.x86_64  CompilerName: GCC  CompilerVersion: 8.4.0
ProgramName: mris_register  ProgramArguments: mris_register -all-info  ProgramVersion: 7.3.2  TimeStamp: 2026/03/14-10:41:29-GMT  BuildTime: Aug  4 2022 06:17:15  BuildStamp: freesurfer-linux-ubuntu22_x86_64-7.3.2-20220804-6354275  User: oesteban  Machine: dna072  Platform: Linux  PlatformVersion: 5.14.0-427.37.1.el9_4.x86_64  CompilerName: GCC  CompilerVersion: 8.4.0
ProgramName: mris_smooth  ProgramArguments: mris_smooth -all-info  ProgramVersion: 7.3.2  TimeStamp: 2026/03/14-10:41:29-GMT  BuildTime: Aug  4 2022 06:17:15  BuildStamp: freesurfer-linux-ubuntu22_x86_64-7.3.2-20220804-6354275  User: oesteban  Machine: dna072  Platform: Linux  PlatformVersion: 5.14.0-427.37.1.el9_4.x86_64  CompilerName: GCC  CompilerVersion: 8.4.0
ProgramName: mris_sphere  ProgramArguments: mris_sphere -all-info  ProgramVersion: 7.3.2  TimeStamp: 2026/03/14-10:41:29-GMT  BuildTime: Aug  4 2022 06:17:15  BuildStamp: freesurfer-linux-ubuntu22_x86_64-7.3.2-20220804-6354275  User: oesteban  Machine: dna072  Platform: Linux  PlatformVersion: 5.14.0-427.37.1.el9_4.x86_64  CompilerName: GCC  CompilerVersion: 8.4.0
ProgramName: mris_surface_stats  ProgramArguments: mris_surface_stats -all-info  ProgramVersion: 7.3.2  TimeStamp: 2026/03/14-10:41:29-GMT  BuildTime: Aug  4 2022 06:17:15  BuildStamp: freesurfer-linux-ubuntu22_x86_64-7.3.2-20220804-6354275  User: oesteban  Machine: dna072  Platform: Linux  PlatformVersion: 5.14.0-427.37.1.el9_4.x86_64  CompilerName: GCC  CompilerVersion: 8.4.0
ProgramName: mri_stats2seg  ProgramArguments: mri_stats2seg -all-info  ProgramVersion: 7.3.2  TimeStamp: 2026/03/14-10:41:29-GMT  BuildTime: Aug  4 2022 06:17:15  BuildStamp: freesurfer-linux-ubuntu22_x86_64-7.3.2-20220804-6354275  User: oesteban  Machine: dna072  Platform: Linux  PlatformVersion: 5.14.0-427.37.1.el9_4.x86_64  CompilerName: GCC  CompilerVersion: 8.4.0
ProgramName: mris_thickness  ProgramArguments: mris_thickness -all-info  ProgramVersion: 7.3.2  TimeStamp: 2026/03/14-10:41:29-GMT  BuildTime: Aug  4 2022 06:17:15  BuildStamp: freesurfer-linux-ubuntu22_x86_64-7.3.2-20220804-6354275  User: oesteban  Machine: dna072  Platform: Linux  PlatformVersion: 5.14.0-427.37.1.el9_4.x86_64  CompilerName: GCC  CompilerVersion: 8.4.0
ProgramName: mris_thickness_diff  ProgramArguments: mris_thickness_diff -all-info  ProgramVersion: 7.3.2  TimeStamp: 2026/03/14-10:41:29-GMT  BuildTime: Aug  4 2022 06:17:15  BuildStamp: freesurfer-linux-ubuntu22_x86_64-7.3.2-20220804-6354275  User: oesteban  Machine: dna072  Platform: Linux  PlatformVersion: 5.14.0-427.37.1.el9_4.x86_64  CompilerName: GCC  CompilerVersion: 8.4.0
ProgramName: mris_topo_fixer  ProgramArguments: mris_topo_fixer -all-info  ProgramVersion: 7.3.2  TimeStamp: 2026/03/14-10:41:29-GMT  BuildTime: Aug  4 2022 06:17:15  BuildStamp: freesurfer-linux-ubuntu22_x86_64-7.3.2-20220804-6354275  User: oesteban  Machine: dna072  Platform: Linux  PlatformVersion: 5.14.0-427.37.1.el9_4.x86_64  CompilerName: GCC  CompilerVersion: 8.4.0
ProgramName: mri_surf2surf  ProgramArguments: mri_surf2surf -all-info  ProgramVersion: 7.3.2  TimeStamp: 2026/03/14-10:41:29-GMT  BuildTime: Aug  4 2022 06:17:15  BuildStamp: freesurfer-linux-ubuntu22_x86_64-7.3.2-20220804-6354275  User: oesteban  Machine: dna072  Platform: Linux  PlatformVersion: 5.14.0-427.37.1.el9_4.x86_64  CompilerName: GCC  CompilerVersion: 8.4.0
ProgramName: mri_surf2vol  ProgramArguments: mri_surf2vol -all-info  ProgramVersion: 7.3.2  TimeStamp: 2026/03/14-10:41:29-GMT  BuildTime: Aug  4 2022 06:17:15  BuildStamp: freesurfer-linux-ubuntu22_x86_64-7.3.2-20220804-6354275  User: oesteban  Machine: dna072  Platform: Linux  PlatformVersion: 5.14.0-427.37.1.el9_4.x86_64  CompilerName: GCC  CompilerVersion: 8.4.0
ProgramName: mri_surfcluster  ProgramArguments: mri_surfcluster -all-info  ProgramVersion: 7.3.2  TimeStamp: 2026/03/14-10:41:29-GMT  BuildTime: Aug  4 2022 06:17:15  BuildStamp: freesurfer-linux-ubuntu22_x86_64-7.3.2-20220804-6354275  User: oesteban  Machine: dna072  Platform: Linux  PlatformVersion: 5.14.0-427.37.1.el9_4.x86_64  CompilerName: GCC  CompilerVersion: 8.4.0
ProgramName: mris_volmask  ProgramArguments: mris_volmask -all-info  ProgramVersion: 7.3.2  TimeStamp: 2026/03/14-10:41:29-GMT  BuildTime: Aug  4 2022 06:17:15  BuildStamp: freesurfer-linux-ubuntu22_x86_64-7.3.2-20220804-6354275  User: oesteban  Machine: dna072  Platform: Linux  PlatformVersion: 5.14.0-427.37.1.el9_4.x86_64  CompilerName: GCC  CompilerVersion: 8.4.0
ProgramName: mri_tessellate  ProgramArguments: mri_tessellate -all-info  ProgramVersion: 7.3.2  TimeStamp: 2026/03/14-10:41:29-GMT  BuildTime: Aug  4 2022 06:17:15  BuildStamp: freesurfer-linux-ubuntu22_x86_64-7.3.2-20220804-6354275  User: oesteban  Machine: dna072  Platform: Linux  PlatformVersion: 5.14.0-427.37.1.el9_4.x86_64  CompilerName: GCC  CompilerVersion: 8.4.0
ProgramName: mri_vol2surf  ProgramArguments: mri_vol2surf -all-info  ProgramVersion: 7.3.2  TimeStamp: 2026/03/14-10:41:29-GMT  BuildTime: Aug  4 2022 06:17:15  BuildStamp: freesurfer-linux-ubuntu22_x86_64-7.3.2-20220804-6354275  User: oesteban  Machine: dna072  Platform: Linux  PlatformVersion: 5.14.0-427.37.1.el9_4.x86_64  CompilerName: GCC  CompilerVersion: 8.4.0
ProgramName: mri_vol2vol  ProgramArguments: mri_vol2vol -all-info  ProgramVersion: 7.3.2  TimeStamp: 2026/03/14-10:41:29-GMT  BuildTime: Aug  4 2022 06:17:15  BuildStamp: freesurfer-linux-ubuntu22_x86_64-7.3.2-20220804-6354275  User: oesteban  Machine: dna072  Platform: Linux  PlatformVersion: 5.14.0-427.37.1.el9_4.x86_64  CompilerName: GCC  CompilerVersion: 8.4.0
ProgramName: mri_voldiff  ProgramArguments: mri_voldiff -all-info  ProgramVersion: 7.3.2  TimeStamp: 2026/03/14-10:41:29-GMT  BuildTime: Aug  4 2022 06:17:15  BuildStamp: freesurfer-linux-ubuntu22_x86_64-7.3.2-20220804-6354275  User: oesteban  Machine: dna072  Platform: Linux  PlatformVersion: 5.14.0-427.37.1.el9_4.x86_64  CompilerName: GCC  CompilerVersion: 8.4.0
ProgramName: mri_watershed  ProgramArguments: mri_watershed -all-info  ProgramVersion: 7.3.2  TimeStamp: 2026/03/14-10:41:29-GMT  BuildTime: Aug  4 2022 06:17:15  BuildStamp: freesurfer-linux-ubuntu22_x86_64-7.3.2-20220804-6354275  User: oesteban  Machine: dna072  Platform: Linux  PlatformVersion: 5.14.0-427.37.1.el9_4.x86_64  CompilerName: GCC  CompilerVersion: 8.4.0
ProgramName: tkregister2  ProgramArguments: tkregister2_cmdl -all-info  ProgramVersion: 7.3.2  TimeStamp: 2026/03/14-10:41:29-GMT  BuildTime: Aug  4 2022 06:17:15  BuildStamp: freesurfer-linux-ubuntu22_x86_64-7.3.2-20220804-6354275  User: oesteban  Machine: dna072  Platform: Linux  PlatformVersion: 5.14.0-427.37.1.el9_4.x86_64  CompilerName: GCC  CompilerVersion: 8.4.0
mri_motion_correct.fsl 7.3.2
mri_convert -all-info 
ProgramName: mri_convert  ProgramArguments: mri_convert -all-info  ProgramVersion: 7.3.2  TimeStamp: 2026/03/14-10:41:29-GMT  BuildTime: Aug  4 2022 06:17:15  BuildStamp: freesurfer-linux-ubuntu22_x86_64-7.3.2-20220804-6354275  User: oesteban  Machine: dna072  Platform: Linux  PlatformVersion: 5.14.0-427.37.1.el9_4.x86_64  CompilerName: GCC  CompilerVersion: 8.4.0
Program nu_correct, built from:
Package MNI N3, version 1.12.0, compiled by nicks@terrier (x86_64-unknown-linux-gnu) on 2015-06-19 at 01:25:34
#######################################
GCADIR /opt/freesurfer/average
GCA RB_all_2020-01-02.gca
GCASkull RB_all_withskull_2020_01_02.gca
AvgCurvTif folding.atlas.acfb40.noaparc.i12.2016-08-02.tif
GCSDIR /opt/freesurfer/average
GCS DKaparc.atlas.acfb40.noaparc.i12.2016-08-02.gcs
#######################################
#--------------------------------------------
#@# Tessellate lh Sat Mar 14 11:41:29 CET 2026
/out/sourcedata/freesurfer/sub-v2s9x29158_ses-1/scripts

 mri_pretess ../mri/filled.mgz 255 ../mri/norm.mgz ../mri/filled-pretess255.mgz 


Iteration Number : 1
pass   1 (xy+):   3 found -   3 modified     |    TOTAL:   3
pass   2 (xy+):   0 found -   3 modified     |    TOTAL:   3
pass   1 (xy-):   1 found -   1 modified     |    TOTAL:   4
pass   2 (xy-):   0 found -   1 modified     |    TOTAL:   4
pass   1 (yz+):   1 found -   1 modified     |    TOTAL:   5
pass   2 (yz+):   0 found -   1 modified     |    TOTAL:   5
pass   1 (yz-):   2 found -   2 modified     |    TOTAL:   7
pass   2 (yz-):   0 found -   2 modified     |    TOTAL:   7
pass   1 (xz+):   0 found -   0 modified     |    TOTAL:   7
pass   1 (xz-):   6 found -   6 modified     |    TOTAL:  13
pass   2 (xz-):   0 found -   6 modified     |    TOTAL:  13
Iteration Number : 1
pass   1 (+++):   0 found -   0 modified     |    TOTAL:   0
pass   1 (+++):   0 found -   0 modified     |    TOTAL:   0
pass   1 (+++):   0 found -   0 modified     |    TOTAL:   0
pass   1 (+++):   0 found -   0 modified     |    TOTAL:   0
Iteration Number : 1
pass   1 (++):   0 found -   0 modified     |    TOTAL:   0
pass   1 (+-):   0 found -   0 modified     |    TOTAL:   0
pass   1 (--):   0 found -   0 modified     |    TOTAL:   0
pass   1 (-+):   2 found -   2 modified     |    TOTAL:   2
pass   2 (-+):   0 found -   2 modified     |    TOTAL:   2
Iteration Number : 2
pass   1 (xy+):   0 found -   0 modified     |    TOTAL:   0
pass   1 (xy-):   0 found -   0 modified     |    TOTAL:   0
pass   1 (yz+):   0 found -   0 modified     |    TOTAL:   0
pass   1 (yz-):   0 found -   0 modified     |    TOTAL:   0
pass   1 (xz+):   0 found -   0 modified     |    TOTAL:   0
pass   1 (xz-):   0 found -   0 modified     |    TOTAL:   0
Iteration Number : 2
pass   1 (+++):   0 found -   0 modified     |    TOTAL:   0
pass   1 (+++):   0 found -   0 modified     |    TOTAL:   0
pass   1 (+++):   0 found -   0 modified     |    TOTAL:   0
pass   1 (+++):   0 found -   0 modified     |    TOTAL:   0
Iteration Number : 2
pass   1 (++):   0 found -   0 modified     |    TOTAL:   0
pass   1 (+-):   0 found -   0 modified     |    TOTAL:   0
pass   1 (--):   0 found -   0 modified     |    TOTAL:   0
pass   1 (-+):   0 found -   0 modified     |    TOTAL:   0

Total Number of Modified Voxels = 15 (out of 233537: 0.006423)
Ambiguous edge configurations... 

mri_pretess done


 mri_tessellate ../mri/filled-pretess255.mgz 255 ../surf/lh.orig.nofix 

7.3.2
  7.3.2
slice 50: 2609 vertices, 2764 faces
slice 60: 10509 vertices, 10873 faces
slice 70: 21442 vertices, 21844 faces
slice 80: 33314 vertices, 33718 faces
slice 90: 45712 vertices, 46099 faces
slice 100: 58335 vertices, 58809 faces
slice 110: 71735 vertices, 72186 faces
slice 120: 84761 vertices, 85240 faces
slice 130: 96515 vertices, 96935 faces
slice 140: 107049 vertices, 107412 faces
slice 150: 116920 vertices, 117312 faces
slice 160: 125344 vertices, 125644 faces
slice 170: 131825 vertices, 132084 faces
slice 180: 136423 vertices, 136614 faces
slice 190: 139251 vertices, 139378 faces
slice 200: 139728 vertices, 139782 faces
slice 210: 139728 vertices, 139782 faces
slice 220: 139728 vertices, 139782 faces
slice 230: 139728 vertices, 139782 faces
slice 240: 139728 vertices, 139782 faces
slice 250: 139728 vertices, 139782 faces
using the conformed surface RAS to save vertex points...
writing ../surf/lh.orig.nofix
using vox2ras matrix:
-1.00000   0.00000   0.00000   128.00000;
 0.00000   0.00000   1.00000  -128.00000;
 0.00000  -1.00000   0.00000   128.00000;
 0.00000   0.00000   0.00000   1.00000;

 rm -f ../mri/filled-pretess255.mgz 


 mris_extract_main_component ../surf/lh.orig.nofix ../surf/lh.orig.nofix 


counting number of connected components...
   139728 voxel in cpt #1: X=-54 [v=139728,e=419346,f=279564] located at (-34.654320, -18.577494, -10.447913)
For the whole surface: X=-54 [v=139728,e=419346,f=279564]
One single component has been found
nothing to do
done

#--------------------------------------------
#@# Smooth1 lh Sat Mar 14 11:41:31 CET 2026
/out/sourcedata/freesurfer/sub-v2s9x29158_ses-1/scripts

 mris_smooth -nw -seed 1234 ../surf/lh.orig.nofix ../surf/lh.smoothwm.nofix 

setting seed for random number generator to 1234
smoothing surface tessellation for 10 iterations...
smoothing complete - recomputing first and second fundamental forms...
#--------------------------------------------
#@# Inflation1 lh Sat Mar 14 11:41:33 CET 2026
/out/sourcedata/freesurfer/sub-v2s9x29158_ses-1/scripts

 mris_inflate -no-save-sulc ../surf/lh.smoothwm.nofix ../surf/lh.inflated.nofix 

Not saving sulc
Reading ../surf/lh.smoothwm.nofix
avg radius = 44.7 mm, total surface area = 72354 mm^2
step 000: RMS=0.160 (target=0.015)   step 005: RMS=0.120 (target=0.015)   step 010: RMS=0.093 (target=0.015)   step 015: RMS=0.080 (target=0.015)   step 020: RMS=0.073 (target=0.015)   step 025: RMS=0.065 (target=0.015)   step 030: RMS=0.059 (target=0.015)   step 035: RMS=0.056 (target=0.015)   step 040: RMS=0.053 (target=0.015)   step 045: RMS=0.051 (target=0.015)   step 050: RMS=0.051 (target=0.015)   step 055: RMS=0.052 (target=0.015)   step 060: RMS=0.052 (target=0.015)   writing inflated surface to ../surf/lh.inflated.nofix
inflation took 0.1 minutes

inflation complete.
Not saving sulc
mris_inflate utimesec    37.297321
mris_inflate stimesec    1.520090
mris_inflate ru_maxrss   221452
mris_inflate ru_ixrss    0
mris_inflate ru_idrss    0
mris_inflate ru_isrss    0
mris_inflate ru_minflt   505672
mris_inflate ru_majflt   34
mris_inflate ru_nswap    0
mris_inflate ru_inblock  1672
mris_inflate ru_oublock  9832
mris_inflate ru_msgsnd   0
mris_inflate ru_msgrcv   0
mris_inflate ru_nsignals 0
mris_inflate ru_nvcsw    5032
mris_inflate ru_nivcsw   183
#--------------------------------------------
#@# QSphere lh Sat Mar 14 11:41:42 CET 2026
/out/sourcedata/freesurfer/sub-v2s9x29158_ses-1/scripts

 mris_sphere -q -p 6 -a 128 -seed 1234 ../surf/lh.inflated.nofix ../surf/lh.qsphere.nofix 

doing quick spherical unfolding.
limitting unfolding to 6 passes
using n_averages = 128
setting seed for random number genererator to 1234
version: 7.3.2
available threads: 16
scaling brain by 0.328...
inflating...
projecting onto sphere...
surface projected - minimizing metric distortion...
vertex spacing 0.99 +- 0.58 (0.00-->8.21) (max @ vno 77185 --> 77206)
face area 0.03 +- 0.04 (-0.46-->0.82)
Entering MRISinflateToSphere()
inflating to sphere (rms error < 2.00)
000: dt: 0.0000, rms radial error=175.927, avgs=0
005/300: dt: 0.9000, rms radial error=175.671, avgs=0
010/300: dt: 0.9000, rms radial error=175.121, avgs=0
015/300: dt: 0.9000, rms radial error=174.399, avgs=0
020/300: dt: 0.9000, rms radial error=173.578, avgs=0
025/300: dt: 0.9000, rms radial error=172.700, avgs=0
030/300: dt: 0.9000, rms radial error=171.791, avgs=0
035/300: dt: 0.9000, rms radial error=170.864, avgs=0
040/300: dt: 0.9000, rms radial error=169.930, avgs=0
045/300: dt: 0.9000, rms radial error=168.994, avgs=0
050/300: dt: 0.9000, rms radial error=168.059, avgs=0
055/300: dt: 0.9000, rms radial error=167.126, avgs=0
060/300: dt: 0.9000, rms radial error=166.193, avgs=0
065/300: dt: 0.9000, rms radial error=165.258, avgs=0
070/300: dt: 0.9000, rms radial error=164.327, avgs=0
075/300: dt: 0.9000, rms radial error=163.401, avgs=0
080/300: dt: 0.9000, rms radial error=162.479, avgs=0
085/300: dt: 0.9000, rms radial error=161.564, avgs=0
090/300: dt: 0.9000, rms radial error=160.653, avgs=0
095/300: dt: 0.9000, rms radial error=159.750, avgs=0
100/300: dt: 0.9000, rms radial error=158.856, avgs=0
105/300: dt: 0.9000, rms radial error=157.967, avgs=0
110/300: dt: 0.9000, rms radial error=157.083, avgs=0
115/300: dt: 0.9000, rms radial error=156.203, avgs=0
120/300: dt: 0.9000, rms radial error=155.329, avgs=0
125/300: dt: 0.9000, rms radial error=154.458, avgs=0
130/300: dt: 0.9000, rms radial error=153.593, avgs=0
135/300: dt: 0.9000, rms radial error=152.732, avgs=0
140/300: dt: 0.9000, rms radial error=151.876, avgs=0
145/300: dt: 0.9000, rms radial error=151.024, avgs=0
150/300: dt: 0.9000, rms radial error=150.177, avgs=0
155/300: dt: 0.9000, rms radial error=149.335, avgs=0
160/300: dt: 0.9000, rms radial error=148.497, avgs=0
165/300: dt: 0.9000, rms radial error=147.664, avgs=0
170/300: dt: 0.9000, rms radial error=146.835, avgs=0
175/300: dt: 0.9000, rms radial error=146.011, avgs=0
180/300: dt: 0.9000, rms radial error=145.192, avgs=0
185/300: dt: 0.9000, rms radial error=144.377, avgs=0
190/300: dt: 0.9000, rms radial error=143.567, avgs=0
195/300: dt: 0.9000, rms radial error=142.761, avgs=0
200/300: dt: 0.9000, rms radial error=141.960, avgs=0
205/300: dt: 0.9000, rms radial error=141.163, avgs=0
210/300: dt: 0.9000, rms radial error=140.370, avgs=0
215/300: dt: 0.9000, rms radial error=139.582, avgs=0
220/300: dt: 0.9000, rms radial error=138.798, avgs=0
225/300: dt: 0.9000, rms radial error=138.018, avgs=0
230/300: dt: 0.9000, rms radial error=137.243, avgs=0
235/300: dt: 0.9000, rms radial error=136.472, avgs=0
240/300: dt: 0.9000, rms radial error=135.705, avgs=0
245/300: dt: 0.9000, rms radial error=134.943, avgs=0
250/300: dt: 0.9000, rms radial error=134.184, avgs=0
255/300: dt: 0.9000, rms radial error=133.430, avgs=0
260/300: dt: 0.9000, rms radial error=132.680, avgs=0
265/300: dt: 0.9000, rms radial error=131.934, avgs=0
270/300: dt: 0.9000, rms radial error=131.192, avgs=0
275/300: dt: 0.9000, rms radial error=130.454, avgs=0
280/300: dt: 0.9000, rms radial error=129.721, avgs=0
285/300: dt: 0.9000, rms radial error=128.991, avgs=0
290/300: dt: 0.9000, rms radial error=128.266, avgs=0
295/300: dt: 0.9000, rms radial error=127.544, avgs=0
300/300: dt: 0.9000, rms radial error=126.827, avgs=0

spherical inflation complete.
epoch 1 (K=10.0), pass 1, starting sse = 16137.60
taking momentum steps...
taking momentum steps...
taking momentum steps...
taking momentum steps...
pass 1 complete, delta sse/iter = 0.00/13 = 0.00035
epoch 2 (K=40.0), pass 1, starting sse = 2601.74
taking momentum steps...
taking momentum steps...
taking momentum steps...
taking momentum steps...
pass 1 complete, delta sse/iter = 0.01/13 = 0.00041
epoch 3 (K=160.0), pass 1, starting sse = 256.52
taking momentum steps...
taking momentum steps...
taking momentum steps...
taking momentum steps...
pass 1 complete, delta sse/iter = 0.05/13 = 0.00350
epoch 4 (K=640.0), pass 1, starting sse = 26.65
taking momentum steps...
taking momentum steps...
taking momentum steps...
taking momentum steps...
pass 1 complete, delta sse/iter = 0.07/17 = 0.00426
final distance error %100000.00
writing spherical brain to ../surf/lh.qsphere.nofix
spherical transformation took 0.0108 hours
FSRUNTIME@ mris_sphere  0.0108 hours 16 threads
#VMPC# mris_sphere VmPeak  2391656
mris_sphere done
#@# Fix Topology lh Sat Mar 14 11:42:21 CET 2026

 mris_fix_topology -mgz -sphere qsphere.nofix -inflated inflated.nofix -orig orig.nofix -out orig.premesh -ga -seed 1234 sub-v2s9x29158_ses-1 lh 

reading spherical homeomorphism from 'qsphere.nofix'
reading inflated coordinates from 'inflated.nofix'
reading original coordinates from 'orig.nofix'
using genetic algorithm with optimized parameters
setting seed for random number genererator to 1234

*************************************************************
Topology Correction Parameters
retessellation mode:           genetic search
number of patches/generation : 10
number of generations :        10
surface mri loglikelihood coefficient :         1.0
volume mri loglikelihood coefficient :          10.0
normal dot loglikelihood coefficient :          1.0
quadratic curvature loglikelihood coefficient : 1.0
volume resolution :                             2
eliminate vertices during search :              1
initial patch selection :                       1
select all defect vertices :                    0
ordering dependant retessellation:              0
use precomputed edge table :                    0
smooth retessellated patch :                    2
match retessellated patch :                     1
verbose mode :                                  0

*************************************************************
INFO: assuming .mgz format
writing corrected surface to 'orig.premesh'
7.3.2
  7.3.2
before topology correction, eno=-54 (nv=139728, nf=279564, ne=419346, g=28)
using quasi-homeomorphic spherical map to tessellate cortical surface...

Correction of the Topology
Finding true center and radius of Spherical Surface...done
Surface centered at (0,0,0) with radius 100.0 in 9 iterations
marking ambiguous vertices...
16520 ambiguous faces found in tessellation
segmenting defects...
20 defects found, arbitrating ambiguous regions...
analyzing neighboring defects...
      -merging segment 11 into 0
19 defects to be corrected 
0 vertices coincident
reading input surface /out/sourcedata/freesurfer/sub-v2s9x29158_ses-1/surf/lh.qsphere.nofix...
reading brain volume from brain...
reading wm segmentation from wm...
Reading original properties of orig.nofix
Reading vertex positions of inflated.nofix
Computing Initial Surface Statistics
      -face       loglikelihood: -9.5996  (-4.7998)
      -vertex     loglikelihood: -6.4577  (-3.2288)
      -normal dot loglikelihood: -3.5903  (-3.5903)
      -quad curv  loglikelihood: -6.2055  (-3.1027)
      Total Loglikelihood : -25.8530
CORRECTING DEFECT 0 (vertices=2296, convex hull=1124, v0=5685)
An extra large defect has been detected...
This often happens because cerebellum or dura has not been removed from wm.mgz.
This may cause recon-all to run very slowly or crash.
if so, see https://surfer.nmr.mgh.harvard.edu/fswiki/FsTutorial/TopologicalDefect_freeview
After retessellation of defect 0 (v0=5685), euler #=-15 (131218,392390,261157) : difference with theory (-16) = -1 
CORRECTING DEFECT 1 (vertices=62, convex hull=90, v0=14011)
After retessellation of defect 1 (v0=14011), euler #=-14 (131236,392484,261234) : difference with theory (-15) = -1 
CORRECTING DEFECT 2 (vertices=32, convex hull=61, v0=15164)
After retessellation of defect 2 (v0=15164), euler #=-13 (131245,392535,261277) : difference with theory (-14) = -1 
CORRECTING DEFECT 3 (vertices=3071, convex hull=759, v0=24518)
An extra large defect has been detected...
This often happens because cerebellum or dura has not been removed from wm.mgz.
This may cause recon-all to run very slowly or crash.
if so, see https://surfer.nmr.mgh.harvard.edu/fswiki/FsTutorial/TopologicalDefect_freeview
After retessellation of defect 3 (v0=24518), euler #=-13 (131576,393940,262351) : difference with theory (-13) = 0 
CORRECTING DEFECT 4 (vertices=90, convex hull=87, v0=36451)
After retessellation of defect 4 (v0=36451), euler #=-12 (131613,394092,262467) : difference with theory (-12) = 0 
CORRECTING DEFECT 5 (vertices=45, convex hull=75, v0=39464)
After retessellation of defect 5 (v0=39464), euler #=-11 (131638,394196,262547) : difference with theory (-11) = 0 
CORRECTING DEFECT 6 (vertices=32, convex hull=72, v0=44444)
After retessellation of defect 6 (v0=44444), euler #=-10 (131652,394263,262601) : difference with theory (-10) = 0 
CORRECTING DEFECT 7 (vertices=157, convex hull=47, v0=53295)
After retessellation of defect 7 (v0=53295), euler #=-9 (131658,394298,262631) : difference with theory (-9) = 0 
CORRECTING DEFECT 8 (vertices=16, convex hull=19, v0=59727)
After retessellation of defect 8 (v0=59727), euler #=-8 (131659,394308,262641) : difference with theory (-8) = 0 
CORRECTING DEFECT 9 (vertices=45, convex hull=31, v0=69794)
After retessellation of defect 9 (v0=69794), euler #=-7 (131666,394340,262667) : difference with theory (-7) = 0 
CORRECTING DEFECT 10 (vertices=1564, convex hull=467, v0=71964)
A large defect has been detected...
This often happens because cerebellum or dura has not been removed from wm.mgz.
This may cause recon-all to run very slowly or crash.
if so, see https://surfer.nmr.mgh.harvard.edu/fswiki/FsTutorial/TopologicalDefect_freeview
After retessellation of defect 10 (v0=71964), euler #=-6 (131914,395327,263407) : difference with theory (-6) = 0 
CORRECTING DEFECT 11 (vertices=929, convex hull=427, v0=98359)
A large defect has been detected...
This often happens because cerebellum or dura has not been removed from wm.mgz.
This may cause recon-all to run very slowly or crash.
if so, see https://surfer.nmr.mgh.harvard.edu/fswiki/FsTutorial/TopologicalDefect_freeview
After retessellation of defect 11 (v0=98359), euler #=-5 (132091,396074,263978) : difference with theory (-5) = 0 
CORRECTING DEFECT 12 (vertices=51, convex hull=31, v0=100784)
After retessellation of defect 12 (v0=100784), euler #=-4 (132103,396124,264017) : difference with theory (-4) = 0 
CORRECTING DEFECT 13 (vertices=16, convex hull=23, v0=100851)
After retessellation of defect 13 (v0=100851), euler #=-3 (132105,396137,264029) : difference with theory (-3) = 0 
CORRECTING DEFECT 14 (vertices=252, convex hull=80, v0=106771)
After retessellation of defect 14 (v0=106771), euler #=-2 (132146,396292,264144) : difference with theory (-2) = 0 
CORRECTING DEFECT 15 (vertices=465, convex hull=140, v0=110430)
After retessellation of defect 15 (v0=110430), euler #=-1 (132222,396589,264366) : difference with theory (-1) = 0 
CORRECTING DEFECT 16 (vertices=34, convex hull=88, v0=115843)
After retessellation of defect 16 (v0=115843), euler #=0 (132239,396674,264435) : difference with theory (0) = 0 
CORRECTING DEFECT 17 (vertices=36, convex hull=59, v0=128700)
After retessellation of defect 17 (v0=128700), euler #=1 (132249,396728,264480) : difference with theory (1) = 0 
CORRECTING DEFECT 18 (vertices=23, convex hull=33, v0=129973)
After retessellation of defect 18 (v0=129973), euler #=2 (132253,396753,264502) : difference with theory (2) = 0 
computing original vertex metric properties...
storing new metric properties...
computing tessellation statistics...
vertex spacing 0.88 +- 0.23 (0.01-->12.57) (max @ vno 63747 --> 72166)
face area -nan +- -nan (1000.00-->-1.00)
performing soap bubble on retessellated vertices for 0 iterations...
vertex spacing 0.88 +- 0.23 (0.01-->12.57) (max @ vno 63747 --> 72166)
face area -nan +- -nan (1000.00-->-1.00)
tessellation finished, orienting corrected surface...
67 mutations (34.4%), 128 crossovers (65.6%), 510 vertices were eliminated
building final representation...
7475 vertices and 0 faces have been removed from triangulation
after topology correction, eno=2 (nv=132253, nf=264502, ne=396753, g=0)
writing corrected surface to /out/sourcedata/freesurfer/sub-v2s9x29158_ses-1/surf/lh.orig.premesh...

0.000 % of the vertices (0 vertices) exhibit an orientation change
removing intersecting faces
000: 441 intersecting
001: 38 intersecting
terminating search with 0 intersecting
topology fixing took 14.1 minutes
FSRUNTIME@ mris_fix_topology lh  0.2345 hours 16 threads
#VMPC# mris_fix_topology VmPeak  2113580

 mris_euler_number ../surf/lh.orig.premesh 

euler # = v-e+f = 2g-2: 132253 - 396753 + 264502 = 2 --> 0 holes
      F =2V-4:          264502 = 264506-4 (0)
      2E=3F:            793506 = 793506 (0)

total defect index = 0
Sat Mar 14 11:56:25 CET 2026

setenv SUBJECTS_DIR /out/sourcedata/freesurfer
cd /out/sourcedata/freesurfer/sub-v2s9x29158_ses-1/scripts
/opt/freesurfer/bin/defect2seg --s sub-v2s9x29158_ses-1 --lh-only --cortex

freesurfer-linux-ubuntu22_x86_64-7.3.2-20220804-6354275
defect2seg 7.3.2
Linux dna072 5.14.0-427.37.1.el9_4.x86_64 #1 SMP PREEMPT_DYNAMIC Fri Sep 13 12:41:50 EDT 2024 x86_64 x86_64 x86_64 GNU/Linux
pid 695683
mri_label2label --label-cortex /out/sourcedata/freesurfer/sub-v2s9x29158_ses-1/surf/lh.orig.nofix /out/sourcedata/freesurfer/sub-v2s9x29158_ses-1/mri/aseg.presurf.mgz 0 /out/sourcedata/freesurfer/sub-v2s9x29158_ses-1/label/lh.nofix.cortex.label

 Generating cortex label... RemoveHipAmgy=0
 NucAccIsMedialWall=0
 mris->useRealRAS=0
21 non-cortical segments detected
only using segment with 6732 vertices
erasing segment 0 (vno[0] = 48994)
erasing segment 2 (vno[0] = 60884)
erasing segment 3 (vno[0] = 65114)
erasing segment 4 (vno[0] = 74423)
erasing segment 5 (vno[0] = 96199)
erasing segment 6 (vno[0] = 98298)
erasing segment 7 (vno[0] = 98342)
erasing segment 8 (vno[0] = 98466)
erasing segment 9 (vno[0] = 99662)
erasing segment 10 (vno[0] = 100849)
erasing segment 11 (vno[0] = 101746)
erasing segment 12 (vno[0] = 101874)
erasing segment 13 (vno[0] = 102789)
erasing segment 14 (vno[0] = 102927)
erasing segment 15 (vno[0] = 102973)
erasing segment 16 (vno[0] = 107574)
erasing segment 17 (vno[0] = 112143)
erasing segment 18 (vno[0] = 114224)
erasing segment 19 (vno[0] = 115304)
erasing segment 20 (vno[0] = 124173)
mri_label2vol --defects /out/sourcedata/freesurfer/sub-v2s9x29158_ses-1/surf/lh.orig.nofix /out/sourcedata/freesurfer/sub-v2s9x29158_ses-1/surf/lh.defect_labels /out/sourcedata/freesurfer/sub-v2s9x29158_ses-1/mri/orig.mgz 1000 0 /out/sourcedata/freesurfer/sub-v2s9x29158_ses-1/mri/lh.surface.defects.mgz /out/sourcedata/freesurfer/sub-v2s9x29158_ses-1/label/lh.nofix.cortex.label
mri_label2vol supposed to be reproducible but seed not set
Contraining to label /out/sourcedata/freesurfer/sub-v2s9x29158_ses-1/label/lh.nofix.cortex.label
Changing input type 0 to MRI_INT
Converting defects to volume: offset=1000, merge=0
Writing to /out/sourcedata/freesurfer/sub-v2s9x29158_ses-1/mri/lh.surface.defects.mgz
mris_defects_pointset -s /out/sourcedata/freesurfer/sub-v2s9x29158_ses-1/surf/lh.orig.nofix -d /out/sourcedata/freesurfer/sub-v2s9x29158_ses-1/surf/lh.defect_labels -o /out/sourcedata/freesurfer/sub-v2s9x29158_ses-1/surf/lh.defects.pointset --label /out/sourcedata/freesurfer/sub-v2s9x29158_ses-1/label/lh.nofix.cortex.label
Reading in surface /out/sourcedata/freesurfer/sub-v2s9x29158_ses-1/surf/lh.orig.nofix
Reading in defect segmentation /out/sourcedata/freesurfer/sub-v2s9x29158_ses-1/surf/lh.defect_labels
Reading in label /out/sourcedata/freesurfer/sub-v2s9x29158_ses-1/label/lh.nofix.cortex.label
#VMPC# mris_defects_pointset 2065136
mris_defects_pointset done
 
Started at Sat Mar 14 11:56:25 CET 2026 
Ended   at Sat Mar 14 11:56:36 CET 2026
Defect2seg-Run-Time-Sec 11
Defect2seg-Run-Time-Min 0.22
Defect2seg-Run-Time-Hours 0.00
 
tkmeditfv sub-v2s9x29158_ses-1 brain.finalsurfs.mgz -defect
defect2seg Done

 mris_remesh --remesh --iters 3 --input /out/sourcedata/freesurfer/sub-v2s9x29158_ses-1/surf/lh.orig.premesh --output /out/sourcedata/freesurfer/sub-v2s9x29158_ses-1/surf/lh.orig 

iters = 3
standard remeshing without target
   adjusted l: 0.707981
remeshing to edge length 0.707981 with 3 iterations

avg qual before   : 0.891126  after: 0.971389

Removing intersections
removing intersecting faces
000: 22 intersecting
001: 12 intersecting
terminating search with 0 intersecting
Remeshed surface quality stats nv0 = 132253  nv = 137686  1.04108
Area    275368  0.30018  0.03350 0.010743   0.5341
Corner  826104 60.00000  8.77942 9.370724 159.8683
Edge    413052  0.84047  0.08195 0.151585   1.3723
Hinge   413052  9.87203 10.75976 0.000006 164.0482
mris_remesh done
/out/sourcedata/freesurfer/sub-v2s9x29158_ses-1/scripts

 mris_remove_intersection ../surf/lh.orig ../surf/lh.orig 

intersection removal took 0.00 hours
writing corrected surface to ../surf/lh.orig

 rm -f ../surf/lh.inflated 

#--------------------------------------------
#@# AutoDetGWStats lh Sat Mar 14 11:57:04 CET 2026
cd /out/sourcedata/freesurfer/sub-v2s9x29158_ses-1/mri
mris_autodet_gwstats --o ../surf/autodet.gw.stats.lh.dat --i brain.finalsurfs.mgz --wm wm.mgz --surf ../surf/lh.orig.premesh
7.3.2

cd /out/sourcedata/freesurfer/sub-v2s9x29158_ses-1/mri
setenv SUBJECTS_DIR /out/sourcedata/freesurfer
mris_autodet_gwstats --o ../surf/autodet.gw.stats.lh.dat --i brain.finalsurfs.mgz --wm wm.mgz --surf ../surf/lh.orig.premesh 

border white:    243766 voxels (1.45%)
border gray      307016 voxels (1.83%)
Reading in intensity volume brain.finalsurfs.mgz
Reading in wm volume wm.mgz
Reading in surf ../surf/lh.orig.premesh
Auto detecting stats
MRIclipBrightWM(): nthresh=17929, wmmin=5, clip=110 
Binarizing thresholding at 5
computing class statistics... low=30, hi=110.000000
CCS WM (96.0): 96.7 +- 9.2 [70.0 --> 110.0]
CCS GM (67.0) : 67.4 +- 10.0 [30.0 --> 110.0]
white_mean = 96.6833 +/- 9.18944, gray_mean = 67.3865 +/- 9.99216
using class modes intead of means, discounting robust sigmas....
MRIScomputeClassModes(): min=0 max=213 nbins=214
intensity peaks found at WM=102+-7.8,    GM=63+-5.2
white_mode = 102, gray_mode = 63
std_scale = 1
Applying sanity checks, max_scale_down = 0.2
setting MIN_GRAY_AT_WHITE_BORDER to 53.0 (was 70.000000)
setting MAX_BORDER_WHITE to 111.2 (was 105.000000)
setting MIN_BORDER_WHITE to 63.0 (was 85.000000)
setting MAX_CSF to 43.0 (was 40.000000)
setting MAX_GRAY to 92.8 (was 95.000000)
setting MAX_GRAY_AT_CSF_BORDER to 53.0 (was 75.000000)
setting MIN_GRAY_AT_CSF_BORDER to 33.0 (was 40.000000)
When placing the white surface
  white_border_hi   = 111.189;
  white_border_low  = 63;
  white_outside_low = 53.0078;
  white_inside_hi   = 120;
  white_outside_hi  = 111.189;
When placing the pial surface
  pial_border_hi   = 53.0078;
  pial_border_low  = 33.0235;
  pial_outside_low = 10;
  pial_inside_hi   = 92.8106;
  pial_outside_hi  = 48.0118;
#VMPC# mris_autodet_gwstats VmPeak  1435456
mris_autodet_gwstats done
#--------------------------------------------
#@# WhitePreAparc lh Sat Mar 14 11:57:07 CET 2026
cd /out/sourcedata/freesurfer/sub-v2s9x29158_ses-1/mri
mris_place_surface --adgws-in ../surf/autodet.gw.stats.lh.dat --wm wm.mgz --threads 16 --invol brain.finalsurfs.mgz --lh --i ../surf/lh.orig --o ../surf/lh.white.preaparc --white --seg aseg.presurf.mgz --nsmooth 5
7.3.2
7.3.2

cd /out/sourcedata/freesurfer/sub-v2s9x29158_ses-1/mri
setenv SUBJECTS_DIR /out/sourcedata/freesurfer
mris_place_surface --adgws-in ../surf/autodet.gw.stats.lh.dat --wm wm.mgz --threads 16 --invol brain.finalsurfs.mgz --lh --i ../surf/lh.orig --o ../surf/lh.white.preaparc --white --seg aseg.presurf.mgz --nsmooth 5 

Reading in input surface ../surf/lh.orig
Smoothing surface before ripping with 5 iterations
Area    275368  0.26367  0.06438 0.003227   0.6395
Corner  826104 60.00000  9.78650 10.767442 144.9400
Edge    413052  0.78401  0.11734 0.067564   1.4397
Hinge   413052  6.55437  6.83392 0.000010 140.2982
Not reading in aparc
Reading in input volume brain.finalsurfs.mgz
Reading in wm volume wm.mgz
MRIclipBrightWM(): nthresh=17929, wmmin=5, clip=110 
MRIfindBrightNonWM(): 2429 bright non-wm voxels segmented.
Masking bright non-wm for white surface
MRImask(): AllowDiffGeom = 1
MRImask(): AllowDiffGeom = 1
Reading in seg volume aseg.presurf.mgz
Ripping frozen voxels
INFO: rip surface needed but not specified, so using input surface
Freezing midline and others
Entering: MRISripMidline(): inhibiting deformation at non-cortical midline structures...
  which=1, fix_mtl=0, using annot = 0
#FML0# MRISripMidline(): nripped=0
removing 4 vertices from ripped group in thread:0
removing 4 vertices from ripped group in thread:0
#FML# MRISripMidline(): nmarked=6608, nmarked2=159, nripped=6608
Ripping segs (eg, WMSA, BG, frozen)
Starting MRISripSegs() d = (-2 2 0.5) segnos: 247 
MRISripSegs(): -2 2 0.5 ripped 0
vertex 68843: xyz = (-3.86781,-8.80931,-30.0309) oxyz = (-3.86781,-8.80931,-30.0309) wxzy = (-3.86781,-8.80931,-30.0309) pxyz = (0,0,0) 
CBVO Creating mask 137686
n_averages 4
Iteration 0 =========================================
n_averages=4, current_sigma=2
Freezing midline and others
Ripping frozen voxels
INFO: rip surface needed but not specified, so using input surface
Freezing midline and others
Entering: MRISripMidline(): inhibiting deformation at non-cortical midline structures...
  which=1, fix_mtl=0, using annot = 0
#FML0# MRISripMidline(): nripped=6608
removing 4 vertices from ripped group in thread:0
removing 4 vertices from ripped group in thread:0
#FML# MRISripMidline(): nmarked=6608, nmarked2=159, nripped=6608
Ripping segs (eg, WMSA, BG, frozen)
Starting MRISripSegs() d = (-2 2 0.5) segnos: 247 247 
MRISripSegs(): -2 2 0.5 ripped 0
Computing target border values 
Entering MRIScomputeBorderValues_new(): 
  inside_hi   = 120.0000000;
  border_hi   = 111.1894380;
  border_low  =  63.0000000;
  outside_low =  53.0078390;
  outside_hi  = 111.1894380;
  sigma = 2;
  max_thickness = 10;
  step_size=0.5;
  STEP_SIZE=0.1;
  which = 1
  thresh = 0
  flags = 0
  CBVfindFirstPeakD1=0
  CBVfindFirstPeakD2=0
  nvertices=137686
  Gdiag_no=-1
  vno start=0, stop=137686
Replacing 255s with 0s
#SI# sigma=2 had to be increased for 120 vertices, nripped=6608
mean border=77.4, 55 (55) missing vertices, mean dist 0.2 [0.5 (%41.5)->0.7 (%58.5))]
%82 local maxima, %13 large gradients and % 0 min vals, 0 gradients ignored
nFirstPeakD1 0
MRIScomputeBorderValues_new() finished in 0.0111 min


Finding expansion regions
mean absolute distance = 0.61 +- 0.74
4694 vertices more than 2 sigmas from mean.
Averaging target values for 5 iterations...
Positioning Surface: tspring = 0.3, nspring = 0.3, spring = 0, niters = 100 l_repulse = 5, l_surf_repulse = 0, checktol = 0
Positioning pial surface
Entering MRISpositionSurface()
  max_mm = 0.3
  MAX_REDUCTIONS = 2, REDUCTION_PCT = 0.5
  parms->check_tol = 0, niterations = 100
tol=1.0e-04, sigma=2.0, host=dna07, nav=4, nbrs=2, l_repulse=5.000, l_tspring=0.300, l_nspring=0.300, l_intensity=0.200, l_curv=1.000
mom=0.00, dt=0.50
complete_dist_mat 0
rms 0
smooth_averages 0
remove_neg 0
ico_order 0
which_surface 0
target_radius 0.000000
nfields 0
scale 0.000000
desired_rms_height 0.000000
momentum 0.000000
nbhd_size 0
max_nbrs 0
niterations 100
nsurfaces 0
SURFACES 3
flags 0 (0)
use curv 0
no sulc 0
no rigid align 0
mris->nsize 2
mris->hemisphere 0
randomSeed 0

000: dt: 0.0000, sse=3114590.2, rms=10.633
001: dt: 0.5000, sse=1616473.5, rms=7.491 (29.551%)
002: dt: 0.5000, sse=1043897.1, rms=5.859 (21.778%)
003: dt: 0.5000, sse=785559.1, rms=4.945 (15.610%)
004: dt: 0.5000, sse=644397.8, rms=4.363 (11.768%)
005: dt: 0.5000, sse=570449.1, rms=4.021 (7.845%)
006: dt: 0.5000, sse=530652.3, rms=3.822 (4.942%)
007: dt: 0.5000, sse=513201.6, rms=3.729 (2.438%)
008: dt: 0.5000, sse=500315.7, rms=3.656 (1.955%)
rms = 3.6363/3.6558, sse=497551.0/500315.7, time step reduction 1 of 3 to 0.250  0 0 1
009: dt: 0.5000, sse=497551.0, rms=3.636 (0.532%)
010: dt: 0.2500, sse=264853.3, rms=2.052 (43.567%)
011: dt: 0.2500, sse=228107.8, rms=1.678 (18.251%)
012: dt: 0.2500, sse=218449.5, rms=1.559 (7.064%)
013: dt: 0.2500, sse=213398.0, rms=1.491 (4.365%)
rms = 1.4571/1.4910, sse=210993.5/213398.0, time step reduction 2 of 3 to 0.125  0 0 1
014: dt: 0.2500, sse=210993.5, rms=1.457 (2.275%)
015: dt: 0.1250, sse=205302.6, rms=1.378 (5.440%)
rms = 1.3640/1.3778, sse=204481.3/205302.6, time step reduction 3 of 3 to 0.062  0 0 1
016: dt: 0.1250, sse=204481.3, rms=1.364 (1.003%)
  maximum number of reductions reached, breaking from loop
positioning took 1.0 minutes
Iteration 1 =========================================
n_averages=2, current_sigma=1
Freezing midline and others
Ripping frozen voxels
INFO: rip surface needed but not specified, so using input surface
Freezing midline and others
Entering: MRISripMidline(): inhibiting deformation at non-cortical midline structures...
  which=1, fix_mtl=0, using annot = 0
#FML0# MRISripMidline(): nripped=6608
removing 4 vertices from ripped group in thread:0
removing 3 vertices from ripped group in thread:0
removing 3 vertices from ripped group in thread:0
removing 3 vertices from ripped group in thread:0
removing 2 vertices from ripped group in thread:0
removing 3 vertices from ripped group in thread:0
removing 3 vertices from ripped group in thread:0
removing 4 vertices from ripped group in thread:0
removing 4 vertices from ripped group in thread:0
#FML# MRISripMidline(): nmarked=6792, nmarked2=180, nripped=6792
Ripping segs (eg, WMSA, BG, frozen)
Starting MRISripSegs() d = (-2 2 0.5) segnos: 247 247 247 
MRISripSegs(): -2 2 0.5 ripped 0
Computing target border values 
Entering MRIScomputeBorderValues_new(): 
  inside_hi   = 120.0000000;
  border_hi   = 111.1894380;
  border_low  =  63.0000000;
  outside_low =  53.0078390;
  outside_hi  = 111.1894380;
  sigma = 1;
  max_thickness = 10;
  step_size=0.5;
  STEP_SIZE=0.1;
  which = 1
  thresh = 0
  flags = 0
  CBVfindFirstPeakD1=0
  CBVfindFirstPeakD2=0
  nvertices=137686
  Gdiag_no=-1
  vno start=0, stop=137686
Replacing 255s with 0s
#SI# sigma=1 had to be increased for 136 vertices, nripped=6792
mean border=80.0, 124 (20) missing vertices, mean dist -0.1 [0.3 (%73.2)->0.3 (%26.8))]
%88 local maxima, % 7 large gradients and % 0 min vals, 0 gradients ignored
nFirstPeakD1 0
MRIScomputeBorderValues_new() finished in 0.0076 min


Finding expansion regions
mean absolute distance = 0.27 +- 0.46
2352 vertices more than 2 sigmas from mean.
Averaging target values for 5 iterations...
Positioning Surface: tspring = 0.3, nspring = 0.3, spring = 0, niters = 100 l_repulse = 5, l_surf_repulse = 0, checktol = 0
Positioning pial surface
Entering MRISpositionSurface()
  max_mm = 0.3
  MAX_REDUCTIONS = 2, REDUCTION_PCT = 0.5
  parms->check_tol = 0, niterations = 100
tol=1.0e-04, sigma=1.0, host=dna07, nav=2, nbrs=2, l_repulse=5.000, l_tspring=0.300, l_nspring=0.300, l_intensity=0.200, l_curv=1.000
mom=0.00, dt=0.50
000: dt: 0.0000, sse=692145.6, rms=4.316
017: dt: 0.5000, sse=427977.7, rms=2.925 (32.235%)
rms = 3.2691/2.9247, sse=482813.1/427977.7, time step reduction 1 of 3 to 0.250  0 1 1
   RMS increased, rejecting step
018: dt: 0.2500, sse=309785.7, rms=2.009 (31.306%)
019: dt: 0.2500, sse=263652.9, rms=1.509 (24.909%)
020: dt: 0.2500, sse=249151.8, rms=1.309 (13.245%)
021: dt: 0.2500, sse=244872.0, rms=1.238 (5.415%)
rms = 1.2062/1.2380, sse=242907.9/244872.0, time step reduction 2 of 3 to 0.125  0 0 1
022: dt: 0.2500, sse=242907.9, rms=1.206 (2.565%)
023: dt: 0.1250, sse=239737.9, rms=1.150 (4.658%)
rms = 1.1381/1.1500, sse=239171.8/239737.9, time step reduction 3 of 3 to 0.062  0 0 1
024: dt: 0.1250, sse=239171.8, rms=1.138 (1.038%)
  maximum number of reductions reached, breaking from loop
positioning took 0.5 minutes
Iteration 2 =========================================
n_averages=1, current_sigma=0.5
Freezing midline and others
Ripping frozen voxels
INFO: rip surface needed but not specified, so using input surface
Freezing midline and others
Entering: MRISripMidline(): inhibiting deformation at non-cortical midline structures...
  which=1, fix_mtl=0, using annot = 0
#FML0# MRISripMidline(): nripped=6792
removing 4 vertices from ripped group in thread:0
removing 2 vertices from ripped group in thread:0
removing 4 vertices from ripped group in thread:0
removing 4 vertices from ripped group in thread:0
removing 3 vertices from ripped group in thread:0
removing 4 vertices from ripped group in thread:0
removing 3 vertices from ripped group in thread:0
removing 1 vertices from ripped group in thread:0
#FML# MRISripMidline(): nmarked=6872, nmarked2=180, nripped=6872
Ripping segs (eg, WMSA, BG, frozen)
Starting MRISripSegs() d = (-2 2 0.5) segnos: 247 247 247 247 
MRISripSegs(): -2 2 0.5 ripped 0
Computing target border values 
Entering MRIScomputeBorderValues_new(): 
  inside_hi   = 120.0000000;
  border_hi   = 111.1894380;
  border_low  =  63.0000000;
  outside_low =  53.0078390;
  outside_hi  = 111.1894380;
  sigma = 0.5;
  max_thickness = 10;
  step_size=0.5;
  STEP_SIZE=0.1;
  which = 1
  thresh = 0
  flags = 0
  CBVfindFirstPeakD1=0
  CBVfindFirstPeakD2=0
  nvertices=137686
  Gdiag_no=-1
  vno start=0, stop=137686
Replacing 255s with 0s
#SI# sigma=0.5 had to be increased for 92 vertices, nripped=6872
mean border=81.4, 140 (20) missing vertices, mean dist -0.1 [0.2 (%65.3)->0.2 (%34.7))]
%90 local maxima, % 5 large gradients and % 0 min vals, 0 gradients ignored
nFirstPeakD1 0
MRIScomputeBorderValues_new() finished in 0.0043 min


Finding expansion regions
mean absolute distance = 0.20 +- 0.36
2748 vertices more than 2 sigmas from mean.
Averaging target values for 5 iterations...
Positioning Surface: tspring = 0.3, nspring = 0.3, spring = 0, niters = 100 l_repulse = 5, l_surf_repulse = 0, checktol = 0
Positioning pial surface
Entering MRISpositionSurface()
  max_mm = 0.3
  MAX_REDUCTIONS = 2, REDUCTION_PCT = 0.5
  parms->check_tol = 0, niterations = 100
tol=1.0e-04, sigma=0.5, host=dna07, nav=1, nbrs=2, l_repulse=5.000, l_tspring=0.300, l_nspring=0.300, l_intensity=0.200, l_curv=1.000
mom=0.00, dt=0.50
000: dt: 0.0000, sse=346313.6, rms=2.324
rms = 2.5649/2.3235, sse=379752.6/346313.6, time step reduction 1 of 3 to 0.250  0 1 1
   RMS increased, rejecting step
025: dt: 0.2500, sse=270562.0, rms=1.578 (32.086%)
026: dt: 0.2500, sse=239494.8, rms=1.136 (27.999%)
027: dt: 0.2500, sse=235422.9, rms=1.063 (6.463%)
rms = 1.0458/1.0627, sse=234758.0/235422.9, time step reduction 2 of 3 to 0.125  0 0 1
028: dt: 0.2500, sse=234758.0, rms=1.046 (1.597%)
rms = 1.0095/1.0458, sse=232611.1/234758.0, time step reduction 3 of 3 to 0.062  0 0 1
029: dt: 0.1250, sse=232611.1, rms=1.010 (3.464%)
  maximum number of reductions reached, breaking from loop
positioning took 0.3 minutes
Iteration 3 =========================================
n_averages=0, current_sigma=0.25
Freezing midline and others
Ripping frozen voxels
INFO: rip surface needed but not specified, so using input surface
Freezing midline and others
Entering: MRISripMidline(): inhibiting deformation at non-cortical midline structures...
  which=1, fix_mtl=0, using annot = 0
#FML0# MRISripMidline(): nripped=6872
removing 2 vertices from ripped group in thread:0
removing 2 vertices from ripped group in thread:0
removing 4 vertices from ripped group in thread:0
removing 4 vertices from ripped group in thread:0
removing 2 vertices from ripped group in thread:0
removing 4 vertices from ripped group in thread:0
removing 2 vertices from ripped group in thread:0
removing 3 vertices from ripped group in thread:0
removing 1 vertices from ripped group in thread:0
#FML# MRISripMidline(): nmarked=6883, nmarked2=180, nripped=6883
Ripping segs (eg, WMSA, BG, frozen)
Starting MRISripSegs() d = (-2 2 0.5) segnos: 247 247 247 247 247 
MRISripSegs(): -2 2 0.5 ripped 0
Computing target border values 
Entering MRIScomputeBorderValues_new(): 
  inside_hi   = 120.0000000;
  border_hi   = 111.1894380;
  border_low  =  63.0000000;
  outside_low =  53.0078390;
  outside_hi  = 111.1894380;
  sigma = 0.25;
  max_thickness = 10;
  step_size=0.5;
  STEP_SIZE=0.1;
  which = 1
  thresh = 0
  flags = 0
  CBVfindFirstPeakD1=0
  CBVfindFirstPeakD2=0
  nvertices=137686
  Gdiag_no=-1
  vno start=0, stop=137686
Replacing 255s with 0s
#SI# sigma=0.25 had to be increased for 95 vertices, nripped=6883
mean border=81.9, 147 (20) missing vertices, mean dist -0.0 [0.2 (%53.9)->0.2 (%46.1))]
%91 local maxima, % 4 large gradients and % 0 min vals, 0 gradients ignored
nFirstPeakD1 0
MRIScomputeBorderValues_new() finished in 0.0028 min


Finding expansion regions
mean absolute distance = 0.19 +- 0.32
2901 vertices more than 2 sigmas from mean.
Averaging target values for 5 iterations...
Positioning Surface: tspring = 0.3, nspring = 0.3, spring = 0, niters = 100 l_repulse = 5, l_surf_repulse = 0, checktol = 0
Positioning pial surface
Entering MRISpositionSurface()
  max_mm = 0.3
  MAX_REDUCTIONS = 2, REDUCTION_PCT = 0.5
  parms->check_tol = 0, niterations = 100
tol=1.0e-04, sigma=0.2, host=dna07, nav=0, nbrs=2, l_repulse=5.000, l_tspring=0.300, l_nspring=0.300, l_intensity=0.200, l_curv=1.000
mom=0.00, dt=0.50
000: dt: 0.0000, sse=247278.3, rms=1.273
rms = 1.5571/1.2730, sse=272135.2/247278.3, time step reduction 1 of 3 to 0.250  0 1 1
   RMS increased, rejecting step
030: dt: 0.2500, sse=227017.8, rms=0.915 (28.094%)
031: dt: 0.2500, sse=223787.3, rms=0.788 (13.893%)
rms = 0.8067/0.7882, sse=222385.5/223787.3, time step reduction 2 of 3 to 0.125  0 0 1
   RMS increased, rejecting step
rms = 0.7769/0.7882, sse=224135.9/223787.3, time step reduction 3 of 3 to 0.062  0 1 1
032: dt: 0.1250, sse=224135.9, rms=0.777 (1.428%)
  maximum number of reductions reached, breaking from loop
positioning took 0.2 minutes


Writing output to ../surf/lh.white.preaparc
#ET# mris_place_surface  2.11 minutes
#VMPC# mris_place_surfaces VmPeak  3133768
mris_place_surface done
#--------------------------------------------
#@# CortexLabel lh Sat Mar 14 11:59:17 CET 2026
cd /out/sourcedata/freesurfer/sub-v2s9x29158_ses-1/mri
mri_label2label --label-cortex ../surf/lh.white.preaparc aseg.presurf.mgz 0 ../label/lh.cortex.label

 Generating cortex label... RemoveHipAmgy=0
 NucAccIsMedialWall=0
 mris->useRealRAS=0
6 non-cortical segments detected
only using segment with 7495 vertices
erasing segment 1 (vno[0] = 46936)
erasing segment 2 (vno[0] = 79157)
erasing segment 3 (vno[0] = 80069)
erasing segment 4 (vno[0] = 81931)
erasing segment 5 (vno[0] = 82755)
#--------------------------------------------
#@# CortexLabel+HipAmyg lh Sat Mar 14 11:59:26 CET 2026
cd /out/sourcedata/freesurfer/sub-v2s9x29158_ses-1/mri
mri_label2label --label-cortex ../surf/lh.white.preaparc aseg.presurf.mgz 1 ../label/lh.cortex+hipamyg.label

 Generating cortex label... RemoveHipAmgy=1
 NucAccIsMedialWall=0
 mris->useRealRAS=0
11 non-cortical segments detected
only using segment with 5242 vertices
erasing segment 1 (vno[0] = 46015)
erasing segment 2 (vno[0] = 46936)
erasing segment 3 (vno[0] = 51467)
erasing segment 4 (vno[0] = 53698)
erasing segment 5 (vno[0] = 70924)
erasing segment 6 (vno[0] = 75520)
erasing segment 7 (vno[0] = 79157)
erasing segment 8 (vno[0] = 80069)
erasing segment 9 (vno[0] = 81931)
erasing segment 10 (vno[0] = 82755)
#--------------------------------------------
#@# Smooth2 lh Sat Mar 14 11:59:34 CET 2026
/out/sourcedata/freesurfer/sub-v2s9x29158_ses-1/scripts

 mris_smooth -n 3 -nw -seed 1234 ../surf/lh.white.preaparc ../surf/lh.smoothwm 

smoothing for 3 iterations
setting seed for random number generator to 1234
smoothing surface tessellation for 3 iterations...
smoothing complete - recomputing first and second fundamental forms...
#--------------------------------------------
#@# Inflation2 lh Sat Mar 14 11:59:36 CET 2026
/out/sourcedata/freesurfer/sub-v2s9x29158_ses-1/scripts

 mris_inflate ../surf/lh.smoothwm ../surf/lh.inflated 

Reading ../surf/lh.smoothwm
avg radius = 45.0 mm, total surface area = 85998 mm^2
step 000: RMS=0.176 (target=0.015)   step 005: RMS=0.117 (target=0.015)   step 010: RMS=0.089 (target=0.015)   step 015: RMS=0.074 (target=0.015)   step 020: RMS=0.062 (target=0.015)   step 025: RMS=0.051 (target=0.015)   step 030: RMS=0.042 (target=0.015)   step 035: RMS=0.035 (target=0.015)   step 040: RMS=0.030 (target=0.015)   step 045: RMS=0.026 (target=0.015)   step 050: RMS=0.023 (target=0.015)   step 055: RMS=0.021 (target=0.015)   step 060: RMS=0.020 (target=0.015)   writing inflated surface to ../surf/lh.inflated
writing sulcal depths to ../surf/lh.sulc

inflation complete.
inflation took 0.1 minutes
mris_inflate utimesec    39.469803
mris_inflate stimesec    0.513329
mris_inflate ru_maxrss   211384
mris_inflate ru_ixrss    0
mris_inflate ru_idrss    0
mris_inflate ru_isrss    0
mris_inflate ru_minflt   142915
mris_inflate ru_majflt   5
mris_inflate ru_nswap    0
mris_inflate ru_inblock  130
mris_inflate ru_oublock  10768
mris_inflate ru_msgsnd   0
mris_inflate ru_msgrcv   0
mris_inflate ru_nsignals 0
mris_inflate ru_nvcsw    4863
mris_inflate ru_nivcsw   69
#--------------------------------------------
#@# Curv .H and .K lh Sat Mar 14 11:59:44 CET 2026
/out/sourcedata/freesurfer/sub-v2s9x29158_ses-1/surf

 mris_curvature -w -seed 1234 lh.white.preaparc 

setting seed for random number generator to 1234
total integrated curvature = 22.798*4pi (286.484) --> -22 handles
ICI = 154.0, FI = 1578.7, variation=24626.445
writing Gaussian curvature to ./lh.white.preaparc.K...done.
writing mean curvature to ./lh.white.preaparc.H...done.
rm -f lh.white.H
ln -s lh.white.preaparc.H lh.white.H
rm -f lh.white.K
ln -s lh.white.preaparc.K lh.white.K

 mris_curvature -seed 1234 -thresh .999 -n -a 5 -w -distances 10 10 lh.inflated 

setting seed for random number generator to 1234
normalizing curvature values.
averaging curvature patterns 5 times.
sampling 10 neighbors out to a distance of 10 mm
163 vertices thresholded to be in k1 ~ [-0.31 0.33], k2 ~ [-0.13 0.05]
total integrated curvature = 0.552*4pi (6.938) --> 0 handles
ICI = 1.6, FI = 9.3, variation=162.449
116 vertices thresholded to be in [-0.01 0.02]
writing Gaussian curvature to ./lh.inflated.K...thresholding curvature at 99.90% level
curvature mean = 0.000, std = 0.001
136 vertices thresholded to be in [-0.17 0.12]
done.
writing mean curvature to ./lh.inflated.H...curvature mean = -0.016, std = 0.021
done.
#--------------------------------------------
#@# Sphere lh Sat Mar 14 12:00:20 CET 2026
/out/sourcedata/freesurfer/sub-v2s9x29158_ses-1/scripts

 mris_sphere -seed 1234 ../surf/lh.inflated ../surf/lh.sphere 

setting seed for random number genererator to 1234
version: 7.3.2
available threads: 16
reading original vertex positions...
projecting onto sphere...
surface projected - minimizing metric distortion...
scaling brain by 0.297...
MRISunfold() max_passes = 1 -------
tol=5.0e-01, sigma=0.0, host=dna07, nav=1024, nbrs=2, l_area=1.000, l_dist=1.000
using quadratic fit line minimization
complete_dist_mat 0
rms 0
smooth_averages 0
remove_neg 0
ico_order 0
which_surface 0
target_radius 0.000000
nfields 0
scale 1.000000
desired_rms_height -1.000000
momentum 0.900000
nbhd_size 7
max_nbrs 8
niterations 25
nsurfaces 0
SURFACES 3
flags 0 (0)
use curv 0
no sulc 0
no rigid align 0
mris->nsize 2
mris->hemisphere 0
randomSeed 1234

singular matrix in quadratic form
singular matrix in quadratic form
--------------------
  mrisRemoveNegativeArea()
pass 1: epoch 1 of 3 starting distance error %21.05
pass 1: epoch 2 of 3 starting distance error %21.00
unfolding complete - removing small folds...
starting distance error %20.92
removing remaining folds...
final distance error %20.92
MRISunfold() return, current seed 1234
-01: dt=0.0000, 273 negative triangles  VmPeak 2195540
096: dt=0.9900, 273 negative triangles
097: dt=0.9900, 117 negative triangles
098: dt=0.9900,  66 negative triangles
099: dt=0.9900,  59 negative triangles
100: dt=0.9900,  60 negative triangles
101: dt=0.9900,  58 negative triangles
102: dt=0.9900,  57 negative triangles
103: dt=0.9900,  51 negative triangles
104: dt=0.9900,  56 negative triangles
105: dt=0.9900,  57 negative triangles
106: dt=0.9900,  55 negative triangles
107: dt=0.9900,  53 negative triangles
108: dt=0.9900,  54 negative triangles
109: dt=0.9900,  50 negative triangles
110: dt=0.9900,  55 negative triangles
111: dt=0.9900,  52 negative triangles
112: dt=0.9900,  56 negative triangles
113: dt=0.9900,  51 negative triangles
114: dt=0.9900,  52 negative triangles
115: dt=0.9900,  54 negative triangles
116: dt=0.9900,  53 negative triangles
117: dt=0.9900,  50 negative triangles
118: dt=0.9900,  57 negative triangles
119: dt=0.9900,  47 negative triangles
120: dt=0.9900,  49 negative triangles
121: dt=0.9900,  46 negative triangles
122: dt=0.9900,  49 negative triangles
123: dt=0.9900,  49 negative triangles
124: dt=0.9900,  49 negative triangles
125: dt=0.9900,  51 negative triangles
126: dt=0.9900,  46 negative triangles
127: dt=0.9900,  46 negative triangles
128: dt=0.9900,  44 negative triangles
129: dt=0.9900,  45 negative triangles
130: dt=0.9900,  42 negative triangles
131: dt=0.9900,  46 negative triangles
132: dt=0.9900,  39 negative triangles
133: dt=0.9900,  44 negative triangles
134: dt=0.9900,  41 negative triangles
135: dt=0.9900,  40 negative triangles
136: dt=0.9900,  38 negative triangles
137: dt=0.9900,  43 negative triangles
138: dt=0.9900,  47 negative triangles
139: dt=0.9900,  50 negative triangles
140: dt=0.9900,  40 negative triangles
141: dt=0.9900,  42 negative triangles
142: dt=0.9900,  39 negative triangles
143: dt=0.9900,  45 negative triangles
144: dt=0.9900,  42 negative triangles
145: dt=0.9900,  48 negative triangles
146: dt=0.9405,  38 negative triangles
147: dt=0.9405,  45 negative triangles
148: dt=0.9405,  39 negative triangles
149: dt=0.9405,  42 negative triangles
150: dt=0.9405,  47 negative triangles
151: dt=0.9405,  46 negative triangles
152: dt=0.9405,  37 negative triangles
153: dt=0.9405,  44 negative triangles
154: dt=0.9405,  37 negative triangles
155: dt=0.9405,  49 negative triangles
156: dt=0.9405,  44 negative triangles
157: dt=0.9405,  43 negative triangles
158: dt=0.9405,  41 negative triangles
159: dt=0.9405,  46 negative triangles
160: dt=0.9405,  44 negative triangles
161: dt=0.9405,  45 negative triangles
162: dt=0.8935,  48 negative triangles
163: dt=0.8935,  50 negative triangles
164: dt=0.8935,  43 negative triangles
165: dt=0.8935,  46 negative triangles
166: dt=0.8935,  44 negative triangles
167: dt=0.8935,  45 negative triangles
168: dt=0.8935,  41 negative triangles
169: dt=0.8935,  43 negative triangles
170: dt=0.8935,  41 negative triangles
171: dt=0.8935,  43 negative triangles
172: dt=0.8488,  40 negative triangles
173: dt=0.8488,  42 negative triangles
174: dt=0.8488,  42 negative triangles
175: dt=0.8488,  40 negative triangles
176: dt=0.8488,  38 negative triangles
177: dt=0.8488,  38 negative triangles
178: dt=0.8488,  44 negative triangles
179: dt=0.8488,  43 negative triangles
180: dt=0.8488,  37 negative triangles
181: dt=0.8488,  39 negative triangles
182: dt=0.8064,  39 negative triangles
183: dt=0.8064,  35 negative triangles
184: dt=0.8064,  39 negative triangles
185: dt=0.8064,  41 negative triangles
186: dt=0.8064,  37 negative triangles
187: dt=0.8064,  35 negative triangles
188: dt=0.8064,  38 negative triangles
189: dt=0.8064,  39 negative triangles
190: dt=0.8064,  40 negative triangles
191: dt=0.8064,  42 negative triangles
192: dt=0.8064,  39 negative triangles
193: dt=0.8064,  34 negative triangles
194: dt=0.8064,  36 negative triangles
195: dt=0.8064,  32 negative triangles
196: dt=0.8064,  38 negative triangles
197: dt=0.8064,  40 negative triangles
198: dt=0.8064,  43 negative triangles
199: dt=0.8064,  34 negative triangles
200: dt=0.8064,  38 negative triangles
201: dt=0.8064,  31 negative triangles
202: dt=0.8064,  38 negative triangles
203: dt=0.8064,  34 negative triangles
204: dt=0.8064,  35 negative triangles
205: dt=0.8064,  32 negative triangles
206: dt=0.8064,  39 negative triangles
207: dt=0.8064,  33 negative triangles
208: dt=0.8064,  31 negative triangles
209: dt=0.8064,  33 negative triangles
210: dt=0.8064,  32 negative triangles
211: dt=0.7660,  35 negative triangles
212: dt=0.7660,  34 negative triangles
213: dt=0.7660,  31 negative triangles
214: dt=0.7660,  36 negative triangles
215: dt=0.7660,  37 negative triangles
216: dt=0.7660,  36 negative triangles
217: dt=0.7660,  32 negative triangles
218: dt=0.7660,  34 negative triangles
219: dt=0.7660,  28 negative triangles
220: dt=0.7660,  32 negative triangles
221: dt=0.7660,  34 negative triangles
222: dt=0.7660,  31 negative triangles
223: dt=0.7660,  28 negative triangles
224: dt=0.7660,  31 negative triangles
225: dt=0.7660,  29 negative triangles
226: dt=0.7660,  32 negative triangles
227: dt=0.7660,  27 negative triangles
228: dt=0.7660,  35 negative triangles
229: dt=0.7660,  28 negative triangles
230: dt=0.7660,  30 negative triangles
231: dt=0.7660,  26 negative triangles
232: dt=0.7660,  32 negative triangles
233: dt=0.7660,  29 negative triangles
234: dt=0.7660,  33 negative triangles
235: dt=0.7660,  30 negative triangles
236: dt=0.7660,  26 negative triangles
237: dt=0.7660,  30 negative triangles
238: dt=0.7660,  24 negative triangles
239: dt=0.7660,  25 negative triangles
240: dt=0.7660,  25 negative triangles
241: dt=0.7660,  26 negative triangles
242: dt=0.7660,  25 negative triangles
243: dt=0.7660,  22 negative triangles
244: dt=0.7660,  23 negative triangles
245: dt=0.7660,  23 negative triangles
246: dt=0.7660,  26 negative triangles
247: dt=0.7660,  22 negative triangles
248: dt=0.7660,  26 negative triangles
249: dt=0.7660,  22 negative triangles
250: dt=0.7660,  23 negative triangles
251: dt=0.7660,  25 negative triangles
252: dt=0.7660,  20 negative triangles
253: dt=0.7660,  25 negative triangles
254: dt=0.7660,  19 negative triangles
255: dt=0.7660,  19 negative triangles
256: dt=0.7660,  23 negative triangles
257: dt=0.7660,  16 negative triangles
258: dt=0.7660,  13 negative triangles
259: dt=0.7660,  15 negative triangles
260: dt=0.7660,  16 negative triangles
261: dt=0.7660,  12 negative triangles
262: dt=0.7660,  13 negative triangles
263: dt=0.7660,   9 negative triangles
264: dt=0.7660,  11 negative triangles
265: dt=0.7660,   9 negative triangles
266: dt=0.7660,   6 negative triangles
267: dt=0.7660,   3 negative triangles
268: dt=0.7660,   7 negative triangles
269: dt=0.7660,   6 negative triangles
270: dt=0.7660,   1 negative triangles
271: dt=0.7660,   5 negative triangles
272: dt=0.7660,   5 negative triangles
273: dt=0.7660,   5 negative triangles
writing spherical brain to ../surf/lh.sphere
spherical transformation took 0.0284 hours
FSRUNTIME@ mris_sphere  0.0284 hours 16 threads
#VMPC# mris_sphere VmPeak  2195540
mris_sphere done
#--------------------------------------------
#@# Surf Reg lh Sat Mar 14 12:02:03 CET 2026
/out/sourcedata/freesurfer/sub-v2s9x29158_ses-1/scripts

 mris_register -curv ../surf/lh.sphere /opt/freesurfer/average/lh.folding.atlas.acfb40.noaparc.i12.2016-08-02.tif ../surf/lh.sphere.reg 

using smoothwm curvature for final alignment

cwd /out/sourcedata/freesurfer/sub-v2s9x29158_ses-1/scripts
cmdline mris_register -curv ../surf/lh.sphere /opt/freesurfer/average/lh.folding.atlas.acfb40.noaparc.i12.2016-08-02.tif ../surf/lh.sphere.reg 

0 inflated.H
1 sulc
2 smoothwm (computed)
7.3.2
  7.3.2
reading surface from ../surf/lh.sphere...
reading template parameterization from /opt/freesurfer/average/lh.folding.atlas.acfb40.noaparc.i12.2016-08-02.tif...
MRISregister() -------
max_passes = 4 
min_degrees = 0.500000 
max_degrees = 64.000000 
nangles = 8 
tol=5.0e-01, sigma=0.0, host=dna07, nav=1024, nbrs=1, l_extern=10000.000, l_parea=0.200, l_nlarea=1.000, l_corr=1.000, l_dist=5.000
using quadratic fit line minimization
complete_dist_mat 0
rms 0
smooth_averages 0
remove_neg 0
ico_order 0
which_surface 0
target_radius 0.000000
nfields 0
scale 0.000000
desired_rms_height -1.000000
momentum 0.950000
nbhd_size -10
max_nbrs 10
niterations 25
nsurfaces 0
SURFACES 3
flags 16 (10)
use curv 16
no sulc 0
no rigid align 0
mris->nsize 1
mris->hemisphere 0
randomSeed 0

tol=5.0e-01, sigma=0.0, host=dna07, nav=1024, nbrs=1, l_extern=10000.000, l_parea=0.200, l_nlarea=1.000, l_corr=1.000, l_dist=5.000
using quadratic fit line minimization
--------------------
1 Reading lh.sulc
tol=1.0e+00, sigma=0.5, host=dna07, nav=1024, nbrs=1, l_extern=10000.000, l_parea=0.200, l_nlarea=1.000, l_corr=0.050, l_spring=0.500, l_dist=5.000
using quadratic fit line minimization
curvature mean = -0.000, std = 5.926
curvature mean = 0.023, std = 0.813
curvature mean = 0.010, std = 0.866
Starting MRISrigidBodyAlignGlobal()
Starting new MRISrigidBodyAlignGlobal_findMinSSE()
  new MRISrigidBodyAlignGlobal_findMinSSE min @ (-5.00, -7.50, 7.00) sse = 259160.4, elapsed since starting=0.0527 min
MRISrigidBodyAlignGlobal() done   0.05 min
curvature mean = 0.017, std = 0.826
curvature mean = 0.005, std = 0.948
curvature mean = 0.016, std = 0.837
curvature mean = 0.002, std = 0.979
curvature mean = 0.016, std = 0.839
curvature mean = 0.000, std = 0.992
2 Reading smoothwm
curvature mean = -0.020, std = 0.285
curvature mean = 0.044, std = 0.247
curvature mean = 0.062, std = 0.332
curvature mean = 0.041, std = 0.305
curvature mean = 0.037, std = 0.524
curvature mean = 0.040, std = 0.332
curvature mean = 0.021, std = 0.667
curvature mean = 0.040, std = 0.344
curvature mean = 0.006, std = 0.781
MRISregister() return, current seed 0
-01: dt=0.0000,  13 negative triangles  VmPeak 2457720
113: dt=0.9900,  13 negative triangles
114: dt=0.9900,   1 negative triangles
writing registered surface to ../surf/lh.sphere.reg...
registration took 0.05 hours
#VMPC# mris_register VmPeak  2457720
FSRUNTIME@ mris_register  0.0458 hours 16 threads

 ln -sf lh.sphere.reg lh.fsaverage.sphere.reg 

#--------------------------------------------
#@# Jacobian white lh Sat Mar 14 12:04:48 CET 2026
/out/sourcedata/freesurfer/sub-v2s9x29158_ses-1/scripts

 mris_jacobian ../surf/lh.white.preaparc ../surf/lh.sphere.reg ../surf/lh.jacobian_white 

reading surface from ../surf/lh.white.preaparc...
writing curvature file ../surf/lh.jacobian_white
#--------------------------------------------
#@# AvgCurv lh Sat Mar 14 12:04:48 CET 2026
/out/sourcedata/freesurfer/sub-v2s9x29158_ses-1/scripts

 mrisp_paint -a 5 /opt/freesurfer/average/lh.folding.atlas.acfb40.noaparc.i12.2016-08-02.tif#6 ../surf/lh.sphere.reg ../surf/lh.avg_curv 

averaging curvature patterns 5 times...
reading surface from ../surf/lh.sphere.reg...
reading template parameterization from /opt/freesurfer/average/lh.folding.atlas.acfb40.noaparc.i12.2016-08-02.tif...
writing curvature file to ../surf/lh.avg_curv...
#-----------------------------------------
#@# Cortical Parc lh Sat Mar 14 12:04:49 CET 2026
/out/sourcedata/freesurfer/sub-v2s9x29158_ses-1/scripts

 mris_ca_label -l ../label/lh.cortex.label -aseg ../mri/aseg.presurf.mgz -seed 1234 sub-v2s9x29158_ses-1 lh ../surf/lh.sphere.reg /opt/freesurfer/average/lh.DKaparc.atlas.acfb40.noaparc.i12.2016-08-02.gcs ../label/lh.aparc.annot 

setting seed for random number generator to 1234
using ../mri/aseg.presurf.mgz aseg volume to correct midline
7.3.2
  7.3.2
reading atlas from /opt/freesurfer/average/lh.DKaparc.atlas.acfb40.noaparc.i12.2016-08-02.gcs...
reading color table from GCSA file....
average std = 0.8   using min determinant for regularization = 0.006
0 singular and 342 ill-conditioned covariance matrices regularized
input 0: MEAN CURVATURE, flags 0, avgs 5, name mean_curvature
labeling surface...
1184 labels changed using aseg
relabeling using gibbs priors...
000:   3181 changed, 137686 examined...
001:    763 changed, 13474 examined...
002:    177 changed, 4271 examined...
003:     64 changed, 1026 examined...
004:     27 changed, 365 examined...
005:     14 changed, 172 examined...
006:      8 changed, 82 examined...
007:      5 changed, 51 examined...
008:      6 changed, 26 examined...
009:      5 changed, 31 examined...
010:      4 changed, 26 examined...
011:      3 changed, 28 examined...
012:      3 changed, 18 examined...
013:      3 changed, 17 examined...
014:      3 changed, 17 examined...
015:      4 changed, 15 examined...
016:      1 changed, 18 examined...
017:      1 changed, 7 examined...
018:      1 changed, 7 examined...
019:      0 changed, 7 examined...
239 labels changed using aseg
000: 111 total segments, 57 labels (134 vertices) changed
001: 54 total segments, 0 labels (0 vertices) changed
10 filter iterations complete (10 requested, 3 changed)
rationalizing unknown annotations with cortex label
relabeling unknown label...
relabeling corpuscallosum label...
1763 vertices marked for relabeling...
1763 labels changed in reclassification.
writing output to ../label/lh.aparc.annot...
classification took 0 minutes and 7 seconds.
#--------------------------------------------
#@# WhiteSurfs lh Sat Mar 14 12:04:56 CET 2026
cd /out/sourcedata/freesurfer/sub-v2s9x29158_ses-1/mri
mris_place_surface --adgws-in ../surf/autodet.gw.stats.lh.dat --seg aseg.presurf.mgz --threads 16 --wm wm.mgz --invol brain.finalsurfs.mgz --lh --i ../surf/lh.white.preaparc --o ../surf/lh.white --white --nsmooth 0 --rip-label ../label/lh.cortex.label --rip-bg --rip-surf ../surf/lh.white.preaparc --aparc ../label/lh.aparc.annot
7.3.2
7.3.2

cd /out/sourcedata/freesurfer/sub-v2s9x29158_ses-1/mri
setenv SUBJECTS_DIR /out/sourcedata/freesurfer
mris_place_surface --adgws-in ../surf/autodet.gw.stats.lh.dat --seg aseg.presurf.mgz --threads 16 --wm wm.mgz --invol brain.finalsurfs.mgz --lh --i ../surf/lh.white.preaparc --o ../surf/lh.white --white --nsmooth 0 --rip-label ../label/lh.cortex.label --rip-bg --rip-surf ../surf/lh.white.preaparc --aparc ../label/lh.aparc.annot 

Reading in input surface ../surf/lh.white.preaparc
Not smoothing input surface
Area    275368  0.34438  0.12911 0.001383   1.9417
Corner  826104 60.00000 14.44233 0.300418 178.1790
Edge    413052  0.90387  0.21446 0.028995   3.6101
Hinge   413052  9.84615 11.35388 0.000029 179.9799
Reading in aparc ../label/lh.aparc.annot
Reading in input volume brain.finalsurfs.mgz
Reading in wm volume wm.mgz
MRIclipBrightWM(): nthresh=17929, wmmin=5, clip=110 
MRIfindBrightNonWM(): 2429 bright non-wm voxels segmented.
Masking bright non-wm for white surface
MRImask(): AllowDiffGeom = 1
MRImask(): AllowDiffGeom = 1
Reading in seg volume aseg.presurf.mgz
Ripping frozen voxels
Ripping vertices not in label ../label/lh.cortex.label
MRISripNotLabel() ripped 7723/137686 vertices (129963 unripped)
Reading in ripping surface ../surf/lh.white.preaparc
Reading in aparc ../label/lh.aparc.annot for ripsurf
Ripping BG
MRISripBasalGanglia(): 1 -2 2 0.5 ripped 579
Ripping segs (eg, WMSA, BG, frozen)
Starting MRISripSegs() d = (-2 2 0.5) segnos: 247 
MRISripSegs(): -2 2 0.5 ripped 0
vertex 68843: xyz = (-3.86781,-8.80931,-30.0309) oxyz = (-3.86781,-8.80931,-30.0309) wxzy = (-3.86781,-8.80931,-30.0309) pxyz = (0,0,0) 
CBVO Creating mask 137686
n_averages 4
Iteration 0 =========================================
n_averages=4, current_sigma=2
Computing target border values 
Entering MRIScomputeBorderValues_new(): 
  inside_hi   = 120.0000000;
  border_hi   = 111.1894380;
  border_low  =  63.0000000;
  outside_low =  53.0078390;
  outside_hi  = 111.1894380;
  sigma = 2;
  max_thickness = 10;
  step_size=0.5;
  STEP_SIZE=0.1;
  which = 1
  thresh = 0
  flags = 0
  CBVfindFirstPeakD1=0
  CBVfindFirstPeakD2=0
  nvertices=137686
  Gdiag_no=-1
  vno start=0, stop=137686
Replacing 255s with 0s
#SI# sigma=2 had to be increased for 135 vertices, nripped=8302
mean border=76.5, 119 (119) missing vertices, mean dist 0.3 [0.5 (%18.4)->0.4 (%81.6))]
%77 local maxima, %17 large gradients and % 0 min vals, 0 gradients ignored
nFirstPeakD1 0
MRIScomputeBorderValues_new() finished in 0.0109 min


Finding expansion regions
mean absolute distance = 0.46 +- 0.75
2337 vertices more than 2 sigmas from mean.
Averaging target values for 5 iterations...
Positioning Surface: tspring = 0.3, nspring = 0.3, spring = 0, niters = 100 l_repulse = 5, l_surf_repulse = 0, checktol = 0
Positioning pial surface
Entering MRISpositionSurface()
  max_mm = 0.3
  MAX_REDUCTIONS = 2, REDUCTION_PCT = 0.5
  parms->check_tol = 0, niterations = 100
tol=1.0e-04, sigma=2.0, host=dna07, nav=4, nbrs=2, l_repulse=5.000, l_tspring=0.300, l_nspring=0.300, l_intensity=0.200, l_curv=1.000
mom=0.00, dt=0.50
complete_dist_mat 0
rms 0
smooth_averages 0
remove_neg 0
ico_order 0
which_surface 0
target_radius 0.000000
nfields 0
scale 0.000000
desired_rms_height 0.000000
momentum 0.000000
nbhd_size 0
max_nbrs 0
niterations 100
nsurfaces 0
SURFACES 3
flags 0 (0)
use curv 0
no sulc 0
no rigid align 0
mris->nsize 2
mris->hemisphere 0
randomSeed 0

000: dt: 0.0000, sse=1519815.2, rms=7.138
001: dt: 0.5000, sse=634486.4, rms=4.099 (42.573%)
002: dt: 0.5000, sse=500589.2, rms=3.408 (16.863%)
rms = 3.3873/3.4079, sse=497595.7/500589.2, time step reduction 1 of 3 to 0.250  0 0 1
003: dt: 0.5000, sse=497595.7, rms=3.387 (0.605%)
004: dt: 0.2500, sse=290202.3, rms=1.833 (45.873%)
005: dt: 0.2500, sse=266078.4, rms=1.550 (15.482%)
006: dt: 0.2500, sse=258803.8, rms=1.446 (6.715%)
007: dt: 0.2500, sse=255108.2, rms=1.386 (4.127%)
rms = 1.3582/1.3859, sse=253835.0/255108.2, time step reduction 2 of 3 to 0.125  0 0 1
008: dt: 0.2500, sse=253835.0, rms=1.358 (1.993%)
009: dt: 0.1250, sse=250714.0, rms=1.308 (3.703%)
rms = 1.2964/1.3079, sse=250301.4/250714.0, time step reduction 3 of 3 to 0.062  0 0 1
010: dt: 0.1250, sse=250301.4, rms=1.296 (0.880%)
  maximum number of reductions reached, breaking from loop
positioning took 0.7 minutes
Iteration 1 =========================================
n_averages=2, current_sigma=1
Computing target border values 
Entering MRIScomputeBorderValues_new(): 
  inside_hi   = 120.0000000;
  border_hi   = 111.1894380;
  border_low  =  63.0000000;
  outside_low =  53.0078390;
  outside_hi  = 111.1894380;
  sigma = 1;
  max_thickness = 10;
  step_size=0.5;
  STEP_SIZE=0.1;
  which = 1
  thresh = 0
  flags = 0
  CBVfindFirstPeakD1=0
  CBVfindFirstPeakD2=0
  nvertices=137686
  Gdiag_no=-1
  vno start=0, stop=137686
Replacing 255s with 0s
#SI# sigma=1 had to be increased for 127 vertices, nripped=8302
mean border=79.6, 110 (32) missing vertices, mean dist -0.2 [0.3 (%77.2)->0.3 (%22.8))]
%86 local maxima, % 8 large gradients and % 0 min vals, 0 gradients ignored
nFirstPeakD1 0
MRIScomputeBorderValues_new() finished in 0.0083 min


Finding expansion regions
mean absolute distance = 0.28 +- 0.50
2037 vertices more than 2 sigmas from mean.
Averaging target values for 5 iterations...
Positioning Surface: tspring = 0.3, nspring = 0.3, spring = 0, niters = 100 l_repulse = 5, l_surf_repulse = 0, checktol = 0
Positioning pial surface
Entering MRISpositionSurface()
  max_mm = 0.3
  MAX_REDUCTIONS = 2, REDUCTION_PCT = 0.5
  parms->check_tol = 0, niterations = 100
tol=1.0e-04, sigma=1.0, host=dna07, nav=2, nbrs=2, l_repulse=5.000, l_tspring=0.300, l_nspring=0.300, l_intensity=0.200, l_curv=1.000
mom=0.00, dt=0.50
000: dt: 0.0000, sse=697835.2, rms=4.307
011: dt: 0.5000, sse=415821.2, rms=2.762 (35.881%)
rms = 3.0882/2.7618, sse=463308.1/415821.2, time step reduction 1 of 3 to 0.250  0 1 1
   RMS increased, rejecting step
012: dt: 0.2500, sse=308242.5, rms=1.873 (32.177%)
013: dt: 0.2500, sse=264942.7, rms=1.366 (27.075%)
014: dt: 0.2500, sse=252437.6, rms=1.174 (14.050%)
015: dt: 0.2500, sse=250430.1, rms=1.115 (5.004%)
rms = 1.0911/1.1153, sse=248852.8/250430.1, time step reduction 2 of 3 to 0.125  0 0 1
016: dt: 0.2500, sse=248852.8, rms=1.091 (2.176%)
rms = 1.0462/1.0911, sse=246394.5/248852.8, time step reduction 3 of 3 to 0.062  0 0 1
017: dt: 0.1250, sse=246394.5, rms=1.046 (4.110%)
  maximum number of reductions reached, breaking from loop
positioning took 0.5 minutes
Iteration 2 =========================================
n_averages=1, current_sigma=0.5
Computing target border values 
Entering MRIScomputeBorderValues_new(): 
  inside_hi   = 120.0000000;
  border_hi   = 111.1894380;
  border_low  =  63.0000000;
  outside_low =  53.0078390;
  outside_hi  = 111.1894380;
  sigma = 0.5;
  max_thickness = 10;
  step_size=0.5;
  STEP_SIZE=0.1;
  which = 1
  thresh = 0
  flags = 0
  CBVfindFirstPeakD1=0
  CBVfindFirstPeakD2=0
  nvertices=137686
  Gdiag_no=-1
  vno start=0, stop=137686
Replacing 255s with 0s
#SI# sigma=0.5 had to be increased for 101 vertices, nripped=8302
mean border=81.2, 120 (13) missing vertices, mean dist -0.1 [0.2 (%66.2)->0.2 (%33.8))]
%89 local maxima, % 5 large gradients and % 0 min vals, 0 gradients ignored
nFirstPeakD1 0
MRIScomputeBorderValues_new() finished in 0.0048 min


Finding expansion regions
mean absolute distance = 0.20 +- 0.37
2759 vertices more than 2 sigmas from mean.
Averaging target values for 5 iterations...
Positioning Surface: tspring = 0.3, nspring = 0.3, spring = 0, niters = 100 l_repulse = 5, l_surf_repulse = 0, checktol = 0
Positioning pial surface
Entering MRISpositionSurface()
  max_mm = 0.3
  MAX_REDUCTIONS = 2, REDUCTION_PCT = 0.5
  parms->check_tol = 0, niterations = 100
tol=1.0e-04, sigma=0.5, host=dna07, nav=1, nbrs=2, l_repulse=5.000, l_tspring=0.300, l_nspring=0.300, l_intensity=0.200, l_curv=1.000
mom=0.00, dt=0.50
000: dt: 0.0000, sse=353935.1, rms=2.329
rms = 2.5136/2.3292, sse=381653.3/353935.1, time step reduction 1 of 3 to 0.250  0 1 1
   RMS increased, rejecting step
018: dt: 0.2500, sse=276746.8, rms=1.558 (33.103%)
019: dt: 0.2500, sse=243753.2, rms=1.059 (32.018%)
020: dt: 0.2500, sse=239886.3, rms=0.982 (7.254%)
rms = 0.9695/0.9824, sse=239375.6/239886.3, time step reduction 2 of 3 to 0.125  0 0 1
021: dt: 0.2500, sse=239375.6, rms=0.969 (1.318%)
rms = 0.9293/0.9695, sse=237370.0/239375.6, time step reduction 3 of 3 to 0.062  0 0 1
022: dt: 0.1250, sse=237370.0, rms=0.929 (4.141%)
  maximum number of reductions reached, breaking from loop
positioning took 0.4 minutes
Iteration 3 =========================================
n_averages=0, current_sigma=0.25
Computing target border values 
Entering MRIScomputeBorderValues_new(): 
  inside_hi   = 120.0000000;
  border_hi   = 111.1894380;
  border_low  =  63.0000000;
  outside_low =  53.0078390;
  outside_hi  = 111.1894380;
  sigma = 0.25;
  max_thickness = 10;
  step_size=0.5;
  STEP_SIZE=0.1;
  which = 1
  thresh = 0
  flags = 0
  CBVfindFirstPeakD1=0
  CBVfindFirstPeakD2=0
  nvertices=137686
  Gdiag_no=-1
  vno start=0, stop=137686
Replacing 255s with 0s
#SI# sigma=0.25 had to be increased for 82 vertices, nripped=8302
mean border=81.7, 142 (7) missing vertices, mean dist -0.0 [0.2 (%54.1)->0.2 (%45.9))]
%90 local maxima, % 4 large gradients and % 0 min vals, 0 gradients ignored
nFirstPeakD1 0
MRIScomputeBorderValues_new() finished in 0.0032 min


Finding expansion regions
mean absolute distance = 0.19 +- 0.33
2981 vertices more than 2 sigmas from mean.
Averaging target values for 5 iterations...
Positioning Surface: tspring = 0.3, nspring = 0.3, spring = 0, niters = 100 l_repulse = 5, l_surf_repulse = 0, checktol = 0
Positioning pial surface
Entering MRISpositionSurface()
  max_mm = 0.3
  MAX_REDUCTIONS = 2, REDUCTION_PCT = 0.5
  parms->check_tol = 0, niterations = 100
tol=1.0e-04, sigma=0.2, host=dna07, nav=0, nbrs=2, l_repulse=5.000, l_tspring=0.300, l_nspring=0.300, l_intensity=0.200, l_curv=1.000
mom=0.00, dt=0.50
000: dt: 0.0000, sse=252156.1, rms=1.231
rms = 1.5517/1.2315, sse=280820.4/252156.1, time step reduction 1 of 3 to 0.250  0 1 1
   RMS increased, rejecting step
023: dt: 0.2500, sse=232178.2, rms=0.855 (30.583%)
024: dt: 0.2500, sse=227759.9, rms=0.728 (14.878%)
rms = 0.7612/0.7277, sse=228646.7/227759.9, time step reduction 2 of 3 to 0.125  0 1 1
   RMS increased, rejecting step
rms = 0.7166/0.7277, sse=227141.4/227759.9, time step reduction 3 of 3 to 0.062  0 0 1
025: dt: 0.1250, sse=227141.4, rms=0.717 (1.519%)
  maximum number of reductions reached, breaking from loop
positioning took 0.3 minutes


Writing output to ../surf/lh.white
#ET# mris_place_surface  1.81 minutes
#VMPC# mris_place_surfaces VmPeak  3018388
mris_place_surface done
#--------------------------------------------
#@# T1PialSurf lh Sat Mar 14 12:06:50 CET 2026
cd /out/sourcedata/freesurfer/sub-v2s9x29158_ses-1/mri
mris_place_surface --adgws-in ../surf/autodet.gw.stats.lh.dat --seg aseg.presurf.mgz --threads 16 --wm wm.mgz --invol brain.finalsurfs.mgz --lh --i ../surf/lh.white --o ../surf/lh.pial.T1 --pial --nsmooth 0 --rip-label ../label/lh.cortex+hipamyg.label --pin-medial-wall ../label/lh.cortex.label --aparc ../label/lh.aparc.annot --repulse-surf ../surf/lh.white --white-surf ../surf/lh.white
7.3.2
7.3.2

cd /out/sourcedata/freesurfer/sub-v2s9x29158_ses-1/mri
setenv SUBJECTS_DIR /out/sourcedata/freesurfer
mris_place_surface --adgws-in ../surf/autodet.gw.stats.lh.dat --seg aseg.presurf.mgz --threads 16 --wm wm.mgz --invol brain.finalsurfs.mgz --lh --i ../surf/lh.white --o ../surf/lh.pial.T1 --pial --nsmooth 0 --rip-label ../label/lh.cortex+hipamyg.label --pin-medial-wall ../label/lh.cortex.label --aparc ../label/lh.aparc.annot --repulse-surf ../surf/lh.white --white-surf ../surf/lh.white 

Reading in input surface ../surf/lh.white
Not smoothing input surface
Area    275368  0.34970  0.14648 0.000162   2.3451
Corner  826104 60.00000 16.12044 0.168593 179.6418
Edge    413052  0.91284  0.23766 0.009530   3.7045
Hinge   413052  9.99317 11.71501 0.000020 179.9799
Reading white surface coordinates from ../surf/lh.white
Reading repulsion surface coordinates from ../surf/lh.white
Reading in aparc ../label/lh.aparc.annot
Reading in input volume brain.finalsurfs.mgz
Reading in wm volume wm.mgz
MRIclipBrightWM(): nthresh=17929, wmmin=5, clip=110 
MRIfindBrightNonWM(): 2429 bright non-wm voxels segmented.
Masking bright non-wm for pial surface mid_gray = 62.917
MRImask(): AllowDiffGeom = 1
MRImask(): AllowDiffGeom = 1
MRImask(): AllowDiffGeom = 1
Reading in seg volume aseg.presurf.mgz
Ripping frozen voxels
Ripping vertices not in label ../label/lh.cortex+hipamyg.label
MRISripNotLabel() ripped 5727/137686 vertices (131959 unripped)
INFO: rip surface needed but not specified, so using input surface
Ripping segs (eg, WMSA, BG, frozen)
Starting MRISripSegs() d = (-2 2 0.5) segnos: 247 
MRISripSegs(): -2 2 0.5 ripped 0
vertex 68843: xyz = (-3.86781,-8.80931,-30.0309) oxyz = (-3.86781,-8.80931,-30.0309) wxzy = (-3.86781,-8.80931,-30.0309) pxyz = (-3.86781,-8.80931,-30.0309) 
CBVO Creating mask 137686
n_averages 16
Iteration 0 =========================================
n_averages=16, current_sigma=2
Computing target border values 
Entering MRIScomputeBorderValues_new(): 
  inside_hi   =  92.8105620;
  border_hi   =  53.0078390;
  border_low  =  33.0235210;
  outside_low =  10.0000000;
  outside_hi  =  48.0117570;
  sigma = 2;
  max_thickness = 10;
  step_size=0.5;
  STEP_SIZE=0.1;
  which = 2
  thresh = 0
  flags = 0
  CBVfindFirstPeakD1=0
  CBVfindFirstPeakD2=0
  nvertices=137686
  Gdiag_no=-1
  vno start=0, stop=137686
Replacing 255s with 0s
#SI# sigma=2 had to be increased for 247 vertices, nripped=5727
mean border=53.0, 151 (151) missing vertices, mean dist 1.2 [1.1 (%0.0)->3.5 (%100.0))]
% 9 local maxima, %22 large gradients and %64 min vals, 0 gradients ignored
nFirstPeakD1 0
MRIScomputeBorderValues_new() finished in 0.0118 min


Averaging target values for 5 iterations...
Positioning Surface: tspring = 0.3, nspring = 0.3, spring = 0, niters = 100 l_repulse = 0, l_surf_repulse = 5, checktol = 0
Positioning pial surface
Entering MRISpositionSurface()
  max_mm = 0.3
  MAX_REDUCTIONS = 2, REDUCTION_PCT = 0.5
  parms->check_tol = 0, niterations = 100
tol=1.0e-04, sigma=2.0, host=dna07, nav=16, nbrs=2, l_surf_repulse=5.000, l_tspring=0.300, l_nspring=0.300, l_intensity=0.200, l_curv=1.000
mom=0.00, dt=0.50
complete_dist_mat 0
rms 0
smooth_averages 0
remove_neg 0
ico_order 0
which_surface 0
target_radius 0.000000
nfields 0
scale 0.000000
desired_rms_height 0.000000
momentum 0.000000
nbhd_size 0
max_nbrs 0
niterations 100
nsurfaces 0
SURFACES 3
flags 0 (0)
use curv 0
no sulc 0
no rigid align 0
mris->nsize 2
mris->hemisphere 0
randomSeed 0

000: dt: 0.0000, sse=22812386.0, rms=29.282
001: dt: 0.5000, sse=14819688.0, rms=23.542 (19.604%)
002: dt: 0.5000, sse=9454890.0, rms=18.725 (20.459%)
003: dt: 0.5000, sse=6251458.5, rms=15.133 (19.183%)
004: dt: 0.5000, sse=4443250.0, rms=12.662 (16.333%)
005: dt: 0.5000, sse=3401135.2, rms=10.985 (13.244%)
006: dt: 0.5000, sse=2750940.8, rms=9.791 (10.864%)
007: dt: 0.5000, sse=2319931.2, rms=8.910 (9.003%)
008: dt: 0.5000, sse=1998788.5, rms=8.189 (8.088%)
009: dt: 0.5000, sse=1746258.0, rms=7.573 (7.527%)
010: dt: 0.5000, sse=1524931.2, rms=6.987 (7.730%)
011: dt: 0.5000, sse=1351727.5, rms=6.491 (7.105%)
012: dt: 0.5000, sse=1198622.2, rms=6.018 (7.286%)
013: dt: 0.5000, sse=1088752.0, rms=5.653 (6.060%)
014: dt: 0.5000, sse=993270.6, rms=5.316 (5.973%)
015: dt: 0.5000, sse=931882.0, rms=5.085 (4.336%)
016: dt: 0.5000, sse=879901.8, rms=4.880 (4.027%)
017: dt: 0.5000, sse=849278.6, rms=4.754 (2.591%)
018: dt: 0.5000, sse=821748.7, rms=4.637 (2.470%)
019: dt: 0.5000, sse=808005.4, rms=4.575 (1.322%)
020: dt: 0.5000, sse=793378.4, rms=4.509 (1.455%)
rms = 4.4886/4.5087, sse=789592.7/793378.4, time step reduction 1 of 3 to 0.250  0 0 1
021: dt: 0.5000, sse=789592.7, rms=4.489 (0.446%)
022: dt: 0.2500, sse=729186.4, rms=4.208 (6.254%)
023: dt: 0.2500, sse=715567.3, rms=4.143 (1.543%)
rms = 4.1477/4.1430, sse=717107.0/715567.3, time step reduction 2 of 3 to 0.125  0 1 1
   RMS increased, rejecting step
rms = 4.1082/4.1430, sse=708306.4/715567.3, time step reduction 3 of 3 to 0.062  0 0 1
024: dt: 0.1250, sse=708306.4, rms=4.108 (0.839%)
  maximum number of reductions reached, breaking from loop
positioning took 1.4 minutes
Iteration 1 =========================================
n_averages=8, current_sigma=1
Computing target border values 
Entering MRIScomputeBorderValues_new(): 
  inside_hi   =  92.8105620;
  border_hi   =  53.0078390;
  border_low  =  33.0235210;
  outside_low =  10.0000000;
  outside_hi  =  48.0117570;
  sigma = 1;
  max_thickness = 10;
  step_size=0.5;
  STEP_SIZE=0.1;
  which = 2
  thresh = 0
  flags = 0
  CBVfindFirstPeakD1=0
  CBVfindFirstPeakD2=0
  nvertices=137686
  Gdiag_no=-1
  vno start=0, stop=137686
Replacing 255s with 0s
#SI# sigma=1 had to be increased for 24800 vertices, nripped=5727
mean border=52.3, 3677 (12) missing vertices, mean dist 0.2 [0.2 (%37.6)->0.9 (%62.4))]
%14 local maxima, %20 large gradients and %59 min vals, 0 gradients ignored
nFirstPeakD1 0
MRIScomputeBorderValues_new() finished in 0.0036 min


Averaging target values for 5 iterations...
Positioning Surface: tspring = 0.3, nspring = 0.3, spring = 0, niters = 100 l_repulse = 0, l_surf_repulse = 5, checktol = 0
Positioning pial surface
Entering MRISpositionSurface()
  max_mm = 0.3
  MAX_REDUCTIONS = 2, REDUCTION_PCT = 0.5
  parms->check_tol = 0, niterations = 100
tol=1.0e-04, sigma=1.0, host=dna07, nav=8, nbrs=2, l_surf_repulse=5.000, l_tspring=0.300, l_nspring=0.300, l_intensity=0.200, l_curv=1.000
mom=0.00, dt=0.50
000: dt: 0.0000, sse=850589.1, rms=4.460
rms = 4.4568/4.4596, sse=850457.8/850589.1, time step reduction 1 of 3 to 0.250  0 0 1
025: dt: 0.5000, sse=850457.8, rms=4.457 (0.064%)
026: dt: 0.2500, sse=799769.5, rms=4.230 (5.088%)
rms = 4.2787/4.2300, sse=810621.3/799769.5, time step reduction 2 of 3 to 0.125  0 1 1
   RMS increased, rejecting step
rms = 4.2010/4.2300, sse=793579.4/799769.5, time step reduction 3 of 3 to 0.062  0 0 1
027: dt: 0.1250, sse=793579.4, rms=4.201 (0.685%)
  maximum number of reductions reached, breaking from loop
positioning took 0.2 minutes
Iteration 2 =========================================
n_averages=4, current_sigma=0.5
Computing target border values 
Entering MRIScomputeBorderValues_new(): 
  inside_hi   =  92.8105620;
  border_hi   =  53.0078390;
  border_low  =  33.0235210;
  outside_low =  10.0000000;
  outside_hi  =  48.0117570;
  sigma = 0.5;
  max_thickness = 10;
  step_size=0.5;
  STEP_SIZE=0.1;
  which = 2
  thresh = 0
  flags = 0
  CBVfindFirstPeakD1=0
  CBVfindFirstPeakD2=0
  nvertices=137686
  Gdiag_no=-1
  vno start=0, stop=137686
Replacing 255s with 0s
#SI# sigma=0.5 had to be increased for 25451 vertices, nripped=5727
mean border=52.1, 4289 (10) missing vertices, mean dist 0.1 [0.2 (%39.3)->0.7 (%60.7))]
%19 local maxima, %15 large gradients and %59 min vals, 0 gradients ignored
nFirstPeakD1 0
MRIScomputeBorderValues_new() finished in 0.0021 min


Averaging target values for 5 iterations...
Positioning Surface: tspring = 0.3, nspring = 0.3, spring = 0, niters = 100 l_repulse = 0, l_surf_repulse = 5, checktol = 0
Positioning pial surface
Entering MRISpositionSurface()
  max_mm = 0.3
  MAX_REDUCTIONS = 2, REDUCTION_PCT = 0.5
  parms->check_tol = 0, niterations = 100
tol=1.0e-04, sigma=0.5, host=dna07, nav=4, nbrs=2, l_surf_repulse=5.000, l_tspring=0.300, l_nspring=0.300, l_intensity=0.200, l_curv=1.000
mom=0.00, dt=0.50
000: dt: 0.0000, sse=822596.1, rms=4.319
rms = 4.6521/4.3190, sse=898768.1/822596.1, time step reduction 1 of 3 to 0.250  0 1 1
   RMS increased, rejecting step
028: dt: 0.2500, sse=803057.8, rms=4.231 (2.040%)
rms = 4.3519/4.2309, sse=830066.3/803057.8, time step reduction 2 of 3 to 0.125  0 1 1
   RMS increased, rejecting step
rms = 4.2231/4.2309, sse=801466.0/803057.8, time step reduction 3 of 3 to 0.062  0 0 1
029: dt: 0.1250, sse=801466.1, rms=4.223 (0.184%)
  maximum number of reductions reached, breaking from loop
positioning took 0.2 minutes
Iteration 3 =========================================
n_averages=2, current_sigma=0.25
Computing target border values 
Entering MRIScomputeBorderValues_new(): 
  inside_hi   =  92.8105620;
  border_hi   =  53.0078390;
  border_low  =  33.0235210;
  outside_low =  10.0000000;
  outside_hi  =  48.0117570;
  sigma = 0.25;
  max_thickness = 10;
  step_size=0.5;
  STEP_SIZE=0.1;
  which = 2
  thresh = 0
  flags = 0
  CBVfindFirstPeakD1=0
  CBVfindFirstPeakD2=0
  nvertices=137686
  Gdiag_no=-1
  vno start=0, stop=137686
Replacing 255s with 0s
#SI# sigma=0.25 had to be increased for 19799 vertices, nripped=5727
mean border=51.7, 10725 (9) missing vertices, mean dist 0.1 [0.2 (%38.7)->0.5 (%61.3))]
%21 local maxima, %13 large gradients and %55 min vals, 0 gradients ignored
nFirstPeakD1 0
MRIScomputeBorderValues_new() finished in 0.0014 min


Averaging target values for 5 iterations...
Positioning Surface: tspring = 0.3, nspring = 0.3, spring = 0, niters = 100 l_repulse = 0, l_surf_repulse = 5, checktol = 0
Positioning pial surface
Entering MRISpositionSurface()
  max_mm = 0.3
  MAX_REDUCTIONS = 2, REDUCTION_PCT = 0.5
  parms->check_tol = 0, niterations = 100
tol=1.0e-04, sigma=0.2, host=dna07, nav=2, nbrs=2, l_surf_repulse=5.000, l_tspring=0.300, l_nspring=0.300, l_intensity=0.200, l_curv=1.000
mom=0.00, dt=0.50
000: dt: 0.0000, sse=822385.7, rms=4.317
030: dt: 0.5000, sse=795082.5, rms=4.217 (2.298%)
031: dt: 0.5000, sse=773915.0, rms=4.138 (1.886%)
032: dt: 0.5000, sse=759297.3, rms=4.077 (1.471%)
rms = 4.0545/4.0770, sse=753545.1/759297.3, time step reduction 1 of 3 to 0.250  0 0 1
033: dt: 0.5000, sse=753545.1, rms=4.055 (0.552%)
034: dt: 0.2500, sse=679581.4, rms=3.676 (9.334%)
035: dt: 0.2500, sse=666518.8, rms=3.609 (1.828%)
rms = 3.6072/3.6089, sse=666282.7/666518.8, time step reduction 2 of 3 to 0.125  0 0 1
036: dt: 0.2500, sse=666282.7, rms=3.607 (0.047%)
037: dt: 0.1250, sse=637301.1, rms=3.447 (4.441%)
rms = 3.4033/3.4470, sse=629295.8/637301.1, time step reduction 3 of 3 to 0.062  0 0 1
038: dt: 0.1250, sse=629295.8, rms=3.403 (1.268%)
  maximum number of reductions reached, breaking from loop
positioning took 0.5 minutes
Pinning medial wall to white surface
removing intersecting faces
000: 37 intersecting
001: 15 intersecting
terminating search with 0 intersecting


Writing output to ../surf/lh.pial.T1
#ET# mris_place_surface  2.41 minutes
#VMPC# mris_place_surfaces VmPeak  2415628
mris_place_surface done
#@# white curv lh Sat Mar 14 12:09:18 CET 2026
cd /out/sourcedata/freesurfer/sub-v2s9x29158_ses-1/mri
mris_place_surface --curv-map ../surf/lh.white 2 10 ../surf/lh.curv
insurf  ../surf/lh.white, nbrs 2, curvature_avgs 10
writing curvature file ../surf/lh.curv
#@# white area lh Sat Mar 14 12:09:20 CET 2026
cd /out/sourcedata/freesurfer/sub-v2s9x29158_ses-1/mri
mris_place_surface --area-map ../surf/lh.white ../surf/lh.area
writing curvature file ../surf/lh.area
#@# pial curv lh Sat Mar 14 12:09:20 CET 2026
cd /out/sourcedata/freesurfer/sub-v2s9x29158_ses-1/mri
mris_place_surface --curv-map ../surf/lh.pial 2 10 ../surf/lh.curv.pial
insurf  ../surf/lh.pial, nbrs 2, curvature_avgs 10
writing curvature file ../surf/lh.curv.pial
#@# pial area lh Sat Mar 14 12:09:21 CET 2026
cd /out/sourcedata/freesurfer/sub-v2s9x29158_ses-1/mri
mris_place_surface --area-map ../surf/lh.pial ../surf/lh.area.pial
writing curvature file ../surf/lh.area.pial
#@# thickness lh Sat Mar 14 12:09:22 CET 2026
cd /out/sourcedata/freesurfer/sub-v2s9x29158_ses-1/mri
mris_place_surface --thickness ../surf/lh.white ../surf/lh.pial 20 5 ../surf/lh.thickness
0 of 137686 vertices processed
25000 of 137686 vertices processed
50000 of 137686 vertices processed
75000 of 137686 vertices processed
100000 of 137686 vertices processed
125000 of 137686 vertices processed
0 of 137686 vertices processed
25000 of 137686 vertices processed
50000 of 137686 vertices processed
75000 of 137686 vertices processed
100000 of 137686 vertices processed
125000 of 137686 vertices processed
thickness calculation complete, 602:1853 truncations.
47081 vertices at 0 distance
99184 vertices at 1 distance
75760 vertices at 2 distance
31853 vertices at 3 distance
12297 vertices at 4 distance
4880 vertices at 5 distance
2022 vertices at 6 distance
876 vertices at 7 distance
437 vertices at 8 distance
245 vertices at 9 distance
169 vertices at 10 distance
118 vertices at 11 distance
81 vertices at 12 distance
63 vertices at 13 distance
56 vertices at 14 distance
47 vertices at 15 distance
50 vertices at 16 distance
30 vertices at 17 distance
38 vertices at 18 distance
38 vertices at 19 distance
47 vertices at 20 distance
writing curvature file ../surf/lh.thickness
#@# area and vertex vol lh Sat Mar 14 12:09:43 CET 2026
cd /out/sourcedata/freesurfer/sub-v2s9x29158_ses-1/mri
mris_place_surface --thickness ../surf/lh.white ../surf/lh.pial 20 5 ../surf/lh.thickness
/out/sourcedata/freesurfer/sub-v2s9x29158_ses-1/surf
mris_calc -o lh.area.mid lh.area add lh.area.pial
Saving result to 'lh.area.mid' (type = MRI_CURV_FILE)                       [ ok ]
mris_calc -o lh.area.mid lh.area.mid div 2
Saving result to 'lh.area.mid' (type = MRI_CURV_FILE)                       [ ok ]
mris_convert --volume sub-v2s9x29158_ses-1 lh /out/sourcedata/freesurfer/sub-v2s9x29158_ses-1/surf/lh.volume
masking with /out/sourcedata/freesurfer/sub-v2s9x29158_ses-1/label/lh.cortex.label
Total face volume 287360
Total vertex volume 287188 (mask=0)
#@# sub-v2s9x29158_ses-1 lh 287188
 
vertexvol Done

#-----------------------------------------
#@# Curvature Stats lh Sat Mar 14 12:09:44 CET 2026
/out/sourcedata/freesurfer/sub-v2s9x29158_ses-1/surf

 mris_curvature_stats -m --writeCurvatureFiles -G -o ../stats/lh.curv.stats -F smoothwm sub-v2s9x29158_ses-1 lh curv sulc 

             Toggling save flag on curvature files                       [ ok ]
                 Outputting results using filestem   [ ../stats/lh.curv.stats ]
             Toggling save flag on curvature files                       [ ok ]
                                   Setting surface [ sub-v2s9x29158_ses-1/lh.smoothwm ]
                                Reading surface...                       [ ok ]
                                   Setting texture                     [ curv ]
                                Reading texture...                       [ ok ]
                                   Setting texture                     [ sulc ]
                                Reading texture...Gb_filter = 0
                       [ ok ]
      Calculating Discrete Principal Curvatures...
      Determining geometric order for vno faces... [####################] [ ok ]
                      Determining KH curvatures... [####################] [ ok ]
                    Determining k1k2 curvatures... [####################] [ ok ]
                                   deltaViolations                      [ 260 ]
Gb_filter = 0

WARN:    S lookup   min:                          -0.030770
WARN:    S explicit min:                          0.000000	vertex = 35
#-----------------------------------------
#@# Cortical Parc 2 lh Sat Mar 14 12:09:45 CET 2026
/out/sourcedata/freesurfer/sub-v2s9x29158_ses-1/scripts

 mris_ca_label -l ../label/lh.cortex.label -aseg ../mri/aseg.presurf.mgz -seed 1234 sub-v2s9x29158_ses-1 lh ../surf/lh.sphere.reg /opt/freesurfer/average/lh.CDaparc.atlas.acfb40.noaparc.i12.2016-08-02.gcs ../label/lh.aparc.a2009s.annot 

setting seed for random number generator to 1234
using ../mri/aseg.presurf.mgz aseg volume to correct midline
7.3.2
  7.3.2
reading atlas from /opt/freesurfer/average/lh.CDaparc.atlas.acfb40.noaparc.i12.2016-08-02.gcs...
reading color table from GCSA file....
average std = 3.0   using min determinant for regularization = 0.088
0 singular and 0 ill-conditioned covariance matrices regularized
input 0: MEAN CURVATURE, flags 0, avgs 5, name mean_curvature
labeling surface...
56 labels changed using aseg
relabeling using gibbs priors...
000:   9527 changed, 137686 examined...
001:   2252 changed, 36791 examined...
002:    681 changed, 11863 examined...
003:    282 changed, 3821 examined...
004:    134 changed, 1590 examined...
005:     67 changed, 789 examined...
006:     26 changed, 396 examined...
007:     10 changed, 150 examined...
008:      5 changed, 59 examined...
009:      2 changed, 29 examined...
010:      1 changed, 15 examined...
011:      1 changed, 7 examined...
012:      0 changed, 6 examined...
33 labels changed using aseg
000: 237 total segments, 156 labels (2394 vertices) changed
001: 87 total segments, 7 labels (35 vertices) changed
002: 80 total segments, 0 labels (0 vertices) changed
10 filter iterations complete (10 requested, 41 changed)
rationalizing unknown annotations with cortex label
relabeling Medial_wall label...
1209 vertices marked for relabeling...
1209 labels changed in reclassification.
writing output to ../label/lh.aparc.a2009s.annot...
classification took 0 minutes and 11 seconds.
#-----------------------------------------
#@# Cortical Parc 3 lh Sat Mar 14 12:09:57 CET 2026
/out/sourcedata/freesurfer/sub-v2s9x29158_ses-1/scripts

 mris_ca_label -l ../label/lh.cortex.label -aseg ../mri/aseg.presurf.mgz -seed 1234 sub-v2s9x29158_ses-1 lh ../surf/lh.sphere.reg /opt/freesurfer/average/lh.DKTaparc.atlas.acfb40.noaparc.i12.2016-08-02.gcs ../label/lh.aparc.DKTatlas.annot 

setting seed for random number generator to 1234
using ../mri/aseg.presurf.mgz aseg volume to correct midline
7.3.2
  7.3.2
reading atlas from /opt/freesurfer/average/lh.DKTaparc.atlas.acfb40.noaparc.i12.2016-08-02.gcs...
reading color table from GCSA file....
average std = 1.4   using min determinant for regularization = 0.020
0 singular and 383 ill-conditioned covariance matrices regularized
input 0: MEAN CURVATURE, flags 0, avgs 5, name mean_curvature
labeling surface...
1423 labels changed using aseg
relabeling using gibbs priors...
000:   1937 changed, 137686 examined...
001:    435 changed, 9197 examined...
002:    107 changed, 2542 examined...
003:     42 changed, 627 examined...
004:     24 changed, 270 examined...
005:     15 changed, 149 examined...
006:     11 changed, 89 examined...
007:      5 changed, 62 examined...
008:      2 changed, 36 examined...
009:      1 changed, 14 examined...
010:      1 changed, 7 examined...
011:      0 changed, 6 examined...
173 labels changed using aseg
000: 49 total segments, 16 labels (124 vertices) changed
001: 34 total segments, 1 labels (1 vertices) changed
002: 33 total segments, 0 labels (0 vertices) changed
9 filter iterations complete (10 requested, 0 changed)
rationalizing unknown annotations with cortex label
relabeling unknown label...
relabeling corpuscallosum label...
876 vertices marked for relabeling...
876 labels changed in reclassification.
writing output to ../label/lh.aparc.DKTatlas.annot...
classification took 0 minutes and 8 seconds.
#-----------------------------------------
#@# WM/GM Contrast lh Sat Mar 14 12:10:04 CET 2026
/out/sourcedata/freesurfer/sub-v2s9x29158_ses-1/scripts

 pctsurfcon --s sub-v2s9x29158_ses-1 --lh-only 

Log file is /out/sourcedata/freesurfer/sub-v2s9x29158_ses-1/scripts/pctsurfcon.log
Sat Mar 14 12:10:04 CET 2026
setenv SUBJECTS_DIR /out/sourcedata/freesurfer
cd /out/sourcedata/freesurfer/sub-v2s9x29158_ses-1/scripts
/opt/freesurfer/bin/pctsurfcon
pctsurfcon 7.3.2
Linux dna072 5.14.0-427.37.1.el9_4.x86_64 #1 SMP PREEMPT_DYNAMIC Fri Sep 13 12:41:50 EDT 2024 x86_64 x86_64 x86_64 GNU/Linux
FREESURFER_HOME /opt/freesurfer
mri_vol2surf --mov /out/sourcedata/freesurfer/sub-v2s9x29158_ses-1/mri/rawavg.mgz --hemi lh --noreshape --interp trilinear --projdist -1 --o /out/sourcedata/freesurfer/sub-v2s9x29158_ses-1/surf/tmp.pctsurfcon.699313/lh.wm.mgh --regheader sub-v2s9x29158_ses-1 --cortex
srcvol = /out/sourcedata/freesurfer/sub-v2s9x29158_ses-1/mri/rawavg.mgz
srcreg unspecified
srcregold = 0
srcwarp unspecified
surf = white
hemi = lh
ProjDist = -1
reshape = 0
interp = trilinear
float2int = round
GetProjMax = 0
INFO: float2int code = 0
Done loading volume
Computing registration from header.
  Using /out/sourcedata/freesurfer/sub-v2s9x29158_ses-1/mri/orig.mgz as target reference.
-------- original matrix -----------
-1.00000   0.00000   0.00000  -0.00002;
 0.00000   0.00000   1.00000   0.00000;
 0.00000  -1.00000   0.00000   0.00000;
 0.00000   0.00000   0.00000   1.00000;
-------- original matrix -----------
Loading label /out/sourcedata/freesurfer/sub-v2s9x29158_ses-1/label/lh.cortex.label
Reading surface /out/sourcedata/freesurfer/sub-v2s9x29158_ses-1/surf/lh.white
Done reading source surface
Mapping Source Volume onto Source Subject Surface
Projecting -1 -1 1
 1 -1 -1 -1
using old
Done mapping volume to surface
Number of source voxels hit = 71315
Masking with /out/sourcedata/freesurfer/sub-v2s9x29158_ses-1/label/lh.cortex.label
Writing to /out/sourcedata/freesurfer/sub-v2s9x29158_ses-1/surf/tmp.pctsurfcon.699313/lh.wm.mgh
Dim: 137686 1 1
mri_vol2surf --mov /out/sourcedata/freesurfer/sub-v2s9x29158_ses-1/mri/rawavg.mgz --hemi lh --noreshape --interp trilinear --o /out/sourcedata/freesurfer/sub-v2s9x29158_ses-1/surf/tmp.pctsurfcon.699313/lh.gm.mgh --projfrac 0.3 --regheader sub-v2s9x29158_ses-1 --cortex
srcvol = /out/sourcedata/freesurfer/sub-v2s9x29158_ses-1/mri/rawavg.mgz
srcreg unspecified
srcregold = 0
srcwarp unspecified
surf = white
hemi = lh
ProjFrac = 0.3
thickness = thickness
reshape = 0
interp = trilinear
float2int = round
GetProjMax = 0
INFO: float2int code = 0
Done loading volume
Computing registration from header.
  Using /out/sourcedata/freesurfer/sub-v2s9x29158_ses-1/mri/orig.mgz as target reference.
-------- original matrix -----------
-1.00000   0.00000   0.00000  -0.00002;
 0.00000   0.00000   1.00000   0.00000;
 0.00000  -1.00000   0.00000   0.00000;
 0.00000   0.00000   0.00000   1.00000;
-------- original matrix -----------
Loading label /out/sourcedata/freesurfer/sub-v2s9x29158_ses-1/label/lh.cortex.label
Reading surface /out/sourcedata/freesurfer/sub-v2s9x29158_ses-1/surf/lh.white
Done reading source surface
Reading thickness /out/sourcedata/freesurfer/sub-v2s9x29158_ses-1/surf/lh.thickness
Done
Mapping Source Volume onto Source Subject Surface
Projecting 0.3 0.3 1
 1 0.3 0.3 0.3
using old
Done mapping volume to surface
Number of source voxels hit = 83354
Masking with /out/sourcedata/freesurfer/sub-v2s9x29158_ses-1/label/lh.cortex.label
Writing to /out/sourcedata/freesurfer/sub-v2s9x29158_ses-1/surf/tmp.pctsurfcon.699313/lh.gm.mgh
Dim: 137686 1 1
mri_concat /out/sourcedata/freesurfer/sub-v2s9x29158_ses-1/surf/tmp.pctsurfcon.699313/lh.wm.mgh /out/sourcedata/freesurfer/sub-v2s9x29158_ses-1/surf/tmp.pctsurfcon.699313/lh.gm.mgh --paired-diff-norm --mul 100 --o /out/sourcedata/freesurfer/sub-v2s9x29158_ses-1/surf/lh.w-g.pct.mgh
ninputs = 2
Checking inputs
nframestot = 2
Allocing output
Done allocing
Combining pairs
nframes = 1
Multiplying by 100.000000
Writing to /out/sourcedata/freesurfer/sub-v2s9x29158_ses-1/surf/lh.w-g.pct.mgh
mri_segstats --in /out/sourcedata/freesurfer/sub-v2s9x29158_ses-1/surf/lh.w-g.pct.mgh --annot sub-v2s9x29158_ses-1 lh aparc --sum /out/sourcedata/freesurfer/sub-v2s9x29158_ses-1/stats/lh.w-g.pct.stats --snr

7.3.2
cwd 
cmdline mri_segstats --in /out/sourcedata/freesurfer/sub-v2s9x29158_ses-1/surf/lh.w-g.pct.mgh --annot sub-v2s9x29158_ses-1 lh aparc --sum /out/sourcedata/freesurfer/sub-v2s9x29158_ses-1/stats/lh.w-g.pct.stats --snr 
sysname  Linux
hostname dna072
machine  x86_64
user     oesteban
whitesurfname  white
UseRobust  0
Constructing seg from annotation

Reading annotation /out/sourcedata/freesurfer/sub-v2s9x29158_ses-1/label/lh.aparc.annot
Seg base 1000
Loading /out/sourcedata/freesurfer/sub-v2s9x29158_ses-1/surf/lh.w-g.pct.mgh
Vertex Area is 0.699383 mm^3
Generating list of segmentation ids
Found  36 segmentations
Computing statistics for each segmentation

Reporting on  35 segmentations
Using PrintSegStat
mri_segstats done
Cleaning up

Started at Sat Mar 14 11:41:29 CET 2026 
Ended   at Sat Mar 14 12:10:07 CET 2026
#@#%# recon-all-run-time-hours 0.477
recon-all -s sub-v2s9x29158_ses-1 finished without error at Sat Mar 14 12:10:07 CET 2026



#New# invocation of recon-all 




Sat Mar 14 12:38:55 CET 2026
cd /out/sourcedata/freesurfer/sub-v2s9x29158_ses-1
setenv SUBJECTS_DIR /out/sourcedata/freesurfer
/opt/freesurfer/bin/recon-all -autorecon-hemi lh -nohyporelabel -lh-only -openmp 16 -subjid sub-v2s9x29158_ses-1 -sd /out/sourcedata/freesurfer -notessellate -nosmooth1 -noinflate1 -noqsphere -nofix -nowhite -nosmooth2 -noinflate2 -nocurvHK -nocurvstats -nosphere -nosurfreg -nojacobian_white -noavgcurv -nocortparc -nopial -nocortparc2 -nocortparc3 -nopctsurfcon

subjid sub-v2s9x29158_ses-1
setenv SUBJECTS_DIR /out/sourcedata/freesurfer
FREESURFER_HOME /opt/freesurfer
Actual FREESURFER_HOME /opt/freesurfer
build-stamp.txt: freesurfer-linux-ubuntu22_x86_64-7.3.2-20220804-6354275
Linux dna072 5.14.0-427.37.1.el9_4.x86_64 #1 SMP PREEMPT_DYNAMIC Fri Sep 13 12:41:50 EDT 2024 x86_64 x86_64 x86_64 GNU/Linux
cputime      unlimited
filesize     unlimited
datasize     unlimited
stacksize    8192 kbytes
coredumpsize 0 kbytes
memoryuse    67108864 kbytes
vmemoryuse   unlimited
descriptors  1024 
memorylocked unlimited
maxproc      2061970 
maxlocks     unlimited
maxsignal    2062029 
maxmessage   819200 
maxnice      0 
maxrtprio    0 
maxrttime    unlimited

               total        used        free      shared  buff/cache   available
Mem:           503Gi        46Gi       318Gi        15Gi       138Gi       438Gi
Swap:             0B          0B          0B

########################################
program versions used
7.3.2 (freesurfer-linux-ubuntu22_x86_64-7.3.2-20220804-6354275)
7.3.2

ProgramName: lta_convert  ProgramArguments: lta_convert -all-info  ProgramVersion: 7.3.2  TimeStamp: 2026/03/14-11:38:55-GMT  BuildTime: Aug  4 2022 06:17:15  BuildStamp: freesurfer-linux-ubuntu22_x86_64-7.3.2-20220804-6354275  User: oesteban  Machine: dna072  Platform: Linux  PlatformVersion: 5.14.0-427.37.1.el9_4.x86_64  CompilerName: GCC  CompilerVersion: 8.4.0
ProgramName: mri_and  ProgramArguments: mri_and -all-info  ProgramVersion: 7.3.2  TimeStamp: 2026/03/14-11:38:55-GMT  BuildTime: Aug  4 2022 06:17:15  BuildStamp: freesurfer-linux-ubuntu22_x86_64-7.3.2-20220804-6354275  User: oesteban  Machine: dna072  Platform: Linux  PlatformVersion: 5.14.0-427.37.1.el9_4.x86_64  CompilerName: GCC  CompilerVersion: 8.4.0
ProgramName: mri_annotation2label  ProgramArguments: mri_annotation2label -all-info  ProgramVersion: 7.3.2  TimeStamp: 2026/03/14-11:38:55-GMT  BuildTime: Aug  4 2022 06:17:15  BuildStamp: freesurfer-linux-ubuntu22_x86_64-7.3.2-20220804-6354275  User: oesteban  Machine: dna072  Platform: Linux  PlatformVersion: 5.14.0-427.37.1.el9_4.x86_64  CompilerName: GCC  CompilerVersion: 8.4.0
ProgramName: mri_aparc2aseg  ProgramArguments: mri_aparc2aseg -all-info  ProgramVersion: 7.3.2  TimeStamp: 2026/03/14-11:38:55-GMT  BuildTime: Aug  4 2022 06:17:15  BuildStamp: freesurfer-linux-ubuntu22_x86_64-7.3.2-20220804-6354275  User: oesteban  Machine: dna072  Platform: Linux  PlatformVersion: 5.14.0-427.37.1.el9_4.x86_64  CompilerName: GCC  CompilerVersion: 8.4.0
ProgramName: mri_surf2volseg  ProgramArguments: mri_surf2volseg -all-info  ProgramVersion: 7.3.2  TimeStamp: 2026/03/14-11:38:55-GMT  BuildTime: Aug  4 2022 06:17:15  BuildStamp: freesurfer-linux-ubuntu22_x86_64-7.3.2-20220804-6354275  User: oesteban  Machine: dna072  Platform: Linux  PlatformVersion: 5.14.0-427.37.1.el9_4.x86_64  CompilerName: GCC  CompilerVersion: 8.4.0
ProgramName: mri_binarize  ProgramArguments: mri_binarize -all-info  ProgramVersion: 7.3.2  TimeStamp: 2026/03/14-11:38:55-GMT  BuildTime: Aug  4 2022 06:17:15  BuildStamp: freesurfer-linux-ubuntu22_x86_64-7.3.2-20220804-6354275  User: oesteban  Machine: dna072  Platform: Linux  PlatformVersion: 5.14.0-427.37.1.el9_4.x86_64  CompilerName: GCC  CompilerVersion: 8.4.0
ProgramName: mri_ca_label  ProgramArguments: mri_ca_label -all-info  ProgramVersion: 7.3.2  TimeStamp: 2026/03/14-11:38:55-GMT  BuildTime: Aug  4 2022 06:17:15  BuildStamp: freesurfer-linux-ubuntu22_x86_64-7.3.2-20220804-6354275  User: oesteban  Machine: dna072  Platform: Linux  PlatformVersion: 5.14.0-427.37.1.el9_4.x86_64  CompilerName: GCC  CompilerVersion: 8.4.0
ProgramName: mri_ca_normalize  ProgramArguments: mri_ca_normalize -all-info  ProgramVersion: 7.3.2  TimeStamp: 2026/03/14-11:38:55-GMT  BuildTime: Aug  4 2022 06:17:15  BuildStamp: freesurfer-linux-ubuntu22_x86_64-7.3.2-20220804-6354275  User: oesteban  Machine: dna072  Platform: Linux  PlatformVersion: 5.14.0-427.37.1.el9_4.x86_64  CompilerName: GCC  CompilerVersion: 8.4.0
ProgramName: mri_ca_register  ProgramArguments: mri_ca_register -all-info  ProgramVersion: 7.3.2  TimeStamp: 2026/03/14-11:38:55-GMT  BuildTime: Aug  4 2022 06:17:15  BuildStamp: freesurfer-linux-ubuntu22_x86_64-7.3.2-20220804-6354275  User: oesteban  Machine: dna072  Platform: Linux  PlatformVersion: 5.14.0-427.37.1.el9_4.x86_64  CompilerName: GCC  CompilerVersion: 8.4.0
ProgramName: mri_cc  ProgramArguments: mri_cc -all-info  ProgramVersion: 7.3.2  TimeStamp: 2026/03/14-11:38:55-GMT  BuildTime: Aug  4 2022 06:17:15  BuildStamp: freesurfer-linux-ubuntu22_x86_64-7.3.2-20220804-6354275  User: oesteban  Machine: dna072  Platform: Linux  PlatformVersion: 5.14.0-427.37.1.el9_4.x86_64  CompilerName: GCC  CompilerVersion: 8.4.0
ProgramName: mri_compute_overlap  ProgramArguments: mri_compute_overlap -all-info  ProgramVersion: 7.3.2  TimeStamp: 2026/03/14-11:38:55-GMT  BuildTime: Aug  4 2022 06:17:15  BuildStamp: freesurfer-linux-ubuntu22_x86_64-7.3.2-20220804-6354275  User: oesteban  Machine: dna072  Platform: Linux  PlatformVersion: 5.14.0-427.37.1.el9_4.x86_64  CompilerName: GCC  CompilerVersion: 8.4.0
ProgramName: mri_compute_seg_overlap  ProgramArguments: mri_compute_seg_overlap -all-info  ProgramVersion: 7.3.2  TimeStamp: 2026/03/14-11:38:55-GMT  BuildTime: Aug  4 2022 06:17:15  BuildStamp: freesurfer-linux-ubuntu22_x86_64-7.3.2-20220804-6354275  User: oesteban  Machine: dna072  Platform: Linux  PlatformVersion: 5.14.0-427.37.1.el9_4.x86_64  CompilerName: GCC  CompilerVersion: 8.4.0
ProgramName: mri_concat  ProgramArguments: mri_concat -all-info  ProgramVersion: 7.3.2  TimeStamp: 2026/03/14-11:38:55-GMT  BuildTime: Aug  4 2022 06:17:15  BuildStamp: freesurfer-linux-ubuntu22_x86_64-7.3.2-20220804-6354275  User: oesteban  Machine: dna072  Platform: Linux  PlatformVersion: 5.14.0-427.37.1.el9_4.x86_64  CompilerName: GCC  CompilerVersion: 8.4.0
ProgramName: mri_concatenate_lta  ProgramArguments: mri_concatenate_lta -all-info  ProgramVersion: 7.3.2  TimeStamp: 2026/03/14-11:38:55-GMT  BuildTime: Aug  4 2022 06:17:15  BuildStamp: freesurfer-linux-ubuntu22_x86_64-7.3.2-20220804-6354275  User: oesteban  Machine: dna072  Platform: Linux  PlatformVersion: 5.14.0-427.37.1.el9_4.x86_64  CompilerName: GCC  CompilerVersion: 8.4.0
mri_convert -all-info 
ProgramName: mri_convert  ProgramArguments: mri_convert -all-info  ProgramVersion: 7.3.2  TimeStamp: 2026/03/14-11:38:55-GMT  BuildTime: Aug  4 2022 06:17:15  BuildStamp: freesurfer-linux-ubuntu22_x86_64-7.3.2-20220804-6354275  User: oesteban  Machine: dna072  Platform: Linux  PlatformVersion: 5.14.0-427.37.1.el9_4.x86_64  CompilerName: GCC  CompilerVersion: 8.4.0
ProgramName: mri_diff  ProgramArguments: mri_diff -all-info  ProgramVersion: 7.3.2  TimeStamp: 2026/03/14-11:38:55-GMT  BuildTime: Aug  4 2022 06:17:15  BuildStamp: freesurfer-linux-ubuntu22_x86_64-7.3.2-20220804-6354275  User: oesteban  Machine: dna072  Platform: Linux  PlatformVersion: 5.14.0-427.37.1.el9_4.x86_64  CompilerName: GCC  CompilerVersion: 8.4.0
ProgramName: mri_edit_wm_with_aseg  ProgramArguments: mri_edit_wm_with_aseg -all-info  ProgramVersion: 7.3.2  TimeStamp: 2026/03/14-11:38:55-GMT  BuildTime: Aug  4 2022 06:17:15  BuildStamp: freesurfer-linux-ubuntu22_x86_64-7.3.2-20220804-6354275  User: oesteban  Machine: dna072  Platform: Linux  PlatformVersion: 5.14.0-427.37.1.el9_4.x86_64  CompilerName: GCC  CompilerVersion: 8.4.0
ProgramName: mri_em_register  ProgramArguments: mri_em_register -all-info  ProgramVersion: 7.3.2  TimeStamp: 2026/03/14-11:38:55-GMT  BuildTime: Aug  4 2022 06:17:15  BuildStamp: freesurfer-linux-ubuntu22_x86_64-7.3.2-20220804-6354275  User: oesteban  Machine: dna072  Platform: Linux  PlatformVersion: 5.14.0-427.37.1.el9_4.x86_64  CompilerName: GCC  CompilerVersion: 8.4.0
ProgramName: mri_fill  ProgramArguments: mri_fill -all-info  ProgramVersion: 7.3.2  TimeStamp: 2026/03/14-11:38:55-GMT  BuildTime: Aug  4 2022 06:17:15  BuildStamp: freesurfer-linux-ubuntu22_x86_64-7.3.2-20220804-6354275  User: oesteban  Machine: dna072  Platform: Linux  PlatformVersion: 5.14.0-427.37.1.el9_4.x86_64  CompilerName: GCC  CompilerVersion: 8.4.0
ProgramName: mri_fuse_segmentations  ProgramArguments: mri_fuse_segmentations -all-info  ProgramVersion: 7.3.2  TimeStamp: 2026/03/14-11:38:55-GMT  BuildTime: Aug  4 2022 06:17:15  BuildStamp: freesurfer-linux-ubuntu22_x86_64-7.3.2-20220804-6354275  User: oesteban  Machine: dna072  Platform: Linux  PlatformVersion: 5.14.0-427.37.1.el9_4.x86_64  CompilerName: GCC  CompilerVersion: 8.4.0
ProgramName: mri_fwhm  ProgramArguments: mri_fwhm -all-info  ProgramVersion: 7.3.2  TimeStamp: 2026/03/14-11:38:55-GMT  BuildTime: Aug  4 2022 06:17:15  BuildStamp: freesurfer-linux-ubuntu22_x86_64-7.3.2-20220804-6354275  User: oesteban  Machine: dna072  Platform: Linux  PlatformVersion: 5.14.0-427.37.1.el9_4.x86_64  CompilerName: GCC  CompilerVersion: 8.4.0
ProgramName: mri_gcut  ProgramArguments: mri_gcut -all-info  ProgramVersion: 7.3.2  TimeStamp: 2026/03/14-11:38:55-GMT  BuildTime: Aug  4 2022 06:17:15  BuildStamp: freesurfer-linux-ubuntu22_x86_64-7.3.2-20220804-6354275  User: oesteban  Machine: dna072  Platform: Linux  PlatformVersion: 5.14.0-427.37.1.el9_4.x86_64  CompilerName: GCC  CompilerVersion: 8.4.0
ProgramName: mri_info  ProgramArguments: mri_info -all-info  ProgramVersion: 7.3.2  TimeStamp: 2026/03/14-11:38:55-GMT  BuildTime: Aug  4 2022 06:17:15  BuildStamp: freesurfer-linux-ubuntu22_x86_64-7.3.2-20220804-6354275  User: oesteban  Machine: dna072  Platform: Linux  PlatformVersion: 5.14.0-427.37.1.el9_4.x86_64  CompilerName: GCC  CompilerVersion: 8.4.0
ProgramName: mri_label2label  ProgramArguments: mri_label2label -all-info  ProgramVersion: 7.3.2  TimeStamp: 2026/03/14-11:38:55-GMT  BuildTime: Aug  4 2022 06:17:15  BuildStamp: freesurfer-linux-ubuntu22_x86_64-7.3.2-20220804-6354275  User: oesteban  Machine: dna072  Platform: Linux  PlatformVersion: 5.14.0-427.37.1.el9_4.x86_64  CompilerName: GCC  CompilerVersion: 8.4.0
ProgramName: mri_label2vol  ProgramArguments: mri_label2vol -all-info  ProgramVersion: 7.3.2  TimeStamp: 2026/03/14-11:38:55-GMT  BuildTime: Aug  4 2022 06:17:15  BuildStamp: freesurfer-linux-ubuntu22_x86_64-7.3.2-20220804-6354275  User: oesteban  Machine: dna072  Platform: Linux  PlatformVersion: 5.14.0-427.37.1.el9_4.x86_64  CompilerName: GCC  CompilerVersion: 8.4.0
ProgramName: mri_log_likelihood  ProgramArguments: mri_log_likelihood -all-info  ProgramVersion: 7.3.2  TimeStamp: 2026/03/14-11:38:55-GMT  BuildTime: Aug  4 2022 06:17:15  BuildStamp: freesurfer-linux-ubuntu22_x86_64-7.3.2-20220804-6354275  User: oesteban  Machine: dna072  Platform: Linux  PlatformVersion: 5.14.0-427.37.1.el9_4.x86_64  CompilerName: GCC  CompilerVersion: 8.4.0
ProgramName: mri_mask  ProgramArguments: mri_mask -all-info  ProgramVersion: 7.3.2  TimeStamp: 2026/03/14-11:38:55-GMT  BuildTime: Aug  4 2022 06:17:15  BuildStamp: freesurfer-linux-ubuntu22_x86_64-7.3.2-20220804-6354275  User: oesteban  Machine: dna072  Platform: Linux  PlatformVersion: 5.14.0-427.37.1.el9_4.x86_64  CompilerName: GCC  CompilerVersion: 8.4.0
ProgramName: mri_matrix_multiply  ProgramArguments: mri_matrix_multiply -all-info  ProgramVersion: 7.3.2  TimeStamp: 2026/03/14-11:38:55-GMT  BuildTime: Aug  4 2022 06:17:15  BuildStamp: freesurfer-linux-ubuntu22_x86_64-7.3.2-20220804-6354275  User: oesteban  Machine: dna072  Platform: Linux  PlatformVersion: 5.14.0-427.37.1.el9_4.x86_64  CompilerName: GCC  CompilerVersion: 8.4.0
ProgramName: mri_normalize  ProgramArguments: mri_normalize -all-info  ProgramVersion: 7.3.2  TimeStamp: 2026/03/14-11:38:55-GMT  BuildTime: Aug  4 2022 06:17:15  BuildStamp: freesurfer-linux-ubuntu22_x86_64-7.3.2-20220804-6354275  User: oesteban  Machine: dna072  Platform: Linux  PlatformVersion: 5.14.0-427.37.1.el9_4.x86_64  CompilerName: GCC  CompilerVersion: 8.4.0
ProgramName: mri_normalize_tp2  ProgramArguments: mri_normalize_tp2 -all-info  ProgramVersion: 7.3.2  TimeStamp: 2026/03/14-11:38:55-GMT  BuildTime: Aug  4 2022 06:17:15  BuildStamp: freesurfer-linux-ubuntu22_x86_64-7.3.2-20220804-6354275  User: oesteban  Machine: dna072  Platform: Linux  PlatformVersion: 5.14.0-427.37.1.el9_4.x86_64  CompilerName: GCC  CompilerVersion: 8.4.0
ProgramName: mri_or  ProgramArguments: mri_or -all-info  ProgramVersion: 7.3.2  TimeStamp: 2026/03/14-11:38:55-GMT  BuildTime: Aug  4 2022 06:17:15  BuildStamp: freesurfer-linux-ubuntu22_x86_64-7.3.2-20220804-6354275  User: oesteban  Machine: dna072  Platform: Linux  PlatformVersion: 5.14.0-427.37.1.el9_4.x86_64  CompilerName: GCC  CompilerVersion: 8.4.0
ProgramName: mri_relabel_hypointensities  ProgramArguments: mri_relabel_hypointensities -all-info  ProgramVersion: 7.3.2  TimeStamp: 2026/03/14-11:38:55-GMT  BuildTime: Aug  4 2022 06:17:15  BuildStamp: freesurfer-linux-ubuntu22_x86_64-7.3.2-20220804-6354275  User: oesteban  Machine: dna072  Platform: Linux  PlatformVersion: 5.14.0-427.37.1.el9_4.x86_64  CompilerName: GCC  CompilerVersion: 8.4.0
ProgramName: mri_relabel_nonwm_hypos  ProgramArguments: mri_relabel_nonwm_hypos -all-info  ProgramVersion: 7.3.2  TimeStamp: 2026/03/14-11:38:55-GMT  BuildTime: Aug  4 2022 06:17:15  BuildStamp: freesurfer-linux-ubuntu22_x86_64-7.3.2-20220804-6354275  User: oesteban  Machine: dna072  Platform: Linux  PlatformVersion: 5.14.0-427.37.1.el9_4.x86_64  CompilerName: GCC  CompilerVersion: 8.4.0
ProgramName: mri_remove_neck  ProgramArguments: mri_remove_neck -all-info  ProgramVersion: 7.3.2  TimeStamp: 2026/03/14-11:38:55-GMT  BuildTime: Aug  4 2022 06:17:15  BuildStamp: freesurfer-linux-ubuntu22_x86_64-7.3.2-20220804-6354275  User: oesteban  Machine: dna072  Platform: Linux  PlatformVersion: 5.14.0-427.37.1.el9_4.x86_64  CompilerName: GCC  CompilerVersion: 8.4.0
7.3.2

ProgramName: mri_robust_register  ProgramArguments: mri_robust_register -all-info  ProgramVersion: 7.3.2  TimeStamp: 2026/03/14-11:38:55-GMT  BuildTime: Aug  4 2022 06:17:15  BuildStamp: freesurfer-linux-ubuntu22_x86_64-7.3.2-20220804-6354275  User: oesteban  Machine: dna072  Platform: Linux  PlatformVersion: 5.14.0-427.37.1.el9_4.x86_64  CompilerName: GCC  CompilerVersion: 8.4.0
7.3.2

ProgramName: mri_robust_template  ProgramArguments: mri_robust_template -all-info  ProgramVersion: 7.3.2  TimeStamp: 2026/03/14-11:38:55-GMT  BuildTime: Aug  4 2022 06:17:15  BuildStamp: freesurfer-linux-ubuntu22_x86_64-7.3.2-20220804-6354275  User: oesteban  Machine: dna072  Platform: Linux  PlatformVersion: 5.14.0-427.37.1.el9_4.x86_64  CompilerName: GCC  CompilerVersion: 8.4.0
ProgramName: mris_anatomical_stats  ProgramArguments: mris_anatomical_stats -all-info  ProgramVersion: 7.3.2  TimeStamp: 2026/03/14-11:38:55-GMT  BuildTime: Aug  4 2022 06:17:15  BuildStamp: freesurfer-linux-ubuntu22_x86_64-7.3.2-20220804-6354275  User: oesteban  Machine: dna072  Platform: Linux  PlatformVersion: 5.14.0-427.37.1.el9_4.x86_64  CompilerName: GCC  CompilerVersion: 8.4.0
ProgramName: mris_ca_label  ProgramArguments: mris_ca_label -all-info  ProgramVersion: 7.3.2  TimeStamp: 2026/03/14-11:38:55-GMT  BuildTime: Aug  4 2022 06:17:15  BuildStamp: freesurfer-linux-ubuntu22_x86_64-7.3.2-20220804-6354275  User: oesteban  Machine: dna072  Platform: Linux  PlatformVersion: 5.14.0-427.37.1.el9_4.x86_64  CompilerName: GCC  CompilerVersion: 8.4.0
ProgramName: mris_calc  ProgramArguments: mris_calc -all-info  ProgramVersion: 7.3.2  TimeStamp: 2026/03/14-11:38:55-GMT  BuildTime: Aug  4 2022 06:17:15  BuildStamp: freesurfer-linux-ubuntu22_x86_64-7.3.2-20220804-6354275  User: oesteban  Machine: dna072  Platform: Linux  PlatformVersion: 5.14.0-427.37.1.el9_4.x86_64  CompilerName: GCC  CompilerVersion: 8.4.0
ProgramName: mris_convert  ProgramArguments: mris_convert -all-info  ProgramVersion: 7.3.2  TimeStamp: 2026/03/14-11:38:55-GMT  BuildTime: Aug  4 2022 06:17:15  BuildStamp: freesurfer-linux-ubuntu22_x86_64-7.3.2-20220804-6354275  User: oesteban  Machine: dna072  Platform: Linux  PlatformVersion: 5.14.0-427.37.1.el9_4.x86_64  CompilerName: GCC  CompilerVersion: 8.4.0
ProgramName: mris_curvature  ProgramArguments: mris_curvature -all-info  ProgramVersion: 7.3.2  TimeStamp: 2026/03/14-11:38:55-GMT  BuildTime: Aug  4 2022 06:17:15  BuildStamp: freesurfer-linux-ubuntu22_x86_64-7.3.2-20220804-6354275  User: oesteban  Machine: dna072  Platform: Linux  PlatformVersion: 5.14.0-427.37.1.el9_4.x86_64  CompilerName: GCC  CompilerVersion: 8.4.0
ProgramName: mris_curvature_stats  ProgramArguments: mris_curvature_stats -all-info  ProgramVersion: 7.3.2  TimeStamp: 2026/03/14-11:38:55-GMT  BuildTime: Aug  4 2022 06:17:15  BuildStamp: freesurfer-linux-ubuntu22_x86_64-7.3.2-20220804-6354275  User: oesteban  Machine: dna072  Platform: Linux  PlatformVersion: 5.14.0-427.37.1.el9_4.x86_64  CompilerName: GCC  CompilerVersion: 8.4.0
ProgramName: mris_diff  ProgramArguments: mris_diff -all-info  ProgramVersion: 7.3.2  TimeStamp: 2026/03/14-11:38:55-GMT  BuildTime: Aug  4 2022 06:17:15  BuildStamp: freesurfer-linux-ubuntu22_x86_64-7.3.2-20220804-6354275  User: oesteban  Machine: dna072  Platform: Linux  PlatformVersion: 5.14.0-427.37.1.el9_4.x86_64  CompilerName: GCC  CompilerVersion: 8.4.0
ProgramName: mris_divide_parcellation  ProgramArguments: mris_divide_parcellation -all-info  ProgramVersion: 7.3.2  TimeStamp: 2026/03/14-11:38:55-GMT  BuildTime: Aug  4 2022 06:17:15  BuildStamp: freesurfer-linux-ubuntu22_x86_64-7.3.2-20220804-6354275  User: oesteban  Machine: dna072  Platform: Linux  PlatformVersion: 5.14.0-427.37.1.el9_4.x86_64  CompilerName: GCC  CompilerVersion: 8.4.0
ProgramName: mri_segment  ProgramArguments: mri_segment -all-info  ProgramVersion: 7.3.2  TimeStamp: 2026/03/14-11:38:55-GMT  BuildTime: Aug  4 2022 06:17:15  BuildStamp: freesurfer-linux-ubuntu22_x86_64-7.3.2-20220804-6354275  User: oesteban  Machine: dna072  Platform: Linux  PlatformVersion: 5.14.0-427.37.1.el9_4.x86_64  CompilerName: GCC  CompilerVersion: 8.4.0
ProgramName: mri_segstats  ProgramArguments: mri_segstats -all-info  ProgramVersion: 7.3.2  TimeStamp: 2026/03/14-11:38:55-GMT  BuildTime: Aug  4 2022 06:17:15  BuildStamp: freesurfer-linux-ubuntu22_x86_64-7.3.2-20220804-6354275  User: oesteban  Machine: dna072  Platform: Linux  PlatformVersion: 5.14.0-427.37.1.el9_4.x86_64  CompilerName: GCC  CompilerVersion: 8.4.0
ProgramName: mris_euler_number  ProgramArguments: mris_euler_number -all-info  ProgramVersion: 7.3.2  TimeStamp: 2026/03/14-11:38:55-GMT  BuildTime: Aug  4 2022 06:17:15  BuildStamp: freesurfer-linux-ubuntu22_x86_64-7.3.2-20220804-6354275  User: oesteban  Machine: dna072  Platform: Linux  PlatformVersion: 5.14.0-427.37.1.el9_4.x86_64  CompilerName: GCC  CompilerVersion: 8.4.0
ProgramName: mris_fix_topology  ProgramArguments: mris_fix_topology -all-info  ProgramVersion: 7.3.2  TimeStamp: 2026/03/14-11:38:55-GMT  BuildTime: Aug  4 2022 06:17:15  BuildStamp: freesurfer-linux-ubuntu22_x86_64-7.3.2-20220804-6354275  User: oesteban  Machine: dna072  Platform: Linux  PlatformVersion: 5.14.0-427.37.1.el9_4.x86_64  CompilerName: GCC  CompilerVersion: 8.4.0
ProgramName: mris_topo_fixer  ProgramArguments: mris_topo_fixer -all-info  ProgramVersion: 7.3.2  TimeStamp: 2026/03/14-11:38:55-GMT  BuildTime: Aug  4 2022 06:17:15  BuildStamp: freesurfer-linux-ubuntu22_x86_64-7.3.2-20220804-6354275  User: oesteban  Machine: dna072  Platform: Linux  PlatformVersion: 5.14.0-427.37.1.el9_4.x86_64  CompilerName: GCC  CompilerVersion: 8.4.0
ProgramName: mris_jacobian  ProgramArguments: mris_jacobian -all-info  ProgramVersion: 7.3.2  TimeStamp: 2026/03/14-11:38:55-GMT  BuildTime: Aug  4 2022 06:17:15  BuildStamp: freesurfer-linux-ubuntu22_x86_64-7.3.2-20220804-6354275  User: oesteban  Machine: dna072  Platform: Linux  PlatformVersion: 5.14.0-427.37.1.el9_4.x86_64  CompilerName: GCC  CompilerVersion: 8.4.0
ProgramName: mris_label2annot  ProgramArguments: mris_label2annot -all-info  ProgramVersion: 7.3.2  TimeStamp: 2026/03/14-11:38:55-GMT  BuildTime: Aug  4 2022 06:17:15  BuildStamp: freesurfer-linux-ubuntu22_x86_64-7.3.2-20220804-6354275  User: oesteban  Machine: dna072  Platform: Linux  PlatformVersion: 5.14.0-427.37.1.el9_4.x86_64  CompilerName: GCC  CompilerVersion: 8.4.0
ProgramName: mris_left_right_register  ProgramArguments: mris_left_right_register -all-info  ProgramVersion: 7.3.2  TimeStamp: 2026/03/14-11:38:55-GMT  BuildTime: Aug  4 2022 06:17:15  BuildStamp: freesurfer-linux-ubuntu22_x86_64-7.3.2-20220804-6354275  User: oesteban  Machine: dna072  Platform: Linux  PlatformVersion: 5.14.0-427.37.1.el9_4.x86_64  CompilerName: GCC  CompilerVersion: 8.4.0
ProgramName: mris_place_surface  ProgramArguments: mris_place_surface -all-info  ProgramVersion: 7.3.2  TimeStamp: 2026/03/14-11:38:55-GMT  BuildTime: Aug  4 2022 06:17:15  BuildStamp: freesurfer-linux-ubuntu22_x86_64-7.3.2-20220804-6354275  User: oesteban  Machine: dna072  Platform: Linux  PlatformVersion: 5.14.0-427.37.1.el9_4.x86_64  CompilerName: GCC  CompilerVersion: 8.4.0
ProgramName: mrisp_paint  ProgramArguments: mrisp_paint -all-info  ProgramVersion: 7.3.2  TimeStamp: 2026/03/14-11:38:55-GMT  BuildTime: Aug  4 2022 06:17:15  BuildStamp: freesurfer-linux-ubuntu22_x86_64-7.3.2-20220804-6354275  User: oesteban  Machine: dna072  Platform: Linux  PlatformVersion: 5.14.0-427.37.1.el9_4.x86_64  CompilerName: GCC  CompilerVersion: 8.4.0
ProgramName: mris_register  ProgramArguments: mris_register -all-info  ProgramVersion: 7.3.2  TimeStamp: 2026/03/14-11:38:55-GMT  BuildTime: Aug  4 2022 06:17:15  BuildStamp: freesurfer-linux-ubuntu22_x86_64-7.3.2-20220804-6354275  User: oesteban  Machine: dna072  Platform: Linux  PlatformVersion: 5.14.0-427.37.1.el9_4.x86_64  CompilerName: GCC  CompilerVersion: 8.4.0
ProgramName: mris_smooth  ProgramArguments: mris_smooth -all-info  ProgramVersion: 7.3.2  TimeStamp: 2026/03/14-11:38:55-GMT  BuildTime: Aug  4 2022 06:17:15  BuildStamp: freesurfer-linux-ubuntu22_x86_64-7.3.2-20220804-6354275  User: oesteban  Machine: dna072  Platform: Linux  PlatformVersion: 5.14.0-427.37.1.el9_4.x86_64  CompilerName: GCC  CompilerVersion: 8.4.0
ProgramName: mris_sphere  ProgramArguments: mris_sphere -all-info  ProgramVersion: 7.3.2  TimeStamp: 2026/03/14-11:38:55-GMT  BuildTime: Aug  4 2022 06:17:15  BuildStamp: freesurfer-linux-ubuntu22_x86_64-7.3.2-20220804-6354275  User: oesteban  Machine: dna072  Platform: Linux  PlatformVersion: 5.14.0-427.37.1.el9_4.x86_64  CompilerName: GCC  CompilerVersion: 8.4.0
ProgramName: mris_surface_stats  ProgramArguments: mris_surface_stats -all-info  ProgramVersion: 7.3.2  TimeStamp: 2026/03/14-11:38:55-GMT  BuildTime: Aug  4 2022 06:17:15  BuildStamp: freesurfer-linux-ubuntu22_x86_64-7.3.2-20220804-6354275  User: oesteban  Machine: dna072  Platform: Linux  PlatformVersion: 5.14.0-427.37.1.el9_4.x86_64  CompilerName: GCC  CompilerVersion: 8.4.0
ProgramName: mri_stats2seg  ProgramArguments: mri_stats2seg -all-info  ProgramVersion: 7.3.2  TimeStamp: 2026/03/14-11:38:55-GMT  BuildTime: Aug  4 2022 06:17:15  BuildStamp: freesurfer-linux-ubuntu22_x86_64-7.3.2-20220804-6354275  User: oesteban  Machine: dna072  Platform: Linux  PlatformVersion: 5.14.0-427.37.1.el9_4.x86_64  CompilerName: GCC  CompilerVersion: 8.4.0
ProgramName: mris_thickness  ProgramArguments: mris_thickness -all-info  ProgramVersion: 7.3.2  TimeStamp: 2026/03/14-11:38:55-GMT  BuildTime: Aug  4 2022 06:17:15  BuildStamp: freesurfer-linux-ubuntu22_x86_64-7.3.2-20220804-6354275  User: oesteban  Machine: dna072  Platform: Linux  PlatformVersion: 5.14.0-427.37.1.el9_4.x86_64  CompilerName: GCC  CompilerVersion: 8.4.0
ProgramName: mris_thickness_diff  ProgramArguments: mris_thickness_diff -all-info  ProgramVersion: 7.3.2  TimeStamp: 2026/03/14-11:38:55-GMT  BuildTime: Aug  4 2022 06:17:15  BuildStamp: freesurfer-linux-ubuntu22_x86_64-7.3.2-20220804-6354275  User: oesteban  Machine: dna072  Platform: Linux  PlatformVersion: 5.14.0-427.37.1.el9_4.x86_64  CompilerName: GCC  CompilerVersion: 8.4.0
ProgramName: mris_topo_fixer  ProgramArguments: mris_topo_fixer -all-info  ProgramVersion: 7.3.2  TimeStamp: 2026/03/14-11:38:55-GMT  BuildTime: Aug  4 2022 06:17:15  BuildStamp: freesurfer-linux-ubuntu22_x86_64-7.3.2-20220804-6354275  User: oesteban  Machine: dna072  Platform: Linux  PlatformVersion: 5.14.0-427.37.1.el9_4.x86_64  CompilerName: GCC  CompilerVersion: 8.4.0
ProgramName: mri_surf2surf  ProgramArguments: mri_surf2surf -all-info  ProgramVersion: 7.3.2  TimeStamp: 2026/03/14-11:38:55-GMT  BuildTime: Aug  4 2022 06:17:15  BuildStamp: freesurfer-linux-ubuntu22_x86_64-7.3.2-20220804-6354275  User: oesteban  Machine: dna072  Platform: Linux  PlatformVersion: 5.14.0-427.37.1.el9_4.x86_64  CompilerName: GCC  CompilerVersion: 8.4.0
ProgramName: mri_surf2vol  ProgramArguments: mri_surf2vol -all-info  ProgramVersion: 7.3.2  TimeStamp: 2026/03/14-11:38:55-GMT  BuildTime: Aug  4 2022 06:17:15  BuildStamp: freesurfer-linux-ubuntu22_x86_64-7.3.2-20220804-6354275  User: oesteban  Machine: dna072  Platform: Linux  PlatformVersion: 5.14.0-427.37.1.el9_4.x86_64  CompilerName: GCC  CompilerVersion: 8.4.0
ProgramName: mri_surfcluster  ProgramArguments: mri_surfcluster -all-info  ProgramVersion: 7.3.2  TimeStamp: 2026/03/14-11:38:55-GMT  BuildTime: Aug  4 2022 06:17:15  BuildStamp: freesurfer-linux-ubuntu22_x86_64-7.3.2-20220804-6354275  User: oesteban  Machine: dna072  Platform: Linux  PlatformVersion: 5.14.0-427.37.1.el9_4.x86_64  CompilerName: GCC  CompilerVersion: 8.4.0
ProgramName: mris_volmask  ProgramArguments: mris_volmask -all-info  ProgramVersion: 7.3.2  TimeStamp: 2026/03/14-11:38:55-GMT  BuildTime: Aug  4 2022 06:17:15  BuildStamp: freesurfer-linux-ubuntu22_x86_64-7.3.2-20220804-6354275  User: oesteban  Machine: dna072  Platform: Linux  PlatformVersion: 5.14.0-427.37.1.el9_4.x86_64  CompilerName: GCC  CompilerVersion: 8.4.0
ProgramName: mri_tessellate  ProgramArguments: mri_tessellate -all-info  ProgramVersion: 7.3.2  TimeStamp: 2026/03/14-11:38:55-GMT  BuildTime: Aug  4 2022 06:17:15  BuildStamp: freesurfer-linux-ubuntu22_x86_64-7.3.2-20220804-6354275  User: oesteban  Machine: dna072  Platform: Linux  PlatformVersion: 5.14.0-427.37.1.el9_4.x86_64  CompilerName: GCC  CompilerVersion: 8.4.0
ProgramName: mri_vol2surf  ProgramArguments: mri_vol2surf -all-info  ProgramVersion: 7.3.2  TimeStamp: 2026/03/14-11:38:55-GMT  BuildTime: Aug  4 2022 06:17:15  BuildStamp: freesurfer-linux-ubuntu22_x86_64-7.3.2-20220804-6354275  User: oesteban  Machine: dna072  Platform: Linux  PlatformVersion: 5.14.0-427.37.1.el9_4.x86_64  CompilerName: GCC  CompilerVersion: 8.4.0
ProgramName: mri_vol2vol  ProgramArguments: mri_vol2vol -all-info  ProgramVersion: 7.3.2  TimeStamp: 2026/03/14-11:38:55-GMT  BuildTime: Aug  4 2022 06:17:15  BuildStamp: freesurfer-linux-ubuntu22_x86_64-7.3.2-20220804-6354275  User: oesteban  Machine: dna072  Platform: Linux  PlatformVersion: 5.14.0-427.37.1.el9_4.x86_64  CompilerName: GCC  CompilerVersion: 8.4.0
ProgramName: mri_voldiff  ProgramArguments: mri_voldiff -all-info  ProgramVersion: 7.3.2  TimeStamp: 2026/03/14-11:38:55-GMT  BuildTime: Aug  4 2022 06:17:15  BuildStamp: freesurfer-linux-ubuntu22_x86_64-7.3.2-20220804-6354275  User: oesteban  Machine: dna072  Platform: Linux  PlatformVersion: 5.14.0-427.37.1.el9_4.x86_64  CompilerName: GCC  CompilerVersion: 8.4.0
ProgramName: mri_watershed  ProgramArguments: mri_watershed -all-info  ProgramVersion: 7.3.2  TimeStamp: 2026/03/14-11:38:55-GMT  BuildTime: Aug  4 2022 06:17:15  BuildStamp: freesurfer-linux-ubuntu22_x86_64-7.3.2-20220804-6354275  User: oesteban  Machine: dna072  Platform: Linux  PlatformVersion: 5.14.0-427.37.1.el9_4.x86_64  CompilerName: GCC  CompilerVersion: 8.4.0
ProgramName: tkregister2  ProgramArguments: tkregister2_cmdl -all-info  ProgramVersion: 7.3.2  TimeStamp: 2026/03/14-11:38:55-GMT  BuildTime: Aug  4 2022 06:17:15  BuildStamp: freesurfer-linux-ubuntu22_x86_64-7.3.2-20220804-6354275  User: oesteban  Machine: dna072  Platform: Linux  PlatformVersion: 5.14.0-427.37.1.el9_4.x86_64  CompilerName: GCC  CompilerVersion: 8.4.0
mri_motion_correct.fsl 7.3.2
mri_convert -all-info 
ProgramName: mri_convert  ProgramArguments: mri_convert -all-info  ProgramVersion: 7.3.2  TimeStamp: 2026/03/14-11:38:55-GMT  BuildTime: Aug  4 2022 06:17:15  BuildStamp: freesurfer-linux-ubuntu22_x86_64-7.3.2-20220804-6354275  User: oesteban  Machine: dna072  Platform: Linux  PlatformVersion: 5.14.0-427.37.1.el9_4.x86_64  CompilerName: GCC  CompilerVersion: 8.4.0
Program nu_correct, built from:
Package MNI N3, version 1.12.0, compiled by nicks@terrier (x86_64-unknown-linux-gnu) on 2015-06-19 at 01:25:34
#######################################
GCADIR /opt/freesurfer/average
GCA RB_all_2020-01-02.gca
GCASkull RB_all_withskull_2020_01_02.gca
AvgCurvTif folding.atlas.acfb40.noaparc.i12.2016-08-02.tif
GCSDIR /opt/freesurfer/average
GCS DKaparc.atlas.acfb40.noaparc.i12.2016-08-02.gcs
#######################################
#--------------------------------------------
#@# AutoDetGWStats lh Sat Mar 14 12:38:55 CET 2026
cd /out/sourcedata/freesurfer/sub-v2s9x29158_ses-1/mri
mris_autodet_gwstats --o ../surf/autodet.gw.stats.lh.dat --i brain.finalsurfs.mgz --wm wm.mgz --surf ../surf/lh.orig.premesh
  Update not needed
#--------------------------------------------
#@# WhitePreAparc lh Sat Mar 14 12:38:55 CET 2026
cd /out/sourcedata/freesurfer/sub-v2s9x29158_ses-1/mri
mris_place_surface --adgws-in ../surf/autodet.gw.stats.lh.dat --wm wm.mgz --threads 16 --invol brain.finalsurfs.mgz --lh --i ../surf/lh.orig --o ../surf/lh.white.preaparc --white --seg aseg.presurf.mgz --nsmooth 5
   Update not needed
#--------------------------------------------
#@# CortexLabel lh Sat Mar 14 12:38:55 CET 2026
cd /out/sourcedata/freesurfer/sub-v2s9x29158_ses-1/mri
mri_label2label --label-cortex ../surf/lh.white.preaparc aseg.presurf.mgz 0 ../label/lh.cortex.label
   Update not needed
#--------------------------------------------
#@# CortexLabel+HipAmyg lh Sat Mar 14 12:38:55 CET 2026
cd /out/sourcedata/freesurfer/sub-v2s9x29158_ses-1/mri
mri_label2label --label-cortex ../surf/lh.white.preaparc aseg.presurf.mgz 1 ../label/lh.cortex+hipamyg.label
   Update not needed
#@# white curv lh Sat Mar 14 12:38:55 CET 2026
cd /out/sourcedata/freesurfer/sub-v2s9x29158_ses-1/mri
mris_place_surface --curv-map ../surf/lh.white 2 10 ../surf/lh.curv
   Update not needed
#@# white area lh Sat Mar 14 12:38:55 CET 2026
cd /out/sourcedata/freesurfer/sub-v2s9x29158_ses-1/mri
mris_place_surface --area-map ../surf/lh.white ../surf/lh.area
   Update not needed
#@# pial curv lh Sat Mar 14 12:38:55 CET 2026
cd /out/sourcedata/freesurfer/sub-v2s9x29158_ses-1/mri
mris_place_surface --curv-map ../surf/lh.pial 2 10 ../surf/lh.curv.pial
   Update not needed
#@# pial area lh Sat Mar 14 12:38:55 CET 2026
cd /out/sourcedata/freesurfer/sub-v2s9x29158_ses-1/mri
mris_place_surface --area-map ../surf/lh.pial ../surf/lh.area.pial
   Update not needed
#@# thickness lh Sat Mar 14 12:38:55 CET 2026
cd /out/sourcedata/freesurfer/sub-v2s9x29158_ses-1/mri
mris_place_surface --thickness ../surf/lh.white ../surf/lh.pial 20 5 ../surf/lh.thickness
   Update not needed
#@# area and vertex vol lh Sat Mar 14 12:38:55 CET 2026
cd /out/sourcedata/freesurfer/sub-v2s9x29158_ses-1/mri
mris_place_surface --thickness ../surf/lh.white ../surf/lh.pial 20 5 ../surf/lh.thickness
   Update not needed
#-----------------------------------------
#@# Parcellation Stats lh Sat Mar 14 12:38:55 CET 2026
/out/sourcedata/freesurfer/sub-v2s9x29158_ses-1/scripts

 mris_anatomical_stats -th3 -mgz -noglobal -cortex ../label/lh.cortex.label -f ../stats/lh.aparc.stats -b -a ../label/lh.aparc.annot -c ../label/aparc.annot.ctab sub-v2s9x29158_ses-1 lh white 

computing statistics for each annotation in ../label/lh.aparc.annot.
reading volume /out/sourcedata/freesurfer/sub-v2s9x29158_ses-1/mri/wm.mgz...
reading input surface /out/sourcedata/freesurfer/sub-v2s9x29158_ses-1/surf/lh.white...
reading input pial surface /out/sourcedata/freesurfer/sub-v2s9x29158_ses-1/surf/lh.pial...
reading input white surface /out/sourcedata/freesurfer/sub-v2s9x29158_ses-1/surf/lh.white...
INFO: using TH3 volume calc
INFO: assuming MGZ format for volumes.
INFO: not computing global stats
INFO: using ../label/lh.cortex.label as mask to calc cortex NumVert, SurfArea and MeanThickness.
Using TH3 vertex volume calc
Total face volume 287360
Total vertex volume 287188 (mask=0)
Saving annotation colortable ../label/aparc.annot.ctab

table columns are:
    number of vertices
    total surface area (mm^2)
    total gray matter volume (mm^3)
    average cortical thickness +- standard deviation (mm)
    integrated rectified mean curvature
    integrated rectified Gaussian curvature
    folding index
    intrinsic curvature index
    structure name

 1537    995   2447  2.707 0.669     0.087     0.015        8     1.1  bankssts
  596    365    916  2.712 0.441     0.099     0.016        6     0.3  caudalanteriorcingulate
 3303   2352   7584  2.955 0.589     0.119     0.023       34     3.3  caudalmiddlefrontal
 2402   1726   3985  2.197 0.566     0.149     0.039       34     4.0  cuneus
  523    371   2035  3.712 0.856     0.108     0.024        5     0.5  entorhinal
 3892   2891   9247  2.848 0.639     0.128     0.027       49     5.1  fusiform
 7389   5278  17626  2.898 0.619     0.117     0.024       80     7.1  inferiorparietal
 4984   3607  10840  2.552 0.660     0.119     0.026       69     5.4  inferiortemporal
 1916   1361   3332  2.120 0.830     0.121     0.026       24     2.2  isthmuscingulate
 7720   5692  15806  2.506 0.670     0.147     0.035      115    11.2  lateraloccipital
 3842   2778   9570  2.997 0.818     0.122     0.028       47     4.6  lateralorbitofrontal
 3625   2636   8000  2.630 0.760     0.136     0.031       52     4.6  lingual
 2601   1837   6128  2.873 0.852     0.122     0.032       36     3.4  medialorbitofrontal
 5090   3752  14014  2.951 0.745     0.119     0.024       66     5.4  middletemporal
  800    517   1697  2.670 0.874     0.088     0.018        4     0.4  parahippocampal
 2758   1843   5372  2.706 0.531     0.106     0.019       23     2.2  paracentral
 2922   2140   7152  2.830 0.638     0.121     0.023       33     2.7  parsopercularis
  928    761   3732  3.493 0.650     0.134     0.029       14     1.2  parsorbitalis
 1984   1449   5051  3.059 0.531     0.115     0.024       20     1.8  parstriangularis
 1785   1208   2342  2.314 0.822     0.131     0.027       19     2.0  pericalcarine
 6774   4595  11293  2.249 0.759     0.115     0.021       65     6.1  postcentral
 1936   1358   3874  2.639 0.808     0.121     0.026       22     2.0  posteriorcingulate
 7402   5047  15109  2.720 0.568     0.113     0.021       68     6.5  precentral
 7110   4948  14456  2.649 0.556     0.114     0.023       79     6.9  precuneus
 1162    737   1945  2.555 0.685     0.102     0.021       11     0.9  rostralanteriorcingulate
 8694   6232  20922  2.911 0.581     0.119     0.026      106     9.3  rostralmiddlefrontal
 9906   6944  25477  3.137 0.652     0.115     0.025       98     9.8  superiorfrontal
 9541   6758  19854  2.572 0.582     0.121     0.023      108     9.0  superiorparietal
 5583   3633  11099  2.749 0.758     0.092     0.018       44     4.1  superiortemporal
 6538   4583  14510  2.808 0.692     0.125     0.025       81     6.7  supramarginal
  326    261   1482  3.591 0.640     0.148     0.035        6     0.4  frontalpole
  685    566   3145  3.975 0.772     0.136     0.033       12     1.0  temporalpole
  636    414   1153  2.502 0.638     0.129     0.030        9     0.8  transversetemporal
 3073   2097   5994  2.891 0.733     0.119     0.032       34     4.0  insula

 mris_anatomical_stats -th3 -mgz -noglobal -cortex ../label/lh.cortex.label -f ../stats/lh.aparc.pial.stats -b -a ../label/lh.aparc.annot -c ../label/aparc.annot.ctab sub-v2s9x29158_ses-1 lh pial 

computing statistics for each annotation in ../label/lh.aparc.annot.
reading volume /out/sourcedata/freesurfer/sub-v2s9x29158_ses-1/mri/wm.mgz...
reading input surface /out/sourcedata/freesurfer/sub-v2s9x29158_ses-1/surf/lh.pial...
reading input pial surface /out/sourcedata/freesurfer/sub-v2s9x29158_ses-1/surf/lh.pial...
reading input white surface /out/sourcedata/freesurfer/sub-v2s9x29158_ses-1/surf/lh.white...
INFO: using TH3 volume calc
INFO: assuming MGZ format for volumes.
INFO: not computing global stats
INFO: using ../label/lh.cortex.label as mask to calc cortex NumVert, SurfArea and MeanThickness.
Using TH3 vertex volume calc
Total face volume 287360
Total vertex volume 287188 (mask=0)
Saving annotation colortable ../label/aparc.annot.ctab

table columns are:
    number of vertices
    total surface area (mm^2)
    total gray matter volume (mm^3)
    average cortical thickness +- standard deviation (mm)
    integrated rectified mean curvature
    integrated rectified Gaussian curvature
    folding index
    intrinsic curvature index
    structure name

 1537    894   2447  2.707 0.669     0.142     0.050       28     3.5  bankssts
  596    374    916  2.712 0.441     0.126     0.051       13     0.7  caudalanteriorcingulate
 3303   2846   7584  2.955 0.589     0.148     0.039       56     5.0  caudalmiddlefrontal
 2402   2114   3985  2.197 0.566     0.165     0.050       77     5.0  cuneus
  523    751   2035  3.712 0.856     0.324     0.089       21     2.1  entorhinal
 3892   3695   9247  2.848 0.639     0.187     0.047      106     8.2  fusiform
 7389   6896  17626  2.898 0.619     0.175     0.044      151    14.5  inferiorparietal
 4984   4787  10840  2.552 0.660     0.171     0.041      125     9.4  inferiortemporal
 1916   1845   3332  2.120 0.830     0.187     0.051       56     4.3  isthmuscingulate
 7720   7030  15806  2.506 0.670     0.164     0.053      305    14.1  lateraloccipital
 3842   3606   9570  2.997 0.818     0.180     0.050      113     8.4  lateralorbitofrontal
 3625   3642   8000  2.630 0.760     0.196     0.056       97     8.1  lingual
 2601   2524   6128  2.873 0.852     0.206     0.058       69     7.0  medialorbitofrontal
 5090   5688  14014  2.951 0.745     0.193     0.042       98    10.2  middletemporal
  800    803   1697  2.670 0.874     0.230     0.074       18     2.7  parahippocampal
 2758   2173   5372  2.706 0.531     0.145     0.038       56     4.6  paracentral
 2922   2982   7152  2.830 0.638     0.201     0.053       54     6.7  parsopercularis
  928   1360   3732  3.493 0.650     0.256     0.061       23     2.6  parsorbitalis
 1984   1911   5051  3.059 0.531     0.184     0.046     2927     3.7  parstriangularis
 1785    991   2342  2.314 0.822     0.145     0.048       61     3.9  pericalcarine
 6774   5652  11293  2.249 0.759     0.149     0.037      110    10.4  postcentral
 1936   1606   3874  2.639 0.808     0.158     0.047       76     3.6  posteriorcingulate
 7402   5989  15109  2.720 0.568     0.141     0.033      195    10.5  precentral
 7110   6108  14456  2.649 0.556     0.162     0.044      197    13.4  precuneus
 1162    854   1945  2.555 0.685     0.154     0.050       31     2.2  rostralanteriorcingulate
 8694   7882  20922  2.911 0.581     0.169     0.041      239    15.3  rostralmiddlefrontal
 9906   9358  25477  3.137 0.652     0.174     0.048      217    19.3  superiorfrontal
 9541   8553  19854  2.572 0.582     0.158     0.096      620    15.3  superiorparietal
 5583   4787  11099  2.749 0.758     0.181     0.054      144    12.8  superiortemporal
 6538   5885  14510  2.808 0.692     0.178     0.047      196    13.0  supramarginal
  326    570   1482  3.591 0.640     0.251     0.048        7     0.6  frontalpole
  685   1051   3145  3.975 0.772     0.241     0.056       15     1.5  temporalpole
  636    548   1153  2.502 0.638     0.191     0.056       33     1.5  transversetemporal
 3073   2156   5994  2.891 0.733     0.166     0.063       79     7.3  insula
#-----------------------------------------
#@# Parcellation Stats 2 lh Sat Mar 14 12:39:09 CET 2026
/out/sourcedata/freesurfer/sub-v2s9x29158_ses-1/scripts

 mris_anatomical_stats -th3 -mgz -noglobal -cortex ../label/lh.cortex.label -f ../stats/lh.aparc.a2009s.stats -b -a ../label/lh.aparc.a2009s.annot -c ../label/aparc.annot.a2009s.ctab sub-v2s9x29158_ses-1 lh white 

computing statistics for each annotation in ../label/lh.aparc.a2009s.annot.
reading volume /out/sourcedata/freesurfer/sub-v2s9x29158_ses-1/mri/wm.mgz...
reading input surface /out/sourcedata/freesurfer/sub-v2s9x29158_ses-1/surf/lh.white...
reading input pial surface /out/sourcedata/freesurfer/sub-v2s9x29158_ses-1/surf/lh.pial...
reading input white surface /out/sourcedata/freesurfer/sub-v2s9x29158_ses-1/surf/lh.white...
INFO: using TH3 volume calc
INFO: assuming MGZ format for volumes.
INFO: not computing global stats
INFO: using ../label/lh.cortex.label as mask to calc cortex NumVert, SurfArea and MeanThickness.
Using TH3 vertex volume calc
Total face volume 287360
Total vertex volume 287188 (mask=0)
Saving annotation colortable ../label/aparc.annot.a2009s.ctab

table columns are:
    number of vertices
    total surface area (mm^2)
    total gray matter volume (mm^3)
    average cortical thickness +- standard deviation (mm)
    integrated rectified mean curvature
    integrated rectified Gaussian curvature
    folding index
    intrinsic curvature index
    structure name

 1365    994   3518  3.124 0.591     0.124     0.026       16     1.5  G_and_S_frontomargin
 1210   1016   2882  2.693 0.662     0.160     0.035       23     1.9  G_and_S_occipital_inf
 1946   1341   3902  2.546 0.599     0.114     0.024       18     1.8  G_and_S_paracentral
 1637   1200   4042  3.001 0.622     0.144     0.030       22     2.1  G_and_S_subcentral
  659    510   2340  3.104 0.668     0.133     0.033       12     0.8  G_and_S_transv_frontopol
 2209   1484   4290  2.880 0.611     0.107     0.022       18     1.9  G_and_S_cingul-Ant
 1428    926   2247  2.731 0.456     0.091     0.016        8     0.9  G_and_S_cingul-Mid-Ant
 1468    999   2622  2.737 0.564     0.113     0.025       12     1.5  G_and_S_cingul-Mid-Post
  808    616   2512  3.029 0.873     0.148     0.033       15     1.2  G_cingul-Post-dorsal
  323    258    649  2.119 0.525     0.168     0.050        7     0.6  G_cingul-Post-ventral
 2130   1558   3463  2.035 0.590     0.156     0.042       32     3.8  G_cuneus
 1586   1214   4695  2.863 0.696     0.132     0.028       24     1.8  G_front_inf-Opercular
  393    305   1526  3.349 0.753     0.138     0.031        9     0.5  G_front_inf-Orbital
 1154    907   3806  3.064 0.535     0.131     0.031       16     1.4  G_front_inf-Triangul
 4224   3210  13158  3.030 0.649     0.134     0.030       71     5.2  G_front_middle
 6933   4937  20325  3.193 0.641     0.126     0.028       88     7.7  G_front_sup
  613    437   1330  2.703 0.958     0.145     0.057       11     1.3  G_Ins_lg_and_S_cent_ins
  694    493   1950  3.130 0.707     0.124     0.029       10     0.8  G_insular_short
 2854   2166   8201  2.853 0.637     0.154     0.039       54     4.2  G_occipital_middle
 1542   1063   3258  2.442 0.555     0.136     0.028       21     1.8  G_occipital_sup
 1345   1067   4173  3.034 0.649     0.149     0.036       21     2.2  G_oc-temp_lat-fusifor
 2400   1835   6405  2.728 0.838     0.154     0.039       44     3.7  G_oc-temp_med-Lingual
 1139    777   3346  3.151 0.981     0.107     0.025       10     1.1  G_oc-temp_med-Parahip
 2279   1842   8328  3.215 0.796     0.140     0.037       40     3.4  G_orbital
 2594   1947   8456  3.068 0.692     0.139     0.030       45     3.5  G_pariet_inf-Angular
 2928   2126   8219  2.937 0.783     0.135     0.030       45     3.3  G_pariet_inf-Supramar
 3087   2321   8381  2.731 0.684     0.134     0.029       47     3.4  G_parietal_sup
 2541   1740   4738  2.233 0.666     0.132     0.026       32     3.0  G_postcentral
 2665   1874   7073  2.907 0.531     0.121     0.023       32     2.5  G_precentral
 3463   2526   9438  2.772 0.627     0.127     0.028       52     4.3  G_precuneus
  870    638   2830  2.995 0.942     0.142     0.045       15     1.7  G_rectus
  594    379    927  2.283 0.806     0.133     0.055       13     1.3  G_subcallosal
  431    270    929  2.486 0.760     0.128     0.038        8     0.6  G_temp_sup-G_T_transv
 1757   1138   4661  2.863 0.735     0.110     0.024       26     1.7  G_temp_sup-Lateral
  930    598   2416  3.535 0.925     0.082     0.018        4     0.7  G_temp_sup-Plan_polar
  934    610   1525  2.291 0.726     0.076     0.012        5     0.4  G_temp_sup-Plan_tempo
 2666   2016   7119  2.595 0.698     0.131     0.034       50     3.7  G_temporal_inf
 2714   2168  10046  3.266 0.732     0.139     0.030       49     3.5  G_temporal_middle
  311    206    581  2.902 0.390     0.095     0.016        2     0.2  Lat_Fis-ant-Horizont
  339    228    586  2.696 0.463     0.089     0.013        2     0.1  Lat_Fis-ant-Vertical
 1041    673   1456  2.852 0.542     0.104     0.016        6     0.8  Lat_Fis-post
 2017   1418   3844  2.327 0.798     0.153     0.042       31     3.3  Pole_occipital
 1205   1026   4898  3.289 0.864     0.153     0.035       27     1.7  Pole_temporal
 2308   1569   3240  2.443 0.745     0.119     0.024       23     2.2  S_calcarine
 2910   1902   3179  1.957 0.629     0.097     0.015       17     1.8  S_central
 1315    862   2113  2.718 0.558     0.092     0.015        8     0.8  S_cingul-Marginalis
  578    384    800  2.408 0.675     0.095     0.017        3     0.4  S_circular_insula_ant
 1375    896   2135  2.891 0.674     0.082     0.012        5     0.8  S_circular_insula_inf
 1764   1144   2675  2.960 0.514     0.093     0.016        7     1.3  S_circular_insula_sup
 1181    774   1772  2.466 0.663     0.097     0.012        7     0.7  S_collat_transv_ant
  411    270    567  2.339 0.465     0.119     0.030        3     0.5  S_collat_transv_post
 2877   1987   5040  2.826 0.528     0.108     0.020       20     2.4  S_front_inf
 1585   1102   3166  2.826 0.469     0.114     0.023       16     1.6  S_front_middle
 2336   1534   4465  3.072 0.554     0.092     0.016       12     1.7  S_front_sup
  414    307    651  2.256 0.482     0.123     0.023        6     0.4  S_interm_prim-Jensen
 3821   2593   6130  2.543 0.481     0.108     0.018       30     3.0  S_intrapariet_and_P_trans
 1494   1022   1987  2.329 0.431     0.122     0.026       11     1.7  S_oc_middle_and_Lunatus
 1684   1130   2642  2.670 0.465     0.104     0.019       11     1.2  S_oc_sup_and_transversal
  700    492   1253  2.588 0.574     0.105     0.022        5     0.5  S_occipital_ant
 1013    717   1838  2.703 0.614     0.114     0.024       14     1.3  S_oc-temp_lat
 1593   1108   2684  2.575 0.548     0.109     0.021       11     1.4  S_oc-temp_med_and_Lingual
  448    300    768  3.404 0.542     0.104     0.018        2     0.4  S_orbital_lateral
  595    406    848  2.392 0.671     0.110     0.017        4     0.4  S_orbital_med-olfact
 1443   1005   3309  3.232 0.732     0.113     0.022       12     1.5  S_orbital-H_Shaped
 2482   1682   3938  2.579 0.504     0.108     0.019       18     2.2  S_parieto_occipital
 1346    843   1148  1.576 0.479     0.091     0.015       15     0.8  S_pericallosal
 4378   2949   6906  2.501 0.554     0.108     0.019       34     3.6  S_postcentral
 1896   1307   3096  2.554 0.495     0.107     0.019       15     1.6  S_precentral-inf-part
 1510    992   2372  2.677 0.493     0.098     0.016        9     1.1  S_precentral-sup-part
  626    431   1084  3.122 0.818     0.101     0.012        3     0.4  S_suborbital
 1571   1052   2416  2.556 0.465     0.106     0.020       11     1.2  S_subparietal
 1960   1288   2849  2.564 0.524     0.096     0.015       10     1.5  S_temporal_inf
 6568   4382  10560  2.709 0.590     0.097     0.017       40     4.9  S_temporal_sup
  355    248    465  2.280 0.423     0.120     0.013        3     0.2  S_temporal_transverse
#-----------------------------------------
#@# Parcellation Stats 3 lh Sat Mar 14 12:39:16 CET 2026
/out/sourcedata/freesurfer/sub-v2s9x29158_ses-1/scripts

 mris_anatomical_stats -th3 -mgz -noglobal -cortex ../label/lh.cortex.label -f ../stats/lh.aparc.DKTatlas.stats -b -a ../label/lh.aparc.DKTatlas.annot -c ../label/aparc.annot.DKTatlas.ctab sub-v2s9x29158_ses-1 lh white 

computing statistics for each annotation in ../label/lh.aparc.DKTatlas.annot.
reading volume /out/sourcedata/freesurfer/sub-v2s9x29158_ses-1/mri/wm.mgz...
reading input surface /out/sourcedata/freesurfer/sub-v2s9x29158_ses-1/surf/lh.white...
reading input pial surface /out/sourcedata/freesurfer/sub-v2s9x29158_ses-1/surf/lh.pial...
reading input white surface /out/sourcedata/freesurfer/sub-v2s9x29158_ses-1/surf/lh.white...
INFO: using TH3 volume calc
INFO: assuming MGZ format for volumes.
INFO: not computing global stats
INFO: using ../label/lh.cortex.label as mask to calc cortex NumVert, SurfArea and MeanThickness.
Using TH3 vertex volume calc
Total face volume 287360
Total vertex volume 287188 (mask=0)
Saving annotation colortable ../label/aparc.annot.DKTatlas.ctab

table columns are:
    number of vertices
    total surface area (mm^2)
    total gray matter volume (mm^3)
    average cortical thickness +- standard deviation (mm)
    integrated rectified mean curvature
    integrated rectified Gaussian curvature
    folding index
    intrinsic curvature index
    structure name

 1485    953   2790  2.757 0.539     0.103     0.022       17     1.2  caudalanteriorcingulate
 3535   2507   8057  2.955 0.590     0.119     0.023       37     3.5  caudalmiddlefrontal
 3248   2313   5469  2.267 0.566     0.140     0.034       40     4.7  cuneus
  512    355   1878  3.683 0.877     0.097     0.023        4     0.4  entorhinal
 3527   2616   8156  2.827 0.615     0.129     0.028       45     4.7  fusiform
 7705   5512  18638  2.882 0.619     0.120     0.024       87     7.9  inferiorparietal
 4905   3541  10822  2.586 0.692     0.117     0.026       67     5.0  inferiortemporal
 1867   1333   3299  2.130 0.839     0.123     0.027       24     2.2  isthmuscingulate
 7796   5735  15891  2.503 0.664     0.148     0.035      116    11.3  lateraloccipital
 4198   3113  11567  3.077 0.817     0.129     0.032       60     5.5  lateralorbitofrontal
 3681   2678   8139  2.632 0.759     0.135     0.031       52     4.7  lingual
 2228   1569   5399  2.862 0.876     0.125     0.033       34     3.1  medialorbitofrontal
 6838   4959  17500  2.904 0.738     0.116     0.023       82     7.0  middletemporal
  826    540   1761  2.677 0.884     0.088     0.019        4     0.4  parahippocampal
 3235   2161   6568  2.721 0.554     0.104     0.019       27     2.5  paracentral
 2748   2008   6691  2.825 0.647     0.123     0.023       32     2.7  parsopercularis
  966    709   3025  3.154 0.803     0.115     0.024       11     0.9  parsorbitalis
 2558   1847   6102  3.019 0.532     0.115     0.024       25     2.4  parstriangularis
 1778   1201   2336  2.316 0.826     0.131     0.028       19     2.1  pericalcarine
 7792   5305  13139  2.294 0.753     0.115     0.021       74     7.1  postcentral
 2157   1498   4188  2.653 0.794     0.119     0.025       24     2.2  posteriorcingulate
 7297   4975  14882  2.734 0.569     0.113     0.021       67     6.4  precentral
 6868   4791  14542  2.675 0.568     0.115     0.024       79     6.9  precuneus
 1643   1095   3205  2.706 0.732     0.109     0.024       17     1.5  rostralanteriorcingulate
 6166   4535  15780  2.960 0.570     0.123     0.027       80     6.9  rostralmiddlefrontal
10408   7318  26624  3.116 0.656     0.115     0.024      102    10.2  superiorfrontal
 7815   5556  16109  2.562 0.579     0.120     0.023       89     7.2  superiorparietal
 6992   4675  15260  2.843 0.832     0.098     0.020       62     5.8  superiortemporal
 5923   4122  12992  2.822 0.686     0.122     0.024       71     5.7  supramarginal
  649    422   1176  2.497 0.638     0.129     0.029       10     0.8  transversetemporal
 2617   1791   5203  2.897 0.738     0.112     0.027       26     2.9  insula
/out/sourcedata/freesurfer/sub-v2s9x29158_ses-1/label
#--------------------------------------------
#@# BA_exvivo Labels lh Sat Mar 14 12:39:23 CET 2026

 mri_label2label --srcsubject fsaverage --srclabel /out/sourcedata/freesurfer/fsaverage/label/lh.BA1_exvivo.label --trgsubject sub-v2s9x29158_ses-1 --trglabel ./lh.BA1_exvivo.label --hemi lh --regmethod surface 


srclabel = /out/sourcedata/freesurfer/fsaverage/label/lh.BA1_exvivo.label
srcsubject = fsaverage
trgsubject = sub-v2s9x29158_ses-1
trglabel = ./lh.BA1_exvivo.label
regmethod = surface

srchemi = lh
trghemi = lh
trgsurface = white
srcsurfreg = sphere.reg
trgsurfreg = sphere.reg
usehash = 1
Use ProjAbs  = 0, 0
Use ProjFrac = 0, 0
DoPaint 0

SUBJECTS_DIR    /out/sourcedata/freesurfer
FREESURFER_HOME /opt/freesurfer
Loading source label.
Found 4129 points in source label.
Starting surface-based mapping
Reading source registration 
 /out/sourcedata/freesurfer/fsaverage/surf/lh.sphere.reg
Rescaling ...  original radius = 100
Reading target surface 
 /out/sourcedata/freesurfer/sub-v2s9x29158_ses-1/surf/lh.white
Reading target registration 
 /out/sourcedata/freesurfer/sub-v2s9x29158_ses-1/surf/lh.sphere.reg
Rescaling ...  original radius = 100
Building target registration hash (res=16).
Building source registration hash (res=16).
INFO: found  4129 nlabel points
Performing mapping from target back to the source label 137686
Number of reverse mapping hits = 275
Checking for and removing duplicates
Writing label file ./lh.BA1_exvivo.label 4404
mri_label2label: Done


 mri_label2label --srcsubject fsaverage --srclabel /out/sourcedata/freesurfer/fsaverage/label/lh.BA2_exvivo.label --trgsubject sub-v2s9x29158_ses-1 --trglabel ./lh.BA2_exvivo.label --hemi lh --regmethod surface 


srclabel = /out/sourcedata/freesurfer/fsaverage/label/lh.BA2_exvivo.label
srcsubject = fsaverage
trgsubject = sub-v2s9x29158_ses-1
trglabel = ./lh.BA2_exvivo.label
regmethod = surface

srchemi = lh
trghemi = lh
trgsurface = white
srcsurfreg = sphere.reg
trgsurfreg = sphere.reg
usehash = 1
Use ProjAbs  = 0, 0
Use ProjFrac = 0, 0
DoPaint 0

SUBJECTS_DIR    /out/sourcedata/freesurfer
FREESURFER_HOME /opt/freesurfer
Loading source label.
Found 7909 points in source label.
Starting surface-based mapping
Reading source registration 
 /out/sourcedata/freesurfer/fsaverage/surf/lh.sphere.reg
Rescaling ...  original radius = 100
Reading target surface 
 /out/sourcedata/freesurfer/sub-v2s9x29158_ses-1/surf/lh.white
Reading target registration 
 /out/sourcedata/freesurfer/sub-v2s9x29158_ses-1/surf/lh.sphere.reg
Rescaling ...  original radius = 100
Building target registration hash (res=16).
Building source registration hash (res=16).
INFO: found  7909 nlabel points
Performing mapping from target back to the source label 137686
Number of reverse mapping hits = 721
Checking for and removing duplicates
Writing label file ./lh.BA2_exvivo.label 8630
mri_label2label: Done


 mri_label2label --srcsubject fsaverage --srclabel /out/sourcedata/freesurfer/fsaverage/label/lh.BA3a_exvivo.label --trgsubject sub-v2s9x29158_ses-1 --trglabel ./lh.BA3a_exvivo.label --hemi lh --regmethod surface 


srclabel = /out/sourcedata/freesurfer/fsaverage/label/lh.BA3a_exvivo.label
srcsubject = fsaverage
trgsubject = sub-v2s9x29158_ses-1
trglabel = ./lh.BA3a_exvivo.label
regmethod = surface

srchemi = lh
trghemi = lh
trgsurface = white
srcsurfreg = sphere.reg
trgsurfreg = sphere.reg
usehash = 1
Use ProjAbs  = 0, 0
Use ProjFrac = 0, 0
DoPaint 0

SUBJECTS_DIR    /out/sourcedata/freesurfer
FREESURFER_HOME /opt/freesurfer
Loading source label.
Found 4077 points in source label.
Starting surface-based mapping
Reading source registration 
 /out/sourcedata/freesurfer/fsaverage/surf/lh.sphere.reg
Rescaling ...  original radius = 100
Reading target surface 
 /out/sourcedata/freesurfer/sub-v2s9x29158_ses-1/surf/lh.white
Reading target registration 
 /out/sourcedata/freesurfer/sub-v2s9x29158_ses-1/surf/lh.sphere.reg
Rescaling ...  original radius = 100
Building target registration hash (res=16).
Building source registration hash (res=16).
INFO: found  4077 nlabel points
Performing mapping from target back to the source label 137686
Number of reverse mapping hits = 38
Checking for and removing duplicates
Writing label file ./lh.BA3a_exvivo.label 4115
mri_label2label: Done


 mri_label2label --srcsubject fsaverage --srclabel /out/sourcedata/freesurfer/fsaverage/label/lh.BA3b_exvivo.label --trgsubject sub-v2s9x29158_ses-1 --trglabel ./lh.BA3b_exvivo.label --hemi lh --regmethod surface 


srclabel = /out/sourcedata/freesurfer/fsaverage/label/lh.BA3b_exvivo.label
srcsubject = fsaverage
trgsubject = sub-v2s9x29158_ses-1
trglabel = ./lh.BA3b_exvivo.label
regmethod = surface

srchemi = lh
trghemi = lh
trgsurface = white
srcsurfreg = sphere.reg
trgsurfreg = sphere.reg
usehash = 1
Use ProjAbs  = 0, 0
Use ProjFrac = 0, 0
DoPaint 0

SUBJECTS_DIR    /out/sourcedata/freesurfer
FREESURFER_HOME /opt/freesurfer
Loading source label.
Found 5983 points in source label.
Starting surface-based mapping
Reading source registration 
 /out/sourcedata/freesurfer/fsaverage/surf/lh.sphere.reg
Rescaling ...  original radius = 100
Reading target surface 
 /out/sourcedata/freesurfer/sub-v2s9x29158_ses-1/surf/lh.white
Reading target registration 
 /out/sourcedata/freesurfer/sub-v2s9x29158_ses-1/surf/lh.sphere.reg
Rescaling ...  original radius = 100
Building target registration hash (res=16).
Building source registration hash (res=16).
INFO: found  5983 nlabel points
Performing mapping from target back to the source label 137686
Number of reverse mapping hits = 169
Checking for and removing duplicates
Writing label file ./lh.BA3b_exvivo.label 6152
mri_label2label: Done


 mri_label2label --srcsubject fsaverage --srclabel /out/sourcedata/freesurfer/fsaverage/label/lh.BA4a_exvivo.label --trgsubject sub-v2s9x29158_ses-1 --trglabel ./lh.BA4a_exvivo.label --hemi lh --regmethod surface 


srclabel = /out/sourcedata/freesurfer/fsaverage/label/lh.BA4a_exvivo.label
srcsubject = fsaverage
trgsubject = sub-v2s9x29158_ses-1
trglabel = ./lh.BA4a_exvivo.label
regmethod = surface

srchemi = lh
trghemi = lh
trgsurface = white
srcsurfreg = sphere.reg
trgsurfreg = sphere.reg
usehash = 1
Use ProjAbs  = 0, 0
Use ProjFrac = 0, 0
DoPaint 0

SUBJECTS_DIR    /out/sourcedata/freesurfer
FREESURFER_HOME /opt/freesurfer
Loading source label.
Found 5784 points in source label.
Starting surface-based mapping
Reading source registration 
 /out/sourcedata/freesurfer/fsaverage/surf/lh.sphere.reg
Rescaling ...  original radius = 100
Reading target surface 
 /out/sourcedata/freesurfer/sub-v2s9x29158_ses-1/surf/lh.white
Reading target registration 
 /out/sourcedata/freesurfer/sub-v2s9x29158_ses-1/surf/lh.sphere.reg
Rescaling ...  original radius = 100
Building target registration hash (res=16).
Building source registration hash (res=16).
INFO: found  5784 nlabel points
Performing mapping from target back to the source label 137686
Number of reverse mapping hits = 419
Checking for and removing duplicates
Writing label file ./lh.BA4a_exvivo.label 6203
mri_label2label: Done


 mri_label2label --srcsubject fsaverage --srclabel /out/sourcedata/freesurfer/fsaverage/label/lh.BA4p_exvivo.label --trgsubject sub-v2s9x29158_ses-1 --trglabel ./lh.BA4p_exvivo.label --hemi lh --regmethod surface 


srclabel = /out/sourcedata/freesurfer/fsaverage/label/lh.BA4p_exvivo.label
srcsubject = fsaverage
trgsubject = sub-v2s9x29158_ses-1
trglabel = ./lh.BA4p_exvivo.label
regmethod = surface

srchemi = lh
trghemi = lh
trgsurface = white
srcsurfreg = sphere.reg
trgsurfreg = sphere.reg
usehash = 1
Use ProjAbs  = 0, 0
Use ProjFrac = 0, 0
DoPaint 0

SUBJECTS_DIR    /out/sourcedata/freesurfer
FREESURFER_HOME /opt/freesurfer
Loading source label.
Found 4070 points in source label.
Starting surface-based mapping
Reading source registration 
 /out/sourcedata/freesurfer/fsaverage/surf/lh.sphere.reg
Rescaling ...  original radius = 100
Reading target surface 
 /out/sourcedata/freesurfer/sub-v2s9x29158_ses-1/surf/lh.white
Reading target registration 
 /out/sourcedata/freesurfer/sub-v2s9x29158_ses-1/surf/lh.sphere.reg
Rescaling ...  original radius = 100
Building target registration hash (res=16).
Building source registration hash (res=16).
INFO: found  4070 nlabel points
Performing mapping from target back to the source label 137686
Number of reverse mapping hits = 119
Checking for and removing duplicates
Writing label file ./lh.BA4p_exvivo.label 4189
mri_label2label: Done


 mri_label2label --srcsubject fsaverage --srclabel /out/sourcedata/freesurfer/fsaverage/label/lh.BA6_exvivo.label --trgsubject sub-v2s9x29158_ses-1 --trglabel ./lh.BA6_exvivo.label --hemi lh --regmethod surface 


srclabel = /out/sourcedata/freesurfer/fsaverage/label/lh.BA6_exvivo.label
srcsubject = fsaverage
trgsubject = sub-v2s9x29158_ses-1
trglabel = ./lh.BA6_exvivo.label
regmethod = surface

srchemi = lh
trghemi = lh
trgsurface = white
srcsurfreg = sphere.reg
trgsurfreg = sphere.reg
usehash = 1
Use ProjAbs  = 0, 0
Use ProjFrac = 0, 0
DoPaint 0

SUBJECTS_DIR    /out/sourcedata/freesurfer
FREESURFER_HOME /opt/freesurfer
Loading source label.
Found 13589 points in source label.
Starting surface-based mapping
Reading source registration 
 /out/sourcedata/freesurfer/fsaverage/surf/lh.sphere.reg
Rescaling ...  original radius = 100
Reading target surface 
 /out/sourcedata/freesurfer/sub-v2s9x29158_ses-1/surf/lh.white
Reading target registration 
 /out/sourcedata/freesurfer/sub-v2s9x29158_ses-1/surf/lh.sphere.reg
Rescaling ...  original radius = 100
Building target registration hash (res=16).
Building source registration hash (res=16).
INFO: found  13589 nlabel points
Performing mapping from target back to the source label 137686
Number of reverse mapping hits = 726
Checking for and removing duplicates
Writing label file ./lh.BA6_exvivo.label 14315
mri_label2label: Done


 mri_label2label --srcsubject fsaverage --srclabel /out/sourcedata/freesurfer/fsaverage/label/lh.BA44_exvivo.label --trgsubject sub-v2s9x29158_ses-1 --trglabel ./lh.BA44_exvivo.label --hemi lh --regmethod surface 


srclabel = /out/sourcedata/freesurfer/fsaverage/label/lh.BA44_exvivo.label
srcsubject = fsaverage
trgsubject = sub-v2s9x29158_ses-1
trglabel = ./lh.BA44_exvivo.label
regmethod = surface

srchemi = lh
trghemi = lh
trgsurface = white
srcsurfreg = sphere.reg
trgsurfreg = sphere.reg
usehash = 1
Use ProjAbs  = 0, 0
Use ProjFrac = 0, 0
DoPaint 0

SUBJECTS_DIR    /out/sourcedata/freesurfer
FREESURFER_HOME /opt/freesurfer
Loading source label.
Found 4181 points in source label.
Starting surface-based mapping
Reading source registration 
 /out/sourcedata/freesurfer/fsaverage/surf/lh.sphere.reg
Rescaling ...  original radius = 100
Reading target surface 
 /out/sourcedata/freesurfer/sub-v2s9x29158_ses-1/surf/lh.white
Reading target registration 
 /out/sourcedata/freesurfer/sub-v2s9x29158_ses-1/surf/lh.sphere.reg
Rescaling ...  original radius = 100
Building target registration hash (res=16).
Building source registration hash (res=16).
INFO: found  4181 nlabel points
Performing mapping from target back to the source label 137686
Number of reverse mapping hits = 476
Checking for and removing duplicates
Writing label file ./lh.BA44_exvivo.label 4657
mri_label2label: Done


 mri_label2label --srcsubject fsaverage --srclabel /out/sourcedata/freesurfer/fsaverage/label/lh.BA45_exvivo.label --trgsubject sub-v2s9x29158_ses-1 --trglabel ./lh.BA45_exvivo.label --hemi lh --regmethod surface 


srclabel = /out/sourcedata/freesurfer/fsaverage/label/lh.BA45_exvivo.label
srcsubject = fsaverage
trgsubject = sub-v2s9x29158_ses-1
trglabel = ./lh.BA45_exvivo.label
regmethod = surface

srchemi = lh
trghemi = lh
trgsurface = white
srcsurfreg = sphere.reg
trgsurfreg = sphere.reg
usehash = 1
Use ProjAbs  = 0, 0
Use ProjFrac = 0, 0
DoPaint 0

SUBJECTS_DIR    /out/sourcedata/freesurfer
FREESURFER_HOME /opt/freesurfer
Loading source label.
Found 3422 points in source label.
Starting surface-based mapping
Reading source registration 
 /out/sourcedata/freesurfer/fsaverage/surf/lh.sphere.reg
Rescaling ...  original radius = 100
Reading target surface 
 /out/sourcedata/freesurfer/sub-v2s9x29158_ses-1/surf/lh.white
Reading target registration 
 /out/sourcedata/freesurfer/sub-v2s9x29158_ses-1/surf/lh.sphere.reg
Rescaling ...  original radius = 100
Building target registration hash (res=16).
Building source registration hash (res=16).
INFO: found  3422 nlabel points
Performing mapping from target back to the source label 137686
Number of reverse mapping hits = 860
Checking for and removing duplicates
Writing label file ./lh.BA45_exvivo.label 4282
mri_label2label: Done


 mri_label2label --srcsubject fsaverage --srclabel /out/sourcedata/freesurfer/fsaverage/label/lh.V1_exvivo.label --trgsubject sub-v2s9x29158_ses-1 --trglabel ./lh.V1_exvivo.label --hemi lh --regmethod surface 


srclabel = /out/sourcedata/freesurfer/fsaverage/label/lh.V1_exvivo.label
srcsubject = fsaverage
trgsubject = sub-v2s9x29158_ses-1
trglabel = ./lh.V1_exvivo.label
regmethod = surface

srchemi = lh
trghemi = lh
trgsurface = white
srcsurfreg = sphere.reg
trgsurfreg = sphere.reg
usehash = 1
Use ProjAbs  = 0, 0
Use ProjFrac = 0, 0
DoPaint 0

SUBJECTS_DIR    /out/sourcedata/freesurfer
FREESURFER_HOME /opt/freesurfer
Loading source label.
Found 4641 points in source label.
Starting surface-based mapping
Reading source registration 
 /out/sourcedata/freesurfer/fsaverage/surf/lh.sphere.reg
Rescaling ...  original radius = 100
Reading target surface 
 /out/sourcedata/freesurfer/sub-v2s9x29158_ses-1/surf/lh.white
Reading target registration 
 /out/sourcedata/freesurfer/sub-v2s9x29158_ses-1/surf/lh.sphere.reg
Rescaling ...  original radius = 100
Building target registration hash (res=16).
Building source registration hash (res=16).
INFO: found  4641 nlabel points
Performing mapping from target back to the source label 137686
Number of reverse mapping hits = 745
Checking for and removing duplicates
Writing label file ./lh.V1_exvivo.label 5386
mri_label2label: Done


 mri_label2label --srcsubject fsaverage --srclabel /out/sourcedata/freesurfer/fsaverage/label/lh.V2_exvivo.label --trgsubject sub-v2s9x29158_ses-1 --trglabel ./lh.V2_exvivo.label --hemi lh --regmethod surface 


srclabel = /out/sourcedata/freesurfer/fsaverage/label/lh.V2_exvivo.label
srcsubject = fsaverage
trgsubject = sub-v2s9x29158_ses-1
trglabel = ./lh.V2_exvivo.label
regmethod = surface

srchemi = lh
trghemi = lh
trgsurface = white
srcsurfreg = sphere.reg
trgsurfreg = sphere.reg
usehash = 1
Use ProjAbs  = 0, 0
Use ProjFrac = 0, 0
DoPaint 0

SUBJECTS_DIR    /out/sourcedata/freesurfer
FREESURFER_HOME /opt/freesurfer
Loading source label.
Found 8114 points in source label.
Starting surface-based mapping
Reading source registration 
 /out/sourcedata/freesurfer/fsaverage/surf/lh.sphere.reg
Rescaling ...  original radius = 100
Reading target surface 
 /out/sourcedata/freesurfer/sub-v2s9x29158_ses-1/surf/lh.white
Reading target registration 
 /out/sourcedata/freesurfer/sub-v2s9x29158_ses-1/surf/lh.sphere.reg
Rescaling ...  original radius = 100
Building target registration hash (res=16).
Building source registration hash (res=16).
INFO: found  8114 nlabel points
Performing mapping from target back to the source label 137686
Number of reverse mapping hits = 1780
Checking for and removing duplicates
Writing label file ./lh.V2_exvivo.label 9894
mri_label2label: Done


 mri_label2label --srcsubject fsaverage --srclabel /out/sourcedata/freesurfer/fsaverage/label/lh.MT_exvivo.label --trgsubject sub-v2s9x29158_ses-1 --trglabel ./lh.MT_exvivo.label --hemi lh --regmethod surface 


srclabel = /out/sourcedata/freesurfer/fsaverage/label/lh.MT_exvivo.label
srcsubject = fsaverage
trgsubject = sub-v2s9x29158_ses-1
trglabel = ./lh.MT_exvivo.label
regmethod = surface

srchemi = lh
trghemi = lh
trgsurface = white
srcsurfreg = sphere.reg
trgsurfreg = sphere.reg
usehash = 1
Use ProjAbs  = 0, 0
Use ProjFrac = 0, 0
DoPaint 0

SUBJECTS_DIR    /out/sourcedata/freesurfer
FREESURFER_HOME /opt/freesurfer
Loading source label.
Found 2018 points in source label.
Starting surface-based mapping
Reading source registration 
 /out/sourcedata/freesurfer/fsaverage/surf/lh.sphere.reg
Rescaling ...  original radius = 100
Reading target surface 
 /out/sourcedata/freesurfer/sub-v2s9x29158_ses-1/surf/lh.white
Reading target registration 
 /out/sourcedata/freesurfer/sub-v2s9x29158_ses-1/surf/lh.sphere.reg
Rescaling ...  original radius = 100
Building target registration hash (res=16).
Building source registration hash (res=16).
INFO: found  2018 nlabel points
Performing mapping from target back to the source label 137686
Number of reverse mapping hits = 488
Checking for and removing duplicates
Writing label file ./lh.MT_exvivo.label 2506
mri_label2label: Done


 mri_label2label --srcsubject fsaverage --srclabel /out/sourcedata/freesurfer/fsaverage/label/lh.entorhinal_exvivo.label --trgsubject sub-v2s9x29158_ses-1 --trglabel ./lh.entorhinal_exvivo.label --hemi lh --regmethod surface 


srclabel = /out/sourcedata/freesurfer/fsaverage/label/lh.entorhinal_exvivo.label
srcsubject = fsaverage
trgsubject = sub-v2s9x29158_ses-1
trglabel = ./lh.entorhinal_exvivo.label
regmethod = surface

srchemi = lh
trghemi = lh
trgsurface = white
srcsurfreg = sphere.reg
trgsurfreg = sphere.reg
usehash = 1
Use ProjAbs  = 0, 0
Use ProjFrac = 0, 0
DoPaint 0

SUBJECTS_DIR    /out/sourcedata/freesurfer
FREESURFER_HOME /opt/freesurfer
Loading source label.
Found 1290 points in source label.
Starting surface-based mapping
Reading source registration 
 /out/sourcedata/freesurfer/fsaverage/surf/lh.sphere.reg
Rescaling ...  original radius = 100
Reading target surface 
 /out/sourcedata/freesurfer/sub-v2s9x29158_ses-1/surf/lh.white
Reading target registration 
 /out/sourcedata/freesurfer/sub-v2s9x29158_ses-1/surf/lh.sphere.reg
Rescaling ...  original radius = 100
Building target registration hash (res=16).
Building source registration hash (res=16).
INFO: found  1290 nlabel points
Performing mapping from target back to the source label 137686
Number of reverse mapping hits = 63
Checking for and removing duplicates
Writing label file ./lh.entorhinal_exvivo.label 1353
mri_label2label: Done


 mri_label2label --srcsubject fsaverage --srclabel /out/sourcedata/freesurfer/fsaverage/label/lh.perirhinal_exvivo.label --trgsubject sub-v2s9x29158_ses-1 --trglabel ./lh.perirhinal_exvivo.label --hemi lh --regmethod surface 


srclabel = /out/sourcedata/freesurfer/fsaverage/label/lh.perirhinal_exvivo.label
srcsubject = fsaverage
trgsubject = sub-v2s9x29158_ses-1
trglabel = ./lh.perirhinal_exvivo.label
regmethod = surface

srchemi = lh
trghemi = lh
trgsurface = white
srcsurfreg = sphere.reg
trgsurfreg = sphere.reg
usehash = 1
Use ProjAbs  = 0, 0
Use ProjFrac = 0, 0
DoPaint 0

SUBJECTS_DIR    /out/sourcedata/freesurfer
FREESURFER_HOME /opt/freesurfer
Loading source label.
Found 1199 points in source label.
Starting surface-based mapping
Reading source registration 
 /out/sourcedata/freesurfer/fsaverage/surf/lh.sphere.reg
Rescaling ...  original radius = 100
Reading target surface 
 /out/sourcedata/freesurfer/sub-v2s9x29158_ses-1/surf/lh.white
Reading target registration 
 /out/sourcedata/freesurfer/sub-v2s9x29158_ses-1/surf/lh.sphere.reg
Rescaling ...  original radius = 100
Building target registration hash (res=16).
Building source registration hash (res=16).
INFO: found  1199 nlabel points
Performing mapping from target back to the source label 137686
Number of reverse mapping hits = 58
Checking for and removing duplicates
Writing label file ./lh.perirhinal_exvivo.label 1257
mri_label2label: Done


 mri_label2label --srcsubject fsaverage --srclabel /out/sourcedata/freesurfer/fsaverage/label/lh.FG1.mpm.vpnl.label --trgsubject sub-v2s9x29158_ses-1 --trglabel ./lh.FG1.mpm.vpnl.label --hemi lh --regmethod surface 


srclabel = /out/sourcedata/freesurfer/fsaverage/label/lh.FG1.mpm.vpnl.label
srcsubject = fsaverage
trgsubject = sub-v2s9x29158_ses-1
trglabel = ./lh.FG1.mpm.vpnl.label
regmethod = surface

srchemi = lh
trghemi = lh
trgsurface = white
srcsurfreg = sphere.reg
trgsurfreg = sphere.reg
usehash = 1
Use ProjAbs  = 0, 0
Use ProjFrac = 0, 0
DoPaint 0

SUBJECTS_DIR    /out/sourcedata/freesurfer
FREESURFER_HOME /opt/freesurfer
Loading source label.
Found 414 points in source label.
Starting surface-based mapping
Reading source registration 
 /out/sourcedata/freesurfer/fsaverage/surf/lh.sphere.reg
Rescaling ...  original radius = 100
Reading target surface 
 /out/sourcedata/freesurfer/sub-v2s9x29158_ses-1/surf/lh.white
Reading target registration 
 /out/sourcedata/freesurfer/sub-v2s9x29158_ses-1/surf/lh.sphere.reg
Rescaling ...  original radius = 100
Building target registration hash (res=16).
Building source registration hash (res=16).
INFO: found  414 nlabel points
Performing mapping from target back to the source label 137686
Number of reverse mapping hits = 29
Checking for and removing duplicates
Writing label file ./lh.FG1.mpm.vpnl.label 443
mri_label2label: Done


 mri_label2label --srcsubject fsaverage --srclabel /out/sourcedata/freesurfer/fsaverage/label/lh.FG2.mpm.vpnl.label --trgsubject sub-v2s9x29158_ses-1 --trglabel ./lh.FG2.mpm.vpnl.label --hemi lh --regmethod surface 


srclabel = /out/sourcedata/freesurfer/fsaverage/label/lh.FG2.mpm.vpnl.label
srcsubject = fsaverage
trgsubject = sub-v2s9x29158_ses-1
trglabel = ./lh.FG2.mpm.vpnl.label
regmethod = surface

srchemi = lh
trghemi = lh
trgsurface = white
srcsurfreg = sphere.reg
trgsurfreg = sphere.reg
usehash = 1
Use ProjAbs  = 0, 0
Use ProjFrac = 0, 0
DoPaint 0

SUBJECTS_DIR    /out/sourcedata/freesurfer
FREESURFER_HOME /opt/freesurfer
Loading source label.
Found 703 points in source label.
Starting surface-based mapping
Reading source registration 
 /out/sourcedata/freesurfer/fsaverage/surf/lh.sphere.reg
Rescaling ...  original radius = 100
Reading target surface 
 /out/sourcedata/freesurfer/sub-v2s9x29158_ses-1/surf/lh.white
Reading target registration 
 /out/sourcedata/freesurfer/sub-v2s9x29158_ses-1/surf/lh.sphere.reg
Rescaling ...  original radius = 100
Building target registration hash (res=16).
Building source registration hash (res=16).
INFO: found  703 nlabel points
Performing mapping from target back to the source label 137686
Number of reverse mapping hits = 74
Checking for and removing duplicates
Writing label file ./lh.FG2.mpm.vpnl.label 777
mri_label2label: Done


 mri_label2label --srcsubject fsaverage --srclabel /out/sourcedata/freesurfer/fsaverage/label/lh.FG3.mpm.vpnl.label --trgsubject sub-v2s9x29158_ses-1 --trglabel ./lh.FG3.mpm.vpnl.label --hemi lh --regmethod surface 


srclabel = /out/sourcedata/freesurfer/fsaverage/label/lh.FG3.mpm.vpnl.label
srcsubject = fsaverage
trgsubject = sub-v2s9x29158_ses-1
trglabel = ./lh.FG3.mpm.vpnl.label
regmethod = surface

srchemi = lh
trghemi = lh
trgsurface = white
srcsurfreg = sphere.reg
trgsurfreg = sphere.reg
usehash = 1
Use ProjAbs  = 0, 0
Use ProjFrac = 0, 0
DoPaint 0

SUBJECTS_DIR    /out/sourcedata/freesurfer
FREESURFER_HOME /opt/freesurfer
Loading source label.
Found 1873 points in source label.
Starting surface-based mapping
Reading source registration 
 /out/sourcedata/freesurfer/fsaverage/surf/lh.sphere.reg
Rescaling ...  original radius = 100
Reading target surface 
 /out/sourcedata/freesurfer/sub-v2s9x29158_ses-1/surf/lh.white
Reading target registration 
 /out/sourcedata/freesurfer/sub-v2s9x29158_ses-1/surf/lh.sphere.reg
Rescaling ...  original radius = 100
Building target registration hash (res=16).
Building source registration hash (res=16).
INFO: found  1873 nlabel points
Performing mapping from target back to the source label 137686
Number of reverse mapping hits = 36
Checking for and removing duplicates
Writing label file ./lh.FG3.mpm.vpnl.label 1909
mri_label2label: Done


 mri_label2label --srcsubject fsaverage --srclabel /out/sourcedata/freesurfer/fsaverage/label/lh.FG4.mpm.vpnl.label --trgsubject sub-v2s9x29158_ses-1 --trglabel ./lh.FG4.mpm.vpnl.label --hemi lh --regmethod surface 


srclabel = /out/sourcedata/freesurfer/fsaverage/label/lh.FG4.mpm.vpnl.label
srcsubject = fsaverage
trgsubject = sub-v2s9x29158_ses-1
trglabel = ./lh.FG4.mpm.vpnl.label
regmethod = surface

srchemi = lh
trghemi = lh
trgsurface = white
srcsurfreg = sphere.reg
trgsurfreg = sphere.reg
usehash = 1
Use ProjAbs  = 0, 0
Use ProjFrac = 0, 0
DoPaint 0

SUBJECTS_DIR    /out/sourcedata/freesurfer
FREESURFER_HOME /opt/freesurfer
Loading source label.
Found 2101 points in source label.
Starting surface-based mapping
Reading source registration 
 /out/sourcedata/freesurfer/fsaverage/surf/lh.sphere.reg
Rescaling ...  original radius = 100
Reading target surface 
 /out/sourcedata/freesurfer/sub-v2s9x29158_ses-1/surf/lh.white
Reading target registration 
 /out/sourcedata/freesurfer/sub-v2s9x29158_ses-1/surf/lh.sphere.reg
Rescaling ...  original radius = 100
Building target registration hash (res=16).
Building source registration hash (res=16).
INFO: found  2101 nlabel points
Performing mapping from target back to the source label 137686
Number of reverse mapping hits = 345
Checking for and removing duplicates
Writing label file ./lh.FG4.mpm.vpnl.label 2446
mri_label2label: Done


 mri_label2label --srcsubject fsaverage --srclabel /out/sourcedata/freesurfer/fsaverage/label/lh.hOc1.mpm.vpnl.label --trgsubject sub-v2s9x29158_ses-1 --trglabel ./lh.hOc1.mpm.vpnl.label --hemi lh --regmethod surface 


srclabel = /out/sourcedata/freesurfer/fsaverage/label/lh.hOc1.mpm.vpnl.label
srcsubject = fsaverage
trgsubject = sub-v2s9x29158_ses-1
trglabel = ./lh.hOc1.mpm.vpnl.label
regmethod = surface

srchemi = lh
trghemi = lh
trgsurface = white
srcsurfreg = sphere.reg
trgsurfreg = sphere.reg
usehash = 1
Use ProjAbs  = 0, 0
Use ProjFrac = 0, 0
DoPaint 0

SUBJECTS_DIR    /out/sourcedata/freesurfer
FREESURFER_HOME /opt/freesurfer
Loading source label.
Found 3877 points in source label.
Starting surface-based mapping
Reading source registration 
 /out/sourcedata/freesurfer/fsaverage/surf/lh.sphere.reg
Rescaling ...  original radius = 100
Reading target surface 
 /out/sourcedata/freesurfer/sub-v2s9x29158_ses-1/surf/lh.white
Reading target registration 
 /out/sourcedata/freesurfer/sub-v2s9x29158_ses-1/surf/lh.sphere.reg
Rescaling ...  original radius = 100
Building target registration hash (res=16).
Building source registration hash (res=16).
INFO: found  3877 nlabel points
Performing mapping from target back to the source label 137686
Number of reverse mapping hits = 574
Checking for and removing duplicates
Writing label file ./lh.hOc1.mpm.vpnl.label 4451
mri_label2label: Done


 mri_label2label --srcsubject fsaverage --srclabel /out/sourcedata/freesurfer/fsaverage/label/lh.hOc2.mpm.vpnl.label --trgsubject sub-v2s9x29158_ses-1 --trglabel ./lh.hOc2.mpm.vpnl.label --hemi lh --regmethod surface 


srclabel = /out/sourcedata/freesurfer/fsaverage/label/lh.hOc2.mpm.vpnl.label
srcsubject = fsaverage
trgsubject = sub-v2s9x29158_ses-1
trglabel = ./lh.hOc2.mpm.vpnl.label
regmethod = surface

srchemi = lh
trghemi = lh
trgsurface = white
srcsurfreg = sphere.reg
trgsurfreg = sphere.reg
usehash = 1
Use ProjAbs  = 0, 0
Use ProjFrac = 0, 0
DoPaint 0

SUBJECTS_DIR    /out/sourcedata/freesurfer
FREESURFER_HOME /opt/freesurfer
Loading source label.
Found 2919 points in source label.
Starting surface-based mapping
Reading source registration 
 /out/sourcedata/freesurfer/fsaverage/surf/lh.sphere.reg
Rescaling ...  original radius = 100
Reading target surface 
 /out/sourcedata/freesurfer/sub-v2s9x29158_ses-1/surf/lh.white
Reading target registration 
 /out/sourcedata/freesurfer/sub-v2s9x29158_ses-1/surf/lh.sphere.reg
Rescaling ...  original radius = 100
Building target registration hash (res=16).
Building source registration hash (res=16).
INFO: found  2919 nlabel points
Performing mapping from target back to the source label 137686
Number of reverse mapping hits = 829
Checking for and removing duplicates
Writing label file ./lh.hOc2.mpm.vpnl.label 3748
mri_label2label: Done


 mri_label2label --srcsubject fsaverage --srclabel /out/sourcedata/freesurfer/fsaverage/label/lh.hOc3v.mpm.vpnl.label --trgsubject sub-v2s9x29158_ses-1 --trglabel ./lh.hOc3v.mpm.vpnl.label --hemi lh --regmethod surface 


srclabel = /out/sourcedata/freesurfer/fsaverage/label/lh.hOc3v.mpm.vpnl.label
srcsubject = fsaverage
trgsubject = sub-v2s9x29158_ses-1
trglabel = ./lh.hOc3v.mpm.vpnl.label
regmethod = surface

srchemi = lh
trghemi = lh
trgsurface = white
srcsurfreg = sphere.reg
trgsurfreg = sphere.reg
usehash = 1
Use ProjAbs  = 0, 0
Use ProjFrac = 0, 0
DoPaint 0

SUBJECTS_DIR    /out/sourcedata/freesurfer
FREESURFER_HOME /opt/freesurfer
Loading source label.
Found 1286 points in source label.
Starting surface-based mapping
Reading source registration 
 /out/sourcedata/freesurfer/fsaverage/surf/lh.sphere.reg
Rescaling ...  original radius = 100
Reading target surface 
 /out/sourcedata/freesurfer/sub-v2s9x29158_ses-1/surf/lh.white
Reading target registration 
 /out/sourcedata/freesurfer/sub-v2s9x29158_ses-1/surf/lh.sphere.reg
Rescaling ...  original radius = 100
Building target registration hash (res=16).
Building source registration hash (res=16).
INFO: found  1286 nlabel points
Performing mapping from target back to the source label 137686
Number of reverse mapping hits = 235
Checking for and removing duplicates
Writing label file ./lh.hOc3v.mpm.vpnl.label 1521
mri_label2label: Done


 mri_label2label --srcsubject fsaverage --srclabel /out/sourcedata/freesurfer/fsaverage/label/lh.hOc4v.mpm.vpnl.label --trgsubject sub-v2s9x29158_ses-1 --trglabel ./lh.hOc4v.mpm.vpnl.label --hemi lh --regmethod surface 


srclabel = /out/sourcedata/freesurfer/fsaverage/label/lh.hOc4v.mpm.vpnl.label
srcsubject = fsaverage
trgsubject = sub-v2s9x29158_ses-1
trglabel = ./lh.hOc4v.mpm.vpnl.label
regmethod = surface

srchemi = lh
trghemi = lh
trgsurface = white
srcsurfreg = sphere.reg
trgsurfreg = sphere.reg
usehash = 1
Use ProjAbs  = 0, 0
Use ProjFrac = 0, 0
DoPaint 0

SUBJECTS_DIR    /out/sourcedata/freesurfer
FREESURFER_HOME /opt/freesurfer
Loading source label.
Found 1006 points in source label.
Starting surface-based mapping
Reading source registration 
 /out/sourcedata/freesurfer/fsaverage/surf/lh.sphere.reg
Rescaling ...  original radius = 100
Reading target surface 
 /out/sourcedata/freesurfer/sub-v2s9x29158_ses-1/surf/lh.white
Reading target registration 
 /out/sourcedata/freesurfer/sub-v2s9x29158_ses-1/surf/lh.sphere.reg
Rescaling ...  original radius = 100
Building target registration hash (res=16).
Building source registration hash (res=16).
INFO: found  1006 nlabel points
Performing mapping from target back to the source label 137686
Number of reverse mapping hits = 124
Checking for and removing duplicates
Writing label file ./lh.hOc4v.mpm.vpnl.label 1130
mri_label2label: Done


 mris_label2annot --s sub-v2s9x29158_ses-1 --ctab /opt/freesurfer/average/colortable_vpnl.txt --hemi lh --a mpm.vpnl --maxstatwinner --noverbose --l lh.FG1.mpm.vpnl.label --l lh.FG2.mpm.vpnl.label --l lh.FG3.mpm.vpnl.label --l lh.FG4.mpm.vpnl.label --l lh.hOc1.mpm.vpnl.label --l lh.hOc2.mpm.vpnl.label --l lh.hOc3v.mpm.vpnl.label --l lh.hOc4v.mpm.vpnl.label 

Reading ctab /opt/freesurfer/average/colortable_vpnl.txt
Number of ctab entries 9

7.3.2
cwd /out/sourcedata/freesurfer/sub-v2s9x29158_ses-1/label
cmdline mris_label2annot --s sub-v2s9x29158_ses-1 --ctab /opt/freesurfer/average/colortable_vpnl.txt --hemi lh --a mpm.vpnl --maxstatwinner --noverbose --l lh.FG1.mpm.vpnl.label --l lh.FG2.mpm.vpnl.label --l lh.FG3.mpm.vpnl.label --l lh.FG4.mpm.vpnl.label --l lh.hOc1.mpm.vpnl.label --l lh.hOc2.mpm.vpnl.label --l lh.hOc3v.mpm.vpnl.label --l lh.hOc4v.mpm.vpnl.label 
sysname  Linux
hostname dna072
machine  x86_64
user     oesteban

subject sub-v2s9x29158_ses-1
hemi    lh
SUBJECTS_DIR /out/sourcedata/freesurfer
ColorTable /opt/freesurfer/average/colortable_vpnl.txt
AnnotName  mpm.vpnl
nlables 8
LabelThresh 0 0.000000
Loading /out/sourcedata/freesurfer/sub-v2s9x29158_ses-1/surf/lh.orig
 1 1376057 FG1
 2 16711935 FG2
 3 16711680 FG3
 4 1705837 FG4
 5 25600 hOc1
 6 255 hOc2
 7 16776960 hOc3v
 8 65535 hOc4v
Mapping unhit to unknown
Found 123816 unhit vertices
Writing annot to /out/sourcedata/freesurfer/sub-v2s9x29158_ses-1/label/lh.mpm.vpnl.annot

 mri_label2label --srcsubject fsaverage --srclabel /out/sourcedata/freesurfer/fsaverage/label/lh.BA1_exvivo.thresh.label --trgsubject sub-v2s9x29158_ses-1 --trglabel ./lh.BA1_exvivo.thresh.label --hemi lh --regmethod surface 


srclabel = /out/sourcedata/freesurfer/fsaverage/label/lh.BA1_exvivo.thresh.label
srcsubject = fsaverage
trgsubject = sub-v2s9x29158_ses-1
trglabel = ./lh.BA1_exvivo.thresh.label
regmethod = surface

srchemi = lh
trghemi = lh
trgsurface = white
srcsurfreg = sphere.reg
trgsurfreg = sphere.reg
usehash = 1
Use ProjAbs  = 0, 0
Use ProjFrac = 0, 0
DoPaint 0

SUBJECTS_DIR    /out/sourcedata/freesurfer
FREESURFER_HOME /opt/freesurfer
Loading source label.
Found 1014 points in source label.
Starting surface-based mapping
Reading source registration 
 /out/sourcedata/freesurfer/fsaverage/surf/lh.sphere.reg
Rescaling ...  original radius = 100
Reading target surface 
 /out/sourcedata/freesurfer/sub-v2s9x29158_ses-1/surf/lh.white
Reading target registration 
 /out/sourcedata/freesurfer/sub-v2s9x29158_ses-1/surf/lh.sphere.reg
Rescaling ...  original radius = 100
Building target registration hash (res=16).
Building source registration hash (res=16).
INFO: found  1014 nlabel points
Performing mapping from target back to the source label 137686
Number of reverse mapping hits = 51
Checking for and removing duplicates
Writing label file ./lh.BA1_exvivo.thresh.label 1065
mri_label2label: Done


 mri_label2label --srcsubject fsaverage --srclabel /out/sourcedata/freesurfer/fsaverage/label/lh.BA2_exvivo.thresh.label --trgsubject sub-v2s9x29158_ses-1 --trglabel ./lh.BA2_exvivo.thresh.label --hemi lh --regmethod surface 


srclabel = /out/sourcedata/freesurfer/fsaverage/label/lh.BA2_exvivo.thresh.label
srcsubject = fsaverage
trgsubject = sub-v2s9x29158_ses-1
trglabel = ./lh.BA2_exvivo.thresh.label
regmethod = surface

srchemi = lh
trghemi = lh
trgsurface = white
srcsurfreg = sphere.reg
trgsurfreg = sphere.reg
usehash = 1
Use ProjAbs  = 0, 0
Use ProjFrac = 0, 0
DoPaint 0

SUBJECTS_DIR    /out/sourcedata/freesurfer
FREESURFER_HOME /opt/freesurfer
Loading source label.
Found 2092 points in source label.
Starting surface-based mapping
Reading source registration 
 /out/sourcedata/freesurfer/fsaverage/surf/lh.sphere.reg
Rescaling ...  original radius = 100
Reading target surface 
 /out/sourcedata/freesurfer/sub-v2s9x29158_ses-1/surf/lh.white
Reading target registration 
 /out/sourcedata/freesurfer/sub-v2s9x29158_ses-1/surf/lh.sphere.reg
Rescaling ...  original radius = 100
Building target registration hash (res=16).
Building source registration hash (res=16).
INFO: found  2092 nlabel points
Performing mapping from target back to the source label 137686
Number of reverse mapping hits = 227
Checking for and removing duplicates
Writing label file ./lh.BA2_exvivo.thresh.label 2319
mri_label2label: Done


 mri_label2label --srcsubject fsaverage --srclabel /out/sourcedata/freesurfer/fsaverage/label/lh.BA3a_exvivo.thresh.label --trgsubject sub-v2s9x29158_ses-1 --trglabel ./lh.BA3a_exvivo.thresh.label --hemi lh --regmethod surface 


srclabel = /out/sourcedata/freesurfer/fsaverage/label/lh.BA3a_exvivo.thresh.label
srcsubject = fsaverage
trgsubject = sub-v2s9x29158_ses-1
trglabel = ./lh.BA3a_exvivo.thresh.label
regmethod = surface

srchemi = lh
trghemi = lh
trgsurface = white
srcsurfreg = sphere.reg
trgsurfreg = sphere.reg
usehash = 1
Use ProjAbs  = 0, 0
Use ProjFrac = 0, 0
DoPaint 0

SUBJECTS_DIR    /out/sourcedata/freesurfer
FREESURFER_HOME /opt/freesurfer
Loading source label.
Found 1504 points in source label.
Starting surface-based mapping
Reading source registration 
 /out/sourcedata/freesurfer/fsaverage/surf/lh.sphere.reg
Rescaling ...  original radius = 100
Reading target surface 
 /out/sourcedata/freesurfer/sub-v2s9x29158_ses-1/surf/lh.white
Reading target registration 
 /out/sourcedata/freesurfer/sub-v2s9x29158_ses-1/surf/lh.sphere.reg
Rescaling ...  original radius = 100
Building target registration hash (res=16).
Building source registration hash (res=16).
INFO: found  1504 nlabel points
Performing mapping from target back to the source label 137686
Number of reverse mapping hits = 12
Checking for and removing duplicates
Writing label file ./lh.BA3a_exvivo.thresh.label 1516
mri_label2label: Done


 mri_label2label --srcsubject fsaverage --srclabel /out/sourcedata/freesurfer/fsaverage/label/lh.BA3b_exvivo.thresh.label --trgsubject sub-v2s9x29158_ses-1 --trglabel ./lh.BA3b_exvivo.thresh.label --hemi lh --regmethod surface 


srclabel = /out/sourcedata/freesurfer/fsaverage/label/lh.BA3b_exvivo.thresh.label
srcsubject = fsaverage
trgsubject = sub-v2s9x29158_ses-1
trglabel = ./lh.BA3b_exvivo.thresh.label
regmethod = surface

srchemi = lh
trghemi = lh
trgsurface = white
srcsurfreg = sphere.reg
trgsurfreg = sphere.reg
usehash = 1
Use ProjAbs  = 0, 0
Use ProjFrac = 0, 0
DoPaint 0

SUBJECTS_DIR    /out/sourcedata/freesurfer
FREESURFER_HOME /opt/freesurfer
Loading source label.
Found 1996 points in source label.
Starting surface-based mapping
Reading source registration 
 /out/sourcedata/freesurfer/fsaverage/surf/lh.sphere.reg
Rescaling ...  original radius = 100
Reading target surface 
 /out/sourcedata/freesurfer/sub-v2s9x29158_ses-1/surf/lh.white
Reading target registration 
 /out/sourcedata/freesurfer/sub-v2s9x29158_ses-1/surf/lh.sphere.reg
Rescaling ...  original radius = 100
Building target registration hash (res=16).
Building source registration hash (res=16).
INFO: found  1996 nlabel points
Performing mapping from target back to the source label 137686
Number of reverse mapping hits = 84
Checking for and removing duplicates
Writing label file ./lh.BA3b_exvivo.thresh.label 2080
mri_label2label: Done


 mri_label2label --srcsubject fsaverage --srclabel /out/sourcedata/freesurfer/fsaverage/label/lh.BA4a_exvivo.thresh.label --trgsubject sub-v2s9x29158_ses-1 --trglabel ./lh.BA4a_exvivo.thresh.label --hemi lh --regmethod surface 


srclabel = /out/sourcedata/freesurfer/fsaverage/label/lh.BA4a_exvivo.thresh.label
srcsubject = fsaverage
trgsubject = sub-v2s9x29158_ses-1
trglabel = ./lh.BA4a_exvivo.thresh.label
regmethod = surface

srchemi = lh
trghemi = lh
trgsurface = white
srcsurfreg = sphere.reg
trgsurfreg = sphere.reg
usehash = 1
Use ProjAbs  = 0, 0
Use ProjFrac = 0, 0
DoPaint 0

SUBJECTS_DIR    /out/sourcedata/freesurfer
FREESURFER_HOME /opt/freesurfer
Loading source label.
Found 2319 points in source label.
Starting surface-based mapping
Reading source registration 
 /out/sourcedata/freesurfer/fsaverage/surf/lh.sphere.reg
Rescaling ...  original radius = 100
Reading target surface 
 /out/sourcedata/freesurfer/sub-v2s9x29158_ses-1/surf/lh.white
Reading target registration 
 /out/sourcedata/freesurfer/sub-v2s9x29158_ses-1/surf/lh.sphere.reg
Rescaling ...  original radius = 100
Building target registration hash (res=16).
Building source registration hash (res=16).
INFO: found  2319 nlabel points
Performing mapping from target back to the source label 137686
Number of reverse mapping hits = 244
Checking for and removing duplicates
Writing label file ./lh.BA4a_exvivo.thresh.label 2563
mri_label2label: Done


 mri_label2label --srcsubject fsaverage --srclabel /out/sourcedata/freesurfer/fsaverage/label/lh.BA4p_exvivo.thresh.label --trgsubject sub-v2s9x29158_ses-1 --trglabel ./lh.BA4p_exvivo.thresh.label --hemi lh --regmethod surface 


srclabel = /out/sourcedata/freesurfer/fsaverage/label/lh.BA4p_exvivo.thresh.label
srcsubject = fsaverage
trgsubject = sub-v2s9x29158_ses-1
trglabel = ./lh.BA4p_exvivo.thresh.label
regmethod = surface

srchemi = lh
trghemi = lh
trgsurface = white
srcsurfreg = sphere.reg
trgsurfreg = sphere.reg
usehash = 1
Use ProjAbs  = 0, 0
Use ProjFrac = 0, 0
DoPaint 0

SUBJECTS_DIR    /out/sourcedata/freesurfer
FREESURFER_HOME /opt/freesurfer
Loading source label.
Found 1549 points in source label.
Starting surface-based mapping
Reading source registration 
 /out/sourcedata/freesurfer/fsaverage/surf/lh.sphere.reg
Rescaling ...  original radius = 100
Reading target surface 
 /out/sourcedata/freesurfer/sub-v2s9x29158_ses-1/surf/lh.white
Reading target registration 
 /out/sourcedata/freesurfer/sub-v2s9x29158_ses-1/surf/lh.sphere.reg
Rescaling ...  original radius = 100
Building target registration hash (res=16).
Building source registration hash (res=16).
INFO: found  1549 nlabel points
Performing mapping from target back to the source label 137686
Number of reverse mapping hits = 12
Checking for and removing duplicates
Writing label file ./lh.BA4p_exvivo.thresh.label 1561
mri_label2label: Done


 mri_label2label --srcsubject fsaverage --srclabel /out/sourcedata/freesurfer/fsaverage/label/lh.BA6_exvivo.thresh.label --trgsubject sub-v2s9x29158_ses-1 --trglabel ./lh.BA6_exvivo.thresh.label --hemi lh --regmethod surface 


srclabel = /out/sourcedata/freesurfer/fsaverage/label/lh.BA6_exvivo.thresh.label
srcsubject = fsaverage
trgsubject = sub-v2s9x29158_ses-1
trglabel = ./lh.BA6_exvivo.thresh.label
regmethod = surface

srchemi = lh
trghemi = lh
trgsurface = white
srcsurfreg = sphere.reg
trgsurfreg = sphere.reg
usehash = 1
Use ProjAbs  = 0, 0
Use ProjFrac = 0, 0
DoPaint 0

SUBJECTS_DIR    /out/sourcedata/freesurfer
FREESURFER_HOME /opt/freesurfer
Loading source label.
Found 7035 points in source label.
Starting surface-based mapping
Reading source registration 
 /out/sourcedata/freesurfer/fsaverage/surf/lh.sphere.reg
Rescaling ...  original radius = 100
Reading target surface 
 /out/sourcedata/freesurfer/sub-v2s9x29158_ses-1/surf/lh.white
Reading target registration 
 /out/sourcedata/freesurfer/sub-v2s9x29158_ses-1/surf/lh.sphere.reg
Rescaling ...  original radius = 100
Building target registration hash (res=16).
Building source registration hash (res=16).
INFO: found  7035 nlabel points
Performing mapping from target back to the source label 137686
Number of reverse mapping hits = 277
Checking for and removing duplicates
Writing label file ./lh.BA6_exvivo.thresh.label 7312
mri_label2label: Done


 mri_label2label --srcsubject fsaverage --srclabel /out/sourcedata/freesurfer/fsaverage/label/lh.BA44_exvivo.thresh.label --trgsubject sub-v2s9x29158_ses-1 --trglabel ./lh.BA44_exvivo.thresh.label --hemi lh --regmethod surface 


srclabel = /out/sourcedata/freesurfer/fsaverage/label/lh.BA44_exvivo.thresh.label
srcsubject = fsaverage
trgsubject = sub-v2s9x29158_ses-1
trglabel = ./lh.BA44_exvivo.thresh.label
regmethod = surface

srchemi = lh
trghemi = lh
trgsurface = white
srcsurfreg = sphere.reg
trgsurfreg = sphere.reg
usehash = 1
Use ProjAbs  = 0, 0
Use ProjFrac = 0, 0
DoPaint 0

SUBJECTS_DIR    /out/sourcedata/freesurfer
FREESURFER_HOME /opt/freesurfer
Loading source label.
Found 1912 points in source label.
Starting surface-based mapping
Reading source registration 
 /out/sourcedata/freesurfer/fsaverage/surf/lh.sphere.reg
Rescaling ...  original radius = 100
Reading target surface 
 /out/sourcedata/freesurfer/sub-v2s9x29158_ses-1/surf/lh.white
Reading target registration 
 /out/sourcedata/freesurfer/sub-v2s9x29158_ses-1/surf/lh.sphere.reg
Rescaling ...  original radius = 100
Building target registration hash (res=16).
Building source registration hash (res=16).
INFO: found  1912 nlabel points
Performing mapping from target back to the source label 137686
Number of reverse mapping hits = 245
Checking for and removing duplicates
Writing label file ./lh.BA44_exvivo.thresh.label 2157
mri_label2label: Done


 mri_label2label --srcsubject fsaverage --srclabel /out/sourcedata/freesurfer/fsaverage/label/lh.BA45_exvivo.thresh.label --trgsubject sub-v2s9x29158_ses-1 --trglabel ./lh.BA45_exvivo.thresh.label --hemi lh --regmethod surface 


srclabel = /out/sourcedata/freesurfer/fsaverage/label/lh.BA45_exvivo.thresh.label
srcsubject = fsaverage
trgsubject = sub-v2s9x29158_ses-1
trglabel = ./lh.BA45_exvivo.thresh.label
regmethod = surface

srchemi = lh
trghemi = lh
trgsurface = white
srcsurfreg = sphere.reg
trgsurfreg = sphere.reg
usehash = 1
Use ProjAbs  = 0, 0
Use ProjFrac = 0, 0
DoPaint 0

SUBJECTS_DIR    /out/sourcedata/freesurfer
FREESURFER_HOME /opt/freesurfer
Loading source label.
Found 1151 points in source label.
Starting surface-based mapping
Reading source registration 
 /out/sourcedata/freesurfer/fsaverage/surf/lh.sphere.reg
Rescaling ...  original radius = 100
Reading target surface 
 /out/sourcedata/freesurfer/sub-v2s9x29158_ses-1/surf/lh.white
Reading target registration 
 /out/sourcedata/freesurfer/sub-v2s9x29158_ses-1/surf/lh.sphere.reg
Rescaling ...  original radius = 100
Building target registration hash (res=16).
Building source registration hash (res=16).
INFO: found  1151 nlabel points
Performing mapping from target back to the source label 137686
Number of reverse mapping hits = 319
Checking for and removing duplicates
Writing label file ./lh.BA45_exvivo.thresh.label 1470
mri_label2label: Done


 mri_label2label --srcsubject fsaverage --srclabel /out/sourcedata/freesurfer/fsaverage/label/lh.V1_exvivo.thresh.label --trgsubject sub-v2s9x29158_ses-1 --trglabel ./lh.V1_exvivo.thresh.label --hemi lh --regmethod surface 


srclabel = /out/sourcedata/freesurfer/fsaverage/label/lh.V1_exvivo.thresh.label
srcsubject = fsaverage
trgsubject = sub-v2s9x29158_ses-1
trglabel = ./lh.V1_exvivo.thresh.label
regmethod = surface

srchemi = lh
trghemi = lh
trgsurface = white
srcsurfreg = sphere.reg
trgsurfreg = sphere.reg
usehash = 1
Use ProjAbs  = 0, 0
Use ProjFrac = 0, 0
DoPaint 0

SUBJECTS_DIR    /out/sourcedata/freesurfer
FREESURFER_HOME /opt/freesurfer
Loading source label.
Found 3405 points in source label.
Starting surface-based mapping
Reading source registration 
 /out/sourcedata/freesurfer/fsaverage/surf/lh.sphere.reg
Rescaling ...  original radius = 100
Reading target surface 
 /out/sourcedata/freesurfer/sub-v2s9x29158_ses-1/surf/lh.white
Reading target registration 
 /out/sourcedata/freesurfer/sub-v2s9x29158_ses-1/surf/lh.sphere.reg
Rescaling ...  original radius = 100
Building target registration hash (res=16).
Building source registration hash (res=16).
INFO: found  3405 nlabel points
Performing mapping from target back to the source label 137686
Number of reverse mapping hits = 502
Checking for and removing duplicates
Writing label file ./lh.V1_exvivo.thresh.label 3907
mri_label2label: Done


 mri_label2label --srcsubject fsaverage --srclabel /out/sourcedata/freesurfer/fsaverage/label/lh.V2_exvivo.thresh.label --trgsubject sub-v2s9x29158_ses-1 --trglabel ./lh.V2_exvivo.thresh.label --hemi lh --regmethod surface 


srclabel = /out/sourcedata/freesurfer/fsaverage/label/lh.V2_exvivo.thresh.label
srcsubject = fsaverage
trgsubject = sub-v2s9x29158_ses-1
trglabel = ./lh.V2_exvivo.thresh.label
regmethod = surface

srchemi = lh
trghemi = lh
trgsurface = white
srcsurfreg = sphere.reg
trgsurfreg = sphere.reg
usehash = 1
Use ProjAbs  = 0, 0
Use ProjFrac = 0, 0
DoPaint 0

SUBJECTS_DIR    /out/sourcedata/freesurfer
FREESURFER_HOME /opt/freesurfer
Loading source label.
Found 3334 points in source label.
Starting surface-based mapping
Reading source registration 
 /out/sourcedata/freesurfer/fsaverage/surf/lh.sphere.reg
Rescaling ...  original radius = 100
Reading target surface 
 /out/sourcedata/freesurfer/sub-v2s9x29158_ses-1/surf/lh.white
Reading target registration 
 /out/sourcedata/freesurfer/sub-v2s9x29158_ses-1/surf/lh.sphere.reg
Rescaling ...  original radius = 100
Building target registration hash (res=16).
Building source registration hash (res=16).
INFO: found  3334 nlabel points
Performing mapping from target back to the source label 137686
Number of reverse mapping hits = 799
Checking for and removing duplicates
Writing label file ./lh.V2_exvivo.thresh.label 4133
mri_label2label: Done


 mri_label2label --srcsubject fsaverage --srclabel /out/sourcedata/freesurfer/fsaverage/label/lh.MT_exvivo.thresh.label --trgsubject sub-v2s9x29158_ses-1 --trglabel ./lh.MT_exvivo.thresh.label --hemi lh --regmethod surface 


srclabel = /out/sourcedata/freesurfer/fsaverage/label/lh.MT_exvivo.thresh.label
srcsubject = fsaverage
trgsubject = sub-v2s9x29158_ses-1
trglabel = ./lh.MT_exvivo.thresh.label
regmethod = surface

srchemi = lh
trghemi = lh
trgsurface = white
srcsurfreg = sphere.reg
trgsurfreg = sphere.reg
usehash = 1
Use ProjAbs  = 0, 0
Use ProjFrac = 0, 0
DoPaint 0

SUBJECTS_DIR    /out/sourcedata/freesurfer
FREESURFER_HOME /opt/freesurfer
Loading source label.
Found 513 points in source label.
Starting surface-based mapping
Reading source registration 
 /out/sourcedata/freesurfer/fsaverage/surf/lh.sphere.reg
Rescaling ...  original radius = 100
Reading target surface 
 /out/sourcedata/freesurfer/sub-v2s9x29158_ses-1/surf/lh.white
Reading target registration 
 /out/sourcedata/freesurfer/sub-v2s9x29158_ses-1/surf/lh.sphere.reg
Rescaling ...  original radius = 100
Building target registration hash (res=16).
Building source registration hash (res=16).
INFO: found  513 nlabel points
Performing mapping from target back to the source label 137686
Number of reverse mapping hits = 118
Checking for and removing duplicates
Writing label file ./lh.MT_exvivo.thresh.label 631
mri_label2label: Done


 mri_label2label --srcsubject fsaverage --srclabel /out/sourcedata/freesurfer/fsaverage/label/lh.entorhinal_exvivo.thresh.label --trgsubject sub-v2s9x29158_ses-1 --trglabel ./lh.entorhinal_exvivo.thresh.label --hemi lh --regmethod surface 


srclabel = /out/sourcedata/freesurfer/fsaverage/label/lh.entorhinal_exvivo.thresh.label
srcsubject = fsaverage
trgsubject = sub-v2s9x29158_ses-1
trglabel = ./lh.entorhinal_exvivo.thresh.label
regmethod = surface

srchemi = lh
trghemi = lh
trgsurface = white
srcsurfreg = sphere.reg
trgsurfreg = sphere.reg
usehash = 1
Use ProjAbs  = 0, 0
Use ProjFrac = 0, 0
DoPaint 0

SUBJECTS_DIR    /out/sourcedata/freesurfer
FREESURFER_HOME /opt/freesurfer
Loading source label.
Found 470 points in source label.
Starting surface-based mapping
Reading source registration 
 /out/sourcedata/freesurfer/fsaverage/surf/lh.sphere.reg
Rescaling ...  original radius = 100
Reading target surface 
 /out/sourcedata/freesurfer/sub-v2s9x29158_ses-1/surf/lh.white
Reading target registration 
 /out/sourcedata/freesurfer/sub-v2s9x29158_ses-1/surf/lh.sphere.reg
Rescaling ...  original radius = 100
Building target registration hash (res=16).
Building source registration hash (res=16).
INFO: found  470 nlabel points
Performing mapping from target back to the source label 137686
Number of reverse mapping hits = 33
Checking for and removing duplicates
Writing label file ./lh.entorhinal_exvivo.thresh.label 503
mri_label2label: Done


 mri_label2label --srcsubject fsaverage --srclabel /out/sourcedata/freesurfer/fsaverage/label/lh.perirhinal_exvivo.thresh.label --trgsubject sub-v2s9x29158_ses-1 --trglabel ./lh.perirhinal_exvivo.thresh.label --hemi lh --regmethod surface 


srclabel = /out/sourcedata/freesurfer/fsaverage/label/lh.perirhinal_exvivo.thresh.label
srcsubject = fsaverage
trgsubject = sub-v2s9x29158_ses-1
trglabel = ./lh.perirhinal_exvivo.thresh.label
regmethod = surface

srchemi = lh
trghemi = lh
trgsurface = white
srcsurfreg = sphere.reg
trgsurfreg = sphere.reg
usehash = 1
Use ProjAbs  = 0, 0
Use ProjFrac = 0, 0
DoPaint 0

SUBJECTS_DIR    /out/sourcedata/freesurfer
FREESURFER_HOME /opt/freesurfer
Loading source label.
Found 450 points in source label.
Starting surface-based mapping
Reading source registration 
 /out/sourcedata/freesurfer/fsaverage/surf/lh.sphere.reg
Rescaling ...  original radius = 100
Reading target surface 
 /out/sourcedata/freesurfer/sub-v2s9x29158_ses-1/surf/lh.white
Reading target registration 
 /out/sourcedata/freesurfer/sub-v2s9x29158_ses-1/surf/lh.sphere.reg
Rescaling ...  original radius = 100
Building target registration hash (res=16).
Building source registration hash (res=16).
INFO: found  450 nlabel points
Performing mapping from target back to the source label 137686
Number of reverse mapping hits = 21
Checking for and removing duplicates
Writing label file ./lh.perirhinal_exvivo.thresh.label 471
mri_label2label: Done


 mris_label2annot --s sub-v2s9x29158_ses-1 --hemi lh --ctab /opt/freesurfer/average/colortable_BA.txt --l lh.BA1_exvivo.label --l lh.BA2_exvivo.label --l lh.BA3a_exvivo.label --l lh.BA3b_exvivo.label --l lh.BA4a_exvivo.label --l lh.BA4p_exvivo.label --l lh.BA6_exvivo.label --l lh.BA44_exvivo.label --l lh.BA45_exvivo.label --l lh.V1_exvivo.label --l lh.V2_exvivo.label --l lh.MT_exvivo.label --l lh.perirhinal_exvivo.label --l lh.entorhinal_exvivo.label --a BA_exvivo --maxstatwinner --noverbose 

Reading ctab /opt/freesurfer/average/colortable_BA.txt
Number of ctab entries 15

7.3.2
cwd /out/sourcedata/freesurfer/sub-v2s9x29158_ses-1/label
cmdline mris_label2annot --s sub-v2s9x29158_ses-1 --hemi lh --ctab /opt/freesurfer/average/colortable_BA.txt --l lh.BA1_exvivo.label --l lh.BA2_exvivo.label --l lh.BA3a_exvivo.label --l lh.BA3b_exvivo.label --l lh.BA4a_exvivo.label --l lh.BA4p_exvivo.label --l lh.BA6_exvivo.label --l lh.BA44_exvivo.label --l lh.BA45_exvivo.label --l lh.V1_exvivo.label --l lh.V2_exvivo.label --l lh.MT_exvivo.label --l lh.perirhinal_exvivo.label --l lh.entorhinal_exvivo.label --a BA_exvivo --maxstatwinner --noverbose 
sysname  Linux
hostname dna072
machine  x86_64
user     oesteban

subject sub-v2s9x29158_ses-1
hemi    lh
SUBJECTS_DIR /out/sourcedata/freesurfer
ColorTable /opt/freesurfer/average/colortable_BA.txt
AnnotName  BA_exvivo
nlables 14
LabelThresh 0 0.000000
Loading /out/sourcedata/freesurfer/sub-v2s9x29158_ses-1/surf/lh.orig
 1 1530880 BA1_exvivo
 2 16749699 BA2_exvivo
 3 16711680 BA3a_exvivo
 4 3368703 BA3b_exvivo
 5 1376196 BA4a_exvivo
 6 13382655 BA4p_exvivo
 7 10036737 BA6_exvivo
 8 2490521 BA44_exvivo
 9 39283 BA45_exvivo
10 3993 V1_exvivo
11 8508928 V2_exvivo
12 10027163 MT_exvivo
13 16422433 perirhinal_exvivo
14 16392598 entorhinal_exvivo
Mapping unhit to unknown
Found 95263 unhit vertices
Writing annot to /out/sourcedata/freesurfer/sub-v2s9x29158_ses-1/label/lh.BA_exvivo.annot

 mris_label2annot --s sub-v2s9x29158_ses-1 --hemi lh --ctab /opt/freesurfer/average/colortable_BA.txt --l lh.BA1_exvivo.thresh.label --l lh.BA2_exvivo.thresh.label --l lh.BA3a_exvivo.thresh.label --l lh.BA3b_exvivo.thresh.label --l lh.BA4a_exvivo.thresh.label --l lh.BA4p_exvivo.thresh.label --l lh.BA6_exvivo.thresh.label --l lh.BA44_exvivo.thresh.label --l lh.BA45_exvivo.thresh.label --l lh.V1_exvivo.thresh.label --l lh.V2_exvivo.thresh.label --l lh.MT_exvivo.thresh.label --l lh.perirhinal_exvivo.thresh.label --l lh.entorhinal_exvivo.thresh.label --a BA_exvivo.thresh --maxstatwinner --noverbose 

Reading ctab /opt/freesurfer/average/colortable_BA.txt
Number of ctab entries 15

7.3.2
cwd /out/sourcedata/freesurfer/sub-v2s9x29158_ses-1/label
cmdline mris_label2annot --s sub-v2s9x29158_ses-1 --hemi lh --ctab /opt/freesurfer/average/colortable_BA.txt --l lh.BA1_exvivo.thresh.label --l lh.BA2_exvivo.thresh.label --l lh.BA3a_exvivo.thresh.label --l lh.BA3b_exvivo.thresh.label --l lh.BA4a_exvivo.thresh.label --l lh.BA4p_exvivo.thresh.label --l lh.BA6_exvivo.thresh.label --l lh.BA44_exvivo.thresh.label --l lh.BA45_exvivo.thresh.label --l lh.V1_exvivo.thresh.label --l lh.V2_exvivo.thresh.label --l lh.MT_exvivo.thresh.label --l lh.perirhinal_exvivo.thresh.label --l lh.entorhinal_exvivo.thresh.label --a BA_exvivo.thresh --maxstatwinner --noverbose 
sysname  Linux
hostname dna072
machine  x86_64
user     oesteban

subject sub-v2s9x29158_ses-1
hemi    lh
SUBJECTS_DIR /out/sourcedata/freesurfer
ColorTable /opt/freesurfer/average/colortable_BA.txt
AnnotName  BA_exvivo.thresh
nlables 14
LabelThresh 0 0.000000
Loading /out/sourcedata/freesurfer/sub-v2s9x29158_ses-1/surf/lh.orig
 1 1530880 BA1_exvivo
 2 16749699 BA2_exvivo
 3 16711680 BA3a_exvivo
 4 3368703 BA3b_exvivo
 5 1376196 BA4a_exvivo
 6 13382655 BA4p_exvivo
 7 10036737 BA6_exvivo
 8 2490521 BA44_exvivo
 9 39283 BA45_exvivo
10 3993 V1_exvivo
11 8508928 V2_exvivo
12 10027163 MT_exvivo
13 16422433 perirhinal_exvivo
14 16392598 entorhinal_exvivo
Mapping unhit to unknown
Found 112949 unhit vertices
Writing annot to /out/sourcedata/freesurfer/sub-v2s9x29158_ses-1/label/lh.BA_exvivo.thresh.annot

 mris_anatomical_stats -th3 -mgz -noglobal -f ../stats/lh.BA_exvivo.stats -b -a ./lh.BA_exvivo.annot -c ./BA_exvivo.ctab sub-v2s9x29158_ses-1 lh white 

computing statistics for each annotation in ./lh.BA_exvivo.annot.
reading volume /out/sourcedata/freesurfer/sub-v2s9x29158_ses-1/mri/wm.mgz...
reading input surface /out/sourcedata/freesurfer/sub-v2s9x29158_ses-1/surf/lh.white...
reading input pial surface /out/sourcedata/freesurfer/sub-v2s9x29158_ses-1/surf/lh.pial...
reading input white surface /out/sourcedata/freesurfer/sub-v2s9x29158_ses-1/surf/lh.white...
INFO: using TH3 volume calc
INFO: assuming MGZ format for volumes.
INFO: not computing global stats
Using TH3 vertex volume calc
Total face volume 287360
Total vertex volume 287188 (mask=0)
Saving annotation colortable ./BA_exvivo.ctab

table columns are:
    number of vertices
    total surface area (mm^2)
    total gray matter volume (mm^3)
    average cortical thickness +- standard deviation (mm)
    integrated rectified mean curvature
    integrated rectified Gaussian curvature
    folding index
    intrinsic curvature index
    structure name

 1254    882   2551  2.218 0.587     0.163     0.037       23     2.1  BA1_exvivo
 5035   3422   8891  2.557 0.577     0.106     0.019       40     3.8  BA2_exvivo
  994    650    967  1.955 0.505     0.133     0.027        9     1.1  BA3a_exvivo
 2409   1649   3665  1.968 0.899     0.106     0.017       20     1.8  BA3b_exvivo
 2102   1349   4084  2.678 0.420     0.105     0.017       16     1.6  BA4a_exvivo
 1182    769   1948  2.649 0.519     0.087     0.017        6     0.6  BA4p_exvivo
 9151   6362  22341  2.982 0.616     0.114     0.021       89     8.2  BA6_exvivo
 2737   1957   5695  2.666 0.608     0.113     0.020       27     2.4  BA44_exvivo
 3333   2504   9369  3.052 0.543     0.128     0.029       42     3.6  BA45_exvivo
 3109   2165   4644  2.266 0.836     0.141     0.035       40     4.6  V1_exvivo
 7580   5506  14953  2.436 0.697     0.146     0.036      111    10.9  V2_exvivo
 2302   1688   5178  2.741 0.597     0.134     0.030       33     2.6  MT_exvivo
  659    524   2424  3.346 0.903     0.149     0.030       10     0.9  perirhinal_exvivo
  576    381   1660  3.063 1.269     0.098     0.019        6     0.4  entorhinal_exvivo

 mris_anatomical_stats -th3 -mgz -f ../stats/lh.BA_exvivo.thresh.stats -noglobal -b -a ./lh.BA_exvivo.thresh.annot -c ./BA_exvivo.thresh.ctab sub-v2s9x29158_ses-1 lh white 

computing statistics for each annotation in ./lh.BA_exvivo.thresh.annot.
reading volume /out/sourcedata/freesurfer/sub-v2s9x29158_ses-1/mri/wm.mgz...
reading input surface /out/sourcedata/freesurfer/sub-v2s9x29158_ses-1/surf/lh.white...
reading input pial surface /out/sourcedata/freesurfer/sub-v2s9x29158_ses-1/surf/lh.pial...
reading input white surface /out/sourcedata/freesurfer/sub-v2s9x29158_ses-1/surf/lh.white...
INFO: using TH3 volume calc
INFO: assuming MGZ format for volumes.
INFO: not computing global stats
Using TH3 vertex volume calc
Total face volume 287360
Total vertex volume 287188 (mask=0)
Saving annotation colortable ./BA_exvivo.thresh.ctab

table columns are:
    number of vertices
    total surface area (mm^2)
    total gray matter volume (mm^3)
    average cortical thickness +- standard deviation (mm)
    integrated rectified mean curvature
    integrated rectified Gaussian curvature
    folding index
    intrinsic curvature index
    structure name

  797    551   1551  2.137 0.486     0.155     0.034       12     1.0  BA1_exvivo
 1936   1269   3381  2.539 0.580     0.103     0.019       17     1.7  BA2_exvivo
  822    534    715  1.905 0.407     0.136     0.026        8     0.9  BA3a_exvivo
 1559   1039   1542  1.465 0.422     0.094     0.012       11     0.9  BA3b_exvivo
 1963   1247   3712  2.679 0.430     0.099     0.016       14     1.3  BA4a_exvivo
  933    622   1432  2.510 0.443     0.088     0.015        5     0.5  BA4p_exvivo
 5257   3658  13130  2.964 0.580     0.114     0.021       52     4.8  BA6_exvivo
 1800   1297   3882  2.608 0.563     0.117     0.021       20     1.6  BA44_exvivo
 1354   1065   4458  3.110 0.538     0.136     0.032       20     1.7  BA45_exvivo
 3334   2292   5203  2.305 0.856     0.140     0.037       45     5.1  V1_exvivo
 3728   2779   7861  2.430 0.791     0.155     0.039       59     5.9  V2_exvivo
  591    449   1614  2.908 0.549     0.125     0.027        8     0.7  MT_exvivo
  279    214   1022  3.579 0.865     0.142     0.022        3     0.3  perirhinal_exvivo
  384    254   1210  3.527 0.849     0.072     0.011        1     0.2  entorhinal_exvivo

Started at Sat Mar 14 12:38:55 CET 2026 
Ended   at Sat Mar 14 12:41:09 CET 2026
#@#%# recon-all-run-time-hours 0.037
recon-all -s sub-v2s9x29158_ses-1 finished without error at Sat Mar 14 12:41:09 CET 2026
