#!ascii label  , from subject sub-v2s9x29176_ses-1 vox2ras=TkReg
2694
5571  -2.555  -76.574  -28.755 0.0000000000
382  -5.924  -86.708  -41.407 0.0000000000
26034  -11.563  -52.623  -26.579 0.0000000000
16322  0.035  -61.755  -15.592 0.0000000000
103005  -2.417  -69.587  -21.799 0.0000000000
111289  3.639  -60.792  -23.084 0.0000000000
121661  3.204  -67.585  -32.584 0.0000000000
112529  0.348  -81.302  -37.235 0.0000000000
3693  5.109  -80.058  -40.326 0.0000000000
15509  -11.029  -63.575  -22.132 0.0000000000
12863  5.395  -66.104  -12.821 0.0000000000
122092  4.918  -67.062  -25.500 0.0000000000
3517  9.438  -80.510  -27.109 0.0000000000
18963  -5.727  -59.253  -24.533 0.0000000000
8282  -3.212  -72.722  -26.440 0.0000000000
12243  -2.687  -67.435  -27.652 0.0000000000
9069  -2.254  -71.215  -31.678 0.0000000000
1498  -1.336  -84.162  -41.925 0.0000000000
3063  -5.177  -80.260  -41.581 0.0000000000
105993  -15.889  -50.754  -28.152 0.0000000000
104605  -8.222  -48.228  -28.858 0.0000000000
14605  -5.121  -64.002  -19.149 0.0000000000
17327  -8.282  -61.450  -23.828 0.0000000000
17278  -2.187  -61.568  -20.635 0.0000000000
19023  3.830  -58.973  -28.558 0.0000000000
105580  4.032  -55.050  -22.816 0.0000000000
22582  -15.475  -55.345  -25.473 0.0000000000
12949  -0.974  -66.687  -18.362 0.0000000000
15419  3.799  -62.802  -18.044 0.0000000000
13849  -1.438  -64.642  -23.031 0.0000000000
15602  2.146  -63.854  -28.236 0.0000000000
16581  3.191  -62.138  -34.449 0.0000000000
2923  -1.042  -80.613  -31.630 0.0000000000
5636  0.216  -76.489  -34.333 0.0000000000
5013  -0.686  -77.422  -39.483 0.0000000000
3109  1.205  -81.892  -45.266 0.0000000000
14515  -4.284  -64.582  -13.697 0.0000000000
12892  0.960  -65.514  -13.718 0.0000000000
12118  2.068  -66.835  -18.966 0.0000000000
13039  1.191  -66.146  -24.865 0.0000000000
9038  2.293  -71.157  -28.984 0.0000000000
111255  6.953  -73.390  -27.521 0.0000000000
4834  4.818  -77.754  -28.604 0.0000000000
2952  5.858  -80.503  -33.430 0.0000000000
106281  6.851  -83.405  -39.334 0.0000000000
357  2.284  -87.254  -38.765 0.0000000000
17352  -15.213  -62.235  -25.508 0.0000000000
118904  -12.666  -58.748  -25.508 0.0000000000
111376  -8.541  -55.405  -25.780 0.0000000000
18929  0.105  -59.227  -22.210 0.0000000000
106359  -3.252  -54.735  -23.710 0.0000000000
26958  -6.086  -50.258  -24.949 0.0000000000
7629  6.132  -73.298  -35.139 0.0000000000
11562  4.438  -67.633  -41.271 0.0000000000
7554  -2.655  -74.241  -28.134 0.0000000000
9051  -4.650  -71.991  -29.281 0.0000000000
7585  -4.205  -74.346  -31.016 0.0000000000
894  -3.965  -85.800  -43.040 0.0000000000
1491  -6.861  -83.019  -40.841 0.0000000000
1195  -8.154  -84.925  -42.675 0.0000000000
109828  -15.763  -52.796  -26.270 0.0000000000
26052  -13.869  -51.735  -27.603 0.0000000000
27911  -12.280  -50.167  -29.173 0.0000000000
27004  -9.838  -50.475  -28.219 0.0000000000
14565  -2.855  -63.684  -17.194 0.0000000000
15465  -3.691  -63.180  -20.292 0.0000000000
117403  -0.790  -61.531  -18.312 0.0000000000
21722  2.909  -55.108  -29.209 0.0000000000
21657  -17.937  -56.873  -25.351 0.0000000000
12136  -1.980  -68.160  -20.132 0.0000000000
14603  -1.046  -65.149  -20.554 0.0000000000
114613  -2.696  -66.415  -22.355 0.0000000000
12272  -0.854  -67.471  -30.176 0.0000000000
13908  -0.655  -65.471  -27.670 0.0000000000
13935  1.496  -65.311  -30.742 0.0000000000
16543  3.638  -63.150  -30.602 0.0000000000
13978  3.557  -64.796  -33.151 0.0000000000
2976  0.372  -80.744  -34.712 0.0000000000
4283  -2.995  -78.003  -35.432 0.0000000000
3648  -2.933  -79.224  -37.238 0.0000000000
2524  -3.733  -82.548  -45.525 0.0000000000
3096  -1.528  -81.062  -43.460 0.0000000000
15368  -8.630  -62.817  -14.965 0.0000000000
13705  0.054  -64.300  -11.292 0.0000000000
12032  2.785  -65.612  -12.934 0.0000000000
12077  1.360  -67.885  -16.159 0.0000000000
107071  3.745  -65.698  -15.920 0.0000000000
13011  5.401  -65.572  -23.038 0.0000000000
14654  3.853  -63.866  -23.004 0.0000000000
13890  4.544  -64.591  -26.938 0.0000000000
11380  1.580  -68.419  -27.542 0.0000000000
11390  4.498  -67.852  -29.095 0.0000000000
5534  7.984  -76.333  -26.895 0.0000000000
6224  6.679  -75.053  -29.972 0.0000000000
4206  8.193  -77.188  -30.589 0.0000000000
3555  5.792  -79.328  -30.579 0.0000000000
3551  9.333  -79.528  -31.523 0.0000000000
1415  8.392  -83.190  -36.142 0.0000000000
870  4.030  -85.740  -39.694 0.0000000000
14678  -14.025  -64.815  -23.337 0.0000000000
15541  -13.628  -63.898  -24.826 0.0000000000
18136  -6.644  -60.593  -23.971 0.0000000000
120353  -9.802  -60.529  -24.826 0.0000000000
18982  -8.971  -58.721  -25.287 0.0000000000
112259  -11.097  -56.998  -25.554 0.0000000000
20734  -7.704  -57.419  -25.552 0.0000000000
16412  3.887  -61.965  -20.480 0.0000000000
18083  3.050  -60.194  -19.428 0.0000000000
18911  4.505  -58.856  -21.158 0.0000000000
24182  2.685  -52.626  -23.280 0.0000000000
103502  0.169  -54.795  -23.641 0.0000000000
25051  -1.101  -51.965  -23.750 0.0000000000
25063  -4.129  -52.489  -24.186 0.0000000000
26933  -3.540  -50.155  -23.954 0.0000000000
28809  -5.247  -47.181  -24.923 0.0000000000
4306  3.260  -78.284  -37.458 0.0000000000
5634  3.768  -76.269  -34.582 0.0000000000
4961  7.131  -77.625  -36.239 0.0000000000
9765  -3.122  -70.916  -24.068 0.0000000000
108352  -4.134  -68.627  -24.110 0.0000000000
102639  -4.744  -70.480  -26.446 0.0000000000
10579  -2.753  -69.222  -29.796 0.0000000000
10605  0.914  -69.789  -32.311 0.0000000000
105925  -0.178  -82.396  -39.941 0.0000000000
3035  -3.098  -80.601  -38.896 0.0000000000
2453  -4.719  -81.496  -39.776 0.0000000000
2491  -6.384  -81.460  -43.416 0.0000000000
101355  -10.368  -47.138  -30.594 0.0000000000
116132  6.407  -65.760  -16.323 0.0000000000
119596  -8.091  -63.341  -20.555 0.0000000000
111759  -9.008  -62.733  -23.021 0.0000000000
16420  -6.232  -63.087  -22.021 0.0000000000
16437  -4.811  -62.217  -22.350 0.0000000000
116932  -4.120  -60.879  -23.120 0.0000000000
18163  3.860  -60.313  -25.655 0.0000000000
19751  4.509  -58.236  -22.783 0.0000000000
20729  3.569  -56.937  -25.468 0.0000000000
107577  3.326  -54.616  -25.394 0.0000000000
363  -8.183  -86.930  -39.072 0.0000000000
897  -10.723  -85.304  -41.634 0.0000000000
24242  -17.789  -53.609  -25.554 0.0000000000
122621  -13.247  -53.698  -25.728 0.0000000000
14563  1.194  -64.595  -16.262 0.0000000000
16339  2.730  -62.445  -16.551 0.0000000000
14601  1.027  -64.301  -18.523 0.0000000000
15482  0.607  -63.363  -21.007 0.0000000000
16435  0.929  -62.327  -22.713 0.0000000000
13877  -2.198  -65.852  -25.119 0.0000000000
15555  -0.054  -63.950  -25.702 0.0000000000
16489  1.836  -62.501  -25.400 0.0000000000
17402  3.950  -61.444  -28.614 0.0000000000
18231  3.661  -60.382  -31.073 0.0000000000
3545  -1.482  -79.086  -29.466 0.0000000000
5616  -2.740  -76.726  -32.201 0.0000000000
4918  -2.037  -77.558  -33.079 0.0000000000
5689  0.139  -76.785  -36.815 0.0000000000
4360  2.387  -78.828  -40.304 0.0000000000
4364  -2.897  -78.467  -40.378 0.0000000000
3731  0.571  -79.196  -42.418 0.0000000000
3076  2.897  -80.307  -43.446 0.0000000000
14624  -10.596  -63.662  -21.077 0.0000000000
15424  -8.092  -63.208  -18.199 0.0000000000
103969  -4.950  -64.272  -16.728 0.0000000000
15366  -2.196  -62.558  -15.135 0.0000000000
13708  -4.028  -65.795  -12.683 0.0000000000
111455  -1.531  -63.290  -12.676 0.0000000000
117272  0.936  -63.888  -14.176 0.0000000000
12918  -0.427  -66.683  -16.244 0.0000000000
11259  -0.273  -68.300  -18.124 0.0000000000
11305  0.047  -68.905  -20.847 0.0000000000
13787  4.747  -64.563  -19.305 0.0000000000
121252  1.596  -65.766  -21.908 0.0000000000
11340  -0.495  -68.691  -23.983 0.0000000000
10540  -0.388  -69.778  -26.166 0.0000000000
9032  -0.525  -71.610  -27.512 0.0000000000
7571  -0.094  -74.013  -29.317 0.0000000000
9777  5.876  -70.246  -26.428 0.0000000000
115760  5.479  -71.798  -29.867 0.0000000000
6888  2.850  -74.381  -29.693 0.0000000000
113373  1.175  -77.486  -28.313 0.0000000000
2890  1.631  -80.371  -28.831 0.0000000000
109887  2.625  -81.433  -32.093 0.0000000000
1884  3.249  -82.039  -34.755 0.0000000000
2341  10.082  -81.272  -34.349 0.0000000000
1895  7.615  -81.472  -37.332 0.0000000000
119436  3.472  -82.671  -37.864 0.0000000000
1481  3.318  -83.421  -41.825 0.0000000000
623  0.055  -85.430  -41.701 0.0000000000
210  -2.050  -87.979  -40.425 0.0000000000
112322  -0.771  -88.826  -36.472 0.0000000000
197  -4.298  -89.371  -38.352 0.0000000000
116428  -17.812  -60.079  -24.816 0.0000000000
17349  -11.528  -61.652  -24.766 0.0000000000
108997  -13.707  -60.380  -25.422 0.0000000000
19781  -16.050  -58.541  -25.469 0.0000000000
21653  -13.940  -57.006  -25.459 0.0000000000
114730  -12.529  -55.559  -25.538 0.0000000000
24234  -10.726  -53.453  -24.339 0.0000000000
17260  1.622  -60.888  -18.523 0.0000000000
107781  -1.175  -60.568  -21.616 0.0000000000
18946  -2.671  -58.970  -23.467 0.0000000000
20691  2.212  -56.788  -22.539 0.0000000000
21616  -1.378  -56.738  -23.453 0.0000000000
20695  -3.741  -57.002  -24.193 0.0000000000
22564  -5.985  -55.127  -25.031 0.0000000000
117756  -7.336  -53.062  -25.840 0.0000000000
26031  -8.835  -51.646  -26.952 0.0000000000
28832  -7.125  -48.807  -27.265 0.0000000000
6946  -0.928  -73.982  -33.261 0.0000000000
8359  2.411  -72.619  -33.721 0.0000000000
9841  4.878  -70.136  -33.662 0.0000000000
6312  8.246  -75.295  -38.161 0.0000000000
9130  6.711  -70.882  -38.126 0.0000000000
12363  5.545  -67.913  -36.175 0.0000000000
13214  3.738  -65.209  -37.134 0.0000000000
6892  -2.885  -75.252  -28.710 0.0000000000
6894  -4.202  -74.423  -29.562 0.0000000000
117304  -3.666  -75.463  -30.140 0.0000000000
628  -4.381  -86.258  -42.669 0.0000000000
1194  -6.435  -85.447  -42.812 0.0000000000
639  -7.188  -85.862  -42.514 0.0000000000
25124  -14.228  -52.680  -26.438 0.0000000000
26037  -14.484  -52.211  -27.129 0.0000000000
26050  -11.938  -51.905  -27.221 0.0000000000
26988  -11.430  -51.363  -27.756 0.0000000000
120966  -10.743  -51.427  -27.537 0.0000000000
16342  -1.039  -61.776  -16.500 0.0000000000
15421  -2.209  -62.804  -17.643 0.0000000000
16361  -0.859  -61.646  -17.360 0.0000000000
20719  -18.723  -57.686  -25.004 0.0000000000
10484  -2.111  -68.999  -20.780 0.0000000000
109037  -2.710  -67.235  -21.411 0.0000000000
11309  -3.213  -68.143  -21.967 0.0000000000
12292  1.268  -67.687  -31.593 0.0000000000
13125  0.493  -66.459  -30.699 0.0000000000
13137  1.929  -66.248  -31.640 0.0000000000
13947  2.323  -65.626  -31.683 0.0000000000
13148  3.378  -66.335  -32.504 0.0000000000
2386  0.516  -80.926  -35.612 0.0000000000
114157  -0.806  -80.358  -35.685 0.0000000000
3015  -1.410  -80.569  -37.382 0.0000000000
12013  4.277  -66.803  -11.650 0.0000000000
12015  2.700  -65.616  -11.290 0.0000000000
12881  4.308  -65.939  -12.616 0.0000000000
12059  3.285  -66.346  -14.419 0.0000000000
12889  5.049  -65.213  -13.955 0.0000000000
13038  5.206  -65.632  -24.921 0.0000000000
13037  5.323  -64.437  -25.517 0.0000000000
13050  5.392  -64.986  -26.450 0.0000000000
13083  4.680  -65.860  -28.235 0.0000000000
12220  5.729  -66.503  -27.765 0.0000000000
4794  8.610  -77.972  -26.826 0.0000000000
4831  8.680  -76.992  -28.559 0.0000000000
117316  9.040  -78.497  -28.429 0.0000000000
3540  8.756  -77.816  -30.884 0.0000000000
3539  9.299  -79.940  -29.705 0.0000000000
15511  -12.139  -64.212  -22.717 0.0000000000
15528  -13.470  -64.389  -23.991 0.0000000000
15526  -12.039  -63.647  -23.396 0.0000000000
120982  -6.213  -59.626  -24.471 0.0000000000
18965  -7.416  -59.595  -24.681 0.0000000000
19776  -7.312  -58.791  -25.102 0.0000000000
19777  -8.070  -58.235  -25.395 0.0000000000
19775  -6.481  -58.355  -25.121 0.0000000000
17302  3.718  -61.350  -21.994 0.0000000000
17287  4.577  -60.275  -20.504 0.0000000000
18105  4.752  -59.729  -21.348 0.0000000000
25049  0.933  -52.087  -23.304 0.0000000000
25966  -0.335  -51.015  -23.505 0.0000000000
25968  -2.346  -51.329  -23.803 0.0000000000
3661  4.208  -79.261  -38.694 0.0000000000
4304  4.954  -78.559  -37.262 0.0000000000
3659  6.444  -79.485  -38.719 0.0000000000
9014  -3.061  -71.760  -25.255 0.0000000000
9767  -4.341  -70.595  -24.712 0.0000000000
8268  -4.303  -72.110  -25.935 0.0000000000
9058  -3.800  -71.467  -30.728 0.0000000000
9812  -3.844  -70.405  -29.607 0.0000000000
9822  -2.617  -70.226  -30.678 0.0000000000
10589  -0.948  -69.101  -31.022 0.0000000000
9830  -0.739  -70.330  -31.896 0.0000000000
115028  -0.539  -83.086  -40.842 0.0000000000
1951  -2.016  -82.107  -39.995 0.0000000000
1965  -3.403  -82.678  -40.444 0.0000000000
1977  -8.598  -82.460  -41.931 0.0000000000
2456  -7.303  -81.697  -40.975 0.0000000000
113741  -8.047  -81.548  -44.059 0.0000000000
2526  -6.617  -81.814  -45.560 0.0000000000
26055  -16.532  -50.850  -27.634 0.0000000000
27927  -9.936  -49.251  -29.327 0.0000000000
28860  -11.228  -48.883  -30.145 0.0000000000
111318  -9.182  -47.443  -29.752 0.0000000000
101600  -8.399  -47.055  -29.121 0.0000000000
15445  -5.984  -63.789  -19.511 0.0000000000
15486  -7.046  -63.397  -21.299 0.0000000000
15467  -5.400  -63.728  -20.510 0.0000000000
16397  -3.333  -62.507  -20.675 0.0000000000
16418  -4.407  -62.619  -21.697 0.0000000000
17294  -3.964  -61.892  -22.133 0.0000000000
17306  -4.397  -61.487  -22.749 0.0000000000
17293  -3.150  -61.618  -21.868 0.0000000000
19009  3.857  -59.350  -27.656 0.0000000000
105617  3.779  -58.235  -26.150 0.0000000000
20768  3.741  -57.625  -27.078 0.0000000000
104005  2.624  -54.230  -27.379 0.0000000000
22585  -18.006  -55.104  -25.329 0.0000000000
116065  -16.702  -54.259  -25.565 0.0000000000
109299  -16.198  -53.833  -25.676 0.0000000000
23436  -14.715  -54.199  -25.549 0.0000000000
13774  -0.458  -65.864  -18.100 0.0000000000
14581  1.301  -64.465  -17.334 0.0000000000
122233  -0.484  -65.522  -18.763 0.0000000000
14638  -1.232  -64.855  -21.472 0.0000000000
14621  -0.628  -64.393  -21.005 0.0000000000
15483  -0.227  -63.742  -21.434 0.0000000000
112907  0.720  -62.706  -22.166 0.0000000000
15523  -0.558  -63.462  -23.052 0.0000000000
12226  -3.481  -67.781  -26.333 0.0000000000
118910  -3.292  -67.162  -25.109 0.0000000000
13070  -2.484  -66.689  -26.395 0.0000000000
14738  0.456  -64.430  -27.529 0.0000000000
14722  -0.311  -64.552  -26.303 0.0000000000
15591  0.992  -63.840  -27.117 0.0000000000
15553  1.310  -63.074  -25.864 0.0000000000
15573  1.604  -63.332  -26.673 0.0000000000
17389  3.450  -62.196  -27.200 0.0000000000
16532  3.255  -62.860  -27.898 0.0000000000
102056  3.529  -62.991  -32.426 0.0000000000
102042  4.055  -62.111  -30.717 0.0000000000
17419  3.644  -61.364  -32.114 0.0000000000
112263  2.480  -59.265  -33.208 0.0000000000
17461  2.475  -60.104  -34.870 0.0000000000
2913  -1.288  -80.042  -30.784 0.0000000000
4885  -2.012  -78.279  -31.214 0.0000000000
3588  -1.710  -79.500  -32.619 0.0000000000
5692  -2.177  -77.082  -37.366 0.0000000000
116727  -2.538  -76.950  -35.832 0.0000000000
5705  -0.912  -76.894  -38.180 0.0000000000
4997  1.459  -77.744  -38.519 0.0000000000
5026  0.883  -77.815  -39.789 0.0000000000
3678  -5.062  -79.794  -39.835 0.0000000000
4344  -4.082  -78.920  -39.459 0.0000000000
119962  -3.895  -79.541  -41.455 0.0000000000
119181  0.014  -81.667  -44.757 0.0000000000
3732  -0.653  -79.933  -42.884 0.0000000000
3094  0.700  -80.777  -43.835 0.0000000000
3730  1.561  -79.480  -42.463 0.0000000000
3092  2.456  -80.825  -44.355 0.0000000000
2502  3.133  -80.987  -45.547 0.0000000000
13822  -10.406  -65.221  -21.877 0.0000000000
14622  -10.405  -63.434  -19.934 0.0000000000
15448  -10.158  -62.824  -19.125 0.0000000000
15426  -10.142  -62.822  -17.714 0.0000000000
14527  -6.698  -63.629  -14.707 0.0000000000
14547  -7.052  -63.051  -15.501 0.0000000000
14545  -4.411  -64.368  -15.711 0.0000000000
14544  -3.521  -64.259  -16.302 0.0000000000
113344  -3.542  -63.886  -14.266 0.0000000000
13714  0.611  -63.912  -11.670 0.0000000000
14500  -1.238  -63.638  -12.033 0.0000000000
119842  0.687  -63.643  -12.659 0.0000000000
15359  0.069  -62.691  -13.449 0.0000000000
13730  0.713  -64.890  -14.178 0.0000000000
14523  0.461  -65.322  -15.180 0.0000000000
12063  -0.115  -66.709  -15.529 0.0000000000
12091  2.269  -67.182  -17.472 0.0000000000
11233  0.687  -68.139  -16.802 0.0000000000
11257  1.244  -68.108  -18.489 0.0000000000
11273  0.354  -68.719  -19.240 0.0000000000
105902  1.418  -67.329  -20.001 0.0000000000
12944  6.125  -65.272  -17.995 0.0000000000
13758  5.525  -64.722  -17.668 0.0000000000
14598  5.598  -64.687  -19.989 0.0000000000
107307  2.289  -64.907  -24.245 0.0000000000
102054  2.720  -64.577  -22.834 0.0000000000
13025  1.057  -65.955  -23.277 0.0000000000
12173  0.235  -67.371  -23.036 0.0000000000
12184  0.244  -67.133  -23.918 0.0000000000
11351  -0.391  -68.767  -24.918 0.0000000000
11350  0.150  -68.166  -25.512 0.0000000000
10566  2.010  -69.666  -28.357 0.0000000000
9789  0.402  -70.466  -27.587 0.0000000000
9801  0.874  -70.937  -28.207 0.0000000000
8312  -0.323  -72.852  -28.478 0.0000000000
8326  1.001  -72.911  -29.369 0.0000000000
9029  4.732  -71.638  -27.133 0.0000000000
8295  6.456  -71.979  -27.173 0.0000000000
9037  6.442  -70.960  -28.751 0.0000000000
8310  7.085  -72.273  -28.340 0.0000000000
5563  5.385  -76.722  -29.132 0.0000000000
6886  5.064  -74.485  -30.014 0.0000000000
5565  3.683  -76.599  -28.833 0.0000000000
6210  1.907  -75.585  -29.120 0.0000000000
111559  2.711  -78.192  -28.327 0.0000000000
4197  0.912  -79.105  -28.321 0.0000000000
3528  3.050  -79.674  -28.624 0.0000000000
2937  5.593  -80.045  -31.949 0.0000000000
102430  3.692  -80.618  -31.057 0.0000000000
2938  4.684  -80.599  -32.349 0.0000000000
2344  3.432  -81.641  -33.456 0.0000000000
2367  4.697  -81.720  -34.432 0.0000000000
1915  8.816  -82.673  -38.393 0.0000000000
2394  8.899  -81.620  -37.523 0.0000000000
1916  7.009  -82.532  -38.312 0.0000000000
1907  5.236  -82.534  -36.725 0.0000000000
1446  5.254  -83.073  -38.162 0.0000000000
1460  3.187  -83.069  -39.482 0.0000000000
104039  5.203  -83.582  -39.885 0.0000000000
589  2.709  -86.666  -39.448 0.0000000000
881  2.330  -84.975  -41.141 0.0000000000
368  1.277  -86.781  -40.318 0.0000000000
370  -0.622  -87.056  -40.855 0.0000000000
360  -0.255  -87.995  -39.936 0.0000000000
70  -2.343  -89.493  -37.207 0.0000000000
16458  -16.327  -62.317  -24.170 0.0000000000
17354  -16.596  -61.759  -24.898 0.0000000000
18156  -16.733  -60.972  -25.252 0.0000000000
16454  -8.637  -62.143  -23.439 0.0000000000
16472  -10.686  -62.524  -24.020 0.0000000000
17328  -9.105  -61.680  -23.943 0.0000000000
117598  -11.518  -59.997  -25.364 0.0000000000
18168  -12.249  -60.283  -25.342 0.0000000000
18970  -13.557  -59.508  -25.422 0.0000000000
18972  -14.851  -59.454  -25.450 0.0000000000
19779  -14.159  -59.033  -25.414 0.0000000000
20716  -15.403  -57.749  -25.452 0.0000000000
20714  -13.624  -57.811  -25.472 0.0000000000
112722  -10.485  -55.799  -25.659 0.0000000000
115779  -11.512  -56.411  -25.561 0.0000000000
111375  -11.212  -54.681  -25.552 0.0000000000
23433  -11.187  -54.070  -24.223 0.0000000000
23431  -10.766  -54.006  -25.737 0.0000000000
117778  3.265  -62.676  -17.038 0.0000000000
17244  1.091  -61.255  -17.740 0.0000000000
17243  2.743  -61.260  -17.568 0.0000000000
18914  1.280  -59.323  -21.426 0.0000000000
18108  0.781  -60.008  -20.866 0.0000000000
18121  -0.665  -59.947  -22.010 0.0000000000
18931  -2.032  -59.605  -22.988 0.0000000000
18930  -1.056  -59.282  -22.715 0.0000000000
21627  4.351  -56.619  -23.383 0.0000000000
20678  4.100  -57.286  -21.888 0.0000000000
21629  3.471  -55.861  -22.454 0.0000000000
23382  -1.462  -54.333  -23.715 0.0000000000
22543  -0.745  -56.093  -23.454 0.0000000000
111552  -2.519  -55.763  -23.602 0.0000000000
21633  -2.940  -56.407  -23.711 0.0000000000
22545  -3.313  -55.522  -23.757 0.0000000000
22562  -4.677  -55.863  -24.445 0.0000000000
23404  -4.611  -55.056  -24.157 0.0000000000
109046  -5.086  -51.561  -24.475 0.0000000000
24230  -5.927  -52.876  -25.219 0.0000000000
25102  -6.972  -51.920  -25.758 0.0000000000
25104  -8.546  -52.636  -26.341 0.0000000000
26960  -7.278  -50.655  -26.038 0.0000000000
26984  -8.040  -50.419  -27.261 0.0000000000
26976  -6.934  -49.763  -25.876 0.0000000000
114721  -6.238  -46.841  -26.380 0.0000000000
5622  -1.067  -76.277  -33.736 0.0000000000
6276  -2.457  -75.197  -33.033 0.0000000000
121033  -0.066  -75.399  -33.659 0.0000000000
6289  4.716  -75.092  -34.743 0.0000000000
7617  3.329  -74.061  -34.260 0.0000000000
8366  4.671  -72.686  -34.407 0.0000000000
9082  3.425  -71.324  -33.821 0.0000000000
9088  5.738  -71.790  -34.440 0.0000000000
9171  6.353  -71.487  -40.349 0.0000000000
103427  5.730  -69.466  -39.939 0.0000000000
119369  6.258  -69.350  -37.800 0.0000000000
11525  5.269  -67.765  -38.358 0.0000000000
13213  4.573  -66.413  -36.237 0.0000000000
13250  3.450  -65.887  -39.988 0.0000000000
7539  -3.291  -73.725  -27.563 0.0000000000
7541  -4.409  -73.120  -27.358 0.0000000000
7556  -4.403  -73.573  -28.014 0.0000000000
8332  -4.609  -72.891  -30.581 0.0000000000
8343  -3.581  -72.670  -31.753 0.0000000000
1187  -2.731  -85.088  -42.280 0.0000000000
1488  -3.829  -83.624  -40.895 0.0000000000
1189  -5.151  -84.955  -42.434 0.0000000000
1509  -8.114  -84.059  -42.298 0.0000000000
1984  -9.595  -82.786  -42.995 0.0000000000
122637  -17.987  -52.354  -25.957 0.0000000000
25126  -16.508  -52.394  -26.447 0.0000000000
26038  -15.393  -51.980  -27.206 0.0000000000
26991  -14.283  -51.109  -28.238 0.0000000000
27912  -13.240  -50.127  -29.249 0.0000000000
27007  -12.768  -50.691  -28.630 0.0000000000
27909  -10.365  -50.001  -28.842 0.0000000000
27908  -9.450  -49.746  -28.674 0.0000000000
14584  -3.902  -64.234  -18.403 0.0000000000
102750  -3.999  -63.761  -19.809 0.0000000000
121306  -2.860  -63.066  -18.884 0.0000000000
16378  -2.589  -62.483  -19.403 0.0000000000
16395  -1.980  -61.765  -19.771 0.0000000000
20799  3.192  -57.585  -30.084 0.0000000000
112844  3.403  -57.162  -29.222 0.0000000000
103520  3.010  -56.457  -30.117 0.0000000000
22565  -18.852  -55.554  -24.968 0.0000000000
21681  -17.201  -55.908  -25.433 0.0000000000
12120  -1.526  -67.741  -19.398 0.0000000000
13790  -1.384  -65.985  -19.897 0.0000000000
111988  -1.865  -66.284  -20.535 0.0000000000
13804  -2.034  -65.967  -21.278 0.0000000000
13832  -1.936  -65.320  -22.728 0.0000000000
119827  -1.938  -67.367  -28.846 0.0000000000
13086  -1.643  -66.459  -27.769 0.0000000000
13117  -0.804  -66.153  -28.997 0.0000000000
13928  0.411  -65.366  -29.659 0.0000000000
14752  1.761  -64.500  -29.502 0.0000000000
15607  3.180  -63.552  -29.608 0.0000000000
14759  2.098  -64.663  -30.333 0.0000000000
109878  3.142  -64.010  -32.190 0.0000000000
102465  3.413  -63.950  -33.307 0.0000000000
2940  -0.129  -80.910  -33.015 0.0000000000
2956  -1.513  -79.842  -33.346 0.0000000000
2992  -0.940  -80.150  -35.022 0.0000000000
3626  -2.684  -78.718  -35.983 0.0000000000
4985  -2.439  -77.560  -37.883 0.0000000000
105296  -3.881  -81.590  -43.844 0.0000000000
109422  -3.382  -81.068  -43.122 0.0000000000
2508  -3.229  -82.086  -44.716 0.0000000000
2506  -0.849  -82.185  -45.170 0.0000000000
2522  0.428  -82.656  -46.473 0.0000000000
14571  -10.039  -63.124  -17.162 0.0000000000
108063  -6.469  -64.469  -14.057 0.0000000000
119212  -0.481  -66.442  -11.958 0.0000000000
113894  1.079  -65.716  -10.868 0.0000000000
13703  1.702  -64.611  -11.294 0.0000000000
12891  1.857  -65.353  -13.069 0.0000000000
12047  0.899  -66.733  -14.385 0.0000000000
12060  2.219  -67.164  -14.799 0.0000000000
12075  2.868  -66.753  -15.558 0.0000000000
12932  2.844  -66.285  -17.850 0.0000000000
14636  5.000  -64.004  -21.889 0.0000000000
113284  5.067  -63.902  -23.935 0.0000000000
13861  4.238  -63.849  -25.222 0.0000000000
13052  2.462  -65.401  -25.920 0.0000000000
12223  1.518  -67.112  -26.522 0.0000000000
12222  2.622  -66.386  -27.149 0.0000000000
11379  2.565  -68.088  -28.151 0.0000000000
106940  3.877  -68.996  -29.114 0.0000000000
6200  7.038  -75.077  -27.293 0.0000000000
7550  7.455  -73.620  -29.080 0.0000000000
102585  8.130  -75.578  -28.881 0.0000000000
108263  7.477  -76.164  -29.802 0.0000000000
4192  6.468  -78.040  -29.099 0.0000000000
119043  4.963  -79.190  -28.887 0.0000000000
4215  7.687  -77.704  -31.063 0.0000000000
3570  7.240  -78.940  -31.713 0.0000000000
3586  8.331  -79.320  -32.711 0.0000000000
1124  8.061  -84.470  -36.569 0.0000000000
857  7.779  -84.830  -38.455 0.0000000000
1166  5.926  -84.195  -39.801 0.0000000000
571  6.098  -86.072  -38.142 0.0000000000
574  2.958  -86.403  -38.169 0.0000000000
15513  -15.493  -63.887  -22.760 0.0000000000
15542  -14.634  -63.650  -25.057 0.0000000000
16475  -13.798  -63.176  -25.340 0.0000000000
17326  -7.370  -61.196  -23.766 0.0000000000
18138  -8.770  -60.940  -24.329 0.0000000000
18150  -8.313  -60.113  -24.601 0.0000000000
18967  -9.075  -59.585  -25.050 0.0000000000
19798  -10.599  -58.673  -25.479 0.0000000000
20738  -11.253  -57.991  -25.544 0.0000000000
113697  -9.737  -58.279  -25.454 0.0000000000
20735  -8.671  -57.036  -25.639 0.0000000000
113035  -8.317  -56.276  -25.699 0.0000000000
16392  4.252  -61.872  -19.317 0.0000000000
17258  4.139  -61.028  -18.475 0.0000000000
118218  4.333  -60.466  -19.697 0.0000000000
18903  4.131  -59.135  -20.407 0.0000000000
18927  2.278  -58.601  -21.579 0.0000000000
22532  3.786  -54.130  -22.917 0.0000000000
22541  2.918  -54.875  -22.678 0.0000000000
23372  1.774  -53.413  -23.121 0.0000000000
24192  -0.783  -53.542  -23.838 0.0000000000
24194  -2.355  -53.332  -23.881 0.0000000000
24196  -3.936  -53.356  -23.997 0.0000000000
25062  -3.407  -52.616  -24.043 0.0000000000
25978  -3.981  -50.974  -24.152 0.0000000000
26945  -5.000  -50.153  -24.279 0.0000000000
27868  -5.815  -48.583  -25.042 0.0000000000
115218  -4.381  -47.928  -24.149 0.0000000000
29706  -3.910  -46.736  -24.209 0.0000000000
4946  1.924  -77.118  -35.352 0.0000000000
119046  1.817  -76.609  -34.171 0.0000000000
4944  3.506  -77.218  -35.378 0.0000000000
5633  4.856  -76.325  -35.051 0.0000000000
111951  6.687  -75.639  -35.530 0.0000000000
10515  -3.151  -70.149  -22.987 0.0000000000
10506  -3.448  -69.420  -22.721 0.0000000000
9759  -4.155  -70.167  -24.082 0.0000000000
11353  -4.472  -69.116  -25.433 0.0000000000
11382  -4.128  -68.893  -27.057 0.0000000000
9803  -4.707  -70.940  -28.033 0.0000000000
10568  -3.845  -69.349  -28.546 0.0000000000
11393  -2.827  -68.244  -28.786 0.0000000000
11409  -1.786  -68.271  -29.899 0.0000000000
11433  0.258  -68.465  -31.413 0.0000000000
11445  2.152  -68.829  -32.412 0.0000000000
2426  0.419  -81.698  -38.572 0.0000000000
3028  -1.683  -80.779  -38.170 0.0000000000
2439  -1.560  -81.646  -39.418 0.0000000000
2452  -3.955  -81.289  -39.608 0.0000000000
3699  -5.678  -79.984  -40.289 0.0000000000
1967  -5.608  -82.510  -40.284 0.0000000000
3065  -6.614  -80.692  -40.905 0.0000000000
2476  -5.432  -81.229  -42.812 0.0000000000
2510  -5.531  -81.809  -44.543 0.0000000000
2535  -5.354  -82.632  -46.713 0.0000000000
27930  -12.781  -49.606  -29.720 0.0000000000
12888  6.272  -65.749  -14.419 0.0000000000
15489  -10.019  -63.311  -21.143 0.0000000000
16443  -10.400  -63.236  -22.696 0.0000000000
15507  -9.223  -63.158  -22.226 0.0000000000
16421  -7.295  -63.105  -22.098 0.0000000000
16440  -7.510  -62.577  -22.787 0.0000000000
15484  -4.845  -63.325  -21.207 0.0000000000
16419  -5.278  -62.945  -21.898 0.0000000000
17309  -6.950  -61.932  -23.247 0.0000000000
17324  -5.628  -61.216  -23.404 0.0000000000
18135  -5.267  -60.526  -23.704 0.0000000000
18948  -4.893  -59.692  -24.088 0.0000000000
18149  3.497  -60.615  -24.389 0.0000000000
18944  4.467  -59.052  -22.652 0.0000000000
110400  3.965  -58.984  -24.633 0.0000000000
20709  4.111  -57.563  -24.079 0.0000000000
21649  3.959  -56.230  -24.550 0.0000000000
20769  3.588  -56.540  -27.705 0.0000000000
21669  3.430  -56.073  -25.799 0.0000000000
22576  4.109  -54.414  -24.285 0.0000000000
24189  3.678  -53.037  -23.972 0.0000000000
3061  6.367  -80.666  -42.937 0.0000000000
3047  7.628  -80.268  -41.110 0.0000000000
596  -7.893  -86.431  -40.005 0.0000000000
883  -8.636  -85.662  -41.028 0.0000000000
24240  -16.547  -53.141  -25.977 0.0000000000
25110  -14.186  -53.062  -26.027 0.0000000000
25122  -11.963  -53.321  -26.112 0.0000000000
15382  1.717  -63.457  -15.543 0.0000000000
16321  1.389  -62.420  -15.590 0.0000000000
15402  2.192  -63.781  -16.439 0.0000000000
15420  2.435  -63.817  -17.576 0.0000000000
110954  3.107  -63.370  -18.331 0.0000000000
14602  -0.313  -64.539  -20.076 0.0000000000
15464  0.585  -64.127  -19.608 0.0000000000
15462  2.446  -63.321  -19.517 0.0000000000
16413  2.375  -62.530  -21.072 0.0000000000
16434  1.627  -62.385  -21.979 0.0000000000
17322  2.107  -61.669  -23.263 0.0000000000
13028  -3.329  -67.125  -23.610 0.0000000000
13027  -2.803  -66.240  -23.727 0.0000000000
13864  -1.785  -65.185  -24.022 0.0000000000
13893  -1.348  -65.733  -26.521 0.0000000000
14703  -1.084  -64.961  -25.371 0.0000000000
14692  -0.861  -64.193  -24.210 0.0000000000
16471  0.192  -62.900  -24.185 0.0000000000
16470  0.964  -62.295  -24.076 0.0000000000
17345  2.884  -61.264  -24.174 0.0000000000
17362  3.178  -61.575  -25.484 0.0000000000
17375  3.863  -61.303  -26.817 0.0000000000
18210  3.853  -59.914  -28.330 0.0000000000
17410  3.968  -62.287  -29.064 0.0000000000
17409  3.941  -61.296  -29.523 0.0000000000
19039  3.696  -59.521  -29.836 0.0000000000
19046  2.779  -58.321  -31.779 0.0000000000
4852  -2.307  -77.794  -29.277 0.0000000000
5594  -3.202  -76.710  -30.037 0.0000000000
4886  -2.508  -77.678  -30.890 0.0000000000
103853  -2.142  -77.528  -32.596 0.0000000000
5638  -1.635  -76.703  -33.868 0.0000000000
4271  -2.744  -77.655  -34.727 0.0000000000
5655  -1.357  -76.626  -35.233 0.0000000000
5674  0.300  -76.655  -35.796 0.0000000000
111491  1.742  -77.445  -36.899 0.0000000000
118679  3.126  -78.621  -38.171 0.0000000000
114401  4.179  -79.719  -40.208 0.0000000000
3649  -3.194  -79.378  -37.933 0.0000000000
4308  -3.406  -78.646  -38.185 0.0000000000
5029  -1.499  -77.744  -39.893 0.0000000000
3734  -2.452  -79.891  -42.369 0.0000000000
4395  -0.897  -79.040  -42.132 0.0000000000
4361  -0.142  -78.049  -40.844 0.0000000000
4376  1.309  -78.678  -41.331 0.0000000000
3713  3.213  -79.751  -41.589 0.0000000000
3712  4.562  -80.241  -41.751 0.0000000000
909  -9.346  -85.003  -42.412 0.0000000000
14641  -11.502  -64.036  -22.069 0.0000000000
14656  -11.510  -64.799  -22.289 0.0000000000
15490  -10.883  -63.709  -21.511 0.0000000000
115080  -9.665  -62.950  -20.099 0.0000000000
15469  -8.815  -63.000  -19.651 0.0000000000
119326  -6.749  -63.495  -18.662 0.0000000000
105230  -8.348  -62.939  -17.073 0.0000000000
15404  -6.853  -63.309  -17.778 0.0000000000
14585  -4.877  -64.172  -18.442 0.0000000000
14566  -3.665  -64.357  -17.378 0.0000000000
14543  -2.635  -63.394  -16.119 0.0000000000
15383  -1.400  -61.997  -15.696 0.0000000000
13717  -5.397  -65.351  -13.361 0.0000000000
14508  -4.974  -65.004  -13.280 0.0000000000
12870  -1.951  -65.841  -12.475 0.0000000000
118869  -2.093  -63.963  -12.762 0.0000000000
14514  -3.198  -63.967  -13.657 0.0000000000
15354  -1.750  -62.777  -13.509 0.0000000000
15365  -1.292  -61.978  -14.726 0.0000000000
16307  -0.422  -61.858  -15.076 0.0000000000
14541  1.190  -64.128  -14.981 0.0000000000
13747  -0.234  -66.135  -16.163 0.0000000000
12948  -0.662  -66.514  -17.633 0.0000000000
11222  -0.078  -67.379  -15.937 0.0000000000
11235  -0.454  -67.653  -17.271 0.0000000000
12106  -0.707  -67.823  -18.074 0.0000000000
11275  -1.125  -68.653  -19.593 0.0000000000
11290  -0.562  -69.183  -20.298 0.0000000000
10494  -1.128  -69.588  -21.612 0.0000000000
13728  5.622  -64.843  -15.659 0.0000000000
13759  4.639  -64.705  -17.918 0.0000000000
12963  2.582  -65.847  -19.377 0.0000000000
13816  4.174  -64.202  -21.345 0.0000000000
12981  2.513  -65.517  -20.336 0.0000000000
12982  1.655  -66.553  -20.542 0.0000000000
119912  0.780  -67.485  -21.203 0.0000000000
11319  -0.141  -68.253  -22.660 0.0000000000
10503  -1.075  -69.626  -22.542 0.0000000000
9764  -1.611  -70.299  -24.019 0.0000000000
9773  -1.604  -70.866  -25.241 0.0000000000
9782  -1.311  -70.998  -26.077 0.0000000000
10539  0.187  -69.248  -26.635 0.0000000000
9790  -0.255  -70.855  -27.206 0.0000000000
9033  -1.274  -71.999  -27.130 0.0000000000
8313  -1.138  -73.202  -28.122 0.0000000000
7572  -0.915  -74.362  -28.890 0.0000000000
6232  -1.261  -75.080  -28.787 0.0000000000
10526  5.459  -68.671  -25.954 0.0000000000
11377  6.150  -68.391  -27.980 0.0000000000
9797  5.397  -69.667  -29.250 0.0000000000
9047  3.858  -71.438  -29.657 0.0000000000
105655  6.414  -73.614  -29.927 0.0000000000
106145  4.642  -72.989  -29.867 0.0000000000
103504  2.505  -73.035  -29.648 0.0000000000
6889  1.922  -74.238  -29.672 0.0000000000
6230  0.244  -75.070  -29.215 0.0000000000
119235  -0.956  -76.595  -28.357 0.0000000000
4199  -0.760  -78.869  -28.594 0.0000000000
2892  0.020  -80.206  -28.812 0.0000000000
2911  0.452  -81.098  -29.966 0.0000000000
2897  3.359  -80.251  -29.405 0.0000000000
114810  2.305  -80.904  -30.185 0.0000000000
2315  0.352  -81.399  -31.506 0.0000000000
2346  1.595  -81.357  -33.279 0.0000000000
2369  1.767  -81.372  -34.802 0.0000000000
103931  1.631  -81.519  -36.237 0.0000000000
2906  9.669  -81.000  -30.979 0.0000000000
2934  9.497  -80.203  -33.147 0.0000000000
2950  8.242  -80.032  -34.283 0.0000000000
1879  9.878  -82.004  -35.540 0.0000000000
2989  9.096  -80.652  -36.533 0.0000000000
2365  6.988  -80.765  -35.482 0.0000000000
1882  5.236  -81.952  -35.349 0.0000000000
1909  3.154  -82.257  -36.404 0.0000000000
121991  2.073  -82.013  -37.493 0.0000000000
1936  1.652  -82.423  -39.008 0.0000000000
1961  1.563  -83.161  -41.186 0.0000000000
1484  0.289  -83.659  -41.952 0.0000000000
1178  3.749  -83.945  -41.606 0.0000000000
1182  2.358  -84.086  -42.451 0.0000000000
1185  -0.531  -84.617  -42.594 0.0000000000
625  -1.629  -85.399  -42.088 0.0000000000
378  -2.644  -86.234  -42.034 0.0000000000
373  -3.574  -87.430  -41.013 0.0000000000
111334  1.858  -87.214  -37.471 0.0000000000
182  0.461  -88.604  -36.870 0.0000000000
194  -0.934  -89.277  -37.433 0.0000000000
205  -3.252  -88.839  -39.335 0.0000000000
361  -5.513  -88.076  -39.709 0.0000000000
350  -6.927  -88.192  -38.843 0.0000000000
104471  -18.719  -59.043  -24.351 0.0000000000
16473  -11.467  -62.949  -24.097 0.0000000000
111418  -12.096  -62.400  -24.702 0.0000000000
17350  -13.072  -62.331  -25.221 0.0000000000
18153  -11.316  -60.812  -25.101 0.0000000000
116445  -12.346  -61.353  -25.113 0.0000000000
110750  -14.398  -61.315  -25.548 0.0000000000
18155  -15.918  -60.815  -25.575 0.0000000000
111365  -16.755  -59.416  -25.427 0.0000000000
19782  -17.165  -58.616  -25.401 0.0000000000
20717  -16.453  -57.743  -25.461 0.0000000000
21655  -15.796  -56.951  -25.457 0.0000000000
21679  -15.204  -56.206  -25.458 0.0000000000
109833  -11.978  -57.341  -25.546 0.0000000000
21677  -13.405  -56.235  -25.474 0.0000000000
111738  -13.749  -55.193  -25.493 0.0000000000
119980  -13.393  -54.201  -25.575 0.0000000000
24237  -12.220  -53.858  -25.706 0.0000000000
25120  -11.200  -52.400  -24.324 0.0000000000
16360  0.108  -61.421  -17.503 0.0000000000
120816  0.052  -61.322  -18.133 0.0000000000
17277  -1.372  -61.322  -20.265 0.0000000000
17274  1.981  -60.555  -19.176 0.0000000000
17290  -0.817  -60.864  -20.775 0.0000000000
17291  -1.664  -61.100  -21.144 0.0000000000
18123  -2.333  -60.368  -22.608 0.0000000000
18932  -2.799  -59.919  -23.149 0.0000000000
19755  -4.238  -58.869  -24.164 0.0000000000
19738  4.582  -58.413  -21.927 0.0000000000
19740  3.370  -57.907  -21.674 0.0000000000
19741  1.748  -58.183  -22.144 0.0000000000
21630  1.722  -56.047  -22.914 0.0000000000
21614  0.775  -56.952  -22.995 0.0000000000
20681  -0.055  -57.854  -23.004 0.0000000000
19753  -2.271  -58.078  -23.569 0.0000000000
19754  -2.987  -58.027  -23.812 0.0000000000
19773  -4.631  -58.153  -24.561 0.0000000000
21651  -5.570  -56.795  -25.075 0.0000000000
114444  -6.775  -56.212  -25.471 0.0000000000
121266  -7.582  -55.196  -25.688 0.0000000000
103187  -5.120  -54.032  -24.333 0.0000000000
23406  -6.320  -54.479  -25.236 0.0000000000
23429  -8.096  -54.529  -25.843 0.0000000000
115659  -8.922  -53.281  -26.253 0.0000000000
25119  -10.188  -52.796  -26.504 0.0000000000
26032  -9.808  -52.069  -26.826 0.0000000000
26047  -8.668  -50.992  -27.349 0.0000000000
27898  -8.042  -49.902  -27.659 0.0000000000
29757  -7.446  -48.337  -28.093 0.0000000000
27890  -6.383  -48.647  -25.713 0.0000000000
28831  -6.797  -47.637  -27.205 0.0000000000
6249  -3.554  -75.443  -31.847 0.0000000000
7612  -2.635  -73.710  -32.639 0.0000000000
8354  -1.635  -72.506  -32.612 0.0000000000
6273  1.428  -75.020  -33.944 0.0000000000
103158  0.979  -73.611  -33.593 0.0000000000
103858  -0.281  -71.509  -32.673 0.0000000000
9844  2.013  -70.890  -33.241 0.0000000000
10617  3.199  -69.874  -33.261 0.0000000000
11454  4.505  -68.479  -33.309 0.0000000000
4318  8.486  -78.802  -38.800 0.0000000000
5672  8.290  -76.539  -36.391 0.0000000000
6957  7.487  -74.270  -36.219 0.0000000000
7659  8.009  -74.104  -39.794 0.0000000000
8402  7.350  -72.953  -37.989 0.0000000000
8376  6.974  -72.021  -35.681 0.0000000000
9883  6.623  -70.133  -36.121 0.0000000000
10643  6.102  -69.181  -35.089 0.0000000000
12314  4.968  -67.677  -33.255 0.0000000000
13159  4.722  -65.970  -33.794 0.0000000000
13990  4.351  -64.957  -34.561 0.0000000000
14814  3.217  -63.231  -36.453 0.0000000000
14828  2.314  -63.421  -37.803 0.0000000000
102311  2.675  -61.752  -36.008 0.0000000000
6215  -2.802  -75.879  -28.777 0.0000000000
6233  -3.358  -75.709  -29.294 0.0000000000
629  -5.297  -86.382  -42.299 0.0000000000
118580  -5.786  -86.029  -42.830 0.0000000000
120399  -6.805  -86.132  -42.315 0.0000000000
26035  -12.347  -52.545  -26.669 0.0000000000
26036  -13.405  -52.427  -26.852 0.0000000000
115719  -11.138  -51.983  -27.086 0.0000000000
10496  -2.523  -69.155  -21.390 0.0000000000
11308  -2.758  -68.596  -21.358 0.0000000000
11321  -3.114  -69.103  -21.897 0.0000000000
12291  2.018  -67.475  -31.980 0.0000000000
110509  1.582  -66.931  -31.564 0.0000000000
121491  2.200  -66.839  -31.888 0.0000000000
13136  2.576  -66.303  -32.044 0.0000000000
12302  3.749  -67.128  -32.834 0.0000000000
2397  0.367  -81.110  -36.510 0.0000000000
3002  -0.277  -80.701  -36.097 0.0000000000
3014  -0.425  -80.963  -37.073 0.0000000000
12012  5.262  -66.776  -12.317 0.0000000000
117433  4.879  -66.973  -11.830 0.0000000000
12864  4.775  -66.225  -12.290 0.0000000000
12880  5.167  -65.693  -13.215 0.0000000000
112674  4.571  -66.684  -25.160 0.0000000000
13051  5.365  -65.528  -25.660 0.0000000000
12204  5.367  -66.241  -26.091 0.0000000000
13065  5.589  -65.746  -27.210 0.0000000000
12221  5.895  -66.870  -26.821 0.0000000000
3518  9.284  -79.617  -26.697 0.0000000000
4186  9.064  -78.466  -27.292 0.0000000000
114335  9.264  -79.411  -27.693 0.0000000000
3526  9.104  -79.100  -29.009 0.0000000000
3525  9.300  -80.340  -28.354 0.0000000000
15527  -12.783  -64.369  -23.488 0.0000000000
15510  -11.580  -63.769  -22.511 0.0000000000
18964  -6.549  -59.205  -24.748 0.0000000000
120568  -6.070  -58.810  -24.824 0.0000000000
17321  3.020  -61.309  -22.858 0.0000000000
18120  4.213  -60.626  -22.250 0.0000000000
18119  4.347  -59.904  -22.553 0.0000000000
25965  0.873  -51.168  -23.390 0.0000000000
3675  4.656  -79.673  -39.439 0.0000000000
3660  5.149  -79.461  -38.677 0.0000000000
3674  5.704  -79.829  -39.568 0.0000000000
8267  -3.632  -72.272  -25.798 0.0000000000
9015  -3.885  -71.735  -25.213 0.0000000000
9070  -3.283  -71.784  -31.464 0.0000000000
9057  -2.941  -70.921  -31.046 0.0000000000
9832  -2.244  -70.509  -31.186 0.0000000000
9831  -1.589  -70.443  -31.498 0.0000000000
9068  -1.369  -71.028  -32.077 0.0000000000
119171  -1.195  -83.462  -41.230 0.0000000000
1963  -1.529  -82.813  -40.594 0.0000000000
1486  -1.908  -83.524  -41.109 0.0000000000
2493  -8.672  -81.782  -43.364 0.0000000000
2479  -8.469  -81.850  -42.448 0.0000000000
2512  -7.463  -81.571  -44.985 0.0000000000
117278  -8.820  -48.056  -29.401 0.0000000000
116548  -9.545  -48.394  -29.656 0.0000000000
15468  -6.882  -63.585  -20.336 0.0000000000
15444  -4.814  -63.881  -19.829 0.0000000000
16416  -2.895  -61.887  -21.043 0.0000000000
16417  -3.610  -62.258  -21.411 0.0000000000
17292  -2.417  -61.345  -21.505 0.0000000000
19808  3.847  -58.721  -26.946 0.0000000000
19822  3.811  -58.337  -27.909 0.0000000000
22583  -16.343  -55.381  -25.477 0.0000000000
22584  -16.941  -54.918  -25.490 0.0000000000
23438  -16.036  -54.604  -25.531 0.0000000000
113641  -15.264  -54.596  -25.518 0.0000000000
13775  -0.898  -66.024  -18.991 0.0000000000
14655  -1.394  -64.740  -22.289 0.0000000000
14637  -0.832  -64.241  -21.873 0.0000000000
15506  -0.966  -64.116  -22.667 0.0000000000
15505  -0.434  -63.579  -22.276 0.0000000000
12244  -3.276  -67.864  -27.164 0.0000000000
12206  -3.107  -67.182  -25.922 0.0000000000
12225  -2.897  -67.282  -26.794 0.0000000000
14737  1.281  -64.120  -27.902 0.0000000000
15590  1.868  -63.604  -27.472 0.0000000000
16520  2.594  -63.013  -27.086 0.0000000000
15589  2.614  -63.381  -27.841 0.0000000000
118560  3.441  -62.414  -33.309 0.0000000000
16564  3.591  -61.975  -32.729 0.0000000000
102447  3.153  -61.404  -33.977 0.0000000000
17440  3.150  -60.918  -33.275 0.0000000000
3571  -1.505  -79.782  -31.779 0.0000000000
2942  -1.259  -80.281  -32.540 0.0000000000
5000  -1.546  -77.132  -38.382 0.0000000000
5691  -1.598  -76.850  -37.733 0.0000000000
102657  -1.006  -77.173  -38.776 0.0000000000
5012  0.258  -77.452  -39.343 0.0000000000
3717  -4.693  -79.660  -41.184 0.0000000000
3697  -4.258  -79.231  -40.634 0.0000000000
3110  0.313  -81.336  -44.383 0.0000000000
3093  1.599  -81.033  -44.389 0.0000000000
109799  2.231  -81.650  -45.402 0.0000000000
14606  -10.292  -62.917  -18.951 0.0000000000
14587  -10.399  -63.003  -18.108 0.0000000000
115698  -6.527  -64.181  -14.216 0.0000000000
102966  -5.533  -64.211  -14.594 0.0000000000
14526  -4.544  -64.327  -14.404 0.0000000000
14525  -3.838  -64.186  -15.268 0.0000000000
13720  1.018  -64.124  -12.690 0.0000000000
12893  0.578  -65.469  -14.299 0.0000000000
12104  2.209  -67.009  -18.243 0.0000000000
12105  1.690  -67.766  -17.936 0.0000000000
118363  1.729  -67.500  -18.583 0.0000000000
12119  1.460  -67.616  -19.246 0.0000000000
12960  6.000  -65.112  -19.187 0.0000000000
13786  5.884  -64.932  -19.965 0.0000000000
102988  1.485  -65.616  -24.164 0.0000000000
13040  0.750  -66.360  -24.080 0.0000000000
12195  0.547  -66.919  -24.737 0.0000000000
12205  0.451  -67.453  -25.307 0.0000000000
9799  2.585  -70.336  -28.861 0.0000000000
9800  1.696  -70.625  -28.510 0.0000000000
9039  1.454  -71.559  -28.742 0.0000000000
8311  1.030  -72.240  -28.890 0.0000000000
9049  2.078  -71.819  -29.195 0.0000000000
7533  6.292  -73.855  -27.475 0.0000000000
7534  5.371  -73.460  -27.488 0.0000000000
8296  5.417  -72.429  -27.292 0.0000000000
103990  6.490  -72.840  -27.373 0.0000000000
117940  6.902  -72.313  -27.450 0.0000000000
7532  7.136  -72.833  -27.737 0.0000000000
5582  4.575  -76.000  -29.412 0.0000000000
4835  3.890  -77.483  -28.508 0.0000000000
4836  3.086  -77.343  -28.457 0.0000000000
113197  3.412  -78.031  -28.366 0.0000000000
4195  3.441  -78.822  -28.415 0.0000000000
109250  6.543  -79.990  -32.749 0.0000000000
113446  5.480  -80.384  -32.712 0.0000000000
2953  4.861  -80.828  -33.145 0.0000000000
2342  5.252  -81.087  -33.944 0.0000000000
1933  8.074  -82.612  -38.753 0.0000000000
1905  8.269  -82.111  -38.200 0.0000000000
1445  7.093  -82.948  -38.983 0.0000000000
122914  6.202  -82.915  -38.498 0.0000000000
1457  6.020  -83.253  -39.249 0.0000000000
1469  6.078  -83.742  -39.664 0.0000000000
590  2.073  -86.779  -39.876 0.0000000000
358  1.519  -87.713  -39.215 0.0000000000
369  0.605  -87.430  -40.072 0.0000000000
333  -3.009  -88.926  -36.785 0.0000000000
16477  -15.973  -62.416  -25.140 0.0000000000
17355  -17.110  -61.230  -24.585 0.0000000000
17353  -16.049  -61.649  -25.408 0.0000000000
17329  -9.920  -62.046  -24.032 0.0000000000
18986  -12.079  -59.329  -25.499 0.0000000000
122144  -12.593  -59.753  -25.436 0.0000000000
19778  -12.913  -59.343  -25.460 0.0000000000
114672  -13.420  -58.691  -25.461 0.0000000000
114648  -14.117  -58.373  -25.439 0.0000000000
112723  -9.300  -56.068  -25.717 0.0000000000
115877  -10.486  -54.795  -25.729 0.0000000000
23432  -11.080  -53.985  -24.284 0.0000000000
16358  3.676  -62.320  -17.568 0.0000000000
17226  3.195  -61.923  -17.112 0.0000000000
17242  3.755  -61.411  -17.750 0.0000000000
18915  0.167  -59.787  -21.572 0.0000000000
115902  -0.314  -58.670  -22.740 0.0000000000
21628  4.231  -56.058  -22.699 0.0000000000
103434  -2.017  -55.084  -23.582 0.0000000000
22544  -2.755  -55.071  -23.633 0.0000000000
22546  -4.028  -55.628  -24.046 0.0000000000
23384  -3.948  -54.758  -23.885 0.0000000000
26946  -5.473  -50.723  -24.611 0.0000000000
25990  -5.671  -51.486  -24.845 0.0000000000
26011  -6.192  -50.996  -25.084 0.0000000000
26012  -6.836  -51.215  -25.602 0.0000000000
26959  -6.659  -50.391  -25.424 0.0000000000
111870  -0.130  -76.212  -33.909 0.0000000000
116035  -0.495  -75.881  -33.642 0.0000000000
109505  0.357  -76.002  -33.760 0.0000000000
6949  5.531  -74.524  -35.182 0.0000000000
6950  4.972  -74.099  -34.742 0.0000000000
121662  5.735  -72.999  -34.764 0.0000000000
8365  5.517  -72.517  -34.554 0.0000000000
8364  5.993  -72.527  -34.709 0.0000000000
10711  5.191  -69.513  -41.305 0.0000000000
105374  5.140  -68.662  -40.979 0.0000000000
11561  5.366  -68.394  -39.874 0.0000000000
11545  4.987  -67.543  -39.665 0.0000000000
12384  4.572  -66.869  -39.119 0.0000000000
12397  4.068  -66.664  -40.553 0.0000000000
7540  -4.124  -73.563  -27.413 0.0000000000
7555  -3.885  -74.208  -28.136 0.0000000000
6905  -4.365  -74.154  -30.323 0.0000000000
7573  -4.547  -73.610  -29.790 0.0000000000
7586  -4.458  -73.659  -30.810 0.0000000000
7601  -4.267  -73.114  -31.347 0.0000000000
1188  -3.536  -85.365  -42.520 0.0000000000
112555  -4.309  -85.409  -42.789 0.0000000000
109366  -7.231  -85.500  -42.682 0.0000000000
1191  -7.204  -84.627  -42.421 0.0000000000
1505  -8.532  -83.183  -41.855 0.0000000000
1510  -8.746  -84.092  -42.622 0.0000000000
25112  -17.393  -52.538  -26.122 0.0000000000
26053  -14.831  -51.562  -27.718 0.0000000000
26990  -13.290  -51.241  -28.145 0.0000000000
27005  -10.780  -50.780  -28.232 0.0000000000
14583  -3.276  -63.907  -18.002 0.0000000000
15423  -3.307  -63.653  -18.719 0.0000000000
15422  -2.753  -63.333  -18.176 0.0000000000
109819  -1.660  -62.083  -18.000 0.0000000000
15442  -2.301  -62.614  -18.504 0.0000000000
16377  -1.769  -61.948  -18.887 0.0000000000
19852  2.667  -57.414  -31.438 0.0000000000
106656  -18.787  -56.825  -25.049 0.0000000000
21658  -19.195  -56.243  -24.783 0.0000000000
21682  -18.331  -56.084  -25.209 0.0000000000
12983  -1.884  -66.971  -19.940 0.0000000000
12174  -2.980  -67.147  -22.080 0.0000000000
12996  -2.546  -66.551  -21.693 0.0000000000
13833  -2.302  -65.886  -22.144 0.0000000000
108415  -2.554  -65.975  -22.886 0.0000000000
12273  -1.468  -67.500  -29.572 0.0000000000
13103  -1.433  -66.735  -28.767 0.0000000000
110515  -0.788  -66.774  -29.688 0.0000000000
13936  0.742  -65.686  -30.418 0.0000000000
14753  0.936  -64.789  -29.197 0.0000000000
13927  1.203  -64.994  -29.991 0.0000000000
13963  2.954  -65.529  -32.263 0.0000000000
14767  2.660  -64.927  -31.722 0.0000000000
14784  3.124  -64.706  -32.407 0.0000000000
2954  0.153  -80.749  -33.822 0.0000000000
2977  -0.430  -80.433  -34.422 0.0000000000
3636  -2.143  -79.848  -36.885 0.0000000000
104046  -2.083  -79.526  -36.133 0.0000000000
3637  -2.789  -79.000  -36.576 0.0000000000
4307  -3.000  -78.392  -37.093 0.0000000000
106427  -2.917  -78.159  -37.774 0.0000000000
116463  -4.083  -81.993  -44.691 0.0000000000
2523  -1.058  -82.724  -45.905 0.0000000000
12005  1.965  -66.768  -10.966 0.0000000000
12882  3.294  -65.614  -12.086 0.0000000000
12866  1.949  -65.009  -11.070 0.0000000000
12883  2.369  -64.871  -11.748 0.0000000000
12884  1.515  -64.288  -11.974 0.0000000000
12046  1.828  -66.760  -14.145 0.0000000000
12045  2.670  -66.553  -14.020 0.0000000000
115109  3.710  -65.812  -15.129 0.0000000000
118947  3.112  -66.416  -16.397 0.0000000000
12917  2.946  -66.391  -17.092 0.0000000000
12916  3.732  -65.549  -16.719 0.0000000000
13829  5.370  -64.597  -22.556 0.0000000000
13846  5.351  -64.432  -23.692 0.0000000000
13873  5.086  -64.373  -26.310 0.0000000000
108597  4.971  -63.944  -25.448 0.0000000000
13874  4.409  -64.076  -26.097 0.0000000000
13875  3.297  -64.500  -25.636 0.0000000000
13891  3.498  -64.755  -26.492 0.0000000000
122379  2.761  -65.629  -26.601 0.0000000000
13067  3.649  -65.290  -27.257 0.0000000000
121338  4.470  -67.146  -28.981 0.0000000000
12239  4.278  -66.598  -28.574 0.0000000000
11378  3.674  -67.498  -28.670 0.0000000000
11391  3.415  -68.285  -28.779 0.0000000000
4795  7.582  -77.054  -26.616 0.0000000000
5535  7.145  -76.409  -26.810 0.0000000000
5557  6.632  -75.801  -27.015 0.0000000000
5556  7.745  -75.585  -27.133 0.0000000000
121637  8.106  -75.285  -27.897 0.0000000000
5555  8.306  -76.045  -27.717 0.0000000000
4848  8.485  -76.956  -29.647 0.0000000000
4832  8.348  -76.332  -29.089 0.0000000000
4849  7.962  -76.613  -29.925 0.0000000000
4850  7.471  -76.847  -29.639 0.0000000000
4207  7.969  -76.975  -30.820 0.0000000000
4208  7.015  -77.927  -29.837 0.0000000000
3552  8.415  -78.230  -31.564 0.0000000000
3553  7.889  -77.915  -31.712 0.0000000000
3569  8.067  -78.503  -32.145 0.0000000000
3587  7.513  -79.324  -32.403 0.0000000000
113098  8.594  -79.052  -32.240 0.0000000000
1132  8.579  -84.135  -37.649 0.0000000000
844  7.004  -85.618  -38.231 0.0000000000
15512  -14.882  -64.534  -23.173 0.0000000000
15540  -12.786  -63.895  -24.289 0.0000000000
15529  -14.328  -64.240  -24.223 0.0000000000
16474  -12.896  -63.241  -24.898 0.0000000000
104849  -8.029  -60.807  -24.156 0.0000000000
18137  -7.418  -60.368  -24.257 0.0000000000
18966  -8.195  -59.181  -25.037 0.0000000000
18984  -10.439  -59.438  -25.351 0.0000000000
18983  -9.789  -59.116  -25.330 0.0000000000
120130  -8.309  -57.642  -25.539 0.0000000000
119173  -7.842  -56.712  -25.650 0.0000000000
17272  4.335  -60.936  -19.127 0.0000000000
17273  4.437  -61.099  -19.958 0.0000000000
121919  4.523  -59.482  -20.622 0.0000000000
18092  4.228  -59.821  -19.983 0.0000000000
18913  2.766  -59.034  -20.991 0.0000000000
18912  3.959  -58.392  -21.041 0.0000000000
121694  2.727  -53.268  -23.016 0.0000000000
23371  2.810  -53.851  -22.861 0.0000000000
25050  -0.108  -51.995  -23.520 0.0000000000
24184  0.067  -52.863  -23.608 0.0000000000
25059  -0.833  -52.722  -23.829 0.0000000000
24193  -1.704  -53.565  -23.850 0.0000000000
25060  -1.704  -52.765  -23.935 0.0000000000
25061  -2.600  -52.668  -23.965 0.0000000000
25052  -2.037  -51.979  -23.876 0.0000000000
26932  -2.830  -50.076  -23.740 0.0000000000
25976  -3.070  -50.982  -23.884 0.0000000000
25989  -4.757  -50.894  -24.281 0.0000000000
26934  -4.360  -50.178  -24.129 0.0000000000
27856  -4.656  -49.203  -24.192 0.0000000000
114236  -3.908  -49.444  -23.990 0.0000000000
28785  -3.619  -47.344  -23.903 0.0000000000
4966  2.373  -77.423  -36.216 0.0000000000
4945  2.756  -77.238  -35.321 0.0000000000
4964  3.702  -77.551  -36.229 0.0000000000
4291  5.412  -78.016  -36.630 0.0000000000
4963  5.073  -77.417  -35.949 0.0000000000
4962  6.049  -77.479  -36.089 0.0000000000
5632  5.952  -75.910  -35.309 0.0000000000
4941  6.701  -76.960  -35.754 0.0000000000
121456  -2.922  -70.578  -23.528 0.0000000000
9758  -3.541  -70.413  -23.698 0.0000000000
116150  -4.734  -70.780  -25.887 0.0000000000
9775  -4.639  -70.341  -25.246 0.0000000000
10541  -4.730  -69.878  -25.881 0.0000000000
11367  -4.351  -69.041  -26.311 0.0000000000
10556  -4.549  -69.702  -26.925 0.0000000000
8314  -4.662  -72.940  -28.011 0.0000000000
9034  -4.608  -72.458  -27.317 0.0000000000
9042  -4.783  -72.001  -28.211 0.0000000000
9811  -3.084  -69.897  -30.081 0.0000000000
9802  -4.264  -70.185  -28.761 0.0000000000
10580  -3.506  -69.612  -29.346 0.0000000000
10567  -3.165  -68.891  -29.086 0.0000000000
11410  -2.467  -68.558  -29.518 0.0000000000
10578  -2.056  -68.919  -30.191 0.0000000000
10596  -0.431  -69.522  -31.537 0.0000000000
11434  -0.296  -68.792  -31.291 0.0000000000
10595  0.412  -69.146  -31.755 0.0000000000
107054  0.919  -68.414  -31.683 0.0000000000
10594  1.292  -68.994  -32.164 0.0000000000
2437  0.108  -81.899  -39.267 0.0000000000
2427  -0.331  -81.480  -38.695 0.0000000000
2438  -0.675  -81.772  -39.362 0.0000000000
116374  -3.905  -81.940  -40.065 0.0000000000
1952  -3.055  -81.881  -39.962 0.0000000000
107285  -5.238  -80.222  -39.718 0.0000000000
2443  -5.605  -80.909  -39.755 0.0000000000
1489  -4.996  -83.622  -40.819 0.0000000000
1968  -6.506  -82.328  -40.393 0.0000000000
105354  -6.999  -81.381  -42.863 0.0000000000
3051  -6.946  -81.091  -40.606 0.0000000000
3081  -6.787  -81.141  -41.933 0.0000000000
3080  -5.933  -80.761  -41.892 0.0000000000
2477  -6.176  -81.266  -42.752 0.0000000000
2490  -5.558  -81.520  -43.567 0.0000000000
112224  -6.159  -81.593  -44.036 0.0000000000
2536  -6.432  -82.140  -46.482 0.0000000000
2525  -5.672  -82.144  -45.606 0.0000000000
2545  -4.982  -82.737  -47.609 0.0000000000
27929  -11.841  -49.496  -29.723 0.0000000000
101396  -10.755  -48.126  -30.516 0.0000000000
15470  -9.951  -63.123  -20.600 0.0000000000
15488  -9.236  -63.222  -21.455 0.0000000000
15487  -8.507  -63.243  -21.212 0.0000000000
15466  -4.420  -63.539  -20.488 0.0000000000
16438  -5.683  -62.452  -22.524 0.0000000000
17308  -6.068  -61.902  -23.109 0.0000000000
17307  -5.222  -61.743  -22.932 0.0000000000
18125  -4.821  -61.055  -23.280 0.0000000000
18134  -4.427  -60.351  -23.530 0.0000000000
18962  3.864  -59.917  -24.689 0.0000000000
18979  3.953  -59.503  -25.443 0.0000000000
20748  3.618  -57.472  -26.083 0.0000000000
20728  3.735  -57.762  -25.218 0.0000000000
20710  3.937  -57.049  -24.568 0.0000000000
20783  3.296  -56.259  -28.970 0.0000000000
21709  3.222  -55.687  -28.233 0.0000000000
22589  3.111  -55.063  -26.203 0.0000000000
110956  3.802  -55.328  -24.886 0.0000000000
23403  4.004  -53.681  -24.087 0.0000000000
118829  -7.252  -87.181  -39.625 0.0000000000
113671  -8.449  -85.957  -40.282 0.0000000000
597  -8.724  -86.240  -39.512 0.0000000000
23440  -18.300  -54.196  -25.274 0.0000000000
101884  -17.364  -53.189  -25.807 0.0000000000
24241  -16.994  -53.727  -25.681 0.0000000000
24238  -14.666  -53.511  -25.773 0.0000000000
24239  -15.584  -53.368  -25.875 0.0000000000
25123  -13.281  -52.992  -26.216 0.0000000000
115909  -12.550  -53.483  -25.887 0.0000000000
15441  1.748  -63.773  -18.957 0.0000000000
13789  -0.589  -65.243  -19.439 0.0000000000
118658  0.113  -63.926  -20.550 0.0000000000
15463  1.139  -63.607  -20.078 0.0000000000
16394  1.736  -63.091  -20.577 0.0000000000
17303  2.124  -61.856  -22.586 0.0000000000
17323  1.304  -62.037  -23.337 0.0000000000
11331  -3.925  -69.008  -23.336 0.0000000000
12185  -3.731  -68.070  -23.450 0.0000000000
13054  -2.731  -66.539  -25.390 0.0000000000
13042  -3.131  -66.784  -24.454 0.0000000000
13041  -2.667  -66.191  -24.577 0.0000000000
13850  -2.228  -65.566  -23.490 0.0000000000
13865  -2.286  -65.691  -24.278 0.0000000000
13102  -1.031  -66.048  -28.162 0.0000000000
13069  -1.812  -66.285  -26.878 0.0000000000
102050  -0.864  -65.424  -26.958 0.0000000000
13892  -0.817  -65.133  -26.240 0.0000000000
14702  -0.700  -64.376  -25.069 0.0000000000
14693  -1.271  -64.772  -24.522 0.0000000000
111346  -0.356  -63.770  -24.738 0.0000000000
15539  -0.442  -63.517  -23.909 0.0000000000
122775  -0.137  -63.353  -24.463 0.0000000000
16490  0.923  -62.797  -24.971 0.0000000000
16469  1.600  -62.265  -24.637 0.0000000000
17346  1.923  -61.801  -23.950 0.0000000000
107164  2.471  -61.885  -24.882 0.0000000000
108726  3.124  -61.262  -24.845 0.0000000000
17388  3.963  -61.450  -27.713 0.0000000000
18193  3.961  -60.449  -27.409 0.0000000000
119592  3.931  -60.749  -28.229 0.0000000000
16537  3.688  -63.010  -29.108 0.0000000000
107712  3.866  -62.728  -29.805 0.0000000000
107062  3.949  -61.244  -31.275 0.0000000000
17413  4.016  -61.237  -30.429 0.0000000000
18230  3.854  -60.386  -30.123 0.0000000000
19045  3.381  -59.457  -30.841 0.0000000000
19055  2.220  -58.043  -33.089 0.0000000000
4209  -1.936  -78.428  -29.487 0.0000000000
4869  -2.757  -77.411  -30.075 0.0000000000
4868  -2.258  -78.072  -30.177 0.0000000000
4907  -2.046  -78.147  -32.530 0.0000000000
123048  -2.053  -78.054  -32.016 0.0000000000
5623  -1.836  -76.775  -33.252 0.0000000000
4930  -2.040  -77.153  -33.614 0.0000000000
4270  -2.473  -78.485  -34.551 0.0000000000
3610  -1.894  -79.274  -33.997 0.0000000000
105733  -1.963  -76.662  -36.008 0.0000000000
5656  -2.278  -76.856  -35.238 0.0000000000
5675  -0.841  -76.534  -36.220 0.0000000000
4967  1.225  -77.051  -36.233 0.0000000000
4983  0.967  -77.234  -37.245 0.0000000000
4341  2.196  -78.487  -39.459 0.0000000000
4324  2.041  -78.228  -38.817 0.0000000000
4340  2.946  -78.973  -39.478 0.0000000000
3676  3.765  -79.367  -39.444 0.0000000000
3695  3.305  -79.336  -40.237 0.0000000000
2429  -2.054  -81.060  -38.815 0.0000000000
122912  -3.382  -79.830  -38.428 0.0000000000
4365  -3.856  -78.768  -40.095 0.0000000000
4326  -3.681  -78.764  -38.848 0.0000000000
4343  -3.355  -78.505  -39.502 0.0000000000
5030  -2.463  -78.090  -39.707 0.0000000000
4363  -1.939  -78.204  -40.575 0.0000000000
3097  -2.443  -81.061  -43.304 0.0000000000
105797  -2.933  -80.406  -42.648 0.0000000000
3078  -2.070  -80.435  -42.835 0.0000000000
113242  -0.165  -79.286  -42.537 0.0000000000
4394  -0.107  -78.809  -42.101 0.0000000000
4378  -0.527  -78.471  -41.487 0.0000000000
4377  0.441  -78.572  -41.576 0.0000000000
4393  1.113  -78.923  -41.956 0.0000000000
117715  2.387  -79.898  -42.669 0.0000000000
3714  2.427  -79.508  -41.840 0.0000000000
3729  3.265  -80.084  -42.440 0.0000000000
122245  3.806  -80.053  -41.832 0.0000000000
3728  4.374  -80.327  -42.654 0.0000000000
3075  3.967  -80.443  -43.566 0.0000000000
884  -9.477  -85.465  -40.904 0.0000000000
895  -8.807  -85.347  -42.011 0.0000000000
896  -9.803  -85.204  -41.695 0.0000000000
14658  -12.842  -64.916  -22.924 0.0000000000
14639  -10.478  -64.393  -21.274 0.0000000000
15471  -10.456  -63.289  -20.566 0.0000000000
15447  -9.614  -62.729  -18.619 0.0000000000
15446  -7.611  -63.376  -19.193 0.0000000000
14549  -9.562  -63.033  -16.046 0.0000000000
15405  -9.653  -62.883  -16.594 0.0000000000
15384  -8.454  -62.704  -15.617 0.0000000000
107963  -6.057  -63.443  -16.384 0.0000000000
14569  -7.057  -63.100  -16.578 0.0000000000
14568  -5.660  -63.816  -17.498 0.0000000000
14567  -4.484  -64.388  -17.546 0.0000000000
104645  -4.195  -64.535  -16.709 0.0000000000
14524  -3.105  -63.541  -15.220 0.0000000000
120137  -2.091  -62.646  -15.947 0.0000000000
12872  -4.502  -66.376  -12.756 0.0000000000
13716  -4.838  -65.616  -12.966 0.0000000000
110988  -4.359  -65.330  -12.959 0.0000000000
12868  0.420  -65.224  -11.005 0.0000000000
12869  -0.634  -65.198  -11.630 0.0000000000
103790  -2.892  -64.186  -13.249 0.0000000000
14506  -2.322  -63.469  -13.300 0.0000000000
15360  -0.952  -62.251  -13.798 0.0000000000
14522  0.232  -62.307  -14.253 0.0000000000
12933  -0.569  -66.659  -16.911 0.0000000000
12061  1.186  -67.514  -15.132 0.0000000000
12062  0.337  -67.195  -15.293 0.0000000000
11221  0.491  -67.721  -15.972 0.0000000000
11248  0.142  -68.236  -17.444 0.0000000000
11260  -0.701  -68.372  -18.826 0.0000000000
111487  -0.138  -68.693  -18.783 0.0000000000
11289  0.221  -68.948  -20.008 0.0000000000
11307  -1.278  -69.371  -20.855 0.0000000000
11306  -0.544  -69.278  -21.221 0.0000000000
12901  6.402  -65.578  -15.481 0.0000000000
13727  5.923  -65.213  -14.844 0.0000000000
13744  6.222  -65.137  -16.456 0.0000000000
13773  5.369  -64.682  -18.528 0.0000000000
110476  4.428  -64.706  -18.573 0.0000000000
12946  3.562  -65.344  -18.206 0.0000000000
12962  3.497  -65.133  -18.952 0.0000000000
14653  4.592  -63.829  -22.766 0.0000000000
14620  4.711  -64.249  -20.858 0.0000000000
13830  3.688  -64.148  -22.132 0.0000000000
13831  1.708  -65.412  -22.635 0.0000000000
13818  2.367  -65.024  -21.988 0.0000000000
12995  1.990  -65.687  -21.223 0.0000000000
12153  1.230  -66.607  -21.390 0.0000000000
11329  -0.146  -67.962  -23.556 0.0000000000
117951  0.255  -67.791  -22.237 0.0000000000
11320  -0.522  -69.127  -22.135 0.0000000000
11330  -0.515  -68.820  -23.068 0.0000000000
10514  -1.408  -69.926  -23.313 0.0000000000
10513  -0.857  -69.383  -23.428 0.0000000000
105066  -0.666  -69.603  -25.294 0.0000000000
9772  -1.226  -70.242  -24.846 0.0000000000
106097  -0.951  -70.328  -25.705 0.0000000000
11364  1.110  -67.978  -26.839 0.0000000000
10538  0.828  -68.805  -27.091 0.0000000000
9031  0.167  -71.262  -27.857 0.0000000000
9021  -0.922  -71.271  -26.808 0.0000000000
8301  -1.675  -72.777  -27.433 0.0000000000
8300  -0.810  -72.403  -27.813 0.0000000000
8327  0.202  -73.307  -29.079 0.0000000000
7552  -0.601  -73.638  -28.784 0.0000000000
6891  -0.313  -74.626  -29.155 0.0000000000
9017  5.443  -70.850  -26.669 0.0000000000
10537  5.089  -69.794  -26.025 0.0000000000
10536  5.920  -69.452  -26.276 0.0000000000
11362  6.177  -68.599  -26.731 0.0000000000
10551  6.277  -69.447  -26.989 0.0000000000
9045  6.004  -71.268  -29.701 0.0000000000
9807  5.743  -70.471  -29.452 0.0000000000
9046  5.007  -71.080  -29.778 0.0000000000
9809  4.219  -70.552  -29.524 0.0000000000
112250  7.397  -74.634  -29.776 0.0000000000
117362  7.048  -74.010  -29.834 0.0000000000
6885  6.245  -74.311  -29.958 0.0000000000
6887  3.841  -74.470  -29.805 0.0000000000
7567  4.362  -73.782  -29.898 0.0000000000
103979  3.414  -73.938  -29.795 0.0000000000
7568  3.549  -73.242  -29.775 0.0000000000
104049  2.604  -73.751  -29.735 0.0000000000
7569  1.627  -73.532  -29.650 0.0000000000
5567  1.584  -76.542  -28.615 0.0000000000
6211  0.919  -75.736  -28.886 0.0000000000
5568  0.597  -76.730  -28.432 0.0000000000
6212  -0.176  -76.025  -28.603 0.0000000000
5569  -0.349  -77.074  -28.270 0.0000000000
119982  -0.483  -78.105  -28.336 0.0000000000
4838  0.317  -77.546  -28.270 0.0000000000
3530  1.242  -79.812  -28.536 0.0000000000
3531  0.364  -79.718  -28.556 0.0000000000
2891  0.717  -80.331  -28.799 0.0000000000
2900  0.208  -80.650  -29.262 0.0000000000
2899  1.043  -80.776  -29.274 0.0000000000
3542  5.402  -79.302  -29.558 0.0000000000
3543  4.279  -79.797  -29.272 0.0000000000
3556  4.795  -79.781  -30.283 0.0000000000
2922  3.124  -81.156  -31.613 0.0000000000
2909  2.775  -81.046  -30.916 0.0000000000
2313  2.436  -81.333  -31.480 0.0000000000
2302  1.819  -81.324  -30.942 0.0000000000
2314  1.860  -81.474  -31.821 0.0000000000
2334  1.094  -81.411  -32.298 0.0000000000
2333  2.119  -81.487  -32.623 0.0000000000
118518  3.122  -81.783  -34.029 0.0000000000
2368  2.510  -81.654  -34.346 0.0000000000
1885  2.460  -81.750  -35.003 0.0000000000
2384  2.050  -81.608  -35.571 0.0000000000
1899  2.816  -82.007  -35.573 0.0000000000
2296  9.255  -82.291  -29.439 0.0000000000
2330  9.998  -81.999  -32.432 0.0000000000
2312  9.884  -81.763  -31.588 0.0000000000
2948  10.033  -81.163  -33.314 0.0000000000
2935  8.844  -79.770  -33.645 0.0000000000
109508  9.704  -80.461  -34.133 0.0000000000
1881  7.615  -82.857  -34.976 0.0000000000
107649  9.189  -82.551  -35.125 0.0000000000
1880  9.321  -82.344  -36.152 0.0000000000
2381  9.446  -81.225  -37.069 0.0000000000
2382  8.283  -80.882  -36.840 0.0000000000
2990  8.092  -80.441  -35.950 0.0000000000
2383  6.561  -81.375  -36.050 0.0000000000
2366  5.773  -81.268  -34.889 0.0000000000
1896  5.895  -82.088  -36.363 0.0000000000
1918  4.724  -82.783  -37.260 0.0000000000
1908  4.219  -82.534  -36.423 0.0000000000
1919  3.779  -82.624  -37.147 0.0000000000
121074  2.551  -82.021  -36.729 0.0000000000
1920  2.737  -82.254  -37.359 0.0000000000
1921  2.047  -82.245  -38.120 0.0000000000
1934  2.914  -82.622  -38.350 0.0000000000
1472  2.964  -83.170  -40.531 0.0000000000
1947  2.241  -82.915  -39.713 0.0000000000
1473  2.323  -83.126  -40.986 0.0000000000
1482  2.322  -83.472  -42.066 0.0000000000
868  5.464  -84.995  -39.582 0.0000000000
879  5.044  -84.318  -40.076 0.0000000000
880  3.961  -84.744  -40.491 0.0000000000
622  0.894  -85.409  -41.268 0.0000000000
889  2.585  -84.494  -41.923 0.0000000000
890  0.673  -84.798  -42.244 0.0000000000
1184  0.298  -84.379  -42.547 0.0000000000
891  -0.252  -84.913  -42.465 0.0000000000
892  -1.038  -84.961  -42.497 0.0000000000
624  -0.817  -85.451  -41.976 0.0000000000
209  -1.217  -87.552  -40.635 0.0000000000
371  -1.959  -86.888  -41.412 0.0000000000
372  -2.751  -87.208  -41.282 0.0000000000
329  0.823  -88.215  -36.662 0.0000000000
330  -0.079  -88.621  -36.603 0.0000000000
202  -0.171  -88.859  -38.357 0.0000000000
78  -3.582  -89.614  -37.554 0.0000000000
77  -2.808  -89.524  -38.031 0.0000000000
196  -3.611  -89.291  -38.552 0.0000000000
206  -4.168  -88.658  -39.450 0.0000000000
207  -5.005  -88.837  -39.119 0.0000000000
362  -6.330  -87.727  -39.659 0.0000000000
208  -5.919  -88.763  -38.789 0.0000000000
189  -7.097  -89.265  -37.443 0.0000000000
18157  -17.459  -60.639  -24.688 0.0000000000
18973  -18.261  -59.559  -24.591 0.0000000000
16442  -9.701  -63.034  -22.815 0.0000000000
15525  -10.986  -63.230  -23.228 0.0000000000
16456  -10.139  -62.784  -23.399 0.0000000000
110647  -11.274  -62.207  -24.416 0.0000000000
17347  -9.688  -61.131  -24.516 0.0000000000
18152  -10.355  -60.677  -24.922 0.0000000000
18154  -12.904  -60.658  -25.331 0.0000000000
110751  -13.370  -61.381  -25.383 0.0000000000
108309  -14.822  -60.393  -25.516 0.0000000000
111380  -15.715  -59.308  -25.487 0.0000000000
20718  -17.593  -57.768  -25.372 0.0000000000
20715  -14.467  -57.755  -25.449 0.0000000000
21654  -14.848  -56.984  -25.469 0.0000000000
22580  -11.550  -55.503  -25.557 0.0000000000
21676  -12.217  -56.407  -25.546 0.0000000000
21678  -14.315  -56.206  -25.458 0.0000000000
23434  -12.387  -54.465  -25.600 0.0000000000
24235  -10.892  -53.004  -24.646 0.0000000000
24236  -10.946  -53.785  -25.215 0.0000000000
107839  -10.950  -52.536  -24.000 0.0000000000
25107  -11.568  -52.537  -23.884 0.0000000000
25106  -10.882  -53.138  -26.185 0.0000000000
16340  1.912  -62.084  -16.120 0.0000000000
16341  0.404  -61.575  -16.435 0.0000000000
16359  1.133  -61.524  -16.868 0.0000000000
17261  0.094  -61.145  -18.809 0.0000000000
17262  -1.084  -61.433  -19.333 0.0000000000
17276  -0.421  -61.050  -19.888 0.0000000000
17259  3.427  -60.735  -18.378 0.0000000000
18109  -0.302  -60.328  -21.229 0.0000000000
18095  0.161  -60.570  -20.401 0.0000000000
18110  -1.951  -60.816  -21.974 0.0000000000
119640  -3.295  -59.531  -23.483 0.0000000000
106987  -3.472  -58.825  -23.803 0.0000000000
20679  2.737  -57.411  -22.154 0.0000000000
20680  1.236  -57.662  -22.603 0.0000000000
22542  1.005  -55.351  -23.295 0.0000000000
21615  -0.379  -56.929  -23.282 0.0000000000
20682  -1.082  -57.571  -23.327 0.0000000000
19752  -1.617  -58.048  -23.400 0.0000000000
20692  -1.895  -57.366  -23.513 0.0000000000
20694  -3.224  -57.120  -23.916 0.0000000000
110016  -3.744  -57.912  -24.198 0.0000000000
20711  -4.353  -57.294  -24.499 0.0000000000
20712  -5.114  -57.495  -24.876 0.0000000000
21650  -4.826  -56.677  -24.717 0.0000000000
22563  -5.309  -55.311  -24.619 0.0000000000
114217  -6.012  -55.987  -25.199 0.0000000000
22577  -6.767  -55.380  -25.448 0.0000000000
24212  -4.578  -53.681  -24.136 0.0000000000
110787  -4.498  -53.026  -24.250 0.0000000000
24231  -6.666  -53.568  -25.516 0.0000000000
23428  -7.150  -54.476  -25.631 0.0000000000
109267  -7.632  -53.747  -25.867 0.0000000000
107871  -8.876  -53.943  -26.088 0.0000000000
24232  -8.071  -53.133  -26.098 0.0000000000
106228  -8.223  -51.922  -26.523 0.0000000000
25118  -9.152  -52.287  -26.599 0.0000000000
26048  -9.480  -51.437  -27.293 0.0000000000
27897  -7.562  -49.715  -27.177 0.0000000000
28833  -7.659  -49.329  -27.751 0.0000000000
118036  -5.875  -47.920  -25.340 0.0000000000
29755  -6.324  -45.990  -26.763 0.0000000000
5604  -3.065  -76.986  -31.107 0.0000000000
6238  -3.477  -76.015  -30.877 0.0000000000
6248  -3.261  -76.220  -31.757 0.0000000000
109314  -1.568  -74.857  -33.279 0.0000000000
113524  -2.834  -74.424  -32.709 0.0000000000
6930  -2.069  -74.255  -33.002 0.0000000000
113548  -2.371  -73.009  -32.542 0.0000000000
7611  -1.775  -73.417  -32.834 0.0000000000
5620  2.263  -76.314  -34.203 0.0000000000
119213  1.328  -76.173  -33.895 0.0000000000
6272  2.809  -75.660  -34.335 0.0000000000
7618  2.451  -73.575  -33.922 0.0000000000
7619  1.601  -73.156  -33.635 0.0000000000
8361  0.722  -72.822  -33.412 0.0000000000
9085  0.888  -71.948  -33.246 0.0000000000
9077  0.597  -71.245  -32.822 0.0000000000
9083  2.373  -71.634  -33.520 0.0000000000
9081  4.490  -71.057  -34.055 0.0000000000
9842  3.810  -70.412  -33.719 0.0000000000
10616  4.170  -69.494  -33.505 0.0000000000
10615  5.020  -69.283  -33.399 0.0000000000
3672  7.710  -79.526  -39.215 0.0000000000
3671  8.583  -79.217  -39.871 0.0000000000
121073  8.780  -76.338  -38.066 0.0000000000
4959  8.750  -76.873  -37.211 0.0000000000
6300  8.293  -75.676  -36.635 0.0000000000
6293  7.785  -75.490  -35.863 0.0000000000
6301  8.098  -74.921  -36.891 0.0000000000
9151  6.617  -71.414  -39.211 0.0000000000
9150  6.932  -72.391  -39.986 0.0000000000
109514  6.938  -72.025  -38.568 0.0000000000
8386  7.164  -72.373  -36.608 0.0000000000
9129  7.085  -71.722  -37.345 0.0000000000
9098  6.872  -71.150  -35.779 0.0000000000
9899  6.972  -70.867  -36.816 0.0000000000
11502  6.028  -68.561  -36.550 0.0000000000
10666  6.331  -69.230  -35.872 0.0000000000
11477  5.982  -68.579  -35.561 0.0000000000
12324  5.471  -68.153  -34.131 0.0000000000
12339  5.583  -67.953  -35.136 0.0000000000
114259  5.018  -66.913  -33.739 0.0000000000
113944  5.088  -67.056  -34.766 0.0000000000
115084  3.952  -65.785  -37.659 0.0000000000
13188  4.356  -65.650  -35.693 0.0000000000
14009  3.612  -64.555  -36.161 0.0000000000
14813  3.623  -64.139  -35.595 0.0000000000
13251  2.226  -65.266  -40.449 0.0000000000
15667  2.804  -62.352  -36.981 0.0000000000
113332  -3.181  -74.788  -28.564 0.0000000000
6875  -3.936  -74.584  -28.861 0.0000000000
6893  -3.655  -75.071  -29.343 0.0000000000
6904  -4.024  -74.786  -30.277 0.0000000000
636  -4.363  -85.916  -43.036 0.0000000000
112744  -4.875  -85.759  -43.059 0.0000000000
905  -5.840  -85.814  -42.997 0.0000000000
906  -6.591  -85.773  -42.804 0.0000000000
25125  -15.113  -52.503  -26.615 0.0000000000
26051  -12.853  -51.846  -27.415 0.0000000000
26989  -12.324  -51.320  -27.983 0.0000000000
26987  -10.069  -51.153  -27.681 0.0000000000
15403  -2.042  -62.662  -16.653 0.0000000000
118605  -1.657  -62.172  -17.247 0.0000000000
12137  -2.560  -67.996  -20.919 0.0000000000
12155  -2.903  -67.792  -21.527 0.0000000000
12283  -0.121  -67.214  -30.613 0.0000000000
12281  0.783  -67.038  -31.203 0.0000000000
13124  1.193  -66.140  -31.172 0.0000000000
13948  1.783  -65.641  -31.303 0.0000000000
14768  2.156  -65.082  -31.109 0.0000000000
13962  3.685  -65.704  -32.759 0.0000000000
2991  -0.241  -80.544  -35.271 0.0000000000
3003  -1.218  -80.347  -36.400 0.0000000000
2534  -3.666  -83.018  -46.571 0.0000000000
2004  -2.865  -82.896  -46.213 0.0000000000
12014  3.405  -66.578  -11.340 0.0000000000
12004  2.594  -66.410  -10.927 0.0000000000
12865  3.807  -66.098  -11.869 0.0000000000
12031  3.511  -65.897  -13.295 0.0000000000
12890  4.278  -65.629  -13.558 0.0000000000
111979  4.399  -65.347  -14.471 0.0000000000
12903  4.616  -64.956  -15.315 0.0000000000
13024  5.151  -65.742  -23.996 0.0000000000
114953  5.391  -64.616  -24.590 0.0000000000
13889  5.235  -64.974  -27.178 0.0000000000
13066  4.629  -65.263  -27.697 0.0000000000
13082  5.294  -65.734  -27.972 0.0000000000
12238  5.294  -66.475  -28.337 0.0000000000
12237  5.617  -67.248  -28.277 0.0000000000
4819  8.342  -76.980  -27.055 0.0000000000
5554  8.593  -76.721  -27.935 0.0000000000
4818  8.750  -77.430  -27.547 0.0000000000
4191  8.846  -77.678  -28.528 0.0000000000
111568  8.921  -77.814  -29.767 0.0000000000
122293  9.124  -78.550  -30.163 0.0000000000
108496  9.186  -78.793  -30.901 0.0000000000
105956  9.471  -80.092  -30.605 0.0000000000
14677  -13.359  -64.771  -23.303 0.0000000000
18950  -6.690  -59.921  -24.391 0.0000000000
19796  -7.257  -58.054  -25.382 0.0000000000
20733  -6.819  -57.499  -25.411 0.0000000000
17288  4.314  -61.233  -20.957 0.0000000000
18106  4.529  -60.628  -21.371 0.0000000000
25048  1.918  -52.220  -23.218 0.0000000000
26922  -2.091  -50.456  -23.642 0.0000000000
27837  -2.246  -49.528  -23.599 0.0000000000
27846  -2.956  -48.946  -23.702 0.0000000000
4322  3.788  -78.774  -38.049 0.0000000000
4305  4.090  -78.466  -37.365 0.0000000000
4321  4.598  -78.952  -37.972 0.0000000000
4320  5.595  -79.031  -37.937 0.0000000000
4319  6.714  -78.955  -37.754 0.0000000000
9007  -3.440  -71.313  -24.662 0.0000000000
9766  -3.846  -70.792  -24.284 0.0000000000
118574  -4.449  -71.200  -25.371 0.0000000000
9783  -4.716  -71.205  -26.522 0.0000000000
116311  -4.463  -72.080  -30.258 0.0000000000
9813  -4.505  -71.119  -28.976 0.0000000000
9050  -4.163  -71.264  -29.882 0.0000000000
9823  -3.398  -70.656  -30.350 0.0000000000
10591  -2.320  -69.573  -30.428 0.0000000000
10590  -1.601  -69.339  -30.722 0.0000000000
9821  -1.908  -69.944  -30.978 0.0000000000
10597  -1.184  -69.770  -31.267 0.0000000000
9829  0.096  -69.962  -32.119 0.0000000000
1950  -1.084  -82.287  -39.991 0.0000000000
1964  -2.440  -82.722  -40.509 0.0000000000
1976  -7.853  -82.449  -41.393 0.0000000000
1969  -7.186  -82.356  -40.788 0.0000000000
2468  -7.841  -81.805  -41.696 0.0000000000
2478  -7.554  -81.499  -42.201 0.0000000000
110311  -7.036  -81.486  -43.896 0.0000000000
110745  -7.200  -81.741  -45.906 0.0000000000
27928  -10.839  -49.442  -29.523 0.0000000000
28859  -10.376  -48.684  -29.910 0.0000000000
106727  -9.939  -47.802  -30.166 0.0000000000
100907  -8.960  -46.418  -29.556 0.0000000000
15485  -5.866  -63.474  -21.285 0.0000000000
16379  -3.131  -62.681  -20.022 0.0000000000
16398  -4.019  -62.982  -21.008 0.0000000000
17305  -3.531  -61.125  -22.617 0.0000000000
18996  3.934  -59.668  -26.776 0.0000000000
103542  3.926  -59.110  -26.132 0.0000000000
22610  2.852  -54.712  -28.288 0.0000000000
23447  2.461  -53.782  -26.512 0.0000000000
23425  3.354  -53.821  -25.071 0.0000000000
23426  2.000  -53.025  -26.216 0.0000000000
23407  -18.941  -54.815  -24.907 0.0000000000
23439  -17.439  -54.288  -25.482 0.0000000000
23437  -15.409  -53.986  -25.612 0.0000000000
109115  -14.017  -53.864  -25.613 0.0000000000
14564  0.360  -65.273  -17.257 0.0000000000
14582  0.141  -65.024  -18.386 0.0000000000
103635  -1.540  -65.387  -21.182 0.0000000000
16415  0.243  -63.171  -21.857 0.0000000000
16436  0.071  -62.887  -22.705 0.0000000000
11341  -4.186  -68.423  -24.974 0.0000000000
12196  -3.697  -67.669  -24.427 0.0000000000
12207  -3.660  -67.747  -25.443 0.0000000000
13907  -0.078  -64.965  -28.028 0.0000000000
14739  -0.306  -64.875  -27.062 0.0000000000
14721  0.241  -64.208  -26.676 0.0000000000
15554  0.622  -63.367  -25.568 0.0000000000
15574  0.771  -63.622  -26.278 0.0000000000
16505  2.140  -62.772  -26.224 0.0000000000
16488  2.682  -62.239  -25.770 0.0000000000
16504  2.874  -62.461  -26.498 0.0000000000
17403  3.838  -62.227  -28.153 0.0000000000
114486  3.837  -62.473  -31.644 0.0000000000
18240  3.377  -60.398  -31.998 0.0000000000
102911  3.109  -60.421  -32.806 0.0000000000
18256  2.423  -59.752  -33.994 0.0000000000
110890  -1.487  -79.302  -30.345 0.0000000000
4216  -1.794  -78.708  -30.314 0.0000000000
4224  -1.590  -79.101  -31.093 0.0000000000
110782  -1.818  -78.779  -31.975 0.0000000000
4239  -1.972  -78.824  -32.717 0.0000000000
104973  -2.781  -77.419  -36.084 0.0000000000
5676  -2.385  -76.977  -36.553 0.0000000000
116033  -1.697  -76.695  -36.916 0.0000000000
5704  0.075  -77.010  -37.869 0.0000000000
108378  0.951  -77.405  -37.976 0.0000000000
4998  0.564  -77.383  -38.609 0.0000000000
123066  0.949  -77.629  -39.137 0.0000000000
106121  1.586  -78.299  -40.044 0.0000000000
3030  -4.551  -79.876  -39.360 0.0000000000
3663  -4.147  -79.280  -39.049 0.0000000000
3698  -4.503  -79.225  -39.892 0.0000000000
4381  -3.281  -79.029  -41.090 0.0000000000
2486  -0.750  -81.634  -44.420 0.0000000000
3077  -1.329  -80.416  -43.015 0.0000000000
3095  -0.599  -80.995  -43.635 0.0000000000
3744  0.234  -79.875  -43.037 0.0000000000
3743  1.056  -80.007  -43.186 0.0000000000
3742  1.931  -80.216  -43.361 0.0000000000
3091  3.368  -80.707  -44.450 0.0000000000
108037  2.812  -81.321  -45.393 0.0000000000
14623  -10.527  -63.456  -20.613 0.0000000000
14607  -10.413  -63.025  -19.895 0.0000000000
101887  -10.262  -62.773  -18.329 0.0000000000
15425  -9.879  -62.702  -17.701 0.0000000000
15367  -7.923  -62.736  -14.548 0.0000000000
14546  -5.572  -63.972  -15.698 0.0000000000
117519  -4.618  -64.387  -16.306 0.0000000000
12871  -3.483  -66.845  -12.538 0.0000000000
13704  0.993  -64.511  -11.179 0.0000000000
110299  -0.371  -63.678  -11.834 0.0000000000
14505  -0.866  -63.212  -12.158 0.0000000000
15353  -0.928  -62.773  -13.003 0.0000000000
14504  -0.091  -63.012  -12.589 0.0000000000
14513  0.716  -63.495  -13.385 0.0000000000
12904  0.005  -66.013  -15.354 0.0000000000
12092  1.581  -67.919  -17.096 0.0000000000
11247  0.979  -68.295  -17.683 0.0000000000
11258  0.470  -68.506  -18.397 0.0000000000
11272  0.922  -68.330  -19.048 0.0000000000
11288  0.901  -68.176  -19.825 0.0000000000
12135  0.585  -68.224  -20.638 0.0000000000
12929  6.272  -65.542  -17.084 0.0000000000
13757  6.116  -64.989  -17.383 0.0000000000
104729  6.023  -64.930  -18.358 0.0000000000
13772  5.760  -64.806  -19.362 0.0000000000
14599  5.246  -64.517  -19.834 0.0000000000
13847  3.175  -64.272  -23.777 0.0000000000
13848  1.972  -65.092  -23.487 0.0000000000
13012  1.071  -66.225  -22.325 0.0000000000
13026  0.543  -66.682  -23.438 0.0000000000
11339  -0.003  -67.832  -24.566 0.0000000000
10529  -0.140  -68.967  -25.828 0.0000000000
10552  1.971  -68.862  -28.083 0.0000000000
10553  1.312  -69.235  -27.736 0.0000000000
9788  1.132  -70.100  -27.951 0.0000000000
9041  -0.079  -72.054  -28.153 0.0000000000
9040  0.633  -71.752  -28.423 0.0000000000
106750  0.423  -72.534  -28.729 0.0000000000
7570  0.704  -73.719  -29.521 0.0000000000
9028  5.931  -71.460  -26.937 0.0000000000
9027  6.407  -71.224  -27.124 0.0000000000
9786  6.372  -70.362  -27.204 0.0000000000
9026  6.571  -70.858  -27.786 0.0000000000
9036  6.717  -71.710  -29.064 0.0000000000
8321  6.154  -72.089  -29.858 0.0000000000
5581  5.877  -75.763  -29.772 0.0000000000
6225  5.854  -74.935  -29.993 0.0000000000
115721  5.122  -75.247  -29.866 0.0000000000
6226  4.200  -75.163  -29.738 0.0000000000
5583  3.484  -75.735  -29.313 0.0000000000
5584  2.702  -75.473  -29.289 0.0000000000
5566  2.666  -76.341  -28.814 0.0000000000
4837  2.162  -77.386  -28.401 0.0000000000
109408  0.591  -78.292  -28.266 0.0000000000
109719  1.687  -78.403  -28.280 0.0000000000
4196  2.474  -79.075  -28.366 0.0000000000
2889  2.643  -80.278  -28.911 0.0000000000
2921  6.167  -79.384  -31.380 0.0000000000
115903  4.429  -80.168  -30.850 0.0000000000
110184  4.567  -80.356  -31.542 0.0000000000
2939  3.861  -80.858  -31.939 0.0000000000
2332  3.294  -81.291  -32.234 0.0000000000
104414  2.981  -81.537  -32.770 0.0000000000
2331  3.904  -81.251  -32.767 0.0000000000
2343  4.292  -81.496  -33.612 0.0000000000
1862  3.811  -81.913  -34.159 0.0000000000
1846  9.943  -82.150  -33.471 0.0000000000
1424  8.815  -83.211  -37.061 0.0000000000
1894  9.401  -82.072  -37.250 0.0000000000
1904  9.092  -82.483  -37.963 0.0000000000
1917  5.742  -82.756  -37.630 0.0000000000
1447  4.310  -82.960  -37.945 0.0000000000
1459  3.823  -83.003  -38.717 0.0000000000
1458  4.842  -83.211  -39.049 0.0000000000
109735  4.295  -83.368  -39.878 0.0000000000
1471  3.848  -83.375  -40.881 0.0000000000
588  3.310  -86.178  -39.531 0.0000000000
607  3.436  -85.462  -40.179 0.0000000000
608  2.677  -85.819  -40.269 0.0000000000
609  1.670  -85.732  -40.704 0.0000000000
121498  1.004  -85.946  -40.654 0.0000000000
611  -0.420  -86.165  -41.186 0.0000000000
105318  -0.048  -87.024  -40.634 0.0000000000
184  -1.710  -89.300  -36.830 0.0000000000
71  -2.926  -89.516  -37.130 0.0000000000
16457  -15.725  -63.017  -24.381 0.0000000000
16455  -9.389  -62.416  -23.473 0.0000000000
17348  -10.669  -61.579  -24.579 0.0000000000
18167  -10.774  -60.051  -25.247 0.0000000000
18969  -12.993  -59.980  -25.386 0.0000000000
18971  -14.177  -59.713  -25.423 0.0000000000
19780  -14.939  -58.574  -25.430 0.0000000000
21674  -10.459  -56.743  -25.580 0.0000000000
21675  -11.216  -55.567  -25.579 0.0000000000
22579  -11.163  -54.367  -24.638 0.0000000000
111374  -11.372  -54.611  -25.501 0.0000000000
17227  2.239  -61.684  -16.826 0.0000000000
18107  2.459  -59.650  -20.410 0.0000000000
18094  1.437  -60.294  -19.993 0.0000000000
18122  -1.540  -60.141  -22.369 0.0000000000
19743  -1.786  -58.753  -23.265 0.0000000000
20689  4.500  -57.461  -23.002 0.0000000000
20677  4.441  -57.629  -22.212 0.0000000000
20690  4.402  -56.872  -22.452 0.0000000000
21613  3.804  -56.615  -22.158 0.0000000000
23381  -0.560  -54.338  -23.743 0.0000000000
122753  -0.061  -55.547  -23.528 0.0000000000
102009  -0.957  -55.170  -23.591 0.0000000000
114775  -1.679  -55.905  -23.517 0.0000000000
21632  -2.213  -56.566  -23.568 0.0000000000
21634  -3.549  -56.326  -23.957 0.0000000000
118022  -5.051  -54.625  -24.289 0.0000000000
25077  -4.781  -52.357  -24.385 0.0000000000
25078  -5.438  -52.222  -24.789 0.0000000000
25101  -6.246  -51.907  -25.292 0.0000000000
102717  -6.765  -52.612  -25.633 0.0000000000
25103  -7.604  -52.389  -26.084 0.0000000000
26013  -7.482  -51.522  -26.155 0.0000000000
26030  -7.950  -51.098  -26.791 0.0000000000
26977  -7.485  -50.170  -26.592 0.0000000000
27891  -7.016  -49.255  -26.480 0.0000000000
6259  -2.297  -76.292  -33.018 0.0000000000
6260  -3.026  -75.796  -32.505 0.0000000000
6275  -1.465  -75.827  -33.409 0.0000000000
102166  -0.759  -75.098  -33.484 0.0000000000
106410  -0.025  -74.612  -33.587 0.0000000000
6271  3.796  -75.665  -34.474 0.0000000000
6942  3.294  -74.954  -34.352 0.0000000000
6951  4.105  -74.616  -34.465 0.0000000000
7625  4.329  -73.621  -34.430 0.0000000000
8358  3.465  -72.944  -34.135 0.0000000000
101892  3.117  -72.109  -33.865 0.0000000000
9089  4.026  -71.974  -34.178 0.0000000000
110864  5.062  -71.814  -34.298 0.0000000000
102409  5.955  -71.141  -34.462 0.0000000000
9187  5.818  -71.629  -41.288 0.0000000000
9932  5.774  -70.449  -40.726 0.0000000000
9919  6.265  -70.538  -39.490 0.0000000000
9900  6.642  -70.022  -37.349 0.0000000000
10697  5.888  -68.987  -38.731 0.0000000000
11524  5.868  -68.601  -37.718 0.0000000000
11503  5.437  -67.890  -37.237 0.0000000000
107920  5.110  -67.331  -35.798 0.0000000000
108494  4.855  -67.259  -37.933 0.0000000000
13236  4.188  -66.283  -38.430 0.0000000000
7518  -3.723  -73.263  -26.898 0.0000000000
8283  -3.985  -72.805  -26.385 0.0000000000
110331  -4.566  -73.285  -28.793 0.0000000000
6876  -4.298  -73.999  -28.804 0.0000000000
114415  -4.663  -72.758  -29.586 0.0000000000
8331  -4.174  -72.289  -31.123 0.0000000000
8342  -2.628  -72.274  -32.174 0.0000000000
1499  -2.193  -84.423  -41.764 0.0000000000
1487  -2.797  -83.585  -41.016 0.0000000000
1500  -3.144  -84.551  -41.733 0.0000000000
1501  -4.260  -84.581  -41.748 0.0000000000
1502  -5.671  -84.122  -41.468 0.0000000000
1190  -6.152  -84.757  -42.431 0.0000000000
1503  -6.642  -83.851  -41.490 0.0000000000
1983  -9.064  -82.439  -42.452 0.0000000000
2494  -9.376  -82.253  -43.557 0.0000000000
26014  -17.971  -51.798  -26.184 0.0000000000
116074  -17.137  -51.812  -26.583 0.0000000000
110357  -15.830  -52.289  -26.710 0.0000000000
26039  -16.299  -51.700  -27.048 0.0000000000
26054  -15.703  -51.327  -27.712 0.0000000000
26992  -15.182  -50.938  -28.239 0.0000000000
27009  -14.715  -50.457  -28.737 0.0000000000
27008  -13.765  -50.600  -28.727 0.0000000000
27006  -11.801  -50.745  -28.473 0.0000000000
27910  -11.310  -50.143  -29.028 0.0000000000
28858  -9.032  -48.936  -29.131 0.0000000000
14604  -4.341  -64.054  -19.177 0.0000000000
117435  -3.771  -63.845  -19.146 0.0000000000
15443  -3.335  -63.268  -19.497 0.0000000000
16396  -2.685  -62.119  -20.245 0.0000000000
19832  3.674  -58.026  -28.900 0.0000000000
21742  2.724  -55.403  -30.201 0.0000000000
12965  -1.412  -66.849  -19.176 0.0000000000
13803  -1.582  -65.728  -20.698 0.0000000000
12984  -2.352  -66.955  -20.803 0.0000000000
13819  -1.769  -65.336  -21.859 0.0000000000
12258  -2.480  -67.655  -28.456 0.0000000000
13087  -2.282  -66.841  -27.275 0.0000000000
12242  -2.097  -67.056  -28.149 0.0000000000
13116  -0.124  -66.117  -30.075 0.0000000000
13929  -0.291  -65.704  -29.309 0.0000000000
13919  -0.474  -65.563  -28.508 0.0000000000
13918  0.147  -65.112  -28.871 0.0000000000
14746  0.703  -64.611  -28.367 0.0000000000
14745  1.529  -64.325  -28.706 0.0000000000
15608  2.396  -64.038  -29.036 0.0000000000
15616  2.489  -64.191  -29.759 0.0000000000
15615  2.906  -63.988  -30.443 0.0000000000
14758  2.711  -64.431  -31.125 0.0000000000
15626  3.295  -63.553  -31.401 0.0000000000
108649  3.413  -63.167  -33.355 0.0000000000
2941  -0.626  -80.835  -32.385 0.0000000000
2955  -0.761  -80.474  -33.387 0.0000000000
2978  -1.197  -79.964  -34.200 0.0000000000
102875  -1.667  -79.465  -34.832 0.0000000000
102936  -1.460  -79.868  -35.589 0.0000000000
4294  -2.950  -78.132  -36.358 0.0000000000
5001  -2.107  -77.519  -38.519 0.0000000000
122758  -4.174  -81.152  -42.964 0.0000000000
3079  -4.048  -80.320  -42.197 0.0000000000
2488  -2.831  -81.623  -43.945 0.0000000000
2487  -1.801  -81.623  -44.108 0.0000000000
109836  -2.507  -82.574  -45.565 0.0000000000
2507  -2.111  -82.112  -44.857 0.0000000000
107089  0.469  -82.456  -45.752 0.0000000000
2505  0.998  -82.428  -45.892 0.0000000000
2503  1.662  -82.110  -46.788 0.0000000000
14528  -7.426  -63.749  -14.300 0.0000000000
103607  -5.571  -64.640  -13.877 0.0000000000
12854  1.893  -65.689  -10.752 0.0000000000
12867  1.372  -65.052  -10.811 0.0000000000
12048  0.405  -66.492  -14.740 0.0000000000
105353  1.973  -67.500  -15.624 0.0000000000
12076  2.320  -67.270  -16.510 0.0000000000
13801  5.416  -65.527  -21.156 0.0000000000
13800  5.652  -64.925  -20.664 0.0000000000
13815  5.442  -64.746  -21.537 0.0000000000
14675  5.032  -63.933  -23.081 0.0000000000
14676  4.557  -63.777  -23.649 0.0000000000
13860  5.188  -64.034  -24.652 0.0000000000
14690  4.764  -63.800  -24.577 0.0000000000
14691  4.054  -63.762  -24.450 0.0000000000
13862  3.149  -64.382  -24.743 0.0000000000
13863  2.142  -65.285  -25.018 0.0000000000
13053  1.676  -65.990  -25.524 0.0000000000
12194  1.049  -66.765  -25.620 0.0000000000
13068  1.950  -66.256  -26.199 0.0000000000
12241  2.023  -67.525  -27.353 0.0000000000
13084  3.802  -65.894  -28.015 0.0000000000
12240  3.089  -66.961  -28.049 0.0000000000
10565  2.743  -68.928  -28.560 0.0000000000
112393  2.926  -69.607  -28.840 0.0000000000
6859  6.069  -74.846  -27.314 0.0000000000
6858  7.148  -74.176  -27.549 0.0000000000
7531  7.435  -73.475  -28.071 0.0000000000
6857  7.674  -74.117  -28.338 0.0000000000
6209  7.922  -74.813  -28.744 0.0000000000
6223  7.659  -75.265  -29.735 0.0000000000
5579  7.798  -75.914  -29.664 0.0000000000
5580  7.026  -75.740  -29.855 0.0000000000
4851  6.561  -76.455  -29.555 0.0000000000
4833  6.067  -77.479  -28.983 0.0000000000
4193  5.472  -78.425  -28.771 0.0000000000
3527  5.994  -78.712  -29.182 0.0000000000
3541  6.505  -78.691  -30.064 0.0000000000
4214  8.150  -77.546  -31.159 0.0000000000
3554  6.906  -78.664  -31.075 0.0000000000
2920  6.585  -79.543  -32.008 0.0000000000
2936  7.834  -79.728  -33.258 0.0000000000
1435  8.752  -83.618  -37.513 0.0000000000
1142  8.783  -83.548  -38.228 0.0000000000
1456  7.763  -83.344  -39.106 0.0000000000
1154  6.910  -83.975  -39.460 0.0000000000
858  7.141  -84.828  -39.024 0.0000000000
867  6.339  -84.840  -39.346 0.0000000000
859  5.755  -85.715  -38.955 0.0000000000
559  6.513  -86.351  -37.227 0.0000000000
560  5.183  -86.184  -38.198 0.0000000000
587  4.781  -85.889  -39.166 0.0000000000
103007  3.902  -86.288  -39.047 0.0000000000
342  2.959  -86.602  -38.714 0.0000000000
327  2.224  -87.140  -37.887 0.0000000000
111964  -15.781  -63.183  -23.273 0.0000000000
15530  -15.209  -63.768  -24.072 0.0000000000
121291  -15.272  -63.443  -24.774 0.0000000000
15543  -15.331  -63.075  -25.184 0.0000000000
16476  -14.628  -62.988  -25.446 0.0000000000
18151  -9.258  -60.378  -24.750 0.0000000000
18968  -9.924  -59.963  -25.088 0.0000000000
18985  -11.140  -59.375  -25.441 0.0000000000
19799  -11.421  -58.748  -25.518 0.0000000000
19800  -12.043  -58.363  -25.541 0.0000000000
20737  -10.458  -57.722  -25.526 0.0000000000
19797  -8.912  -57.913  -25.485 0.0000000000
20736  -9.653  -57.440  -25.545 0.0000000000
21673  -9.681  -56.664  -25.614 0.0000000000
15440  3.747  -62.795  -18.862 0.0000000000
16376  4.101  -61.893  -18.290 0.0000000000
16375  4.265  -61.376  -18.750 0.0000000000
18082  4.090  -60.369  -19.206 0.0000000000
18093  3.957  -59.673  -19.734 0.0000000000
18928  1.085  -58.802  -22.056 0.0000000000
23380  1.430  -54.393  -23.248 0.0000000000
24183  1.108  -52.877  -23.264 0.0000000000
24191  0.393  -53.791  -23.601 0.0000000000
109479  -2.551  -54.212  -23.705 0.0000000000
23383  -3.529  -54.088  -23.799 0.0000000000
24195  -3.104  -53.395  -23.861 0.0000000000
25053  -2.867  -51.897  -23.980 0.0000000000
25977  -3.654  -51.788  -24.131 0.0000000000
109017  -4.426  -51.688  -24.264 0.0000000000
27857  -5.533  -49.581  -24.653 0.0000000000
27867  -5.121  -48.326  -24.527 0.0000000000
27847  -3.832  -48.496  -23.916 0.0000000000
28808  -4.634  -47.217  -24.462 0.0000000000
4929  1.144  -76.684  -34.298 0.0000000000
5621  0.791  -76.394  -33.950 0.0000000000
113184  1.713  -76.899  -34.647 0.0000000000
4927  3.115  -76.973  -34.732 0.0000000000
113953  3.419  -76.608  -34.631 0.0000000000
103301  4.223  -77.268  -35.694 0.0000000000
4926  3.964  -76.855  -34.928 0.0000000000
121565  4.048  -76.415  -34.724 0.0000000000
6288  5.282  -75.490  -35.087 0.0000000000
6295  6.134  -75.187  -35.418 0.0000000000
6955  6.253  -74.581  -35.469 0.0000000000
121571  -2.566  -70.124  -22.701 0.0000000000
10516  -3.792  -69.772  -23.452 0.0000000000
11332  -4.238  -69.462  -24.011 0.0000000000
10521  -4.492  -69.918  -24.614 0.0000000000
11342  -4.439  -69.209  -24.685 0.0000000000
11352  -4.033  -68.389  -25.869 0.0000000000
11366  -3.829  -68.371  -26.721 0.0000000000
8284  -4.316  -72.680  -26.712 0.0000000000
9024  -4.570  -71.970  -26.585 0.0000000000
9791  -4.729  -70.683  -27.158 0.0000000000
10569  -4.432  -69.974  -27.864 0.0000000000
10555  -4.087  -69.108  -27.728 0.0000000000
11394  -3.439  -68.645  -28.292 0.0000000000
11381  -3.076  -68.015  -27.996 0.0000000000
11392  -2.179  -67.915  -29.207 0.0000000000
11408  -1.173  -68.033  -30.283 0.0000000000
11424  -1.375  -68.700  -30.488 0.0000000000
11423  -0.765  -68.459  -30.773 0.0000000000
11422  -0.212  -68.093  -31.048 0.0000000000
12282  0.472  -67.824  -31.287 0.0000000000
11432  1.700  -68.234  -32.042 0.0000000000
11444  2.628  -68.014  -32.379 0.0000000000
2412  -0.010  -81.357  -37.906 0.0000000000
3027  -0.824  -81.106  -38.016 0.0000000000
2428  -1.160  -81.315  -38.768 0.0000000000
2440  -2.496  -81.434  -39.414 0.0000000000
2441  -3.955  -80.545  -39.228 0.0000000000
3718  -5.385  -79.832  -40.803 0.0000000000
1966  -4.519  -82.512  -40.286 0.0000000000
2454  -5.345  -81.785  -39.937 0.0000000000
109562  -6.135  -81.543  -39.994 0.0000000000
2444  -6.327  -80.922  -39.952 0.0000000000
3049  -6.193  -80.383  -40.389 0.0000000000
3064  -5.961  -80.169  -40.914 0.0000000000
3098  -4.906  -80.905  -42.487 0.0000000000
2489  -4.751  -81.417  -43.298 0.0000000000
2509  -4.743  -81.779  -44.169 0.0000000000
109569  -4.742  -82.197  -45.103 0.0000000000
110026  -4.634  -82.699  -46.087 0.0000000000
115592  -4.406  -83.031  -47.099 0.0000000000
27913  -14.220  -49.998  -29.272 0.0000000000
28861  -12.477  -49.172  -30.143 0.0000000000
12879  5.844  -65.878  -13.552 0.0000000000
12057  6.353  -66.361  -14.797 0.0000000000
12073  6.252  -66.380  -15.804 0.0000000000
12089  6.101  -66.367  -16.721 0.0000000000
12169  5.072  -66.599  -22.571 0.0000000000
12182  5.024  -66.483  -23.276 0.0000000000
15508  -10.316  -63.378  -21.843 0.0000000000
16422  -8.287  -63.111  -22.174 0.0000000000
16441  -8.363  -62.644  -22.884 0.0000000000
17310  -7.828  -61.994  -23.360 0.0000000000
16439  -6.591  -62.545  -22.669 0.0000000000
17325  -6.444  -61.262  -23.543 0.0000000000
111420  -5.985  -60.731  -23.745 0.0000000000
18949  -5.900  -60.082  -24.172 0.0000000000
18133  3.568  -60.608  -23.605 0.0000000000
18945  4.016  -59.857  -23.596 0.0000000000
18961  4.101  -59.056  -23.671 0.0000000000
19772  4.131  -58.267  -23.809 0.0000000000
19793  3.885  -58.663  -25.388 0.0000000000
118450  3.912  -58.266  -24.655 0.0000000000
107310  4.265  -55.333  -23.557 0.0000000000
20782  3.677  -57.328  -28.283 0.0000000000
20749  3.556  -56.723  -26.540 0.0000000000
21690  3.287  -55.599  -27.156 0.0000000000
22561  4.180  -54.339  -23.463 0.0000000000
23379  3.981  -53.685  -23.524 0.0000000000
23370  3.409  -53.283  -23.378 0.0000000000
24210  3.175  -53.039  -24.841 0.0000000000
24190  3.199  -52.350  -23.843 0.0000000000
25058  2.555  -51.840  -23.696 0.0000000000
3711  5.578  -80.375  -41.590 0.0000000000
3048  6.267  -80.194  -40.679 0.0000000000
115134  6.988  -80.509  -42.098 0.0000000000
375  -6.521  -86.911  -40.540 0.0000000000
109980  -7.334  -86.159  -41.869 0.0000000000
613  -7.893  -86.048  -41.046 0.0000000000
25111  -14.928  -52.970  -26.115 0.0000000000
115629  -11.741  -53.105  -26.241 0.0000000000
15364  0.894  -62.455  -14.928 0.0000000000
15381  2.361  -62.988  -16.027 0.0000000000
15401  2.895  -63.207  -16.760 0.0000000000
15400  3.343  -63.107  -17.488 0.0000000000
120007  0.101  -64.607  -19.231 0.0000000000
16393  3.200  -62.724  -20.027 0.0000000000
16414  1.138  -62.864  -21.467 0.0000000000
17289  3.013  -61.952  -21.585 0.0000000000
105842  2.792  -61.306  -23.525 0.0000000000
11322  -3.546  -68.575  -22.627 0.0000000000
12175  -3.357  -67.574  -22.764 0.0000000000
13014  -3.008  -66.687  -22.901 0.0000000000
121933  -1.751  -65.091  -23.389 0.0000000000
13894  -1.974  -66.127  -26.001 0.0000000000
103526  -1.500  -65.530  -25.693 0.0000000000
13876  -1.726  -65.307  -24.826 0.0000000000
108357  -1.361  -64.658  -23.741 0.0000000000
15524  -0.968  -64.081  -23.414 0.0000000000
16453  -0.139  -62.989  -23.437 0.0000000000
16452  0.457  -62.501  -23.405 0.0000000000
15538  0.183  -63.349  -24.954 0.0000000000
18164  3.566  -60.831  -25.204 0.0000000000
17376  3.335  -61.851  -26.280 0.0000000000
18178  3.683  -61.092  -25.978 0.0000000000
18177  3.946  -60.480  -26.443 0.0000000000
15601  3.010  -63.377  -28.604 0.0000000000
114935  3.621  -62.774  -28.564 0.0000000000
115211  3.988  -61.960  -29.891 0.0000000000
18223  3.884  -60.413  -29.096 0.0000000000
106926  3.852  -59.507  -29.057 0.0000000000
19845  3.622  -58.715  -29.466 0.0000000000
19846  3.239  -58.543  -30.540 0.0000000000
103437  3.072  -59.340  -31.971 0.0000000000
5585  -3.134  -76.390  -29.265 0.0000000000
4853  -2.803  -77.095  -29.233 0.0000000000
5603  -2.345  -77.537  -31.825 0.0000000000
5615  -2.200  -77.048  -32.662 0.0000000000
5637  -0.827  -76.504  -34.308 0.0000000000
3595  -1.964  -79.130  -33.280 0.0000000000
4252  -2.425  -77.780  -33.888 0.0000000000
4948  -2.695  -77.297  -35.293 0.0000000000
4931  -2.374  -77.156  -34.458 0.0000000000
116614  -1.779  -76.759  -34.573 0.0000000000
122827  0.493  -76.646  -34.935 0.0000000000
4947  1.131  -76.833  -35.205 0.0000000000
103739  2.469  -77.786  -37.151 0.0000000000
4982  1.675  -77.635  -37.643 0.0000000000
4981  2.394  -78.163  -38.058 0.0000000000
106841  3.410  -78.982  -38.750 0.0000000000
3016  -2.350  -80.084  -37.630 0.0000000000
3662  -3.726  -79.237  -38.483 0.0000000000
119468  -3.225  -78.669  -37.633 0.0000000000
4325  -2.847  -78.142  -38.685 0.0000000000
5015  -2.083  -77.785  -39.173 0.0000000000
3716  -3.154  -79.754  -41.954 0.0000000000
3715  -2.408  -79.348  -41.809 0.0000000000
3733  -1.660  -79.674  -42.438 0.0000000000
4379  -1.721  -79.036  -41.798 0.0000000000
4380  -2.287  -78.694  -41.195 0.0000000000
107888  -1.403  -78.525  -41.366 0.0000000000
4362  -1.056  -78.004  -40.789 0.0000000000
5028  -0.686  -77.720  -40.253 0.0000000000
5027  0.085  -77.676  -40.108 0.0000000000
116786  0.846  -78.188  -40.656 0.0000000000
111510  1.652  -78.575  -40.703 0.0000000000
122356  1.698  -79.058  -41.774 0.0000000000
4375  2.072  -78.978  -41.155 0.0000000000
3696  2.871  -79.331  -41.012 0.0000000000
3694  3.766  -79.782  -41.040 0.0000000000
119119  4.597  -80.077  -40.923 0.0000000000
3062  5.472  -80.557  -42.819 0.0000000000
3074  5.167  -80.520  -43.723 0.0000000000
3090  4.212  -80.525  -44.399 0.0000000000
630  -7.988  -85.856  -42.054 0.0000000000
907  -7.992  -85.496  -42.523 0.0000000000
908  -8.730  -85.034  -42.622 0.0000000000
1197  -9.503  -84.706  -42.771 0.0000000000
101895  -9.337  -84.207  -42.919 0.0000000000
1511  -9.661  -83.670  -43.048 0.0000000000
118735  -10.457  -63.529  -21.069 0.0000000000
14586  -5.822  -63.789  -18.553 0.0000000000
13721  -6.091  -64.963  -13.769 0.0000000000
109636  -2.991  -65.594  -12.735 0.0000000000
13706  -0.929  -64.270  -11.724 0.0000000000
13707  -1.991  -64.554  -12.490 0.0000000000
13715  -3.209  -64.886  -12.978 0.0000000000
14507  -3.867  -64.730  -13.315 0.0000000000
116371  -2.561  -63.080  -14.124 0.0000000000
115969  -1.810  -62.361  -14.246 0.0000000000
14542  0.380  -65.442  -16.168 0.0000000000
13760  -0.274  -66.042  -17.076 0.0000000000
12078  -0.436  -67.198  -16.385 0.0000000000
11234  -0.027  -67.793  -16.604 0.0000000000
109689  -0.658  -67.062  -16.839 0.0000000000
12093  -0.819  -67.158  -17.622 0.0000000000
12107  -1.116  -67.565  -18.633 0.0000000000
120391  -1.195  -68.142  -19.075 0.0000000000
11274  -0.290  -68.918  -19.442 0.0000000000
11291  -1.396  -69.046  -20.283 0.0000000000
10495  -1.901  -69.477  -21.320 0.0000000000
110441  -1.673  -69.761  -21.906 0.0000000000
13713  5.655  -65.321  -14.071 0.0000000000
12902  5.250  -64.924  -14.676 0.0000000000
13729  4.696  -64.799  -16.231 0.0000000000
13745  5.581  -64.751  -16.756 0.0000000000
13746  4.690  -64.720  -17.115 0.0000000000
12931  3.665  -65.452  -17.484 0.0000000000
12947  2.696  -66.094  -18.585 0.0000000000
14635  5.305  -64.521  -20.939 0.0000000000
14600  4.539  -64.445  -20.112 0.0000000000
13817  3.024  -64.746  -21.250 0.0000000000
13788  3.514  -64.887  -19.759 0.0000000000
12964  1.904  -66.649  -19.747 0.0000000000
12134  1.090  -67.410  -20.594 0.0000000000
12154  0.391  -68.083  -21.435 0.0000000000
12172  0.649  -67.140  -21.979 0.0000000000
111809  -0.070  -68.654  -21.730 0.0000000000
10504  -1.984  -70.021  -22.473 0.0000000000
9754  -2.263  -70.347  -23.236 0.0000000000
116953  -2.367  -70.691  -24.002 0.0000000000
10520  -0.901  -69.588  -24.259 0.0000000000
111303  -1.828  -70.690  -24.548 0.0000000000
9774  -2.499  -71.166  -24.717 0.0000000000
9013  -2.113  -71.470  -25.601 0.0000000000
9023  -2.649  -72.110  -25.996 0.0000000000
12224  0.728  -67.639  -26.043 0.0000000000
11365  0.448  -68.451  -26.340 0.0000000000
10554  0.617  -69.630  -27.325 0.0000000000
9780  -0.039  -70.066  -26.924 0.0000000000
9781  -0.644  -70.529  -26.498 0.0000000000
9022  -1.703  -71.701  -26.401 0.0000000000
8281  -2.162  -72.418  -26.734 0.0000000000
8302  -2.709  -73.123  -27.105 0.0000000000
7538  -2.141  -73.540  -27.770 0.0000000000
7553  -1.534  -73.955  -28.432 0.0000000000
6874  -2.046  -74.731  -28.567 0.0000000000
106505  -2.184  -75.344  -28.605 0.0000000000
6214  -1.991  -75.849  -28.590 0.0000000000
11349  4.322  -67.832  -25.367 0.0000000000
11348  5.446  -67.476  -25.956 0.0000000000
110196  6.133  -67.544  -27.377 0.0000000000
11389  5.417  -67.954  -28.854 0.0000000000
9796  6.218  -70.075  -28.481 0.0000000000
10563  5.726  -69.014  -28.687 0.0000000000
10564  5.000  -68.781  -29.230 0.0000000000
10577  4.530  -69.706  -29.354 0.0000000000
9798  3.562  -70.027  -29.169 0.0000000000
9810  3.201  -70.867  -29.301 0.0000000000
7551  7.232  -72.932  -28.791 0.0000000000
8320  6.834  -72.470  -29.426 0.0000000000
8322  5.512  -72.559  -29.912 0.0000000000
104438  5.565  -73.520  -29.973 0.0000000000
8323  4.607  -72.116  -29.827 0.0000000000
8324  3.368  -72.373  -29.678 0.0000000000
8325  2.322  -72.346  -29.474 0.0000000000
119140  1.771  -72.830  -29.513 0.0000000000
107639  1.157  -74.120  -29.645 0.0000000000
6228  2.288  -74.882  -29.504 0.0000000000
6229  1.255  -74.795  -29.434 0.0000000000
6890  0.482  -74.350  -29.449 0.0000000000
6231  -0.522  -75.232  -28.921 0.0000000000
6213  -1.139  -75.838  -28.576 0.0000000000
5570  -1.740  -76.608  -28.488 0.0000000000
4839  -1.266  -77.371  -28.385 0.0000000000
116745  -1.533  -78.313  -28.752 0.0000000000
3533  -1.076  -79.149  -28.882 0.0000000000
4198  -0.029  -79.001  -28.363 0.0000000000
3532  -0.463  -79.621  -28.758 0.0000000000
3544  -0.958  -79.727  -29.310 0.0000000000
3557  -0.865  -80.297  -29.974 0.0000000000
2912  -0.749  -80.846  -30.759 0.0000000000
114292  3.976  -79.495  -28.714 0.0000000000
2888  3.474  -79.977  -28.888 0.0000000000
112603  2.682  -80.551  -29.587 0.0000000000
2908  3.933  -80.189  -30.204 0.0000000000
106999  3.132  -80.588  -30.245 0.0000000000
2898  1.948  -80.698  -29.365 0.0000000000
2910  1.390  -81.088  -30.040 0.0000000000
2303  0.794  -81.365  -30.751 0.0000000000
2336  -0.429  -81.163  -31.533 0.0000000000
2335  0.085  -81.242  -32.306 0.0000000000
2347  0.660  -81.128  -33.145 0.0000000000
2370  1.103  -81.039  -34.118 0.0000000000
2345  2.544  -81.567  -33.500 0.0000000000
109614  1.915  -81.391  -34.015 0.0000000000
111480  1.043  -80.987  -34.963 0.0000000000
104599  0.986  -81.239  -36.168 0.0000000000
2396  1.091  -81.456  -36.932 0.0000000000
104883  9.481  -81.329  -30.038 0.0000000000
2301  9.759  -82.465  -30.550 0.0000000000
3567  9.750  -80.687  -31.742 0.0000000000
3568  9.359  -79.897  -32.331 0.0000000000
3585  8.889  -79.507  -32.889 0.0000000000
2951  7.021  -80.223  -33.767 0.0000000000
1858  10.021  -81.993  -34.585 0.0000000000
1893  9.717  -81.586  -36.570 0.0000000000
2380  9.955  -81.399  -36.131 0.0000000000
2971  9.898  -80.751  -35.165 0.0000000000
2973  8.639  -80.254  -35.456 0.0000000000
2974  7.503  -80.363  -34.842 0.0000000000
2975  6.317  -80.658  -34.367 0.0000000000
1883  4.203  -82.194  -34.936 0.0000000000
1897  4.705  -82.329  -35.830 0.0000000000
1898  3.739  -82.323  -35.588 0.0000000000
108149  2.355  -81.850  -36.241 0.0000000000
2395  1.998  -81.810  -36.945 0.0000000000
2411  0.755  -81.587  -37.781 0.0000000000
2425  1.195  -81.958  -38.379 0.0000000000
1937  0.841  -82.168  -39.151 0.0000000000
1948  1.343  -82.763  -40.015 0.0000000000
1949  0.519  -82.428  -39.778 0.0000000000
1962  0.587  -83.008  -40.764 0.0000000000
1485  -0.592  -83.850  -41.960 0.0000000000
1167  5.145  -83.929  -40.115 0.0000000000
1177  4.333  -83.939  -40.740 0.0000000000
1493  3.430  -83.784  -42.070 0.0000000000
888  3.130  -84.686  -41.105 0.0000000000
1181  3.159  -84.021  -42.229 0.0000000000
1494  2.908  -83.798  -42.440 0.0000000000
1495  1.952  -83.906  -42.595 0.0000000000
1497  -0.046  -84.227  -42.612 0.0000000000
119639  -0.810  -84.516  -42.545 0.0000000000
1186  -1.638  -84.863  -42.379 0.0000000000
893  -2.424  -85.152  -42.190 0.0000000000
626  -2.485  -85.496  -42.210 0.0000000000
110633  -1.238  -86.338  -41.529 0.0000000000
377  -1.911  -86.135  -41.827 0.0000000000
102744  -3.185  -85.833  -42.476 0.0000000000
379  -3.481  -86.475  -42.164 0.0000000000
380  -4.250  -86.982  -41.692 0.0000000000
381  -5.066  -87.041  -41.227 0.0000000000
563  2.673  -86.495  -37.848 0.0000000000
564  1.324  -87.508  -36.959 0.0000000000
328  1.646  -87.904  -36.993 0.0000000000
344  1.222  -88.343  -38.107 0.0000000000
359  0.605  -88.283  -38.966 0.0000000000
203  -1.248  -88.680  -39.179 0.0000000000
195  -1.878  -89.416  -37.869 0.0000000000
204  -2.346  -88.866  -39.229 0.0000000000
211  -2.924  -88.149  -40.300 0.0000000000
212  -3.660  -88.194  -40.164 0.0000000000
213  -4.398  -87.710  -40.519 0.0000000000
109510  -5.741  -87.285  -40.435 0.0000000000
351  -7.786  -87.831  -38.712 0.0000000000
114112  -6.613  -89.116  -38.049 0.0000000000
200  -7.473  -88.635  -38.146 0.0000000000
352  -8.612  -87.592  -38.355 0.0000000000
19784  -19.022  -58.412  -24.449 0.0000000000
115843  -12.201  -63.261  -24.320 0.0000000000
17351  -14.054  -62.276  -25.534 0.0000000000
111133  -15.370  -61.329  -25.566 0.0000000000
108319  -16.371  -60.148  -25.481 0.0000000000
114684  -15.509  -59.986  -25.524 0.0000000000
107776  -17.209  -60.186  -25.222 0.0000000000
109773  -17.636  -59.474  -25.168 0.0000000000
19783  -18.263  -58.704  -25.046 0.0000000000
21656  -16.839  -56.895  -25.463 0.0000000000
21680  -16.127  -56.118  -25.457 0.0000000000
20739  -12.798  -58.001  -25.514 0.0000000000
20740  -12.976  -57.032  -25.488 0.0000000000
22581  -14.695  -55.578  -25.463 0.0000000000
109698  -14.687  -54.895  -25.483 0.0000000000
23435  -14.150  -54.459  -25.514 0.0000000000
25108  -11.262  -53.925  -25.727 0.0000000000
25121  -11.029  -53.680  -26.033 0.0000000000
26033  -10.827  -52.900  -26.387 0.0000000000
17275  0.721  -60.742  -19.503 0.0000000000
17304  -2.706  -61.006  -22.253 0.0000000000
108790  -2.976  -60.565  -22.785 0.0000000000
18124  -3.566  -60.304  -23.242 0.0000000000
18947  -3.962  -59.612  -23.725 0.0000000000
19756  -4.990  -58.874  -24.459 0.0000000000
18926  4.749  -59.108  -21.815 0.0000000000
19739  4.276  -58.049  -21.617 0.0000000000
114070  0.562  -58.457  -22.515 0.0000000000
21631  0.342  -56.191  -23.326 0.0000000000
19742  -1.005  -58.390  -23.125 0.0000000000
20693  -2.624  -57.247  -23.684 0.0000000000
19774  -5.554  -58.373  -24.819 0.0000000000
20713  -5.961  -57.573  -25.163 0.0000000000
21652  -6.388  -56.816  -25.364 0.0000000000
21672  -7.165  -56.783  -25.544 0.0000000000
22578  -7.530  -56.019  -25.652 0.0000000000
112355  -4.140  -54.047  -23.937 0.0000000000
109335  -4.597  -54.354  -24.067 0.0000000000
23405  -5.575  -54.539  -24.674 0.0000000000
24213  -5.119  -53.153  -24.544 0.0000000000
24214  -5.743  -53.777  -24.942 0.0000000000
23430  -9.287  -54.477  -25.944 0.0000000000
24233  -10.087  -53.888  -26.155 0.0000000000
110219  -9.537  -53.011  -26.368 0.0000000000
25105  -10.635  -53.664  -26.187 0.0000000000
111624  -10.748  -52.806  -26.418 0.0000000000
26049  -10.417  -51.913  -27.034 0.0000000000
26986  -9.281  -50.783  -27.732 0.0000000000
26985  -8.585  -50.317  -27.742 0.0000000000
27003  -9.073  -50.216  -28.176 0.0000000000
27907  -8.368  -49.436  -28.343 0.0000000000
27869  -6.297  -49.557  -25.246 0.0000000000
28827  -5.799  -47.042  -25.672 0.0000000000
28828  -6.554  -48.126  -26.499 0.0000000000
29766  -7.669  -47.191  -28.418 0.0000000000
122807  -3.418  -76.068  -29.905 0.0000000000
6239  -3.819  -75.103  -31.049 0.0000000000
6918  -3.845  -74.603  -31.792 0.0000000000
6261  -3.291  -74.907  -32.468 0.0000000000
6931  -3.471  -74.007  -32.296 0.0000000000
7613  -3.132  -73.168  -32.298 0.0000000000
9079  -1.821  -71.729  -32.278 0.0000000000
6274  0.621  -75.295  -33.752 0.0000000000
6943  2.400  -74.691  -34.155 0.0000000000
6944  1.591  -74.052  -33.797 0.0000000000
7620  0.209  -73.713  -33.476 0.0000000000
8362  -0.274  -72.992  -33.226 0.0000000000
8353  -0.694  -72.318  -32.860 0.0000000000
101818  -1.094  -71.686  -32.509 0.0000000000
9078  -0.701  -71.029  -32.337 0.0000000000
9076  0.584  -70.459  -32.478 0.0000000000
9835  1.368  -70.534  -32.765 0.0000000000
9834  2.279  -70.178  -32.990 0.0000000000
10604  1.770  -69.631  -32.547 0.0000000000
10603  2.625  -69.378  -32.799 0.0000000000
106099  2.895  -68.678  -32.683 0.0000000000
11443  3.532  -68.069  -32.921 0.0000000000
3673  6.962  -79.892  -39.882 0.0000000000
3658  7.531  -79.291  -38.237 0.0000000000
102460  7.943  -78.750  -37.494 0.0000000000
4301  8.754  -78.012  -38.076 0.0000000000
4980  8.431  -77.761  -37.272 0.0000000000
118140  7.794  -78.131  -36.754 0.0000000000
5652  7.404  -75.909  -35.635 0.0000000000
6294  6.975  -75.127  -35.618 0.0000000000
6954  6.752  -74.206  -35.585 0.0000000000
104055  7.940  -74.887  -38.804 0.0000000000
6966  7.988  -74.577  -39.112 0.0000000000
8444  7.646  -73.821  -40.984 0.0000000000
8422  7.272  -73.060  -39.353 0.0000000000
7648  7.666  -73.961  -38.149 0.0000000000
7638  7.363  -73.434  -36.789 0.0000000000
104286  7.043  -72.797  -35.847 0.0000000000
8377  6.546  -72.661  -35.174 0.0000000000
9099  6.356  -71.743  -34.930 0.0000000000
9863  6.361  -70.741  -35.064 0.0000000000
107713  5.903  -70.380  -34.375 0.0000000000
104960  6.255  -69.866  -35.101 0.0000000000
10628  5.844  -69.548  -34.394 0.0000000000
10629  5.396  -69.041  -33.886 0.0000000000
11453  5.133  -68.407  -33.445 0.0000000000
110849  4.289  -67.639  -33.228 0.0000000000
12315  4.586  -66.924  -33.302 0.0000000000
13147  4.139  -66.251  -33.000 0.0000000000
13977  4.128  -65.353  -33.491 0.0000000000
13172  4.797  -66.215  -34.410 0.0000000000
13173  4.525  -65.448  -34.766 0.0000000000
14798  3.999  -64.615  -34.210 0.0000000000
14799  3.609  -63.915  -34.505 0.0000000000
15654  3.247  -62.985  -34.886 0.0000000000
12398  2.955  -66.148  -40.945 0.0000000000
111601  2.812  -64.967  -39.355 0.0000000000
121129  3.067  -64.597  -38.407 0.0000000000
14010  2.051  -63.788  -38.245 0.0000000000
14032  2.557  -64.150  -38.329 0.0000000000
181  1.181  -88.379  -37.123 0.0000000000
183  -0.819  -89.071  -36.558 0.0000000000
186  -2.958  -89.239  -36.926 0.0000000000
193  0.587  -88.731  -37.668 0.0000000000
214  -4.863  -88.201  -39.849 0.0000000000
343  1.834  -87.993  -37.816 0.0000000000
374  -5.122  -87.633  -40.329 0.0000000000
376  -7.241  -86.466  -40.773 0.0000000000
598  -9.639  -86.222  -39.381 0.0000000000
610  0.441  -86.237  -40.768 0.0000000000
612  -6.696  -86.432  -41.589 0.0000000000
627  -3.781  -85.906  -42.844 0.0000000000
637  -5.056  -85.962  -42.955 0.0000000000
638  -6.410  -85.925  -42.712 0.0000000000
869  4.613  -85.088  -39.869 0.0000000000
882  1.711  -84.732  -41.875 0.0000000000
1133  8.231  -84.699  -37.008 0.0000000000
1143  8.285  -84.599  -37.934 0.0000000000
1152  8.638  -83.072  -38.602 0.0000000000
1153  8.349  -83.909  -38.646 0.0000000000
1183  1.334  -84.208  -42.518 0.0000000000
1193  -5.700  -85.441  -42.917 0.0000000000
1196  -8.910  -84.662  -42.731 0.0000000000
1434  9.001  -83.152  -38.135 0.0000000000
1444  8.944  -83.024  -38.361 0.0000000000
1470  4.424  -83.732  -40.622 0.0000000000
1480  3.865  -83.726  -41.481 0.0000000000
1483  1.313  -83.577  -42.065 0.0000000000
1490  -6.089  -83.268  -40.741 0.0000000000
1496  0.902  -84.034  -42.634 0.0000000000
1504  -7.581  -83.328  -41.452 0.0000000000
1506  -9.221  -83.175  -42.422 0.0000000000
1512  -9.962  -84.313  -43.221 0.0000000000
1892  10.072  -81.393  -35.368 0.0000000000
1906  6.531  -82.268  -37.398 0.0000000000
1935  2.378  -82.651  -38.865 0.0000000000
2304  -0.098  -81.279  -30.732 0.0000000000
2385  1.327  -81.261  -35.558 0.0000000000
2410  1.525  -81.819  -37.609 0.0000000000
2442  -4.724  -80.670  -39.523 0.0000000000
2455  -6.773  -81.418  -40.297 0.0000000000
2480  -9.122  -82.155  -42.884 0.0000000000
2492  -7.843  -81.509  -43.121 0.0000000000
2511  -6.392  -81.679  -44.778 0.0000000000
2901  -0.439  -80.293  -29.249 0.0000000000
2907  5.181  -79.827  -31.108 0.0000000000
2933  9.952  -80.998  -32.405 0.0000000000
2949  9.241  -80.169  -34.796 0.0000000000
2972  9.535  -80.615  -35.845 0.0000000000
2988  9.797  -81.091  -36.564 0.0000000000
3029  -3.912  -79.814  -38.851 0.0000000000
3036  -5.920  -80.389  -39.984 0.0000000000
3050  -6.531  -80.781  -40.233 0.0000000000
3066  -7.174  -81.305  -41.341 0.0000000000
3107  3.468  -80.808  -44.992 0.0000000000
3529  2.142  -79.812  -28.568 0.0000000000
3558  -1.229  -79.713  -29.948 0.0000000000
3625  -2.262  -79.048  -35.415 0.0000000000
3677  -4.453  -79.361  -39.543 0.0000000000
4194  4.444  -78.725  -28.561 0.0000000000
4251  -2.126  -78.361  -33.179 0.0000000000
4290  6.292  -78.038  -36.639 0.0000000000
4292  4.422  -77.881  -36.616 0.0000000000
4293  3.713  -77.976  -36.920 0.0000000000
4302  6.961  -78.344  -37.020 0.0000000000
4303  5.957  -78.522  -37.225 0.0000000000
4323  2.679  -78.617  -38.772 0.0000000000
4342  1.527  -77.993  -39.311 0.0000000000
4840  -2.130  -77.345  -28.707 0.0000000000
4917  1.404  -76.598  -34.048 0.0000000000
4928  1.835  -76.770  -34.237 0.0000000000
4942  5.738  -76.746  -35.526 0.0000000000
4943  4.739  -76.907  -35.367 0.0000000000
4960  8.101  -77.407  -36.414 0.0000000000
4965  3.128  -77.749  -36.672 0.0000000000
4968  -2.627  -77.634  -37.017 0.0000000000
4979  9.045  -77.062  -38.134 0.0000000000
4984  -2.046  -77.144  -37.980 0.0000000000
4999  -0.319  -77.176  -38.737 0.0000000000
5014  -1.487  -77.452  -39.045 0.0000000000
5564  4.459  -76.884  -28.819 0.0000000000
5619  3.115  -76.314  -34.451 0.0000000000
5635  2.548  -76.697  -34.407 0.0000000000
5653  6.717  -76.280  -35.546 0.0000000000
5654  -0.320  -76.576  -35.135 0.0000000000
5671  8.605  -75.951  -37.526 0.0000000000
5673  7.554  -76.723  -35.765 0.0000000000
5690  -0.849  -76.671  -37.343 0.0000000000
6199  7.790  -74.757  -27.638 0.0000000000
6227  3.200  -75.019  -29.601 0.0000000000
6311  8.337  -75.523  -38.903 0.0000000000
6873  7.616  -74.209  -29.245 0.0000000000
6945  0.798  -74.363  -33.683 0.0000000000
6953  7.528  -74.856  -35.866 0.0000000000
6965  7.832  -74.364  -37.584 0.0000000000
7519  -4.186  -73.163  -26.899 0.0000000000
7565  6.946  -73.238  -29.677 0.0000000000
7566  6.245  -72.915  -29.919 0.0000000000
7600  -4.128  -73.859  -31.578 0.0000000000
7621  -1.056  -73.053  -32.952 0.0000000000
7623  5.577  -73.562  -34.976 0.0000000000
7624  5.245  -73.223  -34.689 0.0000000000
7628  6.976  -73.441  -35.664 0.0000000000
8294  6.845  -71.605  -27.800 0.0000000000
8328  -4.670  -72.622  -28.759 0.0000000000
8352  0.161  -72.110  -33.089 0.0000000000
8360  1.565  -72.260  -33.451 0.0000000000
9008  -4.088  -71.180  -24.781 0.0000000000
9048  2.828  -71.675  -29.416 0.0000000000
9084  1.444  -71.413  -33.202 0.0000000000
9110  7.104  -71.579  -36.405 0.0000000000
9787  6.077  -70.845  -26.808 0.0000000000
9808  5.041  -70.252  -29.584 0.0000000000
9836  -0.076  -70.728  -32.421 0.0000000000
9840  5.360  -69.916  -33.886 0.0000000000
9843  2.823  -70.733  -33.421 0.0000000000
9851  5.393  -70.905  -34.088 0.0000000000
10505  -2.862  -69.787  -22.328 0.0000000000
10530  -4.622  -69.698  -25.143 0.0000000000
10562  6.252  -69.440  -27.942 0.0000000000
10602  3.492  -68.991  -33.113 0.0000000000
10681  6.428  -69.267  -36.880 0.0000000000
11184  5.167  -67.687  -11.748 0.0000000000
11363  6.027  -67.877  -26.475 0.0000000000
11463  5.801  -68.741  -34.654 0.0000000000
11544  5.526  -68.265  -38.819 0.0000000000
12257  5.024  -66.932  -28.916 0.0000000000
12303  2.824  -67.107  -32.321 0.0000000000
12364  4.848  -67.030  -36.986 0.0000000000
13013  0.617  -66.732  -22.770 0.0000000000
13085  -1.223  -65.893  -27.317 0.0000000000
13101  5.012  -66.265  -28.475 0.0000000000
13802  3.716  -64.564  -20.591 0.0000000000
14618  5.585  -64.708  -20.384 0.0000000000
14619  5.210  -64.462  -20.345 0.0000000000
15385  -9.205  -62.852  -15.604 0.0000000000
21635  -4.168  -56.448  -24.305 0.0000000000
25109  -13.711  -53.380  -25.857 0.0000000000
100910  -11.963  -48.943  -30.298 0.0000000000
101783  -3.187  -85.569  -42.546 0.0000000000
103704  3.118  -77.438  -35.954 0.0000000000
104235  -1.760  -84.928  -42.221 0.0000000000
104607  3.430  -64.396  -37.206 0.0000000000
104819  -0.310  -80.846  -29.960 0.0000000000
105851  2.349  -76.984  -34.651 0.0000000000
105934  8.232  -79.805  -40.430 0.0000000000
106629  6.308  -69.851  -38.533 0.0000000000
107260  -3.308  -81.167  -39.395 0.0000000000
109072  8.046  -77.656  -26.562 0.0000000000
110223  5.971  -73.968  -35.344 0.0000000000
110266  -6.181  -86.250  -42.289 0.0000000000
110472  -2.226  -78.620  -33.779 0.0000000000
110493  1.924  -64.200  -39.148 0.0000000000
110645  -4.729  -71.586  -27.278 0.0000000000
111882  1.703  -79.256  -28.379 0.0000000000
111912  -3.764  -73.378  -31.899 0.0000000000
112749  1.594  -72.305  -29.223 0.0000000000
113118  -0.619  -67.870  -30.571 0.0000000000
113463  -0.100  -89.084  -37.027 0.0000000000
113503  -0.032  -80.572  -43.477 0.0000000000
114661  -5.263  -56.128  -24.837 0.0000000000
115168  -3.626  -68.455  -27.510 0.0000000000
115182  6.516  -85.470  -38.804 0.0000000000
115640  -8.232  -81.589  -44.754 0.0000000000
115749  -12.805  -56.334  -25.495 0.0000000000
115755  9.514  -82.426  -33.248 0.0000000000
115774  9.988  -81.026  -35.987 0.0000000000
115881  -12.760  -52.818  -26.440 0.0000000000
116675  4.421  -75.953  -34.686 0.0000000000
117794  1.160  -81.455  -31.467 0.0000000000
118350  3.987  -78.194  -28.418 0.0000000000
118414  1.834  -52.809  -23.118 0.0000000000
118431  5.202  -67.660  -33.733 0.0000000000
118576  7.689  -84.144  -39.049 0.0000000000
118650  -1.114  -84.786  -42.494 0.0000000000
118738  -0.583  -64.609  -25.753 0.0000000000
118806  -4.605  -71.477  -26.030 0.0000000000
119501  -4.986  -79.584  -40.369 0.0000000000
119529  2.024  -75.643  -34.126 0.0000000000
119721  4.481  -84.497  -40.279 0.0000000000
120046  -4.507  -65.764  -12.813 0.0000000000
120376  -4.726  -86.629  -42.027 0.0000000000
120629  -2.606  -80.321  -38.283 0.0000000000
120986  -10.062  -84.652  -42.946 0.0000000000
121278  6.816  -74.530  -29.946 0.0000000000
121345  3.959  -59.835  -26.088 0.0000000000
121365  4.046  -72.688  -29.793 0.0000000000
121523  -5.006  -84.293  -41.518 0.0000000000
121573  4.023  -61.821  -31.418 0.0000000000
121851  7.938  -76.108  -35.777 0.0000000000
121969  -5.754  -64.888  -13.676 0.0000000000
122073  -0.536  -66.187  -29.516 0.0000000000
122316  0.428  -67.247  -22.512 0.0000000000
122536  -1.263  -53.147  -23.924 0.0000000000
122902  6.318  -75.377  -27.178 0.0000000000
