
Sat Mar 14 10:28:07 CET 2026
cd /out/sourcedata/freesurfer/sub-v2s9x29163_ses-1
setenv SUBJECTS_DIR /out/sourcedata/freesurfer
/opt/freesurfer/bin/recon-all -autorecon1 -i /work/fmriprep_25_2_wf/sub_v2s9x29163_ses_1_wf/anat_fit_wf/anat_validate/sub-v2s9x29163_ses-1_run-1_T1w_noise_corrected_ras_valid.nii.gz -noskullstrip -noT2pial -noFLAIRpial -openmp 16 -subjid sub-v2s9x29163_ses-1 -sd /out/sourcedata/freesurfer

subjid sub-v2s9x29163_ses-1
setenv SUBJECTS_DIR /out/sourcedata/freesurfer
FREESURFER_HOME /opt/freesurfer
Actual FREESURFER_HOME /opt/freesurfer
build-stamp.txt: freesurfer-linux-ubuntu22_x86_64-7.3.2-20220804-6354275
Linux dna075 5.14.0-427.37.1.el9_4.x86_64 #1 SMP PREEMPT_DYNAMIC Fri Sep 13 12:41:50 EDT 2024 x86_64 x86_64 x86_64 GNU/Linux
cputime      unlimited
filesize     unlimited
datasize     unlimited
stacksize    8192 kbytes
coredumpsize 0 kbytes
memoryuse    67108864 kbytes
vmemoryuse   unlimited
descriptors  1024 
memorylocked unlimited
maxproc      2061970 
maxlocks     unlimited
maxsignal    2062029 
maxmessage   819200 
maxnice      0 
maxrtprio    0 
maxrttime    unlimited

               total        used        free      shared  buff/cache   available
Mem:           503Gi        46Gi       403Gi        10Gi        53Gi       443Gi
Swap:             0B          0B          0B

########################################
program versions used
7.3.2 (freesurfer-linux-ubuntu22_x86_64-7.3.2-20220804-6354275)
7.3.2

ProgramName: lta_convert  ProgramArguments: lta_convert -all-info  ProgramVersion: 7.3.2  TimeStamp: 2026/03/14-09:28:07-GMT  BuildTime: Aug  4 2022 06:17:15  BuildStamp: freesurfer-linux-ubuntu22_x86_64-7.3.2-20220804-6354275  User: oesteban  Machine: dna075  Platform: Linux  PlatformVersion: 5.14.0-427.37.1.el9_4.x86_64  CompilerName: GCC  CompilerVersion: 8.4.0
ProgramName: mri_and  ProgramArguments: mri_and -all-info  ProgramVersion: 7.3.2  TimeStamp: 2026/03/14-09:28:07-GMT  BuildTime: Aug  4 2022 06:17:15  BuildStamp: freesurfer-linux-ubuntu22_x86_64-7.3.2-20220804-6354275  User: oesteban  Machine: dna075  Platform: Linux  PlatformVersion: 5.14.0-427.37.1.el9_4.x86_64  CompilerName: GCC  CompilerVersion: 8.4.0
ProgramName: mri_annotation2label  ProgramArguments: mri_annotation2label -all-info  ProgramVersion: 7.3.2  TimeStamp: 2026/03/14-09:28:07-GMT  BuildTime: Aug  4 2022 06:17:15  BuildStamp: freesurfer-linux-ubuntu22_x86_64-7.3.2-20220804-6354275  User: oesteban  Machine: dna075  Platform: Linux  PlatformVersion: 5.14.0-427.37.1.el9_4.x86_64  CompilerName: GCC  CompilerVersion: 8.4.0
ProgramName: mri_aparc2aseg  ProgramArguments: mri_aparc2aseg -all-info  ProgramVersion: 7.3.2  TimeStamp: 2026/03/14-09:28:07-GMT  BuildTime: Aug  4 2022 06:17:15  BuildStamp: freesurfer-linux-ubuntu22_x86_64-7.3.2-20220804-6354275  User: oesteban  Machine: dna075  Platform: Linux  PlatformVersion: 5.14.0-427.37.1.el9_4.x86_64  CompilerName: GCC  CompilerVersion: 8.4.0
ProgramName: mri_surf2volseg  ProgramArguments: mri_surf2volseg -all-info  ProgramVersion: 7.3.2  TimeStamp: 2026/03/14-09:28:07-GMT  BuildTime: Aug  4 2022 06:17:15  BuildStamp: freesurfer-linux-ubuntu22_x86_64-7.3.2-20220804-6354275  User: oesteban  Machine: dna075  Platform: Linux  PlatformVersion: 5.14.0-427.37.1.el9_4.x86_64  CompilerName: GCC  CompilerVersion: 8.4.0
ProgramName: mri_binarize  ProgramArguments: mri_binarize -all-info  ProgramVersion: 7.3.2  TimeStamp: 2026/03/14-09:28:07-GMT  BuildTime: Aug  4 2022 06:17:15  BuildStamp: freesurfer-linux-ubuntu22_x86_64-7.3.2-20220804-6354275  User: oesteban  Machine: dna075  Platform: Linux  PlatformVersion: 5.14.0-427.37.1.el9_4.x86_64  CompilerName: GCC  CompilerVersion: 8.4.0
ProgramName: mri_ca_label  ProgramArguments: mri_ca_label -all-info  ProgramVersion: 7.3.2  TimeStamp: 2026/03/14-09:28:07-GMT  BuildTime: Aug  4 2022 06:17:15  BuildStamp: freesurfer-linux-ubuntu22_x86_64-7.3.2-20220804-6354275  User: oesteban  Machine: dna075  Platform: Linux  PlatformVersion: 5.14.0-427.37.1.el9_4.x86_64  CompilerName: GCC  CompilerVersion: 8.4.0
ProgramName: mri_ca_normalize  ProgramArguments: mri_ca_normalize -all-info  ProgramVersion: 7.3.2  TimeStamp: 2026/03/14-09:28:07-GMT  BuildTime: Aug  4 2022 06:17:15  BuildStamp: freesurfer-linux-ubuntu22_x86_64-7.3.2-20220804-6354275  User: oesteban  Machine: dna075  Platform: Linux  PlatformVersion: 5.14.0-427.37.1.el9_4.x86_64  CompilerName: GCC  CompilerVersion: 8.4.0
ProgramName: mri_ca_register  ProgramArguments: mri_ca_register -all-info  ProgramVersion: 7.3.2  TimeStamp: 2026/03/14-09:28:07-GMT  BuildTime: Aug  4 2022 06:17:15  BuildStamp: freesurfer-linux-ubuntu22_x86_64-7.3.2-20220804-6354275  User: oesteban  Machine: dna075  Platform: Linux  PlatformVersion: 5.14.0-427.37.1.el9_4.x86_64  CompilerName: GCC  CompilerVersion: 8.4.0
ProgramName: mri_cc  ProgramArguments: mri_cc -all-info  ProgramVersion: 7.3.2  TimeStamp: 2026/03/14-09:28:07-GMT  BuildTime: Aug  4 2022 06:17:15  BuildStamp: freesurfer-linux-ubuntu22_x86_64-7.3.2-20220804-6354275  User: oesteban  Machine: dna075  Platform: Linux  PlatformVersion: 5.14.0-427.37.1.el9_4.x86_64  CompilerName: GCC  CompilerVersion: 8.4.0
ProgramName: mri_compute_overlap  ProgramArguments: mri_compute_overlap -all-info  ProgramVersion: 7.3.2  TimeStamp: 2026/03/14-09:28:07-GMT  BuildTime: Aug  4 2022 06:17:15  BuildStamp: freesurfer-linux-ubuntu22_x86_64-7.3.2-20220804-6354275  User: oesteban  Machine: dna075  Platform: Linux  PlatformVersion: 5.14.0-427.37.1.el9_4.x86_64  CompilerName: GCC  CompilerVersion: 8.4.0
ProgramName: mri_compute_seg_overlap  ProgramArguments: mri_compute_seg_overlap -all-info  ProgramVersion: 7.3.2  TimeStamp: 2026/03/14-09:28:07-GMT  BuildTime: Aug  4 2022 06:17:15  BuildStamp: freesurfer-linux-ubuntu22_x86_64-7.3.2-20220804-6354275  User: oesteban  Machine: dna075  Platform: Linux  PlatformVersion: 5.14.0-427.37.1.el9_4.x86_64  CompilerName: GCC  CompilerVersion: 8.4.0
ProgramName: mri_concat  ProgramArguments: mri_concat -all-info  ProgramVersion: 7.3.2  TimeStamp: 2026/03/14-09:28:08-GMT  BuildTime: Aug  4 2022 06:17:15  BuildStamp: freesurfer-linux-ubuntu22_x86_64-7.3.2-20220804-6354275  User: oesteban  Machine: dna075  Platform: Linux  PlatformVersion: 5.14.0-427.37.1.el9_4.x86_64  CompilerName: GCC  CompilerVersion: 8.4.0
ProgramName: mri_concatenate_lta  ProgramArguments: mri_concatenate_lta -all-info  ProgramVersion: 7.3.2  TimeStamp: 2026/03/14-09:28:08-GMT  BuildTime: Aug  4 2022 06:17:15  BuildStamp: freesurfer-linux-ubuntu22_x86_64-7.3.2-20220804-6354275  User: oesteban  Machine: dna075  Platform: Linux  PlatformVersion: 5.14.0-427.37.1.el9_4.x86_64  CompilerName: GCC  CompilerVersion: 8.4.0
mri_convert -all-info 
ProgramName: mri_convert  ProgramArguments: mri_convert -all-info  ProgramVersion: 7.3.2  TimeStamp: 2026/03/14-09:28:08-GMT  BuildTime: Aug  4 2022 06:17:15  BuildStamp: freesurfer-linux-ubuntu22_x86_64-7.3.2-20220804-6354275  User: oesteban  Machine: dna075  Platform: Linux  PlatformVersion: 5.14.0-427.37.1.el9_4.x86_64  CompilerName: GCC  CompilerVersion: 8.4.0
ProgramName: mri_diff  ProgramArguments: mri_diff -all-info  ProgramVersion: 7.3.2  TimeStamp: 2026/03/14-09:28:08-GMT  BuildTime: Aug  4 2022 06:17:15  BuildStamp: freesurfer-linux-ubuntu22_x86_64-7.3.2-20220804-6354275  User: oesteban  Machine: dna075  Platform: Linux  PlatformVersion: 5.14.0-427.37.1.el9_4.x86_64  CompilerName: GCC  CompilerVersion: 8.4.0
ProgramName: mri_edit_wm_with_aseg  ProgramArguments: mri_edit_wm_with_aseg -all-info  ProgramVersion: 7.3.2  TimeStamp: 2026/03/14-09:28:08-GMT  BuildTime: Aug  4 2022 06:17:15  BuildStamp: freesurfer-linux-ubuntu22_x86_64-7.3.2-20220804-6354275  User: oesteban  Machine: dna075  Platform: Linux  PlatformVersion: 5.14.0-427.37.1.el9_4.x86_64  CompilerName: GCC  CompilerVersion: 8.4.0
ProgramName: mri_em_register  ProgramArguments: mri_em_register -all-info  ProgramVersion: 7.3.2  TimeStamp: 2026/03/14-09:28:08-GMT  BuildTime: Aug  4 2022 06:17:15  BuildStamp: freesurfer-linux-ubuntu22_x86_64-7.3.2-20220804-6354275  User: oesteban  Machine: dna075  Platform: Linux  PlatformVersion: 5.14.0-427.37.1.el9_4.x86_64  CompilerName: GCC  CompilerVersion: 8.4.0
ProgramName: mri_fill  ProgramArguments: mri_fill -all-info  ProgramVersion: 7.3.2  TimeStamp: 2026/03/14-09:28:08-GMT  BuildTime: Aug  4 2022 06:17:15  BuildStamp: freesurfer-linux-ubuntu22_x86_64-7.3.2-20220804-6354275  User: oesteban  Machine: dna075  Platform: Linux  PlatformVersion: 5.14.0-427.37.1.el9_4.x86_64  CompilerName: GCC  CompilerVersion: 8.4.0
ProgramName: mri_fuse_segmentations  ProgramArguments: mri_fuse_segmentations -all-info  ProgramVersion: 7.3.2  TimeStamp: 2026/03/14-09:28:08-GMT  BuildTime: Aug  4 2022 06:17:15  BuildStamp: freesurfer-linux-ubuntu22_x86_64-7.3.2-20220804-6354275  User: oesteban  Machine: dna075  Platform: Linux  PlatformVersion: 5.14.0-427.37.1.el9_4.x86_64  CompilerName: GCC  CompilerVersion: 8.4.0
ProgramName: mri_fwhm  ProgramArguments: mri_fwhm -all-info  ProgramVersion: 7.3.2  TimeStamp: 2026/03/14-09:28:08-GMT  BuildTime: Aug  4 2022 06:17:15  BuildStamp: freesurfer-linux-ubuntu22_x86_64-7.3.2-20220804-6354275  User: oesteban  Machine: dna075  Platform: Linux  PlatformVersion: 5.14.0-427.37.1.el9_4.x86_64  CompilerName: GCC  CompilerVersion: 8.4.0
ProgramName: mri_gcut  ProgramArguments: mri_gcut -all-info  ProgramVersion: 7.3.2  TimeStamp: 2026/03/14-09:28:08-GMT  BuildTime: Aug  4 2022 06:17:15  BuildStamp: freesurfer-linux-ubuntu22_x86_64-7.3.2-20220804-6354275  User: oesteban  Machine: dna075  Platform: Linux  PlatformVersion: 5.14.0-427.37.1.el9_4.x86_64  CompilerName: GCC  CompilerVersion: 8.4.0
ProgramName: mri_info  ProgramArguments: mri_info -all-info  ProgramVersion: 7.3.2  TimeStamp: 2026/03/14-09:28:08-GMT  BuildTime: Aug  4 2022 06:17:15  BuildStamp: freesurfer-linux-ubuntu22_x86_64-7.3.2-20220804-6354275  User: oesteban  Machine: dna075  Platform: Linux  PlatformVersion: 5.14.0-427.37.1.el9_4.x86_64  CompilerName: GCC  CompilerVersion: 8.4.0
ProgramName: mri_label2label  ProgramArguments: mri_label2label -all-info  ProgramVersion: 7.3.2  TimeStamp: 2026/03/14-09:28:08-GMT  BuildTime: Aug  4 2022 06:17:15  BuildStamp: freesurfer-linux-ubuntu22_x86_64-7.3.2-20220804-6354275  User: oesteban  Machine: dna075  Platform: Linux  PlatformVersion: 5.14.0-427.37.1.el9_4.x86_64  CompilerName: GCC  CompilerVersion: 8.4.0
ProgramName: mri_label2vol  ProgramArguments: mri_label2vol -all-info  ProgramVersion: 7.3.2  TimeStamp: 2026/03/14-09:28:08-GMT  BuildTime: Aug  4 2022 06:17:15  BuildStamp: freesurfer-linux-ubuntu22_x86_64-7.3.2-20220804-6354275  User: oesteban  Machine: dna075  Platform: Linux  PlatformVersion: 5.14.0-427.37.1.el9_4.x86_64  CompilerName: GCC  CompilerVersion: 8.4.0
ProgramName: mri_log_likelihood  ProgramArguments: mri_log_likelihood -all-info  ProgramVersion: 7.3.2  TimeStamp: 2026/03/14-09:28:08-GMT  BuildTime: Aug  4 2022 06:17:15  BuildStamp: freesurfer-linux-ubuntu22_x86_64-7.3.2-20220804-6354275  User: oesteban  Machine: dna075  Platform: Linux  PlatformVersion: 5.14.0-427.37.1.el9_4.x86_64  CompilerName: GCC  CompilerVersion: 8.4.0
ProgramName: mri_mask  ProgramArguments: mri_mask -all-info  ProgramVersion: 7.3.2  TimeStamp: 2026/03/14-09:28:08-GMT  BuildTime: Aug  4 2022 06:17:15  BuildStamp: freesurfer-linux-ubuntu22_x86_64-7.3.2-20220804-6354275  User: oesteban  Machine: dna075  Platform: Linux  PlatformVersion: 5.14.0-427.37.1.el9_4.x86_64  CompilerName: GCC  CompilerVersion: 8.4.0
ProgramName: mri_matrix_multiply  ProgramArguments: mri_matrix_multiply -all-info  ProgramVersion: 7.3.2  TimeStamp: 2026/03/14-09:28:08-GMT  BuildTime: Aug  4 2022 06:17:15  BuildStamp: freesurfer-linux-ubuntu22_x86_64-7.3.2-20220804-6354275  User: oesteban  Machine: dna075  Platform: Linux  PlatformVersion: 5.14.0-427.37.1.el9_4.x86_64  CompilerName: GCC  CompilerVersion: 8.4.0
ProgramName: mri_normalize  ProgramArguments: mri_normalize -all-info  ProgramVersion: 7.3.2  TimeStamp: 2026/03/14-09:28:08-GMT  BuildTime: Aug  4 2022 06:17:15  BuildStamp: freesurfer-linux-ubuntu22_x86_64-7.3.2-20220804-6354275  User: oesteban  Machine: dna075  Platform: Linux  PlatformVersion: 5.14.0-427.37.1.el9_4.x86_64  CompilerName: GCC  CompilerVersion: 8.4.0
ProgramName: mri_normalize_tp2  ProgramArguments: mri_normalize_tp2 -all-info  ProgramVersion: 7.3.2  TimeStamp: 2026/03/14-09:28:08-GMT  BuildTime: Aug  4 2022 06:17:15  BuildStamp: freesurfer-linux-ubuntu22_x86_64-7.3.2-20220804-6354275  User: oesteban  Machine: dna075  Platform: Linux  PlatformVersion: 5.14.0-427.37.1.el9_4.x86_64  CompilerName: GCC  CompilerVersion: 8.4.0
ProgramName: mri_or  ProgramArguments: mri_or -all-info  ProgramVersion: 7.3.2  TimeStamp: 2026/03/14-09:28:08-GMT  BuildTime: Aug  4 2022 06:17:15  BuildStamp: freesurfer-linux-ubuntu22_x86_64-7.3.2-20220804-6354275  User: oesteban  Machine: dna075  Platform: Linux  PlatformVersion: 5.14.0-427.37.1.el9_4.x86_64  CompilerName: GCC  CompilerVersion: 8.4.0
ProgramName: mri_relabel_hypointensities  ProgramArguments: mri_relabel_hypointensities -all-info  ProgramVersion: 7.3.2  TimeStamp: 2026/03/14-09:28:08-GMT  BuildTime: Aug  4 2022 06:17:15  BuildStamp: freesurfer-linux-ubuntu22_x86_64-7.3.2-20220804-6354275  User: oesteban  Machine: dna075  Platform: Linux  PlatformVersion: 5.14.0-427.37.1.el9_4.x86_64  CompilerName: GCC  CompilerVersion: 8.4.0
ProgramName: mri_relabel_nonwm_hypos  ProgramArguments: mri_relabel_nonwm_hypos -all-info  ProgramVersion: 7.3.2  TimeStamp: 2026/03/14-09:28:08-GMT  BuildTime: Aug  4 2022 06:17:15  BuildStamp: freesurfer-linux-ubuntu22_x86_64-7.3.2-20220804-6354275  User: oesteban  Machine: dna075  Platform: Linux  PlatformVersion: 5.14.0-427.37.1.el9_4.x86_64  CompilerName: GCC  CompilerVersion: 8.4.0
ProgramName: mri_remove_neck  ProgramArguments: mri_remove_neck -all-info  ProgramVersion: 7.3.2  TimeStamp: 2026/03/14-09:28:08-GMT  BuildTime: Aug  4 2022 06:17:15  BuildStamp: freesurfer-linux-ubuntu22_x86_64-7.3.2-20220804-6354275  User: oesteban  Machine: dna075  Platform: Linux  PlatformVersion: 5.14.0-427.37.1.el9_4.x86_64  CompilerName: GCC  CompilerVersion: 8.4.0
7.3.2

ProgramName: mri_robust_register  ProgramArguments: mri_robust_register -all-info  ProgramVersion: 7.3.2  TimeStamp: 2026/03/14-09:28:08-GMT  BuildTime: Aug  4 2022 06:17:15  BuildStamp: freesurfer-linux-ubuntu22_x86_64-7.3.2-20220804-6354275  User: oesteban  Machine: dna075  Platform: Linux  PlatformVersion: 5.14.0-427.37.1.el9_4.x86_64  CompilerName: GCC  CompilerVersion: 8.4.0
7.3.2

ProgramName: mri_robust_template  ProgramArguments: mri_robust_template -all-info  ProgramVersion: 7.3.2  TimeStamp: 2026/03/14-09:28:08-GMT  BuildTime: Aug  4 2022 06:17:15  BuildStamp: freesurfer-linux-ubuntu22_x86_64-7.3.2-20220804-6354275  User: oesteban  Machine: dna075  Platform: Linux  PlatformVersion: 5.14.0-427.37.1.el9_4.x86_64  CompilerName: GCC  CompilerVersion: 8.4.0
ProgramName: mris_anatomical_stats  ProgramArguments: mris_anatomical_stats -all-info  ProgramVersion: 7.3.2  TimeStamp: 2026/03/14-09:28:08-GMT  BuildTime: Aug  4 2022 06:17:15  BuildStamp: freesurfer-linux-ubuntu22_x86_64-7.3.2-20220804-6354275  User: oesteban  Machine: dna075  Platform: Linux  PlatformVersion: 5.14.0-427.37.1.el9_4.x86_64  CompilerName: GCC  CompilerVersion: 8.4.0
ProgramName: mris_ca_label  ProgramArguments: mris_ca_label -all-info  ProgramVersion: 7.3.2  TimeStamp: 2026/03/14-09:28:08-GMT  BuildTime: Aug  4 2022 06:17:15  BuildStamp: freesurfer-linux-ubuntu22_x86_64-7.3.2-20220804-6354275  User: oesteban  Machine: dna075  Platform: Linux  PlatformVersion: 5.14.0-427.37.1.el9_4.x86_64  CompilerName: GCC  CompilerVersion: 8.4.0
ProgramName: mris_calc  ProgramArguments: mris_calc -all-info  ProgramVersion: 7.3.2  TimeStamp: 2026/03/14-09:28:08-GMT  BuildTime: Aug  4 2022 06:17:15  BuildStamp: freesurfer-linux-ubuntu22_x86_64-7.3.2-20220804-6354275  User: oesteban  Machine: dna075  Platform: Linux  PlatformVersion: 5.14.0-427.37.1.el9_4.x86_64  CompilerName: GCC  CompilerVersion: 8.4.0
ProgramName: mris_convert  ProgramArguments: mris_convert -all-info  ProgramVersion: 7.3.2  TimeStamp: 2026/03/14-09:28:08-GMT  BuildTime: Aug  4 2022 06:17:15  BuildStamp: freesurfer-linux-ubuntu22_x86_64-7.3.2-20220804-6354275  User: oesteban  Machine: dna075  Platform: Linux  PlatformVersion: 5.14.0-427.37.1.el9_4.x86_64  CompilerName: GCC  CompilerVersion: 8.4.0
ProgramName: mris_curvature  ProgramArguments: mris_curvature -all-info  ProgramVersion: 7.3.2  TimeStamp: 2026/03/14-09:28:08-GMT  BuildTime: Aug  4 2022 06:17:15  BuildStamp: freesurfer-linux-ubuntu22_x86_64-7.3.2-20220804-6354275  User: oesteban  Machine: dna075  Platform: Linux  PlatformVersion: 5.14.0-427.37.1.el9_4.x86_64  CompilerName: GCC  CompilerVersion: 8.4.0
ProgramName: mris_curvature_stats  ProgramArguments: mris_curvature_stats -all-info  ProgramVersion: 7.3.2  TimeStamp: 2026/03/14-09:28:08-GMT  BuildTime: Aug  4 2022 06:17:15  BuildStamp: freesurfer-linux-ubuntu22_x86_64-7.3.2-20220804-6354275  User: oesteban  Machine: dna075  Platform: Linux  PlatformVersion: 5.14.0-427.37.1.el9_4.x86_64  CompilerName: GCC  CompilerVersion: 8.4.0
ProgramName: mris_diff  ProgramArguments: mris_diff -all-info  ProgramVersion: 7.3.2  TimeStamp: 2026/03/14-09:28:08-GMT  BuildTime: Aug  4 2022 06:17:15  BuildStamp: freesurfer-linux-ubuntu22_x86_64-7.3.2-20220804-6354275  User: oesteban  Machine: dna075  Platform: Linux  PlatformVersion: 5.14.0-427.37.1.el9_4.x86_64  CompilerName: GCC  CompilerVersion: 8.4.0
ProgramName: mris_divide_parcellation  ProgramArguments: mris_divide_parcellation -all-info  ProgramVersion: 7.3.2  TimeStamp: 2026/03/14-09:28:08-GMT  BuildTime: Aug  4 2022 06:17:15  BuildStamp: freesurfer-linux-ubuntu22_x86_64-7.3.2-20220804-6354275  User: oesteban  Machine: dna075  Platform: Linux  PlatformVersion: 5.14.0-427.37.1.el9_4.x86_64  CompilerName: GCC  CompilerVersion: 8.4.0
ProgramName: mri_segment  ProgramArguments: mri_segment -all-info  ProgramVersion: 7.3.2  TimeStamp: 2026/03/14-09:28:08-GMT  BuildTime: Aug  4 2022 06:17:15  BuildStamp: freesurfer-linux-ubuntu22_x86_64-7.3.2-20220804-6354275  User: oesteban  Machine: dna075  Platform: Linux  PlatformVersion: 5.14.0-427.37.1.el9_4.x86_64  CompilerName: GCC  CompilerVersion: 8.4.0
ProgramName: mri_segstats  ProgramArguments: mri_segstats -all-info  ProgramVersion: 7.3.2  TimeStamp: 2026/03/14-09:28:08-GMT  BuildTime: Aug  4 2022 06:17:15  BuildStamp: freesurfer-linux-ubuntu22_x86_64-7.3.2-20220804-6354275  User: oesteban  Machine: dna075  Platform: Linux  PlatformVersion: 5.14.0-427.37.1.el9_4.x86_64  CompilerName: GCC  CompilerVersion: 8.4.0
ProgramName: mris_euler_number  ProgramArguments: mris_euler_number -all-info  ProgramVersion: 7.3.2  TimeStamp: 2026/03/14-09:28:08-GMT  BuildTime: Aug  4 2022 06:17:15  BuildStamp: freesurfer-linux-ubuntu22_x86_64-7.3.2-20220804-6354275  User: oesteban  Machine: dna075  Platform: Linux  PlatformVersion: 5.14.0-427.37.1.el9_4.x86_64  CompilerName: GCC  CompilerVersion: 8.4.0
ProgramName: mris_fix_topology  ProgramArguments: mris_fix_topology -all-info  ProgramVersion: 7.3.2  TimeStamp: 2026/03/14-09:28:08-GMT  BuildTime: Aug  4 2022 06:17:15  BuildStamp: freesurfer-linux-ubuntu22_x86_64-7.3.2-20220804-6354275  User: oesteban  Machine: dna075  Platform: Linux  PlatformVersion: 5.14.0-427.37.1.el9_4.x86_64  CompilerName: GCC  CompilerVersion: 8.4.0
ProgramName: mris_topo_fixer  ProgramArguments: mris_topo_fixer -all-info  ProgramVersion: 7.3.2  TimeStamp: 2026/03/14-09:28:08-GMT  BuildTime: Aug  4 2022 06:17:15  BuildStamp: freesurfer-linux-ubuntu22_x86_64-7.3.2-20220804-6354275  User: oesteban  Machine: dna075  Platform: Linux  PlatformVersion: 5.14.0-427.37.1.el9_4.x86_64  CompilerName: GCC  CompilerVersion: 8.4.0
ProgramName: mris_jacobian  ProgramArguments: mris_jacobian -all-info  ProgramVersion: 7.3.2  TimeStamp: 2026/03/14-09:28:08-GMT  BuildTime: Aug  4 2022 06:17:15  BuildStamp: freesurfer-linux-ubuntu22_x86_64-7.3.2-20220804-6354275  User: oesteban  Machine: dna075  Platform: Linux  PlatformVersion: 5.14.0-427.37.1.el9_4.x86_64  CompilerName: GCC  CompilerVersion: 8.4.0
ProgramName: mris_label2annot  ProgramArguments: mris_label2annot -all-info  ProgramVersion: 7.3.2  TimeStamp: 2026/03/14-09:28:08-GMT  BuildTime: Aug  4 2022 06:17:15  BuildStamp: freesurfer-linux-ubuntu22_x86_64-7.3.2-20220804-6354275  User: oesteban  Machine: dna075  Platform: Linux  PlatformVersion: 5.14.0-427.37.1.el9_4.x86_64  CompilerName: GCC  CompilerVersion: 8.4.0
ProgramName: mris_left_right_register  ProgramArguments: mris_left_right_register -all-info  ProgramVersion: 7.3.2  TimeStamp: 2026/03/14-09:28:08-GMT  BuildTime: Aug  4 2022 06:17:15  BuildStamp: freesurfer-linux-ubuntu22_x86_64-7.3.2-20220804-6354275  User: oesteban  Machine: dna075  Platform: Linux  PlatformVersion: 5.14.0-427.37.1.el9_4.x86_64  CompilerName: GCC  CompilerVersion: 8.4.0
ProgramName: mris_place_surface  ProgramArguments: mris_place_surface -all-info  ProgramVersion: 7.3.2  TimeStamp: 2026/03/14-09:28:08-GMT  BuildTime: Aug  4 2022 06:17:15  BuildStamp: freesurfer-linux-ubuntu22_x86_64-7.3.2-20220804-6354275  User: oesteban  Machine: dna075  Platform: Linux  PlatformVersion: 5.14.0-427.37.1.el9_4.x86_64  CompilerName: GCC  CompilerVersion: 8.4.0
ProgramName: mrisp_paint  ProgramArguments: mrisp_paint -all-info  ProgramVersion: 7.3.2  TimeStamp: 2026/03/14-09:28:08-GMT  BuildTime: Aug  4 2022 06:17:15  BuildStamp: freesurfer-linux-ubuntu22_x86_64-7.3.2-20220804-6354275  User: oesteban  Machine: dna075  Platform: Linux  PlatformVersion: 5.14.0-427.37.1.el9_4.x86_64  CompilerName: GCC  CompilerVersion: 8.4.0
ProgramName: mris_register  ProgramArguments: mris_register -all-info  ProgramVersion: 7.3.2  TimeStamp: 2026/03/14-09:28:08-GMT  BuildTime: Aug  4 2022 06:17:15  BuildStamp: freesurfer-linux-ubuntu22_x86_64-7.3.2-20220804-6354275  User: oesteban  Machine: dna075  Platform: Linux  PlatformVersion: 5.14.0-427.37.1.el9_4.x86_64  CompilerName: GCC  CompilerVersion: 8.4.0
ProgramName: mris_smooth  ProgramArguments: mris_smooth -all-info  ProgramVersion: 7.3.2  TimeStamp: 2026/03/14-09:28:08-GMT  BuildTime: Aug  4 2022 06:17:15  BuildStamp: freesurfer-linux-ubuntu22_x86_64-7.3.2-20220804-6354275  User: oesteban  Machine: dna075  Platform: Linux  PlatformVersion: 5.14.0-427.37.1.el9_4.x86_64  CompilerName: GCC  CompilerVersion: 8.4.0
ProgramName: mris_sphere  ProgramArguments: mris_sphere -all-info  ProgramVersion: 7.3.2  TimeStamp: 2026/03/14-09:28:08-GMT  BuildTime: Aug  4 2022 06:17:15  BuildStamp: freesurfer-linux-ubuntu22_x86_64-7.3.2-20220804-6354275  User: oesteban  Machine: dna075  Platform: Linux  PlatformVersion: 5.14.0-427.37.1.el9_4.x86_64  CompilerName: GCC  CompilerVersion: 8.4.0
ProgramName: mris_surface_stats  ProgramArguments: mris_surface_stats -all-info  ProgramVersion: 7.3.2  TimeStamp: 2026/03/14-09:28:08-GMT  BuildTime: Aug  4 2022 06:17:15  BuildStamp: freesurfer-linux-ubuntu22_x86_64-7.3.2-20220804-6354275  User: oesteban  Machine: dna075  Platform: Linux  PlatformVersion: 5.14.0-427.37.1.el9_4.x86_64  CompilerName: GCC  CompilerVersion: 8.4.0
ProgramName: mri_stats2seg  ProgramArguments: mri_stats2seg -all-info  ProgramVersion: 7.3.2  TimeStamp: 2026/03/14-09:28:08-GMT  BuildTime: Aug  4 2022 06:17:15  BuildStamp: freesurfer-linux-ubuntu22_x86_64-7.3.2-20220804-6354275  User: oesteban  Machine: dna075  Platform: Linux  PlatformVersion: 5.14.0-427.37.1.el9_4.x86_64  CompilerName: GCC  CompilerVersion: 8.4.0
ProgramName: mris_thickness  ProgramArguments: mris_thickness -all-info  ProgramVersion: 7.3.2  TimeStamp: 2026/03/14-09:28:08-GMT  BuildTime: Aug  4 2022 06:17:15  BuildStamp: freesurfer-linux-ubuntu22_x86_64-7.3.2-20220804-6354275  User: oesteban  Machine: dna075  Platform: Linux  PlatformVersion: 5.14.0-427.37.1.el9_4.x86_64  CompilerName: GCC  CompilerVersion: 8.4.0
ProgramName: mris_thickness_diff  ProgramArguments: mris_thickness_diff -all-info  ProgramVersion: 7.3.2  TimeStamp: 2026/03/14-09:28:08-GMT  BuildTime: Aug  4 2022 06:17:15  BuildStamp: freesurfer-linux-ubuntu22_x86_64-7.3.2-20220804-6354275  User: oesteban  Machine: dna075  Platform: Linux  PlatformVersion: 5.14.0-427.37.1.el9_4.x86_64  CompilerName: GCC  CompilerVersion: 8.4.0
ProgramName: mris_topo_fixer  ProgramArguments: mris_topo_fixer -all-info  ProgramVersion: 7.3.2  TimeStamp: 2026/03/14-09:28:08-GMT  BuildTime: Aug  4 2022 06:17:15  BuildStamp: freesurfer-linux-ubuntu22_x86_64-7.3.2-20220804-6354275  User: oesteban  Machine: dna075  Platform: Linux  PlatformVersion: 5.14.0-427.37.1.el9_4.x86_64  CompilerName: GCC  CompilerVersion: 8.4.0
ProgramName: mri_surf2surf  ProgramArguments: mri_surf2surf -all-info  ProgramVersion: 7.3.2  TimeStamp: 2026/03/14-09:28:08-GMT  BuildTime: Aug  4 2022 06:17:15  BuildStamp: freesurfer-linux-ubuntu22_x86_64-7.3.2-20220804-6354275  User: oesteban  Machine: dna075  Platform: Linux  PlatformVersion: 5.14.0-427.37.1.el9_4.x86_64  CompilerName: GCC  CompilerVersion: 8.4.0
ProgramName: mri_surf2vol  ProgramArguments: mri_surf2vol -all-info  ProgramVersion: 7.3.2  TimeStamp: 2026/03/14-09:28:08-GMT  BuildTime: Aug  4 2022 06:17:15  BuildStamp: freesurfer-linux-ubuntu22_x86_64-7.3.2-20220804-6354275  User: oesteban  Machine: dna075  Platform: Linux  PlatformVersion: 5.14.0-427.37.1.el9_4.x86_64  CompilerName: GCC  CompilerVersion: 8.4.0
ProgramName: mri_surfcluster  ProgramArguments: mri_surfcluster -all-info  ProgramVersion: 7.3.2  TimeStamp: 2026/03/14-09:28:08-GMT  BuildTime: Aug  4 2022 06:17:15  BuildStamp: freesurfer-linux-ubuntu22_x86_64-7.3.2-20220804-6354275  User: oesteban  Machine: dna075  Platform: Linux  PlatformVersion: 5.14.0-427.37.1.el9_4.x86_64  CompilerName: GCC  CompilerVersion: 8.4.0
ProgramName: mris_volmask  ProgramArguments: mris_volmask -all-info  ProgramVersion: 7.3.2  TimeStamp: 2026/03/14-09:28:08-GMT  BuildTime: Aug  4 2022 06:17:15  BuildStamp: freesurfer-linux-ubuntu22_x86_64-7.3.2-20220804-6354275  User: oesteban  Machine: dna075  Platform: Linux  PlatformVersion: 5.14.0-427.37.1.el9_4.x86_64  CompilerName: GCC  CompilerVersion: 8.4.0
ProgramName: mri_tessellate  ProgramArguments: mri_tessellate -all-info  ProgramVersion: 7.3.2  TimeStamp: 2026/03/14-09:28:08-GMT  BuildTime: Aug  4 2022 06:17:15  BuildStamp: freesurfer-linux-ubuntu22_x86_64-7.3.2-20220804-6354275  User: oesteban  Machine: dna075  Platform: Linux  PlatformVersion: 5.14.0-427.37.1.el9_4.x86_64  CompilerName: GCC  CompilerVersion: 8.4.0
ProgramName: mri_vol2surf  ProgramArguments: mri_vol2surf -all-info  ProgramVersion: 7.3.2  TimeStamp: 2026/03/14-09:28:08-GMT  BuildTime: Aug  4 2022 06:17:15  BuildStamp: freesurfer-linux-ubuntu22_x86_64-7.3.2-20220804-6354275  User: oesteban  Machine: dna075  Platform: Linux  PlatformVersion: 5.14.0-427.37.1.el9_4.x86_64  CompilerName: GCC  CompilerVersion: 8.4.0
ProgramName: mri_vol2vol  ProgramArguments: mri_vol2vol -all-info  ProgramVersion: 7.3.2  TimeStamp: 2026/03/14-09:28:08-GMT  BuildTime: Aug  4 2022 06:17:15  BuildStamp: freesurfer-linux-ubuntu22_x86_64-7.3.2-20220804-6354275  User: oesteban  Machine: dna075  Platform: Linux  PlatformVersion: 5.14.0-427.37.1.el9_4.x86_64  CompilerName: GCC  CompilerVersion: 8.4.0
ProgramName: mri_voldiff  ProgramArguments: mri_voldiff -all-info  ProgramVersion: 7.3.2  TimeStamp: 2026/03/14-09:28:08-GMT  BuildTime: Aug  4 2022 06:17:15  BuildStamp: freesurfer-linux-ubuntu22_x86_64-7.3.2-20220804-6354275  User: oesteban  Machine: dna075  Platform: Linux  PlatformVersion: 5.14.0-427.37.1.el9_4.x86_64  CompilerName: GCC  CompilerVersion: 8.4.0
ProgramName: mri_watershed  ProgramArguments: mri_watershed -all-info  ProgramVersion: 7.3.2  TimeStamp: 2026/03/14-09:28:08-GMT  BuildTime: Aug  4 2022 06:17:15  BuildStamp: freesurfer-linux-ubuntu22_x86_64-7.3.2-20220804-6354275  User: oesteban  Machine: dna075  Platform: Linux  PlatformVersion: 5.14.0-427.37.1.el9_4.x86_64  CompilerName: GCC  CompilerVersion: 8.4.0
ProgramName: tkregister2  ProgramArguments: tkregister2_cmdl -all-info  ProgramVersion: 7.3.2  TimeStamp: 2026/03/14-09:28:08-GMT  BuildTime: Aug  4 2022 06:17:15  BuildStamp: freesurfer-linux-ubuntu22_x86_64-7.3.2-20220804-6354275  User: oesteban  Machine: dna075  Platform: Linux  PlatformVersion: 5.14.0-427.37.1.el9_4.x86_64  CompilerName: GCC  CompilerVersion: 8.4.0
mri_motion_correct.fsl 7.3.2
mri_convert -all-info 
ProgramName: mri_convert  ProgramArguments: mri_convert -all-info  ProgramVersion: 7.3.2  TimeStamp: 2026/03/14-09:28:08-GMT  BuildTime: Aug  4 2022 06:17:15  BuildStamp: freesurfer-linux-ubuntu22_x86_64-7.3.2-20220804-6354275  User: oesteban  Machine: dna075  Platform: Linux  PlatformVersion: 5.14.0-427.37.1.el9_4.x86_64  CompilerName: GCC  CompilerVersion: 8.4.0
Program nu_correct, built from:
Package MNI N3, version 1.12.0, compiled by nicks@terrier (x86_64-unknown-linux-gnu) on 2015-06-19 at 01:25:34
#######################################
GCADIR /opt/freesurfer/average
GCA RB_all_2020-01-02.gca
GCASkull RB_all_withskull_2020_01_02.gca
AvgCurvTif folding.atlas.acfb40.noaparc.i12.2016-08-02.tif
GCSDIR /opt/freesurfer/average
GCS DKaparc.atlas.acfb40.noaparc.i12.2016-08-02.gcs
#######################################
/out/sourcedata/freesurfer/sub-v2s9x29163_ses-1

 mri_convert /work/fmriprep_25_2_wf/sub_v2s9x29163_ses_1_wf/anat_fit_wf/anat_validate/sub-v2s9x29163_ses-1_run-1_T1w_noise_corrected_ras_valid.nii.gz /out/sourcedata/freesurfer/sub-v2s9x29163_ses-1/mri/orig/001.mgz 

mri_convert /work/fmriprep_25_2_wf/sub_v2s9x29163_ses_1_wf/anat_fit_wf/anat_validate/sub-v2s9x29163_ses-1_run-1_T1w_noise_corrected_ras_valid.nii.gz /out/sourcedata/freesurfer/sub-v2s9x29163_ses-1/mri/orig/001.mgz 
reading from /work/fmriprep_25_2_wf/sub_v2s9x29163_ses_1_wf/anat_fit_wf/anat_validate/sub-v2s9x29163_ses-1_run-1_T1w_noise_corrected_ras_valid.nii.gz...
TR=0.00, TE=0.00, TI=0.00, flip angle=0.00
i_ras = (1, 0, 0)
j_ras = (0, 1, 0)
k_ras = (0, 0, 1)
writing to /out/sourcedata/freesurfer/sub-v2s9x29163_ses-1/mri/orig/001.mgz...
#--------------------------------------------
#@# MotionCor Sat Mar 14 10:28:09 CET 2026
Found 1 runs
/out/sourcedata/freesurfer/sub-v2s9x29163_ses-1/mri/orig/001.mgz
Checking for (invalid) multi-frame inputs...
Only one run found so motion
correction will not be performed. I'll
copy the run to rawavg and continue.

 cp /out/sourcedata/freesurfer/sub-v2s9x29163_ses-1/mri/orig/001.mgz /out/sourcedata/freesurfer/sub-v2s9x29163_ses-1/mri/rawavg.mgz 


 mri_info /out/sourcedata/freesurfer/sub-v2s9x29163_ses-1/mri/rawavg.mgz 

rawavg.mgz ========================================
Volume information for /out/sourcedata/freesurfer/sub-v2s9x29163_ses-1/mri/rawavg.mgz
          type: MGH
    dimensions: 128 x 256 x 256
   voxel sizes: 1.330002, 1.000000, 1.000000
          type: FLOAT (3)
           fov: 256.000
           dof: 1
        xstart: -85.1, xend: 85.1
        ystart: -128.0, yend: 128.0
        zstart: -128.0, zend: 128.0
            TR: 0.00 msec, TE: 0.00 msec, TI: 0.00 msec, flip angle: 0.00 degrees
       nframes: 1
       PhEncDir: UNKNOWN
       FieldStrength: 0.000000
ras xform present
    xform info: x_r =   1.0000, y_r =   0.0000, z_r =   0.0000, c_r =     0.6651
              : x_a =   0.0000, y_a =   1.0000, z_a =   0.0000, c_a =     1.0000
              : x_s =   0.0000, y_s =   0.0000, z_s =   1.0000, c_s =     1.0000

talairach xfm : 
Orientation   : RAS
Primary Slice Direction: axial

voxel to ras transform:
                1.3300   0.0000   0.0000   -84.4550
                0.0000   1.0000   0.0000  -127.0000
                0.0000   0.0000   1.0000  -127.0000
                0.0000   0.0000   0.0000     1.0000

voxel-to-ras determinant 1.33

ras to voxel transform:
                0.7519   0.0000   0.0000    63.4999
                0.0000   1.0000   0.0000   127.0000
                0.0000   0.0000   1.0000   127.0000
                0.0000   0.0000   0.0000     1.0000
/out/sourcedata/freesurfer/sub-v2s9x29163_ses-1

 mri_convert /out/sourcedata/freesurfer/sub-v2s9x29163_ses-1/mri/rawavg.mgz /out/sourcedata/freesurfer/sub-v2s9x29163_ses-1/mri/orig.mgz --conform 

mri_convert /out/sourcedata/freesurfer/sub-v2s9x29163_ses-1/mri/rawavg.mgz /out/sourcedata/freesurfer/sub-v2s9x29163_ses-1/mri/orig.mgz --conform 
reading from /out/sourcedata/freesurfer/sub-v2s9x29163_ses-1/mri/rawavg.mgz...
TR=0.00, TE=0.00, TI=0.00, flip angle=0.00
i_ras = (1, 0, 0)
j_ras = (0, 1, 0)
k_ras = (0, 0, 1)
changing data type from float to uchar (noscale = 0)...
MRIchangeType: Building histogram 0 710.441 1000, flo=0, fhi=0.999, dest_type=0
Reslicing using trilinear interpolation 
writing to /out/sourcedata/freesurfer/sub-v2s9x29163_ses-1/mri/orig.mgz...

 mri_add_xform_to_header -c /out/sourcedata/freesurfer/sub-v2s9x29163_ses-1/mri/transforms/talairach.xfm /out/sourcedata/freesurfer/sub-v2s9x29163_ses-1/mri/orig.mgz /out/sourcedata/freesurfer/sub-v2s9x29163_ses-1/mri/orig.mgz 

INFO: extension is mgz

 mri_info /out/sourcedata/freesurfer/sub-v2s9x29163_ses-1/mri/orig.mgz 

orig.mgz ========================================
Volume information for /out/sourcedata/freesurfer/sub-v2s9x29163_ses-1/mri/orig.mgz
          type: MGH
    dimensions: 256 x 256 x 256
   voxel sizes: 1.000000, 1.000000, 1.000000
          type: UCHAR (0)
           fov: 256.000
           dof: 1
        xstart: -128.0, xend: 128.0
        ystart: -128.0, yend: 128.0
        zstart: -128.0, zend: 128.0
            TR: 0.00 msec, TE: 0.00 msec, TI: 0.00 msec, flip angle: 0.00 degrees
       nframes: 1
       PhEncDir: UNKNOWN
       FieldStrength: 0.000000
ras xform present
    xform info: x_r =  -1.0000, y_r =   0.0000, z_r =   0.0000, c_r =     0.6651
              : x_a =   0.0000, y_a =   0.0000, z_a =   1.0000, c_a =     1.0000
              : x_s =   0.0000, y_s =  -1.0000, z_s =   0.0000, c_s =     1.0000

talairach xfm : /out/sourcedata/freesurfer/sub-v2s9x29163_ses-1/mri/transforms/talairach.xfm
Orientation   : LIA
Primary Slice Direction: coronal

voxel to ras transform:
               -1.0000   0.0000   0.0000   128.6651
                0.0000   0.0000   1.0000  -127.0000
                0.0000  -1.0000   0.0000   129.0000
                0.0000   0.0000   0.0000     1.0000

voxel-to-ras determinant -1

ras to voxel transform:
               -1.0000  -0.0000  -0.0000   128.6651
               -0.0000  -0.0000  -1.0000   129.0000
               -0.0000   1.0000  -0.0000   127.0000
               -0.0000  -0.0000  -0.0000     1.0000
#--------------------------------------------
#@# Talairach Sat Mar 14 10:28:15 CET 2026
/out/sourcedata/freesurfer/sub-v2s9x29163_ses-1/mri

 mri_nu_correct.mni --no-rescale --i orig.mgz --o orig_nu.mgz --ants-n4 --n 1 --proto-iters 1000 --distance 50 

/usr/bin/bc
/out/sourcedata/freesurfer/sub-v2s9x29163_ses-1/mri
/opt/freesurfer/bin/mri_nu_correct.mni
--no-rescale --i orig.mgz --o orig_nu.mgz --ants-n4 --n 1 --proto-iters 1000 --distance 50
nIters 1
mri_nu_correct.mni 7.3.2
Linux dna075 5.14.0-427.37.1.el9_4.x86_64 #1 SMP PREEMPT_DYNAMIC Fri Sep 13 12:41:50 EDT 2024 x86_64 x86_64 x86_64 GNU/Linux
Sat Mar 14 10:28:15 CET 2026
tmpdir is ./tmp.mri_nu_correct.mni.3588796
cd /out/sourcedata/freesurfer/sub-v2s9x29163_ses-1/mri
AntsN4BiasFieldCorrectionFs -i orig.mgz -o ./tmp.mri_nu_correct.mni.3588796/nu0.mgz --dtype uchar
AntsN4BiasFieldCorrectionFs done
mri_convert ./tmp.mri_nu_correct.mni.3588796/nu0.mgz orig_nu.mgz --like orig.mgz --conform
mri_convert ./tmp.mri_nu_correct.mni.3588796/nu0.mgz orig_nu.mgz --like orig.mgz --conform 
reading from ./tmp.mri_nu_correct.mni.3588796/nu0.mgz...
TR=0.00, TE=0.00, TI=0.00, flip angle=0.00
i_ras = (-1, 0, 0)
j_ras = (0, 0, -1)
k_ras = (0, 1, 0)
INFO: transform src into the like-volume: orig.mgz
writing to orig_nu.mgz...
 
 
Sat Mar 14 10:30:48 CET 2026
mri_nu_correct.mni done

 talairach_avi --i orig_nu.mgz --xfm transforms/talairach.auto.xfm 

talairach_avi log file is transforms/talairach_avi.log...
mv -f /out/sourcedata/freesurfer/sub-v2s9x29163_ses-1/mri/talsrcimg_to_711-2C_as_mni_average_305_t4_vox2vox.txt /out/sourcedata/freesurfer/sub-v2s9x29163_ses-1/mri/transforms/talsrcimg_to_711-2C_as_mni_average_305_t4_vox2vox.txt
Started at Sat Mar 14 10:30:48 CET 2026
Ended   at Sat Mar 14 10:31:03 CET 2026
talairach_avi done

 cp transforms/talairach.auto.xfm transforms/talairach.xfm 

lta_convert --src orig.mgz --trg /opt/freesurfer/average/mni305.cor.mgz --inxfm transforms/talairach.xfm --outlta transforms/talairach.xfm.lta --subject fsaverage --ltavox2vox
7.3.2

--src: orig.mgz src image (geometry).
--trg: /opt/freesurfer/average/mni305.cor.mgz trg image (geometry).
--inmni: transforms/talairach.xfm input MNI/XFM transform.
--outlta: transforms/talairach.xfm.lta output LTA.
--s: fsaverage subject name
--ltavox2vox: output LTA as VOX_TO_VOX transform.
 LTA read, type : 1
 1.07862  -0.15407   0.11410   8.10193;
 0.11887   1.01594   0.51044   5.06969;
-0.16264  -0.38346   1.11320   4.72275;
 0.00000   0.00000   0.00000   1.00000;
setting subject to fsaverage
Writing  LTA to file transforms/talairach.xfm.lta...
lta_convert successful.
#--------------------------------------------
#@# Talairach Failure Detection Sat Mar 14 10:31:05 CET 2026
/out/sourcedata/freesurfer/sub-v2s9x29163_ses-1/mri

 talairach_afd -T 0.005 -xfm transforms/talairach.xfm 

talairach_afd: Talairach Transform: transforms/talairach.xfm OK (p=0.4497, pval=0.1049 >= threshold=0.0050)

 awk -f /opt/freesurfer/bin/extract_talairach_avi_QA.awk /out/sourcedata/freesurfer/sub-v2s9x29163_ses-1/mri/transforms/talairach_avi.log 


 tal_QC_AZS /out/sourcedata/freesurfer/sub-v2s9x29163_ses-1/mri/transforms/talairach_avi.log 

TalAviQA: 0.97409
z-score: 0
#--------------------------------------------
#@# Nu Intensity Correction Sat Mar 14 10:31:06 CET 2026

 mri_nu_correct.mni --i orig.mgz --o nu.mgz --uchar transforms/talairach.xfm --n 2 --ants-n4 

/usr/bin/bc
/out/sourcedata/freesurfer/sub-v2s9x29163_ses-1/mri
/opt/freesurfer/bin/mri_nu_correct.mni
--i orig.mgz --o nu.mgz --uchar transforms/talairach.xfm --n 2 --ants-n4
nIters 2
mri_nu_correct.mni 7.3.2
Linux dna075 5.14.0-427.37.1.el9_4.x86_64 #1 SMP PREEMPT_DYNAMIC Fri Sep 13 12:41:50 EDT 2024 x86_64 x86_64 x86_64 GNU/Linux
Sat Mar 14 10:31:06 CET 2026
tmpdir is ./tmp.mri_nu_correct.mni.3590262
cd /out/sourcedata/freesurfer/sub-v2s9x29163_ses-1/mri
AntsN4BiasFieldCorrectionFs -i orig.mgz -o ./tmp.mri_nu_correct.mni.3590262/nu0.mgz --dtype uchar
AntsN4BiasFieldCorrectionFs done
mri_binarize --i ./tmp.mri_nu_correct.mni.3590262/nu0.mgz --min -1 --o ./tmp.mri_nu_correct.mni.3590262/ones.mgz

7.3.2
cwd /out/sourcedata/freesurfer/sub-v2s9x29163_ses-1/mri
cmdline mri_binarize --i ./tmp.mri_nu_correct.mni.3590262/nu0.mgz --min -1 --o ./tmp.mri_nu_correct.mni.3590262/ones.mgz 
sysname  Linux
hostname dna075
machine  x86_64
user     oesteban

input      ./tmp.mri_nu_correct.mni.3590262/nu0.mgz
frame      0
nErode3d   0
nErode2d   0
output     ./tmp.mri_nu_correct.mni.3590262/ones.mgz
Binarizing based on threshold
min        -1
max        +infinity
binval        1
binvalnot     0
fstart = 0, fend = 0, nframes = 1
Starting parallel 1
Found 16777216 values in range
Counting number of voxels in first frame
Found 16777215 voxels in final mask
Writing output to ./tmp.mri_nu_correct.mni.3590262/ones.mgz
Count: 16777215 16777215.000000 16777216 99.999994
mri_binarize done
mri_segstats --id 1 --seg ./tmp.mri_nu_correct.mni.3590262/ones.mgz --i orig.mgz --sum ./tmp.mri_nu_correct.mni.3590262/sum.junk --avgwf ./tmp.mri_nu_correct.mni.3590262/input.mean.dat

7.3.2
cwd 
cmdline mri_segstats --id 1 --seg ./tmp.mri_nu_correct.mni.3590262/ones.mgz --i orig.mgz --sum ./tmp.mri_nu_correct.mni.3590262/sum.junk --avgwf ./tmp.mri_nu_correct.mni.3590262/input.mean.dat 
sysname  Linux
hostname dna075
machine  x86_64
user     oesteban
whitesurfname  white
UseRobust  0
Loading ./tmp.mri_nu_correct.mni.3590262/ones.mgz
Loading orig.mgz
Voxel Volume is 1 mm^3
Generating list of segmentation ids
Found   1 segmentations
Computing statistics for each segmentation

Reporting on   1 segmentations
Using PrintSegStat
Computing spatial average of each frame

Writing to ./tmp.mri_nu_correct.mni.3590262/input.mean.dat
mri_segstats done
mri_segstats --id 1 --seg ./tmp.mri_nu_correct.mni.3590262/ones.mgz --i ./tmp.mri_nu_correct.mni.3590262/nu0.mgz --sum ./tmp.mri_nu_correct.mni.3590262/sum.junk --avgwf ./tmp.mri_nu_correct.mni.3590262/output.mean.dat

7.3.2
cwd 
cmdline mri_segstats --id 1 --seg ./tmp.mri_nu_correct.mni.3590262/ones.mgz --i ./tmp.mri_nu_correct.mni.3590262/nu0.mgz --sum ./tmp.mri_nu_correct.mni.3590262/sum.junk --avgwf ./tmp.mri_nu_correct.mni.3590262/output.mean.dat 
sysname  Linux
hostname dna075
machine  x86_64
user     oesteban
whitesurfname  white
UseRobust  0
Loading ./tmp.mri_nu_correct.mni.3590262/ones.mgz
Loading ./tmp.mri_nu_correct.mni.3590262/nu0.mgz
Voxel Volume is 1 mm^3
Generating list of segmentation ids
Found   1 segmentations
Computing statistics for each segmentation

Reporting on   1 segmentations
Using PrintSegStat
Computing spatial average of each frame

Writing to ./tmp.mri_nu_correct.mni.3590262/output.mean.dat
mri_segstats done
mris_calc -o ./tmp.mri_nu_correct.mni.3590262/nu0.mgz ./tmp.mri_nu_correct.mni.3590262/nu0.mgz mul 1.31867333734952643379
Saving result to './tmp.mri_nu_correct.mni.3590262/nu0.mgz' (type = MGH )                       [ ok ]
mri_convert ./tmp.mri_nu_correct.mni.3590262/nu0.mgz nu.mgz --like orig.mgz
mri_convert ./tmp.mri_nu_correct.mni.3590262/nu0.mgz nu.mgz --like orig.mgz 
reading from ./tmp.mri_nu_correct.mni.3590262/nu0.mgz...
TR=0.00, TE=0.00, TI=0.00, flip angle=0.00
i_ras = (-1, 0, 0)
j_ras = (0, 0, -1)
k_ras = (0, 1, 0)
INFO: transform src into the like-volume: orig.mgz
writing to nu.mgz...
mri_make_uchar nu.mgz transforms/talairach.xfm nu.mgz
type change took 0 minutes and 3 seconds.
FIRST_PERCENTILE 0.010000
WM_PERCENTILE    0.900000
MAX_R 50.000000
i1 = 6, i2 = 71
#mri_make_uchar# mapping 15 183 to  3 110  :  b -7.36846 m 0.641783 : thresh 11.4812 maxsat 408.812 : nzero 14177071 nsat 0
 
 
Sat Mar 14 10:33:50 CET 2026
mri_nu_correct.mni done

 mri_add_xform_to_header -c /out/sourcedata/freesurfer/sub-v2s9x29163_ses-1/mri/transforms/talairach.xfm nu.mgz nu.mgz 

INFO: extension is mgz
#--------------------------------------------
#@# Intensity Normalization Sat Mar 14 10:33:50 CET 2026
/out/sourcedata/freesurfer/sub-v2s9x29163_ses-1/mri

 mri_normalize -g 1 -seed 1234 -mprage nu.mgz T1.mgz 

using max gradient = 1.000
setting seed for random number genererator to 1234
assuming input volume is MGH (Van der Kouwe) MP-RAGE
reading mri_src from nu.mgz...
normalizing image...
NOT doing gentle normalization with control points/label
talairach transform
 1.07862  -0.15407   0.11410   8.10193;
 0.11887   1.01594   0.51044   5.06969;
-0.16264  -0.38346   1.11320   4.72275;
 0.00000   0.00000   0.00000   1.00000;
processing without aseg, no1d=0
MRInormInit(): 
INFO: Modifying talairach volume c_(r,a,s) based on average_305
MRInormalize(): 
MRIsplineNormalize(): npeaks = 15
Starting OpenSpline(): npoints = 15
building Voronoi diagram...
performing soap bubble smoothing, sigma = 8...

Iterating 2 times
---------------------------------
3d normalization pass 1 of 2
white matter peak found at 110
white matter peak found at 110
gm peak at 53 (53), valley at 30 (30)
csf peak at 27, setting threshold to 44
building Voronoi diagram...
performing soap bubble smoothing, sigma = 8...
---------------------------------
3d normalization pass 2 of 2
white matter peak found at 110
white matter peak found at 110
gm peak at 54 (54), valley at 32 (32)
csf peak at 28, setting threshold to 45
building Voronoi diagram...
performing soap bubble smoothing, sigma = 8...
Done iterating ---------------------------------
writing output to T1.mgz
3D bias adjustment took 0 minutes and 56 seconds.

Started at Sat Mar 14 10:28:07 CET 2026 
Ended   at Sat Mar 14 10:34:46 CET 2026
#@#%# recon-all-run-time-hours 0.111
recon-all -s sub-v2s9x29163_ses-1 finished without error at Sat Mar 14 10:34:46 CET 2026



#New# invocation of recon-all 




Sat Mar 14 10:40:37 CET 2026
cd /out/sourcedata/freesurfer/sub-v2s9x29163_ses-1
setenv SUBJECTS_DIR /out/sourcedata/freesurfer
/opt/freesurfer/bin/recon-all -openmp 16 -subjid sub-v2s9x29163_ses-1 -sd /out/sourcedata/freesurfer -gcareg

subjid sub-v2s9x29163_ses-1
setenv SUBJECTS_DIR /out/sourcedata/freesurfer
FREESURFER_HOME /opt/freesurfer
Actual FREESURFER_HOME /opt/freesurfer
build-stamp.txt: freesurfer-linux-ubuntu22_x86_64-7.3.2-20220804-6354275
Linux dna075 5.14.0-427.37.1.el9_4.x86_64 #1 SMP PREEMPT_DYNAMIC Fri Sep 13 12:41:50 EDT 2024 x86_64 x86_64 x86_64 GNU/Linux
cputime      unlimited
filesize     unlimited
datasize     unlimited
stacksize    8192 kbytes
coredumpsize 0 kbytes
memoryuse    67108864 kbytes
vmemoryuse   unlimited
descriptors  1024 
memorylocked unlimited
maxproc      2061970 
maxlocks     unlimited
maxsignal    2062029 
maxmessage   819200 
maxnice      0 
maxrtprio    0 
maxrttime    unlimited

               total        used        free      shared  buff/cache   available
Mem:           503Gi        48Gi       399Gi        10Gi        55Gi       441Gi
Swap:             0B          0B          0B

########################################
program versions used
7.3.2 (freesurfer-linux-ubuntu22_x86_64-7.3.2-20220804-6354275)
7.3.2

ProgramName: lta_convert  ProgramArguments: lta_convert -all-info  ProgramVersion: 7.3.2  TimeStamp: 2026/03/14-09:40:37-GMT  BuildTime: Aug  4 2022 06:17:15  BuildStamp: freesurfer-linux-ubuntu22_x86_64-7.3.2-20220804-6354275  User: oesteban  Machine: dna075  Platform: Linux  PlatformVersion: 5.14.0-427.37.1.el9_4.x86_64  CompilerName: GCC  CompilerVersion: 8.4.0
ProgramName: mri_and  ProgramArguments: mri_and -all-info  ProgramVersion: 7.3.2  TimeStamp: 2026/03/14-09:40:37-GMT  BuildTime: Aug  4 2022 06:17:15  BuildStamp: freesurfer-linux-ubuntu22_x86_64-7.3.2-20220804-6354275  User: oesteban  Machine: dna075  Platform: Linux  PlatformVersion: 5.14.0-427.37.1.el9_4.x86_64  CompilerName: GCC  CompilerVersion: 8.4.0
ProgramName: mri_annotation2label  ProgramArguments: mri_annotation2label -all-info  ProgramVersion: 7.3.2  TimeStamp: 2026/03/14-09:40:37-GMT  BuildTime: Aug  4 2022 06:17:15  BuildStamp: freesurfer-linux-ubuntu22_x86_64-7.3.2-20220804-6354275  User: oesteban  Machine: dna075  Platform: Linux  PlatformVersion: 5.14.0-427.37.1.el9_4.x86_64  CompilerName: GCC  CompilerVersion: 8.4.0
ProgramName: mri_aparc2aseg  ProgramArguments: mri_aparc2aseg -all-info  ProgramVersion: 7.3.2  TimeStamp: 2026/03/14-09:40:37-GMT  BuildTime: Aug  4 2022 06:17:15  BuildStamp: freesurfer-linux-ubuntu22_x86_64-7.3.2-20220804-6354275  User: oesteban  Machine: dna075  Platform: Linux  PlatformVersion: 5.14.0-427.37.1.el9_4.x86_64  CompilerName: GCC  CompilerVersion: 8.4.0
ProgramName: mri_surf2volseg  ProgramArguments: mri_surf2volseg -all-info  ProgramVersion: 7.3.2  TimeStamp: 2026/03/14-09:40:37-GMT  BuildTime: Aug  4 2022 06:17:15  BuildStamp: freesurfer-linux-ubuntu22_x86_64-7.3.2-20220804-6354275  User: oesteban  Machine: dna075  Platform: Linux  PlatformVersion: 5.14.0-427.37.1.el9_4.x86_64  CompilerName: GCC  CompilerVersion: 8.4.0
ProgramName: mri_binarize  ProgramArguments: mri_binarize -all-info  ProgramVersion: 7.3.2  TimeStamp: 2026/03/14-09:40:37-GMT  BuildTime: Aug  4 2022 06:17:15  BuildStamp: freesurfer-linux-ubuntu22_x86_64-7.3.2-20220804-6354275  User: oesteban  Machine: dna075  Platform: Linux  PlatformVersion: 5.14.0-427.37.1.el9_4.x86_64  CompilerName: GCC  CompilerVersion: 8.4.0
ProgramName: mri_ca_label  ProgramArguments: mri_ca_label -all-info  ProgramVersion: 7.3.2  TimeStamp: 2026/03/14-09:40:37-GMT  BuildTime: Aug  4 2022 06:17:15  BuildStamp: freesurfer-linux-ubuntu22_x86_64-7.3.2-20220804-6354275  User: oesteban  Machine: dna075  Platform: Linux  PlatformVersion: 5.14.0-427.37.1.el9_4.x86_64  CompilerName: GCC  CompilerVersion: 8.4.0
ProgramName: mri_ca_normalize  ProgramArguments: mri_ca_normalize -all-info  ProgramVersion: 7.3.2  TimeStamp: 2026/03/14-09:40:37-GMT  BuildTime: Aug  4 2022 06:17:15  BuildStamp: freesurfer-linux-ubuntu22_x86_64-7.3.2-20220804-6354275  User: oesteban  Machine: dna075  Platform: Linux  PlatformVersion: 5.14.0-427.37.1.el9_4.x86_64  CompilerName: GCC  CompilerVersion: 8.4.0
ProgramName: mri_ca_register  ProgramArguments: mri_ca_register -all-info  ProgramVersion: 7.3.2  TimeStamp: 2026/03/14-09:40:37-GMT  BuildTime: Aug  4 2022 06:17:15  BuildStamp: freesurfer-linux-ubuntu22_x86_64-7.3.2-20220804-6354275  User: oesteban  Machine: dna075  Platform: Linux  PlatformVersion: 5.14.0-427.37.1.el9_4.x86_64  CompilerName: GCC  CompilerVersion: 8.4.0
ProgramName: mri_cc  ProgramArguments: mri_cc -all-info  ProgramVersion: 7.3.2  TimeStamp: 2026/03/14-09:40:37-GMT  BuildTime: Aug  4 2022 06:17:15  BuildStamp: freesurfer-linux-ubuntu22_x86_64-7.3.2-20220804-6354275  User: oesteban  Machine: dna075  Platform: Linux  PlatformVersion: 5.14.0-427.37.1.el9_4.x86_64  CompilerName: GCC  CompilerVersion: 8.4.0
ProgramName: mri_compute_overlap  ProgramArguments: mri_compute_overlap -all-info  ProgramVersion: 7.3.2  TimeStamp: 2026/03/14-09:40:37-GMT  BuildTime: Aug  4 2022 06:17:15  BuildStamp: freesurfer-linux-ubuntu22_x86_64-7.3.2-20220804-6354275  User: oesteban  Machine: dna075  Platform: Linux  PlatformVersion: 5.14.0-427.37.1.el9_4.x86_64  CompilerName: GCC  CompilerVersion: 8.4.0
ProgramName: mri_compute_seg_overlap  ProgramArguments: mri_compute_seg_overlap -all-info  ProgramVersion: 7.3.2  TimeStamp: 2026/03/14-09:40:37-GMT  BuildTime: Aug  4 2022 06:17:15  BuildStamp: freesurfer-linux-ubuntu22_x86_64-7.3.2-20220804-6354275  User: oesteban  Machine: dna075  Platform: Linux  PlatformVersion: 5.14.0-427.37.1.el9_4.x86_64  CompilerName: GCC  CompilerVersion: 8.4.0
ProgramName: mri_concat  ProgramArguments: mri_concat -all-info  ProgramVersion: 7.3.2  TimeStamp: 2026/03/14-09:40:37-GMT  BuildTime: Aug  4 2022 06:17:15  BuildStamp: freesurfer-linux-ubuntu22_x86_64-7.3.2-20220804-6354275  User: oesteban  Machine: dna075  Platform: Linux  PlatformVersion: 5.14.0-427.37.1.el9_4.x86_64  CompilerName: GCC  CompilerVersion: 8.4.0
ProgramName: mri_concatenate_lta  ProgramArguments: mri_concatenate_lta -all-info  ProgramVersion: 7.3.2  TimeStamp: 2026/03/14-09:40:37-GMT  BuildTime: Aug  4 2022 06:17:15  BuildStamp: freesurfer-linux-ubuntu22_x86_64-7.3.2-20220804-6354275  User: oesteban  Machine: dna075  Platform: Linux  PlatformVersion: 5.14.0-427.37.1.el9_4.x86_64  CompilerName: GCC  CompilerVersion: 8.4.0
mri_convert -all-info 
ProgramName: mri_convert  ProgramArguments: mri_convert -all-info  ProgramVersion: 7.3.2  TimeStamp: 2026/03/14-09:40:37-GMT  BuildTime: Aug  4 2022 06:17:15  BuildStamp: freesurfer-linux-ubuntu22_x86_64-7.3.2-20220804-6354275  User: oesteban  Machine: dna075  Platform: Linux  PlatformVersion: 5.14.0-427.37.1.el9_4.x86_64  CompilerName: GCC  CompilerVersion: 8.4.0
ProgramName: mri_diff  ProgramArguments: mri_diff -all-info  ProgramVersion: 7.3.2  TimeStamp: 2026/03/14-09:40:37-GMT  BuildTime: Aug  4 2022 06:17:15  BuildStamp: freesurfer-linux-ubuntu22_x86_64-7.3.2-20220804-6354275  User: oesteban  Machine: dna075  Platform: Linux  PlatformVersion: 5.14.0-427.37.1.el9_4.x86_64  CompilerName: GCC  CompilerVersion: 8.4.0
ProgramName: mri_edit_wm_with_aseg  ProgramArguments: mri_edit_wm_with_aseg -all-info  ProgramVersion: 7.3.2  TimeStamp: 2026/03/14-09:40:37-GMT  BuildTime: Aug  4 2022 06:17:15  BuildStamp: freesurfer-linux-ubuntu22_x86_64-7.3.2-20220804-6354275  User: oesteban  Machine: dna075  Platform: Linux  PlatformVersion: 5.14.0-427.37.1.el9_4.x86_64  CompilerName: GCC  CompilerVersion: 8.4.0
ProgramName: mri_em_register  ProgramArguments: mri_em_register -all-info  ProgramVersion: 7.3.2  TimeStamp: 2026/03/14-09:40:37-GMT  BuildTime: Aug  4 2022 06:17:15  BuildStamp: freesurfer-linux-ubuntu22_x86_64-7.3.2-20220804-6354275  User: oesteban  Machine: dna075  Platform: Linux  PlatformVersion: 5.14.0-427.37.1.el9_4.x86_64  CompilerName: GCC  CompilerVersion: 8.4.0
ProgramName: mri_fill  ProgramArguments: mri_fill -all-info  ProgramVersion: 7.3.2  TimeStamp: 2026/03/14-09:40:37-GMT  BuildTime: Aug  4 2022 06:17:15  BuildStamp: freesurfer-linux-ubuntu22_x86_64-7.3.2-20220804-6354275  User: oesteban  Machine: dna075  Platform: Linux  PlatformVersion: 5.14.0-427.37.1.el9_4.x86_64  CompilerName: GCC  CompilerVersion: 8.4.0
ProgramName: mri_fuse_segmentations  ProgramArguments: mri_fuse_segmentations -all-info  ProgramVersion: 7.3.2  TimeStamp: 2026/03/14-09:40:37-GMT  BuildTime: Aug  4 2022 06:17:15  BuildStamp: freesurfer-linux-ubuntu22_x86_64-7.3.2-20220804-6354275  User: oesteban  Machine: dna075  Platform: Linux  PlatformVersion: 5.14.0-427.37.1.el9_4.x86_64  CompilerName: GCC  CompilerVersion: 8.4.0
ProgramName: mri_fwhm  ProgramArguments: mri_fwhm -all-info  ProgramVersion: 7.3.2  TimeStamp: 2026/03/14-09:40:37-GMT  BuildTime: Aug  4 2022 06:17:15  BuildStamp: freesurfer-linux-ubuntu22_x86_64-7.3.2-20220804-6354275  User: oesteban  Machine: dna075  Platform: Linux  PlatformVersion: 5.14.0-427.37.1.el9_4.x86_64  CompilerName: GCC  CompilerVersion: 8.4.0
ProgramName: mri_gcut  ProgramArguments: mri_gcut -all-info  ProgramVersion: 7.3.2  TimeStamp: 2026/03/14-09:40:37-GMT  BuildTime: Aug  4 2022 06:17:15  BuildStamp: freesurfer-linux-ubuntu22_x86_64-7.3.2-20220804-6354275  User: oesteban  Machine: dna075  Platform: Linux  PlatformVersion: 5.14.0-427.37.1.el9_4.x86_64  CompilerName: GCC  CompilerVersion: 8.4.0
ProgramName: mri_info  ProgramArguments: mri_info -all-info  ProgramVersion: 7.3.2  TimeStamp: 2026/03/14-09:40:37-GMT  BuildTime: Aug  4 2022 06:17:15  BuildStamp: freesurfer-linux-ubuntu22_x86_64-7.3.2-20220804-6354275  User: oesteban  Machine: dna075  Platform: Linux  PlatformVersion: 5.14.0-427.37.1.el9_4.x86_64  CompilerName: GCC  CompilerVersion: 8.4.0
ProgramName: mri_label2label  ProgramArguments: mri_label2label -all-info  ProgramVersion: 7.3.2  TimeStamp: 2026/03/14-09:40:37-GMT  BuildTime: Aug  4 2022 06:17:15  BuildStamp: freesurfer-linux-ubuntu22_x86_64-7.3.2-20220804-6354275  User: oesteban  Machine: dna075  Platform: Linux  PlatformVersion: 5.14.0-427.37.1.el9_4.x86_64  CompilerName: GCC  CompilerVersion: 8.4.0
ProgramName: mri_label2vol  ProgramArguments: mri_label2vol -all-info  ProgramVersion: 7.3.2  TimeStamp: 2026/03/14-09:40:37-GMT  BuildTime: Aug  4 2022 06:17:15  BuildStamp: freesurfer-linux-ubuntu22_x86_64-7.3.2-20220804-6354275  User: oesteban  Machine: dna075  Platform: Linux  PlatformVersion: 5.14.0-427.37.1.el9_4.x86_64  CompilerName: GCC  CompilerVersion: 8.4.0
ProgramName: mri_log_likelihood  ProgramArguments: mri_log_likelihood -all-info  ProgramVersion: 7.3.2  TimeStamp: 2026/03/14-09:40:37-GMT  BuildTime: Aug  4 2022 06:17:15  BuildStamp: freesurfer-linux-ubuntu22_x86_64-7.3.2-20220804-6354275  User: oesteban  Machine: dna075  Platform: Linux  PlatformVersion: 5.14.0-427.37.1.el9_4.x86_64  CompilerName: GCC  CompilerVersion: 8.4.0
ProgramName: mri_mask  ProgramArguments: mri_mask -all-info  ProgramVersion: 7.3.2  TimeStamp: 2026/03/14-09:40:37-GMT  BuildTime: Aug  4 2022 06:17:15  BuildStamp: freesurfer-linux-ubuntu22_x86_64-7.3.2-20220804-6354275  User: oesteban  Machine: dna075  Platform: Linux  PlatformVersion: 5.14.0-427.37.1.el9_4.x86_64  CompilerName: GCC  CompilerVersion: 8.4.0
ProgramName: mri_matrix_multiply  ProgramArguments: mri_matrix_multiply -all-info  ProgramVersion: 7.3.2  TimeStamp: 2026/03/14-09:40:37-GMT  BuildTime: Aug  4 2022 06:17:15  BuildStamp: freesurfer-linux-ubuntu22_x86_64-7.3.2-20220804-6354275  User: oesteban  Machine: dna075  Platform: Linux  PlatformVersion: 5.14.0-427.37.1.el9_4.x86_64  CompilerName: GCC  CompilerVersion: 8.4.0
ProgramName: mri_normalize  ProgramArguments: mri_normalize -all-info  ProgramVersion: 7.3.2  TimeStamp: 2026/03/14-09:40:37-GMT  BuildTime: Aug  4 2022 06:17:15  BuildStamp: freesurfer-linux-ubuntu22_x86_64-7.3.2-20220804-6354275  User: oesteban  Machine: dna075  Platform: Linux  PlatformVersion: 5.14.0-427.37.1.el9_4.x86_64  CompilerName: GCC  CompilerVersion: 8.4.0
ProgramName: mri_normalize_tp2  ProgramArguments: mri_normalize_tp2 -all-info  ProgramVersion: 7.3.2  TimeStamp: 2026/03/14-09:40:37-GMT  BuildTime: Aug  4 2022 06:17:15  BuildStamp: freesurfer-linux-ubuntu22_x86_64-7.3.2-20220804-6354275  User: oesteban  Machine: dna075  Platform: Linux  PlatformVersion: 5.14.0-427.37.1.el9_4.x86_64  CompilerName: GCC  CompilerVersion: 8.4.0
ProgramName: mri_or  ProgramArguments: mri_or -all-info  ProgramVersion: 7.3.2  TimeStamp: 2026/03/14-09:40:37-GMT  BuildTime: Aug  4 2022 06:17:15  BuildStamp: freesurfer-linux-ubuntu22_x86_64-7.3.2-20220804-6354275  User: oesteban  Machine: dna075  Platform: Linux  PlatformVersion: 5.14.0-427.37.1.el9_4.x86_64  CompilerName: GCC  CompilerVersion: 8.4.0
ProgramName: mri_relabel_hypointensities  ProgramArguments: mri_relabel_hypointensities -all-info  ProgramVersion: 7.3.2  TimeStamp: 2026/03/14-09:40:37-GMT  BuildTime: Aug  4 2022 06:17:15  BuildStamp: freesurfer-linux-ubuntu22_x86_64-7.3.2-20220804-6354275  User: oesteban  Machine: dna075  Platform: Linux  PlatformVersion: 5.14.0-427.37.1.el9_4.x86_64  CompilerName: GCC  CompilerVersion: 8.4.0
ProgramName: mri_relabel_nonwm_hypos  ProgramArguments: mri_relabel_nonwm_hypos -all-info  ProgramVersion: 7.3.2  TimeStamp: 2026/03/14-09:40:37-GMT  BuildTime: Aug  4 2022 06:17:15  BuildStamp: freesurfer-linux-ubuntu22_x86_64-7.3.2-20220804-6354275  User: oesteban  Machine: dna075  Platform: Linux  PlatformVersion: 5.14.0-427.37.1.el9_4.x86_64  CompilerName: GCC  CompilerVersion: 8.4.0
ProgramName: mri_remove_neck  ProgramArguments: mri_remove_neck -all-info  ProgramVersion: 7.3.2  TimeStamp: 2026/03/14-09:40:37-GMT  BuildTime: Aug  4 2022 06:17:15  BuildStamp: freesurfer-linux-ubuntu22_x86_64-7.3.2-20220804-6354275  User: oesteban  Machine: dna075  Platform: Linux  PlatformVersion: 5.14.0-427.37.1.el9_4.x86_64  CompilerName: GCC  CompilerVersion: 8.4.0
7.3.2

ProgramName: mri_robust_register  ProgramArguments: mri_robust_register -all-info  ProgramVersion: 7.3.2  TimeStamp: 2026/03/14-09:40:37-GMT  BuildTime: Aug  4 2022 06:17:15  BuildStamp: freesurfer-linux-ubuntu22_x86_64-7.3.2-20220804-6354275  User: oesteban  Machine: dna075  Platform: Linux  PlatformVersion: 5.14.0-427.37.1.el9_4.x86_64  CompilerName: GCC  CompilerVersion: 8.4.0
7.3.2

ProgramName: mri_robust_template  ProgramArguments: mri_robust_template -all-info  ProgramVersion: 7.3.2  TimeStamp: 2026/03/14-09:40:37-GMT  BuildTime: Aug  4 2022 06:17:15  BuildStamp: freesurfer-linux-ubuntu22_x86_64-7.3.2-20220804-6354275  User: oesteban  Machine: dna075  Platform: Linux  PlatformVersion: 5.14.0-427.37.1.el9_4.x86_64  CompilerName: GCC  CompilerVersion: 8.4.0
ProgramName: mris_anatomical_stats  ProgramArguments: mris_anatomical_stats -all-info  ProgramVersion: 7.3.2  TimeStamp: 2026/03/14-09:40:37-GMT  BuildTime: Aug  4 2022 06:17:15  BuildStamp: freesurfer-linux-ubuntu22_x86_64-7.3.2-20220804-6354275  User: oesteban  Machine: dna075  Platform: Linux  PlatformVersion: 5.14.0-427.37.1.el9_4.x86_64  CompilerName: GCC  CompilerVersion: 8.4.0
ProgramName: mris_ca_label  ProgramArguments: mris_ca_label -all-info  ProgramVersion: 7.3.2  TimeStamp: 2026/03/14-09:40:37-GMT  BuildTime: Aug  4 2022 06:17:15  BuildStamp: freesurfer-linux-ubuntu22_x86_64-7.3.2-20220804-6354275  User: oesteban  Machine: dna075  Platform: Linux  PlatformVersion: 5.14.0-427.37.1.el9_4.x86_64  CompilerName: GCC  CompilerVersion: 8.4.0
ProgramName: mris_calc  ProgramArguments: mris_calc -all-info  ProgramVersion: 7.3.2  TimeStamp: 2026/03/14-09:40:37-GMT  BuildTime: Aug  4 2022 06:17:15  BuildStamp: freesurfer-linux-ubuntu22_x86_64-7.3.2-20220804-6354275  User: oesteban  Machine: dna075  Platform: Linux  PlatformVersion: 5.14.0-427.37.1.el9_4.x86_64  CompilerName: GCC  CompilerVersion: 8.4.0
ProgramName: mris_convert  ProgramArguments: mris_convert -all-info  ProgramVersion: 7.3.2  TimeStamp: 2026/03/14-09:40:37-GMT  BuildTime: Aug  4 2022 06:17:15  BuildStamp: freesurfer-linux-ubuntu22_x86_64-7.3.2-20220804-6354275  User: oesteban  Machine: dna075  Platform: Linux  PlatformVersion: 5.14.0-427.37.1.el9_4.x86_64  CompilerName: GCC  CompilerVersion: 8.4.0
ProgramName: mris_curvature  ProgramArguments: mris_curvature -all-info  ProgramVersion: 7.3.2  TimeStamp: 2026/03/14-09:40:37-GMT  BuildTime: Aug  4 2022 06:17:15  BuildStamp: freesurfer-linux-ubuntu22_x86_64-7.3.2-20220804-6354275  User: oesteban  Machine: dna075  Platform: Linux  PlatformVersion: 5.14.0-427.37.1.el9_4.x86_64  CompilerName: GCC  CompilerVersion: 8.4.0
ProgramName: mris_curvature_stats  ProgramArguments: mris_curvature_stats -all-info  ProgramVersion: 7.3.2  TimeStamp: 2026/03/14-09:40:37-GMT  BuildTime: Aug  4 2022 06:17:15  BuildStamp: freesurfer-linux-ubuntu22_x86_64-7.3.2-20220804-6354275  User: oesteban  Machine: dna075  Platform: Linux  PlatformVersion: 5.14.0-427.37.1.el9_4.x86_64  CompilerName: GCC  CompilerVersion: 8.4.0
ProgramName: mris_diff  ProgramArguments: mris_diff -all-info  ProgramVersion: 7.3.2  TimeStamp: 2026/03/14-09:40:37-GMT  BuildTime: Aug  4 2022 06:17:15  BuildStamp: freesurfer-linux-ubuntu22_x86_64-7.3.2-20220804-6354275  User: oesteban  Machine: dna075  Platform: Linux  PlatformVersion: 5.14.0-427.37.1.el9_4.x86_64  CompilerName: GCC  CompilerVersion: 8.4.0
ProgramName: mris_divide_parcellation  ProgramArguments: mris_divide_parcellation -all-info  ProgramVersion: 7.3.2  TimeStamp: 2026/03/14-09:40:37-GMT  BuildTime: Aug  4 2022 06:17:15  BuildStamp: freesurfer-linux-ubuntu22_x86_64-7.3.2-20220804-6354275  User: oesteban  Machine: dna075  Platform: Linux  PlatformVersion: 5.14.0-427.37.1.el9_4.x86_64  CompilerName: GCC  CompilerVersion: 8.4.0
ProgramName: mri_segment  ProgramArguments: mri_segment -all-info  ProgramVersion: 7.3.2  TimeStamp: 2026/03/14-09:40:37-GMT  BuildTime: Aug  4 2022 06:17:15  BuildStamp: freesurfer-linux-ubuntu22_x86_64-7.3.2-20220804-6354275  User: oesteban  Machine: dna075  Platform: Linux  PlatformVersion: 5.14.0-427.37.1.el9_4.x86_64  CompilerName: GCC  CompilerVersion: 8.4.0
ProgramName: mri_segstats  ProgramArguments: mri_segstats -all-info  ProgramVersion: 7.3.2  TimeStamp: 2026/03/14-09:40:37-GMT  BuildTime: Aug  4 2022 06:17:15  BuildStamp: freesurfer-linux-ubuntu22_x86_64-7.3.2-20220804-6354275  User: oesteban  Machine: dna075  Platform: Linux  PlatformVersion: 5.14.0-427.37.1.el9_4.x86_64  CompilerName: GCC  CompilerVersion: 8.4.0
ProgramName: mris_euler_number  ProgramArguments: mris_euler_number -all-info  ProgramVersion: 7.3.2  TimeStamp: 2026/03/14-09:40:37-GMT  BuildTime: Aug  4 2022 06:17:15  BuildStamp: freesurfer-linux-ubuntu22_x86_64-7.3.2-20220804-6354275  User: oesteban  Machine: dna075  Platform: Linux  PlatformVersion: 5.14.0-427.37.1.el9_4.x86_64  CompilerName: GCC  CompilerVersion: 8.4.0
ProgramName: mris_fix_topology  ProgramArguments: mris_fix_topology -all-info  ProgramVersion: 7.3.2  TimeStamp: 2026/03/14-09:40:37-GMT  BuildTime: Aug  4 2022 06:17:15  BuildStamp: freesurfer-linux-ubuntu22_x86_64-7.3.2-20220804-6354275  User: oesteban  Machine: dna075  Platform: Linux  PlatformVersion: 5.14.0-427.37.1.el9_4.x86_64  CompilerName: GCC  CompilerVersion: 8.4.0
ProgramName: mris_topo_fixer  ProgramArguments: mris_topo_fixer -all-info  ProgramVersion: 7.3.2  TimeStamp: 2026/03/14-09:40:37-GMT  BuildTime: Aug  4 2022 06:17:15  BuildStamp: freesurfer-linux-ubuntu22_x86_64-7.3.2-20220804-6354275  User: oesteban  Machine: dna075  Platform: Linux  PlatformVersion: 5.14.0-427.37.1.el9_4.x86_64  CompilerName: GCC  CompilerVersion: 8.4.0
ProgramName: mris_jacobian  ProgramArguments: mris_jacobian -all-info  ProgramVersion: 7.3.2  TimeStamp: 2026/03/14-09:40:37-GMT  BuildTime: Aug  4 2022 06:17:15  BuildStamp: freesurfer-linux-ubuntu22_x86_64-7.3.2-20220804-6354275  User: oesteban  Machine: dna075  Platform: Linux  PlatformVersion: 5.14.0-427.37.1.el9_4.x86_64  CompilerName: GCC  CompilerVersion: 8.4.0
ProgramName: mris_label2annot  ProgramArguments: mris_label2annot -all-info  ProgramVersion: 7.3.2  TimeStamp: 2026/03/14-09:40:37-GMT  BuildTime: Aug  4 2022 06:17:15  BuildStamp: freesurfer-linux-ubuntu22_x86_64-7.3.2-20220804-6354275  User: oesteban  Machine: dna075  Platform: Linux  PlatformVersion: 5.14.0-427.37.1.el9_4.x86_64  CompilerName: GCC  CompilerVersion: 8.4.0
ProgramName: mris_left_right_register  ProgramArguments: mris_left_right_register -all-info  ProgramVersion: 7.3.2  TimeStamp: 2026/03/14-09:40:37-GMT  BuildTime: Aug  4 2022 06:17:15  BuildStamp: freesurfer-linux-ubuntu22_x86_64-7.3.2-20220804-6354275  User: oesteban  Machine: dna075  Platform: Linux  PlatformVersion: 5.14.0-427.37.1.el9_4.x86_64  CompilerName: GCC  CompilerVersion: 8.4.0
ProgramName: mris_place_surface  ProgramArguments: mris_place_surface -all-info  ProgramVersion: 7.3.2  TimeStamp: 2026/03/14-09:40:37-GMT  BuildTime: Aug  4 2022 06:17:15  BuildStamp: freesurfer-linux-ubuntu22_x86_64-7.3.2-20220804-6354275  User: oesteban  Machine: dna075  Platform: Linux  PlatformVersion: 5.14.0-427.37.1.el9_4.x86_64  CompilerName: GCC  CompilerVersion: 8.4.0
ProgramName: mrisp_paint  ProgramArguments: mrisp_paint -all-info  ProgramVersion: 7.3.2  TimeStamp: 2026/03/14-09:40:37-GMT  BuildTime: Aug  4 2022 06:17:15  BuildStamp: freesurfer-linux-ubuntu22_x86_64-7.3.2-20220804-6354275  User: oesteban  Machine: dna075  Platform: Linux  PlatformVersion: 5.14.0-427.37.1.el9_4.x86_64  CompilerName: GCC  CompilerVersion: 8.4.0
ProgramName: mris_register  ProgramArguments: mris_register -all-info  ProgramVersion: 7.3.2  TimeStamp: 2026/03/14-09:40:37-GMT  BuildTime: Aug  4 2022 06:17:15  BuildStamp: freesurfer-linux-ubuntu22_x86_64-7.3.2-20220804-6354275  User: oesteban  Machine: dna075  Platform: Linux  PlatformVersion: 5.14.0-427.37.1.el9_4.x86_64  CompilerName: GCC  CompilerVersion: 8.4.0
ProgramName: mris_smooth  ProgramArguments: mris_smooth -all-info  ProgramVersion: 7.3.2  TimeStamp: 2026/03/14-09:40:37-GMT  BuildTime: Aug  4 2022 06:17:15  BuildStamp: freesurfer-linux-ubuntu22_x86_64-7.3.2-20220804-6354275  User: oesteban  Machine: dna075  Platform: Linux  PlatformVersion: 5.14.0-427.37.1.el9_4.x86_64  CompilerName: GCC  CompilerVersion: 8.4.0
ProgramName: mris_sphere  ProgramArguments: mris_sphere -all-info  ProgramVersion: 7.3.2  TimeStamp: 2026/03/14-09:40:37-GMT  BuildTime: Aug  4 2022 06:17:15  BuildStamp: freesurfer-linux-ubuntu22_x86_64-7.3.2-20220804-6354275  User: oesteban  Machine: dna075  Platform: Linux  PlatformVersion: 5.14.0-427.37.1.el9_4.x86_64  CompilerName: GCC  CompilerVersion: 8.4.0
ProgramName: mris_surface_stats  ProgramArguments: mris_surface_stats -all-info  ProgramVersion: 7.3.2  TimeStamp: 2026/03/14-09:40:37-GMT  BuildTime: Aug  4 2022 06:17:15  BuildStamp: freesurfer-linux-ubuntu22_x86_64-7.3.2-20220804-6354275  User: oesteban  Machine: dna075  Platform: Linux  PlatformVersion: 5.14.0-427.37.1.el9_4.x86_64  CompilerName: GCC  CompilerVersion: 8.4.0
ProgramName: mri_stats2seg  ProgramArguments: mri_stats2seg -all-info  ProgramVersion: 7.3.2  TimeStamp: 2026/03/14-09:40:37-GMT  BuildTime: Aug  4 2022 06:17:15  BuildStamp: freesurfer-linux-ubuntu22_x86_64-7.3.2-20220804-6354275  User: oesteban  Machine: dna075  Platform: Linux  PlatformVersion: 5.14.0-427.37.1.el9_4.x86_64  CompilerName: GCC  CompilerVersion: 8.4.0
ProgramName: mris_thickness  ProgramArguments: mris_thickness -all-info  ProgramVersion: 7.3.2  TimeStamp: 2026/03/14-09:40:37-GMT  BuildTime: Aug  4 2022 06:17:15  BuildStamp: freesurfer-linux-ubuntu22_x86_64-7.3.2-20220804-6354275  User: oesteban  Machine: dna075  Platform: Linux  PlatformVersion: 5.14.0-427.37.1.el9_4.x86_64  CompilerName: GCC  CompilerVersion: 8.4.0
ProgramName: mris_thickness_diff  ProgramArguments: mris_thickness_diff -all-info  ProgramVersion: 7.3.2  TimeStamp: 2026/03/14-09:40:37-GMT  BuildTime: Aug  4 2022 06:17:15  BuildStamp: freesurfer-linux-ubuntu22_x86_64-7.3.2-20220804-6354275  User: oesteban  Machine: dna075  Platform: Linux  PlatformVersion: 5.14.0-427.37.1.el9_4.x86_64  CompilerName: GCC  CompilerVersion: 8.4.0
ProgramName: mris_topo_fixer  ProgramArguments: mris_topo_fixer -all-info  ProgramVersion: 7.3.2  TimeStamp: 2026/03/14-09:40:37-GMT  BuildTime: Aug  4 2022 06:17:15  BuildStamp: freesurfer-linux-ubuntu22_x86_64-7.3.2-20220804-6354275  User: oesteban  Machine: dna075  Platform: Linux  PlatformVersion: 5.14.0-427.37.1.el9_4.x86_64  CompilerName: GCC  CompilerVersion: 8.4.0
ProgramName: mri_surf2surf  ProgramArguments: mri_surf2surf -all-info  ProgramVersion: 7.3.2  TimeStamp: 2026/03/14-09:40:37-GMT  BuildTime: Aug  4 2022 06:17:15  BuildStamp: freesurfer-linux-ubuntu22_x86_64-7.3.2-20220804-6354275  User: oesteban  Machine: dna075  Platform: Linux  PlatformVersion: 5.14.0-427.37.1.el9_4.x86_64  CompilerName: GCC  CompilerVersion: 8.4.0
ProgramName: mri_surf2vol  ProgramArguments: mri_surf2vol -all-info  ProgramVersion: 7.3.2  TimeStamp: 2026/03/14-09:40:37-GMT  BuildTime: Aug  4 2022 06:17:15  BuildStamp: freesurfer-linux-ubuntu22_x86_64-7.3.2-20220804-6354275  User: oesteban  Machine: dna075  Platform: Linux  PlatformVersion: 5.14.0-427.37.1.el9_4.x86_64  CompilerName: GCC  CompilerVersion: 8.4.0
ProgramName: mri_surfcluster  ProgramArguments: mri_surfcluster -all-info  ProgramVersion: 7.3.2  TimeStamp: 2026/03/14-09:40:37-GMT  BuildTime: Aug  4 2022 06:17:15  BuildStamp: freesurfer-linux-ubuntu22_x86_64-7.3.2-20220804-6354275  User: oesteban  Machine: dna075  Platform: Linux  PlatformVersion: 5.14.0-427.37.1.el9_4.x86_64  CompilerName: GCC  CompilerVersion: 8.4.0
ProgramName: mris_volmask  ProgramArguments: mris_volmask -all-info  ProgramVersion: 7.3.2  TimeStamp: 2026/03/14-09:40:37-GMT  BuildTime: Aug  4 2022 06:17:15  BuildStamp: freesurfer-linux-ubuntu22_x86_64-7.3.2-20220804-6354275  User: oesteban  Machine: dna075  Platform: Linux  PlatformVersion: 5.14.0-427.37.1.el9_4.x86_64  CompilerName: GCC  CompilerVersion: 8.4.0
ProgramName: mri_tessellate  ProgramArguments: mri_tessellate -all-info  ProgramVersion: 7.3.2  TimeStamp: 2026/03/14-09:40:37-GMT  BuildTime: Aug  4 2022 06:17:15  BuildStamp: freesurfer-linux-ubuntu22_x86_64-7.3.2-20220804-6354275  User: oesteban  Machine: dna075  Platform: Linux  PlatformVersion: 5.14.0-427.37.1.el9_4.x86_64  CompilerName: GCC  CompilerVersion: 8.4.0
ProgramName: mri_vol2surf  ProgramArguments: mri_vol2surf -all-info  ProgramVersion: 7.3.2  TimeStamp: 2026/03/14-09:40:37-GMT  BuildTime: Aug  4 2022 06:17:15  BuildStamp: freesurfer-linux-ubuntu22_x86_64-7.3.2-20220804-6354275  User: oesteban  Machine: dna075  Platform: Linux  PlatformVersion: 5.14.0-427.37.1.el9_4.x86_64  CompilerName: GCC  CompilerVersion: 8.4.0
ProgramName: mri_vol2vol  ProgramArguments: mri_vol2vol -all-info  ProgramVersion: 7.3.2  TimeStamp: 2026/03/14-09:40:37-GMT  BuildTime: Aug  4 2022 06:17:15  BuildStamp: freesurfer-linux-ubuntu22_x86_64-7.3.2-20220804-6354275  User: oesteban  Machine: dna075  Platform: Linux  PlatformVersion: 5.14.0-427.37.1.el9_4.x86_64  CompilerName: GCC  CompilerVersion: 8.4.0
ProgramName: mri_voldiff  ProgramArguments: mri_voldiff -all-info  ProgramVersion: 7.3.2  TimeStamp: 2026/03/14-09:40:37-GMT  BuildTime: Aug  4 2022 06:17:15  BuildStamp: freesurfer-linux-ubuntu22_x86_64-7.3.2-20220804-6354275  User: oesteban  Machine: dna075  Platform: Linux  PlatformVersion: 5.14.0-427.37.1.el9_4.x86_64  CompilerName: GCC  CompilerVersion: 8.4.0
ProgramName: mri_watershed  ProgramArguments: mri_watershed -all-info  ProgramVersion: 7.3.2  TimeStamp: 2026/03/14-09:40:37-GMT  BuildTime: Aug  4 2022 06:17:15  BuildStamp: freesurfer-linux-ubuntu22_x86_64-7.3.2-20220804-6354275  User: oesteban  Machine: dna075  Platform: Linux  PlatformVersion: 5.14.0-427.37.1.el9_4.x86_64  CompilerName: GCC  CompilerVersion: 8.4.0
ProgramName: tkregister2  ProgramArguments: tkregister2_cmdl -all-info  ProgramVersion: 7.3.2  TimeStamp: 2026/03/14-09:40:37-GMT  BuildTime: Aug  4 2022 06:17:15  BuildStamp: freesurfer-linux-ubuntu22_x86_64-7.3.2-20220804-6354275  User: oesteban  Machine: dna075  Platform: Linux  PlatformVersion: 5.14.0-427.37.1.el9_4.x86_64  CompilerName: GCC  CompilerVersion: 8.4.0
mri_motion_correct.fsl 7.3.2
mri_convert -all-info 
ProgramName: mri_convert  ProgramArguments: mri_convert -all-info  ProgramVersion: 7.3.2  TimeStamp: 2026/03/14-09:40:37-GMT  BuildTime: Aug  4 2022 06:17:15  BuildStamp: freesurfer-linux-ubuntu22_x86_64-7.3.2-20220804-6354275  User: oesteban  Machine: dna075  Platform: Linux  PlatformVersion: 5.14.0-427.37.1.el9_4.x86_64  CompilerName: GCC  CompilerVersion: 8.4.0
Program nu_correct, built from:
Package MNI N3, version 1.12.0, compiled by nicks@terrier (x86_64-unknown-linux-gnu) on 2015-06-19 at 01:25:34
#######################################
GCADIR /opt/freesurfer/average
GCA RB_all_2020-01-02.gca
GCASkull RB_all_withskull_2020_01_02.gca
AvgCurvTif folding.atlas.acfb40.noaparc.i12.2016-08-02.tif
GCSDIR /opt/freesurfer/average
GCS DKaparc.atlas.acfb40.noaparc.i12.2016-08-02.gcs
#######################################
#-------------------------------------
#@# EM Registration Sat Mar 14 10:40:37 CET 2026
/out/sourcedata/freesurfer/sub-v2s9x29163_ses-1/mri

 mri_em_register -uns 3 -mask brainmask.mgz nu.mgz /opt/freesurfer/average/RB_all_2020-01-02.gca transforms/talairach.lta 

setting unknown_nbr_spacing = 3
using MR volume brainmask.mgz to mask input volume...

== Number of threads available to mri_em_register for OpenMP = 16 == 
reading 1 input volumes...
logging results to talairach.log
reading '/opt/freesurfer/average/RB_all_2020-01-02.gca'...
GCAread took 0 minutes and 1 seconds.
average std = 7.2   using min determinant for regularization = 5.2
0 singular and 884 ill-conditioned covariance matrices regularized
reading 'nu.mgz'...
MRImask(): AllowDiffGeom = 1
MRImask(): AllowDiffGeom = 1
MRImask(): AllowDiffGeom = 1
MRImask(): AllowDiffGeom = 1
MRImask(): AllowDiffGeom = 1
freeing gibbs priors...done.
accounting for voxel sizes in initial transform
bounding unknown intensity as < 5.9 or > 519.0 
total sample mean = 79.1 (1017 zeros)
************************************************
spacing=8, using 2841 sample points, tol=1.00e-05...
************************************************
register_mri: find_optimal_transform
find_optimal_transform: nsamples 2841, passno 0, spacing 8
resetting wm mean[0]: 98 --> 107
resetting gm mean[0]: 61 --> 61
input volume #1 is the most T1-like
using real data threshold=21.0
skull bounding box = (72, 81, 31) --> (202, 201, 187)
finding center of left hemi white matter
using (115, 121, 109) as brain centroid of Right_Cerebral_White_Matter...
MRImask(): AllowDiffGeom = 1
mean wm in atlas = 107, using box (99,106,90) --> (130, 135,128) to find MRI wm
before smoothing, mri peak at 109
robust fit to distribution - 109 +- 3.7
after smoothing, mri peak at 109, scaling input intensities by 0.982
scaling channel 0 by 0.981651
initial log_p = -4.305
************************************************
First Search limited to translation only.
************************************************
max log p =    -4.087534 @ (-10.526, -10.526, -10.526)
max log p =    -4.022490 @ (-5.263, -5.263, 5.263)
max log p =    -3.987281 @ (2.632, -2.632, -2.632)
max log p =    -3.972106 @ (3.947, -1.316, 1.316)
max log p =    -3.955891 @ (-7.237, 1.974, 4.605)
max log p =    -3.955891 @ (0.000, 0.000, 0.000)
max log p =    -3.955891 @ (0.000, 0.000, 0.000)
max log p =    -3.955891 @ (0.000, 0.000, 0.000)
Found translation: (-16.4, -17.8, -2.0): log p = -3.956
****************************************
Nine parameter search.  iteration 0 nscales = 0 ...
****************************************
Result so far: scale 1.000: max_log_p=-3.535, old_max_log_p =-3.956 (thresh=-4.0)
 1.01871   0.20874   0.20799  -62.57312;
-0.31723   1.12307   0.40397  -32.57214;
-0.16136  -0.42802   0.97927   82.02925;
 0.00000   0.00000   0.00000   1.00000;
iteration took 0 minutes and 7 seconds.
****************************************
Nine parameter search.  iteration 1 nscales = 0 ...
****************************************
Result so far: scale 1.000: max_log_p=-3.514, old_max_log_p =-3.535 (thresh=-3.5)
 1.05140   0.06036   0.15348  -41.13097;
-0.18155   1.14071   0.42766  -55.99137;
-0.16136  -0.42802   0.97927   82.02925;
 0.00000   0.00000   0.00000   1.00000;
iteration took 0 minutes and 7 seconds.
****************************************
Nine parameter search.  iteration 2 nscales = 0 ...
****************************************
Result so far: scale 1.000: max_log_p=-3.514, old_max_log_p =-3.514 (thresh=-3.5)
 1.05140   0.06036   0.15348  -41.13097;
-0.18155   1.14071   0.42766  -55.99137;
-0.16136  -0.42802   0.97927   82.02925;
 0.00000   0.00000   0.00000   1.00000;
reducing scale to 0.2500
iteration took 0 minutes and 7 seconds.
****************************************
Nine parameter search.  iteration 3 nscales = 1 ...
****************************************
Result so far: scale 0.250: max_log_p=-3.316, old_max_log_p =-3.514 (thresh=-3.5)
 1.05140   0.06036   0.15348  -44.88097;
-0.17845   1.11764   0.42185  -50.79355;
-0.16481  -0.43313   0.99854   83.03247;
 0.00000   0.00000   0.00000   1.00000;
iteration took 0 minutes and 7 seconds.
****************************************
Nine parameter search.  iteration 4 nscales = 1 ...
****************************************
Result so far: scale 0.250: max_log_p=-3.314, old_max_log_p =-3.316 (thresh=-3.3)
 1.04518   0.09734   0.16612  -50.32708;
-0.21115   1.14980   0.39092  -47.32861;
-0.17057  -0.39633   1.01181   77.47947;
 0.00000   0.00000   0.00000   1.00000;
reducing scale to 0.0625
iteration took 0 minutes and 7 seconds.
****************************************
Nine parameter search.  iteration 5 nscales = 2 ...
****************************************
Result so far: scale 0.062: max_log_p=-3.282, old_max_log_p =-3.314 (thresh=-3.3)
 1.05415   0.07071   0.12753  -43.48429;
-0.18066   1.14006   0.41873  -54.13473;
-0.13922  -0.42111   1.00465   77.63801;
 0.00000   0.00000   0.00000   1.00000;
iteration took 0 minutes and 7 seconds.
****************************************
Nine parameter search.  iteration 6 nscales = 2 ...
****************************************
Result so far: scale 0.062: max_log_p=-3.274, old_max_log_p =-3.282 (thresh=-3.3)
 1.05786   0.07096   0.12798  -44.08341;
-0.18045   1.13873   0.41823  -53.93150;
-0.13873  -0.41963   1.00112   77.73561;
 0.00000   0.00000   0.00000   1.00000;
iteration took 0 minutes and 7 seconds.
****************************************
Nine parameter search.  iteration 7 nscales = 2 ...
****************************************
Result so far: scale 0.062: max_log_p=-3.271, old_max_log_p =-3.274 (thresh=-3.3)
 1.05910   0.07104   0.12813  -44.28366;
-0.18066   1.14006   0.41872  -54.13401;
-0.13840  -0.41865   0.99877   77.80050;
 0.00000   0.00000   0.00000   1.00000;
iteration took 0 minutes and 7 seconds.
****************************************
Nine parameter search.  iteration 8 nscales = 2 ...
****************************************
Result so far: scale 0.062: max_log_p=-3.271, old_max_log_p =-3.271 (thresh=-3.3)
 1.05910   0.07104   0.12813  -44.28366;
-0.18066   1.14006   0.41872  -54.13401;
-0.13840  -0.41865   0.99877   77.80050;
 0.00000   0.00000   0.00000   1.00000;
min search scale 0.025000 reached
***********************************************
Computing MAP estimate using 2841 samples...
***********************************************
dt = 5.00e-06, momentum=0.80, tol=1.00e-05
l_intensity = 1.0000
Aligning input volume to GCA...
Transform matrix
 1.05910   0.07104   0.12813  -44.28366;
-0.18066   1.14006   0.41872  -54.13401;
-0.13840  -0.41865   0.99877   77.80050;
 0.00000   0.00000   0.00000   1.00000;
nsamples 2841
Quasinewton: input matrix
 1.05910   0.07104   0.12813  -44.28366;
-0.18066   1.14006   0.41872  -54.13401;
-0.13840  -0.41865   0.99877   77.80050;
 0.00000   0.00000   0.00000   1.00000;
 IFLAG= -1  LINE SEARCH FAILED. SEE DOCUMENTATION OF ROUTINE MCSRCH ERROR RETURN OF LINE SEARCH: INFO= 3 POSSIBLE CAUSES: FUNCTION OR GRADIENT ARE INCORRECT OR INCORRECT TOLERANCESoutof QuasiNewtonEMA: 011: -log(p) =   -0.0  tol 0.000010
Resulting transform:
 1.05910   0.07104   0.12813  -44.28366;
-0.18066   1.14006   0.41872  -54.13401;
-0.13840  -0.41865   0.99877   77.80050;
 0.00000   0.00000   0.00000   1.00000;

pass 1, spacing 8: log(p) = -3.271 (old=-4.305)
transform before final EM align:
 1.05910   0.07104   0.12813  -44.28366;
-0.18066   1.14006   0.41872  -54.13401;
-0.13840  -0.41865   0.99877   77.80050;
 0.00000   0.00000   0.00000   1.00000;

**************************************************
 EM alignment process ...
 Computing final MAP estimate using 315638 samples. 
**************************************************
dt = 5.00e-06, momentum=0.80, tol=1.00e-07
l_intensity = 1.0000
Aligning input volume to GCA...
Transform matrix
 1.05910   0.07104   0.12813  -44.28366;
-0.18066   1.14006   0.41872  -54.13401;
-0.13840  -0.41865   0.99877   77.80050;
 0.00000   0.00000   0.00000   1.00000;
nsamples 315638
Quasinewton: input matrix
 1.05910   0.07104   0.12813  -44.28366;
-0.18066   1.14006   0.41872  -54.13401;
-0.13840  -0.41865   0.99877   77.80050;
 0.00000   0.00000   0.00000   1.00000;
 IFLAG= -1  LINE SEARCH FAILED. SEE DOCUMENTATION OF ROUTINE MCSRCH ERROR RETURN OF LINE SEARCH: INFO= 6 POSSIBLE CAUSES: FUNCTION OR GRADIENT ARE INCORRECT OR INCORRECT TOLERANCESoutof QuasiNewtonEMA: 013: -log(p) =    3.8  tol 0.000000
final transform:
 1.05910   0.07104   0.12813  -44.28366;
-0.18066   1.14006   0.41872  -54.13401;
-0.13840  -0.41865   0.99877   77.80050;
 0.00000   0.00000   0.00000   1.00000;

writing output transformation to transforms/talairach.lta...
#VMPC# mri_em_register VmPeak  891288
FSRUNTIME@ mri_em_register  0.0244 hours 16 threads
registration took 1 minutes and 28 seconds.

Started at Sat Mar 14 10:40:37 CET 2026 
Ended   at Sat Mar 14 10:42:05 CET 2026
#@#%# recon-all-run-time-hours 0.024
recon-all -s sub-v2s9x29163_ses-1 finished without error at Sat Mar 14 10:42:05 CET 2026



#New# invocation of recon-all 




Sat Mar 14 10:42:07 CET 2026
cd /out/sourcedata/freesurfer/sub-v2s9x29163_ses-1
setenv SUBJECTS_DIR /out/sourcedata/freesurfer
/opt/freesurfer/bin/recon-all -autorecon2-volonly -openmp 16 -subjid sub-v2s9x29163_ses-1 -sd /out/sourcedata/freesurfer -nogcareg

subjid sub-v2s9x29163_ses-1
setenv SUBJECTS_DIR /out/sourcedata/freesurfer
FREESURFER_HOME /opt/freesurfer
Actual FREESURFER_HOME /opt/freesurfer
build-stamp.txt: freesurfer-linux-ubuntu22_x86_64-7.3.2-20220804-6354275
Linux dna075 5.14.0-427.37.1.el9_4.x86_64 #1 SMP PREEMPT_DYNAMIC Fri Sep 13 12:41:50 EDT 2024 x86_64 x86_64 x86_64 GNU/Linux
cputime      unlimited
filesize     unlimited
datasize     unlimited
stacksize    8192 kbytes
coredumpsize 0 kbytes
memoryuse    67108864 kbytes
vmemoryuse   unlimited
descriptors  1024 
memorylocked unlimited
maxproc      2061970 
maxlocks     unlimited
maxsignal    2062029 
maxmessage   819200 
maxnice      0 
maxrtprio    0 
maxrttime    unlimited

               total        used        free      shared  buff/cache   available
Mem:           503Gi        49Gi       398Gi        10Gi        55Gi       440Gi
Swap:             0B          0B          0B

########################################
program versions used
7.3.2 (freesurfer-linux-ubuntu22_x86_64-7.3.2-20220804-6354275)
7.3.2

ProgramName: lta_convert  ProgramArguments: lta_convert -all-info  ProgramVersion: 7.3.2  TimeStamp: 2026/03/14-09:42:07-GMT  BuildTime: Aug  4 2022 06:17:15  BuildStamp: freesurfer-linux-ubuntu22_x86_64-7.3.2-20220804-6354275  User: oesteban  Machine: dna075  Platform: Linux  PlatformVersion: 5.14.0-427.37.1.el9_4.x86_64  CompilerName: GCC  CompilerVersion: 8.4.0
ProgramName: mri_and  ProgramArguments: mri_and -all-info  ProgramVersion: 7.3.2  TimeStamp: 2026/03/14-09:42:07-GMT  BuildTime: Aug  4 2022 06:17:15  BuildStamp: freesurfer-linux-ubuntu22_x86_64-7.3.2-20220804-6354275  User: oesteban  Machine: dna075  Platform: Linux  PlatformVersion: 5.14.0-427.37.1.el9_4.x86_64  CompilerName: GCC  CompilerVersion: 8.4.0
ProgramName: mri_annotation2label  ProgramArguments: mri_annotation2label -all-info  ProgramVersion: 7.3.2  TimeStamp: 2026/03/14-09:42:07-GMT  BuildTime: Aug  4 2022 06:17:15  BuildStamp: freesurfer-linux-ubuntu22_x86_64-7.3.2-20220804-6354275  User: oesteban  Machine: dna075  Platform: Linux  PlatformVersion: 5.14.0-427.37.1.el9_4.x86_64  CompilerName: GCC  CompilerVersion: 8.4.0
ProgramName: mri_aparc2aseg  ProgramArguments: mri_aparc2aseg -all-info  ProgramVersion: 7.3.2  TimeStamp: 2026/03/14-09:42:07-GMT  BuildTime: Aug  4 2022 06:17:15  BuildStamp: freesurfer-linux-ubuntu22_x86_64-7.3.2-20220804-6354275  User: oesteban  Machine: dna075  Platform: Linux  PlatformVersion: 5.14.0-427.37.1.el9_4.x86_64  CompilerName: GCC  CompilerVersion: 8.4.0
ProgramName: mri_surf2volseg  ProgramArguments: mri_surf2volseg -all-info  ProgramVersion: 7.3.2  TimeStamp: 2026/03/14-09:42:07-GMT  BuildTime: Aug  4 2022 06:17:15  BuildStamp: freesurfer-linux-ubuntu22_x86_64-7.3.2-20220804-6354275  User: oesteban  Machine: dna075  Platform: Linux  PlatformVersion: 5.14.0-427.37.1.el9_4.x86_64  CompilerName: GCC  CompilerVersion: 8.4.0
ProgramName: mri_binarize  ProgramArguments: mri_binarize -all-info  ProgramVersion: 7.3.2  TimeStamp: 2026/03/14-09:42:07-GMT  BuildTime: Aug  4 2022 06:17:15  BuildStamp: freesurfer-linux-ubuntu22_x86_64-7.3.2-20220804-6354275  User: oesteban  Machine: dna075  Platform: Linux  PlatformVersion: 5.14.0-427.37.1.el9_4.x86_64  CompilerName: GCC  CompilerVersion: 8.4.0
ProgramName: mri_ca_label  ProgramArguments: mri_ca_label -all-info  ProgramVersion: 7.3.2  TimeStamp: 2026/03/14-09:42:07-GMT  BuildTime: Aug  4 2022 06:17:15  BuildStamp: freesurfer-linux-ubuntu22_x86_64-7.3.2-20220804-6354275  User: oesteban  Machine: dna075  Platform: Linux  PlatformVersion: 5.14.0-427.37.1.el9_4.x86_64  CompilerName: GCC  CompilerVersion: 8.4.0
ProgramName: mri_ca_normalize  ProgramArguments: mri_ca_normalize -all-info  ProgramVersion: 7.3.2  TimeStamp: 2026/03/14-09:42:07-GMT  BuildTime: Aug  4 2022 06:17:15  BuildStamp: freesurfer-linux-ubuntu22_x86_64-7.3.2-20220804-6354275  User: oesteban  Machine: dna075  Platform: Linux  PlatformVersion: 5.14.0-427.37.1.el9_4.x86_64  CompilerName: GCC  CompilerVersion: 8.4.0
ProgramName: mri_ca_register  ProgramArguments: mri_ca_register -all-info  ProgramVersion: 7.3.2  TimeStamp: 2026/03/14-09:42:07-GMT  BuildTime: Aug  4 2022 06:17:15  BuildStamp: freesurfer-linux-ubuntu22_x86_64-7.3.2-20220804-6354275  User: oesteban  Machine: dna075  Platform: Linux  PlatformVersion: 5.14.0-427.37.1.el9_4.x86_64  CompilerName: GCC  CompilerVersion: 8.4.0
ProgramName: mri_cc  ProgramArguments: mri_cc -all-info  ProgramVersion: 7.3.2  TimeStamp: 2026/03/14-09:42:07-GMT  BuildTime: Aug  4 2022 06:17:15  BuildStamp: freesurfer-linux-ubuntu22_x86_64-7.3.2-20220804-6354275  User: oesteban  Machine: dna075  Platform: Linux  PlatformVersion: 5.14.0-427.37.1.el9_4.x86_64  CompilerName: GCC  CompilerVersion: 8.4.0
ProgramName: mri_compute_overlap  ProgramArguments: mri_compute_overlap -all-info  ProgramVersion: 7.3.2  TimeStamp: 2026/03/14-09:42:08-GMT  BuildTime: Aug  4 2022 06:17:15  BuildStamp: freesurfer-linux-ubuntu22_x86_64-7.3.2-20220804-6354275  User: oesteban  Machine: dna075  Platform: Linux  PlatformVersion: 5.14.0-427.37.1.el9_4.x86_64  CompilerName: GCC  CompilerVersion: 8.4.0
ProgramName: mri_compute_seg_overlap  ProgramArguments: mri_compute_seg_overlap -all-info  ProgramVersion: 7.3.2  TimeStamp: 2026/03/14-09:42:08-GMT  BuildTime: Aug  4 2022 06:17:15  BuildStamp: freesurfer-linux-ubuntu22_x86_64-7.3.2-20220804-6354275  User: oesteban  Machine: dna075  Platform: Linux  PlatformVersion: 5.14.0-427.37.1.el9_4.x86_64  CompilerName: GCC  CompilerVersion: 8.4.0
ProgramName: mri_concat  ProgramArguments: mri_concat -all-info  ProgramVersion: 7.3.2  TimeStamp: 2026/03/14-09:42:08-GMT  BuildTime: Aug  4 2022 06:17:15  BuildStamp: freesurfer-linux-ubuntu22_x86_64-7.3.2-20220804-6354275  User: oesteban  Machine: dna075  Platform: Linux  PlatformVersion: 5.14.0-427.37.1.el9_4.x86_64  CompilerName: GCC  CompilerVersion: 8.4.0
ProgramName: mri_concatenate_lta  ProgramArguments: mri_concatenate_lta -all-info  ProgramVersion: 7.3.2  TimeStamp: 2026/03/14-09:42:08-GMT  BuildTime: Aug  4 2022 06:17:15  BuildStamp: freesurfer-linux-ubuntu22_x86_64-7.3.2-20220804-6354275  User: oesteban  Machine: dna075  Platform: Linux  PlatformVersion: 5.14.0-427.37.1.el9_4.x86_64  CompilerName: GCC  CompilerVersion: 8.4.0
mri_convert -all-info 
ProgramName: mri_convert  ProgramArguments: mri_convert -all-info  ProgramVersion: 7.3.2  TimeStamp: 2026/03/14-09:42:08-GMT  BuildTime: Aug  4 2022 06:17:15  BuildStamp: freesurfer-linux-ubuntu22_x86_64-7.3.2-20220804-6354275  User: oesteban  Machine: dna075  Platform: Linux  PlatformVersion: 5.14.0-427.37.1.el9_4.x86_64  CompilerName: GCC  CompilerVersion: 8.4.0
ProgramName: mri_diff  ProgramArguments: mri_diff -all-info  ProgramVersion: 7.3.2  TimeStamp: 2026/03/14-09:42:08-GMT  BuildTime: Aug  4 2022 06:17:15  BuildStamp: freesurfer-linux-ubuntu22_x86_64-7.3.2-20220804-6354275  User: oesteban  Machine: dna075  Platform: Linux  PlatformVersion: 5.14.0-427.37.1.el9_4.x86_64  CompilerName: GCC  CompilerVersion: 8.4.0
ProgramName: mri_edit_wm_with_aseg  ProgramArguments: mri_edit_wm_with_aseg -all-info  ProgramVersion: 7.3.2  TimeStamp: 2026/03/14-09:42:08-GMT  BuildTime: Aug  4 2022 06:17:15  BuildStamp: freesurfer-linux-ubuntu22_x86_64-7.3.2-20220804-6354275  User: oesteban  Machine: dna075  Platform: Linux  PlatformVersion: 5.14.0-427.37.1.el9_4.x86_64  CompilerName: GCC  CompilerVersion: 8.4.0
ProgramName: mri_em_register  ProgramArguments: mri_em_register -all-info  ProgramVersion: 7.3.2  TimeStamp: 2026/03/14-09:42:08-GMT  BuildTime: Aug  4 2022 06:17:15  BuildStamp: freesurfer-linux-ubuntu22_x86_64-7.3.2-20220804-6354275  User: oesteban  Machine: dna075  Platform: Linux  PlatformVersion: 5.14.0-427.37.1.el9_4.x86_64  CompilerName: GCC  CompilerVersion: 8.4.0
ProgramName: mri_fill  ProgramArguments: mri_fill -all-info  ProgramVersion: 7.3.2  TimeStamp: 2026/03/14-09:42:08-GMT  BuildTime: Aug  4 2022 06:17:15  BuildStamp: freesurfer-linux-ubuntu22_x86_64-7.3.2-20220804-6354275  User: oesteban  Machine: dna075  Platform: Linux  PlatformVersion: 5.14.0-427.37.1.el9_4.x86_64  CompilerName: GCC  CompilerVersion: 8.4.0
ProgramName: mri_fuse_segmentations  ProgramArguments: mri_fuse_segmentations -all-info  ProgramVersion: 7.3.2  TimeStamp: 2026/03/14-09:42:08-GMT  BuildTime: Aug  4 2022 06:17:15  BuildStamp: freesurfer-linux-ubuntu22_x86_64-7.3.2-20220804-6354275  User: oesteban  Machine: dna075  Platform: Linux  PlatformVersion: 5.14.0-427.37.1.el9_4.x86_64  CompilerName: GCC  CompilerVersion: 8.4.0
ProgramName: mri_fwhm  ProgramArguments: mri_fwhm -all-info  ProgramVersion: 7.3.2  TimeStamp: 2026/03/14-09:42:08-GMT  BuildTime: Aug  4 2022 06:17:15  BuildStamp: freesurfer-linux-ubuntu22_x86_64-7.3.2-20220804-6354275  User: oesteban  Machine: dna075  Platform: Linux  PlatformVersion: 5.14.0-427.37.1.el9_4.x86_64  CompilerName: GCC  CompilerVersion: 8.4.0
ProgramName: mri_gcut  ProgramArguments: mri_gcut -all-info  ProgramVersion: 7.3.2  TimeStamp: 2026/03/14-09:42:08-GMT  BuildTime: Aug  4 2022 06:17:15  BuildStamp: freesurfer-linux-ubuntu22_x86_64-7.3.2-20220804-6354275  User: oesteban  Machine: dna075  Platform: Linux  PlatformVersion: 5.14.0-427.37.1.el9_4.x86_64  CompilerName: GCC  CompilerVersion: 8.4.0
ProgramName: mri_info  ProgramArguments: mri_info -all-info  ProgramVersion: 7.3.2  TimeStamp: 2026/03/14-09:42:08-GMT  BuildTime: Aug  4 2022 06:17:15  BuildStamp: freesurfer-linux-ubuntu22_x86_64-7.3.2-20220804-6354275  User: oesteban  Machine: dna075  Platform: Linux  PlatformVersion: 5.14.0-427.37.1.el9_4.x86_64  CompilerName: GCC  CompilerVersion: 8.4.0
ProgramName: mri_label2label  ProgramArguments: mri_label2label -all-info  ProgramVersion: 7.3.2  TimeStamp: 2026/03/14-09:42:08-GMT  BuildTime: Aug  4 2022 06:17:15  BuildStamp: freesurfer-linux-ubuntu22_x86_64-7.3.2-20220804-6354275  User: oesteban  Machine: dna075  Platform: Linux  PlatformVersion: 5.14.0-427.37.1.el9_4.x86_64  CompilerName: GCC  CompilerVersion: 8.4.0
ProgramName: mri_label2vol  ProgramArguments: mri_label2vol -all-info  ProgramVersion: 7.3.2  TimeStamp: 2026/03/14-09:42:08-GMT  BuildTime: Aug  4 2022 06:17:15  BuildStamp: freesurfer-linux-ubuntu22_x86_64-7.3.2-20220804-6354275  User: oesteban  Machine: dna075  Platform: Linux  PlatformVersion: 5.14.0-427.37.1.el9_4.x86_64  CompilerName: GCC  CompilerVersion: 8.4.0
ProgramName: mri_log_likelihood  ProgramArguments: mri_log_likelihood -all-info  ProgramVersion: 7.3.2  TimeStamp: 2026/03/14-09:42:08-GMT  BuildTime: Aug  4 2022 06:17:15  BuildStamp: freesurfer-linux-ubuntu22_x86_64-7.3.2-20220804-6354275  User: oesteban  Machine: dna075  Platform: Linux  PlatformVersion: 5.14.0-427.37.1.el9_4.x86_64  CompilerName: GCC  CompilerVersion: 8.4.0
ProgramName: mri_mask  ProgramArguments: mri_mask -all-info  ProgramVersion: 7.3.2  TimeStamp: 2026/03/14-09:42:08-GMT  BuildTime: Aug  4 2022 06:17:15  BuildStamp: freesurfer-linux-ubuntu22_x86_64-7.3.2-20220804-6354275  User: oesteban  Machine: dna075  Platform: Linux  PlatformVersion: 5.14.0-427.37.1.el9_4.x86_64  CompilerName: GCC  CompilerVersion: 8.4.0
ProgramName: mri_matrix_multiply  ProgramArguments: mri_matrix_multiply -all-info  ProgramVersion: 7.3.2  TimeStamp: 2026/03/14-09:42:08-GMT  BuildTime: Aug  4 2022 06:17:15  BuildStamp: freesurfer-linux-ubuntu22_x86_64-7.3.2-20220804-6354275  User: oesteban  Machine: dna075  Platform: Linux  PlatformVersion: 5.14.0-427.37.1.el9_4.x86_64  CompilerName: GCC  CompilerVersion: 8.4.0
ProgramName: mri_normalize  ProgramArguments: mri_normalize -all-info  ProgramVersion: 7.3.2  TimeStamp: 2026/03/14-09:42:08-GMT  BuildTime: Aug  4 2022 06:17:15  BuildStamp: freesurfer-linux-ubuntu22_x86_64-7.3.2-20220804-6354275  User: oesteban  Machine: dna075  Platform: Linux  PlatformVersion: 5.14.0-427.37.1.el9_4.x86_64  CompilerName: GCC  CompilerVersion: 8.4.0
ProgramName: mri_normalize_tp2  ProgramArguments: mri_normalize_tp2 -all-info  ProgramVersion: 7.3.2  TimeStamp: 2026/03/14-09:42:08-GMT  BuildTime: Aug  4 2022 06:17:15  BuildStamp: freesurfer-linux-ubuntu22_x86_64-7.3.2-20220804-6354275  User: oesteban  Machine: dna075  Platform: Linux  PlatformVersion: 5.14.0-427.37.1.el9_4.x86_64  CompilerName: GCC  CompilerVersion: 8.4.0
ProgramName: mri_or  ProgramArguments: mri_or -all-info  ProgramVersion: 7.3.2  TimeStamp: 2026/03/14-09:42:08-GMT  BuildTime: Aug  4 2022 06:17:15  BuildStamp: freesurfer-linux-ubuntu22_x86_64-7.3.2-20220804-6354275  User: oesteban  Machine: dna075  Platform: Linux  PlatformVersion: 5.14.0-427.37.1.el9_4.x86_64  CompilerName: GCC  CompilerVersion: 8.4.0
ProgramName: mri_relabel_hypointensities  ProgramArguments: mri_relabel_hypointensities -all-info  ProgramVersion: 7.3.2  TimeStamp: 2026/03/14-09:42:08-GMT  BuildTime: Aug  4 2022 06:17:15  BuildStamp: freesurfer-linux-ubuntu22_x86_64-7.3.2-20220804-6354275  User: oesteban  Machine: dna075  Platform: Linux  PlatformVersion: 5.14.0-427.37.1.el9_4.x86_64  CompilerName: GCC  CompilerVersion: 8.4.0
ProgramName: mri_relabel_nonwm_hypos  ProgramArguments: mri_relabel_nonwm_hypos -all-info  ProgramVersion: 7.3.2  TimeStamp: 2026/03/14-09:42:08-GMT  BuildTime: Aug  4 2022 06:17:15  BuildStamp: freesurfer-linux-ubuntu22_x86_64-7.3.2-20220804-6354275  User: oesteban  Machine: dna075  Platform: Linux  PlatformVersion: 5.14.0-427.37.1.el9_4.x86_64  CompilerName: GCC  CompilerVersion: 8.4.0
ProgramName: mri_remove_neck  ProgramArguments: mri_remove_neck -all-info  ProgramVersion: 7.3.2  TimeStamp: 2026/03/14-09:42:08-GMT  BuildTime: Aug  4 2022 06:17:15  BuildStamp: freesurfer-linux-ubuntu22_x86_64-7.3.2-20220804-6354275  User: oesteban  Machine: dna075  Platform: Linux  PlatformVersion: 5.14.0-427.37.1.el9_4.x86_64  CompilerName: GCC  CompilerVersion: 8.4.0
7.3.2

ProgramName: mri_robust_register  ProgramArguments: mri_robust_register -all-info  ProgramVersion: 7.3.2  TimeStamp: 2026/03/14-09:42:08-GMT  BuildTime: Aug  4 2022 06:17:15  BuildStamp: freesurfer-linux-ubuntu22_x86_64-7.3.2-20220804-6354275  User: oesteban  Machine: dna075  Platform: Linux  PlatformVersion: 5.14.0-427.37.1.el9_4.x86_64  CompilerName: GCC  CompilerVersion: 8.4.0
7.3.2

ProgramName: mri_robust_template  ProgramArguments: mri_robust_template -all-info  ProgramVersion: 7.3.2  TimeStamp: 2026/03/14-09:42:08-GMT  BuildTime: Aug  4 2022 06:17:15  BuildStamp: freesurfer-linux-ubuntu22_x86_64-7.3.2-20220804-6354275  User: oesteban  Machine: dna075  Platform: Linux  PlatformVersion: 5.14.0-427.37.1.el9_4.x86_64  CompilerName: GCC  CompilerVersion: 8.4.0
ProgramName: mris_anatomical_stats  ProgramArguments: mris_anatomical_stats -all-info  ProgramVersion: 7.3.2  TimeStamp: 2026/03/14-09:42:08-GMT  BuildTime: Aug  4 2022 06:17:15  BuildStamp: freesurfer-linux-ubuntu22_x86_64-7.3.2-20220804-6354275  User: oesteban  Machine: dna075  Platform: Linux  PlatformVersion: 5.14.0-427.37.1.el9_4.x86_64  CompilerName: GCC  CompilerVersion: 8.4.0
ProgramName: mris_ca_label  ProgramArguments: mris_ca_label -all-info  ProgramVersion: 7.3.2  TimeStamp: 2026/03/14-09:42:08-GMT  BuildTime: Aug  4 2022 06:17:15  BuildStamp: freesurfer-linux-ubuntu22_x86_64-7.3.2-20220804-6354275  User: oesteban  Machine: dna075  Platform: Linux  PlatformVersion: 5.14.0-427.37.1.el9_4.x86_64  CompilerName: GCC  CompilerVersion: 8.4.0
ProgramName: mris_calc  ProgramArguments: mris_calc -all-info  ProgramVersion: 7.3.2  TimeStamp: 2026/03/14-09:42:08-GMT  BuildTime: Aug  4 2022 06:17:15  BuildStamp: freesurfer-linux-ubuntu22_x86_64-7.3.2-20220804-6354275  User: oesteban  Machine: dna075  Platform: Linux  PlatformVersion: 5.14.0-427.37.1.el9_4.x86_64  CompilerName: GCC  CompilerVersion: 8.4.0
ProgramName: mris_convert  ProgramArguments: mris_convert -all-info  ProgramVersion: 7.3.2  TimeStamp: 2026/03/14-09:42:08-GMT  BuildTime: Aug  4 2022 06:17:15  BuildStamp: freesurfer-linux-ubuntu22_x86_64-7.3.2-20220804-6354275  User: oesteban  Machine: dna075  Platform: Linux  PlatformVersion: 5.14.0-427.37.1.el9_4.x86_64  CompilerName: GCC  CompilerVersion: 8.4.0
ProgramName: mris_curvature  ProgramArguments: mris_curvature -all-info  ProgramVersion: 7.3.2  TimeStamp: 2026/03/14-09:42:08-GMT  BuildTime: Aug  4 2022 06:17:15  BuildStamp: freesurfer-linux-ubuntu22_x86_64-7.3.2-20220804-6354275  User: oesteban  Machine: dna075  Platform: Linux  PlatformVersion: 5.14.0-427.37.1.el9_4.x86_64  CompilerName: GCC  CompilerVersion: 8.4.0
ProgramName: mris_curvature_stats  ProgramArguments: mris_curvature_stats -all-info  ProgramVersion: 7.3.2  TimeStamp: 2026/03/14-09:42:08-GMT  BuildTime: Aug  4 2022 06:17:15  BuildStamp: freesurfer-linux-ubuntu22_x86_64-7.3.2-20220804-6354275  User: oesteban  Machine: dna075  Platform: Linux  PlatformVersion: 5.14.0-427.37.1.el9_4.x86_64  CompilerName: GCC  CompilerVersion: 8.4.0
ProgramName: mris_diff  ProgramArguments: mris_diff -all-info  ProgramVersion: 7.3.2  TimeStamp: 2026/03/14-09:42:08-GMT  BuildTime: Aug  4 2022 06:17:15  BuildStamp: freesurfer-linux-ubuntu22_x86_64-7.3.2-20220804-6354275  User: oesteban  Machine: dna075  Platform: Linux  PlatformVersion: 5.14.0-427.37.1.el9_4.x86_64  CompilerName: GCC  CompilerVersion: 8.4.0
ProgramName: mris_divide_parcellation  ProgramArguments: mris_divide_parcellation -all-info  ProgramVersion: 7.3.2  TimeStamp: 2026/03/14-09:42:08-GMT  BuildTime: Aug  4 2022 06:17:15  BuildStamp: freesurfer-linux-ubuntu22_x86_64-7.3.2-20220804-6354275  User: oesteban  Machine: dna075  Platform: Linux  PlatformVersion: 5.14.0-427.37.1.el9_4.x86_64  CompilerName: GCC  CompilerVersion: 8.4.0
ProgramName: mri_segment  ProgramArguments: mri_segment -all-info  ProgramVersion: 7.3.2  TimeStamp: 2026/03/14-09:42:08-GMT  BuildTime: Aug  4 2022 06:17:15  BuildStamp: freesurfer-linux-ubuntu22_x86_64-7.3.2-20220804-6354275  User: oesteban  Machine: dna075  Platform: Linux  PlatformVersion: 5.14.0-427.37.1.el9_4.x86_64  CompilerName: GCC  CompilerVersion: 8.4.0
ProgramName: mri_segstats  ProgramArguments: mri_segstats -all-info  ProgramVersion: 7.3.2  TimeStamp: 2026/03/14-09:42:08-GMT  BuildTime: Aug  4 2022 06:17:15  BuildStamp: freesurfer-linux-ubuntu22_x86_64-7.3.2-20220804-6354275  User: oesteban  Machine: dna075  Platform: Linux  PlatformVersion: 5.14.0-427.37.1.el9_4.x86_64  CompilerName: GCC  CompilerVersion: 8.4.0
ProgramName: mris_euler_number  ProgramArguments: mris_euler_number -all-info  ProgramVersion: 7.3.2  TimeStamp: 2026/03/14-09:42:08-GMT  BuildTime: Aug  4 2022 06:17:15  BuildStamp: freesurfer-linux-ubuntu22_x86_64-7.3.2-20220804-6354275  User: oesteban  Machine: dna075  Platform: Linux  PlatformVersion: 5.14.0-427.37.1.el9_4.x86_64  CompilerName: GCC  CompilerVersion: 8.4.0
ProgramName: mris_fix_topology  ProgramArguments: mris_fix_topology -all-info  ProgramVersion: 7.3.2  TimeStamp: 2026/03/14-09:42:08-GMT  BuildTime: Aug  4 2022 06:17:15  BuildStamp: freesurfer-linux-ubuntu22_x86_64-7.3.2-20220804-6354275  User: oesteban  Machine: dna075  Platform: Linux  PlatformVersion: 5.14.0-427.37.1.el9_4.x86_64  CompilerName: GCC  CompilerVersion: 8.4.0
ProgramName: mris_topo_fixer  ProgramArguments: mris_topo_fixer -all-info  ProgramVersion: 7.3.2  TimeStamp: 2026/03/14-09:42:08-GMT  BuildTime: Aug  4 2022 06:17:15  BuildStamp: freesurfer-linux-ubuntu22_x86_64-7.3.2-20220804-6354275  User: oesteban  Machine: dna075  Platform: Linux  PlatformVersion: 5.14.0-427.37.1.el9_4.x86_64  CompilerName: GCC  CompilerVersion: 8.4.0
ProgramName: mris_jacobian  ProgramArguments: mris_jacobian -all-info  ProgramVersion: 7.3.2  TimeStamp: 2026/03/14-09:42:08-GMT  BuildTime: Aug  4 2022 06:17:15  BuildStamp: freesurfer-linux-ubuntu22_x86_64-7.3.2-20220804-6354275  User: oesteban  Machine: dna075  Platform: Linux  PlatformVersion: 5.14.0-427.37.1.el9_4.x86_64  CompilerName: GCC  CompilerVersion: 8.4.0
ProgramName: mris_label2annot  ProgramArguments: mris_label2annot -all-info  ProgramVersion: 7.3.2  TimeStamp: 2026/03/14-09:42:08-GMT  BuildTime: Aug  4 2022 06:17:15  BuildStamp: freesurfer-linux-ubuntu22_x86_64-7.3.2-20220804-6354275  User: oesteban  Machine: dna075  Platform: Linux  PlatformVersion: 5.14.0-427.37.1.el9_4.x86_64  CompilerName: GCC  CompilerVersion: 8.4.0
ProgramName: mris_left_right_register  ProgramArguments: mris_left_right_register -all-info  ProgramVersion: 7.3.2  TimeStamp: 2026/03/14-09:42:08-GMT  BuildTime: Aug  4 2022 06:17:15  BuildStamp: freesurfer-linux-ubuntu22_x86_64-7.3.2-20220804-6354275  User: oesteban  Machine: dna075  Platform: Linux  PlatformVersion: 5.14.0-427.37.1.el9_4.x86_64  CompilerName: GCC  CompilerVersion: 8.4.0
ProgramName: mris_place_surface  ProgramArguments: mris_place_surface -all-info  ProgramVersion: 7.3.2  TimeStamp: 2026/03/14-09:42:08-GMT  BuildTime: Aug  4 2022 06:17:15  BuildStamp: freesurfer-linux-ubuntu22_x86_64-7.3.2-20220804-6354275  User: oesteban  Machine: dna075  Platform: Linux  PlatformVersion: 5.14.0-427.37.1.el9_4.x86_64  CompilerName: GCC  CompilerVersion: 8.4.0
ProgramName: mrisp_paint  ProgramArguments: mrisp_paint -all-info  ProgramVersion: 7.3.2  TimeStamp: 2026/03/14-09:42:08-GMT  BuildTime: Aug  4 2022 06:17:15  BuildStamp: freesurfer-linux-ubuntu22_x86_64-7.3.2-20220804-6354275  User: oesteban  Machine: dna075  Platform: Linux  PlatformVersion: 5.14.0-427.37.1.el9_4.x86_64  CompilerName: GCC  CompilerVersion: 8.4.0
ProgramName: mris_register  ProgramArguments: mris_register -all-info  ProgramVersion: 7.3.2  TimeStamp: 2026/03/14-09:42:08-GMT  BuildTime: Aug  4 2022 06:17:15  BuildStamp: freesurfer-linux-ubuntu22_x86_64-7.3.2-20220804-6354275  User: oesteban  Machine: dna075  Platform: Linux  PlatformVersion: 5.14.0-427.37.1.el9_4.x86_64  CompilerName: GCC  CompilerVersion: 8.4.0
ProgramName: mris_smooth  ProgramArguments: mris_smooth -all-info  ProgramVersion: 7.3.2  TimeStamp: 2026/03/14-09:42:08-GMT  BuildTime: Aug  4 2022 06:17:15  BuildStamp: freesurfer-linux-ubuntu22_x86_64-7.3.2-20220804-6354275  User: oesteban  Machine: dna075  Platform: Linux  PlatformVersion: 5.14.0-427.37.1.el9_4.x86_64  CompilerName: GCC  CompilerVersion: 8.4.0
ProgramName: mris_sphere  ProgramArguments: mris_sphere -all-info  ProgramVersion: 7.3.2  TimeStamp: 2026/03/14-09:42:08-GMT  BuildTime: Aug  4 2022 06:17:15  BuildStamp: freesurfer-linux-ubuntu22_x86_64-7.3.2-20220804-6354275  User: oesteban  Machine: dna075  Platform: Linux  PlatformVersion: 5.14.0-427.37.1.el9_4.x86_64  CompilerName: GCC  CompilerVersion: 8.4.0
ProgramName: mris_surface_stats  ProgramArguments: mris_surface_stats -all-info  ProgramVersion: 7.3.2  TimeStamp: 2026/03/14-09:42:08-GMT  BuildTime: Aug  4 2022 06:17:15  BuildStamp: freesurfer-linux-ubuntu22_x86_64-7.3.2-20220804-6354275  User: oesteban  Machine: dna075  Platform: Linux  PlatformVersion: 5.14.0-427.37.1.el9_4.x86_64  CompilerName: GCC  CompilerVersion: 8.4.0
ProgramName: mri_stats2seg  ProgramArguments: mri_stats2seg -all-info  ProgramVersion: 7.3.2  TimeStamp: 2026/03/14-09:42:08-GMT  BuildTime: Aug  4 2022 06:17:15  BuildStamp: freesurfer-linux-ubuntu22_x86_64-7.3.2-20220804-6354275  User: oesteban  Machine: dna075  Platform: Linux  PlatformVersion: 5.14.0-427.37.1.el9_4.x86_64  CompilerName: GCC  CompilerVersion: 8.4.0
ProgramName: mris_thickness  ProgramArguments: mris_thickness -all-info  ProgramVersion: 7.3.2  TimeStamp: 2026/03/14-09:42:08-GMT  BuildTime: Aug  4 2022 06:17:15  BuildStamp: freesurfer-linux-ubuntu22_x86_64-7.3.2-20220804-6354275  User: oesteban  Machine: dna075  Platform: Linux  PlatformVersion: 5.14.0-427.37.1.el9_4.x86_64  CompilerName: GCC  CompilerVersion: 8.4.0
ProgramName: mris_thickness_diff  ProgramArguments: mris_thickness_diff -all-info  ProgramVersion: 7.3.2  TimeStamp: 2026/03/14-09:42:08-GMT  BuildTime: Aug  4 2022 06:17:15  BuildStamp: freesurfer-linux-ubuntu22_x86_64-7.3.2-20220804-6354275  User: oesteban  Machine: dna075  Platform: Linux  PlatformVersion: 5.14.0-427.37.1.el9_4.x86_64  CompilerName: GCC  CompilerVersion: 8.4.0
ProgramName: mris_topo_fixer  ProgramArguments: mris_topo_fixer -all-info  ProgramVersion: 7.3.2  TimeStamp: 2026/03/14-09:42:08-GMT  BuildTime: Aug  4 2022 06:17:15  BuildStamp: freesurfer-linux-ubuntu22_x86_64-7.3.2-20220804-6354275  User: oesteban  Machine: dna075  Platform: Linux  PlatformVersion: 5.14.0-427.37.1.el9_4.x86_64  CompilerName: GCC  CompilerVersion: 8.4.0
ProgramName: mri_surf2surf  ProgramArguments: mri_surf2surf -all-info  ProgramVersion: 7.3.2  TimeStamp: 2026/03/14-09:42:08-GMT  BuildTime: Aug  4 2022 06:17:15  BuildStamp: freesurfer-linux-ubuntu22_x86_64-7.3.2-20220804-6354275  User: oesteban  Machine: dna075  Platform: Linux  PlatformVersion: 5.14.0-427.37.1.el9_4.x86_64  CompilerName: GCC  CompilerVersion: 8.4.0
ProgramName: mri_surf2vol  ProgramArguments: mri_surf2vol -all-info  ProgramVersion: 7.3.2  TimeStamp: 2026/03/14-09:42:08-GMT  BuildTime: Aug  4 2022 06:17:15  BuildStamp: freesurfer-linux-ubuntu22_x86_64-7.3.2-20220804-6354275  User: oesteban  Machine: dna075  Platform: Linux  PlatformVersion: 5.14.0-427.37.1.el9_4.x86_64  CompilerName: GCC  CompilerVersion: 8.4.0
ProgramName: mri_surfcluster  ProgramArguments: mri_surfcluster -all-info  ProgramVersion: 7.3.2  TimeStamp: 2026/03/14-09:42:08-GMT  BuildTime: Aug  4 2022 06:17:15  BuildStamp: freesurfer-linux-ubuntu22_x86_64-7.3.2-20220804-6354275  User: oesteban  Machine: dna075  Platform: Linux  PlatformVersion: 5.14.0-427.37.1.el9_4.x86_64  CompilerName: GCC  CompilerVersion: 8.4.0
ProgramName: mris_volmask  ProgramArguments: mris_volmask -all-info  ProgramVersion: 7.3.2  TimeStamp: 2026/03/14-09:42:08-GMT  BuildTime: Aug  4 2022 06:17:15  BuildStamp: freesurfer-linux-ubuntu22_x86_64-7.3.2-20220804-6354275  User: oesteban  Machine: dna075  Platform: Linux  PlatformVersion: 5.14.0-427.37.1.el9_4.x86_64  CompilerName: GCC  CompilerVersion: 8.4.0
ProgramName: mri_tessellate  ProgramArguments: mri_tessellate -all-info  ProgramVersion: 7.3.2  TimeStamp: 2026/03/14-09:42:08-GMT  BuildTime: Aug  4 2022 06:17:15  BuildStamp: freesurfer-linux-ubuntu22_x86_64-7.3.2-20220804-6354275  User: oesteban  Machine: dna075  Platform: Linux  PlatformVersion: 5.14.0-427.37.1.el9_4.x86_64  CompilerName: GCC  CompilerVersion: 8.4.0
ProgramName: mri_vol2surf  ProgramArguments: mri_vol2surf -all-info  ProgramVersion: 7.3.2  TimeStamp: 2026/03/14-09:42:08-GMT  BuildTime: Aug  4 2022 06:17:15  BuildStamp: freesurfer-linux-ubuntu22_x86_64-7.3.2-20220804-6354275  User: oesteban  Machine: dna075  Platform: Linux  PlatformVersion: 5.14.0-427.37.1.el9_4.x86_64  CompilerName: GCC  CompilerVersion: 8.4.0
ProgramName: mri_vol2vol  ProgramArguments: mri_vol2vol -all-info  ProgramVersion: 7.3.2  TimeStamp: 2026/03/14-09:42:08-GMT  BuildTime: Aug  4 2022 06:17:15  BuildStamp: freesurfer-linux-ubuntu22_x86_64-7.3.2-20220804-6354275  User: oesteban  Machine: dna075  Platform: Linux  PlatformVersion: 5.14.0-427.37.1.el9_4.x86_64  CompilerName: GCC  CompilerVersion: 8.4.0
ProgramName: mri_voldiff  ProgramArguments: mri_voldiff -all-info  ProgramVersion: 7.3.2  TimeStamp: 2026/03/14-09:42:08-GMT  BuildTime: Aug  4 2022 06:17:15  BuildStamp: freesurfer-linux-ubuntu22_x86_64-7.3.2-20220804-6354275  User: oesteban  Machine: dna075  Platform: Linux  PlatformVersion: 5.14.0-427.37.1.el9_4.x86_64  CompilerName: GCC  CompilerVersion: 8.4.0
ProgramName: mri_watershed  ProgramArguments: mri_watershed -all-info  ProgramVersion: 7.3.2  TimeStamp: 2026/03/14-09:42:08-GMT  BuildTime: Aug  4 2022 06:17:15  BuildStamp: freesurfer-linux-ubuntu22_x86_64-7.3.2-20220804-6354275  User: oesteban  Machine: dna075  Platform: Linux  PlatformVersion: 5.14.0-427.37.1.el9_4.x86_64  CompilerName: GCC  CompilerVersion: 8.4.0
ProgramName: tkregister2  ProgramArguments: tkregister2_cmdl -all-info  ProgramVersion: 7.3.2  TimeStamp: 2026/03/14-09:42:08-GMT  BuildTime: Aug  4 2022 06:17:15  BuildStamp: freesurfer-linux-ubuntu22_x86_64-7.3.2-20220804-6354275  User: oesteban  Machine: dna075  Platform: Linux  PlatformVersion: 5.14.0-427.37.1.el9_4.x86_64  CompilerName: GCC  CompilerVersion: 8.4.0
mri_motion_correct.fsl 7.3.2
mri_convert -all-info 
ProgramName: mri_convert  ProgramArguments: mri_convert -all-info  ProgramVersion: 7.3.2  TimeStamp: 2026/03/14-09:42:08-GMT  BuildTime: Aug  4 2022 06:17:15  BuildStamp: freesurfer-linux-ubuntu22_x86_64-7.3.2-20220804-6354275  User: oesteban  Machine: dna075  Platform: Linux  PlatformVersion: 5.14.0-427.37.1.el9_4.x86_64  CompilerName: GCC  CompilerVersion: 8.4.0
Program nu_correct, built from:
Package MNI N3, version 1.12.0, compiled by nicks@terrier (x86_64-unknown-linux-gnu) on 2015-06-19 at 01:25:34
#######################################
GCADIR /opt/freesurfer/average
GCA RB_all_2020-01-02.gca
GCASkull RB_all_withskull_2020_01_02.gca
AvgCurvTif folding.atlas.acfb40.noaparc.i12.2016-08-02.tif
GCSDIR /opt/freesurfer/average
GCS DKaparc.atlas.acfb40.noaparc.i12.2016-08-02.gcs
#######################################
#--------------------------------------
#@# CA Normalize Sat Mar 14 10:42:08 CET 2026
/out/sourcedata/freesurfer/sub-v2s9x29163_ses-1/mri

 mri_ca_normalize -c ctrl_pts.mgz -mask brainmask.mgz nu.mgz /opt/freesurfer/average/RB_all_2020-01-02.gca transforms/talairach.lta norm.mgz 

writing control point volume to ctrl_pts.mgz
using MR volume brainmask.mgz to mask input volume...
reading 1 input volume
reading atlas from '/opt/freesurfer/average/RB_all_2020-01-02.gca'...
reading transform from 'transforms/talairach.lta'...
reading input volume from nu.mgz...
resetting wm mean[0]: 98 --> 107
resetting gm mean[0]: 61 --> 61
input volume #1 is the most T1-like
using real data threshold=21.0
skull bounding box = (72, 81, 31) --> (202, 201, 187)
finding center of left hemi white matter
using (115, 121, 109) as brain centroid of Right_Cerebral_White_Matter...
mean wm in atlas = 107, using box (99,106,90) --> (130, 135,128) to find MRI wm
before smoothing, mri peak at 109
robust fit to distribution - 109 +- 3.7
after smoothing, mri peak at 109, scaling input intensities by 0.982
scaling channel 0 by 0.981651
using 246437 sample points...
INFO: compute sample coordinates transform
 1.05910   0.07104   0.12813  -44.28366;
-0.18066   1.14006   0.41872  -54.13401;
-0.13840  -0.41865   0.99877   77.80050;
 0.00000   0.00000   0.00000   1.00000;
INFO: transform used
finding control points in Left_Cerebral_White_Matter....
found 40230 control points for structure...
bounding box (135, 83, 39) --> (202, 186, 187)
Left_Cerebral_White_Matter: limiting intensities to 94.0 --> 132.0
8 of 7192 (0.1%) samples deleted
finding control points in Right_Cerebral_White_Matter....
found 39478 control points for structure...
bounding box (78, 80, 34) --> (144, 175, 185)
Right_Cerebral_White_Matter: limiting intensities to 95.0 --> 132.0
5 of 6499 (0.1%) samples deleted
finding control points in Left_Cerebellum_White_Matter....
found 3105 control points for structure...
bounding box (140, 157, 71) --> (183, 198, 118)
Left_Cerebellum_White_Matter: limiting intensities to 88.0 --> 132.0
10 of 19 (52.6%) samples deleted
finding control points in Right_Cerebellum_White_Matter....
found 2710 control points for structure...
bounding box (96, 157, 61) --> (140, 192, 114)
Right_Cerebellum_White_Matter: limiting intensities to 88.0 --> 132.0
12 of 73 (16.4%) samples deleted
finding control points in Brain_Stem....
found 3475 control points for structure...
bounding box (120, 145, 96) --> (154, 201, 126)
Brain_Stem: limiting intensities to 91.0 --> 132.0
56 of 67 (83.6%) samples deleted
using 13850 total control points for intensity normalization...
bias field = 0.998 +- 0.030
33 of 13759 control points discarded
finding control points in Left_Cerebral_White_Matter....
found 40230 control points for structure...
bounding box (135, 83, 39) --> (202, 186, 187)
Left_Cerebral_White_Matter: limiting intensities to 93.0 --> 132.0
8 of 7223 (0.1%) samples deleted
finding control points in Right_Cerebral_White_Matter....
found 39478 control points for structure...
bounding box (78, 80, 34) --> (144, 175, 185)
Right_Cerebral_White_Matter: limiting intensities to 93.0 --> 132.0
4 of 6582 (0.1%) samples deleted
finding control points in Left_Cerebellum_White_Matter....
found 3105 control points for structure...
bounding box (140, 157, 71) --> (183, 198, 118)
Left_Cerebellum_White_Matter: limiting intensities to 88.0 --> 132.0
32 of 45 (71.1%) samples deleted
finding control points in Right_Cerebellum_White_Matter....
found 2710 control points for structure...
bounding box (96, 157, 61) --> (140, 192, 114)
Right_Cerebellum_White_Matter: limiting intensities to 88.0 --> 132.0
46 of 120 (38.3%) samples deleted
finding control points in Brain_Stem....
found 3475 control points for structure...
bounding box (120, 145, 96) --> (154, 201, 126)
Brain_Stem: limiting intensities to 88.0 --> 132.0
84 of 153 (54.9%) samples deleted
using 14123 total control points for intensity normalization...
bias field = 1.009 +- 0.032
54 of 13876 control points discarded
finding control points in Left_Cerebral_White_Matter....
found 40230 control points for structure...
bounding box (135, 83, 39) --> (202, 186, 187)
Left_Cerebral_White_Matter: limiting intensities to 93.0 --> 132.0
22 of 7295 (0.3%) samples deleted
finding control points in Right_Cerebral_White_Matter....
found 39478 control points for structure...
bounding box (78, 80, 34) --> (144, 175, 185)
Right_Cerebral_White_Matter: limiting intensities to 93.0 --> 132.0
7 of 6600 (0.1%) samples deleted
finding control points in Left_Cerebellum_White_Matter....
found 3105 control points for structure...
bounding box (140, 157, 71) --> (183, 198, 118)
Left_Cerebellum_White_Matter: limiting intensities to 88.0 --> 132.0
49 of 59 (83.1%) samples deleted
finding control points in Right_Cerebellum_White_Matter....
found 2710 control points for structure...
bounding box (96, 157, 61) --> (140, 192, 114)
Right_Cerebellum_White_Matter: limiting intensities to 88.0 --> 132.0
63 of 112 (56.2%) samples deleted
finding control points in Brain_Stem....
found 3475 control points for structure...
bounding box (120, 145, 96) --> (154, 201, 126)
Brain_Stem: limiting intensities to 88.0 --> 132.0
98 of 188 (52.1%) samples deleted
using 14254 total control points for intensity normalization...
bias field = 1.009 +- 0.031
37 of 13884 control points discarded
writing normalized volume to norm.mgz...
writing control points to ctrl_pts.mgz
freeing GCA...done.
normalization took 0 minutes and 53 seconds.
#--------------------------------------
#@# CA Reg Sat Mar 14 10:43:01 CET 2026
/out/sourcedata/freesurfer/sub-v2s9x29163_ses-1/mri

 mri_ca_register -nobigventricles -T transforms/talairach.lta -align-after -mask brainmask.mgz norm.mgz /opt/freesurfer/average/RB_all_2020-01-02.gca transforms/talairach.m3z 

not handling expanded ventricles...
using previously computed transform transforms/talairach.lta
renormalizing sequences with structure alignment, equivalent to:
	-renormalize
	-regularize_mean 0.500
	-regularize 0.500
using MR volume brainmask.mgz to mask input volume...

== Number of threads available to mri_ca_register for OpenMP = 16 == 
reading 1 input volumes...
logging results to talairach.log
reading input volume 'norm.mgz'...
reading GCA '/opt/freesurfer/average/RB_all_2020-01-02.gca'...
label assignment complete, 0 changed (0.00%)
freeing gibbs priors...done.
average std[0] = 5.0
Starting GCAMregister()
label assignment complete, 0 changed (0.00%)
npasses = 1, nlevels = 6
#pass# 1 of 1 ************************
enabling zero nodes
setting smoothness cost coefficient to 0.156

#GCAMreg# pass 0 level1 5 level2 0 tsec 0 sigma 2
l_jacobian=1.00 l_label=1.00 l_log_likelihood=0.20 l_smoothness=0.16 
tol=2.50e-01, dt=5.00e-02, exp_k=20.0, momentum=0.90, levels=6, niter=500, lbl_dist=10.00, avgs=256, sigma=2.0,type=2, relabel=0, neg=no

blurring input image with Gaussian with sigma=2.000...
GCAMRegisterLevel(): init RMS 0.819254
#FOTS# QuadFit found better minimum quadopt=(dt=203.276,rms=0.754579) vs oldopt=(dt=92.48,rms=0.774203)
#GCMRL#    0 dt 203.276190 rms  0.755  7.894% neg 0  invalid 762 tFOTS 2.5630 tGradient 2.1900 tsec 4.9610
#FOTS# QuadFit found better minimum quadopt=(dt=223.47,rms=0.73689) vs oldopt=(dt=92.48,rms=0.743355)
#GCMRL#    1 dt 223.469613 rms  0.737  2.344% neg 0  invalid 762 tFOTS 2.5430 tGradient 2.2730 tsec 5.0190
#FOTS# QuadFit found better minimum quadopt=(dt=191.504,rms=0.727499) vs oldopt=(dt=92.48,rms=0.730232)
#GCMRL#    2 dt 191.503876 rms  0.727  1.274% neg 0  invalid 762 tFOTS 2.7480 tGradient 2.6010 tsec 5.5510
#FOTS# QuadFit found better minimum quadopt=(dt=153.446,rms=0.723221) vs oldopt=(dt=92.48,rms=0.724196)
#GCMRL#    3 dt 153.445783 rms  0.723  0.588% neg 0  invalid 762 tFOTS 2.8600 tGradient 2.2690 tsec 5.3300
#FOTS# QuadFit found better minimum quadopt=(dt=517.888,rms=0.716073) vs oldopt=(dt=369.92,rms=0.716739)
#GCMRL#    4 dt 517.888000 rms  0.716  0.988% neg 0  invalid 762 tFOTS 2.4480 tGradient 2.3680 tsec 5.0170
#FOTS# QuadFit found better minimum quadopt=(dt=110.976,rms=0.712723) vs oldopt=(dt=92.48,rms=0.712865)
#GCMRL#    5 dt 110.976000 rms  0.713  0.468% neg 0  invalid 762 tFOTS 2.6430 tGradient 2.2240 tsec 5.0650
#FOTS# QuadFit found better minimum quadopt=(dt=2071.55,rms=0.700763) vs oldopt=(dt=1479.68,rms=0.701674)
#GCMRL#    6 dt 2071.552000 rms  0.701  1.678% neg 0  invalid 762 tFOTS 2.6220 tGradient 2.4240 tsec 5.2450
#FOTS# QuadFit found better minimum quadopt=(dt=221.952,rms=0.698943) vs oldopt=(dt=369.92,rms=0.699631)
#GCMRL#    7 dt 221.952000 rms  0.699  0.260% neg 0  invalid 762 tFOTS 2.6500 tGradient 2.2380 tsec 5.0940
#FOTS# QuadFit found better minimum quadopt=(dt=295.936,rms=0.69785) vs oldopt=(dt=369.92,rms=0.697982)
#GCMRL#    8 dt 295.936000 rms  0.698  0.000% neg 0  invalid 762 tFOTS 2.7380 tGradient 2.2490 tsec 5.2100

#GCAMreg# pass 0 level1 5 level2 1 tsec 57.199 sigma 0.5
l_jacobian=1.00 l_label=1.00 l_log_likelihood=0.20 l_smoothness=0.16 
tol=2.50e-01, dt=5.00e-02, exp_k=20.0, momentum=0.90, levels=6, niter=500, lbl_dist=10.00, avgs=256, sigma=0.5,type=2, relabel=0, neg=no

blurring input image with Gaussian with sigma=0.500...
GCAMRegisterLevel(): init RMS 0.698678
#FOTS# QuadFit found better minimum quadopt=(dt=129.472,rms=0.696565) vs oldopt=(dt=92.48,rms=0.696793)
#GCMRL#   10 dt 129.472000 rms  0.697  0.302% neg 0  invalid 762 tFOTS 2.6720 tGradient 2.4050 tsec 5.2850
#FOTS# QuadFit found better minimum quadopt=(dt=517.888,rms=0.695038) vs oldopt=(dt=369.92,rms=0.695265)
#GCMRL#   11 dt 517.888000 rms  0.695  0.000% neg 0  invalid 762 tFOTS 2.6540 tGradient 2.2840 tsec 5.1710
#GCMRL#   12 dt 517.888000 rms  0.694  0.078% neg 0  invalid 762 tFOTS 0.0000 tGradient 2.3040 tsec 2.4910
#GCMRL#   13 dt 517.888000 rms  0.693  0.201% neg 0  invalid 762 tFOTS 0.0000 tGradient 2.3160 tsec 2.5080
#GCMRL#   14 dt 517.888000 rms  0.693 -0.073% neg 0  invalid 762 tFOTS 0.0000 tGradient 2.2780 tsec 2.6160
#FOTS# QuadFit found better minimum quadopt=(dt=110.976,rms=0.692858) vs oldopt=(dt=92.48,rms=0.692866)
#GCMRL#   15 dt 110.976000 rms  0.693  0.030% neg 0  invalid 762 tFOTS 2.6370 tGradient 2.2560 tsec 5.0980
#FOTS# QuadFit found better minimum quadopt=(dt=517.888,rms=0.692534) vs oldopt=(dt=369.92,rms=0.692598)
#GCMRL#   16 dt 517.888000 rms  0.693  0.047% neg 0  invalid 762 tFOTS 2.7540 tGradient 2.2000 tsec 5.1630
#FOTS# QuadFit found better minimum quadopt=(dt=443.904,rms=0.69181) vs oldopt=(dt=369.92,rms=0.691835)
#GCMRL#   17 dt 443.904000 rms  0.692  0.104% neg 0  invalid 762 tFOTS 2.6080 tGradient 2.3210 tsec 5.1410
setting smoothness cost coefficient to 0.615

#GCAMreg# pass 0 level1 4 level2 0 tsec 0 sigma 2
l_jacobian=1.00 l_label=1.00 l_log_likelihood=0.20 l_smoothness=0.62 
tol=2.50e-01, dt=5.00e-02, exp_k=20.0, momentum=0.90, levels=6, niter=500, lbl_dist=10.00, avgs=64, sigma=2.0,type=2, relabel=0, neg=no

blurring input image with Gaussian with sigma=2.000...
GCAMRegisterLevel(): init RMS 0.702323
#FOTS# QuadFit found better minimum quadopt=(dt=102.051,rms=0.696189) vs oldopt=(dt=103.68,rms=0.696193)
#GCMRL#   19 dt 102.050682 rms  0.696  0.873% neg 0  invalid 762 tFOTS 2.5670 tGradient 1.7600 tsec 4.5290
#FOTS# QuadFit found better minimum quadopt=(dt=310.266,rms=0.684314) vs oldopt=(dt=414.72,rms=0.685678)
#GCMRL#   20 dt 310.266160 rms  0.684  1.706% neg 0  invalid 762 tFOTS 2.5530 tGradient 1.6990 tsec 4.4440
#FOTS# QuadFit found better minimum quadopt=(dt=57.3506,rms=0.680757) vs oldopt=(dt=25.92,rms=0.681493)
#GCMRL#   21 dt  57.350649 rms  0.681  0.520% neg 0  invalid 762 tFOTS 2.6120 tGradient 1.8230 tsec 4.6430
#FOTS# QuadFit found better minimum quadopt=(dt=145.152,rms=0.679597) vs oldopt=(dt=103.68,rms=0.67984)
#GCMRL#   22 dt 145.152000 rms  0.680  0.000% neg 0  invalid 762 tFOTS 2.5820 tGradient 1.7530 tsec 4.5610
#GCMRL#   23 dt 145.152000 rms  0.677  0.313% neg 0  invalid 762 tFOTS 0.0000 tGradient 1.6550 tsec 1.8390
#GCMRL#   24 dt 145.152000 rms  0.675  0.407% neg 0  invalid 762 tFOTS 0.0000 tGradient 1.7010 tsec 1.8840
#GCMRL#   25 dt 145.152000 rms  0.672  0.353% neg 0  invalid 762 tFOTS 0.0000 tGradient 1.6620 tsec 1.8550
#GCMRL#   26 dt 145.152000 rms  0.669  0.438% neg 0  invalid 762 tFOTS 0.0000 tGradient 1.7720 tsec 1.9560
#GCMRL#   27 dt 145.152000 rms  0.666  0.479% neg 0  invalid 762 tFOTS 0.0000 tGradient 1.6120 tsec 1.7990
#GCMRL#   28 dt 145.152000 rms  0.665  0.251% neg 0  invalid 762 tFOTS 0.0000 tGradient 1.7190 tsec 1.9030
#GCMRL#   29 dt 145.152000 rms  0.664  0.098% neg 0  invalid 762 tFOTS 0.0000 tGradient 1.6940 tsec 1.9030
#GCMRL#   30 dt 145.152000 rms  0.663  0.146% neg 0  invalid 762 tFOTS 0.0000 tGradient 1.7320 tsec 1.9200
#GCMRL#   31 dt 145.152000 rms  0.662  0.162% neg 0  invalid 762 tFOTS 0.0000 tGradient 1.7930 tsec 1.9770
#GCMRL#   32 dt 145.152000 rms  0.662  0.044% neg 0  invalid 762 tFOTS 0.0000 tGradient 1.6750 tsec 1.8600
#GCMRL#   33 dt 145.152000 rms  0.662 -0.003% neg 0  invalid 762 tFOTS 0.0000 tGradient 1.7770 tsec 2.1470
#FOTS# QuadFit found better minimum quadopt=(dt=36.288,rms=0.661479) vs oldopt=(dt=25.92,rms=0.661486)
#GCMRL#   34 dt  36.288000 rms  0.661  0.005% neg 0  invalid 762 tFOTS 2.7550 tGradient 1.8290 tsec 4.7850
#FOTS# QuadFit found better minimum quadopt=(dt=0.00564236,rms=0.661478) vs oldopt=(dt=0.00632812,rms=0.661478)

#GCAMreg# pass 0 level1 4 level2 1 tsec 56.379 sigma 0.5
l_jacobian=1.00 l_label=1.00 l_log_likelihood=0.20 l_smoothness=0.62 
tol=2.50e-01, dt=5.00e-02, exp_k=20.0, momentum=0.90, levels=6, niter=500, lbl_dist=10.00, avgs=64, sigma=0.5,type=2, relabel=0, neg=no

blurring input image with Gaussian with sigma=0.500...
GCAMRegisterLevel(): init RMS 0.662406
#FOTS# QuadFit found better minimum quadopt=(dt=9.072,rms=0.661442) vs oldopt=(dt=6.48,rms=0.661449)
#GCMRL#   36 dt   9.072000 rms  0.661  0.145% neg 0  invalid 762 tFOTS 2.7790 tGradient 1.6820 tsec 4.6620
#FOTS# QuadFit found better minimum quadopt=(dt=2.268,rms=0.661438) vs oldopt=(dt=1.62,rms=0.661438)
#GCMRL#   37 dt   2.268000 rms  0.661  0.000% neg 0  invalid 762 tFOTS 2.8450 tGradient 1.7250 tsec 4.7920
setting smoothness cost coefficient to 2.353

#GCAMreg# pass 0 level1 3 level2 0 tsec 0 sigma 2
l_jacobian=1.00 l_label=1.00 l_log_likelihood=0.20 l_smoothness=2.35 
tol=2.50e-01, dt=5.00e-02, exp_k=20.0, momentum=0.90, levels=6, niter=500, lbl_dist=10.00, avgs=16, sigma=2.0,type=2, relabel=0, neg=no

blurring input image with Gaussian with sigma=2.000...
GCAMRegisterLevel(): init RMS 0.701807
#FOTS# QuadFit found better minimum quadopt=(dt=2.8,rms=0.70032) vs oldopt=(dt=2,rms=0.700378)
#GCMRL#   39 dt   2.800000 rms  0.700  0.212% neg 0  invalid 762 tFOTS 2.4150 tGradient 1.4310 tsec 4.0460
#GCMRL#   40 dt   0.500000 rms  0.700  0.000% neg 0  invalid 762 tFOTS 2.4400 tGradient 1.4280 tsec 4.0810

#GCAMreg# pass 0 level1 3 level2 1 tsec 17.769 sigma 0.5
l_jacobian=1.00 l_label=1.00 l_log_likelihood=0.20 l_smoothness=2.35 
tol=2.50e-01, dt=5.00e-02, exp_k=20.0, momentum=0.90, levels=6, niter=500, lbl_dist=10.00, avgs=16, sigma=0.5,type=2, relabel=0, neg=no

blurring input image with Gaussian with sigma=0.500...
GCAMRegisterLevel(): init RMS 0.701177
#FOTS# QuadFit found better minimum quadopt=(dt=0.7,rms=0.700276) vs oldopt=(dt=0.5,rms=0.70028)
#GCMRL#   42 dt   0.700000 rms  0.700  0.129% neg 0  invalid 762 tFOTS 2.3740 tGradient 1.3720 tsec 3.9420
#FOTS# QuadFit found better minimum quadopt=(dt=0.15,rms=0.700268) vs oldopt=(dt=0.125,rms=0.700268)
#GCMRL#   43 dt   0.150000 rms  0.700  0.000% neg 0  invalid 762 tFOTS 2.4000 tGradient 1.3800 tsec 3.9950
setting smoothness cost coefficient to 8.000

#GCAMreg# pass 0 level1 2 level2 0 tsec 0 sigma 2
l_jacobian=1.00 l_label=1.00 l_log_likelihood=0.20 l_smoothness=8.00 
tol=2.50e-01, dt=5.00e-02, exp_k=20.0, momentum=0.90, levels=6, niter=500, lbl_dist=10.00, avgs=4, sigma=2.0,type=2, relabel=0, neg=no

blurring input image with Gaussian with sigma=2.000...
GCAMRegisterLevel(): init RMS 0.796502
#FOTS# QuadFit found better minimum quadopt=(dt=2.57172,rms=0.770345) vs oldopt=(dt=2.88,rms=0.770727)
#GCMRL#   45 dt   2.571715 rms  0.770  3.284% neg 0  invalid 762 tFOTS 2.4380 tGradient 1.2880 tsec 3.9700
#FOTS# QuadFit found better minimum quadopt=(dt=2.86611,rms=0.762939) vs oldopt=(dt=2.88,rms=0.762939)
#GCMRL#   46 dt   2.866109 rms  0.763  0.961% neg 0  invalid 762 tFOTS 2.4650 tGradient 1.2430 tsec 3.9050
#GCMRL#   47 dt   2.880000 rms  0.759  0.512% neg 0  invalid 762 tFOTS 2.4580 tGradient 1.1710 tsec 3.8260
#FOTS# QuadFit found better minimum quadopt=(dt=2.304,rms=0.75722) vs oldopt=(dt=2.88,rms=0.757331)
#GCMRL#   48 dt   2.304000 rms  0.757  0.000% neg 0  invalid 762 tFOTS 2.4650 tGradient 1.2020 tsec 3.8890
#GCMRL#   49 dt   2.304000 rms  0.755  0.250% neg 0  invalid 762 tFOTS 0.0000 tGradient 1.2480 tsec 1.4410
#GCMRL#   50 dt   2.304000 rms  0.754  0.183% neg 0  invalid 762 tFOTS 0.0000 tGradient 1.2120 tsec 1.4010
#GCMRL#   51 dt   2.304000 rms  0.754  0.006% neg 0  invalid 762 tFOTS 0.0000 tGradient 1.2010 tsec 1.3880
#GCMRL#   52 dt   2.304000 rms  0.754 -0.207% neg 0  invalid 762 tFOTS 0.0000 tGradient 1.2090 tsec 1.5350
#FOTS# QuadFit found better minimum quadopt=(dt=7.25979,rms=0.752086) vs oldopt=(dt=11.52,rms=0.752713)
#GCMRL#   53 dt   7.259786 rms  0.752  0.241% neg 0  invalid 762 tFOTS 2.4320 tGradient 1.2150 tsec 3.8500
#FOTS# QuadFit found better minimum quadopt=(dt=1.04167,rms=0.751672) vs oldopt=(dt=0.72,rms=0.75172)

#GCAMreg# pass 0 level1 2 level2 1 tsec 37.011 sigma 0.5
l_jacobian=1.00 l_label=1.00 l_log_likelihood=0.20 l_smoothness=8.00 
tol=2.50e-01, dt=5.00e-02, exp_k=20.0, momentum=0.90, levels=6, niter=500, lbl_dist=10.00, avgs=4, sigma=0.5,type=2, relabel=0, neg=no

blurring input image with Gaussian with sigma=0.500...
GCAMRegisterLevel(): init RMS 0.752433
#GCMRL#   55 dt   0.000000 rms  0.752  0.101% neg 0  invalid 762 tFOTS 2.3660 tGradient 1.1570 tsec 3.7270
setting smoothness cost coefficient to 20.000

#GCAMreg# pass 0 level1 1 level2 0 tsec 0 sigma 2
l_jacobian=1.00 l_label=1.00 l_log_likelihood=0.20 l_smoothness=20.00 
tol=2.50e-01, dt=5.00e-02, exp_k=20.0, momentum=0.90, levels=6, niter=500, lbl_dist=10.00, avgs=1, sigma=2.0,type=2, relabel=0, neg=no

blurring input image with Gaussian with sigma=2.000...
GCAMRegisterLevel(): init RMS 0.782004
#GCMRL#   57 dt   0.000000 rms  0.781  0.093% neg 0  invalid 762 tFOTS 2.2610 tGradient 0.9300 tsec 3.3900

#GCAMreg# pass 0 level1 1 level2 1 tsec 15.021 sigma 0.5
l_jacobian=1.00 l_label=1.00 l_log_likelihood=0.20 l_smoothness=20.00 
tol=2.50e-01, dt=5.00e-02, exp_k=20.0, momentum=0.90, levels=6, niter=500, lbl_dist=10.00, avgs=1, sigma=0.5,type=2, relabel=0, neg=no

blurring input image with Gaussian with sigma=0.500...
GCAMRegisterLevel(): init RMS 0.782004
#FOTS# QuadFit found better minimum quadopt=(dt=0.004,rms=0.781273) vs oldopt=(dt=0.005,rms=0.781273)
#GCMRL#   59 dt   0.004000 rms  0.781  0.094% neg 0  invalid 762 tFOTS 2.5100 tGradient 0.9420 tsec 3.6560
#FOTS# QuadFit found better minimum quadopt=(dt=0.00075,rms=0.781272) vs oldopt=(dt=0.00125,rms=0.781272)
#GCMRL#   60 dt   0.000750 rms  0.781  0.000% neg 0  invalid 762 tFOTS 2.4550 tGradient 0.9630 tsec 3.6380
resetting metric properties...
setting smoothness cost coefficient to 40.000

#GCAMreg# pass 0 level1 0 level2 0 tsec 0 sigma 2
l_jacobian=1.00 l_label=1.00 l_log_likelihood=0.20 l_smoothness=40.00 
tol=2.50e-01, dt=5.00e-02, exp_k=20.0, momentum=0.90, levels=6, niter=500, lbl_dist=10.00, avgs=0, sigma=2.0,type=2, relabel=0, neg=no

blurring input image with Gaussian with sigma=2.000...
GCAMRegisterLevel(): init RMS 0.732142
#FOTS# QuadFit found better minimum quadopt=(dt=0.193377,rms=0.727579) vs oldopt=(dt=0.32,rms=0.728803)
#GCMRL#   62 dt   0.193377 rms  0.728  0.623% neg 0  invalid 762 tFOTS 2.4070 tGradient 0.5680 tsec 3.1810
#GCMRL#   63 dt   0.020000 rms  0.727  0.000% neg 0  invalid 762 tFOTS 2.4600 tGradient 0.5910 tsec 3.2690

#GCAMreg# pass 0 level1 0 level2 1 tsec 15.202 sigma 0.5
l_jacobian=1.00 l_label=1.00 l_log_likelihood=0.20 l_smoothness=40.00 
tol=2.50e-01, dt=5.00e-02, exp_k=20.0, momentum=0.90, levels=6, niter=500, lbl_dist=10.00, avgs=0, sigma=0.5,type=2, relabel=0, neg=no

blurring input image with Gaussian with sigma=0.500...
GCAMRegisterLevel(): init RMS 0.72817
#FOTS# QuadFit found better minimum quadopt=(dt=0.007,rms=0.727367) vs oldopt=(dt=0.005,rms=0.727374)
#GCMRL#   65 dt   0.007000 rms  0.727  0.110% neg 0  invalid 762 tFOTS 2.4310 tGradient 0.5930 tsec 3.2320
#FOTS# QuadFit found better minimum quadopt=(dt=0.006,rms=0.727364) vs oldopt=(dt=0.005,rms=0.727364)
#GCMRL#   66 dt   0.006000 rms  0.727  0.000% neg 0  invalid 762 tFOTS 2.4050 tGradient 0.5910 tsec 3.2150
GCAMregister done in 4.78928 min
Starting GCAmapRenormalizeWithAlignment() without scales
renormalizing by structure alignment....
renormalizing input #0
gca peak = 0.10253 (16)
mri peak = 0.08498 (53)
Left_Lateral_Ventricle (4): linear fit = 2.32 x + 0.0 (591 voxels, overlap=0.100)
Left_Lateral_Ventricle (4): linear fit = 1.50 x + 0.0 (591 voxels, peak = 37), gca=24.0
gca peak = 0.17690 (16)
mri peak = 0.08204 (10)
Right_Lateral_Ventricle (43): linear fit = 0.50 x + 0.0 (300 voxels, overlap=0.461)
Right_Lateral_Ventricle (43): linear fit = 0.50 x + 0.0 (300 voxels, peak =  8), gca=7.9
gca peak = 0.28275 (96)
mri peak = 0.09009 (83)
Right_Pallidum (52): linear fit = 0.87 x + 0.0 (694 voxels, overlap=0.200)
Right_Pallidum (52): linear fit = 0.87 x + 0.0 (694 voxels, peak = 83), gca=83.0
gca peak = 0.18948 (93)
mri peak = 0.13632 (84)
Left_Pallidum (13): linear fit = 0.89 x + 0.0 (611 voxels, overlap=0.028)
Left_Pallidum (13): linear fit = 0.89 x + 0.0 (611 voxels, peak = 83), gca=83.2
gca peak = 0.20755 (55)
mri peak = 0.14209 (54)
Right_Hippocampus: unreasonable value (49.2/54.0), not in range [50, 90] - rejecting
gca peak = 0.31831 (58)
mri peak = 0.15701 (51)
Left_Hippocampus (17): linear fit = 0.89 x + 0.0 (596 voxels, overlap=0.813)
Left_Hippocampus (17): linear fit = 0.89 x + 0.0 (596 voxels, peak = 52), gca=51.9
gca peak = 0.11957 (102)
mri peak = 0.22481 (107)
Right_Cerebral_White_Matter (41): linear fit = 1.03 x + 0.0 (43685 voxels, overlap=0.505)
Right_Cerebral_White_Matter (41): linear fit = 1.03 x + 0.0 (43685 voxels, peak = 106), gca=105.6
gca peak = 0.11429 (102)
mri peak = 0.29127 (107)
Left_Cerebral_White_Matter (2): linear fit = 1.03 x + 0.0 (45698 voxels, overlap=0.450)
Left_Cerebral_White_Matter (2): linear fit = 1.03 x + 0.0 (45698 voxels, peak = 106), gca=105.6
gca peak = 0.14521 (59)
mri peak = 0.08044 (54)
Left_Cerebral_Cortex (3): linear fit = 0.90 x + 0.0 (16471 voxels, overlap=0.429)
Left_Cerebral_Cortex (3): linear fit = 0.90 x + 0.0 (16471 voxels, peak = 53), gca=53.4
gca peak = 0.14336 (58)
mri peak = 0.08922 (53)
Right_Cerebral_Cortex (42): linear fit = 0.88 x + 0.0 (16546 voxels, overlap=0.437)
Right_Cerebral_Cortex (42): linear fit = 0.88 x + 0.0 (16546 voxels, peak = 51), gca=50.8
gca peak = 0.13305 (70)
mri peak = 0.13891 (68)
Right_Caudate (50): linear fit = 0.95 x + 0.0 (644 voxels, overlap=0.736)
Right_Caudate (50): linear fit = 0.95 x + 0.0 (644 voxels, peak = 67), gca=66.8
gca peak = 0.15761 (71)
mri peak = 0.11721 (68)
Left_Caudate (11): linear fit = 0.90 x + 0.0 (682 voxels, overlap=0.585)
Left_Caudate (11): linear fit = 0.90 x + 0.0 (682 voxels, peak = 64), gca=64.3
gca peak = 0.13537 (57)
mri peak = 0.04513 (21)
Left_Cerebellum_Cortex (8): linear fit = 0.44 x + 0.0 (22246 voxels, overlap=0.002)
Left_Cerebellum_Cortex (8): linear fit = 0.44 x + 0.0 (22246 voxels, peak = 25), gca=24.8
gca peak = 0.13487 (56)
mri peak = 0.04190 (36)
Right_Cerebellum_Cortex (47): linear fit = 0.69 x + 0.0 (26559 voxels, overlap=0.057)
Right_Cerebellum_Cortex (47): linear fit = 0.69 x + 0.0 (26559 voxels, peak = 38), gca=38.4
gca peak = 0.19040 (84)
mri peak = 0.04416 (51)
Left_Cerebellum_White_Matter (7): linear fit = 0.64 x + 0.0 (5834 voxels, overlap=0.004)
Left_Cerebellum_White_Matter (7): linear fit = 0.64 x + 0.0 (5834 voxels, peak = 54), gca=54.2
gca peak = 0.18871 (83)
mri peak = 0.05290 (84)
Right_Cerebellum_White_Matter (46): linear fit = 1.04 x + 0.0 (5313 voxels, overlap=0.970)
Right_Cerebellum_White_Matter (46): linear fit = 1.04 x + 0.0 (5313 voxels, peak = 87), gca=86.7
gca peak = 0.24248 (57)
mri peak = 0.10527 (51)
Left_Amygdala (18): linear fit = 0.89 x + 0.0 (261 voxels, overlap=0.802)
Left_Amygdala (18): linear fit = 0.89 x + 0.0 (261 voxels, peak = 51), gca=51.0
gca peak = 0.35833 (56)
mri peak = 0.32143 (50)
Right_Amygdala: unreasonable value (49.0/50.0), not in range [50, 90] - rejecting
gca peak = 0.12897 (85)
mri peak = 0.05898 (79)
Left_Thalamus (10): linear fit = 0.95 x + 0.0 (4491 voxels, overlap=0.974)
Left_Thalamus (10): linear fit = 0.95 x + 0.0 (4491 voxels, peak = 81), gca=81.2
gca peak = 0.13127 (83)
mri peak = 0.08425 (83)
Right_Thalamus (49): linear fit = 1.01 x + 0.0 (3604 voxels, overlap=0.920)
Right_Thalamus (49): linear fit = 1.01 x + 0.0 (3604 voxels, peak = 84), gca=84.2
gca peak = 0.12974 (78)
mri peak = 0.08846 (74)
Left_Putamen (12): linear fit = 0.94 x + 0.0 (1860 voxels, overlap=0.833)
Left_Putamen (12): linear fit = 0.94 x + 0.0 (1860 voxels, peak = 73), gca=72.9
gca peak = 0.17796 (79)
mri peak = 0.08405 (72)
Right_Putamen (51): linear fit = 0.93 x + 0.0 (1860 voxels, overlap=0.806)
Right_Putamen (51): linear fit = 0.93 x + 0.0 (1860 voxels, peak = 73), gca=73.1
gca peak = 0.10999 (80)
mri peak = 0.06777 (84)
Brain_Stem (16): linear fit = 1.12 x + 0.0 (8523 voxels, overlap=0.416)
Brain_Stem (16): linear fit = 1.12 x + 0.0 (8523 voxels, peak = 90), gca=90.0
gca peak = 0.13215 (88)
mri peak = 0.12427 (93)
Right_VentralDC (60): linear fit = 1.04 x + 0.0 (856 voxels, overlap=0.714)
Right_VentralDC (60): linear fit = 1.04 x + 0.0 (856 voxels, peak = 92), gca=92.0
gca peak = 0.11941 (89)
mri peak = 0.07103 (82)
Left_VentralDC (28): linear fit = 1.07 x + 0.0 (848 voxels, overlap=0.625)
Left_VentralDC (28): linear fit = 1.07 x + 0.0 (848 voxels, peak = 95), gca=94.8
gca peak = 0.20775 (25)
uniform distribution in MR - rejecting arbitrary fit
gca peak = 0.13297 (21)
mri peak = 0.04172 ( 5)
Fourth_Ventricle (15): linear fit = 0.23 x + 0.0 (70 voxels, overlap=0.009)
Fourth_Ventricle (15): linear fit = 0.23 x + 0.0 (70 voxels, peak =  5), gca=4.9
gca peak Unknown = 0.94777 ( 0)
gca peak Left_Inf_Lat_Vent = 0.19087 (28)
gca peak Left_Cerebellum_White_Matter = 0.19040 (84)
gca peak Left_Cerebellum_Cortex = 0.13537 (57)
gca peak Third_Ventricle = 0.20775 (25)
gca peak Fourth_Ventricle = 0.13297 (21)
gca peak CSF = 0.16821 (33)
gca peak Left_Accumbens_area = 0.32850 (63)
gca peak Left_undetermined = 0.98480 (28)
gca peak Left_vessel = 0.40887 (53)
gca peak Left_choroid_plexus = 0.10898 (46)
gca peak Right_Inf_Lat_Vent = 0.17798 (26)
gca peak Right_Hippocampus = 0.20755 (55)
gca peak Right_Amygdala = 0.35833 (56)
gca peak Right_Accumbens_area = 0.30137 (64)
gca peak Right_vessel = 0.47828 (52)
gca peak Right_choroid_plexus = 0.11612 (45)
gca peak Fifth_Ventricle = 0.59466 (35)
gca peak WM_hypointensities = 0.10053 (78)
gca peak non_WM_hypointensities = 0.07253 (60)
gca peak Optic_Chiasm = 0.25330 (73)
not using caudate to estimate GM means
setting label Right_Hippocampus based on Left_Hippocampus = 0.89 x +  0: 52
setting label Left_Cerebellum_Cortex based on Right_Cerebellum_Cortex = 0.69 x +  0: 38
setting label Left_Cerebellum_White_Matter based on Right_Cerebellum_White_Matter = 1.04 x +  0: 87
setting label Right_Amygdala based on Left_Amygdala = 0.89 x +  0: 51
estimating mean gm scale to be 0.89 x + 0.0
estimating mean wm scale to be 1.03 x + 0.0
estimating mean csf scale to be 1.00 x + 0.0
saving intensity scales to talairach.label_intensities.txt
GCAmapRenormalizeWithAlignment() took 2.1473 min
noneg pre
Starting GCAMregister()
label assignment complete, 0 changed (0.00%)
npasses = 1, nlevels = 6
#pass# 1 of 1 ************************
enabling zero nodes
setting smoothness cost coefficient to 0.008

#GCAMreg# pass 0 level1 5 level2 0 tsec 0 sigma 2
l_jacobian=1.00 l_label=1.00 l_log_likelihood=0.20 l_smoothness=0.01 
tol=5.00e-02, dt=5.00e-02, exp_k=20.0, momentum=0.90, levels=6, niter=500, lbl_dist=10.00, avgs=256, sigma=2.0,type=2, relabel=0, neg=no

blurring input image with Gaussian with sigma=2.000...
GCAMRegisterLevel(): init RMS 0.755476
#FOTS# QuadFit found better minimum quadopt=(dt=307.93,rms=0.735626) vs oldopt=(dt=369.92,rms=0.736369)
#GCMRL#   68 dt 307.929825 rms  0.736  2.627% neg 0  invalid 762 tFOTS 2.5620 tGradient 1.8660 tsec 4.6280
#FOTS# QuadFit found better minimum quadopt=(dt=221.952,rms=0.728822) vs oldopt=(dt=369.92,rms=0.730945)
#GCMRL#   69 dt 221.952000 rms  0.729  0.925% neg 0  invalid 762 tFOTS 2.4060 tGradient 1.9990 tsec 4.6100
#FOTS# QuadFit found better minimum quadopt=(dt=295.936,rms=0.724863) vs oldopt=(dt=369.92,rms=0.725277)
#GCMRL#   70 dt 295.936000 rms  0.725  0.543% neg 0  invalid 762 tFOTS 2.6920 tGradient 1.9310 tsec 4.8330
#FOTS# QuadFit found better minimum quadopt=(dt=129.472,rms=0.722551) vs oldopt=(dt=92.48,rms=0.72288)
#GCMRL#   71 dt 129.472000 rms  0.723  0.319% neg 0  invalid 762 tFOTS 2.6690 tGradient 2.0360 tsec 4.9170
#FOTS# QuadFit found better minimum quadopt=(dt=517.888,rms=0.718952) vs oldopt=(dt=369.92,rms=0.719483)
#GCMRL#   72 dt 517.888000 rms  0.719  0.498% neg 0  invalid 762 tFOTS 2.6660 tGradient 2.0120 tsec 4.8840
#FOTS# QuadFit found better minimum quadopt=(dt=110.976,rms=0.717537) vs oldopt=(dt=92.48,rms=0.717572)
#GCMRL#   73 dt 110.976000 rms  0.718  0.197% neg 0  invalid 762 tFOTS 2.8270 tGradient 2.0040 tsec 5.0410
#FOTS# QuadFit found better minimum quadopt=(dt=517.888,rms=0.715088) vs oldopt=(dt=369.92,rms=0.715588)
#GCMRL#   74 dt 517.888000 rms  0.715  0.341% neg 0  invalid 762 tFOTS 2.6720 tGradient 2.0010 tsec 4.8800
#FOTS# QuadFit found better minimum quadopt=(dt=110.976,rms=0.714329) vs oldopt=(dt=92.48,rms=0.714363)
#GCMRL#   75 dt 110.976000 rms  0.714  0.106% neg 0  invalid 762 tFOTS 2.6650 tGradient 2.0050 tsec 4.8790
#FOTS# QuadFit found better minimum quadopt=(dt=1183.74,rms=0.711754) vs oldopt=(dt=1479.68,rms=0.711851)
#GCMRL#   76 dt 1183.744000 rms  0.712  0.360% neg 0  invalid 762 tFOTS 2.6740 tGradient 1.9940 tsec 4.8680
#GCMRL#   77 dt  92.480000 rms  0.710  0.211% neg 0  invalid 762 tFOTS 2.8400 tGradient 1.9560 tsec 5.0000
#FOTS# QuadFit found better minimum quadopt=(dt=1775.62,rms=0.707079) vs oldopt=(dt=1479.68,rms=0.707197)
#GCMRL#   78 dt 1775.616000 rms  0.707  0.447% neg 0  invalid 762 tFOTS 2.8420 tGradient 2.0500 tsec 5.1000
#FOTS# QuadFit found better minimum quadopt=(dt=110.976,rms=0.705599) vs oldopt=(dt=92.48,rms=0.705641)
#GCMRL#   79 dt 110.976000 rms  0.706  0.209% neg 0  invalid 762 tFOTS 2.8460 tGradient 2.0250 tsec 5.0830
#FOTS# QuadFit found better minimum quadopt=(dt=129.472,rms=0.705447) vs oldopt=(dt=92.48,rms=0.705456)
#GCMRL#   80 dt 129.472000 rms  0.705  0.000% neg 0  invalid 762 tFOTS 2.6790 tGradient 2.0180 tsec 4.9190
#GCMRL#   81 dt 129.472000 rms  0.705  0.031% neg 0  invalid 762 tFOTS 0.0000 tGradient 2.0100 tsec 2.2030
#GCMRL#   82 dt 129.472000 rms  0.705  0.047% neg 0  invalid 762 tFOTS 0.0000 tGradient 2.0040 tsec 2.1970
#GCMRL#   83 dt 129.472000 rms  0.704  0.076% neg 0  invalid 762 tFOTS 0.0000 tGradient 1.9820 tsec 2.1760
#GCMRL#   84 dt 129.472000 rms  0.704  0.104% neg 0  invalid 762 tFOTS 0.0000 tGradient 1.9990 tsec 2.1940
#GCMRL#   85 dt 129.472000 rms  0.703  0.131% neg 0  invalid 762 tFOTS 0.0000 tGradient 1.9600 tsec 2.1520
#GCMRL#   86 dt 129.472000 rms  0.702  0.145% neg 0  invalid 762 tFOTS 0.0000 tGradient 1.9570 tsec 2.1510
#GCMRL#   87 dt 129.472000 rms  0.701  0.145% neg 0  invalid 762 tFOTS 0.0000 tGradient 2.0060 tsec 2.2060
#GCMRL#   88 dt 129.472000 rms  0.700  0.144% neg 0  invalid 762 tFOTS 0.0000 tGradient 1.9980 tsec 2.1920
#GCMRL#   89 dt 129.472000 rms  0.699  0.154% neg 0  invalid 762 tFOTS 0.0000 tGradient 1.9870 tsec 2.1800
#GCMRL#   90 dt 129.472000 rms  0.698  0.149% neg 0  invalid 762 tFOTS 0.0000 tGradient 1.9900 tsec 2.1840
#GCMRL#   91 dt 129.472000 rms  0.696  0.152% neg 0  invalid 762 tFOTS 0.0000 tGradient 1.9880 tsec 2.1840
#GCMRL#   92 dt 129.472000 rms  0.695  0.150% neg 0  invalid 762 tFOTS 0.0000 tGradient 2.0180 tsec 2.2130
#GCMRL#   93 dt 129.472000 rms  0.694  0.137% neg 0  invalid 762 tFOTS 0.0000 tGradient 2.0280 tsec 2.2260
#GCMRL#   94 dt 129.472000 rms  0.694  0.137% neg 0  invalid 762 tFOTS 0.0000 tGradient 2.0090 tsec 2.2020
#GCMRL#   95 dt 129.472000 rms  0.693  0.137% neg 0  invalid 762 tFOTS 0.0000 tGradient 1.9740 tsec 2.1660
#GCMRL#   96 dt 129.472000 rms  0.692  0.137% neg 0  invalid 762 tFOTS 0.0000 tGradient 2.0160 tsec 2.2160
#GCMRL#   97 dt 129.472000 rms  0.691  0.122% neg 0  invalid 762 tFOTS 0.0000 tGradient 1.9910 tsec 2.1830
#GCMRL#   98 dt 129.472000 rms  0.690  0.112% neg 0  invalid 762 tFOTS 0.0000 tGradient 1.9980 tsec 2.1950
#GCMRL#   99 dt 129.472000 rms  0.689  0.105% neg 0  invalid 762 tFOTS 0.0000 tGradient 1.9670 tsec 2.1630
#GCMRL#  100 dt 129.472000 rms  0.689  0.104% neg 0  invalid 762 tFOTS 0.0000 tGradient 2.0190 tsec 2.2140
#GCMRL#  101 dt 129.472000 rms  0.688  0.103% neg 0  invalid 762 tFOTS 0.0000 tGradient 1.9850 tsec 2.1750
#GCMRL#  102 dt 129.472000 rms  0.687  0.092% neg 0  invalid 762 tFOTS 0.0000 tGradient 1.9860 tsec 2.1820
#GCMRL#  103 dt 129.472000 rms  0.687  0.083% neg 0  invalid 762 tFOTS 0.0000 tGradient 1.9920 tsec 2.1910
#GCMRL#  104 dt 129.472000 rms  0.686  0.079% neg 0  invalid 762 tFOTS 0.0000 tGradient 2.0040 tsec 2.1990
#GCMRL#  105 dt 129.472000 rms  0.686  0.081% neg 0  invalid 762 tFOTS 0.0000 tGradient 2.0010 tsec 2.1960
#GCMRL#  106 dt 129.472000 rms  0.685  0.074% neg 0  invalid 762 tFOTS 0.0000 tGradient 1.9760 tsec 2.1730
#GCMRL#  107 dt 129.472000 rms  0.685  0.070% neg 0  invalid 762 tFOTS 0.0000 tGradient 1.9520 tsec 2.1540
#GCMRL#  108 dt 129.472000 rms  0.684  0.068% neg 0  invalid 762 tFOTS 0.0000 tGradient 2.0890 tsec 2.2850
#GCMRL#  109 dt 129.472000 rms  0.684  0.066% neg 0  invalid 762 tFOTS 0.0000 tGradient 1.9880 tsec 2.1810
#GCMRL#  110 dt 129.472000 rms  0.683  0.064% neg 0  invalid 762 tFOTS 0.0000 tGradient 1.9320 tsec 2.1300
#GCMRL#  111 dt 129.472000 rms  0.683  0.063% neg 0  invalid 762 tFOTS 0.0000 tGradient 1.9610 tsec 2.1540
#GCMRL#  112 dt 129.472000 rms  0.682  0.057% neg 0  invalid 762 tFOTS 0.0000 tGradient 1.9910 tsec 2.1810
#GCMRL#  113 dt 129.472000 rms  0.682  0.055% neg 0  invalid 762 tFOTS 0.0000 tGradient 1.9590 tsec 2.1540
#GCMRL#  114 dt 129.472000 rms  0.682  0.057% neg 0  invalid 762 tFOTS 0.0000 tGradient 1.9380 tsec 2.1340
#GCMRL#  115 dt 129.472000 rms  0.681  0.054% neg 0  invalid 762 tFOTS 0.0000 tGradient 1.9650 tsec 2.1670
#GCMRL#  116 dt 129.472000 rms  0.681  0.049% neg 0  invalid 762 tFOTS 0.0000 tGradient 1.9600 tsec 2.1640
#GCMRL#  117 dt 129.472000 rms  0.681  0.046% neg 0  invalid 762 tFOTS 0.0000 tGradient 1.9610 tsec 2.1550
#GCMRL#  118 dt 129.472000 rms  0.680  0.047% neg 0  invalid 762 tFOTS 0.0000 tGradient 1.9720 tsec 2.1630
#GCMRL#  119 dt 129.472000 rms  0.680  0.038% neg 0  invalid 762 tFOTS 0.0000 tGradient 1.9580 tsec 2.1470
#GCMRL#  120 dt 129.472000 rms  0.680  0.040% neg 0  invalid 762 tFOTS 0.0000 tGradient 1.9740 tsec 2.1590
#GCMRL#  121 dt 129.472000 rms  0.680  0.037% neg 0  invalid 762 tFOTS 0.0000 tGradient 1.9330 tsec 2.1230
#GCMRL#  122 dt 129.472000 rms  0.679  0.032% neg 0  invalid 762 tFOTS 0.0000 tGradient 1.9000 tsec 2.0850
#GCMRL#  123 dt 129.472000 rms  0.679  0.036% neg 0  invalid 762 tFOTS 0.0000 tGradient 1.9130 tsec 2.1050
#GCMRL#  124 dt 129.472000 rms  0.679  0.039% neg 0  invalid 762 tFOTS 0.0000 tGradient 1.9210 tsec 2.1110
#GCMRL#  125 dt 129.472000 rms  0.679  0.042% neg 0  invalid 762 tFOTS 0.0000 tGradient 1.8970 tsec 2.0810
#GCMRL#  126 dt 129.472000 rms  0.678  0.034% neg 0  invalid 762 tFOTS 0.0000 tGradient 1.9120 tsec 2.1040
#GCMRL#  127 dt 129.472000 rms  0.678  0.032% neg 0  invalid 762 tFOTS 0.0000 tGradient 1.9420 tsec 2.1330
#GCMRL#  128 dt 129.472000 rms  0.678  0.031% neg 0  invalid 762 tFOTS 0.0000 tGradient 1.9650 tsec 2.1530
#GCMRL#  129 dt 129.472000 rms  0.678  0.040% neg 0  invalid 762 tFOTS 0.0000 tGradient 1.9180 tsec 2.1070
#GCMRL#  130 dt 129.472000 rms  0.677  0.041% neg 0  invalid 762 tFOTS 0.0000 tGradient 1.9310 tsec 2.1180
#GCMRL#  131 dt 129.472000 rms  0.677  0.034% neg 0  invalid 762 tFOTS 0.0000 tGradient 2.0130 tsec 2.2020
#GCMRL#  132 dt 129.472000 rms  0.677  0.033% neg 0  invalid 762 tFOTS 0.0000 tGradient 1.9260 tsec 2.1140
#GCMRL#  133 dt 129.472000 rms  0.677  0.029% neg 0  invalid 762 tFOTS 0.0000 tGradient 1.9330 tsec 2.1200
#GCMRL#  134 dt 129.472000 rms  0.676  0.032% neg 0  invalid 762 tFOTS 0.0000 tGradient 1.9760 tsec 2.1730
#GCMRL#  135 dt 129.472000 rms  0.676  0.033% neg 0  invalid 762 tFOTS 0.0000 tGradient 1.9420 tsec 2.1330
#GCMRL#  136 dt 129.472000 rms  0.676  0.030% neg 0  invalid 762 tFOTS 0.0000 tGradient 1.9200 tsec 2.1130
#GCMRL#  137 dt 129.472000 rms  0.676  0.026% neg 0  invalid 762 tFOTS 0.0000 tGradient 2.0150 tsec 2.2040
#GCMRL#  138 dt 129.472000 rms  0.676  0.027% neg 0  invalid 762 tFOTS 0.0000 tGradient 1.9400 tsec 2.1300
#GCMRL#  139 dt 129.472000 rms  0.675  0.030% neg 0  invalid 762 tFOTS 0.0000 tGradient 1.9200 tsec 2.1070
#GCMRL#  140 dt 129.472000 rms  0.675  0.030% neg 0  invalid 762 tFOTS 0.0000 tGradient 1.9850 tsec 2.1740
#GCMRL#  141 dt 129.472000 rms  0.675  0.028% neg 0  invalid 762 tFOTS 0.0000 tGradient 1.9300 tsec 2.1200
#GCMRL#  142 dt 129.472000 rms  0.675  0.022% neg 0  invalid 762 tFOTS 0.0000 tGradient 1.9300 tsec 2.1180
#GCMRL#  143 dt 129.472000 rms  0.675  0.024% neg 0  invalid 762 tFOTS 0.0000 tGradient 1.9680 tsec 2.1600
#GCMRL#  144 dt 129.472000 rms  0.675  0.023% neg 0  invalid 762 tFOTS 0.0000 tGradient 1.9250 tsec 2.1300
#FOTS# QuadFit found better minimum quadopt=(dt=1183.74,rms=0.674464) vs oldopt=(dt=1479.68,rms=0.674466)
#GCMRL#  145 dt 1183.744000 rms  0.674  0.000% neg 0  invalid 762 tFOTS 2.7890 tGradient 1.9230 tsec 4.9350

#GCAMreg# pass 0 level1 5 level2 1 tsec 216.977 sigma 0.5
l_jacobian=1.00 l_label=1.00 l_log_likelihood=0.20 l_smoothness=0.01 
tol=5.00e-02, dt=5.00e-02, exp_k=20.0, momentum=0.90, levels=6, niter=500, lbl_dist=10.00, avgs=256, sigma=0.5,type=2, relabel=0, neg=no

blurring input image with Gaussian with sigma=0.500...
GCAMRegisterLevel(): init RMS 0.675588
#FOTS# QuadFit found better minimum quadopt=(dt=129.472,rms=0.673991) vs oldopt=(dt=92.48,rms=0.674073)
#GCMRL#  147 dt 129.472000 rms  0.674  0.236% neg 0  invalid 762 tFOTS 2.7320 tGradient 1.9460 tsec 4.8860
#FOTS# QuadFit found better minimum quadopt=(dt=1183.74,rms=0.672601) vs oldopt=(dt=1479.68,rms=0.672805)
#GCMRL#  148 dt 1183.744000 rms  0.673  0.206% neg 0  invalid 762 tFOTS 2.7510 tGradient 2.0290 tsec 4.9860
#FOTS# QuadFit found better minimum quadopt=(dt=129.472,rms=0.672223) vs oldopt=(dt=92.48,rms=0.672271)
#GCMRL#  149 dt 129.472000 rms  0.672  0.056% neg 0  invalid 762 tFOTS 2.7190 tGradient 1.9710 tsec 4.8950
#GCMRL#  150 dt 369.920000 rms  0.672  0.000% neg 0  invalid 762 tFOTS 2.6610 tGradient 1.9700 tsec 4.8340
#GCMRL#  151 dt 369.920000 rms  0.672  0.003% neg 0  invalid 762 tFOTS 0.0000 tGradient 1.9620 tsec 2.1340
#GCMRL#  152 dt 369.920000 rms  0.672  0.062% neg 0  invalid 762 tFOTS 0.0000 tGradient 1.9640 tsec 2.1390
#GCMRL#  153 dt 369.920000 rms  0.671  0.029% neg 0  invalid 762 tFOTS 0.0000 tGradient 1.9170 tsec 2.0920
#GCMRL#  154 dt 369.920000 rms  0.671  0.063% neg 0  invalid 762 tFOTS 0.0000 tGradient 1.9590 tsec 2.1350
#GCMRL#  155 dt 369.920000 rms  0.670  0.103% neg 0  invalid 762 tFOTS 0.0000 tGradient 1.9490 tsec 2.1180
#GCMRL#  156 dt 369.920000 rms  0.670  0.056% neg 0  invalid 762 tFOTS 0.0000 tGradient 2.0180 tsec 2.2130
#GCMRL#  157 dt 369.920000 rms  0.669  0.101% neg 0  invalid 762 tFOTS 0.0000 tGradient 1.9740 tsec 2.1780
#GCMRL#  158 dt 369.920000 rms  0.669 -0.026% neg 0  invalid 762 tFOTS 0.0000 tGradient 1.9830 tsec 2.3210
#FOTS# QuadFit found better minimum quadopt=(dt=8.092,rms=0.66916) vs oldopt=(dt=5.78,rms=0.669161)
#GCMRL#  159 dt   8.092000 rms  0.669  0.000% neg 0  invalid 762 tFOTS 3.0590 tGradient 1.9660 tsec 5.2340
setting smoothness cost coefficient to 0.031

#GCAMreg# pass 0 level1 4 level2 0 tsec 0 sigma 2
l_jacobian=1.00 l_label=1.00 l_log_likelihood=0.20 l_smoothness=0.03 
tol=5.00e-02, dt=5.00e-02, exp_k=20.0, momentum=0.90, levels=6, niter=500, lbl_dist=10.00, avgs=64, sigma=2.0,type=2, relabel=0, neg=no

blurring input image with Gaussian with sigma=2.000...
GCAMRegisterLevel(): init RMS 0.671994
#FOTS# QuadFit found better minimum quadopt=(dt=140.367,rms=0.666987) vs oldopt=(dt=103.68,rms=0.667201)
#GCMRL#  161 dt 140.367150 rms  0.667  0.745% neg 0  invalid 762 tFOTS 2.6920 tGradient 1.5850 tsec 4.4860
#FOTS# QuadFit found better minimum quadopt=(dt=145.152,rms=0.661463) vs oldopt=(dt=103.68,rms=0.662)
#GCMRL#  162 dt 145.152000 rms  0.661  0.828% neg 0  invalid 762 tFOTS 2.7480 tGradient 1.5700 tsec 4.5340
#FOTS# QuadFit found better minimum quadopt=(dt=62.208,rms=0.658414) vs oldopt=(dt=103.68,rms=0.659461)
#GCMRL#  163 dt  62.208000 rms  0.658  0.461% neg 0  invalid 762 tFOTS 2.6830 tGradient 1.5740 tsec 4.4670
#GCMRL#  164 dt 414.720000 rms  0.652  0.915% neg 0  invalid 762 tFOTS 2.5000 tGradient 1.6450 tsec 4.3520
#FOTS# QuadFit found better minimum quadopt=(dt=60.6792,rms=0.646963) vs oldopt=(dt=25.92,rms=0.648444)
#GCMRL#  165 dt  60.679245 rms  0.647  0.832% neg 0  invalid 762 tFOTS 2.6280 tGradient 1.5840 tsec 4.4110
#FOTS# QuadFit found better minimum quadopt=(dt=145.152,rms=0.644119) vs oldopt=(dt=103.68,rms=0.644647)
#GCMRL#  166 dt 145.152000 rms  0.644  0.440% neg 0  invalid 762 tFOTS 2.4560 tGradient 1.5370 tsec 4.1960
#FOTS# QuadFit found better minimum quadopt=(dt=62.6383,rms=0.643036) vs oldopt=(dt=103.68,rms=0.643399)
#GCMRL#  167 dt  62.638298 rms  0.643  0.168% neg 0  invalid 762 tFOTS 2.5980 tGradient 1.5540 tsec 4.3530
#FOTS# QuadFit found better minimum quadopt=(dt=331.776,rms=0.640374) vs oldopt=(dt=414.72,rms=0.640813)
#GCMRL#  168 dt 331.776000 rms  0.640  0.414% neg 0  invalid 762 tFOTS 2.4360 tGradient 1.5250 tsec 4.1620
#FOTS# QuadFit found better minimum quadopt=(dt=36.288,rms=0.637734) vs oldopt=(dt=25.92,rms=0.638224)
#GCMRL#  169 dt  36.288000 rms  0.638  0.412% neg 0  invalid 762 tFOTS 2.6060 tGradient 1.5340 tsec 4.3440
#GCMRL#  170 dt 103.680000 rms  0.637  0.163% neg 0  invalid 762 tFOTS 2.6000 tGradient 1.5330 tsec 4.3400
#GCMRL#  171 dt 103.680000 rms  0.635  0.225% neg 0  invalid 762 tFOTS 2.6180 tGradient 1.4930 tsec 4.3150
#FOTS# QuadFit found better minimum quadopt=(dt=36.288,rms=0.634569) vs oldopt=(dt=25.92,rms=0.6347)
#GCMRL#  172 dt  36.288000 rms  0.635  0.109% neg 0  invalid 762 tFOTS 2.4690 tGradient 1.6730 tsec 4.3440
#GCMRL#  173 dt 414.720000 rms  0.633  0.322% neg 0  invalid 762 tFOTS 2.4380 tGradient 1.7860 tsec 4.4270
#FOTS# QuadFit found better minimum quadopt=(dt=64.8794,rms=0.629749) vs oldopt=(dt=103.68,rms=0.630657)
#GCMRL#  174 dt  64.879389 rms  0.630  0.439% neg 0  invalid 762 tFOTS 2.5690 tGradient 1.5580 tsec 4.3280
#FOTS# QuadFit found better minimum quadopt=(dt=36.288,rms=0.629443) vs oldopt=(dt=25.92,rms=0.629483)
#GCMRL#  175 dt  36.288000 rms  0.629  0.000% neg 0  invalid 762 tFOTS 2.7480 tGradient 1.6030 tsec 4.5810
#GCMRL#  176 dt  36.288000 rms  0.629  0.038% neg 0  invalid 762 tFOTS 0.0000 tGradient 1.5560 tsec 1.7420
#GCMRL#  177 dt  36.288000 rms  0.629  0.079% neg 0  invalid 762 tFOTS 0.0000 tGradient 1.5410 tsec 1.7280
#GCMRL#  178 dt  36.288000 rms  0.628  0.121% neg 0  invalid 762 tFOTS 0.0000 tGradient 1.5270 tsec 1.7150
#GCMRL#  179 dt  36.288000 rms  0.627  0.158% neg 0  invalid 762 tFOTS 0.0000 tGradient 1.5080 tsec 1.6960
#GCMRL#  180 dt  36.288000 rms  0.626  0.184% neg 0  invalid 762 tFOTS 0.0000 tGradient 1.4800 tsec 1.6710
#GCMRL#  181 dt  36.288000 rms  0.625  0.193% neg 0  invalid 762 tFOTS 0.0000 tGradient 1.4620 tsec 1.6500
#GCMRL#  182 dt  36.288000 rms  0.623  0.198% neg 0  invalid 762 tFOTS 0.0000 tGradient 1.4680 tsec 1.6560
#GCMRL#  183 dt  36.288000 rms  0.622  0.205% neg 0  invalid 762 tFOTS 0.0000 tGradient 1.5000 tsec 1.6880
#GCMRL#  184 dt  36.288000 rms  0.621  0.209% neg 0  invalid 762 tFOTS 0.0000 tGradient 1.4750 tsec 1.6630
#GCMRL#  185 dt  36.288000 rms  0.620  0.202% neg 0  invalid 762 tFOTS 0.0000 tGradient 1.4830 tsec 1.6680
#GCMRL#  186 dt  36.288000 rms  0.618  0.204% neg 0  invalid 762 tFOTS 0.0000 tGradient 1.5030 tsec 1.6910
#GCMRL#  187 dt  36.288000 rms  0.617  0.197% neg 0  invalid 762 tFOTS 0.0000 tGradient 1.5700 tsec 1.7570
#GCMRL#  188 dt  36.288000 rms  0.616  0.183% neg 0  invalid 762 tFOTS 0.0000 tGradient 1.5900 tsec 1.7740
#GCMRL#  189 dt  36.288000 rms  0.615  0.170% neg 0  invalid 762 tFOTS 0.0000 tGradient 1.5760 tsec 1.7650
#GCMRL#  190 dt  36.288000 rms  0.614  0.172% neg 0  invalid 762 tFOTS 0.0000 tGradient 1.5460 tsec 1.7390
#GCMRL#  191 dt  36.288000 rms  0.613  0.180% neg 0  invalid 762 tFOTS 0.0000 tGradient 1.5890 tsec 1.7780
#GCMRL#  192 dt  36.288000 rms  0.612  0.174% neg 0  invalid 762 tFOTS 0.0000 tGradient 1.5730 tsec 1.7590
#GCMRL#  193 dt  36.288000 rms  0.611  0.170% neg 0  invalid 762 tFOTS 0.0000 tGradient 1.5780 tsec 1.7660
#GCMRL#  194 dt  36.288000 rms  0.610  0.162% neg 0  invalid 762 tFOTS 0.0000 tGradient 1.5550 tsec 1.7370
#GCMRL#  195 dt  36.288000 rms  0.609  0.145% neg 0  invalid 762 tFOTS 0.0000 tGradient 1.4900 tsec 1.6750
#GCMRL#  196 dt  36.288000 rms  0.608  0.136% neg 0  invalid 762 tFOTS 0.0000 tGradient 1.5440 tsec 1.7290
#GCMRL#  197 dt  36.288000 rms  0.607  0.123% neg 0  invalid 762 tFOTS 0.0000 tGradient 1.6050 tsec 1.8270
#GCMRL#  198 dt  36.288000 rms  0.606  0.117% neg 0  invalid 762 tFOTS 0.0000 tGradient 1.5620 tsec 1.7520
#GCMRL#  199 dt  36.288000 rms  0.606  0.116% neg 0  invalid 762 tFOTS 0.0000 tGradient 1.5250 tsec 1.7110
#GCMRL#  200 dt  36.288000 rms  0.606  0.013% neg 0  invalid 762 tFOTS 0.0000 tGradient 1.5110 tsec 1.8070
#GCMRL#  201 dt  36.288000 rms  0.606  0.026% neg 0  invalid 762 tFOTS 0.0000 tGradient 1.5560 tsec 1.7430
#GCMRL#  202 dt  36.288000 rms  0.605  0.029% neg 0  invalid 762 tFOTS 0.0000 tGradient 1.5420 tsec 1.7310
#GCMRL#  203 dt  36.288000 rms  0.605  0.038% neg 0  invalid 762 tFOTS 0.0000 tGradient 1.5060 tsec 1.6900
#GCMRL#  204 dt  36.288000 rms  0.605  0.045% neg 0  invalid 762 tFOTS 0.0000 tGradient 1.5230 tsec 1.7260
#GCMRL#  205 dt  36.288000 rms  0.605  0.048% neg 0  invalid 762 tFOTS 0.0000 tGradient 1.5120 tsec 1.6990
#GCMRL#  206 dt  36.288000 rms  0.604  0.048% neg 0  invalid 762 tFOTS 0.0000 tGradient 1.5350 tsec 1.7220
#GCMRL#  207 dt  36.288000 rms  0.604  0.053% neg 0  invalid 762 tFOTS 0.0000 tGradient 1.5240 tsec 1.7130
#GCMRL#  208 dt  36.288000 rms  0.604  0.060% neg 0  invalid 762 tFOTS 0.0000 tGradient 1.5450 tsec 1.7290
#GCMRL#  209 dt  36.288000 rms  0.603  0.062% neg 0  invalid 762 tFOTS 0.0000 tGradient 1.5560 tsec 1.7440
#GCMRL#  210 dt  36.288000 rms  0.603  0.065% neg 0  invalid 762 tFOTS 0.0000 tGradient 1.5070 tsec 1.6940
#GCMRL#  211 dt  36.288000 rms  0.602  0.068% neg 0  invalid 762 tFOTS 0.0000 tGradient 1.5460 tsec 1.7330
#GCMRL#  212 dt  36.288000 rms  0.602  0.068% neg 0  invalid 762 tFOTS 0.0000 tGradient 1.5660 tsec 1.7580
#GCMRL#  213 dt  36.288000 rms  0.602  0.067% neg 0  invalid 762 tFOTS 0.0000 tGradient 1.5420 tsec 1.7290
#GCMRL#  214 dt  36.288000 rms  0.601  0.066% neg 0  invalid 762 tFOTS 0.0000 tGradient 1.5470 tsec 1.7660
#GCMRL#  215 dt  36.288000 rms  0.601  0.067% neg 0  invalid 762 tFOTS 0.0000 tGradient 1.5380 tsec 1.7240
#GCMRL#  216 dt  36.288000 rms  0.600  0.069% neg 0  invalid 762 tFOTS 0.0000 tGradient 1.5570 tsec 1.7430
#GCMRL#  217 dt  36.288000 rms  0.600  0.063% neg 0  invalid 762 tFOTS 0.0000 tGradient 1.5330 tsec 1.7460
#GCMRL#  218 dt  36.288000 rms  0.600  0.059% neg 0  invalid 762 tFOTS 0.0000 tGradient 1.5230 tsec 1.7140
#GCMRL#  219 dt  36.288000 rms  0.599  0.057% neg 0  invalid 762 tFOTS 0.0000 tGradient 1.5140 tsec 1.7060
#GCMRL#  220 dt  36.288000 rms  0.599  0.060% neg 0  invalid 762 tFOTS 0.0000 tGradient 1.6260 tsec 1.8150
#GCMRL#  221 dt  36.288000 rms  0.599  0.057% neg 0  invalid 762 tFOTS 0.0000 tGradient 1.4960 tsec 1.6800
#GCMRL#  222 dt  36.288000 rms  0.598  0.056% neg 0  invalid 762 tFOTS 0.0000 tGradient 1.5180 tsec 1.7110
#GCMRL#  223 dt  36.288000 rms  0.598  0.053% neg 0  invalid 762 tFOTS 0.0000 tGradient 1.5800 tsec 1.7740
#GCMRL#  224 dt  36.288000 rms  0.598  0.054% neg 0  invalid 762 tFOTS 0.0000 tGradient 1.5160 tsec 1.7020
#GCMRL#  225 dt  36.288000 rms  0.598  0.009% neg 0  invalid 762 tFOTS 0.0000 tGradient 1.4810 tsec 1.7710
#GCMRL#  226 dt  36.288000 rms  0.597  0.015% neg 0  invalid 762 tFOTS 0.0000 tGradient 1.5040 tsec 1.6970
#GCMRL#  227 dt  36.288000 rms  0.597  0.015% neg 0  invalid 762 tFOTS 0.0000 tGradient 1.4800 tsec 1.6800
#GCMRL#  228 dt  36.288000 rms  0.597  0.014% neg 0  invalid 762 tFOTS 0.0000 tGradient 1.5710 tsec 1.7690
#FOTS# QuadFit found better minimum quadopt=(dt=248.832,rms=0.597196) vs oldopt=(dt=414.72,rms=0.597224)
#GCMRL#  229 dt 248.832000 rms  0.597  0.015% neg 0  invalid 762 tFOTS 2.6130 tGradient 1.5020 tsec 4.3160
#FOTS# QuadFit found better minimum quadopt=(dt=145.152,rms=0.596941) vs oldopt=(dt=103.68,rms=0.596965)
#GCMRL#  230 dt 145.152000 rms  0.597  0.043% neg 0  invalid 762 tFOTS 2.6140 tGradient 1.5420 tsec 4.3580
#GCMRL#  231 dt  25.920000 rms  0.597  0.000% neg 0  invalid 762 tFOTS 2.5360 tGradient 1.5190 tsec 4.2700
#GCMRL#  232 dt  25.920000 rms  0.597  0.001% neg 0  invalid 762 tFOTS 0.0000 tGradient 1.5610 tsec 1.7440

#GCAMreg# pass 0 level1 4 level2 1 tsec 181.488 sigma 0.5
l_jacobian=1.00 l_label=1.00 l_log_likelihood=0.20 l_smoothness=0.03 
tol=5.00e-02, dt=5.00e-02, exp_k=20.0, momentum=0.90, levels=6, niter=500, lbl_dist=10.00, avgs=64, sigma=0.5,type=2, relabel=0, neg=no

blurring input image with Gaussian with sigma=0.500...
GCAMRegisterLevel(): init RMS 0.598363
#FOTS# QuadFit found better minimum quadopt=(dt=88.381,rms=0.595232) vs oldopt=(dt=103.68,rms=0.595289)
#GCMRL#  234 dt  88.380952 rms  0.595  0.523% neg 0  invalid 762 tFOTS 2.6390 tGradient 1.5310 tsec 4.3750
#GCMRL#  235 dt 103.680000 rms  0.594  0.193% neg 0  invalid 762 tFOTS 2.6090 tGradient 1.5450 tsec 4.3500
#FOTS# QuadFit found better minimum quadopt=(dt=62.208,rms=0.593515) vs oldopt=(dt=103.68,rms=0.593625)
#GCMRL#  236 dt  62.208000 rms  0.594  0.095% neg 0  invalid 762 tFOTS 2.6190 tGradient 1.4980 tsec 4.3180
#FOTS# QuadFit found better minimum quadopt=(dt=145.152,rms=0.592628) vs oldopt=(dt=103.68,rms=0.592818)
#GCMRL#  237 dt 145.152000 rms  0.593  0.150% neg 0  invalid 762 tFOTS 2.6190 tGradient 1.5670 tsec 4.3880
#FOTS# QuadFit found better minimum quadopt=(dt=62.208,rms=0.592347) vs oldopt=(dt=103.68,rms=0.592427)
#GCMRL#  238 dt  62.208000 rms  0.592  0.000% neg 0  invalid 762 tFOTS 2.5900 tGradient 1.5290 tsec 4.3300
#GCMRL#  239 dt  62.208000 rms  0.592  0.052% neg 0  invalid 762 tFOTS 0.0000 tGradient 1.5050 tsec 1.6880
#GCMRL#  240 dt  62.208000 rms  0.592  0.076% neg 0  invalid 762 tFOTS 0.0000 tGradient 1.5500 tsec 1.7400
#GCMRL#  241 dt  62.208000 rms  0.591  0.090% neg 0  invalid 762 tFOTS 0.0000 tGradient 1.5740 tsec 1.7590
#GCMRL#  242 dt  62.208000 rms  0.591  0.085% neg 0  invalid 762 tFOTS 0.0000 tGradient 1.4890 tsec 1.6760
#GCMRL#  243 dt  62.208000 rms  0.590  0.095% neg 0  invalid 762 tFOTS 0.0000 tGradient 1.5130 tsec 1.7050
#GCMRL#  244 dt  62.208000 rms  0.589  0.098% neg 0  invalid 762 tFOTS 0.0000 tGradient 1.4820 tsec 1.6740
#GCMRL#  245 dt  62.208000 rms  0.589  0.086% neg 0  invalid 762 tFOTS 0.0000 tGradient 1.5270 tsec 1.7100
#GCMRL#  246 dt  62.208000 rms  0.588  0.085% neg 0  invalid 762 tFOTS 0.0000 tGradient 1.4850 tsec 1.6670
#GCMRL#  247 dt  62.208000 rms  0.588  0.083% neg 0  invalid 762 tFOTS 0.0000 tGradient 1.4630 tsec 1.6440
#GCMRL#  248 dt  62.208000 rms  0.587  0.097% neg 0  invalid 762 tFOTS 0.0000 tGradient 1.5040 tsec 1.6960
#GCMRL#  249 dt  62.208000 rms  0.587  0.096% neg 0  invalid 762 tFOTS 0.0000 tGradient 1.5470 tsec 1.7350
#GCMRL#  250 dt  62.208000 rms  0.586  0.089% neg 0  invalid 762 tFOTS 0.0000 tGradient 1.5080 tsec 1.6990
#GCMRL#  251 dt  62.208000 rms  0.586  0.080% neg 0  invalid 762 tFOTS 0.0000 tGradient 1.4780 tsec 1.6650
#GCMRL#  252 dt  62.208000 rms  0.585  0.086% neg 0  invalid 762 tFOTS 0.0000 tGradient 1.4960 tsec 1.6840
#GCMRL#  253 dt  62.208000 rms  0.585  0.083% neg 0  invalid 762 tFOTS 0.0000 tGradient 1.5330 tsec 1.7190
#GCMRL#  254 dt  62.208000 rms  0.584  0.072% neg 0  invalid 762 tFOTS 0.0000 tGradient 1.5160 tsec 1.7020
#GCMRL#  255 dt  62.208000 rms  0.584  0.075% neg 0  invalid 762 tFOTS 0.0000 tGradient 1.4940 tsec 1.6830
#GCMRL#  256 dt  62.208000 rms  0.584  0.056% neg 0  invalid 762 tFOTS 0.0000 tGradient 1.5000 tsec 1.6880
#GCMRL#  257 dt  62.208000 rms  0.583  0.067% neg 0  invalid 762 tFOTS 0.0000 tGradient 1.4780 tsec 1.6640
#GCMRL#  258 dt  62.208000 rms  0.583  0.061% neg 0  invalid 762 tFOTS 0.0000 tGradient 1.5370 tsec 1.7170
#GCMRL#  259 dt  62.208000 rms  0.582  0.068% neg 0  invalid 762 tFOTS 0.0000 tGradient 1.5000 tsec 1.6830
#GCMRL#  260 dt  62.208000 rms  0.582  0.062% neg 0  invalid 762 tFOTS 0.0000 tGradient 1.5120 tsec 1.6990
#GCMRL#  261 dt  62.208000 rms  0.582  0.066% neg 0  invalid 762 tFOTS 0.0000 tGradient 1.5350 tsec 1.7190
#GCMRL#  262 dt  62.208000 rms  0.581  0.063% neg 0  invalid 762 tFOTS 0.0000 tGradient 1.4620 tsec 1.6560
#GCMRL#  263 dt  62.208000 rms  0.581  0.065% neg 0  invalid 762 tFOTS 0.0000 tGradient 1.5010 tsec 1.6910
#GCMRL#  264 dt  62.208000 rms  0.581  0.059% neg 0  invalid 762 tFOTS 0.0000 tGradient 1.5530 tsec 1.7470
#GCMRL#  265 dt  62.208000 rms  0.580  0.062% neg 0  invalid 762 tFOTS 0.0000 tGradient 1.5070 tsec 1.6910
#GCMRL#  266 dt  62.208000 rms  0.580  0.061% neg 0  invalid 762 tFOTS 0.0000 tGradient 1.5290 tsec 1.7150
#GCMRL#  267 dt  62.208000 rms  0.580  0.060% neg 0  invalid 762 tFOTS 0.0000 tGradient 1.5580 tsec 1.7560
#GCMRL#  268 dt  62.208000 rms  0.579  0.060% neg 0  invalid 762 tFOTS 0.0000 tGradient 1.5130 tsec 1.7090
#GCMRL#  269 dt  62.208000 rms  0.579  0.052% neg 0  invalid 762 tFOTS 0.0000 tGradient 1.5280 tsec 1.7130
#GCMRL#  270 dt  62.208000 rms  0.579  0.052% neg 0  invalid 762 tFOTS 0.0000 tGradient 1.5800 tsec 1.7720
#GCMRL#  271 dt  62.208000 rms  0.578  0.049% neg 0  invalid 762 tFOTS 0.0000 tGradient 1.5380 tsec 1.7300
#GCMRL#  272 dt  62.208000 rms  0.578  0.042% neg 0  invalid 762 tFOTS 0.0000 tGradient 1.5640 tsec 1.7540
#GCMRL#  273 dt  62.208000 rms  0.578  0.034% neg 0  invalid 762 tFOTS 0.0000 tGradient 1.5640 tsec 1.7480
#GCMRL#  274 dt  62.208000 rms  0.578  0.046% neg 0  invalid 762 tFOTS 0.0000 tGradient 1.5140 tsec 1.7010
#GCMRL#  275 dt  62.208000 rms  0.577  0.044% neg 0  invalid 762 tFOTS 0.0000 tGradient 1.5070 tsec 1.6950
#GCMRL#  276 dt  62.208000 rms  0.577  0.048% neg 0  invalid 762 tFOTS 0.0000 tGradient 1.5600 tsec 1.7440
#GCMRL#  277 dt  62.208000 rms  0.577  0.040% neg 0  invalid 762 tFOTS 0.0000 tGradient 1.5050 tsec 1.6970
#GCMRL#  278 dt  62.208000 rms  0.577  0.038% neg 0  invalid 762 tFOTS 0.0000 tGradient 1.6570 tsec 1.8410
#GCMRL#  279 dt  62.208000 rms  0.576  0.029% neg 0  invalid 762 tFOTS 0.0000 tGradient 1.5760 tsec 1.7630
#GCMRL#  280 dt  62.208000 rms  0.576  0.031% neg 0  invalid 762 tFOTS 0.0000 tGradient 1.5090 tsec 1.6930
#GCMRL#  281 dt  62.208000 rms  0.576  0.044% neg 0  invalid 762 tFOTS 0.0000 tGradient 1.5200 tsec 1.7110
#GCMRL#  282 dt  62.208000 rms  0.576  0.027% neg 0  invalid 762 tFOTS 0.0000 tGradient 1.5510 tsec 1.7330
#GCMRL#  283 dt  62.208000 rms  0.576  0.033% neg 0  invalid 762 tFOTS 0.0000 tGradient 1.4840 tsec 1.6790
#GCMRL#  284 dt  62.208000 rms  0.576  0.030% neg 0  invalid 762 tFOTS 0.0000 tGradient 1.5200 tsec 1.7180
#GCMRL#  285 dt  62.208000 rms  0.575  0.040% neg 0  invalid 762 tFOTS 0.0000 tGradient 1.5310 tsec 1.7230
#GCMRL#  286 dt  62.208000 rms  0.575  0.037% neg 0  invalid 762 tFOTS 0.0000 tGradient 1.5230 tsec 1.7150
#GCMRL#  287 dt  62.208000 rms  0.575  0.025% neg 0  invalid 762 tFOTS 0.0000 tGradient 1.5650 tsec 1.7640
#GCMRL#  288 dt  62.208000 rms  0.575  0.035% neg 0  invalid 762 tFOTS 0.0000 tGradient 1.4980 tsec 1.6880
#GCMRL#  289 dt  62.208000 rms  0.575  0.034% neg 0  invalid 762 tFOTS 0.0000 tGradient 1.5330 tsec 1.7280
#GCMRL#  290 dt  62.208000 rms  0.574  0.040% neg 0  invalid 762 tFOTS 0.0000 tGradient 1.5290 tsec 1.7390
#GCMRL#  291 dt  62.208000 rms  0.574  0.030% neg 0  invalid 762 tFOTS 0.0000 tGradient 1.5150 tsec 1.7180
#GCMRL#  292 dt  62.208000 rms  0.574  0.027% neg 0  invalid 762 tFOTS 0.0000 tGradient 1.4980 tsec 1.6900
#GCMRL#  293 dt  62.208000 rms  0.574  0.025% neg 0  invalid 762 tFOTS 0.0000 tGradient 1.5240 tsec 1.7510
#GCMRL#  294 dt  62.208000 rms  0.574  0.026% neg 0  invalid 762 tFOTS 0.0000 tGradient 1.4970 tsec 1.6930
#GCMRL#  295 dt  62.208000 rms  0.574  0.029% neg 0  invalid 762 tFOTS 0.0000 tGradient 1.4860 tsec 1.6870
#GCMRL#  296 dt  62.208000 rms  0.573  0.029% neg 0  invalid 762 tFOTS 0.0000 tGradient 1.4840 tsec 1.7210
#GCMRL#  297 dt  62.208000 rms  0.573  0.026% neg 0  invalid 762 tFOTS 0.0000 tGradient 1.4740 tsec 1.6600
#GCMRL#  298 dt  62.208000 rms  0.573  0.029% neg 0  invalid 762 tFOTS 0.0000 tGradient 1.5080 tsec 1.7040
#GCMRL#  299 dt  62.208000 rms  0.573  0.029% neg 0  invalid 762 tFOTS 0.0000 tGradient 1.5180 tsec 1.7500
#GCMRL#  300 dt  62.208000 rms  0.573  0.025% neg 0  invalid 762 tFOTS 0.0000 tGradient 1.5380 tsec 1.7260
#GCMRL#  301 dt  62.208000 rms  0.573  0.022% neg 0  invalid 762 tFOTS 0.0000 tGradient 1.4880 tsec 1.6760
#GCMRL#  302 dt  62.208000 rms  0.572  0.024% neg 0  invalid 762 tFOTS 0.0000 tGradient 1.5210 tsec 1.7180
#GCMRL#  303 dt  62.208000 rms  0.572  0.024% neg 0  invalid 762 tFOTS 0.0000 tGradient 1.5020 tsec 1.6910
#GCMRL#  304 dt  62.208000 rms  0.572  0.026% neg 0  invalid 762 tFOTS 0.0000 tGradient 1.5420 tsec 1.7360
#GCMRL#  305 dt  62.208000 rms  0.572  0.025% neg 0  invalid 762 tFOTS 0.0000 tGradient 1.4990 tsec 1.6910
#GCMRL#  306 dt  62.208000 rms  0.572  0.020% neg 0  invalid 762 tFOTS 0.0000 tGradient 1.5000 tsec 1.7090
#FOTS# QuadFit found better minimum quadopt=(dt=36.288,rms=0.571911) vs oldopt=(dt=25.92,rms=0.571917)
#GCMRL#  307 dt  36.288000 rms  0.572  0.000% neg 0  invalid 762 tFOTS 2.6990 tGradient 1.4900 tsec 4.3970
#GCMRL#  308 dt  36.288000 rms  0.572  0.004% neg 0  invalid 762 tFOTS 0.0000 tGradient 1.5180 tsec 1.7140
#GCMRL#  309 dt  36.288000 rms  0.572  0.000% neg 0  invalid 762 tFOTS 0.0000 tGradient 1.5490 tsec 1.7480
#GCMRL#  310 dt  36.288000 rms  0.572  0.004% neg 0  invalid 762 tFOTS 0.0000 tGradient 1.5160 tsec 1.7090
#GCMRL#  311 dt  36.288000 rms  0.572  0.006% neg 0  invalid 762 tFOTS 0.0000 tGradient 1.5050 tsec 1.6990
#GCMRL#  312 dt  36.288000 rms  0.572  0.006% neg 0  invalid 762 tFOTS 0.0000 tGradient 1.4810 tsec 1.6800
setting smoothness cost coefficient to 0.118

#GCAMreg# pass 0 level1 3 level2 0 tsec 0 sigma 2
l_jacobian=1.00 l_label=1.00 l_log_likelihood=0.20 l_smoothness=0.12 
tol=5.00e-02, dt=5.00e-02, exp_k=20.0, momentum=0.90, levels=6, niter=500, lbl_dist=10.00, avgs=16, sigma=2.0,type=2, relabel=0, neg=no

blurring input image with Gaussian with sigma=2.000...
GCAMRegisterLevel(): init RMS 0.584554
#GCMRL#  314 dt   8.000000 rms  0.583  0.270% neg 0  invalid 762 tFOTS 2.6140 tGradient 1.3510 tsec 4.1670
#FOTS# QuadFit found better minimum quadopt=(dt=6.4,rms=0.582913) vs oldopt=(dt=8,rms=0.582916)
#GCMRL#  315 dt   6.400000 rms  0.583  0.000% neg 0  invalid 762 tFOTS 2.6230 tGradient 1.2670 tsec 4.1090
#GCMRL#  316 dt   6.400000 rms  0.583  0.018% neg 0  invalid 762 tFOTS 0.0000 tGradient 1.2860 tsec 1.4830
#GCMRL#  317 dt   6.400000 rms  0.583  0.012% neg 0  invalid 762 tFOTS 0.0000 tGradient 1.3000 tsec 1.4920

#GCAMreg# pass 0 level1 3 level2 1 tsec 20.772 sigma 0.5
l_jacobian=1.00 l_label=1.00 l_log_likelihood=0.20 l_smoothness=0.12 
tol=5.00e-02, dt=5.00e-02, exp_k=20.0, momentum=0.90, levels=6, niter=500, lbl_dist=10.00, avgs=16, sigma=0.5,type=2, relabel=0, neg=no

blurring input image with Gaussian with sigma=0.500...
GCAMRegisterLevel(): init RMS 0.584097
#FOTS# QuadFit found better minimum quadopt=(dt=21.2772,rms=0.580708) vs oldopt=(dt=32,rms=0.581306)
#GCMRL#  319 dt  21.277193 rms  0.581  0.580% neg 0  invalid 762 tFOTS 2.6100 tGradient 1.3390 tsec 4.1590
#FOTS# QuadFit found better minimum quadopt=(dt=44.8,rms=0.578558) vs oldopt=(dt=32,rms=0.578733)
#GCMRL#  320 dt  44.800000 rms  0.579  0.370% neg 0  invalid 762 tFOTS 2.4460 tGradient 1.3440 tsec 4.0010
#FOTS# QuadFit found better minimum quadopt=(dt=11.2,rms=0.577303) vs oldopt=(dt=8,rms=0.57757)
#GCMRL#  321 dt  11.200000 rms  0.577  0.217% neg 0  invalid 762 tFOTS 2.4430 tGradient 1.2860 tsec 3.9300
#FOTS# QuadFit found better minimum quadopt=(dt=179.2,rms=0.571978) vs oldopt=(dt=128,rms=0.572304)
#GCMRL#  322 dt 179.200000 rms  0.572  0.922% neg 0  invalid 762 tFOTS 2.6290 tGradient 1.3040 tsec 4.1340
#FOTS# QuadFit found better minimum quadopt=(dt=22.9333,rms=0.56939) vs oldopt=(dt=8,rms=0.57008)
#GCMRL#  323 dt  22.933333 rms  0.569  0.452% neg 0  invalid 762 tFOTS 2.4490 tGradient 1.2230 tsec 3.8800
#FOTS# QuadFit found better minimum quadopt=(dt=11.2,rms=0.56789) vs oldopt=(dt=8,rms=0.568133)
#GCMRL#  324 dt  11.200000 rms  0.568  0.264% neg 0  invalid 762 tFOTS 2.5740 tGradient 1.2820 tsec 4.0560
#GCMRL#  325 dt 128.000000 rms  0.564  0.655% neg 0  invalid 762 tFOTS 2.5700 tGradient 1.3090 tsec 4.0760
#GCMRL#  326 dt  32.000000 rms  0.562  0.302% neg 0  invalid 762 tFOTS 2.5300 tGradient 1.3120 tsec 4.0470
#FOTS# QuadFit found better minimum quadopt=(dt=11.2,rms=0.561483) vs oldopt=(dt=8,rms=0.561662)
#GCMRL#  327 dt  11.200000 rms  0.561  0.175% neg 0  invalid 762 tFOTS 2.3760 tGradient 1.2550 tsec 3.8250
#FOTS# QuadFit found better minimum quadopt=(dt=102.4,rms=0.559884) vs oldopt=(dt=128,rms=0.560023)
#GCMRL#  328 dt 102.400000 rms  0.560  0.285% neg 0  invalid 762 tFOTS 2.3890 tGradient 1.1850 tsec 3.7740
#FOTS# QuadFit found better minimum quadopt=(dt=23.326,rms=0.558735) vs oldopt=(dt=32,rms=0.558968)
#GCMRL#  329 dt  23.326007 rms  0.559  0.205% neg 0  invalid 762 tFOTS 2.3260 tGradient 1.2530 tsec 3.7850
#FOTS# QuadFit found better minimum quadopt=(dt=25.6,rms=0.557868) vs oldopt=(dt=32,rms=0.557916)
#GCMRL#  330 dt  25.600000 rms  0.558  0.155% neg 0  invalid 762 tFOTS 2.4920 tGradient 1.2180 tsec 3.9040
#FOTS# QuadFit found better minimum quadopt=(dt=19.2,rms=0.557399) vs oldopt=(dt=32,rms=0.557507)
#GCMRL#  331 dt  19.200000 rms  0.557  0.084% neg 0  invalid 762 tFOTS 2.3320 tGradient 1.2190 tsec 3.7450
#FOTS# QuadFit found better minimum quadopt=(dt=44.8,rms=0.556588) vs oldopt=(dt=32,rms=0.556655)
#GCMRL#  332 dt  44.800000 rms  0.557  0.146% neg 0  invalid 762 tFOTS 2.4890 tGradient 1.2150 tsec 3.9060
#FOTS# QuadFit found better minimum quadopt=(dt=11.2,rms=0.556165) vs oldopt=(dt=8,rms=0.556247)
#GCMRL#  333 dt  11.200000 rms  0.556  0.076% neg 0  invalid 762 tFOTS 2.3430 tGradient 1.2120 tsec 3.7540
#GCMRL#  334 dt 128.000000 rms  0.555  0.225% neg 0  invalid 762 tFOTS 2.3410 tGradient 1.2180 tsec 3.7600
#FOTS# QuadFit found better minimum quadopt=(dt=11.2,rms=0.553697) vs oldopt=(dt=8,rms=0.553928)
#GCMRL#  335 dt  11.200000 rms  0.554  0.219% neg 0  invalid 762 tFOTS 2.5610 tGradient 1.2620 tsec 4.0230
#FOTS# QuadFit found better minimum quadopt=(dt=44.8,rms=0.552987) vs oldopt=(dt=32,rms=0.553033)
#GCMRL#  336 dt  44.800000 rms  0.553  0.128% neg 0  invalid 762 tFOTS 2.4880 tGradient 1.1820 tsec 3.8680
#FOTS# QuadFit found better minimum quadopt=(dt=11.2,rms=0.552668) vs oldopt=(dt=8,rms=0.552732)
#GCMRL#  337 dt  11.200000 rms  0.553  0.058% neg 0  invalid 762 tFOTS 2.3240 tGradient 1.2340 tsec 3.7500
#FOTS# QuadFit found better minimum quadopt=(dt=44.8,rms=0.552173) vs oldopt=(dt=32,rms=0.552229)
#GCMRL#  338 dt  44.800000 rms  0.552  0.089% neg 0  invalid 762 tFOTS 2.4140 tGradient 1.2050 tsec 3.8230
#FOTS# QuadFit found better minimum quadopt=(dt=25.6,rms=0.551632) vs oldopt=(dt=32,rms=0.551654)
#GCMRL#  339 dt  25.600000 rms  0.552  0.098% neg 0  invalid 762 tFOTS 2.3660 tGradient 1.2150 tsec 3.7780
#FOTS# QuadFit found better minimum quadopt=(dt=25.6,rms=0.551339) vs oldopt=(dt=32,rms=0.551341)
#GCMRL#  340 dt  25.600000 rms  0.551  0.053% neg 0  invalid 762 tFOTS 2.3540 tGradient 1.1960 tsec 3.7530
#FOTS# QuadFit found better minimum quadopt=(dt=38.4,rms=0.550816) vs oldopt=(dt=32,rms=0.55082)
#GCMRL#  341 dt  38.400000 rms  0.551  0.095% neg 0  invalid 762 tFOTS 2.5020 tGradient 1.2410 tsec 3.9460
#FOTS# QuadFit found better minimum quadopt=(dt=11.2,rms=0.550583) vs oldopt=(dt=8,rms=0.550639)
#GCMRL#  342 dt  11.200000 rms  0.551  0.000% neg 0  invalid 762 tFOTS 2.3580 tGradient 1.1820 tsec 3.7500
#GCMRL#  343 dt  11.200000 rms  0.550  0.029% neg 0  invalid 762 tFOTS 0.0000 tGradient 1.2500 tsec 1.4420
#GCMRL#  344 dt  11.200000 rms  0.550  0.048% neg 0  invalid 762 tFOTS 0.0000 tGradient 1.2320 tsec 1.4220
#GCMRL#  345 dt  11.200000 rms  0.550  0.070% neg 0  invalid 762 tFOTS 0.0000 tGradient 1.2410 tsec 1.4260
#GCMRL#  346 dt  11.200000 rms  0.549  0.090% neg 0  invalid 762 tFOTS 0.0000 tGradient 1.2720 tsec 1.4640
#GCMRL#  347 dt  11.200000 rms  0.549  0.098% neg 0  invalid 762 tFOTS 0.0000 tGradient 1.2160 tsec 1.4060
#GCMRL#  348 dt  11.200000 rms  0.548  0.114% neg 0  invalid 762 tFOTS 0.0000 tGradient 1.2120 tsec 1.3990
#GCMRL#  349 dt  11.200000 rms  0.547  0.121% neg 0  invalid 762 tFOTS 0.0000 tGradient 1.2090 tsec 1.4020
#GCMRL#  350 dt  11.200000 rms  0.547  0.135% neg 0  invalid 762 tFOTS 0.0000 tGradient 1.1870 tsec 1.3780
#GCMRL#  351 dt  11.200000 rms  0.546  0.133% neg 0  invalid 762 tFOTS 0.0000 tGradient 1.2080 tsec 1.3950
#GCMRL#  352 dt  11.200000 rms  0.545  0.140% neg 0  invalid 762 tFOTS 0.0000 tGradient 1.2130 tsec 1.4010
#GCMRL#  353 dt  11.200000 rms  0.544  0.139% neg 0  invalid 762 tFOTS 0.0000 tGradient 1.2850 tsec 1.4730
#GCMRL#  354 dt  11.200000 rms  0.544  0.138% neg 0  invalid 762 tFOTS 0.0000 tGradient 1.1930 tsec 1.3890
#GCMRL#  355 dt  11.200000 rms  0.543  0.132% neg 0  invalid 762 tFOTS 0.0000 tGradient 1.2020 tsec 1.3870
#GCMRL#  356 dt  11.200000 rms  0.542  0.128% neg 0  invalid 762 tFOTS 0.0000 tGradient 1.2470 tsec 1.4330
#GCMRL#  357 dt  11.200000 rms  0.542  0.120% neg 0  invalid 762 tFOTS 0.0000 tGradient 1.1990 tsec 1.3940
#GCMRL#  358 dt  11.200000 rms  0.541  0.129% neg 0  invalid 762 tFOTS 0.0000 tGradient 1.2710 tsec 1.4580
#GCMRL#  359 dt  11.200000 rms  0.540  0.117% neg 0  invalid 762 tFOTS 0.0000 tGradient 1.2240 tsec 1.4160
#GCMRL#  360 dt  11.200000 rms  0.540  0.109% neg 0  invalid 762 tFOTS 0.0000 tGradient 1.2120 tsec 1.4130
#GCMRL#  361 dt  11.200000 rms  0.539  0.107% neg 0  invalid 762 tFOTS 0.0000 tGradient 1.2040 tsec 1.3890
#GCMRL#  362 dt  11.200000 rms  0.539  0.099% neg 0  invalid 762 tFOTS 0.0000 tGradient 1.2210 tsec 1.4120
#GCMRL#  363 dt  11.200000 rms  0.538  0.091% neg 0  invalid 762 tFOTS 0.0000 tGradient 1.2280 tsec 1.4280
#GCMRL#  364 dt  11.200000 rms  0.538  0.089% neg 0  invalid 762 tFOTS 0.0000 tGradient 1.2190 tsec 1.4080
#GCMRL#  365 dt  11.200000 rms  0.537  0.093% neg 0  invalid 762 tFOTS 0.0000 tGradient 1.2920 tsec 1.4800
#GCMRL#  366 dt  11.200000 rms  0.537  0.091% neg 0  invalid 762 tFOTS 0.0000 tGradient 1.1900 tsec 1.3960
#GCMRL#  367 dt  11.200000 rms  0.536  0.087% neg 0  invalid 762 tFOTS 0.0000 tGradient 1.2450 tsec 1.4400
#GCMRL#  368 dt  11.200000 rms  0.536  0.069% neg 0  invalid 762 tFOTS 0.0000 tGradient 1.2070 tsec 1.3930
#GCMRL#  369 dt  11.200000 rms  0.535  0.062% neg 0  invalid 762 tFOTS 0.0000 tGradient 1.2290 tsec 1.4190
#GCMRL#  370 dt  11.200000 rms  0.535  0.065% neg 0  invalid 762 tFOTS 0.0000 tGradient 1.2390 tsec 1.4310
#GCMRL#  371 dt  11.200000 rms  0.535  0.050% neg 0  invalid 762 tFOTS 0.0000 tGradient 1.2340 tsec 1.4270
#GCMRL#  372 dt  11.200000 rms  0.535  0.058% neg 0  invalid 762 tFOTS 0.0000 tGradient 1.2450 tsec 1.4420
#GCMRL#  373 dt  11.200000 rms  0.534  0.069% neg 0  invalid 762 tFOTS 0.0000 tGradient 1.2090 tsec 1.3950
#GCMRL#  374 dt  11.200000 rms  0.534  0.057% neg 0  invalid 762 tFOTS 0.0000 tGradient 1.1970 tsec 1.3950
#GCMRL#  375 dt  11.200000 rms  0.534  0.054% neg 0  invalid 762 tFOTS 0.0000 tGradient 1.2380 tsec 1.4270
#GCMRL#  376 dt  11.200000 rms  0.533  0.047% neg 0  invalid 762 tFOTS 0.0000 tGradient 1.2590 tsec 1.4660
#GCMRL#  377 dt  11.200000 rms  0.533  0.040% neg 0  invalid 762 tFOTS 0.0000 tGradient 1.2690 tsec 1.4740
#GCMRL#  378 dt  11.200000 rms  0.533  0.041% neg 0  invalid 762 tFOTS 0.0000 tGradient 1.2810 tsec 1.4940
#GCMRL#  379 dt  11.200000 rms  0.533  0.048% neg 0  invalid 762 tFOTS 0.0000 tGradient 1.2790 tsec 1.4930
#GCMRL#  380 dt  11.200000 rms  0.532  0.049% neg 0  invalid 762 tFOTS 0.0000 tGradient 1.3690 tsec 1.5730
#GCMRL#  381 dt  11.200000 rms  0.532  0.052% neg 0  invalid 762 tFOTS 0.0000 tGradient 1.2610 tsec 1.4610
#GCMRL#  382 dt  11.200000 rms  0.532  0.044% neg 0  invalid 762 tFOTS 0.0000 tGradient 1.2360 tsec 1.4330
#GCMRL#  383 dt  11.200000 rms  0.532  0.032% neg 0  invalid 762 tFOTS 0.0000 tGradient 1.2370 tsec 1.4390
#GCMRL#  384 dt  11.200000 rms  0.532  0.042% neg 0  invalid 762 tFOTS 0.0000 tGradient 1.2390 tsec 1.4300
#GCMRL#  385 dt  11.200000 rms  0.531  0.036% neg 0  invalid 762 tFOTS 0.0000 tGradient 1.2250 tsec 1.4130
#GCMRL#  386 dt  11.200000 rms  0.531  0.033% neg 0  invalid 762 tFOTS 0.0000 tGradient 1.2100 tsec 1.3980
#GCMRL#  387 dt  11.200000 rms  0.531  0.037% neg 0  invalid 762 tFOTS 0.0000 tGradient 1.2080 tsec 1.3950
#GCMRL#  388 dt  11.200000 rms  0.531  0.032% neg 0  invalid 762 tFOTS 0.0000 tGradient 1.2490 tsec 1.4400
#GCMRL#  389 dt  11.200000 rms  0.531  0.031% neg 0  invalid 762 tFOTS 0.0000 tGradient 1.2250 tsec 1.4120
#GCMRL#  390 dt  11.200000 rms  0.530  0.027% neg 0  invalid 762 tFOTS 0.0000 tGradient 1.2520 tsec 1.4400
#GCMRL#  391 dt  11.200000 rms  0.530  0.029% neg 0  invalid 762 tFOTS 0.0000 tGradient 1.2000 tsec 1.3920
#GCMRL#  392 dt  11.200000 rms  0.530  0.023% neg 0  invalid 762 tFOTS 0.0000 tGradient 1.2040 tsec 1.3990
#GCMRL#  393 dt  11.200000 rms  0.530  0.032% neg 0  invalid 762 tFOTS 0.0000 tGradient 1.2050 tsec 1.3880
#GCMRL#  394 dt  11.200000 rms  0.530  0.037% neg 0  invalid 762 tFOTS 0.0000 tGradient 1.2240 tsec 1.4250
#GCMRL#  395 dt  11.200000 rms  0.530  0.025% neg 0  invalid 762 tFOTS 0.0000 tGradient 1.2150 tsec 1.4030
#GCMRL#  396 dt  11.200000 rms  0.530  0.029% neg 0  invalid 762 tFOTS 0.0000 tGradient 1.2140 tsec 1.4130
#GCMRL#  397 dt  11.200000 rms  0.529  0.022% neg 0  invalid 762 tFOTS 0.0000 tGradient 1.2190 tsec 1.4140
#GCMRL#  398 dt  11.200000 rms  0.529  0.021% neg 0  invalid 762 tFOTS 0.0000 tGradient 1.2170 tsec 1.4220
#FOTS# QuadFit found better minimum quadopt=(dt=19.2,rms=0.5293) vs oldopt=(dt=32,rms=0.529306)
#GCMRL#  399 dt  19.200000 rms  0.529  0.000% neg 0  invalid 762 tFOTS 2.3950 tGradient 1.2650 tsec 3.8780
#GCMRL#  400 dt  19.200000 rms  0.529  0.010% neg 0  invalid 762 tFOTS 0.0000 tGradient 1.2120 tsec 1.4010
setting smoothness cost coefficient to 0.400

#GCAMreg# pass 0 level1 2 level2 0 tsec 0 sigma 2
l_jacobian=1.00 l_label=1.00 l_log_likelihood=0.20 l_smoothness=0.40 
tol=5.00e-02, dt=5.00e-02, exp_k=20.0, momentum=0.90, levels=6, niter=500, lbl_dist=10.00, avgs=4, sigma=2.0,type=2, relabel=0, neg=no

blurring input image with Gaussian with sigma=2.000...
GCAMRegisterLevel(): init RMS 0.556678
#GCMRL#  402 dt   0.000000 rms  0.556  0.173% neg 0  invalid 762 tFOTS 2.3140 tGradient 1.1330 tsec 3.6580
#GCMRL#  403 dt   0.150000 rms  0.556  0.000% neg 0  invalid 762 tFOTS 2.3110 tGradient 1.1150 tsec 3.7870

#GCAMreg# pass 0 level1 2 level2 1 tsec 16.961 sigma 0.5
l_jacobian=1.00 l_label=1.00 l_log_likelihood=0.20 l_smoothness=0.40 
tol=5.00e-02, dt=5.00e-02, exp_k=20.0, momentum=0.90, levels=6, niter=500, lbl_dist=10.00, avgs=4, sigma=0.5,type=2, relabel=0, neg=no

blurring input image with Gaussian with sigma=0.500...
GCAMRegisterLevel(): init RMS 0.556678
#GCMRL#  405 dt   0.000000 rms  0.556  0.173% neg 0  invalid 762 tFOTS 2.4750 tGradient 1.1130 tsec 3.7900
#GCMRL#  406 dt   0.150000 rms  0.556  0.000% neg 0  invalid 762 tFOTS 2.5140 tGradient 1.1050 tsec 3.9730
setting smoothness cost coefficient to 1.000

#GCAMreg# pass 0 level1 1 level2 0 tsec 0 sigma 2
l_jacobian=1.00 l_label=1.00 l_log_likelihood=0.20 l_smoothness=1.00 
tol=5.00e-02, dt=5.00e-02, exp_k=20.0, momentum=0.90, levels=6, niter=500, lbl_dist=10.00, avgs=1, sigma=2.0,type=2, relabel=0, neg=no

blurring input image with Gaussian with sigma=2.000...
GCAMRegisterLevel(): init RMS 0.608983
#GCMRL#  408 dt   1.280000 rms  0.605  0.665% neg 0  invalid 762 tFOTS 2.5300 tGradient 0.9920 tsec 3.7310
#FOTS# QuadFit found better minimum quadopt=(dt=0.112,rms=0.604893) vs oldopt=(dt=0.08,rms=0.604896)
#GCMRL#  409 dt   0.112000 rms  0.605  0.000% neg 0  invalid 762 tFOTS 2.4820 tGradient 0.9040 tsec 3.6130

#GCAMreg# pass 0 level1 1 level2 1 tsec 16.549 sigma 0.5
l_jacobian=1.00 l_label=1.00 l_log_likelihood=0.20 l_smoothness=1.00 
tol=5.00e-02, dt=5.00e-02, exp_k=20.0, momentum=0.90, levels=6, niter=500, lbl_dist=10.00, avgs=1, sigma=0.5,type=2, relabel=0, neg=no

blurring input image with Gaussian with sigma=0.500...
GCAMRegisterLevel(): init RMS 0.6058
#FOTS# QuadFit found better minimum quadopt=(dt=0.448,rms=0.604409) vs oldopt=(dt=0.32,rms=0.604502)
#GCMRL#  411 dt   0.448000 rms  0.604  0.230% neg 0  invalid 762 tFOTS 2.3440 tGradient 1.0330 tsec 3.5810
#FOTS# QuadFit found better minimum quadopt=(dt=0.384,rms=0.604261) vs oldopt=(dt=0.32,rms=0.604265)
#GCMRL#  412 dt   0.384000 rms  0.604  0.000% neg 0  invalid 762 tFOTS 2.2970 tGradient 0.9230 tsec 3.4410
resetting metric properties...
setting smoothness cost coefficient to 2.000

#GCAMreg# pass 0 level1 0 level2 0 tsec 0 sigma 2
l_jacobian=1.00 l_label=1.00 l_log_likelihood=0.20 l_smoothness=2.00 
tol=5.00e-02, dt=5.00e-02, exp_k=20.0, momentum=0.90, levels=6, niter=500, lbl_dist=10.00, avgs=0, sigma=2.0,type=2, relabel=0, neg=no

blurring input image with Gaussian with sigma=2.000...
GCAMRegisterLevel(): init RMS 0.540773
#FOTS# QuadFit found better minimum quadopt=(dt=0.448,rms=0.525756) vs oldopt=(dt=0.32,rms=0.529583)
#GCMRL#  414 dt   0.448000 rms  0.526  2.777% neg 0  invalid 762 tFOTS 2.4100 tGradient 0.5080 tsec 3.1260
#FOTS# QuadFit found better minimum quadopt=(dt=0.448,rms=0.52212) vs oldopt=(dt=0.32,rms=0.523131)
#GCMRL#  415 dt   0.448000 rms  0.522  0.692% neg 0  invalid 762 tFOTS 2.3580 tGradient 0.5170 tsec 3.0770
#FOTS# QuadFit found better minimum quadopt=(dt=0.448,rms=0.520198) vs oldopt=(dt=0.32,rms=0.520752)
#GCMRL#  416 dt   0.448000 rms  0.520  0.368% neg 0  invalid 762 tFOTS 2.3610 tGradient 0.5010 tsec 3.0700
#FOTS# QuadFit found better minimum quadopt=(dt=0.448,rms=0.519026) vs oldopt=(dt=0.32,rms=0.519346)
#GCMRL#  417 dt   0.448000 rms  0.519  0.225% neg 0  invalid 762 tFOTS 2.4400 tGradient 0.5280 tsec 3.1760
#FOTS# QuadFit found better minimum quadopt=(dt=0.448,rms=0.518204) vs oldopt=(dt=0.32,rms=0.518441)
#GCMRL#  418 dt   0.448000 rms  0.518  0.158% neg 0  invalid 762 tFOTS 2.3300 tGradient 0.5330 tsec 3.0690
#FOTS# QuadFit found better minimum quadopt=(dt=0.448,rms=0.517613) vs oldopt=(dt=0.32,rms=0.517771)
#GCMRL#  419 dt   0.448000 rms  0.518  0.114% neg 0  invalid 762 tFOTS 2.3660 tGradient 0.5410 tsec 3.1110
#FOTS# QuadFit found better minimum quadopt=(dt=0.448,rms=0.517131) vs oldopt=(dt=0.32,rms=0.517269)
#GCMRL#  420 dt   0.448000 rms  0.517  0.093% neg 0  invalid 762 tFOTS 2.4950 tGradient 0.5360 tsec 3.2960
#FOTS# QuadFit found better minimum quadopt=(dt=0.448,rms=0.516748) vs oldopt=(dt=0.32,rms=0.516839)
#GCMRL#  421 dt   0.448000 rms  0.517  0.074% neg 0  invalid 762 tFOTS 2.3710 tGradient 0.5440 tsec 3.1220
#FOTS# QuadFit found better minimum quadopt=(dt=0.448,rms=0.516408) vs oldopt=(dt=0.32,rms=0.516498)
#GCMRL#  422 dt   0.448000 rms  0.516  0.066% neg 0  invalid 762 tFOTS 2.3310 tGradient 0.5430 tsec 3.0770
#FOTS# QuadFit found better minimum quadopt=(dt=0.448,rms=0.516156) vs oldopt=(dt=0.32,rms=0.516209)
#GCMRL#  423 dt   0.448000 rms  0.516  0.000% neg 0  invalid 762 tFOTS 2.3410 tGradient 0.5240 tsec 3.1180
#GCMRL#  424 dt   0.448000 rms  0.516  0.046% neg 0  invalid 762 tFOTS 0.0000 tGradient 0.5440 tsec 0.7440
#GCMRL#  425 dt   0.448000 rms  0.516  0.081% neg 0  invalid 762 tFOTS 0.0000 tGradient 0.5130 tsec 0.7140
#GCMRL#  426 dt   0.448000 rms  0.515  0.079% neg 0  invalid 762 tFOTS 0.0000 tGradient 0.5350 tsec 0.7310
#GCMRL#  427 dt   0.448000 rms  0.515  0.092% neg 0  invalid 762 tFOTS 0.0000 tGradient 0.5530 tsec 0.7510
#GCMRL#  428 dt   0.224000 rms  0.515 -0.001% neg 0  invalid 762 tFOTS 0.0000 tGradient 0.5470 tsec 1.0820
#FOTS# QuadFit found better minimum quadopt=(dt=0.384,rms=0.514616) vs oldopt=(dt=0.32,rms=0.514618)
#GCMRL#  429 dt   0.384000 rms  0.515  0.009% neg 0  invalid 762 tFOTS 2.2710 tGradient 0.5280 tsec 3.0010

#GCAMreg# pass 0 level1 0 level2 1 tsec 49.24 sigma 0.5
l_jacobian=1.00 l_label=1.00 l_log_likelihood=0.20 l_smoothness=2.00 
tol=5.00e-02, dt=5.00e-02, exp_k=20.0, momentum=0.90, levels=6, niter=500, lbl_dist=10.00, avgs=0, sigma=0.5,type=2, relabel=0, neg=no

blurring input image with Gaussian with sigma=0.500...
GCAMRegisterLevel(): init RMS 0.515639
#FOTS# QuadFit found better minimum quadopt=(dt=0.384,rms=0.509921) vs oldopt=(dt=0.32,rms=0.510654)
#GCMRL#  431 dt   0.384000 rms  0.510  1.109% neg 0  invalid 762 tFOTS 2.2870 tGradient 0.5560 tsec 3.0510
#FOTS# QuadFit found better minimum quadopt=(dt=0.384,rms=0.508523) vs oldopt=(dt=0.32,rms=0.508749)
#GCMRL#  432 dt   0.384000 rms  0.509  0.274% neg 0  invalid 762 tFOTS 2.2810 tGradient 0.5400 tsec 3.0210
#FOTS# QuadFit found better minimum quadopt=(dt=0.384,rms=0.507882) vs oldopt=(dt=0.32,rms=0.507984)
#GCMRL#  433 dt   0.384000 rms  0.508  0.126% neg 0  invalid 762 tFOTS 2.2310 tGradient 0.5270 tsec 2.9540
#FOTS# QuadFit found better minimum quadopt=(dt=0.448,rms=0.507526) vs oldopt=(dt=0.32,rms=0.507615)
#GCMRL#  434 dt   0.448000 rms  0.508  0.070% neg 0  invalid 762 tFOTS 2.2550 tGradient 0.5440 tsec 2.9910
#FOTS# QuadFit found better minimum quadopt=(dt=0.448,rms=0.507302) vs oldopt=(dt=0.32,rms=0.507358)
#GCMRL#  435 dt   0.448000 rms  0.507  0.000% neg 0  invalid 762 tFOTS 2.2970 tGradient 0.5490 tsec 3.0580
#GCMRL#  436 dt   0.448000 rms  0.507  0.023% neg 0  invalid 762 tFOTS 0.0000 tGradient 0.5390 tsec 0.7310
#GCMRL#  437 dt   0.448000 rms  0.507  0.044% neg 0  invalid 762 tFOTS 0.0000 tGradient 0.5410 tsec 0.7280
#GCMRL#  438 dt   0.224000 rms  0.507  0.012% neg 0  invalid 762 tFOTS 0.0000 tGradient 0.5270 tsec 0.9340
#GCMRL#  439 dt   0.224000 rms  0.507  0.014% neg 0  invalid 762 tFOTS 0.0000 tGradient 0.5470 tsec 0.8500
#GCMRL#  440 dt   0.224000 rms  0.507  0.022% neg 0  invalid 762 tFOTS 0.0000 tGradient 0.5710 tsec 0.7680
#GCMRL#  441 dt   0.224000 rms  0.507  0.019% neg 0  invalid 762 tFOTS 0.0000 tGradient 0.5430 tsec 0.7540
#GCMRL#  442 dt   0.320000 rms  0.507  0.000% neg 0  invalid 762 tFOTS 2.2230 tGradient 0.5500 tsec 2.9860
#GCMRL#  443 dt   0.320000 rms  0.507  0.003% neg 0  invalid 762 tFOTS 0.0000 tGradient 0.5520 tsec 0.7470
#GCMRL#  444 dt   0.320000 rms  0.507  0.014% neg 0  invalid 762 tFOTS 0.0000 tGradient 0.5650 tsec 0.7620
#GCMRL#  445 dt   0.320000 rms  0.506  0.004% neg 0  invalid 762 tFOTS 0.0000 tGradient 0.5390 tsec 0.8310
#GCMRL#  446 dt   0.320000 rms  0.506  0.012% neg 0  invalid 762 tFOTS 0.0000 tGradient 0.5530 tsec 0.7500
GCAMregister done in 15.5369 min
********************* ALLOWING NEGATIVE NODES IN DEFORMATION********************************
noneg post
Starting GCAMregister()
label assignment complete, 0 changed (0.00%)
npasses = 1, nlevels = 6
#pass# 1 of 1 ************************
enabling zero nodes
setting smoothness cost coefficient to 0.008

#GCAMreg# pass 0 level1 5 level2 0 tsec 0 sigma 2
l_jacobian=1.00 l_label=1.00 l_log_likelihood=0.20 l_smoothness=0.01 
tol=2.50e-01, dt=5.00e-02, exp_k=20.0, momentum=0.90, levels=6, niter=500, lbl_dist=10.00, avgs=256, sigma=2.0,type=2, relabel=0, neg=yes

blurring input image with Gaussian with sigma=2.000...
GCAMRegisterLevel(): init RMS 0.505068
#GCMRL#  448 dt   0.000000 rms  0.504  0.206% neg 0  invalid 762 tFOTS 2.6650 tGradient 1.9370 tsec 4.7970

#GCAMreg# pass 0 level1 5 level2 1 tsec 17.534 sigma 0.5
l_jacobian=1.00 l_label=1.00 l_log_likelihood=0.20 l_smoothness=0.01 
tol=2.50e-01, dt=5.00e-02, exp_k=20.0, momentum=0.90, levels=6, niter=500, lbl_dist=10.00, avgs=256, sigma=0.5,type=2, relabel=0, neg=yes

blurring input image with Gaussian with sigma=0.500...
GCAMRegisterLevel(): init RMS 0.505068
#FOTS# QuadFit found better minimum quadopt=(dt=221.952,rms=0.503599) vs oldopt=(dt=369.92,rms=0.503721)
#GCMRL#  450 dt 221.952000 rms  0.504  0.291% neg 0  invalid 762 tFOTS 2.6530 tGradient 1.9330 tsec 4.7790
#FOTS# QuadFit found better minimum quadopt=(dt=73.984,rms=0.503464) vs oldopt=(dt=92.48,rms=0.503469)
#GCMRL#  451 dt  73.984000 rms  0.503  0.000% neg 0  invalid 762 tFOTS 2.6650 tGradient 2.0160 tsec 4.9290
#GCMRL#  452 dt  73.984000 rms  0.503  0.011% neg 0  invalid 762 tFOTS 0.0000 tGradient 1.8840 tsec 2.0680
#GCMRL#  453 dt  73.984000 rms  0.503  0.022% neg 0  invalid 762 tFOTS 0.0000 tGradient 1.8840 tsec 2.0690
#GCMRL#  454 dt  73.984000 rms  0.503  0.034% neg 0  invalid 762 tFOTS 0.0000 tGradient 1.8480 tsec 2.0370
#GCMRL#  455 dt  73.984000 rms  0.503  0.037% neg 0  invalid 762 tFOTS 0.0000 tGradient 1.8470 tsec 2.0470
#GCMRL#  456 dt  73.984000 rms  0.503  0.029% neg 0  invalid 762 tFOTS 0.0000 tGradient 1.9250 tsec 2.1080
#GCMRL#  457 dt  73.984000 rms  0.503  0.024% neg 0  invalid 762 tFOTS 0.0000 tGradient 1.8850 tsec 2.0920
setting smoothness cost coefficient to 0.031

#GCAMreg# pass 0 level1 4 level2 0 tsec 0 sigma 2
l_jacobian=1.00 l_label=1.00 l_log_likelihood=0.20 l_smoothness=0.03 
tol=2.50e-01, dt=5.00e-02, exp_k=20.0, momentum=0.90, levels=6, niter=500, lbl_dist=10.00, avgs=64, sigma=2.0,type=2, relabel=0, neg=yes

blurring input image with Gaussian with sigma=2.000...
GCAMRegisterLevel(): init RMS 0.50373
#FOTS# QuadFit found better minimum quadopt=(dt=9.072,rms=0.50256) vs oldopt=(dt=6.48,rms=0.502576)
#GCMRL#  459 dt   9.072000 rms  0.503  0.232% neg 0  invalid 762 tFOTS 2.9110 tGradient 1.4100 tsec 4.5270
#FOTS# QuadFit found better minimum quadopt=(dt=7.776,rms=0.502542) vs oldopt=(dt=6.48,rms=0.502543)
#GCMRL#  460 dt   7.776000 rms  0.503  0.000% neg 0  invalid 762 tFOTS 2.9240 tGradient 1.4080 tsec 4.5490

#GCAMreg# pass 0 level1 4 level2 1 tsec 18.666 sigma 0.5
l_jacobian=1.00 l_label=1.00 l_log_likelihood=0.20 l_smoothness=0.03 
tol=2.50e-01, dt=5.00e-02, exp_k=20.0, momentum=0.90, levels=6, niter=500, lbl_dist=10.00, avgs=64, sigma=0.5,type=2, relabel=0, neg=yes

blurring input image with Gaussian with sigma=0.500...
GCAMRegisterLevel(): init RMS 0.50361
#FOTS# QuadFit found better minimum quadopt=(dt=124.416,rms=0.50082) vs oldopt=(dt=103.68,rms=0.500882)
#GCMRL#  462 dt 124.416000 rms  0.501  0.554% neg 0  invalid 762 tFOTS 2.7530 tGradient 1.4160 tsec 4.3720
#FOTS# QuadFit found better minimum quadopt=(dt=31.104,rms=0.500231) vs oldopt=(dt=25.92,rms=0.500251)
#GCMRL#  463 dt  31.104000 rms  0.500  0.000% neg 0  invalid 762 tFOTS 2.9070 tGradient 1.4310 tsec 4.5550
#GCMRL#  464 dt  31.104000 rms  0.500  0.050% neg 0  invalid 762 tFOTS 0.0000 tGradient 1.4480 tsec 1.6390
#GCMRL#  465 dt  31.104000 rms  0.500  0.087% neg 0  invalid 762 tFOTS 0.0000 tGradient 1.4130 tsec 1.6070
iter 0, gcam->neg = 1
after 0 iterations, nbhd size=0, neg = 0
#GCMRL#  466 dt  31.104000 rms  0.499  0.098% neg 0  invalid 762 tFOTS 0.0000 tGradient 1.4160 tsec 2.0550
#GCMRL#  467 dt  31.104000 rms  0.499  0.109% neg 0  invalid 762 tFOTS 0.0000 tGradient 1.1290 tsec 1.3200
#GCMRL#  468 dt  31.104000 rms  0.498  0.100% neg 0  invalid 762 tFOTS 0.0000 tGradient 1.1000 tsec 1.2960
#GCMRL#  469 dt  31.104000 rms  0.498  0.096% neg 0  invalid 762 tFOTS 0.0000 tGradient 1.0740 tsec 1.2840
#FOTS# QuadFit found better minimum quadopt=(dt=145.152,rms=0.49727) vs oldopt=(dt=103.68,rms=0.497322)
setting smoothness cost coefficient to 0.118

#GCAMreg# pass 0 level1 3 level2 0 tsec 0 sigma 2
l_jacobian=1.00 l_label=1.00 l_log_likelihood=0.20 l_smoothness=0.12 
tol=2.50e-01, dt=5.00e-02, exp_k=20.0, momentum=0.90, levels=6, niter=500, lbl_dist=10.00, avgs=16, sigma=2.0,type=2, relabel=0, neg=yes

blurring input image with Gaussian with sigma=2.000...
GCAMRegisterLevel(): init RMS 0.498627
#FOTS# QuadFit found better minimum quadopt=(dt=11.2,rms=0.496653) vs oldopt=(dt=8,rms=0.496792)
#GCMRL#  471 dt  11.200000 rms  0.497  0.396% neg 0  invalid 762 tFOTS 2.9580 tGradient 0.9710 tsec 4.1460
#FOTS# QuadFit found better minimum quadopt=(dt=11.2,rms=0.496288) vs oldopt=(dt=8,rms=0.496348)
iter 0, gcam->neg = 1
after 0 iterations, nbhd size=0, neg = 0
#GCMRL#  472 dt  11.200000 rms  0.496  0.000% neg 0  invalid 762 tFOTS 2.8070 tGradient 0.9620 tsec 4.4530
iter 0, gcam->neg = 1
after 0 iterations, nbhd size=0, neg = 0
#GCMRL#  473 dt  11.200000 rms  0.496  0.055% neg 0  invalid 762 tFOTS 0.0000 tGradient 0.9970 tsec 1.6620
#GCMRL#  474 dt  11.200000 rms  0.496  0.024% neg 0  invalid 762 tFOTS 0.0000 tGradient 0.9790 tsec 1.1700
iter 0, gcam->neg = 2
after 9 iterations, nbhd size=1, neg = 0

#GCAMreg# pass 0 level1 3 level2 1 tsec 23.158 sigma 0.5
l_jacobian=1.00 l_label=1.00 l_log_likelihood=0.20 l_smoothness=0.12 
tol=2.50e-01, dt=5.00e-02, exp_k=20.0, momentum=0.90, levels=6, niter=500, lbl_dist=10.00, avgs=16, sigma=0.5,type=2, relabel=0, neg=yes

blurring input image with Gaussian with sigma=0.500...
GCAMRegisterLevel(): init RMS 0.496962
#FOTS# QuadFit found better minimum quadopt=(dt=21.5533,rms=0.49127) vs oldopt=(dt=32,rms=0.492306)
#GCMRL#  476 dt  21.553265 rms  0.491  1.145% neg 0  invalid 762 tFOTS 2.9100 tGradient 1.0050 tsec 4.1150
#FOTS# QuadFit found better minimum quadopt=(dt=26.8387,rms=0.489647) vs oldopt=(dt=8,rms=0.490022)
#GCMRL#  477 dt  26.838710 rms  0.490  0.330% neg 0  invalid 762 tFOTS 2.8990 tGradient 0.9840 tsec 4.0860
#FOTS# QuadFit found better minimum quadopt=(dt=11.2,rms=0.487865) vs oldopt=(dt=8,rms=0.488236)
#GCMRL#  478 dt  11.200000 rms  0.488  0.364% neg 0  invalid 762 tFOTS 2.8830 tGradient 0.9980 tsec 4.0820
#FOTS# QuadFit found better minimum quadopt=(dt=80.179,rms=0.485189) vs oldopt=(dt=128,rms=0.485728)
iter 0, gcam->neg = 7
after 1 iterations, nbhd size=0, neg = 0
#GCMRL#  479 dt  80.178971 rms  0.485  0.550% neg 0  invalid 762 tFOTS 2.9150 tGradient 1.0040 tsec 4.8150
#FOTS# QuadFit found better minimum quadopt=(dt=11.2,rms=0.483887) vs oldopt=(dt=8,rms=0.484123)
#GCMRL#  480 dt  11.200000 rms  0.484  0.267% neg 0  invalid 762 tFOTS 2.8920 tGradient 1.0270 tsec 4.1230
#GCMRL#  481 dt  32.000000 rms  0.483  0.000% neg 0  invalid 762 tFOTS 2.9070 tGradient 1.0270 tsec 4.1550
iter 0, gcam->neg = 1
after 6 iterations, nbhd size=1, neg = 0
#GCMRL#  482 dt  32.000000 rms  0.483  0.092% neg 0  invalid 762 tFOTS 0.0000 tGradient 1.0270 tsec 3.0510
iter 0, gcam->neg = 1
after 1 iterations, nbhd size=0, neg = 0
#GCMRL#  483 dt  32.000000 rms  0.481  0.305% neg 0  invalid 762 tFOTS 0.0000 tGradient 1.0060 tsec 1.8960
#GCMRL#  484 dt  32.000000 rms  0.480  0.320% neg 0  invalid 762 tFOTS 0.0000 tGradient 1.0330 tsec 1.2230
#GCMRL#  485 dt  32.000000 rms  0.478  0.334% neg 0  invalid 762 tFOTS 0.0000 tGradient 0.9810 tsec 1.1710
#GCMRL#  486 dt  32.000000 rms  0.476  0.372% neg 0  invalid 762 tFOTS 0.0000 tGradient 1.0740 tsec 1.2800
iter 0, gcam->neg = 4
after 7 iterations, nbhd size=1, neg = 0
#GCMRL#  487 dt  32.000000 rms  0.475  0.249% neg 0  invalid 762 tFOTS 0.0000 tGradient 0.9870 tsec 3.1850
iter 0, gcam->neg = 1
after 0 iterations, nbhd size=0, neg = 0
#GCMRL#  488 dt  32.000000 rms  0.474  0.269% neg 0  invalid 762 tFOTS 0.0000 tGradient 0.9700 tsec 1.6230
iter 0, gcam->neg = 6
after 1 iterations, nbhd size=0, neg = 0
#GCMRL#  489 dt  32.000000 rms  0.473  0.258% neg 0  invalid 762 tFOTS 0.0000 tGradient 0.9830 tsec 1.8620
iter 0, gcam->neg = 2
after 2 iterations, nbhd size=0, neg = 0
#GCMRL#  490 dt  32.000000 rms  0.472  0.153% neg 0  invalid 762 tFOTS 0.0000 tGradient 0.9810 tsec 2.0680
iter 0, gcam->neg = 1
after 0 iterations, nbhd size=0, neg = 0
#GCMRL#  491 dt  32.000000 rms  0.471  0.170% neg 0  invalid 762 tFOTS 0.0000 tGradient 0.9440 tsec 1.6030
iter 0, gcam->neg = 1
after 0 iterations, nbhd size=0, neg = 0
#GCMRL#  492 dt  32.000000 rms  0.470  0.172% neg 0  invalid 762 tFOTS 0.0000 tGradient 0.9730 tsec 1.6200
iter 0, gcam->neg = 2
after 8 iterations, nbhd size=1, neg = 0
#GCMRL#  493 dt  32.000000 rms  0.470  0.055% neg 0  invalid 762 tFOTS 0.0000 tGradient 0.9600 tsec 3.3960
iter 0, gcam->neg = 2
after 4 iterations, nbhd size=0, neg = 0
#GCMRL#  494 dt  32.000000 rms  0.470  0.125% neg 0  invalid 762 tFOTS 0.0000 tGradient 1.0090 tsec 2.5420
iter 0, gcam->neg = 1
after 2 iterations, nbhd size=0, neg = 0
#GCMRL#  495 dt  32.000000 rms  0.469  0.073% neg 0  invalid 762 tFOTS 0.0000 tGradient 0.9640 tsec 2.0510
#GCMRL#  496 dt  32.000000 rms  0.469  0.042% neg 0  invalid 762 tFOTS 0.0000 tGradient 0.9510 tsec 1.1520
#FOTS# QuadFit found better minimum quadopt=(dt=11.2,rms=0.468606) vs oldopt=(dt=8,rms=0.468667)
#GCMRL#  497 dt  11.200000 rms  0.469  0.096% neg 0  invalid 762 tFOTS 2.9180 tGradient 0.9620 tsec 4.0840
#FOTS# QuadFit found better minimum quadopt=(dt=11.2,rms=0.468604) vs oldopt=(dt=8,rms=0.468606)
#GCMRL#  498 dt  11.200000 rms  0.469  0.000% neg 0  invalid 762 tFOTS 2.9240 tGradient 0.9480 tsec 4.0900
#GCMRL#  499 dt  11.200000 rms  0.469  0.012% neg 0  invalid 762 tFOTS 0.0000 tGradient 0.9690 tsec 1.1550
#GCMRL#  500 dt  11.200000 rms  0.468  0.013% neg 0  invalid 762 tFOTS 0.0000 tGradient 0.9740 tsec 1.1660
#GCMRL#  501 dt  11.200000 rms  0.468  0.000% neg 0  invalid 762 tFOTS 0.0000 tGradient 0.9430 tsec 1.1340
#GCMRL#  502 dt  11.200000 rms  0.468  0.014% neg 0  invalid 762 tFOTS 0.0000 tGradient 0.9450 tsec 1.1370
setting smoothness cost coefficient to 0.400

#GCAMreg# pass 0 level1 2 level2 0 tsec 0 sigma 2
l_jacobian=1.00 l_label=1.00 l_log_likelihood=0.20 l_smoothness=0.40 
tol=2.50e-01, dt=5.00e-02, exp_k=20.0, momentum=0.90, levels=6, niter=500, lbl_dist=10.00, avgs=4, sigma=2.0,type=2, relabel=0, neg=yes

blurring input image with Gaussian with sigma=2.000...
GCAMRegisterLevel(): init RMS 0.47537
#GCMRL#  504 dt   0.000000 rms  0.474  0.225% neg 0  invalid 762 tFOTS 2.7660 tGradient 0.9330 tsec 3.8940

#GCAMreg# pass 0 level1 2 level2 1 tsec 15.86 sigma 0.5
l_jacobian=1.00 l_label=1.00 l_log_likelihood=0.20 l_smoothness=0.40 
tol=2.50e-01, dt=5.00e-02, exp_k=20.0, momentum=0.90, levels=6, niter=500, lbl_dist=10.00, avgs=4, sigma=0.5,type=2, relabel=0, neg=yes

blurring input image with Gaussian with sigma=0.500...
GCAMRegisterLevel(): init RMS 0.47537
#FOTS# QuadFit found better minimum quadopt=(dt=0.00084375,rms=0.474299) vs oldopt=(dt=0.000703125,rms=0.474299)
#GCMRL#  506 dt   0.000844 rms  0.474  0.225% neg 0  invalid 762 tFOTS 2.7560 tGradient 0.9410 tsec 3.8950
setting smoothness cost coefficient to 1.000

#GCAMreg# pass 0 level1 1 level2 0 tsec 0 sigma 2
l_jacobian=1.00 l_label=1.00 l_log_likelihood=0.20 l_smoothness=1.00 
tol=2.50e-01, dt=5.00e-02, exp_k=20.0, momentum=0.90, levels=6, niter=500, lbl_dist=10.00, avgs=1, sigma=2.0,type=2, relabel=0, neg=yes

blurring input image with Gaussian with sigma=2.000...
GCAMRegisterLevel(): init RMS 0.487637
#FOTS# QuadFit found better minimum quadopt=(dt=1.024,rms=0.485429) vs oldopt=(dt=1.28,rms=0.485462)
#GCMRL#  508 dt   1.024000 rms  0.485  0.453% neg 0  invalid 762 tFOTS 2.9670 tGradient 0.8660 tsec 4.0360
#FOTS# QuadFit found better minimum quadopt=(dt=0.384,rms=0.485397) vs oldopt=(dt=0.32,rms=0.485398)
#GCMRL#  509 dt   0.384000 rms  0.485  0.000% neg 0  invalid 762 tFOTS 2.8970 tGradient 0.8190 tsec 3.9340

#GCAMreg# pass 0 level1 1 level2 1 tsec 17.023 sigma 0.5
l_jacobian=1.00 l_label=1.00 l_log_likelihood=0.20 l_smoothness=1.00 
tol=2.50e-01, dt=5.00e-02, exp_k=20.0, momentum=0.90, levels=6, niter=500, lbl_dist=10.00, avgs=1, sigma=0.5,type=2, relabel=0, neg=yes

blurring input image with Gaussian with sigma=0.500...
GCAMRegisterLevel(): init RMS 0.486409
#FOTS# QuadFit found better minimum quadopt=(dt=1.792,rms=0.484021) vs oldopt=(dt=1.28,rms=0.484118)
#GCMRL#  511 dt   1.792000 rms  0.484  0.491% neg 0  invalid 762 tFOTS 2.9690 tGradient 0.8510 tsec 4.0190
#FOTS# QuadFit found better minimum quadopt=(dt=0.768,rms=0.483922) vs oldopt=(dt=1.28,rms=0.483956)
#GCMRL#  512 dt   0.768000 rms  0.484  0.000% neg 0  invalid 762 tFOTS 2.8990 tGradient 0.8190 tsec 3.9350
#GCMRL#  513 dt   0.768000 rms  0.484  0.002% neg 0  invalid 762 tFOTS 0.0000 tGradient 0.8400 tsec 1.0300
resetting metric properties...
setting smoothness cost coefficient to 2.000

#GCAMreg# pass 0 level1 0 level2 0 tsec 0 sigma 2
l_jacobian=1.00 l_label=1.00 l_log_likelihood=0.20 l_smoothness=2.00 
tol=2.50e-01, dt=5.00e-02, exp_k=20.0, momentum=0.90, levels=6, niter=500, lbl_dist=10.00, avgs=0, sigma=2.0,type=2, relabel=0, neg=yes

blurring input image with Gaussian with sigma=2.000...
GCAMRegisterLevel(): init RMS 0.476495
#FOTS# QuadFit found better minimum quadopt=(dt=2.129,rms=0.444728) vs oldopt=(dt=1.28,rms=0.449807)
iter 0, gcam->neg = 639
after 16 iterations, nbhd size=1, neg = 0
#GCMRL#  515 dt   2.128997 rms  0.446  6.345% neg 0  invalid 762 tFOTS 2.9490 tGradient 0.4860 tsec 7.7720
#FOTS# QuadFit found better minimum quadopt=(dt=0.064,rms=0.446119) vs oldopt=(dt=0.08,rms=0.446126)
#GCMRL#  516 dt   0.064000 rms  0.446  0.000% neg 0  invalid 762 tFOTS 2.9370 tGradient 0.5110 tsec 3.6580

#GCAMreg# pass 0 level1 0 level2 1 tsec 20.098 sigma 0.5
l_jacobian=1.00 l_label=1.00 l_log_likelihood=0.20 l_smoothness=2.00 
tol=2.50e-01, dt=5.00e-02, exp_k=20.0, momentum=0.90, levels=6, niter=500, lbl_dist=10.00, avgs=0, sigma=0.5,type=2, relabel=0, neg=yes

blurring input image with Gaussian with sigma=0.500...
GCAMRegisterLevel(): init RMS 0.447346
#FOTS# QuadFit found better minimum quadopt=(dt=0.096,rms=0.44581) vs oldopt=(dt=0.08,rms=0.445819)
#GCMRL#  518 dt   0.096000 rms  0.446  0.343% neg 0  invalid 762 tFOTS 2.9310 tGradient 0.5090 tsec 3.6390
#GCMRL#  519 dt   0.005000 rms  0.446  0.000% neg 0  invalid 762 tFOTS 2.9110 tGradient 0.5070 tsec 3.6340
#GCMRL#  520 dt   0.005000 rms  0.446  0.000% neg 0  invalid 762 tFOTS 0.0000 tGradient 0.5030 tsec 0.6990
#GCMRL#  521 dt   0.005000 rms  0.446  0.003% neg 0  invalid 762 tFOTS 0.0000 tGradient 0.5160 tsec 0.7290
label assignment complete, 0 changed (0.00%)
GCAMregister done in 4.39862 min
Starting GCAMcomputeMaxPriorLabels()
Morphing with label term set to 0 *******************************
Starting GCAMregister()
label assignment complete, 0 changed (0.00%)
npasses = 1, nlevels = 6
#pass# 1 of 1 ************************
enabling zero nodes
setting smoothness cost coefficient to 0.008

#GCAMreg# pass 0 level1 5 level2 0 tsec 0 sigma 2
l_jacobian=1.00 l_log_likelihood=0.20 l_smoothness=0.01 
tol=2.50e-01, dt=5.00e-02, exp_k=20.0, momentum=0.90, levels=6, niter=500, lbl_dist=10.00, avgs=256, sigma=2.0,type=2, relabel=0, neg=yes

blurring input image with Gaussian with sigma=2.000...
GCAMRegisterLevel(): init RMS 0.433665

#GCAMreg# pass 0 level1 5 level2 1 tsec 11.814 sigma 0.5
l_jacobian=1.00 l_log_likelihood=0.20 l_smoothness=0.01 
tol=2.50e-01, dt=5.00e-02, exp_k=20.0, momentum=0.90, levels=6, niter=500, lbl_dist=10.00, avgs=256, sigma=0.5,type=2, relabel=0, neg=yes

blurring input image with Gaussian with sigma=0.500...
GCAMRegisterLevel(): init RMS 0.433665
#FOTS# QuadFit found better minimum quadopt=(dt=73.984,rms=0.433556) vs oldopt=(dt=92.48,rms=0.433565)
#GCMRL#  524 dt  73.984000 rms  0.434  0.025% neg 0  invalid 762 tFOTS 2.6040 tGradient 1.0180 tsec 3.8160
#FOTS# QuadFit found better minimum quadopt=(dt=110.976,rms=0.433515) vs oldopt=(dt=92.48,rms=0.433516)
#GCMRL#  525 dt 110.976000 rms  0.434  0.000% neg 0  invalid 762 tFOTS 2.6020 tGradient 1.0320 tsec 3.8430
#GCMRL#  526 dt 110.976000 rms  0.433  0.003% neg 0  invalid 762 tFOTS 0.0000 tGradient 1.0060 tsec 1.1930
#GCMRL#  527 dt 110.976000 rms  0.433  0.010% neg 0  invalid 762 tFOTS 0.0000 tGradient 0.9970 tsec 1.1840
#GCMRL#  528 dt 110.976000 rms  0.433  0.007% neg 0  invalid 762 tFOTS 0.0000 tGradient 0.9980 tsec 1.1790
setting smoothness cost coefficient to 0.031

#GCAMreg# pass 0 level1 4 level2 0 tsec 0 sigma 2
l_jacobian=1.00 l_log_likelihood=0.20 l_smoothness=0.03 
tol=2.50e-01, dt=5.00e-02, exp_k=20.0, momentum=0.90, levels=6, niter=500, lbl_dist=10.00, avgs=64, sigma=2.0,type=2, relabel=0, neg=yes

blurring input image with Gaussian with sigma=2.000...
GCAMRegisterLevel(): init RMS 0.433558

#GCAMreg# pass 0 level1 4 level2 1 tsec 11.629 sigma 0.5
l_jacobian=1.00 l_log_likelihood=0.20 l_smoothness=0.03 
tol=2.50e-01, dt=5.00e-02, exp_k=20.0, momentum=0.90, levels=6, niter=500, lbl_dist=10.00, avgs=64, sigma=0.5,type=2, relabel=0, neg=yes

blurring input image with Gaussian with sigma=0.500...
GCAMRegisterLevel(): init RMS 0.433558
#FOTS# QuadFit found better minimum quadopt=(dt=145.152,rms=0.433049) vs oldopt=(dt=103.68,rms=0.433123)
#GCMRL#  531 dt 145.152000 rms  0.433  0.117% neg 0  invalid 762 tFOTS 2.5100 tGradient 0.8050 tsec 3.5050
#FOTS# QuadFit found better minimum quadopt=(dt=62.208,rms=0.432905) vs oldopt=(dt=103.68,rms=0.432934)
#GCMRL#  532 dt  62.208000 rms  0.433  0.000% neg 0  invalid 762 tFOTS 2.5140 tGradient 0.7520 tsec 3.4730
#GCMRL#  533 dt  62.208000 rms  0.433  0.020% neg 0  invalid 762 tFOTS 0.0000 tGradient 0.7590 tsec 0.9380
#GCMRL#  534 dt  62.208000 rms  0.433  0.029% neg 0  invalid 762 tFOTS 0.0000 tGradient 0.7820 tsec 0.9640
#GCMRL#  535 dt  62.208000 rms  0.433  0.033% neg 0  invalid 762 tFOTS 0.0000 tGradient 0.7690 tsec 0.9490
#GCMRL#  536 dt  62.208000 rms  0.432  0.029% neg 0  invalid 762 tFOTS 0.0000 tGradient 0.7720 tsec 0.9520
setting smoothness cost coefficient to 0.118

#GCAMreg# pass 0 level1 3 level2 0 tsec 0 sigma 2
l_jacobian=1.00 l_log_likelihood=0.20 l_smoothness=0.12 
tol=2.50e-01, dt=5.00e-02, exp_k=20.0, momentum=0.90, levels=6, niter=500, lbl_dist=10.00, avgs=16, sigma=2.0,type=2, relabel=0, neg=yes

blurring input image with Gaussian with sigma=2.000...
GCAMRegisterLevel(): init RMS 0.432995
#FOTS# QuadFit found better minimum quadopt=(dt=1.6,rms=0.432977) vs oldopt=(dt=2,rms=0.432978)
#GCMRL#  538 dt   1.600000 rms  0.433  0.004% neg 0  invalid 762 tFOTS 2.7370 tGradient 0.6960 tsec 3.6290
#FOTS# QuadFit found better minimum quadopt=(dt=0.15,rms=0.432977) vs oldopt=(dt=0.125,rms=0.432977)
#GCMRL#  539 dt   0.150000 rms  0.433  0.000% neg 0  invalid 762 tFOTS 2.7940 tGradient 0.6540 tsec 3.6590

#GCAMreg# pass 0 level1 3 level2 1 tsec 16.17 sigma 0.5
l_jacobian=1.00 l_log_likelihood=0.20 l_smoothness=0.12 
tol=2.50e-01, dt=5.00e-02, exp_k=20.0, momentum=0.90, levels=6, niter=500, lbl_dist=10.00, avgs=16, sigma=0.5,type=2, relabel=0, neg=yes

blurring input image with Gaussian with sigma=0.500...
GCAMRegisterLevel(): init RMS 0.432977
#FOTS# QuadFit found better minimum quadopt=(dt=142.933,rms=0.428537) vs oldopt=(dt=128,rms=0.428558)
iter 0, gcam->neg = 5
after 9 iterations, nbhd size=1, neg = 0
#GCMRL#  541 dt 142.933333 rms  0.429  0.982% neg 0  invalid 762 tFOTS 2.7910 tGradient 0.6510 tsec 6.3010
#FOTS# QuadFit found better minimum quadopt=(dt=22.1538,rms=0.427916) vs oldopt=(dt=32,rms=0.428138)
#GCMRL#  542 dt  22.153846 rms  0.428  0.000% neg 0  invalid 762 tFOTS 2.7970 tGradient 0.6660 tsec 3.6690
#GCMRL#  543 dt  22.153846 rms  0.428  0.091% neg 0  invalid 762 tFOTS 0.0000 tGradient 0.6550 tsec 0.8420
#GCMRL#  544 dt  22.153846 rms  0.427  0.080% neg 0  invalid 762 tFOTS 0.0000 tGradient 0.6670 tsec 0.8510
#GCMRL#  545 dt  22.153846 rms  0.427  0.083% neg 0  invalid 762 tFOTS 0.0000 tGradient 0.6620 tsec 0.8430
#GCMRL#  546 dt  22.153846 rms  0.426  0.116% neg 0  invalid 762 tFOTS 0.0000 tGradient 0.6610 tsec 0.8410
iter 0, gcam->neg = 2
after 0 iterations, nbhd size=0, neg = 0
#GCMRL#  547 dt  22.153846 rms  0.426  0.191% neg 0  invalid 762 tFOTS 0.0000 tGradient 0.6570 tsec 1.2990
iter 0, gcam->neg = 2
after 0 iterations, nbhd size=0, neg = 0
#GCMRL#  548 dt  22.153846 rms  0.425  0.181% neg 0  invalid 762 tFOTS 0.0000 tGradient 0.6660 tsec 1.3060
iter 0, gcam->neg = 2
after 3 iterations, nbhd size=0, neg = 0
#GCMRL#  549 dt  22.153846 rms  0.424  0.158% neg 0  invalid 762 tFOTS 0.0000 tGradient 0.6630 tsec 1.9560
iter 0, gcam->neg = 2
after 9 iterations, nbhd size=1, neg = 0
#GCMRL#  550 dt  22.153846 rms  0.424  0.111% neg 0  invalid 762 tFOTS 0.0000 tGradient 0.6740 tsec 3.2660
iter 0, gcam->neg = 6
after 1 iterations, nbhd size=0, neg = 0
#GCMRL#  551 dt  22.153846 rms  0.423  0.104% neg 0  invalid 762 tFOTS 0.0000 tGradient 0.6820 tsec 1.5610
#FOTS# QuadFit found better minimum quadopt=(dt=25.6,rms=0.423124) vs oldopt=(dt=32,rms=0.423126)
#GCMRL#  552 dt  25.600000 rms  0.423  0.000% neg 0  invalid 762 tFOTS 2.6450 tGradient 0.6750 tsec 3.5360
#GCMRL#  553 dt  25.600000 rms  0.423  0.011% neg 0  invalid 762 tFOTS 0.0000 tGradient 0.6900 tsec 0.8800
#GCMRL#  554 dt  25.600000 rms  0.423  0.009% neg 0  invalid 762 tFOTS 0.0000 tGradient 0.6760 tsec 0.8560
iter 0, gcam->neg = 1
after 0 iterations, nbhd size=0, neg = 0
setting smoothness cost coefficient to 0.400

#GCAMreg# pass 0 level1 2 level2 0 tsec 0 sigma 2
l_jacobian=1.00 l_log_likelihood=0.20 l_smoothness=0.40 
tol=2.50e-01, dt=5.00e-02, exp_k=20.0, momentum=0.90, levels=6, niter=500, lbl_dist=10.00, avgs=4, sigma=2.0,type=2, relabel=0, neg=yes

blurring input image with Gaussian with sigma=2.000...
GCAMRegisterLevel(): init RMS 0.426915
#FOTS# QuadFit found better minimum quadopt=(dt=3.9375e-05,rms=0.426915) vs oldopt=(dt=2.8125e-05,rms=0.426915)
#GCMRL#  556 dt   0.000039 rms  0.427  0.000% neg 0  invalid 762 tFOTS 3.4910 tGradient 0.6190 tsec 4.3000
#FOTS# QuadFit found better minimum quadopt=(dt=0,rms=0.426915) vs oldopt=(dt=0,rms=0.426915)
#GCMRL#  557 dt   0.150000 rms  0.427  0.000% neg 0  invalid 762 tFOTS 2.6120 tGradient 0.6150 tsec 3.4400

#GCAMreg# pass 0 level1 2 level2 1 tsec 16.596 sigma 0.5
l_jacobian=1.00 l_log_likelihood=0.20 l_smoothness=0.40 
tol=2.50e-01, dt=5.00e-02, exp_k=20.0, momentum=0.90, levels=6, niter=500, lbl_dist=10.00, avgs=4, sigma=0.5,type=2, relabel=0, neg=yes

blurring input image with Gaussian with sigma=0.500...
GCAMRegisterLevel(): init RMS 0.426915
#FOTS# QuadFit found better minimum quadopt=(dt=7.7193,rms=0.426538) vs oldopt=(dt=11.52,rms=0.426651)
#GCMRL#  559 dt   7.719298 rms  0.427  0.088% neg 0  invalid 762 tFOTS 2.7450 tGradient 0.6160 tsec 3.5540
#FOTS# QuadFit found better minimum quadopt=(dt=14.8293,rms=0.426003) vs oldopt=(dt=11.52,rms=0.426033)
iter 0, gcam->neg = 3
after 6 iterations, nbhd size=0, neg = 0
#GCMRL#  560 dt  14.829268 rms  0.426  0.121% neg 0  invalid 762 tFOTS 2.7130 tGradient 0.6130 tsec 5.2630
#FOTS# QuadFit found better minimum quadopt=(dt=22,rms=0.425341) vs oldopt=(dt=11.52,rms=0.425489)
iter 0, gcam->neg = 53
after 15 iterations, nbhd size=1, neg = 0
#GCMRL#  561 dt  22.000000 rms  0.425  0.147% neg 0  invalid 762 tFOTS 2.6980 tGradient 0.6160 tsec 7.1970
#FOTS# QuadFit found better minimum quadopt=(dt=10.8493,rms=0.424871) vs oldopt=(dt=11.52,rms=0.424873)
iter 0, gcam->neg = 21
after 16 iterations, nbhd size=1, neg = 0
#GCMRL#  562 dt  10.849315 rms  0.425  0.000% neg 0  invalid 762 tFOTS 2.7570 tGradient 0.6200 tsec 7.4890
iter 0, gcam->neg = 3
after 4 iterations, nbhd size=0, neg = 0
#GCMRL#  563 dt  10.849315 rms  0.425  0.105% neg 0  invalid 762 tFOTS 0.0000 tGradient 0.6260 tsec 2.0930
iter 0, gcam->neg = 28
after 7 iterations, nbhd size=0, neg = 0
#GCMRL#  564 dt  10.849315 rms  0.424  0.135% neg 0  invalid 762 tFOTS 0.0000 tGradient 0.6190 tsec 2.8310
iter 0, gcam->neg = 24
after 15 iterations, nbhd size=1, neg = 0
#GCMRL#  565 dt  10.849315 rms  0.424  0.088% neg 0  invalid 762 tFOTS 0.0000 tGradient 0.6340 tsec 4.4730
iter 0, gcam->neg = 26
after 14 iterations, nbhd size=1, neg = 0
#GCMRL#  566 dt  10.849315 rms  0.423  0.092% neg 0  invalid 762 tFOTS 0.0000 tGradient 0.6200 tsec 4.2340
iter 0, gcam->neg = 53
after 16 iterations, nbhd size=1, neg = 0
#GCMRL#  567 dt  10.849315 rms  0.423  0.117% neg 0  invalid 762 tFOTS 0.0000 tGradient 0.8310 tsec 4.9850
iter 0, gcam->neg = 86
after 21 iterations, nbhd size=1, neg = 0
#GCMRL#  568 dt  10.849315 rms  0.422  0.077% neg 0  invalid 762 tFOTS 0.0000 tGradient 0.6600 tsec 5.9210
#FOTS# QuadFit found better minimum quadopt=(dt=6,rms=0.422368) vs oldopt=(dt=2.88,rms=0.422395)
iter 0, gcam->neg = 3
after 1 iterations, nbhd size=0, neg = 0
#GCMRL#  569 dt   6.000000 rms  0.422  0.000% neg 0  invalid 762 tFOTS 2.7020 tGradient 0.6170 tsec 4.2030
iter 0, gcam->neg = 3
after 2 iterations, nbhd size=0, neg = 0
#GCMRL#  570 dt   6.000000 rms  0.422  0.022% neg 0  invalid 762 tFOTS 0.0000 tGradient 0.6090 tsec 1.6680
iter 0, gcam->neg = 8
after 2 iterations, nbhd size=0, neg = 0
#GCMRL#  571 dt   6.000000 rms  0.422  0.015% neg 0  invalid 762 tFOTS 0.0000 tGradient 0.6160 tsec 1.6870
iter 0, gcam->neg = 23
after 14 iterations, nbhd size=1, neg = 0
setting smoothness cost coefficient to 1.000

#GCAMreg# pass 0 level1 1 level2 0 tsec 0 sigma 2
l_jacobian=1.00 l_log_likelihood=0.20 l_smoothness=1.00 
tol=2.50e-01, dt=5.00e-02, exp_k=20.0, momentum=0.90, levels=6, niter=500, lbl_dist=10.00, avgs=1, sigma=2.0,type=2, relabel=0, neg=yes

blurring input image with Gaussian with sigma=2.000...
GCAMRegisterLevel(): init RMS 0.428336
#GCMRL#  573 dt   0.000050 rms  0.428  0.000% neg 0  invalid 762 tFOTS 3.3800 tGradient 0.5420 tsec 4.1080

#GCAMreg# pass 0 level1 1 level2 1 tsec 15.398 sigma 0.5
l_jacobian=1.00 l_log_likelihood=0.20 l_smoothness=1.00 
tol=2.50e-01, dt=5.00e-02, exp_k=20.0, momentum=0.90, levels=6, niter=500, lbl_dist=10.00, avgs=1, sigma=0.5,type=2, relabel=0, neg=yes

blurring input image with Gaussian with sigma=0.500...
GCAMRegisterLevel(): init RMS 0.428336
resetting metric properties...
setting smoothness cost coefficient to 2.000

#GCAMreg# pass 0 level1 0 level2 0 tsec 0 sigma 2
l_jacobian=1.00 l_log_likelihood=0.20 l_smoothness=2.00 
tol=2.50e-01, dt=5.00e-02, exp_k=20.0, momentum=0.90, levels=6, niter=500, lbl_dist=10.00, avgs=0, sigma=2.0,type=2, relabel=0, neg=yes

blurring input image with Gaussian with sigma=2.000...
GCAMRegisterLevel(): init RMS 0.418086
#FOTS# QuadFit found better minimum quadopt=(dt=1.20171,rms=0.407727) vs oldopt=(dt=1.28,rms=0.407746)
iter 0, gcam->neg = 661
after 17 iterations, nbhd size=1, neg = 0
#GCMRL#  576 dt   1.201713 rms  0.410  2.033% neg 0  invalid 762 tFOTS 2.7250 tGradient 0.1920 tsec 7.3920
#FOTS# QuadFit found better minimum quadopt=(dt=2.34375e-05,rms=0.409585) vs oldopt=(dt=1.95313e-05,rms=0.409585)
#GCMRL#  577 dt   0.000023 rms  0.410  0.000% neg 0  invalid 762 tFOTS 3.4060 tGradient 0.1900 tsec 3.8040

#GCAMreg# pass 0 level1 0 level2 1 tsec 19.571 sigma 0.5
l_jacobian=1.00 l_log_likelihood=0.20 l_smoothness=2.00 
tol=2.50e-01, dt=5.00e-02, exp_k=20.0, momentum=0.90, levels=6, niter=500, lbl_dist=10.00, avgs=0, sigma=0.5,type=2, relabel=0, neg=yes

blurring input image with Gaussian with sigma=0.500...
GCAMRegisterLevel(): init RMS 0.409585
#FOTS# QuadFit found better minimum quadopt=(dt=0.112,rms=0.409258) vs oldopt=(dt=0.08,rms=0.409302)
#GCMRL#  579 dt   0.112000 rms  0.409  0.080% neg 0  invalid 762 tFOTS 2.7370 tGradient 0.1950 tsec 3.1310
#FOTS# QuadFit found better minimum quadopt=(dt=0.112,rms=0.409115) vs oldopt=(dt=0.08,rms=0.40913)
#GCMRL#  580 dt   0.112000 rms  0.409  0.000% neg 0  invalid 762 tFOTS 2.7440 tGradient 0.1970 tsec 3.1460
#GCMRL#  581 dt   0.112000 rms  0.409  0.026% neg 0  invalid 762 tFOTS 0.0000 tGradient 0.1900 tsec 0.3790
GCAMregister done in 3.67475 min
writing output transformation to transforms/talairach.m3z...
GCAMwrite
Calls to gcamLogLikelihoodEnergy 4143 tmin = 0.995783
Calls to gcamLabelEnergy         3558 tmin = 0.657667
Calls to gcamJacobianEnergy      4143 tmin = 0.486467
Calls to gcamSmoothnessEnergy    4143 tmin = 2.8445
Calls to gcamLogLikelihoodTerm 583 tmin = 0.367567
Calls to gcamLabelTerm         523 tmin = 3.48717
Calls to gcamJacobianTerm      583 tmin = 0.58415
Calls to gcamSmoothnessTerm    583 tmin = 0.2884
Calls to gcamComputeGradient    583 tmin = 13.1464
Calls to gcamComputeMetricProperties    5884 tmin = 1.39815
mri_ca_register took 0 hours, 30 minutes and 43 seconds.
#VMPC# mri_ca_register VmPeak  3646960
FSRUNTIME@ mri_ca_register  0.5120 hours 16 threads
#--------------------------------------
#@# SubCort Seg Sat Mar 14 11:13:44 CET 2026

 mri_ca_label -relabel_unlikely 9 .3 -prior 0.5 -align norm.mgz transforms/talairach.m3z /opt/freesurfer/average/RB_all_2020-01-02.gca aseg.auto_noCCseg.mgz 

sysname  Linux
hostname dna075
machine  x86_64

setenv SUBJECTS_DIR /out/sourcedata/freesurfer
cd /out/sourcedata/freesurfer/sub-v2s9x29163_ses-1/mri
mri_ca_label -relabel_unlikely 9 .3 -prior 0.5 -align norm.mgz transforms/talairach.m3z /opt/freesurfer/average/RB_all_2020-01-02.gca aseg.auto_noCCseg.mgz 

relabeling unlikely voxels with window_size = 9 and prior threshold 0.30
using Gibbs prior factor = 0.500
renormalizing sequences with structure alignment, equivalent to:
	-renormalize
	-renormalize_mean 0.500
	-regularize 0.500

== Number of threads available to for OpenMP = 16 == 
reading 1 input volumes
reading classifier array from /opt/freesurfer/average/RB_all_2020-01-02.gca
reading input volume from norm.mgz
average std[0] = 7.2
reading transform from transforms/talairach.m3z
setting orig areas to linear transform determinant scaled 5.59
Atlas used for the 3D morph was /opt/freesurfer/average/RB_all_2020-01-02.gca
average std = 7.2   using min determinant for regularization = 5.2
0 singular and 0 ill-conditioned covariance matrices regularized
labeling volume...
renormalizing by structure alignment....
renormalizing input #0
gca peak = 0.15521 (20)
mri peak = 0.06643 (32)
Left_Lateral_Ventricle (4): linear fit = 1.48 x + 0.0 (120 voxels, overlap=0.264)
Left_Lateral_Ventricle (4): linear fit = 1.48 x + 0.0 (120 voxels, peak = 30), gca=29.5
gca peak = 0.20380 (13)
mri peak = 0.09682 (10)
Right_Lateral_Ventricle (43): linear fit = 0.22 x + 0.0 (171 voxels, overlap=0.597)
Right_Lateral_Ventricle (43): linear fit = 0.40 x + 0.0 (171 voxels, peak =  3), gca=5.2
gca peak = 0.26283 (96)
mri peak = 0.12999 (83)
Right_Pallidum (52): linear fit = 0.88 x + 0.0 (678 voxels, overlap=0.250)
Right_Pallidum (52): linear fit = 0.88 x + 0.0 (678 voxels, peak = 84), gca=84.0
gca peak = 0.15814 (97)
mri peak = 0.16763 (85)
Left_Pallidum (13): linear fit = 0.90 x + 0.0 (786 voxels, overlap=0.018)
Left_Pallidum (13): linear fit = 0.90 x + 0.0 (786 voxels, peak = 88), gca=87.8
gca peak = 0.27624 (56)
mri peak = 0.14208 (54)
Right_Hippocampus (53): linear fit = 0.90 x + 0.0 (633 voxels, overlap=0.950)
Right_Hippocampus (53): linear fit = 0.90 x + 0.0 (633 voxels, peak = 51), gca=50.7
gca peak = 0.28723 (59)
mri peak = 0.17333 (51)
Left_Hippocampus (17): linear fit = 0.89 x + 0.0 (632 voxels, overlap=0.716)
Left_Hippocampus (17): linear fit = 0.89 x + 0.0 (632 voxels, peak = 53), gca=52.8
gca peak = 0.07623 (103)
mri peak = 0.26395 (107)
Right_Cerebral_White_Matter (41): linear fit = 1.02 x + 0.0 (31442 voxels, overlap=0.460)
Right_Cerebral_White_Matter (41): linear fit = 1.02 x + 0.0 (31442 voxels, peak = 106), gca=105.6
gca peak = 0.07837 (105)
mri peak = 0.30846 (107)
Left_Cerebral_White_Matter (2): linear fit = 1.01 x + 0.0 (30786 voxels, overlap=0.421)
Left_Cerebral_White_Matter (2): linear fit = 1.01 x + 0.0 (30786 voxels, peak = 107), gca=106.6
gca peak = 0.10165 (58)
mri peak = 0.08442 (54)
Left_Cerebral_Cortex (3): linear fit = 0.88 x + 0.0 (30861 voxels, overlap=0.450)
Left_Cerebral_Cortex (3): linear fit = 0.88 x + 0.0 (30861 voxels, peak = 51), gca=50.8
gca peak = 0.11113 (58)
mri peak = 0.09235 (53)
Right_Cerebral_Cortex (42): linear fit = 0.88 x + 0.0 (31826 voxels, overlap=0.428)
Right_Cerebral_Cortex (42): linear fit = 0.88 x + 0.0 (31826 voxels, peak = 51), gca=50.8
gca peak = 0.27796 (67)
mri peak = 0.24371 (68)
Right_Caudate (50): linear fit = 1.00 x + 0.0 (755 voxels, overlap=1.002)
Right_Caudate (50): linear fit = 1.00 x + 0.0 (755 voxels, peak = 67), gca=67.0
gca peak = 0.14473 (69)
mri peak = 0.20768 (68)
Left_Caudate (11): linear fit = 0.89 x + 0.0 (570 voxels, overlap=0.389)
Left_Caudate (11): linear fit = 0.89 x + 0.0 (570 voxels, peak = 62), gca=61.8
gca peak = 0.14301 (56)
mri peak = 0.04878 (42)
Left_Cerebellum_Cortex (8): linear fit = 0.71 x + 0.0 (19101 voxels, overlap=0.061)
Left_Cerebellum_Cortex (8): linear fit = 0.71 x + 0.0 (19101 voxels, peak = 40), gca=40.0
gca peak = 0.14610 (55)
mri peak = 0.04493 (42)
Right_Cerebellum_Cortex (47): linear fit = 0.73 x + 0.0 (19287 voxels, overlap=0.050)
Right_Cerebellum_Cortex (47): linear fit = 0.73 x + 0.0 (19287 voxels, peak = 40), gca=39.9
gca peak = 0.16309 (85)
mri peak = 0.06098 (84)
Left_Cerebellum_White_Matter (7): linear fit = 1.00 x + 0.0 (3359 voxels, overlap=0.994)
Left_Cerebellum_White_Matter (7): linear fit = 1.00 x + 0.0 (3359 voxels, peak = 85), gca=84.6
gca peak = 0.15172 (84)
mri peak = 0.06441 (85)
Right_Cerebellum_White_Matter (46): linear fit = 1.02 x + 0.0 (3654 voxels, overlap=0.922)
Right_Cerebellum_White_Matter (46): linear fit = 1.02 x + 0.0 (3654 voxels, peak = 86), gca=86.1
gca peak = 0.30461 (58)
mri peak = 0.30937 (51)
Left_Amygdala (18): linear fit = 0.88 x + 0.0 (246 voxels, overlap=0.261)
Left_Amygdala (18): linear fit = 0.88 x + 0.0 (246 voxels, peak = 51), gca=50.8
gca peak = 0.32293 (57)
mri peak = 0.18266 (50)
Right_Amygdala: unreasonable value (49.9/50.0), not in range [50, 90] - rejecting
gca peak = 0.11083 (90)
mri peak = 0.13496 (79)
Left_Thalamus (10): linear fit = 0.94 x + 0.0 (3516 voxels, overlap=0.701)
Left_Thalamus (10): linear fit = 0.94 x + 0.0 (3516 voxels, peak = 84), gca=84.2
gca peak = 0.11393 (83)
mri peak = 0.08906 (83)
Right_Thalamus (49): linear fit = 1.00 x + 0.0 (3607 voxels, overlap=0.975)
Right_Thalamus (49): linear fit = 1.00 x + 0.0 (3607 voxels, peak = 83), gca=82.6
gca peak = 0.08575 (81)
mri peak = 0.11658 (79)
Left_Putamen (12): linear fit = 0.96 x + 0.0 (1751 voxels, overlap=0.786)
Left_Putamen (12): linear fit = 0.96 x + 0.0 (1751 voxels, peak = 78), gca=78.2
gca peak = 0.08618 (78)
mri peak = 0.08554 (72)
Right_Putamen (51): linear fit = 0.90 x + 0.0 (1966 voxels, overlap=0.737)
Right_Putamen (51): linear fit = 0.90 x + 0.0 (1966 voxels, peak = 71), gca=70.6
gca peak = 0.08005 (78)
mri peak = 0.06647 (90)
Brain_Stem (16): linear fit = 1.13 x + 0.0 (6982 voxels, overlap=0.492)
Brain_Stem (16): linear fit = 1.13 x + 0.0 (6982 voxels, peak = 89), gca=88.5
gca peak = 0.12854 (88)
mri peak = 0.09410 (93)
Right_VentralDC (60): linear fit = 1.07 x + 0.0 (1109 voxels, overlap=0.815)
Right_VentralDC (60): linear fit = 1.07 x + 0.0 (1109 voxels, peak = 94), gca=93.7
gca peak = 0.15703 (87)
mri peak = 0.07172 (98)
Left_VentralDC (28): linear fit = 1.08 x + 0.0 (1104 voxels, overlap=0.785)
Left_VentralDC (28): linear fit = 1.08 x + 0.0 (1104 voxels, peak = 94), gca=93.5
gca peak = 0.17522 (25)
mri peak = 0.11231 (15)
gca peak = 0.17113 (14)
mri peak = 0.13807 ( 3)
gca peak Unknown = 0.94777 ( 0)
gca peak Left_Inf_Lat_Vent = 0.16627 (28)
gca peak Third_Ventricle = 0.17522 (25)
gca peak Fourth_Ventricle = 0.17113 (14)
gca peak CSF = 0.20346 (36)
gca peak Left_Accumbens_area = 0.70646 (62)
gca peak Left_undetermined = 1.00000 (28)
gca peak Left_vessel = 0.89917 (53)
gca peak Left_choroid_plexus = 0.11689 (35)
gca peak Right_Inf_Lat_Vent = 0.25504 (23)
gca peak Right_Amygdala = 0.32293 (57)
gca peak Right_Accumbens_area = 0.31650 (65)
gca peak Right_vessel = 0.77268 (52)
gca peak Right_choroid_plexus = 0.13275 (38)
gca peak Fifth_Ventricle = 0.60973 (33)
gca peak WM_hypointensities = 0.11013 (77)
gca peak non_WM_hypointensities = 0.11354 (41)
gca peak Optic_Chiasm = 0.51646 (76)
not using caudate to estimate GM means
setting label Right_Amygdala based on Left_Amygdala = 0.88 x +  0: 51
estimating mean gm scale to be 0.88 x + 0.0
estimating mean wm scale to be 1.02 x + 0.0
estimating mean csf scale to be 0.94 x + 0.0
saving intensity scales to aseg.auto_noCCseg.label_intensities.txt
renormalizing by structure alignment....
renormalizing input #0
gca peak = 0.14604 (27)
mri peak = 0.06643 (32)
Left_Lateral_Ventricle (4): linear fit = 1.01 x + 0.0 (120 voxels, overlap=0.486)
Left_Lateral_Ventricle (4): linear fit = 1.01 x + 0.0 (120 voxels, peak = 27), gca=27.4
gca peak = 0.29334 ( 5)
mri peak = 0.09682 (10)
Right_Lateral_Ventricle (43): linear fit = 1.55 x + 0.0 (171 voxels, overlap=0.995)
Right_Lateral_Ventricle (43): linear fit = 1.50 x + 0.0 (171 voxels, peak =  8), gca=7.5
gca peak = 0.31052 (84)
mri peak = 0.12999 (83)
Right_Pallidum (52): linear fit = 1.00 x + 0.0 (678 voxels, overlap=1.000)
Right_Pallidum (52): linear fit = 1.00 x + 0.0 (678 voxels, peak = 84), gca=84.0
gca peak = 0.19795 (87)
mri peak = 0.16763 (85)
Left_Pallidum (13): linear fit = 1.00 x + 0.0 (786 voxels, overlap=0.995)
Left_Pallidum (13): linear fit = 1.00 x + 0.0 (786 voxels, peak = 87), gca=86.6
gca peak = 0.30988 (50)
mri peak = 0.14208 (54)
Right_Hippocampus (53): linear fit = 1.07 x + 0.0 (633 voxels, overlap=1.005)
Right_Hippocampus (53): linear fit = 1.07 x + 0.0 (633 voxels, peak = 53), gca=53.3
gca peak = 0.28527 (53)
mri peak = 0.17333 (51)
Left_Hippocampus (17): linear fit = 1.00 x + 0.0 (632 voxels, overlap=1.001)
Left_Hippocampus (17): linear fit = 1.00 x + 0.0 (632 voxels, peak = 53), gca=53.0
gca peak = 0.07773 (106)
mri peak = 0.26395 (107)
Right_Cerebral_White_Matter (41): linear fit = 1.00 x + 0.0 (31442 voxels, overlap=0.580)
Right_Cerebral_White_Matter (41): linear fit = 1.00 x + 0.0 (31442 voxels, peak = 106), gca=106.0
gca peak = 0.07852 (106)
mri peak = 0.30846 (107)
Left_Cerebral_White_Matter (2): linear fit = 1.00 x + 0.0 (30786 voxels, overlap=0.499)
Left_Cerebral_White_Matter (2): linear fit = 1.00 x + 0.0 (30786 voxels, peak = 106), gca=106.0
gca peak = 0.11069 (51)
mri peak = 0.08442 (54)
Left_Cerebral_Cortex (3): linear fit = 1.02 x + 0.0 (30861 voxels, overlap=0.994)
Left_Cerebral_Cortex (3): linear fit = 1.02 x + 0.0 (30861 voxels, peak = 52), gca=52.3
gca peak = 0.12942 (51)
mri peak = 0.09235 (53)
Right_Cerebral_Cortex (42): linear fit = 1.00 x + 0.0 (31826 voxels, overlap=0.982)
Right_Cerebral_Cortex (42): linear fit = 1.00 x + 0.0 (31826 voxels, peak = 51), gca=51.0
gca peak = 0.27934 (67)
mri peak = 0.24371 (68)
Right_Caudate (50): linear fit = 1.00 x + 0.0 (755 voxels, overlap=1.002)
Right_Caudate (50): linear fit = 1.00 x + 0.0 (755 voxels, peak = 67), gca=67.0
gca peak = 0.14867 (62)
mri peak = 0.20768 (68)
Left_Caudate (11): linear fit = 1.00 x + 0.0 (570 voxels, overlap=0.838)
Left_Caudate (11): linear fit = 1.00 x + 0.0 (570 voxels, peak = 62), gca=62.0
gca peak = 0.19147 (40)
mri peak = 0.04878 (42)
Left_Cerebellum_Cortex (8): linear fit = 1.03 x + 0.0 (19101 voxels, overlap=1.000)
Left_Cerebellum_Cortex (8): linear fit = 1.03 x + 0.0 (19101 voxels, peak = 41), gca=41.4
gca peak = 0.19737 (40)
mri peak = 0.04493 (42)
Right_Cerebellum_Cortex (47): linear fit = 1.03 x + 0.0 (19287 voxels, overlap=1.000)
Right_Cerebellum_Cortex (47): linear fit = 1.03 x + 0.0 (19287 voxels, peak = 41), gca=41.4
gca peak = 0.16751 (84)
mri peak = 0.06098 (84)
Left_Cerebellum_White_Matter (7): linear fit = 1.02 x + 0.0 (3359 voxels, overlap=0.993)
Left_Cerebellum_White_Matter (7): linear fit = 1.02 x + 0.0 (3359 voxels, peak = 86), gca=86.1
gca peak = 0.15236 (86)
mri peak = 0.06441 (85)
Right_Cerebellum_White_Matter (46): linear fit = 1.00 x + 0.0 (3654 voxels, overlap=0.969)
Right_Cerebellum_White_Matter (46): linear fit = 1.00 x + 0.0 (3654 voxels, peak = 86), gca=85.6
gca peak = 0.36859 (51)
mri peak = 0.30937 (51)
Left_Amygdala (18): linear fit = 1.00 x + 0.0 (246 voxels, overlap=0.957)
Left_Amygdala (18): linear fit = 1.00 x + 0.0 (246 voxels, peak = 51), gca=51.0
gca peak = 0.42719 (50)
mri peak = 0.18266 (50)
Right_Amygdala (54): linear fit = 1.00 x + 0.0 (336 voxels, overlap=0.892)
Right_Amygdala (54): linear fit = 1.00 x + 0.0 (336 voxels, peak = 50), gca=50.0
gca peak = 0.11053 (84)
mri peak = 0.13496 (79)
Left_Thalamus (10): linear fit = 0.99 x + 0.0 (3516 voxels, overlap=0.904)
Left_Thalamus (10): linear fit = 0.99 x + 0.0 (3516 voxels, peak = 83), gca=82.7
gca peak = 0.09941 (80)
mri peak = 0.08906 (83)
Right_Thalamus (49): linear fit = 1.00 x + 0.0 (3607 voxels, overlap=0.971)
Right_Thalamus (49): linear fit = 1.00 x + 0.0 (3607 voxels, peak = 80), gca=79.6
gca peak = 0.08193 (78)
mri peak = 0.11658 (79)
Left_Putamen (12): linear fit = 0.98 x + 0.0 (1751 voxels, overlap=0.954)
Left_Putamen (12): linear fit = 0.98 x + 0.0 (1751 voxels, peak = 76), gca=76.1
gca peak = 0.10408 (72)
mri peak = 0.08554 (72)
Right_Putamen (51): linear fit = 1.03 x + 0.0 (1966 voxels, overlap=0.853)
Right_Putamen (51): linear fit = 1.03 x + 0.0 (1966 voxels, peak = 75), gca=74.5
gca peak = 0.07440 (89)
mri peak = 0.06647 (90)
Brain_Stem (16): linear fit = 0.98 x + 0.0 (6982 voxels, overlap=0.835)
Brain_Stem (16): linear fit = 0.98 x + 0.0 (6982 voxels, peak = 87), gca=86.8
gca peak = 0.11504 (95)
mri peak = 0.09410 (93)
Right_VentralDC (60): linear fit = 0.96 x + 0.0 (1109 voxels, overlap=0.885)
Right_VentralDC (60): linear fit = 0.96 x + 0.0 (1109 voxels, peak = 92), gca=91.7
gca peak = 0.12737 (92)
mri peak = 0.07172 (98)
Left_VentralDC (28): linear fit = 1.00 x + 0.0 (1104 voxels, overlap=0.895)
Left_VentralDC (28): linear fit = 1.00 x + 0.0 (1104 voxels, peak = 92), gca=91.5
gca peak = 0.16627 (24)
mri peak = 0.11231 (15)
gca peak = 0.18997 (13)
mri peak = 0.13807 ( 3)
gca peak Unknown = 0.94777 ( 0)
gca peak Left_Inf_Lat_Vent = 0.21159 (25)
gca peak Third_Ventricle = 0.16627 (24)
gca peak Fourth_Ventricle = 0.18997 (13)
gca peak CSF = 0.21798 (29)
gca peak Left_Accumbens_area = 0.55480 (56)
gca peak Left_undetermined = 0.99358 (34)
gca peak Left_vessel = 0.79451 (53)
gca peak Left_choroid_plexus = 0.12150 (35)
gca peak Right_Inf_Lat_Vent = 0.30327 (21)
gca peak Right_Accumbens_area = 0.29250 (65)
gca peak Right_vessel = 0.68479 (52)
gca peak Right_choroid_plexus = 0.13275 (38)
gca peak Fifth_Ventricle = 0.61129 (31)
gca peak WM_hypointensities = 0.09887 (78)
gca peak non_WM_hypointensities = 0.07755 (42)
gca peak Optic_Chiasm = 0.51674 (76)
not using caudate to estimate GM means
estimating mean gm scale to be 1.01 x + 0.0
estimating mean wm scale to be 1.00 x + 0.0
estimating mean csf scale to be 1.26 x + 0.0
saving intensity scales to aseg.auto_noCCseg.label_intensities.txt
saving sequentially combined intensity scales to aseg.auto_noCCseg.label_intensities.txt
37592 voxels changed in iteration 0 of unlikely voxel relabeling
77 voxels changed in iteration 1 of unlikely voxel relabeling
0 voxels changed in iteration 2 of unlikely voxel relabeling
25060 gm and wm labels changed (%24 to gray, %76 to white out of all changed labels)
354 hippocampal voxels changed.
0 amygdala voxels changed.
Reclassifying using Gibbs Priors
pass 1: 55634 changed. image ll: -2.080, PF=0.500
pass 2: 13221 changed. image ll: -2.079, PF=0.500
pass 3: 4570 changed.
18177 voxels changed in iteration 0 of unlikely voxel relabeling
126 voxels changed in iteration 1 of unlikely voxel relabeling
29 voxels changed in iteration 2 of unlikely voxel relabeling
0 voxels changed in iteration 3 of unlikely voxel relabeling
4566 voxels changed in iteration 0 of unlikely voxel relabeling
31 voxels changed in iteration 1 of unlikely voxel relabeling
0 voxels changed in iteration 2 of unlikely voxel relabeling
4896 voxels changed in iteration 0 of unlikely voxel relabeling
33 voxels changed in iteration 1 of unlikely voxel relabeling
2 voxels changed in iteration 2 of unlikely voxel relabeling
0 voxels changed in iteration 3 of unlikely voxel relabeling
4551 voxels changed in iteration 0 of unlikely voxel relabeling
25 voxels changed in iteration 1 of unlikely voxel relabeling
1 voxels changed in iteration 2 of unlikely voxel relabeling
0 voxels changed in iteration 3 of unlikely voxel relabeling
 !!!!!!!!! ventricle segment 7 with volume 2846 above threshold 100 - not erasing !!!!!!!!!!
 !!!!!!!!! ventricle segment 1 with volume 242 above threshold 100 - not erasing !!!!!!!!!!
 !!!!!!!!! ventricle segment 5 with volume 2461 above threshold 100 - not erasing !!!!!!!!!!
 !!!!!!!!! ventricle segment 5 with volume 147 above threshold 100 - not erasing !!!!!!!!!!
writing labeled volume to aseg.auto_noCCseg.mgz
mri_ca_label utimesec    1192.360043
mri_ca_label stimesec    2.997642
mri_ca_label ru_maxrss   2093644
mri_ca_label ru_ixrss    0
mri_ca_label ru_idrss    0
mri_ca_label ru_isrss    0
mri_ca_label ru_minflt   2931663
mri_ca_label ru_majflt   11
mri_ca_label ru_nswap    0
mri_ca_label ru_inblock  1142
mri_ca_label ru_oublock  592
mri_ca_label ru_msgsnd   0
mri_ca_label ru_msgrcv   0
mri_ca_label ru_nsignals 0
mri_ca_label ru_nvcsw    1580
mri_ca_label ru_nivcsw   1241
auto-labeling took 19 minutes and 13 seconds.
#--------------------------------------
#@# CC Seg Sat Mar 14 11:32:57 CET 2026

 mri_cc -aseg aseg.auto_noCCseg.mgz -o aseg.auto.mgz -lta /out/sourcedata/freesurfer/sub-v2s9x29163_ses-1/mri/transforms/cc_up.lta sub-v2s9x29163_ses-1 

will read input aseg from aseg.auto_noCCseg.mgz
writing aseg with cc labels to aseg.auto.mgz
will write lta as /out/sourcedata/freesurfer/sub-v2s9x29163_ses-1/mri/transforms/cc_up.lta
reading aseg from /out/sourcedata/freesurfer/sub-v2s9x29163_ses-1/mri/aseg.auto_noCCseg.mgz
reading norm from /out/sourcedata/freesurfer/sub-v2s9x29163_ses-1/mri/norm.mgz
74399 voxels in left wm, 112909 in right wm, xrange [128, 149]
searching rotation angles z=[-13  1], y=[ 1 15]
searching scale 1 Z rot -12.8  searching scale 1 Z rot -12.5  searching scale 1 Z rot -12.3  searching scale 1 Z rot -12.0  searching scale 1 Z rot -11.8  searching scale 1 Z rot -11.5  searching scale 1 Z rot -11.3  searching scale 1 Z rot -11.0  searching scale 1 Z rot -10.8  searching scale 1 Z rot -10.5  searching scale 1 Z rot -10.3  searching scale 1 Z rot -10.0  searching scale 1 Z rot -9.8  searching scale 1 Z rot -9.5  searching scale 1 Z rot -9.3  searching scale 1 Z rot -9.0  searching scale 1 Z rot -8.8  searching scale 1 Z rot -8.5  searching scale 1 Z rot -8.3  searching scale 1 Z rot -8.0  searching scale 1 Z rot -7.8  searching scale 1 Z rot -7.5  searching scale 1 Z rot -7.3  searching scale 1 Z rot -7.0  searching scale 1 Z rot -6.8  searching scale 1 Z rot -6.5  searching scale 1 Z rot -6.3  searching scale 1 Z rot -6.0  searching scale 1 Z rot -5.8  searching scale 1 Z rot -5.5  searching scale 1 Z rot -5.3  searching scale 1 Z rot -5.0  searching scale 1 Z rot -4.8  searching scale 1 Z rot -4.5  searching scale 1 Z rot -4.3  searching scale 1 Z rot -4.0  searching scale 1 Z rot -3.8  searching scale 1 Z rot -3.5  searching scale 1 Z rot -3.3  searching scale 1 Z rot -3.0  searching scale 1 Z rot -2.8  searching scale 1 Z rot -2.5  searching scale 1 Z rot -2.3  searching scale 1 Z rot -2.0  searching scale 1 Z rot -1.8  searching scale 1 Z rot -1.5  searching scale 1 Z rot -1.3  searching scale 1 Z rot -1.0  searching scale 1 Z rot -0.8  searching scale 1 Z rot -0.5  searching scale 1 Z rot -0.3  searching scale 1 Z rot -0.0  searching scale 1 Z rot 0.2  searching scale 1 Z rot 0.5  searching scale 1 Z rot 0.7  searching scale 1 Z rot 1.0  global minimum found at slice 140.2, rotations (8.19, -5.78)
final transformation (x=140.2, yr=8.190, zr=-5.782):
 0.98477   0.10074   0.14173  -36.95312;
-0.09971   0.99491  -0.01435   21.07316;
-0.14246  -0.00000   0.98980   47.01852;
 0.00000   0.00000   0.00000   1.00000;
updating x range to be [126, 132] in xformed coordinates
best xformed slice 128
min_x_fornix = 139
min_x_fornix = 141
min_x_fornix = 142
min_x_fornix = 143
min_x_fornix = 143
cc center is found at 128 123 102
eigenvectors:
-0.00164  -0.00934   0.99996;
-0.24762  -0.96881  -0.00946;
 0.96886  -0.24763  -0.00072;
writing aseg with callosum to /out/sourcedata/freesurfer/sub-v2s9x29163_ses-1/mri/aseg.auto.mgz...
corpus callosum segmentation took 0.7 minutes
#VMPC# mri_cc VmPeak  557220
mri_cc done
#--------------------------------------
#@# Merge ASeg Sat Mar 14 11:33:37 CET 2026

 cp aseg.auto.mgz aseg.presurf.mgz 

#--------------------------------------------
#@# Intensity Normalization2 Sat Mar 14 11:33:37 CET 2026
/out/sourcedata/freesurfer/sub-v2s9x29163_ses-1/mri

 mri_normalize -seed 1234 -mprage -aseg aseg.presurf.mgz -mask brainmask.mgz norm.mgz brain.mgz 

setting seed for random number genererator to 1234
assuming input volume is MGH (Van der Kouwe) MP-RAGE
using segmentation for initial intensity normalization
using MR volume brainmask.mgz to mask input volume...
reading mri_src from norm.mgz...
Reading aseg aseg.presurf.mgz
normalizing image...
NOT doing gentle normalization with control points/label
processing with aseg
removing outliers in the aseg WM...
1682 control points removed
Building bias image
building Voronoi diagram...
performing soap bubble smoothing, sigma = 0...
Smoothing with sigma 8
Applying bias correction
building Voronoi diagram...
performing soap bubble smoothing, sigma = 8...

Iterating 2 times
---------------------------------
3d normalization pass 1 of 2
white matter peak found at 110
white matter peak found at 110
gm peak at 55 (55), valley at  0 (-1)
csf peak at 27, setting threshold to 45
building Voronoi diagram...
performing soap bubble smoothing, sigma = 8...
---------------------------------
3d normalization pass 2 of 2
white matter peak found at 110
white matter peak found at 110
gm peak at 56 (56), valley at  0 (-1)
csf peak at 28, setting threshold to 46
building Voronoi diagram...
performing soap bubble smoothing, sigma = 8...
Done iterating ---------------------------------
writing output to brain.mgz
3D bias adjustment took 1 minutes and 20 seconds.
#--------------------------------------------
#@# Mask BFS Sat Mar 14 11:34:58 CET 2026
/out/sourcedata/freesurfer/sub-v2s9x29163_ses-1/mri

 mri_mask -T 5 brain.mgz brainmask.mgz brain.finalsurfs.mgz 

threshold mask volume at 5
DoAbs = 0
Found 1323833 voxels in mask (pct=  7.89)
Writing masked volume to brain.finalsurfs.mgz...done.
#--------------------------------------------
#@# WM Segmentation Sat Mar 14 11:34:58 CET 2026

 AntsDenoiseImageFs -i brain.mgz -o antsdn.brain.mgz 


 mri_segment -wsizemm 13 -mprage antsdn.brain.mgz wm.seg.mgz 

wsizemm = 13, voxres = 1, wsize = 13
Widening wm low from 89 to 79
assuming input volume is MGH (Van der Kouwe) MP-RAGE
wm mean:  110
wsize:    13
wm low:   79
wm hi:    125
gray low: 30
gray hi:  99
Doing initial trinary intensity segmentation 
Using local statistics to label ambiguous voxels
Autodetecting stats
Computing class statistics for intensity windows...
CCS WM (104.0): 105.2 +- 4.8 [79.0 --> 125.0]
CCS GM (68.0) : 67.2 +- 9.5 [30.0 --> 95.0]
 white_mean 105.171
 white_sigma 4.80887
 gray_mean 67.1823
 gray_sigma 9.53594
setting bottom of white matter range wm_low to 76.7
setting top of gray matter range gray_hi to 86.3
 wm_low 76.7183
 wm_hi  125
 gray_low 30
 gray_hi  86.2542
Redoing initial intensity segmentation...
Recomputing local statistics to label ambiguous voxels...
 wm_low 76.7183
 wm_hi  125
 gray_low 30
 gray_hi  86.2542
using local geometry to label remaining ambiguous voxels...
polvwsize = 5, polvlen = 3, gray_hi = 86.2542, wm_low = 76.7183
MRIcpolvMedianCurveSegment(): wsize=5, len=3, gmhi=86.2542, wmlow=76.7183
    103461 voxels processed (0.62%)
     46826 voxels white (0.28%)
     56635 voxels non-white (0.34%)

Reclassifying voxels using Gaussian border classifier niter=1
MRIreclassify(): wm_low=71.7183, gray_hi=86.2542, wsize=13
    164142 voxels tested (0.98%)
     37441 voxels changed (0.22%)
     49175 multi-scale searches  (0.29%)
Recovering bright white
MRIrecoverBrightWhite()
 wm_low 76.7183
 wm_hi 125
 slack 4.80887
 pct_thresh 0.33
 intensity_thresh 129.809
 nvox_thresh 8.58
      820 voxels tested (0.00%)
      675 voxels changed (0.00%)

removing voxels with positive offset direction...
MRIremoveWrongDirection() wsize=3, lowthr=71.7183, hithr=86.2542
  smoothing input volume with sigma = 0.250
    57564 voxels tested (0.34%)
    12302 voxels changed (0.07%)
thicken = 1
removing 1-dimensional structures...
MRIremove1dStructures(): max_iter=10000, thresh=2, WM_MIN_VAL=5
 3367 sparsely connected voxels removed in 1 iterations
thickening thin strands....
thickness 4
nsegments 20
wm_hi 125
1636 diagonally connected voxels added...
MRIthickenThinWMStrands(): thickness=4, nsegments=20
  20 segments, 4387 filled
MRIfindBrightNonWM(): 3044 bright non-wm voxels segmented.
MRIfilterMorphology() WM_MIN_VAL=5, DIAGONAL_FILL=230
white matter segmentation took 0.7 minutes
writing output to wm.seg.mgz...

 mri_edit_wm_with_aseg -keep-in wm.seg.mgz brain.mgz aseg.presurf.mgz wm.asegedit.mgz 

preserving editing changes in input volume...
auto filling took 0.29 minutes
reading wm segmentation from wm.seg.mgz...
0 voxels added to wm to prevent paths from MTL structures to cortex
2414 additional wm voxels added
0 additional wm voxels added
SEG EDIT: 32176 voxels turned on, 18000 voxels turned off.
propagating editing to output volume from wm.seg.mgz
writing edited volume to wm.asegedit.mgz....

 mri_pretess wm.asegedit.mgz wm norm.mgz wm.mgz 


Iteration Number : 1
pass   1 (xy+):  20 found -  20 modified     |    TOTAL:  20
pass   2 (xy+):   0 found -  20 modified     |    TOTAL:  20
pass   1 (xy-):  18 found -  18 modified     |    TOTAL:  38
pass   2 (xy-):   0 found -  18 modified     |    TOTAL:  38
pass   1 (yz+):  32 found -  32 modified     |    TOTAL:  70
pass   2 (yz+):   0 found -  32 modified     |    TOTAL:  70
pass   1 (yz-):  26 found -  26 modified     |    TOTAL:  96
pass   2 (yz-):   0 found -  26 modified     |    TOTAL:  96
pass   1 (xz+):  31 found -  31 modified     |    TOTAL: 127
pass   2 (xz+):   0 found -  31 modified     |    TOTAL: 127
pass   1 (xz-):  21 found -  21 modified     |    TOTAL: 148
pass   2 (xz-):   0 found -  21 modified     |    TOTAL: 148
Iteration Number : 1
pass   1 (+++):  41 found -  41 modified     |    TOTAL:  41
pass   2 (+++):   0 found -  41 modified     |    TOTAL:  41
pass   1 (+++):  70 found -  70 modified     |    TOTAL: 111
pass   2 (+++):   0 found -  70 modified     |    TOTAL: 111
pass   1 (+++):  61 found -  61 modified     |    TOTAL: 172
pass   2 (+++):   0 found -  61 modified     |    TOTAL: 172
pass   1 (+++):  37 found -  37 modified     |    TOTAL: 209
pass   2 (+++):   0 found -  37 modified     |    TOTAL: 209
Iteration Number : 1
pass   1 (++):  91 found -  91 modified     |    TOTAL:  91
pass   2 (++):   0 found -  91 modified     |    TOTAL:  91
pass   1 (+-): 149 found - 149 modified     |    TOTAL: 240
pass   2 (+-):   0 found - 149 modified     |    TOTAL: 240
pass   1 (--):  79 found -  79 modified     |    TOTAL: 319
pass   2 (--):   0 found -  79 modified     |    TOTAL: 319
pass   1 (-+):  97 found -  97 modified     |    TOTAL: 416
pass   2 (-+):   0 found -  97 modified     |    TOTAL: 416
Iteration Number : 2
pass   1 (xy+):   6 found -   6 modified     |    TOTAL:   6
pass   2 (xy+):   0 found -   6 modified     |    TOTAL:   6
pass   1 (xy-):  14 found -  14 modified     |    TOTAL:  20
pass   2 (xy-):   0 found -  14 modified     |    TOTAL:  20
pass   1 (yz+):   4 found -   4 modified     |    TOTAL:  24
pass   2 (yz+):   0 found -   4 modified     |    TOTAL:  24
pass   1 (yz-):   8 found -   8 modified     |    TOTAL:  32
pass   2 (yz-):   0 found -   8 modified     |    TOTAL:  32
pass   1 (xz+):   9 found -   9 modified     |    TOTAL:  41
pass   2 (xz+):   0 found -   9 modified     |    TOTAL:  41
pass   1 (xz-):   9 found -   9 modified     |    TOTAL:  50
pass   2 (xz-):   0 found -   9 modified     |    TOTAL:  50
Iteration Number : 2
pass   1 (+++):   4 found -   4 modified     |    TOTAL:   4
pass   2 (+++):   0 found -   4 modified     |    TOTAL:   4
pass   1 (+++):  12 found -  12 modified     |    TOTAL:  16
pass   2 (+++):   0 found -  12 modified     |    TOTAL:  16
pass   1 (+++):  10 found -  10 modified     |    TOTAL:  26
pass   2 (+++):   0 found -  10 modified     |    TOTAL:  26
pass   1 (+++):   3 found -   3 modified     |    TOTAL:  29
pass   2 (+++):   0 found -   3 modified     |    TOTAL:  29
Iteration Number : 2
pass   1 (++):   8 found -   8 modified     |    TOTAL:   8
pass   2 (++):   0 found -   8 modified     |    TOTAL:   8
pass   1 (+-):   4 found -   4 modified     |    TOTAL:  12
pass   2 (+-):   0 found -   4 modified     |    TOTAL:  12
pass   1 (--):   6 found -   6 modified     |    TOTAL:  18
pass   2 (--):   0 found -   6 modified     |    TOTAL:  18
pass   1 (-+):   3 found -   3 modified     |    TOTAL:  21
pass   2 (-+):   0 found -   3 modified     |    TOTAL:  21
Iteration Number : 3
pass   1 (xy+):   1 found -   1 modified     |    TOTAL:   1
pass   2 (xy+):   0 found -   1 modified     |    TOTAL:   1
pass   1 (xy-):   1 found -   1 modified     |    TOTAL:   2
pass   2 (xy-):   0 found -   1 modified     |    TOTAL:   2
pass   1 (yz+):   4 found -   4 modified     |    TOTAL:   6
pass   2 (yz+):   0 found -   4 modified     |    TOTAL:   6
pass   1 (yz-):   0 found -   0 modified     |    TOTAL:   6
pass   1 (xz+):   2 found -   2 modified     |    TOTAL:   8
pass   2 (xz+):   0 found -   2 modified     |    TOTAL:   8
pass   1 (xz-):   3 found -   3 modified     |    TOTAL:  11
pass   2 (xz-):   0 found -   3 modified     |    TOTAL:  11
Iteration Number : 3
pass   1 (+++):   2 found -   2 modified     |    TOTAL:   2
pass   2 (+++):   0 found -   2 modified     |    TOTAL:   2
pass   1 (+++):   2 found -   2 modified     |    TOTAL:   4
pass   2 (+++):   0 found -   2 modified     |    TOTAL:   4
pass   1 (+++):   1 found -   1 modified     |    TOTAL:   5
pass   2 (+++):   0 found -   1 modified     |    TOTAL:   5
pass   1 (+++):   0 found -   0 modified     |    TOTAL:   5
Iteration Number : 3
pass   1 (++):   0 found -   0 modified     |    TOTAL:   0
pass   1 (+-):   4 found -   4 modified     |    TOTAL:   4
pass   2 (+-):   0 found -   4 modified     |    TOTAL:   4
pass   1 (--):   0 found -   0 modified     |    TOTAL:   4
pass   1 (-+):   2 found -   2 modified     |    TOTAL:   6
pass   2 (-+):   0 found -   2 modified     |    TOTAL:   6
Iteration Number : 4
pass   1 (xy+):   0 found -   0 modified     |    TOTAL:   0
pass   1 (xy-):   0 found -   0 modified     |    TOTAL:   0
pass   1 (yz+):   0 found -   0 modified     |    TOTAL:   0
pass   1 (yz-):   1 found -   1 modified     |    TOTAL:   1
pass   2 (yz-):   0 found -   1 modified     |    TOTAL:   1
pass   1 (xz+):   1 found -   1 modified     |    TOTAL:   2
pass   2 (xz+):   0 found -   1 modified     |    TOTAL:   2
pass   1 (xz-):   1 found -   1 modified     |    TOTAL:   3
pass   2 (xz-):   0 found -   1 modified     |    TOTAL:   3
Iteration Number : 4
pass   1 (+++):   0 found -   0 modified     |    TOTAL:   0
pass   1 (+++):   0 found -   0 modified     |    TOTAL:   0
pass   1 (+++):   0 found -   0 modified     |    TOTAL:   0
pass   1 (+++):   0 found -   0 modified     |    TOTAL:   0
Iteration Number : 4
pass   1 (++):   0 found -   0 modified     |    TOTAL:   0
pass   1 (+-):   0 found -   0 modified     |    TOTAL:   0
pass   1 (--):   0 found -   0 modified     |    TOTAL:   0
pass   1 (-+):   0 found -   0 modified     |    TOTAL:   0
Iteration Number : 5
pass   1 (xy+):   0 found -   0 modified     |    TOTAL:   0
pass   1 (xy-):   0 found -   0 modified     |    TOTAL:   0
pass   1 (yz+):   0 found -   0 modified     |    TOTAL:   0
pass   1 (yz-):   0 found -   0 modified     |    TOTAL:   0
pass   1 (xz+):   0 found -   0 modified     |    TOTAL:   0
pass   1 (xz-):   0 found -   0 modified     |    TOTAL:   0
Iteration Number : 5
pass   1 (+++):   0 found -   0 modified     |    TOTAL:   0
pass   1 (+++):   0 found -   0 modified     |    TOTAL:   0
pass   1 (+++):   0 found -   0 modified     |    TOTAL:   0
pass   1 (+++):   0 found -   0 modified     |    TOTAL:   0
Iteration Number : 5
pass   1 (++):   0 found -   0 modified     |    TOTAL:   0
pass   1 (+-):   0 found -   0 modified     |    TOTAL:   0
pass   1 (--):   0 found -   0 modified     |    TOTAL:   0
pass   1 (-+):   0 found -   0 modified     |    TOTAL:   0

Total Number of Modified Voxels = 898 (out of 444371: 0.202083)
binarizing input wm segmentation...
Ambiguous edge configurations... 

mri_pretess done

#--------------------------------------------
#@# Fill Sat Mar 14 11:36:24 CET 2026
/out/sourcedata/freesurfer/sub-v2s9x29163_ses-1/mri

 mri_fill -a ../scripts/ponscc.cut.log -xform transforms/talairach.lta -segmentation aseg.presurf.mgz -ctab /opt/freesurfer/SubCorticalMassLUT.txt wm.mgz filled.mgz 

logging cutting plane coordinates to ../scripts/ponscc.cut.log...
INFO: Using transforms/talairach.lta and its offset for Talairach volume ...
using segmentation aseg.presurf.mgz...
reading input volume...done.
searching for cutting planes...voxel to talairach voxel transform
 1.05910   0.07104   0.12813  -44.28366;
-0.18066   1.14006   0.41872  -54.13402;
-0.13840  -0.41865   0.99877   77.80050;
 0.00000   0.00000   0.00000   1.00000;
voxel to talairach voxel transform
 1.05910   0.07104   0.12813  -44.28366;
-0.18066   1.14006   0.41872  -54.13402;
-0.13840  -0.41865   0.99877   77.80050;
 0.00000   0.00000   0.00000   1.00000;
reading segmented volume aseg.presurf.mgz
removing CC from segmentation
Looking for area (min, max) = (350, 1400)
area[0] = 1262 (min = 350, max = 1400), aspect = 0.51 (min = 0.10, max = 0.75)
no need to search
using seed (125, 120, 149), TAL = (3.0, 21.0, 8.0)
talairach voxel to voxel transform
 0.91871  -0.08711  -0.08133   42.29575;
 0.08564   0.75201  -0.32626   69.88429;
 0.16321   0.30314   0.85320  -42.74229;
 0.00000   0.00000   0.00000   1.00000;
segmentation indicates cc at (125,  120,  149) --> (3.0, 21.0, 8.0)
done.
filling took 0.6 minutes
talairach cc position changed to (3.00, 21.00, 8.00)
Erasing brainstem...done.
seed_search_size = 9, min_neighbors = 5
search rh wm seed point around talairach space:(21.00, 21.00, 8.00) SRC: (118.02, 120.68, 138.22)
search lh wm seed point around talairach space (-15.00, 21.00, 8.00), SRC: (151.10, 123.76, 144.10)
compute mri_fill using aseg
Erasing Brain Stem and Cerebellum ...
Define left and right masks using aseg:
Building Voronoi diagram ...
Using the Voronoi diagram for separating WM into two hemispheres ...
Find the largest connected component for each hemisphere ...
Embedding colortable
mri_fill done, writing output to filled.mgz...
 cp filled.mgz filled.auto.mgz

Started at Sat Mar 14 10:42:07 CET 2026 
Ended   at Sat Mar 14 11:37:02 CET 2026
#@#%# recon-all-run-time-hours 0.915
recon-all -s sub-v2s9x29163_ses-1 finished without error at Sat Mar 14 11:37:02 CET 2026



#New# invocation of recon-all 




Sat Mar 14 12:19:43 CET 2026
cd /out/sourcedata/freesurfer/sub-v2s9x29163_ses-1
setenv SUBJECTS_DIR /out/sourcedata/freesurfer
/opt/freesurfer/bin/recon-all -parallel -subjid sub-v2s9x29163_ses-1 -sd /out/sourcedata/freesurfer -cortribbon

subjid sub-v2s9x29163_ses-1
setenv SUBJECTS_DIR /out/sourcedata/freesurfer
FREESURFER_HOME /opt/freesurfer
Actual FREESURFER_HOME /opt/freesurfer
build-stamp.txt: freesurfer-linux-ubuntu22_x86_64-7.3.2-20220804-6354275
Linux dna075 5.14.0-427.37.1.el9_4.x86_64 #1 SMP PREEMPT_DYNAMIC Fri Sep 13 12:41:50 EDT 2024 x86_64 x86_64 x86_64 GNU/Linux
cputime      unlimited
filesize     unlimited
datasize     unlimited
stacksize    8192 kbytes
coredumpsize 0 kbytes
memoryuse    67108864 kbytes
vmemoryuse   unlimited
descriptors  1024 
memorylocked unlimited
maxproc      2061970 
maxlocks     unlimited
maxsignal    2062029 
maxmessage   819200 
maxnice      0 
maxrtprio    0 
maxrttime    unlimited

               total        used        free      shared  buff/cache   available
Mem:           503Gi        49Gi       396Gi        10Gi        57Gi       440Gi
Swap:             0B          0B          0B

########################################
program versions used
7.3.2 (freesurfer-linux-ubuntu22_x86_64-7.3.2-20220804-6354275)
7.3.2

ProgramName: lta_convert  ProgramArguments: lta_convert -all-info  ProgramVersion: 7.3.2  TimeStamp: 2026/03/14-11:19:43-GMT  BuildTime: Aug  4 2022 06:17:15  BuildStamp: freesurfer-linux-ubuntu22_x86_64-7.3.2-20220804-6354275  User: oesteban  Machine: dna075  Platform: Linux  PlatformVersion: 5.14.0-427.37.1.el9_4.x86_64  CompilerName: GCC  CompilerVersion: 8.4.0
ProgramName: mri_and  ProgramArguments: mri_and -all-info  ProgramVersion: 7.3.2  TimeStamp: 2026/03/14-11:19:43-GMT  BuildTime: Aug  4 2022 06:17:15  BuildStamp: freesurfer-linux-ubuntu22_x86_64-7.3.2-20220804-6354275  User: oesteban  Machine: dna075  Platform: Linux  PlatformVersion: 5.14.0-427.37.1.el9_4.x86_64  CompilerName: GCC  CompilerVersion: 8.4.0
ProgramName: mri_annotation2label  ProgramArguments: mri_annotation2label -all-info  ProgramVersion: 7.3.2  TimeStamp: 2026/03/14-11:19:43-GMT  BuildTime: Aug  4 2022 06:17:15  BuildStamp: freesurfer-linux-ubuntu22_x86_64-7.3.2-20220804-6354275  User: oesteban  Machine: dna075  Platform: Linux  PlatformVersion: 5.14.0-427.37.1.el9_4.x86_64  CompilerName: GCC  CompilerVersion: 8.4.0
ProgramName: mri_aparc2aseg  ProgramArguments: mri_aparc2aseg -all-info  ProgramVersion: 7.3.2  TimeStamp: 2026/03/14-11:19:43-GMT  BuildTime: Aug  4 2022 06:17:15  BuildStamp: freesurfer-linux-ubuntu22_x86_64-7.3.2-20220804-6354275  User: oesteban  Machine: dna075  Platform: Linux  PlatformVersion: 5.14.0-427.37.1.el9_4.x86_64  CompilerName: GCC  CompilerVersion: 8.4.0
ProgramName: mri_surf2volseg  ProgramArguments: mri_surf2volseg -all-info  ProgramVersion: 7.3.2  TimeStamp: 2026/03/14-11:19:43-GMT  BuildTime: Aug  4 2022 06:17:15  BuildStamp: freesurfer-linux-ubuntu22_x86_64-7.3.2-20220804-6354275  User: oesteban  Machine: dna075  Platform: Linux  PlatformVersion: 5.14.0-427.37.1.el9_4.x86_64  CompilerName: GCC  CompilerVersion: 8.4.0
ProgramName: mri_binarize  ProgramArguments: mri_binarize -all-info  ProgramVersion: 7.3.2  TimeStamp: 2026/03/14-11:19:43-GMT  BuildTime: Aug  4 2022 06:17:15  BuildStamp: freesurfer-linux-ubuntu22_x86_64-7.3.2-20220804-6354275  User: oesteban  Machine: dna075  Platform: Linux  PlatformVersion: 5.14.0-427.37.1.el9_4.x86_64  CompilerName: GCC  CompilerVersion: 8.4.0
ProgramName: mri_ca_label  ProgramArguments: mri_ca_label -all-info  ProgramVersion: 7.3.2  TimeStamp: 2026/03/14-11:19:43-GMT  BuildTime: Aug  4 2022 06:17:15  BuildStamp: freesurfer-linux-ubuntu22_x86_64-7.3.2-20220804-6354275  User: oesteban  Machine: dna075  Platform: Linux  PlatformVersion: 5.14.0-427.37.1.el9_4.x86_64  CompilerName: GCC  CompilerVersion: 8.4.0
ProgramName: mri_ca_normalize  ProgramArguments: mri_ca_normalize -all-info  ProgramVersion: 7.3.2  TimeStamp: 2026/03/14-11:19:43-GMT  BuildTime: Aug  4 2022 06:17:15  BuildStamp: freesurfer-linux-ubuntu22_x86_64-7.3.2-20220804-6354275  User: oesteban  Machine: dna075  Platform: Linux  PlatformVersion: 5.14.0-427.37.1.el9_4.x86_64  CompilerName: GCC  CompilerVersion: 8.4.0
ProgramName: mri_ca_register  ProgramArguments: mri_ca_register -all-info  ProgramVersion: 7.3.2  TimeStamp: 2026/03/14-11:19:43-GMT  BuildTime: Aug  4 2022 06:17:15  BuildStamp: freesurfer-linux-ubuntu22_x86_64-7.3.2-20220804-6354275  User: oesteban  Machine: dna075  Platform: Linux  PlatformVersion: 5.14.0-427.37.1.el9_4.x86_64  CompilerName: GCC  CompilerVersion: 8.4.0
ProgramName: mri_cc  ProgramArguments: mri_cc -all-info  ProgramVersion: 7.3.2  TimeStamp: 2026/03/14-11:19:43-GMT  BuildTime: Aug  4 2022 06:17:15  BuildStamp: freesurfer-linux-ubuntu22_x86_64-7.3.2-20220804-6354275  User: oesteban  Machine: dna075  Platform: Linux  PlatformVersion: 5.14.0-427.37.1.el9_4.x86_64  CompilerName: GCC  CompilerVersion: 8.4.0
ProgramName: mri_compute_overlap  ProgramArguments: mri_compute_overlap -all-info  ProgramVersion: 7.3.2  TimeStamp: 2026/03/14-11:19:43-GMT  BuildTime: Aug  4 2022 06:17:15  BuildStamp: freesurfer-linux-ubuntu22_x86_64-7.3.2-20220804-6354275  User: oesteban  Machine: dna075  Platform: Linux  PlatformVersion: 5.14.0-427.37.1.el9_4.x86_64  CompilerName: GCC  CompilerVersion: 8.4.0
ProgramName: mri_compute_seg_overlap  ProgramArguments: mri_compute_seg_overlap -all-info  ProgramVersion: 7.3.2  TimeStamp: 2026/03/14-11:19:43-GMT  BuildTime: Aug  4 2022 06:17:15  BuildStamp: freesurfer-linux-ubuntu22_x86_64-7.3.2-20220804-6354275  User: oesteban  Machine: dna075  Platform: Linux  PlatformVersion: 5.14.0-427.37.1.el9_4.x86_64  CompilerName: GCC  CompilerVersion: 8.4.0
ProgramName: mri_concat  ProgramArguments: mri_concat -all-info  ProgramVersion: 7.3.2  TimeStamp: 2026/03/14-11:19:43-GMT  BuildTime: Aug  4 2022 06:17:15  BuildStamp: freesurfer-linux-ubuntu22_x86_64-7.3.2-20220804-6354275  User: oesteban  Machine: dna075  Platform: Linux  PlatformVersion: 5.14.0-427.37.1.el9_4.x86_64  CompilerName: GCC  CompilerVersion: 8.4.0
ProgramName: mri_concatenate_lta  ProgramArguments: mri_concatenate_lta -all-info  ProgramVersion: 7.3.2  TimeStamp: 2026/03/14-11:19:43-GMT  BuildTime: Aug  4 2022 06:17:15  BuildStamp: freesurfer-linux-ubuntu22_x86_64-7.3.2-20220804-6354275  User: oesteban  Machine: dna075  Platform: Linux  PlatformVersion: 5.14.0-427.37.1.el9_4.x86_64  CompilerName: GCC  CompilerVersion: 8.4.0
mri_convert -all-info 
ProgramName: mri_convert  ProgramArguments: mri_convert -all-info  ProgramVersion: 7.3.2  TimeStamp: 2026/03/14-11:19:43-GMT  BuildTime: Aug  4 2022 06:17:15  BuildStamp: freesurfer-linux-ubuntu22_x86_64-7.3.2-20220804-6354275  User: oesteban  Machine: dna075  Platform: Linux  PlatformVersion: 5.14.0-427.37.1.el9_4.x86_64  CompilerName: GCC  CompilerVersion: 8.4.0
ProgramName: mri_diff  ProgramArguments: mri_diff -all-info  ProgramVersion: 7.3.2  TimeStamp: 2026/03/14-11:19:43-GMT  BuildTime: Aug  4 2022 06:17:15  BuildStamp: freesurfer-linux-ubuntu22_x86_64-7.3.2-20220804-6354275  User: oesteban  Machine: dna075  Platform: Linux  PlatformVersion: 5.14.0-427.37.1.el9_4.x86_64  CompilerName: GCC  CompilerVersion: 8.4.0
ProgramName: mri_edit_wm_with_aseg  ProgramArguments: mri_edit_wm_with_aseg -all-info  ProgramVersion: 7.3.2  TimeStamp: 2026/03/14-11:19:43-GMT  BuildTime: Aug  4 2022 06:17:15  BuildStamp: freesurfer-linux-ubuntu22_x86_64-7.3.2-20220804-6354275  User: oesteban  Machine: dna075  Platform: Linux  PlatformVersion: 5.14.0-427.37.1.el9_4.x86_64  CompilerName: GCC  CompilerVersion: 8.4.0
ProgramName: mri_em_register  ProgramArguments: mri_em_register -all-info  ProgramVersion: 7.3.2  TimeStamp: 2026/03/14-11:19:43-GMT  BuildTime: Aug  4 2022 06:17:15  BuildStamp: freesurfer-linux-ubuntu22_x86_64-7.3.2-20220804-6354275  User: oesteban  Machine: dna075  Platform: Linux  PlatformVersion: 5.14.0-427.37.1.el9_4.x86_64  CompilerName: GCC  CompilerVersion: 8.4.0
ProgramName: mri_fill  ProgramArguments: mri_fill -all-info  ProgramVersion: 7.3.2  TimeStamp: 2026/03/14-11:19:43-GMT  BuildTime: Aug  4 2022 06:17:15  BuildStamp: freesurfer-linux-ubuntu22_x86_64-7.3.2-20220804-6354275  User: oesteban  Machine: dna075  Platform: Linux  PlatformVersion: 5.14.0-427.37.1.el9_4.x86_64  CompilerName: GCC  CompilerVersion: 8.4.0
ProgramName: mri_fuse_segmentations  ProgramArguments: mri_fuse_segmentations -all-info  ProgramVersion: 7.3.2  TimeStamp: 2026/03/14-11:19:43-GMT  BuildTime: Aug  4 2022 06:17:15  BuildStamp: freesurfer-linux-ubuntu22_x86_64-7.3.2-20220804-6354275  User: oesteban  Machine: dna075  Platform: Linux  PlatformVersion: 5.14.0-427.37.1.el9_4.x86_64  CompilerName: GCC  CompilerVersion: 8.4.0
ProgramName: mri_fwhm  ProgramArguments: mri_fwhm -all-info  ProgramVersion: 7.3.2  TimeStamp: 2026/03/14-11:19:43-GMT  BuildTime: Aug  4 2022 06:17:15  BuildStamp: freesurfer-linux-ubuntu22_x86_64-7.3.2-20220804-6354275  User: oesteban  Machine: dna075  Platform: Linux  PlatformVersion: 5.14.0-427.37.1.el9_4.x86_64  CompilerName: GCC  CompilerVersion: 8.4.0
ProgramName: mri_gcut  ProgramArguments: mri_gcut -all-info  ProgramVersion: 7.3.2  TimeStamp: 2026/03/14-11:19:43-GMT  BuildTime: Aug  4 2022 06:17:15  BuildStamp: freesurfer-linux-ubuntu22_x86_64-7.3.2-20220804-6354275  User: oesteban  Machine: dna075  Platform: Linux  PlatformVersion: 5.14.0-427.37.1.el9_4.x86_64  CompilerName: GCC  CompilerVersion: 8.4.0
ProgramName: mri_info  ProgramArguments: mri_info -all-info  ProgramVersion: 7.3.2  TimeStamp: 2026/03/14-11:19:43-GMT  BuildTime: Aug  4 2022 06:17:15  BuildStamp: freesurfer-linux-ubuntu22_x86_64-7.3.2-20220804-6354275  User: oesteban  Machine: dna075  Platform: Linux  PlatformVersion: 5.14.0-427.37.1.el9_4.x86_64  CompilerName: GCC  CompilerVersion: 8.4.0
ProgramName: mri_label2label  ProgramArguments: mri_label2label -all-info  ProgramVersion: 7.3.2  TimeStamp: 2026/03/14-11:19:43-GMT  BuildTime: Aug  4 2022 06:17:15  BuildStamp: freesurfer-linux-ubuntu22_x86_64-7.3.2-20220804-6354275  User: oesteban  Machine: dna075  Platform: Linux  PlatformVersion: 5.14.0-427.37.1.el9_4.x86_64  CompilerName: GCC  CompilerVersion: 8.4.0
ProgramName: mri_label2vol  ProgramArguments: mri_label2vol -all-info  ProgramVersion: 7.3.2  TimeStamp: 2026/03/14-11:19:43-GMT  BuildTime: Aug  4 2022 06:17:15  BuildStamp: freesurfer-linux-ubuntu22_x86_64-7.3.2-20220804-6354275  User: oesteban  Machine: dna075  Platform: Linux  PlatformVersion: 5.14.0-427.37.1.el9_4.x86_64  CompilerName: GCC  CompilerVersion: 8.4.0
ProgramName: mri_log_likelihood  ProgramArguments: mri_log_likelihood -all-info  ProgramVersion: 7.3.2  TimeStamp: 2026/03/14-11:19:43-GMT  BuildTime: Aug  4 2022 06:17:15  BuildStamp: freesurfer-linux-ubuntu22_x86_64-7.3.2-20220804-6354275  User: oesteban  Machine: dna075  Platform: Linux  PlatformVersion: 5.14.0-427.37.1.el9_4.x86_64  CompilerName: GCC  CompilerVersion: 8.4.0
ProgramName: mri_mask  ProgramArguments: mri_mask -all-info  ProgramVersion: 7.3.2  TimeStamp: 2026/03/14-11:19:43-GMT  BuildTime: Aug  4 2022 06:17:15  BuildStamp: freesurfer-linux-ubuntu22_x86_64-7.3.2-20220804-6354275  User: oesteban  Machine: dna075  Platform: Linux  PlatformVersion: 5.14.0-427.37.1.el9_4.x86_64  CompilerName: GCC  CompilerVersion: 8.4.0
ProgramName: mri_matrix_multiply  ProgramArguments: mri_matrix_multiply -all-info  ProgramVersion: 7.3.2  TimeStamp: 2026/03/14-11:19:43-GMT  BuildTime: Aug  4 2022 06:17:15  BuildStamp: freesurfer-linux-ubuntu22_x86_64-7.3.2-20220804-6354275  User: oesteban  Machine: dna075  Platform: Linux  PlatformVersion: 5.14.0-427.37.1.el9_4.x86_64  CompilerName: GCC  CompilerVersion: 8.4.0
ProgramName: mri_normalize  ProgramArguments: mri_normalize -all-info  ProgramVersion: 7.3.2  TimeStamp: 2026/03/14-11:19:43-GMT  BuildTime: Aug  4 2022 06:17:15  BuildStamp: freesurfer-linux-ubuntu22_x86_64-7.3.2-20220804-6354275  User: oesteban  Machine: dna075  Platform: Linux  PlatformVersion: 5.14.0-427.37.1.el9_4.x86_64  CompilerName: GCC  CompilerVersion: 8.4.0
ProgramName: mri_normalize_tp2  ProgramArguments: mri_normalize_tp2 -all-info  ProgramVersion: 7.3.2  TimeStamp: 2026/03/14-11:19:43-GMT  BuildTime: Aug  4 2022 06:17:15  BuildStamp: freesurfer-linux-ubuntu22_x86_64-7.3.2-20220804-6354275  User: oesteban  Machine: dna075  Platform: Linux  PlatformVersion: 5.14.0-427.37.1.el9_4.x86_64  CompilerName: GCC  CompilerVersion: 8.4.0
ProgramName: mri_or  ProgramArguments: mri_or -all-info  ProgramVersion: 7.3.2  TimeStamp: 2026/03/14-11:19:43-GMT  BuildTime: Aug  4 2022 06:17:15  BuildStamp: freesurfer-linux-ubuntu22_x86_64-7.3.2-20220804-6354275  User: oesteban  Machine: dna075  Platform: Linux  PlatformVersion: 5.14.0-427.37.1.el9_4.x86_64  CompilerName: GCC  CompilerVersion: 8.4.0
ProgramName: mri_relabel_hypointensities  ProgramArguments: mri_relabel_hypointensities -all-info  ProgramVersion: 7.3.2  TimeStamp: 2026/03/14-11:19:43-GMT  BuildTime: Aug  4 2022 06:17:15  BuildStamp: freesurfer-linux-ubuntu22_x86_64-7.3.2-20220804-6354275  User: oesteban  Machine: dna075  Platform: Linux  PlatformVersion: 5.14.0-427.37.1.el9_4.x86_64  CompilerName: GCC  CompilerVersion: 8.4.0
ProgramName: mri_relabel_nonwm_hypos  ProgramArguments: mri_relabel_nonwm_hypos -all-info  ProgramVersion: 7.3.2  TimeStamp: 2026/03/14-11:19:43-GMT  BuildTime: Aug  4 2022 06:17:15  BuildStamp: freesurfer-linux-ubuntu22_x86_64-7.3.2-20220804-6354275  User: oesteban  Machine: dna075  Platform: Linux  PlatformVersion: 5.14.0-427.37.1.el9_4.x86_64  CompilerName: GCC  CompilerVersion: 8.4.0
ProgramName: mri_remove_neck  ProgramArguments: mri_remove_neck -all-info  ProgramVersion: 7.3.2  TimeStamp: 2026/03/14-11:19:43-GMT  BuildTime: Aug  4 2022 06:17:15  BuildStamp: freesurfer-linux-ubuntu22_x86_64-7.3.2-20220804-6354275  User: oesteban  Machine: dna075  Platform: Linux  PlatformVersion: 5.14.0-427.37.1.el9_4.x86_64  CompilerName: GCC  CompilerVersion: 8.4.0
7.3.2

ProgramName: mri_robust_register  ProgramArguments: mri_robust_register -all-info  ProgramVersion: 7.3.2  TimeStamp: 2026/03/14-11:19:43-GMT  BuildTime: Aug  4 2022 06:17:15  BuildStamp: freesurfer-linux-ubuntu22_x86_64-7.3.2-20220804-6354275  User: oesteban  Machine: dna075  Platform: Linux  PlatformVersion: 5.14.0-427.37.1.el9_4.x86_64  CompilerName: GCC  CompilerVersion: 8.4.0
7.3.2

ProgramName: mri_robust_template  ProgramArguments: mri_robust_template -all-info  ProgramVersion: 7.3.2  TimeStamp: 2026/03/14-11:19:43-GMT  BuildTime: Aug  4 2022 06:17:15  BuildStamp: freesurfer-linux-ubuntu22_x86_64-7.3.2-20220804-6354275  User: oesteban  Machine: dna075  Platform: Linux  PlatformVersion: 5.14.0-427.37.1.el9_4.x86_64  CompilerName: GCC  CompilerVersion: 8.4.0
ProgramName: mris_anatomical_stats  ProgramArguments: mris_anatomical_stats -all-info  ProgramVersion: 7.3.2  TimeStamp: 2026/03/14-11:19:43-GMT  BuildTime: Aug  4 2022 06:17:15  BuildStamp: freesurfer-linux-ubuntu22_x86_64-7.3.2-20220804-6354275  User: oesteban  Machine: dna075  Platform: Linux  PlatformVersion: 5.14.0-427.37.1.el9_4.x86_64  CompilerName: GCC  CompilerVersion: 8.4.0
ProgramName: mris_ca_label  ProgramArguments: mris_ca_label -all-info  ProgramVersion: 7.3.2  TimeStamp: 2026/03/14-11:19:43-GMT  BuildTime: Aug  4 2022 06:17:15  BuildStamp: freesurfer-linux-ubuntu22_x86_64-7.3.2-20220804-6354275  User: oesteban  Machine: dna075  Platform: Linux  PlatformVersion: 5.14.0-427.37.1.el9_4.x86_64  CompilerName: GCC  CompilerVersion: 8.4.0
ProgramName: mris_calc  ProgramArguments: mris_calc -all-info  ProgramVersion: 7.3.2  TimeStamp: 2026/03/14-11:19:43-GMT  BuildTime: Aug  4 2022 06:17:15  BuildStamp: freesurfer-linux-ubuntu22_x86_64-7.3.2-20220804-6354275  User: oesteban  Machine: dna075  Platform: Linux  PlatformVersion: 5.14.0-427.37.1.el9_4.x86_64  CompilerName: GCC  CompilerVersion: 8.4.0
ProgramName: mris_convert  ProgramArguments: mris_convert -all-info  ProgramVersion: 7.3.2  TimeStamp: 2026/03/14-11:19:43-GMT  BuildTime: Aug  4 2022 06:17:15  BuildStamp: freesurfer-linux-ubuntu22_x86_64-7.3.2-20220804-6354275  User: oesteban  Machine: dna075  Platform: Linux  PlatformVersion: 5.14.0-427.37.1.el9_4.x86_64  CompilerName: GCC  CompilerVersion: 8.4.0
ProgramName: mris_curvature  ProgramArguments: mris_curvature -all-info  ProgramVersion: 7.3.2  TimeStamp: 2026/03/14-11:19:43-GMT  BuildTime: Aug  4 2022 06:17:15  BuildStamp: freesurfer-linux-ubuntu22_x86_64-7.3.2-20220804-6354275  User: oesteban  Machine: dna075  Platform: Linux  PlatformVersion: 5.14.0-427.37.1.el9_4.x86_64  CompilerName: GCC  CompilerVersion: 8.4.0
ProgramName: mris_curvature_stats  ProgramArguments: mris_curvature_stats -all-info  ProgramVersion: 7.3.2  TimeStamp: 2026/03/14-11:19:43-GMT  BuildTime: Aug  4 2022 06:17:15  BuildStamp: freesurfer-linux-ubuntu22_x86_64-7.3.2-20220804-6354275  User: oesteban  Machine: dna075  Platform: Linux  PlatformVersion: 5.14.0-427.37.1.el9_4.x86_64  CompilerName: GCC  CompilerVersion: 8.4.0
ProgramName: mris_diff  ProgramArguments: mris_diff -all-info  ProgramVersion: 7.3.2  TimeStamp: 2026/03/14-11:19:43-GMT  BuildTime: Aug  4 2022 06:17:15  BuildStamp: freesurfer-linux-ubuntu22_x86_64-7.3.2-20220804-6354275  User: oesteban  Machine: dna075  Platform: Linux  PlatformVersion: 5.14.0-427.37.1.el9_4.x86_64  CompilerName: GCC  CompilerVersion: 8.4.0
ProgramName: mris_divide_parcellation  ProgramArguments: mris_divide_parcellation -all-info  ProgramVersion: 7.3.2  TimeStamp: 2026/03/14-11:19:43-GMT  BuildTime: Aug  4 2022 06:17:15  BuildStamp: freesurfer-linux-ubuntu22_x86_64-7.3.2-20220804-6354275  User: oesteban  Machine: dna075  Platform: Linux  PlatformVersion: 5.14.0-427.37.1.el9_4.x86_64  CompilerName: GCC  CompilerVersion: 8.4.0
ProgramName: mri_segment  ProgramArguments: mri_segment -all-info  ProgramVersion: 7.3.2  TimeStamp: 2026/03/14-11:19:43-GMT  BuildTime: Aug  4 2022 06:17:15  BuildStamp: freesurfer-linux-ubuntu22_x86_64-7.3.2-20220804-6354275  User: oesteban  Machine: dna075  Platform: Linux  PlatformVersion: 5.14.0-427.37.1.el9_4.x86_64  CompilerName: GCC  CompilerVersion: 8.4.0
ProgramName: mri_segstats  ProgramArguments: mri_segstats -all-info  ProgramVersion: 7.3.2  TimeStamp: 2026/03/14-11:19:43-GMT  BuildTime: Aug  4 2022 06:17:15  BuildStamp: freesurfer-linux-ubuntu22_x86_64-7.3.2-20220804-6354275  User: oesteban  Machine: dna075  Platform: Linux  PlatformVersion: 5.14.0-427.37.1.el9_4.x86_64  CompilerName: GCC  CompilerVersion: 8.4.0
ProgramName: mris_euler_number  ProgramArguments: mris_euler_number -all-info  ProgramVersion: 7.3.2  TimeStamp: 2026/03/14-11:19:43-GMT  BuildTime: Aug  4 2022 06:17:15  BuildStamp: freesurfer-linux-ubuntu22_x86_64-7.3.2-20220804-6354275  User: oesteban  Machine: dna075  Platform: Linux  PlatformVersion: 5.14.0-427.37.1.el9_4.x86_64  CompilerName: GCC  CompilerVersion: 8.4.0
ProgramName: mris_fix_topology  ProgramArguments: mris_fix_topology -all-info  ProgramVersion: 7.3.2  TimeStamp: 2026/03/14-11:19:43-GMT  BuildTime: Aug  4 2022 06:17:15  BuildStamp: freesurfer-linux-ubuntu22_x86_64-7.3.2-20220804-6354275  User: oesteban  Machine: dna075  Platform: Linux  PlatformVersion: 5.14.0-427.37.1.el9_4.x86_64  CompilerName: GCC  CompilerVersion: 8.4.0
ProgramName: mris_topo_fixer  ProgramArguments: mris_topo_fixer -all-info  ProgramVersion: 7.3.2  TimeStamp: 2026/03/14-11:19:43-GMT  BuildTime: Aug  4 2022 06:17:15  BuildStamp: freesurfer-linux-ubuntu22_x86_64-7.3.2-20220804-6354275  User: oesteban  Machine: dna075  Platform: Linux  PlatformVersion: 5.14.0-427.37.1.el9_4.x86_64  CompilerName: GCC  CompilerVersion: 8.4.0
ProgramName: mris_jacobian  ProgramArguments: mris_jacobian -all-info  ProgramVersion: 7.3.2  TimeStamp: 2026/03/14-11:19:43-GMT  BuildTime: Aug  4 2022 06:17:15  BuildStamp: freesurfer-linux-ubuntu22_x86_64-7.3.2-20220804-6354275  User: oesteban  Machine: dna075  Platform: Linux  PlatformVersion: 5.14.0-427.37.1.el9_4.x86_64  CompilerName: GCC  CompilerVersion: 8.4.0
ProgramName: mris_label2annot  ProgramArguments: mris_label2annot -all-info  ProgramVersion: 7.3.2  TimeStamp: 2026/03/14-11:19:43-GMT  BuildTime: Aug  4 2022 06:17:15  BuildStamp: freesurfer-linux-ubuntu22_x86_64-7.3.2-20220804-6354275  User: oesteban  Machine: dna075  Platform: Linux  PlatformVersion: 5.14.0-427.37.1.el9_4.x86_64  CompilerName: GCC  CompilerVersion: 8.4.0
ProgramName: mris_left_right_register  ProgramArguments: mris_left_right_register -all-info  ProgramVersion: 7.3.2  TimeStamp: 2026/03/14-11:19:43-GMT  BuildTime: Aug  4 2022 06:17:15  BuildStamp: freesurfer-linux-ubuntu22_x86_64-7.3.2-20220804-6354275  User: oesteban  Machine: dna075  Platform: Linux  PlatformVersion: 5.14.0-427.37.1.el9_4.x86_64  CompilerName: GCC  CompilerVersion: 8.4.0
ProgramName: mris_place_surface  ProgramArguments: mris_place_surface -all-info  ProgramVersion: 7.3.2  TimeStamp: 2026/03/14-11:19:43-GMT  BuildTime: Aug  4 2022 06:17:15  BuildStamp: freesurfer-linux-ubuntu22_x86_64-7.3.2-20220804-6354275  User: oesteban  Machine: dna075  Platform: Linux  PlatformVersion: 5.14.0-427.37.1.el9_4.x86_64  CompilerName: GCC  CompilerVersion: 8.4.0
ProgramName: mrisp_paint  ProgramArguments: mrisp_paint -all-info  ProgramVersion: 7.3.2  TimeStamp: 2026/03/14-11:19:43-GMT  BuildTime: Aug  4 2022 06:17:15  BuildStamp: freesurfer-linux-ubuntu22_x86_64-7.3.2-20220804-6354275  User: oesteban  Machine: dna075  Platform: Linux  PlatformVersion: 5.14.0-427.37.1.el9_4.x86_64  CompilerName: GCC  CompilerVersion: 8.4.0
ProgramName: mris_register  ProgramArguments: mris_register -all-info  ProgramVersion: 7.3.2  TimeStamp: 2026/03/14-11:19:43-GMT  BuildTime: Aug  4 2022 06:17:15  BuildStamp: freesurfer-linux-ubuntu22_x86_64-7.3.2-20220804-6354275  User: oesteban  Machine: dna075  Platform: Linux  PlatformVersion: 5.14.0-427.37.1.el9_4.x86_64  CompilerName: GCC  CompilerVersion: 8.4.0
ProgramName: mris_smooth  ProgramArguments: mris_smooth -all-info  ProgramVersion: 7.3.2  TimeStamp: 2026/03/14-11:19:43-GMT  BuildTime: Aug  4 2022 06:17:15  BuildStamp: freesurfer-linux-ubuntu22_x86_64-7.3.2-20220804-6354275  User: oesteban  Machine: dna075  Platform: Linux  PlatformVersion: 5.14.0-427.37.1.el9_4.x86_64  CompilerName: GCC  CompilerVersion: 8.4.0
ProgramName: mris_sphere  ProgramArguments: mris_sphere -all-info  ProgramVersion: 7.3.2  TimeStamp: 2026/03/14-11:19:43-GMT  BuildTime: Aug  4 2022 06:17:15  BuildStamp: freesurfer-linux-ubuntu22_x86_64-7.3.2-20220804-6354275  User: oesteban  Machine: dna075  Platform: Linux  PlatformVersion: 5.14.0-427.37.1.el9_4.x86_64  CompilerName: GCC  CompilerVersion: 8.4.0
ProgramName: mris_surface_stats  ProgramArguments: mris_surface_stats -all-info  ProgramVersion: 7.3.2  TimeStamp: 2026/03/14-11:19:43-GMT  BuildTime: Aug  4 2022 06:17:15  BuildStamp: freesurfer-linux-ubuntu22_x86_64-7.3.2-20220804-6354275  User: oesteban  Machine: dna075  Platform: Linux  PlatformVersion: 5.14.0-427.37.1.el9_4.x86_64  CompilerName: GCC  CompilerVersion: 8.4.0
ProgramName: mri_stats2seg  ProgramArguments: mri_stats2seg -all-info  ProgramVersion: 7.3.2  TimeStamp: 2026/03/14-11:19:43-GMT  BuildTime: Aug  4 2022 06:17:15  BuildStamp: freesurfer-linux-ubuntu22_x86_64-7.3.2-20220804-6354275  User: oesteban  Machine: dna075  Platform: Linux  PlatformVersion: 5.14.0-427.37.1.el9_4.x86_64  CompilerName: GCC  CompilerVersion: 8.4.0
ProgramName: mris_thickness  ProgramArguments: mris_thickness -all-info  ProgramVersion: 7.3.2  TimeStamp: 2026/03/14-11:19:43-GMT  BuildTime: Aug  4 2022 06:17:15  BuildStamp: freesurfer-linux-ubuntu22_x86_64-7.3.2-20220804-6354275  User: oesteban  Machine: dna075  Platform: Linux  PlatformVersion: 5.14.0-427.37.1.el9_4.x86_64  CompilerName: GCC  CompilerVersion: 8.4.0
ProgramName: mris_thickness_diff  ProgramArguments: mris_thickness_diff -all-info  ProgramVersion: 7.3.2  TimeStamp: 2026/03/14-11:19:43-GMT  BuildTime: Aug  4 2022 06:17:15  BuildStamp: freesurfer-linux-ubuntu22_x86_64-7.3.2-20220804-6354275  User: oesteban  Machine: dna075  Platform: Linux  PlatformVersion: 5.14.0-427.37.1.el9_4.x86_64  CompilerName: GCC  CompilerVersion: 8.4.0
ProgramName: mris_topo_fixer  ProgramArguments: mris_topo_fixer -all-info  ProgramVersion: 7.3.2  TimeStamp: 2026/03/14-11:19:43-GMT  BuildTime: Aug  4 2022 06:17:15  BuildStamp: freesurfer-linux-ubuntu22_x86_64-7.3.2-20220804-6354275  User: oesteban  Machine: dna075  Platform: Linux  PlatformVersion: 5.14.0-427.37.1.el9_4.x86_64  CompilerName: GCC  CompilerVersion: 8.4.0
ProgramName: mri_surf2surf  ProgramArguments: mri_surf2surf -all-info  ProgramVersion: 7.3.2  TimeStamp: 2026/03/14-11:19:43-GMT  BuildTime: Aug  4 2022 06:17:15  BuildStamp: freesurfer-linux-ubuntu22_x86_64-7.3.2-20220804-6354275  User: oesteban  Machine: dna075  Platform: Linux  PlatformVersion: 5.14.0-427.37.1.el9_4.x86_64  CompilerName: GCC  CompilerVersion: 8.4.0
ProgramName: mri_surf2vol  ProgramArguments: mri_surf2vol -all-info  ProgramVersion: 7.3.2  TimeStamp: 2026/03/14-11:19:43-GMT  BuildTime: Aug  4 2022 06:17:15  BuildStamp: freesurfer-linux-ubuntu22_x86_64-7.3.2-20220804-6354275  User: oesteban  Machine: dna075  Platform: Linux  PlatformVersion: 5.14.0-427.37.1.el9_4.x86_64  CompilerName: GCC  CompilerVersion: 8.4.0
ProgramName: mri_surfcluster  ProgramArguments: mri_surfcluster -all-info  ProgramVersion: 7.3.2  TimeStamp: 2026/03/14-11:19:43-GMT  BuildTime: Aug  4 2022 06:17:15  BuildStamp: freesurfer-linux-ubuntu22_x86_64-7.3.2-20220804-6354275  User: oesteban  Machine: dna075  Platform: Linux  PlatformVersion: 5.14.0-427.37.1.el9_4.x86_64  CompilerName: GCC  CompilerVersion: 8.4.0
ProgramName: mris_volmask  ProgramArguments: mris_volmask -all-info  ProgramVersion: 7.3.2  TimeStamp: 2026/03/14-11:19:43-GMT  BuildTime: Aug  4 2022 06:17:15  BuildStamp: freesurfer-linux-ubuntu22_x86_64-7.3.2-20220804-6354275  User: oesteban  Machine: dna075  Platform: Linux  PlatformVersion: 5.14.0-427.37.1.el9_4.x86_64  CompilerName: GCC  CompilerVersion: 8.4.0
ProgramName: mri_tessellate  ProgramArguments: mri_tessellate -all-info  ProgramVersion: 7.3.2  TimeStamp: 2026/03/14-11:19:43-GMT  BuildTime: Aug  4 2022 06:17:15  BuildStamp: freesurfer-linux-ubuntu22_x86_64-7.3.2-20220804-6354275  User: oesteban  Machine: dna075  Platform: Linux  PlatformVersion: 5.14.0-427.37.1.el9_4.x86_64  CompilerName: GCC  CompilerVersion: 8.4.0
ProgramName: mri_vol2surf  ProgramArguments: mri_vol2surf -all-info  ProgramVersion: 7.3.2  TimeStamp: 2026/03/14-11:19:43-GMT  BuildTime: Aug  4 2022 06:17:15  BuildStamp: freesurfer-linux-ubuntu22_x86_64-7.3.2-20220804-6354275  User: oesteban  Machine: dna075  Platform: Linux  PlatformVersion: 5.14.0-427.37.1.el9_4.x86_64  CompilerName: GCC  CompilerVersion: 8.4.0
ProgramName: mri_vol2vol  ProgramArguments: mri_vol2vol -all-info  ProgramVersion: 7.3.2  TimeStamp: 2026/03/14-11:19:43-GMT  BuildTime: Aug  4 2022 06:17:15  BuildStamp: freesurfer-linux-ubuntu22_x86_64-7.3.2-20220804-6354275  User: oesteban  Machine: dna075  Platform: Linux  PlatformVersion: 5.14.0-427.37.1.el9_4.x86_64  CompilerName: GCC  CompilerVersion: 8.4.0
ProgramName: mri_voldiff  ProgramArguments: mri_voldiff -all-info  ProgramVersion: 7.3.2  TimeStamp: 2026/03/14-11:19:43-GMT  BuildTime: Aug  4 2022 06:17:15  BuildStamp: freesurfer-linux-ubuntu22_x86_64-7.3.2-20220804-6354275  User: oesteban  Machine: dna075  Platform: Linux  PlatformVersion: 5.14.0-427.37.1.el9_4.x86_64  CompilerName: GCC  CompilerVersion: 8.4.0
ProgramName: mri_watershed  ProgramArguments: mri_watershed -all-info  ProgramVersion: 7.3.2  TimeStamp: 2026/03/14-11:19:43-GMT  BuildTime: Aug  4 2022 06:17:15  BuildStamp: freesurfer-linux-ubuntu22_x86_64-7.3.2-20220804-6354275  User: oesteban  Machine: dna075  Platform: Linux  PlatformVersion: 5.14.0-427.37.1.el9_4.x86_64  CompilerName: GCC  CompilerVersion: 8.4.0
ProgramName: tkregister2  ProgramArguments: tkregister2_cmdl -all-info  ProgramVersion: 7.3.2  TimeStamp: 2026/03/14-11:19:43-GMT  BuildTime: Aug  4 2022 06:17:15  BuildStamp: freesurfer-linux-ubuntu22_x86_64-7.3.2-20220804-6354275  User: oesteban  Machine: dna075  Platform: Linux  PlatformVersion: 5.14.0-427.37.1.el9_4.x86_64  CompilerName: GCC  CompilerVersion: 8.4.0
mri_motion_correct.fsl 7.3.2
mri_convert -all-info 
ProgramName: mri_convert  ProgramArguments: mri_convert -all-info  ProgramVersion: 7.3.2  TimeStamp: 2026/03/14-11:19:43-GMT  BuildTime: Aug  4 2022 06:17:15  BuildStamp: freesurfer-linux-ubuntu22_x86_64-7.3.2-20220804-6354275  User: oesteban  Machine: dna075  Platform: Linux  PlatformVersion: 5.14.0-427.37.1.el9_4.x86_64  CompilerName: GCC  CompilerVersion: 8.4.0
Program nu_correct, built from:
Package MNI N3, version 1.12.0, compiled by nicks@terrier (x86_64-unknown-linux-gnu) on 2015-06-19 at 01:25:34
#######################################
GCADIR /opt/freesurfer/average
GCA RB_all_2020-01-02.gca
GCASkull RB_all_withskull_2020_01_02.gca
AvgCurvTif folding.atlas.acfb40.noaparc.i12.2016-08-02.tif
GCSDIR /opt/freesurfer/average
GCS DKaparc.atlas.acfb40.noaparc.i12.2016-08-02.gcs
#######################################
#@# white curv lh Sat Mar 14 12:19:44 CET 2026
cd /out/sourcedata/freesurfer/sub-v2s9x29163_ses-1/mri
mris_place_surface --curv-map ../surf/lh.white 2 10 ../surf/lh.curv
   Update not needed
#@# white area lh Sat Mar 14 12:19:44 CET 2026
cd /out/sourcedata/freesurfer/sub-v2s9x29163_ses-1/mri
mris_place_surface --area-map ../surf/lh.white ../surf/lh.area
   Update not needed
#@# pial curv lh Sat Mar 14 12:19:44 CET 2026
cd /out/sourcedata/freesurfer/sub-v2s9x29163_ses-1/mri
mris_place_surface --curv-map ../surf/lh.pial 2 10 ../surf/lh.curv.pial
   Update not needed
#@# pial area lh Sat Mar 14 12:19:44 CET 2026
cd /out/sourcedata/freesurfer/sub-v2s9x29163_ses-1/mri
mris_place_surface --area-map ../surf/lh.pial ../surf/lh.area.pial
   Update not needed
#@# thickness lh Sat Mar 14 12:19:44 CET 2026
cd /out/sourcedata/freesurfer/sub-v2s9x29163_ses-1/mri
mris_place_surface --thickness ../surf/lh.white ../surf/lh.pial 20 5 ../surf/lh.thickness
   Update not needed
#@# area and vertex vol lh Sat Mar 14 12:19:44 CET 2026
cd /out/sourcedata/freesurfer/sub-v2s9x29163_ses-1/mri
mris_place_surface --thickness ../surf/lh.white ../surf/lh.pial 20 5 ../surf/lh.thickness
   Update not needed
#@# white curv rh Sat Mar 14 12:19:44 CET 2026
cd /out/sourcedata/freesurfer/sub-v2s9x29163_ses-1/mri
mris_place_surface --curv-map ../surf/rh.white 2 10 ../surf/rh.curv
   Update not needed
#@# white area rh Sat Mar 14 12:19:44 CET 2026
cd /out/sourcedata/freesurfer/sub-v2s9x29163_ses-1/mri
mris_place_surface --area-map ../surf/rh.white ../surf/rh.area
   Update not needed
#@# pial curv rh Sat Mar 14 12:19:44 CET 2026
cd /out/sourcedata/freesurfer/sub-v2s9x29163_ses-1/mri
mris_place_surface --curv-map ../surf/rh.pial 2 10 ../surf/rh.curv.pial
   Update not needed
#@# pial area rh Sat Mar 14 12:19:44 CET 2026
cd /out/sourcedata/freesurfer/sub-v2s9x29163_ses-1/mri
mris_place_surface --area-map ../surf/rh.pial ../surf/rh.area.pial
   Update not needed
#@# thickness rh Sat Mar 14 12:19:44 CET 2026
cd /out/sourcedata/freesurfer/sub-v2s9x29163_ses-1/mri
mris_place_surface --thickness ../surf/rh.white ../surf/rh.pial 20 5 ../surf/rh.thickness
   Update not needed
#@# area and vertex vol rh Sat Mar 14 12:19:44 CET 2026
cd /out/sourcedata/freesurfer/sub-v2s9x29163_ses-1/mri
mris_place_surface --thickness ../surf/rh.white ../surf/rh.pial 20 5 ../surf/rh.thickness
   Update not needed
#--------------------------------------------
#@# Cortical ribbon mask Sat Mar 14 12:19:44 CET 2026
/out/sourcedata/freesurfer/sub-v2s9x29163_ses-1/mri

 mris_volmask --aseg_name aseg.presurf --label_left_white 2 --label_left_ribbon 3 --label_right_white 41 --label_right_ribbon 42 --save_ribbon sub-v2s9x29163_ses-1 

SUBJECTS_DIR is /out/sourcedata/freesurfer
loading input data...
Running hemis serially
Processing left hemi
computing distance to left white surface 
computing distance to left pial surface 
Processing right hemi
computing distance to right white surface 
computing distance to right pial surface 
 hemi masks overlap voxels = 235
writing volume /out/sourcedata/freesurfer/sub-v2s9x29163_ses-1/mri/ribbon.mgz
mris_volmask took 2.69 minutes
 writing ribbon files

Started at Sat Mar 14 12:19:43 CET 2026 
Ended   at Sat Mar 14 12:22:25 CET 2026
#@#%# recon-all-run-time-hours 0.045
recon-all -s sub-v2s9x29163_ses-1 finished without error at Sat Mar 14 12:22:25 CET 2026



#New# invocation of recon-all 




Sat Mar 14 12:26:31 CET 2026
cd /out/sourcedata/freesurfer/sub-v2s9x29163_ses-1
setenv SUBJECTS_DIR /out/sourcedata/freesurfer
/opt/freesurfer/bin/recon-all -autorecon3 -openmp 16 -subjid sub-v2s9x29163_ses-1 -sd /out/sourcedata/freesurfer -nosphere -nosurfreg -nojacobian_white -noavgcurv -nocortparc -nopial -noparcstats -nocortparc2 -noparcstats2 -nocortparc3 -noparcstats3 -nopctsurfcon -nocortribbon -nobalabels

subjid sub-v2s9x29163_ses-1
setenv SUBJECTS_DIR /out/sourcedata/freesurfer
FREESURFER_HOME /opt/freesurfer
Actual FREESURFER_HOME /opt/freesurfer
build-stamp.txt: freesurfer-linux-ubuntu22_x86_64-7.3.2-20220804-6354275
Linux dna075 5.14.0-427.37.1.el9_4.x86_64 #1 SMP PREEMPT_DYNAMIC Fri Sep 13 12:41:50 EDT 2024 x86_64 x86_64 x86_64 GNU/Linux
cputime      unlimited
filesize     unlimited
datasize     unlimited
stacksize    8192 kbytes
coredumpsize 0 kbytes
memoryuse    67108864 kbytes
vmemoryuse   unlimited
descriptors  1024 
memorylocked unlimited
maxproc      2061970 
maxlocks     unlimited
maxsignal    2062029 
maxmessage   819200 
maxnice      0 
maxrtprio    0 
maxrttime    unlimited

               total        used        free      shared  buff/cache   available
Mem:           503Gi        50Gi       396Gi        10Gi        57Gi       439Gi
Swap:             0B          0B          0B

########################################
program versions used
7.3.2 (freesurfer-linux-ubuntu22_x86_64-7.3.2-20220804-6354275)
7.3.2

ProgramName: lta_convert  ProgramArguments: lta_convert -all-info  ProgramVersion: 7.3.2  TimeStamp: 2026/03/14-11:26:31-GMT  BuildTime: Aug  4 2022 06:17:15  BuildStamp: freesurfer-linux-ubuntu22_x86_64-7.3.2-20220804-6354275  User: oesteban  Machine: dna075  Platform: Linux  PlatformVersion: 5.14.0-427.37.1.el9_4.x86_64  CompilerName: GCC  CompilerVersion: 8.4.0
ProgramName: mri_and  ProgramArguments: mri_and -all-info  ProgramVersion: 7.3.2  TimeStamp: 2026/03/14-11:26:31-GMT  BuildTime: Aug  4 2022 06:17:15  BuildStamp: freesurfer-linux-ubuntu22_x86_64-7.3.2-20220804-6354275  User: oesteban  Machine: dna075  Platform: Linux  PlatformVersion: 5.14.0-427.37.1.el9_4.x86_64  CompilerName: GCC  CompilerVersion: 8.4.0
ProgramName: mri_annotation2label  ProgramArguments: mri_annotation2label -all-info  ProgramVersion: 7.3.2  TimeStamp: 2026/03/14-11:26:31-GMT  BuildTime: Aug  4 2022 06:17:15  BuildStamp: freesurfer-linux-ubuntu22_x86_64-7.3.2-20220804-6354275  User: oesteban  Machine: dna075  Platform: Linux  PlatformVersion: 5.14.0-427.37.1.el9_4.x86_64  CompilerName: GCC  CompilerVersion: 8.4.0
ProgramName: mri_aparc2aseg  ProgramArguments: mri_aparc2aseg -all-info  ProgramVersion: 7.3.2  TimeStamp: 2026/03/14-11:26:31-GMT  BuildTime: Aug  4 2022 06:17:15  BuildStamp: freesurfer-linux-ubuntu22_x86_64-7.3.2-20220804-6354275  User: oesteban  Machine: dna075  Platform: Linux  PlatformVersion: 5.14.0-427.37.1.el9_4.x86_64  CompilerName: GCC  CompilerVersion: 8.4.0
ProgramName: mri_surf2volseg  ProgramArguments: mri_surf2volseg -all-info  ProgramVersion: 7.3.2  TimeStamp: 2026/03/14-11:26:31-GMT  BuildTime: Aug  4 2022 06:17:15  BuildStamp: freesurfer-linux-ubuntu22_x86_64-7.3.2-20220804-6354275  User: oesteban  Machine: dna075  Platform: Linux  PlatformVersion: 5.14.0-427.37.1.el9_4.x86_64  CompilerName: GCC  CompilerVersion: 8.4.0
ProgramName: mri_binarize  ProgramArguments: mri_binarize -all-info  ProgramVersion: 7.3.2  TimeStamp: 2026/03/14-11:26:31-GMT  BuildTime: Aug  4 2022 06:17:15  BuildStamp: freesurfer-linux-ubuntu22_x86_64-7.3.2-20220804-6354275  User: oesteban  Machine: dna075  Platform: Linux  PlatformVersion: 5.14.0-427.37.1.el9_4.x86_64  CompilerName: GCC  CompilerVersion: 8.4.0
ProgramName: mri_ca_label  ProgramArguments: mri_ca_label -all-info  ProgramVersion: 7.3.2  TimeStamp: 2026/03/14-11:26:31-GMT  BuildTime: Aug  4 2022 06:17:15  BuildStamp: freesurfer-linux-ubuntu22_x86_64-7.3.2-20220804-6354275  User: oesteban  Machine: dna075  Platform: Linux  PlatformVersion: 5.14.0-427.37.1.el9_4.x86_64  CompilerName: GCC  CompilerVersion: 8.4.0
ProgramName: mri_ca_normalize  ProgramArguments: mri_ca_normalize -all-info  ProgramVersion: 7.3.2  TimeStamp: 2026/03/14-11:26:31-GMT  BuildTime: Aug  4 2022 06:17:15  BuildStamp: freesurfer-linux-ubuntu22_x86_64-7.3.2-20220804-6354275  User: oesteban  Machine: dna075  Platform: Linux  PlatformVersion: 5.14.0-427.37.1.el9_4.x86_64  CompilerName: GCC  CompilerVersion: 8.4.0
ProgramName: mri_ca_register  ProgramArguments: mri_ca_register -all-info  ProgramVersion: 7.3.2  TimeStamp: 2026/03/14-11:26:31-GMT  BuildTime: Aug  4 2022 06:17:15  BuildStamp: freesurfer-linux-ubuntu22_x86_64-7.3.2-20220804-6354275  User: oesteban  Machine: dna075  Platform: Linux  PlatformVersion: 5.14.0-427.37.1.el9_4.x86_64  CompilerName: GCC  CompilerVersion: 8.4.0
ProgramName: mri_cc  ProgramArguments: mri_cc -all-info  ProgramVersion: 7.3.2  TimeStamp: 2026/03/14-11:26:31-GMT  BuildTime: Aug  4 2022 06:17:15  BuildStamp: freesurfer-linux-ubuntu22_x86_64-7.3.2-20220804-6354275  User: oesteban  Machine: dna075  Platform: Linux  PlatformVersion: 5.14.0-427.37.1.el9_4.x86_64  CompilerName: GCC  CompilerVersion: 8.4.0
ProgramName: mri_compute_overlap  ProgramArguments: mri_compute_overlap -all-info  ProgramVersion: 7.3.2  TimeStamp: 2026/03/14-11:26:31-GMT  BuildTime: Aug  4 2022 06:17:15  BuildStamp: freesurfer-linux-ubuntu22_x86_64-7.3.2-20220804-6354275  User: oesteban  Machine: dna075  Platform: Linux  PlatformVersion: 5.14.0-427.37.1.el9_4.x86_64  CompilerName: GCC  CompilerVersion: 8.4.0
ProgramName: mri_compute_seg_overlap  ProgramArguments: mri_compute_seg_overlap -all-info  ProgramVersion: 7.3.2  TimeStamp: 2026/03/14-11:26:31-GMT  BuildTime: Aug  4 2022 06:17:15  BuildStamp: freesurfer-linux-ubuntu22_x86_64-7.3.2-20220804-6354275  User: oesteban  Machine: dna075  Platform: Linux  PlatformVersion: 5.14.0-427.37.1.el9_4.x86_64  CompilerName: GCC  CompilerVersion: 8.4.0
ProgramName: mri_concat  ProgramArguments: mri_concat -all-info  ProgramVersion: 7.3.2  TimeStamp: 2026/03/14-11:26:31-GMT  BuildTime: Aug  4 2022 06:17:15  BuildStamp: freesurfer-linux-ubuntu22_x86_64-7.3.2-20220804-6354275  User: oesteban  Machine: dna075  Platform: Linux  PlatformVersion: 5.14.0-427.37.1.el9_4.x86_64  CompilerName: GCC  CompilerVersion: 8.4.0
ProgramName: mri_concatenate_lta  ProgramArguments: mri_concatenate_lta -all-info  ProgramVersion: 7.3.2  TimeStamp: 2026/03/14-11:26:31-GMT  BuildTime: Aug  4 2022 06:17:15  BuildStamp: freesurfer-linux-ubuntu22_x86_64-7.3.2-20220804-6354275  User: oesteban  Machine: dna075  Platform: Linux  PlatformVersion: 5.14.0-427.37.1.el9_4.x86_64  CompilerName: GCC  CompilerVersion: 8.4.0
mri_convert -all-info 
ProgramName: mri_convert  ProgramArguments: mri_convert -all-info  ProgramVersion: 7.3.2  TimeStamp: 2026/03/14-11:26:31-GMT  BuildTime: Aug  4 2022 06:17:15  BuildStamp: freesurfer-linux-ubuntu22_x86_64-7.3.2-20220804-6354275  User: oesteban  Machine: dna075  Platform: Linux  PlatformVersion: 5.14.0-427.37.1.el9_4.x86_64  CompilerName: GCC  CompilerVersion: 8.4.0
ProgramName: mri_diff  ProgramArguments: mri_diff -all-info  ProgramVersion: 7.3.2  TimeStamp: 2026/03/14-11:26:31-GMT  BuildTime: Aug  4 2022 06:17:15  BuildStamp: freesurfer-linux-ubuntu22_x86_64-7.3.2-20220804-6354275  User: oesteban  Machine: dna075  Platform: Linux  PlatformVersion: 5.14.0-427.37.1.el9_4.x86_64  CompilerName: GCC  CompilerVersion: 8.4.0
ProgramName: mri_edit_wm_with_aseg  ProgramArguments: mri_edit_wm_with_aseg -all-info  ProgramVersion: 7.3.2  TimeStamp: 2026/03/14-11:26:31-GMT  BuildTime: Aug  4 2022 06:17:15  BuildStamp: freesurfer-linux-ubuntu22_x86_64-7.3.2-20220804-6354275  User: oesteban  Machine: dna075  Platform: Linux  PlatformVersion: 5.14.0-427.37.1.el9_4.x86_64  CompilerName: GCC  CompilerVersion: 8.4.0
ProgramName: mri_em_register  ProgramArguments: mri_em_register -all-info  ProgramVersion: 7.3.2  TimeStamp: 2026/03/14-11:26:31-GMT  BuildTime: Aug  4 2022 06:17:15  BuildStamp: freesurfer-linux-ubuntu22_x86_64-7.3.2-20220804-6354275  User: oesteban  Machine: dna075  Platform: Linux  PlatformVersion: 5.14.0-427.37.1.el9_4.x86_64  CompilerName: GCC  CompilerVersion: 8.4.0
ProgramName: mri_fill  ProgramArguments: mri_fill -all-info  ProgramVersion: 7.3.2  TimeStamp: 2026/03/14-11:26:31-GMT  BuildTime: Aug  4 2022 06:17:15  BuildStamp: freesurfer-linux-ubuntu22_x86_64-7.3.2-20220804-6354275  User: oesteban  Machine: dna075  Platform: Linux  PlatformVersion: 5.14.0-427.37.1.el9_4.x86_64  CompilerName: GCC  CompilerVersion: 8.4.0
ProgramName: mri_fuse_segmentations  ProgramArguments: mri_fuse_segmentations -all-info  ProgramVersion: 7.3.2  TimeStamp: 2026/03/14-11:26:31-GMT  BuildTime: Aug  4 2022 06:17:15  BuildStamp: freesurfer-linux-ubuntu22_x86_64-7.3.2-20220804-6354275  User: oesteban  Machine: dna075  Platform: Linux  PlatformVersion: 5.14.0-427.37.1.el9_4.x86_64  CompilerName: GCC  CompilerVersion: 8.4.0
ProgramName: mri_fwhm  ProgramArguments: mri_fwhm -all-info  ProgramVersion: 7.3.2  TimeStamp: 2026/03/14-11:26:31-GMT  BuildTime: Aug  4 2022 06:17:15  BuildStamp: freesurfer-linux-ubuntu22_x86_64-7.3.2-20220804-6354275  User: oesteban  Machine: dna075  Platform: Linux  PlatformVersion: 5.14.0-427.37.1.el9_4.x86_64  CompilerName: GCC  CompilerVersion: 8.4.0
ProgramName: mri_gcut  ProgramArguments: mri_gcut -all-info  ProgramVersion: 7.3.2  TimeStamp: 2026/03/14-11:26:31-GMT  BuildTime: Aug  4 2022 06:17:15  BuildStamp: freesurfer-linux-ubuntu22_x86_64-7.3.2-20220804-6354275  User: oesteban  Machine: dna075  Platform: Linux  PlatformVersion: 5.14.0-427.37.1.el9_4.x86_64  CompilerName: GCC  CompilerVersion: 8.4.0
ProgramName: mri_info  ProgramArguments: mri_info -all-info  ProgramVersion: 7.3.2  TimeStamp: 2026/03/14-11:26:31-GMT  BuildTime: Aug  4 2022 06:17:15  BuildStamp: freesurfer-linux-ubuntu22_x86_64-7.3.2-20220804-6354275  User: oesteban  Machine: dna075  Platform: Linux  PlatformVersion: 5.14.0-427.37.1.el9_4.x86_64  CompilerName: GCC  CompilerVersion: 8.4.0
ProgramName: mri_label2label  ProgramArguments: mri_label2label -all-info  ProgramVersion: 7.3.2  TimeStamp: 2026/03/14-11:26:31-GMT  BuildTime: Aug  4 2022 06:17:15  BuildStamp: freesurfer-linux-ubuntu22_x86_64-7.3.2-20220804-6354275  User: oesteban  Machine: dna075  Platform: Linux  PlatformVersion: 5.14.0-427.37.1.el9_4.x86_64  CompilerName: GCC  CompilerVersion: 8.4.0
ProgramName: mri_label2vol  ProgramArguments: mri_label2vol -all-info  ProgramVersion: 7.3.2  TimeStamp: 2026/03/14-11:26:31-GMT  BuildTime: Aug  4 2022 06:17:15  BuildStamp: freesurfer-linux-ubuntu22_x86_64-7.3.2-20220804-6354275  User: oesteban  Machine: dna075  Platform: Linux  PlatformVersion: 5.14.0-427.37.1.el9_4.x86_64  CompilerName: GCC  CompilerVersion: 8.4.0
ProgramName: mri_log_likelihood  ProgramArguments: mri_log_likelihood -all-info  ProgramVersion: 7.3.2  TimeStamp: 2026/03/14-11:26:31-GMT  BuildTime: Aug  4 2022 06:17:15  BuildStamp: freesurfer-linux-ubuntu22_x86_64-7.3.2-20220804-6354275  User: oesteban  Machine: dna075  Platform: Linux  PlatformVersion: 5.14.0-427.37.1.el9_4.x86_64  CompilerName: GCC  CompilerVersion: 8.4.0
ProgramName: mri_mask  ProgramArguments: mri_mask -all-info  ProgramVersion: 7.3.2  TimeStamp: 2026/03/14-11:26:31-GMT  BuildTime: Aug  4 2022 06:17:15  BuildStamp: freesurfer-linux-ubuntu22_x86_64-7.3.2-20220804-6354275  User: oesteban  Machine: dna075  Platform: Linux  PlatformVersion: 5.14.0-427.37.1.el9_4.x86_64  CompilerName: GCC  CompilerVersion: 8.4.0
ProgramName: mri_matrix_multiply  ProgramArguments: mri_matrix_multiply -all-info  ProgramVersion: 7.3.2  TimeStamp: 2026/03/14-11:26:31-GMT  BuildTime: Aug  4 2022 06:17:15  BuildStamp: freesurfer-linux-ubuntu22_x86_64-7.3.2-20220804-6354275  User: oesteban  Machine: dna075  Platform: Linux  PlatformVersion: 5.14.0-427.37.1.el9_4.x86_64  CompilerName: GCC  CompilerVersion: 8.4.0
ProgramName: mri_normalize  ProgramArguments: mri_normalize -all-info  ProgramVersion: 7.3.2  TimeStamp: 2026/03/14-11:26:31-GMT  BuildTime: Aug  4 2022 06:17:15  BuildStamp: freesurfer-linux-ubuntu22_x86_64-7.3.2-20220804-6354275  User: oesteban  Machine: dna075  Platform: Linux  PlatformVersion: 5.14.0-427.37.1.el9_4.x86_64  CompilerName: GCC  CompilerVersion: 8.4.0
ProgramName: mri_normalize_tp2  ProgramArguments: mri_normalize_tp2 -all-info  ProgramVersion: 7.3.2  TimeStamp: 2026/03/14-11:26:31-GMT  BuildTime: Aug  4 2022 06:17:15  BuildStamp: freesurfer-linux-ubuntu22_x86_64-7.3.2-20220804-6354275  User: oesteban  Machine: dna075  Platform: Linux  PlatformVersion: 5.14.0-427.37.1.el9_4.x86_64  CompilerName: GCC  CompilerVersion: 8.4.0
ProgramName: mri_or  ProgramArguments: mri_or -all-info  ProgramVersion: 7.3.2  TimeStamp: 2026/03/14-11:26:31-GMT  BuildTime: Aug  4 2022 06:17:15  BuildStamp: freesurfer-linux-ubuntu22_x86_64-7.3.2-20220804-6354275  User: oesteban  Machine: dna075  Platform: Linux  PlatformVersion: 5.14.0-427.37.1.el9_4.x86_64  CompilerName: GCC  CompilerVersion: 8.4.0
ProgramName: mri_relabel_hypointensities  ProgramArguments: mri_relabel_hypointensities -all-info  ProgramVersion: 7.3.2  TimeStamp: 2026/03/14-11:26:31-GMT  BuildTime: Aug  4 2022 06:17:15  BuildStamp: freesurfer-linux-ubuntu22_x86_64-7.3.2-20220804-6354275  User: oesteban  Machine: dna075  Platform: Linux  PlatformVersion: 5.14.0-427.37.1.el9_4.x86_64  CompilerName: GCC  CompilerVersion: 8.4.0
ProgramName: mri_relabel_nonwm_hypos  ProgramArguments: mri_relabel_nonwm_hypos -all-info  ProgramVersion: 7.3.2  TimeStamp: 2026/03/14-11:26:31-GMT  BuildTime: Aug  4 2022 06:17:15  BuildStamp: freesurfer-linux-ubuntu22_x86_64-7.3.2-20220804-6354275  User: oesteban  Machine: dna075  Platform: Linux  PlatformVersion: 5.14.0-427.37.1.el9_4.x86_64  CompilerName: GCC  CompilerVersion: 8.4.0
ProgramName: mri_remove_neck  ProgramArguments: mri_remove_neck -all-info  ProgramVersion: 7.3.2  TimeStamp: 2026/03/14-11:26:31-GMT  BuildTime: Aug  4 2022 06:17:15  BuildStamp: freesurfer-linux-ubuntu22_x86_64-7.3.2-20220804-6354275  User: oesteban  Machine: dna075  Platform: Linux  PlatformVersion: 5.14.0-427.37.1.el9_4.x86_64  CompilerName: GCC  CompilerVersion: 8.4.0
7.3.2

ProgramName: mri_robust_register  ProgramArguments: mri_robust_register -all-info  ProgramVersion: 7.3.2  TimeStamp: 2026/03/14-11:26:31-GMT  BuildTime: Aug  4 2022 06:17:15  BuildStamp: freesurfer-linux-ubuntu22_x86_64-7.3.2-20220804-6354275  User: oesteban  Machine: dna075  Platform: Linux  PlatformVersion: 5.14.0-427.37.1.el9_4.x86_64  CompilerName: GCC  CompilerVersion: 8.4.0
7.3.2

ProgramName: mri_robust_template  ProgramArguments: mri_robust_template -all-info  ProgramVersion: 7.3.2  TimeStamp: 2026/03/14-11:26:31-GMT  BuildTime: Aug  4 2022 06:17:15  BuildStamp: freesurfer-linux-ubuntu22_x86_64-7.3.2-20220804-6354275  User: oesteban  Machine: dna075  Platform: Linux  PlatformVersion: 5.14.0-427.37.1.el9_4.x86_64  CompilerName: GCC  CompilerVersion: 8.4.0
ProgramName: mris_anatomical_stats  ProgramArguments: mris_anatomical_stats -all-info  ProgramVersion: 7.3.2  TimeStamp: 2026/03/14-11:26:31-GMT  BuildTime: Aug  4 2022 06:17:15  BuildStamp: freesurfer-linux-ubuntu22_x86_64-7.3.2-20220804-6354275  User: oesteban  Machine: dna075  Platform: Linux  PlatformVersion: 5.14.0-427.37.1.el9_4.x86_64  CompilerName: GCC  CompilerVersion: 8.4.0
ProgramName: mris_ca_label  ProgramArguments: mris_ca_label -all-info  ProgramVersion: 7.3.2  TimeStamp: 2026/03/14-11:26:31-GMT  BuildTime: Aug  4 2022 06:17:15  BuildStamp: freesurfer-linux-ubuntu22_x86_64-7.3.2-20220804-6354275  User: oesteban  Machine: dna075  Platform: Linux  PlatformVersion: 5.14.0-427.37.1.el9_4.x86_64  CompilerName: GCC  CompilerVersion: 8.4.0
ProgramName: mris_calc  ProgramArguments: mris_calc -all-info  ProgramVersion: 7.3.2  TimeStamp: 2026/03/14-11:26:31-GMT  BuildTime: Aug  4 2022 06:17:15  BuildStamp: freesurfer-linux-ubuntu22_x86_64-7.3.2-20220804-6354275  User: oesteban  Machine: dna075  Platform: Linux  PlatformVersion: 5.14.0-427.37.1.el9_4.x86_64  CompilerName: GCC  CompilerVersion: 8.4.0
ProgramName: mris_convert  ProgramArguments: mris_convert -all-info  ProgramVersion: 7.3.2  TimeStamp: 2026/03/14-11:26:31-GMT  BuildTime: Aug  4 2022 06:17:15  BuildStamp: freesurfer-linux-ubuntu22_x86_64-7.3.2-20220804-6354275  User: oesteban  Machine: dna075  Platform: Linux  PlatformVersion: 5.14.0-427.37.1.el9_4.x86_64  CompilerName: GCC  CompilerVersion: 8.4.0
ProgramName: mris_curvature  ProgramArguments: mris_curvature -all-info  ProgramVersion: 7.3.2  TimeStamp: 2026/03/14-11:26:31-GMT  BuildTime: Aug  4 2022 06:17:15  BuildStamp: freesurfer-linux-ubuntu22_x86_64-7.3.2-20220804-6354275  User: oesteban  Machine: dna075  Platform: Linux  PlatformVersion: 5.14.0-427.37.1.el9_4.x86_64  CompilerName: GCC  CompilerVersion: 8.4.0
ProgramName: mris_curvature_stats  ProgramArguments: mris_curvature_stats -all-info  ProgramVersion: 7.3.2  TimeStamp: 2026/03/14-11:26:31-GMT  BuildTime: Aug  4 2022 06:17:15  BuildStamp: freesurfer-linux-ubuntu22_x86_64-7.3.2-20220804-6354275  User: oesteban  Machine: dna075  Platform: Linux  PlatformVersion: 5.14.0-427.37.1.el9_4.x86_64  CompilerName: GCC  CompilerVersion: 8.4.0
ProgramName: mris_diff  ProgramArguments: mris_diff -all-info  ProgramVersion: 7.3.2  TimeStamp: 2026/03/14-11:26:31-GMT  BuildTime: Aug  4 2022 06:17:15  BuildStamp: freesurfer-linux-ubuntu22_x86_64-7.3.2-20220804-6354275  User: oesteban  Machine: dna075  Platform: Linux  PlatformVersion: 5.14.0-427.37.1.el9_4.x86_64  CompilerName: GCC  CompilerVersion: 8.4.0
ProgramName: mris_divide_parcellation  ProgramArguments: mris_divide_parcellation -all-info  ProgramVersion: 7.3.2  TimeStamp: 2026/03/14-11:26:31-GMT  BuildTime: Aug  4 2022 06:17:15  BuildStamp: freesurfer-linux-ubuntu22_x86_64-7.3.2-20220804-6354275  User: oesteban  Machine: dna075  Platform: Linux  PlatformVersion: 5.14.0-427.37.1.el9_4.x86_64  CompilerName: GCC  CompilerVersion: 8.4.0
ProgramName: mri_segment  ProgramArguments: mri_segment -all-info  ProgramVersion: 7.3.2  TimeStamp: 2026/03/14-11:26:31-GMT  BuildTime: Aug  4 2022 06:17:15  BuildStamp: freesurfer-linux-ubuntu22_x86_64-7.3.2-20220804-6354275  User: oesteban  Machine: dna075  Platform: Linux  PlatformVersion: 5.14.0-427.37.1.el9_4.x86_64  CompilerName: GCC  CompilerVersion: 8.4.0
ProgramName: mri_segstats  ProgramArguments: mri_segstats -all-info  ProgramVersion: 7.3.2  TimeStamp: 2026/03/14-11:26:31-GMT  BuildTime: Aug  4 2022 06:17:15  BuildStamp: freesurfer-linux-ubuntu22_x86_64-7.3.2-20220804-6354275  User: oesteban  Machine: dna075  Platform: Linux  PlatformVersion: 5.14.0-427.37.1.el9_4.x86_64  CompilerName: GCC  CompilerVersion: 8.4.0
ProgramName: mris_euler_number  ProgramArguments: mris_euler_number -all-info  ProgramVersion: 7.3.2  TimeStamp: 2026/03/14-11:26:31-GMT  BuildTime: Aug  4 2022 06:17:15  BuildStamp: freesurfer-linux-ubuntu22_x86_64-7.3.2-20220804-6354275  User: oesteban  Machine: dna075  Platform: Linux  PlatformVersion: 5.14.0-427.37.1.el9_4.x86_64  CompilerName: GCC  CompilerVersion: 8.4.0
ProgramName: mris_fix_topology  ProgramArguments: mris_fix_topology -all-info  ProgramVersion: 7.3.2  TimeStamp: 2026/03/14-11:26:31-GMT  BuildTime: Aug  4 2022 06:17:15  BuildStamp: freesurfer-linux-ubuntu22_x86_64-7.3.2-20220804-6354275  User: oesteban  Machine: dna075  Platform: Linux  PlatformVersion: 5.14.0-427.37.1.el9_4.x86_64  CompilerName: GCC  CompilerVersion: 8.4.0
ProgramName: mris_topo_fixer  ProgramArguments: mris_topo_fixer -all-info  ProgramVersion: 7.3.2  TimeStamp: 2026/03/14-11:26:31-GMT  BuildTime: Aug  4 2022 06:17:15  BuildStamp: freesurfer-linux-ubuntu22_x86_64-7.3.2-20220804-6354275  User: oesteban  Machine: dna075  Platform: Linux  PlatformVersion: 5.14.0-427.37.1.el9_4.x86_64  CompilerName: GCC  CompilerVersion: 8.4.0
ProgramName: mris_jacobian  ProgramArguments: mris_jacobian -all-info  ProgramVersion: 7.3.2  TimeStamp: 2026/03/14-11:26:31-GMT  BuildTime: Aug  4 2022 06:17:15  BuildStamp: freesurfer-linux-ubuntu22_x86_64-7.3.2-20220804-6354275  User: oesteban  Machine: dna075  Platform: Linux  PlatformVersion: 5.14.0-427.37.1.el9_4.x86_64  CompilerName: GCC  CompilerVersion: 8.4.0
ProgramName: mris_label2annot  ProgramArguments: mris_label2annot -all-info  ProgramVersion: 7.3.2  TimeStamp: 2026/03/14-11:26:31-GMT  BuildTime: Aug  4 2022 06:17:15  BuildStamp: freesurfer-linux-ubuntu22_x86_64-7.3.2-20220804-6354275  User: oesteban  Machine: dna075  Platform: Linux  PlatformVersion: 5.14.0-427.37.1.el9_4.x86_64  CompilerName: GCC  CompilerVersion: 8.4.0
ProgramName: mris_left_right_register  ProgramArguments: mris_left_right_register -all-info  ProgramVersion: 7.3.2  TimeStamp: 2026/03/14-11:26:31-GMT  BuildTime: Aug  4 2022 06:17:15  BuildStamp: freesurfer-linux-ubuntu22_x86_64-7.3.2-20220804-6354275  User: oesteban  Machine: dna075  Platform: Linux  PlatformVersion: 5.14.0-427.37.1.el9_4.x86_64  CompilerName: GCC  CompilerVersion: 8.4.0
ProgramName: mris_place_surface  ProgramArguments: mris_place_surface -all-info  ProgramVersion: 7.3.2  TimeStamp: 2026/03/14-11:26:31-GMT  BuildTime: Aug  4 2022 06:17:15  BuildStamp: freesurfer-linux-ubuntu22_x86_64-7.3.2-20220804-6354275  User: oesteban  Machine: dna075  Platform: Linux  PlatformVersion: 5.14.0-427.37.1.el9_4.x86_64  CompilerName: GCC  CompilerVersion: 8.4.0
ProgramName: mrisp_paint  ProgramArguments: mrisp_paint -all-info  ProgramVersion: 7.3.2  TimeStamp: 2026/03/14-11:26:31-GMT  BuildTime: Aug  4 2022 06:17:15  BuildStamp: freesurfer-linux-ubuntu22_x86_64-7.3.2-20220804-6354275  User: oesteban  Machine: dna075  Platform: Linux  PlatformVersion: 5.14.0-427.37.1.el9_4.x86_64  CompilerName: GCC  CompilerVersion: 8.4.0
ProgramName: mris_register  ProgramArguments: mris_register -all-info  ProgramVersion: 7.3.2  TimeStamp: 2026/03/14-11:26:31-GMT  BuildTime: Aug  4 2022 06:17:15  BuildStamp: freesurfer-linux-ubuntu22_x86_64-7.3.2-20220804-6354275  User: oesteban  Machine: dna075  Platform: Linux  PlatformVersion: 5.14.0-427.37.1.el9_4.x86_64  CompilerName: GCC  CompilerVersion: 8.4.0
ProgramName: mris_smooth  ProgramArguments: mris_smooth -all-info  ProgramVersion: 7.3.2  TimeStamp: 2026/03/14-11:26:31-GMT  BuildTime: Aug  4 2022 06:17:15  BuildStamp: freesurfer-linux-ubuntu22_x86_64-7.3.2-20220804-6354275  User: oesteban  Machine: dna075  Platform: Linux  PlatformVersion: 5.14.0-427.37.1.el9_4.x86_64  CompilerName: GCC  CompilerVersion: 8.4.0
ProgramName: mris_sphere  ProgramArguments: mris_sphere -all-info  ProgramVersion: 7.3.2  TimeStamp: 2026/03/14-11:26:31-GMT  BuildTime: Aug  4 2022 06:17:15  BuildStamp: freesurfer-linux-ubuntu22_x86_64-7.3.2-20220804-6354275  User: oesteban  Machine: dna075  Platform: Linux  PlatformVersion: 5.14.0-427.37.1.el9_4.x86_64  CompilerName: GCC  CompilerVersion: 8.4.0
ProgramName: mris_surface_stats  ProgramArguments: mris_surface_stats -all-info  ProgramVersion: 7.3.2  TimeStamp: 2026/03/14-11:26:31-GMT  BuildTime: Aug  4 2022 06:17:15  BuildStamp: freesurfer-linux-ubuntu22_x86_64-7.3.2-20220804-6354275  User: oesteban  Machine: dna075  Platform: Linux  PlatformVersion: 5.14.0-427.37.1.el9_4.x86_64  CompilerName: GCC  CompilerVersion: 8.4.0
ProgramName: mri_stats2seg  ProgramArguments: mri_stats2seg -all-info  ProgramVersion: 7.3.2  TimeStamp: 2026/03/14-11:26:31-GMT  BuildTime: Aug  4 2022 06:17:15  BuildStamp: freesurfer-linux-ubuntu22_x86_64-7.3.2-20220804-6354275  User: oesteban  Machine: dna075  Platform: Linux  PlatformVersion: 5.14.0-427.37.1.el9_4.x86_64  CompilerName: GCC  CompilerVersion: 8.4.0
ProgramName: mris_thickness  ProgramArguments: mris_thickness -all-info  ProgramVersion: 7.3.2  TimeStamp: 2026/03/14-11:26:31-GMT  BuildTime: Aug  4 2022 06:17:15  BuildStamp: freesurfer-linux-ubuntu22_x86_64-7.3.2-20220804-6354275  User: oesteban  Machine: dna075  Platform: Linux  PlatformVersion: 5.14.0-427.37.1.el9_4.x86_64  CompilerName: GCC  CompilerVersion: 8.4.0
ProgramName: mris_thickness_diff  ProgramArguments: mris_thickness_diff -all-info  ProgramVersion: 7.3.2  TimeStamp: 2026/03/14-11:26:31-GMT  BuildTime: Aug  4 2022 06:17:15  BuildStamp: freesurfer-linux-ubuntu22_x86_64-7.3.2-20220804-6354275  User: oesteban  Machine: dna075  Platform: Linux  PlatformVersion: 5.14.0-427.37.1.el9_4.x86_64  CompilerName: GCC  CompilerVersion: 8.4.0
ProgramName: mris_topo_fixer  ProgramArguments: mris_topo_fixer -all-info  ProgramVersion: 7.3.2  TimeStamp: 2026/03/14-11:26:31-GMT  BuildTime: Aug  4 2022 06:17:15  BuildStamp: freesurfer-linux-ubuntu22_x86_64-7.3.2-20220804-6354275  User: oesteban  Machine: dna075  Platform: Linux  PlatformVersion: 5.14.0-427.37.1.el9_4.x86_64  CompilerName: GCC  CompilerVersion: 8.4.0
ProgramName: mri_surf2surf  ProgramArguments: mri_surf2surf -all-info  ProgramVersion: 7.3.2  TimeStamp: 2026/03/14-11:26:31-GMT  BuildTime: Aug  4 2022 06:17:15  BuildStamp: freesurfer-linux-ubuntu22_x86_64-7.3.2-20220804-6354275  User: oesteban  Machine: dna075  Platform: Linux  PlatformVersion: 5.14.0-427.37.1.el9_4.x86_64  CompilerName: GCC  CompilerVersion: 8.4.0
ProgramName: mri_surf2vol  ProgramArguments: mri_surf2vol -all-info  ProgramVersion: 7.3.2  TimeStamp: 2026/03/14-11:26:31-GMT  BuildTime: Aug  4 2022 06:17:15  BuildStamp: freesurfer-linux-ubuntu22_x86_64-7.3.2-20220804-6354275  User: oesteban  Machine: dna075  Platform: Linux  PlatformVersion: 5.14.0-427.37.1.el9_4.x86_64  CompilerName: GCC  CompilerVersion: 8.4.0
ProgramName: mri_surfcluster  ProgramArguments: mri_surfcluster -all-info  ProgramVersion: 7.3.2  TimeStamp: 2026/03/14-11:26:31-GMT  BuildTime: Aug  4 2022 06:17:15  BuildStamp: freesurfer-linux-ubuntu22_x86_64-7.3.2-20220804-6354275  User: oesteban  Machine: dna075  Platform: Linux  PlatformVersion: 5.14.0-427.37.1.el9_4.x86_64  CompilerName: GCC  CompilerVersion: 8.4.0
ProgramName: mris_volmask  ProgramArguments: mris_volmask -all-info  ProgramVersion: 7.3.2  TimeStamp: 2026/03/14-11:26:31-GMT  BuildTime: Aug  4 2022 06:17:15  BuildStamp: freesurfer-linux-ubuntu22_x86_64-7.3.2-20220804-6354275  User: oesteban  Machine: dna075  Platform: Linux  PlatformVersion: 5.14.0-427.37.1.el9_4.x86_64  CompilerName: GCC  CompilerVersion: 8.4.0
ProgramName: mri_tessellate  ProgramArguments: mri_tessellate -all-info  ProgramVersion: 7.3.2  TimeStamp: 2026/03/14-11:26:31-GMT  BuildTime: Aug  4 2022 06:17:15  BuildStamp: freesurfer-linux-ubuntu22_x86_64-7.3.2-20220804-6354275  User: oesteban  Machine: dna075  Platform: Linux  PlatformVersion: 5.14.0-427.37.1.el9_4.x86_64  CompilerName: GCC  CompilerVersion: 8.4.0
ProgramName: mri_vol2surf  ProgramArguments: mri_vol2surf -all-info  ProgramVersion: 7.3.2  TimeStamp: 2026/03/14-11:26:31-GMT  BuildTime: Aug  4 2022 06:17:15  BuildStamp: freesurfer-linux-ubuntu22_x86_64-7.3.2-20220804-6354275  User: oesteban  Machine: dna075  Platform: Linux  PlatformVersion: 5.14.0-427.37.1.el9_4.x86_64  CompilerName: GCC  CompilerVersion: 8.4.0
ProgramName: mri_vol2vol  ProgramArguments: mri_vol2vol -all-info  ProgramVersion: 7.3.2  TimeStamp: 2026/03/14-11:26:31-GMT  BuildTime: Aug  4 2022 06:17:15  BuildStamp: freesurfer-linux-ubuntu22_x86_64-7.3.2-20220804-6354275  User: oesteban  Machine: dna075  Platform: Linux  PlatformVersion: 5.14.0-427.37.1.el9_4.x86_64  CompilerName: GCC  CompilerVersion: 8.4.0
ProgramName: mri_voldiff  ProgramArguments: mri_voldiff -all-info  ProgramVersion: 7.3.2  TimeStamp: 2026/03/14-11:26:31-GMT  BuildTime: Aug  4 2022 06:17:15  BuildStamp: freesurfer-linux-ubuntu22_x86_64-7.3.2-20220804-6354275  User: oesteban  Machine: dna075  Platform: Linux  PlatformVersion: 5.14.0-427.37.1.el9_4.x86_64  CompilerName: GCC  CompilerVersion: 8.4.0
ProgramName: mri_watershed  ProgramArguments: mri_watershed -all-info  ProgramVersion: 7.3.2  TimeStamp: 2026/03/14-11:26:31-GMT  BuildTime: Aug  4 2022 06:17:15  BuildStamp: freesurfer-linux-ubuntu22_x86_64-7.3.2-20220804-6354275  User: oesteban  Machine: dna075  Platform: Linux  PlatformVersion: 5.14.0-427.37.1.el9_4.x86_64  CompilerName: GCC  CompilerVersion: 8.4.0
ProgramName: tkregister2  ProgramArguments: tkregister2_cmdl -all-info  ProgramVersion: 7.3.2  TimeStamp: 2026/03/14-11:26:31-GMT  BuildTime: Aug  4 2022 06:17:15  BuildStamp: freesurfer-linux-ubuntu22_x86_64-7.3.2-20220804-6354275  User: oesteban  Machine: dna075  Platform: Linux  PlatformVersion: 5.14.0-427.37.1.el9_4.x86_64  CompilerName: GCC  CompilerVersion: 8.4.0
mri_motion_correct.fsl 7.3.2
mri_convert -all-info 
ProgramName: mri_convert  ProgramArguments: mri_convert -all-info  ProgramVersion: 7.3.2  TimeStamp: 2026/03/14-11:26:31-GMT  BuildTime: Aug  4 2022 06:17:15  BuildStamp: freesurfer-linux-ubuntu22_x86_64-7.3.2-20220804-6354275  User: oesteban  Machine: dna075  Platform: Linux  PlatformVersion: 5.14.0-427.37.1.el9_4.x86_64  CompilerName: GCC  CompilerVersion: 8.4.0
Program nu_correct, built from:
Package MNI N3, version 1.12.0, compiled by nicks@terrier (x86_64-unknown-linux-gnu) on 2015-06-19 at 01:25:34
#######################################
GCADIR /opt/freesurfer/average
GCA RB_all_2020-01-02.gca
GCASkull RB_all_withskull_2020_01_02.gca
AvgCurvTif folding.atlas.acfb40.noaparc.i12.2016-08-02.tif
GCSDIR /opt/freesurfer/average
GCS DKaparc.atlas.acfb40.noaparc.i12.2016-08-02.gcs
#######################################
#--------------------------------------------
#@# WhiteSurfs lh Sat Mar 14 12:26:31 CET 2026
cd /out/sourcedata/freesurfer/sub-v2s9x29163_ses-1/mri
mris_place_surface --adgws-in ../surf/autodet.gw.stats.lh.dat --seg aseg.presurf.mgz --threads 16 --wm wm.mgz --invol brain.finalsurfs.mgz --lh --i ../surf/lh.white.preaparc --o ../surf/lh.white --white --nsmooth 0 --rip-label ../label/lh.cortex.label --rip-bg --rip-surf ../surf/lh.white.preaparc --aparc ../label/lh.aparc.annot
   Update not needed
#--------------------------------------------
#@# WhiteSurfs rh Sat Mar 14 12:26:31 CET 2026
cd /out/sourcedata/freesurfer/sub-v2s9x29163_ses-1/mri
mris_place_surface --adgws-in ../surf/autodet.gw.stats.rh.dat --seg aseg.presurf.mgz --threads 16 --wm wm.mgz --invol brain.finalsurfs.mgz --rh --i ../surf/rh.white.preaparc --o ../surf/rh.white --white --nsmooth 0 --rip-label ../label/rh.cortex.label --rip-bg --rip-surf ../surf/rh.white.preaparc --aparc ../label/rh.aparc.annot
   Update not needed
#@# white curv lh Sat Mar 14 12:26:31 CET 2026
cd /out/sourcedata/freesurfer/sub-v2s9x29163_ses-1/mri
mris_place_surface --curv-map ../surf/lh.white 2 10 ../surf/lh.curv
   Update not needed
#@# white area lh Sat Mar 14 12:26:31 CET 2026
cd /out/sourcedata/freesurfer/sub-v2s9x29163_ses-1/mri
mris_place_surface --area-map ../surf/lh.white ../surf/lh.area
   Update not needed
#@# pial curv lh Sat Mar 14 12:26:31 CET 2026
cd /out/sourcedata/freesurfer/sub-v2s9x29163_ses-1/mri
mris_place_surface --curv-map ../surf/lh.pial 2 10 ../surf/lh.curv.pial
   Update not needed
#@# pial area lh Sat Mar 14 12:26:31 CET 2026
cd /out/sourcedata/freesurfer/sub-v2s9x29163_ses-1/mri
mris_place_surface --area-map ../surf/lh.pial ../surf/lh.area.pial
   Update not needed
#@# thickness lh Sat Mar 14 12:26:31 CET 2026
cd /out/sourcedata/freesurfer/sub-v2s9x29163_ses-1/mri
mris_place_surface --thickness ../surf/lh.white ../surf/lh.pial 20 5 ../surf/lh.thickness
   Update not needed
#@# area and vertex vol lh Sat Mar 14 12:26:31 CET 2026
cd /out/sourcedata/freesurfer/sub-v2s9x29163_ses-1/mri
mris_place_surface --thickness ../surf/lh.white ../surf/lh.pial 20 5 ../surf/lh.thickness
   Update not needed
#@# white curv rh Sat Mar 14 12:26:31 CET 2026
cd /out/sourcedata/freesurfer/sub-v2s9x29163_ses-1/mri
mris_place_surface --curv-map ../surf/rh.white 2 10 ../surf/rh.curv
   Update not needed
#@# white area rh Sat Mar 14 12:26:31 CET 2026
cd /out/sourcedata/freesurfer/sub-v2s9x29163_ses-1/mri
mris_place_surface --area-map ../surf/rh.white ../surf/rh.area
   Update not needed
#@# pial curv rh Sat Mar 14 12:26:31 CET 2026
cd /out/sourcedata/freesurfer/sub-v2s9x29163_ses-1/mri
mris_place_surface --curv-map ../surf/rh.pial 2 10 ../surf/rh.curv.pial
   Update not needed
#@# pial area rh Sat Mar 14 12:26:31 CET 2026
cd /out/sourcedata/freesurfer/sub-v2s9x29163_ses-1/mri
mris_place_surface --area-map ../surf/rh.pial ../surf/rh.area.pial
   Update not needed
#@# thickness rh Sat Mar 14 12:26:31 CET 2026
cd /out/sourcedata/freesurfer/sub-v2s9x29163_ses-1/mri
mris_place_surface --thickness ../surf/rh.white ../surf/rh.pial 20 5 ../surf/rh.thickness
   Update not needed
#@# area and vertex vol rh Sat Mar 14 12:26:31 CET 2026
cd /out/sourcedata/freesurfer/sub-v2s9x29163_ses-1/mri
mris_place_surface --thickness ../surf/rh.white ../surf/rh.pial 20 5 ../surf/rh.thickness
   Update not needed

#-----------------------------------------
#@# Curvature Stats lh Sat Mar 14 12:26:31 CET 2026
/out/sourcedata/freesurfer/sub-v2s9x29163_ses-1/surf

 mris_curvature_stats -m --writeCurvatureFiles -G -o ../stats/lh.curv.stats -F smoothwm sub-v2s9x29163_ses-1 lh curv sulc 

             Toggling save flag on curvature files                       [ ok ]
                 Outputting results using filestem   [ ../stats/lh.curv.stats ]
             Toggling save flag on curvature files                       [ ok ]
                                   Setting surface [ sub-v2s9x29163_ses-1/lh.smoothwm ]
                                Reading surface...                       [ ok ]
                                   Setting texture                     [ curv ]
                                Reading texture...                       [ ok ]
                                   Setting texture                     [ sulc ]
                                Reading texture...Gb_filter = 0
                       [ ok ]
      Calculating Discrete Principal Curvatures...
      Determining geometric order for vno faces... [####################] [ ok ]
                      Determining KH curvatures... [####################] [ ok ]
                    Determining k1k2 curvatures... [####################] [ ok ]
                                   deltaViolations                      [ 214 ]
Gb_filter = 0

WARN:    S lookup   min:                          -0.136659
WARN:    S explicit min:                          0.000000	vertex = 520

#-----------------------------------------
#@# Curvature Stats rh Sat Mar 14 12:26:32 CET 2026
/out/sourcedata/freesurfer/sub-v2s9x29163_ses-1/surf

 mris_curvature_stats -m --writeCurvatureFiles -G -o ../stats/rh.curv.stats -F smoothwm sub-v2s9x29163_ses-1 rh curv sulc 

             Toggling save flag on curvature files                       [ ok ]
                 Outputting results using filestem   [ ../stats/rh.curv.stats ]
             Toggling save flag on curvature files                       [ ok ]
                                   Setting surface [ sub-v2s9x29163_ses-1/rh.smoothwm ]
                                Reading surface...                       [ ok ]
                                   Setting texture                     [ curv ]
                                Reading texture...                       [ ok ]
                                   Setting texture                     [ sulc ]
                                Reading texture...Gb_filter = 0
                       [ ok ]
      Calculating Discrete Principal Curvatures...
      Determining geometric order for vno faces... [####################] [ ok ]
                      Determining KH curvatures... [####################] [ ok ]
                    Determining k1k2 curvatures... [####################] [ ok ]
                                   deltaViolations                      [ 230 ]
Gb_filter = 0

WARN:    S lookup   min:                          -0.009624
WARN:    S explicit min:                          0.000000	vertex = 319
#-----------------------------------------
#@# Relabel Hypointensities Sat Mar 14 12:26:34 CET 2026
/out/sourcedata/freesurfer/sub-v2s9x29163_ses-1/mri

 mri_relabel_hypointensities aseg.presurf.mgz ../surf aseg.presurf.hypos.mgz 

reading input surface ../surf/lh.white...
relabeling lh hypointensities...
2973 voxels changed to hypointensity...
reading input surface ../surf/rh.white...
relabeling rh hypointensities...
3567 voxels changed to hypointensity...
6815 hypointense voxels neighboring cortex changed
#-----------------------------------------
#@# APas-to-ASeg Sat Mar 14 12:26:44 CET 2026
/out/sourcedata/freesurfer/sub-v2s9x29163_ses-1/mri

 mri_surf2volseg --o aseg.mgz --i aseg.presurf.hypos.mgz --fix-presurf-with-ribbon /out/sourcedata/freesurfer/sub-v2s9x29163_ses-1/mri/ribbon.mgz --threads 16 --lh-cortex-mask /out/sourcedata/freesurfer/sub-v2s9x29163_ses-1/label/lh.cortex.label --lh-white /out/sourcedata/freesurfer/sub-v2s9x29163_ses-1/surf/lh.white --lh-pial /out/sourcedata/freesurfer/sub-v2s9x29163_ses-1/surf/lh.pial --rh-cortex-mask /out/sourcedata/freesurfer/sub-v2s9x29163_ses-1/label/rh.cortex.label --rh-white /out/sourcedata/freesurfer/sub-v2s9x29163_ses-1/surf/rh.white --rh-pial /out/sourcedata/freesurfer/sub-v2s9x29163_ses-1/surf/rh.pial 

SUBJECTS_DIR /out/sourcedata/freesurfer
outvol aseg.mgz
16 avail.processors, using 16
Loading aseg.presurf.hypos.mgz
Loading /out/sourcedata/freesurfer/sub-v2s9x29163_ses-1/mri/ribbon.mgz
Loading /out/sourcedata/freesurfer/sub-v2s9x29163_ses-1/surf/lh.white
Loading /out/sourcedata/freesurfer/sub-v2s9x29163_ses-1/surf/lh.pial
Loading /out/sourcedata/freesurfer/sub-v2s9x29163_ses-1/label/lh.cortex.label
Loading /out/sourcedata/freesurfer/sub-v2s9x29163_ses-1/surf/rh.white
Loading /out/sourcedata/freesurfer/sub-v2s9x29163_ses-1/surf/rh.pial
Loading /out/sourcedata/freesurfer/sub-v2s9x29163_ses-1/label/rh.cortex.label
Done loading
 32 224  16 112 128  64 144  96  48 240   0 176  17   1 225 208  80 192 160 241  49  33 226  18   2 242 209  34  65  50 227   3  19 
243 210  35  51  66   4 228  20 244 211  36   5 229  67  52 245  21 212   6  37 230 246  68  53  22  81 213   7  38 231 247  23  54  69 214   8  39 
232 248  24  55  70 129 215  40   9 233 113 249  25  56  71  97 216  10  41 234 250  57  72  26  82 217  11  42 235 193 251  58  27 218  12  43 236 252  59 
 28  13 219 
 44 237 253  60  29  14 220  45 238 254  73 177  61 221  30  15  46  83 239 
255  62 222  47  31 161  63 223  74 130  84  98 194  75 114  85  76 162  86 195  77  99 
178 131  87  78 115 100  79 
163  88 196 145 179 
101 197 132  89 164 116 198  90 102 199 
 91 165 180 133 103 117 200  92 201 166 146 202 104 203 204 205  93 206 207 181 118 134 167 105  94 168 119 
106  95 182 135 147 169 107 120 136 183 170 108 121 137 148 184 171 109 122 185 138 110 172 123 186 149 187 139 
111 124 173 125 188 150 126 140 174 189 127 151 190 175 191 141 152 153 142 154 143 155 156 157 158 159 

nrelabeled = 175602
ndotcheck = 0
Starting Surf2VolSeg free
free done
#VMPC# mri_surf2volseg VmPeak  2358140
mri_surf2volseg done

 mri_brainvol_stats sub-v2s9x29163_ses-1 

ComputeBrainVolumeStats2 VoxelVol=1, KeepCSF=1
  #CBVS2 MaskVol              1325633.0
  #CBVS2 BrainSegVol          1086117.0
  #CBVS2 BrainSegVolNotVent   1077121.0
  #CBVS2 SupraTentVol          984339.0
  #CBVS2 SupraTentVolNotVent   975343.0
  #CBVS2 lhCtxGM               258318.5
  #CBVS2 rhCtxGM               273983.8
  #CBVS2 lhCerebralWM          193695.0
  #CBVS2 rhCerebralWM          197087.0
  #CBVS2 SubCortGMVol           53010.0
  #CBVS2 CerebellumVol         101778.0
  #CBVS2 CerebellumGMVol        82050.0
  #CBVS2 VentChorVol             6321.0
  #CBVS2 3rd4th5thCSF            2675.0
  #CBVS2 AllCSF                  8996.0
  #CBVS2 CCVol                   3886.0
#-----------------------------------------
#@# AParc-to-ASeg aparc Sat Mar 14 12:26:49 CET 2026
/out/sourcedata/freesurfer/sub-v2s9x29163_ses-1/mri

 mri_surf2volseg --o aparc+aseg.mgz --label-cortex --i aseg.mgz --threads 16 --lh-annot /out/sourcedata/freesurfer/sub-v2s9x29163_ses-1/label/lh.aparc.annot 1000 --lh-cortex-mask /out/sourcedata/freesurfer/sub-v2s9x29163_ses-1/label/lh.cortex.label --lh-white /out/sourcedata/freesurfer/sub-v2s9x29163_ses-1/surf/lh.white --lh-pial /out/sourcedata/freesurfer/sub-v2s9x29163_ses-1/surf/lh.pial --rh-annot /out/sourcedata/freesurfer/sub-v2s9x29163_ses-1/label/rh.aparc.annot 2000 --rh-cortex-mask /out/sourcedata/freesurfer/sub-v2s9x29163_ses-1/label/rh.cortex.label --rh-white /out/sourcedata/freesurfer/sub-v2s9x29163_ses-1/surf/rh.white --rh-pial /out/sourcedata/freesurfer/sub-v2s9x29163_ses-1/surf/rh.pial 

SUBJECTS_DIR /out/sourcedata/freesurfer
outvol aparc+aseg.mgz
16 avail.processors, using 16
Loading aseg.mgz
Loading /out/sourcedata/freesurfer/sub-v2s9x29163_ses-1/surf/lh.white
Loading /out/sourcedata/freesurfer/sub-v2s9x29163_ses-1/surf/lh.pial
Loading /out/sourcedata/freesurfer/sub-v2s9x29163_ses-1/label/lh.cortex.label
Ripping lh vertices labeled not in lh.cortex.label
  ripped 7280 vertices from lh hemi
Loading /out/sourcedata/freesurfer/sub-v2s9x29163_ses-1/label/lh.aparc.annot
Loading /out/sourcedata/freesurfer/sub-v2s9x29163_ses-1/surf/rh.white
Loading /out/sourcedata/freesurfer/sub-v2s9x29163_ses-1/surf/rh.pial
Loading /out/sourcedata/freesurfer/sub-v2s9x29163_ses-1/label/rh.cortex.label
Ripping rh vertices labeled not in rh.cortex.label
  ripped 6474 vertices from rh hemi
Loading /out/sourcedata/freesurfer/sub-v2s9x29163_ses-1/label/rh.aparc.annot
Done loading
  0  64 112  96  48 240  80 176 144 160 128  32 208 224  16 192  17 241  49 225 209  33   1  65 242  50  18 226   2  66 210  34 243  51  19 
227   3  67 211  35 244  52  20 228  68   4 212 245  36  53  21 229  69   5 213 246  37  54  22 230  70   6 214 247  38  55  23 231  71   7 215 248  39 
 56  24 232  72   8 216 249  40  57  25 233   9 217  41 250  26  58 234  10 218  42 251  27  59 
235  11  73 219 
 43 252  60  28 236  12 220  44 253  29  61 237  13 221  45 254  62  30 238  14 222  46 255  63  31 239 
 15 223  47  74  75  76  77  81  78 129 113 145  82 193  79 
161  83  97 130 177 114 146 194  84 131 162 115 147 195  85  98 196 178 132 148  86 116 163 197  99 
 87 198 133 149 117 199 
164 200 201 202 100 203 204 205 206 207 179 
 88 150 118 134 165  89 101 151 119 
135 180 166 120  90 102 152 136 121 167 103  91 181 153 122 137 168  92 154 123 104 182 124 155 138  93 105 169 125 156 183  94 139 
106 126 157 170  95 184 127 107 158 140 159 
171 185 108 141 186 172 109 142 187 110 173 143 188 111 189 174 190 175 191 
nrelabeled = 531549
ndotcheck = 48687
Starting Surf2VolSeg free
free done
#VMPC# mri_surf2volseg VmPeak  2125956
mri_surf2volseg done
#-----------------------------------------
#@# AParc-to-ASeg aparc.a2009s Sat Mar 14 12:27:09 CET 2026
/out/sourcedata/freesurfer/sub-v2s9x29163_ses-1/mri

 mri_surf2volseg --o aparc.a2009s+aseg.mgz --label-cortex --i aseg.mgz --threads 16 --lh-annot /out/sourcedata/freesurfer/sub-v2s9x29163_ses-1/label/lh.aparc.a2009s.annot 11100 --lh-cortex-mask /out/sourcedata/freesurfer/sub-v2s9x29163_ses-1/label/lh.cortex.label --lh-white /out/sourcedata/freesurfer/sub-v2s9x29163_ses-1/surf/lh.white --lh-pial /out/sourcedata/freesurfer/sub-v2s9x29163_ses-1/surf/lh.pial --rh-annot /out/sourcedata/freesurfer/sub-v2s9x29163_ses-1/label/rh.aparc.a2009s.annot 12100 --rh-cortex-mask /out/sourcedata/freesurfer/sub-v2s9x29163_ses-1/label/rh.cortex.label --rh-white /out/sourcedata/freesurfer/sub-v2s9x29163_ses-1/surf/rh.white --rh-pial /out/sourcedata/freesurfer/sub-v2s9x29163_ses-1/surf/rh.pial 

SUBJECTS_DIR /out/sourcedata/freesurfer
outvol aparc.a2009s+aseg.mgz
16 avail.processors, using 16
Loading aseg.mgz
Loading /out/sourcedata/freesurfer/sub-v2s9x29163_ses-1/surf/lh.white
Loading /out/sourcedata/freesurfer/sub-v2s9x29163_ses-1/surf/lh.pial
Loading /out/sourcedata/freesurfer/sub-v2s9x29163_ses-1/label/lh.cortex.label
Ripping lh vertices labeled not in lh.cortex.label
  ripped 7280 vertices from lh hemi
Loading /out/sourcedata/freesurfer/sub-v2s9x29163_ses-1/label/lh.aparc.a2009s.annot
Loading /out/sourcedata/freesurfer/sub-v2s9x29163_ses-1/surf/rh.white
Loading /out/sourcedata/freesurfer/sub-v2s9x29163_ses-1/surf/rh.pial
Loading /out/sourcedata/freesurfer/sub-v2s9x29163_ses-1/label/rh.cortex.label
Ripping rh vertices labeled not in rh.cortex.label
  ripped 6474 vertices from rh hemi
Loading /out/sourcedata/freesurfer/sub-v2s9x29163_ses-1/label/rh.aparc.a2009s.annot
Done loading
144 128   0  32 224 112 208  96 240 160  48 192  80  16  64 241  17 176   1 209  33 225  49  65  18 242   2 210 226  50  34  66 243  19 
  3 211  51 227  35  67  20 244   4 212  52  36 228  68  21 245   5 213  53  37 229  69  22 246   6 214  54 230  38  70  23 247   7 215  55 231  39 
 71  24   8 248 216  56 232  40  72  25   9 249  57 217 233  41  26  10 250  58 218  42 234  27  11 251  59 
219 
 73  43 235  28  12 252  60 220  44 236  29  13 253  61 221  45 237  30  14 254  62 222 238  46  31  15  63 255 223 239 
 47  74  75  76  77  81  78 129 113  82 145  79 
193  83 161  97 130 177 114 146 194  84 131 162 115  85 147 195  98 132 178  86 163 196 148 116 197  87 133 164  99 
149 198 117  88 179 
134 199 
165 200 201 202 203 204 205 206 207 150 100  89 166 118 135 101 151 167 180  90 119 
136 102 168 152  91 120 181 103 169 137 153  92 104 121 170 182 138  93 154 105 122 171  94 155 183 139 
123 106 156 172  95 107 124 184 140 157 173 108 125 185 141 158 109 174 186 126 142 159 
110 175 187 127 111 143 188 189 190 191 
nrelabeled = 531549
ndotcheck = 48687
Starting Surf2VolSeg free
free done
#VMPC# mri_surf2volseg VmPeak  1861468
mri_surf2volseg done
#-----------------------------------------
#@# AParc-to-ASeg aparc.DKTatlas Sat Mar 14 12:27:30 CET 2026
/out/sourcedata/freesurfer/sub-v2s9x29163_ses-1/mri

 mri_surf2volseg --o aparc.DKTatlas+aseg.mgz --label-cortex --i aseg.mgz --threads 16 --lh-annot /out/sourcedata/freesurfer/sub-v2s9x29163_ses-1/label/lh.aparc.DKTatlas.annot 1000 --lh-cortex-mask /out/sourcedata/freesurfer/sub-v2s9x29163_ses-1/label/lh.cortex.label --lh-white /out/sourcedata/freesurfer/sub-v2s9x29163_ses-1/surf/lh.white --lh-pial /out/sourcedata/freesurfer/sub-v2s9x29163_ses-1/surf/lh.pial --rh-annot /out/sourcedata/freesurfer/sub-v2s9x29163_ses-1/label/rh.aparc.DKTatlas.annot 2000 --rh-cortex-mask /out/sourcedata/freesurfer/sub-v2s9x29163_ses-1/label/rh.cortex.label --rh-white /out/sourcedata/freesurfer/sub-v2s9x29163_ses-1/surf/rh.white --rh-pial /out/sourcedata/freesurfer/sub-v2s9x29163_ses-1/surf/rh.pial 

SUBJECTS_DIR /out/sourcedata/freesurfer
outvol aparc.DKTatlas+aseg.mgz
16 avail.processors, using 16
Loading aseg.mgz
Loading /out/sourcedata/freesurfer/sub-v2s9x29163_ses-1/surf/lh.white
Loading /out/sourcedata/freesurfer/sub-v2s9x29163_ses-1/surf/lh.pial
Loading /out/sourcedata/freesurfer/sub-v2s9x29163_ses-1/label/lh.cortex.label
Ripping lh vertices labeled not in lh.cortex.label
  ripped 7280 vertices from lh hemi
Loading /out/sourcedata/freesurfer/sub-v2s9x29163_ses-1/label/lh.aparc.DKTatlas.annot
Loading /out/sourcedata/freesurfer/sub-v2s9x29163_ses-1/surf/rh.white
Loading /out/sourcedata/freesurfer/sub-v2s9x29163_ses-1/surf/rh.pial
Loading /out/sourcedata/freesurfer/sub-v2s9x29163_ses-1/label/rh.cortex.label
Ripping rh vertices labeled not in rh.cortex.label
  ripped 6474 vertices from rh hemi
Loading /out/sourcedata/freesurfer/sub-v2s9x29163_ses-1/label/rh.aparc.DKTatlas.annot
Done loading
 32 112 208   0  16 144  48 160  96 128 176 224  64  80 240 192 209  65  33   1  49 225  17 241  66 210  34   2 226  18 242  50  35 211  67   3 243  19 
 51 227  36  68 212   4 244  52  20 228  37  69 213   5 245  53  21 229  38 214  70   6 246  22  54 230  39 
215  71   7  55  23 247 231  40  72 216   8  56  24 248 232  41   9 217  57  25 249 233  42  10 218  58  26 250 234  11  43 219 
 59 
 27  73 251 235  12  44 220  60  28 252 236  13  45 221  29  61 253 237  14  46 222  62  30 254 238  15  47 223  63 255  31 239 
 74  75  76  77  81  78 129 113 145  82  79 
193 161  83  97 130 177 114 146 194  84 131 162 147 195 115  85  98 196 132 178 163 148  86 116 197 133  87 164 149 198  99 
117 199 
 88 179 
200 134 201 202 203 204 205 206 207 165 150 118 100  89 166 135 119 
151 180 167  90 101 136 120 152 168  91 181 102 121 137 169 122  92 153 182 103 138 123  93 170 154 104 124 183  94 139 
171 155 125 105 184  95 140 126 156 172 106 185 127 157 141 173 186 107 158 142 174 187 108 143 175 159 
188 109 189 110 190 191 111 
nrelabeled = 531549
ndotcheck = 48687
Starting Surf2VolSeg free
free done
#VMPC# mri_surf2volseg VmPeak  1861376
mri_surf2volseg done
#-----------------------------------------
#@# WMParc Sat Mar 14 12:27:51 CET 2026
/out/sourcedata/freesurfer/sub-v2s9x29163_ses-1/mri

 mri_surf2volseg --o wmparc.mgz --label-wm --i aparc+aseg.mgz --threads 16 --lh-annot /out/sourcedata/freesurfer/sub-v2s9x29163_ses-1/label/lh.aparc.annot 3000 --lh-cortex-mask /out/sourcedata/freesurfer/sub-v2s9x29163_ses-1/label/lh.cortex.label --lh-white /out/sourcedata/freesurfer/sub-v2s9x29163_ses-1/surf/lh.white --lh-pial /out/sourcedata/freesurfer/sub-v2s9x29163_ses-1/surf/lh.pial --rh-annot /out/sourcedata/freesurfer/sub-v2s9x29163_ses-1/label/rh.aparc.annot 4000 --rh-cortex-mask /out/sourcedata/freesurfer/sub-v2s9x29163_ses-1/label/rh.cortex.label --rh-white /out/sourcedata/freesurfer/sub-v2s9x29163_ses-1/surf/rh.white --rh-pial /out/sourcedata/freesurfer/sub-v2s9x29163_ses-1/surf/rh.pial 

SUBJECTS_DIR /out/sourcedata/freesurfer
outvol wmparc.mgz
16 avail.processors, using 16
Loading aparc+aseg.mgz
Loading /out/sourcedata/freesurfer/sub-v2s9x29163_ses-1/surf/lh.white
Loading /out/sourcedata/freesurfer/sub-v2s9x29163_ses-1/surf/lh.pial
Loading /out/sourcedata/freesurfer/sub-v2s9x29163_ses-1/label/lh.cortex.label
Ripping lh vertices labeled not in lh.cortex.label
  ripped 7280 vertices from lh hemi
Loading /out/sourcedata/freesurfer/sub-v2s9x29163_ses-1/label/lh.aparc.annot
Loading /out/sourcedata/freesurfer/sub-v2s9x29163_ses-1/surf/rh.white
Loading /out/sourcedata/freesurfer/sub-v2s9x29163_ses-1/surf/rh.pial
Loading /out/sourcedata/freesurfer/sub-v2s9x29163_ses-1/label/rh.cortex.label
Ripping rh vertices labeled not in rh.cortex.label
  ripped 6474 vertices from rh hemi
Loading /out/sourcedata/freesurfer/sub-v2s9x29163_ses-1/label/rh.aparc.annot
Done loading
 96  32 160 128 112  16  48 224  80 208  64 240 176 192   0 144  65 241  17 225 209  33   1  49  50 210  34  18 226   2 242  66  51  35 211   3 227  19 
243  67  36  52 212  20   4 228 244  68  37  53 213   5  21 229 245  38  69  54 214   6 230  22 246  39 
 81  70  55 215   7 231  23  40 247  56 216  71   8 232  41  24 248  57  72 217   9  42 233  25 249  58 218  73  10  43 234  26 250  59 
219 
 11  74  44 235  27  60 251 220  12  45  75 236 252  61  28  13 221  76  46 237 253  62  29  14 222  47  63 238 254  30  77  15 223 239 
255  31  78  82  79 
 83 145 193  84  97 194  85 146 195  86 177 129 196 147 113  98  87 197 161 198  88 199 
200 201 202 203 204 205 206 207 148  99 
 89 130 178 149 114  90 100 131 162  91 150 179 
101  92 115 132 151 180 102  93 163 133 152  94 181 103 116 134  95 182 164 104 135 153 117 183 136 105 184 137 165 154 185 106 118 138 186 139 
187 107 155 166 140 188 141 119 
189 142 108 190 143 156 191 167 109 120 157 110 168 111 121 158 169 170 159 
122 171 123 172 173 124 174 125 175 126 127 
nrelabeled = 386896
ndotcheck = 3449
Starting Surf2VolSeg free
free done
#VMPC# mri_surf2volseg VmPeak  1861392
mri_surf2volseg done

 mri_segstats --seed 1234 --seg mri/wmparc.mgz --sum stats/wmparc.stats --pv mri/norm.mgz --excludeid 0 --brainmask mri/brainmask.mgz --in mri/norm.mgz --in-intensity-name norm --in-intensity-units MR --subject sub-v2s9x29163_ses-1 --surf-wm-vol --ctab /opt/freesurfer/WMParcStatsLUT.txt --etiv 

setting seed for random number genererator to 1234

7.3.2
cwd 
cmdline mri_segstats --seed 1234 --seg mri/wmparc.mgz --sum stats/wmparc.stats --pv mri/norm.mgz --excludeid 0 --brainmask mri/brainmask.mgz --in mri/norm.mgz --in-intensity-name norm --in-intensity-units MR --subject sub-v2s9x29163_ses-1 --surf-wm-vol --ctab /opt/freesurfer/WMParcStatsLUT.txt --etiv 
sysname  Linux
hostname dna075
machine  x86_64
user     oesteban
whitesurfname  white
UseRobust  0
atlas_icv (eTIV) = 1318229 mm^3    (det: 1.477820 )
Loading mri/wmparc.mgz
Getting Brain Volume Statistics
Loading mri/norm.mgz
Loading mri/norm.mgz
Voxel Volume is 1 mm^3
Generating list of segmentation ids
Found 390 segmentations
Computing statistics for each segmentation

Reporting on  70 segmentations
Using PrintSegStat
mri_segstats done
#--------------------------------------------
#@# ASeg Stats Sat Mar 14 12:29:26 CET 2026
/out/sourcedata/freesurfer/sub-v2s9x29163_ses-1

 mri_segstats --seed 1234 --seg mri/aseg.mgz --sum stats/aseg.stats --pv mri/norm.mgz --empty --brainmask mri/brainmask.mgz --brain-vol-from-seg --excludeid 0 --excl-ctxgmwm --supratent --subcortgray --in mri/norm.mgz --in-intensity-name norm --in-intensity-units MR --etiv --surf-wm-vol --surf-ctx-vol --totalgray --euler --ctab /opt/freesurfer/ASegStatsLUT.txt --subject sub-v2s9x29163_ses-1 

setting seed for random number genererator to 1234

7.3.2
cwd 
cmdline mri_segstats --seed 1234 --seg mri/aseg.mgz --sum stats/aseg.stats --pv mri/norm.mgz --empty --brainmask mri/brainmask.mgz --brain-vol-from-seg --excludeid 0 --excl-ctxgmwm --supratent --subcortgray --in mri/norm.mgz --in-intensity-name norm --in-intensity-units MR --etiv --surf-wm-vol --surf-ctx-vol --totalgray --euler --ctab /opt/freesurfer/ASegStatsLUT.txt --subject sub-v2s9x29163_ses-1 
sysname  Linux
hostname dna075
machine  x86_64
user     oesteban
whitesurfname  white
UseRobust  0
atlas_icv (eTIV) = 1318229 mm^3    (det: 1.477820 )
Computing euler number
orig.nofix lheno =  -88, rheno = -100
orig.nofix lhholes =   45, rhholes = 51
Loading mri/aseg.mgz
Getting Brain Volume Statistics
Loading mri/norm.mgz
Loading mri/norm.mgz
Voxel Volume is 1 mm^3
Generating list of segmentation ids
Found  50 segmentations
Computing statistics for each segmentation

Reporting on  45 segmentations
Using PrintSegStat
mri_segstats done

Started at Sat Mar 14 12:26:31 CET 2026 
Ended   at Sat Mar 14 12:29:41 CET 2026
#@#%# recon-all-run-time-hours 0.053
recon-all -s sub-v2s9x29163_ses-1 finished without error at Sat Mar 14 12:29:41 CET 2026
