#!ascii label  , from subject sub-v2s9x29169_ses-1 vox2ras=TkReg
2528
26762  -11.476  -50.088  15.304 0.6250000000
26752  -11.414  -50.245  16.505 0.6250000000
27660  -11.816  -49.350  15.751 0.6250000000
27672  -11.784  -49.404  14.668 0.6250000000
113747  -12.098  -48.673  15.096 0.6250000000
27661  -12.046  -48.483  16.157 0.5000000000
27648  -11.887  -48.320  17.147 0.5000000000
27683  -12.085  -48.717  13.940 0.6250000000
27673  -12.269  -48.141  14.631 0.6250000000
28592  -12.491  -47.399  14.697 0.6250000000
28582  -12.169  -47.579  16.501 0.5000000000
27684  -12.521  -48.246  13.125 0.5000000000
128222  -12.335  -46.970  16.360 0.5000000000
28574  -12.049  -47.593  17.475 0.5000000000
114580  -12.410  -47.125  15.742 0.5000000000
29488  -12.823  -46.134  16.899 0.5000000000
29502  -12.638  -46.456  16.173 0.5000000000
30439  -13.188  -45.650  16.381 0.6250000000
30440  -13.740  -44.961  16.156 0.6250000000
30422  -13.329  -45.665  17.301 0.5000000000
127312  -13.883  -45.263  17.738 0.1250000000
30423  -13.834  -45.119  17.015 0.3750000000
31375  -14.229  -44.366  15.906 0.6250000000
117305  -14.776  -44.577  18.548 0.1250000000
31376  -14.836  -43.962  16.467 0.5000000000
31350  -14.474  -44.702  17.728 0.2500000000
32279  -15.403  -43.339  16.194 0.6250000000
111414  -15.145  -43.152  15.221 0.6250000000
30407  -14.184  -45.133  18.521 0.1250000000
39673  -32.583  -35.451  21.863 0.3750000000
31351  -15.205  -44.156  18.161 0.1250000000
121952  -32.297  -35.399  21.136 0.3750000000
122407  -32.953  -35.609  21.220 0.3750000000
31363  -15.008  -44.131  17.290 0.3750000000
39684  -32.714  -35.504  20.401 0.3750000000
39685  -33.621  -35.815  20.844 0.3750000000
122805  -34.258  -36.016  20.407 0.3750000000
110201  -32.438  -35.153  17.972 0.7500000000
39707  -32.690  -35.367  18.801 0.5000000000
39695  -32.936  -35.528  19.546 0.5000000000
38699  -34.445  -36.032  19.694 0.5000000000
120137  -35.004  -36.292  20.344 0.5000000000
38687  -36.840  -36.625  20.378 0.3750000000
33253  -15.766  -42.742  15.751 0.7500000000
38713  -34.079  -35.738  18.386 0.7500000000
116319  -34.771  -36.037  18.852 0.6250000000
38700  -35.288  -36.298  19.578 0.5000000000
38701  -36.025  -36.491  19.434 0.5000000000
38702  -36.808  -36.639  19.327 0.3750000000
38716  -37.596  -36.655  18.832 0.3750000000
117374  -38.144  -36.665  18.417 0.3750000000
33298  -16.023  -41.839  14.335 0.7500000000
39719  -32.175  -34.959  17.204 0.8750000000
39721  -33.899  -35.553  17.714 0.8750000000
38714  -35.531  -36.155  18.247 0.7500000000
38728  -36.872  -36.550  17.661 0.5000000000
37786  -37.853  -36.728  17.856 0.3750000000
37787  -38.433  -36.707  17.733 0.3750000000
38717  -38.742  -36.569  18.479 0.3750000000
39720  -33.022  -35.271  17.442 0.8750000000
38726  -35.421  -35.990  17.452 0.7500000000
38727  -36.190  -36.322  17.622 0.5000000000
37795  -37.514  -36.731  17.167 0.6250000000
37796  -38.131  -36.810  17.159 0.5000000000
37797  -38.609  -36.677  17.202 0.3750000000
39750  -34.409  -35.490  16.346 1.0000000000
38736  -35.384  -35.866  16.582 0.7500000000
38738  -36.772  -36.503  16.832 0.8750000000
37806  -37.930  -36.837  16.491 0.5000000000
37807  -38.443  -36.726  16.683 0.5000000000
114797  -34.142  -35.283  15.475 1.0000000000
38751  -35.189  -35.701  15.686 1.0000000000
38752  -36.146  -36.111  15.538 0.8750000000
109712  -36.802  -36.458  15.254 0.7500000000
37817  -37.325  -36.669  15.494 0.7500000000
37818  -37.778  -36.785  15.756 0.6250000000
37819  -38.304  -36.763  16.030 0.5000000000
120897  -34.799  -35.456  14.792 1.0000000000
119554  -35.612  -35.802  14.948 1.0000000000
38766  -37.102  -36.592  14.714 0.7500000000
37830  -37.632  -36.734  14.970 0.6250000000
37831  -38.190  -36.754  15.250 0.6250000000
39761  -33.864  -35.062  14.586 1.0000000000
39771  -34.569  -35.260  13.909 1.0000000000
38764  -35.476  -35.647  14.144 1.0000000000
110199  -36.835  -36.429  13.833 0.8750000000
38767  -37.450  -36.671  14.113 0.7500000000
113556  -35.958  -35.871  12.707 1.0000000000
108577  -36.601  -36.286  12.898 0.8750000000
38789  -37.052  -36.574  12.288 0.8750000000
39772  -35.242  -35.490  13.137 1.0000000000
38788  -36.240  -36.208  11.907 0.8750000000
39793  -33.962  -34.886  11.902 1.0000000000
39794  -34.764  -35.325  11.604 1.0000000000
39795  -35.526  -35.807  11.281 1.0000000000
38799  -36.252  -36.231  10.864 1.0000000000
38811  -36.954  -36.370  10.370 1.0000000000
39805  -34.147  -34.930  11.065 1.0000000000
39806  -34.883  -35.433  10.757 1.0000000000
39807  -35.588  -35.899  10.376 1.0000000000
38810  -36.262  -36.240  9.976 1.0000000000
36127  -23.788  -39.286  6.540 0.1250000000
36998  -24.058  -38.514  6.488 0.1250000000
39819  -34.891  -35.507  9.825 1.0000000000
39820  -35.678  -35.979  9.533 1.0000000000
38841  -36.084  -36.239  7.942 1.0000000000
39830  -34.043  -35.018  8.862 1.0000000000
125537  -34.645  -35.466  8.500 1.0000000000
39848  -35.486  -36.092  7.374 1.0000000000
37915  -26.062  -37.527  5.407 0.1250000000
37020  -27.253  -37.872  5.551 0.1250000000
37021  -28.111  -37.422  5.974 0.1250000000
40899  -33.437  -34.749  7.602 1.0000000000
39847  -34.725  -35.634  7.688 1.0000000000
38878  -35.113  -36.147  5.893 1.0000000000
40938  -32.571  -34.441  5.282 0.8750000000
40916  -33.377  -34.839  6.701 1.0000000000
113166  -34.475  -35.777  5.926 1.0000000000
39888  -35.350  -36.144  5.033 1.0000000000
38876  -29.338  -36.427  4.967 0.3750000000
39904  -32.694  -35.061  3.774 0.8750000000
39887  -33.905  -35.452  5.408 0.8750000000
39920  -34.244  -35.924  3.522 0.8750000000
39921  -35.136  -36.127  3.250 0.8750000000
39916  -29.559  -34.933  4.011 0.6250000000
39917  -30.187  -35.565  3.751 0.6250000000
32261  -15.982  -43.124  17.003 0.5000000000
32239  -15.620  -43.628  17.666 0.2500000000
39683  -30.662  -34.824  20.477 0.5000000000
39694  -31.153  -34.889  19.880 0.5000000000
126282  -31.625  -35.126  20.624 0.5000000000
127495  -15.879  -42.904  16.357 0.6250000000
39693  -30.976  -34.818  19.028 0.5000000000
112072  -31.983  -35.154  19.538 0.5000000000
33276  -16.270  -42.178  15.387 0.7500000000
39706  -31.804  -35.014  18.518 0.6250000000
116712  -38.181  -36.583  19.363 0.3750000000
107671  -16.724  -41.283  14.207 0.8750000000
39705  -31.082  -34.810  18.160 0.6250000000
120113  -31.618  -34.883  17.686 0.7500000000
38729  -39.174  -36.539  17.644 0.3750000000
122492  -17.128  -40.787  13.530 0.8750000000
39732  -30.632  -34.644  16.589 0.7500000000
121836  -31.385  -34.785  16.927 0.8750000000
39735  -33.670  -35.355  16.920 0.8750000000
122489  -39.030  -36.528  16.906 0.3750000000
35132  -17.292  -40.542  12.589 0.8750000000
39733  -31.905  -34.783  16.593 0.8750000000
39734  -32.700  -35.021  16.609 0.8750000000
119904  -39.721  -36.376  17.064 0.2500000000
35133  -17.916  -40.094  11.998 0.7500000000
119875  -30.550  -34.556  15.903 0.8750000000
39746  -30.864  -34.509  15.322 0.8750000000
39748  -32.719  -34.887  15.875 1.0000000000
39749  -33.455  -35.172  16.104 1.0000000000
37808  -39.427  -36.417  16.529 0.3750000000
37820  -38.888  -36.600  16.294 0.3750000000
36058  -18.594  -39.717  11.300 0.7500000000
40796  -31.846  -34.503  14.436 0.8750000000
39760  -32.236  -34.663  15.241 1.0000000000
117584  -33.212  -34.910  15.298 1.0000000000
37839  -38.089  -36.741  14.378 0.5000000000
38754  -38.803  -36.608  15.564 0.5000000000
107924  -19.718  -39.398  9.952 0.5000000000
38779  -38.752  -36.553  13.689 0.5000000000
38768  -38.759  -36.586  14.674 0.5000000000
36086  -21.027  -38.659  9.624 0.6250000000
39781  -33.824  -34.769  12.740 1.0000000000
38791  -38.640  -36.488  12.607 0.7500000000
36966  -21.579  -38.141  9.695 0.6250000000
122683  -34.409  -35.048  13.172 1.0000000000
38813  -38.342  -36.064  10.983 1.0000000000
38801  -37.896  -36.459  11.743 0.8750000000
121390  -22.167  -38.473  8.151 0.5000000000
40843  -33.268  -34.570  11.345 1.0000000000
39808  -38.060  -35.966  10.373 1.0000000000
38812  -37.669  -36.316  10.755 1.0000000000
36987  -22.688  -38.739  7.480 0.3750000000
122724  -23.175  -38.052  7.485 0.5000000000
39818  -34.298  -35.091  10.323 1.0000000000
125024  -37.603  -35.740  9.300 1.0000000000
38824  -37.611  -36.105  9.979 1.0000000000
36988  -23.387  -38.617  6.937 0.5000000000
41964  -31.311  -33.527  8.572 1.0000000000
41948  -31.277  -33.606  9.420 1.0000000000
41949  -32.030  -33.726  9.169 1.0000000000
40855  -32.694  -34.142  9.760 1.0000000000
40868  -33.430  -34.591  9.329 1.0000000000
123967  -34.113  -35.017  9.641 1.0000000000
38843  -37.414  -35.712  7.773 1.0000000000
38833  -36.777  -36.084  8.549 1.0000000000
36999  -24.771  -38.338  5.951 0.1250000000
37896  -24.653  -37.505  6.276 0.1250000000
40867  -32.766  -34.189  8.848 1.0000000000
40884  -33.439  -34.648  8.460 1.0000000000
38842  -36.756  -36.133  7.629 1.0000000000
38872  -26.341  -36.683  5.382 0.2500000000
38873  -27.036  -36.407  5.188 0.1250000000
38874  -27.858  -36.148  5.118 0.1250000000
38875  -28.668  -36.273  5.096 0.1250000000
41984  -31.411  -33.584  7.737 1.0000000000
41985  -32.116  -33.903  7.431 1.0000000000
40898  -32.763  -34.370  7.082 1.0000000000
39865  -37.739  -35.229  6.049 0.8750000000
38856  -36.358  -36.332  6.371 1.0000000000
40915  -32.717  -34.424  6.200 1.0000000000
39890  -37.448  -35.012  4.849 0.8750000000
39907  -36.519  -35.682  4.279 0.7500000000
39903  -29.036  -35.265  4.392 0.6250000000
40970  -30.278  -34.649  3.814 0.6250000000
40957  -31.401  -34.111  4.240 0.7500000000
40937  -31.804  -33.984  5.011 0.7500000000
39922  -36.484  -35.749  3.277 0.7500000000
39936  -36.240  -35.957  2.887 0.7500000000
33254  -16.400  -42.500  16.390 0.6250000000
40727  -30.521  -34.738  19.742 0.5000000000
110471  -30.063  -34.621  19.196 0.6250000000
108846  -28.498  -34.237  17.972 0.6250000000
40741  -28.000  -34.210  18.729 0.6250000000
115167  -29.335  -34.449  17.976 0.6250000000
40753  -28.208  -34.054  17.266 0.7500000000
34239  -17.415  -40.947  14.690 0.8750000000
40743  -30.241  -34.647  18.214 0.6250000000
106994  -28.934  -34.309  17.233 0.7500000000
127767  -28.596  -34.170  16.820 0.7500000000
112954  -17.902  -40.252  13.140 0.8750000000
39717  -29.851  -34.535  17.113 0.7500000000
40764  -29.028  -34.305  16.334 0.7500000000
35106  -18.550  -39.923  13.664 0.7500000000
40765  -29.939  -34.485  16.137 0.8750000000
40779  -29.441  -34.345  15.615 0.7500000000
36043  -18.845  -39.606  12.235 0.7500000000
40780  -30.064  -34.426  15.406 0.8750000000
38770  -39.854  -36.142  15.443 0.3750000000
38755  -39.403  -36.423  15.903 0.3750000000
38769  -39.332  -36.356  15.060 0.3750000000
36059  -19.297  -39.314  11.611 0.7500000000
40795  -31.030  -34.375  14.546 0.8750000000
120341  -30.527  -34.101  13.936 0.8750000000
119732  -39.742  -36.009  14.700 0.3750000000
36953  -20.390  -38.526  11.407 0.7500000000
36960  -20.975  -38.137  10.959 0.7500000000
40810  -31.333  -34.270  13.808 1.0000000000
38792  -39.439  -36.172  12.960 0.3750000000
36959  -20.503  -38.735  10.324 0.7500000000
111596  -21.153  -38.303  10.252 0.7500000000
40825  -31.534  -34.135  13.006 1.0000000000
40812  -33.052  -34.485  13.083 1.0000000000
40842  -32.402  -34.349  11.735 1.0000000000
40826  -32.325  -34.347  12.607 1.0000000000
39796  -38.757  -35.548  11.176 1.0000000000
38802  -38.887  -36.134  11.659 0.8750000000
37878  -22.992  -37.134  8.674 0.6250000000
124713  -31.640  -33.935  10.672 1.0000000000
39809  -38.317  -35.496  10.487 1.0000000000
37877  -22.722  -37.878  8.075 0.5000000000
109827  -23.325  -37.316  7.849 0.6250000000
41930  -31.897  -33.809  9.990 1.0000000000
40886  -37.938  -35.103  8.995 1.0000000000
39821  -37.990  -35.529  9.843 1.0000000000
41963  -30.450  -33.414  8.882 1.0000000000
37886  -24.271  -37.155  6.827 0.5000000000
38840  -24.399  -36.434  7.197 0.3750000000
41983  -30.555  -33.342  7.812 1.0000000000
38854  -25.602  -36.737  5.725 0.2500000000
39885  -26.551  -35.813  5.355 0.2500000000
121582  -30.972  -33.417  7.356 1.0000000000
42004  -31.336  -33.568  6.886 0.8750000000
39849  -37.900  -35.192  7.080 1.0000000000
39886  -27.354  -35.376  5.017 0.3750000000
39901  -27.961  -34.532  4.840 0.6250000000
39902  -28.325  -35.366  4.700 0.3750000000
109967  -30.680  -33.387  6.297 0.8750000000
40954  -28.873  -34.446  4.502 0.6250000000
40955  -29.739  -34.149  4.282 0.7500000000
42040  -30.925  -33.653  4.854 0.7500000000
39937  -36.882  -35.560  2.902 0.7500000000
33255  -17.101  -42.030  16.811 0.6250000000
34226  -16.919  -41.848  15.913 0.6250000000
114207  -17.322  -41.362  15.501 0.6250000000
118795  -23.424  -35.152  16.112 0.8750000000
39744  -23.441  -35.139  15.257 1.0000000000
40774  -24.594  -34.384  15.620 1.0000000000
108265  -25.744  -33.854  16.295 0.8750000000
107464  -27.380  -33.851  17.123 0.8750000000
38763  -22.935  -35.630  14.842 1.0000000000
40776  -26.387  -33.639  15.876 0.8750000000
107463  -27.252  -33.656  16.251 0.7500000000
107397  -28.153  -33.951  16.497 0.7500000000
38719  -40.025  -36.254  17.805 0.2500000000
38775  -22.341  -36.365  13.820 1.0000000000
122884  -23.909  -34.739  15.692 1.0000000000
40775  -25.505  -33.928  15.481 0.8750000000
40777  -27.994  -33.840  15.742 0.8750000000
126920  -28.500  -34.085  15.987 0.8750000000
36045  -19.886  -38.955  12.824 1.0000000000
125609  -22.754  -36.075  13.380 1.0000000000
39757  -23.546  -35.202  14.292 1.0000000000
40788  -24.871  -34.276  14.785 1.0000000000
40789  -25.682  -33.975  14.535 0.8750000000
107462  -27.201  -33.617  15.384 0.8750000000
40791  -27.989  -33.800  14.988 0.8750000000
40793  -29.382  -34.187  14.866 0.8750000000
38739  -40.399  -36.114  17.151 0.2500000000
36044  -19.433  -39.246  12.370 0.7500000000
36944  -20.380  -38.484  12.340 1.0000000000
39767  -23.351  -35.574  13.308 1.0000000000
122223  -23.951  -35.058  13.582 1.0000000000
40803  -25.100  -34.338  13.959 1.0000000000
107461  -27.174  -33.670  14.554 0.8750000000
40806  -28.076  -33.742  14.179 0.8750000000
39751  -40.362  -35.783  15.684 0.2500000000
36072  -19.813  -39.019  10.987 0.6250000000
36954  -20.912  -38.051  11.854 0.8750000000
40790  -26.411  -33.791  14.282 0.8750000000
112964  -28.738  -33.752  13.648 0.8750000000
40808  -29.617  -33.908  13.972 0.8750000000
39763  -40.190  -35.592  14.924 0.3750000000
127781  -27.976  -33.629  13.456 0.8750000000
39784  -39.683  -35.515  12.461 0.3750000000
40813  -39.852  -34.801  13.763 0.3750000000
37860  -21.550  -37.802  10.562 0.7500000000
38808  -22.619  -36.835  10.515 0.7500000000
40823  -29.288  -33.768  13.064 1.0000000000
40839  -29.879  -33.656  12.289 1.0000000000
40824  -30.790  -33.869  12.541 1.0000000000
39797  -39.302  -35.516  11.832 0.5000000000
40829  -39.596  -34.759  12.876 0.3750000000
37868  -22.729  -36.987  9.583 0.6250000000
41914  -29.250  -33.497  11.368 1.0000000000
126497  -30.484  -33.735  11.998 1.0000000000
111601  -31.626  -34.115  12.144 1.0000000000
109840  -22.233  -37.829  8.959 0.6250000000
41927  -29.686  -33.597  10.528 1.0000000000
41916  -31.040  -33.844  10.950 1.0000000000
40857  -38.448  -34.944  10.693 1.0000000000
38821  -23.790  -35.912  8.999 0.7500000000
41947  -29.975  -33.596  9.687 1.0000000000
41928  -30.465  -33.710  10.396 1.0000000000
41933  -37.921  -34.526  10.110 1.0000000000
38832  -23.643  -36.470  8.354 0.5000000000
39828  -24.268  -35.669  8.444 0.6250000000
41962  -29.474  -33.393  8.815 1.0000000000
123846  -30.657  -33.634  9.727 1.0000000000
40885  -37.858  -34.457  8.281 1.0000000000
40869  -37.859  -34.560  9.190 1.0000000000
38839  -23.883  -36.855  7.514 0.5000000000
39859  -24.827  -36.002  6.938 0.7500000000
107626  -29.065  -33.283  7.862 1.0000000000
107460  -29.826  -33.289  8.080 1.0000000000
40900  -38.060  -34.263  7.383 1.0000000000
38853  -24.866  -36.730  6.404 0.5000000000
39860  -25.387  -35.849  6.293 0.5000000000
39861  -26.007  -35.294  5.792 0.5000000000
42002  -29.204  -33.265  6.220 0.7500000000
41982  -29.675  -33.217  7.140 1.0000000000
42003  -30.498  -33.308  6.958 0.8750000000
123302  -38.161  -33.185  5.073 0.8750000000
42007  -38.393  -33.139  6.031 0.8750000000
40934  -26.702  -34.929  5.400 0.5000000000
116332  -27.326  -34.577  5.158 0.6250000000
40935  -27.760  -33.973  5.263 0.7500000000
42001  -28.489  -33.357  6.160 0.7500000000
42025  -30.402  -33.425  5.552 0.7500000000
40936  -28.419  -33.870  4.936 0.6250000000
42038  -29.202  -33.722  4.796 0.7500000000
42039  -30.050  -33.622  4.784 0.7500000000
107637  -17.589  -41.419  16.304 0.6250000000
34227  -17.846  -40.908  15.546 0.7500000000
35105  -18.193  -40.469  14.910 0.8750000000
35117  -17.948  -40.386  14.068 0.8750000000
128243  -18.566  -40.089  14.404 0.8750000000
36017  -19.204  -39.602  14.297 1.0000000000
36030  -19.936  -39.035  13.828 1.0000000000
127361  -20.447  -38.487  13.946 1.0000000000
37829  -21.871  -36.706  14.375 1.0000000000
38750  -22.882  -35.594  15.641 1.0000000000
37828  -21.293  -37.406  14.155 1.0000000000
36029  -19.203  -39.455  13.162 1.0000000000
36936  -20.401  -38.506  13.218 1.0000000000
36937  -20.837  -37.986  13.607 1.0000000000
37847  -21.892  -37.041  12.678 1.0000000000
115472  -22.356  -36.524  13.057 1.0000000000
36945  -20.883  -38.013  12.741 1.0000000000
37846  -21.418  -37.566  12.275 1.0000000000
39768  -24.026  -35.162  12.851 1.0000000000
40818  -25.247  -34.368  13.140 1.0000000000
37854  -21.474  -37.647  11.405 1.0000000000
37855  -21.986  -37.156  11.827 0.8750000000
38798  -23.038  -36.201  11.868 1.0000000000
39780  -24.670  -34.742  12.549 1.0000000000
40819  -25.994  -33.941  12.947 1.0000000000
40821  -27.570  -33.571  12.836 1.0000000000
38797  -22.550  -36.727  11.391 1.0000000000
39791  -23.606  -35.722  11.482 1.0000000000
112758  -25.369  -34.347  12.310 1.0000000000
40820  -26.691  -33.700  12.578 1.0000000000
40822  -28.437  -33.621  12.941 1.0000000000
42984  -38.133  -33.370  13.602 0.5000000000
42992  -38.197  -33.867  12.938 0.5000000000
41906  -38.898  -34.254  12.944 0.3750000000
37861  -22.057  -37.275  10.967 0.7500000000
39792  -24.230  -35.233  11.135 1.0000000000
40851  -24.844  -34.686  10.758 1.0000000000
40836  -25.580  -34.235  11.403 1.0000000000
40837  -26.429  -33.797  11.714 1.0000000000
123298  -27.671  -33.499  11.597 1.0000000000
41913  -28.372  -33.450  11.542 1.0000000000
41904  -37.721  -33.829  12.280 0.6250000000
40828  -39.079  -34.551  12.340 0.7500000000
110513  -23.196  -36.357  10.118 1.0000000000
39804  -24.276  -35.277  10.238 1.0000000000
40852  -25.507  -34.231  10.372 1.0000000000
40853  -26.220  -33.843  10.832 1.0000000000
41912  -26.995  -33.596  11.229 1.0000000000
116806  -27.722  -33.463  10.793 1.0000000000
41918  -38.089  -34.415  11.075 0.8750000000
39816  -23.724  -35.824  9.752 1.0000000000
39817  -24.262  -35.402  9.349 1.0000000000
40866  -26.111  -33.812  9.891 1.0000000000
41924  -26.845  -33.570  10.330 1.0000000000
41925  -27.437  -33.425  9.910 1.0000000000
125448  -28.983  -33.487  10.521 1.0000000000
41931  -36.857  -33.772  9.885 1.0000000000
41932  -37.403  -34.079  10.493 1.0000000000
40880  -24.671  -35.024  8.892 1.0000000000
40882  -25.930  -33.887  8.885 1.0000000000
41943  -26.808  -33.530  9.265 1.0000000000
124735  -27.384  -33.407  8.272 1.0000000000
41945  -28.440  -33.372  8.781 1.0000000000
43016  -36.362  -33.419  9.399 1.0000000000
41950  -36.946  -33.779  8.930 1.0000000000
113660  -37.380  -34.138  9.509 1.0000000000
39829  -24.923  -34.975  8.107 0.8750000000
116321  -25.505  -34.334  8.274 1.0000000000
40897  -26.031  -33.934  7.942 1.0000000000
41961  -26.555  -33.625  8.383 1.0000000000
41946  -29.139  -33.492  9.717 1.0000000000
41986  -37.742  -33.111  7.137 1.0000000000
41951  -37.456  -34.068  8.538 1.0000000000
39844  -24.573  -35.748  7.620 0.7500000000
40896  -25.531  -34.548  7.521 0.7500000000
110069  -28.224  -33.315  7.588 1.0000000000
43056  -37.130  -32.930  6.860 1.0000000000
41967  -37.722  -33.750  7.576 1.0000000000
40912  -25.694  -34.884  6.621 0.6250000000
110839  -26.144  -34.099  7.035 0.6250000000
41999  -26.913  -33.755  6.588 0.7500000000
123407  -28.157  -33.330  6.756 0.7500000000
41987  -38.235  -33.267  6.801 1.0000000000
40913  -26.343  -34.450  6.126 0.5000000000
40914  -27.070  -34.142  5.711 0.7500000000
42000  -27.728  -33.555  6.126 0.7500000000
35096  -18.880  -40.040  15.084 0.8750000000
112932  -19.477  -39.526  15.221 1.0000000000
42998  -37.152  -33.477  11.938 0.6250000000
128616  -36.343  -33.331  10.190 1.0000000000
124754  -36.805  -33.547  10.927 0.8750000000
41917  -37.546  -33.975  11.480 0.8750000000
120107  -35.803  -33.104  9.076 1.0000000000
43030  -35.654  -32.956  8.305 1.0000000000
43031  -36.480  -33.395  8.514 1.0000000000
43043  -36.058  -32.959  7.373 1.0000000000
42997  -36.486  -32.881  11.721 0.7500000000
42996  -35.702  -32.113  11.719 0.6250000000
43004  -35.988  -32.817  10.882 1.0000000000
43014  -35.065  -32.497  9.229 1.0000000000
43015  -35.621  -32.777  9.934 1.0000000000
44051  -35.106  -31.890  10.789 0.7500000000
44067  -34.823  -32.032  9.934 1.0000000000
43042  -34.981  -32.617  7.806 1.0000000000
43029  -34.599  -32.216  8.582 1.0000000000
44082  -33.967  -31.417  8.524 1.0000000000
44038  -35.759  -31.419  12.447 0.6250000000
45046  -35.231  -31.134  11.671 0.6250000000
44066  -34.372  -31.541  9.319 1.0000000000
44050  -34.570  -31.181  10.142 1.0000000000
45032  -35.513  -30.455  12.360 0.6250000000
45033  -35.949  -30.795  12.973 0.3750000000
45062  -34.544  -30.154  10.199 0.8750000000
45063  -34.849  -30.635  10.852 0.7500000000
45080  -34.236  -30.544  9.603 1.0000000000
45089  -33.936  -30.698  8.942 1.0000000000
126667  -33.613  -30.721  8.346 1.0000000000
45095  -33.260  -30.292  7.807 1.0000000000
45952  -35.171  -30.002  11.540 0.6250000000
108853  -36.183  -29.055  13.119 0.3750000000
45931  -35.619  -29.320  12.276 0.5000000000
108039  -34.288  -29.791  9.715 0.8750000000
45971  -34.892  -29.593  10.752 0.7500000000
108931  -35.266  -29.027  11.346 0.6250000000
45079  -33.977  -29.905  9.182 0.8750000000
45970  -34.537  -29.267  10.096 0.6250000000
120391  -33.603  -30.034  8.506 1.0000000000
45982  -34.167  -29.143  9.437 0.7500000000
46918  -34.568  -28.364  9.789 0.6250000000
45992  -33.763  -29.244  8.726 0.7500000000
46009  -33.314  -29.374  7.867 1.0000000000
46933  -33.638  -28.660  8.294 0.8750000000
46946  -33.384  -28.495  7.568 1.0000000000
46945  -33.045  -29.067  6.915 1.0000000000
46905  -34.979  -28.613  10.573 0.6250000000
125931  -34.957  -28.024  10.229 0.6250000000
47937  -34.528  -27.728  9.273 0.6250000000
47938  -35.018  -27.468  9.846 0.6250000000
47962  -34.299  -27.469  8.643 0.6250000000
46960  -33.113  -28.272  6.716 0.8750000000
47972  -33.564  -27.688  7.337 0.8750000000
47980  -32.708  -28.051  5.867 0.8750000000
47963  -34.827  -27.047  9.068 0.6250000000
48928  -34.593  -26.708  8.360 0.7500000000
48911  -35.366  -26.613  9.538 0.3750000000
47973  -34.047  -27.153  7.904 0.8750000000
48929  -35.145  -26.295  8.782 0.6250000000
47981  -33.218  -27.434  6.488 0.8750000000
48947  -34.387  -26.396  7.607 0.8750000000
48948  -34.912  -25.969  8.060 0.8750000000
48959  -34.171  -26.049  6.865 0.8750000000
49889  -33.979  -25.645  6.286 0.8750000000
48930  -35.681  -25.844  9.240 0.5000000000
49856  -35.472  -25.540  8.480 0.6250000000
49857  -36.167  -25.045  8.946 0.6250000000
52632  -40.611  -22.397  11.410 0.1250000000
49874  -34.754  -25.679  7.313 0.8750000000
49875  -35.253  -25.292  7.737 0.6250000000
49876  -35.754  -24.818  8.119 0.6250000000
49890  -35.087  -24.984  7.058 0.8750000000
50748  -35.487  -24.699  7.490 0.8750000000
50749  -35.922  -24.184  7.657 0.7500000000
51684  -37.049  -23.198  8.117 0.3750000000
52658  -37.700  -22.852  8.440 0.2500000000
52659  -38.365  -22.501  8.763 0.2500000000
52660  -39.051  -22.142  9.079 0.2500000000
118203  -34.525  -25.305  6.641 0.8750000000
50765  -35.438  -24.221  6.944 1.0000000000
51698  -36.005  -23.611  7.195 0.7500000000
52672  -36.593  -22.999  7.347 0.7500000000
52673  -37.316  -22.560  7.752 0.5000000000
52674  -37.987  -22.180  8.102 0.3750000000
53713  -38.667  -21.812  8.413 0.2500000000
49895  -34.155  -24.901  5.931 0.8750000000
50777  -35.144  -23.969  6.317 1.0000000000
51712  -35.185  -23.460  5.940 0.8750000000
52688  -36.296  -22.553  6.609 0.8750000000
52689  -36.915  -22.158  7.038 0.7500000000
53732  -37.604  -21.758  7.386 0.6250000000
52687  -35.694  -22.935  6.231 0.8750000000
52702  -35.905  -22.092  5.866 0.8750000000
53750  -36.575  -21.663  6.235 0.8750000000
52701  -35.246  -22.650  5.425 0.8750000000
117081  -34.293  -21.813  1.739 0.8750000000
52754  -33.996  -22.050  1.086 0.8750000000
52633  -41.268  -22.044  11.790 0.1250000000
53672  -42.086  -21.671  12.258 0.1250000000
53694  -40.727  -21.620  10.397 0.1250000000
52641  -40.987  -21.809  11.070 0.1250000000
53705  -39.728  -21.756  9.416 0.2500000000
52651  -40.093  -22.009  10.080 0.1250000000
53714  -39.368  -21.454  8.702 0.2500000000
53751  -37.269  -21.282  6.569 0.5000000000
53752  -37.947  -20.875  6.895 0.5000000000
53759  -37.005  -20.905  5.724 0.8750000000
53758  -36.307  -21.297  5.398 0.8750000000
54805  -36.802  -20.732  4.871 0.8750000000
53772  -35.316  -21.441  4.106 1.0000000000
53773  -36.084  -21.035  4.565 0.8750000000
53790  -34.738  -21.648  3.332 0.8750000000
54823  -36.030  -20.871  3.756 0.8750000000
53684  -41.678  -21.499  11.366 0.1250000000
53685  -42.362  -21.147  11.614 0.1250000000
53695  -41.374  -21.299  10.687 0.1250000000
53706  -40.433  -21.411  9.714 0.1250000000
53715  -40.074  -21.102  9.008 0.2500000000
53734  -38.989  -21.032  7.973 0.3750000000
54778  -38.651  -20.517  7.167 0.5000000000
54779  -39.361  -20.217  7.434 0.3750000000
54794  -39.170  -19.930  6.566 0.5000000000
54793  -38.463  -20.253  6.293 0.6250000000
54807  -38.348  -20.221  5.454 0.8750000000
54806  -37.572  -20.469  5.151 0.8750000000
54824  -37.330  -20.538  4.253 0.8750000000
54843  -37.444  -20.687  3.492 1.0000000000
53791  -35.436  -21.158  3.220 0.8750000000
54841  -36.121  -20.855  3.026 0.8750000000
54856  -36.870  -20.880  2.907 1.0000000000
54857  -37.690  -21.052  2.799 1.0000000000
53808  -35.537  -21.192  2.485 0.8750000000
53707  -41.084  -21.056  10.034 0.1250000000
124689  -41.422  -20.428  9.631 0.1250000000
53809  -37.198  -21.447  2.138 1.0000000000
54734  -41.706  -20.740  10.335 0.1250000000
54765  -40.398  -20.347  8.552 0.2500000000
54748  -40.746  -20.745  9.341 0.2500000000
54780  -40.050  -19.924  7.703 0.2500000000
55784  -39.848  -19.644  6.865 0.5000000000
54808  -39.076  -19.922  5.725 0.6250000000
55797  -39.819  -19.637  6.017 0.5000000000
115706  -38.923  -20.049  5.063 0.8750000000
54825  -38.292  -20.324  4.604 0.8750000000
54826  -39.222  -20.233  4.493 0.8750000000
115511  -37.979  -20.508  3.934 0.8750000000
54844  -38.213  -20.797  3.337 0.8750000000
53810  -37.984  -21.627  2.276 1.0000000000
53824  -37.901  -22.159  1.718 0.8750000000
52742  -38.650  -22.304  2.046 1.0000000000
54766  -41.081  -20.011  8.871 0.2500000000
55785  -40.417  -19.451  7.160 0.3750000000
55772  -40.796  -19.532  7.909 0.3750000000
55773  -41.524  -19.326  8.340 0.2500000000
106901  -41.016  -19.153  7.008 0.3750000000
115498  -41.423  -19.108  7.590 0.3750000000
55817  -39.730  -19.861  5.183 0.6250000000
55818  -40.633  -19.575  5.598 0.5000000000
106931  -38.727  -20.530  3.878 0.8750000000
54827  -40.085  -20.227  4.439 0.7500000000
55834  -41.140  -19.812  5.019 0.6250000000
53793  -39.031  -21.069  3.175 0.8750000000
54845  -39.686  -20.716  3.710 0.8750000000
54846  -40.572  -20.809  3.862 0.7500000000
53774  -41.415  -21.066  3.944 0.7500000000
53792  -38.472  -21.393  2.687 0.8750000000
53811  -39.244  -21.909  2.559 0.8750000000
114485  -39.822  -21.571  2.997 0.7500000000
109557  -41.053  -21.732  3.391 0.7500000000
53812  -40.028  -22.571  2.455 0.8750000000
52744  -40.818  -23.129  2.285 0.7500000000
52727  -41.424  -22.800  2.801 0.7500000000
52755  -37.804  -22.650  1.028 0.8750000000
52756  -38.503  -22.888  1.303 1.0000000000
127730  -39.100  -23.053  1.511 1.0000000000
121767  -39.759  -23.433  1.266 1.0000000000
52757  -40.269  -23.304  1.809 0.8750000000
51762  -39.834  -23.469  0.578 0.8750000000
55798  -40.518  -19.402  6.431 0.3750000000
55799  -41.375  -19.220  6.218 0.3750000000
55786  -41.763  -18.926  6.968 0.3750000000
55819  -41.409  -19.504  5.532 0.6250000000
54828  -40.883  -20.307  4.466 0.7500000000
55835  -41.897  -19.801  5.117 0.6250000000
110247  -41.672  -20.380  4.541 0.6250000000
54829  -42.489  -20.446  4.678 0.5000000000
108129  -42.058  -22.329  3.438 0.6250000000
53775  -42.278  -21.300  4.116 0.6250000000
121303  -40.932  -23.456  1.723 0.7500000000
122055  -41.651  -23.468  2.086 0.7500000000
51763  -40.371  -23.315  0.507 0.8750000000
51749  -40.547  -23.502  1.119 1.0000000000
113216  -41.243  -23.430  1.487 0.8750000000
52728  -42.364  -23.258  2.704 0.6250000000
111760  -42.936  -23.168  3.203 0.5000000000
51738  -42.623  -23.490  2.205 0.6250000000
51764  -41.130  -23.371  0.996 0.8750000000
51750  -41.985  -23.351  1.608 0.7500000000
52773  -40.889  -23.010  0.496 0.7500000000
52729  -43.825  -23.344  3.387 0.3750000000
51726  -43.216  -23.497  2.762 0.6250000000
51727  -43.925  -23.548  2.841 0.5000000000
51751  -42.786  -23.448  1.909 0.5000000000
52774  -41.699  -23.045  0.986 0.8750000000
52799  -40.166  -23.021  -0.086 0.8750000000
53856  -40.632  -22.260  -0.004 0.8750000000
53840  -41.387  -22.251  0.492 0.6250000000
53857  -40.964  -21.230  0.143 0.7500000000
54897  -40.447  -20.497  -0.333 0.8750000000
57635  -42.548  -17.149  -0.473 0.8750000000
57636  -43.556  -17.173  0.021 0.7500000000
58536  -44.234  -16.531  -0.269 0.6250000000
109023  -44.786  -16.072  -0.507 0.6250000000
51728  -43.801  -23.434  2.516 0.5000000000
52745  -44.407  -23.398  2.877 0.5000000000
52730  -44.726  -23.252  3.392 0.2500000000
52758  -42.485  -23.091  1.487 0.5000000000
53825  -42.888  -22.460  1.376 0.5000000000
52759  -43.312  -23.206  1.896 0.5000000000
53841  -42.203  -22.328  0.947 0.7500000000
54882  -41.795  -21.199  0.584 0.7500000000
54898  -41.243  -20.092  0.152 0.7500000000
55867  -41.879  -19.275  0.338 0.7500000000
55868  -42.660  -19.326  0.734 0.7500000000
56749  -43.135  -18.633  0.696 0.7500000000
55878  -41.134  -19.039  -0.183 0.7500000000
56747  -41.726  -18.616  -0.005 0.8750000000
56748  -42.384  -18.600  0.350 0.8750000000
57623  -43.822  -17.995  0.623 0.7500000000
57637  -44.422  -17.157  0.315 0.6250000000
56757  -41.209  -18.234  -0.492 0.8750000000
57622  -42.889  -17.889  0.252 0.7500000000
58526  -45.815  -16.476  0.189 0.6250000000
52760  -44.069  -23.068  2.282 0.3750000000
52746  -45.105  -23.093  3.307 0.2500000000
53826  -43.608  -22.066  1.608 0.6250000000
127262  -44.878  -22.169  2.471 0.1250000000
113775  -44.731  -22.893  2.698 0.2500000000
54868  -42.749  -21.303  1.082 0.7500000000
116731  -44.080  -21.000  1.699 0.2500000000
53827  -44.403  -22.129  2.113 0.2500000000
108228  -42.220  -20.178  0.685 0.7500000000
54869  -43.434  -20.835  1.372 0.3750000000
55856  -43.708  -20.039  1.395 0.3750000000
55869  -43.362  -19.321  1.080 0.6250000000
55870  -44.028  -19.278  1.356 0.5000000000
117060  -43.724  -18.741  1.006 0.7500000000
56750  -44.375  -18.549  1.142 0.5000000000
56738  -45.311  -18.321  1.356 0.2500000000
56751  -44.761  -17.811  0.808 0.5000000000
57624  -45.260  -17.105  0.491 0.6250000000
57626  -46.823  -17.085  1.011 0.2500000000
54870  -44.862  -21.194  2.225 0.1250000000
53814  -46.203  -21.831  3.272 0.1250000000
111559  -44.426  -20.063  1.688 0.1250000000
54858  -45.690  -20.929  2.594 0.1250000000
54859  -46.433  -20.521  2.936 0.1250000000
55857  -44.775  -19.178  1.600 0.2500000000
55858  -45.547  -19.077  1.874 0.2500000000
55848  -45.918  -19.757  2.377 0.1250000000
54860  -47.158  -20.115  3.282 0.1250000000
55850  -47.562  -19.158  3.017 0.1250000000
55859  -46.137  -18.987  2.144 0.2500000000
56739  -46.622  -18.488  2.053 0.1250000000
57615  -46.198  -17.753  1.310 0.2500000000
127147  -46.502  -18.090  1.697 0.2500000000
57611  -48.013  -17.927  2.256 0.1250000000
57612  -48.872  -17.514  2.242 0.1250000000
57616  -48.987  -16.983  1.794 0.1250000000
57617  -49.772  -17.091  2.233 0.1250000000
58515  -50.619  -16.616  2.143 0.1250000000
58521  -49.566  -16.501  1.578 0.1250000000
26783  -11.796  -49.575  13.684 0.3750000000
113573  -12.282  -47.891  15.480 0.5000000000
124366  -12.344  -47.978  13.955 0.6250000000
28610  -12.913  -47.499  12.841 0.3750000000
28601  -12.611  -47.428  13.624 0.6250000000
29487  -12.413  -46.814  17.017 0.5000000000
29513  -12.686  -46.611  15.210 0.5000000000
29503  -12.850  -45.979  15.610 0.6250000000
31362  -14.366  -44.548  16.771 0.3750000000
32260  -15.382  -43.642  16.916 0.6250000000
33275  -15.569  -42.526  14.825 0.7500000000
39696  -33.607  -35.782  19.979 0.3750000000
117043  -33.688  -35.745  19.062 0.5000000000
122816  -36.303  -36.613  20.029 0.3750000000
39708  -33.302  -35.482  18.231 0.7500000000
108612  -35.618  -36.288  18.940 0.6250000000
38715  -36.347  -36.453  18.502 0.6250000000
37785  -37.198  -36.630  18.203 0.5000000000
34238  -16.784  -41.575  15.026 0.8750000000
38725  -34.721  -35.839  17.999 0.7500000000
39722  -34.591  -35.657  17.192 0.8750000000
125410  -36.006  -36.205  16.962 0.7500000000
38737  -36.184  -36.214  16.313 0.8750000000
38753  -36.840  -36.497  15.940 0.8750000000
37805  -37.426  -36.712  16.243 0.6250000000
38765  -36.347  -36.128  14.564 1.0000000000
39770  -33.655  -34.818  13.656 1.0000000000
38777  -36.140  -35.907  13.536 1.0000000000
107928  -37.943  -36.683  13.470 0.7500000000
38778  -37.236  -36.585  13.223 0.8750000000
38790  -37.699  -36.592  12.690 0.7500000000
39782  -34.610  -35.187  12.436 1.0000000000
39783  -35.390  -35.652  12.163 1.0000000000
38800  -36.987  -36.494  11.296 1.0000000000
38823  -36.961  -36.198  9.466 1.0000000000
38822  -36.282  -36.197  9.256 1.0000000000
37895  -24.274  -37.833  6.512 0.3750000000
37885  -23.721  -37.729  7.048 0.3750000000
127957  -34.568  -35.345  9.164 1.0000000000
39832  -35.860  -36.140  8.751 1.0000000000
39831  -35.178  -35.717  8.999 1.0000000000
116691  -35.345  -35.880  8.206 1.0000000000
39846  -34.056  -35.143  8.063 1.0000000000
38855  -35.641  -36.276  6.544 1.0000000000
110388  -36.273  -36.318  7.115 1.0000000000
37897  -25.235  -37.545  5.781 0.1250000000
37916  -26.796  -37.332  5.316 0.1250000000
37917  -27.516  -36.977  5.417 0.1250000000
39862  -34.048  -35.291  7.206 1.0000000000
110219  -33.961  -35.386  6.305 1.0000000000
39863  -34.769  -35.843  6.713 1.0000000000
40959  -33.164  -35.023  4.665 0.8750000000
40958  -32.264  -34.466  4.371 0.8750000000
42027  -32.142  -34.053  5.764 1.0000000000
40939  -33.296  -34.892  5.764 0.8750000000
38893  -34.612  -35.886  5.191 1.0000000000
108201  -33.997  -35.648  4.449 1.0000000000
38894  -34.812  -36.002  4.221 0.8750000000
38890  -28.987  -35.854  4.698 0.5000000000
39906  -35.660  -36.008  3.959 0.8750000000
111684  -35.787  -36.015  3.164 0.8750000000
38892  -30.349  -36.409  3.917 0.5000000000
32240  -16.270  -43.146  17.988 0.2500000000
111290  -31.261  -34.662  16.131 0.8750000000
39747  -32.055  -34.715  16.022 0.8750000000
124973  -31.562  -34.601  15.557 1.0000000000
118528  -18.485  -39.841  12.853 0.7500000000
40794  -30.234  -34.278  14.680 0.8750000000
39759  -31.487  -34.525  15.028 1.0000000000
39769  -32.860  -34.681  14.364 1.0000000000
111319  -19.133  -39.502  10.663 0.6250000000
126490  -32.957  -34.585  13.674 1.0000000000
40811  -32.265  -34.433  13.566 1.0000000000
40827  -33.121  -34.594  12.224 1.0000000000
40854  -32.458  -34.177  10.762 1.0000000000
40856  -33.496  -34.610  10.333 1.0000000000
127656  -37.220  -35.940  8.976 1.0000000000
38834  -37.552  -35.590  8.599 1.0000000000
41965  -32.085  -33.818  8.306 1.0000000000
40883  -32.796  -34.277  7.975 1.0000000000
37918  -28.442  -36.760  5.612 0.1250000000
42005  -32.115  -33.956  6.538 1.0000000000
39889  -36.718  -36.017  5.613 0.8750000000
123997  -36.028  -36.172  4.926 1.0000000000
117188  -35.876  -36.338  5.753 1.0000000000
39864  -37.128  -36.046  6.796 1.0000000000
40971  -30.958  -34.457  3.774 0.7500000000
40956  -30.556  -33.993  4.216 0.7500000000
40972  -31.719  -34.828  3.607 0.7500000000
42026  -31.372  -33.650  5.826 0.8750000000
38920  -36.787  -36.029  2.734 0.7500000000
40742  -28.861  -34.341  18.698 0.6250000000
40778  -28.726  -34.116  15.451 0.8750000000
36060  -19.848  -38.891  11.941 0.7500000000
117149  -30.864  -34.003  13.311 1.0000000000
40809  -30.144  -33.867  13.204 0.8750000000
38780  -39.442  -36.170  14.037 0.3750000000
39773  -39.843  -35.540  13.293 0.3750000000
38803  -39.371  -36.068  12.215 0.5000000000
37867  -22.118  -37.468  10.060 0.7500000000
40841  -31.696  -34.062  11.344 1.0000000000
41929  -31.145  -33.769  10.195 1.0000000000
40870  -38.140  -35.039  9.862 1.0000000000
39833  -37.857  -35.043  8.021 1.0000000000
127151  -24.127  -36.212  7.828 0.5000000000
39884  -25.933  -36.073  5.633 0.3750000000
40917  -38.272  -34.141  6.483 0.8750000000
114255  -38.011  -33.932  4.525 0.8750000000
40940  -38.288  -34.011  5.454 0.8750000000
42024  -29.586  -33.397  5.482 0.7500000000
40973  -37.442  -34.708  3.023 0.5000000000
39758  -24.086  -34.672  14.967 1.0000000000
113424  -25.047  -34.162  16.327 0.8750000000
123674  -22.501  -35.961  15.219 1.0000000000
38776  -22.868  -35.809  14.030 1.0000000000
108861  -26.378  -33.694  14.999 0.8750000000
38787  -22.903  -36.107  12.703 1.0000000000
124982  -24.549  -34.724  13.363 1.0000000000
109514  -24.350  -34.688  14.158 1.0000000000
40792  -28.639  -33.950  14.745 0.8750000000
40807  -28.914  -33.880  14.282 0.8750000000
40804  -25.884  -33.979  13.754 0.8750000000
40805  -26.969  -33.667  13.596 1.0000000000
41903  -28.896  -33.524  12.277 1.0000000000
41915  -30.267  -33.668  11.339 1.0000000000
40840  -30.998  -33.867  11.721 1.0000000000
40845  -39.446  -34.934  12.167 0.6250000000
38809  -23.133  -36.291  10.999 1.0000000000
40844  -38.888  -34.849  11.589 0.8750000000
38820  -23.320  -36.424  9.231 0.6250000000
41905  -38.320  -34.246  12.112 0.7500000000
39845  -25.093  -35.302  7.169 0.7500000000
41981  -28.794  -33.254  6.925 1.0000000000
42023  -28.836  -33.467  5.483 0.7500000000
110071  -29.973  -33.259  6.264 1.0000000000
42006  -38.056  -32.851  6.436 1.0000000000
42022  -28.242  -33.600  5.563 0.7500000000
36018  -19.808  -39.190  14.672 1.0000000000
37838  -21.827  -36.905  13.532 1.0000000000
37837  -21.356  -37.487  13.159 1.0000000000
38786  -22.458  -36.630  12.253 1.0000000000
119779  -24.154  -35.228  12.006 1.0000000000
39779  -23.503  -35.659  12.362 1.0000000000
123000  -25.992  -33.999  12.180 1.0000000000
40838  -27.236  -33.575  12.056 1.0000000000
39803  -23.669  -35.773  10.617 1.0000000000
114037  -24.783  -34.708  11.686 1.0000000000
41902  -28.044  -33.486  12.239 1.0000000000
40864  -24.859  -34.708  9.716 1.0000000000
41926  -28.529  -33.456  10.864 1.0000000000
40865  -25.516  -34.206  9.573 1.0000000000
109208  -28.256  -33.388  9.982 1.0000000000
41944  -27.644  -33.399  9.239 1.0000000000
40881  -25.211  -34.498  8.903 1.0000000000
41979  -26.726  -33.618  7.555 0.7500000000
43044  -36.773  -33.249  7.598 1.0000000000
41966  -37.207  -33.577  7.985 1.0000000000
41980  -27.529  -33.417  7.116 0.8750000000
42991  -37.543  -33.286  12.840 0.6250000000
44044  -36.314  -32.234  12.487 0.6250000000
44081  -33.489  -31.199  7.762 1.0000000000
46008  -32.950  -29.862  7.071 1.0000000000
46934  -34.083  -28.348  8.934 0.6250000000
47961  -33.805  -27.944  8.158 0.8750000000
46959  -32.692  -28.818  6.079 0.8750000000
48946  -33.812  -26.872  7.074 0.8750000000
50735  -36.376  -24.278  8.339 0.6250000000
51683  -36.481  -23.654  7.845 0.7500000000
50764  -34.841  -24.569  6.431 0.8750000000
51697  -35.581  -23.565  6.573 0.8750000000
112582  -36.041  -23.158  6.801 0.8750000000
50776  -34.624  -24.058  5.773 0.8750000000
53733  -38.306  -21.394  7.685 0.5000000000
50781  -34.299  -23.800  5.178 1.0000000000
53757  -35.592  -21.690  5.048 1.0000000000
52713  -35.040  -22.124  4.715 1.0000000000
53820  -34.875  -21.468  2.045 0.8750000000
52741  -34.285  -21.838  2.516 0.8750000000
53836  -34.763  -21.690  1.339 0.8750000000
52753  -33.663  -22.258  1.843 0.8750000000
52768  -34.141  -22.272  0.286 0.8750000000
54792  -37.731  -20.569  6.023 0.8750000000
121927  -36.583  -20.713  4.183 0.8750000000
54764  -39.686  -20.655  8.239 0.2500000000
54842  -36.713  -20.711  3.600 0.8750000000
55833  -40.475  -19.871  4.942 0.6250000000
116048  -40.342  -21.348  3.355 0.7500000000
53794  -40.578  -22.237  2.894 0.7500000000
52743  -39.478  -22.836  1.997 1.0000000000
53795  -43.014  -22.428  3.776 0.5000000000
53776  -43.871  -22.583  4.100 0.3750000000
51739  -43.297  -23.474  2.377 0.5000000000
56758  -42.033  -17.984  -0.160 0.8750000000
58525  -45.011  -16.518  -0.036 0.6250000000
54883  -43.014  -20.115  1.082 0.7500000000
112787  -46.056  -18.439  1.723 0.2500000000
122645  -45.521  -17.619  0.922 0.3750000000
57625  -46.050  -17.106  0.697 0.3750000000
54871  -45.167  -19.983  2.052 0.1250000000
55849  -46.695  -19.327  2.613 0.1250000000
56731  -47.310  -18.500  2.405 0.1250000000
56740  -47.139  -17.755  1.695 0.2500000000
118289  -48.164  -17.234  1.641 0.2500000000
33318  -16.082  -41.810  11.756 0.6250000000
34264  -16.537  -41.079  12.444 0.6250000000
34292  -16.616  -41.751  11.058 0.5000000000
34279  -17.011  -41.065  11.050 0.5000000000
35161  -17.622  -40.944  10.594 0.5000000000
35175  -19.188  -41.034  9.317 0.2500000000
35176  -19.748  -40.174  9.199 0.3750000000
121552  -37.911  -36.495  20.294 0.2500000000
34251  -15.925  -41.666  12.621 0.6250000000
34252  -16.290  -41.401  13.410 0.7500000000
35148  -17.451  -40.545  11.194 0.6250000000
35149  -17.975  -40.236  10.842 0.6250000000
36071  -18.557  -40.008  10.468 0.6250000000
35163  -19.013  -40.065  9.820 0.3750000000
36085  -20.495  -39.368  9.195 0.3750000000
36100  -20.947  -39.781  8.386 0.3750000000
36101  -21.998  -39.247  7.779 0.3750000000
36976  -21.435  -38.874  8.652 0.5000000000
37944  -31.021  -36.906  3.594 0.5000000000
37963  -36.734  -36.868  2.773 0.7500000000
38919  -36.100  -36.358  2.758 0.6250000000
39923  -38.475  -35.680  2.744 0.1250000000
38756  -40.053  -36.232  16.334 0.2500000000
37945  -31.708  -37.390  3.210 0.5000000000
37959  -32.444  -37.407  2.784 0.6250000000
38917  -33.424  -36.537  2.663 0.7500000000
120901  -34.034  -36.422  2.729 0.7500000000
37055  -35.066  -37.169  2.609 0.7500000000
111122  -35.837  -37.033  2.629 0.7500000000
114745  -37.432  -35.010  2.806 0.3750000000
39938  -38.001  -34.965  2.600 0.2500000000
38905  -35.281  -36.505  2.778 0.7500000000
40984  -37.723  -34.326  2.787 0.2500000000
42058  -37.488  -33.309  2.912 0.2500000000
36886  -19.495  -38.750  21.196 0.3750000000
35942  -19.179  -39.111  20.366 0.3750000000
35095  -18.493  -40.483  15.704 0.6250000000
36007  -19.675  -39.320  15.910 0.7500000000
36008  -20.022  -38.984  15.358 0.7500000000
39762  -39.957  -35.516  14.149 0.2500000000
38891  -29.602  -35.891  4.279 0.5000000000
42028  -38.040  -32.841  5.722 0.8750000000
38901  -30.831  -36.126  3.456 0.6250000000
38902  -31.463  -36.591  3.117 0.5000000000
38915  -31.971  -36.915  2.774 0.6250000000
38916  -32.644  -36.768  2.661 0.6250000000
122901  -33.036  -35.560  3.299 0.7500000000
40960  -37.386  -34.641  3.680 0.7500000000
42042  -37.643  -33.199  3.923 0.6250000000
42050  -37.462  -33.330  3.206 0.3750000000
43101  -37.628  -32.789  2.631 0.2500000000
128976  -18.598  -39.810  20.153 0.3750000000
35951  -18.875  -39.577  19.544 0.3750000000
35963  -19.192  -39.297  18.855 0.5000000000
36901  -19.324  -38.967  19.457 0.5000000000
35055  -18.822  -40.093  17.881 0.5000000000
124142  -19.096  -39.578  18.255 0.5000000000
36902  -19.634  -38.622  18.860 0.5000000000
36894  -19.842  -38.319  19.637 0.5000000000
35079  -18.599  -40.533  16.534 0.5000000000
35977  -19.310  -39.478  17.527 0.5000000000
35964  -19.493  -38.961  18.153 0.6250000000
35991  -19.528  -39.388  16.666 0.7500000000
35978  -19.797  -38.818  17.292 0.6250000000
36908  -20.137  -38.171  18.097 0.7500000000
35080  -19.181  -39.961  16.008 0.6250000000
35992  -20.093  -38.723  16.298 0.7500000000
116586  -20.305  -38.291  17.072 0.7500000000
36920  -20.549  -38.226  15.401 0.7500000000
36927  -20.277  -38.706  14.614 0.8750000000
41897  -39.311  -34.298  13.667 0.2500000000
120670  -37.388  -32.879  4.772 0.7500000000
113998  -30.861  -35.219  3.506 0.6250000000
39918  -31.483  -35.770  3.214 0.6250000000
39919  -32.290  -35.542  3.184 0.6250000000
39934  -32.882  -36.038  2.852 0.6250000000
43081  -36.592  -32.795  3.854 0.5000000000
42049  -36.818  -32.701  3.096 0.5000000000
42057  -36.835  -32.473  2.772 0.3750000000
128702  -20.005  -38.159  18.917 0.6250000000
36912  -20.622  -37.917  16.400 0.7500000000
36921  -21.001  -37.633  14.952 0.8750000000
112640  -35.359  -32.710  7.136 0.8750000000
43054  -35.053  -32.595  6.512 0.8750000000
43068  -37.177  -32.740  5.903 0.8750000000
43080  -35.722  -32.682  4.004 0.5000000000
37793  -20.839  -37.359  18.137 0.7500000000
37803  -20.686  -37.652  17.288 0.7500000000
37804  -21.157  -37.227  16.625 0.7500000000
36913  -21.065  -37.460  15.732 0.8750000000
37815  -21.491  -37.073  15.057 0.8750000000
41888  -39.100  -33.850  14.223 0.2500000000
42967  -39.021  -32.713  15.571 0.2500000000
42976  -38.635  -33.343  14.287 0.2500000000
44096  -33.705  -31.832  7.216 0.7500000000
120154  -33.148  -31.759  5.875 0.6250000000
43053  -33.978  -32.213  6.382 0.6250000000
43041  -34.494  -32.364  7.199 0.8750000000
44120  -32.939  -31.764  4.941 0.6250000000
43065  -33.722  -32.215  5.298 0.6250000000
40740  -26.977  -34.242  18.765 0.5000000000
38734  -21.701  -36.626  16.906 0.7500000000
40752  -26.682  -34.046  17.831 0.6250000000
38748  -21.661  -36.711  15.969 0.8750000000
42990  -36.979  -32.497  13.118 0.5000000000
110251  -32.361  -29.961  5.666 0.7500000000
44119  -32.783  -31.081  6.385 0.6250000000
45112  -32.269  -30.465  5.120 0.6250000000
116772  -32.480  -30.549  5.805 0.6250000000
46065  -31.827  -29.558  4.185 0.5000000000
46080  -31.607  -29.265  3.488 0.5000000000
46114  -31.774  -29.279  2.148 0.2500000000
112783  -22.119  -36.225  16.494 0.8750000000
40763  -26.363  -33.827  16.871 0.7500000000
40751  -25.681  -34.223  17.714 0.6250000000
37816  -22.022  -36.441  15.168 0.8750000000
46028  -32.657  -29.546  6.254 0.7500000000
44095  -32.992  -30.661  7.101 0.8750000000
46977  -32.054  -29.067  4.779 0.6250000000
46046  -32.352  -29.289  5.489 0.6250000000
46996  -31.734  -28.784  4.149 0.6250000000
48011  -31.749  -27.883  4.172 0.6250000000
118943  -31.505  -28.935  2.783 0.6250000000
39729  -22.747  -35.677  16.549 0.8750000000
39745  -24.182  -34.646  16.496 0.7500000000
40761  -24.875  -34.380  17.174 0.7500000000
40762  -25.528  -34.068  16.891 0.7500000000
46978  -32.324  -28.594  5.318 0.6250000000
48032  -31.474  -27.700  3.242 0.6250000000
48049  -31.423  -27.664  2.397 0.3750000000
48062  -31.550  -27.632  1.585 0.3750000000
118413  -31.483  -26.931  1.872 0.3750000000
48072  -31.848  -27.519  0.812 0.3750000000
123792  -33.064  -26.751  -0.809 0.5000000000
49032  -33.156  -26.168  -1.254 0.5000000000
49961  -33.440  -25.529  -1.582 0.5000000000
47993  -32.725  -27.192  5.620 0.7500000000
115869  -32.192  -26.926  4.700 0.6250000000
118479  -31.728  -26.981  3.746 0.6250000000
48984  -31.544  -26.816  2.794 0.5000000000
120199  -31.621  -26.121  2.072 0.5000000000
120140  -31.597  -26.881  1.048 0.5000000000
49926  -31.779  -25.508  1.553 0.5000000000
126626  -31.759  -26.239  0.690 0.5000000000
49020  -32.485  -26.157  -0.577 0.5000000000
49946  -32.349  -25.234  -0.493 0.5000000000
49960  -32.815  -25.440  -1.114 0.5000000000
116900  -33.717  -24.851  -1.721 0.5000000000
50846  -34.456  -24.767  -2.165 0.3750000000
47903  -35.808  -27.704  11.400 0.3750000000
47916  -35.373  -27.708  10.657 0.2500000000
48958  -33.457  -26.443  6.214 0.7500000000
48967  -32.875  -26.263  5.356 0.7500000000
48973  -32.144  -26.159  4.055 0.6250000000
49909  -31.783  -25.833  2.751 0.6250000000
49916  -32.079  -25.029  2.614 0.6250000000
49915  -31.821  -25.452  2.171 0.6250000000
49934  -31.811  -25.604  0.806 0.6250000000
49019  -31.966  -25.818  0.090 0.5000000000
126801  -32.786  -24.657  -0.959 0.6250000000
50845  -33.328  -24.410  -1.287 0.5000000000
51780  -34.092  -23.150  -0.960 0.5000000000
51797  -34.805  -23.411  -1.452 0.5000000000
52771  -37.657  -22.822  0.271 0.6250000000
52772  -38.492  -23.189  0.526 0.7500000000
51761  -39.134  -23.362  0.178 0.8750000000
51796  -34.024  -24.009  -1.523 0.5000000000
50847  -34.944  -24.061  -2.009 0.3750000000
51798  -35.630  -23.530  -1.823 0.5000000000
52813  -36.172  -23.038  -1.388 0.5000000000
51781  -37.040  -22.958  -1.309 0.6250000000
51782  -37.856  -22.898  -1.029 0.6250000000
51783  -38.718  -22.953  -0.541 0.6250000000
52798  -39.344  -22.787  -0.598 0.7500000000
50859  -35.292  -24.707  -2.511 0.2500000000
50860  -36.076  -24.517  -2.727 0.3750000000
51799  -36.726  -23.339  -1.903 0.5000000000
51812  -37.176  -23.639  -2.572 0.3750000000
52829  -38.304  -22.540  -2.420 0.6250000000
49894  -33.512  -25.602  5.701 0.7500000000
49898  -32.617  -25.373  4.310 0.6250000000
49893  -33.049  -25.452  5.031 0.7500000000
125234  -32.687  -24.744  3.885 0.6250000000
113131  -32.196  -25.397  3.452 0.6250000000
50798  -32.325  -24.246  2.291 0.6250000000
50797  -31.992  -24.854  1.861 0.6250000000
50807  -31.968  -24.868  1.065 0.6250000000
50818  -32.283  -24.217  0.527 0.6250000000
50831  -32.461  -24.379  -0.284 0.6250000000
50832  -33.141  -23.714  -0.716 0.6250000000
52812  -35.408  -23.025  -1.282 0.5000000000
52795  -35.603  -22.523  -0.603 0.5000000000
52770  -36.613  -22.461  0.023 0.6250000000
52814  -38.573  -22.512  -1.416 0.6250000000
53889  -38.787  -22.038  -3.009 0.5000000000
53878  -38.802  -21.875  -2.266 0.6250000000
52845  -39.032  -22.393  -3.645 0.3750000000
53905  -40.395  -21.827  -4.246 0.2500000000
107271  -41.081  -21.099  -4.237 0.1250000000
49899  -33.268  -24.635  4.629 0.6250000000
50775  -33.984  -24.346  5.251 0.8750000000
50780  -33.788  -23.779  4.590 0.7500000000
51711  -34.721  -23.384  5.335 0.8750000000
50792  -33.098  -23.938  3.810 0.7500000000
127578  -33.573  -23.435  4.001 0.8750000000
51725  -34.019  -22.971  4.180 0.8750000000
54809  -43.330  -20.528  4.860 0.2500000000
50791  -32.776  -23.637  2.801 0.6250000000
122477  -33.426  -23.056  3.312 0.7500000000
53771  -34.594  -22.177  4.104 0.8750000000
106913  -43.125  -21.457  4.350 0.2500000000
51746  -32.643  -23.469  1.853 0.6250000000
52740  -33.675  -22.438  2.669 0.7500000000
51747  -33.105  -22.789  1.445 0.7500000000
127404  -33.511  -22.411  1.239 0.7500000000
116775  -36.264  -21.144  2.300 0.7500000000
51758  -32.682  -23.391  0.825 0.6250000000
52767  -33.377  -22.638  0.639 0.7500000000
124895  -34.626  -21.917  0.722 0.7500000000
53822  -36.462  -21.636  1.486 0.7500000000
53823  -37.267  -22.021  1.454 0.7500000000
52793  -33.628  -22.831  -0.245 0.6250000000
53838  -36.174  -21.935  0.773 0.7500000000
52794  -34.515  -22.553  -0.434 0.7500000000
52815  -39.133  -21.925  -1.306 0.7500000000
113985  -39.853  -21.963  -0.600 0.7500000000
122437  -39.242  -21.654  -3.323 0.5000000000
107923  -39.137  -21.026  -1.926 0.6250000000
53890  -39.583  -20.986  -3.350 0.3750000000
53904  -39.645  -21.716  -3.800 0.3750000000
53891  -40.217  -20.989  -3.818 0.2500000000
107660  -42.081  -19.337  5.719 0.3750000000
55820  -42.704  -19.757  5.263 0.2500000000
54830  -43.848  -21.539  4.585 0.2500000000
54896  -39.933  -20.923  -0.640 0.7500000000
53879  -39.191  -21.133  -2.830 0.5000000000
54923  -39.379  -20.148  -2.411 0.6250000000
54931  -39.484  -20.343  -3.030 0.3750000000
54932  -39.958  -20.056  -3.417 0.5000000000
54953  -40.797  -20.269  -3.993 0.3750000000
56818  -44.149  -18.100  -5.225 0.2500000000
58589  -44.063  -16.680  -5.800 0.1250000000
58607  -44.373  -15.953  -6.139 0.1250000000
59562  -43.740  -15.194  -6.167 0.1250000000
60494  -43.909  -14.390  -6.397 0.2500000000
123262  -44.556  -14.228  -6.680 0.1250000000
55876  -39.806  -20.081  -0.972 0.7500000000
55897  -39.508  -19.281  -2.471 0.5000000000
55925  -40.587  -19.519  -3.851 0.5000000000
127208  -40.387  -18.221  -3.764 0.5000000000
56800  -40.744  -18.771  -4.071 0.3750000000
57671  -41.541  -17.628  -4.685 0.3750000000
56802  -42.275  -18.280  -4.850 0.2500000000
56817  -43.140  -18.020  -5.183 0.2500000000
57682  -42.927  -17.197  -5.432 0.2500000000
58588  -43.201  -16.619  -5.624 0.1250000000
58606  -43.485  -15.945  -5.887 0.2500000000
117327  -43.522  -13.851  -6.149 0.3750000000
112177  -44.044  -13.539  -6.613 0.2500000000
61374  -44.500  -12.858  -7.069 0.2500000000
115970  -40.455  -19.538  -0.529 0.7500000000
55889  -39.896  -19.095  -1.222 0.6250000000
56787  -39.656  -18.675  -2.847 0.5000000000
55908  -40.078  -18.936  -3.420 0.5000000000
56788  -39.997  -18.050  -3.253 0.5000000000
125243  -40.468  -17.534  -3.724 0.3750000000
57670  -40.836  -17.926  -4.257 0.3750000000
118254  -40.958  -17.079  -4.267 0.3750000000
57681  -41.696  -16.661  -4.805 0.3750000000
114849  -42.710  -15.946  -5.507 0.3750000000
59545  -42.131  -16.051  -5.141 0.3750000000
59547  -43.024  -15.233  -5.686 0.3750000000
60480  -42.870  -14.614  -5.331 0.3750000000
60493  -43.314  -14.493  -5.920 0.3750000000
114889  -43.247  -13.860  -5.610 0.3750000000
61364  -43.458  -13.075  -6.079 0.3750000000
62211  -43.462  -12.249  -5.651 0.5000000000
63887  -43.829  -10.925  -6.182 0.3750000000
63083  -43.701  -11.659  -6.265 0.3750000000
63084  -44.155  -11.241  -6.790 0.3750000000
64667  -44.563  -9.843  -6.233 0.3750000000
63900  -44.729  -10.807  -7.305 0.2500000000
64673  -45.739  -9.701  -7.752 0.2500000000
64681  -46.457  -9.485  -8.300 0.1250000000
55877  -40.500  -18.651  -0.811 0.7500000000
56768  -40.078  -18.383  -1.465 0.6250000000
57654  -40.243  -17.299  -2.508 0.6250000000
57653  -39.838  -17.938  -2.677 0.6250000000
57664  -40.234  -17.362  -3.131 0.6250000000
58575  -40.693  -16.832  -3.616 0.3750000000
63856  -48.390  -10.358  -1.320 0.5000000000
64631  -48.513  -9.787  -0.832 0.1250000000
64632  -48.859  -9.683  -0.249 0.1250000000
116422  -49.505  -9.049  0.700 0.1250000000
65424  -49.312  -8.261  0.666 0.1250000000
58576  -41.239  -16.342  -4.142 0.3750000000
59535  -41.821  -15.853  -4.633 0.3750000000
64640  -47.060  -9.374  -2.317 0.6250000000
64637  -48.057  -9.388  -1.298 0.2500000000
111962  -48.380  -8.995  -0.623 0.1250000000
65431  -48.854  -8.790  0.168 0.1250000000
65423  -48.791  -7.841  0.180 0.1250000000
59546  -42.406  -15.367  -5.128 0.3750000000
60479  -42.552  -14.800  -4.868 0.3750000000
61356  -42.906  -14.089  -4.945 0.5000000000
64644  -45.999  -9.371  -3.165 0.7500000000
65439  -46.493  -8.975  -2.777 0.5000000000
65437  -47.898  -8.304  -1.222 0.2500000000
65430  -48.388  -8.034  -0.426 0.3750000000
111509  -43.282  -13.201  -5.314 0.3750000000
63077  -43.858  -11.048  -4.925 0.5000000000
63888  -43.959  -10.670  -5.476 0.5000000000
64643  -45.444  -9.214  -3.835 0.6250000000
65443  -46.113  -8.678  -3.437 0.7500000000
66295  -46.707  -8.262  -3.014 0.7500000000
66292  -47.442  -8.067  -1.962 0.3750000000
63893  -44.349  -10.527  -6.643 0.3750000000
64663  -44.899  -9.266  -5.506 0.5000000000
65452  -45.454  -8.649  -5.716 0.6250000000
66301  -46.478  -7.991  -3.795 0.7500000000
66296  -47.181  -7.961  -2.578 0.5000000000
108983  -45.527  -9.292  -7.130 0.2500000000
65454  -45.753  -8.713  -6.604 0.3750000000
122073  -46.092  -8.030  -5.877 0.6250000000
58538  -46.421  -15.913  -0.086 0.3750000000
59499  -47.083  -15.495  -0.249 0.3750000000
59498  -46.376  -15.303  -0.659 0.3750000000
60430  -47.160  -14.891  -0.750 0.3750000000
60431  -47.902  -14.513  -0.772 0.2500000000
60441  -48.050  -13.874  -1.202 0.1250000000
57645  -39.990  -17.828  -1.995 0.6250000000
56769  -40.596  -17.793  -1.238 0.7500000000
59497  -44.927  -15.603  -0.842 0.6250000000
58537  -45.560  -15.845  -0.453 0.5000000000
60439  -46.465  -14.631  -1.182 0.3750000000
60440  -47.277  -14.240  -1.238 0.2500000000
61316  -48.296  -13.196  -1.456 0.2500000000
57646  -40.420  -17.290  -1.889 0.7500000000
58547  -44.159  -15.875  -0.850 0.7500000000
59510  -45.530  -15.078  -1.123 0.5000000000
61317  -49.094  -13.059  -1.220 0.2500000000
62175  -49.384  -12.352  -1.185 0.1250000000
67096  -53.581  -6.784  5.717 0.1250000000
58545  -40.676  -16.752  -2.243 0.7500000000
59508  -43.699  -15.410  -1.457 0.7500000000
59509  -44.574  -15.240  -1.310 0.7500000000
60438  -44.916  -14.572  -1.673 0.7500000000
61313  -45.784  -14.288  -1.609 0.7500000000
61314  -46.588  -13.921  -1.614 0.7500000000
61315  -47.391  -13.416  -1.633 0.3750000000
62173  -47.805  -12.604  -1.788 0.6250000000
63042  -48.869  -11.712  -1.358 0.2500000000
63845  -49.700  -10.983  -0.434 0.1250000000
63846  -50.584  -11.192  0.094 0.1250000000
66259  -52.768  -8.186  3.582 0.1250000000
109070  -53.043  -7.409  4.183 0.1250000000
67112  -53.327  -6.608  4.663 0.1250000000
58568  -40.567  -16.728  -2.962 0.6250000000
58569  -41.093  -16.240  -3.463 0.5000000000
114754  -45.981  -13.659  -1.948 0.7500000000
62183  -45.709  -13.036  -2.409 0.7500000000
62185  -47.285  -12.050  -2.208 0.6250000000
125820  -48.055  -11.710  -1.806 0.5000000000
63857  -49.007  -11.035  -1.052 0.1250000000
63833  -49.989  -10.451  0.316 0.1250000000
64625  -50.174  -9.718  0.977 0.1250000000
113342  -50.692  -9.155  1.593 0.1250000000
124127  -51.103  -8.694  2.043 0.1250000000
66258  -51.741  -7.680  2.815 0.1250000000
66243  -52.296  -7.298  3.366 0.1250000000
67111  -52.464  -6.511  3.599 0.1250000000
67936  -53.528  -5.927  5.308 0.1250000000
60451  -44.327  -14.237  -2.206 0.7500000000
60452  -45.154  -13.826  -2.142 0.7500000000
62184  -46.462  -12.397  -2.407 0.7500000000
63049  -47.316  -11.200  -2.250 0.6250000000
63855  -47.899  -10.774  -1.878 0.5000000000
64624  -49.428  -9.686  0.334 0.1250000000
65425  -49.902  -8.730  1.181 0.1250000000
65414  -50.389  -8.147  1.611 0.1250000000
123721  -51.143  -7.216  2.305 0.1250000000
67126  -51.597  -6.663  2.763 0.1250000000
67951  -52.861  -5.590  4.066 0.1250000000
59528  -42.171  -15.070  -3.760 0.5000000000
59536  -42.168  -15.246  -4.484 0.5000000000
61329  -44.367  -13.712  -2.541 0.7500000000
62182  -44.733  -13.175  -2.668 0.7500000000
110447  -45.013  -12.497  -2.817 0.7500000000
63056  -46.059  -11.090  -2.803 0.7500000000
63859  -46.551  -10.701  -2.595 0.6250000000
64636  -47.721  -9.866  -1.861 0.3750000000
65413  -49.698  -7.929  1.090 0.1250000000
66273  -49.862  -7.240  1.233 0.1250000000
60467  -42.543  -14.642  -4.395 0.5000000000
61345  -42.879  -14.084  -4.288 0.5000000000
61336  -43.242  -13.806  -3.633 0.5000000000
62191  -44.230  -12.671  -3.298 0.7500000000
63055  -44.604  -11.497  -3.542 0.7500000000
63866  -45.701  -10.256  -3.212 0.7500000000
64639  -46.469  -9.811  -2.709 0.6250000000
114587  -48.269  -7.439  -1.099 0.3750000000
66288  -48.708  -7.110  -0.322 0.3750000000
61346  -43.196  -13.444  -4.505 0.5000000000
62200  -43.443  -12.571  -4.692 0.5000000000
62201  -43.890  -12.035  -3.909 0.6250000000
63865  -44.769  -10.721  -3.702 0.7500000000
63876  -44.930  -9.962  -3.878 0.6250000000
66303  -47.991  -7.133  -3.304 0.5000000000
109146  -48.464  -6.973  -1.952 0.3750000000
66313  -46.730  -7.530  -5.572 0.6250000000
123371  -47.004  -7.521  -4.174 0.6250000000
66316  -46.841  -7.735  -6.458 0.5000000000
66310  -46.377  -7.768  -4.805 0.7500000000
65458  -47.360  -8.201  -7.831 0.3750000000
65468  -47.548  -8.604  -8.565 0.2500000000
58527  -46.597  -16.492  0.456 0.3750000000
58535  -43.446  -16.486  -0.604 0.6250000000
57634  -41.478  -17.448  -0.793 0.7500000000
57648  -41.812  -16.724  -1.198 0.7500000000
57647  -40.968  -16.999  -1.507 0.7500000000
111490  -41.311  -16.348  -1.885 0.7500000000
119217  -42.046  -16.134  -1.597 0.7500000000
58546  -42.691  -16.345  -1.079 0.7500000000
122199  -43.376  -15.941  -1.102 0.7500000000
58557  -41.107  -16.210  -2.687 0.7500000000
58558  -41.869  -15.710  -2.274 0.7500000000
120822  -42.341  -15.103  -2.855 0.7500000000
59521  -43.127  -14.987  -2.137 0.7500000000
60437  -44.056  -14.798  -1.807 0.7500000000
59527  -41.599  -15.699  -3.996 0.5000000000
60450  -42.952  -14.451  -2.979 0.7500000000
124957  -43.630  -14.482  -2.365 0.7500000000
61328  -43.664  -13.957  -2.794 0.7500000000
67125  -50.865  -6.482  2.022 0.1250000000
112606  -51.845  -5.732  3.018 0.1250000000
68793  -52.291  -4.927  3.221 0.1250000000
126579  -52.983  -4.714  4.070 0.1250000000
60458  -42.673  -14.450  -3.754 0.5000000000
67154  -49.645  -6.651  0.739 0.1250000000
67142  -50.206  -6.360  1.274 0.1250000000
67973  -50.864  -5.738  1.675 0.1250000000
111942  -51.508  -5.168  2.278 0.1250000000
61337  -43.902  -13.349  -3.119 0.7500000000
116429  -49.251  -6.448  -0.864 0.3750000000
66319  -47.262  -7.836  -7.169 0.5000000000
66314  -47.389  -7.145  -5.786 0.5000000000
66332  -47.977  -7.999  -8.209 0.2500000000
66320  -47.810  -7.628  -7.465 0.5000000000
66317  -47.631  -7.320  -6.645 0.6250000000
65469  -48.245  -8.360  -8.922 0.2500000000
114319  -48.228  -6.765  -5.991 0.5000000000
38904  -34.486  -36.245  2.927 0.7500000000
39935  -35.740  -36.151  2.898 0.7500000000
108373  -27.620  -34.075  17.955 0.5000000000
40797  -40.153  -34.862  14.545 0.2500000000
36928  -20.721  -38.067  14.443 0.8750000000
38749  -22.290  -36.065  15.842 0.8750000000
41896  -38.722  -33.877  13.641 0.2500000000
107804  -36.911  -32.905  12.418 0.5000000000
44097  -34.119  -32.003  7.926 0.8750000000
44039  -36.391  -31.544  13.275 0.5000000000
115572  -35.419  -28.277  11.159 0.3750000000
119190  -33.623  -24.962  5.315 0.7500000000
52712  -34.639  -22.788  4.783 0.8750000000
52726  -34.078  -22.317  3.358 0.7500000000
53821  -35.573  -21.443  1.669 0.7500000000
53839  -37.005  -22.277  0.844 0.7500000000
51748  -39.178  -23.421  0.828 0.8750000000
51784  -39.667  -23.283  0.016 0.7500000000
120006  -40.384  -21.365  -0.297 0.6250000000
39905  -33.461  -35.488  3.750 0.7500000000
45101  -32.652  -30.253  6.378 0.8750000000
51759  -32.990  -23.172  0.046 0.7500000000
35131  -17.063  -40.696  11.749 0.6250000000
126053  -21.460  -39.729  7.962 0.2500000000
37042  -31.943  -38.146  3.745 0.3750000000
39933  -32.047  -36.291  2.836 0.6250000000
37960  -33.205  -37.314  2.608 0.6250000000
37961  -33.920  -37.029  2.535 0.6250000000
38903  -33.684  -35.940  3.047 0.7500000000
38918  -34.531  -36.708  2.649 0.7500000000
42059  -37.981  -33.581  2.622 0.1250000000
42041  -37.101  -32.924  3.734 0.6250000000
35048  -18.670  -40.051  18.796 0.5000000000
35065  -19.062  -40.066  17.000 0.5000000000
110347  -36.395  -32.755  4.906 0.5000000000
43093  -36.069  -32.469  3.091 0.3750000000
42975  -37.985  -32.709  14.209 0.2500000000
121674  -33.190  -31.284  7.047 0.7500000000
44108  -33.309  -31.653  6.609 0.6250000000
119864  -32.582  -31.162  5.478 0.6250000000
45124  -32.028  -30.379  4.263 0.5000000000
45111  -32.120  -29.772  4.912 0.5000000000
44128  -32.372  -31.092  4.636 0.6250000000
45136  -31.770  -30.007  3.533 0.5000000000
45137  -32.075  -30.649  3.537 0.5000000000
47017  -31.513  -28.483  3.446 0.6250000000
46099  -31.683  -29.686  2.846 0.2500000000
47035  -31.413  -28.270  2.783 0.3750000000
46997  -32.014  -28.445  4.683 0.6250000000
48012  -32.234  -27.861  5.063 0.6250000000
47074  -31.752  -28.156  1.304 0.2500000000
48073  -32.349  -27.471  0.285 0.2500000000
47075  -32.328  -28.184  0.696 0.2500000000
119992  -32.035  -26.725  0.263 0.5000000000
49962  -34.115  -25.547  -2.079 0.3750000000
127397  -33.162  -24.959  -1.379 0.5000000000
48985  -31.809  -26.269  3.371 0.5000000000
49976  -35.000  -25.604  -2.545 0.3750000000
48966  -32.554  -26.028  4.700 0.7500000000
123452  -32.488  -24.484  3.148 0.6250000000
49935  -32.056  -25.004  0.245 0.6250000000
52811  -34.849  -22.849  -1.005 0.7500000000
51760  -38.319  -23.089  -0.192 0.6250000000
52797  -37.407  -22.848  -0.528 0.6250000000
51810  -35.626  -24.106  -2.314 0.3750000000
128650  -36.205  -23.401  -1.881 0.3750000000
52796  -36.576  -22.724  -0.785 0.6250000000
51800  -37.415  -23.081  -1.869 0.6250000000
51801  -38.024  -22.809  -1.638 0.6250000000
50861  -36.722  -24.242  -2.840 0.3750000000
51813  -37.807  -23.082  -2.538 0.5000000000
116487  -35.746  -22.090  0.216 0.7500000000
52852  -39.693  -22.473  -4.207 0.2500000000
51717  -34.298  -23.366  4.840 0.8750000000
51737  -33.135  -22.885  2.326 0.7500000000
53837  -35.375  -21.769  0.856 0.7500000000
52769  -34.977  -22.080  0.130 0.7500000000
54910  -39.497  -20.995  -1.124 0.6250000000
117123  -39.444  -20.323  -1.596 0.6250000000
55888  -39.525  -19.546  -1.750 0.5000000000
55907  -39.580  -19.531  -2.983 0.5000000000
57683  -43.691  -17.348  -5.496 0.1250000000
59563  -44.709  -15.076  -6.442 0.1250000000
56767  -39.624  -18.615  -2.085 0.5000000000
56801  -41.486  -18.554  -4.487 0.2500000000
55927  -42.342  -19.234  -4.543 0.3750000000
123348  -42.283  -17.407  -5.140 0.3750000000
58587  -42.434  -16.611  -5.310 0.2500000000
112555  -43.914  -12.769  -6.608 0.2500000000
62220  -44.132  -12.067  -6.885 0.2500000000
63063  -43.655  -11.714  -4.832 0.5000000000
62219  -43.655  -12.342  -6.308 0.3750000000
63076  -43.640  -11.349  -5.608 0.3750000000
64672  -44.963  -9.940  -7.138 0.5000000000
63901  -45.438  -10.456  -7.780 0.2500000000
63906  -46.126  -10.207  -8.314 0.2500000000
63916  -46.881  -10.038  -8.958 0.1250000000
107383  -46.161  -8.913  -7.490 0.2500000000
63860  -47.199  -10.294  -2.285 0.6250000000
65436  -47.481  -8.874  -1.820 0.2500000000
66285  -49.264  -7.324  0.561 0.2500000000
65440  -47.058  -8.567  -2.412 0.7500000000
63064  -44.157  -11.232  -4.223 0.5000000000
64662  -44.414  -9.999  -5.393 0.5000000000
63875  -44.379  -10.445  -4.552 0.6250000000
64653  -44.844  -9.555  -4.598 0.6250000000
65449  -45.320  -8.813  -4.807 0.7500000000
116542  -45.858  -8.398  -4.272 0.7500000000
66293  -47.906  -7.623  -1.697 0.3750000000
64668  -45.141  -9.236  -6.431 0.6250000000
65450  -45.768  -8.262  -5.091 0.7500000000
66302  -47.238  -7.614  -3.315 0.6250000000
65455  -46.317  -8.314  -6.757 0.2500000000
110407  -47.782  -15.136  -0.299 0.2500000000
62174  -48.597  -12.455  -1.493 0.3750000000
63043  -49.591  -11.671  -0.940 0.1250000000
59507  -42.745  -15.642  -1.639 0.7500000000
61330  -46.563  -13.204  -2.016 0.7500000000
61331  -47.115  -12.741  -2.016 0.6250000000
65406  -51.922  -8.684  2.700 0.1250000000
123548  -45.702  -12.307  -2.661 0.7500000000
110430  -48.466  -11.118  -1.500 0.5000000000
63844  -48.946  -10.383  -0.649 0.1250000000
116572  -49.372  -10.271  -0.111 0.1250000000
65405  -51.091  -7.979  2.223 0.1250000000
59520  -41.631  -15.655  -3.211 0.7500000000
63048  -46.631  -11.543  -2.508 0.7500000000
66274  -50.540  -7.234  1.789 0.1250000000
125852  -44.550  -12.096  -3.322 0.6250000000
62192  -45.221  -11.867  -3.005 0.7500000000
63047  -45.942  -11.731  -2.734 0.7500000000
124927  -45.416  -11.193  -3.170 0.7500000000
62190  -43.560  -12.936  -3.844 0.5000000000
67170  -48.686  -6.813  -1.157 0.3750000000
66297  -47.782  -7.456  -2.493 0.5000000000
66311  -47.184  -7.235  -4.914 0.6250000000
65457  -46.785  -8.295  -7.330 0.3750000000
127547  -42.513  -15.323  -2.191 0.7500000000
68783  -53.544  -4.984  5.001 0.1250000000
122512  -42.506  -14.752  -3.351 0.6250000000
67962  -51.250  -5.906  2.347 0.1250000000
109018  -53.453  -4.075  4.655 0.1250000000
21359  -9.210  -56.067  14.150 0.1250000000
120363  -9.600  -55.782  14.658 0.2500000000
22324  -9.020  -55.370  14.723 0.2500000000
22317  -9.866  -55.102  15.354 0.2500000000
22334  -8.878  -55.530  13.819 0.2500000000
22325  -10.575  -55.612  14.673 0.2500000000
21373  -9.194  -56.144  13.743 0.1250000000
120619  -11.382  -54.762  13.962 0.2500000000
22347  -9.335  -55.237  12.903 0.1250000000
22316  -9.225  -54.754  15.522 0.2500000000
22323  -8.650  -54.751  14.886 0.3750000000
121928  -10.805  -54.643  14.759 0.2500000000
127377  -8.941  -54.422  13.181 0.3750000000
23306  -11.442  -53.820  13.811 0.2500000000
23289  -9.345  -54.134  16.089 0.3750000000
22333  -8.553  -54.875  14.142 0.3750000000
23296  -8.299  -54.043  14.324 0.3750000000
23290  -9.796  -54.267  16.011 0.3750000000
23304  -8.518  -54.278  13.725 0.3750000000
23297  -10.464  -54.261  15.647 0.2500000000
24202  -10.440  -53.626  16.384 0.3750000000
22345  -8.771  -54.761  13.535 0.3750000000
24217  -8.357  -53.504  13.619 0.3750000000
23305  -11.092  -53.595  14.612 0.2500000000
23319  -8.967  -53.691  12.910 0.3750000000
24211  -11.191  -52.569  14.568 0.2500000000
24218  -11.462  -52.759  13.763 0.2500000000
25077  -11.475  -51.707  13.682 0.2500000000
25920  -12.342  -50.669  12.696 0.2500000000
25921  -13.273  -50.619  12.459 0.2500000000
26799  -12.767  -49.723  12.542 0.2500000000
118752  -13.396  -49.108  12.305 0.2500000000
27694  -14.783  -48.525  11.779 0.1250000000
30528  -17.237  -45.368  11.275 0.1250000000
23288  -8.649  -54.218  15.327 0.3750000000
125261  -8.192  -53.526  14.890 0.3750000000
23280  -9.828  -53.688  16.622 0.3750000000
108088  -7.942  -52.907  14.178 0.2500000000
24210  -10.906  -53.399  15.425 0.2500000000
25907  -11.391  -50.839  14.021 0.3750000000
119629  -11.623  -50.238  13.599 0.2500000000
26784  -12.241  -49.146  13.031 0.2500000000
27692  -13.121  -48.295  12.479 0.2500000000
27693  -13.876  -48.490  12.009 0.1250000000
28612  -14.252  -47.777  11.827 0.2500000000
118780  -13.879  -47.105  12.087 0.2500000000
29566  -15.644  -46.420  11.429 0.1250000000
30527  -16.306  -45.699  11.284 0.1250000000
119810  -8.624  -53.569  15.762 0.2500000000
23279  -9.324  -53.535  16.595 0.3750000000
24201  -8.509  -52.889  16.180 0.2500000000
24195  -10.224  -53.234  17.119 0.3750000000
25060  -10.790  -52.767  16.681 0.3750000000
25067  -7.604  -52.009  14.647 0.2500000000
25061  -11.115  -51.677  15.898 0.3750000000
25902  -11.305  -50.808  14.983 0.3750000000
115868  -12.781  -48.884  12.633 0.2500000000
29545  -13.339  -46.746  12.659 0.3750000000
29546  -14.016  -46.388  12.130 0.2500000000
29565  -14.832  -46.186  11.702 0.2500000000
30526  -15.446  -45.552  11.509 0.1250000000
110393  -15.899  -44.819  11.310 0.2500000000
31426  -16.648  -44.741  11.164 0.1250000000
31427  -17.400  -44.596  11.058 0.1250000000
31445  -16.974  -43.954  10.933 0.1250000000
31446  -17.704  -43.895  10.759 0.1250000000
121027  -18.917  -44.607  11.224 0.1250000000
31448  -20.130  -44.131  10.734 0.1250000000
32362  -20.603  -43.715  10.002 0.1250000000
32360  -18.148  -43.165  10.290 0.1250000000
118688  -18.858  -43.526  10.286 0.1250000000
128716  -19.544  -42.789  9.453 0.1250000000
33381  -19.898  -42.384  8.954 0.1250000000
122456  -8.143  -51.622  17.173 0.1250000000
24187  -9.060  -52.364  17.772 0.1250000000
25042  -9.377  -51.933  18.481 0.1250000000
25043  -10.158  -52.016  18.574 0.2500000000
25054  -8.326  -52.216  16.701 0.2500000000
25048  -9.863  -52.427  18.221 0.2500000000
25882  -10.681  -51.746  18.333 0.3750000000
40617  -24.873  -34.844  26.416 0.1250000000
40618  -25.547  -34.467  26.297 0.1250000000
25889  -10.907  -51.991  17.661 0.2500000000
25890  -11.113  -51.064  17.616 0.5000000000
108878  -7.366  -51.392  15.163 0.2500000000
24188  -9.965  -52.892  17.694 0.3750000000
25055  -10.541  -52.641  17.470 0.5000000000
25897  -11.117  -51.282  16.709 0.5000000000
119310  -11.249  -50.769  15.829 0.5000000000
26772  -11.494  -50.127  14.343 0.3750000000
124204  -12.872  -46.867  13.306 0.3750000000
30503  -13.603  -45.846  12.741 0.5000000000
30504  -14.232  -45.570  12.204 0.2500000000
31424  -15.162  -44.761  11.694 0.1250000000
119496  -16.272  -44.048  11.162 0.1250000000
32359  -17.310  -43.204  10.616 0.1250000000
33363  -18.390  -42.283  9.880 0.1250000000
32381  -18.912  -42.889  9.803 0.1250000000
35186  -19.895  -40.930  8.768 0.2500000000
37044  -33.515  -38.608  3.263 0.5000000000
120399  -9.641  -51.395  18.999 0.1250000000
121470  -25.627  -34.141  27.499 0.1250000000
111939  -28.212  -33.544  25.491 0.2500000000
41756  -28.935  -33.748  25.129 0.2500000000
25883  -10.989  -50.849  18.426 0.2500000000
39634  -24.449  -35.177  25.767 0.1250000000
41736  -26.233  -33.919  26.815 0.1250000000
41754  -27.400  -33.653  25.412 0.1250000000
38647  -23.335  -35.882  24.161 0.1250000000
39641  -23.916  -35.530  25.035 0.1250000000
40627  -25.020  -34.745  25.371 0.1250000000
123224  -25.188  -34.692  24.451 0.1250000000
40629  -26.413  -34.027  25.499 0.1250000000
120998  -26.984  -33.743  24.642 0.1250000000
41773  -28.659  -33.920  23.894 0.2500000000
40646  -30.059  -34.469  23.705 0.2500000000
40685  -30.291  -34.832  22.041 0.2500000000
39642  -24.609  -35.100  24.515 0.1250000000
40643  -25.658  -34.447  23.931 0.1250000000
40644  -26.296  -34.070  24.336 0.1250000000
41772  -27.816  -33.808  23.394 0.2500000000
40664  -28.973  -34.322  22.395 0.2500000000
40666  -30.577  -34.793  23.002 0.2500000000
40686  -31.139  -35.030  22.304 0.2500000000
39648  -23.837  -35.578  23.259 0.1250000000
39649  -24.494  -35.224  23.460 0.1250000000
40642  -25.059  -34.804  23.645 0.1250000000
40662  -26.264  -34.078  23.345 0.1250000000
41788  -27.045  -33.808  22.879 0.1250000000
40665  -29.764  -34.585  22.704 0.2500000000
39671  -30.898  -34.946  21.362 0.2500000000
40660  -24.872  -34.915  22.661 0.2500000000
110402  -25.440  -34.523  22.157 0.1250000000
107517  -26.249  -34.108  22.253 0.1250000000
41801  -27.279  -33.846  22.045 0.2500000000
40663  -28.165  -34.053  22.134 0.2500000000
40683  -28.659  -34.294  21.524 0.2500000000
40706  -30.029  -34.753  21.115 0.2500000000
29525  -12.743  -46.715  14.168 0.3750000000
39670  -24.373  -35.301  22.015 0.2500000000
39682  -24.386  -35.243  21.190 0.3750000000
40680  -25.707  -34.435  21.251 0.2500000000
40681  -26.757  -34.077  21.248 0.2500000000
40682  -27.761  -34.058  21.319 0.2500000000
40704  -28.328  -34.268  20.702 0.3750000000
40705  -29.186  -34.509  20.888 0.3750000000
114893  -29.789  -34.615  20.135 0.3750000000
29526  -13.085  -46.074  13.595 0.5000000000
31408  -13.854  -45.062  12.823 0.5000000000
32329  -14.663  -43.771  12.616 0.5000000000
31409  -14.486  -44.680  12.277 0.3750000000
31425  -15.557  -44.047  11.516 0.2500000000
32346  -15.923  -43.293  11.337 0.2500000000
32358  -16.595  -43.271  10.923 0.1250000000
33361  -16.925  -42.489  10.719 0.2500000000
33362  -17.657  -42.424  10.339 0.1250000000
34294  -17.956  -41.609  10.139 0.2500000000
34307  -18.583  -41.553  9.684 0.1250000000
34323  -19.798  -41.636  8.809 0.1250000000
35187  -20.432  -40.380  8.570 0.2500000000
37054  -34.775  -37.907  2.714 0.5000000000
37046  -35.301  -38.502  3.154 0.2500000000
26731  -8.997  -50.599  19.615 0.1250000000
128950  -7.950  -50.652  18.023 0.1250000000
25875  -8.768  -51.143  18.749 0.1250000000
25872  -10.057  -50.803  19.464 0.1250000000
25888  -7.482  -50.762  17.201 0.1250000000
25876  -10.463  -51.326  18.847 0.1250000000
38651  -21.949  -36.826  24.129 0.1250000000
38645  -22.017  -36.943  25.338 0.1250000000
38643  -22.675  -36.553  26.094 0.1250000000
39632  -23.268  -36.073  26.883 0.1250000000
41723  -28.680  -32.891  27.086 0.2500000000
110149  -29.516  -33.484  26.079 0.2500000000
41757  -29.885  -33.759  25.504 0.2500000000
39640  -23.254  -35.983  25.526 0.1250000000
39629  -24.408  -35.148  27.076 0.1250000000
40610  -24.985  -34.515  27.688 0.1250000000
41721  -27.011  -33.483  27.481 0.2500000000
41738  -27.905  -33.420  26.543 0.2500000000
26743  -11.430  -50.093  17.708 0.3750000000
27647  -11.778  -49.241  16.881 0.3750000000
38652  -22.587  -36.377  23.562 0.1250000000
107912  -29.537  -34.091  24.391 0.2500000000
38670  -21.889  -36.728  22.018 0.2500000000
38682  -21.903  -36.714  21.091 0.3750000000
38660  -22.563  -36.395  22.480 0.2500000000
38653  -23.199  -35.990  22.937 0.1250000000
38712  -21.891  -36.537  19.343 0.3750000000
38683  -22.537  -36.319  20.663 0.3750000000
38672  -23.168  -35.994  21.080 0.3750000000
30459  -13.269  -45.429  15.459 0.5000000000
30460  -13.686  -44.785  15.278 0.5000000000
38697  -22.506  -36.208  19.835 0.3750000000
38684  -23.113  -35.895  20.238 0.3750000000
40701  -25.507  -34.578  20.297 0.2500000000
40702  -26.335  -34.348  20.419 0.2500000000
40723  -26.728  -34.360  19.670 0.3750000000
115915  -28.119  -34.299  20.029 0.3750000000
116660  -28.852  -34.427  20.098 0.3750000000
40726  -29.270  -34.460  19.377 0.3750000000
30475  -13.330  -45.255  14.404 0.5000000000
31387  -13.725  -44.618  14.500 0.5000000000
38723  -21.885  -36.470  18.492 0.3750000000
39702  -23.059  -35.612  18.342 0.5000000000
39704  -24.029  -35.223  19.145 0.3750000000
40737  -24.705  -34.795  18.869 0.5000000000
40722  -25.300  -34.637  19.471 0.3750000000
30489  -13.458  -45.377  13.415 0.5000000000
31398  -13.689  -44.767  13.691 0.5000000000
31399  -14.011  -44.134  14.065 0.5000000000
39715  -23.551  -35.246  17.895 0.6250000000
39716  -24.127  -34.984  18.358 0.6250000000
40738  -25.455  -34.495  18.624 0.3750000000
40739  -26.170  -34.284  18.431 0.2500000000
32310  -14.466  -43.581  13.567 0.5000000000
31410  -14.955  -44.084  11.969 0.2500000000
32345  -15.242  -43.243  12.024 0.5000000000
33341  -15.777  -42.604  11.672 0.3750000000
33342  -16.271  -42.516  11.168 0.2500000000
34293  -17.270  -41.700  10.607 0.2500000000
124688  -35.565  -37.774  2.780 0.3750000000
37047  -36.731  -38.428  3.509 0.1250000000
115346  -7.974  -49.955  18.645 0.1250000000
25877  -10.794  -50.527  19.042 0.1250000000
27622  -11.393  -49.121  18.758 0.1250000000
26732  -11.249  -49.954  18.567 0.1250000000
27635  -11.572  -49.038  17.914 0.2500000000
27636  -11.772  -48.206  17.855 0.3750000000
37754  -20.777  -37.891  24.071 0.1250000000
37752  -21.387  -37.394  24.670 0.1250000000
37755  -21.297  -37.255  23.548 0.1250000000
37759  -21.238  -37.164  22.513 0.2500000000
37771  -20.573  -37.645  21.085 0.2500000000
38696  -21.882  -36.632  20.211 0.2500000000
37772  -21.211  -37.107  20.614 0.2500000000
37784  -21.262  -36.946  18.814 0.3750000000
31388  -14.114  -44.206  15.003 0.5000000000
120417  -21.805  -36.504  17.698 0.5000000000
38724  -22.399  -36.015  18.037 0.3750000000
32293  -14.513  -43.615  14.611 0.5000000000
39714  -22.907  -35.613  17.512 0.7500000000
39730  -23.486  -35.192  17.020 0.6250000000
39731  -24.141  -34.800  17.516 0.6250000000
120633  -15.362  -42.397  13.919 0.5000000000
37948  -36.328  -37.678  2.930 0.5000000000
26720  -10.557  -50.145  19.707 0.1250000000
26719  -9.640  -50.161  20.110 0.1250000000
37749  -21.458  -37.554  25.879 0.1250000000
38642  -22.054  -37.065  26.595 0.1250000000
38640  -22.621  -36.539  27.381 0.1250000000
118854  -11.638  -48.493  18.375 0.1250000000
37751  -20.853  -38.040  25.224 0.1250000000
36877  -20.069  -38.353  22.508 0.2500000000
36881  -20.022  -38.257  21.568 0.2500000000
37777  -20.522  -37.640  20.122 0.1250000000
37783  -20.525  -37.644  19.061 0.5000000000
32294  -14.929  -42.975  14.210 0.6250000000
37794  -21.247  -37.024  17.457 0.6250000000
37949  -37.585  -37.298  3.213 0.1250000000
27608  -10.864  -49.414  19.924 0.1250000000
27609  -11.278  -48.950  19.413 0.1250000000
28559  -12.048  -47.661  19.324 0.1250000000
27623  -11.652  -48.396  18.983 0.1250000000
28566  -11.976  -47.754  18.391 0.1250000000
29458  -12.477  -46.975  18.880 0.1250000000
125751  -19.167  -39.575  23.725 0.1250000000
36865  -20.245  -38.743  25.892 0.1250000000
37748  -20.804  -38.173  26.548 0.1250000000
29472  -12.426  -46.941  17.977 0.1250000000
35933  -18.418  -39.958  21.708 0.1250000000
36876  -19.468  -39.096  23.007 0.2500000000
36869  -20.265  -38.593  24.630 0.1250000000
38639  -21.916  -37.007  27.952 0.1250000000
29473  -12.873  -46.259  17.632 0.2500000000
36880  -19.479  -38.876  21.986 0.1250000000
35047  -18.369  -40.259  19.632 0.3750000000
32278  -14.684  -43.758  15.601 0.5000000000
33297  -15.601  -42.019  13.258 0.6250000000
38906  -37.682  -36.392  2.848 0.2500000000
38921  -37.471  -35.531  2.724 0.3750000000
42060  -38.759  -33.555  2.426 0.1250000000
29448  -13.032  -46.286  19.372 0.1250000000
29459  -12.960  -46.305  18.482 0.2500000000
35929  -18.363  -40.132  22.520 0.1250000000
125491  -13.486  -45.713  18.113 0.2500000000
34175  -17.858  -40.947  19.859 0.3750000000
34196  -17.516  -41.773  18.021 0.3750000000
35054  -18.344  -40.720  18.243 0.3750000000
34208  -17.601  -41.626  17.228 0.5000000000
35064  -18.498  -40.644  17.398 0.3750000000
115959  -18.118  -40.898  16.210 0.3750000000
34209  -18.090  -41.093  16.906 0.3750000000
43100  -36.232  -32.067  2.622 0.1250000000
44158  -37.056  -32.032  2.458 0.1250000000
33227  -17.218  -42.075  17.569 0.3750000000
44156  -35.329  -31.529  2.557 0.1250000000
45154  -35.240  -30.617  2.387 0.1250000000
113225  -35.608  -32.099  2.773 0.1250000000
44155  -34.526  -31.453  2.616 0.1250000000
112948  -34.799  -30.906  2.348 0.1250000000
45153  -34.147  -30.813  2.278 0.1250000000
45165  -34.588  -30.070  1.960 0.1250000000
43067  -35.788  -32.678  5.794 0.7500000000
43055  -36.133  -32.781  6.632 0.7500000000
109699  -35.295  -32.639  4.876 0.5000000000
43091  -34.330  -32.233  3.620 0.3750000000
44142  -33.385  -31.755  3.401 0.2500000000
44143  -34.170  -31.822  3.009 0.2500000000
44141  -32.548  -31.230  3.472 0.2500000000
115865  -32.234  -31.052  3.994 0.3750000000
48084  -32.662  -27.076  -0.281 0.3750000000
49045  -34.534  -26.302  -2.216 0.2500000000
119949  -34.308  -26.786  -1.796 0.3750000000
127733  -35.203  -26.451  -2.527 0.2500000000
123460  -35.612  -26.883  10.309 0.3750000000
48912  -36.223  -25.557  9.645 0.2500000000
50736  -36.954  -24.279  9.091 0.3750000000
66356  -50.783  -7.788  -10.233 0.1250000000
65490  -51.260  -8.243  -10.697 0.1250000000
66357  -51.557  -7.534  -10.483 0.1250000000
67217  -50.721  -6.729  -9.271 0.2500000000
66347  -51.099  -7.111  -9.907 0.1250000000
124856  -48.362  -7.472  -7.805 0.3750000000
67198  -49.104  -6.616  -6.963 0.3750000000
67199  -49.594  -6.447  -7.324 0.3750000000
67200  -50.197  -6.158  -7.600 0.3750000000
67209  -49.747  -6.719  -8.214 0.1250000000
67210  -50.425  -6.413  -8.501 0.2500000000
67211  -51.098  -6.038  -8.806 0.2500000000
67218  -51.446  -6.400  -9.552 0.2500000000
67186  -48.640  -6.636  -4.482 0.5000000000
111889  -48.027  -6.772  -5.089 0.5000000000
67190  -49.035  -6.483  -5.235 0.5000000000
67194  -49.001  -6.556  -6.208 0.3750000000
67195  -49.575  -6.301  -6.478 0.3750000000
67196  -50.025  -6.073  -6.796 0.3750000000
68078  -50.809  -5.749  -7.881 0.3750000000
68067  -51.244  -5.208  -7.176 0.2500000000
68079  -51.521  -5.235  -8.268 0.2500000000
68088  -51.791  -5.642  -9.188 0.2500000000
68080  -52.212  -4.951  -8.841 0.2500000000
68943  -53.135  -3.899  -8.981 0.2500000000
68955  -54.781  -4.019  -9.812 0.2500000000
67174  -48.528  -6.827  -2.894 0.5000000000
111890  -47.803  -7.060  -4.124 0.5000000000
67187  -49.504  -6.328  -4.230 0.5000000000
67191  -49.563  -6.271  -5.721 0.5000000000
112108  -50.663  -5.747  -4.926 0.5000000000
68059  -50.951  -5.529  -5.583 0.5000000000
68064  -51.218  -5.235  -6.177 0.5000000000
68066  -50.637  -5.669  -6.714 0.5000000000
68926  -51.664  -4.682  -6.464 0.3750000000
68923  -52.298  -4.034  -5.822 0.3750000000
68929  -51.768  -4.644  -7.477 0.3750000000
69781  -52.565  -3.449  -6.957 0.3750000000
68930  -52.304  -4.119  -7.721 0.3750000000
69789  -52.815  -3.493  -8.143 0.3750000000
68942  -52.545  -4.279  -8.539 0.3750000000
69790  -53.370  -3.287  -8.776 0.3750000000
68954  -53.729  -4.339  -9.534 0.2500000000
70615  -53.987  -2.775  -9.035 0.3750000000
69805  -55.102  -3.086  -9.735 0.2500000000
109015  -53.297  -2.892  -4.704 0.2500000000
124539  -52.997  -2.921  -7.508 0.3750000000
70613  -53.481  -2.284  -7.311 0.3750000000
70616  -54.052  -2.029  -8.323 0.2500000000
36116  -22.531  -39.577  7.328 0.2500000000
40725  -28.450  -34.329  19.418 0.3750000000
49841  -36.726  -25.023  9.753 0.3750000000
51671  -37.409  -23.511  8.784 0.3750000000
26798  -11.949  -49.970  12.979 0.2500000000
33317  -15.551  -42.330  12.369 0.5000000000
35162  -18.352  -40.743  10.041 0.2500000000
118725  -37.011  -37.675  3.161 0.3750000000
116757  -32.295  -37.917  3.185 0.3750000000
37053  -33.874  -37.879  2.680 0.5000000000
37962  -34.432  -37.343  2.579 0.5000000000
36887  -19.910  -38.261  20.658 0.1250000000
35934  -19.007  -39.359  21.401 0.2500000000
35941  -18.514  -39.815  20.862 0.2500000000
114710  -38.366  -32.952  2.462 0.1250000000
117126  -18.139  -40.371  20.382 0.2500000000
126541  -34.946  -32.564  4.074 0.2500000000
124254  -21.387  -36.840  18.121 0.6250000000
43066  -34.685  -32.504  5.633 0.5000000000
43078  -33.511  -32.135  4.309 0.3750000000
43079  -34.372  -32.456  4.634 0.3750000000
40724  -27.602  -34.290  19.511 0.3750000000
38735  -22.268  -36.095  17.201 0.7500000000
116195  -26.105  -34.436  19.134 0.2500000000
40750  -24.805  -34.572  18.056 0.5000000000
48098  -33.745  -26.925  -1.242 0.2500000000
49033  -33.838  -26.214  -1.759 0.5000000000
66321  -48.440  -7.015  -6.980 0.3750000000
43092  -35.244  -32.367  3.334 0.2500000000
45150  -31.956  -30.351  2.941 0.3750000000
21383  -9.195  -55.795  13.396 0.1250000000
22346  -9.019  -55.074  13.304 0.2500000000
23318  -8.722  -53.992  13.316 0.3750000000
25069  -11.247  -51.643  14.746 0.2500000000
25089  -11.957  -51.510  12.871 0.2500000000
25919  -11.688  -50.782  13.223 0.2500000000
26800  -13.564  -49.820  12.322 0.2500000000
26801  -14.224  -49.364  12.100 0.2500000000
29568  -17.146  -46.244  11.507 0.1250000000
24209  -7.979  -52.824  15.109 0.3750000000
24194  -9.814  -53.278  17.081 0.3750000000
24227  -8.639  -53.130  13.050 0.3750000000
25068  -11.023  -52.630  15.633 0.3750000000
28611  -13.521  -47.644  12.289 0.1250000000
111458  -14.519  -47.022  11.756 0.2500000000
117261  -15.164  -46.950  11.537 0.1250000000
113140  -17.892  -45.122  11.299 0.1250000000
25059  -7.787  -52.070  15.604 0.2500000000
24193  -9.244  -52.954  17.115 0.3750000000
25901  -7.476  -51.104  14.377 0.1250000000
25896  -10.969  -52.126  16.926 0.5000000000
30525  -14.798  -45.346  11.814 0.1250000000
31428  -18.140  -44.576  11.052 0.1250000000
31447  -18.478  -43.987  10.704 0.1250000000
120862  -19.268  -44.076  10.732 0.1250000000
32361  -19.626  -43.492  10.016 0.1250000000
32382  -20.219  -43.096  9.375 0.1250000000
34308  -19.149  -42.075  9.325 0.1250000000
121964  -8.444  -51.474  17.967 0.1250000000
25049  -10.394  -52.378  18.094 0.3750000000
40628  -25.659  -34.423  24.951 0.1250000000
41755  -27.867  -33.646  24.459 0.2500000000
41739  -28.873  -33.388  26.251 0.2500000000
39633  -23.849  -35.588  26.299 0.1250000000
41737  -26.969  -33.723  26.297 0.1250000000
38646  -22.618  -36.415  24.786 0.1250000000
119505  -24.055  -35.502  24.056 0.1250000000
41771  -27.027  -33.737  23.790 0.1250000000
40645  -29.248  -34.285  23.329 0.2500000000
40661  -25.564  -34.470  22.991 0.1250000000
41789  -27.776  -33.900  22.657 0.2500000000
41790  -28.462  -34.086  22.950 0.2500000000
40684  -29.480  -34.573  21.769 0.2500000000
39657  -23.761  -35.643  22.384 0.2500000000
39658  -24.286  -35.341  22.736 0.2500000000
40679  -24.919  -34.831  21.678 0.2500000000
40703  -27.372  -34.212  20.398 0.2500000000
29514  -12.897  -45.969  14.756 0.5000000000
39669  -23.773  -35.640  21.526 0.3750000000
120182  -24.923  -34.802  20.829 0.3750000000
128866  -24.417  -35.149  20.522 0.3750000000
26721  -11.060  -49.770  19.243 0.1250000000
39628  -23.817  -35.482  27.740 0.1250000000
41713  -27.207  -32.912  28.097 0.2500000000
38659  -21.886  -36.738  23.022 0.2500000000
38671  -22.559  -36.388  21.536 0.2500000000
37765  -21.235  -37.142  21.545 0.3750000000
38661  -23.182  -36.047  21.965 0.2500000000
117743  -22.582  -36.018  18.953 0.3750000000
38698  -23.025  -35.830  19.564 0.3750000000
39692  -24.198  -35.216  19.926 0.3750000000
39681  -23.808  -35.546  20.601 0.3750000000
40700  -24.793  -34.845  20.084 0.3750000000
122070  -25.996  -34.465  19.793 0.2500000000
39703  -23.330  -35.593  19.054 0.5000000000
40721  -24.588  -34.930  19.496 0.3750000000
112076  -14.088  -44.284  13.105 0.5000000000
32311  -14.994  -42.837  13.075 0.5000000000
37758  -20.673  -37.755  23.013 0.2500000000
37764  -20.623  -37.682  22.023 0.2500000000
37778  -21.190  -37.038  19.696 0.3750000000
38635  -22.356  -36.329  28.479 0.1250000000
36873  -20.164  -38.471  23.529 0.1250000000
27610  -11.561  -48.194  19.717 0.1250000000
35926  -18.806  -39.796  23.090 0.1250000000
35922  -19.097  -39.753  24.676 0.1250000000
36872  -19.639  -39.100  24.092 0.1250000000
37745  -21.349  -37.584  27.241 0.1250000000
35930  -18.932  -39.557  22.278 0.1250000000
108075  -18.115  -40.822  19.071 0.3750000000
43102  -37.997  -32.296  2.410 0.1250000000
35040  -17.968  -40.440  21.176 0.2500000000
34187  -17.803  -41.340  18.536 0.3750000000
34197  -17.988  -41.222  17.731 0.3750000000
115638  -35.843  -31.833  2.587 0.1250000000
44157  -36.066  -31.438  2.518 0.1250000000
43099  -34.874  -32.009  2.893 0.2500000000
44154  -33.736  -31.368  2.707 0.2500000000
44129  -32.734  -31.621  4.108 0.3750000000
48113  -35.011  -27.094  -2.144 0.2500000000
49842  -37.273  -24.524  9.880 0.2500000000
66346  -50.394  -7.421  -9.660 0.1250000000
66322  -49.009  -7.003  -7.801 0.3750000000
66334  -49.347  -7.385  -8.723 0.2500000000
67179  -48.641  -6.692  -3.738 0.5000000000
67192  -50.186  -5.934  -5.843 0.3750000000
68941  -52.061  -4.642  -8.190 0.3750000000
68953  -52.887  -4.619  -9.237 0.2500000000
111888  -49.945  -6.145  -5.012 0.5000000000
68927  -52.085  -4.163  -6.888 0.3750000000
69773  -52.753  -3.554  -4.862 0.3750000000
69774  -52.951  -2.998  -5.756 0.3750000000
69780  -53.042  -2.745  -6.740 0.3750000000
123208  -53.379  -2.786  -8.225 0.3750000000
70604  -53.567  -2.366  -5.278 0.3750000000
71484  -53.954  -1.685  -7.436 0.2500000000
38877  -30.023  -36.651  4.646 0.2500000000
37932  -30.678  -37.123  4.296 0.2500000000
37033  -33.158  -39.128  3.976 0.1250000000
36174  -35.021  -39.150  3.669 0.1250000000
37946  -32.965  -38.004  2.850 0.2500000000
37045  -34.438  -38.588  3.148 0.2500000000
40729  -41.476  -33.923  19.430 0.1250000000
41819  -40.742  -33.929  20.293 0.1250000000
40728  -41.025  -34.836  19.339 0.1250000000
40744  -41.485  -34.437  18.701 0.1250000000
117240  -41.399  -34.163  17.926 0.1250000000
41863  -40.922  -33.362  18.019 0.1250000000
118373  -40.919  -35.512  17.316 0.1250000000
40754  -41.158  -34.796  17.109 0.1250000000
41875  -40.759  -33.853  16.897 0.1250000000
40782  -40.566  -34.965  15.439 0.1250000000
40766  -40.876  -34.609  16.267 0.1250000000
40712  -40.538  -34.744  20.037 0.1250000000
42956  -40.241  -33.038  17.242 0.1250000000
39697  -40.266  -35.355  19.596 0.1250000000
41874  -40.001  -33.390  16.251 0.1250000000
38718  -39.497  -36.329  18.538 0.1250000000
41883  -40.412  -34.052  15.782 0.1250000000
40781  -40.087  -34.301  15.062 0.1250000000
41882  -39.770  -33.714  15.352 0.1250000000
41889  -39.635  -34.171  14.489 0.1250000000
41817  -39.547  -33.238  20.578 0.1250000000
40710  -38.632  -34.828  21.002 0.1250000000
112354  -39.077  -35.134  20.756 0.1250000000
40690  -38.189  -35.443  21.191 0.1250000000
39687  -39.605  -35.380  20.223 0.1250000000
40709  -37.852  -35.027  21.466 0.1250000000
39686  -38.593  -35.824  20.760 0.1250000000
38674  -36.155  -36.398  21.619 0.1250000000
38675  -36.883  -36.417  21.354 0.1250000000
38676  -37.473  -36.222  21.356 0.1250000000
42977  -39.211  -33.353  14.930 0.1250000000
38685  -35.548  -36.447  21.003 0.1250000000
41816  -37.894  -34.153  20.634 0.1250000000
41832  -36.594  -33.275  19.357 0.1250000000
40688  -37.053  -35.031  21.966 0.1250000000
38664  -36.592  -36.154  22.029 0.1250000000
40670  -36.469  -35.163  22.473 0.1250000000
40669  -35.717  -34.467  22.743 0.1250000000
108327  -35.529  -33.940  21.095 0.1250000000
42983  -37.602  -32.798  13.549 0.2500000000
44020  -37.055  -31.335  14.528 0.2500000000
45017  -36.286  -30.598  13.629 0.2500000000
116314  -36.642  -31.206  14.034 0.2500000000
45932  -35.941  -29.971  13.043 0.2500000000
108117  -40.774  -28.350  -1.354 0.1250000000
46858  -36.156  -28.377  12.540 0.2500000000
121268  -37.073  -28.563  -1.203 0.1250000000
113803  -37.796  -28.690  -0.972 0.1250000000
47127  -37.267  -28.109  -2.257 0.1250000000
47118  -38.461  -28.524  -1.622 0.1250000000
47130  -39.346  -28.321  -2.013 0.1250000000
48117  -39.098  -27.804  -2.677 0.1250000000
46881  -35.723  -28.381  11.804 0.2500000000
46882  -36.224  -27.717  12.058 0.2500000000
110983  -35.788  -27.028  -2.662 0.1250000000
48129  -37.191  -27.235  -3.098 0.1250000000
49060  -37.379  -26.520  -3.455 0.1250000000
48116  -38.318  -27.758  -2.730 0.1250000000
48131  -38.756  -27.281  -3.241 0.1250000000
47917  -35.943  -27.073  11.013 0.2500000000
49046  -35.785  -26.189  -2.924 0.1250000000
49989  -36.551  -25.875  -3.310 0.1250000000
49990  -37.340  -25.551  -3.571 0.1250000000
50870  -36.721  -24.937  -3.245 0.2500000000
51826  -37.877  -23.587  -3.320 0.2500000000
51827  -38.573  -23.202  -3.779 0.3750000000
52853  -40.561  -22.760  -4.468 0.1250000000
120968  -42.434  -20.525  -4.363 0.1250000000
54954  -41.641  -20.420  -4.276 0.1250000000
54955  -42.137  -19.935  -4.363 0.1250000000
55926  -41.378  -19.537  -4.253 0.2500000000
67155  -49.946  -6.027  0.371 0.1250000000
67164  -49.358  -6.521  0.031 0.2500000000
67981  -50.577  -5.603  0.785 0.1250000000
67171  -49.214  -6.465  -1.759 0.2500000000
67165  -49.934  -5.977  -0.585 0.1250000000
67994  -50.586  -5.555  -0.217 0.1250000000
68011  -50.769  -5.575  -1.306 0.2500000000
67175  -49.167  -6.491  -2.575 0.3750000000
120293  -49.952  -6.041  -1.539 0.2500000000
67172  -49.980  -6.105  -2.519 0.2500000000
117256  -50.594  -5.767  -2.147 0.2500000000
114792  -49.315  -6.425  -3.342 0.3750000000
67176  -50.161  -6.050  -3.445 0.3750000000
67188  -50.434  -5.895  -4.249 0.3750000000
124494  -51.242  -5.446  -4.836 0.3750000000
68056  -51.666  -5.265  -4.348 0.3750000000
68060  -51.702  -4.988  -5.263 0.3750000000
68027  -50.801  -5.721  -2.885 0.3750000000
68040  -50.985  -5.652  -3.617 0.3750000000
68041  -51.610  -5.379  -3.706 0.3750000000
68055  -51.134  -5.566  -4.263 0.3750000000
68042  -52.069  -5.050  -3.818 0.3750000000
68057  -52.053  -4.915  -4.407 0.3750000000
68061  -52.343  -4.352  -4.749 0.3750000000
70611  -53.451  -2.296  -6.210 0.2500000000
112522  -54.882  -2.137  -9.382 0.2500000000
123202  -35.741  -36.499  20.191 0.2500000000
38686  -36.236  -36.563  20.776 0.2500000000
38703  -37.456  -36.645  19.873 0.1250000000
38704  -38.946  -36.374  19.364 0.1250000000
39736  -40.748  -35.553  16.445 0.1250000000
38689  -38.457  -36.325  20.195 0.1250000000
38677  -37.946  -36.234  20.876 0.1250000000
38688  -37.434  -36.477  20.769 0.1250000000
37933  -31.299  -37.660  3.978 0.3750000000
44029  -37.144  -32.047  13.977 0.2500000000
49977  -35.872  -25.302  -2.935 0.1250000000
50871  -37.285  -24.264  -3.250 0.2500000000
52844  -38.364  -22.803  -3.182 0.3750000000
37032  -32.367  -38.761  4.263 0.2500000000
51828  -39.160  -22.991  -4.123 0.1250000000
36175  -35.938  -39.032  3.671 0.1250000000
37043  -32.654  -38.485  3.517 0.2500000000
48101  -35.793  -27.731  -2.157 0.1250000000
37031  -31.711  -38.301  4.545 0.2500000000
36163  -32.843  -39.315  4.776 0.1250000000
36173  -34.117  -39.203  3.794 0.1250000000
36166  -35.517  -39.504  4.179 0.1250000000
41818  -40.245  -33.647  20.634 0.1250000000
38706  -40.342  -35.734  18.741 0.1250000000
39723  -40.706  -35.707  17.915 0.1250000000
113635  -41.234  -34.966  17.935 0.1250000000
38705  -39.640  -35.929  19.438 0.1250000000
40711  -39.997  -34.569  20.470 0.1250000000
38690  -39.066  -36.035  20.060 0.1250000000
41833  -38.447  -33.324  20.168 0.1250000000
125502  -38.813  -34.088  20.615 0.1250000000
110578  -39.458  -34.359  20.623 0.1250000000
39677  -37.806  -35.944  21.402 0.1250000000
40689  -37.489  -35.567  21.727 0.1250000000
38663  -36.035  -36.135  22.375 0.1250000000
39676  -37.153  -35.996  21.905 0.1250000000
38662  -35.424  -36.230  21.868 0.1250000000
42908  -37.463  -33.318  19.800 0.1250000000
39665  -36.938  -35.552  22.130 0.1250000000
39664  -36.447  -35.734  22.445 0.1250000000
39653  -35.924  -35.157  22.923 0.1250000000
123374  -35.228  -33.808  22.731 0.1250000000
41804  -35.708  -34.164  22.125 0.1250000000
113855  -35.383  -33.632  19.912 0.1250000000
41831  -34.371  -33.365  19.736 0.1250000000
41803  -34.880  -33.689  21.940 0.1250000000
41814  -34.572  -33.550  20.849 0.1250000000
47131  -40.247  -28.111  -2.015 0.1250000000
47116  -36.611  -28.254  -1.833 0.1250000000
47117  -37.537  -28.437  -1.718 0.1250000000
47128  -37.960  -28.200  -2.261 0.1250000000
48114  -36.666  -27.605  -2.599 0.1250000000
47129  -38.638  -28.184  -2.287 0.1250000000
48130  -37.906  -27.250  -3.206 0.1250000000
48115  -37.554  -27.707  -2.694 0.1250000000
49047  -36.534  -26.795  -3.109 0.1250000000
49061  -38.301  -26.642  -3.598 0.1250000000
118917  -37.940  -26.012  -3.782 0.1250000000
49062  -39.174  -26.642  -3.713 0.1250000000
120552  -37.462  -24.857  -3.571 0.2500000000
49991  -38.096  -25.200  -3.927 0.2500000000
50872  -37.904  -24.362  -3.738 0.2500000000
117247  -38.340  -23.848  -3.904 0.2500000000
67982  -51.228  -5.111  0.168 0.1250000000
28624  -14.999  -47.673  11.578 0.1250000000
28626  -16.459  -47.364  11.637 0.1250000000
34325  -21.396  -41.543  8.009 0.1250000000
34324  -20.547  -41.340  8.378 0.1250000000
35188  -21.205  -40.597  7.965 0.1250000000
35205  -22.634  -40.827  7.354 0.1250000000
35204  -22.067  -40.198  7.542 0.1250000000
36117  -23.118  -39.424  6.934 0.1250000000
48891  -36.231  -26.415  10.689 0.2500000000
114642  -35.929  -26.156  9.972 0.1250000000
49826  -36.530  -25.700  10.324 0.2500000000
49827  -37.224  -25.115  10.591 0.2500000000
112696  -42.284  -18.974  6.395 0.2500000000
117807  -16.686  -42.555  17.478 0.3750000000
28625  -15.750  -47.344  11.497 0.1250000000
27702  -15.476  -48.153  11.667 0.1250000000
33400  -21.807  -42.282  8.313 0.1250000000
34347  -21.941  -41.053  7.636 0.1250000000
39661  -33.872  -35.532  22.938 0.2500000000
125293  -31.729  -33.595  25.425 0.1250000000
40631  -32.082  -34.117  24.900 0.1250000000
39650  -33.172  -35.098  23.593 0.1250000000
41740  -30.196  -33.094  26.390 0.1250000000
41758  -31.157  -33.576  25.667 0.1250000000
40648  -31.727  -34.647  24.139 0.1250000000
40668  -32.280  -35.065  23.449 0.1250000000
39660  -32.911  -35.404  22.748 0.2500000000
41724  -29.454  -32.941  26.708 0.1250000000
41774  -30.474  -34.115  24.883 0.1250000000
40647  -30.900  -34.594  23.995 0.1250000000
39659  -31.992  -35.228  22.540 0.1250000000
40667  -31.412  -34.965  23.250 0.1250000000
39672  -31.741  -35.202  21.624 0.1250000000
40632  -32.798  -33.995  24.793 0.1250000000
40650  -33.306  -34.505  24.140 0.1250000000
39651  -34.057  -35.077  23.633 0.2500000000
40649  -32.563  -34.597  24.224 0.1250000000
42843  -30.484  -32.260  26.266 0.1250000000
41741  -30.966  -32.889  26.201 0.1250000000
39674  -33.598  -35.729  21.886 0.2500000000
43873  -29.295  -31.752  26.558 0.1250000000
42828  -26.745  -32.285  28.388 0.1250000000
43866  -26.868  -31.722  27.907 0.1250000000
43872  -28.583  -31.630  26.860 0.1250000000
43880  -28.862  -31.378  25.951 0.1250000000
43870  -26.729  -31.559  27.480 0.1250000000
39675  -34.626  -35.880  22.264 0.2500000000
43881  -29.832  -31.607  25.995 0.1250000000
38673  -34.590  -36.130  21.233 0.2500000000
128236  -26.750  -31.484  25.993 0.1250000000
43879  -28.005  -31.347  26.385 0.1250000000
43877  -26.061  -31.588  26.980 0.1250000000
37048  -37.572  -38.081  3.635 0.1250000000
44021  -37.676  -31.880  14.751 0.1250000000
44005  -38.003  -31.515  15.532 0.1250000000
44988  -37.750  -30.456  15.854 0.1250000000
45004  -37.325  -30.945  15.133 0.1250000000
44971  -38.253  -30.006  16.564 0.1250000000
45876  -37.825  -29.279  15.962 0.1250000000
45877  -38.422  -28.361  16.245 0.1250000000
47834  -39.075  -27.576  16.472 0.1250000000
45003  -36.719  -30.431  14.473 0.1250000000
46823  -37.808  -28.355  15.464 0.1250000000
45887  -36.816  -29.315  14.593 0.1250000000
127664  -37.279  -28.997  15.237 0.1250000000
46834  -37.214  -28.322  14.597 0.1250000000
47835  -39.739  -27.100  17.019 0.1250000000
46847  -36.643  -28.736  13.849 0.1250000000
47849  -38.444  -27.667  15.680 0.1250000000
47865  -37.908  -27.652  14.916 0.1250000000
111832  -36.517  -28.317  13.196 0.1250000000
46848  -36.945  -27.879  13.721 0.1250000000
47851  -39.423  -26.868  16.281 0.1250000000
119495  -39.661  -26.377  16.178 0.1250000000
47850  -38.947  -27.133  15.793 0.1250000000
108618  -38.552  -27.112  15.119 0.1250000000
48834  -39.169  -26.575  15.454 0.1250000000
107748  -37.490  -27.570  14.226 0.1250000000
110553  -38.027  -27.086  14.365 0.1250000000
114352  -38.996  -26.301  14.765 0.1250000000
48855  -38.672  -26.212  14.102 0.1250000000
47875  -37.446  -27.111  13.498 0.1250000000
47876  -38.119  -26.585  13.835 0.1250000000
47866  -38.605  -26.652  14.608 0.1250000000
47904  -36.292  -27.155  11.634 0.1250000000
112069  -36.602  -27.171  12.193 0.1250000000
48856  -39.179  -25.825  14.470 0.1250000000
48844  -39.358  -26.047  15.144 0.1250000000
49795  -38.092  -25.615  12.588 0.1250000000
48867  -38.266  -26.086  13.415 0.1250000000
110805  -37.334  -26.133  12.143 0.1250000000
47888  -37.084  -26.825  12.589 0.1250000000
48866  -37.720  -26.391  13.009 0.1250000000
48878  -36.745  -26.634  11.859 0.1250000000
49783  -39.477  -25.174  14.129 0.1250000000
49782  -38.795  -25.576  13.525 0.1250000000
48892  -36.845  -25.985  11.226 0.1250000000
49810  -37.595  -25.393  11.558 0.1250000000
110627  -39.739  -24.542  13.616 0.1250000000
49797  -39.188  -24.941  13.353 0.1250000000
50701  -39.345  -24.417  12.807 0.1250000000
49811  -38.316  -24.761  11.761 0.1250000000
49796  -38.751  -24.957  12.689 0.1250000000
49828  -37.818  -24.778  11.040 0.1250000000
50718  -38.268  -24.246  10.907 0.1250000000
49998  -38.948  -25.201  -4.253 0.1250000000
50702  -39.964  -23.937  13.061 0.1250000000
109100  -38.968  -24.389  12.129 0.1250000000
51640  -39.548  -23.730  12.118 0.1250000000
51647  -38.876  -24.003  11.419 0.1250000000
50727  -37.714  -23.860  9.616 0.1250000000
50728  -38.155  -23.885  10.274 0.1250000000
57566  -44.834  -17.449  9.025 0.1250000000
50888  -38.555  -24.461  -4.129 0.1250000000
51654  -39.466  -23.242  11.072 0.1250000000
50719  -38.705  -23.620  10.615 0.1250000000
57575  -45.039  -17.601  8.167 0.1250000000
56696  -45.426  -17.978  7.510 0.1250000000
56695  -44.569  -18.057  7.414 0.1250000000
56704  -44.501  -18.535  6.643 0.1250000000
55803  -45.930  -19.475  6.286 0.1250000000
55801  -43.892  -18.932  6.125 0.1250000000
55823  -45.493  -20.027  5.810 0.1250000000
54810  -44.322  -20.857  5.065 0.1250000000
113006  -45.223  -20.820  5.420 0.1250000000
52639  -39.751  -22.578  10.488 0.1250000000
51662  -38.416  -23.381  9.858 0.1250000000
51663  -39.087  -22.999  10.192 0.1250000000
51672  -38.050  -23.132  9.138 0.1250000000
52649  -38.726  -22.756  9.456 0.1250000000
56687  -44.139  -17.878  8.445 0.1250000000
56702  -43.077  -18.693  6.604 0.1250000000
56703  -43.811  -18.385  6.946 0.1250000000
53760  -45.209  -21.755  4.984 0.1250000000
107168  -45.306  -23.070  4.024 0.1250000000
53777  -44.722  -22.398  4.488 0.1250000000
52650  -39.420  -22.393  9.768 0.1250000000
113181  -43.786  -18.169  7.694 0.1250000000
55800  -42.926  -19.166  5.894 0.1250000000
54811  -45.963  -21.813  5.195 0.1250000000
56686  -43.321  -18.299  8.307 0.1250000000
124427  -42.472  -18.683  7.101 0.1250000000
128534  -42.576  -18.610  7.594 0.1250000000
55787  -42.056  -18.824  7.762 0.1250000000
61365  -44.916  -13.668  -7.042 0.1250000000
67225  -51.893  -6.811  -10.206 0.1250000000
66359  -53.531  -7.157  -10.945 0.1250000000
68089  -52.613  -5.357  -9.511 0.1250000000
68029  -52.027  -5.098  -3.160 0.2500000000
68868  -52.871  -3.937  -2.730 0.2500000000
68891  -52.855  -3.805  -3.535 0.2500000000
68890  -52.437  -4.538  -3.297 0.2500000000
68913  -52.690  -3.897  -4.221 0.2500000000
68090  -53.517  -5.126  -9.767 0.1250000000
68098  -54.221  -5.651  -10.305 0.1250000000
68867  -52.423  -4.583  -2.551 0.2500000000
124096  -53.310  -3.341  -2.981 0.2500000000
69756  -53.098  -3.352  -4.115 0.2500000000
70580  -53.630  -2.803  -3.298 0.2500000000
70589  -53.546  -2.835  -3.977 0.1250000000
70605  -53.768  -2.326  -4.488 0.1250000000
68091  -54.551  -4.866  -10.016 0.1250000000
68099  -55.341  -5.419  -10.495 0.1250000000
71468  -53.905  -1.804  -5.710 0.1250000000
69804  -53.915  -3.542  -9.324 0.1250000000
125373  -56.246  -5.215  -10.765 0.1250000000
71478  -53.858  -1.728  -6.607 0.1250000000
68963  -55.801  -4.564  -10.379 0.1250000000
68964  -56.403  -3.952  -10.795 0.1250000000
68100  -56.537  -4.673  -10.954 0.1250000000
52714  -44.572  -23.149  3.842 0.1250000000
55821  -43.603  -19.731  5.429 0.1250000000
55822  -44.559  -19.797  5.616 0.1250000000
41722  -27.836  -32.892  27.574 0.1250000000
42835  -28.326  -32.154  27.530 0.1250000000
42836  -29.126  -32.261  27.075 0.1250000000
119172  -30.581  -33.540  25.850 0.1250000000
67219  -52.289  -6.092  -9.848 0.1250000000
68956  -55.772  -3.751  -10.257 0.1250000000
42834  -27.515  -32.159  28.008 0.1250000000
50717  -37.736  -24.394  10.383 0.1250000000
45909  -36.394  -29.677  13.794 0.1250000000
68028  -51.504  -5.434  -3.046 0.2500000000
68912  -52.417  -4.480  -3.997 0.2500000000
48877  -36.417  -26.651  11.286 0.1250000000
40630  -31.304  -34.171  24.879 0.1250000000
42842  -29.837  -32.309  26.654 0.1250000000
43878  -27.124  -31.419  26.678 0.1250000000
43871  -27.594  -31.590  27.322 0.1250000000
111480  -27.451  -31.366  25.756 0.1250000000
45888  -37.200  -29.883  15.262 0.1250000000
47887  -36.709  -27.595  12.826 0.1250000000
56705  -45.414  -18.551  6.785 0.1250000000
55802  -44.937  -19.123  6.166 0.1250000000
53761  -45.714  -22.537  4.571 0.1250000000
56694  -43.097  -18.433  7.456 0.1250000000
68097  -53.210  -5.855  -10.109 0.1250000000
67226  -52.874  -6.606  -10.421 0.1250000000
68848  -52.915  -3.976  -1.841 0.2500000000
69742  -53.309  -3.218  -3.568 0.2500000000
68013  -51.931  -5.111  -2.426 0.2500000000
70590  -53.909  -2.241  -3.743 0.1250000000
71453  -54.268  -1.613  -4.324 0.1250000000
71469  -54.317  -1.324  -5.207 0.1250000000
123080  -53.981  -1.908  -4.991 0.1250000000
24242  -9.425  -52.585  12.151 0.1250000000
25101  -9.665  -51.728  11.850 0.1250000000
114471  -8.622  -52.223  12.755 0.1250000000
114216  -9.103  -51.940  12.340 0.1250000000
25934  -9.293  -50.994  12.094 0.1250000000
25114  -10.455  -51.624  11.301 0.1250000000
25935  -9.940  -50.899  11.588 0.1250000000
25087  -8.273  -51.558  13.070 0.1250000000
25088  -8.741  -51.321  12.513 0.1250000000
25076  -7.860  -51.819  13.852 0.1250000000
25917  -8.423  -50.677  12.791 0.1250000000
108967  -17.571  -41.477  19.315 0.2500000000
33205  -17.063  -42.270  18.201 0.2500000000
44153  -32.909  -31.183  2.864 0.1250000000
45151  -32.530  -30.596  2.543 0.1250000000
46115  -32.420  -29.514  1.634 0.1250000000
47053  -31.536  -28.433  2.052 0.1250000000
47054  -32.016  -28.801  1.418 0.1250000000
125960  -32.855  -28.363  0.466 0.1250000000
46128  -32.818  -28.910  0.861 0.1250000000
47114  -34.908  -27.928  -1.079 0.1250000000
47076  -32.952  -27.865  0.069 0.1250000000
120642  -33.423  -28.455  0.356 0.1250000000
48085  -33.395  -27.401  -0.556 0.1250000000
47097  -34.625  -28.164  -0.321 0.1250000000
48099  -34.519  -27.372  -1.483 0.1250000000
46100  -32.121  -29.997  2.302 0.1250000000
112666  -8.266  -52.532  13.397 0.1250000000
24228  -8.979  -52.824  12.600 0.1250000000
25906  -8.027  -50.712  13.579 0.1250000000
48086  -34.153  -27.664  -0.804 0.1250000000
47096  -33.823  -28.025  -0.158 0.1250000000
47077  -34.258  -28.515  0.311 0.1250000000
23308  -13.054  -53.665  13.257 0.1250000000
23307  -12.231  -54.169  13.468 0.1250000000
23298  -13.449  -54.064  13.743 0.1250000000
23320  -12.741  -53.001  12.984 0.1250000000
24219  -11.994  -53.019  13.217 0.1250000000
24230  -12.413  -52.242  12.818 0.1250000000
25092  -13.910  -50.922  12.579 0.1250000000
24229  -11.785  -52.216  13.177 0.1250000000
24231  -13.056  -52.216  12.666 0.1250000000
25908  -14.483  -50.630  12.763 0.1250000000
25090  -12.757  -51.485  12.592 0.1250000000
25922  -14.009  -50.222  12.371 0.1250000000
25909  -15.188  -50.130  12.943 0.1250000000
26802  -15.281  -49.279  12.262 0.1250000000
37022  -30.883  -37.629  5.947 0.1250000000
37920  -30.415  -37.199  5.193 0.1250000000
37921  -31.094  -37.732  4.892 0.1250000000
34154  -17.479  -41.049  21.461 0.1250000000
124255  -17.626  -41.018  20.641 0.1250000000
37947  -35.995  -38.319  3.179 0.1250000000
34166  -17.152  -41.643  20.902 0.1250000000
33162  -16.823  -42.286  20.308 0.1250000000
33174  -16.432  -42.902  20.128 0.1250000000
123320  -17.344  -41.611  20.092 0.1250000000
33175  -16.633  -42.697  19.547 0.1250000000
34174  -17.084  -42.096  19.498 0.1250000000
33186  -16.448  -43.025  18.833 0.1250000000
34186  -17.315  -41.926  18.762 0.1250000000
33204  -16.681  -42.689  18.317 0.1250000000
114079  -42.969  -18.771  -4.788 0.1250000000
57627  -47.518  -17.016  1.232 0.1250000000
58519  -48.017  -16.671  1.116 0.1250000000
58528  -47.437  -16.443  0.693 0.1250000000
126818  -47.038  -15.985  0.224 0.1250000000
58520  -48.659  -16.595  1.323 0.1250000000
58529  -48.319  -16.099  0.730 0.1250000000
59488  -47.662  -15.730  0.234 0.1250000000
59489  -48.380  -15.376  0.212 0.1250000000
59501  -49.088  -14.996  0.201 0.1250000000
59500  -48.491  -14.755  -0.295 0.1250000000
63092  -44.613  -11.506  -7.287 0.1250000000
65478  -48.612  -8.769  -9.541 0.1250000000
65467  -46.862  -8.779  -8.119 0.1250000000
66333  -48.639  -7.713  -8.480 0.1250000000
66344  -48.965  -8.052  -9.209 0.1250000000
67995  -51.267  -5.223  -0.729 0.1250000000
68823  -51.935  -4.701  -0.624 0.1250000000
113479  -51.288  -5.468  -2.270 0.1250000000
68847  -52.334  -4.641  -1.804 0.1250000000
69703  -53.039  -3.728  -0.321 0.1250000000
69726  -53.355  -3.396  -2.219 0.1250000000
70567  -53.686  -2.814  -2.533 0.1250000000
68825  -53.264  -3.594  -0.985 0.1250000000
70558  -53.747  -2.811  -1.683 0.1250000000
70568  -54.045  -2.149  -2.025 0.1250000000
70581  -53.988  -2.178  -2.921 0.1250000000
71446  -54.364  -1.583  -3.410 0.1250000000
119369  -54.819  -0.889  -3.128 0.1250000000
71425  -54.425  -1.501  -1.517 0.1250000000
109334  -53.772  -2.874  -0.793 0.1250000000
71434  -54.486  -1.402  -2.432 0.1250000000
125711  -29.821  -36.815  5.372 0.1250000000
63093  -45.312  -11.277  -7.777 0.1250000000
128651  -45.852  -10.798  -8.209 0.1250000000
66345  -49.692  -7.733  -9.443 0.1250000000
25923  -14.622  -49.923  12.430 0.1250000000
39662  -34.808  -35.505  23.042 0.1250000000
68012  -51.725  -5.083  -1.537 0.1250000000
69717  -53.430  -3.350  -1.510 0.1250000000
126350  -52.189  -4.668  -1.295 0.1250000000
33187  -16.862  -42.452  18.887 0.1250000000
55928  -43.309  -19.419  -4.572 0.1250000000
110937  -52.510  -4.226  -0.219 0.1250000000
68824  -52.648  -4.251  -1.040 0.1250000000
38762  -22.417  -36.154  14.572 1.0000000000
39691  -23.592  -35.552  19.748 0.3750000000
39718  -30.801  -34.736  17.423 0.6250000000
40713  -41.125  -34.193  19.868 0.1250000000
41712  -26.513  -33.085  28.364 0.1250000000
49002  -31.635  -26.220  1.323 0.5000000000
50808  -32.260  -24.146  1.411 0.6250000000
51670  -36.866  -23.763  8.432 0.3750000000
51779  -32.613  -23.697  0.017 0.6250000000
51811  -36.308  -23.811  -2.319 0.3750000000
53807  -34.962  -21.407  2.704 0.8750000000
53813  -45.427  -22.368  2.892 0.1250000000
65477  -47.838  -9.004  -9.225 0.2500000000
115132  -44.131  -10.376  -6.027 0.5000000000
120082  -54.688  -1.054  -3.840 0.1250000000
120882  -23.626  -35.335  18.567 0.3750000000
121591  -41.051  -35.166  18.546 0.1250000000
122917  -29.565  -34.504  18.689 0.6250000000
124150  -16.617  -41.242  11.563 0.5000000000
127003  -35.756  -35.966  16.036 0.8750000000
127860  -35.881  -21.650  1.202 0.7500000000
128586  -49.705  -6.269  -3.008 0.3750000000
128873  -32.340  -30.830  3.054 0.1250000000
