#!ascii label  , from subject sub-v2s9x29169_ses-1 vox2ras=TkReg
3407
109385  -18.888  -83.459  -48.095 0.0000000000
19311  -12.535  -58.051  -58.656 0.0000000000
26530  -32.516  -50.243  -42.963 0.0000000000
3546  -28.694  -78.963  -63.005 0.0000000000
125355  -17.180  -46.590  -49.475 0.0000000000
19110  -18.203  -58.022  -38.682 0.0000000000
1647  -9.856  -84.158  -46.830 0.0000000000
330  -26.057  -89.191  -40.656 0.0000000000
14812  -23.467  -63.345  -64.155 0.0000000000
30124  -27.961  -45.946  -37.602 0.0000000000
26482  -29.716  -50.437  -38.498 0.0000000000
32987  -30.092  -43.663  -44.064 0.0000000000
33997  -21.645  -42.259  -46.819 0.0000000000
14521  -11.433  -63.670  -36.438 0.0000000000
10627  -12.613  -67.979  -39.466 0.0000000000
10740  -10.545  -68.160  -48.551 0.0000000000
7559  -14.185  -72.927  -45.028 0.0000000000
549  -14.911  -88.008  -47.663 0.0000000000
1008  -11.825  -86.986  -51.400 0.0000000000
1015  -21.547  -85.564  -51.649 0.0000000000
252  -25.183  -89.588  -50.283 0.0000000000
155  -21.039  -90.094  -46.343 0.0000000000
212  -18.593  -89.362  -38.953 0.0000000000
22171  -15.308  -54.526  -53.601 0.0000000000
127873  -20.002  -53.673  -54.028 0.0000000000
22244  -18.569  -54.312  -59.362 0.0000000000
10060  -25.690  -71.201  -62.631 0.0000000000
10099  -21.329  -69.094  -70.248 0.0000000000
13290  -26.730  -65.126  -67.386 0.0000000000
2487  -40.028  -81.840  -44.879 0.0000000000
2158  -38.675  -82.637  -53.726 0.0000000000
3973  -35.387  -78.325  -55.215 0.0000000000
32001  -31.440  -44.361  -40.069 0.0000000000
8416  -28.760  -72.191  -57.757 0.0000000000
5074  -33.265  -76.194  -60.838 0.0000000000
22990  -27.006  -54.165  -41.212 0.0000000000
22002  -25.514  -55.184  -38.321 0.0000000000
19153  -21.511  -58.544  -42.842 0.0000000000
16237  -13.933  -59.915  -42.392 0.0000000000
4359  -10.214  -77.385  -44.178 0.0000000000
2953  -13.003  -79.959  -49.165 0.0000000000
625  -26.430  -87.425  -34.736 0.0000000000
1965  -33.517  -82.027  -37.422 0.0000000000
24873  -21.588  -52.055  -49.242 0.0000000000
15614  -17.266  -61.745  -62.983 0.0000000000
17436  -24.119  -59.866  -62.037 0.0000000000
116004  -19.040  -60.226  -57.634 0.0000000000
27357  -27.905  -49.184  -39.995 0.0000000000
110145  -10.091  -68.194  -34.694 0.0000000000
116631  -10.390  -69.147  -39.821 0.0000000000
9015  -13.645  -70.044  -42.681 0.0000000000
8261  -10.471  -71.000  -43.158 0.0000000000
128060  -14.668  -82.402  -48.964 0.0000000000
122781  -14.082  -87.333  -46.122 0.0000000000
1335  -16.069  -83.992  -50.397 0.0000000000
758  -17.107  -86.847  -50.065 0.0000000000
109680  -21.219  -84.514  -49.299 0.0000000000
379  -21.900  -88.488  -48.787 0.0000000000
125124  -20.890  -87.052  -46.395 0.0000000000
17343  -14.862  -60.679  -55.245 0.0000000000
20281  -16.136  -56.983  -56.266 0.0000000000
23164  -15.465  -53.402  -56.811 0.0000000000
22242  -14.717  -55.264  -58.626 0.0000000000
124662  -24.561  -67.416  -61.303 0.0000000000
11735  -25.542  -67.605  -66.176 0.0000000000
14006  -27.010  -64.756  -63.069 0.0000000000
3406  -37.821  -79.372  -47.037 0.0000000000
128948  -37.999  -81.509  -50.325 0.0000000000
3945  -35.058  -78.890  -52.441 0.0000000000
28309  -32.399  -48.843  -37.564 0.0000000000
31076  -30.197  -45.263  -38.052 0.0000000000
29258  -33.259  -46.794  -41.438 0.0000000000
30200  -33.925  -45.385  -43.733 0.0000000000
4009  -26.329  -78.043  -62.650 0.0000000000
5054  -27.245  -76.131  -58.842 0.0000000000
5070  -28.822  -76.815  -60.100 0.0000000000
4488  -36.635  -77.650  -57.948 0.0000000000
125741  -35.035  -78.934  -57.229 0.0000000000
5692  -35.128  -74.562  -61.424 0.0000000000
32044  -17.586  -44.344  -48.190 0.0000000000
34880  -19.365  -41.075  -47.765 0.0000000000
33042  -16.562  -43.200  -49.262 0.0000000000
20067  -21.603  -56.767  -35.958 0.0000000000
20074  -21.827  -56.773  -38.192 0.0000000000
20099  -19.503  -56.744  -40.939 0.0000000000
17192  -18.255  -60.154  -42.273 0.0000000000
13801  -9.967  -63.510  -39.669 0.0000000000
15384  -11.502  -62.377  -39.480 0.0000000000
16245  -8.713  -60.221  -44.055 0.0000000000
113957  -10.578  -79.241  -41.220 0.0000000000
107605  -10.046  -80.479  -45.495 0.0000000000
3376  -11.478  -78.983  -46.083 0.0000000000
2073  -11.027  -82.126  -47.743 0.0000000000
120161  -15.434  -85.416  -54.183 0.0000000000
1018  -10.850  -85.855  -53.128 0.0000000000
517  -24.880  -87.896  -45.034 0.0000000000
108896  -16.540  -92.354  -38.714 0.0000000000
473  -23.075  -87.649  -40.088 0.0000000000
298  -22.995  -88.517  -37.033 0.0000000000
898  -26.658  -85.772  -37.768 0.0000000000
1188  -29.963  -84.527  -35.582 0.0000000000
1551  -29.145  -83.483  -38.770 0.0000000000
2841  -31.835  -80.424  -40.069 0.0000000000
1601  -28.104  -83.085  -42.208 0.0000000000
22022  -29.348  -55.036  -40.774 0.0000000000
23099  -20.430  -53.663  -49.621 0.0000000000
24090  -22.020  -53.193  -56.299 0.0000000000
24932  -23.372  -52.202  -53.903 0.0000000000
12540  -21.815  -67.116  -67.185 0.0000000000
112751  -18.578  -65.924  -68.354 0.0000000000
108300  -20.778  -66.499  -64.319 0.0000000000
13245  -19.619  -65.302  -60.564 0.0000000000
127424  -20.864  -62.199  -63.161 0.0000000000
16454  -21.286  -61.630  -60.122 0.0000000000
17352  -22.575  -60.613  -56.793 0.0000000000
20283  -21.443  -57.610  -56.597 0.0000000000
109115  -29.621  -48.655  -38.145 0.0000000000
26514  -31.977  -50.570  -39.317 0.0000000000
33955  -29.845  -42.218  -41.130 0.0000000000
108859  -29.335  -41.295  -43.201 0.0000000000
35742  -28.441  -40.730  -44.264 0.0000000000
35756  -26.625  -40.703  -45.372 0.0000000000
35754  -24.892  -40.357  -45.819 0.0000000000
29289  -18.703  -47.550  -48.352 0.0000000000
12206  -12.275  -65.955  -35.547 0.0000000000
13010  -9.874  -65.585  -37.037 0.0000000000
12276  -12.899  -66.105  -41.238 0.0000000000
112306  -14.305  -68.049  -44.345 0.0000000000
9078  -13.596  -70.820  -46.385 0.0000000000
6876  -12.552  -73.852  -48.861 0.0000000000
350  -11.352  -89.921  -44.960 0.0000000000
728  -11.268  -87.641  -47.147 0.0000000000
106880  -11.618  -85.482  -48.966 0.0000000000
754  -12.219  -87.633  -49.815 0.0000000000
771  -17.090  -86.563  -51.337 0.0000000000
787  -20.769  -87.280  -53.631 0.0000000000
172  -21.822  -90.966  -51.829 0.0000000000
76  -23.204  -91.556  -48.076 0.0000000000
114656  -24.435  -89.885  -43.274 0.0000000000
190  -16.243  -90.804  -35.955 0.0000000000
657  -18.770  -86.998  -39.421 0.0000000000
24895  -13.740  -51.804  -51.115 0.0000000000
24035  -18.284  -52.608  -52.543 0.0000000000
107474  -16.722  -51.518  -54.670 0.0000000000
23166  -18.541  -53.508  -57.588 0.0000000000
23189  -20.537  -53.106  -59.690 0.0000000000
8458  -23.402  -71.467  -63.339 0.0000000000
9240  -21.513  -70.805  -66.516 0.0000000000
127679  -25.363  -71.470  -68.346 0.0000000000
11752  -25.223  -67.363  -68.425 0.0000000000
14838  -24.789  -63.644  -67.329 0.0000000000
1709  -39.559  -82.912  -49.989 0.0000000000
3040  -38.805  -80.072  -54.049 0.0000000000
5684  -35.328  -75.046  -59.317 0.0000000000
33935  -29.880  -43.214  -39.706 0.0000000000
110628  -31.318  -44.507  -42.484 0.0000000000
2066  -17.157  -82.907  -46.775 0.0000000000
949  -19.371  -85.514  -44.669 0.0000000000
1258  -17.472  -84.592  -43.495 0.0000000000
15563  -13.423  -61.934  -58.549 0.0000000000
126781  -25.383  -73.067  -59.628 0.0000000000
9185  -25.705  -70.916  -58.468 0.0000000000
10872  -27.160  -67.957  -58.825 0.0000000000
2155  -35.546  -82.348  -53.656 0.0000000000
3520  -32.572  -79.663  -57.431 0.0000000000
115716  -30.956  -77.459  -62.429 0.0000000000
7738  -35.243  -72.271  -66.055 0.0000000000
7017  -33.768  -73.020  -62.992 0.0000000000
5691  -31.347  -75.180  -61.480 0.0000000000
8433  -30.761  -71.354  -60.208 0.0000000000
25674  -27.219  -51.553  -40.018 0.0000000000
25640  -25.551  -51.988  -38.014 0.0000000000
22975  -25.780  -54.606  -40.405 0.0000000000
20120  -25.329  -57.151  -41.765 0.0000000000
21043  -25.577  -56.162  -36.729 0.0000000000
20103  -23.268  -57.647  -40.225 0.0000000000
112621  -18.033  -59.722  -37.486 0.0000000000
122257  -15.267  -60.820  -37.707 0.0000000000
17166  -16.568  -60.750  -40.156 0.0000000000
4892  -11.580  -76.730  -40.589 0.0000000000
6130  -11.707  -74.338  -42.116 0.0000000000
6182  -10.995  -74.798  -45.695 0.0000000000
4947  -13.695  -76.395  -47.022 0.0000000000
114890  -12.065  -76.913  -50.678 0.0000000000
2111  -12.598  -83.438  -51.146 0.0000000000
3007  -10.724  -80.854  -52.587 0.0000000000
232  -18.782  -90.311  -44.338 0.0000000000
63  -20.407  -91.311  -42.804 0.0000000000
116  -24.072  -90.585  -39.653 0.0000000000
98  -23.600  -90.232  -36.309 0.0000000000
202  -27.026  -89.146  -37.231 0.0000000000
120947  -30.315  -87.478  -35.038 0.0000000000
2430  -37.022  -82.550  -41.051 0.0000000000
2893  -34.741  -80.312  -43.148 0.0000000000
24817  -28.390  -52.274  -40.277 0.0000000000
23922  -30.781  -53.523  -40.353 0.0000000000
27429  -20.464  -49.321  -49.547 0.0000000000
24038  -22.347  -53.205  -52.177 0.0000000000
26580  -23.535  -50.667  -51.250 0.0000000000
15579  -16.758  -62.726  -60.040 0.0000000000
17403  -13.146  -60.927  -62.225 0.0000000000
18372  -26.548  -58.629  -65.481 0.0000000000
18360  -27.028  -58.544  -63.817 0.0000000000
20333  -22.883  -56.973  -64.100 0.0000000000
18351  -20.078  -58.664  -62.876 0.0000000000
17406  -17.377  -60.549  -61.113 0.0000000000
109107  -15.250  -58.993  -58.714 0.0000000000
117165  -18.179  -56.673  -57.462 0.0000000000
22227  -20.181  -54.983  -58.843 0.0000000000
28281  -26.245  -48.805  -38.454 0.0000000000
27337  -26.436  -49.534  -38.576 0.0000000000
9003  -10.077  -69.868  -41.904 0.0000000000
2102  -16.603  -82.225  -49.751 0.0000000000
1695  -14.839  -83.481  -49.383 0.0000000000
1697  -17.720  -83.099  -49.934 0.0000000000
1714  -18.207  -83.669  -50.374 0.0000000000
1666  -20.355  -83.798  -48.281 0.0000000000
740  -21.472  -86.102  -47.600 0.0000000000
966  -20.618  -85.408  -46.488 0.0000000000
18302  -14.038  -59.695  -57.281 0.0000000000
18291  -15.770  -59.093  -55.595 0.0000000000
20279  -14.451  -57.593  -57.421 0.0000000000
21255  -14.109  -55.398  -57.730 0.0000000000
21270  -12.800  -56.270  -58.997 0.0000000000
12474  -25.930  -65.830  -60.232 0.0000000000
12498  -25.229  -66.382  -62.473 0.0000000000
13995  -26.673  -64.964  -61.365 0.0000000000
27372  -32.460  -48.901  -40.397 0.0000000000
29244  -33.120  -47.016  -39.932 0.0000000000
28332  -32.549  -48.760  -41.855 0.0000000000
28341  -32.685  -48.209  -42.889 0.0000000000
3098  -27.142  -80.128  -61.518 0.0000000000
3544  -27.016  -78.855  -63.072 0.0000000000
114960  -27.718  -77.652  -62.159 0.0000000000
4521  -28.488  -77.493  -62.239 0.0000000000
5689  -35.962  -74.889  -59.976 0.0000000000
4518  -35.361  -76.216  -59.792 0.0000000000
6330  -36.788  -74.083  -60.962 0.0000000000
31184  -15.510  -46.336  -47.847 0.0000000000
32043  -16.431  -44.032  -48.198 0.0000000000
32073  -15.840  -45.338  -48.974 0.0000000000
32074  -17.555  -43.921  -50.223 0.0000000000
118118  -18.900  -45.723  -50.078 0.0000000000
20065  -19.825  -57.572  -37.170 0.0000000000
109998  -20.030  -56.727  -39.107 0.0000000000
20082  -18.761  -57.381  -39.466 0.0000000000
19135  -19.112  -57.768  -41.895 0.0000000000
18126  -18.219  -59.052  -40.548 0.0000000000
13821  -10.492  -64.368  -42.532 0.0000000000
14598  -9.652  -62.735  -42.060 0.0000000000
1279  -9.406  -85.175  -45.879 0.0000000000
124583  -10.074  -81.670  -44.276 0.0000000000
106909  -10.286  -81.885  -46.008 0.0000000000
2488  -10.484  -81.163  -46.694 0.0000000000
111200  -10.263  -83.169  -46.877 0.0000000000
1035  -18.098  -85.958  -54.112 0.0000000000
496  -25.298  -88.113  -42.831 0.0000000000
519  -26.525  -87.528  -44.618 0.0000000000
124959  -27.240  -87.196  -41.383 0.0000000000
323  -27.205  -88.054  -39.651 0.0000000000
101  -15.374  -91.109  -37.061 0.0000000000
671  -24.159  -86.443  -40.825 0.0000000000
464  -24.329  -86.759  -39.426 0.0000000000
906  -26.290  -85.073  -39.691 0.0000000000
1213  -27.467  -84.708  -38.829 0.0000000000
1233  -27.744  -84.235  -40.114 0.0000000000
1988  -28.905  -82.856  -40.586 0.0000000000
23984  -14.633  -54.106  -48.051 0.0000000000
23076  -19.756  -53.857  -47.318 0.0000000000
24000  -18.825  -53.579  -50.302 0.0000000000
13279  -22.760  -65.745  -65.089 0.0000000000
112959  -20.845  -66.706  -65.780 0.0000000000
127829  -22.176  -65.549  -63.667 0.0000000000
13264  -21.711  -65.096  -62.343 0.0000000000
15625  -22.370  -62.684  -63.507 0.0000000000
28308  -27.861  -48.686  -39.667 0.0000000000
110571  -27.981  -48.116  -38.981 0.0000000000
27339  -30.230  -49.748  -38.060 0.0000000000
27359  -31.973  -50.301  -36.754 0.0000000000
26484  -31.709  -50.863  -37.361 0.0000000000
3064  -32.404  -81.592  -56.972 0.0000000000
33959  -30.418  -43.004  -42.419 0.0000000000
34837  -29.698  -41.866  -41.802 0.0000000000
33962  -29.972  -42.662  -43.090 0.0000000000
34854  -28.292  -41.856  -44.922 0.0000000000
34853  -27.716  -41.820  -45.235 0.0000000000
35757  -27.389  -40.946  -45.129 0.0000000000
115951  -26.560  -42.202  -45.623 0.0000000000
34865  -25.004  -42.095  -45.997 0.0000000000
10611  -10.571  -68.332  -37.797 0.0000000000
115323  -9.961  -67.019  -35.949 0.0000000000
11457  -11.783  -67.025  -38.426 0.0000000000
13044  -12.161  -65.682  -39.597 0.0000000000
11477  -13.003  -67.147  -39.794 0.0000000000
11498  -13.802  -67.278  -42.263 0.0000000000
10647  -14.122  -68.402  -41.553 0.0000000000
111268  -14.365  -71.403  -43.906 0.0000000000
9065  -14.513  -70.648  -44.893 0.0000000000
7569  -14.118  -72.179  -45.574 0.0000000000
8331  -13.107  -71.913  -47.561 0.0000000000
7568  -13.859  -73.404  -46.648 0.0000000000
110863  -12.675  -85.776  -44.003 0.0000000000
536  -14.592  -88.670  -46.713 0.0000000000
352  -14.586  -90.401  -45.185 0.0000000000
360  -12.840  -90.151  -46.306 0.0000000000
534  -11.656  -88.845  -46.790 0.0000000000
375  -12.167  -88.413  -47.821 0.0000000000
546  -11.956  -88.027  -48.725 0.0000000000
559  -14.796  -87.603  -48.351 0.0000000000
1345  -19.581  -85.191  -51.569 0.0000000000
766  -17.083  -86.878  -50.299 0.0000000000
773  -19.273  -86.393  -52.218 0.0000000000
114094  -18.698  -87.003  -52.856 0.0000000000
781  -22.015  -86.733  -52.621 0.0000000000
393  -22.735  -89.081  -52.627 0.0000000000
111981  -22.623  -87.823  -51.292 0.0000000000
246  -21.292  -89.536  -47.782 0.0000000000
162  -21.803  -91.463  -49.223 0.0000000000
73  -22.749  -91.408  -47.040 0.0000000000
113104  -23.990  -91.175  -45.940 0.0000000000
112033  -22.504  -90.523  -45.303 0.0000000000
275  -17.834  -89.504  -33.869 0.0000000000
126297  -13.735  -56.155  -53.909 0.0000000000
23120  -12.728  -54.397  -53.165 0.0000000000
24031  -12.706  -52.836  -51.753 0.0000000000
24052  -14.598  -52.789  -52.661 0.0000000000
24930  -16.131  -51.805  -53.148 0.0000000000
23123  -15.823  -52.564  -54.319 0.0000000000
23185  -16.875  -54.071  -58.163 0.0000000000
24103  -17.024  -52.316  -57.115 0.0000000000
23165  -17.906  -53.443  -57.945 0.0000000000
23167  -19.598  -53.523  -58.634 0.0000000000
23187  -18.954  -53.729  -59.380 0.0000000000
8460  -26.245  -72.136  -63.520 0.0000000000
8479  -25.058  -72.003  -65.931 0.0000000000
8481  -26.275  -71.882  -64.988 0.0000000000
119654  -27.254  -68.622  -67.905 0.0000000000
13294  -24.546  -65.586  -68.611 0.0000000000
14849  -26.066  -64.360  -67.646 0.0000000000
120985  -39.770  -83.130  -45.052 0.0000000000
1659  -39.469  -83.311  -47.165 0.0000000000
2083  -39.754  -82.815  -47.311 0.0000000000
3460  -36.358  -80.013  -52.764 0.0000000000
2573  -38.880  -81.071  -51.997 0.0000000000
122457  -36.893  -79.393  -54.267 0.0000000000
3983  -36.750  -78.488  -56.054 0.0000000000
31100  -31.393  -45.529  -39.328 0.0000000000
121712  -29.514  -44.542  -38.148 0.0000000000
31987  -31.057  -44.761  -39.974 0.0000000000
122081  -31.561  -44.164  -39.940 0.0000000000
32973  -30.891  -44.224  -40.407 0.0000000000
32008  -31.785  -44.810  -41.788 0.0000000000
110052  -16.924  -83.636  -45.222 0.0000000000
6315  -24.785  -74.845  -59.301 0.0000000000
5662  -28.213  -74.943  -57.809 0.0000000000
114330  -26.632  -72.773  -57.901 0.0000000000
9179  -27.074  -71.115  -57.745 0.0000000000
122266  -26.111  -69.258  -58.807 0.0000000000
9187  -27.444  -70.276  -58.361 0.0000000000
2167  -36.591  -82.679  -54.084 0.0000000000
4492  -33.757  -77.464  -58.708 0.0000000000
3522  -34.132  -79.300  -56.954 0.0000000000
4502  -32.283  -77.203  -59.314 0.0000000000
4002  -31.194  -78.253  -58.998 0.0000000000
5080  -32.195  -76.403  -61.943 0.0000000000
8462  -33.686  -70.389  -64.637 0.0000000000
7719  -32.771  -71.985  -62.306 0.0000000000
6329  -32.408  -74.042  -61.708 0.0000000000
7006  -32.111  -72.731  -61.091 0.0000000000
6323  -31.465  -73.961  -60.406 0.0000000000
8440  -31.342  -71.104  -60.997 0.0000000000
34862  -22.764  -41.646  -46.440 0.0000000000
108598  -19.427  -39.620  -47.878 0.0000000000
111270  -25.194  -51.115  -36.968 0.0000000000
22951  -25.873  -54.510  -37.837 0.0000000000
23895  -25.662  -53.699  -38.625 0.0000000000
22009  -25.381  -55.027  -39.431 0.0000000000
22035  -25.532  -55.942  -41.177 0.0000000000
21067  -24.926  -56.253  -40.598 0.0000000000
20101  -21.187  -57.304  -40.306 0.0000000000
20085  -22.586  -57.354  -39.310 0.0000000000
19123  -21.840  -58.182  -40.910 0.0000000000
14523  -13.382  -63.318  -36.224 0.0000000000
16213  -12.193  -61.145  -41.041 0.0000000000
112723  -13.645  -62.077  -39.082 0.0000000000
16193  -13.940  -61.822  -40.104 0.0000000000
122661  -15.570  -60.723  -38.532 0.0000000000
16216  -15.524  -60.848  -41.722 0.0000000000
17190  -16.935  -60.743  -41.451 0.0000000000
124352  -14.702  -60.157  -42.754 0.0000000000
125396  -10.547  -77.969  -42.284 0.0000000000
4346  -10.746  -77.664  -41.364 0.0000000000
4904  -10.858  -76.779  -41.751 0.0000000000
110543  -11.619  -75.381  -41.850 0.0000000000
4914  -10.542  -75.857  -43.389 0.0000000000
111309  -10.704  -73.953  -44.300 0.0000000000
4930  -10.131  -75.978  -45.948 0.0000000000
114459  -12.673  -79.535  -47.168 0.0000000000
3880  -13.341  -78.169  -46.515 0.0000000000
3904  -13.498  -78.531  -48.132 0.0000000000
112016  -13.393  -77.038  -48.841 0.0000000000
3912  -13.025  -78.390  -50.109 0.0000000000
1000  -11.847  -87.183  -50.633 0.0000000000
1325  -12.077  -84.668  -49.915 0.0000000000
1344  -11.779  -86.408  -51.312 0.0000000000
1363  -10.846  -84.413  -54.008 0.0000000000
122627  -10.779  -83.164  -52.957 0.0000000000
2562  -10.291  -81.597  -53.380 0.0000000000
385  -26.802  -88.854  -49.805 0.0000000000
701  -18.231  -86.941  -43.000 0.0000000000
126647  -19.301  -87.785  -44.099 0.0000000000
55  -19.071  -92.104  -42.578 0.0000000000
49  -20.676  -91.990  -41.049 0.0000000000
58  -22.097  -90.932  -41.183 0.0000000000
45  -22.510  -91.542  -39.345 0.0000000000
204  -17.614  -89.576  -37.800 0.0000000000
112  -18.286  -91.029  -37.182 0.0000000000
199  -19.762  -90.122  -37.282 0.0000000000
118150  -24.583  -87.730  -36.231 0.0000000000
289  -22.984  -89.181  -36.075 0.0000000000
187  -25.019  -89.092  -35.095 0.0000000000
108  -25.829  -90.069  -36.870 0.0000000000
284  -26.771  -88.250  -34.410 0.0000000000
440  -28.946  -88.147  -35.171 0.0000000000
426  -28.706  -87.761  -34.057 0.0000000000
1541  -31.370  -82.789  -36.535 0.0000000000
1176  -32.376  -84.587  -34.604 0.0000000000
1939  -33.931  -83.525  -36.213 0.0000000000
1594  -36.895  -84.716  -40.752 0.0000000000
2407  -35.129  -82.312  -39.177 0.0000000000
110292  -31.051  -80.046  -41.631 0.0000000000
2868  -33.292  -80.286  -41.281 0.0000000000
3358  -33.147  -79.645  -43.176 0.0000000000
3372  -34.574  -79.767  -44.473 0.0000000000
24815  -27.122  -52.295  -40.452 0.0000000000
25675  -27.809  -51.501  -40.510 0.0000000000
23921  -28.382  -53.860  -40.623 0.0000000000
22023  -30.314  -54.996  -40.899 0.0000000000
23934  -31.443  -53.658  -41.513 0.0000000000
120501  -21.321  -52.144  -48.494 0.0000000000
26568  -21.051  -51.071  -48.910 0.0000000000
27425  -20.272  -49.383  -48.785 0.0000000000
26571  -21.222  -50.450  -49.596 0.0000000000
108391  -19.633  -53.347  -53.332 0.0000000000
24037  -20.222  -53.386  -52.439 0.0000000000
24057  -20.528  -53.602  -53.378 0.0000000000
110698  -23.804  -51.721  -52.202 0.0000000000
120057  -23.809  -49.833  -51.501 0.0000000000
27431  -22.474  -49.609  -50.599 0.0000000000
9253  -21.372  -69.991  -69.060 0.0000000000
8490  -18.571  -71.534  -68.718 0.0000000000
10092  -19.417  -70.086  -69.303 0.0000000000
14787  -18.889  -63.030  -61.325 0.0000000000
14763  -18.429  -64.071  -59.495 0.0000000000
15592  -16.929  -62.488  -61.526 0.0000000000
15590  -14.491  -62.087  -61.580 0.0000000000
121366  -14.801  -61.546  -63.140 0.0000000000
17447  -25.459  -59.334  -62.866 0.0000000000
20330  -25.541  -56.185  -63.986 0.0000000000
19342  -23.209  -57.821  -63.053 0.0000000000
19345  -21.146  -58.103  -63.655 0.0000000000
17435  -21.649  -59.466  -62.263 0.0000000000
16413  -20.422  -61.420  -58.398 0.0000000000
16452  -19.738  -61.296  -60.148 0.0000000000
17396  -17.969  -60.830  -58.762 0.0000000000
17394  -16.170  -60.382  -59.533 0.0000000000
17364  -17.226  -59.889  -57.924 0.0000000000
19313  -16.710  -58.110  -57.637 0.0000000000
19315  -18.456  -58.542  -57.389 0.0000000000
21261  -21.314  -56.293  -57.061 0.0000000000
121744  -22.053  -55.070  -58.067 0.0000000000
28307  -27.357  -48.601  -39.527 0.0000000000
26500  -28.264  -50.146  -39.991 0.0000000000
9751  -10.271  -69.376  -37.810 0.0000000000
9764  -10.570  -69.017  -39.874 0.0000000000
9775  -12.883  -69.028  -40.633 0.0000000000
120825  -10.922  -69.475  -41.970 0.0000000000
9022  -11.565  -70.586  -43.405 0.0000000000
7537  -12.648  -72.267  -43.725 0.0000000000
1649  -13.089  -83.491  -46.523 0.0000000000
1292  -12.776  -85.183  -45.865 0.0000000000
1304  -13.615  -84.364  -47.433 0.0000000000
745  -14.871  -86.057  -47.953 0.0000000000
987  -15.902  -86.835  -48.323 0.0000000000
756  -16.080  -87.467  -48.711 0.0000000000
1336  -17.011  -84.987  -50.445 0.0000000000
1339  -19.377  -84.353  -50.894 0.0000000000
1330  -21.807  -85.321  -50.232 0.0000000000
560  -22.471  -87.907  -50.083 0.0000000000
748  -22.114  -86.520  -48.999 0.0000000000
371  -21.179  -88.303  -47.343 0.0000000000
243  -20.622  -89.593  -46.438 0.0000000000
20253  -14.921  -57.667  -54.434 0.0000000000
21213  -16.132  -56.007  -54.797 0.0000000000
22195  -15.699  -53.995  -55.600 0.0000000000
22208  -16.034  -54.990  -56.171 0.0000000000
23183  -15.134  -54.364  -57.204 0.0000000000
22243  -16.478  -55.325  -58.685 0.0000000000
10921  -24.186  -69.043  -62.418 0.0000000000
123962  -24.972  -69.224  -64.762 0.0000000000
11729  -24.422  -67.550  -63.898 0.0000000000
12517  -25.401  -66.154  -64.738 0.0000000000
13276  -26.420  -65.099  -64.640 0.0000000000
2937  -38.678  -80.383  -45.801 0.0000000000
2510  -38.502  -81.583  -47.726 0.0000000000
2978  -37.274  -80.898  -48.937 0.0000000000
3449  -36.094  -79.878  -51.873 0.0000000000
3957  -35.116  -78.942  -53.377 0.0000000000
29194  -30.850  -47.853  -38.016 0.0000000000
122977  -29.705  -46.052  -37.580 0.0000000000
113116  -32.021  -47.662  -39.122 0.0000000000
107029  -32.908  -45.910  -38.408 0.0000000000
114054  -33.643  -45.619  -39.349 0.0000000000
31130  -33.994  -44.501  -42.342 0.0000000000
111683  -33.898  -45.719  -42.470 0.0000000000
5063  -25.849  -76.504  -59.913 0.0000000000
4498  -26.604  -76.995  -60.513 0.0000000000
5065  -28.477  -76.635  -59.300 0.0000000000
119415  -29.491  -75.123  -58.217 0.0000000000
3070  -38.718  -79.512  -56.059 0.0000000000
3052  -36.987  -80.726  -55.509 0.0000000000
3991  -36.295  -78.285  -57.832 0.0000000000
4494  -35.440  -77.643  -58.855 0.0000000000
5083  -34.361  -75.837  -61.133 0.0000000000
33016  -20.351  -43.051  -47.539 0.0000000000
34881  -20.377  -41.401  -47.392 0.0000000000
111692  -18.449  -42.270  -47.960 0.0000000000
34878  -16.962  -41.608  -48.172 0.0000000000
34898  -17.167  -41.182  -48.392 0.0000000000
21032  -23.028  -56.873  -35.684 0.0000000000
21041  -23.684  -56.664  -36.339 0.0000000000
109598  -21.183  -56.549  -36.933 0.0000000000
107344  -20.494  -56.771  -39.713 0.0000000000
20138  -20.081  -56.995  -42.599 0.0000000000
19173  -19.753  -57.951  -43.846 0.0000000000
18172  -18.763  -59.384  -44.389 0.0000000000
14549  -9.817  -63.740  -38.277 0.0000000000
14551  -11.278  -62.987  -38.212 0.0000000000
15406  -9.909  -62.436  -40.087 0.0000000000
16211  -9.632  -61.287  -41.239 0.0000000000
17185  -10.161  -58.910  -43.135 0.0000000000
117999  -10.471  -80.331  -42.246 0.0000000000
3338  -10.362  -79.785  -43.205 0.0000000000
3857  -9.940  -78.285  -45.254 0.0000000000
3865  -10.056  -77.542  -45.786 0.0000000000
3390  -10.377  -79.764  -46.355 0.0000000000
2925  -11.947  -80.116  -47.090 0.0000000000
2951  -11.793  -80.981  -48.128 0.0000000000
1021  -12.979  -86.693  -52.743 0.0000000000
108050  -11.432  -87.232  -52.187 0.0000000000
106811  -12.673  -88.008  -54.592 0.0000000000
372  -24.878  -88.840  -47.321 0.0000000000
381  -27.134  -89.266  -48.422 0.0000000000
366  -26.030  -88.649  -46.835 0.0000000000
125587  -16.226  -92.038  -40.792 0.0000000000
310  -20.841  -88.735  -39.977 0.0000000000
127273  -21.267  -88.895  -38.137 0.0000000000
313  -23.095  -87.861  -38.919 0.0000000000
117824  -24.555  -87.182  -38.025 0.0000000000
641  -26.243  -86.415  -36.886 0.0000000000
865  -27.913  -86.192  -35.210 0.0000000000
890  -28.139  -85.104  -36.953 0.0000000000
1539  -29.792  -83.635  -37.164 0.0000000000
1963  -30.556  -82.325  -38.165 0.0000000000
2405  -32.693  -80.866  -38.864 0.0000000000
1977  -30.252  -81.786  -39.486 0.0000000000
2426  -29.852  -81.409  -40.909 0.0000000000
2012  -29.448  -81.413  -41.741 0.0000000000
22992  -28.264  -55.033  -41.034 0.0000000000
24002  -21.435  -53.174  -49.514 0.0000000000
24072  -21.410  -53.912  -54.815 0.0000000000
126227  -21.947  -53.592  -54.245 0.0000000000
24074  -22.954  -52.617  -54.536 0.0000000000
11750  -21.765  -67.771  -69.389 0.0000000000
11748  -19.916  -67.668  -69.272 0.0000000000
115282  -20.328  -66.955  -67.896 0.0000000000
12520  -18.851  -65.526  -66.836 0.0000000000
12513  -18.381  -66.232  -64.804 0.0000000000
108379  -18.084  -66.417  -63.003 0.0000000000
12494  -19.922  -66.318  -62.267 0.0000000000
14789  -20.486  -63.820  -61.508 0.0000000000
15616  -19.403  -62.093  -62.750 0.0000000000
16439  -25.900  -61.721  -60.011 0.0000000000
16457  -24.257  -61.440  -60.418 0.0000000000
16471  -22.526  -61.111  -61.059 0.0000000000
16437  -23.405  -61.603  -59.558 0.0000000000
17368  -22.124  -61.431  -57.824 0.0000000000
17367  -20.630  -60.648  -57.397 0.0000000000
19317  -20.070  -58.773  -57.014 0.0000000000
18305  -21.828  -59.303  -56.613 0.0000000000
127177  -26.977  -46.197  -37.985 0.0000000000
30139  -27.318  -46.745  -38.223 0.0000000000
29193  -28.291  -46.783  -37.801 0.0000000000
29213  -30.719  -48.758  -37.839 0.0000000000
27371  -32.350  -49.471  -38.662 0.0000000000
26523  -32.166  -50.620  -40.835 0.0000000000
113661  -28.788  -79.753  -61.336 0.0000000000
34835  -29.000  -41.092  -40.871 0.0000000000
35730  -28.882  -40.521  -41.316 0.0000000000
36660  -28.995  -39.966  -42.458 0.0000000000
35743  -28.916  -41.048  -43.794 0.0000000000
36671  -28.590  -39.494  -43.327 0.0000000000
36683  -28.258  -39.901  -44.079 0.0000000000
36682  -27.584  -39.534  -44.529 0.0000000000
35755  -25.773  -40.524  -45.591 0.0000000000
34864  -24.270  -41.721  -46.165 0.0000000000
117517  -22.571  -42.883  -46.611 0.0000000000
118385  -19.595  -45.038  -47.913 0.0000000000
31169  -18.239  -46.213  -48.152 0.0000000000
29308  -18.071  -47.427  -48.453 0.0000000000
19098  -19.210  -58.265  -37.243 0.0000000000
111997  -11.674  -64.752  -35.187 0.0000000000
12169  -10.583  -67.211  -33.992 0.0000000000
12974  -10.325  -65.444  -34.850 0.0000000000
13770  -9.804  -64.373  -37.118 0.0000000000
13780  -9.967  -64.434  -38.357 0.0000000000
13055  -11.394  -64.660  -40.568 0.0000000000
13060  -12.012  -65.479  -42.024 0.0000000000
12287  -12.899  -66.539  -42.951 0.0000000000
11521  -12.944  -67.282  -45.435 0.0000000000
120569  -13.033  -68.292  -46.460 0.0000000000
125426  -14.516  -68.895  -43.042 0.0000000000
9866  -13.790  -69.436  -45.944 0.0000000000
9093  -12.227  -69.860  -48.016 0.0000000000
8342  -11.609  -71.159  -48.678 0.0000000000
7609  -10.988  -72.388  -49.218 0.0000000000
6219  -11.576  -73.922  -49.467 0.0000000000
513  -13.979  -88.850  -44.058 0.0000000000
119177  -12.849  -90.192  -43.437 0.0000000000
717  -10.128  -87.077  -45.621 0.0000000000
122933  -10.179  -85.881  -46.798 0.0000000000
1303  -10.262  -84.429  -47.257 0.0000000000
975  -11.240  -86.172  -48.044 0.0000000000
752  -11.845  -87.381  -49.698 0.0000000000
1001  -12.184  -87.186  -50.780 0.0000000000
109788  -16.254  -87.391  -49.366 0.0000000000
123893  -15.473  -86.938  -49.957 0.0000000000
769  -15.105  -86.001  -51.135 0.0000000000
1024  -16.941  -85.926  -52.656 0.0000000000
110256  -18.878  -87.617  -53.810 0.0000000000
580  -20.558  -87.026  -54.834 0.0000000000
266  -23.186  -88.963  -53.962 0.0000000000
177  -23.759  -90.426  -53.035 0.0000000000
170  -23.277  -91.227  -50.522 0.0000000000
251  -21.735  -90.387  -50.072 0.0000000000
80  -22.071  -91.777  -49.732 0.0000000000
164  -23.753  -90.671  -48.634 0.0000000000
158  -24.169  -90.219  -46.846 0.0000000000
234  -24.497  -89.650  -44.396 0.0000000000
224  -24.950  -89.621  -42.097 0.0000000000
111538  -15.664  -90.697  -35.387 0.0000000000
117202  -16.186  -90.430  -34.248 0.0000000000
115883  -16.987  -89.626  -36.420 0.0000000000
302  -17.700  -88.697  -38.384 0.0000000000
123697  -18.801  -86.889  -35.596 0.0000000000
108083  -18.206  -87.148  -37.981 0.0000000000
115322  -19.033  -88.325  -40.185 0.0000000000
326  -20.020  -87.891  -41.106 0.0000000000
23996  -14.672  -52.474  -49.908 0.0000000000
23999  -17.832  -53.067  -50.557 0.0000000000
24898  -16.652  -51.792  -52.149 0.0000000000
24055  -17.241  -51.794  -53.679 0.0000000000
116304  -18.463  -53.038  -54.900 0.0000000000
24085  -16.166  -51.681  -56.200 0.0000000000
24087  -17.391  -51.755  -55.997 0.0000000000
23136  -19.701  -53.922  -55.118 0.0000000000
23147  -20.301  -54.154  -56.356 0.0000000000
24089  -21.437  -53.600  -56.847 0.0000000000
24123  -21.899  -52.340  -59.408 0.0000000000
9229  -22.536  -71.087  -65.004 0.0000000000
9241  -22.683  -70.802  -67.117 0.0000000000
117279  -23.029  -70.209  -69.181 0.0000000000
118736  -26.651  -70.569  -67.501 0.0000000000
10097  -26.053  -69.877  -68.529 0.0000000000
10947  -22.572  -68.353  -69.493 0.0000000000
12544  -23.296  -66.648  -68.932 0.0000000000
13287  -23.677  -65.291  -67.749 0.0000000000
14821  -24.456  -63.336  -65.705 0.0000000000
2082  -37.174  -83.671  -47.389 0.0000000000
1707  -38.396  -83.783  -49.314 0.0000000000
1732  -39.433  -82.772  -51.758 0.0000000000
2546  -39.575  -81.679  -50.460 0.0000000000
2561  -40.024  -81.253  -51.786 0.0000000000
2592  -39.863  -81.021  -54.215 0.0000000000
111778  -38.315  -78.966  -55.717 0.0000000000
4487  -36.437  -77.461  -57.817 0.0000000000
6320  -36.429  -74.103  -59.895 0.0000000000
4453  -33.379  -77.713  -53.235 0.0000000000
113973  -33.422  -77.580  -54.108 0.0000000000
4475  -33.718  -76.570  -56.351 0.0000000000
117518  -27.601  -44.282  -37.610 0.0000000000
33946  -30.097  -42.811  -40.447 0.0000000000
32981  -31.087  -43.622  -41.673 0.0000000000
31133  -33.898  -44.504  -43.904 0.0000000000
2967  -16.033  -81.061  -49.137 0.0000000000
1664  -18.128  -83.441  -47.491 0.0000000000
1283  -19.444  -84.678  -45.589 0.0000000000
1282  -18.356  -84.152  -45.712 0.0000000000
1270  -18.068  -84.632  -44.151 0.0000000000
121094  -17.413  -85.815  -42.447 0.0000000000
16398  -13.500  -61.350  -57.677 0.0000000000
17362  -12.791  -60.702  -58.843 0.0000000000
7712  -25.148  -72.352  -61.428 0.0000000000
127642  -25.724  -71.988  -61.388 0.0000000000
125645  -26.175  -75.168  -58.843 0.0000000000
7692  -25.476  -72.248  -59.989 0.0000000000
9204  -24.858  -70.969  -60.696 0.0000000000
10884  -24.617  -68.908  -60.086 0.0000000000
11691  -25.327  -67.416  -59.847 0.0000000000
3050  -35.088  -81.129  -55.359 0.0000000000
3049  -34.072  -81.461  -55.311 0.0000000000
3065  -32.881  -81.407  -56.405 0.0000000000
3531  -31.567  -79.838  -58.401 0.0000000000
112705  -30.070  -78.689  -59.878 0.0000000000
4014  -30.304  -77.961  -62.651 0.0000000000
7023  -36.824  -73.453  -64.209 0.0000000000
6351  -35.700  -73.870  -64.168 0.0000000000
5706  -34.313  -73.984  -63.580 0.0000000000
7725  -34.454  -72.365  -64.767 0.0000000000
5702  -33.085  -74.827  -62.899 0.0000000000
119104  -32.069  -75.670  -62.840 0.0000000000
5092  -30.710  -76.407  -63.791 0.0000000000
125841  -29.685  -76.919  -63.329 0.0000000000
5072  -30.207  -75.885  -60.621 0.0000000000
6316  -30.450  -74.294  -59.192 0.0000000000
7682  -29.507  -71.741  -58.507 0.0000000000
9197  -28.725  -70.016  -59.418 0.0000000000
26473  -25.919  -50.396  -38.049 0.0000000000
24788  -25.910  -52.165  -38.842 0.0000000000
23908  -26.363  -53.093  -40.257 0.0000000000
24800  -25.808  -52.953  -39.304 0.0000000000
22976  -26.419  -54.384  -40.908 0.0000000000
22036  -26.508  -55.635  -41.481 0.0000000000
21096  -26.041  -57.012  -41.968 0.0000000000
21048  -25.313  -55.900  -37.722 0.0000000000
21046  -23.367  -56.698  -37.358 0.0000000000
21056  -23.978  -56.969  -38.805 0.0000000000
108821  -24.453  -56.601  -39.711 0.0000000000
20087  -24.079  -57.349  -40.798 0.0000000000
18102  -19.627  -59.372  -37.617 0.0000000000
123530  -18.434  -58.956  -37.541 0.0000000000
15360  -13.674  -62.315  -37.260 0.0000000000
15362  -15.167  -62.104  -36.673 0.0000000000
17121  -16.581  -60.289  -37.485 0.0000000000
18116  -16.637  -59.616  -38.314 0.0000000000
18117  -17.173  -59.276  -38.844 0.0000000000
128452  -17.765  -60.240  -40.930 0.0000000000
7528  -10.663  -72.610  -43.035 0.0000000000
6839  -11.133  -73.359  -44.296 0.0000000000
107307  -13.246  -73.866  -44.385 0.0000000000
4938  -11.094  -76.352  -46.414 0.0000000000
4940  -13.182  -76.231  -45.210 0.0000000000
6189  -13.900  -74.811  -45.812 0.0000000000
6195  -13.617  -74.613  -47.459 0.0000000000
5585  -12.397  -75.551  -49.664 0.0000000000
4977  -11.241  -76.111  -50.963 0.0000000000
1678  -11.257  -83.610  -48.290 0.0000000000
2086  -12.113  -82.208  -49.147 0.0000000000
2537  -12.722  -81.576  -50.677 0.0000000000
1351  -11.671  -85.232  -52.238 0.0000000000
2547  -12.504  -81.883  -51.646 0.0000000000
2979  -12.777  -80.045  -50.655 0.0000000000
3438  -11.445  -78.972  -51.437 0.0000000000
4418  -11.260  -77.165  -51.426 0.0000000000
720  -20.304  -86.391  -45.478 0.0000000000
353  -19.887  -88.635  -45.557 0.0000000000
123193  -19.700  -90.271  -45.211 0.0000000000
71  -19.251  -91.041  -44.266 0.0000000000
139  -20.988  -90.471  -44.077 0.0000000000
133  -22.692  -90.175  -42.646 0.0000000000
128  -24.029  -90.056  -41.562 0.0000000000
217  -25.673  -89.496  -40.438 0.0000000000
25  -16.093  -91.922  -37.102 0.0000000000
36  -18.292  -92.193  -37.931 0.0000000000
126594  -21.310  -89.714  -36.875 0.0000000000
38  -22.438  -91.644  -38.116 0.0000000000
40  -24.104  -91.011  -37.787 0.0000000000
114  -25.818  -89.904  -38.702 0.0000000000
306  -26.658  -89.385  -38.982 0.0000000000
449  -28.376  -87.922  -37.518 0.0000000000
868  -30.958  -86.184  -34.208 0.0000000000
1618  -38.216  -84.364  -42.754 0.0000000000
2452  -38.785  -82.030  -42.791 0.0000000000
2428  -34.127  -80.891  -40.673 0.0000000000
2450  -36.312  -81.264  -42.499 0.0000000000
2468  -37.926  -81.121  -43.631 0.0000000000
2920  -37.033  -79.878  -45.474 0.0000000000
25658  -27.850  -50.673  -40.439 0.0000000000
26513  -27.947  -50.730  -40.429 0.0000000000
25660  -29.680  -51.863  -39.175 0.0000000000
112906  -29.216  -54.266  -40.471 0.0000000000
23910  -30.442  -53.145  -39.957 0.0000000000
25661  -30.684  -51.904  -39.074 0.0000000000
25677  -31.443  -52.003  -39.757 0.0000000000
24830  -31.830  -52.479  -41.432 0.0000000000
28372  -19.836  -48.697  -48.584 0.0000000000
27413  -19.774  -48.789  -48.687 0.0000000000
29318  -19.234  -47.835  -49.551 0.0000000000
24014  -18.989  -53.184  -51.401 0.0000000000
108100  -20.830  -53.499  -51.368 0.0000000000
24899  -22.402  -52.807  -50.573 0.0000000000
24039  -22.937  -52.955  -52.611 0.0000000000
24900  -23.378  -52.089  -51.401 0.0000000000
25735  -23.203  -51.469  -50.910 0.0000000000
117835  -22.212  -50.432  -50.370 0.0000000000
28389  -20.264  -48.636  -49.855 0.0000000000
30259  -19.455  -47.397  -49.894 0.0000000000
12471  -18.376  -65.959  -60.717 0.0000000000
15565  -15.158  -62.776  -58.723 0.0000000000
16430  -12.629  -61.177  -60.508 0.0000000000
115991  -11.948  -59.435  -60.224 0.0000000000
16530  -26.687  -62.241  -66.499 0.0000000000
16529  -25.250  -62.033  -66.413 0.0000000000
17467  -24.503  -60.127  -65.370 0.0000000000
20338  -27.331  -57.157  -64.905 0.0000000000
19360  -24.811  -57.779  -65.321 0.0000000000
17458  -23.082  -60.305  -64.164 0.0000000000
17445  -21.196  -59.290  -64.079 0.0000000000
107244  -19.240  -60.043  -63.912 0.0000000000
16500  -18.199  -60.276  -63.476 0.0000000000
17421  -20.497  -60.358  -61.714 0.0000000000
115235  -18.824  -60.412  -61.663 0.0000000000
17430  -16.440  -60.887  -63.174 0.0000000000
17405  -14.956  -60.528  -62.458 0.0000000000
17393  -13.796  -60.013  -60.616 0.0000000000
19322  -13.101  -57.890  -59.884 0.0000000000
20305  -14.841  -56.742  -59.295 0.0000000000
21256  -16.455  -56.341  -58.299 0.0000000000
118154  -17.970  -55.522  -58.369 0.0000000000
20297  -19.684  -57.826  -56.952 0.0000000000
21259  -19.659  -55.775  -57.601 0.0000000000
22226  -19.360  -54.592  -59.535 0.0000000000
28280  -25.587  -48.790  -37.619 0.0000000000
27329  -25.728  -49.613  -37.722 0.0000000000
1680  -17.968  -83.167  -48.346 0.0000000000
2113  -16.236  -82.669  -50.273 0.0000000000
1681  -18.791  -83.340  -48.929 0.0000000000
1682  -19.676  -83.542  -48.578 0.0000000000
1665  -19.751  -83.667  -47.664 0.0000000000
125783  -20.574  -84.209  -47.585 0.0000000000
1295  -20.364  -84.625  -46.697 0.0000000000
18314  -13.132  -58.857  -58.132 0.0000000000
19301  -14.364  -58.695  -57.280 0.0000000000
19312  -13.343  -57.815  -58.003 0.0000000000
20292  -13.315  -56.676  -58.050 0.0000000000
20303  -12.456  -57.063  -59.125 0.0000000000
124125  -26.474  -65.257  -60.137 0.0000000000
13247  -26.284  -65.324  -60.860 0.0000000000
13988  -26.831  -64.850  -60.629 0.0000000000
27382  -32.369  -49.734  -41.330 0.0000000000
118219  -32.483  -49.707  -42.306 0.0000000000
27387  -32.576  -49.282  -42.941 0.0000000000
3102  -28.053  -79.592  -63.035 0.0000000000
3099  -27.609  -79.855  -62.314 0.0000000000
3548  -28.218  -78.960  -62.999 0.0000000000
4531  -27.563  -77.957  -62.959 0.0000000000
4016  -28.172  -78.169  -63.130 0.0000000000
6324  -36.781  -74.131  -60.334 0.0000000000
6331  -37.360  -73.793  -61.213 0.0000000000
30257  -16.273  -46.737  -48.345 0.0000000000
31183  -15.384  -45.857  -48.102 0.0000000000
31193  -16.508  -46.038  -49.405 0.0000000000
31194  -17.551  -45.924  -50.151 0.0000000000
111432  -18.034  -46.719  -49.930 0.0000000000
20064  -19.143  -57.768  -37.618 0.0000000000
20071  -18.884  -57.570  -38.429 0.0000000000
19116  -18.188  -58.078  -39.782 0.0000000000
13820  -9.739  -63.624  -43.397 0.0000000000
1646  -9.496  -84.281  -45.976 0.0000000000
123116  -9.659  -83.556  -45.558 0.0000000000
2051  -9.957  -82.853  -45.656 0.0000000000
1635  -9.851  -83.469  -46.270 0.0000000000
124960  -10.185  -82.716  -46.379 0.0000000000
1040  -19.375  -86.251  -54.652 0.0000000000
336  -25.983  -88.423  -41.454 0.0000000000
497  -25.951  -87.630  -42.363 0.0000000000
487  -26.510  -87.953  -40.943 0.0000000000
475  -27.350  -87.402  -40.518 0.0000000000
322  -26.609  -88.615  -40.192 0.0000000000
198  -14.808  -90.005  -36.928 0.0000000000
923  -25.189  -85.324  -41.072 0.0000000000
128968  -25.020  -85.892  -39.952 0.0000000000
916  -25.583  -85.387  -40.163 0.0000000000
1224  -27.052  -84.642  -39.713 0.0000000000
917  -26.347  -84.772  -40.363 0.0000000000
1231  -27.114  -84.348  -40.598 0.0000000000
1240  -26.416  -84.470  -41.238 0.0000000000
124447  -16.081  -53.504  -49.124 0.0000000000
23985  -17.686  -53.857  -49.311 0.0000000000
23075  -18.624  -54.114  -49.110 0.0000000000
14010  -23.645  -64.141  -64.527 0.0000000000
13273  -22.649  -65.352  -64.136 0.0000000000
14009  -22.994  -64.603  -63.911 0.0000000000
14004  -22.511  -64.245  -63.246 0.0000000000
15626  -23.126  -62.679  -63.872 0.0000000000
27338  -28.772  -49.676  -38.975 0.0000000000
28292  -28.882  -48.810  -38.561 0.0000000000
26483  -31.262  -50.677  -36.918 0.0000000000
32984  -30.609  -43.461  -43.178 0.0000000000
32988  -29.725  -42.831  -43.763 0.0000000000
32992  -27.110  -42.937  -45.636 0.0000000000
33972  -27.715  -42.525  -45.407 0.0000000000
127356  -27.212  -42.224  -45.475 0.0000000000
33971  -26.179  -42.911  -45.801 0.0000000000
11475  -11.888  -67.674  -38.667 0.0000000000
11456  -11.064  -67.394  -37.879 0.0000000000
11476  -12.394  -67.145  -39.034 0.0000000000
11488  -13.405  -67.781  -40.316 0.0000000000
7554  -14.043  -72.602  -44.408 0.0000000000
8304  -14.401  -71.574  -44.948 0.0000000000
8317  -13.737  -72.331  -46.637 0.0000000000
110520  -14.089  -73.131  -45.793 0.0000000000
108404  -12.485  -84.770  -44.263 0.0000000000
541  -14.816  -88.334  -47.247 0.0000000000
361  -14.258  -89.154  -46.644 0.0000000000
370  -13.111  -89.158  -46.903 0.0000000000
377  -14.028  -88.597  -47.333 0.0000000000
376  -12.836  -88.386  -47.768 0.0000000000
548  -13.548  -87.925  -48.069 0.0000000000
1347  -21.133  -85.061  -51.324 0.0000000000
124660  -18.786  -86.178  -51.641 0.0000000000
1014  -20.800  -85.416  -51.923 0.0000000000
1027  -21.058  -85.967  -52.504 0.0000000000
774  -22.166  -86.251  -51.719 0.0000000000
115497  -22.462  -87.110  -52.279 0.0000000000
566  -22.521  -87.023  -51.462 0.0000000000
244  -21.274  -90.180  -47.126 0.0000000000
128291  -21.816  -91.003  -47.426 0.0000000000
156  -21.930  -90.926  -46.821 0.0000000000
153  -22.707  -91.090  -46.213 0.0000000000
152  -21.647  -90.433  -45.869 0.0000000000
21195  -14.811  -55.581  -53.824 0.0000000000
22170  -13.345  -55.336  -53.595 0.0000000000
119467  -14.315  -54.620  -53.351 0.0000000000
117625  -13.705  -53.695  -52.936 0.0000000000
23121  -14.876  -53.877  -53.138 0.0000000000
23122  -15.452  -53.142  -53.417 0.0000000000
22172  -15.807  -54.128  -54.001 0.0000000000
24121  -17.419  -53.567  -57.979 0.0000000000
23186  -18.391  -53.899  -59.091 0.0000000000
114390  -19.038  -54.059  -59.894 0.0000000000
108985  -26.164  -72.090  -62.981 0.0000000000
8470  -26.224  -72.175  -64.354 0.0000000000
9230  -26.295  -71.467  -64.029 0.0000000000
13281  -26.479  -65.513  -66.821 0.0000000000
12533  -26.890  -66.592  -68.236 0.0000000000
13289  -26.729  -65.728  -67.745 0.0000000000
13296  -26.634  -65.350  -67.712 0.0000000000
14025  -26.741  -64.900  -67.533 0.0000000000
120019  -40.093  -82.516  -45.329 0.0000000000
2071  -39.987  -83.002  -46.288 0.0000000000
115378  -39.709  -82.382  -46.611 0.0000000000
3471  -35.903  -79.247  -54.009 0.0000000000
3472  -36.581  -79.737  -53.561 0.0000000000
3966  -35.646  -78.737  -54.654 0.0000000000
118478  -36.059  -78.630  -55.175 0.0000000000
4469  -35.356  -77.916  -55.893 0.0000000000
31057  -27.062  -45.335  -37.663 0.0000000000
31119  -32.704  -44.816  -39.375 0.0000000000
31988  -31.372  -44.853  -40.048 0.0000000000
128071  -31.435  -44.438  -40.220 0.0000000000
107134  -31.664  -44.868  -40.685 0.0000000000
110390  -28.580  -73.017  -57.504 0.0000000000
6971  -27.838  -73.215  -57.427 0.0000000000
7671  -28.039  -72.422  -57.449 0.0000000000
8424  -27.875  -71.121  -57.866 0.0000000000
2147  -37.803  -83.043  -52.834 0.0000000000
1742  -37.220  -83.350  -52.048 0.0000000000
2157  -37.274  -82.959  -53.697 0.0000000000
4516  -33.876  -76.621  -60.158 0.0000000000
4503  -33.337  -77.094  -59.333 0.0000000000
4515  -32.801  -76.629  -60.039 0.0000000000
109381  -31.981  -76.924  -60.136 0.0000000000
5073  -32.448  -76.439  -60.894 0.0000000000
7714  -32.264  -72.001  -61.582 0.0000000000
7706  -31.795  -72.063  -60.964 0.0000000000
34861  -21.983  -41.531  -46.605 0.0000000000
22956  -25.530  -54.452  -38.790 0.0000000000
22020  -25.397  -55.446  -40.424 0.0000000000
21057  -24.947  -55.875  -39.616 0.0000000000
20117  -20.719  -57.516  -42.404 0.0000000000
19136  -21.635  -58.422  -41.787 0.0000000000
19137  -22.568  -58.722  -41.529 0.0000000000
13759  -12.914  -63.854  -35.853 0.0000000000
13760  -13.800  -63.650  -36.278 0.0000000000
112955  -12.511  -63.676  -36.000 0.0000000000
16236  -12.734  -60.001  -42.031 0.0000000000
16214  -13.558  -61.086  -41.177 0.0000000000
110639  -15.007  -61.465  -40.177 0.0000000000
16215  -14.614  -60.843  -41.502 0.0000000000
110433  -10.391  -77.707  -43.176 0.0000000000
4352  -10.587  -77.221  -42.387 0.0000000000
108686  -10.398  -76.778  -43.574 0.0000000000
113265  -10.657  -76.501  -42.614 0.0000000000
4921  -10.244  -75.906  -44.687 0.0000000000
115535  -10.051  -76.708  -45.066 0.0000000000
3418  -13.203  -79.382  -48.550 0.0000000000
3408  -13.169  -79.141  -47.639 0.0000000000
3908  -13.471  -78.538  -49.054 0.0000000000
3421  -13.239  -79.244  -49.539 0.0000000000
1334  -11.926  -85.911  -50.257 0.0000000000
255  -25.162  -89.677  -50.876 0.0000000000
117243  -25.518  -89.213  -50.874 0.0000000000
253  -26.219  -89.058  -49.945 0.0000000000
9  -19.671  -92.424  -39.963 0.0000000000
19  -19.887  -92.320  -41.021 0.0000000000
16  -21.030  -92.140  -40.086 0.0000000000
50  -21.491  -91.625  -40.709 0.0000000000
44  -21.764  -91.870  -39.770 0.0000000000
206  -18.726  -90.198  -37.805 0.0000000000
119714  -19.288  -89.535  -38.783 0.0000000000
631  -25.777  -87.159  -35.786 0.0000000000
438  -25.108  -87.858  -35.394 0.0000000000
439  -25.794  -87.914  -34.765 0.0000000000
188  -26.025  -88.743  -35.040 0.0000000000
276  -27.129  -87.998  -33.977 0.0000000000
277  -27.690  -88.076  -34.023 0.0000000000
425  -27.785  -87.599  -33.905 0.0000000000
1950  -32.285  -82.464  -36.543 0.0000000000
1938  -33.051  -82.922  -35.962 0.0000000000
1966  -34.745  -82.853  -37.778 0.0000000000
1979  -34.938  -82.578  -38.481 0.0000000000
2395  -33.633  -81.633  -38.237 0.0000000000
2878  -31.827  -79.651  -41.877 0.0000000000
3346  -32.410  -79.541  -42.570 0.0000000000
110754  -26.984  -52.882  -40.757 0.0000000000
23920  -27.442  -53.398  -40.845 0.0000000000
25731  -21.365  -51.601  -49.092 0.0000000000
26572  -21.739  -51.061  -49.770 0.0000000000
27432  -23.423  -49.400  -51.036 0.0000000000
10094  -20.930  -69.539  -69.838 0.0000000000
9252  -20.186  -70.272  -69.325 0.0000000000
123052  -20.575  -69.159  -70.097 0.0000000000
15605  -18.111  -62.326  -62.263 0.0000000000
15593  -17.987  -62.685  -61.376 0.0000000000
15604  -16.997  -62.230  -62.534 0.0000000000
15603  -15.932  -62.222  -62.776 0.0000000000
15613  -16.216  -61.934  -63.156 0.0000000000
17425  -24.545  -60.734  -61.554 0.0000000000
18355  -24.570  -59.089  -62.646 0.0000000000
18354  -23.654  -58.847  -62.523 0.0000000000
18353  -22.699  -58.562  -62.546 0.0000000000
18346  -23.201  -59.731  -62.041 0.0000000000
124006  -19.388  -60.806  -57.802 0.0000000000
16399  -19.469  -61.165  -58.221 0.0000000000
17382  -18.640  -60.775  -58.062 0.0000000000
113446  -17.827  -60.452  -58.114 0.0000000000
17365  -18.203  -60.101  -57.735 0.0000000000
18316  -17.948  -59.243  -57.587 0.0000000000
18317  -18.752  -59.384  -57.500 0.0000000000
116728  -26.806  -48.737  -39.229 0.0000000000
27358  -28.053  -49.290  -40.109 0.0000000000
114986  -10.281  -69.556  -38.869 0.0000000000
10625  -10.655  -68.860  -38.900 0.0000000000
9774  -10.589  -69.199  -40.571 0.0000000000
9773  -10.328  -69.292  -40.649 0.0000000000
9012  -10.463  -70.101  -42.764 0.0000000000
125785  -10.756  -69.741  -42.592 0.0000000000
9021  -10.894  -70.626  -43.379 0.0000000000
8270  -12.161  -71.329  -43.592 0.0000000000
8269  -11.210  -71.209  -43.597 0.0000000000
2075  -13.926  -82.672  -47.880 0.0000000000
113108  -13.194  -84.058  -46.820 0.0000000000
1662  -13.942  -83.667  -48.048 0.0000000000
1326  -15.439  -84.489  -49.649 0.0000000000
1679  -14.543  -84.102  -48.809 0.0000000000
986  -15.070  -85.402  -48.729 0.0000000000
116139  -15.425  -87.342  -47.756 0.0000000000
1316  -16.198  -86.243  -49.002 0.0000000000
1327  -16.546  -85.485  -49.864 0.0000000000
1700  -20.418  -83.811  -49.217 0.0000000000
1715  -19.063  -83.705  -50.306 0.0000000000
1716  -19.942  -83.776  -50.251 0.0000000000
1340  -20.216  -84.363  -50.927 0.0000000000
996  -21.764  -85.262  -49.498 0.0000000000
989  -22.090  -85.934  -49.443 0.0000000000
988  -21.858  -85.703  -48.829 0.0000000000
732  -21.156  -86.635  -46.958 0.0000000000
543  -21.513  -87.182  -47.628 0.0000000000
538  -21.079  -87.521  -46.859 0.0000000000
363  -20.867  -88.279  -46.745 0.0000000000
17335  -15.057  -60.038  -54.833 0.0000000000
19294  -16.092  -58.374  -55.778 0.0000000000
19283  -15.799  -58.446  -54.983 0.0000000000
19284  -16.238  -57.612  -55.597 0.0000000000
113727  -15.625  -56.838  -54.603 0.0000000000
20270  -16.395  -56.692  -55.762 0.0000000000
21227  -16.399  -55.754  -55.450 0.0000000000
21240  -16.216  -55.970  -56.273 0.0000000000
22222  -13.799  -55.428  -58.171 0.0000000000
22223  -14.472  -54.903  -57.782 0.0000000000
23202  -15.147  -54.741  -58.159 0.0000000000
116340  -15.615  -55.172  -58.651 0.0000000000
11713  -24.164  -68.455  -61.969 0.0000000000
10928  -24.264  -68.804  -63.280 0.0000000000
11714  -24.400  -67.613  -62.045 0.0000000000
13266  -25.827  -65.720  -62.944 0.0000000000
12509  -25.249  -66.323  -63.527 0.0000000000
14012  -26.924  -64.752  -64.153 0.0000000000
128005  -38.042  -79.660  -46.448 0.0000000000
2950  -38.069  -80.380  -47.232 0.0000000000
3420  -37.578  -79.253  -47.719 0.0000000000
3448  -35.711  -79.038  -51.153 0.0000000000
3437  -36.214  -79.577  -50.820 0.0000000000
111357  -35.535  -79.253  -52.056 0.0000000000
121696  -35.915  -79.670  -52.466 0.0000000000
29214  -31.819  -48.839  -38.652 0.0000000000
29233  -32.892  -47.546  -38.467 0.0000000000
29243  -33.410  -46.500  -38.937 0.0000000000
118148  -33.797  -45.955  -40.509 0.0000000000
30194  -34.085  -45.130  -41.314 0.0000000000
115382  -26.711  -79.620  -61.585 0.0000000000
3538  -25.684  -79.645  -60.594 0.0000000000
4007  -26.024  -77.768  -61.943 0.0000000000
4509  -26.115  -77.481  -61.884 0.0000000000
4511  -28.391  -77.356  -61.125 0.0000000000
4499  -27.919  -77.221  -60.108 0.0000000000
5056  -28.909  -76.062  -58.716 0.0000000000
119935  -29.514  -75.702  -58.752 0.0000000000
3525  -37.144  -78.753  -56.431 0.0000000000
3509  -36.918  -79.376  -56.299 0.0000000000
3998  -36.381  -77.864  -58.175 0.0000000000
121540  -35.255  -75.131  -60.854 0.0000000000
4505  -35.330  -76.954  -59.247 0.0000000000
5076  -35.049  -75.864  -60.694 0.0000000000
4517  -34.719  -76.506  -60.289 0.0000000000
5084  -34.695  -75.203  -61.393 0.0000000000
32045  -18.824  -44.088  -48.141 0.0000000000
116981  -19.237  -43.108  -47.883 0.0000000000
116206  -17.827  -43.262  -48.099 0.0000000000
33029  -16.166  -43.465  -48.573 0.0000000000
33015  -16.903  -42.965  -47.973 0.0000000000
34877  -16.716  -42.032  -48.332 0.0000000000
34916  -17.007  -41.735  -49.029 0.0000000000
111427  -17.552  -41.631  -49.575 0.0000000000
34028  -17.088  -42.343  -49.583 0.0000000000
127775  -21.911  -56.546  -36.175 0.0000000000
20083  -19.510  -56.713  -40.113 0.0000000000
21066  -19.883  -56.488  -40.930 0.0000000000
20116  -20.073  -56.573  -41.565 0.0000000000
21079  -19.872  -56.668  -41.670 0.0000000000
20151  -20.036  -57.334  -43.236 0.0000000000
20136  -19.592  -57.065  -42.040 0.0000000000
18140  -18.728  -59.146  -41.667 0.0000000000
116318  -19.083  -58.417  -42.564 0.0000000000
18153  -18.680  -59.446  -43.091 0.0000000000
107761  -18.405  -60.194  -44.209 0.0000000000
17212  -18.134  -60.557  -43.542 0.0000000000
14570  -9.956  -63.325  -39.079 0.0000000000
14592  -9.778  -62.834  -39.993 0.0000000000
15419  -8.754  -61.118  -43.475 0.0000000000
123477  -9.204  -61.576  -42.224 0.0000000000
16233  -8.989  -60.442  -42.813 0.0000000000
16234  -9.615  -59.994  -42.197 0.0000000000
17226  -9.184  -59.279  -44.509 0.0000000000
110989  -10.194  -81.231  -42.138 0.0000000000
2431  -10.111  -81.466  -42.890 0.0000000000
2454  -10.090  -80.689  -44.557 0.0000000000
2883  -10.213  -80.464  -43.715 0.0000000000
112169  -9.977  -79.791  -44.391 0.0000000000
3348  -9.960  -78.945  -44.232 0.0000000000
3360  -9.869  -79.089  -45.284 0.0000000000
3374  -10.071  -79.341  -46.007 0.0000000000
2909  -10.096  -79.994  -46.097 0.0000000000
2502  -10.775  -81.559  -47.280 0.0000000000
2939  -10.674  -80.762  -46.909 0.0000000000
2940  -11.172  -80.796  -47.437 0.0000000000
2941  -12.034  -80.519  -47.698 0.0000000000
2503  -11.269  -81.489  -47.941 0.0000000000
1022  -14.578  -85.401  -53.105 0.0000000000
106186  -12.276  -87.948  -53.351 0.0000000000
1031  -13.607  -86.881  -54.395 0.0000000000
365  -24.938  -88.561  -46.706 0.0000000000
356  -25.985  -88.106  -45.831 0.0000000000
508  -27.284  -87.424  -44.036 0.0000000000
127015  -27.762  -88.364  -44.963 0.0000000000
124418  -28.874  -87.107  -39.967 0.0000000000
41  -15.478  -91.418  -38.875 0.0000000000
47  -15.608  -91.433  -39.765 0.0000000000
43  -16.252  -92.238  -39.975 0.0000000000
7  -17.166  -92.500  -39.739 0.0000000000
2  -17.690  -92.445  -38.729 0.0000000000
472  -22.216  -88.112  -40.444 0.0000000000
312  -22.395  -88.222  -39.353 0.0000000000
649  -25.474  -86.112  -38.797 0.0000000000
455  -24.775  -86.677  -38.764 0.0000000000
650  -25.914  -86.260  -37.888 0.0000000000
640  -25.514  -86.802  -37.042 0.0000000000
878  -27.010  -86.054  -36.779 0.0000000000
889  -27.410  -85.443  -37.404 0.0000000000
1214  -28.409  -84.227  -38.659 0.0000000000
1200  -28.628  -84.448  -37.473 0.0000000000
1215  -29.185  -83.856  -37.844 0.0000000000
1552  -29.892  -83.154  -37.875 0.0000000000
1962  -29.746  -82.803  -38.770 0.0000000000
2392  -30.843  -81.648  -38.733 0.0000000000
1588  -28.562  -82.923  -41.435 0.0000000000
1989  -29.601  -82.110  -40.247 0.0000000000
2001  -29.162  -82.149  -41.175 0.0000000000
121670  -28.691  -82.186  -42.125 0.0000000000
111128  -27.134  -56.138  -41.615 0.0000000000
24016  -21.120  -53.488  -49.865 0.0000000000
122374  -21.619  -53.762  -55.679 0.0000000000
24073  -22.046  -53.516  -55.022 0.0000000000
24948  -22.521  -52.963  -55.245 0.0000000000
11744  -21.783  -67.477  -68.059 0.0000000000
11743  -20.851  -67.562  -68.367 0.0000000000
11738  -21.056  -67.322  -67.314 0.0000000000
127278  -20.531  -66.571  -65.109 0.0000000000
12521  -19.822  -66.334  -65.952 0.0000000000
123696  -19.920  -66.486  -64.787 0.0000000000
107979  -19.049  -66.143  -65.527 0.0000000000
107473  -19.255  -66.434  -64.265 0.0000000000
12504  -19.346  -66.459  -63.123 0.0000000000
12514  -20.133  -66.497  -63.764 0.0000000000
14803  -21.540  -63.719  -62.333 0.0000000000
13256  -21.250  -64.856  -61.780 0.0000000000
14802  -20.848  -63.327  -62.214 0.0000000000
14801  -19.955  -62.961  -62.186 0.0000000000
15617  -20.333  -62.387  -62.803 0.0000000000
109424  -25.549  -61.651  -59.156 0.0000000000
108669  -25.013  -61.717  -60.006 0.0000000000
16438  -24.149  -61.638  -59.708 0.0000000000
126604  -23.658  -61.517  -60.152 0.0000000000
107980  -23.907  -61.680  -58.991 0.0000000000
124903  -23.319  -60.946  -56.761 0.0000000000
16402  -22.872  -61.509  -58.036 0.0000000000
16388  -22.646  -61.201  -57.290 0.0000000000
16401  -21.624  -60.978  -57.279 0.0000000000
17351  -21.943  -60.214  -56.794 0.0000000000
18319  -21.203  -60.019  -56.976 0.0000000000
18306  -22.569  -59.820  -56.466 0.0000000000
108901  -28.730  -47.948  -38.190 0.0000000000
29211  -27.755  -47.463  -38.511 0.0000000000
124387  -28.667  -47.361  -37.903 0.0000000000
29212  -29.600  -47.748  -37.632 0.0000000000
26501  -32.136  -50.542  -37.444 0.0000000000
124698  -32.448  -49.826  -37.043 0.0000000000
27381  -32.278  -49.867  -40.209 0.0000000000
3097  -29.265  -80.250  -60.429 0.0000000000
34827  -29.391  -41.733  -40.695 0.0000000000
34826  -28.689  -41.404  -40.254 0.0000000000
34840  -29.499  -41.157  -42.313 0.0000000000
35731  -29.239  -40.449  -42.021 0.0000000000
35734  -29.213  -40.511  -42.853 0.0000000000
112907  -29.236  -43.078  -44.604 0.0000000000
126017  -28.635  -42.921  -45.090 0.0000000000
35737  -28.792  -40.346  -43.554 0.0000000000
36696  -27.118  -40.080  -45.086 0.0000000000
34851  -25.186  -41.305  -45.843 0.0000000000
33980  -23.790  -42.462  -46.340 0.0000000000
113030  -23.429  -41.859  -46.340 0.0000000000
30239  -19.382  -46.498  -48.083 0.0000000000
30238  -18.011  -46.963  -48.124 0.0000000000
30252  -16.888  -46.996  -47.932 0.0000000000
29300  -17.833  -47.299  -48.375 0.0000000000
19100  -21.133  -57.989  -36.474 0.0000000000
12997  -12.608  -65.274  -36.029 0.0000000000
12996  -11.915  -65.172  -35.121 0.0000000000
9691  -10.584  -69.195  -34.281 0.0000000000
10545  -10.797  -68.550  -33.979 0.0000000000
11376  -10.398  -67.834  -34.104 0.0000000000
12223  -9.664  -65.802  -35.961 0.0000000000
12205  -9.787  -66.394  -34.912 0.0000000000
12973  -9.819  -65.508  -35.290 0.0000000000
13734  -10.021  -64.893  -35.462 0.0000000000
12995  -9.675  -64.899  -36.313 0.0000000000
13779  -9.697  -64.084  -37.919 0.0000000000
13026  -9.711  -64.640  -37.422 0.0000000000
13043  -11.437  -64.908  -39.827 0.0000000000
13056  -12.218  -65.349  -40.654 0.0000000000
13059  -11.408  -64.811  -41.574 0.0000000000
12282  -12.436  -66.063  -42.571 0.0000000000
11499  -14.186  -67.715  -42.790 0.0000000000
11503  -13.865  -67.530  -43.774 0.0000000000
11507  -13.997  -67.957  -45.145 0.0000000000
10677  -13.501  -68.039  -45.797 0.0000000000
9802  -13.628  -69.497  -41.950 0.0000000000
9790  -14.142  -69.007  -41.830 0.0000000000
9016  -14.409  -69.629  -43.185 0.0000000000
9079  -13.979  -70.296  -45.770 0.0000000000
9845  -14.370  -69.605  -45.230 0.0000000000
9865  -13.417  -69.973  -46.512 0.0000000000
9880  -12.785  -69.541  -47.220 0.0000000000
9094  -12.987  -70.452  -47.138 0.0000000000
8330  -12.535  -70.942  -47.952 0.0000000000
6877  -12.872  -73.111  -48.368 0.0000000000
7593  -12.068  -72.146  -48.814 0.0000000000
6893  -11.926  -73.065  -49.137 0.0000000000
955  -13.149  -86.281  -45.490 0.0000000000
708  -13.015  -86.801  -44.443 0.0000000000
718  -13.629  -87.492  -45.096 0.0000000000
236  -13.308  -91.087  -45.177 0.0000000000
345  -14.088  -90.159  -43.842 0.0000000000
344  -11.972  -90.243  -43.648 0.0000000000
533  -11.037  -87.956  -46.215 0.0000000000
727  -10.554  -86.824  -46.566 0.0000000000
954  -9.886  -86.201  -46.249 0.0000000000
737  -10.937  -86.531  -47.290 0.0000000000
116077  -10.575  -85.662  -47.302 0.0000000000
738  -11.500  -87.391  -48.045 0.0000000000
557  -11.903  -87.980  -49.782 0.0000000000
556  -11.945  -87.997  -49.666 0.0000000000
753  -12.082  -87.702  -49.937 0.0000000000
763  -11.883  -87.404  -50.305 0.0000000000
764  -13.388  -86.844  -49.864 0.0000000000
110324  -16.682  -87.226  -49.299 0.0000000000
757  -16.904  -87.119  -49.728 0.0000000000
125033  -17.626  -86.486  -51.154 0.0000000000
770  -16.468  -86.835  -50.617 0.0000000000
111634  -14.981  -85.279  -52.160 0.0000000000
1011  -16.026  -85.834  -51.807 0.0000000000
777  -18.388  -87.056  -53.433 0.0000000000
786  -19.601  -87.628  -53.676 0.0000000000
570  -19.333  -87.468  -54.112 0.0000000000
577  -20.931  -87.333  -54.185 0.0000000000
399  -21.859  -87.826  -54.331 0.0000000000
395  -22.314  -88.150  -53.857 0.0000000000
257  -22.157  -90.311  -52.262 0.0000000000
260  -22.523  -90.090  -52.811 0.0000000000
88  -22.424  -91.080  -52.218 0.0000000000
87  -23.794  -90.804  -52.103 0.0000000000
85  -22.197  -91.487  -51.195 0.0000000000
552  -22.237  -87.552  -49.257 0.0000000000
383  -21.626  -89.815  -49.117 0.0000000000
116655  -22.611  -91.611  -48.501 0.0000000000
77  -21.894  -91.650  -49.585 0.0000000000
79  -22.752  -91.682  -48.887 0.0000000000
167  -23.063  -91.535  -49.580 0.0000000000
160  -23.412  -91.475  -47.827 0.0000000000
161  -23.909  -90.523  -47.767 0.0000000000
157  -23.630  -91.360  -47.249 0.0000000000
149  -24.103  -90.553  -44.989 0.0000000000
112987  -24.348  -90.129  -44.147 0.0000000000
227  -24.507  -89.859  -43.323 0.0000000000
128513  -24.777  -89.940  -42.750 0.0000000000
136  -24.778  -89.661  -42.497 0.0000000000
183  -16.085  -90.196  -33.647 0.0000000000
184  -16.466  -90.239  -33.647 0.0000000000
281  -17.853  -88.625  -35.109 0.0000000000
280  -17.226  -89.725  -34.676 0.0000000000
429  -17.298  -88.836  -35.966 0.0000000000
125539  -17.367  -88.610  -36.924 0.0000000000
435  -17.687  -87.922  -36.743 0.0000000000
904  -18.928  -86.106  -38.836 0.0000000000
116491  -18.515  -87.002  -38.692 0.0000000000
112201  -18.362  -87.612  -39.198 0.0000000000
128092  -18.995  -87.816  -40.248 0.0000000000
319  -19.611  -88.417  -40.493 0.0000000000
318  -19.428  -87.659  -40.620 0.0000000000
24909  -13.231  -52.055  -51.351 0.0000000000
24894  -12.404  -52.254  -50.193 0.0000000000
120741  -13.300  -52.037  -50.082 0.0000000000
24883  -14.341  -51.752  -50.951 0.0000000000
24884  -15.286  -51.772  -51.193 0.0000000000
24896  -14.800  -51.726  -51.701 0.0000000000
24931  -16.530  -51.688  -53.668 0.0000000000
24070  -17.314  -51.707  -54.892 0.0000000000
126881  -15.338  -53.025  -56.204 0.0000000000
23146  -15.472  -52.509  -55.885 0.0000000000
109532  -15.592  -52.572  -56.444 0.0000000000
24104  -17.417  -52.413  -56.903 0.0000000000
24086  -16.812  -51.534  -56.525 0.0000000000
24088  -18.511  -53.300  -56.107 0.0000000000
110162  -19.397  -53.910  -56.583 0.0000000000
23168  -20.702  -53.671  -57.652 0.0000000000
24105  -21.124  -52.758  -58.960 0.0000000000
24106  -21.703  -52.843  -57.868 0.0000000000
8451  -23.175  -71.617  -62.605 0.0000000000
123770  -22.496  -71.347  -64.201 0.0000000000
8486  -25.070  -71.707  -67.205 0.0000000000
9242  -23.829  -71.472  -66.679 0.0000000000
107230  -24.157  -71.422  -68.335 0.0000000000
9246  -22.818  -70.670  -68.333 0.0000000000
9247  -24.968  -71.205  -68.890 0.0000000000
10936  -25.069  -68.468  -65.407 0.0000000000
10084  -25.988  -69.792  -65.764 0.0000000000
10939  -26.302  -68.600  -66.747 0.0000000000
11753  -26.929  -67.834  -68.379 0.0000000000
10950  -27.023  -69.238  -68.444 0.0000000000
10949  -26.066  -68.609  -68.394 0.0000000000
126409  -23.751  -69.145  -68.747 0.0000000000
10948  -24.051  -68.108  -68.573 0.0000000000
127769  -23.106  -67.511  -69.210 0.0000000000
128436  -23.727  -66.826  -69.004 0.0000000000
14023  -24.799  -64.257  -67.849 0.0000000000
125299  -24.144  -65.080  -68.548 0.0000000000
14020  -24.406  -64.153  -67.461 0.0000000000
14019  -23.863  -64.706  -66.876 0.0000000000
14829  -24.772  -63.024  -66.499 0.0000000000
1708  -39.428  -83.231  -49.146 0.0000000000
1691  -38.937  -83.754  -48.424 0.0000000000
1724  -38.814  -83.419  -50.619 0.0000000000
1725  -39.562  -82.760  -50.842 0.0000000000
109356  -38.223  -81.664  -49.508 0.0000000000
2535  -39.533  -82.059  -49.437 0.0000000000
3017  -39.088  -80.741  -52.845 0.0000000000
2574  -39.874  -80.917  -52.345 0.0000000000
3018  -39.895  -80.639  -53.329 0.0000000000
2582  -40.171  -81.062  -53.640 0.0000000000
125472  -39.654  -80.461  -54.037 0.0000000000
3489  -38.406  -79.742  -54.589 0.0000000000
3488  -38.494  -79.427  -54.947 0.0000000000
4486  -35.685  -77.135  -57.430 0.0000000000
4478  -36.756  -77.956  -56.993 0.0000000000
5058  -35.728  -76.358  -58.662 0.0000000000
5685  -35.614  -75.200  -59.554 0.0000000000
5677  -35.562  -75.740  -58.976 0.0000000000
4461  -33.652  -77.432  -54.951 0.0000000000
31075  -28.999  -45.372  -37.708 0.0000000000
32947  -29.484  -43.836  -38.612 0.0000000000
33945  -29.163  -42.279  -39.978 0.0000000000
32979  -31.323  -44.150  -41.055 0.0000000000
33947  -30.874  -43.224  -40.989 0.0000000000
122720  -31.133  -43.698  -42.604 0.0000000000
32011  -31.652  -44.564  -43.331 0.0000000000
122151  -34.107  -45.000  -42.783 0.0000000000
32019  -31.997  -44.782  -44.257 0.0000000000
2076  -17.266  -81.764  -47.634 0.0000000000
2956  -16.279  -80.888  -48.811 0.0000000000
2505  -17.017  -81.345  -48.246 0.0000000000
124060  -17.249  -82.277  -48.564 0.0000000000
1663  -17.465  -82.904  -47.672 0.0000000000
1651  -18.061  -83.739  -46.598 0.0000000000
1650  -17.530  -83.337  -46.892 0.0000000000
1269  -17.085  -84.003  -44.340 0.0000000000
940  -18.097  -85.329  -43.514 0.0000000000
939  -17.550  -85.247  -42.938 0.0000000000
15554  -13.682  -62.419  -57.585 0.0000000000
17363  -13.636  -60.642  -57.499 0.0000000000
6994  -24.728  -73.693  -59.308 0.0000000000
7690  -24.526  -73.101  -59.796 0.0000000000
110884  -25.635  -72.177  -61.351 0.0000000000
5053  -26.263  -75.874  -59.170 0.0000000000
6307  -26.580  -74.606  -58.524 0.0000000000
7681  -26.280  -72.207  -58.085 0.0000000000
7680  -26.095  -72.845  -58.575 0.0000000000
8422  -25.758  -72.033  -58.738 0.0000000000
9195  -24.916  -71.078  -59.778 0.0000000000
10039  -24.409  -69.600  -60.628 0.0000000000
10028  -24.665  -69.835  -59.679 0.0000000000
123571  -26.778  -68.727  -58.881 0.0000000000
11692  -26.011  -67.134  -59.422 0.0000000000
2572  -35.391  -82.327  -52.284 0.0000000000
2571  -34.832  -81.844  -53.098 0.0000000000
120100  -35.198  -82.119  -53.738 0.0000000000
3068  -36.347  -80.298  -55.895 0.0000000000
3051  -35.960  -81.144  -55.230 0.0000000000
128568  -35.452  -80.364  -55.879 0.0000000000
115075  -33.416  -78.891  -57.298 0.0000000000
3507  -33.899  -80.280  -56.367 0.0000000000
3521  -33.273  -80.025  -56.822 0.0000000000
3066  -33.555  -81.312  -55.902 0.0000000000
3506  -33.278  -81.133  -56.558 0.0000000000
3082  -32.797  -81.442  -57.241 0.0000000000
4513  -30.901  -77.554  -60.112 0.0000000000
4500  -30.703  -78.041  -59.654 0.0000000000
108550  -30.469  -77.982  -60.410 0.0000000000
4008  -30.024  -78.472  -60.851 0.0000000000
7734  -36.411  -72.834  -65.269 0.0000000000
7027  -35.451  -73.294  -65.056 0.0000000000
121692  -34.962  -73.892  -64.154 0.0000000000
6350  -34.835  -73.624  -64.293 0.0000000000
116431  -33.381  -71.114  -64.001 0.0000000000
114451  -34.264  -71.236  -65.240 0.0000000000
7724  -33.959  -72.161  -63.837 0.0000000000
118564  -33.834  -73.711  -63.194 0.0000000000
6336  -33.332  -73.899  -62.705 0.0000000000
5094  -32.736  -75.127  -62.689 0.0000000000
6342  -32.982  -74.656  -62.843 0.0000000000
6334  -31.878  -74.860  -62.091 0.0000000000
5696  -31.917  -75.262  -62.566 0.0000000000
5695  -31.372  -75.523  -62.482 0.0000000000
4535  -30.647  -76.754  -64.013 0.0000000000
5079  -30.667  -75.789  -61.810 0.0000000000
115774  -30.125  -76.351  -62.548 0.0000000000
6997  -31.242  -73.126  -59.897 0.0000000000
6317  -31.000  -73.913  -59.704 0.0000000000
6996  -30.648  -73.300  -59.265 0.0000000000
7683  -30.176  -72.537  -58.791 0.0000000000
8426  -30.217  -71.579  -59.373 0.0000000000
36693  -24.500  -39.551  -45.942 0.0000000000
35789  -20.833  -40.821  -47.147 0.0000000000
35788  -19.990  -40.502  -47.581 0.0000000000
25631  -25.508  -51.186  -37.646 0.0000000000
23907  -25.671  -53.897  -39.709 0.0000000000
23918  -26.142  -53.880  -40.473 0.0000000000
22021  -26.000  -55.215  -41.092 0.0000000000
21081  -25.259  -56.528  -41.332 0.0000000000
114669  -25.748  -56.471  -41.607 0.0000000000
20141  -25.668  -57.625  -42.129 0.0000000000
21045  -22.203  -56.451  -37.058 0.0000000000
123428  -23.397  -57.297  -39.409 0.0000000000
21047  -24.589  -56.380  -38.770 0.0000000000
20086  -23.904  -57.129  -39.951 0.0000000000
126243  -24.411  -56.868  -40.482 0.0000000000
19139  -24.172  -58.202  -41.746 0.0000000000
19156  -24.208  -58.700  -42.242 0.0000000000
17124  -18.707  -59.714  -37.528 0.0000000000
18088  -19.314  -58.722  -37.266 0.0000000000
18087  -17.540  -59.314  -37.743 0.0000000000
15374  -12.008  -62.644  -38.730 0.0000000000
15359  -12.483  -62.808  -37.608 0.0000000000
16181  -14.599  -61.299  -37.964 0.0000000000
16180  -13.950  -61.830  -38.120 0.0000000000
117900  -15.053  -61.422  -37.187 0.0000000000
16164  -16.486  -61.074  -37.111 0.0000000000
17120  -15.943  -60.548  -37.424 0.0000000000
17153  -16.163  -60.444  -38.813 0.0000000000
17154  -16.833  -60.122  -39.365 0.0000000000
117284  -17.364  -59.817  -39.697 0.0000000000
17167  -17.301  -60.395  -40.522 0.0000000000
122078  -10.502  -79.796  -40.774 0.0000000000
3829  -10.662  -78.454  -40.755 0.0000000000
4891  -11.075  -77.144  -40.854 0.0000000000
4337  -11.222  -77.386  -40.014 0.0000000000
4876  -11.907  -77.032  -39.774 0.0000000000
6814  -11.123  -73.434  -42.636 0.0000000000
122872  -10.722  -74.589  -45.199 0.0000000000
115980  -10.918  -73.912  -44.550 0.0000000000
6174  -11.167  -74.182  -44.871 0.0000000000
6840  -12.057  -73.596  -44.433 0.0000000000
6175  -12.284  -74.547  -44.802 0.0000000000
3866  -10.468  -78.011  -45.936 0.0000000000
4372  -10.114  -76.682  -45.721 0.0000000000
3867  -12.166  -78.190  -45.624 0.0000000000
113366  -13.663  -76.996  -46.778 0.0000000000
4374  -13.146  -77.068  -45.587 0.0000000000
4945  -13.583  -76.558  -46.000 0.0000000000
5560  -13.649  -75.638  -45.677 0.0000000000
112121  -13.711  -75.876  -46.535 0.0000000000
114755  -13.808  -75.158  -46.593 0.0000000000
110588  -13.611  -75.558  -47.475 0.0000000000
4967  -12.825  -76.934  -49.809 0.0000000000
4968  -12.916  -76.314  -49.265 0.0000000000
107481  -12.251  -76.218  -50.177 0.0000000000
5594  -11.356  -75.513  -50.435 0.0000000000
984  -11.259  -85.246  -48.300 0.0000000000
1314  -10.879  -84.249  -47.783 0.0000000000
1315  -11.432  -84.554  -48.615 0.0000000000
1694  -12.305  -83.749  -50.120 0.0000000000
2099  -12.197  -82.986  -49.564 0.0000000000
125516  -12.533  -82.914  -50.380 0.0000000000
107011  -12.614  -82.238  -50.053 0.0000000000
112122  -12.696  -82.448  -51.036 0.0000000000
1019  -11.269  -87.024  -52.896 0.0000000000
1350  -10.669  -85.013  -52.974 0.0000000000
2136  -11.359  -82.508  -52.711 0.0000000000
2137  -12.359  -82.581  -52.236 0.0000000000
2564  -11.801  -81.749  -52.368 0.0000000000
107349  -12.570  -80.851  -51.140 0.0000000000
2995  -11.959  -80.935  -51.875 0.0000000000
3423  -12.396  -79.368  -50.994 0.0000000000
125753  -11.050  -80.211  -52.161 0.0000000000
3921  -10.188  -78.482  -52.037 0.0000000000
127637  -19.423  -85.060  -45.078 0.0000000000
956  -19.894  -85.498  -45.307 0.0000000000
719  -19.782  -86.383  -44.818 0.0000000000
119030  -19.113  -89.393  -44.459 0.0000000000
118606  -19.498  -88.334  -44.668 0.0000000000
233  -19.500  -89.421  -45.181 0.0000000000
242  -19.945  -89.524  -45.828 0.0000000000
122354  -19.192  -90.046  -44.820 0.0000000000
62  -19.418  -91.710  -43.144 0.0000000000
68  -19.864  -91.168  -43.801 0.0000000000
146  -20.095  -90.712  -44.433 0.0000000000
69  -20.871  -90.744  -43.343 0.0000000000
140  -21.850  -90.279  -43.420 0.0000000000
64  -21.440  -90.682  -42.613 0.0000000000
121  -23.073  -90.606  -40.890 0.0000000000
127  -22.913  -90.348  -41.725 0.0000000000
122  -23.994  -90.301  -40.628 0.0000000000
129  -24.823  -90.005  -41.015 0.0000000000
123  -24.730  -89.997  -40.443 0.0000000000
95  -15.966  -90.984  -35.787 0.0000000000
20  -15.893  -91.484  -36.617 0.0000000000
102  -16.305  -91.458  -36.597 0.0000000000
115944  -18.961  -91.359  -37.257 0.0000000000
27  -17.979  -91.542  -37.471 0.0000000000
28  -19.005  -91.907  -37.454 0.0000000000
304  -22.475  -88.400  -38.026 0.0000000000
296  -21.640  -88.983  -37.470 0.0000000000
297  -22.317  -89.007  -36.786 0.0000000000
194  -23.677  -89.561  -36.012 0.0000000000
97  -22.321  -90.462  -36.452 0.0000000000
106  -23.022  -90.748  -36.538 0.0000000000
39  -23.378  -91.307  -37.910 0.0000000000
107  -24.046  -90.660  -36.816 0.0000000000
201  -26.478  -89.724  -37.119 0.0000000000
116939  -25.561  -90.238  -37.748 0.0000000000
109  -26.174  -89.936  -37.954 0.0000000000
208  -26.293  -89.617  -38.919 0.0000000000
307  -27.140  -88.931  -38.172 0.0000000000
457  -27.769  -88.045  -38.194 0.0000000000
299  -27.725  -88.410  -37.215 0.0000000000
128883  -29.577  -87.876  -34.872 0.0000000000
441  -29.668  -87.838  -36.063 0.0000000000
442  -30.675  -87.351  -36.427 0.0000000000
881  -29.449  -85.317  -35.016 0.0000000000
867  -29.990  -86.103  -34.056 0.0000000000
1174  -30.689  -85.312  -34.410 0.0000000000
1189  -33.497  -84.765  -35.500 0.0000000000
2005  -36.988  -83.378  -40.446 0.0000000000
2017  -37.726  -83.171  -41.361 0.0000000000
2034  -39.034  -83.138  -42.679 0.0000000000
2440  -38.193  -82.627  -42.073 0.0000000000
2843  -33.123  -80.758  -39.542 0.0000000000
2881  -34.464  -80.470  -42.317 0.0000000000
2882  -35.421  -80.811  -42.476 0.0000000000
2894  -35.878  -80.670  -43.311 0.0000000000
2451  -37.252  -81.456  -42.841 0.0000000000
2895  -36.757  -80.763  -43.747 0.0000000000
2906  -37.160  -80.448  -44.559 0.0000000000
117708  -35.978  -80.357  -44.269 0.0000000000
3387  -34.630  -79.586  -45.306 0.0000000000
25657  -27.017  -50.883  -39.479 0.0000000000
26481  -26.698  -50.240  -38.950 0.0000000000
25676  -27.999  -51.573  -40.556 0.0000000000
25659  -28.587  -51.587  -39.845 0.0000000000
128755  -28.414  -50.894  -39.895 0.0000000000
24802  -29.127  -52.308  -39.680 0.0000000000
22038  -28.773  -55.784  -41.144 0.0000000000
22977  -28.597  -54.532  -40.723 0.0000000000
22979  -30.618  -54.234  -40.657 0.0000000000
107641  -30.268  -53.774  -40.293 0.0000000000
24803  -30.761  -52.559  -39.577 0.0000000000
23911  -30.867  -52.988  -40.006 0.0000000000
25662  -31.200  -51.882  -39.208 0.0000000000
23923  -31.155  -53.151  -40.399 0.0000000000
23935  -31.740  -53.145  -41.874 0.0000000000
24837  -32.113  -52.528  -42.363 0.0000000000
28373  -20.448  -49.037  -48.506 0.0000000000
27414  -20.333  -49.227  -48.565 0.0000000000
122383  -19.969  -49.023  -49.265 0.0000000000
28381  -19.171  -48.176  -48.940 0.0000000000
28388  -19.671  -48.472  -49.430 0.0000000000
24012  -17.455  -52.383  -51.611 0.0000000000
125657  -21.118  -53.530  -52.601 0.0000000000
118822  -21.608  -53.356  -51.740 0.0000000000
24017  -22.084  -53.216  -51.024 0.0000000000
24018  -22.914  -52.845  -51.569 0.0000000000
24060  -22.869  -52.982  -53.538 0.0000000000
24059  -22.204  -53.425  -53.574 0.0000000000
118050  -23.320  -52.532  -53.079 0.0000000000
115802  -23.809  -51.225  -51.698 0.0000000000
26573  -22.709  -50.909  -50.586 0.0000000000
28391  -22.473  -48.647  -50.540 0.0000000000
28390  -21.233  -48.700  -50.238 0.0000000000
29320  -20.949  -47.954  -50.192 0.0000000000
29319  -19.906  -48.023  -49.992 0.0000000000
29310  -20.506  -47.292  -50.012 0.0000000000
113453  -19.967  -46.797  -49.946 0.0000000000
8478  -20.837  -71.785  -65.639 0.0000000000
11742  -19.189  -66.698  -68.827 0.0000000000
123029  -19.204  -67.209  -69.021 0.0000000000
11747  -18.600  -66.700  -68.627 0.0000000000
12493  -18.832  -66.376  -62.058 0.0000000000
12482  -18.955  -66.178  -61.279 0.0000000000
14762  -17.628  -63.590  -59.225 0.0000000000
13221  -18.077  -65.031  -59.091 0.0000000000
14751  -17.343  -63.952  -58.618 0.0000000000
14761  -16.840  -63.322  -58.910 0.0000000000
15566  -15.924  -62.721  -59.353 0.0000000000
15601  -13.605  -61.310  -62.489 0.0000000000
15589  -13.471  -61.645  -61.366 0.0000000000
16449  -12.766  -61.000  -61.586 0.0000000000
17391  -12.638  -60.585  -60.915 0.0000000000
109379  -12.928  -60.732  -61.646 0.0000000000
115402  -27.163  -63.737  -67.317 0.0000000000
16521  -25.942  -60.845  -65.859 0.0000000000
16520  -24.888  -61.129  -65.829 0.0000000000
126427  -25.021  -59.974  -65.635 0.0000000000
114097  -27.178  -59.975  -63.393 0.0000000000
125510  -27.388  -60.841  -62.943 0.0000000000
19351  -27.618  -57.615  -64.570 0.0000000000
20329  -24.533  -56.275  -63.933 0.0000000000
20335  -24.753  -56.380  -64.476 0.0000000000
19354  -23.317  -57.512  -64.635 0.0000000000
113922  -23.460  -58.563  -64.865 0.0000000000
115366  -22.785  -58.438  -64.485 0.0000000000
17457  -22.426  -59.358  -64.270 0.0000000000
112481  -21.831  -58.399  -64.145 0.0000000000
19339  -20.390  -58.319  -63.116 0.0000000000
18357  -20.139  -58.916  -63.928 0.0000000000
108753  -19.769  -58.882  -63.713 0.0000000000
17443  -18.764  -59.742  -63.691 0.0000000000
18349  -18.800  -59.563  -63.427 0.0000000000
16455  -22.197  -61.548  -60.202 0.0000000000
17422  -21.538  -60.530  -61.604 0.0000000000
16470  -20.950  -61.210  -61.079 0.0000000000
17408  -18.467  -60.793  -60.852 0.0000000000
17419  -17.944  -60.395  -61.900 0.0000000000
17418  -17.300  -60.519  -62.685 0.0000000000
107948  -16.216  -60.567  -62.400 0.0000000000
110351  -16.175  -60.492  -60.851 0.0000000000
17380  -16.072  -59.883  -58.667 0.0000000000
123736  -15.188  -60.171  -59.631 0.0000000000
18327  -14.714  -59.586  -59.438 0.0000000000
18336  -13.280  -59.429  -60.410 0.0000000000
18326  -13.897  -58.869  -59.617 0.0000000000
19323  -14.393  -57.873  -59.220 0.0000000000
20295  -17.194  -57.211  -57.532 0.0000000000
20294  -16.315  -57.256  -57.814 0.0000000000
21257  -17.200  -55.929  -58.195 0.0000000000
19304  -20.672  -57.936  -56.749 0.0000000000
21260  -20.557  -56.048  -57.294 0.0000000000
21258  -18.793  -55.645  -57.929 0.0000000000
27356  -27.145  -49.288  -39.497 0.0000000000
8989  -10.150  -69.758  -39.838 0.0000000000
9786  -10.283  -69.469  -41.443 0.0000000000
8996  -10.060  -69.723  -40.982 0.0000000000
8243  -10.157  -70.677  -41.292 0.0000000000
2524  -15.884  -81.691  -49.611 0.0000000000
2100  -14.917  -82.725  -49.409 0.0000000000
2112  -15.945  -82.362  -50.161 0.0000000000
1711  -15.904  -83.035  -50.397 0.0000000000
1712  -16.600  -83.598  -50.420 0.0000000000
1713  -17.407  -83.519  -50.358 0.0000000000
1699  -19.464  -83.508  -49.503 0.0000000000
1317  -20.930  -84.302  -48.482 0.0000000000
118535  -21.572  -85.499  -48.159 0.0000000000
1307  -21.206  -84.820  -47.960 0.0000000000
967  -21.045  -85.803  -47.041 0.0000000000
731  -20.750  -86.296  -46.247 0.0000000000
17350  -14.777  -60.355  -56.354 0.0000000000
17344  -15.362  -59.892  -55.467 0.0000000000
18303  -15.163  -59.432  -56.424 0.0000000000
19302  -15.473  -58.402  -56.471 0.0000000000
20280  -15.374  -57.280  -56.795 0.0000000000
116513  -15.266  -56.110  -56.979 0.0000000000
20293  -14.202  -56.376  -57.520 0.0000000000
21254  -13.416  -55.840  -58.074 0.0000000000
22241  -13.804  -55.725  -58.959 0.0000000000
12473  -24.937  -66.907  -60.854 0.0000000000
12485  -24.792  -66.893  -61.754 0.0000000000
13257  -25.765  -65.801  -61.150 0.0000000000
13258  -26.245  -65.370  -61.804 0.0000000000
14001  -26.831  -64.881  -62.114 0.0000000000
3932  -35.148  -78.562  -51.405 0.0000000000
28322  -32.612  -48.216  -39.374 0.0000000000
28321  -32.837  -47.658  -38.513 0.0000000000
28331  -32.732  -47.837  -40.860 0.0000000000
127504  -32.812  -47.714  -41.998 0.0000000000
28349  -32.610  -48.851  -43.604 0.0000000000
2636  -27.522  -80.686  -61.020 0.0000000000
3101  -27.001  -79.401  -62.762 0.0000000000
4012  -26.680  -78.448  -62.898 0.0000000000
4520  -26.779  -77.693  -62.544 0.0000000000
4526  -26.908  -77.864  -62.957 0.0000000000
4512  -29.187  -76.778  -60.933 0.0000000000
4495  -36.132  -77.393  -58.274 0.0000000000
4506  -35.977  -76.858  -59.055 0.0000000000
5068  -35.630  -75.770  -59.439 0.0000000000
5688  -36.046  -74.774  -60.696 0.0000000000
5698  -35.864  -74.262  -61.444 0.0000000000
31167  -16.375  -45.522  -47.953 0.0000000000
32058  -15.656  -45.202  -48.151 0.0000000000
32072  -15.819  -44.601  -48.540 0.0000000000
33051  -16.461  -44.124  -49.455 0.0000000000
112866  -17.169  -43.063  -49.921 0.0000000000
31206  -16.883  -45.046  -50.017 0.0000000000
32075  -18.151  -44.805  -50.294 0.0000000000
20066  -20.728  -57.108  -36.579 0.0000000000
20073  -20.331  -56.966  -37.634 0.0000000000
20072  -19.569  -57.218  -38.136 0.0000000000
125720  -19.356  -57.095  -39.084 0.0000000000
20098  -18.887  -57.217  -40.473 0.0000000000
20115  -19.238  -57.147  -41.338 0.0000000000
19122  -18.629  -57.928  -40.940 0.0000000000
13815  -10.643  -63.931  -40.999 0.0000000000
14593  -9.847  -63.039  -40.809 0.0000000000
14599  -10.116  -63.591  -41.936 0.0000000000
14602  -9.041  -62.283  -43.461 0.0000000000
2019  -9.607  -82.903  -43.551 0.0000000000
2020  -9.887  -82.062  -43.350 0.0000000000
126103  -9.819  -82.409  -44.120 0.0000000000
2036  -10.033  -82.220  -44.953 0.0000000000
115196  -10.145  -81.291  -45.220 0.0000000000
2471  -10.239  -80.792  -46.080 0.0000000000
2064  -10.437  -82.161  -46.856 0.0000000000
2072  -10.697  -82.680  -47.372 0.0000000000
1033  -16.411  -85.269  -53.999 0.0000000000
119169  -14.770  -85.895  -54.830 0.0000000000
1034  -17.430  -85.541  -53.856 0.0000000000
128178  -25.361  -87.725  -43.512 0.0000000000
518  -25.390  -87.611  -44.361 0.0000000000
507  -26.063  -87.336  -43.523 0.0000000000
114192  -26.972  -87.093  -42.954 0.0000000000
498  -27.811  -87.006  -42.250 0.0000000000
111038  -28.708  -87.113  -41.939 0.0000000000
488  -28.013  -86.871  -41.307 0.0000000000
476  -28.394  -87.014  -40.558 0.0000000000
466  -28.877  -87.267  -39.243 0.0000000000
33  -15.375  -91.346  -37.921 0.0000000000
34  -15.788  -92.024  -38.040 0.0000000000
670  -23.406  -87.073  -41.042 0.0000000000
474  -23.865  -86.904  -40.118 0.0000000000
117073  -24.512  -86.319  -40.051 0.0000000000
672  -25.374  -85.816  -39.538 0.0000000000
122136  -26.212  -85.689  -38.524 0.0000000000
899  -27.121  -85.225  -38.238 0.0000000000
907  -26.656  -85.151  -38.949 0.0000000000
1225  -27.892  -84.345  -39.475 0.0000000000
1564  -28.551  -83.641  -39.858 0.0000000000
1565  -29.270  -83.094  -39.394 0.0000000000
117398  -28.391  -83.417  -40.840 0.0000000000
112526  -19.447  -54.110  -48.385 0.0000000000
23098  -19.611  -53.832  -49.861 0.0000000000
24963  -22.294  -52.241  -56.378 0.0000000000
25790  -22.149  -51.052  -56.436 0.0000000000
12523  -22.536  -66.248  -65.920 0.0000000000
12530  -21.357  -66.914  -66.503 0.0000000000
12522  -21.748  -66.571  -65.749 0.0000000000
107367  -22.013  -66.281  -64.979 0.0000000000
12515  -21.498  -66.283  -64.219 0.0000000000
12505  -20.961  -66.284  -63.404 0.0000000000
13269  -21.951  -65.371  -63.065 0.0000000000
14804  -22.040  -63.420  -62.995 0.0000000000
117981  -21.579  -62.472  -63.262 0.0000000000
17353  -23.279  -60.226  -56.364 0.0000000000
28291  -27.316  -48.084  -39.303 0.0000000000
28293  -30.913  -49.433  -37.748 0.0000000000
111856  -31.518  -49.733  -36.439 0.0000000000
26502  -31.631  -51.208  -38.523 0.0000000000
2623  -32.046  -81.623  -58.354 0.0000000000
33956  -30.233  -42.656  -41.696 0.0000000000
34841  -29.759  -42.114  -42.581 0.0000000000
34843  -29.504  -42.110  -43.452 0.0000000000
35758  -28.076  -41.198  -44.825 0.0000000000
35741  -27.817  -40.394  -44.678 0.0000000000
34852  -26.947  -41.541  -45.413 0.0000000000
108769  -26.144  -41.392  -45.599 0.0000000000
33970  -25.733  -42.135  -45.807 0.0000000000
29290  -19.825  -47.432  -48.196 0.0000000000
112586  -10.040  -68.140  -35.801 0.0000000000
11416  -9.883  -67.366  -35.118 0.0000000000
11455  -10.308  -67.737  -36.905 0.0000000000
11434  -10.330  -66.732  -36.946 0.0000000000
12246  -11.062  -66.454  -37.841 0.0000000000
13027  -10.556  -65.417  -38.015 0.0000000000
12247  -11.823  -66.206  -38.716 0.0000000000
12264  -12.533  -66.496  -39.457 0.0000000000
118276  -12.845  -66.254  -40.214 0.0000000000
12283  -13.418  -66.743  -41.725 0.0000000000
12277  -13.454  -66.938  -40.663 0.0000000000
11495  -14.239  -67.906  -41.971 0.0000000000
10654  -14.448  -68.239  -43.358 0.0000000000
9024  -14.165  -70.621  -43.452 0.0000000000
113793  -14.544  -71.240  -44.407 0.0000000000
8318  -14.087  -71.200  -45.625 0.0000000000
120783  -13.776  -71.576  -46.256 0.0000000000
119559  -13.352  -71.336  -47.011 0.0000000000
7582  -13.437  -72.792  -47.504 0.0000000000
6864  -13.584  -73.720  -47.479 0.0000000000
729  -14.799  -88.139  -46.765 0.0000000000
525  -14.346  -88.668  -45.207 0.0000000000
118443  -14.588  -89.750  -45.983 0.0000000000
128517  -14.311  -90.400  -45.775 0.0000000000
235  -12.593  -90.782  -45.744 0.0000000000
359  -11.956  -89.929  -46.321 0.0000000000
369  -12.220  -89.116  -46.886 0.0000000000
540  -11.853  -88.364  -47.715 0.0000000000
547  -12.064  -88.183  -48.932 0.0000000000
558  -13.021  -87.631  -48.984 0.0000000000
1013  -18.787  -85.390  -51.253 0.0000000000
1004  -17.558  -86.437  -50.754 0.0000000000
125986  -17.902  -86.423  -51.244 0.0000000000
772  -18.557  -86.549  -51.992 0.0000000000
111355  -18.143  -86.637  -52.098 0.0000000000
779  -20.497  -86.734  -53.208 0.0000000000
788  -21.631  -87.342  -53.486 0.0000000000
573  -22.200  -87.921  -53.613 0.0000000000
124272  -22.330  -87.348  -52.998 0.0000000000
391  -22.725  -87.899  -52.036 0.0000000000
121965  -22.535  -89.019  -51.572 0.0000000000
121890  -21.500  -89.325  -48.433 0.0000000000
248  -21.525  -90.534  -48.605 0.0000000000
159  -21.711  -90.983  -48.076 0.0000000000
75  -22.264  -91.409  -47.800 0.0000000000
112963  -23.091  -91.534  -47.597 0.0000000000
126709  -23.904  -91.215  -46.447 0.0000000000
72  -23.515  -91.291  -46.666 0.0000000000
154  -23.537  -91.022  -45.701 0.0000000000
148  -23.405  -90.467  -44.723 0.0000000000
117164  -17.534  -89.915  -32.692 0.0000000000
127832  -13.358  -52.937  -52.357 0.0000000000
24910  -14.332  -51.858  -51.822 0.0000000000
24911  -15.426  -51.798  -52.344 0.0000000000
24053  -15.543  -52.052  -52.904 0.0000000000
24054  -16.178  -51.851  -53.959 0.0000000000
24102  -16.321  -52.930  -57.140 0.0000000000
23188  -19.901  -53.571  -59.979 0.0000000000
8459  -25.316  -72.164  -63.330 0.0000000000
9220  -23.837  -71.442  -64.164 0.0000000000
121329  -25.742  -72.267  -63.983 0.0000000000
8480  -25.982  -72.119  -65.298 0.0000000000
8487  -26.157  -71.703  -65.919 0.0000000000
11746  -27.109  -67.639  -68.256 0.0000000000
12547  -26.200  -66.821  -68.461 0.0000000000
12546  -24.859  -66.349  -68.548 0.0000000000
12543  -26.178  -66.099  -68.348 0.0000000000
13295  -25.308  -65.117  -68.218 0.0000000000
14848  -25.186  -64.012  -67.704 0.0000000000
1645  -38.887  -83.856  -44.500 0.0000000000
2063  -38.682  -83.961  -45.670 0.0000000000
2109  -39.617  -82.504  -48.900 0.0000000000
2559  -37.602  -80.988  -51.691 0.0000000000
2545  -38.509  -81.344  -51.112 0.0000000000
3016  -37.911  -80.781  -52.504 0.0000000000
114820  -38.089  -80.605  -52.878 0.0000000000
3026  -38.010  -80.055  -53.649 0.0000000000
3499  -37.366  -78.893  -55.288 0.0000000000
3974  -36.746  -78.669  -55.494 0.0000000000
4477  -36.123  -77.964  -56.473 0.0000000000
5057  -34.888  -75.940  -58.272 0.0000000000
31099  -31.170  -45.048  -38.858 0.0000000000
31974  -30.434  -44.380  -38.764 0.0000000000
32957  -30.396  -43.815  -39.351 0.0000000000
32972  -30.820  -44.152  -40.112 0.0000000000
124744  -33.279  -46.203  -45.019 0.0000000000
2944  -17.021  -80.730  -47.864 0.0000000000
1638  -17.294  -83.574  -46.007 0.0000000000
112340  -25.219  -74.134  -59.011 0.0000000000
5672  -27.765  -75.526  -58.376 0.0000000000
6982  -27.044  -74.110  -58.057 0.0000000000
6297  -27.778  -74.098  -57.598 0.0000000000
8413  -26.833  -71.957  -57.708 0.0000000000
8423  -26.301  -71.425  -58.005 0.0000000000
10020  -25.815  -70.002  -58.546 0.0000000000
9186  -26.497  -70.506  -58.181 0.0000000000
107699  -26.678  -69.635  -58.588 0.0000000000
2146  -36.539  -83.078  -52.363 0.0000000000
2156  -36.239  -82.789  -53.570 0.0000000000
4493  -34.528  -77.637  -58.623 0.0000000000
3508  -34.866  -79.516  -56.620 0.0000000000
3995  -33.771  -78.059  -58.023 0.0000000000
4491  -32.720  -77.718  -58.468 0.0000000000
108210  -32.745  -78.487  -57.710 0.0000000000
3994  -31.849  -78.747  -58.169 0.0000000000
4003  -31.812  -77.803  -58.809 0.0000000000
123889  -31.366  -77.210  -60.324 0.0000000000
4524  -31.620  -76.855  -62.336 0.0000000000
8453  -32.669  -70.906  -63.330 0.0000000000
7720  -33.371  -72.093  -62.999 0.0000000000
7016  -33.065  -73.264  -62.353 0.0000000000
7013  -32.545  -72.963  -61.587 0.0000000000
7012  -31.991  -73.551  -61.077 0.0000000000
5687  -31.290  -74.764  -60.728 0.0000000000
7005  -31.736  -72.956  -60.547 0.0000000000
7694  -31.356  -72.149  -60.288 0.0000000000
34863  -23.539  -41.015  -46.276 0.0000000000
35787  -18.802  -40.140  -47.966 0.0000000000
23886  -25.938  -53.541  -37.672 0.0000000000
21080  -24.749  -56.929  -41.170 0.0000000000
20084  -21.488  -57.033  -39.302 0.0000000000
20102  -22.198  -57.746  -40.100 0.0000000000
19124  -22.830  -58.284  -40.839 0.0000000000
14524  -14.191  -63.172  -36.351 0.0000000000
15408  -11.764  -61.910  -40.203 0.0000000000
15385  -12.790  -62.245  -39.491 0.0000000000
15409  -12.986  -61.800  -40.352 0.0000000000
16194  -14.344  -61.745  -39.114 0.0000000000
112260  -15.052  -61.306  -38.930 0.0000000000
16195  -15.830  -61.143  -39.909 0.0000000000
16217  -16.384  -60.910  -41.012 0.0000000000
16238  -16.207  -60.899  -42.434 0.0000000000
3836  -10.612  -78.580  -41.778 0.0000000000
4905  -11.304  -76.346  -41.410 0.0000000000
5491  -12.049  -75.852  -41.107 0.0000000000
5512  -10.947  -75.869  -42.337 0.0000000000
5526  -11.182  -74.963  -42.550 0.0000000000
5525  -10.724  -75.161  -43.175 0.0000000000
6147  -10.772  -74.141  -43.360 0.0000000000
5538  -10.472  -74.903  -44.322 0.0000000000
5547  -10.374  -75.344  -45.595 0.0000000000
5552  -10.574  -75.282  -45.947 0.0000000000
3392  -12.299  -79.428  -46.568 0.0000000000
3879  -12.679  -78.644  -46.150 0.0000000000
3393  -13.050  -78.941  -46.848 0.0000000000
4381  -13.655  -77.603  -47.062 0.0000000000
4955  -13.653  -77.043  -47.746 0.0000000000
107368  -13.557  -76.248  -47.814 0.0000000000
4393  -13.588  -77.778  -48.467 0.0000000000
4402  -13.293  -77.709  -49.427 0.0000000000
4406  -12.761  -77.538  -50.213 0.0000000000
999  -11.793  -86.450  -49.727 0.0000000000
1324  -11.779  -85.128  -49.397 0.0000000000
1710  -12.315  -84.738  -50.881 0.0000000000
1354  -10.972  -85.564  -53.861 0.0000000000
1733  -10.478  -84.105  -53.177 0.0000000000
111926  -10.470  -83.280  -53.283 0.0000000000
2135  -10.563  -82.456  -53.233 0.0000000000
2563  -10.611  -81.630  -52.962 0.0000000000
3006  -10.095  -80.821  -53.063 0.0000000000
709  -19.209  -86.318  -44.143 0.0000000000
516  -19.502  -87.245  -44.403 0.0000000000
515  -19.004  -87.233  -43.677 0.0000000000
346  -19.020  -88.376  -43.810 0.0000000000
226  -18.597  -89.457  -43.798 0.0000000000
110733  -17.558  -92.017  -42.760 0.0000000000
18  -19.157  -92.318  -41.694 0.0000000000
56  -19.998  -91.998  -42.081 0.0000000000
57  -21.117  -91.327  -41.755 0.0000000000
126  -22.006  -90.624  -41.934 0.0000000000
110973  -22.328  -91.265  -40.308 0.0000000000
51  -23.198  -90.925  -39.968 0.0000000000
110  -16.962  -90.518  -36.826 0.0000000000
103  -17.270  -91.273  -37.061 0.0000000000
111  -17.622  -90.521  -37.217 0.0000000000
104  -19.261  -90.989  -36.986 0.0000000000
447  -24.245  -87.637  -37.166 0.0000000000
290  -23.441  -88.591  -36.359 0.0000000000
436  -23.975  -88.201  -36.260 0.0000000000
437  -24.585  -88.573  -35.480 0.0000000000
195  -24.407  -89.306  -35.584 0.0000000000
109462  -24.992  -90.299  -36.797 0.0000000000
125457  -25.451  -89.127  -35.316 0.0000000000
196  -26.010  -89.392  -35.944 0.0000000000
292  -27.379  -88.716  -36.076 0.0000000000
128141  -27.892  -88.401  -36.400 0.0000000000
286  -28.363  -88.145  -34.383 0.0000000000
433  -29.093  -87.956  -34.343 0.0000000000
427  -29.675  -87.550  -34.235 0.0000000000
1527  -30.323  -83.865  -36.195 0.0000000000
1175  -31.359  -84.389  -34.874 0.0000000000
1518  -32.193  -83.910  -34.934 0.0000000000
1530  -33.381  -83.773  -35.579 0.0000000000
1582  -36.205  -84.880  -40.307 0.0000000000
1993  -36.092  -83.472  -39.287 0.0000000000
1994  -36.621  -84.006  -39.826 0.0000000000
2418  -35.423  -82.007  -39.980 0.0000000000
2853  -31.595  -80.334  -40.555 0.0000000000
2867  -32.403  -80.025  -41.147 0.0000000000
2879  -32.713  -79.813  -41.867 0.0000000000
2892  -33.827  -80.012  -42.835 0.0000000000
2905  -35.062  -80.095  -43.965 0.0000000000
3359  -34.053  -79.803  -43.747 0.0000000000
24816  -27.657  -52.363  -40.607 0.0000000000
112740  -28.290  -53.013  -40.507 0.0000000000
22993  -30.927  -54.708  -41.144 0.0000000000
22980  -31.146  -53.869  -40.881 0.0000000000
22994  -31.301  -54.301  -41.590 0.0000000000
24872  -21.037  -52.382  -48.101 0.0000000000
24860  -21.238  -52.499  -48.309 0.0000000000
25730  -21.408  -51.407  -48.590 0.0000000000
26556  -20.882  -49.730  -48.444 0.0000000000
26567  -20.959  -50.597  -48.619 0.0000000000
27426  -20.590  -49.993  -49.047 0.0000000000
24036  -19.251  -53.140  -52.471 0.0000000000
25746  -23.777  -51.773  -53.117 0.0000000000
25747  -24.184  -50.938  -52.600 0.0000000000
119034  -23.084  -50.133  -50.869 0.0000000000
110581  -22.279  -47.795  -50.295 0.0000000000
9245  -21.614  -70.471  -67.454 0.0000000000
9239  -20.387  -70.982  -67.323 0.0000000000
8491  -19.577  -70.968  -68.550 0.0000000000
12537  -17.493  -65.104  -67.732 0.0000000000
13986  -19.780  -64.831  -60.526 0.0000000000
13234  -19.147  -65.084  -59.953 0.0000000000
14775  -18.718  -63.568  -60.364 0.0000000000
14774  -17.847  -63.143  -60.227 0.0000000000
115522  -15.517  -62.431  -60.462 0.0000000000
15591  -15.732  -62.329  -61.622 0.0000000000
15602  -14.800  -61.857  -62.797 0.0000000000
17415  -13.710  -60.943  -62.778 0.0000000000
17448  -26.338  -59.665  -63.152 0.0000000000
18359  -26.139  -58.167  -63.495 0.0000000000
19349  -25.951  -56.656  -63.759 0.0000000000
18358  -25.192  -58.039  -63.254 0.0000000000
19347  -23.837  -56.937  -63.516 0.0000000000
19346  -23.028  -57.219  -63.599 0.0000000000
20332  -22.252  -57.438  -63.967 0.0000000000
19341  -22.222  -57.755  -63.161 0.0000000000
108587  -21.756  -58.423  -62.622 0.0000000000
18352  -20.875  -58.531  -62.714 0.0000000000
16434  -20.464  -61.549  -59.513 0.0000000000
16453  -20.404  -61.334  -60.529 0.0000000000
16433  -19.648  -61.370  -59.122 0.0000000000
16451  -19.024  -61.168  -59.936 0.0000000000
17407  -18.207  -60.859  -59.814 0.0000000000
17395  -17.247  -60.604  -59.672 0.0000000000
17381  -17.101  -60.445  -58.597 0.0000000000
18328  -16.326  -59.069  -58.021 0.0000000000
18315  -17.200  -58.977  -57.687 0.0000000000
19314  -17.666  -58.331  -57.477 0.0000000000
117012  -18.105  -57.745  -57.352 0.0000000000
108220  -21.856  -56.912  -56.643 0.0000000000
21241  -20.972  -56.978  -56.754 0.0000000000
22228  -21.153  -55.279  -57.979 0.0000000000
22248  -21.452  -54.468  -59.072 0.0000000000
28290  -26.702  -47.967  -39.304 0.0000000000
108398  -10.224  -69.786  -34.858 0.0000000000
9731  -10.205  -70.272  -36.418 0.0000000000
10594  -10.145  -68.935  -36.704 0.0000000000
123895  -11.129  -68.107  -38.379 0.0000000000
10626  -11.569  -68.419  -39.052 0.0000000000
10638  -13.028  -68.436  -40.181 0.0000000000
10637  -11.938  -68.865  -39.908 0.0000000000
110123  -11.455  -69.295  -40.906 0.0000000000
120252  -12.806  -69.939  -42.257 0.0000000000
9800  -10.343  -69.589  -42.054 0.0000000000
9801  -11.516  -69.788  -42.597 0.0000000000
9014  -12.091  -70.178  -42.993 0.0000000000
9023  -13.113  -70.812  -43.100 0.0000000000
8271  -13.628  -71.624  -43.598 0.0000000000
7538  -13.563  -72.489  -43.929 0.0000000000
1648  -12.824  -84.145  -46.125 0.0000000000
947  -12.633  -85.312  -44.957 0.0000000000
1293  -13.306  -85.047  -46.725 0.0000000000
976  -14.009  -86.239  -46.843 0.0000000000
115927  -14.010  -85.456  -47.471 0.0000000000
122325  -14.623  -86.443  -47.413 0.0000000000
739  -14.777  -87.336  -47.066 0.0000000000
542  -15.342  -87.807  -47.813 0.0000000000
550  -15.584  -87.664  -48.096 0.0000000000
993  -16.415  -87.147  -48.781 0.0000000000
128195  -16.727  -86.800  -49.240 0.0000000000
994  -17.047  -86.710  -49.789 0.0000000000
1337  -17.700  -84.473  -50.623 0.0000000000
1338  -18.587  -84.467  -50.799 0.0000000000
1005  -18.112  -85.779  -50.907 0.0000000000
119022  -21.012  -84.658  -50.796 0.0000000000
1341  -21.558  -85.121  -50.812 0.0000000000
767  -22.342  -86.345  -50.761 0.0000000000
107964  -22.132  -85.798  -50.089 0.0000000000
551  -21.923  -87.345  -48.470 0.0000000000
747  -21.818  -86.336  -48.262 0.0000000000
378  -21.512  -88.317  -48.083 0.0000000000
245  -20.912  -89.117  -46.986 0.0000000000
18282  -15.346  -59.370  -54.882 0.0000000000
19282  -14.705  -58.753  -54.457 0.0000000000
19261  -13.427  -58.133  -54.092 0.0000000000
21211  -14.658  -56.598  -54.206 0.0000000000
21212  -15.443  -56.105  -54.363 0.0000000000
22183  -15.720  -55.273  -54.268 0.0000000000
22184  -16.146  -54.953  -54.649 0.0000000000
111102  -15.342  -53.641  -56.544 0.0000000000
22207  -14.976  -54.788  -57.069 0.0000000000
23184  -15.838  -54.108  -57.534 0.0000000000
23203  -16.201  -54.755  -58.498 0.0000000000
23204  -17.431  -54.736  -58.821 0.0000000000
10059  -24.575  -69.844  -62.251 0.0000000000
10072  -25.709  -70.735  -63.513 0.0000000000
10079  -24.739  -69.469  -63.901 0.0000000000
10935  -24.387  -68.436  -64.276 0.0000000000
11733  -24.628  -67.613  -64.977 0.0000000000
128294  -24.964  -66.628  -62.989 0.0000000000
119045  -24.767  -66.888  -64.363 0.0000000000
12516  -25.212  -66.840  -65.526 0.0000000000
13275  -26.019  -65.493  -65.302 0.0000000000
117485  -39.526  -81.292  -45.403 0.0000000000
2511  -38.821  -81.488  -46.882 0.0000000000
2964  -37.654  -80.615  -48.062 0.0000000000
124328  -37.154  -81.028  -49.870 0.0000000000
2977  -36.836  -79.968  -49.442 0.0000000000
2992  -36.667  -80.320  -50.391 0.0000000000
2993  -37.272  -81.096  -50.805 0.0000000000
3005  -36.659  -80.506  -51.329 0.0000000000
3459  -35.720  -79.486  -53.000 0.0000000000
3965  -34.851  -78.391  -54.565 0.0000000000
30125  -28.968  -46.347  -37.630 0.0000000000
30140  -29.790  -46.984  -37.533 0.0000000000
114438  -31.006  -46.415  -38.286 0.0000000000
30161  -33.281  -46.479  -38.416 0.0000000000
31129  -33.677  -44.579  -40.589 0.0000000000
29276  -33.422  -46.478  -44.400 0.0000000000
29259  -32.929  -47.021  -42.891 0.0000000000
28340  -32.834  -47.796  -43.811 0.0000000000
5069  -25.420  -77.028  -60.932 0.0000000000
115943  -26.716  -76.496  -59.473 0.0000000000
4510  -27.237  -77.474  -61.344 0.0000000000
5064  -27.564  -76.706  -59.387 0.0000000000
5673  -28.566  -75.550  -58.285 0.0000000000
5663  -28.917  -75.072  -57.803 0.0000000000
6972  -29.012  -73.724  -57.597 0.0000000000
2591  -38.716  -81.246  -54.443 0.0000000000
119871  -37.780  -81.359  -54.424 0.0000000000
3053  -38.032  -80.199  -55.562 0.0000000000
3523  -35.946  -79.015  -57.373 0.0000000000
4004  -36.027  -77.546  -58.708 0.0000000000
3997  -36.049  -78.056  -58.446 0.0000000000
3996  -35.056  -78.103  -58.273 0.0000000000
4504  -34.539  -77.181  -59.412 0.0000000000
5075  -34.010  -76.185  -60.809 0.0000000000
5082  -33.712  -75.844  -61.555 0.0000000000
33996  -20.841  -42.235  -47.221 0.0000000000
33995  -19.693  -42.122  -47.654 0.0000000000
126609  -18.736  -41.521  -47.915 0.0000000000
33994  -17.176  -42.237  -47.985 0.0000000000
111665  -17.670  -41.384  -47.970 0.0000000000
34879  -18.149  -40.669  -48.014 0.0000000000
35785  -17.497  -40.612  -48.342 0.0000000000
35820  -17.851  -40.247  -49.151 0.0000000000
21033  -23.996  -56.831  -35.727 0.0000000000
21040  -22.671  -56.587  -36.184 0.0000000000
110874  -20.819  -56.760  -38.446 0.0000000000
20100  -20.240  -56.607  -40.714 0.0000000000
122355  -20.196  -56.798  -42.090 0.0000000000
20139  -20.519  -57.738  -43.482 0.0000000000
19174  -20.224  -57.986  -44.263 0.0000000000
19182  -19.632  -58.572  -45.008 0.0000000000
19152  -19.602  -57.539  -42.790 0.0000000000
19172  -19.224  -58.488  -43.490 0.0000000000
18173  -18.811  -59.460  -45.618 0.0000000000
14540  -10.163  -63.826  -37.399 0.0000000000
14541  -11.353  -63.284  -37.436 0.0000000000
14550  -10.290  -63.352  -38.255 0.0000000000
15373  -10.495  -62.756  -39.095 0.0000000000
15407  -10.380  -61.990  -40.126 0.0000000000
15417  -9.652  -62.181  -40.903 0.0000000000
16212  -10.493  -61.047  -41.058 0.0000000000
16235  -11.046  -59.898  -41.919 0.0000000000
17186  -11.696  -58.872  -42.903 0.0000000000
17187  -13.153  -59.064  -42.962 0.0000000000
2844  -10.354  -80.588  -40.770 0.0000000000
2856  -10.364  -80.706  -41.575 0.0000000000
111613  -10.339  -80.762  -42.960 0.0000000000
112193  -10.572  -79.444  -42.147 0.0000000000
3843  -10.422  -78.667  -42.946 0.0000000000
122664  -10.144  -78.092  -44.121 0.0000000000
107073  -9.983  -77.477  -45.286 0.0000000000
120779  -10.143  -78.548  -45.858 0.0000000000
3375  -10.379  -79.106  -46.141 0.0000000000
2923  -10.440  -80.361  -46.507 0.0000000000
2924  -10.748  -80.247  -46.792 0.0000000000
3391  -10.953  -79.638  -46.597 0.0000000000
120263  -12.411  -80.484  -48.203 0.0000000000
2952  -12.591  -80.730  -48.836 0.0000000000
1009  -12.474  -86.946  -51.563 0.0000000000
1020  -11.676  -87.515  -52.290 0.0000000000
106736  -11.434  -87.446  -53.194 0.0000000000
106184  -11.577  -87.275  -54.114 0.0000000000
106740  -14.289  -86.400  -55.441 0.0000000000
107040  -12.576  -87.860  -54.866 0.0000000000
1037  -11.585  -86.599  -54.717 0.0000000000
111943  -25.026  -89.432  -49.391 0.0000000000
249  -26.837  -89.079  -49.222 0.0000000000
373  -25.691  -88.897  -47.560 0.0000000000
117759  -27.235  -88.981  -46.558 0.0000000000
530  -27.207  -88.440  -45.660 0.0000000000
213  -20.038  -89.043  -39.683 0.0000000000
119488  -20.054  -89.339  -38.472 0.0000000000
214  -20.892  -88.863  -38.932 0.0000000000
116324  -21.730  -88.617  -38.623 0.0000000000
305  -23.264  -87.971  -37.977 0.0000000000
463  -23.704  -87.325  -39.336 0.0000000000
119906  -23.626  -87.585  -38.621 0.0000000000
454  -23.921  -87.608  -37.980 0.0000000000
448  -24.884  -87.221  -37.186 0.0000000000
632  -26.615  -86.635  -35.774 0.0000000000
626  -27.207  -86.878  -34.635 0.0000000000
633  -27.285  -86.265  -35.849 0.0000000000
880  -28.454  -85.489  -35.747 0.0000000000
1187  -28.930  -84.752  -36.303 0.0000000000
1199  -27.847  -84.835  -37.955 0.0000000000
1201  -29.425  -84.153  -36.834 0.0000000000
1540  -30.486  -83.229  -36.841 0.0000000000
125761  -30.682  -82.687  -37.370 0.0000000000
1964  -32.295  -81.729  -37.439 0.0000000000
2394  -32.697  -81.319  -38.039 0.0000000000
109205  -31.355  -81.725  -38.019 0.0000000000
2403  -31.034  -81.150  -39.390 0.0000000000
1578  -29.212  -82.862  -39.934 0.0000000000
1990  -30.367  -81.318  -40.150 0.0000000000
2416  -31.157  -80.700  -40.163 0.0000000000
2427  -30.505  -80.896  -40.721 0.0000000000
2864  -30.253  -80.692  -41.457 0.0000000000
2876  -29.738  -80.693  -42.260 0.0000000000
116606  -27.349  -54.866  -41.300 0.0000000000
22991  -27.739  -54.293  -40.984 0.0000000000
24887  -21.515  -52.460  -49.215 0.0000000000
24071  -20.649  -53.892  -54.342 0.0000000000
125152  -22.461  -53.248  -54.310 0.0000000000
127816  -22.705  -52.202  -55.435 0.0000000000
24949  -23.050  -51.691  -54.966 0.0000000000
11754  -21.383  -68.299  -70.073 0.0000000000
10946  -20.755  -68.550  -70.046 0.0000000000
11749  -20.657  -67.877  -69.408 0.0000000000
12539  -19.869  -67.065  -68.824 0.0000000000
12538  -19.344  -66.292  -68.138 0.0000000000
12529  -20.361  -66.689  -66.876 0.0000000000
107132  -19.385  -65.949  -67.168 0.0000000000
12528  -18.551  -65.539  -67.740 0.0000000000
12527  -17.836  -65.001  -67.339 0.0000000000
12519  -18.036  -65.473  -66.288 0.0000000000
12512  -17.330  -65.995  -65.092 0.0000000000
12502  -17.617  -66.318  -63.982 0.0000000000
12503  -18.589  -66.409  -63.793 0.0000000000
12483  -19.645  -66.097  -61.488 0.0000000000
12495  -20.716  -66.055  -62.481 0.0000000000
13255  -20.633  -65.249  -61.399 0.0000000000
13246  -20.185  -65.173  -60.892 0.0000000000
14788  -19.690  -63.435  -61.404 0.0000000000
15606  -19.094  -62.584  -62.121 0.0000000000
15615  -18.439  -61.794  -62.840 0.0000000000
16459  -26.304  -61.676  -60.698 0.0000000000
108655  -25.877  -61.508  -61.264 0.0000000000
112414  -24.977  -61.390  -60.931 0.0000000000
16473  -24.216  -61.096  -61.019 0.0000000000
113564  -23.128  -60.580  -61.450 0.0000000000
16472  -23.512  -61.170  -60.827 0.0000000000
16456  -22.992  -61.474  -60.220 0.0000000000
108257  -21.927  -61.651  -59.478 0.0000000000
122541  -23.681  -61.567  -58.209 0.0000000000
16415  -22.190  -61.610  -58.671 0.0000000000
16435  -21.278  -61.644  -59.017 0.0000000000
16414  -21.383  -61.477  -58.085 0.0000000000
120295  -20.783  -61.209  -57.708 0.0000000000
17366  -19.829  -60.375  -57.518 0.0000000000
18318  -19.555  -59.514  -57.354 0.0000000000
118159  -20.372  -59.716  -57.186 0.0000000000
18304  -20.941  -59.010  -56.834 0.0000000000
19305  -21.532  -58.368  -56.577 0.0000000000
117268  -22.504  -59.125  -56.304 0.0000000000
126396  -29.037  -47.063  -37.679 0.0000000000
28294  -31.700  -49.250  -36.517 0.0000000000
27340  -32.214  -49.456  -36.632 0.0000000000
28310  -32.610  -48.842  -37.554 0.0000000000
26524  -32.386  -50.486  -42.019 0.0000000000
34836  -29.395  -41.244  -41.395 0.0000000000
36650  -28.502  -39.880  -41.068 0.0000000000
33965  -28.684  -42.347  -44.735 0.0000000000
34847  -29.122  -41.620  -43.831 0.0000000000
126130  -29.087  -40.793  -43.375 0.0000000000
36667  -28.955  -39.891  -42.985 0.0000000000
115406  -24.389  -40.924  -46.016 0.0000000000
33978  -22.304  -42.298  -46.580 0.0000000000
33017  -21.341  -42.993  -47.196 0.0000000000
116698  -18.083  -45.170  -48.186 0.0000000000
31168  -17.021  -46.228  -47.962 0.0000000000
29299  -16.963  -47.100  -48.054 0.0000000000
126850  -17.614  -47.120  -48.968 0.0000000000
19088  -21.451  -57.486  -36.213 0.0000000000
19099  -20.261  -57.952  -36.703 0.0000000000
19097  -18.523  -58.191  -37.760 0.0000000000
111969  -12.343  -64.459  -35.635 0.0000000000
13758  -11.805  -64.152  -35.571 0.0000000000
112037  -12.283  -67.741  -35.095 0.0000000000
11398  -11.584  -67.238  -34.398 0.0000000000
12170  -10.977  -66.902  -34.038 0.0000000000
11397  -10.014  -67.252  -34.472 0.0000000000
12189  -10.608  -66.323  -34.341 0.0000000000
12975  -11.181  -65.351  -34.759 0.0000000000
13735  -10.881  -64.747  -35.176 0.0000000000
13757  -10.363  -64.321  -36.122 0.0000000000
112685  -9.799  -63.841  -38.657 0.0000000000
111792  -11.100  -65.182  -38.973 0.0000000000
13802  -10.279  -64.308  -39.242 0.0000000000
119452  -10.629  -64.206  -40.021 0.0000000000
13063  -10.951  -65.101  -43.043 0.0000000000
13064  -11.451  -65.465  -43.385 0.0000000000
12286  -11.908  -65.819  -43.681 0.0000000000
11502  -13.388  -67.028  -43.335 0.0000000000
11506  -13.294  -67.262  -44.724 0.0000000000
11529  -12.593  -67.379  -46.179 0.0000000000
10696  -12.243  -67.634  -47.001 0.0000000000
10718  -11.544  -67.990  -47.715 0.0000000000
10646  -13.660  -68.411  -40.802 0.0000000000
10651  -14.385  -68.476  -42.388 0.0000000000
114777  -14.654  -68.984  -43.871 0.0000000000
9809  -14.627  -69.941  -43.768 0.0000000000
10658  -14.502  -68.761  -44.797 0.0000000000
10697  -13.571  -68.742  -46.064 0.0000000000
10719  -12.608  -68.615  -47.187 0.0000000000
9879  -11.978  -68.903  -47.984 0.0000000000
9893  -10.927  -69.140  -48.752 0.0000000000
9108  -11.262  -70.184  -48.644 0.0000000000
8343  -12.517  -71.692  -48.280 0.0000000000
6892  -10.567  -73.059  -49.884 0.0000000000
113770  -10.500  -73.960  -50.626 0.0000000000
123598  -12.866  -86.812  -43.617 0.0000000000
514  -14.657  -89.863  -44.505 0.0000000000
110394  -13.161  -89.548  -43.069 0.0000000000
964  -9.668  -85.489  -46.419 0.0000000000
1290  -9.593  -84.842  -46.510 0.0000000000
1291  -9.943  -85.040  -47.005 0.0000000000
110908  -10.650  -85.075  -47.559 0.0000000000
985  -11.633  -86.333  -48.945 0.0000000000
744  -11.781  -87.393  -49.023 0.0000000000
762  -11.883  -87.483  -50.231 0.0000000000
755  -15.141  -87.229  -49.136 0.0000000000
765  -16.653  -87.210  -49.783 0.0000000000
1002  -13.660  -86.332  -50.738 0.0000000000
1010  -13.993  -85.649  -51.826 0.0000000000
1023  -15.838  -85.357  -53.051 0.0000000000
776  -17.765  -86.527  -52.987 0.0000000000
1025  -17.401  -85.926  -53.631 0.0000000000
785  -18.408  -86.865  -54.166 0.0000000000
791  -19.468  -87.018  -54.908 0.0000000000
796  -20.849  -86.959  -55.135 0.0000000000
581  -21.618  -87.234  -54.856 0.0000000000
401  -23.115  -88.233  -54.302 0.0000000000
109740  -22.857  -89.152  -52.969 0.0000000000
263  -23.179  -89.417  -53.143 0.0000000000
171  -24.218  -90.508  -51.299 0.0000000000
168  -24.126  -90.486  -50.372 0.0000000000
563  -22.522  -87.278  -50.687 0.0000000000
116662  -22.304  -89.107  -50.534 0.0000000000
254  -21.810  -90.533  -51.240 0.0000000000
250  -21.517  -90.957  -49.388 0.0000000000
166  -21.691  -91.489  -49.995 0.0000000000
169  -21.710  -91.294  -50.815 0.0000000000
83  -22.358  -91.637  -50.127 0.0000000000
110477  -23.938  -90.526  -49.562 0.0000000000
110218  -24.360  -89.691  -48.399 0.0000000000
364  -24.517  -88.946  -46.793 0.0000000000
115765  -24.654  -88.566  -46.156 0.0000000000
123826  -24.190  -90.871  -45.805 0.0000000000
110862  -24.363  -90.191  -45.025 0.0000000000
347  -24.653  -88.439  -44.380 0.0000000000
342  -24.902  -88.385  -43.466 0.0000000000
335  -25.545  -89.000  -42.111 0.0000000000
329  -26.148  -89.360  -41.324 0.0000000000
91  -15.017  -90.256  -35.382 0.0000000000
93  -15.999  -90.710  -34.882 0.0000000000
185  -16.078  -90.673  -35.010 0.0000000000
274  -17.031  -90.217  -33.547 0.0000000000
191  -16.686  -90.172  -35.370 0.0000000000
211  -18.069  -89.111  -38.800 0.0000000000
120905  -18.380  -87.639  -35.386 0.0000000000
622  -18.318  -87.134  -36.381 0.0000000000
445  -18.064  -87.307  -37.262 0.0000000000
444  -17.655  -88.064  -37.688 0.0000000000
303  -18.137  -88.381  -39.187 0.0000000000
309  -18.604  -88.732  -39.570 0.0000000000
126779  -19.800  -88.821  -40.232 0.0000000000
320  -20.335  -88.566  -40.567 0.0000000000
328  -21.675  -87.966  -41.220 0.0000000000
484  -21.183  -87.483  -41.820 0.0000000000
486  -22.549  -87.584  -41.208 0.0000000000
934  -24.946  -85.247  -41.938 0.0000000000
23998  -16.884  -52.880  -50.260 0.0000000000
23997  -15.885  -52.359  -50.444 0.0000000000
110227  -17.053  -52.368  -51.210 0.0000000000
24034  -17.421  -52.134  -52.468 0.0000000000
24912  -16.179  -51.678  -52.829 0.0000000000
24913  -16.729  -51.706  -53.062 0.0000000000
24056  -18.505  -52.761  -53.688 0.0000000000
107396  -19.278  -53.417  -54.147 0.0000000000
23135  -15.766  -53.319  -54.777 0.0000000000
24068  -16.059  -51.740  -55.172 0.0000000000
111224  -16.391  -51.895  -56.615 0.0000000000
24069  -16.765  -51.309  -55.774 0.0000000000
23137  -20.686  -54.131  -55.265 0.0000000000
23148  -21.104  -54.100  -55.977 0.0000000000
118694  -22.117  -52.084  -57.847 0.0000000000
8468  -21.546  -71.529  -65.002 0.0000000000
9235  -21.601  -71.167  -65.709 0.0000000000
9237  -23.661  -71.365  -65.308 0.0000000000
9236  -22.528  -70.999  -65.977 0.0000000000
125442  -21.784  -70.296  -68.305 0.0000000000
9254  -22.516  -70.296  -69.022 0.0000000000
10095  -21.926  -69.633  -69.527 0.0000000000
10081  -26.267  -71.300  -65.068 0.0000000000
9243  -26.322  -71.305  -66.160 0.0000000000
120687  -26.130  -71.313  -67.421 0.0000000000
10087  -27.144  -69.688  -68.350 0.0000000000
10090  -26.721  -70.163  -68.520 0.0000000000
9256  -25.778  -70.879  -68.825 0.0000000000
9255  -24.275  -70.956  -69.155 0.0000000000
117895  -23.241  -69.869  -69.210 0.0000000000
10952  -21.558  -68.540  -70.141 0.0000000000
11755  -21.973  -68.000  -69.955 0.0000000000
11745  -22.620  -67.261  -68.937 0.0000000000
12541  -22.705  -66.857  -67.897 0.0000000000
12545  -23.749  -66.036  -68.645 0.0000000000
12542  -23.616  -65.828  -68.532 0.0000000000
12532  -23.057  -66.258  -67.078 0.0000000000
12524  -23.263  -65.708  -66.304 0.0000000000
14015  -23.850  -64.529  -65.530 0.0000000000
14820  -24.134  -63.380  -64.830 0.0000000000
2097  -36.962  -83.417  -48.340 0.0000000000
1675  -38.754  -83.898  -47.617 0.0000000000
1674  -37.934  -83.889  -48.119 0.0000000000
1706  -37.354  -83.561  -49.563 0.0000000000
1723  -38.007  -83.579  -50.561 0.0000000000
1743  -38.366  -83.290  -51.993 0.0000000000
2148  -39.061  -82.794  -52.767 0.0000000000
110870  -39.556  -82.436  -47.509 0.0000000000
2521  -39.404  -82.344  -48.387 0.0000000000
2536  -39.883  -81.916  -50.228 0.0000000000
2560  -39.809  -81.288  -51.408 0.0000000000
120337  -39.945  -81.638  -50.923 0.0000000000
2122  -40.021  -82.020  -50.351 0.0000000000
2133  -40.183  -81.855  -51.353 0.0000000000
2159  -39.787  -82.150  -53.658 0.0000000000
2169  -39.469  -81.762  -54.142 0.0000000000
2603  -38.807  -80.289  -54.264 0.0000000000
3511  -38.626  -79.239  -56.049 0.0000000000
3976  -37.793  -78.858  -55.984 0.0000000000
3975  -37.507  -78.723  -55.905 0.0000000000
5050  -36.024  -76.868  -58.542 0.0000000000
5059  -35.745  -76.194  -58.958 0.0000000000
125924  -37.914  -73.553  -59.975 0.0000000000
3944  -34.573  -78.388  -52.063 0.0000000000
127687  -34.599  -78.617  -52.862 0.0000000000
3956  -34.481  -78.464  -53.671 0.0000000000
3955  -34.107  -77.971  -54.380 0.0000000000
4468  -34.562  -77.829  -55.255 0.0000000000
119938  -28.075  -44.993  -37.587 0.0000000000
106793  -31.239  -44.249  -43.684 0.0000000000
32012  -32.414  -45.118  -43.434 0.0000000000
125962  -33.411  -44.584  -44.528 0.0000000000
32016  -32.885  -44.998  -44.074 0.0000000000
111980  -13.244  -82.911  -46.590 0.0000000000
2074  -13.605  -82.440  -47.058 0.0000000000
115692  -14.455  -82.131  -48.507 0.0000000000
2514  -15.663  -81.132  -49.018 0.0000000000
2523  -15.106  -81.915  -49.184 0.0000000000
2525  -16.329  -81.537  -49.345 0.0000000000
1652  -19.064  -83.751  -47.038 0.0000000000
1306  -19.925  -83.990  -46.842 0.0000000000
1294  -19.151  -84.116  -46.302 0.0000000000
1271  -18.818  -84.716  -44.831 0.0000000000
1281  -17.564  -84.088  -45.115 0.0000000000
948  -18.741  -85.416  -44.091 0.0000000000
113052  -17.556  -87.144  -42.381 0.0000000000
124642  -17.125  -85.185  -42.409 0.0000000000
493  -16.914  -87.312  -41.748 0.0000000000
118923  -12.741  -59.799  -58.515 0.0000000000
18313  -12.178  -58.970  -59.196 0.0000000000
8443  -24.834  -72.277  -62.056 0.0000000000
8452  -25.899  -72.194  -62.698 0.0000000000
9216  -25.955  -72.109  -62.444 0.0000000000
9210  -25.549  -71.598  -61.782 0.0000000000
5681  -25.349  -76.005  -59.644 0.0000000000
5670  -25.475  -75.349  -59.253 0.0000000000
6995  -25.620  -73.494  -58.985 0.0000000000
6981  -26.336  -73.710  -58.474 0.0000000000
125504  -25.594  -72.776  -59.459 0.0000000000
8438  -25.537  -71.920  -60.849 0.0000000000
10049  -24.758  -70.411  -61.878 0.0000000000
120821  -24.611  -70.317  -61.301 0.0000000000
10038  -24.248  -69.272  -61.550 0.0000000000
10901  -24.381  -68.551  -60.668 0.0000000000
10029  -25.390  -69.428  -59.043 0.0000000000
12463  -25.450  -66.696  -60.081 0.0000000000
127982  -26.078  -66.298  -59.610 0.0000000000
2590  -36.984  -81.961  -54.514 0.0000000000
2589  -35.874  -82.264  -54.286 0.0000000000
2165  -35.242  -82.015  -54.017 0.0000000000
2598  -34.454  -81.534  -54.651 0.0000000000
2588  -34.840  -81.681  -54.347 0.0000000000
2587  -34.451  -81.540  -54.424 0.0000000000
2586  -34.072  -81.574  -54.670 0.0000000000
112012  -33.573  -81.329  -55.134 0.0000000000
3090  -32.355  -81.446  -58.106 0.0000000000
3535  -31.341  -80.637  -59.184 0.0000000000
3530  -31.028  -79.063  -58.721 0.0000000000
3534  -30.480  -79.464  -59.326 0.0000000000
3540  -29.888  -79.909  -59.943 0.0000000000
3543  -29.144  -79.106  -62.188 0.0000000000
4013  -29.490  -78.416  -62.968 0.0000000000
7014  -37.267  -73.143  -61.806 0.0000000000
6338  -37.021  -73.630  -62.056 0.0000000000
6346  -36.015  -73.516  -62.715 0.0000000000
5705  -35.160  -73.591  -62.178 0.0000000000
5704  -34.233  -73.867  -62.857 0.0000000000
5703  -33.848  -74.537  -63.224 0.0000000000
5096  -33.729  -75.011  -62.722 0.0000000000
8472  -34.937  -70.809  -66.810 0.0000000000
8463  -34.633  -70.324  -66.049 0.0000000000
7732  -34.837  -71.877  -66.063 0.0000000000
7022  -34.596  -73.049  -64.170 0.0000000000
117554  -33.551  -74.648  -62.987 0.0000000000
5089  -33.439  -75.427  -62.323 0.0000000000
5088  -32.772  -75.482  -62.596 0.0000000000
5087  -32.077  -76.251  -62.878 0.0000000000
6335  -32.616  -74.582  -62.396 0.0000000000
5093  -31.237  -76.437  -63.375 0.0000000000
4530  -31.271  -76.818  -63.272 0.0000000000
4529  -30.722  -77.308  -63.210 0.0000000000
4018  -30.138  -77.573  -63.102 0.0000000000
4017  -29.075  -78.183  -63.236 0.0000000000
126522  -29.679  -76.780  -62.939 0.0000000000
4522  -29.251  -76.933  -62.034 0.0000000000
5071  -29.572  -76.376  -60.302 0.0000000000
6322  -30.872  -74.682  -59.983 0.0000000000
5683  -30.332  -75.392  -59.837 0.0000000000
5682  -29.862  -75.742  -59.302 0.0000000000
6309  -29.858  -74.428  -58.389 0.0000000000
119942  -29.566  -73.836  -57.953 0.0000000000
6983  -29.441  -72.922  -57.973 0.0000000000
8439  -30.657  -70.359  -60.941 0.0000000000
8432  -30.049  -70.537  -60.199 0.0000000000
8431  -29.679  -70.992  -59.338 0.0000000000
9189  -29.089  -70.813  -58.918 0.0000000000
8425  -28.643  -71.361  -58.150 0.0000000000
10022  -28.126  -69.824  -58.998 0.0000000000
10021  -27.629  -69.217  -59.030 0.0000000000
34882  -21.230  -41.510  -46.906 0.0000000000
36729  -20.741  -39.871  -47.307 0.0000000000
25641  -26.092  -51.252  -38.535 0.0000000000
108900  -26.479  -51.641  -39.271 0.0000000000
24801  -26.444  -52.292  -39.696 0.0000000000
23919  -26.700  -53.596  -40.805 0.0000000000
24787  -25.701  -52.826  -38.332 0.0000000000
109816  -26.685  -54.906  -41.309 0.0000000000
21082  -26.351  -56.340  -41.682 0.0000000000
121948  -25.972  -55.889  -41.453 0.0000000000
120495  -25.089  -55.764  -38.662 0.0000000000
21042  -24.828  -56.544  -36.893 0.0000000000
112290  -24.323  -56.608  -37.739 0.0000000000
20075  -23.072  -57.051  -38.457 0.0000000000
122760  -24.812  -56.211  -37.998 0.0000000000
20119  -24.525  -57.583  -41.538 0.0000000000
20118  -23.705  -57.957  -41.133 0.0000000000
20140  -24.976  -57.998  -42.203 0.0000000000
18089  -20.223  -58.563  -36.981 0.0000000000
19096  -17.834  -58.663  -38.050 0.0000000000
14522  -12.440  -63.209  -36.666 0.0000000000
15339  -13.209  -62.783  -36.726 0.0000000000
15361  -14.433  -62.322  -36.747 0.0000000000
15375  -13.114  -62.358  -38.382 0.0000000000
16163  -14.451  -61.781  -37.256 0.0000000000
17122  -17.375  -60.101  -37.451 0.0000000000
124836  -15.693  -60.293  -37.990 0.0000000000
18086  -16.780  -59.618  -37.869 0.0000000000
18101  -17.216  -59.152  -38.200 0.0000000000
19109  -17.670  -58.639  -38.788 0.0000000000
18118  -17.685  -59.049  -39.615 0.0000000000
18125  -17.786  -59.861  -40.385 0.0000000000
18139  -18.190  -59.963  -41.169 0.0000000000
17191  -17.614  -60.498  -41.799 0.0000000000
4336  -10.865  -77.809  -40.323 0.0000000000
7527  -10.636  -71.923  -43.345 0.0000000000
121719  -10.712  -73.371  -43.814 0.0000000000
112224  -10.750  -72.731  -43.594 0.0000000000
7536  -11.033  -71.839  -43.668 0.0000000000
7553  -11.711  -72.787  -44.015 0.0000000000
6826  -12.925  -73.092  -43.974 0.0000000000
6841  -13.839  -73.412  -44.635 0.0000000000
4364  -10.129  -76.699  -46.086 0.0000000000
4937  -10.275  -75.986  -46.302 0.0000000000
4939  -12.353  -76.052  -45.390 0.0000000000
122501  -12.663  -77.525  -45.589 0.0000000000
115450  -12.625  -76.879  -45.455 0.0000000000
4931  -13.005  -75.526  -44.824 0.0000000000
6176  -13.382  -74.789  -44.802 0.0000000000
6183  -13.858  -74.476  -45.152 0.0000000000
6846  -14.051  -73.733  -45.113 0.0000000000
6188  -13.870  -74.308  -46.632 0.0000000000
115332  -13.249  -74.009  -48.168 0.0000000000
5572  -13.135  -75.699  -48.604 0.0000000000
6205  -13.066  -74.752  -48.434 0.0000000000
123097  -12.370  -74.424  -49.248 0.0000000000
6230  -11.576  -74.775  -49.838 0.0000000000
1660  -10.422  -83.683  -47.283 0.0000000000
1677  -10.863  -83.388  -47.684 0.0000000000
2084  -11.096  -82.798  -48.006 0.0000000000
1693  -11.804  -83.919  -49.178 0.0000000000
2098  -11.609  -82.932  -48.756 0.0000000000
2085  -11.426  -82.151  -48.388 0.0000000000
2512  -12.030  -81.501  -48.642 0.0000000000
2522  -12.644  -81.377  -49.623 0.0000000000
2965  -12.900  -80.467  -49.748 0.0000000000
1726  -12.461  -84.256  -51.860 0.0000000000
1734  -10.703  -84.037  -52.917 0.0000000000
1735  -12.168  -83.508  -52.389 0.0000000000
2123  -12.664  -83.012  -51.924 0.0000000000
107978  -12.829  -80.847  -50.403 0.0000000000
2966  -13.046  -79.808  -49.881 0.0000000000
3424  -12.893  -79.256  -50.364 0.0000000000
3911  -12.329  -78.642  -50.900 0.0000000000
112766  -12.241  -77.783  -50.830 0.0000000000
2994  -10.381  -79.320  -52.115 0.0000000000
3922  -11.328  -78.072  -51.358 0.0000000000
4991  -11.111  -76.512  -51.445 0.0000000000
1284  -20.180  -85.001  -45.955 0.0000000000
957  -20.395  -85.697  -45.835 0.0000000000
117118  -20.561  -87.123  -45.843 0.0000000000
526  -20.049  -87.429  -45.178 0.0000000000
527  -20.340  -87.930  -45.810 0.0000000000
362  -20.381  -88.766  -46.284 0.0000000000
239  -20.099  -89.945  -45.834 0.0000000000
151  -20.528  -90.119  -45.663 0.0000000000
138  -18.528  -90.937  -44.095 0.0000000000
144  -19.036  -90.654  -44.485 0.0000000000
145  -19.327  -90.650  -44.649 0.0000000000
121425  -19.965  -90.480  -45.076 0.0000000000
116805  -21.107  -90.231  -45.011 0.0000000000
147  -22.143  -90.223  -44.316 0.0000000000
118566  -23.913  -90.061  -43.092 0.0000000000
134  -23.700  -90.059  -42.286 0.0000000000
135  -24.398  -89.881  -42.433 0.0000000000
137  -25.031  -89.609  -41.637 0.0000000000
130  -25.338  -89.569  -40.973 0.0000000000
218  -25.962  -89.409  -40.205 0.0000000000
94  -15.414  -90.703  -36.130 0.0000000000
24  -15.735  -91.700  -37.283 0.0000000000
112814  -16.462  -92.177  -37.640 0.0000000000
26  -16.831  -91.774  -37.180 0.0000000000
35  -17.336  -92.232  -37.767 0.0000000000
3  -18.494  -92.424  -38.713 0.0000000000
207  -20.786  -89.407  -37.610 0.0000000000
105  -20.752  -90.440  -36.712 0.0000000000
193  -22.360  -89.781  -36.355 0.0000000000
192  -21.647  -90.290  -36.522 0.0000000000
46  -23.281  -91.210  -38.954 0.0000000000
128438  -24.401  -90.557  -39.170 0.0000000000
113  -24.806  -90.570  -37.693 0.0000000000
116066  -25.289  -90.241  -38.447 0.0000000000
118  -25.343  -89.952  -39.269 0.0000000000
215  -25.863  -89.584  -39.683 0.0000000000
111920  -26.246  -89.410  -39.597 0.0000000000
127914  -26.210  -89.340  -40.000 0.0000000000
315  -27.205  -88.583  -38.937 0.0000000000
465  -27.908  -87.620  -38.994 0.0000000000
300  -28.557  -88.124  -36.476 0.0000000000
450  -29.217  -87.760  -37.243 0.0000000000
109133  -28.068  -86.804  -34.156 0.0000000000
856  -29.515  -86.751  -33.909 0.0000000000
116298  -30.756  -86.675  -34.256 0.0000000000
110732  -31.998  -85.483  -34.303 0.0000000000
628  -31.605  -86.395  -34.470 0.0000000000
1633  -39.700  -83.224  -43.860 0.0000000000
2035  -39.727  -82.938  -43.188 0.0000000000
2470  -40.017  -82.282  -43.807 0.0000000000
2406  -33.861  -81.389  -39.025 0.0000000000
2417  -34.055  -81.211  -39.823 0.0000000000
2429  -34.974  -81.295  -40.935 0.0000000000
2869  -34.230  -80.639  -41.514 0.0000000000
2438  -35.202  -81.067  -41.636 0.0000000000
120280  -36.186  -81.553  -41.718 0.0000000000
2469  -39.229  -81.612  -43.566 0.0000000000
2908  -39.581  -81.394  -44.329 0.0000000000
2921  -38.198  -80.253  -45.285 0.0000000000
2936  -37.887  -79.642  -46.103 0.0000000000
3373  -35.336  -79.902  -44.774 0.0000000000
3388  -35.882  -79.657  -45.665 0.0000000000
126144  -28.839  -81.230  -42.995 0.0000000000
26498  -27.542  -49.983  -39.878 0.0000000000
26499  -28.169  -49.916  -40.179 0.0000000000
25642  -29.149  -51.118  -39.127 0.0000000000
118258  -29.088  -53.586  -40.268 0.0000000000
22978  -29.976  -54.417  -40.500 0.0000000000
118494  -29.702  -53.903  -40.296 0.0000000000
24818  -29.096  -52.884  -40.019 0.0000000000
125675  -29.980  -52.670  -39.530 0.0000000000
25643  -30.655  -51.212  -38.273 0.0000000000
25644  -31.432  -51.288  -38.363 0.0000000000
25688  -31.817  -51.428  -40.092 0.0000000000
24829  -31.458  -53.175  -41.084 0.0000000000
24820  -31.731  -52.122  -40.616 0.0000000000
25689  -32.118  -51.491  -41.418 0.0000000000
29302  -20.107  -48.240  -48.353 0.0000000000
29301  -19.286  -48.088  -48.523 0.0000000000
28371  -19.307  -48.122  -48.510 0.0000000000
28370  -18.876  -47.923  -48.648 0.0000000000
29309  -18.549  -47.661  -49.051 0.0000000000
30258  -18.612  -47.264  -49.644 0.0000000000
24015  -19.924  -53.543  -51.317 0.0000000000
24888  -22.634  -52.221  -50.405 0.0000000000
24058  -21.416  -53.675  -53.664 0.0000000000
112392  -21.887  -53.443  -52.818 0.0000000000
24914  -23.435  -52.391  -52.319 0.0000000000
128700  -23.016  -52.562  -50.959 0.0000000000
25734  -22.293  -51.613  -50.057 0.0000000000
27430  -21.261  -49.567  -50.067 0.0000000000
110136  -19.048  -46.758  -49.992 0.0000000000
10945  -20.168  -68.945  -69.729 0.0000000000
13244  -18.934  -65.471  -60.198 0.0000000000
14749  -15.583  -63.642  -58.046 0.0000000000
15564  -13.952  -62.209  -58.906 0.0000000000
15578  -14.496  -62.259  -60.087 0.0000000000
15577  -13.269  -61.753  -60.305 0.0000000000
15576  -13.093  -61.698  -59.521 0.0000000000
108234  -12.219  -60.468  -60.089 0.0000000000
17379  -11.955  -59.616  -59.739 0.0000000000
18325  -11.625  -58.711  -60.020 0.0000000000
14013  -27.518  -64.362  -64.918 0.0000000000
126965  -27.375  -64.440  -66.193 0.0000000000
14018  -27.412  -64.512  -67.357 0.0000000000
14022  -27.236  -64.487  -67.366 0.0000000000
14840  -26.451  -64.091  -67.484 0.0000000000
15637  -25.981  -63.126  -66.878 0.0000000000
15636  -24.992  -62.978  -66.833 0.0000000000
15633  -24.802  -62.080  -66.192 0.0000000000
126927  -24.690  -61.506  -65.741 0.0000000000
116355  -23.949  -61.719  -64.565 0.0000000000
19362  -27.141  -57.526  -65.271 0.0000000000
20331  -26.163  -56.315  -64.041 0.0000000000
120750  -26.409  -56.734  -64.950 0.0000000000
18371  -25.453  -58.643  -65.434 0.0000000000
18370  -24.496  -59.052  -65.429 0.0000000000
17459  -23.855  -60.238  -64.695 0.0000000000
16512  -23.596  -61.099  -64.301 0.0000000000
16504  -22.649  -61.222  -63.768 0.0000000000
114359  -21.940  -61.872  -63.523 0.0000000000
16503  -21.324  -60.725  -63.722 0.0000000000
18364  -20.960  -58.409  -63.896 0.0000000000
17444  -20.092  -59.740  -63.966 0.0000000000
16502  -20.160  -60.790  -63.685 0.0000000000
15622  -19.429  -60.963  -63.578 0.0000000000
16501  -18.629  -60.433  -63.636 0.0000000000
16486  -17.858  -61.016  -63.405 0.0000000000
17423  -22.435  -60.166  -61.810 0.0000000000
17433  -19.847  -59.552  -62.472 0.0000000000
17420  -19.696  -60.966  -61.032 0.0000000000
111087  -19.656  -60.307  -61.753 0.0000000000
17432  -18.952  -59.665  -62.651 0.0000000000
17431  -18.122  -59.971  -62.939 0.0000000000
110016  -17.617  -60.489  -63.194 0.0000000000
16485  -16.745  -61.297  -63.239 0.0000000000
121340  -15.527  -60.968  -63.279 0.0000000000
17416  -14.334  -60.898  -63.074 0.0000000000
17404  -13.695  -60.737  -62.540 0.0000000000
111088  -14.753  -60.395  -60.903 0.0000000000
118434  -13.119  -60.548  -61.773 0.0000000000
17392  -12.653  -60.066  -60.910 0.0000000000
18335  -12.238  -58.874  -60.351 0.0000000000
19329  -12.140  -57.954  -60.008 0.0000000000
20312  -13.150  -57.182  -59.793 0.0000000000
21271  -14.284  -56.303  -59.420 0.0000000000
21272  -14.905  -55.909  -59.263 0.0000000000
19324  -15.613  -57.889  -58.262 0.0000000000
20306  -15.617  -56.497  -58.748 0.0000000000
21273  -15.745  -55.666  -58.815 0.0000000000
21274  -16.574  -55.510  -58.653 0.0000000000
22224  -17.569  -54.975  -58.887 0.0000000000
19316  -19.230  -58.642  -57.234 0.0000000000
108193  -18.814  -57.745  -57.163 0.0000000000
20282  -20.119  -56.927  -56.958 0.0000000000
20296  -19.216  -56.792  -57.182 0.0000000000
22225  -18.596  -54.562  -59.259 0.0000000000
124309  -19.118  -54.091  -59.901 0.0000000000
22245  -19.534  -53.921  -60.103 0.0000000000
23205  -20.004  -53.870  -60.214 0.0000000000
23206  -20.694  -53.415  -60.027 0.0000000000
24122  -21.269  -52.882  -59.958 0.0000000000
24987  -22.338  -51.451  -58.721 0.0000000000
25810  -22.144  -50.374  -57.965 0.0000000000
15  -20.372  -92.282  -40.317 0.0000000000
42  -15.793  -91.951  -39.278 0.0000000000
48  -16.799  -92.351  -40.733 0.0000000000
54  -18.290  -92.247  -42.278 0.0000000000
70  -18.824  -91.029  -44.243 0.0000000000
74  -22.030  -91.581  -48.887 0.0000000000
78  -22.175  -91.691  -49.276 0.0000000000
81  -22.301  -91.715  -49.452 0.0000000000
82  -21.865  -91.588  -50.066 0.0000000000
84  -23.041  -91.364  -51.261 0.0000000000
86  -22.944  -91.284  -51.914 0.0000000000
89  -23.265  -90.959  -52.587 0.0000000000
99  -24.326  -90.018  -36.151 0.0000000000
100  -25.151  -89.684  -35.875 0.0000000000
117  -24.699  -90.526  -38.690 0.0000000000
124  -25.318  -89.689  -40.281 0.0000000000
142  -24.077  -90.269  -44.028 0.0000000000
143  -24.330  -90.111  -43.989 0.0000000000
150  -19.400  -90.394  -44.828 0.0000000000
163  -23.244  -91.509  -48.624 0.0000000000
165  -21.803  -91.657  -49.682 0.0000000000
174  -22.738  -90.645  -52.823 0.0000000000
176  -23.217  -90.057  -53.049 0.0000000000
180  -16.652  -89.913  -32.739 0.0000000000
186  -16.532  -90.359  -34.318 0.0000000000
189  -14.742  -89.906  -36.010 0.0000000000
197  -26.724  -89.217  -36.336 0.0000000000
200  -21.845  -89.543  -36.714 0.0000000000
205  -18.065  -89.894  -38.003 0.0000000000
209  -26.641  -89.569  -38.161 0.0000000000
220  -25.299  -89.532  -41.380 0.0000000000
221  -25.659  -89.452  -40.822 0.0000000000
228  -24.951  -89.406  -42.668 0.0000000000
229  -12.508  -90.721  -44.739 0.0000000000
230  -13.685  -90.643  -44.447 0.0000000000
231  -14.412  -90.438  -44.487 0.0000000000
237  -14.079  -90.916  -44.954 0.0000000000
238  -19.599  -90.047  -45.307 0.0000000000
240  -24.375  -89.366  -46.048 0.0000000000
241  -13.727  -90.832  -45.690 0.0000000000
247  -24.425  -89.418  -47.594 0.0000000000
256  -25.892  -89.065  -50.310 0.0000000000
282  -25.330  -88.476  -35.000 0.0000000000
283  -25.520  -88.784  -35.018 0.0000000000
285  -27.445  -88.349  -34.705 0.0000000000
291  -26.625  -88.742  -35.310 0.0000000000
293  -28.058  -88.360  -35.514 0.0000000000
295  -17.322  -89.097  -37.427 0.0000000000
311  -21.604  -88.511  -39.830 0.0000000000
314  -26.612  -89.125  -39.559 0.0000000000
321  -21.175  -88.397  -40.610 0.0000000000
327  -20.785  -88.011  -41.288 0.0000000000
341  -24.602  -89.663  -43.491 0.0000000000
354  -24.559  -88.609  -45.332 0.0000000000
355  -25.023  -88.151  -45.783 0.0000000000
380  -25.320  -89.108  -48.316 0.0000000000
384  -22.127  -88.817  -49.614 0.0000000000
388  -22.547  -88.196  -50.799 0.0000000000
396  -22.720  -88.561  -53.350 0.0000000000
400  -22.594  -88.240  -54.218 0.0000000000
402  -22.317  -87.999  -55.083 0.0000000000
403  -22.669  -88.041  -55.062 0.0000000000
428  -30.218  -87.106  -34.117 0.0000000000
432  -26.540  -87.998  -34.284 0.0000000000
446  -23.611  -88.049  -37.130 0.0000000000
453  -17.993  -87.799  -38.583 0.0000000000
456  -25.212  -86.717  -38.002 0.0000000000
462  -18.606  -87.958  -39.855 0.0000000000
528  -25.356  -87.754  -45.207 0.0000000000
529  -26.006  -87.630  -45.150 0.0000000000
535  -14.585  -88.839  -46.072 0.0000000000
537  -20.696  -87.760  -46.303 0.0000000000
568  -22.665  -87.910  -52.865 0.0000000000
571  -20.480  -87.095  -53.556 0.0000000000
572  -21.410  -87.611  -53.873 0.0000000000
576  -20.042  -87.658  -53.970 0.0000000000
579  -19.848  -87.134  -54.493 0.0000000000
582  -22.458  -87.784  -54.957 0.0000000000
618  -28.761  -87.161  -33.877 0.0000000000
619  -29.554  -87.235  -33.972 0.0000000000
627  -30.763  -86.988  -34.427 0.0000000000
634  -31.235  -86.986  -35.251 0.0000000000
648  -18.632  -86.476  -38.162 0.0000000000
659  -24.914  -86.244  -39.438 0.0000000000
668  -19.046  -87.215  -40.106 0.0000000000
691  -17.666  -86.467  -42.557 0.0000000000
730  -15.062  -88.011  -47.379 0.0000000000
746  -15.851  -87.490  -48.342 0.0000000000
759  -22.368  -86.676  -49.868 0.0000000000
775  -17.585  -86.510  -51.964 0.0000000000
778  -19.486  -87.111  -53.165 0.0000000000
780  -21.323  -86.602  -53.030 0.0000000000
784  -17.964  -86.391  -53.901 0.0000000000
790  -18.896  -87.041  -54.443 0.0000000000
795  -20.176  -86.914  -55.000 0.0000000000
857  -30.207  -86.733  -34.015 0.0000000000
866  -28.876  -86.232  -34.333 0.0000000000
879  -27.675  -85.709  -36.402 0.0000000000
897  -25.919  -85.520  -39.283 0.0000000000
915  -24.804  -85.844  -40.574 0.0000000000
928  -16.903  -85.578  -41.903 0.0000000000
965  -13.417  -85.967  -46.223 0.0000000000
977  -20.891  -85.008  -47.254 0.0000000000
995  -21.492  -84.957  -48.682 0.0000000000
1003  -17.571  -86.165  -50.471 0.0000000000
1006  -21.991  -85.676  -50.843 0.0000000000
1012  -18.212  -86.319  -51.375 0.0000000000
1026  -20.327  -86.066  -52.571 0.0000000000
1028  -21.655  -86.145  -52.302 0.0000000000
1030  -11.238  -86.672  -53.633 0.0000000000
1039  -18.739  -86.088  -54.385 0.0000000000
1046  -19.915  -86.476  -54.999 0.0000000000
1232  -27.866  -83.903  -40.742 0.0000000000
1280  -12.565  -84.528  -45.433 0.0000000000
1305  -14.229  -84.820  -48.124 0.0000000000
1328  -20.781  -84.242  -50.086 0.0000000000
1329  -21.440  -84.809  -50.090 0.0000000000
1346  -20.504  -84.917  -51.463 0.0000000000
1353  -10.623  -84.716  -53.332 0.0000000000
1519  -32.905  -84.224  -34.922 0.0000000000
1528  -31.311  -83.492  -35.779 0.0000000000
1529  -32.406  -83.269  -35.619 0.0000000000
1619  -39.295  -83.585  -43.123 0.0000000000
1661  -13.449  -83.336  -47.213 0.0000000000
1676  -39.414  -83.339  -47.753 0.0000000000
1690  -37.810  -83.784  -48.803 0.0000000000
1692  -39.707  -82.887  -48.204 0.0000000000
1696  -15.396  -83.329  -50.077 0.0000000000
1698  -18.566  -83.366  -49.747 0.0000000000
1722  -37.708  -83.609  -50.138 0.0000000000
1731  -38.835  -83.283  -51.285 0.0000000000
1744  -10.538  -83.756  -53.491 0.0000000000
1949  -31.388  -82.209  -37.341 0.0000000000
1976  -29.691  -82.480  -39.474 0.0000000000
2070  -38.766  -83.984  -46.775 0.0000000000
2087  -14.368  -82.975  -48.747 0.0000000000
2088  -17.851  -83.047  -49.184 0.0000000000
2101  -15.508  -82.464  -49.899 0.0000000000
2103  -17.204  -82.545  -49.456 0.0000000000
2110  -39.751  -82.346  -49.620 0.0000000000
2114  -16.944  -82.897  -50.169 0.0000000000
2134  -40.230  -81.471  -52.266 0.0000000000
2149  -39.930  -82.165  -52.493 0.0000000000
2154  -34.977  -81.859  -54.106 0.0000000000
2160  -40.146  -81.530  -53.232 0.0000000000
2166  -35.704  -82.416  -53.808 0.0000000000
2168  -37.929  -82.118  -54.087 0.0000000000
2393  -31.833  -81.132  -38.493 0.0000000000
2419  -36.161  -82.166  -40.687 0.0000000000
2436  -29.060  -81.329  -42.517 0.0000000000
2439  -37.167  -82.005  -41.852 0.0000000000
2441  -10.184  -81.210  -43.611 0.0000000000
2447  -29.261  -80.676  -43.021 0.0000000000
2453  -39.597  -82.419  -43.093 0.0000000000
2501  -39.989  -82.095  -45.721 0.0000000000
2513  -14.943  -81.353  -48.473 0.0000000000
2515  -16.774  -81.415  -48.769 0.0000000000
2526  -16.892  -81.924  -49.196 0.0000000000
2538  -16.145  -82.050  -49.918 0.0000000000
2575  -40.223  -80.860  -52.844 0.0000000000
2580  -35.561  -82.476  -53.126 0.0000000000
2581  -40.030  -81.370  -53.993 0.0000000000
2593  -40.138  -80.918  -54.079 0.0000000000
2597  -33.909  -81.425  -54.724 0.0000000000
2599  -35.221  -81.811  -54.570 0.0000000000
2600  -36.356  -81.634  -54.860 0.0000000000
2601  -37.412  -81.104  -55.003 0.0000000000
2602  -38.089  -80.844  -55.115 0.0000000000
2608  -32.235  -81.697  -57.771 0.0000000000
2628  -31.254  -81.300  -59.246 0.0000000000
2865  -31.026  -80.434  -40.935 0.0000000000
2866  -31.702  -80.045  -41.094 0.0000000000
2880  -33.572  -80.155  -42.063 0.0000000000
2896  -9.897  -79.824  -45.381 0.0000000000
2907  -38.650  -80.838  -44.413 0.0000000000
2919  -36.193  -80.056  -44.960 0.0000000000
2922  -39.313  -80.838  -45.024 0.0000000000
2938  -39.244  -81.318  -46.062 0.0000000000
2955  -15.996  -80.646  -48.733 0.0000000000
2957  -16.717  -80.891  -48.391 0.0000000000
2963  -37.210  -79.456  -48.504 0.0000000000
3015  -36.867  -80.559  -52.268 0.0000000000
3025  -37.270  -80.288  -53.124 0.0000000000
3027  -39.125  -80.374  -53.683 0.0000000000
3028  -40.111  -80.735  -53.673 0.0000000000
3039  -38.213  -79.654  -54.331 0.0000000000
3048  -33.640  -81.303  -55.230 0.0000000000
3054  -38.616  -79.877  -55.570 0.0000000000
3069  -37.721  -79.773  -56.053 0.0000000000
3071  -38.700  -79.298  -55.757 0.0000000000
3089  -31.956  -81.295  -58.802 0.0000000000
3332  -10.518  -80.018  -41.469 0.0000000000
3347  -33.098  -79.782  -42.475 0.0000000000
3389  -36.976  -79.450  -46.168 0.0000000000
3407  -12.654  -79.932  -47.818 0.0000000000
3417  -12.787  -80.094  -48.513 0.0000000000
3473  -37.491  -79.696  -53.982 0.0000000000
3487  -36.649  -78.965  -54.832 0.0000000000
3510  -37.861  -79.342  -56.008 0.0000000000
3524  -36.542  -78.740  -57.151 0.0000000000
3532  -32.131  -80.421  -58.122 0.0000000000
3541  -25.810  -78.296  -61.390 0.0000000000
3542  -26.528  -78.732  -62.185 0.0000000000
3545  -27.581  -79.355  -62.999 0.0000000000
3547  -27.548  -78.547  -63.079 0.0000000000
3868  -13.026  -77.844  -45.797 0.0000000000
3891  -13.471  -78.386  -47.326 0.0000000000
3943  -34.012  -78.211  -52.804 0.0000000000
3982  -36.036  -78.366  -55.727 0.0000000000
3984  -37.024  -78.544  -56.403 0.0000000000
3990  -34.458  -78.538  -57.508 0.0000000000
3992  -36.771  -77.983  -57.405 0.0000000000
4001  -30.613  -78.630  -59.242 0.0000000000
4010  -29.754  -78.504  -61.884 0.0000000000
4015  -26.918  -78.122  -63.059 0.0000000000
4373  -11.678  -77.470  -45.707 0.0000000000
4377  -13.484  -77.384  -46.195 0.0000000000
4467  -34.008  -77.234  -55.756 0.0000000000
4501  -31.373  -77.473  -59.536 0.0000000000
4514  -31.727  -76.819  -61.038 0.0000000000
4519  -26.423  -77.884  -62.711 0.0000000000
4523  -31.029  -77.390  -61.089 0.0000000000
4525  -26.604  -77.976  -62.942 0.0000000000
4527  -27.907  -77.800  -62.869 0.0000000000
4528  -28.887  -77.416  -62.847 0.0000000000
4532  -29.923  -77.153  -63.377 0.0000000000
4533  -30.576  -77.101  -63.691 0.0000000000
4534  -30.876  -76.834  -63.909 0.0000000000
5049  -35.747  -76.733  -58.139 0.0000000000
5055  -28.121  -76.211  -58.710 0.0000000000
5066  -29.338  -76.289  -59.352 0.0000000000
5067  -29.875  -75.952  -59.854 0.0000000000
5077  -35.517  -75.475  -60.192 0.0000000000
5078  -29.852  -76.371  -61.338 0.0000000000
5081  -32.942  -75.980  -61.867 0.0000000000
5085  -30.287  -76.432  -63.367 0.0000000000
5086  -30.780  -75.921  -63.164 0.0000000000
5090  -34.033  -75.347  -61.961 0.0000000000
5091  -30.314  -76.618  -63.741 0.0000000000
5095  -33.233  -75.035  -62.859 0.0000000000
5553  -10.772  -75.535  -46.271 0.0000000000
5554  -11.794  -75.209  -45.426 0.0000000000
5555  -13.310  -75.511  -44.978 0.0000000000
5556  -13.698  -75.079  -45.229 0.0000000000
5571  -12.557  -75.010  -49.207 0.0000000000
5671  -26.913  -75.381  -58.630 0.0000000000
5674  -30.059  -75.147  -58.961 0.0000000000
5686  -30.827  -75.323  -60.714 0.0000000000
5697  -34.288  -74.364  -62.098 0.0000000000
5700  -31.371  -75.766  -63.088 0.0000000000
5701  -32.376  -75.125  -62.620 0.0000000000
6177  -13.684  -74.105  -44.752 0.0000000000
6298  -28.609  -74.360  -57.593 0.0000000000
6299  -29.268  -74.485  -57.785 0.0000000000
6306  -25.765  -74.608  -58.885 0.0000000000
6308  -27.386  -74.776  -58.152 0.0000000000
6321  -37.542  -73.778  -59.934 0.0000000000
6325  -37.641  -73.878  -60.461 0.0000000000
6328  -31.753  -74.424  -61.239 0.0000000000
6337  -36.506  -73.870  -61.761 0.0000000000
6343  -33.559  -74.450  -63.100 0.0000000000
6344  -34.233  -73.930  -63.624 0.0000000000
6345  -34.877  -73.739  -63.454 0.0000000000
6813  -10.754  -73.227  -43.399 0.0000000000
6825  -10.869  -73.133  -44.037 0.0000000000
6827  -13.559  -73.104  -44.255 0.0000000000
6853  -14.026  -74.015  -45.828 0.0000000000
6970  -27.157  -73.409  -57.740 0.0000000000
6984  -30.069  -73.550  -58.554 0.0000000000
7021  -34.249  -72.969  -63.586 0.0000000000
7026  -34.941  -72.830  -65.242 0.0000000000
7535  -10.926  -72.239  -43.663 0.0000000000
7552  -11.050  -72.524  -43.892 0.0000000000
7594  -12.852  -72.333  -48.115 0.0000000000
7670  -27.313  -72.603  -57.563 0.0000000000
7693  -30.789  -72.327  -59.583 0.0000000000
7704  -25.158  -72.486  -60.643 0.0000000000
8268  -10.876  -71.419  -43.498 0.0000000000
8288  -11.473  -71.966  -43.727 0.0000000000
8289  -14.357  -71.867  -44.393 0.0000000000
8414  -27.565  -71.807  -57.588 0.0000000000
8415  -28.179  -71.773  -57.655 0.0000000000
8430  -25.336  -71.463  -59.206 0.0000000000
8450  -22.219  -71.663  -63.377 0.0000000000
8461  -32.862  -70.323  -63.946 0.0000000000
8469  -25.346  -72.151  -64.822 0.0000000000
8471  -26.407  -71.971  -64.114 0.0000000000
8482  -35.322  -71.255  -66.899 0.0000000000
8492  -25.883  -71.171  -68.657 0.0000000000
9013  -11.105  -70.085  -43.108 0.0000000000
9041  -14.648  -70.671  -44.057 0.0000000000
9188  -28.318  -70.552  -58.578 0.0000000000
9196  -25.127  -70.394  -58.944 0.0000000000
9221  -26.331  -71.827  -63.451 0.0000000000
9231  -35.409  -70.506  -67.435 0.0000000000
9248  -26.489  -70.582  -68.505 0.0000000000
9787  -10.442  -69.378  -41.338 0.0000000000
9788  -12.552  -69.533  -41.527 0.0000000000
9789  -13.643  -69.043  -41.294 0.0000000000
9803  -14.247  -69.305  -42.453 0.0000000000
9820  -14.630  -69.767  -44.435 0.0000000000
10071  -24.695  -69.747  -62.969 0.0000000000
10080  -25.699  -70.407  -64.484 0.0000000000
10085  -26.462  -70.672  -66.429 0.0000000000
10093  -20.239  -69.810  -69.808 0.0000000000
10096  -24.619  -70.230  -68.755 0.0000000000
10098  -20.867  -69.138  -70.292 0.0000000000
10100  -22.130  -69.250  -69.673 0.0000000000
10563  -10.379  -68.943  -34.371 0.0000000000
10565  -11.575  -68.386  -34.389 0.0000000000
10578  -10.080  -69.485  -35.270 0.0000000000
10678  -14.037  -68.739  -45.501 0.0000000000
10885  -25.137  -68.758  -59.567 0.0000000000
10913  -24.242  -68.139  -61.335 0.0000000000
10940  -26.829  -69.738  -67.323 0.0000000000
10944  -19.305  -68.570  -68.861 0.0000000000
10951  -21.173  -68.735  -70.368 0.0000000000
11377  -10.592  -67.856  -33.971 0.0000000000
11378  -10.927  -67.668  -33.906 0.0000000000
11494  -13.942  -67.636  -41.235 0.0000000000
11704  -24.610  -67.690  -60.705 0.0000000000
11721  -24.202  -68.218  -62.651 0.0000000000
11722  -24.433  -67.524  -62.972 0.0000000000
11728  -24.217  -68.091  -63.422 0.0000000000
11751  -22.750  -67.530  -69.267 0.0000000000
12168  -10.228  -66.911  -34.248 0.0000000000
12190  -11.509  -66.164  -34.603 0.0000000000
12472  -19.341  -65.793  -60.849 0.0000000000
12484  -20.391  -65.830  -61.728 0.0000000000
12486  -25.298  -66.349  -61.486 0.0000000000
12496  -21.379  -65.732  -62.776 0.0000000000
12497  -24.722  -66.957  -62.592 0.0000000000
12506  -21.675  -65.905  -63.561 0.0000000000
12507  -22.127  -65.935  -64.250 0.0000000000
12508  -24.716  -66.939  -63.382 0.0000000000
12526  -25.878  -66.052  -66.131 0.0000000000
12531  -22.257  -66.703  -66.653 0.0000000000
13233  -18.457  -65.211  -59.577 0.0000000000
13254  -20.042  -65.581  -61.076 0.0000000000
13263  -21.104  -65.450  -61.986 0.0000000000
13265  -22.144  -64.820  -62.806 0.0000000000
13267  -26.390  -65.237  -62.646 0.0000000000
13270  -22.475  -65.016  -63.392 0.0000000000
13274  -23.300  -65.023  -64.724 0.0000000000
13280  -23.451  -65.233  -65.637 0.0000000000
13286  -16.819  -64.571  -67.508 0.0000000000
13288  -24.174  -64.524  -68.105 0.0000000000
13966  -17.884  -64.502  -58.910 0.0000000000
13975  -18.557  -64.859  -59.425 0.0000000000
13985  -19.110  -64.536  -59.925 0.0000000000
13987  -20.554  -64.686  -61.227 0.0000000000
13989  -27.492  -64.366  -60.385 0.0000000000
13996  -27.343  -64.538  -61.439 0.0000000000
14000  -21.808  -64.399  -62.384 0.0000000000
14005  -23.141  -63.942  -63.843 0.0000000000
14011  -24.213  -63.881  -65.301 0.0000000000
14016  -24.404  -63.876  -66.438 0.0000000000
14017  -26.942  -64.669  -65.351 0.0000000000
14021  -26.937  -64.758  -67.395 0.0000000000
14024  -25.772  -64.643  -67.843 0.0000000000
14776  -19.481  -63.954  -60.599 0.0000000000
14790  -21.198  -64.201  -61.800 0.0000000000
14811  -22.801  -63.403  -63.620 0.0000000000
14839  -25.362  -63.697  -67.428 0.0000000000
15340  -13.976  -62.747  -36.488 0.0000000000
15612  -15.358  -61.785  -63.147 0.0000000000
15618  -21.230  -62.874  -62.808 0.0000000000
15623  -20.236  -61.632  -63.341 0.0000000000
15624  -21.002  -61.664  -63.446 0.0000000000
15629  -23.909  -62.529  -64.495 0.0000000000
15630  -24.486  -62.652  -65.495 0.0000000000
16397  -13.314  -61.588  -58.247 0.0000000000
16400  -20.045  -61.065  -57.754 0.0000000000
16412  -12.832  -61.254  -59.352 0.0000000000
16416  -23.117  -61.622  -58.840 0.0000000000
16431  -12.903  -61.311  -61.210 0.0000000000
16432  -18.808  -61.151  -58.906 0.0000000000
16436  -22.642  -61.609  -59.479 0.0000000000
16450  -12.950  -61.143  -61.947 0.0000000000
16458  -25.620  -61.612  -60.572 0.0000000000
16468  -14.262  -61.217  -63.081 0.0000000000
16469  -20.253  -60.889  -61.197 0.0000000000
16483  -14.992  -61.189  -63.299 0.0000000000
16484  -15.797  -61.359  -63.310 0.0000000000
16487  -18.865  -61.279  -63.328 0.0000000000
16499  -17.545  -60.647  -63.230 0.0000000000
16505  -23.343  -61.926  -64.048 0.0000000000
16513  -24.356  -61.103  -65.081 0.0000000000
17137  -16.175  -59.981  -37.917 0.0000000000
17184  -9.089  -59.339  -43.584 0.0000000000
17417  -15.306  -60.846  -63.166 0.0000000000
17424  -23.794  -60.549  -61.473 0.0000000000
17434  -20.767  -59.563  -62.324 0.0000000000
17442  -18.208  -60.055  -63.450 0.0000000000
17446  -22.189  -60.227  -63.930 0.0000000000
18281  -14.532  -59.610  -54.464 0.0000000000
18334  -11.626  -58.549  -60.052 0.0000000000
18350  -19.394  -59.006  -63.170 0.0000000000
18356  -19.350  -59.191  -63.596 0.0000000000
18365  -23.305  -59.399  -64.573 0.0000000000
18366  -23.920  -59.264  -65.176 0.0000000000
19303  -16.082  -57.812  -56.179 0.0000000000
19320  -11.679  -58.354  -59.874 0.0000000000
19321  -12.160  -58.032  -59.316 0.0000000000
19328  -11.611  -58.353  -59.982 0.0000000000
19338  -19.864  -58.673  -63.358 0.0000000000
19340  -21.106  -57.985  -63.155 0.0000000000
19343  -24.194  -57.960  -63.111 0.0000000000
19344  -20.402  -58.436  -63.546 0.0000000000
19348  -24.920  -56.815  -63.546 0.0000000000
19350  -26.770  -56.910  -64.150 0.0000000000
19352  -21.667  -57.881  -63.939 0.0000000000
19353  -22.376  -57.626  -64.168 0.0000000000
19355  -23.974  -58.185  -65.212 0.0000000000
19356  -27.232  -57.111  -64.712 0.0000000000
19359  -24.286  -57.025  -64.984 0.0000000000
19361  -25.671  -57.304  -65.262 0.0000000000
20137  -19.979  -56.879  -42.414 0.0000000000
20254  -15.933  -57.551  -54.887 0.0000000000
20255  -16.258  -56.819  -55.140 0.0000000000
20291  -12.642  -57.181  -58.611 0.0000000000
20302  -11.972  -57.904  -59.757 0.0000000000
20304  -13.907  -56.988  -59.638 0.0000000000
20311  -12.541  -57.176  -59.474 0.0000000000
20325  -21.823  -57.760  -63.629 0.0000000000
20327  -22.589  -57.210  -63.847 0.0000000000
20328  -23.471  -56.536  -63.964 0.0000000000
20334  -23.731  -56.604  -64.334 0.0000000000
20336  -25.780  -56.289  -64.281 0.0000000000
20337  -26.606  -56.710  -64.438 0.0000000000
20339  -25.370  -56.636  -64.980 0.0000000000
21055  -19.990  -56.468  -40.218 0.0000000000
21095  -20.032  -56.664  -42.099 0.0000000000
21253  -12.953  -56.357  -58.592 0.0000000000
21283  -13.330  -56.396  -59.401 0.0000000000
21298  -24.281  -56.277  -64.085 0.0000000000
21300  -25.047  -56.149  -64.061 0.0000000000
22221  -13.275  -55.878  -58.591 0.0000000000
22240  -13.175  -55.940  -58.962 0.0000000000
23909  -29.792  -53.360  -40.017 0.0000000000
24013  -18.154  -52.747  -51.512 0.0000000000
24032  -13.838  -52.223  -52.032 0.0000000000
24033  -14.810  -51.988  -52.255 0.0000000000
24804  -31.167  -52.588  -39.843 0.0000000000
24819  -31.442  -52.637  -40.486 0.0000000000
24885  -16.254  -51.943  -51.287 0.0000000000
24897  -15.728  -51.590  -52.036 0.0000000000
30250  -15.495  -46.467  -47.902 0.0000000000
30251  -15.932  -46.717  -47.774 0.0000000000
31185  -16.051  -46.579  -47.694 0.0000000000
31973  -28.614  -44.213  -38.002 0.0000000000
32057  -16.005  -44.116  -48.457 0.0000000000
33005  -26.587  -43.569  -45.815 0.0000000000
33014  -16.295  -43.175  -48.321 0.0000000000
33979  -22.972  -42.411  -46.449 0.0000000000
33993  -16.544  -42.397  -48.166 0.0000000000
34010  -16.387  -42.696  -48.332 0.0000000000
34027  -16.677  -42.459  -49.038 0.0000000000
34917  -17.471  -40.956  -49.061 0.0000000000
106181  -12.237  -87.894  -54.718 0.0000000000
106182  -12.161  -87.940  -54.507 0.0000000000
106183  -11.889  -87.871  -54.242 0.0000000000
106185  -11.762  -87.454  -54.235 0.0000000000
106187  -11.875  -87.446  -54.656 0.0000000000
106912  -12.295  -87.288  -55.181 0.0000000000
107124  -26.973  -87.717  -34.088 0.0000000000
107229  -28.775  -77.695  -63.106 0.0000000000
107339  -11.499  -87.628  -53.560 0.0000000000
107873  -20.267  -66.406  -62.969 0.0000000000
107937  -22.978  -90.002  -36.220 0.0000000000
108319  -26.668  -87.344  -41.871 0.0000000000
108478  -19.440  -59.348  -63.812 0.0000000000
108518  -26.984  -66.951  -68.301 0.0000000000
108899  -25.590  -67.985  -59.543 0.0000000000
109241  -17.943  -86.004  -43.000 0.0000000000
109662  -38.730  -83.653  -49.934 0.0000000000
109781  -18.625  -47.700  -48.461 0.0000000000
109831  -13.273  -69.118  -46.593 0.0000000000
110010  -24.169  -87.197  -38.730 0.0000000000
110141  -22.699  -62.119  -63.691 0.0000000000
110505  -13.875  -90.091  -46.205 0.0000000000
110529  -17.863  -54.162  -58.823 0.0000000000
110689  -33.838  -74.455  -63.333 0.0000000000
110705  -24.416  -61.912  -65.232 0.0000000000
110854  -24.816  -89.743  -41.762 0.0000000000
110896  -14.659  -89.649  -45.344 0.0000000000
111220  -38.281  -81.649  -48.554 0.0000000000
111316  -9.387  -84.682  -45.143 0.0000000000
111447  -24.798  -90.167  -39.612 0.0000000000
111467  -26.036  -88.332  -34.738 0.0000000000
111637  -35.168  -78.787  -54.084 0.0000000000
111806  -20.847  -57.407  -41.324 0.0000000000
111999  -35.527  -78.539  -50.628 0.0000000000
112173  -25.730  -65.852  -62.046 0.0000000000
112394  -24.668  -89.909  -41.142 0.0000000000
112701  -22.372  -59.291  -62.264 0.0000000000
112855  -36.097  -82.838  -53.087 0.0000000000
112916  -35.657  -78.510  -57.874 0.0000000000
112968  -22.244  -90.618  -52.414 0.0000000000
113313  -23.768  -70.990  -69.187 0.0000000000
113380  -27.386  -68.718  -68.029 0.0000000000
113571  -35.841  -79.640  -56.444 0.0000000000
113743  -36.757  -83.122  -52.972 0.0000000000
114347  -23.813  -88.934  -35.826 0.0000000000
114440  -26.261  -57.687  -65.313 0.0000000000
114994  -38.406  -80.287  -46.436 0.0000000000
115171  -27.073  -64.742  -66.824 0.0000000000
115753  -26.608  -66.185  -67.518 0.0000000000
115814  -25.903  -77.157  -61.027 0.0000000000
115900  -33.082  -81.245  -55.559 0.0000000000
116177  -25.158  -87.332  -36.340 0.0000000000
116196  -30.196  -82.202  -38.940 0.0000000000
116589  -12.011  -79.964  -51.501 0.0000000000
116626  -14.296  -72.241  -44.883 0.0000000000
116739  -36.223  -77.610  -57.161 0.0000000000
117044  -26.718  -65.831  -67.973 0.0000000000
117447  -40.072  -82.595  -44.575 0.0000000000
117466  -20.802  -70.304  -68.135 0.0000000000
117913  -15.880  -91.772  -40.311 0.0000000000
118126  -10.037  -66.072  -34.644 0.0000000000
118431  -12.953  -66.915  -44.208 0.0000000000
118447  -25.450  -66.306  -60.729 0.0000000000
118790  -30.422  -80.181  -42.103 0.0000000000
118892  -20.157  -85.436  -52.014 0.0000000000
119073  -22.787  -88.850  -53.701 0.0000000000
119086  -19.874  -84.447  -46.240 0.0000000000
119455  -18.216  -90.398  -43.757 0.0000000000
120139  -37.751  -79.248  -54.825 0.0000000000
120155  -13.677  -87.232  -49.153 0.0000000000
120244  -24.605  -71.926  -62.763 0.0000000000
121070  -21.271  -85.409  -47.626 0.0000000000
121299  -34.795  -73.846  -61.900 0.0000000000
121545  -25.751  -72.261  -61.946 0.0000000000
121609  -24.781  -69.160  -68.391 0.0000000000
121611  -10.591  -68.467  -34.065 0.0000000000
121817  -21.817  -91.650  -49.700 0.0000000000
121853  -13.414  -76.477  -48.427 0.0000000000
122041  -14.094  -72.030  -43.977 0.0000000000
122218  -22.468  -53.254  -52.954 0.0000000000
122253  -16.124  -63.243  -58.596 0.0000000000
122392  -37.373  -83.680  -40.838 0.0000000000
122587  -25.474  -71.932  -60.296 0.0000000000
122635  -18.962  -83.576  -47.582 0.0000000000
122706  -19.264  -58.693  -44.423 0.0000000000
122946  -29.121  -75.515  -58.314 0.0000000000
123069  -21.292  -66.524  -64.967 0.0000000000
123552  -25.752  -71.824  -66.315 0.0000000000
123605  -11.081  -86.253  -52.723 0.0000000000
123872  -15.650  -46.170  -48.411 0.0000000000
123974  -33.850  -78.022  -53.627 0.0000000000
124208  -25.907  -59.649  -65.559 0.0000000000
124266  -24.008  -90.909  -38.699 0.0000000000
124505  -28.355  -73.678  -57.476 0.0000000000
125140  -34.731  -77.521  -55.993 0.0000000000
125433  -10.334  -75.609  -46.230 0.0000000000
125451  -35.239  -70.385  -67.252 0.0000000000
125549  -20.071  -64.184  -60.949 0.0000000000
125632  -26.666  -85.451  -38.385 0.0000000000
125945  -23.847  -90.671  -52.685 0.0000000000
125988  -16.005  -43.954  -48.928 0.0000000000
126002  -28.025  -87.242  -39.799 0.0000000000
126162  -26.043  -65.534  -62.375 0.0000000000
126625  -27.231  -77.749  -62.840 0.0000000000
126851  -21.582  -91.162  -50.598 0.0000000000
127038  -30.239  -87.258  -34.353 0.0000000000
127661  -21.721  -61.333  -60.842 0.0000000000
127858  -19.182  -60.994  -60.741 0.0000000000
127934  -10.514  -67.449  -34.020 0.0000000000
127974  -30.446  -74.892  -59.502 0.0000000000
128006  -19.667  -61.675  -63.172 0.0000000000
128375  -36.129  -73.678  -64.622 0.0000000000
128582  -26.961  -65.669  -67.552 0.0000000000
128760  -21.702  -88.270  -40.577 0.0000000000
129013  -19.236  -88.973  -39.865 0.0000000000
129017  -13.651  -77.834  -47.752 0.0000000000
