#!ascii label  , from subject sub-v2s9x29159_ses-1 vox2ras=TkReg
4720
69077  43.945  -2.891  31.513 0.2000000030
69091  42.898  -3.785  30.253 0.3000000119
68289  43.715  -4.295  30.691 0.2000000030
69083  44.361  -3.666  31.522 0.2000000030
67485  43.220  -5.462  29.417 0.2000000030
99549  43.780  -5.000  30.127 0.3000000119
114149  44.233  -4.723  30.668 0.2000000030
68293  44.673  -5.030  30.507 0.3000000119
97357  42.750  -6.273  28.418 0.3000000119
67492  43.581  -6.010  28.980 0.3000000119
67484  44.182  -5.545  29.742 0.4000000060
67483  45.523  -5.410  30.035 0.2000000030
66696  42.233  -6.603  26.790 0.4000000060
67503  43.466  -6.244  28.196 0.3000000119
67502  44.834  -5.956  28.656 0.3000000119
105999  44.702  -5.790  29.370 0.4000000060
67491  45.706  -5.680  29.356 0.3000000119
66711  43.116  -6.179  26.260 0.5000000000
66695  43.252  -6.284  27.246 0.5000000000
97167  44.415  -5.978  27.549 0.5000000000
66732  42.285  -6.198  24.337 0.4000000060
67548  42.938  -5.916  24.626 0.5000000000
67532  43.653  -5.872  25.405 0.5000000000
67519  44.075  -5.918  26.517 0.5000000000
67518  45.380  -5.791  26.920 0.5000000000
97760  45.841  -5.698  27.953 0.5000000000
99723  46.420  -5.532  28.898 0.4000000060
67561  42.320  -5.840  22.978 0.4000000060
67560  42.803  -5.771  23.737 0.4000000060
67501  47.179  -5.237  28.323 0.4000000060
67573  42.679  -5.550  22.341 0.4000000060
67559  43.640  -5.504  23.400 0.4000000060
67547  43.662  -5.671  24.332 0.5000000000
67546  44.621  -5.679  24.923 0.5000000000
67531  44.911  -5.755  25.898 0.5000000000
67517  46.900  -5.520  27.466 0.5000000000
67577  43.175  -5.147  21.091 0.5000000000
67572  43.547  -5.341  22.487 0.4000000060
67558  44.581  -5.540  23.985 0.5000000000
98652  45.590  -5.685  25.424 0.5000000000
111235  46.454  -5.656  26.377 0.5000000000
67629  43.061  -5.674  15.899 0.8000000119
67610  42.812  -5.530  16.761 0.8999999762
67591  43.105  -5.219  18.111 0.8000000119
67581  43.257  -5.020  19.515 0.6000000238
68361  43.915  -4.844  20.710 0.6000000238
67576  43.907  -5.053  21.647 0.5000000000
67571  44.597  -5.328  22.951 0.5000000000
97598  46.670  -5.677  25.451 0.5000000000
67516  47.778  -5.044  27.607 0.4000000060
66807  43.458  -6.005  15.160 0.8000000119
68377  43.847  -4.814  19.044 0.8000000119
67557  45.619  -5.501  23.743 0.5000000000
67544  46.665  -5.647  24.541 0.5000000000
97790  47.718  -5.309  27.054 0.5000000000
66026  43.365  -6.932  13.920 0.6999999881
66821  42.940  -6.525  14.587 0.8000000119
68385  43.725  -4.984  18.264 0.8000000119
68369  43.913  -4.782  19.853 0.6999999881
68359  45.341  -4.726  21.403 0.6000000238
68352  44.883  -5.002  22.028 0.5000000000
67556  46.736  -5.498  23.686 0.5000000000
67543  47.995  -5.617  25.454 0.5000000000
67609  43.669  -5.351  16.512 0.8999999762
68392  44.273  -4.875  17.682 0.8999999762
68384  44.464  -4.718  18.497 0.8000000119
68375  45.528  -4.492  19.741 0.6999999881
68351  45.756  -4.915  21.924 0.5000000000
67570  47.435  -5.338  23.074 0.5000000000
101514  47.761  -5.587  24.439 0.5000000000
67608  44.585  -5.144  16.263 0.8999999762
67596  44.143  -5.020  16.971 0.8999999762
68367  45.388  -4.567  20.697 0.5000000000
116569  47.561  -5.493  23.760 0.5000000000
66835  44.291  -6.764  13.779 0.6999999881
66820  43.877  -6.389  14.475 0.8000000119
67627  44.784  -5.502  15.554 0.8999999762
68391  45.090  -4.601  17.832 0.8000000119
103274  46.180  -4.635  21.240 0.6000000238
102172  48.075  -5.079  22.296 0.5000000000
111334  49.003  -5.400  25.218 0.5000000000
64144  45.346  -11.001  10.583 0.6000000238
64748  44.722  -9.820  11.022 0.6999999881
65365  44.332  -8.320  12.038 0.6999999881
66036  44.800  -7.181  13.122 0.6999999881
68397  45.847  -4.569  17.008 0.8999999762
68383  45.308  -4.527  18.745 0.8999999762
68358  47.257  -4.756  21.514 0.5000000000
67569  48.719  -5.190  23.127 0.5000000000
64145  44.878  -10.582  10.834 0.6999999881
108412  44.554  -9.138  11.303 0.6999999881
66055  44.787  -7.954  12.099 0.6999999881
66819  44.844  -6.273  14.378 0.8000000119
67626  45.462  -5.206  15.748 0.8000000119
68398  44.841  -4.749  17.003 0.8999999762
97595  46.225  -4.387  18.947 0.8999999762
97823  46.537  -4.401  19.784 0.6000000238
64747  45.165  -9.035  10.879 0.6999999881
104645  45.001  -7.564  12.498 0.6999999881
66834  45.191  -6.642  13.697 0.6999999881
67640  45.470  -5.713  14.985 0.8999999762
68390  46.025  -4.468  18.025 0.8999999762
68366  47.116  -4.507  20.638 0.5000000000
64756  45.599  -10.000  10.498 0.6999999881
65373  44.874  -8.432  11.535 0.6999999881
115319  45.430  -6.885  13.264 0.6999999881
66818  45.810  -6.190  14.207 0.8000000119
67639  46.561  -5.727  14.654 0.8999999762
98767  46.870  -4.473  17.345 0.8999999762
68382  47.012  -4.371  18.261 0.8000000119
97597  47.391  -4.392  19.863 0.6000000238
65372  45.825  -8.244  11.022 0.6999999881
66054  45.558  -7.715  11.951 0.6999999881
66817  46.746  -6.138  13.994 0.8000000119
67625  46.413  -5.301  15.364 0.8000000119
106907  46.822  -4.638  16.551 0.8999999762
65381  45.869  -8.985  10.550 0.6999999881
66845  46.429  -6.804  12.951 0.6999999881
66833  46.030  -6.596  13.469 0.6000000238
66064  46.747  -7.862  10.761 0.6999999881
66044  46.408  -7.192  12.356 0.6000000238
67624  47.276  -5.364  15.032 0.8000000119
65379  47.218  -8.124  10.107 0.6999999881
66053  46.465  -7.572  11.529 0.6000000238
66853  47.155  -7.035  12.028 0.6000000238
66832  46.920  -6.459  13.385 0.6000000238
66816  47.454  -6.101  13.774 0.8000000119
67638  47.628  -5.682  14.390 0.8000000119
66052  47.274  -7.301  11.200 0.6000000238
66844  47.073  -6.715  12.754 0.6999999881
66831  47.694  -6.329  13.253 0.8000000119
66063  47.489  -7.506  10.438 0.6000000238
66852  47.875  -6.697  11.655 0.6000000238
66859  47.972  -6.860  10.768 0.6000000238
70580  43.702  -1.230  31.705 0.2000000030
69842  44.313  -2.088  31.956 0.2000000030
69076  44.924  -2.933  32.259 0.2000000030
68277  45.804  -4.028  31.692 0.2000000030
67472  46.508  -4.838  30.269 0.2000000030
67490  46.746  -5.220  29.588 0.3000000119
66808  42.527  -6.164  15.297 0.8000000119
67530  47.927  -5.467  26.347 0.5000000000
65358  43.347  -8.105  12.895 0.6999999881
67529  48.950  -5.253  26.083 0.5000000000
63482  44.818  -11.415  11.091 0.5000000000
64135  44.267  -10.583  11.383 0.6000000238
65366  43.689  -8.534  12.274 0.6999999881
63469  45.340  -12.215  11.331 0.5000000000
64749  44.096  -9.656  11.522 0.6999999881
66037  43.811  -7.399  13.285 0.6999999881
63481  45.654  -11.740  10.683 0.6000000238
65374  44.093  -8.871  11.713 0.6999999881
66046  44.224  -7.834  12.567 0.6999999881
67555  48.613  -5.377  24.011 0.5000000000
67568  49.417  -4.888  23.675 0.6000000238
63480  46.409  -11.907  10.396 0.6999999881
68365  48.324  -4.459  20.359 0.5000000000
68357  48.560  -4.672  21.457 0.5000000000
63491  47.077  -11.724  9.929 0.6999999881
64143  46.160  -11.101  10.183 0.6999999881
64755  46.438  -9.405  10.184 0.6999999881
68389  47.975  -4.388  17.596 0.8999999762
65380  46.513  -8.556  10.432 0.6999999881
68396  47.767  -4.524  16.686 0.8999999762
67623  48.254  -5.214  15.069 0.8000000119
68408  47.497  -4.881  15.772 0.8000000119
65390  47.153  -8.955  9.821 0.6999999881
66843  47.821  -6.529  12.533 0.6999999881
67650  49.170  -5.411  13.603 0.8000000119
66072  47.779  -7.711  9.835 0.6000000238
66842  48.539  -6.025  12.119 0.6999999881
67658  49.246  -5.269  12.625 0.8000000119
66851  48.533  -6.057  11.104 0.6999999881
66858  48.633  -6.214  10.162 0.6000000238
67676  49.143  -5.242  10.423 0.6999999881
71332  44.593  -0.423  31.860 0.2000000030
115404  45.121  0.583  31.076 0.2000000030
70579  44.960  -1.200  32.333 0.2000000030
112200  46.059  -3.455  31.818 0.2000000030
68287  45.816  -4.595  30.912 0.2000000030
69081  46.311  -3.573  31.226 0.2000000030
109439  47.189  -5.074  28.935 0.3000000119
68307  47.459  -4.837  28.277 0.3000000119
67515  48.397  -4.964  26.791 0.5000000000
68329  49.061  -4.819  26.175 0.5000000000
68338  49.284  -4.580  25.687 0.5000000000
103015  47.289  -12.654  11.823 0.6000000238
62726  46.391  -12.453  10.991 0.5000000000
67554  49.493  -5.057  24.734 0.5000000000
67528  49.382  -5.003  25.607 0.5000000000
104185  48.521  -12.705  11.849 0.6000000238
62725  47.706  -12.628  11.034 0.6000000238
68356  49.645  -4.219  21.958 0.5000000000
68348  49.663  -4.279  23.021 0.6000000238
62741  47.182  -12.281  10.379 0.6000000238
68380  49.190  -4.328  18.945 0.6999999881
103202  46.442  -10.221  10.023 0.6999999881
68395  49.017  -4.280  16.876 0.8999999762
68407  48.508  -4.585  16.146 0.8999999762
63490  48.370  -11.564  9.389 0.6000000238
64154  47.088  -10.891  9.592 0.6000000238
64765  47.132  -9.902  9.633 0.6999999881
112999  48.712  -4.818  15.600 0.8000000119
67636  49.841  -4.660  14.132 0.8000000119
64764  48.017  -9.512  9.162 0.5000000000
65389  48.024  -8.462  9.383 0.6000000238
67667  49.268  -5.073  11.494 0.6999999881
64152  49.256  -10.120  8.505 0.5000000000
64763  48.952  -9.158  8.596 0.5000000000
66071  48.504  -7.589  9.295 0.5000000000
66062  48.151  -7.082  9.972 0.6000000238
67666  49.501  -4.300  10.639 0.6999999881
65388  48.976  -8.269  8.639 0.5000000000
66867  49.029  -6.604  9.206 0.6000000238
67685  49.309  -5.411  9.441 0.6000000238
109339  49.515  -8.118  8.110 0.5000000000
66081  49.229  -7.474  8.551 0.5000000000
66866  49.598  -5.651  8.319 0.6000000238
67684  49.442  -4.452  8.697 0.6999999881
66874  49.521  -6.765  8.286 0.5000000000
66873  49.624  -6.450  7.402 0.5000000000
67698  49.650  -5.333  7.321 0.5000000000
72667  45.319  0.993  30.447 0.2000000030
72666  45.517  1.308  29.778 0.2000000030
72012  45.515  0.257  30.790 0.2000000030
70578  45.938  -1.074  32.014 0.2000000030
71351  45.515  0.468  30.463 0.2000000030
71344  45.614  -0.254  31.110 0.2000000030
106691  45.977  -1.465  31.999 0.2000000030
70583  45.813  -0.998  31.750 0.2000000030
69088  46.554  -3.920  30.382 0.2000000030
69852  45.796  -1.902  31.553 0.2000000030
69082  46.236  -2.982  31.011 0.2000000030
68292  46.922  -4.510  29.909 0.2000000030
69089  45.884  -3.334  29.899 0.2000000030
68300  47.222  -4.703  29.130 0.3000000119
105169  45.081  -3.468  28.748 0.2000000030
69094  46.702  -4.077  29.311 0.3000000119
68308  47.123  -4.328  28.475 0.3000000119
68309  45.773  -3.746  28.222 0.3000000119
69102  46.235  -3.806  27.583 0.3000000119
68318  47.476  -4.329  27.750 0.3000000119
68317  47.966  -4.767  27.375 0.4000000060
69116  46.617  -3.778  27.035 0.3000000119
69115  47.732  -4.132  27.046 0.3000000119
68330  48.466  -4.555  26.664 0.5000000000
69134  47.906  -3.892  26.249 0.4000000060
69133  48.900  -4.236  26.047 0.4000000060
69146  49.098  -3.972  25.063 0.4000000060
68337  49.484  -4.608  25.033 0.5000000000
62714  49.552  -13.027  12.186 0.5000000000
69169  49.061  -3.298  22.994 0.6000000238
69156  49.555  -3.918  23.593 0.6000000238
69145  49.464  -4.130  24.417 0.6000000238
61854  49.742  -13.438  12.494 0.5000000000
69913  49.204  -2.941  22.104 0.6000000238
69168  49.601  -3.635  22.614 0.6000000238
60916  48.741  -14.693  12.275 0.5000000000
62713  49.916  -13.412  11.737 0.6000000238
69930  49.876  -2.905  21.056 0.6000000238
68363  49.957  -3.881  21.272 0.6000000238
68364  49.504  -4.264  20.913 0.5000000000
60915  49.631  -14.009  12.454 0.5000000000
60923  49.937  -13.803  11.691 0.6000000238
62724  49.227  -12.755  11.235 0.6000000238
62740  48.461  -12.468  10.403 0.6999999881
69180  49.990  -3.452  20.780 0.6000000238
68373  49.305  -4.309  19.910 0.5000000000
62754  47.887  -12.131  9.879 0.6000000238
68379  49.717  -4.023  19.409 0.5000000000
68394  49.540  -3.980  17.453 0.8999999762
62723  50.073  -13.182  11.221 0.5000000000
62739  50.129  -12.805  10.439 0.5000000000
61868  50.396  -13.645  10.423 0.5000000000
62738  50.482  -13.175  9.918 0.6000000238
62753  49.337  -12.280  9.760 0.6000000238
111958  49.467  -4.298  15.893 0.8999999762
64153  48.141  -10.552  9.050 0.6000000238
62752  50.353  -12.690  9.658 0.6000000238
63489  50.196  -12.002  9.126 0.6000000238
101821  49.712  -11.158  8.602 0.6000000238
61887  50.482  -13.013  9.064 0.6000000238
62751  50.350  -12.567  9.124 0.6000000238
67657  49.753  -4.190  12.093 0.6999999881
63499  50.437  -11.702  8.337 0.6000000238
67675  49.415  -4.375  9.733 0.6999999881
113689  49.663  -4.055  11.320 0.6999999881
63510  50.430  -11.017  7.534 0.6000000238
64774  49.976  -9.747  8.010 0.5000000000
69254  49.067  -3.683  9.079 0.8000000119
64159  50.229  -10.231  7.543 0.5000000000
65399  49.659  -8.849  8.050 0.5000000000
109361  49.532  -4.575  7.714 0.6000000238
98994  49.112  -3.861  7.982 0.8000000119
63511  49.979  -11.526  6.979 0.5000000000
64166  50.180  -10.442  6.989 0.5000000000
64782  49.940  -9.877  6.966 0.5000000000
65398  49.647  -8.389  7.607 0.5000000000
67712  49.557  -5.565  6.566 0.5000000000
67723  49.449  -4.917  5.854 0.5000000000
68511  49.208  -4.222  6.123 0.6000000238
64174  49.593  -10.256  6.556 0.5000000000
113794  49.634  -9.287  6.984 0.5000000000
66108  49.284  -7.655  6.795 0.5000000000
66109  49.143  -6.539  6.264 0.5000000000
66890  49.355  -5.737  6.085 0.5000000000
65411  48.905  -8.633  6.705 0.5000000000
66094  49.090  -7.734  6.608 0.5000000000
62790  47.038  -12.240  5.783 0.4000000060
63521  47.166  -11.732  5.610 0.4000000060
72700  46.286  2.101  27.097 0.2000000030
72016  45.611  1.014  29.876 0.2000000030
73417  46.299  2.961  24.120 0.1000000015
72718  45.962  2.250  25.622 0.1000000015
113193  45.787  1.518  28.336 0.2000000030
73410  45.584  2.506  24.658 0.1000000015
72709  45.139  1.696  25.841 0.1000000015
72024  44.904  0.549  28.626 0.2000000030
72041  44.563  0.782  27.450 0.2000000030
70598  44.710  -0.566  30.095 0.2000000030
70590  45.124  -1.346  30.729 0.2000000030
69853  44.828  -2.396  30.128 0.2000000030
72034  43.111  0.113  27.570 0.2000000030
70599  43.304  -1.294  28.839 0.2000000030
70609  42.284  -1.201  27.917 0.2000000030
69859  43.545  -2.351  28.752 0.2000000030
69866  42.535  -1.992  27.997 0.2000000030
69090  44.450  -2.926  29.115 0.2000000030
69138  42.689  -3.404  25.622 0.2000000030
69118  43.043  -3.486  26.544 0.3000000119
69104  43.336  -3.371  27.380 0.3000000119
69095  43.751  -3.168  28.257 0.3000000119
98090  44.344  -3.556  27.800 0.3000000119
69150  43.518  -3.238  24.433 0.3000000119
101511  43.299  -3.396  25.108 0.3000000119
69137  43.789  -3.557  25.869 0.3000000119
69117  45.168  -3.618  26.575 0.3000000119
69149  44.500  -3.235  24.375 0.3000000119
111929  43.954  -3.380  25.015 0.3000000119
69160  44.575  -3.039  23.568 0.4000000060
69159  45.386  -3.183  23.874 0.3000000119
69148  45.634  -3.369  24.847 0.3000000119
69135  46.343  -3.612  26.058 0.3000000119
69171  46.355  -3.036  23.314 0.4000000060
105184  46.517  -3.357  24.399 0.4000000060
69147  47.860  -3.665  25.232 0.4000000060
69170  47.905  -3.052  23.194 0.6000000238
69158  47.810  -3.361  24.203 0.5000000000
69157  49.027  -3.573  23.957 0.6000000238
69945  48.595  -2.010  20.654 0.6000000238
69931  49.351  -2.582  21.273 0.6000000238
69914  48.076  -2.735  22.291 0.6000000238
69957  48.862  -1.722  19.963 0.6000000238
69944  49.405  -2.269  20.464 0.6000000238
69955  49.791  -2.749  19.286 0.6000000238
104317  49.552  -14.349  11.588 0.6000000238
70675  49.133  -1.614  18.574 0.6999999881
69968  49.529  -2.042  18.755 0.6000000238
69967  49.672  -2.774  18.352 0.8000000119
70688  49.015  -1.542  17.693 0.6999999881
69973  49.612  -2.645  17.399 0.8999999762
69188  49.679  -3.335  16.913 0.8999999762
70702  49.368  -1.889  17.013 0.8000000119
69975  49.648  -2.420  16.411 0.8999999762
112591  49.840  -3.056  15.995 0.8999999762
102268  50.087  -3.676  15.185 0.8999999762
111955  49.656  -2.151  15.465 0.6999999881
69191  50.096  -2.842  15.226 0.8999999762
68418  50.276  -3.685  14.479 0.8999999762
69985  49.688  -2.299  14.608 0.8999999762
69984  50.150  -2.357  13.865 0.8999999762
69209  50.261  -2.491  13.361 0.8999999762
61876  49.695  -13.693  9.202 0.5000000000
62764  50.391  -12.307  8.514 0.6000000238
69999  50.105  -2.420  13.169 0.8999999762
68440  50.058  -3.156  12.389 0.8999999762
61888  49.555  -13.163  8.311 0.6000000238
62765  50.261  -12.454  8.186 0.6000000238
69233  49.654  -2.976  12.028 0.8999999762
113559  49.316  -3.288  11.106 0.8999999762
61889  48.366  -13.629  8.537 0.5000000000
62774  50.469  -11.830  7.873 0.6000000238
69243  49.072  -3.513  9.804 0.8999999762
61901  48.259  -13.090  7.558 0.6000000238
61900  49.260  -12.628  7.420 0.6000000238
62775  49.071  -12.015  6.631 0.6000000238
99413  48.315  -4.103  7.534 0.8000000119
62776  48.100  -12.449  6.584 0.6000000238
62788  49.013  -11.315  6.162 0.5000000000
67724  48.737  -4.572  5.342 0.5000000000
108525  47.895  -4.236  5.221 0.8000000119
67735  46.509  -4.746  4.634 0.6000000238
64175  48.964  -10.703  6.046 0.5000000000
64167  48.816  -9.991  6.448 0.5000000000
64783  48.623  -9.322  6.843 0.5000000000
66891  49.066  -5.447  5.565 0.5000000000
67734  47.638  -4.787  4.773 0.5000000000
62789  48.060  -11.788  5.877 0.5000000000
63520  48.108  -11.273  5.781 0.5000000000
63512  47.326  -11.239  5.938 0.4000000060
64168  47.873  -10.513  6.507 0.5000000000
116234  48.493  -6.989  6.489 0.5000000000
66892  47.090  -6.391  5.683 0.5000000000
109410  45.946  3.420  22.350 0.1000000015
72702  44.302  1.186  26.365 0.1000000015
72710  42.719  1.018  25.651 0.1000000015
71364  43.124  -0.472  28.310 0.2000000030
69119  42.229  -3.163  26.432 0.2000000030
69877  42.093  -2.524  27.164 0.2000000030
70618  41.002  -1.181  26.728 0.2000000030
69895  41.233  -2.837  24.977 0.3000000119
69139  41.798  -3.100  25.619 0.2000000030
69878  41.408  -1.920  26.781 0.2000000030
97466  41.301  -2.669  23.053 0.3000000119
69921  40.464  -2.568  22.865 0.3000000119
69905  41.465  -2.866  24.040 0.3000000119
117304  42.256  -3.268  25.155 0.3000000119
69920  41.072  -2.584  22.049 0.3000000119
69904  42.244  -2.814  23.232 0.3000000119
69162  42.951  -3.046  23.844 0.3000000119
107670  41.851  -2.655  22.434 0.3000000119
69919  42.651  -2.668  22.190 0.3000000119
69903  43.238  -2.804  23.024 0.4000000060
69937  42.502  -2.582  21.375 0.4000000060
69918  43.625  -2.681  22.215 0.4000000060
69172  45.063  -2.907  23.040 0.4000000060
69917  44.555  -2.700  22.259 0.4000000060
69916  45.557  -2.726  22.335 0.4000000060
69934  45.964  -2.524  21.541 0.4000000060
69958  46.278  -1.996  19.907 0.6000000238
99833  47.478  -2.105  20.709 0.6000000238
69946  46.954  -1.936  20.119 0.6000000238
70660  47.900  -1.652  19.885 0.6000000238
70666  48.645  -1.474  19.212 0.6000000238
69980  47.380  -2.114  15.538 0.6999999881
69979  48.838  -1.978  15.654 0.6999999881
69987  46.768  -2.645  14.877 0.6999999881
69211  47.826  -3.335  13.544 0.8999999762
69198  48.667  -2.654  14.078 0.8999999762
69210  49.356  -2.495  13.105 0.8999999762
68429  48.387  -3.164  12.565 0.8999999762
106000  48.792  -3.228  10.768 0.8999999762
113641  49.122  -3.323  10.512 0.8999999762
68466  48.899  -3.396  9.989 0.8999999762
68478  48.110  -4.122  9.485 0.8999999762
68491  48.680  -3.867  8.512 0.8999999762
98934  46.461  -4.416  6.387 0.8000000119
68513  46.971  -4.191  5.256 0.8000000119
68522  44.986  -4.588  4.851 0.6999999881
110337  40.577  -2.409  25.070 0.3000000119
69879  40.831  -1.698  26.326 0.2000000030
71368  41.383  -0.559  26.919 0.2000000030
69952  39.713  -2.229  20.292 0.2000000030
69939  40.336  -2.469  21.114 0.3000000119
99216  40.189  -2.525  22.126 0.3000000119
69922  39.680  -2.445  22.712 0.3000000119
116455  40.812  -2.665  24.434 0.3000000119
69893  39.859  -1.900  25.005 0.3000000119
72051  39.820  0.100  25.617 0.2000000030
70670  39.719  -1.822  18.736 0.3000000119
69964  39.937  -2.121  19.539 0.3000000119
109906  40.472  -2.315  20.009 0.3000000119
69938  41.392  -2.548  21.091 0.3000000119
69906  39.937  -2.460  23.526 0.3000000119
69898  38.787  -1.887  23.990 0.3000000119
71376  39.465  -0.670  25.496 0.2000000030
72059  39.297  0.579  24.921 0.1000000015
114887  40.509  -1.910  18.509 0.3000000119
69963  40.507  -2.142  19.166 0.3000000119
69951  41.063  -2.456  20.417 0.3000000119
98301  42.073  -2.566  21.005 0.3000000119
69962  41.267  -2.352  19.600 0.3000000119
69950  41.825  -2.497  20.296 0.3000000119
69936  43.175  -2.589  21.405 0.3000000119
69948  43.619  -2.495  20.614 0.5000000000
107949  44.986  -2.562  21.536 0.4000000060
99127  45.365  -2.178  20.039 0.5000000000
69959  44.174  -2.315  19.723 0.5000000000
113404  45.411  -2.400  20.899 0.5000000000
70679  44.783  -1.735  18.161 0.6000000238
70669  45.011  -1.965  19.066 0.6000000238
101993  46.312  -2.244  20.668 0.5000000000
112530  44.337  -1.481  16.467 0.5000000000
70691  45.493  -1.476  17.493 0.6000000238
109337  46.727  -1.536  18.649 0.6000000238
70668  45.988  -1.852  19.259 0.6000000238
70720  45.754  -1.475  15.936 0.6000000238
100014  46.520  -1.392  17.768 0.6000000238
70677  47.536  -1.333  18.070 0.6000000238
98278  47.708  -1.433  18.938 0.6000000238
69982  45.298  -1.762  15.265 0.6000000238
70690  47.336  -1.333  17.254 0.6999999881
70689  48.314  -1.378  17.511 0.6000000238
105121  44.910  -2.179  14.687 0.5000000000
69981  46.235  -1.972  15.421 0.6000000238
70719  46.740  -1.556  16.047 0.6999999881
70704  48.108  -1.460  16.799 0.6999999881
69201  45.199  -3.044  14.365 0.5000000000
69988  45.718  -2.445  14.823 0.6000000238
70718  47.843  -1.689  16.201 0.6999999881
68433  44.095  -3.877  13.397 0.6000000238
69213  45.493  -3.677  13.827 0.6000000238
69200  46.122  -3.245  14.360 0.6000000238
68432  44.901  -4.096  13.382 0.6999999881
69212  46.552  -3.673  13.700 0.6999999881
68456  44.761  -4.694  12.125 0.6999999881
68442  46.357  -4.308  12.402 0.6999999881
68441  47.532  -3.798  12.035 0.8000000119
69224  48.697  -3.071  11.582 0.8999999762
68457  42.819  -4.427  11.656 0.6999999881
98674  43.918  -4.893  11.266 0.6999999881
68454  46.821  -4.350  11.537 0.8000000119
68453  47.863  -3.708  11.181 0.8999999762
67678  43.689  -5.053  10.251 0.8000000119
67677  45.393  -5.124  10.131 0.8000000119
68480  46.254  -4.915  9.788 0.8000000119
68479  47.030  -4.658  9.430 0.8999999762
68492  46.830  -4.556  7.686 0.8999999762
97516  42.041  -4.999  5.641 0.8999999762
97340  45.050  -4.941  7.555 0.8999999762
67714  44.423  -4.781  6.420 0.8999999762
113544  43.658  -5.157  9.564 0.8000000119
67688  44.510  -5.238  9.577 0.8000000119
67687  45.512  -5.127  9.232 0.8000000119
67700  44.819  -5.183  8.589 0.8000000119
100660  43.953  -5.263  8.846 0.8000000119
106156  39.388  -2.319  21.060 0.2000000030
69940  39.493  -2.411  21.853 0.2000000030
115695  38.756  -1.159  15.550 0.2000000030
97045  38.955  -1.705  19.045 0.2000000030
69923  38.903  -2.250  22.527 0.2000000030
113777  38.092  -0.506  24.638 0.2000000030
72052  38.893  -0.188  25.195 0.2000000030
97590  40.205  -1.135  15.082 0.2000000030
70711  40.563  -1.457  16.587 0.2000000030
97103  40.223  -1.681  17.936 0.2000000030
70637  37.713  -1.523  23.372 0.2000000030
71382  37.231  -0.428  24.180 0.2000000030
70723  40.408  -1.293  15.770 0.2000000030
97437  40.720  -1.614  17.340 0.2000000030
69971  41.150  -2.107  18.732 0.3000000119
69961  42.387  -2.429  19.737 0.3000000119
70710  41.853  -1.550  16.724 0.4000000060
70694  42.218  -1.779  17.474 0.4000000060
70681  42.521  -2.061  18.279 0.3000000119
114514  41.959  -2.281  19.020 0.3000000119
69960  43.185  -2.408  19.811 0.3000000119
110279  43.325  -2.090  18.438 0.4000000060
112835  43.507  -2.274  19.148 0.5000000000
70708  43.519  -1.525  16.538 0.4000000060
70680  43.946  -1.835  17.892 0.6000000238
111838  43.626  -1.552  14.758 0.5000000000
116781  43.882  -1.628  17.154 0.5000000000
70692  44.582  -1.559  17.290 0.5000000000
99732  44.003  -1.490  15.676 0.6000000238
70721  44.853  -1.448  15.776 0.6000000238
73566  42.277  2.417  2.974 0.6000000238
73560  41.371  2.933  4.411 0.6000000238
70746  43.286  -1.617  13.913 0.4000000060
69983  44.496  -1.638  15.080 0.6000000238
72184  44.766  1.367  4.594 0.6999999881
72851  43.175  1.966  2.825 0.6000000238
72857  42.411  1.832  2.559 0.6000000238
111398  40.158  2.631  4.317 0.6000000238
70757  43.041  -1.731  13.192 0.4000000060
103157  44.313  -1.929  14.544 0.5000000000
72175  43.822  0.610  5.153 0.6000000238
72185  43.063  1.369  3.811 0.6000000238
72852  42.009  1.467  2.691 0.6000000238
72858  41.297  1.463  2.515 0.6000000238
72194  40.284  1.388  2.897 0.6000000238
70000  43.410  -2.395  13.501 0.5000000000
69989  44.501  -2.634  14.263 0.5000000000
72168  44.017  0.300  6.188 0.6999999881
112224  43.113  0.051  5.895 0.6000000238
72176  42.214  0.430  4.697 0.6000000238
72186  41.482  0.764  3.115 0.6000000238
70009  42.891  -2.535  12.793 0.4000000060
69215  44.006  -3.049  13.798 0.5000000000
71490  42.522  -0.911  7.316 0.6000000238
71504  41.599  -0.418  5.766 0.6000000238
69226  42.552  -3.600  12.288 0.6000000238
68445  43.204  -4.165  12.574 0.6000000238
70797  41.754  -1.548  7.882 0.6000000238
71496  41.158  -1.254  6.698 0.6000000238
68446  42.354  -4.054  11.845 0.6999999881
70789  40.954  -2.224  8.388 0.6000000238
70038  40.501  -3.026  8.722 0.6000000238
104746  40.482  -2.741  7.782 0.6000000238
70044  40.402  -2.657  6.690 0.6999999881
68458  42.137  -4.234  11.259 0.6999999881
69245  40.968  -3.584  10.026 0.6999999881
69256  40.769  -3.938  9.584 0.6999999881
68495  40.730  -4.265  8.019 0.8000000119
68481  42.954  -4.868  9.962 0.6999999881
97224  41.502  -4.324  10.029 0.6999999881
101311  41.406  -4.492  9.203 0.6999999881
68494  41.967  -4.780  8.530 0.8000000119
68504  41.153  -4.602  7.364 0.8000000119
67703  41.810  -4.859  6.824 0.8000000119
67729  41.237  -4.807  5.843 0.8999999762
68482  42.259  -4.734  9.449 0.6999999881
67690  42.674  -4.970  8.607 0.8000000119
67715  43.458  -5.097  7.005 0.8000000119
67689  43.156  -5.074  9.124 0.8000000119
71434  38.934  -0.725  14.068 0.2000000030
71456  38.702  -0.122  12.771 0.2000000030
70734  39.581  -0.964  14.649 0.2000000030
71446  39.214  -0.535  13.283 0.2000000030
97592  41.335  -1.350  16.009 0.4000000060
97836  42.274  -1.371  15.893 0.4000000060
70709  42.686  -1.543  16.660 0.4000000060
97835  41.275  -0.930  14.201 0.3000000119
98799  41.904  -1.280  15.242 0.3000000119
70693  43.141  -1.770  17.513 0.4000000060
70731  42.670  -1.352  15.009 0.3000000119
70722  43.140  -1.418  15.734 0.4000000060
70747  41.745  -0.922  13.553 0.4000000060
109672  42.884  -1.390  14.270 0.5000000000
70759  42.152  -0.992  12.720 0.4000000060
72850  44.388  2.020  3.662 0.6000000238
73559  43.244  3.033  4.179 0.5000000000
71488  43.796  -0.012  6.893 0.5000000000
72174  44.852  0.915  5.460 0.5000000000
70767  42.452  -1.000  11.867 0.4000000060
70758  42.721  -1.428  12.503 0.4000000060
71503  43.346  -0.356  6.820 0.6999999881
71489  43.162  -0.477  7.637 0.5000000000
70796  42.854  -1.058  8.305 0.6000000238
104867  42.646  -1.390  11.627 0.4000000060
70010  42.545  -2.483  12.053 0.5000000000
70037  41.147  -2.500  9.313 0.6999999881
70774  42.654  -1.278  10.786 0.5000000000
70017  42.282  -2.365  11.294 0.5000000000
69235  42.024  -3.674  11.526 0.6000000238
70025  41.282  -2.826  10.161 0.6999999881
68459  41.613  -4.050  10.776 0.6999999881
72134  38.644  0.917  11.642 0.2000000030
72125  39.021  0.161  12.047 0.2000000030
70749  39.828  -0.744  13.854 0.2000000030
70733  40.474  -0.933  14.414 0.2000000030
97591  41.106  -1.152  15.017 0.2000000030
70748  40.765  -0.783  13.658 0.3000000119
70732  42.080  -1.128  14.365 0.3000000119
71463  40.712  -0.475  11.480 0.3000000119
71453  41.572  -0.749  12.091 0.3000000119
71470  40.993  -0.378  10.726 0.3000000119
72166  45.358  1.439  5.439 0.5000000000
72183  45.441  1.419  5.011 0.5000000000
73558  44.753  2.536  4.305 0.5000000000
71462  41.906  -0.728  11.301 0.3000000119
72827  43.930  0.537  6.684 0.5000000000
72167  44.575  0.787  6.117 0.5000000000
71476  42.852  -0.694  9.052 0.5000000000
72161  43.364  -0.186  7.570 0.5000000000
71482  42.916  -0.666  8.369 0.5000000000
71469  42.204  -0.704  10.548 0.4000000060
71461  42.657  -0.970  11.100 0.4000000060
71468  42.782  -0.981  10.261 0.5000000000
106509  42.928  -0.964  9.618 0.5000000000
70787  43.002  -1.045  9.181 0.5000000000
70788  42.350  -1.625  8.964 0.6000000238
70781  42.823  -1.181  9.907 0.5000000000
117783  42.752  -1.376  9.468 0.5000000000
114538  42.267  -1.841  9.760 0.6999999881
116048  41.698  -2.725  10.715 0.6000000238
69244  41.455  -3.459  10.676 0.6999999881
72802  39.054  1.218  10.984 0.2000000030
71455  39.507  -0.378  12.520 0.2000000030
72808  39.499  1.518  10.370 0.2000000030
72133  39.337  0.439  11.327 0.2000000030
71445  40.071  -0.673  13.034 0.2000000030
71464  39.775  -0.217  11.735 0.2000000030
72816  39.961  1.865  9.741 0.2000000030
72140  39.676  0.696  10.611 0.2000000030
72132  40.046  -0.033  10.972 0.3000000119
71454  40.417  -0.581  12.274 0.3000000119
70760  41.143  -0.770  12.885 0.3000000119
72139  40.449  0.252  10.290 0.3000000119
74224  45.226  2.836  5.531 0.5000000000
113490  41.293  -0.227  10.084 0.3000000119
72836  45.176  1.400  6.000 0.5000000000
73545  45.786  1.785  5.020 0.5000000000
71477  42.365  -0.542  9.685 0.4000000060
72153  42.906  -0.109  8.311 0.5000000000
72809  39.000  2.054  10.800 0.2000000030
73511  39.546  2.345  10.310 0.2000000030
106006  39.796  3.046  10.367 0.2000000030
74193  40.821  3.143  9.454 0.2000000030
72815  40.093  1.023  9.904 0.2000000030
72821  40.554  1.410  9.194 0.2000000030
72147  41.005  0.428  9.450 0.3000000119
73547  45.052  2.210  6.121 0.5000000000
73546  45.584  2.113  5.509 0.5000000000
74217  44.641  3.836  5.973 0.3000000119
72155  41.172  1.012  8.707 0.3000000119
72154  41.943  0.933  8.119 0.4000000060
72829  42.212  1.719  7.608 0.5000000000
72828  43.523  1.695  6.692 0.5000000000
74182  40.438  3.499  10.150 0.2000000030
74181  41.413  4.029  9.868 0.2000000030
74780  42.935  5.099  10.355 0.2000000030
75340  42.905  5.664  10.508 0.2000000030
73510  40.137  2.691  9.849 0.2000000030
97227  42.450  4.584  10.015 0.2000000030
75339  43.530  5.958  9.738 0.2000000030
75346  44.339  5.687  9.131 0.2000000030
108784  43.082  6.729  9.521 0.2000000030
74191  42.395  4.090  9.350 0.2000000030
74788  43.418  4.738  9.717 0.2000000030
75898  43.138  7.065  8.967 0.2000000030
76448  42.384  7.515  9.555 0.2000000030
76440  41.837  8.270  9.824 0.2000000030
74192  41.569  3.483  9.202 0.2000000030
75353  44.805  5.707  8.407 0.2000000030
75897  43.999  6.408  8.926 0.2000000030
76454  42.483  7.350  8.895 0.2000000030
73519  40.557  2.263  9.187 0.2000000030
73518  41.285  2.747  8.772 0.2000000030
73528  41.985  2.498  7.984 0.2000000030
73527  43.363  3.259  7.702 0.2000000030
97975  44.722  4.121  8.009 0.2000000030
74207  45.128  3.807  7.131 0.3000000119
74802  45.498  4.987  7.493 0.3000000119
75360  43.738  5.871  7.245 0.3000000119
75912  43.059  6.549  7.838 0.2000000030
72820  41.225  1.801  8.439 0.2000000030
73537  42.809  2.345  7.320 0.2000000030
73536  43.964  2.780  6.707 0.3000000119
74216  45.017  3.836  6.633 0.3000000119
74809  45.078  4.546  6.572 0.3000000119
74803  43.140  5.216  6.708 0.3000000119
75890  42.559  6.652  10.617 0.2000000030
76439  42.266  7.694  10.415 0.2000000030
114213  44.280  4.837  9.249 0.2000000030
76449  41.717  7.907  9.260 0.2000000030
74787  44.689  5.173  8.856 0.2000000030
75906  43.424  6.700  8.476 0.2000000030
74200  43.648  4.170  8.791 0.2000000030
74795  44.846  4.712  8.515 0.2000000030
76450  40.995  8.017  9.075 0.2000000030
74201  42.242  3.353  8.600 0.2000000030
74199  45.350  4.571  7.706 0.2000000030
75359  44.966  5.571  7.412 0.2000000030
75354  41.873  6.368  7.951 0.2000000030
76455  41.612  7.497  8.738 0.2000000030
76434  42.362  7.447  11.183 0.2000000030
100936  42.636  7.345  11.952 0.2000000030
107666  42.407  8.215  11.290 0.2000000030
75358  45.227  5.442  7.879 0.2000000030
75905  44.363  6.256  8.266 0.2000000030
74794  45.310  5.093  8.177 0.2000000030
75911  44.204  6.287  7.873 0.2000000030
105537  41.283  6.785  8.412 0.2000000030
69084  43.321  -3.360  30.919 0.3000000119
68294  42.918  -4.565  29.781 0.2000000030
66679  42.493  -6.502  27.830 0.3000000119
101932  42.957  -5.560  22.986 0.5000000000
98279  43.111  -5.320  21.820 0.5000000000
67578  42.396  -5.526  21.510 0.6000000238
67582  42.572  -5.364  20.592 0.6000000238
115116  44.213  -5.176  22.277 0.4000000060
67545  45.575  -5.636  24.649 0.5000000000
67597  43.477  -5.210  17.427 0.8999999762
67586  43.174  -5.090  18.776 0.8000000119
111259  43.266  -5.052  20.269 0.6000000238
68360  44.659  -4.730  21.129 0.6000000238
67628  43.992  -5.594  15.744 0.8000000119
68376  44.615  -4.635  19.359 0.6999999881
68368  44.660  -4.636  20.251 0.6999999881
102246  45.904  -5.253  22.778 0.5000000000
68350  46.702  -5.002  22.124 0.5000000000
66806  44.406  -5.894  15.047 0.8999999762
113443  46.108  -4.477  20.414 0.5000000000
67607  45.363  -4.851  16.396 0.8999999762
97596  47.177  -4.350  19.136 0.8000000119
68349  49.217  -4.738  22.668 0.5000000000
66045  45.680  -7.146  12.807 0.6999999881
67606  46.216  -4.853  16.092 0.8999999762
68381  48.096  -4.357  18.544 0.8000000119
68374  48.201  -4.383  19.453 0.6999999881
67651  48.218  -5.840  13.778 0.8000000119
67637  48.835  -5.397  14.417 0.8000000119
66830  48.485  -6.013  13.068 0.8000000119
68342  49.552  -4.525  24.149 0.6000000238
68388  49.092  -4.271  17.988 0.8000000119
68387  49.601  -4.018  18.438 0.8000000119
68419  49.515  -4.725  15.058 0.8000000119
68465  49.341  -3.742  10.085 0.6999999881
66080  49.593  -7.501  7.834 0.5000000000
68476  49.271  -3.830  9.238 0.6999999881
68490  49.271  -4.026  8.103 0.6999999881
66881  49.389  -6.571  6.658 0.5000000000
68500  49.510  -4.572  6.778 0.6000000238
69103  45.007  -3.632  27.381 0.3000000119
117723  46.763  -3.544  25.302 0.3000000119
69932  48.307  -2.404  21.455 0.6000000238
69177  49.740  -3.241  21.747 0.6000000238
61861  50.201  -13.570  11.060 0.6000000238
69943  49.854  -2.756  20.230 0.6000000238
69182  49.929  -3.524  19.868 0.6000000238
113593  50.386  -13.308  10.583 0.5000000000
69184  49.790  -3.629  18.893 0.6999999881
69186  49.673  -3.586  17.914 0.8999999762
68406  49.663  -3.860  16.482 0.8999999762
117326  49.883  -3.577  15.741 0.8999999762
68428  50.355  -3.409  13.675 0.8999999762
61875  50.390  -13.652  9.875 0.5000000000
67649  50.002  -4.235  13.073 0.8000000119
63500  50.314  -10.677  8.050 0.5000000000
68452  49.665  -3.404  11.636 0.8999999762
110166  49.432  -3.600  10.843 0.8999999762
69253  49.187  -3.625  9.733 0.8000000119
63519  49.841  -10.879  6.589 0.5000000000
64773  49.863  -9.351  7.467 0.5000000000
115693  49.383  -4.238  7.363 0.6999999881
68502  48.996  -3.947  6.609 0.6999999881
65410  49.548  -8.569  7.109 0.5000000000
66093  49.514  -7.582  7.197 0.5000000000
68512  48.677  -4.123  5.750 0.8000000119
64789  49.383  -9.488  6.693 0.5000000000
65418  49.314  -8.639  6.839 0.5000000000
66095  48.156  -7.761  6.983 0.5000000000
114687  45.740  1.682  26.662 0.2000000030
72023  45.768  1.302  29.176 0.2000000030
72701  45.747  1.593  27.373 0.2000000030
71353  44.224  -0.264  29.223 0.2000000030
70591  44.126  -1.688  29.618 0.2000000030
69096  42.875  -2.788  27.763 0.2000000030
99156  44.006  -3.654  26.904 0.3000000119
69163  42.243  -3.039  24.097 0.3000000119
69161  43.820  -3.018  23.691 0.4000000060
69136  44.836  -3.441  25.419 0.3000000119
69915  46.755  -2.731  22.350 0.5000000000
69933  47.070  -2.454  21.496 0.6000000238
70676  48.471  -1.376  18.329 0.6000000238
70687  49.406  -1.950  17.949 0.8000000119
70717  48.891  -1.675  16.290 0.6999999881
69976  49.402  -1.941  16.135 0.6999999881
102267  49.777  -2.331  15.527 0.8999999762
69986  48.069  -2.602  14.900 0.6999999881
69978  49.982  -2.384  14.742 0.8999999762
113367  50.355  -2.709  13.938 0.8999999762
69197  49.917  -2.281  13.632 0.8999999762
69222  50.055  -2.623  12.805 0.8999999762
107399  50.330  -2.911  12.997 0.8999999762
69223  49.595  -2.703  12.325 0.8999999762
69234  49.270  -3.055  11.342 0.8999999762
69242  49.202  -3.490  10.304 0.8999999762
68477  49.036  -3.556  9.121 0.8999999762
66903  48.386  -5.237  5.087 0.5000000000
68520  47.081  -4.335  4.910 0.6000000238
68503  47.840  -4.121  6.191 0.8000000119
68521  45.639  -4.649  4.734 0.6000000238
97356  46.281  -4.380  4.908 0.6999999881
105357  46.654  -5.646  4.873 0.5000000000
66110  48.250  -6.168  5.758 0.5000000000
66904  47.654  -5.618  5.068 0.5000000000
66882  47.364  -7.084  6.742 0.5000000000
103248  46.224  -6.485  5.593 0.5000000000
69120  41.661  -2.677  26.402 0.2000000030
71375  40.132  -0.592  25.975 0.2000000030
105895  40.679  -2.641  23.712 0.3000000119
69892  40.432  -1.827  25.727 0.3000000119
100649  41.933  -2.600  21.684 0.3000000119
69935  44.063  -2.580  21.454 0.5000000000
69947  44.570  -2.435  20.709 0.5000000000
70667  46.912  -1.723  19.457 0.6000000238
69199  47.267  -3.190  14.281 0.6000000238
68430  47.061  -3.903  12.959 0.8000000119
68431  45.874  -4.143  13.200 0.6999999881
68467  48.051  -3.808  10.413 0.8999999762
68468  47.118  -4.501  10.154 0.8000000119
98466  47.533  -4.467  8.629 0.8999999762
68493  45.856  -4.711  7.358 0.8999999762
68514  45.956  -4.368  5.430 0.6999999881
67713  45.436  -4.584  6.458 0.8000000119
67725  45.104  -4.476  5.433 0.8000000119
69897  39.499  -2.161  24.156 0.3000000119
70628  39.912  -1.247  25.686 0.2000000030
70631  39.117  -1.599  24.669 0.2000000030
97438  38.873  -1.565  18.362 0.2000000030
69907  39.207  -2.243  23.356 0.3000000119
70632  38.402  -1.284  24.461 0.2000000030
69949  42.677  -2.517  20.605 0.3000000119
69969  44.104  -2.091  18.734 0.4000000060
70678  45.739  -1.630  18.411 0.6000000238
70707  45.217  -1.410  16.569 0.6000000238
70706  46.298  -1.382  16.780 0.6999999881
70705  47.208  -1.431  16.605 0.6999999881
69214  44.679  -3.450  13.879 0.6000000238
68444  44.374  -4.377  12.855 0.6999999881
69225  43.258  -3.448  13.152 0.6000000238
68443  45.291  -4.443  12.701 0.6999999881
103461  43.794  -4.594  12.158 0.6999999881
68455  45.754  -4.645  11.841 0.8000000119
68471  42.835  -4.666  10.830 0.6999999881
113543  44.539  -5.137  10.471 0.8000000119
68469  46.249  -4.758  10.781 0.8000000119
68470  45.118  -4.973  11.126 0.8000000119
113657  47.207  -4.316  10.841 0.8000000119
67686  46.428  -4.869  8.897 0.8999999762
67699  45.722  -4.961  8.288 0.8999999762
67716  42.689  -4.958  6.223 0.8999999762
97557  44.170  -5.174  7.820 0.8999999762
67727  43.582  -4.824  5.576 0.8000000119
69941  38.601  -2.165  21.531 0.2000000030
70724  39.466  -1.209  15.499 0.2000000030
70646  38.045  -1.905  22.479 0.2000000030
111026  41.178  -1.541  16.825 0.2000000030
113113  39.984  -1.522  17.174 0.2000000030
111372  40.958  -1.799  18.028 0.3000000119
70682  41.705  -1.976  18.159 0.3000000119
70695  41.436  -1.709  17.435 0.2000000030
69970  42.810  -2.302  19.063 0.4000000060
73573  40.709  1.987  2.769 0.6000000238
73549  40.230  2.851  5.597 0.6000000238
69990  43.942  -2.071  14.104 0.5000000000
73565  43.761  2.200  3.147 0.6000000238
73561  39.207  2.404  4.694 0.6000000238
116157  42.605  -1.271  13.488 0.4000000060
72177  40.776  0.051  3.944 0.6000000238
71497  40.450  -1.221  5.469 0.6000000238
70798  40.765  -1.951  7.334 0.6000000238
107057  40.453  -1.853  6.143 0.6999999881
70031  40.717  -3.325  9.493 0.6000000238
69263  40.563  -3.833  8.870 0.6999999881
69268  40.433  -3.651  8.018 0.8000000119
117510  40.388  -3.397  7.204 0.6999999881
68472  42.137  -4.484  10.470 0.6999999881
113963  41.021  -4.207  9.645 0.6999999881
69255  41.106  -3.985  10.166 0.6999999881
68483  40.854  -4.255  9.003 0.6999999881
100387  41.219  -4.538  8.365 0.8000000119
67702  42.530  -4.994  7.632 0.8000000119
67730  40.702  -4.602  5.398 0.8000000119
67701  43.341  -5.148  8.203 0.8000000119
73564  44.859  2.113  4.110 0.5000000000
72162  43.109  0.597  7.496 0.5000000000
70024  42.393  -1.949  10.508 0.6000000238
73535  45.074  2.998  6.096 0.3000000119
72146  42.121  0.150  8.885 0.4000000060
75341  42.277  5.335  11.004 0.2000000030
75347  43.830  5.271  9.659 0.2000000030
97352  42.464  5.851  11.419 0.2000000030
75907  42.325  6.992  8.370 0.2000000030
74215  45.451  4.506  7.109 0.3000000119
75366  44.579  5.231  6.667 0.3000000119
103066  40.042  7.688  9.327 0.2000000030
63398  45.481  -11.432  19.876 0.3000000119
62617  44.676  -11.694  19.516 0.3000000119
62626  44.288  -11.893  18.825 0.3000000119
62627  43.532  -12.249  18.267 0.3000000119
58298  46.551  -17.408  25.143 0.2000000030
113848  47.477  -17.875  25.995 0.2000000030
63405  45.225  -11.493  19.062 0.3000000119
62640  42.711  -12.498  17.845 0.3000000119
59078  45.492  -16.302  25.249 0.2000000030
63404  46.018  -11.498  18.464 0.3000000119
63416  44.995  -11.688  18.390 0.3000000119
62639  44.409  -12.000  17.866 0.3000000119
114077  43.582  -12.271  17.290 0.3000000119
62658  42.522  -12.500  16.912 0.3000000119
59082  44.654  -16.587  24.781 0.2000000030
102676  44.474  -15.444  24.170 0.3000000119
60822  44.891  -14.655  22.784 0.3000000119
60831  45.654  -14.173  21.449 0.3000000119
63415  45.379  -11.751  17.799 0.3000000119
62638  44.953  -11.997  17.217 0.3000000119
115817  46.317  -11.645  17.765 0.3000000119
62657  43.237  -12.436  16.133 0.3000000119
60861  47.212  -14.038  18.307 0.3000000119
97439  44.384  -12.230  16.598 0.3000000119
97601  44.182  -12.401  15.603 0.3000000119
104116  45.368  -14.475  16.966 0.3000000119
60882  45.904  -14.444  16.346 0.3000000119
60901  45.695  -14.946  14.749 0.3000000119
60011  45.157  -15.300  14.056 0.3000000119
63383  45.742  -11.395  20.861 0.3000000119
62618  43.982  -12.072  19.665 0.3000000119
98672  43.425  -12.286  19.089 0.3000000119
115389  42.787  -12.583  19.332 0.3000000119
62620  42.151  -12.853  19.144 0.3000000119
57522  47.076  -18.581  26.466 0.2000000030
63390  46.683  -11.284  20.348 0.3000000119
62628  42.767  -12.515  18.675 0.3000000119
62629  42.005  -12.807  18.348 0.3000000119
58297  47.321  -17.255  25.773 0.2000000030
62601  48.129  -11.384  21.801 0.3000000119
62610  48.048  -11.684  21.091 0.3000000119
63396  47.586  -11.483  19.847 0.3000000119
63397  46.353  -11.373  19.393 0.3000000119
62641  41.808  -12.763  17.466 0.3000000119
61766  47.435  -12.862  21.373 0.3000000119
108667  48.045  -12.111  21.146 0.3000000119
63395  48.181  -11.881  19.142 0.3000000119
63403  47.318  -11.538  18.878 0.3000000119
62659  41.569  -12.705  16.510 0.2000000030
59920  45.354  -14.887  24.572 0.3000000119
60809  45.034  -14.639  23.797 0.3000000119
61776  46.850  -13.543  20.589 0.3000000119
99543  48.306  -12.810  19.304 0.3000000119
63414  47.047  -11.610  18.142 0.3000000119
99285  42.195  -12.567  15.997 0.3000000119
114536  40.964  -12.454  15.296 0.2000000030
60821  45.780  -14.094  22.303 0.3000000119
99699  48.423  -13.486  18.108 0.3000000119
62625  48.534  -12.398  18.443 0.3000000119
62656  45.466  -12.088  16.564 0.3000000119
62676  42.459  -12.523  15.295 0.4000000060
115804  41.933  -12.538  15.436 0.3000000119
61809  47.578  -14.063  17.393 0.3000000119
61807  48.909  -12.894  17.889 0.3000000119
62636  48.593  -12.421  17.690 0.3000000119
63427  46.615  -11.991  16.574 0.3000000119
97783  45.016  -12.258  15.956 0.3000000119
62690  42.494  -12.429  14.373 0.4000000060
107503  46.337  -14.284  16.952 0.3000000119
61808  48.743  -13.437  17.321 0.3000000119
62654  48.847  -12.968  17.139 0.3000000119
112795  47.664  -12.142  16.557 0.3000000119
62674  46.068  -12.221  15.779 0.3000000119
97600  45.056  -12.405  15.169 0.3000000119
62689  43.265  -12.491  14.042 0.4000000060
114572  47.245  -14.255  15.751 0.3000000119
62688  46.064  -12.400  14.764 0.3000000119
97599  44.108  -12.513  14.617 0.3000000119
60899  47.878  -14.159  15.172 0.4000000060
60018  46.594  -15.231  13.150 0.4000000060
60010  46.163  -15.085  13.885 0.4000000060
102332  47.292  -14.871  13.704 0.4000000060
60031  45.985  -15.330  12.613 0.3000000119
60019  45.554  -15.348  13.299 0.3000000119
60925  46.317  -15.013  11.418 0.5000000000
60041  46.423  -15.279  12.097 0.4000000060
98954  47.351  -14.931  11.222 0.5000000000
62613  42.964  -12.751  20.458 0.3000000119
62619  43.211  -12.483  19.835 0.3000000119
61786  42.410  -12.925  19.951 0.3000000119
61787  41.604  -13.295  19.670 0.3000000119
58290  47.448  -17.908  26.601 0.2000000030
57513  46.986  -18.196  27.168 0.2000000030
62611  44.656  -11.758  20.259 0.3000000119
62612  43.755  -12.315  20.578 0.3000000119
61810  41.132  -13.122  18.004 0.3000000119
58289  47.646  -17.202  26.406 0.2000000030
62593  48.114  -10.956  22.130 0.3000000119
63381  47.913  -10.906  21.834 0.3000000119
106818  47.064  -11.097  21.280 0.3000000119
61811  40.244  -13.377  17.710 0.3000000119
62594  48.137  -11.106  22.471 0.3000000119
63389  47.690  -11.303  20.983 0.3000000119
62642  40.752  -13.026  17.017 0.2000000030
59910  45.960  -15.357  25.274 0.3000000119
102913  47.791  -12.245  22.282 0.3000000119
62660  39.913  -12.944  16.485 0.2000000030
60808  46.027  -13.932  23.259 0.3000000119
61756  47.041  -13.098  22.750 0.3000000119
97278  40.665  -12.717  15.982 0.2000000030
62691  40.829  -12.205  14.820 0.2000000030
63448  41.222  -11.946  14.207 0.4000000060
63457  40.928  -11.205  13.916 0.4000000060
111289  48.406  -13.897  16.785 0.3000000119
61824  48.695  -13.422  16.593 0.3000000119
102416  48.641  -12.993  16.078 0.3000000119
62672  48.159  -12.513  15.888 0.3000000119
98857  47.240  -12.338  15.320 0.3000000119
62706  41.939  -12.157  13.903 0.4000000060
63456  41.586  -11.477  13.612 0.4000000060
60889  48.267  -13.920  16.089 0.3000000119
108855  48.649  -13.394  15.640 0.4000000060
62671  48.754  -12.829  15.275 0.3000000119
62702  44.956  -12.538  14.178 0.4000000060
62703  43.992  -12.539  13.672 0.4000000060
63455  42.291  -11.672  13.268 0.4000000060
63462  42.610  -11.083  12.689 0.4000000060
60898  48.927  -13.541  14.724 0.4000000060
62686  48.461  -12.576  14.905 0.4000000060
62687  47.249  -12.458  14.410 0.4000000060
111220  45.963  -12.540  13.638 0.4000000060
98221  44.715  -12.585  13.190 0.4000000060
97058  43.829  -12.366  12.852 0.4000000060
64128  42.358  -10.150  12.710 0.5000000000
60030  46.845  -15.273  12.539 0.4000000060
62685  49.112  -12.758  14.295 0.4000000060
98012  48.328  -12.543  14.220 0.4000000060
62701  47.458  -12.549  13.481 0.4000000060
62716  45.363  -12.575  12.622 0.4000000060
62717  44.508  -12.374  12.370 0.4000000060
111471  43.234  -11.270  12.358 0.4000000060
64127  43.086  -10.371  12.255 0.5000000000
117404  48.354  -14.545  13.609 0.4000000060
60908  49.297  -13.944  13.999 0.4000000060
60935  49.385  -14.498  10.690 0.5000000000
59061  46.592  -17.140  29.130 0.2000000030
62605  43.110  -12.844  21.147 0.3000000119
61777  42.432  -13.155  20.800 0.3000000119
61778  41.777  -13.405  20.452 0.3000000119
112753  48.071  -15.709  27.053 0.2000000030
59064  47.621  -16.512  27.570 0.2000000030
58283  47.396  -17.530  27.367 0.2000000030
57514  46.151  -18.171  27.739 0.1000000015
62595  46.517  -11.242  22.623 0.3000000119
62602  45.845  -11.419  21.740 0.3000000119
62604  43.879  -12.409  21.563 0.3000000119
61788  40.784  -13.616  19.416 0.3000000119
59071  47.881  -16.441  26.769 0.3000000119
58282  47.761  -17.205  26.936 0.2000000030
63382  47.315  -10.901  22.041 0.3000000119
62603  44.709  -11.855  21.191 0.3000000119
61798  41.369  -13.201  18.863 0.3000000119
61799  40.437  -13.546  18.539 0.3000000119
59077  46.759  -16.341  25.629 0.3000000119
59076  47.602  -16.215  26.229 0.3000000119
63368  47.870  -10.918  22.701 0.3000000119
112886  46.424  -11.213  21.485 0.3000000119
105268  47.228  -15.528  25.736 0.3000000119
63377  48.044  -10.846  22.275 0.3000000119
61826  39.255  -13.073  16.899 0.2000000030
100628  39.802  -12.561  15.825 0.2000000030
62661  39.224  -12.631  16.322 0.2000000030
63438  40.249  -11.961  14.935 0.3000000119
63439  39.643  -11.951  15.348 0.3000000119
64114  40.350  -10.678  14.348 0.4000000060
64727  40.621  -9.827  14.076 0.6000000238
64734  41.078  -9.952  13.653 0.5000000000
64733  41.677  -9.791  13.258 0.5000000000
64741  42.812  -9.590  12.473 0.6000000238
64732  42.326  -9.238  12.882 0.6000000238
60909  47.812  -14.986  12.918 0.4000000060
97689  49.124  -14.292  13.153 0.5000000000
61841  49.377  -13.137  14.258 0.4000000060
62699  49.427  -12.975  13.449 0.4000000060
62715  47.036  -12.622  12.558 0.4000000060
63470  44.574  -12.012  11.709 0.4000000060
64136  43.651  -10.196  11.759 0.5000000000
64740  43.427  -9.412  12.028 0.6000000238
65367  42.987  -8.864  12.589 0.6000000238
61849  49.568  -13.536  13.353 0.4000000060
98323  48.501  -12.654  12.812 0.4000000060
114384  44.190  -11.402  11.622 0.5000000000
60917  47.440  -15.181  11.981 0.4000000060
60924  48.431  -14.811  11.416 0.5000000000
59863  47.497  -14.656  28.563 0.2000000030
59878  47.424  -15.705  28.319 0.2000000030
59060  47.092  -16.451  28.654 0.2000000030
62583  45.388  -11.913  23.268 0.3000000119
115444  44.499  -12.316  22.706 0.3000000119
62597  43.911  -12.563  22.347 0.3000000119
61769  41.828  -13.558  21.225 0.3000000119
61779  41.060  -13.717  20.202 0.3000000119
62582  47.378  -11.151  23.378 0.3000000119
62596  44.894  -11.972  22.205 0.3000000119
61770  41.294  -13.772  20.858 0.3000000119
59892  48.055  -15.361  26.582 0.3000000119
61789  40.051  -13.899  19.156 0.3000000119
59908  48.034  -14.961  26.031 0.3000000119
62581  47.922  -11.221  23.166 0.3000000119
116422  39.885  -13.613  18.069 0.2000000030
61801  38.629  -13.628  17.963 0.3000000119
61740  48.023  -11.442  23.849 0.3000000119
61755  48.047  -11.597  23.092 0.3000000119
61812  39.407  -13.456  17.625 0.2000000030
60790  46.536  -14.343  24.850 0.3000000119
60798  46.465  -13.786  24.101 0.3000000119
61741  47.460  -12.654  23.537 0.3000000119
116555  39.231  -12.220  15.859 0.2000000030
61827  38.577  -12.691  16.723 0.2000000030
61813  38.615  -13.214  17.297 0.2000000030
64115  39.653  -10.478  14.854 0.5000000000
64107  39.293  -11.101  15.284 0.3000000119
64728  40.077  -9.719  14.570 0.6000000238
64726  41.086  -9.104  13.842 0.6000000238
65351  41.456  -8.175  14.049 0.6000000238
65360  41.843  -8.739  13.438 0.6000000238
65359  42.591  -8.412  13.182 0.6000000238
60720  47.006  -14.170  29.528 0.2000000030
59877  47.839  -15.233  27.680 0.2000000030
59864  47.079  -15.429  29.124 0.2000000030
59854  46.583  -15.195  29.893 0.2000000030
97953  48.324  -14.601  27.060 0.3000000119
101134  46.563  -11.553  24.086 0.3000000119
61757  43.288  -13.100  22.660 0.3000000119
61758  42.614  -13.412  22.322 0.3000000119
60833  40.664  -14.123  20.801 0.3000000119
62571  47.897  -11.480  24.085 0.3000000119
60842  40.179  -14.115  19.987 0.3000000119
60853  39.287  -14.203  19.351 0.3000000119
59909  47.205  -14.620  25.440 0.3000000119
61800  39.451  -13.810  18.476 0.2000000030
60865  38.514  -14.054  18.713 0.2000000030
60866  37.661  -14.183  18.869 0.2000000030
60797  47.615  -13.066  24.606 0.3000000119
61732  47.848  -12.335  24.107 0.3000000119
61802  37.865  -13.705  18.207 0.2000000030
64108  38.584  -10.661  15.727 0.3000000119
63440  38.928  -11.621  15.741 0.2000000030
62643  37.928  -12.835  17.171 0.2000000030
61814  37.289  -13.141  17.763 0.2000000030
98812  37.145  -13.720  18.464 0.2000000030
65353  40.046  -8.810  14.800 0.5000000000
104218  39.138  -10.274  15.320 0.4000000060
66029  40.741  -7.488  14.997 0.5000000000
105527  41.790  -7.438  14.341 0.6000000238
66038  42.162  -7.900  13.740 0.6000000238
102503  42.948  -7.643  13.520 0.6000000238
61654  45.666  -13.522  30.437 0.2000000030
59842  46.452  -14.319  30.248 0.2000000030
60740  48.044  -13.928  27.846 0.2000000030
102523  45.203  -12.244  24.112 0.3000000119
61742  44.305  -12.769  23.775 0.3000000119
62584  44.055  -12.670  23.034 0.3000000119
61759  41.894  -13.707  22.025 0.3000000119
60823  41.122  -14.093  21.583 0.3000000119
62572  47.159  -11.512  24.824 0.3000000119
107551  40.266  -14.487  21.416 0.3000000119
98773  39.977  -14.446  20.736 0.3000000119
60778  48.397  -14.055  26.448 0.3000000119
109447  48.083  -11.507  25.086 0.3000000119
60843  39.261  -14.557  20.253 0.3000000119
60788  48.325  -13.579  25.786 0.3000000119
61731  48.170  -11.666  24.668 0.3000000119
60854  38.291  -14.543  19.619 0.2000000030
97448  37.726  -14.874  20.163 0.2000000030
60844  37.157  -14.958  20.267 0.2000000030
60789  47.525  -13.694  25.173 0.3000000119
60867  36.996  -14.167  18.965 0.2000000030
60855  37.238  -14.578  19.587 0.2000000030
60856  36.454  -14.318  19.348 0.2000000030
60857  35.715  -14.431  19.738 0.2000000030
64101  37.912  -10.606  16.249 0.3000000119
62662  37.937  -12.061  16.648 0.2000000030
62644  37.264  -12.262  17.267 0.2000000030
61815  36.545  -13.260  18.292 0.2000000030
97718  36.034  -13.465  18.672 0.2000000030
99436  35.141  -13.873  19.509 0.2000000030
66028  41.359  -7.043  14.907 0.6000000238
66020  39.632  -7.633  15.666 0.5000000000
64720  38.743  -9.649  15.618 0.4000000060
64102  37.372  -10.649  16.657 0.3000000119
63418  36.678  -11.502  17.397 0.2000000030
62645  36.446  -12.384  17.837 0.2000000030
61804  35.426  -13.316  18.940 0.2000000030
61805  34.686  -13.164  19.366 0.2000000030
66822  42.098  -6.745  14.742 0.6000000238
64091  36.840  -10.680  17.095 0.3000000119
62646  35.645  -11.962  18.273 0.2000000030
60721  46.358  -13.689  30.023 0.2000000030
61655  44.812  -13.418  30.681 0.2000000030
60761  48.606  -13.097  27.044 0.3000000119
61724  45.164  -12.853  25.369 0.3000000119
62573  45.728  -12.159  24.722 0.3000000119
61733  44.520  -13.033  24.632 0.3000000119
111961  43.738  -13.414  24.164 0.3000000119
61734  43.014  -13.869  24.219 0.3000000119
61694  48.336  -12.187  27.161 0.2000000030
62553  47.822  -11.594  26.394 0.3000000119
62563  47.273  -11.609  25.738 0.3000000119
61743  43.353  -13.348  23.454 0.3000000119
61744  42.498  -13.893  23.527 0.3000000119
61745  42.100  -13.839  22.815 0.3000000119
60811  41.327  -14.268  22.547 0.3000000119
60824  40.512  -14.576  22.215 0.3000000119
106944  48.712  -12.958  26.308 0.3000000119
61711  48.654  -12.222  26.423 0.3000000119
62562  48.254  -11.580  25.801 0.3000000119
117086  46.183  -12.034  25.341 0.3000000119
61722  48.658  -12.331  25.853 0.3000000119
61730  48.430  -11.773  25.413 0.3000000119
59965  38.685  -15.141  21.501 0.3000000119
59951  39.185  -15.100  22.048 0.3000000119
61723  48.312  -12.531  25.221 0.3000000119
59974  37.558  -15.166  20.788 0.2000000030
59966  38.004  -15.290  21.453 0.2000000030
106354  36.826  -15.221  20.793 0.2000000030
59968  36.420  -15.411  21.469 0.2000000030
59976  35.524  -15.265  21.317 0.2000000030
60845  36.442  -14.839  20.114 0.2000000030
60846  35.590  -14.868  20.481 0.2000000030
60836  34.841  -14.842  20.893 0.2000000030
60847  34.210  -14.389  20.611 0.2000000030
61791  34.298  -13.787  19.960 0.2000000030
115806  33.725  -13.954  20.469 0.2000000030
66795  42.096  -5.868  16.126 0.6999999881
66019  40.269  -7.355  15.482 0.5000000000
65337  38.412  -8.892  16.008 0.4000000060
64713  37.522  -9.847  16.542 0.4000000060
62631  35.043  -12.405  18.835 0.2000000030
111579  34.028  -13.057  19.733 0.2000000030
62622  33.478  -12.465  19.975 0.3000000119
112489  41.595  -5.915  16.565 0.6999999881
66797  40.512  -6.473  16.467 0.6000000238
66012  39.267  -7.305  16.340 0.5000000000
115551  38.266  -8.249  16.416 0.4000000060
64703  36.546  -9.758  17.408 0.3000000119
64093  35.723  -10.573  18.072 0.3000000119
63407  35.099  -11.409  18.649 0.4000000060
66798  39.746  -6.751  16.799 0.6000000238
65327  38.575  -7.610  16.688 0.5000000000
64702  37.094  -9.246  17.001 0.3000000119
65329  36.688  -8.756  17.640 0.3000000119
61671  46.820  -13.287  29.207 0.2000000030
60748  37.373  -14.725  28.773 0.1000000015
60749  36.455  -14.515  28.696 0.1000000015
60741  47.491  -13.480  28.666 0.2000000030
59868  39.139  -15.353  28.345 0.1000000015
59869  38.244  -15.223  28.426 0.1000000015
59870  36.860  -15.158  28.152 0.1000000015
59871  36.170  -14.977  28.132 0.1000000015
107144  34.827  -14.421  28.299 0.1000000015
98479  33.959  -14.411  28.010 0.1000000015
60751  32.975  -14.072  28.152 0.1000000015
99477  31.630  -13.839  27.994 0.1000000015
59867  39.964  -15.391  28.252 0.1000000015
113620  38.698  -15.581  27.805 0.1000000015
59883  38.015  -15.646  27.655 0.1000000015
59884  37.224  -15.657  27.580 0.1000000015
59885  36.403  -15.532  27.581 0.1000000015
59886  35.504  -15.146  27.720 0.1000000015
59887  34.175  -15.110  27.141 0.1000000015
97936  31.995  -14.198  27.121 0.1000000015
61714  30.571  -13.667  26.623 0.2000000030
61683  48.039  -12.807  27.930 0.2000000030
61712  45.819  -12.522  26.143 0.3000000119
106793  44.876  -13.317  25.992 0.3000000119
112767  43.617  -13.800  24.873 0.3000000119
59882  39.387  -15.609  27.615 0.1000000015
59897  38.647  -15.839  27.053 0.1000000015
59898  37.679  -15.984  26.999 0.1000000015
114955  36.488  -16.196  26.421 0.1000000015
59900  35.861  -15.932  26.887 0.1000000015
59901  34.432  -15.569  26.519 0.1000000015
59902  33.633  -15.295  26.396 0.1000000015
60782  32.798  -14.754  26.666 0.1000000015
97175  32.157  -14.724  26.041 0.1000000015
62544  47.806  -11.881  27.090 0.3000000119
62554  46.963  -11.942  26.753 0.3000000119
61725  44.268  -13.569  25.490 0.3000000119
60810  41.615  -14.431  23.517 0.3000000119
98493  38.086  -16.009  26.302 0.1000000015
59915  36.682  -16.179  25.787 0.1000000015
97605  35.181  -15.954  25.456 0.1000000015
59930  33.759  -15.649  24.873 0.1000000015
59918  33.535  -15.513  25.567 0.1000000015
60794  31.488  -14.634  25.231 0.1000000015
60812  40.609  -14.788  23.204 0.3000000119
60813  39.787  -14.969  22.638 0.3000000119
59914  37.535  -16.005  25.639 0.1000000015
97607  36.962  -15.824  24.992 0.1000000015
97532  35.296  -15.788  24.486 0.1000000015
59929  34.311  -15.694  24.292 0.1000000015
115342  33.686  -15.611  24.248 0.1000000015
60802  31.950  -15.033  24.330 0.1000000015
60803  31.292  -14.595  24.366 0.1000000015
100588  30.264  -13.789  24.341 0.1000000015
97029  38.892  -15.327  22.885 0.3000000119
59937  38.170  -15.484  23.339 0.2000000030
97604  37.576  -15.553  23.589 0.1000000015
97602  35.812  -15.662  23.577 0.1000000015
59940  34.817  -15.655  23.580 0.1000000015
59941  33.797  -15.549  23.593 0.1000000015
59942  33.015  -15.309  23.239 0.1000000015
60827  31.792  -14.471  22.846 0.1000000015
61746  30.960  -13.944  23.088 0.1000000015
61747  30.442  -13.735  23.654 0.2000000030
59953  37.703  -15.460  22.177 0.2000000030
97531  36.839  -15.532  22.352 0.2000000030
59954  35.902  -15.527  22.133 0.2000000030
59955  35.042  -15.428  22.056 0.2000000030
59957  33.665  -15.123  22.135 0.2000000030
61760  32.233  -14.305  22.109 0.1000000015
97282  30.750  -13.041  22.486 0.2000000030
61762  30.290  -13.273  23.197 0.2000000030
60837  34.091  -14.848  21.364 0.2000000030
60848  33.523  -14.331  20.987 0.2000000030
61771  32.790  -14.167  21.387 0.1000000015
61773  31.452  -12.895  21.774 0.1000000015
62614  32.908  -13.000  20.503 0.1000000015
62606  32.179  -12.531  21.049 0.2000000030
62607  31.521  -12.070  21.531 0.2000000030
62608  31.003  -12.133  22.063 0.2000000030
63399  34.489  -11.551  19.131 0.2000000030
63400  33.799  -11.582  19.635 0.3000000119
115746  32.811  -12.225  20.432 0.3000000119
64694  36.132  -9.136  18.061 0.3000000119
64695  35.520  -9.648  18.466 0.4000000060
63391  33.144  -11.542  20.155 0.4000000060
66784  41.121  -5.986  17.024 0.6000000238
66001  39.035  -7.038  17.148 0.4000000060
101130  37.898  -7.924  16.997 0.3000000119
65328  37.303  -8.378  17.308 0.3000000119
103536  27.072  -13.619  35.744 0.1000000015
103561  25.860  -13.622  34.311 0.1000000015
112769  25.917  -13.442  33.594 0.1000000015
61583  27.642  -13.274  35.074 0.1000000015
61600  27.429  -13.236  34.143 0.1000000015
98512  26.562  -13.397  33.877 0.1000000015
98176  25.493  -13.336  33.064 0.1000000015
60678  28.770  -14.101  33.277 0.1000000015
60679  28.007  -13.781  33.010 0.1000000015
61633  27.185  -13.596  32.796 0.1000000015
61635  25.731  -13.458  32.394 0.1000000015
61636  24.926  -13.302  32.457 0.1000000015
100753  24.410  -13.227  31.791 0.1000000015
59816  30.766  -15.525  33.169 0.1000000015
59817  29.959  -15.286  33.039 0.1000000015
60687  28.446  -14.537  32.565 0.1000000015
60688  27.702  -14.189  32.301 0.1000000015
60689  27.066  -13.941  32.101 0.1000000015
61649  25.869  -13.770  31.684 0.1000000015
61651  24.628  -13.435  31.189 0.1000000015
59815  31.667  -15.760  33.196 0.1000000015
59825  29.657  -15.585  32.244 0.1000000015
59826  28.894  -15.301  32.084 0.1000000015
60697  28.144  -14.965  31.822 0.1000000015
60698  27.305  -14.636  31.539 0.1000000015
60700  26.032  -14.323  30.961 0.1000000015
61650  25.208  -13.877  30.913 0.1000000015
61627  41.845  -12.438  32.565 0.2000000030
59822  32.387  -15.934  32.722 0.1000000015
59834  31.180  -16.140  31.650 0.1000000015
59836  29.383  -15.767  31.536 0.2000000030
59837  28.702  -15.605  31.265 0.2000000030
59850  27.726  -15.512  30.256 0.2000000030
60715  26.460  -14.908  30.252 0.1000000015
60716  25.629  -14.386  30.146 0.1000000015
61660  39.440  -13.306  30.845 0.2000000030
59844  33.209  -15.348  31.296 0.1000000015
103384  32.045  -16.012  31.443 0.1000000015
99081  30.871  -16.138  30.844 0.2000000030
59848  29.494  -15.993  30.640 0.2000000030
59849  28.497  -15.762  30.316 0.2000000030
59851  27.138  -15.335  30.046 0.1000000015
59861  26.862  -15.180  29.472 0.1000000015
61656  43.877  -13.433  30.775 0.2000000030
60725  40.145  -14.545  29.583 0.2000000030
60707  39.777  -13.970  30.200 0.2000000030
60708  38.899  -13.784  30.243 0.2000000030
60709  37.897  -13.550  30.333 0.2000000030
60711  33.308  -14.691  30.582 0.1000000015
60713  31.574  -15.146  29.741 0.2000000030
59857  30.129  -15.839  29.850 0.2000000030
59872  28.911  -15.300  28.915 0.2000000030
59873  28.065  -15.341  28.840 0.2000000030
59875  26.707  -14.955  28.881 0.2000000030
60726  39.286  -14.467  29.607 0.2000000030
60727  38.439  -14.276  29.627 0.2000000030
61676  36.973  -13.545  30.124 0.1000000015
103940  36.746  -14.025  29.382 0.1000000015
60729  35.868  -13.881  29.257 0.1000000015
61678  34.413  -13.619  29.740 0.1000000015
61679  33.601  -13.826  29.416 0.1000000015
60732  33.027  -14.185  29.741 0.1000000015
112775  31.339  -14.580  29.160 0.2000000030
111966  30.738  -14.529  28.786 0.2000000030
60755  29.379  -14.637  28.365 0.2000000030
100344  28.495  -14.801  28.282 0.2000000030
60724  41.101  -14.345  29.624 0.2000000030
60745  40.517  -14.980  28.905 0.2000000030
60746  39.653  -15.032  28.967 0.2000000030
60747  38.813  -14.905  29.028 0.1000000015
110105  38.100  -14.679  29.086 0.1000000015
60730  35.001  -13.781  29.092 0.1000000015
60731  34.191  -13.861  28.886 0.1000000015
61687  33.490  -13.914  28.729 0.1000000015
60752  32.208  -13.961  28.549 0.2000000030
60753  31.492  -14.147  28.615 0.2000000030
113454  30.141  -14.432  28.417 0.2000000030
60768  28.952  -14.168  27.697 0.2000000030
59866  40.826  -15.307  28.145 0.2000000030
61700  30.291  -13.678  27.312 0.2000000030
61702  28.439  -13.591  27.041 0.2000000030
61684  47.329  -12.903  28.488 0.2000000030
61695  47.587  -12.493  27.800 0.2000000030
61696  46.864  -12.384  27.606 0.2000000030
61713  45.096  -13.262  26.722 0.2000000030
60762  44.406  -13.708  27.195 0.2000000030
60779  44.232  -13.777  26.331 0.2000000030
60780  43.427  -14.262  25.814 0.2000000030
59881  40.227  -15.576  27.483 0.2000000030
59896  39.602  -15.737  26.838 0.1000000015
61726  30.145  -13.539  26.021 0.2000000030
61715  29.844  -13.427  26.615 0.2000000030
97923  46.006  -12.607  27.049 0.3000000119
60791  42.833  -14.417  25.010 0.3000000119
60799  42.239  -14.432  24.303 0.3000000119
59912  39.258  -15.615  25.307 0.1000000015
61735  30.141  -13.711  25.197 0.2000000030
104360  29.518  -13.175  25.744 0.2000000030
60800  41.459  -14.892  24.423 0.3000000119
60801  40.982  -14.935  23.931 0.3000000119
59913  38.392  -15.790  25.489 0.1000000015
62574  29.301  -12.684  24.202 0.2000000030
62564  29.015  -12.721  25.052 0.2000000030
59935  40.294  -15.217  24.111 0.3000000119
97441  38.812  -15.429  23.826 0.2000000030
59926  38.052  -15.566  24.073 0.1000000015
97608  37.812  -15.691  24.843 0.1000000015
62585  29.729  -12.671  23.456 0.2000000030
104638  30.144  -12.668  22.911 0.2000000030
62599  29.765  -12.008  23.055 0.2000000030
63378  30.639  -11.349  22.242 0.2000000030
63379  30.037  -11.338  22.705 0.2000000030
63392  32.490  -11.510  20.656 0.3000000119
63385  31.237  -11.326  21.725 0.2000000030
64079  32.884  -10.714  20.436 0.3000000119
64080  32.260  -10.648  20.927 0.3000000119
106172  31.592  -10.445  21.473 0.3000000119
105315  34.413  -10.119  19.390 0.3000000119
64082  33.510  -10.754  19.947 0.4000000060
64688  32.695  -9.916  20.793 0.3000000119
67611  41.963  -5.696  16.992 0.6999999881
66785  40.320  -6.353  17.336 0.5000000000
66787  38.857  -6.912  17.997 0.4000000060
100606  38.234  -7.187  18.166 0.4000000060
65993  37.040  -7.691  18.585 0.3000000119
65320  35.824  -8.647  18.792 0.4000000060
67598  42.594  -5.445  17.617 0.6999999881
61567  25.610  -14.104  36.212 0.1000000015
61586  24.785  -14.111  35.542 0.1000000015
61585  25.702  -13.884  35.211 0.1000000015
105376  24.070  -13.981  34.919 0.1000000015
101920  29.002  -12.912  35.609 0.1000000015
98793  25.222  -13.572  33.788 0.1000000015
101269  24.331  -13.723  34.039 0.1000000015
62496  41.677  -12.093  36.346 0.1000000015
61580  30.414  -12.743  35.814 0.1000000015
61597  30.360  -13.417  34.977 0.1000000015
111081  28.753  -13.274  34.422 0.1000000015
61620  24.631  -13.374  33.199 0.1000000015
61637  23.960  -13.156  32.494 0.1000000015
99006  41.494  -12.301  34.598 0.1000000015
60663  29.923  -13.963  34.208 0.1000000015
61616  29.117  -13.680  33.969 0.1000000015
60675  31.162  -15.105  33.866 0.1000000015
60676  30.350  -14.796  33.711 0.1000000015
61652  23.951  -13.051  30.986 0.1000000015
102222  39.920  -12.914  31.413 0.2000000030
110206  33.365  -15.599  33.713 0.1000000015
59814  32.539  -15.715  33.488 0.1000000015
61668  24.543  -13.454  30.441 0.1000000015
62519  40.779  -12.303  32.635 0.2000000030
61644  39.170  -12.755  31.573 0.2000000030
61645  38.388  -12.773  31.735 0.2000000030
61629  38.437  -12.883  32.499 0.2000000030
60674  35.104  -15.019  33.064 0.1000000015
59820  34.524  -15.246  32.878 0.1000000015
59821  33.210  -15.737  32.750 0.1000000015
61681  24.634  -13.442  29.479 0.1000000015
61691  24.591  -13.059  28.753 0.1000000015
61643  41.976  -13.036  31.760 0.2000000030
61659  40.416  -13.466  30.831 0.2000000030
61661  38.553  -13.101  30.966 0.2000000030
61646  37.627  -13.070  31.897 0.2000000030
61631  36.809  -13.586  32.037 0.2000000030
61632  35.957  -13.920  31.846 0.2000000030
60695  34.553  -14.562  31.465 0.1000000015
59831  34.091  -15.273  32.233 0.1000000015
60759  25.714  -14.274  28.767 0.1000000015
111025  40.526  -14.053  30.132 0.2000000030
61662  37.719  -13.015  31.169 0.2000000030
100865  36.954  -13.206  31.338 0.2000000030
61647  36.187  -13.434  31.288 0.2000000030
60696  33.838  -14.962  31.317 0.1000000015
61666  33.788  -13.898  30.115 0.1000000015
60758  26.384  -14.497  28.411 0.2000000030
61690  25.166  -13.678  28.612 0.1000000015
61657  42.878  -13.506  30.720 0.2000000030
61642  42.976  -13.163  31.662 0.2000000030
100767  42.045  -14.253  29.400 0.2000000030
61663  36.437  -13.294  30.742 0.2000000030
61664  35.580  -13.468  30.635 0.1000000015
61665  34.411  -13.742  30.346 0.1000000015
60770  27.148  -14.444  27.877 0.2000000030
61689  25.817  -13.997  28.210 0.1000000015
61672  45.980  -13.299  29.578 0.2000000030
61673  44.976  -13.352  29.860 0.2000000030
60744  41.414  -14.813  28.793 0.2000000030
61703  27.430  -13.798  27.260 0.2000000030
61704  26.432  -13.823  27.600 0.2000000030
60743  42.308  -14.597  28.622 0.2000000030
59865  41.713  -15.149  27.994 0.2000000030
99274  46.559  -12.876  28.581 0.2000000030
61697  45.490  -13.025  27.775 0.2000000030
101601  43.600  -14.284  26.810 0.2000000030
59879  42.100  -15.273  27.119 0.2000000030
61716  28.266  -12.978  26.367 0.2000000030
60781  42.827  -14.856  26.502 0.2000000030
60792  41.976  -15.016  25.217 0.3000000119
97178  42.641  -14.829  25.735 0.3000000119
59894  41.323  -15.508  26.494 0.2000000030
59895  40.475  -15.638  26.676 0.2000000030
98495  39.879  -15.688  25.993 0.1000000015
98494  38.984  -15.828  26.174 0.1000000015
62555  28.073  -12.523  25.856 0.2000000030
59923  41.103  -15.326  25.144 0.3000000119
99236  40.734  -15.566  25.863 0.2000000030
63362  29.124  -11.864  23.734 0.2000000030
59925  39.472  -15.415  24.424 0.1000000015
63369  29.490  -11.188  23.208 0.3000000119
64073  30.314  -10.639  22.457 0.2000000030
64684  31.149  -9.889  21.887 0.3000000119
103071  30.579  -9.881  22.295 0.3000000119
112356  32.145  -9.925  21.202 0.3000000119
65315  35.622  -8.401  19.599 0.4000000060
64690  35.205  -9.055  19.208 0.4000000060
64691  34.549  -9.361  19.707 0.3000000119
64687  33.345  -9.948  20.347 0.3000000119
64682  32.510  -9.281  21.323 0.3000000119
67599  41.668  -5.711  17.943 0.6000000238
66776  40.222  -6.340  18.229 0.5000000000
66777  39.414  -6.596  18.705 0.4000000060
65992  37.794  -7.264  18.686 0.3000000119
65990  37.391  -7.417  19.494 0.2000000030
65314  36.394  -7.941  19.290 0.4000000060
65309  36.020  -8.038  20.081 0.3000000119
65316  35.028  -8.717  19.849 0.4000000060
61587  23.170  -13.814  35.158 0.1000000015
61601  23.413  -13.702  34.294 0.1000000015
61622  22.778  -13.380  33.695 0.1000000015
62484  42.455  -11.891  36.930 0.1000000015
113762  42.081  -11.924  35.478 0.1000000015
61560  32.575  -13.033  36.411 0.1000000015
61561  31.750  -12.786  36.283 0.1000000015
61579  31.242  -13.228  35.582 0.1000000015
117539  40.856  -12.355  33.790 0.1000000015
61578  32.192  -13.508  35.768 0.2000000030
60653  31.854  -14.073  35.146 0.2000000030
61596  31.152  -13.903  34.910 0.1000000015
110801  23.749  -12.951  31.730 0.1000000015
62512  40.821  -12.198  33.235 0.1000000015
61577  33.048  -13.749  35.895 0.2000000030
60659  33.139  -14.903  34.891 0.2000000030
59805  31.989  -15.343  34.051 0.1000000015
62528  23.252  -12.587  31.272 0.1000000015
59804  32.827  -15.376  34.254 0.1000000015
61669  24.003  -12.901  30.023 0.1000000015
62527  39.881  -12.440  32.046 0.2000000030
62520  39.928  -12.383  32.655 0.2000000030
108361  35.768  -14.730  33.340 0.2000000030
59801  35.171  -15.136  33.935 0.2000000030
61630  37.574  -13.448  32.652 0.2000000030
61615  36.957  -13.967  32.869 0.2000000030
60673  36.572  -14.448  33.642 0.2000000030
61658  41.991  -13.470  30.961 0.2000000030
61705  25.567  -13.400  27.804 0.1000000015
61674  43.950  -13.526  29.974 0.2000000030
61718  26.879  -13.211  26.866 0.2000000030
62545  26.016  -13.033  27.079 0.2000000030
62546  25.284  -12.612  27.398 0.2000000030
117227  42.463  -14.877  27.892 0.2000000030
62557  26.502  -12.495  26.519 0.2000000030
61685  45.140  -13.269  28.858 0.2000000030
61698  44.524  -13.580  27.972 0.2000000030
107371  26.814  -11.315  25.653 0.2000000030
60763  43.789  -14.120  27.665 0.2000000030
59893  42.075  -15.289  26.155 0.2000000030
59911  41.440  -15.409  25.779 0.2000000030
62566  27.564  -11.975  25.594 0.2000000030
62575  28.700  -12.094  24.571 0.2000000030
63355  28.094  -11.633  24.981 0.2000000030
63364  27.847  -10.908  24.741 0.2000000030
64065  29.380  -10.326  23.203 0.3000000119
63370  28.868  -10.848  23.676 0.2000000030
64673  29.407  -9.364  23.148 0.3000000119
64074  29.931  -9.983  22.727 0.3000000119
64683  31.732  -9.369  21.658 0.3000000119
65312  33.952  -8.817  20.857 0.3000000119
64681  33.263  -9.162  20.921 0.3000000119
67587  42.611  -5.337  19.265 0.6999999881
108860  40.965  -6.023  18.751 0.6000000238
104316  40.177  -6.293  19.023 0.5000000000
117268  38.145  -7.068  19.272 0.3000000119
65988  36.745  -7.749  20.221 0.3000000119
117069  34.888  -8.466  20.870 0.3000000119
61602  22.572  -13.517  34.502 0.1000000015
61593  40.355  -12.709  34.256 0.1000000015
110059  36.297  -12.825  37.326 0.1000000015
61556  36.110  -13.446  36.771 0.1000000015
61557  35.228  -13.515  36.676 0.1000000015
62513  39.931  -12.505  33.324 0.1000000015
60650  34.200  -14.599  35.488 0.1000000015
60651  33.469  -14.451  35.451 0.2000000030
62532  23.405  -12.434  30.464 0.1000000015
103342  41.262  -13.367  31.132 0.2000000030
101951  34.810  -14.731  35.377 0.2000000030
103998  33.788  -14.923  35.078 0.2000000030
61628  40.830  -12.806  31.755 0.2000000030
113035  39.272  -12.591  32.722 0.2000000030
61613  39.013  -12.950  33.264 0.2000000030
61595  37.922  -14.005  34.334 0.2000000030
106058  35.887  -14.779  34.978 0.2000000030
60658  35.157  -14.992  34.807 0.2000000030
61612  39.532  -13.044  33.965 0.1000000015
97013  38.193  -13.454  33.357 0.2000000030
60672  37.116  -14.335  34.238 0.2000000030
97946  35.846  -14.833  34.251 0.2000000030
62538  24.876  -12.943  28.094 0.1000000015
62547  24.615  -12.160  27.745 0.1000000015
63346  25.004  -11.804  27.065 0.1000000015
61675  43.224  -13.676  30.132 0.2000000030
60705  41.931  -13.857  30.150 0.2000000030
60722  43.030  -14.008  29.331 0.2000000030
63353  25.504  -11.380  26.525 0.1000000015
62558  25.725  -12.208  26.757 0.1000000015
105217  44.031  -13.709  29.113 0.2000000030
60742  43.231  -14.322  28.331 0.2000000030
63357  25.998  -10.938  25.995 0.2000000030
61686  44.087  -13.812  28.375 0.2000000030
60764  43.006  -14.691  27.386 0.2000000030
63356  27.506  -11.298  25.233 0.2000000030
64658  26.986  -9.690  25.148 0.2000000030
64059  28.309  -10.423  24.234 0.2000000030
64060  27.643  -10.094  24.659 0.2000000030
113695  28.694  -8.712  23.677 0.2000000030
64066  28.759  -9.857  23.635 0.2000000030
65284  29.540  -8.373  23.181 0.3000000119
65283  30.290  -7.981  22.858 0.3000000119
65297  31.652  -8.345  22.219 0.3000000119
65298  30.834  -8.412  22.494 0.3000000119
67588  42.036  -5.593  19.919 0.5000000000
66765  41.215  -5.946  20.276 0.4000000060
66766  40.475  -6.361  20.510 0.4000000060
66768  39.086  -6.992  20.341 0.4000000060
65305  33.703  -8.536  21.475 0.3000000119
65295  33.433  -8.133  22.145 0.3000000119
65296  32.605  -8.032  22.262 0.3000000119
67593  41.872  -5.671  18.986 0.6000000238
66771  40.637  -6.159  19.649 0.4000000060
66772  39.759  -6.534  19.780 0.4000000060
65987  37.644  -7.507  20.488 0.4000000060
65984  37.074  -7.832  21.129 0.4000000060
97944  35.873  -8.301  21.885 0.4000000060
65304  34.437  -8.507  21.218 0.3000000119
61553  40.473  -12.547  36.861 0.1000000015
105483  39.478  -13.312  36.045 0.1000000015
61535  39.255  -12.922  36.948 0.1000000015
61592  40.879  -12.596  35.250 0.1000000015
61573  40.366  -12.913  35.889 0.1000000015
61536  38.173  -13.074  37.042 0.1000000015
61537  37.057  -13.172  37.066 0.1000000015
61574  39.583  -13.318  35.009 0.1000000015
61554  38.538  -13.583  36.203 0.1000000015
61555  37.606  -13.806  36.333 0.1000000015
60644  35.803  -14.135  36.159 0.1000000015
60645  34.826  -14.225  36.010 0.1000000015
61575  38.793  -13.655  35.509 0.1000000015
111645  37.172  -14.233  35.750 0.1000000015
61594  38.792  -13.459  34.132 0.1000000015
110200  38.607  -13.772  34.893 0.1000000015
61576  37.986  -14.044  35.444 0.1000000015
60656  37.190  -14.377  35.007 0.1000000015
60657  36.503  -14.588  34.619 0.2000000030
98610  26.585  -9.025  25.361 0.1000000015
64659  26.275  -9.602  25.611 0.1000000015
65260  27.104  -8.741  24.941 0.1000000015
65272  27.845  -8.457  24.379 0.2000000030
65951  28.721  -7.160  24.148 0.2000000030
65271  28.416  -7.879  24.028 0.2000000030
65964  30.564  -7.242  23.296 0.2000000030
65979  31.119  -7.664  22.766 0.2000000030
65978  32.073  -7.469  22.833 0.3000000119
117197  42.762  -5.275  19.909 0.5000000000
66767  39.814  -6.806  20.765 0.4000000060
65986  38.503  -7.392  20.813 0.4000000060
98727  34.371  -8.231  22.258 0.3000000119
113904  32.656  -7.620  22.731 0.3000000119
65983  37.970  -7.731  21.318 0.4000000060
65301  36.625  -8.206  21.893 0.4000000060
65294  35.349  -8.342  22.567 0.4000000060
66683  30.076  -6.412  28.101 0.2000000030
108258  28.753  -6.075  26.098 0.2000000030
66724  28.100  -6.299  25.649 0.2000000030
65952  27.939  -7.356  24.543 0.2000000030
110095  27.274  -7.852  24.921 0.2000000030
105197  31.528  -5.794  27.430 0.2000000030
105032  30.603  -6.342  26.640 0.2000000030
66722  29.969  -6.306  25.257 0.2000000030
102428  31.351  -6.324  26.855 0.2000000030
66721  30.902  -6.477  25.335 0.3000000119
66737  30.392  -6.521  24.514 0.2000000030
66749  30.040  -6.831  23.822 0.2000000030
66736  31.260  -6.643  24.617 0.2000000030
66748  30.859  -6.735  23.867 0.2000000030
65962  32.230  -7.056  23.830 0.2000000030
67583  41.809  -5.706  20.845 0.4000000060
66761  41.116  -6.153  21.119 0.3000000119
66759  39.834  -7.275  21.847 0.4000000060
65982  38.674  -7.616  21.482 0.4000000060
117716  34.219  -8.062  23.198 0.3000000119
65977  33.173  -7.712  22.728 0.3000000119
105619  32.810  -7.430  23.257 0.2000000030
65981  39.133  -7.663  22.021 0.4000000060
65292  37.513  -8.118  21.979 0.4000000060
99353  37.065  -8.513  22.813 0.4000000060
65281  35.723  -8.632  23.638 0.4000000060
66701  31.861  -6.601  26.342 0.3000000119
66720  31.959  -6.896  25.569 0.3000000119
65949  32.618  -7.315  24.960 0.2000000030
100553  33.067  -7.556  24.260 0.2000000030
67579  41.668  -5.895  21.564 0.3000000119
66762  40.390  -6.714  21.423 0.3000000119
65282  34.904  -8.363  23.455 0.4000000060
65270  34.363  -8.302  24.188 0.3000000119
65948  33.798  -8.017  24.672 0.3000000119
65269  35.222  -8.530  24.509 0.3000000119
112048  33.313  -7.675  25.072 0.2000000030
65947  34.462  -8.266  25.001 0.3000000119
99021  41.886  -12.187  33.998 0.1000000015
60706  41.190  -13.773  30.446 0.2000000030
67592  42.510  -5.407  18.454 0.6999999881
66027  42.529  -7.179  14.129 0.6000000238
66809  41.667  -6.444  15.450 0.6000000238
62727  46.011  -12.604  11.954 0.4000000060
112887  44.317  -12.130  17.260 0.3000000119
59921  44.870  -15.729  24.863 0.3000000119
63428  45.978  -11.811  17.188 0.3000000119
60870  46.153  -14.284  17.631 0.3000000119
62675  43.271  -12.502  15.004 0.3000000119
60881  47.133  -14.184  16.443 0.3000000119
112300  46.426  -14.405  15.882 0.3000000119
60900  46.908  -14.687  14.496 0.4000000060
60890  46.571  -14.546  15.280 0.3000000119
60891  45.672  -14.669  15.631 0.3000000119
63380  48.011  -11.262  21.558 0.3000000119
61765  48.082  -11.873  21.847 0.3000000119
61775  47.683  -12.804  20.590 0.3000000119
63388  48.014  -11.749  20.311 0.3000000119
61783  48.119  -12.304  20.166 0.3000000119
62616  48.390  -12.270  19.247 0.3000000119
62677  41.470  -12.570  15.653 0.2000000030
113015  46.643  -13.458  21.892 0.3000000119
61784  47.590  -13.310  19.815 0.3000000119
63402  48.063  -11.864  18.292 0.3000000119
62678  40.344  -12.362  15.339 0.2000000030
61796  48.053  -13.484  18.928 0.3000000119
61795  48.626  -12.853  18.630 0.3000000119
62637  47.425  -11.858  17.358 0.3000000119
97530  41.634  -12.410  14.820 0.3000000119
62655  48.398  -12.480  16.820 0.3000000119
62673  47.200  -12.185  16.051 0.3000000119
62705  42.693  -12.226  13.576 0.4000000060
62704  43.321  -12.353  13.339 0.4000000060
97854  48.149  -14.365  14.303 0.4000000060
61825  39.890  -13.225  17.111 0.2000000030
63449  40.574  -11.616  14.484 0.3000000119
63450  39.918  -11.358  14.820 0.3000000119
64122  41.328  -10.624  13.522 0.4000000060
64123  40.830  -10.470  13.851 0.5000000000
64121  41.931  -10.817  13.110 0.5000000000
110824  49.003  -13.026  15.064 0.4000000060
62718  43.061  -11.922  12.825 0.4000000060
116011  49.059  -12.868  14.724 0.4000000060
63461  43.821  -11.810  12.187 0.4000000060
62700  48.817  -12.627  13.779 0.4000000060
114487  46.280  -12.610  12.823 0.4000000060
63471  43.641  -10.968  11.852 0.5000000000
58279  46.281  -17.833  28.665 0.1000000015
58278  46.990  -17.248  28.198 0.2000000030
58284  46.774  -17.788  27.827 0.2000000030
62679  38.673  -12.137  16.217 0.2000000030
107619  40.507  -9.135  14.356 0.5000000000
62728  45.106  -12.414  11.964 0.4000000060
59056  46.619  -16.229  29.484 0.2000000030
59057  46.132  -16.864  29.887 0.2000000030
61767  43.200  -12.958  21.931 0.3000000119
61768  42.509  -13.294  21.575 0.3000000119
100710  38.037  -13.351  17.629 0.2000000030
65352  40.738  -8.319  14.511 0.5000000000
105744  41.211  -7.671  14.545 0.6000000238
63429  38.285  -11.420  16.166 0.3000000119
61803  36.507  -13.825  18.780 0.2000000030
65345  39.511  -8.447  15.356 0.5000000000
65344  40.153  -7.978  15.119 0.5000000000
65346  38.975  -8.889  15.596 0.4000000060
64719  39.435  -9.461  15.138 0.5000000000
64712  38.116  -9.746  16.088 0.4000000060
112760  42.749  -13.513  22.947 0.3000000119
60834  39.382  -14.805  21.223 0.3000000119
60835  38.416  -14.966  20.690 0.3000000119
61790  35.865  -13.913  19.114 0.2000000030
60858  34.938  -14.413  20.158 0.2000000030
63430  37.746  -11.274  16.488 0.2000000030
63417  37.288  -11.429  16.888 0.2000000030
62630  35.849  -12.834  18.434 0.2000000030
66018  40.805  -6.806  15.611 0.6000000238
65336  38.862  -8.071  15.922 0.5000000000
108874  37.030  -10.026  16.873 0.3000000119
63419  36.014  -11.401  17.863 0.2000000030
64092  36.276  -10.654  17.598 0.2000000030
63406  35.535  -11.194  18.273 0.4000000060
62543  48.358  -11.783  26.455 0.3000000119
99494  39.830  -14.787  21.918 0.3000000119
103319  48.594  -11.831  25.933 0.3000000119
59952  38.436  -15.329  22.127 0.2000000030
59967  37.233  -15.393  21.497 0.2000000030
59975  36.150  -15.202  20.798 0.2000000030
106911  34.764  -15.161  21.506 0.2000000030
61792  33.585  -13.349  20.211 0.3000000119
61780  33.153  -13.742  20.728 0.1000000015
66011  39.986  -6.986  16.013 0.5000000000
65338  37.749  -8.871  16.573 0.4000000060
62621  34.246  -12.384  19.418 0.3000000119
66796  41.269  -6.194  16.177 0.6999999881
64084  35.229  -10.568  18.557 0.4000000060
64704  35.985  -9.935  17.868 0.3000000119
64085  34.683  -10.708  18.993 0.4000000060
66002  38.361  -7.353  17.481 0.4000000060
65318  36.946  -8.066  17.917 0.3000000119
60728  37.596  -14.131  29.544 0.1000000015
60750  35.636  -14.438  28.521 0.1000000015
60765  34.695  -14.929  27.612 0.1000000015
60766  33.376  -14.653  27.295 0.1000000015
113540  32.273  -13.967  27.919 0.1000000015
60754  30.776  -13.941  28.062 0.2000000030
61699  31.094  -13.778  27.323 0.1000000015
59899  36.813  -16.035  27.003 0.1000000015
98926  34.950  -15.534  27.039 0.1000000015
60783  31.327  -14.158  26.370 0.1000000015
98492  37.223  -16.166  26.372 0.1000000015
98344  35.088  -15.936  26.288 0.1000000015
59917  34.297  -15.735  25.734 0.1000000015
59903  32.922  -15.240  25.798 0.1000000015
60784  30.714  -14.006  25.703 0.1000000015
97606  36.054  -15.954  25.189 0.1000000015
59916  35.873  -16.221  26.021 0.1000000015
113618  34.559  -15.786  24.973 0.1000000015
112007  33.097  -15.479  25.095 0.1000000015
60793  32.407  -15.189  25.103 0.1000000015
60804  30.747  -14.240  24.772 0.1000000015
59927  37.275  -15.643  24.197 0.1000000015
59928  36.376  -15.728  24.308 0.1000000015
59931  32.952  -15.483  24.235 0.1000000015
60815  31.495  -14.602  23.649 0.1000000015
60814  32.266  -15.029  23.490 0.1000000015
60816  30.824  -14.231  23.942 0.1000000015
61736  29.651  -13.267  24.716 0.2000000030
61748  29.897  -13.296  23.875 0.2000000030
97440  38.146  -15.442  22.698 0.2000000030
59938  37.543  -15.508  22.932 0.2000000030
97603  36.811  -15.588  23.403 0.1000000015
110648  33.576  -15.351  22.849 0.2000000030
59956  34.365  -15.463  22.704 0.2000000030
111740  35.362  -15.566  22.817 0.2000000030
60826  32.547  -14.849  22.719 0.1000000015
59939  36.166  -15.575  22.859 0.2000000030
59969  34.371  -15.264  21.939 0.2000000030
60825  32.929  -14.741  22.067 0.1000000015
60838  33.382  -14.659  21.578 0.1000000015
61761  31.494  -13.761  22.262 0.1000000015
61781  32.583  -13.442  21.010 0.1000000015
61772  32.080  -13.565  21.563 0.2000000030
63384  31.850  -11.418  21.185 0.3000000119
64081  34.121  -10.781  19.468 0.3000000119
64696  34.885  -9.863  19.009 0.4000000060
66786  39.591  -6.643  17.700 0.5000000000
66003  37.611  -7.626  17.864 0.3000000119
65319  36.459  -8.304  18.373 0.3000000119
61584  26.658  -13.531  34.861 0.1000000015
103535  26.316  -13.848  35.691 0.1000000015
61582  28.418  -13.101  35.294 0.1000000015
61619  26.358  -13.391  33.047 0.1000000015
61599  28.239  -13.146  34.595 0.1000000015
97287  28.910  -13.012  34.973 0.1000000015
61618  27.589  -13.435  33.445 0.1000000015
61617  28.290  -13.368  33.791 0.1000000015
60677  29.547  -14.463  33.519 0.1000000015
60686  29.191  -14.920  32.825 0.1000000015
61634  26.478  -13.655  32.288 0.1000000015
98690  25.145  -13.487  31.764 0.1000000015
60699  26.574  -14.123  31.613 0.1000000015
108755  31.163  -15.926  32.559 0.1000000015
59838  27.893  -15.362  31.021 0.1000000015
117113  26.672  -14.670  31.039 0.1000000015
61667  25.000  -13.929  30.064 0.1000000015
59833  32.700  -15.836  31.885 0.1000000015
59823  31.860  -16.070  32.246 0.1000000015
59835  30.188  -16.050  31.398 0.2000000030
60737  25.328  -14.136  29.380 0.1000000015
59845  32.606  -15.530  30.949 0.1000000015
59846  31.715  -15.790  30.624 0.1000000015
59856  30.915  -15.788  30.144 0.2000000030
59847  30.327  -16.077  30.554 0.2000000030
59858  29.234  -15.765  29.651 0.2000000030
59860  27.648  -15.479  29.534 0.2000000030
60736  26.098  -14.709  29.318 0.1000000015
60710  34.143  -14.228  30.751 0.1000000015
60712  32.425  -14.943  30.102 0.1000000015
60734  30.775  -15.213  29.428 0.2000000030
60735  29.906  -15.190  29.024 0.2000000030
60756  27.666  -14.877  28.298 0.2000000030
107881  36.126  -13.508  29.998 0.1000000015
61677  35.263  -13.520  29.860 0.1000000015
98389  34.880  -13.576  30.297 0.1000000015
61680  32.858  -13.881  29.047 0.1000000015
60733  32.132  -14.310  29.276 0.1000000015
60769  28.017  -14.351  27.672 0.2000000030
61688  29.879  -14.032  27.820 0.2000000030
61701  29.459  -13.589  27.175 0.2000000030
102082  29.088  -13.164  26.502 0.2000000030
61717  27.675  -13.272  26.716 0.2000000030
61727  28.759  -12.752  25.836 0.2000000030
110016  40.210  -15.454  25.063 0.1000000015
59936  39.654  -15.223  23.516 0.3000000119
97609  38.633  -15.556  24.665 0.1000000015
59924  40.807  -15.209  24.535 0.3000000119
62598  30.365  -12.108  22.555 0.2000000030
106040  29.815  -10.697  22.841 0.2000000030
64076  30.912  -10.587  21.997 0.2000000030
64692  33.948  -10.013  19.848 0.4000000060
66775  40.847  -6.077  17.853 0.6000000238
103560  24.994  -13.887  34.632 0.1000000015
61581  29.621  -12.937  35.343 0.1000000015
61621  23.685  -13.424  33.427 0.1000000015
61598  29.421  -13.315  34.670 0.1000000015
60662  30.748  -14.302  34.374 0.1000000015
60661  31.536  -14.617  34.521 0.1000000015
107082  34.012  -15.479  33.902 0.1000000015
59813  33.953  -15.506  33.204 0.1000000015
62521  39.136  -12.527  32.191 0.2000000030
60684  35.566  -14.516  32.441 0.2000000030
60685  34.886  -14.850  32.253 0.1000000015
59812  34.536  -15.316  33.585 0.1000000015
60683  36.298  -14.248  32.674 0.2000000030
60694  35.258  -14.235  31.650 0.2000000030
116727  37.165  -13.227  30.746 0.2000000030
61648  34.896  -13.830  30.887 0.1000000015
60723  42.592  -13.871  29.934 0.2000000030
59880  41.115  -15.487  27.333 0.2000000030
62556  27.401  -12.638  26.273 0.2000000030
62565  28.373  -12.261  25.308 0.2000000030
63363  28.486  -11.304  24.332 0.2000000030
64686  33.921  -9.312  20.346 0.3000000119
65311  34.570  -8.739  20.443 0.3000000119
66778  38.539  -6.927  18.726 0.4000000060
65310  35.346  -8.356  20.448 0.3000000119
60652  32.672  -14.294  35.330 0.2000000030
60646  33.890  -13.982  35.995 0.1000000015
59803  33.712  -15.278  34.476 0.2000000030
60660  32.335  -14.810  34.705 0.1000000015
59802  34.485  -15.256  34.328 0.2000000030
61614  37.411  -13.999  33.494 0.2000000030
63352  26.225  -11.738  26.235 0.2000000030
62567  26.871  -12.056  26.019 0.2000000030
64054  27.229  -10.620  25.188 0.2000000030
65299  30.195  -8.999  22.630 0.3000000119
64679  31.003  -9.147  22.159 0.3000000119
65307  32.273  -8.682  21.767 0.3000000119
65306  32.945  -8.608  21.613 0.3000000119
66773  38.853  -6.837  19.467 0.4000000060
109974  38.249  -7.143  19.981 0.4000000060
65302  36.108  -8.085  20.970 0.4000000060
61558  34.306  -13.422  36.627 0.1000000015
60649  35.484  -14.595  35.494 0.1000000015
59792  34.361  -15.039  34.971 0.2000000030
64055  26.508  -10.396  25.573 0.2000000030
64666  28.144  -9.470  24.206 0.2000000030
64667  27.517  -9.300  24.627 0.2000000030
66770  41.335  -5.871  19.528 0.5000000000
66763  39.303  -7.290  21.227 0.4000000060
65303  35.188  -8.361  21.433 0.4000000060
60643  36.702  -13.998  36.291 0.1000000015
60648  36.394  -14.461  35.506 0.1000000015
65950  29.355  -7.116  23.827 0.2000000030
65966  29.029  -7.769  23.628 0.2000000030
65965  29.777  -7.521  23.387 0.2000000030
65963  31.387  -7.062  23.358 0.2000000030
111724  39.860  -7.049  21.313 0.3000000119
65976  33.773  -7.929  22.749 0.3000000119
65293  36.193  -8.453  22.752 0.4000000060
98853  29.903  -6.319  27.191 0.2000000030
67509  30.789  -6.244  27.500 0.2000000030
66723  29.031  -6.234  25.371 0.2000000030
66703  28.978  -6.130  26.887 0.2000000030
97343  29.662  -6.182  26.163 0.2000000030
66740  27.812  -6.728  25.047 0.2000000030
66739  28.464  -6.609  24.813 0.2000000030
115607  30.491  -6.350  25.906 0.2000000030
66738  29.395  -6.587  24.483 0.2000000030
66702  31.262  -6.510  26.165 0.3000000119
112488  31.528  -6.771  23.989 0.2000000030
66757  41.153  -6.374  22.063 0.3000000119
66758  40.424  -6.999  22.325 0.3000000119
65975  38.358  -7.955  22.035 0.4000000060
65961  33.610  -7.816  23.560 0.2000000030
65974  39.683  -7.676  22.885 0.4000000060
65291  37.946  -8.405  22.776 0.4000000060
66735  31.931  -6.902  24.614 0.2000000030
60964  43.100  -14.227  8.541 0.2000000030
61893  42.994  -14.252  7.290 0.3000000119
60981  42.214  -14.378  5.098 0.2000000030
66712  42.498  -6.298  25.443 0.4000000060
60954  46.003  -14.353  9.887 0.4000000060
61879  45.105  -13.953  9.148 0.4000000060
111021  45.116  -14.338  10.024 0.4000000060
61880  44.026  -13.989  8.830 0.4000000060
60955  44.269  -14.212  9.811 0.2000000030
60939  44.656  -14.531  10.613 0.3000000119
101871  43.846  -13.978  7.577 0.3000000119
61917  42.981  -13.848  4.477 0.2000000030
60989  42.030  -14.044  3.867 0.2000000030
60990  41.247  -14.032  3.869 0.1000000015
61919  40.250  -13.958  4.426 0.1000000015
61907  39.171  -13.309  6.280 0.1000000015
62783  39.879  -12.873  7.209 0.1000000015
70592  41.205  -1.694  29.979 0.2000000030
69092  42.263  -3.714  29.722 0.2000000030
69855  41.601  -2.779  29.695 0.2000000030
60953  47.271  -14.419  9.770 0.4000000060
60936  47.930  -14.729  10.623 0.4000000060
61891  45.635  -13.691  8.163 0.4000000060
61892  44.728  -13.760  7.946 0.3000000119
61905  42.882  -14.277  5.883 0.2000000030
61928  41.944  -13.763  3.808 0.2000000030
61906  39.974  -13.223  5.695 0.1000000015
61918  41.241  -13.724  3.965 0.1000000015
62796  40.878  -13.145  4.951 0.1000000015
62770  39.827  -12.716  8.303 0.1000000015
62782  40.707  -12.694  6.695 0.1000000015
62768  41.397  -12.346  7.804 0.1000000015
62755  41.991  -12.068  8.731 0.2000000030
62756  41.170  -12.288  8.971 0.2000000030
64146  42.279  -10.463  9.947 0.2000000030
64767  43.267  -9.399  9.433 0.2000000030
60934  50.164  -14.058  10.943 0.4000000060
115457  48.550  -14.541  10.046 0.4000000060
60952  48.436  -14.151  9.377 0.4000000060
61877  47.279  -13.901  8.846 0.4000000060
61890  46.465  -13.648  8.258 0.4000000060
98740  45.390  -13.256  5.898 0.3000000119
61903  44.580  -13.634  6.308 0.3000000119
61915  44.831  -13.235  4.965 0.3000000119
61904  43.616  -13.965  5.991 0.3000000119
61916  44.017  -13.465  4.773 0.3000000119
101950  43.366  -13.332  4.254 0.3000000119
61927  42.505  -13.660  3.932 0.2000000030
62800  42.548  -13.421  3.913 0.2000000030
62795  41.946  -13.029  4.393 0.1000000015
62781  41.611  -12.521  6.182 0.1000000015
62767  42.285  -12.187  7.530 0.1000000015
65375  39.882  -8.344  11.105 0.1000000015
63504  42.831  -11.808  8.522 0.2000000030
64156  43.053  -10.449  9.523 0.2000000030
65383  40.590  -8.661  10.654 0.1000000015
64768  42.533  -9.600  9.756 0.2000000030
64769  42.033  -9.088  9.860 0.2000000030
60950  50.208  -14.083  10.354 0.4000000060
60951  49.674  -14.253  9.911 0.4000000060
98074  47.228  -13.399  7.875 0.4000000060
99463  46.171  -13.356  7.068 0.4000000060
61902  46.004  -12.772  5.661 0.4000000060
61914  45.303  -13.020  5.054 0.3000000119
61926  44.362  -13.012  4.491 0.3000000119
62794  43.043  -12.747  4.426 0.3000000119
62766  43.182  -11.956  7.249 0.2000000030
98599  39.350  -8.076  11.569 0.1000000015
63493  42.457  -11.369  9.460 0.2000000030
65382  40.940  -8.285  9.931 0.2000000030
64758  41.397  -9.030  10.296 0.2000000030
62777  47.112  -12.879  6.683 0.5000000000
62791  45.396  -12.564  4.905 0.4000000060
61925  44.909  -12.900  4.733 0.3000000119
63522  46.181  -12.101  5.279 0.4000000060
62779  43.573  -12.163  5.513 0.2000000030
65394  41.704  -8.516  9.643 0.2000000030
65393  42.534  -8.693  9.426 0.2000000030
66074  40.486  -7.760  9.335 0.2000000030
64161  45.282  -10.831  8.236 0.3000000119
64163  43.686  -10.918  9.124 0.2000000030
64155  43.888  -10.145  9.234 0.2000000030
64160  46.101  -10.373  7.963 0.3000000119
64162  44.338  -10.880  8.727 0.3000000119
64776  45.403  -9.807  8.490 0.3000000119
64777  44.646  -10.005  8.827 0.2000000030
104046  44.820  -9.206  8.734 0.2000000030
64766  44.116  -9.128  9.090 0.2000000030
65403  42.692  -8.066  8.680 0.2000000030
65404  41.969  -8.094  9.029 0.2000000030
66073  41.272  -7.983  9.242 0.2000000030
64785  46.921  -10.031  7.552 0.3000000119
64784  47.838  -9.643  7.222 0.4000000060
64775  46.177  -9.514  8.187 0.4000000060
65401  45.429  -8.759  8.445 0.2000000030
65391  43.960  -8.360  8.751 0.2000000030
66066  39.058  -7.300  10.009 0.1000000015
66076  38.698  -6.979  9.132 0.2000000030
65392  43.357  -8.526  9.065 0.2000000030
66875  37.738  -6.619  8.894 0.2000000030
65412  47.785  -8.688  7.337 0.4000000060
66075  39.602  -7.419  9.287 0.1000000015
112719  39.134  -7.208  8.404 0.1000000015
69246  36.041  -3.127  10.303 0.3000000119
65413  46.920  -9.183  7.758 0.4000000060
113632  46.214  -8.714  8.165 0.4000000060
65402  44.584  -8.513  8.610 0.2000000030
66087  40.066  -7.452  8.531 0.2000000030
66085  42.032  -7.750  8.248 0.2000000030
66086  40.885  -7.660  8.612 0.2000000030
106753  37.049  -6.622  7.823 0.3000000119
114494  35.990  -6.109  7.465 0.2000000030
115092  47.216  -7.824  7.368 0.4000000060
70033  36.653  -2.629  9.918 0.4000000060
65400  45.868  -8.013  8.057 0.3000000119
110060  38.185  -6.906  8.249 0.2000000030
69257  36.230  -3.473  9.544 0.3000000119
66082  45.027  -7.936  8.195 0.4000000060
105418  41.508  -7.790  8.654 0.2000000030
66084  43.478  -7.930  8.396 0.2000000030
113591  36.207  -6.075  6.842 0.3000000119
68507  35.424  -5.107  7.722 0.3000000119
70026  36.314  -2.283  10.600 0.3000000119
66096  46.418  -7.566  7.411 0.4000000060
70775  36.651  -1.584  9.960 0.4000000060
66083  44.251  -7.892  8.284 0.3000000119
68496  35.955  -4.475  8.106 0.3000000119
101975  36.384  -3.741  8.874 0.3000000119
67717  36.028  -5.560  7.155 0.3000000119
68506  36.132  -4.898  7.186 0.3000000119
66111  46.313  -6.996  6.619 0.4000000060
66112  45.479  -6.881  6.226 0.4000000060
66113  44.577  -7.238  6.670 0.4000000060
98760  41.332  -7.611  7.951 0.3000000119
66097  45.449  -7.470  7.361 0.4000000060
66098  44.618  -7.597  7.693 0.4000000060
66100  42.785  -7.630  7.629 0.3000000119
70040  36.912  -3.054  9.254 0.4000000060
70032  37.090  -2.185  9.308 0.4000000060
70782  37.033  -1.301  9.062 0.4000000060
71478  36.512  -0.625  9.466 0.4000000060
70790  37.392  -1.864  8.524 0.4000000060
66883  37.642  -6.849  7.399 0.3000000119
69270  36.947  -3.974  7.723 0.3000000119
69264  36.910  -3.487  8.529 0.4000000060
70039  37.279  -2.699  8.694 0.4000000060
66884  36.729  -6.461  6.792 0.3000000119
66893  45.512  -6.220  5.026 0.4000000060
66894  44.846  -6.717  5.682 0.4000000060
66114  43.781  -7.252  6.420 0.4000000060
66102  40.540  -7.493  7.766 0.2000000030
66103  39.587  -7.326  7.597 0.3000000119
71484  36.786  -0.521  8.722 0.4000000060
115504  36.439  -0.190  8.983 0.4000000060
72156  36.440  0.264  8.568 0.4000000060
66088  38.551  -7.113  7.472 0.3000000119
113040  37.297  -3.171  8.121 0.4000000060
68517  36.617  -5.207  6.439 0.3000000119
66898  37.218  -6.426  5.890 0.3000000119
66885  36.631  -5.919  6.321 0.3000000119
74176  34.384  3.158  11.167 0.4000000060
74187  35.070  2.941  10.633 0.4000000060
101608  35.548  2.775  10.256 0.6000000238
66905  45.701  -5.375  4.628 0.4000000060
73522  35.648  2.298  9.762 0.6000000238
72817  35.808  1.659  9.051 0.6000000238
66122  43.262  -7.043  5.540 0.4000000060
72157  35.827  0.845  8.928 0.6000000238
107023  41.075  -7.507  6.986 0.3000000119
72823  36.341  1.238  8.259 0.4000000060
71483  37.316  -0.944  8.119 0.4000000060
70045  37.531  -2.489  7.940 0.5000000000
70799  37.673  -1.661  7.592 0.5000000000
66104  39.027  -7.165  6.418 0.3000000119
97318  37.782  -6.886  6.546 0.3000000119
68505  37.151  -4.244  6.865 0.5000000000
69269  37.482  -3.265  7.368 0.5000000000
66897  38.117  -6.828  5.490 0.3000000119
67731  37.144  -5.382  5.673 0.3000000119
98882  35.947  4.076  10.726 0.3000000119
74175  35.197  3.754  10.955 0.2000000030
74196  36.050  2.987  10.046 0.5000000000
66906  44.580  -6.270  4.876 0.4000000060
73521  36.264  2.547  9.393 0.6000000238
66895  44.121  -6.822  5.619 0.4000000060
72822  36.759  1.892  7.737 0.6000000238
66123  41.796  -7.214  5.268 0.4000000060
66124  40.862  -7.325  5.737 0.4000000060
72164  36.734  0.547  7.770 0.6000000238
66117  40.159  -7.412  6.743 0.3000000119
71491  37.276  -0.117  7.447 0.6000000238
70052  37.813  -2.418  6.984 0.5000000000
102899  37.750  -3.332  6.273 0.5000000000
66912  37.680  -6.272  5.002 0.4000000060
107337  37.218  -5.959  5.543 0.3000000119
68516  37.371  -4.464  5.946 0.5000000000
102607  36.260  3.596  10.330 0.3000000119
66917  44.974  -5.789  4.628 0.5000000000
74195  36.630  3.315  9.815 0.5000000000
66918  44.273  -5.789  4.452 0.5000000000
66908  42.953  -6.417  4.473 0.4000000060
73531  36.485  2.157  8.570 0.6000000238
66125  39.889  -7.218  5.763 0.4000000060
66910  41.207  -6.781  4.598 0.4000000060
102213  40.241  -6.885  4.773 0.4000000060
72163  37.119  0.780  7.027 0.6999999881
66896  39.186  -6.985  5.046 0.4000000060
71499  37.754  -0.838  7.083 0.6000000238
66911  38.508  -6.505  4.453 0.5000000000
112788  38.759  -5.931  3.779 0.5000000000
70803  38.068  -1.585  6.560 0.6999999881
67750  38.110  -5.958  4.308 0.5000000000
67741  37.642  -5.509  4.784 0.5000000000
68533  37.915  -4.769  4.333 0.5000000000
69277  37.909  -3.766  5.281 0.5000000000
70051  38.206  -2.386  5.973 0.6999999881
69285  38.154  -4.108  4.501 0.5000000000
68532  38.440  -4.498  3.985 0.5000000000
67744  44.871  -5.161  4.501 0.5000000000
67745  44.135  -5.307  4.447 0.6000000238
66920  42.639  -5.949  4.131 0.5000000000
66909  42.085  -6.444  4.402 0.4000000060
66921  41.431  -6.152  4.087 0.5000000000
107820  37.707  0.084  6.588 0.6999999881
66922  40.685  -6.268  4.031 0.5000000000
66923  39.569  -6.438  3.946 0.5000000000
67749  39.433  -5.770  3.596 0.6000000238
70802  38.616  -1.708  5.635 0.6999999881
67751  38.232  -5.291  3.998 0.6000000238
69276  38.234  -3.021  5.472 0.6000000238
69284  38.536  -3.397  4.857 0.6000000238
68530  39.656  -5.232  3.678 0.6000000238
68531  38.919  -5.027  3.538 0.6000000238
69291  38.720  -3.867  4.263 0.6000000238
107900  38.870  -4.249  3.879 0.6000000238
67736  44.403  -4.846  4.705 0.5000000000
67726  44.367  -4.627  5.126 0.6000000238
66919  43.455  -5.747  4.284 0.5000000000
67737  43.691  -5.088  4.686 0.6000000238
67746  41.938  -5.900  4.094 0.6000000238
67728  42.815  -5.064  5.002 0.6999999881
67747  41.189  -5.957  3.893 0.6000000238
117504  41.549  -5.818  4.100 0.6000000238
67748  40.300  -5.833  3.665 0.6000000238
67740  41.014  -5.429  4.317 0.6000000238
68523  40.275  -4.918  4.118 0.6999999881
68524  39.419  -4.378  3.994 0.6999999881
69282  40.205  -4.099  5.010 0.6999999881
69854  42.453  -2.990  30.374 0.2000000030
62793  44.025  -12.619  4.502 0.3000000119
62778  44.389  -12.003  5.280 0.3000000119
63515  44.072  -11.731  6.891 0.2000000030
63503  43.754  -11.534  8.389 0.2000000030
63492  43.200  -11.294  9.130 0.2000000030
67739  41.927  -5.403  4.589 0.6000000238
60926  45.165  -14.866  11.332 0.4000000060
60937  46.727  -14.692  10.608 0.4000000060
60938  45.652  -14.625  10.663 0.4000000060
61878  46.254  -13.976  9.055 0.4000000060
62780  42.593  -12.347  5.833 0.1000000015
114098  45.304  -13.542  7.135 0.4000000060
62792  44.708  -12.497  4.690 0.3000000119
63514  45.278  -11.910  5.376 0.3000000119
113982  44.811  -11.645  6.467 0.3000000119
64169  46.828  -10.832  7.093 0.3000000119
63513  46.376  -11.514  5.990 0.3000000119
64170  46.066  -11.004  7.429 0.3000000119
63502  44.685  -11.476  7.883 0.3000000119
102275  46.708  -8.294  7.778 0.4000000060
66099  43.813  -7.547  7.478 0.3000000119
97527  43.205  -7.410  6.694 0.4000000060
66101  41.880  -7.562  7.259 0.3000000119
71492  36.891  -0.158  8.113 0.4000000060
74186  35.702  3.371  10.504 0.4000000060
66115  42.432  -7.362  6.259 0.4000000060
66116  41.613  -7.436  6.312 0.3000000119
68525  37.623  -4.658  5.028 0.4000000060
74775  34.584  4.169  11.440 0.2000000030
66907  43.772  -6.347  4.664 0.5000000000
111950  42.515  -7.044  5.023 0.4000000060
73520  36.979  2.883  9.102 0.5000000000
67738  42.763  -5.607  4.387 0.6000000238
63501  45.464  -11.386  6.954 0.3000000119
68320  38.648  -4.544  26.483 0.2000000030
67522  37.474  -4.953  25.806 0.2000000030
67521  38.140  -5.190  26.067 0.2000000030
66715  36.990  -6.650  25.416 0.2000000030
66716  36.068  -6.410  25.313 0.2000000030
66700  38.522  -6.260  26.002 0.2000000030
65931  37.366  -7.672  25.295 0.2000000030
65932  36.488  -7.544  25.213 0.2000000030
117763  35.113  -7.587  25.297 0.2000000030
116039  33.925  -7.914  25.163 0.2000000030
66714  37.845  -6.849  25.589 0.2000000030
65946  35.987  -8.331  24.903 0.2000000030
65945  36.894  -8.350  24.925 0.3000000119
65268  36.014  -8.732  24.323 0.2000000030
68321  37.713  -4.281  26.100 0.2000000030
68319  39.463  -4.866  26.937 0.2000000030
67534  36.923  -5.104  25.604 0.2000000030
103285  38.549  -7.125  25.780 0.2000000030
68331  37.100  -4.524  25.770 0.2000000030
67535  36.176  -5.283  25.454 0.2000000030
66717  35.171  -6.856  25.359 0.2000000030
66718  34.388  -6.512  25.488 0.2000000030
65935  33.697  -7.336  25.410 0.2000000030
65267  37.219  -8.776  24.446 0.3000000119
69856  40.801  -2.211  29.353 0.1000000015
69861  40.362  -2.540  28.677 0.1000000015
69099  39.964  -2.995  28.020 0.1000000015
105679  39.010  -3.328  27.081 0.2000000030
69106  39.582  -3.537  27.450 0.1000000015
69121  39.180  -3.992  26.903 0.2000000030
69122  38.376  -3.572  26.592 0.2000000030
69105  40.359  -3.999  27.852 0.1000000015
69140  36.877  -3.901  25.861 0.2000000030
67520  39.027  -5.519  26.480 0.2000000030
65921  39.061  -7.065  26.102 0.2000000030
68332  36.469  -4.477  25.620 0.2000000030
67536  35.212  -5.571  25.427 0.2000000030
105221  38.231  -7.766  25.446 0.3000000119
65944  37.820  -8.466  25.025 0.3000000119
65280  36.599  -8.846  23.786 0.3000000119
66627  35.646  -6.541  32.745 0.1000000015
66629  33.080  -7.425  32.946 0.1000000015
70584  42.520  -1.172  31.096 0.1000000015
70600  40.180  -1.686  29.083 0.1000000015
69848  42.007  -1.987  30.492 0.1000000015
69862  39.598  -2.024  28.380 0.1000000015
69107  39.169  -2.699  27.574 0.1000000015
66705  27.293  -6.463  26.346 0.1000000015
66725  27.385  -6.748  25.546 0.1000000015
69098  41.036  -4.008  28.569 0.1000000015
69123  37.406  -3.347  26.248 0.2000000030
65936  27.437  -7.169  25.053 0.1000000015
68310  40.281  -5.144  27.533 0.2000000030
67507  39.854  -5.855  27.014 0.2000000030
67495  40.953  -5.783  27.886 0.2000000030
66699  39.522  -6.608  26.541 0.2000000030
69141  36.025  -3.721  25.676 0.2000000030
65930  39.081  -7.755  25.712 0.3000000119
65258  39.299  -8.179  25.324 0.3000000119
114184  38.430  -8.577  24.809 0.2000000030
65279  37.525  -8.800  23.666 0.3000000119
67435  37.817  -5.568  33.499 0.1000000015
67427  37.629  -5.831  34.043 0.1000000015
67419  37.099  -5.672  34.815 0.1000000015
67450  37.151  -5.864  32.724 0.1000000015
109952  36.483  -6.284  32.875 0.1000000015
67451  36.431  -6.012  32.076 0.1000000015
66636  35.417  -6.331  31.949 0.1000000015
66628  34.652  -6.848  32.739 0.1000000015
100474  33.836  -7.217  32.756 0.1000000015
65886  32.457  -7.453  32.387 0.1000000015
66639  32.582  -7.269  31.728 0.1000000015
66640  31.844  -7.476  31.842 0.1000000015
66652  29.582  -7.319  30.329 0.1000000015
72007  44.320  0.305  31.399 0.1000000015
66673  28.568  -6.712  28.518 0.1000000015
114443  40.598  -1.434  29.644 0.1000000015
66704  28.129  -6.141  26.608 0.1000000015
69843  43.072  -2.266  31.167 0.1000000015
69097  41.626  -3.815  29.166 0.1000000015
69863  38.822  -1.863  27.925 0.1000000015
113470  42.209  -4.423  29.300 0.1000000015
68301  42.523  -5.119  29.188 0.1000000015
67494  41.604  -5.873  28.302 0.2000000030
67506  40.602  -6.237  27.457 0.2000000030
68333  35.633  -4.480  25.521 0.2000000030
67537  34.230  -5.352  25.631 0.2000000030
107749  33.428  -6.365  25.780 0.2000000030
66681  40.868  -6.979  27.228 0.2000000030
65920  39.663  -7.458  26.254 0.2000000030
66719  32.881  -7.229  25.562 0.2000000030
67505  41.329  -6.436  27.773 0.2000000030
109714  40.675  -7.285  26.680 0.2000000030
65265  39.075  -8.451  24.825 0.3000000119
65277  38.728  -8.565  24.210 0.2000000030
65278  38.349  -8.565  23.533 0.3000000119
65960  38.779  -8.108  22.747 0.3000000119
69036  37.798  -4.454  36.765 0.1000000015
69037  36.439  -3.878  36.766 0.1000000015
68233  37.626  -5.348  35.418 0.1000000015
115403  37.484  -3.638  38.226 0.1000000015
67426  38.320  -5.460  34.094 0.1000000015
68222  39.303  -5.033  36.336 0.1000000015
68214  38.784  -4.253  37.606 0.1000000015
68258  37.435  -5.081  32.824 0.1000000015
69061  37.970  -4.791  33.491 0.1000000015
68243  39.276  -4.953  34.725 0.1000000015
68232  38.858  -5.335  35.214 0.1000000015
107636  40.635  -4.334  36.949 0.1000000015
68269  36.866  -5.240  32.199 0.1000000015
68231  39.710  -5.047  35.327 0.1000000015
68220  40.096  -4.936  35.653 0.1000000015
68212  40.209  -4.815  36.000 0.1000000015
67461  34.932  -5.880  31.262 0.1000000015
66637  34.412  -6.714  31.994 0.1000000015
66638  33.372  -7.189  32.084 0.1000000015
99110  31.084  -7.415  31.789 0.1000000015
67462  34.054  -6.267  31.189 0.1000000015
66648  33.134  -6.526  31.089 0.1000000015
66649  32.244  -6.904  31.067 0.1000000015
66641  30.346  -7.137  31.504 0.1000000015
66642  29.443  -6.956  31.178 0.1000000015
67476  31.926  -6.382  30.256 0.1000000015
66650  31.430  -7.181  31.076 0.1000000015
66661  31.056  -6.857  30.159 0.1000000015
66662  30.317  -7.014  29.749 0.1000000015
66663  29.603  -7.121  29.536 0.1000000015
66671  30.220  -6.655  28.924 0.1000000015
66672  29.430  -6.749  28.726 0.1000000015
66685  28.332  -6.311  27.558 0.1000000015
101671  43.205  0.358  31.145 0.1000000015
70585  41.598  -1.026  30.534 0.1000000015
71338  42.171  -0.199  30.884 0.1000000015
71339  41.309  -0.346  30.463 0.1000000015
70593  40.790  -0.743  30.098 0.1000000015
69867  41.927  -1.742  27.440 0.1000000015
70610  41.596  -1.176  27.272 0.1000000015
70601  39.480  -1.147  29.055 0.1000000015
69868  38.394  -2.295  27.312 0.2000000030
69880  37.918  -2.712  26.699 0.2000000030
69124  36.493  -3.101  26.001 0.2000000030
67538  32.492  -6.667  26.110 0.2000000030
67504  42.034  -6.400  28.155 0.2000000030
68334  34.758  -4.450  25.585 0.2000000030
66697  41.241  -7.120  26.862 0.2000000030
65919  40.268  -7.609  26.252 0.3000000119
65918  40.856  -7.423  26.171 0.3000000119
65928  40.407  -7.739  25.531 0.3000000119
65927  41.097  -7.223  25.253 0.3000000119
65942  40.643  -7.457  24.568 0.3000000119
66713  41.600  -6.888  25.943 0.3000000119
66734  41.221  -6.920  24.412 0.3000000119
65959  39.448  -8.208  24.033 0.4000000060
66733  41.730  -6.638  24.867 0.3000000119
65958  40.201  -7.628  23.817 0.3000000119
99776  41.633  -6.498  23.944 0.3000000119
66747  40.946  -6.920  23.633 0.3000000119
66746  41.556  -6.313  23.026 0.2000000030
68999  36.028  -3.679  39.339 0.1000000015
69013  36.776  -3.517  38.659 0.1000000015
69070  36.815  -4.337  32.590 0.1000000015
69052  37.457  -3.594  33.920 0.1000000015
69051  38.446  -4.402  34.229 0.1000000015
69044  39.062  -4.103  34.900 0.1000000015
69792  42.147  -2.996  37.988 0.1000000015
69071  36.194  -4.095  32.076 0.1000000015
68270  36.342  -5.219  31.648 0.1000000015
69078  35.739  -4.503  31.315 0.1000000015
68279  35.760  -5.554  31.424 0.1000000015
68280  35.117  -4.892  30.746 0.1000000015
67473  34.498  -5.461  30.692 0.1000000015
67474  33.713  -5.655  30.485 0.1000000015
67475  32.784  -5.962  30.361 0.1000000015
68290  34.307  -4.775  30.052 0.1000000015
67487  32.446  -5.551  29.564 0.1000000015
67488  31.639  -6.015  29.385 0.1000000015
67489  30.930  -6.442  29.159 0.1000000015
67498  30.781  -6.241  28.350 0.1000000015
105735  42.493  0.577  30.648 0.1000000015
71340  40.808  -0.043  30.299 0.1000000015
71365  42.114  -0.522  27.508 0.1000000015
71345  40.149  -0.037  29.939 0.1000000015
101271  39.008  -1.370  28.534 0.1000000015
69142  35.144  -3.644  25.665 0.2000000030
67574  41.939  -5.877  22.248 0.2000000030
72805  33.912  1.526  11.866 0.2000000030
107552  33.437  1.842  12.404 0.3000000119
72128  34.145  0.628  12.244 0.2000000030
72142  34.946  0.786  11.008 0.3000000119
102492  34.421  0.946  11.592 0.2000000030
72135  34.754  0.226  11.793 0.2000000030
72141  35.471  0.295  10.462 0.3000000119
71465  35.322  -0.137  11.261 0.3000000119
71472  35.836  -0.523  10.714 0.3000000119
70776  36.171  -1.459  10.841 0.3000000119
69063  36.274  -3.410  32.938 0.1000000015
69062  37.112  -3.988  33.185 0.1000000015
69836  35.496  -2.925  32.611 0.1000000015
69079  35.116  -3.761  30.956 0.1000000015
69085  34.786  -4.020  30.157 0.1000000015
67486  33.367  -5.166  29.759 0.1000000015
67496  32.091  -5.249  28.696 0.1000000015
67497  31.411  -5.805  28.515 0.1000000015
72677  45.770  1.694  28.703 0.1000000015
72671  44.438  1.450  29.966 0.1000000015
72017  42.814  1.108  30.213 0.1000000015
72013  41.452  0.255  30.464 0.1000000015
71346  39.412  -0.345  29.473 0.1000000015
69881  36.999  -2.473  26.442 0.2000000030
107492  33.568  -5.186  25.944 0.2000000030
66745  42.108  -6.105  23.585 0.3000000119
73499  33.086  2.454  12.546 0.3000000119
73505  34.022  2.265  11.361 0.3000000119
72804  34.428  1.536  11.160 0.3000000119
103817  35.582  0.674  9.666 0.3000000119
108300  35.209  0.945  10.258 0.4000000060
72148  36.112  0.160  9.244 0.3000000119
72149  35.972  -0.128  9.960 0.3000000119
71471  36.311  -0.841  10.240 0.3000000119
69831  36.531  -2.960  33.676 0.1000000015
69072  35.335  -3.364  31.799 0.1000000015
69844  34.590  -2.781  31.521 0.1000000015
69849  34.435  -3.065  30.686 0.1000000015
69086  34.278  -3.302  29.910 0.1000000015
68297  33.765  -4.405  29.305 0.1000000015
68298  32.904  -4.759  28.970 0.1000000015
68304  32.500  -4.472  28.080 0.1000000015
68305  31.821  -5.125  27.875 0.1000000015
67508  31.251  -5.840  27.943 0.1000000015
111797  32.463  -4.472  27.388 0.1000000015
110810  32.017  -5.167  27.295 0.1000000015
72678  45.501  1.673  29.345 0.1000000015
98092  42.873  1.554  29.465 0.1000000015
72019  40.769  0.475  30.101 0.1000000015
67524  32.074  -6.025  26.787 0.2000000030
72674  40.159  0.621  29.733 0.1000000015
67523  32.865  -5.614  26.303 0.2000000030
70611  38.150  -1.672  27.692 0.2000000030
68335  33.967  -4.363  25.834 0.2000000030
72044  40.493  -0.058  26.123 0.1000000015
74220  39.708  2.905  6.558 0.5000000000
73550  39.021  2.571  5.890 0.5000000000
73538  38.961  2.735  6.907 0.5000000000
73506  33.547  2.351  11.953 0.3000000119
73539  38.157  2.590  7.209 0.5000000000
104224  33.753  2.916  11.623 0.3000000119
72187  40.553  0.451  2.885 0.5000000000
73568  39.781  2.144  3.580 0.5000000000
73551  38.126  2.354  6.230 0.5000000000
72811  34.910  1.518  10.529 0.4000000060
73513  34.565  2.247  10.788 0.4000000060
72853  39.474  1.389  3.586 0.5000000000
72837  38.271  2.164  5.089 0.5000000000
72810  35.360  1.467  9.808 0.5000000000
71510  39.934  -0.378  3.411 0.6000000238
72188  40.074  0.483  2.921 0.5000000000
71505  40.165  -0.805  4.432 0.6000000238
71498  38.350  -0.771  5.973 0.6000000238
70056  39.520  -2.872  5.186 0.6000000238
102557  39.288  -2.262  5.264 0.6000000238
69283  39.424  -3.568  4.601 0.6000000238
69290  39.011  -3.805  4.179 0.6000000238
70057  39.018  -3.179  4.729 0.6000000238
69837  34.745  -2.486  32.296 0.1000000015
69832  35.641  -2.379  33.455 0.1000000015
69845  33.829  -2.298  31.249 0.1000000015
100714  33.226  -1.880  30.883 0.1000000015
69850  33.715  -2.487  30.418 0.1000000015
112213  34.159  -3.408  29.403 0.1000000015
68303  33.416  -4.007  28.523 0.1000000015
69101  33.018  -3.818  27.588 0.1000000015
73374  45.898  2.249  28.012 0.1000000015
101943  44.329  1.983  29.155 0.1000000015
69128  32.939  -3.879  26.865 0.2000000030
72672  41.847  1.197  29.780 0.1000000015
68322  33.234  -4.468  26.336 0.2000000030
68323  32.508  -4.791  26.800 0.2000000030
72673  40.816  1.061  29.648 0.1000000015
69126  34.617  -2.951  26.085 0.2000000030
69143  34.423  -3.716  25.809 0.2000000030
72020  39.487  0.399  29.544 0.1000000015
70602  38.360  -1.219  28.327 0.1000000015
69882  36.051  -2.308  26.298 0.2000000030
69125  35.559  -2.944  25.909 0.2000000030
72035  41.999  0.016  26.905 0.1000000015
72042  42.822  0.525  26.578 0.1000000015
69869  37.505  -1.861  27.104 0.2000000030
72043  41.227  0.080  26.437 0.1000000015
72050  41.816  0.548  25.985 0.1000000015
74211  38.795  3.092  7.742 0.5000000000
74203  38.497  3.488  8.515 0.4000000060
73529  38.036  2.821  8.064 0.4000000060
74204  37.722  3.212  8.824 0.4000000060
73540  37.416  2.345  7.445 0.5000000000
73552  37.564  2.226  6.679 0.5000000000
73530  37.238  2.539  8.294 0.4000000060
73512  35.147  2.212  10.267 0.5000000000
72844  38.954  2.026  4.235 0.5000000000
72838  37.543  1.963  5.932 0.6000000238
72830  37.067  1.712  6.834 0.5000000000
72189  39.435  0.452  3.714 0.6000000238
72179  38.014  1.465  5.277 0.6000000238
71506  39.693  -0.944  4.463 0.6000000238
71507  38.957  -0.462  5.015 0.6000000238
70807  39.877  -1.935  5.371 0.6000000238
70050  40.114  -2.707  5.667 0.6000000238
70809  39.070  -1.824  5.270 0.6000000238
102354  40.521  -4.229  6.250 0.6000000238
107855  39.995  -3.354  5.190 0.6000000238
68515  40.752  -4.410  6.803 0.6999999881
113521  34.334  -1.889  32.579 0.1000000015
69833  34.887  -2.102  32.961 0.1000000015
69838  34.016  -2.079  32.037 0.1000000015
71321  34.790  -0.649  33.257 0.1000000015
70575  33.335  -1.511  31.667 0.1000000015
69857  33.837  -2.719  29.485 0.1000000015
70595  33.352  -1.882  29.130 0.2000000030
69864  33.906  -2.652  28.715 0.2000000030
69100  33.643  -3.295  28.096 0.2000000030
108094  33.968  -2.602  28.001 0.2000000030
69108  33.584  -3.139  27.213 0.2000000030
73386  45.884  2.855  27.407 0.1000000015
73370  44.121  2.335  28.353 0.1000000015
69885  34.088  -2.828  26.663 0.2000000030
72688  42.632  1.967  28.492 0.1000000015
69127  33.760  -3.529  26.308 0.2000000030
110277  41.833  2.162  27.672 0.1000000015
72679  41.590  1.528  29.094 0.1000000015
72680  40.521  1.465  28.776 0.1000000015
70621  35.705  -1.709  26.804 0.2000000030
69883  35.221  -2.305  26.425 0.2000000030
71347  38.773  0.109  29.316 0.1000000015
71354  38.724  -0.637  28.960 0.1000000015
70603  37.517  -1.144  28.020 0.2000000030
70620  36.522  -1.734  26.790 0.2000000030
73548  41.663  3.308  5.558 0.5000000000
74202  39.297  3.754  8.181 0.4000000060
74194  38.108  4.026  9.288 0.3000000119
74184  37.507  4.339  9.843 0.2000000030
102636  37.313  3.648  9.562 0.4000000060
72178  38.762  0.530  4.704 0.6000000238
72170  37.465  1.165  6.164 0.6000000238
72831  36.722  1.273  7.472 0.6000000238
102609  39.904  -1.294  4.861 0.6000000238
72169  38.197  0.337  5.672 0.6000000238
105946  39.070  -1.256  5.157 0.6000000238
69275  40.482  -4.099  7.174 0.6999999881
108740  40.303  -3.606  6.194 0.6000000238
70808  39.531  -1.531  5.120 0.6000000238
70571  34.421  -1.358  32.958 0.1000000015
71329  33.415  -0.870  32.180 0.1000000015
71981  34.690  0.014  32.925 0.1000000015
71334  32.974  -0.663  31.604 0.1000000015
71335  32.641  -0.417  31.055 0.1000000015
70587  32.561  -1.095  30.095 0.1000000015
70586  32.985  -1.826  30.074 0.1000000015
70596  32.710  -1.200  29.428 0.2000000030
114454  33.822  -2.121  28.532 0.2000000030
70606  33.619  -1.475  28.597 0.2000000030
73388  43.069  2.711  26.962 0.1000000015
69871  34.204  -2.468  27.310 0.2000000030
73376  43.908  2.598  27.686 0.1000000015
110135  40.331  1.771  27.786 0.1000000015
69884  34.591  -2.353  26.765 0.2000000030
72689  41.281  1.805  28.154 0.1000000015
72690  39.631  1.467  28.343 0.1000000015
72026  38.229  0.443  28.972 0.1000000015
72027  37.671  0.034  28.848 0.2000000030
70612  35.410  -1.272  27.621 0.2000000030
72681  39.740  1.063  29.242 0.1000000015
71355  38.228  -0.121  29.035 0.1000000015
106387  36.145  -1.234  27.428 0.2000000030
110009  37.940  -0.566  28.640 0.2000000030
103237  36.870  -1.335  27.449 0.2000000030
111103  44.431  3.263  5.082 0.4000000060
74219  40.610  3.396  6.573 0.5000000000
74210  39.692  3.356  7.344 0.5000000000
74798  38.900  4.279  8.821 0.3000000119
71995  34.242  0.379  32.424 0.1000000015
71996  33.479  -0.132  32.061 0.1000000015
72009  32.943  0.219  31.366 0.1000000015
72021  32.402  0.140  29.163 0.2000000030
72031  32.712  0.164  28.643 0.2000000030
70605  34.134  -1.031  28.329 0.2000000030
70614  34.250  -1.874  28.083 0.2000000030
71359  34.923  -0.571  28.226 0.2000000030
69870  34.611  -1.966  27.378 0.2000000030
105108  39.031  1.193  28.730 0.1000000015
72682  38.283  1.125  28.582 0.2000000030
105757  37.042  0.277  28.595 0.2000000030
70622  35.052  -1.797  27.041 0.2000000030
72683  37.631  0.703  28.626 0.2000000030
71356  37.204  -0.427  28.487 0.2000000030
71366  35.846  -0.615  28.134 0.2000000030
107591  33.158  1.049  31.182 0.1000000015
72010  32.680  0.745  30.689 0.1000000015
104063  32.389  0.802  29.418 0.2000000030
72675  32.430  1.581  29.199 0.1000000015
105346  32.456  0.842  28.770 0.2000000030
71360  33.197  -0.593  28.577 0.2000000030
72030  33.206  0.314  28.276 0.2000000030
114115  33.820  0.498  28.058 0.2000000030
71358  35.646  0.068  28.417 0.2000000030
108799  33.960  -0.179  28.292 0.2000000030
72028  36.338  0.534  28.378 0.2000000030
71357  36.450  -0.178  28.478 0.2000000030
117473  37.605  1.211  28.258 0.2000000030
70604  36.662  -0.809  28.073 0.2000000030
72658  32.920  1.580  30.582 0.1000000015
72657  33.725  1.809  31.281 0.1000000015
72684  32.589  1.559  28.384 0.2000000030
72039  32.799  0.922  28.235 0.2000000030
72038  33.307  1.013  27.857 0.2000000030
72694  35.327  1.444  27.480 0.2000000030
72037  34.094  1.046  27.745 0.2000000030
72029  34.724  0.358  28.167 0.2000000030
72036  35.548  0.762  28.104 0.2000000030
72693  36.264  1.316  27.780 0.2000000030
73366  32.646  2.449  29.270 0.1000000015
73355  33.233  2.640  30.213 0.1000000015
72696  33.579  1.704  27.443 0.2000000030
72695  34.462  1.647  27.303 0.2000000030
67493  42.496  -5.883  28.751 0.2000000030
105122  41.894  0.290  26.466 0.1000000015
66680  41.644  -6.683  27.504 0.2000000030
65973  40.448  -7.179  23.066 0.2000000030
100564  35.134  -8.102  25.140 0.2000000030
66684  29.223  -6.393  27.833 0.1000000015
69860  40.990  -3.102  28.969 0.1000000015
116928  35.569  1.133  9.314 0.4000000060
70058  38.753  -2.508  5.263 0.6000000238
65934  34.531  -7.607  25.303 0.2000000030
67533  37.511  -5.787  25.660 0.2000000030
105119  36.731  -5.809  25.465 0.2000000030
65933  35.662  -7.523  25.227 0.2000000030
114709  36.535  -8.706  24.509 0.3000000119
115054  39.765  -4.297  27.330 0.2000000030
111889  40.537  -3.321  28.422 0.1000000015
66682  40.263  -6.695  27.033 0.2000000030
65259  38.659  -8.279  25.226 0.2000000030
68302  40.990  -4.980  28.196 0.2000000030
65929  39.776  -7.956  25.752 0.3000000119
65266  38.002  -8.795  24.378 0.2000000030
67417  38.931  -5.174  34.625 0.1000000015
114756  30.766  -7.292  31.113 0.1000000015
66651  30.250  -7.294  30.659 0.1000000015
68295  41.788  -4.882  28.766 0.1000000015
66698  40.254  -7.186  26.697 0.2000000030
65943  39.865  -8.118  24.890 0.3000000119
117391  39.025  -8.271  23.462 0.4000000060
102846  38.392  -5.152  35.961 0.1000000015
68213  40.138  -4.775  36.558 0.1000000015
69024  41.453  -3.805  37.714 0.1000000015
97268  40.902  -6.723  22.812 0.2000000030
72799  33.581  1.127  12.654 0.2000000030
105431  35.637  -1.027  11.425 0.3000000119
68296  34.293  -3.979  29.461 0.1000000015
114877  33.930  -3.987  29.028 0.1000000015
72845  38.733  1.509  4.406 0.6000000238
71511  39.503  -0.337  4.092 0.6000000238
99444  33.957  -3.483  28.887 0.2000000030
72058  40.203  0.806  25.029 0.1000000015
72014  32.379  0.282  30.018 0.1000000015
70607  32.960  -1.170  28.880 0.2000000030
70613  34.762  -1.427  27.839 0.2000000030
110181  47.947  -19.121  16.807 0.1000000015
56780  46.567  -19.226  18.565 0.1000000015
56795  46.958  -19.334  17.707 0.1000000015
56796  45.856  -19.039  18.550 0.1000000015
56003  47.207  -19.186  16.836 0.1000000015
55985  46.217  -19.157  17.788 0.1000000015
56782  45.492  -19.155  19.133 0.1000000015
56775  45.821  -19.658  19.652 0.1000000015
56017  46.520  -20.035  16.193 0.1000000015
56005  45.260  -19.869  17.058 0.1000000015
104189  44.358  -19.662  20.459 0.1000000015
56776  44.985  -19.522  19.752 0.1000000015
56767  45.337  -19.929  20.436 0.1000000015
56783  44.369  -19.470  19.156 0.1000000015
55986  45.076  -19.435  17.839 0.1000000015
55193  45.863  -21.484  15.645 0.1000000015
55177  45.493  -20.624  16.331 0.1000000015
55164  44.195  -20.476  17.246 0.1000000015
54311  46.455  -22.163  15.054 0.1000000015
54323  46.200  -22.382  14.363 0.1000000015
54336  45.911  -22.256  13.448 0.1000000015
56768  44.794  -19.893  21.208 0.1000000015
56777  44.024  -19.596  19.802 0.1000000015
55961  43.271  -19.863  19.338 0.1000000015
55967  44.800  -19.334  18.511 0.1000000015
55969  42.543  -20.346  18.788 0.1000000015
55987  43.978  -20.068  17.944 0.1000000015
55165  43.183  -21.023  17.446 0.1000000015
54312  44.814  -22.058  15.846 0.1000000015
55179  43.478  -21.548  16.762 0.1000000015
55166  42.205  -21.327  17.577 0.1000000015
97520  45.458  -22.386  15.146 0.1000000015
54324  45.095  -22.473  14.437 0.1000000015
54349  45.595  -21.766  12.584 0.1000000015
57650  39.089  -17.836  8.616 0.1000000015
57641  37.591  -18.258  9.644 0.1000000015
58392  38.004  -17.550  8.936 0.1000000015
56770  42.503  -19.635  21.184 0.1000000015
55954  43.049  -19.759  20.339 0.1000000015
55962  42.118  -20.160  19.646 0.1000000015
55988  42.914  -20.622  18.112 0.1000000015
107189  44.661  -22.553  15.144 0.1000000015
54302  43.830  -22.172  16.173 0.1000000015
54303  42.953  -22.296  16.294 0.1000000015
54325  44.076  -22.520  14.556 0.1000000015
55210  44.372  -21.775  12.855 0.1000000015
55222  45.155  -21.328  11.991 0.1000000015
55248  41.571  -21.897  9.133 0.1000000015
55240  40.622  -21.710  10.271 0.1000000015
55241  40.026  -21.063  10.894 0.1000000015
116037  39.515  -20.965  11.392 0.1000000015
56063  40.446  -20.907  9.959 0.1000000015
56070  40.203  -20.180  9.608 0.1000000015
56053  39.176  -20.383  11.103 0.1000000015
56864  38.614  -19.578  10.601 0.1000000015
56863  39.464  -19.840  10.176 0.1000000015
110751  37.666  -19.459  10.766 0.1000000015
58401  39.803  -17.501  7.494 0.1000000015
57631  38.087  -18.886  10.155 0.1000000015
56771  41.608  -19.469  21.196 0.1000000015
109552  42.118  -19.355  21.681 0.1000000015
55963  40.991  -20.169  19.830 0.1000000015
55955  41.827  -19.858  20.503 0.1000000015
55970  41.427  -20.505  18.965 0.1000000015
117454  40.686  -21.384  17.037 0.1000000015
103746  43.300  -22.533  15.086 0.1000000015
54315  41.911  -22.128  15.355 0.1000000015
110878  43.292  -22.338  14.341 0.1000000015
54339  42.928  -21.938  13.729 0.1000000015
55224  43.215  -21.149  12.303 0.1000000015
56050  44.621  -20.299  10.445 0.1000000015
56061  44.779  -19.856  9.342 0.1000000015
56068  44.616  -19.890  8.713 0.1000000015
55253  44.104  -20.296  8.397 0.1000000015
116369  42.184  -21.424  8.545 0.1000000015
56033  41.859  -20.972  13.229 0.1000000015
56041  42.378  -20.821  12.465 0.1000000015
56051  42.540  -19.989  11.091 0.1000000015
112736  42.954  -19.751  10.304 0.1000000015
56860  44.009  -19.658  8.880 0.1000000015
56871  43.794  -19.658  8.284 0.1000000015
56074  43.488  -20.217  7.839 0.1000000015
55255  41.490  -21.136  8.571 0.1000000015
56052  42.044  -20.318  11.899 0.1000000015
56861  43.101  -19.415  9.535 0.1000000015
56872  43.173  -19.073  8.522 0.1000000015
56081  43.053  -19.968  7.473 0.1000000015
56082  42.417  -20.003  7.395 0.1000000015
56069  40.804  -20.699  8.935 0.1000000015
56874  39.834  -19.457  9.309 0.1000000015
56852  40.824  -19.243  11.848 0.1000000015
56862  42.182  -19.373  10.504 0.1000000015
57629  41.641  -18.606  10.141 0.1000000015
57647  42.557  -18.389  7.733 0.1000000015
57653  42.583  -18.711  7.116 0.1000000015
97297  42.255  -19.016  6.975 0.1000000015
56880  40.950  -19.477  7.664 0.1000000015
56881  40.289  -19.082  8.357 0.1000000015
56875  39.017  -19.106  9.838 0.1000000015
57620  41.193  -18.941  11.058 0.1000000015
58390  41.217  -17.823  9.679 0.1000000015
57638  42.239  -18.360  9.006 0.1000000015
103846  41.852  -17.634  8.435 0.1000000015
58398  42.314  -18.161  7.008 0.1000000015
57654  41.894  -18.373  6.747 0.1000000015
57648  40.784  -18.784  7.233 0.1000000015
57649  40.017  -18.293  7.998 0.1000000015
57639  39.466  -18.678  8.998 0.1000000015
58382  40.421  -17.261  10.403 0.1000000015
58391  40.897  -17.007  9.238 0.1000000015
58400  41.632  -16.963  7.823 0.1000000015
58409  41.932  -17.742  6.637 0.1000000015
57656  40.618  -18.036  6.830 0.1000000015
57640  38.545  -18.343  9.448 0.1000000015
58414  41.555  -17.301  6.337 0.1000000015
58410  40.939  -17.812  6.350 0.1000000015
58411  40.649  -17.345  6.423 0.1000000015
58415  41.127  -17.161  6.168 0.1000000015
56761  41.521  -18.978  21.728 0.1000000015
56772  40.515  -19.192  20.563 0.1000000015
116185  40.526  -19.659  20.048 0.1000000015
55148  40.695  -20.849  18.320 0.1000000015
55957  40.108  -20.010  19.373 0.1000000015
55168  40.331  -21.045  17.600 0.1000000015
55971  39.950  -20.424  18.672 0.1000000015
56006  40.061  -20.933  16.191 0.1000000015
55194  41.246  -21.561  15.073 0.1000000015
56024  41.324  -21.126  14.088 0.1000000015
56025  40.585  -20.375  14.045 0.1000000015
56042  41.617  -20.448  12.661 0.1000000015
115967  41.016  -20.072  12.800 0.1000000015
56844  39.953  -19.098  12.905 0.1000000015
57622  39.635  -17.970  12.018 0.1000000015
58375  39.720  -17.288  11.799 0.1000000015
58374  40.019  -17.580  11.296 0.1000000015
58383  39.992  -16.960  11.026 0.1000000015
59166  40.483  -16.516  10.084 0.1000000015
107561  40.653  -15.862  9.442 0.1000000015
60064  41.029  -15.718  8.294 0.1000000015
59177  41.474  -16.392  7.169 0.1000000015
59185  41.354  -15.659  7.044 0.1000000015
59184  41.274  -16.358  6.133 0.1000000015
59192  40.799  -15.854  5.960 0.1000000015
57558  41.095  -18.497  21.600 0.1000000015
57563  40.580  -18.636  20.994 0.1000000015
58322  40.339  -18.094  20.559 0.1000000015
57570  39.411  -18.905  18.905 0.1000000015
56773  40.090  -19.312  19.820 0.1000000015
58329  39.501  -18.224  18.558 0.1000000015
55964  39.620  -19.983  18.800 0.1000000015
106097  39.250  -18.927  17.401 0.1000000015
56018  39.911  -20.452  15.497 0.1000000015
56819  39.390  -19.597  15.807 0.1000000015
58350  39.471  -18.192  15.194 0.1000000015
98040  39.440  -19.065  14.327 0.1000000015
57608  39.415  -18.447  13.797 0.1000000015
113589  39.583  -17.120  13.024 0.1000000015
59156  39.734  -16.874  12.331 0.1000000015
59154  41.022  -15.719  12.190 0.1000000015
112726  40.075  -16.554  12.019 0.1000000015
59155  40.388  -16.210  11.736 0.1000000015
60056  40.550  -15.846  10.358 0.1000000015
60063  41.006  -15.243  9.089 0.1000000015
60966  41.771  -14.788  7.538 0.1000000015
60082  41.056  -14.881  5.659 0.1000000015
60083  40.585  -14.533  5.115 0.1000000015
60983  40.656  -14.091  4.260 0.1000000015
58304  43.723  -17.551  23.997 0.1000000015
59094  41.686  -17.384  22.158 0.1000000015
58312  41.829  -17.855  22.596 0.1000000015
58308  42.407  -17.765  23.124 0.1000000015
58319  40.780  -18.002  21.370 0.1000000015
59104  40.494  -17.460  20.242 0.1000000015
59103  40.827  -17.400  20.862 0.1000000015
58326  39.666  -18.315  19.322 0.1000000015
58323  39.978  -18.386  19.899 0.1000000015
58328  39.883  -17.603  19.079 0.1000000015
59108  40.471  -17.157  19.589 0.1000000015
57575  39.285  -18.891  18.121 0.1000000015
110297  39.665  -17.905  16.806 0.1000000015
57594  39.330  -18.819  15.968 0.1000000015
58349  39.868  -17.632  15.584 0.1000000015
58355  39.894  -17.426  14.835 0.1000000015
58363  39.871  -17.107  13.866 0.2000000030
115198  41.309  -16.214  13.816 0.2000000030
111862  41.685  -15.764  12.894 0.2000000030
60034  43.053  -15.432  12.505 0.2000000030
99300  42.052  -15.472  12.303 0.1000000015
60054  41.987  -14.920  10.799 0.1000000015
60055  41.142  -15.317  10.600 0.1000000015
60942  41.542  -14.878  9.834 0.1000000015
60929  42.842  -14.757  10.944 0.2000000030
60957  42.329  -14.483  9.247 0.1000000015
60069  41.299  -15.113  7.973 0.1000000015
60965  42.304  -14.508  8.168 0.1000000015
60973  42.297  -14.508  6.793 0.1000000015
60982  41.299  -14.448  4.554 0.1000000015
57540  45.374  -18.373  24.003 0.1000000015
57539  46.376  -18.834  24.125 0.1000000015
56744  46.677  -19.820  24.151 0.1000000015
57545  46.019  -19.251  23.672 0.1000000015
59083  43.878  -16.810  24.362 0.1000000015
58303  44.640  -17.450  24.441 0.1000000015
57541  44.393  -18.085  23.916 0.1000000015
59085  43.250  -16.970  23.748 0.1000000015
59922  44.238  -16.142  24.414 0.1000000015
104714  42.980  -16.558  23.093 0.1000000015
59092  42.800  -16.284  22.197 0.2000000030
59086  42.722  -17.193  23.287 0.1000000015
59099  42.009  -16.663  21.689 0.2000000030
59098  42.753  -15.984  21.239 0.2000000030
59100  41.314  -17.365  21.536 0.2000000030
102866  40.998  -16.839  20.178 0.1000000015
59107  41.150  -16.519  19.320 0.2000000030
59112  40.496  -16.912  18.757 0.1000000015
59111  41.286  -16.374  18.403 0.1000000015
59115  41.461  -16.348  17.493 0.2000000030
109966  40.248  -17.381  16.326 0.1000000015
116177  41.801  -16.388  15.947 0.1000000015
59134  42.279  -16.101  15.459 0.2000000030
59142  40.625  -16.786  14.659 0.1000000015
115294  41.974  -16.249  14.962 0.2000000030
60023  41.930  -15.947  13.717 0.2000000030
60035  42.534  -15.675  13.096 0.2000000030
60033  44.029  -15.462  12.637 0.2000000030
60045  42.645  -15.122  11.656 0.2000000030
60043  44.473  -15.201  11.905 0.2000000030
60928  43.561  -14.899  11.409 0.2000000030
60956  43.270  -14.267  9.577 0.1000000015
56713  46.854  -19.175  25.907 0.1000000015
56729  45.610  -19.986  25.283 0.1000000015
56728  46.559  -19.742  25.119 0.1000000015
55927  46.084  -20.337  24.510 0.1000000015
117353  46.609  -19.947  24.425 0.1000000015
59934  43.675  -16.122  23.766 0.1000000015
59933  44.221  -15.339  23.248 0.2000000030
59950  43.464  -15.830  22.732 0.2000000030
59964  43.426  -15.631  21.698 0.2000000030
113188  42.191  -16.246  20.811 0.2000000030
102757  43.354  -15.478  20.759 0.2000000030
59973  42.682  -15.785  20.351 0.2000000030
59971  43.810  -15.078  20.323 0.2000000030
61797  46.788  -13.987  19.124 0.2000000030
61785  46.295  -14.022  19.881 0.2000000030
59979  42.593  -15.645  19.474 0.2000000030
59972  43.264  -15.361  19.922 0.2000000030
59981  42.624  -15.544  18.578 0.2000000030
60862  45.851  -14.278  18.419 0.2000000030
60863  44.774  -14.496  18.560 0.2000000030
59110  42.030  -15.922  18.041 0.2000000030
59985  42.719  -15.526  17.683 0.2000000030
60883  44.292  -14.783  16.916 0.2000000030
59114  42.149  -15.916  17.146 0.2000000030
59996  43.488  -15.275  16.396 0.2000000030
98817  44.983  -14.723  16.186 0.2000000030
59125  42.278  -16.019  16.296 0.2000000030
60005  42.884  -15.710  15.931 0.2000000030
59995  44.174  -15.067  15.898 0.2000000030
60013  43.434  -15.620  14.648 0.2000000030
60003  44.168  -15.324  15.060 0.2000000030
113475  44.813  -15.208  14.686 0.2000000030
60022  42.936  -15.743  13.886 0.2000000030
108021  43.731  -15.587  13.916 0.2000000030
60020  44.472  -15.485  13.456 0.2000000030
60032  45.014  -15.394  12.650 0.2000000030
60940  43.603  -14.513  10.563 0.1000000015
56714  46.036  -19.505  25.983 0.1000000015
57521  47.215  -18.604  25.806 0.1000000015
114269  46.990  -19.270  25.272 0.1000000015
108843  47.240  -18.149  25.361 0.1000000015
107316  47.133  -18.992  25.013 0.1000000015
58301  46.823  -18.488  24.697 0.1000000015
58302  45.905  -17.905  24.495 0.1000000015
59949  44.147  -15.222  22.188 0.2000000030
60832  44.836  -14.617  21.787 0.2000000030
59963  44.142  -15.052  21.120 0.2000000030
117532  46.403  -13.714  21.182 0.2000000030
106352  44.893  -14.510  21.023 0.2000000030
60840  45.674  -14.182  20.602 0.2000000030
113916  45.306  -14.332  19.856 0.2000000030
60851  44.610  -14.547  19.365 0.2000000030
60850  45.565  -14.276  19.199 0.2000000030
59978  43.247  -15.227  19.093 0.2000000030
59980  43.316  -15.170  18.228 0.2000000030
60872  44.066  -14.769  17.919 0.2000000030
60871  45.011  -14.481  17.735 0.2000000030
60042  45.570  -15.252  11.999 0.2000000030
59081  45.337  -17.047  24.916 0.1000000015
59855  46.205  -15.992  30.096 0.1000000015
59843  46.082  -15.147  30.665 0.1000000015
60691  45.640  -14.588  31.384 0.1000000015
60692  45.156  -14.095  31.969 0.1000000015
60693  44.641  -13.595  32.193 0.1000000015
61626  43.116  -12.687  32.647 0.1000000015
61611  42.735  -12.189  33.365 0.1000000015
61640  44.693  -13.500  31.463 0.1000000015
61625  44.039  -13.191  32.416 0.1000000015
66855  36.928  -6.341  11.077 0.1000000015
66868  38.200  -6.765  9.815 0.1000000015
60704  45.429  -13.746  31.208 0.1000000015
60703  46.056  -14.021  30.776 0.1000000015
66862  36.644  -6.239  10.061 0.1000000015
67679  35.982  -5.910  10.471 0.1000000015
105001  35.495  -5.654  10.813 0.1000000015
66869  37.242  -6.436  9.514 0.1000000015
103508  34.827  -5.423  10.724 0.1000000015
67681  33.764  -5.229  10.078 0.1000000015
67682  33.426  -4.791  10.343 0.1000000015
61641  43.870  -13.313  31.561 0.1000000015
67691  35.440  -5.997  9.391 0.1000000015
69249  33.502  -4.242  10.626 0.1000000015
69227  32.795  -3.666  11.660 0.1000000015
70001  32.804  -2.321  13.242 0.1000000015
70751  32.609  -1.504  13.816 0.1000000015
66876  36.528  -6.338  8.456 0.1000000015
112948  36.240  -6.221  9.182 0.1000000015
67680  34.646  -5.625  9.853 0.1000000015
69237  33.254  -3.733  11.126 0.1000000015
67693  33.283  -5.277  9.148 0.1000000015
67694  33.006  -5.059  9.506 0.1000000015
68473  33.271  -4.878  9.919 0.1000000015
70019  34.177  -2.996  11.628 0.1000000015
70011  33.571  -2.313  12.813 0.1000000015
70750  33.400  -1.538  13.372 0.1000000015
70736  32.075  -1.048  14.484 0.1000000015
66870  35.288  -5.864  8.409 0.1000000015
67692  34.187  -5.516  8.832 0.1000000015
68486  32.949  -4.901  9.002 0.1000000015
67705  34.408  -5.289  8.434 0.1000000015
68485  33.941  -4.695  8.729 0.1000000015
69248  34.233  -4.412  10.031 0.1000000015
69236  34.419  -3.441  10.920 0.1000000015
70018  35.034  -2.505  11.617 0.1000000015
68497  34.599  -4.976  8.269 0.2000000030
69247  35.193  -3.491  10.410 0.1000000015
70027  35.652  -2.693  10.974 0.1000000015
70762  34.137  -1.420  12.922 0.1000000015
70761  34.738  -1.261  12.456 0.1000000015
109264  34.441  -2.228  12.322 0.1000000015
68484  35.289  -4.331  8.747 0.2000000030
70769  35.230  -1.617  11.986 0.1000000015
70768  35.743  -1.908  11.411 0.2000000030
71457  34.398  -0.384  12.578 0.1000000015
71466  35.105  -0.674  11.998 0.2000000030
115990  36.080  -2.099  11.050 0.2000000030
74168  32.662  3.132  12.704 0.2000000030
74157  32.250  3.067  13.226 0.2000000030
73500  32.622  2.485  13.145 0.2000000030
74167  33.237  3.184  12.130 0.2000000030
74169  32.140  3.864  12.973 0.1000000015
74766  33.261  4.109  12.120 0.1000000015
74177  33.823  3.681  11.710 0.2000000030
74209  41.273  4.111  6.912 0.3000000119
117500  40.490  3.857  7.312 0.3000000119
74218  43.205  3.786  5.620 0.3000000119
103499  41.736  3.775  6.217 0.3000000119
74810  43.971  4.621  6.162 0.2000000030
74804  41.855  4.890  7.139 0.2000000030
75361  42.432  5.766  7.405 0.2000000030
57538  46.820  -19.275  24.413 0.1000000015
74208  42.479  4.424  6.406 0.2000000030
60012  44.289  -15.430  14.300 0.2000000030
60892  44.871  -14.982  15.349 0.2000000030
67704  35.255  -5.363  7.975 0.2000000030
69258  35.225  -3.968  9.626 0.1000000015
56810  46.915  -19.142  17.328 0.1000000015
56004  46.297  -19.413  16.927 0.1000000015
55968  43.668  -19.931  18.596 0.1000000015
55178  44.468  -21.142  16.530 0.1000000015
54335  47.209  -22.210  13.225 0.1000000015
54337  44.724  -22.238  13.620 0.1000000015
54348  47.119  -21.656  12.159 0.1000000015
55147  41.822  -20.914  18.235 0.1000000015
55180  42.417  -21.821  16.906 0.1000000015
54338  43.753  -22.139  13.664 0.1000000015
57642  36.800  -18.289  9.662 0.1000000015
57632  37.046  -18.853  10.242 0.1000000015
55167  41.243  -21.377  17.511 0.1000000015
54313  43.996  -22.555  15.480 0.1000000015
55181  41.427  -21.748  16.713 0.1000000015
55211  43.448  -21.621  12.974 0.1000000015
55231  45.363  -20.675  11.037 0.1000000015
55223  44.151  -21.311  12.138 0.1000000015
55249  40.935  -21.522  9.379 0.1000000015
55239  41.075  -22.268  9.783 0.1000000015
56064  39.873  -20.450  10.379 0.1000000015
56873  40.587  -19.865  8.612 0.1000000015
56853  38.199  -20.014  11.259 0.1000000015
56762  40.921  -19.112  21.214 0.1000000015
55990  39.756  -20.629  17.632 0.1000000015
55182  40.643  -21.426  16.419 0.1000000015
54304  42.070  -22.210  16.144 0.1000000015
54314  42.670  -22.415  15.588 0.1000000015
103807  41.290  -21.844  15.918 0.1000000015
54326  42.547  -22.217  14.645 0.1000000015
55212  42.630  -21.363  13.080 0.1000000015
55202  42.159  -21.584  13.856 0.1000000015
56040  43.121  -20.559  11.503 0.1000000015
56067  45.519  -20.042  9.196 0.1000000015
56062  43.555  -20.083  10.429 0.1000000015
55254  43.157  -21.049  8.278 0.1000000015
56075  42.451  -20.660  7.882 0.1000000015
56034  41.147  -20.474  13.338 0.1000000015
56851  41.665  -19.664  11.472 0.1000000015
98935  43.693  -19.732  9.668 0.1000000015
56080  43.471  -19.666  7.749 0.1000000015
116484  41.511  -20.147  7.800 0.1000000015
56842  41.299  -19.913  12.214 0.1000000015
57628  42.481  -18.958  9.577 0.1000000015
56879  43.156  -19.124  7.701 0.1000000015
56886  42.811  -19.376  7.335 0.1000000015
56887  42.146  -19.547  7.218 0.1000000015
57613  40.091  -18.749  12.295 0.1000000015
57630  40.658  -18.103  10.696 0.1000000015
56888  41.564  -19.093  7.063 0.1000000015
57621  40.327  -18.412  11.541 0.1000000015
58399  42.126  -17.682  7.281 0.1000000015
57655  41.216  -18.277  6.592 0.1000000015
59172  40.897  -16.308  8.734 0.1000000015
59176  41.814  -17.083  6.846 0.1000000015
57659  41.402  -17.759  6.404 0.1000000015
57553  41.647  -18.432  22.198 0.1000000015
55972  39.509  -20.197  18.141 0.1000000015
56778  39.645  -19.469  19.170 0.1000000015
55195  40.591  -21.268  15.659 0.1000000015
56007  39.530  -20.289  16.428 0.1000000015
55169  39.950  -20.922  16.955 0.1000000015
55203  40.628  -20.856  14.827 0.1000000015
56026  40.108  -20.221  14.681 0.1000000015
56835  40.426  -19.762  13.329 0.1000000015
56828  39.593  -19.662  14.932 0.1000000015
57614  39.541  -18.365  12.894 0.1000000015
58369  39.531  -17.550  12.544 0.1000000015
59160  40.262  -16.355  10.974 0.1000000015
114769  40.875  -15.410  9.890 0.1000000015
60075  41.428  -15.137  6.613 0.1000000015
58313  41.318  -17.936  21.984 0.1000000015
56797  39.280  -19.547  17.717 0.1000000015
58331  39.910  -17.480  18.205 0.1000000015
58332  39.483  -18.186  17.595 0.1000000015
104505  39.266  -19.424  16.780 0.1000000015
116027  39.400  -18.517  14.537 0.1000000015
56836  39.639  -19.067  13.544 0.1000000015
58356  39.456  -17.866  14.264 0.1000000015
58364  39.436  -17.702  13.389 0.1000000015
59149  40.090  -16.616  13.106 0.1000000015
102200  40.366  -16.320  12.427 0.1000000015
60047  40.744  -15.725  11.223 0.1000000015
60958  41.610  -14.791  8.758 0.1000000015
60974  41.722  -14.786  5.960 0.1000000015
59093  42.256  -17.072  22.671 0.1000000015
97989  41.505  -16.737  20.867 0.2000000030
59102  41.861  -16.208  19.989 0.2000000030
58343  39.571  -18.088  16.101 0.1000000015
59127  40.878  -16.809  16.938 0.1000000015
58342  40.104  -17.400  17.275 0.1000000015
59126  41.121  -16.755  16.102 0.1000000015
59136  40.531  -17.088  15.479 0.1000000015
97254  40.696  -16.493  13.860 0.2000000030
59148  40.975  -16.104  13.157 0.2000000030
60046  41.551  -15.338  11.460 0.1000000015
60941  42.541  -14.547  10.200 0.1000000015
60927  44.282  -14.760  11.193 0.2000000030
57544  46.591  -19.519  23.946 0.1000000015
59106  41.899  -15.968  18.968 0.1000000015
59116  40.664  -16.817  17.843 0.1000000015
109554  41.636  -16.365  16.636 0.1000000015
59135  41.444  -16.531  15.305 0.1000000015
60004  43.502  -15.463  15.518 0.2000000030
102581  42.921  -15.761  15.223 0.2000000030
105560  41.525  -16.317  14.439 0.2000000030
59141  42.458  -15.954  14.621 0.2000000030
60021  43.483  -15.598  13.262 0.2000000030
60044  43.560  -15.263  12.029 0.2000000030
56741  46.819  -19.555  24.697 0.1000000015
60841  44.562  -14.634  20.253 0.2000000030
59984  43.417  -15.154  17.323 0.2000000030
59997  42.808  -15.572  16.791 0.2000000030
60852  43.859  -14.913  19.614 0.2000000030
60864  43.926  -14.819  18.788 0.2000000030
70020  33.526  -3.045  12.036 0.1000000015
70012  32.685  -3.211  12.394 0.1000000015
116861  32.158  -2.305  13.564 0.1000000015
67707  32.913  -5.095  9.070 0.1000000015
67706  33.451  -5.059  8.764 0.1000000015
100549  32.778  3.741  12.469 0.1000000015
73371  32.544  2.168  28.658 0.1000000015
103730  33.130  3.622  28.163 0.1000000015
74032  32.882  2.929  27.832 0.1000000015
73381  33.154  2.378  27.474 0.1000000015
73396  33.986  2.469  26.910 0.1000000015
72706  35.008  2.149  26.823 0.1000000015
72705  35.817  1.851  27.005 0.1000000015
74042  33.851  4.069  26.840 0.1000000015
108559  34.050  3.330  26.666 0.1000000015
72704  36.609  1.944  26.894 0.1000000015
73394  35.794  2.629  26.379 0.1000000015
103434  37.190  1.508  27.644 0.1000000015
74040  35.305  3.591  25.979 0.1000000015
108786  32.522  1.944  13.656 0.1000000015
72800  33.042  1.705  13.110 0.1000000015
70712  39.760  -1.385  16.363 0.1000000015
97593  39.189  -1.444  16.950 0.1000000015
70735  38.649  -0.945  14.920 0.1000000015
71435  38.110  -0.554  14.235 0.1000000015
71447  38.402  -0.338  13.510 0.1000000015
75872  29.505  6.454  13.884 0.1000000015
76413  28.926  6.979  14.166 0.1000000015
75871  30.274  6.463  13.538 0.1000000015
100454  28.146  7.267  14.442 0.1000000015
104747  27.858  7.801  14.529 0.1000000015
75329  31.779  5.549  12.939 0.1000000015
70696  39.442  -1.557  17.790 0.1000000015
107206  38.926  -1.296  16.121 0.1000000015
71436  37.370  -0.292  14.448 0.1000000015
71448  37.637  -0.022  13.737 0.1000000015
72116  37.964  0.234  13.025 0.1000000015
72117  37.261  0.781  13.307 0.1000000015
72798  37.419  1.585  12.756 0.1000000015
72126  38.324  0.568  12.349 0.1000000015
72127  37.745  0.896  12.663 0.1000000015
74805  40.875  4.591  7.531 0.1000000015
75318  30.452  5.566  13.551 0.1000000015
110222  29.728  6.996  13.786 0.1000000015
76949  28.665  7.935  14.360 0.1000000015
76951  27.175  8.141  14.541 0.1000000015
105698  26.470  7.728  14.479 0.1000000015
74768  32.119  4.760  12.800 0.1000000015
76422  30.367  7.409  13.577 0.1000000015
76423  29.579  7.714  13.976 0.1000000015
75327  33.315  5.013  12.229 0.1000000015
75328  32.594  5.348  12.546 0.1000000015
104918  31.697  6.420  12.962 0.1000000015
74776  33.930  4.596  11.839 0.1000000015
70713  38.364  -1.308  16.655 0.1000000015
70725  38.021  -1.048  15.674 0.1000000015
71425  37.840  -0.721  14.857 0.1000000015
71426  37.208  -0.597  15.152 0.1000000015
71437  36.677  -0.023  14.814 0.1000000015
72109  36.949  0.351  14.080 0.1000000015
72790  36.854  1.668  13.399 0.1000000015
72797  38.004  1.496  12.079 0.1000000015
73498  37.666  2.225  12.395 0.1000000015
73497  38.178  2.570  11.857 0.1000000015
73504  38.717  2.520  11.280 0.1000000015
73503  39.233  2.958  10.878 0.1000000015
77563  30.772  9.437  13.806 0.1000000015
77549  30.000  9.900  14.194 0.1000000015
77550  29.146  9.458  14.420 0.1000000015
78161  29.271  10.351  14.476 0.1000000015
99815  31.336  8.709  13.445 0.1000000015
77564  29.949  9.142  14.085 0.1000000015
99144  28.576  10.078  14.590 0.1000000015
76431  31.914  8.077  13.019 0.1000000015
99913  28.663  8.780  14.455 0.1000000015
77551  28.094  9.460  14.609 0.1000000015
98161  32.964  6.962  12.401 0.1000000015
75880  32.045  7.169  12.812 0.1000000015
76421  31.159  6.996  13.205 0.1000000015
107135  27.195  9.055  14.551 0.1000000015
74806  40.081  4.173  7.868 0.2000000030
112463  34.047  6.134  11.979 0.1000000015
75886  33.795  6.804  12.029 0.1000000015
75878  33.316  6.008  12.279 0.1000000015
74774  35.419  4.692  11.208 0.1000000015
106292  34.638  5.058  11.629 0.1000000015
75335  33.978  5.453  11.953 0.1000000015
70648  36.200  -1.039  22.326 0.1000000015
70639  36.484  -0.924  23.080 0.1000000015
70657  36.626  -1.425  21.427 0.1000000015
71402  35.487  -0.560  22.135 0.1000000015
71392  35.468  -0.068  22.802 0.1000000015
70697  38.621  -1.449  17.532 0.1000000015
70683  37.978  -1.428  18.185 0.1000000015
70671  38.418  -1.757  19.683 0.1000000015
70663  36.742  -1.458  20.344 0.1000000015
70658  35.882  -1.015  21.557 0.1000000015
71393  34.940  0.059  22.210 0.1000000015
72072  35.156  0.590  22.633 0.1000000015
72743  35.674  1.342  22.921 0.1000000015
115037  37.624  -1.125  16.427 0.1000000015
116239  36.525  -1.064  18.045 0.1000000015
70685  36.237  -1.059  18.852 0.1000000015
71410  35.635  -0.865  19.641 0.1000000015
71409  34.697  -0.213  20.916 0.1000000015
72744  34.857  1.293  22.415 0.1000000015
106823  35.292  1.977  22.408 0.1000000015
73439  34.872  2.375  22.114 0.1000000015
70714  37.006  -1.029  16.776 0.1000000015
112261  35.720  -0.399  17.101 0.1000000015
71414  35.439  -0.569  18.729 0.1000000015
71411  34.888  -0.334  19.577 0.1000000015
72086  34.290  0.146  20.230 0.1000000015
72087  33.724  0.754  20.648 0.1000000015
72753  33.587  1.653  21.347 0.1000000015
73447  34.127  2.242  21.764 0.1000000015
74107  34.629  3.736  21.614 0.1000000015
109838  36.604  -0.368  15.497 0.1000000015
71422  36.282  -0.514  16.309 0.1000000015
99598  35.286  -0.215  17.882 0.1000000015
72089  34.314  0.266  19.295 0.1000000015
72090  33.725  0.747  19.832 0.1000000015
73448  33.307  2.446  21.226 0.1000000015
107599  33.885  3.090  21.523 0.1000000015
74108  33.738  3.917  21.338 0.1000000015
72110  36.314  0.825  14.563 0.1000000015
71418  35.232  0.276  17.082 0.1000000015
71419  34.782  0.348  17.945 0.1000000015
72093  34.280  0.907  18.180 0.1000000015
104692  33.343  1.437  19.490 0.1000000015
72762  33.058  1.870  20.740 0.1000000015
108870  33.107  3.278  21.061 0.1000000015
73458  32.799  2.642  20.566 0.1000000015
73490  37.238  2.398  12.998 0.1000000015
74166  37.750  2.997  12.621 0.1000000015
74173  39.359  3.770  11.334 0.1000000015
74174  38.774  3.248  11.558 0.1000000015
74183  39.869  3.675  10.746 0.1000000015
76441  39.484  8.108  9.927 0.1000000015
76986  38.863  8.588  10.623 0.1000000015
75908  40.582  7.179  8.801 0.1000000015
75899  39.641  6.869  9.211 0.1000000015
106347  38.576  7.740  10.259 0.1000000015
97250  38.047  8.143  10.631 0.1000000015
78174  32.138  10.549  13.613 0.1000000015
116495  31.331  10.101  13.748 0.1000000015
98691  27.914  10.361  14.640 0.1000000015
78163  27.267  10.818  14.501 0.1000000015
113644  40.525  6.412  8.573 0.1000000015
76442  39.136  7.312  9.719 0.1000000015
75900  38.317  6.988  10.017 0.1000000015
76987  37.308  8.184  10.866 0.1000000015
76975  37.257  8.830  11.332 0.1000000015
76976  36.472  8.399  11.266 0.1000000015
77571  36.224  9.722  12.241 0.1000000015
77572  35.407  9.427  12.299 0.1000000015
77573  34.607  9.177  12.389 0.1000000015
77559  34.233  9.776  12.833 0.1000000015
77560  33.393  9.740  13.041 0.1000000015
77561  32.549  9.681  13.279 0.1000000015
77562  31.712  9.554  13.519 0.1000000015
77552  27.231  9.975  14.550 0.1000000015
75355  40.887  5.966  8.237 0.1000000015
112151  39.995  6.449  8.840 0.1000000015
75348  39.376  6.012  9.176 0.1000000015
108250  38.848  6.496  9.603 0.1000000015
76443  37.644  7.432  10.447 0.1000000015
76977  35.575  8.233  11.493 0.1000000015
76968  35.107  8.682  11.966 0.1000000015
76969  34.224  8.349  12.108 0.1000000015
76970  33.275  8.408  12.476 0.1000000015
77575  32.926  9.061  12.870 0.1000000015
76959  32.162  8.923  13.185 0.1000000015
74796  40.484  5.055  8.151 0.1000000015
75356  39.986  5.671  8.628 0.1000000015
75349  38.574  5.557  9.566 0.1000000015
75901  38.097  6.214  9.959 0.1000000015
75891  37.676  6.692  10.243 0.1000000015
76444  36.609  7.439  10.729 0.1000000015
111999  35.890  7.727  11.084 0.1000000015
76978  34.904  8.050  11.691 0.1000000015
76429  33.560  7.633  12.187 0.1000000015
78728  25.951  10.982  13.997 0.1000000015
75350  37.864  5.498  10.011 0.1000000015
75342  37.325  5.959  10.377 0.1000000015
75892  36.389  6.338  10.714 0.1000000015
75893  35.549  6.261  11.169 0.1000000015
98088  35.070  6.866  11.381 0.1000000015
75885  34.483  6.552  11.723 0.1000000015
74783  37.393  4.987  10.264 0.1000000015
107506  36.672  5.284  10.637 0.1000000015
75343  35.914  5.480  11.032 0.1000000015
75334  35.203  5.584  11.425 0.1000000015
74784  36.166  4.752  10.830 0.1000000015
69953  38.899  -2.075  20.481 0.1000000015
70647  37.048  -1.436  22.594 0.1000000015
72066  36.308  0.335  23.617 0.1000000015
99625  37.523  -1.641  20.015 0.1000000015
70662  37.280  -1.686  20.829 0.1000000015
70656  37.583  -1.802  21.600 0.1000000015
71383  36.507  -0.365  23.607 0.1000000015
72742  36.717  1.653  23.092 0.1000000015
73438  36.177  2.223  22.490 0.1000000015
74106  35.651  3.587  21.755 0.1000000015
74707  34.437  4.545  21.476 0.1000000015
75258  35.300  5.137  21.643 0.1000000015
112428  35.984  0.268  15.510 0.1000000015
72101  35.533  0.972  15.633 0.1000000015
75259  34.254  5.399  21.394 0.1000000015
72791  36.439  1.663  14.129 0.1000000015
72785  36.044  1.650  14.838 0.1000000015
72774  35.297  1.437  16.252 0.1000000015
72775  34.923  1.533  17.054 0.1000000015
72772  34.348  1.655  17.759 0.1000000015
73468  33.799  2.335  18.242 0.1000000015
73465  33.094  2.325  19.145 0.1000000015
74116  32.705  3.487  20.419 0.1000000015
74115  33.066  4.112  20.867 0.1000000015
74708  33.616  4.744  21.177 0.1000000015
73491  36.746  2.566  13.853 0.1000000015
73484  36.363  2.267  14.590 0.1000000015
73476  36.106  2.400  15.415 0.1000000015
73473  35.588  2.230  16.105 0.1000000015
73470  34.719  2.131  17.287 0.1000000015
73471  34.337  2.425  17.661 0.1000000015
74125  32.587  3.659  19.794 0.1000000015
74140  35.982  2.837  16.151 0.1000000015
74136  35.493  2.866  16.651 0.1000000015
74132  34.837  2.868  17.259 0.1000000015
106995  34.003  3.165  17.893 0.1000000015
74129  33.344  3.716  18.498 0.1000000015
74721  32.786  4.262  19.223 0.1000000015
75268  32.920  5.383  20.275 0.1000000015
74165  38.396  3.643  12.316 0.1000000015
74164  38.982  3.918  11.870 0.1000000015
74773  39.966  4.228  11.222 0.1000000015
76992  40.440  8.416  9.608 0.1000000015
76985  39.917  8.841  10.242 0.1000000015
77582  38.625  9.326  11.211 0.1000000015
77570  37.076  9.989  12.196 0.1000000015
78185  36.477  10.466  12.615 0.1000000015
111944  36.013  10.868  12.982 0.1000000015
78175  30.723  10.323  14.004 0.1000000015
78160  30.057  10.762  14.291 0.1000000015
78195  37.737  9.505  11.640 0.1000000015
78186  35.609  10.236  12.733 0.1000000015
78171  34.797  10.363  13.058 0.1000000015
78172  33.913  10.516  13.249 0.1000000015
78173  33.025  10.314  13.340 0.1000000015
78726  27.487  11.637  14.448 0.1000000015
78737  34.964  11.551  13.395 0.1000000015
103650  34.636  10.941  13.320 0.1000000015
109818  33.172  11.089  13.513 0.1000000015
98075  26.676  11.329  14.238 0.1000000015
74185  36.772  4.235  10.322 0.1000000015
72065  36.858  0.184  24.103 0.1000000015
72735  37.549  1.435  23.609 0.1000000015
73424  38.257  2.023  22.942 0.1000000015
73437  37.132  2.467  22.365 0.1000000015
74088  36.594  3.068  21.910 0.1000000015
74706  36.034  4.416  21.673 0.1000000015
75813  34.927  6.141  21.678 0.1000000015
75805  35.017  6.913  22.030 0.1000000015
101798  34.137  6.116  21.319 0.1000000015
74139  36.559  3.166  15.899 0.1000000015
74138  37.194  3.591  15.623 0.1000000015
74713  33.102  4.853  20.735 0.1000000015
75260  33.514  5.603  20.983 0.1000000015
74156  37.374  3.236  13.404 0.1000000015
115712  37.921  3.739  13.080 0.1000000015
74135  35.981  3.591  16.524 0.1000000015
102977  34.671  3.846  17.458 0.1000000015
74133  33.933  4.018  17.952 0.1000000015
74728  33.438  4.565  18.397 0.1000000015
98999  33.096  6.031  19.753 0.1000000015
115397  37.790  3.993  13.968 0.1000000015
74758  38.619  4.295  13.242 0.1000000015
74734  36.160  4.701  16.702 0.1000000015
74765  39.008  4.245  12.430 0.1000000015
74772  40.545  4.648  11.581 0.1000000015
97205  39.624  4.414  11.916 0.1000000015
74782  40.753  4.288  10.724 0.1000000015
76991  41.237  8.505  9.559 0.1000000015
77581  39.207  9.772  11.316 0.1000000015
99456  37.254  10.748  12.551 0.1000000015
78736  36.645  11.174  12.897 0.1000000015
78193  39.439  10.340  11.643 0.1000000015
78194  38.593  10.020  11.679 0.1000000015
103818  37.948  11.002  12.456 0.1000000015
78170  35.341  10.913  13.190 0.1000000015
78740  32.434  11.658  13.712 0.1000000015
78746  38.426  11.559  12.582 0.1000000015
78747  37.461  11.557  12.769 0.1000000015
78735  36.718  11.831  13.047 0.1000000015
79323  37.210  12.359  12.916 0.1000000015
99224  35.916  11.589  13.203 0.1000000015
102013  34.408  12.211  13.499 0.1000000015
78739  33.403  12.096  13.605 0.1000000015
72060  38.387  0.343  24.740 0.1000000015
72724  38.835  1.123  24.408 0.1000000015
107765  37.285  0.724  24.148 0.1000000015
72734  38.478  1.562  23.725 0.1000000015
72732  40.201  1.804  23.822 0.1000000015
73423  39.018  2.065  23.050 0.1000000015
73436  38.759  2.460  22.492 0.1000000015
108754  38.076  2.638  22.235 0.1000000015
74087  37.503  3.058  21.883 0.1000000015
74704  37.793  4.321  21.572 0.1000000015
75256  37.327  5.091  21.783 0.1000000015
75257  36.393  5.138  21.779 0.1000000015
75804  35.517  6.573  22.167 0.1000000015
76359  34.749  7.580  22.121 0.1000000015
75814  34.499  6.796  21.548 0.1000000015
77493  34.147  9.098  21.981 0.1000000015
105224  37.147  3.356  14.145 0.1000000015
74148  36.740  3.016  14.904 0.1000000015
75815  33.903  6.461  21.063 0.1000000015
76900  34.415  8.144  21.693 0.1000000015
101368  34.099  8.998  21.311 0.1000000015
74147  37.481  3.639  14.933 0.1000000015
116143  37.782  3.939  15.495 0.1000000015
112239  37.583  4.115  15.964 0.1000000015
74733  36.842  3.914  16.220 0.1000000015
75287  35.149  5.108  17.302 0.1000000015
103489  34.263  4.757  17.737 0.1000000015
75281  33.629  5.403  18.338 0.1000000015
75282  33.170  5.854  18.977 0.1000000015
76377  34.024  7.194  19.788 0.1000000015
111783  34.242  7.515  20.634 0.1000000015
76903  34.342  8.389  20.764 0.1000000015
98446  33.831  9.251  20.418 0.1000000015
74740  37.795  4.697  16.104 0.1000000015
74732  37.146  4.692  16.328 0.1000000015
75296  36.746  5.566  16.605 0.1000000015
99788  35.109  6.025  17.445 0.1000000015
75841  34.665  6.562  17.905 0.1000000015
76385  34.883  7.804  19.109 0.1000000015
76909  34.577  8.026  20.000 0.1000000015
77504  34.126  9.463  19.296 0.1000000015
74757  39.321  4.623  13.811 0.1000000015
74764  40.405  4.832  12.425 0.1000000015
75326  41.195  5.074  12.073 0.1000000015
74781  41.910  4.719  10.566 0.1000000015
74771  41.455  4.901  11.287 0.1000000015
76984  40.818  9.060  9.948 0.1000000015
77588  40.389  9.482  10.564 0.1000000015
77580  39.955  9.917  11.132 0.1000000015
78183  38.772  10.815  12.165 0.1000000015
78745  39.381  11.532  12.521 0.1000000015
79322  38.052  12.266  12.756 0.1000000015
98720  38.557  12.950  12.739 0.1000000015
98784  37.708  12.977  12.778 0.1000000015
79945  36.429  13.486  12.878 0.1000000015
103458  38.981  12.223  12.738 0.1000000015
79943  38.129  13.527  12.624 0.1000000015
79944  37.339  13.755  12.635 0.1000000015
73434  40.229  2.613  22.442 0.1000000015
74085  39.769  3.003  21.902 0.1000000015
74103  39.223  3.538  21.609 0.1000000015
74104  38.234  3.454  21.669 0.1000000015
74101  40.950  3.586  21.660 0.1000000015
74702  39.557  4.289  21.502 0.1000000015
74703  38.682  4.270  21.526 0.1000000015
75255  38.220  5.050  21.734 0.1000000015
75242  36.792  5.824  22.116 0.1000000015
75803  36.235  6.564  22.424 0.1000000015
76358  35.572  7.283  22.594 0.1000000015
103783  33.402  9.676  21.299 0.1000000015
77499  32.809  9.867  20.343 0.1000000015
74746  38.262  4.083  15.072 0.1000000015
115930  38.820  4.883  15.763 0.1000000015
74747  38.264  4.400  15.658 0.1000000015
78107  31.822  10.597  19.624 0.1000000015
98057  38.754  4.430  14.363 0.1000000015
74739  39.090  4.528  15.252 0.1000000015
75304  38.249  5.132  16.081 0.1000000015
75852  37.317  6.225  16.558 0.1000000015
75839  36.518  6.511  16.867 0.1000000015
75840  35.649  6.825  17.403 0.1000000015
76384  35.179  7.418  18.170 0.1000000015
77512  35.589  9.110  18.469 0.1000000015
77503  34.943  9.139  19.048 0.1000000015
76902  34.579  8.828  19.785 0.1000000015
78105  32.838  10.061  19.120 0.1000000015
78106  32.435  10.157  19.751 0.1000000015
74756  40.107  4.781  13.916 0.1000000015
97056  38.063  5.953  16.341 0.1000000015
76392  36.023  7.835  17.805 0.1000000015
76924  36.180  8.682  17.988 0.1000000015
77513  34.607  9.696  18.410 0.1000000015
77514  33.565  9.912  18.760 0.1000000015
78114  32.447  10.860  18.286 0.1000000015
75325  41.774  5.436  12.561 0.1000000015
76983  41.522  8.915  10.077 0.1000000015
77587  41.216  9.510  10.462 0.1000000015
78192  40.355  10.479  11.576 0.1000000015
78181  40.798  10.952  12.196 0.1000000015
78744  40.326  11.520  12.638 0.1000000015
79305  42.203  12.152  13.397 0.1000000015
79320  40.433  12.658  13.053 0.1000000015
98961  39.905  12.121  12.842 0.1000000015
79926  42.475  13.036  13.394 0.1000000015
79941  40.346  13.458  12.893 0.1000000015
97743  39.735  13.782  12.676 0.1000000015
79942  38.924  13.778  12.594 0.1000000015
110724  38.813  14.509  12.337 0.1000000015
79925  43.367  13.299  13.455 0.1000000015
105401  41.296  4.138  21.511 0.1000000015
75253  40.572  5.333  21.726 0.1000000015
75239  39.960  5.786  22.026 0.1000000015
114822  39.394  6.077  22.199 0.1000000015
75801  38.134  6.557  22.477 0.1000000015
75802  37.188  6.546  22.496 0.1000000015
76346  36.024  8.098  23.242 0.1000000015
76356  37.610  7.275  22.859 0.1000000015
76357  36.606  7.279  22.884 0.1000000015
76879  35.331  8.655  23.118 0.1000000015
76890  34.739  8.554  22.526 0.1000000015
78095  33.816  9.910  22.156 0.1000000015
77497  32.465  10.315  20.809 0.1000000015
78102  31.589  10.803  20.134 0.1000000015
74743  41.018  5.072  13.991 0.1000000015
110647  41.289  4.966  14.960 0.1000000015
74744  40.514  4.759  14.790 0.1000000015
78677  31.584  10.986  18.877 0.1000000015
78678  30.925  11.461  19.144 0.1000000015
74745  39.681  4.590  14.653 0.1000000015
75851  38.507  6.483  16.354 0.1000000015
97588  37.890  6.773  16.528 0.1000000015
76405  37.298  7.873  17.100 0.1000000015
76922  37.350  8.691  17.314 0.1000000015
97310  41.940  5.249  14.511 0.1000000015
117134  40.454  4.901  13.231 0.1000000015
106840  36.563  7.408  17.223 0.1000000015
76923  36.715  8.277  17.547 0.1000000015
77523  36.119  9.407  17.797 0.1000000015
78144  35.032  10.504  17.234 0.1000000015
78123  34.585  10.226  17.723 0.1000000015
78113  33.018  10.348  18.472 0.1000000015
75316  41.097  5.160  12.941 0.1000000015
75332  42.297  5.835  12.189 0.1000000015
75883  42.495  6.545  11.727 0.1000000015
76982  42.118  8.337  10.576 0.1000000015
99705  40.828  10.024  10.980 0.1000000015
78191  41.244  10.418  11.619 0.1000000015
116153  41.728  11.034  13.053 0.1000000015
78733  41.200  11.342  12.961 0.1000000015
79304  43.148  12.325  13.536 0.1000000015
103972  41.427  11.975  13.285 0.1000000015
75811  42.419  6.542  21.902 0.1000000015
75252  41.320  5.689  21.770 0.1000000015
75799  40.681  6.173  22.089 0.1000000015
75800  39.928  6.645  22.408 0.1000000015
108878  39.012  6.630  22.468 0.1000000015
76354  39.396  7.407  22.712 0.1000000015
76355  38.517  7.324  22.786 0.1000000015
114374  34.535  9.441  22.645 0.1000000015
78096  33.120  10.450  21.617 0.1000000015
78097  31.845  10.917  20.707 0.1000000015
78668  30.608  11.707  19.706 0.1000000015
74737  40.692  4.957  15.268 0.1000000015
79248  31.106  11.708  18.546 0.1000000015
117434  40.149  5.126  15.558 0.1000000015
75293  39.868  5.841  15.948 0.1000000015
115717  37.795  7.471  16.739 0.1000000015
78686  31.928  11.514  18.074 0.1000000015
75315  41.804  5.388  13.483 0.1000000015
99840  39.997  6.745  16.214 0.1000000015
75850  39.219  6.613  16.262 0.1000000015
97543  38.893  8.106  16.633 0.1000000015
77521  37.220  9.439  17.265 0.1000000015
113479  36.605  9.630  17.419 0.1000000015
107126  35.472  10.832  16.752 0.1000000015
78683  34.139  10.812  17.364 0.1000000015
78685  32.808  11.450  17.658 0.1000000015
98158  31.963  13.047  17.430 0.1000000015
104681  31.193  12.925  17.695 0.1000000015
75324  42.369  5.768  12.967 0.1000000015
76938  38.746  8.857  16.778 0.1000000015
77538  38.567  9.752  16.610 0.1000000015
77539  37.679  9.940  16.792 0.1000000015
78143  36.289  10.927  16.398 0.1000000015
78700  35.454  11.541  16.476 0.1000000015
79256  33.319  12.147  17.143 0.1000000015
76973  42.012  9.132  10.815 0.1000000015
77578  42.187  9.543  11.430 0.1000000015
77579  41.627  9.844  11.100 0.1000000015
78180  41.665  10.693  12.481 0.1000000015
111884  41.896  11.434  13.237 0.1000000015
79924  44.251  13.520  13.460 0.1000000015
80547  45.473  13.971  13.006 0.1000000015
98478  44.986  13.670  13.405 0.1000000015
97744  43.975  12.694  13.629 0.1000000015
76885  42.378  8.886  22.520 0.1000000015
76351  42.067  8.120  22.461 0.1000000015
76352  41.307  7.649  22.483 0.1000000015
76888  39.752  8.211  22.927 0.1000000015
76353  40.289  7.545  22.620 0.1000000015
76343  38.897  8.063  23.098 0.1000000015
76877  37.617  8.579  23.426 0.1000000015
77483  35.485  9.334  23.302 0.1000000015
76876  38.388  8.718  23.398 0.1000000015
117323  36.874  9.702  23.541 0.1000000015
77482  36.146  9.502  23.497 0.1000000015
78079  35.062  9.920  23.122 0.1000000015
97470  32.400  10.929  21.280 0.1000000015
78076  37.379  10.379  23.453 0.1000000015
78077  36.352  10.372  23.408 0.1000000015
79246  30.059  12.269  19.475 0.1000000015
75302  42.113  5.278  15.231 0.1000000015
107157  41.393  5.257  15.447 0.1000000015
79249  30.338  12.001  18.938 0.1000000015
75301  43.008  5.455  15.608 0.1000000015
102876  40.710  5.436  15.700 0.1000000015
75849  40.751  6.313  16.119 0.1000000015
79867  30.014  12.731  18.495 0.1000000015
75314  42.656  5.619  13.927 0.1000000015
75291  42.167  5.615  15.867 0.1000000015
75848  41.622  6.292  16.193 0.1000000015
76402  40.501  7.274  16.323 0.1000000015
76403  39.588  7.543  16.412 0.1000000015
109249  30.310  14.012  17.573 0.1000000015
75869  42.968  6.245  13.174 0.1000000015
76400  41.851  7.103  16.368 0.1000000015
76401  41.172  7.833  16.412 0.1000000015
97586  40.306  8.131  16.436 0.1000000015
76937  39.528  8.505  16.556 0.1000000015
78141  38.104  10.455  16.274 0.1000000015
78142  37.278  10.649  16.268 0.1000000015
110806  34.698  12.007  16.596 0.1000000015
116891  33.514  12.792  16.913 0.1000000015
79888  32.941  13.108  17.107 0.1000000015
75877  42.651  6.387  12.446 0.1000000015
76420  43.012  6.955  12.651 0.1000000015
99845  40.189  9.016  16.497 0.1000000015
78139  40.046  9.947  16.259 0.1000000015
78140  39.245  10.044  16.329 0.1000000015
78715  38.164  11.702  15.639 0.1000000015
78154  37.804  11.033  15.889 0.1000000015
78699  36.164  11.927  16.078 0.1000000015
98764  34.636  12.925  16.516 0.1000000015
79887  33.810  13.368  16.715 0.1000000015
97262  33.139  14.076  16.819 0.1000000015
76967  42.565  8.985  11.533 0.1000000015
77568  42.710  9.638  12.105 0.1000000015
111509  42.369  10.274  12.476 0.1000000015
77569  42.034  10.119  11.762 0.1000000015
78169  42.298  10.798  13.122 0.1000000015
78732  42.682  11.502  13.426 0.1000000015
116744  43.776  12.124  13.678 0.1000000015
79922  46.416  13.491  13.046 0.1000000015
110679  46.172  13.834  12.537 0.1000000015
79954  47.081  13.404  11.403 0.1000000015
80560  45.592  14.303  12.252 0.1000000015
77490  42.847  9.889  22.370 0.1000000015
76887  40.627  8.385  22.759 0.1000000015
77491  41.765  9.512  22.627 0.1000000015
77492  40.900  9.243  22.849 0.1000000015
76875  39.247  8.849  23.303 0.1000000015
77478  40.339  9.828  23.107 0.1000000015
76874  40.080  9.022  23.129 0.1000000015
106901  38.727  9.514  23.471 0.1000000015
78092  33.793  10.909  22.168 0.1000000015
78090  34.984  10.724  22.804 0.1000000015
78659  34.521  11.346  22.345 0.1000000015
78664  31.486  11.659  20.923 0.1000000015
79240  30.818  11.991  20.500 0.1000000015
79236  30.520  12.806  20.777 0.1000000015
75860  43.883  5.659  14.452 0.1000000015
75305  43.786  5.380  15.208 0.1000000015
75290  43.014  5.720  16.068 0.1000000015
100043  28.580  15.615  18.030 0.1000000015
75867  44.260  6.179  14.005 0.1000000015
75868  43.451  5.970  13.842 0.1000000015
80506  30.935  14.493  17.214 0.1000000015
76419  43.653  6.925  13.237 0.1000000015
76935  41.555  8.696  16.412 0.1000000015
76936  40.832  8.621  16.443 0.1000000015
97773  32.550  14.757  16.833 0.1000000015
80505  31.730  14.590  17.037 0.1000000015
77535  41.906  9.471  16.232 0.1000000015
113174  40.747  10.185  16.046 0.1000000015
78152  39.434  10.767  15.846 0.1000000015
79285  37.538  12.404  15.613 0.1000000015
79269  36.123  12.839  15.933 0.1000000015
79886  34.592  13.833  16.465 0.1000000015
97787  33.900  14.319  16.613 0.1000000015
108321  42.760  8.270  11.843 0.1000000015
77567  43.337  9.386  12.631 0.1000000015
78179  43.028  10.098  13.023 0.1000000015
78731  43.571  11.499  13.650 0.1000000015
79303  44.401  12.003  13.887 0.1000000015
79921  47.459  12.732  13.075 0.1000000015
79923  45.683  13.355  13.481 0.1000000015
79302  44.914  12.907  13.731 0.1000000015
78087  42.703  10.802  22.106 0.1000000015
99380  42.007  10.273  22.468 0.1000000015
115334  39.062  10.186  23.396 0.1000000015
77480  38.311  10.267  23.452 0.1000000015
78643  36.950  11.246  22.932 0.1000000015
78658  35.376  11.651  22.377 0.1000000015
79233  33.234  12.531  21.674 0.1000000015
75299  44.741  5.527  15.457 0.1000000015
79234  32.102  12.289  21.448 0.1000000015
79861  29.828  13.157  20.458 0.1000000015
79862  28.942  13.562  19.292 0.1000000015
80497  28.519  14.795  19.631 0.1000000015
107481  28.411  15.819  18.794 0.1000000015
75859  44.606  5.603  14.749 0.1000000015
75300  43.913  5.611  15.946 0.1000000015
80508  28.750  14.636  18.257 0.1000000015
81717  28.475  16.547  18.357 0.1000000015
75846  43.376  6.258  16.301 0.1000000015
81098  30.119  14.914  17.221 0.1000000015
81099  29.141  15.151  17.562 0.1000000015
81720  28.954  15.903  17.331 0.1000000015
76418  44.614  7.100  13.602 0.1000000015
76399  43.735  7.338  16.432 0.1000000015
100873  42.730  7.203  16.417 0.1000000015
97587  42.092  7.984  16.443 0.1000000015
102396  31.113  15.111  16.884 0.1000000015
110668  30.479  15.673  16.697 0.1000000015
81109  29.570  15.748  16.994 0.1000000015
103122  44.089  7.946  13.134 0.1000000015
76957  44.457  8.603  13.363 0.1000000015
76934  42.942  8.158  16.438 0.1000000015
78138  41.455  10.128  15.997 0.1000000015
78151  40.984  10.737  15.731 0.1000000015
78714  39.507  11.573  15.584 0.1000000015
79284  38.393  12.633  15.502 0.1000000015
79906  37.692  13.656  15.542 0.1000000015
79884  36.193  13.783  15.894 0.1000000015
80515  34.533  14.583  16.479 0.1000000015
80516  33.320  14.945  16.678 0.1000000015
81108  31.949  15.328  16.711 0.1000000015
81733  32.053  16.132  16.305 0.1000000015
116445  29.950  16.298  16.523 0.1000000015
81735  29.165  16.629  16.797 0.1000000015
76958  43.752  8.752  12.767 0.1000000015
78149  42.730  10.765  15.702 0.1000000015
78712  41.331  11.446  15.574 0.1000000015
104374  40.863  12.155  15.492 0.1000000015
79283  39.233  12.938  15.453 0.1000000015
79905  38.506  13.552  15.469 0.1000000015
80535  37.068  14.085  15.661 0.1000000015
81105  35.637  15.480  16.308 0.1000000015
107977  34.267  15.861  16.460 0.1000000015
81106  33.536  15.721  16.505 0.1000000015
81107  32.754  15.553  16.583 0.1000000015
77558  43.912  9.531  13.300 0.1000000015
78168  43.668  10.527  13.593 0.1000000015
97405  43.033  10.863  13.396 0.1000000015
79301  48.894  11.629  13.050 0.1000000015
79913  46.582  12.922  13.586 0.1000000015
97534  42.783  11.667  21.730 0.1000000015
78086  43.939  10.943  21.882 0.1000000015
98122  41.127  10.155  22.747 0.1000000015
78074  39.825  10.621  23.039 0.1000000015
113814  38.860  10.860  23.156 0.1000000015
78644  36.106  11.203  22.899 0.1000000015
79225  34.757  12.442  21.777 0.1000000015
109669  34.264  12.935  21.576 0.1000000015
79857  31.800  13.143  21.660 0.1000000015
98368  30.969  13.317  21.439 0.1000000015
79858  30.275  13.594  21.178 0.1000000015
81089  28.647  15.363  20.424 0.1000000015
113086  45.414  5.595  14.994 0.1000000015
81712  28.543  16.143  20.150 0.1000000015
76412  45.346  6.210  14.385 0.1000000015
110847  44.859  5.731  15.900 0.1000000015
82907  28.849  17.913  18.745 0.1000000015
82339  28.654  17.603  17.593 0.1000000015
98200  44.383  6.153  16.246 0.1000000015
82925  29.165  18.734  17.587 0.1000000015
108523  44.829  7.900  13.541 0.1000000015
76398  44.825  7.030  16.381 0.1000000015
76932  44.309  7.985  16.449 0.1000000015
76933  43.645  8.461  16.408 0.1000000015
77534  42.739  9.468  16.183 0.1000000015
78137  42.300  10.109  15.928 0.1000000015
111125  30.859  16.389  16.192 0.1000000015
82348  29.120  17.654  16.456 0.1000000015
81736  28.725  17.261  17.121 0.1000000015
104518  45.034  9.147  16.409 0.1000000015
117696  44.341  9.467  16.243 0.1000000015
111776  43.598  9.336  16.231 0.1000000015
78136  43.174  10.074  15.910 0.1000000015
78711  42.286  11.493  15.591 0.1000000015
79282  41.267  12.824  15.465 0.1000000015
110927  40.047  13.217  15.452 0.1000000015
79904  39.438  13.810  15.439 0.1000000015
80534  37.960  14.393  15.545 0.1000000015
80513  36.412  14.795  15.952 0.1000000015
103010  34.797  15.255  16.438 0.1000000015
81731  33.840  16.387  16.317 0.1000000015
82347  29.885  17.135  16.091 0.1000000015
104376  42.798  12.310  15.552 0.1000000015
79281  42.075  12.905  15.467 0.1000000015
97570  40.276  14.042  15.430 0.1000000015
115784  38.658  15.211  15.595 0.1000000015
106825  37.051  15.308  15.841 0.1000000015
110152  36.778  16.712  16.202 0.1000000015
81730  35.001  16.088  16.406 0.1000000015
81753  33.496  16.857  16.003 0.1000000015
81755  31.589  16.898  15.738 0.1000000015
81756  30.727  17.168  15.739 0.1000000015
100950  46.555  10.745  14.626 0.1000000015
106733  44.821  10.720  14.234 0.1000000015
81750  38.853  16.230  15.898 0.1000000015
81751  38.163  15.859  15.800 0.1000000015
81103  37.416  16.062  15.973 0.1000000015
78719  47.331  11.440  14.585 0.1000000015
78720  46.027  11.549  14.419 0.1000000015
78730  44.274  11.082  13.963 0.1000000015
97468  48.165  11.685  14.258 0.1000000015
79292  45.425  12.201  14.131 0.1000000015
78721  45.029  11.411  14.234 0.1000000015
79291  46.683  12.308  14.215 0.1000000015
78654  44.137  12.198  21.628 0.1000000015
78088  41.754  11.058  22.219 0.1000000015
78656  40.231  11.636  22.320 0.1000000015
97902  39.248  11.654  22.466 0.1000000015
78657  37.462  12.137  22.163 0.1000000015
102595  36.375  12.309  21.994 0.1000000015
110934  34.975  13.105  21.541 0.1000000015
79855  33.800  13.224  21.742 0.1000000015
79851  31.298  13.750  22.222 0.1000000015
79223  36.231  13.224  21.510 0.1000000015
79854  34.660  13.307  21.721 0.1000000015
79856  32.831  13.111  21.761 0.1000000015
82319  28.712  16.896  19.888 0.1000000015
102742  46.539  6.085  15.312 0.1000000015
83413  30.004  18.875  18.904 0.1000000015
82917  29.270  18.559  18.410 0.1000000015
82906  29.512  18.293  19.259 0.1000000015
75858  46.200  5.919  14.957 0.1000000015
75855  45.716  5.811  15.488 0.1000000015
75845  45.419  6.056  16.074 0.1000000015
76397  45.953  6.825  16.255 0.1000000015
83440  29.608  19.270  16.561 0.1000000015
76411  46.369  6.563  14.510 0.1000000015
76417  45.506  7.238  13.927 0.1000000015
82349  28.831  18.168  17.092 0.1000000015
82944  29.760  18.979  15.853 0.1000000015
76948  46.255  7.377  14.228 0.1000000015
76956  45.355  8.183  13.891 0.1000000015
76931  45.194  8.061  16.466 0.1000000015
98066  44.881  9.964  16.218 0.1000000015
78135  44.032  10.047  15.964 0.1000000015
78710  43.255  11.492  15.641 0.1000000015
80531  41.925  14.315  15.419 0.1000000015
82943  30.392  18.570  15.378 0.1000000015
76947  46.803  7.549  14.406 0.1000000015
77556  45.636  9.003  14.236 0.1000000015
97571  41.095  14.176  15.431 0.1000000015
111014  39.665  14.836  15.491 0.1000000015
116960  35.669  17.053  16.201 0.1000000015
82346  35.076  16.868  16.226 0.1000000015
82365  33.988  17.356  15.584 0.1000000015
82367  32.127  17.432  15.283 0.1000000015
82942  31.110  17.767  15.299 0.1000000015
82961  30.836  19.212  14.940 0.1000000015
101731  47.136  9.833  14.827 0.1000000015
116083  41.118  15.699  15.679 0.1000000015
81749  39.708  16.683  16.191 0.1000000015
81727  38.171  16.638  16.101 0.1000000015
82344  37.216  17.453  16.116 0.1000000015
82363  36.141  17.735  15.752 0.1000000015
82381  34.567  17.846  14.995 0.1000000015
106414  33.583  17.892  14.783 0.1000000015
82383  31.727  18.196  14.796 0.1000000015
82960  31.461  18.980  14.554 0.1000000015
78157  47.915  10.559  14.983 0.1000000015
99069  41.413  17.641  16.245 0.1000000015
81748  40.584  17.159  16.374 0.1000000015
82359  39.389  18.046  16.278 0.1000000015
112330  37.246  18.133  15.629 0.1000000015
82940  36.620  18.089  15.457 0.1000000015
82956  35.457  18.243  14.635 0.1000000015
117152  34.104  18.171  14.525 0.1000000015
83454  32.755  19.140  13.891 0.1000000015
82378  41.670  17.903  15.643 0.1000000015
82952  40.248  18.380  15.122 0.1000000015
82937  39.243  18.286  16.070 0.1000000015
82939  37.814  18.311  15.402 0.1000000015
103278  37.106  18.325  15.026 0.1000000015
98271  36.100  18.645  13.945 0.1000000015
82974  35.182  18.798  13.741 0.1000000015
82958  33.673  18.621  14.095 0.1000000015
82377  42.508  17.614  15.175 0.1000000015
82396  41.818  17.915  14.400 0.1000000015
82969  40.395  18.341  13.926 0.1000000015
98429  38.961  18.475  14.328 0.1000000015
82971  38.324  18.522  13.904 0.1000000015
82973  36.753  18.872  13.377 0.1000000015
82968  41.156  18.168  13.578 0.1000000015
82986  40.459  18.431  12.820 0.1000000015
82987  39.718  18.543  13.181 0.1000000015
97857  38.267  18.810  12.953 0.1000000015
82988  37.358  19.050  12.844 0.1000000015
101774  39.067  18.742  12.744 0.1000000015
82999  38.677  19.054  12.115 0.1000000015
111711  41.100  11.790  21.980 0.1000000015
79221  38.874  12.702  21.711 0.1000000015
78642  38.386  11.986  22.282 0.1000000015
79232  35.586  13.383  21.683 0.1000000015
79848  34.107  13.519  22.017 0.1000000015
79850  32.308  13.437  22.147 0.1000000015
83418  31.063  19.766  18.683 0.1000000015
75857  47.013  6.380  15.078 0.1000000015
75854  47.006  6.388  15.448 0.1000000015
75844  46.512  6.231  15.722 0.1000000015
83419  30.399  19.666  18.136 0.1000000015
83429  29.597  19.310  17.250 0.1000000015
76410  47.085  6.890  14.621 0.1000000015
111580  47.687  6.737  15.587 0.1000000015
83439  30.143  19.747  16.110 0.1000000015
105477  45.844  8.690  16.519 0.1000000015
77532  45.961  9.665  16.489 0.1000000015
78147  44.589  10.717  15.937 0.1000000015
78709  44.248  11.468  15.762 0.1000000015
83448  30.368  19.489  15.486 0.1000000015
102682  43.863  12.201  15.645 0.1000000015
79901  42.388  13.630  15.424 0.1000000015
83456  31.283  19.750  14.611 0.1000000015
97540  45.169  14.425  15.566 0.1000000015
97573  44.051  14.731  15.460 0.1000000015
79900  43.310  13.696  15.428 0.1000000015
97572  42.855  14.502  15.413 0.1000000015
83455  31.956  19.525  14.134 0.1000000015
81120  45.035  16.006  15.742 0.1000000015
81121  44.287  15.974  15.770 0.1000000015
80529  43.315  15.596  15.639 0.1000000015
80530  42.347  15.291  15.551 0.1000000015
81744  44.860  16.689  15.439 0.1000000015
99843  44.390  16.611  15.666 0.1000000015
81746  43.033  17.092  16.008 0.1000000015
81747  42.180  17.082  16.189 0.1000000015
82975  34.289  19.051  13.616 0.1000000015
82976  33.476  19.476  13.512 0.1000000015
82356  43.296  17.211  15.671 0.1000000015
82357  42.364  17.454  15.988 0.1000000015
82989  36.634  19.254  12.755 0.1000000015
83466  35.838  19.222  13.065 0.1000000015
83475  37.820  19.247  12.182 0.1000000015
83477  36.129  19.687  12.257 0.1000000015
83498  38.464  19.829  10.692 0.1000000015
83489  37.355  19.744  11.524 0.1000000015
79231  36.668  13.697  21.722 0.1000000015
105263  32.723  13.490  22.856 0.1000000015
82898  29.825  18.001  20.082 0.1000000015
83885  33.330  19.889  20.271 0.1000000015
83890  32.556  20.310  19.296 0.1000000015
82905  30.330  18.594  19.715 0.1000000015
83411  31.561  19.475  19.611 0.1000000015
83891  31.915  20.086  19.099 0.1000000015
83894  31.582  20.403  18.272 0.1000000015
83428  30.184  19.932  16.899 0.1000000015
106423  46.940  8.584  16.610 0.1000000015
78133  46.628  10.605  16.497 0.1000000015
78697  46.066  11.398  16.272 0.1000000015
78708  45.166  11.409  15.968 0.1000000015
84343  31.700  21.115  17.050 0.1000000015
108920  31.352  21.039  16.208 0.1000000015
83920  31.056  20.653  15.689 0.1000000015
112541  45.715  11.983  16.036 0.1000000015
83932  31.194  20.469  15.018 0.1000000015
78707  46.594  12.184  16.222 0.1000000015
79278  46.003  12.723  15.935 0.1000000015
79279  44.947  12.263  15.783 0.1000000015
112254  46.458  13.549  15.905 0.1000000015
79899  46.266  14.323  15.773 0.1000000015
83469  32.642  20.209  13.602 0.1000000015
83931  31.766  20.327  14.256 0.1000000015
97342  47.579  14.707  15.958 0.1000000015
80526  46.883  14.999  15.820 0.1000000015
80527  45.889  15.090  15.697 0.1000000015
114548  34.089  19.675  13.176 0.1000000015
83478  35.195  20.005  12.408 0.1000000015
83467  34.813  19.459  13.089 0.1000000015
83490  36.531  20.053  11.636 0.1000000015
83499  37.716  20.090  10.857 0.1000000015
83952  36.948  20.426  11.045 0.1000000015
79825  34.236  13.518  23.168 0.1000000015
83404  33.739  19.572  21.024 0.1000000015
108949  47.457  9.615  16.708 0.1000000015
77531  48.507  8.337  16.837 0.1000000015
78696  47.235  11.476  16.472 0.1000000015
84353  31.854  21.500  15.786 0.1000000015
106360  49.207  9.501  17.062 0.1000000015
78132  48.125  10.602  16.733 0.1000000015
78695  48.677  11.543  16.650 0.1000000015
84369  31.766  21.013  14.621 0.1000000015
98125  47.076  13.080  16.174 0.1000000015
84367  32.917  21.933  13.997 0.1000000015
79897  48.119  13.910  16.229 0.1000000015
79898  47.401  14.145  16.110 0.1000000015
83939  33.290  20.943  13.163 0.1000000015
83946  34.031  20.898  12.620 0.1000000015
83468  33.626  20.238  13.100 0.1000000015
84388  35.410  21.323  11.683 0.1000000015
101041  34.652  20.602  12.352 0.1000000015
83944  35.709  20.414  11.803 0.1000000015
83960  37.424  20.892  10.461 0.1000000015
83407  31.133  18.885  20.110 0.1000000015
83406  31.957  19.182  20.471 0.1000000015
84333  33.093  20.786  19.056 0.1000000015
78694  49.693  11.383  16.456 0.1000000015
79267  48.831  12.295  16.449 0.1000000015
79268  47.780  12.387  16.451 0.1000000015
79883  48.761  12.837  16.263 0.1000000015
79826  33.184  13.493  23.579 0.1000000015
79828  31.797  13.730  23.219 0.1000000015
79846  35.958  13.804  22.111 0.1000000015
97594  38.418  -1.571  18.874 0.1000000015
70638  37.047  -0.971  23.606 0.1000000015
72803  38.534  1.791  11.387 0.1000000015
74790  38.002  4.830  9.753 0.2000000030
75362  41.350  5.472  7.718 0.1000000015
75870  31.075  6.054  13.233 0.1000000015
76950  27.960  8.518  14.572 0.1000000015
76952  26.245  8.628  14.401 0.1000000015
76960  31.108  7.866  13.331 0.1000000015
76962  29.405  8.566  14.195 0.1000000015
75879  32.394  6.260  12.632 0.1000000015
71421  37.072  -0.817  15.930 0.1000000015
72118  36.696  1.032  13.841 0.1000000015
76961  30.360  8.407  13.763 0.1000000015
100087  29.294  11.201  14.510 0.1000000015
115988  31.555  7.538  13.091 0.1000000015
76430  32.707  7.802  12.571 0.1000000015
74797  39.664  4.663  8.479 0.1000000015
109975  34.569  5.831  11.727 0.1000000015
75884  34.991  6.213  11.524 0.1000000015
70664  35.917  -1.112  20.615 0.1000000015
70698  37.791  -1.294  17.206 0.1000000015
70684  37.107  -1.298  18.544 0.1000000015
70673  36.938  -1.389  19.431 0.1000000015
70674  36.278  -1.220  19.765 0.1000000015
71408  35.187  -0.622  20.366 0.1000000015
72073  34.514  0.705  22.096 0.1000000015
103918  34.176  0.323  20.986 0.1000000015
72736  36.760  0.891  23.780 0.1000000015
70699  37.130  -1.205  17.667 0.1000000015
71413  35.878  -0.728  17.947 0.1000000015
71415  34.815  -0.057  18.636 0.1000000015
112862  36.379  -0.863  17.283 0.1000000015
71423  35.663  -0.028  16.392 0.1000000015
113596  34.418  0.445  18.588 0.1000000015
72098  35.413  0.606  16.227 0.1000000015
72770  33.755  1.553  18.602 0.1000000015
73459  32.617  2.874  19.858 0.1000000015
76974  37.968  8.756  11.078 0.1000000015
77583  36.782  9.254  11.738 0.1000000015
77584  35.916  8.968  11.791 0.1000000015
78187  34.943  9.803  12.683 0.1000000015
77574  33.755  9.087  12.572 0.1000000015
99327  37.112  6.786  10.460 0.1000000015
100519  35.263  7.556  11.368 0.1000000015
110995  32.580  8.464  12.811 0.1000000015
77553  26.433  9.637  14.396 0.1000000015
78164  26.532  10.508  14.345 0.1000000015
74789  39.209  5.118  9.058 0.1000000015
76435  35.729  7.055  10.935 0.1000000015
76436  34.455  7.416  11.743 0.1000000015
78727  26.208  11.737  13.711 0.1000000015
112576  38.594  4.738  9.340 0.2000000030
103843  36.533  3.812  21.669 0.1000000015
72777  35.681  1.615  15.513 0.1000000015
73474  35.150  2.184  16.768 0.1000000015
74131  35.300  3.469  17.001 0.1000000015
77589  39.482  9.335  10.832 0.1000000015
78184  37.887  10.344  12.123 0.1000000015
112102  31.315  10.681  13.870 0.1000000015
78738  34.089  11.396  13.457 0.1000000015
97919  27.626  12.392  14.270 0.1000000015
79297  26.902  12.109  14.057 0.1000000015
75821  33.392  6.145  20.477 0.1000000015
100998  35.381  4.197  17.068 0.1000000015
75826  33.532  6.497  19.254 0.1000000015
108728  39.621  4.633  12.966 0.1000000015
78182  39.847  10.986  12.088 0.1000000015
79324  36.998  13.022  12.872 0.1000000015
79308  36.320  12.543  13.126 0.1000000015
79309  35.329  12.350  13.357 0.1000000015
72733  39.336  1.689  23.782 0.1000000015
73422  39.811  2.167  23.101 0.1000000015
74086  38.937  2.924  21.961 0.1000000015
75241  37.733  5.798  22.134 0.1000000015
76889  35.214  8.033  22.776 0.1000000015
116352  34.361  7.760  21.137 0.1000000015
75297  35.855  5.816  17.001 0.1000000015
75288  34.387  5.711  17.791 0.1000000015
75834  34.265  6.994  18.716 0.1000000015
76916  35.601  8.282  18.477 0.1000000015
75333  41.897  5.406  11.764 0.1000000015
79321  39.556  12.982  12.834 0.1000000015
80567  38.152  14.218  12.441 0.1000000015
80568  37.405  14.689  12.277 0.1000000015
74102  40.103  3.582  21.602 0.1000000015
74701  40.494  4.390  21.512 0.1000000015
98219  39.824  5.055  21.667 0.1000000015
75240  38.704  5.794  22.094 0.1000000015
75303  39.481  5.050  15.673 0.1000000015
75294  38.876  5.703  16.070 0.1000000015
74738  39.977  4.760  15.222 0.1000000015
76391  37.211  7.063  16.788 0.1000000015
77522  36.747  9.042  17.661 0.1000000015
78122  35.970  10.173  17.191 0.1000000015
78112  33.841  10.279  18.025 0.1000000015
78734  40.711  11.970  13.093 0.1000000015
79306  41.660  12.730  13.307 0.1000000015
80565  40.285  14.262  12.613 0.1000000015
80566  39.517  14.438  12.411 0.1000000015
76345  37.106  7.978  23.301 0.1000000015
76404  38.555  7.332  16.527 0.1000000015
76939  37.956  9.168  17.032 0.1000000015
78701  34.784  11.183  16.834 0.1000000015
78684  33.529  11.353  17.367 0.1000000015
75812  41.567  6.605  22.117 0.1000000015
99927  36.766  8.855  23.482 0.1000000015
79875  30.507  13.193  17.842 0.1000000015
97116  38.076  8.232  16.877 0.1000000015
77537  39.398  9.356  16.545 0.1000000015
77540  36.845  10.122  16.899 0.1000000015
97521  31.299  13.758  17.391 0.1000000015
115641  38.772  10.390  16.188 0.1000000015
79270  35.396  12.444  16.311 0.1000000015
78698  37.106  11.534  15.843 0.1000000015
76886  41.487  8.626  22.623 0.1000000015
99320  32.513  11.675  21.488 0.1000000015
79242  29.535  12.871  19.630 0.1000000015
79868  29.380  13.065  18.834 0.1000000015
75306  42.836  5.309  14.942 0.1000000015
75292  41.351  5.707  15.893 0.1000000015
75313  43.318  5.534  14.533 0.1000000015
112227  41.164  6.979  16.300 0.1000000015
80507  29.411  14.276  17.800 0.1000000015
75847  42.465  6.290  16.268 0.1000000015
116394  38.906  11.398  15.641 0.1000000015
77536  40.967  9.461  16.318 0.1000000015
110288  40.292  10.597  15.860 0.1000000015
104373  39.015  12.084  15.511 0.1000000015
79907  37.019  13.169  15.659 0.1000000015
79885  35.369  13.383  16.243 0.1000000015
76428  43.300  7.916  12.493 0.1000000015
76966  43.133  8.878  12.149 0.1000000015
80559  46.406  13.877  11.986 0.1000000015
114050  42.387  8.808  16.380 0.1000000015
78713  40.319  11.360  15.609 0.1000000015
80514  35.352  14.436  16.272 0.1000000015
79319  48.634  12.046  12.376 0.1000000015
112724  45.808  12.785  13.866 0.1000000015
103735  29.157  13.720  20.195 0.1000000015
82328  28.569  17.151  19.031 0.1000000015
77533  44.311  8.786  16.399 0.1000000015
115747  43.062  8.883  16.356 0.1000000015
78150  41.838  10.770  15.712 0.1000000015
115196  39.935  12.307  15.488 0.1000000015
81126  37.234  14.746  15.698 0.1000000015
81754  32.601  16.794  15.866 0.1000000015
104375  41.758  12.188  15.509 0.1000000015
115289  40.584  12.787  15.470 0.1000000015
80533  38.851  14.342  15.477 0.1000000015
81729  35.826  16.514  16.299 0.1000000015
81104  36.504  15.812  16.146 0.1000000015
78167  44.368  10.183  13.955 0.1000000015
77557  44.753  9.215  13.868 0.1000000015
78148  43.665  10.753  15.771 0.1000000015
79903  40.796  13.417  15.450 0.1000000015
81125  37.738  15.236  15.695 0.1000000015
77548  45.129  9.997  14.296 0.1000000015
113360  42.815  13.058  15.484 0.1000000015
80532  40.651  14.922  15.472 0.1000000015
81124  39.448  15.761  15.705 0.1000000015
82366  33.092  17.332  15.412 0.1000000015
105002  45.536  10.755  14.417 0.1000000015
78158  46.034  9.904  14.520 0.1000000015
82343  38.079  17.462  16.195 0.1000000015
79290  47.695  12.324  13.801 0.1000000015
113265  46.135  8.096  14.221 0.1000000015
78134  45.503  10.653  16.248 0.1000000015
111953  41.479  15.039  15.478 0.1000000015
77547  46.728  8.681  14.535 0.1000000015
81123  40.353  15.950  15.767 0.1000000015
82380  35.428  17.766  15.444 0.1000000015
82382  32.617  17.936  14.775 0.1000000015
77546  47.930  8.758  15.063 0.1000000015
111402  41.289  16.698  16.187 0.1000000015
97529  41.869  16.063  15.834 0.1000000015
81725  39.898  17.641  16.381 0.1000000015
82360  38.715  18.012  16.213 0.1000000015
82941  36.004  18.047  15.277 0.1000000015
82358  40.612  17.920  16.313 0.1000000015
82936  39.991  18.287  16.072 0.1000000015
82938  38.579  18.319  15.779 0.1000000015
82955  36.365  18.306  14.765 0.1000000015
82951  41.046  18.152  14.788 0.1000000015
82972  37.562  18.682  13.592 0.1000000015
82406  41.902  17.952  13.183 0.1000000015
82395  42.585  17.711  13.896 0.1000000015
82970  39.003  18.563  13.498 0.1000000015
82985  41.238  18.235  12.466 0.1000000015
76409  47.772  6.913  15.277 0.1000000015
83899  30.760  20.162  17.720 0.1000000015
114169  44.389  12.837  15.623 0.1000000015
98946  45.346  13.365  15.684 0.1000000015
80528  45.073  15.413  15.625 0.1000000015
81745  43.701  16.979  15.860 0.1000000015
81122  42.763  16.433  15.911 0.1000000015
99344  32.048  21.592  15.113 0.1000000015
78131  49.800  10.456  16.805 0.1000000015
64130  38.609  -10.461  12.463 0.1000000015
64129  39.083  -9.879  12.331 0.1000000015
112138  38.798  -11.056  12.105 0.1000000015
64138  39.296  -10.521  12.003 0.1000000015
116900  39.894  -11.230  11.298 0.1000000015
64751  39.691  -9.709  11.809 0.1000000015
106500  40.365  -9.877  11.328 0.1000000015
63472  40.358  -11.252  10.977 0.1000000015
64148  40.836  -10.416  10.889 0.1000000015
62742  40.226  -11.998  10.306 0.1000000015
63494  41.611  -11.754  9.613 0.1000000015
64759  40.827  -9.463  10.859 0.1000000015
63483  41.859  -11.110  10.045 0.1000000015
64147  41.595  -10.481  10.378 0.1000000015
112894  41.360  -9.800  10.561 0.1000000015
62769  40.539  -12.513  8.092 0.1000000015
64757  41.908  -9.721  10.172 0.1000000015
64137  40.013  -10.626  11.462 0.1000000015
63484  41.112  -11.334  10.377 0.1000000015
54327  41.818  -21.781  14.595 0.1000000015
55956  41.023  -19.633  20.625 0.1000000015
55989  39.941  -20.699  18.107 0.1000000015
56073  43.941  -19.878  8.225 0.1000000015
56784  39.402  -19.528  18.491 0.1000000015
56827  39.895  -19.693  14.137 0.1000000015
56843  40.619  -19.503  12.564 0.1000000015
57564  40.190  -18.748  20.245 0.1000000015
57567  39.748  -18.864  19.558 0.1000000015
57586  39.371  -18.561  16.777 0.1000000015
58325  40.055  -17.842  19.815 0.1000000015
59161  39.928  -16.767  11.600 0.1000000015
59824  30.459  -15.822  32.376 0.1000000015
59832  33.431  -15.484  31.885 0.1000000015
59859  28.413  -15.612  29.497 0.2000000030
59874  27.309  -15.205  28.872 0.2000000030
59958  33.131  -15.109  22.597 0.1000000015
60714  27.166  -15.134  30.710 0.1000000015
60757  27.025  -14.840  28.442 0.2000000030
60767  32.677  -14.319  27.446 0.1000000015
67418  38.202  -5.512  34.573 0.1000000015
67669  35.351  -5.582  11.407 0.1000000015
68221  40.020  -5.085  35.823 0.1000000015
68244  38.587  -5.203  34.056 0.1000000015
68276  46.269  -3.951  31.417 0.2000000030
68278  45.415  -3.626  32.024 0.2000000030
68286  46.547  -4.205  30.695 0.2000000030
68288  44.873  -4.403  31.331 0.2000000030
68355  49.806  -3.801  22.010 0.6000000238
68372  49.882  -3.983  20.398 0.6000000238
68501  49.260  -4.108  7.099 0.6999999881
69069  45.357  -1.973  32.365 0.2000000030
69075  45.726  -2.714  32.190 0.2000000030
69151  42.682  -3.259  24.694 0.3000000119
69152  41.921  -3.116  24.757 0.3000000119
69176  49.931  -3.468  21.399 0.6000000238
69196  50.272  -2.755  14.522 0.8999999762
69841  45.905  -1.719  32.103 0.2000000030
69847  45.963  -2.485  31.768 0.2000000030
69891  41.061  -2.437  25.895 0.2000000030
69896  40.214  -2.416  24.324 0.3000000119
69902  44.144  -2.831  22.967 0.4000000060
69908  38.475  -1.940  23.259 0.2000000030
69956  49.409  -1.916  19.535 0.6000000238
69965  39.278  -1.941  19.616 0.2000000030
70570  35.075  -1.452  33.466 0.1000000015
70573  45.631  -1.278  32.230 0.2000000030
70574  33.842  -1.401  32.412 0.1000000015
70581  32.729  -1.186  30.862 0.1000000015
70594  40.083  -0.877  29.591 0.1000000015
70619  40.449  -1.183  26.240 0.2000000030
70629  39.398  -1.278  25.244 0.2000000030
70633  37.693  -1.073  24.151 0.2000000030
70661  38.044  -1.886  20.694 0.1000000015
70672  37.752  -1.499  19.118 0.1000000015
70703  48.982  -1.549  16.894 0.6999999881
71328  34.063  -0.590  32.655 0.1000000015
71331  45.543  -0.703  32.055 0.2000000030
71333  43.303  -0.319  31.453 0.1000000015
71337  45.591  -0.637  31.543 0.2000000030
71341  32.500  -0.488  30.427 0.1000000015
71348  32.446  -0.505  29.651 0.2000000030
71352  45.521  0.721  29.734 0.2000000030
71361  32.618  -0.569  28.963 0.2000000030
71369  40.734  -0.573  26.465 0.1000000015
71377  38.838  -0.914  25.023 0.2000000030
71384  35.930  -0.082  23.295 0.1000000015
71391  35.947  -0.553  22.945 0.1000000015
71403  34.506  0.233  21.574 0.1000000015
72006  45.321  -0.016  31.527 0.2000000030
72018  41.620  0.798  30.170 0.1000000015
72025  38.905  0.763  29.124 0.1000000015
72061  37.547  0.164  24.473 0.1000000015
72067  35.740  0.490  23.197 0.1000000015
72080  33.942  0.878  21.394 0.1000000015
72094  33.920  0.848  18.977 0.1000000015
72096  34.736  0.901  17.428 0.1000000015
72099  35.086  0.929  16.774 0.1000000015
72111  35.807  1.044  15.123 0.1000000015
72192  41.131  0.921  2.560 0.6000000238
72193  40.734  0.793  2.640 0.5000000000
72668  32.485  1.173  29.999 0.1000000015
72687  46.063  2.036  27.845 0.1000000015
72692  38.021  1.567  27.743 0.2000000030
72697  32.929  1.631  27.818 0.2000000030
72708  46.247  2.075  26.428 0.2000000030
72725  37.960  0.939  24.310 0.1000000015
72737  36.175  0.969  23.450 0.1000000015
72752  34.232  1.416  21.894 0.1000000015
72767  32.780  2.020  20.026 0.1000000015
72835  45.640  1.692  5.251 0.5000000000
72843  45.706  1.685  5.058 0.5000000000
72849  45.463  1.790  4.652 0.5000000000
73356  32.642  1.917  29.877 0.1000000015
73369  45.460  2.154  28.723 0.1000000015
73375  45.212  2.545  28.019 0.1000000015
73377  42.798  2.384  27.661 0.1000000015
73378  40.985  2.136  27.296 0.1000000015
73382  32.703  2.267  28.034 0.1000000015
73395  34.747  3.000  26.444 0.1000000015
73435  39.429  2.543  22.448 0.1000000015
73440  34.651  1.858  22.160 0.1000000015
73446  34.796  2.982  21.843 0.1000000015
73557  45.650  2.069  4.780 0.5000000000
73567  40.879  2.439  3.322 0.6000000238
73572  41.505  2.060  2.535 0.6000000238
74029  32.739  2.830  28.489 0.1000000015
74031  33.385  3.325  27.263 0.1000000015
74074  46.272  3.069  23.039 0.1000000015
74089  35.582  2.723  22.101 0.1000000015
74105  37.292  3.662  21.657 0.1000000015
74124  32.835  3.286  19.177 0.1000000015
74705  36.921  4.411  21.648 0.1000000015
74714  32.665  4.409  20.210 0.1000000015
74722  32.705  4.967  19.655 0.1000000015
75243  35.859  5.887  21.985 0.1000000015
75254  39.056  4.996  21.686 0.1000000015
75275  32.879  5.503  19.519 0.1000000015
75295  37.560  5.376  16.345 0.1000000015
75365  45.448  4.998  6.925 0.3000000119
75798  40.760  6.930  22.388 0.1000000015
75827  33.456  6.556  19.974 0.1000000015
75904  44.849  5.926  7.941 0.2000000030
76344  38.031  7.973  23.223 0.1000000015
76370  33.836  6.839  20.565 0.1000000015
76878  35.909  8.861  23.409 0.1000000015
76908  35.097  8.562  19.134 0.1000000015
77479  39.557  9.660  23.333 0.1000000015
77481  37.737  9.420  23.532 0.1000000015
77484  34.988  9.161  23.021 0.1000000015
77505  33.166  9.758  19.583 0.1000000015
77524  35.346  9.845  17.797 0.1000000015
78075  38.015  11.169  23.039 0.1000000015
78078  35.565  10.601  23.129 0.1000000015
78089  40.740  10.894  22.593 0.1000000015
78091  34.471  10.339  22.624 0.1000000015
78101  32.054  10.458  20.245 0.1000000015
78115  32.292  10.418  19.024 0.1000000015
78124  33.282  10.806  17.813 0.1000000015
78153  38.510  10.936  15.835 0.1000000015
78661  33.924  12.047  21.829 0.1000000015
78662  33.108  11.425  21.723 0.1000000015
78663  32.017  11.403  21.185 0.1000000015
78667  31.239  11.308  20.281 0.1000000015
78672  31.267  11.111  19.641 0.1000000015
78702  34.060  11.632  16.950 0.1000000015
79222  37.024  13.117  21.507 0.1000000015
79224  35.548  12.879  21.551 0.1000000015
79235  31.244  12.540  21.160 0.1000000015
79241  30.136  12.369  20.096 0.1000000015
79250  29.772  12.494  19.078 0.1000000015
79257  32.411  12.243  17.516 0.1000000015
79258  31.514  12.258  17.860 0.1000000015
79259  30.735  12.430  18.207 0.1000000015
79271  33.995  12.477  16.769 0.1000000015
79277  48.093  13.252  16.379 0.1000000015
79280  43.568  12.918  15.539 0.1000000015
79286  36.766  12.358  15.773 0.1000000015
79829  31.120  14.097  23.089 0.1000000015
79847  34.975  13.658  22.028 0.1000000015
79849  33.274  13.424  22.014 0.1000000015
79874  32.298  13.913  17.104 0.1000000015
79876  29.702  13.469  18.125 0.1000000015
79902  41.570  13.518  15.439 0.1000000015
80494  28.795  14.533  20.322 0.1000000015
80501  28.998  13.795  18.506 0.1000000015
80502  28.591  14.256  19.009 0.1000000015
81092  28.426  15.585  19.527 0.1000000015
81094  28.460  15.075  18.848 0.1000000015
81117  46.950  15.344  15.648 0.1000000015
81715  28.450  16.362  19.300 0.1000000015
81721  28.682  16.475  17.503 0.1000000015
81726  38.980  17.313  16.295 0.1000000015
81728  37.538  16.895  16.192 0.1000000015
81732  33.060  16.273  16.316 0.1000000015
81734  31.315  15.707  16.540 0.1000000015
81752  34.279  16.917  16.102 0.1000000015
82327  29.081  17.630  19.587 0.1000000015
82335  28.585  17.405  18.219 0.1000000015
82345  36.278  17.295  16.123 0.1000000015
82361  37.806  18.013  15.989 0.1000000015
82362  36.889  17.818  15.887 0.1000000015
82364  34.816  17.376  15.783 0.1000000015
82368  30.303  17.764  15.626 0.1000000015
82369  29.666  18.119  15.858 0.1000000015
82379  40.873  18.180  15.892 0.1000000015
82918  28.750  18.123  17.919 0.1000000015
82953  38.456  18.456  14.904 0.1000000015
82954  37.694  18.463  14.489 0.1000000015
82957  34.553  18.418  14.254 0.1000000015
82959  32.206  18.698  14.358 0.1000000015
83410  32.472  19.758  19.886 0.1000000015
83412  30.757  19.179  19.304 0.1000000015
83420  29.777  19.222  18.070 0.1000000015
83457  30.808  19.877  15.113 0.1000000015
83476  36.985  19.471  12.198 0.1000000015
83479  34.362  20.138  12.722 0.1000000015
83488  38.175  19.496  11.423 0.1000000015
83898  30.953  20.602  16.922 0.1000000015
83907  30.683  20.382  16.231 0.1000000015
83921  30.665  20.149  15.610 0.1000000015
83945  35.089  20.723  12.020 0.1000000015
84354  31.483  21.101  15.383 0.1000000015
84383  32.718  21.187  13.688 0.1000000015
97183  32.963  5.142  18.971 0.1000000015
97259  42.616  -3.149  27.080 0.3000000119
97694  29.727  13.876  20.886 0.1000000015
97958  35.677  9.941  23.393 0.1000000015
98016  44.293  13.617  15.503 0.1000000015
98107  39.426  -20.200  17.291 0.1000000015
98275  27.032  -13.402  33.463 0.1000000015
99191  39.631  18.445  14.195 0.1000000015
99269  41.246  4.861  21.564 0.1000000015
99842  43.610  16.623  15.851 0.1000000015
99844  34.046  15.125  16.549 0.1000000015
100200  28.569  17.052  17.727 0.1000000015
100323  30.395  19.362  18.626 0.1000000015
100612  36.931  18.524  14.169 0.1000000015
100702  30.115  19.668  17.595 0.1000000015
101249  40.563  -20.433  19.052 0.1000000015
101473  33.015  20.233  19.660 0.1000000015
101580  33.859  6.206  18.439 0.1000000015
101754  37.843  13.087  15.518 0.1000000015
103128  35.330  -0.677  21.211 0.1000000015
103688  40.844  0.489  25.664 0.1000000015
104533  37.964  12.895  21.563 0.1000000015
104570  45.691  1.350  29.345 0.2000000030
104634  39.337  -18.982  15.129 0.1000000015
105758  32.973  18.440  14.363 0.1000000015
105793  33.509  13.482  22.641 0.1000000015
106483  38.616  -2.909  27.007 0.2000000030
106719  28.069  -15.672  29.886 0.2000000030
106739  45.576  -4.404  4.955 0.6999999881
108512  33.254  1.335  20.305 0.1000000015
108632  38.185  -1.584  23.887 0.2000000030
109125  32.549  0.078  30.759 0.1000000015
109591  34.477  16.452  16.324 0.1000000015
110063  37.542  -15.323  28.123 0.1000000015
110126  45.137  16.365  15.571 0.1000000015
110322  39.465  -5.199  35.694 0.1000000015
110692  34.959  -0.263  21.635 0.1000000015
110800  31.069  18.542  14.942 0.1000000015
110837  36.999  0.982  28.322 0.1000000015
111494  41.795  -21.645  17.157 0.1000000015
112401  41.717  -4.772  7.791 0.8000000119
112825  39.381  5.532  21.919 0.1000000015
112975  34.834  1.055  27.780 0.2000000030
113096  33.360  2.956  18.562 0.1000000015
113135  35.569  17.373  15.985 0.1000000015
113468  33.419  1.284  20.909 0.1000000015
113801  34.297  7.273  21.283 0.1000000015
113857  32.192  20.854  14.024 0.1000000015
113939  45.688  15.784  15.648 0.1000000015
114003  39.325  18.447  15.300 0.1000000015
114673  35.224  4.300  21.624 0.1000000015
114859  43.303  11.335  21.793 0.1000000015
114899  38.640  11.373  22.777 0.1000000015
114929  32.915  -5.040  9.240 0.1000000015
115029  41.865  -2.421  19.655 0.3000000119
115063  44.048  0.858  30.808 0.1000000015
115187  34.875  4.484  17.383 0.1000000015
115872  45.053  14.337  12.751 0.1000000015
116324  37.570  2.040  22.800 0.1000000015
116395  49.370  -1.886  15.929 0.6999999881
116876  28.706  14.125  19.684 0.1000000015
116893  43.339  -22.492  15.775 0.1000000015
116997  34.753  -0.281  20.274 0.1000000015
117051  29.266  18.540  16.405 0.1000000015
117054  35.559  -13.688  31.236 0.1000000015
117221  32.396  10.192  20.284 0.1000000015
117282  29.196  18.840  16.945 0.1000000015
117585  49.965  -12.101  7.425 0.6000000238
117623  40.493  10.343  22.924 0.1000000015
