global_signal	global_signal_derivative1	global_signal_power2	global_signal_derivative1_power2	csf	csf_derivative1	csf_derivative1_power2	csf_power2	white_matter	white_matter_derivative1	white_matter_power2	white_matter_derivative1_power2	csf_wm	tcompcor	std_dvars	dvars	framewise_displacement	rmsd	t_comp_cor_00	t_comp_cor_01	t_comp_cor_02	t_comp_cor_03	t_comp_cor_04	t_comp_cor_05	t_comp_cor_06	c_comp_cor_00	c_comp_cor_01	c_comp_cor_02	c_comp_cor_03	c_comp_cor_04	c_comp_cor_05	c_comp_cor_06	c_comp_cor_07	c_comp_cor_08	c_comp_cor_09	c_comp_cor_10	c_comp_cor_11	c_comp_cor_12	c_comp_cor_13	c_comp_cor_14	c_comp_cor_15	c_comp_cor_16	c_comp_cor_17	c_comp_cor_18	c_comp_cor_19	c_comp_cor_20	c_comp_cor_21	c_comp_cor_22	c_comp_cor_23	c_comp_cor_24	c_comp_cor_25	c_comp_cor_26	c_comp_cor_27	c_comp_cor_28	c_comp_cor_29	c_comp_cor_30	c_comp_cor_31	c_comp_cor_32	c_comp_cor_33	c_comp_cor_34	c_comp_cor_35	c_comp_cor_36	w_comp_cor_00	w_comp_cor_01	w_comp_cor_02	w_comp_cor_03	w_comp_cor_04	w_comp_cor_05	w_comp_cor_06	w_comp_cor_07	w_comp_cor_08	w_comp_cor_09	w_comp_cor_10	w_comp_cor_11	w_comp_cor_12	w_comp_cor_13	w_comp_cor_14	w_comp_cor_15	w_comp_cor_16	w_comp_cor_17	w_comp_cor_18	w_comp_cor_19	w_comp_cor_20	w_comp_cor_21	w_comp_cor_22	w_comp_cor_23	w_comp_cor_24	w_comp_cor_25	w_comp_cor_26	w_comp_cor_27	w_comp_cor_28	w_comp_cor_29	w_comp_cor_30	w_comp_cor_31	w_comp_cor_32	w_comp_cor_33	w_comp_cor_34	w_comp_cor_35	w_comp_cor_36	w_comp_cor_37	w_comp_cor_38	w_comp_cor_39	w_comp_cor_40	w_comp_cor_41	w_comp_cor_42	w_comp_cor_43	w_comp_cor_44	w_comp_cor_45	w_comp_cor_46	w_comp_cor_47	w_comp_cor_48	w_comp_cor_49	w_comp_cor_50	w_comp_cor_51	w_comp_cor_52	w_comp_cor_53	w_comp_cor_54	w_comp_cor_55	w_comp_cor_56	w_comp_cor_57	w_comp_cor_58	w_comp_cor_59	w_comp_cor_60	a_comp_cor_00	a_comp_cor_01	a_comp_cor_02	a_comp_cor_03	a_comp_cor_04	a_comp_cor_05	a_comp_cor_06	a_comp_cor_07	a_comp_cor_08	a_comp_cor_09	a_comp_cor_10	a_comp_cor_11	a_comp_cor_12	a_comp_cor_13	a_comp_cor_14	a_comp_cor_15	a_comp_cor_16	a_comp_cor_17	a_comp_cor_18	a_comp_cor_19	a_comp_cor_20	a_comp_cor_21	a_comp_cor_22	a_comp_cor_23	a_comp_cor_24	a_comp_cor_25	a_comp_cor_26	a_comp_cor_27	a_comp_cor_28	a_comp_cor_29	a_comp_cor_30	a_comp_cor_31	a_comp_cor_32	a_comp_cor_33	a_comp_cor_34	a_comp_cor_35	a_comp_cor_36	a_comp_cor_37	a_comp_cor_38	a_comp_cor_39	a_comp_cor_40	a_comp_cor_41	a_comp_cor_42	a_comp_cor_43	a_comp_cor_44	a_comp_cor_45	a_comp_cor_46	a_comp_cor_47	a_comp_cor_48	a_comp_cor_49	a_comp_cor_50	a_comp_cor_51	a_comp_cor_52	a_comp_cor_53	a_comp_cor_54	a_comp_cor_55	a_comp_cor_56	a_comp_cor_57	a_comp_cor_58	a_comp_cor_59	a_comp_cor_60	a_comp_cor_61	a_comp_cor_62	a_comp_cor_63	a_comp_cor_64	a_comp_cor_65	a_comp_cor_66	a_comp_cor_67	a_comp_cor_68	a_comp_cor_69	edge_comp_00	edge_comp_01	edge_comp_02	edge_comp_03	edge_comp_04	edge_comp_05	edge_comp_06	edge_comp_07	edge_comp_08	edge_comp_09	edge_comp_10	edge_comp_11	edge_comp_12	edge_comp_13	edge_comp_14	edge_comp_15	edge_comp_16	edge_comp_17	edge_comp_18	edge_comp_19	edge_comp_20	edge_comp_21	edge_comp_22	edge_comp_23	cosine00	cosine01	cosine02	cosine03	non_steady_state_outlier00	non_steady_state_outlier01	trans_x	trans_x_derivative1	trans_x_power2	trans_x_derivative1_power2	trans_y	trans_y_derivative1	trans_y_derivative1_power2	trans_y_power2	trans_z	trans_z_derivative1	trans_z_derivative1_power2	trans_z_power2	rot_x	rot_x_derivative1	rot_x_power2	rot_x_derivative1_power2	rot_y	rot_y_derivative1	rot_y_power2	rot_y_derivative1_power2	rot_z	rot_z_derivative1	rot_z_power2	rot_z_derivative1_power2	motion_outlier00	motion_outlier01
79.60007733581855	n/a	6336.172311868295	n/a	92.75878500388605	n/a	n/a	8604.192195397154	70.98339342824465	n/a	5038.642142588967	n/a	81.09817388746387	85.44976878416288	n/a	n/a	n/a	n/a	0.0	0.0	0.0	0.0	0.0	0.0	0.0	0.0	0.0	0.0	0.0	0.0	0.0	0.0	0.0	0.0	0.0	0.0	0.0	0.0	0.0	0.0	0.0	0.0	0.0	0.0	0.0	0.0	0.0	0.0	0.0	0.0	0.0	0.0	0.0	0.0	0.0	0.0	0.0	0.0	0.0	0.0	0.0	0.0	0.0	0.0	0.0	0.0	0.0	0.0	0.0	0.0	0.0	0.0	0.0	0.0	0.0	0.0	0.0	0.0	0.0	0.0	0.0	0.0	0.0	0.0	0.0	0.0	0.0	0.0	0.0	0.0	0.0	0.0	0.0	0.0	0.0	0.0	0.0	0.0	0.0	0.0	0.0	0.0	0.0	0.0	0.0	0.0	0.0	0.0	0.0	0.0	0.0	0.0	0.0	0.0	0.0	0.0	0.0	0.0	0.0	0.0	0.0	0.0	0.0	0.0	0.0	0.0	0.0	0.0	0.0	0.0	0.0	0.0	0.0	0.0	0.0	0.0	0.0	0.0	0.0	0.0	0.0	0.0	0.0	0.0	0.0	0.0	0.0	0.0	0.0	0.0	0.0	0.0	0.0	0.0	0.0	0.0	0.0	0.0	0.0	0.0	0.0	0.0	0.0	0.0	0.0	0.0	0.0	0.0	0.0	0.0	0.0	0.0	0.0	0.0	0.0	0.0	0.0	0.0	0.0	0.0	0.0	0.0	0.0	0.0	0.0	0.0	0.0	0.0	0.0	0.0	0.0	0.0	0.0	0.0	0.0	0.0	0.0	0.0	0.0	0.0	0.0	0.0	0.0	0.0	0.0	0.0	0.0	0.0	0.0	0.0	0.0	0.0	0.0	0.0	0.0	0.0	0.0	0.0	0.0	0.0	0.0	1.0	0.0	-0.0526632545012404	n/a	0.0027734183746624	n/a	-0.0016414190888838	n/a	n/a	2.694256625352124e-06	0.1245125975558565	n/a	n/a	0.0155033869501066	0.0004566861728068	n/a	2.085622604329224e-07	n/a	0.0003687699229923	n/a	1.359912561037469e-07	n/a	-0.0010090838578417	n/a	1.0182502321566883e-06	n/a	0.0	0.0
60.49528001283548	-19.104797322983075	3659.678903831372	364.9932807522612	67.05100234249603	-25.707782661390013	660.890089365265	4495.836915133408	59.069750254756414	-11.91364317348824	3489.2353951592954	141.93489366520294	63.6441714883431	55.79054811312047	11.293619	360.659393	0.344679656725127	0.2091450615641473	0.0	0.0	0.0	0.0	0.0	0.0	0.0	0.0	0.0	0.0	0.0	0.0	0.0	0.0	0.0	0.0	0.0	0.0	0.0	0.0	0.0	0.0	0.0	0.0	0.0	0.0	0.0	0.0	0.0	0.0	0.0	0.0	0.0	0.0	0.0	0.0	0.0	0.0	0.0	0.0	0.0	0.0	0.0	0.0	0.0	0.0	0.0	0.0	0.0	0.0	0.0	0.0	0.0	0.0	0.0	0.0	0.0	0.0	0.0	0.0	0.0	0.0	0.0	0.0	0.0	0.0	0.0	0.0	0.0	0.0	0.0	0.0	0.0	0.0	0.0	0.0	0.0	0.0	0.0	0.0	0.0	0.0	0.0	0.0	0.0	0.0	0.0	0.0	0.0	0.0	0.0	0.0	0.0	0.0	0.0	0.0	0.0	0.0	0.0	0.0	0.0	0.0	0.0	0.0	0.0	0.0	0.0	0.0	0.0	0.0	0.0	0.0	0.0	0.0	0.0	0.0	0.0	0.0	0.0	0.0	0.0	0.0	0.0	0.0	0.0	0.0	0.0	0.0	0.0	0.0	0.0	0.0	0.0	0.0	0.0	0.0	0.0	0.0	0.0	0.0	0.0	0.0	0.0	0.0	0.0	0.0	0.0	0.0	0.0	0.0	0.0	0.0	0.0	0.0	0.0	0.0	0.0	0.0	0.0	0.0	0.0	0.0	0.0	0.0	0.0	0.0	0.0	0.0	0.0	0.0	0.0	0.0	0.0	0.0	0.0	0.0	0.0	0.0	0.0	0.0	0.0	0.0	0.0	0.0	0.0	0.0	0.0	0.0	0.0	0.0	0.0	0.0	0.0	0.0	0.0	0.0	0.0	0.0	0.0	0.0	0.0	0.0	0.0	0.0	1.0	-0.0166984186668912	0.0359648358343492	0.0002788371859747	0.0012934694165916	0.0167039714694254	0.0183453905583092	0.0003365533547369	0.0002790226628513	-0.0539450471128972	-0.1784576446687537	0.0318471309407191	0.0029100681080126	0.0001838005620236	-0.0002728856107832	3.3782646600191226e-08	7.446655657252012e-08	0.0004630790146338	9.43090916415e-05	2.1444217379421118e-07	8.894204766244845e-09	0.0008619571530079	0.0018710410108496	7.429701336214843e-07	3.500794464281093e-06	1.0	0.0
59.14955010011819	-1.3457299127172888	3498.669277046392	1.8109889979820817	65.71919032562704	-1.3318120168689944	1.7737232482766587	4319.01197705599	58.70183042021939	-0.3679198345370267	3445.9048946841945	0.1353650046457531	62.72859768357978	52.29999244796646	1.495619	47.762276	0.108938609945849	0.0511524513508888	-0.0662518436	0.0575450388	0.1745813771	-0.0003920187	0.0539085588	-0.0010991489	0.0605044565	-0.1112845059	-0.1429626037	0.1310145188	-0.017843401	0.103491706	-0.019638344	0.0632959874	-0.0099707847	0.011606498	-0.0144540808	0.0514996573	-0.0159851851	0.0582166264	-0.0335383737	0.0613113793	-0.0653693351	-0.0945493628	0.1688810934	-0.0313076886	0.0302867941	-0.0162865952	0.0553831315	-0.103883161	0.020282684	-0.006576101	0.0383495954	-0.0267844026	0.0363478945	-0.0322392583	0.0074394601	-0.0418471181	0.1092710028	-0.0254920143	0.1040021949	0.0290474208	-0.0162763665	-0.1424606346	0.0962759765	-0.0440286966	0.1211336108	-0.0421168863	0.0261827132	-0.1088991614	-0.0076586892	-0.106561454	-0.0639365819	0.0454921	-0.1322190694	0.1048761534	-0.0169411375	0.1876797355	-0.0164301499	0.1220856752	-0.0755151534	0.0213917792	-0.0682962339	0.0884993089	-0.0552878663	0.0043314728	-0.0794040041	0.1015289594	-0.0351416129	0.0440506679	-0.0606737435	-0.0304737736	0.0208952319	-0.085590923	0.028938135	0.0041905994	0.1095185826	-0.0576765832	0.0998376402	0.0142626453	0.0324263513	-0.0987635394	-0.0026945234	0.0509629514	-0.1112577381	-0.0277984016	-0.0714168433	0.0478823991	0.0904234627	-0.1057908191	0.0781244744	0.0162435509	0.0492835604	-0.0959082964	-0.0303347493	-0.0166573738	0.1054754857	0.0185671022	0.0201534747	-0.1547170436	-0.0327425105	-0.0557921378	0.0522172777	0.0042730984	-0.0846520743	-0.1520894258	0.0908407075	0.0676123295	-0.0351157615	0.1324677259	-0.0707742679	0.0690198943	0.0477040504	-0.0150694264	0.0314787061	-0.046730759	0.050734475	-0.0235072085	0.034634798	-0.1255168319	0.071986308	-0.066281258	0.0016985384	-0.038111304	-0.0016108017	0.2219832234	-0.1967532027	0.0372897779	-0.1014687684	0.062395247	-0.0748462968	0.0628025336	-0.0867371876	0.0428779974	-0.060676382	0.0602126115	-0.1760549991	0.1566766667	-0.0894084902	-0.0881018221	0.1222595461	-0.1653334533	0.0507546383	0.1367438636	-0.0910626816	0.0333470413	0.110590833	-0.0653541389	-0.1037161424	-0.0067873972	0.1196934708	0.0921013701	0.0405508511	-0.0977843404	0.1008237137	0.1498605399	-0.1365576636	-0.0079920507	-0.0139873038	-0.0351643993	-0.0294493613	-0.0340717613	0.0815916904	0.0425302156	-0.0126630385	-0.0284873378	-0.0336387913	0.0599272177	0.022568135	0.1110302216	0.062960182	-0.0814617642	-0.0138772095	-0.0514133154	-0.0136246373	-0.0058335917	-0.1191381128	0.0402891929	-0.0584891469	0.0053577855	-0.1402082223	0.0025121838	-0.0519185548	0.0895298728	0.1495582244	-0.107182967	0.1476379333	-0.1482710746	0.020663497	-0.0239107419	0.09921986	-0.1000421965	0.0452743879	-0.032108127	-0.1537278454	0.1673096971	-0.0393567353	0.0108040835	-0.0353057636	0.1059956606	0.1059832789	0.1059626437	0.1059337567	0.0	0.0	-0.0074346663364082	0.009263752330483	5.527426353372133e-05	8.581710724052925e-05	0.0533494705857862	0.0366454991163608	0.0013428926054872	0.0028461660117836	-0.043474102740987	0.0104709443719102	0.0001096406760396	0.0018899976091338	-0.0004198927923055	-0.0006036933543291	1.7630995703010977e-07	3.6444566606112027e-07	0.0009098194433125	0.0004467404286786	8.277714194294673e-07	1.995770106160286e-07	0.000862691652542	7.344995341000216e-07	7.442368873656468e-07	5.394895655931488e-13	0.0	0.0
58.80325187646021	-0.3462982236579819	3457.8224312464213	0.1199224597086736	65.3289670724289	-0.390223253198144	0.1522741873365428	4267.873938750498	58.73961173695687	0.0377813167374796	3450.341987008441	0.0014274278944177	62.54478728109019	51.655222070661736	1.015645	32.434429	0.1263001823040525	0.0706174833097986	-0.0460272344	0.0496852558	0.1609965802	0.0516485706	0.0242932046	0.0140601244	-0.1344329687	-0.0505547134	-0.0376555125	0.0185847194	0.1096403202	0.0947020352	0.0703086642	0.1064356632	-0.1203966002	0.0890170419	-0.0471436769	0.0611309172	-0.0593940151	0.180707516	-0.0286438643	-0.0090697488	0.0181974086	0.1418852829	0.0465071058	-0.0330249646	-0.024407098	0.0266227057	0.0456700786	0.0357843437	0.051880039	-0.0003044467	-0.128666447	-0.0429077026	-0.0450875115	-0.0962336289	0.0830538874	0.0912348	0.0375523624	-0.0331158182	0.1405586684	-0.0533937233	-0.0163748567	0.1574297117	0.0461821757	-0.0819524106	0.0836224435	0.0465733066	-0.062536023	0.1299446158	-0.0507938824	0.0069045957	-0.0180870591	-0.0639935488	-0.0768319373	0.0366972763	-0.1215873679	0.1468159426	-0.0294680822	-0.0096380188	0.0678235911	0.0797597652	0.0219655838	-0.0473170917	-0.0719063943	0.0945714835	0.1900663146	-0.1156291921	-0.0321578737	0.0082309896	-0.0041831893	0.1903048008	-0.0231679979	-0.0096328194	0.0632005157	-0.1677299049	-0.0704405764	0.005340824	-0.1021824252	0.0581408156	-0.1283576345	0.0351472167	-0.0713113005	0.0532108438	0.0410094666	-0.0246195717	0.0740136518	-0.0199139069	0.0300991114	-0.1146102072	-0.0092910605	0.0597421921	0.0062982276	0.020254493	0.0555732809	0.1409108265	-0.1513864485	-0.0443497447	-0.0956516771	0.0206621937	-0.0350810545	0.1384308211	-0.0581331444	-0.0245692589	0.1228662281	-0.0851760301	0.0465335645	0.036141331	-0.0294053224	0.1503079213	-0.1130014774	0.0458376693	0.0516079544	-0.0259216252	-0.003891351	-0.0068503259	0.0075802645	0.0606018687	0.0369489457	-0.003564549	-0.0368335651	0.0657044662	0.0653647006	0.0426437241	0.0093833849	-0.0141861337	-0.084888318	-0.0030849124	0.1190557189	-0.0710198227	0.1291203463	0.0026285803	-0.1822020936	0.0307452134	0.0458168903	0.1481594089	0.0832083204	0.070057029	-0.1149776713	-0.0120461402	-0.0435899911	0.0063834814	-0.1379063912	0.0873285478	-0.0671824158	-0.1515559485	0.0501144349	0.0084471274	0.0492709849	0.0546643071	0.12059785	-0.0369786954	0.0819153182	-0.020121028	0.1179458784	-0.163620899	0.0066649953	0.0382958481	-0.1051006649	0.013093049	-0.0226237172	0.0562878911	0.0277581642	0.0559738358	0.0109659467	0.0609772121	-0.0083227889	0.0257428212	-0.2056243192	0.0599343221	-0.0851089314	-0.139584285	0.0420404528	0.1044790316	0.0410302568	-0.0066512449	-0.1103823449	0.0215920376	-0.1329423733	0.0055016282	-0.0540764836	-0.0540359506	-0.039008789	0.0455820417	0.0581456996	-0.0432456002	0.0556000735	-0.0251365354	-0.0106939435	0.0121745234	-0.0438124044	-0.0556718622	0.036391958	0.1163933163	0.0767115438	-0.0970283221	0.080326905	-0.0963015308	0.123802558	0.1059626437	0.1058512369	0.1056656457	0.1054060001	0.0	0.0	0.0065724784976879	0.0140071448340961	4.319747360256979e-05	0.0001962001064033	0.0633826477146897	0.0100331771289034	0.0001006646432999	0.0040173600313244	-0.0265968636895195	0.0168772390514675	0.0002848411980003	0.0007073931581188	-0.0012340129237126	-0.000814120131407	1.522787895889719e-06	6.627915883623137e-07	1.696816088259112e-05	-0.0008928512824299	2.879184837374955e-10	7.971834125367328e-07	0.0008620106405873	-6.810119547000226e-07	7.430623444857272e-07	4.637772824443456e-13	0.0	0.0
58.64423224824452	-0.1590196282156881	3439.1459759860427	0.0252872421578556	64.98562312176142	-0.3433439506674745	0.1178850684599491	4223.131212523613	58.71229667043756	-0.0273150665193071	3447.1337803174733	0.0007461128589541	62.41415612908312	51.42810905021388	0.978953	31.262667	0.0165419149890957	0.0084733607580907	-0.0386508734	-0.0521355947	0.050860335	0.0384375082	-0.0512303348	-0.079253146	-0.0244770783	0.0092079066	0.0353758813	0.0182952674	0.0291912345	-0.0292724999	0.0811324393	0.0652675693	0.0129556246	0.0635097989	-0.0238727925	0.0449683103	-0.1144702509	-0.1114295304	0.0759271121	-0.1047836591	-0.0045509143	-0.1339190769	0.0400428362	0.1426075523	-0.2064106445	0.0798159247	-0.047485841	-0.013273948	-0.0178870272	-0.0510132757	-0.0272852395	0.0876993178	-0.0625401459	0.1101775421	0.0559471489	-0.0413583261	0.1729537183	-0.1052768777	-0.0138851205	-0.0473526613	0.0717049637	0.0725742295	-0.0333413286	-0.0214017792	-0.0178910742	0.0981462197	-0.0006714835	0.0454500535	0.0284613659	0.0683129374	-0.0861128247	0.0153652364	-0.1255434584	0.103837276	0.0114398755	-0.0525052897	-0.0269565024	-0.0265060857	-0.1420476056	-0.1364601251	0.1013137609	-0.0099616245	-0.0842744879	0.0988395185	0.0692429112	-0.0218203259	-0.040040858	-0.0790537202	0.0196891519	-0.0411914406	-0.0588835969	0.015522934	0.0753802691	-0.0732617938	0.0268030948	0.0836029067	0.0780680006	-0.1793725151	0.055691609	0.009398518	0.0159943965	-0.0544430892	0.0953707645	0.0096885909	-0.0069125737	-0.0779283354	-0.0211058415	-0.0670592683	0.0319236613	0.064335846	-0.145618114	0.0089990033	-0.0285162579	0.0035746168	-0.0302022561	0.0573226545	-0.0077093509	0.008934011	0.0677476949	-0.0313620975	0.0397549931	-0.1644178842	-0.0596680851	-0.033739017	0.0369851534	0.008205131	0.0671892605	0.0490633976	-0.1594532393	0.0464880464	0.0959614075	0.0307379372	-0.020964478	-0.0206111824	0.0513913453	0.1328016655	0.0866352099	0.0193797541	-0.0568085588	0.0413561023	0.0359228666	0.1316993531	-0.0852231124	-0.0011108025	-0.0025918412	-0.1027850831	0.0408511655	-0.0783772224	-0.0752753347	0.073968417	-0.0323645612	-0.0347993505	-0.0501389722	0.0562408599	0.0045092282	-0.0313955645	-0.1011622766	0.0161349779	-0.0628693367	-0.0781014449	0.1398870073	-0.1423423639	-0.0204140533	0.0565198761	0.0328904581	0.0259137274	0.139744377	-0.0089467202	-0.1544373915	0.1255980813	0.0601782068	0.0346586153	-0.0740658356	-0.0540803207	-0.0192821756	0.072496674	-0.0756126731	0.0343832078	-0.0629314849	0.0228616377	0.0193098707	-0.0353673362	0.0115128824	-0.0709691142	-0.1824733247	0.0397060231	-0.1000164335	-0.0200744912	-0.1564700584	0.2090604065	0.1030857333	0.0334613686	-0.0252762018	-0.0006546937	-0.099475633	0.0347834244	-0.0984988099	-0.0127132659	-0.1014036079	-0.070990182	-0.01674503	-0.0084127289	0.0738134666	0.0022310162	-0.0720917085	0.1215273256	0.0126863308	0.0224768222	0.0241093567	0.1468417877	0.0026184637	-0.0584608036	0.0559366359	-0.0154005153	0.0193002547	-0.0170175298	-0.0156664274	0.1058966202	0.1055873175	0.1050724821	0.104353116	0.0	0.0	0.0055564705387922	-0.0010160079588957	3.0874364848465685e-05	1.0322721725394064e-06	0.0606382679936956	-0.002744379720994	7.531620053003632e-06	0.0036769995452752	-0.0296260294720909	-0.0030291657825714	9.175845338301404e-06	0.0008777016222811	-0.0012869467497001	-5.293382598749999e-05	1.6562319365636517e-06	2.8019899336749286e-09	-0.0001250543241173	-0.0001420224849998	1.5638583980434722e-08	2.0170386245544292e-08	0.000861919721042	-9.091954529993809e-08	7.429056055211191e-07	8.266363717547494e-15	0.0	0.0
58.55468973723139	-0.0895425110131284	3428.651690223431	0.0080178612785362	64.92767986961381	-0.0579432521476093	0.0033574204694414	4215.603613251054	58.7121543236286	-0.0001423468089569	3447.117065321581	2.0262614020232792e-08	62.36061403485306	51.14460882815448	0.938608	29.974268	0.0337385906618585	0.0187787641302013	-0.0384933565	-0.0840411016	-0.010062259	0.0145581713	-0.0617827213	-0.014107526	0.0483702509	0.0285839939	-0.0475116618	-0.0111275825	-0.053652456	-0.0630388383	0.0576031498	0.0926869068	-0.1034086859	-0.0342998216	-0.0860547209	0.0202772215	-0.1193548247	-0.0108120518	0.0067959265	-0.0297594077	-0.0391921489	0.0781503466	0.1022634443	0.0246225686	-0.1505268477	0.0339354833	-0.1381683028	0.0979706053	-0.0097139172	0.0568917761	-0.0119771578	0.0202929709	-0.0688837172	-0.0100852532	0.121441846	0.027338462	-0.0290527965	0.0428407633	-0.1533352004	0.0175692674	-0.034224308	0.0297495098	-0.0666656412	0.1098590551	-0.0688996404	-0.0171252221	-0.0229821079	0.0304771768	0.0361986104	0.0582896879	0.0442011977	-0.0731549141	-0.0234435784	-0.0622285685	0.0465019507	-0.0230305769	0.0526748317	-0.0471233941	0.0310768806	-0.0491673008	0.0099236512	-0.0422401967	0.1511981018	-0.0008463732	-0.0548152343	0.0568535191	-0.0122314078	-0.0075468927	-0.047762069	-0.0286103332	-0.0596972109	-0.166993752	0.1318652104	-0.049161301	-0.0635510094	-0.105204788	-0.0577625061	-0.0579586858	-0.0181847203	-0.007907841	-0.1366753231	0.1196701634	-0.0112114581	0.1372452067	-0.1629049923	-0.0141935943	0.1463195832	-0.023672543	0.034759097	0.07407859	-0.0847529071	0.007779488	-0.0562973042	-0.1015951928	0.115398833	-0.0437402954	0.0261806273	-0.0597639371	-0.094469877	0.0714111977	0.1141248644	0.0275083042	0.0919151934	-0.0067092183	0.0249137068	0.0641595675	0.1541552188	-0.0005707095	-0.1312523587	0.0084267136	0.086981098	0.00962484	-0.093011687	0.0599671119	0.0072461958	0.0442906699	0.0950380807	0.030876182	-0.0285259052	-0.0604518044	-0.0778396334	0.0168372356	-0.0737997082	0.0601372639	-0.0536710946	-0.0652277892	0.0526724416	0.0630930904	-0.0500557248	0.0557933402	-0.0696048877	-0.0769419402	0.011735191	-0.0210416486	-0.0755603434	0.0686877169	-0.0464464072	0.2048741811	0.0599744425	-0.0264984466	0.0888421564	0.0961188739	-0.0167087005	0.1507779292	-0.1009554862	-0.0205744647	-0.004950757	-0.0683679847	-0.0416132754	-0.1041741328	0.0145836395	0.0107801194	-0.0671330245	0.0745292976	0.0720822038	-0.1246148761	0.1310616671	0.1850344547	0.0393982252	-0.042393464	-0.0862920297	-0.0350763652	-0.0596502973	0.0513049417	0.0953312301	-0.1378188253	-0.054852515	-0.089664176	0.0824847026	0.1168202219	-0.0270265914	0.121705898	0.036882227	0.0064314368	-0.0735947328	0.0457744699	-0.029248253	0.0226837785	-0.1547371786	-0.0506960869	0.0651083776	0.0300708948	0.0836371101	0.0660483715	0.0463533339	-0.1524303874	0.0258649709	-0.0021980515	0.0919272555	0.013402145	0.1157545885	-0.1930642259	-0.0574639827	0.1224775224	0.0952456073	-0.0059479633	-0.0767735632	0.1057976105	0.1051918494	0.1041848154	0.10278035	0.0	0.0	0.0055297054526022	-2.6765086190000224e-05	3.05776423925385e-05	7.163698387581406e-10	0.066580860645331	0.0059425926516354	3.531440742327108e-05	0.0044330110042729	-0.0129109647069753	0.0167150647651155	0.000279393390102	0.0001666930096647	-0.0011389776740184	0.0001479690756817	1.2972701419123644e-06	2.1894847358096667e-08	-5.199088315754885e-05	7.306344095975114e-05	2.7030519315018967e-09	5.3382664048790406e-09	0.0008619705675789	5.0846536899960485e-08	7.42993259372291e-07	2.5853703147190424e-15	0.0	0.0
58.6057576246532	0.0510678874218086	3434.6348267595968	0.0026079291257265	65.1180477382252	0.1903678686113892	0.0362399253996431	4240.360141237777	58.74611555631967	0.0339612326910696	3451.106092956464	0.0011533653258969	62.41212385759314	51.18722455985063	0.964683	30.806959	0.0688409463528349	0.0366774202996613	-0.0241313028	-0.0636647035	-0.0100123921	-0.0505453157	0.0179156206	0.0738981201	-0.0128273129	-0.0099767176	-0.0624839892	0.0546472116	-0.1462514652	-0.0265150138	0.0422275026	0.049259206	0.1517008061	0.0649559837	0.0750429286	0.0547674099	-0.067861758	-0.0100291207	0.0793075464	-0.0554269746	-0.013385251	-0.0113297985	0.0773877269	0.0066409983	-0.020994569	0.0245056639	-0.0537640525	0.1055030799	0.0763209229	-0.1404661769	0.0958225866	-0.0356186275	0.0154397849	0.0138172019	0.0184251309	-0.0835461627	-0.0598358599	0.0202832942	-0.0923371227	-0.0676910727	0.0044832166	-0.0276956184	0.0060292711	-0.0512778246	-0.012659974	0.0330619931	-0.079697735	0.0792275963	0.1058526342	-0.0413568799	0.0994730573	0.0008457731	-0.0490304873	-0.0147618056	-0.0421038121	0.0611625379	-0.033720434	0.0702436873	0.0669826414	0.002297797	0.141402715	0.0830632643	0.0291503782	-0.0789703989	0.0761354181	0.0223862619	0.0648946238	-0.07587758	0.0608870025	-0.0019050964	-0.026880714	0.0036956579	0.1363759868	-0.0169587822	0.0796725753	0.0506572967	0.0025926496	0.0366626952	-0.1055538476	-0.012665316	0.0293779513	-0.01774328	0.0212484974	-0.0205008524	-0.0562148249	-0.1212876676	-0.043250405	-0.064041538	-0.0182311991	-0.0398111655	0.1589019455	-0.0436806795	0.0676508373	-0.0212181887	0.0935795124	-0.0521161219	0.0007502495	0.1071233559	-0.0833541227	-0.0071661144	0.1226409097	0.0218957186	-0.0344002152	-0.0179990802	0.0327634664	0.0977862959	0.079307384	-0.0180175957	-0.037874148	0.1266854471	-0.0399633663	-0.050030669	-0.1239291978	-0.0019635381	-0.0559887869	0.1135961012	0.0144532749	0.0605103164	-0.0320174597	-0.0399637119	-0.0588484249	-0.0223388183	-0.0382058813	-0.0055088422	0.0484369022	0.0195141461	-0.1009896412	0.0330789119	-0.0107578784	9.94973e-05	-0.0403580547	-0.0163017064	0.0069065431	0.0258295749	0.0863101934	-0.0603532913	-0.1011337966	-0.0279518244	0.0067714821	0.1327536721	-0.0118920455	-0.1062559016	-0.2252885529	-0.0505682686	-0.2981948473	-0.0713456637	0.0133528049	0.0663754492	-0.0661943555	0.0078803854	0.072047864	-0.065059012	-0.0059931521	-0.0230432452	-0.0252549829	0.0526580248	0.0185112993	0.0115196044	0.0495585644	-0.0705376051	0.0131975597	-0.0936807908	-0.0378061642	-0.0248652304	-0.0712493089	-0.1732075124	0.093793471	-0.0230088085	0.1005624634	-0.0350693373	0.0228324002	0.074932913	-0.0151037017	0.0020190448	-0.0640004238	0.0397455438	-0.0912267141	-0.0138431638	-0.1071107125	0.0324145027	0.0215504075	-0.1074106408	0.0327072665	-0.0247881508	-0.0602366867	0.0177574501	0.0027419662	-0.0590768451	0.1220195612	0.0072977304	-0.0017142154	0.0558367252	0.0784802577	0.0160389952	-0.0567642479	0.1021843085	0.051568441	0.1056656457	0.1046653254	0.1030051337	0.1006955375	0.0	0.0	-0.0081592422920238	-0.013688947744626	6.65732347799498e-05	0.0001873872903551	0.0446148371869838	-0.0219660234583472	0.0004825061865726	0.001990483697221	-0.0127880754287161	0.0001228892782591	1.5101774711067013e-08	0.0001635348731705	-0.0015063512966757	-0.0003673736226573	2.269094228996563e-06	1.3496337862434834e-07	-0.0003456489216036	-0.000293658038446	1.1947317700573164e-07	8.623504354398248e-08	0.0008617405112502	-2.300563286999945e-07	7.425967087297561e-07	5.2925914374919914e-14	0.0	0.0
58.67892443529814	0.0731668106449419	3443.2161728834294	0.0053533821799527	65.33794904904795	0.219901310822749	0.0483565865015632	4269.047585935986	58.81672761711447	0.0706120607948008	3459.4074475858365	0.0049860631296886	62.50370904210652	51.08800953626633	1.001374	31.978683	0.0619105887496419	0.0272389732035986	-0.0229263	0.0489043511	0.1022358937	-0.0316218663	0.0759913945	0.0506222042	0.0090711152	-0.0554853088	-0.0691893174	0.0616709279	-0.0545882869	0.1105889347	-0.0056817333	0.0017556346	0.0613199489	-0.0369467989	0.0938139964	0.0632293362	0.0127195327	0.0096531876	0.0792533444	-0.1206756654	-0.0223844183	-0.1361931733	-0.0604916892	-0.0137741156	0.0096823043	0.0317032944	-0.0675154666	-0.0005704438	0.1060731291	0.0321025561	-0.0860565817	0.099932107	-0.0073681435	0.1400425196	-0.1645645788	0.0083275027	0.1160327555	-0.0460695505	0.0318666729	0.0447080696	-0.1183592897	-0.0047463567	-0.0902699947	-0.0226629266	0.085098204	0.0148975197	0.0290273465	-0.0085163461	0.0184954854	0.1391244838	-0.0976213241	-0.0381155229	0.0118292188	0.0545526418	0.1550474922	0.049634282	0.0696231322	0.0063278337	-0.0053807167	0.0549394702	-0.0616407086	0.1786380277	0.0533775724	0.0730550333	-0.0473876833	-0.1468674311	0.143509226	-0.1060870177	0.1200809858	-0.0995046493	0.1358190737	0.0122272427	0.002604887	-0.0927419594	-0.02333241	-0.0753149776	0.187809042	0.09044398	-0.0641143005	0.0454566516	-0.0662247201	-0.0569336136	-0.0478426827	-0.0702793461	-0.0702598106	0.019273023	-0.0605164884	0.0596564149	-0.0028979486	0.0395756375	-0.0981311172	0.0429936021	-0.0483669441	-0.1052126392	0.0292047922	-0.0052340376	-0.0019446483	0.0521482353	-0.0435402405	0.0520992758	-0.0395633205	0.1441459055	0.0494596192	-0.063457475	0.0295871495	0.0786174149	0.0115030643	0.1086887724	0.0137449357	0.0335258448	-0.0469309202	0.0232221297	-0.0778834778	-0.1160026058	-0.1296984345	0.1085424087	0.0935746104	-0.010597648	-0.0521377218	-0.0041652225	0.0589523609	-0.0219739112	-0.0703853796	-0.0059280227	-0.0656094974	0.0071181996	-0.0535028411	0.1264369174	0.132528616	0.0890327469	0.0557458812	0.0120668879	0.0218270137	0.0779718788	-0.0685896356	-0.1346016798	0.048515442	0.0639877468	0.0883088066	-0.0608393236	-0.0579395226	0.0708917296	0.1458317887	-0.0637283799	0.0284430682	0.1429029647	-0.0946846803	-0.0668935188	-0.0597779718	0.0073929903	0.0311529753	-0.123985484	0.0558175779	-0.03858717	-0.1358127123	0.0831507193	-0.0537394796	-0.0297425442	0.1114181845	0.0083379483	-0.0112512812	0.0542399873	0.0056060856	0.0500788903	0.0216619694	0.0127469272	0.1712224977	-0.0802773963	-0.168654641	-0.0145820715	0.0061129006	-0.0914245492	0.0294444965	-0.0257037337	-0.0660298181	0.0142841178	-0.1116113132	-0.0171229344	-0.0851578274	0.0365484322	-0.0735345842	-0.0262760612	0.0809861279	-0.0709628285	-0.0334355561	-0.0052081236	0.0459072792	0.0004724938	0.0649257224	0.0063503601	-0.0576742117	0.0400236262	-0.0489123454	-0.009930781	-0.0348353616	-0.017295361	0.0981081097	0.1055007667	0.1040084014	0.1015367435	0.0981090648	0.0	0.0	-0.002291029549184	0.0058682127428397	5.248816395234242e-06	3.4435920795227404e-05	0.0621079185177677	0.0174930813307839	0.0003060078944454	0.0038573935426096	-0.0185200558080893	-0.0057319803793732	3.285559906951934e-05	0.0003429924671347	-0.0017561994345021	-0.0002498481378264	3.084236453745496e-06	6.242409197531978e-08	-0.0005869024394713	-0.0002412535178676	3.44454473457363e-07	5.820325988354064e-08	0.001026985141489	0.0001652446302388	1.0546984808391814e-06	2.7305787822757732e-08	0.0	0.0
58.7166157858104	0.0376913505122544	3447.640969338479	0.0014206379034376	65.44455743385811	0.1066083848101584	0.0113653477118308	4282.990097713552	58.85670721090703	0.0399795937925588	3464.111983710436	0.001598367919818	62.53106783756586	51.283595505572144	0.988894	31.580112	0.0629346870213551	0.0318810816394386	-0.0224756306	0.0012069033	0.0597361717	0.0510633506	0.0005655642	-0.0609187867	-0.1276777746	-0.0801332915	-0.0759378636	-0.0740915326	0.0124310962	0.1266256252	-0.0909302819	-0.0495334902	-0.0628709444	-0.0279802925	-0.0724663566	0.0740555418	-0.0593772948	0.0974402516	0.1138740012	0.1065998652	0.0827180571	-0.1292266594	0.0388733832	-0.0092733032	-0.1139895351	0.0241134224	0.0432041708	0.0418099011	-0.0678338484	-0.0043855255	-0.1197183442	-0.0974518995	0.0271085335	-0.1532095292	-0.0808882985	-0.0775193264	-0.0484456513	0.0500348606	0.0312785484	0.007856257	-0.0372121608	0.114292462	-0.0379388583	-0.1230762014	-0.0320204386	-0.0823078424	0.0094166635	-0.1900844159	-0.0773393984	-0.0218923229	0.0587763919	0.1279248795	0.0627090009	-0.0093300383	0.179562049	-0.0062073404	-0.0396027778	-0.1134664022	0.0303702398	-0.08794053	0.1188541417	-0.0219183655	0.12704818	0.0037904208	0.0953257944	-0.050154575	0.0105059717	-0.0073486334	0.0182236885	-0.1424548995	-0.058980872	0.0129471956	-0.0084881942	0.0266183568	-0.0235950339	0.0745505747	-0.0631870207	0.0747621615	0.1609364469	-0.0787550307	0.1201976673	0.0925615063	0.1030087841	0.0119858627	0.0929480671	-0.001730934	0.0873126012	-0.015991424	0.0152333689	0.1823434968	0.0273067738	0.0211256973	-0.1398761233	0.1141197702	-0.0199233758	0.0003978434	0.0563298535	-0.0827783535	0.0613988759	0.026132053	0.0273915544	0.082233513	0.1402244524	-0.0678364359	0.0565671188	-0.0097626331	-0.0120899587	0.1013759156	0.0020637584	-0.0664315641	0.058545618	-0.0441253986	-0.0918790838	0.0467923342	-0.0447302386	0.0896018272	0.0305203122	-0.0124091032	0.0241293862	0.0129282839	-0.0247994666	0.0943659799	-0.0597920532	-0.0652227488	0.1134532605	0.0420974806	-0.0644347627	0.0829089658	-0.054048419	0.0142849523	0.0620540944	-0.0139489996	-0.0361955289	0.0321839476	0.0181381279	-0.0169596808	0.108602337	0.0228030082	-0.0858488577	0.0147970078	-0.0810203955	-0.0293967239	0.130668546	-0.0580418996	-0.0345394653	0.0064563174	-0.1126333335	0.0675894462	0.0441333824	-0.1132103617	-0.00533955	-0.0390787969	-0.0451523074	0.1371418363	0.1060227681	0.1463649411	0.0792496323	0.01821699	-0.1045233483	-0.0320099465	0.135439761	0.0331808864	0.0103587856	-0.130702607	-0.0465090998	0.0502625611	-0.0695713	0.0788713851	0.1013951869	0.0453062384	-0.0865282883	0.0945754541	-0.0047694013	-0.006134519	-0.0819757384	0.0326763291	-0.1291999639	0.0124399923	-0.059727785	-0.0872744208	-0.0961721882	0.013863934	-0.020188607	0.0361090214	-0.0805024625	-0.0194340257	-0.0422881542	-0.0318748175	-0.0703148527	-0.0029226534	-0.0305948292	0.0017610462	0.1143411022	-0.0347063849	-0.0225089258	0.0459115665	0.070627797	0.105303025	0.1032218959	0.0997837604	0.0950338178	0.0	0.0	0.0088871721600298	0.0111782017092138	7.898182900200876e-05	0.0001249521934518	0.0628743664238413	0.0007664479060735	5.874423927245976e-07	0.0039531859531994	-0.038852607124042	-0.0203325513159527	0.0004134126430158	0.0015095250803351	-0.0016699049259271	8.629450857500004e-05	2.7885824616355933e-06	7.446742210200755e-09	-0.0002252196042653	0.000361682835206	5.0723870145418335e-08	1.3081447328265057e-07	0.0008618127634677	-0.0001651723780213	7.427212392758338e-07	2.7281914461211238e-08	0.0	0.0
58.64995827696999	-0.0666575088404073	3439.8176058903205	0.0044432234848089	65.42694219753177	-0.0176152363263355	0.0003102965508326	4280.684765319164	58.76555136845418	-0.0911558424528493	3453.3900276384275	0.0083093876132886	62.42826494740466	51.60426131370184	0.945315	30.188435	0.0707826751131595	0.0367865344553174	-0.0340527556	-0.0555476192	-0.007197031	0.1011713967	-0.049312837	-0.0309629278	-0.0516955785	-0.0671881385	-0.0695323451	-0.1114706261	-0.0698383212	-0.0006443962	0.0626292212	-0.0146351143	0.016102372	-0.045083487	0.0638415643	0.0439152407	-0.0939957302	-0.1264926179	-0.0645668354	-0.0067889807	0.1332439162	-0.0212139976	-0.064318417	-0.0831573714	-0.0717048686	-0.0170017195	-0.0202091862	0.0462182887	0.0739011031	-0.1647784652	0.0349530923	0.0409606014	-0.0096592523	-0.0437458791	-0.0847321565	-0.0014341441	0.0017196194	-0.1326561887	0.0545455512	-0.0240306616	-0.1058971014	0.0413883208	-0.0199279113	0.0066356371	0.1049801355	0.0290201416	-0.0290146143	-0.1093899401	-0.0306760784	0.0960384183	-0.1169734584	0.0473368127	0.035239219	0.0693620525	0.0317582902	-0.1502546264	0.1029085734	-0.0318043892	-0.1067045202	-0.0625344299	0.1162217601	-0.0090451853	0.1119952034	0.0670627743	0.0742102779	0.1609288549	0.1204706348	-0.0375277299	0.0515282546	0.1082649742	-0.0335920436	0.0160049908	0.1145245629	0.0560326251	-0.1006438029	0.0670273549	0.0598711699	0.0975796308	-0.0709432228	-0.0070591791	0.0138891203	-0.0600813141	0.0197247513	0.0297085575	0.0082928349	0.0179831187	-0.1199305626	0.0384920291	0.1010921036	0.0553484525	0.0682145791	-0.0035171596	0.0060618062	0.0652420625	-0.0654924557	-0.0904945883	0.1082840025	0.0352120415	-0.0324785889	-0.0274182171	-0.037027689	-0.0327712455	0.0320587304	-0.0329604813	0.0079318249	-0.0293486744	0.0528912687	0.0996213482	-0.0790283758	-0.0076911209	0.1178951961	-0.0508223056	-0.0715749291	0.1178443587	-0.0458375958	0.0253763876	-0.026831812	-0.0713427077	-0.0435522652	-0.0689698556	0.0396786169	0.0757111372	0.0436069879	-0.0648725316	-0.0035752919	0.0616027413	0.0754640458	-0.0214895169	-0.0292766324	0.0444269297	0.0721103837	-0.1644802529	0.094003154	-0.0365770307	-0.1231393647	-0.0583242004	0.0596420733	-0.1010335828	-0.0112369447	-0.0113621869	0.1078284548	-0.1436361162	0.0772456173	0.0082562928	-0.0001567529	-0.1442552567	-0.045184738	0.038259869	0.0463511205	-0.0155192341	-0.0624613236	0.0351837471	0.0371816461	-0.0024677446	-0.0781377108	0.0451791212	0.0573867151	-0.0259173376	-0.0184891615	0.1286876842	-0.0051952058	0.0188598991	-0.0486706321	0.0105211716	0.02028833	-0.0606102082	0.1038184751	0.0449734808	6.58918e-05	-0.0378105912	-0.0155193835	-0.0449633086	-0.0115516636	-0.0192260785	-0.0360535041	0.0558736383	-0.1309079901	-0.009014404	-0.0672726199	-0.1268383738	0.0248580547	-0.0502527524	0.0128873436	0.0306619535	-0.055366676	-0.0074763948	0.0018983687	-0.0099222253	-0.0425027631	0.0922203814	0.0282267201	-0.0148516485	-0.051389246	-0.0568055118	-0.0658112976	0.0592514577	-0.1010746415	0.1050724821	0.1023067888	0.0977510977	0.091485117	0.0	0.0	0.0007963434344588	-0.008090828725571	6.341628656056371e-07	6.546150946652486e-05	0.0654820037814687	0.0026076373576274	6.79977258889406e-06	0.0042878928192362	-0.0128549442882359	0.0259976628358061	0.0006758784729242	0.0001652495926536	-0.0013492439228852	0.0003206610030418	1.820459163442644e-06	1.0282347887183737e-07	-0.0005860814543492	-0.0003608618500839	3.434914711320734e-07	1.302212748459751e-07	0.0008616046927104	-2.080707572999982e-07	7.423626465005828e-07	4.3293440043394756e-14	0.0	0.0
58.53188803939333	-0.11807023757666	3425.981917456076	0.0139405810014089	65.03438690073585	-0.3925552967959191	0.1540996610425321	4229.471479554603	58.67914433387745	-0.0864070345767302	3443.2419797560224	0.0074661756243442	62.33849622079487	51.57135669723813	0.944424	30.159988	0.1238502218300272	0.0557798019188836	-0.0161387354	-0.052325657	-0.0401045073	0.062756509	-0.0501380228	-0.0227035782	-0.0164521613	-0.0036130101	-0.0244989545	-0.0167873767	0.0414427596	-0.0754224487	-0.0411935095	0.0177632583	0.0272493003	0.1329444404	0.0871193241	0.0512069212	-0.0330961718	-0.0219664885	0.1108065787	0.0119694985	-0.0222638988	-0.1237214996	-0.0082788872	0.0892284191	0.1277098982	-0.1655777977	-0.0659936901	0.085313352	-0.0097326294	-0.0187540613	-0.10778768	0.0686102205	0.0002771591	-0.0004053334	0.0114693278	-0.0066611533	-0.0533318768	-0.0433617979	0.0228955409	0.0480647921	0.024053851	-0.0805101072	0.0209684918	0.0663607917	-0.0369602659	-0.0852967158	-0.0465506593	-0.0903210409	0.2011779538	0.0021929985	-0.0383841825	0.0518407011	0.1000460336	0.1092316958	-0.0053445218	-0.0742392818	-0.0437401395	-0.1725524792	0.0751983739	0.0964636712	0.0420753714	-0.0133143763	-0.1521386408	-0.0706918081	0.0133438805	0.1624023548	0.0222588079	-0.0479835216	-0.0015800139	0.0786031498	0.0251480455	0.0337732262	-0.1413778529	0.1027623651	-0.0804126459	-0.1603372908	0.040841825	-0.0159301105	0.0358483015	-0.0859334019	0.0414280095	-0.0933903736	-0.0770004799	-0.0887080316	0.0441991015	0.0869340997	0.0305654408	-0.0153731493	-0.0074371543	0.0101204579	0.0006540328	0.0349140572	-0.0824028229	-0.0041927723	-0.0807047791	0.0778311289	-0.0006789135	0.1437444584	0.1074540349	-0.1136495457	-0.1243166897	0.050585418	0.0465243537	0.0127969276	0.0073259465	-0.0295993637	-0.0033708421	-0.0417641685	-0.0520425011	0.0130385869	0.0891462303	-0.0601126316	-0.0879952663	0.1725094534	0.0072598297	0.0848146351	-0.0201509868	0.0264177905	-0.0451921701	-0.0858389023	-0.0071717017	-0.0393173134	0.0274935932	0.059606984	-0.0194019234	0.000606336	0.1156528627	-0.0197587343	0.1827799836	-0.0321046907	0.0006339896	-0.0955178906	0.0582320997	-0.1757239664	-0.1765577557	0.059077314	-0.0059739341	0.0588017694	-0.0616597722	0.0996874088	0.0820334048	-0.0397621047	0.0592497353	-0.0535729429	0.043042198	-0.0436821986	-0.1306570685	-0.0346968458	0.0121108705	0.0445363202	-0.0154483513	0.0841101384	-0.0908973784	-0.0347248976	0.1194506568	-0.0565913853	-0.024754438	-0.1294766289	-0.0884638083	-0.0431177951	-0.1234877186	0.0325719774	0.2507329359	0.0428886243	0.0468729152	0.0918592812	-0.0722424779	0.0459292639	-0.0736672905	0.0002167206	-0.0421677272	-0.0813843891	-0.1549651738	0.0014161222	-0.0242645325	0.0053928829	-0.1114414598	0.0649476619	-0.0601736303	-0.110925966	0.0004523903	-0.0537433603	-0.0121280588	0.0962122349	0.0056800003	0.0132046573	0.0364603242	0.0483078133	-0.0984759748	0.1047641815	0.0546035283	-0.092993684	0.0977708509	0.0102703608	-0.0088415764	-0.0321536434	-0.1101414046	0.1048092098	0.1012642201	0.0954444529	0.087480642	0.0	0.0	0.0323233728960161	0.0315270294615573	0.0010448004353749	0.0009939535866699	0.07291509369999	0.0074330899185212	5.5250825736822846e-05	0.0053166108892783	-0.0199258362199614	-0.0070708919317254	4.999751271014074e-05	0.0003970389490647	-0.0019979641227692	-0.0006487201998839	3.991860635872898e-06	4.2083789773753657e-07	-6.875066180733747e-05	0.0005173307925418	4.72665349894689e-09	2.676311489119916e-07	0.001251937910649	0.0003903332179386	1.5673485321201837e-06	1.523600210263027e-07	0.0	0.0
58.53807943451117	0.0061913951178382	3426.70674388114	3.833337350519173e-05	65.19478968054493	0.1604027798090754	0.0257290517704787	4250.360601490487	58.808014023075074	0.1288696891976215	3458.3825133381947	0.0166073967938915	62.37940534695587	51.395588821464486	0.975763	31.160803	0.0540741762786592	0.0405298225156386	0.002877587	-0.0388525634	-0.0619819566	-0.0081613657	0.0605981302	0.0495416949	-0.0358206283	-0.0202187454	-0.0190416329	-0.0538902728	0.0754362908	-0.0158848782	-0.0712816945	-0.0830087651	0.0824418047	0.0274578522	0.034912749	0.0047117192	0.0490904099	0.0348984391	-0.0033302939	0.0013361711	-0.0224641149	-0.0599516586	-0.0245747545	-0.0099177737	-0.0128538842	-0.0196405652	0.0373175978	0.0873262964	-0.0536159434	0.0123837392	0.134318726	0.0863067765	-0.0062430585	-0.0747285116	0.0222013691	-0.1025668623	0.0910766306	0.1404090145	0.001961534	0.0790511201	0.065258998	0.0360284845	-0.0625320179	-0.0256387196	-0.0752927194	-0.0445905054	0.1331761287	0.0925429824	0.0765257955	-0.0840631559	0.0230820792	0.038735969	0.0962284308	-0.0119652935	0.0046148728	-0.0079047487	0.1158675491	-0.0935677098	-0.0110799813	-0.063946855	-0.0340480178	-0.0091401054	0.033435861	-0.0439498902	-0.1394829053	0.0660493794	-0.0407847926	0.0237409978	0.0552555383	0.0614932852	0.1438147207	0.0121936192	-0.0940763839	-0.0838936461	0.1173142379	0.0581894303	-0.0968480673	-0.0138316366	0.0044161374	0.0920068419	-0.1130648795	-0.0737166065	-0.0383280655	0.0557355507	0.1557703115	-0.0707790999	-0.052111835	-0.0591128298	-0.0138551131	0.0137521292	0.0378422407	-0.046751132	0.0784772606	-0.0924788929	0.0714505318	-0.066380311	0.0100547305	0.0116627009	-0.0168454379	-0.1142537224	-0.0137330481	0.0788384667	-0.0331768719	-0.0011693618	0.0085862094	-0.0144030256	-0.0513827539	0.0408677229	0.0419475431	0.0226288312	-0.053175783	-0.1085627104	-0.1088612963	0.1474667612	-0.0538169773	0.081698988	-0.0895156849	0.0353456404	-0.0785129133	0.0187816742	-0.0189356152	-0.0532688791	0.0327699569	-0.0244191669	-0.0378130053	-0.044888634	-0.0839290994	-0.0494231583	-0.0701934968	0.0812183219	0.1082548712	0.1797059505	0.0452278379	-0.0662817576	0.0962485817	-0.0583280644	0.0720087274	-0.0443768252	-0.0200286664	0.0162212877	0.0628348519	0.0460923934	-0.1199093813	-0.0080466563	0.0094642648	0.0942209965	0.0768268173	-0.1661303269	-0.1366780481	0.0676475893	-0.0586298444	0.030757069	-0.066246275	0.1152141088	-0.0823598374	0.155213428	-0.085524852	-0.0442016808	-0.0164225586	0.0106729136	-0.0311659146	0.1840002371	-0.129300341	-0.0671080021	0.0285129516	0.1134993964	0.0716364725	-0.1248314619	-0.0573571801	-0.0439592198	4.2716e-05	-0.075920263	-0.0204068448	-0.0033339685	-0.0192175915	0.030720543	-0.098213634	0.0257660581	-0.0792030835	-0.0093717498	-0.0660755204	0.0137810167	-0.1298763371	-0.0025247975	-0.1294249308	-0.0449563805	-0.0872585986	0.0022925957	0.0285780345	0.0150325601	-0.0335043478	-0.087124821	0.0813114912	0.0075777353	-0.079488497	-0.0110644703	0.1344510958	0.1045132902	0.1000954889	0.0928702909	0.0830403428	0.0	0.0	-0.0078610714619173	-0.0401844443579334	6.17964445293706e-05	0.0016147895683558	0.0737041227171317	0.0007890290171417	6.225667898915993e-07	0.005432297705502	-0.0255749972327024	-0.005649161012741	3.191302014787295e-05	0.0006540804834527	-0.0019074241590423	9.053996372689989e-05	3.638266922498225e-06	8.197485031668345e-09	-0.0001241916157446	-5.544095393726254e-05	1.542355742125438e-08	3.073699373473667e-09	0.0012488879904963	-3.0499201527001054e-06	1.559721212805886e-06	9.302012937846234e-12	0.0	0.0
58.66204711132108	0.1239676768099116	3441.235771290854	0.0153679848936466	65.48420786507724	0.2894181845323089	0.0837628855379776	4288.181479716644	58.91170522839139	0.1036912053163163	3470.589012916877	0.0107518660599504	62.48853660906586	51.65455427675536	0.978582	31.250816	0.1096035019216666	0.060792606282328	0.0142224004	0.0188889978	0.03457254	0.0462232737	0.0668110332	0.0125587485	-0.0203466412	-0.0788069978	-0.0309939176	-0.0809692791	0.0261906988	0.077585492	-0.0435642957	-0.0985161268	0.1317194415	0.0526175038	-0.0810545637	-0.0216519456	0.0283132067	0.0392967364	-0.0821923756	0.0523668979	0.0201211132	0.0491119781	0.0768956393	-0.0968748314	0.116982671	-0.0078528437	0.0183319184	-0.0471286599	-0.0276393199	-0.036365415	0.0496121849	-0.1011084485	0.0083957961	0.1025891485	0.0291633228	0.0581068839	-0.0047292319	-0.0214679048	-0.0931162895	0.1062665001	-0.0198323148	-0.0825037423	-0.0587543447	-0.1238103817	-0.0883076826	0.0352901401	0.091826653	-0.0269291383	-0.0624003553	-0.0528424241	-0.0688509671	-0.0807915937	0.0002048785	-0.0028678417	-0.1788426235	-0.02384832	0.0058182498	0.0713835731	0.0980059933	0.0699694236	-0.1578380135	-0.0146392938	0.0159963169	-0.0150512643	0.0739374575	0.0710031691	-0.0428487869	0.0440406226	0.0336438681	-0.0550969377	-0.1008254926	-0.0609020888	0.0262497944	0.1044234008	-0.0641902755	0.0229339276	0.0597843864	0.0117204205	-0.0178403324	0.010522221	0.2063473761	-0.0428410548	-0.1199069025	0.041184286	-0.2060561853	-0.0366324029	0.1290157711	-0.1191355329	-0.0973503627	-0.0326682502	-0.0255956001	0.1168283823	0.08749283	-0.0433558314	-0.0553966191	0.1584751439	-0.0305185976	-0.0170115042	0.116075847	-0.156279821	-0.1213190923	0.009226234	0.0603312663	-0.0298222485	0.0485714593	-0.0984521429	-0.0308643391	0.1381048826	0.0397170994	-0.0150004243	-0.070896088	-0.0534398725	-0.0758931072	0.0542737914	-0.1393231082	0.0999391394	-0.1343384965	-0.0323346405	-0.0414162447	0.0626578471	0.05369546	-0.0841716172	0.1864722658	-0.1183234469	0.0455631683	-0.055179892	0.1062798996	-0.0284455647	0.0057389113	-0.0021904111	0.0455155243	0.0606290661	0.0140469323	-0.061197883	0.0692379693	0.0263311867	0.0507261294	-0.0962479845	0.0479076879	0.0911639122	-0.0101044666	0.0385422126	0.0189068326	0.0261038893	0.0405328697	-0.0579697951	0.1033693669	-0.049835171	0.0846235147	-0.0760235158	-0.0507621439	-0.0583273102	-0.0833129585	-0.0953211829	0.063762842	0.0447883234	-0.098727558	0.0299663818	0.1482262952	0.1608879506	-0.0197862326	-0.0846540515	0.0820088771	0.1076963432	-0.0099048423	-0.0662800421	0.027397056	-0.0396075344	0.0378952027	-0.0277219064	0.0271288533	0.0180907421	0.1527331994	0.0157382419	-0.0343873245	0.0775145655	-0.1007676537	-0.0648414517	-0.0217218041	-0.0655953239	-0.032316743	0.077894564	-0.0758314248	-0.0402238719	-0.1113994322	-0.0482357426	-0.1431997263	0.0861545722	-0.0401081974	-0.0817322201	-0.0996649587	0.056314262	-0.0326030078	-0.0377781501	0.0068762786	0.0388544416	0.0944211835	0.1041848154	0.0988020511	0.0900358269	0.0781863408	0.0	0.0	-0.0135645402664579	-0.0057034688045406	0.0001839967526403	3.252955640436779e-05	0.062643940391041	-0.0110601823260906	0.0001223276330863	0.0039242632677162	-0.0788168138195928	-0.0532418165868903	0.002834691033472	0.0062120901406723	-0.0014587812991671	0.0004486428598751	2.128042878799653e-06	2.0128041571699826e-07	-0.0003783458926387	-0.000254154276894	1.431456144765747e-07	6.459439646356285e-08	0.0011597244431827	-8.91635473136e-05	1.3449607841154234e-06	7.950138169544586e-09	0.0	0.0
58.63100322096959	-0.0310438903514906	3437.5945386973463	0.0009637231281553	65.2190158692046	-0.265191995872641	0.0703267946749148	4253.520030947561	58.85751481105517	-0.0541904173362226	3464.2070497335785	0.0029366013310739	62.4622152382151	50.87080978277402	0.98892	31.580956	0.0754138209645067	0.0308250112190719	0.0039743925	-0.0285901709	0.0191464161	0.0385030826	-0.0684066031	-0.0512940504	0.0011330821	-0.0326008564	-0.0722222579	-0.0702712297	-0.0585491949	0.0122443795	0.0734534335	-0.1064919056	0.0588230316	0.0197841931	-0.09810152	-0.0714495654	-0.0304529849	0.0302562128	0.038324239	-0.0958416569	0.0564076031	-0.0025458478	-0.0133208913	-0.0991842534	-0.0285133494	0.0278853924	0.009789152	-0.1200086161	-0.1309215313	-0.1368808783	-0.0463710658	0.0443381912	0.1555522018	0.1616227828	0.074087215	0.033335251	-0.0300694725	0.072431926	-0.0565246466	0.0095759385	-0.044463668	-0.0364212427	-0.0568467618	-0.0073237219	-0.0188833402	-0.0411143418	0.0346947495	0.0184907981	0.040716654	-0.0768484336	0.0275913906	0.0664669955	0.1216382922	-0.0016002479	-0.0289900364	-0.0410133812	0.0194894158	0.0042949294	0.048968433	0.0083715446	-0.0448920212	0.0138254646	-0.0312477872	-0.1014447755	0.0275536854	-0.1175886583	-0.0064289127	0.0476732079	-0.0579317397	-0.0715589131	-0.0404185975	0.0877580256	-0.144866121	-0.0976111187	-0.0069658821	0.0350223225	0.102150561	0.0426941076	-0.0685568603	0.0001525414	0.0107400089	0.0565185065	-0.043069367	0.0956980955	-0.1095472758	-0.0168126557	-0.0999897141	0.0338456524	-0.0262870132	0.0374291046	-0.1894063609	-0.0386839032	0.1555320413	-0.0265118626	-0.0125946927	0.0308787051	-0.0119074639	0.0684428743	0.0904543893	-0.0594152549	0.1577633368	-0.023006479	-0.006230166	-0.0258398679	0.0700696829	-0.0742958443	0.0459432542	0.0027976378	-0.0044342117	0.0983866022	-0.0113518965	-0.0141405737	-0.0522687823	0.0438716484	-0.1066124509	0.127534369	-0.0208607499	0.0085651042	-0.0174363628	-0.0212031017	-0.1009980937	0.052510724	0.0306364193	-0.0651782187	0.0216491606	0.0657026812	0.005624414	-0.0713794146	-0.031406588	-0.066197126	0.148433073	0.1178063394	-0.0878140264	0.0397535933	-0.0074632678	0.0293240125	0.1285088481	-0.0696704478	-0.0090252984	-0.0052512036	0.0468659339	-0.0029950447	0.0453905886	0.0403906331	0.0742979804	0.1030289159	-0.0846818445	0.013449928	0.0690130763	-0.0493228755	0.0028257454	0.0765047653	-0.0683111422	-0.0601629343	-0.0528854358	-0.3118268942	0.0103413487	-0.0300482946	-0.1611927892	0.031383156	-0.0525659305	-0.0820207087	-0.07097995	-0.0365783333	-0.0628512892	-0.0450657813	0.0483378837	0.039798885	-0.0089164364	-0.0726723492	0.064913723	-0.0228174234	-0.0189789469	0.0216742207	-0.0575576879	0.0689788718	-0.1060626508	-0.0217811213	-0.1160584978	-0.0423704139	0.0489259461	-0.0501118467	0.0091423372	0.0502048051	0.0189162793	-0.095085973	0.0232295693	0.1206783699	-0.2126196318	-0.0625846527	0.0103959144	-0.0486298194	-0.0312716414	-0.0698239505	0.0637821745	0.0616974715	-0.0929802557	0.1038238878	0.0973855183	0.0869490055	0.0729428184	0.0	0.0	0.0088124676038034	0.0223770078702613	7.765958526808445e-05	0.0005007304812257	0.0674185772582234	0.0047746368671823	2.279715721345731e-05	0.004545264559523	-0.0637539217540847	0.015062892065508	0.0002268907173771	0.0040645625390259	-0.0012929239005642	0.0001658573986029	1.6716522126501451e-06	2.7508676671321323e-08	-0.0001780569633409	0.0002002889292977	3.1704282194182615e-08	4.0115655199259113e-08	0.0008618850878523	-0.0002978393553303	7.428459046621669e-07	8.870828158362823e-08	0.0	0.0
58.60918869539512	-0.0218145255744701	3435.036999532431	0.0004758735260392	65.2324703924311	0.0134545232264997	0.0001810241952524	4255.275193499399	58.760792491355005	-0.0967223197001629	3452.830734212083	0.0093552071281805	62.398431141744645	51.19230353693306	0.960734	30.68084	0.0320492229403374	0.0190297886460737	-0.0005680676	-0.0743618577	-0.0322522001	-0.0034068618	-0.0096978936	-0.0154151175	0.0635195053	-0.0327052291	-0.040611463	-0.0547091827	-0.0626192834	0.0013134015	0.0467904714	-0.0149175365	0.0711505589	-0.1008025297	-0.0495214105	-0.004475791	-0.1465694586	-0.0163584769	-0.1119419059	-0.0590844766	0.0316896242	-0.0686494952	-0.050404881	-0.0232751728	0.0662902942	-0.0772699144	-0.0657126221	-0.0381739437	-0.0819579005	0.0254607466	0.0508100804	-0.0283589533	-0.0089404127	0.093650693	0.1392921735	0.0155816172	-0.0940651568	0.020506378	-0.1477576834	-0.0983098398	-0.0548828477	-0.1837915293	0.0014412747	-0.0266655338	-0.0064576203	-0.0814649086	0.0162041528	0.0830696153	0.1271358066	-0.0285091267	-0.0098624129	-0.0595385864	-0.0269279383	-0.064178776	-0.0432481943	0.0874341447	-0.1577851413	0.1110065806	0.075380753	0.0247508771	0.1226513339	-0.0562994952	0.07273038	-0.0074252034	-0.0434349011	-0.1240096539	-0.1303054544	-0.0817325407	-0.0220554776	-0.0376035407	-0.1090871304	0.031666183	0.0523538327	-0.1064519153	0.0086648671	0.0110096565	-0.007301113	0.0233696357	-0.0488701713	0.0684154631	0.0381242602	0.044634202	0.0237191873	0.0555590386	0.0357897876	-0.0304730277	-0.0417646592	0.1132079433	0.0831416386	0.1295861787	0.0640880048	0.0494531388	-0.007118495	0.0638664768	0.0830743011	0.1286053744	0.0278440294	0.0104513644	-0.0767469913	-0.0909655686	-0.0730180144	-0.0323834617	-0.0414375996	-0.0132904446	0.049369783	-0.015172355	0.0239216493	-0.0781718071	-0.0038638171	0.1058593428	-0.0277374642	0.0058346632	-0.0319245046	0.0714589376	-0.0459673465	0.1447527725	0.0307754371	0.000715759	-0.059614166	-0.0320141536	-0.0590470088	0.0022907502	-0.0200755751	0.134536419	0.0007533446	-0.0340025382	-0.035783364	0.1158415679	0.0463523362	-0.1103028872	-0.079700246	0.0466734595	0.0753392144	-0.0397238197	0.1244770741	-0.1086851506	-0.0381415393	0.0215997823	-0.1209270392	0.082475099	-0.0199084575	0.156824842	0.0187802841	-0.0393450611	0.1047354536	-0.0015200035	0.0896712661	0.0504000493	0.0826253362	-0.0229560366	-0.0731289836	0.0101568123	0.1336748665	-0.0425089133	0.1434961031	-0.095722176	0.1593457315	-0.0692481406	0.0810556877	-0.0222007714	-0.0435576454	-0.0313139143	-0.046999611	0.1172366061	0.1221343147	0.049681143	0.1139970415	0.0941986073	0.1157902734	0.1083149368	-0.0231190476	-0.0798073763	-0.0724541498	0.0292019516	-0.0229865375	0.0579708747	-0.0648859802	0.0040663198	-0.1246299338	-0.0135769635	0.0658076449	-0.0823882235	0.0109119786	-0.018564573	-0.0146072309	0.0258678695	0.076564177	0.0338650052	-0.0072418666	-0.0551282589	0.0751648838	-0.0333602394	0.0003869495	-0.0174533405	-0.0847304292	0.1432952689	0.0894865095	0.1034306197	0.0958476552	0.0836184785	0.0673358985	0.0	0.0	0.0123415208123134	0.00352905320851	0.0001523131359607	1.2454216548494724e-05	0.0645368848498151	-0.0028816924084082	8.30415113667802e-06	0.0041650095061182	-0.0646053081961639	-0.0008513864420792	7.248588737562827e-07	0.0041738458471213	-0.0016179253919233	-0.0003250014913591	2.617682573830164e-06	1.0562596938563917e-07	-0.0001523143213115	2.5742642029400007e-05	2.319965247658286e-08	6.626836186538316e-10	0.0010068827720906	0.0001449976842382	1.013812916732851e-06	2.102432843446973e-08	0.0	0.0
58.44744261805364	-0.1617460773414762	3416.103548590673	0.0261617935353548	65.01902177198878	-0.2134486204423211	0.04556031356873	4227.47319218635	58.67401710746912	-0.086775383885886	3442.640283527579	0.0075299672485428	62.25185890357572	50.75020435890118	1.00933	32.232731	0.1864135549862542	0.1066947107842513	0.0402402165	-0.0769919325	-0.0473740852	-0.0314002968	0.1404701572	0.0161616266	-0.0281356005	0.0068685992	0.0470778646	-0.0379566734	0.0106868058	-0.1132716259	-0.0617417141	0.0520380994	0.0647757492	-0.1087731777	0.0836481103	-0.0045410285	0.1706498057	0.1100205992	-0.0635825764	-0.0274275279	-0.1041729444	0.0243072543	-0.0062201803	0.0265296181	-0.0587410566	0.0549038364	0.0041262314	0.1289074486	-0.0846865734	0.0807593452	0.063821145	0.0958632759	0.0245980998	0.1520819923	-0.0344035157	-0.0421665577	-0.0853888272	-0.0884984111	-0.0093499259	0.0796353524	0.0519962102	-0.0122095952	0.0248542909	0.1308682756	0.0270758516	-0.0222149589	0.0069387011	-0.0421775404	-0.1156227926	-0.0445306832	0.0962401184	0.0100477398	0.0193333674	-0.0652616559	-0.0643808116	-0.0109746804	-0.047289079	0.0345984126	-0.1590649893	-0.0555789444	0.0797795588	0.0633347575	0.011071046	-0.1352242621	-0.0238606287	-0.1028787741	0.0889822972	0.1605857263	-0.011658143	0.0677419388	0.0091673669	0.0444651512	-0.1539971759	0.1740206513	0.1873639645	-0.0348608642	-0.1027012375	-0.0828907522	0.0253231043	-0.0270724794	-0.0300297118	0.080391862	-0.0516298646	0.0769699076	0.0886248107	0.0573304158	-0.1286647735	-0.0303762541	-0.063634041	-0.1174916078	-0.1402010694	0.081960585	-0.008015235	0.0755294013	-0.0259231544	0.10237878	-0.0779405251	0.0061763648	-0.0089972934	0.1200845557	0.1605902305	-0.0253358512	0.0383110614	0.0485374684	0.0359928813	-0.0551174527	-0.1104996016	-0.1238888532	0.1069186498	-0.0099720649	-0.1392074173	-0.0676719212	0.0670328106	0.0248672992	0.145998367	-0.0206775262	0.0137130936	0.0544836524	-0.0831583842	0.0232040461	0.1032703812	-0.0031838619	0.0179021149	-0.0073086277	0.0200288779	-0.0157434883	-0.1164135142	0.0399935798	-0.0206761085	-0.2092041449	-0.0470289347	-0.0470992747	-0.0140245823	-0.0005135468	0.091322	-0.051985733	-0.0032007555	0.1449326186	0.0162426329	-0.0224352325	0.0366481313	-0.0672110299	-0.0474259091	0.078382988	-0.1073817285	0.0932393938	-0.1134930013	-0.0169925417	0.0593112281	0.122143758	-0.1843952796	0.0920405271	0.205413637	0.0240080467	0.0838093047	0.028753873	-0.049944049	-0.1024940485	-0.0251722912	0.016136465	-0.0577571967	-0.0234247573	-0.0098832708	0.0586416471	-0.0768095223	-0.0460589308	0.0413122901	0.0085973959	0.0542115825	0.0903494663	0.1059428034	-0.0111301677	0.0875962821	0.0615056815	0.0262548068	-0.037912613	0.0858362049	0.0193873772	0.0999384054	0.0781433863	0.0502528634	0.0091487837	-0.1549959414	-0.0603903825	-0.0374252357	0.0796375607	0.043315908	0.0259615752	0.1005293757	-0.0601201025	0.0100302617	0.0935022957	0.0607336922	0.1073769376	0.0088249125	-0.0561421602	0.0670485333	0.1030051337	0.0941903779	0.080053581	0.0613935146	0.0	0.0	0.0099094041250111	-0.0024321166873023	9.819629011278702e-05	5.9151915806543136e-06	0.1087083496884275	0.0441714648386124	0.0019511183059887	0.0118175052919814	-0.1178351698502666	-0.0532298616541026	0.0028334181717149	0.0138851272536411	-0.0003620333877093	0.001255892004214	1.3106817381627232e-07	1.5772647262486578e-06	5.2268659106236015e-05	0.0002045829804177	2.732012724763909e-09	4.1854195876603765e-08	0.0012780100235836	0.0002711272514929	1.6333096203801535e-06	7.350998650214845e-08	0.0	0.0
58.37187625305217	-0.075566365001471	3407.275937301636	0.0057102755195355	64.89207434104424	-0.1269474309445399	0.0161156502234187	4210.981312283611	58.746833637863	0.0728165303938794	3451.190462474752	0.0053022470986027	62.21424192293591	50.90621810442918	0.971785	31.033752	0.07733277191657	0.040319400573686	0.0632177569	0.0274891036	-0.0555851091	0.0096213488	0.1784894565	-0.0084574598	0.0417216866	0.0189575747	0.0419761516	-0.0589177783	0.0581450952	0.0099892056	-0.0609094429	0.0927582906	0.0146369481	-0.208514885	0.0775775697	0.0925627335	0.1164901018	0.0578714396	-0.1673669161	0.1159137172	0.0610042698	0.0121793231	-0.1165520699	-0.0368485255	0.0012489407	0.0501049768	0.0332612523	0.0819721847	-0.1062471662	0.0768120821	0.0292638607	-0.0640798699	-0.0527617048	-0.1539772493	-0.0069688901	-0.0802353511	-0.1828479473	0.0350060867	0.0167488228	0.0206381716	-0.0344871748	0.0596803504	0.0172580466	0.045175196	-0.1191182579	0.0348973097	0.0059040152	0.1231101746	-0.0349884438	-0.0895487997	-0.0868419708	0.0146524411	-0.0497963019	-0.1904150778	0.0973690586	-0.0495461235	0.0623186534	0.1408778171	0.0247118398	-0.0554935213	-0.0678137989	0.1798799144	0.0209958749	0.1185590759	-0.0242822023	-0.0451608358	-0.0240569738	0.0710560793	-0.1020268377	-0.04557076	0.0902513541	-0.0927235717	-0.0257917884	0.0232730186	-0.1357527957	0.0691727741	-0.0421226508	0.1002252093	0.0356303127	-0.0451180152	0.0165925278	-0.0242746326	-0.0728352786	0.0394626843	0.0900327258	-0.075326638	-0.0813324472	-0.0170770817	-0.0934944219	-0.1351126811	-0.059694684	0.0872112258	-0.0175929275	-0.1411890498	-0.1665332582	-0.0684119593	0.0888459246	-0.110284717	0.1155470744	0.0320650212	-0.1018491252	-0.0636415241	-0.1068034787	0.0612966866	0.0031673591	-0.1083027237	-0.1707668919	-6.52992e-05	0.0508727824	-0.0172904821	-0.127921018	-0.1144052375	0.1202063489	-0.0132935619	0.0869254506	-0.0377607228	-0.0841379204	0.074858408	-0.061941148	-0.0421197182	0.0553769858	-0.0100699742	-0.0004231724	-0.0533511259	0.0591552692	-0.0411817521	0.0620702133	-0.0045152267	-0.0968605415	0.068681626	-0.0001052127	-0.084545817	-0.1325165552	0.1074994397	0.0326529896	-0.0396603383	0.0669721354	-0.0004299688	0.0570204998	0.0886500569	-0.1070949081	0.0364736992	-0.0004274773	-0.0569719444	-0.019181624	0.0151449117	0.0044756893	0.0412697982	-0.0914816773	0.1569079563	-0.1045413003	-0.0173490237	-0.013348353	-0.0079017108	0.0305325612	0.0592496541	0.0126660323	0.1686950651	0.0888190201	-0.0965301588	-0.1865720296	0.0199231437	-0.0379505566	-0.054335561	0.0585278181	-0.0755958419	-0.0565074651	0.0041160761	0.138444156	-0.0504875057	-0.0901187255	-0.1924848128	0.1221554996	0.0431627713	0.0872630749	0.0004552401	0.0609935127	0.0121063179	0.1085833467	0.0510390765	0.037537187	0.0877629148	-0.2147813645	-0.0731040981	0.0610508484	-0.0879057914	-0.0212621442	0.0985123075	0.0678658352	-0.0143455444	-0.030975992	0.0904186615	0.0085166487	0.024286167	0.044297382	0.043889293	0.0387655743	0.1025475623	0.0924157511	0.0762643048	0.0551452713	0.0	0.0	0.001728104237415	-0.0081812998875961	2.9863442553716787e-06	6.693366785077996e-05	0.1176340877210861	0.0089257380326586	7.966879942764822e-05	0.0138377785939721	-0.0953234468020411	0.0225117230482254	0.0005067776746	0.0090865595102215	-0.0009119595711528	-0.0005499261834435	8.316702594171989e-07	3.0241880723673405e-07	-6.804439641006077e-05	-0.0001203130555162	4.630039882809491e-09	1.4475231327667512e-08	0.0011939690435816	-8.404098000199998e-05	1.4255620770311606e-06	7.0628863196965595e-09	0.0	0.0
58.25591990623145	-0.1159563468207238	3393.7522041212533	0.0134458743680079	64.59974569244704	-0.2923286485971914	0.0854560387906602	4173.127143528831	58.710365585597614	-0.0364680522653841	3446.9070271945247	0.0013299188360307	62.12409074188038	50.700888363909336	0.949907	30.335075	0.1005853005132687	0.0438199376871706	0.1053569548	0.0719276661	-0.0097147379	0.0464849017	0.1140462432	0.0105886255	0.1229087566	0.0770313629	0.073815411	0.0331995649	0.1184073066	-0.0161713087	-0.0887905772	0.0456650038	0.1176690641	-0.0423791329	-0.1128118334	0.0349755291	0.1975777542	-0.0839537672	-0.0561708161	0.0249809221	0.0003507307	-0.0613542336	-0.08638583	-0.0185038137	-0.010790489	0.0542357811	0.020575822	0.0267140504	0.0125367409	-0.1113335299	0.1040697833	-0.0667709783	-0.0045254074	-0.0145985009	-0.090251252	0.0716339699	-0.0029106519	0.0507915181	0.0631200598	-0.0302568044	-0.0914031112	-0.0127357545	0.0162012381	-0.0174245822	-0.0048965569	0.0435673707	-0.0457924157	0.1281035404	-0.0702296746	-0.0451760211	0.0607168414	0.089437889	0.0932620125	-0.0883972426	-0.001069773	-0.027771545	0.1684729063	0.0611996038	-0.1293706997	0.0026134084	0.0281953822	0.0113362809	0.0937065391	0.1233779324	0.0207866656	0.1130025302	-0.1143650506	0.1155990684	-0.1130788048	0.0855601478	0.0996287911	-0.0365296984	0.0341723466	0.022599883	-0.0086424865	-0.0703573423	-0.0351282804	0.0005719255	0.0708184043	0.0258698476	-0.0365445214	0.0220572232	-0.0324727625	-0.1112567214	-0.0820967392	0.1369112834	-0.0888743665	0.0386794017	-0.027413889	-0.0085184777	0.1465672067	0.0178453945	0.0507091353	0.0569027469	0.0613592073	0.1474156224	-0.1114638336	0.0174598926	0.0725007957	0.0593267329	-0.00870074	0.0013980885	0.1295258575	0.1065977562	0.0106587442	-0.0778401551	-0.0908491368	0.049863599	0.0444043487	0.0079505559	-0.0511536233	-0.0361512039	0.113852369	-0.0348656164	0.045527089	-0.0870542878	-0.056722919	0.0695575868	0.0897690559	-0.0613827297	-0.0506689093	0.0012971113	-0.0905336381	0.0852432639	-0.0146164141	-0.1040374753	0.0656362941	0.1194282468	-0.1032870893	-0.0562263621	0.1034861906	0.0261115738	-0.0413102154	0.1862266576	-0.0292329274	-0.0697031889	0.0281506831	-0.0044963025	0.0696694691	0.134116191	-0.0985291011	-0.1322024057	0.0744359501	0.0850843343	-0.0221258234	-0.0376331271	0.0110381505	0.1195593297	0.0117480225	0.1112244338	0.0268007522	0.0218342255	-0.1970371153	-0.1653077788	0.0149459555	-0.213084047	0.0507006292	-0.097449787	0.0878857455	-0.0738997448	0.1762047301	0.0119215325	0.08713667	-0.0965588139	-0.1313589013	0.0626105841	-0.0787662847	0.0481477971	-0.0597022779	0.022493082	-0.0904793447	0.0986316925	0.0268947578	0.0761259624	0.1156821303	-0.0177809432	0.1293972167	-0.001385678	0.0826622873	0.0341767946	-0.035087855	0.0804594325	-0.0381657123	-0.1314722514	0.0190276955	-0.0678398622	0.0251138918	0.0039508066	-0.0061781691	0.045194829	-0.05556474	0.0113358268	0.0667872475	0.1071537704	-0.025186315	-0.0082457442	-0.1935131736	0.1020580481	0.0905259858	0.0722612707	0.048622297	0.0	0.0	0.0211476543113207	0.0194195500739057	0.0004472232828711	0.0003771189250729	0.1088655531175106	-0.0087685346035755	7.688719909410101e-05	0.0118517086555815	-0.0672525037258466	0.0280709430761945	0.0007879778451869	0.004522899257395	-0.0009968621963252	-8.490262517240005e-05	9.937342384623017e-07	7.208455761165057e-09	0.0005092933539472	0.0005773377503572	2.593797203747879e-07	3.333188779875828e-07	0.0014182541232438	0.0002242850796622	2.01144475809804e-06	5.0303796959079444e-08	0.0	0.0
58.090894749311566	-0.1650251569198815	3374.552052775594	0.0272333024164315	64.44611017359128	-0.1536355188557649	0.0236038726540801	4153.3011165066655	58.70667457298831	-0.0036910126093019	3446.473639418753	1.3623574082025885e-05	61.99635055759786	50.23496922968707	0.9712130000000002	31.015484	0.0622416912755205	0.0285213765926006	0.1200084476	0.0696871286	0.008359806	0.0426195945	0.0365402162	0.0477508587	0.0187336244	0.1301675501	0.0470501312	0.0357480552	-0.0331455849	0.1288527237	0.0683649168	0.0107104161	0.0340996398	-0.1037998092	-0.0818825755	-0.1344757039	0.0550121254	-0.0849348196	0.0560379872	-0.0062779242	-0.0782367031	0.0876103074	-0.052726769	0.0245279797	0.0338564687	0.1493400701	-0.0497143729	-0.1069606647	-0.0031474358	-0.0784593629	0.0012909864	0.0008863502	0.1093853373	0.0209960314	0.0574278782	-0.0267095067	0.0779765047	-0.1749160435	-0.0996750433	0.0529146661	0.0462202549	-0.0027844104	0.0162412723	0.0086031087	-0.0220774581	0.0311181582	0.1578768998	-0.0189948964	0.0056499823	0.0824183006	-0.0057639163	0.0159942627	0.1460484609	-0.0054655147	0.0431894436	0.1398715338	-0.0989927875	-0.0460962982	0.0154198375	0.0478887065	0.0458123133	-0.0160000333	0.1237152199	-0.0341486702	-0.0930307429	0.0635033537	0.030422267	0.0935762993	-0.0084653731	0.034419881	0.0424008224	0.0888252327	-0.0988670555	-0.0563917599	-0.0900856441	0.0329566844	0.0671972996	0.0616773806	-0.0206296115	0.1638490625	0.0529208005	-0.0411813578	0.026354091	0.0062415785	0.0195162574	-0.068674775	-0.1205316148	0.0755174232	-0.0267145097	-0.1024634698	0.0570014364	-0.0047222992	-0.0048180053	0.1412002599	-0.0544199984	-0.0498078081	0.0465309766	-0.146580051	-0.1381226843	0.0178986693	-0.048922134	-0.0138603621	-0.1792222112	0.1508387659	-0.0278380861	0.0366029071	0.0514618259	0.0167829114	0.0564739726	0.049242423	-0.0154636785	0.0741565376	0.0768645011	-0.1006854856	-0.0632322743	-0.0969440393	0.0416107718	0.0462374507	0.061838026	0.0146914223	-0.0143978975	-0.1174394577	-0.0694980162	0.0239672984	0.0362413949	-0.0222509951	0.0609105467	0.0114458912	0.0007419508	-0.031232345	0.0310924723	-0.0862974609	0.0496413376	-0.007068809	0.0988773047	0.005552531	0.0776197177	-0.2396305879	0.1122620957	0.1519574536	0.0057723674	-0.1300393912	-0.0910887822	0.129481958	0.0019233343	0.1341536473	0.1278936681	-0.1033216089	0.0576491021	-0.034325564	0.0005350351	-0.0375465416	0.1519824169	-0.0058647492	-0.0288028389	0.0737821978	-0.0459217453	0.0421761896	-0.0620712588	-0.0094062236	0.0853493607	-0.1105795874	0.2037407124	0.0552499732	0.0279552224	0.1114781966	-0.1235304449	-0.0651437368	0.00029301	-0.0611662398	-0.0881829687	-0.0188819295	-0.0517567699	0.0744638837	0.1096554028	-0.001471214	0.0850003862	-0.0372489578	0.0755102366	0.0550553456	0.0355212049	-0.0122458849	0.0782259596	-0.1421677204	0.0500352011	-0.017378262	0.0287200754	0.060638991	0.0418019051	0.0365389743	-0.0329935203	0.0363614615	0.0519134374	0.033461574	0.0313891429	-0.0470591891	-0.0892465308	0.1015367435	0.0885234364	0.0680556987	0.0418570888	0.0	0.0	0.0029091845875655	-0.0182384697237552	8.46335496452865e-06	0.0003326417778643	0.1093490636778398	0.0004835105603291	2.3378246194984946e-07	0.0119572177272202	-0.0824225958733677	-0.0151700921475211	0.0002301316957642	0.0067934843105044	-0.0008688347763872	0.000128027419938	7.548738686597959e-07	1.6391020255981007e-08	0.0003852473802516	-0.0001240459736956	1.484155439907209e-07	1.5387403590089483e-08	0.0017331731064885	0.0003149189832447	3.003889017054997e-06	9.91739660078757e-08	0.0	0.0
58.17397084388249	0.0830760945709272	3384.2108837448905	0.0069016374891576	64.58340891152308	0.1372987379318004	0.0188509434376652	4171.016706632999	58.66409020304152	-0.0425843699467947	3441.475479350592	0.0018134285637654	62.07087110065369	49.7876202320997	1.032453	32.971169	0.0893996322256049	0.0469015927304581	0.1004770551	-0.0122443209	-0.0517445512	-0.1166989466	-0.031008911	-0.0509899859	-0.027304223	0.0975011643	-0.0073428172	0.0198875583	-0.0932487144	-0.0702134045	-0.1448721515	-0.0132926597	-0.1051285878	0.0218880232	0.0210923372	0.0627985174	0.0666565351	0.0786602401	0.1536176992	-0.0408898633	-0.0559227523	0.0533592691	-0.0003940105	0.0221433901	0.2037009613	0.0102174641	-0.0686700067	0.023884506	-0.0418539992	0.0431760333	0.1030299521	-0.0285262335	-0.0104101229	-0.0616597695	-0.0387176772	-0.0052809321	-0.0198973177	0.0707549534	0.0389868981	7.90749e-05	0.0665184885	0.0455523582	0.0014513206	0.1171595573	-0.0635104598	-0.0377081556	0.0028131729	-0.0275799779	-0.065518948	0.1038716821	-0.0037570615	-0.0805233526	0.0599428275	-0.0337605602	-0.0301360274	0.0814293596	0.030279771	0.184729156	-0.0404460877	-0.0014141156	-0.0958864537	-0.1099208619	-0.0994194024	0.0363527171	0.0902066277	0.017123621	-0.0722542971	0.0859479862	0.0975632887	-0.0897848545	-0.0504773908	0.0202133292	0.0827296538	0.1030176433	0.1791316196	0.0154545276	0.0296864121	-0.0385817567	-0.1200427028	0.0135617533	-0.0940014883	-0.028711432	0.1059159821	0.0507399504	-0.0267412109	0.0661894827	0.0412980973	0.0448483734	0.0699649616	-0.1322090525	-0.0337380491	-0.2134393816	-0.093058174	0.0081862757	-0.0787262451	-0.0120408895	0.1561846967	0.0099055371	0.0139861749	0.0127906236	-0.1217513013	0.0572851669	-0.0957047309	0.119954865	-0.0124173735	0.0843518344	0.0573689597	-0.0949010473	0.0945718255	-0.0545821777	-0.0260666747	-0.0083934513	-0.0486691559	-0.104213722	-0.0137502651	-0.0945452567	-0.0293655481	-0.0232712162	-0.056725952	0.0811803658	-0.0473460399	-0.0439998349	-0.18611791	0.0771881851	-0.062139936	0.0312337502	0.0375267449	0.0040934278	0.0238231192	-0.0336140782	0.1288123595	-0.0303095842	-0.1087871252	-0.147883555	0.1079845206	0.0840040586	0.0150301102	0.0052923795	-0.076827428	-0.1325560782	-0.1013700431	0.0774025193	-0.0625874368	-0.0496951896	-0.0565596659	0.0298697105	0.0617054642	0.0843830788	-0.1268386048	-0.0186561212	0.0834127908	0.1136427385	0.0654561094	0.2226765854	0.055871855	-0.0677137888	0.034543738	-0.0087520865	0.0139923078	0.0587004561	0.0047878043	-0.1284067838	-0.0378852331	0.0379075447	-0.056802077	-0.05354478	-0.0996007546	-0.1592424063	-0.0247597946	-0.1818335564	-0.0320086261	-0.0118477032	0.0499175077	0.0693898077	0.0772186117	-0.0046970763	0.0538560524	0.0267305924	0.0849277737	0.1153094591	0.0023887545	-0.0442468932	-0.0601091874	0.1212267025	0.0249570804	0.0252531515	0.0933689515	0.0860321528	0.0271330967	-0.0211707515	-0.0841754751	0.0797088548	0.0343949015	0.0661800132	0.052592361	-0.0754186056	-0.0745749146	0.1009838109	0.0864105979	0.0636593764	0.0348833508	0.0	0.0	0.025805092247026	0.0228959076594605	0.0006659027858775	0.0005242225875505	0.0896791455281089	-0.0196699181497308	0.0003869056800171	0.0080423491426517	-0.0804985313923225	0.0019240644810451	3.702024127219708e-06	0.0064800135563207	-0.0012249148930856	-0.0003560801166983	1.500416495302907e-06	1.267930495079461e-07	-9.709816157976724e-05	-0.0004823455418313	9.428052982170586e-09	2.3265722172459526e-07	0.0017929422866661	5.9769180177599935e-05	3.2146420433154637e-06	3.572354899102405e-09	0.0	0.0
58.226477804862434	0.0525069609799402	3390.322717560138	0.0027569809513489	64.82602330973563	0.2426143982125523	0.0588617462200389	4202.413298154387	58.69950200395007	0.0354118009085553	3445.6315355117385	0.0012539956435871	62.10521753233346	50.09950793428577	1.007317	32.168453	0.1295348258768286	0.0656264445578663	0.0627349577	0.033669994	-0.0894839946	-0.0767723417	0.107558287	0.0667692328	-0.0718376072	0.0531346782	0.0686115288	-0.1183008201	-0.1165417489	-0.004490726	-0.1092831751	-0.0185131527	-0.0367564489	0.0406852505	0.1045947734	0.0701347179	0.0832898724	0.0256927816	-0.1661811297	-0.0195822624	0.020077831	0.1219995375	-0.0194562968	0.1221389705	0.1004157467	-0.034289215	-0.0010845247	-0.0564827451	0.0738988341	0.0214941503	-0.0349904486	0.1370801802	-0.0129504291	0.0853251304	0.0167677418	0.1134621858	0.0724768319	0.0073330027	0.0054440849	-0.1032099165	0.0509049486	-0.0047632831	-0.0097723537	0.0358962934	-0.0429496535	0.0104940369	-0.103092654	0.150303119	-0.0649612895	-0.0190262856	0.2032841289	-0.0352697472	0.0465826157	0.0936037671	-0.0752597225	-0.142696653	-0.1000338706	0.0512049048	-0.0312857849	-0.0497670807	-0.062260063	-0.1152541931	-0.0490942913	0.0241150499	-0.0873828775	0.0407167156	0.0484742267	-0.0835917107	0.1018244951	-0.0483421026	0.0272815365	0.0472268315	-0.0013510222	0.0401950532	0.0134334653	-0.1250517899	0.0421491339	0.0500794678	0.1810112626	-0.0981255213	-0.1575519444	0.017647577	-0.0617751444	0.0406523238	-0.0667173418	-0.0127457719	-0.0602982854	0.0095253319	-0.1225878678	0.0147280655	0.1097939673	0.05434837	-0.0775198067	0.0930309774	0.1632609293	-0.1137272129	-0.0688927357	-0.0098797513	-0.1104244837	-0.0210771838	-0.1070769758	-0.0946417745	-0.1346909456	0.0923114321	-0.065097432	0.0784455822	0.0180460241	0.0599444871	0.1261877667	-0.0943936133	-0.001573462	-0.0430940625	-0.0355568696	-0.0278732212	-0.0053817061	-0.1204381766	-0.1011708691	-0.0719065383	-0.0049302273	0.0985567797	0.0189526619	0.0804628181	-0.0705742896	0.0584457946	0.0257932536	0.0782790684	-0.0235044517	-0.040952443	-0.0760143248	0.0990250718	-0.106051436	-0.069751056	-0.0693534226	-0.0894951955	0.0601171139	-0.1136759022	-0.0027421684	0.1996258122	-0.0069948644	-0.1179345303	-0.1334923487	0.049124995	-0.0038691637	0.0708996801	0.0538541013	0.006459955	0.1220565641	-0.0046915062	-0.0791878777	0.0343502557	-0.0244288026	0.003001123	-0.1337106481	-0.0221332828	-0.0647113101	-0.0321329848	0.1317429321	-0.0631625401	-0.0284614147	0.0008447169	0.0356169126	0.0770995432	0.0526052898	-0.0926406366	0.0947344864	0.0647149411	0.0296504556	-0.0021820297	0.0147460311	0.0110781912	-0.0904996117	0.0329154373	0.0659207899	0.0179773232	0.1145121594	-0.0325209602	0.0103890468	-0.0117133899	0.09149619	0.1172978205	-0.0055822851	0.0220770221	-0.1083503363	-0.0208698664	-0.0180810983	-0.0189831265	-0.0222802782	-0.0469414588	0.1218783455	0.0626749238	-0.050315817	0.0666998621	0.0634624869	-0.0416629866	-0.0349059921	-0.0771995856	-0.0826670029	0.1003994225	0.0841901024	0.059084626	0.0277358257	0.0	0.0	0.0093131983522738	-0.0164918938947521	8.673566354879543e-05	0.0002719825642357	0.0903652090381683	0.0006860635100593	4.706831398350219e-07	0.0081658710045118	-0.0505438774788871	0.0299546539134354	0.0008972812910736	0.0025546835506007	-0.0019339290813818	-0.0007090141882962	3.740081691814253e-06	5.027011192053194e-07	-0.0007529605463163	-0.0006558623847365	5.66949584308941e-07	4.301554677122918e-07	0.0015097745685272	-0.0002831677181389	2.2794192477714926e-06	8.018395659599158e-08	0.0	0.0
58.167963032829576	-0.0585147720328578	3383.511923388628	0.0034239785460573	64.46772734124205	-0.3582959684935787	0.1283760010387515	4156.087868544728	58.6397820561464	-0.0597199478036714	3438.6240395923496	0.0035664721656732	62.07435899860566	50.16412031831163	0.992496	31.695143	0.0728332506706386	0.0397130255886898	0.0876842685	0.0984666023	0.0087312755	-0.0049034949	0.0128840559	0.0738993695	0.0188637983	0.1038570521	0.097038803	-0.0373863123	0.0070459096	0.1699530653	0.069641703	0.067080568	-0.0819320005	0.0890104072	0.0196766893	-0.0624768127	-0.0722187567	0.075345346	-0.1186276589	-0.023006043	0.0652398367	-0.0098680681	0.0634840828	0.0889138581	-0.0117741508	-0.1015308667	0.1153506147	-0.0171105552	0.0516169302	0.0717179316	0.0098709012	-0.0615258942	0.123939472	-0.0010802065	-0.0981420043	0.098868725	0.0357737998	-0.0168955041	0.1607578893	-0.0166227413	0.0224442469	-0.0400194005	0.0384769009	0.0847523419	0.0425791506	-0.0039115711	0.0403265794	0.0422899378	-0.0206509911	0.0004347507	-0.0050137756	0.0326559322	0.0974818349	-0.0601741117	0.0484013025	-0.120091047	-0.0338895966	0.0312852473	0.0287025522	0.1780534522	-0.0655758999	-0.0794986475	-0.0834255903	0.0341387859	-0.0025717259	-0.1598386393	-0.1624169503	-0.0305275385	0.0230882099	0.0913648724	-0.0472916497	-0.0620689595	-0.054349799	-0.0541044962	0.0938287609	0.1395703296	-0.1126634066	-0.0580665848	0.0790842318	-0.0284316632	0.0968886088	-0.0196669246	0.0120307447	0.0338669054	-0.0626797816	0.0256028654	0.0416127388	0.0907949768	-0.0091827243	-0.0313255133	0.0515560561	-0.0413282018	-0.013361936	-0.0499276656	-0.059727957	-0.1056561881	-0.0329495929	0.0061528682	0.0185512979	0.1065611727	-0.0756760051	0.024220635	-0.0586808209	0.1061380422	-0.0592749733	0.0536724504	0.0275900027	0.0925240334	0.0667430662	-0.0162460141	0.0632386732	0.1068008383	0.0107073974	0.0238568082	-0.0126361411	-0.1034634252	-0.0064823421	-0.0245959967	0.1030168651	0.1303409395	-0.064710911	0.0683683383	0.0753830661	-0.0602758043	0.0437633965	0.1146196951	0.0476667927	-0.0158585369	0.0646245303	-0.1355601181	-0.0609874452	0.0311662996	0.0137959834	-0.0632535114	0.0990089844	-0.0809954424	-0.0701818059	0.0357967517	-0.0773669008	-0.0039628609	-0.000210562	0.0959499302	-0.0103331459	-0.0521244414	-0.058003564	-0.0589339417	-0.0591989072	0.0509017614	0.056017703	0.1257244784	-0.0191666155	-0.0431405164	-0.0400569987	0.0966556971	0.0424612269	-0.103650458	-0.1279581689	0.1007781293	-0.0547858194	-0.1171014851	0.1222095059	0.0675800815	0.0018290903	0.1529965364	0.0005278949	0.0962540334	-0.0072444662	-0.0216770361	-0.062436301	0.089308122	0.036955217	-0.0592874326	-0.1155176475	0.0242795134	0.1022994423	-0.0178448204	0.0106487962	-0.0684394249	0.1106903988	0.0427663407	-0.0351861536	-0.0481369093	0.0482366185	-0.0364980897	-0.0287056735	0.0846569823	-0.0214688643	-0.0471672131	-0.0077313849	0.0249066492	-0.0772081021	0.0554041216	-0.0366027608	-0.096317833	-0.0412729162	-0.1750085233	-0.0344665046	0.0997837604	0.0818647166	0.0543442699	0.020450122	0.0	0.0	0.0203541972046821	0.0110409988524082	0.000414293343847	0.0001219036556588	0.0933681469594489	0.0030029379212805	9.017636159064996e-06	0.0087176108666412	-0.0540068056689619	-0.0034629281900748	1.1991871649614733e-05	0.002916735058565	-0.0016259180744268	0.0003080110069549	2.643609584747753e-06	9.4870780405433e-08	-0.0005577187268579	0.0001952418194584	3.110501782879968e-07	3.8119368065426496e-08	0.0021130494562513	0.0006032748877241	4.464978004563914e-06	3.639405901585255e-07	0.0	0.0
58.19190626044893	0.0239432276193554	3386.2979542248754	0.0005732781488322	64.49838530342534	0.0306579621832838	0.0009399106452316	4160.0417067491135	58.61456035969	-0.0252216964563984	3435.6666861597428	0.0006361339721387	62.07429698833201	49.74900742483028	0.94993	30.335812	0.0793955611024492	0.0370442966835306	0.0905965797	0.0679476629	0.0179897985	-0.0040955393	-0.1131414097	-0.0461768121	-0.1569760176	0.0942771448	0.0287867821	-0.000854448	0.0150411652	0.0297708556	0.0644647182	-0.0444130696	-0.0562518751	0.1158007026	0.0707778589	0.0129592804	-0.1383395612	-0.0231625361	0.0659961452	0.0392253923	-0.0307681756	-0.0548943904	-0.108372652	0.0060794415	0.0889556034	0.016299995	0.0817010789	0.0286610201	0.0623084102	-0.0132274002	-0.0191361135	-0.0714083508	-0.0622325568	0.0074385955	0.1192846904	-0.0795483771	-0.0129120376	0.1026094687	0.0249774901	-0.1386572304	0.1070011851	-0.0344262641	0.1258059642	0.0567428252	0.07915788	-0.0416679534	-0.0984410792	-0.0141791106	-0.0450560078	-0.0302679983	0.0480821086	-0.0145731868	-0.0583353917	-0.0072766332	-0.001225639	0.0144076445	-0.0474475894	-0.0208069187	-0.0051786101	0.0238202088	-0.0157949221	0.0343692083	0.0027433597	-0.0523252301	-0.0012136533	-0.0196647273	0.0429590357	0.0487633824	-0.1214742266	-0.0989710987	-0.1191021829	0.0282196025	0.0673818004	0.0397082084	-0.0149551917	0.0196102369	-0.012236503	0.1417704373	0.1214066893	0.1390587675	0.0523598588	-0.1721440393	0.0377069999	0.0273141711	-0.0115795047	0.050565019	0.0407095423	-0.0713577435	-0.0514166562	-0.1160973003	-0.014613312	-0.0537420533	0.0100911339	-0.0076868605	-0.0223591522	0.0197579587	0.0551866591	-0.0402943369	-0.0802196178	0.0317555685	0.0890472881	0.0541925711	-0.0722168403	0.0936745822	-0.0219101374	0.0264664248	-0.0393327256	0.0131999612	0.0109802151	-0.0356812352	0.0825522896	0.0978497806	-0.0235931102	0.0245931724	0.1316581387	-0.0586752019	-0.0794742236	0.0066544264	0.0631537622	0.0374068809	-0.0598499513	-0.0019324619	-0.0184360379	-0.0329453105	0.0428391966	0.0945321472	0.007162586	-0.0222607511	0.0438102071	-0.1339415669	-0.0924234112	-0.0293879222	0.0362731991	-0.0629535269	0.0069688492	0.1157216842	0.0106367613	-0.0184175638	-0.0200230156	0.0076040003	-0.0235684851	0.0322576183	0.0753300272	-0.0265121666	0.0601432442	0.0921775799	0.0739489425	0.1293483223	0.0022324806	-0.0851157279	0.028432635	0.0823015675	-0.0290432198	-0.0077675551	-0.1479477117	-0.0371531668	0.0139990361	0.0441252105	0.0604549506	0.1238346494	-0.067709063	-0.0043997338	-0.0695862689	-0.0820127432	-0.0031196827	-0.0419614934	0.0353598086	-0.1253946423	0.037942722	-0.0409686506	0.0574274836	-0.0225776516	-0.1928623623	0.02744386	0.0917353801	-0.0066657769	0.0111070015	-0.0231615732	0.1106785819	0.0103040652	0.0151129817	0.0587402813	0.0745368053	0.0295141315	0.0816701412	0.024273741	-0.0588787679	0.0376231911	-0.0836022333	-0.0428710092	0.0201804838	0.0331012454	0.067809276	0.001414449	0.0354518411	0.0058017805	-0.1845519251	0.0991370163	0.0794373376	0.0494515946	0.0130625369	0.0	0.0	0.0380468777610616	0.0176926805563795	0.0014475649073651	0.00031303094527	0.0898605655007429	-0.0035075814587059	1.2303127689458108e-05	0.0080749212321133	-0.0743916124163206	-0.0203848067473587	0.0004155403461271	0.0055341119979	-0.0014256181440606	0.0002002999303662	2.0323870926747896e-06	4.012006210470457e-08	-0.0004571813086131	0.0001005374182447	2.0901474894518658e-07	1.0107772467329834e-08	0.0016576769580622	-0.000455372498189	2.7478928972903484e-06	2.0736411210698178e-07	0.0	0.0
58.2952280572996	0.1033217968506718	3398.333614252571	0.0106753937044515	64.75363341917281	0.2552481157474773	0.0651516005926375	4193.033040984615	58.72716933550476	0.1126089758147586	3448.880418161051	0.0126807814340488	62.17668080746554	50.1245092350842	0.992314	31.68935	0.1292247874022132	0.0841513127966382	0.0918236788	-0.0485337674	-0.0047418024	-0.0584780752	-0.064720023	-0.0659387189	0.0773275692	0.0665636489	-0.0227552493	0.0411635062	-0.0021358356	0.0257415032	0.0392329707	-0.0472267871	0.0051217924	0.062581108	-0.1535800956	0.0050424466	0.0077452627	-0.0893399317	-0.0308749751	0.1348821724	-0.1797044942	0.0266811248	-0.0711706643	0.1021159731	0.0209253692	-0.0328046612	0.1057566282	-0.0268140119	-0.0088455936	-0.1240717659	-0.0021202828	0.1834330443	0.0180038565	-0.050577601	-0.0077482191	-0.1552742101	-0.045027454	0.0252869393	0.1165269537	0.04235972	-0.0572220325	0.0245923915	-0.0222884678	0.0275729743	0.0673767468	-0.0096306848	0.0835629841	0.028051961	0.0917781496	-0.0129201792	0.1931700414	0.0211216165	0.0393919176	0.0576693258	0.0770798253	0.0221670803	-0.0468163718	-0.03507857	0.0039642834	0.0426163243	-0.1434795447	0.1472782229	-0.0873221243	-0.0538876444	0.0192797962	0.0651184006	0.0360325195	0.0379337098	-0.0669578676	-0.0165386604	0.0457011415	-0.0516699547	0.1069967234	-0.1300564805	-0.0907409118	-0.0068350524	-0.148709105	-0.0312051241	-0.1343850592	-0.0772774576	0.0170044658	0.0560889259	0.0872960889	0.0270162314	0.0934580386	0.0019431858	0.0523718813	-0.1099407333	0.1175622176	-0.013207672	0.0230221078	0.0050733312	-0.0540312424	-0.1259475136	0.0926832373	-0.0721835642	-0.1875702789	-0.0267285034	-0.037945025	0.0045108761	-0.0513001772	0.012326785	0.0115354447	0.0806351003	0.0734116585	-0.0277523364	-0.0455894294	-0.0535816644	0.005408227	0.1587757463	-0.0203275885	0.0791552167	0.0253377639	0.1018575058	0.104580268	-0.0644657547	-0.0509390757	-0.0406124544	0.1178239617	-0.0355231428	-0.0258460286	-0.0164789302	-0.0483027111	-0.0714995085	0.0946191256	0.0019622685	-0.0822126158	0.0340095638	0.0600570768	-0.069668179	0.0103238498	0.1095438794	0.0133913343	-0.056672016	0.041176598	0.1767282741	-0.0100631341	-0.0337877899	-0.0794251874	-0.1244196918	-0.0141387121	-0.0315188214	0.0129900577	0.1222999874	0.0677413049	0.0118907202	-0.0473250217	0.0297329898	-0.0240353888	-0.0189734088	-0.0420041585	0.1862574899	0.0791727329	0.0045130744	-0.1053832891	0.1230389909	0.0724534462	0.0490735822	0.1645014202	-0.0869638054	0.0620013686	-0.0235573087	0.0222141738	-0.1848716468	0.1130129136	-0.0382195982	-0.0909137184	0.0174054495	0.0206262532	0.0359403933	0.1327654828	0.1025357915	0.0995787525	0.1032105488	0.043662816	-0.0179181183	0.0419540026	-0.0734902062	0.0098130306	0.1213789647	0.1122049384	-0.0265756638	0.0210367203	0.0168887989	-0.0068841983	0.0116603663	0.0660857675	-0.0814010882	-0.0545533709	-0.0236924924	-0.1240901567	0.0289180851	0.0209679575	0.1495533879	-0.0881478812	-0.1451570882	-0.1322485286	0.0984593917	0.0769109895	0.0444203137	0.0056098749	0.0	0.0	0.0223014811665649	-0.0157453965944967	0.0004973560622226	0.0002479175139179	0.0974293242610713	0.0075687587603284	5.7286109172048e-05	0.0094924732259689	-0.1090583612517974	-0.0346667488354767	0.001201783474822	0.0118937261589275	-8.215518044277226e-05	0.0013434629636178	6.7494736735844704e-09	1.804892734612797e-06	-0.0004080696732999	4.911163531320001e-05	1.6652085826708714e-07	2.411952723136754e-09	0.0016899800233694	3.230306530719999e-05	2.856032479387637e-06	1.0434880282412275e-09	0.0	0.0
58.49563526311906	0.2004072058194594	3421.7393448358584	0.0401630481443631	65.00716645262776	0.2535330334549428	0.0642789990528651	4225.931690199652	58.81030145247895	0.0831321169741912	3458.651556931448	0.0069109488726106	62.3712160021993	49.523863808675245	1.05614	33.727615	0.1115084646779168	0.0827668926527842	0.0666106026	0.0080535043	0.1035177491	-0.0714237312	-0.0605610445	-0.0978447914	0.064599457	0.0072386514	-0.0152635117	0.0059150618	0.0310065332	0.1226333336	-0.0137484698	-0.0790278052	0.0019705667	0.0511674913	0.0112954536	0.0282416049	-0.0207983218	-0.0053634615	-0.0148425315	0.1188049976	0.0472268499	0.0734538294	-0.0585205711	-0.0650131299	0.082026423	0.0299956501	0.0656350267	0.0713927129	-0.0726858073	0.1451890037	0.0495080336	0.0050722995	-0.1661488156	-0.0225114517	0.1493221708	0.0832366066	0.0918462766	0.0187658958	0.0242364453	0.1953289415	0.0607360349	-0.056695398	-0.0569100809	-0.1051461972	0.0708885426	-0.0643560733	0.0573463909	-0.023651049	-0.0654233406	0.0023712173	-0.1520824334	0.0204714579	-0.0648726904	0.0276457645	0.0027176993	0.0885598127	0.0188641481	-0.0066096354	-0.035786597	-0.047265325	-0.0310581779	0.0229192995	-0.1151389977	0.0422474556	-0.1209885765	-0.0964104356	-0.071393591	9.09139e-05	-0.0105788186	-0.0524139967	0.1639297791	0.0327368668	-0.0148392952	0.08553182	-0.0727692193	0.0952816366	-0.1255950767	0.0743568485	0.0838188831	-0.0134338445	0.0285325225	-0.1307287731	0.1373131583	-0.0536073924	0.0930347566	0.0088654172	0.0270020131	0.0652671339	0.1251135282	0.0012710909	0.0146790109	0.1154824512	0.1492032498	0.0530437809	-0.1308017549	0.0473496377	-0.0306810318	0.0529981617	0.0293197034	0.079421537	0.0726211958	0.0880576839	0.011345051	-0.0093158998	0.0739283524	-0.015066698	-0.0604063745	0.0174830088	-0.0135735175	-0.1073693608	-0.1835481822	0.07075105	0.0112236458	0.0047046486	0.0815136472	-0.1595327011	0.0812270054	-0.0966539402	0.0684634239	-0.0365646819	0.0690929466	0.0077343376	-0.0674067717	-0.0114042236	0.0707769111	-0.0576931002	0.0324535619	-0.0450351749	0.101591296	-0.0589625338	0.1222698428	0.0090805753	-0.0903747741	-0.0290148942	-0.1425466581	0.1375009305	0.0485320731	-0.112476817	-0.060411078	0.0277470865	-0.1193392173	0.02699403	0.0845228428	-0.1222896387	6.67128e-05	-0.1315849079	0.1007037144	-0.0618983538	0.0036292738	-0.1377536455	-0.0130513018	-0.1803398237	-0.0279539783	0.0336134408	0.0071037744	-0.0177256324	0.0158623043	-0.0738801926	-0.0063105781	-0.0638614417	-0.0192090143	0.0658857424	-0.1276802685	0.0162800155	0.0539433386	0.0274367836	0.0568390418	0.0469952422	-0.1091419914	0.1706964629	0.0220417466	-0.0238026588	0.0415760932	0.0470775256	-0.0112549045	0.0465716562	0.1888900211	-0.0806398384	-0.022866542	0.0606224814	-0.199705691	0.0843076166	0.0333254008	0.0474707294	0.1513327444	0.0039366556	0.0104071503	-0.0638498751	-0.0281398178	-0.0992902808	0.0391344133	-0.116802848	-0.0293968497	-0.1224601816	-0.0315744671	-0.2085995656	0.0656537151	0.0977510977	0.0742888199	0.039264529	-0.0018707352	0.0	0.0	0.0325051443456771	0.0102036631791121	0.0010565844089333	0.0001041147422727	0.0899564768506877	-0.0074728474103836	5.5843448418876975e-05	0.0080921677273883	-0.1025862679643978	0.0064720932873995	4.1887991520802814e-05	0.0105239423748632	-0.0016238205287965	-0.0015416653483537	2.636793109740945e-06	2.376732046314621e-06	-0.0002138816396741	0.0001941880336257	4.574535578968155e-08	3.770899240345482e-08	0.0017013238574103	1.134383404089996e-05	2.8945028677934627e-06	1.2868257074748069e-10	0.0	0.0
58.46650578719568	-0.0291294759233835	3418.3322989641856	0.0008485263675709	65.1383646159302	0.131198163302443	0.0172129580539345	4243.006544837867	58.7253184748189	-0.0849829776600543	3448.663029968906	0.0072221064919692	62.29759302576477	50.60758367562905	1.126249	35.966515	0.2615813541532652	0.1349054442509944	-0.0186705141	-0.0430570312	0.0201075331	-0.0148011074	-0.0792760879	-0.0488738871	0.1338075467	-0.0351419201	-0.023053515	0.0240604974	0.0576210075	-0.1261436054	0.0176888603	-0.0285997855	0.0093876555	0.0143974771	-0.0050404672	-0.0965522433	-0.0983126946	0.0645291649	0.0196387575	-0.0032482807	0.072826445	0.0002870699	-0.0551959682	0.0093024323	0.1280406146	-0.0686884066	0.1941266481	-0.1118004427	-0.0298581588	0.1463781826	0.0382591734	-0.016310925	-0.0290499545	0.0268418194	-0.0940800985	0.0538738434	0.0979438677	-0.0206425167	-0.0582089284	-0.029045927	0.039184049	-0.050964165	-0.0927459646	0.0294965793	0.0213491486	-0.1119374501	-0.0886617847	0.0968150435	-0.0724572288	-0.0122565051	0.0099172968	0.1129233785	-0.0006089668	0.1609500353	-0.0618486358	-0.0272312221	0.0655318803	0.0384938336	-0.0727980619	0.0595443486	-0.15007645	-0.0627384438	0.0440929458	-0.0038987952	-0.0382324857	0.0107393791	-0.0391958563	0.0200721313	0.0962248448	0.0805035382	0.0183285404	-0.0134859869	-0.0038430929	0.1444654906	-0.0990837871	-0.0595421599	-0.0272156413	-0.1158845095	0.0483440334	0.0367646302	-0.0203049082	0.0262354956	-0.0119407991	-0.0638072593	-0.0439146019	0.030282399	0.0357248066	0.0033529437	-0.0137170104	-0.026983371	-0.0412738121	0.0359833711	-0.0482981742	-0.093990654	0.0320274961	-0.0047731535	0.0181480258	0.0811152897	-0.0959291089	-0.2040755926	0.0666726124	0.0271700673	-0.002227999	-0.0333132025	-0.033476278	-0.0986877368	0.0113209127	-0.0142033794	-0.0590299282	-0.1312170451	-0.1021864184	0.0214015145	-0.0850629532	-0.1881476339	0.074325826	-0.2336447555	0.2253851827	-0.2458675589	-0.113157818	-0.0911609961	-0.0013701623	-0.0549210463	0.0964305965	-0.0780505967	0.229664591	0.2683565736	0.0582167571	-0.1388427574	-0.1159226598	0.0624731658	-0.0154003561	-0.0223859064	0.0376461654	-0.0550703395	-0.0045203262	0.0447265922	-0.0303475838	0.0359377825	-0.0084359896	-0.0067652248	0.0795072577	-0.0386577638	-0.0322618634	-0.1256666417	-0.0547387087	0.093135732	-0.114619853	0.0558007859	-0.1132292753	0.1076134134	0.0828646873	0.1209745231	-0.0826490295	-0.0743210951	0.1210585035	0.0564470493	0.0166914654	0.0016766038	0.1593490825	-0.0737242701	0.0421075674	0.1006600359	0.0914294741	0.052185881	0.0051010917	0.048893821	0.0187095353	0.0099549845	0.0144692277	-0.0655578449	-0.0280271895	-0.0852408871	-0.0346060967	-0.0613778459	0.0071477665	0.0731794335	0.1354970093	-0.0824920198	0.0285632861	-0.0213548891	-0.1737925302	-0.0696541667	-0.1765779953	0.1975415335	0.0488037066	0.2875948352	0.1361553663	0.1296607619	-0.1479647676	0.0439065537	-0.1472889316	-0.0177529802	-0.2937134858	0.0419439436	0.1473435893	0.0705750794	0.0903279266	0.0970123549	0.0715740957	0.0339986915	-0.0093420254	0.0	0.0	0.0115851498217267	-0.0209199945239503	0.0001342156963918	0.0004376461708821	0.0914044004946248	0.0014479236439371	2.0964828786720958e-06	0.0083547644297817	-0.0418543493021701	0.0607319186622277	0.0036883659443954	0.001751786555508	-0.0032261425552439	-0.0016023220264473	1.040799578675564e-05	2.5674358764385016e-06	-0.0011280486797937	-0.0009141670401196	1.2724938239843097e-06	8.357013772410304e-07	0.0006481825775143	-0.0010531412798959	4.2014065379308165e-07	1.1091065554209848e-06	0.0	0.0
58.50445038367811	0.0379445964824327	3422.770714696254	0.0014397924022146	64.9938811636071	-0.1444834523231009	0.0208754679952017	4224.204588709082	58.78917910182846	0.0638606270095607	3456.167579466864	0.0040781796820542	62.28489312148246	51.391255274797096	1.301534	41.564236	0.1239024276409514	0.064785584590987	-0.1313054156	0.0465076782	-0.1520596713	0.0613515613	-0.1916128661	0.0255049386	0.0440621002	-0.0034626301	0.0741263003	-0.0771364575	0.0938719412	-0.1632054231	-0.0582079226	0.0411303041	0.1002615281	-0.1020900023	-0.0397165111	-0.1418359772	-0.0821905647	-0.0828386473	0.059786453	-0.0123588484	0.0320497077	0.0420747245	0.1040450111	0.1388075192	0.0231297639	-0.1145812984	0.0267302804	-0.1095182244	-0.0628131119	-0.0756368774	-0.0712193849	-0.1836721653	-0.1037876631	0.0489236634	-0.0749018547	0.1146476841	0.0613417705	0.1251693245	-0.0135725329	-0.0107372919	-0.0412760414	0.0778715027	-0.027495024	-0.0644313292	-0.1115781009	-0.0245743894	0.0417903985	-0.0396607578	0.0508768691	-0.1348996199	-0.0817173369	-0.0518432985	-0.1397339558	-0.0656937714	-0.0069419931	-0.2167367803	-0.0509217934	-0.1609729406	0.0362419736	-0.0146049175	-0.0776323177	-0.1910210584	-0.0070932286	-0.0488112077	-0.1003076958	-0.0020132829	0.0425570924	0.0545536483	-0.0688022746	0.1124844915	-0.0354953624	-0.0582046143	-0.0262000971	-0.0424483197	-0.0787002519	0.0951357059	0.0080195409	-0.0943457511	-0.0497003259	0.1185875984	0.0186005815	0.0586362764	0.0458396865	-0.0241380521	-0.0319068116	-0.0007720911	0.0532279118	0.1782130301	0.0389342584	0.0262271364	0.0627823378	-0.122457229	-0.0364516963	-0.0596004221	0.0024100146	-0.0356486888	-0.052007051	-0.0595559093	-0.0318348391	-0.017667426	0.0302125682	-0.0515234535	-0.058143422	-0.0387788361	-0.1967699313	-0.1304257153	0.1041693884	-0.1202634725	-0.1925956772	-0.0953370364	0.0048440357	0.0840004634	0.431440335	0.0058003521	-0.074771245	0.056824958	-0.3060296657	-0.203264644	0.1144719673	0.0352468279	-0.1386543793	0.0702518188	-0.0087230448	-0.030717278	0.0652703065	0.0174579679	-0.0981598857	-0.0253312598	-0.0636951371	0.0628738244	-0.0559850284	0.1031140196	-0.035158787	-0.0826495538	0.1670308365	0.1362843807	-0.0638565999	-0.0583381655	-0.1027948953	0.0652792561	0.1749852822	0.0328871781	0.0201944638	-0.0152237806	-0.040830222	-0.0015604877	-0.0306125194	-0.092834908	0.0013181793	-0.0529856694	0.0204003845	-0.0873760369	-0.0633480244	-0.101320899	-0.0503558627	0.0750446691	0.0474146389	-0.054405437	-0.0200508422	-0.0617859724	0.0152423755	-0.1186490422	0.0641689607	0.1612578845	-0.0997581671	-0.0505818476	0.0105830535	-0.0070365512	-0.0808655679	0.0291591212	-0.0933119537	-0.0118543785	0.1002368697	-0.1408585909	0.0411435689	0.0851832512	0.1168733651	0.032205078	0.0467298502	-0.0481133647	0.2176152992	0.191067753	-0.0202948484	0.1559508707	0.0437889042	0.0526685006	-0.0138265265	-0.434398865	0.0044474921	-0.047483857	-0.0344447636	0.0475604258	0.0801048761	-0.1235341631	-0.0963311446	-0.0104075096	-0.0645222738	0.0962433935	0.068770199	0.0286375605	-0.0167667741	0.0	0.0	0.0122174834032904	0.0006323335815637	0.0001492669007096	3.998457583731771e-07	0.1078139492051661	0.0164095487105413	0.0002692732888836	0.0116238476432141	-0.0271112107090587	0.0147431385931114	0.0002173601355756	0.0007350177461109	-0.0043176835333658	-0.0010915409781219	1.8642391094298184e-05	1.1914617069193153e-06	-0.0006890756254351	0.0004389730543586	4.748252175687743e-07	1.926973424529184e-07	0.0009600166801485	0.0003118341026341	9.216320261633473e-07	9.724050756567674e-08	0.0	0.0
58.58356201449801	0.0791116308198951	3432.033738306534	0.0062586501309833	64.89823601480799	-0.0956451487991074	0.0091479944888034	4211.781037833721	58.73299588833109	-0.0561832134973698	3449.564806018717	0.003156553478891	62.37341012288875	51.15894357939978	1.116208	35.645874	0.103324650422385	0.0633880079749855	-0.0577892974	0.0042624295	-0.0938327624	-0.004046388	-0.1128789038	-0.015237061	0.1686925943	0.0074493479	0.0450528394	0.0636702076	0.0147186771	-0.0725450439	0.0482149706	0.0437430748	0.0179151491	-0.0568145422	0.0150671842	-0.1914734179	0.0606403795	0.0015908282	0.1586968096	-0.0101212733	0.0799570823	0.1523750391	-0.0119137619	0.0282092712	-0.031548794	0.004660616	0.0248010116	0.0937879036	-0.148926151	0.0110818036	-0.0075160541	0.0413426277	-0.0699877802	-0.1779891457	0.0634698151	0.0565350968	-0.1674675055	-0.1206372551	-0.0543365628	0.050307898	0.0270719579	-0.0726579792	-0.0051822833	-0.0168173805	-0.0123884659	0.0542522727	-0.0507056586	-0.0271547333	-0.0914004	0.1059107083	-0.1085851706	-0.1107351105	0.0121036946	-0.074482561	-0.0081208284	-0.0040132374	0.0360278311	-0.1554818666	0.0160858226	-0.1409635397	0.1094257452	-0.0351908639	0.0129371348	0.0230848535	-0.0808107114	-0.0715629128	0.0672728601	0.0510627829	-0.0143617815	-0.0290451546	0.0780009251	0.0946453971	-0.1050205251	-0.001375683	0.0486076609	0.0211242431	-0.0557005862	0.0717533572	-0.0982461357	0.0248183733	0.0905497127	0.0632644384	-0.0718626551	0.0636002852	0.0264947963	0.0687397218	0.0925205343	0.0932803696	-0.0021159974	-0.0535743231	0.0152668806	0.0029007891	-0.0074076775	0.0562798106	0.079537591	0.0524300195	0.0055660889	-0.1185076707	0.0333338157	-0.1538557932	-0.0979173302	-0.002347732	0.1394925294	-0.0468922384	-0.0853376148	-0.0750584201	0.0633982973	-0.1289390778	-0.1337494586	-0.0205820542	-0.11906314	0.0180067856	0.0962102672	-0.1208115921	0.0635710031	-0.0905809946	0.0039015041	0.0011122534	-0.0374143577	-0.0405704644	-0.0964977179	-0.1464128058	0.1466468737	0.0113149991	-0.1033075761	-0.0554618974	0.1533419785	0.084784368	-0.065750426	-0.185436949	0.0820374776	0.0802749231	-0.084404164	0.0106838059	-0.0980892962	0.0249440562	0.0287096403	0.0918780837	0.0109729881	-0.1318254015	0.0316042863	-0.0876640541	0.1164381184	0.0338475937	0.0741061132	-0.0905226308	0.0755555372	-0.1289900776	-0.0569989662	0.0059615905	-0.0371925707	-0.0589743088	-0.0265179103	0.0688187954	-0.098045473	-0.0102891571	-0.0445311759	0.0708151946	0.0142409531	0.1374983007	-0.0231706083	0.0001699425	-0.1591154135	-0.0237678846	0.0870889573	-0.0815692652	-0.0555154428	-0.0299200286	0.0666448183	-0.0855079517	-0.1098892712	-0.0520789236	-0.1470974183	-0.0892135946	0.0293862181	0.0891843756	0.1583502542	-0.050831022	0.0183450569	0.0582474652	0.0860399551	0.015989464	0.0066339291	0.1095870807	0.1026173578	0.0063347863	-0.037421023	-0.0258269401	0.1122463279	-0.0184241266	0.013993472	-0.1762030958	-0.1775166461	-0.0438530076	-0.0317599945	-0.0108020466	0.074941246	0.0954444529	0.0658806233	0.0231961626	-0.0241079916	0.0	0.0	0.0121788346405935	-3.864876269690093e-05	0.0001483240132029	1.4937268580013607e-09	0.0916239880470755	-0.0161899611580906	0.0002621148423004	0.0083949551856506	-0.0419377953189012	-0.0148265846098424	0.0002198276111928	0.00175877867621	-0.0031780673352084	0.0011396161981574	1.010011198711862e-05	1.2987250791027277e-06	-0.0007069849293914	-1.7909303956299997e-05	4.998276903865629e-07	3.2074316819914274e-10	0.0012478802958699	0.0002878636157214	1.557205232820349e-06	8.286546125619787e-08	0.0	0.0
58.61496531353138	0.0314032990333714	3435.7141587064866	0.0009861671901793	64.96849838992584	0.0702623751178492	0.0049368013572013	4220.905783041797	58.67410357206224	-0.0588923162688459	3442.650429985087	0.0034683049155097	62.35366552966972	51.09619725083972	0.943948	30.144785	0.0854366687919305	0.0400921244413509	-0.0806512029	0.0219432826	-0.055722753	-0.0744171049	-0.0488661371	0.0764051062	0.0683786902	-0.0018595166	0.0190613101	0.1608432307	0.0328548149	-0.0877788447	0.1071396339	0.036555277	0.0996840761	-0.0510959196	0.0304167957	-0.0101389772	0.0817396382	0.007477554	-0.0007141748	-0.0709302728	0.0314743131	0.1616876725	0.0514642992	-0.0561927102	-0.0062425876	0.0780469143	0.0027127016	-0.0057178888	-0.0391937179	0.1174909142	-0.041648739	-0.020265734	0.0327815422	0.009817442	-0.0252412017	-0.107911232	-0.1209624107	0.0783941629	0.0464551954	0.1448907873	-0.0451028198	0.1032697244	0.0104298112	-0.0254991207	0.1038762893	-0.025666916	-0.0653294306	-0.0759873408	0.0421403683	0.0732392714	0.0707781904	-0.268177591	-0.055239068	0.0638104843	0.1036706064	-0.0062264545	-0.0999929382	0.0056282809	0.0366624417	-0.0541351108	0.1169511609	-0.002149052	-0.0081020039	-0.0153907119	-0.000818346	0.1635234508	-0.0232939535	0.0092442421	-0.0571737966	-0.0233625017	0.0181098462	0.0299802022	-0.1484004206	-0.0677998298	0.0230671509	-0.1002240462	0.0161726702	-0.0687409134	0.0107418549	-0.067553339	0.0037400841	-0.0154400743	0.2540367224	0.0052747188	-0.0035493645	-0.005056107	-0.0106302671	0.1447396001	-0.1198130273	-0.1393068551	-0.0625940384	-0.0124162031	0.0498413145	-0.0488546492	0.0146406994	-0.0432831565	-0.0708528771	0.0468408867	0.0013496333	-0.0076831321	0.1092618488	-0.1391317792	0.1190857756	-0.060516076	-0.0780065685	2.0097e-05	-0.0343720398	-0.1487843496	-0.0707181908	0.1010247153	-0.143590596	0.0505420401	0.1396364206	-0.127159314	0.1062546357	-0.0002265079	-0.0106043381	0.0465876577	-0.0095472245	0.0586580124	-0.0612013757	-0.048453672	-0.0013836651	0.012214499	-0.0627049432	0.0879323148	-0.0792077932	0.0315002531	0.0300911626	0.0231308186	0.0767924944	0.0740680576	0.0721709245	0.0677873217	-0.0806646925	-0.0650360774	-0.1054123269	0.1157623365	0.0062373409	0.0372740128	0.0068375776	-0.0239056458	0.0595311629	-0.0150347407	-0.0569563109	-0.010843101	0.0178576781	-0.0497268078	0.1050409178	-0.1190337388	0.0683488754	-0.0055065796	0.0402366125	-0.0158894467	0.02301113	-0.0468304977	-0.0391084004	0.0307238742	-0.052244652	-0.0105216994	-0.0033581879	-0.0035319677	0.0207429965	-0.0620614648	-0.0456085767	0.0748290934	0.0874338838	0.0483942387	-0.0472576816	0.0665145153	0.1692013646	0.0217758341	0.0787176561	-0.0936840165	0.0189674315	0.0374248317	0.064441142	-0.0234876197	0.0902059343	0.1421781768	0.1028371965	-0.004113072	-0.0018043151	0.0356201978	0.0528378823	0.0663227721	0.0249711133	0.0194583074	0.0330353697	-0.0739859003	0.0729912852	0.0289360907	0.0234383694	-0.0538796805	0.0703127272	0.1175471057	-0.0108322232	0.0946157819	0.0629089685	0.0176897492	-0.0313291043	0.0	0.0	0.0270047279938978	0.0148258933533043	0.0007292553340244	0.0002198071137235	0.0919915730472951	0.0003675850002196	1.3511873238644757e-07	0.0084624495117158	-0.0577896686043928	-0.0158518732854916	0.0002512818866592	0.0033396457974055	-0.0034626161738008	-0.0002845488385924	1.1989710767066891e-05	8.096804154428388e-08	-0.0010519578003409	-0.0003449728709494	1.1066152136980648e-06	1.1900628169114037e-07	0.0017061849293863	0.0004583046335164	2.9110670132649337e-06	2.1004313710260173e-07	0.0	0.0
58.58371083803094	-0.0312544755004395	3432.051175554024	0.0009768422388075	65.01457334714365	0.0460749572178116	0.0021229016826231	4226.894747511122	58.66769426647282	-0.0064093055894218	3441.898350544328	4.1079198138594505e-05	62.31754362606969	51.081904110374985	0.930004	29.699488	0.0537448394762931	0.0278365824948552	-0.071594376	0.0398643	-0.0320031822	-0.0877703648	0.0281559266	0.0164638901	0.0038736367	-0.0212937432	0.0498847338	0.1258104554	0.1092359894	-0.0098729808	-0.0205588157	0.079824459	-0.055598617	-0.0409266771	0.0207186462	-0.0142121122	-0.036467899	-0.0328128161	0.0778673859	0.0989329554	0.059940824	0.0833862839	-0.1653946872	0.071892764	-0.0670984586	0.0481039025	0.0008939642	-0.0830174489	-0.065349133	0.0366007925	-0.0685234546	-0.0137328829	0.0701300093	0.0796773291	0.0280562607	0.0994838025	-0.0734319327	0.0207219571	-0.0094686774	-0.1501645327	0.1230604198	0.1071462424	0.0113970439	-0.0148235329	0.0188743957	-0.0534476702	-0.0038220064	0.0074912901	-0.0819562725	0.1082705648	0.1689621136	-0.0235504465	-0.1687372251	-0.1526258359	0.0680863585	0.0637818759	0.1069546929	0.0198964797	0.0374024836	0.1869450149	0.0567132798	-0.0706179514	-0.0658111378	-0.0641297207	0.0436065411	-0.0539154643	-0.0824892234	-0.0990246417	-0.0266044356	0.0463267578	-0.0120075029	0.0491790212	0.0045336734	0.1097818181	0.0498242776	-0.0415234366	-0.0728292863	-0.0947915321	0.0060383618	-0.0450872755	-0.0751426951	-0.02595902	-0.0969369996	-0.0636530731	0.0339690898	0.0985620847	-0.0419585853	0.0541991574	0.0008117954	0.0054402995	-0.0992747005	-0.0540448761	0.0934806382	-0.0795903091	-0.1133050732	0.1225671531	0.0759720286	-0.0394439638	0.0707427743	-0.0553076307	-0.0404190601	0.0855181852	-0.0810882705	-0.0500046063	-0.0745980261	0.0628371303	-0.0360126303	-0.0598225996	-0.0319478715	-0.0202380449	-0.1035388079	0.0110361571	0.1023452224	-0.067680841	0.1262967265	-0.0796646797	0.025341584	0.1325969107	-0.0905256187	0.0860592478	0.0137542843	0.0648247618	0.0361224574	0.1264749627	0.0309272899	0.0603735849	-0.1469480385	-0.0018682746	0.0968590092	0.1860821397	0.1478699755	-0.027490587	0.1634379146	-0.0202228794	0.0231427987	-0.0388235563	-0.0326901434	-0.0631506473	0.0249735007	0.086990203	-0.074755074	-0.0520467481	0.0465890505	-0.0368463611	0.1353453414	-0.0770512317	0.0171395871	0.0067826457	0.0234246735	0.0174339905	0.1016532519	-0.0551851542	0.0341986566	-0.0320823492	0.0216728658	-0.0403442545	0.0581923015	-0.0291397855	-0.0479675808	-0.0327698444	-0.0831132739	-0.0070511941	-0.0679967905	0.0393676222	0.1046248659	0.0876110487	0.0565649808	-0.051056946	0.0900628302	-0.0410534554	-0.0494847384	0.0612647444	-0.0611936298	-0.0731005576	0.0133831624	0.0043178806	0.0879680123	0.0061082904	0.0995141755	0.100927991	0.0309942303	0.088720197	-0.062904387	-0.0230868101	-0.0001823922	0.0271143941	0.0277470108	0.0031359355	-0.0451112872	0.0724067919	0.0920758713	0.0793781048	-0.0407602179	-0.0118094357	0.0179511855	0.1024513546	0.1113000359	0.0937576389	0.059858937	0.012133754	-0.038394137	0.0	0.0	0.0424683661979514	0.0154636382040535	0.0018035621275233	0.0002391241065058	0.0914078942447247	-0.0005836788025704	3.406809445700197e-07	0.0083554031302547	-0.0403434088190337	0.0174462597853591	0.0003043719804982	0.0016275906351396	-0.003119660224353	0.0003429559494478	9.73227991541021e-06	1.1761878326164205e-07	-0.0009901654934028	6.17923069380999e-05	9.804277043256106e-07	3.818289196732351e-09	0.0017064619266866	2.769973002998607e-07	2.9120123072309428e-06	7.672750437341121e-14	0.0	0.0
58.51675911427845	-0.0669517237524885	3424.21109723849	0.0044825333134295	64.94683613967096	-0.0677372074726889	0.0045883292761981	4218.091524553271	58.60566109638975	-0.0620331700830689	3434.623512544891	0.0038481141905549	62.26735364674086	51.328303018649976	0.921483	29.427383	0.1758728124782196	0.0995428221123839	-0.0641808972	0.0722347094	-0.0433644713	-0.0362763475	0.0699055436	0.0092061037	0.0251479198	0.0049622483	0.1271500799	0.1018553769	0.0150136617	-0.0061729446	-0.0195705949	-0.0078285986	-0.0899569488	-0.1324359949	0.0678515979	0.141921249	0.1227884828	-0.1353759047	0.0573415404	0.0229461457	-0.0116203593	-0.0226004996	-0.0110912751	-0.0100719073	-0.0446938582	-0.1047298867	-0.1102685748	-0.1027589692	0.0032767002	0.0704610846	-0.0576043495	-0.0320347683	-0.0863018757	-0.0722902141	-0.0356990165	-0.0097646677	-0.0983777816	-0.0923964647	0.0086861945	-0.1244457724	0.0336563223	-0.0572856755	0.0506019601	0.115316403	-0.047816333	0.0880561517	-0.0222230871	-0.0657107038	-0.1441254762	-0.0645369244	-0.059126657	-0.0948491219	-0.1407827419	-0.1666949474	-0.0635267499	0.0443312211	0.0864431354	-0.0483058142	0.0404609469	0.0196783141	-0.1120520877	-0.0755984252	-0.0421424807	0.0013502654	-0.0208085427	0.0353209788	-0.0816204039	-0.0106888457	0.0685637536	0.0069948682	0.0161443341	0.1250244262	0.0226875388	-0.1097459601	-0.0771438583	-0.0583521676	0.2123771751	0.0288321286	0.0754052166	0.0030143269	-0.1189551709	0.0538737084	0.0293662812	0.0162393912	0.0298490051	0.1466078198	-0.0779692804	-0.0416162619	0.038529865	0.1402884438	0.1128802633	0.0065952485	0.1622167779	0.0590497076	-0.0224742707	-0.0218075112	-0.0204176503	0.0561846904	0.0362574975	0.0180707896	0.0886416332	-0.0020149135	0.0383993193	-0.0205357487	-0.0864393131	0.0930188599	-0.0081934855	0.0071043315	0.0585993199	-0.0512855286	0.0123743771	-0.019127092	0.1060624031	-0.0075870936	-0.0247533409	-0.0769541618	-0.0102041291	0.1092757468	0.0178371345	0.0797893552	0.0511460488	0.0739559373	0.1441902547	0.0783434294	-0.0046972657	-0.1046766364	-0.0104207134	-0.0960068698	0.0119734382	0.1236017128	0.0625258561	-0.008363857	0.100406007	-0.0706020506	-0.0177642613	0.0298737531	-0.1136773031	0.0489019085	0.2087874454	-0.0780579037	-0.0679677704	-0.0314926656	0.0302368708	-0.0471002763	0.0683841188	-0.0515691965	0.0601743253	-0.0394293796	-0.1071547351	-0.0675964269	0.083333089	-0.167300018	-0.0139628793	-0.0419805104	0.0669135962	-0.02171076	0.0915215024	0.0522406491	-0.0294841648	0.116512252	-0.0223105383	0.0146137162	0.0405341501	0.0045528345	0.0038240791	0.0039810288	-0.0180322211	-0.0156813782	0.0558529382	-0.036804248	0.0890128457	0.1149163181	0.0105871479	-0.0695687015	0.0198731063	-0.0771355752	0.0453047365	0.0565278842	0.1067482956	0.0112401912	-0.0189673307	0.0210389888	-0.073855751	-0.0592659449	-0.0475760987	0.0330800738	-0.0131412212	-0.0249052822	-0.0858697371	0.1154150682	0.0908467647	-0.0108526043	-0.0296997706	-0.104154197	0.0520320187	0.0047293884	0.1215272389	0.0928702909	0.0567343287	0.0065437496	-0.045267892	0.0	0.0	0.0785207546164201	0.0360523884184686	0.006165508905532	0.0012997747106761	0.0913430876769609	-6.480656776380878e-05	4.199891225325139e-09	0.0083435596663609	-0.0573236985965408	-0.0169802897775071	0.0002883302409281	0.003286006420787	-0.0030008872269561	0.0001187729973968	9.005324148908273e-06	1.4107024910644e-08	-0.0022372072841054	-0.0012470417907026	5.00509643205426e-06	1.555113227758747e-06	0.0027961536928767	0.0010896917661901	7.818475474188007e-06	1.1874281453024998e-06	0.0	0.0
58.44705006617967	-0.0697090480987796	3416.057661438513	0.0048593513868379	64.83487937735312	-0.1119567623178454	0.0125343166286945	4203.561583875929	58.62038279072749	0.0147216943377372	3436.34927853142	0.0002167282841737	62.22691518329098	51.15704931745996	0.882613	28.186066	0.0803441097093408	0.0383699422426798	-0.0591294746	0.0827182495	-0.0603675179	-0.0682140193	0.046597538	0.0228329062	-0.0368917893	0.0279740963	0.0862657762	0.1061538843	-0.1422616488	0.037436848	-0.0332932846	0.0723097958	-0.1596310581	0.0396324076	0.0547623585	0.0529464233	0.0755052742	0.0850037115	-0.0882447552	-0.038541112	0.0471553188	-0.0681740244	-0.0218141805	-0.0819820621	-0.0304006834	0.0203349459	-0.1043724601	0.03100976	0.115686181	0.0691838615	-0.0071651857	-0.0602656185	-0.0241512209	0.0052658307	-0.071292484	0.0192537921	-0.0707227192	0.0488312491	-0.0914832257	-0.1127558857	0.0774955789	-0.0167238058	0.0428039898	0.0361021631	0.0354112134	0.1673497359	-0.0139411833	-0.1034789158	-0.0311400738	0.1216134325	0.0348428553	0.0065953527	-0.0149396413	0.0197419141	0.0427796492	-0.0167686074	-0.1213234667	0.1483203751	-7.23217e-05	0.0430486759	-0.0176320903	0.0173677632	-0.0559355015	0.1130977556	-0.0609572254	0.0670458076	0.2341111461	-0.048954315	-0.0322067922	0.1764604413	-0.1333539579	-0.008400109	-0.1385578197	-0.0689175674	-0.1624635731	0.0684452413	-0.0820480154	-0.0710248226	0.021733096	0.012143024	-0.0028136229	-0.0725018931	-0.0155413342	-0.0424106847	-0.0058755226	0.0020209981	0.1196287998	0.0024634601	-0.0791044948	0.0258982412	-0.0671221758	-0.0421897641	-0.0883236372	0.01892451	0.0201008817	-0.0952267612	-0.1089078959	0.0112029865	0.0754418364	0.0615773068	0.0025832295	-0.0377055704	-0.0087788215	-0.0057722674	-0.1020436926	0.1368576362	0.0502120279	0.0459418811	0.0489347669	-0.0601005061	0.004983325	0.0231376779	0.0814814711	0.037062876	-0.0273237979	-0.0504244839	0.0052085491	0.1497179502	0.0385749035	0.0681000624	-0.0096358179	0.0639657426	0.0831477534	-0.0131489901	-0.022327029	-0.0194709165	0.0162490544	-0.0527383561	-0.0292367367	0.0971496159	-0.0839870775	-0.09265365	-0.0919261493	0.0473530104	-0.1355710131	-0.0378729712	-0.0566515756	-0.0442474248	0.0576992378	-0.019598521	-0.0233509523	-0.0096591573	0.07717324	0.102888137	0.0508958838	-0.0897211402	-0.003421362	-0.0274619084	-0.1335515723	-0.1157321813	-0.1267908924	0.0356593621	-0.0118219472	0.16251003	0.0045627508	-0.0496553757	-0.0262429643	-0.0423230878	-0.0446353564	-0.1429028079	0.0377036647	-0.0527385623	0.096172042	0.0259377949	-0.0649338997	-0.0453441995	0.0317903326	0.0226094931	0.0290602571	-0.1047644467	0.0661664148	0.0398962797	-0.0237969218	-0.0659623522	0.037853281	-0.0606264364	-0.0014509457	0.0812571417	0.0784433377	0.0541341757	0.0262741494	0.0277721916	-0.0317041062	-0.0623563084	-0.0474482311	-0.0547508384	-0.0763216269	-0.0658239166	-0.0102511281	0.0390565815	0.1018302136	0.0137809197	-0.0726495568	-0.0551722683	0.0288339795	0.044242383	0.043427369	0.0919540145	0.0535390365	0.000935404	-0.0519161246	0.0	0.0	0.0770623037197282	-0.0014584508966918	0.0059385986545916	2.1270790180613703e-06	0.1054393803253646	0.0140962926484037	0.0001987054664294	0.0111174629233968	-0.0402874976988556	0.0170362008976852	0.0002902321410262	0.0016230824708352	-0.0025437269417918	0.0004571602851643	6.470546754397464e-06	2.089955263315041e-07	-0.002087004724284	0.0001502025598214	4.355588719183735e-06	2.2560808976901264e-08	0.0031438541532222	0.0003477004603454	9.883818936732475e-06	1.208956101244725e-07	0.0	0.0
58.50308498119103	0.0560349150113594	3422.61095231646	0.0031399117003302	64.88961348943491	0.054734112081789	0.0029958230253818	4210.661938808253	58.64983964635491	0.0294568556274228	3439.8036905431445	0.0008677063434548	62.27438118941864	51.04039821813712	0.934317	29.837206	0.052802326290021	0.0333684605282298	-0.0474267247	0.0994789897	0.0412421151	-0.0633261566	-0.0050488448	0.0002325185	-0.0759264938	0.0277333361	0.058123704	0.0927355172	-0.1145107144	0.0608749034	-0.0346101855	-0.0764516589	-0.0683118973	0.029333603	0.0994446008	-0.1402591193	0.0812629457	-0.0321901712	-0.1011583611	0.0520851146	0.0050116094	0.0214116557	0.1036957039	-0.1481288118	-0.1093119043	-0.1193861996	0.0208230532	-0.0420757784	0.0771776371	0.0245448962	-0.0257069575	0.0550955859	-0.1296084115	-0.0037403474	0.0537888305	-0.025375641	0.0312159099	-0.0210098852	-0.0537659522	-0.0860018233	-0.1267240384	0.0970812755	0.07553221	-0.010703835	0.1800897616	0.0994343719	-0.0796389842	0.0220404974	-0.0489063593	0.0045877582	-0.0435426608	-0.0303750848	0.1179754933	-0.0004079994	0.0715342426	0.0318618976	0.0470309477	-0.0753984789	0.0620058092	0.0005030949	0.045179005	0.0962061549	-0.1328303266	0.0592776624	-0.0162597869	-0.071588298	0.1515343903	0.0634500505	-0.0057158111	-0.1162793055	0.0649211741	0.0047904571	0.0898928417	0.1112365885	0.0292331324	-0.0857109221	-0.0487024939	-0.1661089368	0.0812794141	0.1461201695	0.0562780893	0.0568065043	-0.075722282	-0.0444377995	0.0489847878	-0.0466068042	0.0256631566	-0.0190834921	-0.1459993357	0.1091913127	0.0665279302	0.0601677149	-0.0711470987	-0.0396573642	0.125240932	0.0525866909	0.0468990246	0.0095112618	0.0196826622	0.0479070948	0.0104101844	0.0108688305	-0.0646269801	-0.0235307814	-0.0655281421	0.1304883596	0.0281080902	0.0888405887	0.0413098122	-0.0922294992	-0.022861658	0.0886029883	0.0192347283	-0.0131942912	0.0279632887	-0.0559075254	-0.0577268217	0.1328992713	-0.0143849063	0.0365029692	0.065363787	-0.0988411555	0.1328493957	-0.067478803	0.0044882391	-0.1447323186	-0.0070739483	-0.0240622615	-0.0694193434	-0.0307631732	-0.1199478752	-0.0745692989	0.0104268135	0.0743021174	-0.0416389615	0.0255488989	0.0117417441	-0.0472907641	0.0018875327	-0.0026276451	-0.0171429445	-0.0644823658	0.0442938202	0.0977886539	-0.2076193932	-0.0418003532	-0.0911727621	-0.0430336008	0.0064828554	-0.0795854076	0.0641832827	0.137634009	0.1251514493	0.0164135231	0.0089817798	0.0274763817	-0.0549462872	-0.0146611009	-0.0778820317	0.1394820183	-0.0921925129	-0.0032167954	0.0572325258	3.88184e-05	0.1158966473	0.0697949149	0.0355162855	-0.002481776	-0.0687213329	-0.0187417168	-0.0405820667	-0.0264601065	0.0983611586	-0.0695371103	-0.002511547	-0.0472954064	0.0559901083	0.0163553515	0.0924118577	0.0230109745	-0.1359222998	-0.0701858256	0.0475225724	0.0097502281	-0.0513241993	0.0691407815	-0.0382937686	-0.1253318388	0.0439272385	0.0639272283	0.0057800417	-0.0051770902	0.0036528067	-0.0456942001	-0.0026454357	-0.055773734	0.0398712265	0.0910090951	0.0502770413	-0.0046755634	-0.0583057138	0.0	0.0	0.0767826994536164	-0.0002796042661118	0.0058955829353843	7.81785456279194e-08	0.0916119789497429	-0.0138274013756216	0.0001911970288025	0.0083927546870881	-0.039926161249383	0.0003613364494725	1.305640297174611e-07	0.0015940983521117	-0.0029997526076019	-0.00045602566581	8.998515706814398e-06	2.079594078775449e-07	-0.0023957275015433	-0.0003087227772592	5.739510261650901e-06	9.530975319869528e-08	0.0031419229123153	-1.9312409069000523e-06	9.871679586931857e-06	3.729691440484137e-12	0.0	0.0
58.71870202808062	0.2156170468895908	3447.885967862519	0.046490710909388	65.14541853698795	0.2558050475530393	0.0654362223536127	4243.925556359332	58.78692237313072	0.1370827267758088	3455.9022421044974	0.018791673980291	62.43365711489356	51.297359920048216	0.980974	31.327206	0.0786261013178842	0.0417982784230707	-0.0916443184	0.0066666685	0.0434041691	-0.0226203296	-0.0985373691	-0.0887071261	-0.0522411762	-0.0380696336	-0.0029942867	0.0143108674	-0.0190417107	-0.0549376298	0.0937102478	-0.0734386979	-0.1085999119	0.0831757203	0.0635795921	-0.0333710186	0.0275329173	0.0305469917	0.0520129085	0.0623167908	0.0253796576	0.0222480921	0.0536385812	-0.0438254893	-0.0213234341	-0.0445148603	0.0867865348	-0.0999374266	-0.0085256291	0.0578167222	0.0768392223	0.0183037254	0.0960339797	0.1494865744	-0.0866622545	0.0839842236	-0.0086812198	0.2013184102	-0.0757378881	-0.1443460853	-0.093494217	0.0215568597	0.0351840032	-0.1102653485	-0.0605149721	-0.0112867765	0.0566567655	-0.0926390924	-0.0255306298	0.0252075573	0.0629992448	0.0022062857	-0.0438638418	-0.0349014061	-0.0656516984	-0.0125161574	-0.0185609328	-0.0163194196	-0.0216819763	-0.1032984461	-0.0731992983	-0.0871474704	0.0902250386	0.0647082685	0.0181588809	0.0258968109	0.0845272115	-0.0352299077	0.1683509301	-0.0340211991	0.0207240317	-0.1083132827	-0.0607261491	-0.004982338	0.0186810735	-0.2061432748	-0.014675921	-0.0540883606	0.0388613264	-0.0151099568	0.138992213	-0.0440271451	-0.0486688939	-0.0825572543	0.0188358352	-0.2086083323	0.0695494429	-0.0154526532	0.0924817411	-0.0874427013	0.0707406904	0.06019433	0.0563939196	0.0200977417	0.0486653264	-0.1237091667	0.0952710737	0.0900399611	0.0437279673	0.0639541211	0.0430052236	0.0319278393	-0.1640609504	-0.0774794946	-0.0241330795	0.018990773	0.0797556696	-0.0095493306	0.0068121088	-0.1302262347	0.0115538831	0.0678407384	-0.000133514	-0.006345039	0.0397811634	-0.0296831602	-0.0713826347	0.1151819553	0.0481324365	0.0794888207	-0.0596537488	-0.1081157576	0.1040259903	-0.1003914482	0.0932433383	0.0542002042	-0.1107782024	-0.0384675583	-0.00049319	0.0026330326	-0.0518252717	-0.0336615874	-0.0144635281	0.0523290619	-0.2119127402	-0.0218305169	0.0586301071	0.0262355954	-0.0467714663	-0.0048595871	0.019783903	-0.0401748067	-0.1804969551	0.0700468554	0.0309683113	-0.0153411785	0.0222247395	0.1848090068	0.0312377131	0.0362553298	0.1095687791	0.0672892844	0.0046216408	-0.0224068589	0.0057986076	0.0045261909	-0.0440630062	-0.131314324	-0.0744775325	-0.0344628738	0.0375121378	0.0711260649	-0.0940245437	-2.56664e-05	0.0845389509	-0.102735938	0.0725310911	0.0819880157	0.0605373882	0.0363236042	0.0502069381	0.0035132512	0.0114178248	-0.0743371204	-0.0642976828	-0.0760050728	0.0104969284	-0.005783263	0.1420770284	-0.0220677504	-0.0001173209	0.0185760867	0.0149908427	0.1170801504	-0.0528466472	0.0544036673	-0.0607244394	-0.0228781583	-0.0277468033	0.0372048329	-0.1032241598	0.0255752459	-0.0623211812	0.0255450547	0.0663259952	0.0865857143	-0.1329363716	0.0900358269	0.0469524072	-0.0102734258	-0.0644048267	0.0	0.0	0.0643367202745111	-0.0124459791791053	0.0041392135756806	0.0001549023977267	0.1014103752785331	0.0097983963287901	9.600857061604907e-05	0.0102840642141329	-0.0565911229470117	-0.0166649616976286	0.0002777209483834	0.0032025551964037	-0.0024861845995992	0.0005135680080026	6.181113863284234e-06	2.637520988438613e-07	-0.0021169186260181	0.0002788088755251	4.48134446918236e-06	7.773438907162637e-08	0.0031438813110346	1.958398719300019e-06	9.883989697872634e-06	3.835325543755955e-12	0.0	0.0
58.75152555490926	0.0328235268286363	3451.741755029156	0.0010773839134702	65.30374694520323	0.1583284082152829	0.0250678848479852	4264.57936508314	58.78347922005364	-0.0034431530770788	3455.4974292144784	1.1855303112197728e-05	62.45237575718979	51.66460803699938	0.984006	31.424017	0.0726424717837049	0.0497498180829932	-0.1081082014	-0.0347467053	-0.0130423399	0.0162731413	-0.0521197641	0.0834388702	0.0712507445	-0.0747463323	0.1290124997	-0.0319961578	-0.0703355457	-0.0812638032	0.0851985802	-0.0135390044	-0.0427801008	-0.0900355961	0.0272610387	-0.0548843124	-0.0098646096	0.003478054	-0.0098737846	-0.010088614	-0.1924067449	-0.038421582	0.0717237768	-0.0856506585	-0.0466709149	-0.0510006581	0.0486516685	-0.0172957426	0.0975891736	0.1347714794	-0.0490690631	-0.0183690488	0.1307024691	-0.0232842952	0.1172578047	0.1247659835	-0.1752295766	-0.0001960361	0.1510818739	0.0321052822	0.0093743081	-0.1054558132	-0.0770094953	-0.0525096617	-0.1389602151	0.1102905084	0.0645529202	0.0014766112	-0.0098081845	-0.0252495451	-0.0170815995	0.0677375074	0.095534685	0.0534307252	0.0291545385	0.1338956606	-0.072557458	0.0832456331	0.0925935766	-0.1323954604	0.0055158857	-0.0325417361	-0.0157955847	-0.1589898991	0.0061564224	-0.1796735564	-0.090555987	-0.1718452911	-0.1194854311	0.0504468989	-0.0035071258	-0.0651449552	-0.0136713036	0.0750562322	-0.0400858869	-0.1499146929	-0.0995959138	0.0750393202	-0.0664120984	-0.1223334741	-0.0507146117	-0.0614468161	0.110286413	-0.0764575378	0.0107302604	0.0902298531	-0.0024258984	-0.0299466837	0.027456779	-0.0327684372	0.1400662684	-0.0710007374	-0.1367354403	0.0634534452	0.0963939167	-0.0289608215	-0.0154288723	0.0486707161	-0.0017817882	-0.0583090489	-0.0923929382	0.0228223469	0.0355362205	-0.0850848422	-0.0457839958	-0.0090722707	0.1288622964	-0.0896819017	0.0688386931	0.0758756278	0.0494475891	0.0456944799	0.0153482477	-0.0186636185	0.0507235248	-0.0847938986	0.0767593349	0.1086581193	-0.0374179225	0.0643053548	0.0147612726	-0.0773497264	0.053971548	-0.0323357862	0.0286030848	-0.0432444375	-0.1244984223	0.0508773802	0.0435242318	-0.0789836152	-0.0597223023	-0.0346236967	0.0833052347	0.0151021861	0.1026677593	-0.0878957446	0.1160951689	-0.005826526	0.062484651	-0.087508191	0.0438671262	0.0379953546	-0.0268830888	-0.0503723509	-0.0191299057	-0.0339072358	-0.1777674309	-0.0124046467	0.1656161399	0.0735703702	0.0317250693	0.0784208221	-0.1706161511	-0.0679172379	0.0296392928	0.1168881249	-0.0035321829	-0.0058170861	-0.1093887496	-0.027771383	0.0986584864	0.0736312146	-0.1983774369	-0.0350149903	-0.0580696913	0.054645824	-0.0091451036	0.1526449499	0.0264233869	-0.1345590111	-0.1843604659	0.0659902574	0.0387725672	-0.0943362118	-0.0363133863	-0.0835048001	0.0805039063	-0.0138787765	0.071365645	0.0399965027	0.0785739226	-0.089727603	0.0367165088	0.0015051894	0.0162012262	0.0049311144	0.062424531	-0.0158604717	-0.1135885848	0.0492131568	0.0055375031	0.0399679429	0.0268810213	-0.0221359564	-0.0012815726	0.1599022852	0.0632750027	0.0890345132	0.0435692762	-0.0158424933	-0.0701830781	0.0	0.0	0.0729113360258679	0.0085746157513568	0.005316062921077	7.352403528341621e-05	0.0921500708285094	-0.0092603044500236	8.575323850712867e-05	0.0084916355536992	-0.0578725269393061	-0.0012814039922943	1.6419961914680263e-06	0.0033492293743407	-0.0033829598463011	-0.0008967752467019	1.1444417321685564e-05	8.042058430972537e-07	-0.0019448258060694	0.0001720928199486	3.782347415953492e-06	2.9615938677895627e-08	0.0031422264258846	-1.654885149999976e-06	9.873586911527506e-06	2.7386448596904428e-12	0.0	0.0
58.74749458595707	-0.0040309689521862	3451.268120127055	1.6248710693489452e-05	65.24027745628757	-0.0634694889156577	0.0040283760232148	4256.293802573385	58.85059267097597	0.0671134509223279	3463.3922577251305	0.0045042152947037	62.47527008795244	52.03422482947369	1.019224	32.548717	0.0471834649054014	0.0270130558241273	-0.1036530959	0.0909260413	0.040750568	0.0668234226	0.0054377854	0.0513811233	0.0156359536	-0.0585155392	0.1515786122	0.0075276204	0.0964465764	0.0744871923	-0.039485134	-0.0780544446	-0.1256417651	-0.0025190848	-0.0326165216	-0.0056634859	0.1191654154	-0.0081464711	0.0872109395	-0.0452759355	0.020266293	0.1609310748	-0.0037269687	0.0129879431	-0.0576508844	0.0723924509	-0.0708573046	0.0252054133	-0.0135192582	-0.1521069797	0.0080735095	-0.0681609611	-0.1635319787	0.1095578191	-0.1051796067	-0.0779576353	0.0243864248	0.019385757	0.0837498582	0.1154906119	-0.0702916691	-0.0564608562	-0.1191291021	-0.1340830096	-0.0052203369	0.0916012915	-0.1074610985	-0.0156092309	-0.0325755165	0.1102828486	0.0196246434	0.1266281576	0.0597440737	0.185788646	-0.0135927793	-0.0284077562	0.0842675208	-0.0449888557	0.1957276779	0.0787459146	0.0387529283	0.0467454869	-0.0460756893	0.0322200042	0.0566516103	0.0590001477	0.023776094	-0.0334258639	-0.0350736249	0.0496813182	-0.0195022831	-0.0461110965	0.0073023346	0.0209037233	0.0428084045	0.0715987038	0.0376668852	-0.049510286	0.0637945101	-0.1232582142	0.0881868374	0.0844026332	-0.0088160488	0.0027172103	0.1455523378	0.0593212512	-0.0355579935	0.0007755812	0.0050334104	-0.0783556574	0.0195001185	-5.66915e-05	0.068508699	-0.0534405492	-0.0558887481	-0.0044132538	0.0012823535	-0.1236341319	-0.0271549244	0.1119375452	0.0501512971	0.0050326846	-0.0575102276	-0.1017282728	-0.0919302247	-0.0501786418	0.0316788028	0.0270988785	0.1148085106	-0.1431408388	0.0308920983	0.0928484867	-0.0226997163	-0.0439776025	0.0325323905	-0.0853881331	0.1103908314	-0.0099068325	0.0354578868	-0.0041899276	0.0509906044	0.0437593968	-0.0242709728	-0.125154181	-0.0587163057	-0.1402620144	0.1056571614	0.0476733466	0.02608464	0.0714454325	-0.0703645391	0.0660116068	-0.1299699099	0.0404357135	-0.0592705857	0.1096660435	-0.0223238855	0.0278396723	0.0442071511	0.0538785247	-0.0235302967	-0.0221604419	0.0561912082	-0.0735685826	0.0220374714	0.0657030701	0.0264389561	0.1080108685	0.0908252524	-0.0502230727	-0.1207065352	-0.0323378321	0.0076332086	0.0022382447	0.0634430338	0.039028868	0.0390179586	-0.011236845	0.0239193605	0.0912840536	-0.0661783328	0.0339456556	0.0801757316	-0.0270579387	-0.1381002936	-0.0957587896	0.1145475402	0.0973516431	0.0563177188	0.0817643206	-0.0123995106	0.0881859293	-0.0769496227	-0.1272024375	0.0091276766	-0.0770587897	0.0932901836	0.0045789856	0.0830089777	-0.0712176929	-0.0693125162	0.0520535512	0.0785562697	-0.0485179746	0.0914869679	-0.0130972354	-0.0006192895	-0.0035926978	0.0381649175	0.0034287581	0.106088835	0.0449919385	0.101518733	0.0356558258	0.1635710074	-0.0045611116	0.0751292989	0.0880054659	0.0401318633	-0.0213671566	-0.0756116809	0.0	0.0	0.0736952756667932	0.0007839396409252	0.0054309936556046	6.145613606140825e-07	0.1004576448929839	0.0083075740644744	6.901578683672925e-05	0.0100917384174448	-0.0395211203766194	0.0183514065626866	0.000336774122829	0.0015619189558232	-0.0036908316773758	-0.0003078718310746	1.362223847072066e-05	9.478506436928853e-08	-0.0020308101052459	-8.598429917650008e-05	4.124189683568864e-06	7.393299704873873e-09	0.0031412716633895	-9.54762495099671e-07	9.867587663213838e-06	9.115714220489493e-13	0.0	0.0
58.62964238988756	-0.1178521960695135	3437.4349667661	0.013889140118407	65.30409008801858	0.063812631731011	0.0040720519684376	4264.624182224047	58.81785225973876	-0.0327404112372136	3459.539744448456	0.0010719345279818	62.34303873780924	51.92503464527619	1.052178	33.601078	0.0584731915135286	0.028600686470544	-0.0867721285	-0.0343970605	-0.0817109015	0.1132320567	-0.0837088335	-0.0696597385	-0.0172804997	-0.0799576719	0.0710575491	-0.0325565305	0.0905369003	-0.0634578949	-0.0139192371	-0.0654954878	-0.1396857434	-0.0033319141	0.0400736654	0.0041023913	-0.0619782899	-0.0917510263	-0.0120428363	0.0285829102	0.0094394066	-0.0255217233	0.1005932938	-0.0829071956	-0.044818982	0.0651239116	-0.0595086283	-0.126164854	0.1164364019	0.0316833516	0.1696828191	-0.0702976436	0.0451034618	-0.1504992169	-0.0412589927	-0.0401335886	-0.0928923267	-0.0540736934	-0.1049800927	0.0315903855	-0.0340956146	0.2093240751	-0.0916554678	-0.0808558905	0.0634667646	0.0797249441	-0.0202915055	-0.0437086894	0.0588712049	-0.0117399027	0.0369943128	-0.0743156601	-0.1522248131	-0.0727605006	-0.1165661556	-0.039108519	-0.0560016151	-0.040130533	-0.1245590524	0.0327241753	0.0110311417	0.0608700888	0.0405863356	0.0247499812	-0.1072164984	-0.0702546665	0.0388467885	-0.1566290661	0.0683816966	0.1448608148	-0.0104265871	0.1052808769	0.0192648885	0.1226063376	0.0904162816	0.0315997108	-0.0026432965	0.0315281453	-0.1009560492	-0.0127110481	0.0964386481	0.0742724533	-0.0822173177	-0.1067994661	0.0277626228	-0.0854610242	-0.0961778141	0.005379911	-0.0573178301	-0.0115301126	-0.0469109214	-0.0638532977	-0.0422412256	0.0034431998	-0.0681490957	-0.00190526	0.0709467414	0.0781300301	0.0230588457	-0.0450643992	-0.0109601488	-0.0704348423	-0.0414225754	-0.0517847575	-0.0642144591	-0.1154047613	0.0178847682	-0.084644833	0.0493925397	-0.0768209936	0.1601365084	0.0288716447	-0.0113307623	-0.0195108228	-0.0466569381	-0.0633363193	0.0127350883	-0.0426519197	0.0079602093	-0.0572652429	-9.6656e-06	0.1168429013	-0.0701082344	-0.1213497521	0.0675888417	-0.0224088461	-0.0437766656	-0.0947857282	-0.023327877	-0.0243794301	-0.087047659	0.0350988941	0.0048597624	-0.1023916613	-0.0068292867	-0.1010290592	0.0109320862	-0.1355096875	0.1137063362	-0.0595089741	-0.0567307525	-0.0184463041	-0.2215273758	-0.0717613105	-0.0141510453	-0.0322481371	0.0725220626	0.084582678	-0.015700245	-0.0519964531	-0.1078203801	-0.1134752918	0.0659070489	0.021025633	-0.0127542748	-0.1652276597	-0.0826288251	-0.0169844082	-0.0487540475	-0.0031353787	0.0198328344	0.0013473991	-0.0027872117	-0.1109502448	0.111703675	0.0207150988	0.045381633	0.008913235	0.0807762375	0.1080032534	0.0268688471	-0.0399391399	-0.011136851	-0.0989420558	0.0056213711	-0.0968677565	0.0714643208	0.0190818171	0.0992973034	-0.1447285017	0.0300121577	-0.0432443567	-0.0287604775	0.0806206662	-0.0601249033	0.0611633325	0.0046070261	-0.0042661986	-0.0995967207	0.1422725187	0.0272865624	0.026864287	0.0268202376	0.1229088225	0.0138185243	0.0197645268	-0.0755284944	0.0869490055	0.0366444511	-0.0268319309	-0.0806635902	0.0	0.0	0.088463615571996	0.0147683399052028	0.0078258112800698	0.0002181038635556	0.1070607077744654	0.0066030628814815	4.360043941679884e-05	0.0114619951491694	-0.03422393359169	0.0052971867849294	2.806018783443069e-05	0.0011712776304884	-0.0034247882654303	0.0002660434119454	1.1729174663029083e-05	7.077909703960298e-08	-0.0023050577561702	-0.0002742476509242	5.313291259280397e-06	7.521177403749656e-08	0.003237072639358	9.580097596849965e-05	1.0478639272480169e-05	9.177826996517046e-09	0.0	0.0
58.553801448164144	-0.0758409417234133	3428.5476640310294	0.0057518484414941	65.27257904516576	-0.0315110428528271	0.0009929458216727	4260.509575207412	58.76093327734988	-0.0569189823888791	3452.8472796251644	0.0032397705561855	62.34450117445531	52.23324396865907	1.060792	33.876186	0.2087661174268328	0.1191982915351596	-0.0923369954	-0.0083749049	-0.1490081553	0.0781576333	-0.0858118659	0.0112539178	0.041166054	-0.0577287469	0.0870057191	-0.0185830508	-0.1779383497	-0.1394455179	0.0625284331	-0.1206826943	0.0257961059	0.2041258941	0.0821270379	-0.0290183305	0.0913347824	-0.1180531391	-0.0812043908	-0.0255172576	0.0158705146	0.1135868376	0.0889378308	0.1046479708	-0.0305211232	-0.0272053749	0.0528325396	0.0065431211	-0.009557704	-0.0124424489	-0.0598417606	-0.0694159747	-0.0372324723	-0.1471482761	-0.0285594432	-0.0579946344	-0.0462728546	-0.0411639663	-0.0148550097	-0.0027696047	-0.0547545671	0.0450201573	-0.0273033189	-0.0058545131	-0.2100823309	0.0284722632	-0.0358591397	0.020723466	0.0120217022	0.0348721252	-0.1628828695	0.0277347707	-0.0837270068	0.0142141773	-0.0435646799	0.0031616787	-0.0706348713	-0.0614327366	-0.0080735474	0.0404227905	0.1076244713	0.0363183932	-0.0358125748	-0.1257153842	0.0390738743	-0.0533675501	-0.0961800975	0.0990075755	-0.1180500033	0.0810859488	0.0667639056	0.1593242332	0.0120973962	0.1197097741	0.0647282333	0.0889202482	0.154694915	0.0015187459	0.0323186046	0.107269576	-0.1334401832	-0.016551958	-0.0437713888	0.0211102183	0.0325069914	-0.0212962547	0.0876093641	0.0147941911	0.0710499232	0.0693802795	0.0214648435	-0.0050064974	-0.1204260043	-0.0155680168	0.1231057798	0.0840619953	-0.0987201914	-0.0343529774	0.0437047646	0.081905162	-0.0116316728	0.0862648882	0.0207922908	-0.0553176957	-0.1218077973	-0.1137006227	0.079233917	-0.1680795727	0.0163496537	0.1180448152	0.0476976387	0.0973913949	-0.0486789118	-0.1254627903	-0.1674870927	-0.0636654817	-0.0396308845	-0.0899188522	0.002280738	-0.2050268409	0.0910082755	0.0954318219	-0.0007264399	-0.0701193401	-0.4050218288	-0.2079767507	-0.1025589404	-0.1836761678	0.0153068299	0.0076562181	-0.1531749871	-0.0297486569	0.0455540434	0.0103543148	0.0274462065	-0.0328154853	0.0506556303	0.0497890999	0.0041952388	0.0403781093	-0.057294759	0.0781837758	0.1151546957	-0.0716882077	0.0163349692	0.1252776814	-0.0126441184	0.0074930374	-0.0838840335	0.0726002279	-0.0131458227	0.0581333422	0.0240448451	0.0564816866	0.0649480674	0.0888351325	-0.0135288767	-0.0590664877	0.0230457331	-0.0446021075	-0.08946801	-0.1544748548	-0.1311558289	-0.0614096514	0.1091446904	0.0396498984	0.005673654	0.078060248	0.0062089859	-0.0616196991	0.0661598577	-0.0428301068	-0.0845478427	-0.1410441058	0.0483042012	0.032460248	0.0922555116	-0.1193920914	-0.0114285537	-0.041288327	0.1377485263	-0.2654435436	0.0917384903	-0.0602363024	-0.0607300558	0.0872573743	-0.2641453753	-0.1685352651	0.1735305128	0.0214176016	-0.1320561681	-0.1200434841	0.0213084336	-0.0522213414	0.2464253636	0.086157972	0.0556950702	0.085865461	0.0331113845	-0.032221499	-0.0853136375	0.0	0.0	-0.0089413234110224	-0.0974049389830184	7.994726434049723e-05	0.0094877221382855	0.1180825890318004	0.0110218812573349	0.0001214818664507	0.013943497832453	0.0282107921373295	0.0624347257290195	0.0038980949768578	0.0007958487930156	-0.003807970774853	-0.0003831825094226	1.4500641422134557e-05	1.468288355274775e-07	-0.00258200056848	-0.0002769428123098	6.666726935631044e-06	7.669732129006123e-08	0.0031391065319413	-9.796610741669978e-05	9.853989818876536e-06	9.597358202380361e-09	0.0	0.0
58.57575957932319	0.0219581311590459	3431.1196102946724	0.0004821595239978	65.2381712275731	-0.0344078175926512	0.0011838979114891	4256.018985118148	58.56521246669212	-0.195720810657761	3429.8841112687896	0.0383066357245311	62.29282223300353	51.080644404137885	1.273014	40.653431	0.516234760488691	0.2948156951524679	0.021312239	-0.0553122496	0.0813603108	-0.0550853472	0.0875103867	-0.0538412034	0.0883391615	-0.0540463346	-0.0710109799	0.0374150862	0.0494424739	-0.0034790891	-0.0343896407	-0.1835418026	0.0295274171	-0.0815932088	-0.0855139474	0.0691101499	0.1559444147	0.0619417396	-0.0082733729	-0.1002488534	0.0029482513	0.1139086288	-0.0384904198	0.0530280232	0.0221329747	-0.0853522101	0.0700383925	0.1096687951	0.0227343197	0.0872442709	-0.0197028412	0.0683434456	0.0799011056	0.0333658352	-0.1242522182	0.0557091777	0.1330534663	-0.0209011969	0.0677438271	-0.0233630532	0.0639381264	0.0327681663	0.123612048	-0.0326069663	0.0172223363	-0.0602288051	0.0820523148	-0.0324200626	0.0542826718	-0.089255455	0.0064576437	-0.0090653263	0.0255922541	-0.1390228446	0.051664736	-0.1102617165	0.0072147781	-0.0742070843	0.0705270551	-0.0232295935	-0.1147653397	0.0156125429	-0.0977755309	-0.0985680106	0.0046230415	-0.0570780702	0.0473728845	-0.1075102482	0.0496491249	-0.0970840609	0.0269466821	-0.0198310231	-0.0276689733	-0.0503956554	0.1079820845	-0.0319454092	-0.0226484477	0.1068957955	-0.042954117	-0.005388807	-0.0298323976	0.0006310318	-0.0812912068	-0.0983427009	0.1367995828	0.0470573313	-0.0698953155	-0.0437300861	0.1057411745	0.0319080008	-0.0501765585	-0.0409441295	0.0578972263	0.014924861	0.0931453864	0.0442720519	-0.0113707863	0.0529240051	0.0657807162	0.0756284882	-0.0674194612	-0.1403593946	0.0667352911	-0.0285996615	0.1183247109	-0.0009178852	-0.177122478	-0.1575834029	0.2691256245	-0.0748862041	-0.2137526136	0.0042367189	-0.0684467974	-0.0057873221	-0.0452798612	0.1327404299	-0.0445783066	0.1150413031	0.1437827268	0.064333406	0.1316330732	0.100394775	-0.1222527483	-0.0385198338	-0.1115216626	0.199161501	0.1350231447	-0.1048827226	0.0660983636	-0.0278339251	-0.1665196474	-0.028430831	0.1047291771	0.0730260402	-0.0490558211	0.0676763698	0.0829979104	0.0684364504	-0.1013402084	-0.0032361963	0.2521634925	-0.0776597229	-0.0107968728	0.0858029482	-0.0010396746	-0.0241146003	0.0448711505	0.0100185099	-0.0782294958	-0.0504228291	-0.0107648628	-0.0794353472	-0.0340421484	0.0854709913	0.0638312898	0.0584167488	-0.07136335	0.1287906918	-0.0245003825	0.0046947593	-0.0260502008	-0.0754153015	-0.02779172	0.0245786502	0.0893169515	-0.086466226	-0.0562526216	0.0311785852	-0.0759290858	0.0530576883	-0.0518274687	0.0745863776	-0.0080134564	0.072364358	-0.0567337673	-0.1005106647	0.1536452308	-0.0273145108	0.0368227295	0.007210652	-0.0840182572	0.06696	-0.1684807972	-0.103694371	-0.0981735896	-0.0325700199	-0.0246574602	0.0604302431	-0.0299396452	-0.0822297112	0.0712560199	-0.0920238442	-0.120521074	0.031434531	-0.0621169779	0.0159246419	0.0294595456	0.0847551701	0.0295370653	-0.037520755	-0.0895386565	0.0	0.0	0.0734585976472743	0.0823999210582967	0.0053961655683041	0.0067897469904135	0.1159781019964469	-0.0021044870353535	4.428865681970964e-06	0.0134509201426982	-0.1619520266684162	-0.1901628188057457	0.0361618976561468	0.0262284589420073	-0.0003441295409384	0.0034638412339146	1.1842514094647395e-07	1.199819609376702e-05	-0.0016201156056931	0.0009618849627869	2.62477457581032e-06	9.252226816355564e-07	0.0035447310070257	0.0004056244750844	1.2565117912169434e-05	1.645312147874951e-07	0.0	1.0
58.47935663180394	-0.0964029475192518	3419.835152069711	0.0092935282903996	65.03946169167445	-0.1987095358986579	0.03948547965706	4230.131577142788	58.57487476523553	0.0096622985434109	3431.0159537630257	9.33600131420012e-05	62.17343035962694	51.67463377750281	1.173201	37.465939	0.2001129456470819	0.1135811550041063	-0.0185468495	-0.1204524995	-0.1184250985	0.0880966629	0.0314237658	-0.0721107055	-0.1303664302	-0.0314595754	0.0232478726	-0.1263422381	0.1408351626	-0.1916123625	0.050373869	-0.0157482497	0.0178333954	-0.089695905	-0.1016692086	-0.0906172506	0.0170580563	0.0359085039	0.0163233393	0.0655176395	-0.0694534409	-0.0200619798	-0.1797981809	-0.0381601894	0.0284701436	0.0501656492	-0.0688933164	0.0077034229	0.1932226048	0.0034016037	0.0564608982	-0.1639047191	0.0034072657	0.0065872101	0.0266667193	-0.0631053403	0.0158923148	0.0581782225	-0.0118163022	-0.0342756245	0.1296211151	-0.02271144	0.0466646082	0.0409479361	-0.1376010045	0.0691451166	-0.0633393027	-0.050800666	0.0431192084	-0.0426706135	-0.002097095	0.0624384387	0.0126510452	0.0407908601	-0.0297486021	0.0439149286	0.0450565168	-0.0492191438	0.0345654555	0.0040800531	-0.0373947777	0.1031255904	0.1336947473	-0.0165140429	-0.1055081697	0.0578608221	0.0175421783	0.0116857456	0.1248448885	-0.1138496243	-0.1382702846	-0.101449978	-0.03182582	-0.0775422619	0.0559146642	0.0927558189	-0.1332009461	-0.0472059292	-0.0010645195	-0.0246954542	-0.0814396832	-0.0231127383	-0.0001101292	-0.0810324486	-0.0838823587	0.0113590615	0.0064381522	0.073861592	0.1680838816	0.064816421	-0.0096082429	-0.0270580095	0.0751653135	0.0042750697	0.0020588838	0.099759413	-0.0285135125	0.1120079911	0.0150517741	0.1292734588	-0.0007530563	-0.0917687226	-0.0808959431	0.0123396003	0.0120671977	-0.0978603176	-0.0333054858	-0.181873328	0.0854500766	-0.0329168274	0.0834775302	0.0063000654	0.0527050526	0.0198545853	0.0618273274	0.0767017072	-0.0258974518	-0.0178807013	-0.060797912	-0.0464053688	-0.0141810407	-0.0551022633	0.0820597709	0.1150442168	0.0367353463	0.0502275787	0.0269191664	-0.0773397154	-0.021726015	0.0208959015	-0.084690811	0.0067264417	0.0321978252	0.0946100602	-0.0531495112	-0.1213361659	0.139320719	-0.0604081639	0.0424150217	-0.0187152567	-0.0316636568	0.222821702	-0.0792489016	0.1055933496	-0.10517353	-0.0512467087	-0.0667221815	0.0083558395	0.0592330819	-0.0569273281	-0.0447366038	-0.0275658351	-0.0912493653	-0.0343348299	0.0694867404	-0.0344226419	-0.1253661685	0.1866197152	0.0365170451	0.1763433201	0.0996628077	0.0725830445	-0.0602520261	0.0561183439	-0.1936983442	0.0453495379	-0.1284534646	-0.1323385549	-0.1399624894	0.1108547303	0.1163769124	-0.0922058374	-0.0742565984	0.0035140861	0.0427405835	-0.1330083222	0.0274474333	-0.0068106417	0.0866881097	-0.1133515729	0.1477464617	-0.0359170065	-0.0659936455	-0.0066490672	0.1134061617	-0.0693970694	0.0433829399	0.1011431685	-0.0530837195	-0.1041248312	0.0870724518	-0.0719905131	0.0180485014	-0.1083946282	-0.1463883506	-0.0178683083	0.1143885768	0.0836184785	0.0259259465	-0.0427148457	-0.0933175984	0.0	0.0	0.1126651558972469	0.0392065582499726	0.0126934373533509	0.0015371542098084	0.1132712022956212	-0.0027068997008257	7.3273059903302734e-06	0.0128303652694955	-0.1127541675256225	0.0491978591427937	0.0024204293442341	0.0127135022943961	-0.0020043614909073	-0.0016602319499689	4.017464986232135e-06	2.7563701276975364e-06	-0.0015690299736581	5.108563203499984e-05	2.4618550582375384e-06	2.609741800415401e-09	0.0040134459960916	0.0004687149890658	1.6107748763543694e-05	2.1969374097504654e-07	0.0	0.0
58.209533316396666	-0.2698233154072724	3388.349768912693	0.0728046215373724	64.75149765854361	-0.2879640331308337	0.0829232843769759	4192.756449024379	58.51744869012424	-0.0574260751112873	3424.291801201324	0.0032977541026872	61.9902548173545	51.31720381211012	1.036754	33.108536	0.047051708139674	0.0329013671894424	0.0653469769	-0.0424911705	-0.0486012306	0.1170266139	-0.0012995353	0.0460188452	-0.1057654336	0.0409133466	0.0502226615	-0.0767764025	0.097106827	-0.0084509018	0.0803516795	0.0284969202	-0.0726595766	0.0137890599	-0.0193183373	-0.1294696998	-0.1020652051	0.1031160886	-0.0421740787	-0.0985453852	-0.0901688467	-0.0408442375	-0.1045069589	0.0406718014	0.0874246671	0.014574071	-0.0787155221	-0.0113903784	-0.051040198	0.079401545	-0.0780254644	0.0235864905	0.1691874342	-0.0707054704	0.0052137939	-0.219313849	0.0754010849	0.1310562862	-0.0122793089	0.0093763756	-0.0363889481	-0.038945302	0.0424137406	0.1662392408	0.0618955303	-0.0940279955	-0.0828124018	0.0055024979	0.0728772129	-0.0014284156	-0.0474690363	0.0200454312	-0.1373783992	0.1365183659	-0.1176157286	-0.099392137	-0.0711740362	0.1082344012	0.0833806808	0.0642735502	0.0173474584	-0.1293910339	0.0018125514	-0.014606247	0.0334184802	0.0469804932	-0.1274620426	0.1322694489	0.1241925692	-0.0436987975	0.0573447746	0.0144223927	-0.0469343075	0.0165741779	0.0020953543	-0.0683494844	0.0300952942	0.1071875348	-0.0156116648	-0.099006292	0.0569278817	-0.0541111829	-0.1268635609	-0.0301099629	0.0836026968	-0.1391712238	0.0464231303	0.0383321194	-0.1317861055	0.1473643508	0.0695522746	0.0326111308	-0.025790622	0.0452004665	-0.0681695712	-0.0702888013	-0.0129599138	0.0009956057	-0.0067294769	0.1084290725	0.1490010908	-0.0288016457	0.1226229014	0.098714144	-0.0115855725	-0.1324986667	-0.0658216793	-0.0486358724	0.0365189551	0.036453591	0.1179728303	0.0345629859	0.0582001634	0.0304323617	0.1111693568	0.0435549045	0.0184503449	-0.0369810738	-0.067298793	-0.0288215515	0.1113914196	-0.0471343184	0.0048644092	0.0736705469	0.0999374256	0.0087897716	0.0855551876	-0.0942789747	0.1108272448	-0.0065985949	-0.0403930258	0.0084381496	0.0602672359	0.0197328807	0.0601304181	0.0181177906	0.0356669651	0.1679247732	0.0589302007	0.019018965	0.1373243979	0.0927442999	-0.0041532712	-0.1480533997	0.1606346473	0.0641285949	0.0110128891	-0.0504066185	0.0544595857	-0.1139758507	0.1465836135	0.0300731398	0.170885771	-0.0343409741	-0.0326920124	0.0011564055	0.0074714709	0.0880268651	-0.0601254329	-0.0191399782	0.0901688273	0.0369258746	0.0409420235	-0.0823493123	-0.0802639917	-0.0986888436	0.0671015506	-0.047856474	-0.1044439145	-0.0097249171	-0.0725024933	0.0065373128	0.1024172251	0.0377041757	0.0893379331	-0.0839337301	-0.0310850648	-0.0192440852	0.1208866555	-0.1150442886	0.0779552095	-0.0217194307	0.031767548	0.0145839612	0.0638068747	0.0452633429	0.0835203169	0.0725956618	-0.0425537774	-0.0242334203	0.0568834562	-0.030654015	0.0601317178	0.0168885232	-0.194415818	0.0340820512	0.123436714	0.0824557403	0.0222825273	-0.0477892128	-0.0966316368	0.0	0.0	0.111226694560429	-0.0014384613368179	0.0123713775828389	2.0691710175199654e-06	0.1298377719398473	0.0165665696442261	0.0002744512297769	0.0168578470223038	-0.1126066306184725	0.00014753690715	2.176713897139113e-08	0.0126802532592451	-0.0015042032056203	0.000500158285287	2.2626272837983867e-06	2.5015831034123217e-07	-0.0016460269530924	-7.69969794342999e-05	2.70940473030665e-06	5.928534842006003e-09	0.0040142735363999	8.275403082999566e-07	1.6114392025040558e-05	6.848229618611874e-13	0.0	0.0
58.0781123539042	-0.1314209624924629	3373.06713459272	0.0172714693824453	64.87416671457031	0.1226690560266945	0.0150476973064803	4208.657506909862	58.65438568644897	0.136936996324728	3440.336960254709	0.0187517409624385	61.99587411280652	50.78073529152326	0.964585	30.803822	0.082441851294892	0.0459980351168756	0.0852289568	-0.0228245301	-0.095595978	0.1126612015	-0.0615783817	0.0437435062	-0.0173143999	0.0200019606	0.0708446553	-0.066036574	0.0838701185	0.0314997402	0.0571696756	-0.0923913747	0.0413407519	0.0723714487	-0.0234569702	0.0071584739	-0.0651852061	-0.0865066917	-0.0892828552	0.1380490859	-0.2061880683	0.0394630229	-0.1074256447	-0.1359150221	0.1330204798	0.0121106566	-0.0811543763	0.0709197519	0.0779015125	0.0331867914	0.0120475904	0.0763092371	0.0042050153	-0.0257648653	-0.0177499292	0.1132448363	0.1878583681	-0.0088450251	-0.0454502808	0.0246422918	-0.1034065688	-0.0936098506	-0.0698309314	0.1919188485	0.1675353085	-0.0139704474	-0.1067631912	0.0703874529	0.0968247045	-0.00397901	-0.0395932479	0.0501734133	0.0390080068	-0.1016315907	0.0792012029	-0.0759228367	-0.1506312563	0.0388787558	-0.0298406507	0.0410349876	-0.1293101677	-0.0128265224	0.0004031305	-0.0281288195	0.0090649041	0.0894005835	-0.0242011675	0.0558438018	-0.0814453579	-0.1647372032	-0.1442867002	-0.0148923911	0.0954909106	0.0547795564	0.0009418379	0.0981603933	0.0090690715	0.001890099	0.0413238379	-0.0648991132	-0.0825625002	0.1372463195	0.1202923381	-0.0651249427	0.0614564123	0.01012252	-0.0273038738	-0.0344725581	0.0100365397	0.0078005426	0.0037092627	0.0786982475	0.0825066259	0.1013392906	-0.0865484038	0.003776565	0.036717715	-0.074300336	-0.0877874077	0.0629524751	-0.0175064735	-0.0318343042	0.0646141534	0.1285976934	-0.048785274	-0.1932549738	-0.0363716675	-0.0029495768	0.0390340756	0.1232995734	0.0931217012	-0.0539694355	-0.0651636712	0.0926420206	0.0817472154	-0.079482232	0.0250664064	-0.0369685185	0.0813998297	0.0370973685	0.0306539672	-0.1983803522	-0.0178064191	0.1569929364	-0.0224397091	-0.1567105374	-0.0177453048	-0.0844404163	0.1452155256	0.0528012429	0.1838578887	0.0032159708	-0.0403437411	-0.0487243801	-0.0043432327	0.0002814881	0.0054766299	-0.1057484716	0.0052514339	-0.1582063305	0.109425653	-0.1336950812	0.0418139254	-0.0219091095	-0.0862397286	-0.0197038334	0.0432583596	0.0080610244	-0.0029385965	-0.0827420678	-0.0185631772	0.0167552053	0.1271295931	-0.0430974546	-0.0683390112	-0.0635559756	-0.0488079243	-0.0053285931	0.0029326098	-0.1042289015	-0.0207162624	-0.0261122175	0.0235555723	0.0710636703	0.0907557983	-0.0806471972	0.0055792793	0.0167345965	0.0228897016	0.052539915	-0.0788909769	0.0546302445	0.0047337681	0.021268864	0.1319253563	-0.0710712138	0.0821809645	-0.0361611249	0.0114283455	-0.1213202706	0.0069427702	-0.019615485	0.0810352772	0.0083115904	0.1098118945	-0.1345290303	0.0007729655	0.1701933789	0.0436663413	-0.0782369262	0.1270943562	-0.0255168377	-0.0264319397	0.1744012203	-0.1680235646	-0.0792628143	-0.0721599066	0.0812673177	0.0186113467	-0.0527296337	-0.0994642612	0.0	0.0	0.0898233693386885	-0.0214033252217405	0.0080682376793544	0.0004581023305475	0.1300102288142994	0.0001724568744521	2.97413735457906e-08	0.0169026595963464	-0.0848440559938481	0.0277625746246243	0.0007707605497878	0.0071985138374872	-0.0020040319518683	-0.000499828746248	4.016144064109069e-06	2.4982877557584774e-07	-0.0014840298077896	0.0001619971453028	2.202344470408037e-06	2.6243075086256518e-08	0.0040140295364692	-2.4399993069947057e-07	1.6112433119647143e-05	5.953596618134645e-14	0.0	0.0
58.00574939717616	-0.0723629567280426	3364.6669631280024	0.0052363975064245	64.69539835068164	-0.1787683638886648	0.03195812792743	4185.494567753381	58.82467199745347	0.1702863110045029	3460.3420356079864	0.0289974277155223	61.98037295346849	50.01159261545657	1.006248	32.134335	0.0555470782722648	0.035376198253071	0.119753421	0.0784107798	-0.0601649376	0.0666922639	-0.0490073028	0.1211735523	0.0277540081	0.0503514588	0.090938183	-0.0700909071	0.0706363797	0.0316059703	-0.0504939489	-0.0123643116	-0.0200884996	0.1419689289	-0.0671075609	-0.0078014273	-0.0013498071	-0.0205973273	0.1545147213	-0.0149821242	-0.0350869824	-0.0767545134	0.0927166867	-0.026606026	0.0014026578	0.0417290591	0.0828363975	0.0003068296	0.1096514601	-0.1253937217	-0.0053381337	0.0103889201	0.1301089332	-0.158059046	0.0445009046	0.0587367142	0.1167294337	0.0897107934	0.0517287508	-0.0062797614	0.0702866051	-0.0155336806	-0.1705319164	0.1056018754	0.0002067795	0.0719606918	0.0328433855	-0.1311275296	0.0994851439	0.0240480672	-0.0745638907	0.0870788658	-0.0006837016	-0.0145809602	0.0268866283	-0.0017904194	0.0476954379	0.029571453	0.0390897726	0.0062956188	-0.0398448276	-0.0049597095	-0.0440878647	0.0715789733	0.1802701274	0.0380479587	-0.0166825615	0.0338400141	-0.0420760669	-0.0833839109	0.0981184766	-0.02305913	-0.0183344747	0.0790438187	0.049657337	0.0119768509	-0.0246729589	-0.2167603316	-0.0859773696	-0.0866795893	0.024239642	-0.0432872709	0.0972715672	-0.022075014	0.0320761072	-0.0775546444	0.0585622038	0.0765571835	-0.0022187495	-0.028704503	0.0303015121	-0.1948022964	0.0808586443	0.0802369154	0.0923650334	-0.027881455	0.0552959169	0.058092559	-0.0006101881	-0.0954774556	0.0795455493	0.01959768	-0.0180316472	0.1360985949	-0.0852091802	-0.1034244348	0.0091655077	-0.0034997198	0.0862499137	0.0056935244	0.127403683	-0.0808229699	-0.0716947155	-0.086345626	-0.0850270039	-0.0573768827	0.1085531168	0.0976615377	0.0835435139	0.0506329347	-0.0265130813	-0.1778938752	-0.0936193611	-0.0261133614	-0.0025297412	0.0223093517	-0.0810184243	0.1222647581	0.1336789906	0.1270098186	0.0524387429	0.1079525582	-0.0199772481	0.0017165625	-0.0210617283	-0.0023816993	0.0313521828	-0.0758402708	-0.0041388224	0.1032438282	-0.0166012302	0.0209703277	0.1383362249	0.0684345124	-0.0490659746	-0.0954318318	-0.0665281643	0.0512232399	0.0278622769	0.1290620895	-0.0408803141	-0.0713352967	-0.0003099403	0.0768737553	-0.0637496488	0.1839361436	0.1313216682	0.0168025297	-0.0350441714	0.0065170184	0.0542278032	-0.0549946397	-0.0093271797	0.0651624751	-0.0161337017	0.0483957217	-0.1032038837	-0.0094529731	-0.1850471621	0.0184564286	0.0533788461	0.022149757	-0.0017053077	0.0270408042	0.1621113101	-0.0736083044	0.0014108761	0.0288347786	0.0871871043	-0.0126843203	-0.0524468388	-0.0186203547	0.1153690205	0.0274137178	0.0405229794	0.0165482074	0.0784077333	0.0390950942	0.092200557	-0.0042848891	-0.0048524959	-0.0702535153	0.0228147838	0.0418051648	-0.0776380393	0.0812524909	-0.0626564743	0.080053581	0.0149169788	-0.057522261	-0.1018013597	0.0	0.0	0.1221239728191818	0.0323006034804933	0.0149142647371402	0.001043328985204	0.1363336040883211	0.0063233752740216	3.998507485610884e-05	0.018586851603711	-0.0732397298082432	0.0116043261856049	0.0001346603862219	0.0053640580223844	-0.0019040194859539	0.0001000124659144	3.6252902028921536e-06	1.0002493338279058e-08	-0.0014903291864662	-6.299378676600034e-06	2.2210810840330057e-06	3.9682171711203194e-11	0.0040140931585211	6.362205189937299e-08	1.6112943885285898e-05	4.047765487886509e-15	0.0	0.0
58.09012519437947	0.0843757972033074	3374.46264509868	0.0071192751536936	64.45930323010971	-0.2360951205719317	0.0557409059578749	4155.001772911232	58.79208987361395	-0.0325821238395178	3456.5098317071	0.0010615947938936	62.05350203315293	50.12725643066816	1.030992	32.924507	0.1237782605725363	0.0697862303962443	0.0757863221	0.1083139769	-0.0469856944	0.0160688682	-0.0601284059	-0.0309580518	0.0268534579	0.1067209604	0.0745271095	0.0438045812	-0.0557964874	-0.0055591393	0.1007380218	0.0269211455	-0.0269672178	0.1628845397	-0.1705045219	-0.0024055729	0.0472968684	-0.0980530319	-0.1241214598	-0.0416415255	0.0294077249	0.0509283524	0.1206721503	-0.070518906	0.003084583	-0.0249195779	-0.0229864888	-0.0575611282	-0.0268236588	-0.0530729259	-0.0159456756	0.0442221219	0.0541283135	-0.0715144263	-0.0190133535	0.1347337994	-0.0426701163	-0.0849909109	0.0002681715	-0.0580923693	0.0737776435	-0.020509165	-0.1392788625	0.0157214007	-0.0127147078	0.0916461956	0.0209822639	-0.0451538423	-0.0797344124	-0.0100344216	0.1129849021	-0.0859312127	-0.0030387205	-0.0834945677	-0.1194569068	0.0152483968	0.0334026106	-0.1168548747	0.0305974062	-0.1059263556	0.0010346853	0.0186713769	0.0736573444	-0.025589417	0.1279001959	0.0669637044	-0.0075935648	-0.0391317279	0.1257782632	0.0279220761	-0.1169988477	-0.0207728475	0.0374400883	-0.1064580208	0.0357488944	0.0576034182	0.039158885	-0.1641585503	0.0568576633	0.0688837965	-0.0531684765	-0.0105427696	-0.1281541281	0.0123703386	-0.0853034578	0.0091731841	0.0936975759	-0.0469598279	0.0257453303	-0.0951355421	-0.0628190397	-0.0312570912	-0.1057567341	0.0726437219	-0.1265549499	-0.0169005556	0.0755739738	-0.0263373108	-0.0816609929	0.0222110162	-0.0884985774	-0.0269084403	0.0376800649	0.0856799644	-0.0847191764	0.0085942256	0.0672693263	0.0128424242	0.0515649423	0.0652154769	0.0291978692	0.1103884163	-0.100010257	-0.0668964285	-0.161360491	-0.0951798801	0.073594266	0.0325078327	0.0332678434	0.0013877456	0.0095768638	-0.0113245576	-0.0629847611	-0.2521497317	-0.1160108731	-0.0670323168	-0.1116169552	0.0922115651	-0.1095707996	0.0880706134	0.1308207986	0.0288617614	0.0755502142	0.0541716885	-0.0096261979	0.052880023	-0.0215058954	0.0997497161	-0.0778616472	-0.0256656172	-0.0007567728	0.0947627375	-0.1720006594	0.050311947	0.2294568897	0.0004684714	0.015834817	-0.1237404979	0.1181220309	-0.0393112854	-0.0799679378	0.0377600954	-0.0207311167	-0.0625051924	0.0645805918	0.0576512365	0.0132401922	0.034900014	0.1506522252	0.0328149386	0.084680383	0.0716898312	0.1083900283	0.151833609	-0.0071963154	-0.0123697577	-0.1049797805	-0.0525731445	0.0458508484	0.0425420134	0.0344130456	0.0146098662	0.0067616914	-0.0165308448	0.1017817661	0.0069007233	0.0206525516	-0.026688594	0.0391879035	0.0459443992	0.0233150243	-0.102221796	0.2396387723	-0.0407417228	-0.0478994245	-0.0682579526	-0.0557947961	0.0691626449	0.0032492451	-0.0129963268	-0.0328708084	-0.0241443788	0.0019730972	-0.0398077475	0.0418789077	0.0117754578	0.1666623038	0.078814908	0.0112040262	-0.0621536617	-0.1036312889	0.0	0.0	0.0858970321252456	-0.0362269406939362	0.0073783001279254	0.0013123912320419	0.1150409315040548	-0.0212926725842663	0.0004533779057807	0.0132344159213206	-0.0724179623818344	0.0008217674264087	6.753017031065395e-07	0.0052443612755367	-0.0020451871363353	-0.0001411676503814	4.182790422631386e-06	1.992830551420524e-08	-0.0026551163688421	-0.0011647871823759	7.049642932093258e-06	1.356729180227188e-06	0.0040113103939199	-2.782764601199847e-06	1.6090611076369824e-05	7.743778825690943e-12	0.0	0.0
58.336160364957074	0.2460351705776062	3403.1076061259887	0.0605333051611518	64.75889151151326	0.299588281403544	0.089753138354329	4193.714029799943	58.74529331438298	-0.0467965592309767	3451.009486592889	0.0021899179558583	62.22358865673035	49.58770691542637	1.106872	35.347721	0.2185756352943299	0.1234075054211298	0.0934612097	0.0741463908	0.0463916334	0.0193527521	-0.0680162864	0.0924402861	0.0452856213	0.0445298903	0.0025046728	-0.0265710195	0.0892807715	0.0427288461	0.0183163751	-0.0693872261	-0.0853087068	-0.0184399014	-0.0235399275	-0.0460338403	0.0644990492	-0.0270566087	0.0369442503	0.0186518663	-0.0271395243	-0.1167335119	0.0746741349	-0.1265538837	-0.089180126	-0.020944349	-0.030279738	-0.1902823828	-0.1193301307	0.0491793326	0.0187280606	-0.0026631761	0.0360484684	0.0376565183	-0.0614578877	-0.0038516468	0.019329228	-0.1437089375	-0.0989828381	0.0452572519	0.1968086103	-0.0276855174	0.0146725422	-0.0402175118	0.1342740907	-0.0078092302	-0.0198974657	0.059489593	0.0972721933	0.038631732	0.0497560974	-0.0762526092	0.1092623689	0.0331076259	-0.0721673115	0.0055498019	0.0339517741	0.0857830067	0.0989385434	-0.0232078746	-0.0521497113	-0.0610699144	0.0481874003	-0.027141183	0.0629239361	0.0050577684	0.0298583017	-0.152908862	-0.1935377859	-0.0918739254	0.105998358	0.0442238225	-0.0654798569	-0.0097865437	-0.021693303	-0.0240532702	0.0613005575	0.0091802628	-0.0917177565	0.1905996205	0.0379637809	0.0298805747	0.0844854267	0.0251390869	-0.0384823298	0.0031117682	-0.0136188132	-0.0455811886	0.0123183786	-0.0088581155	0.0531869712	0.0318259942	-0.0273484671	-0.1592062986	-0.1266232167	-0.0147250754	-0.0325082097	-0.0474595224	0.0001960565	-0.0331437949	0.017755898	-0.0084120245	0.1269106964	0.019661938	0.0463710728	-0.0023635428	-0.0466486581	-0.0293352187	0.0714152058	-0.1270154988	0.0392869384	0.012248166	-0.0333069764	0.0143620544	-0.1073139091	0.0529010343	0.0092358748	0.1208093012	0.2083941051	0.0965798039	0.0125585673	0.0562465452	0.0362893919	0.0022618795	-0.0846330321	0.0892429179	0.059001671	0.1031648845	0.0113459408	0.0304392016	0.0796349227	0.234904924	-0.0162760228	-0.0746046334	-0.088244181	-0.0676819808	-0.0173936804	-0.0573482177	-0.0381195136	-0.0541855857	-0.0195815214	0.0204771082	-0.0066242917	-0.041559573	-0.1195686862	0.1200142635	-0.1095717375	-0.0431997444	0.0355381303	0.0775587852	0.0838151569	0.031999883	0.0751487368	-0.1090014163	-0.0929179168	-0.0632265487	0.0185703953	-0.0463180622	-0.0383992763	-0.1508818293	-0.2656104639	0.1174278331	0.0256687881	-0.060987349	-0.0963594122	-0.0756182508	-0.0670873077	0.0022466986	-0.0442943201	-0.0613213761	0.0818969434	-0.0654822039	-0.0106976852	0.0631335085	0.0603708626	-0.0610621785	0.0415406803	0.069584151	0.0041220606	-0.0440103916	-0.0554177921	0.0683720753	0.1003121753	-0.0434409536	-0.0806700866	-0.0165604112	0.0269054696	-0.0463304153	-0.050976189	-0.1609715337	-0.0672893622	-0.0190218156	-0.0021544178	-0.0694280116	-0.0373996986	0.0843764246	-0.0552630531	0.0775516848	0.0074771147	-0.0666108546	-0.1049449322	0.0	0.0	0.1385939327728493	0.0526969006476036	0.019208278201445	0.0027769633378634	0.125729358944838	0.0106884274407832	0.0001142424811568	0.0158078717006799	-0.1414994700192124	-0.069081507637378	0.0047722546974531	0.0200221000157179	-0.0005643704891711	0.0014808166471642	3.185140490472268e-07	2.192817942518623e-06	-0.0026517167803024	3.399588539699898e-06	7.031601882937327e-06	1.1557202239258884e-11	0.0042492701495873	0.0002379597556674	1.805629680417368e-05	5.6624845317288926e-08	0.0	0.0
58.085681099087	-0.2504792658700765	3373.9463487448324	0.0627398626308124	64.4492831560051	-0.3096083555081605	0.0958573338004675	4153.710099322922	58.4091943687315	-0.3360989456514787	3411.6339868042555	0.1129625012680356	61.9562011620716	49.84317949185005	1.111924	35.509064	0.1089904538325676	0.0633045840684392	0.08866353	-0.0281546639	-0.0313727678	-0.0844691355	0.0914432453	-0.0851066361	0.0369754766	0.101141213	-0.1048541006	0.0550300129	-0.0107525933	0.0215910822	-0.0291266013	0.0814009352	-0.0524624954	-0.1079772734	-0.0784692543	0.0743929735	0.0310197948	-0.0907356466	-0.0102563887	0.1259672685	0.0852786721	-0.1330637493	-0.1087106217	-0.0168096388	0.0509978276	0.0036969544	0.0075550085	-0.0177929585	0.14182829	0.0647336999	0.0026822518	-0.0789282388	0.1350789898	0.0366058848	-0.0209429008	-0.1391632095	-0.0079872538	-0.1314359005	0.114288123	-0.0564039657	0.0261870473	-0.0208462088	0.1904109769	0.1248058409	-0.2078402492	0.1109472573	0.2661289449	-0.053457659	0.0196784843	-0.0830894179	0.0756788256	-0.0709417868	0.0565750151	0.0932676508	0.0397499845	0.0005365142	0.0691115127	-0.0592303872	-0.0043467795	-0.0379658564	-0.041684488	0.0642083682	-0.0695149473	0.037337752	-0.0135107484	0.0056521222	0.0389998758	0.1317451398	-0.0715305652	0.0259236568	-0.071652144	0.160531154	0.0674101962	0.068741405	-0.046158743	0.0138407498	0.0632406348	0.0549365201	-0.0894054964	0.0289175296	-0.0359841064	0.0640146259	-0.0504545131	0.0341794189	0.134186509	-0.0704764536	0.1097430617	0.0392569605	-0.0697736329	-0.0715112522	-0.0292748334	0.0242917864	0.0352082227	-0.0024458674	-0.0484601512	-0.0281791394	-0.0153173507	-0.0186076131	-0.0071792212	0.01606709	0.0431075905	-0.002439016	0.0458727018	0.0967727637	0.0417631205	0.1443652731	-0.082331596	-0.1044286578	0.0253562938	-0.0196404991	0.0109086742	-0.0351827657	0.1326510264	0.1074833942	-0.1521196511	0.0104737142	0.0629958653	-0.0529500117	0.0680117508	0.0571804583	-0.0028413618	0.2225449126	-0.1575711756	0.1061717308	0.1598299638	-0.0994163696	0.1647305405	-0.088078173	-0.0748238935	-0.0976698604	0.1653230266	-0.0567086469	0.0550854978	0.0788696757	0.0334239541	-0.2072441669	-0.1568883588	-0.0858229534	0.0218653761	0.0695994273	0.0528188732	0.1453046022	0.0518248534	0.0497196925	0.1591200849	0.0078614536	-0.1827837953	-0.0225153552	-0.0169718278	0.0965924363	0.0139013581	0.0786737856	-0.0072241298	-0.0286547508	-0.0893944949	0.0849001215	0.0717977618	-0.1183848746	-0.0836138713	0.1333393188	-0.015736461	0.0001228424	-0.0863979885	-0.0854696023	0.1100880928	-0.0879081943	0.0199639009	-0.0703306338	0.0858047058	-0.0440301194	0.0372301507	0.0133437982	-0.0264193584	0.1333999271	0.0358124221	0.003681565	0.0940953393	0.2089937729	-0.127002638	-0.0044419378	0.0324649473	-0.0354280485	0.0011418207	-0.0907567798	0.0469611514	-0.0515795083	0.0165168126	0.0570944805	-0.0427359385	0.0829110386	0.1790152379	0.0650289395	-0.0792471217	-0.1295577027	-0.0776090016	0.1756424214	-0.1108841804	0.0762643048	0.0037408877	-0.0708813468	-0.1057357452	0.0	0.0	0.1382417367042165	-0.0003521960686327	0.0191107777669979	1.24042070760395e-07	0.1218664836826235	-0.0038628752622145	1.4921805291428755e-05	0.0148514398451671	-0.1398207240966371	0.0016787459225753	2.8181878725632058e-06	0.0195498348869079	-0.00010231833595	0.0004620521532211	1.0469041871577064e-08	2.1349219229625485e-07	-0.0018371869005211	0.0008145298797813	3.375255707446326e-06	6.634589250565393e-07	0.0034639194510068	-0.0007853506985805	1.199873796306325e-05	6.167757197608801e-07	0.0	0.0
58.126451942417646	0.0407708433306481	3378.684415414188	0.0016622616658922	64.46802532347994	0.0187421674748407	0.0003512688416549	4156.12628910885	58.39879951589745	-0.0103948528340467	3410.4197848979843	0.0001080529654414	62.01446774181743	49.93698008632882	1.096193	35.006699	0.2071387795710831	0.0981455786397346	0.0492264374	-0.093193801	-0.1070327819	-0.1198075502	-0.0607702785	0.0159887499	-0.0284591432	0.0980803359	-0.0709009915	0.0638141767	0.0177212111	-0.1664591084	-0.0196881737	-0.1278524609	-0.0327343296	0.0020771933	-0.0846103374	-0.0652737471	-0.0247224747	-0.0210028327	-0.1179121765	0.0495331114	0.0519266766	-0.0247553929	-0.0081516105	0.1645597973	0.0632366971	0.0659041095	-0.1801078496	0.1209543086	-0.0021700991	0.0379170649	0.0570417293	0.0972282738	-0.004697542	0.010204147	0.1240063094	-0.0214106998	0.0254273224	-0.0389595226	0.0852208792	-0.0259790914	-0.0312431577	0.0549473165	0.1885527643	-0.0042480479	-0.0714285642	-0.1240912715	-0.0165332523	0.2507316426	-0.0116545035	-0.0337461383	0.0064584143	0.1013582423	-0.0780219674	0.0303638014	-0.1218193464	-0.0755484878	-0.076511174	-0.1104105473	0.0336196665	-0.009646355	0.0635148435	0.2418055852	-0.031428108	-0.0500274809	0.0515789397	-0.0278755886	-0.1270693766	0.0437931005	-0.0253312718	-0.0318504249	-0.0351333348	0.0003971333	0.044441538	-0.0074693562	0.0107184471	0.076878355	0.0383441719	0.0509497769	0.0739007594	-0.0614218254	0.0322755153	0.0050173043	0.166884308	-0.0585705435	-0.1451856359	-0.0957831429	0.0842214909	0.1382691554	-0.0103478057	-0.0962750058	-0.1422557677	0.1443673258	0.0169009824	-0.0264061745	0.0915454665	-0.0015112091	0.1496568377	0.1997236263	0.0804742004	0.0001323934	-0.029058114	0.0014212568	-0.0100002638	0.0721510286	0.0037881395	0.0360490512	-0.0465153824	-0.1721745427	0.0672230938	0.018444084	0.1168704506	0.0634384821	-0.1772200728	-0.0573817991	0.0449757463	-0.0236058778	0.0149402093	-0.1512983275	-0.1256611868	-0.1078275502	-0.00556497	0.0885222492	0.1168355857	0.1481984933	-0.0322750572	0.0464969598	0.0088699084	0.0905131715	-0.0615979904	-0.089603615	0.0169738933	0.0488142418	-0.0841530431	0.1303913928	0.0012371921	-0.0898972895	-0.0737745696	-0.1436962323	-0.1576855082	0.0334515651	0.0180256985	0.130907234	-0.0166606075	-0.0128841177	-0.0700545116	-0.0856095888	0.1749145871	-0.0496431072	-0.105925404	0.0370831569	0.0515269086	-0.0536883123	-0.0574207012	0.0004821036	-0.0062575564	0.0168003111	-0.0515030636	-0.0892516183	0.0078751292	0.0196782004	-0.1229450873	0.0409414006	0.0567678298	-0.0688988572	-0.0697539208	0.0324954769	0.005984649	-0.0537988763	-0.0009291537	0.0636144213	-0.0494762382	0.2042006237	0.0716099869	0.0365721176	0.0730445604	-0.1391398103	-0.0110374755	-0.0641672097	-0.2170774515	0.0562554784	0.036233644	-0.0188173609	0.0379782586	0.1523512615	-0.190038159	-0.0125551	0.0317100433	0.0744140596	0.1477667567	-0.2447659479	0.2597802673	0.2348612224	-0.0499897432	0.0900395189	0.2442820348	-0.1717220563	0.0288973444	0.0749531689	0.0	-0.0749531689	-0.105999788	0.0	0.0	0.1219921486497668	-0.0162495880544496	0.0148820843321868	0.0002640491119393	0.0962962870545709	-0.0255701966280526	0.0006538349555972	0.0092729749004963	-0.1199186402948413	0.0199020838017957	0.0003960929396537	0.0143804802901635	-0.0013587306557538	-0.0012564123198038	1.846148994885152e-06	1.5785719173547663e-06	-0.002747872303729	-0.0009106854032079	7.550802197600922e-06	8.293479036159355e-07	0.0042051599497308	0.000741240498724	1.7683370202819944e-05	5.494374769486046e-07	0.0	0.0
58.37396220899454	0.2475102665768958	3407.519463977123	0.061261332060966	64.98085232300828	0.5128269995283432	0.2629915314452433	4222.51116862461	58.49042439425538	0.0916248783579263	3421.1297458201047	0.0083951183341047	62.2328544639422	50.29196900254363	1.03057	32.911045	0.1404045048796598	0.0793526773505324	0.0142698482	-0.0136690942	-0.0465085591	-0.1277347233	-0.0148191242	0.1108994345	0.0528748192	0.0030605215	-0.104455494	-0.0141819247	-0.0342774773	-0.1125838465	-0.1141075089	-0.2461264631	0.0590080131	-0.0010797675	-0.0007092888	-0.0289215456	0.0008583051	0.1273327463	-0.0014885323	-0.1204791319	0.0316892648	-0.0774879883	0.1129379393	-0.035748258	0.1501173833	0.0548210027	-0.0949884768	-0.0008438346	0.2112287732	0.0013173503	0.0384946457	0.0543944154	0.0828818918	0.0297692795	-0.1342964341	-0.1051017875	-0.017580295	0.0269485391	-0.0024045263	0.108370869	0.0403093488	0.0329414751	0.1694236631	0.0502333606	0.0990408612	-0.0796780047	0.0043866788	0.0468219689	-0.094439045	-0.0408096274	-0.0440984405	0.1547199247	0.0679478356	-0.0242078772	-0.0079993859	-0.0789553241	0.012237624	-0.0663969007	-0.0098147885	0.0777504041	0.0435436614	-0.0997129609	0.1134210395	-0.0706657536	-0.0043950659	0.1098811993	0.1360609506	-0.009245145	0.0761575764	0.0044107723	0.0064693325	-0.0447124531	0.0113064067	0.0112765242	0.0969483401	-0.0289980586	-0.0896980662	0.0233909404	-0.1510118809	-0.0962209571	-0.0852631498	0.0716837629	0.0650718191	-0.0524098035	-0.1740926452	0.0056135101	-0.0980747376	-0.0510071679	0.0560591211	0.0644815417	-0.0449978749	-0.024343301	-0.1225288079	0.0062659425	0.0150783564	0.0696256533	-0.0340532839	-0.0795575805	0.116788424	0.0027321229	-0.0771695334	-0.1100194882	0.0513309956	-0.0100762836	-0.0195483853	-0.0051168646	-0.1238301963	-0.0565602081	0.1827414203	-0.0387791813	0.0018686529	-0.0223885934	-0.1649364898	-0.0578326129	0.0040914795	0.0974093977	-0.0889558228	-0.2038863548	0.0181160836	-0.0446970013	0.0333741035	0.0314599506	0.1529150966	0.0931298835	0.0027705846	-0.0684286771	-0.0898384933	0.052138457	-0.0441419607	0.0278752442	-0.1281669422	0.0329604096	-0.041961901	-0.0281195521	0.0271328187	-0.0267372075	-0.1306618009	0.0585506355	-0.0186127944	-0.0558767502	-0.0499238156	-0.2552230653	-0.0559489776	0.0727832857	0.0119540256	-0.0905628659	-0.0877699755	-0.1300512965	0.151955771	0.0450969246	0.0063488013	0.0558499308	0.0296880287	-0.0574343311	0.0199895971	0.0298825368	0.02310503	-0.0527316503	-0.080481907	0.0871360884	0.0571569871	0.0076486226	0.0972876706	-0.0188907859	-0.0286619924	-0.0451497546	0.0402228547	0.0008479419	0.109585038	-0.0264935207	0.0577218667	-0.0631745674	-0.0051657145	-0.0327083952	0.08146026	-0.18430711	-0.0214003994	-0.1185972242	-0.1640250873	0.0221331616	-0.170388605	-0.072451551	-0.0829027006	0.0252582093	-0.1464205604	0.0099427014	-0.0333639392	-0.027108362	-0.0314037395	-0.1028212764	-0.0103402914	0.0244444562	0.0136750088	-0.0618569836	-0.0615815871	0.1116299745	-0.0920946879	0.0736186857	-0.0037408877	-0.078814908	-0.1057357452	0.0	0.0	0.1226398079027291	0.0006476592529622	0.0150405224824182	4.194625079476829e-07	0.10394759892975	0.0076513118751791	5.854257341125677e-05	0.0108051033232601	-0.1084547066463628	0.0114639336484785	0.0001314217746967	0.0117624233937486	-0.0026170210057824	-0.0012582903500285	6.848798944706324e-06	1.5832946049750963e-06	-0.0023970722598127	0.0003508000439162	5.745955418763565e-06	1.2306067081167796e-07	0.0050089015578467	0.0008037416081158	2.50890948161991e-05	6.460005726167327e-07	0.0	0.0
58.28311990105584	-0.0908423079387006	3396.922065400852	0.0082523249116297	64.6642259721736	-0.3166263508346816	0.1002522460428868	4181.4621205803305	58.57145793751389	0.0810335432585134	3430.615684925959	0.0065664351330293	62.10563515433805	50.353082736055335	1.156175	36.922226	0.4442736409349108	0.2448443055990689	0.0528655975	0.0103768931	0.0695904351	-0.0723497383	0.0937503198	-0.0226073147	0.0688171447	0.0515279595	-0.1615694301	-0.0522440579	0.0171381317	0.0418105047	-0.215410259	0.1504833749	0.036837661	-0.0597365842	-0.0010522082	-0.0320209057	-0.0465267622	-0.1780154826	-0.0108503789	-0.0027185933	-0.0534651112	-0.1889673113	0.0982539375	0.1474572774	0.0341758063	0.0950221532	0.0573617079	0.1155924706	-0.0504310988	0.0314681439	-0.0244691982	-0.0024866707	0.01603392	0.0002971044	-0.0120817508	0.1866397344	0.1101486558	0.0230490451	-0.0509394218	-0.0175697603	-0.0337414248	0.0344646814	0.0989890224	-0.0569091658	-0.0584524912	0.0056712291	-0.0172603651	-0.0359461969	0.0326558844	-0.0570237369	0.0447951269	0.0910223382	-0.0914178888	0.0808663984	0.0327218959	0.0978667809	0.0659672516	-0.0102995923	-0.2039575821	0.0718942215	0.0869261725	-0.1502174713	0.0428926487	-0.0082022351	-0.0062293047	0.0972413099	-0.0402438992	-0.0925090516	0.0296646223	-0.0818158354	-0.0171117124	0.0319698774	-0.0270630292	-0.1217509261	0.1150496794	-0.0271164938	0.0226643401	0.1021877209	-0.0343893237	0.0262210356	0.1307496937	0.0635542442	-0.0986366652	0.0053892009	0.0264075286	-0.1122773703	-0.0355482736	0.0150109984	-0.124241218	-0.0375835078	-0.0055810717	0.0448227057	-0.050040882	-0.064933305	0.1304374212	-0.0627477913	0.0613044881	-0.1608493638	0.0372982506	0.0514950098	-0.0481194205	0.2626648222	0.1420621629	0.0441460728	0.0837152318	0.098858218	-0.1057038583	0.0146012457	-0.0404709044	0.0387913809	0.1171524147	-0.1309371183	0.162168551	0.0846196681	-0.2290710342	-0.0711947733	0.0246135156	-0.1462212525	-0.0519854629	-0.0403669897	0.1752720395	0.148278901	-0.0043944698	0.1050035351	0.1034739929	0.0213829317	-0.2331883367	0.1355806973	-0.0643724717	0.0029920181	-0.0834772524	0.0555631325	-0.000346045	0.0443011511	-0.2306416625	0.0656925301	0.1349285984	0.0634240439	-0.1856745018	0.0438407292	0.0065635055	-0.1686040367	-0.0272923492	0.036375195	0.0040722014	0.1440539841	-0.0503583894	0.1193733525	0.0054665959	-0.0779303525	0.0409821569	-0.1802334202	0.0452293983	-0.0693056241	-0.0218133679	-0.045632569	-0.1140830352	0.0114197839	0.210634992	0.0104928916	0.0441548275	-0.0166277046	-0.0320303861	0.0643204911	0.0630337585	0.0920053993	-0.007374189	-0.0651734775	0.0821827431	-0.0509372286	-0.010489852	-0.0001758889	-0.0341467111	0.1219202219	-0.0551842672	0.0177421198	-0.0144957097	0.2072814229	-0.0853648792	0.0365918628	-0.0076964067	0.0567142315	0.007477078	-0.1599806495	-0.0808350052	-0.1119178703	0.0859938207	-0.3042253478	-0.2200740562	0.0631653146	0.1356792767	0.1452941417	-0.3543679609	-0.0164000247	0.1026138103	-0.0808575212	-0.0365314698	0.0722612707	-0.0074771147	-0.0824557403	-0.1049449322	0.0	0.0	0.1453929724563067	0.0227531645535775	0.0211391164396803	0.0005177064972021	0.1417965890710633	0.0378489901413132	0.0014325460547172	0.0201062726721879	-0.1678679017794877	-0.0594131951331249	0.0035299277559267	0.0281796324478477	0.0014301058907022	0.0040471268964846	2.045202858621133e-06	1.637923611624907e-05	-0.0032595582034036	-0.0008624859435908	1.0624719681375706e-05	7.438820028918851e-07	0.0034333485757843	-0.0015755529820623	1.1787882442840082e-05	2.482367199285721e-06	0.0	0.0
58.23093120552176	-0.0521886955340775	3390.8413490622083	0.0027236599415486	64.4664776040323	-0.1977483681412906	0.0391044171025433	4155.926734671199	58.59141357681072	0.0199556392968318	3432.95374492888	0.0003982275397452	62.06272680920737	50.316675472231736	1.192744	38.090019	0.28831064948202	0.1517979396130747	0.0487596506	-0.0503374406	-0.0017541586	-0.1122443223	0.1209311615	-0.0312352679	-0.0393022416	0.0673858823	-0.0574090423	0.0182349972	0.0429343424	-0.0627435937	-0.1146344797	0.1050158366	0.1585272247	0.1300842975	-0.1557482679	-0.0219096145	-0.1397443246	0.0074116461	0.0002913222	-0.1315217358	0.1191822902	0.1905485582	-0.0191545616	-0.0731413894	-0.1345331878	-0.0814486845	0.1547374408	-0.0571726822	0.2181172165	-0.0310781966	0.0127559441	-0.1377336521	-0.0532018507	0.003487062	-0.0832517738	-0.0698887441	-0.1119714567	0.073074374	-0.1056612495	0.039172465	0.0063981211	-0.1006039961	0.0068881168	0.0520014489	-0.0447305875	-0.007459244	-0.0337328682	-0.0185350967	0.053553202	-0.1091390629	-0.0372285081	0.0737069532	0.1152532067	-0.0366404252	0.0230745718	0.0832870445	0.1094417347	-0.0222144523	-0.1698972755	0.1413466428	0.0552084548	-0.1360396314	-0.0015330776	-0.0475021941	0.1082790863	-0.0329970451	-0.010226286	-0.0074927281	0.0802690566	0.0757494628	0.1291393959	0.0828694413	-0.0752643855	-0.1374806105	0.0154418413	0.0870882863	0.0338642616	-0.008482314	-0.0004230426	0.032173055	-0.0621281637	-0.0607455569	-0.0139374959	-0.0861768637	0.0798031775	0.0888869791	0.0701499451	-0.1601204994	-0.0596963345	-0.0668053475	-0.0582761727	0.067863868	0.0396177384	-0.0989777367	0.0913837738	-0.0655691767	-0.0224605783	0.138731392	-0.0199729803	-0.016093204	-0.0686221661	-0.037401157	-0.072432341	0.0642302136	0.0637092795	0.0782257729	-0.0969164506	-0.0850842087	-0.0177129383	-0.0557486766	0.0031685857	-0.1804775788	0.2146939315	0.2156362325	-0.0300865516	0.2271182286	0.30969307	-0.2067445019	0.1666386796	-0.0016030041	-0.2656128049	-0.2569178917	0.0215124603	-0.1998324676	-0.1476194167	-0.0529142399	0.0295668755	-0.0649859105	0.0389199954	0.0520990875	-0.0500638293	-0.1350648776	0.1063766662	-0.012435498	0.0008434691	0.0034421563	0.0239279192	0.091441551	-0.0504934813	0.0656726295	-0.1727710727	-0.0863800983	-0.1579124296	-0.0688090297	0.0802647562	-0.0551185639	0.0868719893	-0.0434947735	-0.0085226041	0.0604721185	0.062031208	0.0184386496	-0.0603752103	0.0891803143	0.0847732531	-0.0092771905	0.0433639774	-0.0362168982	-0.0092981183	-0.0112477385	-0.0087369792	0.0809050071	-0.0153432382	-0.0026679543	-0.1011523861	-0.0266337962	0.0774182551	-0.0099229237	0.0138455721	-0.0908502137	-0.0669744859	-0.015820718	0.0476337638	0.1205039137	-0.0149461431	-0.1395323646	0.0060411558	0.3461947098	-0.3411610309	0.0390513063	0.0634014367	0.0996150804	-0.0116227874	-0.0495292881	0.2837323619	0.3871043904	-0.4621463373	0.1088167734	0.043633517	0.0468282026	-0.0837897728	0.0509371525	0.0158633166	0.0246001056	-0.0871489063	0.0093664447	-0.0158651276	0.0708813468	-0.0112040262	-0.085865461	-0.1036312889	0.0	0.0	0.1727349833837479	0.0273420109274412	0.0298373744845836	0.0007475855615563	0.1564371489658214	0.014640559894758	0.0002143459940319	0.0244725815765545	-0.1862562531167384	-0.0183883513372506	0.0003381314649021	0.0346913918250865	0.0007758438600333	-0.0006542620306689	6.019336951513709e-07	4.280588047749926e-07	-0.0009335626137225	0.0023259955896811	8.715391537403858e-07	5.410255483215927e-06	0.0050118855018857	0.0015785369261014	2.511899628401208e-05	2.4917788270656573e-06	0.0	0.0
58.200423531360144	-0.030507674161619	3387.2892992297	0.0009307181827515	64.55313407650034	0.0866564724680358	0.0075093442206034	4167.1071190986295	58.48965366481854	-0.1017599119921826	3421.039585830421	0.0103550796886567	62.06782587598198	50.02307652926945	1.126174	35.964146	0.3353979060216662	0.1871794972825208	0.0404774611	-0.1328165134	-0.0333119303	-0.1399862028	-0.0098152017	0.0478451251	-0.0505101274	0.0754892533	-0.0819038684	0.0073446844	-0.0026568762	-0.1272361928	-0.116864878	0.0392490198	0.0224134387	-0.0296573432	-0.0051125603	0.04664688	-0.088280001	-0.1004212034	-0.0303438712	-0.1607582787	0.07391501	-0.1034988748	0.0048048739	0.01275058	-0.0758255749	-0.0653432219	0.0108588674	-0.0652203595	-0.0009862605	0.019750186	-0.0344771113	0.0273721577	0.0143311975	-0.150514492	-0.0188636016	0.0263213567	0.0736529203	-0.0574353408	0.0795436441	0.1544210013	0.0194394124	0.0291948872	0.1115476092	0.0720907319	-0.0252758383	-0.0406895557	-0.0478470182	-0.0227856571	0.0736732519	-0.0060249737	-0.040147744	-0.1224305116	0.1168136922	0.1172830716	-0.0322591708	0.1374186409	0.0381215611	-0.1028269733	-0.1845692301	-0.0612718859	0.1771545575	0.0585376566	0.0269357954	-0.0411034291	-0.0421425475	-0.1228725514	0.0746234538	-0.1200536738	0.0567964865	-0.1240257328	-0.0948737577	-0.0203293786	-0.030089423	0.0053668454	-0.0251839678	0.0103354982	-0.0131189917	-0.0831231834	0.0817267047	0.1267283535	0.0178469331	0.0434678154	-0.0331509516	-0.0198660754	-0.0730459519	0.0939632482	-0.0613858672	-0.0515367721	0.130168664	-0.0255965445	-0.0643853852	-0.0702607055	0.1449446658	-0.0217566673	-0.0538887404	-0.0650382109	-0.0100069829	-0.0707666138	-0.075612432	0.0288142592	0.055689093	0.0069015986	-0.0391259077	0.0410121932	0.0649061372	0.1123456734	-0.0710578805	-0.1392555839	-0.1279306078	0.0047384841	0.0016161607	-0.0433390492	-0.0757037661	-0.0003545849	-0.0869891541	0.028949422	0.1532671844	-0.0578933721	-0.0821612475	-0.0487435652	0.0506436586	-0.0560476622	0.0688431008	-0.1261351678	0.0925620519	0.0761251595	0.0494470252	0.2178312646	-0.2217673406	-0.026487325	0.0302981563	-0.0749318201	-0.0428595789	0.0329166156	0.0800481434	0.0992763811	-0.0647520613	-0.0321317017	0.0997854374	-0.0871886089	0.1025830391	0.0944016465	0.0804694186	0.070523238	-0.0554928204	0.1014427846	0.1752067387	-0.0910502752	0.0430570786	-0.1530615669	-0.0459202612	0.0035520063	-0.0038759728	-0.0542430059	0.0316043637	-0.0675200035	-0.1445853444	-0.0498593904	-0.1413759105	-0.087037305	-0.0063021946	-0.0178148808	0.0198523776	-0.0954975347	0.0384913419	0.0465856347	-0.0097269847	0.1305367861	-0.1037033789	-0.1669458101	0.022791876	-0.1210082636	-0.0704368085	0.1151250431	-0.04579696	0.042389088	-0.0201287586	0.1541951201	-0.0639562332	-0.005731875	0.0285222141	-0.1030074869	0.0362173961	0.1096543402	-0.1210878767	0.0650034492	0.0972329298	0.0851295162	0.1178523049	-0.0005504306	0.0458838658	0.1095077897	0.0175666923	-0.0344745169	-0.0733985257	-0.1883643602	-0.0683763321	0.0694793439	-0.0149169788	-0.0890345132	-0.1018013597	0.0	0.0	0.1387917844292445	-0.0339431989545034	0.0192631594250538	0.001152140755265	0.1140970136893031	-0.0423401352765182	0.0017926870552338	0.013018128532817	-0.1723747103894339	0.0138815427273045	0.0001926972284899	0.0297130407818412	0.0005340682415604	-0.0002417756184729	2.8522888664341777e-07	5.845544968795332e-08	-0.0039276303963955	-0.002994067782673	1.5426280530689876e-05	8.964441887240416e-06	0.0033430683217648	-0.0016688171801209	1.1176105803987316e-05	2.7849507806666736e-06	0.0	0.0
58.33727277692768	0.1368492455675394	3403.237395049668	0.0187277160124047	64.5274653564709	-0.0256687200294436	0.0006588831879499	4163.793785330552	58.55678314366756	0.0671294788490186	3428.896852134509	0.0045063669305408	62.18089997606202	50.2455867862368	1.011241	32.293762	0.1296812431652622	0.0709028674109933	0.0518729933	-0.0681628463	0.0626534043	-0.0342706135	-0.0667085428	0.0333122752	-0.0240183928	0.0932836231	-0.1139192852	0.0323279258	-0.030430905	-0.0914536924	-0.0549616653	0.0084000273	-0.0296013738	-0.0146368153	0.1159080362	0.0632574771	0.024220753	-0.1854973774	0.1106864386	-0.0200201769	0.0945457903	-0.0289377185	-0.0214591322	-0.0557866424	0.024900579	-0.0549230345	0.05522404	-0.0032133261	-0.0028230157	-0.0158884468	-0.0326825155	0.1154578882	-0.0390886294	-0.0493383537	-0.0125384943	0.1111928032	0.057916303	0.0206341626	0.0717447381	0.0870924143	-0.0588550156	0.0322861815	0.0460184291	0.0229335852	0.1184369238	-0.0120806597	0.0770516117	0.0457633334	0.07736529	0.120796561	0.0255826377	-0.0411948454	0.1050928398	0.0071705176	0.059100767	-0.0951373824	-0.0179449587	0.159064942	-0.0423790717	-0.2797955118	-0.0805416851	-0.0495035041	0.0607706536	0.0603378194	-0.0941262808	-0.1407365355	-0.0651575262	0.0484426958	0.0406334968	0.1187636013	-0.0144371037	-0.1533118351	0.0149202677	0.0198782625	-0.011097009	0.0206352826	0.0400048622	0.0004474788	0.0004831407	-0.0367194987	-0.0151470286	0.0111748652	0.0309585326	-0.063352559	-0.0354304911	-0.0137921053	-0.0960023349	0.0353750231	-0.0719207798	-0.0058107721	-0.0794651232	-0.1082551016	-0.0270369408	-0.0718617374	-0.0462651744	0.0606472891	0.1142822731	0.0389874671	0.0236566181	0.131638451	-0.0365407622	0.0176953888	0.0390462134	0.0175186684	0.1088505679	0.0264153643	-0.0805238539	-0.0368961575	-0.1311840834	-0.0873691471	0.0844170651	0.0653716462	-0.0104645699	0.0047679669	-0.0992844953	0.1446234999	0.0358112977	-0.0177046428	-0.0212633687	-0.0228144776	0.0324244372	-0.0680904994	0.0284898254	-0.0173261543	0.061677682	0.0636468321	-0.0706922561	0.1007939463	0.0173499046	-0.1006669573	0.0364262587	-0.1401898174	-0.030613712	-0.0761206037	0.068243639	0.0004424265	0.0557221007	-0.0148696794	0.1882250544	-0.0879216417	-0.0386822222	-0.0377681391	0.0809971836	0.0353622091	0.0689757808	-0.0517882571	0.0642079597	0.0838373903	-0.0755117324	0.0494843258	0.0334907177	0.0291466356	0.0773387396	0.0314891517	-0.0887433401	-0.0108289677	0.0069279859	0.016117424	-0.036539476	-0.1013694227	-0.0871725956	-0.0989690068	-0.0540852554	0.0971057471	0.0040968975	0.1377314682	-0.0521051521	0.0812976858	-0.0747414582	0.1744598735	-0.0132941823	-0.0095792702	0.0133214798	0.1015378644	-0.05430704	0.032876091	-0.1056381318	0.1413049117	0.0114879725	-0.0448584844	-0.0458209799	-0.0015118046	0.0289922456	0.087257031	-0.0076415106	0.0914101803	-0.0378120188	-0.0437115036	-0.0702492774	-0.0939629912	-0.0764744009	-0.1001735127	0.0316757435	-0.0030217625	-0.0190714657	-0.1313147946	-0.1435623353	0.0680556987	-0.0186113467	-0.0919540145	-0.0994642612	0.0	0.0	0.1497637368961335	0.010971952466889	0.0224291768890943	0.0001203837409356	0.1348548701595007	0.0207578564701976	0.0004308886052373	0.0181858360057357	-0.1657460001458233	0.0066287102436105	4.393979949374791e-05	0.0274717365643392	0.0007809669696034	0.0002468987280429	6.099094076115179e-07	6.095898190925127e-08	-0.0026920739508438	0.0012355564455517	7.247262156811747e-06	1.5265997301443516e-06	0.0036870676278614	0.0003439993060966	1.3594467692423491e-05	1.1833552259494237e-07	0.0	0.0
58.43578733689157	0.0985145599638883	3414.741241682417	0.0097051185248785	64.82095932310732	0.2934939666364187	0.0861387084519792	4201.756767567934	58.50574051365366	-0.0510426300138959	3422.921673050976	0.0026053500787354	62.22362685251171	50.13261584885471	0.94908	30.30868	0.0596653100079896	0.030928989831414	0.0328373294	0.0070165773	0.1611316219	-0.0121401907	-0.0246729371	0.0582848658	-0.0053266849	0.027071774	-0.1410438079	0.0079353735	-0.0012646973	0.0542353711	-0.0260106949	0.0176765787	-0.0737387454	0.0241214553	0.0744673072	0.0162453488	0.0382766652	0.0672487062	-0.0662735042	0.0603366101	0.0486522544	-0.0797280425	-0.0061551121	-0.0482862353	-0.066524448	0.0175589429	0.0130057525	-0.0094686027	-0.0170836504	0.043562436	0.0390199557	0.0839549794	-0.0282522248	0.0991759681	0.0864239106	-0.015880165	-0.0343939803	-0.107512921	-0.1129765003	0.009172399	0.0087575486	0.1042133011	0.082862143	0.081500757	-0.0422493162	-0.1843955047	0.0411825426	-0.0881938797	0.0047808913	0.1367767087	-0.0212867036	0.0372513977	-0.0504967161	0.1047778704	0.0743074477	-0.0269963426	0.1688109982	-0.0525007986	0.0008242602	0.1093695034	0.0092133537	0.0180290842	0.0996500494	0.1027750581	-0.1772501194	-0.0009687566	0.0269843117	-0.0109068404	-0.148520015	-0.0050123841	-0.0395533116	0.0014219645	0.0415847247	-0.061686548	0.1128251727	-0.0463954416	0.1064406735	0.0337567664	0.0829616075	-0.0637873156	0.027425101	-0.0508555283	0.0212799184	0.0544512889	-0.0390255019	0.0450133245	-0.0739464462	-0.071468423	0.0195629427	0.0465883892	-0.0950745715	-0.1263503278	-1.65715e-05	0.0644705643	-0.0941355666	-0.0748125852	-0.0962861737	0.0114737098	0.0227895848	-0.061172109	-0.0137395159	-0.0603280879	0.0467775367	-0.016950048	0.1050682323	0.0643075839	-0.0801384572	0.0676696978	-0.1118267327	-0.089606308	0.0658233838	-0.0019834252	-0.0187109799	-0.0672286003	-0.0582213913	0.0046358704	0.0545795977	-0.0362675703	0.0153177417	-0.039371029	0.1317131713	-0.0071126852	0.0356036604	0.0868629815	-0.002095747	0.0131713073	0.0877032939	0.087492116	0.0355077209	0.0919217024	0.0160240413	-0.0149545803	-0.0054005964	-0.1061650857	0.1397612413	0.0699768725	-0.0794965936	0.0153220209	0.0572409352	-0.0001678919	-0.0274820892	-0.0587221394	0.0491006956	-0.0984507911	0.037006313	0.0074148149	-0.163756001	0.0207759903	0.0659334411	-0.1077479018	-0.0732143062	0.003882417	-0.1074648865	0.013388559	-0.0972281874	0.0885982428	-0.0108886992	0.1888074115	-0.0943441818	-0.0436838754	0.0976602165	-0.1513653677	-0.109456256	-0.0725017999	-0.0402074361	-0.0154704852	-0.0189976498	-0.1467560755	0.1093980554	0.1169175162	-0.0873947812	-0.0794929286	-0.0049780463	0.0866903162	-0.0748420321	0.0323685357	-0.0761427113	0.1029037709	0.0331931474	-0.0165111079	-0.1014826266	0.0486482915	0.0572922462	-0.0052062965	-0.0709119853	-0.0005480201	0.0310207894	-0.041284277	-0.0080241997	0.0231830635	-0.1118467733	0.0412528348	0.0305842776	0.0145756241	4.98543e-05	-0.1178284155	0.0764588793	0.0666108546	-0.0222825273	-0.0946157819	-0.0966316368	0.0	0.0	0.1390174523849623	-0.0107462845111712	0.0193258520676052	0.000115482630795	0.1117754741553511	-0.0230793960041496	0.0005326585199163	0.0124937566226535	-0.1576588127419995	0.0080871874038238	6.540260010456639e-05	0.0248563012352168	0.0006159563630115	-0.0001650106065919	3.794022411343547e-07	2.72285002878268e-08	-0.002770411120252	-7.833716940820008e-05	7.675177775215942e-06	6.1367121108890385e-09	0.0035753665620846	-0.0001117010657767	1.2783246053272654e-05	1.2477128095672973e-08	0.0	0.0
58.43650284527021	0.00071550837864	3414.824864785274	5.119522399041777e-07	64.98934845354572	0.1683891304383991	0.0283548992498001	4223.615412416385	58.46705837616012	-0.0386821374935451	3418.396915161315	0.0014963077610695	62.2044504682099	50.57657352138511	0.930648	29.720062	0.0581742778977659	0.029575712617184	0.0038086353	0.0444616121	0.1421876657	-0.0074153039	0.0527444849	-0.0071911974	0.0247094975	-0.012379543	-0.1209382322	0.0119479649	-0.0124820077	0.0939371102	0.0210251725	0.1124716943	-0.0177723864	0.0030355923	0.0725404917	-0.1312204983	0.0850630184	0.0138750757	-0.0801293815	0.1427538614	0.0304100805	-0.0749858787	-0.0476876486	0.1203642588	0.0481409178	-0.0043799606	0.0731643975	-0.0510270859	-0.0330935679	-0.1150151423	-0.0536986099	-0.1014631568	-0.179350824	0.0942532485	-0.0038815347	-0.0941131341	-0.0046964708	-0.115248737	-0.0667200785	-0.0016811946	0.1370284314	-0.1177351651	0.1378212837	0.0233508646	0.0659295057	-0.0217532313	-0.0931998896	-0.1100771412	0.1098743883	-0.1750278377	-0.0449193832	-0.0201960901	-0.0523312787	-0.0631843562	0.1282574092	0.0679072928	0.0509125328	-0.0242289122	0.075024981	-0.068078324	-0.1354610297	0.0069442121	0.0454079906	-0.0041004779	0.0615797792	0.0596217058	0.010113171	-0.0534793787	0.0112224392	0.0785613026	0.0835644339	-0.0492549145	0.0517103675	0.1122483404	-0.0453562249	0.0419088021	0.0176761327	-0.0894960997	0.1021350255	0.0239809301	0.0859460916	-0.0191850944	0.0282715369	0.240405366	-0.1533681019	0.0550207256	-0.1381896804	-0.0655935367	0.0337535854	0.0590720308	0.1031983695	0.0831843046	0.015930383	0.0390228104	-0.0615508228	-0.0238957219	-0.0539256552	0.1170200976	-0.2143326029	-0.0816129268	0.0289957004	0.0326677295	0.0520356747	-0.0256353722	0.0536304143	0.1214808816	-0.0980371698	0.124726709	-0.0927953049	-0.0132165661	0.0649284619	-0.0303008925	0.0116328506	0.0075612416	-0.0053456555	-0.0046071447	-0.0089749878	0.0590434416	0.0523722287	-0.0766472245	0.015259702	-0.0153286184	0.0448663864	0.0556335141	-0.0655522691	0.0946145243	0.1206165408	-0.1014302952	-0.0531532348	0.0872657563	0.0603067826	-0.018530937	0.0217811453	-0.0555221651	0.1875640131	0.0699624414	0.0048166415	-0.0190480824	4.06156e-05	-0.0579880066	-0.0764961008	0.0540256344	-0.0983110798	0.0504983789	-0.1528646207	0.0465860574	-0.1222265078	-0.1099819163	0.0190764326	-0.0268278994	-0.0996036116	0.0348796667	0.0010860441	0.0706028256	0.0894124953	-0.0052976092	0.0918744691	0.0855690051	0.0929312512	-0.0384614672	-0.0544381665	-0.2011896167	0.0138316391	-0.0215519906	-0.0115928968	-0.0616466976	0.0551799095	0.1224031211	0.0335295638	-0.0348606816	0.0516158225	0.0557931844	0.0396884605	0.0587863686	-0.0863463428	0.0121280467	-0.0497238744	0.0999823236	0.0461854748	0.0192821124	-0.0830541836	0.0226063313	0.0813273949	-0.0720721021	-0.0496815341	-0.0045603736	0.0372475789	0.0575231857	0.0106965293	0.0575818515	-0.1348409186	-0.053018167	0.0443864737	-0.0260721005	0.0294437317	-0.1059209895	0.0861158987	0.0651452616	-0.0259259465	-0.0970123549	-0.0933175984	0.0	0.0	0.1457403059880277	0.0067228536030654	0.0212402367894839	4.5196760568249486e-05	0.1206477063745694	0.0088722322192182	7.87165045517351e-05	0.0145558690534443	-0.1572839577228322	0.0003748550191672	1.405162853949065e-07	0.0247382433569576	0.0003830062512915	-0.0002329501117199	1.4669378852836764e-07	5.4265754550360463e-08	-0.0031787877900968	-0.0004083766698447	1.0104691814468497e-05	1.6677150447352848e-07	0.0037781265216461	0.0002027599595614	1.427424001356566e-05	4.1111601201381104e-08	0.0	0.0
58.43669926003652	0.0001964147663073	3414.847820407953	3.857876042358448e-08	64.94179451740513	-0.0475539361405878	0.0022613768424631	4217.436675140871	58.51340624641632	0.0463478702561985	3423.818710558152	0.0021481250772854	62.21884273356258	50.673721920355874	0.929101	29.670654	0.0479683023807026	0.0271503792859333	-0.0182979895	0.0195303195	0.1095403011	-0.0761026517	0.0582124695	-0.1108209014	-0.0868785881	-0.017395186	-0.0788395293	0.120105028	-0.0367367213	0.1051668238	0.0050537795	0.136196289	0.0737911267	-0.0519520368	0.0001237386	-0.0374534491	-0.1391939077	-0.0769348989	-0.0282646778	-0.0793468532	-0.02747751	0.0988364232	-0.091791199	0.0609239931	0.0268365538	0.0048085649	0.0129787992	0.0379711422	0.0063085163	-0.0827971269	-0.1801874333	0.1059875693	-0.0852640184	-0.0512091269	0.0158296933	-0.0700808265	-0.0092571671	-0.0472756589	-0.0669837572	0.0060172843	0.1524296225	-0.02652157	0.1234974288	-0.0390184782	0.0731195395	0.0368261802	-0.0358895389	-0.0055849489	0.1066431578	-0.1105995749	-0.1249515553	0.0224757284	-0.0129501967	-0.0686625452	-0.0639148331	0.021593962	0.0364006042	0.123817848	-0.0659642398	-0.1384844586	0.046950369	0.017191595	-0.0848546495	0.0181979178	0.0094875791	-0.040673497	0.036067008	-0.0265706848	0.0854288249	0.0734790202	-0.1514766892	0.0352474872	0.226152391	0.051802093	-0.1156666552	-0.0684740191	0.0902755772	-0.0431068804	-0.0185546567	-0.0217464414	0.0483198429	-0.1794841124	-0.0487419878	-0.043386049	0.1113715769	0.1106321424	0.0588569131	0.053608944	-0.0301290808	-0.0184222659	0.0227256055	-0.0125556633	-0.0547897768	0.0736471829	-0.0313130034	-0.0323243698	-0.0107363287	0.0257521317	0.0561625484	0.0171061433	0.0857809499	0.0247554035	-0.0491291133	-0.0275584134	0.0515975509	0.1655843939	-0.0358218727	0.0719097279	-0.1009174279	0.0473453088	0.0329736757	-0.0738854694	0.040504624	-0.0350017685	0.0644141924	-0.0036122868	0.0317613386	0.0925192766	-0.0085879084	-0.0899733926	0.0188538173	0.0032133939	-0.0149829038	0.0117818086	0.0209267173	-0.0247847394	-0.0038784847	-0.1545702371	0.0472487612	-0.0646458438	0.0696135648	-0.0683898452	0.0830265111	0.0055650486	0.1005766717	0.0589080395	0.0155864057	-0.0763891144	-0.1001446945	-0.0407816852	0.1167335674	0.0342562167	-0.0600476656	0.0476506491	-0.0848702144	-0.1005107132	-0.0216715268	0.0797753612	-0.0721472253	-0.0873565328	-0.0575499772	0.074567664	0.0216560771	-0.092976601	-0.1103665629	-0.0293437873	-0.0129910002	0.0494802876	0.202851653	0.0669023429	-0.0063042249	0.0616136064	0.0213675312	-0.0795207301	-0.0819409675	0.0864708796	0.0290820812	0.1683754173	0.0197724587	-0.0921506962	0.0255618429	0.0551365563	0.059407624	0.0476624287	-0.0710095421	0.0037030565	-0.1029704401	0.1137627639	0.048851996	0.0697230225	-0.0225451556	-0.0276062223	0.028233698	-0.0539867953	0.0487857321	-0.0638126533	0.0189133333	0.0478844813	-0.0774066153	0.011055388	-0.1530469803	-0.1082083073	-0.0536673381	0.0190882355	0.1671417967	-0.0660087449	-0.033195047	0.0636593764	-0.0295370653	-0.0991370163	-0.0895386565	0.0	0.0	0.149419761684328	0.0036794556963002	0.0223262651818013	1.3538394221036676e-05	0.1219736660460881	0.0013259596715187	1.7581690504939876e-06	0.0148775752087226	-0.1573920084809259	-0.0001080507580936	1.1674966324622705e-08	0.0247722443336598	0.0001808745086112	-0.0002021317426803	3.2715587865343064e-08	4.085724139897501e-08	-0.0027276875589872	0.0004511002311095	7.44027941945355e-06	2.034914185071342e-07	0.0035742617703402	-0.0002038647513059	1.2775347202915462e-05	4.1560836825016494e-08	0.0	0.0
58.522617432598175	0.0859181725616551	3424.896751162244	0.0073819323763343	65.03752749620993	0.0957329788048042	0.009164803230841	4229.879982820263	58.63261853926643	0.1192122928501149	3437.78395677113	0.0142115707665815	62.303163940905634	50.796041329771214	0.951906	30.398935	0.2316574103195572	0.1263887449785342	-0.0543285867	-0.0075642484	0.0594990226	-0.1234527914	0.0499708278	0.026793746	-0.0947439993	-0.0350400918	-0.0295759688	0.0861052342	-0.1399493238	-0.0112355462	0.0756784977	0.0830315315	0.0327820082	-0.0011883547	0.0745710534	0.0421756272	0.0920161831	0.0883385164	0.0552322633	-0.0418440897	0.0035179842	0.0554442276	-0.2044118295	-0.0539509248	-0.0450364921	0.0459558141	0.0534288717	-0.0104861059	-0.0105526553	-0.047384418	-0.1021682756	-0.0241440507	0.1223240975	0.0512189769	-0.0120939961	0.0919801343	0.0099715141	-0.014456053	0.019169125	0.1617700392	-0.0375574861	0.0661018885	0.1379959993	-0.0845205491	0.0314835	0.0649557102	0.0216536093	0.0116377616	-0.010477007	-0.0267696243	-0.0539585402	-0.0896790409	0.1191288228	-0.1491548955	0.0057880667	-0.052894627	0.0216942459	-0.0200124863	-0.0893418238	0.0265495197	-0.0348620516	-0.027187126	0.102768352	-0.0647398688	0.1111618033	0.0717103537	0.0030798433	0.0899290903	0.0016649436	0.0114794013	0.0288900226	0.0203653346	-0.0003191792	-0.0318160598	-0.0085768762	-0.0770820816	0.0204883777	0.0479271141	0.0969234269	-0.1217966535	-0.0636643266	0.0189866697	0.1039240828	0.0153395899	0.0889589293	-0.1449554673	0.1099223397	-0.0763228013	0.0431690751	-0.0352383626	-0.0279842684	0.0936706111	-0.0772296242	0.083774402	0.0394107235	-0.0417053909	0.0059618526	-0.0908931084	0.0990311807	-0.0562419472	-0.0368436464	0.0195294649	-0.0957945924	-0.0519768415	-0.003510579	0.1451910702	-0.0089654941	0.0389337634	0.0012410138	0.0445487089	0.0223747369	-0.0531487308	-0.0411744767	-0.06893333	0.1219345981	0.0894463079	0.0095804988	0.0886094023	0.0432767607	-0.1374153163	-0.052635746	-0.0213846842	0.0809804714	-0.0149646294	-0.0040130369	-0.0123330462	-0.0500825516	-0.2598543765	-0.037053142	0.0400164567	0.0673300151	-0.0299470716	-0.0183057174	-0.0428238848	0.0153804212	-0.1534091566	-0.0694236881	-0.0327700811	-0.0981098529	-0.0236372501	-0.0184435126	-0.077639182	0.0053907035	-0.0573483999	-0.0322380553	-0.0539104217	-0.0196598825	0.0773136059	-0.0441180136	0.024596453	-0.0137247782	-0.118183395	0.0138208753	-0.038593325	-0.1363352542	-0.0513387111	0.0523074157	0.031217128	0.1291804617	-0.0463020683	0.0257003507	0.0410598281	0.1058477238	-0.0099315186	0.008814478	-0.0129581551	-0.0183571425	0.0639644951	-0.2110851943	0.0903020226	0.0462514223	-0.0245914793	-0.0468983434	-0.0493233972	-0.0443434165	-0.1342896805	-0.0898223477	-0.0753574238	-0.068117697	0.0935170423	-0.0643151416	-0.0430214786	0.0224028894	0.0810341554	-0.0117100425	-0.104286049	-0.0198957828	-0.0194893463	-0.0580678621	0.162759273	-0.0422497642	-0.0241649996	-0.0404580635	0.0742855054	-0.173959862	-0.0636966885	0.1500719876	0.0621536617	-0.0331113845	-0.1009838109	-0.0853136375	0.0	0.0	0.1589979794952114	0.0095782178108834	0.0252803574835596	9.17422564327243e-05	0.0928395253638285	-0.0291341406822596	0.0008487981532936	0.0086191774697809	-0.0986465714321767	0.0587454370487492	0.0034510263740485	0.0097311460553235	-0.001593266470341	-0.0017741409789522	2.5384980455128686e-06	3.1475762131974702e-06	-0.0026230090937955	0.0001046784651917	6.8801767061338894e-06	1.095758107489e-08	0.0043794346217496	0.0008051728514094	1.9179447606179064e-05	6.483033206467441e-07	0.0	0.0
58.67514173468453	0.1525243020863556	3442.772257585318	0.0232636627269298	65.34711296753314	0.3095854713232029	0.0958431640544097	4270.245173191537	58.62056666251652	-0.0120518767499149	3436.370835834543	0.0001452477331951	62.41461426304634	51.04187782341506	0.999314	31.912886	0.1110004630643428	0.0480846134632922	-0.0909727172	0.0521292414	0.147518285	-0.0338135867	-0.0327919347	-0.0558486647	-0.1682019633	-0.0915472107	-0.0286855313	0.0774963708	0.0210464157	0.0891773124	-0.0443911834	0.0335585251	0.0035991817	0.0778605148	0.0989639419	-0.0682860704	0.0543639675	-0.0155055315	0.0595544879	-0.0109602502	-0.0649657407	0.0074896861	-0.031267076	0.0056134693	0.0165841553	0.0047976005	-0.094859769	-0.0725798982	-0.1405062466	0.0208283789	-0.0430852286	0.0024728248	-0.0711340158	-0.0902618709	0.0634658745	0.0995815432	-0.0597368603	-0.0164227758	0.0248708517	-0.0669469	-0.1420582235	-0.0300046144	0.0833910894	-0.1388382832	-0.0430499567	-0.0300274963	0.1172726649	-0.042453543	-0.0953252082	0.1752107113	0.0044684754	-0.0204825511	0.0630537788	0.0623318472	-0.0856754419	0.0803596621	0.0296409235	0.0822418592	0.0578970283	0.0183573509	0.0533212219	0.0152752264	-0.0302722061	0.1499666977	0.0195987684	0.0948731428	-0.0235655679	-0.0226012879	-0.0266645285	0.100632466	0.012331402	-0.1998790007	-0.0400812714	0.1473303115	-0.070352939	0.0946149461	0.1135774659	0.0140873909	-0.0581364085	0.0232128812	-0.0987993201	0.1422060998	-0.0486380549	0.0404652901	0.0649596224	0.0132711319	0.0632357257	0.022445409	0.0692794181	0.0197838792	-0.0203348376	0.0980582414	0.0306860024	0.0041998577	-0.0177628474	0.048426922	-0.0841924956	-0.0126849616	-0.1934862562	-0.1128237486	0.0695778707	-0.0038191988	-0.0774956746	-0.109911158	0.014236114	0.0637406631	-0.0241390506	0.085929056	-0.0242154145	0.0463399456	0.0819450441	0.0875956338	-0.0045436759	-0.0604736862	0.0591999141	0.043287134	-0.0952979069	0.0752853047	0.0709853866	-0.0639398002	0.0840155886	-0.0488894176	-0.065590115	0.0199331373	0.103136611	-0.0051581374	-0.0258584028	0.1256393814	0.0084669419	-0.0178737468	0.0632684334	-0.1543903574	-0.0205899765	-0.0261641811	0.074259921	0.0379707666	-0.0399377698	0.0253824661	0.0805952154	0.1451831633	-0.1077249991	0.0687975742	0.0791343981	-0.0701294839	0.0396330637	0.012171338	0.0017716947	-0.0965778728	0.0328675353	0.148801007	-0.0392906101	0.019219829	-0.0243067186	-0.0051110571	0.1468212303	-0.1139726251	-0.0401719194	-0.1672656038	0.0831564022	0.0226818897	0.0922456617	-0.0448096139	-0.0034350976	-0.0036802033	0.0351807744	-0.1113246403	-0.0416805376	0.0436069352	-0.1010905903	-0.0128331412	0.1029152369	-0.1267835257	-0.0154373799	-0.0576745098	-0.1218862395	-0.0499898878	-0.0767582292	-0.0003022945	0.0827457717	0.0380781546	-0.0878259291	-0.0636699371	0.1606619235	0.0055580307	-0.0176348309	-0.032700972	0.053660542	0.0064035541	0.0628738672	-0.0483522215	-0.1185153388	0.0916693807	0.0335290786	0.0604700019	-0.0384450662	0.028435859	0.0634133415	0.0606285865	-0.0366444511	-0.1025475623	-0.0806635902	0.0	0.0	0.138793966353802	-0.0202040131414094	0.0192637650962203	0.0004082021470182	0.0976212576516815	0.004781732287853	2.2864963672695905e-05	0.0095299099454959	-0.1311638616947021	-0.0325172902625253	0.0010573741660173	0.0172039586146669	-0.0017270495636794	-0.0001337830933384	2.982700195405206e-06	1.7897916063191075e-08	-0.0032079992916462	-0.0005849901978506	1.029125945520252e-05	3.4221353158140097e-07	0.0040282593654876	-0.000351175256262	1.622687351563856e-05	1.233240606106819e-07	0.0	0.0
58.84076268043681	0.1656209457522806	3462.2353528154854	0.0274302976718798	65.69438915932453	0.3472761917913942	0.1206007533851332	4315.7527670167765	58.72644336537033	0.1058767028538127	3448.795150346049	0.0112098762071945	62.552696485389056	51.24925615570762	0.98452	31.440449	0.0413988724252554	0.0232245931573937	-0.1230552149	-0.0736033856	0.0797859224	-0.0255595247	-0.0548134873	-0.0031936444	0.0317861848	-0.1458061381	-0.0443384993	-0.0095378663	0.0032998775	-0.0810913615	0.0058528821	0.0080913968	-0.0630237359	-0.0754546115	0.0114975355	-0.0911383201	0.0699743773	0.0542165231	0.0109088648	0.0360559596	-0.0989078539	-0.0852035825	0.024596815	0.0615860891	0.0324372002	0.0011380798	-0.0185471913	0.0342738311	0.0137079939	-0.0386400921	0.0716604506	-0.0451864917	-0.0868896355	0.0501357342	0.1324200652	0.1084287455	0.0007058494	0.0717575897	0.0661384308	0.1012679622	0.0218937558	0.0081684656	-0.0284722419	-0.1107168984	0.0079021529	-0.1547479136	-0.1966624207	0.0248654101	-0.036520751	0.0798346574	-0.0209754121	0.0675737867	-0.0073712934	-0.0669233027	-0.013761502	-0.0008831319	-0.07771606	-0.0355924395	0.0372042235	0.0192713796	0.1512717528	-0.0055624498	-0.1205893605	-0.0563096992	-0.133609965	0.0234494275	-0.0515727488	-0.152315794	0.0996496536	0.0881419621	0.0312450939	-0.1203620596	-0.0192342112	0.0955492795	-0.0304497997	0.0502457395	0.0209266419	-0.0177440212	-0.0775436347	-0.1030695245	0.0020750186	-0.1005219988	-0.0083083131	0.189743594	0.0557253476	0.0032782336	0.0931972403	-0.032478066	-0.0078011684	-0.0734972523	-0.0011380405	0.0902201297	0.0682729859	-0.1255812587	0.0225279189	-0.0014137389	0.0467366448	-0.2112377075	-0.0131604006	-0.0244788486	-0.0012750478	-0.0828901059	0.12567853	-0.1455428388	0.0391824392	0.0088128078	0.0350621858	-0.0287488008	-0.0202554307	0.0199466216	0.0454567992	-0.0238882384	-0.1079745678	0.0297288434	0.1088481894	-0.0323446374	-0.0293986746	0.0781109652	0.0601000663	-0.0125067143	-0.0977726702	0.0081748618	-0.0363155089	0.0420477486	-0.0077449954	0.0310756227	0.0386144393	0.1592351231	0.1136609416	-0.0108047824	-0.0184160671	-0.0563523136	0.0016245515	-0.0011670318	0.1379584034	0.0254445227	0.1476848516	0.0804469104	0.0671205921	-0.0588382516	0.0175855866	-0.0094753747	0.0258545274	-0.111408856	-0.027023977	0.1330126514	0.0262313206	-0.0879921188	0.0325116296	0.0620533825	0.255742109	-0.0158300232	-0.0609083671	-0.000266051	0.0618701299	-0.0955614982	0.0429351892	-0.0455849521	0.0453817716	0.1208604137	0.0897310543	0.0179349029	0.1140117113	0.1090163674	0.0759915125	0.0684321164	0.0572198913	-0.1091022282	0.0506329206	0.0360835222	-0.0086081124	0.0669446883	0.0344620847	-0.0565492851	-0.1658269735	-0.0695063216	0.0124501459	0.0026315511	0.0097319705	0.0144045365	-0.0537957144	-0.0248457485	0.0492987424	0.0705885146	-0.0771147324	-0.0875754419	0.0967779388	0.0907224289	0.0833596408	0.0220314479	-0.0524882039	0.0353262736	0.1097887289	0.0684792194	0.1005391355	0.1833803282	0.0156841081	0.059084626	-0.0401318633	-0.1038238878	-0.0756116809	0.0	0.0	0.1393926688135849	0.0005987024597828	0.0194303161189737	3.58444635350077e-07	0.1028603350505932	0.0052390773989116	2.744793199178728e-05	0.0105802485267202	-0.144234438490713	-0.0130705767960108	0.0001708399777804	0.0208035732467312	-0.0018330018319757	-0.0001059522682962	3.3598957160262723e-06	1.1225883157131131e-08	-0.0032090287929611	-1.0295013149002295e-06	1.0297865794053375e-05	1.0598729573813017e-12	0.0043710879112874	0.0003428285457998	1.9106409528202843e-05	1.175314118152057e-07	0.0	0.0
58.86500263929113	0.0242399588543165	3465.088535723751	0.0005875756052589	65.70070700575471	0.0063178464301785	3.991518351531946e-05	4316.582901056026	58.830196017176576	0.1037526518062463	3460.9919634194184	0.0107646127568281	62.56167242787718	52.22379781705239	1.015626	32.433819	0.0781345448563147	0.045768355418045	-0.1414189056	-0.0052277055	0.0396700491	0.0265260086	0.1159728058	0.057382142	-0.0855266213	-0.1578500295	0.1129735429	-0.0020343098	0.0473576077	0.0125133937	-0.0734409718	-0.0307384175	-0.0057833758	-0.048217457	0.0439352189	0.088587451	-0.064677341	0.1663966653	-0.0458109989	-0.0097591113	0.0713420387	0.0006580263	0.0864731975	0.0595478677	0.0033664518	0.0147820207	-0.1548890001	0.0575692293	0.0739938905	-0.2488104608	-0.0393695158	-0.0499922431	-0.1146325435	0.0176233809	-0.0221475591	-0.0324887041	0.0191274036	-0.0717905052	0.0900090979	-0.0253261147	-0.0379522728	-0.056880032	-0.0698247427	-0.1175252247	-0.0717686654	-0.0031895044	-0.0709935316	-0.0424830034	-0.1225997408	-0.14395421	0.0195297509	0.0386931941	-0.0323085112	-0.1211534794	-0.0910960785	-0.0997361291	0.0109007287	0.0602030643	-0.0498899226	-0.0170092946	0.1053107379	0.0746918904	-0.0628282603	0.1285844676	0.0254877991	-0.0308606433	0.0532393433	0.0384067373	-0.0945384713	-0.0927070807	0.0065151197	-0.0898522016	-0.1669081594	-0.1463125537	0.0325561217	0.0033665856	-0.0077640306	-0.0133315865	0.0366912365	-0.0491540002	-0.092649209	0.0387572262	0.0711254484	0.0214640543	-0.0396521292	0.211368709	0.01779348	-0.129077592	-0.0740671145	0.0099815498	0.0842568303	-0.0091471346	0.0102198115	-0.0024620343	0.020735186	-0.0808180709	0.0017542166	-0.034033009	-0.0732628949	-0.133829495	0.1408905008	-0.0543361825	-0.0398118663	-0.1483877202	-0.0145426083	-0.0053655283	-0.0019236123	0.1359591876	0.0118375758	-0.0402997981	-0.0019273414	-0.1016947251	0.0376873766	0.0814426168	0.1058496314	0.0068030511	-0.20316646	0.0207858604	0.1017071061	-0.065565484	0.0205514631	0.0349560934	-0.0171744349	-0.1296269379	-0.0014343955	-0.0059132893	0.0841676798	0.1431260951	0.0437027433	0.1113166217	0.0571949982	-0.1218795402	-0.2292368492	0.097309468	0.1582064894	-0.1315315478	0.0590023545	0.0738383926	-0.0465047206	-0.0613484596	0.003503843	0.0688095399	-0.0127325493	0.0151757102	-0.0476297402	0.0061539345	0.0601402018	0.0757114815	0.0873636553	0.0314678478	0.0225961892	-0.0290550152	0.019920719	0.0022420068	0.0535382999	0.0316137817	-0.0245481686	0.0953146989	-0.0187893312	-0.0288231088	-0.0490843354	0.0359331357	0.073618644	-0.0344398404	0.1068867391	0.0111789423	0.077884198	-0.0373234923	0.0409298236	-0.0894182329	0.0106791893	0.046018834	-0.2027255595	-0.0736030782	-0.1294941711	-0.0332968456	-0.0544490871	-0.0228412991	0.0874207469	-0.01464256	0.0035132557	0.0610822931	-0.074488718	-0.0805403728	-0.0829703298	-0.20514814	-0.1585846308	0.0986997358	0.0464328291	0.0262254271	-0.0875174991	0.0482378812	0.0910652124	-0.0417683236	-0.0453297421	0.1233001552	-0.1569470735	0.057522261	-0.0435692762	-0.1048092098	-0.0701830781	0.0	0.0	0.1003676297439284	-0.0390250390696564	0.0100736611004143	0.0015229536743882	0.1128210147870731	0.0099606797364799	9.92151408127214e-05	0.0127285813775849	-0.1430341938358097	0.0012002446549032	1.4405872316239115e-06	0.0204587806062599	-0.0014191853924736	0.0004138164395021	2.014087178210446e-06	1.712440456021953e-07	-0.0033531247012692	-0.0001440959083081	1.1243445262261664e-05	2.0763630791136384e-08	0.0043721471913827	1.0592800953005549e-06	1.9115671063115635e-05	1.1220743202999526e-12	0.0	0.0
58.78010120317463	-0.0849014361164961	3455.100297455452	0.0072082538546434	65.42404046848385	-0.2766665372708559	0.0765443728454459	4280.305071221813	58.81173680135032	-0.0184592158262546	3458.820385591304	0.0003407426489202	62.46815294046301	51.86462945843632	1.037282	33.125385	0.1178604179851693	0.0543193102700915	-0.0671714694	0.014744391	0.1325642172	0.1242679661	0.0835307137	0.1656674453	-0.057802522	-0.0862208964	0.0719746529	0.0056615497	-0.0053094949	0.1070674721	0.0173333687	0.0803054891	-0.1898254003	-0.1013942003	0.1375442835	0.0005219684	0.0072355008	0.0807422362	-0.0499498484	-0.0065364862	-0.1376506902	0.0612022343	0.1676733917	0.0660817191	-0.1055774856	0.0572188518	-0.0186174454	0.0125516703	-0.0219016499	-0.0805578668	0.0664401479	0.0976290337	-0.0120546959	0.0562046647	0.0580253877	-0.1238740556	-0.0502734932	0.1761138722	-0.0453465137	-0.1098200471	0.0409599755	-0.1197081122	-0.0832083666	-0.1511564137	0.0793675533	-0.0090533669	0.0721753793	0.025390036	-0.0173617302	0.1751001327	0.081926639	0.0279352578	-0.1135080075	-0.0052818137	-0.0427657905	0.0082017356	-0.0328033032	-0.0249435499	-0.045869481	-0.0092254736	-0.169170827	-0.0614473105	-0.0220838843	-0.0731277201	0.0502451161	-0.0795613408	-0.0220628144	-0.0006683476	-0.0549100629	0.0495728072	0.1134524635	0.0773737112	0.1265354887	-0.0511856821	-0.0060444894	0.0499525977	0.0416821346	0.0584766925	-0.0038509502	0.048737272	-0.0394806246	-0.0324283737	0.0052994576	0.0821124633	-0.0987316795	-0.0685712718	-0.065439049	0.010630542	-0.0757331645	-0.0730262686	0.0430529703	0.0837111214	-0.0762641271	0.1380761177	0.0672496858	0.0294483492	0.0852184076	-0.0588477263	-0.0924366025	0.0823585756	0.0368900445	-0.0836646085	-0.0814714494	-0.0974299651	0.044712952	-0.0022023886	0.0783694469	0.1726317539	-0.0098146584	0.0257255008	0.0790699674	-0.0471090095	0.0646741027	-0.0645326348	0.0456514552	-0.040554892	-0.0044881037	0.0801364829	-0.0365446949	-0.1050009027	0.1105426974	-0.0671785353	-0.1366499859	-0.0847707412	0.0044989022	0.02782171	-0.0540347786	0.0855695616	-0.0710974604	-0.0094674694	-0.0379922134	0.1175220216	-0.0748836405	0.0388308438	0.0054648572	-0.1491000086	-0.0887632481	0.014765337	-0.0452458582	0.0691370572	0.10702074	-0.1877597511	-0.0526816605	-0.0404335185	0.1562805901	-0.0111670696	0.214566095	0.0013622436	-0.1514531168	-0.0160868832	0.0210042025	0.2108983108	0.0034661821	0.0176416057	0.0009936131	-0.002561388	-0.0116392194	0.0155661731	-0.0297694556	0.0071157483	-0.022806172	0.0226345005	-0.115910026	0.1961620121	-0.0843960267	0.002382613	0.1089282326	-0.047813418	-0.0143078869	0.0430038667	-0.0064745465	0.0834711324	0.0865262309	-0.0176866325	-0.1160410898	0.0030426755	-0.1571294216	0.0408796073	0.0832825445	-0.0878243183	-0.1035986781	-0.0613102377	-0.0161194581	-0.1003869272	0.1489109592	-0.0191147995	0.0057535357	-0.0666338313	0.0614471214	-0.065807647	-0.1141757547	0.0674593792	-0.006588318	0.0260546831	0.0486537973	0.0553191506	0.0119676593	0.0559419782	-0.0469524072	-0.1055007667	-0.0644048267	0.0	0.0	0.1337442170142679	0.0333765872703394	0.0178875155847595	0.0011139965778145	0.1096915369864461	-0.003129477800627	9.79363130461721e-06	0.0120322332864488	-0.1505206072099625	-0.0074864133741527	5.604638520869375e-05	0.0226564531948558	-0.0011128478611588	0.0003063375313147	1.2384303620857158e-06	9.384268309204604e-08	-0.0026281984850025	0.0007249262162667	6.907427276569436e-06	5.255180190307545e-07	0.0039260521481632	-0.0004460950432195	1.5413885470096876e-05	1.990007875850081e-07	0.0	0.0
58.59625027856176	-0.1838509246128694	3433.520546707849	0.033801162481007	65.04458987238023	-0.3794505961036236	0.1439827548833953	4230.798671666149	58.69999334202912	-0.1117434593212038	3445.6892183542627	0.0124866007010695	62.31956538275645	51.9937717030932	1.01607	32.448002	0.0523808460969826	0.0293826428653045	-0.0420004334	-0.0109419788	0.0499054593	0.1494450466	0.0372480942	-0.0643563635	-0.1293229532	-0.0231802836	-0.0011432152	-0.0613815793	-0.036610831	0.0097705414	0.0870088282	0.0464312032	0.0691273336	-0.095724896	0.0515700482	-0.1918806093	-0.0154998511	0.0636350781	0.001826728	0.0558111756	0.0771249627	0.0005071831	0.1031569257	-0.0740658538	-0.0995477677	0.1424809273	-0.0370214132	-0.0829912183	-0.1801017342	0.184802123	0.0240814274	0.0504564683	0.0139896608	0.0188775221	0.0213467781	0.0223788409	0.144737779	0.1674722413	0.0422366641	-0.1563462731	-0.133211025	0.1010179426	-0.018932711	-0.0612926081	0.1055119505	-0.1497488572	0.0761812541	-0.0412640817	-0.0704165815	-0.0645860894	0.0947628723	-0.0301944718	-0.0089942765	-0.0257683372	-0.0508861074	0.0466690515	0.0697577859	-0.1842423411	-0.048335705	-0.0191812423	-0.0083163172	-0.0706353108	-0.0065074819	-0.0239376349	0.2305573898	-0.0807650976	-0.0915506862	-0.109876567	-0.1704567199	-0.0123595802	0.0940374199	-0.0455675311	0.0965065866	-0.0692974911	-0.1121432189	0.0392222709	-0.0484736396	-0.1153047976	-0.0885205567	-0.0281516664	0.0133779135	-0.0973529207	-0.0436044719	0.0066370329	0.0130651612	-0.0169256599	-0.0455095261	0.1372225953	-0.0936604261	0.0495100799	-0.0611874216	-0.0002614176	-0.1603356577	-0.0343929821	-0.0071785194	-0.0328173517	-0.0312913006	0.1161485025	0.0416530053	0.0396282219	0.0215928754	0.0522804434	-0.0662760503	-0.0482046406	0.0247871553	-0.0284223589	0.091983675	0.0573286643	-0.0776789546	-0.0393223111	0.0023620543	-0.0017471085	0.0096704655	-0.0651615176	0.0617856806	0.100781648	-0.0849225284	0.1405314066	-0.0780594997	-0.0520608835	0.0374584042	-0.0600618565	-0.10505575	-0.1372765123	0.09168511	0.0461857523	-0.0366560883	-0.0473590657	-0.0239043191	-0.1446910088	-0.0557277149	0.0649840853	0.031623691	0.0340190565	-0.0648277341	-0.0489205037	-0.1382141104	-0.0218511747	-0.1780785797	0.0089443191	-0.0981658955	0.0518787153	0.1002961174	-0.0035164063	-0.0849234064	0.0273402574	0.080927034	-0.2270329124	0.0807623401	-0.0212674018	-0.0108919743	-0.133403668	-0.0325802721	0.1089675361	-0.0750689988	-0.0256420302	0.0991962919	-0.0292761583	-0.0958261867	0.0640762282	0.0047510582	0.0253572856	-0.0105606336	0.0164420808	0.0199109661	0.0906897862	0.0146083769	-0.0672057434	-0.036845655	-0.0670294407	0.0008111888	0.0415106634	-0.0190970145	-0.0331290434	-0.0782254785	0.0039215829	-0.116568839	-0.0309175117	0.0652302747	-0.0984593896	-0.0336176095	0.0387182322	0.0181801604	-0.0018683911	0.0402713308	-0.0077924178	0.0363892474	-0.0149492389	0.0763028067	-0.0720924446	0.0249697444	-0.0491612715	0.0545545073	-0.0193989147	0.0315756496	-0.0447544159	-0.0403317633	0.0543442699	-0.0502770413	-0.1058966202	-0.0583057138	0.0	0.0	0.1312036083636769	-0.0025406086505909	0.0172143868476491	6.454692315457809e-06	0.1122487067443529	0.0025571697579068	6.539117170753147e-06	0.0125997721657797	-0.1598406283462523	-0.0093200211362897	8.686279398088855e-05	0.0255490264701247	-0.0011099695766846	2.878284474200051e-06	1.23203246116539e-06	8.284521514421062e-12	-0.0031223422037014	-0.0004941437186989	9.749020837014917e-06	2.4417801472957775e-07	0.004188291076034	0.0002622389278707	1.7541782137586038e-05	6.876925529082659e-08	0.0	0.0
58.56602987339513	-0.0302204051666308	3429.9798551314107	0.0009132728884353	65.33040216233995	0.2858122899597219	0.0816886650920201	4268.061446693073	58.730675831150975	0.0306824891218582	3449.292283583741	0.0009414151387129	62.33816156258165	51.81330743730763	0.985194	31.461966	0.1084822713648805	0.0512748544881382	-0.0385630945	-0.0487928444	-0.0037167262	0.1614288214	-0.0221554315	0.0085450845	-0.1242644984	-0.0946690611	0.0170616742	-0.0401794734	-0.0431341083	-0.017488219	0.1586365694	0.0342817041	0.1344058265	-0.0495558394	0.0588952697	-0.0520584836	-0.0163586348	0.0995637428	0.0812317159	-0.0435397165	0.0340044151	-0.1363757438	-0.0670454286	-0.0777707561	-0.0553505943	0.0229690895	-0.1077966221	0.1286319258	0.0004789081	0.1261745385	-0.1309121038	-0.0195738801	-0.0837147043	-0.0650267835	-0.0529969089	-0.0814894213	0.0327689575	-0.1076617416	-0.0391652623	0.0061063589	-0.0923740261	0.0585710611	-0.0274193514	-0.0035438621	0.0741463778	0.0377123286	0.0957536633	-0.1359211097	0.0072078504	0.0503642032	-0.0773536011	0.0393457318	-0.0355924537	0.0876222937	0.0425444048	-0.0637428905	-0.1141666532	0.1084309842	0.1812371759	0.1249675955	0.1307430971	-0.0846341161	-0.0630264633	0.0355382575	0.0205743399	-0.0678140197	0.0681892524	0.0780330486	-0.1410196624	-0.0548795926	0.0142996721	0.0717104388	0.0375807924	0.0004333323	0.1115447103	-0.054719545	0.0937112298	0.0815152064	0.0277853933	0.0778587708	0.0238625872	0.1364996321	-0.1177885593	0.0442299183	-0.1737125247	0.0008480627	-0.0654982802	-0.1196795783	0.0321084547	-0.0134733395	0.0858408523	-0.0067895612	0.0471827866	-0.1105145411	0.0508770452	-0.0148977689	0.0878781584	0.1236761346	0.1006987231	0.1142548643	-0.0984853097	-0.042262852	0.012428117	-0.0393825016	0.0023297772	-0.0783360538	0.1082091028	0.0818825221	0.0027061985	0.0494046558	0.0668756846	-0.0327418929	-0.0583348677	-0.0574826529	0.1108814304	0.1635343195	-0.1289098695	0.0499944229	-0.0263957041	-0.059218008	0.0067930018	-0.0765250388	-0.0327616306	0.1454624981	0.0907869182	0.0974789409	0.0057835672	-0.1059865621	0.0214934755	-0.1379883391	0.036792812	-0.0051512138	0.1131728609	0.0550998633	-0.1480889362	0.0699131615	-0.0519832156	0.0789413265	0.0661576351	-0.007822058	-0.0438698759	0.0099281455	-0.0072648873	0.08316656	0.0281024253	0.1245882917	0.045378284	-0.0338287463	0.0772872648	0.088498371	-0.0896738398	-0.1232906251	0.0196570218	0.003793949	0.0127128676	0.0581422916	-0.0511442151	-0.0318135951	0.0566859494	-0.1721069087	-0.0217803741	-0.0778997059	-0.0458249809	-0.0220518608	0.0643289045	-0.1081155761	0.0508744243	-0.1211941534	0.1260013231	0.0695082885	-0.1121202311	0.0022739033	0.0643288346	-0.0539466689	-0.0045520187	-0.0743970898	-0.1404705435	-0.1632465124	0.0006014306	-0.0976252592	0.0682968665	0.0291140026	0.0221368954	-0.0052742681	0.116938845	-0.1112857332	-0.0288352881	0.0561392877	-0.0318019892	-0.0186902128	-0.0455885862	-0.0731758133	0.0080896921	-0.0801760044	0.0092672519	-0.1015387543	0.0137620672	0.0527296337	-0.0535390365	-0.1059956606	-0.0519161246	0.0	0.0	0.1116253704784924	-0.0195782378851844	0.0124602233344606	0.0003833073986888	0.1127806622623239	0.000531955517971	2.8297667309979495e-07	0.0127194777803283	-0.1265391183250273	0.033301510021225	0.0011089905696937	0.0160121484664752	-0.0014112793265198	-0.0003013097498352	1.9917093374621804e-06	9.078756534575084e-08	-0.0025786533940048	0.0005436888096966	6.649453326412474e-06	2.95597521789306e-07	0.0044447038753122	0.0002564127992782	1.9755392539215288e-05	6.574752363368257e-08	0.0	0.0
58.483743445727406	-0.082286427667725	3420.3482474256634	0.0067710561783157	65.24737422471276	-0.0830279376271931	0.006893638426625	4257.219843219711	58.7257491017374	-0.0049267294135759	3448.713607560211	2.427266271459462e-05	62.28242037085287	51.59972674529869	0.966975	30.880157	0.0628577834339174	0.0333996110650123	-0.0064048428	-0.0451970848	-0.023155334	0.1384878249	-0.0272507595	0.0957704247	-0.1564353054	-0.0526282039	-0.0020557795	-0.1846184488	-0.0332809141	0.0255572835	0.0302646719	0.0308512744	0.1083567956	0.0375333033	0.0321229438	0.0402192061	0.0243163182	0.0637664065	-0.0131467866	-0.0107629864	0.0804227031	-0.055292812	0.0056804735	0.0350920978	-0.0305226117	0.0079709292	-0.0309045484	-0.0320579921	0.0488409167	-0.0544742322	-0.1485154278	-0.0905514509	0.0059629835	-0.0696978062	0.0445160676	-0.1157198135	0.0460565661	-0.008133427	-0.0647470005	0.0339861943	0.0125457671	-0.0512472992	-0.0774837078	0.0715415493	0.0640894712	-0.0338553637	0.0516557098	-0.0208018762	-0.0560256815	-0.1662578857	-0.0196170038	-0.0232634866	0.0041975542	0.1406081963	0.1225109846	-0.0956862679	0.0421059133	0.1128187359	0.0463613478	-0.0310565622	0.0674248647	0.0005466717	0.0551382226	-0.0497598654	-0.1278154514	-0.0404466043	-0.0162057882	-0.0612177876	-0.1252287986	-0.0492277931	-0.1239836614	0.1070877142	0.0216516064	-0.0132943818	0.0602744799	0.0475367363	-0.102535568	0.151194318	0.0036360511	0.0211357832	-0.0411024017	0.0055391391	-0.0284336847	0.0611402334	0.1034533869	-0.0351346526	0.1476086328	0.0493824386	0.0369912413	-0.0042185254	-0.0667481729	-0.0362825836	0.0027268225	0.1296566307	0.0121815371	-0.0503428412	-0.0591517039	0.053508367	0.0519934301	-0.0196026473	0.0295230333	0.0600279976	-0.1285525368	-0.0129477804	0.0043434106	-0.0854069258	0.058104194	0.0365974393	-0.0131454881	-0.0076336506	0.1207496388	-0.1065225051	-0.0714669619	-0.0666631096	0.0994329881	0.0806557928	-0.0591884815	-0.0150408809	-0.0154851778	0.0623599121	0.0378805476	0.0491617505	-0.0404518473	0.0007642953	-0.0044498668	0.0264591414	0.0119557125	-0.0458959919	0.0599676065	-0.0958689557	0.0037803884	0.0826762039	0.0418299757	0.0120672229	0.067946542	0.1480227888	-0.0258865837	-0.0022348605	0.0193165779	0.0527426704	-0.029523352	-0.0515349359	-0.0182140235	0.12201274	-0.0277967535	0.0696181706	-0.0748579104	0.0685223426	-0.1063427136	0.0909541808	0.0702720483	0.0572056576	-0.1410650498	0.1398898943	-0.0232221514	-0.0159361825	0.0122334316	0.0002493659	-0.1022945158	-0.0149414697	0.062157989	0.0827345705	-0.0551049161	0.0323344435	0.0320430174	0.080528043	-0.016629873	-0.0060774748	0.0752867906	0.0634456127	-0.0762983033	-0.0754519585	-0.0322068469	-0.0354978333	0.0090776903	-0.0250720447	-0.1604736682	-0.1054981766	0.0224418927	-0.121184786	-0.028168936	-0.0301821484	-0.0761982572	0.1042040849	0.1410266094	-0.0502431477	-0.0003624186	-0.083407136	0.0023969524	0.0110281936	0.0066522683	-0.0943423804	-0.0132957564	0.0238889996	-0.0134857197	0.0150693975	0.0167494673	0.0510985726	-0.0567343287	-0.1057976105	-0.045267892	0.0	0.0	0.1314771799848131	0.0198518095063206	0.0172862488567589	0.0003940943406752	0.1124745504230446	-0.0003061118392792	9.370445814695395e-08	0.012650524492866	-0.1269177981816298	-0.0003786798566025	1.43398433796493e-07	0.0161081274952729	-0.0011139133899261	0.0002973659365936	1.240803040256656e-06	8.842650024624836e-08	-0.0020999489781399	0.0004787044158648	4.409785710790811e-06	2.291579177685549e-07	0.0043743505831365	-7.035329217569986e-05	1.913494302418664e-05	4.9495857199593925e-09	0.0	0.0
58.46466455313618	-0.0190788925912244	3418.1170013107385	0.0003640041425074	64.99435173290581	-0.253022491806945	0.0640203813601955	4224.265757180677	58.74537502328261	0.019625921545213	3451.0190866261164	0.0003851767964988	62.27896368977521	51.51901353989448	0.9792320000000002	31.271564	0.1008144302119571	0.0525918231499541	-0.0161806852	-0.0408866497	-0.0364257903	0.073193978	-0.0316838894	-0.1176278622	0.0350701887	-0.0129631446	-0.0044785326	-0.0931486415	0.0031090691	0.0240973654	0.0002937584	-0.0225041541	0.0430008759	-0.0156702794	0.020813472	-0.0136955826	-0.1304131114	-0.0563333572	-0.0625988065	0.107771959	-0.0960394143	0.1500455019	-0.0696120328	0.0027927734	0.0423539568	-0.1266475122	-0.0312995383	0.0508626504	-0.0707400321	-0.0792633635	-0.0535651882	0.0813965692	-0.0218483769	0.0894470178	-0.0973107499	-0.0113757311	-0.13344693	-0.0275990882	-0.021698988	-0.0930084505	-0.013671051	0.1414717504	-0.0611109978	-0.0300301295	-0.0640785064	0.0325031531	0.0362521944	-0.1084501242	0.1228034524	0.0062909486	-0.044108338	-0.1013681502	0.0172979154	0.0068891117	0.0721640683	-0.0707126111	-0.0914117191	0.0842594426	-0.0169959463	-0.0596429351	-0.0451041019	-0.0306912621	0.0608448005	-0.0305290747	-0.0619173396	-0.0212470788	-0.069992314	-0.0415390218	0.1308883705	0.0185833161	0.0338126767	0.0281271994	-0.0123183806	0.0164944539	0.0083688161	-0.0304281987	0.0207665046	-0.0007210721	0.0173261824	0.0058439661	-0.0799803828	0.0266833219	-0.0759919456	-0.1298488665	-0.0736734647	0.0204406371	0.0116671492	0.018575665	-0.079681756	-0.0018874983	-0.0445447401	0.0586680506	0.1643022337	-0.0097096184	-0.1720590122	-0.0346701336	-0.0195474313	-0.2025088035	-0.0639005326	-0.0629666103	-0.0873216762	0.0856536009	-0.0166219768	-0.0123104823	-0.0020547977	-0.0217608617	0.0808515225	-0.0099709377	-0.0674221938	0.0166393643	0.0021088728	-0.005461446	-0.0402442885	-0.0100938436	-0.0006628872	0.0679773228	-0.1297737692	0.105561401	-0.0172807054	-0.0690523648	-0.0618525489	-0.0249683503	-0.0795755742	-0.1268487561	0.0030773777	-0.0639664741	-0.0347400187	-0.0010885976	-0.0744007831	0.0076070124	0.0745540339	0.137801645	0.0822109429	-0.0916065298	-0.1108662323	0.0119584246	0.0490570978	0.072987141	0.0488862061	-0.0412574333	0.0106707447	0.0768440963	0.0477988739	-0.0744402687	-0.0342255765	-0.0427438119	-0.0558161548	0.1521795887	-0.0983575058	0.0555627892	-0.1213438781	-0.0717953505	0.0392864643	-0.0680522168	0.0983844618	-0.0816246611	-0.0113951575	-0.0141938284	0.0640998592	-0.0803764435	0.0357698862	-0.0400222506	0.0312730472	0.0091152683	-0.1374325516	0.0743593866	-0.1246836182	-0.1488935115	0.1051138873	-0.083678798	-0.0695782299	-0.1047145833	0.0038396505	-0.0211364745	-0.0356922463	0.0228223038	-0.002234497	-0.092901628	-0.0011999719	-0.0271817656	0.0907638641	0.017685517	0.0367155284	0.0711345614	-0.0502158668	-0.0274965854	-0.0556927265	-0.0897347774	-0.0440618942	0.1170939402	0.0924986896	-0.1400100691	0.1001700782	0.0451137694	0.0294515243	0.0406855313	-0.0740379161	0.0494515946	-0.059858937	-0.105303025	-0.038394137	0.0	0.0	0.1195718528589537	-0.0119053271258593	0.0142974279961232	0.0001417368139737	0.1118380324310237	-0.0006365179920208	4.051551541663174e-07	0.0125077454980427	-0.1272128321324217	-0.0002950339507919	8.704503211988762e-08	0.0161831046591517	-0.0004938679886959	0.0006200454012302	2.439055902585337e-07	3.844562995867198e-07	-0.0026869564722329	-0.0005870074940929	7.21973508367427e-06	3.44577798121343e-07	0.003821852455594	-0.0005524981275424	1.460655619232989e-05	3.052541809379684e-07	0.0	0.0
58.53761098704088	0.072946433904697	3426.651900070129	0.0053211822194123	65.26230938429603	0.2679576513902191	0.0718013029385621	4259.169026171574	58.65302104752736	-0.0923539757552518	3440.176878001688	0.0085292568378016	62.32933632647585	50.76859170684725	0.990448	31.629751	0.1209040479503562	0.0694150050116363	-0.0204257972	-0.0978492567	-0.0243106772	0.0030060109	-0.0278009451	0.0176997976	0.1086713569	-0.0595473515	-0.0486869413	-0.0178736563	-0.1763045005	-0.0226483139	0.1220422027	0.0497863501	-0.0161644165	0.0504102777	-0.0572495494	-0.0696128847	-0.0853271727	-0.0324270644	0.127197986	-0.022413677	0.0035423064	-0.0879275836	-0.1148913306	0.0339964134	0.0377097273	0.051500786	0.0084272294	0.1028492976	-0.0879773292	0.0523150382	0.192476225	-0.019749999	-0.13117036	0.0723279372	-0.0020920297	-0.115294131	-0.0799907148	-0.1467840631	0.1043043395	0.0349417134	-0.1236248162	-0.1399472743	-0.0027888315	-0.0302162815	-0.1633857586	-0.0777299408	-0.0134948618	0.0673913882	-0.0222362198	-0.010786882	-0.0092622028	0.1311498105	-0.0782172376	0.1782647907	0.0066478049	0.1674608606	0.0065328021	0.0354270797	0.1030843205	-0.0934438325	-0.0528421676	-0.0261059396	0.1224313392	0.0413296897	0.0082982549	0.1318280557	0.0669084829	0.1688968877	-0.0290317868	-0.023242978	-0.0660153426	-0.0040876073	0.0787806707	-0.0925030903	-0.0440698742	-0.0776234365	0.0191592346	-0.0474619934	-0.1114430344	0.048436066	0.0329588138	0.1233712998	-0.0670899854	-0.0360308368	0.0370559305	-0.0341770459	0.0309997331	0.0102135746	-0.0622960412	0.0022294364	0.0017874938	0.0586666011	0.0422007976	-0.1219884551	-0.1727272776	0.1326287409	-0.0161750452	0.047343926	0.0193868795	-0.0709401329	0.011763554	0.0051128968	-0.0188372532	-0.030181399	0.0796780614	0.0128859891	0.1208758527	-0.0423768502	-0.0834491506	0.0313332437	-0.0967230833	-0.0165973253	-0.0289075639	0.057353541	-0.0433984886	-0.0222357444	-0.0746953075	0.0552832411	-0.0646696519	-0.041969725	-0.029991291	0.0332587522	0.0537323471	0.0219767133	-0.0856225906	0.0104675004	0.162169874	-0.1054276595	0.0378260066	-0.1310022894	0.0282480661	0.0924324179	-0.0229351055	-0.130385826	-0.1786649009	-0.0242481856	0.0146224913	0.0930363519	-0.0233965578	0.1095752472	-0.1317062466	-0.0221461448	0.029569291	0.0571331116	0.0177749424	-0.0164048308	0.0948335594	-0.0190777076	-0.1013793315	0.0009405611	0.0241283526	-0.0396232857	0.0326137719	-0.1682762734	0.0450423807	0.0963701221	0.0018368191	0.0553027964	-0.1059773086	-0.0368993044	0.0955886476	0.0046220363	0.1077366483	0.007685655	0.0189670966	0.0904241593	0.0402908755	0.0466539611	0.11463504	-0.0804453291	-0.0232357267	0.0579281973	0.0173381938	0.018335848	-0.0744716661	0.1169454159	0.0279152664	-0.0185151935	-0.0577971596	0.0417719601	0.1059467908	-0.0672335335	0.0153780901	-0.0104197595	-0.0793146923	0.038709765	0.0438458306	0.0828712157	0.0797728588	0.0402126683	0.011412243	-0.2015582035	-0.0699431284	-0.0666413017	0.0647674184	0.0150760479	-0.1166315765	0.0477892128	-0.0629089685	-0.1045132902	-0.0313291043	0.0	0.0	0.1086291496251306	-0.0109427032338231	0.011800292148279	0.0001197427540635	0.109086397592037	-0.0027516348389867	7.571494287125376e-06	0.0118998421396079	-0.1597835417772231	-0.0325707096448013	0.0010608511267659	0.0255307802228735	0.0004989632239202	0.0009928312126161	2.489642988248397e-07	9.857138167447555e-07	-0.002682679737199	4.2767350338997374e-06	7.196770572378096e-06	1.8290462550185388e-11	0.0033261803985891	-0.0004956720570049	1.1063476043958345e-05	2.456907880954692e-07	0.0	0.0
58.60314516800556	0.0655341809646827	3434.3286235823334	0.0042947288747117	65.19072269143798	-0.0715866928580482	0.0051246545943525	4249.830325031967	58.78582414319984	0.1328030956724788	3455.773120195217	0.0176366622201935	62.39565916771806	50.97910589313174	0.928695	29.657675	0.0469674293675189	0.0250134052818209	-0.030319596	-0.0990924129	-0.0344824184	-0.0422942596	0.0236056939	0.0380245506	0.0878100085	-0.0437306125	-0.0390889172	-0.0154664653	-0.028044451	0.0097157384	-0.005980332	0.0110365586	0.0942108853	-0.0424940892	0.0825069391	0.1693362807	-0.0692840664	0.0672212762	0.0264779343	0.0458741293	0.0249944484	0.0569486803	0.0926173765	-0.0521024115	0.0943494199	-0.0263123822	0.0697045357	0.0743670827	-0.1336859625	-0.0015410625	0.127521608	0.0250634517	0.0873971438	-0.2060920106	-0.0021891915	0.0456765075	0.0359173483	0.006737141	-0.1528162145	0.0569370441	0.1155988472	0.0684680935	-0.065970997	-0.0362809298	-0.1054139504	0.0019115608	0.0469660827	-0.0474853958	-0.0474907531	-0.0393025221	-0.0967902956	-0.0906946824	0.0918033021	0.0465871169	0.0066435979	-0.1181073416	0.0169674415	0.130826572	-0.0580224027	0.042414903	-0.0230137865	0.0317178999	0.00431637	-0.0545266061	-0.0698224825	-0.0153317469	0.127162366	0.0172638956	0.0061660104	0.0786710893	-0.0595545442	-0.0142149681	-0.0271866674	0.0200766918	-0.0208035112	0.0598046851	-0.1163449698	0.1082671283	-0.042880421	-0.0669997598	0.0545665302	-0.1102912604	0.1604057415	0.132040779	0.1094586371	0.0045652666	-0.1218997831	-0.1421070734	-0.1436382448	0.0055234565	0.1183864416	0.0509524484	0.0367577511	0.0188012621	0.153513916	0.0802046951	0.0409609649	0.0954327265	0.0109489311	-0.0706973541	-0.0447919547	0.0201008632	0.1233759263	-0.0514668541	0.0638174817	0.0369149037	0.0692039817	-0.0107030004	-0.0454321409	0.0238638885	-0.1261934674	-0.0812120519	-0.0375201805	0.0447208756	-0.0029912583	-0.0619006555	-0.0924269583	-0.1219548698	0.0244074579	0.0879421049	0.0463899084	0.0663511932	0.0048458752	0.0731042548	-0.0444190185	-0.0239444961	0.0632788673	-0.0703128276	-0.0166319201	-0.0451569508	0.1634021962	0.078285289	0.0316904904	-0.050709003	-0.0012354144	0.0080736324	0.0570966313	0.0058018535	0.0658996239	0.0465881057	0.0851410871	-0.0207309127	-0.0287901047	0.0288713164	-0.0590411033	0.0355698202	0.0661809242	0.0835627058	0.073228747	0.0679931988	-0.0919503781	-0.0159826548	-0.0264908838	0.0718564743	-0.0081538325	0.0199943117	0.1210452088	-0.0420266328	-0.0083577603	0.0666364486	0.1283424942	0.1315834482	0.0374033556	0.0523046848	0.0490110302	0.0774536392	0.0020679579	0.1639978385	0.072750767	0.0580482754	0.1643329115	-0.0162379949	0.0209493535	0.0192825302	-0.1007586086	0.113169211	0.0896838433	-0.0123087196	-0.0539606549	0.0622965472	0.052346106	0.0073758195	-0.0994464194	0.0279974234	-0.0819783775	-0.0282795053	-0.0486028489	-0.0824296167	0.0111115713	0.0366310308	0.1398064774	-0.1652387222	-0.0041349717	-0.149381458	-0.0775067954	0.0217872023	-0.0130440375	0.046111945	-0.0658806233	-0.1034306197	-0.0241079916	0.0	0.0	0.1086171452533619	-1.2004371768695177e-05	0.0117976842429899	1.4410494156104575e-10	0.1034442243300191	-0.0056421732620179	3.18341191186298e-05	0.0107007075472393	-0.1797828236831904	-0.0199992819059673	0.0003999712767543	0.0323218636915011	0.000294621835174	-0.0002043413887462	8.680202576129563e-08	4.175540315472564e-08	-0.0025320333221585	0.0001506464150405	6.41119274452101e-06	2.269434236455464e-08	0.0032548888058205	-7.129159276860007e-05	1.05943011382556e-05	5.0824911994839095e-09	0.0	0.0
58.69967010924469	0.0965249412391315	3445.651270934155	0.0093170642812178	65.44890008682475	0.2581773953867667	0.0666555674886948	4283.558522575168	58.85180051288013	0.0659763696802926	3463.534423607838	0.0043528813561906	62.44592272913898	51.41066028799488	0.942523	30.09927	0.1012563279861418	0.0516674306076087	-0.0433146877	-0.0930571901	-0.0097641558	-0.0186293432	0.0770770368	0.0420953971	0.038264772	-0.0884567357	-0.0870183899	0.0186585358	-0.0681499821	0.014894153	0.0993946483	0.0486433003	0.1779357533	0.0071691924	0.0090087139	0.0528349765	0.0403832639	-0.0580877758	-0.0146797777	-0.0014445353	0.0015642774	0.1717370203	0.1318794222	-0.0436744011	0.0715428774	0.1770153328	-0.0591087709	-0.0195015372	0.1024604674	-0.139653763	0.0252076444	-0.0482958302	-0.0464969848	-0.0088238344	0.0141259772	-0.0007631278	0.0746115136	0.0965845623	0.0872992979	0.0588678267	0.0924556034	0.0316796002	-0.08092327	-0.1566581709	-0.0896564183	0.125703821	0.034527011	0.2264819301	0.0816673319	0.1462984813	0.0233399493	-0.0708564792	0.0754757671	-0.1782082371	0.086023161	0.0190612712	-0.0522200228	0.0193287398	-0.0403280156	0.0605757237	-0.0600629192	-0.0224818728	-0.0712328081	-0.0545806748	-0.1030729707	0.113811713	0.1051958339	-0.0080689757	-0.010976726	-0.1241840809	0.1019984144	0.0593342229	0.0465650895	0.0133322668	-0.0580174202	0.0749090022	0.0901639428	0.036633351	-0.1234952177	-0.1549834199	0.0494656901	-0.0665108994	-0.0507957158	-0.0287615548	-0.0289705734	0.0956277076	-0.0209188199	0.0219826727	0.0451678025	0.1345049624	-0.0312438686	-0.1121361557	-0.0290707588	0.1263730077	-0.0040592544	0.0843397713	0.067143052	0.1205586784	-0.0317179029	-0.0376700801	0.0539247225	0.0694007488	0.0827591185	-0.0628179822	0.0942175521	0.0260103194	0.0930538373	-0.0181667362	-0.0481190968	0.1952078742	-0.1097644754	-0.0176951251	0.0358699583	0.0355331896	-0.0650198495	-0.030113267	-0.0308071256	-0.0538326805	0.05891805	0.0947976072	0.0678517493	0.1126771191	-0.0443254833	0.0713311491	-0.053510569	0.0055101937	-0.0828792862	0.0014834067	0.0937814573	0.0590406068	-0.0598116763	-0.1637590064	-0.285337323	-0.0538126626	0.0161576648	0.063386425	0.161239345	-0.0897012398	0.0790576408	0.1080327949	0.0398981983	0.0454204622	0.0593416449	-0.1087803271	-0.0411858049	-0.0858918701	0.1859362367	-0.0380800402	-0.0441095184	0.0040734982	-0.071214317	0.025200818	-0.0499948034	-0.0121921183	0.0160788735	0.0346586697	-0.0615382485	-0.0126901129	-0.0672718909	0.0241582399	-0.0528082362	0.1795540168	0.0511615688	0.0018369955	-0.0253916462	-0.0095012135	-0.1276469887	-0.0178512745	0.1182047186	0.0754329811	0.0230990877	-0.0925233938	0.0080510022	0.0307214825	-0.107583214	0.1264488243	0.0045750378	-0.0653244734	-0.040378071	0.0775247762	0.1877866413	-0.051576477	-0.0446823333	-0.0734987657	-0.0383636466	-0.0047518202	0.0570214841	-0.0822478884	-0.0021672496	-0.0826582862	-0.0258899189	0.0216295119	0.0723004444	-0.0215591135	-0.0349146971	0.0330820226	-0.0444881484	0.0444203137	-0.068770199	-0.1020580481	-0.0167667741	0.0	0.0	0.0809383965115841	-0.0276787487417777	0.0065510240298664	0.0007661131319104	0.1108609627694789	0.0074167384394598	5.500800907936071e-05	0.0122901530661757	-0.1933927095865897	-0.0136098859033992	0.0001852289943035	0.037400740121243	0.0009433343113766	0.0006487124762026	8.898796230203641e-07	4.208278767809089e-07	-0.0022619127215217	0.0002701206006367	5.116249159781704e-06	7.296513888838552e-08	0.0033870748270112	0.0001321860211907	1.1472275883772947e-05	1.7473144198228212e-08	0.0	0.0
58.76403381141161	0.064363702166915	3453.211669788727	0.0041426861566313	65.4041733291914	-0.0447267576333558	0.0020004828483929	4277.705888874911	58.86760324565488	0.0158027327747447	3465.3947118878364	0.0002497263631499	62.51635373695232	50.972184793098826	1.060211	33.85762	0.1207908735093038	0.0782503507142001	-0.016898052	-0.0150709483	0.1125944404	-0.0709734155	0.1003036175	-0.1307846857	0.0796221211	-0.087107056	-0.0969578635	0.0330128833	-0.0263264242	0.0811551265	-0.0594584045	-0.0099718441	-0.0300914432	-0.1311182309	-0.0868514947	0.1596183433	0.0592949042	-0.0404937804	-0.0036146851	-0.0046321004	0.0064749317	0.0977061056	0.0625690284	-0.0330856777	0.0670143679	-0.1149310127	0.0031589016	-0.0270329923	-0.0736676621	-0.027466632	-0.1229291954	0.1088963198	0.1159435785	0.0546034926	-0.0002688619	-0.0336558716	-0.0015621468	0.0369912214	-0.1476172464	-0.0539794957	-0.1505273911	-0.0649787411	-0.1030010167	-0.101189944	-0.0043678563	-0.0698798328	0.1063498303	-0.0418753442	-0.0217173507	-0.0282137647	0.0951946443	0.1181310543	-0.0451981764	-0.0305808519	-0.1179067044	0.0686302138	0.0279155206	0.1039989515	-0.0194971463	0.004745605	0.0129718209	0.1515015523	-0.0174421391	-0.0301756591	-0.0112997222	0.0462069262	-0.1242903074	0.0740989813	0.0711693697	-0.037525625	-0.0881846801	0.0379591183	-0.1313465463	0.0560642997	-0.0371763273	-0.0287862524	-0.0663511323	-0.0114943587	0.039830227	0.0245969868	-0.0197378422	-0.0472986769	-0.0298106842	0.0696867475	-0.0898058802	0.0125731923	-0.1869267877	0.0192236511	0.0873475556	0.0884932636	-0.05274442	0.0023858912	-0.0204082183	-0.028501826	-0.1174879243	-0.1110879123	0.0596510923	-0.0017325447	-0.0106326376	-0.0096533287	-0.1434245075	0.1316136722	-0.0248257737	-0.0846862978	0.1043898975	0.0389257744	0.0123978344	0.081741944	0.0919990651	-0.0821916243	-0.2165434028	-0.0446859493	-0.0302974595	0.0137853081	0.0368136873	-0.0116691425	0.1009077064	-0.0228946025	-0.1402865803	0.0069369353	-0.0375921006	0.0213580108	-0.062718697	0.0242330351	-0.0431962548	0.0688031511	-0.0836653391	-0.0623426001	0.0333601378	0.0245092758	0.0226071127	0.0556328554	-0.1358705455	0.0294326136	-0.0211610021	0.0055089871	0.0380677335	-0.1527986519	-0.0039811898	-0.0682897742	0.116102	0.0892097546	-0.0313564759	-0.0397147047	0.127711422	-0.0656395802	-0.0532344078	-0.0563823327	0.0369479266	0.0529088735	0.0301421212	0.0409364867	-0.0209817426	-0.1040219645	0.1085878542	0.0183256316	0.059917507	-0.0397191535	0.0095313364	0.0669976198	-0.0305822994	-0.1144089676	0.0227516374	-0.0577326617	-0.0517469778	0.0635669374	-0.1054804778	-0.0864578511	0.0521654045	-0.0458495932	-0.048003252	0.0014413396	0.0632006146	0.0331267289	-0.1126745089	-0.0061434086	0.0383974582	-0.0596090516	-0.1040400666	0.0844741826	-0.0714188139	0.0996060574	-0.1389424627	-0.0135438987	-0.0268838843	0.0260966557	0.2021942447	0.0611350441	-0.0322021023	-0.0529009354	-0.0837907579	-0.11655683	0.0181907728	-0.0832993283	-0.0858921881	0.0347622742	0.0415927011	0.0427148457	-0.0715740957	-0.1003994225	-0.0093420254	0.0	0.0	0.1398992784043855	0.0589608818928014	0.0195718080980677	0.0034763855935768	0.1108312174333576	-2.974533612130903e-05	8.847850209696517e-10	0.0122835587577601	-0.2422408652909808	-0.0488481557043911	0.0023861423157204	0.0586806368169231	0.0010310292655363	8.769495415969996e-05	1.063021346392322e-06	7.690404985071876e-09	-0.0022616755325268	2.371889949001789e-07	5.115176214430384e-06	5.6258619301757094e-14	0.0035581844953764	0.0001711096683652	1.2660676903137006e-05	2.9278518608048728e-08	0.0	0.0
58.73893817894494	-0.025095632466666	3450.262858389916	0.0006297907689019	65.51876686304121	0.1145935338498134	0.0131316780001883	4292.708811253547	58.89603633965136	0.0284330939964831	3468.743096521533	0.0008084408342128	62.44601033774376	51.59082476825981	1.117744	35.694935	0.3306831148759192	0.1715596130767449	-0.0463866106	-0.003686179	0.0338616559	0.054818433	0.1948229136	-0.0656215736	0.1827382371	-0.1088266253	-0.0448122094	-0.0125953288	-0.0555594012	0.1518269315	0.013533485	-0.009033645	0.0668616755	-0.0061491873	-0.1652373213	0.0123067915	-0.0039271865	0.187400183	0.0109176431	-0.1335136638	-0.0607480733	-0.0405754986	-0.1159983947	0.1285406756	-0.0772618533	-0.0822598124	0.0737076835	-0.0553280374	-0.1450317612	-0.0644591743	0.0734550474	0.0542880451	0.176402515	-0.0113076684	0.1618458041	-0.0067184029	-0.0711458209	0.01690149	-0.0719671009	0.0212857159	-0.0189436083	-0.0807802753	-0.109937681	-0.1094259697	-0.0447983402	-0.0625887518	0.0533594862	0.0792776225	-0.0039599572	-0.1099904473	-0.0104956135	-0.0202828275	-0.0176325185	0.0156364216	0.1467971928	0.0949536834	-0.142327106	0.0063673536	-0.1104074736	0.1816294408	-0.0860754898	0.0266788847	-0.0862469355	0.0614077084	0.1151874288	-0.0236366026	-0.0169713986	-0.0508371779	0.0369393936	-0.0156763202	-0.1215091393	0.0368928489	-0.1999332469	-0.1237753895	-0.2413017193	-0.1302099884	-0.0813783477	0.0004894453	0.0740805296	-0.0253303256	0.0255876448	0.0596061464	-0.0550969039	-0.0603931448	-0.0757470041	0.0755130327	-0.0059902261	0.0552640773	0.0805164596	-0.0426510636	-0.0486301045	-0.0547064876	-0.1110332532	0.0526665416	0.0214949074	0.0328662297	-0.0506651947	-0.1591597361	-0.0685466778	0.017089925	0.0593932851	-0.0766119905	0.078784723	-0.0438232161	0.0620279997	-0.0118053751	0.1563334101	0.1117788697	0.1421041839	0.221398517	-0.1631763883	0.066353277	0.1103783007	0.1309275398	0.0353667181	0.0563015869	0.0624917718	-0.0859003169	0.0570018877	-0.0167036884	-0.0626032085	-0.054031945	-0.035450652	-0.0137865253	0.1800303933	-0.0498912672	0.0953287773	-0.076507141	0.0303105036	0.0786081389	-0.0888168535	0.1331678343	-0.1197345025	0.029089388	-0.0648658402	-0.0706838792	-0.0855548231	0.0177352207	-0.0143939473	0.0275648139	-0.118899937	0.0475515075	0.036433812	0.0195443391	-0.0285651822	0.065393586	-0.1552046744	0.0033175426	-0.063382192	-0.1815647178	0.0569854349	0.0962607882	0.0090729278	0.1399785084	0.0016268317	0.0405211561	-0.2072359972	-0.0604263182	0.1148280094	0.0092563924	-0.0696591817	-0.0976723083	-0.0164475649	-0.0326312449	0.0936395935	0.1282210381	-0.0801779605	0.0276363543	-0.0232666683	0.0028962695	-0.1316208331	-0.0254594435	-0.094008719	-0.011894745	-0.0787696238	0.073816352	0.0805132372	-0.1510136747	-0.1434257502	0.0387033257	0.052022221	-0.1314918923	-0.1287629601	-0.2214739791	0.2108306806	0.0331024211	-0.0520772796	-0.1401703484	-0.2157822516	0.0245272595	0.0189501292	0.0684363848	0.2604472358	0.1388267776	0.0218563046	0.0046386162	0.080105814	0.0409960724	-0.0742888199	-0.0984593917	-0.0018707352	0.0	0.0	0.08208836823772	-0.0578109101666655	0.0067385001999315	0.0033421013342982	0.0884035172165056	-0.0224277002168519	0.0005030017370169	0.007815181856249	-0.1962632153157741	0.0459776499752067	0.0021139442972426	0.0385192496860859	-0.0013307325991597	-0.002361761864696	1.7708492504663308e-06	5.577919105532328e-06	-0.0006859701559118	0.0015757053766149	4.705550548016592e-07	2.4828474338934184e-06	0.0037100543444093	0.0001518698490329	1.3764503238470322e-05	2.30644510452759e-08	0.0	0.0
58.66597876868733	-0.0729594102576101	3441.697064888073	0.0053230755451382	65.32631427037141	-0.1924525926697953	0.0370380004253261	4267.527336151332	58.89013473533281	-0.0059016043185522	3468.047969145652	3.482893353275451e-05	62.39436038445778	51.86629064773624	1.153557	36.838608	0.3592154883217537	0.1999933230735103	0.0089136991	-0.0757216484	0.0156623697	0.0654772359	0.0910439403	-0.1920517247	0.0796732513	-0.0682169358	-0.0130575887	-0.0973372542	0.0161834377	0.034295902	-0.0757638027	-0.0099319554	-0.0546890521	0.1213315797	-0.021186083	0.2132872564	-0.0704321815	-0.0294058971	0.0670138041	-0.0286918905	-0.1054451955	0.202422384	-0.0844693331	-0.0482930336	-0.094937333	0.0058474533	0.0474751207	0.0021244678	-0.0742814889	0.0756158332	0.006314055	-0.0091719111	-0.0171486422	-0.0491727911	0.0207318339	-0.0472396689	0.0757963758	-0.008897589	-0.0497483648	-0.0322172128	-0.0191656602	-0.0278630929	-0.1573906586	-0.0038048486	0.0579333908	0.0311782682	-0.0293131134	-0.1240277272	-0.008303196	-0.0100962936	0.0497061064	-0.0965700363	0.0320142091	0.010195463	-0.0822068692	0.0899192286	0.0374663978	-0.1111675344	-0.010705213	0.056441657	-0.0032631949	0.1448951305	0.0838703296	0.039018099	0.0337036372	-0.1234737411	-0.0109069709	0.1239373563	-0.0697355518	0.0294964823	-0.0165662373	-0.1023370306	0.2003157802	-0.107123113	0.0453740984	-0.0776907784	-0.0743126413	-0.0665261248	0.0380920603	-0.0803407143	-0.0089771657	-0.0770088239	0.003845844	-0.0280563106	0.176335086	-0.0312803518	-0.0697615704	0.0128174452	-0.0075123859	0.1021005294	0.0585652648	0.0198719379	-0.0121405999	-0.0576992202	0.0257814204	0.0990107539	0.0041696525	-0.0078860183	0.1548111532	0.0087239919	-0.0980618291	-0.0161835089	0.0021338851	-0.0054644793	0.1071469953	-0.1069096897	0.0705488588	0.0335090523	-0.0127779529	-0.1537012681	-0.1728467613	-0.0620597617	-0.0369069278	0.1995834064	0.0547539988	-0.1045796175	0.0455448699	0.0537944038	-0.1674352474	0.180623352	0.0642890936	-0.0131436257	-0.0349529466	-0.0534626369	-0.1275469985	-0.0080611062	-0.0811703483	0.0425287137	-0.0581222884	-0.1404668404	0.0396641194	-0.062822996	-0.0275415413	0.013218504	-0.0547477388	0.0714485524	-0.1116541035	-0.0477454353	0.0388877099	0.1590459923	-0.0913312078	0.1177609893	-0.1072235084	0.0718730197	0.1090968191	-0.019117739	-0.1991139739	-0.0072291305	-0.061051495	-0.1109642819	0.0941449783	0.0483376198	0.086504001	-0.0393322186	-0.0913572174	0.0119635669	0.0001928227	0.0319957975	-0.0056519272	-0.0545150104	0.0378174707	-0.1490295545	0.0255096945	0.0648956486	-0.1389932471	0.0298432094	-0.0172377997	-0.0133075196	-0.0279846436	0.0889106498	0.0570196474	0.048794029	-0.0543487354	0.0734060915	-0.0565470938	0.1516139712	0.0727470659	0.0133666961	-0.0268142893	-0.1412516589	0.070211717	0.1798601155	-0.2645396688	-0.0102224318	-0.012239964	0.0551384155	0.132583655	0.0232612493	0.092250685	-0.1311333122	-0.1136013512	-0.042334727	0.0002272896	0.1609730839	0.0282879487	-0.0724589513	0.1471317142	0.039264529	-0.0769109895	-0.0962433935	0.0056098749	0.0	0.0	0.0956138433542861	0.013525475116566	0.0091420070409779	0.0001829384771288	0.1183853843941165	0.0299818671776108	0.0008989123594559	0.0140150992381427	-0.2518316185942808	-0.0555684032785067	0.0030878474429227	0.0634191641238153	0.0018730747259205	0.0032038073250802	3.508408928882157e-06	1.0264381376237548e-05	-0.0022069816848999	-0.0015210115289881	4.870768157483602e-06	2.3134760713147177e-06	0.0032320783434962	-0.0004779760009131	1.044633041849714e-05	2.2846105744887986e-07	0.0	0.0
58.30665847764545	-0.3593202910418824	3399.666422828784	0.1291110715544231	65.0869373345525	-0.2393769358189104	0.0573013174020507	4236.309411591964	58.80276323033929	-0.0873715049935199	3457.764963523342	0.0076337798848326	62.13708825882061	51.419299585002285	1.137571	36.328094	0.1204323518120351	0.0669658224536949	0.0774774193	0.0032531334	-0.055110337	0.1937678112	0.1611226808	0.0212434119	0.0596939736	-0.01290269	0.0760906496	-0.1685067114	-0.0164122937	0.0753918223	0.118808927	0.0295863102	0.1056821708	0.0667249129	0.0370848726	0.0565329638	0.0321988807	-0.0717576197	0.0680710571	0.0737205216	-0.0840130703	0.0028667421	-0.0188402796	0.0562580906	0.059174962	0.0241034009	0.0774112739	0.1220905688	0.0082346007	0.0061621636	0.0797529594	0.137170267	-0.0993949594	0.0298606178	-0.1372616393	0.1446695007	-0.021399585	0.0392297909	0.0152811223	-0.0859360702	0.1066134993	0.0008627014	-0.2242346323	0.0826857339	-0.0496149705	-0.0053524404	0.037304978	0.1503673019	-0.0864884939	0.0068851136	0.1095746004	-0.0617568511	0.0244287363	0.0122255379	0.0442743178	0.0211156585	0.0769718732	0.0281640672	-0.0330478973	0.0267611145	0.1596143043	-0.0485355553	-0.0089149411	0.1892029102	-0.0433029159	0.0299871061	0.1327592044	-0.0157022329	0.0082624483	-0.0787211912	-0.0268758913	0.0664745954	0.0383599453	0.1176133453	0.0025653194	0.0269971161	0.0505413343	0.0677564797	-0.0722053586	0.0416528699	-0.0295693732	-5.19796e-05	0.0601986954	0.0913341971	-0.0025719556	-0.1245853796	0.1333297146	0.0581547222	-0.0552678131	-0.0056798232	0.057896628	0.0358412794	-0.0277662722	-0.032854252	0.0137339758	0.0739308949	-0.0210009804	0.052985869	-0.0463032286	0.1468143932	-0.0014130213	0.0137683535	0.048764437	0.1019852875	0.0130354064	-0.1545145753	0.1255418672	0.1032373986	-0.0060930636	0.1398786126	-0.0654335942	-0.0624628726	0.1449066354	-0.0062607949	-0.0627741931	-0.0216703203	0.0818430918	0.0012017894	-0.0535649045	0.0137468654	0.067889645	-0.0649518229	0.0313213157	0.1206065688	0.005241333	0.0333809754	0.0711510856	0.0600544164	-0.0905817122	0.023144947	-0.126916453	-0.0468355531	-0.0498255085	-0.0603185695	0.0858680048	0.0442624493	0.053981656	0.077276652	0.0751576837	0.0825298427	-0.0212939853	-0.0026751916	0.0486054426	0.0129462288	-0.1229234124	-0.1071866686	0.0272178649	0.0728022472	0.0032294978	0.0467727133	0.0854721316	-0.0272075448	-0.0164148844	0.0233839922	-0.1621813221	0.0009378995	-0.0434127151	-0.1166545477	0.0652888328	0.1213171275	-0.0650061752	0.0685305841	-0.1062885478	-0.0173041658	-0.0261715315	-0.2180169533	0.0698277209	0.0395185372	-0.0165028184	0.0359557425	0.1905958517	-0.0211266751	-0.0608364153	0.078077659	0.04191724	0.1554099631	-0.008325124	0.0106095224	-0.0102272459	-0.1091468678	0.1400784305	0.0077235382	-0.0601834278	-0.254107976	0.0284680022	-0.0154181794	0.1282912304	-0.0055880483	0.1255123402	0.0995552743	-0.0430337558	-0.1010331448	-0.0287160059	0.0595449392	-0.00817334	0.005656126	0.0026241294	0.037520755	-0.0794373376	-0.0937576389	0.0130625369	0.0	0.0	0.0996098535634217	0.0039960102091355	0.0099221229269263	1.596809759151588e-05	0.1210525770446935	0.0026671926505769	7.11391663529193e-06	0.0146537264091614	-0.2065676295979983	0.0452639889962825	0.0020488286998555	0.0426701855977358	0.0010400898203284	-0.0008329849055921	1.0817868343507632e-06	6.9386385294428e-07	-0.0018247449419053	0.0003822367429946	3.3296941030089764e-06	1.4610492769511994e-07	0.0033869598940303	0.0001548815505341	1.1471497323769742e-05	2.3988294695846983e-08	0.0	0.0
58.09262055458525	-0.2140379230601965	3374.752562899021	0.0458122325079226	64.39136351379459	-0.6955738207579145	0.4838229401237633	4146.247695165637	58.80136247857459	-0.0014007517646987	3457.60022933672	1.962105506306752e-06	62.02740750961901	50.33065776891642	1.113418	35.556786	0.1153933811246116	0.0652818592130081	0.12150664	0.0711073449	-0.0347888992	-0.0144142875	0.0942612842	-0.1265520359	0.0675519854	0.1432609276	0.0108399585	-0.0361675489	-0.0073789678	0.0350225245	-0.1120426781	0.0482394389	0.0131342382	0.0445374255	-0.0445989933	0.0682092269	0.0042274482	0.0980938738	0.0845090909	0.0159262634	0.0729358268	0.082176031	0.0497302001	0.0736007441	-0.0838122154	0.0537009617	-0.1335804124	0.0702162936	-0.150254538	0.0500046725	0.0402225386	0.038520831	0.034357791	0.0581515324	-0.0665354893	-0.0491121007	-0.0259681776	0.0987756237	0.1138988787	-0.0205834144	-0.0235516387	-0.0050981367	-0.1376211225	0.0879898782	0.0144391725	0.0456526609	-0.0151074996	0.0845408688	-0.0582340556	-0.0738322294	0.0149183472	-0.0895474361	-0.0153420114	-0.109970253	-0.0070564193	0.0125540293	-0.0670947492	-0.0676234535	0.0741215367	0.0290850891	-0.0480913351	0.077780163	-0.0262854836	-0.05144439	-0.0406266796	0.0327456123	0.0419953735	0.0905375129	0.05333747	-0.0409555355	0.0232478659	-0.0976122364	0.0822393928	0.0600177713	0.0933395424	0.0384743039	0.0222139434	0.0480463838	0.0807102149	0.0235688753	-0.0324654648	0.0363049925	-0.0509256625	0.071692754	0.0888475541	0.0913563796	0.0116745754	0.1250938341	-0.0282575342	-0.0656152299	0.0529993435	-0.0148047185	0.0171660832	-0.0125023828	-0.0925885665	-0.1257635618	-0.0112812945	0.01186432	-0.0475119702	-0.0748115463	-0.0406817717	0.0503777119	0.1462060064	0.1252245327	-0.0098093021	-4.30989e-05	0.0246305313	0.0431569735	-0.0316324516	0.0126935647	-0.1544228864	-0.0059670827	0.0095911195	-0.0079265227	-0.0193183964	-0.045383813	0.0460935086	0.1009776735	-0.1344108401	0.0125104573	-0.0657607039	0.1409162676	-0.0381803012	-0.0221232533	-0.0653783677	0.0138036248	0.0608487965	0.093206091	-0.1353423891	0.0433739455	-0.026123959	0.0678023131	0.1877317049	0.0232787293	0.0991725812	0.0795265022	-0.0201874581	-0.0118539215	0.0153752529	0.0810818864	0.1264649542	-0.0304298635	0.07279682	-0.1304467813	0.0431376618	-0.0041763873	-0.1072087832	-0.0058301218	-0.0650425611	-0.009547134	-0.0453397844	0.0338912769	-0.0028598272	0.1285326129	0.0174206076	-0.0980570624	0.052087763	0.0041299645	-0.0736462488	0.0350132655	0.0155362607	0.0807988168	-0.0062310438	0.0561450885	0.1310596113	-0.121811472	-0.012002443	0.1592891166	-0.0586933747	0.0484717136	0.0007102268	0.1284400373	-0.0492877289	0.0591620027	0.0893860965	0.1428147065	-0.0116778803	0.0041716007	-0.0364852154	-0.0082634414	-0.0937349538	-0.0022896684	-0.1172949517	-0.0364346863	-0.0455282866	-0.0303182309	0.0514803283	0.0228760998	0.1208906111	0.1430217916	0.0636345115	-0.0408134659	0.0429411528	0.0450817252	0.1378072017	0.0288731208	0.1040826191	0.0357652936	-0.0818647166	-0.0910090951	0.020450122	0.0	0.0	0.1171818938372553	0.0175720402738336	0.0137315962432857	0.0003087765993852	0.1295960679900076	0.0085434909453141	7.299123753266435e-05	0.0167951408384706	-0.1720931176932794	0.0344745119047188	0.0011884919710686	0.0296160411573929	0.0001268948597081	-0.0009131949606203	1.6102305420338382e-08	8.339250361023113e-07	-0.0020057914127735	-0.0001810464708682	4.023199191555914e-06	3.277782461383004e-08	0.0033851345655039	-1.8253285264000984e-06	1.1459136026569276e-05	3.331824229289954e-12	0.0	0.0
57.87285395544922	-0.2197665991360295	3349.2672249487546	0.0482973580958163	64.07590072359929	-0.3154627901952977	0.0995167719978024	4105.721053540552	58.692765161241	-0.1085973173335901	3444.840682272585	0.0117933773320524	61.86884284102802	50.111365323855885	1.11695	35.669571	0.1176971641452288	0.0517654949867617	0.1020134388	-0.0454823453	-0.1824991029	0.0264095644	-0.0060404285	-0.0327513093	-0.0412711557	0.1826403677	0.1030193829	-0.0905800709	-0.0356193006	-0.0653903464	0.1023337517	0.0595252382	0.0613722737	-0.0515926281	-0.0015630369	0.0978952429	0.1227578627	0.0136175655	-0.0133936017	0.0220557336	0.0570070816	-0.1360656377	-0.0673416365	-0.0864491765	-0.1495616947	-0.1287877755	0.0839148849	0.0549450484	-0.0085185603	0.0202439524	0.0163200073	0.0154234188	-0.0268851519	0.0550554618	-0.0890563524	-0.0400858458	0.0258670393	0.019063957	-0.1474651172	0.1381515613	0.0531145867	-0.0729484105	-0.1066947309	0.1638598231	-0.066436191	0.0565896362	-0.1151490589	0.0578737725	-0.0264145792	-0.0723116589	0.0850740445	0.0460943639	0.0897601416	0.0119350867	0.0094363796	-0.0582173947	-0.0726106869	0.0404901623	-0.0388247186	-0.0945686393	0.1337021833	0.0018932609	-0.177346868	0.0965921167	-0.05331946	-0.0288227539	-0.0828045981	-0.0276004156	0.0413893685	-0.0883392913	0.0641137356	-0.0483619313	0.0362101993	-0.0707173414	-0.1047983154	0.0729165062	-0.013329349	0.1178189512	-0.0169369862	0.1340447475	0.1071388587	0.0221016422	-0.1385602104	-0.0247914822	-0.1008791015	-0.1270286164	-0.020122929	0.0340288201	0.0580623204	0.066416597	-0.0681301719	0.0524582514	0.0337929675	0.0895118141	0.0242546866	-0.0158541336	-0.1453658715	-0.017128308	0.1051589337	-0.0083017285	-0.0522959251	-0.0992452856	-0.0106891384	0.1892385254	-0.0689799795	-0.0315319122	0.1189808083	-0.0116925265	-0.0294973776	0.1108809412	-0.0386818625	0.0296387927	-0.028051152	0.061199398	0.0968345035	0.0509489423	-0.0308579	0.041212632	-0.1033599017	0.0354379149	-0.1169344457	0.085090506	0.1030994279	0.0598835346	0.0024584773	-0.0426738499	0.0962000586	0.0155105853	-0.1484116418	0.1799987723	-0.0632005782	-0.0282526393	0.0874579488	0.1341011103	-0.0043089175	0.1078019983	0.1468029505	-0.1532794056	0.0058487664	-0.1174291349	-0.1432682117	-0.132540432	0.0071844573	0.0728528035	0.0690599951	0.2280028826	-0.00518962	0.0466622474	-0.0102636396	-0.054908712	0.0357052201	-0.079620367	-0.0119554102	0.0036096026	0.0321753511	0.0202485049	0.0221174689	0.0242721381	-0.0422880217	-0.1080712593	-0.0388855819	0.0807562897	-0.0736522114	0.0291610586	0.0515274515	0.0212267278	0.0063308235	-0.033845898	-0.1180368666	-0.0468610609	0.0747009552	-0.0531266894	-0.022631096	0.0245495772	0.1692387458	0.0554423332	-0.0310379875	-0.1689609583	-0.1637130495	0.0177818813	0.0658100738	0.0182297141	0.0284171086	0.0940780416	0.0440260726	-0.0386035517	0.0386111513	0.1019091801	-0.0111906635	0.1903858097	-0.0787084879	0.2847493969	-0.0699266104	-0.0421647658	-0.0831426786	-0.0968554213	-0.0676158909	0.0339986915	-0.0841901024	-0.0880054659	0.0277358257	0.0	0.0	0.1022242939904742	-0.0149575998467811	0.0104498062818509	0.0002237297931764	0.1090405954678743	-0.0205554725221333	0.0004225274506081	0.0118898514599886	-0.150017843116295	0.0220752745769843	0.0004873177476492	0.0225053532532653	-0.0003189238624491	-0.0004458187221572	1.017124300394525e-07	1.987543330258787e-07	-0.001441075987064	0.0005647154257095	2.076700000492482e-06	3.18903512034262e-07	0.0035767767616238	0.0001916421961198	1.2793332002492036e-05	3.67267313336582e-08	0.0	0.0
57.962250621517526	0.0893966660683034	3359.622497111609	0.0079917639041277	64.27366252915165	0.1977618055523606	0.0391097317353297	4131.103694911273	58.566723830590746	-0.1260413306502528	3430.061140248686	0.0158864170320863	61.9784921671088	48.94805956192506	1.087286	34.722244	0.0913886940067119	0.0490841882150216	0.119958355	-0.0242721756	-0.0572525881	-0.1025321782	-0.1554376023	-0.0804212047	0.1030279463	0.1813710123	-0.0485741663	0.0625965501	-0.029350415	-0.0433798023	0.0640009037	-0.1377749767	-0.0033743362	0.0004702637	-0.0099260178	0.081415285	-0.0989458763	-0.0260347022	-0.0856769442	0.0801955248	-0.1108862816	-0.0152929281	0.1083091324	0.013145358	-0.0345873545	-0.0444905838	0.0356320258	-0.0856266661	-0.1925820791	0.0052754848	0.008490423	-0.1351904864	-0.0572429694	0.0533363547	0.0431161676	-0.0646218991	0.09545895	0.0060864608	0.1312895116	0.0282059836	-0.0350485677	-0.0524792244	-0.0145642417	0.0926353738	-0.0777850838	-0.0160338074	0.0303594729	0.0512196228	-0.0103797631	0.1247370896	0.0701561931	0.1073654275	-0.0908631965	-0.0399029689	0.0673901097	0.0140437472	-0.0597274277	-0.0526731037	-0.0955292468	-0.0953500422	-0.0293807279	-0.0448633329	-0.0224329434	-0.0089846174	-0.0473103759	0.0857269306	0.0132032648	0.0555247156	0.1102360448	0.0413699721	0.1334229421	-0.1099759027	0.0172148788	-0.1304394743	0.0985689898	0.033287343	-0.0284299413	0.0048240539	-0.0899988348	0.0596410492	0.0876293069	0.0602155664	0.0411929851	0.0060715461	-0.0155677609	0.1413878386	-0.0208540031	-0.0489731127	0.068245936	0.0316689346	0.0018117021	0.0301269968	0.0397799177	-0.0249273479	-0.0672594393	0.04933321	-0.0454524928	-0.0546151174	0.1017844308	0.0512141746	-0.0311184805	0.0590926429	-0.0728141444	0.1344819372	-0.0048624409	0.0455445007	0.0520093482	-0.0589685107	-0.1639068549	-0.0149910679	-0.1115587588	0.0880450407	-0.0615638447	0.1208567737	-0.0084565908	0.0058355655	0.015707725	0.024415894	0.0080979475	-0.0124245919	0.0039557322	0.0696853325	-0.0232856646	0.035576665	0.0817671228	-0.1730266709	-0.0262053321	0.1102511831	-0.0055652676	0.0260199501	-0.0405193828	0.0331446085	0.0436489322	0.0341123532	-0.103171219	0.020415855	0.0248321194	0.1767721072	-0.1106191647	-0.1056494088	-0.0311240868	0.1215944333	-0.031605887	0.0622669779	-0.0772350658	-0.0857887048	0.0302159831	0.0442226751	-0.0243412116	0.0009248653	-0.0224229927	0.0769275018	-0.0565949502	0.0167222342	-0.059436124	0.1091270147	0.022599857	0.0301444744	-0.0728424472	-0.046214443	0.1762083171	0.0065704163	0.0560250427	0.0669170371	-0.0763713878	-0.0149401555	0.0485421531	0.036948995	-0.0034401177	-0.0475417483	0.0569802612	-0.1562785753	0.0431068735	0.0502733683	0.0779843644	0.2009403092	0.1424036505	0.0376997823	-0.090058819	0.005239437	-0.0391583425	-0.0585581105	0.0714910414	0.1500247767	-0.0026444472	-0.0813020113	0.0061061466	-0.0437463892	-0.0414669314	-0.0028737413	0.0062203191	0.055576487	0.1174484494	-0.0685319867	0.0163454454	-0.1048848931	0.1744043159	0.032221499	-0.0864105979	-0.0847551701	0.0348833508	0.0	0.0	0.1047336831253744	0.0025093891349002	0.0109691443810063	6.297033830355189e-06	0.1008796410582988	-0.0081609544095754	6.660117687516974e-05	0.0101767019800512	-0.1705334721124813	-0.0205156289961862	0.0004208910331091	0.0290816651107384	-0.0003644350009901	-4.5511138541e-05	1.328128699466542e-07	2.071263731298095e-09	-0.00182901417071	-0.000387938183646	3.345292836657989e-06	1.504960343305577e-07	0.0028061716544898	-0.0007706051071339	7.874599354462023e-06	5.938322311410032e-07	0.0	0.0
58.13526049997732	0.1730098784597942	3379.708513400223	0.0299324180446727	64.55356226227319	0.2798997331215389	0.0783438606015087	4167.162400749181	58.60282230518065	0.036098474589906	3434.290782132579	0.001303099867718	62.08121807282672	49.36387434233597	0.98317	31.397326	0.1389428059095791	0.0859402120092742	0.097692965	-0.0445288928	-0.0558486529	-0.042380375	-0.0853445676	-0.0354457671	0.1026672024	0.1036124039	0.0058847299	-0.02939899	-0.0268578963	0.0652526045	-0.0277516759	-0.0750643322	-0.0417551182	-0.0553702346	0.1177822502	0.1076734452	0.0418764875	-0.1245038815	0.0689001294	-0.0156156102	-0.0874232205	-0.0131064714	-0.029012393	0.0411085946	-0.0503643685	0.0401776252	0.208539142	0.051824662	0.1189609052	0.0320820935	0.0115214459	-0.1184466684	0.0934676179	0.0957117195	0.104665437	-0.0351864202	-0.0608315343	-0.0323166662	-0.0104625448	-0.0601085293	-0.1131143629	0.0677307286	-0.0114924679	0.1229512447	-0.0197333448	-0.0612884162	-0.0849731379	0.0526989123	0.0591599596	0.0363517716	-0.1089038861	-0.1772352328	-0.1205602295	0.0313388543	-0.0252855501	0.0245517177	-0.0594232383	-0.0753758108	0.0297959335	0.0912028232	-0.0551384158	0.0935812307	-0.0180377183	-0.0480064709	-0.0875593437	0.033580256	0.024851375	-0.0716904915	0.1011221716	-0.0569130036	-0.0272062271	0.0678878035	0.0404266364	-0.0262911121	-0.086916483	-0.0416352254	-0.1319383023	-0.0966974832	0.0005636243	0.0205851337	-0.0360317812	-0.0648503752	0.0401668152	0.016830745	-0.0358014429	-0.0729210715	-0.0718622126	-0.039288575	0.0509942434	-0.0048189376	0.0461589442	0.079602557	-0.0460251513	-0.0018290702	0.1304991764	0.1163272675	-0.0233782662	-0.1101610007	0.030475765	-0.0275947834	-0.0765195534	-0.1243527457	-0.0831313982	0.1003982676	0.0210938187	-0.0321869664	0.0642805905	0.0037747154	-0.1376292414	-0.1299744178	-0.1561391152	0.0582552964	-0.0753072625	0.0996594157	-0.0206407531	0.020018085	-0.0622907812	-0.0353586906	-0.0257665407	0.0025047301	-0.0314816577	-0.0308025982	0.0505676805	0.1236033973	-0.067255664	-0.0019260163	-0.1403022434	-0.0698481548	0.0624737904	0.0532425809	-0.120968765	-0.0463761002	0.0610016728	0.0874444914	-0.0584122521	-0.0472064923	-0.0620152755	-0.0397641075	0.1364205785	-0.0598187769	0.0673125386	-0.0206379986	-0.0280087626	-0.1518658517	-0.0921050527	-0.0202750261	0.0945225985	0.1300306402	0.1218008445	0.0382252976	0.0006079823	0.1589034522	-0.1625157885	-0.0001187815	-0.0020605146	0.0009653603	0.0589229801	0.0170509616	0.0292736962	0.0643864137	-0.1395687668	-0.0982363714	0.0586644548	-0.062896256	0.0419108878	0.0325857472	-0.0788276666	-0.009199933	-0.0499763643	3.18678e-05	-0.0199560307	-0.0457269047	0.1501818665	0.0656031998	0.041992363	0.216404558	0.0887705117	-0.0001316477	0.006465584	-0.0540528826	0.0060894633	0.089025455	-0.0624607851	0.04482464	-0.0337637007	-0.0839087215	-0.1116791993	0.0416753563	-0.0139243385	-0.0542600119	-0.0956809245	0.0349634201	-0.000813359	0.0847294053	0.0605600761	0.0804365057	0.0206174189	0.0304342698	-0.0885234364	-0.0812673177	0.0418570888	0.0	0.0	0.0856630911397218	-0.0190705919856526	0.0073381651836122	0.0003636874786832	0.1084113107167752	0.0075316696584764	5.672604784441406e-05	0.0117530122913291	-0.2173714558436614	-0.0468379837311801	0.0021937967200022	0.0472503498155928	0.000865679387383	0.0012301143883731	7.494008017398061e-07	1.513181408482526e-06	-0.0019067894701507	-7.777529944069986e-05	3.635846083477587e-06	6.048997203090529e-09	0.0028083331773614	2.16152287159984e-06	7.886735235068776e-06	4.672181124449218e-12	0.0	0.0
58.06490955523164	-0.0703509447456838	3371.53372165723	0.0049492554266102	64.3718898581259	-0.1816724041472923	0.0330048624286571	4143.740203906692	58.61860486006631	0.0157825548856607	3436.14083574059	0.0002490890387188	62.00536780059152	49.39152861558474	0.999147	31.907545	0.1237746591404228	0.072043968822643	0.1084574783	0.0903883654	-0.0051828644	0.0250375305	-0.0311098691	0.1900950244	0.1594188173	0.1321860362	0.056662197	0.0399720565	-0.0832186832	0.1160049291	-0.0643329695	0.1174338775	-0.0991677735	-0.0613617569	0.1094019145	0.0710840777	-0.0158192399	0.0291390832	0.2446263007	-0.0565945568	0.0101097665	-0.046692814	0.005021793	0.0926188924	0.0582540138	-0.0504855401	0.0734182081	-0.0308568553	0.1055036033	0.0239573157	-0.0019355038	-0.090687834	-0.0597946177	0.076684375	-0.0075726492	0.1006533888	0.0973514711	0.0959777383	-0.0114100215	0.0214276367	-0.0585209115	0.0399659039	0.0196371937	0.0423181801	0.1204393003	0.0774023152	0.0181434063	0.0049927559	0.144453305	0.1109374578	-3.3232e-06	0.0614749257	-0.0523915612	-0.097559486	0.0067077249	0.1127920015	0.0427786082	-0.1137861238	-0.0496369587	-0.1154978109	0.0059710905	-0.0073626298	-0.2069907868	0.0967959197	0.0775304715	0.0570526316	-0.0174181927	-0.0592430121	-0.0331928269	-0.0278832281	-0.0126163194	0.1131292006	-0.0402445997	0.1067529483	0.0620299921	-0.1068779287	-0.0975005012	0.1071254145	0.165127429	0.0679205925	-0.0959367687	0.0119309119	-0.1496782403	0.012982401	-0.0706979631	-0.1151519151	-0.0264297112	0.123502231	0.024452526	-0.0351246259	0.1630090129	-0.0662259491	0.0972648665	0.039188316	0.0518732639	0.0561173292	-0.0821271935	-0.0808663464	0.0864280296	-0.118657226	0.0799710945	-0.0038350375	-0.0668041704	0.1231666229	-0.0431897954	0.0484396426	0.070448261	0.1274959981	-0.1084889981	-0.0654331641	-0.0447943767	0.0239402393	0.077188957	-0.0275849718	-0.0351631707	-0.0671052065	0.0370887402	0.0673155976	-0.0784254308	-0.0442758459	0.0458012784	-0.0359013592	-0.0147369714	0.1667981324	-0.0879417134	0.142874071	0.0012372547	0.0193879614	0.0660477109	-0.0137828182	-0.1311568693	0.0721570555	0.0346139746	-0.0140953737	-0.0007187285	-0.0324278191	0.1218803147	-0.0026781336	-0.1043081727	0.0715047276	0.1088803143	-0.059895891	-0.1180276472	0.0166288057	0.0729938022	0.0454098272	0.0141765762	0.0697597639	0.1114986074	0.0433339982	0.0241183656	-0.0601706579	0.0094413898	0.0193667618	0.1198780232	0.0754968443	0.0674932037	-0.0475633995	-0.0781111564	0.0154805734	-0.1664512824	0.0328829856	0.0511399718	-0.1192587321	-0.0158918864	-0.0336267732	-0.1176761394	-0.0602979506	-0.1655456905	-0.0082501592	-0.1443743602	-0.0581707557	0.0126977208	0.045233292	0.0739822464	0.1744545108	-0.0449453353	0.064879291	0.0658971218	0.0350687098	-0.0327536998	0.0533497486	-0.0011954202	0.0035166949	0.0821185741	-0.016603457	0.0876045893	0.0775607138	0.0173489074	0.081418594	-0.0410587154	0.0058712274	0.053771012	-0.0527281497	0.1232705663	0.072695428	-0.0564549102	0.0286375605	-0.0905259858	-0.0775516848	0.048622297	0.0	0.0	0.1283553762186216	0.0426922850788997	0.0164751026042238	0.001822631205258	0.1087260392183395	0.0003147285015642	9.90540296969035e-08	0.0118213516041078	-0.1712211793155376	0.0461502765281238	0.0021298480236222	0.0293166922462034	0.0002540652481944	-0.0006116141391886	6.454915034008208e-08	3.740718552554122e-07	-0.0018271519277854	7.963754236529983e-05	3.338484167209904e-06	6.342138153984925e-09	0.0028072374782786	-1.0956990827998977e-06	7.880582259451993e-06	1.2005564800485366e-12	0.0	0.0
57.95593555508299	-0.108974000148649	3358.8904660649323	0.0118753327083977	64.23881883441277	-0.1330710237131285	0.01770789735206	4126.6258452405045	58.63666882648778	0.0180639664214652	3438.258931067204	0.0003263068828758	61.977107546136345	49.54447574618257	1.027031	32.798031	0.0764511458120504	0.0508383621447625	0.0851136492	0.0777500995	-0.0888186191	-0.0921766429	0.0357531771	-0.0537925212	-0.001976826	0.1553932874	0.1044081114	0.0386241479	-0.098683184	0.0247716674	-0.0357656998	0.1290031567	0.054458181	-0.0363692592	-0.1435084597	0.0323435538	-0.1329082854	0.148329619	-0.1393109109	0.0257884014	0.0648704592	-0.0327151735	-0.0416454893	-0.090272894	-0.0507679865	-0.1127880864	-0.1367029191	-0.047499643	-0.0994980961	-0.1199352134	0.1168866051	0.0084501325	0.0479132782	0.049080503	-0.152320098	0.0789828004	-0.0026527399	-0.0831830966	0.1305517092	-0.0464017307	0.0085540592	0.0467561815	-0.0193589089	0.1451514993	-0.0001299316	0.0856167322	-0.0174727729	0.0103825357	-0.0374643952	0.090226743	-0.0233301902	0.0852230548	0.00247788	0.0028656835	0.1190073638	0.1242928135	0.0202368949	-0.1090517726	0.0500635814	0.0543096568	0.0614446185	0.0458984637	-0.1239099697	-0.0622066302	-0.0026659834	-0.0056956244	-0.1142490618	0.0090935818	0.1318518078	0.2346475104	0.0397276397	-0.1219520544	0.0693625727	0.0166285571	0.0113104085	-0.0511204084	0.0363714392	0.0785437142	-0.0324124273	0.1119744043	0.0701744324	0.123420971	0.1733463237	-0.047663618	-0.0619306485	-0.0659531222	-0.0493690581	-0.0315745306	-0.0493689138	-0.0004453995	-0.1265454804	-0.1031637225	0.0507740822	0.0528130467	0.0357280688	-0.007990024	-0.0938238391	0.1053900517	-0.0170011483	-0.1569808704	-0.0072542459	0.0125737544	-0.0044176093	0.1381540819	-0.0912820696	0.07367282	0.0018023002	0.0674918821	-0.0415942216	0.0783011444	-0.0798276588	-0.0156610818	-0.0034265242	-0.0575775548	0.0722498566	-0.0002727102	0.0428559453	0.0185380354	-0.02953289	0.0429841094	-0.1143004383	0.1038793993	-0.0340884208	-0.0717784562	-0.051209264	-0.0538267246	0.0362022601	-0.0465774063	0.0404727593	-0.0308656181	-0.0531653698	-0.1200580788	0.0482357904	-0.0404160814	0.0325358994	0.0777758842	0.0944893902	0.063563265	0.0621857233	-0.1015258533	0.0507973163	0.0140737687	0.068938219	-0.1001299348	0.0039375169	-0.011749701	0.0072688921	0.0740841803	0.138151688	0.0383387198	-0.1965745555	-0.0120267577	0.1577426468	-0.1158379725	-0.0398076948	0.1004602978	-0.0880167094	-0.0656051409	-0.0073972416	-0.0592687418	0.0581256593	0.1347079737	0.1040877292	-0.0507075036	-0.1064497857	-0.0774069335	0.1247595574	-0.1766431996	0.050432286	0.0694477463	-0.0562278543	0.0947363652	-0.0989117397	0.0041206134	0.1665936287	0.0103205255	-0.0987198754	-0.0786820565	-0.0780695039	0.1522626606	0.0244202857	0.0205545053	-0.0687209179	0.0330764055	0.0669542013	-0.0262063146	0.0125327774	0.0495045225	0.1059383717	0.1758350318	-0.0865455574	0.1085705847	-0.0193587301	-0.1245192056	0.0470663152	0.0202135097	-0.0613201789	0.0268319309	-0.0924157511	-0.0736186857	0.0551452713	0.0	0.0	0.1289297813335252	0.0005744051149036	0.0166228885147106	3.2994123602743454e-07	0.1068180839531436	-0.0019079552651958	3.640293293988741e-06	0.0114101030594208	-0.1655593712809917	0.0056618080345458	3.205607022004833e-05	0.0274099054189572	-0.0002916850392161	-0.0005457502874105	8.50801621024978e-08	2.9784337620864337e-07	-0.0018290356011299	-1.8836733444999984e-06	3.345371230200615e-06	3.5482252687798104e-12	0.0036257430654717	0.000818505587193	1.314601277681612e-05	6.699513962663213e-07	0.0	0.0
58.18627225977896	0.2303367046959721	3385.6422794891223	0.0530549975301994	64.59000778198242	0.3511889475696534	0.1233336768950808	4171.86910527655	58.65299074688549	0.0163219203977149	3440.173323554235	0.0002664050854693	62.17767307726636	49.0597380323342	0.98021	31.302811	0.0632390967101743	0.0467797529020102	0.0507595596	0.0998037195	-0.0284493566	-0.1695739974	-0.0298067975	-0.0395061937	-0.0730448583	0.1014221589	0.0109866801	0.1532404239	0.0333605925	0.0326904694	-0.1010387259	-0.1188037084	0.0552508036	0.0812406485	-0.1815898882	-0.0009496146	-0.0235761393	0.0385067062	-0.006920694	0.0208731156	-0.0001728804	-0.0652634677	0.0051372467	0.0020353776	0.0326474011	-0.1228802009	-0.1081836102	-0.0532221612	0.036328455	0.0170704029	0.0088468327	0.0064422952	-0.0104206871	-0.0347365672	0.0659467086	-0.0090046443	-0.1464225543	0.1148997739	-0.0505567207	-0.072723877	-0.082263553	0.0537901077	0.0782018144	0.0058884112	0.0603233759	0.0889950914	0.0623111868	0.1010996851	0.0235250356	-0.0241671299	0.113981128	-0.0451035536	-0.1543749329	0.0924350516	-0.0128354627	-0.1057756122	0.0114594801	0.0671117676	-0.0260517436	0.0793914542	0.0429189101	0.0077602147	0.1336932364	-0.0682907333	0.0026582925	-0.1045706171	0.1000194157	0.065115619	-0.0050122823	0.0191175226	0.016765989	0.0352478093	0.0341366109	0.0062262051	-0.0783139578	-0.014727555	0.0922248929	-0.0723712702	0.0134503313	0.0816754314	0.1307841085	-0.0185099966	-0.0274330527	-0.0416911787	-0.0078285004	0.1488795991	0.0309312884	-0.1076333075	0.0407359059	-0.0465335748	0.0178763371	-0.05527418	0.04106785	-0.0701932229	0.0778506669	-0.0595688225	-0.1663593241	0.0333215915	0.0158058968	0.0463489258	0.0257037978	0.0807788248	-0.0139256929	0.0495516115	-0.0671810954	0.0697964833	-0.1079688083	0.0488344418	0.052803534	0.0083732549	-0.0237005705	0.0086515649	-0.0680631087	-0.04136547	0.0865280621	0.0432392643	-0.0096156183	-0.0295918751	-0.0023431088	0.0695922581	-0.111333876	0.1021925325	-0.0050891346	-0.1056462341	0.0022938132	-0.1084151463	0.0673054085	0.0739048167	0.035142578	0.0572404247	-0.0287996728	0.1230887624	0.0416602955	-0.0406360718	-0.0598872625	0.0092132162	-0.090704947	-0.0895478937	0.0151334242	0.0213743338	0.0148719014	0.0450998901	-0.080156298	0.0825023951	-0.0512451377	0.0850546617	0.1023746598	0.0314695758	-0.0532943613	0.1022826599	0.0731203179	0.0671731356	0.0930733759	-0.0779556554	-0.1175515854	-0.0571752444	0.1315573995	-0.0395968811	0.050399343	0.0629800794	-0.0425411313	-0.0794289693	-0.0947554631	0.0681363005	-0.096992954	-0.0707437215	0.1288780935	0.0857276186	-0.0068082902	0.0126440486	-0.2446600585	-0.1656528472	-0.0176065932	-0.027262506	0.101542183	-0.0237954737	-0.0663412511	-0.0626133939	-0.0069713149	0.1735815845	-0.0799633386	0.0294028928	-0.0346104893	0.0933285589	0.0225801756	0.0041291642	0.0137776072	-0.0170384775	-0.1142704164	0.0419127608	-0.0366660058	-0.0912908207	0.0461838927	-0.0022697188	-0.12178463	-0.0546621604	0.0779079191	0.0250179432	-0.0941903779	-0.0694793439	0.0613935146	0.0	0.0	0.1291739822996618	0.0002442009661365	0.0166859177031533	5.96341118620427e-08	0.1097218826828907	0.002903798729747	8.432047062880843e-06	0.012038891539478	-0.1656513127071974	-9.19414262056939e-05	8.453225852737058e-09	0.0274403574016177	-0.0006302299200811	-0.000338544880865	3.971897521654297e-07	1.1461263635989705e-07	-0.0009811418874876	0.0008478937136423	9.6263940338273e-07	7.189237496341309e-07	0.0036121985482173	-1.3544517254399783e-05	1.3047978351743172e-05	1.834539476547335e-10	0.0	0.0
58.46960579638348	0.2833335366045233	3418.694801984481	0.0802778929648267	65.08899722309232	0.4989894411098987	0.2489904623391691	4236.57755950772	58.78910383058263	0.1361130836971398	3456.158729203026	0.0185267715535445	62.33548196301658	50.27523279856969	0.983109	31.395369	0.0856852258647733	0.048387113586668	0.0054443431	0.1102574739	0.0474743456	-0.0215189828	-0.0629891009	0.0009519928	-0.051194919	-0.0021527186	-0.06990853	0.006431925	0.1464889612	0.0857419709	-0.1502693379	-0.0818846949	-0.0695765565	0.0982832893	0.0333354187	0.0056251756	0.0344471285	0.0051527369	0.0629503939	0.0791884519	-0.0299476098	-0.0242780138	-0.0306962735	-0.0540832855	-0.0376377347	-0.0306305362	-0.0755181963	-0.0772715558	0.0234326389	-0.0350320376	-0.1376088222	-0.13496266	0.0863850583	0.1226092301	0.0869949334	0.0201327354	-0.0130895696	-0.1021003015	-0.0355871111	-0.0343494499	0.0536138177	-0.1184335253	-0.0134076915	0.0122943917	0.04866401	0.0498723756	-0.0361172917	-0.1019928892	0.1120106953	0.1367682845	0.0257410137	-0.0075668306	0.1017409941	-0.0194405337	0.0133007452	-0.084860187	0.089933767	0.0859941473	0.190196005	-0.0026700464	-0.0448733089	0.0909867651	0.1783071978	-0.0635823771	0.1304420985	-0.0011839145	-0.2180000125	0.0817204773	0.0704410183	-0.0476949107	-0.0327156297	-0.017859775	-0.2266657607	0.0917357878	-0.0381446235	-0.0991182243	0.0439948138	-0.0163496913	-0.0142548757	0.093117255	-0.0228147424	-0.0315695491	0.0718007178	-0.0355228525	0.04961175	-0.1020886489	-0.0087666034	-0.0708667025	0.0532243963	0.1553567235	-0.0333548133	-0.0096912878	-0.0120344687	0.1201753148	0.0683632001	0.0557321953	0.075178712	-0.0638795731	0.0053059399	0.0524522669	0.0962813714	-0.0392176132	-0.0745411035	-0.0170085238	-0.0504642837	-0.0084240487	-0.0819341416	0.0818996362	0.0649383676	-0.0238910117	0.0692796328	0.114129868	-0.1034966336	0.0724392924	-0.0119408206	-0.0216173906	-0.075434285	-0.1056670382	-0.025400541	0.1616561614	-0.137057537	-0.0137549073	0.0300948806	0.0451290872	-0.102470261	-0.0171359763	0.0269995373	0.0443080843	0.052083446	0.0168810007	0.039591739	-0.0344743118	0.0264287856	-0.0840775651	0.0149658687	-0.1018258041	-0.0173143243	-0.032865601	0.0859870628	0.0136164935	-0.0511865513	-0.0032064816	0.0285666758	0.0141683815	-0.0845941662	0.0668572047	-0.0442048583	0.0142662782	-0.1215882357	-0.1154481345	0.0548921495	-0.0368356561	-0.0014023315	-0.1639735799	0.1420388062	-0.0333335921	-0.0171781901	0.0607033672	0.067910056	-0.0360654306	0.0599097979	0.108164976	-0.2342407062	0.1180126771	0.0497720083	0.0060584237	-0.0904142278	0.0678273775	-0.0162302695	0.0890119864	0.0713973695	0.0077067604	0.0616604307	-0.0391100604	0.0606598678	0.0036634111	-0.0150978265	-0.1204105072	-0.0541065516	0.0539421877	-0.0920208614	0.1874979462	0.0372903673	0.0620142677	-0.0485579943	0.10198593	-0.0847867017	-0.0470161517	0.0036499187	-0.1446651756	0.0804866235	0.0181334211	-0.0746089567	0.1548487621	0.1690960633	0.0223589538	-0.0422616809	0.0231961626	-0.0958476552	-0.0651452616	0.0673358985	0.0	0.0	0.1124381087839907	-0.016735873515671	0.0126423283069205	0.0002800894623325	0.0986038137329927	-0.0111180689498979	0.0001236114571746	0.0097227120826907	-0.1655035420309332	0.0001477706762642	2.1836172763579836e-08	0.0273914224247848	-0.0007638268265064	-0.0001335969064252	5.83431420890838e-07	1.784813340641036e-08	-0.0018403244644673	-0.0008591825769797	3.386794134516855e-06	7.381947005854783e-07	0.0034513077771635	-0.0001608907710538	1.191152537270926e-05	2.588584021028633e-08	0.0	0.0
58.51709387407516	0.0474880776916748	3424.250275467324	0.0022551175228505	65.11355418879032	0.0245569656979967	0.0006030445642925	4239.774939096533	58.809049240067225	0.0199454094845918	3458.5042725206517	0.000397819359508	62.33859807509576	50.5471614062925	0.95403	30.466742	0.1128271623474855	0.0521866961826744	-0.0240314642	0.0841503353	0.0435322154	0.0609628221	-0.0862500964	0.0874327551	-0.0283354111	-0.0273016745	0.0900205328	0.0024727956	0.011624405	0.1412452994	0.0085370176	-0.0548173652	-0.0221990189	0.1623955472	0.0630806079	-0.0351117078	0.0096535066	0.1275442736	-0.0489127232	0.0080932317	-0.0407617977	-0.1182981835	-0.0301273572	0.0885955934	0.0246081504	0.130655738	-0.0184959552	0.1323384151	0.037520176	-0.0074659691	0.0392398536	-0.0236514044	-0.0685838002	0.0921820041	0.0629529956	0.0361858576	-0.1253140288	-0.0230211711	0.034595081	0.123874208	0.0776159268	0.066334227	-0.0414665852	-0.0869481196	0.0587652022	-0.1317159247	-0.0345202619	-0.0088256026	-0.0948758997	-0.0329913681	0.1415509354	0.0169626371	-0.0565814879	0.096506642	-0.0432872827	0.0436827925	-0.0113329585	-0.0265288986	0.0510453388	-0.1472638757	-0.1041235304	-0.0646353018	0.1016379333	0.0203375611	-0.0723210849	-0.0159465485	-0.0703491233	-0.0278154373	-0.032741525	-0.11942478	0.1023108349	0.1443711525	0.0854739503	0.0182992841	-0.0088580324	0.0207262339	-0.0448301056	0.0421168406	0.065750925	0.0700759965	-0.0485872921	-0.0692059806	0.0354956355	-0.0727019018	0.097283499	-0.038749045	0.0453635229	-0.0358928829	0.0389105864	0.0896949458	-0.0079225743	-0.128373271	-0.0044334799	-0.0850284284	0.034362169	0.0511948064	0.1459360566	0.009053149	-0.0489133524	-0.0788779426	0.0040031911	-0.153016128	0.0812787562	-0.020773181	-0.064550318	-0.0644705696	-0.0467127894	0.1197200007	-0.0031686041	0.0618498549	0.0576774029	0.1153482122	-0.1176162292	0.0457896065	-0.0005384411	-0.151878701	-0.0428402886	-0.1339181377	-0.0373021254	0.0679455974	-0.0461977871	0.0440820835	0.1034949216	-0.0788571117	-0.0426738583	0.1116455965	0.0237325138	-0.0325650703	0.0805314602	-0.1080902318	-0.0048944542	-0.0551889504	0.0151274086	-0.0156927457	0.0831951224	0.0067687451	-0.0364713426	0.0683877854	-0.1258318945	0.1185468181	-0.0106153396	-0.1062817486	0.0309835245	0.0219536555	0.0892855434	-0.0334099618	-0.0075756889	-0.0782160288	0.0110707214	-0.0990895306	0.0879402953	-0.0568402334	0.0571954619	-0.0764251982	0.0142817841	-0.028406578	-0.0072844737	0.0122655393	0.0163030288	-0.0733813746	-0.0366495608	-0.0656874393	-0.1886878838	-0.1902862339	0.0076175555	0.0322781194	0.0770988802	0.0390153369	-0.0772164249	-0.1385534955	0.0160617538	-0.0708676678	-0.0030625106	-0.0714803026	0.0275399702	0.1042670232	-0.0886366326	-0.1465345839	0.0402228368	-0.004158515	-0.0115209605	-0.0194722217	0.0591400046	-7.17012e-05	-0.0948708586	0.149413414	-0.1207746019	0.0470454987	0.145967663	-0.0613917975	0.1170973113	0.0039805471	-0.1958972203	0.0732961604	0.0387096336	-0.0123682974	-0.0714057123	0.0213671566	-0.0973855183	-0.0606285865	0.0729428184	0.0	0.0	0.0851556694558013	-0.0272824393281893	0.0072514880404656	0.0007443314956963	0.0899503245993855	-0.0086534891336072	7.488287418545805e-05	0.0080910608955348	-0.1518948927556493	0.0136086492752839	0.0001851953350976	0.0230720584452502	-0.0010131723847649	-0.0002493455582584	1.0265182812501944e-06	6.2173207423243e-08	-0.0024870745078093	-0.0006467500433419	6.185539607394872e-06	4.182856185628787e-07	0.0030817516865559	-0.0003695560906076	9.497193457590134e-06	1.365717041051727e-07	0.0	0.0
58.56998831400343	0.0528944399282735	3430.4435311024986	0.0027978217753257	65.15033789500751	0.0367837062171929	0.0013530410430727	4244.566527833652	58.76007561000446	-0.0489736300627612	3452.7464856934416	0.0023984164415241	62.40758013809357	50.215967962236114	1.00342	32.044014	0.1362225608438148	0.0754602996398341	-0.0507007836	0.0445561476	0.0027896193	-0.0346559407	-0.15677324	-0.1620439098	0.0428787615	-0.0313244933	0.0269804486	0.0846750725	0.084269636	-0.0351441515	0.004514068	-0.0697487081	-0.0272582962	0.0253179765	-0.0171712388	0.0862137489	-0.0948918344	0.0529335644	-0.0402279681	-0.0323973699	0.0263434222	0.055739858	-0.0276108989	0.0592857227	-0.0126150806	0.0006849612	0.0355508678	0.0494365209	0.0674618233	0.0918137886	0.0435172155	0.0710201934	0.1005711606	-0.1253540181	-0.055335957	-0.0606601177	0.046237524	-0.0231051561	-0.0196245359	-0.0096262976	-0.0285332701	-0.0578246248	-0.0071777282	-0.0315403426	0.023599538	-0.1056990036	-0.2315962984	0.056089839	-0.0442434867	0.0582392817	0.0022275032	-0.1296216311	-0.0063222481	0.0193429502	0.1107405323	0.1248039106	0.0320899257	0.100715117	-0.0780770548	0.0614172615	-0.06414633	0.1500004196	0.0104549024	-0.0551622946	-0.0191723821	0.1062746657	0.0349422556	0.0541364528	0.0362341736	0.1219341187	0.0159395797	-0.0746457527	-0.1445463768	0.0125896838	0.0672078174	0.0959859636	-0.0208614571	0.0397948559	0.1087769862	0.0349748369	0.0987076884	-0.0492318055	-0.0001790445	-0.0584275988	0.0308986793	0.050981158	0.1901216362	0.0476716827	-0.0768116966	-0.0341565691	0.0243480637	-0.0618950741	0.0224711291	-0.032994091	0.0400388879	0.0917168663	0.0511589092	0.1626188026	0.0150814469	0.0940151679	0.0568787697	-0.0855113065	-0.1149187261	-0.0538439711	-0.0329933777	-0.0370486975	-0.0994889618	-0.0432089237	0.0092192682	0.0026725387	0.0839587696	0.0563560688	-0.0948884215	0.0870023975	0.0724383235	-0.1016091959	-0.041190612	-0.1325600284	0.0449409368	0.0079840963	-0.1230919696	0.0970432034	-0.0308078705	-0.0246322892	0.0504715606	0.0220472672	0.1265298314	0.110967565	0.1490056936	-0.0355375574	-0.0398980493	0.0032653262	0.0158823758	0.0220572356	-0.1174534775	-0.0070519134	0.0321923932	0.065178571	0.0938581346	0.0589703693	0.0678530009	0.1161209298	-0.0842803427	0.0024911651	0.0091937076	-0.1150106402	0.0235397625	-0.0068415364	-0.0100627706	0.0693735536	-0.1131696383	-0.060327407	0.0685376779	0.084112367	-0.0848723795	-0.0311053979	0.0844194789	-0.0163687504	0.0397950398	0.1247795156	0.0654928994	-0.018045182	-0.0291599554	0.0387240624	0.0183622207	-0.0653374084	-0.0022905961	0.0154685309	-0.1744829071	-0.1008159393	0.0580846212	0.012774538	0.2033941856	-0.0616811224	-0.0136539453	-0.0152481572	0.0304473135	-0.019839838	-0.0504475822	0.0245316304	0.018014411	0.0723646467	0.046257427	0.1435746636	-0.0845644852	0.0280684325	-0.0283669605	-0.0310437433	-0.0408844018	0.049112942	0.1494251903	-0.076686068	0.0254530253	0.0738775952	-0.0534959183	0.0146435346	-0.1354146956	0.0195314949	-0.0988020511	-0.0559419782	0.0781863408	0.0	0.0	0.1494405372984459	0.0642848678426445	0.0223324741880481	0.0041325442335462	0.1008108359572474	0.0108605113578618	0.0001179507069542	0.010162824646399	-0.1651206864105177	-0.0132257936548683	0.0001749216178011	0.0272648410806805	-0.0009682048015345	4.496758323039999e-05	9.374205377144604e-07	2.02208354158295e-09	-0.0021042552205776	0.0003828192872316	4.427890033328085e-06	1.4655060667658662e-07	0.0036109925758626	0.0005292408893067	1.3039267382934816e-05	2.8009591891414685e-07	0.0	0.0
58.76441780609802	0.194429492094585	3453.256800089649	0.0378028273961583	65.44278426740155	0.2924463723940391	0.085524880726433	4282.758012669659	58.7511291334865	-0.0089464765179627	3451.6951744596063	8.003944208645915e-05	62.53601361429657	51.18010738929669	1.006339	32.137234	0.1157707924244441	0.0507757560519028	-0.0818344491	0.0186646268	-0.0098998157	-0.0294763272	0.0026613908	0.0819135739	0.0501228181	-0.0826889408	0.0881912318	0.0836786711	0.0199188585	-0.0379179469	0.0689565056	0.0413600883	-0.0079385363	-0.0211458179	-0.0669454157	0.075313173	0.000273271	-0.0198737073	-0.0955634631	-0.0468659779	-0.0144703222	-0.1090602078	0.0112205405	-0.074833407	0.0076661146	-0.0597714367	-0.0123733556	-0.0292655049	0.0190852482	-0.0474426457	0.0320811152	0.0819977456	-0.0349922884	-0.0312497009	0.0682501851	0.1213188901	-0.0338436046	0.0468842677	0.0156875236	0.1833352493	0.0361738062	0.154090094	0.0533005874	-0.0658945466	0.0336446372	0.0840280696	-0.1151679649	-0.0315648356	-0.1279283645	-0.0132298019	-0.0025774612	-0.0545742902	0.0230090759	0.0044362521	0.1460042279	-0.0168434453	-0.0101035026	-0.0048594591	-0.00557575	-0.0305044954	-0.0045212431	0.042699399	0.0945981295	-0.0966637727	0.1726137282	-0.0217913034	0.0508613953	0.10517584	0.0077390991	0.0945508574	-0.000333423	0.08220328	-0.1011694307	0.0586374943	-0.103062287	0.1737875222	-0.0205285252	-0.0315923327	0.0045926253	-0.1239613434	-0.0662414393	-0.048558403	-0.0970456595	-0.0036572608	-0.1683006604	-0.0646089689	-0.0647820875	0.0338702224	0.1211522338	0.079965169	-0.0213213897	0.0689065183	0.061317677	-0.0407465428	0.0352333847	-0.035335156	-0.0376492504	-0.0061761736	-0.0430714457	0.1161957646	-0.0197212331	0.025809573	-0.0628010601	-0.0918739797	-0.0405033431	-0.0273458017	-0.0297879816	-0.0320156343	0.0690055315	0.2054791735	0.0142164961	0.032461675	-0.0020684853	-0.0331459808	0.0201418286	0.0378973445	0.0613519045	-0.0992875835	0.0100550303	0.0913042717	-0.0233077523	0.0687450154	0.0735042941	-0.1016849111	-0.0381278651	0.0441228381	-0.0132171718	0.0857573195	0.0743918455	-0.0105439919	-0.0788123932	0.1005338101	-0.0263123805	0.1264570376	0.0115524889	-0.076379497	0.0569125848	-0.0352055489	0.0526037134	-0.0236823405	-0.0611739457	-0.1765925001	-0.0460041458	0.0392701832	-0.0453150556	-0.1356618785	-0.0710412897	-0.0726250574	-0.0419785456	-0.03302529	-0.0646604599	-0.0625052637	-0.0793601339	0.1274763325	0.0189065658	-0.1109214634	0.1569031438	0.0102161137	0.0146917123	-0.039448135	-0.0256544915	-0.0982176355	0.0189466158	-0.0546891877	-0.0463412105	0.0514459177	-0.0409255271	-0.0984225799	-0.016599013	-0.1142260606	0.0453429415	0.099800467	-0.0323249902	-0.0766782694	-0.0132903662	-0.0306344627	-0.0361351586	-0.1275531209	-0.0130088106	0.1116061468	0.0604086657	-0.0108325129	0.0308044514	-0.0408959371	0.0169103082	0.0172002963	0.0384964368	-0.0715208003	-0.0561824668	-0.0482782849	0.0312660815	0.0186159777	0.0100879424	0.1269808264	0.0262624434	0.0177087992	-0.0077885985	0.0176897492	-0.1000954889	-0.0510985726	0.0830403428	0.0	0.0	0.116526781378198	-0.0329137559202478	0.0135784907783623	0.0010833153287776	0.0764010067525191	-0.0244098292047282	0.000595839761804	0.0058371138327984	-0.1870085941294306	-0.0218879077189129	0.0004790805043116	0.0349722142782661	-0.0012388828025838	-0.0002706780010492	1.5348305985378906e-06	7.326658025204483e-08	-0.0020520002398223	5.2254980755300166e-05	4.210704984230777e-06	2.7305830137367908e-09	0.0040192455856691	0.0004082530098065	1.6154335077920548e-05	1.666705200160663e-07	0.0	0.0
58.77929564099106	0.014877834893042	3455.0055960510304	0.0002213499711046	65.58769672721687	0.1449124598153162	0.0209996210097256	4301.7459619813735	58.83551814813205	0.0843890146455521	3461.618195759176	0.0071215057928472	62.551472111731016	51.37207191001563	1.008525	32.20705	0.119713001086712	0.0586488142888747	-0.0577099165	0.0121357291	0.0536354487	0.0455443233	-0.062776269	-0.0952017819	0.0021394836	-0.1001804388	-0.0096030141	-0.0089297089	0.1050714859	0.0196620909	0.0263523552	-0.0759964037	0.0229885343	0.0593898601	-0.0225722559	-0.0891138231	-0.0538788419	-0.0464222228	-0.0165040232	-0.010284784	0.0557469283	0.0286466585	0.0718787331	0.0697043397	-0.0459849967	-0.1323436593	-0.0251041044	-0.038934711	0.0072783669	0.0200189957	0.0681032892	-0.1104357842	0.0273060605	0.0779851408	-0.0612050875	-0.0635711437	-0.0225985173	-0.0364805422	0.169820124	-0.0105266772	-0.0021155005	0.0193462195	-0.0429070961	-0.0642193288	0.0610259754	-0.0139783401	0.0533977467	-0.0101077986	0.1524792448	-0.0125663687	-0.0772808632	0.0652913963	-0.0314042122	-0.0195476962	-0.0349980185	-0.0550688237	-0.1235491486	0.0960019972	0.1078951721	-0.0262521919	0.145658753	-0.0241647164	0.0349275487	0.0025990461	-0.0810799419	0.0107957252	-0.0034172975	-0.0468714267	-0.0641310217	0.0255030212	0.0706649546	-0.0804937882	-0.0676376739	0.0029102516	-0.0879882677	-0.0554277419	-0.1095795026	-0.0246984179	0.1016436002	0.1404020989	0.0312986621	-0.0471506146	-0.0078324697	0.0524477316	-0.0288583026	0.0724837009	0.1125752042	-0.0803324832	0.0114762893	0.0129717458	0.0616067021	0.0845772746	-0.0027555278	0.1147607003	-0.111804242	0.0040898512	0.0232452398	0.0703701347	0.0464422466	-0.0327224798	-0.1059655505	0.0771111047	-0.076937005	-0.0886875509	5.72231e-05	-0.1395630423	-0.0353663796	0.0028629555	0.0223673913	0.0006750653	0.0211885914	-0.0201681974	0.0326382753	-0.0873626154	-0.0046870836	0.046302155	0.0414429129	-0.0510956886	-0.0057881569	0.1358112987	-0.0738053523	0.0745245121	-0.0535541539	-0.0060249046	0.0531968178	-0.0987133696	-0.0206774542	0.1034449968	-0.1123711074	-0.0757349931	0.0198494772	-0.0291815486	0.0043616411	-0.1299018474	-0.1199399264	0.0362930559	-0.0100927509	-0.0991682581	0.0569548514	-0.0984062882	0.0084678959	-0.0310909346	-0.086013779	-0.0691072939	-0.0582632719	-0.098708326	0.0468550112	-0.0810343069	0.0072629146	0.1618946739	0.119799138	-0.0483827175	-0.0382391211	0.0916561791	0.0456271297	0.1679684679	-0.0660283771	-0.0103230291	0.0809261325	0.0109868486	-0.0852069449	-0.1310456231	0.1019688074	-0.0556265443	0.0492396986	-0.0032563573	0.0678660912	0.0954077471	-0.0897539004	0.0034759019	-0.0698982029	0.1739950319	-0.1157516574	-0.0328215696	-0.0255710165	-0.0062271505	-0.044949382	-0.0270612927	0.0368853052	-0.1004719551	-0.0306332625	0.035835585	0.0023976063	0.010074571	-0.0190618744	0.0613771786	0.0447151117	-0.0439533278	-0.0627055685	-0.0501680908	0.1242218091	0.0278056861	0.0227587801	0.0463827248	-0.0497884026	0.0567984513	-0.048017566	0.0158424933	-0.1012642201	-0.046111945	0.087480642	0.0	0.0	0.1535631130201409	0.0370363316419428	0.0235816296804365	0.0013716898614919	0.1049200358434632	0.0285190290909441	0.0008133350202901	0.0110082139213936	-0.1869553060857356	5.3288043695004506e-05	2.839615600840709e-09	0.034952286473611	-0.0006339719395324	0.0006049108630513	4.01920420114473e-07	3.6591715223758965e-07	-0.0019241716594371	0.0001278285803851	3.702436574980924e-06	1.634014596329552e-08	0.0036698979829031	-0.000349347602766	1.3468151204916244e-05	1.2204374755835106e-07	0.0	0.0
58.5250214146248	-0.2542742263662561	3425.178131582292	0.064655382194158	65.3491260960417	-0.2385706311751647	0.0569159460593164	4270.508281516359	58.78937601233162	-0.0461421358004301	3456.190731919313	0.0021290966962253	62.34482785112967	51.374636522539845	1.03857	33.166504	0.1197883936533433	0.0565911140573667	0.0142333637	-0.0097543805	-0.0337331901	0.1795976163	-0.0115156625	0.0404265903	-0.0778993601	-0.0580919436	-0.0032789327	-0.1027290492	0.1231889005	0.0175171434	0.1062068435	0.1094107095	0.1926657148	-0.0801486287	0.0396958272	-0.0240321308	-0.0744413514	-0.1191884752	0.0585493611	0.0695522482	0.0382784947	0.0041009071	0.1401179708	0.0636323006	0.0405576167	-0.0802341416	-0.0074605919	-0.0016232639	0.0276235502	0.1027248885	0.1157062586	0.0179954054	0.1172160184	0.0352631013	0.0249686	-0.0118189599	0.0473032419	-0.0743604669	0.0273096533	-0.0084034561	0.0312837488	0.0307795653	-0.0695367736	0.0887509263	0.1063171925	0.118362951	-0.077265304	0.0554737461	-0.0304119265	0.0593079762	-0.0649885361	-0.0960186504	0.0619805085	0.0815720064	-0.0646201626	0.0116408118	0.0091987015	-0.0054973357	0.0605216917	-0.0660141304	0.0194988554	-0.1699879275	0.0943231272	-0.0128188571	-0.0495761244	-0.063420116	-0.0574598287	0.0715408343	-0.0415668375	0.1126436389	-0.0385459513	-0.1356943609	-0.0776063038	-0.1650739894	0.0377286849	-0.0429854915	0.1643976603	-0.0197187196	0.1193979543	-0.0670773319	0.0275926326	0.0145786316	0.0262241381	0.125608795	0.0977687917	-0.0311684873	-0.1155630189	0.0485622899	0.0498439722	-0.1655476112	-0.0312090383	0.0361548041	-0.0430749504	0.0309387962	0.0663251477	0.0729886539	0.0848479704	0.0611435828	0.0570524575	-0.0717068432	0.0111715919	0.1252213708	-0.0525790205	-0.001803881	-0.0010403325	-0.1756930379	-0.0336244877	0.0267757401	-0.135314794	-0.059453618	-0.0531701181	-0.1288245113	0.0531499611	-0.0732015716	-0.125043044	0.0707895939	0.0737598301	0.0201378391	-0.0237099812	0.1399270915	-0.0092723663	0.03899707	0.0400319745	0.0169972873	0.043098842	-0.0297019512	-0.0264823579	0.0048225573	-0.0113124265	-0.0691949706	-0.0237180774	-0.0548030968	-0.0041227658	-0.1761447557	0.0266141258	-0.1992824939	-0.0555351693	-0.046553186	-0.037142435	-0.2776947994	-0.0696056458	-0.0152050471	0.0424571902	-0.042143366	0.0054381087	0.0949923876	0.0243752454	0.0064498465	0.055612221	-0.0277267754	-0.1387544461	-0.0171611396	0.0351987566	0.0125846107	-0.0268867944	-0.011548414	0.035556606	0.102648683	0.0442979466	-0.0031144824	0.0119646685	0.0301201452	0.0300951818	-0.0059266764	0.1060167532	-0.0007698384	0.0038970392	-0.0467577159	-0.0510460022	-0.032481604	0.0380971885	0.073823389	0.0823136181	-0.0069264563	0.0314753077	0.0906962369	-0.0559371533	-0.0053026935	0.0919079916	-0.1387707224	0.0285349308	0.0040527986	-0.0534042322	-0.05615996	0.0618340568	0.0888122203	0.0324907826	-0.029744849	0.0326895585	0.0623082571	0.1190119215	0.0304694256	-0.0123311455	-0.1035707351	-0.0353624055	-0.1372639413	0.0072077321	0.0139903026	-0.1023067888	-0.0409960724	0.091485117	0.0	0.0	0.1260671425490755	-0.0274959704710653	0.0158929244304889	0.0007560283921456	0.1092761713572514	0.0043561355137882	1.8975916614486817e-05	0.0119412816264993	-0.1832496012101288	0.0037057048756068	1.3732248625096109e-05	0.0335804163436712	3.300924301925887e-05	0.0006669811825516	1.0896101247044907e-09	4.448638978780093e-07	-0.0024909566477731	-0.0005667849883359	6.204865021084999e-06	3.2124522300303934e-07	0.0032190524979331	-0.00045084548497	1.0362298984449332e-05	2.032616513178345e-07	0.0	0.0
58.43127249327789	-0.0937489213469149	3414.2136051836933	0.00878886025371	64.90637114262931	-0.4427549534123898	0.1960319487712074	4212.837014904743	58.80592047551886	0.0165444631872375	3458.1362829730483	0.0002737192621538	62.31832642148101	50.74333432768331	0.948778	30.299026	0.1232095401499062	0.0633143383547139	0.0647595704	0.02309242	0.004110374	0.0978920678	-0.044719032	-0.0114115532	0.0194524732	0.0350125471	-0.0334991227	-0.1149856704	0.0613202884	-0.0732649585	-0.013096273	0.0057798759	0.0521128278	0.097068437	0.0278502095	0.0909165724	0.006131148	-0.007580506	-0.014676853	-0.0004569535	0.1974256949	0.0014348583	-0.0348456179	-0.0566825869	-0.0485793228	0.0022665758	0.0452161136	0.0310371115	-0.0232204573	0.1049836435	-0.0955107039	0.0851844969	-0.1171019522	0.0220750219	0.0907672736	0.0043836488	-0.067199796	-0.0130197936	0.0206690312	-0.0857927468	-0.1185049373	-0.0428366615	-0.0663891587	0.020068711	0.0632251397	-0.0008575263	0.0466672134	-0.0223055516	-0.0886120327	0.0055897853	-0.0364222284	0.0148467305	0.0642237521	-0.0915407325	-0.0654352747	0.0121185538	0.0672741951	-0.0649270067	0.1072476345	-0.0881270483	-0.028840465	-0.0075825915	-0.0198220653	-0.0010537097	0.0391354087	0.0047746427	-0.042312235	0.0236711682	-0.0495038447	0.0012557801	-0.1413985573	0.0624457558	0.0167654235	0.0048458891	-0.0075642786	-0.111186474	-0.0739966833	0.0023972582	-0.0893704319	0.0478466191	-0.0203518186	0.1174337006	0.0356127533	-0.0989171069	-0.0209741733	0.1564130075	-0.0156345289	-0.0171912273	-0.0376105177	-0.0616185669	0.0018223579	0.1214070479	-0.033973617	-0.066936205	-0.0179260322	0.0293661547	-0.03674304	-0.0816323459	-0.0134924867	-0.0884741605	0.1233899752	0.0208715726	0.0471846837	0.0213054969	0.0200906544	-0.1273571157	-0.038855789	0.0417778986	-0.0759309373	-0.0723320272	-0.0451244448	-0.0336728924	-0.0339108871	-0.0969600625	-0.0934889557	0.0077921704	-0.0364812105	-0.0257583914	0.0210901192	0.0698181523	-0.0103678805	-0.0528811905	0.0361035302	0.0320944314	-0.0626581566	-0.0170468344	-0.0865636708	0.0059108978	-0.0083538949	0.0169988203	0.087574135	-0.0561107049	0.1102742237	0.0442416225	0.0721530233	-0.0709037864	-0.0672718308	-0.0394531881	-0.154157685	-0.0267274423	-0.0841744482	0.0420055496	0.0919815608	0.1813945008	0.0177765976	-0.0406434374	-0.0492192707	-0.0176803095	0.0317111768	-0.0627619573	0.0862086548	0.0057452474	-0.045851789	-0.0106364074	0.1485846341	-0.1194863357	-0.0466822184	0.0194536247	0.042080247	0.0353460315	-0.0798748403	0.0270517624	0.0233668414	-0.0894832555	-0.0498575946	-0.1124428677	0.0630084221	-0.0826515955	0.0218299162	0.1410674742	-0.127606478	0.0550485034	-0.0573034977	0.023469217	0.0403870248	0.0774247255	0.0359308744	-0.0495443165	0.0148361147	-0.062614134	-0.0411841933	0.0525480024	0.0138747235	-0.0231470129	-0.0782306195	0.0208315015	-0.0661284288	0.0764379951	-0.0139087224	0.0500490579	0.0304515369	0.0186782042	0.0057188596	-0.0335649723	-0.0708942514	0.0014343936	0.0817713542	0.012133754	-0.1032218959	-0.0357652936	0.0950338178	0.0	0.0	0.1084319750261926	-0.0176351675228828	0.0117574932080808	0.0003109991335601	0.1113036244452558	0.0020274530880043	4.1105660240585525e-06	0.0123884968146505	-0.2128428199824057	-0.0295932187722769	0.0008757585973038	0.0453020660180627	0.0004006089237544	0.0003675996807351	1.604875097916587e-07	1.351295252765777e-07	-0.0017372888997895	0.0007536677479835	3.018172721331812e-06	5.680150743506707e-07	0.0035768590845492	0.000357806586616	1.2793920910722142e-05	1.280255534258646e-07	0.0	0.0
58.4162850556436	-0.0149874376342893	3412.4623597022096	0.0002246232868417	65.0090069240994	0.1026357814700844	0.0105341036379749	4226.170981257603	58.63288102650044	-0.1730394490184181	3437.8147374677555	0.0299426509165977	62.29075070311999	50.09534011968783	0.950427	30.35169	0.1192954336498014	0.0648431018620006	0.048656822	0.0954677259	0.0495271807	0.0456350302	-0.0889169083	0.0557874454	0.0179121517	0.0242735653	-0.0314891523	-0.0823280982	0.0879771027	0.0017312708	-0.0257506932	-0.0259527885	-0.0359172721	-0.007012669	0.0010905408	-0.1323902359	0.0360766316	0.0394489141	0.0691567913	-0.0769556691	0.0276790481	-0.1189377422	0.0460411752	0.0423413482	-0.0196630797	0.0237203818	0.0273228443	-0.0649987624	0.0613129142	0.0276175206	0.0716270069	0.0367725712	-0.033041606	-0.0262488387	0.0957885054	0.0714901509	-0.1298829097	0.0964491479	0.038984008	-0.0567612413	-0.071521468	0.052456929	0.1079497319	0.0017710435	-0.0108036675	-0.0546968754	-0.0116548338	0.0402426391	-0.1748558836	-0.0081717757	-0.0070436884	0.1521776366	0.0174346777	0.03007643	-0.0337623665	-0.0326446402	-0.0025399448	-0.0141819194	-0.026971064	0.0826246201	-0.0471990765	0.0291352749	0.0389080983	0.0950139837	-0.1042434932	-0.1420094532	0.0440172362	-0.0177161304	-0.1026568976	-0.0445380476	-0.0428052538	0.0493225469	-0.0402259497	0.0236411355	-0.0553678746	0.0098454432	0.0244858095	-0.2444521688	-0.0072529672	0.0085294914	-0.0047316022	0.0702874733	0.1142638628	-0.0159003747	-0.0090697239	-0.1023428472	-0.0447404144	0.0455302566	-0.1139945298	0.0874950774	0.0073036926	-0.1673573731	-0.0282315218	0.0026979671	-0.0111172643	0.0330238437	0.027878962	0.0187063814	0.0184621276	-0.1558127897	-0.124178156	-0.0664094804	0.1042185607	0.0109341219	-0.024719346	-0.0088265528	0.0035601444	0.0270350962	-0.003133283	-0.0846482443	0.0363067344	0.080486287	0.0164106313	-0.0986043942	0.0137020067	0.070058857	0.0213585306	-0.0708241176	0.0195639082	-0.0108744302	-0.0415252824	-0.0022149372	0.0562411005	0.0839193884	-0.0279861546	0.0414463227	0.0384071918	0.0233629759	0.0031806397	0.0824112822	-0.0341830067	0.0030994645	-0.0893095586	0.0332464997	-0.0117550375	0.0779443032	0.0535704842	-0.1419870501	-0.1159339003	0.0729183137	-0.0348427052	0.0677435804	0.0586934454	0.0192095955	-0.0867939954	-0.0188259368	-0.1500963521	-0.022089405	-0.0567435903	-0.0290247402	-0.1131349234	0.0272485399	0.0243278783	0.0060246017	0.0742030376	0.0233312271	0.0185521179	0.0397457315	0.0336751072	0.0761102854	0.0586740311	0.0433192476	-0.0133743668	0.0069014149	-0.0652182437	-0.0477423903	0.1017260016	-0.0251295818	0.13492384	0.0191123624	-0.0049787989	0.022928577	-0.0592522973	-0.0114814359	0.0849011761	-0.0336930505	-0.0299635111	-0.0703637703	-0.0822232239	-0.0443896893	-0.0275092644	0.1375519703	0.0821495016	0.0556918658	-0.026001751	0.0523036651	0.092499852	-0.0052195258	-0.025581515	-0.0004060701	-0.0007254804	0.0308587986	0.0418084656	-0.1716299702	-0.0420096549	-0.0214238987	0.0193111796	0.0102734258	-0.1040084014	-0.0304342698	0.0981090648	0.0	0.0	0.152170394574739	0.0437384195485463	0.0231558289850317	0.0019130493446046	0.1097969511497041	-0.0015066732955516	2.270064419528603e-06	0.0120553704817705	-0.1958593080916273	0.0169835118907784	0.0002884396761442	0.0383608685661309	-0.0002690632765326	-0.0006696722002869	7.239504677845838e-08	4.484608558372318e-07	-0.0017100527055089	2.72361942806e-05	2.924280255618309e-06	7.41810278890588e-10	0.0040212872682801	0.0004444281837308	1.6170751294031625e-05	1.9751641049434625e-07	0.0	0.0
58.3889070020191	-0.0273780536244956	3409.264460890435	0.0007495578202657	65.03219448945308	0.0231875653536803	0.0005376631870311	4229.186320114051	58.67509857414392	0.0422175476434745	3442.767192685505	0.001782321329029	62.24900642647872	50.59439045680136	0.919194	29.354284	0.1088309940996534	0.0492878311601605	0.0441566719	0.0959222056	0.0142252374	0.0949214269	-0.0481978681	0.1217106912	-0.0217764967	0.0152488608	0.0643445803	-0.0223851035	0.0160343621	0.0673752702	0.0978635632	-0.0944155376	-0.0250981389	-0.0900513939	-0.0701533979	-0.0863457745	0.0350459306	0.011473333	0.0320013969	0.0026375282	-0.0620606626	0.0001284587	0.0156715875	-0.0174898894	0.1164925947	0.0101614584	0.0447277397	-0.0165864879	-0.0462387955	-0.0896224547	-0.0918459982	0.0255450501	-0.1306047832	0.0043629595	-0.0327102791	-0.0131671052	0.0142567521	-0.0567836285	0.0297271035	-0.0736588099	-0.0987619377	0.0801925207	0.0270104992	0.0895382773	-0.0381944516	0.055808788	0.1304959339	-0.0590583998	-0.0514624675	0.0028101718	-0.173497081	0.0888189878	-0.0653009009	0.0469746741	-0.1052536982	-0.1037699019	0.0491673003	0.0330417213	-0.1055508275	-0.0289152867	-0.0373209335	0.0783295238	-0.0033642085	0.0020230047	0.1380834927	-0.0344129599	0.0447795096	0.0454360872	-0.0010978126	-0.0320534559	0.0926550448	-0.0110991789	0.0467666505	0.0432249222	0.0789449979	0.0285449634	-0.0715729256	-0.0084488147	-0.0532809446	-0.0628650275	0.0180546063	-0.0838412524	0.0105567721	0.0445401398	-0.1052965472	0.0541254347	-0.0144029793	0.1014719602	0.053961128	0.0202677619	0.1361146526	0.0352742679	-0.028564539	-3.43071e-05	0.0787602318	0.0156732779	-0.0216072698	-0.0311317045	-0.2308690899	0.0737817219	-0.0728008458	-0.0770589836	0.0670571554	0.0295579855	-0.0480351876	-0.026037892	0.043230102	0.0497598138	0.0577870389	0.03883758	0.0445772486	0.1026399649	-0.0111282539	-0.1262571382	-0.0299285772	0.1024018776	-0.0124938181	0.0321430358	0.0357318564	0.0835184893	0.0940447671	-0.0356762182	-0.0483852556	-0.0035665961	0.0664154228	-0.0602635952	-0.0291316235	-0.0042167062	-0.0516736204	-0.0098607573	-0.0271639804	-0.1264130694	-0.0510491937	0.0007755293	-0.0908620523	0.0005184971	0.0120870038	-0.0014228347	-0.0908529909	0.0738711133	0.1843544011	-0.0911879346	0.0558627019	-0.1037313153	0.0701335479	-0.0249436404	-0.0745732998	-0.0642426639	-0.0764068407	0.0920553268	-0.0373644306	0.084568765	-0.0577718166	-0.0295306046	0.0648884657	-0.0527564723	0.0184284729	0.1332882333	-0.0148726111	-0.0110621268	0.1019237081	-0.0141960769	-0.1061595559	-0.0235978009	-0.0040811616	0.0453778772	0.0651614591	-0.1141933147	0.0087190815	-0.1934571955	0.1482894358	-0.0144247206	0.1555309306	-0.0365079663	0.0698862206	-0.0200685456	-0.073939835	-0.0949268673	0.0412540433	-0.0323473546	-0.0182791774	-0.0402056049	0.0919622381	-0.0358841327	0.0150003925	0.0513259811	-0.0315242159	0.0163757795	-0.0886925417	-0.0374145465	-0.0410562477	0.1077362315	-0.0691083904	-0.0642144614	-0.0758058014	0.0267269451	0.068633013	0.0084098975	-0.1046653254	-0.0250179432	0.1006955375	0.0	0.0	0.1274622569512757	-0.0247081376234633	0.016246626947113	0.00061049206482	0.0950980477474701	-0.0146989034022339	0.0002160577612282	0.0090436386853801	-0.1806287429626962	0.015230565128931	0.0002319701141466	0.0326267427842837	-0.0007664889508537	-0.0004974256743211	5.875053117808058e-07	2.47432301473801e-07	-0.0021865979676061	-0.0004765452620971	4.781210671939127e-06	2.2709538682728899e-07	0.0041311840907623	0.0001098968224822	1.7066681991767532e-05	1.2077311591684257e-08	0.0	0.0
58.45455098438672	0.065643982367618	3416.9345307862664	0.0043091324210801	65.08804356477046	0.0558490753173828	0.0031191192138066	4236.453415089457	58.64758163294377	-0.0275169412001474	3439.538831392804	0.0007571820530123	62.30475871639742	50.25749125819662	0.952587	30.420668	0.0769902496417877	0.0409883914227035	0.0313376736	0.0910782544	0.0198200147	0.0361888635	-0.1132470042	-0.0842117871	-0.1120077512	0.0169566187	0.0208101429	0.0305739678	0.0290847416	-0.0214675857	0.0572766526	-0.1402860011	-0.0724931029	-0.0150223385	0.1011705782	-0.0497633127	-0.0373537389	-0.0144731855	-0.0918424132	0.060911349	0.0510026666	0.0368507886	-0.062257445	-0.1292567659	0.0235946719	0.0532965159	-0.0257805236	0.0460179683	0.0033767133	-0.0797259767	-0.0847372521	-0.0117692172	0.1217616683	0.0040705174	0.0075982163	0.0740182802	-0.0530351668	0.0049257786	0.0058924109	-0.0248544023	-0.0213196915	-0.062488321	0.1127162536	0.1168314001	0.0734368062	0.0157367679	-0.0017636693	0.1422645167	0.0045099315	0.036688343	-0.0311344945	0.1871873884	0.011632116	-0.014207982	-0.1359572272	0.0529416114	0.0406066476	-0.0278127732	0.0583194651	0.0083831221	-0.0913312451	0.0065029807	0.0277077805	-0.0060455659	-0.0476452314	-0.1089215816	0.1076123524	0.0269105918	0.0391697914	0.1060465257	0.0346751144	-0.0529740945	-0.0472722257	-0.0061852213	-0.0001045066	-0.1556121077	-0.0243072597	0.0960527381	-0.1333879531	-0.1207592386	0.0281236606	-0.0650029804	-0.050015834	0.006632049	0.1177938751	-0.093773186	0.0439030865	0.132993305	0.013451023	0.1340802737	-0.0121928396	-0.056299359	-0.0166559161	-0.0269498249	-0.0939847869	-0.1187682932	0.0047512666	-0.1641872371	-0.1395333308	-0.0214174343	0.1014668868	-0.1058268337	-0.0195973418	0.0161374165	-0.0194927075	-0.0458487598	-0.0396073799	0.0107786657	0.0509092808	-0.059387797	0.0928796829	0.0894448797	-0.0417630072	-0.0418992799	0.0110535032	0.0365580762	-0.0099236762	-0.0145080549	-0.0513285947	0.0767987084	-0.0092714011	0.0658913912	0.0267308924	0.0623446061	0.0552134915	-0.1011913732	-0.0388879104	0.0686983603	0.0202740792	-0.018802133	0.055654194	-0.0871574284	-0.0427497606	-0.1009646632	-0.0044194029	0.0446269949	-0.0913450131	0.0115952069	0.0161932679	0.0105293678	0.0134371132	-0.0933095122	-0.0024603434	0.012029114	0.089333411	-0.0110631852	-0.1029588743	-0.1282026994	-0.0483821981	-0.039493916	0.0209172589	0.0498143909	0.0719655455	0.0555537253	-0.0900229791	0.0400508043	-0.0259797587	-0.0071807446	0.051320241	0.0319085532	-0.1031429872	0.0833934776	0.1243524254	0.0647078049	-0.048182558	0.0042892363	-0.1387087567	0.0237768318	0.0563411477	-0.0826327252	-0.1102817061	-0.0355823738	0.0234977261	-0.0187591853	0.0551140022	-0.0261489504	-0.0582669139	-0.0053812794	0.0602837256	-0.036893019	-0.0130671174	-0.0010800722	0.0054220587	0.0502211978	0.01636422	0.0004976503	0.0207922195	-0.0635299154	-0.0524883435	-0.0734961546	0.0157520064	0.0366274817	0.048058344	0.113148534	-0.0245577797	-0.0130735424	-0.0220601151	0.0065437496	-0.1051918494	-0.0195314949	0.10278035	0.0	0.0	0.152241806576967	0.0247795496256913	0.0231775676698186	0.000614026079652	0.0972813995144861	0.0021833517670159	4.767024938531856e-06	0.009463670691497	-0.2037561708137616	-0.0231274278510653	0.0005348779190062	0.0415165771446867	-0.0006858919839147	8.059696693899995e-05	4.704478135984431e-07	6.495871079766251e-09	-0.0017429304576244	0.0004436675099817	3.0378065801148e-06	1.96840859413362e-07	0.0041449180218019	1.3733931039599733e-05	1.7180345407458174e-05	1.8862086180048092e-10	0.0	0.0
58.36876752247084	-0.0857834619158808	3406.9130220922466	0.0073588023382733	65.04558939503923	-0.0424541697312292	0.001802356527568	4230.928699748039	58.72505619888644	0.0774745659426727	3448.632225562371	0.0060023083680055	62.24720517640524	50.5822945951304	0.992692	31.701429	0.0810505113173355	0.0446592731554734	0.0377641619	0.1007075507	-0.0024495768	0.0522252947	0.0301725498	0.0821876752	0.0573702034	0.0176574135	0.0206550544	0.0042920181	0.0474507243	-0.0167285043	-0.0271151489	0.0504175638	-0.0320844114	0.1454068499	-0.076170805	-0.1050588806	0.0967201579	0.0056267012	-0.0396924797	-0.0454920424	0.095066931	0.000674953	0.0164252767	0.0203442958	0.1285715226	0.1701596553	0.065363188	0.1005642126	0.0935087004	0.0869323579	0.1145449586	0.0749914486	0.0428605839	0.0929690293	0.0955586492	-0.132906055	-0.0359226181	-0.0899882735	-0.0850112682	-0.0442655638	-0.011202663	0.056891004	0.0198595436	0.0178784397	-0.0061585775	0.0444515802	-0.0491430021	-0.0337114297	0.0346677984	0.0391792442	0.0408549405	0.0471236256	0.0052761169	-0.0722895916	-0.0923226128	0.1311685963	-0.0649221694	-0.1266531577	0.0166965765	0.0809808593	-0.0340725752	-0.0279215153	0.0688055642	0.1480289278	-0.0417499463	0.1089720892	0.0807846675	-0.0301370597	-0.0812071016	-0.0443979491	0.0778477688	0.1003257263	-0.1051003543	0.0350856313	0.0136504743	0.0083739029	-0.0902848438	0.0368535259	-0.1000366025	-0.1657364259	0.0772440211	0.0631475815	0.1543462253	-0.0838211079	-0.1152254504	-0.0381572011	-0.0404216852	-0.1088571932	-0.0260660498	-0.0859533721	-0.0615563817	0.0420804802	0.070412954	0.0588285422	0.0991511819	-0.0601595169	0.0363498018	-0.0420847291	0.0493691605	0.0223175483	0.0053766716	0.1702488728	-0.074170636	0.0397725288	-0.0637770838	-0.0354970917	-0.1045957895	0.1119456363	0.043678965	0.0398672986	0.0721140306	0.0043202671	0.0146626986	0.0321477919	-0.1064322433	-0.139902267	-0.0255545369	0.0494987816	-0.1204901587	-0.0920746231	-0.0242859339	-0.1575308421	0.0135485456	0.0224714435	-0.0103276959	0.0311108196	0.0343010265	-0.0753119106	-0.0059401175	0.0870867888	-0.1485140988	0.0228612579	0.0105990871	-0.089913932	0.0231313546	-0.1002352561	0.0004942701	0.0346520782	-0.0225065977	-0.0857166287	0.0721341399	0.0054283095	-0.0530843936	0.078356709	0.1659167602	0.0548956504	-0.0255741423	-0.0389619327	-0.0399339865	-0.0394680239	0.0295830873	-0.0692004615	-0.083955755	0.1238471823	-0.0534181182	-0.1511492008	-0.0743286158	-0.0221910218	-0.0366256203	-0.0405882309	0.0420364791	0.0096877882	0.0991656306	-0.0331654764	0.0225951241	-0.0366527468	-0.036278574	0.0753132415	0.1158552946	0.1688421598	0.0678422159	-0.0230412397	0.0286994333	-0.0011016828	0.0711346495	0.048973018	-0.0736263783	0.0457526835	0.0658256157	0.0147428197	-0.0644362477	-0.0111257612	-0.0001871886	-0.0315648294	0.0618280126	0.005741546	0.0089527378	0.0004084125	-0.050224639	0.0442389156	0.0757957784	0.0051808718	0.0155118913	0.0556696837	-0.0209003057	-0.0496950853	-0.0187798304	0.0046755634	-0.1055873175	-0.0139903026	0.104353116	0.0	0.0	0.145795558098527	-0.0064462484784399	0.0212563447612609	4.155411944578999e-05	0.0991386489664591	0.001857249451973	3.449375526854031e-06	0.0098284717188948	-0.1748161506743741	0.0289400201393875	0.0008375247656681	0.0305606865366054	-0.0008731750048306	-0.0001872830209158	7.624345890609184e-07	3.507492992338543e-08	-0.0018620676851639	-0.0001191372275395	3.467296064131645e-06	1.4193678985798622e-08	0.0035751984053066	-0.0005697196164952	1.2782043637306854e-05	3.245804414195516e-07	0.0	0.0
58.24028442341367	-0.1284830990571706	3391.930729720121	0.0165079067433347	64.72374535806524	-0.3218440369739852	0.1035835841357119	4189.163213175672	58.63979769527824	-0.0852585036082018	3438.625873743159	0.0072690124375097	62.166025378101104	50.29111167156335	0.987528	31.536512	0.0562679708683839	0.0319104545415826	0.0196820352	0.0301706128	-0.0823278848	-0.1013441546	0.0420628524	0.0082442825	-0.0725916822	0.0888572177	0.0523409611	0.0765033507	0.0016355931	-0.0726162586	-0.0054598714	0.0973933197	-0.0136473382	0.0595336574	-0.0136746192	0.0523334974	0.0809471881	0.0147981782	-0.1247022536	-0.0368823446	0.1158549228	0.0455476373	1.91321e-05	-0.0094344953	0.1185214485	0.1413787976	0.0515532596	-0.0249869264	-0.0729094574	-0.0514832907	0.1108534816	-0.0541666648	0.020391457	-0.0417896887	-0.0167558131	0.0974756233	-0.022144062	-0.0117381817	0.1533394726	-0.0532530396	0.0878663582	-0.0369210602	0.1052182291	0.0733492835	-0.1081400055	0.0332291505	0.1202613192	-0.0170785678	-0.1677909905	0.052576974	-0.0270820737	-0.0431338287	0.0212268473	0.0045018687	0.012678623	-0.0035147462	-0.0993085516	-0.0854143392	-0.0151575526	0.0845965582	0.0252228497	0.0164056098	-0.0463400489	-0.0761066896	0.1079057931	-0.0315625059	-0.0393941491	-0.0809436251	0.1038037093	0.0124879496	0.1171548675	-0.0521238734	-0.0660144628	-0.0488881045	0.0091860912	-0.0073395894	0.039230572	-0.0289620084	0.0276257001	0.0466381529	0.016087194	-0.0605325099	0.076925326	0.1315880356	-0.023375172	-0.0961897383	3.19741e-05	-0.1637193424	-0.0690190022	-0.0625848894	0.139886417	-0.1805646935	-0.0184621493	-0.0673260835	-0.168653857	0.0511254929	-0.0482647482	0.0219076032	0.0551149526	0.0784767891	0.1100584374	-0.0705744605	0.081956119	0.0695348554	-0.0723345172	0.0855432246	-0.1022487115	-0.0339875654	0.0227289732	0.0950327845	-0.0001698554	0.0084225841	-0.0024459155	0.0414872331	-0.117256006	-0.0888942337	-0.0633599835	-0.0249008091	-0.0998008178	-0.109971678	-0.0781985224	-0.0723751216	-0.0293972802	-0.0926704493	0.076456183	0.0616954113	-0.0081774232	-0.1573848737	0.0035274287	0.0622212202	0.0319440428	-0.1635654121	-0.1285960293	0.102982266	-0.0894212449	-0.040404944	-0.0299222992	0.0265021152	-0.0901260989	-0.0049692017	-0.0442455581	0.0985313621	0.0736370658	-0.0630664613	-0.016372588	0.1689843974	0.0706552738	-0.0043522077	0.1745169701	0.0871949334	0.0553701585	-0.000116145	0.0757737561	0.0380469825	-0.0342587368	-0.0385480759	0.0820254826	-0.0797410395	-0.0909727585	0.0085966361	0.055432695	-0.115505588	-0.0111546356	0.0684548677	-0.0618848462	-0.1467273795	-0.0867968475	-0.0462936002	0.077710188	-0.04623404	0.0140516174	0.1598253044	0.0539250299	-0.0029976126	0.0759768251	0.0794858217	-0.0326461654	0.0468837201	0.0305194922	0.1080885726	0.0648016797	-0.083366265	0.0167976843	-0.0119187543	0.0293008944	-0.1112273277	-0.0802376306	0.1185159388	-0.0280039507	0.0553382829	0.1314486048	0.0591375679	0.0611446327	-0.0104392736	0.0354871031	0.113078928	0.0044288282	0.0028059207	-0.1058512369	-0.0084098975	0.1054060001	0.0	0.0	0.1288272766226867	-0.0169682814758403	0.0165964672020182	0.0002879225762433	0.1041188766512846	0.0049802276848254	2.480266779270228e-05	0.0108407404751254	-0.173232053894921	0.001584096779453	2.5093626066736594e-06	0.0300093444966528	-0.0003912812848989	0.0004818937199317	1.5310104391213417e-07	2.3222155730961175e-07	-0.0017642196675189	9.784801764500003e-05	3.112471035260498e-06	9.574234557056236e-09	0.0036501639662952	7.496556098860038e-05	1.3323696980839907e-05	5.619835334335563e-09	0.0	0.0
58.3257295274876	0.0854451040739334	3401.890724913639	0.0073008658102053	64.87175455233336	0.1480091942681127	0.0219067215878959	4208.344538698184	58.60465131165182	-0.0351463836264187	3434.505155360293	0.0012352682820153	62.25213622230669	49.61986943475016	0.949853	30.333364	0.0545280230813717	0.0294512361080245	-0.0147651916	-0.0304531099	-0.0562094186	-0.1733054679	-0.09315568	0.0976360677	-0.0681428065	0.070330465	0.0046198931	0.1231217152	-0.0162226298	-0.1534487937	0.0137474677	-0.0576430521	-0.1321905592	-0.0873795771	-0.0927174137	0.0768600313	-0.0671695299	0.029466905	0.0381484756	0.0266964063	0.0235977296	0.0056016318	0.0610620629	-0.1645570117	0.0778775104	0.0687401492	-0.0153064385	0.0857305308	0.0068705634	-0.066545311	-0.0306115634	-0.0801483039	-0.0610565915	0.1528056943	0.0789893739	-0.0411435913	-0.0105227495	-0.033216435	0.0416283554	-0.006477529	0.0568015642	-0.0283133484	0.1188828279	-0.0085555382	-0.1154806915	0.0534161759	-0.0759690365	0.1553009637	0.0670112311	-0.0697973247	-0.0258643812	-0.0363731288	0.0732282622	0.06879926	0.0224560767	-0.0469879481	0.0147723535	-0.0128416728	0.0237233914	0.05018775	0.0457879827	-0.0103730755	0.0376538339	0.1039031382	0.0250965825	-0.0530984598	-0.0858211052	0.1024970927	-0.0386403823	-0.0817009696	-0.0608329073	0.0724547651	0.0611641791	0.0071787465	0.0496724321	0.0505754448	-0.034007592	-0.0567807989	0.0101043389	0.051512384	0.0262134394	-0.1128126422	0.0892036665	0.0069437562	0.0520711936	-0.00994779	0.0443985584	-0.0127777607	0.0639633566	0.1072720994	0.0678362315	-0.0431185659	-0.0683387134	0.0489712443	-0.1035070284	-0.117497081	0.1299531881	-0.0992954234	-0.0383105614	-0.0388441459	-0.0012813903	0.1215977753	-0.0173845564	0.0219355884	-0.0503587678	0.0879056805	-0.1058288387	-0.1146929213	0.0072505883	0.0536163467	0.0233847402	0.0094617313	-0.0764079587	0.0285551367	-0.1155804934	-0.0464958414	-0.0764014941	0.0319886522	-0.0529571095	-0.0350260771	-0.0310521809	-0.1116462158	-0.0709875646	-0.0147689129	0.0703862393	-0.0692159346	0.0418297452	-0.0859770545	-0.0495155423	0.02132931	0.0085580449	0.1408315817	-0.1039601071	0.065737708	0.0745962408	0.1139265194	-0.0415175347	0.0134478024	0.0180443267	0.0739226482	0.0800231554	-0.0637306224	0.0159117031	-0.0361469147	-0.0470131752	-0.0278906285	-0.0433476623	0.0498985396	0.088529377	0.0307924155	-0.0209542566	-0.1099868751	-0.1261195466	0.0304505704	-0.003745465	0.0277076031	-0.0757365209	0.0041966054	-0.0499251252	0.1296994226	0.0314417312	-0.0406720194	-0.0308471789	-0.0112876931	0.1080075281	0.0289336114	0.0695829074	0.1408958125	-0.0265639596	0.0975091731	-0.1002705546	0.0356242996	0.01635862	-0.0231615466	0.0143159532	0.0145798725	0.0240867617	0.0818660258	0.0451655476	0.1351333916	-0.0059974325	-0.0697567512	0.0454513147	0.0921088832	-0.0687388041	-0.0192707477	-0.0692693586	0.0101782256	0.0162744914	0.0232999765	0.0571564205	-0.0469504079	-0.0179409183	0.0119169015	-0.0735544709	0.0551741272	0.0328360466	0.000935404	-0.1059832789	-0.0028059207	0.1059337567	0.0	0.0	0.1518274275844362	0.0230001509617495	0.0230515677669072	0.0005290069442632	0.1001506510066576	-0.0039682256446269	1.5746814766675343e-05	0.0100301528970573	-0.1802127795740062	-0.0069807256790851	4.87305310066395e-05	0.0324766459217893	-0.0006860952141924	-0.0002948139292935	4.707266429377152e-07	8.691525290547283e-08	-0.0018537733419861	-8.95536744672e-05	3.436475603458314e-06	8.01986061057723e-09	0.0036773747784527	2.721081215749984e-05	1.3523085261200045e-05	7.404282982707412e-10	0.0	0.0
58.57396425220271	0.248234724715104	3430.9092882183204	0.0616204785543834	65.239543738855	0.367789186521648	0.1352688857222556	4256.198067253975	58.76065162365687	0.1560003120050481	3452.8141792367687	0.0243360973456723	62.44470702804976	50.13576582984213	0.919151	29.352892	0.0833903949651224	0.0461400926795069	-0.0372894024	-0.0338841649	-0.0112186024	-0.1395379959	-0.0079833461	0.1382947277	-0.0619812146	-0.013696653	-0.0832527356	0.0338356989	-0.0360883481	-0.0952772787	-0.0366117975	-0.0108741683	-0.0350280094	-0.0868537874	-0.0667981695	-0.0059704394	0.0569990745	-0.0252798202	-0.0272585886	0.074456986	-0.1257755845	-0.0605960684	0.0023223213	0.00664552	-0.0490141204	0.1835215335	0.0899465802	-0.0506954364	0.0848660515	-0.0650456864	-0.0112949138	0.0196980046	0.0312107864	-0.1618526658	0.0072775471	0.004443441	0.0077878966	0.0123894859	-0.0034656092	-0.1566428075	-0.0785630264	-0.0060840088	0.0149810023	-0.042734268	-0.0593037043	-0.0700013937	-0.1409359562	-0.0993931451	0.185638989	0.060860158	-0.0002953076	0.1141870329	0.1504203835	0.0040028519	0.0020114402	-0.0205458609	0.0143345258	0.0796261722	0.0457773155	0.0033712787	-0.0533288663	0.0305969704	0.0499618047	0.1360142987	-0.0286826368	-0.128099544	0.015336584	0.0225916574	0.1632285132	0.0318605633	0.005544504	0.1031771268	0.0212938624	-0.0680845232	0.0438375092	0.0432385371	-0.0032806315	0.0118209118	-0.02825205	-0.0928252125	-0.1104500501	-0.0595503678	-0.1374861453	-0.0060819862	0.0547779756	0.0951293885	-0.0008432629	-0.0437360052	0.0095573832	-0.0627489253	-0.0649916691	0.0117318445	-0.0948871885	0.0600057038	0.0109809901	0.0833074355	-0.0708548416	0.0694926777	0.0099839645	0.0478874838	0.0384688612	0.0299681063	0.0665237378	-0.0467445795	0.0037893315	0.0628204661	-0.0868911718	-0.0836070925	0.0188009908	-0.0128443426	-0.0234008122	-0.0597072489	-0.0525099153	-0.0286792135	-0.1048021758	0.0107053114	-0.0926624588	-0.0262993572	-0.0290834195	0.0668107747	-0.0870349911	-0.197169223	-0.041627841	-0.0225234964	0.0529091394	-0.0713004481	-0.058426116	-0.1523420688	-0.0216887831	0.0054816533	0.0256618292	0.0279681759	-0.0115756505	0.1262759966	0.0275825321	0.0466117603	0.1638659898	0.0293813091	0.1099093723	-0.0543422614	0.1099551005	0.0159235721	-0.0019261105	-0.029526355	0.0471208569	-0.0515104602	-0.0695460699	0.0527985121	-0.0733733088	-0.051769992	0.0890812456	0.0424349975	0.1152219353	-0.0417171898	-0.0687363963	-0.0215688904	-0.0069454565	-0.1242277736	-0.0097676155	-0.0863835955	0.0763517549	0.0347829481	-0.0500290407	-0.0563809194	0.0068839161	0.1319303319	0.0240910541	-0.0215996407	0.1110252967	0.0515431271	0.0376157036	0.0519048109	0.0057717663	-0.012702059	-0.033288831	0.0341867104	-0.00070142	0.0714091553	0.0582546409	0.1231996594	0.008845242	-0.0129966046	-0.069822053	0.0891993031	0.029910091	-0.157881203	-0.1331637355	0.0279120746	-0.0660069607	-0.1036845589	-0.0188332357	0.041883275	-0.0120539435	-0.0845142756	0.0252759985	0.0395202546	-0.0304653086	-0.000935404	-0.1059832789	0.0028059207	0.1059337567	0.0	0.0	0.1297290179418411	-0.0220984096425951	0.0168296180961545	0.0004883397087319	0.0971606078976776	-0.00299004310898	8.940357793558804e-06	0.0094401837270462	-0.2091576669915085	-0.0289448874175023	0.0008378065076118	0.0437469296613307	-0.0002418480837832	0.0004442471304092	5.849049562960572e-08	1.973555128768088e-07	-0.0017189509113737	0.0001348224306124	2.9547922357124737e-06	1.8177087796235428e-08	0.0036693032435534	-8.071534899299886e-06	1.3463786293151504e-05	6.514967563061603e-11	0.0	0.0
58.73332175004277	0.1593574978400624	3449.603083794047	0.0253948121178455	65.41619026535962	0.1766465265046122	0.0312039953261446	4279.27794883373	58.7517381693447	-0.0089134543121716	3451.766737919235	7.944966777517065e-05	62.54292835543522	50.68875732330176	0.92882	29.661688	0.0546414633088628	0.0312690527861956	-0.0845758472	-0.0350949127	0.0478418686	-0.1134260576	0.0097271519	0.1068095327	-0.0535821866	-0.0481520324	-0.0455919948	0.0708393217	-0.0227224422	-0.1038077702	0.0639727634	0.0953947543	-0.0395440189	0.0076001811	-0.0804423285	0.0645176459	-0.0149154244	0.0047316029	-0.0828436965	-0.0134326995	-0.0547031497	-0.0335957803	0.0963696413	-0.0466273981	0.0116603957	0.0478321666	0.1210050299	-0.0939771454	0.0361993917	0.0329506832	0.0272948381	0.0362948134	-0.1582711195	-0.0264611029	-0.0432512376	-0.0890232865	-0.0027113078	0.0195946358	-0.0237323673	0.0098083804	0.00742504	-0.0173515872	0.0941015562	-0.1239238903	-0.0270100202	-0.0810946032	-0.0096619221	0.006097917	0.0302357766	-0.1051690054	0.0150616988	-0.0019646167	-0.0634122484	-0.1901891172	0.0552268801	-0.0996193258	-0.0731120774	0.0512915498	0.0777104536	-0.0682638704	0.0150532026	0.070572844	0.0176980614	0.0454496899	-0.0439194456	0.0090936923	0.0278884517	-0.0739947926	-0.0257602589	0.1045221787	-0.0242626483	0.0566075746	-0.0255060482	-0.0339675978	0.0788892097	0.0532376546	-0.0249126891	0.0072179426	0.0428874718	-0.002161657	-0.0506469482	0.2127471303	0.0057430054	-0.0818411484	-0.0050293906	-0.0752915326	-0.0247404027	-0.0304615572	-0.1206409435	0.0852551809	0.0218343197	-0.091733647	-0.0719678313	-0.1454913613	-0.0349034255	-0.1147043408	0.0067301276	0.0864172858	-0.14508872	0.1245865668	0.0553771519	0.2067907796	-0.0751160087	-0.0926207295	0.0192016338	0.0706087829	-0.089552732	-0.0815612803	0.0141725817	0.0984992454	0.036761577	0.0321261034	-0.029672694	-0.042608261	-0.0842386324	-0.0694594621	-0.0135949504	0.0286683288	-0.0229199695	0.0294314071	-0.0265609663	-0.0443629558	-0.0663929325	-0.020465528	0.0942039948	0.0218854818	-0.1032456128	-0.1277065683	-0.0207703114	0.0319469268	0.0256316936	0.0289982269	-0.1101558525	-0.0474071617	0.0535793737	0.0048141804	-0.068647624	0.0941542416	0.049830203	0.0959230649	0.0376790889	0.0340261996	0.0676068605	0.0409052102	0.0632325088	-0.0397576543	-0.0115160446	0.0267916361	0.0024595387	-0.0653148841	-0.1215018362	-0.1210816943	0.0703616796	-0.0335457035	0.0479813274	0.0657178616	-0.0101433645	0.0685905984	-0.061484557	-0.0828158594	-0.1230318768	0.1001994605	0.03777356	-0.0256062279	-0.147889306	-0.0202902203	0.0711785711	-0.0647519062	-0.1031789565	-0.0124451205	0.0114800321	-0.0438884763	-0.0140874208	-0.0317837022	-0.072060361	0.0314525923	-0.019353769	0.0454234501	0.0696307537	0.0976382089	-0.0678226575	-0.1788919859	-0.0175812124	-0.0090157889	0.0287513896	0.0693730284	0.026142585	-0.0827762013	0.1499626532	-0.1205231731	0.0992809553	0.0523465201	-0.0260002125	0.0707844668	-0.2195933075	0.1082009906	-0.0174936902	-0.0028059207	-0.1058512369	0.0084098975	0.1054060001	0.0	0.0	0.1348327614296209	0.0051037434877797	0.018179873554737	2.6048197589054543e-05	0.0944364884015698	-0.0027241194961077	7.420827029074564e-06	0.0089182503416198	-0.1954296196710032	0.0137280473205053	0.000188459283234	0.0381927362447529	-0.0003861004342542	-0.000144252350471	1.490735453312818e-07	2.0808740616408214e-08	-0.0021672043582285	-0.0004482534468548	4.696774730324605e-06	2.0093115261720918e-07	0.0036000979807898	-6.920526276360008e-05	1.2960705471286796e-05	4.789368394178931e-09	0.0	0.0
58.83411116178104	0.100789411738269	3461.4526361968083	0.0101585055185463	65.51499573889518	0.0988054735355632	0.0097625216005868	4292.2146666674535	58.69244086971311	-0.0592972996315879	3444.8026152447696	0.0035161697435983	62.60136450944865	51.09169467102675	0.90056	28.759205	0.0667574485986691	0.029223452864331	-0.1133404608	-0.0170624481	0.0641745761	-0.1118626912	0.0486466917	0.0760256697	-0.0912678664	-0.0724273477	-0.0702199054	0.1274139937	0.0761687259	-0.0850236823	-0.0180784511	0.1401514324	-0.0225142122	0.0203355862	-2.67592e-05	-0.0298370152	0.0746335824	0.0687161648	-0.0198124083	-0.1051170402	-0.0428470858	-0.0271257419	-0.1005506273	-0.0787831728	0.067580311	-0.0340744469	0.0181868404	0.0146802318	-0.0567882166	-0.1070524921	0.0266290656	0.0191457143	-0.1102305896	-0.0010474626	-0.0516117995	0.0701983023	0.147374516	0.0238413052	-0.0034427037	-0.0738448568	0.0490574819	0.0235974542	0.0935394978	-0.0746761618	-0.06075406	0.0981378963	-0.0094054223	0.0036392486	0.0840605108	-0.1801590974	-0.0571433118	-0.0360843591	0.117504772	-0.0519534943	-0.1226445715	0.0047266755	0.1114402992	0.07120776	0.0518204058	0.1182388816	0.0412130272	-0.1072147029	-0.0896725665	0.1144042103	0.0840382536	0.1046407343	-0.041630176	-0.0594311505	0.0381889739	-0.062329013	0.0162550527	0.068976484	0.0532722087	-0.0244315487	0.0850989203	-0.0558125389	-0.037577774	-0.0667838654	0.0416048454	-0.0046577911	-0.0654740508	0.0420092971	0.1050522471	0.1033328292	-0.0351937673	0.0100324491	0.0155226577	0.1131038122	0.0155323523	-0.0605804994	-0.1123926933	0.102854386	-0.0459297059	0.0058801231	0.0559666539	-0.0184712318	0.0035815076	0.0302015224	0.0490101483	-0.0051754984	-0.0909897537	-0.0074367915	-0.0932392538	-0.1162946846	0.0128890787	0.0685306551	-0.1240930343	-0.0889768011	0.049003205	0.0442573402	0.0318774187	-0.0450396479	0.0488410132	-0.0048092361	-0.0345201551	-0.0913908537	0.0346224148	0.056060429	-0.0764573785	0.0166702118	-0.0100552555	-0.1061510797	-0.0771496929	0.0764132895	-0.0025825614	0.0350703172	-0.0953709343	-0.0611899477	0.0736402362	0.0512114949	0.0827692862	0.0677773944	0.0019370061	0.0225779393	0.0428279473	0.1215021882	-0.1452275893	0.1090088161	-0.067025933	-0.0170142315	0.0219521549	0.009109076	0.0031388595	0.036281514	-0.0177641573	-0.1016483024	-0.0163489417	0.0394177294	-0.0402520704	0.0097826241	-0.0277216205	0.0347824222	-0.117906908	-0.0183318436	0.0069164763	-0.079122562	-0.0777590515	0.0625528751	-0.1408916077	0.0083981021	-0.0939305545	0.0938385644	0.0579297578	0.1581998712	0.0028812382	-0.0747593952	0.0749500656	0.0572903871	-0.0083430399	-0.0579501386	-0.0790003069	-0.0399520747	-0.1909569598	-0.0450659201	-0.1059613716	-0.0056305425	0.0030818801	0.0882830223	0.0816881284	0.1369742656	-0.0023724839	-0.0212564326	-0.0013667455	0.0068453385	0.0323978201	0.0516921207	0.0296204213	0.0721975599	-0.0209738742	0.0173229302	0.0638017021	0.0793404473	-0.0072956227	0.0507462196	-0.0532321785	0.09466996	-0.0392497281	-0.0046755634	-0.1055873175	0.0139903026	0.104353116	0.0	0.0	0.1500326938314344	0.0151999324018134	0.0225098092183169	0.0002310379450196	0.0997341320688178	0.0052976436672479	2.806502842513281e-05	0.0099468970995203	-0.1904779384157606	0.0049516812552425	2.451914725352084e-05	0.0362818450231182	-0.0001880616728562	0.0001980387613979	3.53671927974724e-08	3.9219351016053966e-08	-0.0017188283829858	0.0004483759752427	2.95437101015758e-06	2.0104101517484248e-07	0.0034203488919432	-0.0001797490888466	1.1698786542617076e-05	3.230973494118293e-08	0.0	0.0
58.87984565521617	0.045734493435134	3466.836224382079	0.0020916438897683	65.5686543782552	0.0536586393600231	0.002879249577969	4299.2484369750855	58.762088516438205	0.0696476467250946	3452.983046813719	0.0048507946943435	62.59742751622703	51.3527719711924	0.912745	29.148323	0.0788580876729961	0.0341959376215717	-0.1208998745	0.0070346329	0.0668407897	-0.0671967717	0.0856196172	0.0567693681	-0.0460910875	-0.0878274706	0.0276161281	0.03048384	0.0546409351	-0.0217338009	-0.1700155022	0.0696785824	-0.0168190836	-0.0419184231	-0.0615750356	0.0126981765	-0.0584724049	-0.0146001963	-0.0437908498	0.0414609276	0.051832237	0.1156278329	-0.0053978942	-0.0875338626	0.0495645598	-0.1066890676	-0.027881575	0.0211001369	0.1337800503	0.0342599989	-0.057283726	-0.0081189727	0.0407785054	0.0148631702	0.0541429585	-0.0077218942	0.0746297678	0.0021301343	-0.0838253618	0.0496364903	0.0393865886	0.0244168353	0.0195075531	-0.0770812111	0.0013457615	0.0116804267	-0.0002980479	0.081925139	-0.0226544944	0.0667097029	0.0475862232	-0.0383282678	-0.0983818044	-0.0703915789	0.1062980774	0.0056214214	0.0822294286	0.0399562316	0.0261220851	0.1014500212	0.0005947309	-0.1009546847	-0.0151053461	-0.0520599973	-0.0556266539	-0.0338799599	-0.0065211713	0.1199860437	-0.0147484492	-0.0353183151	-0.0711240338	0.0397913568	-0.0116625772	-0.0689601767	-0.0223279836	-0.0920755084	-0.0120295049	0.0053567908	0.0168681189	-0.0263158746	0.0002534884	-0.1210207876	-0.0247444111	-0.0648788276	0.1246184609	0.0093240893	0.0355862322	-0.054481261	0.1271075409	-0.1325608329	-0.0248398046	-0.0572699364	0.0517807387	-0.0951170051	0.0357720244	-0.0615195936	0.1160535096	0.0112318857	-0.0797679873	0.0188826633	-0.0404070324	0.0265293589	0.1014457177	-0.1128976968	-0.0113755843	0.0217268958	-0.1166668292	0.0027036161	0.0880137918	-0.0736619515	0.0289607481	-0.0297264511	0.0877255773	0.0689658877	-0.0632348632	-0.0103355599	0.0228392322	0.0022334149	-0.0640259062	0.0235026024	0.049300098	0.0081935517	-0.0121732599	0.0161204208	0.0450849257	-0.0107612205	0.0030463591	0.0173131005	0.0778831945	0.1354066851	0.0364677747	0.078013614	0.0624118072	0.0861584704	-0.004638788	0.1210344414	-0.0463480375	0.1698905184	0.0556514635	-0.0454504641	0.0357911554	-0.0176181375	0.0449139362	0.0977589618	-0.1574445466	-0.0089372066	0.1190592696	-0.0456302379	0.034026149	0.0549498452	0.0324305644	0.0209132905	-0.0306789288	-0.0500958692	0.0493071101	0.0074907583	-0.0304234315	-0.0547878298	0.0168030774	-0.208596551	0.0250683542	-0.0905395682	-0.0093444728	-0.0420642369	0.041831364	0.0143470387	-0.1658216243	0.035238697	-0.0373670555	-0.0373216923	0.061755691	0.0083742679	0.0567728311	-0.0533935515	-0.1318406639	-0.0539989953	0.039503375	0.0575442855	0.0693060476	0.0633091028	-0.0624792794	0.051425767	-0.0420794648	-0.0494700968	-0.0833356302	0.0503385797	-0.0140136022	-0.0197519686	-0.019778257	0.0513292855	-0.0197751465	0.0858596743	0.013851212	0.0390510747	-0.0852566722	0.037631357	-0.0305609029	-0.0065437496	-0.1051918494	0.0195314949	0.10278035	0.0	0.0	0.1297098750765002	-0.0203228187549341	0.0168246516923612	0.0004130169621459	0.0981495622256147	-0.001584569843203	2.5108615879886925e-06	0.0096333365650798	-0.1964320262962644	-0.0059540878805038	3.5451162488762296e-05	0.0385855409548563	-0.0005331743239905	-0.0003451126511343	2.842748597627267e-07	1.1910274197294505e-07	-0.0020160205316119	-0.0002971921486261	4.064338783880729e-06	8.83231732049981e-08	0.0037979763160699	0.0003776274241267	1.442462409742789e-05	1.4260247145256664e-07	0.0	0.0
58.95447110522736	0.0746254500111902	3475.629663297088	0.0055689577893726	65.786247953179	0.2175935749237965	0.0473469638481178	4327.830419757148	58.89040471672836	0.1283162002901576	3468.0797677000623	0.0164650472569038	62.67995470760021	51.57734778058001	0.974404	31.117397	0.0652048836281014	0.0355695980563995	-0.1005026713	0.0841301678	0.1417842335	0.0420950827	0.0619422763	0.0443600147	0.0184740755	-0.1143897337	0.0207495096	0.0556671974	0.0245861618	0.1344503894	0.0172709119	-0.0522268825	-0.0978099392	-0.0274910097	-0.1247635797	-0.0686821382	0.06311842	-0.0489239599	0.0566921679	-0.1146436864	0.0569126373	0.0289439995	-0.0016201168	0.1186370406	0.0114138689	0.0136630584	0.0690246128	-0.0458947808	0.0786650972	0.1397964764	0.019425028	-0.0273123442	0.0269931965	-0.0689536626	-0.1066605518	0.115237278	-0.0308173252	-0.0741104594	-0.0631172752	0.0656454709	-0.216290237	-0.0991221545	-0.0475745077	-0.0852931801	0.0731082289	0.0583588998	-0.0029760471	-0.0120089392	-0.0702761275	-0.0905227536	0.0091579731	0.0108624642	-0.0211622968	0.0533547474	-0.0717910418	-0.0487021292	0.0828695336	0.070510947	0.0693221105	-0.0787661976	0.0084457529	-0.069140987	-0.0705064574	-0.0092969849	0.0064116811	0.1868189875	-0.0822293367	-0.0219620106	-0.0259481991	-0.0131793891	0.0355974427	-0.0987606268	-0.1481516163	0.0277743552	0.0383421075	0.1051119863	0.0755947488	0.0657614092	-0.0625885658	0.0257600622	-0.0432780302	0.0241508716	-0.0595653377	0.0928353223	0.057932789	0.0485790762	0.0542527536	-0.0400212908	0.0464200895	0.0871121843	-0.1578957767	-0.0695125862	-0.1278975052	-0.0256817392	0.1437899827	0.0425131197	-0.0765759332	0.0172563796	0.0209399244	0.0910504087	0.0552445416	-0.0847701379	-0.0337659811	-0.1286589798	-0.0049744452	-0.0185071452	-0.0251130704	0.0832620711	0.1046505408	-0.0651964113	0.0428628032	0.0854763862	0.1161293014	-0.008418715	-0.0425788981	0.0199517318	0.0768516451	-0.0493319671	0.045871084	0.0227651277	-0.058385936	0.0493361038	0.0026229161	0.0103676103	-0.0130423742	0.0534703615	-0.0117197379	-0.0150352942	-0.1165384333	0.0336513227	0.0047567885	0.060944528	0.1356526482	0.0796634896	0.0131354508	-0.0452121303	0.0744705514	0.1010942874	0.135230271	-0.0169311703	-0.0464487075	0.0840677829	-0.0083735288	0.0379778952	-0.0875567672	-0.0479668591	0.1131882446	0.0088568208	0.0555204413	0.0856034928	-0.0547614966	0.1378951381	0.0175302777	-0.1466769592	-0.1278668448	0.0117530212	0.0181117396	0.1225909411	-0.0872643194	-0.0003567787	-0.0478689188	-0.0842805638	0.1150503074	-0.0749497229	0.2060904236	0.0825707665	0.1253308853	-0.0818080276	-0.0868827117	0.1003659395	-0.0361476699	-0.1194065528	-0.0142027735	-0.0734201057	-0.0997001643	-0.0896167504	0.0160528899	-0.0667645792	-0.004877302	0.0033340499	-0.0729810926	0.1421719513	0.0367160515	-0.1489617627	0.0161229839	0.0981806715	0.0546477682	0.0534933342	0.1102605854	0.0380630972	-0.0026154522	0.124424966	-0.0127862932	-0.2430466749	0.0626458411	-0.005195925	-0.0657819143	-0.0084098975	-0.1046653254	0.0250179432	0.1006955375	0.0	0.0	0.1295584951615893	-0.0001513799149109	0.0167854036685355	2.291587863843256e-08	0.0807099430877116	-0.0174396191379031	0.0003041403156751	0.0065140949132216	-0.2004082653295569	-0.0039762390332925	1.5810476849878878e-05	0.040163472812402	-0.0010250490845447	-0.0004918747605541	1.0507256257259274e-06	2.419407800702515e-07	-0.0022720224961938	-0.0002560019645818	5.162086223210705e-06	6.553700586979221e-08	0.0039228525017737	0.0001248761857037	1.5388771750672177e-05	1.5594061755929915e-08	0.0	0.0
58.95319405434611	-0.0012770508812494	3475.4790892093897	1.630858953299891e-06	65.8201538101932	0.0339058570142043	0.0011496071398676	4332.292647597491	58.83382486205333	-0.0565798546750286	3461.418947898765	0.0032012799550473	62.66954089758652	51.7394484850146	0.976917	31.197653	0.1230256369105997	0.0570279560326169	-0.1166184695	0.0502892696	0.0981280812	0.0736040778	-0.0326404675	-0.1399020782	-0.0566375962	-0.1216801415	0.005754708	0.0407829179	0.0673406514	0.0706029123	-0.0037725292	-0.065861233	-0.1537774308	-0.0201490037	0.0037146935	-0.0141065649	-0.1083202575	-0.0482832391	0.0544339868	-0.0721837839	-0.0559481748	0.0444046709	0.041372688	0.0088124848	0.1210336006	0.0586750568	-0.0675643224	0.0433072004	-0.0642249198	-0.0269541163	0.0480987938	0.0277652631	0.0655993849	-0.0297058529	-0.0395693064	-0.0514075397	0.0673390906	-0.0582055595	-0.0014229038	0.0185162872	0.0063724076	0.0605390796	-0.0524558141	-0.0308118754	0.1012788008	-0.0471041883	0.145464267	-0.0826226822	-0.087643702	-0.0574698401	-0.1368224521	-0.0210946532	0.0719909428	0.002575079	0.1633392722	-0.0909471348	0.0472506606	-0.0608933383	-0.0288877856	0.0112388668	-0.0402125993	-0.0628620138	-0.1096344675	-0.0046155576	-0.1443666629	-0.0028892449	-0.1437497557	-0.0313455073	-0.0531360544	0.0548939591	-0.0433575955	0.0089955434	0.1349424459	-0.0240071039	-0.017918091	-0.1635104469	0.057382049	-0.0212182047	0.0145976029	-0.0134708418	-0.0071513488	-0.1761879852	0.0529644524	0.0194832354	-0.0872701606	-0.0335496092	-0.0512664718	-0.0533031772	-0.0104362259	0.043648809	-0.0801129254	0.109496987	0.0464637435	-0.0709178162	0.0551440957	0.014605757	-0.104990417	-0.053760817	-0.0308065234	0.1167080097	0.0612622002	0.032140806	-0.0691095403	-0.1254054011	-0.0121068442	0.0192382857	0.0404851891	0.0303570288	0.0499622921	-0.0504501755	0.1244750506	0.0655395597	0.0538760518	-0.0580670918	0.0475521252	-0.0060803576	0.0724895505	-0.0685236749	0.0725443462	0.0167597159	0.0020706156	0.0143227426	-0.2231588834	0.0046109299	0.0446351929	-0.0286816311	-0.0130054755	-0.1483139559	-0.113945232	-0.0577954423	0.08950418	-0.0657710683	0.1840032244	0.1114217283	-0.0781227628	0.0711513427	0.1239567824	-0.0558035674	-0.1051052017	-0.0562730476	-0.0803875327	-0.0241870613	0.1337652014	-0.0335467095	-0.0947334265	-0.0230929197	0.1035449974	-0.0416059955	0.0853071384	-0.0207815656	0.0218641106	0.0808769519	0.0659182393	0.0555447192	0.017440148	0.0364234168	0.0329060559	0.0264093715	-0.0366987012	0.0797721835	-0.046505257	-0.0156181222	-0.0325245208	0.0865528057	-0.0505231336	-0.0123024863	-0.058971684	0.0780769109	0.0459078877	0.056744398	0.0449363768	-0.2149419261	-0.0326766491	-0.0793898293	-0.0994570289	-0.1083811209	0.0504136959	-0.0070105937	-0.0139443752	-0.0462635128	-0.0467988506	0.1088813595	0.0954895096	-0.0032311822	0.1681453957	-0.0862367066	0.0028114889	-0.0571149333	0.0678295486	0.0684217798	-0.0025312215	0.0132509746	-0.1672327038	0.1779170189	-0.0280688556	-0.0546797823	-0.0782172515	-0.0102734258	-0.1040084014	0.0304342698	0.0981090648	0.0	0.0	0.1529168111571976	0.0233583159956083	0.023383551134486	0.0005456109261506	0.0928393077775098	0.0121293646897982	0.0001471214877781	0.0086191370686071	-0.2149986771607501	-0.0145904118311931	0.0002128801174038	0.0462244311808724	-0.0006962611476361	0.0003287879369085	4.84779585707539e-07	1.081015074566135e-07	-0.0015110023019557	0.000761020194238	2.2831279565154246e-06	5.791517360381952e-07	0.004291995258507	0.0003691427567333	1.8421223299046573e-05	1.362663748486606e-07	0.0	0.0
58.97316910116105	0.0199750468149346	3477.834673834136	0.0003990024952588	66.03596465392683	0.215810843733621	0.0465743202730173	4360.748627774673	58.8916065013215	0.057781639268164	3468.221316306493	0.0033387178365162	62.670342359705344	52.422252339083	1.067672	34.095901	0.2398678885671689	0.1613025296643662	-0.1681033401	-0.049732743	-0.0643932662	0.0874025177	-0.0505487114	-0.049652932	0.1231838008	-0.1592688824	0.0719052631	-0.027955807	-0.0690993522	-0.0394625992	-0.0268936177	-0.194707112	-0.0066073723	0.0600543687	0.1006593209	0.0432254471	-0.1277667096	0.0615265814	-0.0124919223	0.046449818	0.1293961503	0.0188671932	-0.0118013601	0.0648862513	0.0494422431	0.025154371	-0.0181632065	-0.0653350175	-0.0691366178	-0.0164558683	-0.0595849949	0.0605416207	0.0059139319	-0.005905333	-0.0190502493	-0.0068082478	0.0159480128	0.0215610141	-0.0211960839	-0.0057774091	0.057525316	-0.0123285096	-0.0681440921	-0.077168289	-0.1541907826	0.0223468509	-0.101556184	-0.0459690382	0.0109126582	-0.0560203098	3.34388e-05	0.0343141119	0.0705761401	0.0688238649	-0.0057296301	-0.1029095348	-0.0636168128	-0.0675680974	0.0081069235	-0.0432914546	-0.0209305603	0.123842788	0.0037027326	-0.0067796117	0.0987530738	0.0722248693	0.0582001754	-0.1271518074	-0.1505272206	0.0973043531	-0.0100289905	-0.0644582622	0.1110045228	0.035510638	0.0347180056	-0.0731065865	-0.0578728988	-0.0155310983	-0.1361794768	0.0912742225	-0.0537801489	0.0037539674	-0.0902780928	-0.0682292549	0.0256699497	0.0154109379	-0.0728291409	0.0754984248	0.0629497744	-0.1140540382	-0.0466798742	-0.0439138051	0.1018947566	0.087406987	-0.0293857178	-0.0884615793	0.0993723828	-0.0150827379	0.0599301057	0.1110698677	0.1194785709	0.1237641821	0.1153819844	-0.1308184777	-0.0850548577	-0.0547407305	0.1524391633	-0.0665567473	0.0492175623	-0.1660027591	0.0169772586	-0.091490284	-0.0816065846	-0.0521460068	-0.0167840697	-0.051698453	0.0522845213	-0.0537092317	0.0384113301	-0.0810971498	0.0497186066	-0.0179154002	-0.0761344396	0.0544367884	-0.0349508908	-0.0738185809	0.1001205705	-0.0181231283	-0.0371305993	-0.0811723203	0.1022894232	-0.0553262346	0.1550518287	0.0602391328	0.1281208589	-0.0176412478	0.0781486832	-0.0803795992	0.0037358495	0.1025014404	-0.066123214	-0.0051072992	-0.1709850232	-0.019769868	0.1155061197	-0.1177035564	-0.038381561	0.0413996671	0.0512658543	-0.0379407418	-0.0912681181	-0.0259645394	-0.0801206777	0.0064076381	-0.1341159246	-0.0888299622	-0.1845194842	-0.0247519537	-0.0306686476	-0.1162692313	-0.1319735548	-0.038685382	0.0284799935	0.0909375064	0.0093885691	-0.0170156598	-0.0782715431	-0.0168488317	0.0312504581	-0.1074504902	0.1577247767	-0.0128942976	0.0710169694	-0.1560761883	-0.0612402473	-0.0513827403	0.1937958464	0.0602830557	-0.0475175271	-0.1931513921	-0.0980416186	-0.0710120545	-0.0030459379	0.0756895324	0.0924538783	-0.0756234521	-0.0307740602	0.0568326924	0.088003763	-0.0073332299	-0.0337938745	-0.0653731787	-0.1272668937	-0.0084135661	-0.0175413047	-0.0694928263	0.0774727595	-0.012133754	-0.1032218959	0.0357652936	0.0950338178	0.0	0.0	0.1559159902004268	0.0029991790432291	0.0243097960001795	8.995074933345152e-06	0.0754509416607192	-0.0173883661167906	0.0003023552762115	0.0056928445974892	-0.168715915275726	0.0462827618850241	0.0021420940477058	0.0284650600673259	-0.0033816359651181	-0.002685374817482	1.1435461800580225e-05	7.211237910366485e-06	-0.0022827609369491	-0.0007717586349933	5.2109974952607325e-06	5.956113906868758e-07	0.0042851770805399	-6.818177967100707e-06	1.8362742611584457e-05	4.6487550791057526e-11	0.0	0.0
58.79106956767715	-0.1820995334838997	3456.389860911454	0.0331602400950539	65.50241768635044	-0.5335469675763846	0.2846723666099556	4290.566722757115	58.80890099935377	-0.0827055019677303	3458.4868367517925	0.0068402000557342	62.516735303120704	52.79187499059664	1.060141	33.855392	0.1632546612829489	0.1017593968561438	-0.0973196877	-0.0634835095	-0.0997005762	0.1496400689	0.0082022744	-0.098042856	-0.0664616964	-0.0619705799	0.0656757138	-0.073306509	-0.011539374	-0.0504398572	0.0042285941	0.0506182809	0.0304389613	0.0395895236	0.180395335	-0.1430406827	-0.0460480827	-0.1367525704	-0.0301520171	-0.0706457889	0.0498167168	0.0149922728	0.1298771218	-0.0167203416	-0.0778736138	0.0393963521	-0.1032327326	0.0409755879	0.0055477519	0.0279734633	-0.0727366353	-0.0295848996	0.1436061355	0.0479162266	-0.0431952465	0.0475244397	-0.0354826816	-0.0377892749	0.03248928	-0.0220706758	0.1801226184	-0.0773712956	-0.1112219702	0.015246041	0.0150493194	0.0409045827	-4.56864e-05	-0.0140025877	0.0715550214	-0.0447590337	-0.0306692396	-0.1354338906	-0.0633387258	0.0574420858	-0.0514580466	0.0831502206	0.0213090333	-0.0195503145	-0.0698349983	0.0167790647	-0.0123860391	0.0267427719	0.0747814202	0.0088595474	-0.0574913973	-0.093307971	-0.0370303243	-0.0692677182	-0.0391591609	-0.0185611096	-0.0330772046	-0.1200359247	-0.0748773218	0.0547086874	0.0791774505	0.1494428502	0.0326189031	0.1301015924	0.1290725023	-0.0009097497	-0.03238488	-0.0136778844	0.0539838616	0.0378615125	-0.0826535279	0.0277712777	0.0302873046	0.0704236939	-0.0102439737	0.049237652	-0.0337411233	-0.0738137688	0.024681519	-0.1320571452	0.0218832034	-0.0469488512	-0.0461232851	-0.0789863035	0.1731586235	-0.0309952938	0.0212012065	0.003583128	0.0186387594	-0.050608369	-0.0697477903	-0.0584530857	0.1067155274	-0.086941062	-0.0574032224	-0.1141744006	0.0170440355	-0.0779522067	0.0885586588	-0.0158137325	-0.1011365725	0.0410506227	0.0153546423	0.057497351	0.046610482	-0.0047477442	0.087112885	0.0516342883	0.01083699	-0.1580600805	-0.0171806384	0.0973050515	0.0937455368	0.0061243079	0.1675319179	0.0176837369	0.015132854	-0.0874066158	-0.0046887887	-0.0460769143	0.0318368838	0.0180457875	-0.1762673364	-0.0670622417	0.0425835153	-0.0137620957	0.0245237601	-0.037486412	-0.0795205571	0.047096174	-0.039266032	0.0697627206	-0.0611160534	0.153610263	-0.0023647414	0.0247390566	-0.0385203116	-0.049146996	0.0043479687	0.0270879222	0.0175079865	0.0576612586	-0.0317767322	-0.1425621887	0.1075982322	0.0681473666	0.1014954049	0.0242749817	-0.0877944389	-0.0892012202	0.048150483	0.0436586978	-0.0281330556	-0.0771041116	-0.0061084097	0.0696327983	-0.00930029	0.0852885143	-0.0590777424	-0.0803497706	-0.0485297634	-0.0429838341	0.0474841919	0.0996301846	0.0841994395	-0.1709577313	0.0817763867	-0.0233736155	0.0031193594	-0.0045912915	-0.0876117128	0.0082630416	-0.0337883433	-0.0518248067	-0.0605314402	0.0591812499	0.0002694932	0.0378549916	0.0364868112	-0.0392513805	0.0878342381	-0.1156854224	-0.0794370303	-0.0139903026	-0.1023067888	0.0409960724	0.091485117	0.0	0.0	0.1405218213940458	-0.015394168806381	0.0197463822879001	0.0002369804332393	0.0978657683630217	0.0224148267023025	0.0005024244560942	0.0095777086172846	-0.1814408345501164	-0.0127249192743904	0.0001619235705397	0.0329207764422427	-0.001627051965955	0.0017545839991631	2.6472980999180304e-06	3.078565010119177e-06	-0.0027790069309541	-0.000496245994005	7.722879522290925e-06	2.4626008656601053e-07	0.0042887620173693	3.584936829400566e-06	1.839347964162959e-05	1.2851772070792582e-11	0.0	0.0
58.752468347633325	-0.038601220043823	3451.852536939656	0.0014900541888716	65.40060732299676	-0.1018103633536782	0.0103653500862079	4277.239438216818	58.83602617621598	0.0271251768622136	3461.677976208372	0.0007357752198063	62.51252699959309	51.97361214733346	0.948396	30.286827	0.2097854626777782	0.1165778245375351	-0.0361727445	-0.0849092846	-0.0511872607	0.0927263973	-0.0305137063	-0.0489114171	0.0278107335	-0.0333416495	0.0604648283	0.0587933261	0.0393219094	-0.1239473388	0.1657901154	0.0488246566	-0.0286261569	-0.0716707633	0.0233514544	-0.1125042383	0.0897719235	-0.1167621349	-0.0329614891	-0.0251946478	-0.0487090097	0.0458108602	-0.0978969563	-0.0191781892	0.0079988534	-0.0334497014	-0.0417128874	0.1218759538	-0.0516829851	-0.0525560583	-0.1192290355	-0.037670124	0.1664570463	0.0836086581	-0.1030731482	-0.038490872	-0.0241358455	0.1328919209	0.028183009	0.0463638396	0.0483755504	0.0050081698	-0.0698420478	-0.0273609479	0.0120810918	0.0181405846	-0.0213687657	0.0440894692	0.0282074599	-0.025208398	-0.0671368395	-0.1199717448	0.0431957136	0.0548931517	-0.0424076399	0.0064842638	-0.02595499	-0.0969878735	-0.0916783758	-0.069051483	-0.1423085583	-0.0723550681	0.0335684274	0.0150921676	0.0053271707	-0.0313842602	0.0621345112	-0.0280313738	0.0225861365	0.0850774703	-0.0932739646	0.177987637	0.0281186395	0.0192366034	0.1062867105	0.0333422838	0.0185667032	0.0716377139	-0.0198686103	-0.1182257627	0.2456129471	0.1580161889	0.0148380697	-0.0106550098	-0.0017402408	0.083053034	0.0792660397	-0.0828825871	0.1154908523	-0.0842043821	0.0451693729	0.055289805	-0.0381481721	-0.0453257172	-0.1542839436	0.0035903037	0.0020069326	-0.0494861359	-0.0405523026	0.0597207146	-0.0387248799	-0.1198895735	-0.0311553197	-0.0390170274	0.0180867364	-0.0747775242	0.0710126469	-0.1352946468	-0.0237575017	0.0163079876	-0.0295956238	0.0387845087	0.084438924	-0.0521128333	-0.0642419521	0.0731219816	0.0081580497	0.0728901448	0.0676473789	-0.0651812933	0.0194623084	-0.0055677114	0.0545576129	-0.110774126	-0.0175352734	0.1134926216	0.0055396806	0.1033658854	0.1157189815	0.0124742143	0.0521998818	0.002125333	0.0586942357	0.0727745794	0.0386935094	-0.082754423	-0.1289610636	0.0225216579	0.0286026884	-0.1372585557	0.0302265158	0.0249225308	0.0957340674	-0.0567603744	-0.0586208782	-0.0084593335	-0.0315618244	0.1982593859	-0.1849922501	-0.1662417228	0.0499424819	0.0512150515	0.0667591595	0.0488244333	0.000906323	-0.0657951184	-0.0702022271	-0.1106861388	0.0530134393	0.1419424853	0.069725839	0.0751955636	0.0626292699	0.0392336502	-0.0084130453	-0.0030635753	-0.0454602012	0.0317492524	0.064774633	-0.0568700681	-0.0829193913	-0.069282505	0.1576812058	-0.0057036829	-0.0667573401	-0.0370576344	0.0628229945	0.0954144628	0.0605338174	-0.0901574756	0.1171727833	-0.0877070167	0.0365174381	-0.0526827289	-0.0275098108	0.0409340637	-0.0563553885	0.042590334	-0.0620039149	-0.0984821541	-0.0743593364	-0.0066385746	-0.0436391992	-0.1042803623	0.1043902776	-0.1362359596	0.0059006977	-0.0158424933	-0.1012642201	0.046111945	0.087480642	0.0	0.0	0.1440014882482216	0.0034796668541758	0.0207364286177027	1.210808141604975e-05	0.1090066892602692	0.0111409208972474	0.0001241201184387	0.0118824583034848	-0.2414276482588064	-0.0599868137086899	0.003598417818921	0.0582873093437779	-0.0001656851915267	0.0014613667744283	2.7451582691239255e-08	2.135592849402974e-06	-0.0020189044335354	0.0007601024974186	4.075975111748895e-06	5.777558065821447e-07	0.0047708539698756	0.0004820919525063	2.2761047601877773e-05	2.3241265067133661e-07	0.0	0.0
58.83739926603735	0.0849309184040265	3461.8395523910926	0.0072132609009514	65.63164372714061	0.2310364041438504	0.0533778200397205	4307.512658326315	58.780759994529376	-0.0552661816866049	3455.177745534465	0.0030543508382168	62.58936969322623	51.84820211572803	0.935501	29.875029	0.0689040329003312	0.0392951495313141	-0.0454265208	-0.0711187867	-0.0354888782	0.0288173898	-0.005428002	-0.0240330092	0.0440866635	-0.0649532477	-0.0496687579	0.0087206001	-0.0593335541	-0.0206863015	0.1585235653	-0.1482783455	0.0439341596	-0.0233996727	-0.0709518349	-0.0172559616	0.2110215382	0.0837736205	0.1004342309	0.0419328344	0.1316705695	-0.0007712144	0.0286405742	0.0700685297	-0.1348307021	-0.2071680997	0.009854046	0.0064078031	0.0133629298	0.0230213121	-0.0059302766	-0.0154550403	-0.048958012	-0.1493078141	0.0332161777	0.0093872169	0.1358538262	0.0256371912	0.0652077406	-0.0508495228	0.1664590143	0.0258000071	0.0332063583	-0.0084133249	0.0334447677	-0.0974949511	-0.0045508009	-0.0421635217	-0.0755892323	-0.0427907815	0.0247576595	-0.115966904	-0.0169188443	-0.0707342335	0.0515537604	-0.0382391723	-0.0864891672	-0.0909249146	-0.0451074277	-0.0636138589	0.0124720711	0.0538887682	-0.0071280277	-0.0205632131	0.0312434692	0.03084324	-0.0879878833	0.0137011783	0.1072758022	-0.0183871693	-0.0731758785	-0.0303165439	0.0350580509	0.0507414013	-0.1313540433	0.0178412758	0.073143058	0.0067734683	-0.0206426655	0.035355095	0.0062945159	0.050304672	-0.1767263733	0.0231789366	0.0533695338	-0.0694443671	-0.0916869752	0.0428394045	0.0576805978	-0.0476736239	0.0612673161	0.0033231309	-0.1019033404	-0.1676313596	0.0438255296	0.0173812062	-0.0114195317	0.0667264425	0.1278810146	-0.0712416146	0.0276898191	0.0279050083	-0.0807427372	-0.0619065415	0.0472513309	-0.0097505747	0.0615381745	-0.1207355657	0.0803129152	0.060533949	-0.0028719813	0.0559681682	0.0762546835	-0.0262591673	0.0563205598	0.0707082845	-0.0162563838	0.0852884532	0.0583600406	-0.0931547097	-0.0600480663	0.0337945738	0.1228711863	-0.0207543318	0.0329446734	0.1707627383	0.008595686	0.0669478829	-0.053072976	-0.0132658974	0.0676652611	0.0289725205	0.035883363	-0.0077768198	-0.0481309621	0.0114112748	-0.0113267237	-0.0339137978	-0.0262244093	-0.0119284602	-0.0523050781	0.0487727246	-0.0163955198	-0.0095743173	0.0218026408	0.0032382187	-0.0285874157	-0.0398543578	0.0284493036	0.0270310541	-0.0101273314	-0.0879923762	0.1274604394	0.035364926	-0.027546055	0.0991087751	0.057126887	0.1380089563	-0.0323529351	-0.0318905494	-0.0516165511	0.1690716193	0.0647089247	-0.0752015226	0.0446915978	-0.0486738574	-0.1559555354	0.0507377605	0.0908241831	-0.007086436	0.132388496	0.0802547689	0.1419760045	-0.0131786588	-0.0290914299	-0.1599436524	0.0185672071	-0.0277506813	-0.0404219478	-0.0141597758	0.123767611	-0.0674957719	-0.0023207759	-0.0334026605	-0.078319608	0.0490233508	0.0621988396	0.0381464597	0.0130970443	-0.0857635187	-0.0904593197	0.0279694229	-0.0590255346	-0.1327654901	-0.0340230787	-0.0682260778	-0.1459461494	-0.0176897492	-0.1000954889	0.0510985726	0.0830403428	0.0	0.0	0.1398788156461989	-0.0041226726020227	0.0195660830665832	1.699642938346865e-05	0.1021985995248115	-0.0068080897354576	4.635008584604447e-05	0.0104445537448328	-0.2341264952958255	0.0073011529629808	5.33068345888447e-05	0.0548152157995062	-0.000500986873918	-0.0003353016823912	2.5098784783813e-07	1.124272182144362e-07	-0.0020288740463136	-9.969612778200009e-06	4.11632989580492e-06	9.939317894724888e-11	0.0054390250267035	0.0006681710568278	2.958299324110701e-05	4.464525611825122e-07	0.0	0.0
58.8193845621774	-0.0180147038599542	3459.720000273313	0.0003245295551618	65.58409718047648	-0.0475465466641367	0.0022606740996849	4301.273802978182	58.74920354530413	-0.0315564492252491	3451.468917207575	0.0009958094877057	62.54593676208869	51.926296883668655	0.891776	28.478691	0.0478081033999814	0.0275340751756321	-0.0631090207	-0.0818411354	-0.0397661062	-0.0142891695	0.0228083026	-0.001399347	0.0162034373	-0.0633775943	0.004029997	-0.0362694717	-0.1005964719	-0.0222135455	0.0679918935	-0.0672136295	0.0084743116	-0.0981046158	0.0297177121	0.0041559009	-0.0167897394	-0.0433686453	0.0123614748	-0.0250833566	-0.0332448522	-0.0838155814	0.0438478338	0.0169203284	-0.0229996163	0.0745060826	-0.0218690058	0.0321272213	0.0758213551	-0.0602381038	-0.0725376261	-0.0481358305	0.0540068518	-0.1088842026	0.0525469289	0.1691645164	-0.0589889507	0.0214444422	-0.0801858163	0.0906454469	-0.0136861608	-0.0653314952	0.0909981865	-0.0644303703	-0.0771175755	-0.0761658155	0.1955134031	-0.0068052973	0.0367564653	0.0089494744	-0.0329884534	-0.0541347999	-0.0309375164	0.1099157888	-0.0175326465	-0.1357610287	-0.0801971196	0.0438472268	-0.0885579744	-0.050094633	0.0584457604	0.0161133599	-0.089900177	-0.0738494005	3.75913e-05	0.0338021935	-0.0522880595	-0.0855304195	0.0707876394	-0.0162560748	0.0128471673	-0.0400602292	0.0305500018	0.1228382127	-0.007984558	-0.0550130029	0.0120550556	-0.1116819374	-0.0239746061	-0.0798182081	-0.0507316562	0.0991939384	-0.0321591187	-0.0349926314	0.0202567463	0.0449720498	0.0730168974	-0.0655918429	-0.1436570662	-0.0305863017	0.0657883732	-0.0418523053	0.0667724606	0.1071412818	0.0522179504	0.024977863	0.0296672971	0.0094177217	-0.0618670748	0.0572054343	0.003604295	0.0430207644	-0.0251188326	-0.0447473125	0.0303445425	0.0649133574	0.1046414963	-0.1234764854	0.1175222841	0.0138454299	0.005520684	0.0674216643	0.0226670859	0.0163883491	0.0924036346	0.1345588304	-0.0072982573	-0.0685860049	0.055928462	-0.0358053231	0.0257756558	0.008661085	0.0219589696	0.0785298551	0.0399372267	0.0189529617	-0.0408475469	0.0680368139	-0.106552497	0.0471742841	0.0735081978	-0.0108753231	-0.0180874069	-0.0825779859	0.0040014672	-0.0336585871	-0.0123042823	-0.0756867325	-0.0423548943	0.0961883476	-0.0399437129	-0.0341745393	-0.0255468662	-0.1082909336	0.0870177172	0.1474168041	0.0728627919	-0.0532684224	-0.0440871318	0.0003882493	-0.0600198239	0.0689969736	0.0418714547	0.0116777873	0.0036125734	-0.0385556424	-0.0242534722	0.08544904	-0.0377049478	-0.0021759814	0.0267916871	0.0410776524	0.0875317012	-0.0574913754	0.0028516068	0.0135869275	0.0354026523	0.122822972	-0.0052641021	0.0223169337	-0.1170585085	0.0283629275	0.0462600503	-0.0139635246	-0.0209566975	-0.173320934	0.0564383175	-0.0193890928	-0.0805401269	-0.0387074066	0.1390503212	-0.0574240067	-0.0192736676	-0.0171162815	-0.0211653653	0.0270467502	0.0847412411	-0.0428877562	0.0021433746	-0.1325011247	-0.0887772085	-0.0764409102	-0.006339517	0.023580678	0.0159567823	0.049722216	-0.0165894722	-0.0195314949	-0.0988020511	0.0559419782	0.0781863408	0.0	0.0	0.1623348579069841	0.0224560422607852	0.0263526060916807	0.0005042738340181	0.1032243630925222	0.0010257635677106	1.0521908968425774e-06	0.0106552691358568	-0.236531743319631	-0.0024052480238055	5.78521805602032e-06	0.0559472655978238	-0.0006199163262796	-0.0001189294523616	3.842962515879955e-07	1.4144214639030092e-08	-0.0019632820048509	6.55920414627002e-05	3.854476230571369e-06	4.302315903244581e-09	0.0056929245238328	0.0002538994971293	3.240938963405692e-05	6.44649546425117e-08	0.0	0.0
58.67593453693117	-0.1434500252462243	3442.8652937822326	0.0205779097431423	65.38084910850606	-0.203248071970421	0.0413097787596934	4274.655430149237	58.70272074351459	-0.0464828017895371	3446.0094226910583	0.0021606508622053	62.40050268116672	52.15920655210535	0.92878	29.660387	0.0644092981722382	0.0332531123487129	-0.0324021897	-0.0734187818	-0.1097958294	0.0268813003	0.083786395	-0.0662081599	-0.0734112021	-0.0158854072	0.0351387439	-0.0886556406	-0.0364146173	-0.0593497729	-0.1064464413	-0.0306337051	-0.092223109	0.0591044915	0.0834027709	-0.0461134017	-0.0544334601	0.0359787557	-0.0864647458	-0.0594504497	-0.0906430798	0.0069536271	-0.1462011461	0.1396666717	-0.074668366	0.0309239678	-0.0474327924	-0.0931932716	-0.0369517571	-0.0257466773	-0.0709125129	-0.0479553845	0.0641782379	-0.0895935829	-0.0837188836	0.1322232171	0.0069069051	-0.1106380642	-0.049786169	0.001336741	0.0392413726	0.1319782729	0.04698286	6.5747e-05	0.0704843979	-0.0077445765	-0.0084939263	0.0303370896	0.0490164138	-0.0596166904	-0.0831520104	-0.0129050907	-0.0347230781	0.0469114976	-0.011159355	-0.1061378866	0.0404398978	-0.0305703418	0.115477857	-0.0129162994	0.0566828746	-0.0978092792	-0.0598742973	-0.0613830769	-0.0245735152	-0.0495383982	0.0469023826	0.0709329607	0.025828844	0.0004120232	0.0710265832	-0.0552434655	0.0234578767	-0.0322491212	0.0938595884	0.0668055472	0.035191927	-0.0039159499	0.0677826882	-0.1169845806	-0.0431916786	0.0652009885	-0.0447353629	-0.3029406426	-0.0156682281	0.0328388763	-0.0548515928	0.0218310852	0.0473108372	-0.1184098135	0.0695458322	-0.0273184861	-0.0620105387	0.0030706266	-0.0174890023	0.0966426087	0.0682780353	-0.076973583	-0.0424880618	0.0163211452	-0.0688553697	-0.093801714	0.0084017187	0.0153179008	-0.0019689511	0.0201938117	0.0511745074	-0.0933993648	0.1415568774	-0.0318297689	0.1036331507	0.0313786719	-0.0009326909	0.0997393966	0.1111262073	0.0432295613	0.000355856	-0.0332052352	-0.0362031154	-0.0303569547	0.1640995652	0.0026777226	0.0392235819	0.0006628956	-0.0101449103	-0.1050778384	-0.0559007706	0.0141698552	-0.0271573715	-0.0646959437	0.0018073894	0.0172764842	0.0445900018	0.0586146335	0.0337136761	0.0362207841	-0.043490201	-0.0270094888	0.0793767738	0.1216420489	-0.076555545	0.0959336814	0.026557117	0.0458263867	0.020564395	0.1071373412	0.0290143889	0.125343663	-0.0120581738	-0.04417633	0.0145137806	0.0295537446	-0.0487864802	0.0610038763	-0.0302096051	0.0171024197	0.0240414367	0.1616578959	0.086403746	-0.0459949466	-0.0245105586	0.1824586661	0.1473194698	0.0383530118	-0.0067999008	0.0049077849	0.0718371822	0.0413176982	-0.0625766199	-0.0380772983	-0.1417537024	0.0859159457	-0.098212022	-0.0111999165	0.0489668365	-0.2050254162	-0.0213996566	-0.0077280767	-0.0570797455	-0.1018635464	0.1559860721	-0.0200134091	-0.0689661654	0.0493070009	0.0707451979	-0.0215916636	0.0413642847	-0.04424762	-0.1589189474	-0.1470815232	-0.0569776139	0.0084523054	-0.0818523034	-0.0574759915	0.0865078528	0.0240746617	0.0745730178	-0.0213671566	-0.0973855183	0.0606285865	0.0729428184	0.0	0.0	0.1837380694983466	0.0214032115913624	0.0337596781829792	0.0004580974664246	0.1097396385302715	0.0065152754377492	4.244881402973928e-05	0.0120427882647546	-0.2131225216786845	0.0234092216409464	0.0005479916578349	0.0454212092466813	-0.0007590674950691	-0.0001391511687894	5.761834620704781e-07	1.9363047775483913e-08	-0.0018936982451223	6.958375972859992e-05	3.5860930435792783e-06	4.841899617967524e-09	0.0057458213853583	5.289686152549957e-05	3.301446339244077e-05	2.798077959247877e-09	0.0	0.0
58.451033504717785	-0.2249010322133884	3416.523317769641	0.0505804742906475	65.1225602531833	-0.2582888553227604	0.0667131327839418	4240.947853929489	58.73046982622921	0.0277490827146209	3449.26808600962	0.0007700115915028	62.31702140590073	51.90500418595223	1.009701	32.244602	0.1240454122444168	0.0652291032879291	0.0368239426	-0.0778038601	-0.1313519404	0.1130407681	0.0376719121	-0.090605777	-0.1319559611	0.0285144944	0.1077167735	-0.1524380049	-0.0343595691	-0.0143390802	-0.068518483	-0.087303902	0.002667778	0.0554997549	0.0790812905	0.0105764724	0.0302572094	-0.0748193419	-0.0894936421	-0.0004174685	-0.0945771144	-0.0675834748	-0.1525667405	0.0389387393	-0.0237205956	-0.0579026458	0.1023929756	0.0599114564	-0.0241541794	-0.0301966527	0.0607181086	0.0242306496	-0.0934083386	-0.0811517695	-0.0718992278	0.0343431191	0.0116162335	0.0458346867	-0.0516483482	-0.0707482238	0.0382616166	-0.0499199941	-0.0086478262	0.1093426903	-3.3855e-05	-0.0563783588	0.0453647304	-0.0230887741	-0.1204913215	0.1136724552	0.0724459217	-0.0249498015	-0.1251629556	0.0902935475	-0.0471938594	-0.1344929567	0.0247354212	-0.0457863786	-0.0186757792	-0.0170385	-0.037527094	-0.1257553992	-0.0465160772	-0.192023258	0.0565438489	0.061127522	0.0883501801	-0.0190609469	0.014770749	-0.0619006834	-0.0996464577	-0.0779004043	-0.0066382186	-0.0056131983	0.0206294151	0.0977547602	-0.0794476507	0.0263049083	-0.0010180864	0.0253024053	-0.0255315693	-0.1954872472	0.0460382135	-0.1008848497	-0.0381255154	0.0833732837	-0.0332905398	-0.0643345889	-0.0972949812	0.0588099547	-0.0412092741	0.1324378783	0.0792173509	0.1053365756	0.0059089987	-0.0186133848	0.075631051	-0.0922039584	0.0410488729	-0.0769090825	-0.0359978338	0.196717152	-0.0107611737	0.0741564889	-0.018849668	-0.1228687734	-0.0056177421	-0.0616239137	0.0437984211	-0.0306114611	0.0952826646	-0.024159588	-0.0520374112	0.128674407	0.0503338068	0.0202234911	0.0252402173	0.024209499	0.022546478	-0.0999316863	0.1569174725	0.0233781824	0.1994608726	-0.0672794061	-0.0186300882	0.0420773023	-0.052227549	-0.076089763	-0.0243296034	0.0676925185	0.0717372434	-0.0730911242	-0.0708360052	0.0479653993	0.0215213412	0.0784091742	-0.0017606763	0.0036776719	-0.0555880204	0.0527443684	0.0312360469	0.0101174711	0.1238350133	0.0453648254	0.054278101	-0.0718828663	0.1274745901	0.0126082518	0.0445570682	0.0082513174	0.0691862443	0.091990175	0.0066013711	0.0842603156	-0.0804753242	0.029514368	0.177001255	-0.0699217421	0.095593894	-0.0539105475	-0.038008197	-0.0236018851	-0.0673277134	0.0397900878	-0.0904177017	0.1088740267	0.0481382773	-0.1536654175	0.0056483495	-0.0013084844	0.0003719736	0.0294245853	-0.0344662436	0.0097096505	0.0750886358	-0.1117575498	-0.0466450336	0.0011535075	0.0371860199	-0.1423159452	0.0622369226	-0.0613611909	-0.1202748726	0.0014962597	-0.0653984524	-0.0192921416	-0.1321677054	0.0094566908	-0.0150506757	0.0327617029	-0.0987722001	0.0209634896	-0.0796334659	0.063105541	-0.0094597052	0.0076243034	0.029471147	-0.0231961626	-0.0958476552	0.0651452616	0.0673358985	0.0	0.0	0.1288083470985555	-0.0549297223997911	0.0165915902822619	0.0030172744029181	0.1112483376718813	0.0015086991416098	2.276173099894176e-06	0.0123761926347569	-0.2018783266360486	0.0112441950426359	0.0001264319221568	0.0407548587653711	-0.0005098639537435	0.0002492035413255	2.599612513269539e-07	6.210240500922e-08	-0.002319867762365	-0.0004261695172426	5.381786434860392e-06	1.8162045742687596e-07	0.005293938530719	-0.0004518828546393	2.802578516703124e-05	2.0419811431696286e-07	0.0	0.0
58.37117762749895	-0.0798558772188329	3407.194377621034	0.0063769611263893	65.0812646797868	-0.0412955733964963	0.0017053243821454	4235.571012320464	58.82245556818682	0.0919857419576075	3460.081279071313	0.0084613767234915	62.27674694963645	50.73857200493068	1.079079	34.460178	0.1135390327339319	0.0614293891875245	0.0973471502	0.0731674822	-0.0096895719	0.0958332799	-0.0111526018	0.1645140128	0.0869292843	0.0498038668	0.0269975277	-0.1338226776	0.1292718119	0.0855079042	-0.0487702702	0.0192133885	0.0271404848	0.0663793315	-0.0625274543	-0.0618341396	0.1761985006	-0.1346093126	-0.0885009886	-0.0572062392	0.0352924033	-0.0563068082	-0.1172357752	-0.0265354072	-0.0058217652	-0.0888782681	0.0134565652	-0.015765964	-0.0114380385	0.001836851	-0.0730272377	-0.0032683607	-0.034253162	0.0318313261	0.1413437458	-0.141700111	0.0563902914	0.0737169054	-0.0088486503	0.1449970909	-0.1065370971	0.0864332474	-0.0264422473	0.035672101	0.0407334853	0.0035763416	0.1123826256	-0.0247903096	0.1028618754	0.0092803449	0.0105078786	-0.0120418069	0.0254838097	0.0314520045	-0.062878109	0.005274019	-0.0644927116	-0.0160931384	-0.0794428286	0.0773788468	-0.0919490661	-0.0338110528	0.0490029664	0.0581772867	0.1147101223	0.1683258564	-0.0108870164	-0.0430917787	-0.0168850288	-0.0738715254	-0.0150690149	0.0979436091	0.0290065844	-0.0030536426	0.1159064791	0.1216455731	-0.0171586632	0.1177368472	0.0359101609	0.0923810364	0.0834791454	-0.0563890258	-0.0034103672	-0.0863351185	0.0162376831	0.0783993221	0.0304521289	0.0013093645	0.1131497107	-0.0060414036	-0.0606913852	-0.0374586882	-0.0710898628	-0.0781819492	0.0857617367	0.0467353359	0.0229404733	0.0676381313	-0.0569980951	-0.0511428412	0.0986017689	-0.0899470114	0.0565460304	0.0801424519	-0.003149365	-0.1067198691	-0.0974155149	0.033153523	-0.0019419519	-0.0123034106	0.0820963195	0.0132418664	0.0910213867	0.0472940982	-0.0361484827	0.0092894929	0.0347135468	0.1379199786	0.1199331887	-0.16101104	0.0372424532	0.0067460508	0.0734225476	0.027263388	-0.082439622	0.1086489266	0.0288764951	0.063428666	-0.022653704	0.06853603	0.0508280102	0.0835921332	-0.034069521	-0.0742469882	-0.0429060809	0.0658877603	-0.0352137211	0.0261669835	-0.059557402	0.0449454735	-0.076097028	-0.0273802329	-0.0257375188	-0.0455320624	0.0648897224	0.0038199488	0.0513237114	0.1282356342	-0.0182110713	0.1382523698	-0.0018127437	0.0128204321	0.0799496209	0.0221123642	0.0093466668	-0.005722795	-0.1571902389	-0.0200556499	-0.0847250605	0.1093822879	0.0877597188	-0.0937825063	-0.051464336	-0.0646863845	0.030847778	-0.0343942424	-0.0927290084	0.0042768527	-0.0110262464	0.0305937748	-0.009277085	-0.0567840293	-0.0528562375	0.0497860677	0.0930172555	-0.0527548472	0.0288005458	0.0985981372	0.0419673247	-0.0986087168	-0.0158106293	0.0178395696	0.0968686215	-0.063676465	-0.0922281077	0.0562806867	0.0693339773	0.0015501515	-0.0177504723	-0.07409333	-0.034352685	0.0335727734	0.042705524	0.0322097799	-0.0568320367	0.0935262738	-0.0259680054	-0.0250179432	-0.0941903779	0.0694793439	0.0613935146	0.0	0.0	0.174681214442586	0.0458728673440305	0.0305135266791367	0.002104319958363	0.1208987134530872	0.0096503757812058	9.312975271848527e-05	0.0146164989146116	-0.2053632060466341	-0.0034848794105855	1.2144384506322784e-05	0.0421740463977522	0.0001771674894449	0.0006870314431884	3.138831931620875e-08	4.720122039295357e-07	-0.0019420392156617	0.0003778285467032	3.771516315167912e-06	1.427544107039276e-07	0.0053196967447895	2.57582140704999e-05	2.8299173456524e-05	6.63485592101699e-10	0.0	0.0
58.21082093604119	-0.1603566914577641	3388.499674047851	0.0257142684952805	64.8823606543071	-0.1989040254796918	0.0395628113520259	4209.720724075579	58.75226496664072	-0.0701906015460949	3451.828638710359	0.0049267205454026	62.17395639343664	50.349844350820376	1.042879	33.304119	0.0962762801878887	0.0572917114704767	0.1047467373	0.0945900654	-0.0740067926	-0.0015260559	0.1045938846	-0.0864883472	0.0668702759	0.0911905059	0.0589345645	-0.0066994554	0.0493505923	0.0341359314	-0.0994908777	-0.0533393106	0.0596409177	-0.0773645797	-0.0256548334	0.0455208291	0.1003758625	-0.1423840393	0.0687704393	-0.0494681478	-0.0474821786	0.0703663636	-0.0226234518	0.0294002656	-0.1091876931	0.0202435539	-0.1296003863	-0.1312564088	0.003694962	0.0214852443	0.067831504	0.0133678281	0.0258772213	-0.0315411389	0.035867478	-0.0722884428	-0.0059564129	0.1361346472	0.0713052331	0.0501784856	0.0245900602	-0.2336314407	-0.0172427858	0.0820685076	-0.0277454794	0.0353455358	-0.0491619507	-0.1201574251	0.0763113242	-0.08258993	0.1545703902	0.0472619338	-0.0230603259	-0.0415695275	-0.0100076801	0.0820677811	-0.031199912	0.0392747876	-0.0396191362	-0.0577653521	0.0114702569	0.0119534005	-0.0975336514	0.0434404127	-0.03884604	-0.0779674288	0.118283596	0.1381118688	0.0069950758	0.0526493916	0.0435832933	-0.0059209832	0.0559671845	0.0232338405	-0.0940682101	-0.0560832835	0.026164885	-0.0547612096	0.0718866651	-0.1058981585	-0.1019575409	0.0471391218	0.0397537888	0.1086672465	-0.0652531859	-0.0746507986	0.018065726	-0.0688481782	0.045901011	0.0037312782	0.0379332958	-0.0008869419	-0.002943756	0.1090672916	-0.0369174986	-0.0903314538	0.0769990331	0.0637318902	0.2058501734	-0.1030206753	0.064538124	0.088378984	0.0732112841	0.1219474845	-0.0493969456	-0.0013877585	-0.0697575325	0.0478141525	0.0774717771	-0.0236876304	0.0470281089	-0.0550063618	0.0066368547	0.02137571	0.0967069631	0.0052798199	0.0080135575	0.0767967773	0.1004243627	-0.2238399124	0.0171968386	0.0147420733	-0.0376899145	0.0560623326	-0.0988651854	-0.0082471878	-0.1238076648	0.0027983422	-0.19723433	-0.0376791315	0.0489422278	-0.0500417814	-0.022436112	-0.0208788133	-0.0242547439	0.0152562702	0.047938418	0.0072125914	-0.0414236146	-0.0675533037	0.0155621267	0.1263690575	-0.1047635804	-0.038323873	-0.0839964577	0.0105274554	-0.022888477	-0.0044043708	-0.0031351148	-0.206174246	0.1558109993	-0.100403372	-0.0532040013	-0.1512793157	0.0677293175	0.0821853389	0.0443254646	-0.0987774549	-0.0713075714	0.1598358791	0.0219837372	-0.0254039585	-0.0571313375	0.0438730061	0.1064362215	-0.0301635819	-0.0580734598	-0.0282263699	0.0118126793	-0.0203112661	-0.0544717286	0.0578497816	-0.0082064443	0.0356092543	0.1480437999	-0.1536923318	0.0163575443	0.0836880526	-0.11940041	0.0108431066	-0.0801845483	0.038188204	-0.0209406688	-0.1063506178	-0.0992521177	0.1114528991	0.0116451364	0.0378128857	0.0715282831	-0.1368604926	0.0405013551	-0.1592720703	0.1731071519	-0.0066838125	0.1680755563	-0.0182652034	0.0117554138	-0.0268319309	-0.0924157511	0.0736186857	0.0551452713	0.0	0.0	0.1752340193072825	0.0005528048646964	0.030706961522585	3.055932184321145e-07	0.119509354373946	-0.0013893590791412	1.930318650792084e-06	0.0142824857828774	-0.2093204763851801	-0.0039572703385459	1.565998853233583e-05	0.0438150618341187	-0.000765263119353	-0.0009424306087979	5.856276418418839e-07	8.881754523991804e-07	-0.0014822035468042	0.0004598356688575	2.1969273541589504e-06	2.114488423536244e-07	0.0057249673852442	0.0004052706404547	3.277525156210982e-05	1.642442920145633e-07	0.0	0.0
58.24244393049494	0.0316229944537553	3392.182274996848	0.0010000137782222	64.8743832066374	-0.0079774476697025	6.363967132284252e-05	4208.685596441637	58.68743347663823	-0.06483149000249	3444.214848074838	0.0042031220959429	62.19477068520771	49.98441896071801	0.98332	31.402138	0.1261549381128517	0.0680611453491428	0.0799320588	0.1356809458	-0.0157222065	-0.0343769542	0.0335507869	-0.0052501299	0.0586512664	0.0924049456	0.0164427611	0.0799213264	-0.0654748226	0.162757144	-0.032949688	0.0024603455	0.0992667529	-0.0069800752	0.008552503	0.0025812174	-0.0078788236	0.0561166689	0.0413426054	0.0843274155	-0.1152134814	0.010606958	-0.0295722933	-0.0959642292	-0.0256215632	0.1289539277	-0.0405184789	0.0173757597	0.0854809418	0.1666607571	0.0150013954	0.0326895317	-0.1116094282	-0.0845882313	0.0255641176	0.0855337228	0.0060252431	0.1306208416	-0.1332383388	0.1091294414	-0.0028927916	-0.0257392398	-0.0315338748	0.1402320777	0.0737591983	0.1194302357	0.0406876283	6.41515e-05	-0.0097274397	0.0433537202	0.1644053564	-0.0242061531	-0.0586220112	0.0193348209	0.0183846336	0.0468588508	-0.0063725237	0.1751844671	0.0384156304	0.0261426773	0.0579797994	-0.0217331077	-0.0024681553	-0.0209535208	0.0189596818	-0.077417895	0.0304785001	-0.0243977582	0.0467480484	-0.05926445	0.0005961857	0.0206885961	0.0117306522	0.0621084713	0.0022636513	-0.0300454288	-0.0415857195	-0.1326299809	0.0462424843	0.06971339	0.0552596992	0.0492048296	0.0161655844	-0.1206703329	0.083428245	0.070675335	0.0365456981	-3.08913e-05	0.0193285534	0.0489886778	0.0864988401	0.028526896	-0.0439477001	-0.0542862396	-0.0025755431	-0.1387882792	-0.1268089878	-0.0064559775	-0.0057908795	-0.1282585722	-0.1305854566	-0.0501123116	0.0147177014	0.1078384683	-0.065170743	0.0669535402	-0.0118807409	0.0769538717	0.0299849219	0.014600561	0.0175024266	-0.0466491832	-0.0331163967	-0.0167928077	0.0924634936	-0.0082562086	-0.0222830799	0.0423809234	0.0906777127	-0.0623504679	-0.0085349987	-0.1159059821	-0.0260454075	0.0407373112	0.1505091347	0.0206424099	-0.0507820354	0.1038433216	-0.0788772348	-0.0846240897	-0.1493527021	-0.0128875218	0.0910494175	-0.1672457621	-0.0064367794	0.0069058454	-0.0238722796	-0.0165552118	0.0991338122	0.0209990967	-0.045459082	0.0228815177	0.0256098907	-0.0100449447	-0.032236831	-0.0744731278	-0.0012308819	0.003536472	-0.0929213055	-0.041739543	-0.1173682489	-0.0219496753	0.0375410203	-0.0903483105	0.0764485107	0.0734500444	-0.0852670166	-0.133962073	-0.0522446461	0.0986730738	-0.1915767127	-0.0409201577	-0.1543189954	-0.0370262045	-0.183121528	0.157305569	-0.0589648832	0.0330359276	0.0160754483	-0.0504354517	0.1219289529	0.115477886	-0.0941016113	0.0167698413	0.1135593867	-0.0160582063	0.0093056132	0.0826322623	-0.003518824	0.0001851966	-0.1546115237	-0.113582143	0.0930374674	-0.0648738665	-0.0319894616	0.0605587873	0.03477175	-0.0944461722	-0.0325627911	-0.0747063581	-0.0174983067	-0.0083409188	0.0359158852	0.1368482362	-0.0588565734	0.1523272886	0.0312115326	-0.0286375605	-0.0905259858	0.0775516848	0.048622297	0.0	0.0	0.1741945652175474	-0.0010394540897351	0.0303437465513303	1.0804648046670324e-06	0.0941698745521648	-0.0253394798217811	0.0006420892376384	0.0088679652731704	-0.1925321825568247	0.0167882938283553	0.0002818468096671	0.0370686413200944	-0.0012103098022149	-0.0004450466828619	1.4648498173374703e-06	1.980665499263807e-07	-0.0017539053211945	-0.0002717017743903	3.0761838757143824e-06	7.382185420683749e-08	0.0047819616350368	-0.0009430057502073	2.286715707896383e-05	8.892598449242211e-07	0.0	0.0
58.35625840166342	0.1138144711684745	3405.452894641712	0.0129537338473595	64.99019633599048	0.1158131293530715	0.0134126809305512	4223.72561979059	58.8904952495806	0.2030617729423696	3468.0904307408755	0.0412340836304984	62.29779484959194	50.36970133492441	1.093424	34.918278	0.2115088139275592	0.1151112307479931	0.1016024272	-0.0164078302	-0.0320348766	-0.0163277321	-0.0195025802	-0.1619744524	0.1009168083	0.0622295214	0.0884678532	-0.0929476011	-0.0699443591	-0.0302663396	-0.0984175305	-0.1504378035	0.1555726388	-0.1614799616	0.0689986323	-0.0342662701	-0.1118069634	0.0227083356	0.1752148386	0.1725367971	-0.039327404	0.0594243917	0.0139342283	-0.0692823106	-0.0470435162	0.0900085763	0.1756108126	-0.0463528049	-0.007744473	0.0132863763	0.0195743413	-0.076500796	0.0052702164	0.0512001342	0.0507148559	-0.0531847734	-0.0518572307	-0.129112925	0.1577872272	-0.058003292	0.0069359913	0.0719540791	-0.0621672823	0.0788059332	-0.0393452101	-0.0622952899	0.0698094816	-0.0265560935	-0.0197054398	-0.1488483783	-0.0906572398	-0.0627201856	0.011983488	0.0285143897	-0.0265304853	0.0879902768	-0.0871936774	0.0098570591	0.0861776694	0.1040773771	0.012100512	0.0072283926	0.1830821518	-0.0837098392	-0.0019889425	0.0612665567	0.1799379456	-0.0395262539	-0.0392069098	0.0005236544	0.1356534951	-0.0453015565	-0.0040461109	0.027100494	0.0707327816	0.0213543987	-0.0924841981	-0.0955955355	0.0069450201	0.0302800648	-0.1830084746	-0.089055445	-0.0723695246	-0.0717867848	0.0921912107	-0.1026331505	-0.0262625172	0.0723404732	-0.0681881847	-0.0405485545	-0.082635652	0.0376251245	0.1908127691	0.0793201665	-0.0511217866	0.0638894915	-0.0770989589	-0.0400223862	0.0187414314	-0.0175687456	0.0096721582	-0.0643570713	-0.0006479174	0.1036850893	0.0026693397	-0.0430455744	0.1292306262	-0.0006145408	-0.0682287097	-0.1185793023	-0.2449052924	-0.0682734257	-0.1452194831	-0.0185085936	-0.0156220192	0.0269174833	0.0135180644	-0.0468263894	0.2892798625	-0.0882058477	0.1438017366	-0.028628039	0.0647218504	0.0162520542	0.1655726951	-0.1430482461	-0.1253395799	-0.0440739127	0.152077909	0.0616373625	-0.0492327489	-0.0333221635	0.0799963749	0.0367793615	0.0130148961	-0.0265727949	-0.0415819468	-0.0036364928	0.0400690539	0.0442645414	0.0791987848	-0.0287340665	-0.0507632314	0.01727411	0.0332948678	0.1016971013	0.0635160816	-0.1696874093	0.0346032851	0.1511564954	0.0302689991	-0.1191671167	0.0828831298	0.0825016349	0.0284287404	-0.148150129	-0.0786314193	0.1951632375	-0.0021848235	0.0584164687	0.1167084784	-0.0022845604	-0.1163722502	-0.0316756858	-0.0366344609	0.0289091282	-0.0407934044	0.1247616855	0.0304446314	-0.0747175676	-0.0575316978	0.0599164885	-0.0929153735	0.0178907241	0.0729078163	0.0778741103	0.2048705085	0.037649789	-0.0528823346	-0.1381553216	-0.1542988282	-0.1102946324	-0.0215204206	0.031178563	-0.0613098068	-0.1777706668	-0.0910693213	0.0268913761	-0.138109154	-0.0375122722	-0.0208430828	0.0646072053	0.0219155045	-0.0957483415	0.0474511395	-0.0292023894	-0.0482097371	-0.0304342698	-0.0885234364	0.0812673177	0.0418570888	0.0	0.0	0.1138432872367616	-0.0603512779807857	0.0129602940488718	0.003642276753914	0.0887826826790671	-0.0053871918730977	2.902183627756996e-05	0.0078823647436919	-0.183105890129454	0.0094262924273706	8.885498892630615e-05	0.0335277670000996	-0.0027601210020458	-0.0015498111998309	7.618267945934312e-06	2.401914755121294e-06	-0.0011338379423713	0.0006200673788232	1.2855884795607835e-06	3.844835542806738e-07	0.0042249591807648	-0.000557002454272	1.785028007912877e-05	3.102517340650317e-07	0.0	0.0
58.35184660900833	-0.004411792655091	3404.9380026812364	1.946391443151545e-05	64.93734588063238	-0.0528504553580972	0.0027931706315582	4216.858890020883	58.78396591231601	-0.1065293372645896	3455.554648380331	0.0113484996980326	62.25767246436692	49.80387134721507	1.055371	33.703056	0.2525981366866306	0.1416510239304099	0.0891934032	0.0105220788	-0.0220027563	0.0159714921	-0.0935916153	0.1236684986	0.0062087345	0.0852320524	0.1152777305	-0.0598063297	0.0117185107	0.0118171381	0.0226794446	0.129405684	-0.0181143344	-0.0366827972	-0.0320402952	-0.0481824268	-0.0425328364	0.010401689	0.0108019105	0.0986744181	-0.0885302686	0.0746415682	0.269166226	0.0405806227	0.0627469717	-0.1275158988	0.0538606222	0.0916147532	0.065774424	0.0449900357	-0.0891927492	0.0488299789	-0.1087357658	0.0763714117	-0.0430550507	-0.0846250499	0.1065164317	-0.0460310542	-0.1280591316	0.0453456949	0.0434057739	0.0014527193	-0.0609190975	0.0832154806	0.0561118125	0.0810054748	0.0430480461	-0.1046826152	-0.117933339	0.0274760783	-0.0157989492	0.1905524807	0.0073650039	0.0327323848	0.0109675746	-0.028313489	-0.0030843397	0.0507458839	-0.1548927181	-0.094314432	-0.0025043953	0.099659325	0.0037022798	-0.1258120817	-0.061120146	0.0305566864	-0.0236294012	-0.1296305054	0.0001387819	-0.1187437229	0.0194102652	0.0248207226	0.051417383	-0.1124922578	-0.0622360467	-0.0389650177	0.097428618	0.0127579851	-0.0405588535	-0.0694489833	0.0565355668	0.1268880333	0.0509955543	0.0641292713	0.0831472844	0.0738633943	0.1050509674	0.1138658796	0.0106625514	-9.93359e-05	0.0933517981	0.0362031753	-0.0156542823	-0.0130082548	-0.1281161542	-0.0072689611	-0.031944956	0.1277111238	0.0923354903	0.0074197075	-0.0417241733	-0.0734509205	-0.1012321014	0.1019182916	-0.022810491	-0.0206949076	0.0799829345	-0.0048965715	-0.0530885968	-0.1092080155	0.0147882594	0.0043993504	0.0317963203	0.0288356925	0.0237794428	0.0125541389	0.1812924786	0.0444798517	0.1075853048	-0.0309181972	0.013434459	-0.0061420373	0.0471786044	-0.0108957575	-0.070977691	0.09039823	-0.0796357999	-0.0528336531	0.0746717846	0.0114629871	0.0350493735	-0.0134167959	-0.2539658093	-0.0521126201	-0.0340645112	0.0020818067	0.0307910711	-0.099219506	0.0015159364	0.0287963035	0.1037115658	0.063189656	-0.0571069485	0.1676202844	-0.0412268982	0.1094557773	0.0180011193	-0.0448015596	-0.0419899271	-0.0352976808	-0.0582037512	0.0029086657	0.0110947782	-0.1499109549	0.0903637786	0.0121007141	0.1468268299	0.0180571965	-0.1592302303	0.0440160611	0.1072209674	0.0717626264	-0.0252189895	-0.0143575902	0.0695469594	0.0476964172	0.1736028964	0.0452729715	-0.0042877141	-0.0166533347	0.0645267558	0.0007193087	-0.009166725	0.0359454167	0.1054055877	-0.0178129165	0.0449483563	0.0575380877	0.0085704187	-0.0991286212	-0.0166048718	0.0081017309	0.0676029336	-0.0170997535	0.0030758844	0.1341997353	0.1462285332	-0.0413408794	0.0449919456	0.0089487363	-0.0138455241	-0.1148040287	0.0533266985	-0.134320765	0.0988147678	0.0472730747	0.0003628444	-0.032221499	-0.0864105979	0.0847551701	0.0348833508	0.0	0.0	0.1669195573042401	0.0530762700674785	0.0278621386106434	0.0028170904442759	0.1011355284223753	0.0123528457433082	0.0001525927979579	0.010228395109273	-0.2013819644615679	-0.0182760743321138	0.0003340148929929	0.0405546956104001	-0.0005222455007764	0.0022378755012694	2.727403630811928e-07	5.0080867591817685e-06	-0.0018207367107356	-0.0006868987683642	3.315082169820292e-06	4.718299179803922e-07	0.0046780438420057	0.0004530846612409	2.188409418772745e-05	2.052857102517811e-07	0.0	0.0
58.22891914269668	-0.1229274663116442	3390.6070245267083	0.0151111619738004	64.65120745804825	-0.2861384225841306	0.0818751968789344	4179.778625783593	58.732729825874905	-0.0512360864411078	3449.533552799216	0.0026251365538006	62.15498828437799	50.16870379948116	0.993711	31.73395	0.113438060511499	0.06084423144797	0.1188869133	0.0908289275	-0.0267304111	0.0531964201	-0.0164919987	0.1341064048	0.1108460214	0.1470960344	0.0524477231	0.0052584772	0.0295839456	0.0667848995	0.0669571665	0.1079986912	-0.0661234303	-0.1994384201	0.0007813796	-0.0792462094	0.0083821522	-0.0388235828	-0.0270432304	-0.0924770727	0.0329876168	-0.0414078247	0.1101615599	-0.1166746784	0.091532595	-0.0470199671	0.0557323706	-0.0462105258	-0.0413383	-0.1478048978	-0.0262923836	0.0080788765	0.0549123724	-0.0467541656	-0.0036879809	-0.0436371438	0.0281031509	0.0230542637	-0.0222739929	0.1005750305	0.0271944086	0.0728421078	0.0322275335	0.091993423	0.1094040128	0.0100935449	0.0327752037	-0.0307312946	0.1077668414	0.0388099687	-0.046075765	0.0844160791	-0.0132786386	-0.1058696091	0.0031955996	-0.0152621031	-0.0482631881	-0.0247871111	-0.0561298997	0.0165654152	0.0734335959	0.0159004545	0.0399675928	0.1126129946	0.0090993887	0.1038916682	-0.0015165346	-0.1670916841	-0.0831511747	0.0037212502	0.0167076657	0.0350443202	0.0150548847	-0.0898539153	-0.0643398621	-0.0203886879	-0.0711222165	-0.0123517515	0.0954060638	-0.0380092982	-0.0378036209	0.0846769466	-0.0583787625	0.0501636093	0.0745200227	-0.0211489001	-0.0013767621	-0.0263415644	-0.1660540727	-0.137624803	-0.0048143947	0.0048594392	-0.0472159115	-0.0299106229	-0.0870609671	0.2862049815	0.1297393107	0.1000684509	-0.1223777384	0.0210954934	-0.0563114939	0.0568018984	0.0490299144	0.1332629887	-0.0452576219	0.0231347039	-0.0235122352	0.0632691719	-0.0733453635	-0.0593192586	-0.0125826359	0.0985306352	0.1007495048	0.0530772009	-0.0761771947	-0.013848142	0.0344439985	0.0322609607	-0.00730985	-0.0735818367	0.1461874492	-0.0184062679	-0.0429780392	0.0303899172	-0.056164012	-0.0093989116	0.0528980695	0.0327159798	0.0775664406	-0.1377901907	0.0965884317	0.1003331187	-0.1582224909	0.0310518512	-0.0269975341	-0.1154908598	0.0623084938	0.0724117656	-0.016249643	-0.02189589	-0.0195873326	-0.0114975509	-0.10193128	-0.0908583857	-0.0754133436	-0.0474758218	-0.0062934484	-0.0868089181	0.096646805	0.0648219231	0.1289397152	0.0818601424	0.0511384715	0.0517932038	-0.0543967462	-0.0498744399	-0.0232089917	0.1295295951	0.0715668543	-0.0775739545	-0.0165694769	-0.0107992705	-0.0129497625	0.1457853713	0.0875417643	0.0137389025	0.0634486722	0.1046539722	0.0500747052	-0.0116180007	0.0352284193	0.0391714767	-0.000682996	0.0656223724	0.0992628698	0.0931558321	0.077869741	0.1136981815	0.0527523158	-0.0648594587	-0.0212329135	0.0727884609	0.1549430573	-0.1305841197	0.0350319389	-0.0893326385	-0.0084451479	-0.0727654283	0.0343334607	0.0094688859	-0.1094831462	-0.0420465555	-0.2128288432	-0.0367738524	-0.0515092891	0.1604707357	0.0800114252	-0.0339986915	-0.0841901024	0.0880054659	0.0277358257	0.0	0.0	0.1429567461834295	-0.0239628111208106	0.0204366312793534	0.0005742163168116	0.103168548670979	0.0020330202486036	4.133171331232608e-06	0.0106437494348761	-0.2015500146077826	-0.0001680501462147	2.8240851642785385e-08	0.0406224083883973	-0.0001921435311596	0.0003301019696168	3.691913656648018e-08	1.0896731034489077e-07	-0.0023178708338302	-0.0004971341230945	5.372525202320706e-06	2.471423363450368e-07	0.0037597963547997	-0.000918247487206	1.4136068629565111e-05	8.431784477601332e-07	0.0	0.0
58.242716372820055	0.013797230123373	3392.2140104847613	0.0001903635590773	64.5841601509718	-0.0670473070764501	0.0044953413862037	4171.113742406374	58.62867370842127	-0.1040561174536378	3437.321380808527	0.0108276755795252	62.18996590812649	49.67309246946882	1.016751	32.469738	0.09894578916917	0.0545335370959581	0.096495749	0.1192929348	0.0018130928	-0.0902317131	-0.0299001297	-0.1555885496	-0.0254838206	0.1570630154	-0.0173721398	0.1016826241	-0.0070598528	0.0607019685	0.0689262993	-0.0278018283	0.0156004648	-0.0022453271	-0.0292530967	-0.0190955186	0.0034202783	-0.1064464678	-0.0695725808	-0.078245789	-0.0137533843	0.0041786653	0.0453462558	-0.0466968698	0.0296543336	-0.0187459844	-0.0232424766	0.1451256589	-0.0740568493	0.0195713179	-0.0792646653	-0.0825626153	-0.0147064188	-0.0661663098	0.0968636053	0.1208046966	0.0014361542	-0.054966605	0.0188169533	-0.0087179692	0.0530240975	-0.0693682418	0.1231855742	-0.0021263626	0.0384900934	0.098816007	0.1578593263	0.0895530813	0.0597452626	-0.0048465828	0.165073281	0.1024129186	-0.0089636358	-0.0053423674	0.04796025	0.0462351093	0.0360825149	-0.0199082369	0.0174921706	-0.1177591067	0.0632841513	-0.0190829516	0.0899484951	-0.0794940834	0.0474797533	0.0392808253	0.0409844458	0.0012929092	-0.0890336324	0.0594135872	-0.0066558908	-0.0080249627	0.0005680425	0.013915484	-0.0170018537	0.0707084861	0.1818513182	0.0066997344	0.0894704069	-0.0830721851	0.0128814579	-0.1208225714	0.0133796373	0.0582444591	-0.0748289925	0.1379134919	0.0745625107	0.0582322481	-0.1320843106	0.0325749461	-0.138542306	0.0514833105	-0.0172708825	0.0188155125	-0.0240460779	0.0325918735	-0.0154784858	-0.094158393	0.0718909967	-0.0089314031	-0.0462159747	-0.0993150154	0.0469705857	0.1016441374	-0.0405459961	0.0699024738	-0.089138218	-0.006586858	0.0115384628	0.0441908043	-0.0659328006	0.119723381	0.050041028	-0.0701408406	-0.0219819535	0.0640270747	0.052067386	0.0657152237	-0.0204420842	-0.0684093247	-0.0076577609	0.0356861319	0.0831767709	-0.0539273648	-0.0209068585	-0.015923361	-0.0775672454	0.030326483	0.0164663977	-0.1051513925	0.0085794972	-0.0603988749	0.0239065328	-0.0382015868	-0.040215956	-0.0129655855	0.0236416209	0.0512402761	0.0584673588	0.0501586905	-0.1051863332	-0.0658651629	-0.0764974564	-0.0437022224	-0.040065909	-0.078860891	0.003887931	-0.1185689567	-0.0849420084	-0.0678194585	0.0039672838	0.0814163613	-0.1182859656	-0.1347680266	-0.0851404622	-0.033524186	0.0622762064	0.0595420227	0.025394919	0.0203513191	0.0923508564	-0.0337213316	0.059177576	-0.0628726722	0.0991811729	-0.0333489273	-0.0626469918	-0.0711863011	-0.0155382576	0.0558604054	0.0459944118	-0.1087573284	-0.1304149794	0.0327273763	0.0861327359	0.0021779603	-0.0307416359	0.0354656478	0.061566925	0.1319630521	-0.0061038573	-0.0316515649	0.0121429588	-0.0492111881	0.0115849785	-0.0459876232	-0.0099251572	0.0614579815	-0.0879271617	-0.059438765	-0.0404566869	-0.1293005334	0.0882616746	0.0458020014	0.0835113928	-0.0928598979	-0.0175370231	-0.0357652936	-0.0818647166	0.0910090951	0.020450122	0.0	0.0	0.134312379022262	-0.0086443671611674	0.0180398151586197	7.472508361707076e-05	0.1042337418740118	0.0010651932030328	1.1346365597872865e-06	0.0108646729450581	-0.2014735851616578	7.642944612479274e-05	5.841460234942597e-09	0.0405916055178917	-0.0008311598955198	-0.0006390163643602	6.908267719204848e-07	4.083419139201279e-07	-0.0015982459547254	0.0007196248791047	2.554390131796105e-06	5.178599666265979e-07	0.0041843510985116	0.0004245547437118	1.7508794115615235e-05	1.802467304082771e-07	0.0	0.0
58.46168223262135	0.218965859801294	3417.7682894679947	0.0479460477585199	64.9504344388374	0.3662742878656075	0.1341568539514579	4218.558933793716	58.72425449546014	0.0955807870388696	3448.5380660475703	0.0091356868509697	62.36666635756576	49.97127145431536	0.917095	29.287245	0.0471118018010065	0.0260080242825641	0.0473192176	0.0993542777	0.0354669068	-0.1392105999	-0.0170901061	-0.1001354633	-0.0692234906	0.0812362419	-0.0881562525	0.1658674113	-0.0233121513	0.0423416132	-0.0780259106	-0.0540176254	0.0504946888	0.0144833868	0.1314957043	-0.0936826712	-0.059696863	-0.0243513438	-0.085564148	-0.0739719647	0.1365709259	-0.0093176364	0.0145846192	0.0080944268	0.0801164939	0.1177373156	-0.0356448471	-0.0417780122	-0.1261998109	0.1074946487	0.133724828	-0.0770040139	-0.0634537048	-0.0160018681	-0.0689539944	-0.1504536884	0.019535306	-0.029011771	-0.0999279621	-0.0214236921	-0.0001538266	0.0466980178	0.0845991778	-0.0550941886	-0.0950099545	-0.0863228996	0.0112728896	0.0220928632	-0.0475910283	0.0017968184	0.0423760425	0.1816483879	-0.03089738	-0.0232139559	0.151869739	0.0273703359	-0.0806727917	0.0320704181	0.0556159777	-0.0172736179	0.0081668273	-0.0801217076	0.0483397674	0.0642878656	-0.0688095543	0.0077026403	-0.0314121243	-0.0012054878	0.1402359508	-0.0343125203	-0.0139102234	0.0829223442	0.0810094029	0.0377435777	0.0039436667	-0.0092286862	0.0574818666	-0.076583212	0.0514107783	0.0365406344	-0.0880124449	-0.0903997009	0.0516253197	0.1454360286	-0.0318174046	-0.0425561533	-0.0902099226	0.0056127029	0.0653094906	-0.2059576178	0.1031207202	0.060973655	0.0531351369	-0.0113757739	-0.0661493324	0.0483391773	-0.1399966526	0.0412150723	-0.0090362156	0.0481934518	0.0063497081	-0.0661027625	0.0950512987	0.0212552985	-0.0209536889	0.0951199663	-0.1251036558	-0.0190260954	0.0132168696	-0.0261513205	-0.0861424923	0.0610770481	0.0355245882	-0.0887558925	0.0178912003	0.0505604977	0.0675323182	-0.0422824166	-0.03668302	-0.0969239858	0.0187640118	0.0420673136	0.0748406983	-0.0032378364	-0.0125654688	-0.0354570733	-0.0040118488	-0.009270763	0.0525647014	-0.0978031454	-0.0002138188	0.087179367	0.0080735683	-0.1583955705	0.0136625376	-0.0705866286	0.144991374	0.0954321809	0.0123972123	-0.0489930381	0.0054411244	-0.0069464754	0.0884762218	-0.1167403395	-0.0335175968	0.1163946329	-0.0518002903	0.0220715359	-0.0777205619	-0.0101813962	0.0146896092	-0.1038727801	-0.1493139036	0.0394697558	-0.0375477018	0.0447644217	0.0793116114	-0.0373534671	0.023079144	-0.0168581436	-0.01076638	-0.0691301808	0.0562422991	0.0404105649	-0.08169848	0.1024051642	-0.0480901783	0.0667041733	0.0854328375	0.0173384499	0.0762453921	0.0790672179	-0.0559540824	0.0063960137	0.0517005184	-0.0720391525	-0.0160903505	-0.0080752412	0.0114071313	0.1588130818	-0.0627650333	0.0593232169	0.0274192918	0.0214549572	-0.0712044146	0.0195616578	-0.0819814256	-0.0145747502	-0.0601459326	0.010327702	-0.0625228148	-0.1114318094	-0.0083379296	0.0033756191	-0.0407052349	-0.0901716915	0.0722639101	-0.037520755	-0.0794373376	0.0937576389	0.0130625369	0.0	0.0	0.1480680671722325	0.0137556881499704	0.0219241525161207	0.0001892189564792	0.1045012164014025	0.0002674745273907	7.154262280288057e-08	0.0109205042293727	-0.2011982103326275	0.0002753748290303	7.58312964634733e-08	0.0404807198410522	-0.0011330784469115	-0.0003019185513917	1.283866766855377e-06	9.115481167446265e-08	-0.0018199563174947	-0.0002217103627693	3.3122409975888694e-06	4.9155484959294626e-08	0.0043169874702429	0.0001326363717312	1.863638081823419e-05	1.7592407106043493e-08	0.0	0.0
58.64447281228765	0.1827905796663032	3439.1741914311456	0.0334123960147431	65.40771739487877	0.457282956041368	0.2091077018859317	4278.169494808327	58.766332705228685	0.0420782097685474	3453.4818596216305	0.0017705757373258	62.50739636837566	50.6099235308476	0.915575	29.238708	0.0426923704935714	0.0215267829034645	0.001746159	0.0704063986	0.0380246983	-0.111999397	0.0269102216	-0.0271868585	-0.0365766924	-0.003403711	-0.0341328403	0.058759358	-0.0436514096	0.0387578305	-0.1020277951	-0.0331106019	0.0549769519	-0.0603503463	0.0735807322	0.0004712504	0.0015809754	0.0362776845	-0.043064695	0.0499302831	-0.0114514414	0.0894392506	-0.0686400977	0.0631908434	-0.0047298976	0.0035948694	0.0837000258	0.0179398356	0.0440453512	-0.0408903184	-0.0933725797	-0.0850603456	0.0331871244	0.0004548112	-0.1189298077	0.0120812553	-0.0971879705	0.0086136193	-0.0538561226	0.0665085948	-0.050562705	-0.0991598692	0.1006411303	-0.0801417894	0.1051043976	-0.0105906914	-0.0599107929	-0.0816853464	-0.0436885115	0.1317613344	0.0838740701	0.0971695129	-0.0314070865	-0.1189464743	0.0155342797	-0.0443541176	0.1479443717	-0.0569495841	0.1217760875	0.0126984427	0.0272731747	-0.0105040594	-0.0731900972	0.0739884017	-0.0242103415	0.0145561105	-0.0580035119	0.0244211953	-0.0071069671	-0.0434627095	-0.1047375536	0.1069671453	0.0147374173	-0.0965463415	-0.0505746491	0.1067446483	0.0246345548	0.0900835301	-0.0816092341	0.0307899424	0.0092233366	-0.0783502124	0.0053561187	-0.0804429116	-0.0338330574	-0.0001423325	0.1034037998	-0.0352436663	-0.0366520739	-0.0851272466	0.0231996008	0.0136330819	0.1429367616	0.1175197244	0.0245677421	-0.0384695038	-0.0961008297	0.0919617045	0.0106877726	0.0112500376	-0.0474860304	-0.0720265845	-0.085132743	-0.017254785	-0.0075678918	0.0803415207	-0.0906146159	0.0881391066	0.0176446009	-0.0625613535	-0.056017683	-0.0155728718	0.012015534	-0.0166540993	0.1093810737	0.0150771656	-0.0625932655	-0.0123609516	0.0018736965	-0.0289135137	0.0382048971	0.009692069	0.0624965417	-0.0037994079	-0.065539531	-0.0041213803	0.0281701164	0.0218459057	0.0543262677	-0.0083217156	0.0826192019	0.0591388431	0.0118415339	0.0257032627	0.0735937409	0.1142740232	0.0599285968	-0.0131554208	-0.0821196211	-0.1021074704	-0.1184841517	-0.0222804343	-0.0015646117	-0.0578220598	0.0803491541	-0.0390186675	0.0713056986	-0.0312267948	-0.0488573915	0.041510738	0.0233600019	0.0414717024	-0.0445599515	0.0049899313	0.02410641	0.1484754319	-0.0837421275	-0.0405105832	-0.0140104906	-0.1487459775	0.0604134905	0.0181280474	-0.0853568577	0.0060854641	-0.0692495397	-0.0452779967	0.0741528405	-0.0147259032	-0.0131412796	0.0602628295	0.0830236103	-0.0060948415	0.0756285474	-0.001805135	0.0275054634	-0.0628560722	-0.0471937617	0.0056164757	0.0455557027	0.09901817	-0.0448601546	0.1089348681	-0.0961750054	-0.016722238	0.0103633644	-0.0549178795	-0.0892873685	0.0449659066	-0.0746241749	-0.0209108431	-0.0161166143	-0.0099503419	-0.0665860563	-0.0236643377	-0.0029064464	-0.0394986419	0.0389618195	-0.039264529	-0.0769109895	0.0962433935	0.0056098749	0.0	0.0	0.1360507165992999	-0.0120173505729326	0.018509797487183	0.0001444167147927	0.1055741110056089	0.0010728946042063	1.1511028317352035e-06	0.0111458929146246	-0.212726793570205	-0.0115285832375774	0.0001329082314657	0.0452526887026606	-0.0009733412018106	0.0001597372451009	9.473930951421032e-07	2.5515987472425014e-08	-0.0017510452057933	6.891111170139992e-05	3.0661593127317007e-06	4.7487413159228185e-09	0.0041841649854681	-0.0001328224847747	1.7507236625617267e-05	1.7641812461751875e-08	0.0	0.0
58.73742116499438	0.0929483527067276	3450.0846451139296	0.0086393962708942	65.32317313308236	-0.0845442617964096	0.0071477322026998	4267.116948174654	58.79406577128604	0.0277330660573582	3456.742169918309	0.0007691229529417	62.54971434745341	51.00633228200299	0.920056	29.381811	0.0619780731056049	0.0289522600484698	-0.025427236	0.0833214554	0.0889951616	-0.0511369824	0.0479523007	-0.0368442682	0.0051726712	0.0083442625	-0.0322609557	0.1200669996	0.0768331515	0.0772699553	-0.0010978437	-0.0161371847	0.0397861083	0.0502460844	0.0521558534	-0.0705103151	-0.0335614633	0.0372340383	-0.0578196439	0.1118353841	-0.0061674846	-0.1440918082	-0.0167615424	0.0983801227	-0.0475963913	-0.0365241814	-0.0068497708	-0.0476514648	0.0277359887	-0.0454102163	-0.0866877059	0.0577211427	0.0265969414	-0.1257156943	-0.1673211352	-0.0927955666	-0.068062896	0.009584535	0.0118514226	-0.1080927121	0.0622644415	0.1147979462	0.0834773338	-0.1041803903	0.0680318005	0.0024764195	0.0026430271	-0.0355426742	-0.0749606486	0.020190357	-0.0261976916	0.0230131723	0.0895051532	-0.0342919068	0.0343786133	0.0921589898	-0.1846544936	-0.0354461195	-0.1153052678	0.0301996699	0.0121839373	-0.0386307897	0.0200812205	-0.0030050792	-0.0808085573	0.0544700022	-0.0528315619	-0.0595290837	-0.0065887834	-0.0892408362	0.0141621066	-0.0954747639	-0.051072091	0.0348829345	-0.0032711552	0.0894630541	0.0187115	-0.0740054589	-0.0714896566	0.0140374838	-0.0596784122	0.0433106932	-0.0447658957	-0.0644510069	0.0272188601	-0.0116252433	0.0880767776	0.0479520721	-0.0177338417	0.0753824286	-0.0212820959	0.073321462	0.181459275	0.0732506387	-0.0127167168	-0.2379083955	0.0790999064	0.1125470962	-0.0375542096	-0.0617110968	-0.0374560307	0.0119776333	0.0801973336	-0.0465165091	-0.0158514607	0.0917197426	-0.0634231506	0.0799598874	-0.013871739	0.0452233453	-0.0138675764	-0.0570513062	0.0841325727	-0.0569756331	0.1396648122	0.0008903778	-0.0383797166	-0.0903854681	0.0663851682	0.0406686991	-0.0381226396	0.0367517758	0.0588528223	0.004892773	-0.1031532733	0.0013078686	0.079426228	0.0243772197	0.042873192	-0.1295167486	-0.0278722043	0.0138293415	-0.0096877453	0.04587236	0.0479983417	-0.0068940316	0.1749375727	-0.0936103044	-0.0901236921	-0.1080558781	0.0505602534	0.0197454329	0.0009057384	0.113393107	0.0944708637	0.0276912476	0.0062749087	0.0708945591	-0.088123806	0.062214	0.0694153098	0.0142672963	-0.0496808837	0.0439263397	0.0420625789	-0.064909617	-0.0676696249	-0.018634643	-0.0002334139	-0.0241961692	0.0667216042	-0.1635750537	0.1073186295	0.0321254503	0.0074925206	-0.0151235385	0.0410940952	-0.0533277741	-0.0063406063	-0.0325944972	0.0977105044	0.0319301986	-0.0731186316	-0.0159061404	-0.0111893104	-0.052499486	-0.0536949211	-0.0308592705	0.0210729199	0.1049163371	-0.0020380759	0.0617914876	-0.0142383194	-0.0585714417	0.1267467139	-0.0142776658	-0.0658550427	-0.0172591653	-0.1107169276	0.1065060678	0.0102941727	-0.1072913129	-0.0107816213	-0.0049225027	0.0966905611	-0.029975496	-0.0490507469	-0.0409960724	-0.0742888199	0.0984593917	-0.0018707352	0.0	0.0	0.1480764307446662	0.0120257141453662	0.0219266293420799	0.000144617800706	0.0867595492609751	-0.0188145617446338	0.0003539877336426	0.0075272193879675	-0.1969520773086301	0.0157747162615748	0.0002488416731331	0.0387901207561846	-0.0010712798827716	-9.793868096100004e-05	1.147640587231133e-06	9.591985228380553e-09	-0.0015417485530841	0.0002092966527092	2.3769886009369154e-06	4.3805088835275543e-08	0.0041841912708785	2.62854103995e-08	1.7507456591295832e-05	6.909227998701426e-16	0.0	0.0
58.63673979370149	-0.1006813712928931	3438.267253634256	0.0101367385254174	65.23724958231864	-0.0859235507637237	0.0073828565758462	4255.898733065734	58.809090088882336	0.0150243175962927	3458.5090770822785	0.0002257301192342	62.435184248815744	51.26279465232418	0.954095	30.468828	0.0236040047664281	0.0153823666113262	-0.0337304475	0.0105988184	0.0031502797	-0.0798418458	0.0573863627	-0.0186745878	-0.0562667418	0.0242607604	0.0399575312	0.0870882797	0.0180349836	-0.0500578033	-0.0018314502	0.12508571	0.1137092272	0.0552096486	0.0634240461	0.1079846346	0.018521475	0.1051529805	0.0093968203	0.0358580758	-0.0177612928	0.0233567971	-0.0272877626	0.174719191	0.0382571097	-0.1209404245	0.0340723816	-0.1343504985	0.1058098703	0.1811600261	-0.0192711373	0.0002786986	-0.011824629	0.0435121572	0.0515884118	-0.0506520382	-0.0639753117	-0.013120248	0.0619078006	-0.0180642115	-0.0302978764	-0.0197526351	0.0280747033	0.0099876473	0.0484020504	0.0943540854	-0.0243860344	-0.0913476881	0.0017415815	-0.1337147055	-0.0214738546	-0.0195199207	-0.0239914683	-0.0717059413	0.1005469956	0.0591649621	0.02817007	0.0301239363	-0.0348642787	-0.0544812025	-0.0663890994	-0.0340379953	-0.1659255463	-0.1082262305	-0.0638101699	-0.0375302176	-0.0410505039	0.0691359756	-0.0202265465	0.0208578545	-0.0116714833	0.0469650575	-0.0241851484	0.0032187225	-0.0156665577	-0.0307483709	0.086376791	-0.1816319193	-0.1585078642	-0.0551914923	0.1192769916	0.0303845131	0.0288729689	0.0304350085	0.0825056157	-0.0353938107	0.0902581215	0.0578332792	-0.0509714996	0.0467522663	-0.095539283	0.0263628881	0.0423600842	-0.0449695522	0.1406441431	0.0337985955	0.1356934706	-0.1277630517	-0.0644735735	-0.0327564263	0.063793466	-0.011749784	0.0234066422	0.0002422219	-0.0428478785	0.0604159717	-0.0409116037	-0.0307060273	-0.0454083368	0.0985698123	-0.0034270383	-0.1003614885	0.0459619595	-0.0320820614	0.140065231	-0.0111702789	0.0336871377	-0.034592441	0.0370751774	0.0521816879	-0.007470082	0.0315235156	-0.0806036005	-0.0659400332	-0.0840229174	-0.0483431307	-0.0024416066	-0.0407158927	0.0061136974	-0.0642188392	-0.0428627368	-0.1106744456	-0.0466568035	0.0138151779	0.0363114496	-0.0866464256	-0.1523634166	0.0236882364	-0.0337453771	-0.0853409455	0.0528343247	-0.0322139398	0.0479812887	0.1920445174	0.1361422656	0.1206111591	-0.0635840746	0.003872622	0.1021664603	-0.0200977014	-0.0314000936	-0.0390861461	-0.0623175211	0.0107028237	0.0581608624	0.0984168439	-0.0593516914	-0.0658545785	0.0910227866	0.057217847	-0.0830223984	-0.0348407584	0.0340100902	0.0609588963	0.019479815	0.1538460226	-0.0178552772	0.0678988284	-0.0856131055	0.0577047068	0.0056880084	-0.0108314767	0.0835625961	-0.0076110318	0.003146654	-0.0608904923	-0.0382230825	-0.0008057736	-0.0158980898	0.088020283	0.0330880181	-0.0362532498	-0.0647677555	-0.0385927964	0.0394569915	0.0871417464	0.0029512341	-0.0374271607	0.086675583	0.1444778421	0.0438658838	-0.0378955958	0.0009809527	0.0496779571	-0.075427334	-0.015222309	0.1136410336	-0.0427148457	-0.0715740957	0.1003994225	-0.0093420254	0.0	0.0	0.1478919921068353	-0.0001844386378309	0.0218720413293282	3.401761112492092e-08	0.0888080720964694	0.0020485228354943	4.196445807541646e-06	0.0078868736694917	-0.1901565944070071	0.0067954829016229	4.6178587866250414e-05	0.036159530396471	-0.0010252673003015	4.6012582470099936e-05	1.0511730370675264e-06	2.1171577455677478e-09	-0.0017871540373419	-0.0002454054842578	3.193919553187453e-06	6.022385170380535e-08	0.0041840981297768	-9.314110169938995e-08	1.750667715960172e-05	8.675264825776099e-15	0.0	0.0
58.55873179152076	-0.0780080021807236	3429.1250690312645	0.0060852484042277	65.20672960301366	-0.0305199793049837	0.0009314691367766	4251.917585520538	58.756418749359895	-0.0526713395224405	3452.316744250131	0.0027742700070882	62.390961110093386	50.8696192277895	0.922954	29.47435	0.0369311029445127	0.022181852314354	-0.0166488003	-0.0598549255	-0.0538864756	-0.1102777953	0.0030143388	0.0683310536	-0.0533774382	0.039116835	-0.0343104413	0.0670080371	0.0957746191	-0.181115646	0.0196192389	-0.0143479984	0.1056074142	0.0392467973	0.0954627647	0.0465680117	0.1031167853	0.0764924822	0.1345640544	0.0259714075	-0.1772395871	-0.05988836	-0.0322143099	0.124283764	-0.0363206831	-0.0422845465	-0.1940101423	-0.0984272863	-0.0222730536	-0.0437076363	-0.0803138719	0.0456733663	-0.0026119967	0.0218270556	-0.0736496817	0.0080367604	-0.0418469936	0.0067146514	-0.01536294	0.0063082052	-0.0639694097	0.0908179305	0.0806122599	-0.003643221	-0.0364855031	-0.0602597073	-0.0427716307	-0.0186401959	0.0025952527	0.0296115724	0.0768595587	-0.0855750816	-0.0487329585	0.0075187281	0.043489644	0.0492450866	0.0265980167	0.1428136483	-0.1588081503	-0.0358002318	0.016345559	-0.0635970733	-0.1842113031	-0.0229436822	-0.0288601381	0.0208481691	-0.0156179381	0.0630319851	-0.1149662062	0.0186494371	0.0961563846	-0.1390379686	-0.0166176292	-0.0682515549	0.1305431983	0.0484131714	-0.0487157357	-0.0345523847	-0.049747134	0.0380493185	0.1140459481	0.065587804	-0.1076965773	0.0638853209	-0.0072246563	-0.1890553897	-0.1380347865	0.04049001	0.1944039078	0.0336835467	-0.0222851559	0.0642991098	-0.0379123036	0.1186508859	-0.0276937428	0.0039653032	0.0797039422	0.0794921157	-0.0498702065	-0.0517663175	0.0039716451	-0.0535573596	0.1970124839	0.0196451996	-0.0272902369	0.0469154253	-0.0616011123	-0.0898171646	-0.0841817164	0.0707528947	-0.0071534137	-0.0759248274	-0.0380916921	0.0344045127	0.1720004674	-0.0638834275	0.0122837069	-0.0358665518	-0.0228271695	0.1044580403	0.1291805538	0.0810629322	0.0172785044	0.00695078	-0.0553455747	-0.0385228776	0.0885310842	0.0631916045	-0.1012751996	0.0006132318	0.0395081624	0.0202919075	0.0208954042	0.020112655	-0.0547607241	-0.0495402161	-0.1897852719	-0.0612468506	0.002426216	-0.0212045585	0.0305329599	-0.0802140277	-0.0737149946	-0.070309669	-0.0595899183	0.0960900905	0.0087820446	0.0202657057	0.0884638663	-0.0250828634	-0.0341520067	-0.1421372132	-0.0233253912	0.0672279185	0.1293504102	-0.045115575	-0.0158419595	-0.1410719986	-0.0403707334	-0.0722678751	0.0796752587	0.0183451972	-0.0740008983	0.071052543	-0.0143922344	-0.0702945711	-0.0118567685	-0.0877772631	-0.0444505692	0.0347818326	-0.014587792	-0.1600282563	0.0740410889	0.009064797	0.0065645696	-0.0511990584	0.0214518042	0.0087626197	-0.0433813156	0.0609739342	0.0844006393	0.0185257499	0.0129129055	0.0554408091	-0.0689554042	0.0207530669	0.0119492228	0.002042395	0.014718521	0.0589129635	0.0967784525	-0.0726522644	0.031920222	0.0101245162	-0.0561632949	-0.0437573063	0.040977693	-0.0444203137	-0.068770199	0.1020580481	-0.0167667741	0.0	0.0	0.1479830643838084	9.107227697310873e-05	0.0218989873444223	8.294159633066627e-09	0.1028766510318064	0.014068578935337	0.0001979249132598	0.01058360532752	-0.1940092492599348	-0.0038526548529276	1.4842949415787232e-05	0.0376395887984035	-0.0007590307856024	0.0002662365146991	5.761277334921965e-07	7.088188175912414e-08	-0.0018990969961802	-0.0001119429588383	3.606569400900659e-06	1.2531226033473345e-08	0.0041842945938249	1.9646404809947613e-07	1.7508321247912284e-05	3.859812219563328e-14	0.0	0.0
58.585171818217695	0.0264400266969317	3432.2223569700886	0.0006990750117344	65.24987471678472	0.043145113771061	0.0018615008423177	4257.546150556102	58.74107036844138	-0.0153483809185175	3450.513348030181	0.0002355727968199	62.41165426104513	50.95177293435121	0.919727	29.371281	0.0944636447783339	0.0407807974654532	-0.0070463394	-0.1094436971	-0.0346622578	-0.0561881595	-0.0434838331	0.0658494252	0.0620300273	0.0454130037	-0.0574885134	0.0653976959	0.0129567487	-0.1179363096	-0.0312758766	0.0757781956	0.0196846633	0.1597820749	0.0698399274	-0.0477810972	0.1041641133	-0.0498672711	-0.024230835	0.0668398262	0.1186619737	0.0065059386	-0.0074647871	0.0196705231	-0.0471584573	0.0237054114	-0.0476278096	-0.0903498533	-0.0087625663	-0.0471395084	0.0087938179	0.0436453616	0.0912088276	-0.0763557777	0.0797518624	-0.057161288	0.0135959457	0.0171283066	-0.1706899187	-0.074204164	0.0501734001	-0.0955552114	0.0417306443	0.0039568257	-0.2147445199	0.0030117903	-0.1663334027	-0.0619184575	-0.0336362529	-0.017049668	0.0310587113	-0.0984751006	0.0500766128	0.0961996088	0.0347972726	0.0387249793	0.0489722653	0.0457226943	0.0313844006	0.0441767993	0.0089363873	-0.1604973953	-0.1264185166	-0.0857818173	0.0380290453	-0.0190096216	0.0258127811	0.0342859105	-0.1134321384	-0.0306285701	0.0252093079	0.0077126421	0.0071910129	-0.0877983852	-0.0270480856	-0.0945724737	-0.0158149218	0.0849796071	0.0674791161	0.0176874927	0.0532649741	0.0499515184	0.021235987	-0.0856016692	0.0338393754	-0.0122285802	-0.1366965426	0.039672084	-0.0932127566	0.2112520647	-0.0262104663	0.1245621308	0.0216607837	-0.0642123317	-0.1518603657	0.0849992673	0.0307892	0.0419982421	-0.170243636	0.0592027128	0.0274821852	-0.0376277869	-0.1195339897	0.0168573467	0.0108020598	0.0143897755	-0.0146516945	-0.0782118152	-0.1771500775	0.0346312394	0.0283031726	-0.0838721294	-0.0417055705	0.1089695686	0.0700802722	-0.1711418102	-0.0448995421	0.0277214474	0.1242735978	0.1100766043	0.125702227	0.0343868488	0.0410091057	-0.0261780178	-0.0134812581	-0.052486863	0.0528961872	-0.0099330801	-0.0307365112	0.0983262385	0.0059011734	0.0843730481	0.0931191233	0.0719818425	-0.0160047506	-0.1546261186	0.097428059	0.0544348733	-0.0263808198	0.0916357384	-0.0139984209	-0.0300181183	0.0156547578	-0.0329210626	-0.0474945506	0.01735532	-0.0545873979	-0.0570731454	0.0248788214	-0.0750832743	0.0395681419	0.0237633022	0.0042041174	0.116752881	0.0400743263	0.0436811627	0.0407994204	0.0182039281	0.0321267901	0.0447201383	-0.0825352485	-0.1056331401	0.07571916	-0.0276320048	-0.170789039	0.0373506465	0.1009349809	-0.0650034355	0.0645086456	0.0749592264	0.0513427963	-0.18811328	-0.008951665	0.0357098879	-0.0379907937	0.0400887296	0.0683273432	0.0306866344	0.0283002127	0.0442255672	0.0690155096	0.017535773	0.058698993	0.0578988608	-0.0733077342	-0.0210749415	-0.0408280975	-0.0124492792	-0.0258838176	0.0501030574	0.0598865497	0.0055116251	-0.0582213639	0.0409476433	-0.020739097	-0.0378590023	0.1136126468	-0.046111945	-0.0658806233	0.1034306197	-0.0241079916	0.0	0.0	0.127687091951941	-0.0202959724318674	0.0163039934511434	0.0004119264969551	0.0919713880319079	-0.0109052629998985	0.0001189247610969	0.0084587362165157	-0.2015680149760328	-0.007558765716098	5.713493915085865e-05	0.0406296646613781	-0.0004941486412236	0.0002648821443788	2.4418287962313013e-07	7.016255041071148e-08	-0.0023189372964063	-0.0004198403002261	5.377470184664161e-06	1.762658776939419e-07	0.0037549441658204	-0.0004293504280044	1.409960568842866e-05	1.8434179002764705e-07	0.0	0.0
58.70426961222752	0.119097794009825	3446.1912707051	0.0141842845380067	65.45475853014293	0.204883813358208	0.041977376976201	4284.325414239318	58.74900539234787	0.0079350239064908	3451.445634590119	6.296460439658072e-05	62.51143166916511	50.83663197094466	0.954347	30.476885	0.0373875528544358	0.0210410271358642	-0.0295087061	-0.0630573005	0.0491310513	-0.0963440706	-0.0547627824	0.0826783057	0.0193088931	-0.0028803449	-0.0346765429	0.0893055834	-0.0195986887	-0.1215359616	0.0022227966	0.0402277442	-0.1170261428	0.1284395726	-0.06180303	0.0766942429	-0.0740520189	-0.0607067683	0.0854700718	0.0941078011	-0.078183581	0.0296105516	-0.0355627445	-0.1245053268	-0.09405835	0.0517219568	-0.0579771965	-0.0653392113	0.0228030823	0.0336294128	-0.0514942883	0.0597452419	-0.0734215973	0.0961520295	-0.0597524602	-0.0002924238	0.0094667789	-0.0431604891	0.0742736136	0.1830192418	0.0139593783	0.0210894772	0.0565982321	-0.0111092738	-0.0607421687	0.1019405074	-0.1352656966	0.0187658665	0.0960906215	0.0376464738	0.0874762772	-0.0657886087	-0.0471588634	0.0294895748	-0.0146277632	-0.0371707162	0.0960915874	-0.0479810237	0.1075484843	-0.0372701361	-0.0001263556	0.184397873	0.0769635586	-0.1000843378	-0.0357140132	0.0214306072	-0.1325764132	0.0167911649	-0.053086849	0.0423037639	0.0481323405	0.1390625802	-0.0109247721	0.0131052491	-0.0575764444	0.116948222	-0.031641049	0.010842488	-0.1120387799	-0.0475628475	-0.0056166451	-0.0392433447	-0.1729520149	-0.0385565332	-0.0477658923	-0.0334502887	-0.0416145812	-0.0519400073	-0.061854168	-0.002311645	0.0756835635	0.0489500535	-0.0847619593	0.0407250135	-0.0303670018	-0.1524683676	-0.0263907435	-0.0016698643	0.0589853666	-0.1276744022	-0.0015637551	-0.1385192494	0.1075545653	-0.0362956747	0.0275835235	0.1058483557	-0.0467756046	-0.0877354682	-0.1690804057	0.0553597875	0.0493468673	0.0192113085	-0.0743055407	0.1011598019	0.0207090254	-0.1235401306	0.0085272044	0.0584828567	0.083489451	0.1158349605	-0.0381937477	-0.04719543	-0.0218318506	-0.0607437574	-0.009694054	0.0202217279	-0.0799874184	0.0264796063	0.0718941788	0.0003940711	-0.0644299125	0.0958954596	0.0094374477	0.1190147923	0.0475617157	-0.0634636971	-0.03254553	-0.1188944086	0.0648942661	0.0765780474	0.0443712641	-0.0021551044	0.0210439522	-0.0847560549	-0.0200078505	0.0062744705	-0.0109268347	-0.0652728464	0.0438692132	0.0023291205	0.0299411696	-0.0115607039	-0.0929098547	-0.1232079271	0.0098786986	0.1138024391	-0.0006736007	0.0233604701	0.0788454225	-0.0611954536	-0.0055029489	-0.0191130192	-0.096566693	-0.1252926969	0.0823041536	-0.1403557823	-0.0582511663	-0.0793609087	0.0786079163	0.0290466035	-0.0238714502	0.0097854189	-0.1187439726	0.0459158087	-0.0863764766	0.0532899005	-0.0174149366	0.1393315397	0.0736242955	0.11223217	0.08837709	-0.0557384994	0.0533568628	0.0528029186	0.0306687396	-0.0254832883	0.02723346	0.1079627866	-0.0357595859	-0.0852700459	0.0697688544	-0.0543863692	0.0292199847	-0.0369947129	0.121007464	-0.004872931	-0.0038318206	-0.0477892128	-0.0629089685	0.1045132902	-0.0313291043	0.0	0.0	0.1463727334734699	0.0186856415215289	0.0214249771044954	0.000349153199071	0.1015800093479555	0.0096086213160476	9.232560359520436e-05	0.0103184982991307	-0.2015580062066035	1.0008769429303843e-05	1.0017546548896716e-10	0.0406256298659812	-0.0005468795533559	-5.2730912132299993e-05	2.990772458787487e-07	2.780549094304343e-09	-0.0022040317633791	0.0001149055330272	4.8577560139839845e-06	1.3203281520265016e-08	0.0037409149860313	-1.4029179789099878e-05	1.3994444932713562e-05	1.9681788555488848e-10	0.0	0.0
58.80076568052477	0.0964960682972488	3457.5300446159795	0.0093114911968273	65.63596844623174	0.1812099160888181	0.0328370336889164	4308.080353874729	58.82575383038429	0.0767484380364251	3460.4693137129725	0.0058903227410309	62.59583662483609	51.03898606822763	0.927919	29.632895	0.0262920656921038	0.0175673629348425	-0.0457339592	-0.12280166	0.0393135702	-0.0810233035	-0.0275624553	0.0726827515	-0.0181328212	-0.0326277577	-0.063112463	0.0459749031	-0.0167567871	-0.0514669834	0.0430527252	0.0462399747	-0.0559015474	-0.0013311763	0.0471234709	0.0259631294	-0.0907631316	0.0788947476	-0.0509855303	0.0637448683	-0.0804545607	0.0465901338	-0.1189556296	-0.1352230958	-0.0767291473	-0.0797714173	0.0102929632	-0.0539687919	0.0243883569	-0.0743169675	0.1299105701	0.026075267	-0.0340033736	-0.059415289	-0.0571671219	-0.0502791921	0.2010639215	0.1161515581	0.0090347675	-0.0637295715	0.0532055663	-0.0633233745	0.0535140299	-0.0964401802	0.0156923879	-0.0242718234	-0.0174890426	0.0373804437	0.1813992294	-0.0011341081	-0.0116309516	0.0701211155	0.0377980482	-0.0173349892	0.1134032535	0.012085576	0.0453770319	-0.1134389815	-0.0729726946	-0.0169289427	-0.0527273037	-0.1346866524	0.0324964822	0.0354351428	0.0434351761	-0.062668562	0.0952960011	0.0661337976	0.0786803217	0.0008459524	-0.1827291743	-0.0717813119	-0.0812661794	0.0747533904	-0.0395240635	-0.0005691925	-0.1100128443	-0.0205428809	-0.1381845917	0.1950999616	-0.0897183413	-0.0707655856	-0.0245736341	0.1588742336	-0.0170202042	0.0456973389	-0.050614931	0.0608174735	-0.1703367872	0.0292209533	0.0392433992	-0.0214482842	-0.0883772478	-0.0971786229	-0.0135895941	0.006801952	0.0906387722	0.0698434104	0.0549082579	0.003525531	0.0648671284	-0.085994002	-0.0407758699	-0.0583184927	0.060172865	0.0517658444	-0.0204695293	-0.0579951235	-0.1230679895	-0.0182297577	0.0761206085	0.0170950936	-0.0688359142	0.0721742903	-0.0422363568	-0.107427595	0.0469869879	0.0935303341	0.0398853773	0.0992614744	0.0119418566	-0.0614994912	0.0472734807	0.0517625851	0.0885974636	0.0576299556	0.0028156777	-0.0549407827	-0.0776265268	-0.1073771829	-0.1507090935	0.0548914423	-0.0582244733	-0.0073243282	0.0725028161	-0.1660800932	0.1263287831	-0.0292495986	-0.0724870211	-0.0384943064	0.020371268	-0.0009448671	0.0734075511	0.0036355606	-0.0034980562	-0.1367791718	0.0251605347	-0.0658106069	-0.0434317488	0.0272924463	-0.0384598184	-0.0312621407	0.0477032428	0.0191199507	0.007725221	0.0470318388	0.0272353657	-0.0339129578	0.1666388525	-0.0126558548	0.0207081045	-0.0005078376	0.0800159446	0.2266849464	0.0930712255	-0.0484370228	-0.0298096666	-0.0431381461	-0.0231630637	-0.0926902835	-0.1088249627	-0.0186435621	-0.0407709895	0.0269120025	-0.1123967408	0.0723692513	-0.0225638186	0.0961214321	0.0788450644	0.025827326	0.0318661216	-0.0659251279	0.0478819672	0.1063565087	-0.0139226451	0.0928074016	0.0728980475	0.0742695156	0.0580347502	0.0417772641	0.0026795062	-0.0463495713	-0.00562299	-0.0018673933	-0.0445485937	0.0181664845	0.0693003077	-0.0494515946	-0.059858937	0.105303025	-0.038394137	0.0	0.0	0.1459525884335875	-0.0004201450398824	0.0213021580704641	1.765218545377949e-07	0.086439024423214	-0.0151409849247415	0.0002292494244912	0.0074717049432369	-0.2015067035774436	5.130262915989392e-05	2.6319597587175973e-09	0.0406049515866477	-0.0006301822939957	-8.330274063980008e-05	3.9712972366568294e-07	6.9393465981018014e-09	-0.0023191883910835	-0.0001151566277044	5.378634793336474e-06	1.3261048904249812e-08	0.0037257816924091	-1.5133293622199978e-05	1.388144921949082e-05	2.2901657585571852e-10	0.0	0.0
58.86189225072116	0.061126570196393	3464.722359335508	0.0037364575839745	65.69156588748316	0.0555974412514217	0.0030910754737052	4315.3818287495415	58.819475179584906	-0.0062786507993877	3459.730660401805	3.942145586065205e-05	62.63588049652543	51.77121591102549	0.933144	29.799772	0.0980448233001402	0.0474561587640847	-0.0620772649	-0.098935155	0.0356707585	0.0079076722	-0.067458648	0.0057920991	0.0702565588	-0.0553404743	-0.0714527377	-0.0240835864	0.0634043321	-0.0481572346	0.0572037984	0.0515526629	-0.1209552082	0.1445365528	0.1224646099	-0.005538962	-0.0453064519	-0.0782188291	0.1465245234	0.0985637194	0.0130584333	0.0343899251	-0.0829023722	-0.1266020896	-0.1010867564	-0.1253556109	-0.0714312046	0.0517551818	0.0666752221	0.0021946064	0.1366813565	-0.0239158805	0.0296110521	0.156147865	0.109000032	-0.0384220667	0.0050174114	0.0357298476	-0.0110114457	0.0697949188	-0.0010148403	0.0400198095	0.0255859581	-0.0630749796	0.0175480904	0.0047700784	-0.0457669459	-0.1196872659	-0.0195782548	0.2002750081	-0.0094043158	0.0127903843	-0.1229568153	0.0070861841	-0.0877271209	-0.0611053666	0.0234472419	-0.104091955	0.0341915877	0.0065588501	-0.0702856861	0.1135041393	0.036822196	-0.0097425916	-0.031152018	-0.1020755538	0.0298490816	0.0351452153	-0.0403016342	-0.0487586418	-0.0556376899	0.0786975969	-0.0120372247	0.0349066952	0.0360323936	-0.06295141	-0.0137213524	-0.0182079309	0.0156058521	0.0310668388	-0.0071293531	0.1149216681	-0.0636975674	0.1422544585	0.0664433515	0.0215124466	0.0059633662	0.1325629017	-0.0165103439	-0.007841981	-0.0627138071	0.0931514928	0.0585589163	0.0208125419	0.1444416576	-0.0223479838	-0.1426751621	0.002102476	-0.0916321795	0.0168926937	-0.1421326003	0.0829154952	-0.0375097472	-0.0668255376	0.0488679242	-0.0062022141	-0.0041001792	-0.0505253952	-0.0665661407	-0.0808179318	0.0771354789	-0.0031066967	-0.0311933975	-0.0148005603	0.0718697072	-0.0016547004	0.0360142954	0.0351807001	0.0422530284	0.0545770335	0.018365872	-0.0110756088	0.0624060894	-0.041461908	0.0336762661	-0.0239390296	0.0495754757	-0.0332754644	-0.0884586275	0.0268310209	-0.1117727268	0.0117829255	-0.0656523687	-0.1058122822	-0.1105034931	-0.1017261214	0.0589091166	0.0031058518	0.0914412242	0.1045893219	-0.0130889536	0.0455093691	0.0275038547	0.0342869493	0.0814495554	0.021112121	0.0321558564	-0.0005659302	0.0451227776	-0.116948308	0.0492540242	0.1050491862	0.0116122927	-0.0133174461	0.0206786099	0.0770304474	0.0089567027	-0.0960554578	0.0243971482	-0.1897683152	-0.0492689034	-0.0363320327	-0.0431039916	0.0142485659	0.0996777606	-0.1290646114	-0.0634049933	0.0122465962	-0.0091955262	0.1041253247	0.0032390519	0.0770264597	0.1022331452	0.0004661519	-0.0849559627	-0.0582615878	0.0468516668	-0.0156055392	-0.0094004338	-0.0164802351	0.0303343496	0.0833339243	0.0691274559	0.1287184233	0.0094561151	0.0302158175	0.0186049776	0.0166079708	-0.0012543335	0.1499764448	-0.0364539977	-0.0278150573	0.1175717984	0.0583843409	-0.0176664319	-0.1105036252	-0.0103254804	-0.0510985726	-0.0567343287	0.1057976105	-0.045267892	0.0	0.0	0.1631123231808544	0.0171597347472668	0.0266056299734554	0.0002944564965965	0.09435506921713	0.007916044793916	6.26637651792846e-05	0.0089028790869693	-0.2010454547759863	0.0004612488014573	2.1275045684580926e-07	0.0404192748860831	-0.0012803722541848	-0.0006501899601891	1.6393531092862662e-06	4.227469843307035e-07	-0.0019766923017259	0.0003424960893576	3.907312455702436e-06	1.1730357122524926e-07	0.0041832515420124	0.0004574698496032	1.7499593463749124e-05	2.092786632960658e-07	0.0	0.0
58.954544592830665	0.0926523421095026	3475.63832814806	0.0085844564983763	65.96615705550091	0.2745911680177499	0.0754003095533522	4351.533876671013	58.83627912388947	0.0168039443045628	3461.7077411442315	0.0002823725441908	62.684135414154966	51.41131136404884	0.915448	29.234644	0.0592535187618854	0.0315231639302541	-0.0772386342	-0.0957927041	0.0537425093	-0.0193315594	-0.0761781012	0.045739914	0.1357623455	-0.0907893044	-0.1060678763	-0.0518649901	-0.0264598425	-0.0477081063	-0.0376202359	0.0030665567	-0.0216777311	-0.0050150038	0.0360906095	-0.1159658511	0.0804561352	-0.0337865364	-0.0527437253	0.0240788871	0.0284518698	0.0344961058	-0.0626610528	-0.0415263086	0.0237488351	-0.1518019902	-0.0631653251	-0.0437043133	0.0329529368	-0.0045497646	0.1813308176	0.1888218222	-0.0478454961	-0.0180339619	0.1057389315	0.0913026218	0.0916287444	-0.1070415436	0.080345835	0.0467964275	-0.0114011008	-0.0124131702	0.0788837201	-0.0987489736	0.0859271055	-0.0655270061	-0.0432823289	-0.0007102686	-0.0718301553	0.0303331693	-0.0106342359	-0.0203657065	0.0408183619	0.1295332894	-0.0303187479	-0.0219893304	0.0149810872	0.0291523316	-0.0044956249	0.2359242732	0.0361751468	0.0909793754	-0.0622605844	-0.0958343788	0.0146836592	-0.0670088183	0.0284737167	-0.0350490549	0.0958912495	-0.0129622112	0.0186170696	-0.0633679067	0.088419527	0.0504285436	0.0133006638	-0.0987051319	-0.0586716706	0.0777149156	-0.0029743686	0.0523530091	-0.1485336451	0.1383246723	-0.0165710222	0.145866417	-0.0254939647	0.0536588509	0.0917339492	0.1130489922	0.0097690824	0.0446013379	0.0019297997	-0.0880061565	-0.0607925151	0.0348036058	-0.0644858083	-0.0386377503	0.0483912747	0.0126979434	0.0775767216	0.0296210914	0.0056036561	0.0562109417	0.0120339264	-0.0880611343	0.0766448039	0.0078670715	0.0144407899	-0.07502813	-0.0568956617	-0.0621051792	0.0317566073	-0.0136298465	-0.0224295785	-0.034715942	0.0491605875	0.0041232383	-0.0314621756	0.0040099707	-0.021025543	-0.0279000238	0.0190146033	0.0374124389	-0.0521571722	0.0617330409	-0.0559147671	-0.0200138856	0.0590405766	-0.0369495466	0.0126502655	0.0650657265	-0.0150722867	0.083736721	-0.0318897974	-0.1148590914	-0.0103608014	0.0229330928	0.0943522611	0.1552035448	0.1547272558	0.0859787675	-0.0046009555	-0.0714967878	-0.0207288186	0.1191012198	-0.0132160889	-0.0501084104	-0.038989819	-0.1255679748	0.0661525838	-0.0757690725	-0.015756914	0.066920801	0.0249231207	-0.0301229455	-0.1448927999	-0.0558690359	-0.0695356514	-0.0972266799	-0.0208700549	0.1112467921	0.1090705947	-0.011197921	0.0273148319	-0.0726368131	-0.051942576	0.0262467057	0.0132359682	-0.1591189748	-0.0313545769	-0.0953481131	-0.1048984934	0.0600872342	0.0291556228	0.0019342719	-0.1214843053	-0.0229178361	0.1238057965	-0.0005284119	-0.0091265699	0.0035446915	0.0089540501	0.0537296254	0.0846530606	0.0543320624	0.0407750179	-0.0685924772	-0.0336017683	-0.0045436552	0.0615608218	0.1062028601	0.006943736	-0.0015624825	0.0111263596	0.0912276239	-0.0913148394	-0.0228953002	-0.0144288641	-0.0527296337	-0.0535390365	0.1059956606	-0.0519161246	0.0	0.0	0.1401373010769617	-0.0229750221038926	0.019638463153135	0.0005278516406743	0.0869722710925628	-0.0073827981245672	5.4505708148112965e-05	0.0075641759389982	-0.1854471862178357	0.0155982685581505	0.0002433059820121	0.0343906588761126	-0.0012321005660988	4.8271688085999975e-05	1.5180718049809835e-06	2.330155870672072e-09	-0.0019619609947716	1.4731306954299684e-05	3.849290945005167e-06	2.1701140458179823e-10	0.0039803059375472	-0.0002029456044651	1.5842835356473497e-05	4.1186918371745255e-08	0.0	0.0
58.947368046459786	-0.0071765463708786	3474.792199604788	5.150281781337097e-05	65.82414068865826	-0.1420163668426539	0.0201686484511872	4332.817497400276	58.879389158556	0.0431100346665331	3466.782467684682	0.0018584750889496	62.65929596003872	51.95480797813211	0.953094	30.436859	0.0604886688930774	0.0353914546272442	-0.0692167882	-0.1269347075	0.0397572683	0.0193104291	-0.0257429103	0.0465916873	0.0081820508	-0.062503252	-0.0801469201	-0.0265039231	-0.0102637996	-0.0293956822	0.0649836732	0.123091209	0.0002793284	0.0601532493	0.0637016526	0.0183561807	0.0132760486	0.0481816027	-0.141233079	-0.0960616129	-0.0531277733	0.0492455098	-0.0183734378	0.0974932791	-0.0161918411	0.1797204705	0.035894348	-0.2080006871	0.0211442138	0.0998156614	0.0073552113	-0.0105789906	0.0641296219	0.1565912932	-0.1131682648	0.0644144398	0.0579775959	-0.0492598973	-0.0025507327	0.0717680925	-0.0612849854	0.0135127544	-0.0008228236	-0.0315289786	-0.0440825612	0.028092942	-0.0350292287	0.0151334508	0.0395512937	0.0113520555	-0.0530050655	-0.0355373487	0.0898259761	-0.0663475142	-0.0987841541	0.0399216742	-0.0551082298	-0.0759382171	-0.0532611373	0.112431831	0.0155663337	0.0604943805	0.0805673064	0.0360075898	-0.0268827079	0.0609768651	-0.0802035239	-0.0904648534	-0.0916759007	0.1084073358	-0.0938855102	-0.036283466	0.0566403256	0.1085461795	0.069397756	-0.0017404865	0.1414459086	0.0014693826	0.0552808455	-0.0825743826	-0.0517367357	0.001802462	0.0290664072	0.0562137154	0.1155531364	-0.1446963572	-0.0342767883	-0.0992518283	0.1084261186	0.0919145267	-0.0320726206	-0.1526492229	-0.0148701074	-0.0054986243	-0.0604527947	0.0052224629	-0.0860140515	-0.0642198344	-0.0061974079	0.0181578935	0.0069016137	-0.0095565336	-0.121243114	-0.0684368905	0.0818145652	-0.0103118649	0.037229279	-0.0715136261	-0.0716144343	0.0050575748	0.063203253	0.0377399489	0.0675770008	-0.0895987081	0.0067433521	-0.0558839111	-0.0299147735	0.0912903766	-0.13195632	-0.0431576042	0.0299254074	0.1322366914	-0.0571815054	-0.018027986	-0.0714979669	0.0776924245	0.0481911216	-0.0246830281	0.0398153225	0.128466985	0.018968364	-0.0060843016	-0.0099825396	-0.0770347299	0.0391239377	-0.0177306951	0.0718379787	-0.0470844834	0.0412296485	0.023573208	-0.0426396742	0.0073408223	-0.158946049	0.0477607765	-0.0502850044	-0.0022985159	-0.0414738731	-0.0804947813	0.0435840437	0.0221322356	-0.0340874428	0.0753228633	0.1045834726	0.092860495	0.0317053493	-0.0738284369	-0.0037727635	-0.1304034646	0.0304311778	-0.083731317	0.0758371798	0.0364265714	-0.0137570776	-0.094425014	-0.0506792166	-0.0328071398	0.0272520805	0.0238170219	-0.0486977504	-0.0642852534	-0.1133858062	-0.0165114456	-0.0629612929	0.0063049379	-0.129133206	0.0202345976	-0.033802386	0.0114641581	0.1022545639	0.0217365087	0.0717707959	-0.0377343595	0.0610189898	0.0605782486	0.0816044164	0.0072629393	0.0211137841	0.0005605902	0.0679542645	0.0836801242	-0.0403144465	0.0635155813	0.0291283799	0.0436515483	0.1152785764	-0.0377954401	-0.0299654438	-0.0543442699	-0.0502770413	0.1058966202	-0.0583057138	0.0	0.0	0.1401733242755511	3.602319858939107e-05	0.0196485608384588	1.2976708366107066e-09	0.0868099432834554	-0.0001623278091073	2.6350317609607183e-08	0.0075359662528767	-0.180743932700615	0.0047032535172207	2.2120593647248897e-05	0.0326683692080844	-0.0008303421265882	0.0004017584395106	6.894680471870143e-07	1.6140984371799253e-07	-0.0024687557051255	-0.0005067947103538	6.094754731589705e-06	2.568408784426933e-07	0.0041834940750459	0.0002031881374986	1.7501622675944153e-05	4.1285419220190576e-08	0.0	0.0
58.97415058513403	0.0267825386742472	3477.9504372380648	0.0007173043778375	65.71058374880745	-0.1135569398508096	0.0128951785882803	4317.8808166090375	58.95006915138955	0.070679992833547	3475.1106529536096	0.0049956613869502	62.68738444158608	51.95123281998512	0.928651	29.656263	0.1756273345193918	0.111058929898178	-0.0445935848	-0.1389136995	0.0756226338	0.043054994	-0.036235676	0.0018021652	0.0466374716	-0.0448365891	-0.0368444877	-0.0585450548	-0.0634438092	-0.1283474487	0.1727022297	0.0478639166	-0.1240877238	-0.0686125329	-0.0604024273	0.0484227432	-0.0088076985	-0.0697325155	0.0666503833	-0.0843630636	0.1545158764	0.0061199633	0.0054275431	0.0259476256	0.1489462806	0.0014173287	0.0350768701	-0.026617282	0.0063187655	0.0212862548	-0.040290735	0.0090955159	-0.0661594382	-0.0474196937	-0.0130940252	-0.0377539459	-0.0316848103	0.1481614999	0.0019058247	-0.0232107227	-0.0923870699	-0.0022662243	-0.0681026287	-0.0314695408	-0.1492586483	-0.0311466573	0.0706535535	-0.0301377843	0.0558592313	0.0018341217	-0.1082247498	-0.0358561392	-0.1589530742	-0.008318883	-0.1318200093	0.0399358188	0.1221357891	-0.0481803838	0.0946136038	-0.0610090659	0.0088867141	0.0294005393	-0.1293248314	0.1431889546	-0.0193990838	-0.0300268943	0.0756691452	0.0177906127	0.0649998537	-0.0442958485	-0.0756631997	-0.1798058277	-0.0640939029	0.03112455	0.0764489751	-0.0744002076	-0.002762374	0.0369363967	-0.0167374055	0.0437631136	0.0513619104	-0.1162013777	0.0914553542	-0.0708472907	-0.0398874503	-0.0660296564	-0.052918565	-0.1123886394	-0.1406709198	0.0527163594	0.0079074156	-0.0368240096	-0.0620127178	0.0175674341	0.0225150513	-0.0522232335	-0.0693459379	-0.0679138034	0.0583808089	0.1757448954	0.019481503	-0.044465235	0.0830573838	-0.0548284541	0.1137911919	-0.0102667693	0.1387655936	-0.0692015793	0.0313446927	0.0629126229	-0.0108542875	0.064716302	0.0431111063	-0.0785429513	-0.0777787144	-0.0527442357	0.0292758957	0.051019001	-0.0199878861	-0.0501178042	-0.0197632072	0.0661852926	-0.0394142435	0.0005946049	0.2384393632	-0.0468163481	0.1132338982	0.0183205615	0.0695341075	0.0849302635	-0.0504079512	-0.0626294095	0.0385265734	0.0086591797	0.048047541	0.0562488855	0.0638436644	0.0227859936	-0.0769700834	-0.0670747873	-0.0692562688	-0.0569853057	-0.1536765284	0.0480533253	0.1566987845	-0.0289606322	-0.0160417985	-0.039061419	0.0690511547	0.0223262257	0.1306522985	-0.0613031725	-0.0502844888	-0.0341814764	-0.0310782079	-0.0478654875	0.071610981	0.0089361721	0.006360199	0.066639463	-0.1796228654	0.0008616112	-0.0379035119	0.0075822999	-0.0862328383	0.0146143687	0.0450338391	0.0037314527	0.1028574877	0.1532297314	0.113824908	-0.03308236	-0.0031326047	0.0253661263	-0.1217563983	0.0266736815	0.0742310664	-0.0617857266	-0.0025848963	-0.051316137	-0.0797332203	-0.2210072997	0.0207154583	-0.0104047488	0.152590127	0.0524691121	-0.0224377428	-0.0403929082	-0.0223452562	0.0102483146	0.0487353755	0.1236193945	0.14330471	-0.0520096469	0.0382230342	-0.0967388486	0.0666664401	-0.0559419782	-0.0469524072	0.1055007667	-0.0644048267	0.0	0.0	0.1283966903628766	-0.0117766339126745	0.0164857100961404	0.0001386891063131	0.0681688375635332	-0.0186411057199221	0.0003474908224613	0.0046469904147633	-0.1934342987831101	-0.0126903660824951	0.0001610453913077	0.0374168279457135	-0.0027548696388729	-0.0019245275122847	7.589306727183703e-06	3.703806145540736e-06	-0.0017452724289166	0.0007234832762089	3.0459758511364484e-06	5.234280509539637e-07	0.0041811202874535	-2.3737875924001103e-06	1.748176685815524e-05	5.634867533832713e-12	0.0	0.0
58.96905142543103	-0.0050991597030005	3477.3490260151298	2.6001429676704824e-05	65.95120700900159	0.2406232601941411	0.0578995533464573	4349.561705944181	58.90113835637644	-0.0489307950131063	3469.344099677	0.0023942227006146	62.71031441097476	51.568590424555445	1.00616	32.131519	0.0375442731120986	0.0217563524642446	-0.048025849	-0.1438378004	0.0736166582	-0.0313057806	0.0061345711	-0.0284707837	0.113375426	-0.0809612717	-0.0506630638	-0.0381870774	-0.0941442852	-0.0953209209	-0.1570190115	0.0043044725	-0.1650530729	-0.1038143238	-0.2178682533	-0.1060961942	0.0313717479	0.0967133091	-0.0072532901	-0.0335427568	0.0470486805	0.0262660414	-0.0702169425	0.0252735735	-0.0978920165	0.0849608883	-0.0034218319	0.1178549161	0.092389228	-0.0982528259	-0.0123260704	0.0745107974	-0.0021943359	-0.009268832	0.017528186	0.1009881518	0.048296277	-0.1559986584	-0.0279436907	0.0057202159	-0.0321243227	-0.0519790642	-0.0024417351	-0.103746259	-0.163541439	-0.0291644701	-0.1392702212	-0.0650160163	0.0553465346	0.0639208075	-0.1071827386	0.0493488652	-0.0081456907	-0.0183415239	-0.0906678204	0.0054358088	0.0102247874	0.080920296	-0.1047046208	-0.0582371774	-0.0205964625	0.0248607017	0.0877575966	0.0321303612	-0.0845955251	-0.1281234457	-0.0474112362	0.0273375969	0.0167123951	0.1229630799	0.1054661995	0.0901905077	0.1362713313	-0.079651161	-0.0272117319	-0.0637165093	0.0044640116	0.0042444501	0.0425540167	0.0907412682	-0.002196501	0.1198066557	0.2244092843	-0.1152425872	-0.0773054058	0.0537719499	0.1021460622	-0.0259955308	-0.0518991012	-0.0768981263	-0.1375126026	0.0186245026	0.009626563	0.0313221394	0.1047026577	-0.0146942912	-0.0290014571	-0.0555271266	-0.0144671528	-0.076018332	0.0148899152	-0.0353731908	-0.0391820603	-0.0653039451	0.1027791678	0.042967405	0.1232609546	-0.0742318079	0.0629455177	-0.1022871497	-0.0750085776	-0.0565478918	-0.0529424225	-0.0304331752	-0.0232065969	-0.1406480555	-0.0253784177	0.0264425258	0.0044215676	-0.0923317236	-0.2332569919	-0.0896828116	-0.0200158103	0.0923800214	0.0320376851	-0.2389363208	0.0302785766	0.1537222256	0.0556756308	0.0603774805	-0.129758268	-0.0760525245	-0.0450012331	0.0403826868	0.080270842	-0.0301354877	-0.0382305791	-0.0316785359	-0.1970309902	-0.0349763421	0.0566398309	0.0244686296	0.0272547613	-0.0816943813	-0.0157615881	0.0121204334	-0.0532233688	0.0447030062	-0.0172929991	-0.0277837666	-0.0434960338	-0.0283520047	0.077600808	-0.021050088	-0.1012460497	-0.0727200165	-0.0728086355	0.0620755127	-0.0433872006	-0.1201798653	0.027175539	0.0256946935	-0.0374825466	-0.1543058148	0.0138680434	0.03971714	0.0469088356	-0.0847348679	-0.0933430832	0.0582246919	0.0044845363	-0.0429195478	0.036241162	0.0150411239	-0.1266066309	-0.0027705842	0.2138253903	-0.0015014138	-0.0649040992	-0.0559815923	-0.1594817701	-0.0615283879	-0.0675557007	0.0830915595	0.1248929243	-0.2446856532	-0.0750621524	0.0114467378	0.1412481857	-0.0891650387	0.0532079632	0.0723155116	0.0708237062	0.0022986563	-0.0177175506	-0.0005539105	-0.0002608118	-0.057522261	-0.0435692762	0.1048092098	-0.0701830781	0.0	0.0	0.1359128690328646	0.0075161786699879	0.0184723079687446	5.649294179918249e-05	0.0683863605501358	0.0002175229866026	4.731624970051618e-08	0.0046766943092931	-0.1977393515513981	-0.0043050527682879	1.853347933774411e-05	0.0391008511519674	-0.0031351413452929	-0.0003802717064199	9.829111254964976e-06	1.4460657070357862e-07	-0.0016160636758351	0.0001292087530814	2.611661804353655e-06	1.6694901872876025e-08	0.0041804903732106	-6.299142429003896e-07	1.74764997605065e-05	3.96791953408771e-13	0.0	0.0
58.989667668090256	0.0206162426592229	3479.780891591733	0.0004250294613839	66.08209617982621	0.1308891708246164	0.0171319750391556	4366.8434355198015	58.91877872799489	0.0176403716184481	3471.422486798423	0.0003111827108369	62.72210989593939	51.768373368225454	0.963947	30.783442	0.2794340902481493	0.1478309437886358	-0.0826005168	-0.1388119154	0.0130551575	-0.0422991952	0.0817793262	0.0359599161	-0.0608530963	-0.1108078241	-0.0533441317	-0.0943535769	-0.115063587	-0.0523530579	-0.1502305895	0.0690488562	-0.0756978829	0.0711619767	-0.0801451814	-0.0174970067	0.1484526887	0.0866432745	0.0948081501	0.0828306491	-0.0144620756	-0.0345323757	0.051084515	-0.0655424756	-0.1127584209	-0.0681096416	0.0535114077	-0.0029599895	-0.0973857799	0.0671737212	0.0368645667	-0.1109563408	0.0523783948	0.0168716108	-0.0451861359	-0.0204122604	-0.0073093699	-0.0282665833	-0.0707579604	-0.0095653779	0.0409615057	-0.0932246362	-0.0120932572	-0.020320378	-0.0599880604	-0.0738248556	-0.0508385659	-0.0383709844	0.0249214097	0.1102644013	-0.0928675069	-0.1494407304	0.1152926196	-0.1260191867	-0.0265929138	-0.0542041905	0.013998389	-0.0341702033	-0.060320455	0.0742588647	0.0149469087	-0.0877208482	0.1024093153	-0.0314558296	0.0139102617	-0.0964318087	0.0257848072	0.083187123	0.0647233313	-0.1418352132	0.1450317905	-0.0737412909	0.0249331658	-0.022527388	-0.0305740502	-0.0215900031	0.0551997633	-0.0237999388	-0.0867380568	0.0156212634	0.0482336707	0.0396254981	-0.0934678767	0.0234160656	-0.0484868463	0.088168227	0.1596619322	-0.0245009538	0.0142380168	0.034782667	0.0675049655	-0.0380754893	-0.0367300203	-0.0181528775	-0.0437681994	-0.1166431042	0.0023231497	0.0918282244	0.0914178139	0.0435406778	-0.0188080992	-0.0549917787	0.0122430526	-0.0733933339	0.077232871	0.0919289676	0.1106804327	-0.0627930562	0.1076807796	-0.0981008691	0.0413710836	-0.1330101044	-0.0172575328	0.0339262768	-0.1003930627	-0.047528383	-0.1440931398	-0.0505909514	-0.0446841119	0.0011586062	-0.1494664124	-0.0932342227	-0.0372762666	-0.005183046	-0.1074160199	0.0382521966	0.0995862737	0.1057451765	0.0462553959	-0.0344967734	-0.0322872186	-0.0746644426	-0.0220806102	0.0047974392	-0.0941909522	0.0422801822	-0.1074422999	0.0094706785	-0.0894902683	0.031076173	-0.0164072546	-0.1431407749	0.0740869035	-0.0173372903	0.0024818954	0.0865048666	-0.0258820036	-0.0175067981	-0.0859099865	0.0234348529	1.15087e-05	0.0168694656	0.0579300943	-0.1446011965	-0.0073002572	0.1420091175	0.0168281153	0.0290239242	-0.0170414724	0.0743117312	0.0238099831	0.0167576397	0.023027721	0.0131504092	0.0656444476	-0.0535812	-0.091571492	-0.0023260928	-0.0033569767	0.0626150739	0.0821257865	-0.0573256353	-0.0518446943	0.0333744163	-0.1343340211	-0.11318455	0.0672893637	0.0296168165	-0.0108041254	0.0304669972	0.0132331922	0.029097018	-0.1128041199	0.0147359984	-0.0668269548	-0.0821693782	0.0350475293	0.0534789096	0.1741051243	0.0496935848	-0.0626880827	0.0657205811	0.1154531655	-0.0817363249	0.022132448	0.089262641	-0.0482964763	-0.059084626	-0.0401318633	0.1038238878	-0.0756116809	0.0	0.0	0.1473416607338578	0.0114287917009932	0.0217095649878112	0.0001306172797446	0.0876045769661288	0.019218216415993	0.0003693398422119	0.0076745619054143	-0.2389735576935763	-0.0412342061421782	0.0017002597561756	0.057108361276725	-0.0009381532934535	0.0021969880518394	8.80131602017649e-07	4.826756499925082e-06	-0.0027303712971011	-0.001114307621266	7.454927420033543e-06	1.2416814748114913e-06	0.0050202522198849	0.0008397618466742	2.520293235125926e-05	7.051999591298301e-07	0.0	0.0
58.9233571318898	-0.0663105362004543	3471.9620156922288	0.0043970872111917	66.05271750875988	-0.0293786710663255	0.0008631063136233	4362.961490292035	58.95979411915451	0.0410153911596182	3476.257322573086	0.0016822623119764	62.65676810345301	52.58086152718617	0.957007	30.561834	0.0701366011482887	0.0396213948467701	-0.0521639834	-0.164272792	-0.0358281459	0.031717787	0.1489636204	-0.0088504494	-0.1032097588	-0.1135584898	-0.0629944174	-0.144319242	-0.202145924	0.0420688709	-0.0745325981	0.0883939805	-0.0042209272	0.0398140542	-0.1625391173	-0.0094741537	0.112889257	-0.0954814227	0.0064883733	-0.0521733133	-0.0332655367	-0.0442252742	0.0683826708	-0.1151507976	-0.0391871805	-0.0258664031	0.0823322211	0.1723620049	0.021784691	0.033775093	-0.0636261174	0.0173793966	-0.0004298002	0.0638972522	-0.0557920073	-0.0603248126	-0.0444842541	0.0457397144	0.1330799373	-0.17448061	0.0446659709	0.029151308	-0.0769651729	-0.0813348072	-0.0730542779	-0.1606484667	-0.1142549667	0.1069024254	-0.0170578267	0.1099860616	-0.0527256298	-0.0220333276	0.1195922648	-0.0264639048	0.0535507823	-0.0419736338	0.0335137305	0.0196279955	-0.1777700072	-0.0408579876	-0.0905795784	-0.0174236962	0.0404090132	-0.0344599643	0.158160337	-0.0001538312	-0.0011876783	0.0706318841	-0.1831941207	-0.0803754397	-0.1127406903	-0.0813813933	0.0255353443	0.1366445554	-0.0435449077	-0.1209674475	0.0752840336	0.0895578095	0.0353666182	-0.0468870785	0.1332201495	0.0144777356	-0.0391020377	-0.0277226861	0.0226317826	-0.0992418128	-0.1750348276	-0.0193469391	-0.0516075246	-0.0930274844	0.0485543614	-0.0752344989	0.0882506465	0.0281334524	0.0876220075	-0.0303596283	-0.2084114742	0.025442884	-0.0399131424	-0.0207342208	-0.0856681745	0.0046787644	-0.0350162453	-0.04005397	0.0744417928	0.0123696422	0.1502389658	-0.0594688685	0.1284984489	-0.0277401198	0.0266410018	-0.133816982	0.017393839	0.0190932748	-0.1142404871	-0.0793561379	-0.1424493134	0.0047707474	-0.0685388721	0.1066785417	0.0609827049	-0.1184774548	0.066985914	0.0616435544	-0.0345077172	0.0694179677	0.1003240641	0.028742834	-0.0492781972	-0.0043716357	-0.0027008666	-0.1150911728	0.1190472087	0.059561667	-0.0664575136	-0.0043465616	0.0039884361	-0.0201243176	-0.0708024053	-0.0860346838	0.0216051553	-0.0327651857	0.0664914075	-0.0841715274	-0.0295286086	0.0877240105	0.0296502439	0.0426499577	0.0246848584	0.0422983929	-0.0502976262	-0.0433248753	0.0142320153	-0.0523843061	-0.1594666696	-0.0162085466	0.1911176983	0.0279025872	0.0947338699	-0.0336742292	0.0107742321	-0.0631909277	0.0404870513	-0.005883972	-0.1265867284	0.0686274676	0.0560606099	0.1039811749	-0.0162249486	-0.0989202205	-0.0301220582	-0.0077257946	-0.0335681954	0.0469017931	-0.0956731784	-0.0738509218	-0.0012838953	-0.0532697984	-0.0035122597	0.000290824	0.1251112001	0.0137746818	-0.0960206652	-0.0109143835	-0.0970681249	-0.081359535	0.0209061638	0.0254638307	0.0675263479	0.1183756077	-0.0505181137	0.0412189151	-0.1619971329	-0.0558869893	-0.0197876807	-0.0428944858	0.017958894	-0.0606285865	-0.0366444511	0.1025475623	-0.0806635902	0.0	0.0	0.1273804188124074	-0.0199612419214504	0.0162257710968243	0.0003984511790466	0.0869659765601227	-0.0006386004060061	4.0781047855116443e-07	0.0075630810790558	-0.2386534816439791	0.0003200760495972	1.0244867752576056e-07	0.056955484300793	-0.0007569855524318	0.0001811677410217	5.730271265904775e-07	3.282175038690577e-08	-0.0029436948136518	-0.0002133235165507	8.665339155920507e-06	4.55069227135569e-08	0.0044304098220326	-0.0005898423978522	1.962853119116293e-05	3.479140543041508e-07	0.0	0.0
58.79414429534471	-0.1292128365450935	3456.7514034218148	0.016695957128029	65.97305288654704	-0.0796646222128458	0.0063464520323154	4352.443707171133	58.852889521611495	-0.1069045975430142	3463.662605043008	0.0114285929758338	62.56801115309548	52.61218489848928	0.972298	31.050131	0.051530069866495	0.0331915062693617	-0.0155379703	-0.1101747176	-0.0621584798	0.0400033058	0.131102435	0.013752999	-0.0644941277	-0.0839229005	0.0294932853	-0.090115877	-0.1978041414	-0.0159874328	-0.0127380454	-0.0165584985	-0.0479948025	0.1231933391	-0.1968200325	-0.0453692882	0.0117312293	0.0108591509	0.0331237063	0.0510712489	-0.1502338678	-0.0802403617	0.1025272517	0.0235052217	0.1314558626	-0.0074786363	-0.0247786039	0.0838165335	-0.1152963671	0.0644820025	-0.0382226285	-0.1241710135	0.0001383746	-0.0339847335	-0.185114232	-0.0508865772	-0.041699593	-0.0251621261	-0.0387211435	-0.0085082177	0.0703205894	0.0973389172	-0.0492269615	0.0080726802	0.00916841	-0.0458691008	0.0526526199	0.1323952506	0.0650058094	0.1047601294	-0.0410412588	0.01232116	-0.0623257501	-0.154391749	-0.063512227	0.0908507936	0.2015853191	0.0668741218	-0.0349869793	-0.0606349346	0.16280279	-0.0100281021	-0.0822591323	-0.0606298859	0.0283861044	-0.0403115565	0.1037548179	0.0501229625	0.0477524095	-0.0840172221	-0.0689597061	-0.0429076242	-0.112731048	0.0251234531	-0.0732372067	0.054563603	-0.0158091731	-0.0379171668	0.0433123795	-0.0552980022	-0.0354751592	-0.0555750326	0.1078267505	-0.0872846595	0.0001497468	-0.0172329069	0.0079941295	-0.0183679093	0.0934302737	0.0874072332	0.0451488325	0.1054109923	0.0072539393	-0.057948935	-0.0181589195	-0.0221401212	-0.0074505731	-0.0137633463	-0.0619103347	0.0105267551	0.0055016709	0.0034857145	0.0396539365	0.0059378386	0.0601368501	-0.0159528919	0.078443273	-0.0309852718	0.1683834153	0.1869454933	0.0427765023	-0.0498862858	0.0761885573	0.0933345759	-0.1032919637	-0.0321973734	-0.0172148665	0.0819053386	-0.0235301986	0.1370818698	0.1971467804	-0.0368450846	0.0871311913	0.0027940608	0.0200246416	-0.0352837731	0.0450498762	-0.0290542721	-0.0925947773	-0.0220234508	-0.0134388737	-0.0704943472	0.0242397024	-0.0349091855	0.0287599678	0.211340568	-0.1247029314	-0.0233825758	-0.0353572045	-0.1447062207	-0.0633554451	0.0524412673	0.0258343631	-0.1509820549	-0.0253108871	-0.0849907797	0.0229076906	-0.0166066449	-0.021573547	0.0901340758	0.0572716754	0.0217642008	-0.0932330432	-0.0597177888	0.0846463877	-0.0540767933	0.090968186	0.0796764623	0.0010863491	0.0572533205	0.0827037715	-0.0182869214	-0.067961386	-0.0487811012	-0.0020081167	0.0048399218	0.0516744223	0.0088350462	-0.1064897353	0.0277794595	-0.0307001746	-0.0456275578	0.0053519436	0.0540596976	-0.056790118	-0.0551770822	-0.0317753818	-0.0566796758	-0.0153886	0.0231972017	0.1240772914	-0.1135187538	-0.0019688582	-0.0793279234	-0.0701771561	0.0041359713	0.0601195176	-0.0314175141	0.0195653193	-0.0270489354	-0.0529703534	0.0095268447	-0.0926750587	0.012275507	-0.0794705173	0.0087049302	0.0297143315	-0.0621536617	-0.0331113845	0.1009838109	-0.0853136375	0.0	0.0	0.1308315495741538	0.0034511307617464	0.0171168943639742	1.1910303534672375e-05	0.0876252721141384	0.0006592955540156	4.34670627544867e-07	0.0076781883130768	-0.245092645226812	-0.0064391635828329	4.146282764648167e-05	0.0600704047442759	-0.0009856184848677	-0.0002286329324358	9.714437977129005e-07	5.22730177942388e-08	-0.0029449988172369	-1.3040035850998138e-06	8.67301803352674e-06	1.7004253499531676e-12	0.0050200824853696	0.000589672663337	2.5201228159914615e-05	3.477138498869512e-07	0.0	0.0
58.76817513859338	-0.02596915675133	3453.698409120385	0.0006743971023751	65.92402071123104	-0.0490321753160003	0.0024041542162189	4345.976506734819	58.90487727527252	0.0519877536610238	3469.7845668149166	0.0027027265307192	62.56589042562296	52.1949181866882	1.020079	32.576008	0.0703510261326022	0.0310949340284582	0.0358764843	0.0134734026	0.0300054378	0.0504576052	0.1867593606	-0.0183213802	0.0502803957	-0.0858060889	-0.0060253346	-0.0666573505	-0.0131532829	0.1190087956	-0.0644835613	0.0922324315	0.0661681298	0.0242345242	-0.0928492357	-0.0339285194	-0.0067851744	-0.1560210701	-0.0248208489	0.0274824875	-0.0517871598	0.0442861786	-0.0516779939	0.064129441	0.1056288365	-0.0366642607	-0.275408645	-0.010222864	-0.0438985052	0.1338956037	-0.0085323758	-0.1409233096	-0.0244075061	-0.0469490799	0.010949613	0.0052679874	-0.1221280402	0.0432212724	-0.0291052113	0.0016421973	-0.0541487862	0.0804014665	-0.1216565514	0.0368639983	0.0093209999	-0.0143678285	0.1081407511	0.009847251	0.0644228518	-0.0415278974	0.0626234603	0.0453728694	0.0598592789	-0.0560567581	-0.0262794825	0.0489864197	0.1400413095	0.0196691158	-0.0772737818	0.0588648736	0.0707343118	0.0924512449	0.0138035313	-0.123238326	-0.0207267803	0.0318589194	-0.0921283564	-0.0153657979	0.0689998557	-0.138680291	-0.0221729598	0.0572301199	-0.0410082835	0.0325971981	-0.0212058692	0.0112609203	-0.0323256362	0.0126979594	-0.0113803765	-0.0953785459	0.0923570075	0.0590283591	0.0298476311	0.0050250893	-0.1290655716	-0.0620433934	0.1294527608	0.0136912861	-0.1855040376	0.0661959955	0.053657792	-0.0959118742	-0.0080944541	0.0513272097	-0.1235481311	0.1656737412	-0.0799053264	0.0030556343	-0.1232599334	0.094569849	0.0326783388	0.0184954315	-0.054777844	0.0105619579	0.0596344606	-0.0611001574	0.0004037856	0.0363901675	0.1402430094	0.1286116707	0.0331602296	-0.1168981716	0.0741969157	-0.0031032452	-0.0237046189	-0.0008631067	0.1168684533	0.1016667147	-0.0176403895	-0.0179358693	-0.0015877913	0.0861907424	-0.0388579036	-0.0901018197	-0.1189078407	-0.0321985748	0.0662929838	-0.0102656857	-0.0251158298	-0.0745698102	-0.055637647	-0.0301612778	-0.0532132995	-0.1261974934	-0.0025526604	0.1064849303	0.0246517713	-0.0533324772	0.0372646178	-0.0334064515	0.06887128	0.0418870741	-0.0274906342	-0.0588186012	-0.0993970691	-0.0413299082	-0.0573084299	-0.0407175171	0.0130662832	-0.0131555769	0.0077310771	-0.0554157759	-0.0505133989	-0.0342925677	0.0027547588	-0.0578725901	-0.0191168807	-0.0614923581	-0.0259540389	-0.0769120928	-0.0119113874	0.0343964845	-0.0740870093	0.0772941393	0.0198079647	0.1521650744	0.1049276083	-0.1137427517	-0.0022245987	0.0801273283	-0.1400969751	-0.0511473258	0.2529857169	0.0650680233	-0.0042000005	-0.0780679209	-0.0651267773	-0.0064147318	0.0156728936	0.0155565688	0.0620047925	0.0026943844	-0.0454741445	-0.0977556563	0.0656300156	-0.0440414129	0.0582125555	-0.0151640872	-0.0527699962	-0.0318608521	0.0226875148	-0.0958526886	0.0212336728	0.069066544	0.0669208835	-0.0497675606	-0.0527080714	-0.0636593764	-0.0295370653	0.0991370163	-0.0895386565	0.0	0.0	0.1443672172114531	0.0135356676372992	0.0208418934053788	0.0001832142983874	0.0996225855891026	0.0119973134749642	0.0001439355306165	0.009924659559458	-0.2380959174570733	0.0069967277697387	4.895419948383304e-05	0.0566896659097254	-0.0008885989166028	9.701956826490003e-05	7.896080345876698e-07	9.4127966263076e-09	-0.0025938896499941	0.0003511091672427	6.728263516346515e-06	1.2327764732193246e-07	0.0053283800948739	0.0003082976095043	2.8391634435448397e-05	9.5047416026066e-08	0.0	0.0
58.6134309914794	-0.1547441471139805	3435.5342925929176	0.0239457510660332	65.64654178339481	-0.2774789278362277	0.0769945553931424	4309.468448119001	58.95169614794688	0.0468188726743648	3475.302478719856	0.0021920068384983	62.48168266018951	52.14341827851909	1.018935	32.539474	0.235539669218302	0.1258894120523852	0.0886039834	0.0155074194	-0.0078769171	0.1048373994	0.2241854854	-0.0744292606	0.0617791358	-0.0114801141	0.0156993762	-0.0773564282	-0.0653836339	0.1015295953	-0.0563175015	0.0156040304	0.058605502	-0.1728736581	-0.0497142147	0.0185832675	-0.108222304	-0.0104926535	-0.0169905385	-0.0095518741	0.094551901	0.0581012598	-0.1014292573	-0.0181043105	-0.0804469308	0.0640344577	0.0020799185	0.0248807382	-0.0182435671	-0.0195509918	0.1256659529	0.0167364326	0.0885209462	-0.0309488773	-0.015524712	-0.0954877719	0.0066109045	0.0276056482	0.0850221236	-0.0574855719	0.0221102751	-0.0115225024	-0.1587281109	0.0728041477	0.0542521761	-0.0784797118	0.0162987181	-0.0587344999	0.0096450535	-0.1555121262	-0.1432165885	0.0804320261	-0.0633241498	-0.0833267498	-0.0551354465	0.1439127522	0.0084348959	0.0274116976	0.1288418962	0.0453036423	0.1091625073	-0.0592261066	0.0567103872	-0.0401995014	0.0330326365	0.0396530189	0.1955876995	0.0656389923	0.0129940646	0.0457677347	-0.0362519675	0.0554718946	-0.0077526159	0.0566202959	-0.1307880982	-0.0119233047	0.0257607789	0.0858622871	0.0028989246	0.0724428544	-0.0018601208	0.0001477745	0.0646726972	0.0398430449	-0.0703307525	-0.0142771954	-0.0897250758	0.134685256	-0.0103255657	-0.108923883	-0.0535917704	-0.1377266727	-0.0314268919	-0.040406346	0.0796404481	-0.086498503	0.0818057334	0.0088875387	-0.0377873438	0.0699660504	-0.1560166474	-0.0949815456	-0.0082207818	0.0616794284	0.0406591322	-0.0686296036	0.0331201027	0.1139217432	0.1090080269	-0.019563009	-0.062170415	-0.2442602611	-0.0147085587	-0.1015599514	-0.0067162382	0.005129494	0.0072488223	-0.0722053374	0.0086287105	-0.1643345626	-0.0593553224	0.1141149794	-0.1391265561	-0.0313892976	0.0382682857	-0.0687307546	-0.0922980444	-0.0182231411	-0.0204894218	-0.1182428411	-0.108511071	0.1322085455	0.0095892427	-0.1266602804	0.0616276849	-0.1033541305	0.0072284409	0.0165798293	0.1328289583	0.0062614493	0.0043236943	-0.043128386	0.1738197935	0.1185281247	0.0737982346	-0.0916987244	-0.0042234077	0.0859012969	0.1014540533	-0.1559154886	0.1307575479	-0.0039460386	-0.0568884201	-0.0227822687	0.0337436377	0.0122741591	0.0548262946	0.1026611978	-0.028861167	-0.0979070003	0.038420701	0.0907656912	0.0127223844	0.0263381924	-0.0563083076	-0.2518822757	-0.0008486247	0.0797769772	-0.0903065628	-0.153252044	0.0264258193	-0.0740018003	0.0064493127	0.0550521905	0.0757373664	-0.0411246106	-0.0193192776	-0.0967540785	-0.0779072582	-0.0877616666	-0.1828950008	-0.0904193247	-0.1981732265	-0.0689462457	-0.0095394252	0.045468948	-0.040868448	-0.1567517311	0.1256217381	0.0796390359	0.0933702327	-0.1328063782	0.0172537979	0.0274158692	-0.0079712901	0.0338492316	-0.0872683647	-0.0651452616	-0.0259259465	0.0970123549	-0.0933175984	0.0	0.0	0.1226062673607231	-0.02176094985073	0.0150322967961291	0.0004735389384059	0.0888820538604591	-0.0107405317286435	0.0001153590218139	0.0079000194984535	-0.1818436752094498	0.0562522422476234	0.0031643147578853	0.0330671222136798	-0.0027260085285566	-0.0018374096119538	7.43112249776332e-06	3.376074082100215e-06	-0.0017943728496727	0.0007995168003214	3.219773923642526e-06	6.392271139961693e-07	0.005029587599323	-0.0002987924955508	2.52967514192637e-05	8.927695539753447e-08	0.0	0.0
58.35350217202444	-0.2599288194549558	3405.1312157404614	0.067562991183247	65.1421466723428	-0.5043951110520055	0.254414428053165	4243.499273081023	58.85637003843682	-0.0953261095100614	3464.072294101404	0.0090870671543242	62.282071992887005	51.375062091784045	1.069536	34.155403	0.1638493470095536	0.0979046890821561	0.0917972664	-0.0641066362	-0.1411709926	-0.0104663463	0.1620363042	-0.0184181577	-0.0842914191	0.1006209281	-0.0305301305	-0.1326744739	-0.0312262454	-0.0671347153	-0.019805671	0.1178732325	0.1235554961	0.0033466983	0.018909715	0.1477161714	-0.0352230525	0.0904055322	0.0140750619	0.0200634794	-0.0946601325	-0.0120225168	0.0116865113	-0.0733173125	0.1388847032	0.0468560201	-0.1516041279	-0.0833930374	-0.0030411078	-0.0290538043	-0.0738530851	0.0368823349	0.0375834939	-0.1048053023	0.1236363393	0.0215080665	-0.0679729928	-0.059370471	0.0674045047	-0.0891149639	0.0456739091	-0.0731573801	-0.061264553	0.0590931069	-0.0144443743	-0.0642149236	-0.0588194156	0.0375525378	0.053929646	-0.1470059364	0.0512484012	-0.0452060154	0.0144936545	0.1106182544	-0.0035314084	-0.0540013369	0.0586413798	0.0160949901	0.0313538524	-0.1045202335	-0.0282243111	0.0036509289	-0.0485563875	-0.0082972261	0.1223930969	0.0353961439	-0.0119713311	-0.1364832885	0.0522026697	0.0711403855	0.1532331263	0.0483693818	-0.0826456179	0.041026424	-0.1318777851	0.1071457579	0.1688522254	-0.0129997663	0.1207908266	0.0162399249	-0.0244690598	0.0747854832	0.1357810101	-0.0462651618	0.0770844002	-0.0180049987	-0.0369918637	-0.0121069845	0.0762405292	-0.0630245602	0.0567264592	-0.0868522259	-0.0055383428	-0.0563445823	-0.0238448542	-0.0069390768	-0.0277768178	-0.0703381485	0.0405057351	0.0686727806	-0.1112665599	0.0976419585	0.1213201677	0.1261513309	-0.006089441	-0.000220293	0.0254249353	0.0172249786	-0.0170068054	0.0333549867	-0.0317366879	-0.2407395141	0.0020365123	-0.0732912361	0.0787617821	0.0517108532	-0.0968391555	-0.1761591077	-0.1007345366	0.1017456043	0.0201122707	-0.0880871668	-0.0594960476	-0.1187290326	0.0063765336	0.1188764269	0.0232795263	0.0006443656	-0.053072914	0.1403342283	-0.0006807193	0.0644492217	0.0319476921	0.0182714079	-0.098851417	0.0186106002	0.0236047065	0.0901837594	0.0728355744	0.0108487555	-0.0211683248	0.07689161	-0.042199608	-0.0914609064	-0.0190296257	-0.0557226708	0.0295415567	-0.1153632722	0.0400257351	0.0175218592	-0.156229486	0.0694595361	0.1063771279	-0.0716145298	-0.0357647041	-0.1310803543	0.0308761114	-0.0494669093	0.0617452613	0.0492811826	-0.0013937357	-0.0016771953	-0.0752528044	0.0183935628	0.0602418984	0.0323498201	-0.1115447225	0.0136014199	-0.0680179763	0.0990065606	0.0106022079	0.2030240363	-0.2552716739	0.0848885976	0.1118774701	-0.0213380997	-0.0731495748	-0.0117486283	-0.0542406393	-0.0083101602	0.1437723114	-0.0022529762	-0.07647623	0.0447403122	0.0318129271	-0.1053070399	0.0076997297	0.0225140081	0.0758594601	0.1160056092	0.0270281716	0.0344465042	-0.0685666716	-0.0057615741	0.0157812875	-0.0361885361	0.1235918202	-0.0666108546	-0.0222825273	0.0946157819	-0.0966316368	0.0	0.0	0.14131466035181	0.0187083929910869	0.0199698332303474	0.0003500039683089	0.113538505300383	0.0246564514399239	0.0006079405976093	0.012890992185845	-0.1939110677604176	-0.0120673925509678	0.0001456219629791	0.0376015021999852	-0.0010949822455322	0.0016310262830244	1.1989861180307392e-06	2.6602467359163907e-06	-0.0020993976589325	-0.0003050248092597	4.407470530331261e-06	9.30401342639773e-08	0.0052618787075903	0.0002322911082672	2.768736753339217e-05	5.395915898005029e-08	0.0	0.0
58.16607394001353	-0.1874282320109088	3383.2921575951214	0.035129342154735	64.83986229366727	-0.3022843786755373	0.0913758455912556	4204.207742261734	58.780351602168345	-0.0760184362684768	3455.129734474535	0.0057788026527044	62.159339729274734	50.98927757817826	1.073823	34.292305	0.0628066444798343	0.0405418706938885	0.1544453649	-0.0658820702	-0.1163676213	0.0226596751	-0.0185696784	0.1137219985	-0.2111759665	0.1496085226	-0.0424828334	-0.1301445446	0.0284526767	-0.0518339215	0.0127033707	-0.0293825056	0.092728242	-0.0472720029	0.0239942701	-0.0847414186	-0.0635850313	0.211427858	0.1452392423	-0.0080632356	0.0554785637	-0.0157407987	-0.0019458832	0.0343235673	0.0709469863	0.0247291689	0.0176054481	-0.0776475076	0.0262086573	-0.0812138142	-0.0220961069	0.0259475881	-0.0951014283	-0.0516236762	0.0380854926	0.1408186128	0.0127527095	-0.0047814409	0.0312401175	-0.0740790214	-0.0575915818	-0.1093253832	-0.0102705202	0.1161717471	0.0041381457	-0.0212894393	0.0093548331	0.0698855922	0.0003821986	-0.0193165218	0.010632183	-0.0522004828	0.0775394452	0.0384448818	0.0676175529	0.154924192	-0.0464850089	0.016161535	0.177871349	-0.0342659272	0.0462751904	-0.1254984004	-0.0386628348	-0.1079111399	0.0821296124	-0.0606734262	-0.0100942746	-0.0805869293	0.0210123356	0.0286681962	-0.0937316736	-0.0850508052	0.1714492974	0.043145613	-0.0355765096	0.0603932519	-0.0688648637	0.0819225425	-0.0620497822	-0.1346869535	0.0522629466	0.0590581159	-0.0622382119	0.0240717646	-0.0536750209	0.0945907356	-0.0619441789	-0.1094569166	-0.0110133942	-0.0493472891	-0.1191009453	0.0030727949	0.0433988369	0.0470241246	0.0410957687	0.0029076311	0.0194545321	-0.0190737579	0.0547790358	0.0104020213	0.0824078295	0.0657909201	-0.1365301699	0.1708522401	0.0020476726	-0.0388357893	0.0275129117	-0.049420907	-0.083171805	0.0609153739	0.0903485851	-0.0971924726	-0.0430155166	-0.1316291846	0.0311413557	0.109605171	-0.0545981362	-0.0261856049	-0.1831865185	0.0633281045	0.0317036445	0.0337941691	0.0081187047	-0.0916899133	0.0291974991	0.0560261667	-0.0223124895	-0.0290940071	0.117505201	0.0299690335	-0.0994212406	0.1013504169	-0.0069309159	0.0950114132	0.0162414258	0.0663883523	0.0399277398	-0.1239532764	0.050674907	0.0385693822	-0.0841776355	0.0396664282	0.0553526002	0.0575771806	0.0127344845	-0.1204525698	-0.0029462087	0.0446883442	0.0124853374	-0.0144521872	0.002682306	0.0107062545	-0.014314846	0.0146099607	0.0329030831	0.0605267058	0.0652355292	0.0678806353	-0.105410291	-0.0626720606	0.0308349103	-0.0823828035	0.0962980731	0.0525329014	0.1207290351	0.0429803097	0.0514642759	0.1382796662	0.0773563733	-0.0604799785	0.051179536	-0.0236541496	0.045842521	0.0918361315	0.1292038851	0.0756879062	-0.1479375731	0.0170873687	0.0487469748	-0.076435467	0.005884508	-0.1144622233	-0.0593973865	0.1574948835	0.1281040018	-0.0532864966	0.0241813506	-0.1137753948	0.1158548981	-0.0302835878	0.028809518	0.1235337716	-0.0323702859	0.0162009213	-0.0015707948	0.0275874037	0.0226228916	-0.0680556987	-0.0186113467	0.0919540145	-0.0994642612	0.0	0.0	0.1436815691219664	0.0023669087701563	0.0206443933053504	5.602257126243206e-06	0.1093519963187645	-0.0041865089816185	1.7526857453172373e-05	0.011957859098899	-0.1849725611267132	0.0089385066337044	7.989690084077769e-05	0.0342148483697756	-0.0011519029159959	-5.6920670463699984e-05	1.3268803278798574e-06	3.2399627260371282e-09	-0.0022546223672614	-0.0001552247083289	5.0833220189554e-06	2.409471007579212e-08	0.0045277296844958	-0.0007341490230945	2.0500336095864437e-05	5.389747881106089e-07	0.0	0.0
58.20776738322182	0.0416934432082882	3388.144183739262	0.0017383432065627	64.82353066898241	-0.0163316246848523	0.0002667219648468	4202.090128392504	58.77543536458093	-0.0049162375874161	3454.5518022960305	2.4169392015922933e-05	62.22514178318085	50.1189880793467	0.9969650000000002	31.837883	0.0268150746398882	0.0145920969216097	0.17805728	0.0472468014	-0.0053582042	-0.0113822151	-0.0363990615	0.0970015208	-0.0686825042	0.1572735332	-0.0779183549	-0.0274451487	0.0650443831	-0.0049523998	0.0449823885	-0.0949434181	0.0684752805	-0.0160762231	0.0020059888	0.0975059899	0.0204415295	0.1987556324	0.0538306029	-0.0102970925	0.0199439687	0.0983019215	0.0355347559	-0.0233443411	0.0573674415	-0.0081129626	-0.1083285888	0.0277233873	0.0358898399	0.0206749668	-0.0817888899	0.0534621363	0.0482893259	0.0740485566	-0.0059858385	0.003619745	-0.021461423	-0.1015483093	0.0261556439	-0.0257604068	-0.0858585954	0.0654084477	0.0331937736	0.0917478373	0.0597818377	-0.0521432268	0.0148663474	-0.0362582325	-0.126262229	-0.0506621702	0.0102286737	-0.0962636677	0.1275185558	0.0535499738	-0.0708286676	0.0244496212	-0.1181158808	-0.1090828146	0.0440564482	-0.0401537795	0.0350092394	0.0763495315	0.0859425515	0.1215126884	0.0026622926	0.0191828861	-0.0549659274	-0.0067023863	0.0703009558	-0.1317144698	0.2561941969	-0.0754101494	0.070457488	-0.1206006501	-0.1215008509	-0.0018482747	0.0173868113	-0.0029305773	-0.0008605846	-0.0823912791	0.0285065501	-0.0877735711	-0.0728479863	0.0197814667	-0.0083901536	0.042445305	0.0211300543	0.0286263243	-0.0924228144	-0.0263913769	-0.027851739	-0.0009413971	-0.0148443091	0.0577664942	0.0060053484	-0.0003315988	-0.0023285914	-0.0832111096	-0.0162098938	0.0445995018	0.0468179288	0.0056351134	-0.1031698308	0.1377314609	0.0261578276	0.0051905357	-0.0435247027	0.0481065847	-0.0629728567	-0.0596024078	0.0044360349	-0.0129382888	-0.0358308466	-0.1832410454	-0.0208305599	0.1284951568	-0.1213906996	-0.0059405095	-0.0380961461	0.0092447478	-0.0884559236	-0.049618518	-0.069434608	-0.0831911794	-0.0466630075	0.0201021646	0.0425951452	-0.006927403	0.0017850487	0.0384686518	-0.0148386307	0.0090752221	-0.1029803973	0.0898035737	-0.0115671518	0.0979347338	-0.0404024154	-0.0683418561	0.0133280104	-0.0297872163	-0.0340544801	0.0701245213	0.013386699	0.0116028145	0.053436636	-0.1173044013	-0.0908884311	-0.0931310846	-0.0327710767	0.0420224909	0.1881778985	-0.0217994222	0.0893490479	-0.0269553514	0.0626797381	-0.0027944204	-0.0619524352	0.0756743715	0.0503422003	0.0370954531	-0.0543659596	0.1240675451	0.0595302006	-0.0354035454	0.002681691	0.0213067768	0.0823575228	0.0809725198	0.0914388292	0.1083825436	0.0186868899	-0.1219273702	0.0714849797	0.0831185146	0.1272814593	0.0599139176	-0.1551053811	-0.0064038935	0.0631726855	0.0140245977	-0.132456945	-0.0066306956	-0.0565074599	0.121948536	0.0696001524	-0.0130743692	-0.0634196899	-0.0718326547	0.1099366737	-0.053690208	-0.1517057113	0.0126020093	0.0092505604	0.004545347	0.0348728014	0.0878437742	-0.0531462562	-0.0694793439	-0.0149169788	0.0890345132	-0.1018013597	0.0	0.0	0.14524146809228	0.0015598989703136	0.0210950840536007	2.433284797585465e-06	0.1091488438433714	-0.000203152475393	4.127092825834329e-08	0.0119134701123446	-0.1910546039181397	-0.0060820427914264	3.6991244516742925e-05	0.0365018616783172	-0.0010962342675874	5.5668648408500106e-05	1.201729569432883e-06	3.098998415629201e-09	-0.0020530607693174	0.000201561597944	4.215058522510154e-06	4.062707776573876e-08	0.0046498990461984	0.0001221693617026	2.162156113983679e-05	1.4925352938820772e-08	0.0	0.0
58.42421650652339	0.2164491233015724	3413.3890744011205	0.0468502229780192	65.31964668737767	0.4961160183952557	0.2461311037083617	4266.656243363848	58.78939922451092	0.0139638599299942	3456.1934611789256	0.0001949893841444	62.35780377297824	49.941988370079535	0.984537	31.440987	0.081874901424476	0.0400467600850929	0.1319011646	0.0713001726	0.056613946	-0.029268435	-0.0137340571	-0.0294015267	0.0982955777	0.0618919461	-0.0125081268	0.0743279457	-0.1502098619	0.138834103	0.1182584328	-0.1195554493	0.1083394157	-0.0431267556	-0.0354976638	-0.0195261987	0.1268209769	0.0216401343	0.0523482513	0.0589323142	0.0913305421	0.0855577554	0.0840994888	-0.0165152082	-0.0828599557	0.000368194	-0.016542859	0.0308909512	0.0834143977	0.0150169564	-0.1029238937	0.1078549381	-0.0545759346	-0.0139016561	0.0635720394	-0.0086762321	0.0360365945	0.0034242158	0.0491351059	-0.0703469341	0.0205055668	-0.0272225469	0.0983920335	0.0729249196	-0.0333666051	-0.0476462704	0.1094562536	-0.0251934854	0.0123671692	0.0380721314	0.1284789479	-0.000541389	0.0727388256	0.102017404	-0.1172704947	0.0989389552	0.0261129086	0.02782246	0.0289257515	-0.0396790914	-0.1887054263	0.1260695531	-0.1160374479	0.0409553281	-0.0289559984	-0.0559780919	0.0204258922	-0.0538490393	-0.107115986	0.0252563673	-0.0103769532	-0.0129777541	-0.0932481127	0.0243117301	-0.055364189	0.0552396651	0.0525581835	0.0643389849	0.108736107	-0.0460448918	-0.040072751	-0.0318747385	-0.0589947103	-0.0174165159	-0.052004221	0.0514378937	0.0223160131	0.0061759131	0.052442432	-0.0862694289	0.03460713	-0.0832598463	0.0465535152	-0.0068882393	0.0873278668	-0.0713692695	0.1757821603	-0.0482403125	-0.0080165775	0.0321674111	-0.0947053082	-0.0612981787	0.0447878185	0.0921673746	0.0478697246	0.0472065171	0.0219641233	0.0940094496	0.0493258639	0.0534994587	-0.0774480566	0.1016755178	0.0029573769	-0.1151287653	-0.0660441359	0.0350073922	-0.177376183	-0.0714333816	0.0918875143	-0.0394525262	0.004387538	-0.0717499768	-0.0014710799	0.0476430072	0.0277329001	0.0521004521	0.0306663555	0.0273938871	-0.0012267102	0.0941701589	0.0802396692	-0.0402778786	-0.0038899141	-0.016008193	-0.1492497947	-0.0903432225	-0.0454145695	0.01066028	0.1076923553	0.0159278172	0.1048779101	0.048736433	-0.1313643209	0.0259324588	0.0437264926	-0.0267147834	-0.0863447979	0.0385552536	-0.0179797793	-0.0362753145	-0.0063567628	0.0590493885	-0.0872655986	0.0327146501	0.0978459626	0.0151554851	0.0817718488	-0.074663521	0.0933128262	0.0292192664	-0.05369912	-0.0242486677	-0.0306107098	-0.0307429724	0.0787960607	0.0718405126	0.0781974847	-0.0149254401	-0.1162233521	-0.003106301	-0.006826461	-0.061645973	0.0093391251	0.0915779276	0.051801204	0.0857337717	0.0543806224	-0.1192757023	-0.0371995284	0.065777276	-0.0655215316	-0.0488608175	0.1057327171	-0.1038110736	-0.1041116185	-0.0495546667	-0.0310025565	-0.0263910595	-0.0781224978	0.0147128937	-0.0863119973	-0.0640367997	0.0131619475	-0.0570438046	-0.0829167353	-0.0906998824	-0.147167636	-0.0708813468	-0.0112040262	0.085865461	-0.1036312889	0.0	0.0	0.1156150441077841	-0.0296264239844959	0.0133668384240448	0.0008777249981091	0.0952452541298924	-0.0139035897134789	0.0001933098069207	0.0090716584342677	-0.2097374164311958	-0.0186828125130561	0.000349047483398	0.0439897838512328	-0.001337680133972	-0.0002414458663846	1.789388140823348e-06	5.829610639421021e-08	-0.0021170647067785	-6.400393746110004e-05	4.481962972687136e-06	4.096504010524405e-09	0.0045621073457752	-8.779170042319973e-05	2.0812823434376044e-05	7.707382663196847e-09	0.0	0.0
58.62011175183528	0.1958952453118883	3436.317501797657	0.0383749471358048	65.35494229178758	0.0352956044099102	0.0012457796906608	4271.268481962885	58.88096784312757	0.0915686186166482	3466.9683741434237	0.0083848119153611	62.526322515518864	50.17771148614776	0.936279	29.899872	0.0893481477081163	0.0498684983553828	0.1113488856	0.073197667	0.1336778474	0.0013972537	-0.0554139936	-0.0352893538	-0.0541453776	0.0540576389	-0.085899566	0.0163860599	-0.0012029126	0.1270853822	0.0705058785	-0.0804090898	0.0260501833	0.0705269227	0.0100271359	0.0391495564	0.055752397	-0.1240155041	0.089151405	-0.1190105636	0.0045923628	-0.0345024675	0.0010586695	-0.0158098943	0.0620832842	-0.1060956282	-0.0119457562	0.0580630783	-0.0459907074	-0.0309558846	-0.0172275865	0.084671452	0.0555945669	0.0958224158	0.042803094	-0.0855174193	-0.0010806824	-0.013441811	-0.0343364764	-0.0140723873	0.0558341514	0.1614449011	0.0298260178	0.067864681	-0.0540380815	-0.0601089489	0.0343905764	-0.0943020137	-0.1589074882	-0.0297875333	0.1100408827	-0.0040168834	0.0450096962	-0.108405673	-0.0609563696	-0.0971921979	-0.0734394443	0.149346214	0.060919134	0.057210127	0.057794101	-0.0542508465	-0.0161876179	0.1399669711	0.0318110135	-0.006354652	0.126820133	-0.1395220027	-0.0625138941	0.0536324713	0.0588586082	0.0227104297	0.0416246595	0.0219645205	-0.0304188314	-0.0108474019	0.0497597638	0.0012405645	-0.0345372033	0.0235943453	0.0229541158	-0.1628564779	0.0053648575	-0.0768546316	0.0585565529	-0.0935563647	-0.0186136229	0.0237002092	0.1952632619	0.0704374656	-0.1448913509	0.0978261953	0.0070410142	-0.1136439863	0.0781003482	0.0608420356	-0.0170117018	-0.0224868716	-0.0906003641	-0.003420171	0.0341788301	0.0222764592	-0.0405961832	0.0379891429	0.0743068116	0.0126368321	0.0122184137	0.0696883865	0.0476859009	0.0649586271	-0.0553912597	0.1505460004	0.0173278523	-0.0661456188	-0.0662242816	0.0889001154	-0.0417380446	-0.0899593402	0.0468058285	0.051818311	-0.0242434267	-0.0324794187	0.0153250265	0.0221128931	0.0546887182	0.0472147996	-0.0211451775	0.0215615512	-0.0083498492	-0.0601561684	0.0428235643	-0.0710381905	-0.0097850131	0.0430087333	-0.0313994179	0.0196575885	-0.0446576617	0.0139899509	0.0444939471	0.0204379948	0.0573820369	0.0263222949	-0.1209580106	-0.08592247	-0.0039698019	0.0257515568	-0.009056016	0.0620033402	0.0327987668	-0.0718699995	-0.0863796586	0.0528898788	-0.0166036627	0.1248316222	0.0078305507	0.033531539	0.089406213	0.0005745505	-0.1458339781	-0.1511991149	-0.0446162374	-0.0814453825	-0.008102944	0.1148543649	0.0013330428	0.0377757889	0.0853510457	-0.0992162184	-0.0165201759	0.0290883556	0.0595693231	0.0612471169	-0.1398917102	0.1022893672	-0.0035321393	0.0616651149	0.0141497663	-0.0839404242	-0.0065629191	0.0571938595	0.0039329606	0.0489756881	0.119906645	-0.0585004494	-0.0430002183	0.0142709267	0.0352851768	-0.0534674749	-0.0602994968	-0.1103851985	-0.0023299427	-0.0161198433	-0.0179231779	0.0174134068	-0.0392437642	0.0901541702	-0.0029462538	-0.0722612707	-0.0074771147	0.0824557403	-0.1049449322	0.0	0.0	0.1288855212936539	0.0132704771858698	0.0166114775991369	0.0001761055647406	0.0964861758389901	0.0012409217090976	1.53988668810993e-06	0.0093095821280325	-0.2443356979810147	-0.0345982815498188	0.0011970410862005	0.0596999333078696	-0.0007842156737459	0.0005534644602261	6.149942229487358e-07	3.063229087333684e-07	-0.0022693424188744	-0.0001522777120959	5.149915014102714e-06	2.3188501601161865e-08	0.0046611345187198	9.90271729445994e-05	2.172617500160126e-05	9.8063809813996e-09	0.0	0.0
58.73345312752208	0.1133413756868009	3449.6185162828333	0.0128462674425765	65.33193589056563	-0.0230064012219486	0.0005292944971852	4268.261847208978	58.88328009623721	0.0023122531096362	3467.2406748919248	5.34651444302242e-06	62.56838174532778	50.58512641444351	0.935908	29.888044	0.1137006485084751	0.0549197125221939	0.0689153016	0.0140841975	0.0928932479	0.0042032267	-0.096147671	-0.1255563476	-0.1032441524	0.0574701973	-0.0747000444	-0.0796237415	0.0831483628	-0.00476952	0.048240658	0.0446246704	-0.0853427295	-0.0115000196	0.1068622512	-0.0316393629	-0.0659508699	0.0688973046	-0.0066775015	0.0012918179	-0.0279641647	0.1429536472	0.005506346	-0.0922278776	0.0288821691	-0.0229570217	0.1313686064	0.0483357733	0.0518771354	-0.0025664931	0.1524838517	0.0347344014	0.0608442557	0.0280618918	-0.0623357195	0.0875040865	-0.1294692721	-0.0668323193	0.0090401809	-0.0277994549	-0.1201425801	-0.0111312217	-0.0556333714	0.0384728356	0.1496776319	-0.0257923366	0.0174349737	0.1336534629	-0.0098804208	-0.0349261556	-0.125042021	-0.0197152604	-0.0959982731	0.000284966	0.0431038218	-0.0303206434	0.087014369	0.0447060763	-0.0746063313	0.0595811056	-0.0199584732	0.1029177385	0.0237872017	0.0675187643	0.0535926057	0.0864468241	-0.0634954653	0.0548472681	-0.0292581401	0.0429741108	0.1255132656	0.0074220395	0.0017687773	0.0166623266	-0.0097823985	0.0063054939	-0.0354726586	-0.0524119426	-0.0617841836	0.1339076185	-0.071119363	0.0968050997	-0.0164639713	-0.0070301635	-0.0437546929	0.0711308461	-0.0883745232	-0.1234532151	0.0267205647	-0.0038829604	0.0610174101	0.0851819216	-0.0718540637	0.0849469581	0.0136787109	-0.0874042625	0.1026299332	-0.1412140734	0.1323584485	0.0494687307	0.0483883391	0.0789149105	-0.052467625	0.0109660548	0.0900263493	0.0062336537	-0.0042958458	0.043591905	-0.0038816079	-0.0815395711	0.0114372443	0.121269516	0.0032215738	-0.0211413843	-0.0123494336	-0.0047249257	0.0325709002	-0.0386665148	-0.0732428597	0.0246850732	-0.0631498324	-0.0090492364	-0.1015492536	0.0130080641	0.0012562176	-0.0129209849	-0.1321805226	-0.0826668973	0.1140101083	-0.0415887935	0.0185565433	-0.0166944752	0.0049230409	0.0183554705	-0.0292844601	0.0793181306	-0.1015802349	0.0142452777	0.0433100393	-0.0277556049	-0.0324780669	-0.0653574321	0.0559642707	0.0905375501	-0.0880430737	0.0513476187	0.0545017236	0.009915626	-0.0011434113	0.0232075136	-0.1006382851	-0.0178478113	-0.0040446579	0.0251649317	0.0747961276	-0.0372214595	0.0640958021	0.0354913574	0.0821963708	0.056067153	-0.0562496254	0.0485964082	-0.0479229807	-0.0187041358	0.0054275354	-0.0343484257	-0.0884586894	-0.0247656392	0.0728060792	0.0183919164	-0.051208643	-0.049793762	-0.0094142565	0.0786402246	-0.0176319812	0.0255824273	0.0244483619	-0.0596626656	-0.0136739669	-0.0103685644	-0.0198621476	0.1329884454	0.0357280202	0.042207497	-0.0199475318	-0.0278713933	0.0291566284	0.0142694334	-0.0693895323	-0.0001897858	0.0309678334	0.0097632585	0.1354816804	0.0338592212	-0.0354558487	0.0882586492	0.0232590337	-0.0736186857	-0.0037408877	0.078814908	-0.1057357452	0.0	0.0	0.1501845191581736	0.0212989978645196	0.0225553897947718	0.0004536473100328	0.0964900113223166	3.835483326511402e-06	1.471093234794697e-11	0.0093103222849807	-0.2045037229603608	0.0398319750206539	0.0015865862340459	0.041821772704648	-0.0012867208041781	-0.0005025051304322	1.6556504279047366e-06	2.525114061106824e-07	-0.0019228804788185	0.0003464619400559	3.6974693358212632e-06	1.2003587590729826e-07	0.0044587847864084	-0.0002023497323114	1.9880761771507e-05	4.094541416649523e-08	0.0	0.0
58.78185333191824	0.0484002043961595	3455.306281135148	0.00234257978559	65.557824836587	0.2258889460213708	0.0510258159346458	4297.828397304624	58.91594688156331	0.0326667853261	3471.088796951189	0.0010671188635415	62.58463329431672	51.136921830110616	0.914781	29.213331	0.111309859635658	0.0482737570067123	0.043816664	-0.0685405032	0.0566117468	0.0153245585	-0.063276442	-0.0323253809	0.0267443214	0.0176775717	-0.115374928	-0.0252412168	0.0231866384	0.0787414337	0.0078336876	-0.0073357364	-0.0177388712	-0.0774531636	0.038022206	0.0063025233	-0.0573088731	0.064986774	-0.0222510695	-0.0328290517	-0.0698885165	0.0109429024	0.0778760996	0.0126595057	-0.130253972	-0.0340478737	-0.06636068	0.0224031	0.0708598456	-0.052738979	0.0447252229	-0.0931505559	-0.0185722366	0.0430981922	0.0511116986	0.1342950009	0.0430922628	0.0323430486	-0.0507063797	0.0362174429	-0.0297459194	0.0997600315	-0.0484225404	0.0013741715	0.0015832562	0.0259186816	0.0133003892	0.1069946747	0.0717214015	0.0061450883	0.063489821	0.0746361414	-0.030939089	0.0025600128	-0.0341606617	-0.0871305875	-0.1000214676	-0.0384193074	-0.0320086126	0.0540465674	-0.025645669	-0.0112228489	0.0566358309	0.0748930089	-0.0192671642	0.0827991908	0.0409489645	0.0185968234	0.0086609252	-0.0465659468	-0.0598538312	-0.0482916472	0.0381312336	0.0360035346	-0.0914266811	-0.0988444024	0.0372161557	0.0606296564	0.036615471	0.0955940337	0.0204899123	-0.0444016623	0.0797559026	0.0526198797	0.1016442443	0.1841018151	-0.0270468011	0.0547299782	0.1242490847	0.0069934765	0.0428536436	0.021861918	0.1161721365	-0.0620125681	0.076170206	-0.0106476476	0.120081426	0.0148486849	0.1317146774	-0.0227419042	0.21192941	-0.0438398588	-0.0071347058	0.0069068954	0.0874302364	-0.0248989594	0.0194087183	0.0277357304	0.036511943	-0.0969970539	0.0326842457	0.087494209	0.002270974	0.0851850317	-0.0029644329	0.0159788265	0.0079347512	-0.0339884328	-0.04585392	0.027568032	-0.0721287563	0.0136371339	-0.0534690785	0.0191491151	-0.0069621679	0.0080481694	-0.1129852889	-0.0372428932	-0.0027065837	-0.0918393866	0.0013090858	-0.0112519802	0.0115093558	0.0479880347	-0.0433557962	-0.0455085363	-0.0265535495	-0.0887665648	0.1529328862	-0.0409378765	0.0384513927	0.0368935873	0.1348867999	-0.1121404653	-0.0027154723	0.0903130269	0.055163899	0.0953728811	0.015649172	0.047465388	0.0786310062	-0.052122638	-0.0490999528	0.0156959736	0.0611312235	-0.021782155	-0.1266635531	0.0240365251	-0.0292358984	0.0421556726	0.0137766843	-0.1660700156	0.0891882257	-0.0527941095	-0.0842811028	-0.1067521484	0.1011987431	0.0269394479	-0.0332398027	-0.0712680933	0.0141163239	0.0939583816	0.0285161902	0.0821485622	-0.0394608372	0.028785819	-0.0369080396	-0.0666894275	0.0407927565	-0.0373397468	0.0253328083	0.095776004	-0.0541042016	0.1153595837	-0.065410162	0.0672309623	-0.0611622512	0.0687922689	-0.0376853077	0.0200173292	-0.0277892609	-0.023101429	-0.0442968531	0.003577096	-0.009804325	0.0878792896	0.0079372033	-0.0749531689	-0.0	0.0749531689	-0.105999788	0.0	0.0	0.1283281256714161	-0.0218563934867574	0.0164681078383387	0.0004777019362479	0.0866742741627177	-0.0098157371595989	9.634869598633084e-05	0.0075124298016339	-0.2263782650025874	-0.0218745420422266	0.0004784955895571	0.0512471188655816	-0.0007720158639276	0.0005147049402505	5.960084941558785e-07	2.649211755182709e-07	-0.0024987120380248	-0.0005758315592063	6.2435618489700496e-06	3.315819845779588e-07	0.0043940575469237	-6.472723948469997e-05	1.930774172567712e-05	4.189615531309702e-09	0.0	0.0
58.73771358313508	-0.0441397487831594	3450.1189969744114	0.0019483174226404	65.50348924440908	-0.0543355921779209	0.0029523565773253	4290.707103192416	58.82810269219132	-0.0878441893719852	3460.745666363008	0.0077166016064212	62.52203135366312	51.11660803100724	0.898282	28.686436	0.0669302092001992	0.031215625823538	0.0390634847	-0.0783288476	0.026550909	0.0324358094	-0.0797644089	0.0032438796	-0.0131746149	0.0303206525	-0.0661636252	-0.0287139489	-0.0038601334	-0.0176044312	0.1011357832	0.0407104387	-0.052353327	-0.1038511686	-0.0348390877	0.0500042972	-0.1931643744	0.0030367334	-0.1818212478	0.0510197995	-0.0612641228	0.0607080537	0.0025122925	0.1477890411	-0.0647645652	-0.0511954944	0.0084274414	0.0608036293	0.0307734925	0.0891985237	-0.0641665283	-0.0083238224	-0.0144840096	-0.0503114582	0.0502060619	-0.0319143996	0.0134271485	0.0190868821	-0.0016373762	0.0946762453	-0.0106533966	-0.0292081478	-0.0023935938	0.0275441488	-0.0635528427	0.0147234794	0.0456796068	0.0808808818	0.1367054092	-0.0179747764	0.0318331946	-0.0406243659	-0.1277043324	-0.0003171511	0.1471665809	-0.0305179098	0.05778444	-0.0392076818	-0.0187122783	0.0973392287	-0.068278076	0.074852969	0.0446051677	-0.0487678934	-0.0260184331	-0.0122209682	-0.0418602653	-0.0136705437	-0.0549277306	0.0636154236	-0.0534334174	-0.1089506392	-0.0119775447	-0.0467293682	5.96596e-05	-0.1030314368	-0.0391746867	-0.0438817332	-0.0053797614	0.08628777	0.0413649488	-0.0277520864	-0.0419548755	0.1381501208	0.0931939495	0.0351238112	0.1153121505	-0.0592623622	0.0627933651	-0.0475420128	-0.0361135824	0.0406989871	0.0158275071	0.2299296317	0.0364849432	0.0426734011	-0.043688058	0.0487654303	-0.0877064849	0.0743213835	-0.0934379449	-0.0249055621	0.0577806858	0.033853257	0.0779146058	0.0022055691	0.0721731503	0.0100090229	-0.0147279697	-0.0084057881	0.1377728547	0.1128156303	0.0924826092	0.1850263141	0.0714143629	-0.0388844421	-0.0182118748	0.0087569991	-0.0775984878	0.0133388989	-0.1149142632	0.0710381192	-0.0947849652	0.05317246	0.0514655379	-0.0370859523	-0.0334498239	-0.0506964365	0.0679389002	0.0558639857	0.0367250393	0.0839891634	-0.0010540865	-0.064855141	-0.0180837609	-0.0332126158	0.0225626836	0.0332530849	0.0811834861	-0.1215097384	0.0098960667	-0.0211359392	-0.0223954959	0.0296799627	0.04381867	0.065122939	0.0633289911	-0.1364730497	-0.0630358801	0.0796330866	-0.0496180423	0.0197580842	-0.0598300521	-0.0059925144	0.1391616528	0.0605853659	-0.1020303826	0.0566476452	0.1085271475	0.0451361823	-0.0370984893	0.0294794159	-0.0842927084	0.0024081677	-0.1214106644	-0.0291647533	-0.0422427766	0.1626406664	0.0523675614	-0.1129019504	0.0513278929	-0.0009643002	-0.0468438088	0.1007543051	-0.0283688593	0.0532199149	-0.0992100932	-0.0036780403	0.0671179165	-0.0520829266	0.0668486477	0.0316997964	-0.0255799279	0.0622088508	0.0277987466	0.0604691699	0.0442342944	-0.1082301165	-0.0655880606	-0.0497969655	0.0779547721	-0.0236607409	0.0533187577	0.0434048858	-0.0021407921	0.0496080156	0.030769705	-0.0762643048	0.0037408877	0.0708813468	-0.1057357452	0.0	0.0	0.1550502164065363	0.0267220907351201	0.0240405696077137	0.0007140701332559	0.0937588090828143	0.0070845349200966	5.0190635034068135e-05	0.0087907142806276	-0.2216648748120349	0.0047133901905525	2.2216047088396552e-05	0.0491353167254351	-0.0010570271843321	-0.0002850113204045	1.1173064684170473e-06	8.12314527587166e-08	-0.0023237795204928	0.0001749325175319	5.399951259861748e-06	3.0601385690083464e-08	0.0042857975177716	-0.000108260029152	1.8368060363337207e-05	1.1720233912013497e-08	0.0	0.0
58.56336768273466	-0.174345900400425	3429.66803434317	0.0303964929864349	65.13852418343726	-0.3649650609718264	0.133199495730169	4243.02733279624	58.84113926795949	0.0130365757681687	3462.2796703514045	0.0001699523077592	62.3872698045762	51.30635432141783	0.970561	30.994675	0.0591952540829658	0.0291803139490876	0.098269535	-0.0204753368	0.0423409958	0.0870957559	0.0067841413	0.1334461632	0.0282405694	0.0909770599	0.0525612573	-0.0337604243	0.0005985249	0.0716250827	0.0781624164	-0.050254018	-0.106180838	-0.0789468139	0.0783515277	0.0514232747	0.059349299	0.0018398866	-0.0632235754	-0.1405671396	0.0026026751	-0.0281572984	0.0165861309	0.1399557194	0.0031622342	0.0410019984	-0.0110132154	0.019231132	0.1487081818	0.0113371659	0.1157972909	-0.0050231252	-0.0511019801	0.0039876969	-0.0170678092	-0.0698520757	0.1076020203	-0.0586707401	-0.083951497	-0.057720196	-0.0157859003	-0.022776426	0.0180622703	0.1421047341	-0.008553171	-0.0446430494	-0.0129533054	-0.0225372404	-0.0402807603	0.042606756	0.0784675427	-0.0120710336	-0.013003965	-0.1375452837	0.0187659975	-0.0410166066	-0.0446980757	0.0155022528	0.0378023536	-0.0233017299	0.0255350265	-0.0300004118	0.0452373318	0.1374383577	0.0575680657	-0.0059329523	-0.0897548623	-0.0361313334	0.0131060732	0.1008347282	0.0004769126	0.059044519	-0.1051944189	-0.0475595714	-0.011315139	0.0804808103	-0.0233795728	0.0220700089	-0.0454712364	0.0794082244	0.0526425768	-0.0135725542	-0.005583489	-0.0137419737	0.0689331579	-0.0426264105	0.0150980835	-0.0183475401	-0.058249209	-0.0278447281	0.1085401132	-0.1409932945	0.0022270212	0.0530846521	0.078272096	0.1509996174	-0.0286565696	-0.0980701996	0.0009650832	-0.0339773292	0.027189875	0.0302844616	-0.0204448292	0.098730638	0.0685979403	0.0117825407	0.0496554619	0.1172026421	0.003719743	-0.0544204228	0.0593007623	0.1528651595	0.0766197779	0.1338741745	0.0742962565	0.0017469647	-0.0299340611	-0.001654028	-0.1184381877	-0.0054580739	-0.1145358781	-0.0595077482	-0.0203045631	0.034895852	-0.1107469404	0.0557732692	-0.0264819818	0.0442926823	-0.0564064551	0.0076596222	0.0749891967	0.0073969789	0.0445746761	0.0240527138	0.1388326039	-0.0716090591	0.0066419132	0.0538759378	-0.0576259145	0.0560169479	0.0535939334	-0.0435104121	-0.0003609873	0.0162139315	0.0727853599	-0.14710601	-0.0121334195	0.1213872162	0.0382008945	0.0753653354	-0.1080133792	-0.2058852178	0.0329789125	0.0546425623	0.0316674193	0.060278152	-0.0344684818	0.0469576281	-0.0400156183	0.0569916351	-0.0639713912	0.0162924391	-0.0122406087	-0.0232817594	0.0925329918	0.0976779831	0.0347918113	0.0182682243	0.0159615561	-0.086023715	0.0205210277	-0.0113575307	0.0728067092	0.1093373625	0.0030714322	0.006357339	-0.0353422311	-0.0778031338	-0.0116790173	-0.0455675291	0.025125524	0.095477125	0.0023424496	-0.0548775511	-0.0345421593	0.0749816393	0.0029949446	0.0110890103	0.1422521215	-0.0315164543	0.0721423494	0.0163189594	0.017425311	-0.0349659868	0.0336474237	0.0316121451	-0.0149403036	-0.0775516848	0.0074771147	0.0666108546	-0.1049449322	0.0	0.0	0.1405829766111992	-0.014467239795337	0.0197635733128649	0.0002093010272957	0.0937256428157269	-3.316626708739501e-05	1.1000012725124211e-09	0.0087844961212212	-0.2337820792094262	-0.0121172043973913	0.0001468266424081	0.0546540605594824	-0.0007429564688052	0.0003140707155269	5.51984314539492e-07	9.864041435157899e-08	-0.0022296954871152	9.408403337760008e-05	4.971541965261889e-06	8.851805336597367e-09	0.0045291956413301	0.0002433981235584	2.0513613157443576e-05	5.92426465517988e-08	0.0	0.0
58.57548929902199	0.0121216162873309	3431.0879466198394	0.0001469335814172	65.09328897744105	-0.0452352059962066	0.0020462238615192	4237.136269900649	58.87703724273727	0.0358979747777823	3466.505514482672	0.0012886645931462	62.45789900385267	50.57459119528463	0.936902	29.919788	0.0460829940982766	0.0240901168816937	0.0949464897	0.0418408044	0.1058830279	0.0098675842	-0.070855206	-0.0201677815	-0.048031649	0.1182069767	-0.0097108471	0.0075669813	0.0464949081	0.1047314204	0.1027805242	-0.0550076979	-0.0352520572	0.0891043729	0.0079204013	0.0591177276	-0.0674945908	-0.033971168	0.0307344802	-0.2397669582	-0.1347954835	-0.0336049194	0.0043766131	0.0227152474	-0.0931018996	0.0092473357	-0.0193777178	0.0644335155	-0.0134108573	-0.0220707038	0.1080148983	-0.1149474258	-0.0100102077	-0.082285576	-0.0042707862	-0.0013152191	-0.1065426696	0.0485245593	0.0278803004	0.0552966355	-0.05892591	-0.1140340662	0.0182053177	-0.0149176086	0.0929169577	-0.0682004498	0.0214545236	0.1078098886	-0.0419345052	-0.0557378398	-0.0427111083	0.0796797827	0.0572394555	0.0348974858	0.1046921018	-0.0142024387	-0.1126562792	-0.1364547805	0.0802733796	-0.0731592798	0.0091352172	0.0760622717	-0.0572362117	0.0390960203	0.0117538232	0.019990981	-0.0128474873	0.0259183882	0.0732117915	0.1052958752	-0.0956333752	-0.0219621012	-0.1023772563	0.094121175	0.1264824414	0.0279710823	0.1146483822	-0.0148756038	-0.0351916558	0.106381715	0.0010701723	0.0270355434	0.0637651765	-0.1105510468	0.0421719316	0.0496388697	0.066925535	0.067087675	0.097929562	0.0625109173	0.023256572	0.1314340714	-0.0742925417	0.0033662254	0.0156618435	0.0733224214	-0.022157425	-0.0623408613	0.0093526571	0.022602806	-0.0926711232	0.0726514272	0.0759708502	0.0668229494	0.0712419153	0.0328303199	0.0045121003	0.072876769	-0.0029358237	0.0382489127	-0.0154441079	0.1951476659	-0.0365653849	0.0327458867	0.0725651078	0.0299220919	0.009535295	-0.0726243701	-0.0659262249	-0.0084681431	-0.0018745508	-0.0066208716	0.0024375461	-0.1118573829	-0.086206343	-0.0485532934	-0.0407036961	0.0832955716	-0.0414448745	-0.0138936589	0.0671707157	-0.067632422	0.0469112774	0.0287680179	0.0254632443	0.0194346502	-0.0019481159	0.0954121904	-0.0325207156	0.0842405238	0.0334435506	-0.0979254517	-0.0359280332	-0.013849103	-0.0407959771	-0.0369270231	-0.048931268	0.1121405657	0.040780735	0.0078650861	-0.0996851245	-0.0751929198	-0.0095586985	0.0358961059	-0.1497564281	-0.0206414597	-0.0276114597	-0.0006028736	0.0097375033	0.1079400513	0.0188991664	0.0072799204	0.0528495692	-0.0558961485	0.0466689918	0.0411861544	-0.0495149437	-0.0019920032	0.0329966019	0.0465981723	-0.0814532348	0.0171272126	0.1032297308	0.0807110816	0.0023579436	0.0335534597	-0.0807689061	-0.1079722093	-0.0075648947	0.0421516035	0.0204003007	0.0725658389	0.0968867489	0.0083245211	0.0264087232	0.06501392	-0.0271107081	-0.0162094338	-0.0451972622	-0.0493988036	-0.0386368415	-0.0495846265	0.0092798582	0.0332500885	0.0311364926	0.019769024	0.0602096088	-0.078814908	0.0112040262	0.0621536617	-0.1036312889	0.0	0.0	0.1404298533702359	-0.0001531232409633	0.0197205437175859	2.3446726923107855e-08	0.1006766281984568	0.0069509853827298	4.831619779092468e-05	0.0101357834654103	-0.2215716366476527	0.0122104425617735	0.0001490949075543	0.0490939901667194	-0.0011082496066934	-0.0003652931378881	1.2282171907360757e-06	1.3343907658820746e-07	-0.0021379835730297	9.171191408549996e-05	4.570973758544843e-06	8.411075185226127e-09	0.0044508318350476	-7.836380628249966e-05	1.980990402387319e-05	6.140886135081134e-09	0.0	0.0
58.80616133271832	0.2306720336963295	3458.164610689695	0.0532095871296005	65.52495100313263	0.4316620256915797	0.186332104424158	4293.519203962932	58.94621188108819	0.0691746383509155	3474.655895130142	0.0047851305909799	62.63397519003064	50.83820381746703	0.99631	31.816967	0.1803657926628588	0.0908835429037231	0.0650961783	-0.08528687	0.0943229544	-0.0324951993	-0.0917970385	-0.1696154825	0.0202018269	0.0465438108	-0.1452815396	-0.0673024887	0.0271554489	0.0098892128	-0.0530667115	-0.1527245584	-0.0699496805	0.0074268048	0.0524230593	0.1097699513	-0.0371141813	-0.0697943596	-0.1589736316	-0.0361036112	0.1065750045	-0.0714459712	0.0761878021	-0.046215412	-0.0333491929	0.0338090819	0.0080454569	0.060628822	-0.1892807243	-0.0727697586	-0.004210588	-0.0961505889	-0.0890168295	0.1811362661	-0.0091865922	0.0391170121	-0.081175162	0.1709897574	-0.017847044	0.0140620363	0.1093171148	0.0572292431	-0.0224759155	0.0472802916	-0.0085123892	-0.0420564878	0.058071509	-0.0356488663	-0.0608457139	0.1119025276	-0.0713247986	-0.0284946353	0.0268014307	-0.0192682541	-0.1493157464	-0.0651162972	-0.0941151112	0.0396261858	0.0451954999	-0.1254322391	-0.024413692	0.0517447026	-0.0556429392	-0.0064804737	0.0334333772	-0.0034544985	-0.0068452115	0.0289235435	0.0108909581	0.0170703535	-0.1210584842	0.0013908419	-0.0696474046	-0.198469844	0.0698576927	0.0310774822	-0.1404344825	0.0931871599	0.0241735807	0.0711484438	-0.0586102347	0.0359825841	-0.0597813259	0.0215581658	0.0007767869	0.0990547997	-0.1212754742	-0.0130768428	-0.0264261199	-0.0065627567	-0.0656596826	0.0263090348	-0.1415563931	0.0505588989	0.0264191477	-0.0561159676	-0.0291911787	0.1209838751	-0.0423049852	-0.1434225101	0.1159295053	0.0768267424	0.018485468	0.013468853	0.1509286859	-0.0307237456	-0.0249905242	0.0263373534	-0.0758952449	-0.0542728992	-0.0800057434	0.1006163275	-0.0295219042	0.0746804981	-0.0606616922	-0.0437136901	-0.1353120561	-0.0898446375	-0.015854998	-0.0310313935	0.0663345041	0.1764489792	0.063588143	-0.1377389625	-0.0314913118	-0.0238412268	-0.1693417473	-0.0091368294	0.0026234644	0.0830238137	0.1062531276	-0.0599475044	0.110674538	-0.0033906054	0.0222021711	0.0264428382	0.0669545285	-0.0119659354	-0.0457818265	-0.0732419199	-0.0243223853	0.0444924922	0.0455897752	0.0812929239	-0.0617681846	-0.0668480676	0.0049554099	0.028062001	-0.0279467038	0.0630217844	0.0321767889	0.0481037682	0.0433421188	0.0392134297	-0.0226759279	-0.1035477546	-0.1971758031	0.0089273705	-0.048968157	-0.0491333731	-0.0665498969	0.0998300765	-0.0102239003	0.039703948	-0.0416962126	-0.0752255101	-0.0115570352	-0.0853370433	-0.0909836821	-0.0420622759	-0.0905918652	0.170513062	-0.043820806	0.1287271046	-0.0893105377	0.072338215	0.0344994966	-0.0789902261	-0.047430599	-0.0117718804	0.0264511751	0.113831969	-0.0065622292	0.0521398241	-0.2079288948	-0.0120632527	-0.0753125501	-0.1720045864	-0.0867930567	0.0327559578	-0.0648172049	0.1619506217	0.0124565191	0.1092087509	0.0593197439	0.0413166639	0.0376410296	-0.080053581	0.0149169788	0.057522261	-0.1018013597	0.0	0.0	0.1298087705344102	-0.0106210828358256	0.0168503169076551	0.0001128074006054	0.0987350943559448	-0.001941533842512	3.7695536616194113e-06	0.0097486188574773	-0.2549168180590158	-0.033345181411363	0.0011119011233567	0.0649825841293333	4.121678769746168e-05	0.0011494663943908	1.6988235880976283e-09	1.3212729918339278e-06	-0.0032989358932218	-0.0011609523201921	1.0882978027587116e-05	1.3478102897594205e-06	0.0040720906581674	-0.0003787411768801	1.658192232833421e-05	1.4344487906459884e-07	0.0	0.0
58.81359398194415	0.0074326492258336	3459.038837072977	5.524427451428545e-05	65.64843909945378	0.1234880963211537	0.0152493099330225	4309.717556194692	58.95417250347278	0.0079606223845942	3475.5944555692263	6.337150875010342e-05	62.62251770276134	50.87607456198384	1.080907	34.518539	0.3433609782703292	0.1907612913429205	0.1055065464	-0.0521198891	0.1834432446	0.030366635	0.0770887659	0.1018158686	0.1473689761	0.0072309248	-0.12230885	0.0126809299	0.0558243498	0.1181327462	0.062654406	-0.0853017861	-0.0304170108	-0.0210161144	-0.0389008897	-0.014697288	0.0146128268	-0.0118248154	-0.0799051618	0.0744422102	0.0540726273	-0.0130999171	0.0491917196	0.1028236629	0.1054504381	0.0309737124	0.0844576991	-0.086430975	0.0220204247	0.1066394681	-0.0334619552	0.0170088193	0.0276253727	0.0075481588	-0.0479763432	0.0542209125	-0.1188787253	0.0512241086	0.1587005837	0.1693348668	0.1062496738	0.0061391678	-0.0744662628	0.0114834359	0.0020781947	0.0407688356	0.2098951306	0.0315932555	-0.1472166152	-0.027628097	0.0617264335	-0.101695778	0.0652158168	-0.0082188969	0.020859485	0.10402581	0.0397752349	-0.0249823433	0.0529186772	0.1287913353	-0.0347218998	-0.0164539284	0.1046810238	0.0993713906	-0.1909413535	0.0234993298	-0.0870080623	-0.0297161073	0.0747137659	0.1823174773	-0.0413611242	0.0368269752	0.0599345169	0.0564949678	0.0101031826	0.057555398	0.0138953481	0.0140522103	0.0435028037	-0.0187928299	-0.0312164845	0.0332596273	0.0067122391	-0.1322125521	-0.0583027132	0.0139577611	-0.0270720551	0.0192605404	-0.0194490796	0.1320340867	0.1185097007	0.1171890999	-0.025451961	0.0468915358	0.0983498105	0.0002226389	0.1006943394	0.1407968417	0.029738652	0.0104397229	0.0558925052	-0.0017273308	0.0700969534	0.0247274238	0.1804403689	-0.0420460376	-0.0170768234	0.0989757974	0.0263216904	0.1060676322	-0.1037655319	0.0993792271	-0.0360591802	-0.0404959228	-0.0648030707	-0.0844330116	0.1356081292	-0.0474125271	-0.0119399885	-0.1236131763	-0.0429887439	0.0411377801	0.1184055517	0.026425774	0.0823563707	-0.0377867611	0.076238932	-0.1045643196	0.0987497717	0.1069123527	-0.074040837	0.0904136551	0.1189648922	-0.034535776	0.0444160954	-0.0172503173	-0.1351860109	-0.0539160428	-0.062997794	0.0625781266	-0.0931728732	0.0069806846	0.1141455701	0.1021034364	-0.0986537852	-0.0280962069	0.0676079542	-0.0026699	-0.0699030023	0.1500403868	-0.0162088086	0.030348755	0.0646053582	-0.01177588	0.0153391377	-0.0126726069	-0.0250155993	-0.1305210033	-0.1514082511	0.0139312515	0.0803477851	-0.0058316925	0.0652591574	0.0856272884	0.0265706946	-0.0367661164	-0.0205189894	-0.133021826	0.0436549736	-0.0414689599	0.0537827327	0.0095925496	0.0809685288	0.1145019945	-0.0480252873	0.0567967381	0.0103460088	-0.1340189252	-0.051169863	-0.0062203762	-0.2196236583	-0.1864042594	-0.0751569259	-0.0870824897	0.1780991276	0.11335261	0.10589874	-0.0158376019	-0.0796535317	0.007188159	0.1042597724	0.1002011602	-0.0680035567	-0.1218809615	0.0058672036	0.0367616191	-0.0905951415	-0.0812673177	0.0186113467	0.0527296337	-0.0994642612	0.0	0.0	0.1224537346135576	-0.0073550359208525	0.0149949171208075	5.409655339703203e-05	0.0696617666236107	-0.029073327732334	0.0008452583854317	0.0048527617291224	-0.1850286569334613	0.0698881611255544	0.0048843550655114	0.0342356038866005	-0.0027920580830304	-0.0028332748707278	7.795588339015392e-06	8.02744649309798e-06	-0.0016120037063072	0.0016869321869146	2.5985559491481496e-06	2.845740203248475e-06	0.0042927726703567	0.0002206820121892	1.8427897199361397e-05	4.8700550503918246e-08	0.0	0.0
58.7185906480781	-0.0950033338660532	3447.8728876965647	0.0090256334456647	65.70333791128995	0.0548988118361677	0.0030138795410229	4316.928612685151	58.79857020187941	-0.155602301593376	3457.271857785341	0.0242120762611559	62.54124980693214	51.21846482970498	1.351536	43.16103	0.2944911063985287	0.1702605586492233	-0.077521105	0.1983572888	0.0046559389	0.030013237	-0.1865491084	-0.0573711386	-0.1129020103	-0.0195027572	0.0540267014	0.0846304485	0.2120943872	0.039519786	-0.0155069053	-0.1389029017	0.0437394823	-0.0516990062	-0.0323173588	-0.0223310047	-0.1018303473	-0.0479853386	0.0400876314	-0.1617167568	-0.0326501317	-0.0465915846	-0.0693131852	-0.0902810133	-0.0624629747	0.0703163938	0.0563873962	-0.0320068647	-0.0041020062	0.0179568706	-0.0178792256	0.0670695882	-0.1891444215	-0.0318326574	-0.0085237521	0.0633701377	-0.0584655107	-0.0229751917	-0.0368604624	-0.0729619093	0.0206109244	-0.0590973499	0.1111437755	-0.0687641853	0.066481254	0.0272561084	0.0745701567	-0.0805752334	0.1470502048	-0.0117769505	0.1620173495	-0.0866120464	-0.0682553971	0.0393333117	0.0288624911	-0.0859361917	-0.1294770737	-0.0771392722	-0.0558238755	0.049323555	0.078097633	-0.0238978162	0.0881357594	0.1460905564	0.0206386333	-0.1195845191	-0.0487685696	0.1613007223	-0.0145696569	0.0015565044	0.0420996292	-0.0578081133	-0.0380740761	0.0521511913	0.0383654656	0.0003050197	-0.0438922183	0.0640151667	-0.0240478464	-0.1238677772	-0.019787894	-0.0076549624	0.0959475796	-0.0378306277	-0.0745871638	0.013192547	-0.0654394494	-0.0106796716	0.0767032819	0.048065669	0.0869860185	-0.0638051323	0.0006397754	-0.0909714318	-0.0713468463	0.0797492287	-0.1634264741	-0.0413478774	0.0178878136	-0.1174476759	-0.0079325811	0.0415661085	-0.0659959476	-0.0509204383	-0.1520562456	-0.0489859513	-0.1875017485	-0.0547607515	-0.0461354426	-0.0526650262	-0.1377887789	0.2751700085	-0.0733650935	0.0525700098	-0.0287897792	0.2561845179	-0.0107003613	0.0997064619	-0.0382600359	0.1000063874	0.1291015933	-0.1010774875	-0.2085077324	0.0869584444	-0.0013263598	-0.0136541328	0.2154029559	-0.0003710633	-0.0683524684	0.1248167707	-0.1404355625	-0.0013466079	-0.0120694771	-0.0810972733	0.0534375878	-0.0333324346	0.0528765527	-0.0833765356	-0.0881309995	-0.0303255933	0.0407897424	-0.0299777119	0.0170552739	0.0389037682	0.0544324513	-0.0332758105	0.0675394009	0.0343716183	0.0361735997	-0.0504819397	-0.013675526	-0.0105767067	-0.0048128465	-0.0416649964	-0.0706400751	-0.0425714735	0.0574645579	-0.0847616415	0.1169220978	-0.0472529477	0.0965255421	0.1162267155	-0.0524356264	-0.0474870566	-0.0695505522	0.0323881107	-0.0213277942	0.0815677746	0.0627848541	-0.0952219097	-0.0483273443	0.0375654895	-0.0832582922	-0.1551953599	0.0443267806	0.1341839342	-0.0023322542	-0.0036622634	-0.021039938	-0.0001057316	-0.0096868756	0.2414841784	0.1124394069	0.0477878051	0.0472587786	0.0247780128	-0.0539794233	0.0166837352	0.1244461937	-0.0411170453	0.0208026142	-0.0381015242	0.0519553983	-0.1131486508	-0.1373918185	-0.0508317848	0.0071204112	-0.0824557403	0.0222825273	0.0477892128	-0.0966316368	0.0	0.0	0.1285389698216192	0.0060852352080615	0.0165222667628031	3.7030087537432384e-05	0.0818197770848314	0.0121580104612206	0.0001478172183751	0.0066944759222115	-0.1254699346511998	0.0595587222822615	0.0035472413998955	0.0157427045013763	-0.0053760216809066	-0.0025839635978762	2.8901609113577827e-05	6.6768678751493175e-06	-0.0028938205734394	-0.0012818168671322	8.374197511261139e-06	1.6430544808646085e-06	0.0038247703664254	-0.0004680023039313	1.4628868355885888e-05	2.1902615648500506e-07	0.0	0.0
58.94289297146857	0.2243023233904679	3474.2646318459983	0.050311532278362	65.83113809901464	0.1278001877246879	0.0163328879824654	4333.738743411536	58.83926032388932	0.0406901220099129	3462.058555462416	0.0016556860291816	62.72031301183731	51.559709490596	1.019511	32.557884	0.2031094297925659	0.1104056901602248	-0.0384586182	0.0680461898	0.070246944	0.0618443345	-0.0892162784	0.0584348383	-0.0228294828	-0.0440615469	-0.0217458958	-0.0414669163	0.1655174546	0.0846196428	-0.0574230785	0.0273365494	-0.0358781755	-0.1160685002	0.1374783053	-0.0527020998	-0.0357911943	0.0040359763	-0.0190605752	0.0091051146	0.0506693955	-0.0079025349	-0.0280655903	-0.0769143687	0.0368981933	-0.0507867968	0.093190688	0.0914117259	-0.0157346667	-0.1024463526	-0.069794063	0.0295315062	0.0456781813	-0.0167139805	0.0277507297	0.0247203885	-0.0479442029	-0.0115806801	-0.0135121131	0.062959072	0.034097704	0.1365919866	0.0331577189	0.0053000801	-0.0056999807	-0.035988463	-0.0390461109	0.0857175405	-0.1274464789	-0.0330769297	-0.0650931633	-0.0403444266	-0.1351556156	0.1058290853	0.1316620457	-0.1090460057	0.1415754352	0.0601062239	0.1284327979	-0.0487680886	0.0264363289	0.0649231636	0.0874755899	0.1302949606	-0.0104694503	-0.0221571776	-0.0655118731	-0.1610655577	0.0250897481	-0.1072042852	0.0137737559	0.0412084313	-0.0522372756	-0.0488970985	0.031730896	0.0131079272	-0.0980637863	-0.1640623008	-0.0707675501	-0.0421158788	0.1369679173	0.0265313704	-0.0872384167	0.0577815813	0.0296373497	0.0086111761	-0.0334561873	-0.1370892151	0.0507745655	-0.1027263905	-0.0129207032	-0.1172441518	0.0090226644	0.116399581	0.0200191394	0.0693745293	0.060453747	-0.0056241551	-0.0026210988	-0.0497875714	-0.0173823579	0.07698987	-0.0229452727	-0.0683058136	-0.0115065469	-0.0774741421	-0.0742384226	0.0473667778	-0.0409317001	-0.080358606	-0.0061470561	0.0855012988	0.0458359516	-0.0178853768	0.0463834632	0.0774672878	0.0549155031	-0.0558799235	-0.0880975048	-0.0077848416	0.0151610264	-0.0771532808	0.0900790657	0.0303751368	-0.0220248137	-0.0734803192	0.0884298457	0.0171993875	-0.0081462141	0.0252446071	0.0554503774	0.044324718	-0.0546270756	0.0646151205	0.0345932217	-0.0504212592	-0.0554673127	0.0483919206	-0.0507710911	-0.0038483038	-0.0385612416	-0.0794891141	0.0697408681	-0.0083949142	-0.0699526457	0.0797935282	0.0095821586	0.0508220917	0.1180236939	-0.0705880243	-0.081499027	0.0907931111	-0.0593956035	0.007730705	-0.0482451553	-0.015142078	0.0187551075	-0.0838051887	-0.0832123666	0.0274520392	-0.0203762075	0.0577699415	-0.1085385631	0.089136444	0.0056607155	0.0723998632	-0.0919699395	-0.0335838172	0.1242325372	-0.0197527647	0.0168017982	0.0782540321	0.0318231038	-0.0603014835	-0.0090588029	-0.0003825041	-0.0279109356	-0.0527240688	-0.0164840169	-0.0228375129	-0.0497723957	0.1483698194	0.0921302825	0.0120318516	-0.017242128	0.0385733552	-0.0116722453	0.1015807577	-0.0691656749	0.0080399003	0.0595080307	0.0457068138	0.0053061793	-0.0531559324	0.0301143147	0.1463725484	0.0482339595	-0.0836184785	0.0259259465	0.0427148457	-0.0933175984	0.0	0.0	0.144454564674092	0.0159155948524728	0.0208671212551814	0.000253306159508	0.0876485948536753	0.0058288177688438	3.397511658239028e-05	0.0076822761798237	-0.168362410558494	-0.0428924759072942	0.0018397644894578	0.0283459012890668	-0.0038758320184421	0.0015001896624645	1.5022073835180962e-05	2.2505690233653512e-06	-0.0025908129416201	0.0003030076318193	6.712311698466196e-06	9.181362494074055e-08	0.0047910238974207	0.0009662535309953	2.295390998565624e-05	9.33645886160886e-07	0.0	0.0
58.893700316315446	-0.0491926551531207	3468.467936947974	0.0024199173210138	65.91207546458054	0.0809373655659015	0.0065508571447483	4344.40169204856	58.9639332685372	0.1246729446478767	3476.745426496508	0.0155433431271725	62.67904775235823	51.67366559077532	0.9093770000000002	29.040758	0.0572437769215709	0.0296336052352	-0.0261342387	0.0633360286	0.0625384825	0.1113159534	-0.0652622434	0.1267787779	0.0020158977	-0.0586004392	0.0229024661	-0.0907253492	0.0828998739	0.0972959333	0.087645208	0.0877379908	0.0271144597	0.0783759492	0.0673085664	0.0354662683	0.0364658478	0.0030309527	0.07556259	0.0168159139	0.0769311055	-0.0356320836	-0.027684483	-0.0854166574	0.0069263575	0.180698178	-0.0336630285	-0.1646781555	-0.080628255	-0.0881746712	0.0278416315	0.0828012105	-0.0175104811	-0.0565418152	-0.1514305105	-0.0984082515	0.0747303655	0.0823195555	0.0649809596	0.0278477383	-0.0235082369	-0.0589169585	-0.0513203615	0.0139399128	-0.0340899998	-0.025466351	-0.0193107222	0.0699159681	0.0726231486	0.0989499536	-0.1377311194	0.0821148442	-0.0345872621	0.1377120082	-0.0146480019	0.1392442064	-0.1233175111	0.0095163517	-0.0005318623	-0.0589565347	-0.0271505616	-0.0830427946	-0.0111146774	0.0287381991	0.0517273184	-0.0069827596	-0.0138522852	0.0453386733	-0.1300973896	0.0056734	0.0547375691	0.1268313034	-0.0599419713	-0.1637473536	0.055987548	0.035826188	-0.0034134123	-0.1629245997	0.0910405461	-0.0861085761	-0.1683815622	-0.0389355405	-0.1122594781	0.0029522495	-0.023510493	0.0343882089	0.0251579764	0.0252028349	-0.0320924713	0.009994323	0.03773258	0.0526831211	-0.00189765	-0.0086022056	-0.0197087322	-0.0431836648	0.049852252	0.0216473024	0.0298204605	0.0782065055	0.0897033611	0.0057645608	0.0395600297	-0.0430612376	-0.0261330185	-0.0922813262	0.0166857647	0.0823311792	-0.0747422092	0.0406939689	0.0413313457	-0.0174784262	0.0121967706	-0.1217614235	0.0269863582	0.0790138767	0.0903205539	-0.0729681985	0.1105186625	0.162455823	0.0514892096	-0.1305751251	0.0275702047	0.1627587757	-0.0414107143	-0.0840942079	-0.0097486791	-0.0660059915	-0.0258908677	-0.0597150585	0.0753451525	-0.0101571969	-0.0217434735	0.0384777314	-0.0671195176	0.0135676901	-0.0565019445	0.1074266471	-0.0925271694	0.113748971	0.0538372525	0.152874945	-0.0575187269	-0.0704836313	0.0190715356	0.0879048554	-0.0238183257	0.0595295517	-0.1077275201	-0.0352869851	-0.0705313623	0.0065134758	-0.1842815328	0.0055531139	-0.0452903907	0.029067412	-0.0213688382	-0.0094094114	-0.0175286929	-0.0605581102	0.0021510968	0.0706698114	0.0972718655	-0.0939503712	0.0686494221	-0.0956262199	0.0080641962	-0.0897790417	-0.0272341493	-0.1114700534	0.1096916038	0.1013665542	0.0018096137	-0.050640787	-0.0040417938	0.0212793937	-0.0583665053	-0.0983703616	0.0263592311	-0.0304280447	0.0761918476	0.0809392406	0.0845284923	-0.0640473561	0.0560545677	-0.0845607956	-0.0962878965	0.1185237418	-0.0521934381	-0.0386966962	0.0191501528	0.0289056663	-0.0018207836	-0.0924641305	0.0370359562	-0.0178626345	0.0748588671	-0.0847551701	0.0295370653	0.037520755	-0.0895386565	0.0	0.0	0.1240076979016464	-0.0204468667724456	0.0153779091388659	0.0004180743608101	0.0955357593995245	0.0078871645458492	6.220736457330064e-05	0.0091270813240438	-0.1679664778058978	0.0003959327525961	1.567627445784e-07	0.0282127376665191	-0.0036200949293495	0.0002557370890925	1.310508729750196e-05	6.540145873755636e-08	-0.0025451862067562	4.56267348639002e-05	6.477972827062013e-06	2.081798934340646e-09	0.0050599363304778	0.000268912433057	2.560295566848914e-05	7.231389665268894e-08	0.0	0.0
58.81617829358935	-0.0775220227260931	3459.3428290632914	0.0060096640075448	65.49618097821121	-0.415894486369325	0.1729682237924046	4289.749722730597	58.99108643299368	0.0271531644564859	3479.948278544932	0.0007372943400009	62.64945407703588	51.34690897642594	0.94242	30.095987	0.0857021457706802	0.0579582421860584	-0.0124666309	0.0457681677	0.0731785179	0.0553599722	-0.0918015323	-0.0449945178	-0.11740749	0.0348567521	0.105131506	-0.0246404245	0.1400814458	0.0219823901	0.0390108962	0.0162654737	-0.0877877642	0.126821491	-0.0148546858	0.0154480779	0.0230475277	0.0777188287	-0.0057445254	0.1290036103	0.0746731942	0.050719365	-0.0006919484	0.0133211716	0.0035200597	0.0595377376	0.0249045947	0.0995414386	-0.0752688207	-0.1149585976	-0.0646168784	-0.0200644691	-0.0081193804	-0.1756864156	0.0160560462	-0.0707223738	0.0859553264	-0.0551113287	-0.1241777845	-0.0090275071	-0.0720033291	-0.010815032	-0.0468060844	-0.0158933676	0.0910694449	0.0642238438	-0.106188429	-0.0355172189	-0.0215500198	-0.1178977658	0.0862477396	0.0727679433	0.0127793222	0.0206205211	-0.104800446	0.1080497512	0.0203468323	0.0843998489	-0.092633015	-0.0804211058	-0.0049915477	-0.0950450971	0.0939371764	-0.1372867771	-0.1421716984	-0.0497815655	0.0517686553	-0.035924293	-0.0037292418	0.0092421071	-0.0519001707	0.0904031031	-0.0379759126	0.1083547324	-0.0132659093	0.0187466976	0.0081591662	-0.0802143804	-0.1055717376	0.0433782311	-0.0246754882	0.0156667216	0.0140242691	0.0015691031	-0.0047343445	-0.1329684183	-0.018435525	-0.1998305449	0.1089298534	0.0103942325	0.0063766438	0.0911805065	-0.0238427744	-0.0016577666	-0.0495528964	0.0922967774	-0.0642825985	-0.0070253681	0.1216730741	0.0767143646	0.0202357476	0.0181168929	0.0233333672	-0.0247081662	-0.0067076283	-0.0537883421	-0.0615609054	0.0690010712	-0.0819496136	-0.03799175	0.1033089783	-0.0628437217	-0.0739064064	-0.1062102354	-0.004351215	0.067476891	0.1000249562	0.0693555613	0.0546285233	0.2690588694	-0.0277107017	0.032158341	0.0589713764	0.0450149202	0.0797176257	-0.1531111127	-0.1116743056	-0.1202670383	-0.0851092919	-0.0285858247	-0.0111288531	0.0643925181	-0.0519696305	0.0918679649	0.0143930133	0.0838317378	0.1431348279	0.0714969482	-0.1346581979	0.0492246013	-0.0609266675	0.0064814772	-0.0888564317	-0.0846253376	-0.0224580092	0.0511094104	-0.0330061959	0.0406131718	-0.1188829705	-0.0120828793	-0.0503155024	-0.0603231086	0.1357128038	0.031708265	0.0492650227	-0.069683177	0.0185780357	-0.1313678458	-0.0703772588	0.1219980152	0.0013364963	-0.0190709313	0.0712718727	-0.0178320847	0.1239459239	-0.1155420277	-0.1122208477	0.0574856986	-0.0241085302	-0.0337567244	-0.0636012034	-0.0679119382	0.0360604161	-0.0292948988	-0.0159710365	-0.0361469502	-0.1107595464	-0.0087310475	0.0310205278	-0.0398282144	-0.0439124948	0.0730334765	0.0237071526	0.0635997881	0.0630118657	0.0385872455	0.0134635645	-0.0231864146	-0.0083328907	0.0417581496	0.028497437	0.0357809872	-0.0836909156	-0.0378388296	-0.0024542789	0.0073618228	0.0464430943	-0.085865461	0.0331113845	0.032221499	-0.0853136375	0.0	0.0	0.1773115227863968	0.0533038248847504	0.0314393761128309	0.0028412977473441	0.0972446234525392	0.0017088640530147	2.920216351685855e-06	0.0094565167904261	-0.1785962484504679	-0.0106297706445701	0.0001129920239561	0.0318966199605812	-0.0033088672554711	0.0003112276738784	1.094860251432885e-05	9.68626649877597e-08	-0.0026348999461622	-8.971373940599991e-05	6.942697726285564e-06	8.048555038207661e-09	0.0050601886409603	2.5231048250001775e-07	2.5605509082103644e-05	6.366057957939176e-14	0.0	0.0
58.938676428215366	0.1224981346260136	3473.767579109869	0.0150057929868529	65.85890062600062	0.3627196477894046	0.1315655428924697	4337.394791665424	59.084628630600086	0.0935421976064034	3490.9933404159274	0.0087501427330354	62.79067626200042	51.87961132154042	1.020619	32.593266	0.1532420546674193	0.0819769110387223	-0.0425423407	-0.0317884838	0.0097031758	0.021033292	-0.0780762798	-0.0918698298	0.1604439729	-0.031835745	0.0240537681	0.0308653255	-0.135876579	-0.0216449201	0.1133554109	-0.0159428504	-0.0695487176	0.0873116467	-0.0681029321	0.0482107439	0.0310583099	-0.0324442397	0.0684962204	0.1682171966	0.1445092206	-0.0391603078	-0.0488744529	0.1427438649	0.0590790237	0.0256226576	0.0691146409	-0.0983879519	-0.0350407122	-0.1582046817	0.0544170776	-0.1150765931	0.0583746462	-0.0130735922	0.1911060463	0.0275455861	-0.0304507503	-0.0355835455	0.0114686497	0.1052165179	-0.0528059986	0.079999097	-0.141534243	-0.0432354641	-0.0024454114	-0.0453810456	0.0463588974	0.0370026745	0.0484284317	-0.0658341555	0.0419150617	0.0847815705	0.0603319596	0.0786274479	0.1605726695	-0.0032186231	0.0343776299	-0.0541010807	0.0858961101	0.0183979333	-0.1058162902	0.092941554	-0.0944391139	0.0122717378	0.0951521251	-0.0574053243	0.1172531998	0.0174505881	0.1904142197	0.0048484367	0.0270213825	0.0079698455	0.0256355295	-0.0738211244	0.2218054932	0.1016943892	0.0851668514	-0.0009261155	0.068031664	0.0297221587	0.093761059	0.0204322466	0.0358243493	0.0651921723	0.0522711784	-0.0314211919	-0.0547189576	-0.0627543044	-0.0795761037	0.068057913	0.0385266532	0.1145614183	-0.0381055551	0.0168042176	-0.0136775188	-0.0279347681	0.0109773947	-0.0108285311	-0.0761723361	-0.2009170583	0.0767794239	-0.0516495036	-0.1566375155	-0.0643988965	0.0019955527	-0.0557825148	0.0609884473	0.0378926085	-0.0363723653	0.0779032058	-0.0149208705	-0.0087429592	-0.1822292264	-0.0003806616	0.0192032504	-0.0780532449	0.1173133092	0.0509150482	0.1630625244	0.0068092945	-0.1441549847	0.0729519439	0.0733755371	-0.0546745832	0.0611120205	0.0460292825	0.0852935956	-0.0359990324	-0.1443770729	0.0370243431	0.1149242556	0.0567573214	-0.0667998947	-0.0085988505	0.0778686558	0.0389599983	0.0455184896	0.154483418	0.0388873509	0.0058572328	0.1058165948	-0.0113142697	0.0476932641	0.0508746835	-0.001143661	0.1210388622	-0.0085058083	0.0498110573	-0.0003104217	0.0818647437	0.0784457338	-0.0610494707	0.0442771809	-0.0784069222	-0.0900759899	0.0865899999	0.0147804924	0.0615736826	-0.0694952361	0.0821670996	-0.1060538592	-0.0910058941	-0.0181724547	0.0696168731	-0.0288312457	0.0445591894	-0.0732539832	0.0380933214	-0.0090954728	0.0475524488	-0.0332807823	0.0460390345	0.0179467081	-0.0609358892	-0.0359179996	0.0387460193	0.0821328988	-0.0912810134	-0.0897906004	0.0060081776	-0.0524531703	-0.1001291553	0.0548767804	0.0214949089	0.0023425446	0.0574163838	0.0460828677	0.1429476132	-0.1207016441	0.1725098094	-0.0040074197	-0.0374279945	-0.0642737482	0.0961443657	0.1319650296	0.0027245467	-0.1221149809	-0.0869490055	0.0366444511	0.0268319309	-0.0806635902	0.0	0.0	0.1364630094216323	-0.0408485133647645	0.0186221529404085	0.0016686010441113	0.0679118518155235	-0.0293327716370156	0.0008604114919093	0.0046120196170136	-0.1500294546875338	0.0285667937629341	0.000816061705894	0.0225088372738387	-0.0042806778470737	-0.0009718105916026	1.832420283042753e-05	9.44415825950996e-07	-0.0025188578759944	0.0001160420701677	6.34464499945902e-06	1.346576204882856e-08	0.0050581617846766	-2.0268562836997864e-06	2.5585000639962767e-05	4.108146394773309e-12	0.0	0.0
58.98362103248248	0.0449446042671155	3479.06755010351	0.0020200174527276	66.35647524827681	0.4975746222761898	0.247580504733293	4403.181807375173	59.038910695333776	-0.0457179352663104	3485.592976091597	0.0020901296050145	62.75518302452608	52.64419839835112	1.237619	39.523102	0.4591506994355068	0.3295798049348302	-0.2162002938	0.1241259003	-0.1493039	-0.0094167079	-0.1187093851	0.0830746007	0.1785112783	-0.1584061228	0.1953752478	0.1576947986	-0.0502793831	-0.0623304244	-0.0095121418	-0.0444500735	0.103431417	-0.0243127767	-0.0386886224	0.0702056433	-0.0819644195	0.0031940853	-0.060817757	-0.0351821526	-0.1013901799	-0.0460082733	0.0061012627	-0.0362569548	0.0779210889	0.0062994146	0.1490935769	-0.1223981322	0.0034489251	0.0568002406	-0.0162287784	0.0457584144	-0.0606829521	0.0253479985	0.1222769181	-0.0198442332	-0.0547279844	-0.0128273316	-0.0943663382	0.0063323907	0.0853367997	0.0627719639	-0.0562644633	-0.0650228424	-0.0496551059	0.1865203324	-0.0086138376	-0.0531818593	-0.0406950056	0.0069622515	0.0157027103	-0.0930219612	-0.0390566223	0.0254918497	0.0830443307	-0.0326834612	-0.0587525448	-0.0248090257	0.0087623821	0.1104837303	0.0404826053	0.0517577536	-0.0676333712	0.0690563051	-0.0161116715	0.0751350037	-0.0199985328	0.0276576874	-0.0375888084	-0.0541350069	-0.0469177285	0.0454035583	-0.0528217658	0.0219583716	0.1544688249	-0.0897864687	0.0185873202	-0.0523680138	-0.023588282	-0.1365753738	-0.006036962	-0.039731078	0.0890590573	0.0552211994	-0.0551354909	-0.0224377176	-0.0993904912	0.1023241995	0.0769131092	-0.0191787745	-0.0091944172	0.1488925726	-0.095943524	-0.0669116397	-0.1516032664	-0.1045519522	0.0383587702	0.0728459656	0.0170130155	-0.0122998794	0.0047081727	-0.0581985434	-0.0106279709	-0.1251756825	-0.3046928809	-0.023576114	0.012788371	-0.0459784742	-0.0656588742	0.1212166854	-0.135269432	0.0522748133	-0.1274339222	0.2022532022	-0.0038807819	0.0190318824	0.075046887	-0.0779098479	0.0441782367	0.0027910037	0.1417133236	-0.1020822765	-0.2591146436	0.0414022682	-0.0546813466	0.1477532029	-0.0151580742	-0.0043705593	-0.1401755616	0.0485480187	-0.0056862289	0.0493738245	0.0276270149	-0.1807755884	-0.0421386498	-0.0079870189	-0.0471262349	-0.0850457636	-0.0291669924	-0.0840854971	-0.1670894186	-0.015256608	0.0613010889	0.0961459562	-0.0264004208	-0.0786316052	-0.0548659366	0.1360917204	0.033654664	0.1334437336	0.1193569414	0.0111921912	0.0718287952	-0.0805548125	0.0271957064	0.0195861519	-0.0748742	0.1150935205	-0.066316119	0.0649708511	0.0137155899	-0.0254388801	0.0742970982	-0.0089445366	0.0041105829	0.0055530971	0.132326918	-0.1035624676	0.0610405018	-0.0268305098	0.0544370847	0.0341221128	0.0341340114	-0.3042621782	0.0578293751	0.1547897532	0.1141838854	0.0599369328	-0.2219991152	0.0161878196	0.0505841605	0.0189533427	0.0122589353	-0.0036629005	0.0677247389	0.024266633	0.1398684717	0.0010611683	0.0190600926	-0.1247473621	-0.2561693024	0.0049294083	-0.0055034158	-0.0054860203	-0.0578801928	0.0318484161	-0.0564130825	-0.0880054659	0.0401318633	0.0213671566	-0.0756116809	0.0	0.0	0.1347395617032987	-0.0017234477183336	0.018154749487997	2.970272037829305e-06	0.0475684525368365	-0.020343399278687	0.000413853894212	0.0022627576767492	-0.0579737557364126	0.0920556989511211	0.0084742517093794	0.0033609563541852	-0.0100412868632619	-0.0057606090161881	0.0001008274418703	3.3184616237388774e-05	-0.0033529727034287	-0.0008341148274342	1.1242425949937965e-05	6.957475453457518e-07	0.0047523225585518	-0.0003058392261247	2.258456970052033e-05	9.353763223661649e-08	0.0	0.0
58.903541131816326	-0.0800799006661563	3469.627157867578	0.0064127904907014	66.0020850379512	-0.3543902103256044	0.1255924211746261	4356.275229356942	58.9660049816002	-0.0729057137335758	3476.9897434900995	0.0053152430950021	62.71479546990292	52.556521270658585	0.975927	31.166033	0.2065551741420313	0.1144171786430544	-0.1705152541	0.1025741598	-0.1840999233	-0.0158623159	0.0130485372	0.0283920189	-0.0380651171	-0.0941751568	0.2139633057	0.0844285619	0.0209557497	-0.0704982947	-0.0694571727	0.0586877061	0.079503329	0.0239328753	-0.0249226398	0.002183199	-0.0226701226	0.043028792	0.0580920466	0.0122836933	-0.0030064178	-0.0072559731	-0.0716847435	0.0447694853	-0.0997998604	0.046377912	0.0893646681	0.0804881289	-0.0945328787	-0.0309740658	0.0510726267	0.0370345761	0.1096191826	0.0740538244	0.1395180137	-0.0185404406	0.1198017448	0.0446361678	0.039610758	0.0976092039	-0.0223709919	0.0881577526	-0.0345025863	0.0082910564	-0.058670184	0.0762146946	-0.0360939175	0.0599893807	-0.1442284616	0.0527137342	-0.043198163	0.0010443287	0.0237369854	0.0236440851	0.153877304	0.0236206915	-0.0272402365	-0.1499887055	0.0531282016	-0.1473741153	0.0770037301	-0.0437091405	-0.0309121806	-0.0998106177	-0.1219896798	0.0366782626	-0.0833856096	0.0289836225	-0.0729752971	0.0254446408	-0.0400783295	0.112761534	-0.0505750526	-0.0143539177	0.0062311319	-0.1444486934	-0.0680934275	-0.0379587361	-0.0128728583	-0.0497023317	-0.0826578316	-0.1314534868	-0.028493449	-0.0422313327	-0.182051838	-0.0492060462	0.0682475367	-0.1089447259	0.0452785873	-0.0002244159	0.0933504743	-0.0757373218	-0.0519119832	-0.0662923991	-0.061550383	-0.019744072	0.0767056075	0.0492576321	-0.043440655	-0.0087431275	0.0318492462	-0.0175890796	-0.0556904302	-0.0848384368	-0.2388647267	0.0042604475	0.0729495341	-0.0196553424	-0.0357961678	0.0227256381	-0.0459554042	-0.0521382164	-0.0353333613	0.0602622565	-0.0154792997	-0.0026384095	0.0263584076	-0.129659737	-0.0439433839	-0.0750386125	0.0486005243	0.0177763512	-0.1186045955	-0.0020091497	0.0422165738	0.0785164291	-0.0187105114	0.0695915382	0.0182161158	-0.0293517326	-0.0094045694	-0.1224616466	-0.0377651848	0.0286799158	0.0362584074	0.0257154343	0.0325394591	0.0135826233	-0.0640060842	0.0470358427	-0.0509466555	-0.0091726058	-0.0288473197	0.0776321916	-0.0911492088	-0.0841109667	-0.0492977256	-0.0762829959	-0.0130197789	-0.005120932	0.025403871	0.0103769211	-0.0264868439	-0.0098537535	-0.1136934665	-0.0336117149	0.0559392601	-0.0010640221	0.0078090429	-0.0910869695	-0.0800104779	0.0955131857	0.0109637417	-0.0417842355	0.0800718733	-0.062210441	-0.1712541755	0.0329989107	-0.090678172	0.0125536167	-0.0545535793	-0.014010262	0.0797572333	-0.2475116947	0.0587945816	0.0485606113	-0.0404690447	0.0776219448	-0.1268628781	0.0406847505	0.0520320316	0.0267887586	-0.0481016984	-0.040584307	0.0400166011	0.0083400083	0.1160045933	-0.0014960287	-0.0124466398	-0.0157129558	-0.0755919293	0.0944778064	0.0542252351	0.0991291383	0.0297649098	-0.023484574	-0.0268635309	-0.0890345132	0.0435692762	0.0158424933	-0.0701830781	0.0	0.0	0.150523411453392	0.0157838497500932	0.0226572973955671	0.0002491299129335	0.0694281709122606	0.021859718375424	0.0004778472874528	0.004820270916222	-0.0875188238666666	-0.0295450681302539	0.0008729110508213	0.0076595445310046	-0.0082742760918912	0.0017670107713706	6.846364484484232e-05	3.122327066140074e-06	-0.0029452742391218	0.0004076984643068	8.674640343634498e-06	1.6621803779820458e-07	0.0053649440805994	0.0006126215220476	2.8782624987958545e-05	3.753051292759184e-07	0.0	0.0
58.88256934425209	-0.0209717875642354	3467.156972580656	0.0004398158736394	65.88649672982078	-0.1155883081304267	0.0133606569764544	4341.030451328684	58.85075251355305	-0.1152524680471529	3463.4110714114704	0.01328313139096	62.68979315733347	52.48853104611933	0.890194	28.428164	0.0865975137037485	0.0471099645105698	-0.1412660324	0.1318582747	-0.1602126867	-0.0062431809	0.0207208223	-0.0396349032	0.0738349401	-0.0552845974	0.1625528252	0.0585219494	0.0323613212	-0.0580638527	-0.11991541	-0.0420176417	0.0702634625	0.0644780819	0.009863428	-0.0199653712	-0.1126652834	-0.0355150245	0.0289681565	-0.1012300603	0.1027176485	-0.0571919862	0.0363675094	-0.0182962398	0.0031930308	0.0379078813	0.0872152243	0.0098128003	-0.0483664449	-0.0021706242	-0.0546959808	0.0629703318	-0.0770554972	0.0793125791	-0.0362972417	-0.0098762248	-0.0063219752	-0.1207619501	-0.049282329	-0.0561517709	-0.088555335	-0.09524948	0.0055081859	-0.0018487297	0.0487071198	0.1700662753	-0.1084325466	0.023488946	0.0176100573	-0.0511647068	-0.0460777911	0.0145790843	-0.0616014461	0.1003483332	0.1167070235	-0.0324718153	0.0434456535	0.030253754	0.0175854013	-0.0337509983	-0.0374236388	-0.0401657976	0.048229325	0.0867821416	0.0274605046	-0.0425135232	-0.0602809641	-0.0459778944	0.0052750447	-0.0155330168	-0.0131558568	-0.0059606665	-0.0407891022	0.0056233639	-0.002249416	0.0477477645	-0.0338336915	0.0533247533	-0.1758624476	-0.147459143	-0.145363856	-0.0175485009	-0.0501884581	0.0814953406	-0.0261724872	0.0495709996	-0.0008596882	0.0662641616	-0.1133499878	0.0171338787	0.0814659445	0.0004098936	0.2175541478	-0.2067339709	0.0685064605	0.0355111915	0.0078531969	0.007299719	0.0188178144	-0.0402325964	-0.0776520166	0.0064085025	-0.0749985743	-0.0741329777	-0.2186517153	0.0509989158	0.031278541	0.0159934696	-0.0358074373	-0.0108001385	-0.0794266595	-0.0477253548	-0.0189128572	0.0375961015	-0.0071986584	0.0409207321	0.081593702	-0.0575278281	-0.0170575408	-0.0931037758	0.0529307579	0.0048110847	-0.027976051	0.0497478942	-0.0345426386	0.0550030287	-0.0254721021	0.0017497474	0.1019326895	-0.0532312542	0.0212502795	0.0140254252	0.0414786865	0.1597099463	0.1069431458	0.011453856	0.0645741908	-0.0603409614	0.0941693516	0.0409550592	-0.0202707942	0.0285811712	0.0245876026	0.0155185159	0.0242721702	0.1297784715	-0.0404844525	-0.0546446127	-0.1956705252	0.0101883964	-0.062115068	0.0010793584	0.0224033869	-0.063186662	-0.0834500438	-0.049663316	0.0589331401	-0.0055989484	0.0337512645	0.0416405678	0.0047282272	-0.0578035875	0.0441462565	0.0266996623	-0.0565765995	0.003571776	-0.043020214	0.0381871241	0.01292734	0.1732648112	0.0043945689	-0.0161268338	0.0373941807	-0.2229593077	0.0477338557	0.0667708077	0.0287835111	0.1069250042	-0.1397278168	0.0042269337	0.0075519387	0.0412737367	-0.0345000496	-0.0514356111	-0.016420287	-0.00263748	0.0988384565	0.0628374232	-0.0830341346	0.0145293412	-0.0031644821	0.0995958438	0.0463726307	0.0819251406	0.0146774725	0.024275171	0.0191128905	-0.0900358269	0.0469524072	0.0102734258	-0.0644048267	0.0	0.0	0.1567764776894193	0.0062530662360273	0.0245788639567009	3.910083735214476e-05	0.066717010186224	-0.0027111607260365	7.350392482403283e-06	0.0044511594481887	-0.0886571401862212	-0.0011383163195546	1.2957640433643424e-06	0.0078600885059992	-0.0075628673163204	0.0007114087755708	5.719696204426732e-05	5.061024459591456e-07	-0.0033447780094637	-0.0003995037703418	1.118753993259195e-05	1.596032625173935e-07	0.0049459572180695	-0.0004189868625299	2.4462492802973783e-05	1.755499909726497e-07	0.0	0.0
58.876826633730026	-0.0057427105220639	3466.480714458301	3.297872414022444e-05	65.92620411359039	0.0397073837696098	0.001576676325827	4346.264388826782	58.98771216140364	0.1369596478505954	3479.550186036607	0.0187579451393591	62.69703505369864	52.37828363571968	0.871517	27.83173	0.0422512140402122	0.027849971313433	-0.1259392341	0.1402831656	-0.1530685493	0.0105466124	0.0404552955	-0.0486564723	0.0639952051	-0.0476004366	0.1456282028	0.0664330882	-0.0560399431	0.0038896077	-0.0993759429	0.0103854804	-0.0881692073	-0.0680613929	-0.0006079371	0.0602543896	-0.0545693597	-0.0701228479	-0.0785684507	0.0920314474	-0.0184177123	-0.0993700954	0.0062739488	0.0620108843	-0.0342829739	0.0292770189	0.0598991204	-0.017551895	-0.1126195303	0.0317928174	-0.0377444763	0.039635505	0.0570256255	0.0225811759	-0.0576052571	-0.12057109	0.064791461	0.0343335439	0.1128576176	0.090003907	-0.0196733578	-0.1163294186	-0.0176488416	-0.0588318456	0.0303180885	0.1519278075	-0.1418753769	-0.0864549489	-0.1436570645	-0.0366420263	0.0805585866	0.0418851336	0.0372988789	0.1164196584	-0.0336318011	-0.049797473	-0.0221231231	-0.0416915278	-0.1015784623	0.0026181618	-0.1163761154	0.0068473346	-0.0276861988	-0.0894292697	0.0276150458	0.0058105471	-0.0300463222	0.058838128	0.0036837364	0.0388074653	0.064845355	0.0159370316	-0.0629688646	0.0272750442	0.0156855511	-0.0983597878	-0.1229922383	0.1360022762	-0.0264116899	0.1952884689	-0.0198166803	-0.0564798712	0.0931790728	-0.0409730902	-0.0130052339	-0.0246040357	0.1100700838	0.0449189437	0.0252599077	-0.0560990289	0.0876578425	-0.0267044213	-0.0507759624	-0.0529944591	-0.0917828991	0.063594741	0.0482913294	0.0478269716	-0.0263054722	0.0956194002	-0.0323452496	0.056125172	-0.0389095704	-0.0672240243	-0.1969195608	0.0278756284	0.0117755485	0.0468875542	-0.0059773164	-0.0527476891	-0.0468476404	-0.0492385259	0.0089923519	0.1578937607	-0.0400424588	0.0236992247	0.0263283837	0.0231517549	0.0073794232	-0.1148472694	-0.0143728194	0.0372939245	0.0242665566	0.0637750841	0.1190697667	0.0746105796	-0.0074511332	0.0565937698	0.0291541945	-0.0442063195	0.0142886925	0.027895155	0.0118897341	0.1089048475	-0.0282765621	0.1436104513	0.0756241781	0.0559234986	0.0638728144	0.0081522871	-0.0801305935	-0.0542028246	0.0115599485	-0.0291991379	0.0756092033	0.0490584809	-0.082024137	-0.0519441957	-0.1347506228	0.0035931531	-0.1446895612	-0.0210359412	0.0443691901	0.0407522596	0.1585997227	-0.0225242858	0.0127220875	-0.0095394259	0.0310378451	0.0314087795	-0.0550620541	0.0221244402	-0.063839853	-0.0139252522	0.0123638774	-0.0543828873	0.1308560233	-0.0331475767	-0.1669687647	-0.0503981497	-0.057831279	0.0752211476	0.1314462193	-0.2054508876	0.0529052521	0.0504558965	0.0026570999	0.1130595836	-0.0584611337	-0.0166480215	-0.003364639	0.0451828272	-0.0541683389	-0.0639591914	-0.0958567146	-0.0020631857	0.0606389988	0.0482500463	-0.0870303109	0.0519792962	0.0135116257	0.0338294812	0.0427274884	-0.0049324314	-0.0772418495	-0.015297685	-0.0131544854	-0.0910090951	0.0502770413	0.0046755634	-0.0583057138	0.0	0.0	0.1596531625197172	0.0028766848302979	0.0254891323025472	8.275315612866082e-06	0.0686027921033627	0.0018857819171387	3.556173439007316e-06	0.0047063430843772	-0.1075041643265919	-0.0188470241403707	0.0003552103189477	0.0115571453475588	-0.0072118932698987	0.0003509740464216	5.201140453641017e-05	1.231827812616212e-07	-0.0033428310656682	1.9469437954997178e-06	1.1174519533596394e-05	3.790590142834847e-12	0.0049260437452386	-1.9913472830900177e-05	2.426590698000433e-05	3.9654640018699946e-10	0.0	0.0
58.86583763606034	-0.0109889976696848	3465.186840595018	0.0001207580697843	65.82852422966147	-0.0976798839289188	0.009541359724367	4333.394602255127	58.90737651616467	-0.0803356452389749	3470.0790080171887	0.0064538158959624	62.67506616885795	52.43208137870113	0.883671	28.219845	0.0903059719097766	0.0626652339945347	-0.0963171527	0.1312596577	-0.1323581275	0.0142610647	0.0594638707	0.0112436371	0.0188603586	-0.0330767444	0.1659989785	0.061927856	-0.0629834236	-0.0391935803	-0.0011188689	0.0152441723	-0.0525980979	-0.0641427084	0.0258822792	0.0471911337	-0.0611277459	-0.0009474114	-0.015565057	0.0128251834	0.1000795123	-0.1500034736	-0.0412415628	0.062277738	0.041493701	-0.0143848296	0.0199296004	0.0342058433	-0.0107339645	0.0438952666	-0.0237310944	0.0855288814	0.0457956951	0.0511521981	0.1207531778	0.0538679094	0.0497435895	0.0081790385	0.1018744224	-0.0713360554	-0.0323938166	-0.0854584208	0.0645129361	0.0227943168	0.0870063351	0.1644210871	-0.0307670195	0.1320355625	-0.0300604198	-0.0628264715	-0.0548127671	0.0148759821	0.1087440497	0.0633381832	-0.1645990272	-0.0585919949	-0.0288615885	-0.1238077597	-0.0772054801	0.0274743043	-0.0054650999	-0.0203763931	-0.1283457673	0.1039043512	-0.0810898969	-0.0009922679	0.0815193559	0.0824437057	0.0028110226	0.0068182221	-0.0934673821	-0.0663473519	-0.0695192598	-0.1435833503	-0.100719975	-0.0132991502	-0.0136747306	0.0559234774	0.0330930205	-0.056942675	0.0339154224	-0.0327826294	-0.0768673905	0.0890918055	-0.0161986834	-0.0788845804	0.040811177	-0.0766871182	0.0854112479	0.0846697071	0.0137409184	-0.1270883574	0.0870990461	-0.0554336596	-0.0169464552	0.1852116122	0.0679967336	0.0055088441	-0.0829551552	-0.0670169928	-0.0760022252	0.1996267106	4.62128e-05	-0.0510089156	-0.1780816847	0.0138062015	-0.0130719429	0.0845082466	-0.0252330826	0.0101281974	-0.0187926168	-0.0451290395	-0.0056172627	0.14662759	-0.1175727515	-0.0120588158	-0.065514272	0.0234701201	-0.0038155274	-0.0444479498	-0.0568230407	0.0353745922	0.0864527639	0.0493845867	0.0363151617	0.0297704884	-0.0451655587	-0.0930841701	-0.0417695114	-0.15193272	-0.0040984502	0.0364694177	-0.1301861646	0.1685178526	0.0422518073	-0.0096150606	-0.0593539203	0.007714742	0.0928602142	-0.1283172956	-0.0146107595	-0.1080374399	0.0034786184	-0.0913557865	0.0540432995	-0.0366281083	-0.0737277931	-0.0633505104	-0.0127393617	0.02744369	-0.0745215053	0.10495261	0.0913103587	0.0580295646	0.0848472631	-0.0377629501	-0.0005503826	0.0570073381	-0.0873737754	0.0798124728	0.0217691062	0.0585249737	0.0410433854	-0.0121145531	-0.0332212674	0.0397032493	-0.0325493987	-0.0689703466	-0.0616829176	0.1056533534	-0.0507341526	-0.0139259826	-0.0616290193	-0.1698471847	0.0455374346	0.083381536	-0.0940722199	0.0625940886	9.29595e-05	0.0024033952	0.0024465618	-0.0366717457	-0.1065211937	-0.034163335	-0.0084332657	-0.0285850331	0.0072817272	-0.0060760123	0.0192890686	-0.0218008576	0.0072460802	0.033148588	0.0121398583	-0.000242671	-0.0408546007	-0.0650720175	-0.1415661421	-0.0919540145	0.0535390365	-0.000935404	-0.0519161246	0.0	0.0	0.1273579872062953	-0.0322951753134219	0.0162200569052388	0.0010429783485246	0.0698768119292339	0.0012740198258711	1.6231265167128627e-06	0.0048827688453935	-0.1121727289988854	-0.0046685646722934	2.1795496099386903e-05	0.0125827211310573	-0.0061929019415063	0.0010189913283924	3.83520344571125e-05	1.038343327338909e-06	-0.0033377568417294	5.074223938800106e-06	1.114062073451142e-05	2.5747748581092064e-11	0.004908745055606	-1.729868963259995e-05	2.409577802093635e-05	2.9924466300502104e-10	0.0	0.0
58.9399950307177	0.0741573946573552	3473.9230142210267	0.0054993191823667	65.89033358951785	0.0618093598563831	0.0038203969658558	4341.536060537945	59.01371100241184	0.1063344862471709	3482.618086276184	0.0113070229654497	62.75133057352518	52.39821263626739	0.908899	29.025501	0.1537030843785985	0.0823519885470204	-0.0625372842	0.1231352763	-0.0449562552	0.0234646726	0.0658479297	-0.0051064505	0.0347000086	-0.0547678355	0.132533421	0.1331504668	-0.0339887583	0.0815048109	0.0415974436	-0.02478521	0.0290138894	-0.0575298264	-0.0157093911	0.0878159389	0.0183904375	0.0038864145	0.1374165301	-0.1300411639	0.0467205364	0.1092132766	-0.0246596115	0.075141776	0.0884848038	-0.056610837	0.0029822144	-0.0163860257	0.0136116662	-0.0474852685	0.0593078049	0.0491972429	0.0454255819	0.0854352597	0.0101498594	-0.0130642659	-0.0255120498	0.0227793475	-0.0456561702	-0.1311392431	0.1854818164	0.0550522257	-0.0241983648	-0.0801544992	0.069428223	-0.1111390505	0.0276121613	-0.01663066	-0.0368421376	0.021187046	-0.047508655	-0.0446386354	-0.0032939682	-0.0447274073	-0.01769515	-0.0741586709	-0.1005499992	0.1512495039	0.0176155428	-0.0900658196	0.1111080504	0.1550577612	-0.0256546654	-0.1828257354	0.0843067075	0.1397211664	0.0664331106	0.1293537365	0.0482429529	0.0694805002	0.0200279327	0.067408636	0.1325267729	-0.1794516844	0.0009901522	-0.0322681766	-0.0531797074	0.0832387985	-0.0741237129	-0.0614608429	-0.0886834059	-0.0049009112	0.0736372186	0.0411721305	-0.042755947	-0.0874034054	0.0599733705	0.0178403169	0.0334794198	0.0133820166	0.04096666	-0.1633421284	0.1269963679	-0.0847892483	-0.0131142182	0.0703394671	-0.0286614166	-0.057307731	0.0059380137	-0.0998362143	-0.0707069142	0.0237316237	-0.0236298661	-0.0640248901	-0.0844782113	0.0001282869	-0.0019630064	0.0897793262	0.0284614182	0.1346957356	-0.0329591433	0.0039647549	-0.0514658229	0.0029659089	-0.143101269	-0.0018144224	-0.043623574	0.0163829209	0.106117296	0.0019710293	-0.0310060815	0.0508437302	0.0867506968	0.0858443583	-0.0378463294	0.072071868	-0.0100942132	0.0463833611	-0.0260500163	-0.1127039488	0.0147487143	0.0556488125	0.0126283003	0.0433985294	0.0243961466	-0.0072053808	-0.0775446225	-0.021422335	0.0806227237	-0.0067615209	0.0339075151	-0.0682109494	-0.1154125301	-0.1237631571	0.055292127	-0.0614453221	0.148124526	0.1062984443	-0.0164823367	-0.174350105	0.052445931	0.099891251	0.1271961952	0.0256052574	0.0712165631	0.00785202	0.1464957182	0.0210925074	0.0058609816	-0.0693293485	0.0309326129	0.0764983913	0.030379966	-0.026518371	-0.135392598	-0.0264896597	-0.1277499627	0.0261074892	0.0228147102	0.017945384	-0.0613664225	-0.0949155765	-0.0570079366	-0.1181536864	0.0222302197	0.1246268689	-0.0801528173	0.0065918943	0.0583096306	0.0273520638	0.0176496357	-0.0889163194	-0.0349896947	-0.1248971706	-0.068761249	-0.0149230552	-0.0739516004	0.0385361216	-0.0234405729	-0.1616242731	-0.0705609638	-0.0532440055	-0.0554502303	0.0551784375	-0.0733593789	-0.1832245969	-0.0740750726	-0.0928702909	0.0567343287	-0.0065437496	-0.045267892	0.0	0.0	0.0933241143094676	-0.0340338728968276	0.0087093903116465	0.0011583045043574	0.0799202457469476	0.0100434338177137	0.0001008705628507	0.0063872456802524	-0.1663098683403276	-0.0541371393414421	0.0029308298560747	0.0276589723073771	-0.0053264097324364	0.0008664922090698	2.837064063779321e-05	7.508087483788342e-07	-0.0034302207814349	-9.246393970550014e-05	1.1766414609387855e-05	8.549580145862365e-09	0.0047579284379291	-0.0001508166176768	2.2637883020454445e-05	2.2745652167500192e-08	0.0	0.0
58.92773954493322	-0.0122554857844789	3472.4784878754863	0.0001501969318135	65.96218057548475	0.0718469859668999	0.0051619893925279	4351.0092662728575	59.08513166069808	0.0714206582862431	3491.0527833620267	0.0051009104300403	62.75883956813787	51.786036673125686	0.936248	29.898897	0.124704561524482	0.0741495004302314	-0.0610830092	0.1480669595	-0.0076842259	-0.0013845652	0.0088033481	-0.0639359919	-0.0088859058	-0.0459054574	0.0537846527	0.0619401127	-0.0090712325	-0.009967183	-0.1141834378	-0.0387397128	0.0608057576	-0.0446232162	-0.0422173172	0.0215717179	0.0274474408	-0.1677744338	0.0407540074	0.1118098979	-0.0498459613	0.0187664597	0.0510909889	-0.1054758403	0.0484414224	0.0358405935	-0.0798699262	0.0078341307	-0.0875041134	0.0492773921	0.0498477876	-0.0054379466	0.1014638725	0.0199330734	-0.0071692065	0.0621201287	0.1190192741	-0.0577983859	-0.0286129225	-0.1717951989	-0.0624071946	-0.025546643	-0.0245804195	-0.201386367	0.2039440144	-0.0155305463	0.0533199495	0.0225012488	0.0833510737	-0.0277266437	0.034080527	-0.0665420979	0.0995404503	-0.0007010636	-0.0477218851	0.0196735092	0.0788214019	0.0433551597	0.0691109831	-0.028257012	0.011537606	0.0124703736	-0.0632557626	-0.0433398373	-0.136256254	0.1408709244	-0.0075882092	0.156182802	0.0935717414	-0.0088272799	0.0384501861	0.047577473	0.0738481739	-0.1019940295	0.0474405996	-0.0772222095	0.0181787828	-0.0418136831	0.1144144332	0.0442157971	-0.045634259	-0.0619975236	0.0017341848	0.0189158038	-0.0307041728	-0.1088404687	0.0333333597	-0.0397642996	-0.0455547553	-0.0423471741	-0.1670559756	-0.0769445808	-0.0455374901	0.0093480602	-0.0518398143	-0.0478702043	-0.1229923598	0.0024309858	-0.0059016555	0.0375473932	-0.0424383083	0.0529098389	0.16632953	-0.0660895144	-0.0920342464	-0.0036706245	-0.0505305657	0.0752858961	0.0659445177	-0.0735572317	-0.0564394962	-0.048658841	-0.0524158766	-0.0285410335	-0.145560291	-0.0502267147	0.0098558571	0.1319525159	-0.0460325877	-0.0062474799	-0.1437772042	0.0117948105	0.0484045974	0.0869582981	-0.0283235464	0.0682807245	-0.0788668279	0.0294605452	-0.0117395067	-0.05319169	0.0489897883	0.0143153658	0.0870173599	-0.1093781889	-0.0085260674	0.0778244816	0.0265529443	-0.0101251218	-0.0881893016	0.0359067721	0.023246579	0.0312465967	-0.0537587569	0.0018023745	-0.0395212223	0.0923215364	0.1582437536	-0.0947215119	0.137897272	-0.077923089	-0.0579803506	0.0755484913	-0.0884300795	0.1520872403	-0.055132258	0.0493021122	-0.0640435663	-0.0403489772	0.1019236258	0.0562469188	0.0587034354	-0.0124304101	-0.0281591636	-0.0439520968	-0.1215494812	-0.0143505945	0.0405644741	0.0546139725	-0.0072771449	0.0753075238	0.080916261	-0.0150580215	0.0495920948	-0.1174469808	0.0269407113	0.0433987041	-0.0240005407	0.1067427345	0.0553153455	-0.0482456721	-0.070685559	0.0151331047	-0.0056284697	-0.046428831	-0.0827758367	0.0113116169	0.0641530721	0.0668581773	0.0010088788	0.0127264445	-0.0135363343	-0.0620071728	-0.0064621907	0.0052757394	0.0426849664	-0.0247516713	0.0218759678	-0.0937576389	0.059858937	-0.012133754	-0.038394137	0.0	0.0	0.1544706405737343	0.0611465262642667	0.0238611787992598	0.0037388976741866	0.0923997011743438	0.0124794554273962	0.0001557368077643	0.008537704777108	-0.1654760544435234	0.0008338138968042	6.952456145038101e-07	0.0273823245941959	-0.0055317592918664	-0.0002053495594299	3.060036086315025e-05	4.2168441558094844e-08	-0.0037610162800174	-0.0003307954985825	1.4145243458555923e-05	1.0942566188244477e-07	0.0052266786986369	0.0004687502607078	2.731817021878472e-05	2.1972680691363086e-07	0.0	0.0
58.85201682350596	-0.0757227214272546	3463.5598841942287	0.0057339305403496	65.80517985985713	-0.1570007156276176	0.024649224707584	4330.321696388147	58.95793102551775	-0.1272006351803298	3476.037630809709	0.0161800015902793	62.6445961192133	52.2890738723995	0.922853	29.471128	0.0931923094154162	0.051874281054412	-0.0755662357	0.1149701522	-0.103860245	-0.0030696667	0.0734471432	-0.0266429253	0.0292401611	-0.0325043256	0.0655170159	0.066884761	-0.0015363783	0.0211562666	-0.0618476413	0.1013811257	0.0407008594	-0.0133853946	0.0221369587	0.0234445368	0.0915734982	0.0959146745	-0.0021520591	-0.1161492861	0.0267424462	-0.1125143105	-0.0101749701	-0.1752445646	0.2076955648	-0.0115571666	0.0163853185	-0.0122199911	-0.0429320623	0.022546536	-0.105336865	-0.2223860602	-0.0635392989	0.0033082644	0.1140648364	-0.0187591268	0.1008620655	0.0176653649	0.0221617595	-0.0589553665	-0.0592494272	0.0941324725	-0.0117383441	-0.0621863921	-0.0254377861	0.0680449865	-0.0572572114	0.0248521378	-0.0006488873	-0.0384164486	0.0193597509	0.0739419097	-0.0605635825	-0.0535010915	-0.024788314	0.092348739	-0.1133881692	0.0056858472	0.0081843616	-0.0265493645	-0.0584283782	-0.0925341175	0.1162249613	-0.0149009912	0.0976532187	-0.0961820018	0.0283890423	-0.0439819516	0.0488726864	0.0831773699	0.1297787638	0.0313975586	0.0406155844	0.0626957133	0.0921975878	-0.0491923781	-0.0750020045	0.0929032711	0.1527433742	-0.0659757109	0.156745099	-0.0822430687	-0.0250067781	0.1838734965	-0.0583796879	0.1082088114	0.0447776039	0.095314101	-0.0875426091	0.1808211827	-0.1072621853	-0.1088302689	0.0953610554	0.0374398059	0.0335474955	-0.0053102189	-0.0161521911	-0.0459902778	0.04024119	0.0134787512	-0.016257042	0.0102908901	0.0555875729	-0.0317994567	-0.1387382486	0.0376033071	-0.01876035	0.0183516254	0.0425485455	-0.0391129577	-0.0125324643	-0.0463813972	0.0074590933	0.011185161	-0.1291998545	0.0342626305	0.0069352027	0.0889396694	-0.0598353413	0.0392721525	-0.1302801582	0.0562569879	0.1190545516	0.096187144	0.0411809227	-0.0113057697	-0.0130564882	-0.0131989231	0.0421186119	-0.0312176555	-0.0544139732	-0.0762012153	0.0026165203	-0.052194533	-0.0319728542	0.005203334	0.0322308787	0.0061512657	-0.0171668693	0.1223832071	-0.1114919976	0.0968219657	0.0632846314	0.0746326237	-0.0022856253	0.0398406748	0.0694929507	0.0063462128	0.0436618888	0.0401444558	0.0366999815	0.0606726166	-0.0655104936	0.0885048195	-0.1097124395	0.0987678184	-0.110956044	-0.0506826142	0.0342226403	-0.1079259461	0.114321235	-0.0357770941	-0.0572686924	0.0005282213	-0.0673605581	0.0365347886	0.0459883862	0.1041827195	0.0035117613	0.0733461239	-0.1021313927	0.0393883374	0.0139057226	-0.1290485654	0.0577798081	0.0012483437	-0.0403157021	0.085877345	0.0093808942	0.0082995998	-0.0424804832	-0.0220003169	-0.0615883121	-0.0288301067	-0.0791350033	-0.0043726626	0.0468596201	-0.0082219231	0.0224293024	0.0354437114	0.0824526476	-0.0483513954	0.0082325537	-0.0407418605	-0.0482830858	-0.0458326281	-0.0338904323	-0.0946157819	0.0629089685	-0.0176897492	-0.0313291043	0.0	0.0	0.1517519661415178	-0.0027186744322164	0.0230286592278163	7.391190668387649e-06	0.0928871600783622	0.0004874589040183	2.3761618310681774e-07	0.0086280245074232	-0.1291467957253971	0.0363292587181262	0.0013198150390085	0.0166788948461374	-0.005555753212118	-2.3993920251600548e-05	3.086639375395948e-05	5.757082090401669e-10	-0.003013910849043	0.0007471054309744	9.083658605979096e-06	5.581665249914445e-07	0.005528717694632	0.000302038995995	3.0566719346936976e-05	9.122755510172797e-08	0.0	0.0
58.809673831203845	-0.0423429923021174	3458.5777361325822	0.0017929289970971	65.82575559716055	0.0205757373034174	0.0004233609655792	4333.030099937114	58.89874956139433	-0.0591814641234194	3469.062699895849	0.0035024456957915	62.59744542075995	51.84958550591013	0.891551	28.471512	0.0530005903854365	0.0286738268168088	-0.0581822457	0.097689448	-0.0828623249	-0.0672118301	0.034663911	-0.0232101698	-0.037726966	-0.0239797013	0.0303077147	0.1038146593	0.0472168744	-0.0651716164	-0.0712013447	-0.0378202056	0.057862962	-0.0098639985	0.0553090304	-0.0658212943	0.0401277605	0.0409139776	-0.0466627788	-0.0779966025	-0.1469316126	0.0258396805	0.0433970929	-0.0124391922	0.0035968228	-0.1636433969	0.078138787	0.1346927918	-0.0352711201	-0.0916641806	0.0984083008	-0.1038245441	0.0108287544	0.0117430337	0.0302543674	-0.1020297575	0.0704590181	-0.1196022672	0.0507508629	-0.047048116	-0.170577672	0.0516225359	0.0692331885	0.0091696513	0.0734264347	0.1269078006	0.0693219455	0.0686542246	-0.0384063395	0.0008270882	-0.1213847275	0.0354140249	-0.026058935	-0.0366724245	0.0228929865	-0.0439737609	0.098644312	0.0761371368	-0.0148323631	0.1456604771	0.0823661177	-0.029103079	0.1469940087	-0.0774496628	0.0066203458	-0.0986464231	-0.0445748484	-0.0959065469	-0.0004057627	-0.0196681291	0.0443093132	-0.0582225223	-0.0179888969	0.0112419088	0.0454470443	-0.0245787434	-0.0711906767	0.1181932743	0.0400472415	-0.0307507026	0.028831562	0.0193750558	-0.0206218986	-0.0010870065	0.0126634722	-0.101599882	0.0880601152	0.0253626689	0.0315639954	-0.170332573	-0.0253208315	0.1532067826	-0.1472001706	-0.0311440018	-0.0718655216	-0.0492984153	0.0113183486	-0.0112007378	-0.0324512673	-0.1919100334	0.1890276826	-0.0849540968	0.0398108941	-0.0141237453	-0.1214832948	0.0251586242	-0.0252799902	-0.0165610251	0.0488636726	-0.0126123923	0.0039408762	-0.0491858221	0.038041193	-0.0507721418	-0.0160836524	0.0766736499	0.0750795252	0.0492611676	-0.1099164447	0.0133979261	-0.0941307004	0.1511010994	0.0809640866	0.0735816903	0.0430784426	-0.0490020438	0.0296161474	-0.0371308999	0.0378274862	-0.0165276377	0.0202374236	-0.0409175123	-0.1267210886	0.0126259099	-0.0122900266	0.086411394	-0.0780695362	0.0421005381	0.0848982246	0.1329113906	0.1135548831	0.0317379715	-0.0609910691	0.0739370984	-0.1216370113	0.0406826522	7.06828e-05	0.0625845423	0.0963808471	0.0096389168	0.1505866573	-0.0328397546	0.1020399236	0.0561218289	-0.0553350909	0.0130353557	-0.0543560127	0.0909890627	0.168822558	0.0163191061	-0.0069263031	0.0669921732	-0.0576203371	0.1362729712	0.0313499536	0.096506791	0.0589048768	-0.1071200815	0.0269962168	-0.1234982712	0.0994216818	-0.0226055532	-0.0737061023	-0.1102188578	0.0772752193	-0.0250260779	-0.082570179	0.0651279236	-0.0171866824	0.0470036621	0.0131862562	-0.0307196231	-0.0490513445	-0.0132389749	0.0209545891	-0.0541775554	-0.061170164	-0.0090090667	-0.0084645858	-0.0410332348	0.1178973388	0.0107541933	0.0040203577	-0.0215135427	0.0867951552	-0.0441429051	-0.0197288369	-0.0954444529	0.0658806233	-0.0231961626	-0.0241079916	0.0	0.0	0.1620881533003739	0.010336187158856	0.0262725694403255	0.0001068367649829	0.0924233008122001	-0.0004638592661621	2.1516541880444497e-07	0.0085420665330224	-0.1366941024630605	-0.0075473067376633	5.696183899237903e-05	0.0186852776481816	-0.0051781030453216	0.0003776501667964	2.6812751147968824e-05	1.4261964848134925e-07	-0.0027008618845458	0.0003130489644971	7.294654919392291e-06	9.799965417276905e-08	0.0055310833077935	2.365613161499705e-06	3.0592882557751884e-05	5.5961256298606294e-12	0.0	0.0
58.78329012993233	-0.0263837012715129	3455.4751984998	0.0006960996927844	65.6244736477514	-0.2012819494091502	0.0405144231579477	4306.571541544418	58.96145241651436	0.0627028551200297	3476.4528710648874	0.0039316480402034	62.6106894188138	51.85119650914119	0.886001	28.29427	0.0598075957972836	0.0309411012203771	-0.0557339252	0.0425424065	-0.1145657477	-0.0667464752	0.0503595986	0.0267198729	-0.0768448806	0.0143857594	0.0702358112	0.0125767687	-0.0202574504	-0.0189909679	0.0086708771	-0.0240896131	0.0836244108	0.0056061232	0.0719498089	0.0219581346	-0.017384472	0.0436075214	-0.0520246787	-0.03003379	-0.0199700522	-0.019912407	0.0407688738	0.0349513763	-0.028450349	-0.1989574763	0.0311434198	-0.025451605	-0.0600743285	-0.0992964903	0.1239425126	-0.0401924516	-0.0016662531	-0.0107419756	-0.0058723589	0.0048518411	-0.0196414987	-0.0562649231	-0.0511893615	0.0621512546	-0.0803076148	-0.030811551	0.0145835355	0.0046376548	-0.041169578	0.0888504969	0.0247184276	-0.0938608349	0.0679479673	0.0406944733	0.0434967033	0.0067792449	0.0473721413	0.0484314015	0.0292723847	-0.159520122	0.0776404912	0.0778101663	-0.1340203065	0.0668161183	0.0663385748	0.0058957972	-0.024314133	0.0043832046	0.1060116415	0.0160359451	-0.0840717433	-0.0260587562	0.0326115453	0.0470388644	0.031100526	-0.0182446194	0.0969674665	-0.0090814835	-0.0697272975	-0.0757113668	-0.1237195305	0.0585604781	0.0609945771	0.1360866713	-0.0396815923	0.0292967784	0.0101629232	-0.0980563917	-0.0172485888	-0.0478722276	-0.0218574252	0.0410516663	-0.0115472715	0.0401247117	-0.11149368	-0.0172358223	0.1528843325	-0.0667257701	-0.0622616914	0.0256183418	0.0971451673	-0.0798660132	0.0063577217	-0.1228346903	-0.0029435556	-0.1301859834	0.073110818	-0.0081214228	-0.1143910917	0.010066718	-0.0219563609	-0.03185062	0.0144762443	0.0108642814	-0.0151498696	-0.0769948465	0.0432789484	-0.0490780175	-0.0010341481	0.0866052617	0.0615207755	-0.0059482474	-0.1386575656	0.0767854031	-0.0639455427	0.0766081662	0.0009741419	-0.0250307569	-0.0026440884	-0.0709251424	0.0207342451	0.0107588242	0.0170245858	-0.0287727431	0.1387156172	-0.0766934048	-0.074105856	-0.074385622	-0.0451973272	-0.0515465368	0.0104979916	0.0562721442	-0.0679010394	0.0676947339	0.0846968848	-0.0728925063	0.0074277366	0.0367279325	-0.0020444287	-0.0559945483	0.0686596976	0.086761575	0.1038251442	0.0709598351	0.1065973668	0.0183626846	0.0709007611	0.0161733654	0.1178125726	-0.0472736596	-0.0522774079	0.1700390336	-0.0048380036	-0.0448891905	-0.0080329546	-0.0262585789	-0.087202052	-0.1429150799	0.0233608576	0.0838125447	-0.1462929013	-0.0428201067	0.0314041353	0.0001360423	0.0548929092	-0.0718996795	-0.0254108176	-0.0886954059	0.0611637962	-0.0093663415	-0.0770221342	0.0232632972	-0.0059586067	0.0272825711	-0.0095147751	-0.0303747264	-0.0725161183	0.0026766793	-0.002419668	-0.003851591	-0.0234014104	-0.0631425196	0.0431283677	0.0008533584	0.1107922997	-0.0337168583	-0.0401440335	-0.0778518719	0.0273012569	0.0254824782	-0.0571418071	-0.0962433935	0.068770199	-0.0286375605	-0.0167667741	0.0	0.0	0.1551577648641426	-0.0069303884362313	0.0240739319976365	4.803028387704867e-05	0.094040093819359	0.0016167930071589	2.614019627997931e-06	0.0088435392455538	-0.121287080270747	0.0154070221923134	0.0002373763328344	0.0147105558406026	-0.004839057634144	0.0003390454111775	2.341647878656733e-05	1.1495179084058745e-07	-0.0030779271489789	-0.000377065264433	9.473635534421378e-06	1.4217821364200348e-07	0.0055301261401726	-9.571676209000138e-07	3.0582295126220296e-05	9.161698544993924e-13	0.0	0.0
58.83052576450872	0.0472356345763884	3461.0307617285243	0.0022312051738341	65.77534098595193	0.150867338200527	0.0227609537357121	4326.395481818247	58.97722367662799	0.015771260113631	3478.3129126030094	0.0002487326455718	62.64807155837341	51.68865552204194	0.916307	29.262062	0.0630056036853282	0.0411599880658975	-0.049140984	0.0707664473	-0.0559095373	-0.0825592794	0.019309546	-0.0098715634	0.0326401868	-0.0131981717	0.0686642784	0.1301792733	-0.0214962581	0.0304632078	-0.0567041138	0.0428308287	0.0925014766	0.0906855446	0.0484625668	-0.019904611	0.0102676847	-0.0231978484	-0.007320848	0.0598356807	0.0224758871	-0.0846077653	0.0633574818	-0.0074153532	-0.0117611558	-0.0061593457	-0.0379373757	0.132308292	0.0256879916	-0.0940232353	-0.030428893	0.0150254556	0.1036140507	0.028593317	-0.1187116251	0.1422978506	-0.0754449278	0.2095076717	-0.0489007047	0.1025841892	-0.0826327089	-0.0573309813	0.0261373652	-0.025482679	-0.0543770523	0.1899430664	-0.0595069851	-0.0288906527	-0.0397363027	-0.0338646615	0.0032790186	-0.0047079998	-0.1626770061	-0.0297816575	0.0002481682	-0.0572770476	-0.0809057059	-0.0003583584	0.0134826252	-0.0267324538	-0.0389508779	0.0672409041	-0.0049246976	0.0282102328	0.0321483508	-0.0249694236	0.0430957993	0.0037129597	0.1556874259	-0.1295638491	0.039370779	0.0682288784	0.0141608361	0.0548690794	-0.0575501321	-0.0479630402	0.0298452006	0.0486105399	0.0416810144	-0.0302826493	-0.0602028327	-0.0252164503	0.0485964159	0.0003715138	0.0995667098	0.0755122383	-0.0998100647	-0.0127346466	-0.0039261494	0.0193436194	-0.2296209546	-0.0413480259	-0.1042881619	-0.0146521323	-0.0466294152	0.1626244105	-0.0413642058	0.0398022145	-0.1664295749	-0.0180183984	-0.0146843781	0.104463474	0.0646995018	-0.0135581896	-0.0945301074	0.0435052194	-0.0271846128	0.0244058812	0.0105389171	0.0857461195	0.03188186	-0.0583368046	0.0111586025	-0.0252517536	0.0788835177	0.0031923838	0.0107993985	0.0100575394	-0.0762199404	0.0042049425	0.0186674438	0.0146011625	0.0401649747	-0.0810071344	0.0527471901	-0.0828377919	-0.044442126	0.0317142685	0.0797322392	0.1463200007	0.0932779436	-0.0668318791	0.0196189628	-0.1818167198	-0.1279704314	-0.0903054081	0.1211407346	-0.0112170328	-0.1134817657	0.0867132825	0.088124309	0.0896226217	0.0726682435	-0.0326164828	-0.0295542837	-0.0248193159	-0.0421357863	0.0300068093	0.0578583751	-0.0403404358	0.0565147999	0.0525957007	0.0428502204	0.0852478698	0.0417230043	-0.1170395448	0.0154043482	0.0633379177	-0.0149204098	0.0667173021	-0.0465364278	-0.0996092072	0.0186245119	-0.0938530276	-0.0273917638	0.0202579216	-0.0206824896	0.1076403355	-0.0717811038	0.0573607305	0.0081902361	0.0199931045	0.0759752287	-0.0893052522	0.0489002915	-0.016298353	-0.0462854752	0.0499215024	-0.007082275	0.066331769	0.009079937	-0.060023988	-0.0177963873	-0.0210580585	0.0432633008	-0.0448776788	3.58383e-05	0.0294032089	0.0026456187	-0.0668533322	0.0572473057	-0.0079677675	-0.0520957068	-0.0151705358	-0.0002434504	-0.0176273583	0.0264480013	-0.0970123549	0.0715740957	-0.0339986915	-0.0093420254	0.0	0.0	0.1555725089037594	0.0004147440396168	0.0242028055266102	1.7201261839766554e-07	0.0916654525168638	-0.0023746413024952	5.638921315516129e-06	0.0084025551851214	-0.1491782220065332	-0.0278911417357861	0.0007779157873257	0.0222541419210305	-0.004677377412414	0.00016168022173	2.187785945816068e-05	2.6140494098662182e-08	-0.0025959760170579	0.0004819511319209	6.739091481139799e-06	2.322768935599329e-07	0.0055329963186702	2.8701784975998165e-06	3.061404826241798e-05	8.23792460808434e-12	0.0	0.0
58.80430369391651	-0.0262220705922118	3457.9461329263627	0.0006875969861429	65.71871751509373	-0.0566234708581987	0.0032062174520292	4318.949831828687	58.942983106108855	-0.0342405705191382	3474.2752574470337	0.001172416669476	62.641456839029686	51.711854981931495	0.8900719999999999	28.424271	0.0696395627592518	0.037292486983366	-0.0402752399	0.0418273208	-0.0637008893	-0.0670397599	0.0709599545	-0.0308968108	-0.0163274838	-0.0149985262	0.076506663	0.0702350732	-0.087681555	0.0230292176	-0.0280767362	0.0596439129	0.1399063444	0.1078188687	-0.114613085	-0.0694292511	-0.104291704	-0.0690346269	0.0080617745	0.1150541905	0.0280523829	0.0047156766	-0.0959493898	0.0270735029	-0.0504601634	0.1464574777	0.0051438833	0.0229624182	0.0803267451	-0.0021430666	0.0202279887	-0.0971570953	-0.0459217609	0.0758409578	-0.0619876324	0.0911687343	0.0316641199	0.0467370262	-0.009346377	0.0031322331	-0.0289281227	0.0687704003	-8.907e-07	-0.0283375859	-0.0145949945	-0.0225998058	0.0715194814	0.106476295	-0.0350159015	0.0815464027	-0.0057938059	0.0636283076	0.0233129523	-0.0571961081	-0.0619625312	-0.0639431792	0.0086198207	0.0387994324	0.079687322	-0.0682220923	0.0112365439	-0.0548936888	0.0196116433	-0.0319446732	0.024297308	0.1473694531	-0.0007682847	0.0320209426	0.0433340911	0.0939628306	0.0291872262	0.1472674814	0.0325209928	-0.0305606423	0.0543457901	-0.0684184171	-0.1541372391	-0.1711679832	0.132161192	0.0134649246	0.261732917	0.0882025031	-0.0086952851	0.109338921	0.0925296365	0.0589829431	-0.0271076915	0.0854766145	0.0572752955	0.1042580867	-0.0359334417	-0.0398468877	0.1794998834	-0.0753649183	0.0543801599	-0.1261026375	-0.0352630483	-0.0076982081	0.0709292248	0.1226208318	-0.0772252873	-0.0336946652	-0.0455392249	-0.0083009162	-0.0830318793	0.0540275835	0.0151963921	0.0198669638	0.0130393133	0.1251559558	-0.0433264756	-0.0472454971	-0.0393425541	0.0144703559	0.0829602206	-0.0224689623	-0.0180374672	0.0242048036	0.0438324981	0.0441650815	0.0292160309	-0.0043473696	0.0654986681	-0.0830653799	0.0194219825	0.0467997297	-0.0664809595	0.0394164599	0.1179243069	-0.0629614514	0.0584401432	-0.0595071906	0.0362108373	-0.0865369912	-0.0194300832	0.048580116	-0.06173252	-0.0315189643	-0.0215828814	-0.0158608072	0.0391565512	0.1002317619	-0.0465804222	0.0857885794	0.0279683227	0.0396092798	0.093582679	0.0152249353	0.0355692701	-0.0850185871	-0.0526606343	-0.0864644499	-0.1826554128	-0.038326519	-0.0313341055	-0.0119081796	-0.0706361543	-0.016575481	-0.0128210045	0.0305133083	-0.0061663026	-0.0801731854	0.1069168932	-0.1236327405	0.0261592202	-0.0488613748	0.0084781904	-0.0164981302	0.0936653551	-0.0350081597	-0.0775293411	-0.1857009805	0.0288875141	-0.0693878602	0.0247033011	-0.0016526475	-0.0296723671	0.0016054919	-0.00199657	0.0683724832	0.0469265297	-0.0780006383	0.0025916669	-0.0639120542	-0.0655355506	-0.0147589161	-0.0230480594	0.0487319434	0.0336632948	-0.0156394182	-0.0136110986	-0.0112723368	0.0064024291	0.023895975	-0.0743171757	-0.0295581843	0.0731813629	-0.0977510977	0.0742888199	-0.039264529	-0.0018707352	0.0	0.0	0.1488013879315133	-0.0067711209722461	0.0221418530503447	4.5848079220791086e-05	0.0882739510202696	-0.0033915014965942	1.1502282401400708e-05	0.0077922904287289	-0.1776920531195998	-0.0285138311130666	0.0008130385647444	0.0315744657418586	-0.0045834336826815	9.394372973249925e-05	2.1007864323539305e-05	8.825424356052861e-09	-0.0031192204656802	-0.0005232444486222	9.729536313518204e-06	2.737847530140546e-07	0.0055309223134781	-2.074005192099701e-06	3.0591101637729936e-05	4.301497536856518e-12	0.0	0.0
58.87401382794509	0.0697101340285826	3466.14950421307	0.0048595027862829	65.79286797641458	0.0741504613208547	0.0054982909140955	4328.70147656192	58.958631456338495	0.0156483502296396	3476.120223204347	0.0002448708649094	62.684834842839024	51.57975665839402	0.923316	29.485918	0.0602509707112169	0.0327577420480203	-0.0482415615	0.0633408363	-0.0114081086	-0.0992250701	0.0175247775	-0.0404896901	-0.0959014874	-0.0064560752	0.0275540819	0.0440862378	0.0540977649	-0.0235922058	-0.0530147324	0.0274113308	-0.0174012821	-0.0025786176	-0.0030327531	-0.1598814399	0.0489859566	0.0762970936	0.010582376	0.183520473	0.0530912674	-0.0082139188	0.0794099178	0.001997073	0.0278214134	-0.0229589909	0.0328918477	0.0520603005	0.0494668306	0.0352247513	-0.0960033078	0.1305138093	-0.0397086764	0.0129938725	-0.0306237724	-0.0408994543	0.0166214812	0.100998266	-0.0319658695	0.0882431472	0.0147128493	-0.1606242012	0.0342729048	-0.0095276647	-0.0454866317	0.0690544845	0.0932377949	0.0612343212	-0.0297768294	0.0780905051	-0.1842547982	0.0193826868	-0.0264452249	-0.027549019	0.0558609385	0.0684221157	0.0473134337	0.047683	0.0069803093	-0.0431808143	0.0491415439	-0.0372667992	0.0468568441	-0.1567219313	0.0254509896	0.0342396643	0.0851294787	0.0017451269	-0.0301467092	-0.0714772908	-0.0256607992	-0.1011228907	0.0081036941	-0.0322740279	-0.0892756544	0.0729376008	-0.0037777745	-0.0580920714	0.1887547769	-0.0554278651	0.0471172207	0.0924748346	-0.0918912018	-0.2210467154	0.0468630535	-0.0773707607	-0.0443303572	0.1023079952	-0.0178658632	0.020894734	0.045327844	-0.0634422048	-0.0681454937	-0.0618165179	0.0583682108	-0.0290353982	-0.1263808226	0.0743993189	0.0220736686	-0.0476517012	0.0604415203	0.0797100656	0.0092674638	-0.0337663899	-0.0747466893	0.0449830142	-0.0833354488	0.0236230836	0.0020091732	0.0260941749	-0.0047410336	-0.0953903387	0.0246324791	0.0105785071	0.0828045947	0.0113330694	0.0071198503	0.0645307077	0.0140811838	-0.0401023589	0.0260000239	0.0253532265	0.0987957703	-0.0768665871	0.030968689	0.0085882587	-0.0972339238	0.0872778245	0.1112601634	0.037364232	-0.0938094038	-0.0005974942	0.0367683708	0.0130333011	-0.0665733771	0.004277467	-0.0468832762	-0.1542217692	-0.0320840892	-0.0877563449	0.0830609274	0.108782912	0.052238493	0.0206253135	0.1280372976	-0.0122878064	-0.0317027579	-0.0324653306	-0.0393231388	0.1226061837	-0.0609625497	0.092671944	-0.1215771331	-0.0337103693	-0.1644219127	-0.0251765357	-0.004208078	-0.0096835479	-0.0181628849	0.0156349671	-0.0351184113	0.0517910364	-0.0465890031	0.1273111908	0.0663759799	-0.1214577304	-0.1047734412	-0.0069194632	0.0758322374	0.0021379696	0.0020075674	-0.0359772944	-0.0120674961	-0.0746039401	0.0171436236	-0.0276106901	-0.087907372	0.0875538415	0.0324958412	0.0467399792	-0.0594208657	-0.0175991591	-0.0746510808	0.0245712259	0.0455111513	-0.0278240821	0.0512461987	-0.0103126396	-0.0786482878	-0.0222958771	-0.0094852436	-0.0398282431	-0.0082938148	0.0348675381	-0.0558949089	-0.0115901659	0.0221812502	-0.0984593917	0.0769109895	-0.0444203137	0.0056098749	0.0	0.0	0.1700524876514464	0.0212510997199331	0.0289178485564453	0.0004516092393065	0.0916160429016201	0.0033420918813505	1.1169578143389004e-05	0.0083934993169514	-0.1692463197836815	0.0084457333359183	7.133041158144172e-05	0.0286443167603201	-0.0045839322889435	-4.98606261999622e-07	2.1012435229618795e-05	2.4860820450523573e-13	-0.0025777173665486	0.0005415030991316	6.644626821806249e-06	2.932256063691275e-07	0.0055331615235648	2.2392100867000067e-06	3.061587644585794e-05	5.014061812379052e-12	0.0	0.0
58.95847347621958	0.084459648274489	3476.101594646088	0.0071334321866503	65.89369621516774	0.1008282387531522	0.0101663337300626	4341.979200896811	58.98784480242821	0.0292133460897119	3479.5658344353565	0.0008534195897572	62.74059501289205	51.97596979752565	0.906295	28.942329	0.0487998931691549	0.0304074235353177	-0.0665545048	0.0838652706	-0.0102552511	-0.026102841	0.0616073515	-0.0137365024	0.0196686027	-0.0296397683	-0.0368297081	0.0999141985	0.0596935152	0.0156231983	-0.0362754307	-0.0059209525	0.0439823691	-0.0573256684	-0.0472419355	-0.0913674838	-0.0294022839	0.0371805723	-0.060088687	0.0407450581	0.0802322759	-0.1420387662	0.0377150604	0.0373865265	-0.1467000465	-0.0568484114	-0.0120310793	0.0553935106	0.0995009	-0.0516851658	0.0773648858	0.155488322	0.0073704683	-0.0126091859	0.0390998752	0.0152163133	-0.1517160024	0.0781482756	-0.0077278236	-0.0296569512	0.0911747184	0.0240147723	0.0250115676	-0.0654878826	-0.0926378126	0.0460381927	0.0088695125	-0.1999288577	0.0341888268	0.0586922097	0.0019731796	0.091730175	-0.0151861115	-0.0013990024	0.0911732753	0.0831561588	-0.0309218487	-0.0007859227	0.0748515373	0.0499849614	-0.0571946025	-0.1022455498	-0.1007850537	0.0305493486	-0.0919439693	0.0168875956	-0.027610242	0.1336572079	0.0523914698	-0.0521184826	0.0629796638	-0.0674297698	0.1692486503	0.0757484331	-0.1311806694	0.2381983209	-0.2041851864	0.0663678598	0.1146239497	-0.0120514368	0.0231493601	0.0618206922	-0.0240099497	-0.015103256	-0.0017210236	-0.0360045732	-0.0340307075	-0.0570390737	0.0279988593	-0.1423725851	-0.0403074538	-0.0243773276	-0.1458255549	-0.0722504689	0.0535026029	0.0095382379	0.0103171431	-0.0795275441	0.0377903765	0.0191403505	0.090587296	-0.0653883091	0.0256592003	-0.0555738691	-0.0579604158	-0.0245933283	-0.1026340307	0.0376505536	-0.0113211119	0.0252286841	-0.0194864922	-0.0450349453	0.0513225309	0.0409304638	0.0245470252	-0.0409189877	-0.0149322592	0.0003774246	-0.0342866754	-0.0919717852	0.0178056785	-0.0183906529	0.0486184045	-0.080343013	0.1185186675	-0.1430867203	0.1202240127	0.1068524703	-0.0394764423	0.0114156809	-0.0654394007	0.0969325433	0.1181650981	-0.0302940505	-0.0915049399	0.0004486878	-0.013492381	-0.0656212175	-0.0371889065	-0.0246727104	0.0827356394	0.1126020391	-0.0751418222	-0.1638606677	0.0006645851	-0.0513822505	-0.0199503696	0.0231919235	-0.0340720151	-0.0118688697	0.0690035847	-0.0274450859	0.0223589601	0.0741970562	-0.0159770632	0.0600893362	0.0515037934	0.0820567747	-0.095818031	-0.0306115212	-0.0513702005	-0.0443050678	0.0741353734	-0.0275138528	-0.0021171035	0.0721172911	-0.0246566639	-0.089072724	0.1006563728	0.0537453541	-0.0225617644	0.0708377547	-0.0263359795	-0.0790701512	0.0118531409	0.0084348016	-0.0069313265	0.0330771534	0.0315909302	0.0043519089	-0.0476366354	-0.0205549727	-0.0082620698	-0.0764168585	-0.0628890819	-0.0093573765	-0.0448651138	-0.0228261466	-0.0233007845	-0.0008569772	0.0920736419	-0.0494124039	-0.0533744792	0.1280045204	-0.0016912765	-0.0549691973	0.0266195839	-0.0991370163	0.0794373376	-0.0494515946	0.0130625369	0.0	0.0	0.1412861442246225	-0.0287663434268239	0.0199617745498608	0.0008275025141499	0.0916299154645514	1.3872562931296906e-05	1.92448002282793e-10	0.0083960414080408	-0.1691399729829967	0.0001063468006847	1.1309642015887397e-08	0.0286083304606888	-0.0046899753783001	-0.0001060430893566	2.199586904906117e-05	1.1245136800291928e-08	-0.002784814469201	-0.0002070971026524	7.755191627871248e-06	4.2889209927018836e-08	0.0054480351079995	-8.512641556529966e-05	2.968108653799513e-05	7.2465066269960925e-09	0.0	0.0
58.94380160570618	-0.0146718705134034	3474.37174773285	0.000215263784362	66.08595711330197	0.1922608981342364	0.0369642529513832	4367.353727581188	59.0397169628735	0.051872160445292	3485.688179056213	0.0026907210292621	62.74675688995373	51.92365596566723	0.919917	29.377373	0.1332696784030981	0.0651850943783653	-0.023801147	0.0753022639	0.0461348154	0.0351017354	0.0259312695	-0.0209554662	-0.0581370216	-0.066824116	0.0177045462	0.0091310602	0.0718975112	0.0109248339	-0.0438559468	-0.0279990809	0.1404123437	0.0694398171	0.1174534387	-0.0218330546	0.0470561262	-0.0424203332	-0.1425968362	-0.0186751259	0.0365345521	0.0310988724	0.1230597715	-0.0391522129	-0.0914985857	0.091404427	-0.0736742674	0.1062854644	0.1281264523	0.083802175	-0.0706685369	-0.0642688529	0.082933735	-0.0383644029	0.1202464793	-0.0605309254	0.1096582037	-0.0126737384	0.16296108	-0.0582502834	-0.0553569127	-0.1015483177	-0.0192201055	0.0255710198	-0.0113809773	0.0402426809	-0.1014927422	-0.093305156	-0.0263466527	-0.0595888684	0.0451775815	0.0773421889	0.0196406009	-0.0838430256	-0.0648193869	0.0043397134	-0.1533000782	-0.0466091141	0.0465695942	0.0882628833	0.0350291764	-0.0785817501	0.0678533099	0.0253427632	-0.0836076771	-0.0165633528	-0.1794926271	0.1693324035	0.0065797546	-0.1506077789	-0.0094459618	-0.1445431302	0.0339390731	0.0820677651	-0.0225481617	0.0020144525	0.1177424264	-0.0467246966	-0.0947522866	0.0549293324	0.0468094402	-0.0086386662	-0.0405837391	-0.0922530814	0.0688572575	0.0823541702	-0.0237356446	0.0172063893	-0.0468774137	-0.1143588089	0.0018042352	-0.0373424511	0.0241767556	0.0220922462	0.0728087526	-0.0008813061	-0.0790487943	0.0642160488	-0.0899221463	0.0428660344	-0.018884602	0.0306162437	0.0480732537	-0.0440784995	-0.0026591353	-0.103395113	-0.1445859038	0.0445686166	-0.0514755384	-0.0365956862	0.0212322104	0.0143560517	0.0210264062	0.0110871937	-0.0290563128	-0.0499456736	-0.1203475351	-0.0492478825	-0.0655214514	-0.0891761017	0.0449267169	-0.1106322125	-0.0331500259	-0.0385153664	0.011506406	-0.1150220368	0.0377183768	0.0987442015	0.0033267981	-0.0376623495	-0.0210939336	-0.170994713	0.1281575367	0.0308799362	0.0035152437	-0.0353373969	0.0302002068	-0.0155635173	0.0656558374	0.0057940409	0.1224682572	0.073887073	-0.0388652958	0.0971132542	-0.0514414401	0.0247441101	-0.0186474911	-0.0294233856	-0.2447589185	0.0431919943	0.1210251775	-0.1354182713	0.1068547142	0.0196901089	0.1120540651	0.0896230048	0.1016607207	-0.0509500961	-0.1475303785	-0.0575179441	0.0682357647	0.0286887877	0.0432557184	-0.006604796	-0.0534503194	-0.0296905222	0.0077667089	0.0087685817	0.0453072945	-0.0281431171	0.0931092023	-0.0380908967	-0.0851458215	-0.0417814766	-0.0255175562	0.0736538433	-0.0209316057	0.0388453633	0.1068727881	-0.0635239871	-0.0888823874	0.0138089782	-0.0170314796	-0.0390624135	-0.1410460999	0.0567557946	-0.1273836456	0.0327017711	0.0568704492	-0.041655359	0.0635473021	0.059008228	0.0080199624	0.0064698555	-0.0419042015	-0.0720264245	0.0179738809	-0.0997837604	0.0818647166	-0.0543442699	0.020450122	0.0	0.0	0.1299169970116338	-0.0113691472129886	0.0168784261125208	0.0001292575083506	0.0895879747914989	-0.0020419406730525	4.1695217122661314e-06	0.0080260052272422	-0.1901075254489086	-0.0209675524659118	0.0004396382564107	0.0361408712323074	-0.0039066532199232	0.0007833221583769	1.5261939380736306e-05	6.13593603804246e-07	-0.0031786117571177	-0.0003937972879167	1.0103572702486872e-05	1.5507630397054834e-07	0.0046473337932702	-0.0008007013147292	2.159771138607119e-05	6.411225954092295e-07	0.0	0.0
58.892977905650426	-0.0508237000557514	3468.3828465954293	0.0025830484873569	65.9532610215481	-0.1326960917538713	0.0176082527667518	4349.832639376456	58.98388945158335	-0.0558275112901469	3479.099214836606	0.0031167110168514	62.70492622934467	51.35476662993153	0.977642	31.220797	0.2231750334873383	0.1284095585349368	0.034711082	0.0133909324	0.0931140452	0.1066923779	-0.0281454278	0.1035239131	-0.0205142246	-0.0428025217	-0.0349816593	-0.0168044083	0.1325659648	0.0311558601	0.0424792326	0.1237082593	-0.0016293046	0.0957053277	0.063088107	0.0196362783	0.0881626593	0.0444732858	0.0246956249	-0.0987118217	-0.0647936432	0.0181944662	0.0945541206	-0.0809016706	0.0324885882	-0.0762150591	-0.0364557874	0.0292244725	-0.1057919903	0.0233457835	0.1163253751	-0.0365879384	-0.0190744459	-0.0507032222	-0.0556783599	0.0706098967	-0.1284765033	-0.1965466055	0.134156538	0.0150361761	0.0685014472	-0.1121260934	-0.0083882944	-0.0068298011	0.0361153851	0.0121627326	0.0607019485	0.051016163	0.0069911716	-0.0185264915	-0.1422620024	-0.0630861229	0.0096775336	0.0295278539	-0.008504629	0.0039457536	-0.063393439	0.0621871512	-0.0759104539	-0.0074519945	-0.0741875984	-0.0069152184	0.00825189	0.0749616114	-0.1081814182	0.124108479	-0.0863046253	-0.0201298299	-0.1056998791	0.044626763	0.0412404684	0.0744315463	0.0170586201	0.1037918193	-0.0010501981	0.0222738478	-0.1351415672	-0.0287960486	-0.0821263844	0.0035483904	0.0352282846	-0.0118003645	-0.0739590113	0.0184414503	-0.0245659973	0.0869858287	-0.0190598595	-0.0027054061	-0.0218958666	0.0973371319	-0.0575509382	-0.0582221465	-0.024999616	0.0472342943	-0.037220777	0.0062539731	-0.0557313156	0.054758786	0.0493426076	0.0440688702	0.0976827167	-0.067663588	-0.0611597595	-0.0141854355	0.0890798927	-0.1505907597	-0.1368429725	0.0477141987	-0.0804156031	0.1108203508	0.0399603033	0.0316485903	0.0483554557	-0.0244166686	-0.0708851785	-0.1773992952	-0.0431864286	-0.0117484439	-0.0136745231	-0.036901449	-0.002384806	-0.0945290991	-0.0639888641	-0.0518091437	-0.0573152415	-0.012073645	0.0828162001	-0.021764456	0.0249596208	-0.0364833119	0.0577223253	-0.0469057006	0.0205865755	0.028035425	-0.0791941464	-0.0731523457	-0.0938097271	-0.0619776541	0.0550974643	0.0418194073	-0.012363702	-0.0092594099	-0.104355149	0.0566195932	-0.0942072266	0.1625487601	0.0056618622	0.0096224295	-0.0310827712	-0.0226723857	-0.0570727559	0.0178678563	-0.0671723933	0.0244048755	-0.0204377511	0.0468374519	0.0080875699	0.1225007137	-0.0295555495	0.0028421602	-0.0736842375	0.133369167	0.0169715212	-0.0127056444	-0.0343789921	0.0235760153	0.0660154921	0.0931130833	0.0044152449	-0.0508562764	-0.0459181937	0.0831257043	0.0187801359	0.0476553247	-0.0331198079	0.1403253945	0.0263932321	-0.1019085645	0.1106459883	-0.0030898395	0.0591622689	0.0390021266	0.0839048138	-0.0927654574	0.0420227376	0.1334964248	-0.0859376683	0.1145670431	-0.0491744465	0.0012007129	0.1139684835	0.0156219565	-0.067647704	0.0117115393	-0.0100438992	0.0226868058	0.0249393969	-0.1003994225	0.0841901024	-0.059084626	0.0277358257	0.0	0.0	0.0977796260675347	-0.0321373709440991	0.0095608552739069	0.0010328106111986	0.0950650690352574	0.0054770942437585	2.999856135501251e-05	0.0090373673506782	-0.1989653295477893	-0.0088578040988807	7.846069345414784e-05	0.0395872023620604	-0.0021612641402572	0.001745389079666	4.6710626839616936e-06	3.046383039417326e-06	-0.0017481447460241	0.0014304670110936	3.056010053051665e-06	2.0462358698270578e-06	0.0042891346000178	-0.0003581991932524	1.8396675617069856e-05	1.2830666204667038e-07	0.0	0.0
58.900436963412346	0.0074590577619204	3469.261474480912	5.5637542695665895e-05	65.8108687810678	-0.142392240480305	0.020275550149001	4331.070449718924	58.96069830383121	-0.0231911477521435	3476.3639444754044	0.0005378293340617	62.73619867907587	51.39859191159824	0.934405	29.840031	0.1212750039284519	0.0769044300755341	0.0568093316	-0.0327785583	0.1115336659	0.1025389831	-0.0501539507	-0.0561059273	-0.0519408251	-0.0014430532	-0.092318909	0.0143317054	0.2064423373	-0.0148228685	0.15137189	0.0800042652	-0.032390792	0.1190439484	-0.1483097973	0.079822852	0.0533866535	-0.0007065066	-0.0226593393	0.0084615057	0.0327052228	-0.0228778776	-0.0230612739	0.0102849862	0.0056602362	0.0346575507	0.0411602266	0.1060085598	-0.0467812656	0.0470940103	-0.0527385958	0.06424217	0.095829016	0.032178929	0.007348695	0.0831595589	-0.0025671857	0.0239399907	-0.0254505904	-0.1757634069	-0.0428382456	0.0064239987	0.0450285396	0.0513093411	-0.0219848735	0.0128916774	-0.0622222014	-0.0222889078	0.0102581801	0.0173162224	-0.0334735934	0.0612417209	-0.0602255741	-0.0282232947	0.0163210782	0.1206508377	-0.1360642607	0.0673479071	-0.0759157109	0.0047886387	-0.0287089081	0.0968344364	-0.0150261105	-0.0282802471	-0.048153422	0.1394561439	-0.1011752205	-0.0515632948	-0.0398094648	-0.07683298	-0.0421539319	-0.027694452	-0.0353708685	-0.0568808867	0.0677939902	-0.0283970836	0.1238335977	0.010382165	-0.1721038878	0.0816390599	0.0374272757	-0.1051892122	0.0708352668	-0.039833721	0.0928207025	0.0796189407	-0.153578532	-0.0193055479	-0.1822710463	0.0756010572	-0.0054226705	0.0408806088	-0.1619528467	-0.0458905958	-0.0096057155	-0.1134612471	-0.0183240368	-0.0764307256	0.0869309861	0.0354586639	-0.1527685401	-0.009307337	-0.0923295061	-0.0085755461	0.1321316709	-0.17261296	-0.1420843228	-0.0328627967	-0.058565208	0.1355514855	-0.0235734408	0.0705035812	0.0498587286	-0.036264716	-0.0597914425	-0.0440437101	0.0044284279	0.0856302191	0.0493566918	0.025139443	-0.0369014255	0.0346497171	-0.0828943121	-0.018729968	-0.0023039501	0.083405705	-0.0438033943	-0.0187248109	0.0904972262	-0.0905023679	-0.0434765471	-0.152049121	0.0301620966	0.0638419545	-0.0578543598	-0.0103410518	0.1178501081	0.0029856892	0.0282017061	-0.0609008126	-0.1268104764	-0.0827628315	-0.0502863331	0.0152107708	-0.0309949197	0.0645325311	-0.0572393017	-0.089787611	0.0139907319	-0.0181296371	0.0296464508	-0.0250228064	-0.0940938509	0.0128558824	-0.0657072437	0.0341857862	0.0919385777	-0.0348446979	-0.0496555372	0.0844388348	-0.0783034409	0.1292904304	0.0422585757	0.0155195607	-0.1084683169	-0.0112439832	0.0329396838	-0.0222804446	-0.0056000816	0.0139883131	-0.0425401941	0.0131912776	-0.0373923001	0.1035164184	-0.0563774607	0.103184529	0.0505303431	-0.0607903769	0.0618836173	0.0040925033	0.0831974201	-0.0129088843	0.0788479086	-0.0626522887	0.0206180329	0.1303586364	-0.0499933297	0.0771232444	-0.0458368469	-0.0612735685	0.062221087	0.0529425202	0.0468828495	0.0337629039	-0.0348690175	0.0641569248	-0.0043406464	-0.1009838109	0.0864105979	-0.0636593764	0.0348833508	0.0	0.0	0.1030707042240521	0.0052910781565174	0.010623570069242	2.7995508058375575e-05	0.1010933208729909	0.0060282518377335	3.633982021913739e-05	0.0102198595251294	-0.2565031566672004	-0.0575378271194111	0.0033106015496232	0.0657938693802383	-0.0013438326001945	0.0008174315400626	1.8058860573455112e-06	6.681943226892773e-07	-0.001658987772364	8.915697366009999e-05	2.7522404288532677e-06	7.948965952227763e-09	0.0044309030225908	0.0001417684225729	1.9632901595604287e-05	2.0098285638836587e-08	0.0	0.0
58.99537679412952	0.0949398307171733	3480.454483081316	0.0090135714566055	65.93335240841911	0.1224836273513148	0.0150022389691357	4347.206959812786	59.02891084397737	0.0682125401461632	3484.4123154262293	0.0046529506331919	62.81367745503342	51.37365347633273	0.959576	30.643877	0.1090910534679751	0.0525798699374382	0.0199653391	-0.0791704227	0.0808207446	0.0341179683	-0.0674400024	-0.1767015075	0.0110438142	-0.0269022551	-0.1108092338	0.0145392617	0.151402611	-0.1163411109	0.0795013068	-0.0866837569	0.014373064	-0.0646321442	-0.0470529516	0.1447204345	0.0523406537	0.0400993441	0.0339258448	-0.0124025554	-0.0621551013	-0.011963763	0.065106821	0.0812841114	-0.1272196346	0.1123421768	0.0424074403	0.0845103312	-0.0966923939	0.0895241768	-0.0817592193	-0.1818113187	0.0333385049	0.0152511888	0.0032099508	0.0659755704	0.0987837679	-0.099384733	-0.1173773051	-0.027689851	0.1526401276	-0.0907406131	0.0061519399	-0.0742528642	0.0137789185	0.0095863689	-0.0061207344	0.0099853469	0.0262066749	-0.0134279271	0.0895857451	-0.0159505749	0.0015165643	0.0007186502	-0.0509174111	-0.0155071038	-0.0532853295	0.0267758068	-0.0218347389	0.0478889155	-0.0995252705	-0.0057698557	0.0356298744	-0.0049515441	-0.0006570016	-0.003936523	0.0975958609	-0.0528740414	-0.0999822489	0.0351167186	-0.0944960773	-0.1117122067	0.0734626036	-0.0723603111	0.1495877739	0.119118436	0.0536307493	-0.150460941	0.0281955157	0.0295359435	-0.0039540615	-0.1646530781	0.0028538534	-0.0989684975	-0.0591124935	-0.0732469003	0.0133019448	0.1376456361	-0.0726314265	-0.0541028182	0.1014576417	0.0695331127	-0.0104158394	0.0709543285	-0.0520889356	0.1055051469	-0.0961313278	-0.0434586683	0.062242753	-0.0468194423	0.0305256307	0.0762362775	0.0436200009	-0.0475687497	0.1110206075	-0.1692538931	-0.1824641405	-0.0766540146	-0.0651187886	-0.0520117307	-0.0499002752	0.0054889694	-0.0629562629	-0.0126400015	0.0684881746	-0.0350356004	-0.007134604	0.1425195029	0.0192831769	0.0092435134	-0.111414022	0.0703605329	-0.0780723746	-0.0166595366	-0.01251647	0.0188858128	-0.1010335837	0.0253280195	-0.0950122001	0.0652448261	-0.1379320084	-0.0435772333	-0.0644468079	0.0043274501	0.0009851315	0.0867106279	-0.0633392571	0.0260832551	-0.0274175119	0.0999131234	-0.0517230083	-0.0096019923	-0.028159117	-0.1020945065	0.1183029681	0.0548641496	0.0192875585	0.0684158719	-0.0381748151	0.0152315622	-0.0678256855	0.0322013895	-0.0531887325	-0.0926807893	-0.0845187047	-0.0727694317	-0.0226282897	0.0750960742	0.0594366371	0.0316772651	0.0109890043	-0.1401216774	0.0211767432	0.0731427953	0.0871046094	0.1011739839	0.0697835503	0.0345510364	-0.0267659855	-0.1173666921	0.0859754992	-0.0303556634	-0.0414312368	0.0759490579	-0.0716364891	0.0280990777	0.0305887971	-0.0036025775	0.0890609819	-0.0310691463	0.0064757292	0.0429023732	-0.0734186691	0.0974352622	0.0033114767	0.0660133856	0.0185458215	0.0930124011	-0.0445174749	-0.0335837422	0.055159991	-0.0425127751	0.0278020448	0.0875033432	-0.0258080599	-0.0260203134	-0.1461075149	-0.1015367435	0.0885234364	-0.0680556987	0.0418570888	0.0	0.0	0.1247661680444736	0.0216954638204215	0.0155665966885018	0.0004706931503832	0.112622849477546	0.011529528604555	0.0001329300298432	0.0126839062244419	-0.2486478761081869	0.0078552805590135	6.170543266081579e-05	0.0618257662931122	-0.001793159740951	-0.0004493271407565	3.2154218565674577e-06	2.0189487942041163e-07	-0.0022567745392212	-0.0005977867668571	5.093031320877059e-06	3.573490186295842e-07	0.0047440047246568	0.000313101702066	2.2505580827566045e-05	9.803267583662653e-08	0.0	0.0
59.05865010874464	0.0632733146151167	3487.924152667123	0.0040035123423835	66.11302046905773	0.1796680606386189	0.0322806120136424	4370.931475542046	59.006409491534775	-0.0225013524425961	3481.756361082685	0.0005063108617459	62.848286416851735	51.96028729279836	0.981098	31.331177	0.1970278425862309	0.1196498354965254	-0.0091276284	-0.1207989304	0.0208107708	0.0719863902	-0.02705869	-0.0796935796	0.1530220826	-0.0799185095	-0.1055101703	0.0224021291	0.0530832134	-0.0506785881	0.1823051072	-0.1173203315	0.0637902286	-0.073370633	-0.00332715	0.198014002	0.0887980831	-0.0864416498	-0.0662377484	0.0797255342	-0.0014785918	-0.0445108025	-0.0223430716	0.0731249606	-0.0364555136	0.0650844691	0.0698909123	-0.0483605497	0.0509393933	-0.0268028138	0.0159718976	-0.0543148069	-0.094021013	-0.0044099584	-0.1149570846	0.0219321802	-0.0503583718	-0.0195762236	-0.0418845993	-0.056662243	-0.044179093	0.0229504751	-0.0390396926	0.0779847248	-0.0224260099	-0.1444863353	-0.0932944932	-0.1885919342	0.0587470993	-0.0805945958	0.0686837207	0.0191517797	0.0280934604	-0.1685842228	-0.0425513904	-0.0269329725	0.1541351782	0.0083499895	0.0245826737	0.0085511007	-0.0490608191	0.0694625062	-0.0405235781	-0.0393282254	-0.1275412305	-0.0061635858	0.0318244791	-0.1003126843	-0.1026518125	0.1031697317	-0.0535231226	-0.0601009141	-0.0012364304	-0.1337792977	0.0661763326	-0.0758322358	0.0992398859	0.0539806046	0.0210721642	-0.0352528836	0.0680721495	0.0274725468	-0.0046643368	-0.0439316524	-0.0887902219	0.0163198007	0.0948728134	0.0890416952	0.0225719282	0.0129019273	0.1828027763	0.0744713133	0.0059035969	-0.0051926911	-0.0763683979	0.0620798758	0.0753322005	-0.0281440062	-0.0200478699	0.0558776614	0.0423048346	-0.0336370958	0.006106764	-0.0475179336	0.1004180717	-0.2157696462	-0.0406011251	-0.046488424	-0.0289227075	0.0293448123	-0.0726281526	-0.0470941016	-0.0856473068	-0.0099968747	0.0444185089	-0.0152592286	-0.0805162754	0.0644683377	0.1803444366	-0.1218421753	-0.1115748825	0.0938152072	0.0084973808	0.1497874688	0.0050493551	-0.0151381331	-0.013121547	-0.0624992821	-0.1036920442	0.0981423156	0.021662425	-0.1235550217	-0.0041138951	0.0073552282	0.0623975592	0.0318558526	-0.0807046346	0.0448311501	-0.0434513889	-0.0431049563	-0.0484708932	0.0177031464	-0.0191699514	0.0267487657	0.0217454046	-0.1097071159	-0.0317081019	-0.007987793	0.0614423221	-0.0985235587	-0.0218249982	0.0488383607	0.0495433718	-0.0007911437	0.0656451816	0.0773685577	0.0626754119	-0.0757916351	0.040499934	-0.0585197054	0.0686837085	-0.0078390361	-0.0463978955	0.1204487901	0.0484193299	0.1512381347	-0.0093173734	0.0140407407	-0.1174397132	-0.0301668235	-0.0156390449	-0.0001257008	-0.0622838151	0.0312641678	-0.0576008385	0.0484945345	0.1631396451	-0.1250778251	-0.0166513902	-0.0800982559	-0.0543657843	-0.1118752837	-0.0362202395	-0.0067898472	-0.0536548084	-0.0518127808	-0.1510148926	0.0578446163	-0.0425621185	0.0094605916	-0.0156151098	-0.0135750356	0.0732332416	-0.0796284468	-0.0726014923	-0.0708566523	-0.128870947	-0.1020580481	0.0905259858	-0.0722612707	0.048622297	0.0	0.0	0.1075417501006654	-0.0172244179438082	0.0115652280147139	0.0002966805735029	0.0900600282112122	-0.0225628212663338	0.0005090809034965	0.0081108086814043	-0.2073417424947479	0.0413061336134389	0.0017061966740912	0.0429905981807583	-0.0037427505295465	-0.0019495907885954	1.4008181526420606e-05	3.800904242976423e-06	-0.0022675717585636	-1.0797219342400036e-05	5.141881680235217e-06	1.1657994552789743e-10	0.0051023061119719	0.000358301387315	2.60335276602658e-05	1.2837988415192485e-07	0.0	0.0
58.98627742584167	-0.0723726829029658	3479.380924558359	0.0052378052305732	66.05306874081273	-0.0599517282449966	0.0035942097195619	4363.007890078532	59.02153471829797	0.015125226763196	3483.5415605032526	0.0002287724846381	62.76780945054453	51.581008686330215	1.04	33.212173	0.2674516274317609	0.1508030835085248	-0.0083452957	-0.1157741913	0.0428623641	-0.0290161723	0.0297590085	0.0661646778	0.0433204105	-0.0480132243	-0.133082315	-0.0226327221	0.0548501923	-0.028230704	-0.0569789904	0.0559654743	0.050940521	-0.0600363405	-0.0681646813	0.0561924043	0.0260069046	-0.015306081	0.003160227	0.052086035	-0.091150026	0.0820218099	0.017962503	0.1354605346	0.034563165	0.0200322629	-0.0100639487	0.0076971662	0.0863056999	-0.0357700925	0.0905920574	-0.0027219171	-0.0749173978	0.0885172548	0.0188708762	0.0227563086	-0.0634077998	0.0702649326	-0.0513780967	-0.0462964313	0.0717439329	0.0969052143	0.0398213502	-0.0059206524	-0.0441348683	-0.0335800602	-0.1251568873	-0.0207940807	-0.0719836144	0.1100102596	-0.0466182148	0.0181462018	0.001536046	-0.0705543055	0.0028762313	-0.0438015057	0.0626803169	-0.0038800343	0.0110948458	0.0781264778	-0.1189202112	-0.0695255396	-0.0386619012	-0.1181318126	-0.0415007465	0.0748452921	0.123490444	-0.0765035085	-0.0920343589	-0.0365496539	-0.0184621396	0.0069378992	0.0584198069	0.0143877526	-0.0860406656	0.1279721027	0.0505297779	-0.0222642655	0.1283143872	0.0727882134	-0.1099055797	0.0829576944	-0.0100271941	0.0671187968	0.0910740476	-0.0604738707	0.0004936316	-0.1179447071	-0.0558372035	0.1099450587	-0.0270096017	-0.0936670005	-0.0599342752	0.0936666966	-0.043189421	-0.0319663302	0.0333161696	-0.0243607985	0.0702975516	-0.0663096506	-0.079798229	-0.0430588821	-0.0597022286	-0.031625517	0.0935885048	-0.0011962748	-0.0109867328	-0.0704034156	0.057391482	0.0184406005	0.0721432674	-0.0713801919	0.0636322703	0.0237890531	0.1332296362	-0.0262336502	0.0418644643	-0.0243664563	-0.0032310461	0.0243110245	-0.1144240167	-0.0299492051	-0.0240688903	0.066419763	-0.1094224231	0.1658317456	-0.0853934648	0.0287285459	-0.0914076143	0.1568197012	-0.0467805816	-0.0246364074	0.0656508211	-0.0399667978	-0.023153055	-0.1134679844	0.0076149246	-0.1190638171	0.0184603419	0.1287080844	0.0426714983	-0.077898885	0.1538658997	-0.0831426655	-0.0178425607	0.0244404703	0.0141240516	-0.1026893712	-0.0436372498	-0.0435206644	-0.0503856978	0.0804291824	0.0580272594	0.0727304422	-0.0219166552	-0.011157438	-0.0968767946	0.1172916916	0.0141810426	0.0460168849	0.1767396313	-0.028362963	-0.0004007609	0.0398033656	0.0337084811	-0.0699075389	0.0049885405	-0.0224958691	0.088790038	0.0469072997	0.0020909132	0.0007259869	0.0331891829	0.0726087508	-0.048563813	-0.0952576529	-0.0173986373	-0.0051167743	-0.0166838799	0.0208284021	0.0888470645	0.019084915	-0.0792810864	0.0543157767	0.0656989308	0.029874492	0.0681007557	-0.005496343	-0.0111988832	-0.0900983259	0.0369737461	-0.0426331659	0.0439064216	-0.1409707376	0.0775895956	0.035707097	-0.0277554863	-0.1025475623	0.0924157511	-0.0762643048	0.0551452713	0.0	0.0	0.1824812068986716	0.0749394567980061	0.0332993908711957	0.0056159221851802	0.1127128075766563	0.0226527793654441	0.0005131484129794	0.0127041769918123	-0.2537152157513134	-0.0463734732565654	0.0021504990218773	0.0643714107037355	-0.0016333030763892	0.0021094474531573	2.667678939342425e-06	4.449768557631819e-06	-0.002278971844102	-1.14000855384001e-05	5.19371266620967e-06	1.299619502828391e-10	0.0054511769335111	0.0003488708215392	2.971532996044348e-05	1.217108501214368e-07	0.0	0.0
58.90821950299912	-0.0780579228425537	3470.1783250135254	0.006093039318494	65.9519446550925	-0.1011240857202295	0.0102260807127523	4349.659003788384	59.14554560730341	0.1240108890054401	3498.195565185608	0.0153787005919195	62.69280892449094	52.517255003079946	1.062639	33.935158	0.1663609274966669	0.0858892234121241	0.0148894076	-0.0426119736	0.012435004	0.0666850463	0.1682312257	0.0080357935	-0.0445121312	-0.0267718902	0.1122513126	-0.1515782488	-0.127597859	0.0824854344	0.0529523674	-0.0679227713	0.0501274408	0.0289867869	-0.0203814979	0.0185345404	0.0323348431	0.0563397619	-0.1392087991	-0.0942357884	-0.0190565858	-0.029732253	-0.1614761888	-0.1000507235	-0.0159892177	-0.0624009818	-0.0680781794	-0.1206087269	0.0849646407	0.1050153748	-0.0669480971	-0.0985861866	0.014366289	0.0356989133	0.0823369125	0.0043289597	0.0829767837	-0.0059227949	0.003109538	0.0046261387	0.1348651838	0.1394361585	-0.1173671506	-0.0132483181	-0.0089433844	-0.1599590394	-0.0422241123	0.0685031129	-0.0722200571	-0.024454373	-0.0280711652	0.0424085451	0.1592320839	-0.0737334622	0.1057015995	-0.0439958512	-0.0684890326	0.0695306202	-0.0086240391	-0.0254124308	-0.0316711701	0.0018938258	-0.0640078078	0.1088093772	0.0969220493	-0.1271722463	0.0840208936	0.0226806746	-0.0361558716	-0.0024970872	-0.0201753259	0.0849752968	-0.0014726579	0.0379174023	0.1393302404	-0.0803317472	0.0762890766	-0.0694864699	-0.0494810503	0.0162987273	-0.0249553548	-0.0980861654	-0.1088639868	-0.0551799365	-0.0916145262	-0.0272615814	0.1321245992	-0.0326243216	0.0493719412	-0.044175478	-0.0584041835	-0.0082419741	0.0066047452	0.0582614229	-0.0465694109	-0.0472025172	-0.1227207783	-0.072729664	0.033257335	-0.0797177139	0.0031934451	-0.0228589641	-0.0024671287	0.0300151721	0.0483385048	-0.0130661689	0.1321355582	0.0798640265	0.1611252206	-0.0031443925	-0.0764914789	0.0668689481	0.0279027166	0.0282119188	0.1045272449	0.0516682924	0.0350595558	-0.0883961736	0.0075926714	0.1245677261	0.1013553409	-0.0363252266	0.0258861248	-0.055497221	-0.0409042756	0.1225595157	-0.0562232989	-0.0189902871	-0.0623448552	0.0631740561	0.0590695355	-0.048542329	0.0087978278	0.0383598958	0.1022388337	-0.109296891	0.0245229621	0.1512395729	-0.0090179241	-0.0373927826	0.0902099555	0.0370807382	0.028725673	0.0061599237	-0.0340999739	-0.0235211981	0.0165933177	-0.0323236434	-0.0630635732	-0.0668815025	0.0848903039	-0.177340061	0.0347194556	0.0286824633	-0.1095443639	0.0572097221	-0.0705864927	-0.1521602729	-0.0220238545	-0.0070472492	0.0289148829	-0.0795933271	0.0195749764	0.0293216445	-0.0340127729	-0.1046712936	-0.0502844298	0.1116840563	0.0864406294	0.0132655424	-0.0341140659	-0.1258807541	-0.0761464274	0.0476664155	-0.0288918854	-0.0647500508	-0.0046219318	-0.1508909155	-0.0019000233	-0.0085644602	0.069120984	-0.0139664703	-0.0306164942	-0.1164347294	-0.0369736734	-0.0022265821	-0.0788689853	0.0624036532	0.0299424859	-0.0282851016	-0.047361839	-0.0364441301	-0.0756875968	-0.0187410835	-0.1075080472	-0.0422411075	0.0519407041	-0.1030051337	0.0941903779	-0.080053581	0.0613935146	0.0	0.0	0.1094745377561707	-0.0730066691425008	0.0119846744169272	0.0053299737392825	0.088797586522503	-0.0239152210541533	0.000571937798069	0.0078850113722214	-0.2844435337919861	-0.0307283180406727	0.0009442295296087	0.0809081239160727	-0.0020680041935544	-0.0004347011171651	4.276641344558584e-06	1.8896506126467282e-07	-0.0022599903854934	1.8981458608599823e-05	5.107556542522608e-06	3.602957709099885e-10	0.0057717087429241	0.0003205318094129	3.33126218131465e-05	1.0274064084557173e-07	0.0	0.0
58.80269748524728	-0.1055220177518379	3457.757231541507	0.0111348962304191	65.72423064833667	-0.2277140067558321	0.0518536688727951	4319.674494315757	59.12729108632932	-0.0182545209740894	3496.036551207519	0.0003332275359934	62.62348621672213	51.41180167275986	1.009434	32.236053	0.1465200316914336	0.0768748074166554	0.0365035983	-0.0288488818	0.0260486425	0.1151004384	-0.0356019138	0.0806696758	-0.0565475005	0.0083808936	0.0952182738	-0.2297231031	0.1070196511	-0.0068042105	-0.062096968	0.0251320842	-0.0543849692	-0.0228280118	-0.145573025	0.0184681723	-0.0062311038	-0.0248763819	0.0211016314	-0.1265526304	-0.0019645131	-0.0154276255	0.0465067201	-0.087965153	0.0323715313	0.083309343	0.0560392478	-0.1184471055	0.0085217039	0.0625908339	-0.1241952306	0.183521631	-0.1187784104	0.0685466593	-0.0740554336	-0.0603038715	-0.1397516244	-0.0241988862	0.008854724	0.0290769603	0.0565226983	0.0091554779	-0.1349164497	0.0150730108	0.0435815276	0.0188301049	0.0778737457	-0.0239711961	0.1403367658	0.1085569678	0.0206380507	0.1254360978	-0.0166562227	0.0138810081	-0.1131667226	-0.1431668505	-0.0251176897	-0.0317584498	-0.069486264	0.1266555555	-0.0730731792	-0.0258148371	-0.0546671597	-0.12139774	-0.0350307816	-0.156164479	-0.0112268264	-0.0276720007	0.0072262155	-0.0597451101	-0.0137493084	0.0195833781	-0.0549997967	-0.0525110866	-0.1158414322	0.133979942	0.0951173179	-0.1001218713	-0.0576814068	-0.0215190064	-0.0906508537	0.093596157	0.0430377685	0.087539429	0.0133383298	-0.113217681	0.0056578286	-0.0444257286	0.0244341672	-0.0503640696	0.0691308665	0.0840627604	0.075318751	-0.044148122	0.0307386207	0.0135020357	0.0157685751	-0.0320436158	0.0181539326	0.0955961824	0.0899980588	0.065469445	-0.0156499967	0.0548089818	0.0248672975	-0.0908936263	0.1211346158	0.0169037876	0.0788263207	-0.0590399431	0.070089947	0.068578331	0.0305577009	0.1240140181	0.0283513392	0.0092012637	0.0960510103	0.0315008851	0.0140611858	0.0633280949	0.0376088789	-0.0186118701	0.0265229385	-0.0060655097	-0.0306452006	0.0005901142	-0.053244071	0.0029271857	0.0091301803	0.0192037704	-0.0807205629	0.0139578141	-0.0773432369	-0.0193337735	0.0785850636	0.0520736393	-0.0368170924	0.0580799819	-0.0691908068	-0.034536571	0.0332867845	0.0217635113	0.0013951719	0.0219362735	-0.0398733609	-0.0159418773	-0.065845483	-0.1272108052	-0.0850582079	0.0985202928	-0.0660848427	-0.1727725533	0.0359209896	-0.1909625252	-0.0647294394	-0.1894586431	0.0692553606	-0.0373642451	0.0039635493	-0.0905137376	-0.0588444422	-0.0739995409	0.0399741015	-0.0557096523	-0.0519331731	0.063389472	0.032116918	0.0517871903	0.0880810475	0.0128398723	0.0166082429	0.0414034829	0.0229407562	0.047405081	0.0265254662	-0.0638017982	0.0499046652	-0.0548681231	0.0046490961	-0.1463758519	0.0102621539	0.0122860165	0.0409708656	-0.0543181526	-0.0187238598	0.0561847607	0.0465544561	-0.0253491751	-0.0226670766	-0.0168424089	0.0416516411	0.0724858263	0.0474045475	0.0036156255	0.0004017608	0.0238894725	0.10589524	-0.1034306197	0.0958476552	-0.0836184785	0.0673358985	0.0	0.0	0.1497798255038418	0.0403052877476711	0.0224339961279613	0.0016245162204225	0.089222215044586	0.0004246285220829	1.803093817663913e-07	0.0079606036574623	-0.2475913735166415	0.0368521602753446	0.0013580817169596	0.061301488239857	-0.0029599119957371	-0.0008919078021827	8.761079022508382e-06	7.954995275943743e-07	-0.0024270907938281	-0.0001671004083346	5.890769721485116e-06	2.7922546465623384e-08	0.0054519578505148	-0.0003197508924092	2.9723844403789963e-05	1.0224063319654365e-07	0.0	0.0
58.622505498680006	-0.1801919865672729	3436.5981509427675	0.0324691520230602	65.43243497572605	-0.2917956726106183	0.0851447145542831	4281.403546852618	59.08739753452679	-0.0398935518025354	3491.320547403202	0.0015914954754215	62.50729344806605	51.67329667387031	0.987066	31.521763	0.1003152327233104	0.0550930451013163	0.0784652831	-0.0755583208	-0.0665376447	0.0716649696	0.0014655388	-0.092257824	-0.0500867281	0.0723782383	0.0428000433	-0.1080481528	-0.005947201	-0.0712549089	0.0210703095	0.0409861012	-0.1550645752	-0.0284488307	-0.0365936425	0.0645893513	-0.0562705764	-0.009036022	0.0501793989	-0.0160538287	0.1136013161	0.0683007094	0.0075353936	0.0483390028	-0.037767582	-0.082879627	-0.1139719436	0.031153821	0.0308507212	0.0279791517	-0.0556708391	-0.0336479736	-0.0500392705	0.0210103358	0.0462963172	1.77871e-05	-0.0088086944	0.0768017898	0.1177934439	0.053345158	-0.0336868273	-0.0039003277	-0.1000601978	0.0728531578	0.0649741218	-0.1772459654	0.0109339432	-0.0501439554	0.104484065	-0.0671799114	0.0626728955	-0.0526077977	-0.0832485484	0.0553871844	-0.0240014529	-0.037592577	0.0215726519	-0.1296402801	-0.0754378903	-0.0070481575	0.2031266491	-0.014213816	-0.0459332023	0.0490881563	-0.0243670001	-0.038092766	0.0250768727	0.2226500513	-0.1193171866	0.0968844996	0.1083423832	0.0001370301	-0.0051435636	0.0903815228	-0.0724292916	0.0638932369	0.011818344	-0.0049092452	-0.0792067192	-0.0632296027	0.0480883121	-0.0364610802	-0.0292903788	-0.0146513235	-0.0246820515	0.068748664	0.0518836666	-0.1025922061	-0.000153152	0.0344879067	-0.091262794	0.0139396376	-0.0339818665	0.0444728862	-0.0324470754	-0.0542237773	0.096111686	0.0824857818	-0.1922899916	-0.054698167	-0.1116588401	-0.0169795734	-0.139686177	0.1009510587	0.0150197478	-0.0421509094	0.0716087122	-0.0450242827	0.0476226171	-0.1376950497	0.0416581905	0.0245017874	-0.0264141934	0.1299424932	0.0214788372	0.0243204341	0.0542988803	0.1016080934	-0.1061382449	-0.0854006081	-0.0297725872	0.0094959394	-0.1223448534	-0.0503078843	0.0239252357	-0.0295264959	0.0064010066	-0.0292930657	0.0403269819	-0.0228734578	0.0410146634	0.0982576257	-0.0437037716	0.0757752317	0.0161756502	0.0437082762	-0.0549040408	-0.0857173225	0.0403918245	-0.0865359541	0.0528327505	-0.1339546128	0.0287285349	-0.1179989443	-0.0461902275	-0.0189135851	-0.0114529816	-0.115093897	0.0592061198	-0.0740120478	0.0622791708	-0.0311601227	-0.0633822228	0.0887969268	0.0443897542	0.0229665471	-0.0036645831	-0.1290126601	0.1648552234	-0.0542780296	0.0865371524	0.0265724902	0.1692493678	-0.1106644976	0.1163994425	-0.044070597	0.1078800631	-0.0814800124	-0.0380540312	0.0017979581	0.1958954733	-0.1008175538	-0.0901409533	0.0574491031	0.0347487015	-0.0492460851	0.0055884691	0.0043374848	0.0217833601	-0.142105706	0.0442925851	0.037628226	-0.0185077403	0.049907234	0.027433097	-0.0376656149	-0.075559281	0.0924853255	-0.0300225073	0.0549100162	-0.0716116879	-0.0273094266	-0.0048170663	0.0932792831	0.0717711635	0.0924839484	0.0211539038	-0.1038238878	0.0973855183	-0.0869490055	0.0729428184	0.0	0.0	0.1503433652798236	0.0005635397759817	0.0226031274836624	3.175770791135955e-07	0.104248906780171	0.015026691735585	0.0002258014645162	0.0108678345648607	-0.2270299616113078	0.0205614119053337	0.0004227716595407	0.0515426034692318	-0.0021240513582116	0.0008358606375254	4.511594172320543e-06	6.986630053645348e-07	-0.0023817423285492	4.5348465278899786e-05	5.672696519602966e-06	2.0564833031515794e-09	0.0058540205338386	0.0004020626833237	3.4269556410603966e-05	1.6165440132153378e-07	0.0	0.0
58.62041633998897	-0.0020891586910352	3436.3532118736457	4.364584036327947e-06	65.40196818025856	-0.0304667954674897	0.0009282256260578	4277.417441851554	58.98550369397928	-0.101893840547504	3479.289646032444	0.0103823547415201	62.51589678164473	51.32170296993567	0.938891	29.983307	0.0549328207790684	0.0306923307257224	0.0669200278	-0.0962907484	-0.0704412246	0.0490934035	-0.0651134831	-0.0188065195	-0.0431517044	0.0845185357	0.0541901034	-0.0483989794	-0.0668686029	-0.0649577797	0.0416613443	-0.0646162052	-0.106264406	-0.0911029662	-0.019033766	-0.0389673603	0.0099458061	-0.0004823935	0.0279171224	-0.0600296062	0.0828904153	-0.0117949413	-0.0384582998	0.0939279268	0.1084415487	-0.0344115476	-0.1133189029	0.0457317795	-0.0310093243	0.0585123542	0.1065494071	-0.0659329542	0.0118587068	-0.0577612518	-0.0395836139	0.0039943804	0.1347440717	0.0656745123	-0.150251903	0.019092378	0.0126178279	-0.0452622698	-0.0702319869	0.0844308052	-0.0900791599	-0.1044902341	0.0621942637	0.0449757138	-0.0151636549	0.0454353223	0.0510973317	0.0459591203	-0.1671694064	-0.0535786411	0.0838866916	-0.0126955759	-0.0555780723	-0.0107458375	-0.0393915018	0.0273030169	0.066288901	0.0208180552	0.066960684	0.0430791943	0.1342547763	0.0094834432	0.0432868678	-0.0144445804	0.021961702	0.0813391233	-0.0120197532	0.0272356995	-0.0147975143	0.0049497709	0.0031875094	-0.1207416094	0.120015125	0.1106512181	0.0103450331	-0.0534541935	-0.0517764829	-0.0247672106	-0.0609693628	-0.0137471907	0.068194224	-0.0073802929	0.0774793658	-0.0690026266	0.0628931092	0.006763178	0.0211107814	0.0012891747	-0.0444842692	-0.0361400884	-0.010784379	-0.0147945512	0.0431505236	0.0257052012	0.074675298	-0.053427346	0.1160784977	0.0279295964	-0.0391205652	0.0878601892	0.0135441932	-0.0470082507	0.0709501741	-0.0483476034	0.0476875083	-0.0770790933	0.0560222718	0.0176628492	-0.0062307076	0.0111131326	0.0386114969	0.0751015957	-0.0070147828	0.0304720326	-0.0769368458	-0.0894088311	0.0014746883	0.0524543053	0.0230308943	-0.0110000801	-0.0103668042	0.0007115637	0.0064608631	-0.084718397	0.0642268816	0.0463776056	0.0930265156	0.0243740623	-0.1000479638	0.0638109589	0.0407747234	-0.1007428866	-0.0431884568	0.0549773863	0.053916258	-0.0583590318	-0.0334536185	-0.0077689741	-0.0630275679	-0.0852804566	0.0493415634	-0.0760432362	-0.0319837374	0.0146760448	0.0363288056	-0.010368651	0.0098557646	-0.0499780978	-0.0608541339	-0.0209884856	-0.0678974779	0.1645364939	0.0331838461	-0.0646149031	-0.002414592	-0.0031580383	-0.0037808061	-0.0838092424	-0.058084565	0.0370895089	-0.028268472	-0.043073476	-0.1120680159	0.0481209609	0.0146422749	-0.0357253659	-0.0112585457	-0.0623805535	-0.0796580149	0.0643102355	0.0524266383	-0.0741220501	0.0132241091	-0.0145337941	-0.0273919834	-0.1422511676	0.0086626127	-0.0186826568	-0.0250585548	0.0651228398	-0.0052701059	0.0314741598	0.0130723942	-0.0012414062	0.0263836068	0.0798142676	-0.0838836366	0.0107549478	-0.0510391314	0.0660287416	-0.0943919035	0.0737622382	-0.040760365	-0.1041848154	0.0988020511	-0.0900358269	0.0781863408	0.0	0.0	0.1640652478343156	0.0137218825544919	0.0269174055469353	0.0001882900608392	0.0892595465706875	-0.0149893602094834	0.0002246809194896	0.0079672666540047	-0.2267337942672398	0.000296167344068	8.771509569229911e-08	0.051408213462819	-0.0025234044375136	-0.0003993530793019	6.367569955263328e-06	1.5948288194798929e-07	-0.0022629132524589	0.0001188290760902	5.120776388154118e-06	1.4120349324474271e-08	0.0058536944758104	-3.260580281995787e-07	3.42657390161332e-05	1.0631383775339725e-13	0.0	0.0
58.52279877477331	-0.0976175652156641	3424.917976432608	0.0095291890386344	65.34304846557681	-0.0589197146817497	0.0034715327781787	4269.7139827747205	58.925986429437046	-0.0595172645422366	3472.271876682199	0.0035423047785905	62.41875266131503	51.289960439388565	0.925441	29.553782	0.1013316780887474	0.0570587702668599	0.0698379421	-0.0790493285	-0.0884395014	0.0124782915	-0.0423706362	-0.0186724854	0.0219242098	0.0953455103	-0.0002156414	-0.062073103	-0.074927403	-0.0530142585	-0.0126391602	-0.0221157754	-0.0334552716	0.0310894378	0.1079379251	0.0155692834	-0.0219728685	-0.0309500776	0.093816032	-0.0075964511	0.0221957079	-0.0330037619	-0.0130776332	-0.0953385076	0.0690920892	0.1165402948	0.0842601912	0.0298216613	0.0317453602	-0.0840113093	0.0257285731	0.0716648802	0.1432077668	-0.0685848421	-0.0206838901	-0.0193735875	-0.1063006086	-0.0336435752	-0.0624043206	0.0222770153	0.0734486337	-0.0014098093	0.0102032613	0.1172747567	-0.0711546813	-0.0303158124	0.0134551291	-0.03232405	0.0787695969	0.0536331846	0.0062190989	-0.0169680163	-0.0656971168	-0.0288171564	0.0099360161	0.0593576137	0.0546054416	-0.0071132542	-0.0226171017	-0.1056465281	-0.0787226646	-0.047795401	0.0758057709	0.0250000045	0.059714686	0.0120883183	-0.0373577951	-0.0683782535	-0.0606041932	-0.0047920649	0.0261709163	-0.0663903812	-0.0982078876	0.0320628543	-0.0145030588	-0.0886041143	-0.0740583678	0.0313921325	0.0115285793	-0.0643241297	-0.0675294235	0.0464744016	-0.0153634777	0.0897421536	0.0427855099	-0.0362477461	0.1077886298	0.0077169603	0.1089549069	-0.0065286961	-0.0685858425	0.1384219725	-0.0648474651	-0.0598436214	0.0174456907	0.0188291765	-0.0349711115	0.1321023621	-0.0307076482	0.0705775021	-0.2161356065	-0.0368134116	-0.0042200697	0.1126533018	-0.0099441987	0.0039510075	0.0753672543	-0.0895228244	-0.0212492923	0.0371948298	0.0465797267	-0.0633554017	-0.0196474271	-0.1212586663	-0.0056421803	-0.0255126196	-0.062521279	-0.019267429	-0.0413169002	0.0301721909	0.0747463541	0.0374512101	-0.0079489194	0.0883309605	0.0204255255	0.0249382257	0.063294713	0.0954192191	0.1424716935	0.0400415262	0.069139988	0.0212413541	-0.0649741446	0.0277057875	-0.0370366755	-0.0699797431	0.05568028	0.0894002089	-0.1252790533	-0.1026362479	-0.1243629686	-0.0211096808	-0.1128816446	-0.0585973	0.0008151646	-0.0113356947	-0.0459927769	-0.0163472278	-0.0399394206	-0.0422990195	-0.1036957096	0.156646755	0.0130205728	-0.1429669083	0.053699896	0.1012040699	-0.1527486512	0.0339614883	-0.0640405601	0.0418513304	0.0048108099	-0.1344134035	0.0323155351	0.0150344612	-0.0436905843	-0.0702356822	0.124838125	0.151196846	-0.0616126362	0.0409248526	-0.0339869488	0.0404781668	-2.18217e-05	0.0677577793	0.0515095537	-0.0118255806	0.0497589741	0.1153042838	-0.0142868016	-0.0639761156	0.0790563694	-0.1115982845	0.0350387827	0.031687513	-0.0534104889	0.0179344597	-0.0477099541	-0.039919388	-0.0308770864	0.0914288778	-0.0257713041	0.042268382	-0.0220909318	0.1632390145	0.024285581	-0.1002694606	0.1360054929	-0.1045132902	0.1000954889	-0.0928702909	0.0830403428	0.0	0.0	0.1850387889290345	0.0209735410947189	0.0342393534083237	0.0004398894260518	0.1036749228600086	0.014415376289321	0.0002078030735627	0.0107484896300287	-0.2180256782972023	0.0087081159700375	7.583128374762234e-05	0.0475351963969551	-0.0022244351089451	0.0002989693285684	4.9481115539076e-06	8.938265942469956e-08	-0.0031070440554215	-0.0008441308029625	9.653722762330082e-06	7.125568125102836e-07	0.0058521017126481	-1.592763162299761e-06	3.424709445517883e-05	2.5368944911791344e-12	0.0	0.0
58.47219794503353	-0.0506008297397784	3418.997932523183	0.002560443970354	65.34729982771964	0.0042513621428241	1.8074080069438584e-05	4270.269594773887	58.98572204736346	0.0597356179264139	3479.3154054488195	0.0035683440490505	62.41623290469622	50.77557400056532	0.925993	29.571383	0.063521353200068	0.0307228320179104	0.1008710321	-0.0817116672	-0.0790405349	0.0286421179	-0.0719356957	0.0159337068	-0.0379928985	0.094842355	0.0543824898	-0.0580844645	-0.0305942872	-0.0759909442	0.0327006475	0.0770959183	-0.0239871012	0.0428068564	0.0089111877	0.1080543573	0.0154074624	0.0605068385	-0.0256698474	0.1398340929	-0.0189904308	-0.022882118	0.1313689029	0.0326844033	0.0351927685	0.0120705206	-0.0097184443	-0.0626331183	-0.0038663947	-0.0262136165	-0.0486733691	0.0655187422	0.1233252216	0.0306098442	-0.0031708946	-0.0367243084	-0.0051836324	-0.1118311493	-0.1506373462	0.1210454814	-0.243118626	0.05623674	-0.0801941671	0.0196373356	-0.0143371502	-0.0197844529	-0.0419954871	0.0315177076	0.0374295728	-0.0445935777	0.070431303	-0.0729839168	-0.0542325232	0.0904883497	0.0852354965	-0.0570144644	0.1510890599	-0.0810301334	-0.0318277007	-0.0087609551	-0.0189551479	-0.0770283288	-0.0154224171	0.102699252	0.0030335907	0.0334045298	-0.0194235009	-0.0451140003	0.0687130679	0.0189653316	-0.0646675979	-0.0187911181	0.0475137894	0.0357918596	-0.0233093842	0.0068604526	-0.0341875102	0.0913032572	-0.0090846103	-0.0538077658	-0.0995200248	0.1042764388	0.0513070003	-0.0753935754	-0.0363015188	-0.0546985769	0.03565057	0.0882245283	-0.1048823816	0.015217915	-0.0719504472	-0.0056466358	0.0465834441	0.1153422485	0.036901913	-0.0979153002	-0.0027823421	-0.0496954148	0.0247554995	0.0639983541	-0.0351839149	0.0427399152	0.045687767	0.1130307813	-0.0058710623	-0.012313455	0.0363243389	-0.0647399886	-0.024331165	-0.0454142962	0.0992415457	-0.0879604641	-0.0224061144	-0.0681971939	-0.0594121034	-0.0325470316	0.0745644421	-0.0137689122	0.0851205797	0.0872693628	0.0232619021	0.0184244254	-0.0691102493	0.0307970732	0.0948606314	0.0818071361	0.067758419	0.0628657261	0.0916192098	0.0548677547	0.0089046366	0.0554955045	0.0569482688	0.1513629951	0.0216977096	-0.002554448	0.0036596037	0.0666005017	0.0515190817	-0.0471999524	-0.0533431951	0.0289043797	0.0174531379	0.0844621339	0.0617396942	-0.1042402296	0.1673021693	0.0578683711	-0.0642113517	-0.1030896029	-0.0248157461	0.0177348811	-0.0154258919	0.0175885671	0.0663833384	0.0213879874	-0.0903888754	-0.0477658369	-0.0207077876	0.0559105804	-0.0479532028	-0.0126569377	-0.0249373236	-0.0741897791	0.0522622685	0.1421148365	0.0913862333	-0.0185674054	0.098311606	-0.0449520492	0.0128434078	0.0412950752	0.0859052464	0.0877026246	0.0687526201	-0.0268512335	0.0371488013	0.0865159138	0.0133193093	-0.1111666255	0.0274792765	-0.0100851398	0.1183215133	0.0644494733	-0.0485825195	-0.0535922448	0.1167277506	-0.0076055405	0.034484961	0.0382510122	-0.0208336804	0.0734807238	0.0755698993	-0.0820700146	-0.0229213891	-0.039510473	0.0451972415	-0.1048092098	0.1012642201	-0.0954444529	0.087480642	0.0	0.0	0.1880268623298207	0.0029880734007861	0.0353541009575973	8.928582648485946e-06	0.1115313122053152	0.0078563893453066	6.17228535450472e-05	0.0124392336022394	-0.2271422917883825	-0.0091166134911802	8.31126415475689e-05	0.0515936207188786	-0.0018681277365089	0.0003563073724362	3.4899012399138657e-06	1.2695494365238916e-07	-0.0027948089793317	0.0003122350760897	7.810957230953099e-06	9.749074274080317e-08	0.0056494386219182	-0.0002026630907299	3.191615674282101e-05	4.1072328344195945e-08	0.0	0.0
58.3821643112078	-0.0900336338257261	3408.477109660866	0.0081060552198649	65.20413311972308	-0.1431667079965564	0.0204967062785712	4251.578975894568	58.87635067893272	-0.1093713684307431	3466.424669268661	0.0119620962324133	62.3746219025154	50.80415904688668	0.971335	31.019384	0.1035537626957401	0.0483913589486334	0.142137567	0.0343278106	-0.0198535458	0.0672679937	0.0098575306	0.1265083079	0.0662340613	0.1266221444	0.0173904974	-0.0477414019	-0.0055763302	0.0747343732	0.0573678808	-0.0040823884	-0.0120604827	-0.0441358664	-0.0374379724	-0.1383560273	0.0545154498	0.0478133821	0.0505176691	0.1450087047	-0.0304865073	0.0326190803	0.0397140601	0.029961681	-0.0241920989	0.0010980748	-0.0916109463	-0.1426625488	0.0878383972	-0.0943820765	0.0708197591	0.0189506215	-0.0530836382	0.0371102997	-0.0395543611	0.0076057397	-0.0074635632	-0.0818000978	-0.0534320476	0.0261635495	0.0315891476	-0.02413999	0.0227168354	0.1843381103	-0.0513204103	0.0061417205	-0.0321944351	0.0069860043	0.012476266	0.0967121894	-0.026909232	-0.0034716283	0.1756751827	-0.0517627436	-0.1296356609	-0.0409079673	-0.0054298811	-0.0168586824	0.0586588815	0.038371919	0.0360506143	0.1243782062	-0.0048417327	-0.0473331639	-0.0644300947	0.0126748742	-0.0756452938	-0.0890313794	-0.0024242542	0.0343342525	0.0028959662	0.1212911099	0.0578914616	0.0547094827	-0.037796679	-0.0095983551	-0.0552246081	-0.0901348284	0.0577260763	-0.0067923071	0.1667464747	-0.0659550324	-0.009473645	-0.0075603612	-0.0869615813	0.0127223137	-0.0591859619	-0.0430294199	-0.0150999645	-0.0109958883	-0.0451676194	0.0075889907	-0.033332734	-0.1463732941	0.0693495476	-0.1130298903	0.0487037393	-0.0131652877	-0.0756801629	0.0743182815	0.1170005006	0.0665455076	0.1432769033	0.142053672	-0.0033155922	0.048765868	0.0572760287	0.051737944	-0.0028652546	-0.0471434963	0.0708462954	-0.0305008847	-0.0011105133	-0.0562132129	-0.0469478137	-0.046621052	-0.0063257422	-0.0121386542	0.1930176239	0.0224629724	0.0074180747	0.0067429799	-0.0139059853	-0.00267146	-0.0983207414	0.036464012	0.0781774474	-2.17363e-05	-0.1080080206	-0.0586735073	-0.0994920472	0.0437216514	0.0489020821	0.0607126605	-0.012153349	0.0210371633	-0.0510362544	0.017230076	0.036754126	0.0308043579	0.1129061315	0.058355552	0.1870486418	-0.0233153467	-0.0416698488	-0.0213409867	-0.0058628636	-0.0769676601	0.1307633194	0.0753227323	0.032889171	0.1008300372	-0.0007685876	0.0347492094	0.0854362119	-0.0937194545	-0.0735635921	-0.0579739307	0.1236761809	-0.0922695967	-0.1214407307	0.0992736535	0.0225417708	-0.0561520338	-0.0636331227	0.1290898501	-0.0073209952	0.0016165323	0.1713102504	0.0123185025	0.0131220041	0.0221593013	0.0650280333	0.0825228065	0.119542656	-0.0752699933	0.0352927358	-0.0179068844	-0.0524693479	-0.044025872	-0.0366024865	0.0375600929	0.1235294008	-0.0544887681	0.0076596339	-0.094500717	0.0275691416	-0.1231148965	0.0866314259	0.0981585575	-0.0924578582	-9.75907e-05	-0.0533125596	-0.0143850918	0.0824286017	0.1548095235	-0.0818605973	-0.1050724821	0.1023067888	-0.0977510977	0.091485117	0.0	0.0	0.1639534017649424	-0.0240734605648782	0.0268807179502966	0.0005795315035687	0.1070979832987575	-0.0044333289065577	1.9654405193720128e-05	0.0114699780266609	-0.2121669539124084	0.0149753378759741	0.0002242607444995	0.04501481633247	-0.0019890592020778	-0.0001209314655688	3.956356509370374e-06	1.4624419364642036e-08	-0.0022511814075969	0.0005436275717348	5.067817729909959e-06	2.955309367502754e-07	0.0061863122915811	0.0005368736696629	3.82704597689674e-05	2.882333371773087e-07	0.0	0.0
58.371586309638346	-0.0105780015694563	3407.242088303559	0.0001118941172034	65.10214286580276	-0.1019902539203201	0.0104020118947313	4238.289005719394	58.85549468374322	-0.0208559951894997	3463.969254468126	0.0004349725353444	62.37945312768269	50.14149379619074	0.996233	31.814484	0.0640031046778272	0.0318412341430047	0.1091749445	0.0555207656	-0.0023452121	-0.0878298734	-0.0114553508	-0.163433634	0.0017833839	0.1388556447	-0.0381308512	0.106657873	-0.0749839231	0.0716446703	0.0053524301	-0.0709893999	0.0022739226	0.0223917054	-0.0371422173	-0.1441671238	-0.1041967249	0.0302097525	0.0731546122	0.0527639049	0.0434188218	0.0778810832	-0.0964264912	-0.0261080106	-0.1163720032	-0.041503984	-0.0311126464	0.1455690417	-0.0148223191	0.146486341	0.0087701142	-0.0542379521	0.0275813458	-0.0187991543	-0.1609713217	0.0465736553	0.0750949244	-0.0503966396	-0.0285539834	0.0375521305	0.0520905476	0.0711769179	0.1657189483	0.103779496	0.0697675179	-0.0201199508	-0.0267883217	-0.016999187	-0.0177717051	0.0072208797	-0.1210212634	-0.0650223988	-0.0351174562	-0.0351646783	0.0328786125	0.0944309398	-0.0410696106	-0.0112978899	0.0585982746	-0.1227579412	-0.1695762874	-0.0176099042	-0.001601192	0.0624799697	0.1033062384	-0.0338376994	0.0543852021	-0.0743777439	-0.017744488	-0.0613656161	0.0140421503	-0.0339430943	-0.053046355	0.0701741222	0.0869640462	0.0490406834	0.0060232953	0.0713271569	-0.058832621	0.0901224218	-0.0403675486	0.0064856089	0.1083387858	-0.0141071039	-0.0504665513	-0.0829488055	0.1405133935	-0.0651370774	-0.0014893562	0.0316408548	-0.0125446812	0.0441931624	0.0816649374	-0.0363427336	-0.0073987067	-0.0333980231	-0.0916786358	0.1047734569	-0.0199493821	-0.0566922987	-0.0114353387	0.1271938619	0.0699874125	0.1212492057	-0.0087882359	0.1662336327	0.0143497541	-0.0238825502	-0.0020312355	-0.0057349399	0.0230111631	-0.000114299	-0.0063871614	-0.0662899053	-0.0068016077	0.0073311093	-0.0277655048	-0.0090538739	0.1240957669	-0.0446381028	-0.0046740884	0.1090976754	-0.034636209	-0.0193390365	-0.0496524929	0.0307510328	0.0761478634	-0.1085686573	-0.0250179331	-0.0803578362	0.0226001849	-0.0503965909	0.0929656513	0.0157589303	-0.0861420439	-0.0004117092	0.0236244879	-0.0069594192	-0.009512287	0.0225379256	0.0079167222	-0.0771008457	0.0187081613	-0.0925777459	-0.0423606843	-0.1097049763	-0.0453398246	-0.1202014181	-0.0326272218	-0.0086341693	0.0034155862	-0.0310929685	0.005509923	-0.123594845	-0.0355321354	0.0176991046	-0.1061148329	0.0304576717	-0.0054157283	-0.1177934751	0.0323382909	-0.0001673565	-0.1256215909	0.0869964693	0.0157755258	-0.0042254652	0.0496936761	-0.0130680616	0.0066064479	0.0012552824	-0.1273362659	0.0624687285	0.0076057037	0.0751199243	0.0941920437	-0.0838236605	0.0316563509	0.0243458611	-0.0588464786	0.1095167716	-0.0455182638	-0.0101983579	0.0430229047	-0.0062180537	-0.0329444521	-0.0653230775	0.0474920603	-0.0709258015	-0.0097315668	0.1080767141	-0.0114130849	-0.1809821958	0.0946693321	0.0191424443	0.0910176675	-0.0139165306	0.0998420812	-0.105303025	0.1032218959	-0.0997837604	0.0950338178	0.0	0.0	0.1858908959287788	0.0219374941638363	0.034555425189204	0.0004812536501883	0.104355369051305	-0.0027426142474524	7.521932910329407e-06	0.010890043049834	-0.2127278749160268	-0.0005609210036184	3.146323723002766e-07	0.0452531487662887	-0.0023172557029221	-0.0003281965008443	5.369673992724997e-06	1.077129431664428e-07	-0.0018925869239845	0.0003585944836123	3.5818852648371115e-06	1.285900036772438e-07	0.0060978617707794	-8.845052080169984e-05	3.718391817553288e-05	7.823494630091936e-09	0.0	0.0
58.492853675939024	0.1212673663006782	3421.4139311548133	0.0147057741295028	65.29904785396168	0.19690498815892	0.0387715743618644	4263.965650633978	58.87497478186468	0.0194800981214626	3466.262655565202	0.0003794742228218	62.4687029219882	49.92011130272925	0.958961	30.624212	0.0396297690703994	0.0211612676029851	0.0595260163	-0.0610321449	-0.0388412141	-0.1887876257	-0.0298843322	0.0462471122	-0.0968114697	0.1146612416	-0.0796743827	-0.0031428772	-0.1119908856	-0.082295481	-0.1059744802	-0.0476507736	0.0150701006	0.0613892645	-0.003417005	-0.0749958509	0.0069554351	0.0622301227	-0.0393837194	-0.123360214	-0.196859828	0.0141161313	0.0285038159	-0.0554586496	-0.1561987879	0.0614046747	0.0417386655	-0.1172782984	-0.0895964509	0.0224838456	-0.037107125	0.1207675426	-0.1030253253	-0.0604558045	0.0562872593	-0.0018087238	0.0006260216	0.0316912248	0.0994096332	0.0036332514	0.032661047	0.1185866565	0.1257103862	-0.0305351917	-0.0550310395	-0.0543118204	0.0115872969	0.0533546003	0.0112111402	-0.0471290419	0.0752672472	-0.0992757548	-0.0229004771	0.0435126982	0.0309784348	-0.0114939144	0.0540150332	0.0669054256	0.1147925139	0.0352601376	-0.0481508984	0.0287917668	-0.0325325042	-0.0394745863	-0.0435641364	-0.0512879462	0.1550509023	0.0141270863	0.0352297739	-0.0087880895	0.158022882	0.0124203531	-0.0842053468	0.0006582603	-0.1163549143	-0.0657506332	0.0823617621	-0.0434971032	-0.1036634036	0.0352716751	0.0841422634	0.1103614963	0.0984394731	0.0084457659	-0.0956994893	0.0450564426	-0.0666181084	0.1694168381	0.064026498	-0.0264898109	0.0080182583	-0.0016026141	-0.0444849838	0.2037970269	0.0086093997	0.1406264372	0.1059943934	-0.046865758	0.1519079975	0.0234188832	0.0767610017	0.0320595552	-0.0897610126	0.0800586999	0.0082345945	0.1959689663	-0.0004760041	-0.089133809	-0.0109469933	-0.0319608246	-0.0166891339	0.015156628	-0.0777934182	-0.0084767025	0.050896727	0.0244820004	-0.1191344073	-0.0565962926	0.0489217937	-0.005177536	0.033756511	-0.0596049868	-0.0542794894	-0.0520749872	0.007612856	-0.0028199939	0.0090616713	-0.0361908733	-0.0127502079	0.0618037941	-0.0594517739	-0.0146859735	-0.1034450879	-0.0793869597	-0.0249256114	0.028905642	0.0075902664	-0.0378912328	0.075226544	-0.0441619832	-0.1250899757	-0.1072892981	-0.0388981008	-0.0549476743	0.0134375219	0.1190443215	-0.0671585394	0.0880054785	0.0880049795	-0.0295102052	0.0040196156	-0.0711141096	-0.1197292883	0.0370323476	-0.0860972198	-0.0827876247	-0.0186425938	0.0407604815	-0.1152148534	0.0057596071	-0.1128168407	0.0202546697	-0.028884235	0.2216860182	-0.0418061651	-0.0134272274	-0.0249921701	-0.0320242405	-0.0382301725	-0.040312629	0.0507524275	0.0116577646	0.1078292769	0.0655397631	0.0361312839	-0.0725512413	0.0015644783	0.0414011359	-0.0720236242	0.1179008407	0.012073658	0.0013324303	0.0086528505	0.1365736844	0.0489534936	-0.0863529855	0.0008128835	0.0019361148	-0.0302444084	-0.0144590991	-0.0271688262	-0.0739990522	0.0344569456	-0.0612967573	0.0412669662	0.1110279779	0.0602940877	-0.1055007667	0.1040084014	-0.1015367435	0.0981090648	0.0	0.0	0.1855145578390846	-0.0003763380896942	0.034415651170231	1.4163035775468e-07	0.1077699338486297	0.0034145647973247	1.1659252755129075e-05	0.011614358641738	-0.2099217900269963	0.0028060848890305	7.874112404445326e-06	0.0440671579281383	-0.0020708490435264	0.0002464066593957	4.288415761074205e-06	6.071624179454859e-08	-0.0017860082865814	0.000106578637403	3.1898255997374283e-06	1.1359005950701445e-08	0.0057901914416912	-0.0003076703290881	3.352631693143402e-05	9.466103140124113e-08	0.0	0.0
58.73951003658907	0.2466563606500429	3450.3300393385475	0.060839360249124	65.61357445586903	0.314526601907346	0.0989269833073821	4305.141152875869	58.86231013344521	-0.0126646484194665	3464.771554245887	0.0001603933195886	62.628164571421735	50.26046548467694	0.950778	30.362896	0.1434780357924193	0.0745058339686033	0.0342919095	-0.1116754306	0.0086559199	-0.1601434351	-0.0413939955	0.1317086639	-0.0710044318	0.059405118	-0.1467918651	-0.0494672432	-0.1141471305	-0.0479976248	-0.1470329343	0.00428875	-0.0710135069	0.0204067962	0.1232504752	-0.145644049	0.0533188338	-0.0695499643	-0.0317283272	-0.1011818311	-0.033288541	0.2075844726	-0.0342837503	0.1010188592	0.0322983171	0.0145376239	0.1121269612	-0.0498404979	-0.0409229922	-0.0678946667	-0.1395840686	-0.0296916197	0.0264876843	-0.0314349175	0.095509796	-0.0942722311	0.0384912857	0.032420314	0.0557416401	0.0244685874	0.0320908198	-0.0128792489	0.1090885629	-0.0295710813	-0.022684834	-0.1698576581	-0.0042094887	-0.03153807	0.0136538744	0.050993896	0.0224248654	-0.1369787541	0.0747244849	0.0818055491	-0.1250497279	0.0740772404	0.1489012992	0.0403215274	-0.0141923363	-0.0273443891	0.0744314112	-0.0650844984	-0.0418242012	0.0065391404	-0.0374696715	0.040509812	-0.0259607621	-0.0164404494	0.1059565741	-0.0477861408	-0.0545419592	0.1124703829	0.0049628493	0.0026311981	-0.051101419	0.103669136	-0.0579122752	-0.0122697219	-0.0775097066	-0.0797791174	-0.0335166961	-0.0193659181	0.0605571384	0.0824171746	0.0951344819	0.1193808255	-0.088546603	0.1678970408	0.0312341061	-0.0706601642	0.1528762942	0.0063816564	-0.0748819619	-0.0202406466	-0.0381916824	-0.0130638079	-0.1760443556	-0.0328878496	0.0518223603	-0.0177630777	0.0622463108	0.0829244365	-0.0539626767	0.0188617018	0.0909728988	0.1470704499	0.0207253194	-0.1087019311	-0.0852874935	-0.042053704	0.0193585205	-0.0376189476	0.0429826046	-0.0365986449	0.0011840712	0.00984701	-0.1260799197	-0.0496470733	0.0569801133	0.0284691883	0.0792546564	-0.0754100614	0.0406473011	-0.0292332907	-0.0398844183	-0.0550667309	-0.0941981144	-0.0188053966	-0.0182049442	-0.0448525775	-0.0371647011	0.1083356073	0.0026012318	-0.1530438334	0.1521695032	0.0864186449	0.0140096031	0.0589461024	0.0242312026	0.1149202386	-0.0671823264	-0.0267114521	0.0263476221	-0.0099906428	0.0297277903	0.0302363897	-0.0206766373	0.0488312816	-0.0216055407	0.0500391222	0.1240576458	0.0383337411	0.0609252716	0.1179924707	-0.0130783182	0.0014672398	0.0669044138	-0.0327647891	0.0095842932	0.0860068364	-0.0629652401	0.1134045139	0.0370919657	-0.1163960412	0.07037106	0.0153591525	0.0143587254	-0.0387809001	-0.1013616435	0.0227132011	0.0827792777	0.0508397509	0.030077301	0.0977312672	-0.0487873469	0.0303402051	-0.0272787178	0.1147591469	0.0561166767	0.0731952239	-0.0193000441	-0.0400587101	-0.0603172946	0.1730720174	0.0536348687	-0.0585442993	-0.1373183352	-0.1324192361	-0.0283561064	-0.1295986021	-0.049145869	0.0311890454	-0.0228538195	-0.0351515426	-0.0166852845	0.0775043756	-0.0119339382	-0.1056656457	0.1046653254	-0.1030051337	0.1006955375	0.0	0.0	0.1551227459217727	-0.0303918119173119	0.0240630663023108	0.0009236622316172	0.1039857580887684	-0.0037841757598612	1.4319986181521844e-05	0.0108130378852958	-0.2393250023994824	-0.0294032123724861	0.0008645488978215	0.0572764567735122	-0.0013490794936561	0.0007217695498703	1.820015480203399e-06	5.209512831199755e-07	-0.0017998364438609	-1.3828157279499988e-05	3.2394112246498508e-06	1.9121793374658849e-10	0.0049278124339858	-0.0008623790077054	2.428333538454505e-05	7.436975529309511e-07	0.0	0.0
58.88389389726475	0.1443838606756813	3467.3129605043328	0.0208466992236145	65.73718070584023	0.1236062499712034	0.0152785050319436	4321.376927152293	58.965636699907535	0.1033265664623215	3476.9463114254822	0.0106763793368925	62.74953098105753	50.67766283831119	0.928051	29.637104	0.0676464468615413	0.0366225592633727	0.0036235012	-0.1258840224	0.0588251085	-0.1109044211	-0.0468824688	0.0843362769	0.0549230298	0.0247632581	-0.1544269731	0.0464753483	-0.0201168241	-0.0272286572	0.1071884615	0.0592694519	-0.0211520648	0.0068317783	0.0544689795	-0.1493214551	0.0042733992	0.0376637829	-0.0273313788	-0.0433754568	-0.1640769976	-0.0437140201	-0.0985150098	-0.1004519648	0.0546475475	-0.0842930464	0.0479584319	0.029391353	0.038829393	-0.0512027139	-0.0268492554	-0.1109004597	0.0084180598	-0.0406580556	-0.0550059777	-0.0772404061	-0.003099149	0.0734685377	0.0283221266	-0.1387074467	-0.0840429876	-0.0322531713	0.0572041008	-0.019670668	0.0246548313	-0.0953528574	0.0816076163	-0.0854975626	-0.0631472396	-0.0094208543	-0.0264211463	-0.0820891084	0.0696578549	0.0469260002	0.0593835608	0.1203632093	-0.0815234677	0.0585054195	-0.0770532708	0.0212012632	0.057621689	0.0737047015	0.0419316921	0.0651385351	0.1411442993	-0.0490766931	-0.0514283524	0.0712459126	0.0989706452	0.0712998782	-0.1849292099	0.068290067	-0.0253515197	-0.0630712326	-0.0333624034	0.0215687071	0.0390673883	-0.0388831672	0.0181799028	-0.0240576488	-0.0045715699	0.0571882588	-0.0395665527	0.0150614452	0.0596056933	0.0196958932	-0.0131106477	-0.0589064696	-0.079863666	0.0839168712	0.0790488182	0.0759749528	0.1361450863	-0.0137688345	0.1452800944	0.0212946813	0.1868415554	-0.0331516671	0.0310809907	0.030670966	-0.0771717004	-0.1555378624	0.1452468031	-0.024090395	0.1082218704	0.0965007392	0.0338120399	-0.1032197997	-0.0711049849	-0.0072167762	-0.015739292	0.054986174	-0.021959785	-0.0463407372	-0.0314274557	-0.0335136191	0.0397032965	0.0066989458	-0.0110288417	0.0158217216	0.0591225047	-0.0942783207	0.1117102345	-0.0320348269	-0.0289041529	0.0054362394	0.0594458067	-0.0689164231	-0.1200756037	-0.0979956436	-0.0244210763	0.031828929	-0.107761857	-7.12575e-05	-0.0445268435	-0.0509168823	-0.0152309132	-0.0035781575	0.0502438896	-0.0107328024	-0.0953040436	0.0478224623	0.0116596817	0.0990834514	0.1416371599	-0.0770708722	-0.0076297106	0.0685283982	0.0047148633	0.1152371148	0.0040144369	-0.1173663188	0.0834460073	0.0850000936	0.0419415217	-0.0410065943	0.0922852627	0.0703235469	0.1046450066	0.0173618463	0.112080147	-0.0506893588	-0.0522836547	-0.0841732536	-0.0864671976	-0.0732633729	-0.009075431	0.011040321	-0.1168559875	0.071370565	-0.121138893	-0.0492063905	0.0238712249	0.0748348953	-0.1004718794	0.0070821519	0.0046115147	0.041498503	0.0641197843	0.099936679	-0.0299746792	-0.1150888168	-0.0030343213	0.0996710382	0.0467682019	0.0311967393	0.0746248252	-0.0133513669	0.0927331252	-0.0407491661	-0.0253036818	-0.050935507	-0.1239876288	-0.1319178974	-0.0184916428	0.004895396	-0.0426525839	-0.1057976105	0.1051918494	-0.1041848154	0.10278035	0.0	0.0	0.1615279303901076	0.0064051844683349	0.0260912722961114	4.102638807339872e-05	0.0968001247264993	-0.0071856333622691	5.1633326816954736e-05	0.0093702641470658	-0.23598041807697	0.0033445843225123	1.118624429039566e-05	0.0556867577157815	-0.0015110550412995	-0.0001619755476434	2.283287337836633e-06	2.6236078034379346e-08	-0.0023560163289413	-0.0005561798850803	5.550812942238039e-06	3.093360645680467e-07	0.0046317469725411	-0.0002960654614447	2.1453080017643644e-05	8.765475746046317e-08	0.0	0.0
59.13041448435956	0.2465205870948139	3496.405917092159	0.0607723998615717	66.29080105827539	0.5536203524351606	0.3064954946304314	4394.470304947846	59.04874387766445	0.083107177756915	3486.7541535300147	0.0069068029947194	62.89979926821236	51.4715130512531	0.928653	29.656349	0.1311216423321395	0.0693613352486077	-0.0583301898	-0.0862670824	0.0816027412	-0.0744176007	-0.037514378	0.0640378421	0.0594176144	-0.0873385468	-0.1021909594	0.012086514	-0.0830323496	0.0054912183	0.0248533748	-0.0782219293	-0.0682978517	-0.0284830415	0.0484490463	-0.0064611458	-0.0592390919	-0.0334489659	-0.0268054988	0.0694133157	0.0378467225	0.0111488648	-0.1137326031	-0.0297897222	0.0673421951	-0.0137779792	-0.1195289098	-0.0377310725	-0.0242124615	0.0152427525	-0.0803619888	0.0583367405	-0.0705150108	0.0143617609	-0.0981378445	0.0705358998	-0.035394071	0.0854180403	0.0343088019	0.0706518015	-0.0040172019	-0.1690873224	0.0586345699	-0.0942356957	-0.0781957538	0.100360902	0.0571006146	0.0804570288	0.0719804316	0.0589202381	0.1082780539	-0.0292043785	0.0908033969	-0.0281833816	-0.0236967079	0.0038614091	-0.0120122757	-0.0563898873	0.0428289817	-0.0804007567	0.1430858634	0.0209846569	-0.0298749923	-0.0338149689	-0.0019692643	-0.0207424587	0.0587357248	-0.0565957083	-0.0841905145	-0.056659913	0.0841303299	-0.112847987	0.0573846219	0.087316307	0.1062817616	-0.0354891994	-0.0070015483	0.0002804879	0.0400348019	0.0889630237	-0.0892550814	0.031260305	0.0179980696	0.0080752869	0.0439824338	0.1268735154	-0.0029595848	-0.1210767115	-0.0400499955	0.033417187	0.0254972978	0.0471360657	0.0512479484	-0.0552513082	0.0082334179	0.060212729	0.0922685446	-0.0515080546	-0.0253412939	0.0799589491	-0.0254878712	-0.1422970688	-0.093647543	-0.086837512	0.081870885	0.0841496588	0.0766734907	-0.0755828013	0.0320950554	0.0786210102	-0.0022050428	0.1274870799	0.0420828111	-0.0327404543	-0.046734486	0.027083308	0.0324236241	-0.0001221891	-0.0417487784	-0.0072936472	0.0537764068	-0.1000857295	0.1266714447	-0.0217946172	0.0265886632	-0.0830633413	0.0436506411	0.0362930992	-0.0754646895	0.0028837111	0.0789309099	0.0292257337	0.020595666	-0.0609739627	0.0274861618	0.033212001	0.1271327816	-0.0794209172	0.0296901892	-0.0280304686	0.0395172833	-0.0282861122	0.0049620986	0.0978605154	0.0634100985	0.0036185713	-0.0596515023	0.069332264	0.0812586536	0.0862792528	0.0236694846	0.043606164	-0.0552191987	-0.0914696875	0.1349534991	0.0109499866	-0.0571454086	-0.069673252	0.0626240266	-0.0404454511	0.0150745799	0.0383187864	0.0089531714	0.0661075813	0.1038085964	-0.1490455484	0.0067314376	-0.0741630432	-0.0658765741	0.0476376424	0.0102762161	0.1097693355	-0.0054559837	0.0125775875	-0.1086799461	-0.0880363251	0.0712710716	-0.087987898	-0.0186980241	0.1478251966	0.0552418256	-0.0282999742	0.056926472	0.0148665015	0.0262998866	0.0021399924	0.0360891666	-0.031534542	0.0308323957	-0.0175026901	-0.0968968114	0.0601603808	-0.051059339	0.0302121236	-0.0004652522	-0.0220878966	0.053648906	-0.1058966202	0.1055873175	-0.1050724821	0.104353116	0.0	0.0	0.1424389640132375	-0.0190889663768701	0.0202888584691643	0.0003643886373372	0.0819172953268037	-0.0148828293996956	0.0002214986109404	0.0067104432736587	-0.2367959815801938	-0.0008155635032237	6.651438277906566e-07	0.0560723368925274	-0.0025507924476629	-0.0010397374063634	6.506542111054088e-06	1.08105387419129e-06	-0.0025098678838637	-0.0001538515549224	6.299436794450448e-06	2.36703009520403e-08	0.0053648436723023	0.0007330966997612	2.8781547628242027e-05	5.374307712007635e-07	0.0	0.0
59.25521169713552	0.1247972127759595	3511.1801132723463	0.0155743443166481	66.41267153502011	0.1218704767447178	0.0148524131019848	4410.64294041847	59.03182212852128	-0.0169217491431723	3484.756023813374	0.0002863455940644	62.96927916749171	52.10903223994728	0.977934	31.230137	0.084183354841837	0.0435987290114927	-0.0727042894	0.0081305522	0.152980159	-0.0217373041	0.080336772	0.0073254688	0.0761654283	-0.1207680332	-0.0797433636	0.0459139793	-0.0374844175	0.0621305498	-0.0615109059	0.060555111	-0.0378481383	-0.0381207522	0.0310413241	-0.0466652103	-0.0889023515	-0.0607243183	0.1654968874	0.021515683	-0.003236072	-0.0184517084	0.0113153388	-0.0668728395	0.0728524817	-0.0907544434	-0.0193707528	-0.0622302615	0.0652190074	0.0863521964	0.0209284201	0.0661905598	0.0381264387	-0.1127542805	0.0160660898	-0.0958641186	-0.0449302299	-0.0380908196	0.0788184947	0.0299710778	0.1003324367	0.0152123094	0.0155320701	-0.0419657284	0.0185049636	0.1536274101	-0.0431661095	-0.0564266961	-0.029380277	-0.1168705652	0.0124665124	0.1152990777	-0.0037876163	0.038266566	0.0553783458	0.0239293584	0.0880312289	0.0222611523	-0.0271118583	0.0340426486	0.1014997685	0.0362217641	0.0401594952	-0.0820409332	0.0085631125	0.0152954574	-0.0477218607	-0.0481840719	-0.0057543861	0.006309608	-0.024940998	-0.1019160473	-0.0078387777	-0.0953087062	0.0290526889	0.0196968677	0.0997013439	-0.0016359899	-0.0255394375	0.0629729232	0.0254189831	-0.1090007063	-0.0629005299	0.0063558869	-0.0531632608	0.0107689205	-0.0553627757	0.1027729031	0.0621060708	-0.0869570867	0.0439819468	-0.0836161781	0.0019838271	0.1127149828	0.0702866801	-0.0143557183	0.0047275848	-0.0437494151	-0.140598901	0.0023075798	-0.0386883005	-0.0192988262	0.0290210318	-0.1111505299	0.0749733205	0.0958313587	0.0192667612	0.0175788268	0.0811146125	-0.0634046044	-0.0141662603	0.0039043848	0.1015687806	-0.0545134365	0.0291764666	0.0005834928	0.0788168562	-0.0671158986	-0.0142285879	-0.059877265	0.0451825996	-0.0470141851	0.0082580461	0.030945108	0.0026752697	-0.1201645594	-0.003921769	0.0435508896	0.1139803408	0.0103627287	-0.0131509323	0.1178906186	0.0441889852	-0.0148602293	0.0337557591	0.0342857445	0.045003996	-0.0635388557	-0.0494561027	-0.0671924424	0.0976958973	-0.027069062	0.0083260153	0.1171120605	-0.0259057689	0.000260345	0.0865424265	0.1064466874	0.0520201401	-0.051622959	-0.129003879	0.0045064051	0.0411387334	-0.0846788058	0.1045128088	0.0170081665	0.1870177205	0.0099812989	-0.0067827732	0.0065332989	-0.0509763912	-0.041492708	-0.0689030411	0.0551988939	-0.0073077324	-0.020352399	0.0174124237	-0.0807526548	-0.0618624228	-0.0328246139	-0.0084952366	-0.0328116249	-0.1143716219	0.0119495734	-0.1384747757	-0.1095508727	0.0910290621	-0.0223954076	-1.28774e-05	0.0539993205	-0.0693478321	0.1165274575	0.0896118161	-0.0690885952	0.0457054983	0.0444586827	0.0499542057	-0.0268147156	0.0244845359	0.0370365901	0.0074928373	0.0125998689	0.0580488939	-0.0096257792	-0.0113655313	-0.0192099671	-0.0167430644	-0.1059626437	0.1058512369	-0.1056656457	0.1054060001	0.0	0.0	0.175124498417361	0.0326855344041235	0.0306685899459322	0.0010683441592831	0.0850872358565908	0.003169940529787	1.0048522962386914e-05	0.0072398377057151	-0.2393995278819503	-0.0026035463017564	6.778453345389912e-06	0.0573121339501006	-0.002224767792581	0.0003260246550819	4.949591730905735e-06	1.0629207572127189e-07	-0.0019819139520345	0.0005279539318292	3.92798291326901e-06	2.787353541339116e-07	0.00530433558709	-6.0508085212299806e-05	2.8135976020469416e-05	3.661228376058934e-09	0.0	0.0
59.15904113038616	-0.0961705667493646	3499.792147466721	0.009248777908894	66.20399643640098	-0.2086750986191248	0.0435452967837014	4382.969144150994	59.146535752266864	0.1147136237455868	3498.312691494182	0.013159215472844	62.864893754417565	52.586865523617305	0.95799	30.593225	0.054962734670161	0.0342486364305936	-0.0522878925	0.0279674295	0.1258044938	0.0934079757	0.1400093388	0.0031438914	0.0003347024	-0.0823685871	0.0120548622	-0.0720677119	-0.0173202389	0.0966734007	-0.0320958924	0.0715497885	-0.0161386714	-0.0305018616	0.0152408608	0.0852195217	0.0809365499	-0.0802681534	-0.0237069773	-0.0071802759	0.0841621717	0.0936231509	-0.0405423297	0.0460078505	-0.0303600619	-0.0320015362	-0.1149625692	-0.108369076	0.0274311411	-0.0090214231	0.1881798558	-0.0188315696	-0.0628861551	-0.0829539725	0.0434199108	0.0127204414	0.0297696814	-0.0181210873	-0.0136233797	-0.0069445049	-0.0441503298	0.0675161128	-0.0282778279	-0.1303941872	0.0989596342	0.0147257923	0.0736690417	0.092631652	-0.0575688787	-0.1045560924	-0.0477210853	0.0205402664	-0.0638448493	0.0232831675	-0.0923611858	0.0310044542	0.014708063	-0.1446499245	0.0162578033	-0.0280499194	-0.0119070564	-0.0508310106	-0.0089910885	0.0144050869	-0.0069368159	-0.0610739988	-0.0366617512	-0.0294509782	0.0222178782	-0.0953179901	-0.0431191403	-0.0366798596	-0.0757528967	0.0737646841	-0.0559374367	-0.0686215408	0.0244992212	0.0466545169	-0.005906395	-0.0377585162	-0.0166898494	0.0792260845	0.0139837041	-0.041840783	0.0950104025	-0.0308973751	-0.1166439961	-0.1053922683	-0.0285167591	-0.1183016495	-0.0503730708	-0.0812282862	0.0951897239	0.0986402355	-0.0705845953	-0.1065583384	-0.0217956105	0.1351932239	-0.0072499658	0.0432869382	-0.0029640576	-0.1736874295	0.0152005887	-0.0718258834	0.0605566495	0.0236855739	0.0148079705	0.112377756	0.0426929777	-0.0638504537	0.0259193663	-0.0048601794	0.096614738	0.0255112398	0.0351764623	-0.0545817718	-0.0579746409	-0.0768164898	-0.0635086163	0.0018121509	0.1205153157	-0.0077996699	-0.0772839798	-0.0762331076	0.0031591977	-0.0564819498	0.0164642567	-0.0430335827	-0.0127290564	-0.0464464103	-0.0731411098	0.0759217035	0.0290343929	-0.0595864976	-0.0085008996	-0.0641108923	-0.0026618266	-0.0385685261	-0.0348313308	0.0012209977	-0.0558020578	0.0692129674	-0.046344189	-0.0048724247	-0.0903250262	0.0833014492	0.0242157843	-0.0867540093	0.0356121556	-0.0327875782	0.0253385243	0.0761998724	0.0214542933	-0.0664227852	-0.0183244394	-0.0441473985	0.0871989055	0.0300967802	-0.0914020602	0.0201205499	0.116340876	0.0462446862	-0.0692428605	-0.0835848165	0.0737165601	0.051396115	-0.1077451695	-0.0353726446	-0.0442274781	0.0067442403	0.0097889031	0.0010849331	0.0031487553	0.0045908201	-0.089160073	-0.0838592199	-0.0403484431	-0.0345452892	0.0705680924	-0.0042156282	-0.046964795	0.1109789297	-0.0705201184	-0.0457608722	0.0914201219	-0.0359401124	0.0310649296	-0.1110793904	0.1035306829	0.0676961945	0.0517169508	0.0199934893	0.0379158617	-0.0518568234	0.1362723167	-0.1082325998	-0.0114244349	-0.1059956606	0.1059832789	-0.1059626437	0.1059337567	0.0	0.0	0.1729471710770838	-0.0021773273402772	0.029910723983566	4.7407543467185946e-06	0.093440712499131	0.0083534766425402	6.97805720174647e-05	0.0087311667523452	-0.2300110710433216	0.0093884568386286	8.81431218107937e-05	0.0529050928024959	-0.0022946430638442	-6.987527126320033e-05	5.265386790448298e-06	4.882553534105829e-09	-0.0025756539285597	-0.0005937399765251	6.633993159705016e-06	3.5252715972414494e-07	0.0053415898162759	3.725422918589988e-05	2.8532581765342403e-05	1.387877592235554e-09	0.0	0.0
