
Sat Mar 14 12:13:38 CET 2026
cd /out/sourcedata/freesurfer/sub-v2s9x29169_ses-1
setenv SUBJECTS_DIR /out/sourcedata/freesurfer
/opt/freesurfer/bin/recon-all -autorecon-hemi rh -noparcstats -noparcstats2 -noparcstats3 -nohyporelabel -nobalabels -rh-only -openmp 16 -subjid sub-v2s9x29169_ses-1 -sd /out/sourcedata/freesurfer

subjid sub-v2s9x29169_ses-1
setenv SUBJECTS_DIR /out/sourcedata/freesurfer
FREESURFER_HOME /opt/freesurfer
Actual FREESURFER_HOME /opt/freesurfer
build-stamp.txt: freesurfer-linux-ubuntu22_x86_64-7.3.2-20220804-6354275
Linux dna078 5.14.0-427.37.1.el9_4.x86_64 #1 SMP PREEMPT_DYNAMIC Fri Sep 13 12:41:50 EDT 2024 x86_64 x86_64 x86_64 GNU/Linux
cputime      unlimited
filesize     unlimited
datasize     unlimited
stacksize    8192 kbytes
coredumpsize 0 kbytes
memoryuse    67108864 kbytes
vmemoryuse   unlimited
descriptors  1024 
memorylocked unlimited
maxproc      2061970 
maxlocks     unlimited
maxsignal    2062029 
maxmessage   819200 
maxnice      0 
maxrtprio    0 
maxrttime    unlimited

               total        used        free      shared  buff/cache   available
Mem:           503Gi        49Gi       393Gi       9.1Gi        60Gi       441Gi
Swap:             0B          0B          0B

########################################
program versions used
7.3.2 (freesurfer-linux-ubuntu22_x86_64-7.3.2-20220804-6354275)
7.3.2

ProgramName: lta_convert  ProgramArguments: lta_convert -all-info  ProgramVersion: 7.3.2  TimeStamp: 2026/03/14-11:13:38-GMT  BuildTime: Aug  4 2022 06:17:15  BuildStamp: freesurfer-linux-ubuntu22_x86_64-7.3.2-20220804-6354275  User: oesteban  Machine: dna078  Platform: Linux  PlatformVersion: 5.14.0-427.37.1.el9_4.x86_64  CompilerName: GCC  CompilerVersion: 8.4.0
ProgramName: mri_and  ProgramArguments: mri_and -all-info  ProgramVersion: 7.3.2  TimeStamp: 2026/03/14-11:13:38-GMT  BuildTime: Aug  4 2022 06:17:15  BuildStamp: freesurfer-linux-ubuntu22_x86_64-7.3.2-20220804-6354275  User: oesteban  Machine: dna078  Platform: Linux  PlatformVersion: 5.14.0-427.37.1.el9_4.x86_64  CompilerName: GCC  CompilerVersion: 8.4.0
ProgramName: mri_annotation2label  ProgramArguments: mri_annotation2label -all-info  ProgramVersion: 7.3.2  TimeStamp: 2026/03/14-11:13:38-GMT  BuildTime: Aug  4 2022 06:17:15  BuildStamp: freesurfer-linux-ubuntu22_x86_64-7.3.2-20220804-6354275  User: oesteban  Machine: dna078  Platform: Linux  PlatformVersion: 5.14.0-427.37.1.el9_4.x86_64  CompilerName: GCC  CompilerVersion: 8.4.0
ProgramName: mri_aparc2aseg  ProgramArguments: mri_aparc2aseg -all-info  ProgramVersion: 7.3.2  TimeStamp: 2026/03/14-11:13:38-GMT  BuildTime: Aug  4 2022 06:17:15  BuildStamp: freesurfer-linux-ubuntu22_x86_64-7.3.2-20220804-6354275  User: oesteban  Machine: dna078  Platform: Linux  PlatformVersion: 5.14.0-427.37.1.el9_4.x86_64  CompilerName: GCC  CompilerVersion: 8.4.0
ProgramName: mri_surf2volseg  ProgramArguments: mri_surf2volseg -all-info  ProgramVersion: 7.3.2  TimeStamp: 2026/03/14-11:13:38-GMT  BuildTime: Aug  4 2022 06:17:15  BuildStamp: freesurfer-linux-ubuntu22_x86_64-7.3.2-20220804-6354275  User: oesteban  Machine: dna078  Platform: Linux  PlatformVersion: 5.14.0-427.37.1.el9_4.x86_64  CompilerName: GCC  CompilerVersion: 8.4.0
ProgramName: mri_binarize  ProgramArguments: mri_binarize -all-info  ProgramVersion: 7.3.2  TimeStamp: 2026/03/14-11:13:38-GMT  BuildTime: Aug  4 2022 06:17:15  BuildStamp: freesurfer-linux-ubuntu22_x86_64-7.3.2-20220804-6354275  User: oesteban  Machine: dna078  Platform: Linux  PlatformVersion: 5.14.0-427.37.1.el9_4.x86_64  CompilerName: GCC  CompilerVersion: 8.4.0
ProgramName: mri_ca_label  ProgramArguments: mri_ca_label -all-info  ProgramVersion: 7.3.2  TimeStamp: 2026/03/14-11:13:38-GMT  BuildTime: Aug  4 2022 06:17:15  BuildStamp: freesurfer-linux-ubuntu22_x86_64-7.3.2-20220804-6354275  User: oesteban  Machine: dna078  Platform: Linux  PlatformVersion: 5.14.0-427.37.1.el9_4.x86_64  CompilerName: GCC  CompilerVersion: 8.4.0
ProgramName: mri_ca_normalize  ProgramArguments: mri_ca_normalize -all-info  ProgramVersion: 7.3.2  TimeStamp: 2026/03/14-11:13:38-GMT  BuildTime: Aug  4 2022 06:17:15  BuildStamp: freesurfer-linux-ubuntu22_x86_64-7.3.2-20220804-6354275  User: oesteban  Machine: dna078  Platform: Linux  PlatformVersion: 5.14.0-427.37.1.el9_4.x86_64  CompilerName: GCC  CompilerVersion: 8.4.0
ProgramName: mri_ca_register  ProgramArguments: mri_ca_register -all-info  ProgramVersion: 7.3.2  TimeStamp: 2026/03/14-11:13:38-GMT  BuildTime: Aug  4 2022 06:17:15  BuildStamp: freesurfer-linux-ubuntu22_x86_64-7.3.2-20220804-6354275  User: oesteban  Machine: dna078  Platform: Linux  PlatformVersion: 5.14.0-427.37.1.el9_4.x86_64  CompilerName: GCC  CompilerVersion: 8.4.0
ProgramName: mri_cc  ProgramArguments: mri_cc -all-info  ProgramVersion: 7.3.2  TimeStamp: 2026/03/14-11:13:38-GMT  BuildTime: Aug  4 2022 06:17:15  BuildStamp: freesurfer-linux-ubuntu22_x86_64-7.3.2-20220804-6354275  User: oesteban  Machine: dna078  Platform: Linux  PlatformVersion: 5.14.0-427.37.1.el9_4.x86_64  CompilerName: GCC  CompilerVersion: 8.4.0
ProgramName: mri_compute_overlap  ProgramArguments: mri_compute_overlap -all-info  ProgramVersion: 7.3.2  TimeStamp: 2026/03/14-11:13:38-GMT  BuildTime: Aug  4 2022 06:17:15  BuildStamp: freesurfer-linux-ubuntu22_x86_64-7.3.2-20220804-6354275  User: oesteban  Machine: dna078  Platform: Linux  PlatformVersion: 5.14.0-427.37.1.el9_4.x86_64  CompilerName: GCC  CompilerVersion: 8.4.0
ProgramName: mri_compute_seg_overlap  ProgramArguments: mri_compute_seg_overlap -all-info  ProgramVersion: 7.3.2  TimeStamp: 2026/03/14-11:13:38-GMT  BuildTime: Aug  4 2022 06:17:15  BuildStamp: freesurfer-linux-ubuntu22_x86_64-7.3.2-20220804-6354275  User: oesteban  Machine: dna078  Platform: Linux  PlatformVersion: 5.14.0-427.37.1.el9_4.x86_64  CompilerName: GCC  CompilerVersion: 8.4.0
ProgramName: mri_concat  ProgramArguments: mri_concat -all-info  ProgramVersion: 7.3.2  TimeStamp: 2026/03/14-11:13:38-GMT  BuildTime: Aug  4 2022 06:17:15  BuildStamp: freesurfer-linux-ubuntu22_x86_64-7.3.2-20220804-6354275  User: oesteban  Machine: dna078  Platform: Linux  PlatformVersion: 5.14.0-427.37.1.el9_4.x86_64  CompilerName: GCC  CompilerVersion: 8.4.0
ProgramName: mri_concatenate_lta  ProgramArguments: mri_concatenate_lta -all-info  ProgramVersion: 7.3.2  TimeStamp: 2026/03/14-11:13:38-GMT  BuildTime: Aug  4 2022 06:17:15  BuildStamp: freesurfer-linux-ubuntu22_x86_64-7.3.2-20220804-6354275  User: oesteban  Machine: dna078  Platform: Linux  PlatformVersion: 5.14.0-427.37.1.el9_4.x86_64  CompilerName: GCC  CompilerVersion: 8.4.0
mri_convert -all-info 
ProgramName: mri_convert  ProgramArguments: mri_convert -all-info  ProgramVersion: 7.3.2  TimeStamp: 2026/03/14-11:13:38-GMT  BuildTime: Aug  4 2022 06:17:15  BuildStamp: freesurfer-linux-ubuntu22_x86_64-7.3.2-20220804-6354275  User: oesteban  Machine: dna078  Platform: Linux  PlatformVersion: 5.14.0-427.37.1.el9_4.x86_64  CompilerName: GCC  CompilerVersion: 8.4.0
ProgramName: mri_diff  ProgramArguments: mri_diff -all-info  ProgramVersion: 7.3.2  TimeStamp: 2026/03/14-11:13:38-GMT  BuildTime: Aug  4 2022 06:17:15  BuildStamp: freesurfer-linux-ubuntu22_x86_64-7.3.2-20220804-6354275  User: oesteban  Machine: dna078  Platform: Linux  PlatformVersion: 5.14.0-427.37.1.el9_4.x86_64  CompilerName: GCC  CompilerVersion: 8.4.0
ProgramName: mri_edit_wm_with_aseg  ProgramArguments: mri_edit_wm_with_aseg -all-info  ProgramVersion: 7.3.2  TimeStamp: 2026/03/14-11:13:38-GMT  BuildTime: Aug  4 2022 06:17:15  BuildStamp: freesurfer-linux-ubuntu22_x86_64-7.3.2-20220804-6354275  User: oesteban  Machine: dna078  Platform: Linux  PlatformVersion: 5.14.0-427.37.1.el9_4.x86_64  CompilerName: GCC  CompilerVersion: 8.4.0
ProgramName: mri_em_register  ProgramArguments: mri_em_register -all-info  ProgramVersion: 7.3.2  TimeStamp: 2026/03/14-11:13:38-GMT  BuildTime: Aug  4 2022 06:17:15  BuildStamp: freesurfer-linux-ubuntu22_x86_64-7.3.2-20220804-6354275  User: oesteban  Machine: dna078  Platform: Linux  PlatformVersion: 5.14.0-427.37.1.el9_4.x86_64  CompilerName: GCC  CompilerVersion: 8.4.0
ProgramName: mri_fill  ProgramArguments: mri_fill -all-info  ProgramVersion: 7.3.2  TimeStamp: 2026/03/14-11:13:38-GMT  BuildTime: Aug  4 2022 06:17:15  BuildStamp: freesurfer-linux-ubuntu22_x86_64-7.3.2-20220804-6354275  User: oesteban  Machine: dna078  Platform: Linux  PlatformVersion: 5.14.0-427.37.1.el9_4.x86_64  CompilerName: GCC  CompilerVersion: 8.4.0
ProgramName: mri_fuse_segmentations  ProgramArguments: mri_fuse_segmentations -all-info  ProgramVersion: 7.3.2  TimeStamp: 2026/03/14-11:13:38-GMT  BuildTime: Aug  4 2022 06:17:15  BuildStamp: freesurfer-linux-ubuntu22_x86_64-7.3.2-20220804-6354275  User: oesteban  Machine: dna078  Platform: Linux  PlatformVersion: 5.14.0-427.37.1.el9_4.x86_64  CompilerName: GCC  CompilerVersion: 8.4.0
ProgramName: mri_fwhm  ProgramArguments: mri_fwhm -all-info  ProgramVersion: 7.3.2  TimeStamp: 2026/03/14-11:13:38-GMT  BuildTime: Aug  4 2022 06:17:15  BuildStamp: freesurfer-linux-ubuntu22_x86_64-7.3.2-20220804-6354275  User: oesteban  Machine: dna078  Platform: Linux  PlatformVersion: 5.14.0-427.37.1.el9_4.x86_64  CompilerName: GCC  CompilerVersion: 8.4.0
ProgramName: mri_gcut  ProgramArguments: mri_gcut -all-info  ProgramVersion: 7.3.2  TimeStamp: 2026/03/14-11:13:38-GMT  BuildTime: Aug  4 2022 06:17:15  BuildStamp: freesurfer-linux-ubuntu22_x86_64-7.3.2-20220804-6354275  User: oesteban  Machine: dna078  Platform: Linux  PlatformVersion: 5.14.0-427.37.1.el9_4.x86_64  CompilerName: GCC  CompilerVersion: 8.4.0
ProgramName: mri_info  ProgramArguments: mri_info -all-info  ProgramVersion: 7.3.2  TimeStamp: 2026/03/14-11:13:38-GMT  BuildTime: Aug  4 2022 06:17:15  BuildStamp: freesurfer-linux-ubuntu22_x86_64-7.3.2-20220804-6354275  User: oesteban  Machine: dna078  Platform: Linux  PlatformVersion: 5.14.0-427.37.1.el9_4.x86_64  CompilerName: GCC  CompilerVersion: 8.4.0
ProgramName: mri_label2label  ProgramArguments: mri_label2label -all-info  ProgramVersion: 7.3.2  TimeStamp: 2026/03/14-11:13:38-GMT  BuildTime: Aug  4 2022 06:17:15  BuildStamp: freesurfer-linux-ubuntu22_x86_64-7.3.2-20220804-6354275  User: oesteban  Machine: dna078  Platform: Linux  PlatformVersion: 5.14.0-427.37.1.el9_4.x86_64  CompilerName: GCC  CompilerVersion: 8.4.0
ProgramName: mri_label2vol  ProgramArguments: mri_label2vol -all-info  ProgramVersion: 7.3.2  TimeStamp: 2026/03/14-11:13:38-GMT  BuildTime: Aug  4 2022 06:17:15  BuildStamp: freesurfer-linux-ubuntu22_x86_64-7.3.2-20220804-6354275  User: oesteban  Machine: dna078  Platform: Linux  PlatformVersion: 5.14.0-427.37.1.el9_4.x86_64  CompilerName: GCC  CompilerVersion: 8.4.0
ProgramName: mri_log_likelihood  ProgramArguments: mri_log_likelihood -all-info  ProgramVersion: 7.3.2  TimeStamp: 2026/03/14-11:13:38-GMT  BuildTime: Aug  4 2022 06:17:15  BuildStamp: freesurfer-linux-ubuntu22_x86_64-7.3.2-20220804-6354275  User: oesteban  Machine: dna078  Platform: Linux  PlatformVersion: 5.14.0-427.37.1.el9_4.x86_64  CompilerName: GCC  CompilerVersion: 8.4.0
ProgramName: mri_mask  ProgramArguments: mri_mask -all-info  ProgramVersion: 7.3.2  TimeStamp: 2026/03/14-11:13:38-GMT  BuildTime: Aug  4 2022 06:17:15  BuildStamp: freesurfer-linux-ubuntu22_x86_64-7.3.2-20220804-6354275  User: oesteban  Machine: dna078  Platform: Linux  PlatformVersion: 5.14.0-427.37.1.el9_4.x86_64  CompilerName: GCC  CompilerVersion: 8.4.0
ProgramName: mri_matrix_multiply  ProgramArguments: mri_matrix_multiply -all-info  ProgramVersion: 7.3.2  TimeStamp: 2026/03/14-11:13:38-GMT  BuildTime: Aug  4 2022 06:17:15  BuildStamp: freesurfer-linux-ubuntu22_x86_64-7.3.2-20220804-6354275  User: oesteban  Machine: dna078  Platform: Linux  PlatformVersion: 5.14.0-427.37.1.el9_4.x86_64  CompilerName: GCC  CompilerVersion: 8.4.0
ProgramName: mri_normalize  ProgramArguments: mri_normalize -all-info  ProgramVersion: 7.3.2  TimeStamp: 2026/03/14-11:13:38-GMT  BuildTime: Aug  4 2022 06:17:15  BuildStamp: freesurfer-linux-ubuntu22_x86_64-7.3.2-20220804-6354275  User: oesteban  Machine: dna078  Platform: Linux  PlatformVersion: 5.14.0-427.37.1.el9_4.x86_64  CompilerName: GCC  CompilerVersion: 8.4.0
ProgramName: mri_normalize_tp2  ProgramArguments: mri_normalize_tp2 -all-info  ProgramVersion: 7.3.2  TimeStamp: 2026/03/14-11:13:38-GMT  BuildTime: Aug  4 2022 06:17:15  BuildStamp: freesurfer-linux-ubuntu22_x86_64-7.3.2-20220804-6354275  User: oesteban  Machine: dna078  Platform: Linux  PlatformVersion: 5.14.0-427.37.1.el9_4.x86_64  CompilerName: GCC  CompilerVersion: 8.4.0
ProgramName: mri_or  ProgramArguments: mri_or -all-info  ProgramVersion: 7.3.2  TimeStamp: 2026/03/14-11:13:38-GMT  BuildTime: Aug  4 2022 06:17:15  BuildStamp: freesurfer-linux-ubuntu22_x86_64-7.3.2-20220804-6354275  User: oesteban  Machine: dna078  Platform: Linux  PlatformVersion: 5.14.0-427.37.1.el9_4.x86_64  CompilerName: GCC  CompilerVersion: 8.4.0
ProgramName: mri_relabel_hypointensities  ProgramArguments: mri_relabel_hypointensities -all-info  ProgramVersion: 7.3.2  TimeStamp: 2026/03/14-11:13:38-GMT  BuildTime: Aug  4 2022 06:17:15  BuildStamp: freesurfer-linux-ubuntu22_x86_64-7.3.2-20220804-6354275  User: oesteban  Machine: dna078  Platform: Linux  PlatformVersion: 5.14.0-427.37.1.el9_4.x86_64  CompilerName: GCC  CompilerVersion: 8.4.0
ProgramName: mri_relabel_nonwm_hypos  ProgramArguments: mri_relabel_nonwm_hypos -all-info  ProgramVersion: 7.3.2  TimeStamp: 2026/03/14-11:13:38-GMT  BuildTime: Aug  4 2022 06:17:15  BuildStamp: freesurfer-linux-ubuntu22_x86_64-7.3.2-20220804-6354275  User: oesteban  Machine: dna078  Platform: Linux  PlatformVersion: 5.14.0-427.37.1.el9_4.x86_64  CompilerName: GCC  CompilerVersion: 8.4.0
ProgramName: mri_remove_neck  ProgramArguments: mri_remove_neck -all-info  ProgramVersion: 7.3.2  TimeStamp: 2026/03/14-11:13:38-GMT  BuildTime: Aug  4 2022 06:17:15  BuildStamp: freesurfer-linux-ubuntu22_x86_64-7.3.2-20220804-6354275  User: oesteban  Machine: dna078  Platform: Linux  PlatformVersion: 5.14.0-427.37.1.el9_4.x86_64  CompilerName: GCC  CompilerVersion: 8.4.0
7.3.2

ProgramName: mri_robust_register  ProgramArguments: mri_robust_register -all-info  ProgramVersion: 7.3.2  TimeStamp: 2026/03/14-11:13:38-GMT  BuildTime: Aug  4 2022 06:17:15  BuildStamp: freesurfer-linux-ubuntu22_x86_64-7.3.2-20220804-6354275  User: oesteban  Machine: dna078  Platform: Linux  PlatformVersion: 5.14.0-427.37.1.el9_4.x86_64  CompilerName: GCC  CompilerVersion: 8.4.0
7.3.2

ProgramName: mri_robust_template  ProgramArguments: mri_robust_template -all-info  ProgramVersion: 7.3.2  TimeStamp: 2026/03/14-11:13:38-GMT  BuildTime: Aug  4 2022 06:17:15  BuildStamp: freesurfer-linux-ubuntu22_x86_64-7.3.2-20220804-6354275  User: oesteban  Machine: dna078  Platform: Linux  PlatformVersion: 5.14.0-427.37.1.el9_4.x86_64  CompilerName: GCC  CompilerVersion: 8.4.0
ProgramName: mris_anatomical_stats  ProgramArguments: mris_anatomical_stats -all-info  ProgramVersion: 7.3.2  TimeStamp: 2026/03/14-11:13:38-GMT  BuildTime: Aug  4 2022 06:17:15  BuildStamp: freesurfer-linux-ubuntu22_x86_64-7.3.2-20220804-6354275  User: oesteban  Machine: dna078  Platform: Linux  PlatformVersion: 5.14.0-427.37.1.el9_4.x86_64  CompilerName: GCC  CompilerVersion: 8.4.0
ProgramName: mris_ca_label  ProgramArguments: mris_ca_label -all-info  ProgramVersion: 7.3.2  TimeStamp: 2026/03/14-11:13:38-GMT  BuildTime: Aug  4 2022 06:17:15  BuildStamp: freesurfer-linux-ubuntu22_x86_64-7.3.2-20220804-6354275  User: oesteban  Machine: dna078  Platform: Linux  PlatformVersion: 5.14.0-427.37.1.el9_4.x86_64  CompilerName: GCC  CompilerVersion: 8.4.0
ProgramName: mris_calc  ProgramArguments: mris_calc -all-info  ProgramVersion: 7.3.2  TimeStamp: 2026/03/14-11:13:38-GMT  BuildTime: Aug  4 2022 06:17:15  BuildStamp: freesurfer-linux-ubuntu22_x86_64-7.3.2-20220804-6354275  User: oesteban  Machine: dna078  Platform: Linux  PlatformVersion: 5.14.0-427.37.1.el9_4.x86_64  CompilerName: GCC  CompilerVersion: 8.4.0
ProgramName: mris_convert  ProgramArguments: mris_convert -all-info  ProgramVersion: 7.3.2  TimeStamp: 2026/03/14-11:13:38-GMT  BuildTime: Aug  4 2022 06:17:15  BuildStamp: freesurfer-linux-ubuntu22_x86_64-7.3.2-20220804-6354275  User: oesteban  Machine: dna078  Platform: Linux  PlatformVersion: 5.14.0-427.37.1.el9_4.x86_64  CompilerName: GCC  CompilerVersion: 8.4.0
ProgramName: mris_curvature  ProgramArguments: mris_curvature -all-info  ProgramVersion: 7.3.2  TimeStamp: 2026/03/14-11:13:38-GMT  BuildTime: Aug  4 2022 06:17:15  BuildStamp: freesurfer-linux-ubuntu22_x86_64-7.3.2-20220804-6354275  User: oesteban  Machine: dna078  Platform: Linux  PlatformVersion: 5.14.0-427.37.1.el9_4.x86_64  CompilerName: GCC  CompilerVersion: 8.4.0
ProgramName: mris_curvature_stats  ProgramArguments: mris_curvature_stats -all-info  ProgramVersion: 7.3.2  TimeStamp: 2026/03/14-11:13:38-GMT  BuildTime: Aug  4 2022 06:17:15  BuildStamp: freesurfer-linux-ubuntu22_x86_64-7.3.2-20220804-6354275  User: oesteban  Machine: dna078  Platform: Linux  PlatformVersion: 5.14.0-427.37.1.el9_4.x86_64  CompilerName: GCC  CompilerVersion: 8.4.0
ProgramName: mris_diff  ProgramArguments: mris_diff -all-info  ProgramVersion: 7.3.2  TimeStamp: 2026/03/14-11:13:38-GMT  BuildTime: Aug  4 2022 06:17:15  BuildStamp: freesurfer-linux-ubuntu22_x86_64-7.3.2-20220804-6354275  User: oesteban  Machine: dna078  Platform: Linux  PlatformVersion: 5.14.0-427.37.1.el9_4.x86_64  CompilerName: GCC  CompilerVersion: 8.4.0
ProgramName: mris_divide_parcellation  ProgramArguments: mris_divide_parcellation -all-info  ProgramVersion: 7.3.2  TimeStamp: 2026/03/14-11:13:38-GMT  BuildTime: Aug  4 2022 06:17:15  BuildStamp: freesurfer-linux-ubuntu22_x86_64-7.3.2-20220804-6354275  User: oesteban  Machine: dna078  Platform: Linux  PlatformVersion: 5.14.0-427.37.1.el9_4.x86_64  CompilerName: GCC  CompilerVersion: 8.4.0
ProgramName: mri_segment  ProgramArguments: mri_segment -all-info  ProgramVersion: 7.3.2  TimeStamp: 2026/03/14-11:13:38-GMT  BuildTime: Aug  4 2022 06:17:15  BuildStamp: freesurfer-linux-ubuntu22_x86_64-7.3.2-20220804-6354275  User: oesteban  Machine: dna078  Platform: Linux  PlatformVersion: 5.14.0-427.37.1.el9_4.x86_64  CompilerName: GCC  CompilerVersion: 8.4.0
ProgramName: mri_segstats  ProgramArguments: mri_segstats -all-info  ProgramVersion: 7.3.2  TimeStamp: 2026/03/14-11:13:38-GMT  BuildTime: Aug  4 2022 06:17:15  BuildStamp: freesurfer-linux-ubuntu22_x86_64-7.3.2-20220804-6354275  User: oesteban  Machine: dna078  Platform: Linux  PlatformVersion: 5.14.0-427.37.1.el9_4.x86_64  CompilerName: GCC  CompilerVersion: 8.4.0
ProgramName: mris_euler_number  ProgramArguments: mris_euler_number -all-info  ProgramVersion: 7.3.2  TimeStamp: 2026/03/14-11:13:38-GMT  BuildTime: Aug  4 2022 06:17:15  BuildStamp: freesurfer-linux-ubuntu22_x86_64-7.3.2-20220804-6354275  User: oesteban  Machine: dna078  Platform: Linux  PlatformVersion: 5.14.0-427.37.1.el9_4.x86_64  CompilerName: GCC  CompilerVersion: 8.4.0
ProgramName: mris_fix_topology  ProgramArguments: mris_fix_topology -all-info  ProgramVersion: 7.3.2  TimeStamp: 2026/03/14-11:13:38-GMT  BuildTime: Aug  4 2022 06:17:15  BuildStamp: freesurfer-linux-ubuntu22_x86_64-7.3.2-20220804-6354275  User: oesteban  Machine: dna078  Platform: Linux  PlatformVersion: 5.14.0-427.37.1.el9_4.x86_64  CompilerName: GCC  CompilerVersion: 8.4.0
ProgramName: mris_topo_fixer  ProgramArguments: mris_topo_fixer -all-info  ProgramVersion: 7.3.2  TimeStamp: 2026/03/14-11:13:38-GMT  BuildTime: Aug  4 2022 06:17:15  BuildStamp: freesurfer-linux-ubuntu22_x86_64-7.3.2-20220804-6354275  User: oesteban  Machine: dna078  Platform: Linux  PlatformVersion: 5.14.0-427.37.1.el9_4.x86_64  CompilerName: GCC  CompilerVersion: 8.4.0
ProgramName: mris_jacobian  ProgramArguments: mris_jacobian -all-info  ProgramVersion: 7.3.2  TimeStamp: 2026/03/14-11:13:38-GMT  BuildTime: Aug  4 2022 06:17:15  BuildStamp: freesurfer-linux-ubuntu22_x86_64-7.3.2-20220804-6354275  User: oesteban  Machine: dna078  Platform: Linux  PlatformVersion: 5.14.0-427.37.1.el9_4.x86_64  CompilerName: GCC  CompilerVersion: 8.4.0
ProgramName: mris_label2annot  ProgramArguments: mris_label2annot -all-info  ProgramVersion: 7.3.2  TimeStamp: 2026/03/14-11:13:38-GMT  BuildTime: Aug  4 2022 06:17:15  BuildStamp: freesurfer-linux-ubuntu22_x86_64-7.3.2-20220804-6354275  User: oesteban  Machine: dna078  Platform: Linux  PlatformVersion: 5.14.0-427.37.1.el9_4.x86_64  CompilerName: GCC  CompilerVersion: 8.4.0
ProgramName: mris_left_right_register  ProgramArguments: mris_left_right_register -all-info  ProgramVersion: 7.3.2  TimeStamp: 2026/03/14-11:13:38-GMT  BuildTime: Aug  4 2022 06:17:15  BuildStamp: freesurfer-linux-ubuntu22_x86_64-7.3.2-20220804-6354275  User: oesteban  Machine: dna078  Platform: Linux  PlatformVersion: 5.14.0-427.37.1.el9_4.x86_64  CompilerName: GCC  CompilerVersion: 8.4.0
ProgramName: mris_place_surface  ProgramArguments: mris_place_surface -all-info  ProgramVersion: 7.3.2  TimeStamp: 2026/03/14-11:13:38-GMT  BuildTime: Aug  4 2022 06:17:15  BuildStamp: freesurfer-linux-ubuntu22_x86_64-7.3.2-20220804-6354275  User: oesteban  Machine: dna078  Platform: Linux  PlatformVersion: 5.14.0-427.37.1.el9_4.x86_64  CompilerName: GCC  CompilerVersion: 8.4.0
ProgramName: mrisp_paint  ProgramArguments: mrisp_paint -all-info  ProgramVersion: 7.3.2  TimeStamp: 2026/03/14-11:13:38-GMT  BuildTime: Aug  4 2022 06:17:15  BuildStamp: freesurfer-linux-ubuntu22_x86_64-7.3.2-20220804-6354275  User: oesteban  Machine: dna078  Platform: Linux  PlatformVersion: 5.14.0-427.37.1.el9_4.x86_64  CompilerName: GCC  CompilerVersion: 8.4.0
ProgramName: mris_register  ProgramArguments: mris_register -all-info  ProgramVersion: 7.3.2  TimeStamp: 2026/03/14-11:13:38-GMT  BuildTime: Aug  4 2022 06:17:15  BuildStamp: freesurfer-linux-ubuntu22_x86_64-7.3.2-20220804-6354275  User: oesteban  Machine: dna078  Platform: Linux  PlatformVersion: 5.14.0-427.37.1.el9_4.x86_64  CompilerName: GCC  CompilerVersion: 8.4.0
ProgramName: mris_smooth  ProgramArguments: mris_smooth -all-info  ProgramVersion: 7.3.2  TimeStamp: 2026/03/14-11:13:38-GMT  BuildTime: Aug  4 2022 06:17:15  BuildStamp: freesurfer-linux-ubuntu22_x86_64-7.3.2-20220804-6354275  User: oesteban  Machine: dna078  Platform: Linux  PlatformVersion: 5.14.0-427.37.1.el9_4.x86_64  CompilerName: GCC  CompilerVersion: 8.4.0
ProgramName: mris_sphere  ProgramArguments: mris_sphere -all-info  ProgramVersion: 7.3.2  TimeStamp: 2026/03/14-11:13:38-GMT  BuildTime: Aug  4 2022 06:17:15  BuildStamp: freesurfer-linux-ubuntu22_x86_64-7.3.2-20220804-6354275  User: oesteban  Machine: dna078  Platform: Linux  PlatformVersion: 5.14.0-427.37.1.el9_4.x86_64  CompilerName: GCC  CompilerVersion: 8.4.0
ProgramName: mris_surface_stats  ProgramArguments: mris_surface_stats -all-info  ProgramVersion: 7.3.2  TimeStamp: 2026/03/14-11:13:38-GMT  BuildTime: Aug  4 2022 06:17:15  BuildStamp: freesurfer-linux-ubuntu22_x86_64-7.3.2-20220804-6354275  User: oesteban  Machine: dna078  Platform: Linux  PlatformVersion: 5.14.0-427.37.1.el9_4.x86_64  CompilerName: GCC  CompilerVersion: 8.4.0
ProgramName: mri_stats2seg  ProgramArguments: mri_stats2seg -all-info  ProgramVersion: 7.3.2  TimeStamp: 2026/03/14-11:13:38-GMT  BuildTime: Aug  4 2022 06:17:15  BuildStamp: freesurfer-linux-ubuntu22_x86_64-7.3.2-20220804-6354275  User: oesteban  Machine: dna078  Platform: Linux  PlatformVersion: 5.14.0-427.37.1.el9_4.x86_64  CompilerName: GCC  CompilerVersion: 8.4.0
ProgramName: mris_thickness  ProgramArguments: mris_thickness -all-info  ProgramVersion: 7.3.2  TimeStamp: 2026/03/14-11:13:38-GMT  BuildTime: Aug  4 2022 06:17:15  BuildStamp: freesurfer-linux-ubuntu22_x86_64-7.3.2-20220804-6354275  User: oesteban  Machine: dna078  Platform: Linux  PlatformVersion: 5.14.0-427.37.1.el9_4.x86_64  CompilerName: GCC  CompilerVersion: 8.4.0
ProgramName: mris_thickness_diff  ProgramArguments: mris_thickness_diff -all-info  ProgramVersion: 7.3.2  TimeStamp: 2026/03/14-11:13:38-GMT  BuildTime: Aug  4 2022 06:17:15  BuildStamp: freesurfer-linux-ubuntu22_x86_64-7.3.2-20220804-6354275  User: oesteban  Machine: dna078  Platform: Linux  PlatformVersion: 5.14.0-427.37.1.el9_4.x86_64  CompilerName: GCC  CompilerVersion: 8.4.0
ProgramName: mris_topo_fixer  ProgramArguments: mris_topo_fixer -all-info  ProgramVersion: 7.3.2  TimeStamp: 2026/03/14-11:13:38-GMT  BuildTime: Aug  4 2022 06:17:15  BuildStamp: freesurfer-linux-ubuntu22_x86_64-7.3.2-20220804-6354275  User: oesteban  Machine: dna078  Platform: Linux  PlatformVersion: 5.14.0-427.37.1.el9_4.x86_64  CompilerName: GCC  CompilerVersion: 8.4.0
ProgramName: mri_surf2surf  ProgramArguments: mri_surf2surf -all-info  ProgramVersion: 7.3.2  TimeStamp: 2026/03/14-11:13:38-GMT  BuildTime: Aug  4 2022 06:17:15  BuildStamp: freesurfer-linux-ubuntu22_x86_64-7.3.2-20220804-6354275  User: oesteban  Machine: dna078  Platform: Linux  PlatformVersion: 5.14.0-427.37.1.el9_4.x86_64  CompilerName: GCC  CompilerVersion: 8.4.0
ProgramName: mri_surf2vol  ProgramArguments: mri_surf2vol -all-info  ProgramVersion: 7.3.2  TimeStamp: 2026/03/14-11:13:38-GMT  BuildTime: Aug  4 2022 06:17:15  BuildStamp: freesurfer-linux-ubuntu22_x86_64-7.3.2-20220804-6354275  User: oesteban  Machine: dna078  Platform: Linux  PlatformVersion: 5.14.0-427.37.1.el9_4.x86_64  CompilerName: GCC  CompilerVersion: 8.4.0
ProgramName: mri_surfcluster  ProgramArguments: mri_surfcluster -all-info  ProgramVersion: 7.3.2  TimeStamp: 2026/03/14-11:13:38-GMT  BuildTime: Aug  4 2022 06:17:15  BuildStamp: freesurfer-linux-ubuntu22_x86_64-7.3.2-20220804-6354275  User: oesteban  Machine: dna078  Platform: Linux  PlatformVersion: 5.14.0-427.37.1.el9_4.x86_64  CompilerName: GCC  CompilerVersion: 8.4.0
ProgramName: mris_volmask  ProgramArguments: mris_volmask -all-info  ProgramVersion: 7.3.2  TimeStamp: 2026/03/14-11:13:38-GMT  BuildTime: Aug  4 2022 06:17:15  BuildStamp: freesurfer-linux-ubuntu22_x86_64-7.3.2-20220804-6354275  User: oesteban  Machine: dna078  Platform: Linux  PlatformVersion: 5.14.0-427.37.1.el9_4.x86_64  CompilerName: GCC  CompilerVersion: 8.4.0
ProgramName: mri_tessellate  ProgramArguments: mri_tessellate -all-info  ProgramVersion: 7.3.2  TimeStamp: 2026/03/14-11:13:38-GMT  BuildTime: Aug  4 2022 06:17:15  BuildStamp: freesurfer-linux-ubuntu22_x86_64-7.3.2-20220804-6354275  User: oesteban  Machine: dna078  Platform: Linux  PlatformVersion: 5.14.0-427.37.1.el9_4.x86_64  CompilerName: GCC  CompilerVersion: 8.4.0
ProgramName: mri_vol2surf  ProgramArguments: mri_vol2surf -all-info  ProgramVersion: 7.3.2  TimeStamp: 2026/03/14-11:13:38-GMT  BuildTime: Aug  4 2022 06:17:15  BuildStamp: freesurfer-linux-ubuntu22_x86_64-7.3.2-20220804-6354275  User: oesteban  Machine: dna078  Platform: Linux  PlatformVersion: 5.14.0-427.37.1.el9_4.x86_64  CompilerName: GCC  CompilerVersion: 8.4.0
ProgramName: mri_vol2vol  ProgramArguments: mri_vol2vol -all-info  ProgramVersion: 7.3.2  TimeStamp: 2026/03/14-11:13:38-GMT  BuildTime: Aug  4 2022 06:17:15  BuildStamp: freesurfer-linux-ubuntu22_x86_64-7.3.2-20220804-6354275  User: oesteban  Machine: dna078  Platform: Linux  PlatformVersion: 5.14.0-427.37.1.el9_4.x86_64  CompilerName: GCC  CompilerVersion: 8.4.0
ProgramName: mri_voldiff  ProgramArguments: mri_voldiff -all-info  ProgramVersion: 7.3.2  TimeStamp: 2026/03/14-11:13:38-GMT  BuildTime: Aug  4 2022 06:17:15  BuildStamp: freesurfer-linux-ubuntu22_x86_64-7.3.2-20220804-6354275  User: oesteban  Machine: dna078  Platform: Linux  PlatformVersion: 5.14.0-427.37.1.el9_4.x86_64  CompilerName: GCC  CompilerVersion: 8.4.0
ProgramName: mri_watershed  ProgramArguments: mri_watershed -all-info  ProgramVersion: 7.3.2  TimeStamp: 2026/03/14-11:13:38-GMT  BuildTime: Aug  4 2022 06:17:15  BuildStamp: freesurfer-linux-ubuntu22_x86_64-7.3.2-20220804-6354275  User: oesteban  Machine: dna078  Platform: Linux  PlatformVersion: 5.14.0-427.37.1.el9_4.x86_64  CompilerName: GCC  CompilerVersion: 8.4.0
ProgramName: tkregister2  ProgramArguments: tkregister2_cmdl -all-info  ProgramVersion: 7.3.2  TimeStamp: 2026/03/14-11:13:38-GMT  BuildTime: Aug  4 2022 06:17:15  BuildStamp: freesurfer-linux-ubuntu22_x86_64-7.3.2-20220804-6354275  User: oesteban  Machine: dna078  Platform: Linux  PlatformVersion: 5.14.0-427.37.1.el9_4.x86_64  CompilerName: GCC  CompilerVersion: 8.4.0
mri_motion_correct.fsl 7.3.2
mri_convert -all-info 
ProgramName: mri_convert  ProgramArguments: mri_convert -all-info  ProgramVersion: 7.3.2  TimeStamp: 2026/03/14-11:13:38-GMT  BuildTime: Aug  4 2022 06:17:15  BuildStamp: freesurfer-linux-ubuntu22_x86_64-7.3.2-20220804-6354275  User: oesteban  Machine: dna078  Platform: Linux  PlatformVersion: 5.14.0-427.37.1.el9_4.x86_64  CompilerName: GCC  CompilerVersion: 8.4.0
Program nu_correct, built from:
Package MNI N3, version 1.12.0, compiled by nicks@terrier (x86_64-unknown-linux-gnu) on 2015-06-19 at 01:25:34
#######################################
GCADIR /opt/freesurfer/average
GCA RB_all_2020-01-02.gca
GCASkull RB_all_withskull_2020_01_02.gca
AvgCurvTif folding.atlas.acfb40.noaparc.i12.2016-08-02.tif
GCSDIR /opt/freesurfer/average
GCS DKaparc.atlas.acfb40.noaparc.i12.2016-08-02.gcs
#######################################
#--------------------------------------------
#@# Tessellate rh Sat Mar 14 12:13:38 CET 2026
/out/sourcedata/freesurfer/sub-v2s9x29169_ses-1/scripts

 mri_pretess ../mri/filled.mgz 127 ../mri/norm.mgz ../mri/filled-pretess127.mgz 


Iteration Number : 1
pass   1 (xy+):   1 found -   1 modified     |    TOTAL:   1
pass   2 (xy+):   0 found -   1 modified     |    TOTAL:   1
pass   1 (xy-):   1 found -   1 modified     |    TOTAL:   2
pass   2 (xy-):   0 found -   1 modified     |    TOTAL:   2
pass   1 (yz+):   5 found -   5 modified     |    TOTAL:   7
pass   2 (yz+):   0 found -   5 modified     |    TOTAL:   7
pass   1 (yz-):   9 found -   9 modified     |    TOTAL:  16
pass   2 (yz-):   0 found -   9 modified     |    TOTAL:  16
pass   1 (xz+):   2 found -   2 modified     |    TOTAL:  18
pass   2 (xz+):   0 found -   2 modified     |    TOTAL:  18
pass   1 (xz-):   2 found -   2 modified     |    TOTAL:  20
pass   2 (xz-):   0 found -   2 modified     |    TOTAL:  20
Iteration Number : 1
pass   1 (+++):   0 found -   0 modified     |    TOTAL:   0
pass   1 (+++):   0 found -   0 modified     |    TOTAL:   0
pass   1 (+++):   0 found -   0 modified     |    TOTAL:   0
pass   1 (+++):   0 found -   0 modified     |    TOTAL:   0
Iteration Number : 1
pass   1 (++):   0 found -   0 modified     |    TOTAL:   0
pass   1 (+-):   0 found -   0 modified     |    TOTAL:   0
pass   1 (--):   0 found -   0 modified     |    TOTAL:   0
pass   1 (-+):   0 found -   0 modified     |    TOTAL:   0
Iteration Number : 2
pass   1 (xy+):   0 found -   0 modified     |    TOTAL:   0
pass   1 (xy-):   0 found -   0 modified     |    TOTAL:   0
pass   1 (yz+):   1 found -   1 modified     |    TOTAL:   1
pass   2 (yz+):   0 found -   1 modified     |    TOTAL:   1
pass   1 (yz-):   0 found -   0 modified     |    TOTAL:   1
pass   1 (xz+):   0 found -   0 modified     |    TOTAL:   1
pass   1 (xz-):   0 found -   0 modified     |    TOTAL:   1
Iteration Number : 2
pass   1 (+++):   0 found -   0 modified     |    TOTAL:   0
pass   1 (+++):   0 found -   0 modified     |    TOTAL:   0
pass   1 (+++):   0 found -   0 modified     |    TOTAL:   0
pass   1 (+++):   0 found -   0 modified     |    TOTAL:   0
Iteration Number : 2
pass   1 (++):   0 found -   0 modified     |    TOTAL:   0
pass   1 (+-):   0 found -   0 modified     |    TOTAL:   0
pass   1 (--):   0 found -   0 modified     |    TOTAL:   0
pass   1 (-+):   0 found -   0 modified     |    TOTAL:   0
Iteration Number : 3
pass   1 (xy+):   0 found -   0 modified     |    TOTAL:   0
pass   1 (xy-):   0 found -   0 modified     |    TOTAL:   0
pass   1 (yz+):   0 found -   0 modified     |    TOTAL:   0
pass   1 (yz-):   0 found -   0 modified     |    TOTAL:   0
pass   1 (xz+):   0 found -   0 modified     |    TOTAL:   0
pass   1 (xz-):   0 found -   0 modified     |    TOTAL:   0
Iteration Number : 3
pass   1 (+++):   0 found -   0 modified     |    TOTAL:   0
pass   1 (+++):   0 found -   0 modified     |    TOTAL:   0
pass   1 (+++):   0 found -   0 modified     |    TOTAL:   0
pass   1 (+++):   0 found -   0 modified     |    TOTAL:   0
Iteration Number : 3
pass   1 (++):   0 found -   0 modified     |    TOTAL:   0
pass   1 (+-):   0 found -   0 modified     |    TOTAL:   0
pass   1 (--):   0 found -   0 modified     |    TOTAL:   0
pass   1 (-+):   0 found -   0 modified     |    TOTAL:   0

Total Number of Modified Voxels = 21 (out of 223900: 0.009379)
Ambiguous edge configurations... 

mri_pretess done


 mri_tessellate ../mri/filled-pretess127.mgz 127 ../surf/rh.orig.nofix 

7.3.2
  7.3.2
slice 40: 877 vertices, 948 faces
slice 50: 6167 vertices, 6415 faces
slice 60: 15333 vertices, 15713 faces
slice 70: 26800 vertices, 27229 faces
slice 80: 39135 vertices, 39536 faces
slice 90: 50930 vertices, 51327 faces
slice 100: 62424 vertices, 62803 faces
slice 110: 73278 vertices, 73667 faces
slice 120: 83390 vertices, 83755 faces
slice 130: 93105 vertices, 93461 faces
slice 140: 101811 vertices, 102118 faces
slice 150: 108936 vertices, 109233 faces
slice 160: 115870 vertices, 116094 faces
slice 170: 121159 vertices, 121351 faces
slice 180: 125095 vertices, 125266 faces
slice 190: 127718 vertices, 127821 faces
slice 200: 128040 vertices, 128082 faces
slice 210: 128040 vertices, 128082 faces
slice 220: 128040 vertices, 128082 faces
slice 230: 128040 vertices, 128082 faces
slice 240: 128040 vertices, 128082 faces
slice 250: 128040 vertices, 128082 faces
using the conformed surface RAS to save vertex points...
writing ../surf/rh.orig.nofix
using vox2ras matrix:
-1.00000   0.00000   0.00000   128.00000;
 0.00000   0.00000   1.00000  -128.00000;
 0.00000  -1.00000   0.00000   128.00000;
 0.00000   0.00000   0.00000   1.00000;

 rm -f ../mri/filled-pretess127.mgz 


 mris_extract_main_component ../surf/rh.orig.nofix ../surf/rh.orig.nofix 


counting number of connected components...
   128040 voxel in cpt #1: X=-42 [v=128040,e=384246,f=256164] located at (24.350929, -23.941807, -19.307709)
For the whole surface: X=-42 [v=128040,e=384246,f=256164]
One single component has been found
nothing to do
done

#--------------------------------------------
#@# Smooth1 rh Sat Mar 14 12:13:41 CET 2026
/out/sourcedata/freesurfer/sub-v2s9x29169_ses-1/scripts

 mris_smooth -nw -seed 1234 ../surf/rh.orig.nofix ../surf/rh.smoothwm.nofix 

setting seed for random number generator to 1234
smoothing surface tessellation for 10 iterations...
smoothing complete - recomputing first and second fundamental forms...
#--------------------------------------------
#@# Inflation1 rh Sat Mar 14 12:13:43 CET 2026
/out/sourcedata/freesurfer/sub-v2s9x29169_ses-1/scripts

 mris_inflate -no-save-sulc ../surf/rh.smoothwm.nofix ../surf/rh.inflated.nofix 

Not saving sulc
Reading ../surf/rh.smoothwm.nofix
avg radius = 45.4 mm, total surface area = 69019 mm^2
step 000: RMS=0.153 (target=0.015)   step 005: RMS=0.117 (target=0.015)   step 010: RMS=0.088 (target=0.015)   step 015: RMS=0.074 (target=0.015)   step 020: RMS=0.067 (target=0.015)   step 025: RMS=0.059 (target=0.015)   step 030: RMS=0.052 (target=0.015)   step 035: RMS=0.049 (target=0.015)   step 040: RMS=0.046 (target=0.015)   step 045: RMS=0.044 (target=0.015)   step 050: RMS=0.043 (target=0.015)   step 055: RMS=0.042 (target=0.015)   step 060: RMS=0.042 (target=0.015)   writing inflated surface to ../surf/rh.inflated.nofix
inflation took 0.2 minutes

inflation complete.
Not saving sulc
mris_inflate utimesec    53.241136
mris_inflate stimesec    2.320099
mris_inflate ru_maxrss   202936
mris_inflate ru_ixrss    0
mris_inflate ru_idrss    0
mris_inflate ru_isrss    0
mris_inflate ru_minflt   578020
mris_inflate ru_majflt   2
mris_inflate ru_nswap    0
mris_inflate ru_inblock  0
mris_inflate ru_oublock  9008
mris_inflate ru_msgsnd   0
mris_inflate ru_msgrcv   0
mris_inflate ru_nsignals 0
mris_inflate ru_nvcsw    23612
mris_inflate ru_nivcsw   266
#--------------------------------------------
#@# QSphere rh Sat Mar 14 12:13:56 CET 2026
/out/sourcedata/freesurfer/sub-v2s9x29169_ses-1/scripts

 mris_sphere -q -p 6 -a 128 -seed 1234 ../surf/rh.inflated.nofix ../surf/rh.qsphere.nofix 

doing quick spherical unfolding.
limitting unfolding to 6 passes
using n_averages = 128
setting seed for random number genererator to 1234
version: 7.3.2
available threads: 16
scaling brain by 0.316...
inflating...
projecting onto sphere...
surface projected - minimizing metric distortion...
vertex spacing 1.02 +- 0.60 (0.00-->6.12) (max @ vno 60896 --> 62063)
face area 0.03 +- 0.03 (-0.25-->0.65)
Entering MRISinflateToSphere()
inflating to sphere (rms error < 2.00)
000: dt: 0.0000, rms radial error=176.638, avgs=0
005/300: dt: 0.9000, rms radial error=176.378, avgs=0
010/300: dt: 0.9000, rms radial error=175.820, avgs=0
015/300: dt: 0.9000, rms radial error=175.087, avgs=0
020/300: dt: 0.9000, rms radial error=174.255, avgs=0
025/300: dt: 0.9000, rms radial error=173.366, avgs=0
030/300: dt: 0.9000, rms radial error=172.444, avgs=0
035/300: dt: 0.9000, rms radial error=171.506, avgs=0
040/300: dt: 0.9000, rms radial error=170.559, avgs=0
045/300: dt: 0.9000, rms radial error=169.609, avgs=0
050/300: dt: 0.9000, rms radial error=168.661, avgs=0
055/300: dt: 0.9000, rms radial error=167.715, avgs=0
060/300: dt: 0.9000, rms radial error=166.772, avgs=0
065/300: dt: 0.9000, rms radial error=165.834, avgs=0
070/300: dt: 0.9000, rms radial error=164.900, avgs=0
075/300: dt: 0.9000, rms radial error=163.971, avgs=0
080/300: dt: 0.9000, rms radial error=163.047, avgs=0
085/300: dt: 0.9000, rms radial error=162.128, avgs=0
090/300: dt: 0.9000, rms radial error=161.216, avgs=0
095/300: dt: 0.9000, rms radial error=160.310, avgs=0
100/300: dt: 0.9000, rms radial error=159.409, avgs=0
105/300: dt: 0.9000, rms radial error=158.513, avgs=0
110/300: dt: 0.9000, rms radial error=157.622, avgs=0
115/300: dt: 0.9000, rms radial error=156.735, avgs=0
120/300: dt: 0.9000, rms radial error=155.854, avgs=0
125/300: dt: 0.9000, rms radial error=154.978, avgs=0
130/300: dt: 0.9000, rms radial error=154.106, avgs=0
135/300: dt: 0.9000, rms radial error=153.240, avgs=0
140/300: dt: 0.9000, rms radial error=152.379, avgs=0
145/300: dt: 0.9000, rms radial error=151.522, avgs=0
150/300: dt: 0.9000, rms radial error=150.670, avgs=0
155/300: dt: 0.9000, rms radial error=149.822, avgs=0
160/300: dt: 0.9000, rms radial error=148.980, avgs=0
165/300: dt: 0.9000, rms radial error=148.142, avgs=0
170/300: dt: 0.9000, rms radial error=147.308, avgs=0
175/300: dt: 0.9000, rms radial error=146.479, avgs=0
180/300: dt: 0.9000, rms radial error=145.655, avgs=0
185/300: dt: 0.9000, rms radial error=144.835, avgs=0
190/300: dt: 0.9000, rms radial error=144.020, avgs=0
195/300: dt: 0.9000, rms radial error=143.210, avgs=0
200/300: dt: 0.9000, rms radial error=142.405, avgs=0
205/300: dt: 0.9000, rms radial error=141.604, avgs=0
210/300: dt: 0.9000, rms radial error=140.807, avgs=0
215/300: dt: 0.9000, rms radial error=140.015, avgs=0
220/300: dt: 0.9000, rms radial error=139.228, avgs=0
225/300: dt: 0.9000, rms radial error=138.444, avgs=0
230/300: dt: 0.9000, rms radial error=137.665, avgs=0
235/300: dt: 0.9000, rms radial error=136.890, avgs=0
240/300: dt: 0.9000, rms radial error=136.120, avgs=0
245/300: dt: 0.9000, rms radial error=135.354, avgs=0
250/300: dt: 0.9000, rms radial error=134.592, avgs=0
255/300: dt: 0.9000, rms radial error=133.834, avgs=0
260/300: dt: 0.9000, rms radial error=133.081, avgs=0
265/300: dt: 0.9000, rms radial error=132.331, avgs=0
270/300: dt: 0.9000, rms radial error=131.586, avgs=0
275/300: dt: 0.9000, rms radial error=130.845, avgs=0
280/300: dt: 0.9000, rms radial error=130.109, avgs=0
285/300: dt: 0.9000, rms radial error=129.376, avgs=0
290/300: dt: 0.9000, rms radial error=128.648, avgs=0
295/300: dt: 0.9000, rms radial error=127.923, avgs=0
300/300: dt: 0.9000, rms radial error=127.203, avgs=0

spherical inflation complete.
epoch 1 (K=10.0), pass 1, starting sse = 14861.18
taking momentum steps...
taking momentum steps...
taking momentum steps...
taking momentum steps...
pass 1 complete, delta sse/iter = 0.01/13 = 0.00040
epoch 2 (K=40.0), pass 1, starting sse = 2397.37
taking momentum steps...
taking momentum steps...
taking momentum steps...
taking momentum steps...
pass 1 complete, delta sse/iter = 0.01/13 = 0.00052
epoch 3 (K=160.0), pass 1, starting sse = 230.09
taking momentum steps...
taking momentum steps...
taking momentum steps...
taking momentum steps...
pass 1 complete, delta sse/iter = 0.16/18 = 0.00902
epoch 4 (K=640.0), pass 1, starting sse = 13.35
taking momentum steps...
taking momentum steps...
taking momentum steps...
taking momentum steps...
pass 1 complete, delta sse/iter = 0.15/21 = 0.00704
final distance error %100000.00
writing spherical brain to ../surf/rh.qsphere.nofix
spherical transformation took 0.0164 hours
FSRUNTIME@ mris_sphere  0.0164 hours 16 threads
#VMPC# mris_sphere VmPeak  1543804
mris_sphere done
#@# Fix Topology rh Sat Mar 14 12:14:55 CET 2026

 mris_fix_topology -mgz -sphere qsphere.nofix -inflated inflated.nofix -orig orig.nofix -out orig.premesh -ga -seed 1234 sub-v2s9x29169_ses-1 rh 

reading spherical homeomorphism from 'qsphere.nofix'
reading inflated coordinates from 'inflated.nofix'
reading original coordinates from 'orig.nofix'
using genetic algorithm with optimized parameters
setting seed for random number genererator to 1234

*************************************************************
Topology Correction Parameters
retessellation mode:           genetic search
number of patches/generation : 10
number of generations :        10
surface mri loglikelihood coefficient :         1.0
volume mri loglikelihood coefficient :          10.0
normal dot loglikelihood coefficient :          1.0
quadratic curvature loglikelihood coefficient : 1.0
volume resolution :                             2
eliminate vertices during search :              1
initial patch selection :                       1
select all defect vertices :                    0
ordering dependant retessellation:              0
use precomputed edge table :                    0
smooth retessellated patch :                    2
match retessellated patch :                     1
verbose mode :                                  0

*************************************************************
INFO: assuming .mgz format
writing corrected surface to 'orig.premesh'
7.3.2
  7.3.2
before topology correction, eno=-42 (nv=128040, nf=256164, ne=384246, g=22)
using quasi-homeomorphic spherical map to tessellate cortical surface...

Correction of the Topology
Finding true center and radius of Spherical Surface...done
Surface centered at (0,0,0) with radius 100.0 in 10 iterations
marking ambiguous vertices...
5048 ambiguous faces found in tessellation
segmenting defects...
35 defects found, arbitrating ambiguous regions...
analyzing neighboring defects...
      -merging segment 7 into 1
34 defects to be corrected 
0 vertices coincident
reading input surface /out/sourcedata/freesurfer/sub-v2s9x29169_ses-1/surf/rh.qsphere.nofix...
reading brain volume from brain...
reading wm segmentation from wm...
Reading original properties of orig.nofix
Reading vertex positions of inflated.nofix
Computing Initial Surface Statistics
      -face       loglikelihood: -9.6257  (-4.8129)
      -vertex     loglikelihood: -6.6592  (-3.3296)
      -normal dot loglikelihood: -3.5634  (-3.5634)
      -quad curv  loglikelihood: -6.1335  (-3.0668)
      Total Loglikelihood : -25.9818
CORRECTING DEFECT 0 (vertices=40, convex hull=29, v0=6112)
After retessellation of defect 0 (v0=6112), euler #=-31 (124996,373917,248890) : difference with theory (-31) = 0 
CORRECTING DEFECT 1 (vertices=1245, convex hull=510, v0=9776)
A large defect has been detected...
This often happens because cerebellum or dura has not been removed from wm.mgz.
This may cause recon-all to run very slowly or crash.
if so, see https://surfer.nmr.mgh.harvard.edu/fswiki/FsTutorial/TopologicalDefect_freeview
After retessellation of defect 1 (v0=9776), euler #=-30 (125224,374882,249628) : difference with theory (-30) = 0 
CORRECTING DEFECT 2 (vertices=17, convex hull=36, v0=13052)
After retessellation of defect 2 (v0=13052), euler #=-29 (125227,374905,249649) : difference with theory (-29) = 0 
CORRECTING DEFECT 3 (vertices=70, convex hull=37, v0=18280)
After retessellation of defect 3 (v0=18280), euler #=-28 (125234,374938,249676) : difference with theory (-28) = 0 
CORRECTING DEFECT 4 (vertices=90, convex hull=81, v0=22774)
After retessellation of defect 4 (v0=22774), euler #=-27 (125249,375019,249743) : difference with theory (-27) = 0 
CORRECTING DEFECT 5 (vertices=133, convex hull=76, v0=23968)
After retessellation of defect 5 (v0=23968), euler #=-26 (125261,375087,249800) : difference with theory (-26) = 0 
CORRECTING DEFECT 6 (vertices=29, convex hull=40, v0=35087)
After retessellation of defect 6 (v0=35087), euler #=-25 (125266,375116,249825) : difference with theory (-25) = 0 
CORRECTING DEFECT 7 (vertices=281, convex hull=215, v0=51727)
After retessellation of defect 7 (v0=51727), euler #=-24 (125284,375273,249965) : difference with theory (-24) = 0 
CORRECTING DEFECT 8 (vertices=104, convex hull=124, v0=51844)
After retessellation of defect 8 (v0=51844), euler #=-23 (125325,375451,250103) : difference with theory (-23) = 0 
CORRECTING DEFECT 9 (vertices=23, convex hull=41, v0=56182)
After retessellation of defect 9 (v0=56182), euler #=-22 (125337,375501,250142) : difference with theory (-22) = 0 
CORRECTING DEFECT 10 (vertices=35, convex hull=37, v0=59706)
After retessellation of defect 10 (v0=59706), euler #=-21 (125347,375544,250176) : difference with theory (-21) = 0 
CORRECTING DEFECT 11 (vertices=9, convex hull=17, v0=60790)
After retessellation of defect 11 (v0=60790), euler #=-20 (125348,375550,250182) : difference with theory (-20) = 0 
CORRECTING DEFECT 12 (vertices=131, convex hull=222, v0=62162)
After retessellation of defect 12 (v0=62162), euler #=-19 (125427,375885,250439) : difference with theory (-19) = 0 
CORRECTING DEFECT 13 (vertices=46, convex hull=65, v0=74163)
After retessellation of defect 13 (v0=74163), euler #=-18 (125448,375974,250508) : difference with theory (-18) = 0 
CORRECTING DEFECT 14 (vertices=30, convex hull=35, v0=78394)
After retessellation of defect 14 (v0=78394), euler #=-17 (125453,376001,250531) : difference with theory (-17) = 0 
CORRECTING DEFECT 15 (vertices=29, convex hull=19, v0=91883)
After retessellation of defect 15 (v0=91883), euler #=-16 (125458,376022,250548) : difference with theory (-16) = 0 
CORRECTING DEFECT 16 (vertices=11, convex hull=26, v0=92054)
After retessellation of defect 16 (v0=92054), euler #=-15 (125460,376035,250560) : difference with theory (-15) = 0 
CORRECTING DEFECT 17 (vertices=27, convex hull=24, v0=93704)
After retessellation of defect 17 (v0=93704), euler #=-14 (125465,376056,250577) : difference with theory (-14) = 0 
CORRECTING DEFECT 18 (vertices=24, convex hull=52, v0=93742)
After retessellation of defect 18 (v0=93742), euler #=-13 (125477,376113,250623) : difference with theory (-13) = 0 
CORRECTING DEFECT 19 (vertices=12, convex hull=22, v0=96571)
After retessellation of defect 19 (v0=96571), euler #=-12 (125479,376127,250636) : difference with theory (-12) = 0 
CORRECTING DEFECT 20 (vertices=83, convex hull=104, v0=97227)
After retessellation of defect 20 (v0=97227), euler #=-11 (125496,376223,250716) : difference with theory (-11) = 0 
CORRECTING DEFECT 21 (vertices=20, convex hull=20, v0=97366)
After retessellation of defect 21 (v0=97366), euler #=-10 (125500,376239,250729) : difference with theory (-10) = 0 
CORRECTING DEFECT 22 (vertices=107, convex hull=52, v0=97370)
After retessellation of defect 22 (v0=97370), euler #=-9 (125509,376294,250776) : difference with theory (-9) = 0 
CORRECTING DEFECT 23 (vertices=25, convex hull=22, v0=98266)
After retessellation of defect 23 (v0=98266), euler #=-8 (125517,376324,250799) : difference with theory (-8) = 0 
CORRECTING DEFECT 24 (vertices=24, convex hull=51, v0=100796)
After retessellation of defect 24 (v0=100796), euler #=-7 (125530,376383,250846) : difference with theory (-7) = 0 
CORRECTING DEFECT 25 (vertices=19, convex hull=51, v0=105570)
After retessellation of defect 25 (v0=105570), euler #=-6 (125542,376438,250890) : difference with theory (-6) = 0 
CORRECTING DEFECT 26 (vertices=6, convex hull=14, v0=106636)
After retessellation of defect 26 (v0=106636), euler #=-5 (125542,376440,250893) : difference with theory (-5) = 0 
CORRECTING DEFECT 27 (vertices=118, convex hull=101, v0=109684)
After retessellation of defect 27 (v0=109684), euler #=-4 (125566,376558,250988) : difference with theory (-4) = 0 
CORRECTING DEFECT 28 (vertices=111, convex hull=83, v0=110170)
After retessellation of defect 28 (v0=110170), euler #=-3 (125582,376640,251055) : difference with theory (-3) = 0 
CORRECTING DEFECT 29 (vertices=34, convex hull=49, v0=111337)
After retessellation of defect 29 (v0=111337), euler #=-2 (125594,376697,251101) : difference with theory (-2) = 0 
CORRECTING DEFECT 30 (vertices=21, convex hull=26, v0=113325)
After retessellation of defect 30 (v0=113325), euler #=-1 (125598,376714,251115) : difference with theory (-1) = 0 
CORRECTING DEFECT 31 (vertices=43, convex hull=80, v0=113565)
After retessellation of defect 31 (v0=113565), euler #=0 (125622,376818,251196) : difference with theory (0) = 0 
CORRECTING DEFECT 32 (vertices=33, convex hull=53, v0=114967)
After retessellation of defect 32 (v0=114967), euler #=1 (125641,376895,251255) : difference with theory (1) = 0 
CORRECTING DEFECT 33 (vertices=17, convex hull=63, v0=126588)
After retessellation of defect 33 (v0=126588), euler #=2 (125650,376944,251296) : difference with theory (2) = 0 
computing original vertex metric properties...
storing new metric properties...
computing tessellation statistics...
vertex spacing 0.89 +- 0.23 (0.05-->11.75) (max @ vno 107013 --> 114614)
face area -nan +- -nan (1000.00-->-1.00)
performing soap bubble on retessellated vertices for 0 iterations...
vertex spacing 0.89 +- 0.23 (0.05-->11.75) (max @ vno 107013 --> 114614)
face area -nan +- -nan (1000.00-->-1.00)
tessellation finished, orienting corrected surface...
130 mutations (36.4%), 227 crossovers (63.6%), 244 vertices were eliminated
building final representation...
2390 vertices and 0 faces have been removed from triangulation
after topology correction, eno=2 (nv=125650, nf=251296, ne=376944, g=0)
writing corrected surface to /out/sourcedata/freesurfer/sub-v2s9x29169_ses-1/surf/rh.orig.premesh...

0.000 % of the vertices (0 vertices) exhibit an orientation change
removing intersecting faces
000: 244 intersecting
001: 37 intersecting
002: 6 intersecting
003: 2 intersecting
step 1 with no progress (num=2, old_num=2)
004: 2 intersecting
step 2 with no progress (num=2, old_num=2)
005: 2 intersecting
step 3 with no progress (num=2, old_num=2)
006: 2 intersecting
step 4 with no progress (num=2, old_num=2)
007: 2 intersecting
step 5 with no progress (num=2, old_num=2)
008: 2 intersecting
step 6 with no progress (num=2, old_num=2)
009: 2 intersecting
step 7 with no progress (num=2, old_num=2)
010: 2 intersecting
step 8 with no progress (num=2, old_num=2)
011: 2 intersecting
step 9 with no progress (num=2, old_num=2)
012: 2 intersecting
step 10 with no progress (num=2, old_num=2)
013: 2 intersecting
step 11 with no progress (num=2, old_num=2)
014: 2 intersecting
step 12 with no progress (num=2, old_num=2)
015: 2 intersecting
step 13 with no progress (num=2, old_num=2)
016: 2 intersecting
step 14 with no progress (num=2, old_num=2)
017: 2 intersecting
step 15 with no progress (num=2, old_num=2)
018: 2 intersecting
step 16 with no progress (num=2, old_num=2)
terminating search with 2 intersecting
topology fixing took 2.9 minutes
FSRUNTIME@ mris_fix_topology rh  0.0477 hours 16 threads
#VMPC# mris_fix_topology VmPeak  1843640

 mris_euler_number ../surf/rh.orig.premesh 

euler # = v-e+f = 2g-2: 125650 - 376944 + 251296 = 2 --> 0 holes
      F =2V-4:          251296 = 251300-4 (0)
      2E=3F:            753888 = 753888 (0)

total defect index = 0
Sat Mar 14 12:17:47 CET 2026

setenv SUBJECTS_DIR /out/sourcedata/freesurfer
cd /out/sourcedata/freesurfer/sub-v2s9x29169_ses-1/scripts
/opt/freesurfer/bin/defect2seg --s sub-v2s9x29169_ses-1 --rh-only --cortex

freesurfer-linux-ubuntu22_x86_64-7.3.2-20220804-6354275
defect2seg 7.3.2
Linux dna078 5.14.0-427.37.1.el9_4.x86_64 #1 SMP PREEMPT_DYNAMIC Fri Sep 13 12:41:50 EDT 2024 x86_64 x86_64 x86_64 GNU/Linux
pid 3507827
mri_label2label --label-cortex /out/sourcedata/freesurfer/sub-v2s9x29169_ses-1/surf/rh.orig.nofix /out/sourcedata/freesurfer/sub-v2s9x29169_ses-1/mri/aseg.presurf.mgz 0 /out/sourcedata/freesurfer/sub-v2s9x29169_ses-1/label/rh.nofix.cortex.label

 Generating cortex label... RemoveHipAmgy=0
 NucAccIsMedialWall=0
 mris->useRealRAS=0
20 non-cortical segments detected
only using segment with 6931 vertices
erasing segment 1 (vno[0] = 65324)
erasing segment 2 (vno[0] = 66463)
erasing segment 3 (vno[0] = 79087)
erasing segment 4 (vno[0] = 84079)
erasing segment 5 (vno[0] = 89920)
erasing segment 6 (vno[0] = 91935)
erasing segment 7 (vno[0] = 92846)
erasing segment 8 (vno[0] = 93829)
erasing segment 9 (vno[0] = 94708)
erasing segment 10 (vno[0] = 95497)
erasing segment 11 (vno[0] = 96365)
erasing segment 12 (vno[0] = 96501)
erasing segment 13 (vno[0] = 96583)
erasing segment 14 (vno[0] = 97271)
erasing segment 15 (vno[0] = 97286)
erasing segment 16 (vno[0] = 97389)
erasing segment 17 (vno[0] = 97401)
erasing segment 18 (vno[0] = 98261)
erasing segment 19 (vno[0] = 99085)
mri_label2vol --defects /out/sourcedata/freesurfer/sub-v2s9x29169_ses-1/surf/rh.orig.nofix /out/sourcedata/freesurfer/sub-v2s9x29169_ses-1/surf/rh.defect_labels /out/sourcedata/freesurfer/sub-v2s9x29169_ses-1/mri/orig.mgz 2000 0 /out/sourcedata/freesurfer/sub-v2s9x29169_ses-1/mri/rh.surface.defects.mgz /out/sourcedata/freesurfer/sub-v2s9x29169_ses-1/label/rh.nofix.cortex.label
mri_label2vol supposed to be reproducible but seed not set
Contraining to label /out/sourcedata/freesurfer/sub-v2s9x29169_ses-1/label/rh.nofix.cortex.label
Changing input type 0 to MRI_INT
Converting defects to volume: offset=2000, merge=0
Writing to /out/sourcedata/freesurfer/sub-v2s9x29169_ses-1/mri/rh.surface.defects.mgz
mris_defects_pointset -s /out/sourcedata/freesurfer/sub-v2s9x29169_ses-1/surf/rh.orig.nofix -d /out/sourcedata/freesurfer/sub-v2s9x29169_ses-1/surf/rh.defect_labels -o /out/sourcedata/freesurfer/sub-v2s9x29169_ses-1/surf/rh.defects.pointset --label /out/sourcedata/freesurfer/sub-v2s9x29169_ses-1/label/rh.nofix.cortex.label
Reading in surface /out/sourcedata/freesurfer/sub-v2s9x29169_ses-1/surf/rh.orig.nofix
Reading in defect segmentation /out/sourcedata/freesurfer/sub-v2s9x29169_ses-1/surf/rh.defect_labels
Reading in label /out/sourcedata/freesurfer/sub-v2s9x29169_ses-1/label/rh.nofix.cortex.label
#VMPC# mris_defects_pointset 1258568
mris_defects_pointset done
 
Started at Sat Mar 14 12:17:47 CET 2026 
Ended   at Sat Mar 14 12:17:58 CET 2026
Defect2seg-Run-Time-Sec 11
Defect2seg-Run-Time-Min 0.22
Defect2seg-Run-Time-Hours 0.00
 
tkmeditfv sub-v2s9x29169_ses-1 brain.finalsurfs.mgz -defect
defect2seg Done

 mris_remesh --remesh --iters 3 --input /out/sourcedata/freesurfer/sub-v2s9x29169_ses-1/surf/rh.orig.premesh --output /out/sourcedata/freesurfer/sub-v2s9x29169_ses-1/surf/rh.orig 

iters = 3
standard remeshing without target
   adjusted l: 0.712297
remeshing to edge length 0.712297 with 3 iterations

avg qual before   : 0.891958  after: 0.971325

Removing intersections
Remeshed surface quality stats nv0 = 125650  nv = 131190  1.04409
Area    262376  0.30352  0.03356 0.068797   0.4692
Corner  787128 60.00000  8.77338 15.224937 148.4104
Edge    393564  0.84518  0.08229 0.469454   1.2325
Hinge   393564  9.48760 10.61028 0.000006 133.4252
mris_remesh done
/out/sourcedata/freesurfer/sub-v2s9x29169_ses-1/scripts

 mris_remove_intersection ../surf/rh.orig ../surf/rh.orig 

intersection removal took 0.00 hours
writing corrected surface to ../surf/rh.orig

 rm -f ../surf/rh.inflated 

#--------------------------------------------
#@# AutoDetGWStats rh Sat Mar 14 12:18:20 CET 2026
cd /out/sourcedata/freesurfer/sub-v2s9x29169_ses-1/mri
mris_autodet_gwstats --o ../surf/autodet.gw.stats.rh.dat --i brain.finalsurfs.mgz --wm wm.mgz --surf ../surf/rh.orig.premesh
7.3.2

cd /out/sourcedata/freesurfer/sub-v2s9x29169_ses-1/mri
setenv SUBJECTS_DIR /out/sourcedata/freesurfer
mris_autodet_gwstats --o ../surf/autodet.gw.stats.rh.dat --i brain.finalsurfs.mgz --wm wm.mgz --surf ../surf/rh.orig.premesh 

border white:    229531 voxels (1.37%)
border gray      292766 voxels (1.75%)
Reading in intensity volume brain.finalsurfs.mgz
Reading in wm volume wm.mgz
Reading in surf ../surf/rh.orig.premesh
Auto detecting stats
MRIclipBrightWM(): nthresh=18820, wmmin=5, clip=110 
Binarizing thresholding at 5
computing class statistics... low=30, hi=110.000000
CCS WM (96.0): 96.4 +- 9.7 [70.0 --> 110.0]
CCS GM (63.0) : 64.3 +- 10.8 [30.0 --> 110.0]
white_mean = 96.4486 +/- 9.68834, gray_mean = 64.3345 +/- 10.8148
using class modes intead of means, discounting robust sigmas....
MRIScomputeClassModes(): min=0 max=214 nbins=215
intensity peaks found at WM=102+-7.8,    GM=59+-5.2
white_mode = 102, gray_mode = 59
std_scale = 1
Applying sanity checks, max_scale_down = 0.2
setting MIN_GRAY_AT_WHITE_BORDER to 48.2 (was 70.000000)
setting MAX_BORDER_WHITE to 111.7 (was 105.000000)
setting MIN_BORDER_WHITE to 59.0 (was 85.000000)
setting MAX_CSF to 37.4 (was 40.000000)
setting MAX_GRAY to 92.3 (was 95.000000)
setting MAX_GRAY_AT_CSF_BORDER to 48.2 (was 75.000000)
setting MIN_GRAY_AT_CSF_BORDER to 26.6 (was 40.000000)
When placing the white surface
  white_border_hi   = 111.688;
  white_border_low  = 59;
  white_outside_low = 48.1852;
  white_inside_hi   = 120;
  white_outside_hi  = 111.688;
When placing the pial surface
  pial_border_hi   = 48.1852;
  pial_border_low  = 26.5556;
  pial_outside_low = 10;
  pial_inside_hi   = 92.3117;
  pial_outside_hi  = 42.7778;
#VMPC# mris_autodet_gwstats VmPeak  1391056
mris_autodet_gwstats done
#--------------------------------------------
#@# WhitePreAparc rh Sat Mar 14 12:18:22 CET 2026
cd /out/sourcedata/freesurfer/sub-v2s9x29169_ses-1/mri
mris_place_surface --adgws-in ../surf/autodet.gw.stats.rh.dat --wm wm.mgz --threads 16 --invol brain.finalsurfs.mgz --rh --i ../surf/rh.orig --o ../surf/rh.white.preaparc --white --seg aseg.presurf.mgz --nsmooth 5
7.3.2
7.3.2

cd /out/sourcedata/freesurfer/sub-v2s9x29169_ses-1/mri
setenv SUBJECTS_DIR /out/sourcedata/freesurfer
mris_place_surface --adgws-in ../surf/autodet.gw.stats.rh.dat --wm wm.mgz --threads 16 --invol brain.finalsurfs.mgz --rh --i ../surf/rh.orig --o ../surf/rh.white.preaparc --white --seg aseg.presurf.mgz --nsmooth 5 

Reading in input surface ../surf/rh.orig
Smoothing surface before ripping with 5 iterations
Area    262376  0.26800  0.06509 0.004140   0.5743
Corner  787128 60.00000  9.76025 10.777610 141.4216
Edge    393564  0.79046  0.11769 0.068677   1.3095
Hinge   393564  6.37052  6.77447 0.000002 124.3176
Not reading in aparc
Reading in input volume brain.finalsurfs.mgz
Reading in wm volume wm.mgz
MRIclipBrightWM(): nthresh=18820, wmmin=5, clip=110 
MRIfindBrightNonWM(): 3533 bright non-wm voxels segmented.
Masking bright non-wm for white surface
MRImask(): AllowDiffGeom = 1
MRImask(): AllowDiffGeom = 1
Reading in seg volume aseg.presurf.mgz
Ripping frozen voxels
INFO: rip surface needed but not specified, so using input surface
Freezing midline and others
Entering: MRISripMidline(): inhibiting deformation at non-cortical midline structures...
  which=1, fix_mtl=0, using annot = 0
#FML0# MRISripMidline(): nripped=0
removing 3 vertices from ripped group in thread:0
removing 3 vertices from ripped group in thread:0
removing 4 vertices from ripped group in thread:0
removing 4 vertices from ripped group in thread:0
removing 4 vertices from ripped group in thread:0
removing 4 vertices from ripped group in thread:0
#FML# MRISripMidline(): nmarked=6627, nmarked2=118, nripped=6627
Ripping segs (eg, WMSA, BG, frozen)
Starting MRISripSegs() d = (-2 2 0.5) segnos: 247 
MRISripSegs(): -2 2 0.5 ripped 0
vertex 65595: xyz = (9.70059,-13.1835,7.84523) oxyz = (9.70059,-13.1835,7.84523) wxzy = (9.70059,-13.1835,7.84523) pxyz = (0,0,0) 
CBVO Creating mask 131190
n_averages 4
Iteration 0 =========================================
n_averages=4, current_sigma=2
Freezing midline and others
Ripping frozen voxels
INFO: rip surface needed but not specified, so using input surface
Freezing midline and others
Entering: MRISripMidline(): inhibiting deformation at non-cortical midline structures...
  which=1, fix_mtl=0, using annot = 0
#FML0# MRISripMidline(): nripped=6627
removing 3 vertices from ripped group in thread:0
removing 3 vertices from ripped group in thread:0
removing 4 vertices from ripped group in thread:0
removing 4 vertices from ripped group in thread:0
removing 4 vertices from ripped group in thread:0
removing 4 vertices from ripped group in thread:0
#FML# MRISripMidline(): nmarked=6627, nmarked2=118, nripped=6627
Ripping segs (eg, WMSA, BG, frozen)
Starting MRISripSegs() d = (-2 2 0.5) segnos: 247 247 
MRISripSegs(): -2 2 0.5 ripped 0
Computing target border values 
Entering MRIScomputeBorderValues_new(): 
  inside_hi   = 120.0000000;
  border_hi   = 111.6883390;
  border_low  =  59.0000000;
  outside_low =  48.1851880;
  outside_hi  = 111.6883390;
  sigma = 2;
  max_thickness = 10;
  step_size=0.5;
  STEP_SIZE=0.1;
  which = 1
  thresh = 0
  flags = 0
  CBVfindFirstPeakD1=0
  CBVfindFirstPeakD2=0
  nvertices=131190
  Gdiag_no=-1
  vno start=0, stop=131190
Replacing 255s with 0s
#SI# sigma=2 had to be increased for 141 vertices, nripped=6627
mean border=74.8, 48 (48) missing vertices, mean dist 0.2 [0.5 (%39.1)->0.7 (%60.9))]
%84 local maxima, %11 large gradients and % 0 min vals, 0 gradients ignored
nFirstPeakD1 0
MRIScomputeBorderValues_new() finished in 0.0111 min


Finding expansion regions
mean absolute distance = 0.61 +- 0.75
4315 vertices more than 2 sigmas from mean.
Averaging target values for 5 iterations...
Positioning Surface: tspring = 0.3, nspring = 0.3, spring = 0, niters = 100 l_repulse = 5, l_surf_repulse = 0, checktol = 0
Positioning pial surface
Entering MRISpositionSurface()
  max_mm = 0.3
  MAX_REDUCTIONS = 2, REDUCTION_PCT = 0.5
  parms->check_tol = 0, niterations = 100
tol=1.0e-04, sigma=2.0, host=dna07, nav=4, nbrs=2, l_repulse=5.000, l_tspring=0.300, l_nspring=0.300, l_intensity=0.200, l_curv=1.000
mom=0.00, dt=0.50
complete_dist_mat 0
rms 0
smooth_averages 0
remove_neg 0
ico_order 0
which_surface 0
target_radius 0.000000
nfields 0
scale 0.000000
desired_rms_height 0.000000
momentum 0.000000
nbhd_size 0
max_nbrs 0
niterations 100
nsurfaces 0
SURFACES 3
flags 0 (0)
use curv 0
no sulc 0
no rigid align 0
mris->nsize 2
mris->hemisphere 1
randomSeed 0

000: dt: 0.0000, sse=3657744.8, rms=11.876
001: dt: 0.5000, sse=1885953.8, rms=8.372 (29.505%)
002: dt: 0.5000, sse=1239011.1, rms=6.624 (20.884%)
003: dt: 0.5000, sse=922546.0, rms=5.600 (15.448%)
004: dt: 0.5000, sse=763942.7, rms=4.994 (10.825%)
005: dt: 0.5000, sse=666527.9, rms=4.587 (8.155%)
006: dt: 0.5000, sse=625062.5, rms=4.391 (4.271%)
007: dt: 0.5000, sse=594678.9, rms=4.250 (3.217%)
008: dt: 0.5000, sse=590553.6, rms=4.195 (1.292%)
009: dt: 0.5000, sse=575113.9, rms=4.138 (1.362%)
rms = 4.1123/4.1377, sse=569743.1/575113.9, time step reduction 1 of 3 to 0.250  0 0 1
010: dt: 0.5000, sse=569743.1, rms=4.112 (0.614%)
011: dt: 0.2500, sse=294796.5, rms=2.400 (41.646%)
012: dt: 0.2500, sse=248669.3, rms=1.971 (17.848%)
013: dt: 0.2500, sse=236038.5, rms=1.840 (6.647%)
014: dt: 0.2500, sse=229856.1, rms=1.753 (4.759%)
rms = 1.7047/1.7528, sse=226051.9/229856.1, time step reduction 2 of 3 to 0.125  0 0 1
015: dt: 0.2500, sse=226051.9, rms=1.705 (2.745%)
016: dt: 0.1250, sse=211853.3, rms=1.528 (10.374%)
rms = 1.4957/1.5278, sse=209671.0/211853.3, time step reduction 3 of 3 to 0.062  0 0 1
017: dt: 0.1250, sse=209671.0, rms=1.496 (2.103%)
  maximum number of reductions reached, breaking from loop
positioning took 1.3 minutes
Iteration 1 =========================================
n_averages=2, current_sigma=1
Freezing midline and others
Ripping frozen voxels
INFO: rip surface needed but not specified, so using input surface
Freezing midline and others
Entering: MRISripMidline(): inhibiting deformation at non-cortical midline structures...
  which=1, fix_mtl=0, using annot = 0
#FML0# MRISripMidline(): nripped=6627
removing 3 vertices from ripped group in thread:0
removing 3 vertices from ripped group in thread:0
removing 3 vertices from ripped group in thread:0
removing 2 vertices from ripped group in thread:0
removing 2 vertices from ripped group in thread:0
#FML# MRISripMidline(): nmarked=6792, nmarked2=134, nripped=6792
Ripping segs (eg, WMSA, BG, frozen)
Starting MRISripSegs() d = (-2 2 0.5) segnos: 247 247 247 
MRISripSegs(): -2 2 0.5 ripped 0
Computing target border values 
Entering MRIScomputeBorderValues_new(): 
  inside_hi   = 120.0000000;
  border_hi   = 111.6883390;
  border_low  =  59.0000000;
  outside_low =  48.1851880;
  outside_hi  = 111.6883390;
  sigma = 1;
  max_thickness = 10;
  step_size=0.5;
  STEP_SIZE=0.1;
  which = 1
  thresh = 0
  flags = 0
  CBVfindFirstPeakD1=0
  CBVfindFirstPeakD2=0
  nvertices=131190
  Gdiag_no=-1
  vno start=0, stop=131190
Replacing 255s with 0s
#SI# sigma=1 had to be increased for 116 vertices, nripped=6792
mean border=77.7, 89 (15) missing vertices, mean dist -0.1 [0.3 (%74.6)->0.3 (%25.4))]
%89 local maxima, % 6 large gradients and % 0 min vals, 0 gradients ignored
nFirstPeakD1 0
MRIScomputeBorderValues_new() finished in 0.0080 min


Finding expansion regions
mean absolute distance = 0.26 +- 0.46
2237 vertices more than 2 sigmas from mean.
Averaging target values for 5 iterations...
Positioning Surface: tspring = 0.3, nspring = 0.3, spring = 0, niters = 100 l_repulse = 5, l_surf_repulse = 0, checktol = 0
Positioning pial surface
Entering MRISpositionSurface()
  max_mm = 0.3
  MAX_REDUCTIONS = 2, REDUCTION_PCT = 0.5
  parms->check_tol = 0, niterations = 100
tol=1.0e-04, sigma=1.0, host=dna07, nav=2, nbrs=2, l_repulse=5.000, l_tspring=0.300, l_nspring=0.300, l_intensity=0.200, l_curv=1.000
mom=0.00, dt=0.50
000: dt: 0.0000, sse=774052.6, rms=4.802
018: dt: 0.5000, sse=471496.0, rms=3.312 (31.026%)
rms = 3.7922/3.3121, sse=555148.2/471496.0, time step reduction 1 of 3 to 0.250  0 1 1
   RMS increased, rejecting step
019: dt: 0.2500, sse=316448.1, rms=2.179 (34.224%)
020: dt: 0.2500, sse=267780.1, rms=1.656 (23.982%)
021: dt: 0.2500, sse=250683.6, rms=1.442 (12.948%)
022: dt: 0.2500, sse=244937.8, rms=1.373 (4.764%)
rms = 1.3272/1.3730, sse=241972.2/244937.8, time step reduction 2 of 3 to 0.125  0 0 1
023: dt: 0.2500, sse=241972.2, rms=1.327 (3.338%)
024: dt: 0.1250, sse=233334.2, rms=1.187 (10.588%)
rms = 1.1678/1.1866, sse=232531.1/233334.2, time step reduction 3 of 3 to 0.062  0 0 1
025: dt: 0.1250, sse=232531.0, rms=1.168 (1.588%)
  maximum number of reductions reached, breaking from loop
positioning took 0.6 minutes
Iteration 2 =========================================
n_averages=1, current_sigma=0.5
Freezing midline and others
Ripping frozen voxels
INFO: rip surface needed but not specified, so using input surface
Freezing midline and others
Entering: MRISripMidline(): inhibiting deformation at non-cortical midline structures...
  which=1, fix_mtl=0, using annot = 0
#FML0# MRISripMidline(): nripped=6792
removing 3 vertices from ripped group in thread:0
removing 4 vertices from ripped group in thread:0
removing 3 vertices from ripped group in thread:0
removing 2 vertices from ripped group in thread:0
removing 2 vertices from ripped group in thread:0
removing 4 vertices from ripped group in thread:0
removing 4 vertices from ripped group in thread:0
removing 4 vertices from ripped group in thread:0
#FML# MRISripMidline(): nmarked=6836, nmarked2=136, nripped=6836
Ripping segs (eg, WMSA, BG, frozen)
Starting MRISripSegs() d = (-2 2 0.5) segnos: 247 247 247 247 
MRISripSegs(): -2 2 0.5 ripped 0
Computing target border values 
Entering MRIScomputeBorderValues_new(): 
  inside_hi   = 120.0000000;
  border_hi   = 111.6883390;
  border_low  =  59.0000000;
  outside_low =  48.1851880;
  outside_hi  = 111.6883390;
  sigma = 0.5;
  max_thickness = 10;
  step_size=0.5;
  STEP_SIZE=0.1;
  which = 1
  thresh = 0
  flags = 0
  CBVfindFirstPeakD1=0
  CBVfindFirstPeakD2=0
  nvertices=131190
  Gdiag_no=-1
  vno start=0, stop=131190
Replacing 255s with 0s
#SI# sigma=0.5 had to be increased for 118 vertices, nripped=6836
mean border=79.2, 88 (10) missing vertices, mean dist -0.1 [0.2 (%65.5)->0.2 (%34.5))]
%90 local maxima, % 5 large gradients and % 0 min vals, 0 gradients ignored
nFirstPeakD1 0
MRIScomputeBorderValues_new() finished in 0.0042 min


Finding expansion regions
mean absolute distance = 0.19 +- 0.35
2364 vertices more than 2 sigmas from mean.
Averaging target values for 5 iterations...
Positioning Surface: tspring = 0.3, nspring = 0.3, spring = 0, niters = 100 l_repulse = 5, l_surf_repulse = 0, checktol = 0
Positioning pial surface
Entering MRISpositionSurface()
  max_mm = 0.3
  MAX_REDUCTIONS = 2, REDUCTION_PCT = 0.5
  parms->check_tol = 0, niterations = 100
tol=1.0e-04, sigma=0.5, host=dna07, nav=1, nbrs=2, l_repulse=5.000, l_tspring=0.300, l_nspring=0.300, l_intensity=0.200, l_curv=1.000
mom=0.00, dt=0.50
000: dt: 0.0000, sse=358441.0, rms=2.536
rms = 3.1034/2.5362, sse=439344.0/358441.0, time step reduction 1 of 3 to 0.250  0 1 1
   RMS increased, rejecting step
026: dt: 0.2500, sse=267414.8, rms=1.664 (34.407%)
027: dt: 0.2500, sse=235205.9, rms=1.206 (27.489%)
028: dt: 0.2500, sse=230716.8, rms=1.130 (6.307%)
rms = 1.1046/1.1302, sse=229114.5/230716.8, time step reduction 2 of 3 to 0.125  0 0 1
029: dt: 0.2500, sse=229114.5, rms=1.105 (2.267%)
030: dt: 0.1250, sse=225869.8, rms=1.037 (6.102%)
rms = 1.0275/1.0372, sse=225540.5/225869.8, time step reduction 3 of 3 to 0.062  0 0 1
031: dt: 0.1250, sse=225540.5, rms=1.027 (0.936%)
  maximum number of reductions reached, breaking from loop
positioning took 0.5 minutes
Iteration 3 =========================================
n_averages=0, current_sigma=0.25
Freezing midline and others
Ripping frozen voxels
INFO: rip surface needed but not specified, so using input surface
Freezing midline and others
Entering: MRISripMidline(): inhibiting deformation at non-cortical midline structures...
  which=1, fix_mtl=0, using annot = 0
#FML0# MRISripMidline(): nripped=6836
removing 3 vertices from ripped group in thread:0
removing 3 vertices from ripped group in thread:0
removing 4 vertices from ripped group in thread:0
removing 1 vertices from ripped group in thread:0
removing 2 vertices from ripped group in thread:0
removing 4 vertices from ripped group in thread:0
removing 2 vertices from ripped group in thread:0
#FML# MRISripMidline(): nmarked=6945, nmarked2=136, nripped=6945
Ripping segs (eg, WMSA, BG, frozen)
Starting MRISripSegs() d = (-2 2 0.5) segnos: 247 247 247 247 247 
MRISripSegs(): -2 2 0.5 ripped 0
Computing target border values 
Entering MRIScomputeBorderValues_new(): 
  inside_hi   = 120.0000000;
  border_hi   = 111.6883390;
  border_low  =  59.0000000;
  outside_low =  48.1851880;
  outside_hi  = 111.6883390;
  sigma = 0.25;
  max_thickness = 10;
  step_size=0.5;
  STEP_SIZE=0.1;
  which = 1
  thresh = 0
  flags = 0
  CBVfindFirstPeakD1=0
  CBVfindFirstPeakD2=0
  nvertices=131190
  Gdiag_no=-1
  vno start=0, stop=131190
Replacing 255s with 0s
#SI# sigma=0.25 had to be increased for 121 vertices, nripped=6945
mean border=79.7, 106 (9) missing vertices, mean dist -0.0 [0.2 (%54.0)->0.2 (%46.0))]
%91 local maxima, % 4 large gradients and % 0 min vals, 0 gradients ignored
nFirstPeakD1 0
MRIScomputeBorderValues_new() finished in 0.0041 min


Finding expansion regions
mean absolute distance = 0.18 +- 0.31
2535 vertices more than 2 sigmas from mean.
Averaging target values for 5 iterations...
Positioning Surface: tspring = 0.3, nspring = 0.3, spring = 0, niters = 100 l_repulse = 5, l_surf_repulse = 0, checktol = 0
Positioning pial surface
Entering MRISpositionSurface()
  max_mm = 0.3
  MAX_REDUCTIONS = 2, REDUCTION_PCT = 0.5
  parms->check_tol = 0, niterations = 100
tol=1.0e-04, sigma=0.2, host=dna07, nav=0, nbrs=2, l_repulse=5.000, l_tspring=0.300, l_nspring=0.300, l_intensity=0.200, l_curv=1.000
mom=0.00, dt=0.50
000: dt: 0.0000, sse=243961.4, rms=1.356
rms = 1.9575/1.3559, sse=294535.0/243961.4, time step reduction 1 of 3 to 0.250  0 1 1
   RMS increased, rejecting step
032: dt: 0.2500, sse=219207.5, rms=0.922 (31.979%)
033: dt: 0.2500, sse=214562.0, rms=0.812 (11.955%)
rms = 0.8274/0.8120, sse=214382.7/214562.0, time step reduction 2 of 3 to 0.125  0 0 1
   RMS increased, rejecting step
rms = 0.7984/0.8120, sse=213863.6/214562.0, time step reduction 3 of 3 to 0.062  0 0 1
034: dt: 0.1250, sse=213863.6, rms=0.798 (1.674%)
  maximum number of reductions reached, breaking from loop
positioning took 0.3 minutes


Writing output to ../surf/rh.white.preaparc
#ET# mris_place_surface  2.84 minutes
#VMPC# mris_place_surfaces VmPeak  3098616
mris_place_surface done
#--------------------------------------------
#@# CortexLabel rh Sat Mar 14 12:21:17 CET 2026
cd /out/sourcedata/freesurfer/sub-v2s9x29169_ses-1/mri
mri_label2label --label-cortex ../surf/rh.white.preaparc aseg.presurf.mgz 0 ../label/rh.cortex.label

 Generating cortex label... RemoveHipAmgy=0
 NucAccIsMedialWall=0
 mris->useRealRAS=0
12 non-cortical segments detected
only using segment with 7396 vertices
erasing segment 0 (vno[0] = 31940)
erasing segment 2 (vno[0] = 67694)
erasing segment 3 (vno[0] = 80137)
erasing segment 4 (vno[0] = 80874)
erasing segment 5 (vno[0] = 80913)
erasing segment 6 (vno[0] = 82459)
erasing segment 7 (vno[0] = 82510)
erasing segment 8 (vno[0] = 83833)
erasing segment 9 (vno[0] = 85102)
erasing segment 10 (vno[0] = 122966)
erasing segment 11 (vno[0] = 129360)
#--------------------------------------------
#@# CortexLabel+HipAmyg rh Sat Mar 14 12:21:26 CET 2026
cd /out/sourcedata/freesurfer/sub-v2s9x29169_ses-1/mri
mri_label2label --label-cortex ../surf/rh.white.preaparc aseg.presurf.mgz 1 ../label/rh.cortex+hipamyg.label

 Generating cortex label... RemoveHipAmgy=1
 NucAccIsMedialWall=0
 mris->useRealRAS=0
15 non-cortical segments detected
only using segment with 5316 vertices
erasing segment 0 (vno[0] = 31940)
erasing segment 2 (vno[0] = 60783)
erasing segment 3 (vno[0] = 61768)
erasing segment 4 (vno[0] = 67694)
erasing segment 5 (vno[0] = 71353)
erasing segment 6 (vno[0] = 76344)
erasing segment 7 (vno[0] = 80137)
erasing segment 8 (vno[0] = 80874)
erasing segment 9 (vno[0] = 80913)
erasing segment 10 (vno[0] = 82459)
erasing segment 11 (vno[0] = 83833)
erasing segment 12 (vno[0] = 85102)
erasing segment 13 (vno[0] = 122966)
erasing segment 14 (vno[0] = 129360)
#--------------------------------------------
#@# Smooth2 rh Sat Mar 14 12:21:35 CET 2026
/out/sourcedata/freesurfer/sub-v2s9x29169_ses-1/scripts

 mris_smooth -n 3 -nw -seed 1234 ../surf/rh.white.preaparc ../surf/rh.smoothwm 

smoothing for 3 iterations
setting seed for random number generator to 1234
smoothing surface tessellation for 3 iterations...
smoothing complete - recomputing first and second fundamental forms...
#--------------------------------------------
#@# Inflation2 rh Sat Mar 14 12:21:37 CET 2026
/out/sourcedata/freesurfer/sub-v2s9x29169_ses-1/scripts

 mris_inflate ../surf/rh.smoothwm ../surf/rh.inflated 

Reading ../surf/rh.smoothwm
avg radius = 45.4 mm, total surface area = 83343 mm^2
step 000: RMS=0.172 (target=0.015)   step 005: RMS=0.116 (target=0.015)   step 010: RMS=0.086 (target=0.015)   step 015: RMS=0.074 (target=0.015)   step 020: RMS=0.062 (target=0.015)   step 025: RMS=0.051 (target=0.015)   step 030: RMS=0.042 (target=0.015)   step 035: RMS=0.035 (target=0.015)   step 040: RMS=0.030 (target=0.015)   step 045: RMS=0.026 (target=0.015)   step 050: RMS=0.023 (target=0.015)   step 055: RMS=0.021 (target=0.015)   step 060: RMS=0.020 (target=0.015)   writing inflated surface to ../surf/rh.inflated
writing sulcal depths to ../surf/rh.sulc

inflation complete.
inflation took 0.2 minutes
mris_inflate utimesec    53.294678
mris_inflate stimesec    1.016373
mris_inflate ru_maxrss   200164
mris_inflate ru_ixrss    0
mris_inflate ru_idrss    0
mris_inflate ru_isrss    0
mris_inflate ru_minflt   159831
mris_inflate ru_majflt   13
mris_inflate ru_nswap    0
mris_inflate ru_inblock  0
mris_inflate ru_oublock  10264
mris_inflate ru_msgsnd   0
mris_inflate ru_msgrcv   0
mris_inflate ru_nsignals 0
mris_inflate ru_nvcsw    8708
mris_inflate ru_nivcsw   219
#--------------------------------------------
#@# Curv .H and .K rh Sat Mar 14 12:21:50 CET 2026
/out/sourcedata/freesurfer/sub-v2s9x29169_ses-1/surf

 mris_curvature -w -seed 1234 rh.white.preaparc 

setting seed for random number generator to 1234
total integrated curvature = 18.889*4pi (237.370) --> -18 handles
ICI = 133.3, FI = 1466.2, variation=22558.184
writing Gaussian curvature to ./rh.white.preaparc.K...done.
writing mean curvature to ./rh.white.preaparc.H...done.
rm -f rh.white.H
ln -s rh.white.preaparc.H rh.white.H
rm -f rh.white.K
ln -s rh.white.preaparc.K rh.white.K

 mris_curvature -seed 1234 -thresh .999 -n -a 5 -w -distances 10 10 rh.inflated 

setting seed for random number generator to 1234
normalizing curvature values.
averaging curvature patterns 5 times.
sampling 10 neighbors out to a distance of 10 mm
184 vertices thresholded to be in k1 ~ [-0.31 0.28], k2 ~ [-0.12 0.05]
total integrated curvature = 0.533*4pi (6.695) --> 0 handles
ICI = 1.4, FI = 10.2, variation=168.221
114 vertices thresholded to be in [-0.01 0.02]
writing Gaussian curvature to ./rh.inflated.K...thresholding curvature at 99.90% level
curvature mean = 0.000, std = 0.001
147 vertices thresholded to be in [-0.17 0.14]
done.
writing mean curvature to ./rh.inflated.H...curvature mean = -0.016, std = 0.024
done.
#--------------------------------------------
#@# Sphere rh Sat Mar 14 12:22:24 CET 2026
/out/sourcedata/freesurfer/sub-v2s9x29169_ses-1/scripts

 mris_sphere -seed 1234 ../surf/rh.inflated ../surf/rh.sphere 

setting seed for random number genererator to 1234
version: 7.3.2
available threads: 16
reading original vertex positions...
projecting onto sphere...
surface projected - minimizing metric distortion...
scaling brain by 0.286...
MRISunfold() max_passes = 1 -------
tol=5.0e-01, sigma=0.0, host=dna07, nav=1024, nbrs=2, l_area=1.000, l_dist=1.000
using quadratic fit line minimization
complete_dist_mat 0
rms 0
smooth_averages 0
remove_neg 0
ico_order 0
which_surface 0
target_radius 0.000000
nfields 0
scale 1.000000
desired_rms_height -1.000000
momentum 0.900000
nbhd_size 7
max_nbrs 8
niterations 25
nsurfaces 0
SURFACES 3
flags 0 (0)
use curv 0
no sulc 0
no rigid align 0
mris->nsize 2
mris->hemisphere 1
randomSeed 1234

singular matrix in quadratic form
singular matrix in quadratic form
--------------------
  mrisRemoveNegativeArea()
pass 1: epoch 1 of 3 starting distance error %19.91
pass 1: epoch 2 of 3 starting distance error %19.83
unfolding complete - removing small folds...
starting distance error %19.75
removing remaining folds...
final distance error %19.79
MRISunfold() return, current seed 1234
-01: dt=0.0000,  10 negative triangles  VmPeak 1587740
189: dt=0.9900,  10 negative triangles
190: dt=0.9900,   1 negative triangles
writing spherical brain to ../surf/rh.sphere
spherical transformation took 0.0538 hours
FSRUNTIME@ mris_sphere  0.0538 hours 16 threads
#VMPC# mris_sphere VmPeak  1587740
mris_sphere done
#--------------------------------------------
#@# Surf Reg rh Sat Mar 14 12:25:38 CET 2026
/out/sourcedata/freesurfer/sub-v2s9x29169_ses-1/scripts

 mris_register -curv ../surf/rh.sphere /opt/freesurfer/average/rh.folding.atlas.acfb40.noaparc.i12.2016-08-02.tif ../surf/rh.sphere.reg 

using smoothwm curvature for final alignment

cwd /out/sourcedata/freesurfer/sub-v2s9x29169_ses-1/scripts
cmdline mris_register -curv ../surf/rh.sphere /opt/freesurfer/average/rh.folding.atlas.acfb40.noaparc.i12.2016-08-02.tif ../surf/rh.sphere.reg 

0 inflated.H
1 sulc
2 smoothwm (computed)
7.3.2
  7.3.2
reading surface from ../surf/rh.sphere...
reading template parameterization from /opt/freesurfer/average/rh.folding.atlas.acfb40.noaparc.i12.2016-08-02.tif...
MRISregister() -------
max_passes = 4 
min_degrees = 0.500000 
max_degrees = 64.000000 
nangles = 8 
tol=5.0e-01, sigma=0.0, host=dna07, nav=1024, nbrs=1, l_extern=10000.000, l_parea=0.200, l_nlarea=1.000, l_corr=1.000, l_dist=5.000
using quadratic fit line minimization
complete_dist_mat 0
rms 0
smooth_averages 0
remove_neg 0
ico_order 0
which_surface 0
target_radius 0.000000
nfields 0
scale 0.000000
desired_rms_height -1.000000
momentum 0.950000
nbhd_size -10
max_nbrs 10
niterations 25
nsurfaces 0
SURFACES 3
flags 16 (10)
use curv 16
no sulc 0
no rigid align 0
mris->nsize 1
mris->hemisphere 1
randomSeed 0

tol=5.0e-01, sigma=0.0, host=dna07, nav=1024, nbrs=1, l_extern=10000.000, l_parea=0.200, l_nlarea=1.000, l_corr=1.000, l_dist=5.000
using quadratic fit line minimization
--------------------
1 Reading rh.sulc
tol=1.0e+00, sigma=0.5, host=dna07, nav=1024, nbrs=1, l_extern=10000.000, l_parea=0.200, l_nlarea=1.000, l_corr=0.050, l_spring=0.500, l_dist=5.000
using quadratic fit line minimization
curvature mean = -0.000, std = 5.882
curvature mean = 0.055, std = 0.823
curvature mean = 0.004, std = 0.877
Starting MRISrigidBodyAlignGlobal()
Starting new MRISrigidBodyAlignGlobal_findMinSSE()
  new MRISrigidBodyAlignGlobal_findMinSSE min @ (-1.00, -4.50, -2.00) sse = 197192.1, elapsed since starting=0.0698 min
MRISrigidBodyAlignGlobal() done   0.07 min
curvature mean = 0.036, std = 0.836
curvature mean = 0.002, std = 0.954
curvature mean = 0.033, std = 0.847
curvature mean = 0.001, std = 0.982
curvature mean = 0.033, std = 0.850
curvature mean = 0.000, std = 0.993
2 Reading smoothwm
curvature mean = -0.019, std = 0.274
curvature mean = 0.045, std = 0.241
curvature mean = 0.047, std = 0.369
curvature mean = 0.040, std = 0.298
curvature mean = 0.031, std = 0.556
curvature mean = 0.040, std = 0.325
curvature mean = 0.017, std = 0.692
curvature mean = 0.039, std = 0.337
curvature mean = 0.004, std = 0.801
MRISregister() return, current seed 0
writing registered surface to ../surf/rh.sphere.reg...
-01: dt=0.0000,   0 negative triangles  VmPeak 1714600
registration took 0.05 hours
#VMPC# mris_register VmPeak  1714600
FSRUNTIME@ mris_register  0.0542 hours 16 threads

 ln -sf rh.sphere.reg rh.fsaverage.sphere.reg 

#--------------------------------------------
#@# Jacobian white rh Sat Mar 14 12:28:53 CET 2026
/out/sourcedata/freesurfer/sub-v2s9x29169_ses-1/scripts

 mris_jacobian ../surf/rh.white.preaparc ../surf/rh.sphere.reg ../surf/rh.jacobian_white 

reading surface from ../surf/rh.white.preaparc...
writing curvature file ../surf/rh.jacobian_white
#--------------------------------------------
#@# AvgCurv rh Sat Mar 14 12:28:54 CET 2026
/out/sourcedata/freesurfer/sub-v2s9x29169_ses-1/scripts

 mrisp_paint -a 5 /opt/freesurfer/average/rh.folding.atlas.acfb40.noaparc.i12.2016-08-02.tif#6 ../surf/rh.sphere.reg ../surf/rh.avg_curv 

averaging curvature patterns 5 times...
reading surface from ../surf/rh.sphere.reg...
reading template parameterization from /opt/freesurfer/average/rh.folding.atlas.acfb40.noaparc.i12.2016-08-02.tif...
writing curvature file to ../surf/rh.avg_curv...
#-----------------------------------------
#@# Cortical Parc rh Sat Mar 14 12:28:55 CET 2026
/out/sourcedata/freesurfer/sub-v2s9x29169_ses-1/scripts

 mris_ca_label -l ../label/rh.cortex.label -aseg ../mri/aseg.presurf.mgz -seed 1234 sub-v2s9x29169_ses-1 rh ../surf/rh.sphere.reg /opt/freesurfer/average/rh.DKaparc.atlas.acfb40.noaparc.i12.2016-08-02.gcs ../label/rh.aparc.annot 

setting seed for random number generator to 1234
using ../mri/aseg.presurf.mgz aseg volume to correct midline
7.3.2
  7.3.2
reading atlas from /opt/freesurfer/average/rh.DKaparc.atlas.acfb40.noaparc.i12.2016-08-02.gcs...
reading color table from GCSA file....
average std = 0.7   using min determinant for regularization = 0.004
0 singular and 309 ill-conditioned covariance matrices regularized
input 0: MEAN CURVATURE, flags 0, avgs 5, name mean_curvature
labeling surface...
1119 labels changed using aseg
relabeling using gibbs priors...
000:   2681 changed, 131190 examined...
001:    589 changed, 11624 examined...
002:    126 changed, 3409 examined...
003:     35 changed, 807 examined...
004:      8 changed, 212 examined...
005:      7 changed, 53 examined...
006:      1 changed, 43 examined...
007:      0 changed, 7 examined...
147 labels changed using aseg
000: 96 total segments, 56 labels (233 vertices) changed
001: 42 total segments, 2 labels (4 vertices) changed
002: 40 total segments, 0 labels (0 vertices) changed
10 filter iterations complete (10 requested, 5 changed)
rationalizing unknown annotations with cortex label
relabeling unknown label...
relabeling corpuscallosum label...
1617 vertices marked for relabeling...
1617 labels changed in reclassification.
writing output to ../label/rh.aparc.annot...
classification took 0 minutes and 7 seconds.
#--------------------------------------------
#@# WhiteSurfs rh Sat Mar 14 12:29:02 CET 2026
cd /out/sourcedata/freesurfer/sub-v2s9x29169_ses-1/mri
mris_place_surface --adgws-in ../surf/autodet.gw.stats.rh.dat --seg aseg.presurf.mgz --threads 16 --wm wm.mgz --invol brain.finalsurfs.mgz --rh --i ../surf/rh.white.preaparc --o ../surf/rh.white --white --nsmooth 0 --rip-label ../label/rh.cortex.label --rip-bg --rip-surf ../surf/rh.white.preaparc --aparc ../label/rh.aparc.annot
7.3.2
7.3.2

cd /out/sourcedata/freesurfer/sub-v2s9x29169_ses-1/mri
setenv SUBJECTS_DIR /out/sourcedata/freesurfer
mris_place_surface --adgws-in ../surf/autodet.gw.stats.rh.dat --seg aseg.presurf.mgz --threads 16 --wm wm.mgz --invol brain.finalsurfs.mgz --rh --i ../surf/rh.white.preaparc --o ../surf/rh.white --white --nsmooth 0 --rip-label ../label/rh.cortex.label --rip-bg --rip-surf ../surf/rh.white.preaparc --aparc ../label/rh.aparc.annot 

Reading in input surface ../surf/rh.white.preaparc
Not smoothing input surface
Area    262376  0.34860  0.13313 0.000401   2.6480
Corner  787128 60.00000 14.44222 0.170699 179.3856
Edge    393564  0.90947  0.21946 0.025719   3.5171
Hinge   393564  9.40283 11.29505 0.000002 179.8839
Reading in aparc ../label/rh.aparc.annot
Reading in input volume brain.finalsurfs.mgz
Reading in wm volume wm.mgz
MRIclipBrightWM(): nthresh=18820, wmmin=5, clip=110 
MRIfindBrightNonWM(): 3533 bright non-wm voxels segmented.
Masking bright non-wm for white surface
MRImask(): AllowDiffGeom = 1
MRImask(): AllowDiffGeom = 1
Reading in seg volume aseg.presurf.mgz
Ripping frozen voxels
Ripping vertices not in label ../label/rh.cortex.label
MRISripNotLabel() ripped 7736/131190 vertices (123454 unripped)
Reading in ripping surface ../surf/rh.white.preaparc
Reading in aparc ../label/rh.aparc.annot for ripsurf
Ripping BG
MRISripBasalGanglia(): 1 -2 2 0.5 ripped 546
Ripping segs (eg, WMSA, BG, frozen)
Starting MRISripSegs() d = (-2 2 0.5) segnos: 247 
MRISripSegs(): -2 2 0.5 ripped 0
vertex 65595: xyz = (10.1026,-13.4996,7.53373) oxyz = (10.1026,-13.4996,7.53373) wxzy = (10.1026,-13.4996,7.53373) pxyz = (0,0,0) 
CBVO Creating mask 131190
n_averages 4
Iteration 0 =========================================
n_averages=4, current_sigma=2
Computing target border values 
Entering MRIScomputeBorderValues_new(): 
  inside_hi   = 120.0000000;
  border_hi   = 111.6883390;
  border_low  =  59.0000000;
  outside_low =  48.1851880;
  outside_hi  = 111.6883390;
  sigma = 2;
  max_thickness = 10;
  step_size=0.5;
  STEP_SIZE=0.1;
  which = 1
  thresh = 0
  flags = 0
  CBVfindFirstPeakD1=0
  CBVfindFirstPeakD2=0
  nvertices=131190
  Gdiag_no=-1
  vno start=0, stop=131190
Replacing 255s with 0s
#SI# sigma=2 had to be increased for 150 vertices, nripped=8282
mean border=73.7, 134 (134) missing vertices, mean dist 0.3 [0.5 (%18.3)->0.4 (%81.7))]
%79 local maxima, %14 large gradients and % 0 min vals, 0 gradients ignored
nFirstPeakD1 0
MRIScomputeBorderValues_new() finished in 0.0105 min


Finding expansion regions
mean absolute distance = 0.45 +- 0.73
2469 vertices more than 2 sigmas from mean.
Averaging target values for 5 iterations...
Positioning Surface: tspring = 0.3, nspring = 0.3, spring = 0, niters = 100 l_repulse = 5, l_surf_repulse = 0, checktol = 0
Positioning pial surface
Entering MRISpositionSurface()
  max_mm = 0.3
  MAX_REDUCTIONS = 2, REDUCTION_PCT = 0.5
  parms->check_tol = 0, niterations = 100
tol=1.0e-04, sigma=2.0, host=dna07, nav=4, nbrs=2, l_repulse=5.000, l_tspring=0.300, l_nspring=0.300, l_intensity=0.200, l_curv=1.000
mom=0.00, dt=0.50
complete_dist_mat 0
rms 0
smooth_averages 0
remove_neg 0
ico_order 0
which_surface 0
target_radius 0.000000
nfields 0
scale 0.000000
desired_rms_height 0.000000
momentum 0.000000
nbhd_size 0
max_nbrs 0
niterations 100
nsurfaces 0
SURFACES 3
flags 0 (0)
use curv 0
no sulc 0
no rigid align 0
mris->nsize 2
mris->hemisphere 1
randomSeed 0

000: dt: 0.0000, sse=1779832.4, rms=8.033
001: dt: 0.5000, sse=720391.2, rms=4.631 (42.349%)
002: dt: 0.5000, sse=585954.4, rms=3.995 (13.723%)
003: dt: 0.5000, sse=565718.7, rms=3.884 (2.795%)
004: dt: 0.5000, sse=555066.2, rms=3.828 (1.442%)
rms = 3.8645/3.8278, sse=563326.2/555066.2, time step reduction 1 of 3 to 0.250  0 1 1
   RMS increased, rejecting step
005: dt: 0.2500, sse=352643.5, rms=2.521 (34.141%)
006: dt: 0.2500, sse=286732.8, rms=1.903 (24.521%)
007: dt: 0.2500, sse=269271.7, rms=1.706 (10.332%)
rms = 1.6590/1.7062, sse=265783.9/269271.7, time step reduction 2 of 3 to 0.125  0 0 1
008: dt: 0.2500, sse=265783.8, rms=1.659 (2.768%)
009: dt: 0.1250, sse=257132.8, rms=1.541 (7.086%)
rms = 1.5187/1.5414, sse=257427.0/257132.8, time step reduction 3 of 3 to 0.062  0 1 1
010: dt: 0.1250, sse=257427.0, rms=1.519 (1.473%)
  maximum number of reductions reached, breaking from loop
positioning took 0.8 minutes
Iteration 1 =========================================
n_averages=2, current_sigma=1
Computing target border values 
Entering MRIScomputeBorderValues_new(): 
  inside_hi   = 120.0000000;
  border_hi   = 111.6883390;
  border_low  =  59.0000000;
  outside_low =  48.1851880;
  outside_hi  = 111.6883390;
  sigma = 1;
  max_thickness = 10;
  step_size=0.5;
  STEP_SIZE=0.1;
  which = 1
  thresh = 0
  flags = 0
  CBVfindFirstPeakD1=0
  CBVfindFirstPeakD2=0
  nvertices=131190
  Gdiag_no=-1
  vno start=0, stop=131190
Replacing 255s with 0s
#SI# sigma=1 had to be increased for 129 vertices, nripped=8282
mean border=77.4, 122 (27) missing vertices, mean dist -0.2 [0.3 (%79.5)->0.2 (%20.5))]
%87 local maxima, % 6 large gradients and % 0 min vals, 0 gradients ignored
nFirstPeakD1 0
MRIScomputeBorderValues_new() finished in 0.0076 min


Finding expansion regions
mean absolute distance = 0.28 +- 0.49
1865 vertices more than 2 sigmas from mean.
Averaging target values for 5 iterations...
Positioning Surface: tspring = 0.3, nspring = 0.3, spring = 0, niters = 100 l_repulse = 5, l_surf_repulse = 0, checktol = 0
Positioning pial surface
Entering MRISpositionSurface()
  max_mm = 0.3
  MAX_REDUCTIONS = 2, REDUCTION_PCT = 0.5
  parms->check_tol = 0, niterations = 100
tol=1.0e-04, sigma=1.0, host=dna07, nav=2, nbrs=2, l_repulse=5.000, l_tspring=0.300, l_nspring=0.300, l_intensity=0.200, l_curv=1.000
mom=0.00, dt=0.50
000: dt: 0.0000, sse=822520.4, rms=4.986
011: dt: 0.5000, sse=477850.8, rms=3.300 (33.821%)
rms = 3.7375/3.2996, sse=551506.7/477850.8, time step reduction 1 of 3 to 0.250  0 1 1
   RMS increased, rejecting step
012: dt: 0.2500, sse=333455.2, rms=2.240 (32.102%)
013: dt: 0.2500, sse=283559.9, rms=1.729 (22.823%)
014: dt: 0.2500, sse=267400.6, rms=1.521 (12.026%)
015: dt: 0.2500, sse=263702.9, rms=1.463 (3.798%)
rms = 1.4234/1.4633, sse=260355.4/263702.9, time step reduction 2 of 3 to 0.125  0 0 1
016: dt: 0.2500, sse=260355.4, rms=1.423 (2.730%)
017: dt: 0.1250, sse=251587.6, rms=1.306 (8.271%)
rms = 1.2910/1.3057, sse=250762.5/251587.6, time step reduction 3 of 3 to 0.062  0 0 1
018: dt: 0.1250, sse=250762.5, rms=1.291 (1.124%)
  maximum number of reductions reached, breaking from loop
positioning took 0.6 minutes
Iteration 2 =========================================
n_averages=1, current_sigma=0.5
Computing target border values 
Entering MRIScomputeBorderValues_new(): 
  inside_hi   = 120.0000000;
  border_hi   = 111.6883390;
  border_low  =  59.0000000;
  outside_low =  48.1851880;
  outside_hi  = 111.6883390;
  sigma = 0.5;
  max_thickness = 10;
  step_size=0.5;
  STEP_SIZE=0.1;
  which = 1
  thresh = 0
  flags = 0
  CBVfindFirstPeakD1=0
  CBVfindFirstPeakD2=0
  nvertices=131190
  Gdiag_no=-1
  vno start=0, stop=131190
Replacing 255s with 0s
#SI# sigma=0.5 had to be increased for 118 vertices, nripped=8282
mean border=79.0, 148 (16) missing vertices, mean dist -0.1 [0.2 (%66.4)->0.2 (%33.6))]
%89 local maxima, % 4 large gradients and % 0 min vals, 0 gradients ignored
nFirstPeakD1 0
MRIScomputeBorderValues_new() finished in 0.0044 min


Finding expansion regions
mean absolute distance = 0.20 +- 0.37
2372 vertices more than 2 sigmas from mean.
Averaging target values for 5 iterations...
Positioning Surface: tspring = 0.3, nspring = 0.3, spring = 0, niters = 100 l_repulse = 5, l_surf_repulse = 0, checktol = 0
Positioning pial surface
Entering MRISpositionSurface()
  max_mm = 0.3
  MAX_REDUCTIONS = 2, REDUCTION_PCT = 0.5
  parms->check_tol = 0, niterations = 100
tol=1.0e-04, sigma=0.5, host=dna07, nav=1, nbrs=2, l_repulse=5.000, l_tspring=0.300, l_nspring=0.300, l_intensity=0.200, l_curv=1.000
mom=0.00, dt=0.50
000: dt: 0.0000, sse=379370.7, rms=2.666
rms = 3.1345/2.6659, sse=450867.5/379370.7, time step reduction 1 of 3 to 0.250  0 1 1
   RMS increased, rejecting step
019: dt: 0.2500, sse=285345.0, rms=1.809 (32.137%)
020: dt: 0.2500, sse=249391.2, rms=1.331 (26.422%)
021: dt: 0.2500, sse=243648.9, rms=1.247 (6.321%)
rms = 1.2073/1.2470, sse=241156.1/243648.9, time step reduction 2 of 3 to 0.125  0 0 1
022: dt: 0.2500, sse=241156.1, rms=1.207 (3.184%)
023: dt: 0.1250, sse=237034.2, rms=1.138 (5.763%)
rms = 1.1213/1.1377, sse=236320.4/237034.2, time step reduction 3 of 3 to 0.062  0 0 1
024: dt: 0.1250, sse=236320.5, rms=1.121 (1.450%)
  maximum number of reductions reached, breaking from loop
positioning took 0.5 minutes
Iteration 3 =========================================
n_averages=0, current_sigma=0.25
Computing target border values 
Entering MRIScomputeBorderValues_new(): 
  inside_hi   = 120.0000000;
  border_hi   = 111.6883390;
  border_low  =  59.0000000;
  outside_low =  48.1851880;
  outside_hi  = 111.6883390;
  sigma = 0.25;
  max_thickness = 10;
  step_size=0.5;
  STEP_SIZE=0.1;
  which = 1
  thresh = 0
  flags = 0
  CBVfindFirstPeakD1=0
  CBVfindFirstPeakD2=0
  nvertices=131190
  Gdiag_no=-1
  vno start=0, stop=131190
Replacing 255s with 0s
#SI# sigma=0.25 had to be increased for 98 vertices, nripped=8282
mean border=79.5, 183 (15) missing vertices, mean dist -0.0 [0.2 (%54.2)->0.2 (%45.8))]
%90 local maxima, % 4 large gradients and % 0 min vals, 0 gradients ignored
nFirstPeakD1 0
MRIScomputeBorderValues_new() finished in 0.0029 min


Finding expansion regions
mean absolute distance = 0.19 +- 0.32
2455 vertices more than 2 sigmas from mean.
Averaging target values for 5 iterations...
Positioning Surface: tspring = 0.3, nspring = 0.3, spring = 0, niters = 100 l_repulse = 5, l_surf_repulse = 0, checktol = 0
Positioning pial surface
Entering MRISpositionSurface()
  max_mm = 0.3
  MAX_REDUCTIONS = 2, REDUCTION_PCT = 0.5
  parms->check_tol = 0, niterations = 100
tol=1.0e-04, sigma=0.2, host=dna07, nav=0, nbrs=2, l_repulse=5.000, l_tspring=0.300, l_nspring=0.300, l_intensity=0.200, l_curv=1.000
mom=0.00, dt=0.50
000: dt: 0.0000, sse=254674.5, rms=1.444
rms = 2.0049/1.4439, sse=308434.2/254674.6, time step reduction 1 of 3 to 0.250  0 1 1
   RMS increased, rejecting step
025: dt: 0.2500, sse=229597.1, rms=1.034 (28.383%)
026: dt: 0.2500, sse=225278.6, rms=0.921 (10.925%)
rms = 0.9369/0.9211, sse=225022.4/225278.6, time step reduction 2 of 3 to 0.125  0 0 1
   RMS increased, rejecting step
rms = 0.9029/0.9211, sse=224268.9/225278.6, time step reduction 3 of 3 to 0.062  0 0 1
027: dt: 0.1250, sse=224268.9, rms=0.903 (1.975%)
  maximum number of reductions reached, breaking from loop
positioning took 0.3 minutes


Writing output to ../surf/rh.white
#ET# mris_place_surface  2.34 minutes
#VMPC# mris_place_surfaces VmPeak  2995044
mris_place_surface done
#--------------------------------------------
#@# T1PialSurf rh Sat Mar 14 12:31:27 CET 2026
cd /out/sourcedata/freesurfer/sub-v2s9x29169_ses-1/mri
mris_place_surface --adgws-in ../surf/autodet.gw.stats.rh.dat --seg aseg.presurf.mgz --threads 16 --wm wm.mgz --invol brain.finalsurfs.mgz --rh --i ../surf/rh.white --o ../surf/rh.pial.T1 --pial --nsmooth 0 --rip-label ../label/rh.cortex+hipamyg.label --pin-medial-wall ../label/rh.cortex.label --aparc ../label/rh.aparc.annot --repulse-surf ../surf/rh.white --white-surf ../surf/rh.white
7.3.2
7.3.2

cd /out/sourcedata/freesurfer/sub-v2s9x29169_ses-1/mri
setenv SUBJECTS_DIR /out/sourcedata/freesurfer
mris_place_surface --adgws-in ../surf/autodet.gw.stats.rh.dat --seg aseg.presurf.mgz --threads 16 --wm wm.mgz --invol brain.finalsurfs.mgz --rh --i ../surf/rh.white --o ../surf/rh.pial.T1 --pial --nsmooth 0 --rip-label ../label/rh.cortex+hipamyg.label --pin-medial-wall ../label/rh.cortex.label --aparc ../label/rh.aparc.annot --repulse-surf ../surf/rh.white --white-surf ../surf/rh.white 

Reading in input surface ../surf/rh.white
Not smoothing input surface
Area    262376  0.35313  0.14846 0.000401   2.8252
Corner  787128 60.00000 15.94180 0.320527 178.8969
Edge    393564  0.91703  0.23977 0.012816   3.6327
Hinge   393564  9.61996 11.96727 0.000002 179.9867
Reading white surface coordinates from ../surf/rh.white
Reading repulsion surface coordinates from ../surf/rh.white
Reading in aparc ../label/rh.aparc.annot
Reading in input volume brain.finalsurfs.mgz
Reading in wm volume wm.mgz
MRIclipBrightWM(): nthresh=18820, wmmin=5, clip=110 
MRIfindBrightNonWM(): 3533 bright non-wm voxels segmented.
Masking bright non-wm for pial surface mid_gray = 59.4336
MRImask(): AllowDiffGeom = 1
MRImask(): AllowDiffGeom = 1
MRImask(): AllowDiffGeom = 1
Reading in seg volume aseg.presurf.mgz
Ripping frozen voxels
Ripping vertices not in label ../label/rh.cortex+hipamyg.label
MRISripNotLabel() ripped 5799/131190 vertices (125391 unripped)
INFO: rip surface needed but not specified, so using input surface
Ripping segs (eg, WMSA, BG, frozen)
Starting MRISripSegs() d = (-2 2 0.5) segnos: 247 
MRISripSegs(): -2 2 0.5 ripped 0
vertex 65595: xyz = (10.0881,-13.5014,7.53252) oxyz = (10.0881,-13.5014,7.53252) wxzy = (10.0881,-13.5014,7.53252) pxyz = (10.0881,-13.5014,7.53252) 
CBVO Creating mask 131190
n_averages 16
Iteration 0 =========================================
n_averages=16, current_sigma=2
Computing target border values 
Entering MRIScomputeBorderValues_new(): 
  inside_hi   =  92.3116610;
  border_hi   =  48.1851880;
  border_low  =  26.5555690;
  outside_low =  10.0000000;
  outside_hi  =  42.7777820;
  sigma = 2;
  max_thickness = 10;
  step_size=0.5;
  STEP_SIZE=0.1;
  which = 2
  thresh = 0
  flags = 0
  CBVfindFirstPeakD1=0
  CBVfindFirstPeakD2=0
  nvertices=131190
  Gdiag_no=-1
  vno start=0, stop=131190
Replacing 255s with 0s
#SI# sigma=2 had to be increased for 248 vertices, nripped=5799
mean border=48.4, 176 (176) missing vertices, mean dist 1.0 [1.3 (%0.1)->3.6 (%99.9))]
% 6 local maxima, %20 large gradients and %69 min vals, 0 gradients ignored
nFirstPeakD1 0
MRIScomputeBorderValues_new() finished in 0.0100 min


Averaging target values for 5 iterations...
Positioning Surface: tspring = 0.3, nspring = 0.3, spring = 0, niters = 100 l_repulse = 0, l_surf_repulse = 5, checktol = 0
Positioning pial surface
Entering MRISpositionSurface()
  max_mm = 0.3
  MAX_REDUCTIONS = 2, REDUCTION_PCT = 0.5
  parms->check_tol = 0, niterations = 100
tol=1.0e-04, sigma=2.0, host=dna07, nav=16, nbrs=2, l_surf_repulse=5.000, l_tspring=0.300, l_nspring=0.300, l_intensity=0.200, l_curv=1.000
mom=0.00, dt=0.50
complete_dist_mat 0
rms 0
smooth_averages 0
remove_neg 0
ico_order 0
which_surface 0
target_radius 0.000000
nfields 0
scale 0.000000
desired_rms_height 0.000000
momentum 0.000000
nbhd_size 0
max_nbrs 0
niterations 100
nsurfaces 0
SURFACES 3
flags 0 (0)
use curv 0
no sulc 0
no rigid align 0
mris->nsize 2
mris->hemisphere 1
randomSeed 0

000: dt: 0.0000, sse=25486026.0, rms=31.775
001: dt: 0.5000, sse=16195952.0, rms=25.272 (20.467%)
002: dt: 0.5000, sse=10037323.0, rms=19.816 (21.589%)
003: dt: 0.5000, sse=6458616.0, rms=15.801 (20.262%)
004: dt: 0.5000, sse=4479325.0, rms=13.058 (17.356%)
005: dt: 0.5000, sse=3369453.5, rms=11.229 (14.013%)
006: dt: 0.5000, sse=2700231.8, rms=9.961 (11.288%)
007: dt: 0.5000, sse=2255996.0, rms=9.019 (9.458%)
008: dt: 0.5000, sse=1919137.5, rms=8.231 (8.739%)
009: dt: 0.5000, sse=1666056.5, rms=7.583 (7.865%)
010: dt: 0.5000, sse=1451531.8, rms=6.986 (7.871%)
011: dt: 0.5000, sse=1295695.9, rms=6.517 (6.716%)
012: dt: 0.5000, sse=1154362.9, rms=6.061 (7.008%)
013: dt: 0.5000, sse=1059941.6, rms=5.733 (5.397%)
014: dt: 0.5000, sse=974309.2, rms=5.420 (5.473%)
015: dt: 0.5000, sse=927286.7, rms=5.237 (3.373%)
016: dt: 0.5000, sse=879293.2, rms=5.045 (3.671%)
017: dt: 0.5000, sse=865407.7, rms=4.983 (1.223%)
018: dt: 0.5000, sse=843664.7, rms=4.890 (1.870%)
rms = 4.8671/4.8898, sse=839378.9/843664.7, time step reduction 1 of 3 to 0.250  0 0 1
019: dt: 0.5000, sse=839378.9, rms=4.867 (0.464%)
020: dt: 0.2500, sse=764445.8, rms=4.533 (6.873%)
021: dt: 0.2500, sse=746288.4, rms=4.449 (1.848%)
rms = 4.4577/4.4488, sse=748807.4/746288.4, time step reduction 2 of 3 to 0.125  0 1 1
   RMS increased, rejecting step
022: dt: 0.1250, sse=734082.1, rms=4.392 (1.273%)
023: dt: 0.1250, sse=717484.2, rms=4.313 (1.813%)
rms = 4.2802/4.3125, sse=710868.9/717484.2, time step reduction 3 of 3 to 0.062  0 0 1
024: dt: 0.1250, sse=710868.9, rms=4.280 (0.750%)
  maximum number of reductions reached, breaking from loop
positioning took 1.7 minutes
Iteration 1 =========================================
n_averages=8, current_sigma=1
Computing target border values 
Entering MRIScomputeBorderValues_new(): 
  inside_hi   =  92.3116610;
  border_hi   =  48.1851880;
  border_low  =  26.5555690;
  outside_low =  10.0000000;
  outside_hi  =  42.7777820;
  sigma = 1;
  max_thickness = 10;
  step_size=0.5;
  STEP_SIZE=0.1;
  which = 2
  thresh = 0
  flags = 0
  CBVfindFirstPeakD1=0
  CBVfindFirstPeakD2=0
  nvertices=131190
  Gdiag_no=-1
  vno start=0, stop=131190
Replacing 255s with 0s
#SI# sigma=1 had to be increased for 24756 vertices, nripped=5799
mean border=47.7, 4026 (67) missing vertices, mean dist 0.1 [0.2 (%43.1)->0.9 (%56.9))]
%10 local maxima, %18 large gradients and %64 min vals, 0 gradients ignored
nFirstPeakD1 0
MRIScomputeBorderValues_new() finished in 0.0029 min


Averaging target values for 5 iterations...
Positioning Surface: tspring = 0.3, nspring = 0.3, spring = 0, niters = 100 l_repulse = 0, l_surf_repulse = 5, checktol = 0
Positioning pial surface
Entering MRISpositionSurface()
  max_mm = 0.3
  MAX_REDUCTIONS = 2, REDUCTION_PCT = 0.5
  parms->check_tol = 0, niterations = 100
tol=1.0e-04, sigma=1.0, host=dna07, nav=8, nbrs=2, l_surf_repulse=5.000, l_tspring=0.300, l_nspring=0.300, l_intensity=0.200, l_curv=1.000
mom=0.00, dt=0.50
000: dt: 0.0000, sse=856583.5, rms=4.663
rms = 4.8308/4.6634, sse=896691.5/856583.5, time step reduction 1 of 3 to 0.250  0 1 1
   RMS increased, rejecting step
025: dt: 0.2500, sse=801885.8, rms=4.419 (5.234%)
rms = 4.4387/4.4194, sse=806857.2/801885.8, time step reduction 2 of 3 to 0.125  0 1 1
   RMS increased, rejecting step
rms = 4.3829/4.4194, sse=794117.5/801885.8, time step reduction 3 of 3 to 0.062  0 0 1
026: dt: 0.1250, sse=794117.6, rms=4.383 (0.825%)
  maximum number of reductions reached, breaking from loop
positioning took 0.2 minutes
Iteration 2 =========================================
n_averages=4, current_sigma=0.5
Computing target border values 
Entering MRIScomputeBorderValues_new(): 
  inside_hi   =  92.3116610;
  border_hi   =  48.1851880;
  border_low  =  26.5555690;
  outside_low =  10.0000000;
  outside_hi  =  42.7777820;
  sigma = 0.5;
  max_thickness = 10;
  step_size=0.5;
  STEP_SIZE=0.1;
  which = 2
  thresh = 0
  flags = 0
  CBVfindFirstPeakD1=0
  CBVfindFirstPeakD2=0
  nvertices=131190
  Gdiag_no=-1
  vno start=0, stop=131190
Replacing 255s with 0s
#SI# sigma=0.5 had to be increased for 25511 vertices, nripped=5799
mean border=47.6, 3989 (57) missing vertices, mean dist 0.1 [0.2 (%39.5)->0.8 (%60.5))]
%15 local maxima, %13 large gradients and %64 min vals, 0 gradients ignored
nFirstPeakD1 0
MRIScomputeBorderValues_new() finished in 0.0017 min


Averaging target values for 5 iterations...
Positioning Surface: tspring = 0.3, nspring = 0.3, spring = 0, niters = 100 l_repulse = 0, l_surf_repulse = 5, checktol = 0
Positioning pial surface
Entering MRISpositionSurface()
  max_mm = 0.3
  MAX_REDUCTIONS = 2, REDUCTION_PCT = 0.5
  parms->check_tol = 0, niterations = 100
tol=1.0e-04, sigma=0.5, host=dna07, nav=4, nbrs=2, l_surf_repulse=5.000, l_tspring=0.300, l_nspring=0.300, l_intensity=0.200, l_curv=1.000
mom=0.00, dt=0.50
000: dt: 0.0000, sse=819382.2, rms=4.497
rms = 4.8206/4.4968, sse=893185.4/819382.2, time step reduction 1 of 3 to 0.250  0 1 1
   RMS increased, rejecting step
027: dt: 0.2500, sse=791823.6, rms=4.372 (2.780%)
rms = 4.4390/4.3718, sse=806385.9/791823.6, time step reduction 2 of 3 to 0.125  0 1 1
   RMS increased, rejecting step
rms = 4.3499/4.3718, sse=787187.4/791823.6, time step reduction 3 of 3 to 0.062  0 0 1
028: dt: 0.1250, sse=787187.4, rms=4.350 (0.501%)
  maximum number of reductions reached, breaking from loop
positioning took 0.2 minutes
Iteration 3 =========================================
n_averages=2, current_sigma=0.25
Computing target border values 
Entering MRIScomputeBorderValues_new(): 
  inside_hi   =  92.3116610;
  border_hi   =  48.1851880;
  border_low  =  26.5555690;
  outside_low =  10.0000000;
  outside_hi  =  42.7777820;
  sigma = 0.25;
  max_thickness = 10;
  step_size=0.5;
  STEP_SIZE=0.1;
  which = 2
  thresh = 0
  flags = 0
  CBVfindFirstPeakD1=0
  CBVfindFirstPeakD2=0
  nvertices=131190
  Gdiag_no=-1
  vno start=0, stop=131190
Replacing 255s with 0s
#SI# sigma=0.25 had to be increased for 18881 vertices, nripped=5799
mean border=47.2, 10779 (53) missing vertices, mean dist 0.1 [0.2 (%40.3)->0.6 (%59.7))]
%16 local maxima, %11 large gradients and %60 min vals, 0 gradients ignored
nFirstPeakD1 0
MRIScomputeBorderValues_new() finished in 0.0011 min


Averaging target values for 5 iterations...
Positioning Surface: tspring = 0.3, nspring = 0.3, spring = 0, niters = 100 l_repulse = 0, l_surf_repulse = 5, checktol = 0
Positioning pial surface
Entering MRISpositionSurface()
  max_mm = 0.3
  MAX_REDUCTIONS = 2, REDUCTION_PCT = 0.5
  parms->check_tol = 0, niterations = 100
tol=1.0e-04, sigma=0.2, host=dna07, nav=2, nbrs=2, l_surf_repulse=5.000, l_tspring=0.300, l_nspring=0.300, l_intensity=0.200, l_curv=1.000
mom=0.00, dt=0.50
000: dt: 0.0000, sse=806141.1, rms=4.434
rms = 4.4665/4.4338, sse=808089.6/806141.1, time step reduction 1 of 3 to 0.250  0 1 1
   RMS increased, rejecting step
029: dt: 0.2500, sse=768943.1, rms=4.265 (3.799%)
030: dt: 0.2500, sse=732025.0, rms=4.098 (3.913%)
rms = 4.0886/4.0985, sse=728611.8/732025.0, time step reduction 2 of 3 to 0.125  0 0 1
031: dt: 0.2500, sse=728611.9, rms=4.089 (0.240%)
032: dt: 0.1250, sse=682942.9, rms=3.858 (5.652%)
033: dt: 0.1250, sse=666552.8, rms=3.775 (2.153%)
rms = 3.7396/3.7745, sse=659605.2/666552.8, time step reduction 3 of 3 to 0.062  0 0 1
034: dt: 0.1250, sse=659605.2, rms=3.740 (0.925%)
  maximum number of reductions reached, breaking from loop
positioning took 0.4 minutes
Pinning medial wall to white surface
removing intersecting faces
000: 6 intersecting
001: 5 intersecting
terminating search with 0 intersecting


Writing output to ../surf/rh.pial.T1
#ET# mris_place_surface  2.79 minutes
#VMPC# mris_place_surfaces VmPeak  2351576
mris_place_surface done
#@# white curv rh Sat Mar 14 12:34:19 CET 2026
cd /out/sourcedata/freesurfer/sub-v2s9x29169_ses-1/mri
mris_place_surface --curv-map ../surf/rh.white 2 10 ../surf/rh.curv
insurf  ../surf/rh.white, nbrs 2, curvature_avgs 10
writing curvature file ../surf/rh.curv
#@# white area rh Sat Mar 14 12:34:20 CET 2026
cd /out/sourcedata/freesurfer/sub-v2s9x29169_ses-1/mri
mris_place_surface --area-map ../surf/rh.white ../surf/rh.area
writing curvature file ../surf/rh.area
#@# pial curv rh Sat Mar 14 12:34:21 CET 2026
cd /out/sourcedata/freesurfer/sub-v2s9x29169_ses-1/mri
mris_place_surface --curv-map ../surf/rh.pial 2 10 ../surf/rh.curv.pial
insurf  ../surf/rh.pial, nbrs 2, curvature_avgs 10
writing curvature file ../surf/rh.curv.pial
#@# pial area rh Sat Mar 14 12:34:22 CET 2026
cd /out/sourcedata/freesurfer/sub-v2s9x29169_ses-1/mri
mris_place_surface --area-map ../surf/rh.pial ../surf/rh.area.pial
writing curvature file ../surf/rh.area.pial
#@# thickness rh Sat Mar 14 12:34:23 CET 2026
cd /out/sourcedata/freesurfer/sub-v2s9x29169_ses-1/mri
mris_place_surface --thickness ../surf/rh.white ../surf/rh.pial 20 5 ../surf/rh.thickness
0 of 131190 vertices processed
25000 of 131190 vertices processed
50000 of 131190 vertices processed
75000 of 131190 vertices processed
100000 of 131190 vertices processed
125000 of 131190 vertices processed
0 of 131190 vertices processed
25000 of 131190 vertices processed
50000 of 131190 vertices processed
75000 of 131190 vertices processed
100000 of 131190 vertices processed
125000 of 131190 vertices processed
thickness calculation complete, 216:1164 truncations.
50190 vertices at 0 distance
103032 vertices at 1 distance
67290 vertices at 2 distance
26242 vertices at 3 distance
9468 vertices at 4 distance
3659 vertices at 5 distance
1315 vertices at 6 distance
474 vertices at 7 distance
211 vertices at 8 distance
121 vertices at 9 distance
75 vertices at 10 distance
53 vertices at 11 distance
48 vertices at 12 distance
37 vertices at 13 distance
26 vertices at 14 distance
21 vertices at 15 distance
13 vertices at 16 distance
33 vertices at 17 distance
22 vertices at 18 distance
13 vertices at 19 distance
37 vertices at 20 distance
writing curvature file ../surf/rh.thickness
#@# area and vertex vol rh Sat Mar 14 12:34:40 CET 2026
cd /out/sourcedata/freesurfer/sub-v2s9x29169_ses-1/mri
mris_place_surface --thickness ../surf/rh.white ../surf/rh.pial 20 5 ../surf/rh.thickness
/out/sourcedata/freesurfer/sub-v2s9x29169_ses-1/surf
mris_calc -o rh.area.mid rh.area add rh.area.pial
Saving result to 'rh.area.mid' (type = MRI_CURV_FILE)                       [ ok ]
mris_calc -o rh.area.mid rh.area.mid div 2
Saving result to 'rh.area.mid' (type = MRI_CURV_FILE)                       [ ok ]
mris_convert --volume sub-v2s9x29169_ses-1 rh /out/sourcedata/freesurfer/sub-v2s9x29169_ses-1/surf/rh.volume
masking with /out/sourcedata/freesurfer/sub-v2s9x29169_ses-1/label/rh.cortex.label
Total face volume 270673
Total vertex volume 270501 (mask=0)
#@# sub-v2s9x29169_ses-1 rh 270501
 
vertexvol Done

#-----------------------------------------
#@# Curvature Stats rh Sat Mar 14 12:34:42 CET 2026
/out/sourcedata/freesurfer/sub-v2s9x29169_ses-1/surf

 mris_curvature_stats -m --writeCurvatureFiles -G -o ../stats/rh.curv.stats -F smoothwm sub-v2s9x29169_ses-1 rh curv sulc 

             Toggling save flag on curvature files                       [ ok ]
                 Outputting results using filestem   [ ../stats/rh.curv.stats ]
             Toggling save flag on curvature files                       [ ok ]
                                   Setting surface [ sub-v2s9x29169_ses-1/rh.smoothwm ]
                                Reading surface...                       [ ok ]
                                   Setting texture                     [ curv ]
                                Reading texture...                       [ ok ]
                                   Setting texture                     [ sulc ]
                                Reading texture...Gb_filter = 0
                       [ ok ]
      Calculating Discrete Principal Curvatures...
      Determining geometric order for vno faces... [####################] [ ok ]
                      Determining KH curvatures... [####################] [ ok ]
                    Determining k1k2 curvatures... [####################] [ ok ]
                                   deltaViolations                      [ 248 ]
Gb_filter = 0

WARN:    S lookup   min:                          -0.058725
WARN:    S explicit min:                          0.000000	vertex = 6
#-----------------------------------------
#@# Cortical Parc 2 rh Sat Mar 14 12:34:43 CET 2026
/out/sourcedata/freesurfer/sub-v2s9x29169_ses-1/scripts

 mris_ca_label -l ../label/rh.cortex.label -aseg ../mri/aseg.presurf.mgz -seed 1234 sub-v2s9x29169_ses-1 rh ../surf/rh.sphere.reg /opt/freesurfer/average/rh.CDaparc.atlas.acfb40.noaparc.i12.2016-08-02.gcs ../label/rh.aparc.a2009s.annot 

setting seed for random number generator to 1234
using ../mri/aseg.presurf.mgz aseg volume to correct midline
7.3.2
  7.3.2
reading atlas from /opt/freesurfer/average/rh.CDaparc.atlas.acfb40.noaparc.i12.2016-08-02.gcs...
reading color table from GCSA file....
average std = 1.4   using min determinant for regularization = 0.021
0 singular and 0 ill-conditioned covariance matrices regularized
input 0: MEAN CURVATURE, flags 0, avgs 5, name mean_curvature
labeling surface...
64 labels changed using aseg
relabeling using gibbs priors...
000:   8472 changed, 131190 examined...
001:   1874 changed, 33378 examined...
002:    544 changed, 10109 examined...
003:    236 changed, 3144 examined...
004:    110 changed, 1397 examined...
005:     73 changed, 635 examined...
006:     24 changed, 405 examined...
007:     11 changed, 142 examined...
008:      8 changed, 66 examined...
009:      4 changed, 48 examined...
010:      1 changed, 25 examined...
011:      1 changed, 7 examined...
012:      1 changed, 6 examined...
013:      2 changed, 8 examined...
014:      0 changed, 12 examined...
7 labels changed using aseg
000: 231 total segments, 146 labels (1334 vertices) changed
001: 89 total segments, 4 labels (29 vertices) changed
002: 85 total segments, 0 labels (0 vertices) changed
10 filter iterations complete (10 requested, 36 changed)
rationalizing unknown annotations with cortex label
relabeling Medial_wall label...
1225 vertices marked for relabeling...
1225 labels changed in reclassification.
writing output to ../label/rh.aparc.a2009s.annot...
classification took 0 minutes and 9 seconds.
#-----------------------------------------
#@# Cortical Parc 3 rh Sat Mar 14 12:34:53 CET 2026
/out/sourcedata/freesurfer/sub-v2s9x29169_ses-1/scripts

 mris_ca_label -l ../label/rh.cortex.label -aseg ../mri/aseg.presurf.mgz -seed 1234 sub-v2s9x29169_ses-1 rh ../surf/rh.sphere.reg /opt/freesurfer/average/rh.DKTaparc.atlas.acfb40.noaparc.i12.2016-08-02.gcs ../label/rh.aparc.DKTatlas.annot 

setting seed for random number generator to 1234
using ../mri/aseg.presurf.mgz aseg volume to correct midline
7.3.2
  7.3.2
reading atlas from /opt/freesurfer/average/rh.DKTaparc.atlas.acfb40.noaparc.i12.2016-08-02.gcs...
reading color table from GCSA file....
average std = 0.9   using min determinant for regularization = 0.009
0 singular and 325 ill-conditioned covariance matrices regularized
input 0: MEAN CURVATURE, flags 0, avgs 5, name mean_curvature
labeling surface...
1476 labels changed using aseg
relabeling using gibbs priors...
000:   1973 changed, 131190 examined...
001:    452 changed, 9127 examined...
002:    123 changed, 2609 examined...
003:     40 changed, 755 examined...
004:     11 changed, 245 examined...
005:      6 changed, 77 examined...
006:      6 changed, 42 examined...
007:      5 changed, 33 examined...
008:      2 changed, 28 examined...
009:      0 changed, 9 examined...
175 labels changed using aseg
000: 49 total segments, 16 labels (54 vertices) changed
001: 33 total segments, 0 labels (0 vertices) changed
10 filter iterations complete (10 requested, 1 changed)
rationalizing unknown annotations with cortex label
relabeling unknown label...
relabeling corpuscallosum label...
1038 vertices marked for relabeling...
1038 labels changed in reclassification.
writing output to ../label/rh.aparc.DKTatlas.annot...
classification took 0 minutes and 7 seconds.
#-----------------------------------------
#@# WM/GM Contrast rh Sat Mar 14 12:35:00 CET 2026
/out/sourcedata/freesurfer/sub-v2s9x29169_ses-1/scripts

 pctsurfcon --s sub-v2s9x29169_ses-1 --rh-only 

Log file is /out/sourcedata/freesurfer/sub-v2s9x29169_ses-1/scripts/pctsurfcon.log
Sat Mar 14 12:35:00 CET 2026
setenv SUBJECTS_DIR /out/sourcedata/freesurfer
cd /out/sourcedata/freesurfer/sub-v2s9x29169_ses-1/scripts
/opt/freesurfer/bin/pctsurfcon
pctsurfcon 7.3.2
Linux dna078 5.14.0-427.37.1.el9_4.x86_64 #1 SMP PREEMPT_DYNAMIC Fri Sep 13 12:41:50 EDT 2024 x86_64 x86_64 x86_64 GNU/Linux
FREESURFER_HOME /opt/freesurfer
mri_vol2surf --mov /out/sourcedata/freesurfer/sub-v2s9x29169_ses-1/mri/rawavg.mgz --hemi rh --noreshape --interp trilinear --projdist -1 --o /out/sourcedata/freesurfer/sub-v2s9x29169_ses-1/surf/tmp.pctsurfcon.3518616/rh.wm.mgh --regheader sub-v2s9x29169_ses-1 --cortex
srcvol = /out/sourcedata/freesurfer/sub-v2s9x29169_ses-1/mri/rawavg.mgz
srcreg unspecified
srcregold = 0
srcwarp unspecified
surf = white
hemi = rh
ProjDist = -1
reshape = 0
interp = trilinear
float2int = round
GetProjMax = 0
INFO: float2int code = 0
Done loading volume
Computing registration from header.
  Using /out/sourcedata/freesurfer/sub-v2s9x29169_ses-1/mri/orig.mgz as target reference.
-------- original matrix -----------
-1.00000   0.00000   0.00000  -0.00002;
 0.00000   0.00000   1.00000   0.00000;
 0.00000  -1.00000   0.00000   0.00000;
 0.00000   0.00000   0.00000   1.00000;
-------- original matrix -----------
Loading label /out/sourcedata/freesurfer/sub-v2s9x29169_ses-1/label/rh.cortex.label
Reading surface /out/sourcedata/freesurfer/sub-v2s9x29169_ses-1/surf/rh.white
Done reading source surface
Mapping Source Volume onto Source Subject Surface
Projecting -1 -1 1
 1 -1 -1 -1
using old
Done mapping volume to surface
Number of source voxels hit = 68502
Masking with /out/sourcedata/freesurfer/sub-v2s9x29169_ses-1/label/rh.cortex.label
Writing to /out/sourcedata/freesurfer/sub-v2s9x29169_ses-1/surf/tmp.pctsurfcon.3518616/rh.wm.mgh
Dim: 131190 1 1
mri_vol2surf --mov /out/sourcedata/freesurfer/sub-v2s9x29169_ses-1/mri/rawavg.mgz --hemi rh --noreshape --interp trilinear --o /out/sourcedata/freesurfer/sub-v2s9x29169_ses-1/surf/tmp.pctsurfcon.3518616/rh.gm.mgh --projfrac 0.3 --regheader sub-v2s9x29169_ses-1 --cortex
srcvol = /out/sourcedata/freesurfer/sub-v2s9x29169_ses-1/mri/rawavg.mgz
srcreg unspecified
srcregold = 0
srcwarp unspecified
surf = white
hemi = rh
ProjFrac = 0.3
thickness = thickness
reshape = 0
interp = trilinear
float2int = round
GetProjMax = 0
INFO: float2int code = 0
Done loading volume
Computing registration from header.
  Using /out/sourcedata/freesurfer/sub-v2s9x29169_ses-1/mri/orig.mgz as target reference.
-------- original matrix -----------
-1.00000   0.00000   0.00000  -0.00002;
 0.00000   0.00000   1.00000   0.00000;
 0.00000  -1.00000   0.00000   0.00000;
 0.00000   0.00000   0.00000   1.00000;
-------- original matrix -----------
Loading label /out/sourcedata/freesurfer/sub-v2s9x29169_ses-1/label/rh.cortex.label
Reading surface /out/sourcedata/freesurfer/sub-v2s9x29169_ses-1/surf/rh.white
Done reading source surface
Reading thickness /out/sourcedata/freesurfer/sub-v2s9x29169_ses-1/surf/rh.thickness
Done
Mapping Source Volume onto Source Subject Surface
Projecting 0.3 0.3 1
 1 0.3 0.3 0.3
using old
Done mapping volume to surface
Number of source voxels hit = 79826
Masking with /out/sourcedata/freesurfer/sub-v2s9x29169_ses-1/label/rh.cortex.label
Writing to /out/sourcedata/freesurfer/sub-v2s9x29169_ses-1/surf/tmp.pctsurfcon.3518616/rh.gm.mgh
Dim: 131190 1 1
mri_concat /out/sourcedata/freesurfer/sub-v2s9x29169_ses-1/surf/tmp.pctsurfcon.3518616/rh.wm.mgh /out/sourcedata/freesurfer/sub-v2s9x29169_ses-1/surf/tmp.pctsurfcon.3518616/rh.gm.mgh --paired-diff-norm --mul 100 --o /out/sourcedata/freesurfer/sub-v2s9x29169_ses-1/surf/rh.w-g.pct.mgh
ninputs = 2
Checking inputs
nframestot = 2
Allocing output
Done allocing
Combining pairs
nframes = 1
Multiplying by 100.000000
Writing to /out/sourcedata/freesurfer/sub-v2s9x29169_ses-1/surf/rh.w-g.pct.mgh
mri_segstats --in /out/sourcedata/freesurfer/sub-v2s9x29169_ses-1/surf/rh.w-g.pct.mgh --annot sub-v2s9x29169_ses-1 rh aparc --sum /out/sourcedata/freesurfer/sub-v2s9x29169_ses-1/stats/rh.w-g.pct.stats --snr

7.3.2
cwd 
cmdline mri_segstats --in /out/sourcedata/freesurfer/sub-v2s9x29169_ses-1/surf/rh.w-g.pct.mgh --annot sub-v2s9x29169_ses-1 rh aparc --sum /out/sourcedata/freesurfer/sub-v2s9x29169_ses-1/stats/rh.w-g.pct.stats --snr 
sysname  Linux
hostname dna078
machine  x86_64
user     oesteban
whitesurfname  white
UseRobust  0
Constructing seg from annotation

Reading annotation /out/sourcedata/freesurfer/sub-v2s9x29169_ses-1/label/rh.aparc.annot
Seg base 2000
Loading /out/sourcedata/freesurfer/sub-v2s9x29169_ses-1/surf/rh.w-g.pct.mgh
Vertex Area is 0.706253 mm^3
Generating list of segmentation ids
Found  36 segmentations
Computing statistics for each segmentation

Reporting on  35 segmentations
Using PrintSegStat
mri_segstats done
Cleaning up

Started at Sat Mar 14 12:13:38 CET 2026 
Ended   at Sat Mar 14 12:35:02 CET 2026
#@#%# recon-all-run-time-hours 0.357
recon-all -s sub-v2s9x29169_ses-1 finished without error at Sat Mar 14 12:35:02 CET 2026



#New# invocation of recon-all 




Sat Mar 14 12:40:42 CET 2026
cd /out/sourcedata/freesurfer/sub-v2s9x29169_ses-1
setenv SUBJECTS_DIR /out/sourcedata/freesurfer
/opt/freesurfer/bin/recon-all -autorecon-hemi rh -nohyporelabel -rh-only -openmp 16 -subjid sub-v2s9x29169_ses-1 -sd /out/sourcedata/freesurfer -notessellate -nosmooth1 -noinflate1 -noqsphere -nofix -nowhite -nosmooth2 -noinflate2 -nocurvHK -nocurvstats -nosphere -nosurfreg -nojacobian_white -noavgcurv -nocortparc -nopial -nocortparc2 -nocortparc3 -nopctsurfcon

subjid sub-v2s9x29169_ses-1
setenv SUBJECTS_DIR /out/sourcedata/freesurfer
FREESURFER_HOME /opt/freesurfer
Actual FREESURFER_HOME /opt/freesurfer
build-stamp.txt: freesurfer-linux-ubuntu22_x86_64-7.3.2-20220804-6354275
Linux dna078 5.14.0-427.37.1.el9_4.x86_64 #1 SMP PREEMPT_DYNAMIC Fri Sep 13 12:41:50 EDT 2024 x86_64 x86_64 x86_64 GNU/Linux
cputime      unlimited
filesize     unlimited
datasize     unlimited
stacksize    8192 kbytes
coredumpsize 0 kbytes
memoryuse    67108864 kbytes
vmemoryuse   unlimited
descriptors  1024 
memorylocked unlimited
maxproc      2061970 
maxlocks     unlimited
maxsignal    2062029 
maxmessage   819200 
maxnice      0 
maxrtprio    0 
maxrttime    unlimited

               total        used        free      shared  buff/cache   available
Mem:           503Gi        52Gi       389Gi       9.1Gi        61Gi       438Gi
Swap:             0B          0B          0B

########################################
program versions used
7.3.2 (freesurfer-linux-ubuntu22_x86_64-7.3.2-20220804-6354275)
7.3.2

ProgramName: lta_convert  ProgramArguments: lta_convert -all-info  ProgramVersion: 7.3.2  TimeStamp: 2026/03/14-11:40:42-GMT  BuildTime: Aug  4 2022 06:17:15  BuildStamp: freesurfer-linux-ubuntu22_x86_64-7.3.2-20220804-6354275  User: oesteban  Machine: dna078  Platform: Linux  PlatformVersion: 5.14.0-427.37.1.el9_4.x86_64  CompilerName: GCC  CompilerVersion: 8.4.0
ProgramName: mri_and  ProgramArguments: mri_and -all-info  ProgramVersion: 7.3.2  TimeStamp: 2026/03/14-11:40:42-GMT  BuildTime: Aug  4 2022 06:17:15  BuildStamp: freesurfer-linux-ubuntu22_x86_64-7.3.2-20220804-6354275  User: oesteban  Machine: dna078  Platform: Linux  PlatformVersion: 5.14.0-427.37.1.el9_4.x86_64  CompilerName: GCC  CompilerVersion: 8.4.0
ProgramName: mri_annotation2label  ProgramArguments: mri_annotation2label -all-info  ProgramVersion: 7.3.2  TimeStamp: 2026/03/14-11:40:42-GMT  BuildTime: Aug  4 2022 06:17:15  BuildStamp: freesurfer-linux-ubuntu22_x86_64-7.3.2-20220804-6354275  User: oesteban  Machine: dna078  Platform: Linux  PlatformVersion: 5.14.0-427.37.1.el9_4.x86_64  CompilerName: GCC  CompilerVersion: 8.4.0
ProgramName: mri_aparc2aseg  ProgramArguments: mri_aparc2aseg -all-info  ProgramVersion: 7.3.2  TimeStamp: 2026/03/14-11:40:42-GMT  BuildTime: Aug  4 2022 06:17:15  BuildStamp: freesurfer-linux-ubuntu22_x86_64-7.3.2-20220804-6354275  User: oesteban  Machine: dna078  Platform: Linux  PlatformVersion: 5.14.0-427.37.1.el9_4.x86_64  CompilerName: GCC  CompilerVersion: 8.4.0
ProgramName: mri_surf2volseg  ProgramArguments: mri_surf2volseg -all-info  ProgramVersion: 7.3.2  TimeStamp: 2026/03/14-11:40:42-GMT  BuildTime: Aug  4 2022 06:17:15  BuildStamp: freesurfer-linux-ubuntu22_x86_64-7.3.2-20220804-6354275  User: oesteban  Machine: dna078  Platform: Linux  PlatformVersion: 5.14.0-427.37.1.el9_4.x86_64  CompilerName: GCC  CompilerVersion: 8.4.0
ProgramName: mri_binarize  ProgramArguments: mri_binarize -all-info  ProgramVersion: 7.3.2  TimeStamp: 2026/03/14-11:40:42-GMT  BuildTime: Aug  4 2022 06:17:15  BuildStamp: freesurfer-linux-ubuntu22_x86_64-7.3.2-20220804-6354275  User: oesteban  Machine: dna078  Platform: Linux  PlatformVersion: 5.14.0-427.37.1.el9_4.x86_64  CompilerName: GCC  CompilerVersion: 8.4.0
ProgramName: mri_ca_label  ProgramArguments: mri_ca_label -all-info  ProgramVersion: 7.3.2  TimeStamp: 2026/03/14-11:40:42-GMT  BuildTime: Aug  4 2022 06:17:15  BuildStamp: freesurfer-linux-ubuntu22_x86_64-7.3.2-20220804-6354275  User: oesteban  Machine: dna078  Platform: Linux  PlatformVersion: 5.14.0-427.37.1.el9_4.x86_64  CompilerName: GCC  CompilerVersion: 8.4.0
ProgramName: mri_ca_normalize  ProgramArguments: mri_ca_normalize -all-info  ProgramVersion: 7.3.2  TimeStamp: 2026/03/14-11:40:42-GMT  BuildTime: Aug  4 2022 06:17:15  BuildStamp: freesurfer-linux-ubuntu22_x86_64-7.3.2-20220804-6354275  User: oesteban  Machine: dna078  Platform: Linux  PlatformVersion: 5.14.0-427.37.1.el9_4.x86_64  CompilerName: GCC  CompilerVersion: 8.4.0
ProgramName: mri_ca_register  ProgramArguments: mri_ca_register -all-info  ProgramVersion: 7.3.2  TimeStamp: 2026/03/14-11:40:42-GMT  BuildTime: Aug  4 2022 06:17:15  BuildStamp: freesurfer-linux-ubuntu22_x86_64-7.3.2-20220804-6354275  User: oesteban  Machine: dna078  Platform: Linux  PlatformVersion: 5.14.0-427.37.1.el9_4.x86_64  CompilerName: GCC  CompilerVersion: 8.4.0
ProgramName: mri_cc  ProgramArguments: mri_cc -all-info  ProgramVersion: 7.3.2  TimeStamp: 2026/03/14-11:40:42-GMT  BuildTime: Aug  4 2022 06:17:15  BuildStamp: freesurfer-linux-ubuntu22_x86_64-7.3.2-20220804-6354275  User: oesteban  Machine: dna078  Platform: Linux  PlatformVersion: 5.14.0-427.37.1.el9_4.x86_64  CompilerName: GCC  CompilerVersion: 8.4.0
ProgramName: mri_compute_overlap  ProgramArguments: mri_compute_overlap -all-info  ProgramVersion: 7.3.2  TimeStamp: 2026/03/14-11:40:42-GMT  BuildTime: Aug  4 2022 06:17:15  BuildStamp: freesurfer-linux-ubuntu22_x86_64-7.3.2-20220804-6354275  User: oesteban  Machine: dna078  Platform: Linux  PlatformVersion: 5.14.0-427.37.1.el9_4.x86_64  CompilerName: GCC  CompilerVersion: 8.4.0
ProgramName: mri_compute_seg_overlap  ProgramArguments: mri_compute_seg_overlap -all-info  ProgramVersion: 7.3.2  TimeStamp: 2026/03/14-11:40:42-GMT  BuildTime: Aug  4 2022 06:17:15  BuildStamp: freesurfer-linux-ubuntu22_x86_64-7.3.2-20220804-6354275  User: oesteban  Machine: dna078  Platform: Linux  PlatformVersion: 5.14.0-427.37.1.el9_4.x86_64  CompilerName: GCC  CompilerVersion: 8.4.0
ProgramName: mri_concat  ProgramArguments: mri_concat -all-info  ProgramVersion: 7.3.2  TimeStamp: 2026/03/14-11:40:42-GMT  BuildTime: Aug  4 2022 06:17:15  BuildStamp: freesurfer-linux-ubuntu22_x86_64-7.3.2-20220804-6354275  User: oesteban  Machine: dna078  Platform: Linux  PlatformVersion: 5.14.0-427.37.1.el9_4.x86_64  CompilerName: GCC  CompilerVersion: 8.4.0
ProgramName: mri_concatenate_lta  ProgramArguments: mri_concatenate_lta -all-info  ProgramVersion: 7.3.2  TimeStamp: 2026/03/14-11:40:42-GMT  BuildTime: Aug  4 2022 06:17:15  BuildStamp: freesurfer-linux-ubuntu22_x86_64-7.3.2-20220804-6354275  User: oesteban  Machine: dna078  Platform: Linux  PlatformVersion: 5.14.0-427.37.1.el9_4.x86_64  CompilerName: GCC  CompilerVersion: 8.4.0
mri_convert -all-info 
ProgramName: mri_convert  ProgramArguments: mri_convert -all-info  ProgramVersion: 7.3.2  TimeStamp: 2026/03/14-11:40:42-GMT  BuildTime: Aug  4 2022 06:17:15  BuildStamp: freesurfer-linux-ubuntu22_x86_64-7.3.2-20220804-6354275  User: oesteban  Machine: dna078  Platform: Linux  PlatformVersion: 5.14.0-427.37.1.el9_4.x86_64  CompilerName: GCC  CompilerVersion: 8.4.0
ProgramName: mri_diff  ProgramArguments: mri_diff -all-info  ProgramVersion: 7.3.2  TimeStamp: 2026/03/14-11:40:42-GMT  BuildTime: Aug  4 2022 06:17:15  BuildStamp: freesurfer-linux-ubuntu22_x86_64-7.3.2-20220804-6354275  User: oesteban  Machine: dna078  Platform: Linux  PlatformVersion: 5.14.0-427.37.1.el9_4.x86_64  CompilerName: GCC  CompilerVersion: 8.4.0
ProgramName: mri_edit_wm_with_aseg  ProgramArguments: mri_edit_wm_with_aseg -all-info  ProgramVersion: 7.3.2  TimeStamp: 2026/03/14-11:40:42-GMT  BuildTime: Aug  4 2022 06:17:15  BuildStamp: freesurfer-linux-ubuntu22_x86_64-7.3.2-20220804-6354275  User: oesteban  Machine: dna078  Platform: Linux  PlatformVersion: 5.14.0-427.37.1.el9_4.x86_64  CompilerName: GCC  CompilerVersion: 8.4.0
ProgramName: mri_em_register  ProgramArguments: mri_em_register -all-info  ProgramVersion: 7.3.2  TimeStamp: 2026/03/14-11:40:42-GMT  BuildTime: Aug  4 2022 06:17:15  BuildStamp: freesurfer-linux-ubuntu22_x86_64-7.3.2-20220804-6354275  User: oesteban  Machine: dna078  Platform: Linux  PlatformVersion: 5.14.0-427.37.1.el9_4.x86_64  CompilerName: GCC  CompilerVersion: 8.4.0
ProgramName: mri_fill  ProgramArguments: mri_fill -all-info  ProgramVersion: 7.3.2  TimeStamp: 2026/03/14-11:40:42-GMT  BuildTime: Aug  4 2022 06:17:15  BuildStamp: freesurfer-linux-ubuntu22_x86_64-7.3.2-20220804-6354275  User: oesteban  Machine: dna078  Platform: Linux  PlatformVersion: 5.14.0-427.37.1.el9_4.x86_64  CompilerName: GCC  CompilerVersion: 8.4.0
ProgramName: mri_fuse_segmentations  ProgramArguments: mri_fuse_segmentations -all-info  ProgramVersion: 7.3.2  TimeStamp: 2026/03/14-11:40:42-GMT  BuildTime: Aug  4 2022 06:17:15  BuildStamp: freesurfer-linux-ubuntu22_x86_64-7.3.2-20220804-6354275  User: oesteban  Machine: dna078  Platform: Linux  PlatformVersion: 5.14.0-427.37.1.el9_4.x86_64  CompilerName: GCC  CompilerVersion: 8.4.0
ProgramName: mri_fwhm  ProgramArguments: mri_fwhm -all-info  ProgramVersion: 7.3.2  TimeStamp: 2026/03/14-11:40:42-GMT  BuildTime: Aug  4 2022 06:17:15  BuildStamp: freesurfer-linux-ubuntu22_x86_64-7.3.2-20220804-6354275  User: oesteban  Machine: dna078  Platform: Linux  PlatformVersion: 5.14.0-427.37.1.el9_4.x86_64  CompilerName: GCC  CompilerVersion: 8.4.0
ProgramName: mri_gcut  ProgramArguments: mri_gcut -all-info  ProgramVersion: 7.3.2  TimeStamp: 2026/03/14-11:40:42-GMT  BuildTime: Aug  4 2022 06:17:15  BuildStamp: freesurfer-linux-ubuntu22_x86_64-7.3.2-20220804-6354275  User: oesteban  Machine: dna078  Platform: Linux  PlatformVersion: 5.14.0-427.37.1.el9_4.x86_64  CompilerName: GCC  CompilerVersion: 8.4.0
ProgramName: mri_info  ProgramArguments: mri_info -all-info  ProgramVersion: 7.3.2  TimeStamp: 2026/03/14-11:40:42-GMT  BuildTime: Aug  4 2022 06:17:15  BuildStamp: freesurfer-linux-ubuntu22_x86_64-7.3.2-20220804-6354275  User: oesteban  Machine: dna078  Platform: Linux  PlatformVersion: 5.14.0-427.37.1.el9_4.x86_64  CompilerName: GCC  CompilerVersion: 8.4.0
ProgramName: mri_label2label  ProgramArguments: mri_label2label -all-info  ProgramVersion: 7.3.2  TimeStamp: 2026/03/14-11:40:42-GMT  BuildTime: Aug  4 2022 06:17:15  BuildStamp: freesurfer-linux-ubuntu22_x86_64-7.3.2-20220804-6354275  User: oesteban  Machine: dna078  Platform: Linux  PlatformVersion: 5.14.0-427.37.1.el9_4.x86_64  CompilerName: GCC  CompilerVersion: 8.4.0
ProgramName: mri_label2vol  ProgramArguments: mri_label2vol -all-info  ProgramVersion: 7.3.2  TimeStamp: 2026/03/14-11:40:42-GMT  BuildTime: Aug  4 2022 06:17:15  BuildStamp: freesurfer-linux-ubuntu22_x86_64-7.3.2-20220804-6354275  User: oesteban  Machine: dna078  Platform: Linux  PlatformVersion: 5.14.0-427.37.1.el9_4.x86_64  CompilerName: GCC  CompilerVersion: 8.4.0
ProgramName: mri_log_likelihood  ProgramArguments: mri_log_likelihood -all-info  ProgramVersion: 7.3.2  TimeStamp: 2026/03/14-11:40:42-GMT  BuildTime: Aug  4 2022 06:17:15  BuildStamp: freesurfer-linux-ubuntu22_x86_64-7.3.2-20220804-6354275  User: oesteban  Machine: dna078  Platform: Linux  PlatformVersion: 5.14.0-427.37.1.el9_4.x86_64  CompilerName: GCC  CompilerVersion: 8.4.0
ProgramName: mri_mask  ProgramArguments: mri_mask -all-info  ProgramVersion: 7.3.2  TimeStamp: 2026/03/14-11:40:42-GMT  BuildTime: Aug  4 2022 06:17:15  BuildStamp: freesurfer-linux-ubuntu22_x86_64-7.3.2-20220804-6354275  User: oesteban  Machine: dna078  Platform: Linux  PlatformVersion: 5.14.0-427.37.1.el9_4.x86_64  CompilerName: GCC  CompilerVersion: 8.4.0
ProgramName: mri_matrix_multiply  ProgramArguments: mri_matrix_multiply -all-info  ProgramVersion: 7.3.2  TimeStamp: 2026/03/14-11:40:42-GMT  BuildTime: Aug  4 2022 06:17:15  BuildStamp: freesurfer-linux-ubuntu22_x86_64-7.3.2-20220804-6354275  User: oesteban  Machine: dna078  Platform: Linux  PlatformVersion: 5.14.0-427.37.1.el9_4.x86_64  CompilerName: GCC  CompilerVersion: 8.4.0
ProgramName: mri_normalize  ProgramArguments: mri_normalize -all-info  ProgramVersion: 7.3.2  TimeStamp: 2026/03/14-11:40:42-GMT  BuildTime: Aug  4 2022 06:17:15  BuildStamp: freesurfer-linux-ubuntu22_x86_64-7.3.2-20220804-6354275  User: oesteban  Machine: dna078  Platform: Linux  PlatformVersion: 5.14.0-427.37.1.el9_4.x86_64  CompilerName: GCC  CompilerVersion: 8.4.0
ProgramName: mri_normalize_tp2  ProgramArguments: mri_normalize_tp2 -all-info  ProgramVersion: 7.3.2  TimeStamp: 2026/03/14-11:40:42-GMT  BuildTime: Aug  4 2022 06:17:15  BuildStamp: freesurfer-linux-ubuntu22_x86_64-7.3.2-20220804-6354275  User: oesteban  Machine: dna078  Platform: Linux  PlatformVersion: 5.14.0-427.37.1.el9_4.x86_64  CompilerName: GCC  CompilerVersion: 8.4.0
ProgramName: mri_or  ProgramArguments: mri_or -all-info  ProgramVersion: 7.3.2  TimeStamp: 2026/03/14-11:40:42-GMT  BuildTime: Aug  4 2022 06:17:15  BuildStamp: freesurfer-linux-ubuntu22_x86_64-7.3.2-20220804-6354275  User: oesteban  Machine: dna078  Platform: Linux  PlatformVersion: 5.14.0-427.37.1.el9_4.x86_64  CompilerName: GCC  CompilerVersion: 8.4.0
ProgramName: mri_relabel_hypointensities  ProgramArguments: mri_relabel_hypointensities -all-info  ProgramVersion: 7.3.2  TimeStamp: 2026/03/14-11:40:42-GMT  BuildTime: Aug  4 2022 06:17:15  BuildStamp: freesurfer-linux-ubuntu22_x86_64-7.3.2-20220804-6354275  User: oesteban  Machine: dna078  Platform: Linux  PlatformVersion: 5.14.0-427.37.1.el9_4.x86_64  CompilerName: GCC  CompilerVersion: 8.4.0
ProgramName: mri_relabel_nonwm_hypos  ProgramArguments: mri_relabel_nonwm_hypos -all-info  ProgramVersion: 7.3.2  TimeStamp: 2026/03/14-11:40:42-GMT  BuildTime: Aug  4 2022 06:17:15  BuildStamp: freesurfer-linux-ubuntu22_x86_64-7.3.2-20220804-6354275  User: oesteban  Machine: dna078  Platform: Linux  PlatformVersion: 5.14.0-427.37.1.el9_4.x86_64  CompilerName: GCC  CompilerVersion: 8.4.0
ProgramName: mri_remove_neck  ProgramArguments: mri_remove_neck -all-info  ProgramVersion: 7.3.2  TimeStamp: 2026/03/14-11:40:42-GMT  BuildTime: Aug  4 2022 06:17:15  BuildStamp: freesurfer-linux-ubuntu22_x86_64-7.3.2-20220804-6354275  User: oesteban  Machine: dna078  Platform: Linux  PlatformVersion: 5.14.0-427.37.1.el9_4.x86_64  CompilerName: GCC  CompilerVersion: 8.4.0
7.3.2

ProgramName: mri_robust_register  ProgramArguments: mri_robust_register -all-info  ProgramVersion: 7.3.2  TimeStamp: 2026/03/14-11:40:42-GMT  BuildTime: Aug  4 2022 06:17:15  BuildStamp: freesurfer-linux-ubuntu22_x86_64-7.3.2-20220804-6354275  User: oesteban  Machine: dna078  Platform: Linux  PlatformVersion: 5.14.0-427.37.1.el9_4.x86_64  CompilerName: GCC  CompilerVersion: 8.4.0
7.3.2

ProgramName: mri_robust_template  ProgramArguments: mri_robust_template -all-info  ProgramVersion: 7.3.2  TimeStamp: 2026/03/14-11:40:42-GMT  BuildTime: Aug  4 2022 06:17:15  BuildStamp: freesurfer-linux-ubuntu22_x86_64-7.3.2-20220804-6354275  User: oesteban  Machine: dna078  Platform: Linux  PlatformVersion: 5.14.0-427.37.1.el9_4.x86_64  CompilerName: GCC  CompilerVersion: 8.4.0
ProgramName: mris_anatomical_stats  ProgramArguments: mris_anatomical_stats -all-info  ProgramVersion: 7.3.2  TimeStamp: 2026/03/14-11:40:42-GMT  BuildTime: Aug  4 2022 06:17:15  BuildStamp: freesurfer-linux-ubuntu22_x86_64-7.3.2-20220804-6354275  User: oesteban  Machine: dna078  Platform: Linux  PlatformVersion: 5.14.0-427.37.1.el9_4.x86_64  CompilerName: GCC  CompilerVersion: 8.4.0
ProgramName: mris_ca_label  ProgramArguments: mris_ca_label -all-info  ProgramVersion: 7.3.2  TimeStamp: 2026/03/14-11:40:42-GMT  BuildTime: Aug  4 2022 06:17:15  BuildStamp: freesurfer-linux-ubuntu22_x86_64-7.3.2-20220804-6354275  User: oesteban  Machine: dna078  Platform: Linux  PlatformVersion: 5.14.0-427.37.1.el9_4.x86_64  CompilerName: GCC  CompilerVersion: 8.4.0
ProgramName: mris_calc  ProgramArguments: mris_calc -all-info  ProgramVersion: 7.3.2  TimeStamp: 2026/03/14-11:40:42-GMT  BuildTime: Aug  4 2022 06:17:15  BuildStamp: freesurfer-linux-ubuntu22_x86_64-7.3.2-20220804-6354275  User: oesteban  Machine: dna078  Platform: Linux  PlatformVersion: 5.14.0-427.37.1.el9_4.x86_64  CompilerName: GCC  CompilerVersion: 8.4.0
ProgramName: mris_convert  ProgramArguments: mris_convert -all-info  ProgramVersion: 7.3.2  TimeStamp: 2026/03/14-11:40:42-GMT  BuildTime: Aug  4 2022 06:17:15  BuildStamp: freesurfer-linux-ubuntu22_x86_64-7.3.2-20220804-6354275  User: oesteban  Machine: dna078  Platform: Linux  PlatformVersion: 5.14.0-427.37.1.el9_4.x86_64  CompilerName: GCC  CompilerVersion: 8.4.0
ProgramName: mris_curvature  ProgramArguments: mris_curvature -all-info  ProgramVersion: 7.3.2  TimeStamp: 2026/03/14-11:40:42-GMT  BuildTime: Aug  4 2022 06:17:15  BuildStamp: freesurfer-linux-ubuntu22_x86_64-7.3.2-20220804-6354275  User: oesteban  Machine: dna078  Platform: Linux  PlatformVersion: 5.14.0-427.37.1.el9_4.x86_64  CompilerName: GCC  CompilerVersion: 8.4.0
ProgramName: mris_curvature_stats  ProgramArguments: mris_curvature_stats -all-info  ProgramVersion: 7.3.2  TimeStamp: 2026/03/14-11:40:42-GMT  BuildTime: Aug  4 2022 06:17:15  BuildStamp: freesurfer-linux-ubuntu22_x86_64-7.3.2-20220804-6354275  User: oesteban  Machine: dna078  Platform: Linux  PlatformVersion: 5.14.0-427.37.1.el9_4.x86_64  CompilerName: GCC  CompilerVersion: 8.4.0
ProgramName: mris_diff  ProgramArguments: mris_diff -all-info  ProgramVersion: 7.3.2  TimeStamp: 2026/03/14-11:40:42-GMT  BuildTime: Aug  4 2022 06:17:15  BuildStamp: freesurfer-linux-ubuntu22_x86_64-7.3.2-20220804-6354275  User: oesteban  Machine: dna078  Platform: Linux  PlatformVersion: 5.14.0-427.37.1.el9_4.x86_64  CompilerName: GCC  CompilerVersion: 8.4.0
ProgramName: mris_divide_parcellation  ProgramArguments: mris_divide_parcellation -all-info  ProgramVersion: 7.3.2  TimeStamp: 2026/03/14-11:40:42-GMT  BuildTime: Aug  4 2022 06:17:15  BuildStamp: freesurfer-linux-ubuntu22_x86_64-7.3.2-20220804-6354275  User: oesteban  Machine: dna078  Platform: Linux  PlatformVersion: 5.14.0-427.37.1.el9_4.x86_64  CompilerName: GCC  CompilerVersion: 8.4.0
ProgramName: mri_segment  ProgramArguments: mri_segment -all-info  ProgramVersion: 7.3.2  TimeStamp: 2026/03/14-11:40:42-GMT  BuildTime: Aug  4 2022 06:17:15  BuildStamp: freesurfer-linux-ubuntu22_x86_64-7.3.2-20220804-6354275  User: oesteban  Machine: dna078  Platform: Linux  PlatformVersion: 5.14.0-427.37.1.el9_4.x86_64  CompilerName: GCC  CompilerVersion: 8.4.0
ProgramName: mri_segstats  ProgramArguments: mri_segstats -all-info  ProgramVersion: 7.3.2  TimeStamp: 2026/03/14-11:40:42-GMT  BuildTime: Aug  4 2022 06:17:15  BuildStamp: freesurfer-linux-ubuntu22_x86_64-7.3.2-20220804-6354275  User: oesteban  Machine: dna078  Platform: Linux  PlatformVersion: 5.14.0-427.37.1.el9_4.x86_64  CompilerName: GCC  CompilerVersion: 8.4.0
ProgramName: mris_euler_number  ProgramArguments: mris_euler_number -all-info  ProgramVersion: 7.3.2  TimeStamp: 2026/03/14-11:40:42-GMT  BuildTime: Aug  4 2022 06:17:15  BuildStamp: freesurfer-linux-ubuntu22_x86_64-7.3.2-20220804-6354275  User: oesteban  Machine: dna078  Platform: Linux  PlatformVersion: 5.14.0-427.37.1.el9_4.x86_64  CompilerName: GCC  CompilerVersion: 8.4.0
ProgramName: mris_fix_topology  ProgramArguments: mris_fix_topology -all-info  ProgramVersion: 7.3.2  TimeStamp: 2026/03/14-11:40:42-GMT  BuildTime: Aug  4 2022 06:17:15  BuildStamp: freesurfer-linux-ubuntu22_x86_64-7.3.2-20220804-6354275  User: oesteban  Machine: dna078  Platform: Linux  PlatformVersion: 5.14.0-427.37.1.el9_4.x86_64  CompilerName: GCC  CompilerVersion: 8.4.0
ProgramName: mris_topo_fixer  ProgramArguments: mris_topo_fixer -all-info  ProgramVersion: 7.3.2  TimeStamp: 2026/03/14-11:40:42-GMT  BuildTime: Aug  4 2022 06:17:15  BuildStamp: freesurfer-linux-ubuntu22_x86_64-7.3.2-20220804-6354275  User: oesteban  Machine: dna078  Platform: Linux  PlatformVersion: 5.14.0-427.37.1.el9_4.x86_64  CompilerName: GCC  CompilerVersion: 8.4.0
ProgramName: mris_jacobian  ProgramArguments: mris_jacobian -all-info  ProgramVersion: 7.3.2  TimeStamp: 2026/03/14-11:40:42-GMT  BuildTime: Aug  4 2022 06:17:15  BuildStamp: freesurfer-linux-ubuntu22_x86_64-7.3.2-20220804-6354275  User: oesteban  Machine: dna078  Platform: Linux  PlatformVersion: 5.14.0-427.37.1.el9_4.x86_64  CompilerName: GCC  CompilerVersion: 8.4.0
ProgramName: mris_label2annot  ProgramArguments: mris_label2annot -all-info  ProgramVersion: 7.3.2  TimeStamp: 2026/03/14-11:40:42-GMT  BuildTime: Aug  4 2022 06:17:15  BuildStamp: freesurfer-linux-ubuntu22_x86_64-7.3.2-20220804-6354275  User: oesteban  Machine: dna078  Platform: Linux  PlatformVersion: 5.14.0-427.37.1.el9_4.x86_64  CompilerName: GCC  CompilerVersion: 8.4.0
ProgramName: mris_left_right_register  ProgramArguments: mris_left_right_register -all-info  ProgramVersion: 7.3.2  TimeStamp: 2026/03/14-11:40:42-GMT  BuildTime: Aug  4 2022 06:17:15  BuildStamp: freesurfer-linux-ubuntu22_x86_64-7.3.2-20220804-6354275  User: oesteban  Machine: dna078  Platform: Linux  PlatformVersion: 5.14.0-427.37.1.el9_4.x86_64  CompilerName: GCC  CompilerVersion: 8.4.0
ProgramName: mris_place_surface  ProgramArguments: mris_place_surface -all-info  ProgramVersion: 7.3.2  TimeStamp: 2026/03/14-11:40:42-GMT  BuildTime: Aug  4 2022 06:17:15  BuildStamp: freesurfer-linux-ubuntu22_x86_64-7.3.2-20220804-6354275  User: oesteban  Machine: dna078  Platform: Linux  PlatformVersion: 5.14.0-427.37.1.el9_4.x86_64  CompilerName: GCC  CompilerVersion: 8.4.0
ProgramName: mrisp_paint  ProgramArguments: mrisp_paint -all-info  ProgramVersion: 7.3.2  TimeStamp: 2026/03/14-11:40:42-GMT  BuildTime: Aug  4 2022 06:17:15  BuildStamp: freesurfer-linux-ubuntu22_x86_64-7.3.2-20220804-6354275  User: oesteban  Machine: dna078  Platform: Linux  PlatformVersion: 5.14.0-427.37.1.el9_4.x86_64  CompilerName: GCC  CompilerVersion: 8.4.0
ProgramName: mris_register  ProgramArguments: mris_register -all-info  ProgramVersion: 7.3.2  TimeStamp: 2026/03/14-11:40:42-GMT  BuildTime: Aug  4 2022 06:17:15  BuildStamp: freesurfer-linux-ubuntu22_x86_64-7.3.2-20220804-6354275  User: oesteban  Machine: dna078  Platform: Linux  PlatformVersion: 5.14.0-427.37.1.el9_4.x86_64  CompilerName: GCC  CompilerVersion: 8.4.0
ProgramName: mris_smooth  ProgramArguments: mris_smooth -all-info  ProgramVersion: 7.3.2  TimeStamp: 2026/03/14-11:40:42-GMT  BuildTime: Aug  4 2022 06:17:15  BuildStamp: freesurfer-linux-ubuntu22_x86_64-7.3.2-20220804-6354275  User: oesteban  Machine: dna078  Platform: Linux  PlatformVersion: 5.14.0-427.37.1.el9_4.x86_64  CompilerName: GCC  CompilerVersion: 8.4.0
ProgramName: mris_sphere  ProgramArguments: mris_sphere -all-info  ProgramVersion: 7.3.2  TimeStamp: 2026/03/14-11:40:42-GMT  BuildTime: Aug  4 2022 06:17:15  BuildStamp: freesurfer-linux-ubuntu22_x86_64-7.3.2-20220804-6354275  User: oesteban  Machine: dna078  Platform: Linux  PlatformVersion: 5.14.0-427.37.1.el9_4.x86_64  CompilerName: GCC  CompilerVersion: 8.4.0
ProgramName: mris_surface_stats  ProgramArguments: mris_surface_stats -all-info  ProgramVersion: 7.3.2  TimeStamp: 2026/03/14-11:40:42-GMT  BuildTime: Aug  4 2022 06:17:15  BuildStamp: freesurfer-linux-ubuntu22_x86_64-7.3.2-20220804-6354275  User: oesteban  Machine: dna078  Platform: Linux  PlatformVersion: 5.14.0-427.37.1.el9_4.x86_64  CompilerName: GCC  CompilerVersion: 8.4.0
ProgramName: mri_stats2seg  ProgramArguments: mri_stats2seg -all-info  ProgramVersion: 7.3.2  TimeStamp: 2026/03/14-11:40:42-GMT  BuildTime: Aug  4 2022 06:17:15  BuildStamp: freesurfer-linux-ubuntu22_x86_64-7.3.2-20220804-6354275  User: oesteban  Machine: dna078  Platform: Linux  PlatformVersion: 5.14.0-427.37.1.el9_4.x86_64  CompilerName: GCC  CompilerVersion: 8.4.0
ProgramName: mris_thickness  ProgramArguments: mris_thickness -all-info  ProgramVersion: 7.3.2  TimeStamp: 2026/03/14-11:40:42-GMT  BuildTime: Aug  4 2022 06:17:15  BuildStamp: freesurfer-linux-ubuntu22_x86_64-7.3.2-20220804-6354275  User: oesteban  Machine: dna078  Platform: Linux  PlatformVersion: 5.14.0-427.37.1.el9_4.x86_64  CompilerName: GCC  CompilerVersion: 8.4.0
ProgramName: mris_thickness_diff  ProgramArguments: mris_thickness_diff -all-info  ProgramVersion: 7.3.2  TimeStamp: 2026/03/14-11:40:42-GMT  BuildTime: Aug  4 2022 06:17:15  BuildStamp: freesurfer-linux-ubuntu22_x86_64-7.3.2-20220804-6354275  User: oesteban  Machine: dna078  Platform: Linux  PlatformVersion: 5.14.0-427.37.1.el9_4.x86_64  CompilerName: GCC  CompilerVersion: 8.4.0
ProgramName: mris_topo_fixer  ProgramArguments: mris_topo_fixer -all-info  ProgramVersion: 7.3.2  TimeStamp: 2026/03/14-11:40:42-GMT  BuildTime: Aug  4 2022 06:17:15  BuildStamp: freesurfer-linux-ubuntu22_x86_64-7.3.2-20220804-6354275  User: oesteban  Machine: dna078  Platform: Linux  PlatformVersion: 5.14.0-427.37.1.el9_4.x86_64  CompilerName: GCC  CompilerVersion: 8.4.0
ProgramName: mri_surf2surf  ProgramArguments: mri_surf2surf -all-info  ProgramVersion: 7.3.2  TimeStamp: 2026/03/14-11:40:42-GMT  BuildTime: Aug  4 2022 06:17:15  BuildStamp: freesurfer-linux-ubuntu22_x86_64-7.3.2-20220804-6354275  User: oesteban  Machine: dna078  Platform: Linux  PlatformVersion: 5.14.0-427.37.1.el9_4.x86_64  CompilerName: GCC  CompilerVersion: 8.4.0
ProgramName: mri_surf2vol  ProgramArguments: mri_surf2vol -all-info  ProgramVersion: 7.3.2  TimeStamp: 2026/03/14-11:40:42-GMT  BuildTime: Aug  4 2022 06:17:15  BuildStamp: freesurfer-linux-ubuntu22_x86_64-7.3.2-20220804-6354275  User: oesteban  Machine: dna078  Platform: Linux  PlatformVersion: 5.14.0-427.37.1.el9_4.x86_64  CompilerName: GCC  CompilerVersion: 8.4.0
ProgramName: mri_surfcluster  ProgramArguments: mri_surfcluster -all-info  ProgramVersion: 7.3.2  TimeStamp: 2026/03/14-11:40:42-GMT  BuildTime: Aug  4 2022 06:17:15  BuildStamp: freesurfer-linux-ubuntu22_x86_64-7.3.2-20220804-6354275  User: oesteban  Machine: dna078  Platform: Linux  PlatformVersion: 5.14.0-427.37.1.el9_4.x86_64  CompilerName: GCC  CompilerVersion: 8.4.0
ProgramName: mris_volmask  ProgramArguments: mris_volmask -all-info  ProgramVersion: 7.3.2  TimeStamp: 2026/03/14-11:40:42-GMT  BuildTime: Aug  4 2022 06:17:15  BuildStamp: freesurfer-linux-ubuntu22_x86_64-7.3.2-20220804-6354275  User: oesteban  Machine: dna078  Platform: Linux  PlatformVersion: 5.14.0-427.37.1.el9_4.x86_64  CompilerName: GCC  CompilerVersion: 8.4.0
ProgramName: mri_tessellate  ProgramArguments: mri_tessellate -all-info  ProgramVersion: 7.3.2  TimeStamp: 2026/03/14-11:40:42-GMT  BuildTime: Aug  4 2022 06:17:15  BuildStamp: freesurfer-linux-ubuntu22_x86_64-7.3.2-20220804-6354275  User: oesteban  Machine: dna078  Platform: Linux  PlatformVersion: 5.14.0-427.37.1.el9_4.x86_64  CompilerName: GCC  CompilerVersion: 8.4.0
ProgramName: mri_vol2surf  ProgramArguments: mri_vol2surf -all-info  ProgramVersion: 7.3.2  TimeStamp: 2026/03/14-11:40:42-GMT  BuildTime: Aug  4 2022 06:17:15  BuildStamp: freesurfer-linux-ubuntu22_x86_64-7.3.2-20220804-6354275  User: oesteban  Machine: dna078  Platform: Linux  PlatformVersion: 5.14.0-427.37.1.el9_4.x86_64  CompilerName: GCC  CompilerVersion: 8.4.0
ProgramName: mri_vol2vol  ProgramArguments: mri_vol2vol -all-info  ProgramVersion: 7.3.2  TimeStamp: 2026/03/14-11:40:42-GMT  BuildTime: Aug  4 2022 06:17:15  BuildStamp: freesurfer-linux-ubuntu22_x86_64-7.3.2-20220804-6354275  User: oesteban  Machine: dna078  Platform: Linux  PlatformVersion: 5.14.0-427.37.1.el9_4.x86_64  CompilerName: GCC  CompilerVersion: 8.4.0
ProgramName: mri_voldiff  ProgramArguments: mri_voldiff -all-info  ProgramVersion: 7.3.2  TimeStamp: 2026/03/14-11:40:42-GMT  BuildTime: Aug  4 2022 06:17:15  BuildStamp: freesurfer-linux-ubuntu22_x86_64-7.3.2-20220804-6354275  User: oesteban  Machine: dna078  Platform: Linux  PlatformVersion: 5.14.0-427.37.1.el9_4.x86_64  CompilerName: GCC  CompilerVersion: 8.4.0
ProgramName: mri_watershed  ProgramArguments: mri_watershed -all-info  ProgramVersion: 7.3.2  TimeStamp: 2026/03/14-11:40:42-GMT  BuildTime: Aug  4 2022 06:17:15  BuildStamp: freesurfer-linux-ubuntu22_x86_64-7.3.2-20220804-6354275  User: oesteban  Machine: dna078  Platform: Linux  PlatformVersion: 5.14.0-427.37.1.el9_4.x86_64  CompilerName: GCC  CompilerVersion: 8.4.0
ProgramName: tkregister2  ProgramArguments: tkregister2_cmdl -all-info  ProgramVersion: 7.3.2  TimeStamp: 2026/03/14-11:40:42-GMT  BuildTime: Aug  4 2022 06:17:15  BuildStamp: freesurfer-linux-ubuntu22_x86_64-7.3.2-20220804-6354275  User: oesteban  Machine: dna078  Platform: Linux  PlatformVersion: 5.14.0-427.37.1.el9_4.x86_64  CompilerName: GCC  CompilerVersion: 8.4.0
mri_motion_correct.fsl 7.3.2
mri_convert -all-info 
ProgramName: mri_convert  ProgramArguments: mri_convert -all-info  ProgramVersion: 7.3.2  TimeStamp: 2026/03/14-11:40:42-GMT  BuildTime: Aug  4 2022 06:17:15  BuildStamp: freesurfer-linux-ubuntu22_x86_64-7.3.2-20220804-6354275  User: oesteban  Machine: dna078  Platform: Linux  PlatformVersion: 5.14.0-427.37.1.el9_4.x86_64  CompilerName: GCC  CompilerVersion: 8.4.0
Program nu_correct, built from:
Package MNI N3, version 1.12.0, compiled by nicks@terrier (x86_64-unknown-linux-gnu) on 2015-06-19 at 01:25:34
#######################################
GCADIR /opt/freesurfer/average
GCA RB_all_2020-01-02.gca
GCASkull RB_all_withskull_2020_01_02.gca
AvgCurvTif folding.atlas.acfb40.noaparc.i12.2016-08-02.tif
GCSDIR /opt/freesurfer/average
GCS DKaparc.atlas.acfb40.noaparc.i12.2016-08-02.gcs
#######################################
#--------------------------------------------
#@# AutoDetGWStats rh Sat Mar 14 12:40:42 CET 2026
cd /out/sourcedata/freesurfer/sub-v2s9x29169_ses-1/mri
mris_autodet_gwstats --o ../surf/autodet.gw.stats.rh.dat --i brain.finalsurfs.mgz --wm wm.mgz --surf ../surf/rh.orig.premesh
  Update not needed
#--------------------------------------------
#@# WhitePreAparc rh Sat Mar 14 12:40:42 CET 2026
cd /out/sourcedata/freesurfer/sub-v2s9x29169_ses-1/mri
mris_place_surface --adgws-in ../surf/autodet.gw.stats.rh.dat --wm wm.mgz --threads 16 --invol brain.finalsurfs.mgz --rh --i ../surf/rh.orig --o ../surf/rh.white.preaparc --white --seg aseg.presurf.mgz --nsmooth 5
   Update not needed
#--------------------------------------------
#@# CortexLabel rh Sat Mar 14 12:40:42 CET 2026
cd /out/sourcedata/freesurfer/sub-v2s9x29169_ses-1/mri
mri_label2label --label-cortex ../surf/rh.white.preaparc aseg.presurf.mgz 0 ../label/rh.cortex.label
   Update not needed
#--------------------------------------------
#@# CortexLabel+HipAmyg rh Sat Mar 14 12:40:42 CET 2026
cd /out/sourcedata/freesurfer/sub-v2s9x29169_ses-1/mri
mri_label2label --label-cortex ../surf/rh.white.preaparc aseg.presurf.mgz 1 ../label/rh.cortex+hipamyg.label
   Update not needed
#@# white curv rh Sat Mar 14 12:40:42 CET 2026
cd /out/sourcedata/freesurfer/sub-v2s9x29169_ses-1/mri
mris_place_surface --curv-map ../surf/rh.white 2 10 ../surf/rh.curv
   Update not needed
#@# white area rh Sat Mar 14 12:40:42 CET 2026
cd /out/sourcedata/freesurfer/sub-v2s9x29169_ses-1/mri
mris_place_surface --area-map ../surf/rh.white ../surf/rh.area
   Update not needed
#@# pial curv rh Sat Mar 14 12:40:42 CET 2026
cd /out/sourcedata/freesurfer/sub-v2s9x29169_ses-1/mri
mris_place_surface --curv-map ../surf/rh.pial 2 10 ../surf/rh.curv.pial
   Update not needed
#@# pial area rh Sat Mar 14 12:40:42 CET 2026
cd /out/sourcedata/freesurfer/sub-v2s9x29169_ses-1/mri
mris_place_surface --area-map ../surf/rh.pial ../surf/rh.area.pial
   Update not needed
#@# thickness rh Sat Mar 14 12:40:42 CET 2026
cd /out/sourcedata/freesurfer/sub-v2s9x29169_ses-1/mri
mris_place_surface --thickness ../surf/rh.white ../surf/rh.pial 20 5 ../surf/rh.thickness
   Update not needed
#@# area and vertex vol rh Sat Mar 14 12:40:42 CET 2026
cd /out/sourcedata/freesurfer/sub-v2s9x29169_ses-1/mri
mris_place_surface --thickness ../surf/rh.white ../surf/rh.pial 20 5 ../surf/rh.thickness
   Update not needed
#-----------------------------------------
#@# Parcellation Stats rh Sat Mar 14 12:40:42 CET 2026
/out/sourcedata/freesurfer/sub-v2s9x29169_ses-1/scripts

 mris_anatomical_stats -th3 -mgz -noglobal -cortex ../label/rh.cortex.label -f ../stats/rh.aparc.stats -b -a ../label/rh.aparc.annot -c ../label/aparc.annot.ctab sub-v2s9x29169_ses-1 rh white 

computing statistics for each annotation in ../label/rh.aparc.annot.
reading volume /out/sourcedata/freesurfer/sub-v2s9x29169_ses-1/mri/wm.mgz...
reading input surface /out/sourcedata/freesurfer/sub-v2s9x29169_ses-1/surf/rh.white...
reading input pial surface /out/sourcedata/freesurfer/sub-v2s9x29169_ses-1/surf/rh.pial...
reading input white surface /out/sourcedata/freesurfer/sub-v2s9x29169_ses-1/surf/rh.white...
INFO: using TH3 volume calc
INFO: assuming MGZ format for volumes.
INFO: not computing global stats
INFO: using ../label/rh.cortex.label as mask to calc cortex NumVert, SurfArea and MeanThickness.
Using TH3 vertex volume calc
Total face volume 270673
Total vertex volume 270501 (mask=0)
Saving annotation colortable ../label/aparc.annot.ctab

table columns are:
    number of vertices
    total surface area (mm^2)
    total gray matter volume (mm^3)
    average cortical thickness +- standard deviation (mm)
    integrated rectified mean curvature
    integrated rectified Gaussian curvature
    folding index
    intrinsic curvature index
    structure name

 1765   1197   3095  2.717 0.568     0.093     0.015       12     1.1  bankssts
 1168    853   2152  2.152 0.775     0.115     0.020       15     1.2  caudalanteriorcingulate
 3139   2140   7206  2.985 0.529     0.102     0.016       26     2.1  caudalmiddlefrontal
 2309   1793   4302  2.135 0.599     0.158     0.034       38     3.3  cuneus
  572    431   1470  2.883 0.741     0.126     0.032        5     0.7  entorhinal
 3369   2412   6622  2.510 0.652     0.117     0.022       42     3.4  fusiform
 7443   5284  17959  2.923 0.578     0.109     0.020       79     6.3  inferiorparietal
 3854   2567   6467  2.456 0.729     0.107     0.023       46     3.7  inferiortemporal
 1373    960   2891  2.371 0.951     0.111     0.024       15     1.1  isthmuscingulate
 6791   4797  12526  2.446 0.630     0.126     0.028       84     7.4  lateraloccipital
 3480   2545   8557  3.064 0.830     0.131     0.030       44     4.2  lateralorbitofrontal
 4073   3313   9162  2.383 0.610     0.151     0.039       77     6.0  lingual
 2792   2074   6118  2.565 0.903     0.129     0.032       42     3.8  medialorbitofrontal
 4779   3387  11674  2.937 0.672     0.105     0.019       49     3.7  middletemporal
  821    571   1503  2.363 0.690     0.109     0.023        8     0.6  parahippocampal
 2347   1590   5292  2.964 0.564     0.106     0.021       18     2.0  paracentral
 2110   1532   4226  2.524 0.643     0.108     0.020       21     1.7  parsopercularis
 1073    804   3358  3.263 0.661     0.137     0.026       17     1.2  parsorbitalis
 2154   1550   5098  2.789 0.628     0.112     0.021       33     1.7  parstriangularis
 2202   1642   3325  2.161 0.756     0.126     0.028       20     2.7  pericalcarine
 5837   4000  10151  2.255 0.672     0.100     0.017       48     3.8  postcentral
 1596   1137   2987  2.404 0.848     0.123     0.020       19     1.5  posteriorcingulate
 7597   5148  15632  2.787 0.542     0.100     0.016       56     5.1  precentral
 6049   4350  13693  2.810 0.594     0.119     0.023       70     5.9  precuneus
  729    556   1542  2.552 0.713     0.123     0.024        8     0.8  rostralanteriorcingulate
 9169   6743  23204  2.883 0.580     0.116     0.024      109     8.7  rostralmiddlefrontal
11158   7926  28764  3.113 0.679     0.112     0.022      106    10.3  superiorfrontal
 7873   5653  17046  2.618 0.529     0.122     0.023       92     7.9  superiorparietal
 5699   3853  12896  2.842 0.702     0.093     0.017       47     3.8  superiortemporal
 5428   3896  11424  2.665 0.632     0.120     0.023       60     5.5  supramarginal
  422    361   1523  3.162 0.581     0.167     0.038       11     0.7  frontalpole
  597    441   1586  2.691 1.105     0.140     0.041       12     0.9  temporalpole
  487    321    972  2.710 0.774     0.097     0.018        3     0.3  transversetemporal
 3199   2169   6076  2.924 0.737     0.104     0.023       28     2.7  insula

 mris_anatomical_stats -th3 -mgz -noglobal -cortex ../label/rh.cortex.label -f ../stats/rh.aparc.pial.stats -b -a ../label/rh.aparc.annot -c ../label/aparc.annot.ctab sub-v2s9x29169_ses-1 rh pial 

computing statistics for each annotation in ../label/rh.aparc.annot.
reading volume /out/sourcedata/freesurfer/sub-v2s9x29169_ses-1/mri/wm.mgz...
reading input surface /out/sourcedata/freesurfer/sub-v2s9x29169_ses-1/surf/rh.pial...
reading input pial surface /out/sourcedata/freesurfer/sub-v2s9x29169_ses-1/surf/rh.pial...
reading input white surface /out/sourcedata/freesurfer/sub-v2s9x29169_ses-1/surf/rh.white...
INFO: using TH3 volume calc
INFO: assuming MGZ format for volumes.
INFO: not computing global stats
INFO: using ../label/rh.cortex.label as mask to calc cortex NumVert, SurfArea and MeanThickness.
Using TH3 vertex volume calc
Total face volume 270673
Total vertex volume 270501 (mask=0)
Saving annotation colortable ../label/aparc.annot.ctab

table columns are:
    number of vertices
    total surface area (mm^2)
    total gray matter volume (mm^3)
    average cortical thickness +- standard deviation (mm)
    integrated rectified mean curvature
    integrated rectified Gaussian curvature
    folding index
    intrinsic curvature index
    structure name

 1765   1175   3095  2.717 0.568     0.189     0.052     8777     3.6  bankssts
 1168   1156   2152  2.152 0.775     0.188     0.049       52     2.3  caudalanteriorcingulate
 3139   2566   7206  2.985 0.529     0.143     0.030     2468     4.4  caudalmiddlefrontal
 2309   2402   4302  2.135 0.599     0.192     0.048       71     4.9  cuneus
  572    669   1470  2.883 0.741     0.250     0.079       13     2.7  entorhinal
 3369   2971   6622  2.510 0.652     0.160     0.040      101     5.8  fusiform
 7443   7000  17959  2.923 0.578     0.163     0.039      142    12.8  inferiorparietal
 3854   2830   6467  2.456 0.729     0.139     0.037      117     6.3  inferiortemporal
 1373   1385   2891  2.371 0.951     0.193     0.058      103     3.0  isthmuscingulate
 6791   5808  12526  2.446 0.630     0.146     0.036      208    10.1  lateraloccipital
 3480   3239   8557  3.064 0.830     0.202     0.061      115     9.6  lateralorbitofrontal
 4073   4591   9162  2.383 0.610     0.207     0.052      118     8.7  lingual
 2792   2786   6118  2.565 0.903     0.201     0.054       72     6.8  medialorbitofrontal
 4779   4657  11674  2.937 0.672     0.163     0.040       71     8.9  middletemporal
  821    805   1503  2.363 0.690     0.242     0.085       22     3.4  parahippocampal
 2347   2007   5292  2.964 0.564     0.156     0.048       43     4.4  paracentral
 2110   2033   4226  2.524 0.643     0.175     0.043      114     4.1  parsopercularis
 1073   1250   3358  3.263 0.661     0.205     0.044       32     2.1  parsorbitalis
 2154   2126   5098  2.789 0.628     0.186     0.042       77     4.5  parstriangularis
 2202   1638   3325  2.161 0.756     0.193     0.064      164     5.6  pericalcarine
 5837   5137  10151  2.255 0.672     0.154     0.036      138     9.6  postcentral
 1596   1352   2987  2.404 0.848     0.165     0.045       78     2.9  posteriorcingulate
 7597   5987  15632  2.787 0.542     0.127     0.033      365     9.9  precentral
 6049   5325  13693  2.810 0.594     0.166     0.044      160    11.1  precuneus
  729    635   1542  2.552 0.713     0.173     0.051       37     1.5  rostralanteriorcingulate
 9169   9042  23204  2.883 0.580     0.164     0.036      218    14.0  rostralmiddlefrontal
11158  10598  28764  3.113 0.679     0.170     0.042      249    20.7  superiorfrontal
 7873   7287  17046  2.618 0.529     0.151     0.033      167    11.2  superiorparietal
 5699   5319  12896  2.842 0.702     0.185     0.048      126    12.2  superiortemporal
 5428   4813  11424  2.665 0.632     0.170     0.045      123    10.9  supramarginal
  422    609   1523  3.162 0.581     0.236     0.051        9     1.0  frontalpole
  597    678   1586  2.691 1.105     0.211     0.051       12     1.4  temporalpole
  487    434    972  2.710 0.774     0.172     0.055        6     1.2  transversetemporal
 3199   2081   6076  2.924 0.737     0.155     0.055      102     7.0  insula
#-----------------------------------------
#@# Parcellation Stats 2 rh Sat Mar 14 12:40:56 CET 2026
/out/sourcedata/freesurfer/sub-v2s9x29169_ses-1/scripts

 mris_anatomical_stats -th3 -mgz -noglobal -cortex ../label/rh.cortex.label -f ../stats/rh.aparc.a2009s.stats -b -a ../label/rh.aparc.a2009s.annot -c ../label/aparc.annot.a2009s.ctab sub-v2s9x29169_ses-1 rh white 

computing statistics for each annotation in ../label/rh.aparc.a2009s.annot.
reading volume /out/sourcedata/freesurfer/sub-v2s9x29169_ses-1/mri/wm.mgz...
reading input surface /out/sourcedata/freesurfer/sub-v2s9x29169_ses-1/surf/rh.white...
reading input pial surface /out/sourcedata/freesurfer/sub-v2s9x29169_ses-1/surf/rh.pial...
reading input white surface /out/sourcedata/freesurfer/sub-v2s9x29169_ses-1/surf/rh.white...
INFO: using TH3 volume calc
INFO: assuming MGZ format for volumes.
INFO: not computing global stats
INFO: using ../label/rh.cortex.label as mask to calc cortex NumVert, SurfArea and MeanThickness.
Using TH3 vertex volume calc
Total face volume 270673
Total vertex volume 270501 (mask=0)
Saving annotation colortable ../label/aparc.annot.a2009s.ctab

table columns are:
    number of vertices
    total surface area (mm^2)
    total gray matter volume (mm^3)
    average cortical thickness +- standard deviation (mm)
    integrated rectified mean curvature
    integrated rectified Gaussian curvature
    folding index
    intrinsic curvature index
    structure name

  891    681   2522  2.900 0.576     0.126     0.026       15     0.9  G_and_S_frontomargin
 1111    799   1978  2.322 0.687     0.126     0.032       14     1.2  G_and_S_occipital_inf
 1406   1012   3762  2.885 0.626     0.129     0.025       16     1.4  G_and_S_paracentral
 1253    920   2696  2.539 0.569     0.132     0.024       16     1.1  G_and_S_subcentral
 1043    851   3609  3.183 0.615     0.142     0.035       18     1.3  G_and_S_transv_frontopol
 2782   1988   5548  2.875 0.614     0.108     0.022       26     2.7  G_and_S_cingul-Ant
 1415    990   2763  2.812 0.591     0.104     0.020       12     1.2  G_and_S_cingul-Mid-Ant
 1499   1051   2636  2.696 0.602     0.112     0.021       11     1.3  G_and_S_cingul-Mid-Post
  480    369   1705  3.324 0.651     0.159     0.035       11     0.5  G_cingul-Post-dorsal
  296    228    922  2.685 0.985     0.122     0.031        4     0.3  G_cingul-Post-ventral
 2193   1768   4274  2.106 0.670     0.166     0.037       38     3.6  G_cuneus
 1680   1285   4022  2.440 0.657     0.132     0.028       26     1.7  G_front_inf-Opercular
  379    288   1359  3.100 0.742     0.141     0.031        9     0.5  G_front_inf-Orbital
  810    638   2546  2.882 0.726     0.139     0.031       23     1.0  G_front_inf-Triangul
 4050   3137  14224  3.193 0.554     0.134     0.028       69     4.5  G_front_middle
 7148   5232  22460  3.275 0.696     0.125     0.027       89     7.7  G_front_sup
  621    450   1448  3.022 0.976     0.108     0.028        8     0.5  G_Ins_lg_and_S_cent_ins
  695    487   1810  2.969 0.940     0.116     0.034        9     0.7  G_insular_short
 1849   1378   5445  2.880 0.498     0.131     0.027       32     1.9  G_occipital_middle
 1559   1098   3467  2.479 0.662     0.122     0.024       21     1.4  G_occipital_sup
 1348   1045   3485  2.603 0.661     0.142     0.032       26     2.0  G_oc-temp_lat-fusifor
 2474   2185   6591  2.410 0.617     0.172     0.046       57     4.3  G_oc-temp_med-Lingual
 1225    883   2866  2.536 0.809     0.133     0.037       16     1.7  G_oc-temp_med-Parahip
 2263   1744   7736  3.197 0.851     0.139     0.033       37     2.8  G_orbital
 3005   2288   9736  3.100 0.692     0.136     0.029       52     3.5  G_pariet_inf-Angular
 2712   2006   7047  2.818 0.644     0.137     0.027       41     3.2  G_pariet_inf-Supramar
 2522   1953   7170  2.779 0.553     0.143     0.029       44     3.6  G_parietal_sup
 1970   1360   4050  2.291 0.682     0.114     0.020       22     1.5  G_postcentral
 2608   1831   7426  2.962 0.529     0.109     0.019       27     2.0  G_precentral
 2547   1944   8209  3.016 0.657     0.141     0.031       47     3.3  G_precuneus
  690    621   2436  2.883 0.884     0.171     0.042       18     1.6  G_rectus
  604    438    567  1.546 0.712     0.167     0.065       12     1.5  G_subcallosal
  486    319   1030  2.560 0.721     0.113     0.026        5     0.5  G_temp_sup-G_T_transv
 1902   1331   6121  3.112 0.707     0.118     0.024       25     1.9  G_temp_sup-Lateral
  804    552   1511  2.503 0.937     0.080     0.018        4     0.6  G_temp_sup-Plan_polar
  877    605   1692  2.550 0.633     0.070     0.009        4     0.2  G_temp_sup-Plan_tempo
 1844   1277   3428  2.296 0.809     0.116     0.031       32     2.2  G_temporal_inf
 2556   1911   8067  3.028 0.743     0.123     0.025       38     2.5  G_temporal_middle
  466    304    620  2.446 0.348     0.081     0.010        2     0.1  Lat_Fis-ant-Horizont
  116     81    263  2.690 0.524     0.070     0.009        0     0.0  Lat_Fis-ant-Vertical
 1368    884   1940  2.792 0.668     0.094     0.014        7     0.8  Lat_Fis-post
 3000   2206   5723  2.272 0.676     0.154     0.041       53     4.7  Pole_occipital
 1332    951   3071  2.565 0.931     0.138     0.038       24     1.8  Pole_temporal
 2516   1758   3720  2.291 0.750     0.107     0.024       19     2.6  S_calcarine
 3170   2064   3827  2.146 0.586     0.078     0.012       12     1.5  S_central
 1389    970   2328  2.711 0.477     0.108     0.018       10     1.1  S_cingul-Marginalis
  574    379    897  2.808 0.673     0.091     0.015        2     0.4  S_circular_insula_ant
 1137    729   1652  2.684 0.628     0.071     0.009        4     0.5  S_circular_insula_inf
 1595   1045   2456  3.022 0.530     0.092     0.014        6     1.1  S_circular_insula_sup
 1200    785   1908  2.667 0.596     0.076     0.008        4     0.4  S_collat_transv_ant
  513    328    683  2.765 0.409     0.112     0.022        3     0.5  S_collat_transv_post
 2480   1587   3746  2.714 0.375     0.090     0.013       14     1.4  S_front_inf
 2339   1690   4316  2.617 0.534     0.103     0.019       17     1.9  S_front_middle
 3164   2106   5416  2.777 0.447     0.091     0.014       17     2.0  S_front_sup
  695    472    981  2.517 0.436     0.103     0.020        4     0.6  S_interm_prim-Jensen
 3315   2251   5212  2.516 0.429     0.095     0.015       18     2.2  S_intrapariet_and_P_trans
 1020    671   1378  2.529 0.454     0.094     0.014        4     0.7  S_oc_middle_and_Lunatus
 1439    965   2110  2.479 0.393     0.100     0.017        8     1.1  S_oc_sup_and_transversal
  633    412    941  2.728 0.466     0.090     0.016        3     0.4  S_occipital_ant
  956    638   1493  2.488 0.561     0.099     0.016        6     0.7  S_oc-temp_lat
 1521   1077   2422  2.430 0.541     0.108     0.014       12     0.9  S_oc-temp_med_and_Lingual
  367    278    752  3.005 0.366     0.130     0.025        3     0.4  S_orbital_lateral
  512    360    890  2.633 0.817     0.108     0.017        4     0.3  S_orbital_med-olfact
 1440   1018   3103  3.314 0.632     0.116     0.020       12     1.4  S_orbital-H_Shaped
 2376   1625   3650  2.525 0.519     0.104     0.017       18     1.7  S_parieto_occipital
 1531    971   1249  1.475 0.447     0.093     0.013       15     0.9  S_pericallosal
 2416   1620   3586  2.518 0.515     0.102     0.016       16     1.8  S_postcentral
 1677   1095   2851  2.775 0.452     0.079     0.009        8     0.6  S_precentral-inf-part
 1783   1154   2813  2.873 0.402     0.094     0.015        8     1.1  S_precentral-sup-part
  353    239    505  2.415 0.482     0.100     0.010        2     0.2  S_suborbital
 1231    876   2191  2.766 0.432     0.111     0.023        8     1.1  S_subparietal
 1327    882   1934  2.642 0.523     0.099     0.014        9     0.8  S_temporal_inf
 6660   4409  11068  2.805 0.529     0.084     0.013       34     3.7  S_temporal_sup
  246    173    443  2.870 0.458     0.104     0.014        2     0.1  S_temporal_transverse
#-----------------------------------------
#@# Parcellation Stats 3 rh Sat Mar 14 12:41:03 CET 2026
/out/sourcedata/freesurfer/sub-v2s9x29169_ses-1/scripts

 mris_anatomical_stats -th3 -mgz -noglobal -cortex ../label/rh.cortex.label -f ../stats/rh.aparc.DKTatlas.stats -b -a ../label/rh.aparc.DKTatlas.annot -c ../label/aparc.annot.DKTatlas.ctab sub-v2s9x29169_ses-1 rh white 

computing statistics for each annotation in ../label/rh.aparc.DKTatlas.annot.
reading volume /out/sourcedata/freesurfer/sub-v2s9x29169_ses-1/mri/wm.mgz...
reading input surface /out/sourcedata/freesurfer/sub-v2s9x29169_ses-1/surf/rh.white...
reading input pial surface /out/sourcedata/freesurfer/sub-v2s9x29169_ses-1/surf/rh.pial...
reading input white surface /out/sourcedata/freesurfer/sub-v2s9x29169_ses-1/surf/rh.white...
INFO: using TH3 volume calc
INFO: assuming MGZ format for volumes.
INFO: not computing global stats
INFO: using ../label/rh.cortex.label as mask to calc cortex NumVert, SurfArea and MeanThickness.
Using TH3 vertex volume calc
Total face volume 270673
Total vertex volume 270501 (mask=0)
Saving annotation colortable ../label/aparc.annot.DKTatlas.ctab

table columns are:
    number of vertices
    total surface area (mm^2)
    total gray matter volume (mm^3)
    average cortical thickness +- standard deviation (mm)
    integrated rectified mean curvature
    integrated rectified Gaussian curvature
    folding index
    intrinsic curvature index
    structure name

 1243    909   2277  2.185 0.791     0.116     0.020       15     1.3  caudalanteriorcingulate
 3292   2231   7611  3.008 0.526     0.103     0.016       26     2.4  caudalmiddlefrontal
 2882   2195   5300  2.181 0.604     0.147     0.031       42     3.9  cuneus
  540    403   1343  2.812 0.708     0.126     0.032        5     0.7  entorhinal
 3141   2282   6368  2.515 0.628     0.118     0.022       40     3.1  fusiform
 7474   5303  18043  2.922 0.575     0.110     0.020       80     6.4  inferiorparietal
 4181   2779   6947  2.462 0.736     0.108     0.024       48     4.1  inferiortemporal
 1342    935   2825  2.386 0.950     0.109     0.023       14     1.0  isthmuscingulate
 6777   4794  12588  2.442 0.630     0.126     0.029       86     7.5  lateraloccipital
 3792   2795   9914  3.061 0.822     0.128     0.029       52     4.5  lateralorbitofrontal
 4027   3260   8992  2.379 0.610     0.150     0.039       75     6.0  lingual
 1877   1467   4425  2.544 0.938     0.140     0.034       31     3.0  medialorbitofrontal
 5857   4128  13555  2.901 0.660     0.103     0.018       57     4.3  middletemporal
  859    593   1565  2.368 0.696     0.110     0.023        9     0.7  parahippocampal
 2465   1674   5525  2.947 0.573     0.109     0.022       20     2.3  paracentral
 2439   1768   4835  2.522 0.619     0.111     0.020       25     2.1  parsopercularis
 1025    754   2950  3.137 0.708     0.128     0.026       14     1.1  parsorbitalis
 2107   1497   4862  2.832 0.606     0.109     0.021       30     1.7  parstriangularis
 2163   1618   3329  2.185 0.757     0.126     0.027       20     2.5  pericalcarine
 6352   4370  11051  2.265 0.659     0.101     0.017       53     4.2  postcentral
 1770   1252   3250  2.383 0.825     0.122     0.021       22     1.6  posteriorcingulate
 7273   4944  15150  2.773 0.547     0.100     0.017       56     4.9  precentral
 6106   4462  14365  2.826 0.597     0.123     0.025       74     6.3  precuneus
 1045    758   1872  2.483 0.918     0.120     0.030       11     1.3  rostralanteriorcingulate
 6538   4772  16565  2.920 0.581     0.118     0.024       76     6.4  rostralmiddlefrontal
14220  10248  36748  3.065 0.655     0.114     0.023      149    13.1  superiorfrontal
 6614   4721  14205  2.622 0.518     0.121     0.022       76     6.6  superiorparietal
 7657   5238  17020  2.793 0.729     0.101     0.021       73     6.4  superiortemporal
 5007   3547  10302  2.665 0.650     0.118     0.022       54     4.8  supramarginal
  481    318    964  2.715 0.781     0.098     0.017        3     0.3  transversetemporal
 2908   1977   5749  3.009 0.702     0.098     0.019       22     1.9  insula
/out/sourcedata/freesurfer/sub-v2s9x29169_ses-1/label
#--------------------------------------------
#@# BA_exvivo Labels rh Sat Mar 14 12:41:10 CET 2026

 mri_label2label --srcsubject fsaverage --srclabel /out/sourcedata/freesurfer/fsaverage/label/rh.BA1_exvivo.label --trgsubject sub-v2s9x29169_ses-1 --trglabel ./rh.BA1_exvivo.label --hemi rh --regmethod surface 


srclabel = /out/sourcedata/freesurfer/fsaverage/label/rh.BA1_exvivo.label
srcsubject = fsaverage
trgsubject = sub-v2s9x29169_ses-1
trglabel = ./rh.BA1_exvivo.label
regmethod = surface

srchemi = rh
trghemi = rh
trgsurface = white
srcsurfreg = sphere.reg
trgsurfreg = sphere.reg
usehash = 1
Use ProjAbs  = 0, 0
Use ProjFrac = 0, 0
DoPaint 0

SUBJECTS_DIR    /out/sourcedata/freesurfer
FREESURFER_HOME /opt/freesurfer
Loading source label.
Found 3962 points in source label.
Starting surface-based mapping
Reading source registration 
 /out/sourcedata/freesurfer/fsaverage/surf/rh.sphere.reg
Rescaling ...  original radius = 100
Reading target surface 
 /out/sourcedata/freesurfer/sub-v2s9x29169_ses-1/surf/rh.white
Reading target registration 
 /out/sourcedata/freesurfer/sub-v2s9x29169_ses-1/surf/rh.sphere.reg
Rescaling ...  original radius = 100
Building target registration hash (res=16).
Building source registration hash (res=16).
INFO: found  3962 nlabel points
Performing mapping from target back to the source label 131190
Number of reverse mapping hits = 92
Checking for and removing duplicates
Writing label file ./rh.BA1_exvivo.label 4054
mri_label2label: Done


 mri_label2label --srcsubject fsaverage --srclabel /out/sourcedata/freesurfer/fsaverage/label/rh.BA2_exvivo.label --trgsubject sub-v2s9x29169_ses-1 --trglabel ./rh.BA2_exvivo.label --hemi rh --regmethod surface 


srclabel = /out/sourcedata/freesurfer/fsaverage/label/rh.BA2_exvivo.label
srcsubject = fsaverage
trgsubject = sub-v2s9x29169_ses-1
trglabel = ./rh.BA2_exvivo.label
regmethod = surface

srchemi = rh
trghemi = rh
trgsurface = white
srcsurfreg = sphere.reg
trgsurfreg = sphere.reg
usehash = 1
Use ProjAbs  = 0, 0
Use ProjFrac = 0, 0
DoPaint 0

SUBJECTS_DIR    /out/sourcedata/freesurfer
FREESURFER_HOME /opt/freesurfer
Loading source label.
Found 6687 points in source label.
Starting surface-based mapping
Reading source registration 
 /out/sourcedata/freesurfer/fsaverage/surf/rh.sphere.reg
Rescaling ...  original radius = 100
Reading target surface 
 /out/sourcedata/freesurfer/sub-v2s9x29169_ses-1/surf/rh.white
Reading target registration 
 /out/sourcedata/freesurfer/sub-v2s9x29169_ses-1/surf/rh.sphere.reg
Rescaling ...  original radius = 100
Building target registration hash (res=16).
Building source registration hash (res=16).
INFO: found  6687 nlabel points
Performing mapping from target back to the source label 131190
Number of reverse mapping hits = 97
Checking for and removing duplicates
Writing label file ./rh.BA2_exvivo.label 6784
mri_label2label: Done


 mri_label2label --srcsubject fsaverage --srclabel /out/sourcedata/freesurfer/fsaverage/label/rh.BA3a_exvivo.label --trgsubject sub-v2s9x29169_ses-1 --trglabel ./rh.BA3a_exvivo.label --hemi rh --regmethod surface 


srclabel = /out/sourcedata/freesurfer/fsaverage/label/rh.BA3a_exvivo.label
srcsubject = fsaverage
trgsubject = sub-v2s9x29169_ses-1
trglabel = ./rh.BA3a_exvivo.label
regmethod = surface

srchemi = rh
trghemi = rh
trgsurface = white
srcsurfreg = sphere.reg
trgsurfreg = sphere.reg
usehash = 1
Use ProjAbs  = 0, 0
Use ProjFrac = 0, 0
DoPaint 0

SUBJECTS_DIR    /out/sourcedata/freesurfer
FREESURFER_HOME /opt/freesurfer
Loading source label.
Found 3980 points in source label.
Starting surface-based mapping
Reading source registration 
 /out/sourcedata/freesurfer/fsaverage/surf/rh.sphere.reg
Rescaling ...  original radius = 100
Reading target surface 
 /out/sourcedata/freesurfer/sub-v2s9x29169_ses-1/surf/rh.white
Reading target registration 
 /out/sourcedata/freesurfer/sub-v2s9x29169_ses-1/surf/rh.sphere.reg
Rescaling ...  original radius = 100
Building target registration hash (res=16).
Building source registration hash (res=16).
INFO: found  3980 nlabel points
Performing mapping from target back to the source label 131190
Number of reverse mapping hits = 42
Checking for and removing duplicates
Writing label file ./rh.BA3a_exvivo.label 4022
mri_label2label: Done


 mri_label2label --srcsubject fsaverage --srclabel /out/sourcedata/freesurfer/fsaverage/label/rh.BA3b_exvivo.label --trgsubject sub-v2s9x29169_ses-1 --trglabel ./rh.BA3b_exvivo.label --hemi rh --regmethod surface 


srclabel = /out/sourcedata/freesurfer/fsaverage/label/rh.BA3b_exvivo.label
srcsubject = fsaverage
trgsubject = sub-v2s9x29169_ses-1
trglabel = ./rh.BA3b_exvivo.label
regmethod = surface

srchemi = rh
trghemi = rh
trgsurface = white
srcsurfreg = sphere.reg
trgsurfreg = sphere.reg
usehash = 1
Use ProjAbs  = 0, 0
Use ProjFrac = 0, 0
DoPaint 0

SUBJECTS_DIR    /out/sourcedata/freesurfer
FREESURFER_HOME /opt/freesurfer
Loading source label.
Found 4522 points in source label.
Starting surface-based mapping
Reading source registration 
 /out/sourcedata/freesurfer/fsaverage/surf/rh.sphere.reg
Rescaling ...  original radius = 100
Reading target surface 
 /out/sourcedata/freesurfer/sub-v2s9x29169_ses-1/surf/rh.white
Reading target registration 
 /out/sourcedata/freesurfer/sub-v2s9x29169_ses-1/surf/rh.sphere.reg
Rescaling ...  original radius = 100
Building target registration hash (res=16).
Building source registration hash (res=16).
INFO: found  4522 nlabel points
Performing mapping from target back to the source label 131190
Number of reverse mapping hits = 106
Checking for and removing duplicates
Writing label file ./rh.BA3b_exvivo.label 4628
mri_label2label: Done


 mri_label2label --srcsubject fsaverage --srclabel /out/sourcedata/freesurfer/fsaverage/label/rh.BA4a_exvivo.label --trgsubject sub-v2s9x29169_ses-1 --trglabel ./rh.BA4a_exvivo.label --hemi rh --regmethod surface 


srclabel = /out/sourcedata/freesurfer/fsaverage/label/rh.BA4a_exvivo.label
srcsubject = fsaverage
trgsubject = sub-v2s9x29169_ses-1
trglabel = ./rh.BA4a_exvivo.label
regmethod = surface

srchemi = rh
trghemi = rh
trgsurface = white
srcsurfreg = sphere.reg
trgsurfreg = sphere.reg
usehash = 1
Use ProjAbs  = 0, 0
Use ProjFrac = 0, 0
DoPaint 0

SUBJECTS_DIR    /out/sourcedata/freesurfer
FREESURFER_HOME /opt/freesurfer
Loading source label.
Found 5747 points in source label.
Starting surface-based mapping
Reading source registration 
 /out/sourcedata/freesurfer/fsaverage/surf/rh.sphere.reg
Rescaling ...  original radius = 100
Reading target surface 
 /out/sourcedata/freesurfer/sub-v2s9x29169_ses-1/surf/rh.white
Reading target registration 
 /out/sourcedata/freesurfer/sub-v2s9x29169_ses-1/surf/rh.sphere.reg
Rescaling ...  original radius = 100
Building target registration hash (res=16).
Building source registration hash (res=16).
INFO: found  5747 nlabel points
Performing mapping from target back to the source label 131190
Number of reverse mapping hits = 78
Checking for and removing duplicates
Writing label file ./rh.BA4a_exvivo.label 5825
mri_label2label: Done


 mri_label2label --srcsubject fsaverage --srclabel /out/sourcedata/freesurfer/fsaverage/label/rh.BA4p_exvivo.label --trgsubject sub-v2s9x29169_ses-1 --trglabel ./rh.BA4p_exvivo.label --hemi rh --regmethod surface 


srclabel = /out/sourcedata/freesurfer/fsaverage/label/rh.BA4p_exvivo.label
srcsubject = fsaverage
trgsubject = sub-v2s9x29169_ses-1
trglabel = ./rh.BA4p_exvivo.label
regmethod = surface

srchemi = rh
trghemi = rh
trgsurface = white
srcsurfreg = sphere.reg
trgsurfreg = sphere.reg
usehash = 1
Use ProjAbs  = 0, 0
Use ProjFrac = 0, 0
DoPaint 0

SUBJECTS_DIR    /out/sourcedata/freesurfer
FREESURFER_HOME /opt/freesurfer
Loading source label.
Found 4473 points in source label.
Starting surface-based mapping
Reading source registration 
 /out/sourcedata/freesurfer/fsaverage/surf/rh.sphere.reg
Rescaling ...  original radius = 100
Reading target surface 
 /out/sourcedata/freesurfer/sub-v2s9x29169_ses-1/surf/rh.white
Reading target registration 
 /out/sourcedata/freesurfer/sub-v2s9x29169_ses-1/surf/rh.sphere.reg
Rescaling ...  original radius = 100
Building target registration hash (res=16).
Building source registration hash (res=16).
INFO: found  4473 nlabel points
Performing mapping from target back to the source label 131190
Number of reverse mapping hits = 32
Checking for and removing duplicates
Writing label file ./rh.BA4p_exvivo.label 4505
mri_label2label: Done


 mri_label2label --srcsubject fsaverage --srclabel /out/sourcedata/freesurfer/fsaverage/label/rh.BA6_exvivo.label --trgsubject sub-v2s9x29169_ses-1 --trglabel ./rh.BA6_exvivo.label --hemi rh --regmethod surface 


srclabel = /out/sourcedata/freesurfer/fsaverage/label/rh.BA6_exvivo.label
srcsubject = fsaverage
trgsubject = sub-v2s9x29169_ses-1
trglabel = ./rh.BA6_exvivo.label
regmethod = surface

srchemi = rh
trghemi = rh
trgsurface = white
srcsurfreg = sphere.reg
trgsurfreg = sphere.reg
usehash = 1
Use ProjAbs  = 0, 0
Use ProjFrac = 0, 0
DoPaint 0

SUBJECTS_DIR    /out/sourcedata/freesurfer
FREESURFER_HOME /opt/freesurfer
Loading source label.
Found 12256 points in source label.
Starting surface-based mapping
Reading source registration 
 /out/sourcedata/freesurfer/fsaverage/surf/rh.sphere.reg
Rescaling ...  original radius = 100
Reading target surface 
 /out/sourcedata/freesurfer/sub-v2s9x29169_ses-1/surf/rh.white
Reading target registration 
 /out/sourcedata/freesurfer/sub-v2s9x29169_ses-1/surf/rh.sphere.reg
Rescaling ...  original radius = 100
Building target registration hash (res=16).
Building source registration hash (res=16).
INFO: found  12256 nlabel points
Performing mapping from target back to the source label 131190
Number of reverse mapping hits = 734
Checking for and removing duplicates
Writing label file ./rh.BA6_exvivo.label 12990
mri_label2label: Done


 mri_label2label --srcsubject fsaverage --srclabel /out/sourcedata/freesurfer/fsaverage/label/rh.BA44_exvivo.label --trgsubject sub-v2s9x29169_ses-1 --trglabel ./rh.BA44_exvivo.label --hemi rh --regmethod surface 


srclabel = /out/sourcedata/freesurfer/fsaverage/label/rh.BA44_exvivo.label
srcsubject = fsaverage
trgsubject = sub-v2s9x29169_ses-1
trglabel = ./rh.BA44_exvivo.label
regmethod = surface

srchemi = rh
trghemi = rh
trgsurface = white
srcsurfreg = sphere.reg
trgsurfreg = sphere.reg
usehash = 1
Use ProjAbs  = 0, 0
Use ProjFrac = 0, 0
DoPaint 0

SUBJECTS_DIR    /out/sourcedata/freesurfer
FREESURFER_HOME /opt/freesurfer
Loading source label.
Found 6912 points in source label.
Starting surface-based mapping
Reading source registration 
 /out/sourcedata/freesurfer/fsaverage/surf/rh.sphere.reg
Rescaling ...  original radius = 100
Reading target surface 
 /out/sourcedata/freesurfer/sub-v2s9x29169_ses-1/surf/rh.white
Reading target registration 
 /out/sourcedata/freesurfer/sub-v2s9x29169_ses-1/surf/rh.sphere.reg
Rescaling ...  original radius = 100
Building target registration hash (res=16).
Building source registration hash (res=16).
INFO: found  6912 nlabel points
Performing mapping from target back to the source label 131190
Number of reverse mapping hits = 586
Checking for and removing duplicates
Writing label file ./rh.BA44_exvivo.label 7498
mri_label2label: Done


 mri_label2label --srcsubject fsaverage --srclabel /out/sourcedata/freesurfer/fsaverage/label/rh.BA45_exvivo.label --trgsubject sub-v2s9x29169_ses-1 --trglabel ./rh.BA45_exvivo.label --hemi rh --regmethod surface 


srclabel = /out/sourcedata/freesurfer/fsaverage/label/rh.BA45_exvivo.label
srcsubject = fsaverage
trgsubject = sub-v2s9x29169_ses-1
trglabel = ./rh.BA45_exvivo.label
regmethod = surface

srchemi = rh
trghemi = rh
trgsurface = white
srcsurfreg = sphere.reg
trgsurfreg = sphere.reg
usehash = 1
Use ProjAbs  = 0, 0
Use ProjFrac = 0, 0
DoPaint 0

SUBJECTS_DIR    /out/sourcedata/freesurfer
FREESURFER_HOME /opt/freesurfer
Loading source label.
Found 5355 points in source label.
Starting surface-based mapping
Reading source registration 
 /out/sourcedata/freesurfer/fsaverage/surf/rh.sphere.reg
Rescaling ...  original radius = 100
Reading target surface 
 /out/sourcedata/freesurfer/sub-v2s9x29169_ses-1/surf/rh.white
Reading target registration 
 /out/sourcedata/freesurfer/sub-v2s9x29169_ses-1/surf/rh.sphere.reg
Rescaling ...  original radius = 100
Building target registration hash (res=16).
Building source registration hash (res=16).
INFO: found  5355 nlabel points
Performing mapping from target back to the source label 131190
Number of reverse mapping hits = 757
Checking for and removing duplicates
Writing label file ./rh.BA45_exvivo.label 6112
mri_label2label: Done


 mri_label2label --srcsubject fsaverage --srclabel /out/sourcedata/freesurfer/fsaverage/label/rh.V1_exvivo.label --trgsubject sub-v2s9x29169_ses-1 --trglabel ./rh.V1_exvivo.label --hemi rh --regmethod surface 


srclabel = /out/sourcedata/freesurfer/fsaverage/label/rh.V1_exvivo.label
srcsubject = fsaverage
trgsubject = sub-v2s9x29169_ses-1
trglabel = ./rh.V1_exvivo.label
regmethod = surface

srchemi = rh
trghemi = rh
trgsurface = white
srcsurfreg = sphere.reg
trgsurfreg = sphere.reg
usehash = 1
Use ProjAbs  = 0, 0
Use ProjFrac = 0, 0
DoPaint 0

SUBJECTS_DIR    /out/sourcedata/freesurfer
FREESURFER_HOME /opt/freesurfer
Loading source label.
Found 4727 points in source label.
Starting surface-based mapping
Reading source registration 
 /out/sourcedata/freesurfer/fsaverage/surf/rh.sphere.reg
Rescaling ...  original radius = 100
Reading target surface 
 /out/sourcedata/freesurfer/sub-v2s9x29169_ses-1/surf/rh.white
Reading target registration 
 /out/sourcedata/freesurfer/sub-v2s9x29169_ses-1/surf/rh.sphere.reg
Rescaling ...  original radius = 100
Building target registration hash (res=16).
Building source registration hash (res=16).
INFO: found  4727 nlabel points
Performing mapping from target back to the source label 131190
Number of reverse mapping hits = 1360
Checking for and removing duplicates
Writing label file ./rh.V1_exvivo.label 6087
mri_label2label: Done


 mri_label2label --srcsubject fsaverage --srclabel /out/sourcedata/freesurfer/fsaverage/label/rh.V2_exvivo.label --trgsubject sub-v2s9x29169_ses-1 --trglabel ./rh.V2_exvivo.label --hemi rh --regmethod surface 


srclabel = /out/sourcedata/freesurfer/fsaverage/label/rh.V2_exvivo.label
srcsubject = fsaverage
trgsubject = sub-v2s9x29169_ses-1
trglabel = ./rh.V2_exvivo.label
regmethod = surface

srchemi = rh
trghemi = rh
trgsurface = white
srcsurfreg = sphere.reg
trgsurfreg = sphere.reg
usehash = 1
Use ProjAbs  = 0, 0
Use ProjFrac = 0, 0
DoPaint 0

SUBJECTS_DIR    /out/sourcedata/freesurfer
FREESURFER_HOME /opt/freesurfer
Loading source label.
Found 8016 points in source label.
Starting surface-based mapping
Reading source registration 
 /out/sourcedata/freesurfer/fsaverage/surf/rh.sphere.reg
Rescaling ...  original radius = 100
Reading target surface 
 /out/sourcedata/freesurfer/sub-v2s9x29169_ses-1/surf/rh.white
Reading target registration 
 /out/sourcedata/freesurfer/sub-v2s9x29169_ses-1/surf/rh.sphere.reg
Rescaling ...  original radius = 100
Building target registration hash (res=16).
Building source registration hash (res=16).
INFO: found  8016 nlabel points
Performing mapping from target back to the source label 131190
Number of reverse mapping hits = 1762
Checking for and removing duplicates
Writing label file ./rh.V2_exvivo.label 9778
mri_label2label: Done


 mri_label2label --srcsubject fsaverage --srclabel /out/sourcedata/freesurfer/fsaverage/label/rh.MT_exvivo.label --trgsubject sub-v2s9x29169_ses-1 --trglabel ./rh.MT_exvivo.label --hemi rh --regmethod surface 


srclabel = /out/sourcedata/freesurfer/fsaverage/label/rh.MT_exvivo.label
srcsubject = fsaverage
trgsubject = sub-v2s9x29169_ses-1
trglabel = ./rh.MT_exvivo.label
regmethod = surface

srchemi = rh
trghemi = rh
trgsurface = white
srcsurfreg = sphere.reg
trgsurfreg = sphere.reg
usehash = 1
Use ProjAbs  = 0, 0
Use ProjFrac = 0, 0
DoPaint 0

SUBJECTS_DIR    /out/sourcedata/freesurfer
FREESURFER_HOME /opt/freesurfer
Loading source label.
Found 1932 points in source label.
Starting surface-based mapping
Reading source registration 
 /out/sourcedata/freesurfer/fsaverage/surf/rh.sphere.reg
Rescaling ...  original radius = 100
Reading target surface 
 /out/sourcedata/freesurfer/sub-v2s9x29169_ses-1/surf/rh.white
Reading target registration 
 /out/sourcedata/freesurfer/sub-v2s9x29169_ses-1/surf/rh.sphere.reg
Rescaling ...  original radius = 100
Building target registration hash (res=16).
Building source registration hash (res=16).
INFO: found  1932 nlabel points
Performing mapping from target back to the source label 131190
Number of reverse mapping hits = 238
Checking for and removing duplicates
Writing label file ./rh.MT_exvivo.label 2170
mri_label2label: Done


 mri_label2label --srcsubject fsaverage --srclabel /out/sourcedata/freesurfer/fsaverage/label/rh.entorhinal_exvivo.label --trgsubject sub-v2s9x29169_ses-1 --trglabel ./rh.entorhinal_exvivo.label --hemi rh --regmethod surface 


srclabel = /out/sourcedata/freesurfer/fsaverage/label/rh.entorhinal_exvivo.label
srcsubject = fsaverage
trgsubject = sub-v2s9x29169_ses-1
trglabel = ./rh.entorhinal_exvivo.label
regmethod = surface

srchemi = rh
trghemi = rh
trgsurface = white
srcsurfreg = sphere.reg
trgsurfreg = sphere.reg
usehash = 1
Use ProjAbs  = 0, 0
Use ProjFrac = 0, 0
DoPaint 0

SUBJECTS_DIR    /out/sourcedata/freesurfer
FREESURFER_HOME /opt/freesurfer
Loading source label.
Found 1038 points in source label.
Starting surface-based mapping
Reading source registration 
 /out/sourcedata/freesurfer/fsaverage/surf/rh.sphere.reg
Rescaling ...  original radius = 100
Reading target surface 
 /out/sourcedata/freesurfer/sub-v2s9x29169_ses-1/surf/rh.white
Reading target registration 
 /out/sourcedata/freesurfer/sub-v2s9x29169_ses-1/surf/rh.sphere.reg
Rescaling ...  original radius = 100
Building target registration hash (res=16).
Building source registration hash (res=16).
INFO: found  1038 nlabel points
Performing mapping from target back to the source label 131190
Number of reverse mapping hits = 40
Checking for and removing duplicates
Writing label file ./rh.entorhinal_exvivo.label 1078
mri_label2label: Done


 mri_label2label --srcsubject fsaverage --srclabel /out/sourcedata/freesurfer/fsaverage/label/rh.perirhinal_exvivo.label --trgsubject sub-v2s9x29169_ses-1 --trglabel ./rh.perirhinal_exvivo.label --hemi rh --regmethod surface 


srclabel = /out/sourcedata/freesurfer/fsaverage/label/rh.perirhinal_exvivo.label
srcsubject = fsaverage
trgsubject = sub-v2s9x29169_ses-1
trglabel = ./rh.perirhinal_exvivo.label
regmethod = surface

srchemi = rh
trghemi = rh
trgsurface = white
srcsurfreg = sphere.reg
trgsurfreg = sphere.reg
usehash = 1
Use ProjAbs  = 0, 0
Use ProjFrac = 0, 0
DoPaint 0

SUBJECTS_DIR    /out/sourcedata/freesurfer
FREESURFER_HOME /opt/freesurfer
Loading source label.
Found 752 points in source label.
Starting surface-based mapping
Reading source registration 
 /out/sourcedata/freesurfer/fsaverage/surf/rh.sphere.reg
Rescaling ...  original radius = 100
Reading target surface 
 /out/sourcedata/freesurfer/sub-v2s9x29169_ses-1/surf/rh.white
Reading target registration 
 /out/sourcedata/freesurfer/sub-v2s9x29169_ses-1/surf/rh.sphere.reg
Rescaling ...  original radius = 100
Building target registration hash (res=16).
Building source registration hash (res=16).
INFO: found  752 nlabel points
Performing mapping from target back to the source label 131190
Number of reverse mapping hits = 33
Checking for and removing duplicates
Writing label file ./rh.perirhinal_exvivo.label 785
mri_label2label: Done


 mri_label2label --srcsubject fsaverage --srclabel /out/sourcedata/freesurfer/fsaverage/label/rh.FG1.mpm.vpnl.label --trgsubject sub-v2s9x29169_ses-1 --trglabel ./rh.FG1.mpm.vpnl.label --hemi rh --regmethod surface 


srclabel = /out/sourcedata/freesurfer/fsaverage/label/rh.FG1.mpm.vpnl.label
srcsubject = fsaverage
trgsubject = sub-v2s9x29169_ses-1
trglabel = ./rh.FG1.mpm.vpnl.label
regmethod = surface

srchemi = rh
trghemi = rh
trgsurface = white
srcsurfreg = sphere.reg
trgsurfreg = sphere.reg
usehash = 1
Use ProjAbs  = 0, 0
Use ProjFrac = 0, 0
DoPaint 0

SUBJECTS_DIR    /out/sourcedata/freesurfer
FREESURFER_HOME /opt/freesurfer
Loading source label.
Found 541 points in source label.
Starting surface-based mapping
Reading source registration 
 /out/sourcedata/freesurfer/fsaverage/surf/rh.sphere.reg
Rescaling ...  original radius = 100
Reading target surface 
 /out/sourcedata/freesurfer/sub-v2s9x29169_ses-1/surf/rh.white
Reading target registration 
 /out/sourcedata/freesurfer/sub-v2s9x29169_ses-1/surf/rh.sphere.reg
Rescaling ...  original radius = 100
Building target registration hash (res=16).
Building source registration hash (res=16).
INFO: found  541 nlabel points
Performing mapping from target back to the source label 131190
Number of reverse mapping hits = 69
Checking for and removing duplicates
Writing label file ./rh.FG1.mpm.vpnl.label 610
mri_label2label: Done


 mri_label2label --srcsubject fsaverage --srclabel /out/sourcedata/freesurfer/fsaverage/label/rh.FG2.mpm.vpnl.label --trgsubject sub-v2s9x29169_ses-1 --trglabel ./rh.FG2.mpm.vpnl.label --hemi rh --regmethod surface 


srclabel = /out/sourcedata/freesurfer/fsaverage/label/rh.FG2.mpm.vpnl.label
srcsubject = fsaverage
trgsubject = sub-v2s9x29169_ses-1
trglabel = ./rh.FG2.mpm.vpnl.label
regmethod = surface

srchemi = rh
trghemi = rh
trgsurface = white
srcsurfreg = sphere.reg
trgsurfreg = sphere.reg
usehash = 1
Use ProjAbs  = 0, 0
Use ProjFrac = 0, 0
DoPaint 0

SUBJECTS_DIR    /out/sourcedata/freesurfer
FREESURFER_HOME /opt/freesurfer
Loading source label.
Found 721 points in source label.
Starting surface-based mapping
Reading source registration 
 /out/sourcedata/freesurfer/fsaverage/surf/rh.sphere.reg
Rescaling ...  original radius = 100
Reading target surface 
 /out/sourcedata/freesurfer/sub-v2s9x29169_ses-1/surf/rh.white
Reading target registration 
 /out/sourcedata/freesurfer/sub-v2s9x29169_ses-1/surf/rh.sphere.reg
Rescaling ...  original radius = 100
Building target registration hash (res=16).
Building source registration hash (res=16).
INFO: found  721 nlabel points
Performing mapping from target back to the source label 131190
Number of reverse mapping hits = 119
Checking for and removing duplicates
Writing label file ./rh.FG2.mpm.vpnl.label 840
mri_label2label: Done


 mri_label2label --srcsubject fsaverage --srclabel /out/sourcedata/freesurfer/fsaverage/label/rh.FG3.mpm.vpnl.label --trgsubject sub-v2s9x29169_ses-1 --trglabel ./rh.FG3.mpm.vpnl.label --hemi rh --regmethod surface 


srclabel = /out/sourcedata/freesurfer/fsaverage/label/rh.FG3.mpm.vpnl.label
srcsubject = fsaverage
trgsubject = sub-v2s9x29169_ses-1
trglabel = ./rh.FG3.mpm.vpnl.label
regmethod = surface

srchemi = rh
trghemi = rh
trgsurface = white
srcsurfreg = sphere.reg
trgsurfreg = sphere.reg
usehash = 1
Use ProjAbs  = 0, 0
Use ProjFrac = 0, 0
DoPaint 0

SUBJECTS_DIR    /out/sourcedata/freesurfer
FREESURFER_HOME /opt/freesurfer
Loading source label.
Found 1523 points in source label.
Starting surface-based mapping
Reading source registration 
 /out/sourcedata/freesurfer/fsaverage/surf/rh.sphere.reg
Rescaling ...  original radius = 100
Reading target surface 
 /out/sourcedata/freesurfer/sub-v2s9x29169_ses-1/surf/rh.white
Reading target registration 
 /out/sourcedata/freesurfer/sub-v2s9x29169_ses-1/surf/rh.sphere.reg
Rescaling ...  original radius = 100
Building target registration hash (res=16).
Building source registration hash (res=16).
INFO: found  1523 nlabel points
Performing mapping from target back to the source label 131190
Number of reverse mapping hits = 17
Checking for and removing duplicates
Writing label file ./rh.FG3.mpm.vpnl.label 1540
mri_label2label: Done


 mri_label2label --srcsubject fsaverage --srclabel /out/sourcedata/freesurfer/fsaverage/label/rh.FG4.mpm.vpnl.label --trgsubject sub-v2s9x29169_ses-1 --trglabel ./rh.FG4.mpm.vpnl.label --hemi rh --regmethod surface 


srclabel = /out/sourcedata/freesurfer/fsaverage/label/rh.FG4.mpm.vpnl.label
srcsubject = fsaverage
trgsubject = sub-v2s9x29169_ses-1
trglabel = ./rh.FG4.mpm.vpnl.label
regmethod = surface

srchemi = rh
trghemi = rh
trgsurface = white
srcsurfreg = sphere.reg
trgsurfreg = sphere.reg
usehash = 1
Use ProjAbs  = 0, 0
Use ProjFrac = 0, 0
DoPaint 0

SUBJECTS_DIR    /out/sourcedata/freesurfer
FREESURFER_HOME /opt/freesurfer
Loading source label.
Found 1586 points in source label.
Starting surface-based mapping
Reading source registration 
 /out/sourcedata/freesurfer/fsaverage/surf/rh.sphere.reg
Rescaling ...  original radius = 100
Reading target surface 
 /out/sourcedata/freesurfer/sub-v2s9x29169_ses-1/surf/rh.white
Reading target registration 
 /out/sourcedata/freesurfer/sub-v2s9x29169_ses-1/surf/rh.sphere.reg
Rescaling ...  original radius = 100
Building target registration hash (res=16).
Building source registration hash (res=16).
INFO: found  1586 nlabel points
Performing mapping from target back to the source label 131190
Number of reverse mapping hits = 76
Checking for and removing duplicates
Writing label file ./rh.FG4.mpm.vpnl.label 1662
mri_label2label: Done


 mri_label2label --srcsubject fsaverage --srclabel /out/sourcedata/freesurfer/fsaverage/label/rh.hOc1.mpm.vpnl.label --trgsubject sub-v2s9x29169_ses-1 --trglabel ./rh.hOc1.mpm.vpnl.label --hemi rh --regmethod surface 


srclabel = /out/sourcedata/freesurfer/fsaverage/label/rh.hOc1.mpm.vpnl.label
srcsubject = fsaverage
trgsubject = sub-v2s9x29169_ses-1
trglabel = ./rh.hOc1.mpm.vpnl.label
regmethod = surface

srchemi = rh
trghemi = rh
trgsurface = white
srcsurfreg = sphere.reg
trgsurfreg = sphere.reg
usehash = 1
Use ProjAbs  = 0, 0
Use ProjFrac = 0, 0
DoPaint 0

SUBJECTS_DIR    /out/sourcedata/freesurfer
FREESURFER_HOME /opt/freesurfer
Loading source label.
Found 3667 points in source label.
Starting surface-based mapping
Reading source registration 
 /out/sourcedata/freesurfer/fsaverage/surf/rh.sphere.reg
Rescaling ...  original radius = 100
Reading target surface 
 /out/sourcedata/freesurfer/sub-v2s9x29169_ses-1/surf/rh.white
Reading target registration 
 /out/sourcedata/freesurfer/sub-v2s9x29169_ses-1/surf/rh.sphere.reg
Rescaling ...  original radius = 100
Building target registration hash (res=16).
Building source registration hash (res=16).
INFO: found  3667 nlabel points
Performing mapping from target back to the source label 131190
Number of reverse mapping hits = 1082
Checking for and removing duplicates
Writing label file ./rh.hOc1.mpm.vpnl.label 4749
mri_label2label: Done


 mri_label2label --srcsubject fsaverage --srclabel /out/sourcedata/freesurfer/fsaverage/label/rh.hOc2.mpm.vpnl.label --trgsubject sub-v2s9x29169_ses-1 --trglabel ./rh.hOc2.mpm.vpnl.label --hemi rh --regmethod surface 


srclabel = /out/sourcedata/freesurfer/fsaverage/label/rh.hOc2.mpm.vpnl.label
srcsubject = fsaverage
trgsubject = sub-v2s9x29169_ses-1
trglabel = ./rh.hOc2.mpm.vpnl.label
regmethod = surface

srchemi = rh
trghemi = rh
trgsurface = white
srcsurfreg = sphere.reg
trgsurfreg = sphere.reg
usehash = 1
Use ProjAbs  = 0, 0
Use ProjFrac = 0, 0
DoPaint 0

SUBJECTS_DIR    /out/sourcedata/freesurfer
FREESURFER_HOME /opt/freesurfer
Loading source label.
Found 2719 points in source label.
Starting surface-based mapping
Reading source registration 
 /out/sourcedata/freesurfer/fsaverage/surf/rh.sphere.reg
Rescaling ...  original radius = 100
Reading target surface 
 /out/sourcedata/freesurfer/sub-v2s9x29169_ses-1/surf/rh.white
Reading target registration 
 /out/sourcedata/freesurfer/sub-v2s9x29169_ses-1/surf/rh.sphere.reg
Rescaling ...  original radius = 100
Building target registration hash (res=16).
Building source registration hash (res=16).
INFO: found  2719 nlabel points
Performing mapping from target back to the source label 131190
Number of reverse mapping hits = 754
Checking for and removing duplicates
Writing label file ./rh.hOc2.mpm.vpnl.label 3473
mri_label2label: Done


 mri_label2label --srcsubject fsaverage --srclabel /out/sourcedata/freesurfer/fsaverage/label/rh.hOc3v.mpm.vpnl.label --trgsubject sub-v2s9x29169_ses-1 --trglabel ./rh.hOc3v.mpm.vpnl.label --hemi rh --regmethod surface 


srclabel = /out/sourcedata/freesurfer/fsaverage/label/rh.hOc3v.mpm.vpnl.label
srcsubject = fsaverage
trgsubject = sub-v2s9x29169_ses-1
trglabel = ./rh.hOc3v.mpm.vpnl.label
regmethod = surface

srchemi = rh
trghemi = rh
trgsurface = white
srcsurfreg = sphere.reg
trgsurfreg = sphere.reg
usehash = 1
Use ProjAbs  = 0, 0
Use ProjFrac = 0, 0
DoPaint 0

SUBJECTS_DIR    /out/sourcedata/freesurfer
FREESURFER_HOME /opt/freesurfer
Loading source label.
Found 1228 points in source label.
Starting surface-based mapping
Reading source registration 
 /out/sourcedata/freesurfer/fsaverage/surf/rh.sphere.reg
Rescaling ...  original radius = 100
Reading target surface 
 /out/sourcedata/freesurfer/sub-v2s9x29169_ses-1/surf/rh.white
Reading target registration 
 /out/sourcedata/freesurfer/sub-v2s9x29169_ses-1/surf/rh.sphere.reg
Rescaling ...  original radius = 100
Building target registration hash (res=16).
Building source registration hash (res=16).
INFO: found  1228 nlabel points
Performing mapping from target back to the source label 131190
Number of reverse mapping hits = 243
Checking for and removing duplicates
Writing label file ./rh.hOc3v.mpm.vpnl.label 1471
mri_label2label: Done


 mri_label2label --srcsubject fsaverage --srclabel /out/sourcedata/freesurfer/fsaverage/label/rh.hOc4v.mpm.vpnl.label --trgsubject sub-v2s9x29169_ses-1 --trglabel ./rh.hOc4v.mpm.vpnl.label --hemi rh --regmethod surface 


srclabel = /out/sourcedata/freesurfer/fsaverage/label/rh.hOc4v.mpm.vpnl.label
srcsubject = fsaverage
trgsubject = sub-v2s9x29169_ses-1
trglabel = ./rh.hOc4v.mpm.vpnl.label
regmethod = surface

srchemi = rh
trghemi = rh
trgsurface = white
srcsurfreg = sphere.reg
trgsurfreg = sphere.reg
usehash = 1
Use ProjAbs  = 0, 0
Use ProjFrac = 0, 0
DoPaint 0

SUBJECTS_DIR    /out/sourcedata/freesurfer
FREESURFER_HOME /opt/freesurfer
Loading source label.
Found 1025 points in source label.
Starting surface-based mapping
Reading source registration 
 /out/sourcedata/freesurfer/fsaverage/surf/rh.sphere.reg
Rescaling ...  original radius = 100
Reading target surface 
 /out/sourcedata/freesurfer/sub-v2s9x29169_ses-1/surf/rh.white
Reading target registration 
 /out/sourcedata/freesurfer/sub-v2s9x29169_ses-1/surf/rh.sphere.reg
Rescaling ...  original radius = 100
Building target registration hash (res=16).
Building source registration hash (res=16).
INFO: found  1025 nlabel points
Performing mapping from target back to the source label 131190
Number of reverse mapping hits = 215
Checking for and removing duplicates
Writing label file ./rh.hOc4v.mpm.vpnl.label 1240
mri_label2label: Done


 mris_label2annot --s sub-v2s9x29169_ses-1 --ctab /opt/freesurfer/average/colortable_vpnl.txt --hemi rh --a mpm.vpnl --maxstatwinner --noverbose --l rh.FG1.mpm.vpnl.label --l rh.FG2.mpm.vpnl.label --l rh.FG3.mpm.vpnl.label --l rh.FG4.mpm.vpnl.label --l rh.hOc1.mpm.vpnl.label --l rh.hOc2.mpm.vpnl.label --l rh.hOc3v.mpm.vpnl.label --l rh.hOc4v.mpm.vpnl.label 

Reading ctab /opt/freesurfer/average/colortable_vpnl.txt
Number of ctab entries 9

7.3.2
cwd /out/sourcedata/freesurfer/sub-v2s9x29169_ses-1/label
cmdline mris_label2annot --s sub-v2s9x29169_ses-1 --ctab /opt/freesurfer/average/colortable_vpnl.txt --hemi rh --a mpm.vpnl --maxstatwinner --noverbose --l rh.FG1.mpm.vpnl.label --l rh.FG2.mpm.vpnl.label --l rh.FG3.mpm.vpnl.label --l rh.FG4.mpm.vpnl.label --l rh.hOc1.mpm.vpnl.label --l rh.hOc2.mpm.vpnl.label --l rh.hOc3v.mpm.vpnl.label --l rh.hOc4v.mpm.vpnl.label 
sysname  Linux
hostname dna078
machine  x86_64
user     oesteban

subject sub-v2s9x29169_ses-1
hemi    rh
SUBJECTS_DIR /out/sourcedata/freesurfer
ColorTable /opt/freesurfer/average/colortable_vpnl.txt
AnnotName  mpm.vpnl
nlables 8
LabelThresh 0 0.000000
Loading /out/sourcedata/freesurfer/sub-v2s9x29169_ses-1/surf/rh.orig
 1 1376057 FG1
 2 16711935 FG2
 3 16711680 FG3
 4 1705837 FG4
 5 25600 hOc1
 6 255 hOc2
 7 16776960 hOc3v
 8 65535 hOc4v
Mapping unhit to unknown
Found 117706 unhit vertices
Writing annot to /out/sourcedata/freesurfer/sub-v2s9x29169_ses-1/label/rh.mpm.vpnl.annot

 mri_label2label --srcsubject fsaverage --srclabel /out/sourcedata/freesurfer/fsaverage/label/rh.BA1_exvivo.thresh.label --trgsubject sub-v2s9x29169_ses-1 --trglabel ./rh.BA1_exvivo.thresh.label --hemi rh --regmethod surface 


srclabel = /out/sourcedata/freesurfer/fsaverage/label/rh.BA1_exvivo.thresh.label
srcsubject = fsaverage
trgsubject = sub-v2s9x29169_ses-1
trglabel = ./rh.BA1_exvivo.thresh.label
regmethod = surface

srchemi = rh
trghemi = rh
trgsurface = white
srcsurfreg = sphere.reg
trgsurfreg = sphere.reg
usehash = 1
Use ProjAbs  = 0, 0
Use ProjFrac = 0, 0
DoPaint 0

SUBJECTS_DIR    /out/sourcedata/freesurfer
FREESURFER_HOME /opt/freesurfer
Loading source label.
Found 876 points in source label.
Starting surface-based mapping
Reading source registration 
 /out/sourcedata/freesurfer/fsaverage/surf/rh.sphere.reg
Rescaling ...  original radius = 100
Reading target surface 
 /out/sourcedata/freesurfer/sub-v2s9x29169_ses-1/surf/rh.white
Reading target registration 
 /out/sourcedata/freesurfer/sub-v2s9x29169_ses-1/surf/rh.sphere.reg
Rescaling ...  original radius = 100
Building target registration hash (res=16).
Building source registration hash (res=16).
INFO: found  876 nlabel points
Performing mapping from target back to the source label 131190
Number of reverse mapping hits = 27
Checking for and removing duplicates
Writing label file ./rh.BA1_exvivo.thresh.label 903
mri_label2label: Done


 mri_label2label --srcsubject fsaverage --srclabel /out/sourcedata/freesurfer/fsaverage/label/rh.BA2_exvivo.thresh.label --trgsubject sub-v2s9x29169_ses-1 --trglabel ./rh.BA2_exvivo.thresh.label --hemi rh --regmethod surface 


srclabel = /out/sourcedata/freesurfer/fsaverage/label/rh.BA2_exvivo.thresh.label
srcsubject = fsaverage
trgsubject = sub-v2s9x29169_ses-1
trglabel = ./rh.BA2_exvivo.thresh.label
regmethod = surface

srchemi = rh
trghemi = rh
trgsurface = white
srcsurfreg = sphere.reg
trgsurfreg = sphere.reg
usehash = 1
Use ProjAbs  = 0, 0
Use ProjFrac = 0, 0
DoPaint 0

SUBJECTS_DIR    /out/sourcedata/freesurfer
FREESURFER_HOME /opt/freesurfer
Loading source label.
Found 2688 points in source label.
Starting surface-based mapping
Reading source registration 
 /out/sourcedata/freesurfer/fsaverage/surf/rh.sphere.reg
Rescaling ...  original radius = 100
Reading target surface 
 /out/sourcedata/freesurfer/sub-v2s9x29169_ses-1/surf/rh.white
Reading target registration 
 /out/sourcedata/freesurfer/sub-v2s9x29169_ses-1/surf/rh.sphere.reg
Rescaling ...  original radius = 100
Building target registration hash (res=16).
Building source registration hash (res=16).
INFO: found  2688 nlabel points
Performing mapping from target back to the source label 131190
Number of reverse mapping hits = 25
Checking for and removing duplicates
Writing label file ./rh.BA2_exvivo.thresh.label 2713
mri_label2label: Done


 mri_label2label --srcsubject fsaverage --srclabel /out/sourcedata/freesurfer/fsaverage/label/rh.BA3a_exvivo.thresh.label --trgsubject sub-v2s9x29169_ses-1 --trglabel ./rh.BA3a_exvivo.thresh.label --hemi rh --regmethod surface 


srclabel = /out/sourcedata/freesurfer/fsaverage/label/rh.BA3a_exvivo.thresh.label
srcsubject = fsaverage
trgsubject = sub-v2s9x29169_ses-1
trglabel = ./rh.BA3a_exvivo.thresh.label
regmethod = surface

srchemi = rh
trghemi = rh
trgsurface = white
srcsurfreg = sphere.reg
trgsurfreg = sphere.reg
usehash = 1
Use ProjAbs  = 0, 0
Use ProjFrac = 0, 0
DoPaint 0

SUBJECTS_DIR    /out/sourcedata/freesurfer
FREESURFER_HOME /opt/freesurfer
Loading source label.
Found 1698 points in source label.
Starting surface-based mapping
Reading source registration 
 /out/sourcedata/freesurfer/fsaverage/surf/rh.sphere.reg
Rescaling ...  original radius = 100
Reading target surface 
 /out/sourcedata/freesurfer/sub-v2s9x29169_ses-1/surf/rh.white
Reading target registration 
 /out/sourcedata/freesurfer/sub-v2s9x29169_ses-1/surf/rh.sphere.reg
Rescaling ...  original radius = 100
Building target registration hash (res=16).
Building source registration hash (res=16).
INFO: found  1698 nlabel points
Performing mapping from target back to the source label 131190
Number of reverse mapping hits = 13
Checking for and removing duplicates
Writing label file ./rh.BA3a_exvivo.thresh.label 1711
mri_label2label: Done


 mri_label2label --srcsubject fsaverage --srclabel /out/sourcedata/freesurfer/fsaverage/label/rh.BA3b_exvivo.thresh.label --trgsubject sub-v2s9x29169_ses-1 --trglabel ./rh.BA3b_exvivo.thresh.label --hemi rh --regmethod surface 


srclabel = /out/sourcedata/freesurfer/fsaverage/label/rh.BA3b_exvivo.thresh.label
srcsubject = fsaverage
trgsubject = sub-v2s9x29169_ses-1
trglabel = ./rh.BA3b_exvivo.thresh.label
regmethod = surface

srchemi = rh
trghemi = rh
trgsurface = white
srcsurfreg = sphere.reg
trgsurfreg = sphere.reg
usehash = 1
Use ProjAbs  = 0, 0
Use ProjFrac = 0, 0
DoPaint 0

SUBJECTS_DIR    /out/sourcedata/freesurfer
FREESURFER_HOME /opt/freesurfer
Loading source label.
Found 2183 points in source label.
Starting surface-based mapping
Reading source registration 
 /out/sourcedata/freesurfer/fsaverage/surf/rh.sphere.reg
Rescaling ...  original radius = 100
Reading target surface 
 /out/sourcedata/freesurfer/sub-v2s9x29169_ses-1/surf/rh.white
Reading target registration 
 /out/sourcedata/freesurfer/sub-v2s9x29169_ses-1/surf/rh.sphere.reg
Rescaling ...  original radius = 100
Building target registration hash (res=16).
Building source registration hash (res=16).
INFO: found  2183 nlabel points
Performing mapping from target back to the source label 131190
Number of reverse mapping hits = 51
Checking for and removing duplicates
Writing label file ./rh.BA3b_exvivo.thresh.label 2234
mri_label2label: Done


 mri_label2label --srcsubject fsaverage --srclabel /out/sourcedata/freesurfer/fsaverage/label/rh.BA4a_exvivo.thresh.label --trgsubject sub-v2s9x29169_ses-1 --trglabel ./rh.BA4a_exvivo.thresh.label --hemi rh --regmethod surface 


srclabel = /out/sourcedata/freesurfer/fsaverage/label/rh.BA4a_exvivo.thresh.label
srcsubject = fsaverage
trgsubject = sub-v2s9x29169_ses-1
trglabel = ./rh.BA4a_exvivo.thresh.label
regmethod = surface

srchemi = rh
trghemi = rh
trgsurface = white
srcsurfreg = sphere.reg
trgsurfreg = sphere.reg
usehash = 1
Use ProjAbs  = 0, 0
Use ProjFrac = 0, 0
DoPaint 0

SUBJECTS_DIR    /out/sourcedata/freesurfer
FREESURFER_HOME /opt/freesurfer
Loading source label.
Found 1388 points in source label.
Starting surface-based mapping
Reading source registration 
 /out/sourcedata/freesurfer/fsaverage/surf/rh.sphere.reg
Rescaling ...  original radius = 100
Reading target surface 
 /out/sourcedata/freesurfer/sub-v2s9x29169_ses-1/surf/rh.white
Reading target registration 
 /out/sourcedata/freesurfer/sub-v2s9x29169_ses-1/surf/rh.sphere.reg
Rescaling ...  original radius = 100
Building target registration hash (res=16).
Building source registration hash (res=16).
INFO: found  1388 nlabel points
Performing mapping from target back to the source label 131190
Number of reverse mapping hits = 11
Checking for and removing duplicates
Writing label file ./rh.BA4a_exvivo.thresh.label 1399
mri_label2label: Done


 mri_label2label --srcsubject fsaverage --srclabel /out/sourcedata/freesurfer/fsaverage/label/rh.BA4p_exvivo.thresh.label --trgsubject sub-v2s9x29169_ses-1 --trglabel ./rh.BA4p_exvivo.thresh.label --hemi rh --regmethod surface 


srclabel = /out/sourcedata/freesurfer/fsaverage/label/rh.BA4p_exvivo.thresh.label
srcsubject = fsaverage
trgsubject = sub-v2s9x29169_ses-1
trglabel = ./rh.BA4p_exvivo.thresh.label
regmethod = surface

srchemi = rh
trghemi = rh
trgsurface = white
srcsurfreg = sphere.reg
trgsurfreg = sphere.reg
usehash = 1
Use ProjAbs  = 0, 0
Use ProjFrac = 0, 0
DoPaint 0

SUBJECTS_DIR    /out/sourcedata/freesurfer
FREESURFER_HOME /opt/freesurfer
Loading source label.
Found 1489 points in source label.
Starting surface-based mapping
Reading source registration 
 /out/sourcedata/freesurfer/fsaverage/surf/rh.sphere.reg
Rescaling ...  original radius = 100
Reading target surface 
 /out/sourcedata/freesurfer/sub-v2s9x29169_ses-1/surf/rh.white
Reading target registration 
 /out/sourcedata/freesurfer/sub-v2s9x29169_ses-1/surf/rh.sphere.reg
Rescaling ...  original radius = 100
Building target registration hash (res=16).
Building source registration hash (res=16).
INFO: found  1489 nlabel points
Performing mapping from target back to the source label 131190
Number of reverse mapping hits = 8
Checking for and removing duplicates
Writing label file ./rh.BA4p_exvivo.thresh.label 1497
mri_label2label: Done


 mri_label2label --srcsubject fsaverage --srclabel /out/sourcedata/freesurfer/fsaverage/label/rh.BA6_exvivo.thresh.label --trgsubject sub-v2s9x29169_ses-1 --trglabel ./rh.BA6_exvivo.thresh.label --hemi rh --regmethod surface 


srclabel = /out/sourcedata/freesurfer/fsaverage/label/rh.BA6_exvivo.thresh.label
srcsubject = fsaverage
trgsubject = sub-v2s9x29169_ses-1
trglabel = ./rh.BA6_exvivo.thresh.label
regmethod = surface

srchemi = rh
trghemi = rh
trgsurface = white
srcsurfreg = sphere.reg
trgsurfreg = sphere.reg
usehash = 1
Use ProjAbs  = 0, 0
Use ProjFrac = 0, 0
DoPaint 0

SUBJECTS_DIR    /out/sourcedata/freesurfer
FREESURFER_HOME /opt/freesurfer
Loading source label.
Found 6959 points in source label.
Starting surface-based mapping
Reading source registration 
 /out/sourcedata/freesurfer/fsaverage/surf/rh.sphere.reg
Rescaling ...  original radius = 100
Reading target surface 
 /out/sourcedata/freesurfer/sub-v2s9x29169_ses-1/surf/rh.white
Reading target registration 
 /out/sourcedata/freesurfer/sub-v2s9x29169_ses-1/surf/rh.sphere.reg
Rescaling ...  original radius = 100
Building target registration hash (res=16).
Building source registration hash (res=16).
INFO: found  6959 nlabel points
Performing mapping from target back to the source label 131190
Number of reverse mapping hits = 441
Checking for and removing duplicates
Writing label file ./rh.BA6_exvivo.thresh.label 7400
mri_label2label: Done


 mri_label2label --srcsubject fsaverage --srclabel /out/sourcedata/freesurfer/fsaverage/label/rh.BA44_exvivo.thresh.label --trgsubject sub-v2s9x29169_ses-1 --trglabel ./rh.BA44_exvivo.thresh.label --hemi rh --regmethod surface 


srclabel = /out/sourcedata/freesurfer/fsaverage/label/rh.BA44_exvivo.thresh.label
srcsubject = fsaverage
trgsubject = sub-v2s9x29169_ses-1
trglabel = ./rh.BA44_exvivo.thresh.label
regmethod = surface

srchemi = rh
trghemi = rh
trgsurface = white
srcsurfreg = sphere.reg
trgsurfreg = sphere.reg
usehash = 1
Use ProjAbs  = 0, 0
Use ProjFrac = 0, 0
DoPaint 0

SUBJECTS_DIR    /out/sourcedata/freesurfer
FREESURFER_HOME /opt/freesurfer
Loading source label.
Found 1012 points in source label.
Starting surface-based mapping
Reading source registration 
 /out/sourcedata/freesurfer/fsaverage/surf/rh.sphere.reg
Rescaling ...  original radius = 100
Reading target surface 
 /out/sourcedata/freesurfer/sub-v2s9x29169_ses-1/surf/rh.white
Reading target registration 
 /out/sourcedata/freesurfer/sub-v2s9x29169_ses-1/surf/rh.sphere.reg
Rescaling ...  original radius = 100
Building target registration hash (res=16).
Building source registration hash (res=16).
INFO: found  1012 nlabel points
Performing mapping from target back to the source label 131190
Number of reverse mapping hits = 136
Checking for and removing duplicates
Writing label file ./rh.BA44_exvivo.thresh.label 1148
mri_label2label: Done


 mri_label2label --srcsubject fsaverage --srclabel /out/sourcedata/freesurfer/fsaverage/label/rh.BA45_exvivo.thresh.label --trgsubject sub-v2s9x29169_ses-1 --trglabel ./rh.BA45_exvivo.thresh.label --hemi rh --regmethod surface 


srclabel = /out/sourcedata/freesurfer/fsaverage/label/rh.BA45_exvivo.thresh.label
srcsubject = fsaverage
trgsubject = sub-v2s9x29169_ses-1
trglabel = ./rh.BA45_exvivo.thresh.label
regmethod = surface

srchemi = rh
trghemi = rh
trgsurface = white
srcsurfreg = sphere.reg
trgsurfreg = sphere.reg
usehash = 1
Use ProjAbs  = 0, 0
Use ProjFrac = 0, 0
DoPaint 0

SUBJECTS_DIR    /out/sourcedata/freesurfer
FREESURFER_HOME /opt/freesurfer
Loading source label.
Found 1178 points in source label.
Starting surface-based mapping
Reading source registration 
 /out/sourcedata/freesurfer/fsaverage/surf/rh.sphere.reg
Rescaling ...  original radius = 100
Reading target surface 
 /out/sourcedata/freesurfer/sub-v2s9x29169_ses-1/surf/rh.white
Reading target registration 
 /out/sourcedata/freesurfer/sub-v2s9x29169_ses-1/surf/rh.sphere.reg
Rescaling ...  original radius = 100
Building target registration hash (res=16).
Building source registration hash (res=16).
INFO: found  1178 nlabel points
Performing mapping from target back to the source label 131190
Number of reverse mapping hits = 74
Checking for and removing duplicates
Writing label file ./rh.BA45_exvivo.thresh.label 1252
mri_label2label: Done


 mri_label2label --srcsubject fsaverage --srclabel /out/sourcedata/freesurfer/fsaverage/label/rh.V1_exvivo.thresh.label --trgsubject sub-v2s9x29169_ses-1 --trglabel ./rh.V1_exvivo.thresh.label --hemi rh --regmethod surface 


srclabel = /out/sourcedata/freesurfer/fsaverage/label/rh.V1_exvivo.thresh.label
srcsubject = fsaverage
trgsubject = sub-v2s9x29169_ses-1
trglabel = ./rh.V1_exvivo.thresh.label
regmethod = surface

srchemi = rh
trghemi = rh
trgsurface = white
srcsurfreg = sphere.reg
trgsurfreg = sphere.reg
usehash = 1
Use ProjAbs  = 0, 0
Use ProjFrac = 0, 0
DoPaint 0

SUBJECTS_DIR    /out/sourcedata/freesurfer
FREESURFER_HOME /opt/freesurfer
Loading source label.
Found 3232 points in source label.
Starting surface-based mapping
Reading source registration 
 /out/sourcedata/freesurfer/fsaverage/surf/rh.sphere.reg
Rescaling ...  original radius = 100
Reading target surface 
 /out/sourcedata/freesurfer/sub-v2s9x29169_ses-1/surf/rh.white
Reading target registration 
 /out/sourcedata/freesurfer/sub-v2s9x29169_ses-1/surf/rh.sphere.reg
Rescaling ...  original radius = 100
Building target registration hash (res=16).
Building source registration hash (res=16).
INFO: found  3232 nlabel points
Performing mapping from target back to the source label 131190
Number of reverse mapping hits = 953
Checking for and removing duplicates
Writing label file ./rh.V1_exvivo.thresh.label 4185
mri_label2label: Done


 mri_label2label --srcsubject fsaverage --srclabel /out/sourcedata/freesurfer/fsaverage/label/rh.V2_exvivo.thresh.label --trgsubject sub-v2s9x29169_ses-1 --trglabel ./rh.V2_exvivo.thresh.label --hemi rh --regmethod surface 


srclabel = /out/sourcedata/freesurfer/fsaverage/label/rh.V2_exvivo.thresh.label
srcsubject = fsaverage
trgsubject = sub-v2s9x29169_ses-1
trglabel = ./rh.V2_exvivo.thresh.label
regmethod = surface

srchemi = rh
trghemi = rh
trgsurface = white
srcsurfreg = sphere.reg
trgsurfreg = sphere.reg
usehash = 1
Use ProjAbs  = 0, 0
Use ProjFrac = 0, 0
DoPaint 0

SUBJECTS_DIR    /out/sourcedata/freesurfer
FREESURFER_HOME /opt/freesurfer
Loading source label.
Found 3437 points in source label.
Starting surface-based mapping
Reading source registration 
 /out/sourcedata/freesurfer/fsaverage/surf/rh.sphere.reg
Rescaling ...  original radius = 100
Reading target surface 
 /out/sourcedata/freesurfer/sub-v2s9x29169_ses-1/surf/rh.white
Reading target registration 
 /out/sourcedata/freesurfer/sub-v2s9x29169_ses-1/surf/rh.sphere.reg
Rescaling ...  original radius = 100
Building target registration hash (res=16).
Building source registration hash (res=16).
INFO: found  3437 nlabel points
Performing mapping from target back to the source label 131190
Number of reverse mapping hits = 892
Checking for and removing duplicates
Writing label file ./rh.V2_exvivo.thresh.label 4329
mri_label2label: Done


 mri_label2label --srcsubject fsaverage --srclabel /out/sourcedata/freesurfer/fsaverage/label/rh.MT_exvivo.thresh.label --trgsubject sub-v2s9x29169_ses-1 --trglabel ./rh.MT_exvivo.thresh.label --hemi rh --regmethod surface 


srclabel = /out/sourcedata/freesurfer/fsaverage/label/rh.MT_exvivo.thresh.label
srcsubject = fsaverage
trgsubject = sub-v2s9x29169_ses-1
trglabel = ./rh.MT_exvivo.thresh.label
regmethod = surface

srchemi = rh
trghemi = rh
trgsurface = white
srcsurfreg = sphere.reg
trgsurfreg = sphere.reg
usehash = 1
Use ProjAbs  = 0, 0
Use ProjFrac = 0, 0
DoPaint 0

SUBJECTS_DIR    /out/sourcedata/freesurfer
FREESURFER_HOME /opt/freesurfer
Loading source label.
Found 268 points in source label.
Starting surface-based mapping
Reading source registration 
 /out/sourcedata/freesurfer/fsaverage/surf/rh.sphere.reg
Rescaling ...  original radius = 100
Reading target surface 
 /out/sourcedata/freesurfer/sub-v2s9x29169_ses-1/surf/rh.white
Reading target registration 
 /out/sourcedata/freesurfer/sub-v2s9x29169_ses-1/surf/rh.sphere.reg
Rescaling ...  original radius = 100
Building target registration hash (res=16).
Building source registration hash (res=16).
INFO: found  268 nlabel points
Performing mapping from target back to the source label 131190
Number of reverse mapping hits = 39
Checking for and removing duplicates
Writing label file ./rh.MT_exvivo.thresh.label 307
mri_label2label: Done


 mri_label2label --srcsubject fsaverage --srclabel /out/sourcedata/freesurfer/fsaverage/label/rh.entorhinal_exvivo.thresh.label --trgsubject sub-v2s9x29169_ses-1 --trglabel ./rh.entorhinal_exvivo.thresh.label --hemi rh --regmethod surface 


srclabel = /out/sourcedata/freesurfer/fsaverage/label/rh.entorhinal_exvivo.thresh.label
srcsubject = fsaverage
trgsubject = sub-v2s9x29169_ses-1
trglabel = ./rh.entorhinal_exvivo.thresh.label
regmethod = surface

srchemi = rh
trghemi = rh
trgsurface = white
srcsurfreg = sphere.reg
trgsurfreg = sphere.reg
usehash = 1
Use ProjAbs  = 0, 0
Use ProjFrac = 0, 0
DoPaint 0

SUBJECTS_DIR    /out/sourcedata/freesurfer
FREESURFER_HOME /opt/freesurfer
Loading source label.
Found 694 points in source label.
Starting surface-based mapping
Reading source registration 
 /out/sourcedata/freesurfer/fsaverage/surf/rh.sphere.reg
Rescaling ...  original radius = 100
Reading target surface 
 /out/sourcedata/freesurfer/sub-v2s9x29169_ses-1/surf/rh.white
Reading target registration 
 /out/sourcedata/freesurfer/sub-v2s9x29169_ses-1/surf/rh.sphere.reg
Rescaling ...  original radius = 100
Building target registration hash (res=16).
Building source registration hash (res=16).
INFO: found  694 nlabel points
Performing mapping from target back to the source label 131190
Number of reverse mapping hits = 27
Checking for and removing duplicates
Writing label file ./rh.entorhinal_exvivo.thresh.label 721
mri_label2label: Done


 mri_label2label --srcsubject fsaverage --srclabel /out/sourcedata/freesurfer/fsaverage/label/rh.perirhinal_exvivo.thresh.label --trgsubject sub-v2s9x29169_ses-1 --trglabel ./rh.perirhinal_exvivo.thresh.label --hemi rh --regmethod surface 


srclabel = /out/sourcedata/freesurfer/fsaverage/label/rh.perirhinal_exvivo.thresh.label
srcsubject = fsaverage
trgsubject = sub-v2s9x29169_ses-1
trglabel = ./rh.perirhinal_exvivo.thresh.label
regmethod = surface

srchemi = rh
trghemi = rh
trgsurface = white
srcsurfreg = sphere.reg
trgsurfreg = sphere.reg
usehash = 1
Use ProjAbs  = 0, 0
Use ProjFrac = 0, 0
DoPaint 0

SUBJECTS_DIR    /out/sourcedata/freesurfer
FREESURFER_HOME /opt/freesurfer
Loading source label.
Found 291 points in source label.
Starting surface-based mapping
Reading source registration 
 /out/sourcedata/freesurfer/fsaverage/surf/rh.sphere.reg
Rescaling ...  original radius = 100
Reading target surface 
 /out/sourcedata/freesurfer/sub-v2s9x29169_ses-1/surf/rh.white
Reading target registration 
 /out/sourcedata/freesurfer/sub-v2s9x29169_ses-1/surf/rh.sphere.reg
Rescaling ...  original radius = 100
Building target registration hash (res=16).
Building source registration hash (res=16).
INFO: found  291 nlabel points
Performing mapping from target back to the source label 131190
Number of reverse mapping hits = 13
Checking for and removing duplicates
Writing label file ./rh.perirhinal_exvivo.thresh.label 304
mri_label2label: Done


 mris_label2annot --s sub-v2s9x29169_ses-1 --hemi rh --ctab /opt/freesurfer/average/colortable_BA.txt --l rh.BA1_exvivo.label --l rh.BA2_exvivo.label --l rh.BA3a_exvivo.label --l rh.BA3b_exvivo.label --l rh.BA4a_exvivo.label --l rh.BA4p_exvivo.label --l rh.BA6_exvivo.label --l rh.BA44_exvivo.label --l rh.BA45_exvivo.label --l rh.V1_exvivo.label --l rh.V2_exvivo.label --l rh.MT_exvivo.label --l rh.perirhinal_exvivo.label --l rh.entorhinal_exvivo.label --a BA_exvivo --maxstatwinner --noverbose 

Reading ctab /opt/freesurfer/average/colortable_BA.txt
Number of ctab entries 15

7.3.2
cwd /out/sourcedata/freesurfer/sub-v2s9x29169_ses-1/label
cmdline mris_label2annot --s sub-v2s9x29169_ses-1 --hemi rh --ctab /opt/freesurfer/average/colortable_BA.txt --l rh.BA1_exvivo.label --l rh.BA2_exvivo.label --l rh.BA3a_exvivo.label --l rh.BA3b_exvivo.label --l rh.BA4a_exvivo.label --l rh.BA4p_exvivo.label --l rh.BA6_exvivo.label --l rh.BA44_exvivo.label --l rh.BA45_exvivo.label --l rh.V1_exvivo.label --l rh.V2_exvivo.label --l rh.MT_exvivo.label --l rh.perirhinal_exvivo.label --l rh.entorhinal_exvivo.label --a BA_exvivo --maxstatwinner --noverbose 
sysname  Linux
hostname dna078
machine  x86_64
user     oesteban

subject sub-v2s9x29169_ses-1
hemi    rh
SUBJECTS_DIR /out/sourcedata/freesurfer
ColorTable /opt/freesurfer/average/colortable_BA.txt
AnnotName  BA_exvivo
nlables 14
LabelThresh 0 0.000000
Loading /out/sourcedata/freesurfer/sub-v2s9x29169_ses-1/surf/rh.orig
 1 1530880 BA1_exvivo
 2 16749699 BA2_exvivo
 3 16711680 BA3a_exvivo
 4 3368703 BA3b_exvivo
 5 1376196 BA4a_exvivo
 6 13382655 BA4p_exvivo
 7 10036737 BA6_exvivo
 8 2490521 BA44_exvivo
 9 39283 BA45_exvivo
10 3993 V1_exvivo
11 8508928 V2_exvivo
12 10027163 MT_exvivo
13 16422433 perirhinal_exvivo
14 16392598 entorhinal_exvivo
Mapping unhit to unknown
Found 91006 unhit vertices
Writing annot to /out/sourcedata/freesurfer/sub-v2s9x29169_ses-1/label/rh.BA_exvivo.annot

 mris_label2annot --s sub-v2s9x29169_ses-1 --hemi rh --ctab /opt/freesurfer/average/colortable_BA.txt --l rh.BA1_exvivo.thresh.label --l rh.BA2_exvivo.thresh.label --l rh.BA3a_exvivo.thresh.label --l rh.BA3b_exvivo.thresh.label --l rh.BA4a_exvivo.thresh.label --l rh.BA4p_exvivo.thresh.label --l rh.BA6_exvivo.thresh.label --l rh.BA44_exvivo.thresh.label --l rh.BA45_exvivo.thresh.label --l rh.V1_exvivo.thresh.label --l rh.V2_exvivo.thresh.label --l rh.MT_exvivo.thresh.label --l rh.perirhinal_exvivo.thresh.label --l rh.entorhinal_exvivo.thresh.label --a BA_exvivo.thresh --maxstatwinner --noverbose 

Reading ctab /opt/freesurfer/average/colortable_BA.txt
Number of ctab entries 15

7.3.2
cwd /out/sourcedata/freesurfer/sub-v2s9x29169_ses-1/label
cmdline mris_label2annot --s sub-v2s9x29169_ses-1 --hemi rh --ctab /opt/freesurfer/average/colortable_BA.txt --l rh.BA1_exvivo.thresh.label --l rh.BA2_exvivo.thresh.label --l rh.BA3a_exvivo.thresh.label --l rh.BA3b_exvivo.thresh.label --l rh.BA4a_exvivo.thresh.label --l rh.BA4p_exvivo.thresh.label --l rh.BA6_exvivo.thresh.label --l rh.BA44_exvivo.thresh.label --l rh.BA45_exvivo.thresh.label --l rh.V1_exvivo.thresh.label --l rh.V2_exvivo.thresh.label --l rh.MT_exvivo.thresh.label --l rh.perirhinal_exvivo.thresh.label --l rh.entorhinal_exvivo.thresh.label --a BA_exvivo.thresh --maxstatwinner --noverbose 
sysname  Linux
hostname dna078
machine  x86_64
user     oesteban

subject sub-v2s9x29169_ses-1
hemi    rh
SUBJECTS_DIR /out/sourcedata/freesurfer
ColorTable /opt/freesurfer/average/colortable_BA.txt
AnnotName  BA_exvivo.thresh
nlables 14
LabelThresh 0 0.000000
Loading /out/sourcedata/freesurfer/sub-v2s9x29169_ses-1/surf/rh.orig
 1 1530880 BA1_exvivo
 2 16749699 BA2_exvivo
 3 16711680 BA3a_exvivo
 4 3368703 BA3b_exvivo
 5 1376196 BA4a_exvivo
 6 13382655 BA4p_exvivo
 7 10036737 BA6_exvivo
 8 2490521 BA44_exvivo
 9 39283 BA45_exvivo
10 3993 V1_exvivo
11 8508928 V2_exvivo
12 10027163 MT_exvivo
13 16422433 perirhinal_exvivo
14 16392598 entorhinal_exvivo
Mapping unhit to unknown
Found 108243 unhit vertices
Writing annot to /out/sourcedata/freesurfer/sub-v2s9x29169_ses-1/label/rh.BA_exvivo.thresh.annot

 mris_anatomical_stats -th3 -mgz -noglobal -f ../stats/rh.BA_exvivo.stats -b -a ./rh.BA_exvivo.annot -c ./BA_exvivo.ctab sub-v2s9x29169_ses-1 rh white 

computing statistics for each annotation in ./rh.BA_exvivo.annot.
reading volume /out/sourcedata/freesurfer/sub-v2s9x29169_ses-1/mri/wm.mgz...
reading input surface /out/sourcedata/freesurfer/sub-v2s9x29169_ses-1/surf/rh.white...
reading input pial surface /out/sourcedata/freesurfer/sub-v2s9x29169_ses-1/surf/rh.pial...
reading input white surface /out/sourcedata/freesurfer/sub-v2s9x29169_ses-1/surf/rh.white...
INFO: using TH3 volume calc
INFO: assuming MGZ format for volumes.
INFO: not computing global stats
Using TH3 vertex volume calc
Total face volume 270673
Total vertex volume 270501 (mask=0)
Saving annotation colortable ./BA_exvivo.ctab

table columns are:
    number of vertices
    total surface area (mm^2)
    total gray matter volume (mm^3)
    average cortical thickness +- standard deviation (mm)
    integrated rectified mean curvature
    integrated rectified Gaussian curvature
    folding index
    intrinsic curvature index
    structure name

  857    590   1995  2.416 0.518     0.138     0.029       12     1.0  BA1_exvivo
 2767   1899   5088  2.529 0.564     0.099     0.016       21     1.8  BA2_exvivo
 1111    742   1190  2.116 0.455     0.117     0.022        8     1.0  BA3a_exvivo
 1938   1328   2859  1.877 0.629     0.091     0.016       13     1.2  BA3b_exvivo
 1469   1005   3603  2.985 0.507     0.082     0.014        7     0.9  BA4a_exvivo
 1264    828   2063  2.536 0.471     0.081     0.012        6     0.7  BA4p_exvivo
 8821   6264  22998  3.085 0.582     0.113     0.022       82     7.7  BA6_exvivo
 3693   2581   7183  2.614 0.570     0.101     0.017       32     2.6  BA44_exvivo
 4284   3056  10358  2.842 0.632     0.116     0.022       60     3.8  BA45_exvivo
 3995   3115   7312  2.162 0.712     0.148     0.040       56     6.7  V1_exvivo
 7248   5566  14461  2.326 0.641     0.144     0.033      120     9.2  V2_exvivo
 1819   1231   3460  2.741 0.472     0.113     0.023       17     1.7  MT_exvivo
  360    249    772  2.708 0.792     0.123     0.026        4     0.4  perirhinal_exvivo
  558    411   1304  2.651 0.854     0.115     0.026        5     0.6  entorhinal_exvivo

 mris_anatomical_stats -th3 -mgz -f ../stats/rh.BA_exvivo.thresh.stats -noglobal -b -a ./rh.BA_exvivo.thresh.annot -c ./BA_exvivo.thresh.ctab sub-v2s9x29169_ses-1 rh white 

computing statistics for each annotation in ./rh.BA_exvivo.thresh.annot.
reading volume /out/sourcedata/freesurfer/sub-v2s9x29169_ses-1/mri/wm.mgz...
reading input surface /out/sourcedata/freesurfer/sub-v2s9x29169_ses-1/surf/rh.white...
reading input pial surface /out/sourcedata/freesurfer/sub-v2s9x29169_ses-1/surf/rh.pial...
reading input white surface /out/sourcedata/freesurfer/sub-v2s9x29169_ses-1/surf/rh.white...
INFO: using TH3 volume calc
INFO: assuming MGZ format for volumes.
INFO: not computing global stats
Using TH3 vertex volume calc
Total face volume 270673
Total vertex volume 270501 (mask=0)
Saving annotation colortable ./BA_exvivo.thresh.ctab

table columns are:
    number of vertices
    total surface area (mm^2)
    total gray matter volume (mm^3)
    average cortical thickness +- standard deviation (mm)
    integrated rectified mean curvature
    integrated rectified Gaussian curvature
    folding index
    intrinsic curvature index
    structure name

  560    380   1186  2.274 0.462     0.125     0.022        8     0.5  BA1_exvivo
 1615   1091   3292  2.599 0.579     0.086     0.014       11     0.8  BA2_exvivo
  995    652    959  2.099 0.427     0.117     0.021        7     0.8  BA3a_exvivo
 1551   1051   1819  1.706 0.491     0.069     0.009        5     0.6  BA3b_exvivo
  887    615   2439  3.067 0.603     0.107     0.021        7     0.8  BA4a_exvivo
 1027    674   1604  2.517 0.452     0.069     0.010        3     0.4  BA4p_exvivo
 5697   4021  14708  3.085 0.539     0.114     0.021       51     5.1  BA6_exvivo
  967    757   2091  2.353 0.580     0.122     0.025       13     1.0  BA44_exvivo
  980    753   2820  2.715 0.711     0.134     0.031       24     1.1  BA45_exvivo
 3831   2917   6697  2.157 0.716     0.143     0.039       52     6.0  V1_exvivo
 3972   3235   8534  2.260 0.665     0.159     0.037       72     6.0  V2_exvivo
  266    190    606  2.764 0.607     0.118     0.024        4     0.3  MT_exvivo
   39     28     80  2.676 0.733     0.093     0.016        0     0.0  perirhinal_exvivo
  560    405   1271  2.826 0.716     0.104     0.017        3     0.4  entorhinal_exvivo

Started at Sat Mar 14 12:40:42 CET 2026 
Ended   at Sat Mar 14 12:43:07 CET 2026
#@#%# recon-all-run-time-hours 0.040
recon-all -s sub-v2s9x29169_ses-1 finished without error at Sat Mar 14 12:43:07 CET 2026
