
Sat Mar 14 11:51:20 CET 2026
cd /out/sourcedata/freesurfer/sub-v2s9x29159_ses-1
setenv SUBJECTS_DIR /out/sourcedata/freesurfer
/opt/freesurfer/bin/recon-all -autorecon-hemi lh -noparcstats -noparcstats2 -noparcstats3 -nohyporelabel -nobalabels -lh-only -openmp 16 -subjid sub-v2s9x29159_ses-1 -sd /out/sourcedata/freesurfer

subjid sub-v2s9x29159_ses-1
setenv SUBJECTS_DIR /out/sourcedata/freesurfer
FREESURFER_HOME /opt/freesurfer
Actual FREESURFER_HOME /opt/freesurfer
build-stamp.txt: freesurfer-linux-ubuntu22_x86_64-7.3.2-20220804-6354275
Linux dna073 5.14.0-427.37.1.el9_4.x86_64 #1 SMP PREEMPT_DYNAMIC Fri Sep 13 12:41:50 EDT 2024 x86_64 x86_64 x86_64 GNU/Linux
cputime      unlimited
filesize     unlimited
datasize     unlimited
stacksize    8192 kbytes
coredumpsize 0 kbytes
memoryuse    67108864 kbytes
vmemoryuse   unlimited
descriptors  1024 
memorylocked unlimited
maxproc      2061970 
maxlocks     unlimited
maxsignal    2062029 
maxmessage   819200 
maxnice      0 
maxrtprio    0 
maxrttime    unlimited

               total        used        free      shared  buff/cache   available
Mem:           503Gi        50Gi       301Gi        16Gi       150Gi       432Gi
Swap:             0B          0B          0B

########################################
program versions used
7.3.2 (freesurfer-linux-ubuntu22_x86_64-7.3.2-20220804-6354275)
7.3.2

ProgramName: lta_convert  ProgramArguments: lta_convert -all-info  ProgramVersion: 7.3.2  TimeStamp: 2026/03/14-10:51:20-GMT  BuildTime: Aug  4 2022 06:17:15  BuildStamp: freesurfer-linux-ubuntu22_x86_64-7.3.2-20220804-6354275  User: oesteban  Machine: dna073  Platform: Linux  PlatformVersion: 5.14.0-427.37.1.el9_4.x86_64  CompilerName: GCC  CompilerVersion: 8.4.0
ProgramName: mri_and  ProgramArguments: mri_and -all-info  ProgramVersion: 7.3.2  TimeStamp: 2026/03/14-10:51:20-GMT  BuildTime: Aug  4 2022 06:17:15  BuildStamp: freesurfer-linux-ubuntu22_x86_64-7.3.2-20220804-6354275  User: oesteban  Machine: dna073  Platform: Linux  PlatformVersion: 5.14.0-427.37.1.el9_4.x86_64  CompilerName: GCC  CompilerVersion: 8.4.0
ProgramName: mri_annotation2label  ProgramArguments: mri_annotation2label -all-info  ProgramVersion: 7.3.2  TimeStamp: 2026/03/14-10:51:20-GMT  BuildTime: Aug  4 2022 06:17:15  BuildStamp: freesurfer-linux-ubuntu22_x86_64-7.3.2-20220804-6354275  User: oesteban  Machine: dna073  Platform: Linux  PlatformVersion: 5.14.0-427.37.1.el9_4.x86_64  CompilerName: GCC  CompilerVersion: 8.4.0
ProgramName: mri_aparc2aseg  ProgramArguments: mri_aparc2aseg -all-info  ProgramVersion: 7.3.2  TimeStamp: 2026/03/14-10:51:20-GMT  BuildTime: Aug  4 2022 06:17:15  BuildStamp: freesurfer-linux-ubuntu22_x86_64-7.3.2-20220804-6354275  User: oesteban  Machine: dna073  Platform: Linux  PlatformVersion: 5.14.0-427.37.1.el9_4.x86_64  CompilerName: GCC  CompilerVersion: 8.4.0
ProgramName: mri_surf2volseg  ProgramArguments: mri_surf2volseg -all-info  ProgramVersion: 7.3.2  TimeStamp: 2026/03/14-10:51:20-GMT  BuildTime: Aug  4 2022 06:17:15  BuildStamp: freesurfer-linux-ubuntu22_x86_64-7.3.2-20220804-6354275  User: oesteban  Machine: dna073  Platform: Linux  PlatformVersion: 5.14.0-427.37.1.el9_4.x86_64  CompilerName: GCC  CompilerVersion: 8.4.0
ProgramName: mri_binarize  ProgramArguments: mri_binarize -all-info  ProgramVersion: 7.3.2  TimeStamp: 2026/03/14-10:51:20-GMT  BuildTime: Aug  4 2022 06:17:15  BuildStamp: freesurfer-linux-ubuntu22_x86_64-7.3.2-20220804-6354275  User: oesteban  Machine: dna073  Platform: Linux  PlatformVersion: 5.14.0-427.37.1.el9_4.x86_64  CompilerName: GCC  CompilerVersion: 8.4.0
ProgramName: mri_ca_label  ProgramArguments: mri_ca_label -all-info  ProgramVersion: 7.3.2  TimeStamp: 2026/03/14-10:51:20-GMT  BuildTime: Aug  4 2022 06:17:15  BuildStamp: freesurfer-linux-ubuntu22_x86_64-7.3.2-20220804-6354275  User: oesteban  Machine: dna073  Platform: Linux  PlatformVersion: 5.14.0-427.37.1.el9_4.x86_64  CompilerName: GCC  CompilerVersion: 8.4.0
ProgramName: mri_ca_normalize  ProgramArguments: mri_ca_normalize -all-info  ProgramVersion: 7.3.2  TimeStamp: 2026/03/14-10:51:20-GMT  BuildTime: Aug  4 2022 06:17:15  BuildStamp: freesurfer-linux-ubuntu22_x86_64-7.3.2-20220804-6354275  User: oesteban  Machine: dna073  Platform: Linux  PlatformVersion: 5.14.0-427.37.1.el9_4.x86_64  CompilerName: GCC  CompilerVersion: 8.4.0
ProgramName: mri_ca_register  ProgramArguments: mri_ca_register -all-info  ProgramVersion: 7.3.2  TimeStamp: 2026/03/14-10:51:20-GMT  BuildTime: Aug  4 2022 06:17:15  BuildStamp: freesurfer-linux-ubuntu22_x86_64-7.3.2-20220804-6354275  User: oesteban  Machine: dna073  Platform: Linux  PlatformVersion: 5.14.0-427.37.1.el9_4.x86_64  CompilerName: GCC  CompilerVersion: 8.4.0
ProgramName: mri_cc  ProgramArguments: mri_cc -all-info  ProgramVersion: 7.3.2  TimeStamp: 2026/03/14-10:51:20-GMT  BuildTime: Aug  4 2022 06:17:15  BuildStamp: freesurfer-linux-ubuntu22_x86_64-7.3.2-20220804-6354275  User: oesteban  Machine: dna073  Platform: Linux  PlatformVersion: 5.14.0-427.37.1.el9_4.x86_64  CompilerName: GCC  CompilerVersion: 8.4.0
ProgramName: mri_compute_overlap  ProgramArguments: mri_compute_overlap -all-info  ProgramVersion: 7.3.2  TimeStamp: 2026/03/14-10:51:20-GMT  BuildTime: Aug  4 2022 06:17:15  BuildStamp: freesurfer-linux-ubuntu22_x86_64-7.3.2-20220804-6354275  User: oesteban  Machine: dna073  Platform: Linux  PlatformVersion: 5.14.0-427.37.1.el9_4.x86_64  CompilerName: GCC  CompilerVersion: 8.4.0
ProgramName: mri_compute_seg_overlap  ProgramArguments: mri_compute_seg_overlap -all-info  ProgramVersion: 7.3.2  TimeStamp: 2026/03/14-10:51:20-GMT  BuildTime: Aug  4 2022 06:17:15  BuildStamp: freesurfer-linux-ubuntu22_x86_64-7.3.2-20220804-6354275  User: oesteban  Machine: dna073  Platform: Linux  PlatformVersion: 5.14.0-427.37.1.el9_4.x86_64  CompilerName: GCC  CompilerVersion: 8.4.0
ProgramName: mri_concat  ProgramArguments: mri_concat -all-info  ProgramVersion: 7.3.2  TimeStamp: 2026/03/14-10:51:20-GMT  BuildTime: Aug  4 2022 06:17:15  BuildStamp: freesurfer-linux-ubuntu22_x86_64-7.3.2-20220804-6354275  User: oesteban  Machine: dna073  Platform: Linux  PlatformVersion: 5.14.0-427.37.1.el9_4.x86_64  CompilerName: GCC  CompilerVersion: 8.4.0
ProgramName: mri_concatenate_lta  ProgramArguments: mri_concatenate_lta -all-info  ProgramVersion: 7.3.2  TimeStamp: 2026/03/14-10:51:20-GMT  BuildTime: Aug  4 2022 06:17:15  BuildStamp: freesurfer-linux-ubuntu22_x86_64-7.3.2-20220804-6354275  User: oesteban  Machine: dna073  Platform: Linux  PlatformVersion: 5.14.0-427.37.1.el9_4.x86_64  CompilerName: GCC  CompilerVersion: 8.4.0
mri_convert -all-info 
ProgramName: mri_convert  ProgramArguments: mri_convert -all-info  ProgramVersion: 7.3.2  TimeStamp: 2026/03/14-10:51:20-GMT  BuildTime: Aug  4 2022 06:17:15  BuildStamp: freesurfer-linux-ubuntu22_x86_64-7.3.2-20220804-6354275  User: oesteban  Machine: dna073  Platform: Linux  PlatformVersion: 5.14.0-427.37.1.el9_4.x86_64  CompilerName: GCC  CompilerVersion: 8.4.0
ProgramName: mri_diff  ProgramArguments: mri_diff -all-info  ProgramVersion: 7.3.2  TimeStamp: 2026/03/14-10:51:20-GMT  BuildTime: Aug  4 2022 06:17:15  BuildStamp: freesurfer-linux-ubuntu22_x86_64-7.3.2-20220804-6354275  User: oesteban  Machine: dna073  Platform: Linux  PlatformVersion: 5.14.0-427.37.1.el9_4.x86_64  CompilerName: GCC  CompilerVersion: 8.4.0
ProgramName: mri_edit_wm_with_aseg  ProgramArguments: mri_edit_wm_with_aseg -all-info  ProgramVersion: 7.3.2  TimeStamp: 2026/03/14-10:51:20-GMT  BuildTime: Aug  4 2022 06:17:15  BuildStamp: freesurfer-linux-ubuntu22_x86_64-7.3.2-20220804-6354275  User: oesteban  Machine: dna073  Platform: Linux  PlatformVersion: 5.14.0-427.37.1.el9_4.x86_64  CompilerName: GCC  CompilerVersion: 8.4.0
ProgramName: mri_em_register  ProgramArguments: mri_em_register -all-info  ProgramVersion: 7.3.2  TimeStamp: 2026/03/14-10:51:20-GMT  BuildTime: Aug  4 2022 06:17:15  BuildStamp: freesurfer-linux-ubuntu22_x86_64-7.3.2-20220804-6354275  User: oesteban  Machine: dna073  Platform: Linux  PlatformVersion: 5.14.0-427.37.1.el9_4.x86_64  CompilerName: GCC  CompilerVersion: 8.4.0
ProgramName: mri_fill  ProgramArguments: mri_fill -all-info  ProgramVersion: 7.3.2  TimeStamp: 2026/03/14-10:51:20-GMT  BuildTime: Aug  4 2022 06:17:15  BuildStamp: freesurfer-linux-ubuntu22_x86_64-7.3.2-20220804-6354275  User: oesteban  Machine: dna073  Platform: Linux  PlatformVersion: 5.14.0-427.37.1.el9_4.x86_64  CompilerName: GCC  CompilerVersion: 8.4.0
ProgramName: mri_fuse_segmentations  ProgramArguments: mri_fuse_segmentations -all-info  ProgramVersion: 7.3.2  TimeStamp: 2026/03/14-10:51:20-GMT  BuildTime: Aug  4 2022 06:17:15  BuildStamp: freesurfer-linux-ubuntu22_x86_64-7.3.2-20220804-6354275  User: oesteban  Machine: dna073  Platform: Linux  PlatformVersion: 5.14.0-427.37.1.el9_4.x86_64  CompilerName: GCC  CompilerVersion: 8.4.0
ProgramName: mri_fwhm  ProgramArguments: mri_fwhm -all-info  ProgramVersion: 7.3.2  TimeStamp: 2026/03/14-10:51:20-GMT  BuildTime: Aug  4 2022 06:17:15  BuildStamp: freesurfer-linux-ubuntu22_x86_64-7.3.2-20220804-6354275  User: oesteban  Machine: dna073  Platform: Linux  PlatformVersion: 5.14.0-427.37.1.el9_4.x86_64  CompilerName: GCC  CompilerVersion: 8.4.0
ProgramName: mri_gcut  ProgramArguments: mri_gcut -all-info  ProgramVersion: 7.3.2  TimeStamp: 2026/03/14-10:51:20-GMT  BuildTime: Aug  4 2022 06:17:15  BuildStamp: freesurfer-linux-ubuntu22_x86_64-7.3.2-20220804-6354275  User: oesteban  Machine: dna073  Platform: Linux  PlatformVersion: 5.14.0-427.37.1.el9_4.x86_64  CompilerName: GCC  CompilerVersion: 8.4.0
ProgramName: mri_info  ProgramArguments: mri_info -all-info  ProgramVersion: 7.3.2  TimeStamp: 2026/03/14-10:51:20-GMT  BuildTime: Aug  4 2022 06:17:15  BuildStamp: freesurfer-linux-ubuntu22_x86_64-7.3.2-20220804-6354275  User: oesteban  Machine: dna073  Platform: Linux  PlatformVersion: 5.14.0-427.37.1.el9_4.x86_64  CompilerName: GCC  CompilerVersion: 8.4.0
ProgramName: mri_label2label  ProgramArguments: mri_label2label -all-info  ProgramVersion: 7.3.2  TimeStamp: 2026/03/14-10:51:20-GMT  BuildTime: Aug  4 2022 06:17:15  BuildStamp: freesurfer-linux-ubuntu22_x86_64-7.3.2-20220804-6354275  User: oesteban  Machine: dna073  Platform: Linux  PlatformVersion: 5.14.0-427.37.1.el9_4.x86_64  CompilerName: GCC  CompilerVersion: 8.4.0
ProgramName: mri_label2vol  ProgramArguments: mri_label2vol -all-info  ProgramVersion: 7.3.2  TimeStamp: 2026/03/14-10:51:20-GMT  BuildTime: Aug  4 2022 06:17:15  BuildStamp: freesurfer-linux-ubuntu22_x86_64-7.3.2-20220804-6354275  User: oesteban  Machine: dna073  Platform: Linux  PlatformVersion: 5.14.0-427.37.1.el9_4.x86_64  CompilerName: GCC  CompilerVersion: 8.4.0
ProgramName: mri_log_likelihood  ProgramArguments: mri_log_likelihood -all-info  ProgramVersion: 7.3.2  TimeStamp: 2026/03/14-10:51:20-GMT  BuildTime: Aug  4 2022 06:17:15  BuildStamp: freesurfer-linux-ubuntu22_x86_64-7.3.2-20220804-6354275  User: oesteban  Machine: dna073  Platform: Linux  PlatformVersion: 5.14.0-427.37.1.el9_4.x86_64  CompilerName: GCC  CompilerVersion: 8.4.0
ProgramName: mri_mask  ProgramArguments: mri_mask -all-info  ProgramVersion: 7.3.2  TimeStamp: 2026/03/14-10:51:20-GMT  BuildTime: Aug  4 2022 06:17:15  BuildStamp: freesurfer-linux-ubuntu22_x86_64-7.3.2-20220804-6354275  User: oesteban  Machine: dna073  Platform: Linux  PlatformVersion: 5.14.0-427.37.1.el9_4.x86_64  CompilerName: GCC  CompilerVersion: 8.4.0
ProgramName: mri_matrix_multiply  ProgramArguments: mri_matrix_multiply -all-info  ProgramVersion: 7.3.2  TimeStamp: 2026/03/14-10:51:20-GMT  BuildTime: Aug  4 2022 06:17:15  BuildStamp: freesurfer-linux-ubuntu22_x86_64-7.3.2-20220804-6354275  User: oesteban  Machine: dna073  Platform: Linux  PlatformVersion: 5.14.0-427.37.1.el9_4.x86_64  CompilerName: GCC  CompilerVersion: 8.4.0
ProgramName: mri_normalize  ProgramArguments: mri_normalize -all-info  ProgramVersion: 7.3.2  TimeStamp: 2026/03/14-10:51:20-GMT  BuildTime: Aug  4 2022 06:17:15  BuildStamp: freesurfer-linux-ubuntu22_x86_64-7.3.2-20220804-6354275  User: oesteban  Machine: dna073  Platform: Linux  PlatformVersion: 5.14.0-427.37.1.el9_4.x86_64  CompilerName: GCC  CompilerVersion: 8.4.0
ProgramName: mri_normalize_tp2  ProgramArguments: mri_normalize_tp2 -all-info  ProgramVersion: 7.3.2  TimeStamp: 2026/03/14-10:51:20-GMT  BuildTime: Aug  4 2022 06:17:15  BuildStamp: freesurfer-linux-ubuntu22_x86_64-7.3.2-20220804-6354275  User: oesteban  Machine: dna073  Platform: Linux  PlatformVersion: 5.14.0-427.37.1.el9_4.x86_64  CompilerName: GCC  CompilerVersion: 8.4.0
ProgramName: mri_or  ProgramArguments: mri_or -all-info  ProgramVersion: 7.3.2  TimeStamp: 2026/03/14-10:51:20-GMT  BuildTime: Aug  4 2022 06:17:15  BuildStamp: freesurfer-linux-ubuntu22_x86_64-7.3.2-20220804-6354275  User: oesteban  Machine: dna073  Platform: Linux  PlatformVersion: 5.14.0-427.37.1.el9_4.x86_64  CompilerName: GCC  CompilerVersion: 8.4.0
ProgramName: mri_relabel_hypointensities  ProgramArguments: mri_relabel_hypointensities -all-info  ProgramVersion: 7.3.2  TimeStamp: 2026/03/14-10:51:20-GMT  BuildTime: Aug  4 2022 06:17:15  BuildStamp: freesurfer-linux-ubuntu22_x86_64-7.3.2-20220804-6354275  User: oesteban  Machine: dna073  Platform: Linux  PlatformVersion: 5.14.0-427.37.1.el9_4.x86_64  CompilerName: GCC  CompilerVersion: 8.4.0
ProgramName: mri_relabel_nonwm_hypos  ProgramArguments: mri_relabel_nonwm_hypos -all-info  ProgramVersion: 7.3.2  TimeStamp: 2026/03/14-10:51:20-GMT  BuildTime: Aug  4 2022 06:17:15  BuildStamp: freesurfer-linux-ubuntu22_x86_64-7.3.2-20220804-6354275  User: oesteban  Machine: dna073  Platform: Linux  PlatformVersion: 5.14.0-427.37.1.el9_4.x86_64  CompilerName: GCC  CompilerVersion: 8.4.0
ProgramName: mri_remove_neck  ProgramArguments: mri_remove_neck -all-info  ProgramVersion: 7.3.2  TimeStamp: 2026/03/14-10:51:20-GMT  BuildTime: Aug  4 2022 06:17:15  BuildStamp: freesurfer-linux-ubuntu22_x86_64-7.3.2-20220804-6354275  User: oesteban  Machine: dna073  Platform: Linux  PlatformVersion: 5.14.0-427.37.1.el9_4.x86_64  CompilerName: GCC  CompilerVersion: 8.4.0
7.3.2

ProgramName: mri_robust_register  ProgramArguments: mri_robust_register -all-info  ProgramVersion: 7.3.2  TimeStamp: 2026/03/14-10:51:20-GMT  BuildTime: Aug  4 2022 06:17:15  BuildStamp: freesurfer-linux-ubuntu22_x86_64-7.3.2-20220804-6354275  User: oesteban  Machine: dna073  Platform: Linux  PlatformVersion: 5.14.0-427.37.1.el9_4.x86_64  CompilerName: GCC  CompilerVersion: 8.4.0
7.3.2

ProgramName: mri_robust_template  ProgramArguments: mri_robust_template -all-info  ProgramVersion: 7.3.2  TimeStamp: 2026/03/14-10:51:20-GMT  BuildTime: Aug  4 2022 06:17:15  BuildStamp: freesurfer-linux-ubuntu22_x86_64-7.3.2-20220804-6354275  User: oesteban  Machine: dna073  Platform: Linux  PlatformVersion: 5.14.0-427.37.1.el9_4.x86_64  CompilerName: GCC  CompilerVersion: 8.4.0
ProgramName: mris_anatomical_stats  ProgramArguments: mris_anatomical_stats -all-info  ProgramVersion: 7.3.2  TimeStamp: 2026/03/14-10:51:20-GMT  BuildTime: Aug  4 2022 06:17:15  BuildStamp: freesurfer-linux-ubuntu22_x86_64-7.3.2-20220804-6354275  User: oesteban  Machine: dna073  Platform: Linux  PlatformVersion: 5.14.0-427.37.1.el9_4.x86_64  CompilerName: GCC  CompilerVersion: 8.4.0
ProgramName: mris_ca_label  ProgramArguments: mris_ca_label -all-info  ProgramVersion: 7.3.2  TimeStamp: 2026/03/14-10:51:20-GMT  BuildTime: Aug  4 2022 06:17:15  BuildStamp: freesurfer-linux-ubuntu22_x86_64-7.3.2-20220804-6354275  User: oesteban  Machine: dna073  Platform: Linux  PlatformVersion: 5.14.0-427.37.1.el9_4.x86_64  CompilerName: GCC  CompilerVersion: 8.4.0
ProgramName: mris_calc  ProgramArguments: mris_calc -all-info  ProgramVersion: 7.3.2  TimeStamp: 2026/03/14-10:51:20-GMT  BuildTime: Aug  4 2022 06:17:15  BuildStamp: freesurfer-linux-ubuntu22_x86_64-7.3.2-20220804-6354275  User: oesteban  Machine: dna073  Platform: Linux  PlatformVersion: 5.14.0-427.37.1.el9_4.x86_64  CompilerName: GCC  CompilerVersion: 8.4.0
ProgramName: mris_convert  ProgramArguments: mris_convert -all-info  ProgramVersion: 7.3.2  TimeStamp: 2026/03/14-10:51:20-GMT  BuildTime: Aug  4 2022 06:17:15  BuildStamp: freesurfer-linux-ubuntu22_x86_64-7.3.2-20220804-6354275  User: oesteban  Machine: dna073  Platform: Linux  PlatformVersion: 5.14.0-427.37.1.el9_4.x86_64  CompilerName: GCC  CompilerVersion: 8.4.0
ProgramName: mris_curvature  ProgramArguments: mris_curvature -all-info  ProgramVersion: 7.3.2  TimeStamp: 2026/03/14-10:51:20-GMT  BuildTime: Aug  4 2022 06:17:15  BuildStamp: freesurfer-linux-ubuntu22_x86_64-7.3.2-20220804-6354275  User: oesteban  Machine: dna073  Platform: Linux  PlatformVersion: 5.14.0-427.37.1.el9_4.x86_64  CompilerName: GCC  CompilerVersion: 8.4.0
ProgramName: mris_curvature_stats  ProgramArguments: mris_curvature_stats -all-info  ProgramVersion: 7.3.2  TimeStamp: 2026/03/14-10:51:20-GMT  BuildTime: Aug  4 2022 06:17:15  BuildStamp: freesurfer-linux-ubuntu22_x86_64-7.3.2-20220804-6354275  User: oesteban  Machine: dna073  Platform: Linux  PlatformVersion: 5.14.0-427.37.1.el9_4.x86_64  CompilerName: GCC  CompilerVersion: 8.4.0
ProgramName: mris_diff  ProgramArguments: mris_diff -all-info  ProgramVersion: 7.3.2  TimeStamp: 2026/03/14-10:51:20-GMT  BuildTime: Aug  4 2022 06:17:15  BuildStamp: freesurfer-linux-ubuntu22_x86_64-7.3.2-20220804-6354275  User: oesteban  Machine: dna073  Platform: Linux  PlatformVersion: 5.14.0-427.37.1.el9_4.x86_64  CompilerName: GCC  CompilerVersion: 8.4.0
ProgramName: mris_divide_parcellation  ProgramArguments: mris_divide_parcellation -all-info  ProgramVersion: 7.3.2  TimeStamp: 2026/03/14-10:51:20-GMT  BuildTime: Aug  4 2022 06:17:15  BuildStamp: freesurfer-linux-ubuntu22_x86_64-7.3.2-20220804-6354275  User: oesteban  Machine: dna073  Platform: Linux  PlatformVersion: 5.14.0-427.37.1.el9_4.x86_64  CompilerName: GCC  CompilerVersion: 8.4.0
ProgramName: mri_segment  ProgramArguments: mri_segment -all-info  ProgramVersion: 7.3.2  TimeStamp: 2026/03/14-10:51:20-GMT  BuildTime: Aug  4 2022 06:17:15  BuildStamp: freesurfer-linux-ubuntu22_x86_64-7.3.2-20220804-6354275  User: oesteban  Machine: dna073  Platform: Linux  PlatformVersion: 5.14.0-427.37.1.el9_4.x86_64  CompilerName: GCC  CompilerVersion: 8.4.0
ProgramName: mri_segstats  ProgramArguments: mri_segstats -all-info  ProgramVersion: 7.3.2  TimeStamp: 2026/03/14-10:51:20-GMT  BuildTime: Aug  4 2022 06:17:15  BuildStamp: freesurfer-linux-ubuntu22_x86_64-7.3.2-20220804-6354275  User: oesteban  Machine: dna073  Platform: Linux  PlatformVersion: 5.14.0-427.37.1.el9_4.x86_64  CompilerName: GCC  CompilerVersion: 8.4.0
ProgramName: mris_euler_number  ProgramArguments: mris_euler_number -all-info  ProgramVersion: 7.3.2  TimeStamp: 2026/03/14-10:51:20-GMT  BuildTime: Aug  4 2022 06:17:15  BuildStamp: freesurfer-linux-ubuntu22_x86_64-7.3.2-20220804-6354275  User: oesteban  Machine: dna073  Platform: Linux  PlatformVersion: 5.14.0-427.37.1.el9_4.x86_64  CompilerName: GCC  CompilerVersion: 8.4.0
ProgramName: mris_fix_topology  ProgramArguments: mris_fix_topology -all-info  ProgramVersion: 7.3.2  TimeStamp: 2026/03/14-10:51:20-GMT  BuildTime: Aug  4 2022 06:17:15  BuildStamp: freesurfer-linux-ubuntu22_x86_64-7.3.2-20220804-6354275  User: oesteban  Machine: dna073  Platform: Linux  PlatformVersion: 5.14.0-427.37.1.el9_4.x86_64  CompilerName: GCC  CompilerVersion: 8.4.0
ProgramName: mris_topo_fixer  ProgramArguments: mris_topo_fixer -all-info  ProgramVersion: 7.3.2  TimeStamp: 2026/03/14-10:51:20-GMT  BuildTime: Aug  4 2022 06:17:15  BuildStamp: freesurfer-linux-ubuntu22_x86_64-7.3.2-20220804-6354275  User: oesteban  Machine: dna073  Platform: Linux  PlatformVersion: 5.14.0-427.37.1.el9_4.x86_64  CompilerName: GCC  CompilerVersion: 8.4.0
ProgramName: mris_jacobian  ProgramArguments: mris_jacobian -all-info  ProgramVersion: 7.3.2  TimeStamp: 2026/03/14-10:51:20-GMT  BuildTime: Aug  4 2022 06:17:15  BuildStamp: freesurfer-linux-ubuntu22_x86_64-7.3.2-20220804-6354275  User: oesteban  Machine: dna073  Platform: Linux  PlatformVersion: 5.14.0-427.37.1.el9_4.x86_64  CompilerName: GCC  CompilerVersion: 8.4.0
ProgramName: mris_label2annot  ProgramArguments: mris_label2annot -all-info  ProgramVersion: 7.3.2  TimeStamp: 2026/03/14-10:51:20-GMT  BuildTime: Aug  4 2022 06:17:15  BuildStamp: freesurfer-linux-ubuntu22_x86_64-7.3.2-20220804-6354275  User: oesteban  Machine: dna073  Platform: Linux  PlatformVersion: 5.14.0-427.37.1.el9_4.x86_64  CompilerName: GCC  CompilerVersion: 8.4.0
ProgramName: mris_left_right_register  ProgramArguments: mris_left_right_register -all-info  ProgramVersion: 7.3.2  TimeStamp: 2026/03/14-10:51:20-GMT  BuildTime: Aug  4 2022 06:17:15  BuildStamp: freesurfer-linux-ubuntu22_x86_64-7.3.2-20220804-6354275  User: oesteban  Machine: dna073  Platform: Linux  PlatformVersion: 5.14.0-427.37.1.el9_4.x86_64  CompilerName: GCC  CompilerVersion: 8.4.0
ProgramName: mris_place_surface  ProgramArguments: mris_place_surface -all-info  ProgramVersion: 7.3.2  TimeStamp: 2026/03/14-10:51:20-GMT  BuildTime: Aug  4 2022 06:17:15  BuildStamp: freesurfer-linux-ubuntu22_x86_64-7.3.2-20220804-6354275  User: oesteban  Machine: dna073  Platform: Linux  PlatformVersion: 5.14.0-427.37.1.el9_4.x86_64  CompilerName: GCC  CompilerVersion: 8.4.0
ProgramName: mrisp_paint  ProgramArguments: mrisp_paint -all-info  ProgramVersion: 7.3.2  TimeStamp: 2026/03/14-10:51:20-GMT  BuildTime: Aug  4 2022 06:17:15  BuildStamp: freesurfer-linux-ubuntu22_x86_64-7.3.2-20220804-6354275  User: oesteban  Machine: dna073  Platform: Linux  PlatformVersion: 5.14.0-427.37.1.el9_4.x86_64  CompilerName: GCC  CompilerVersion: 8.4.0
ProgramName: mris_register  ProgramArguments: mris_register -all-info  ProgramVersion: 7.3.2  TimeStamp: 2026/03/14-10:51:20-GMT  BuildTime: Aug  4 2022 06:17:15  BuildStamp: freesurfer-linux-ubuntu22_x86_64-7.3.2-20220804-6354275  User: oesteban  Machine: dna073  Platform: Linux  PlatformVersion: 5.14.0-427.37.1.el9_4.x86_64  CompilerName: GCC  CompilerVersion: 8.4.0
ProgramName: mris_smooth  ProgramArguments: mris_smooth -all-info  ProgramVersion: 7.3.2  TimeStamp: 2026/03/14-10:51:20-GMT  BuildTime: Aug  4 2022 06:17:15  BuildStamp: freesurfer-linux-ubuntu22_x86_64-7.3.2-20220804-6354275  User: oesteban  Machine: dna073  Platform: Linux  PlatformVersion: 5.14.0-427.37.1.el9_4.x86_64  CompilerName: GCC  CompilerVersion: 8.4.0
ProgramName: mris_sphere  ProgramArguments: mris_sphere -all-info  ProgramVersion: 7.3.2  TimeStamp: 2026/03/14-10:51:20-GMT  BuildTime: Aug  4 2022 06:17:15  BuildStamp: freesurfer-linux-ubuntu22_x86_64-7.3.2-20220804-6354275  User: oesteban  Machine: dna073  Platform: Linux  PlatformVersion: 5.14.0-427.37.1.el9_4.x86_64  CompilerName: GCC  CompilerVersion: 8.4.0
ProgramName: mris_surface_stats  ProgramArguments: mris_surface_stats -all-info  ProgramVersion: 7.3.2  TimeStamp: 2026/03/14-10:51:20-GMT  BuildTime: Aug  4 2022 06:17:15  BuildStamp: freesurfer-linux-ubuntu22_x86_64-7.3.2-20220804-6354275  User: oesteban  Machine: dna073  Platform: Linux  PlatformVersion: 5.14.0-427.37.1.el9_4.x86_64  CompilerName: GCC  CompilerVersion: 8.4.0
ProgramName: mri_stats2seg  ProgramArguments: mri_stats2seg -all-info  ProgramVersion: 7.3.2  TimeStamp: 2026/03/14-10:51:20-GMT  BuildTime: Aug  4 2022 06:17:15  BuildStamp: freesurfer-linux-ubuntu22_x86_64-7.3.2-20220804-6354275  User: oesteban  Machine: dna073  Platform: Linux  PlatformVersion: 5.14.0-427.37.1.el9_4.x86_64  CompilerName: GCC  CompilerVersion: 8.4.0
ProgramName: mris_thickness  ProgramArguments: mris_thickness -all-info  ProgramVersion: 7.3.2  TimeStamp: 2026/03/14-10:51:20-GMT  BuildTime: Aug  4 2022 06:17:15  BuildStamp: freesurfer-linux-ubuntu22_x86_64-7.3.2-20220804-6354275  User: oesteban  Machine: dna073  Platform: Linux  PlatformVersion: 5.14.0-427.37.1.el9_4.x86_64  CompilerName: GCC  CompilerVersion: 8.4.0
ProgramName: mris_thickness_diff  ProgramArguments: mris_thickness_diff -all-info  ProgramVersion: 7.3.2  TimeStamp: 2026/03/14-10:51:20-GMT  BuildTime: Aug  4 2022 06:17:15  BuildStamp: freesurfer-linux-ubuntu22_x86_64-7.3.2-20220804-6354275  User: oesteban  Machine: dna073  Platform: Linux  PlatformVersion: 5.14.0-427.37.1.el9_4.x86_64  CompilerName: GCC  CompilerVersion: 8.4.0
ProgramName: mris_topo_fixer  ProgramArguments: mris_topo_fixer -all-info  ProgramVersion: 7.3.2  TimeStamp: 2026/03/14-10:51:20-GMT  BuildTime: Aug  4 2022 06:17:15  BuildStamp: freesurfer-linux-ubuntu22_x86_64-7.3.2-20220804-6354275  User: oesteban  Machine: dna073  Platform: Linux  PlatformVersion: 5.14.0-427.37.1.el9_4.x86_64  CompilerName: GCC  CompilerVersion: 8.4.0
ProgramName: mri_surf2surf  ProgramArguments: mri_surf2surf -all-info  ProgramVersion: 7.3.2  TimeStamp: 2026/03/14-10:51:20-GMT  BuildTime: Aug  4 2022 06:17:15  BuildStamp: freesurfer-linux-ubuntu22_x86_64-7.3.2-20220804-6354275  User: oesteban  Machine: dna073  Platform: Linux  PlatformVersion: 5.14.0-427.37.1.el9_4.x86_64  CompilerName: GCC  CompilerVersion: 8.4.0
ProgramName: mri_surf2vol  ProgramArguments: mri_surf2vol -all-info  ProgramVersion: 7.3.2  TimeStamp: 2026/03/14-10:51:20-GMT  BuildTime: Aug  4 2022 06:17:15  BuildStamp: freesurfer-linux-ubuntu22_x86_64-7.3.2-20220804-6354275  User: oesteban  Machine: dna073  Platform: Linux  PlatformVersion: 5.14.0-427.37.1.el9_4.x86_64  CompilerName: GCC  CompilerVersion: 8.4.0
ProgramName: mri_surfcluster  ProgramArguments: mri_surfcluster -all-info  ProgramVersion: 7.3.2  TimeStamp: 2026/03/14-10:51:20-GMT  BuildTime: Aug  4 2022 06:17:15  BuildStamp: freesurfer-linux-ubuntu22_x86_64-7.3.2-20220804-6354275  User: oesteban  Machine: dna073  Platform: Linux  PlatformVersion: 5.14.0-427.37.1.el9_4.x86_64  CompilerName: GCC  CompilerVersion: 8.4.0
ProgramName: mris_volmask  ProgramArguments: mris_volmask -all-info  ProgramVersion: 7.3.2  TimeStamp: 2026/03/14-10:51:20-GMT  BuildTime: Aug  4 2022 06:17:15  BuildStamp: freesurfer-linux-ubuntu22_x86_64-7.3.2-20220804-6354275  User: oesteban  Machine: dna073  Platform: Linux  PlatformVersion: 5.14.0-427.37.1.el9_4.x86_64  CompilerName: GCC  CompilerVersion: 8.4.0
ProgramName: mri_tessellate  ProgramArguments: mri_tessellate -all-info  ProgramVersion: 7.3.2  TimeStamp: 2026/03/14-10:51:20-GMT  BuildTime: Aug  4 2022 06:17:15  BuildStamp: freesurfer-linux-ubuntu22_x86_64-7.3.2-20220804-6354275  User: oesteban  Machine: dna073  Platform: Linux  PlatformVersion: 5.14.0-427.37.1.el9_4.x86_64  CompilerName: GCC  CompilerVersion: 8.4.0
ProgramName: mri_vol2surf  ProgramArguments: mri_vol2surf -all-info  ProgramVersion: 7.3.2  TimeStamp: 2026/03/14-10:51:20-GMT  BuildTime: Aug  4 2022 06:17:15  BuildStamp: freesurfer-linux-ubuntu22_x86_64-7.3.2-20220804-6354275  User: oesteban  Machine: dna073  Platform: Linux  PlatformVersion: 5.14.0-427.37.1.el9_4.x86_64  CompilerName: GCC  CompilerVersion: 8.4.0
ProgramName: mri_vol2vol  ProgramArguments: mri_vol2vol -all-info  ProgramVersion: 7.3.2  TimeStamp: 2026/03/14-10:51:20-GMT  BuildTime: Aug  4 2022 06:17:15  BuildStamp: freesurfer-linux-ubuntu22_x86_64-7.3.2-20220804-6354275  User: oesteban  Machine: dna073  Platform: Linux  PlatformVersion: 5.14.0-427.37.1.el9_4.x86_64  CompilerName: GCC  CompilerVersion: 8.4.0
ProgramName: mri_voldiff  ProgramArguments: mri_voldiff -all-info  ProgramVersion: 7.3.2  TimeStamp: 2026/03/14-10:51:20-GMT  BuildTime: Aug  4 2022 06:17:15  BuildStamp: freesurfer-linux-ubuntu22_x86_64-7.3.2-20220804-6354275  User: oesteban  Machine: dna073  Platform: Linux  PlatformVersion: 5.14.0-427.37.1.el9_4.x86_64  CompilerName: GCC  CompilerVersion: 8.4.0
ProgramName: mri_watershed  ProgramArguments: mri_watershed -all-info  ProgramVersion: 7.3.2  TimeStamp: 2026/03/14-10:51:20-GMT  BuildTime: Aug  4 2022 06:17:15  BuildStamp: freesurfer-linux-ubuntu22_x86_64-7.3.2-20220804-6354275  User: oesteban  Machine: dna073  Platform: Linux  PlatformVersion: 5.14.0-427.37.1.el9_4.x86_64  CompilerName: GCC  CompilerVersion: 8.4.0
ProgramName: tkregister2  ProgramArguments: tkregister2_cmdl -all-info  ProgramVersion: 7.3.2  TimeStamp: 2026/03/14-10:51:20-GMT  BuildTime: Aug  4 2022 06:17:15  BuildStamp: freesurfer-linux-ubuntu22_x86_64-7.3.2-20220804-6354275  User: oesteban  Machine: dna073  Platform: Linux  PlatformVersion: 5.14.0-427.37.1.el9_4.x86_64  CompilerName: GCC  CompilerVersion: 8.4.0
mri_motion_correct.fsl 7.3.2
mri_convert -all-info 
ProgramName: mri_convert  ProgramArguments: mri_convert -all-info  ProgramVersion: 7.3.2  TimeStamp: 2026/03/14-10:51:20-GMT  BuildTime: Aug  4 2022 06:17:15  BuildStamp: freesurfer-linux-ubuntu22_x86_64-7.3.2-20220804-6354275  User: oesteban  Machine: dna073  Platform: Linux  PlatformVersion: 5.14.0-427.37.1.el9_4.x86_64  CompilerName: GCC  CompilerVersion: 8.4.0
Program nu_correct, built from:
Package MNI N3, version 1.12.0, compiled by nicks@terrier (x86_64-unknown-linux-gnu) on 2015-06-19 at 01:25:34
#######################################
GCADIR /opt/freesurfer/average
GCA RB_all_2020-01-02.gca
GCASkull RB_all_withskull_2020_01_02.gca
AvgCurvTif folding.atlas.acfb40.noaparc.i12.2016-08-02.tif
GCSDIR /opt/freesurfer/average
GCS DKaparc.atlas.acfb40.noaparc.i12.2016-08-02.gcs
#######################################
#--------------------------------------------
#@# Tessellate lh Sat Mar 14 11:51:20 CET 2026
/out/sourcedata/freesurfer/sub-v2s9x29159_ses-1/scripts

 mri_pretess ../mri/filled.mgz 255 ../mri/norm.mgz ../mri/filled-pretess255.mgz 


Iteration Number : 1
pass   1 (xy+):  10 found -  10 modified     |    TOTAL:  10
pass   2 (xy+):   0 found -  10 modified     |    TOTAL:  10
pass   1 (xy-):   0 found -   0 modified     |    TOTAL:  10
pass   1 (yz+):   3 found -   3 modified     |    TOTAL:  13
pass   2 (yz+):   0 found -   3 modified     |    TOTAL:  13
pass   1 (yz-):  10 found -  10 modified     |    TOTAL:  23
pass   2 (yz-):   0 found -  10 modified     |    TOTAL:  23
pass   1 (xz+):   5 found -   5 modified     |    TOTAL:  28
pass   2 (xz+):   0 found -   5 modified     |    TOTAL:  28
pass   1 (xz-):   7 found -   7 modified     |    TOTAL:  35
pass   2 (xz-):   0 found -   7 modified     |    TOTAL:  35
Iteration Number : 1
pass   1 (+++):   0 found -   0 modified     |    TOTAL:   0
pass   1 (+++):   4 found -   4 modified     |    TOTAL:   4
pass   2 (+++):   0 found -   4 modified     |    TOTAL:   4
pass   1 (+++):   2 found -   2 modified     |    TOTAL:   6
pass   2 (+++):   0 found -   2 modified     |    TOTAL:   6
pass   1 (+++):   0 found -   0 modified     |    TOTAL:   6
Iteration Number : 1
pass   1 (++):   2 found -   2 modified     |    TOTAL:   2
pass   2 (++):   0 found -   2 modified     |    TOTAL:   2
pass   1 (+-):   1 found -   1 modified     |    TOTAL:   3
pass   2 (+-):   0 found -   1 modified     |    TOTAL:   3
pass   1 (--):   1 found -   1 modified     |    TOTAL:   4
pass   2 (--):   0 found -   1 modified     |    TOTAL:   4
pass   1 (-+):   7 found -   7 modified     |    TOTAL:  11
pass   2 (-+):   0 found -   7 modified     |    TOTAL:  11
Iteration Number : 2
pass   1 (xy+):   1 found -   1 modified     |    TOTAL:   1
pass   2 (xy+):   0 found -   1 modified     |    TOTAL:   1
pass   1 (xy-):   0 found -   0 modified     |    TOTAL:   1
pass   1 (yz+):   0 found -   0 modified     |    TOTAL:   1
pass   1 (yz-):   0 found -   0 modified     |    TOTAL:   1
pass   1 (xz+):   0 found -   0 modified     |    TOTAL:   1
pass   1 (xz-):   0 found -   0 modified     |    TOTAL:   1
Iteration Number : 2
pass   1 (+++):   0 found -   0 modified     |    TOTAL:   0
pass   1 (+++):   0 found -   0 modified     |    TOTAL:   0
pass   1 (+++):   0 found -   0 modified     |    TOTAL:   0
pass   1 (+++):   0 found -   0 modified     |    TOTAL:   0
Iteration Number : 2
pass   1 (++):   0 found -   0 modified     |    TOTAL:   0
pass   1 (+-):   0 found -   0 modified     |    TOTAL:   0
pass   1 (--):   0 found -   0 modified     |    TOTAL:   0
pass   1 (-+):   0 found -   0 modified     |    TOTAL:   0
Iteration Number : 3
pass   1 (xy+):   0 found -   0 modified     |    TOTAL:   0
pass   1 (xy-):   0 found -   0 modified     |    TOTAL:   0
pass   1 (yz+):   0 found -   0 modified     |    TOTAL:   0
pass   1 (yz-):   0 found -   0 modified     |    TOTAL:   0
pass   1 (xz+):   0 found -   0 modified     |    TOTAL:   0
pass   1 (xz-):   0 found -   0 modified     |    TOTAL:   0
Iteration Number : 3
pass   1 (+++):   0 found -   0 modified     |    TOTAL:   0
pass   1 (+++):   0 found -   0 modified     |    TOTAL:   0
pass   1 (+++):   0 found -   0 modified     |    TOTAL:   0
pass   1 (+++):   0 found -   0 modified     |    TOTAL:   0
Iteration Number : 3
pass   1 (++):   0 found -   0 modified     |    TOTAL:   0
pass   1 (+-):   0 found -   0 modified     |    TOTAL:   0
pass   1 (--):   0 found -   0 modified     |    TOTAL:   0
pass   1 (-+):   0 found -   0 modified     |    TOTAL:   0

Total Number of Modified Voxels = 53 (out of 210740: 0.025149)
Ambiguous edge configurations... 

mri_pretess done


 mri_tessellate ../mri/filled-pretess255.mgz 255 ../surf/lh.orig.nofix 

7.3.2
  7.3.2
slice 40: 551 vertices, 613 faces
slice 50: 5142 vertices, 5328 faces
slice 60: 12212 vertices, 12482 faces
slice 70: 21182 vertices, 21519 faces
slice 80: 30547 vertices, 30897 faces
slice 90: 40281 vertices, 40638 faces
slice 100: 51396 vertices, 51768 faces
slice 110: 62453 vertices, 62839 faces
slice 120: 72383 vertices, 72753 faces
slice 130: 81760 vertices, 82107 faces
slice 140: 91034 vertices, 91416 faces
slice 150: 99091 vertices, 99360 faces
slice 160: 105370 vertices, 105606 faces
slice 170: 110184 vertices, 110398 faces
slice 180: 113586 vertices, 113714 faces
slice 190: 115004 vertices, 115038 faces
slice 200: 115004 vertices, 115038 faces
slice 210: 115004 vertices, 115038 faces
slice 220: 115004 vertices, 115038 faces
slice 230: 115004 vertices, 115038 faces
slice 240: 115004 vertices, 115038 faces
slice 250: 115004 vertices, 115038 faces
using the conformed surface RAS to save vertex points...
writing ../surf/lh.orig.nofix
using vox2ras matrix:
-1.00000   0.00000   0.00000   128.00000;
 0.00000   0.00000   1.00000  -128.00000;
 0.00000  -1.00000   0.00000   128.00000;
 0.00000   0.00000   0.00000   1.00000;

 rm -f ../mri/filled-pretess255.mgz 


 mris_extract_main_component ../surf/lh.orig.nofix ../surf/lh.orig.nofix 


counting number of connected components...
   115004 voxel in cpt #1: X=-34 [v=115004,e=345114,f=230076] located at (-32.241199, -22.012417, 9.293442)
For the whole surface: X=-34 [v=115004,e=345114,f=230076]
One single component has been found
nothing to do
done

#--------------------------------------------
#@# Smooth1 lh Sat Mar 14 11:51:23 CET 2026
/out/sourcedata/freesurfer/sub-v2s9x29159_ses-1/scripts

 mris_smooth -nw -seed 1234 ../surf/lh.orig.nofix ../surf/lh.smoothwm.nofix 

setting seed for random number generator to 1234
smoothing surface tessellation for 10 iterations...
smoothing complete - recomputing first and second fundamental forms...
#--------------------------------------------
#@# Inflation1 lh Sat Mar 14 11:51:25 CET 2026
/out/sourcedata/freesurfer/sub-v2s9x29159_ses-1/scripts

 mris_inflate -no-save-sulc ../surf/lh.smoothwm.nofix ../surf/lh.inflated.nofix 

Not saving sulc
Reading ../surf/lh.smoothwm.nofix
avg radius = 43.7 mm, total surface area = 61295 mm^2
step 000: RMS=0.152 (target=0.015)   step 005: RMS=0.114 (target=0.015)   step 010: RMS=0.086 (target=0.015)   step 015: RMS=0.073 (target=0.015)   step 020: RMS=0.063 (target=0.015)   step 025: RMS=0.056 (target=0.015)   step 030: RMS=0.051 (target=0.015)   step 035: RMS=0.047 (target=0.015)   step 040: RMS=0.044 (target=0.015)   step 045: RMS=0.043 (target=0.015)   step 050: RMS=0.042 (target=0.015)   step 055: RMS=0.042 (target=0.015)   step 060: RMS=0.042 (target=0.015)   writing inflated surface to ../surf/lh.inflated.nofix
inflation took 0.2 minutes

inflation complete.
Not saving sulc
mris_inflate utimesec    45.436137
mris_inflate stimesec    1.385710
mris_inflate ru_maxrss   183112
mris_inflate ru_ixrss    0
mris_inflate ru_idrss    0
mris_inflate ru_isrss    0
mris_inflate ru_minflt   406058
mris_inflate ru_majflt   36
mris_inflate ru_nswap    0
mris_inflate ru_inblock  1672
mris_inflate ru_oublock  8096
mris_inflate ru_msgsnd   0
mris_inflate ru_msgrcv   0
mris_inflate ru_nsignals 0
mris_inflate ru_nvcsw    6225
mris_inflate ru_nivcsw   224
#--------------------------------------------
#@# QSphere lh Sat Mar 14 11:51:35 CET 2026
/out/sourcedata/freesurfer/sub-v2s9x29159_ses-1/scripts

 mris_sphere -q -p 6 -a 128 -seed 1234 ../surf/lh.inflated.nofix ../surf/lh.qsphere.nofix 

doing quick spherical unfolding.
limitting unfolding to 6 passes
using n_averages = 128
setting seed for random number genererator to 1234
version: 7.3.2
available threads: 16
scaling brain by 0.343...
inflating...
projecting onto sphere...
surface projected - minimizing metric distortion...
vertex spacing 1.08 +- 0.62 (0.00-->6.62) (max @ vno 36232 --> 36236)
face area 0.03 +- 0.04 (-0.30-->0.74)
Entering MRISinflateToSphere()
inflating to sphere (rms error < 2.00)
000: dt: 0.0000, rms radial error=176.065, avgs=0
005/300: dt: 0.9000, rms radial error=175.811, avgs=0
010/300: dt: 0.9000, rms radial error=175.267, avgs=0
015/300: dt: 0.9000, rms radial error=174.554, avgs=0
020/300: dt: 0.9000, rms radial error=173.741, avgs=0
025/300: dt: 0.9000, rms radial error=172.872, avgs=0
030/300: dt: 0.9000, rms radial error=171.971, avgs=0
035/300: dt: 0.9000, rms radial error=171.053, avgs=0
040/300: dt: 0.9000, rms radial error=170.128, avgs=0
045/300: dt: 0.9000, rms radial error=169.200, avgs=0
050/300: dt: 0.9000, rms radial error=168.273, avgs=0
055/300: dt: 0.9000, rms radial error=167.348, avgs=0
060/300: dt: 0.9000, rms radial error=166.420, avgs=0
065/300: dt: 0.9000, rms radial error=165.491, avgs=0
070/300: dt: 0.9000, rms radial error=164.566, avgs=0
075/300: dt: 0.9000, rms radial error=163.646, avgs=0
080/300: dt: 0.9000, rms radial error=162.731, avgs=0
085/300: dt: 0.9000, rms radial error=161.820, avgs=0
090/300: dt: 0.9000, rms radial error=160.915, avgs=0
095/300: dt: 0.9000, rms radial error=160.015, avgs=0
100/300: dt: 0.9000, rms radial error=159.119, avgs=0
105/300: dt: 0.9000, rms radial error=158.229, avgs=0
110/300: dt: 0.9000, rms radial error=157.343, avgs=0
115/300: dt: 0.9000, rms radial error=156.462, avgs=0
120/300: dt: 0.9000, rms radial error=155.587, avgs=0
125/300: dt: 0.9000, rms radial error=154.716, avgs=0
130/300: dt: 0.9000, rms radial error=153.849, avgs=0
135/300: dt: 0.9000, rms radial error=152.988, avgs=0
140/300: dt: 0.9000, rms radial error=152.131, avgs=0
145/300: dt: 0.9000, rms radial error=151.278, avgs=0
150/300: dt: 0.9000, rms radial error=150.431, avgs=0
155/300: dt: 0.9000, rms radial error=149.588, avgs=0
160/300: dt: 0.9000, rms radial error=148.749, avgs=0
165/300: dt: 0.9000, rms radial error=147.915, avgs=0
170/300: dt: 0.9000, rms radial error=147.086, avgs=0
175/300: dt: 0.9000, rms radial error=146.261, avgs=0
180/300: dt: 0.9000, rms radial error=145.440, avgs=0
185/300: dt: 0.9000, rms radial error=144.624, avgs=0
190/300: dt: 0.9000, rms radial error=143.813, avgs=0
195/300: dt: 0.9000, rms radial error=143.006, avgs=0
200/300: dt: 0.9000, rms radial error=142.203, avgs=0
205/300: dt: 0.9000, rms radial error=141.405, avgs=0
210/300: dt: 0.9000, rms radial error=140.611, avgs=0
215/300: dt: 0.9000, rms radial error=139.821, avgs=0
220/300: dt: 0.9000, rms radial error=139.036, avgs=0
225/300: dt: 0.9000, rms radial error=138.255, avgs=0
230/300: dt: 0.9000, rms radial error=137.478, avgs=0
235/300: dt: 0.9000, rms radial error=136.706, avgs=0
240/300: dt: 0.9000, rms radial error=135.938, avgs=0
245/300: dt: 0.9000, rms radial error=135.174, avgs=0
250/300: dt: 0.9000, rms radial error=134.414, avgs=0
255/300: dt: 0.9000, rms radial error=133.659, avgs=0
260/300: dt: 0.9000, rms radial error=132.908, avgs=0
265/300: dt: 0.9000, rms radial error=132.161, avgs=0
270/300: dt: 0.9000, rms radial error=131.418, avgs=0
275/300: dt: 0.9000, rms radial error=130.679, avgs=0
280/300: dt: 0.9000, rms radial error=129.944, avgs=0
285/300: dt: 0.9000, rms radial error=129.213, avgs=0
290/300: dt: 0.9000, rms radial error=128.487, avgs=0
295/300: dt: 0.9000, rms radial error=127.764, avgs=0
300/300: dt: 0.9000, rms radial error=127.046, avgs=0

spherical inflation complete.
epoch 1 (K=10.0), pass 1, starting sse = 12973.83
taking momentum steps...
taking momentum steps...
taking momentum steps...
taking momentum steps...
pass 1 complete, delta sse/iter = 0.01/13 = 0.00039
epoch 2 (K=40.0), pass 1, starting sse = 1980.40
taking momentum steps...
taking momentum steps...
taking momentum steps...
taking momentum steps...
pass 1 complete, delta sse/iter = 0.01/13 = 0.00090
epoch 3 (K=160.0), pass 1, starting sse = 159.71
taking momentum steps...
taking momentum steps...
taking momentum steps...
taking momentum steps...
pass 1 complete, delta sse/iter = 0.07/13 = 0.00519
epoch 4 (K=640.0), pass 1, starting sse = 10.09
taking momentum steps...
taking momentum steps...
taking momentum steps...
taking momentum steps...
pass 1 complete, delta sse/iter = 0.09/18 = 0.00475
final distance error %100000.00
writing spherical brain to ../surf/lh.qsphere.nofix
spherical transformation took 0.0106 hours
FSRUNTIME@ mris_sphere  0.0106 hours 16 threads
#VMPC# mris_sphere VmPeak  1698160
mris_sphere done
#@# Fix Topology lh Sat Mar 14 11:52:13 CET 2026

 mris_fix_topology -mgz -sphere qsphere.nofix -inflated inflated.nofix -orig orig.nofix -out orig.premesh -ga -seed 1234 sub-v2s9x29159_ses-1 lh 

reading spherical homeomorphism from 'qsphere.nofix'
reading inflated coordinates from 'inflated.nofix'
reading original coordinates from 'orig.nofix'
using genetic algorithm with optimized parameters
setting seed for random number genererator to 1234

*************************************************************
Topology Correction Parameters
retessellation mode:           genetic search
number of patches/generation : 10
number of generations :        10
surface mri loglikelihood coefficient :         1.0
volume mri loglikelihood coefficient :          10.0
normal dot loglikelihood coefficient :          1.0
quadratic curvature loglikelihood coefficient : 1.0
volume resolution :                             2
eliminate vertices during search :              1
initial patch selection :                       1
select all defect vertices :                    0
ordering dependant retessellation:              0
use precomputed edge table :                    0
smooth retessellated patch :                    2
match retessellated patch :                     1
verbose mode :                                  0

*************************************************************
INFO: assuming .mgz format
writing corrected surface to 'orig.premesh'
7.3.2
  7.3.2
before topology correction, eno=-34 (nv=115004, nf=230076, ne=345114, g=18)
using quasi-homeomorphic spherical map to tessellate cortical surface...

Correction of the Topology
Finding true center and radius of Spherical Surface...done
Surface centered at (0,0,0) with radius 100.0 in 8 iterations
marking ambiguous vertices...
4954 ambiguous faces found in tessellation
segmenting defects...
24 defects found, arbitrating ambiguous regions...
analyzing neighboring defects...
      -merging segment 22 into 18
23 defects to be corrected 
0 vertices coincident
reading input surface /out/sourcedata/freesurfer/sub-v2s9x29159_ses-1/surf/lh.qsphere.nofix...
reading brain volume from brain...
reading wm segmentation from wm...
Reading original properties of orig.nofix
Reading vertex positions of inflated.nofix
Computing Initial Surface Statistics
      -face       loglikelihood: -9.5251  (-4.7626)
      -vertex     loglikelihood: -6.5689  (-3.2845)
      -normal dot loglikelihood: -3.6083  (-3.6083)
      -quad curv  loglikelihood: -6.2034  (-3.1017)
      Total Loglikelihood : -25.9058
CORRECTING DEFECT 0 (vertices=43, convex hull=82, v0=4082)
After retessellation of defect 0 (v0=4082), euler #=-20 (112111,335506,223375) : difference with theory (-20) = 0 
CORRECTING DEFECT 1 (vertices=42, convex hull=71, v0=9973)
After retessellation of defect 1 (v0=9973), euler #=-19 (112138,335617,223460) : difference with theory (-19) = 0 
CORRECTING DEFECT 2 (vertices=947, convex hull=573, v0=11841)
An extra large defect has been detected...
This often happens because cerebellum or dura has not been removed from wm.mgz.
This may cause recon-all to run very slowly or crash.
if so, see https://surfer.nmr.mgh.harvard.edu/fswiki/FsTutorial/TopologicalDefect_freeview
After retessellation of defect 2 (v0=11841), euler #=-19 (112509,337015,224487) : difference with theory (-18) = 1 
CORRECTING DEFECT 3 (vertices=21, convex hull=20, v0=13721)
After retessellation of defect 3 (v0=13721), euler #=-18 (112511,337027,224498) : difference with theory (-17) = 1 
CORRECTING DEFECT 4 (vertices=22, convex hull=43, v0=14805)
After retessellation of defect 4 (v0=14805), euler #=-17 (112525,337084,224542) : difference with theory (-16) = 1 
CORRECTING DEFECT 5 (vertices=196, convex hull=112, v0=19976)
After retessellation of defect 5 (v0=19976), euler #=-16 (112556,337224,224652) : difference with theory (-15) = 1 
CORRECTING DEFECT 6 (vertices=6, convex hull=21, v0=43354)
After retessellation of defect 6 (v0=43354), euler #=-15 (112558,337237,224664) : difference with theory (-14) = 1 
CORRECTING DEFECT 7 (vertices=73, convex hull=56, v0=46876)
After retessellation of defect 7 (v0=46876), euler #=-14 (112570,337291,224707) : difference with theory (-13) = 1 
CORRECTING DEFECT 8 (vertices=5, convex hull=34, v0=47846)
After retessellation of defect 8 (v0=47846), euler #=-13 (112572,337304,224719) : difference with theory (-12) = 1 
CORRECTING DEFECT 9 (vertices=18, convex hull=23, v0=49583)
After retessellation of defect 9 (v0=49583), euler #=-12 (112577,337327,224738) : difference with theory (-11) = 1 
CORRECTING DEFECT 10 (vertices=34, convex hull=59, v0=51368)
After retessellation of defect 10 (v0=51368), euler #=-11 (112588,337384,224785) : difference with theory (-10) = 1 
CORRECTING DEFECT 11 (vertices=313, convex hull=307, v0=55397)
After retessellation of defect 11 (v0=55397), euler #=-10 (112745,338002,225247) : difference with theory (-9) = 1 
CORRECTING DEFECT 12 (vertices=13, convex hull=26, v0=56451)
After retessellation of defect 12 (v0=56451), euler #=-9 (112748,338018,225261) : difference with theory (-8) = 1 
CORRECTING DEFECT 13 (vertices=110, convex hull=51, v0=58251)
After retessellation of defect 13 (v0=58251), euler #=-8 (112769,338105,225328) : difference with theory (-7) = 1 
CORRECTING DEFECT 14 (vertices=52, convex hull=33, v0=64125)
After retessellation of defect 14 (v0=64125), euler #=-7 (112780,338150,225363) : difference with theory (-6) = 1 
CORRECTING DEFECT 15 (vertices=37, convex hull=38, v0=72163)
After retessellation of defect 15 (v0=72163), euler #=-6 (112786,338183,225391) : difference with theory (-5) = 1 
CORRECTING DEFECT 16 (vertices=171, convex hull=90, v0=73644)
After retessellation of defect 16 (v0=73644), euler #=-5 (112798,338255,225452) : difference with theory (-4) = 1 
CORRECTING DEFECT 17 (vertices=6, convex hull=13, v0=78918)
After retessellation of defect 17 (v0=78918), euler #=-4 (112799,338262,225459) : difference with theory (-3) = 1 
CORRECTING DEFECT 18 (vertices=673, convex hull=137, v0=84860)
After retessellation of defect 18 (v0=84860), euler #=-2 (112839,338460,225619) : difference with theory (-2) = 0 
CORRECTING DEFECT 19 (vertices=10, convex hull=29, v0=89860)
After retessellation of defect 19 (v0=89860), euler #=-1 (112842,338480,225637) : difference with theory (-1) = 0 
CORRECTING DEFECT 20 (vertices=5, convex hull=28, v0=95828)
After retessellation of defect 20 (v0=95828), euler #=0 (112843,338492,225649) : difference with theory (0) = 0 
CORRECTING DEFECT 21 (vertices=7, convex hull=9, v0=97122)
After retessellation of defect 21 (v0=97122), euler #=1 (112844,338497,225654) : difference with theory (1) = 0 
CORRECTING DEFECT 22 (vertices=107, convex hull=72, v0=98656)
After retessellation of defect 22 (v0=98656), euler #=2 (112858,338568,225712) : difference with theory (2) = 0 
computing original vertex metric properties...
storing new metric properties...
computing tessellation statistics...
vertex spacing 0.89 +- 0.21 (0.05-->7.06) (max @ vno 73660 --> 79953)
face area -nan +- -nan (1000.00-->-1.00)
performing soap bubble on retessellated vertices for 0 iterations...
vertex spacing 0.89 +- 0.21 (0.05-->7.06) (max @ vno 73660 --> 79953)
face area -nan +- -nan (1000.00-->-1.00)
tessellation finished, orienting corrected surface...
64 mutations (31.5%), 139 crossovers (68.5%), 132 vertices were eliminated
building final representation...
2146 vertices and 0 faces have been removed from triangulation
after topology correction, eno=2 (nv=112858, nf=225712, ne=338568, g=0)
writing corrected surface to /out/sourcedata/freesurfer/sub-v2s9x29159_ses-1/surf/lh.orig.premesh...

0.000 % of the vertices (0 vertices) exhibit an orientation change
removing intersecting faces
000: 137 intersecting
001: 25 intersecting
002: 7 intersecting
terminating search with 0 intersecting
topology fixing took 2.7 minutes
FSRUNTIME@ mris_fix_topology lh  0.0457 hours 16 threads
#VMPC# mris_fix_topology VmPeak  1830456

 mris_euler_number ../surf/lh.orig.premesh 

euler # = v-e+f = 2g-2: 112858 - 338568 + 225712 = 2 --> 0 holes
      F =2V-4:          225712 = 225716-4 (0)
      2E=3F:            677136 = 677136 (0)

total defect index = 0
Sat Mar 14 11:54:58 CET 2026

setenv SUBJECTS_DIR /out/sourcedata/freesurfer
cd /out/sourcedata/freesurfer/sub-v2s9x29159_ses-1/scripts
/opt/freesurfer/bin/defect2seg --s sub-v2s9x29159_ses-1 --lh-only --cortex

freesurfer-linux-ubuntu22_x86_64-7.3.2-20220804-6354275
defect2seg 7.3.2
Linux dna073 5.14.0-427.37.1.el9_4.x86_64 #1 SMP PREEMPT_DYNAMIC Fri Sep 13 12:41:50 EDT 2024 x86_64 x86_64 x86_64 GNU/Linux
pid 1182831
mri_label2label --label-cortex /out/sourcedata/freesurfer/sub-v2s9x29159_ses-1/surf/lh.orig.nofix /out/sourcedata/freesurfer/sub-v2s9x29159_ses-1/mri/aseg.presurf.mgz 0 /out/sourcedata/freesurfer/sub-v2s9x29159_ses-1/label/lh.nofix.cortex.label

 Generating cortex label... RemoveHipAmgy=0
 NucAccIsMedialWall=0
 mris->useRealRAS=0
28 non-cortical segments detected
only using segment with 7460 vertices
erasing segment 1 (vno[0] = 44538)
erasing segment 2 (vno[0] = 54426)
erasing segment 3 (vno[0] = 55451)
erasing segment 4 (vno[0] = 56106)
erasing segment 5 (vno[0] = 63184)
erasing segment 6 (vno[0] = 71658)
erasing segment 7 (vno[0] = 73212)
erasing segment 8 (vno[0] = 76951)
erasing segment 9 (vno[0] = 76969)
erasing segment 10 (vno[0] = 77969)
erasing segment 11 (vno[0] = 77985)
erasing segment 12 (vno[0] = 78460)
erasing segment 13 (vno[0] = 78782)
erasing segment 14 (vno[0] = 79609)
erasing segment 15 (vno[0] = 79750)
erasing segment 16 (vno[0] = 80259)
erasing segment 17 (vno[0] = 80481)
erasing segment 18 (vno[0] = 81355)
erasing segment 19 (vno[0] = 82242)
erasing segment 20 (vno[0] = 83937)
erasing segment 21 (vno[0] = 84139)
erasing segment 22 (vno[0] = 85731)
erasing segment 23 (vno[0] = 94091)
erasing segment 24 (vno[0] = 95579)
erasing segment 25 (vno[0] = 98664)
erasing segment 26 (vno[0] = 101446)
erasing segment 27 (vno[0] = 102184)
mri_label2vol --defects /out/sourcedata/freesurfer/sub-v2s9x29159_ses-1/surf/lh.orig.nofix /out/sourcedata/freesurfer/sub-v2s9x29159_ses-1/surf/lh.defect_labels /out/sourcedata/freesurfer/sub-v2s9x29159_ses-1/mri/orig.mgz 1000 0 /out/sourcedata/freesurfer/sub-v2s9x29159_ses-1/mri/lh.surface.defects.mgz /out/sourcedata/freesurfer/sub-v2s9x29159_ses-1/label/lh.nofix.cortex.label
mri_label2vol supposed to be reproducible but seed not set
Contraining to label /out/sourcedata/freesurfer/sub-v2s9x29159_ses-1/label/lh.nofix.cortex.label
Changing input type 0 to MRI_INT
Converting defects to volume: offset=1000, merge=0
Writing to /out/sourcedata/freesurfer/sub-v2s9x29159_ses-1/mri/lh.surface.defects.mgz
mris_defects_pointset -s /out/sourcedata/freesurfer/sub-v2s9x29159_ses-1/surf/lh.orig.nofix -d /out/sourcedata/freesurfer/sub-v2s9x29159_ses-1/surf/lh.defect_labels -o /out/sourcedata/freesurfer/sub-v2s9x29159_ses-1/surf/lh.defects.pointset --label /out/sourcedata/freesurfer/sub-v2s9x29159_ses-1/label/lh.nofix.cortex.label
Reading in surface /out/sourcedata/freesurfer/sub-v2s9x29159_ses-1/surf/lh.orig.nofix
Reading in defect segmentation /out/sourcedata/freesurfer/sub-v2s9x29159_ses-1/surf/lh.defect_labels
Reading in label /out/sourcedata/freesurfer/sub-v2s9x29159_ses-1/label/lh.nofix.cortex.label
#VMPC# mris_defects_pointset 1283432
mris_defects_pointset done
 
Started at Sat Mar 14 11:54:58 CET 2026 
Ended   at Sat Mar 14 11:55:08 CET 2026
Defect2seg-Run-Time-Sec 10
Defect2seg-Run-Time-Min 0.20
Defect2seg-Run-Time-Hours 0.00
 
tkmeditfv sub-v2s9x29159_ses-1 brain.finalsurfs.mgz -defect
defect2seg Done

 mris_remesh --remesh --iters 3 --input /out/sourcedata/freesurfer/sub-v2s9x29159_ses-1/surf/lh.orig.premesh --output /out/sourcedata/freesurfer/sub-v2s9x29159_ses-1/surf/lh.orig 

iters = 3
standard remeshing without target
   adjusted l: 0.708799
remeshing to edge length 0.708799 with 3 iterations

avg qual before   : 0.891984  after: 0.971215

Removing intersections
Remeshed surface quality stats nv0 = 112858  nv = 117763  1.04346
Area    235522  0.30074  0.03344 0.098766   0.4709
Corner  706566 60.00000  8.79189 22.099864 130.4110
Edge    353283  0.84132  0.08214 0.429177   1.2632
Hinge   353283  9.77073 10.54002 0.000033 143.0322
mris_remesh done
/out/sourcedata/freesurfer/sub-v2s9x29159_ses-1/scripts

 mris_remove_intersection ../surf/lh.orig ../surf/lh.orig 

intersection removal took 0.00 hours
writing corrected surface to ../surf/lh.orig

 rm -f ../surf/lh.inflated 

#--------------------------------------------
#@# AutoDetGWStats lh Sat Mar 14 11:55:28 CET 2026
cd /out/sourcedata/freesurfer/sub-v2s9x29159_ses-1/mri
mris_autodet_gwstats --o ../surf/autodet.gw.stats.lh.dat --i brain.finalsurfs.mgz --wm wm.mgz --surf ../surf/lh.orig.premesh
7.3.2

cd /out/sourcedata/freesurfer/sub-v2s9x29159_ses-1/mri
setenv SUBJECTS_DIR /out/sourcedata/freesurfer
mris_autodet_gwstats --o ../surf/autodet.gw.stats.lh.dat --i brain.finalsurfs.mgz --wm wm.mgz --surf ../surf/lh.orig.premesh 

border white:    209614 voxels (1.25%)
border gray      253771 voxels (1.51%)
Reading in intensity volume brain.finalsurfs.mgz
Reading in wm volume wm.mgz
Reading in surf ../surf/lh.orig.premesh
Auto detecting stats
MRIclipBrightWM(): nthresh=16269, wmmin=5, clip=110 
Binarizing thresholding at 5
computing class statistics... low=30, hi=110.000000
CCS WM (97.0): 97.3 +- 9.2 [70.0 --> 110.0]
CCS GM (67.0) : 67.2 +- 10.4 [30.0 --> 110.0]
white_mean = 97.2586 +/- 9.19718, gray_mean = 67.2254 +/- 10.4241
using class modes intead of means, discounting robust sigmas....
MRIScomputeClassModes(): min=0 max=193 nbins=194
intensity peaks found at WM=103+-7.8,    GM=61+-7.0
white_mode = 103, gray_mode = 61
std_scale = 1
Applying sanity checks, max_scale_down = 0.2
setting MIN_GRAY_AT_WHITE_BORDER to 50.6 (was 70.000000)
setting MAX_BORDER_WHITE to 112.2 (was 105.000000)
setting MIN_BORDER_WHITE to 61.0 (was 85.000000)
setting MAX_CSF to 40.2 (was 40.000000)
setting MAX_GRAY to 93.8 (was 95.000000)
setting MAX_GRAY_AT_CSF_BORDER to 50.6 (was 75.000000)
setting MIN_GRAY_AT_CSF_BORDER to 29.7 (was 40.000000)
When placing the white surface
  white_border_hi   = 112.197;
  white_border_low  = 61;
  white_outside_low = 50.5759;
  white_inside_hi   = 120;
  white_outside_hi  = 112.197;
When placing the pial surface
  pial_border_hi   = 50.5759;
  pial_border_low  = 29.7277;
  pial_outside_low = 10;
  pial_inside_hi   = 93.8028;
  pial_outside_hi  = 45.3638;
#VMPC# mris_autodet_gwstats VmPeak  1446384
mris_autodet_gwstats done
#--------------------------------------------
#@# WhitePreAparc lh Sat Mar 14 11:55:30 CET 2026
cd /out/sourcedata/freesurfer/sub-v2s9x29159_ses-1/mri
mris_place_surface --adgws-in ../surf/autodet.gw.stats.lh.dat --wm wm.mgz --threads 16 --invol brain.finalsurfs.mgz --lh --i ../surf/lh.orig --o ../surf/lh.white.preaparc --white --seg aseg.presurf.mgz --nsmooth 5
7.3.2
7.3.2

cd /out/sourcedata/freesurfer/sub-v2s9x29159_ses-1/mri
setenv SUBJECTS_DIR /out/sourcedata/freesurfer
mris_place_surface --adgws-in ../surf/autodet.gw.stats.lh.dat --wm wm.mgz --threads 16 --invol brain.finalsurfs.mgz --lh --i ../surf/lh.orig --o ../surf/lh.white.preaparc --white --seg aseg.presurf.mgz --nsmooth 5 

Reading in input surface ../surf/lh.orig
Smoothing surface before ripping with 5 iterations
Area    235522  0.26471  0.06367 0.003580   0.5751
Corner  706566 60.00000  9.65567 8.679129 152.7243
Edge    353283  0.78563  0.11604 0.060144   1.2865
Hinge   353283  6.46494  6.64120 0.000001 144.2767
Not reading in aparc
Reading in input volume brain.finalsurfs.mgz
Reading in wm volume wm.mgz
MRIclipBrightWM(): nthresh=16269, wmmin=5, clip=110 
MRIfindBrightNonWM(): 1803 bright non-wm voxels segmented.
Masking bright non-wm for white surface
MRImask(): AllowDiffGeom = 1
MRImask(): AllowDiffGeom = 1
Reading in seg volume aseg.presurf.mgz
Ripping frozen voxels
INFO: rip surface needed but not specified, so using input surface
Freezing midline and others
Entering: MRISripMidline(): inhibiting deformation at non-cortical midline structures...
  which=1, fix_mtl=0, using annot = 0
#FML0# MRISripMidline(): nripped=0
removing 4 vertices from ripped group in thread:0
removing 2 vertices from ripped group in thread:0
#FML# MRISripMidline(): nmarked=6924, nmarked2=141, nripped=6924
Ripping segs (eg, WMSA, BG, frozen)
Starting MRISripSegs() d = (-2 2 0.5) segnos: 247 
MRISripSegs(): -2 2 0.5 ripped 0
vertex 58882: xyz = (-39.2423,-11.8021,-23.2869) oxyz = (-39.2423,-11.8021,-23.2869) wxzy = (-39.2423,-11.8021,-23.2869) pxyz = (0,0,0) 
CBVO Creating mask 117763
n_averages 4
Iteration 0 =========================================
n_averages=4, current_sigma=2
Freezing midline and others
Ripping frozen voxels
INFO: rip surface needed but not specified, so using input surface
Freezing midline and others
Entering: MRISripMidline(): inhibiting deformation at non-cortical midline structures...
  which=1, fix_mtl=0, using annot = 0
#FML0# MRISripMidline(): nripped=6924
removing 4 vertices from ripped group in thread:0
removing 2 vertices from ripped group in thread:0
#FML# MRISripMidline(): nmarked=6924, nmarked2=141, nripped=6924
Ripping segs (eg, WMSA, BG, frozen)
Starting MRISripSegs() d = (-2 2 0.5) segnos: 247 247 
MRISripSegs(): -2 2 0.5 ripped 0
Computing target border values 
Entering MRIScomputeBorderValues_new(): 
  inside_hi   = 120.0000000;
  border_hi   = 112.1971740;
  border_low  =  61.0000000;
  outside_low =  50.5758970;
  outside_hi  = 112.1971740;
  sigma = 2;
  max_thickness = 10;
  step_size=0.5;
  STEP_SIZE=0.1;
  which = 1
  thresh = 0
  flags = 0
  CBVfindFirstPeakD1=0
  CBVfindFirstPeakD2=0
  nvertices=117763
  Gdiag_no=-1
  vno start=0, stop=117763
Replacing 255s with 0s
#SI# sigma=2 had to be increased for 161 vertices, nripped=6924
mean border=77.1, 76 (76) missing vertices, mean dist 0.3 [0.4 (%40.1)->0.7 (%59.9))]
%86 local maxima, % 8 large gradients and % 0 min vals, 0 gradients ignored
nFirstPeakD1 0
MRIScomputeBorderValues_new() finished in 0.0102 min


Finding expansion regions
mean absolute distance = 0.60 +- 0.72
4277 vertices more than 2 sigmas from mean.
Averaging target values for 5 iterations...
Positioning Surface: tspring = 0.3, nspring = 0.3, spring = 0, niters = 100 l_repulse = 5, l_surf_repulse = 0, checktol = 0
Positioning pial surface
Entering MRISpositionSurface()
  max_mm = 0.3
  MAX_REDUCTIONS = 2, REDUCTION_PCT = 0.5
  parms->check_tol = 0, niterations = 100
tol=1.0e-04, sigma=2.0, host=dna07, nav=4, nbrs=2, l_repulse=5.000, l_tspring=0.300, l_nspring=0.300, l_intensity=0.200, l_curv=1.000
mom=0.00, dt=0.50
complete_dist_mat 0
rms 0
smooth_averages 0
remove_neg 0
ico_order 0
which_surface 0
target_radius 0.000000
nfields 0
scale 0.000000
desired_rms_height 0.000000
momentum 0.000000
nbhd_size 0
max_nbrs 0
niterations 100
nsurfaces 0
SURFACES 3
flags 0 (0)
use curv 0
no sulc 0
no rigid align 0
mris->nsize 2
mris->hemisphere 0
randomSeed 0

000: dt: 0.0000, sse=2882107.2, rms=11.152
001: dt: 0.5000, sse=1511856.6, rms=7.917 (29.004%)
002: dt: 0.5000, sse=983642.1, rms=6.236 (21.235%)
003: dt: 0.5000, sse=735182.5, rms=5.259 (15.676%)
004: dt: 0.5000, sse=602445.4, rms=4.651 (11.563%)
005: dt: 0.5000, sse=528340.6, rms=4.270 (8.174%)
006: dt: 0.5000, sse=490349.1, rms=4.059 (4.960%)
007: dt: 0.5000, sse=472567.8, rms=3.949 (2.693%)
008: dt: 0.5000, sse=462336.5, rms=3.886 (1.610%)
rms = 3.8691/3.8857, sse=461083.3/462336.5, time step reduction 1 of 3 to 0.250  0 0 1
009: dt: 0.5000, sse=461083.2, rms=3.869 (0.429%)
010: dt: 0.2500, sse=246495.0, rms=2.268 (41.369%)
011: dt: 0.2500, sse=215992.9, rms=1.899 (16.298%)
012: dt: 0.2500, sse=206420.8, rms=1.792 (5.623%)
013: dt: 0.2500, sse=202087.6, rms=1.734 (3.233%)
rms = 1.7081/1.7341, sse=200404.2/202087.6, time step reduction 2 of 3 to 0.125  0 0 1
014: dt: 0.2500, sse=200404.2, rms=1.708 (1.499%)
015: dt: 0.1250, sse=198064.8, rms=1.616 (5.412%)
rms = 1.5940/1.6157, sse=195335.1/198064.8, time step reduction 3 of 3 to 0.062  0 0 1
016: dt: 0.1250, sse=195335.0, rms=1.594 (1.340%)
  maximum number of reductions reached, breaking from loop
positioning took 1.0 minutes
Iteration 1 =========================================
n_averages=2, current_sigma=1
Freezing midline and others
Ripping frozen voxels
INFO: rip surface needed but not specified, so using input surface
Freezing midline and others
Entering: MRISripMidline(): inhibiting deformation at non-cortical midline structures...
  which=1, fix_mtl=0, using annot = 0
#FML0# MRISripMidline(): nripped=6924
removing 3 vertices from ripped group in thread:0
removing 4 vertices from ripped group in thread:0
removing 3 vertices from ripped group in thread:0
removing 4 vertices from ripped group in thread:0
removing 2 vertices from ripped group in thread:0
#FML# MRISripMidline(): nmarked=7209, nmarked2=164, nripped=7209
Ripping segs (eg, WMSA, BG, frozen)
Starting MRISripSegs() d = (-2 2 0.5) segnos: 247 247 247 
MRISripSegs(): -2 2 0.5 ripped 0
Computing target border values 
Entering MRIScomputeBorderValues_new(): 
  inside_hi   = 120.0000000;
  border_hi   = 112.1971740;
  border_low  =  61.0000000;
  outside_low =  50.5758970;
  outside_hi  = 112.1971740;
  sigma = 1;
  max_thickness = 10;
  step_size=0.5;
  STEP_SIZE=0.1;
  which = 1
  thresh = 0
  flags = 0
  CBVfindFirstPeakD1=0
  CBVfindFirstPeakD2=0
  nvertices=117763
  Gdiag_no=-1
  vno start=0, stop=117763
Replacing 255s with 0s
#SI# sigma=1 had to be increased for 56 vertices, nripped=7209
mean border=79.3, 61 (5) missing vertices, mean dist -0.1 [0.2 (%70.0)->0.3 (%30.0))]
%89 local maxima, % 4 large gradients and % 0 min vals, 0 gradients ignored
nFirstPeakD1 0
MRIScomputeBorderValues_new() finished in 0.0103 min


Finding expansion regions
mean absolute distance = 0.25 +- 0.43
2108 vertices more than 2 sigmas from mean.
Averaging target values for 5 iterations...
Positioning Surface: tspring = 0.3, nspring = 0.3, spring = 0, niters = 100 l_repulse = 5, l_surf_repulse = 0, checktol = 0
Positioning pial surface
Entering MRISpositionSurface()
  max_mm = 0.3
  MAX_REDUCTIONS = 2, REDUCTION_PCT = 0.5
  parms->check_tol = 0, niterations = 100
tol=1.0e-04, sigma=1.0, host=dna07, nav=2, nbrs=2, l_repulse=5.000, l_tspring=0.300, l_nspring=0.300, l_intensity=0.200, l_curv=1.000
mom=0.00, dt=0.50
000: dt: 0.0000, sse=594915.6, rms=4.328
017: dt: 0.5000, sse=382366.7, rms=3.071 (29.044%)
rms = 3.4523/3.0712, sse=451541.6/382366.6, time step reduction 1 of 3 to 0.250  0 1 1
   RMS increased, rejecting step
018: dt: 0.2500, sse=270633.4, rms=2.082 (32.209%)
019: dt: 0.2500, sse=229542.2, rms=1.563 (24.951%)
020: dt: 0.2500, sse=220000.0, rms=1.347 (13.774%)
021: dt: 0.2500, sse=212062.1, rms=1.270 (5.761%)
rms = 1.2276/1.2697, sse=208734.5/212062.1, time step reduction 2 of 3 to 0.125  0 0 1
022: dt: 0.2500, sse=208734.5, rms=1.228 (3.316%)
023: dt: 0.1250, sse=205080.6, rms=1.162 (5.379%)
rms = 1.1495/1.1615, sse=204658.0/205080.6, time step reduction 3 of 3 to 0.062  0 0 1
024: dt: 0.1250, sse=204658.0, rms=1.150 (1.033%)
  maximum number of reductions reached, breaking from loop
positioning took 0.5 minutes
Iteration 2 =========================================
n_averages=1, current_sigma=0.5
Freezing midline and others
Ripping frozen voxels
INFO: rip surface needed but not specified, so using input surface
Freezing midline and others
Entering: MRISripMidline(): inhibiting deformation at non-cortical midline structures...
  which=1, fix_mtl=0, using annot = 0
#FML0# MRISripMidline(): nripped=7209
removing 3 vertices from ripped group in thread:0
removing 3 vertices from ripped group in thread:0
removing 2 vertices from ripped group in thread:0
removing 4 vertices from ripped group in thread:0
removing 2 vertices from ripped group in thread:0
removing 3 vertices from ripped group in thread:0
#FML# MRISripMidline(): nmarked=7265, nmarked2=164, nripped=7265
Ripping segs (eg, WMSA, BG, frozen)
Starting MRISripSegs() d = (-2 2 0.5) segnos: 247 247 247 247 
MRISripSegs(): -2 2 0.5 ripped 0
Computing target border values 
Entering MRIScomputeBorderValues_new(): 
  inside_hi   = 120.0000000;
  border_hi   = 112.1971740;
  border_low  =  61.0000000;
  outside_low =  50.5758970;
  outside_hi  = 112.1971740;
  sigma = 0.5;
  max_thickness = 10;
  step_size=0.5;
  STEP_SIZE=0.1;
  which = 1
  thresh = 0
  flags = 0
  CBVfindFirstPeakD1=0
  CBVfindFirstPeakD2=0
  nvertices=117763
  Gdiag_no=-1
  vno start=0, stop=117763
Replacing 255s with 0s
#SI# sigma=0.5 had to be increased for 46 vertices, nripped=7265
mean border=80.6, 69 (4) missing vertices, mean dist -0.0 [0.2 (%64.4)->0.2 (%35.6))]
%91 local maxima, % 3 large gradients and % 0 min vals, 0 gradients ignored
nFirstPeakD1 0
MRIScomputeBorderValues_new() finished in 0.0054 min


Finding expansion regions
mean absolute distance = 0.19 +- 0.35
2116 vertices more than 2 sigmas from mean.
Averaging target values for 5 iterations...
Positioning Surface: tspring = 0.3, nspring = 0.3, spring = 0, niters = 100 l_repulse = 5, l_surf_repulse = 0, checktol = 0
Positioning pial surface
Entering MRISpositionSurface()
  max_mm = 0.3
  MAX_REDUCTIONS = 2, REDUCTION_PCT = 0.5
  parms->check_tol = 0, niterations = 100
tol=1.0e-04, sigma=0.5, host=dna07, nav=1, nbrs=2, l_repulse=5.000, l_tspring=0.300, l_nspring=0.300, l_intensity=0.200, l_curv=1.000
mom=0.00, dt=0.50
000: dt: 0.0000, sse=293508.0, rms=2.305
rms = 2.7254/2.3054, sse=342058.1/293508.0, time step reduction 1 of 3 to 0.250  0 1 1
   RMS increased, rejecting step
025: dt: 0.2500, sse=229323.6, rms=1.550 (32.767%)
026: dt: 0.2500, sse=207730.5, rms=1.154 (25.554%)
027: dt: 0.2500, sse=202768.3, rms=1.088 (5.675%)
rms = 1.0752/1.0884, sse=201945.2/202768.3, time step reduction 2 of 3 to 0.125  0 0 1
028: dt: 0.2500, sse=201945.2, rms=1.075 (1.212%)
rms = 1.0317/1.0752, sse=199773.4/201945.2, time step reduction 3 of 3 to 0.062  0 0 1
029: dt: 0.1250, sse=199773.3, rms=1.032 (4.048%)
  maximum number of reductions reached, breaking from loop
positioning took 0.3 minutes
Iteration 3 =========================================
n_averages=0, current_sigma=0.25
Freezing midline and others
Ripping frozen voxels
INFO: rip surface needed but not specified, so using input surface
Freezing midline and others
Entering: MRISripMidline(): inhibiting deformation at non-cortical midline structures...
  which=1, fix_mtl=0, using annot = 0
#FML0# MRISripMidline(): nripped=7265
removing 3 vertices from ripped group in thread:0
removing 2 vertices from ripped group in thread:0
removing 2 vertices from ripped group in thread:0
removing 4 vertices from ripped group in thread:0
removing 4 vertices from ripped group in thread:0
removing 3 vertices from ripped group in thread:0
removing 3 vertices from ripped group in thread:0
#FML# MRISripMidline(): nmarked=7283, nmarked2=164, nripped=7283
Ripping segs (eg, WMSA, BG, frozen)
Starting MRISripSegs() d = (-2 2 0.5) segnos: 247 247 247 247 247 
MRISripSegs(): -2 2 0.5 ripped 0
Computing target border values 
Entering MRIScomputeBorderValues_new(): 
  inside_hi   = 120.0000000;
  border_hi   = 112.1971740;
  border_low  =  61.0000000;
  outside_low =  50.5758970;
  outside_hi  = 112.1971740;
  sigma = 0.25;
  max_thickness = 10;
  step_size=0.5;
  STEP_SIZE=0.1;
  which = 1
  thresh = 0
  flags = 0
  CBVfindFirstPeakD1=0
  CBVfindFirstPeakD2=0
  nvertices=117763
  Gdiag_no=-1
  vno start=0, stop=117763
Replacing 255s with 0s
#SI# sigma=0.25 had to be increased for 46 vertices, nripped=7283
mean border=81.1, 80 (4) missing vertices, mean dist -0.0 [0.2 (%54.0)->0.2 (%46.0))]
%91 local maxima, % 2 large gradients and % 0 min vals, 0 gradients ignored
nFirstPeakD1 0
MRIScomputeBorderValues_new() finished in 0.0038 min


Finding expansion regions
mean absolute distance = 0.19 +- 0.30
2287 vertices more than 2 sigmas from mean.
Averaging target values for 5 iterations...
Positioning Surface: tspring = 0.3, nspring = 0.3, spring = 0, niters = 100 l_repulse = 5, l_surf_repulse = 0, checktol = 0
Positioning pial surface
Entering MRISpositionSurface()
  max_mm = 0.3
  MAX_REDUCTIONS = 2, REDUCTION_PCT = 0.5
  parms->check_tol = 0, niterations = 100
tol=1.0e-04, sigma=0.2, host=dna07, nav=0, nbrs=2, l_repulse=5.000, l_tspring=0.300, l_nspring=0.300, l_intensity=0.200, l_curv=1.000
mom=0.00, dt=0.50
000: dt: 0.0000, sse=215214.4, rms=1.338
rms = 1.7245/1.3379, sse=242950.9/215214.4, time step reduction 1 of 3 to 0.250  0 1 1
   RMS increased, rejecting step
030: dt: 0.2500, sse=195720.7, rms=0.950 (29.011%)
031: dt: 0.2500, sse=189517.9, rms=0.803 (15.434%)
rms = 0.8007/0.8032, sse=189124.4/189517.9, time step reduction 2 of 3 to 0.125  0 0 1
032: dt: 0.2500, sse=189124.4, rms=0.801 (0.306%)
rms = 0.7909/0.8007, sse=188311.0/189124.4, time step reduction 3 of 3 to 0.062  0 0 1
033: dt: 0.1250, sse=188311.0, rms=0.791 (1.234%)
  maximum number of reductions reached, breaking from loop
positioning took 0.3 minutes


Writing output to ../surf/lh.white.preaparc
#ET# mris_place_surface  2.19 minutes
#VMPC# mris_place_surfaces VmPeak  2941344
mris_place_surface done
#--------------------------------------------
#@# CortexLabel lh Sat Mar 14 11:57:46 CET 2026
cd /out/sourcedata/freesurfer/sub-v2s9x29159_ses-1/mri
mri_label2label --label-cortex ../surf/lh.white.preaparc aseg.presurf.mgz 0 ../label/lh.cortex.label

 Generating cortex label... RemoveHipAmgy=0
 NucAccIsMedialWall=0
 mris->useRealRAS=0
15 non-cortical segments detected
only using segment with 7597 vertices
erasing segment 0 (vno[0] = 22082)
erasing segment 2 (vno[0] = 57847)
erasing segment 3 (vno[0] = 58385)
erasing segment 4 (vno[0] = 61794)
erasing segment 5 (vno[0] = 63435)
erasing segment 6 (vno[0] = 65863)
erasing segment 7 (vno[0] = 66818)
erasing segment 8 (vno[0] = 67364)
erasing segment 9 (vno[0] = 68130)
erasing segment 10 (vno[0] = 69623)
erasing segment 11 (vno[0] = 70014)
erasing segment 12 (vno[0] = 73072)
erasing segment 13 (vno[0] = 83549)
erasing segment 14 (vno[0] = 104440)
#--------------------------------------------
#@# CortexLabel+HipAmyg lh Sat Mar 14 11:57:53 CET 2026
cd /out/sourcedata/freesurfer/sub-v2s9x29159_ses-1/mri
mri_label2label --label-cortex ../surf/lh.white.preaparc aseg.presurf.mgz 1 ../label/lh.cortex+hipamyg.label

 Generating cortex label... RemoveHipAmgy=1
 NucAccIsMedialWall=0
 mris->useRealRAS=0
26 non-cortical segments detected
only using segment with 5237 vertices
erasing segment 0 (vno[0] = 22082)
erasing segment 2 (vno[0] = 34288)
erasing segment 3 (vno[0] = 35214)
erasing segment 4 (vno[0] = 38084)
erasing segment 5 (vno[0] = 39055)
erasing segment 6 (vno[0] = 40013)
erasing segment 7 (vno[0] = 40979)
erasing segment 8 (vno[0] = 52849)
erasing segment 9 (vno[0] = 52869)
erasing segment 10 (vno[0] = 57847)
erasing segment 11 (vno[0] = 58385)
erasing segment 12 (vno[0] = 61794)
erasing segment 13 (vno[0] = 62126)
erasing segment 14 (vno[0] = 63435)
erasing segment 15 (vno[0] = 65863)
erasing segment 16 (vno[0] = 66818)
erasing segment 17 (vno[0] = 67364)
erasing segment 18 (vno[0] = 67665)
erasing segment 19 (vno[0] = 68130)
erasing segment 20 (vno[0] = 69623)
erasing segment 21 (vno[0] = 73072)
erasing segment 22 (vno[0] = 83549)
erasing segment 23 (vno[0] = 104440)
erasing segment 24 (vno[0] = 106792)
erasing segment 25 (vno[0] = 115865)
#--------------------------------------------
#@# Smooth2 lh Sat Mar 14 11:58:01 CET 2026
/out/sourcedata/freesurfer/sub-v2s9x29159_ses-1/scripts

 mris_smooth -n 3 -nw -seed 1234 ../surf/lh.white.preaparc ../surf/lh.smoothwm 

smoothing for 3 iterations
setting seed for random number generator to 1234
smoothing surface tessellation for 3 iterations...
smoothing complete - recomputing first and second fundamental forms...
#--------------------------------------------
#@# Inflation2 lh Sat Mar 14 11:58:03 CET 2026
/out/sourcedata/freesurfer/sub-v2s9x29159_ses-1/scripts

 mris_inflate ../surf/lh.smoothwm ../surf/lh.inflated 

Reading ../surf/lh.smoothwm
avg radius = 43.7 mm, total surface area = 74125 mm^2
step 000: RMS=0.176 (target=0.015)   step 005: RMS=0.116 (target=0.015)   step 010: RMS=0.088 (target=0.015)   step 015: RMS=0.073 (target=0.015)   step 020: RMS=0.060 (target=0.015)   step 025: RMS=0.049 (target=0.015)   step 030: RMS=0.041 (target=0.015)   step 035: RMS=0.035 (target=0.015)   step 040: RMS=0.030 (target=0.015)   step 045: RMS=0.026 (target=0.015)   step 050: RMS=0.024 (target=0.015)   step 055: RMS=0.022 (target=0.015)   step 060: RMS=0.020 (target=0.015)   writing inflated surface to ../surf/lh.inflated
writing sulcal depths to ../surf/lh.sulc

inflation complete.
inflation took 0.3 minutes
mris_inflate utimesec    108.387001
mris_inflate stimesec    0.433572
mris_inflate ru_maxrss   183048
mris_inflate ru_ixrss    0
mris_inflate ru_idrss    0
mris_inflate ru_isrss    0
mris_inflate ru_minflt   104711
mris_inflate ru_majflt   10
mris_inflate ru_nswap    0
mris_inflate ru_inblock  130
mris_inflate ru_oublock  9216
mris_inflate ru_msgsnd   0
mris_inflate ru_msgrcv   0
mris_inflate ru_nsignals 0
mris_inflate ru_nvcsw    13348
mris_inflate ru_nivcsw   425
#--------------------------------------------
#@# Curv .H and .K lh Sat Mar 14 11:58:18 CET 2026
/out/sourcedata/freesurfer/sub-v2s9x29159_ses-1/surf

 mris_curvature -w -seed 1234 lh.white.preaparc 

setting seed for random number generator to 1234
total integrated curvature = 22.865*4pi (287.336) --> -22 handles
ICI = 130.9, FI = 1354.4, variation=21016.581
writing Gaussian curvature to ./lh.white.preaparc.K...done.
writing mean curvature to ./lh.white.preaparc.H...done.
rm -f lh.white.H
ln -s lh.white.preaparc.H lh.white.H
rm -f lh.white.K
ln -s lh.white.preaparc.K lh.white.K

 mris_curvature -seed 1234 -thresh .999 -n -a 5 -w -distances 10 10 lh.inflated 

setting seed for random number generator to 1234
normalizing curvature values.
averaging curvature patterns 5 times.
sampling 10 neighbors out to a distance of 10 mm
120 vertices thresholded to be in k1 ~ [-1.32 0.40], k2 ~ [-0.20 0.13]
total integrated curvature = 0.600*4pi (7.541) --> 0 handles
ICI = 1.4, FI = 8.5, variation=146.781
113 vertices thresholded to be in [-0.04 0.05]
writing Gaussian curvature to ./lh.inflated.K...thresholding curvature at 99.90% level
curvature mean = 0.000, std = 0.002
92 vertices thresholded to be in [-0.37 0.17]
done.
writing mean curvature to ./lh.inflated.H...curvature mean = -0.018, std = 0.024
done.
#--------------------------------------------
#@# Sphere lh Sat Mar 14 11:58:50 CET 2026
/out/sourcedata/freesurfer/sub-v2s9x29159_ses-1/scripts

 mris_sphere -seed 1234 ../surf/lh.inflated ../surf/lh.sphere 

setting seed for random number genererator to 1234
version: 7.3.2
available threads: 16
reading original vertex positions...
projecting onto sphere...
surface projected - minimizing metric distortion...
scaling brain by 0.311...
MRISunfold() max_passes = 1 -------
tol=5.0e-01, sigma=0.0, host=dna07, nav=1024, nbrs=2, l_area=1.000, l_dist=1.000
using quadratic fit line minimization
complete_dist_mat 0
rms 0
smooth_averages 0
remove_neg 0
ico_order 0
which_surface 0
target_radius 0.000000
nfields 0
scale 1.000000
desired_rms_height -1.000000
momentum 0.900000
nbhd_size 7
max_nbrs 8
niterations 25
nsurfaces 0
SURFACES 3
flags 0 (0)
use curv 0
no sulc 0
no rigid align 0
mris->nsize 2
mris->hemisphere 0
randomSeed 1234

singular matrix in quadratic form
--------------------
  mrisRemoveNegativeArea()
pass 1: epoch 1 of 3 starting distance error %20.16
pass 1: epoch 2 of 3 starting distance error %20.11
unfolding complete - removing small folds...
starting distance error %20.07
removing remaining folds...
final distance error %20.07
MRISunfold() return, current seed 1234
-01: dt=0.0000, 143 negative triangles  VmPeak 1564896
103: dt=0.9900, 143 negative triangles
104: dt=0.9900,  73 negative triangles
105: dt=0.9900,  59 negative triangles
106: dt=0.9900,  64 negative triangles
107: dt=0.9900,  58 negative triangles
108: dt=0.9900,  63 negative triangles
109: dt=0.9900,  53 negative triangles
110: dt=0.9900,  59 negative triangles
111: dt=0.9900,  54 negative triangles
112: dt=0.9900,  50 negative triangles
113: dt=0.9900,  46 negative triangles
114: dt=0.9900,  42 negative triangles
115: dt=0.9900,  39 negative triangles
116: dt=0.9900,  38 negative triangles
117: dt=0.9900,  34 negative triangles
118: dt=0.9900,  33 negative triangles
119: dt=0.9900,  28 negative triangles
120: dt=0.9900,  30 negative triangles
121: dt=0.9900,  30 negative triangles
122: dt=0.9900,  31 negative triangles
123: dt=0.9900,  29 negative triangles
124: dt=0.9900,  28 negative triangles
125: dt=0.9900,  29 negative triangles
126: dt=0.9900,  31 negative triangles
127: dt=0.9900,  31 negative triangles
128: dt=0.9900,  27 negative triangles
129: dt=0.9900,  31 negative triangles
130: dt=0.9900,  28 negative triangles
131: dt=0.9900,  30 negative triangles
132: dt=0.9900,  32 negative triangles
133: dt=0.9900,  28 negative triangles
134: dt=0.9900,  30 negative triangles
135: dt=0.9900,  27 negative triangles
136: dt=0.9900,  29 negative triangles
137: dt=0.9900,  30 negative triangles
138: dt=0.9405,  30 negative triangles
139: dt=0.9405,  28 negative triangles
140: dt=0.9405,  30 negative triangles
141: dt=0.9405,  27 negative triangles
142: dt=0.9405,  31 negative triangles
143: dt=0.9405,  32 negative triangles
144: dt=0.9405,  29 negative triangles
145: dt=0.9405,  27 negative triangles
146: dt=0.9405,  31 negative triangles
147: dt=0.9405,  29 negative triangles
148: dt=0.8935,  27 negative triangles
149: dt=0.8935,  25 negative triangles
150: dt=0.8935,  29 negative triangles
151: dt=0.8935,  29 negative triangles
152: dt=0.8935,  28 negative triangles
153: dt=0.8935,  27 negative triangles
154: dt=0.8935,  27 negative triangles
155: dt=0.8935,  27 negative triangles
156: dt=0.8935,  31 negative triangles
157: dt=0.8935,  27 negative triangles
158: dt=0.8935,  29 negative triangles
159: dt=0.8488,  29 negative triangles
160: dt=0.8488,  25 negative triangles
161: dt=0.8488,  26 negative triangles
162: dt=0.8488,  26 negative triangles
163: dt=0.8488,  27 negative triangles
164: dt=0.8488,  27 negative triangles
165: dt=0.8488,  24 negative triangles
166: dt=0.8488,  24 negative triangles
167: dt=0.8488,  27 negative triangles
168: dt=0.8488,  26 negative triangles
169: dt=0.8488,  25 negative triangles
170: dt=0.8488,  25 negative triangles
171: dt=0.8488,  26 negative triangles
172: dt=0.8488,  25 negative triangles
173: dt=0.8488,  19 negative triangles
174: dt=0.8488,  21 negative triangles
175: dt=0.8488,  17 negative triangles
176: dt=0.8488,  22 negative triangles
177: dt=0.8488,  23 negative triangles
178: dt=0.8488,  20 negative triangles
179: dt=0.8488,  17 negative triangles
180: dt=0.8488,  21 negative triangles
181: dt=0.8488,  20 negative triangles
182: dt=0.8488,  20 negative triangles
183: dt=0.8488,  21 negative triangles
184: dt=0.8488,  19 negative triangles
185: dt=0.8064,  20 negative triangles
186: dt=0.8064,  16 negative triangles
187: dt=0.8064,  21 negative triangles
188: dt=0.8064,  20 negative triangles
189: dt=0.8064,  18 negative triangles
190: dt=0.8064,  15 negative triangles
191: dt=0.8064,  17 negative triangles
192: dt=0.8064,  15 negative triangles
193: dt=0.8064,  14 negative triangles
194: dt=0.8064,  15 negative triangles
195: dt=0.8064,  16 negative triangles
196: dt=0.8064,  16 negative triangles
197: dt=0.8064,  13 negative triangles
198: dt=0.8064,  15 negative triangles
199: dt=0.8064,  13 negative triangles
200: dt=0.8064,  18 negative triangles
201: dt=0.8064,  13 negative triangles
202: dt=0.8064,  14 negative triangles
203: dt=0.8064,  12 negative triangles
204: dt=0.8064,  12 negative triangles
205: dt=0.8064,  13 negative triangles
206: dt=0.8064,   9 negative triangles
207: dt=0.8064,   9 negative triangles
208: dt=0.8064,  10 negative triangles
209: dt=0.8064,   5 negative triangles
210: dt=0.8064,   4 negative triangles
211: dt=0.8064,   5 negative triangles
212: dt=0.8064,   5 negative triangles
213: dt=0.8064,   3 negative triangles
214: dt=0.8064,   2 negative triangles
215: dt=0.8064,   3 negative triangles
216: dt=0.8064,   3 negative triangles
217: dt=0.8064,   4 negative triangles
218: dt=0.8064,   2 negative triangles
writing spherical brain to ../surf/lh.sphere
spherical transformation took 0.0417 hours
FSRUNTIME@ mris_sphere  0.0418 hours 16 threads
#VMPC# mris_sphere VmPeak  1564896
mris_sphere done
#--------------------------------------------
#@# Surf Reg lh Sat Mar 14 12:01:20 CET 2026
/out/sourcedata/freesurfer/sub-v2s9x29159_ses-1/scripts

 mris_register -curv ../surf/lh.sphere /opt/freesurfer/average/lh.folding.atlas.acfb40.noaparc.i12.2016-08-02.tif ../surf/lh.sphere.reg 

using smoothwm curvature for final alignment

cwd /out/sourcedata/freesurfer/sub-v2s9x29159_ses-1/scripts
cmdline mris_register -curv ../surf/lh.sphere /opt/freesurfer/average/lh.folding.atlas.acfb40.noaparc.i12.2016-08-02.tif ../surf/lh.sphere.reg 

0 inflated.H
1 sulc
2 smoothwm (computed)
7.3.2
  7.3.2
reading surface from ../surf/lh.sphere...
reading template parameterization from /opt/freesurfer/average/lh.folding.atlas.acfb40.noaparc.i12.2016-08-02.tif...
MRISregister() -------
max_passes = 4 
min_degrees = 0.500000 
max_degrees = 64.000000 
nangles = 8 
tol=5.0e-01, sigma=0.0, host=dna07, nav=1024, nbrs=1, l_extern=10000.000, l_parea=0.200, l_nlarea=1.000, l_corr=1.000, l_dist=5.000
using quadratic fit line minimization
complete_dist_mat 0
rms 0
smooth_averages 0
remove_neg 0
ico_order 0
which_surface 0
target_radius 0.000000
nfields 0
scale 0.000000
desired_rms_height -1.000000
momentum 0.950000
nbhd_size -10
max_nbrs 10
niterations 25
nsurfaces 0
SURFACES 3
flags 16 (10)
use curv 16
no sulc 0
no rigid align 0
mris->nsize 1
mris->hemisphere 0
randomSeed 0

tol=5.0e-01, sigma=0.0, host=dna07, nav=1024, nbrs=1, l_extern=10000.000, l_parea=0.200, l_nlarea=1.000, l_corr=1.000, l_dist=5.000
using quadratic fit line minimization
--------------------
1 Reading lh.sulc
tol=1.0e+00, sigma=0.5, host=dna07, nav=1024, nbrs=1, l_extern=10000.000, l_parea=0.200, l_nlarea=1.000, l_corr=0.050, l_spring=0.500, l_dist=5.000
using quadratic fit line minimization
curvature mean = 0.000, std = 5.627
curvature mean = 0.025, std = 0.811
curvature mean = 0.006, std = 0.876
Starting MRISrigidBodyAlignGlobal()
Starting new MRISrigidBodyAlignGlobal_findMinSSE()
  new MRISrigidBodyAlignGlobal_findMinSSE min @ (-4.50, -10.50, 10.50) sse = 198372.0, elapsed since starting=0.1197 min
MRISrigidBodyAlignGlobal() done   0.12 min
curvature mean = 0.013, std = 0.837
curvature mean = 0.004, std = 0.953
curvature mean = 0.012, std = 0.848
curvature mean = 0.002, std = 0.981
curvature mean = 0.012, std = 0.851
curvature mean = 0.000, std = 0.993
2 Reading smoothwm
curvature mean = -0.017, std = 0.266
curvature mean = 0.043, std = 0.249
curvature mean = 0.050, std = 0.378
curvature mean = 0.040, std = 0.308
curvature mean = 0.027, std = 0.583
curvature mean = 0.040, std = 0.335
curvature mean = 0.013, std = 0.725
curvature mean = 0.039, std = 0.347
curvature mean = 0.002, std = 0.830
MRISregister() return, current seed 0
-01: dt=0.0000,   6 negative triangles  VmPeak 1572832
105: dt=0.9900,   6 negative triangles
expanding nbhd size to 1
106: dt=0.9900,   7 negative triangles
107: dt=0.9900,   2 negative triangles
108: dt=0.9900,   4 negative triangles
109: dt=0.9900,   2 negative triangles
110: dt=0.9900,   3 negative triangles
writing registered surface to ../surf/lh.sphere.reg...
registration took 0.14 hours
#VMPC# mris_register VmPeak  1572832
FSRUNTIME@ mris_register  0.1444 hours 16 threads

 ln -sf lh.sphere.reg lh.fsaverage.sphere.reg 

#--------------------------------------------
#@# Jacobian white lh Sat Mar 14 12:10:00 CET 2026
/out/sourcedata/freesurfer/sub-v2s9x29159_ses-1/scripts

 mris_jacobian ../surf/lh.white.preaparc ../surf/lh.sphere.reg ../surf/lh.jacobian_white 

reading surface from ../surf/lh.white.preaparc...
writing curvature file ../surf/lh.jacobian_white
#--------------------------------------------
#@# AvgCurv lh Sat Mar 14 12:10:00 CET 2026
/out/sourcedata/freesurfer/sub-v2s9x29159_ses-1/scripts

 mrisp_paint -a 5 /opt/freesurfer/average/lh.folding.atlas.acfb40.noaparc.i12.2016-08-02.tif#6 ../surf/lh.sphere.reg ../surf/lh.avg_curv 

averaging curvature patterns 5 times...
reading surface from ../surf/lh.sphere.reg...
reading template parameterization from /opt/freesurfer/average/lh.folding.atlas.acfb40.noaparc.i12.2016-08-02.tif...
writing curvature file to ../surf/lh.avg_curv...
#-----------------------------------------
#@# Cortical Parc lh Sat Mar 14 12:10:01 CET 2026
/out/sourcedata/freesurfer/sub-v2s9x29159_ses-1/scripts

 mris_ca_label -l ../label/lh.cortex.label -aseg ../mri/aseg.presurf.mgz -seed 1234 sub-v2s9x29159_ses-1 lh ../surf/lh.sphere.reg /opt/freesurfer/average/lh.DKaparc.atlas.acfb40.noaparc.i12.2016-08-02.gcs ../label/lh.aparc.annot 

setting seed for random number generator to 1234
using ../mri/aseg.presurf.mgz aseg volume to correct midline
7.3.2
  7.3.2
reading atlas from /opt/freesurfer/average/lh.DKaparc.atlas.acfb40.noaparc.i12.2016-08-02.gcs...
reading color table from GCSA file....
average std = 0.8   using min determinant for regularization = 0.006
0 singular and 342 ill-conditioned covariance matrices regularized
input 0: MEAN CURVATURE, flags 0, avgs 5, name mean_curvature
labeling surface...
1262 labels changed using aseg
relabeling using gibbs priors...
000:   2752 changed, 117763 examined...
001:    666 changed, 11661 examined...
002:    148 changed, 3776 examined...
003:     32 changed, 903 examined...
004:     10 changed, 206 examined...
005:      3 changed, 66 examined...
006:      3 changed, 20 examined...
007:      1 changed, 20 examined...
008:      1 changed, 6 examined...
009:      0 changed, 5 examined...
261 labels changed using aseg
000: 122 total segments, 77 labels (257 vertices) changed
001: 46 total segments, 1 labels (1 vertices) changed
002: 45 total segments, 0 labels (0 vertices) changed
10 filter iterations complete (10 requested, 3 changed)
rationalizing unknown annotations with cortex label
relabeling unknown label...
relabeling corpuscallosum label...
1485 vertices marked for relabeling...
1485 labels changed in reclassification.
writing output to ../label/lh.aparc.annot...
classification took 0 minutes and 6 seconds.
#--------------------------------------------
#@# WhiteSurfs lh Sat Mar 14 12:10:07 CET 2026
cd /out/sourcedata/freesurfer/sub-v2s9x29159_ses-1/mri
mris_place_surface --adgws-in ../surf/autodet.gw.stats.lh.dat --seg aseg.presurf.mgz --threads 16 --wm wm.mgz --invol brain.finalsurfs.mgz --lh --i ../surf/lh.white.preaparc --o ../surf/lh.white --white --nsmooth 0 --rip-label ../label/lh.cortex.label --rip-bg --rip-surf ../surf/lh.white.preaparc --aparc ../label/lh.aparc.annot
7.3.2
7.3.2

cd /out/sourcedata/freesurfer/sub-v2s9x29159_ses-1/mri
setenv SUBJECTS_DIR /out/sourcedata/freesurfer
mris_place_surface --adgws-in ../surf/autodet.gw.stats.lh.dat --seg aseg.presurf.mgz --threads 16 --wm wm.mgz --invol brain.finalsurfs.mgz --lh --i ../surf/lh.white.preaparc --o ../surf/lh.white --white --nsmooth 0 --rip-label ../label/lh.cortex.label --rip-bg --rip-surf ../surf/lh.white.preaparc --aparc ../label/lh.aparc.annot 

Reading in input surface ../surf/lh.white.preaparc
Not smoothing input surface
Area    235522  0.34805  0.13003 0.000715   2.3042
Corner  706566 60.00000 13.83756 0.293904 178.3887
Edge    353283  0.90773  0.21435 0.040390   3.4527
Hinge   353283  9.67871 11.05128 0.000001 179.7350
Reading in aparc ../label/lh.aparc.annot
Reading in input volume brain.finalsurfs.mgz
Reading in wm volume wm.mgz
MRIclipBrightWM(): nthresh=16269, wmmin=5, clip=110 
MRIfindBrightNonWM(): 1803 bright non-wm voxels segmented.
Masking bright non-wm for white surface
MRImask(): AllowDiffGeom = 1
MRImask(): AllowDiffGeom = 1
Reading in seg volume aseg.presurf.mgz
Ripping frozen voxels
Ripping vertices not in label ../label/lh.cortex.label
MRISripNotLabel() ripped 7877/117763 vertices (109886 unripped)
Reading in ripping surface ../surf/lh.white.preaparc
Reading in aparc ../label/lh.aparc.annot for ripsurf
Ripping BG
MRISripBasalGanglia(): 1 -2 2 0.5 ripped 696
Ripping segs (eg, WMSA, BG, frozen)
Starting MRISripSegs() d = (-2 2 0.5) segnos: 247 
MRISripSegs(): -2 2 0.5 ripped 0
vertex 58882: xyz = (-39.2603,-11.8196,-23.1694) oxyz = (-39.2603,-11.8196,-23.1694) wxzy = (-39.2603,-11.8196,-23.1694) pxyz = (0,0,0) 
CBVO Creating mask 117763
n_averages 4
Iteration 0 =========================================
n_averages=4, current_sigma=2
Computing target border values 
Entering MRIScomputeBorderValues_new(): 
  inside_hi   = 120.0000000;
  border_hi   = 112.1971740;
  border_low  =  61.0000000;
  outside_low =  50.5758970;
  outside_hi  = 112.1971740;
  sigma = 2;
  max_thickness = 10;
  step_size=0.5;
  STEP_SIZE=0.1;
  which = 1
  thresh = 0
  flags = 0
  CBVfindFirstPeakD1=0
  CBVfindFirstPeakD2=0
  nvertices=117763
  Gdiag_no=-1
  vno start=0, stop=117763
Replacing 255s with 0s
#SI# sigma=2 had to be increased for 84 vertices, nripped=8573
mean border=75.9, 120 (120) missing vertices, mean dist 0.2 [0.4 (%20.6)->0.4 (%79.4))]
%81 local maxima, %11 large gradients and % 0 min vals, 0 gradients ignored
nFirstPeakD1 0
MRIScomputeBorderValues_new() finished in 0.0095 min


Finding expansion regions
mean absolute distance = 0.43 +- 0.70
2091 vertices more than 2 sigmas from mean.
Averaging target values for 5 iterations...
Positioning Surface: tspring = 0.3, nspring = 0.3, spring = 0, niters = 100 l_repulse = 5, l_surf_repulse = 0, checktol = 0
Positioning pial surface
Entering MRISpositionSurface()
  max_mm = 0.3
  MAX_REDUCTIONS = 2, REDUCTION_PCT = 0.5
  parms->check_tol = 0, niterations = 100
tol=1.0e-04, sigma=2.0, host=dna07, nav=4, nbrs=2, l_repulse=5.000, l_tspring=0.300, l_nspring=0.300, l_intensity=0.200, l_curv=1.000
mom=0.00, dt=0.50
complete_dist_mat 0
rms 0
smooth_averages 0
remove_neg 0
ico_order 0
which_surface 0
target_radius 0.000000
nfields 0
scale 0.000000
desired_rms_height 0.000000
momentum 0.000000
nbhd_size 0
max_nbrs 0
niterations 100
nsurfaces 0
SURFACES 3
flags 0 (0)
use curv 0
no sulc 0
no rigid align 0
mris->nsize 2
mris->hemisphere 0
randomSeed 0

000: dt: 0.0000, sse=1316869.4, rms=7.245
001: dt: 0.5000, sse=570346.0, rms=4.276 (40.977%)
002: dt: 0.5000, sse=470013.4, rms=3.647 (14.702%)
rms = 3.6129/3.6475, sse=456799.6/470013.4, time step reduction 1 of 3 to 0.250  0 0 1
003: dt: 0.5000, sse=456799.6, rms=3.613 (0.949%)
004: dt: 0.2500, sse=256730.0, rms=1.956 (45.849%)
005: dt: 0.2500, sse=232545.5, rms=1.643 (16.034%)
006: dt: 0.2500, sse=225493.2, rms=1.534 (6.588%)
007: dt: 0.2500, sse=222459.3, rms=1.480 (3.538%)
rms = 1.4464/1.4802, sse=220586.2/222459.3, time step reduction 2 of 3 to 0.125  0 0 1
008: dt: 0.2500, sse=220586.2, rms=1.446 (2.286%)
009: dt: 0.1250, sse=217334.5, rms=1.390 (3.923%)
rms = 1.3784/1.3896, sse=216816.3/217334.5, time step reduction 3 of 3 to 0.062  0 0 1
010: dt: 0.1250, sse=216816.3, rms=1.378 (0.805%)
  maximum number of reductions reached, breaking from loop
positioning took 0.6 minutes
Iteration 1 =========================================
n_averages=2, current_sigma=1
Computing target border values 
Entering MRIScomputeBorderValues_new(): 
  inside_hi   = 120.0000000;
  border_hi   = 112.1971740;
  border_low  =  61.0000000;
  outside_low =  50.5758970;
  outside_hi  = 112.1971740;
  sigma = 1;
  max_thickness = 10;
  step_size=0.5;
  STEP_SIZE=0.1;
  which = 1
  thresh = 0
  flags = 0
  CBVfindFirstPeakD1=0
  CBVfindFirstPeakD2=0
  nvertices=117763
  Gdiag_no=-1
  vno start=0, stop=117763
Replacing 255s with 0s
#SI# sigma=1 had to be increased for 57 vertices, nripped=8573
mean border=78.9, 109 (73) missing vertices, mean dist -0.2 [0.3 (%75.3)->0.2 (%24.7))]
%88 local maxima, % 5 large gradients and % 0 min vals, 0 gradients ignored
nFirstPeakD1 0
MRIScomputeBorderValues_new() finished in 0.0087 min


Finding expansion regions
mean absolute distance = 0.26 +- 0.47
1631 vertices more than 2 sigmas from mean.
Averaging target values for 5 iterations...
Positioning Surface: tspring = 0.3, nspring = 0.3, spring = 0, niters = 100 l_repulse = 5, l_surf_repulse = 0, checktol = 0
Positioning pial surface
Entering MRISpositionSurface()
  max_mm = 0.3
  MAX_REDUCTIONS = 2, REDUCTION_PCT = 0.5
  parms->check_tol = 0, niterations = 100
tol=1.0e-04, sigma=1.0, host=dna07, nav=2, nbrs=2, l_repulse=5.000, l_tspring=0.300, l_nspring=0.300, l_intensity=0.200, l_curv=1.000
mom=0.00, dt=0.50
000: dt: 0.0000, sse=609415.8, rms=4.413
011: dt: 0.5000, sse=376813.2, rms=2.967 (32.766%)
rms = 3.3250/2.9671, sse=424561.9/376813.1, time step reduction 1 of 3 to 0.250  0 1 1
   RMS increased, rejecting step
012: dt: 0.2500, sse=272611.8, rms=2.009 (32.306%)
013: dt: 0.2500, sse=232475.7, rms=1.487 (25.948%)
014: dt: 0.2500, sse=219834.2, rms=1.276 (14.238%)
015: dt: 0.2500, sse=216862.8, rms=1.219 (4.415%)
rms = 1.1886/1.2193, sse=214982.8/216862.8, time step reduction 2 of 3 to 0.125  0 0 1
016: dt: 0.2500, sse=214982.8, rms=1.189 (2.512%)
017: dt: 0.1250, sse=212274.3, rms=1.134 (4.632%)
rms = 1.1284/1.1336, sse=212151.1/212274.3, time step reduction 3 of 3 to 0.062  0 0 1
018: dt: 0.1250, sse=212151.1, rms=1.128 (0.455%)
  maximum number of reductions reached, breaking from loop
positioning took 0.5 minutes
Iteration 2 =========================================
n_averages=1, current_sigma=0.5
Computing target border values 
Entering MRIScomputeBorderValues_new(): 
  inside_hi   = 120.0000000;
  border_hi   = 112.1971740;
  border_low  =  61.0000000;
  outside_low =  50.5758970;
  outside_hi  = 112.1971740;
  sigma = 0.5;
  max_thickness = 10;
  step_size=0.5;
  STEP_SIZE=0.1;
  which = 1
  thresh = 0
  flags = 0
  CBVfindFirstPeakD1=0
  CBVfindFirstPeakD2=0
  nvertices=117763
  Gdiag_no=-1
  vno start=0, stop=117763
Replacing 255s with 0s
#SI# sigma=0.5 had to be increased for 58 vertices, nripped=8573
mean border=80.3, 121 (57) missing vertices, mean dist -0.1 [0.2 (%65.5)->0.2 (%34.5))]
%90 local maxima, % 3 large gradients and % 0 min vals, 0 gradients ignored
nFirstPeakD1 0
MRIScomputeBorderValues_new() finished in 0.0039 min


Finding expansion regions
mean absolute distance = 0.20 +- 0.36
2087 vertices more than 2 sigmas from mean.
Averaging target values for 5 iterations...
Positioning Surface: tspring = 0.3, nspring = 0.3, spring = 0, niters = 100 l_repulse = 5, l_surf_repulse = 0, checktol = 0
Positioning pial surface
Entering MRISpositionSurface()
  max_mm = 0.3
  MAX_REDUCTIONS = 2, REDUCTION_PCT = 0.5
  parms->check_tol = 0, niterations = 100
tol=1.0e-04, sigma=0.5, host=dna07, nav=1, nbrs=2, l_repulse=5.000, l_tspring=0.300, l_nspring=0.300, l_intensity=0.200, l_curv=1.000
mom=0.00, dt=0.50
000: dt: 0.0000, sse=303815.4, rms=2.377
rms = 2.7444/2.3769, sse=348354.7/303815.4, time step reduction 1 of 3 to 0.250  0 1 1
   RMS increased, rejecting step
019: dt: 0.2500, sse=237057.6, rms=1.606 (32.441%)
020: dt: 0.2500, sse=211905.7, rms=1.180 (26.524%)
021: dt: 0.2500, sse=208064.5, rms=1.105 (6.332%)
rms = 1.0862/1.1052, sse=207098.4/208064.5, time step reduction 2 of 3 to 0.125  0 0 1
022: dt: 0.2500, sse=207098.4, rms=1.086 (1.720%)
rms = 1.0460/1.0862, sse=205310.8/207098.4, time step reduction 3 of 3 to 0.062  0 0 1
023: dt: 0.1250, sse=205310.8, rms=1.046 (3.698%)
  maximum number of reductions reached, breaking from loop
positioning took 0.3 minutes
Iteration 3 =========================================
n_averages=0, current_sigma=0.25
Computing target border values 
Entering MRIScomputeBorderValues_new(): 
  inside_hi   = 120.0000000;
  border_hi   = 112.1971740;
  border_low  =  61.0000000;
  outside_low =  50.5758970;
  outside_hi  = 112.1971740;
  sigma = 0.25;
  max_thickness = 10;
  step_size=0.5;
  STEP_SIZE=0.1;
  which = 1
  thresh = 0
  flags = 0
  CBVfindFirstPeakD1=0
  CBVfindFirstPeakD2=0
  nvertices=117763
  Gdiag_no=-1
  vno start=0, stop=117763
Replacing 255s with 0s
#SI# sigma=0.25 had to be increased for 65 vertices, nripped=8573
mean border=80.8, 142 (51) missing vertices, mean dist -0.0 [0.2 (%54.2)->0.2 (%45.8))]
%90 local maxima, % 2 large gradients and % 0 min vals, 0 gradients ignored
nFirstPeakD1 0
MRIScomputeBorderValues_new() finished in 0.0026 min


Finding expansion regions
mean absolute distance = 0.19 +- 0.32
2373 vertices more than 2 sigmas from mean.
Averaging target values for 5 iterations...
Positioning Surface: tspring = 0.3, nspring = 0.3, spring = 0, niters = 100 l_repulse = 5, l_surf_repulse = 0, checktol = 0
Positioning pial surface
Entering MRISpositionSurface()
  max_mm = 0.3
  MAX_REDUCTIONS = 2, REDUCTION_PCT = 0.5
  parms->check_tol = 0, niterations = 100
tol=1.0e-04, sigma=0.2, host=dna07, nav=0, nbrs=2, l_repulse=5.000, l_tspring=0.300, l_nspring=0.300, l_intensity=0.200, l_curv=1.000
mom=0.00, dt=0.50
000: dt: 0.0000, sse=220011.3, rms=1.355
rms = 1.7281/1.3549, sse=250654.2/220011.3, time step reduction 1 of 3 to 0.250  0 1 1
   RMS increased, rejecting step
024: dt: 0.2500, sse=201054.1, rms=0.974 (28.117%)
025: dt: 0.2500, sse=196449.7, rms=0.836 (14.129%)
rms = 0.8307/0.8363, sse=195650.1/196449.7, time step reduction 2 of 3 to 0.125  0 0 1
026: dt: 0.2500, sse=195650.1, rms=0.831 (0.668%)
rms = 0.8172/0.8307, sse=194726.3/195650.1, time step reduction 3 of 3 to 0.062  0 0 1
027: dt: 0.1250, sse=194726.3, rms=0.817 (1.629%)
  maximum number of reductions reached, breaking from loop
positioning took 0.3 minutes


Writing output to ../surf/lh.white
#ET# mris_place_surface  1.68 minutes
#VMPC# mris_place_surfaces VmPeak  2857520
mris_place_surface done
#--------------------------------------------
#@# T1PialSurf lh Sat Mar 14 12:11:52 CET 2026
cd /out/sourcedata/freesurfer/sub-v2s9x29159_ses-1/mri
mris_place_surface --adgws-in ../surf/autodet.gw.stats.lh.dat --seg aseg.presurf.mgz --threads 16 --wm wm.mgz --invol brain.finalsurfs.mgz --lh --i ../surf/lh.white --o ../surf/lh.pial.T1 --pial --nsmooth 0 --rip-label ../label/lh.cortex+hipamyg.label --pin-medial-wall ../label/lh.cortex.label --aparc ../label/lh.aparc.annot --repulse-surf ../surf/lh.white --white-surf ../surf/lh.white
7.3.2
7.3.2

cd /out/sourcedata/freesurfer/sub-v2s9x29159_ses-1/mri
setenv SUBJECTS_DIR /out/sourcedata/freesurfer
mris_place_surface --adgws-in ../surf/autodet.gw.stats.lh.dat --seg aseg.presurf.mgz --threads 16 --wm wm.mgz --invol brain.finalsurfs.mgz --lh --i ../surf/lh.white --o ../surf/lh.pial.T1 --pial --nsmooth 0 --rip-label ../label/lh.cortex+hipamyg.label --pin-medial-wall ../label/lh.cortex.label --aparc ../label/lh.aparc.annot --repulse-surf ../surf/lh.white --white-surf ../surf/lh.white 

Reading in input surface ../surf/lh.white
Not smoothing input surface
Area    235522  0.35275  0.14844 0.000372   4.9595
Corner  706566 60.00000 15.33989 0.293904 178.5093
Edge    353283  0.91534  0.23592 0.007090   3.8913
Hinge   353283  9.79661 11.34545 0.000001 179.6128
Reading white surface coordinates from ../surf/lh.white
Reading repulsion surface coordinates from ../surf/lh.white
Reading in aparc ../label/lh.aparc.annot
Reading in input volume brain.finalsurfs.mgz
Reading in wm volume wm.mgz
MRIclipBrightWM(): nthresh=16269, wmmin=5, clip=110 
MRIfindBrightNonWM(): 1803 bright non-wm voxels segmented.
Masking bright non-wm for pial surface mid_gray = 61.7653
MRImask(): AllowDiffGeom = 1
MRImask(): AllowDiffGeom = 1
MRImask(): AllowDiffGeom = 1
Reading in seg volume aseg.presurf.mgz
Ripping frozen voxels
Ripping vertices not in label ../label/lh.cortex+hipamyg.label
MRISripNotLabel() ripped 5702/117763 vertices (112061 unripped)
INFO: rip surface needed but not specified, so using input surface
Ripping segs (eg, WMSA, BG, frozen)
Starting MRISripSegs() d = (-2 2 0.5) segnos: 247 
MRISripSegs(): -2 2 0.5 ripped 0
vertex 58882: xyz = (-39.2764,-11.8106,-23.1952) oxyz = (-39.2764,-11.8106,-23.1952) wxzy = (-39.2764,-11.8106,-23.1952) pxyz = (-39.2764,-11.8106,-23.1952) 
CBVO Creating mask 117763
n_averages 16
Iteration 0 =========================================
n_averages=16, current_sigma=2
Computing target border values 
Entering MRIScomputeBorderValues_new(): 
  inside_hi   =  93.8028260;
  border_hi   =  50.5758970;
  border_low  =  29.7276880;
  outside_low =  10.0000000;
  outside_hi  =  45.3638460;
  sigma = 2;
  max_thickness = 10;
  step_size=0.5;
  STEP_SIZE=0.1;
  which = 2
  thresh = 0
  flags = 0
  CBVfindFirstPeakD1=0
  CBVfindFirstPeakD2=0
  nvertices=117763
  Gdiag_no=-1
  vno start=0, stop=117763
Replacing 255s with 0s
#SI# sigma=2 had to be increased for 194 vertices, nripped=5702
mean border=51.2, 125 (125) missing vertices, mean dist 1.1 [2.7 (%0.0)->3.8 (%100.0))]
% 8 local maxima, %20 large gradients and %68 min vals, 0 gradients ignored
nFirstPeakD1 0
MRIScomputeBorderValues_new() finished in 0.0095 min


Averaging target values for 5 iterations...
Positioning Surface: tspring = 0.3, nspring = 0.3, spring = 0, niters = 100 l_repulse = 0, l_surf_repulse = 5, checktol = 0
Positioning pial surface
Entering MRISpositionSurface()
  max_mm = 0.3
  MAX_REDUCTIONS = 2, REDUCTION_PCT = 0.5
  parms->check_tol = 0, niterations = 100
tol=1.0e-04, sigma=2.0, host=dna07, nav=16, nbrs=2, l_surf_repulse=5.000, l_tspring=0.300, l_nspring=0.300, l_intensity=0.200, l_curv=1.000
mom=0.00, dt=0.50
complete_dist_mat 0
rms 0
smooth_averages 0
remove_neg 0
ico_order 0
which_surface 0
target_radius 0.000000
nfields 0
scale 0.000000
desired_rms_height 0.000000
momentum 0.000000
nbhd_size 0
max_nbrs 0
niterations 100
nsurfaces 0
SURFACES 3
flags 0 (0)
use curv 0
no sulc 0
no rigid align 0
mris->nsize 2
mris->hemisphere 0
randomSeed 0

000: dt: 0.0000, sse=20738580.0, rms=30.305
001: dt: 0.5000, sse=13422832.0, rms=24.322 (19.742%)
002: dt: 0.5000, sse=8510154.0, rms=19.288 (20.696%)
003: dt: 0.5000, sse=5573677.0, rms=15.516 (19.556%)
004: dt: 0.5000, sse=3908171.5, rms=12.893 (16.904%)
005: dt: 0.5000, sse=2936196.2, rms=11.077 (14.090%)
006: dt: 0.5000, sse=2342167.8, rms=9.799 (11.535%)
007: dt: 0.5000, sse=1944948.9, rms=8.839 (9.795%)
008: dt: 0.5000, sse=1651758.6, rms=8.055 (8.867%)
009: dt: 0.5000, sse=1421369.2, rms=7.380 (8.390%)
010: dt: 0.5000, sse=1225668.2, rms=6.751 (8.512%)
011: dt: 0.5000, sse=1066976.1, rms=6.195 (8.247%)
012: dt: 0.5000, sse=940425.9, rms=5.711 (7.812%)
013: dt: 0.5000, sse=844405.9, rms=5.313 (6.960%)
014: dt: 0.5000, sse=774084.1, rms=5.001 (5.882%)
015: dt: 0.5000, sse=723933.9, rms=4.763 (4.744%)
016: dt: 0.5000, sse=689903.3, rms=4.594 (3.566%)
017: dt: 0.5000, sse=666011.2, rms=4.469 (2.701%)
018: dt: 0.5000, sse=647329.7, rms=4.369 (2.256%)
019: dt: 0.5000, sse=635069.2, rms=4.300 (1.571%)
rms = 4.2506/4.3000, sse=626583.7/635069.2, time step reduction 1 of 3 to 0.250  0 0 1
020: dt: 0.5000, sse=626583.6, rms=4.251 (1.148%)
021: dt: 0.2500, sse=589146.1, rms=4.032 (5.154%)
022: dt: 0.2500, sse=576946.2, rms=3.960 (1.768%)
rms = 3.9463/3.9603, sse=574932.0/576946.3, time step reduction 2 of 3 to 0.125  0 0 1
023: dt: 0.2500, sse=574932.0, rms=3.946 (0.353%)
rms = 3.9046/3.9463, sse=568376.1/574932.0, time step reduction 3 of 3 to 0.062  0 0 1
024: dt: 0.1250, sse=568376.1, rms=3.905 (1.058%)
  maximum number of reductions reached, breaking from loop
positioning took 1.3 minutes
Iteration 1 =========================================
n_averages=8, current_sigma=1
Computing target border values 
Entering MRIScomputeBorderValues_new(): 
  inside_hi   =  93.8028260;
  border_hi   =  50.5758970;
  border_low  =  29.7276880;
  outside_low =  10.0000000;
  outside_hi  =  45.3638460;
  sigma = 1;
  max_thickness = 10;
  step_size=0.5;
  STEP_SIZE=0.1;
  which = 2
  thresh = 0
  flags = 0
  CBVfindFirstPeakD1=0
  CBVfindFirstPeakD2=0
  nvertices=117763
  Gdiag_no=-1
  vno start=0, stop=117763
Replacing 255s with 0s
#SI# sigma=1 had to be increased for 21384 vertices, nripped=5702
mean border=50.6, 3138 (29) missing vertices, mean dist 0.1 [0.2 (%41.6)->0.9 (%58.4))]
%11 local maxima, %19 large gradients and %63 min vals, 0 gradients ignored
nFirstPeakD1 0
MRIScomputeBorderValues_new() finished in 0.0029 min


Averaging target values for 5 iterations...
Positioning Surface: tspring = 0.3, nspring = 0.3, spring = 0, niters = 100 l_repulse = 0, l_surf_repulse = 5, checktol = 0
Positioning pial surface
Entering MRISpositionSurface()
  max_mm = 0.3
  MAX_REDUCTIONS = 2, REDUCTION_PCT = 0.5
  parms->check_tol = 0, niterations = 100
tol=1.0e-04, sigma=1.0, host=dna07, nav=8, nbrs=2, l_surf_repulse=5.000, l_tspring=0.300, l_nspring=0.300, l_intensity=0.200, l_curv=1.000
mom=0.00, dt=0.50
000: dt: 0.0000, sse=674127.0, rms=4.175
rms = 4.1444/4.1747, sse=668616.0/674127.0, time step reduction 1 of 3 to 0.250  0 0 1
025: dt: 0.5000, sse=668616.0, rms=4.144 (0.726%)
026: dt: 0.2500, sse=636761.4, rms=3.964 (4.346%)
rms = 3.9789/3.9642, sse=639408.4/636761.4, time step reduction 2 of 3 to 0.125  0 1 1
   RMS increased, rejecting step
rms = 3.9435/3.9642, sse=633300.4/636761.4, time step reduction 3 of 3 to 0.062  0 0 1
027: dt: 0.1250, sse=633300.4, rms=3.944 (0.522%)
  maximum number of reductions reached, breaking from loop
positioning took 0.2 minutes
Iteration 2 =========================================
n_averages=4, current_sigma=0.5
Computing target border values 
Entering MRIScomputeBorderValues_new(): 
  inside_hi   =  93.8028260;
  border_hi   =  50.5758970;
  border_low  =  29.7276880;
  outside_low =  10.0000000;
  outside_hi  =  45.3638460;
  sigma = 0.5;
  max_thickness = 10;
  step_size=0.5;
  STEP_SIZE=0.1;
  which = 2
  thresh = 0
  flags = 0
  CBVfindFirstPeakD1=0
  CBVfindFirstPeakD2=0
  nvertices=117763
  Gdiag_no=-1
  vno start=0, stop=117763
Replacing 255s with 0s
#SI# sigma=0.5 had to be increased for 22236 vertices, nripped=5702
mean border=50.4, 3587 (19) missing vertices, mean dist 0.1 [0.2 (%43.0)->0.7 (%57.0))]
%15 local maxima, %15 large gradients and %63 min vals, 0 gradients ignored
nFirstPeakD1 0
MRIScomputeBorderValues_new() finished in 0.0017 min


Averaging target values for 5 iterations...
Positioning Surface: tspring = 0.3, nspring = 0.3, spring = 0, niters = 100 l_repulse = 0, l_surf_repulse = 5, checktol = 0
Positioning pial surface
Entering MRISpositionSurface()
  max_mm = 0.3
  MAX_REDUCTIONS = 2, REDUCTION_PCT = 0.5
  parms->check_tol = 0, niterations = 100
tol=1.0e-04, sigma=0.5, host=dna07, nav=4, nbrs=2, l_surf_repulse=5.000, l_tspring=0.300, l_nspring=0.300, l_intensity=0.200, l_curv=1.000
mom=0.00, dt=0.50
000: dt: 0.0000, sse=651253.1, rms=4.029
rms = 4.2782/4.0292, sse=695389.4/651253.1, time step reduction 1 of 3 to 0.250  0 1 1
   RMS increased, rejecting step
028: dt: 0.2500, sse=639008.8, rms=3.959 (1.732%)
rms = 4.0437/3.9594, sse=653800.9/639008.8, time step reduction 2 of 3 to 0.125  0 1 1
   RMS increased, rejecting step
rms = 3.9546/3.9594, sse=638264.6/639008.8, time step reduction 3 of 3 to 0.062  0 0 1
029: dt: 0.1250, sse=638264.6, rms=3.955 (0.122%)
  maximum number of reductions reached, breaking from loop
positioning took 0.2 minutes
Iteration 3 =========================================
n_averages=2, current_sigma=0.25
Computing target border values 
Entering MRIScomputeBorderValues_new(): 
  inside_hi   =  93.8028260;
  border_hi   =  50.5758970;
  border_low  =  29.7276880;
  outside_low =  10.0000000;
  outside_hi  =  45.3638460;
  sigma = 0.25;
  max_thickness = 10;
  step_size=0.5;
  STEP_SIZE=0.1;
  which = 2
  thresh = 0
  flags = 0
  CBVfindFirstPeakD1=0
  CBVfindFirstPeakD2=0
  nvertices=117763
  Gdiag_no=-1
  vno start=0, stop=117763
Replacing 255s with 0s
#SI# sigma=0.25 had to be increased for 17417 vertices, nripped=5702
mean border=50.1, 9055 (15) missing vertices, mean dist 0.1 [0.2 (%42.8)->0.5 (%57.2))]
%17 local maxima, %12 large gradients and %59 min vals, 0 gradients ignored
nFirstPeakD1 0
MRIScomputeBorderValues_new() finished in 0.0011 min


Averaging target values for 5 iterations...
Positioning Surface: tspring = 0.3, nspring = 0.3, spring = 0, niters = 100 l_repulse = 0, l_surf_repulse = 5, checktol = 0
Positioning pial surface
Entering MRISpositionSurface()
  max_mm = 0.3
  MAX_REDUCTIONS = 2, REDUCTION_PCT = 0.5
  parms->check_tol = 0, niterations = 100
tol=1.0e-04, sigma=0.2, host=dna07, nav=2, nbrs=2, l_surf_repulse=5.000, l_tspring=0.300, l_nspring=0.300, l_intensity=0.200, l_curv=1.000
mom=0.00, dt=0.50
000: dt: 0.0000, sse=654249.1, rms=4.044
030: dt: 0.5000, sse=622294.2, rms=3.888 (3.868%)
031: dt: 0.5000, sse=610508.9, rms=3.836 (1.337%)
032: dt: 0.5000, sse=595396.5, rms=3.752 (2.175%)
rms = 3.7464/3.7522, sse=593667.6/595396.5, time step reduction 1 of 3 to 0.250  0 0 1
033: dt: 0.5000, sse=593667.6, rms=3.746 (0.155%)
034: dt: 0.2500, sse=543699.3, rms=3.418 (8.756%)
035: dt: 0.2500, sse=533132.2, rms=3.350 (2.011%)
rms = 3.3476/3.3496, sse=532846.7/533132.3, time step reduction 2 of 3 to 0.125  0 0 1
036: dt: 0.2500, sse=532846.8, rms=3.348 (0.060%)
037: dt: 0.1250, sse=517641.7, rms=3.240 (3.218%)
rms = 3.2147/3.2399, sse=513919.8/517641.7, time step reduction 3 of 3 to 0.062  0 0 1
038: dt: 0.1250, sse=513919.8, rms=3.215 (0.778%)
  maximum number of reductions reached, breaking from loop
positioning took 0.4 minutes
Pinning medial wall to white surface
removing intersecting faces
000: 25 intersecting
terminating search with 0 intersecting


Writing output to ../surf/lh.pial.T1
#ET# mris_place_surface  2.18 minutes
#VMPC# mris_place_surfaces VmPeak  2295204
mris_place_surface done
#@# white curv lh Sat Mar 14 12:14:07 CET 2026
cd /out/sourcedata/freesurfer/sub-v2s9x29159_ses-1/mri
mris_place_surface --curv-map ../surf/lh.white 2 10 ../surf/lh.curv
insurf  ../surf/lh.white, nbrs 2, curvature_avgs 10
writing curvature file ../surf/lh.curv
#@# white area lh Sat Mar 14 12:14:08 CET 2026
cd /out/sourcedata/freesurfer/sub-v2s9x29159_ses-1/mri
mris_place_surface --area-map ../surf/lh.white ../surf/lh.area
writing curvature file ../surf/lh.area
#@# pial curv lh Sat Mar 14 12:14:08 CET 2026
cd /out/sourcedata/freesurfer/sub-v2s9x29159_ses-1/mri
mris_place_surface --curv-map ../surf/lh.pial 2 10 ../surf/lh.curv.pial
insurf  ../surf/lh.pial, nbrs 2, curvature_avgs 10
writing curvature file ../surf/lh.curv.pial
#@# pial area lh Sat Mar 14 12:14:10 CET 2026
cd /out/sourcedata/freesurfer/sub-v2s9x29159_ses-1/mri
mris_place_surface --area-map ../surf/lh.pial ../surf/lh.area.pial
writing curvature file ../surf/lh.area.pial
#@# thickness lh Sat Mar 14 12:14:10 CET 2026
cd /out/sourcedata/freesurfer/sub-v2s9x29159_ses-1/mri
mris_place_surface --thickness ../surf/lh.white ../surf/lh.pial 20 5 ../surf/lh.thickness
0 of 117763 vertices processed
25000 of 117763 vertices processed
50000 of 117763 vertices processed
75000 of 117763 vertices processed
100000 of 117763 vertices processed
0 of 117763 vertices processed
25000 of 117763 vertices processed
50000 of 117763 vertices processed
75000 of 117763 vertices processed
100000 of 117763 vertices processed
thickness calculation complete, 361:1460 truncations.
43926 vertices at 0 distance
86002 vertices at 1 distance
62980 vertices at 2 distance
25977 vertices at 3 distance
9709 vertices at 4 distance
3795 vertices at 5 distance
1528 vertices at 6 distance
635 vertices at 7 distance
300 vertices at 8 distance
142 vertices at 9 distance
117 vertices at 10 distance
71 vertices at 11 distance
63 vertices at 12 distance
54 vertices at 13 distance
25 vertices at 14 distance
36 vertices at 15 distance
44 vertices at 16 distance
26 vertices at 17 distance
21 vertices at 18 distance
35 vertices at 19 distance
40 vertices at 20 distance
writing curvature file ../surf/lh.thickness
#@# area and vertex vol lh Sat Mar 14 12:14:27 CET 2026
cd /out/sourcedata/freesurfer/sub-v2s9x29159_ses-1/mri
mris_place_surface --thickness ../surf/lh.white ../surf/lh.pial 20 5 ../surf/lh.thickness
/out/sourcedata/freesurfer/sub-v2s9x29159_ses-1/surf
mris_calc -o lh.area.mid lh.area add lh.area.pial
Saving result to 'lh.area.mid' (type = MRI_CURV_FILE)                       [ ok ]
mris_calc -o lh.area.mid lh.area.mid div 2
Saving result to 'lh.area.mid' (type = MRI_CURV_FILE)                       [ ok ]
mris_convert --volume sub-v2s9x29159_ses-1 lh /out/sourcedata/freesurfer/sub-v2s9x29159_ses-1/surf/lh.volume
masking with /out/sourcedata/freesurfer/sub-v2s9x29159_ses-1/label/lh.cortex.label
Total face volume 249284
Total vertex volume 249075 (mask=0)
#@# sub-v2s9x29159_ses-1 lh 249075
 
vertexvol Done

#-----------------------------------------
#@# Curvature Stats lh Sat Mar 14 12:14:27 CET 2026
/out/sourcedata/freesurfer/sub-v2s9x29159_ses-1/surf

 mris_curvature_stats -m --writeCurvatureFiles -G -o ../stats/lh.curv.stats -F smoothwm sub-v2s9x29159_ses-1 lh curv sulc 

             Toggling save flag on curvature files                       [ ok ]
                 Outputting results using filestem   [ ../stats/lh.curv.stats ]
             Toggling save flag on curvature files                       [ ok ]
                                   Setting surface [ sub-v2s9x29159_ses-1/lh.smoothwm ]
                                Reading surface...                       [ ok ]
                                   Setting texture                     [ curv ]
                                Reading texture...                       [ ok ]
                                   Setting texture                     [ sulc ]
                                Reading texture...Gb_filter = 0
                       [ ok ]
      Calculating Discrete Principal Curvatures...
      Determining geometric order for vno faces... [####################] [ ok ]
                      Determining KH curvatures... [####################] [ ok ]
                    Determining k1k2 curvatures... [####################] [ ok ]
                                   deltaViolations                      [ 227 ]
Gb_filter = 0

WARN:    S lookup   min:                          -0.102580
WARN:    S explicit min:                          0.000000	vertex = 1582
#-----------------------------------------
#@# Cortical Parc 2 lh Sat Mar 14 12:14:29 CET 2026
/out/sourcedata/freesurfer/sub-v2s9x29159_ses-1/scripts

 mris_ca_label -l ../label/lh.cortex.label -aseg ../mri/aseg.presurf.mgz -seed 1234 sub-v2s9x29159_ses-1 lh ../surf/lh.sphere.reg /opt/freesurfer/average/lh.CDaparc.atlas.acfb40.noaparc.i12.2016-08-02.gcs ../label/lh.aparc.a2009s.annot 

setting seed for random number generator to 1234
using ../mri/aseg.presurf.mgz aseg volume to correct midline
7.3.2
  7.3.2
reading atlas from /opt/freesurfer/average/lh.CDaparc.atlas.acfb40.noaparc.i12.2016-08-02.gcs...
reading color table from GCSA file....
average std = 3.0   using min determinant for regularization = 0.088
0 singular and 0 ill-conditioned covariance matrices regularized
input 0: MEAN CURVATURE, flags 0, avgs 5, name mean_curvature
labeling surface...
166 labels changed using aseg
relabeling using gibbs priors...
000:   7929 changed, 117763 examined...
001:   1823 changed, 30842 examined...
002:    472 changed, 9653 examined...
003:    212 changed, 2742 examined...
004:     85 changed, 1226 examined...
005:     53 changed, 516 examined...
006:     36 changed, 310 examined...
007:     29 changed, 207 examined...
008:     19 changed, 158 examined...
009:     14 changed, 108 examined...
010:      8 changed, 76 examined...
011:      5 changed, 48 examined...
012:      4 changed, 32 examined...
013:      4 changed, 24 examined...
014:      3 changed, 17 examined...
015:      1 changed, 15 examined...
016:      2 changed, 7 examined...
017:      2 changed, 10 examined...
018:      0 changed, 13 examined...
20 labels changed using aseg
000: 209 total segments, 128 labels (1395 vertices) changed
001: 92 total segments, 11 labels (77 vertices) changed
002: 81 total segments, 0 labels (0 vertices) changed
10 filter iterations complete (10 requested, 29 changed)
rationalizing unknown annotations with cortex label
relabeling Medial_wall label...
961 vertices marked for relabeling...
961 labels changed in reclassification.
writing output to ../label/lh.aparc.a2009s.annot...
classification took 0 minutes and 9 seconds.
#-----------------------------------------
#@# Cortical Parc 3 lh Sat Mar 14 12:14:37 CET 2026
/out/sourcedata/freesurfer/sub-v2s9x29159_ses-1/scripts

 mris_ca_label -l ../label/lh.cortex.label -aseg ../mri/aseg.presurf.mgz -seed 1234 sub-v2s9x29159_ses-1 lh ../surf/lh.sphere.reg /opt/freesurfer/average/lh.DKTaparc.atlas.acfb40.noaparc.i12.2016-08-02.gcs ../label/lh.aparc.DKTatlas.annot 

setting seed for random number generator to 1234
using ../mri/aseg.presurf.mgz aseg volume to correct midline
7.3.2
  7.3.2
reading atlas from /opt/freesurfer/average/lh.DKTaparc.atlas.acfb40.noaparc.i12.2016-08-02.gcs...
reading color table from GCSA file....
average std = 1.4   using min determinant for regularization = 0.020
0 singular and 383 ill-conditioned covariance matrices regularized
input 0: MEAN CURVATURE, flags 0, avgs 5, name mean_curvature
labeling surface...
1730 labels changed using aseg
relabeling using gibbs priors...
000:   1754 changed, 117763 examined...
001:    402 changed, 8356 examined...
002:    126 changed, 2277 examined...
003:     62 changed, 750 examined...
004:     29 changed, 356 examined...
005:     23 changed, 184 examined...
006:     19 changed, 121 examined...
007:     16 changed, 100 examined...
008:     13 changed, 88 examined...
009:     11 changed, 65 examined...
010:      8 changed, 56 examined...
011:      8 changed, 48 examined...
012:      4 changed, 48 examined...
013:      1 changed, 26 examined...
014:      1 changed, 7 examined...
015:      2 changed, 8 examined...
016:      6 changed, 15 examined...
017:      4 changed, 25 examined...
018:      2 changed, 21 examined...
019:      4 changed, 14 examined...
020:      2 changed, 21 examined...
021:      1 changed, 15 examined...
022:      1 changed, 8 examined...
023:      2 changed, 6 examined...
024:      2 changed, 10 examined...
025:      4 changed, 14 examined...
026:      4 changed, 17 examined...
027:      3 changed, 19 examined...
028:      1 changed, 15 examined...
029:      3 changed, 9 examined...
030:      3 changed, 13 examined...
031:      3 changed, 14 examined...
032:      4 changed, 16 examined...
033:      5 changed, 18 examined...
034:      4 changed, 22 examined...
035:      3 changed, 20 examined...
036:      2 changed, 15 examined...
037:      1 changed, 10 examined...
038:      3 changed, 7 examined...
039:      3 changed, 15 examined...
040:      3 changed, 15 examined...
041:      2 changed, 14 examined...
042:      1 changed, 15 examined...
043:      2 changed, 8 examined...
044:      4 changed, 12 examined...
045:      6 changed, 15 examined...
046:      2 changed, 20 examined...
047:      3 changed, 10 examined...
048:      3 changed, 15 examined...
049:      3 changed, 16 examined...
050:      3 changed, 22 examined...
051:      6 changed, 20 examined...
052:      6 changed, 27 examined...
053:      6 changed, 32 examined...
054:      2 changed, 25 examined...
055:      1 changed, 14 examined...
056:      1 changed, 8 examined...
057:      1 changed, 7 examined...
058:      0 changed, 6 examined...
422 labels changed using aseg
000: 55 total segments, 22 labels (292 vertices) changed
001: 33 total segments, 0 labels (0 vertices) changed
10 filter iterations complete (10 requested, 1 changed)
rationalizing unknown annotations with cortex label
relabeling unknown label...
relabeling corpuscallosum label...
796 vertices marked for relabeling...
796 labels changed in reclassification.
writing output to ../label/lh.aparc.DKTatlas.annot...
classification took 0 minutes and 6 seconds.
#-----------------------------------------
#@# WM/GM Contrast lh Sat Mar 14 12:14:44 CET 2026
/out/sourcedata/freesurfer/sub-v2s9x29159_ses-1/scripts

 pctsurfcon --s sub-v2s9x29159_ses-1 --lh-only 

Log file is /out/sourcedata/freesurfer/sub-v2s9x29159_ses-1/scripts/pctsurfcon.log
Sat Mar 14 12:14:44 CET 2026
setenv SUBJECTS_DIR /out/sourcedata/freesurfer
cd /out/sourcedata/freesurfer/sub-v2s9x29159_ses-1/scripts
/opt/freesurfer/bin/pctsurfcon
pctsurfcon 7.3.2
Linux dna073 5.14.0-427.37.1.el9_4.x86_64 #1 SMP PREEMPT_DYNAMIC Fri Sep 13 12:41:50 EDT 2024 x86_64 x86_64 x86_64 GNU/Linux
FREESURFER_HOME /opt/freesurfer
mri_vol2surf --mov /out/sourcedata/freesurfer/sub-v2s9x29159_ses-1/mri/rawavg.mgz --hemi lh --noreshape --interp trilinear --projdist -1 --o /out/sourcedata/freesurfer/sub-v2s9x29159_ses-1/surf/tmp.pctsurfcon.1187643/lh.wm.mgh --regheader sub-v2s9x29159_ses-1 --cortex
srcvol = /out/sourcedata/freesurfer/sub-v2s9x29159_ses-1/mri/rawavg.mgz
srcreg unspecified
srcregold = 0
srcwarp unspecified
surf = white
hemi = lh
ProjDist = -1
reshape = 0
interp = trilinear
float2int = round
GetProjMax = 0
INFO: float2int code = 0
Done loading volume
Computing registration from header.
  Using /out/sourcedata/freesurfer/sub-v2s9x29159_ses-1/mri/orig.mgz as target reference.
-------- original matrix -----------
-1.00000   0.00000   0.00000  -0.00002;
 0.00000   0.00000   1.00000   0.00000;
 0.00000  -1.00000   0.00000   0.00000;
 0.00000   0.00000   0.00000   1.00000;
-------- original matrix -----------
Loading label /out/sourcedata/freesurfer/sub-v2s9x29159_ses-1/label/lh.cortex.label
Reading surface /out/sourcedata/freesurfer/sub-v2s9x29159_ses-1/surf/lh.white
Done reading source surface
Mapping Source Volume onto Source Subject Surface
Projecting -1 -1 1
 1 -1 -1 -1
using old
Done mapping volume to surface
Number of source voxels hit = 62578
Masking with /out/sourcedata/freesurfer/sub-v2s9x29159_ses-1/label/lh.cortex.label
Writing to /out/sourcedata/freesurfer/sub-v2s9x29159_ses-1/surf/tmp.pctsurfcon.1187643/lh.wm.mgh
Dim: 117763 1 1
mri_vol2surf --mov /out/sourcedata/freesurfer/sub-v2s9x29159_ses-1/mri/rawavg.mgz --hemi lh --noreshape --interp trilinear --o /out/sourcedata/freesurfer/sub-v2s9x29159_ses-1/surf/tmp.pctsurfcon.1187643/lh.gm.mgh --projfrac 0.3 --regheader sub-v2s9x29159_ses-1 --cortex
srcvol = /out/sourcedata/freesurfer/sub-v2s9x29159_ses-1/mri/rawavg.mgz
srcreg unspecified
srcregold = 0
srcwarp unspecified
surf = white
hemi = lh
ProjFrac = 0.3
thickness = thickness
reshape = 0
interp = trilinear
float2int = round
GetProjMax = 0
INFO: float2int code = 0
Done loading volume
Computing registration from header.
  Using /out/sourcedata/freesurfer/sub-v2s9x29159_ses-1/mri/orig.mgz as target reference.
-------- original matrix -----------
-1.00000   0.00000   0.00000  -0.00002;
 0.00000   0.00000   1.00000   0.00000;
 0.00000  -1.00000   0.00000   0.00000;
 0.00000   0.00000   0.00000   1.00000;
-------- original matrix -----------
Loading label /out/sourcedata/freesurfer/sub-v2s9x29159_ses-1/label/lh.cortex.label
Reading surface /out/sourcedata/freesurfer/sub-v2s9x29159_ses-1/surf/lh.white
Done reading source surface
Reading thickness /out/sourcedata/freesurfer/sub-v2s9x29159_ses-1/surf/lh.thickness
Done
Mapping Source Volume onto Source Subject Surface
Projecting 0.3 0.3 1
 1 0.3 0.3 0.3
using old
Done mapping volume to surface
Number of source voxels hit = 72346
Masking with /out/sourcedata/freesurfer/sub-v2s9x29159_ses-1/label/lh.cortex.label
Writing to /out/sourcedata/freesurfer/sub-v2s9x29159_ses-1/surf/tmp.pctsurfcon.1187643/lh.gm.mgh
Dim: 117763 1 1
mri_concat /out/sourcedata/freesurfer/sub-v2s9x29159_ses-1/surf/tmp.pctsurfcon.1187643/lh.wm.mgh /out/sourcedata/freesurfer/sub-v2s9x29159_ses-1/surf/tmp.pctsurfcon.1187643/lh.gm.mgh --paired-diff-norm --mul 100 --o /out/sourcedata/freesurfer/sub-v2s9x29159_ses-1/surf/lh.w-g.pct.mgh
ninputs = 2
Checking inputs
nframestot = 2
Allocing output
Done allocing
Combining pairs
nframes = 1
Multiplying by 100.000000
Writing to /out/sourcedata/freesurfer/sub-v2s9x29159_ses-1/surf/lh.w-g.pct.mgh
mri_segstats --in /out/sourcedata/freesurfer/sub-v2s9x29159_ses-1/surf/lh.w-g.pct.mgh --annot sub-v2s9x29159_ses-1 lh aparc --sum /out/sourcedata/freesurfer/sub-v2s9x29159_ses-1/stats/lh.w-g.pct.stats --snr

7.3.2
cwd 
cmdline mri_segstats --in /out/sourcedata/freesurfer/sub-v2s9x29159_ses-1/surf/lh.w-g.pct.mgh --annot sub-v2s9x29159_ses-1 lh aparc --sum /out/sourcedata/freesurfer/sub-v2s9x29159_ses-1/stats/lh.w-g.pct.stats --snr 
sysname  Linux
hostname dna073
machine  x86_64
user     oesteban
whitesurfname  white
UseRobust  0
Constructing seg from annotation

Reading annotation /out/sourcedata/freesurfer/sub-v2s9x29159_ses-1/label/lh.aparc.annot
Seg base 1000
Loading /out/sourcedata/freesurfer/sub-v2s9x29159_ses-1/surf/lh.w-g.pct.mgh
Vertex Area is 0.705482 mm^3
Generating list of segmentation ids
Found  36 segmentations
Computing statistics for each segmentation

Reporting on  35 segmentations
Using PrintSegStat
mri_segstats done
Cleaning up

Started at Sat Mar 14 11:51:20 CET 2026 
Ended   at Sat Mar 14 12:14:46 CET 2026
#@#%# recon-all-run-time-hours 0.391
recon-all -s sub-v2s9x29159_ses-1 finished without error at Sat Mar 14 12:14:46 CET 2026



#New# invocation of recon-all 




Sat Mar 14 12:43:36 CET 2026
cd /out/sourcedata/freesurfer/sub-v2s9x29159_ses-1
setenv SUBJECTS_DIR /out/sourcedata/freesurfer
/opt/freesurfer/bin/recon-all -autorecon-hemi lh -nohyporelabel -lh-only -openmp 16 -subjid sub-v2s9x29159_ses-1 -sd /out/sourcedata/freesurfer -notessellate -nosmooth1 -noinflate1 -noqsphere -nofix -nowhite -nosmooth2 -noinflate2 -nocurvHK -nocurvstats -nosphere -nosurfreg -nojacobian_white -noavgcurv -nocortparc -nopial -nocortparc2 -nocortparc3 -nopctsurfcon

subjid sub-v2s9x29159_ses-1
setenv SUBJECTS_DIR /out/sourcedata/freesurfer
FREESURFER_HOME /opt/freesurfer
Actual FREESURFER_HOME /opt/freesurfer
build-stamp.txt: freesurfer-linux-ubuntu22_x86_64-7.3.2-20220804-6354275
Linux dna073 5.14.0-427.37.1.el9_4.x86_64 #1 SMP PREEMPT_DYNAMIC Fri Sep 13 12:41:50 EDT 2024 x86_64 x86_64 x86_64 GNU/Linux
cputime      unlimited
filesize     unlimited
datasize     unlimited
stacksize    8192 kbytes
coredumpsize 0 kbytes
memoryuse    67108864 kbytes
vmemoryuse   unlimited
descriptors  1024 
memorylocked unlimited
maxproc      2061970 
maxlocks     unlimited
maxsignal    2062029 
maxmessage   819200 
maxnice      0 
maxrtprio    0 
maxrttime    unlimited

               total        used        free      shared  buff/cache   available
Mem:           503Gi        52Gi       299Gi        16Gi       151Gi       431Gi
Swap:             0B          0B          0B

########################################
program versions used
7.3.2 (freesurfer-linux-ubuntu22_x86_64-7.3.2-20220804-6354275)
7.3.2

ProgramName: lta_convert  ProgramArguments: lta_convert -all-info  ProgramVersion: 7.3.2  TimeStamp: 2026/03/14-11:43:36-GMT  BuildTime: Aug  4 2022 06:17:15  BuildStamp: freesurfer-linux-ubuntu22_x86_64-7.3.2-20220804-6354275  User: oesteban  Machine: dna073  Platform: Linux  PlatformVersion: 5.14.0-427.37.1.el9_4.x86_64  CompilerName: GCC  CompilerVersion: 8.4.0
ProgramName: mri_and  ProgramArguments: mri_and -all-info  ProgramVersion: 7.3.2  TimeStamp: 2026/03/14-11:43:36-GMT  BuildTime: Aug  4 2022 06:17:15  BuildStamp: freesurfer-linux-ubuntu22_x86_64-7.3.2-20220804-6354275  User: oesteban  Machine: dna073  Platform: Linux  PlatformVersion: 5.14.0-427.37.1.el9_4.x86_64  CompilerName: GCC  CompilerVersion: 8.4.0
ProgramName: mri_annotation2label  ProgramArguments: mri_annotation2label -all-info  ProgramVersion: 7.3.2  TimeStamp: 2026/03/14-11:43:36-GMT  BuildTime: Aug  4 2022 06:17:15  BuildStamp: freesurfer-linux-ubuntu22_x86_64-7.3.2-20220804-6354275  User: oesteban  Machine: dna073  Platform: Linux  PlatformVersion: 5.14.0-427.37.1.el9_4.x86_64  CompilerName: GCC  CompilerVersion: 8.4.0
ProgramName: mri_aparc2aseg  ProgramArguments: mri_aparc2aseg -all-info  ProgramVersion: 7.3.2  TimeStamp: 2026/03/14-11:43:36-GMT  BuildTime: Aug  4 2022 06:17:15  BuildStamp: freesurfer-linux-ubuntu22_x86_64-7.3.2-20220804-6354275  User: oesteban  Machine: dna073  Platform: Linux  PlatformVersion: 5.14.0-427.37.1.el9_4.x86_64  CompilerName: GCC  CompilerVersion: 8.4.0
ProgramName: mri_surf2volseg  ProgramArguments: mri_surf2volseg -all-info  ProgramVersion: 7.3.2  TimeStamp: 2026/03/14-11:43:36-GMT  BuildTime: Aug  4 2022 06:17:15  BuildStamp: freesurfer-linux-ubuntu22_x86_64-7.3.2-20220804-6354275  User: oesteban  Machine: dna073  Platform: Linux  PlatformVersion: 5.14.0-427.37.1.el9_4.x86_64  CompilerName: GCC  CompilerVersion: 8.4.0
ProgramName: mri_binarize  ProgramArguments: mri_binarize -all-info  ProgramVersion: 7.3.2  TimeStamp: 2026/03/14-11:43:36-GMT  BuildTime: Aug  4 2022 06:17:15  BuildStamp: freesurfer-linux-ubuntu22_x86_64-7.3.2-20220804-6354275  User: oesteban  Machine: dna073  Platform: Linux  PlatformVersion: 5.14.0-427.37.1.el9_4.x86_64  CompilerName: GCC  CompilerVersion: 8.4.0
ProgramName: mri_ca_label  ProgramArguments: mri_ca_label -all-info  ProgramVersion: 7.3.2  TimeStamp: 2026/03/14-11:43:36-GMT  BuildTime: Aug  4 2022 06:17:15  BuildStamp: freesurfer-linux-ubuntu22_x86_64-7.3.2-20220804-6354275  User: oesteban  Machine: dna073  Platform: Linux  PlatformVersion: 5.14.0-427.37.1.el9_4.x86_64  CompilerName: GCC  CompilerVersion: 8.4.0
ProgramName: mri_ca_normalize  ProgramArguments: mri_ca_normalize -all-info  ProgramVersion: 7.3.2  TimeStamp: 2026/03/14-11:43:36-GMT  BuildTime: Aug  4 2022 06:17:15  BuildStamp: freesurfer-linux-ubuntu22_x86_64-7.3.2-20220804-6354275  User: oesteban  Machine: dna073  Platform: Linux  PlatformVersion: 5.14.0-427.37.1.el9_4.x86_64  CompilerName: GCC  CompilerVersion: 8.4.0
ProgramName: mri_ca_register  ProgramArguments: mri_ca_register -all-info  ProgramVersion: 7.3.2  TimeStamp: 2026/03/14-11:43:36-GMT  BuildTime: Aug  4 2022 06:17:15  BuildStamp: freesurfer-linux-ubuntu22_x86_64-7.3.2-20220804-6354275  User: oesteban  Machine: dna073  Platform: Linux  PlatformVersion: 5.14.0-427.37.1.el9_4.x86_64  CompilerName: GCC  CompilerVersion: 8.4.0
ProgramName: mri_cc  ProgramArguments: mri_cc -all-info  ProgramVersion: 7.3.2  TimeStamp: 2026/03/14-11:43:36-GMT  BuildTime: Aug  4 2022 06:17:15  BuildStamp: freesurfer-linux-ubuntu22_x86_64-7.3.2-20220804-6354275  User: oesteban  Machine: dna073  Platform: Linux  PlatformVersion: 5.14.0-427.37.1.el9_4.x86_64  CompilerName: GCC  CompilerVersion: 8.4.0
ProgramName: mri_compute_overlap  ProgramArguments: mri_compute_overlap -all-info  ProgramVersion: 7.3.2  TimeStamp: 2026/03/14-11:43:36-GMT  BuildTime: Aug  4 2022 06:17:15  BuildStamp: freesurfer-linux-ubuntu22_x86_64-7.3.2-20220804-6354275  User: oesteban  Machine: dna073  Platform: Linux  PlatformVersion: 5.14.0-427.37.1.el9_4.x86_64  CompilerName: GCC  CompilerVersion: 8.4.0
ProgramName: mri_compute_seg_overlap  ProgramArguments: mri_compute_seg_overlap -all-info  ProgramVersion: 7.3.2  TimeStamp: 2026/03/14-11:43:36-GMT  BuildTime: Aug  4 2022 06:17:15  BuildStamp: freesurfer-linux-ubuntu22_x86_64-7.3.2-20220804-6354275  User: oesteban  Machine: dna073  Platform: Linux  PlatformVersion: 5.14.0-427.37.1.el9_4.x86_64  CompilerName: GCC  CompilerVersion: 8.4.0
ProgramName: mri_concat  ProgramArguments: mri_concat -all-info  ProgramVersion: 7.3.2  TimeStamp: 2026/03/14-11:43:36-GMT  BuildTime: Aug  4 2022 06:17:15  BuildStamp: freesurfer-linux-ubuntu22_x86_64-7.3.2-20220804-6354275  User: oesteban  Machine: dna073  Platform: Linux  PlatformVersion: 5.14.0-427.37.1.el9_4.x86_64  CompilerName: GCC  CompilerVersion: 8.4.0
ProgramName: mri_concatenate_lta  ProgramArguments: mri_concatenate_lta -all-info  ProgramVersion: 7.3.2  TimeStamp: 2026/03/14-11:43:36-GMT  BuildTime: Aug  4 2022 06:17:15  BuildStamp: freesurfer-linux-ubuntu22_x86_64-7.3.2-20220804-6354275  User: oesteban  Machine: dna073  Platform: Linux  PlatformVersion: 5.14.0-427.37.1.el9_4.x86_64  CompilerName: GCC  CompilerVersion: 8.4.0
mri_convert -all-info 
ProgramName: mri_convert  ProgramArguments: mri_convert -all-info  ProgramVersion: 7.3.2  TimeStamp: 2026/03/14-11:43:36-GMT  BuildTime: Aug  4 2022 06:17:15  BuildStamp: freesurfer-linux-ubuntu22_x86_64-7.3.2-20220804-6354275  User: oesteban  Machine: dna073  Platform: Linux  PlatformVersion: 5.14.0-427.37.1.el9_4.x86_64  CompilerName: GCC  CompilerVersion: 8.4.0
ProgramName: mri_diff  ProgramArguments: mri_diff -all-info  ProgramVersion: 7.3.2  TimeStamp: 2026/03/14-11:43:36-GMT  BuildTime: Aug  4 2022 06:17:15  BuildStamp: freesurfer-linux-ubuntu22_x86_64-7.3.2-20220804-6354275  User: oesteban  Machine: dna073  Platform: Linux  PlatformVersion: 5.14.0-427.37.1.el9_4.x86_64  CompilerName: GCC  CompilerVersion: 8.4.0
ProgramName: mri_edit_wm_with_aseg  ProgramArguments: mri_edit_wm_with_aseg -all-info  ProgramVersion: 7.3.2  TimeStamp: 2026/03/14-11:43:36-GMT  BuildTime: Aug  4 2022 06:17:15  BuildStamp: freesurfer-linux-ubuntu22_x86_64-7.3.2-20220804-6354275  User: oesteban  Machine: dna073  Platform: Linux  PlatformVersion: 5.14.0-427.37.1.el9_4.x86_64  CompilerName: GCC  CompilerVersion: 8.4.0
ProgramName: mri_em_register  ProgramArguments: mri_em_register -all-info  ProgramVersion: 7.3.2  TimeStamp: 2026/03/14-11:43:36-GMT  BuildTime: Aug  4 2022 06:17:15  BuildStamp: freesurfer-linux-ubuntu22_x86_64-7.3.2-20220804-6354275  User: oesteban  Machine: dna073  Platform: Linux  PlatformVersion: 5.14.0-427.37.1.el9_4.x86_64  CompilerName: GCC  CompilerVersion: 8.4.0
ProgramName: mri_fill  ProgramArguments: mri_fill -all-info  ProgramVersion: 7.3.2  TimeStamp: 2026/03/14-11:43:36-GMT  BuildTime: Aug  4 2022 06:17:15  BuildStamp: freesurfer-linux-ubuntu22_x86_64-7.3.2-20220804-6354275  User: oesteban  Machine: dna073  Platform: Linux  PlatformVersion: 5.14.0-427.37.1.el9_4.x86_64  CompilerName: GCC  CompilerVersion: 8.4.0
ProgramName: mri_fuse_segmentations  ProgramArguments: mri_fuse_segmentations -all-info  ProgramVersion: 7.3.2  TimeStamp: 2026/03/14-11:43:36-GMT  BuildTime: Aug  4 2022 06:17:15  BuildStamp: freesurfer-linux-ubuntu22_x86_64-7.3.2-20220804-6354275  User: oesteban  Machine: dna073  Platform: Linux  PlatformVersion: 5.14.0-427.37.1.el9_4.x86_64  CompilerName: GCC  CompilerVersion: 8.4.0
ProgramName: mri_fwhm  ProgramArguments: mri_fwhm -all-info  ProgramVersion: 7.3.2  TimeStamp: 2026/03/14-11:43:36-GMT  BuildTime: Aug  4 2022 06:17:15  BuildStamp: freesurfer-linux-ubuntu22_x86_64-7.3.2-20220804-6354275  User: oesteban  Machine: dna073  Platform: Linux  PlatformVersion: 5.14.0-427.37.1.el9_4.x86_64  CompilerName: GCC  CompilerVersion: 8.4.0
ProgramName: mri_gcut  ProgramArguments: mri_gcut -all-info  ProgramVersion: 7.3.2  TimeStamp: 2026/03/14-11:43:36-GMT  BuildTime: Aug  4 2022 06:17:15  BuildStamp: freesurfer-linux-ubuntu22_x86_64-7.3.2-20220804-6354275  User: oesteban  Machine: dna073  Platform: Linux  PlatformVersion: 5.14.0-427.37.1.el9_4.x86_64  CompilerName: GCC  CompilerVersion: 8.4.0
ProgramName: mri_info  ProgramArguments: mri_info -all-info  ProgramVersion: 7.3.2  TimeStamp: 2026/03/14-11:43:36-GMT  BuildTime: Aug  4 2022 06:17:15  BuildStamp: freesurfer-linux-ubuntu22_x86_64-7.3.2-20220804-6354275  User: oesteban  Machine: dna073  Platform: Linux  PlatformVersion: 5.14.0-427.37.1.el9_4.x86_64  CompilerName: GCC  CompilerVersion: 8.4.0
ProgramName: mri_label2label  ProgramArguments: mri_label2label -all-info  ProgramVersion: 7.3.2  TimeStamp: 2026/03/14-11:43:36-GMT  BuildTime: Aug  4 2022 06:17:15  BuildStamp: freesurfer-linux-ubuntu22_x86_64-7.3.2-20220804-6354275  User: oesteban  Machine: dna073  Platform: Linux  PlatformVersion: 5.14.0-427.37.1.el9_4.x86_64  CompilerName: GCC  CompilerVersion: 8.4.0
ProgramName: mri_label2vol  ProgramArguments: mri_label2vol -all-info  ProgramVersion: 7.3.2  TimeStamp: 2026/03/14-11:43:36-GMT  BuildTime: Aug  4 2022 06:17:15  BuildStamp: freesurfer-linux-ubuntu22_x86_64-7.3.2-20220804-6354275  User: oesteban  Machine: dna073  Platform: Linux  PlatformVersion: 5.14.0-427.37.1.el9_4.x86_64  CompilerName: GCC  CompilerVersion: 8.4.0
ProgramName: mri_log_likelihood  ProgramArguments: mri_log_likelihood -all-info  ProgramVersion: 7.3.2  TimeStamp: 2026/03/14-11:43:36-GMT  BuildTime: Aug  4 2022 06:17:15  BuildStamp: freesurfer-linux-ubuntu22_x86_64-7.3.2-20220804-6354275  User: oesteban  Machine: dna073  Platform: Linux  PlatformVersion: 5.14.0-427.37.1.el9_4.x86_64  CompilerName: GCC  CompilerVersion: 8.4.0
ProgramName: mri_mask  ProgramArguments: mri_mask -all-info  ProgramVersion: 7.3.2  TimeStamp: 2026/03/14-11:43:36-GMT  BuildTime: Aug  4 2022 06:17:15  BuildStamp: freesurfer-linux-ubuntu22_x86_64-7.3.2-20220804-6354275  User: oesteban  Machine: dna073  Platform: Linux  PlatformVersion: 5.14.0-427.37.1.el9_4.x86_64  CompilerName: GCC  CompilerVersion: 8.4.0
ProgramName: mri_matrix_multiply  ProgramArguments: mri_matrix_multiply -all-info  ProgramVersion: 7.3.2  TimeStamp: 2026/03/14-11:43:36-GMT  BuildTime: Aug  4 2022 06:17:15  BuildStamp: freesurfer-linux-ubuntu22_x86_64-7.3.2-20220804-6354275  User: oesteban  Machine: dna073  Platform: Linux  PlatformVersion: 5.14.0-427.37.1.el9_4.x86_64  CompilerName: GCC  CompilerVersion: 8.4.0
ProgramName: mri_normalize  ProgramArguments: mri_normalize -all-info  ProgramVersion: 7.3.2  TimeStamp: 2026/03/14-11:43:36-GMT  BuildTime: Aug  4 2022 06:17:15  BuildStamp: freesurfer-linux-ubuntu22_x86_64-7.3.2-20220804-6354275  User: oesteban  Machine: dna073  Platform: Linux  PlatformVersion: 5.14.0-427.37.1.el9_4.x86_64  CompilerName: GCC  CompilerVersion: 8.4.0
ProgramName: mri_normalize_tp2  ProgramArguments: mri_normalize_tp2 -all-info  ProgramVersion: 7.3.2  TimeStamp: 2026/03/14-11:43:36-GMT  BuildTime: Aug  4 2022 06:17:15  BuildStamp: freesurfer-linux-ubuntu22_x86_64-7.3.2-20220804-6354275  User: oesteban  Machine: dna073  Platform: Linux  PlatformVersion: 5.14.0-427.37.1.el9_4.x86_64  CompilerName: GCC  CompilerVersion: 8.4.0
ProgramName: mri_or  ProgramArguments: mri_or -all-info  ProgramVersion: 7.3.2  TimeStamp: 2026/03/14-11:43:36-GMT  BuildTime: Aug  4 2022 06:17:15  BuildStamp: freesurfer-linux-ubuntu22_x86_64-7.3.2-20220804-6354275  User: oesteban  Machine: dna073  Platform: Linux  PlatformVersion: 5.14.0-427.37.1.el9_4.x86_64  CompilerName: GCC  CompilerVersion: 8.4.0
ProgramName: mri_relabel_hypointensities  ProgramArguments: mri_relabel_hypointensities -all-info  ProgramVersion: 7.3.2  TimeStamp: 2026/03/14-11:43:36-GMT  BuildTime: Aug  4 2022 06:17:15  BuildStamp: freesurfer-linux-ubuntu22_x86_64-7.3.2-20220804-6354275  User: oesteban  Machine: dna073  Platform: Linux  PlatformVersion: 5.14.0-427.37.1.el9_4.x86_64  CompilerName: GCC  CompilerVersion: 8.4.0
ProgramName: mri_relabel_nonwm_hypos  ProgramArguments: mri_relabel_nonwm_hypos -all-info  ProgramVersion: 7.3.2  TimeStamp: 2026/03/14-11:43:36-GMT  BuildTime: Aug  4 2022 06:17:15  BuildStamp: freesurfer-linux-ubuntu22_x86_64-7.3.2-20220804-6354275  User: oesteban  Machine: dna073  Platform: Linux  PlatformVersion: 5.14.0-427.37.1.el9_4.x86_64  CompilerName: GCC  CompilerVersion: 8.4.0
ProgramName: mri_remove_neck  ProgramArguments: mri_remove_neck -all-info  ProgramVersion: 7.3.2  TimeStamp: 2026/03/14-11:43:36-GMT  BuildTime: Aug  4 2022 06:17:15  BuildStamp: freesurfer-linux-ubuntu22_x86_64-7.3.2-20220804-6354275  User: oesteban  Machine: dna073  Platform: Linux  PlatformVersion: 5.14.0-427.37.1.el9_4.x86_64  CompilerName: GCC  CompilerVersion: 8.4.0
7.3.2

ProgramName: mri_robust_register  ProgramArguments: mri_robust_register -all-info  ProgramVersion: 7.3.2  TimeStamp: 2026/03/14-11:43:36-GMT  BuildTime: Aug  4 2022 06:17:15  BuildStamp: freesurfer-linux-ubuntu22_x86_64-7.3.2-20220804-6354275  User: oesteban  Machine: dna073  Platform: Linux  PlatformVersion: 5.14.0-427.37.1.el9_4.x86_64  CompilerName: GCC  CompilerVersion: 8.4.0
7.3.2

ProgramName: mri_robust_template  ProgramArguments: mri_robust_template -all-info  ProgramVersion: 7.3.2  TimeStamp: 2026/03/14-11:43:36-GMT  BuildTime: Aug  4 2022 06:17:15  BuildStamp: freesurfer-linux-ubuntu22_x86_64-7.3.2-20220804-6354275  User: oesteban  Machine: dna073  Platform: Linux  PlatformVersion: 5.14.0-427.37.1.el9_4.x86_64  CompilerName: GCC  CompilerVersion: 8.4.0
ProgramName: mris_anatomical_stats  ProgramArguments: mris_anatomical_stats -all-info  ProgramVersion: 7.3.2  TimeStamp: 2026/03/14-11:43:36-GMT  BuildTime: Aug  4 2022 06:17:15  BuildStamp: freesurfer-linux-ubuntu22_x86_64-7.3.2-20220804-6354275  User: oesteban  Machine: dna073  Platform: Linux  PlatformVersion: 5.14.0-427.37.1.el9_4.x86_64  CompilerName: GCC  CompilerVersion: 8.4.0
ProgramName: mris_ca_label  ProgramArguments: mris_ca_label -all-info  ProgramVersion: 7.3.2  TimeStamp: 2026/03/14-11:43:36-GMT  BuildTime: Aug  4 2022 06:17:15  BuildStamp: freesurfer-linux-ubuntu22_x86_64-7.3.2-20220804-6354275  User: oesteban  Machine: dna073  Platform: Linux  PlatformVersion: 5.14.0-427.37.1.el9_4.x86_64  CompilerName: GCC  CompilerVersion: 8.4.0
ProgramName: mris_calc  ProgramArguments: mris_calc -all-info  ProgramVersion: 7.3.2  TimeStamp: 2026/03/14-11:43:36-GMT  BuildTime: Aug  4 2022 06:17:15  BuildStamp: freesurfer-linux-ubuntu22_x86_64-7.3.2-20220804-6354275  User: oesteban  Machine: dna073  Platform: Linux  PlatformVersion: 5.14.0-427.37.1.el9_4.x86_64  CompilerName: GCC  CompilerVersion: 8.4.0
ProgramName: mris_convert  ProgramArguments: mris_convert -all-info  ProgramVersion: 7.3.2  TimeStamp: 2026/03/14-11:43:36-GMT  BuildTime: Aug  4 2022 06:17:15  BuildStamp: freesurfer-linux-ubuntu22_x86_64-7.3.2-20220804-6354275  User: oesteban  Machine: dna073  Platform: Linux  PlatformVersion: 5.14.0-427.37.1.el9_4.x86_64  CompilerName: GCC  CompilerVersion: 8.4.0
ProgramName: mris_curvature  ProgramArguments: mris_curvature -all-info  ProgramVersion: 7.3.2  TimeStamp: 2026/03/14-11:43:36-GMT  BuildTime: Aug  4 2022 06:17:15  BuildStamp: freesurfer-linux-ubuntu22_x86_64-7.3.2-20220804-6354275  User: oesteban  Machine: dna073  Platform: Linux  PlatformVersion: 5.14.0-427.37.1.el9_4.x86_64  CompilerName: GCC  CompilerVersion: 8.4.0
ProgramName: mris_curvature_stats  ProgramArguments: mris_curvature_stats -all-info  ProgramVersion: 7.3.2  TimeStamp: 2026/03/14-11:43:36-GMT  BuildTime: Aug  4 2022 06:17:15  BuildStamp: freesurfer-linux-ubuntu22_x86_64-7.3.2-20220804-6354275  User: oesteban  Machine: dna073  Platform: Linux  PlatformVersion: 5.14.0-427.37.1.el9_4.x86_64  CompilerName: GCC  CompilerVersion: 8.4.0
ProgramName: mris_diff  ProgramArguments: mris_diff -all-info  ProgramVersion: 7.3.2  TimeStamp: 2026/03/14-11:43:36-GMT  BuildTime: Aug  4 2022 06:17:15  BuildStamp: freesurfer-linux-ubuntu22_x86_64-7.3.2-20220804-6354275  User: oesteban  Machine: dna073  Platform: Linux  PlatformVersion: 5.14.0-427.37.1.el9_4.x86_64  CompilerName: GCC  CompilerVersion: 8.4.0
ProgramName: mris_divide_parcellation  ProgramArguments: mris_divide_parcellation -all-info  ProgramVersion: 7.3.2  TimeStamp: 2026/03/14-11:43:36-GMT  BuildTime: Aug  4 2022 06:17:15  BuildStamp: freesurfer-linux-ubuntu22_x86_64-7.3.2-20220804-6354275  User: oesteban  Machine: dna073  Platform: Linux  PlatformVersion: 5.14.0-427.37.1.el9_4.x86_64  CompilerName: GCC  CompilerVersion: 8.4.0
ProgramName: mri_segment  ProgramArguments: mri_segment -all-info  ProgramVersion: 7.3.2  TimeStamp: 2026/03/14-11:43:36-GMT  BuildTime: Aug  4 2022 06:17:15  BuildStamp: freesurfer-linux-ubuntu22_x86_64-7.3.2-20220804-6354275  User: oesteban  Machine: dna073  Platform: Linux  PlatformVersion: 5.14.0-427.37.1.el9_4.x86_64  CompilerName: GCC  CompilerVersion: 8.4.0
ProgramName: mri_segstats  ProgramArguments: mri_segstats -all-info  ProgramVersion: 7.3.2  TimeStamp: 2026/03/14-11:43:36-GMT  BuildTime: Aug  4 2022 06:17:15  BuildStamp: freesurfer-linux-ubuntu22_x86_64-7.3.2-20220804-6354275  User: oesteban  Machine: dna073  Platform: Linux  PlatformVersion: 5.14.0-427.37.1.el9_4.x86_64  CompilerName: GCC  CompilerVersion: 8.4.0
ProgramName: mris_euler_number  ProgramArguments: mris_euler_number -all-info  ProgramVersion: 7.3.2  TimeStamp: 2026/03/14-11:43:36-GMT  BuildTime: Aug  4 2022 06:17:15  BuildStamp: freesurfer-linux-ubuntu22_x86_64-7.3.2-20220804-6354275  User: oesteban  Machine: dna073  Platform: Linux  PlatformVersion: 5.14.0-427.37.1.el9_4.x86_64  CompilerName: GCC  CompilerVersion: 8.4.0
ProgramName: mris_fix_topology  ProgramArguments: mris_fix_topology -all-info  ProgramVersion: 7.3.2  TimeStamp: 2026/03/14-11:43:36-GMT  BuildTime: Aug  4 2022 06:17:15  BuildStamp: freesurfer-linux-ubuntu22_x86_64-7.3.2-20220804-6354275  User: oesteban  Machine: dna073  Platform: Linux  PlatformVersion: 5.14.0-427.37.1.el9_4.x86_64  CompilerName: GCC  CompilerVersion: 8.4.0
ProgramName: mris_topo_fixer  ProgramArguments: mris_topo_fixer -all-info  ProgramVersion: 7.3.2  TimeStamp: 2026/03/14-11:43:36-GMT  BuildTime: Aug  4 2022 06:17:15  BuildStamp: freesurfer-linux-ubuntu22_x86_64-7.3.2-20220804-6354275  User: oesteban  Machine: dna073  Platform: Linux  PlatformVersion: 5.14.0-427.37.1.el9_4.x86_64  CompilerName: GCC  CompilerVersion: 8.4.0
ProgramName: mris_jacobian  ProgramArguments: mris_jacobian -all-info  ProgramVersion: 7.3.2  TimeStamp: 2026/03/14-11:43:36-GMT  BuildTime: Aug  4 2022 06:17:15  BuildStamp: freesurfer-linux-ubuntu22_x86_64-7.3.2-20220804-6354275  User: oesteban  Machine: dna073  Platform: Linux  PlatformVersion: 5.14.0-427.37.1.el9_4.x86_64  CompilerName: GCC  CompilerVersion: 8.4.0
ProgramName: mris_label2annot  ProgramArguments: mris_label2annot -all-info  ProgramVersion: 7.3.2  TimeStamp: 2026/03/14-11:43:36-GMT  BuildTime: Aug  4 2022 06:17:15  BuildStamp: freesurfer-linux-ubuntu22_x86_64-7.3.2-20220804-6354275  User: oesteban  Machine: dna073  Platform: Linux  PlatformVersion: 5.14.0-427.37.1.el9_4.x86_64  CompilerName: GCC  CompilerVersion: 8.4.0
ProgramName: mris_left_right_register  ProgramArguments: mris_left_right_register -all-info  ProgramVersion: 7.3.2  TimeStamp: 2026/03/14-11:43:36-GMT  BuildTime: Aug  4 2022 06:17:15  BuildStamp: freesurfer-linux-ubuntu22_x86_64-7.3.2-20220804-6354275  User: oesteban  Machine: dna073  Platform: Linux  PlatformVersion: 5.14.0-427.37.1.el9_4.x86_64  CompilerName: GCC  CompilerVersion: 8.4.0
ProgramName: mris_place_surface  ProgramArguments: mris_place_surface -all-info  ProgramVersion: 7.3.2  TimeStamp: 2026/03/14-11:43:36-GMT  BuildTime: Aug  4 2022 06:17:15  BuildStamp: freesurfer-linux-ubuntu22_x86_64-7.3.2-20220804-6354275  User: oesteban  Machine: dna073  Platform: Linux  PlatformVersion: 5.14.0-427.37.1.el9_4.x86_64  CompilerName: GCC  CompilerVersion: 8.4.0
ProgramName: mrisp_paint  ProgramArguments: mrisp_paint -all-info  ProgramVersion: 7.3.2  TimeStamp: 2026/03/14-11:43:36-GMT  BuildTime: Aug  4 2022 06:17:15  BuildStamp: freesurfer-linux-ubuntu22_x86_64-7.3.2-20220804-6354275  User: oesteban  Machine: dna073  Platform: Linux  PlatformVersion: 5.14.0-427.37.1.el9_4.x86_64  CompilerName: GCC  CompilerVersion: 8.4.0
ProgramName: mris_register  ProgramArguments: mris_register -all-info  ProgramVersion: 7.3.2  TimeStamp: 2026/03/14-11:43:36-GMT  BuildTime: Aug  4 2022 06:17:15  BuildStamp: freesurfer-linux-ubuntu22_x86_64-7.3.2-20220804-6354275  User: oesteban  Machine: dna073  Platform: Linux  PlatformVersion: 5.14.0-427.37.1.el9_4.x86_64  CompilerName: GCC  CompilerVersion: 8.4.0
ProgramName: mris_smooth  ProgramArguments: mris_smooth -all-info  ProgramVersion: 7.3.2  TimeStamp: 2026/03/14-11:43:36-GMT  BuildTime: Aug  4 2022 06:17:15  BuildStamp: freesurfer-linux-ubuntu22_x86_64-7.3.2-20220804-6354275  User: oesteban  Machine: dna073  Platform: Linux  PlatformVersion: 5.14.0-427.37.1.el9_4.x86_64  CompilerName: GCC  CompilerVersion: 8.4.0
ProgramName: mris_sphere  ProgramArguments: mris_sphere -all-info  ProgramVersion: 7.3.2  TimeStamp: 2026/03/14-11:43:36-GMT  BuildTime: Aug  4 2022 06:17:15  BuildStamp: freesurfer-linux-ubuntu22_x86_64-7.3.2-20220804-6354275  User: oesteban  Machine: dna073  Platform: Linux  PlatformVersion: 5.14.0-427.37.1.el9_4.x86_64  CompilerName: GCC  CompilerVersion: 8.4.0
ProgramName: mris_surface_stats  ProgramArguments: mris_surface_stats -all-info  ProgramVersion: 7.3.2  TimeStamp: 2026/03/14-11:43:36-GMT  BuildTime: Aug  4 2022 06:17:15  BuildStamp: freesurfer-linux-ubuntu22_x86_64-7.3.2-20220804-6354275  User: oesteban  Machine: dna073  Platform: Linux  PlatformVersion: 5.14.0-427.37.1.el9_4.x86_64  CompilerName: GCC  CompilerVersion: 8.4.0
ProgramName: mri_stats2seg  ProgramArguments: mri_stats2seg -all-info  ProgramVersion: 7.3.2  TimeStamp: 2026/03/14-11:43:36-GMT  BuildTime: Aug  4 2022 06:17:15  BuildStamp: freesurfer-linux-ubuntu22_x86_64-7.3.2-20220804-6354275  User: oesteban  Machine: dna073  Platform: Linux  PlatformVersion: 5.14.0-427.37.1.el9_4.x86_64  CompilerName: GCC  CompilerVersion: 8.4.0
ProgramName: mris_thickness  ProgramArguments: mris_thickness -all-info  ProgramVersion: 7.3.2  TimeStamp: 2026/03/14-11:43:36-GMT  BuildTime: Aug  4 2022 06:17:15  BuildStamp: freesurfer-linux-ubuntu22_x86_64-7.3.2-20220804-6354275  User: oesteban  Machine: dna073  Platform: Linux  PlatformVersion: 5.14.0-427.37.1.el9_4.x86_64  CompilerName: GCC  CompilerVersion: 8.4.0
ProgramName: mris_thickness_diff  ProgramArguments: mris_thickness_diff -all-info  ProgramVersion: 7.3.2  TimeStamp: 2026/03/14-11:43:36-GMT  BuildTime: Aug  4 2022 06:17:15  BuildStamp: freesurfer-linux-ubuntu22_x86_64-7.3.2-20220804-6354275  User: oesteban  Machine: dna073  Platform: Linux  PlatformVersion: 5.14.0-427.37.1.el9_4.x86_64  CompilerName: GCC  CompilerVersion: 8.4.0
ProgramName: mris_topo_fixer  ProgramArguments: mris_topo_fixer -all-info  ProgramVersion: 7.3.2  TimeStamp: 2026/03/14-11:43:36-GMT  BuildTime: Aug  4 2022 06:17:15  BuildStamp: freesurfer-linux-ubuntu22_x86_64-7.3.2-20220804-6354275  User: oesteban  Machine: dna073  Platform: Linux  PlatformVersion: 5.14.0-427.37.1.el9_4.x86_64  CompilerName: GCC  CompilerVersion: 8.4.0
ProgramName: mri_surf2surf  ProgramArguments: mri_surf2surf -all-info  ProgramVersion: 7.3.2  TimeStamp: 2026/03/14-11:43:36-GMT  BuildTime: Aug  4 2022 06:17:15  BuildStamp: freesurfer-linux-ubuntu22_x86_64-7.3.2-20220804-6354275  User: oesteban  Machine: dna073  Platform: Linux  PlatformVersion: 5.14.0-427.37.1.el9_4.x86_64  CompilerName: GCC  CompilerVersion: 8.4.0
ProgramName: mri_surf2vol  ProgramArguments: mri_surf2vol -all-info  ProgramVersion: 7.3.2  TimeStamp: 2026/03/14-11:43:36-GMT  BuildTime: Aug  4 2022 06:17:15  BuildStamp: freesurfer-linux-ubuntu22_x86_64-7.3.2-20220804-6354275  User: oesteban  Machine: dna073  Platform: Linux  PlatformVersion: 5.14.0-427.37.1.el9_4.x86_64  CompilerName: GCC  CompilerVersion: 8.4.0
ProgramName: mri_surfcluster  ProgramArguments: mri_surfcluster -all-info  ProgramVersion: 7.3.2  TimeStamp: 2026/03/14-11:43:36-GMT  BuildTime: Aug  4 2022 06:17:15  BuildStamp: freesurfer-linux-ubuntu22_x86_64-7.3.2-20220804-6354275  User: oesteban  Machine: dna073  Platform: Linux  PlatformVersion: 5.14.0-427.37.1.el9_4.x86_64  CompilerName: GCC  CompilerVersion: 8.4.0
ProgramName: mris_volmask  ProgramArguments: mris_volmask -all-info  ProgramVersion: 7.3.2  TimeStamp: 2026/03/14-11:43:36-GMT  BuildTime: Aug  4 2022 06:17:15  BuildStamp: freesurfer-linux-ubuntu22_x86_64-7.3.2-20220804-6354275  User: oesteban  Machine: dna073  Platform: Linux  PlatformVersion: 5.14.0-427.37.1.el9_4.x86_64  CompilerName: GCC  CompilerVersion: 8.4.0
ProgramName: mri_tessellate  ProgramArguments: mri_tessellate -all-info  ProgramVersion: 7.3.2  TimeStamp: 2026/03/14-11:43:36-GMT  BuildTime: Aug  4 2022 06:17:15  BuildStamp: freesurfer-linux-ubuntu22_x86_64-7.3.2-20220804-6354275  User: oesteban  Machine: dna073  Platform: Linux  PlatformVersion: 5.14.0-427.37.1.el9_4.x86_64  CompilerName: GCC  CompilerVersion: 8.4.0
ProgramName: mri_vol2surf  ProgramArguments: mri_vol2surf -all-info  ProgramVersion: 7.3.2  TimeStamp: 2026/03/14-11:43:36-GMT  BuildTime: Aug  4 2022 06:17:15  BuildStamp: freesurfer-linux-ubuntu22_x86_64-7.3.2-20220804-6354275  User: oesteban  Machine: dna073  Platform: Linux  PlatformVersion: 5.14.0-427.37.1.el9_4.x86_64  CompilerName: GCC  CompilerVersion: 8.4.0
ProgramName: mri_vol2vol  ProgramArguments: mri_vol2vol -all-info  ProgramVersion: 7.3.2  TimeStamp: 2026/03/14-11:43:36-GMT  BuildTime: Aug  4 2022 06:17:15  BuildStamp: freesurfer-linux-ubuntu22_x86_64-7.3.2-20220804-6354275  User: oesteban  Machine: dna073  Platform: Linux  PlatformVersion: 5.14.0-427.37.1.el9_4.x86_64  CompilerName: GCC  CompilerVersion: 8.4.0
ProgramName: mri_voldiff  ProgramArguments: mri_voldiff -all-info  ProgramVersion: 7.3.2  TimeStamp: 2026/03/14-11:43:36-GMT  BuildTime: Aug  4 2022 06:17:15  BuildStamp: freesurfer-linux-ubuntu22_x86_64-7.3.2-20220804-6354275  User: oesteban  Machine: dna073  Platform: Linux  PlatformVersion: 5.14.0-427.37.1.el9_4.x86_64  CompilerName: GCC  CompilerVersion: 8.4.0
ProgramName: mri_watershed  ProgramArguments: mri_watershed -all-info  ProgramVersion: 7.3.2  TimeStamp: 2026/03/14-11:43:36-GMT  BuildTime: Aug  4 2022 06:17:15  BuildStamp: freesurfer-linux-ubuntu22_x86_64-7.3.2-20220804-6354275  User: oesteban  Machine: dna073  Platform: Linux  PlatformVersion: 5.14.0-427.37.1.el9_4.x86_64  CompilerName: GCC  CompilerVersion: 8.4.0
ProgramName: tkregister2  ProgramArguments: tkregister2_cmdl -all-info  ProgramVersion: 7.3.2  TimeStamp: 2026/03/14-11:43:36-GMT  BuildTime: Aug  4 2022 06:17:15  BuildStamp: freesurfer-linux-ubuntu22_x86_64-7.3.2-20220804-6354275  User: oesteban  Machine: dna073  Platform: Linux  PlatformVersion: 5.14.0-427.37.1.el9_4.x86_64  CompilerName: GCC  CompilerVersion: 8.4.0
mri_motion_correct.fsl 7.3.2
mri_convert -all-info 
ProgramName: mri_convert  ProgramArguments: mri_convert -all-info  ProgramVersion: 7.3.2  TimeStamp: 2026/03/14-11:43:36-GMT  BuildTime: Aug  4 2022 06:17:15  BuildStamp: freesurfer-linux-ubuntu22_x86_64-7.3.2-20220804-6354275  User: oesteban  Machine: dna073  Platform: Linux  PlatformVersion: 5.14.0-427.37.1.el9_4.x86_64  CompilerName: GCC  CompilerVersion: 8.4.0
Program nu_correct, built from:
Package MNI N3, version 1.12.0, compiled by nicks@terrier (x86_64-unknown-linux-gnu) on 2015-06-19 at 01:25:34
#######################################
GCADIR /opt/freesurfer/average
GCA RB_all_2020-01-02.gca
GCASkull RB_all_withskull_2020_01_02.gca
AvgCurvTif folding.atlas.acfb40.noaparc.i12.2016-08-02.tif
GCSDIR /opt/freesurfer/average
GCS DKaparc.atlas.acfb40.noaparc.i12.2016-08-02.gcs
#######################################
#--------------------------------------------
#@# AutoDetGWStats lh Sat Mar 14 12:43:36 CET 2026
cd /out/sourcedata/freesurfer/sub-v2s9x29159_ses-1/mri
mris_autodet_gwstats --o ../surf/autodet.gw.stats.lh.dat --i brain.finalsurfs.mgz --wm wm.mgz --surf ../surf/lh.orig.premesh
  Update not needed
#--------------------------------------------
#@# WhitePreAparc lh Sat Mar 14 12:43:36 CET 2026
cd /out/sourcedata/freesurfer/sub-v2s9x29159_ses-1/mri
mris_place_surface --adgws-in ../surf/autodet.gw.stats.lh.dat --wm wm.mgz --threads 16 --invol brain.finalsurfs.mgz --lh --i ../surf/lh.orig --o ../surf/lh.white.preaparc --white --seg aseg.presurf.mgz --nsmooth 5
   Update not needed
#--------------------------------------------
#@# CortexLabel lh Sat Mar 14 12:43:36 CET 2026
cd /out/sourcedata/freesurfer/sub-v2s9x29159_ses-1/mri
mri_label2label --label-cortex ../surf/lh.white.preaparc aseg.presurf.mgz 0 ../label/lh.cortex.label
   Update not needed
#--------------------------------------------
#@# CortexLabel+HipAmyg lh Sat Mar 14 12:43:36 CET 2026
cd /out/sourcedata/freesurfer/sub-v2s9x29159_ses-1/mri
mri_label2label --label-cortex ../surf/lh.white.preaparc aseg.presurf.mgz 1 ../label/lh.cortex+hipamyg.label
   Update not needed
#@# white curv lh Sat Mar 14 12:43:36 CET 2026
cd /out/sourcedata/freesurfer/sub-v2s9x29159_ses-1/mri
mris_place_surface --curv-map ../surf/lh.white 2 10 ../surf/lh.curv
   Update not needed
#@# white area lh Sat Mar 14 12:43:36 CET 2026
cd /out/sourcedata/freesurfer/sub-v2s9x29159_ses-1/mri
mris_place_surface --area-map ../surf/lh.white ../surf/lh.area
   Update not needed
#@# pial curv lh Sat Mar 14 12:43:36 CET 2026
cd /out/sourcedata/freesurfer/sub-v2s9x29159_ses-1/mri
mris_place_surface --curv-map ../surf/lh.pial 2 10 ../surf/lh.curv.pial
   Update not needed
#@# pial area lh Sat Mar 14 12:43:36 CET 2026
cd /out/sourcedata/freesurfer/sub-v2s9x29159_ses-1/mri
mris_place_surface --area-map ../surf/lh.pial ../surf/lh.area.pial
   Update not needed
#@# thickness lh Sat Mar 14 12:43:36 CET 2026
cd /out/sourcedata/freesurfer/sub-v2s9x29159_ses-1/mri
mris_place_surface --thickness ../surf/lh.white ../surf/lh.pial 20 5 ../surf/lh.thickness
   Update not needed
#@# area and vertex vol lh Sat Mar 14 12:43:36 CET 2026
cd /out/sourcedata/freesurfer/sub-v2s9x29159_ses-1/mri
mris_place_surface --thickness ../surf/lh.white ../surf/lh.pial 20 5 ../surf/lh.thickness
   Update not needed
#-----------------------------------------
#@# Parcellation Stats lh Sat Mar 14 12:43:36 CET 2026
/out/sourcedata/freesurfer/sub-v2s9x29159_ses-1/scripts

 mris_anatomical_stats -th3 -mgz -noglobal -cortex ../label/lh.cortex.label -f ../stats/lh.aparc.stats -b -a ../label/lh.aparc.annot -c ../label/aparc.annot.ctab sub-v2s9x29159_ses-1 lh white 

computing statistics for each annotation in ../label/lh.aparc.annot.
reading volume /out/sourcedata/freesurfer/sub-v2s9x29159_ses-1/mri/wm.mgz...
reading input surface /out/sourcedata/freesurfer/sub-v2s9x29159_ses-1/surf/lh.white...
reading input pial surface /out/sourcedata/freesurfer/sub-v2s9x29159_ses-1/surf/lh.pial...
reading input white surface /out/sourcedata/freesurfer/sub-v2s9x29159_ses-1/surf/lh.white...
INFO: using TH3 volume calc
INFO: assuming MGZ format for volumes.
INFO: not computing global stats
INFO: using ../label/lh.cortex.label as mask to calc cortex NumVert, SurfArea and MeanThickness.
Using TH3 vertex volume calc
Total face volume 249284
Total vertex volume 249075 (mask=0)
Saving annotation colortable ../label/aparc.annot.ctab

table columns are:
    number of vertices
    total surface area (mm^2)
    total gray matter volume (mm^3)
    average cortical thickness +- standard deviation (mm)
    integrated rectified mean curvature
    integrated rectified Gaussian curvature
    folding index
    intrinsic curvature index
    structure name

 1075    741   1843  2.498 0.566     0.093     0.015        5     0.6  bankssts
  848    574   1489  2.280 0.855     0.116     0.016        9     0.7  caudalanteriorcingulate
 2819   1965   5831  2.644 0.623     0.113     0.021       25     2.5  caudalmiddlefrontal
 2053   1541   3368  2.165 0.670     0.148     0.034       26     2.8  cuneus
  524    357   1803  3.436 0.829     0.100     0.018        3     0.4  entorhinal
 4429   3077  10274  2.903 0.596     0.120     0.024       51     4.7  fusiform
 4456   3215  10578  2.828 0.594     0.119     0.022       48     4.3  inferiorparietal
 4412   3260  11858  3.006 0.671     0.124     0.024       60     4.5  inferiortemporal
 1175    818   2179  2.244 0.838     0.105     0.023       13     0.9  isthmuscingulate
 7005   5043  13526  2.396 0.616     0.140     0.029       93     8.5  lateraloccipital
 2976   2165   6899  2.905 0.773     0.130     0.030       39     3.7  lateralorbitofrontal
 3413   2549   6375  2.334 0.619     0.152     0.037       47     5.6  lingual
 2859   1984   5943  2.641 0.807     0.123     0.031       96     4.1  medialorbitofrontal
 3930   2962  11499  3.170 0.664     0.135     0.029       59     4.8  middletemporal
 1021    651   2392  2.989 0.841     0.108     0.024       10     1.1  parahippocampal
 1935   1271   4405  3.051 0.524     0.095     0.016       12     1.3  paracentral
 1385    997   2691  2.416 0.579     0.103     0.023       12     1.3  parsopercularis
  630    506   1876  2.772 0.808     0.154     0.044       11     0.8  parsorbitalis
 1091    822   2251  2.237 0.811     0.128     0.027       15     1.1  parstriangularis
 1536   1174   1500  1.612 0.458     0.165     0.043       22     2.6  pericalcarine
 5803   4147  11663  2.418 0.721     0.115     0.022       58     5.7  postcentral
 1637   1130   3343  2.474 0.916     0.118     0.022       19     1.6  posteriorcingulate
 6292   4216  13304  2.693 0.633     0.107     0.019       52     4.9  precentral
 4810   3491  11643  2.986 0.557     0.123     0.025       53     5.5  precuneus
  848    592   1711  2.338 0.778     0.119     0.029       10     0.9  rostralanteriorcingulate
 7563   5682  19018  2.770 0.590     0.128     0.026      101     8.7  rostralmiddlefrontal
10200   7283  26357  3.171 0.645     0.118     0.023       97     9.7  superiorfrontal
 7281   5091  15769  2.720 0.627     0.121     0.025       82     7.3  superiorparietal
 5746   3840  13920  3.047 0.731     0.102     0.018       53     4.4  superiortemporal
 5700   4140  13672  2.797 0.698     0.124     0.023       65     5.7  supramarginal
  304    274   1385  3.728 0.652     0.189     0.046        7     0.5  frontalpole
  645    531   2764  3.670 0.570     0.138     0.031       10     0.8  temporalpole
  669    493   1322  2.415 0.747     0.124     0.024        8     0.6  transversetemporal
 2816   1832   4624  2.671 0.678     0.090     0.020       16     2.1  insula

 mris_anatomical_stats -th3 -mgz -noglobal -cortex ../label/lh.cortex.label -f ../stats/lh.aparc.pial.stats -b -a ../label/lh.aparc.annot -c ../label/aparc.annot.ctab sub-v2s9x29159_ses-1 lh pial 

computing statistics for each annotation in ../label/lh.aparc.annot.
reading volume /out/sourcedata/freesurfer/sub-v2s9x29159_ses-1/mri/wm.mgz...
reading input surface /out/sourcedata/freesurfer/sub-v2s9x29159_ses-1/surf/lh.pial...
reading input pial surface /out/sourcedata/freesurfer/sub-v2s9x29159_ses-1/surf/lh.pial...
reading input white surface /out/sourcedata/freesurfer/sub-v2s9x29159_ses-1/surf/lh.white...
INFO: using TH3 volume calc
INFO: assuming MGZ format for volumes.
INFO: not computing global stats
INFO: using ../label/lh.cortex.label as mask to calc cortex NumVert, SurfArea and MeanThickness.
Using TH3 vertex volume calc
Total face volume 249284
Total vertex volume 249075 (mask=0)
Saving annotation colortable ../label/aparc.annot.ctab

table columns are:
    number of vertices
    total surface area (mm^2)
    total gray matter volume (mm^3)
    average cortical thickness +- standard deviation (mm)
    integrated rectified mean curvature
    integrated rectified Gaussian curvature
    folding index
    intrinsic curvature index
    structure name

 1075    757   1843  2.498 0.566     0.144     0.043       20     2.0  bankssts
  848    720   1489  2.280 0.855     0.169     0.052       39     1.4  caudalanteriorcingulate
 2819   2334   5831  2.644 0.623     0.138     0.031       57     3.7  caudalmiddlefrontal
 2053   1820   3368  2.165 0.670     0.175     0.060      152     4.0  cuneus
  524    749   1803  3.436 0.829     0.360     0.103       32     3.3  entorhinal
 4429   4040  10274  2.903 0.596     0.175     0.048      128     8.9  fusiform
 4456   4205  10578  2.828 0.594     0.157     0.035      101     7.3  inferiorparietal
 4412   4502  11858  3.006 0.671     0.169     0.039       86     8.1  inferiortemporal
 1175   1130   2179  2.244 0.838     0.196     0.061       33     3.3  isthmuscingulate
 7005   6384  13526  2.396 0.616     0.152     0.037      229    10.5  lateraloccipital
 2976   2789   6899  2.905 0.773     0.194     0.056      101     7.6  lateralorbitofrontal
 3413   3210   6375  2.334 0.619     0.189     0.052       90     7.5  lingual
 2859   2743   5943  2.641 0.807     0.200     0.061       78     6.9  medialorbitofrontal
 3930   4227  11499  3.170 0.664     0.190     0.047      125     7.9  middletemporal
 1021   1008   2392  2.989 0.841     0.204     0.063       20     3.1  parahippocampal
 1935   1681   4405  3.051 0.524     0.156     0.044       41     3.5  paracentral
 1385   1349   2691  2.416 0.579     0.204     0.061       41     4.2  parsopercularis
  630    800   1876  2.772 0.808     0.271     0.072      102     1.6  parsorbitalis
 1091   1114   2251  2.237 0.811     0.202     0.053       27     2.7  parstriangularis
 1536    860   1500  1.612 0.458     0.130     0.047       57     2.5  pericalcarine
 5803   5483  11663  2.418 0.721     0.157     0.035      103     9.7  postcentral
 1637   1512   3343  2.474 0.916     0.180     0.045       77     3.0  posteriorcingulate
 6292   5313  13304  2.693 0.633     0.139     0.037      166     9.3  precentral
 4810   4309  11643  2.986 0.557     0.172     0.047      129     9.6  precuneus
  848    830   1711  2.338 0.778     0.191     0.057       22     2.0  rostralanteriorcingulate
 7563   7903  19018  2.770 0.590     0.186     0.042      188    14.2  rostralmiddlefrontal
10200   9366  26357  3.171 0.645     0.167     0.048      433    18.4  superiorfrontal
 7281   6287  15769  2.720 0.627     0.153     0.040      154    11.5  superiorparietal
 5746   5195  13920  3.047 0.731     0.170     0.046      131    11.7  superiortemporal
 5700   5512  13672  2.797 0.698     0.178     0.055      300    10.8  supramarginal
  304    475   1385  3.728 0.652     0.224     0.037        4     0.5  frontalpole
  645   1014   2764  3.670 0.570     0.263     0.057       22     1.9  temporalpole
  669    679   1322  2.415 0.747     0.169     0.043        7     1.3  transversetemporal
 2816   1836   4624  2.671 0.678     0.166     0.064       67     8.1  insula
#-----------------------------------------
#@# Parcellation Stats 2 lh Sat Mar 14 12:43:47 CET 2026
/out/sourcedata/freesurfer/sub-v2s9x29159_ses-1/scripts

 mris_anatomical_stats -th3 -mgz -noglobal -cortex ../label/lh.cortex.label -f ../stats/lh.aparc.a2009s.stats -b -a ../label/lh.aparc.a2009s.annot -c ../label/aparc.annot.a2009s.ctab sub-v2s9x29159_ses-1 lh white 

computing statistics for each annotation in ../label/lh.aparc.a2009s.annot.
reading volume /out/sourcedata/freesurfer/sub-v2s9x29159_ses-1/mri/wm.mgz...
reading input surface /out/sourcedata/freesurfer/sub-v2s9x29159_ses-1/surf/lh.white...
reading input pial surface /out/sourcedata/freesurfer/sub-v2s9x29159_ses-1/surf/lh.pial...
reading input white surface /out/sourcedata/freesurfer/sub-v2s9x29159_ses-1/surf/lh.white...
INFO: using TH3 volume calc
INFO: assuming MGZ format for volumes.
INFO: not computing global stats
INFO: using ../label/lh.cortex.label as mask to calc cortex NumVert, SurfArea and MeanThickness.
Using TH3 vertex volume calc
Total face volume 249284
Total vertex volume 249075 (mask=0)
Saving annotation colortable ../label/aparc.annot.a2009s.ctab

table columns are:
    number of vertices
    total surface area (mm^2)
    total gray matter volume (mm^3)
    average cortical thickness +- standard deviation (mm)
    integrated rectified mean curvature
    integrated rectified Gaussian curvature
    folding index
    intrinsic curvature index
    structure name

 1221    855   2705  2.846 0.481     0.109     0.019       13     1.0  G_and_S_frontomargin
 1803   1261   4054  2.715 0.551     0.136     0.029       22     2.1  G_and_S_occipital_inf
 1515   1045   3793  2.884 0.667     0.121     0.026       16     1.6  G_and_S_paracentral
 1345    949   3355  2.817 0.691     0.128     0.025       15     1.4  G_and_S_subcentral
  637    527   2277  3.532 0.544     0.165     0.038       13     1.0  G_and_S_transv_frontopol
 2038   1374   3866  2.729 0.673     0.106     0.023       16     1.7  G_and_S_cingul-Ant
 1090    746   2152  2.881 0.673     0.106     0.019        7     0.8  G_and_S_cingul-Mid-Ant
 1207    831   2336  2.770 0.701     0.108     0.020       10     1.0  G_and_S_cingul-Mid-Post
  512    389   1729  3.168 0.873     0.133     0.034        7     0.6  G_cingul-Post-dorsal
  239    183    504  2.203 0.683     0.149     0.031        4     0.3  G_cingul-Post-ventral
 1823   1409   3245  2.077 0.762     0.160     0.037       28     2.7  G_cuneus
  820    624   2186  2.598 0.622     0.127     0.027       10     1.0  G_front_inf-Opercular
  197    173    517  2.342 0.811     0.154     0.055        5     0.2  G_front_inf-Orbital
  658    547   1814  2.454 0.830     0.146     0.036       13     0.8  G_front_inf-Triangul
 4002   3109  12175  2.857 0.656     0.143     0.033       68     5.5  G_front_middle
 6607   4909  20145  3.274 0.675     0.131     0.027       82     7.6  G_front_sup
  572    382   1059  2.676 0.679     0.116     0.036        5     0.8  G_Ins_lg_and_S_cent_ins
  550    379   1198  2.659 0.631     0.100     0.023        4     0.5  G_insular_short
 1753   1337   4901  2.733 0.640     0.140     0.029       28     2.0  G_occipital_middle
 1259    903   2947  2.677 0.734     0.137     0.031       17     1.6  G_occipital_sup
 1783   1228   4706  2.945 0.656     0.130     0.030       30     2.4  G_oc-temp_lat-fusifor
 2387   1863   4882  2.191 0.628     0.170     0.041       40     4.5  G_oc-temp_med-Lingual
 1205    808   3828  3.240 0.926     0.117     0.028       15     1.4  G_oc-temp_med-Parahip
 1801   1453   5839  2.963 0.776     0.146     0.039       37     2.8  G_orbital
 1596   1244   5463  3.115 0.651     0.140     0.029       26     1.8  G_pariet_inf-Angular
 2857   2207   8790  3.038 0.759     0.148     0.029       47     3.7  G_pariet_inf-Supramar
 2856   2113   7594  2.877 0.651     0.144     0.033       47     3.6  G_parietal_sup
 2023   1588   5241  2.541 0.674     0.139     0.030       31     2.7  G_postcentral
 2232   1562   6828  3.108 0.562     0.115     0.023       23     2.0  G_precentral
 2490   1875   8093  3.169 0.663     0.145     0.035       43     3.8  G_precuneus
  933    694   2730  2.785 0.868     0.134     0.040       23     1.8  G_rectus
  588    384    851  2.132 0.765     0.146     0.049       60     1.1  G_subcallosal
  563    425   1266  2.445 0.661     0.132     0.027        9     0.6  G_temp_sup-G_T_transv
 1941   1308   6999  3.486 0.663     0.123     0.026       26     2.0  G_temp_sup-Lateral
  806    514   1640  2.777 0.857     0.060     0.010        2     0.3  G_temp_sup-Plan_polar
  949    644   1907  2.689 0.793     0.075     0.012        5     0.4  G_temp_sup-Plan_tempo
 2350   1835   8148  3.305 0.666     0.143     0.029       40     2.7  G_temporal_inf
 2126   1684   8108  3.352 0.720     0.150     0.035       45     2.9  G_temporal_middle
  195    133    198  1.486 0.464     0.105     0.027        1     0.2  Lat_Fis-ant-Horizont
   81     53    123  2.087 0.780     0.082     0.027        1     0.0  Lat_Fis-ant-Vertical
 1148    751   1446  2.431 0.649     0.106     0.019        7     1.0  Lat_Fis-post
 1974   1516   3475  2.080 0.490     0.161     0.039       33     3.1  Pole_occipital
 1477   1209   5482  3.267 0.730     0.153     0.036       26     2.3  Pole_temporal
 1832   1447   2350  1.969 0.693     0.162     0.045       22     3.6  S_calcarine
 2718   1736   3089  2.006 0.562     0.089     0.015       13     1.6  S_central
 1194    780   1919  2.781 0.459     0.084     0.012        6     0.6  S_cingul-Marginalis
  330    223    525  2.759 0.428     0.095     0.017        2     0.2  S_circular_insula_ant
 1281    825   1986  3.009 0.540     0.072     0.008        4     0.5  S_circular_insula_inf
 1482    937   1812  2.338 0.551     0.082     0.013        5     0.9  S_circular_insula_sup
  908    643   1724  2.736 0.392     0.101     0.016        7     0.6  S_collat_transv_ant
  532    355    654  2.263 0.358     0.130     0.025        5     0.6  S_collat_transv_post
 1453   1008   2241  2.382 0.441     0.105     0.018        9     1.1  S_front_inf
 1624   1181   3190  2.659 0.573     0.124     0.025       15     1.9  S_front_middle
 3220   2207   6260  2.796 0.537     0.095     0.015       19     2.1  S_front_sup
  208    138    310  2.390 0.540     0.130     0.026        1     0.3  S_interm_prim-Jensen
 2727   1802   4276  2.577 0.468     0.100     0.014       17     1.8  S_intrapariet_and_P_trans
  925    619   1176  2.106 0.472     0.108     0.017        7     0.7  S_oc_middle_and_Lunatus
  756    491   1037  2.376 0.458     0.104     0.018        5     0.6  S_oc_sup_and_transversal
  580    387    787  2.576 0.419     0.110     0.020        4     0.4  S_occipital_ant
 1120    715   1744  2.855 0.448     0.084     0.011        4     0.6  S_oc-temp_lat
 1935   1266   3030  2.746 0.489     0.103     0.020       11     1.6  S_oc-temp_med_and_Lingual
  279    194    412  2.424 0.395     0.111     0.017        1     0.3  S_orbital_lateral
  624    422    945  2.731 0.727     0.101     0.015        3     0.4  S_orbital_med-olfact
 1120    775   2324  3.099 0.778     0.129     0.026       11     1.3  S_orbital-H_Shaped
 1765   1176   2751  2.697 0.394     0.094     0.015       10     1.0  S_parieto_occipital
 1255    746    936  1.496 0.433     0.099     0.015       16     0.8  S_pericallosal
 3258   2200   5252  2.520 0.531     0.094     0.014       18     2.2  S_postcentral
 1301    861   2135  2.551 0.449     0.094     0.012       10     0.7  S_precentral-inf-part
 1321    857   2018  2.591 0.479     0.096     0.015        7     0.9  S_precentral-sup-part
  619    412   1073  2.908 0.658     0.107     0.015        5     0.5  S_suborbital
  882    593   1500  2.877 0.439     0.099     0.014        5     0.4  S_subparietal
 1235    863   1998  2.731 0.513     0.111     0.019        8     1.2  S_temporal_inf
 4799   3259   8470  2.809 0.557     0.102     0.017       34     3.8  S_temporal_sup
  394    272    560  2.575 0.285     0.106     0.011        3     0.2  S_temporal_transverse
#-----------------------------------------
#@# Parcellation Stats 3 lh Sat Mar 14 12:43:53 CET 2026
/out/sourcedata/freesurfer/sub-v2s9x29159_ses-1/scripts

 mris_anatomical_stats -th3 -mgz -noglobal -cortex ../label/lh.cortex.label -f ../stats/lh.aparc.DKTatlas.stats -b -a ../label/lh.aparc.DKTatlas.annot -c ../label/aparc.annot.DKTatlas.ctab sub-v2s9x29159_ses-1 lh white 

computing statistics for each annotation in ../label/lh.aparc.DKTatlas.annot.
reading volume /out/sourcedata/freesurfer/sub-v2s9x29159_ses-1/mri/wm.mgz...
reading input surface /out/sourcedata/freesurfer/sub-v2s9x29159_ses-1/surf/lh.white...
reading input pial surface /out/sourcedata/freesurfer/sub-v2s9x29159_ses-1/surf/lh.pial...
reading input white surface /out/sourcedata/freesurfer/sub-v2s9x29159_ses-1/surf/lh.white...
INFO: using TH3 volume calc
INFO: assuming MGZ format for volumes.
INFO: not computing global stats
INFO: using ../label/lh.cortex.label as mask to calc cortex NumVert, SurfArea and MeanThickness.
Using TH3 vertex volume calc
Total face volume 249284
Total vertex volume 249075 (mask=0)
Saving annotation colortable ../label/aparc.annot.DKTatlas.ctab

table columns are:
    number of vertices
    total surface area (mm^2)
    total gray matter volume (mm^3)
    average cortical thickness +- standard deviation (mm)
    integrated rectified mean curvature
    integrated rectified Gaussian curvature
    folding index
    intrinsic curvature index
    structure name

 1340    890   2218  2.416 0.778     0.113     0.018       13     1.1  caudalanteriorcingulate
 3073   2133   6281  2.656 0.619     0.112     0.021       27     2.7  caudalmiddlefrontal
 2770   2006   4934  2.340 0.684     0.135     0.030       33     3.4  cuneus
  490    339   1809  3.540 0.786     0.093     0.018        3     0.3  entorhinal
 4098   2804   9076  2.872 0.577     0.117     0.024       47     4.2  fusiform
 4505   3237  10564  2.820 0.596     0.120     0.023       49     4.4  inferiorparietal
 4394   3257  12123  3.041 0.667     0.124     0.024       56     4.4  inferiortemporal
 1167    816   2204  2.291 0.837     0.107     0.023       14     0.8  isthmuscingulate
 6981   5022  13492  2.398 0.619     0.140     0.030       94     8.7  lateraloccipital
 3409   2472   8388  2.969 0.739     0.131     0.031       49     4.4  lateralorbitofrontal
 3521   2633   6507  2.325 0.612     0.153     0.037       49     5.9  lingual
 2328   1634   5343  2.749 0.822     0.122     0.031       89     3.2  medialorbitofrontal
 5110   3809  13769  3.008 0.713     0.132     0.027       73     6.0  middletemporal
 1046    671   2462  2.999 0.825     0.107     0.024       10     1.1  parahippocampal
 2246   1481   5368  3.093 0.522     0.096     0.017       14     1.6  paracentral
 1293    921   2514  2.462 0.570     0.110     0.024       12     1.3  parsopercularis
  586    464   1358  2.415 0.778     0.147     0.044        9     0.8  parsorbitalis
 1439   1071   2759  2.268 0.720     0.127     0.026       19     1.4  parstriangularis
 1520   1173   1488  1.613 0.465     0.167     0.043       22     2.6  pericalcarine
 6608   4683  13048  2.442 0.722     0.115     0.023       66     6.5  postcentral
 1772   1212   3492  2.511 0.906     0.115     0.022       19     1.6  posteriorcingulate
 6146   4113  12945  2.686 0.631     0.107     0.019       51     4.9  precentral
 4726   3482  11956  3.007 0.584     0.128     0.026       55     5.6  precuneus
 1380    943   2338  2.332 0.737     0.125     0.032       16     1.7  rostralanteriorcingulate
 5254   3961  13817  2.783 0.611     0.129     0.027       68     6.4  rostralmiddlefrontal
11321   8292  30024  3.134 0.669     0.122     0.024      124    11.2  superiorfrontal
 5792   4043  12488  2.717 0.610     0.117     0.024       63     5.6  superiorparietal
 7159   4890  18050  3.067 0.733     0.104     0.019       67     5.7  superiortemporal
 5366   3916  12931  2.786 0.715     0.124     0.022       62     5.3  supramarginal
  679    498   1324  2.408 0.738     0.124     0.024        8     0.6  transversetemporal
 2367   1548   4003  2.682 0.660     0.079     0.015       10     1.3  insula
/out/sourcedata/freesurfer/sub-v2s9x29159_ses-1/label
#--------------------------------------------
#@# BA_exvivo Labels lh Sat Mar 14 12:43:58 CET 2026

 mri_label2label --srcsubject fsaverage --srclabel /out/sourcedata/freesurfer/fsaverage/label/lh.BA1_exvivo.label --trgsubject sub-v2s9x29159_ses-1 --trglabel ./lh.BA1_exvivo.label --hemi lh --regmethod surface 


srclabel = /out/sourcedata/freesurfer/fsaverage/label/lh.BA1_exvivo.label
srcsubject = fsaverage
trgsubject = sub-v2s9x29159_ses-1
trglabel = ./lh.BA1_exvivo.label
regmethod = surface

srchemi = lh
trghemi = lh
trgsurface = white
srcsurfreg = sphere.reg
trgsurfreg = sphere.reg
usehash = 1
Use ProjAbs  = 0, 0
Use ProjFrac = 0, 0
DoPaint 0

SUBJECTS_DIR    /out/sourcedata/freesurfer
FREESURFER_HOME /opt/freesurfer
Loading source label.
Found 4129 points in source label.
Starting surface-based mapping
Reading source registration 
 /out/sourcedata/freesurfer/fsaverage/surf/lh.sphere.reg
Rescaling ...  original radius = 100
Reading target surface 
 /out/sourcedata/freesurfer/sub-v2s9x29159_ses-1/surf/lh.white
Reading target registration 
 /out/sourcedata/freesurfer/sub-v2s9x29159_ses-1/surf/lh.sphere.reg
Rescaling ...  original radius = 100
Building target registration hash (res=16).
Building source registration hash (res=16).
INFO: found  4129 nlabel points
Performing mapping from target back to the source label 117763
Number of reverse mapping hits = 61
Checking for and removing duplicates
Writing label file ./lh.BA1_exvivo.label 4190
mri_label2label: Done


 mri_label2label --srcsubject fsaverage --srclabel /out/sourcedata/freesurfer/fsaverage/label/lh.BA2_exvivo.label --trgsubject sub-v2s9x29159_ses-1 --trglabel ./lh.BA2_exvivo.label --hemi lh --regmethod surface 


srclabel = /out/sourcedata/freesurfer/fsaverage/label/lh.BA2_exvivo.label
srcsubject = fsaverage
trgsubject = sub-v2s9x29159_ses-1
trglabel = ./lh.BA2_exvivo.label
regmethod = surface

srchemi = lh
trghemi = lh
trgsurface = white
srcsurfreg = sphere.reg
trgsurfreg = sphere.reg
usehash = 1
Use ProjAbs  = 0, 0
Use ProjFrac = 0, 0
DoPaint 0

SUBJECTS_DIR    /out/sourcedata/freesurfer
FREESURFER_HOME /opt/freesurfer
Loading source label.
Found 7909 points in source label.
Starting surface-based mapping
Reading source registration 
 /out/sourcedata/freesurfer/fsaverage/surf/lh.sphere.reg
Rescaling ...  original radius = 100
Reading target surface 
 /out/sourcedata/freesurfer/sub-v2s9x29159_ses-1/surf/lh.white
Reading target registration 
 /out/sourcedata/freesurfer/sub-v2s9x29159_ses-1/surf/lh.sphere.reg
Rescaling ...  original radius = 100
Building target registration hash (res=16).
Building source registration hash (res=16).
INFO: found  7909 nlabel points
Performing mapping from target back to the source label 117763
Number of reverse mapping hits = 308
Checking for and removing duplicates
Writing label file ./lh.BA2_exvivo.label 8217
mri_label2label: Done


 mri_label2label --srcsubject fsaverage --srclabel /out/sourcedata/freesurfer/fsaverage/label/lh.BA3a_exvivo.label --trgsubject sub-v2s9x29159_ses-1 --trglabel ./lh.BA3a_exvivo.label --hemi lh --regmethod surface 


srclabel = /out/sourcedata/freesurfer/fsaverage/label/lh.BA3a_exvivo.label
srcsubject = fsaverage
trgsubject = sub-v2s9x29159_ses-1
trglabel = ./lh.BA3a_exvivo.label
regmethod = surface

srchemi = lh
trghemi = lh
trgsurface = white
srcsurfreg = sphere.reg
trgsurfreg = sphere.reg
usehash = 1
Use ProjAbs  = 0, 0
Use ProjFrac = 0, 0
DoPaint 0

SUBJECTS_DIR    /out/sourcedata/freesurfer
FREESURFER_HOME /opt/freesurfer
Loading source label.
Found 4077 points in source label.
Starting surface-based mapping
Reading source registration 
 /out/sourcedata/freesurfer/fsaverage/surf/lh.sphere.reg
Rescaling ...  original radius = 100
Reading target surface 
 /out/sourcedata/freesurfer/sub-v2s9x29159_ses-1/surf/lh.white
Reading target registration 
 /out/sourcedata/freesurfer/sub-v2s9x29159_ses-1/surf/lh.sphere.reg
Rescaling ...  original radius = 100
Building target registration hash (res=16).
Building source registration hash (res=16).
INFO: found  4077 nlabel points
Performing mapping from target back to the source label 117763
Number of reverse mapping hits = 24
Checking for and removing duplicates
Writing label file ./lh.BA3a_exvivo.label 4101
mri_label2label: Done


 mri_label2label --srcsubject fsaverage --srclabel /out/sourcedata/freesurfer/fsaverage/label/lh.BA3b_exvivo.label --trgsubject sub-v2s9x29159_ses-1 --trglabel ./lh.BA3b_exvivo.label --hemi lh --regmethod surface 


srclabel = /out/sourcedata/freesurfer/fsaverage/label/lh.BA3b_exvivo.label
srcsubject = fsaverage
trgsubject = sub-v2s9x29159_ses-1
trglabel = ./lh.BA3b_exvivo.label
regmethod = surface

srchemi = lh
trghemi = lh
trgsurface = white
srcsurfreg = sphere.reg
trgsurfreg = sphere.reg
usehash = 1
Use ProjAbs  = 0, 0
Use ProjFrac = 0, 0
DoPaint 0

SUBJECTS_DIR    /out/sourcedata/freesurfer
FREESURFER_HOME /opt/freesurfer
Loading source label.
Found 5983 points in source label.
Starting surface-based mapping
Reading source registration 
 /out/sourcedata/freesurfer/fsaverage/surf/lh.sphere.reg
Rescaling ...  original radius = 100
Reading target surface 
 /out/sourcedata/freesurfer/sub-v2s9x29159_ses-1/surf/lh.white
Reading target registration 
 /out/sourcedata/freesurfer/sub-v2s9x29159_ses-1/surf/lh.sphere.reg
Rescaling ...  original radius = 100
Building target registration hash (res=16).
Building source registration hash (res=16).
INFO: found  5983 nlabel points
Performing mapping from target back to the source label 117763
Number of reverse mapping hits = 61
Checking for and removing duplicates
Writing label file ./lh.BA3b_exvivo.label 6044
mri_label2label: Done


 mri_label2label --srcsubject fsaverage --srclabel /out/sourcedata/freesurfer/fsaverage/label/lh.BA4a_exvivo.label --trgsubject sub-v2s9x29159_ses-1 --trglabel ./lh.BA4a_exvivo.label --hemi lh --regmethod surface 


srclabel = /out/sourcedata/freesurfer/fsaverage/label/lh.BA4a_exvivo.label
srcsubject = fsaverage
trgsubject = sub-v2s9x29159_ses-1
trglabel = ./lh.BA4a_exvivo.label
regmethod = surface

srchemi = lh
trghemi = lh
trgsurface = white
srcsurfreg = sphere.reg
trgsurfreg = sphere.reg
usehash = 1
Use ProjAbs  = 0, 0
Use ProjFrac = 0, 0
DoPaint 0

SUBJECTS_DIR    /out/sourcedata/freesurfer
FREESURFER_HOME /opt/freesurfer
Loading source label.
Found 5784 points in source label.
Starting surface-based mapping
Reading source registration 
 /out/sourcedata/freesurfer/fsaverage/surf/lh.sphere.reg
Rescaling ...  original radius = 100
Reading target surface 
 /out/sourcedata/freesurfer/sub-v2s9x29159_ses-1/surf/lh.white
Reading target registration 
 /out/sourcedata/freesurfer/sub-v2s9x29159_ses-1/surf/lh.sphere.reg
Rescaling ...  original radius = 100
Building target registration hash (res=16).
Building source registration hash (res=16).
INFO: found  5784 nlabel points
Performing mapping from target back to the source label 117763
Number of reverse mapping hits = 56
Checking for and removing duplicates
Writing label file ./lh.BA4a_exvivo.label 5840
mri_label2label: Done


 mri_label2label --srcsubject fsaverage --srclabel /out/sourcedata/freesurfer/fsaverage/label/lh.BA4p_exvivo.label --trgsubject sub-v2s9x29159_ses-1 --trglabel ./lh.BA4p_exvivo.label --hemi lh --regmethod surface 


srclabel = /out/sourcedata/freesurfer/fsaverage/label/lh.BA4p_exvivo.label
srcsubject = fsaverage
trgsubject = sub-v2s9x29159_ses-1
trglabel = ./lh.BA4p_exvivo.label
regmethod = surface

srchemi = lh
trghemi = lh
trgsurface = white
srcsurfreg = sphere.reg
trgsurfreg = sphere.reg
usehash = 1
Use ProjAbs  = 0, 0
Use ProjFrac = 0, 0
DoPaint 0

SUBJECTS_DIR    /out/sourcedata/freesurfer
FREESURFER_HOME /opt/freesurfer
Loading source label.
Found 4070 points in source label.
Starting surface-based mapping
Reading source registration 
 /out/sourcedata/freesurfer/fsaverage/surf/lh.sphere.reg
Rescaling ...  original radius = 100
Reading target surface 
 /out/sourcedata/freesurfer/sub-v2s9x29159_ses-1/surf/lh.white
Reading target registration 
 /out/sourcedata/freesurfer/sub-v2s9x29159_ses-1/surf/lh.sphere.reg
Rescaling ...  original radius = 100
Building target registration hash (res=16).
Building source registration hash (res=16).
INFO: found  4070 nlabel points
Performing mapping from target back to the source label 117763
Number of reverse mapping hits = 16
Checking for and removing duplicates
Writing label file ./lh.BA4p_exvivo.label 4086
mri_label2label: Done


 mri_label2label --srcsubject fsaverage --srclabel /out/sourcedata/freesurfer/fsaverage/label/lh.BA6_exvivo.label --trgsubject sub-v2s9x29159_ses-1 --trglabel ./lh.BA6_exvivo.label --hemi lh --regmethod surface 


srclabel = /out/sourcedata/freesurfer/fsaverage/label/lh.BA6_exvivo.label
srcsubject = fsaverage
trgsubject = sub-v2s9x29159_ses-1
trglabel = ./lh.BA6_exvivo.label
regmethod = surface

srchemi = lh
trghemi = lh
trgsurface = white
srcsurfreg = sphere.reg
trgsurfreg = sphere.reg
usehash = 1
Use ProjAbs  = 0, 0
Use ProjFrac = 0, 0
DoPaint 0

SUBJECTS_DIR    /out/sourcedata/freesurfer
FREESURFER_HOME /opt/freesurfer
Loading source label.
Found 13589 points in source label.
Starting surface-based mapping
Reading source registration 
 /out/sourcedata/freesurfer/fsaverage/surf/lh.sphere.reg
Rescaling ...  original radius = 100
Reading target surface 
 /out/sourcedata/freesurfer/sub-v2s9x29159_ses-1/surf/lh.white
Reading target registration 
 /out/sourcedata/freesurfer/sub-v2s9x29159_ses-1/surf/lh.sphere.reg
Rescaling ...  original radius = 100
Building target registration hash (res=16).
Building source registration hash (res=16).
INFO: found  13589 nlabel points
Performing mapping from target back to the source label 117763
Number of reverse mapping hits = 430
Checking for and removing duplicates
Writing label file ./lh.BA6_exvivo.label 14019
mri_label2label: Done


 mri_label2label --srcsubject fsaverage --srclabel /out/sourcedata/freesurfer/fsaverage/label/lh.BA44_exvivo.label --trgsubject sub-v2s9x29159_ses-1 --trglabel ./lh.BA44_exvivo.label --hemi lh --regmethod surface 


srclabel = /out/sourcedata/freesurfer/fsaverage/label/lh.BA44_exvivo.label
srcsubject = fsaverage
trgsubject = sub-v2s9x29159_ses-1
trglabel = ./lh.BA44_exvivo.label
regmethod = surface

srchemi = lh
trghemi = lh
trgsurface = white
srcsurfreg = sphere.reg
trgsurfreg = sphere.reg
usehash = 1
Use ProjAbs  = 0, 0
Use ProjFrac = 0, 0
DoPaint 0

SUBJECTS_DIR    /out/sourcedata/freesurfer
FREESURFER_HOME /opt/freesurfer
Loading source label.
Found 4181 points in source label.
Starting surface-based mapping
Reading source registration 
 /out/sourcedata/freesurfer/fsaverage/surf/lh.sphere.reg
Rescaling ...  original radius = 100
Reading target surface 
 /out/sourcedata/freesurfer/sub-v2s9x29159_ses-1/surf/lh.white
Reading target registration 
 /out/sourcedata/freesurfer/sub-v2s9x29159_ses-1/surf/lh.sphere.reg
Rescaling ...  original radius = 100
Building target registration hash (res=16).
Building source registration hash (res=16).
INFO: found  4181 nlabel points
Performing mapping from target back to the source label 117763
Number of reverse mapping hits = 19
Checking for and removing duplicates
Writing label file ./lh.BA44_exvivo.label 4200
mri_label2label: Done


 mri_label2label --srcsubject fsaverage --srclabel /out/sourcedata/freesurfer/fsaverage/label/lh.BA45_exvivo.label --trgsubject sub-v2s9x29159_ses-1 --trglabel ./lh.BA45_exvivo.label --hemi lh --regmethod surface 


srclabel = /out/sourcedata/freesurfer/fsaverage/label/lh.BA45_exvivo.label
srcsubject = fsaverage
trgsubject = sub-v2s9x29159_ses-1
trglabel = ./lh.BA45_exvivo.label
regmethod = surface

srchemi = lh
trghemi = lh
trgsurface = white
srcsurfreg = sphere.reg
trgsurfreg = sphere.reg
usehash = 1
Use ProjAbs  = 0, 0
Use ProjFrac = 0, 0
DoPaint 0

SUBJECTS_DIR    /out/sourcedata/freesurfer
FREESURFER_HOME /opt/freesurfer
Loading source label.
Found 3422 points in source label.
Starting surface-based mapping
Reading source registration 
 /out/sourcedata/freesurfer/fsaverage/surf/lh.sphere.reg
Rescaling ...  original radius = 100
Reading target surface 
 /out/sourcedata/freesurfer/sub-v2s9x29159_ses-1/surf/lh.white
Reading target registration 
 /out/sourcedata/freesurfer/sub-v2s9x29159_ses-1/surf/lh.sphere.reg
Rescaling ...  original radius = 100
Building target registration hash (res=16).
Building source registration hash (res=16).
INFO: found  3422 nlabel points
Performing mapping from target back to the source label 117763
Number of reverse mapping hits = 49
Checking for and removing duplicates
Writing label file ./lh.BA45_exvivo.label 3471
mri_label2label: Done


 mri_label2label --srcsubject fsaverage --srclabel /out/sourcedata/freesurfer/fsaverage/label/lh.V1_exvivo.label --trgsubject sub-v2s9x29159_ses-1 --trglabel ./lh.V1_exvivo.label --hemi lh --regmethod surface 


srclabel = /out/sourcedata/freesurfer/fsaverage/label/lh.V1_exvivo.label
srcsubject = fsaverage
trgsubject = sub-v2s9x29159_ses-1
trglabel = ./lh.V1_exvivo.label
regmethod = surface

srchemi = lh
trghemi = lh
trgsurface = white
srcsurfreg = sphere.reg
trgsurfreg = sphere.reg
usehash = 1
Use ProjAbs  = 0, 0
Use ProjFrac = 0, 0
DoPaint 0

SUBJECTS_DIR    /out/sourcedata/freesurfer
FREESURFER_HOME /opt/freesurfer
Loading source label.
Found 4641 points in source label.
Starting surface-based mapping
Reading source registration 
 /out/sourcedata/freesurfer/fsaverage/surf/lh.sphere.reg
Rescaling ...  original radius = 100
Reading target surface 
 /out/sourcedata/freesurfer/sub-v2s9x29159_ses-1/surf/lh.white
Reading target registration 
 /out/sourcedata/freesurfer/sub-v2s9x29159_ses-1/surf/lh.sphere.reg
Rescaling ...  original radius = 100
Building target registration hash (res=16).
Building source registration hash (res=16).
INFO: found  4641 nlabel points
Performing mapping from target back to the source label 117763
Number of reverse mapping hits = 570
Checking for and removing duplicates
Writing label file ./lh.V1_exvivo.label 5211
mri_label2label: Done


 mri_label2label --srcsubject fsaverage --srclabel /out/sourcedata/freesurfer/fsaverage/label/lh.V2_exvivo.label --trgsubject sub-v2s9x29159_ses-1 --trglabel ./lh.V2_exvivo.label --hemi lh --regmethod surface 


srclabel = /out/sourcedata/freesurfer/fsaverage/label/lh.V2_exvivo.label
srcsubject = fsaverage
trgsubject = sub-v2s9x29159_ses-1
trglabel = ./lh.V2_exvivo.label
regmethod = surface

srchemi = lh
trghemi = lh
trgsurface = white
srcsurfreg = sphere.reg
trgsurfreg = sphere.reg
usehash = 1
Use ProjAbs  = 0, 0
Use ProjFrac = 0, 0
DoPaint 0

SUBJECTS_DIR    /out/sourcedata/freesurfer
FREESURFER_HOME /opt/freesurfer
Loading source label.
Found 8114 points in source label.
Starting surface-based mapping
Reading source registration 
 /out/sourcedata/freesurfer/fsaverage/surf/lh.sphere.reg
Rescaling ...  original radius = 100
Reading target surface 
 /out/sourcedata/freesurfer/sub-v2s9x29159_ses-1/surf/lh.white
Reading target registration 
 /out/sourcedata/freesurfer/sub-v2s9x29159_ses-1/surf/lh.sphere.reg
Rescaling ...  original radius = 100
Building target registration hash (res=16).
Building source registration hash (res=16).
INFO: found  8114 nlabel points
Performing mapping from target back to the source label 117763
Number of reverse mapping hits = 1590
Checking for and removing duplicates
Writing label file ./lh.V2_exvivo.label 9704
mri_label2label: Done


 mri_label2label --srcsubject fsaverage --srclabel /out/sourcedata/freesurfer/fsaverage/label/lh.MT_exvivo.label --trgsubject sub-v2s9x29159_ses-1 --trglabel ./lh.MT_exvivo.label --hemi lh --regmethod surface 


srclabel = /out/sourcedata/freesurfer/fsaverage/label/lh.MT_exvivo.label
srcsubject = fsaverage
trgsubject = sub-v2s9x29159_ses-1
trglabel = ./lh.MT_exvivo.label
regmethod = surface

srchemi = lh
trghemi = lh
trgsurface = white
srcsurfreg = sphere.reg
trgsurfreg = sphere.reg
usehash = 1
Use ProjAbs  = 0, 0
Use ProjFrac = 0, 0
DoPaint 0

SUBJECTS_DIR    /out/sourcedata/freesurfer
FREESURFER_HOME /opt/freesurfer
Loading source label.
Found 2018 points in source label.
Starting surface-based mapping
Reading source registration 
 /out/sourcedata/freesurfer/fsaverage/surf/lh.sphere.reg
Rescaling ...  original radius = 100
Reading target surface 
 /out/sourcedata/freesurfer/sub-v2s9x29159_ses-1/surf/lh.white
Reading target registration 
 /out/sourcedata/freesurfer/sub-v2s9x29159_ses-1/surf/lh.sphere.reg
Rescaling ...  original radius = 100
Building target registration hash (res=16).
Building source registration hash (res=16).
INFO: found  2018 nlabel points
Performing mapping from target back to the source label 117763
Number of reverse mapping hits = 220
Checking for and removing duplicates
Writing label file ./lh.MT_exvivo.label 2238
mri_label2label: Done


 mri_label2label --srcsubject fsaverage --srclabel /out/sourcedata/freesurfer/fsaverage/label/lh.entorhinal_exvivo.label --trgsubject sub-v2s9x29159_ses-1 --trglabel ./lh.entorhinal_exvivo.label --hemi lh --regmethod surface 


srclabel = /out/sourcedata/freesurfer/fsaverage/label/lh.entorhinal_exvivo.label
srcsubject = fsaverage
trgsubject = sub-v2s9x29159_ses-1
trglabel = ./lh.entorhinal_exvivo.label
regmethod = surface

srchemi = lh
trghemi = lh
trgsurface = white
srcsurfreg = sphere.reg
trgsurfreg = sphere.reg
usehash = 1
Use ProjAbs  = 0, 0
Use ProjFrac = 0, 0
DoPaint 0

SUBJECTS_DIR    /out/sourcedata/freesurfer
FREESURFER_HOME /opt/freesurfer
Loading source label.
Found 1290 points in source label.
Starting surface-based mapping
Reading source registration 
 /out/sourcedata/freesurfer/fsaverage/surf/lh.sphere.reg
Rescaling ...  original radius = 100
Reading target surface 
 /out/sourcedata/freesurfer/sub-v2s9x29159_ses-1/surf/lh.white
Reading target registration 
 /out/sourcedata/freesurfer/sub-v2s9x29159_ses-1/surf/lh.sphere.reg
Rescaling ...  original radius = 100
Building target registration hash (res=16).
Building source registration hash (res=16).
INFO: found  1290 nlabel points
Performing mapping from target back to the source label 117763
Number of reverse mapping hits = 34
Checking for and removing duplicates
Writing label file ./lh.entorhinal_exvivo.label 1324
mri_label2label: Done


 mri_label2label --srcsubject fsaverage --srclabel /out/sourcedata/freesurfer/fsaverage/label/lh.perirhinal_exvivo.label --trgsubject sub-v2s9x29159_ses-1 --trglabel ./lh.perirhinal_exvivo.label --hemi lh --regmethod surface 


srclabel = /out/sourcedata/freesurfer/fsaverage/label/lh.perirhinal_exvivo.label
srcsubject = fsaverage
trgsubject = sub-v2s9x29159_ses-1
trglabel = ./lh.perirhinal_exvivo.label
regmethod = surface

srchemi = lh
trghemi = lh
trgsurface = white
srcsurfreg = sphere.reg
trgsurfreg = sphere.reg
usehash = 1
Use ProjAbs  = 0, 0
Use ProjFrac = 0, 0
DoPaint 0

SUBJECTS_DIR    /out/sourcedata/freesurfer
FREESURFER_HOME /opt/freesurfer
Loading source label.
Found 1199 points in source label.
Starting surface-based mapping
Reading source registration 
 /out/sourcedata/freesurfer/fsaverage/surf/lh.sphere.reg
Rescaling ...  original radius = 100
Reading target surface 
 /out/sourcedata/freesurfer/sub-v2s9x29159_ses-1/surf/lh.white
Reading target registration 
 /out/sourcedata/freesurfer/sub-v2s9x29159_ses-1/surf/lh.sphere.reg
Rescaling ...  original radius = 100
Building target registration hash (res=16).
Building source registration hash (res=16).
INFO: found  1199 nlabel points
Performing mapping from target back to the source label 117763
Number of reverse mapping hits = 34
Checking for and removing duplicates
Writing label file ./lh.perirhinal_exvivo.label 1233
mri_label2label: Done


 mri_label2label --srcsubject fsaverage --srclabel /out/sourcedata/freesurfer/fsaverage/label/lh.FG1.mpm.vpnl.label --trgsubject sub-v2s9x29159_ses-1 --trglabel ./lh.FG1.mpm.vpnl.label --hemi lh --regmethod surface 


srclabel = /out/sourcedata/freesurfer/fsaverage/label/lh.FG1.mpm.vpnl.label
srcsubject = fsaverage
trgsubject = sub-v2s9x29159_ses-1
trglabel = ./lh.FG1.mpm.vpnl.label
regmethod = surface

srchemi = lh
trghemi = lh
trgsurface = white
srcsurfreg = sphere.reg
trgsurfreg = sphere.reg
usehash = 1
Use ProjAbs  = 0, 0
Use ProjFrac = 0, 0
DoPaint 0

SUBJECTS_DIR    /out/sourcedata/freesurfer
FREESURFER_HOME /opt/freesurfer
Loading source label.
Found 414 points in source label.
Starting surface-based mapping
Reading source registration 
 /out/sourcedata/freesurfer/fsaverage/surf/lh.sphere.reg
Rescaling ...  original radius = 100
Reading target surface 
 /out/sourcedata/freesurfer/sub-v2s9x29159_ses-1/surf/lh.white
Reading target registration 
 /out/sourcedata/freesurfer/sub-v2s9x29159_ses-1/surf/lh.sphere.reg
Rescaling ...  original radius = 100
Building target registration hash (res=16).
Building source registration hash (res=16).
INFO: found  414 nlabel points
Performing mapping from target back to the source label 117763
Number of reverse mapping hits = 77
Checking for and removing duplicates
Writing label file ./lh.FG1.mpm.vpnl.label 491
mri_label2label: Done


 mri_label2label --srcsubject fsaverage --srclabel /out/sourcedata/freesurfer/fsaverage/label/lh.FG2.mpm.vpnl.label --trgsubject sub-v2s9x29159_ses-1 --trglabel ./lh.FG2.mpm.vpnl.label --hemi lh --regmethod surface 


srclabel = /out/sourcedata/freesurfer/fsaverage/label/lh.FG2.mpm.vpnl.label
srcsubject = fsaverage
trgsubject = sub-v2s9x29159_ses-1
trglabel = ./lh.FG2.mpm.vpnl.label
regmethod = surface

srchemi = lh
trghemi = lh
trgsurface = white
srcsurfreg = sphere.reg
trgsurfreg = sphere.reg
usehash = 1
Use ProjAbs  = 0, 0
Use ProjFrac = 0, 0
DoPaint 0

SUBJECTS_DIR    /out/sourcedata/freesurfer
FREESURFER_HOME /opt/freesurfer
Loading source label.
Found 703 points in source label.
Starting surface-based mapping
Reading source registration 
 /out/sourcedata/freesurfer/fsaverage/surf/lh.sphere.reg
Rescaling ...  original radius = 100
Reading target surface 
 /out/sourcedata/freesurfer/sub-v2s9x29159_ses-1/surf/lh.white
Reading target registration 
 /out/sourcedata/freesurfer/sub-v2s9x29159_ses-1/surf/lh.sphere.reg
Rescaling ...  original radius = 100
Building target registration hash (res=16).
Building source registration hash (res=16).
INFO: found  703 nlabel points
Performing mapping from target back to the source label 117763
Number of reverse mapping hits = 186
Checking for and removing duplicates
Writing label file ./lh.FG2.mpm.vpnl.label 889
mri_label2label: Done


 mri_label2label --srcsubject fsaverage --srclabel /out/sourcedata/freesurfer/fsaverage/label/lh.FG3.mpm.vpnl.label --trgsubject sub-v2s9x29159_ses-1 --trglabel ./lh.FG3.mpm.vpnl.label --hemi lh --regmethod surface 


srclabel = /out/sourcedata/freesurfer/fsaverage/label/lh.FG3.mpm.vpnl.label
srcsubject = fsaverage
trgsubject = sub-v2s9x29159_ses-1
trglabel = ./lh.FG3.mpm.vpnl.label
regmethod = surface

srchemi = lh
trghemi = lh
trgsurface = white
srcsurfreg = sphere.reg
trgsurfreg = sphere.reg
usehash = 1
Use ProjAbs  = 0, 0
Use ProjFrac = 0, 0
DoPaint 0

SUBJECTS_DIR    /out/sourcedata/freesurfer
FREESURFER_HOME /opt/freesurfer
Loading source label.
Found 1873 points in source label.
Starting surface-based mapping
Reading source registration 
 /out/sourcedata/freesurfer/fsaverage/surf/lh.sphere.reg
Rescaling ...  original radius = 100
Reading target surface 
 /out/sourcedata/freesurfer/sub-v2s9x29159_ses-1/surf/lh.white
Reading target registration 
 /out/sourcedata/freesurfer/sub-v2s9x29159_ses-1/surf/lh.sphere.reg
Rescaling ...  original radius = 100
Building target registration hash (res=16).
Building source registration hash (res=16).
INFO: found  1873 nlabel points
Performing mapping from target back to the source label 117763
Number of reverse mapping hits = 153
Checking for and removing duplicates
Writing label file ./lh.FG3.mpm.vpnl.label 2026
mri_label2label: Done


 mri_label2label --srcsubject fsaverage --srclabel /out/sourcedata/freesurfer/fsaverage/label/lh.FG4.mpm.vpnl.label --trgsubject sub-v2s9x29159_ses-1 --trglabel ./lh.FG4.mpm.vpnl.label --hemi lh --regmethod surface 


srclabel = /out/sourcedata/freesurfer/fsaverage/label/lh.FG4.mpm.vpnl.label
srcsubject = fsaverage
trgsubject = sub-v2s9x29159_ses-1
trglabel = ./lh.FG4.mpm.vpnl.label
regmethod = surface

srchemi = lh
trghemi = lh
trgsurface = white
srcsurfreg = sphere.reg
trgsurfreg = sphere.reg
usehash = 1
Use ProjAbs  = 0, 0
Use ProjFrac = 0, 0
DoPaint 0

SUBJECTS_DIR    /out/sourcedata/freesurfer
FREESURFER_HOME /opt/freesurfer
Loading source label.
Found 2101 points in source label.
Starting surface-based mapping
Reading source registration 
 /out/sourcedata/freesurfer/fsaverage/surf/lh.sphere.reg
Rescaling ...  original radius = 100
Reading target surface 
 /out/sourcedata/freesurfer/sub-v2s9x29159_ses-1/surf/lh.white
Reading target registration 
 /out/sourcedata/freesurfer/sub-v2s9x29159_ses-1/surf/lh.sphere.reg
Rescaling ...  original radius = 100
Building target registration hash (res=16).
Building source registration hash (res=16).
INFO: found  2101 nlabel points
Performing mapping from target back to the source label 117763
Number of reverse mapping hits = 337
Checking for and removing duplicates
Writing label file ./lh.FG4.mpm.vpnl.label 2438
mri_label2label: Done


 mri_label2label --srcsubject fsaverage --srclabel /out/sourcedata/freesurfer/fsaverage/label/lh.hOc1.mpm.vpnl.label --trgsubject sub-v2s9x29159_ses-1 --trglabel ./lh.hOc1.mpm.vpnl.label --hemi lh --regmethod surface 


srclabel = /out/sourcedata/freesurfer/fsaverage/label/lh.hOc1.mpm.vpnl.label
srcsubject = fsaverage
trgsubject = sub-v2s9x29159_ses-1
trglabel = ./lh.hOc1.mpm.vpnl.label
regmethod = surface

srchemi = lh
trghemi = lh
trgsurface = white
srcsurfreg = sphere.reg
trgsurfreg = sphere.reg
usehash = 1
Use ProjAbs  = 0, 0
Use ProjFrac = 0, 0
DoPaint 0

SUBJECTS_DIR    /out/sourcedata/freesurfer
FREESURFER_HOME /opt/freesurfer
Loading source label.
Found 3877 points in source label.
Starting surface-based mapping
Reading source registration 
 /out/sourcedata/freesurfer/fsaverage/surf/lh.sphere.reg
Rescaling ...  original radius = 100
Reading target surface 
 /out/sourcedata/freesurfer/sub-v2s9x29159_ses-1/surf/lh.white
Reading target registration 
 /out/sourcedata/freesurfer/sub-v2s9x29159_ses-1/surf/lh.sphere.reg
Rescaling ...  original radius = 100
Building target registration hash (res=16).
Building source registration hash (res=16).
INFO: found  3877 nlabel points
Performing mapping from target back to the source label 117763
Number of reverse mapping hits = 403
Checking for and removing duplicates
Writing label file ./lh.hOc1.mpm.vpnl.label 4280
mri_label2label: Done


 mri_label2label --srcsubject fsaverage --srclabel /out/sourcedata/freesurfer/fsaverage/label/lh.hOc2.mpm.vpnl.label --trgsubject sub-v2s9x29159_ses-1 --trglabel ./lh.hOc2.mpm.vpnl.label --hemi lh --regmethod surface 


srclabel = /out/sourcedata/freesurfer/fsaverage/label/lh.hOc2.mpm.vpnl.label
srcsubject = fsaverage
trgsubject = sub-v2s9x29159_ses-1
trglabel = ./lh.hOc2.mpm.vpnl.label
regmethod = surface

srchemi = lh
trghemi = lh
trgsurface = white
srcsurfreg = sphere.reg
trgsurfreg = sphere.reg
usehash = 1
Use ProjAbs  = 0, 0
Use ProjFrac = 0, 0
DoPaint 0

SUBJECTS_DIR    /out/sourcedata/freesurfer
FREESURFER_HOME /opt/freesurfer
Loading source label.
Found 2919 points in source label.
Starting surface-based mapping
Reading source registration 
 /out/sourcedata/freesurfer/fsaverage/surf/lh.sphere.reg
Rescaling ...  original radius = 100
Reading target surface 
 /out/sourcedata/freesurfer/sub-v2s9x29159_ses-1/surf/lh.white
Reading target registration 
 /out/sourcedata/freesurfer/sub-v2s9x29159_ses-1/surf/lh.sphere.reg
Rescaling ...  original radius = 100
Building target registration hash (res=16).
Building source registration hash (res=16).
INFO: found  2919 nlabel points
Performing mapping from target back to the source label 117763
Number of reverse mapping hits = 683
Checking for and removing duplicates
Writing label file ./lh.hOc2.mpm.vpnl.label 3602
mri_label2label: Done


 mri_label2label --srcsubject fsaverage --srclabel /out/sourcedata/freesurfer/fsaverage/label/lh.hOc3v.mpm.vpnl.label --trgsubject sub-v2s9x29159_ses-1 --trglabel ./lh.hOc3v.mpm.vpnl.label --hemi lh --regmethod surface 


srclabel = /out/sourcedata/freesurfer/fsaverage/label/lh.hOc3v.mpm.vpnl.label
srcsubject = fsaverage
trgsubject = sub-v2s9x29159_ses-1
trglabel = ./lh.hOc3v.mpm.vpnl.label
regmethod = surface

srchemi = lh
trghemi = lh
trgsurface = white
srcsurfreg = sphere.reg
trgsurfreg = sphere.reg
usehash = 1
Use ProjAbs  = 0, 0
Use ProjFrac = 0, 0
DoPaint 0

SUBJECTS_DIR    /out/sourcedata/freesurfer
FREESURFER_HOME /opt/freesurfer
Loading source label.
Found 1286 points in source label.
Starting surface-based mapping
Reading source registration 
 /out/sourcedata/freesurfer/fsaverage/surf/lh.sphere.reg
Rescaling ...  original radius = 100
Reading target surface 
 /out/sourcedata/freesurfer/sub-v2s9x29159_ses-1/surf/lh.white
Reading target registration 
 /out/sourcedata/freesurfer/sub-v2s9x29159_ses-1/surf/lh.sphere.reg
Rescaling ...  original radius = 100
Building target registration hash (res=16).
Building source registration hash (res=16).
INFO: found  1286 nlabel points
Performing mapping from target back to the source label 117763
Number of reverse mapping hits = 380
Checking for and removing duplicates
Writing label file ./lh.hOc3v.mpm.vpnl.label 1666
mri_label2label: Done


 mri_label2label --srcsubject fsaverage --srclabel /out/sourcedata/freesurfer/fsaverage/label/lh.hOc4v.mpm.vpnl.label --trgsubject sub-v2s9x29159_ses-1 --trglabel ./lh.hOc4v.mpm.vpnl.label --hemi lh --regmethod surface 


srclabel = /out/sourcedata/freesurfer/fsaverage/label/lh.hOc4v.mpm.vpnl.label
srcsubject = fsaverage
trgsubject = sub-v2s9x29159_ses-1
trglabel = ./lh.hOc4v.mpm.vpnl.label
regmethod = surface

srchemi = lh
trghemi = lh
trgsurface = white
srcsurfreg = sphere.reg
trgsurfreg = sphere.reg
usehash = 1
Use ProjAbs  = 0, 0
Use ProjFrac = 0, 0
DoPaint 0

SUBJECTS_DIR    /out/sourcedata/freesurfer
FREESURFER_HOME /opt/freesurfer
Loading source label.
Found 1006 points in source label.
Starting surface-based mapping
Reading source registration 
 /out/sourcedata/freesurfer/fsaverage/surf/lh.sphere.reg
Rescaling ...  original radius = 100
Reading target surface 
 /out/sourcedata/freesurfer/sub-v2s9x29159_ses-1/surf/lh.white
Reading target registration 
 /out/sourcedata/freesurfer/sub-v2s9x29159_ses-1/surf/lh.sphere.reg
Rescaling ...  original radius = 100
Building target registration hash (res=16).
Building source registration hash (res=16).
INFO: found  1006 nlabel points
Performing mapping from target back to the source label 117763
Number of reverse mapping hits = 275
Checking for and removing duplicates
Writing label file ./lh.hOc4v.mpm.vpnl.label 1281
mri_label2label: Done


 mris_label2annot --s sub-v2s9x29159_ses-1 --ctab /opt/freesurfer/average/colortable_vpnl.txt --hemi lh --a mpm.vpnl --maxstatwinner --noverbose --l lh.FG1.mpm.vpnl.label --l lh.FG2.mpm.vpnl.label --l lh.FG3.mpm.vpnl.label --l lh.FG4.mpm.vpnl.label --l lh.hOc1.mpm.vpnl.label --l lh.hOc2.mpm.vpnl.label --l lh.hOc3v.mpm.vpnl.label --l lh.hOc4v.mpm.vpnl.label 

Reading ctab /opt/freesurfer/average/colortable_vpnl.txt
Number of ctab entries 9

7.3.2
cwd /out/sourcedata/freesurfer/sub-v2s9x29159_ses-1/label
cmdline mris_label2annot --s sub-v2s9x29159_ses-1 --ctab /opt/freesurfer/average/colortable_vpnl.txt --hemi lh --a mpm.vpnl --maxstatwinner --noverbose --l lh.FG1.mpm.vpnl.label --l lh.FG2.mpm.vpnl.label --l lh.FG3.mpm.vpnl.label --l lh.FG4.mpm.vpnl.label --l lh.hOc1.mpm.vpnl.label --l lh.hOc2.mpm.vpnl.label --l lh.hOc3v.mpm.vpnl.label --l lh.hOc4v.mpm.vpnl.label 
sysname  Linux
hostname dna073
machine  x86_64
user     oesteban

subject sub-v2s9x29159_ses-1
hemi    lh
SUBJECTS_DIR /out/sourcedata/freesurfer
ColorTable /opt/freesurfer/average/colortable_vpnl.txt
AnnotName  mpm.vpnl
nlables 8
LabelThresh 0 0.000000
Loading /out/sourcedata/freesurfer/sub-v2s9x29159_ses-1/surf/lh.orig
 1 1376057 FG1
 2 16711935 FG2
 3 16711680 FG3
 4 1705837 FG4
 5 25600 hOc1
 6 255 hOc2
 7 16776960 hOc3v
 8 65535 hOc4v
Mapping unhit to unknown
Found 103461 unhit vertices
Writing annot to /out/sourcedata/freesurfer/sub-v2s9x29159_ses-1/label/lh.mpm.vpnl.annot

 mri_label2label --srcsubject fsaverage --srclabel /out/sourcedata/freesurfer/fsaverage/label/lh.BA1_exvivo.thresh.label --trgsubject sub-v2s9x29159_ses-1 --trglabel ./lh.BA1_exvivo.thresh.label --hemi lh --regmethod surface 


srclabel = /out/sourcedata/freesurfer/fsaverage/label/lh.BA1_exvivo.thresh.label
srcsubject = fsaverage
trgsubject = sub-v2s9x29159_ses-1
trglabel = ./lh.BA1_exvivo.thresh.label
regmethod = surface

srchemi = lh
trghemi = lh
trgsurface = white
srcsurfreg = sphere.reg
trgsurfreg = sphere.reg
usehash = 1
Use ProjAbs  = 0, 0
Use ProjFrac = 0, 0
DoPaint 0

SUBJECTS_DIR    /out/sourcedata/freesurfer
FREESURFER_HOME /opt/freesurfer
Loading source label.
Found 1014 points in source label.
Starting surface-based mapping
Reading source registration 
 /out/sourcedata/freesurfer/fsaverage/surf/lh.sphere.reg
Rescaling ...  original radius = 100
Reading target surface 
 /out/sourcedata/freesurfer/sub-v2s9x29159_ses-1/surf/lh.white
Reading target registration 
 /out/sourcedata/freesurfer/sub-v2s9x29159_ses-1/surf/lh.sphere.reg
Rescaling ...  original radius = 100
Building target registration hash (res=16).
Building source registration hash (res=16).
INFO: found  1014 nlabel points
Performing mapping from target back to the source label 117763
Number of reverse mapping hits = 17
Checking for and removing duplicates
Writing label file ./lh.BA1_exvivo.thresh.label 1031
mri_label2label: Done


 mri_label2label --srcsubject fsaverage --srclabel /out/sourcedata/freesurfer/fsaverage/label/lh.BA2_exvivo.thresh.label --trgsubject sub-v2s9x29159_ses-1 --trglabel ./lh.BA2_exvivo.thresh.label --hemi lh --regmethod surface 


srclabel = /out/sourcedata/freesurfer/fsaverage/label/lh.BA2_exvivo.thresh.label
srcsubject = fsaverage
trgsubject = sub-v2s9x29159_ses-1
trglabel = ./lh.BA2_exvivo.thresh.label
regmethod = surface

srchemi = lh
trghemi = lh
trgsurface = white
srcsurfreg = sphere.reg
trgsurfreg = sphere.reg
usehash = 1
Use ProjAbs  = 0, 0
Use ProjFrac = 0, 0
DoPaint 0

SUBJECTS_DIR    /out/sourcedata/freesurfer
FREESURFER_HOME /opt/freesurfer
Loading source label.
Found 2092 points in source label.
Starting surface-based mapping
Reading source registration 
 /out/sourcedata/freesurfer/fsaverage/surf/lh.sphere.reg
Rescaling ...  original radius = 100
Reading target surface 
 /out/sourcedata/freesurfer/sub-v2s9x29159_ses-1/surf/lh.white
Reading target registration 
 /out/sourcedata/freesurfer/sub-v2s9x29159_ses-1/surf/lh.sphere.reg
Rescaling ...  original radius = 100
Building target registration hash (res=16).
Building source registration hash (res=16).
INFO: found  2092 nlabel points
Performing mapping from target back to the source label 117763
Number of reverse mapping hits = 72
Checking for and removing duplicates
Writing label file ./lh.BA2_exvivo.thresh.label 2164
mri_label2label: Done


 mri_label2label --srcsubject fsaverage --srclabel /out/sourcedata/freesurfer/fsaverage/label/lh.BA3a_exvivo.thresh.label --trgsubject sub-v2s9x29159_ses-1 --trglabel ./lh.BA3a_exvivo.thresh.label --hemi lh --regmethod surface 


srclabel = /out/sourcedata/freesurfer/fsaverage/label/lh.BA3a_exvivo.thresh.label
srcsubject = fsaverage
trgsubject = sub-v2s9x29159_ses-1
trglabel = ./lh.BA3a_exvivo.thresh.label
regmethod = surface

srchemi = lh
trghemi = lh
trgsurface = white
srcsurfreg = sphere.reg
trgsurfreg = sphere.reg
usehash = 1
Use ProjAbs  = 0, 0
Use ProjFrac = 0, 0
DoPaint 0

SUBJECTS_DIR    /out/sourcedata/freesurfer
FREESURFER_HOME /opt/freesurfer
Loading source label.
Found 1504 points in source label.
Starting surface-based mapping
Reading source registration 
 /out/sourcedata/freesurfer/fsaverage/surf/lh.sphere.reg
Rescaling ...  original radius = 100
Reading target surface 
 /out/sourcedata/freesurfer/sub-v2s9x29159_ses-1/surf/lh.white
Reading target registration 
 /out/sourcedata/freesurfer/sub-v2s9x29159_ses-1/surf/lh.sphere.reg
Rescaling ...  original radius = 100
Building target registration hash (res=16).
Building source registration hash (res=16).
INFO: found  1504 nlabel points
Performing mapping from target back to the source label 117763
Number of reverse mapping hits = 7
Checking for and removing duplicates
Writing label file ./lh.BA3a_exvivo.thresh.label 1511
mri_label2label: Done


 mri_label2label --srcsubject fsaverage --srclabel /out/sourcedata/freesurfer/fsaverage/label/lh.BA3b_exvivo.thresh.label --trgsubject sub-v2s9x29159_ses-1 --trglabel ./lh.BA3b_exvivo.thresh.label --hemi lh --regmethod surface 


srclabel = /out/sourcedata/freesurfer/fsaverage/label/lh.BA3b_exvivo.thresh.label
srcsubject = fsaverage
trgsubject = sub-v2s9x29159_ses-1
trglabel = ./lh.BA3b_exvivo.thresh.label
regmethod = surface

srchemi = lh
trghemi = lh
trgsurface = white
srcsurfreg = sphere.reg
trgsurfreg = sphere.reg
usehash = 1
Use ProjAbs  = 0, 0
Use ProjFrac = 0, 0
DoPaint 0

SUBJECTS_DIR    /out/sourcedata/freesurfer
FREESURFER_HOME /opt/freesurfer
Loading source label.
Found 1996 points in source label.
Starting surface-based mapping
Reading source registration 
 /out/sourcedata/freesurfer/fsaverage/surf/lh.sphere.reg
Rescaling ...  original radius = 100
Reading target surface 
 /out/sourcedata/freesurfer/sub-v2s9x29159_ses-1/surf/lh.white
Reading target registration 
 /out/sourcedata/freesurfer/sub-v2s9x29159_ses-1/surf/lh.sphere.reg
Rescaling ...  original radius = 100
Building target registration hash (res=16).
Building source registration hash (res=16).
INFO: found  1996 nlabel points
Performing mapping from target back to the source label 117763
Number of reverse mapping hits = 21
Checking for and removing duplicates
Writing label file ./lh.BA3b_exvivo.thresh.label 2017
mri_label2label: Done


 mri_label2label --srcsubject fsaverage --srclabel /out/sourcedata/freesurfer/fsaverage/label/lh.BA4a_exvivo.thresh.label --trgsubject sub-v2s9x29159_ses-1 --trglabel ./lh.BA4a_exvivo.thresh.label --hemi lh --regmethod surface 


srclabel = /out/sourcedata/freesurfer/fsaverage/label/lh.BA4a_exvivo.thresh.label
srcsubject = fsaverage
trgsubject = sub-v2s9x29159_ses-1
trglabel = ./lh.BA4a_exvivo.thresh.label
regmethod = surface

srchemi = lh
trghemi = lh
trgsurface = white
srcsurfreg = sphere.reg
trgsurfreg = sphere.reg
usehash = 1
Use ProjAbs  = 0, 0
Use ProjFrac = 0, 0
DoPaint 0

SUBJECTS_DIR    /out/sourcedata/freesurfer
FREESURFER_HOME /opt/freesurfer
Loading source label.
Found 2319 points in source label.
Starting surface-based mapping
Reading source registration 
 /out/sourcedata/freesurfer/fsaverage/surf/lh.sphere.reg
Rescaling ...  original radius = 100
Reading target surface 
 /out/sourcedata/freesurfer/sub-v2s9x29159_ses-1/surf/lh.white
Reading target registration 
 /out/sourcedata/freesurfer/sub-v2s9x29159_ses-1/surf/lh.sphere.reg
Rescaling ...  original radius = 100
Building target registration hash (res=16).
Building source registration hash (res=16).
INFO: found  2319 nlabel points
Performing mapping from target back to the source label 117763
Number of reverse mapping hits = 10
Checking for and removing duplicates
Writing label file ./lh.BA4a_exvivo.thresh.label 2329
mri_label2label: Done


 mri_label2label --srcsubject fsaverage --srclabel /out/sourcedata/freesurfer/fsaverage/label/lh.BA4p_exvivo.thresh.label --trgsubject sub-v2s9x29159_ses-1 --trglabel ./lh.BA4p_exvivo.thresh.label --hemi lh --regmethod surface 


srclabel = /out/sourcedata/freesurfer/fsaverage/label/lh.BA4p_exvivo.thresh.label
srcsubject = fsaverage
trgsubject = sub-v2s9x29159_ses-1
trglabel = ./lh.BA4p_exvivo.thresh.label
regmethod = surface

srchemi = lh
trghemi = lh
trgsurface = white
srcsurfreg = sphere.reg
trgsurfreg = sphere.reg
usehash = 1
Use ProjAbs  = 0, 0
Use ProjFrac = 0, 0
DoPaint 0

SUBJECTS_DIR    /out/sourcedata/freesurfer
FREESURFER_HOME /opt/freesurfer
Loading source label.
Found 1549 points in source label.
Starting surface-based mapping
Reading source registration 
 /out/sourcedata/freesurfer/fsaverage/surf/lh.sphere.reg
Rescaling ...  original radius = 100
Reading target surface 
 /out/sourcedata/freesurfer/sub-v2s9x29159_ses-1/surf/lh.white
Reading target registration 
 /out/sourcedata/freesurfer/sub-v2s9x29159_ses-1/surf/lh.sphere.reg
Rescaling ...  original radius = 100
Building target registration hash (res=16).
Building source registration hash (res=16).
INFO: found  1549 nlabel points
Performing mapping from target back to the source label 117763
Number of reverse mapping hits = 4
Checking for and removing duplicates
Writing label file ./lh.BA4p_exvivo.thresh.label 1553
mri_label2label: Done


 mri_label2label --srcsubject fsaverage --srclabel /out/sourcedata/freesurfer/fsaverage/label/lh.BA6_exvivo.thresh.label --trgsubject sub-v2s9x29159_ses-1 --trglabel ./lh.BA6_exvivo.thresh.label --hemi lh --regmethod surface 


srclabel = /out/sourcedata/freesurfer/fsaverage/label/lh.BA6_exvivo.thresh.label
srcsubject = fsaverage
trgsubject = sub-v2s9x29159_ses-1
trglabel = ./lh.BA6_exvivo.thresh.label
regmethod = surface

srchemi = lh
trghemi = lh
trgsurface = white
srcsurfreg = sphere.reg
trgsurfreg = sphere.reg
usehash = 1
Use ProjAbs  = 0, 0
Use ProjFrac = 0, 0
DoPaint 0

SUBJECTS_DIR    /out/sourcedata/freesurfer
FREESURFER_HOME /opt/freesurfer
Loading source label.
Found 7035 points in source label.
Starting surface-based mapping
Reading source registration 
 /out/sourcedata/freesurfer/fsaverage/surf/lh.sphere.reg
Rescaling ...  original radius = 100
Reading target surface 
 /out/sourcedata/freesurfer/sub-v2s9x29159_ses-1/surf/lh.white
Reading target registration 
 /out/sourcedata/freesurfer/sub-v2s9x29159_ses-1/surf/lh.sphere.reg
Rescaling ...  original radius = 100
Building target registration hash (res=16).
Building source registration hash (res=16).
INFO: found  7035 nlabel points
Performing mapping from target back to the source label 117763
Number of reverse mapping hits = 144
Checking for and removing duplicates
Writing label file ./lh.BA6_exvivo.thresh.label 7179
mri_label2label: Done


 mri_label2label --srcsubject fsaverage --srclabel /out/sourcedata/freesurfer/fsaverage/label/lh.BA44_exvivo.thresh.label --trgsubject sub-v2s9x29159_ses-1 --trglabel ./lh.BA44_exvivo.thresh.label --hemi lh --regmethod surface 


srclabel = /out/sourcedata/freesurfer/fsaverage/label/lh.BA44_exvivo.thresh.label
srcsubject = fsaverage
trgsubject = sub-v2s9x29159_ses-1
trglabel = ./lh.BA44_exvivo.thresh.label
regmethod = surface

srchemi = lh
trghemi = lh
trgsurface = white
srcsurfreg = sphere.reg
trgsurfreg = sphere.reg
usehash = 1
Use ProjAbs  = 0, 0
Use ProjFrac = 0, 0
DoPaint 0

SUBJECTS_DIR    /out/sourcedata/freesurfer
FREESURFER_HOME /opt/freesurfer
Loading source label.
Found 1912 points in source label.
Starting surface-based mapping
Reading source registration 
 /out/sourcedata/freesurfer/fsaverage/surf/lh.sphere.reg
Rescaling ...  original radius = 100
Reading target surface 
 /out/sourcedata/freesurfer/sub-v2s9x29159_ses-1/surf/lh.white
Reading target registration 
 /out/sourcedata/freesurfer/sub-v2s9x29159_ses-1/surf/lh.sphere.reg
Rescaling ...  original radius = 100
Building target registration hash (res=16).
Building source registration hash (res=16).
INFO: found  1912 nlabel points
Performing mapping from target back to the source label 117763
Number of reverse mapping hits = 17
Checking for and removing duplicates
Writing label file ./lh.BA44_exvivo.thresh.label 1929
mri_label2label: Done


 mri_label2label --srcsubject fsaverage --srclabel /out/sourcedata/freesurfer/fsaverage/label/lh.BA45_exvivo.thresh.label --trgsubject sub-v2s9x29159_ses-1 --trglabel ./lh.BA45_exvivo.thresh.label --hemi lh --regmethod surface 


srclabel = /out/sourcedata/freesurfer/fsaverage/label/lh.BA45_exvivo.thresh.label
srcsubject = fsaverage
trgsubject = sub-v2s9x29159_ses-1
trglabel = ./lh.BA45_exvivo.thresh.label
regmethod = surface

srchemi = lh
trghemi = lh
trgsurface = white
srcsurfreg = sphere.reg
trgsurfreg = sphere.reg
usehash = 1
Use ProjAbs  = 0, 0
Use ProjFrac = 0, 0
DoPaint 0

SUBJECTS_DIR    /out/sourcedata/freesurfer
FREESURFER_HOME /opt/freesurfer
Loading source label.
Found 1151 points in source label.
Starting surface-based mapping
Reading source registration 
 /out/sourcedata/freesurfer/fsaverage/surf/lh.sphere.reg
Rescaling ...  original radius = 100
Reading target surface 
 /out/sourcedata/freesurfer/sub-v2s9x29159_ses-1/surf/lh.white
Reading target registration 
 /out/sourcedata/freesurfer/sub-v2s9x29159_ses-1/surf/lh.sphere.reg
Rescaling ...  original radius = 100
Building target registration hash (res=16).
Building source registration hash (res=16).
INFO: found  1151 nlabel points
Performing mapping from target back to the source label 117763
Number of reverse mapping hits = 9
Checking for and removing duplicates
Writing label file ./lh.BA45_exvivo.thresh.label 1160
mri_label2label: Done


 mri_label2label --srcsubject fsaverage --srclabel /out/sourcedata/freesurfer/fsaverage/label/lh.V1_exvivo.thresh.label --trgsubject sub-v2s9x29159_ses-1 --trglabel ./lh.V1_exvivo.thresh.label --hemi lh --regmethod surface 


srclabel = /out/sourcedata/freesurfer/fsaverage/label/lh.V1_exvivo.thresh.label
srcsubject = fsaverage
trgsubject = sub-v2s9x29159_ses-1
trglabel = ./lh.V1_exvivo.thresh.label
regmethod = surface

srchemi = lh
trghemi = lh
trgsurface = white
srcsurfreg = sphere.reg
trgsurfreg = sphere.reg
usehash = 1
Use ProjAbs  = 0, 0
Use ProjFrac = 0, 0
DoPaint 0

SUBJECTS_DIR    /out/sourcedata/freesurfer
FREESURFER_HOME /opt/freesurfer
Loading source label.
Found 3405 points in source label.
Starting surface-based mapping
Reading source registration 
 /out/sourcedata/freesurfer/fsaverage/surf/lh.sphere.reg
Rescaling ...  original radius = 100
Reading target surface 
 /out/sourcedata/freesurfer/sub-v2s9x29159_ses-1/surf/lh.white
Reading target registration 
 /out/sourcedata/freesurfer/sub-v2s9x29159_ses-1/surf/lh.sphere.reg
Rescaling ...  original radius = 100
Building target registration hash (res=16).
Building source registration hash (res=16).
INFO: found  3405 nlabel points
Performing mapping from target back to the source label 117763
Number of reverse mapping hits = 323
Checking for and removing duplicates
Writing label file ./lh.V1_exvivo.thresh.label 3728
mri_label2label: Done


 mri_label2label --srcsubject fsaverage --srclabel /out/sourcedata/freesurfer/fsaverage/label/lh.V2_exvivo.thresh.label --trgsubject sub-v2s9x29159_ses-1 --trglabel ./lh.V2_exvivo.thresh.label --hemi lh --regmethod surface 


srclabel = /out/sourcedata/freesurfer/fsaverage/label/lh.V2_exvivo.thresh.label
srcsubject = fsaverage
trgsubject = sub-v2s9x29159_ses-1
trglabel = ./lh.V2_exvivo.thresh.label
regmethod = surface

srchemi = lh
trghemi = lh
trgsurface = white
srcsurfreg = sphere.reg
trgsurfreg = sphere.reg
usehash = 1
Use ProjAbs  = 0, 0
Use ProjFrac = 0, 0
DoPaint 0

SUBJECTS_DIR    /out/sourcedata/freesurfer
FREESURFER_HOME /opt/freesurfer
Loading source label.
Found 3334 points in source label.
Starting surface-based mapping
Reading source registration 
 /out/sourcedata/freesurfer/fsaverage/surf/lh.sphere.reg
Rescaling ...  original radius = 100
Reading target surface 
 /out/sourcedata/freesurfer/sub-v2s9x29159_ses-1/surf/lh.white
Reading target registration 
 /out/sourcedata/freesurfer/sub-v2s9x29159_ses-1/surf/lh.sphere.reg
Rescaling ...  original radius = 100
Building target registration hash (res=16).
Building source registration hash (res=16).
INFO: found  3334 nlabel points
Performing mapping from target back to the source label 117763
Number of reverse mapping hits = 752
Checking for and removing duplicates
Writing label file ./lh.V2_exvivo.thresh.label 4086
mri_label2label: Done


 mri_label2label --srcsubject fsaverage --srclabel /out/sourcedata/freesurfer/fsaverage/label/lh.MT_exvivo.thresh.label --trgsubject sub-v2s9x29159_ses-1 --trglabel ./lh.MT_exvivo.thresh.label --hemi lh --regmethod surface 


srclabel = /out/sourcedata/freesurfer/fsaverage/label/lh.MT_exvivo.thresh.label
srcsubject = fsaverage
trgsubject = sub-v2s9x29159_ses-1
trglabel = ./lh.MT_exvivo.thresh.label
regmethod = surface

srchemi = lh
trghemi = lh
trgsurface = white
srcsurfreg = sphere.reg
trgsurfreg = sphere.reg
usehash = 1
Use ProjAbs  = 0, 0
Use ProjFrac = 0, 0
DoPaint 0

SUBJECTS_DIR    /out/sourcedata/freesurfer
FREESURFER_HOME /opt/freesurfer
Loading source label.
Found 513 points in source label.
Starting surface-based mapping
Reading source registration 
 /out/sourcedata/freesurfer/fsaverage/surf/lh.sphere.reg
Rescaling ...  original radius = 100
Reading target surface 
 /out/sourcedata/freesurfer/sub-v2s9x29159_ses-1/surf/lh.white
Reading target registration 
 /out/sourcedata/freesurfer/sub-v2s9x29159_ses-1/surf/lh.sphere.reg
Rescaling ...  original radius = 100
Building target registration hash (res=16).
Building source registration hash (res=16).
INFO: found  513 nlabel points
Performing mapping from target back to the source label 117763
Number of reverse mapping hits = 32
Checking for and removing duplicates
Writing label file ./lh.MT_exvivo.thresh.label 545
mri_label2label: Done


 mri_label2label --srcsubject fsaverage --srclabel /out/sourcedata/freesurfer/fsaverage/label/lh.entorhinal_exvivo.thresh.label --trgsubject sub-v2s9x29159_ses-1 --trglabel ./lh.entorhinal_exvivo.thresh.label --hemi lh --regmethod surface 


srclabel = /out/sourcedata/freesurfer/fsaverage/label/lh.entorhinal_exvivo.thresh.label
srcsubject = fsaverage
trgsubject = sub-v2s9x29159_ses-1
trglabel = ./lh.entorhinal_exvivo.thresh.label
regmethod = surface

srchemi = lh
trghemi = lh
trgsurface = white
srcsurfreg = sphere.reg
trgsurfreg = sphere.reg
usehash = 1
Use ProjAbs  = 0, 0
Use ProjFrac = 0, 0
DoPaint 0

SUBJECTS_DIR    /out/sourcedata/freesurfer
FREESURFER_HOME /opt/freesurfer
Loading source label.
Found 470 points in source label.
Starting surface-based mapping
Reading source registration 
 /out/sourcedata/freesurfer/fsaverage/surf/lh.sphere.reg
Rescaling ...  original radius = 100
Reading target surface 
 /out/sourcedata/freesurfer/sub-v2s9x29159_ses-1/surf/lh.white
Reading target registration 
 /out/sourcedata/freesurfer/sub-v2s9x29159_ses-1/surf/lh.sphere.reg
Rescaling ...  original radius = 100
Building target registration hash (res=16).
Building source registration hash (res=16).
INFO: found  470 nlabel points
Performing mapping from target back to the source label 117763
Number of reverse mapping hits = 11
Checking for and removing duplicates
Writing label file ./lh.entorhinal_exvivo.thresh.label 481
mri_label2label: Done


 mri_label2label --srcsubject fsaverage --srclabel /out/sourcedata/freesurfer/fsaverage/label/lh.perirhinal_exvivo.thresh.label --trgsubject sub-v2s9x29159_ses-1 --trglabel ./lh.perirhinal_exvivo.thresh.label --hemi lh --regmethod surface 


srclabel = /out/sourcedata/freesurfer/fsaverage/label/lh.perirhinal_exvivo.thresh.label
srcsubject = fsaverage
trgsubject = sub-v2s9x29159_ses-1
trglabel = ./lh.perirhinal_exvivo.thresh.label
regmethod = surface

srchemi = lh
trghemi = lh
trgsurface = white
srcsurfreg = sphere.reg
trgsurfreg = sphere.reg
usehash = 1
Use ProjAbs  = 0, 0
Use ProjFrac = 0, 0
DoPaint 0

SUBJECTS_DIR    /out/sourcedata/freesurfer
FREESURFER_HOME /opt/freesurfer
Loading source label.
Found 450 points in source label.
Starting surface-based mapping
Reading source registration 
 /out/sourcedata/freesurfer/fsaverage/surf/lh.sphere.reg
Rescaling ...  original radius = 100
Reading target surface 
 /out/sourcedata/freesurfer/sub-v2s9x29159_ses-1/surf/lh.white
Reading target registration 
 /out/sourcedata/freesurfer/sub-v2s9x29159_ses-1/surf/lh.sphere.reg
Rescaling ...  original radius = 100
Building target registration hash (res=16).
Building source registration hash (res=16).
INFO: found  450 nlabel points
Performing mapping from target back to the source label 117763
Number of reverse mapping hits = 8
Checking for and removing duplicates
Writing label file ./lh.perirhinal_exvivo.thresh.label 458
mri_label2label: Done


 mris_label2annot --s sub-v2s9x29159_ses-1 --hemi lh --ctab /opt/freesurfer/average/colortable_BA.txt --l lh.BA1_exvivo.label --l lh.BA2_exvivo.label --l lh.BA3a_exvivo.label --l lh.BA3b_exvivo.label --l lh.BA4a_exvivo.label --l lh.BA4p_exvivo.label --l lh.BA6_exvivo.label --l lh.BA44_exvivo.label --l lh.BA45_exvivo.label --l lh.V1_exvivo.label --l lh.V2_exvivo.label --l lh.MT_exvivo.label --l lh.perirhinal_exvivo.label --l lh.entorhinal_exvivo.label --a BA_exvivo --maxstatwinner --noverbose 

Reading ctab /opt/freesurfer/average/colortable_BA.txt
Number of ctab entries 15

7.3.2
cwd /out/sourcedata/freesurfer/sub-v2s9x29159_ses-1/label
cmdline mris_label2annot --s sub-v2s9x29159_ses-1 --hemi lh --ctab /opt/freesurfer/average/colortable_BA.txt --l lh.BA1_exvivo.label --l lh.BA2_exvivo.label --l lh.BA3a_exvivo.label --l lh.BA3b_exvivo.label --l lh.BA4a_exvivo.label --l lh.BA4p_exvivo.label --l lh.BA6_exvivo.label --l lh.BA44_exvivo.label --l lh.BA45_exvivo.label --l lh.V1_exvivo.label --l lh.V2_exvivo.label --l lh.MT_exvivo.label --l lh.perirhinal_exvivo.label --l lh.entorhinal_exvivo.label --a BA_exvivo --maxstatwinner --noverbose 
sysname  Linux
hostname dna073
machine  x86_64
user     oesteban

subject sub-v2s9x29159_ses-1
hemi    lh
SUBJECTS_DIR /out/sourcedata/freesurfer
ColorTable /opt/freesurfer/average/colortable_BA.txt
AnnotName  BA_exvivo
nlables 14
LabelThresh 0 0.000000
Loading /out/sourcedata/freesurfer/sub-v2s9x29159_ses-1/surf/lh.orig
 1 1530880 BA1_exvivo
 2 16749699 BA2_exvivo
 3 16711680 BA3a_exvivo
 4 3368703 BA3b_exvivo
 5 1376196 BA4a_exvivo
 6 13382655 BA4p_exvivo
 7 10036737 BA6_exvivo
 8 2490521 BA44_exvivo
 9 39283 BA45_exvivo
10 3993 V1_exvivo
11 8508928 V2_exvivo
12 10027163 MT_exvivo
13 16422433 perirhinal_exvivo
14 16392598 entorhinal_exvivo
Mapping unhit to unknown
Found 82219 unhit vertices
Writing annot to /out/sourcedata/freesurfer/sub-v2s9x29159_ses-1/label/lh.BA_exvivo.annot

 mris_label2annot --s sub-v2s9x29159_ses-1 --hemi lh --ctab /opt/freesurfer/average/colortable_BA.txt --l lh.BA1_exvivo.thresh.label --l lh.BA2_exvivo.thresh.label --l lh.BA3a_exvivo.thresh.label --l lh.BA3b_exvivo.thresh.label --l lh.BA4a_exvivo.thresh.label --l lh.BA4p_exvivo.thresh.label --l lh.BA6_exvivo.thresh.label --l lh.BA44_exvivo.thresh.label --l lh.BA45_exvivo.thresh.label --l lh.V1_exvivo.thresh.label --l lh.V2_exvivo.thresh.label --l lh.MT_exvivo.thresh.label --l lh.perirhinal_exvivo.thresh.label --l lh.entorhinal_exvivo.thresh.label --a BA_exvivo.thresh --maxstatwinner --noverbose 

Reading ctab /opt/freesurfer/average/colortable_BA.txt
Number of ctab entries 15

7.3.2
cwd /out/sourcedata/freesurfer/sub-v2s9x29159_ses-1/label
cmdline mris_label2annot --s sub-v2s9x29159_ses-1 --hemi lh --ctab /opt/freesurfer/average/colortable_BA.txt --l lh.BA1_exvivo.thresh.label --l lh.BA2_exvivo.thresh.label --l lh.BA3a_exvivo.thresh.label --l lh.BA3b_exvivo.thresh.label --l lh.BA4a_exvivo.thresh.label --l lh.BA4p_exvivo.thresh.label --l lh.BA6_exvivo.thresh.label --l lh.BA44_exvivo.thresh.label --l lh.BA45_exvivo.thresh.label --l lh.V1_exvivo.thresh.label --l lh.V2_exvivo.thresh.label --l lh.MT_exvivo.thresh.label --l lh.perirhinal_exvivo.thresh.label --l lh.entorhinal_exvivo.thresh.label --a BA_exvivo.thresh --maxstatwinner --noverbose 
sysname  Linux
hostname dna073
machine  x86_64
user     oesteban

subject sub-v2s9x29159_ses-1
hemi    lh
SUBJECTS_DIR /out/sourcedata/freesurfer
ColorTable /opt/freesurfer/average/colortable_BA.txt
AnnotName  BA_exvivo.thresh
nlables 14
LabelThresh 0 0.000000
Loading /out/sourcedata/freesurfer/sub-v2s9x29159_ses-1/surf/lh.orig
 1 1530880 BA1_exvivo
 2 16749699 BA2_exvivo
 3 16711680 BA3a_exvivo
 4 3368703 BA3b_exvivo
 5 1376196 BA4a_exvivo
 6 13382655 BA4p_exvivo
 7 10036737 BA6_exvivo
 8 2490521 BA44_exvivo
 9 39283 BA45_exvivo
10 3993 V1_exvivo
11 8508928 V2_exvivo
12 10027163 MT_exvivo
13 16422433 perirhinal_exvivo
14 16392598 entorhinal_exvivo
Mapping unhit to unknown
Found 97454 unhit vertices
Writing annot to /out/sourcedata/freesurfer/sub-v2s9x29159_ses-1/label/lh.BA_exvivo.thresh.annot

 mris_anatomical_stats -th3 -mgz -noglobal -f ../stats/lh.BA_exvivo.stats -b -a ./lh.BA_exvivo.annot -c ./BA_exvivo.ctab sub-v2s9x29159_ses-1 lh white 

computing statistics for each annotation in ./lh.BA_exvivo.annot.
reading volume /out/sourcedata/freesurfer/sub-v2s9x29159_ses-1/mri/wm.mgz...
reading input surface /out/sourcedata/freesurfer/sub-v2s9x29159_ses-1/surf/lh.white...
reading input pial surface /out/sourcedata/freesurfer/sub-v2s9x29159_ses-1/surf/lh.pial...
reading input white surface /out/sourcedata/freesurfer/sub-v2s9x29159_ses-1/surf/lh.white...
INFO: using TH3 volume calc
INFO: assuming MGZ format for volumes.
INFO: not computing global stats
Using TH3 vertex volume calc
Total face volume 249284
Total vertex volume 249075 (mask=0)
Saving annotation colortable ./BA_exvivo.ctab

table columns are:
    number of vertices
    total surface area (mm^2)
    total gray matter volume (mm^3)
    average cortical thickness +- standard deviation (mm)
    integrated rectified mean curvature
    integrated rectified Gaussian curvature
    folding index
    intrinsic curvature index
    structure name

 1003    755   2668  2.582 0.664     0.163     0.037       19     1.6  BA1_exvivo
 4282   2976   8657  2.671 0.589     0.105     0.018       36     3.4  BA2_exvivo
  943    588    904  1.985 0.503     0.115     0.023        8     0.7  BA3a_exvivo
 2083   1536   4116  2.146 0.778     0.116     0.022       20     2.1  BA3b_exvivo
 1344    896   3305  2.978 0.542     0.105     0.022       10     1.3  BA4a_exvivo
 1069    688   1635  2.460 0.579     0.089     0.015        5     0.7  BA4p_exvivo
 8656   6054  22308  3.063 0.597     0.112     0.021       78     7.6  BA6_exvivo
 1490   1066   3680  2.724 0.596     0.116     0.023       17     1.3  BA44_exvivo
 1716   1370   3995  2.415 0.693     0.136     0.030       27     1.9  BA45_exvivo
 2801   2212   3538  1.708 0.511     0.172     0.046       43     5.4  V1_exvivo
 7209   5406  13185  2.250 0.604     0.154     0.035      104    10.9  V2_exvivo
 1751   1259   4199  2.852 0.490     0.124     0.026       22     1.8  MT_exvivo
  656    477   1904  3.233 0.692     0.119     0.024        6     0.7  perirhinal_exvivo
  541    344   1816  3.254 1.150     0.093     0.022        4     0.4  entorhinal_exvivo

 mris_anatomical_stats -th3 -mgz -f ../stats/lh.BA_exvivo.thresh.stats -noglobal -b -a ./lh.BA_exvivo.thresh.annot -c ./BA_exvivo.thresh.ctab sub-v2s9x29159_ses-1 lh white 

computing statistics for each annotation in ./lh.BA_exvivo.thresh.annot.
reading volume /out/sourcedata/freesurfer/sub-v2s9x29159_ses-1/mri/wm.mgz...
reading input surface /out/sourcedata/freesurfer/sub-v2s9x29159_ses-1/surf/lh.white...
reading input pial surface /out/sourcedata/freesurfer/sub-v2s9x29159_ses-1/surf/lh.pial...
reading input white surface /out/sourcedata/freesurfer/sub-v2s9x29159_ses-1/surf/lh.white...
INFO: using TH3 volume calc
INFO: assuming MGZ format for volumes.
INFO: not computing global stats
Using TH3 vertex volume calc
Total face volume 249284
Total vertex volume 249075 (mask=0)
Saving annotation colortable ./BA_exvivo.thresh.ctab

table columns are:
    number of vertices
    total surface area (mm^2)
    total gray matter volume (mm^3)
    average cortical thickness +- standard deviation (mm)
    integrated rectified mean curvature
    integrated rectified Gaussian curvature
    folding index
    intrinsic curvature index
    structure name

  626    491   1750  2.638 0.650     0.182     0.043       14     1.3  BA1_exvivo
 1587   1114   3446  2.748 0.555     0.099     0.017       14     1.1  BA2_exvivo
  781    483    672  1.905 0.374     0.119     0.023        6     0.6  BA3a_exvivo
 1293    901   1769  1.740 0.477     0.081     0.011        5     0.7  BA3b_exvivo
 1305    852   2996  2.898 0.534     0.096     0.019        7     1.1  BA4a_exvivo
  868    571   1249  2.333 0.522     0.094     0.017        5     0.6  BA4p_exvivo
 4672   3291  12005  2.967 0.602     0.118     0.022       46     4.3  BA6_exvivo
  884    656   2169  2.615 0.569     0.129     0.028       12     1.0  BA44_exvivo
  662    576   1765  2.443 0.716     0.151     0.035       12     1.0  BA45_exvivo
 2972   2356   3971  1.752 0.527     0.168     0.045       44     5.6  V1_exvivo
 3610   2876   6078  2.025 0.551     0.173     0.041       61     6.8  V2_exvivo
  428    317   1104  2.894 0.451     0.134     0.027        7     0.4  MT_exvivo
  275    201    816  3.318 0.621     0.114     0.021        2     0.3  perirhinal_exvivo
  346    223   1316  3.753 0.708     0.067     0.010        1     0.1  entorhinal_exvivo

Started at Sat Mar 14 12:43:36 CET 2026 
Ended   at Sat Mar 14 12:45:37 CET 2026
#@#%# recon-all-run-time-hours 0.034
recon-all -s sub-v2s9x29159_ses-1 finished without error at Sat Mar 14 12:45:37 CET 2026
