
Sat Mar 14 10:28:34 CET 2026
cd /out/sourcedata/freesurfer/sub-v2s9x29150_ses-1
setenv SUBJECTS_DIR /out/sourcedata/freesurfer
/opt/freesurfer/bin/recon-all -autorecon1 -i /work/fmriprep_25_2_wf/sub_v2s9x29150_ses_1_wf/anat_fit_wf/anat_validate/sub-v2s9x29150_ses-1_run-1_T1w_noise_corrected_ras_valid.nii.gz -noskullstrip -noT2pial -noFLAIRpial -openmp 16 -subjid sub-v2s9x29150_ses-1 -sd /out/sourcedata/freesurfer

subjid sub-v2s9x29150_ses-1
setenv SUBJECTS_DIR /out/sourcedata/freesurfer
FREESURFER_HOME /opt/freesurfer
Actual FREESURFER_HOME /opt/freesurfer
build-stamp.txt: freesurfer-linux-ubuntu22_x86_64-7.3.2-20220804-6354275
Linux dna032 5.14.0-427.37.1.el9_4.x86_64 #1 SMP PREEMPT_DYNAMIC Fri Sep 13 12:41:50 EDT 2024 x86_64 x86_64 x86_64 GNU/Linux
cputime      unlimited
filesize     unlimited
datasize     unlimited
stacksize    8192 kbytes
coredumpsize 0 kbytes
memoryuse    67108864 kbytes
vmemoryuse   unlimited
descriptors  1024 
memorylocked unlimited
maxproc      2061970 
maxlocks     unlimited
maxsignal    2061970 
maxmessage   819200 
maxnice      0 
maxrtprio    0 
maxrttime    unlimited

               total        used        free      shared  buff/cache   available
Mem:           503Gi        48Gi       311Gi       9.0Gi       142Gi       442Gi
Swap:             0B          0B          0B

########################################
program versions used
7.3.2 (freesurfer-linux-ubuntu22_x86_64-7.3.2-20220804-6354275)
7.3.2

ProgramName: lta_convert  ProgramArguments: lta_convert -all-info  ProgramVersion: 7.3.2  TimeStamp: 2026/03/14-09:28:35-GMT  BuildTime: Aug  4 2022 06:17:15  BuildStamp: freesurfer-linux-ubuntu22_x86_64-7.3.2-20220804-6354275  User: oesteban  Machine: dna032  Platform: Linux  PlatformVersion: 5.14.0-427.37.1.el9_4.x86_64  CompilerName: GCC  CompilerVersion: 8.4.0
ProgramName: mri_and  ProgramArguments: mri_and -all-info  ProgramVersion: 7.3.2  TimeStamp: 2026/03/14-09:28:35-GMT  BuildTime: Aug  4 2022 06:17:15  BuildStamp: freesurfer-linux-ubuntu22_x86_64-7.3.2-20220804-6354275  User: oesteban  Machine: dna032  Platform: Linux  PlatformVersion: 5.14.0-427.37.1.el9_4.x86_64  CompilerName: GCC  CompilerVersion: 8.4.0
ProgramName: mri_annotation2label  ProgramArguments: mri_annotation2label -all-info  ProgramVersion: 7.3.2  TimeStamp: 2026/03/14-09:28:35-GMT  BuildTime: Aug  4 2022 06:17:15  BuildStamp: freesurfer-linux-ubuntu22_x86_64-7.3.2-20220804-6354275  User: oesteban  Machine: dna032  Platform: Linux  PlatformVersion: 5.14.0-427.37.1.el9_4.x86_64  CompilerName: GCC  CompilerVersion: 8.4.0
ProgramName: mri_aparc2aseg  ProgramArguments: mri_aparc2aseg -all-info  ProgramVersion: 7.3.2  TimeStamp: 2026/03/14-09:28:35-GMT  BuildTime: Aug  4 2022 06:17:15  BuildStamp: freesurfer-linux-ubuntu22_x86_64-7.3.2-20220804-6354275  User: oesteban  Machine: dna032  Platform: Linux  PlatformVersion: 5.14.0-427.37.1.el9_4.x86_64  CompilerName: GCC  CompilerVersion: 8.4.0
ProgramName: mri_surf2volseg  ProgramArguments: mri_surf2volseg -all-info  ProgramVersion: 7.3.2  TimeStamp: 2026/03/14-09:28:35-GMT  BuildTime: Aug  4 2022 06:17:15  BuildStamp: freesurfer-linux-ubuntu22_x86_64-7.3.2-20220804-6354275  User: oesteban  Machine: dna032  Platform: Linux  PlatformVersion: 5.14.0-427.37.1.el9_4.x86_64  CompilerName: GCC  CompilerVersion: 8.4.0
ProgramName: mri_binarize  ProgramArguments: mri_binarize -all-info  ProgramVersion: 7.3.2  TimeStamp: 2026/03/14-09:28:35-GMT  BuildTime: Aug  4 2022 06:17:15  BuildStamp: freesurfer-linux-ubuntu22_x86_64-7.3.2-20220804-6354275  User: oesteban  Machine: dna032  Platform: Linux  PlatformVersion: 5.14.0-427.37.1.el9_4.x86_64  CompilerName: GCC  CompilerVersion: 8.4.0
ProgramName: mri_ca_label  ProgramArguments: mri_ca_label -all-info  ProgramVersion: 7.3.2  TimeStamp: 2026/03/14-09:28:35-GMT  BuildTime: Aug  4 2022 06:17:15  BuildStamp: freesurfer-linux-ubuntu22_x86_64-7.3.2-20220804-6354275  User: oesteban  Machine: dna032  Platform: Linux  PlatformVersion: 5.14.0-427.37.1.el9_4.x86_64  CompilerName: GCC  CompilerVersion: 8.4.0
ProgramName: mri_ca_normalize  ProgramArguments: mri_ca_normalize -all-info  ProgramVersion: 7.3.2  TimeStamp: 2026/03/14-09:28:35-GMT  BuildTime: Aug  4 2022 06:17:15  BuildStamp: freesurfer-linux-ubuntu22_x86_64-7.3.2-20220804-6354275  User: oesteban  Machine: dna032  Platform: Linux  PlatformVersion: 5.14.0-427.37.1.el9_4.x86_64  CompilerName: GCC  CompilerVersion: 8.4.0
ProgramName: mri_ca_register  ProgramArguments: mri_ca_register -all-info  ProgramVersion: 7.3.2  TimeStamp: 2026/03/14-09:28:35-GMT  BuildTime: Aug  4 2022 06:17:15  BuildStamp: freesurfer-linux-ubuntu22_x86_64-7.3.2-20220804-6354275  User: oesteban  Machine: dna032  Platform: Linux  PlatformVersion: 5.14.0-427.37.1.el9_4.x86_64  CompilerName: GCC  CompilerVersion: 8.4.0
ProgramName: mri_cc  ProgramArguments: mri_cc -all-info  ProgramVersion: 7.3.2  TimeStamp: 2026/03/14-09:28:35-GMT  BuildTime: Aug  4 2022 06:17:15  BuildStamp: freesurfer-linux-ubuntu22_x86_64-7.3.2-20220804-6354275  User: oesteban  Machine: dna032  Platform: Linux  PlatformVersion: 5.14.0-427.37.1.el9_4.x86_64  CompilerName: GCC  CompilerVersion: 8.4.0
ProgramName: mri_compute_overlap  ProgramArguments: mri_compute_overlap -all-info  ProgramVersion: 7.3.2  TimeStamp: 2026/03/14-09:28:35-GMT  BuildTime: Aug  4 2022 06:17:15  BuildStamp: freesurfer-linux-ubuntu22_x86_64-7.3.2-20220804-6354275  User: oesteban  Machine: dna032  Platform: Linux  PlatformVersion: 5.14.0-427.37.1.el9_4.x86_64  CompilerName: GCC  CompilerVersion: 8.4.0
ProgramName: mri_compute_seg_overlap  ProgramArguments: mri_compute_seg_overlap -all-info  ProgramVersion: 7.3.2  TimeStamp: 2026/03/14-09:28:35-GMT  BuildTime: Aug  4 2022 06:17:15  BuildStamp: freesurfer-linux-ubuntu22_x86_64-7.3.2-20220804-6354275  User: oesteban  Machine: dna032  Platform: Linux  PlatformVersion: 5.14.0-427.37.1.el9_4.x86_64  CompilerName: GCC  CompilerVersion: 8.4.0
ProgramName: mri_concat  ProgramArguments: mri_concat -all-info  ProgramVersion: 7.3.2  TimeStamp: 2026/03/14-09:28:35-GMT  BuildTime: Aug  4 2022 06:17:15  BuildStamp: freesurfer-linux-ubuntu22_x86_64-7.3.2-20220804-6354275  User: oesteban  Machine: dna032  Platform: Linux  PlatformVersion: 5.14.0-427.37.1.el9_4.x86_64  CompilerName: GCC  CompilerVersion: 8.4.0
ProgramName: mri_concatenate_lta  ProgramArguments: mri_concatenate_lta -all-info  ProgramVersion: 7.3.2  TimeStamp: 2026/03/14-09:28:35-GMT  BuildTime: Aug  4 2022 06:17:15  BuildStamp: freesurfer-linux-ubuntu22_x86_64-7.3.2-20220804-6354275  User: oesteban  Machine: dna032  Platform: Linux  PlatformVersion: 5.14.0-427.37.1.el9_4.x86_64  CompilerName: GCC  CompilerVersion: 8.4.0
mri_convert -all-info 
ProgramName: mri_convert  ProgramArguments: mri_convert -all-info  ProgramVersion: 7.3.2  TimeStamp: 2026/03/14-09:28:35-GMT  BuildTime: Aug  4 2022 06:17:15  BuildStamp: freesurfer-linux-ubuntu22_x86_64-7.3.2-20220804-6354275  User: oesteban  Machine: dna032  Platform: Linux  PlatformVersion: 5.14.0-427.37.1.el9_4.x86_64  CompilerName: GCC  CompilerVersion: 8.4.0
ProgramName: mri_diff  ProgramArguments: mri_diff -all-info  ProgramVersion: 7.3.2  TimeStamp: 2026/03/14-09:28:35-GMT  BuildTime: Aug  4 2022 06:17:15  BuildStamp: freesurfer-linux-ubuntu22_x86_64-7.3.2-20220804-6354275  User: oesteban  Machine: dna032  Platform: Linux  PlatformVersion: 5.14.0-427.37.1.el9_4.x86_64  CompilerName: GCC  CompilerVersion: 8.4.0
ProgramName: mri_edit_wm_with_aseg  ProgramArguments: mri_edit_wm_with_aseg -all-info  ProgramVersion: 7.3.2  TimeStamp: 2026/03/14-09:28:35-GMT  BuildTime: Aug  4 2022 06:17:15  BuildStamp: freesurfer-linux-ubuntu22_x86_64-7.3.2-20220804-6354275  User: oesteban  Machine: dna032  Platform: Linux  PlatformVersion: 5.14.0-427.37.1.el9_4.x86_64  CompilerName: GCC  CompilerVersion: 8.4.0
ProgramName: mri_em_register  ProgramArguments: mri_em_register -all-info  ProgramVersion: 7.3.2  TimeStamp: 2026/03/14-09:28:35-GMT  BuildTime: Aug  4 2022 06:17:15  BuildStamp: freesurfer-linux-ubuntu22_x86_64-7.3.2-20220804-6354275  User: oesteban  Machine: dna032  Platform: Linux  PlatformVersion: 5.14.0-427.37.1.el9_4.x86_64  CompilerName: GCC  CompilerVersion: 8.4.0
ProgramName: mri_fill  ProgramArguments: mri_fill -all-info  ProgramVersion: 7.3.2  TimeStamp: 2026/03/14-09:28:35-GMT  BuildTime: Aug  4 2022 06:17:15  BuildStamp: freesurfer-linux-ubuntu22_x86_64-7.3.2-20220804-6354275  User: oesteban  Machine: dna032  Platform: Linux  PlatformVersion: 5.14.0-427.37.1.el9_4.x86_64  CompilerName: GCC  CompilerVersion: 8.4.0
ProgramName: mri_fuse_segmentations  ProgramArguments: mri_fuse_segmentations -all-info  ProgramVersion: 7.3.2  TimeStamp: 2026/03/14-09:28:35-GMT  BuildTime: Aug  4 2022 06:17:15  BuildStamp: freesurfer-linux-ubuntu22_x86_64-7.3.2-20220804-6354275  User: oesteban  Machine: dna032  Platform: Linux  PlatformVersion: 5.14.0-427.37.1.el9_4.x86_64  CompilerName: GCC  CompilerVersion: 8.4.0
ProgramName: mri_fwhm  ProgramArguments: mri_fwhm -all-info  ProgramVersion: 7.3.2  TimeStamp: 2026/03/14-09:28:35-GMT  BuildTime: Aug  4 2022 06:17:15  BuildStamp: freesurfer-linux-ubuntu22_x86_64-7.3.2-20220804-6354275  User: oesteban  Machine: dna032  Platform: Linux  PlatformVersion: 5.14.0-427.37.1.el9_4.x86_64  CompilerName: GCC  CompilerVersion: 8.4.0
ProgramName: mri_gcut  ProgramArguments: mri_gcut -all-info  ProgramVersion: 7.3.2  TimeStamp: 2026/03/14-09:28:35-GMT  BuildTime: Aug  4 2022 06:17:15  BuildStamp: freesurfer-linux-ubuntu22_x86_64-7.3.2-20220804-6354275  User: oesteban  Machine: dna032  Platform: Linux  PlatformVersion: 5.14.0-427.37.1.el9_4.x86_64  CompilerName: GCC  CompilerVersion: 8.4.0
ProgramName: mri_info  ProgramArguments: mri_info -all-info  ProgramVersion: 7.3.2  TimeStamp: 2026/03/14-09:28:35-GMT  BuildTime: Aug  4 2022 06:17:15  BuildStamp: freesurfer-linux-ubuntu22_x86_64-7.3.2-20220804-6354275  User: oesteban  Machine: dna032  Platform: Linux  PlatformVersion: 5.14.0-427.37.1.el9_4.x86_64  CompilerName: GCC  CompilerVersion: 8.4.0
ProgramName: mri_label2label  ProgramArguments: mri_label2label -all-info  ProgramVersion: 7.3.2  TimeStamp: 2026/03/14-09:28:35-GMT  BuildTime: Aug  4 2022 06:17:15  BuildStamp: freesurfer-linux-ubuntu22_x86_64-7.3.2-20220804-6354275  User: oesteban  Machine: dna032  Platform: Linux  PlatformVersion: 5.14.0-427.37.1.el9_4.x86_64  CompilerName: GCC  CompilerVersion: 8.4.0
ProgramName: mri_label2vol  ProgramArguments: mri_label2vol -all-info  ProgramVersion: 7.3.2  TimeStamp: 2026/03/14-09:28:35-GMT  BuildTime: Aug  4 2022 06:17:15  BuildStamp: freesurfer-linux-ubuntu22_x86_64-7.3.2-20220804-6354275  User: oesteban  Machine: dna032  Platform: Linux  PlatformVersion: 5.14.0-427.37.1.el9_4.x86_64  CompilerName: GCC  CompilerVersion: 8.4.0
ProgramName: mri_log_likelihood  ProgramArguments: mri_log_likelihood -all-info  ProgramVersion: 7.3.2  TimeStamp: 2026/03/14-09:28:35-GMT  BuildTime: Aug  4 2022 06:17:15  BuildStamp: freesurfer-linux-ubuntu22_x86_64-7.3.2-20220804-6354275  User: oesteban  Machine: dna032  Platform: Linux  PlatformVersion: 5.14.0-427.37.1.el9_4.x86_64  CompilerName: GCC  CompilerVersion: 8.4.0
ProgramName: mri_mask  ProgramArguments: mri_mask -all-info  ProgramVersion: 7.3.2  TimeStamp: 2026/03/14-09:28:35-GMT  BuildTime: Aug  4 2022 06:17:15  BuildStamp: freesurfer-linux-ubuntu22_x86_64-7.3.2-20220804-6354275  User: oesteban  Machine: dna032  Platform: Linux  PlatformVersion: 5.14.0-427.37.1.el9_4.x86_64  CompilerName: GCC  CompilerVersion: 8.4.0
ProgramName: mri_matrix_multiply  ProgramArguments: mri_matrix_multiply -all-info  ProgramVersion: 7.3.2  TimeStamp: 2026/03/14-09:28:35-GMT  BuildTime: Aug  4 2022 06:17:15  BuildStamp: freesurfer-linux-ubuntu22_x86_64-7.3.2-20220804-6354275  User: oesteban  Machine: dna032  Platform: Linux  PlatformVersion: 5.14.0-427.37.1.el9_4.x86_64  CompilerName: GCC  CompilerVersion: 8.4.0
ProgramName: mri_normalize  ProgramArguments: mri_normalize -all-info  ProgramVersion: 7.3.2  TimeStamp: 2026/03/14-09:28:35-GMT  BuildTime: Aug  4 2022 06:17:15  BuildStamp: freesurfer-linux-ubuntu22_x86_64-7.3.2-20220804-6354275  User: oesteban  Machine: dna032  Platform: Linux  PlatformVersion: 5.14.0-427.37.1.el9_4.x86_64  CompilerName: GCC  CompilerVersion: 8.4.0
ProgramName: mri_normalize_tp2  ProgramArguments: mri_normalize_tp2 -all-info  ProgramVersion: 7.3.2  TimeStamp: 2026/03/14-09:28:35-GMT  BuildTime: Aug  4 2022 06:17:15  BuildStamp: freesurfer-linux-ubuntu22_x86_64-7.3.2-20220804-6354275  User: oesteban  Machine: dna032  Platform: Linux  PlatformVersion: 5.14.0-427.37.1.el9_4.x86_64  CompilerName: GCC  CompilerVersion: 8.4.0
ProgramName: mri_or  ProgramArguments: mri_or -all-info  ProgramVersion: 7.3.2  TimeStamp: 2026/03/14-09:28:35-GMT  BuildTime: Aug  4 2022 06:17:15  BuildStamp: freesurfer-linux-ubuntu22_x86_64-7.3.2-20220804-6354275  User: oesteban  Machine: dna032  Platform: Linux  PlatformVersion: 5.14.0-427.37.1.el9_4.x86_64  CompilerName: GCC  CompilerVersion: 8.4.0
ProgramName: mri_relabel_hypointensities  ProgramArguments: mri_relabel_hypointensities -all-info  ProgramVersion: 7.3.2  TimeStamp: 2026/03/14-09:28:35-GMT  BuildTime: Aug  4 2022 06:17:15  BuildStamp: freesurfer-linux-ubuntu22_x86_64-7.3.2-20220804-6354275  User: oesteban  Machine: dna032  Platform: Linux  PlatformVersion: 5.14.0-427.37.1.el9_4.x86_64  CompilerName: GCC  CompilerVersion: 8.4.0
ProgramName: mri_relabel_nonwm_hypos  ProgramArguments: mri_relabel_nonwm_hypos -all-info  ProgramVersion: 7.3.2  TimeStamp: 2026/03/14-09:28:35-GMT  BuildTime: Aug  4 2022 06:17:15  BuildStamp: freesurfer-linux-ubuntu22_x86_64-7.3.2-20220804-6354275  User: oesteban  Machine: dna032  Platform: Linux  PlatformVersion: 5.14.0-427.37.1.el9_4.x86_64  CompilerName: GCC  CompilerVersion: 8.4.0
ProgramName: mri_remove_neck  ProgramArguments: mri_remove_neck -all-info  ProgramVersion: 7.3.2  TimeStamp: 2026/03/14-09:28:35-GMT  BuildTime: Aug  4 2022 06:17:15  BuildStamp: freesurfer-linux-ubuntu22_x86_64-7.3.2-20220804-6354275  User: oesteban  Machine: dna032  Platform: Linux  PlatformVersion: 5.14.0-427.37.1.el9_4.x86_64  CompilerName: GCC  CompilerVersion: 8.4.0
7.3.2

ProgramName: mri_robust_register  ProgramArguments: mri_robust_register -all-info  ProgramVersion: 7.3.2  TimeStamp: 2026/03/14-09:28:35-GMT  BuildTime: Aug  4 2022 06:17:15  BuildStamp: freesurfer-linux-ubuntu22_x86_64-7.3.2-20220804-6354275  User: oesteban  Machine: dna032  Platform: Linux  PlatformVersion: 5.14.0-427.37.1.el9_4.x86_64  CompilerName: GCC  CompilerVersion: 8.4.0
7.3.2

ProgramName: mri_robust_template  ProgramArguments: mri_robust_template -all-info  ProgramVersion: 7.3.2  TimeStamp: 2026/03/14-09:28:35-GMT  BuildTime: Aug  4 2022 06:17:15  BuildStamp: freesurfer-linux-ubuntu22_x86_64-7.3.2-20220804-6354275  User: oesteban  Machine: dna032  Platform: Linux  PlatformVersion: 5.14.0-427.37.1.el9_4.x86_64  CompilerName: GCC  CompilerVersion: 8.4.0
ProgramName: mris_anatomical_stats  ProgramArguments: mris_anatomical_stats -all-info  ProgramVersion: 7.3.2  TimeStamp: 2026/03/14-09:28:35-GMT  BuildTime: Aug  4 2022 06:17:15  BuildStamp: freesurfer-linux-ubuntu22_x86_64-7.3.2-20220804-6354275  User: oesteban  Machine: dna032  Platform: Linux  PlatformVersion: 5.14.0-427.37.1.el9_4.x86_64  CompilerName: GCC  CompilerVersion: 8.4.0
ProgramName: mris_ca_label  ProgramArguments: mris_ca_label -all-info  ProgramVersion: 7.3.2  TimeStamp: 2026/03/14-09:28:35-GMT  BuildTime: Aug  4 2022 06:17:15  BuildStamp: freesurfer-linux-ubuntu22_x86_64-7.3.2-20220804-6354275  User: oesteban  Machine: dna032  Platform: Linux  PlatformVersion: 5.14.0-427.37.1.el9_4.x86_64  CompilerName: GCC  CompilerVersion: 8.4.0
ProgramName: mris_calc  ProgramArguments: mris_calc -all-info  ProgramVersion: 7.3.2  TimeStamp: 2026/03/14-09:28:35-GMT  BuildTime: Aug  4 2022 06:17:15  BuildStamp: freesurfer-linux-ubuntu22_x86_64-7.3.2-20220804-6354275  User: oesteban  Machine: dna032  Platform: Linux  PlatformVersion: 5.14.0-427.37.1.el9_4.x86_64  CompilerName: GCC  CompilerVersion: 8.4.0
ProgramName: mris_convert  ProgramArguments: mris_convert -all-info  ProgramVersion: 7.3.2  TimeStamp: 2026/03/14-09:28:35-GMT  BuildTime: Aug  4 2022 06:17:15  BuildStamp: freesurfer-linux-ubuntu22_x86_64-7.3.2-20220804-6354275  User: oesteban  Machine: dna032  Platform: Linux  PlatformVersion: 5.14.0-427.37.1.el9_4.x86_64  CompilerName: GCC  CompilerVersion: 8.4.0
ProgramName: mris_curvature  ProgramArguments: mris_curvature -all-info  ProgramVersion: 7.3.2  TimeStamp: 2026/03/14-09:28:35-GMT  BuildTime: Aug  4 2022 06:17:15  BuildStamp: freesurfer-linux-ubuntu22_x86_64-7.3.2-20220804-6354275  User: oesteban  Machine: dna032  Platform: Linux  PlatformVersion: 5.14.0-427.37.1.el9_4.x86_64  CompilerName: GCC  CompilerVersion: 8.4.0
ProgramName: mris_curvature_stats  ProgramArguments: mris_curvature_stats -all-info  ProgramVersion: 7.3.2  TimeStamp: 2026/03/14-09:28:35-GMT  BuildTime: Aug  4 2022 06:17:15  BuildStamp: freesurfer-linux-ubuntu22_x86_64-7.3.2-20220804-6354275  User: oesteban  Machine: dna032  Platform: Linux  PlatformVersion: 5.14.0-427.37.1.el9_4.x86_64  CompilerName: GCC  CompilerVersion: 8.4.0
ProgramName: mris_diff  ProgramArguments: mris_diff -all-info  ProgramVersion: 7.3.2  TimeStamp: 2026/03/14-09:28:35-GMT  BuildTime: Aug  4 2022 06:17:15  BuildStamp: freesurfer-linux-ubuntu22_x86_64-7.3.2-20220804-6354275  User: oesteban  Machine: dna032  Platform: Linux  PlatformVersion: 5.14.0-427.37.1.el9_4.x86_64  CompilerName: GCC  CompilerVersion: 8.4.0
ProgramName: mris_divide_parcellation  ProgramArguments: mris_divide_parcellation -all-info  ProgramVersion: 7.3.2  TimeStamp: 2026/03/14-09:28:35-GMT  BuildTime: Aug  4 2022 06:17:15  BuildStamp: freesurfer-linux-ubuntu22_x86_64-7.3.2-20220804-6354275  User: oesteban  Machine: dna032  Platform: Linux  PlatformVersion: 5.14.0-427.37.1.el9_4.x86_64  CompilerName: GCC  CompilerVersion: 8.4.0
ProgramName: mri_segment  ProgramArguments: mri_segment -all-info  ProgramVersion: 7.3.2  TimeStamp: 2026/03/14-09:28:35-GMT  BuildTime: Aug  4 2022 06:17:15  BuildStamp: freesurfer-linux-ubuntu22_x86_64-7.3.2-20220804-6354275  User: oesteban  Machine: dna032  Platform: Linux  PlatformVersion: 5.14.0-427.37.1.el9_4.x86_64  CompilerName: GCC  CompilerVersion: 8.4.0
ProgramName: mri_segstats  ProgramArguments: mri_segstats -all-info  ProgramVersion: 7.3.2  TimeStamp: 2026/03/14-09:28:35-GMT  BuildTime: Aug  4 2022 06:17:15  BuildStamp: freesurfer-linux-ubuntu22_x86_64-7.3.2-20220804-6354275  User: oesteban  Machine: dna032  Platform: Linux  PlatformVersion: 5.14.0-427.37.1.el9_4.x86_64  CompilerName: GCC  CompilerVersion: 8.4.0
ProgramName: mris_euler_number  ProgramArguments: mris_euler_number -all-info  ProgramVersion: 7.3.2  TimeStamp: 2026/03/14-09:28:35-GMT  BuildTime: Aug  4 2022 06:17:15  BuildStamp: freesurfer-linux-ubuntu22_x86_64-7.3.2-20220804-6354275  User: oesteban  Machine: dna032  Platform: Linux  PlatformVersion: 5.14.0-427.37.1.el9_4.x86_64  CompilerName: GCC  CompilerVersion: 8.4.0
ProgramName: mris_fix_topology  ProgramArguments: mris_fix_topology -all-info  ProgramVersion: 7.3.2  TimeStamp: 2026/03/14-09:28:35-GMT  BuildTime: Aug  4 2022 06:17:15  BuildStamp: freesurfer-linux-ubuntu22_x86_64-7.3.2-20220804-6354275  User: oesteban  Machine: dna032  Platform: Linux  PlatformVersion: 5.14.0-427.37.1.el9_4.x86_64  CompilerName: GCC  CompilerVersion: 8.4.0
ProgramName: mris_topo_fixer  ProgramArguments: mris_topo_fixer -all-info  ProgramVersion: 7.3.2  TimeStamp: 2026/03/14-09:28:35-GMT  BuildTime: Aug  4 2022 06:17:15  BuildStamp: freesurfer-linux-ubuntu22_x86_64-7.3.2-20220804-6354275  User: oesteban  Machine: dna032  Platform: Linux  PlatformVersion: 5.14.0-427.37.1.el9_4.x86_64  CompilerName: GCC  CompilerVersion: 8.4.0
ProgramName: mris_jacobian  ProgramArguments: mris_jacobian -all-info  ProgramVersion: 7.3.2  TimeStamp: 2026/03/14-09:28:35-GMT  BuildTime: Aug  4 2022 06:17:15  BuildStamp: freesurfer-linux-ubuntu22_x86_64-7.3.2-20220804-6354275  User: oesteban  Machine: dna032  Platform: Linux  PlatformVersion: 5.14.0-427.37.1.el9_4.x86_64  CompilerName: GCC  CompilerVersion: 8.4.0
ProgramName: mris_label2annot  ProgramArguments: mris_label2annot -all-info  ProgramVersion: 7.3.2  TimeStamp: 2026/03/14-09:28:35-GMT  BuildTime: Aug  4 2022 06:17:15  BuildStamp: freesurfer-linux-ubuntu22_x86_64-7.3.2-20220804-6354275  User: oesteban  Machine: dna032  Platform: Linux  PlatformVersion: 5.14.0-427.37.1.el9_4.x86_64  CompilerName: GCC  CompilerVersion: 8.4.0
ProgramName: mris_left_right_register  ProgramArguments: mris_left_right_register -all-info  ProgramVersion: 7.3.2  TimeStamp: 2026/03/14-09:28:35-GMT  BuildTime: Aug  4 2022 06:17:15  BuildStamp: freesurfer-linux-ubuntu22_x86_64-7.3.2-20220804-6354275  User: oesteban  Machine: dna032  Platform: Linux  PlatformVersion: 5.14.0-427.37.1.el9_4.x86_64  CompilerName: GCC  CompilerVersion: 8.4.0
ProgramName: mris_place_surface  ProgramArguments: mris_place_surface -all-info  ProgramVersion: 7.3.2  TimeStamp: 2026/03/14-09:28:35-GMT  BuildTime: Aug  4 2022 06:17:15  BuildStamp: freesurfer-linux-ubuntu22_x86_64-7.3.2-20220804-6354275  User: oesteban  Machine: dna032  Platform: Linux  PlatformVersion: 5.14.0-427.37.1.el9_4.x86_64  CompilerName: GCC  CompilerVersion: 8.4.0
ProgramName: mrisp_paint  ProgramArguments: mrisp_paint -all-info  ProgramVersion: 7.3.2  TimeStamp: 2026/03/14-09:28:35-GMT  BuildTime: Aug  4 2022 06:17:15  BuildStamp: freesurfer-linux-ubuntu22_x86_64-7.3.2-20220804-6354275  User: oesteban  Machine: dna032  Platform: Linux  PlatformVersion: 5.14.0-427.37.1.el9_4.x86_64  CompilerName: GCC  CompilerVersion: 8.4.0
ProgramName: mris_register  ProgramArguments: mris_register -all-info  ProgramVersion: 7.3.2  TimeStamp: 2026/03/14-09:28:35-GMT  BuildTime: Aug  4 2022 06:17:15  BuildStamp: freesurfer-linux-ubuntu22_x86_64-7.3.2-20220804-6354275  User: oesteban  Machine: dna032  Platform: Linux  PlatformVersion: 5.14.0-427.37.1.el9_4.x86_64  CompilerName: GCC  CompilerVersion: 8.4.0
ProgramName: mris_smooth  ProgramArguments: mris_smooth -all-info  ProgramVersion: 7.3.2  TimeStamp: 2026/03/14-09:28:35-GMT  BuildTime: Aug  4 2022 06:17:15  BuildStamp: freesurfer-linux-ubuntu22_x86_64-7.3.2-20220804-6354275  User: oesteban  Machine: dna032  Platform: Linux  PlatformVersion: 5.14.0-427.37.1.el9_4.x86_64  CompilerName: GCC  CompilerVersion: 8.4.0
ProgramName: mris_sphere  ProgramArguments: mris_sphere -all-info  ProgramVersion: 7.3.2  TimeStamp: 2026/03/14-09:28:35-GMT  BuildTime: Aug  4 2022 06:17:15  BuildStamp: freesurfer-linux-ubuntu22_x86_64-7.3.2-20220804-6354275  User: oesteban  Machine: dna032  Platform: Linux  PlatformVersion: 5.14.0-427.37.1.el9_4.x86_64  CompilerName: GCC  CompilerVersion: 8.4.0
ProgramName: mris_surface_stats  ProgramArguments: mris_surface_stats -all-info  ProgramVersion: 7.3.2  TimeStamp: 2026/03/14-09:28:35-GMT  BuildTime: Aug  4 2022 06:17:15  BuildStamp: freesurfer-linux-ubuntu22_x86_64-7.3.2-20220804-6354275  User: oesteban  Machine: dna032  Platform: Linux  PlatformVersion: 5.14.0-427.37.1.el9_4.x86_64  CompilerName: GCC  CompilerVersion: 8.4.0
ProgramName: mri_stats2seg  ProgramArguments: mri_stats2seg -all-info  ProgramVersion: 7.3.2  TimeStamp: 2026/03/14-09:28:35-GMT  BuildTime: Aug  4 2022 06:17:15  BuildStamp: freesurfer-linux-ubuntu22_x86_64-7.3.2-20220804-6354275  User: oesteban  Machine: dna032  Platform: Linux  PlatformVersion: 5.14.0-427.37.1.el9_4.x86_64  CompilerName: GCC  CompilerVersion: 8.4.0
ProgramName: mris_thickness  ProgramArguments: mris_thickness -all-info  ProgramVersion: 7.3.2  TimeStamp: 2026/03/14-09:28:35-GMT  BuildTime: Aug  4 2022 06:17:15  BuildStamp: freesurfer-linux-ubuntu22_x86_64-7.3.2-20220804-6354275  User: oesteban  Machine: dna032  Platform: Linux  PlatformVersion: 5.14.0-427.37.1.el9_4.x86_64  CompilerName: GCC  CompilerVersion: 8.4.0
ProgramName: mris_thickness_diff  ProgramArguments: mris_thickness_diff -all-info  ProgramVersion: 7.3.2  TimeStamp: 2026/03/14-09:28:35-GMT  BuildTime: Aug  4 2022 06:17:15  BuildStamp: freesurfer-linux-ubuntu22_x86_64-7.3.2-20220804-6354275  User: oesteban  Machine: dna032  Platform: Linux  PlatformVersion: 5.14.0-427.37.1.el9_4.x86_64  CompilerName: GCC  CompilerVersion: 8.4.0
ProgramName: mris_topo_fixer  ProgramArguments: mris_topo_fixer -all-info  ProgramVersion: 7.3.2  TimeStamp: 2026/03/14-09:28:35-GMT  BuildTime: Aug  4 2022 06:17:15  BuildStamp: freesurfer-linux-ubuntu22_x86_64-7.3.2-20220804-6354275  User: oesteban  Machine: dna032  Platform: Linux  PlatformVersion: 5.14.0-427.37.1.el9_4.x86_64  CompilerName: GCC  CompilerVersion: 8.4.0
ProgramName: mri_surf2surf  ProgramArguments: mri_surf2surf -all-info  ProgramVersion: 7.3.2  TimeStamp: 2026/03/14-09:28:35-GMT  BuildTime: Aug  4 2022 06:17:15  BuildStamp: freesurfer-linux-ubuntu22_x86_64-7.3.2-20220804-6354275  User: oesteban  Machine: dna032  Platform: Linux  PlatformVersion: 5.14.0-427.37.1.el9_4.x86_64  CompilerName: GCC  CompilerVersion: 8.4.0
ProgramName: mri_surf2vol  ProgramArguments: mri_surf2vol -all-info  ProgramVersion: 7.3.2  TimeStamp: 2026/03/14-09:28:35-GMT  BuildTime: Aug  4 2022 06:17:15  BuildStamp: freesurfer-linux-ubuntu22_x86_64-7.3.2-20220804-6354275  User: oesteban  Machine: dna032  Platform: Linux  PlatformVersion: 5.14.0-427.37.1.el9_4.x86_64  CompilerName: GCC  CompilerVersion: 8.4.0
ProgramName: mri_surfcluster  ProgramArguments: mri_surfcluster -all-info  ProgramVersion: 7.3.2  TimeStamp: 2026/03/14-09:28:35-GMT  BuildTime: Aug  4 2022 06:17:15  BuildStamp: freesurfer-linux-ubuntu22_x86_64-7.3.2-20220804-6354275  User: oesteban  Machine: dna032  Platform: Linux  PlatformVersion: 5.14.0-427.37.1.el9_4.x86_64  CompilerName: GCC  CompilerVersion: 8.4.0
ProgramName: mris_volmask  ProgramArguments: mris_volmask -all-info  ProgramVersion: 7.3.2  TimeStamp: 2026/03/14-09:28:35-GMT  BuildTime: Aug  4 2022 06:17:15  BuildStamp: freesurfer-linux-ubuntu22_x86_64-7.3.2-20220804-6354275  User: oesteban  Machine: dna032  Platform: Linux  PlatformVersion: 5.14.0-427.37.1.el9_4.x86_64  CompilerName: GCC  CompilerVersion: 8.4.0
ProgramName: mri_tessellate  ProgramArguments: mri_tessellate -all-info  ProgramVersion: 7.3.2  TimeStamp: 2026/03/14-09:28:35-GMT  BuildTime: Aug  4 2022 06:17:15  BuildStamp: freesurfer-linux-ubuntu22_x86_64-7.3.2-20220804-6354275  User: oesteban  Machine: dna032  Platform: Linux  PlatformVersion: 5.14.0-427.37.1.el9_4.x86_64  CompilerName: GCC  CompilerVersion: 8.4.0
ProgramName: mri_vol2surf  ProgramArguments: mri_vol2surf -all-info  ProgramVersion: 7.3.2  TimeStamp: 2026/03/14-09:28:35-GMT  BuildTime: Aug  4 2022 06:17:15  BuildStamp: freesurfer-linux-ubuntu22_x86_64-7.3.2-20220804-6354275  User: oesteban  Machine: dna032  Platform: Linux  PlatformVersion: 5.14.0-427.37.1.el9_4.x86_64  CompilerName: GCC  CompilerVersion: 8.4.0
ProgramName: mri_vol2vol  ProgramArguments: mri_vol2vol -all-info  ProgramVersion: 7.3.2  TimeStamp: 2026/03/14-09:28:35-GMT  BuildTime: Aug  4 2022 06:17:15  BuildStamp: freesurfer-linux-ubuntu22_x86_64-7.3.2-20220804-6354275  User: oesteban  Machine: dna032  Platform: Linux  PlatformVersion: 5.14.0-427.37.1.el9_4.x86_64  CompilerName: GCC  CompilerVersion: 8.4.0
ProgramName: mri_voldiff  ProgramArguments: mri_voldiff -all-info  ProgramVersion: 7.3.2  TimeStamp: 2026/03/14-09:28:35-GMT  BuildTime: Aug  4 2022 06:17:15  BuildStamp: freesurfer-linux-ubuntu22_x86_64-7.3.2-20220804-6354275  User: oesteban  Machine: dna032  Platform: Linux  PlatformVersion: 5.14.0-427.37.1.el9_4.x86_64  CompilerName: GCC  CompilerVersion: 8.4.0
ProgramName: mri_watershed  ProgramArguments: mri_watershed -all-info  ProgramVersion: 7.3.2  TimeStamp: 2026/03/14-09:28:35-GMT  BuildTime: Aug  4 2022 06:17:15  BuildStamp: freesurfer-linux-ubuntu22_x86_64-7.3.2-20220804-6354275  User: oesteban  Machine: dna032  Platform: Linux  PlatformVersion: 5.14.0-427.37.1.el9_4.x86_64  CompilerName: GCC  CompilerVersion: 8.4.0
ProgramName: tkregister2  ProgramArguments: tkregister2_cmdl -all-info  ProgramVersion: 7.3.2  TimeStamp: 2026/03/14-09:28:35-GMT  BuildTime: Aug  4 2022 06:17:15  BuildStamp: freesurfer-linux-ubuntu22_x86_64-7.3.2-20220804-6354275  User: oesteban  Machine: dna032  Platform: Linux  PlatformVersion: 5.14.0-427.37.1.el9_4.x86_64  CompilerName: GCC  CompilerVersion: 8.4.0
mri_motion_correct.fsl 7.3.2
mri_convert -all-info 
ProgramName: mri_convert  ProgramArguments: mri_convert -all-info  ProgramVersion: 7.3.2  TimeStamp: 2026/03/14-09:28:35-GMT  BuildTime: Aug  4 2022 06:17:15  BuildStamp: freesurfer-linux-ubuntu22_x86_64-7.3.2-20220804-6354275  User: oesteban  Machine: dna032  Platform: Linux  PlatformVersion: 5.14.0-427.37.1.el9_4.x86_64  CompilerName: GCC  CompilerVersion: 8.4.0
Program nu_correct, built from:
Package MNI N3, version 1.12.0, compiled by nicks@terrier (x86_64-unknown-linux-gnu) on 2015-06-19 at 01:25:34
#######################################
GCADIR /opt/freesurfer/average
GCA RB_all_2020-01-02.gca
GCASkull RB_all_withskull_2020_01_02.gca
AvgCurvTif folding.atlas.acfb40.noaparc.i12.2016-08-02.tif
GCSDIR /opt/freesurfer/average
GCS DKaparc.atlas.acfb40.noaparc.i12.2016-08-02.gcs
#######################################
/out/sourcedata/freesurfer/sub-v2s9x29150_ses-1

 mri_convert /work/fmriprep_25_2_wf/sub_v2s9x29150_ses_1_wf/anat_fit_wf/anat_validate/sub-v2s9x29150_ses-1_run-1_T1w_noise_corrected_ras_valid.nii.gz /out/sourcedata/freesurfer/sub-v2s9x29150_ses-1/mri/orig/001.mgz 

mri_convert /work/fmriprep_25_2_wf/sub_v2s9x29150_ses_1_wf/anat_fit_wf/anat_validate/sub-v2s9x29150_ses-1_run-1_T1w_noise_corrected_ras_valid.nii.gz /out/sourcedata/freesurfer/sub-v2s9x29150_ses-1/mri/orig/001.mgz 
reading from /work/fmriprep_25_2_wf/sub_v2s9x29150_ses_1_wf/anat_fit_wf/anat_validate/sub-v2s9x29150_ses-1_run-1_T1w_noise_corrected_ras_valid.nii.gz...
TR=0.00, TE=0.00, TI=0.00, flip angle=0.00
i_ras = (1, 0, 0)
j_ras = (0, 1, 0)
k_ras = (0, 0, 1)
writing to /out/sourcedata/freesurfer/sub-v2s9x29150_ses-1/mri/orig/001.mgz...
#--------------------------------------------
#@# MotionCor Sat Mar 14 10:28:37 CET 2026
Found 1 runs
/out/sourcedata/freesurfer/sub-v2s9x29150_ses-1/mri/orig/001.mgz
Checking for (invalid) multi-frame inputs...
Only one run found so motion
correction will not be performed. I'll
copy the run to rawavg and continue.

 cp /out/sourcedata/freesurfer/sub-v2s9x29150_ses-1/mri/orig/001.mgz /out/sourcedata/freesurfer/sub-v2s9x29150_ses-1/mri/rawavg.mgz 


 mri_info /out/sourcedata/freesurfer/sub-v2s9x29150_ses-1/mri/rawavg.mgz 

rawavg.mgz ========================================
Volume information for /out/sourcedata/freesurfer/sub-v2s9x29150_ses-1/mri/rawavg.mgz
          type: MGH
    dimensions: 128 x 256 x 256
   voxel sizes: 1.330002, 1.000000, 1.000000
          type: FLOAT (3)
           fov: 256.000
           dof: 1
        xstart: -85.1, xend: 85.1
        ystart: -128.0, yend: 128.0
        zstart: -128.0, zend: 128.0
            TR: 0.00 msec, TE: 0.00 msec, TI: 0.00 msec, flip angle: 0.00 degrees
       nframes: 1
       PhEncDir: UNKNOWN
       FieldStrength: 0.000000
ras xform present
    xform info: x_r =   1.0000, y_r =   0.0000, z_r =   0.0000, c_r =     0.6651
              : x_a =   0.0000, y_a =   1.0000, z_a =   0.0000, c_a =     1.0000
              : x_s =   0.0000, y_s =   0.0000, z_s =   1.0000, c_s =     1.0000

talairach xfm : 
Orientation   : RAS
Primary Slice Direction: axial

voxel to ras transform:
                1.3300   0.0000   0.0000   -84.4550
                0.0000   1.0000   0.0000  -127.0000
                0.0000   0.0000   1.0000  -127.0000
                0.0000   0.0000   0.0000     1.0000

voxel-to-ras determinant 1.33

ras to voxel transform:
                0.7519   0.0000   0.0000    63.4999
                0.0000   1.0000   0.0000   127.0000
                0.0000   0.0000   1.0000   127.0000
                0.0000   0.0000   0.0000     1.0000
/out/sourcedata/freesurfer/sub-v2s9x29150_ses-1

 mri_convert /out/sourcedata/freesurfer/sub-v2s9x29150_ses-1/mri/rawavg.mgz /out/sourcedata/freesurfer/sub-v2s9x29150_ses-1/mri/orig.mgz --conform 

mri_convert /out/sourcedata/freesurfer/sub-v2s9x29150_ses-1/mri/rawavg.mgz /out/sourcedata/freesurfer/sub-v2s9x29150_ses-1/mri/orig.mgz --conform 
reading from /out/sourcedata/freesurfer/sub-v2s9x29150_ses-1/mri/rawavg.mgz...
TR=0.00, TE=0.00, TI=0.00, flip angle=0.00
i_ras = (1, 0, 0)
j_ras = (0, 1, 0)
k_ras = (0, 0, 1)
changing data type from float to uchar (noscale = 0)...
MRIchangeType: Building histogram 0 718.793 1000, flo=0, fhi=0.999, dest_type=0
Reslicing using trilinear interpolation 
writing to /out/sourcedata/freesurfer/sub-v2s9x29150_ses-1/mri/orig.mgz...

 mri_add_xform_to_header -c /out/sourcedata/freesurfer/sub-v2s9x29150_ses-1/mri/transforms/talairach.xfm /out/sourcedata/freesurfer/sub-v2s9x29150_ses-1/mri/orig.mgz /out/sourcedata/freesurfer/sub-v2s9x29150_ses-1/mri/orig.mgz 

INFO: extension is mgz

 mri_info /out/sourcedata/freesurfer/sub-v2s9x29150_ses-1/mri/orig.mgz 

orig.mgz ========================================
Volume information for /out/sourcedata/freesurfer/sub-v2s9x29150_ses-1/mri/orig.mgz
          type: MGH
    dimensions: 256 x 256 x 256
   voxel sizes: 1.000000, 1.000000, 1.000000
          type: UCHAR (0)
           fov: 256.000
           dof: 1
        xstart: -128.0, xend: 128.0
        ystart: -128.0, yend: 128.0
        zstart: -128.0, zend: 128.0
            TR: 0.00 msec, TE: 0.00 msec, TI: 0.00 msec, flip angle: 0.00 degrees
       nframes: 1
       PhEncDir: UNKNOWN
       FieldStrength: 0.000000
ras xform present
    xform info: x_r =  -1.0000, y_r =   0.0000, z_r =   0.0000, c_r =     0.6651
              : x_a =   0.0000, y_a =   0.0000, z_a =   1.0000, c_a =     1.0000
              : x_s =   0.0000, y_s =  -1.0000, z_s =   0.0000, c_s =     1.0000

talairach xfm : /out/sourcedata/freesurfer/sub-v2s9x29150_ses-1/mri/transforms/talairach.xfm
Orientation   : LIA
Primary Slice Direction: coronal

voxel to ras transform:
               -1.0000   0.0000   0.0000   128.6651
                0.0000   0.0000   1.0000  -127.0000
                0.0000  -1.0000   0.0000   129.0000
                0.0000   0.0000   0.0000     1.0000

voxel-to-ras determinant -1

ras to voxel transform:
               -1.0000  -0.0000  -0.0000   128.6651
               -0.0000  -0.0000  -1.0000   129.0000
               -0.0000   1.0000  -0.0000   127.0000
               -0.0000  -0.0000  -0.0000     1.0000
#--------------------------------------------
#@# Talairach Sat Mar 14 10:28:45 CET 2026
/out/sourcedata/freesurfer/sub-v2s9x29150_ses-1/mri

 mri_nu_correct.mni --no-rescale --i orig.mgz --o orig_nu.mgz --ants-n4 --n 1 --proto-iters 1000 --distance 50 

/usr/bin/bc
/out/sourcedata/freesurfer/sub-v2s9x29150_ses-1/mri
/opt/freesurfer/bin/mri_nu_correct.mni
--no-rescale --i orig.mgz --o orig_nu.mgz --ants-n4 --n 1 --proto-iters 1000 --distance 50
nIters 1
mri_nu_correct.mni 7.3.2
Linux dna032 5.14.0-427.37.1.el9_4.x86_64 #1 SMP PREEMPT_DYNAMIC Fri Sep 13 12:41:50 EDT 2024 x86_64 x86_64 x86_64 GNU/Linux
Sat Mar 14 10:28:46 CET 2026
tmpdir is ./tmp.mri_nu_correct.mni.1545405
cd /out/sourcedata/freesurfer/sub-v2s9x29150_ses-1/mri
AntsN4BiasFieldCorrectionFs -i orig.mgz -o ./tmp.mri_nu_correct.mni.1545405/nu0.mgz --dtype uchar
AntsN4BiasFieldCorrectionFs done
mri_convert ./tmp.mri_nu_correct.mni.1545405/nu0.mgz orig_nu.mgz --like orig.mgz --conform
mri_convert ./tmp.mri_nu_correct.mni.1545405/nu0.mgz orig_nu.mgz --like orig.mgz --conform 
reading from ./tmp.mri_nu_correct.mni.1545405/nu0.mgz...
TR=0.00, TE=0.00, TI=0.00, flip angle=0.00
i_ras = (-1, 0, 0)
j_ras = (0, 0, -1)
k_ras = (0, 1, 0)
INFO: transform src into the like-volume: orig.mgz
writing to orig_nu.mgz...
 
 
Sat Mar 14 10:31:40 CET 2026
mri_nu_correct.mni done

 talairach_avi --i orig_nu.mgz --xfm transforms/talairach.auto.xfm 

talairach_avi log file is transforms/talairach_avi.log...
mv -f /out/sourcedata/freesurfer/sub-v2s9x29150_ses-1/mri/talsrcimg_to_711-2C_as_mni_average_305_t4_vox2vox.txt /out/sourcedata/freesurfer/sub-v2s9x29150_ses-1/mri/transforms/talsrcimg_to_711-2C_as_mni_average_305_t4_vox2vox.txt
Started at Sat Mar 14 10:31:40 CET 2026
Ended   at Sat Mar 14 10:33:07 CET 2026
talairach_avi done

 cp transforms/talairach.auto.xfm transforms/talairach.xfm 

lta_convert --src orig.mgz --trg /opt/freesurfer/average/mni305.cor.mgz --inxfm transforms/talairach.xfm --outlta transforms/talairach.xfm.lta --subject fsaverage --ltavox2vox
7.3.2

--src: orig.mgz src image (geometry).
--trg: /opt/freesurfer/average/mni305.cor.mgz trg image (geometry).
--inmni: transforms/talairach.xfm input MNI/XFM transform.
--outlta: transforms/talairach.xfm.lta output LTA.
--s: fsaverage subject name
--ltavox2vox: output LTA as VOX_TO_VOX transform.
 LTA read, type : 1
 1.09290   0.08402  -0.06989  -4.10751;
-0.15044   1.09461   0.29482  -5.93612;
 0.06805  -0.28244   1.24585  -4.76610;
 0.00000   0.00000   0.00000   1.00000;
setting subject to fsaverage
Writing  LTA to file transforms/talairach.xfm.lta...
lta_convert successful.
#--------------------------------------------
#@# Talairach Failure Detection Sat Mar 14 10:33:09 CET 2026
/out/sourcedata/freesurfer/sub-v2s9x29150_ses-1/mri

 talairach_afd -T 0.005 -xfm transforms/talairach.xfm 

talairach_afd: Talairach Transform: transforms/talairach.xfm OK (p=0.7280, pval=0.6675 >= threshold=0.0050)

 awk -f /opt/freesurfer/bin/extract_talairach_avi_QA.awk /out/sourcedata/freesurfer/sub-v2s9x29150_ses-1/mri/transforms/talairach_avi.log 


 tal_QC_AZS /out/sourcedata/freesurfer/sub-v2s9x29150_ses-1/mri/transforms/talairach_avi.log 

TalAviQA: 0.97862
z-score: 0
#--------------------------------------------
#@# Nu Intensity Correction Sat Mar 14 10:33:09 CET 2026

 mri_nu_correct.mni --i orig.mgz --o nu.mgz --uchar transforms/talairach.xfm --n 2 --ants-n4 

/usr/bin/bc
/out/sourcedata/freesurfer/sub-v2s9x29150_ses-1/mri
/opt/freesurfer/bin/mri_nu_correct.mni
--i orig.mgz --o nu.mgz --uchar transforms/talairach.xfm --n 2 --ants-n4
nIters 2
mri_nu_correct.mni 7.3.2
Linux dna032 5.14.0-427.37.1.el9_4.x86_64 #1 SMP PREEMPT_DYNAMIC Fri Sep 13 12:41:50 EDT 2024 x86_64 x86_64 x86_64 GNU/Linux
Sat Mar 14 10:33:09 CET 2026
tmpdir is ./tmp.mri_nu_correct.mni.1546341
cd /out/sourcedata/freesurfer/sub-v2s9x29150_ses-1/mri
AntsN4BiasFieldCorrectionFs -i orig.mgz -o ./tmp.mri_nu_correct.mni.1546341/nu0.mgz --dtype uchar
AntsN4BiasFieldCorrectionFs done
mri_binarize --i ./tmp.mri_nu_correct.mni.1546341/nu0.mgz --min -1 --o ./tmp.mri_nu_correct.mni.1546341/ones.mgz

7.3.2
cwd /out/sourcedata/freesurfer/sub-v2s9x29150_ses-1/mri
cmdline mri_binarize --i ./tmp.mri_nu_correct.mni.1546341/nu0.mgz --min -1 --o ./tmp.mri_nu_correct.mni.1546341/ones.mgz 
sysname  Linux
hostname dna032
machine  x86_64
user     oesteban

input      ./tmp.mri_nu_correct.mni.1546341/nu0.mgz
frame      0
nErode3d   0
nErode2d   0
output     ./tmp.mri_nu_correct.mni.1546341/ones.mgz
Binarizing based on threshold
min        -1
max        +infinity
binval        1
binvalnot     0
fstart = 0, fend = 0, nframes = 1
Starting parallel 1
Found 16777216 values in range
Counting number of voxels in first frame
Found 16777215 voxels in final mask
Writing output to ./tmp.mri_nu_correct.mni.1546341/ones.mgz
Count: 16777215 16777215.000000 16777216 99.999994
mri_binarize done
mri_segstats --id 1 --seg ./tmp.mri_nu_correct.mni.1546341/ones.mgz --i orig.mgz --sum ./tmp.mri_nu_correct.mni.1546341/sum.junk --avgwf ./tmp.mri_nu_correct.mni.1546341/input.mean.dat

7.3.2
cwd 
cmdline mri_segstats --id 1 --seg ./tmp.mri_nu_correct.mni.1546341/ones.mgz --i orig.mgz --sum ./tmp.mri_nu_correct.mni.1546341/sum.junk --avgwf ./tmp.mri_nu_correct.mni.1546341/input.mean.dat 
sysname  Linux
hostname dna032
machine  x86_64
user     oesteban
whitesurfname  white
UseRobust  0
Loading ./tmp.mri_nu_correct.mni.1546341/ones.mgz
Loading orig.mgz
Voxel Volume is 1 mm^3
Generating list of segmentation ids
Found   1 segmentations
Computing statistics for each segmentation

Reporting on   1 segmentations
Using PrintSegStat
Computing spatial average of each frame

Writing to ./tmp.mri_nu_correct.mni.1546341/input.mean.dat
mri_segstats done
mri_segstats --id 1 --seg ./tmp.mri_nu_correct.mni.1546341/ones.mgz --i ./tmp.mri_nu_correct.mni.1546341/nu0.mgz --sum ./tmp.mri_nu_correct.mni.1546341/sum.junk --avgwf ./tmp.mri_nu_correct.mni.1546341/output.mean.dat

7.3.2
cwd 
cmdline mri_segstats --id 1 --seg ./tmp.mri_nu_correct.mni.1546341/ones.mgz --i ./tmp.mri_nu_correct.mni.1546341/nu0.mgz --sum ./tmp.mri_nu_correct.mni.1546341/sum.junk --avgwf ./tmp.mri_nu_correct.mni.1546341/output.mean.dat 
sysname  Linux
hostname dna032
machine  x86_64
user     oesteban
whitesurfname  white
UseRobust  0
Loading ./tmp.mri_nu_correct.mni.1546341/ones.mgz
Loading ./tmp.mri_nu_correct.mni.1546341/nu0.mgz
Voxel Volume is 1 mm^3
Generating list of segmentation ids
Found   1 segmentations
Computing statistics for each segmentation

Reporting on   1 segmentations
Using PrintSegStat
Computing spatial average of each frame

Writing to ./tmp.mri_nu_correct.mni.1546341/output.mean.dat
mri_segstats done
mris_calc -o ./tmp.mri_nu_correct.mni.1546341/nu0.mgz ./tmp.mri_nu_correct.mni.1546341/nu0.mgz mul 1.40846615378224238240
Saving result to './tmp.mri_nu_correct.mni.1546341/nu0.mgz' (type = MGH )                       [ ok ]
mri_convert ./tmp.mri_nu_correct.mni.1546341/nu0.mgz nu.mgz --like orig.mgz
mri_convert ./tmp.mri_nu_correct.mni.1546341/nu0.mgz nu.mgz --like orig.mgz 
reading from ./tmp.mri_nu_correct.mni.1546341/nu0.mgz...
TR=0.00, TE=0.00, TI=0.00, flip angle=0.00
i_ras = (-1, 0, 0)
j_ras = (0, 0, -1)
k_ras = (0, 1, 0)
INFO: transform src into the like-volume: orig.mgz
writing to nu.mgz...
mri_make_uchar nu.mgz transforms/talairach.xfm nu.mgz
type change took 0 minutes and 6 seconds.
FIRST_PERCENTILE 0.010000
WM_PERCENTILE    0.900000
MAX_R 50.000000
i1 = 5, i2 = 68
#mri_make_uchar# mapping 13 175 to  3 110  :  b -5.97778 m 0.662157 : thresh 9.02774 maxsat 394.133 : nzero 14006431 nsat 0
 
 
Sat Mar 14 10:36:22 CET 2026
mri_nu_correct.mni done

 mri_add_xform_to_header -c /out/sourcedata/freesurfer/sub-v2s9x29150_ses-1/mri/transforms/talairach.xfm nu.mgz nu.mgz 

INFO: extension is mgz
#--------------------------------------------
#@# Intensity Normalization Sat Mar 14 10:36:23 CET 2026
/out/sourcedata/freesurfer/sub-v2s9x29150_ses-1/mri

 mri_normalize -g 1 -seed 1234 -mprage nu.mgz T1.mgz 

using max gradient = 1.000
setting seed for random number genererator to 1234
assuming input volume is MGH (Van der Kouwe) MP-RAGE
reading mri_src from nu.mgz...
normalizing image...
NOT doing gentle normalization with control points/label
talairach transform
 1.09290   0.08402  -0.06989  -4.10751;
-0.15044   1.09461   0.29482  -5.93612;
 0.06805  -0.28244   1.24585  -4.76610;
 0.00000   0.00000   0.00000   1.00000;
processing without aseg, no1d=0
MRInormInit(): 
INFO: Modifying talairach volume c_(r,a,s) based on average_305
MRInormalize(): 
MRIsplineNormalize(): npeaks = 11
Starting OpenSpline(): npoints = 11
building Voronoi diagram...
performing soap bubble smoothing, sigma = 8...

Iterating 2 times
---------------------------------
3d normalization pass 1 of 2
white matter peak found at 110
white matter peak found at 110
gm peak at 57 (57), valley at 46 (46)
csf peak at 29, setting threshold to 47
building Voronoi diagram...
performing soap bubble smoothing, sigma = 8...
---------------------------------
3d normalization pass 2 of 2
white matter peak found at 110
white matter peak found at 110
gm peak at 58 (58), valley at 35 (35)
csf peak at 29, setting threshold to 48
building Voronoi diagram...
performing soap bubble smoothing, sigma = 8...
Done iterating ---------------------------------
writing output to T1.mgz
3D bias adjustment took 1 minutes and 20 seconds.

Started at Sat Mar 14 10:28:34 CET 2026 
Ended   at Sat Mar 14 10:37:43 CET 2026
#@#%# recon-all-run-time-hours 0.153
recon-all -s sub-v2s9x29150_ses-1 finished without error at Sat Mar 14 10:37:43 CET 2026



#New# invocation of recon-all 




Sat Mar 14 10:44:36 CET 2026
cd /out/sourcedata/freesurfer/sub-v2s9x29150_ses-1
setenv SUBJECTS_DIR /out/sourcedata/freesurfer
/opt/freesurfer/bin/recon-all -openmp 16 -subjid sub-v2s9x29150_ses-1 -sd /out/sourcedata/freesurfer -gcareg

subjid sub-v2s9x29150_ses-1
setenv SUBJECTS_DIR /out/sourcedata/freesurfer
FREESURFER_HOME /opt/freesurfer
Actual FREESURFER_HOME /opt/freesurfer
build-stamp.txt: freesurfer-linux-ubuntu22_x86_64-7.3.2-20220804-6354275
Linux dna032 5.14.0-427.37.1.el9_4.x86_64 #1 SMP PREEMPT_DYNAMIC Fri Sep 13 12:41:50 EDT 2024 x86_64 x86_64 x86_64 GNU/Linux
cputime      unlimited
filesize     unlimited
datasize     unlimited
stacksize    8192 kbytes
coredumpsize 0 kbytes
memoryuse    67108864 kbytes
vmemoryuse   unlimited
descriptors  1024 
memorylocked unlimited
maxproc      2061970 
maxlocks     unlimited
maxsignal    2061970 
maxmessage   819200 
maxnice      0 
maxrtprio    0 
maxrttime    unlimited

               total        used        free      shared  buff/cache   available
Mem:           503Gi        50Gi       308Gi       9.0Gi       144Gi       440Gi
Swap:             0B          0B          0B

########################################
program versions used
7.3.2 (freesurfer-linux-ubuntu22_x86_64-7.3.2-20220804-6354275)
7.3.2

ProgramName: lta_convert  ProgramArguments: lta_convert -all-info  ProgramVersion: 7.3.2  TimeStamp: 2026/03/14-09:44:36-GMT  BuildTime: Aug  4 2022 06:17:15  BuildStamp: freesurfer-linux-ubuntu22_x86_64-7.3.2-20220804-6354275  User: oesteban  Machine: dna032  Platform: Linux  PlatformVersion: 5.14.0-427.37.1.el9_4.x86_64  CompilerName: GCC  CompilerVersion: 8.4.0
ProgramName: mri_and  ProgramArguments: mri_and -all-info  ProgramVersion: 7.3.2  TimeStamp: 2026/03/14-09:44:36-GMT  BuildTime: Aug  4 2022 06:17:15  BuildStamp: freesurfer-linux-ubuntu22_x86_64-7.3.2-20220804-6354275  User: oesteban  Machine: dna032  Platform: Linux  PlatformVersion: 5.14.0-427.37.1.el9_4.x86_64  CompilerName: GCC  CompilerVersion: 8.4.0
ProgramName: mri_annotation2label  ProgramArguments: mri_annotation2label -all-info  ProgramVersion: 7.3.2  TimeStamp: 2026/03/14-09:44:36-GMT  BuildTime: Aug  4 2022 06:17:15  BuildStamp: freesurfer-linux-ubuntu22_x86_64-7.3.2-20220804-6354275  User: oesteban  Machine: dna032  Platform: Linux  PlatformVersion: 5.14.0-427.37.1.el9_4.x86_64  CompilerName: GCC  CompilerVersion: 8.4.0
ProgramName: mri_aparc2aseg  ProgramArguments: mri_aparc2aseg -all-info  ProgramVersion: 7.3.2  TimeStamp: 2026/03/14-09:44:36-GMT  BuildTime: Aug  4 2022 06:17:15  BuildStamp: freesurfer-linux-ubuntu22_x86_64-7.3.2-20220804-6354275  User: oesteban  Machine: dna032  Platform: Linux  PlatformVersion: 5.14.0-427.37.1.el9_4.x86_64  CompilerName: GCC  CompilerVersion: 8.4.0
ProgramName: mri_surf2volseg  ProgramArguments: mri_surf2volseg -all-info  ProgramVersion: 7.3.2  TimeStamp: 2026/03/14-09:44:36-GMT  BuildTime: Aug  4 2022 06:17:15  BuildStamp: freesurfer-linux-ubuntu22_x86_64-7.3.2-20220804-6354275  User: oesteban  Machine: dna032  Platform: Linux  PlatformVersion: 5.14.0-427.37.1.el9_4.x86_64  CompilerName: GCC  CompilerVersion: 8.4.0
ProgramName: mri_binarize  ProgramArguments: mri_binarize -all-info  ProgramVersion: 7.3.2  TimeStamp: 2026/03/14-09:44:36-GMT  BuildTime: Aug  4 2022 06:17:15  BuildStamp: freesurfer-linux-ubuntu22_x86_64-7.3.2-20220804-6354275  User: oesteban  Machine: dna032  Platform: Linux  PlatformVersion: 5.14.0-427.37.1.el9_4.x86_64  CompilerName: GCC  CompilerVersion: 8.4.0
ProgramName: mri_ca_label  ProgramArguments: mri_ca_label -all-info  ProgramVersion: 7.3.2  TimeStamp: 2026/03/14-09:44:36-GMT  BuildTime: Aug  4 2022 06:17:15  BuildStamp: freesurfer-linux-ubuntu22_x86_64-7.3.2-20220804-6354275  User: oesteban  Machine: dna032  Platform: Linux  PlatformVersion: 5.14.0-427.37.1.el9_4.x86_64  CompilerName: GCC  CompilerVersion: 8.4.0
ProgramName: mri_ca_normalize  ProgramArguments: mri_ca_normalize -all-info  ProgramVersion: 7.3.2  TimeStamp: 2026/03/14-09:44:37-GMT  BuildTime: Aug  4 2022 06:17:15  BuildStamp: freesurfer-linux-ubuntu22_x86_64-7.3.2-20220804-6354275  User: oesteban  Machine: dna032  Platform: Linux  PlatformVersion: 5.14.0-427.37.1.el9_4.x86_64  CompilerName: GCC  CompilerVersion: 8.4.0
ProgramName: mri_ca_register  ProgramArguments: mri_ca_register -all-info  ProgramVersion: 7.3.2  TimeStamp: 2026/03/14-09:44:37-GMT  BuildTime: Aug  4 2022 06:17:15  BuildStamp: freesurfer-linux-ubuntu22_x86_64-7.3.2-20220804-6354275  User: oesteban  Machine: dna032  Platform: Linux  PlatformVersion: 5.14.0-427.37.1.el9_4.x86_64  CompilerName: GCC  CompilerVersion: 8.4.0
ProgramName: mri_cc  ProgramArguments: mri_cc -all-info  ProgramVersion: 7.3.2  TimeStamp: 2026/03/14-09:44:37-GMT  BuildTime: Aug  4 2022 06:17:15  BuildStamp: freesurfer-linux-ubuntu22_x86_64-7.3.2-20220804-6354275  User: oesteban  Machine: dna032  Platform: Linux  PlatformVersion: 5.14.0-427.37.1.el9_4.x86_64  CompilerName: GCC  CompilerVersion: 8.4.0
ProgramName: mri_compute_overlap  ProgramArguments: mri_compute_overlap -all-info  ProgramVersion: 7.3.2  TimeStamp: 2026/03/14-09:44:37-GMT  BuildTime: Aug  4 2022 06:17:15  BuildStamp: freesurfer-linux-ubuntu22_x86_64-7.3.2-20220804-6354275  User: oesteban  Machine: dna032  Platform: Linux  PlatformVersion: 5.14.0-427.37.1.el9_4.x86_64  CompilerName: GCC  CompilerVersion: 8.4.0
ProgramName: mri_compute_seg_overlap  ProgramArguments: mri_compute_seg_overlap -all-info  ProgramVersion: 7.3.2  TimeStamp: 2026/03/14-09:44:37-GMT  BuildTime: Aug  4 2022 06:17:15  BuildStamp: freesurfer-linux-ubuntu22_x86_64-7.3.2-20220804-6354275  User: oesteban  Machine: dna032  Platform: Linux  PlatformVersion: 5.14.0-427.37.1.el9_4.x86_64  CompilerName: GCC  CompilerVersion: 8.4.0
ProgramName: mri_concat  ProgramArguments: mri_concat -all-info  ProgramVersion: 7.3.2  TimeStamp: 2026/03/14-09:44:37-GMT  BuildTime: Aug  4 2022 06:17:15  BuildStamp: freesurfer-linux-ubuntu22_x86_64-7.3.2-20220804-6354275  User: oesteban  Machine: dna032  Platform: Linux  PlatformVersion: 5.14.0-427.37.1.el9_4.x86_64  CompilerName: GCC  CompilerVersion: 8.4.0
ProgramName: mri_concatenate_lta  ProgramArguments: mri_concatenate_lta -all-info  ProgramVersion: 7.3.2  TimeStamp: 2026/03/14-09:44:37-GMT  BuildTime: Aug  4 2022 06:17:15  BuildStamp: freesurfer-linux-ubuntu22_x86_64-7.3.2-20220804-6354275  User: oesteban  Machine: dna032  Platform: Linux  PlatformVersion: 5.14.0-427.37.1.el9_4.x86_64  CompilerName: GCC  CompilerVersion: 8.4.0
mri_convert -all-info 
ProgramName: mri_convert  ProgramArguments: mri_convert -all-info  ProgramVersion: 7.3.2  TimeStamp: 2026/03/14-09:44:37-GMT  BuildTime: Aug  4 2022 06:17:15  BuildStamp: freesurfer-linux-ubuntu22_x86_64-7.3.2-20220804-6354275  User: oesteban  Machine: dna032  Platform: Linux  PlatformVersion: 5.14.0-427.37.1.el9_4.x86_64  CompilerName: GCC  CompilerVersion: 8.4.0
ProgramName: mri_diff  ProgramArguments: mri_diff -all-info  ProgramVersion: 7.3.2  TimeStamp: 2026/03/14-09:44:37-GMT  BuildTime: Aug  4 2022 06:17:15  BuildStamp: freesurfer-linux-ubuntu22_x86_64-7.3.2-20220804-6354275  User: oesteban  Machine: dna032  Platform: Linux  PlatformVersion: 5.14.0-427.37.1.el9_4.x86_64  CompilerName: GCC  CompilerVersion: 8.4.0
ProgramName: mri_edit_wm_with_aseg  ProgramArguments: mri_edit_wm_with_aseg -all-info  ProgramVersion: 7.3.2  TimeStamp: 2026/03/14-09:44:37-GMT  BuildTime: Aug  4 2022 06:17:15  BuildStamp: freesurfer-linux-ubuntu22_x86_64-7.3.2-20220804-6354275  User: oesteban  Machine: dna032  Platform: Linux  PlatformVersion: 5.14.0-427.37.1.el9_4.x86_64  CompilerName: GCC  CompilerVersion: 8.4.0
ProgramName: mri_em_register  ProgramArguments: mri_em_register -all-info  ProgramVersion: 7.3.2  TimeStamp: 2026/03/14-09:44:37-GMT  BuildTime: Aug  4 2022 06:17:15  BuildStamp: freesurfer-linux-ubuntu22_x86_64-7.3.2-20220804-6354275  User: oesteban  Machine: dna032  Platform: Linux  PlatformVersion: 5.14.0-427.37.1.el9_4.x86_64  CompilerName: GCC  CompilerVersion: 8.4.0
ProgramName: mri_fill  ProgramArguments: mri_fill -all-info  ProgramVersion: 7.3.2  TimeStamp: 2026/03/14-09:44:37-GMT  BuildTime: Aug  4 2022 06:17:15  BuildStamp: freesurfer-linux-ubuntu22_x86_64-7.3.2-20220804-6354275  User: oesteban  Machine: dna032  Platform: Linux  PlatformVersion: 5.14.0-427.37.1.el9_4.x86_64  CompilerName: GCC  CompilerVersion: 8.4.0
ProgramName: mri_fuse_segmentations  ProgramArguments: mri_fuse_segmentations -all-info  ProgramVersion: 7.3.2  TimeStamp: 2026/03/14-09:44:37-GMT  BuildTime: Aug  4 2022 06:17:15  BuildStamp: freesurfer-linux-ubuntu22_x86_64-7.3.2-20220804-6354275  User: oesteban  Machine: dna032  Platform: Linux  PlatformVersion: 5.14.0-427.37.1.el9_4.x86_64  CompilerName: GCC  CompilerVersion: 8.4.0
ProgramName: mri_fwhm  ProgramArguments: mri_fwhm -all-info  ProgramVersion: 7.3.2  TimeStamp: 2026/03/14-09:44:37-GMT  BuildTime: Aug  4 2022 06:17:15  BuildStamp: freesurfer-linux-ubuntu22_x86_64-7.3.2-20220804-6354275  User: oesteban  Machine: dna032  Platform: Linux  PlatformVersion: 5.14.0-427.37.1.el9_4.x86_64  CompilerName: GCC  CompilerVersion: 8.4.0
ProgramName: mri_gcut  ProgramArguments: mri_gcut -all-info  ProgramVersion: 7.3.2  TimeStamp: 2026/03/14-09:44:37-GMT  BuildTime: Aug  4 2022 06:17:15  BuildStamp: freesurfer-linux-ubuntu22_x86_64-7.3.2-20220804-6354275  User: oesteban  Machine: dna032  Platform: Linux  PlatformVersion: 5.14.0-427.37.1.el9_4.x86_64  CompilerName: GCC  CompilerVersion: 8.4.0
ProgramName: mri_info  ProgramArguments: mri_info -all-info  ProgramVersion: 7.3.2  TimeStamp: 2026/03/14-09:44:37-GMT  BuildTime: Aug  4 2022 06:17:15  BuildStamp: freesurfer-linux-ubuntu22_x86_64-7.3.2-20220804-6354275  User: oesteban  Machine: dna032  Platform: Linux  PlatformVersion: 5.14.0-427.37.1.el9_4.x86_64  CompilerName: GCC  CompilerVersion: 8.4.0
ProgramName: mri_label2label  ProgramArguments: mri_label2label -all-info  ProgramVersion: 7.3.2  TimeStamp: 2026/03/14-09:44:37-GMT  BuildTime: Aug  4 2022 06:17:15  BuildStamp: freesurfer-linux-ubuntu22_x86_64-7.3.2-20220804-6354275  User: oesteban  Machine: dna032  Platform: Linux  PlatformVersion: 5.14.0-427.37.1.el9_4.x86_64  CompilerName: GCC  CompilerVersion: 8.4.0
ProgramName: mri_label2vol  ProgramArguments: mri_label2vol -all-info  ProgramVersion: 7.3.2  TimeStamp: 2026/03/14-09:44:37-GMT  BuildTime: Aug  4 2022 06:17:15  BuildStamp: freesurfer-linux-ubuntu22_x86_64-7.3.2-20220804-6354275  User: oesteban  Machine: dna032  Platform: Linux  PlatformVersion: 5.14.0-427.37.1.el9_4.x86_64  CompilerName: GCC  CompilerVersion: 8.4.0
ProgramName: mri_log_likelihood  ProgramArguments: mri_log_likelihood -all-info  ProgramVersion: 7.3.2  TimeStamp: 2026/03/14-09:44:37-GMT  BuildTime: Aug  4 2022 06:17:15  BuildStamp: freesurfer-linux-ubuntu22_x86_64-7.3.2-20220804-6354275  User: oesteban  Machine: dna032  Platform: Linux  PlatformVersion: 5.14.0-427.37.1.el9_4.x86_64  CompilerName: GCC  CompilerVersion: 8.4.0
ProgramName: mri_mask  ProgramArguments: mri_mask -all-info  ProgramVersion: 7.3.2  TimeStamp: 2026/03/14-09:44:37-GMT  BuildTime: Aug  4 2022 06:17:15  BuildStamp: freesurfer-linux-ubuntu22_x86_64-7.3.2-20220804-6354275  User: oesteban  Machine: dna032  Platform: Linux  PlatformVersion: 5.14.0-427.37.1.el9_4.x86_64  CompilerName: GCC  CompilerVersion: 8.4.0
ProgramName: mri_matrix_multiply  ProgramArguments: mri_matrix_multiply -all-info  ProgramVersion: 7.3.2  TimeStamp: 2026/03/14-09:44:37-GMT  BuildTime: Aug  4 2022 06:17:15  BuildStamp: freesurfer-linux-ubuntu22_x86_64-7.3.2-20220804-6354275  User: oesteban  Machine: dna032  Platform: Linux  PlatformVersion: 5.14.0-427.37.1.el9_4.x86_64  CompilerName: GCC  CompilerVersion: 8.4.0
ProgramName: mri_normalize  ProgramArguments: mri_normalize -all-info  ProgramVersion: 7.3.2  TimeStamp: 2026/03/14-09:44:37-GMT  BuildTime: Aug  4 2022 06:17:15  BuildStamp: freesurfer-linux-ubuntu22_x86_64-7.3.2-20220804-6354275  User: oesteban  Machine: dna032  Platform: Linux  PlatformVersion: 5.14.0-427.37.1.el9_4.x86_64  CompilerName: GCC  CompilerVersion: 8.4.0
ProgramName: mri_normalize_tp2  ProgramArguments: mri_normalize_tp2 -all-info  ProgramVersion: 7.3.2  TimeStamp: 2026/03/14-09:44:37-GMT  BuildTime: Aug  4 2022 06:17:15  BuildStamp: freesurfer-linux-ubuntu22_x86_64-7.3.2-20220804-6354275  User: oesteban  Machine: dna032  Platform: Linux  PlatformVersion: 5.14.0-427.37.1.el9_4.x86_64  CompilerName: GCC  CompilerVersion: 8.4.0
ProgramName: mri_or  ProgramArguments: mri_or -all-info  ProgramVersion: 7.3.2  TimeStamp: 2026/03/14-09:44:37-GMT  BuildTime: Aug  4 2022 06:17:15  BuildStamp: freesurfer-linux-ubuntu22_x86_64-7.3.2-20220804-6354275  User: oesteban  Machine: dna032  Platform: Linux  PlatformVersion: 5.14.0-427.37.1.el9_4.x86_64  CompilerName: GCC  CompilerVersion: 8.4.0
ProgramName: mri_relabel_hypointensities  ProgramArguments: mri_relabel_hypointensities -all-info  ProgramVersion: 7.3.2  TimeStamp: 2026/03/14-09:44:37-GMT  BuildTime: Aug  4 2022 06:17:15  BuildStamp: freesurfer-linux-ubuntu22_x86_64-7.3.2-20220804-6354275  User: oesteban  Machine: dna032  Platform: Linux  PlatformVersion: 5.14.0-427.37.1.el9_4.x86_64  CompilerName: GCC  CompilerVersion: 8.4.0
ProgramName: mri_relabel_nonwm_hypos  ProgramArguments: mri_relabel_nonwm_hypos -all-info  ProgramVersion: 7.3.2  TimeStamp: 2026/03/14-09:44:37-GMT  BuildTime: Aug  4 2022 06:17:15  BuildStamp: freesurfer-linux-ubuntu22_x86_64-7.3.2-20220804-6354275  User: oesteban  Machine: dna032  Platform: Linux  PlatformVersion: 5.14.0-427.37.1.el9_4.x86_64  CompilerName: GCC  CompilerVersion: 8.4.0
ProgramName: mri_remove_neck  ProgramArguments: mri_remove_neck -all-info  ProgramVersion: 7.3.2  TimeStamp: 2026/03/14-09:44:37-GMT  BuildTime: Aug  4 2022 06:17:15  BuildStamp: freesurfer-linux-ubuntu22_x86_64-7.3.2-20220804-6354275  User: oesteban  Machine: dna032  Platform: Linux  PlatformVersion: 5.14.0-427.37.1.el9_4.x86_64  CompilerName: GCC  CompilerVersion: 8.4.0
7.3.2

ProgramName: mri_robust_register  ProgramArguments: mri_robust_register -all-info  ProgramVersion: 7.3.2  TimeStamp: 2026/03/14-09:44:37-GMT  BuildTime: Aug  4 2022 06:17:15  BuildStamp: freesurfer-linux-ubuntu22_x86_64-7.3.2-20220804-6354275  User: oesteban  Machine: dna032  Platform: Linux  PlatformVersion: 5.14.0-427.37.1.el9_4.x86_64  CompilerName: GCC  CompilerVersion: 8.4.0
7.3.2

ProgramName: mri_robust_template  ProgramArguments: mri_robust_template -all-info  ProgramVersion: 7.3.2  TimeStamp: 2026/03/14-09:44:37-GMT  BuildTime: Aug  4 2022 06:17:15  BuildStamp: freesurfer-linux-ubuntu22_x86_64-7.3.2-20220804-6354275  User: oesteban  Machine: dna032  Platform: Linux  PlatformVersion: 5.14.0-427.37.1.el9_4.x86_64  CompilerName: GCC  CompilerVersion: 8.4.0
ProgramName: mris_anatomical_stats  ProgramArguments: mris_anatomical_stats -all-info  ProgramVersion: 7.3.2  TimeStamp: 2026/03/14-09:44:37-GMT  BuildTime: Aug  4 2022 06:17:15  BuildStamp: freesurfer-linux-ubuntu22_x86_64-7.3.2-20220804-6354275  User: oesteban  Machine: dna032  Platform: Linux  PlatformVersion: 5.14.0-427.37.1.el9_4.x86_64  CompilerName: GCC  CompilerVersion: 8.4.0
ProgramName: mris_ca_label  ProgramArguments: mris_ca_label -all-info  ProgramVersion: 7.3.2  TimeStamp: 2026/03/14-09:44:37-GMT  BuildTime: Aug  4 2022 06:17:15  BuildStamp: freesurfer-linux-ubuntu22_x86_64-7.3.2-20220804-6354275  User: oesteban  Machine: dna032  Platform: Linux  PlatformVersion: 5.14.0-427.37.1.el9_4.x86_64  CompilerName: GCC  CompilerVersion: 8.4.0
ProgramName: mris_calc  ProgramArguments: mris_calc -all-info  ProgramVersion: 7.3.2  TimeStamp: 2026/03/14-09:44:37-GMT  BuildTime: Aug  4 2022 06:17:15  BuildStamp: freesurfer-linux-ubuntu22_x86_64-7.3.2-20220804-6354275  User: oesteban  Machine: dna032  Platform: Linux  PlatformVersion: 5.14.0-427.37.1.el9_4.x86_64  CompilerName: GCC  CompilerVersion: 8.4.0
ProgramName: mris_convert  ProgramArguments: mris_convert -all-info  ProgramVersion: 7.3.2  TimeStamp: 2026/03/14-09:44:37-GMT  BuildTime: Aug  4 2022 06:17:15  BuildStamp: freesurfer-linux-ubuntu22_x86_64-7.3.2-20220804-6354275  User: oesteban  Machine: dna032  Platform: Linux  PlatformVersion: 5.14.0-427.37.1.el9_4.x86_64  CompilerName: GCC  CompilerVersion: 8.4.0
ProgramName: mris_curvature  ProgramArguments: mris_curvature -all-info  ProgramVersion: 7.3.2  TimeStamp: 2026/03/14-09:44:37-GMT  BuildTime: Aug  4 2022 06:17:15  BuildStamp: freesurfer-linux-ubuntu22_x86_64-7.3.2-20220804-6354275  User: oesteban  Machine: dna032  Platform: Linux  PlatformVersion: 5.14.0-427.37.1.el9_4.x86_64  CompilerName: GCC  CompilerVersion: 8.4.0
ProgramName: mris_curvature_stats  ProgramArguments: mris_curvature_stats -all-info  ProgramVersion: 7.3.2  TimeStamp: 2026/03/14-09:44:37-GMT  BuildTime: Aug  4 2022 06:17:15  BuildStamp: freesurfer-linux-ubuntu22_x86_64-7.3.2-20220804-6354275  User: oesteban  Machine: dna032  Platform: Linux  PlatformVersion: 5.14.0-427.37.1.el9_4.x86_64  CompilerName: GCC  CompilerVersion: 8.4.0
ProgramName: mris_diff  ProgramArguments: mris_diff -all-info  ProgramVersion: 7.3.2  TimeStamp: 2026/03/14-09:44:37-GMT  BuildTime: Aug  4 2022 06:17:15  BuildStamp: freesurfer-linux-ubuntu22_x86_64-7.3.2-20220804-6354275  User: oesteban  Machine: dna032  Platform: Linux  PlatformVersion: 5.14.0-427.37.1.el9_4.x86_64  CompilerName: GCC  CompilerVersion: 8.4.0
ProgramName: mris_divide_parcellation  ProgramArguments: mris_divide_parcellation -all-info  ProgramVersion: 7.3.2  TimeStamp: 2026/03/14-09:44:37-GMT  BuildTime: Aug  4 2022 06:17:15  BuildStamp: freesurfer-linux-ubuntu22_x86_64-7.3.2-20220804-6354275  User: oesteban  Machine: dna032  Platform: Linux  PlatformVersion: 5.14.0-427.37.1.el9_4.x86_64  CompilerName: GCC  CompilerVersion: 8.4.0
ProgramName: mri_segment  ProgramArguments: mri_segment -all-info  ProgramVersion: 7.3.2  TimeStamp: 2026/03/14-09:44:37-GMT  BuildTime: Aug  4 2022 06:17:15  BuildStamp: freesurfer-linux-ubuntu22_x86_64-7.3.2-20220804-6354275  User: oesteban  Machine: dna032  Platform: Linux  PlatformVersion: 5.14.0-427.37.1.el9_4.x86_64  CompilerName: GCC  CompilerVersion: 8.4.0
ProgramName: mri_segstats  ProgramArguments: mri_segstats -all-info  ProgramVersion: 7.3.2  TimeStamp: 2026/03/14-09:44:37-GMT  BuildTime: Aug  4 2022 06:17:15  BuildStamp: freesurfer-linux-ubuntu22_x86_64-7.3.2-20220804-6354275  User: oesteban  Machine: dna032  Platform: Linux  PlatformVersion: 5.14.0-427.37.1.el9_4.x86_64  CompilerName: GCC  CompilerVersion: 8.4.0
ProgramName: mris_euler_number  ProgramArguments: mris_euler_number -all-info  ProgramVersion: 7.3.2  TimeStamp: 2026/03/14-09:44:37-GMT  BuildTime: Aug  4 2022 06:17:15  BuildStamp: freesurfer-linux-ubuntu22_x86_64-7.3.2-20220804-6354275  User: oesteban  Machine: dna032  Platform: Linux  PlatformVersion: 5.14.0-427.37.1.el9_4.x86_64  CompilerName: GCC  CompilerVersion: 8.4.0
ProgramName: mris_fix_topology  ProgramArguments: mris_fix_topology -all-info  ProgramVersion: 7.3.2  TimeStamp: 2026/03/14-09:44:37-GMT  BuildTime: Aug  4 2022 06:17:15  BuildStamp: freesurfer-linux-ubuntu22_x86_64-7.3.2-20220804-6354275  User: oesteban  Machine: dna032  Platform: Linux  PlatformVersion: 5.14.0-427.37.1.el9_4.x86_64  CompilerName: GCC  CompilerVersion: 8.4.0
ProgramName: mris_topo_fixer  ProgramArguments: mris_topo_fixer -all-info  ProgramVersion: 7.3.2  TimeStamp: 2026/03/14-09:44:37-GMT  BuildTime: Aug  4 2022 06:17:15  BuildStamp: freesurfer-linux-ubuntu22_x86_64-7.3.2-20220804-6354275  User: oesteban  Machine: dna032  Platform: Linux  PlatformVersion: 5.14.0-427.37.1.el9_4.x86_64  CompilerName: GCC  CompilerVersion: 8.4.0
ProgramName: mris_jacobian  ProgramArguments: mris_jacobian -all-info  ProgramVersion: 7.3.2  TimeStamp: 2026/03/14-09:44:37-GMT  BuildTime: Aug  4 2022 06:17:15  BuildStamp: freesurfer-linux-ubuntu22_x86_64-7.3.2-20220804-6354275  User: oesteban  Machine: dna032  Platform: Linux  PlatformVersion: 5.14.0-427.37.1.el9_4.x86_64  CompilerName: GCC  CompilerVersion: 8.4.0
ProgramName: mris_label2annot  ProgramArguments: mris_label2annot -all-info  ProgramVersion: 7.3.2  TimeStamp: 2026/03/14-09:44:37-GMT  BuildTime: Aug  4 2022 06:17:15  BuildStamp: freesurfer-linux-ubuntu22_x86_64-7.3.2-20220804-6354275  User: oesteban  Machine: dna032  Platform: Linux  PlatformVersion: 5.14.0-427.37.1.el9_4.x86_64  CompilerName: GCC  CompilerVersion: 8.4.0
ProgramName: mris_left_right_register  ProgramArguments: mris_left_right_register -all-info  ProgramVersion: 7.3.2  TimeStamp: 2026/03/14-09:44:37-GMT  BuildTime: Aug  4 2022 06:17:15  BuildStamp: freesurfer-linux-ubuntu22_x86_64-7.3.2-20220804-6354275  User: oesteban  Machine: dna032  Platform: Linux  PlatformVersion: 5.14.0-427.37.1.el9_4.x86_64  CompilerName: GCC  CompilerVersion: 8.4.0
ProgramName: mris_place_surface  ProgramArguments: mris_place_surface -all-info  ProgramVersion: 7.3.2  TimeStamp: 2026/03/14-09:44:37-GMT  BuildTime: Aug  4 2022 06:17:15  BuildStamp: freesurfer-linux-ubuntu22_x86_64-7.3.2-20220804-6354275  User: oesteban  Machine: dna032  Platform: Linux  PlatformVersion: 5.14.0-427.37.1.el9_4.x86_64  CompilerName: GCC  CompilerVersion: 8.4.0
ProgramName: mrisp_paint  ProgramArguments: mrisp_paint -all-info  ProgramVersion: 7.3.2  TimeStamp: 2026/03/14-09:44:37-GMT  BuildTime: Aug  4 2022 06:17:15  BuildStamp: freesurfer-linux-ubuntu22_x86_64-7.3.2-20220804-6354275  User: oesteban  Machine: dna032  Platform: Linux  PlatformVersion: 5.14.0-427.37.1.el9_4.x86_64  CompilerName: GCC  CompilerVersion: 8.4.0
ProgramName: mris_register  ProgramArguments: mris_register -all-info  ProgramVersion: 7.3.2  TimeStamp: 2026/03/14-09:44:37-GMT  BuildTime: Aug  4 2022 06:17:15  BuildStamp: freesurfer-linux-ubuntu22_x86_64-7.3.2-20220804-6354275  User: oesteban  Machine: dna032  Platform: Linux  PlatformVersion: 5.14.0-427.37.1.el9_4.x86_64  CompilerName: GCC  CompilerVersion: 8.4.0
ProgramName: mris_smooth  ProgramArguments: mris_smooth -all-info  ProgramVersion: 7.3.2  TimeStamp: 2026/03/14-09:44:37-GMT  BuildTime: Aug  4 2022 06:17:15  BuildStamp: freesurfer-linux-ubuntu22_x86_64-7.3.2-20220804-6354275  User: oesteban  Machine: dna032  Platform: Linux  PlatformVersion: 5.14.0-427.37.1.el9_4.x86_64  CompilerName: GCC  CompilerVersion: 8.4.0
ProgramName: mris_sphere  ProgramArguments: mris_sphere -all-info  ProgramVersion: 7.3.2  TimeStamp: 2026/03/14-09:44:37-GMT  BuildTime: Aug  4 2022 06:17:15  BuildStamp: freesurfer-linux-ubuntu22_x86_64-7.3.2-20220804-6354275  User: oesteban  Machine: dna032  Platform: Linux  PlatformVersion: 5.14.0-427.37.1.el9_4.x86_64  CompilerName: GCC  CompilerVersion: 8.4.0
ProgramName: mris_surface_stats  ProgramArguments: mris_surface_stats -all-info  ProgramVersion: 7.3.2  TimeStamp: 2026/03/14-09:44:37-GMT  BuildTime: Aug  4 2022 06:17:15  BuildStamp: freesurfer-linux-ubuntu22_x86_64-7.3.2-20220804-6354275  User: oesteban  Machine: dna032  Platform: Linux  PlatformVersion: 5.14.0-427.37.1.el9_4.x86_64  CompilerName: GCC  CompilerVersion: 8.4.0
ProgramName: mri_stats2seg  ProgramArguments: mri_stats2seg -all-info  ProgramVersion: 7.3.2  TimeStamp: 2026/03/14-09:44:37-GMT  BuildTime: Aug  4 2022 06:17:15  BuildStamp: freesurfer-linux-ubuntu22_x86_64-7.3.2-20220804-6354275  User: oesteban  Machine: dna032  Platform: Linux  PlatformVersion: 5.14.0-427.37.1.el9_4.x86_64  CompilerName: GCC  CompilerVersion: 8.4.0
ProgramName: mris_thickness  ProgramArguments: mris_thickness -all-info  ProgramVersion: 7.3.2  TimeStamp: 2026/03/14-09:44:37-GMT  BuildTime: Aug  4 2022 06:17:15  BuildStamp: freesurfer-linux-ubuntu22_x86_64-7.3.2-20220804-6354275  User: oesteban  Machine: dna032  Platform: Linux  PlatformVersion: 5.14.0-427.37.1.el9_4.x86_64  CompilerName: GCC  CompilerVersion: 8.4.0
ProgramName: mris_thickness_diff  ProgramArguments: mris_thickness_diff -all-info  ProgramVersion: 7.3.2  TimeStamp: 2026/03/14-09:44:37-GMT  BuildTime: Aug  4 2022 06:17:15  BuildStamp: freesurfer-linux-ubuntu22_x86_64-7.3.2-20220804-6354275  User: oesteban  Machine: dna032  Platform: Linux  PlatformVersion: 5.14.0-427.37.1.el9_4.x86_64  CompilerName: GCC  CompilerVersion: 8.4.0
ProgramName: mris_topo_fixer  ProgramArguments: mris_topo_fixer -all-info  ProgramVersion: 7.3.2  TimeStamp: 2026/03/14-09:44:37-GMT  BuildTime: Aug  4 2022 06:17:15  BuildStamp: freesurfer-linux-ubuntu22_x86_64-7.3.2-20220804-6354275  User: oesteban  Machine: dna032  Platform: Linux  PlatformVersion: 5.14.0-427.37.1.el9_4.x86_64  CompilerName: GCC  CompilerVersion: 8.4.0
ProgramName: mri_surf2surf  ProgramArguments: mri_surf2surf -all-info  ProgramVersion: 7.3.2  TimeStamp: 2026/03/14-09:44:37-GMT  BuildTime: Aug  4 2022 06:17:15  BuildStamp: freesurfer-linux-ubuntu22_x86_64-7.3.2-20220804-6354275  User: oesteban  Machine: dna032  Platform: Linux  PlatformVersion: 5.14.0-427.37.1.el9_4.x86_64  CompilerName: GCC  CompilerVersion: 8.4.0
ProgramName: mri_surf2vol  ProgramArguments: mri_surf2vol -all-info  ProgramVersion: 7.3.2  TimeStamp: 2026/03/14-09:44:37-GMT  BuildTime: Aug  4 2022 06:17:15  BuildStamp: freesurfer-linux-ubuntu22_x86_64-7.3.2-20220804-6354275  User: oesteban  Machine: dna032  Platform: Linux  PlatformVersion: 5.14.0-427.37.1.el9_4.x86_64  CompilerName: GCC  CompilerVersion: 8.4.0
ProgramName: mri_surfcluster  ProgramArguments: mri_surfcluster -all-info  ProgramVersion: 7.3.2  TimeStamp: 2026/03/14-09:44:37-GMT  BuildTime: Aug  4 2022 06:17:15  BuildStamp: freesurfer-linux-ubuntu22_x86_64-7.3.2-20220804-6354275  User: oesteban  Machine: dna032  Platform: Linux  PlatformVersion: 5.14.0-427.37.1.el9_4.x86_64  CompilerName: GCC  CompilerVersion: 8.4.0
ProgramName: mris_volmask  ProgramArguments: mris_volmask -all-info  ProgramVersion: 7.3.2  TimeStamp: 2026/03/14-09:44:37-GMT  BuildTime: Aug  4 2022 06:17:15  BuildStamp: freesurfer-linux-ubuntu22_x86_64-7.3.2-20220804-6354275  User: oesteban  Machine: dna032  Platform: Linux  PlatformVersion: 5.14.0-427.37.1.el9_4.x86_64  CompilerName: GCC  CompilerVersion: 8.4.0
ProgramName: mri_tessellate  ProgramArguments: mri_tessellate -all-info  ProgramVersion: 7.3.2  TimeStamp: 2026/03/14-09:44:37-GMT  BuildTime: Aug  4 2022 06:17:15  BuildStamp: freesurfer-linux-ubuntu22_x86_64-7.3.2-20220804-6354275  User: oesteban  Machine: dna032  Platform: Linux  PlatformVersion: 5.14.0-427.37.1.el9_4.x86_64  CompilerName: GCC  CompilerVersion: 8.4.0
ProgramName: mri_vol2surf  ProgramArguments: mri_vol2surf -all-info  ProgramVersion: 7.3.2  TimeStamp: 2026/03/14-09:44:37-GMT  BuildTime: Aug  4 2022 06:17:15  BuildStamp: freesurfer-linux-ubuntu22_x86_64-7.3.2-20220804-6354275  User: oesteban  Machine: dna032  Platform: Linux  PlatformVersion: 5.14.0-427.37.1.el9_4.x86_64  CompilerName: GCC  CompilerVersion: 8.4.0
ProgramName: mri_vol2vol  ProgramArguments: mri_vol2vol -all-info  ProgramVersion: 7.3.2  TimeStamp: 2026/03/14-09:44:37-GMT  BuildTime: Aug  4 2022 06:17:15  BuildStamp: freesurfer-linux-ubuntu22_x86_64-7.3.2-20220804-6354275  User: oesteban  Machine: dna032  Platform: Linux  PlatformVersion: 5.14.0-427.37.1.el9_4.x86_64  CompilerName: GCC  CompilerVersion: 8.4.0
ProgramName: mri_voldiff  ProgramArguments: mri_voldiff -all-info  ProgramVersion: 7.3.2  TimeStamp: 2026/03/14-09:44:37-GMT  BuildTime: Aug  4 2022 06:17:15  BuildStamp: freesurfer-linux-ubuntu22_x86_64-7.3.2-20220804-6354275  User: oesteban  Machine: dna032  Platform: Linux  PlatformVersion: 5.14.0-427.37.1.el9_4.x86_64  CompilerName: GCC  CompilerVersion: 8.4.0
ProgramName: mri_watershed  ProgramArguments: mri_watershed -all-info  ProgramVersion: 7.3.2  TimeStamp: 2026/03/14-09:44:37-GMT  BuildTime: Aug  4 2022 06:17:15  BuildStamp: freesurfer-linux-ubuntu22_x86_64-7.3.2-20220804-6354275  User: oesteban  Machine: dna032  Platform: Linux  PlatformVersion: 5.14.0-427.37.1.el9_4.x86_64  CompilerName: GCC  CompilerVersion: 8.4.0
ProgramName: tkregister2  ProgramArguments: tkregister2_cmdl -all-info  ProgramVersion: 7.3.2  TimeStamp: 2026/03/14-09:44:37-GMT  BuildTime: Aug  4 2022 06:17:15  BuildStamp: freesurfer-linux-ubuntu22_x86_64-7.3.2-20220804-6354275  User: oesteban  Machine: dna032  Platform: Linux  PlatformVersion: 5.14.0-427.37.1.el9_4.x86_64  CompilerName: GCC  CompilerVersion: 8.4.0
mri_motion_correct.fsl 7.3.2
mri_convert -all-info 
ProgramName: mri_convert  ProgramArguments: mri_convert -all-info  ProgramVersion: 7.3.2  TimeStamp: 2026/03/14-09:44:37-GMT  BuildTime: Aug  4 2022 06:17:15  BuildStamp: freesurfer-linux-ubuntu22_x86_64-7.3.2-20220804-6354275  User: oesteban  Machine: dna032  Platform: Linux  PlatformVersion: 5.14.0-427.37.1.el9_4.x86_64  CompilerName: GCC  CompilerVersion: 8.4.0
Program nu_correct, built from:
Package MNI N3, version 1.12.0, compiled by nicks@terrier (x86_64-unknown-linux-gnu) on 2015-06-19 at 01:25:34
#######################################
GCADIR /opt/freesurfer/average
GCA RB_all_2020-01-02.gca
GCASkull RB_all_withskull_2020_01_02.gca
AvgCurvTif folding.atlas.acfb40.noaparc.i12.2016-08-02.tif
GCSDIR /opt/freesurfer/average
GCS DKaparc.atlas.acfb40.noaparc.i12.2016-08-02.gcs
#######################################
#-------------------------------------
#@# EM Registration Sat Mar 14 10:44:37 CET 2026
/out/sourcedata/freesurfer/sub-v2s9x29150_ses-1/mri

 mri_em_register -uns 3 -mask brainmask.mgz nu.mgz /opt/freesurfer/average/RB_all_2020-01-02.gca transforms/talairach.lta 

setting unknown_nbr_spacing = 3
using MR volume brainmask.mgz to mask input volume...

== Number of threads available to mri_em_register for OpenMP = 16 == 
reading 1 input volumes...
logging results to talairach.log
reading '/opt/freesurfer/average/RB_all_2020-01-02.gca'...
GCAread took 0 minutes and 1 seconds.
average std = 7.2   using min determinant for regularization = 5.2
0 singular and 884 ill-conditioned covariance matrices regularized
reading 'nu.mgz'...
MRImask(): AllowDiffGeom = 1
MRImask(): AllowDiffGeom = 1
MRImask(): AllowDiffGeom = 1
MRImask(): AllowDiffGeom = 1
MRImask(): AllowDiffGeom = 1
freeing gibbs priors...done.
accounting for voxel sizes in initial transform
bounding unknown intensity as < 5.9 or > 519.0 
total sample mean = 79.1 (1017 zeros)
************************************************
spacing=8, using 2841 sample points, tol=1.00e-05...
************************************************
register_mri: find_optimal_transform
find_optimal_transform: nsamples 2841, passno 0, spacing 8
resetting wm mean[0]: 98 --> 107
resetting gm mean[0]: 61 --> 61
input volume #1 is the most T1-like
using real data threshold=22.0
skull bounding box = (54, 70, 38) --> (188, 184, 196)
finding center of left hemi white matter
using (99, 108, 117) as brain centroid of Right_Cerebral_White_Matter...
MRImask(): AllowDiffGeom = 1
mean wm in atlas = 107, using box (83,94,98) --> (115, 121,136) to find MRI wm
before smoothing, mri peak at 108
robust fit to distribution - 108 +- 4.2
after smoothing, mri peak at 108, scaling input intensities by 0.991
scaling channel 0 by 0.990741
initial log_p = -4.069
************************************************
First Search limited to translation only.
************************************************
max log p =    -4.071229 @ (0.000, 0.000, 0.000)
max log p =    -3.981736 @ (5.263, -5.263, -5.263)
max log p =    -3.940378 @ (-2.632, 2.632, -7.895)
max log p =    -3.922779 @ (1.316, -6.579, 3.947)
max log p =    -3.906869 @ (1.974, 0.658, -1.974)
max log p =    -3.906869 @ (0.000, 0.000, 0.000)
max log p =    -3.906869 @ (0.000, 0.000, 0.000)
max log p =    -3.906869 @ (0.000, 0.000, 0.000)
Found translation: (5.9, -8.6, -11.2): log p = -3.907
****************************************
Nine parameter search.  iteration 0 nscales = 0 ...
****************************************
Result so far: scale 1.000: max_log_p=-3.553, old_max_log_p =-3.907 (thresh=-3.9)
 0.99144   0.03885  -0.12608   16.68991;
 0.00000   1.19413   0.27823  -58.31334;
 0.14032  -0.31723   1.02949   16.47128;
 0.00000   0.00000   0.00000   1.00000;
iteration took 0 minutes and 10 seconds.
****************************************
Nine parameter search.  iteration 1 nscales = 0 ...
****************************************
Result so far: scale 1.000: max_log_p=-3.536, old_max_log_p =-3.553 (thresh=-3.5)
 0.99144   0.03885  -0.12608   16.68991;
 0.00000   1.28369   0.29910  -71.63362;
 0.14032  -0.31723   1.02949   16.47128;
 0.00000   0.00000   0.00000   1.00000;
iteration took 0 minutes and 10 seconds.
****************************************
Nine parameter search.  iteration 2 nscales = 0 ...
****************************************
Result so far: scale 1.000: max_log_p=-3.536, old_max_log_p =-3.536 (thresh=-3.5)
 0.99144   0.03885  -0.12608   16.68991;
 0.00000   1.28369   0.29910  -71.63362;
 0.14032  -0.31723   1.02949   16.47128;
 0.00000   0.00000   0.00000   1.00000;
reducing scale to 0.2500
iteration took 0 minutes and 9 seconds.
****************************************
Nine parameter search.  iteration 3 nscales = 1 ...
****************************************
Result so far: scale 0.250: max_log_p=-3.274, old_max_log_p =-3.536 (thresh=-3.5)
 1.05456  -0.02824  -0.07399   7.96040;
 0.02651   1.24539   0.25206  -62.87695;
 0.07574  -0.27332   1.02467   15.63668;
 0.00000   0.00000   0.00000   1.00000;
iteration took 0 minutes and 10 seconds.
****************************************
Nine parameter search.  iteration 4 nscales = 1 ...
****************************************
Result so far: scale 0.250: max_log_p=-3.274, old_max_log_p =-3.274 (thresh=-3.3)
 1.05456  -0.02824  -0.07399   7.96040;
 0.02651   1.24539   0.25206  -62.87695;
 0.07574  -0.27332   1.02467   15.63668;
 0.00000   0.00000   0.00000   1.00000;
reducing scale to 0.0625
iteration took 0 minutes and 9 seconds.
****************************************
Nine parameter search.  iteration 5 nscales = 2 ...
****************************************
Result so far: scale 0.062: max_log_p=-3.256, old_max_log_p =-3.274 (thresh=-3.3)
 1.05801  -0.03852  -0.07638   9.04433;
 0.03573   1.24138   0.25954  -64.82882;
 0.07570  -0.28414   1.02498   17.38834;
 0.00000   0.00000   0.00000   1.00000;
iteration took 0 minutes and 8 seconds.
****************************************
Nine parameter search.  iteration 6 nscales = 2 ...
****************************************
Result so far: scale 0.062: max_log_p=-3.256, old_max_log_p =-3.256 (thresh=-3.3)
 1.05801  -0.03852  -0.07638   9.04433;
 0.03573   1.24138   0.25954  -64.82882;
 0.07570  -0.28414   1.02498   17.38834;
 0.00000   0.00000   0.00000   1.00000;
min search scale 0.025000 reached
***********************************************
Computing MAP estimate using 2841 samples...
***********************************************
dt = 5.00e-06, momentum=0.80, tol=1.00e-05
l_intensity = 1.0000
Aligning input volume to GCA...
Transform matrix
 1.05801  -0.03852  -0.07638   9.04433;
 0.03573   1.24138   0.25954  -64.82882;
 0.07570  -0.28414   1.02498   17.38834;
 0.00000   0.00000   0.00000   1.00000;
nsamples 2841
Quasinewton: input matrix
 1.05801  -0.03852  -0.07638   9.04433;
 0.03573   1.24138   0.25954  -64.82882;
 0.07570  -0.28414   1.02498   17.38834;
 0.00000   0.00000   0.00000   1.00000;
 IFLAG= -1  LINE SEARCH FAILED. SEE DOCUMENTATION OF ROUTINE MCSRCH ERROR RETURN OF LINE SEARCH: INFO= 3 POSSIBLE CAUSES: FUNCTION OR GRADIENT ARE INCORRECT OR INCORRECT TOLERANCESoutof QuasiNewtonEMA: 009: -log(p) =   -0.0  tol 0.000010
Resulting transform:
 1.05801  -0.03852  -0.07638   9.04433;
 0.03573   1.24138   0.25954  -64.82882;
 0.07570  -0.28414   1.02498   17.38834;
 0.00000   0.00000   0.00000   1.00000;

pass 1, spacing 8: log(p) = -3.256 (old=-4.069)
transform before final EM align:
 1.05801  -0.03852  -0.07638   9.04433;
 0.03573   1.24138   0.25954  -64.82882;
 0.07570  -0.28414   1.02498   17.38834;
 0.00000   0.00000   0.00000   1.00000;

**************************************************
 EM alignment process ...
 Computing final MAP estimate using 315638 samples. 
**************************************************
dt = 5.00e-06, momentum=0.80, tol=1.00e-07
l_intensity = 1.0000
Aligning input volume to GCA...
Transform matrix
 1.05801  -0.03852  -0.07638   9.04433;
 0.03573   1.24138   0.25954  -64.82882;
 0.07570  -0.28414   1.02498   17.38834;
 0.00000   0.00000   0.00000   1.00000;
nsamples 315638
Quasinewton: input matrix
 1.05801  -0.03852  -0.07638   9.04433;
 0.03573   1.24138   0.25954  -64.82882;
 0.07570  -0.28414   1.02498   17.38834;
 0.00000   0.00000   0.00000   1.00000;
 IFLAG= -1  LINE SEARCH FAILED. SEE DOCUMENTATION OF ROUTINE MCSRCH ERROR RETURN OF LINE SEARCH: INFO= 6 POSSIBLE CAUSES: FUNCTION OR GRADIENT ARE INCORRECT OR INCORRECT TOLERANCESoutof QuasiNewtonEMA: 011: -log(p) =    3.8  tol 0.000000
final transform:
 1.05801  -0.03852  -0.07638   9.04433;
 0.03573   1.24138   0.25954  -64.82882;
 0.07570  -0.28414   1.02498   17.38834;
 0.00000   0.00000   0.00000   1.00000;

writing output transformation to transforms/talairach.lta...
#VMPC# mri_em_register VmPeak  891284
FSRUNTIME@ mri_em_register  0.0260 hours 16 threads
registration took 1 minutes and 34 seconds.

Started at Sat Mar 14 10:44:36 CET 2026 
Ended   at Sat Mar 14 10:46:10 CET 2026
#@#%# recon-all-run-time-hours 0.026
recon-all -s sub-v2s9x29150_ses-1 finished without error at Sat Mar 14 10:46:10 CET 2026



#New# invocation of recon-all 




Sat Mar 14 10:46:14 CET 2026
cd /out/sourcedata/freesurfer/sub-v2s9x29150_ses-1
setenv SUBJECTS_DIR /out/sourcedata/freesurfer
/opt/freesurfer/bin/recon-all -autorecon2-volonly -openmp 16 -subjid sub-v2s9x29150_ses-1 -sd /out/sourcedata/freesurfer -nogcareg

subjid sub-v2s9x29150_ses-1
setenv SUBJECTS_DIR /out/sourcedata/freesurfer
FREESURFER_HOME /opt/freesurfer
Actual FREESURFER_HOME /opt/freesurfer
build-stamp.txt: freesurfer-linux-ubuntu22_x86_64-7.3.2-20220804-6354275
Linux dna032 5.14.0-427.37.1.el9_4.x86_64 #1 SMP PREEMPT_DYNAMIC Fri Sep 13 12:41:50 EDT 2024 x86_64 x86_64 x86_64 GNU/Linux
cputime      unlimited
filesize     unlimited
datasize     unlimited
stacksize    8192 kbytes
coredumpsize 0 kbytes
memoryuse    67108864 kbytes
vmemoryuse   unlimited
descriptors  1024 
memorylocked unlimited
maxproc      2061970 
maxlocks     unlimited
maxsignal    2061970 
maxmessage   819200 
maxnice      0 
maxrtprio    0 
maxrttime    unlimited

               total        used        free      shared  buff/cache   available
Mem:           503Gi        50Gi       307Gi       9.0Gi       144Gi       440Gi
Swap:             0B          0B          0B

########################################
program versions used
7.3.2 (freesurfer-linux-ubuntu22_x86_64-7.3.2-20220804-6354275)
7.3.2

ProgramName: lta_convert  ProgramArguments: lta_convert -all-info  ProgramVersion: 7.3.2  TimeStamp: 2026/03/14-09:46:14-GMT  BuildTime: Aug  4 2022 06:17:15  BuildStamp: freesurfer-linux-ubuntu22_x86_64-7.3.2-20220804-6354275  User: oesteban  Machine: dna032  Platform: Linux  PlatformVersion: 5.14.0-427.37.1.el9_4.x86_64  CompilerName: GCC  CompilerVersion: 8.4.0
ProgramName: mri_and  ProgramArguments: mri_and -all-info  ProgramVersion: 7.3.2  TimeStamp: 2026/03/14-09:46:14-GMT  BuildTime: Aug  4 2022 06:17:15  BuildStamp: freesurfer-linux-ubuntu22_x86_64-7.3.2-20220804-6354275  User: oesteban  Machine: dna032  Platform: Linux  PlatformVersion: 5.14.0-427.37.1.el9_4.x86_64  CompilerName: GCC  CompilerVersion: 8.4.0
ProgramName: mri_annotation2label  ProgramArguments: mri_annotation2label -all-info  ProgramVersion: 7.3.2  TimeStamp: 2026/03/14-09:46:14-GMT  BuildTime: Aug  4 2022 06:17:15  BuildStamp: freesurfer-linux-ubuntu22_x86_64-7.3.2-20220804-6354275  User: oesteban  Machine: dna032  Platform: Linux  PlatformVersion: 5.14.0-427.37.1.el9_4.x86_64  CompilerName: GCC  CompilerVersion: 8.4.0
ProgramName: mri_aparc2aseg  ProgramArguments: mri_aparc2aseg -all-info  ProgramVersion: 7.3.2  TimeStamp: 2026/03/14-09:46:14-GMT  BuildTime: Aug  4 2022 06:17:15  BuildStamp: freesurfer-linux-ubuntu22_x86_64-7.3.2-20220804-6354275  User: oesteban  Machine: dna032  Platform: Linux  PlatformVersion: 5.14.0-427.37.1.el9_4.x86_64  CompilerName: GCC  CompilerVersion: 8.4.0
ProgramName: mri_surf2volseg  ProgramArguments: mri_surf2volseg -all-info  ProgramVersion: 7.3.2  TimeStamp: 2026/03/14-09:46:14-GMT  BuildTime: Aug  4 2022 06:17:15  BuildStamp: freesurfer-linux-ubuntu22_x86_64-7.3.2-20220804-6354275  User: oesteban  Machine: dna032  Platform: Linux  PlatformVersion: 5.14.0-427.37.1.el9_4.x86_64  CompilerName: GCC  CompilerVersion: 8.4.0
ProgramName: mri_binarize  ProgramArguments: mri_binarize -all-info  ProgramVersion: 7.3.2  TimeStamp: 2026/03/14-09:46:14-GMT  BuildTime: Aug  4 2022 06:17:15  BuildStamp: freesurfer-linux-ubuntu22_x86_64-7.3.2-20220804-6354275  User: oesteban  Machine: dna032  Platform: Linux  PlatformVersion: 5.14.0-427.37.1.el9_4.x86_64  CompilerName: GCC  CompilerVersion: 8.4.0
ProgramName: mri_ca_label  ProgramArguments: mri_ca_label -all-info  ProgramVersion: 7.3.2  TimeStamp: 2026/03/14-09:46:14-GMT  BuildTime: Aug  4 2022 06:17:15  BuildStamp: freesurfer-linux-ubuntu22_x86_64-7.3.2-20220804-6354275  User: oesteban  Machine: dna032  Platform: Linux  PlatformVersion: 5.14.0-427.37.1.el9_4.x86_64  CompilerName: GCC  CompilerVersion: 8.4.0
ProgramName: mri_ca_normalize  ProgramArguments: mri_ca_normalize -all-info  ProgramVersion: 7.3.2  TimeStamp: 2026/03/14-09:46:14-GMT  BuildTime: Aug  4 2022 06:17:15  BuildStamp: freesurfer-linux-ubuntu22_x86_64-7.3.2-20220804-6354275  User: oesteban  Machine: dna032  Platform: Linux  PlatformVersion: 5.14.0-427.37.1.el9_4.x86_64  CompilerName: GCC  CompilerVersion: 8.4.0
ProgramName: mri_ca_register  ProgramArguments: mri_ca_register -all-info  ProgramVersion: 7.3.2  TimeStamp: 2026/03/14-09:46:14-GMT  BuildTime: Aug  4 2022 06:17:15  BuildStamp: freesurfer-linux-ubuntu22_x86_64-7.3.2-20220804-6354275  User: oesteban  Machine: dna032  Platform: Linux  PlatformVersion: 5.14.0-427.37.1.el9_4.x86_64  CompilerName: GCC  CompilerVersion: 8.4.0
ProgramName: mri_cc  ProgramArguments: mri_cc -all-info  ProgramVersion: 7.3.2  TimeStamp: 2026/03/14-09:46:14-GMT  BuildTime: Aug  4 2022 06:17:15  BuildStamp: freesurfer-linux-ubuntu22_x86_64-7.3.2-20220804-6354275  User: oesteban  Machine: dna032  Platform: Linux  PlatformVersion: 5.14.0-427.37.1.el9_4.x86_64  CompilerName: GCC  CompilerVersion: 8.4.0
ProgramName: mri_compute_overlap  ProgramArguments: mri_compute_overlap -all-info  ProgramVersion: 7.3.2  TimeStamp: 2026/03/14-09:46:14-GMT  BuildTime: Aug  4 2022 06:17:15  BuildStamp: freesurfer-linux-ubuntu22_x86_64-7.3.2-20220804-6354275  User: oesteban  Machine: dna032  Platform: Linux  PlatformVersion: 5.14.0-427.37.1.el9_4.x86_64  CompilerName: GCC  CompilerVersion: 8.4.0
ProgramName: mri_compute_seg_overlap  ProgramArguments: mri_compute_seg_overlap -all-info  ProgramVersion: 7.3.2  TimeStamp: 2026/03/14-09:46:14-GMT  BuildTime: Aug  4 2022 06:17:15  BuildStamp: freesurfer-linux-ubuntu22_x86_64-7.3.2-20220804-6354275  User: oesteban  Machine: dna032  Platform: Linux  PlatformVersion: 5.14.0-427.37.1.el9_4.x86_64  CompilerName: GCC  CompilerVersion: 8.4.0
ProgramName: mri_concat  ProgramArguments: mri_concat -all-info  ProgramVersion: 7.3.2  TimeStamp: 2026/03/14-09:46:14-GMT  BuildTime: Aug  4 2022 06:17:15  BuildStamp: freesurfer-linux-ubuntu22_x86_64-7.3.2-20220804-6354275  User: oesteban  Machine: dna032  Platform: Linux  PlatformVersion: 5.14.0-427.37.1.el9_4.x86_64  CompilerName: GCC  CompilerVersion: 8.4.0
ProgramName: mri_concatenate_lta  ProgramArguments: mri_concatenate_lta -all-info  ProgramVersion: 7.3.2  TimeStamp: 2026/03/14-09:46:14-GMT  BuildTime: Aug  4 2022 06:17:15  BuildStamp: freesurfer-linux-ubuntu22_x86_64-7.3.2-20220804-6354275  User: oesteban  Machine: dna032  Platform: Linux  PlatformVersion: 5.14.0-427.37.1.el9_4.x86_64  CompilerName: GCC  CompilerVersion: 8.4.0
mri_convert -all-info 
ProgramName: mri_convert  ProgramArguments: mri_convert -all-info  ProgramVersion: 7.3.2  TimeStamp: 2026/03/14-09:46:14-GMT  BuildTime: Aug  4 2022 06:17:15  BuildStamp: freesurfer-linux-ubuntu22_x86_64-7.3.2-20220804-6354275  User: oesteban  Machine: dna032  Platform: Linux  PlatformVersion: 5.14.0-427.37.1.el9_4.x86_64  CompilerName: GCC  CompilerVersion: 8.4.0
ProgramName: mri_diff  ProgramArguments: mri_diff -all-info  ProgramVersion: 7.3.2  TimeStamp: 2026/03/14-09:46:14-GMT  BuildTime: Aug  4 2022 06:17:15  BuildStamp: freesurfer-linux-ubuntu22_x86_64-7.3.2-20220804-6354275  User: oesteban  Machine: dna032  Platform: Linux  PlatformVersion: 5.14.0-427.37.1.el9_4.x86_64  CompilerName: GCC  CompilerVersion: 8.4.0
ProgramName: mri_edit_wm_with_aseg  ProgramArguments: mri_edit_wm_with_aseg -all-info  ProgramVersion: 7.3.2  TimeStamp: 2026/03/14-09:46:14-GMT  BuildTime: Aug  4 2022 06:17:15  BuildStamp: freesurfer-linux-ubuntu22_x86_64-7.3.2-20220804-6354275  User: oesteban  Machine: dna032  Platform: Linux  PlatformVersion: 5.14.0-427.37.1.el9_4.x86_64  CompilerName: GCC  CompilerVersion: 8.4.0
ProgramName: mri_em_register  ProgramArguments: mri_em_register -all-info  ProgramVersion: 7.3.2  TimeStamp: 2026/03/14-09:46:14-GMT  BuildTime: Aug  4 2022 06:17:15  BuildStamp: freesurfer-linux-ubuntu22_x86_64-7.3.2-20220804-6354275  User: oesteban  Machine: dna032  Platform: Linux  PlatformVersion: 5.14.0-427.37.1.el9_4.x86_64  CompilerName: GCC  CompilerVersion: 8.4.0
ProgramName: mri_fill  ProgramArguments: mri_fill -all-info  ProgramVersion: 7.3.2  TimeStamp: 2026/03/14-09:46:14-GMT  BuildTime: Aug  4 2022 06:17:15  BuildStamp: freesurfer-linux-ubuntu22_x86_64-7.3.2-20220804-6354275  User: oesteban  Machine: dna032  Platform: Linux  PlatformVersion: 5.14.0-427.37.1.el9_4.x86_64  CompilerName: GCC  CompilerVersion: 8.4.0
ProgramName: mri_fuse_segmentations  ProgramArguments: mri_fuse_segmentations -all-info  ProgramVersion: 7.3.2  TimeStamp: 2026/03/14-09:46:14-GMT  BuildTime: Aug  4 2022 06:17:15  BuildStamp: freesurfer-linux-ubuntu22_x86_64-7.3.2-20220804-6354275  User: oesteban  Machine: dna032  Platform: Linux  PlatformVersion: 5.14.0-427.37.1.el9_4.x86_64  CompilerName: GCC  CompilerVersion: 8.4.0
ProgramName: mri_fwhm  ProgramArguments: mri_fwhm -all-info  ProgramVersion: 7.3.2  TimeStamp: 2026/03/14-09:46:14-GMT  BuildTime: Aug  4 2022 06:17:15  BuildStamp: freesurfer-linux-ubuntu22_x86_64-7.3.2-20220804-6354275  User: oesteban  Machine: dna032  Platform: Linux  PlatformVersion: 5.14.0-427.37.1.el9_4.x86_64  CompilerName: GCC  CompilerVersion: 8.4.0
ProgramName: mri_gcut  ProgramArguments: mri_gcut -all-info  ProgramVersion: 7.3.2  TimeStamp: 2026/03/14-09:46:14-GMT  BuildTime: Aug  4 2022 06:17:15  BuildStamp: freesurfer-linux-ubuntu22_x86_64-7.3.2-20220804-6354275  User: oesteban  Machine: dna032  Platform: Linux  PlatformVersion: 5.14.0-427.37.1.el9_4.x86_64  CompilerName: GCC  CompilerVersion: 8.4.0
ProgramName: mri_info  ProgramArguments: mri_info -all-info  ProgramVersion: 7.3.2  TimeStamp: 2026/03/14-09:46:14-GMT  BuildTime: Aug  4 2022 06:17:15  BuildStamp: freesurfer-linux-ubuntu22_x86_64-7.3.2-20220804-6354275  User: oesteban  Machine: dna032  Platform: Linux  PlatformVersion: 5.14.0-427.37.1.el9_4.x86_64  CompilerName: GCC  CompilerVersion: 8.4.0
ProgramName: mri_label2label  ProgramArguments: mri_label2label -all-info  ProgramVersion: 7.3.2  TimeStamp: 2026/03/14-09:46:14-GMT  BuildTime: Aug  4 2022 06:17:15  BuildStamp: freesurfer-linux-ubuntu22_x86_64-7.3.2-20220804-6354275  User: oesteban  Machine: dna032  Platform: Linux  PlatformVersion: 5.14.0-427.37.1.el9_4.x86_64  CompilerName: GCC  CompilerVersion: 8.4.0
ProgramName: mri_label2vol  ProgramArguments: mri_label2vol -all-info  ProgramVersion: 7.3.2  TimeStamp: 2026/03/14-09:46:14-GMT  BuildTime: Aug  4 2022 06:17:15  BuildStamp: freesurfer-linux-ubuntu22_x86_64-7.3.2-20220804-6354275  User: oesteban  Machine: dna032  Platform: Linux  PlatformVersion: 5.14.0-427.37.1.el9_4.x86_64  CompilerName: GCC  CompilerVersion: 8.4.0
ProgramName: mri_log_likelihood  ProgramArguments: mri_log_likelihood -all-info  ProgramVersion: 7.3.2  TimeStamp: 2026/03/14-09:46:14-GMT  BuildTime: Aug  4 2022 06:17:15  BuildStamp: freesurfer-linux-ubuntu22_x86_64-7.3.2-20220804-6354275  User: oesteban  Machine: dna032  Platform: Linux  PlatformVersion: 5.14.0-427.37.1.el9_4.x86_64  CompilerName: GCC  CompilerVersion: 8.4.0
ProgramName: mri_mask  ProgramArguments: mri_mask -all-info  ProgramVersion: 7.3.2  TimeStamp: 2026/03/14-09:46:14-GMT  BuildTime: Aug  4 2022 06:17:15  BuildStamp: freesurfer-linux-ubuntu22_x86_64-7.3.2-20220804-6354275  User: oesteban  Machine: dna032  Platform: Linux  PlatformVersion: 5.14.0-427.37.1.el9_4.x86_64  CompilerName: GCC  CompilerVersion: 8.4.0
ProgramName: mri_matrix_multiply  ProgramArguments: mri_matrix_multiply -all-info  ProgramVersion: 7.3.2  TimeStamp: 2026/03/14-09:46:14-GMT  BuildTime: Aug  4 2022 06:17:15  BuildStamp: freesurfer-linux-ubuntu22_x86_64-7.3.2-20220804-6354275  User: oesteban  Machine: dna032  Platform: Linux  PlatformVersion: 5.14.0-427.37.1.el9_4.x86_64  CompilerName: GCC  CompilerVersion: 8.4.0
ProgramName: mri_normalize  ProgramArguments: mri_normalize -all-info  ProgramVersion: 7.3.2  TimeStamp: 2026/03/14-09:46:14-GMT  BuildTime: Aug  4 2022 06:17:15  BuildStamp: freesurfer-linux-ubuntu22_x86_64-7.3.2-20220804-6354275  User: oesteban  Machine: dna032  Platform: Linux  PlatformVersion: 5.14.0-427.37.1.el9_4.x86_64  CompilerName: GCC  CompilerVersion: 8.4.0
ProgramName: mri_normalize_tp2  ProgramArguments: mri_normalize_tp2 -all-info  ProgramVersion: 7.3.2  TimeStamp: 2026/03/14-09:46:14-GMT  BuildTime: Aug  4 2022 06:17:15  BuildStamp: freesurfer-linux-ubuntu22_x86_64-7.3.2-20220804-6354275  User: oesteban  Machine: dna032  Platform: Linux  PlatformVersion: 5.14.0-427.37.1.el9_4.x86_64  CompilerName: GCC  CompilerVersion: 8.4.0
ProgramName: mri_or  ProgramArguments: mri_or -all-info  ProgramVersion: 7.3.2  TimeStamp: 2026/03/14-09:46:14-GMT  BuildTime: Aug  4 2022 06:17:15  BuildStamp: freesurfer-linux-ubuntu22_x86_64-7.3.2-20220804-6354275  User: oesteban  Machine: dna032  Platform: Linux  PlatformVersion: 5.14.0-427.37.1.el9_4.x86_64  CompilerName: GCC  CompilerVersion: 8.4.0
ProgramName: mri_relabel_hypointensities  ProgramArguments: mri_relabel_hypointensities -all-info  ProgramVersion: 7.3.2  TimeStamp: 2026/03/14-09:46:14-GMT  BuildTime: Aug  4 2022 06:17:15  BuildStamp: freesurfer-linux-ubuntu22_x86_64-7.3.2-20220804-6354275  User: oesteban  Machine: dna032  Platform: Linux  PlatformVersion: 5.14.0-427.37.1.el9_4.x86_64  CompilerName: GCC  CompilerVersion: 8.4.0
ProgramName: mri_relabel_nonwm_hypos  ProgramArguments: mri_relabel_nonwm_hypos -all-info  ProgramVersion: 7.3.2  TimeStamp: 2026/03/14-09:46:14-GMT  BuildTime: Aug  4 2022 06:17:15  BuildStamp: freesurfer-linux-ubuntu22_x86_64-7.3.2-20220804-6354275  User: oesteban  Machine: dna032  Platform: Linux  PlatformVersion: 5.14.0-427.37.1.el9_4.x86_64  CompilerName: GCC  CompilerVersion: 8.4.0
ProgramName: mri_remove_neck  ProgramArguments: mri_remove_neck -all-info  ProgramVersion: 7.3.2  TimeStamp: 2026/03/14-09:46:14-GMT  BuildTime: Aug  4 2022 06:17:15  BuildStamp: freesurfer-linux-ubuntu22_x86_64-7.3.2-20220804-6354275  User: oesteban  Machine: dna032  Platform: Linux  PlatformVersion: 5.14.0-427.37.1.el9_4.x86_64  CompilerName: GCC  CompilerVersion: 8.4.0
7.3.2

ProgramName: mri_robust_register  ProgramArguments: mri_robust_register -all-info  ProgramVersion: 7.3.2  TimeStamp: 2026/03/14-09:46:14-GMT  BuildTime: Aug  4 2022 06:17:15  BuildStamp: freesurfer-linux-ubuntu22_x86_64-7.3.2-20220804-6354275  User: oesteban  Machine: dna032  Platform: Linux  PlatformVersion: 5.14.0-427.37.1.el9_4.x86_64  CompilerName: GCC  CompilerVersion: 8.4.0
7.3.2

ProgramName: mri_robust_template  ProgramArguments: mri_robust_template -all-info  ProgramVersion: 7.3.2  TimeStamp: 2026/03/14-09:46:14-GMT  BuildTime: Aug  4 2022 06:17:15  BuildStamp: freesurfer-linux-ubuntu22_x86_64-7.3.2-20220804-6354275  User: oesteban  Machine: dna032  Platform: Linux  PlatformVersion: 5.14.0-427.37.1.el9_4.x86_64  CompilerName: GCC  CompilerVersion: 8.4.0
ProgramName: mris_anatomical_stats  ProgramArguments: mris_anatomical_stats -all-info  ProgramVersion: 7.3.2  TimeStamp: 2026/03/14-09:46:14-GMT  BuildTime: Aug  4 2022 06:17:15  BuildStamp: freesurfer-linux-ubuntu22_x86_64-7.3.2-20220804-6354275  User: oesteban  Machine: dna032  Platform: Linux  PlatformVersion: 5.14.0-427.37.1.el9_4.x86_64  CompilerName: GCC  CompilerVersion: 8.4.0
ProgramName: mris_ca_label  ProgramArguments: mris_ca_label -all-info  ProgramVersion: 7.3.2  TimeStamp: 2026/03/14-09:46:14-GMT  BuildTime: Aug  4 2022 06:17:15  BuildStamp: freesurfer-linux-ubuntu22_x86_64-7.3.2-20220804-6354275  User: oesteban  Machine: dna032  Platform: Linux  PlatformVersion: 5.14.0-427.37.1.el9_4.x86_64  CompilerName: GCC  CompilerVersion: 8.4.0
ProgramName: mris_calc  ProgramArguments: mris_calc -all-info  ProgramVersion: 7.3.2  TimeStamp: 2026/03/14-09:46:14-GMT  BuildTime: Aug  4 2022 06:17:15  BuildStamp: freesurfer-linux-ubuntu22_x86_64-7.3.2-20220804-6354275  User: oesteban  Machine: dna032  Platform: Linux  PlatformVersion: 5.14.0-427.37.1.el9_4.x86_64  CompilerName: GCC  CompilerVersion: 8.4.0
ProgramName: mris_convert  ProgramArguments: mris_convert -all-info  ProgramVersion: 7.3.2  TimeStamp: 2026/03/14-09:46:14-GMT  BuildTime: Aug  4 2022 06:17:15  BuildStamp: freesurfer-linux-ubuntu22_x86_64-7.3.2-20220804-6354275  User: oesteban  Machine: dna032  Platform: Linux  PlatformVersion: 5.14.0-427.37.1.el9_4.x86_64  CompilerName: GCC  CompilerVersion: 8.4.0
ProgramName: mris_curvature  ProgramArguments: mris_curvature -all-info  ProgramVersion: 7.3.2  TimeStamp: 2026/03/14-09:46:14-GMT  BuildTime: Aug  4 2022 06:17:15  BuildStamp: freesurfer-linux-ubuntu22_x86_64-7.3.2-20220804-6354275  User: oesteban  Machine: dna032  Platform: Linux  PlatformVersion: 5.14.0-427.37.1.el9_4.x86_64  CompilerName: GCC  CompilerVersion: 8.4.0
ProgramName: mris_curvature_stats  ProgramArguments: mris_curvature_stats -all-info  ProgramVersion: 7.3.2  TimeStamp: 2026/03/14-09:46:14-GMT  BuildTime: Aug  4 2022 06:17:15  BuildStamp: freesurfer-linux-ubuntu22_x86_64-7.3.2-20220804-6354275  User: oesteban  Machine: dna032  Platform: Linux  PlatformVersion: 5.14.0-427.37.1.el9_4.x86_64  CompilerName: GCC  CompilerVersion: 8.4.0
ProgramName: mris_diff  ProgramArguments: mris_diff -all-info  ProgramVersion: 7.3.2  TimeStamp: 2026/03/14-09:46:14-GMT  BuildTime: Aug  4 2022 06:17:15  BuildStamp: freesurfer-linux-ubuntu22_x86_64-7.3.2-20220804-6354275  User: oesteban  Machine: dna032  Platform: Linux  PlatformVersion: 5.14.0-427.37.1.el9_4.x86_64  CompilerName: GCC  CompilerVersion: 8.4.0
ProgramName: mris_divide_parcellation  ProgramArguments: mris_divide_parcellation -all-info  ProgramVersion: 7.3.2  TimeStamp: 2026/03/14-09:46:14-GMT  BuildTime: Aug  4 2022 06:17:15  BuildStamp: freesurfer-linux-ubuntu22_x86_64-7.3.2-20220804-6354275  User: oesteban  Machine: dna032  Platform: Linux  PlatformVersion: 5.14.0-427.37.1.el9_4.x86_64  CompilerName: GCC  CompilerVersion: 8.4.0
ProgramName: mri_segment  ProgramArguments: mri_segment -all-info  ProgramVersion: 7.3.2  TimeStamp: 2026/03/14-09:46:14-GMT  BuildTime: Aug  4 2022 06:17:15  BuildStamp: freesurfer-linux-ubuntu22_x86_64-7.3.2-20220804-6354275  User: oesteban  Machine: dna032  Platform: Linux  PlatformVersion: 5.14.0-427.37.1.el9_4.x86_64  CompilerName: GCC  CompilerVersion: 8.4.0
ProgramName: mri_segstats  ProgramArguments: mri_segstats -all-info  ProgramVersion: 7.3.2  TimeStamp: 2026/03/14-09:46:14-GMT  BuildTime: Aug  4 2022 06:17:15  BuildStamp: freesurfer-linux-ubuntu22_x86_64-7.3.2-20220804-6354275  User: oesteban  Machine: dna032  Platform: Linux  PlatformVersion: 5.14.0-427.37.1.el9_4.x86_64  CompilerName: GCC  CompilerVersion: 8.4.0
ProgramName: mris_euler_number  ProgramArguments: mris_euler_number -all-info  ProgramVersion: 7.3.2  TimeStamp: 2026/03/14-09:46:14-GMT  BuildTime: Aug  4 2022 06:17:15  BuildStamp: freesurfer-linux-ubuntu22_x86_64-7.3.2-20220804-6354275  User: oesteban  Machine: dna032  Platform: Linux  PlatformVersion: 5.14.0-427.37.1.el9_4.x86_64  CompilerName: GCC  CompilerVersion: 8.4.0
ProgramName: mris_fix_topology  ProgramArguments: mris_fix_topology -all-info  ProgramVersion: 7.3.2  TimeStamp: 2026/03/14-09:46:14-GMT  BuildTime: Aug  4 2022 06:17:15  BuildStamp: freesurfer-linux-ubuntu22_x86_64-7.3.2-20220804-6354275  User: oesteban  Machine: dna032  Platform: Linux  PlatformVersion: 5.14.0-427.37.1.el9_4.x86_64  CompilerName: GCC  CompilerVersion: 8.4.0
ProgramName: mris_topo_fixer  ProgramArguments: mris_topo_fixer -all-info  ProgramVersion: 7.3.2  TimeStamp: 2026/03/14-09:46:14-GMT  BuildTime: Aug  4 2022 06:17:15  BuildStamp: freesurfer-linux-ubuntu22_x86_64-7.3.2-20220804-6354275  User: oesteban  Machine: dna032  Platform: Linux  PlatformVersion: 5.14.0-427.37.1.el9_4.x86_64  CompilerName: GCC  CompilerVersion: 8.4.0
ProgramName: mris_jacobian  ProgramArguments: mris_jacobian -all-info  ProgramVersion: 7.3.2  TimeStamp: 2026/03/14-09:46:14-GMT  BuildTime: Aug  4 2022 06:17:15  BuildStamp: freesurfer-linux-ubuntu22_x86_64-7.3.2-20220804-6354275  User: oesteban  Machine: dna032  Platform: Linux  PlatformVersion: 5.14.0-427.37.1.el9_4.x86_64  CompilerName: GCC  CompilerVersion: 8.4.0
ProgramName: mris_label2annot  ProgramArguments: mris_label2annot -all-info  ProgramVersion: 7.3.2  TimeStamp: 2026/03/14-09:46:14-GMT  BuildTime: Aug  4 2022 06:17:15  BuildStamp: freesurfer-linux-ubuntu22_x86_64-7.3.2-20220804-6354275  User: oesteban  Machine: dna032  Platform: Linux  PlatformVersion: 5.14.0-427.37.1.el9_4.x86_64  CompilerName: GCC  CompilerVersion: 8.4.0
ProgramName: mris_left_right_register  ProgramArguments: mris_left_right_register -all-info  ProgramVersion: 7.3.2  TimeStamp: 2026/03/14-09:46:14-GMT  BuildTime: Aug  4 2022 06:17:15  BuildStamp: freesurfer-linux-ubuntu22_x86_64-7.3.2-20220804-6354275  User: oesteban  Machine: dna032  Platform: Linux  PlatformVersion: 5.14.0-427.37.1.el9_4.x86_64  CompilerName: GCC  CompilerVersion: 8.4.0
ProgramName: mris_place_surface  ProgramArguments: mris_place_surface -all-info  ProgramVersion: 7.3.2  TimeStamp: 2026/03/14-09:46:14-GMT  BuildTime: Aug  4 2022 06:17:15  BuildStamp: freesurfer-linux-ubuntu22_x86_64-7.3.2-20220804-6354275  User: oesteban  Machine: dna032  Platform: Linux  PlatformVersion: 5.14.0-427.37.1.el9_4.x86_64  CompilerName: GCC  CompilerVersion: 8.4.0
ProgramName: mrisp_paint  ProgramArguments: mrisp_paint -all-info  ProgramVersion: 7.3.2  TimeStamp: 2026/03/14-09:46:14-GMT  BuildTime: Aug  4 2022 06:17:15  BuildStamp: freesurfer-linux-ubuntu22_x86_64-7.3.2-20220804-6354275  User: oesteban  Machine: dna032  Platform: Linux  PlatformVersion: 5.14.0-427.37.1.el9_4.x86_64  CompilerName: GCC  CompilerVersion: 8.4.0
ProgramName: mris_register  ProgramArguments: mris_register -all-info  ProgramVersion: 7.3.2  TimeStamp: 2026/03/14-09:46:14-GMT  BuildTime: Aug  4 2022 06:17:15  BuildStamp: freesurfer-linux-ubuntu22_x86_64-7.3.2-20220804-6354275  User: oesteban  Machine: dna032  Platform: Linux  PlatformVersion: 5.14.0-427.37.1.el9_4.x86_64  CompilerName: GCC  CompilerVersion: 8.4.0
ProgramName: mris_smooth  ProgramArguments: mris_smooth -all-info  ProgramVersion: 7.3.2  TimeStamp: 2026/03/14-09:46:14-GMT  BuildTime: Aug  4 2022 06:17:15  BuildStamp: freesurfer-linux-ubuntu22_x86_64-7.3.2-20220804-6354275  User: oesteban  Machine: dna032  Platform: Linux  PlatformVersion: 5.14.0-427.37.1.el9_4.x86_64  CompilerName: GCC  CompilerVersion: 8.4.0
ProgramName: mris_sphere  ProgramArguments: mris_sphere -all-info  ProgramVersion: 7.3.2  TimeStamp: 2026/03/14-09:46:14-GMT  BuildTime: Aug  4 2022 06:17:15  BuildStamp: freesurfer-linux-ubuntu22_x86_64-7.3.2-20220804-6354275  User: oesteban  Machine: dna032  Platform: Linux  PlatformVersion: 5.14.0-427.37.1.el9_4.x86_64  CompilerName: GCC  CompilerVersion: 8.4.0
ProgramName: mris_surface_stats  ProgramArguments: mris_surface_stats -all-info  ProgramVersion: 7.3.2  TimeStamp: 2026/03/14-09:46:14-GMT  BuildTime: Aug  4 2022 06:17:15  BuildStamp: freesurfer-linux-ubuntu22_x86_64-7.3.2-20220804-6354275  User: oesteban  Machine: dna032  Platform: Linux  PlatformVersion: 5.14.0-427.37.1.el9_4.x86_64  CompilerName: GCC  CompilerVersion: 8.4.0
ProgramName: mri_stats2seg  ProgramArguments: mri_stats2seg -all-info  ProgramVersion: 7.3.2  TimeStamp: 2026/03/14-09:46:14-GMT  BuildTime: Aug  4 2022 06:17:15  BuildStamp: freesurfer-linux-ubuntu22_x86_64-7.3.2-20220804-6354275  User: oesteban  Machine: dna032  Platform: Linux  PlatformVersion: 5.14.0-427.37.1.el9_4.x86_64  CompilerName: GCC  CompilerVersion: 8.4.0
ProgramName: mris_thickness  ProgramArguments: mris_thickness -all-info  ProgramVersion: 7.3.2  TimeStamp: 2026/03/14-09:46:14-GMT  BuildTime: Aug  4 2022 06:17:15  BuildStamp: freesurfer-linux-ubuntu22_x86_64-7.3.2-20220804-6354275  User: oesteban  Machine: dna032  Platform: Linux  PlatformVersion: 5.14.0-427.37.1.el9_4.x86_64  CompilerName: GCC  CompilerVersion: 8.4.0
ProgramName: mris_thickness_diff  ProgramArguments: mris_thickness_diff -all-info  ProgramVersion: 7.3.2  TimeStamp: 2026/03/14-09:46:14-GMT  BuildTime: Aug  4 2022 06:17:15  BuildStamp: freesurfer-linux-ubuntu22_x86_64-7.3.2-20220804-6354275  User: oesteban  Machine: dna032  Platform: Linux  PlatformVersion: 5.14.0-427.37.1.el9_4.x86_64  CompilerName: GCC  CompilerVersion: 8.4.0
ProgramName: mris_topo_fixer  ProgramArguments: mris_topo_fixer -all-info  ProgramVersion: 7.3.2  TimeStamp: 2026/03/14-09:46:14-GMT  BuildTime: Aug  4 2022 06:17:15  BuildStamp: freesurfer-linux-ubuntu22_x86_64-7.3.2-20220804-6354275  User: oesteban  Machine: dna032  Platform: Linux  PlatformVersion: 5.14.0-427.37.1.el9_4.x86_64  CompilerName: GCC  CompilerVersion: 8.4.0
ProgramName: mri_surf2surf  ProgramArguments: mri_surf2surf -all-info  ProgramVersion: 7.3.2  TimeStamp: 2026/03/14-09:46:14-GMT  BuildTime: Aug  4 2022 06:17:15  BuildStamp: freesurfer-linux-ubuntu22_x86_64-7.3.2-20220804-6354275  User: oesteban  Machine: dna032  Platform: Linux  PlatformVersion: 5.14.0-427.37.1.el9_4.x86_64  CompilerName: GCC  CompilerVersion: 8.4.0
ProgramName: mri_surf2vol  ProgramArguments: mri_surf2vol -all-info  ProgramVersion: 7.3.2  TimeStamp: 2026/03/14-09:46:15-GMT  BuildTime: Aug  4 2022 06:17:15  BuildStamp: freesurfer-linux-ubuntu22_x86_64-7.3.2-20220804-6354275  User: oesteban  Machine: dna032  Platform: Linux  PlatformVersion: 5.14.0-427.37.1.el9_4.x86_64  CompilerName: GCC  CompilerVersion: 8.4.0
ProgramName: mri_surfcluster  ProgramArguments: mri_surfcluster -all-info  ProgramVersion: 7.3.2  TimeStamp: 2026/03/14-09:46:15-GMT  BuildTime: Aug  4 2022 06:17:15  BuildStamp: freesurfer-linux-ubuntu22_x86_64-7.3.2-20220804-6354275  User: oesteban  Machine: dna032  Platform: Linux  PlatformVersion: 5.14.0-427.37.1.el9_4.x86_64  CompilerName: GCC  CompilerVersion: 8.4.0
ProgramName: mris_volmask  ProgramArguments: mris_volmask -all-info  ProgramVersion: 7.3.2  TimeStamp: 2026/03/14-09:46:15-GMT  BuildTime: Aug  4 2022 06:17:15  BuildStamp: freesurfer-linux-ubuntu22_x86_64-7.3.2-20220804-6354275  User: oesteban  Machine: dna032  Platform: Linux  PlatformVersion: 5.14.0-427.37.1.el9_4.x86_64  CompilerName: GCC  CompilerVersion: 8.4.0
ProgramName: mri_tessellate  ProgramArguments: mri_tessellate -all-info  ProgramVersion: 7.3.2  TimeStamp: 2026/03/14-09:46:15-GMT  BuildTime: Aug  4 2022 06:17:15  BuildStamp: freesurfer-linux-ubuntu22_x86_64-7.3.2-20220804-6354275  User: oesteban  Machine: dna032  Platform: Linux  PlatformVersion: 5.14.0-427.37.1.el9_4.x86_64  CompilerName: GCC  CompilerVersion: 8.4.0
ProgramName: mri_vol2surf  ProgramArguments: mri_vol2surf -all-info  ProgramVersion: 7.3.2  TimeStamp: 2026/03/14-09:46:15-GMT  BuildTime: Aug  4 2022 06:17:15  BuildStamp: freesurfer-linux-ubuntu22_x86_64-7.3.2-20220804-6354275  User: oesteban  Machine: dna032  Platform: Linux  PlatformVersion: 5.14.0-427.37.1.el9_4.x86_64  CompilerName: GCC  CompilerVersion: 8.4.0
ProgramName: mri_vol2vol  ProgramArguments: mri_vol2vol -all-info  ProgramVersion: 7.3.2  TimeStamp: 2026/03/14-09:46:15-GMT  BuildTime: Aug  4 2022 06:17:15  BuildStamp: freesurfer-linux-ubuntu22_x86_64-7.3.2-20220804-6354275  User: oesteban  Machine: dna032  Platform: Linux  PlatformVersion: 5.14.0-427.37.1.el9_4.x86_64  CompilerName: GCC  CompilerVersion: 8.4.0
ProgramName: mri_voldiff  ProgramArguments: mri_voldiff -all-info  ProgramVersion: 7.3.2  TimeStamp: 2026/03/14-09:46:15-GMT  BuildTime: Aug  4 2022 06:17:15  BuildStamp: freesurfer-linux-ubuntu22_x86_64-7.3.2-20220804-6354275  User: oesteban  Machine: dna032  Platform: Linux  PlatformVersion: 5.14.0-427.37.1.el9_4.x86_64  CompilerName: GCC  CompilerVersion: 8.4.0
ProgramName: mri_watershed  ProgramArguments: mri_watershed -all-info  ProgramVersion: 7.3.2  TimeStamp: 2026/03/14-09:46:15-GMT  BuildTime: Aug  4 2022 06:17:15  BuildStamp: freesurfer-linux-ubuntu22_x86_64-7.3.2-20220804-6354275  User: oesteban  Machine: dna032  Platform: Linux  PlatformVersion: 5.14.0-427.37.1.el9_4.x86_64  CompilerName: GCC  CompilerVersion: 8.4.0
ProgramName: tkregister2  ProgramArguments: tkregister2_cmdl -all-info  ProgramVersion: 7.3.2  TimeStamp: 2026/03/14-09:46:15-GMT  BuildTime: Aug  4 2022 06:17:15  BuildStamp: freesurfer-linux-ubuntu22_x86_64-7.3.2-20220804-6354275  User: oesteban  Machine: dna032  Platform: Linux  PlatformVersion: 5.14.0-427.37.1.el9_4.x86_64  CompilerName: GCC  CompilerVersion: 8.4.0
mri_motion_correct.fsl 7.3.2
mri_convert -all-info 
ProgramName: mri_convert  ProgramArguments: mri_convert -all-info  ProgramVersion: 7.3.2  TimeStamp: 2026/03/14-09:46:15-GMT  BuildTime: Aug  4 2022 06:17:15  BuildStamp: freesurfer-linux-ubuntu22_x86_64-7.3.2-20220804-6354275  User: oesteban  Machine: dna032  Platform: Linux  PlatformVersion: 5.14.0-427.37.1.el9_4.x86_64  CompilerName: GCC  CompilerVersion: 8.4.0
Program nu_correct, built from:
Package MNI N3, version 1.12.0, compiled by nicks@terrier (x86_64-unknown-linux-gnu) on 2015-06-19 at 01:25:34
#######################################
GCADIR /opt/freesurfer/average
GCA RB_all_2020-01-02.gca
GCASkull RB_all_withskull_2020_01_02.gca
AvgCurvTif folding.atlas.acfb40.noaparc.i12.2016-08-02.tif
GCSDIR /opt/freesurfer/average
GCS DKaparc.atlas.acfb40.noaparc.i12.2016-08-02.gcs
#######################################
#--------------------------------------
#@# CA Normalize Sat Mar 14 10:46:15 CET 2026
/out/sourcedata/freesurfer/sub-v2s9x29150_ses-1/mri

 mri_ca_normalize -c ctrl_pts.mgz -mask brainmask.mgz nu.mgz /opt/freesurfer/average/RB_all_2020-01-02.gca transforms/talairach.lta norm.mgz 

writing control point volume to ctrl_pts.mgz
using MR volume brainmask.mgz to mask input volume...
reading 1 input volume
reading atlas from '/opt/freesurfer/average/RB_all_2020-01-02.gca'...
reading transform from 'transforms/talairach.lta'...
reading input volume from nu.mgz...
resetting wm mean[0]: 98 --> 107
resetting gm mean[0]: 61 --> 61
input volume #1 is the most T1-like
using real data threshold=22.0
skull bounding box = (54, 70, 38) --> (188, 184, 196)
finding center of left hemi white matter
using (99, 108, 117) as brain centroid of Right_Cerebral_White_Matter...
mean wm in atlas = 107, using box (83,94,98) --> (115, 121,136) to find MRI wm
before smoothing, mri peak at 108
robust fit to distribution - 108 +- 4.2
after smoothing, mri peak at 108, scaling input intensities by 0.991
scaling channel 0 by 0.990741
using 246437 sample points...
INFO: compute sample coordinates transform
 1.05801  -0.03852  -0.07638   9.04433;
 0.03573   1.24138   0.25954  -64.82882;
 0.07570  -0.28414   1.02498   17.38834;
 0.00000   0.00000   0.00000   1.00000;
INFO: transform used
finding control points in Left_Cerebral_White_Matter....
found 40230 control points for structure...
bounding box (119, 69, 38) --> (186, 161, 193)
Left_Cerebral_White_Matter: limiting intensities to 93.0 --> 132.0
1 of 5062 (0.0%) samples deleted
finding control points in Right_Cerebral_White_Matter....
found 39478 control points for structure...
bounding box (62, 70, 39) --> (127, 159, 196)
Right_Cerebral_White_Matter: limiting intensities to 93.0 --> 132.0
4 of 4833 (0.1%) samples deleted
finding control points in Left_Cerebellum_White_Matter....
found 3105 control points for structure...
bounding box (124, 139, 64) --> (171, 175, 116)
Left_Cerebellum_White_Matter: limiting intensities to 101.0 --> 132.0
18 of 33 (54.5%) samples deleted
finding control points in Right_Cerebellum_White_Matter....
found 2710 control points for structure...
bounding box (82, 139, 65) --> (123, 174, 119)
Right_Cerebellum_White_Matter: limiting intensities to 98.0 --> 132.0
3 of 75 (4.0%) samples deleted
finding control points in Brain_Stem....
found 3475 control points for structure...
bounding box (109, 130, 100) --> (142, 185, 128)
Brain_Stem: limiting intensities to 88.0 --> 132.0
0 of 134 (0.0%) samples deleted
using 10137 total control points for intensity normalization...
bias field = 0.987 +- 0.041
156 of 10111 control points discarded
finding control points in Left_Cerebral_White_Matter....
found 40230 control points for structure...
bounding box (119, 69, 38) --> (186, 161, 193)
Left_Cerebral_White_Matter: limiting intensities to 93.0 --> 132.0
1 of 5195 (0.0%) samples deleted
finding control points in Right_Cerebral_White_Matter....
found 39478 control points for structure...
bounding box (62, 70, 39) --> (127, 159, 196)
Right_Cerebral_White_Matter: limiting intensities to 92.0 --> 132.0
6 of 4956 (0.1%) samples deleted
finding control points in Left_Cerebellum_White_Matter....
found 3105 control points for structure...
bounding box (124, 139, 64) --> (171, 175, 116)
Left_Cerebellum_White_Matter: limiting intensities to 92.0 --> 132.0
46 of 82 (56.1%) samples deleted
finding control points in Right_Cerebellum_White_Matter....
found 2710 control points for structure...
bounding box (82, 139, 65) --> (123, 174, 119)
Right_Cerebellum_White_Matter: limiting intensities to 91.0 --> 132.0
57 of 144 (39.6%) samples deleted
finding control points in Brain_Stem....
found 3475 control points for structure...
bounding box (109, 130, 100) --> (142, 185, 128)
Brain_Stem: limiting intensities to 88.0 --> 132.0
15 of 212 (7.1%) samples deleted
using 10589 total control points for intensity normalization...
bias field = 1.004 +- 0.040
81 of 10387 control points discarded
finding control points in Left_Cerebral_White_Matter....
found 40230 control points for structure...
bounding box (119, 69, 38) --> (186, 161, 193)
Left_Cerebral_White_Matter: limiting intensities to 93.0 --> 132.0
5 of 5277 (0.1%) samples deleted
finding control points in Right_Cerebral_White_Matter....
found 39478 control points for structure...
bounding box (62, 70, 39) --> (127, 159, 196)
Right_Cerebral_White_Matter: limiting intensities to 91.0 --> 132.0
10 of 5020 (0.2%) samples deleted
finding control points in Left_Cerebellum_White_Matter....
found 3105 control points for structure...
bounding box (124, 139, 64) --> (171, 175, 116)
Left_Cerebellum_White_Matter: limiting intensities to 88.0 --> 132.0
64 of 110 (58.2%) samples deleted
finding control points in Right_Cerebellum_White_Matter....
found 2710 control points for structure...
bounding box (82, 139, 65) --> (123, 174, 119)
Right_Cerebellum_White_Matter: limiting intensities to 88.0 --> 132.0
46 of 153 (30.1%) samples deleted
finding control points in Brain_Stem....
found 3475 control points for structure...
bounding box (109, 130, 100) --> (142, 185, 128)
Brain_Stem: limiting intensities to 88.0 --> 132.0
57 of 259 (22.0%) samples deleted
using 10819 total control points for intensity normalization...
bias field = 1.003 +- 0.038
37 of 10442 control points discarded
writing normalized volume to norm.mgz...
writing control points to ctrl_pts.mgz
freeing GCA...done.
normalization took 1 minutes and 22 seconds.
#--------------------------------------
#@# CA Reg Sat Mar 14 10:47:37 CET 2026
/out/sourcedata/freesurfer/sub-v2s9x29150_ses-1/mri

 mri_ca_register -nobigventricles -T transforms/talairach.lta -align-after -mask brainmask.mgz norm.mgz /opt/freesurfer/average/RB_all_2020-01-02.gca transforms/talairach.m3z 

not handling expanded ventricles...
using previously computed transform transforms/talairach.lta
renormalizing sequences with structure alignment, equivalent to:
	-renormalize
	-regularize_mean 0.500
	-regularize 0.500
using MR volume brainmask.mgz to mask input volume...

== Number of threads available to mri_ca_register for OpenMP = 16 == 
reading 1 input volumes...
logging results to talairach.log
reading input volume 'norm.mgz'...
reading GCA '/opt/freesurfer/average/RB_all_2020-01-02.gca'...
label assignment complete, 0 changed (0.00%)
freeing gibbs priors...done.
average std[0] = 5.0
Starting GCAMregister()
label assignment complete, 0 changed (0.00%)
npasses = 1, nlevels = 6
#pass# 1 of 1 ************************
enabling zero nodes
setting smoothness cost coefficient to 0.156

#GCAMreg# pass 0 level1 5 level2 0 tsec 0 sigma 2
l_jacobian=1.00 l_label=1.00 l_log_likelihood=0.20 l_smoothness=0.16 
tol=2.50e-01, dt=5.00e-02, exp_k=20.0, momentum=0.90, levels=6, niter=500, lbl_dist=10.00, avgs=256, sigma=2.0,type=2, relabel=0, neg=no

blurring input image with Gaussian with sigma=2.000...
GCAMRegisterLevel(): init RMS 0.844393
#FOTS# QuadFit found better minimum quadopt=(dt=262.417,rms=0.7619) vs oldopt=(dt=92.48,rms=0.787887)
#GCMRL#    0 dt 262.416887 rms  0.762  9.769% neg 0  invalid 762 tFOTS 3.1120 tGradient 2.7240 tsec 6.0810
#FOTS# QuadFit found better minimum quadopt=(dt=152.44,rms=0.737439) vs oldopt=(dt=92.48,rms=0.741583)
#GCMRL#    1 dt 152.440497 rms  0.737  3.211% neg 0  invalid 762 tFOTS 3.3140 tGradient 2.9160 tsec 6.4750
#FOTS# QuadFit found better minimum quadopt=(dt=295.936,rms=0.726571) vs oldopt=(dt=369.92,rms=0.726609)
#GCMRL#    2 dt 295.936000 rms  0.727  1.474% neg 0  invalid 762 tFOTS 3.1610 tGradient 2.5510 tsec 5.9570
#FOTS# QuadFit found better minimum quadopt=(dt=129.472,rms=0.722656) vs oldopt=(dt=92.48,rms=0.723094)
#GCMRL#    3 dt 129.472000 rms  0.723  0.539% neg 0  invalid 762 tFOTS 3.3150 tGradient 2.5670 tsec 6.1280
#FOTS# QuadFit found better minimum quadopt=(dt=1183.74,rms=0.711986) vs oldopt=(dt=1479.68,rms=0.713475)
#GCMRL#    4 dt 1183.744000 rms  0.712  1.476% neg 0  invalid 762 tFOTS 3.3580 tGradient 2.6920 tsec 6.2950
#FOTS# QuadFit found better minimum quadopt=(dt=110.976,rms=0.706835) vs oldopt=(dt=92.48,rms=0.70702)
#GCMRL#    5 dt 110.976000 rms  0.707  0.724% neg 0  invalid 762 tFOTS 3.5210 tGradient 2.6000 tsec 6.3660
#FOTS# QuadFit found better minimum quadopt=(dt=887.808,rms=0.702909) vs oldopt=(dt=1479.68,rms=0.70382)
#GCMRL#    6 dt 887.808000 rms  0.703  0.555% neg 0  invalid 762 tFOTS 3.3100 tGradient 2.6370 tsec 6.1920
#FOTS# QuadFit found better minimum quadopt=(dt=129.472,rms=0.701664) vs oldopt=(dt=92.48,rms=0.701896)
#GCMRL#    7 dt 129.472000 rms  0.702  0.000% neg 0  invalid 762 tFOTS 3.1040 tGradient 2.6190 tsec 5.9860
#GCMRL#    8 dt 129.472000 rms  0.701  0.049% neg 0  invalid 762 tFOTS 0.0000 tGradient 2.5250 tsec 2.7670
#GCMRL#    9 dt 129.472000 rms  0.701  0.109% neg 0  invalid 762 tFOTS 0.0000 tGradient 2.5930 tsec 2.8340
#GCMRL#   10 dt 129.472000 rms  0.699  0.167% neg 0  invalid 762 tFOTS 0.0000 tGradient 2.5700 tsec 2.8500
#GCMRL#   11 dt 129.472000 rms  0.698  0.222% neg 0  invalid 762 tFOTS 0.0000 tGradient 2.7750 tsec 3.0160
#GCMRL#   12 dt 129.472000 rms  0.696  0.250% neg 0  invalid 762 tFOTS 0.0000 tGradient 2.5940 tsec 2.8350
#GCMRL#   13 dt 129.472000 rms  0.694  0.254% neg 0  invalid 762 tFOTS 0.0000 tGradient 2.5760 tsec 2.8170
#GCMRL#   14 dt 129.472000 rms  0.693  0.227% neg 0  invalid 762 tFOTS 0.0000 tGradient 2.5290 tsec 2.7710
#GCMRL#   15 dt 129.472000 rms  0.691  0.208% neg 0  invalid 762 tFOTS 0.0000 tGradient 2.5900 tsec 2.9100
#GCMRL#   16 dt 129.472000 rms  0.690  0.202% neg 0  invalid 762 tFOTS 0.0000 tGradient 2.5880 tsec 2.8280
#GCMRL#   17 dt 129.472000 rms  0.689  0.203% neg 0  invalid 762 tFOTS 0.0000 tGradient 2.6700 tsec 2.9150
#GCMRL#   18 dt 129.472000 rms  0.687  0.195% neg 0  invalid 762 tFOTS 0.0000 tGradient 2.6670 tsec 2.9090
#GCMRL#   19 dt 129.472000 rms  0.686  0.165% neg 0  invalid 762 tFOTS 0.0000 tGradient 2.6060 tsec 2.8470
#GCMRL#   20 dt 129.472000 rms  0.685  0.145% neg 0  invalid 762 tFOTS 0.0000 tGradient 2.4810 tsec 2.7840
#GCMRL#   21 dt 129.472000 rms  0.684  0.131% neg 0  invalid 762 tFOTS 0.0000 tGradient 2.7020 tsec 2.9420
#GCMRL#   22 dt 129.472000 rms  0.683  0.127% neg 0  invalid 762 tFOTS 0.0000 tGradient 3.0410 tsec 3.3640
#GCMRL#   23 dt 129.472000 rms  0.682  0.121% neg 0  invalid 762 tFOTS 0.0000 tGradient 2.7790 tsec 3.0200
#GCMRL#   24 dt 129.472000 rms  0.682  0.109% neg 0  invalid 762 tFOTS 0.0000 tGradient 2.6930 tsec 2.9550
#FOTS# QuadFit found better minimum quadopt=(dt=1183.74,rms=0.681347) vs oldopt=(dt=1479.68,rms=0.68135)
#GCMRL#   25 dt 1183.744000 rms  0.681  0.000% neg 0  invalid 762 tFOTS 3.6130 tGradient 3.1490 tsec 7.0280

#GCAMreg# pass 0 level1 5 level2 1 tsec 118.334 sigma 0.5
l_jacobian=1.00 l_label=1.00 l_log_likelihood=0.20 l_smoothness=0.16 
tol=2.50e-01, dt=5.00e-02, exp_k=20.0, momentum=0.90, levels=6, niter=500, lbl_dist=10.00, avgs=256, sigma=0.5,type=2, relabel=0, neg=no

blurring input image with Gaussian with sigma=0.500...
GCAMRegisterLevel(): init RMS 0.681934
#FOTS# QuadFit found better minimum quadopt=(dt=129.472,rms=0.680738) vs oldopt=(dt=92.48,rms=0.680847)
#GCMRL#   27 dt 129.472000 rms  0.681  0.175% neg 0  invalid 762 tFOTS 3.2820 tGradient 2.7900 tsec 6.3180
#FOTS# QuadFit found better minimum quadopt=(dt=295.936,rms=0.680345) vs oldopt=(dt=369.92,rms=0.680348)
#GCMRL#   28 dt 295.936000 rms  0.680  0.000% neg 0  invalid 762 tFOTS 3.4920 tGradient 2.7690 tsec 6.5260
#GCMRL#   29 dt 295.936000 rms  0.680  0.046% neg 0  invalid 762 tFOTS 0.0000 tGradient 2.7430 tsec 2.9840
#GCMRL#   30 dt 295.936000 rms  0.680  0.068% neg 0  invalid 762 tFOTS 0.0000 tGradient 2.7850 tsec 3.0240
#GCMRL#   31 dt 295.936000 rms  0.679  0.025% neg 0  invalid 762 tFOTS 0.0000 tGradient 2.6230 tsec 2.8670
setting smoothness cost coefficient to 0.615

#GCAMreg# pass 0 level1 4 level2 0 tsec 0 sigma 2
l_jacobian=1.00 l_label=1.00 l_log_likelihood=0.20 l_smoothness=0.62 
tol=2.50e-01, dt=5.00e-02, exp_k=20.0, momentum=0.90, levels=6, niter=500, lbl_dist=10.00, avgs=64, sigma=2.0,type=2, relabel=0, neg=no

blurring input image with Gaussian with sigma=2.000...
GCAMRegisterLevel(): init RMS 0.691562
#FOTS# QuadFit found better minimum quadopt=(dt=36.288,rms=0.689207) vs oldopt=(dt=25.92,rms=0.689566)
#GCMRL#   33 dt  36.288000 rms  0.689  0.340% neg 0  invalid 762 tFOTS 3.3080 tGradient 2.0130 tsec 5.5700
#FOTS# QuadFit found better minimum quadopt=(dt=88,rms=0.687395) vs oldopt=(dt=103.68,rms=0.687457)
#GCMRL#   34 dt  88.000000 rms  0.687  0.263% neg 0  invalid 762 tFOTS 3.4680 tGradient 1.9670 tsec 5.6770
#FOTS# QuadFit found better minimum quadopt=(dt=497.664,rms=0.677501) vs oldopt=(dt=414.72,rms=0.677545)
#GCMRL#   35 dt 497.664000 rms  0.678  1.439% neg 0  invalid 762 tFOTS 3.3150 tGradient 2.0920 tsec 5.6680
#FOTS# QuadFit found better minimum quadopt=(dt=119.018,rms=0.673287) vs oldopt=(dt=103.68,rms=0.673327)
#GCMRL#   36 dt 119.017544 rms  0.673  0.622% neg 0  invalid 762 tFOTS 3.6410 tGradient 1.9270 tsec 5.8130
#GCMRL#   37 dt 103.680000 rms  0.671  0.382% neg 0  invalid 762 tFOTS 3.4620 tGradient 1.8960 tsec 5.6050
#FOTS# QuadFit found better minimum quadopt=(dt=36.288,rms=0.669888) vs oldopt=(dt=25.92,rms=0.670027)
#GCMRL#   38 dt  36.288000 rms  0.670  0.000% neg 0  invalid 762 tFOTS 3.4000 tGradient 1.8500 tsec 5.5950
#GCMRL#   39 dt  36.288000 rms  0.670  0.028% neg 0  invalid 762 tFOTS 0.0000 tGradient 2.2580 tsec 2.5670
#GCMRL#   40 dt  36.288000 rms  0.669  0.051% neg 0  invalid 762 tFOTS 0.0000 tGradient 2.3220 tsec 2.5590
#GCMRL#   41 dt  36.288000 rms  0.669  0.075% neg 0  invalid 762 tFOTS 0.0000 tGradient 2.1410 tsec 2.4410
#GCMRL#   42 dt  36.288000 rms  0.668  0.108% neg 0  invalid 762 tFOTS 0.0000 tGradient 2.3860 tsec 2.6720
#GCMRL#   43 dt  36.288000 rms  0.667  0.134% neg 0  invalid 762 tFOTS 0.0000 tGradient 2.0560 tsec 2.2980
#GCMRL#   44 dt  36.288000 rms  0.666  0.154% neg 0  invalid 762 tFOTS 0.0000 tGradient 1.9020 tsec 2.1610
#GCMRL#   45 dt  36.288000 rms  0.665  0.161% neg 0  invalid 762 tFOTS 0.0000 tGradient 1.8910 tsec 2.1330
#GCMRL#   46 dt  36.288000 rms  0.664  0.151% neg 0  invalid 762 tFOTS 0.0000 tGradient 2.1970 tsec 2.5030
#GCMRL#   47 dt  36.288000 rms  0.663  0.129% neg 0  invalid 762 tFOTS 0.0000 tGradient 2.3110 tsec 2.6170
#GCMRL#   48 dt  36.288000 rms  0.663  0.114% neg 0  invalid 762 tFOTS 0.0000 tGradient 2.0320 tsec 2.2770
#GCMRL#   49 dt  36.288000 rms  0.662  0.119% neg 0  invalid 762 tFOTS 0.0000 tGradient 1.8070 tsec 2.0420
#GCMRL#   50 dt  36.288000 rms  0.661  0.134% neg 0  invalid 762 tFOTS 0.0000 tGradient 1.9480 tsec 2.2330
#GCMRL#   51 dt  36.288000 rms  0.660  0.148% neg 0  invalid 762 tFOTS 0.0000 tGradient 1.9980 tsec 2.3120
#GCMRL#   52 dt  36.288000 rms  0.659  0.151% neg 0  invalid 762 tFOTS 0.0000 tGradient 2.0650 tsec 2.3030
#GCMRL#   53 dt  36.288000 rms  0.658  0.130% neg 0  invalid 762 tFOTS 0.0000 tGradient 1.9130 tsec 2.1520
#GCMRL#   54 dt  36.288000 rms  0.657  0.098% neg 0  invalid 762 tFOTS 0.0000 tGradient 2.1380 tsec 2.4240
#GCMRL#   55 dt  36.288000 rms  0.657  0.066% neg 0  invalid 762 tFOTS 0.0000 tGradient 2.0000 tsec 2.3250
#GCMRL#   56 dt   0.450000 rms  0.657  0.000% neg 0  invalid 762 tFOTS 4.0850 tGradient 1.9800 tsec 6.3750

#GCAMreg# pass 0 level1 4 level2 1 tsec 92.153 sigma 0.5
l_jacobian=1.00 l_label=1.00 l_log_likelihood=0.20 l_smoothness=0.62 
tol=2.50e-01, dt=5.00e-02, exp_k=20.0, momentum=0.90, levels=6, niter=500, lbl_dist=10.00, avgs=64, sigma=0.5,type=2, relabel=0, neg=no

blurring input image with Gaussian with sigma=0.500...
GCAMRegisterLevel(): init RMS 0.657582
#GCMRL#   58 dt   0.000000 rms  0.657  0.102% neg 0  invalid 762 tFOTS 3.4080 tGradient 1.9180 tsec 5.5710
setting smoothness cost coefficient to 2.353

#GCAMreg# pass 0 level1 3 level2 0 tsec 0 sigma 2
l_jacobian=1.00 l_label=1.00 l_log_likelihood=0.20 l_smoothness=2.35 
tol=2.50e-01, dt=5.00e-02, exp_k=20.0, momentum=0.90, levels=6, niter=500, lbl_dist=10.00, avgs=16, sigma=2.0,type=2, relabel=0, neg=no

blurring input image with Gaussian with sigma=2.000...
GCAMRegisterLevel(): init RMS 0.691616
#GCMRL#   60 dt   0.000000 rms  0.691  0.092% neg 0  invalid 762 tFOTS 2.9020 tGradient 1.4300 tsec 4.5760

#GCAMreg# pass 0 level1 3 level2 1 tsec 18.576 sigma 0.5
l_jacobian=1.00 l_label=1.00 l_log_likelihood=0.20 l_smoothness=2.35 
tol=2.50e-01, dt=5.00e-02, exp_k=20.0, momentum=0.90, levels=6, niter=500, lbl_dist=10.00, avgs=16, sigma=0.5,type=2, relabel=0, neg=no

blurring input image with Gaussian with sigma=0.500...
GCAMRegisterLevel(): init RMS 0.691616
#GCMRL#   62 dt   0.500000 rms  0.691  0.095% neg 0  invalid 762 tFOTS 3.0640 tGradient 1.6780 tsec 4.9910
#FOTS# QuadFit found better minimum quadopt=(dt=0.00117187,rms=0.690968) vs oldopt=(dt=0.00195312,rms=0.690968)
setting smoothness cost coefficient to 8.000

#GCAMreg# pass 0 level1 2 level2 0 tsec 0 sigma 2
l_jacobian=1.00 l_label=1.00 l_log_likelihood=0.20 l_smoothness=8.00 
tol=2.50e-01, dt=5.00e-02, exp_k=20.0, momentum=0.90, levels=6, niter=500, lbl_dist=10.00, avgs=4, sigma=2.0,type=2, relabel=0, neg=no

blurring input image with Gaussian with sigma=2.000...
GCAMRegisterLevel(): init RMS 0.789613
#FOTS# QuadFit found better minimum quadopt=(dt=2.75948,rms=0.758692) vs oldopt=(dt=2.88,rms=0.75875)
#GCMRL#   64 dt   2.759482 rms  0.759  3.916% neg 0  invalid 762 tFOTS 3.1660 tGradient 1.3150 tsec 4.7790
#FOTS# QuadFit found better minimum quadopt=(dt=2.36027,rms=0.752558) vs oldopt=(dt=2.88,rms=0.752864)
#GCMRL#   65 dt   2.360269 rms  0.753  0.808% neg 0  invalid 762 tFOTS 3.3330 tGradient 1.5110 tsec 5.0910
#FOTS# QuadFit found better minimum quadopt=(dt=2.03333,rms=0.750603) vs oldopt=(dt=2.88,rms=0.75095)
#GCMRL#   66 dt   2.033333 rms  0.751  0.260% neg 0  invalid 762 tFOTS 3.3870 tGradient 1.2280 tsec 4.8620
#GCMRL#   67 dt   0.720000 rms  0.751  0.000% neg 0  invalid 762 tFOTS 3.4170 tGradient 1.2690 tsec 4.9500
#GCMRL#   68 dt   0.720000 rms  0.751  0.001% neg 0  invalid 762 tFOTS 0.0000 tGradient 1.2700 tsec 1.5120

#GCAMreg# pass 0 level1 2 level2 1 tsec 32.162 sigma 0.5
l_jacobian=1.00 l_label=1.00 l_log_likelihood=0.20 l_smoothness=8.00 
tol=2.50e-01, dt=5.00e-02, exp_k=20.0, momentum=0.90, levels=6, niter=500, lbl_dist=10.00, avgs=4, sigma=0.5,type=2, relabel=0, neg=no

blurring input image with Gaussian with sigma=0.500...
GCAMRegisterLevel(): init RMS 0.751025
#GCMRL#   70 dt   0.000000 rms  0.751  0.068% neg 0  invalid 762 tFOTS 3.1770 tGradient 1.2950 tsec 4.7790
setting smoothness cost coefficient to 20.000

#GCAMreg# pass 0 level1 1 level2 0 tsec 0 sigma 2
l_jacobian=1.00 l_label=1.00 l_log_likelihood=0.20 l_smoothness=20.00 
tol=2.50e-01, dt=5.00e-02, exp_k=20.0, momentum=0.90, levels=6, niter=500, lbl_dist=10.00, avgs=1, sigma=2.0,type=2, relabel=0, neg=no

blurring input image with Gaussian with sigma=2.000...
GCAMRegisterLevel(): init RMS 0.80791
#FOTS# QuadFit found better minimum quadopt=(dt=0.192,rms=0.807007) vs oldopt=(dt=0.32,rms=0.807133)
#GCMRL#   72 dt   0.192000 rms  0.807  0.112% neg 0  invalid 762 tFOTS 3.5320 tGradient 1.1250 tsec 4.9070
#FOTS# QuadFit found better minimum quadopt=(dt=0.779343,rms=0.804692) vs oldopt=(dt=1.28,rms=0.805237)
#GCMRL#   73 dt   0.779343 rms  0.805  0.287% neg 0  invalid 762 tFOTS 3.4080 tGradient 1.1270 tsec 4.7790
#GCMRL#   74 dt   1.280000 rms  0.797  0.946% neg 0  invalid 762 tFOTS 3.0640 tGradient 1.1290 tsec 4.4360
#FOTS# QuadFit found better minimum quadopt=(dt=0.256,rms=0.795262) vs oldopt=(dt=0.32,rms=0.795331)
#GCMRL#   75 dt   0.256000 rms  0.795  0.000% neg 0  invalid 762 tFOTS 3.0810 tGradient 1.1070 tsec 4.4500

#GCAMreg# pass 0 level1 1 level2 1 tsec 29.37 sigma 0.5
l_jacobian=1.00 l_label=1.00 l_log_likelihood=0.20 l_smoothness=20.00 
tol=2.50e-01, dt=5.00e-02, exp_k=20.0, momentum=0.90, levels=6, niter=500, lbl_dist=10.00, avgs=1, sigma=0.5,type=2, relabel=0, neg=no

blurring input image with Gaussian with sigma=0.500...
GCAMRegisterLevel(): init RMS 0.795754
#FOTS# QuadFit found better minimum quadopt=(dt=0.192,rms=0.794887) vs oldopt=(dt=0.32,rms=0.795001)
#GCMRL#   77 dt   0.192000 rms  0.795  0.109% neg 0  invalid 762 tFOTS 3.0840 tGradient 1.1150 tsec 4.4400
#FOTS# QuadFit found better minimum quadopt=(dt=0.192,rms=0.794735) vs oldopt=(dt=0.32,rms=0.794769)
#GCMRL#   78 dt   0.192000 rms  0.795  0.000% neg 0  invalid 762 tFOTS 3.3040 tGradient 1.1310 tsec 4.7620
#GCMRL#   79 dt   0.192000 rms  0.795  0.022% neg 0  invalid 762 tFOTS 0.0000 tGradient 1.1290 tsec 1.3720
#GCMRL#   80 dt   0.192000 rms  0.794  0.031% neg 0  invalid 762 tFOTS 0.0000 tGradient 1.1710 tsec 1.4080
#GCMRL#   81 dt   0.192000 rms  0.794  0.062% neg 0  invalid 762 tFOTS 0.0000 tGradient 1.1340 tsec 1.3730
#GCMRL#   82 dt   0.192000 rms  0.793  0.116% neg 0  invalid 762 tFOTS 0.0000 tGradient 1.1270 tsec 1.3680
#GCMRL#   83 dt   0.192000 rms  0.792  0.135% neg 0  invalid 762 tFOTS 0.0000 tGradient 1.3490 tsec 1.6520
#GCMRL#   84 dt   0.192000 rms  0.791  0.095% neg 0  invalid 762 tFOTS 0.0000 tGradient 1.1290 tsec 1.3700
#GCMRL#   85 dt   0.192000 rms  0.791  0.031% neg 0  invalid 762 tFOTS 0.0000 tGradient 1.1410 tsec 1.4010
#FOTS# QuadFit found better minimum quadopt=(dt=0.384,rms=0.790711) vs oldopt=(dt=0.32,rms=0.790713)
#GCMRL#   86 dt   0.384000 rms  0.791  0.000% neg 0  invalid 762 tFOTS 3.1060 tGradient 1.1900 tsec 4.5580
#GCMRL#   87 dt   0.384000 rms  0.790  0.068% neg 0  invalid 762 tFOTS 0.0000 tGradient 1.1140 tsec 1.3540
#GCMRL#   88 dt   0.384000 rms  0.790  0.081% neg 0  invalid 762 tFOTS 0.0000 tGradient 1.1320 tsec 1.3690
#GCMRL#   89 dt   0.384000 rms  0.789  0.057% neg 0  invalid 762 tFOTS 0.0000 tGradient 1.1400 tsec 1.3810
resetting metric properties...
setting smoothness cost coefficient to 40.000

#GCAMreg# pass 0 level1 0 level2 0 tsec 0 sigma 2
l_jacobian=1.00 l_label=1.00 l_log_likelihood=0.20 l_smoothness=40.00 
tol=2.50e-01, dt=5.00e-02, exp_k=20.0, momentum=0.90, levels=6, niter=500, lbl_dist=10.00, avgs=0, sigma=2.0,type=2, relabel=0, neg=no

blurring input image with Gaussian with sigma=2.000...
GCAMRegisterLevel(): init RMS 0.761353
#FOTS# QuadFit found better minimum quadopt=(dt=0.225741,rms=0.755821) vs oldopt=(dt=0.32,rms=0.756442)
#GCMRL#   91 dt   0.225741 rms  0.756  0.727% neg 0  invalid 762 tFOTS 3.3950 tGradient 0.6980 tsec 4.3390
#FOTS# QuadFit found better minimum quadopt=(dt=0.024,rms=0.755542) vs oldopt=(dt=0.02,rms=0.755548)
#GCMRL#   92 dt   0.024000 rms  0.756  0.000% neg 0  invalid 762 tFOTS 3.3450 tGradient 0.7110 tsec 4.3230

#GCAMreg# pass 0 level1 0 level2 1 tsec 19.064 sigma 0.5
l_jacobian=1.00 l_label=1.00 l_log_likelihood=0.20 l_smoothness=40.00 
tol=2.50e-01, dt=5.00e-02, exp_k=20.0, momentum=0.90, levels=6, niter=500, lbl_dist=10.00, avgs=0, sigma=0.5,type=2, relabel=0, neg=no

blurring input image with Gaussian with sigma=0.500...
GCAMRegisterLevel(): init RMS 0.756121
#FOTS# QuadFit found better minimum quadopt=(dt=0.007,rms=0.755511) vs oldopt=(dt=0.005,rms=0.755518)
#GCMRL#   94 dt   0.007000 rms  0.756  0.081% neg 0  invalid 762 tFOTS 3.1340 tGradient 0.7450 tsec 4.1260
#FOTS# QuadFit found better minimum quadopt=(dt=0.004,rms=0.755505) vs oldopt=(dt=0.005,rms=0.755505)
#GCMRL#   95 dt   0.004000 rms  0.756  0.000% neg 0  invalid 762 tFOTS 3.4990 tGradient 0.7340 tsec 4.4990
GCAMregister done in 6.88195 min
Starting GCAmapRenormalizeWithAlignment() without scales
renormalizing by structure alignment....
renormalizing input #0
gca peak = 0.10253 (16)
mri peak = 0.12514 ( 5)
Left_Lateral_Ventricle (4): linear fit = 0.23 x + 0.0 (583 voxels, overlap=0.077)
Left_Lateral_Ventricle (4): linear fit = 0.40 x + 0.0 (583 voxels, peak =  4), gca=6.4
gca peak = 0.17690 (16)
mri peak = 0.04891 (15)
Right_Lateral_Ventricle (43): linear fit = 1.28 x + 0.0 (262 voxels, overlap=0.450)
Right_Lateral_Ventricle (43): linear fit = 1.28 x + 0.0 (262 voxels, peak = 21), gca=20.6
gca peak = 0.28275 (96)
mri peak = 0.10015 (87)
Right_Pallidum (52): linear fit = 0.92 x + 0.0 (747 voxels, overlap=0.118)
Right_Pallidum (52): linear fit = 0.92 x + 0.0 (747 voxels, peak = 88), gca=87.8
gca peak = 0.18948 (93)
mri peak = 0.07293 (94)
Left_Pallidum (13): linear fit = 0.98 x + 0.0 (553 voxels, overlap=1.010)
Left_Pallidum (13): linear fit = 0.98 x + 0.0 (553 voxels, peak = 91), gca=90.7
gca peak = 0.20755 (55)
mri peak = 0.10640 (54)
Right_Hippocampus (53): linear fit = 0.92 x + 0.0 (624 voxels, overlap=0.995)
Right_Hippocampus (53): linear fit = 0.92 x + 0.0 (624 voxels, peak = 50), gca=50.3
gca peak = 0.31831 (58)
mri peak = 0.12463 (54)
Left_Hippocampus (17): linear fit = 0.92 x + 0.0 (511 voxels, overlap=0.911)
Left_Hippocampus (17): linear fit = 0.92 x + 0.0 (511 voxels, peak = 53), gca=53.1
gca peak = 0.11957 (102)
mri peak = 0.09705 (107)
Right_Cerebral_White_Matter (41): linear fit = 1.05 x + 0.0 (40924 voxels, overlap=0.505)
Right_Cerebral_White_Matter (41): linear fit = 1.05 x + 0.0 (40924 voxels, peak = 108), gca=107.6
gca peak = 0.11429 (102)
mri peak = 0.10265 (109)
Left_Cerebral_White_Matter (2): linear fit = 1.08 x + 0.0 (43799 voxels, overlap=0.450)
Left_Cerebral_White_Matter (2): linear fit = 1.08 x + 0.0 (43799 voxels, peak = 110), gca=109.7
gca peak = 0.14521 (59)
mri peak = 0.05484 (55)
Left_Cerebral_Cortex (3): linear fit = 0.89 x + 0.0 (18945 voxels, overlap=0.559)
Left_Cerebral_Cortex (3): linear fit = 0.89 x + 0.0 (18945 voxels, peak = 53), gca=52.8
gca peak = 0.14336 (58)
mri peak = 0.05831 (54)
Right_Cerebral_Cortex (42): linear fit = 0.92 x + 0.0 (19142 voxels, overlap=0.928)
Right_Cerebral_Cortex (42): linear fit = 0.92 x + 0.0 (19142 voxels, peak = 53), gca=53.1
gca peak = 0.13305 (70)
mri peak = 0.12220 (69)
Right_Caudate (50): linear fit = 0.96 x + 0.0 (643 voxels, overlap=0.914)
Right_Caudate (50): linear fit = 0.96 x + 0.0 (643 voxels, peak = 68), gca=67.5
gca peak = 0.15761 (71)
mri peak = 0.18141 (69)
Left_Caudate (11): linear fit = 0.93 x + 0.0 (697 voxels, overlap=0.661)
Left_Caudate (11): linear fit = 0.93 x + 0.0 (697 voxels, peak = 66), gca=65.7
gca peak = 0.13537 (57)
mri peak = 0.04661 (49)
Left_Cerebellum_Cortex (8): linear fit = 0.88 x + 0.0 (24650 voxels, overlap=0.436)
Left_Cerebellum_Cortex (8): linear fit = 0.88 x + 0.0 (24650 voxels, peak = 50), gca=49.9
gca peak = 0.13487 (56)
mri peak = 0.04388 (49)
Right_Cerebellum_Cortex (47): linear fit = 0.88 x + 0.0 (28099 voxels, overlap=0.521)
Right_Cerebellum_Cortex (47): linear fit = 0.88 x + 0.0 (28099 voxels, peak = 49), gca=49.0
gca peak = 0.19040 (84)
mri peak = 0.05484 (83)
Left_Cerebellum_White_Matter (7): linear fit = 1.10 x + 0.0 (6578 voxels, overlap=0.542)
Left_Cerebellum_White_Matter (7): linear fit = 1.10 x + 0.0 (6578 voxels, peak = 92), gca=92.0
gca peak = 0.18871 (83)
mri peak = 0.05976 (83)
Right_Cerebellum_White_Matter (46): linear fit = 1.10 x + 0.0 (5887 voxels, overlap=0.891)
Right_Cerebellum_White_Matter (46): linear fit = 1.10 x + 0.0 (5887 voxels, peak = 91), gca=90.9
gca peak = 0.24248 (57)
mri peak = 0.06800 (61)
Left_Amygdala (18): linear fit = 1.04 x + 0.0 (274 voxels, overlap=0.967)
Left_Amygdala (18): linear fit = 1.04 x + 0.0 (274 voxels, peak = 60), gca=59.6
gca peak = 0.35833 (56)
mri peak = 0.09091 (52)
Right_Amygdala (54): linear fit = 0.94 x + 0.0 (272 voxels, overlap=1.000)
Right_Amygdala (54): linear fit = 0.94 x + 0.0 (272 voxels, peak = 52), gca=52.4
gca peak = 0.12897 (85)
mri peak = 0.05365 (84)
Left_Thalamus (10): linear fit = 0.98 x + 0.0 (4240 voxels, overlap=0.974)
Left_Thalamus (10): linear fit = 0.98 x + 0.0 (4240 voxels, peak = 83), gca=82.9
gca peak = 0.13127 (83)
mri peak = 0.07540 (80)
Right_Thalamus (49): linear fit = 1.02 x + 0.0 (3224 voxels, overlap=0.920)
Right_Thalamus (49): linear fit = 1.02 x + 0.0 (3224 voxels, peak = 85), gca=85.1
gca peak = 0.12974 (78)
mri peak = 0.07989 (79)
Left_Putamen (12): linear fit = 0.99 x + 0.0 (1872 voxels, overlap=0.981)
Left_Putamen (12): linear fit = 0.99 x + 0.0 (1872 voxels, peak = 77), gca=76.8
gca peak = 0.17796 (79)
mri peak = 0.08494 (72)
Right_Putamen (51): linear fit = 0.94 x + 0.0 (2003 voxels, overlap=0.626)
Right_Putamen (51): linear fit = 0.94 x + 0.0 (2003 voxels, peak = 74), gca=73.9
gca peak = 0.10999 (80)
mri peak = 0.06636 (94)
Brain_Stem (16): linear fit = 1.16 x + 0.0 (8016 voxels, overlap=0.417)
Brain_Stem (16): linear fit = 1.16 x + 0.0 (8016 voxels, peak = 93), gca=93.2
gca peak = 0.13215 (88)
mri peak = 0.07877 (90)
Right_VentralDC (60): linear fit = 1.04 x + 0.0 (543 voxels, overlap=0.576)
Right_VentralDC (60): linear fit = 1.04 x + 0.0 (543 voxels, peak = 92), gca=92.0
gca peak = 0.11941 (89)
mri peak = 0.06849 (90)
Left_VentralDC (28): linear fit = 1.07 x + 0.0 (555 voxels, overlap=0.671)
Left_VentralDC (28): linear fit = 1.07 x + 0.0 (555 voxels, peak = 95), gca=94.8
gca peak = 0.20775 (25)
mri peak = 0.09061 ( 8)
gca peak = 0.13297 (21)
mri peak = 0.30000 ( 6)
Fourth_Ventricle (15): linear fit = 0.23 x + 0.0 (76 voxels, overlap=0.018)
Fourth_Ventricle (15): linear fit = 0.23 x + 0.0 (76 voxels, peak =  5), gca=4.9
gca peak Unknown = 0.94777 ( 0)
gca peak Left_Inf_Lat_Vent = 0.19087 (28)
gca peak Third_Ventricle = 0.20775 (25)
gca peak Fourth_Ventricle = 0.13297 (21)
gca peak CSF = 0.16821 (33)
gca peak Left_Accumbens_area = 0.32850 (63)
gca peak Left_undetermined = 0.98480 (28)
gca peak Left_vessel = 0.40887 (53)
gca peak Left_choroid_plexus = 0.10898 (46)
gca peak Right_Inf_Lat_Vent = 0.17798 (26)
gca peak Right_Accumbens_area = 0.30137 (64)
gca peak Right_vessel = 0.47828 (52)
gca peak Right_choroid_plexus = 0.11612 (45)
gca peak Fifth_Ventricle = 0.59466 (35)
gca peak WM_hypointensities = 0.10053 (78)
gca peak non_WM_hypointensities = 0.07253 (60)
gca peak Optic_Chiasm = 0.25330 (73)
not using caudate to estimate GM means
estimating mean gm scale to be 0.94 x + 0.0
estimating mean wm scale to be 1.07 x + 0.0
estimating mean csf scale to be 0.84 x + 0.0
saving intensity scales to talairach.label_intensities.txt
GCAmapRenormalizeWithAlignment() took 3.35993 min
noneg pre
Starting GCAMregister()
label assignment complete, 0 changed (0.00%)
npasses = 1, nlevels = 6
#pass# 1 of 1 ************************
enabling zero nodes
setting smoothness cost coefficient to 0.008

#GCAMreg# pass 0 level1 5 level2 0 tsec 0 sigma 2
l_jacobian=1.00 l_label=1.00 l_log_likelihood=0.20 l_smoothness=0.01 
tol=5.00e-02, dt=5.00e-02, exp_k=20.0, momentum=0.90, levels=6, niter=500, lbl_dist=10.00, avgs=256, sigma=2.0,type=2, relabel=0, neg=no

blurring input image with Gaussian with sigma=2.000...
GCAMRegisterLevel(): init RMS 0.811693
#FOTS# QuadFit found better minimum quadopt=(dt=221.952,rms=0.779673) vs oldopt=(dt=369.92,rms=0.79054)
#GCMRL#   97 dt 221.952000 rms  0.780  3.945% neg 0  invalid 762 tFOTS 3.0640 tGradient 1.6130 tsec 4.9180
#FOTS# QuadFit found better minimum quadopt=(dt=177.778,rms=0.772561) vs oldopt=(dt=92.48,rms=0.774582)
#GCMRL#   98 dt 177.777778 rms  0.773  0.912% neg 0  invalid 762 tFOTS 3.5030 tGradient 1.6860 tsec 5.4320
#FOTS# QuadFit found better minimum quadopt=(dt=295.936,rms=0.766218) vs oldopt=(dt=369.92,rms=0.767208)
#GCMRL#   99 dt 295.936000 rms  0.766  0.821% neg 0  invalid 762 tFOTS 3.0930 tGradient 1.6590 tsec 4.9990
#FOTS# QuadFit found better minimum quadopt=(dt=129.472,rms=0.762055) vs oldopt=(dt=92.48,rms=0.762262)
#GCMRL#  100 dt 129.472000 rms  0.762  0.543% neg 0  invalid 762 tFOTS 3.5010 tGradient 1.7480 tsec 5.4960
#FOTS# QuadFit found better minimum quadopt=(dt=443.904,rms=0.757164) vs oldopt=(dt=369.92,rms=0.75722)
#GCMRL#  101 dt 443.904000 rms  0.757  0.642% neg 0  invalid 762 tFOTS 3.3440 tGradient 1.6740 tsec 5.2650
#FOTS# QuadFit found better minimum quadopt=(dt=110.976,rms=0.753836) vs oldopt=(dt=92.48,rms=0.753935)
#GCMRL#  102 dt 110.976000 rms  0.754  0.440% neg 0  invalid 762 tFOTS 3.2990 tGradient 1.6430 tsec 5.1890
#FOTS# QuadFit found better minimum quadopt=(dt=1183.74,rms=0.746691) vs oldopt=(dt=1479.68,rms=0.747129)
#GCMRL#  103 dt 1183.744000 rms  0.747  0.948% neg 0  invalid 762 tFOTS 3.3180 tGradient 1.6700 tsec 5.2370
#FOTS# QuadFit found better minimum quadopt=(dt=93.2103,rms=0.742892) vs oldopt=(dt=92.48,rms=0.742896)
#GCMRL#  104 dt  93.210256 rms  0.743  0.509% neg 0  invalid 762 tFOTS 3.2960 tGradient 1.6560 tsec 5.2000
#GCMRL#  105 dt 1479.680000 rms  0.739  0.509% neg 0  invalid 762 tFOTS 3.3040 tGradient 1.6670 tsec 5.2170
#FOTS# QuadFit found better minimum quadopt=(dt=110.976,rms=0.735885) vs oldopt=(dt=92.48,rms=0.735918)
#GCMRL#  106 dt 110.976000 rms  0.736  0.437% neg 0  invalid 762 tFOTS 3.3000 tGradient 1.6500 tsec 5.1980
#FOTS# QuadFit found better minimum quadopt=(dt=295.936,rms=0.734981) vs oldopt=(dt=369.92,rms=0.735036)
#GCMRL#  107 dt 295.936000 rms  0.735  0.123% neg 0  invalid 762 tFOTS 3.3040 tGradient 1.6780 tsec 5.2300
#FOTS# QuadFit found better minimum quadopt=(dt=129.472,rms=0.734242) vs oldopt=(dt=92.48,rms=0.734331)
#GCMRL#  108 dt 129.472000 rms  0.734  0.101% neg 0  invalid 762 tFOTS 3.2980 tGradient 1.6520 tsec 5.1980
#FOTS# QuadFit found better minimum quadopt=(dt=443.904,rms=0.73336) vs oldopt=(dt=369.92,rms=0.733386)
#GCMRL#  109 dt 443.904000 rms  0.733  0.120% neg 0  invalid 762 tFOTS 3.3210 tGradient 1.6470 tsec 5.2140
#FOTS# QuadFit found better minimum quadopt=(dt=129.472,rms=0.732531) vs oldopt=(dt=92.48,rms=0.73258)
#GCMRL#  110 dt 129.472000 rms  0.733  0.113% neg 0  invalid 762 tFOTS 3.2950 tGradient 1.6900 tsec 5.2270
#FOTS# QuadFit found better minimum quadopt=(dt=295.936,rms=0.731935) vs oldopt=(dt=369.92,rms=0.731972)
#GCMRL#  111 dt 295.936000 rms  0.732  0.081% neg 0  invalid 762 tFOTS 3.3170 tGradient 1.6680 tsec 5.2320
#FOTS# QuadFit found better minimum quadopt=(dt=129.472,rms=0.731356) vs oldopt=(dt=92.48,rms=0.731425)
#GCMRL#  112 dt 129.472000 rms  0.731  0.079% neg 0  invalid 762 tFOTS 3.3000 tGradient 1.7140 tsec 5.2620
#FOTS# QuadFit found better minimum quadopt=(dt=443.904,rms=0.730626) vs oldopt=(dt=369.92,rms=0.730652)
#GCMRL#  113 dt 443.904000 rms  0.731  0.100% neg 0  invalid 762 tFOTS 3.4910 tGradient 1.6930 tsec 5.4310
#FOTS# QuadFit found better minimum quadopt=(dt=129.472,rms=0.729945) vs oldopt=(dt=92.48,rms=0.729988)
#GCMRL#  114 dt 129.472000 rms  0.730  0.093% neg 0  invalid 762 tFOTS 3.2990 tGradient 1.6890 tsec 5.2340
#FOTS# QuadFit found better minimum quadopt=(dt=295.936,rms=0.729452) vs oldopt=(dt=369.92,rms=0.729493)
#GCMRL#  115 dt 295.936000 rms  0.729  0.068% neg 0  invalid 762 tFOTS 3.2920 tGradient 1.7280 tsec 5.2660
#FOTS# QuadFit found better minimum quadopt=(dt=129.472,rms=0.728954) vs oldopt=(dt=92.48,rms=0.729018)
#GCMRL#  116 dt 129.472000 rms  0.729  0.068% neg 0  invalid 762 tFOTS 3.3020 tGradient 1.6930 tsec 5.2410
#FOTS# QuadFit found better minimum quadopt=(dt=443.904,rms=0.728364) vs oldopt=(dt=369.92,rms=0.728369)
#GCMRL#  117 dt 443.904000 rms  0.728  0.081% neg 0  invalid 762 tFOTS 3.4910 tGradient 1.7050 tsec 5.4420
#FOTS# QuadFit found better minimum quadopt=(dt=129.472,rms=0.727708) vs oldopt=(dt=92.48,rms=0.727752)
#GCMRL#  118 dt 129.472000 rms  0.728  0.090% neg 0  invalid 762 tFOTS 3.2900 tGradient 1.7140 tsec 5.2510
#FOTS# QuadFit found better minimum quadopt=(dt=295.936,rms=0.72733) vs oldopt=(dt=369.92,rms=0.727396)
#GCMRL#  119 dt 295.936000 rms  0.727  0.052% neg 0  invalid 762 tFOTS 3.5320 tGradient 1.7030 tsec 5.4810
#FOTS# QuadFit found better minimum quadopt=(dt=129.472,rms=0.726826) vs oldopt=(dt=92.48,rms=0.726886)
#GCMRL#  120 dt 129.472000 rms  0.727  0.069% neg 0  invalid 762 tFOTS 3.2960 tGradient 1.7160 tsec 5.2580
#GCMRL#  121 dt 369.920000 rms  0.726  0.058% neg 0  invalid 762 tFOTS 3.5010 tGradient 1.7530 tsec 5.5010
#FOTS# QuadFit found better minimum quadopt=(dt=129.472,rms=0.72586) vs oldopt=(dt=92.48,rms=0.725914)
#GCMRL#  122 dt 129.472000 rms  0.726  0.075% neg 0  invalid 762 tFOTS 3.2940 tGradient 1.7110 tsec 5.2520
#FOTS# QuadFit found better minimum quadopt=(dt=295.936,rms=0.725484) vs oldopt=(dt=369.92,rms=0.725504)
#GCMRL#  123 dt 295.936000 rms  0.725  0.052% neg 0  invalid 762 tFOTS 3.5280 tGradient 1.7010 tsec 5.4770
#FOTS# QuadFit found better minimum quadopt=(dt=129.472,rms=0.725065) vs oldopt=(dt=92.48,rms=0.725126)
#GCMRL#  124 dt 129.472000 rms  0.725  0.058% neg 0  invalid 762 tFOTS 3.5410 tGradient 1.6700 tsec 5.4560
#FOTS# QuadFit found better minimum quadopt=(dt=443.904,rms=0.724593) vs oldopt=(dt=369.92,rms=0.724603)
#GCMRL#  125 dt 443.904000 rms  0.725  0.065% neg 0  invalid 762 tFOTS 3.5160 tGradient 1.6980 tsec 5.4560
#FOTS# QuadFit found better minimum quadopt=(dt=129.472,rms=0.724071) vs oldopt=(dt=92.48,rms=0.724109)
#GCMRL#  126 dt 129.472000 rms  0.724  0.072% neg 0  invalid 762 tFOTS 3.3160 tGradient 1.6830 tsec 5.2450
#FOTS# QuadFit found better minimum quadopt=(dt=295.936,rms=0.723752) vs oldopt=(dt=369.92,rms=0.723804)
#GCMRL#  127 dt 295.936000 rms  0.724  0.000% neg 0  invalid 762 tFOTS 3.5200 tGradient 1.7090 tsec 5.4960

#GCAMreg# pass 0 level1 5 level2 1 tsec 175.716 sigma 0.5
l_jacobian=1.00 l_label=1.00 l_log_likelihood=0.20 l_smoothness=0.01 
tol=5.00e-02, dt=5.00e-02, exp_k=20.0, momentum=0.90, levels=6, niter=500, lbl_dist=10.00, avgs=256, sigma=0.5,type=2, relabel=0, neg=no

blurring input image with Gaussian with sigma=0.500...
GCAMRegisterLevel(): init RMS 0.7247
#FOTS# QuadFit found better minimum quadopt=(dt=221.952,rms=0.722273) vs oldopt=(dt=369.92,rms=0.722602)
#GCMRL#  129 dt 221.952000 rms  0.722  0.335% neg 0  invalid 762 tFOTS 3.4140 tGradient 2.0860 tsec 5.7480
#FOTS# QuadFit found better minimum quadopt=(dt=129.472,rms=0.721611) vs oldopt=(dt=92.48,rms=0.721723)
#GCMRL#  130 dt 129.472000 rms  0.722  0.092% neg 0  invalid 762 tFOTS 3.3280 tGradient 1.6790 tsec 5.2540
#FOTS# QuadFit found better minimum quadopt=(dt=887.808,rms=0.719975) vs oldopt=(dt=1479.68,rms=0.720336)
#GCMRL#  131 dt 887.808000 rms  0.720  0.227% neg 0  invalid 762 tFOTS 3.5670 tGradient 1.6960 tsec 5.5110
#FOTS# QuadFit found better minimum quadopt=(dt=110.976,rms=0.719379) vs oldopt=(dt=92.48,rms=0.71939)
#GCMRL#  132 dt 110.976000 rms  0.719  0.083% neg 0  invalid 762 tFOTS 3.9170 tGradient 1.6860 tsec 5.9220
#FOTS# QuadFit found better minimum quadopt=(dt=517.888,rms=0.719096) vs oldopt=(dt=369.92,rms=0.719132)
#GCMRL#  133 dt 517.888000 rms  0.719  0.000% neg 0  invalid 762 tFOTS 4.3880 tGradient 2.1660 tsec 6.8960
setting smoothness cost coefficient to 0.031

#GCAMreg# pass 0 level1 4 level2 0 tsec 0 sigma 2
l_jacobian=1.00 l_label=1.00 l_log_likelihood=0.20 l_smoothness=0.03 
tol=5.00e-02, dt=5.00e-02, exp_k=20.0, momentum=0.90, levels=6, niter=500, lbl_dist=10.00, avgs=64, sigma=2.0,type=2, relabel=0, neg=no

blurring input image with Gaussian with sigma=2.000...
GCAMRegisterLevel(): init RMS 0.720762
#FOTS# QuadFit found better minimum quadopt=(dt=248.832,rms=0.696885) vs oldopt=(dt=414.72,rms=0.704246)
#GCMRL#  135 dt 248.832000 rms  0.697  3.313% neg 0  invalid 762 tFOTS 4.2150 tGradient 1.8470 tsec 6.3820
#FOTS# QuadFit found better minimum quadopt=(dt=84.5899,rms=0.685784) vs oldopt=(dt=103.68,rms=0.686383)
#GCMRL#  136 dt  84.589919 rms  0.686  1.593% neg 0  invalid 762 tFOTS 3.2690 tGradient 1.7260 tsec 5.2400
#FOTS# QuadFit found better minimum quadopt=(dt=95.0461,rms=0.678573) vs oldopt=(dt=103.68,rms=0.678634)
#GCMRL#  137 dt  95.046070 rms  0.679  1.051% neg 0  invalid 762 tFOTS 3.2630 tGradient 1.4030 tsec 4.9100
#FOTS# QuadFit found better minimum quadopt=(dt=73.7143,rms=0.674804) vs oldopt=(dt=25.92,rms=0.675977)
#GCMRL#  138 dt  73.714286 rms  0.675  0.555% neg 0  invalid 762 tFOTS 3.5260 tGradient 1.3870 tsec 5.1590
#FOTS# QuadFit found better minimum quadopt=(dt=87.0125,rms=0.670052) vs oldopt=(dt=103.68,rms=0.670224)
#GCMRL#  139 dt  87.012522 rms  0.670  0.704% neg 0  invalid 762 tFOTS 3.9380 tGradient 1.3720 tsec 5.5500
#FOTS# QuadFit found better minimum quadopt=(dt=72,rms=0.667443) vs oldopt=(dt=25.92,rms=0.668167)
#GCMRL#  140 dt  72.000000 rms  0.667  0.389% neg 0  invalid 762 tFOTS 3.2920 tGradient 1.4980 tsec 5.0340
#FOTS# QuadFit found better minimum quadopt=(dt=83.5748,rms=0.663743) vs oldopt=(dt=103.68,rms=0.663938)
#GCMRL#  141 dt  83.574837 rms  0.664  0.554% neg 0  invalid 762 tFOTS 3.6760 tGradient 1.3610 tsec 5.2770
#FOTS# QuadFit found better minimum quadopt=(dt=77.2414,rms=0.661826) vs oldopt=(dt=25.92,rms=0.66224)
#GCMRL#  142 dt  77.241379 rms  0.662  0.289% neg 0  invalid 762 tFOTS 3.4150 tGradient 1.4090 tsec 5.1500
#FOTS# QuadFit found better minimum quadopt=(dt=68.2008,rms=0.658684) vs oldopt=(dt=103.68,rms=0.65929)
#GCMRL#  143 dt  68.200772 rms  0.659  0.475% neg 0  invalid 762 tFOTS 3.2690 tGradient 1.5110 tsec 5.0250
#FOTS# QuadFit found better minimum quadopt=(dt=66.56,rms=0.656968) vs oldopt=(dt=103.68,rms=0.657319)
#GCMRL#  144 dt  66.560000 rms  0.657  0.261% neg 0  invalid 762 tFOTS 3.3860 tGradient 1.6820 tsec 5.3110
#FOTS# QuadFit found better minimum quadopt=(dt=122.495,rms=0.654149) vs oldopt=(dt=103.68,rms=0.654191)
#GCMRL#  145 dt 122.494624 rms  0.654  0.429% neg 0  invalid 762 tFOTS 3.2740 tGradient 1.3860 tsec 4.9040
#FOTS# QuadFit found better minimum quadopt=(dt=36.288,rms=0.652309) vs oldopt=(dt=25.92,rms=0.652577)
#GCMRL#  146 dt  36.288000 rms  0.652  0.281% neg 0  invalid 762 tFOTS 3.2730 tGradient 1.3800 tsec 4.8930
#FOTS# QuadFit found better minimum quadopt=(dt=580.608,rms=0.641747) vs oldopt=(dt=414.72,rms=0.644054)
#GCMRL#  147 dt 580.608000 rms  0.642  1.619% neg 0  invalid 762 tFOTS 3.0900 tGradient 1.3670 tsec 4.7020
#FOTS# QuadFit found better minimum quadopt=(dt=62.6087,rms=0.639432) vs oldopt=(dt=25.92,rms=0.63988)
#GCMRL#  148 dt  62.608696 rms  0.639  0.361% neg 0  invalid 762 tFOTS 3.2830 tGradient 1.3930 tsec 4.9200
#FOTS# QuadFit found better minimum quadopt=(dt=36.288,rms=0.638714) vs oldopt=(dt=25.92,rms=0.638812)
#GCMRL#  149 dt  36.288000 rms  0.639  0.112% neg 0  invalid 762 tFOTS 3.3190 tGradient 1.3870 tsec 5.0300
#FOTS# QuadFit found better minimum quadopt=(dt=580.608,rms=0.632308) vs oldopt=(dt=414.72,rms=0.633937)
#GCMRL#  150 dt 580.608000 rms  0.632  1.003% neg 0  invalid 762 tFOTS 3.1160 tGradient 1.3720 tsec 4.7340
#GCMRL#  151 dt 103.680000 rms  0.631  0.160% neg 0  invalid 762 tFOTS 3.1540 tGradient 1.4620 tsec 4.8620
#FOTS# QuadFit found better minimum quadopt=(dt=36.288,rms=0.630789) vs oldopt=(dt=25.92,rms=0.63089)
#GCMRL#  152 dt  36.288000 rms  0.631  0.080% neg 0  invalid 762 tFOTS 3.2800 tGradient 1.3420 tsec 4.8660
#FOTS# QuadFit found better minimum quadopt=(dt=580.608,rms=0.627086) vs oldopt=(dt=414.72,rms=0.627739)
#GCMRL#  153 dt 580.608000 rms  0.627  0.587% neg 0  invalid 762 tFOTS 3.3520 tGradient 1.3070 tsec 4.9040
#FOTS# QuadFit found better minimum quadopt=(dt=36.288,rms=0.625709) vs oldopt=(dt=25.92,rms=0.625927)
#GCMRL#  154 dt  36.288000 rms  0.626  0.220% neg 0  invalid 762 tFOTS 3.2820 tGradient 1.3780 tsec 4.9040
#FOTS# QuadFit found better minimum quadopt=(dt=124.416,rms=0.625088) vs oldopt=(dt=103.68,rms=0.625116)
#GCMRL#  155 dt 124.416000 rms  0.625  0.099% neg 0  invalid 762 tFOTS 3.3780 tGradient 1.3740 tsec 4.9960
#FOTS# QuadFit found better minimum quadopt=(dt=82.944,rms=0.624566) vs oldopt=(dt=103.68,rms=0.624613)
#GCMRL#  156 dt  82.944000 rms  0.625  0.084% neg 0  invalid 762 tFOTS 3.3650 tGradient 1.3400 tsec 5.0180
#FOTS# QuadFit found better minimum quadopt=(dt=82.944,rms=0.62398) vs oldopt=(dt=103.68,rms=0.624028)
#GCMRL#  157 dt  82.944000 rms  0.624  0.094% neg 0  invalid 762 tFOTS 3.9050 tGradient 1.8100 tsec 5.9650
#FOTS# QuadFit found better minimum quadopt=(dt=36.288,rms=0.623722) vs oldopt=(dt=25.92,rms=0.623777)
#GCMRL#  158 dt  36.288000 rms  0.624  0.000% neg 0  invalid 762 tFOTS 3.6430 tGradient 1.4370 tsec 5.3410
#GCMRL#  159 dt  36.288000 rms  0.623  0.041% neg 0  invalid 762 tFOTS 0.0000 tGradient 1.3930 tsec 1.6300
#GCMRL#  160 dt  36.288000 rms  0.623  0.066% neg 0  invalid 762 tFOTS 0.0000 tGradient 1.8100 tsec 2.1330
#GCMRL#  161 dt  36.288000 rms  0.622  0.091% neg 0  invalid 762 tFOTS 0.0000 tGradient 1.8300 tsec 2.1390
#GCMRL#  162 dt  36.288000 rms  0.622  0.110% neg 0  invalid 762 tFOTS 0.0000 tGradient 1.7700 tsec 2.0850
#GCMRL#  163 dt  36.288000 rms  0.621  0.128% neg 0  invalid 762 tFOTS 0.0000 tGradient 1.6290 tsec 1.8680
#GCMRL#  164 dt  36.288000 rms  0.620  0.143% neg 0  invalid 762 tFOTS 0.0000 tGradient 1.3100 tsec 1.5500
#GCMRL#  165 dt  36.288000 rms  0.619  0.154% neg 0  invalid 762 tFOTS 0.0000 tGradient 1.6160 tsec 1.9250
#GCMRL#  166 dt  36.288000 rms  0.618  0.167% neg 0  invalid 762 tFOTS 0.0000 tGradient 1.7230 tsec 2.0440
#GCMRL#  167 dt  36.288000 rms  0.617  0.168% neg 0  invalid 762 tFOTS 0.0000 tGradient 1.7710 tsec 2.0520
#GCMRL#  168 dt  36.288000 rms  0.616  0.169% neg 0  invalid 762 tFOTS 0.0000 tGradient 1.3250 tsec 1.5650
#GCMRL#  169 dt  36.288000 rms  0.615  0.171% neg 0  invalid 762 tFOTS 0.0000 tGradient 1.5390 tsec 1.8250
#GCMRL#  170 dt  36.288000 rms  0.614  0.164% neg 0  invalid 762 tFOTS 0.0000 tGradient 1.3460 tsec 1.5840
#GCMRL#  171 dt  36.288000 rms  0.613  0.165% neg 0  invalid 762 tFOTS 0.0000 tGradient 1.5380 tsec 1.7750
#GCMRL#  172 dt  36.288000 rms  0.612  0.158% neg 0  invalid 762 tFOTS 0.0000 tGradient 1.3200 tsec 1.5600
#GCMRL#  173 dt  36.288000 rms  0.611  0.158% neg 0  invalid 762 tFOTS 0.0000 tGradient 1.3410 tsec 1.5830
#GCMRL#  174 dt  36.288000 rms  0.610  0.145% neg 0  invalid 762 tFOTS 0.0000 tGradient 1.3800 tsec 1.6220
#GCMRL#  175 dt  36.288000 rms  0.610  0.018% neg 0  invalid 762 tFOTS 0.0000 tGradient 1.7960 tsec 2.2760
#GCMRL#  176 dt  36.288000 rms  0.610  0.026% neg 0  invalid 762 tFOTS 0.0000 tGradient 1.7310 tsec 2.0470
#GCMRL#  177 dt  36.288000 rms  0.610  0.035% neg 0  invalid 762 tFOTS 0.0000 tGradient 1.3970 tsec 1.6370
#GCMRL#  178 dt  36.288000 rms  0.609  0.049% neg 0  invalid 762 tFOTS 0.0000 tGradient 1.3930 tsec 1.6390
#GCMRL#  179 dt  36.288000 rms  0.609  0.058% neg 0  invalid 762 tFOTS 0.0000 tGradient 1.3690 tsec 1.6690
#GCMRL#  180 dt  36.288000 rms  0.609  0.067% neg 0  invalid 762 tFOTS 0.0000 tGradient 1.7190 tsec 2.0240
#GCMRL#  181 dt  36.288000 rms  0.608  0.074% neg 0  invalid 762 tFOTS 0.0000 tGradient 1.5480 tsec 1.7890
#GCMRL#  182 dt  36.288000 rms  0.608  0.078% neg 0  invalid 762 tFOTS 0.0000 tGradient 1.3780 tsec 1.6180
#GCMRL#  183 dt  36.288000 rms  0.607  0.083% neg 0  invalid 762 tFOTS 0.0000 tGradient 1.3340 tsec 1.5770
#GCMRL#  184 dt  36.288000 rms  0.607  0.090% neg 0  invalid 762 tFOTS 0.0000 tGradient 1.3280 tsec 1.5720
#GCMRL#  185 dt  36.288000 rms  0.606  0.094% neg 0  invalid 762 tFOTS 0.0000 tGradient 1.3450 tsec 1.5870
#GCMRL#  186 dt  36.288000 rms  0.605  0.095% neg 0  invalid 762 tFOTS 0.0000 tGradient 1.3180 tsec 1.5600
#GCMRL#  187 dt  36.288000 rms  0.605  0.099% neg 0  invalid 762 tFOTS 0.0000 tGradient 1.6090 tsec 1.9260
#GCMRL#  188 dt  36.288000 rms  0.604  0.098% neg 0  invalid 762 tFOTS 0.0000 tGradient 1.7140 tsec 1.9660
#GCMRL#  189 dt  36.288000 rms  0.604  0.095% neg 0  invalid 762 tFOTS 0.0000 tGradient 1.3380 tsec 1.5760
#GCMRL#  190 dt  36.288000 rms  0.603  0.096% neg 0  invalid 762 tFOTS 0.0000 tGradient 1.3600 tsec 1.6020
#GCMRL#  191 dt  36.288000 rms  0.603  0.012% neg 0  invalid 762 tFOTS 0.0000 tGradient 1.3630 tsec 1.8280
#GCMRL#  192 dt  18.144000 rms  0.603  0.006% neg 0  invalid 762 tFOTS 0.0000 tGradient 1.7820 tsec 2.4520
#GCMRL#  193 dt   1.620000 rms  0.603  0.000% neg 0  invalid 762 tFOTS 2.6360 tGradient 1.7760 tsec 4.6770
#GCMRL#  194 dt   0.101250 rms  0.603  0.000% neg 0  invalid 762 tFOTS 0.0000 tGradient 1.3680 tsec 2.2070
#GCMRL#  195 dt   0.000396 rms  0.603  0.000% neg 0  invalid 762 tFOTS 0.0000 tGradient 1.3520 tsec 2.7680

#GCAMreg# pass 0 level1 4 level2 1 tsec 205.811 sigma 0.5
l_jacobian=1.00 l_label=1.00 l_log_likelihood=0.20 l_smoothness=0.03 
tol=5.00e-02, dt=5.00e-02, exp_k=20.0, momentum=0.90, levels=6, niter=500, lbl_dist=10.00, avgs=64, sigma=0.5,type=2, relabel=0, neg=no

blurring input image with Gaussian with sigma=0.500...
GCAMRegisterLevel(): init RMS 0.604271
#FOTS# QuadFit found better minimum quadopt=(dt=137.203,rms=0.600339) vs oldopt=(dt=103.68,rms=0.600458)
#GCMRL#  197 dt 137.202614 rms  0.600  0.651% neg 0  invalid 762 tFOTS 3.3360 tGradient 1.3620 tsec 4.9480
#FOTS# QuadFit found better minimum quadopt=(dt=62.6237,rms=0.599482) vs oldopt=(dt=103.68,rms=0.599772)
#GCMRL#  198 dt  62.623656 rms  0.599  0.143% neg 0  invalid 762 tFOTS 3.1300 tGradient 1.3740 tsec 4.7540
#FOTS# QuadFit found better minimum quadopt=(dt=145.152,rms=0.598792) vs oldopt=(dt=103.68,rms=0.598895)
#GCMRL#  199 dt 145.152000 rms  0.599  0.115% neg 0  invalid 762 tFOTS 3.4640 tGradient 1.3750 tsec 5.1630
#FOTS# QuadFit found better minimum quadopt=(dt=36.288,rms=0.598363) vs oldopt=(dt=25.92,rms=0.598444)
#GCMRL#  200 dt  36.288000 rms  0.598  0.072% neg 0  invalid 762 tFOTS 3.7650 tGradient 1.7090 tsec 5.8000
#FOTS# QuadFit found better minimum quadopt=(dt=145.152,rms=0.597697) vs oldopt=(dt=103.68,rms=0.59787)
#GCMRL#  201 dt 145.152000 rms  0.598  0.111% neg 0  invalid 762 tFOTS 3.1390 tGradient 1.7650 tsec 5.1490
#FOTS# QuadFit found better minimum quadopt=(dt=9.072,rms=0.597672) vs oldopt=(dt=6.48,rms=0.597684)
#GCMRL#  202 dt   9.072000 rms  0.598  0.000% neg 0  invalid 762 tFOTS 2.6820 tGradient 1.3550 tsec 4.2970
#GCMRL#  203 dt   4.536000 rms  0.598  0.004% neg 0  invalid 762 tFOTS 0.0000 tGradient 1.3970 tsec 1.8780
#GCMRL#  204 dt   0.567000 rms  0.598  0.001% neg 0  invalid 762 tFOTS 0.0000 tGradient 1.3770 tsec 2.0900
#GCMRL#  205 dt   0.283500 rms  0.598  0.000% neg 0  invalid 762 tFOTS 0.0000 tGradient 1.3730 tsec 1.8700
#FOTS# QuadFit found better minimum quadopt=(dt=0.14175,rms=0.597642) vs oldopt=(dt=0.10125,rms=0.597643)
setting smoothness cost coefficient to 0.118

#GCAMreg# pass 0 level1 3 level2 0 tsec 0 sigma 2
l_jacobian=1.00 l_label=1.00 l_log_likelihood=0.20 l_smoothness=0.12 
tol=5.00e-02, dt=5.00e-02, exp_k=20.0, momentum=0.90, levels=6, niter=500, lbl_dist=10.00, avgs=16, sigma=2.0,type=2, relabel=0, neg=no

blurring input image with Gaussian with sigma=2.000...
GCAMRegisterLevel(): init RMS 0.609611
#FOTS# QuadFit found better minimum quadopt=(dt=71.9266,rms=0.600814) vs oldopt=(dt=32,rms=0.602827)
#GCMRL#  207 dt  71.926606 rms  0.601  1.443% neg 0  invalid 762 tFOTS 3.2380 tGradient 1.2740 tsec 4.7530
#FOTS# QuadFit found better minimum quadopt=(dt=96.4068,rms=0.586254) vs oldopt=(dt=32,rms=0.59199)
#GCMRL#  208 dt  96.406780 rms  0.586  2.423% neg 0  invalid 762 tFOTS 3.0580 tGradient 1.2240 tsec 4.5240
#FOTS# QuadFit found better minimum quadopt=(dt=19.9754,rms=0.580585) vs oldopt=(dt=32,rms=0.582232)
#GCMRL#  209 dt  19.975359 rms  0.581  0.967% neg 0  invalid 762 tFOTS 3.0440 tGradient 1.2650 tsec 4.5550
#FOTS# QuadFit found better minimum quadopt=(dt=38.4,rms=0.578891) vs oldopt=(dt=32,rms=0.578956)
#GCMRL#  210 dt  38.400000 rms  0.579  0.292% neg 0  invalid 762 tFOTS 3.0560 tGradient 1.2030 tsec 4.5010
#FOTS# QuadFit found better minimum quadopt=(dt=86.4256,rms=0.574773) vs oldopt=(dt=128,rms=0.575378)
#GCMRL#  211 dt  86.425600 rms  0.575  0.711% neg 0  invalid 762 tFOTS 3.2890 tGradient 1.1680 tsec 4.7010
#FOTS# QuadFit found better minimum quadopt=(dt=25.9259,rms=0.571942) vs oldopt=(dt=8,rms=0.57271)
#GCMRL#  212 dt  25.925926 rms  0.572  0.492% neg 0  invalid 762 tFOTS 3.1330 tGradient 1.2330 tsec 4.6110
#FOTS# QuadFit found better minimum quadopt=(dt=21.5793,rms=0.570456) vs oldopt=(dt=32,rms=0.570815)
#GCMRL#  213 dt  21.579251 rms  0.570  0.260% neg 0  invalid 762 tFOTS 3.2060 tGradient 1.1910 tsec 4.7250
#FOTS# QuadFit found better minimum quadopt=(dt=44.8,rms=0.568802) vs oldopt=(dt=32,rms=0.568943)
#GCMRL#  214 dt  44.800000 rms  0.569  0.290% neg 0  invalid 762 tFOTS 3.9270 tGradient 1.5050 tsec 5.7480
#FOTS# QuadFit found better minimum quadopt=(dt=11.2,rms=0.567834) vs oldopt=(dt=8,rms=0.568023)
#GCMRL#  215 dt  11.200000 rms  0.568  0.170% neg 0  invalid 762 tFOTS 3.6940 tGradient 1.4830 tsec 5.5050
#FOTS# QuadFit found better minimum quadopt=(dt=44.8,rms=0.5665) vs oldopt=(dt=32,rms=0.566782)
#GCMRL#  216 dt  44.800000 rms  0.567  0.235% neg 0  invalid 762 tFOTS 3.0490 tGradient 1.4250 tsec 4.7220
#GCMRL#  217 dt  32.000000 rms  0.565  0.219% neg 0  invalid 762 tFOTS 3.9040 tGradient 1.3610 tsec 5.5790
#FOTS# QuadFit found better minimum quadopt=(dt=0.7,rms=0.565224) vs oldopt=(dt=0.5,rms=0.565239)
#GCMRL#  218 dt   0.700000 rms  0.565  0.000% neg 0  invalid 762 tFOTS 3.3010 tGradient 1.4670 tsec 5.1090
#GCMRL#  219 dt   0.350000 rms  0.565  0.005% neg 0  invalid 762 tFOTS 0.0000 tGradient 1.4690 tsec 2.1030
#GCMRL#  220 dt   0.175000 rms  0.565  0.002% neg 0  invalid 762 tFOTS 0.0000 tGradient 1.2430 tsec 1.7330
#GCMRL#  221 dt   0.043750 rms  0.565  0.001% neg 0  invalid 762 tFOTS 0.0000 tGradient 1.1710 tsec 1.7990
#FOTS# QuadFit found better minimum quadopt=(dt=0.00273437,rms=0.56518) vs oldopt=(dt=0.00195312,rms=0.56518)

#GCAMreg# pass 0 level1 3 level2 1 tsec 77.076 sigma 0.5
l_jacobian=1.00 l_label=1.00 l_log_likelihood=0.20 l_smoothness=0.12 
tol=5.00e-02, dt=5.00e-02, exp_k=20.0, momentum=0.90, levels=6, niter=500, lbl_dist=10.00, avgs=16, sigma=0.5,type=2, relabel=0, neg=no

blurring input image with Gaussian with sigma=0.500...
GCAMRegisterLevel(): init RMS 0.566319
#FOTS# QuadFit found better minimum quadopt=(dt=38.4,rms=0.561763) vs oldopt=(dt=32,rms=0.561826)
#GCMRL#  223 dt  38.400000 rms  0.562  0.805% neg 0  invalid 762 tFOTS 3.3940 tGradient 1.3560 tsec 5.0650
#FOTS# QuadFit found better minimum quadopt=(dt=11.2,rms=0.560399) vs oldopt=(dt=8,rms=0.560666)
#GCMRL#  224 dt  11.200000 rms  0.560  0.243% neg 0  invalid 762 tFOTS 3.5320 tGradient 1.5740 tsec 5.3550
#FOTS# QuadFit found better minimum quadopt=(dt=88.25,rms=0.557846) vs oldopt=(dt=128,rms=0.558299)
#GCMRL#  225 dt  88.250000 rms  0.558  0.456% neg 0  invalid 762 tFOTS 4.0870 tGradient 1.4400 tsec 5.7760
#FOTS# QuadFit found better minimum quadopt=(dt=24.2162,rms=0.555896) vs oldopt=(dt=32,rms=0.55618)
#GCMRL#  226 dt  24.216216 rms  0.556  0.350% neg 0  invalid 762 tFOTS 3.3780 tGradient 1.4170 tsec 5.0470
#FOTS# QuadFit found better minimum quadopt=(dt=11.2,rms=0.555225) vs oldopt=(dt=8,rms=0.55532)
#GCMRL#  227 dt  11.200000 rms  0.555  0.121% neg 0  invalid 762 tFOTS 3.4210 tGradient 1.2360 tsec 4.9030
#FOTS# QuadFit found better minimum quadopt=(dt=179.2,rms=0.551874) vs oldopt=(dt=128,rms=0.552461)
#GCMRL#  228 dt 179.200000 rms  0.552  0.603% neg 0  invalid 762 tFOTS 3.0700 tGradient 1.2110 tsec 4.5240
#FOTS# QuadFit found better minimum quadopt=(dt=25.6,rms=0.550342) vs oldopt=(dt=32,rms=0.550422)
#GCMRL#  229 dt  25.600000 rms  0.550  0.278% neg 0  invalid 762 tFOTS 3.4200 tGradient 1.3300 tsec 4.9920
#FOTS# QuadFit found better minimum quadopt=(dt=19.2,rms=0.549724) vs oldopt=(dt=32,rms=0.549868)
#GCMRL#  230 dt  19.200000 rms  0.550  0.112% neg 0  invalid 762 tFOTS 3.2670 tGradient 1.2640 tsec 4.7760
#FOTS# QuadFit found better minimum quadopt=(dt=44.8,rms=0.549042) vs oldopt=(dt=32,rms=0.549094)
#GCMRL#  231 dt  44.800000 rms  0.549  0.124% neg 0  invalid 762 tFOTS 3.2510 tGradient 1.1910 tsec 4.6890
#FOTS# QuadFit found better minimum quadopt=(dt=11.2,rms=0.548649) vs oldopt=(dt=8,rms=0.548703)
#GCMRL#  232 dt  11.200000 rms  0.549  0.072% neg 0  invalid 762 tFOTS 3.3910 tGradient 1.3700 tsec 5.0640
#FOTS# QuadFit found better minimum quadopt=(dt=307.2,rms=0.546229) vs oldopt=(dt=512,rms=0.546711)
#GCMRL#  233 dt 307.200000 rms  0.546  0.441% neg 0  invalid 762 tFOTS 3.4960 tGradient 1.2180 tsec 4.9950
#FOTS# QuadFit found better minimum quadopt=(dt=22.5674,rms=0.544094) vs oldopt=(dt=32,rms=0.544578)
#GCMRL#  234 dt  22.567353 rms  0.544  0.391% neg 0  invalid 762 tFOTS 3.4080 tGradient 1.4460 tsec 5.1040
#FOTS# QuadFit found better minimum quadopt=(dt=11.2,rms=0.543571) vs oldopt=(dt=8,rms=0.543643)
#GCMRL#  235 dt  11.200000 rms  0.544  0.096% neg 0  invalid 762 tFOTS 3.5790 tGradient 1.1920 tsec 5.0170
#FOTS# QuadFit found better minimum quadopt=(dt=44.8,rms=0.543195) vs oldopt=(dt=32,rms=0.543221)
#GCMRL#  236 dt  44.800000 rms  0.543  0.069% neg 0  invalid 762 tFOTS 3.1730 tGradient 1.1780 tsec 4.5970
#GCMRL#  237 dt  32.000000 rms  0.543  0.080% neg 0  invalid 762 tFOTS 3.4260 tGradient 1.1800 tsec 4.8540
#FOTS# QuadFit found better minimum quadopt=(dt=19.2,rms=0.542583) vs oldopt=(dt=32,rms=0.542635)
#GCMRL#  238 dt  19.200000 rms  0.543  0.000% neg 0  invalid 762 tFOTS 3.3270 tGradient 1.1780 tsec 4.7720
#GCMRL#  239 dt  19.200000 rms  0.542  0.039% neg 0  invalid 762 tFOTS 0.0000 tGradient 1.3600 tsec 1.6780
#GCMRL#  240 dt  19.200000 rms  0.542  0.065% neg 0  invalid 762 tFOTS 0.0000 tGradient 1.1880 tsec 1.4300
#GCMRL#  241 dt  19.200000 rms  0.542  0.087% neg 0  invalid 762 tFOTS 0.0000 tGradient 1.2180 tsec 1.4600
#GCMRL#  242 dt  19.200000 rms  0.541  0.108% neg 0  invalid 762 tFOTS 0.0000 tGradient 1.2200 tsec 1.4640
#GCMRL#  243 dt  19.200000 rms  0.540  0.121% neg 0  invalid 762 tFOTS 0.0000 tGradient 1.1800 tsec 1.4240
#GCMRL#  244 dt  19.200000 rms  0.540  0.028% neg 0  invalid 762 tFOTS 0.0000 tGradient 1.1750 tsec 1.5440
#GCMRL#  245 dt  19.200000 rms  0.540  0.045% neg 0  invalid 762 tFOTS 0.0000 tGradient 1.1730 tsec 1.4120
#GCMRL#  246 dt  19.200000 rms  0.540  0.026% neg 0  invalid 762 tFOTS 0.0000 tGradient 1.1780 tsec 1.5460
#GCMRL#  247 dt  19.200000 rms  0.540  0.024% neg 0  invalid 762 tFOTS 0.0000 tGradient 1.1730 tsec 1.5410
#GCMRL#  248 dt   1.200000 rms  0.540  0.003% neg 0  invalid 762 tFOTS 0.0000 tGradient 1.1760 tsec 2.0330
#FOTS# QuadFit found better minimum quadopt=(dt=0.7,rms=0.539632) vs oldopt=(dt=0.5,rms=0.539634)
#GCMRL#  249 dt   0.700000 rms  0.540  0.000% neg 0  invalid 762 tFOTS 2.5210 tGradient 1.1740 tsec 3.9580
#GCMRL#  250 dt   0.087500 rms  0.540  0.001% neg 0  invalid 762 tFOTS 0.0000 tGradient 1.1810 tsec 1.9070
#GCMRL#  251 dt   0.005469 rms  0.540  0.000% neg 0  invalid 762 tFOTS 0.0000 tGradient 1.3470 tsec 2.3400
setting smoothness cost coefficient to 0.400

#GCAMreg# pass 0 level1 2 level2 0 tsec 0 sigma 2
l_jacobian=1.00 l_label=1.00 l_log_likelihood=0.20 l_smoothness=0.40 
tol=5.00e-02, dt=5.00e-02, exp_k=20.0, momentum=0.90, levels=6, niter=500, lbl_dist=10.00, avgs=4, sigma=2.0,type=2, relabel=0, neg=no

blurring input image with Gaussian with sigma=2.000...
GCAMRegisterLevel(): init RMS 0.568292
#GCMRL#  253 dt   0.000000 rms  0.567  0.195% neg 0  invalid 762 tFOTS 3.4060 tGradient 1.2770 tsec 5.0030
#GCMRL#  254 dt   0.150000 rms  0.567  0.000% neg 0  invalid 762 tFOTS 2.8920 tGradient 1.1770 tsec 4.4910

#GCAMreg# pass 0 level1 2 level2 1 tsec 20.373 sigma 0.5
l_jacobian=1.00 l_label=1.00 l_log_likelihood=0.20 l_smoothness=0.40 
tol=5.00e-02, dt=5.00e-02, exp_k=20.0, momentum=0.90, levels=6, niter=500, lbl_dist=10.00, avgs=4, sigma=0.5,type=2, relabel=0, neg=no

blurring input image with Gaussian with sigma=0.500...
GCAMRegisterLevel(): init RMS 0.568292
#GCMRL#  256 dt   0.000000 rms  0.567  0.195% neg 0  invalid 762 tFOTS 3.3720 tGradient 1.3850 tsec 5.0010
#GCMRL#  257 dt   0.150000 rms  0.567  0.000% neg 0  invalid 762 tFOTS 3.1190 tGradient 1.1360 tsec 4.6760
setting smoothness cost coefficient to 1.000

#GCAMreg# pass 0 level1 1 level2 0 tsec 0 sigma 2
l_jacobian=1.00 l_label=1.00 l_log_likelihood=0.20 l_smoothness=1.00 
tol=5.00e-02, dt=5.00e-02, exp_k=20.0, momentum=0.90, levels=6, niter=500, lbl_dist=10.00, avgs=1, sigma=2.0,type=2, relabel=0, neg=no

blurring input image with Gaussian with sigma=2.000...
GCAMRegisterLevel(): init RMS 0.62271
#FOTS# QuadFit found better minimum quadopt=(dt=1.536,rms=0.617611) vs oldopt=(dt=1.28,rms=0.617751)
#GCMRL#  259 dt   1.536000 rms  0.618  0.819% neg 0  invalid 762 tFOTS 3.1660 tGradient 1.0630 tsec 4.4720
#FOTS# QuadFit found better minimum quadopt=(dt=0.256,rms=0.617533) vs oldopt=(dt=0.32,rms=0.617533)
#GCMRL#  260 dt   0.256000 rms  0.618  0.000% neg 0  invalid 762 tFOTS 3.2480 tGradient 1.0500 tsec 4.5580

#GCAMreg# pass 0 level1 1 level2 1 tsec 20.139 sigma 0.5
l_jacobian=1.00 l_label=1.00 l_log_likelihood=0.20 l_smoothness=1.00 
tol=5.00e-02, dt=5.00e-02, exp_k=20.0, momentum=0.90, levels=6, niter=500, lbl_dist=10.00, avgs=1, sigma=0.5,type=2, relabel=0, neg=no

blurring input image with Gaussian with sigma=0.500...
GCAMRegisterLevel(): init RMS 0.618514
#FOTS# QuadFit found better minimum quadopt=(dt=1.024,rms=0.616793) vs oldopt=(dt=1.28,rms=0.616854)
#GCMRL#  262 dt   1.024000 rms  0.617  0.278% neg 0  invalid 762 tFOTS 3.8130 tGradient 1.2730 tsec 5.3350
#FOTS# QuadFit found better minimum quadopt=(dt=0.112,rms=0.61679) vs oldopt=(dt=0.08,rms=0.616791)
#GCMRL#  263 dt   0.112000 rms  0.617  0.000% neg 0  invalid 762 tFOTS 3.2800 tGradient 1.0610 tsec 4.6040
resetting metric properties...
setting smoothness cost coefficient to 2.000

#GCAMreg# pass 0 level1 0 level2 0 tsec 0 sigma 2
l_jacobian=1.00 l_label=1.00 l_log_likelihood=0.20 l_smoothness=2.00 
tol=5.00e-02, dt=5.00e-02, exp_k=20.0, momentum=0.90, levels=6, niter=500, lbl_dist=10.00, avgs=0, sigma=2.0,type=2, relabel=0, neg=no

blurring input image with Gaussian with sigma=2.000...
GCAMRegisterLevel(): init RMS 0.550726
#FOTS# QuadFit found better minimum quadopt=(dt=0.448,rms=0.534303) vs oldopt=(dt=0.32,rms=0.538511)
#GCMRL#  265 dt   0.448000 rms  0.534  2.982% neg 0  invalid 762 tFOTS 2.8860 tGradient 0.6570 tsec 3.7870
#GCMRL#  266 dt   0.320000 rms  0.531  0.590% neg 0  invalid 762 tFOTS 3.6210 tGradient 0.6530 tsec 4.5740
#FOTS# QuadFit found better minimum quadopt=(dt=0.384,rms=0.528516) vs oldopt=(dt=0.32,rms=0.528948)
#GCMRL#  267 dt   0.384000 rms  0.529  0.496% neg 0  invalid 762 tFOTS 3.3680 tGradient 0.7690 tsec 4.3860
#FOTS# QuadFit found better minimum quadopt=(dt=0.384,rms=0.526831) vs oldopt=(dt=0.32,rms=0.527105)
#GCMRL#  268 dt   0.384000 rms  0.527  0.319% neg 0  invalid 762 tFOTS 3.2380 tGradient 0.6340 tsec 4.1160
#FOTS# QuadFit found better minimum quadopt=(dt=0.384,rms=0.525579) vs oldopt=(dt=0.32,rms=0.525782)
#GCMRL#  269 dt   0.384000 rms  0.526  0.238% neg 0  invalid 762 tFOTS 3.0460 tGradient 0.7400 tsec 4.0370
#FOTS# QuadFit found better minimum quadopt=(dt=0.384,rms=0.52465) vs oldopt=(dt=0.32,rms=0.524799)
#GCMRL#  270 dt   0.384000 rms  0.525  0.177% neg 0  invalid 762 tFOTS 3.0420 tGradient 0.6300 tsec 3.9140
#FOTS# QuadFit found better minimum quadopt=(dt=0.384,rms=0.52388) vs oldopt=(dt=0.32,rms=0.524002)
#GCMRL#  271 dt   0.384000 rms  0.524  0.147% neg 0  invalid 762 tFOTS 2.9330 tGradient 0.6270 tsec 3.8100
#FOTS# QuadFit found better minimum quadopt=(dt=0.384,rms=0.523286) vs oldopt=(dt=0.32,rms=0.523378)
#GCMRL#  272 dt   0.384000 rms  0.523  0.113% neg 0  invalid 762 tFOTS 2.8730 tGradient 0.6280 tsec 3.7470
#FOTS# QuadFit found better minimum quadopt=(dt=0.384,rms=0.522761) vs oldopt=(dt=0.32,rms=0.522842)
#GCMRL#  273 dt   0.384000 rms  0.523  0.100% neg 0  invalid 762 tFOTS 2.8640 tGradient 0.6270 tsec 3.7350
#FOTS# QuadFit found better minimum quadopt=(dt=0.384,rms=0.522353) vs oldopt=(dt=0.32,rms=0.522414)
#GCMRL#  274 dt   0.384000 rms  0.522  0.078% neg 0  invalid 762 tFOTS 3.2560 tGradient 0.6260 tsec 4.2030
#FOTS# QuadFit found better minimum quadopt=(dt=0.384,rms=0.52197) vs oldopt=(dt=0.32,rms=0.522027)
#GCMRL#  275 dt   0.384000 rms  0.522  0.073% neg 0  invalid 762 tFOTS 2.9860 tGradient 0.7520 tsec 3.9830
#FOTS# QuadFit found better minimum quadopt=(dt=0.384,rms=0.521676) vs oldopt=(dt=0.32,rms=0.521717)
#GCMRL#  276 dt   0.384000 rms  0.522  0.056% neg 0  invalid 762 tFOTS 2.8970 tGradient 0.6350 tsec 3.7800
#FOTS# QuadFit found better minimum quadopt=(dt=0.384,rms=0.521381) vs oldopt=(dt=0.32,rms=0.521422)
#GCMRL#  277 dt   0.384000 rms  0.521  0.057% neg 0  invalid 762 tFOTS 2.8830 tGradient 0.6300 tsec 3.7630
#FOTS# QuadFit found better minimum quadopt=(dt=0.384,rms=0.521161) vs oldopt=(dt=0.32,rms=0.52119)
#GCMRL#  278 dt   0.384000 rms  0.521  0.000% neg 0  invalid 762 tFOTS 2.8980 tGradient 0.6310 tsec 3.7930
#GCMRL#  279 dt   0.384000 rms  0.521  0.044% neg 0  invalid 762 tFOTS 0.0000 tGradient 0.6330 tsec 0.8780
#GCMRL#  280 dt   0.384000 rms  0.521  0.073% neg 0  invalid 762 tFOTS 0.0000 tGradient 0.6260 tsec 0.8740
#GCMRL#  281 dt   0.384000 rms  0.520  0.027% neg 0  invalid 762 tFOTS 0.0000 tGradient 0.6310 tsec 1.0070
#GCMRL#  282 dt   0.384000 rms  0.520  0.058% neg 0  invalid 762 tFOTS 0.0000 tGradient 0.6340 tsec 0.8800
#GCMRL#  283 dt   0.192000 rms  0.520  0.013% neg 0  invalid 762 tFOTS 0.0000 tGradient 0.6280 tsec 1.1140
#GCMRL#  284 dt   0.192000 rms  0.520  0.026% neg 0  invalid 762 tFOTS 0.0000 tGradient 0.6310 tsec 0.8740
#GCMRL#  285 dt   0.192000 rms  0.520  0.011% neg 0  invalid 762 tFOTS 0.0000 tGradient 0.6290 tsec 1.0030
#GCMRL#  286 dt   0.192000 rms  0.520  0.018% neg 0  invalid 762 tFOTS 0.0000 tGradient 0.6350 tsec 0.8800
#GCMRL#  287 dt   0.192000 rms  0.520  0.011% neg 0  invalid 762 tFOTS 0.0000 tGradient 0.6270 tsec 1.0200
#GCMRL#  288 dt   0.320000 rms  0.520  0.016% neg 0  invalid 762 tFOTS 2.8920 tGradient 0.6660 tsec 3.8050
#FOTS# QuadFit found better minimum quadopt=(dt=0.384,rms=0.519548) vs oldopt=(dt=0.32,rms=0.519554)
#GCMRL#  289 dt   0.384000 rms  0.520  0.000% neg 0  invalid 762 tFOTS 2.8890 tGradient 0.6310 tsec 3.7840
#GCMRL#  290 dt   0.384000 rms  0.519  0.011% neg 0  invalid 762 tFOTS 0.0000 tGradient 0.6340 tsec 0.8780
#GCMRL#  291 dt   0.384000 rms  0.519  0.023% neg 0  invalid 762 tFOTS 0.0000 tGradient 0.6290 tsec 0.9470
#GCMRL#  292 dt   0.192000 rms  0.519  0.010% neg 0  invalid 762 tFOTS 0.0000 tGradient 0.7770 tsec 1.3980
#GCMRL#  293 dt   0.192000 rms  0.519  0.016% neg 0  invalid 762 tFOTS 0.0000 tGradient 0.6300 tsec 0.8730

#GCAMreg# pass 0 level1 0 level2 1 tsec 86.084 sigma 0.5
l_jacobian=1.00 l_label=1.00 l_log_likelihood=0.20 l_smoothness=2.00 
tol=5.00e-02, dt=5.00e-02, exp_k=20.0, momentum=0.90, levels=6, niter=500, lbl_dist=10.00, avgs=0, sigma=0.5,type=2, relabel=0, neg=no

blurring input image with Gaussian with sigma=0.500...
GCAMRegisterLevel(): init RMS 0.520383
#FOTS# QuadFit found better minimum quadopt=(dt=0.234375,rms=0.516764) vs oldopt=(dt=0.08,rms=0.518356)
#GCMRL#  295 dt   0.234375 rms  0.517  0.696% neg 0  invalid 762 tFOTS 2.6770 tGradient 0.6770 tsec 3.6070
#GCMRL#  296 dt   0.320000 rms  0.515  0.350% neg 0  invalid 762 tFOTS 2.8760 tGradient 0.6270 tsec 3.7510
#FOTS# QuadFit found better minimum quadopt=(dt=0.384,rms=0.514039) vs oldopt=(dt=0.32,rms=0.514181)
#GCMRL#  297 dt   0.384000 rms  0.514  0.177% neg 0  invalid 762 tFOTS 2.8660 tGradient 0.6280 tsec 3.7390
#GCMRL#  298 dt   0.320000 rms  0.514  0.050% neg 0  invalid 762 tFOTS 2.8730 tGradient 0.6340 tsec 3.7530
#GCMRL#  299 dt   0.320000 rms  0.514  0.000% neg 0  invalid 762 tFOTS 2.8670 tGradient 0.6280 tsec 3.7580
#GCMRL#  300 dt   0.320000 rms  0.513  0.019% neg 0  invalid 762 tFOTS 0.0000 tGradient 0.6260 tsec 0.8710
#GCMRL#  301 dt   0.320000 rms  0.513  0.035% neg 0  invalid 762 tFOTS 0.0000 tGradient 0.6250 tsec 0.8720
#GCMRL#  302 dt   0.160000 rms  0.513  0.005% neg 0  invalid 762 tFOTS 0.0000 tGradient 0.6330 tsec 1.2540
#GCMRL#  303 dt   0.160000 rms  0.513  0.008% neg 0  invalid 762 tFOTS 0.0000 tGradient 0.6890 tsec 0.9310
#GCMRL#  304 dt   0.160000 rms  0.513  0.011% neg 0  invalid 762 tFOTS 0.0000 tGradient 0.6310 tsec 0.9400
#GCMRL#  305 dt   0.160000 rms  0.513  0.010% neg 0  invalid 762 tFOTS 0.0000 tGradient 0.7500 tsec 1.0920
#FOTS# QuadFit found better minimum quadopt=(dt=0.112,rms=0.51313) vs oldopt=(dt=0.08,rms=0.513134)
#GCMRL#  306 dt   0.112000 rms  0.513  0.000% neg 0  invalid 762 tFOTS 2.8580 tGradient 0.7530 tsec 3.8750
#GCMRL#  307 dt   0.112000 rms  0.513  0.002% neg 0  invalid 762 tFOTS 0.0000 tGradient 0.6310 tsec 0.8770
#GCMRL#  308 dt   0.112000 rms  0.513  0.006% neg 0  invalid 762 tFOTS 0.0000 tGradient 0.6300 tsec 0.8740
#GCMRL#  309 dt   0.112000 rms  0.513  0.005% neg 0  invalid 762 tFOTS 0.0000 tGradient 0.6290 tsec 0.8750
#GCMRL#  310 dt   0.112000 rms  0.513  0.007% neg 0  invalid 762 tFOTS 0.0000 tGradient 0.6290 tsec 0.8750
#GCMRL#  311 dt   0.112000 rms  0.513  0.008% neg 0  invalid 762 tFOTS 0.0000 tGradient 0.6270 tsec 0.8740
#GCMRL#  312 dt   0.112000 rms  0.513  0.012% neg 0  invalid 762 tFOTS 0.0000 tGradient 0.6290 tsec 0.8740
GCAMregister done in 13.7785 min
********************* ALLOWING NEGATIVE NODES IN DEFORMATION********************************
noneg post
Starting GCAMregister()
label assignment complete, 0 changed (0.00%)
npasses = 1, nlevels = 6
#pass# 1 of 1 ************************
enabling zero nodes
setting smoothness cost coefficient to 0.008

#GCAMreg# pass 0 level1 5 level2 0 tsec 0 sigma 2
l_jacobian=1.00 l_label=1.00 l_log_likelihood=0.20 l_smoothness=0.01 
tol=2.50e-01, dt=5.00e-02, exp_k=20.0, momentum=0.90, levels=6, niter=500, lbl_dist=10.00, avgs=256, sigma=2.0,type=2, relabel=0, neg=yes

blurring input image with Gaussian with sigma=2.000...
GCAMRegisterLevel(): init RMS 0.511485
#GCMRL#  314 dt   0.000000 rms  0.510  0.231% neg 0  invalid 762 tFOTS 3.5450 tGradient 1.5210 tsec 5.3170

#GCAMreg# pass 0 level1 5 level2 1 tsec 20.655 sigma 0.5
l_jacobian=1.00 l_label=1.00 l_log_likelihood=0.20 l_smoothness=0.01 
tol=2.50e-01, dt=5.00e-02, exp_k=20.0, momentum=0.90, levels=6, niter=500, lbl_dist=10.00, avgs=256, sigma=0.5,type=2, relabel=0, neg=yes

blurring input image with Gaussian with sigma=0.500...
GCAMRegisterLevel(): init RMS 0.511485
#FOTS# QuadFit found better minimum quadopt=(dt=129.472,rms=0.509875) vs oldopt=(dt=92.48,rms=0.509965)
#GCMRL#  316 dt 129.472000 rms  0.510  0.315% neg 0  invalid 762 tFOTS 4.2910 tGradient 1.6990 tsec 6.2380
#FOTS# QuadFit found better minimum quadopt=(dt=295.936,rms=0.509497) vs oldopt=(dt=369.92,rms=0.509518)
#GCMRL#  317 dt 295.936000 rms  0.509  0.000% neg 0  invalid 762 tFOTS 3.5990 tGradient 1.6220 tsec 5.4860
setting smoothness cost coefficient to 0.031

#GCAMreg# pass 0 level1 4 level2 0 tsec 0 sigma 2
l_jacobian=1.00 l_label=1.00 l_log_likelihood=0.20 l_smoothness=0.03 
tol=2.50e-01, dt=5.00e-02, exp_k=20.0, momentum=0.90, levels=6, niter=500, lbl_dist=10.00, avgs=64, sigma=2.0,type=2, relabel=0, neg=yes

blurring input image with Gaussian with sigma=2.000...
GCAMRegisterLevel(): init RMS 0.510763
#FOTS# QuadFit found better minimum quadopt=(dt=36.288,rms=0.508884) vs oldopt=(dt=25.92,rms=0.508935)
#GCMRL#  319 dt  36.288000 rms  0.509  0.368% neg 0  invalid 762 tFOTS 3.6740 tGradient 1.2520 tsec 5.1690
#FOTS# QuadFit found better minimum quadopt=(dt=36.288,rms=0.508569) vs oldopt=(dt=25.92,rms=0.508614)
#GCMRL#  320 dt  36.288000 rms  0.509  0.000% neg 0  invalid 762 tFOTS 3.8520 tGradient 1.4470 tsec 5.6330
#GCMRL#  321 dt  36.288000 rms  0.508  0.061% neg 0  invalid 762 tFOTS 0.0000 tGradient 1.3240 tsec 1.5660
#GCMRL#  322 dt  36.288000 rms  0.508  0.043% neg 0  invalid 762 tFOTS 0.0000 tGradient 1.3260 tsec 1.5670

#GCAMreg# pass 0 level1 4 level2 1 tsec 24.936 sigma 0.5
l_jacobian=1.00 l_label=1.00 l_log_likelihood=0.20 l_smoothness=0.03 
tol=2.50e-01, dt=5.00e-02, exp_k=20.0, momentum=0.90, levels=6, niter=500, lbl_dist=10.00, avgs=64, sigma=0.5,type=2, relabel=0, neg=yes

blurring input image with Gaussian with sigma=0.500...
GCAMRegisterLevel(): init RMS 0.509198
#FOTS# QuadFit found better minimum quadopt=(dt=96.4533,rms=0.504879) vs oldopt=(dt=103.68,rms=0.504898)
#GCMRL#  324 dt  96.453258 rms  0.505  0.848% neg 0  invalid 762 tFOTS 3.9010 tGradient 1.6340 tsec 5.7890
#FOTS# QuadFit found better minimum quadopt=(dt=36.288,rms=0.504108) vs oldopt=(dt=25.92,rms=0.504195)
#GCMRL#  325 dt  36.288000 rms  0.504  0.000% neg 0  invalid 762 tFOTS 4.3590 tGradient 1.2680 tsec 5.9780
#GCMRL#  326 dt  36.288000 rms  0.504  0.061% neg 0  invalid 762 tFOTS 0.0000 tGradient 1.6040 tsec 1.9140
#GCMRL#  327 dt  36.288000 rms  0.503  0.095% neg 0  invalid 762 tFOTS 0.0000 tGradient 1.6360 tsec 1.9500
#GCMRL#  328 dt  36.288000 rms  0.503  0.139% neg 0  invalid 762 tFOTS 0.0000 tGradient 1.6450 tsec 1.9640
#GCMRL#  329 dt  36.288000 rms  0.502  0.143% neg 0  invalid 762 tFOTS 0.0000 tGradient 1.6360 tsec 1.9090
#GCMRL#  330 dt  36.288000 rms  0.501  0.155% neg 0  invalid 762 tFOTS 0.0000 tGradient 1.4890 tsec 1.7980
#GCMRL#  331 dt  36.288000 rms  0.501  0.124% neg 0  invalid 762 tFOTS 0.0000 tGradient 1.5380 tsec 1.7810
#GCMRL#  332 dt  36.288000 rms  0.500  0.118% neg 0  invalid 762 tFOTS 0.0000 tGradient 1.2520 tsec 1.5150
#FOTS# QuadFit found better minimum quadopt=(dt=36.288,rms=0.49989) vs oldopt=(dt=25.92,rms=0.499896)
#GCMRL#  333 dt  36.288000 rms  0.500  0.000% neg 0  invalid 762 tFOTS 3.7560 tGradient 1.3880 tsec 5.4060
#GCMRL#  334 dt  36.288000 rms  0.500  0.008% neg 0  invalid 762 tFOTS 0.0000 tGradient 1.2480 tsec 1.4850
#GCMRL#  335 dt  36.288000 rms  0.500  0.020% neg 0  invalid 762 tFOTS 0.0000 tGradient 1.2430 tsec 1.4820
#GCMRL#  336 dt  36.288000 rms  0.500  0.032% neg 0  invalid 762 tFOTS 0.0000 tGradient 1.2510 tsec 1.4910
#GCMRL#  337 dt  36.288000 rms  0.499  0.040% neg 0  invalid 762 tFOTS 0.0000 tGradient 1.2340 tsec 1.4710
#GCMRL#  338 dt  36.288000 rms  0.499  0.048% neg 0  invalid 762 tFOTS 0.0000 tGradient 1.2460 tsec 1.4820
#GCMRL#  339 dt  36.288000 rms  0.499  0.052% neg 0  invalid 762 tFOTS 0.0000 tGradient 1.2560 tsec 1.5120
#GCMRL#  340 dt  36.288000 rms  0.499  0.057% neg 0  invalid 762 tFOTS 0.0000 tGradient 1.5770 tsec 1.8770
#GCMRL#  341 dt  36.288000 rms  0.498  0.059% neg 0  invalid 762 tFOTS 0.0000 tGradient 1.5850 tsec 1.9070
#GCMRL#  342 dt  36.288000 rms  0.498  0.056% neg 0  invalid 762 tFOTS 0.0000 tGradient 1.2930 tsec 1.5320
#GCMRL#  343 dt  36.288000 rms  0.498  0.063% neg 0  invalid 762 tFOTS 0.0000 tGradient 1.5300 tsec 1.8510
setting smoothness cost coefficient to 0.118

#GCAMreg# pass 0 level1 3 level2 0 tsec 0 sigma 2
l_jacobian=1.00 l_label=1.00 l_log_likelihood=0.20 l_smoothness=0.12 
tol=2.50e-01, dt=5.00e-02, exp_k=20.0, momentum=0.90, levels=6, niter=500, lbl_dist=10.00, avgs=16, sigma=2.0,type=2, relabel=0, neg=yes

blurring input image with Gaussian with sigma=2.000...
GCAMRegisterLevel(): init RMS 0.499206
#FOTS# QuadFit found better minimum quadopt=(dt=25.6,rms=0.496724) vs oldopt=(dt=32,rms=0.496779)
iter 0, gcam->neg = 2
after 6 iterations, nbhd size=1, neg = 0
#GCMRL#  345 dt  25.600000 rms  0.497  0.487% neg 0  invalid 762 tFOTS 4.4330 tGradient 1.1710 tsec 8.4870
#FOTS# QuadFit found better minimum quadopt=(dt=44.8,rms=0.495054) vs oldopt=(dt=32,rms=0.495317)
iter 0, gcam->neg = 7
after 7 iterations, nbhd size=1, neg = 0
#GCMRL#  346 dt  44.800000 rms  0.495  0.307% neg 0  invalid 762 tFOTS 3.9350 tGradient 1.2330 tsec 8.3110
#FOTS# QuadFit found better minimum quadopt=(dt=38.4,rms=0.494262) vs oldopt=(dt=32,rms=0.494264)
iter 0, gcam->neg = 11
after 10 iterations, nbhd size=1, neg = 0
#GCMRL#  347 dt  38.400000 rms  0.494  0.000% neg 0  invalid 762 tFOTS 4.2800 tGradient 1.4970 tsec 10.1040
iter 0, gcam->neg = 8
after 7 iterations, nbhd size=1, neg = 0
#GCMRL#  348 dt  38.400000 rms  0.494  0.129% neg 0  invalid 762 tFOTS 0.0000 tGradient 1.6290 tsec 4.8200
iter 0, gcam->neg = 22
after 18 iterations, nbhd size=1, neg = 0
#GCMRL#  349 dt  38.400000 rms  0.491  0.475% neg 0  invalid 762 tFOTS 0.0000 tGradient 1.2420 tsec 7.9120
iter 0, gcam->neg = 71
after 21 iterations, nbhd size=1, neg = 0
#GCMRL#  350 dt  38.400000 rms  0.491  0.041% neg 0  invalid 762 tFOTS 0.0000 tGradient 1.2090 tsec 8.8650
iter 0, gcam->neg = 68
after 23 iterations, nbhd size=1, neg = 0
#GCMRL#  351 dt  38.400000 rms  0.490  0.182% neg 0  invalid 762 tFOTS 0.0000 tGradient 1.4820 tsec 9.8400
iter 0, gcam->neg = 110
after 19 iterations, nbhd size=1, neg = 0
#GCMRL#  352 dt  38.400000 rms  0.490  0.054% neg 0  invalid 762 tFOTS 0.0000 tGradient 1.2230 tsec 8.2010
iter 0, gcam->neg = 125
after 32 iterations, nbhd size=1, neg = 0
#GCMRL#  353 dt  38.400000 rms  0.489  0.241% neg 0  invalid 762 tFOTS 0.0000 tGradient 1.3080 tsec 12.3840
iter 0, gcam->neg = 131
after 27 iterations, nbhd size=1, neg = 0
#GCMRL#  354 dt  38.400000 rms  0.489 -0.116% neg 0  invalid 762 tFOTS 0.0000 tGradient 1.2520 tsec 11.0950
#FOTS# QuadFit found better minimum quadopt=(dt=11.2,rms=0.488377) vs oldopt=(dt=8,rms=0.488466)
#GCMRL#  355 dt  11.200000 rms  0.488  0.094% neg 0  invalid 762 tFOTS 3.4420 tGradient 1.2390 tsec 4.9400
#FOTS# QuadFit found better minimum quadopt=(dt=25.6,rms=0.488048) vs oldopt=(dt=32,rms=0.48807)
iter 0, gcam->neg = 3
after 10 iterations, nbhd size=1, neg = 0

#GCAMreg# pass 0 level1 3 level2 1 tsec 113.363 sigma 0.5
l_jacobian=1.00 l_label=1.00 l_log_likelihood=0.20 l_smoothness=0.12 
tol=2.50e-01, dt=5.00e-02, exp_k=20.0, momentum=0.90, levels=6, niter=500, lbl_dist=10.00, avgs=16, sigma=0.5,type=2, relabel=0, neg=yes

blurring input image with Gaussian with sigma=0.500...
GCAMRegisterLevel(): init RMS 0.489593
#FOTS# QuadFit found better minimum quadopt=(dt=51.021,rms=0.482971) vs oldopt=(dt=32,rms=0.483546)
iter 0, gcam->neg = 1
after 0 iterations, nbhd size=0, neg = 0
#GCMRL#  357 dt  51.020979 rms  0.483  1.353% neg 0  invalid 762 tFOTS 3.6950 tGradient 1.3080 tsec 5.9230
#FOTS# QuadFit found better minimum quadopt=(dt=20.6222,rms=0.480947) vs oldopt=(dt=32,rms=0.481469)
#GCMRL#  358 dt  20.622222 rms  0.481  0.419% neg 0  invalid 762 tFOTS 3.7130 tGradient 1.6790 tsec 5.6390
#FOTS# QuadFit found better minimum quadopt=(dt=38.4,rms=0.479545) vs oldopt=(dt=32,rms=0.479545)
iter 0, gcam->neg = 5
after 1 iterations, nbhd size=0, neg = 0
#GCMRL#  359 dt  38.400000 rms  0.480  0.293% neg 0  invalid 762 tFOTS 3.6480 tGradient 1.2340 tsec 6.1520
#FOTS# QuadFit found better minimum quadopt=(dt=11.2,rms=0.478522) vs oldopt=(dt=8,rms=0.478699)
#GCMRL#  360 dt  11.200000 rms  0.479  0.000% neg 0  invalid 762 tFOTS 3.6600 tGradient 1.3810 tsec 5.3020
iter 0, gcam->neg = 2
after 6 iterations, nbhd size=0, neg = 0
#GCMRL#  361 dt  11.200000 rms  0.478  0.069% neg 0  invalid 762 tFOTS 0.0000 tGradient 1.2320 tsec 4.0400
iter 0, gcam->neg = 1
after 3 iterations, nbhd size=0, neg = 0
#GCMRL#  362 dt  11.200000 rms  0.478  0.127% neg 0  invalid 762 tFOTS 0.0000 tGradient 1.2330 tsec 3.1780
iter 0, gcam->neg = 2
after 0 iterations, nbhd size=0, neg = 0
#GCMRL#  363 dt  11.200000 rms  0.477  0.159% neg 0  invalid 762 tFOTS 0.0000 tGradient 1.6160 tsec 2.6490
iter 0, gcam->neg = 6
after 2 iterations, nbhd size=0, neg = 0
#GCMRL#  364 dt  11.200000 rms  0.476  0.165% neg 0  invalid 762 tFOTS 0.0000 tGradient 1.6560 tsec 3.2400
iter 0, gcam->neg = 7
after 8 iterations, nbhd size=0, neg = 0
#GCMRL#  365 dt  11.200000 rms  0.475  0.134% neg 0  invalid 762 tFOTS 0.0000 tGradient 1.2350 tsec 4.7120
iter 0, gcam->neg = 3
after 11 iterations, nbhd size=1, neg = 0
#GCMRL#  366 dt  11.200000 rms  0.475  0.102% neg 0  invalid 762 tFOTS 0.0000 tGradient 1.2440 tsec 5.6850
iter 0, gcam->neg = 7
after 10 iterations, nbhd size=0, neg = 0
#GCMRL#  367 dt  11.200000 rms  0.475  0.084% neg 0  invalid 762 tFOTS 0.0000 tGradient 1.2450 tsec 5.3680
#FOTS# QuadFit found better minimum quadopt=(dt=44.8,rms=0.474295) vs oldopt=(dt=32,rms=0.474331)
iter 0, gcam->neg = 2
after 0 iterations, nbhd size=0, neg = 0
#GCMRL#  368 dt  44.800000 rms  0.474  0.000% neg 0  invalid 762 tFOTS 3.4610 tGradient 1.3350 tsec 5.7480
iter 0, gcam->neg = 3
after 11 iterations, nbhd size=1, neg = 0
#GCMRL#  369 dt  44.800000 rms  0.474  0.055% neg 0  invalid 762 tFOTS 0.0000 tGradient 1.2070 tsec 5.6370
iter 0, gcam->neg = 6
after 9 iterations, nbhd size=1, neg = 0
#GCMRL#  370 dt  44.800000 rms  0.474  0.070% neg 0  invalid 762 tFOTS 0.0000 tGradient 1.2480 tsec 5.1470
iter 0, gcam->neg = 6
after 2 iterations, nbhd size=0, neg = 0
#GCMRL#  371 dt  44.800000 rms  0.473  0.070% neg 0  invalid 762 tFOTS 0.0000 tGradient 1.3620 tsec 2.9240
iter 0, gcam->neg = 10
after 14 iterations, nbhd size=1, neg = 0
#GCMRL#  372 dt  44.800000 rms  0.472  0.188% neg 0  invalid 762 tFOTS 0.0000 tGradient 1.2380 tsec 6.6270
iter 0, gcam->neg = 21
after 13 iterations, nbhd size=1, neg = 0
#GCMRL#  373 dt  44.800000 rms  0.472  0.102% neg 0  invalid 762 tFOTS 0.0000 tGradient 1.2780 tsec 6.3700
iter 0, gcam->neg = 28
after 20 iterations, nbhd size=1, neg = 0
#GCMRL#  374 dt  44.800000 rms  0.472  0.073% neg 0  invalid 762 tFOTS 0.0000 tGradient 1.2480 tsec 8.5680
#FOTS# QuadFit found better minimum quadopt=(dt=11.2,rms=0.471239) vs oldopt=(dt=8,rms=0.47128)
iter 0, gcam->neg = 1
after 7 iterations, nbhd size=1, neg = 0
#GCMRL#  375 dt  11.200000 rms  0.471  0.081% neg 0  invalid 762 tFOTS 3.7710 tGradient 1.2400 tsec 8.3820
#FOTS# QuadFit found better minimum quadopt=(dt=38.4,rms=0.471031) vs oldopt=(dt=32,rms=0.471036)
iter 0, gcam->neg = 4
after 8 iterations, nbhd size=1, neg = 0
#GCMRL#  376 dt  38.400000 rms  0.471  0.000% neg 0  invalid 762 tFOTS 3.6880 tGradient 1.5550 tsec 8.7530
iter 0, gcam->neg = 2
after 3 iterations, nbhd size=0, neg = 0
setting smoothness cost coefficient to 0.400

#GCAMreg# pass 0 level1 2 level2 0 tsec 0 sigma 2
l_jacobian=1.00 l_label=1.00 l_log_likelihood=0.20 l_smoothness=0.40 
tol=2.50e-01, dt=5.00e-02, exp_k=20.0, momentum=0.90, levels=6, niter=500, lbl_dist=10.00, avgs=4, sigma=2.0,type=2, relabel=0, neg=yes

blurring input image with Gaussian with sigma=2.000...
GCAMRegisterLevel(): init RMS 0.478644
#FOTS# QuadFit found better minimum quadopt=(dt=0.000210938,rms=0.477361) vs oldopt=(dt=0.000175781,rms=0.477361)
#GCMRL#  378 dt   0.000211 rms  0.477  0.268% neg 0  invalid 762 tFOTS 4.6940 tGradient 1.1590 tsec 6.1670
#GCMRL#  379 dt   0.150000 rms  0.477  0.000% neg 0  invalid 762 tFOTS 3.5360 tGradient 1.1590 tsec 5.1250

#GCAMreg# pass 0 level1 2 level2 1 tsec 22.045 sigma 0.5
l_jacobian=1.00 l_label=1.00 l_log_likelihood=0.20 l_smoothness=0.40 
tol=2.50e-01, dt=5.00e-02, exp_k=20.0, momentum=0.90, levels=6, niter=500, lbl_dist=10.00, avgs=4, sigma=0.5,type=2, relabel=0, neg=yes

blurring input image with Gaussian with sigma=0.500...
GCAMRegisterLevel(): init RMS 0.478644
#FOTS# QuadFit found better minimum quadopt=(dt=2,rms=0.477319) vs oldopt=(dt=0.72,rms=0.477328)
iter 0, gcam->neg = 1
after 1 iterations, nbhd size=0, neg = 0
#GCMRL#  381 dt   2.000000 rms  0.477  0.277% neg 0  invalid 762 tFOTS 4.0890 tGradient 1.1540 tsec 6.4930
#FOTS# QuadFit found better minimum quadopt=(dt=1.008,rms=0.477321) vs oldopt=(dt=0.72,rms=0.477322)
#GCMRL#  382 dt   1.008000 rms  0.477  0.000% neg 0  invalid 762 tFOTS 3.8830 tGradient 1.1560 tsec 5.4800
#GCMRL#  383 dt   1.008000 rms  0.477  0.003% neg 0  invalid 762 tFOTS 0.0000 tGradient 1.1550 tsec 1.3930
setting smoothness cost coefficient to 1.000

#GCAMreg# pass 0 level1 1 level2 0 tsec 0 sigma 2
l_jacobian=1.00 l_label=1.00 l_log_likelihood=0.20 l_smoothness=1.00 
tol=2.50e-01, dt=5.00e-02, exp_k=20.0, momentum=0.90, levels=6, niter=500, lbl_dist=10.00, avgs=1, sigma=2.0,type=2, relabel=0, neg=yes

blurring input image with Gaussian with sigma=2.000...
GCAMRegisterLevel(): init RMS 0.490355
#FOTS# QuadFit found better minimum quadopt=(dt=0.448,rms=0.488804) vs oldopt=(dt=0.32,rms=0.488875)
#GCMRL#  385 dt   0.448000 rms  0.489  0.316% neg 0  invalid 762 tFOTS 3.8630 tGradient 1.1390 tsec 5.2460
#FOTS# QuadFit found better minimum quadopt=(dt=0.448,rms=0.488674) vs oldopt=(dt=0.32,rms=0.488686)
#GCMRL#  386 dt   0.448000 rms  0.489  0.000% neg 0  invalid 762 tFOTS 3.9800 tGradient 1.0800 tsec 5.4040

#GCAMreg# pass 0 level1 1 level2 1 tsec 21.402 sigma 0.5
l_jacobian=1.00 l_label=1.00 l_log_likelihood=0.20 l_smoothness=1.00 
tol=2.50e-01, dt=5.00e-02, exp_k=20.0, momentum=0.90, levels=6, niter=500, lbl_dist=10.00, avgs=1, sigma=0.5,type=2, relabel=0, neg=yes

blurring input image with Gaussian with sigma=0.500...
GCAMRegisterLevel(): init RMS 0.489854
#FOTS# QuadFit found better minimum quadopt=(dt=1.536,rms=0.487675) vs oldopt=(dt=1.28,rms=0.487692)
iter 0, gcam->neg = 1
after 0 iterations, nbhd size=0, neg = 0
#GCMRL#  388 dt   1.536000 rms  0.488  0.444% neg 0  invalid 762 tFOTS 3.8570 tGradient 1.0350 tsec 5.8490
#FOTS# QuadFit found better minimum quadopt=(dt=0.448,rms=0.487599) vs oldopt=(dt=0.32,rms=0.487612)
#GCMRL#  389 dt   0.448000 rms  0.488  0.000% neg 0  invalid 762 tFOTS 3.7360 tGradient 1.0370 tsec 5.0380
#GCMRL#  390 dt   0.448000 rms  0.488  0.008% neg 0  invalid 762 tFOTS 0.0000 tGradient 1.1270 tsec 1.4430
resetting metric properties...
setting smoothness cost coefficient to 2.000

#GCAMreg# pass 0 level1 0 level2 0 tsec 0 sigma 2
l_jacobian=1.00 l_label=1.00 l_log_likelihood=0.20 l_smoothness=2.00 
tol=2.50e-01, dt=5.00e-02, exp_k=20.0, momentum=0.90, levels=6, niter=500, lbl_dist=10.00, avgs=0, sigma=2.0,type=2, relabel=0, neg=yes

blurring input image with Gaussian with sigma=2.000...
GCAMRegisterLevel(): init RMS 0.477643
#FOTS# QuadFit found better minimum quadopt=(dt=2.10748,rms=0.443717) vs oldopt=(dt=1.28,rms=0.448995)
iter 0, gcam->neg = 1125
after 22 iterations, nbhd size=1, neg = 0
#GCMRL#  392 dt   2.107484 rms  0.446  6.617% neg 0  invalid 762 tFOTS 3.9350 tGradient 0.6380 tsec 13.0720
#FOTS# QuadFit found better minimum quadopt=(dt=0.064,rms=0.445908) vs oldopt=(dt=0.08,rms=0.445921)
#GCMRL#  393 dt   0.064000 rms  0.446  0.000% neg 0  invalid 762 tFOTS 4.6630 tGradient 0.7850 tsec 5.7750

#GCAMreg# pass 0 level1 0 level2 1 tsec 29.099 sigma 0.5
l_jacobian=1.00 l_label=1.00 l_log_likelihood=0.20 l_smoothness=2.00 
tol=2.50e-01, dt=5.00e-02, exp_k=20.0, momentum=0.90, levels=6, niter=500, lbl_dist=10.00, avgs=0, sigma=0.5,type=2, relabel=0, neg=yes

blurring input image with Gaussian with sigma=0.500...
GCAMRegisterLevel(): init RMS 0.447299
#GCMRL#  395 dt   0.080000 rms  0.446  0.352% neg 0  invalid 762 tFOTS 4.4070 tGradient 0.6890 tsec 5.4240
#FOTS# QuadFit found better minimum quadopt=(dt=-3.88406e-05,rms=0.445704) vs oldopt=(dt=1.95313e-05,rms=0.445704)
#GCMRL#  396 dt  -0.000039 rms  0.446  0.000% neg 0  invalid 762 tFOTS 4.7570 tGradient 0.7800 tsec 5.8060
#GCMRL#  397 dt  -0.000039 rms  0.446  0.000% neg 0  invalid 762 tFOTS 0.0000 tGradient 0.6300 tsec 0.9000
#GCMRL#  398 dt  -0.000039 rms  0.446  0.000% neg 0  invalid 762 tFOTS 0.0000 tGradient 0.6310 tsec 0.8720
label assignment complete, 0 changed (0.00%)
GCAMregister done in 7.6082 min
Starting GCAMcomputeMaxPriorLabels()
Morphing with label term set to 0 *******************************
Starting GCAMregister()
label assignment complete, 0 changed (0.00%)
npasses = 1, nlevels = 6
#pass# 1 of 1 ************************
enabling zero nodes
setting smoothness cost coefficient to 0.008

#GCAMreg# pass 0 level1 5 level2 0 tsec 0 sigma 2
l_jacobian=1.00 l_log_likelihood=0.20 l_smoothness=0.01 
tol=2.50e-01, dt=5.00e-02, exp_k=20.0, momentum=0.90, levels=6, niter=500, lbl_dist=10.00, avgs=256, sigma=2.0,type=2, relabel=0, neg=yes

blurring input image with Gaussian with sigma=2.000...
GCAMRegisterLevel(): init RMS 0.432744

#GCAMreg# pass 0 level1 5 level2 1 tsec 14.337 sigma 0.5
l_jacobian=1.00 l_log_likelihood=0.20 l_smoothness=0.01 
tol=2.50e-01, dt=5.00e-02, exp_k=20.0, momentum=0.90, levels=6, niter=500, lbl_dist=10.00, avgs=256, sigma=0.5,type=2, relabel=0, neg=yes

blurring input image with Gaussian with sigma=0.500...
GCAMRegisterLevel(): init RMS 0.432744
#GCMRL#  401 dt  23.120000 rms  0.433  0.002% neg 0  invalid 762 tFOTS 3.4070 tGradient 1.3500 tsec 4.9860
#FOTS# QuadFit found better minimum quadopt=(dt=18.496,rms=0.432733) vs oldopt=(dt=23.12,rms=0.432733)
#GCMRL#  402 dt  18.496000 rms  0.433  0.000% neg 0  invalid 762 tFOTS 3.6970 tGradient 1.3530 tsec 5.3000
#GCMRL#  403 dt  18.496000 rms  0.433  0.000% neg 0  invalid 762 tFOTS 0.0000 tGradient 1.3480 tsec 1.5730
setting smoothness cost coefficient to 0.031

#GCAMreg# pass 0 level1 4 level2 0 tsec 0 sigma 2
l_jacobian=1.00 l_log_likelihood=0.20 l_smoothness=0.03 
tol=2.50e-01, dt=5.00e-02, exp_k=20.0, momentum=0.90, levels=6, niter=500, lbl_dist=10.00, avgs=64, sigma=2.0,type=2, relabel=0, neg=yes

blurring input image with Gaussian with sigma=2.000...
GCAMRegisterLevel(): init RMS 0.4329

#GCAMreg# pass 0 level1 4 level2 1 tsec 14.182 sigma 0.5
l_jacobian=1.00 l_log_likelihood=0.20 l_smoothness=0.03 
tol=2.50e-01, dt=5.00e-02, exp_k=20.0, momentum=0.90, levels=6, niter=500, lbl_dist=10.00, avgs=64, sigma=0.5,type=2, relabel=0, neg=yes

blurring input image with Gaussian with sigma=0.500...
GCAMRegisterLevel(): init RMS 0.4329
#FOTS# QuadFit found better minimum quadopt=(dt=62.208,rms=0.432571) vs oldopt=(dt=103.68,rms=0.432669)
#GCMRL#  406 dt  62.208000 rms  0.433  0.076% neg 0  invalid 762 tFOTS 3.2200 tGradient 1.0190 tsec 4.4700
#FOTS# QuadFit found better minimum quadopt=(dt=145.152,rms=0.432208) vs oldopt=(dt=103.68,rms=0.43224)
#GCMRL#  407 dt 145.152000 rms  0.432  0.084% neg 0  invalid 762 tFOTS 3.6770 tGradient 1.0190 tsec 4.9290
#FOTS# QuadFit found better minimum quadopt=(dt=31.104,rms=0.432135) vs oldopt=(dt=25.92,rms=0.432137)
#GCMRL#  408 dt  31.104000 rms  0.432  0.000% neg 0  invalid 762 tFOTS 3.8430 tGradient 1.5940 tsec 5.6890
#GCMRL#  409 dt  31.104000 rms  0.432  0.010% neg 0  invalid 762 tFOTS 0.0000 tGradient 1.0340 tsec 1.2660
#GCMRL#  410 dt  31.104000 rms  0.432  0.016% neg 0  invalid 762 tFOTS 0.0000 tGradient 1.3590 tsec 1.6610
#GCMRL#  411 dt  31.104000 rms  0.432  0.023% neg 0  invalid 762 tFOTS 0.0000 tGradient 1.4340 tsec 1.7240
#GCMRL#  412 dt  31.104000 rms  0.432  0.026% neg 0  invalid 762 tFOTS 0.0000 tGradient 1.4710 tsec 1.7780
#GCMRL#  413 dt  31.104000 rms  0.432  0.024% neg 0  invalid 762 tFOTS 0.0000 tGradient 1.4790 tsec 1.7710
setting smoothness cost coefficient to 0.118

#GCAMreg# pass 0 level1 3 level2 0 tsec 0 sigma 2
l_jacobian=1.00 l_log_likelihood=0.20 l_smoothness=0.12 
tol=2.50e-01, dt=5.00e-02, exp_k=20.0, momentum=0.90, levels=6, niter=500, lbl_dist=10.00, avgs=16, sigma=2.0,type=2, relabel=0, neg=yes

blurring input image with Gaussian with sigma=2.000...
GCAMRegisterLevel(): init RMS 0.432304
#GCMRL#  415 dt   8.000000 rms  0.432  0.028% neg 0  invalid 762 tFOTS 3.3730 tGradient 0.8610 tsec 4.4630
#FOTS# QuadFit found better minimum quadopt=(dt=2.4,rms=0.432176) vs oldopt=(dt=2,rms=0.432176)
#GCMRL#  416 dt   2.400000 rms  0.432  0.000% neg 0  invalid 762 tFOTS 3.6900 tGradient 0.8600 tsec 4.8720

#GCAMreg# pass 0 level1 3 level2 1 tsec 20.378 sigma 0.5
l_jacobian=1.00 l_log_likelihood=0.20 l_smoothness=0.12 
tol=2.50e-01, dt=5.00e-02, exp_k=20.0, momentum=0.90, levels=6, niter=500, lbl_dist=10.00, avgs=16, sigma=0.5,type=2, relabel=0, neg=yes

blurring input image with Gaussian with sigma=0.500...
GCAMRegisterLevel(): init RMS 0.432176
#FOTS# QuadFit found better minimum quadopt=(dt=84.8709,rms=0.42877) vs oldopt=(dt=128,rms=0.429711)
iter 0, gcam->neg = 4
after 8 iterations, nbhd size=1, neg = 0
#GCMRL#  418 dt  84.870936 rms  0.429  0.774% neg 0  invalid 762 tFOTS 4.0870 tGradient 1.2610 tsec 8.7970
#FOTS# QuadFit found better minimum quadopt=(dt=11.2,rms=0.427825) vs oldopt=(dt=8,rms=0.428015)
#GCMRL#  419 dt  11.200000 rms  0.428  0.000% neg 0  invalid 762 tFOTS 3.4540 tGradient 1.0800 tsec 4.7820
iter 0, gcam->neg = 1
after 0 iterations, nbhd size=0, neg = 0
#GCMRL#  420 dt  11.200000 rms  0.428  0.066% neg 0  invalid 762 tFOTS 0.0000 tGradient 0.8510 tsec 1.7750
#GCMRL#  421 dt  11.200000 rms  0.427  0.062% neg 0  invalid 762 tFOTS 0.0000 tGradient 0.8590 tsec 1.0870
iter 0, gcam->neg = 2
after 2 iterations, nbhd size=0, neg = 0
#GCMRL#  422 dt  11.200000 rms  0.427  0.057% neg 0  invalid 762 tFOTS 0.0000 tGradient 0.8710 tsec 2.4360
#FOTS# QuadFit found better minimum quadopt=(dt=44.8,rms=0.42625) vs oldopt=(dt=32,rms=0.426342)
iter 0, gcam->neg = 2
after 2 iterations, nbhd size=0, neg = 0
#GCMRL#  423 dt  44.800000 rms  0.426  0.182% neg 0  invalid 762 tFOTS 3.4170 tGradient 0.8510 tsec 5.8140
#FOTS# QuadFit found better minimum quadopt=(dt=11.2,rms=0.426015) vs oldopt=(dt=8,rms=0.426062)
setting smoothness cost coefficient to 0.400

#GCAMreg# pass 0 level1 2 level2 0 tsec 0 sigma 2
l_jacobian=1.00 l_log_likelihood=0.20 l_smoothness=0.40 
tol=2.50e-01, dt=5.00e-02, exp_k=20.0, momentum=0.90, levels=6, niter=500, lbl_dist=10.00, avgs=4, sigma=2.0,type=2, relabel=0, neg=yes

blurring input image with Gaussian with sigma=2.000...
GCAMRegisterLevel(): init RMS 0.428853
#FOTS# QuadFit found better minimum quadopt=(dt=6.42857,rms=0.428338) vs oldopt=(dt=2.88,rms=0.428484)
iter 0, gcam->neg = 4
after 13 iterations, nbhd size=1, neg = 0
#GCMRL#  425 dt   6.428571 rms  0.428  0.108% neg 0  invalid 762 tFOTS 3.4290 tGradient 1.1130 tsec 9.5850
#FOTS# QuadFit found better minimum quadopt=(dt=5.33333,rms=0.428239) vs oldopt=(dt=2.88,rms=0.428276)
iter 0, gcam->neg = 6
after 11 iterations, nbhd size=1, neg = 0
#GCMRL#  426 dt   5.333333 rms  0.428  0.000% neg 0  invalid 762 tFOTS 3.4420 tGradient 0.7740 tsec 8.6270
iter 0, gcam->neg = 5
after 1 iterations, nbhd size=0, neg = 0
#GCMRL#  427 dt   5.333333 rms  0.428  0.008% neg 0  invalid 762 tFOTS 0.0000 tGradient 0.7770 tsec 2.1240
iter 0, gcam->neg = 23
after 11 iterations, nbhd size=1, neg = 0

#GCAMreg# pass 0 level1 2 level2 1 tsec 35.473 sigma 0.5
l_jacobian=1.00 l_log_likelihood=0.20 l_smoothness=0.40 
tol=2.50e-01, dt=5.00e-02, exp_k=20.0, momentum=0.90, levels=6, niter=500, lbl_dist=10.00, avgs=4, sigma=0.5,type=2, relabel=0, neg=yes

blurring input image with Gaussian with sigma=0.500...
GCAMRegisterLevel(): init RMS 0.428226
#FOTS# QuadFit found better minimum quadopt=(dt=19.5556,rms=0.424385) vs oldopt=(dt=11.52,rms=0.425071)
iter 0, gcam->neg = 27
after 18 iterations, nbhd size=1, neg = 0
#GCMRL#  429 dt  19.555556 rms  0.424  0.882% neg 0  invalid 762 tFOTS 3.4420 tGradient 0.7860 tsec 10.8570
#FOTS# QuadFit found better minimum quadopt=(dt=7.46667,rms=0.423863) vs oldopt=(dt=11.52,rms=0.42405)
iter 0, gcam->neg = 19
after 16 iterations, nbhd size=1, neg = 0
#GCMRL#  430 dt   7.466667 rms  0.424  0.000% neg 0  invalid 762 tFOTS 4.0930 tGradient 1.0390 tsec 11.1470
iter 0, gcam->neg = 15
after 8 iterations, nbhd size=0, neg = 0
#GCMRL#  431 dt   7.466667 rms  0.423  0.114% neg 0  invalid 762 tFOTS 0.0000 tGradient 0.7630 tsec 4.2150
iter 0, gcam->neg = 29
after 20 iterations, nbhd size=1, neg = 0
#GCMRL#  432 dt   7.466667 rms  0.423  0.098% neg 0  invalid 762 tFOTS 0.0000 tGradient 0.8610 tsec 8.2020
iter 0, gcam->neg = 63
after 18 iterations, nbhd size=1, neg = 0
#GCMRL#  433 dt   7.466667 rms  0.423  0.137% neg 0  invalid 762 tFOTS 0.0000 tGradient 0.7670 tsec 7.3970
iter 0, gcam->neg = 116
after 23 iterations, nbhd size=1, neg = 0
#GCMRL#  434 dt   7.466667 rms  0.422  0.076% neg 0  invalid 762 tFOTS 0.0000 tGradient 0.7720 tsec 9.2900
iter 0, gcam->neg = 141
after 24 iterations, nbhd size=1, neg = 0
#GCMRL#  435 dt   7.466667 rms  0.422 -0.021% neg 0  invalid 762 tFOTS 0.0000 tGradient 0.9420 tsec 10.0120
#FOTS# QuadFit found better minimum quadopt=(dt=11.2821,rms=0.421965) vs oldopt=(dt=11.52,rms=0.421966)
iter 0, gcam->neg = 36
after 21 iterations, nbhd size=1, neg = 0
#GCMRL#  436 dt  11.282051 rms  0.422  0.033% neg 0  invalid 762 tFOTS 3.4120 tGradient 0.7740 tsec 11.7380
#FOTS# QuadFit found better minimum quadopt=(dt=4.032,rms=0.422018) vs oldopt=(dt=2.88,rms=0.42202)
iter 0, gcam->neg = 6
after 5 iterations, nbhd size=0, neg = 0
setting smoothness cost coefficient to 1.000

#GCAMreg# pass 0 level1 1 level2 0 tsec 0 sigma 2
l_jacobian=1.00 l_log_likelihood=0.20 l_smoothness=1.00 
tol=2.50e-01, dt=5.00e-02, exp_k=20.0, momentum=0.90, levels=6, niter=500, lbl_dist=10.00, avgs=1, sigma=2.0,type=2, relabel=0, neg=yes

blurring input image with Gaussian with sigma=2.000...
GCAMRegisterLevel(): init RMS 0.428641
#GCMRL#  438 dt   0.000050 rms  0.429  0.000% neg 0  invalid 762 tFOTS 4.3010 tGradient 0.6650 tsec 5.1950

#GCAMreg# pass 0 level1 1 level2 1 tsec 18.641 sigma 0.5
l_jacobian=1.00 l_log_likelihood=0.20 l_smoothness=1.00 
tol=2.50e-01, dt=5.00e-02, exp_k=20.0, momentum=0.90, levels=6, niter=500, lbl_dist=10.00, avgs=1, sigma=0.5,type=2, relabel=0, neg=yes

blurring input image with Gaussian with sigma=0.500...
GCAMRegisterLevel(): init RMS 0.428641
resetting metric properties...
setting smoothness cost coefficient to 2.000

#GCAMreg# pass 0 level1 0 level2 0 tsec 0 sigma 2
l_jacobian=1.00 l_log_likelihood=0.20 l_smoothness=2.00 
tol=2.50e-01, dt=5.00e-02, exp_k=20.0, momentum=0.90, levels=6, niter=500, lbl_dist=10.00, avgs=0, sigma=2.0,type=2, relabel=0, neg=yes

blurring input image with Gaussian with sigma=2.000...
GCAMRegisterLevel(): init RMS 0.41758
#FOTS# QuadFit found better minimum quadopt=(dt=1.024,rms=0.407808) vs oldopt=(dt=1.28,rms=0.408454)
iter 0, gcam->neg = 929
after 17 iterations, nbhd size=1, neg = 0
#GCMRL#  441 dt   1.024000 rms  0.410  1.806% neg 0  invalid 762 tFOTS 3.3830 tGradient 0.2620 tsec 10.0720
#FOTS# QuadFit found better minimum quadopt=(dt=2.34375e-05,rms=0.41004) vs oldopt=(dt=1.95313e-05,rms=0.41004)
#GCMRL#  442 dt   0.000023 rms  0.410  0.000% neg 0  invalid 762 tFOTS 4.3490 tGradient 0.2580 tsec 4.8510

#GCAMreg# pass 0 level1 0 level2 1 tsec 24.69 sigma 0.5
l_jacobian=1.00 l_log_likelihood=0.20 l_smoothness=2.00 
tol=2.50e-01, dt=5.00e-02, exp_k=20.0, momentum=0.90, levels=6, niter=500, lbl_dist=10.00, avgs=0, sigma=0.5,type=2, relabel=0, neg=yes

blurring input image with Gaussian with sigma=0.500...
GCAMRegisterLevel(): init RMS 0.41004
#FOTS# QuadFit found better minimum quadopt=(dt=0.112,rms=0.409701) vs oldopt=(dt=0.08,rms=0.409754)
#GCMRL#  444 dt   0.112000 rms  0.410  0.083% neg 0  invalid 762 tFOTS 3.3830 tGradient 0.2600 tsec 3.8710
#FOTS# QuadFit found better minimum quadopt=(dt=0.112,rms=0.409485) vs oldopt=(dt=0.08,rms=0.409526)
#GCMRL#  445 dt   0.112000 rms  0.409  0.000% neg 0  invalid 762 tFOTS 3.3750 tGradient 0.2590 tsec 3.8800
#GCMRL#  446 dt   0.112000 rms  0.409  0.051% neg 0  invalid 762 tFOTS 0.0000 tGradient 0.2600 tsec 0.4870
#GCMRL#  447 dt   0.112000 rms  0.409  0.055% neg 0  invalid 762 tFOTS 0.0000 tGradient 0.2620 tsec 0.4910
#GCMRL#  448 dt   0.112000 rms  0.409  0.023% neg 0  invalid 762 tFOTS 0.0000 tGradient 0.2630 tsec 0.4910
iter 0, gcam->neg = 11
after 1 iterations, nbhd size=0, neg = 0
GCAMregister done in 4.94482 min
writing output transformation to transforms/talairach.m3z...
GCAMwrite
Calls to gcamLogLikelihoodEnergy 4512 tmin = 1.56255
Calls to gcamLabelEnergy         3919 tmin = 1.00143
Calls to gcamJacobianEnergy      4512 tmin = 0.797117
Calls to gcamSmoothnessEnergy    4512 tmin = 3.87722
Calls to gcamLogLikelihoodTerm 450 tmin = 0.45265
Calls to gcamLabelTerm         400 tmin = 2.90825
Calls to gcamJacobianTerm      450 tmin = 0.651633
Calls to gcamSmoothnessTerm    450 tmin = 0.2694
Calls to gcamComputeGradient    450 tmin = 10.3096
Calls to gcamComputeMetricProperties    6483 tmin = 1.83793
mri_ca_register took 0 hours, 36 minutes and 48 seconds.
#VMPC# mri_ca_register VmPeak  3122696
FSRUNTIME@ mri_ca_register  0.6132 hours 16 threads
#--------------------------------------
#@# SubCort Seg Sat Mar 14 11:24:24 CET 2026

 mri_ca_label -relabel_unlikely 9 .3 -prior 0.5 -align norm.mgz transforms/talairach.m3z /opt/freesurfer/average/RB_all_2020-01-02.gca aseg.auto_noCCseg.mgz 

sysname  Linux
hostname dna032
machine  x86_64

setenv SUBJECTS_DIR /out/sourcedata/freesurfer
cd /out/sourcedata/freesurfer/sub-v2s9x29150_ses-1/mri
mri_ca_label -relabel_unlikely 9 .3 -prior 0.5 -align norm.mgz transforms/talairach.m3z /opt/freesurfer/average/RB_all_2020-01-02.gca aseg.auto_noCCseg.mgz 

relabeling unlikely voxels with window_size = 9 and prior threshold 0.30
using Gibbs prior factor = 0.500
renormalizing sequences with structure alignment, equivalent to:
	-renormalize
	-renormalize_mean 0.500
	-regularize 0.500

== Number of threads available to for OpenMP = 16 == 
reading 1 input volumes
reading classifier array from /opt/freesurfer/average/RB_all_2020-01-02.gca
reading input volume from norm.mgz
average std[0] = 7.2
reading transform from transforms/talairach.m3z
setting orig areas to linear transform determinant scaled 5.58
Atlas used for the 3D morph was /opt/freesurfer/average/RB_all_2020-01-02.gca
average std = 7.2   using min determinant for regularization = 5.2
0 singular and 0 ill-conditioned covariance matrices regularized
labeling volume...
renormalizing by structure alignment....
renormalizing input #0
gca peak = 0.15521 (20)
mri peak = 0.07417 ( 4)
Left_Lateral_Ventricle (4): linear fit = 0.41 x + 0.0 (1397 voxels, overlap=0.008)
Left_Lateral_Ventricle (4): linear fit = 0.41 x + 0.0 (1397 voxels, peak =  8), gca=8.1
gca peak = 0.20380 (13)
mri peak = 0.08763 (14)
Right_Lateral_Ventricle (43): linear fit = 0.62 x + 0.0 (390 voxels, overlap=0.548)
Right_Lateral_Ventricle (43): linear fit = 0.62 x + 0.0 (390 voxels, peak =  8), gca=8.1
gca peak = 0.26283 (96)
mri peak = 0.13854 (89)
Right_Pallidum (52): linear fit = 0.93 x + 0.0 (505 voxels, overlap=0.285)
Right_Pallidum (52): linear fit = 0.93 x + 0.0 (505 voxels, peak = 89), gca=88.8
gca peak = 0.15814 (97)
mri peak = 0.19115 (94)
Left_Pallidum (13): linear fit = 0.99 x + 0.0 (497 voxels, overlap=1.003)
Left_Pallidum (13): linear fit = 0.99 x + 0.0 (497 voxels, peak = 96), gca=95.5
gca peak = 0.27624 (56)
mri peak = 0.08813 (54)
Right_Hippocampus (53): linear fit = 0.92 x + 0.0 (744 voxels, overlap=1.008)
Right_Hippocampus (53): linear fit = 0.92 x + 0.0 (744 voxels, peak = 51), gca=51.2
gca peak = 0.28723 (59)
mri peak = 0.09623 (56)
Left_Hippocampus (17): linear fit = 0.99 x + 0.0 (738 voxels, overlap=1.011)
Left_Hippocampus (17): linear fit = 0.99 x + 0.0 (738 voxels, peak = 58), gca=58.1
gca peak = 0.07623 (103)
mri peak = 0.11688 (107)
Right_Cerebral_White_Matter (41): linear fit = 1.03 x + 0.0 (18799 voxels, overlap=0.516)
Right_Cerebral_White_Matter (41): linear fit = 1.03 x + 0.0 (18799 voxels, peak = 107), gca=106.6
gca peak = 0.07837 (105)
mri peak = 0.12225 (109)
Left_Cerebral_White_Matter (2): linear fit = 1.04 x + 0.0 (20098 voxels, overlap=0.361)
Left_Cerebral_White_Matter (2): linear fit = 1.04 x + 0.0 (20098 voxels, peak = 110), gca=109.7
gca peak = 0.10165 (58)
mri peak = 0.05921 (53)
Left_Cerebral_Cortex (3): linear fit = 0.92 x + 0.0 (33952 voxels, overlap=0.718)
Left_Cerebral_Cortex (3): linear fit = 0.92 x + 0.0 (33952 voxels, peak = 53), gca=53.1
gca peak = 0.11113 (58)
mri peak = 0.06346 (56)
Right_Cerebral_Cortex (42): linear fit = 0.92 x + 0.0 (33657 voxels, overlap=0.902)
Right_Cerebral_Cortex (42): linear fit = 0.92 x + 0.0 (33657 voxels, peak = 53), gca=53.1
gca peak = 0.27796 (67)
mri peak = 0.17549 (69)
Right_Caudate (50): linear fit = 1.01 x + 0.0 (661 voxels, overlap=1.006)
Right_Caudate (50): linear fit = 1.01 x + 0.0 (661 voxels, peak = 68), gca=68.0
gca peak = 0.14473 (69)
mri peak = 0.23577 (69)
Left_Caudate (11): linear fit = 0.93 x + 0.0 (745 voxels, overlap=0.446)
Left_Caudate (11): linear fit = 0.93 x + 0.0 (745 voxels, peak = 64), gca=63.8
gca peak = 0.14301 (56)
mri peak = 0.05433 (49)
Left_Cerebellum_Cortex (8): linear fit = 0.88 x + 0.0 (25083 voxels, overlap=0.639)
Left_Cerebellum_Cortex (8): linear fit = 0.88 x + 0.0 (25083 voxels, peak = 49), gca=49.0
gca peak = 0.14610 (55)
mri peak = 0.05254 (49)
Right_Cerebellum_Cortex (47): linear fit = 0.89 x + 0.0 (26578 voxels, overlap=0.837)
Right_Cerebellum_Cortex (47): linear fit = 0.89 x + 0.0 (26578 voxels, peak = 49), gca=49.2
gca peak = 0.16309 (85)
mri peak = 0.08912 (93)
Left_Cerebellum_White_Matter (7): linear fit = 1.07 x + 0.0 (3864 voxels, overlap=0.820)
Left_Cerebellum_White_Matter (7): linear fit = 1.07 x + 0.0 (3864 voxels, peak = 91), gca=90.5
gca peak = 0.15172 (84)
mri peak = 0.07106 (93)
Right_Cerebellum_White_Matter (46): linear fit = 1.07 x + 0.0 (3726 voxels, overlap=0.919)
Right_Cerebellum_White_Matter (46): linear fit = 1.07 x + 0.0 (3726 voxels, peak = 89), gca=89.5
gca peak = 0.30461 (58)
mri peak = 0.08065 (64)
Left_Amygdala (18): linear fit = 1.10 x + 0.0 (315 voxels, overlap=1.036)
Left_Amygdala (18): linear fit = 1.10 x + 0.0 (315 voxels, peak = 64), gca=63.5
gca peak = 0.32293 (57)
mri peak = 0.08625 (55)
Right_Amygdala (54): linear fit = 0.96 x + 0.0 (384 voxels, overlap=1.025)
Right_Amygdala (54): linear fit = 0.96 x + 0.0 (384 voxels, peak = 55), gca=55.0
gca peak = 0.11083 (90)
mri peak = 0.08206 (82)
Left_Thalamus (10): linear fit = 0.95 x + 0.0 (3120 voxels, overlap=0.917)
Left_Thalamus (10): linear fit = 0.95 x + 0.0 (3120 voxels, peak = 86), gca=85.9
gca peak = 0.11393 (83)
mri peak = 0.09986 (82)
Right_Thalamus (49): linear fit = 0.98 x + 0.0 (3175 voxels, overlap=0.979)
Right_Thalamus (49): linear fit = 0.98 x + 0.0 (3175 voxels, peak = 81), gca=80.9
gca peak = 0.08575 (81)
mri peak = 0.10209 (79)
Left_Putamen (12): linear fit = 0.98 x + 0.0 (1577 voxels, overlap=0.802)
Left_Putamen (12): linear fit = 0.98 x + 0.0 (1577 voxels, peak = 79), gca=79.0
gca peak = 0.08618 (78)
mri peak = 0.08764 (72)
Right_Putamen (51): linear fit = 0.93 x + 0.0 (1657 voxels, overlap=0.607)
Right_Putamen (51): linear fit = 0.93 x + 0.0 (1657 voxels, peak = 72), gca=72.2
gca peak = 0.08005 (78)
mri peak = 0.06482 (94)
Brain_Stem (16): linear fit = 1.13 x + 0.0 (7763 voxels, overlap=0.492)
Brain_Stem (16): linear fit = 1.13 x + 0.0 (7763 voxels, peak = 89), gca=88.5
gca peak = 0.12854 (88)
mri peak = 0.07349 (90)
Right_VentralDC (60): linear fit = 1.05 x + 0.0 (870 voxels, overlap=0.686)
Right_VentralDC (60): linear fit = 1.05 x + 0.0 (870 voxels, peak = 93), gca=92.8
gca peak = 0.15703 (87)
mri peak = 0.06667 (94)
Left_VentralDC (28): linear fit = 1.08 x + 0.0 (925 voxels, overlap=0.734)
Left_VentralDC (28): linear fit = 1.08 x + 0.0 (925 voxels, peak = 94), gca=93.5
gca peak = 0.17522 (25)
mri peak = 0.11050 ( 6)
Third_Ventricle (14): linear fit = 0.04 x + 0.0 (165 voxels, overlap=0.068)
Third_Ventricle (14): linear fit = 0.04 x + 0.0 (165 voxels, peak =  1), gca=0.9
gca peak = 0.17113 (14)
mri peak = 0.13737 ( 6)
Fourth_Ventricle (15): linear fit = 0.31 x + 0.0 (230 voxels, overlap=0.023)
Fourth_Ventricle (15): linear fit = 0.31 x + 0.0 (230 voxels, peak =  4), gca=4.3
gca peak Unknown = 0.94777 ( 0)
gca peak Left_Inf_Lat_Vent = 0.16627 (28)
gca peak Third_Ventricle = 0.17522 (25)
gca peak Fourth_Ventricle = 0.17113 (14)
gca peak CSF = 0.20346 (36)
gca peak Left_Accumbens_area = 0.70646 (62)
gca peak Left_undetermined = 1.00000 (28)
gca peak Left_vessel = 0.89917 (53)
gca peak Left_choroid_plexus = 0.11689 (35)
gca peak Right_Inf_Lat_Vent = 0.25504 (23)
gca peak Right_Accumbens_area = 0.31650 (65)
gca peak Right_vessel = 0.77268 (52)
gca peak Right_choroid_plexus = 0.13275 (38)
gca peak Fifth_Ventricle = 0.60973 (33)
gca peak WM_hypointensities = 0.11013 (77)
gca peak non_WM_hypointensities = 0.11354 (41)
gca peak Optic_Chiasm = 0.51646 (76)
not using caudate to estimate GM means
estimating mean gm scale to be 0.96 x + 0.0
estimating mean wm scale to be 1.04 x + 0.0
estimating mean csf scale to be 0.51 x + 0.0
saving intensity scales to aseg.auto_noCCseg.label_intensities.txt
renormalizing by structure alignment....
renormalizing input #0
gca peak = 0.31709 ( 8)
mri peak = 0.07417 ( 4)
Left_Lateral_Ventricle (4): linear fit = 1.07 x + 0.0 (1397 voxels, overlap=0.995)
Left_Lateral_Ventricle (4): linear fit = 1.07 x + 0.0 (1397 voxels, peak =  9), gca=8.5
gca peak = 0.24737 ( 8)
mri peak = 0.08763 (14)
Right_Lateral_Ventricle (43): linear fit = 1.18 x + 0.0 (390 voxels, overlap=0.925)
Right_Lateral_Ventricle (43): linear fit = 1.18 x + 0.0 (390 voxels, peak =  9), gca=9.5
gca peak = 0.28244 (88)
mri peak = 0.13854 (89)
Right_Pallidum (52): linear fit = 1.00 x + 0.0 (505 voxels, overlap=1.002)
Right_Pallidum (52): linear fit = 1.00 x + 0.0 (505 voxels, peak = 88), gca=88.0
gca peak = 0.18067 (95)
mri peak = 0.19115 (94)
Left_Pallidum (13): linear fit = 1.00 x + 0.0 (497 voxels, overlap=1.000)
Left_Pallidum (13): linear fit = 1.00 x + 0.0 (497 voxels, peak = 95), gca=94.5
gca peak = 0.29628 (51)
mri peak = 0.08813 (54)
Right_Hippocampus (53): linear fit = 1.00 x + 0.0 (744 voxels, overlap=1.006)
Right_Hippocampus (53): linear fit = 1.00 x + 0.0 (744 voxels, peak = 51), gca=51.0
gca peak = 0.29995 (58)
mri peak = 0.09623 (56)
Left_Hippocampus (17): linear fit = 1.00 x + 0.0 (738 voxels, overlap=1.006)
Left_Hippocampus (17): linear fit = 1.00 x + 0.0 (738 voxels, peak = 58), gca=58.0
gca peak = 0.07638 (107)
mri peak = 0.11688 (107)
Right_Cerebral_White_Matter (41): linear fit = 1.00 x + 0.0 (18799 voxels, overlap=0.671)
Right_Cerebral_White_Matter (41): linear fit = 1.00 x + 0.0 (18799 voxels, peak = 107), gca=107.0
gca peak = 0.07449 (109)
mri peak = 0.12225 (109)
Left_Cerebral_White_Matter (2): linear fit = 1.00 x + 0.0 (20098 voxels, overlap=0.591)
Left_Cerebral_White_Matter (2): linear fit = 1.00 x + 0.0 (20098 voxels, peak = 109), gca=109.0
gca peak = 0.10918 (53)
mri peak = 0.05921 (53)
Left_Cerebral_Cortex (3): linear fit = 1.00 x + 0.0 (33952 voxels, overlap=0.996)
Left_Cerebral_Cortex (3): linear fit = 1.00 x + 0.0 (33952 voxels, peak = 53), gca=53.0
gca peak = 0.12337 (53)
mri peak = 0.06346 (56)
Right_Cerebral_Cortex (42): linear fit = 1.00 x + 0.0 (33657 voxels, overlap=0.977)
Right_Cerebral_Cortex (42): linear fit = 1.00 x + 0.0 (33657 voxels, peak = 53), gca=53.0
gca peak = 0.26507 (68)
mri peak = 0.17549 (69)
Right_Caudate (50): linear fit = 1.00 x + 0.0 (661 voxels, overlap=1.005)
Right_Caudate (50): linear fit = 1.00 x + 0.0 (661 voxels, peak = 68), gca=68.0
gca peak = 0.13816 (64)
mri peak = 0.23577 (69)
Left_Caudate (11): linear fit = 0.95 x + 0.0 (745 voxels, overlap=0.963)
Left_Caudate (11): linear fit = 0.95 x + 0.0 (745 voxels, peak = 61), gca=61.1
gca peak = 0.15916 (49)
mri peak = 0.05433 (49)
Left_Cerebellum_Cortex (8): linear fit = 1.00 x + 0.0 (25083 voxels, overlap=1.000)
Left_Cerebellum_Cortex (8): linear fit = 1.00 x + 0.0 (25083 voxels, peak = 49), gca=49.0
gca peak = 0.15450 (49)
mri peak = 0.05254 (49)
Right_Cerebellum_Cortex (47): linear fit = 0.98 x + 0.0 (26578 voxels, overlap=1.000)
Right_Cerebellum_Cortex (47): linear fit = 0.98 x + 0.0 (26578 voxels, peak = 48), gca=47.8
gca peak = 0.15236 (90)
mri peak = 0.08912 (93)
Left_Cerebellum_White_Matter (7): linear fit = 1.01 x + 0.0 (3864 voxels, overlap=0.982)
Left_Cerebellum_White_Matter (7): linear fit = 1.01 x + 0.0 (3864 voxels, peak = 91), gca=91.3
gca peak = 0.16800 (90)
mri peak = 0.07106 (93)
Right_Cerebellum_White_Matter (46): linear fit = 1.01 x + 0.0 (3726 voxels, overlap=0.993)
Right_Cerebellum_White_Matter (46): linear fit = 1.01 x + 0.0 (3726 voxels, peak = 91), gca=91.3
gca peak = 0.22714 (63)
mri peak = 0.08065 (64)
Left_Amygdala (18): linear fit = 1.00 x + 0.0 (315 voxels, overlap=1.012)
Left_Amygdala (18): linear fit = 1.00 x + 0.0 (315 voxels, peak = 63), gca=63.0
gca peak = 0.36100 (55)
mri peak = 0.08625 (55)
Right_Amygdala (54): linear fit = 1.04 x + 0.0 (384 voxels, overlap=1.025)
Right_Amygdala (54): linear fit = 1.04 x + 0.0 (384 voxels, peak = 57), gca=57.5
gca peak = 0.11629 (86)
mri peak = 0.08206 (82)
Left_Thalamus (10): linear fit = 1.00 x + 0.0 (3120 voxels, overlap=0.965)
Left_Thalamus (10): linear fit = 1.00 x + 0.0 (3120 voxels, peak = 86), gca=85.6
gca peak = 0.12264 (81)
mri peak = 0.09986 (82)
Right_Thalamus (49): linear fit = 1.00 x + 0.0 (3175 voxels, overlap=0.922)
Right_Thalamus (49): linear fit = 1.00 x + 0.0 (3175 voxels, peak = 81), gca=80.6
gca peak = 0.08833 (77)
mri peak = 0.10209 (79)
Left_Putamen (12): linear fit = 1.00 x + 0.0 (1577 voxels, overlap=0.904)
Left_Putamen (12): linear fit = 1.00 x + 0.0 (1577 voxels, peak = 77), gca=77.0
gca peak = 0.11256 (70)
mri peak = 0.08764 (72)
Right_Putamen (51): linear fit = 1.01 x + 0.0 (1657 voxels, overlap=0.976)
Right_Putamen (51): linear fit = 1.01 x + 0.0 (1657 voxels, peak = 71), gca=71.0
gca peak = 0.07864 (89)
mri peak = 0.06482 (94)
Brain_Stem (16): linear fit = 1.00 x + 0.0 (7763 voxels, overlap=0.881)
Brain_Stem (16): linear fit = 1.00 x + 0.0 (7763 voxels, peak = 89), gca=89.4
gca peak = 0.11748 (93)
mri peak = 0.07349 (90)
Right_VentralDC (60): linear fit = 1.00 x + 0.0 (870 voxels, overlap=0.835)
Right_VentralDC (60): linear fit = 1.00 x + 0.0 (870 voxels, peak = 93), gca=92.5
gca peak = 0.13857 (92)
mri peak = 0.06667 (94)
Left_VentralDC (28): linear fit = 0.99 x + 0.0 (925 voxels, overlap=0.921)
Left_VentralDC (28): linear fit = 0.99 x + 0.0 (925 voxels, peak = 91), gca=90.6
gca peak = 0.27142 (13)
mri peak = 0.11050 ( 6)
Third_Ventricle (14): linear fit = 0.62 x + 0.0 (165 voxels, overlap=0.965)
Third_Ventricle (14): linear fit = 0.62 x + 0.0 (165 voxels, peak =  8), gca=8.1
gca peak = 0.31597 ( 8)
mri peak = 0.13737 ( 6)
Fourth_Ventricle (15): linear fit = 0.60 x + 0.0 (230 voxels, overlap=0.715)
Fourth_Ventricle (15): linear fit = 0.60 x + 0.0 (230 voxels, peak =  5), gca=4.8
gca peak Unknown = 0.94777 ( 0)
gca peak Left_Inf_Lat_Vent = 0.17888 (27)
gca peak Third_Ventricle = 0.27142 (13)
gca peak Fourth_Ventricle = 0.31597 ( 8)
gca peak CSF = 0.28111 (19)
gca peak Left_Accumbens_area = 0.55383 (57)
gca peak Left_undetermined = 1.00000 (28)
gca peak Left_vessel = 0.88792 (53)
gca peak Left_choroid_plexus = 0.11689 (35)
gca peak Right_Inf_Lat_Vent = 0.25555 (21)
gca peak Right_Accumbens_area = 0.29250 (66)
gca peak Right_vessel = 0.78856 (52)
gca peak Right_choroid_plexus = 0.13275 (38)
gca peak Fifth_Ventricle = 0.73434 (17)
gca peak WM_hypointensities = 0.09218 (80)
gca peak non_WM_hypointensities = 0.13982 (42)
gca peak Optic_Chiasm = 0.51667 (76)
not using caudate to estimate GM means
estimating mean gm scale to be 1.01 x + 0.0
estimating mean wm scale to be 1.00 x + 0.0
estimating mean csf scale to be 1.12 x + 0.0
saving intensity scales to aseg.auto_noCCseg.label_intensities.txt
saving sequentially combined intensity scales to aseg.auto_noCCseg.label_intensities.txt
39599 voxels changed in iteration 0 of unlikely voxel relabeling
67 voxels changed in iteration 1 of unlikely voxel relabeling
2 voxels changed in iteration 2 of unlikely voxel relabeling
0 voxels changed in iteration 3 of unlikely voxel relabeling
20316 gm and wm labels changed (%31 to gray, %69 to white out of all changed labels)
334 hippocampal voxels changed.
0 amygdala voxels changed.
Reclassifying using Gibbs Priors
pass 1: 53665 changed. image ll: -2.075, PF=0.500
pass 2: 14347 changed. image ll: -2.074, PF=0.500
pass 3: 5008 changed.
pass 4: 1957 changed.
20282 voxels changed in iteration 0 of unlikely voxel relabeling
128 voxels changed in iteration 1 of unlikely voxel relabeling
0 voxels changed in iteration 2 of unlikely voxel relabeling
4859 voxels changed in iteration 0 of unlikely voxel relabeling
35 voxels changed in iteration 1 of unlikely voxel relabeling
5 voxels changed in iteration 2 of unlikely voxel relabeling
0 voxels changed in iteration 3 of unlikely voxel relabeling
5276 voxels changed in iteration 0 of unlikely voxel relabeling
60 voxels changed in iteration 1 of unlikely voxel relabeling
0 voxels changed in iteration 2 of unlikely voxel relabeling
4579 voxels changed in iteration 0 of unlikely voxel relabeling
16 voxels changed in iteration 1 of unlikely voxel relabeling
2 voxels changed in iteration 2 of unlikely voxel relabeling
0 voxels changed in iteration 3 of unlikely voxel relabeling
 !!!!!!!!! ventricle segment 0 with volume 7853 above threshold 100 - not erasing !!!!!!!!!!
 !!!!!!!!! ventricle segment 1 with volume 418 above threshold 100 - not erasing !!!!!!!!!!
 !!!!!!!!! ventricle segment 2 with volume 3925 above threshold 100 - not erasing !!!!!!!!!!
 !!!!!!!!! ventricle segment 3 with volume 185 above threshold 100 - not erasing !!!!!!!!!!
writing labeled volume to aseg.auto_noCCseg.mgz
mri_ca_label utimesec    1625.885349
mri_ca_label stimesec    3.055796
mri_ca_label ru_maxrss   2092156
mri_ca_label ru_ixrss    0
mri_ca_label ru_idrss    0
mri_ca_label ru_isrss    0
mri_ca_label ru_minflt   3625774
mri_ca_label ru_majflt   13
mri_ca_label ru_nswap    0
mri_ca_label ru_inblock  1142
mri_ca_label ru_oublock  600
mri_ca_label ru_msgsnd   0
mri_ca_label ru_msgrcv   0
mri_ca_label ru_nsignals 0
mri_ca_label ru_nvcsw    2889
mri_ca_label ru_nivcsw   2139
auto-labeling took 25 minutes and 52 seconds.
#--------------------------------------
#@# CC Seg Sat Mar 14 11:50:16 CET 2026

 mri_cc -aseg aseg.auto_noCCseg.mgz -o aseg.auto.mgz -lta /out/sourcedata/freesurfer/sub-v2s9x29150_ses-1/mri/transforms/cc_up.lta sub-v2s9x29150_ses-1 

will read input aseg from aseg.auto_noCCseg.mgz
writing aseg with cc labels to aseg.auto.mgz
will write lta as /out/sourcedata/freesurfer/sub-v2s9x29150_ses-1/mri/transforms/cc_up.lta
reading aseg from /out/sourcedata/freesurfer/sub-v2s9x29150_ses-1/mri/aseg.auto_noCCseg.mgz
reading norm from /out/sourcedata/freesurfer/sub-v2s9x29150_ses-1/mri/norm.mgz
48217 voxels in left wm, 62810 in right wm, xrange [114, 129]
searching rotation angles z=[-5  9], y=[-13  1]
searching scale 1 Z rot -4.9  searching scale 1 Z rot -4.7  searching scale 1 Z rot -4.4  searching scale 1 Z rot -4.2  searching scale 1 Z rot -3.9  searching scale 1 Z rot -3.7  searching scale 1 Z rot -3.4  searching scale 1 Z rot -3.2  searching scale 1 Z rot -2.9  searching scale 1 Z rot -2.7  searching scale 1 Z rot -2.4  searching scale 1 Z rot -2.2  searching scale 1 Z rot -1.9  searching scale 1 Z rot -1.7  searching scale 1 Z rot -1.4  searching scale 1 Z rot -1.2  searching scale 1 Z rot -0.9  searching scale 1 Z rot -0.7  searching scale 1 Z rot -0.4  searching scale 1 Z rot -0.2  searching scale 1 Z rot 0.1  searching scale 1 Z rot 0.3  searching scale 1 Z rot 0.6  searching scale 1 Z rot 0.8  searching scale 1 Z rot 1.1  searching scale 1 Z rot 1.3  searching scale 1 Z rot 1.6  searching scale 1 Z rot 1.8  searching scale 1 Z rot 2.1  searching scale 1 Z rot 2.3  searching scale 1 Z rot 2.6  searching scale 1 Z rot 2.8  searching scale 1 Z rot 3.1  searching scale 1 Z rot 3.3  searching scale 1 Z rot 3.6  searching scale 1 Z rot 3.8  searching scale 1 Z rot 4.1  searching scale 1 Z rot 4.3  searching scale 1 Z rot 4.6  searching scale 1 Z rot 4.8  searching scale 1 Z rot 5.1  searching scale 1 Z rot 5.3  searching scale 1 Z rot 5.6  searching scale 1 Z rot 5.8  searching scale 1 Z rot 6.1  searching scale 1 Z rot 6.3  searching scale 1 Z rot 6.6  searching scale 1 Z rot 6.8  searching scale 1 Z rot 7.1  searching scale 1 Z rot 7.3  searching scale 1 Z rot 7.6  searching scale 1 Z rot 7.8  searching scale 1 Z rot 8.1  searching scale 1 Z rot 8.3  searching scale 1 Z rot 8.6  global minimum found at slice 122.0, rotations (-5.54, 1.84)
final transformation (x=122.0, yr=-5.540, zr=1.844):
 0.99481  -0.03218  -0.09648   21.20330;
 0.03203   0.99948  -0.00311   13.50449;
 0.09653   0.00000   0.99533   2.75524;
 0.00000   0.00000   0.00000   1.00000;
updating x range to be [126, 131] in xformed coordinates
best xformed slice 128
min_x_fornix = 133
min_x_fornix = 133
min_x_fornix = 132
min_x_fornix = 132
min_x_fornix = 132
cc center is found at 128 111 114
eigenvectors:
-0.00091  -0.00640   0.99998;
-0.10761  -0.99417  -0.00646;
 0.99419  -0.10761   0.00022;
writing aseg with callosum to /out/sourcedata/freesurfer/sub-v2s9x29150_ses-1/mri/aseg.auto.mgz...
corpus callosum segmentation took 0.7 minutes
#VMPC# mri_cc VmPeak  555504
mri_cc done
#--------------------------------------
#@# Merge ASeg Sat Mar 14 11:50:56 CET 2026

 cp aseg.auto.mgz aseg.presurf.mgz 

#--------------------------------------------
#@# Intensity Normalization2 Sat Mar 14 11:50:56 CET 2026
/out/sourcedata/freesurfer/sub-v2s9x29150_ses-1/mri

 mri_normalize -seed 1234 -mprage -aseg aseg.presurf.mgz -mask brainmask.mgz norm.mgz brain.mgz 

setting seed for random number genererator to 1234
assuming input volume is MGH (Van der Kouwe) MP-RAGE
using segmentation for initial intensity normalization
using MR volume brainmask.mgz to mask input volume...
reading mri_src from norm.mgz...
Reading aseg aseg.presurf.mgz
normalizing image...
NOT doing gentle normalization with control points/label
processing with aseg
removing outliers in the aseg WM...
1061 control points removed
Building bias image
building Voronoi diagram...
performing soap bubble smoothing, sigma = 0...
Smoothing with sigma 8
Applying bias correction
building Voronoi diagram...
performing soap bubble smoothing, sigma = 8...

Iterating 2 times
---------------------------------
3d normalization pass 1 of 2
white matter peak found at 110
white matter peak found at 110
gm peak at 57 (57), valley at 19 (19)
csf peak at 29, setting threshold to 47
building Voronoi diagram...
performing soap bubble smoothing, sigma = 8...
---------------------------------
3d normalization pass 2 of 2
white matter peak found at 110
white matter peak found at 110
gm peak at 59 (59), valley at 19 (19)
csf peak at 30, setting threshold to 49
building Voronoi diagram...
performing soap bubble smoothing, sigma = 8...
Done iterating ---------------------------------
writing output to brain.mgz
3D bias adjustment took 2 minutes and 11 seconds.
#--------------------------------------------
#@# Mask BFS Sat Mar 14 11:53:08 CET 2026
/out/sourcedata/freesurfer/sub-v2s9x29150_ses-1/mri

 mri_mask -T 5 brain.mgz brainmask.mgz brain.finalsurfs.mgz 

threshold mask volume at 5
DoAbs = 0
Found 1315284 voxels in mask (pct=  7.84)
Writing masked volume to brain.finalsurfs.mgz...done.
#--------------------------------------------
#@# WM Segmentation Sat Mar 14 11:53:09 CET 2026

 AntsDenoiseImageFs -i brain.mgz -o antsdn.brain.mgz 


 mri_segment -wsizemm 13 -mprage antsdn.brain.mgz wm.seg.mgz 

wsizemm = 13, voxres = 1, wsize = 13
Widening wm low from 89 to 79
assuming input volume is MGH (Van der Kouwe) MP-RAGE
wm mean:  110
wsize:    13
wm low:   79
wm hi:    125
gray low: 30
gray hi:  99
Doing initial trinary intensity segmentation 
Using local statistics to label ambiguous voxels
Autodetecting stats
Computing class statistics for intensity windows...
CCS WM (104.0): 104.7 +- 4.5 [79.0 --> 125.0]
CCS GM (70.0) : 68.3 +- 10.0 [30.0 --> 95.0]
 white_mean 104.706
 white_sigma 4.54643
 gray_mean 68.349
 gray_sigma 9.97175
setting bottom of white matter range wm_low to 78.3
setting top of gray matter range gray_hi to 88.3
 wm_low 78.3208
 wm_hi  125
 gray_low 30
 gray_hi  88.2925
Redoing initial intensity segmentation...
Recomputing local statistics to label ambiguous voxels...
 wm_low 78.3208
 wm_hi  125
 gray_low 30
 gray_hi  88.2925
using local geometry to label remaining ambiguous voxels...
polvwsize = 5, polvlen = 3, gray_hi = 88.2925, wm_low = 78.3208
MRIcpolvMedianCurveSegment(): wsize=5, len=3, gmhi=88.2925, wmlow=78.3208
     95683 voxels processed (0.57%)
     45510 voxels white (0.27%)
     50173 voxels non-white (0.30%)

Reclassifying voxels using Gaussian border classifier niter=1
MRIreclassify(): wm_low=73.3208, gray_hi=88.2925, wsize=13
    155558 voxels tested (0.93%)
     34902 voxels changed (0.21%)
     40881 multi-scale searches  (0.24%)
Recovering bright white
MRIrecoverBrightWhite()
 wm_low 78.3208
 wm_hi 125
 slack 4.54643
 pct_thresh 0.33
 intensity_thresh 129.546
 nvox_thresh 8.58
      277 voxels tested (0.00%)
      191 voxels changed (0.00%)

removing voxels with positive offset direction...
MRIremoveWrongDirection() wsize=3, lowthr=73.3208, hithr=88.2925
  smoothing input volume with sigma = 0.250
    60913 voxels tested (0.36%)
    11041 voxels changed (0.07%)
thicken = 1
removing 1-dimensional structures...
MRIremove1dStructures(): max_iter=10000, thresh=2, WM_MIN_VAL=5
 2962 sparsely connected voxels removed in 1 iterations
thickening thin strands....
thickness 4
nsegments 20
wm_hi 125
1198 diagonally connected voxels added...
MRIthickenThinWMStrands(): thickness=4, nsegments=20
  20 segments, 5382 filled
MRIfindBrightNonWM(): 1540 bright non-wm voxels segmented.
MRIfilterMorphology() WM_MIN_VAL=5, DIAGONAL_FILL=230
white matter segmentation took 0.8 minutes
writing output to wm.seg.mgz...

 mri_edit_wm_with_aseg -keep-in wm.seg.mgz brain.mgz aseg.presurf.mgz wm.asegedit.mgz 

preserving editing changes in input volume...
auto filling took 0.41 minutes
reading wm segmentation from wm.seg.mgz...
0 voxels added to wm to prevent paths from MTL structures to cortex
2961 additional wm voxels added
0 additional wm voxels added
SEG EDIT: 43831 voxels turned on, 23588 voxels turned off.
propagating editing to output volume from wm.seg.mgz
writing edited volume to wm.asegedit.mgz....

 mri_pretess wm.asegedit.mgz wm norm.mgz wm.mgz 


Iteration Number : 1
pass   1 (xy+):  19 found -  19 modified     |    TOTAL:  19
pass   2 (xy+):   0 found -  19 modified     |    TOTAL:  19
pass   1 (xy-):  16 found -  16 modified     |    TOTAL:  35
pass   2 (xy-):   0 found -  16 modified     |    TOTAL:  35
pass   1 (yz+):  16 found -  16 modified     |    TOTAL:  51
pass   2 (yz+):   0 found -  16 modified     |    TOTAL:  51
pass   1 (yz-):  21 found -  21 modified     |    TOTAL:  72
pass   2 (yz-):   0 found -  21 modified     |    TOTAL:  72
pass   1 (xz+):  22 found -  22 modified     |    TOTAL:  94
pass   2 (xz+):   0 found -  22 modified     |    TOTAL:  94
pass   1 (xz-):  13 found -  13 modified     |    TOTAL: 107
pass   2 (xz-):   0 found -  13 modified     |    TOTAL: 107
Iteration Number : 1
pass   1 (+++):   8 found -   8 modified     |    TOTAL:   8
pass   2 (+++):   0 found -   8 modified     |    TOTAL:   8
pass   1 (+++):   7 found -   7 modified     |    TOTAL:  15
pass   2 (+++):   0 found -   7 modified     |    TOTAL:  15
pass   1 (+++):  21 found -  21 modified     |    TOTAL:  36
pass   2 (+++):   0 found -  21 modified     |    TOTAL:  36
pass   1 (+++):  27 found -  27 modified     |    TOTAL:  63
pass   2 (+++):   0 found -  27 modified     |    TOTAL:  63
Iteration Number : 1
pass   1 (++):  69 found -  69 modified     |    TOTAL:  69
pass   2 (++):   0 found -  69 modified     |    TOTAL:  69
pass   1 (+-): 118 found - 118 modified     |    TOTAL: 187
pass   2 (+-):   0 found - 118 modified     |    TOTAL: 187
pass   1 (--):  79 found -  79 modified     |    TOTAL: 266
pass   2 (--):   0 found -  79 modified     |    TOTAL: 266
pass   1 (-+): 149 found - 149 modified     |    TOTAL: 415
pass   2 (-+):   0 found - 149 modified     |    TOTAL: 415
Iteration Number : 2
pass   1 (xy+):   2 found -   2 modified     |    TOTAL:   2
pass   2 (xy+):   0 found -   2 modified     |    TOTAL:   2
pass   1 (xy-):   4 found -   4 modified     |    TOTAL:   6
pass   2 (xy-):   0 found -   4 modified     |    TOTAL:   6
pass   1 (yz+):   5 found -   5 modified     |    TOTAL:  11
pass   2 (yz+):   0 found -   5 modified     |    TOTAL:  11
pass   1 (yz-):   1 found -   1 modified     |    TOTAL:  12
pass   2 (yz-):   0 found -   1 modified     |    TOTAL:  12
pass   1 (xz+):   4 found -   4 modified     |    TOTAL:  16
pass   2 (xz+):   0 found -   4 modified     |    TOTAL:  16
pass   1 (xz-):   2 found -   2 modified     |    TOTAL:  18
pass   2 (xz-):   0 found -   2 modified     |    TOTAL:  18
Iteration Number : 2
pass   1 (+++):   2 found -   2 modified     |    TOTAL:   2
pass   2 (+++):   0 found -   2 modified     |    TOTAL:   2
pass   1 (+++):   3 found -   3 modified     |    TOTAL:   5
pass   2 (+++):   0 found -   3 modified     |    TOTAL:   5
pass   1 (+++):   2 found -   2 modified     |    TOTAL:   7
pass   2 (+++):   0 found -   2 modified     |    TOTAL:   7
pass   1 (+++):   2 found -   2 modified     |    TOTAL:   9
pass   2 (+++):   0 found -   2 modified     |    TOTAL:   9
Iteration Number : 2
pass   1 (++):   1 found -   1 modified     |    TOTAL:   1
pass   2 (++):   0 found -   1 modified     |    TOTAL:   1
pass   1 (+-):   4 found -   4 modified     |    TOTAL:   5
pass   2 (+-):   0 found -   4 modified     |    TOTAL:   5
pass   1 (--):   3 found -   3 modified     |    TOTAL:   8
pass   2 (--):   0 found -   3 modified     |    TOTAL:   8
pass   1 (-+):   0 found -   0 modified     |    TOTAL:   8
Iteration Number : 3
pass   1 (xy+):   0 found -   0 modified     |    TOTAL:   0
pass   1 (xy-):   0 found -   0 modified     |    TOTAL:   0
pass   1 (yz+):   0 found -   0 modified     |    TOTAL:   0
pass   1 (yz-):   0 found -   0 modified     |    TOTAL:   0
pass   1 (xz+):   2 found -   2 modified     |    TOTAL:   2
pass   2 (xz+):   0 found -   2 modified     |    TOTAL:   2
pass   1 (xz-):   0 found -   0 modified     |    TOTAL:   2
Iteration Number : 3
pass   1 (+++):   0 found -   0 modified     |    TOTAL:   0
pass   1 (+++):   0 found -   0 modified     |    TOTAL:   0
pass   1 (+++):   0 found -   0 modified     |    TOTAL:   0
pass   1 (+++):   0 found -   0 modified     |    TOTAL:   0
Iteration Number : 3
pass   1 (++):   0 found -   0 modified     |    TOTAL:   0
pass   1 (+-):   1 found -   1 modified     |    TOTAL:   1
pass   2 (+-):   0 found -   1 modified     |    TOTAL:   1
pass   1 (--):   0 found -   0 modified     |    TOTAL:   1
pass   1 (-+):   0 found -   0 modified     |    TOTAL:   1
Iteration Number : 4
pass   1 (xy+):   0 found -   0 modified     |    TOTAL:   0
pass   1 (xy-):   0 found -   0 modified     |    TOTAL:   0
pass   1 (yz+):   0 found -   0 modified     |    TOTAL:   0
pass   1 (yz-):   0 found -   0 modified     |    TOTAL:   0
pass   1 (xz+):   0 found -   0 modified     |    TOTAL:   0
pass   1 (xz-):   0 found -   0 modified     |    TOTAL:   0
Iteration Number : 4
pass   1 (+++):   0 found -   0 modified     |    TOTAL:   0
pass   1 (+++):   0 found -   0 modified     |    TOTAL:   0
pass   1 (+++):   0 found -   0 modified     |    TOTAL:   0
pass   1 (+++):   0 found -   0 modified     |    TOTAL:   0
Iteration Number : 4
pass   1 (++):   0 found -   0 modified     |    TOTAL:   0
pass   1 (+-):   0 found -   0 modified     |    TOTAL:   0
pass   1 (--):   0 found -   0 modified     |    TOTAL:   0
pass   1 (-+):   0 found -   0 modified     |    TOTAL:   0

Total Number of Modified Voxels = 623 (out of 388143: 0.160508)
binarizing input wm segmentation...
Ambiguous edge configurations... 

mri_pretess done

#--------------------------------------------
#@# Fill Sat Mar 14 11:54:58 CET 2026
/out/sourcedata/freesurfer/sub-v2s9x29150_ses-1/mri

 mri_fill -a ../scripts/ponscc.cut.log -xform transforms/talairach.lta -segmentation aseg.presurf.mgz -ctab /opt/freesurfer/SubCorticalMassLUT.txt wm.mgz filled.mgz 

logging cutting plane coordinates to ../scripts/ponscc.cut.log...
INFO: Using transforms/talairach.lta and its offset for Talairach volume ...
using segmentation aseg.presurf.mgz...
reading input volume...done.
searching for cutting planes...voxel to talairach voxel transform
 1.05801  -0.03852  -0.07638   9.04432;
 0.03573   1.24138   0.25954  -64.82883;
 0.07570  -0.28414   1.02498   17.38834;
 0.00000   0.00000   0.00000   1.00000;
voxel to talairach voxel transform
 1.05801  -0.03852  -0.07638   9.04432;
 0.03573   1.24138   0.25954  -64.82883;
 0.07570  -0.28414   1.02498   17.38834;
 0.00000   0.00000   0.00000   1.00000;
reading segmented volume aseg.presurf.mgz
removing CC from segmentation
Looking for area (min, max) = (350, 1400)
area[0] = 1000 (min = 350, max = 1400), aspect = 0.44 (min = 0.10, max = 0.75)
no need to search
using seed (126, 117, 150), TAL = (2.0, 22.0, 11.0)
talairach voxel to voxel transform
 0.93949   0.04270   0.05920  -6.75823;
-0.01185   0.76089  -0.19355   52.80014;
-0.07267   0.20778   0.91760  -1.82849;
 0.00000   0.00000   0.00000   1.00000;
segmentation indicates cc at (126,  117,  150) --> (2.0, 22.0, 11.0)
done.
filling took 1.0 minutes
talairach cc position changed to (2.00, 22.00, 11.00)
Erasing brainstem...done.
seed_search_size = 9, min_neighbors = 5
search rh wm seed point around talairach space:(20.00, 22.00, 11.00) SRC: (108.58, 111.51, 152.27)
search lh wm seed point around talairach space (-16.00, 22.00, 11.00), SRC: (142.40, 111.09, 149.66)
compute mri_fill using aseg
Erasing Brain Stem and Cerebellum ...
Define left and right masks using aseg:
Building Voronoi diagram ...
Using the Voronoi diagram for separating WM into two hemispheres ...
Find the largest connected component for each hemisphere ...
Embedding colortable
mri_fill done, writing output to filled.mgz...
 cp filled.mgz filled.auto.mgz

Started at Sat Mar 14 10:46:14 CET 2026 
Ended   at Sat Mar 14 11:55:57 CET 2026
#@#%# recon-all-run-time-hours 1.162
recon-all -s sub-v2s9x29150_ses-1 finished without error at Sat Mar 14 11:55:57 CET 2026



#New# invocation of recon-all 




Sat Mar 14 12:35:40 CET 2026
cd /out/sourcedata/freesurfer/sub-v2s9x29150_ses-1
setenv SUBJECTS_DIR /out/sourcedata/freesurfer
/opt/freesurfer/bin/recon-all -parallel -subjid sub-v2s9x29150_ses-1 -sd /out/sourcedata/freesurfer -cortribbon

subjid sub-v2s9x29150_ses-1
setenv SUBJECTS_DIR /out/sourcedata/freesurfer
FREESURFER_HOME /opt/freesurfer
Actual FREESURFER_HOME /opt/freesurfer
build-stamp.txt: freesurfer-linux-ubuntu22_x86_64-7.3.2-20220804-6354275
Linux dna032 5.14.0-427.37.1.el9_4.x86_64 #1 SMP PREEMPT_DYNAMIC Fri Sep 13 12:41:50 EDT 2024 x86_64 x86_64 x86_64 GNU/Linux
cputime      unlimited
filesize     unlimited
datasize     unlimited
stacksize    8192 kbytes
coredumpsize 0 kbytes
memoryuse    67108864 kbytes
vmemoryuse   unlimited
descriptors  1024 
memorylocked unlimited
maxproc      2061970 
maxlocks     unlimited
maxsignal    2061970 
maxmessage   819200 
maxnice      0 
maxrtprio    0 
maxrttime    unlimited

               total        used        free      shared  buff/cache   available
Mem:           503Gi        47Gi       318Gi       9.1Gi       136Gi       443Gi
Swap:             0B          0B          0B

########################################
program versions used
7.3.2 (freesurfer-linux-ubuntu22_x86_64-7.3.2-20220804-6354275)
7.3.2

ProgramName: lta_convert  ProgramArguments: lta_convert -all-info  ProgramVersion: 7.3.2  TimeStamp: 2026/03/14-11:35:40-GMT  BuildTime: Aug  4 2022 06:17:15  BuildStamp: freesurfer-linux-ubuntu22_x86_64-7.3.2-20220804-6354275  User: oesteban  Machine: dna032  Platform: Linux  PlatformVersion: 5.14.0-427.37.1.el9_4.x86_64  CompilerName: GCC  CompilerVersion: 8.4.0
ProgramName: mri_and  ProgramArguments: mri_and -all-info  ProgramVersion: 7.3.2  TimeStamp: 2026/03/14-11:35:40-GMT  BuildTime: Aug  4 2022 06:17:15  BuildStamp: freesurfer-linux-ubuntu22_x86_64-7.3.2-20220804-6354275  User: oesteban  Machine: dna032  Platform: Linux  PlatformVersion: 5.14.0-427.37.1.el9_4.x86_64  CompilerName: GCC  CompilerVersion: 8.4.0
ProgramName: mri_annotation2label  ProgramArguments: mri_annotation2label -all-info  ProgramVersion: 7.3.2  TimeStamp: 2026/03/14-11:35:40-GMT  BuildTime: Aug  4 2022 06:17:15  BuildStamp: freesurfer-linux-ubuntu22_x86_64-7.3.2-20220804-6354275  User: oesteban  Machine: dna032  Platform: Linux  PlatformVersion: 5.14.0-427.37.1.el9_4.x86_64  CompilerName: GCC  CompilerVersion: 8.4.0
ProgramName: mri_aparc2aseg  ProgramArguments: mri_aparc2aseg -all-info  ProgramVersion: 7.3.2  TimeStamp: 2026/03/14-11:35:40-GMT  BuildTime: Aug  4 2022 06:17:15  BuildStamp: freesurfer-linux-ubuntu22_x86_64-7.3.2-20220804-6354275  User: oesteban  Machine: dna032  Platform: Linux  PlatformVersion: 5.14.0-427.37.1.el9_4.x86_64  CompilerName: GCC  CompilerVersion: 8.4.0
ProgramName: mri_surf2volseg  ProgramArguments: mri_surf2volseg -all-info  ProgramVersion: 7.3.2  TimeStamp: 2026/03/14-11:35:40-GMT  BuildTime: Aug  4 2022 06:17:15  BuildStamp: freesurfer-linux-ubuntu22_x86_64-7.3.2-20220804-6354275  User: oesteban  Machine: dna032  Platform: Linux  PlatformVersion: 5.14.0-427.37.1.el9_4.x86_64  CompilerName: GCC  CompilerVersion: 8.4.0
ProgramName: mri_binarize  ProgramArguments: mri_binarize -all-info  ProgramVersion: 7.3.2  TimeStamp: 2026/03/14-11:35:40-GMT  BuildTime: Aug  4 2022 06:17:15  BuildStamp: freesurfer-linux-ubuntu22_x86_64-7.3.2-20220804-6354275  User: oesteban  Machine: dna032  Platform: Linux  PlatformVersion: 5.14.0-427.37.1.el9_4.x86_64  CompilerName: GCC  CompilerVersion: 8.4.0
ProgramName: mri_ca_label  ProgramArguments: mri_ca_label -all-info  ProgramVersion: 7.3.2  TimeStamp: 2026/03/14-11:35:40-GMT  BuildTime: Aug  4 2022 06:17:15  BuildStamp: freesurfer-linux-ubuntu22_x86_64-7.3.2-20220804-6354275  User: oesteban  Machine: dna032  Platform: Linux  PlatformVersion: 5.14.0-427.37.1.el9_4.x86_64  CompilerName: GCC  CompilerVersion: 8.4.0
ProgramName: mri_ca_normalize  ProgramArguments: mri_ca_normalize -all-info  ProgramVersion: 7.3.2  TimeStamp: 2026/03/14-11:35:40-GMT  BuildTime: Aug  4 2022 06:17:15  BuildStamp: freesurfer-linux-ubuntu22_x86_64-7.3.2-20220804-6354275  User: oesteban  Machine: dna032  Platform: Linux  PlatformVersion: 5.14.0-427.37.1.el9_4.x86_64  CompilerName: GCC  CompilerVersion: 8.4.0
ProgramName: mri_ca_register  ProgramArguments: mri_ca_register -all-info  ProgramVersion: 7.3.2  TimeStamp: 2026/03/14-11:35:40-GMT  BuildTime: Aug  4 2022 06:17:15  BuildStamp: freesurfer-linux-ubuntu22_x86_64-7.3.2-20220804-6354275  User: oesteban  Machine: dna032  Platform: Linux  PlatformVersion: 5.14.0-427.37.1.el9_4.x86_64  CompilerName: GCC  CompilerVersion: 8.4.0
ProgramName: mri_cc  ProgramArguments: mri_cc -all-info  ProgramVersion: 7.3.2  TimeStamp: 2026/03/14-11:35:40-GMT  BuildTime: Aug  4 2022 06:17:15  BuildStamp: freesurfer-linux-ubuntu22_x86_64-7.3.2-20220804-6354275  User: oesteban  Machine: dna032  Platform: Linux  PlatformVersion: 5.14.0-427.37.1.el9_4.x86_64  CompilerName: GCC  CompilerVersion: 8.4.0
ProgramName: mri_compute_overlap  ProgramArguments: mri_compute_overlap -all-info  ProgramVersion: 7.3.2  TimeStamp: 2026/03/14-11:35:40-GMT  BuildTime: Aug  4 2022 06:17:15  BuildStamp: freesurfer-linux-ubuntu22_x86_64-7.3.2-20220804-6354275  User: oesteban  Machine: dna032  Platform: Linux  PlatformVersion: 5.14.0-427.37.1.el9_4.x86_64  CompilerName: GCC  CompilerVersion: 8.4.0
ProgramName: mri_compute_seg_overlap  ProgramArguments: mri_compute_seg_overlap -all-info  ProgramVersion: 7.3.2  TimeStamp: 2026/03/14-11:35:40-GMT  BuildTime: Aug  4 2022 06:17:15  BuildStamp: freesurfer-linux-ubuntu22_x86_64-7.3.2-20220804-6354275  User: oesteban  Machine: dna032  Platform: Linux  PlatformVersion: 5.14.0-427.37.1.el9_4.x86_64  CompilerName: GCC  CompilerVersion: 8.4.0
ProgramName: mri_concat  ProgramArguments: mri_concat -all-info  ProgramVersion: 7.3.2  TimeStamp: 2026/03/14-11:35:40-GMT  BuildTime: Aug  4 2022 06:17:15  BuildStamp: freesurfer-linux-ubuntu22_x86_64-7.3.2-20220804-6354275  User: oesteban  Machine: dna032  Platform: Linux  PlatformVersion: 5.14.0-427.37.1.el9_4.x86_64  CompilerName: GCC  CompilerVersion: 8.4.0
ProgramName: mri_concatenate_lta  ProgramArguments: mri_concatenate_lta -all-info  ProgramVersion: 7.3.2  TimeStamp: 2026/03/14-11:35:40-GMT  BuildTime: Aug  4 2022 06:17:15  BuildStamp: freesurfer-linux-ubuntu22_x86_64-7.3.2-20220804-6354275  User: oesteban  Machine: dna032  Platform: Linux  PlatformVersion: 5.14.0-427.37.1.el9_4.x86_64  CompilerName: GCC  CompilerVersion: 8.4.0
mri_convert -all-info 
ProgramName: mri_convert  ProgramArguments: mri_convert -all-info  ProgramVersion: 7.3.2  TimeStamp: 2026/03/14-11:35:40-GMT  BuildTime: Aug  4 2022 06:17:15  BuildStamp: freesurfer-linux-ubuntu22_x86_64-7.3.2-20220804-6354275  User: oesteban  Machine: dna032  Platform: Linux  PlatformVersion: 5.14.0-427.37.1.el9_4.x86_64  CompilerName: GCC  CompilerVersion: 8.4.0
ProgramName: mri_diff  ProgramArguments: mri_diff -all-info  ProgramVersion: 7.3.2  TimeStamp: 2026/03/14-11:35:40-GMT  BuildTime: Aug  4 2022 06:17:15  BuildStamp: freesurfer-linux-ubuntu22_x86_64-7.3.2-20220804-6354275  User: oesteban  Machine: dna032  Platform: Linux  PlatformVersion: 5.14.0-427.37.1.el9_4.x86_64  CompilerName: GCC  CompilerVersion: 8.4.0
ProgramName: mri_edit_wm_with_aseg  ProgramArguments: mri_edit_wm_with_aseg -all-info  ProgramVersion: 7.3.2  TimeStamp: 2026/03/14-11:35:40-GMT  BuildTime: Aug  4 2022 06:17:15  BuildStamp: freesurfer-linux-ubuntu22_x86_64-7.3.2-20220804-6354275  User: oesteban  Machine: dna032  Platform: Linux  PlatformVersion: 5.14.0-427.37.1.el9_4.x86_64  CompilerName: GCC  CompilerVersion: 8.4.0
ProgramName: mri_em_register  ProgramArguments: mri_em_register -all-info  ProgramVersion: 7.3.2  TimeStamp: 2026/03/14-11:35:40-GMT  BuildTime: Aug  4 2022 06:17:15  BuildStamp: freesurfer-linux-ubuntu22_x86_64-7.3.2-20220804-6354275  User: oesteban  Machine: dna032  Platform: Linux  PlatformVersion: 5.14.0-427.37.1.el9_4.x86_64  CompilerName: GCC  CompilerVersion: 8.4.0
ProgramName: mri_fill  ProgramArguments: mri_fill -all-info  ProgramVersion: 7.3.2  TimeStamp: 2026/03/14-11:35:40-GMT  BuildTime: Aug  4 2022 06:17:15  BuildStamp: freesurfer-linux-ubuntu22_x86_64-7.3.2-20220804-6354275  User: oesteban  Machine: dna032  Platform: Linux  PlatformVersion: 5.14.0-427.37.1.el9_4.x86_64  CompilerName: GCC  CompilerVersion: 8.4.0
ProgramName: mri_fuse_segmentations  ProgramArguments: mri_fuse_segmentations -all-info  ProgramVersion: 7.3.2  TimeStamp: 2026/03/14-11:35:40-GMT  BuildTime: Aug  4 2022 06:17:15  BuildStamp: freesurfer-linux-ubuntu22_x86_64-7.3.2-20220804-6354275  User: oesteban  Machine: dna032  Platform: Linux  PlatformVersion: 5.14.0-427.37.1.el9_4.x86_64  CompilerName: GCC  CompilerVersion: 8.4.0
ProgramName: mri_fwhm  ProgramArguments: mri_fwhm -all-info  ProgramVersion: 7.3.2  TimeStamp: 2026/03/14-11:35:40-GMT  BuildTime: Aug  4 2022 06:17:15  BuildStamp: freesurfer-linux-ubuntu22_x86_64-7.3.2-20220804-6354275  User: oesteban  Machine: dna032  Platform: Linux  PlatformVersion: 5.14.0-427.37.1.el9_4.x86_64  CompilerName: GCC  CompilerVersion: 8.4.0
ProgramName: mri_gcut  ProgramArguments: mri_gcut -all-info  ProgramVersion: 7.3.2  TimeStamp: 2026/03/14-11:35:40-GMT  BuildTime: Aug  4 2022 06:17:15  BuildStamp: freesurfer-linux-ubuntu22_x86_64-7.3.2-20220804-6354275  User: oesteban  Machine: dna032  Platform: Linux  PlatformVersion: 5.14.0-427.37.1.el9_4.x86_64  CompilerName: GCC  CompilerVersion: 8.4.0
ProgramName: mri_info  ProgramArguments: mri_info -all-info  ProgramVersion: 7.3.2  TimeStamp: 2026/03/14-11:35:40-GMT  BuildTime: Aug  4 2022 06:17:15  BuildStamp: freesurfer-linux-ubuntu22_x86_64-7.3.2-20220804-6354275  User: oesteban  Machine: dna032  Platform: Linux  PlatformVersion: 5.14.0-427.37.1.el9_4.x86_64  CompilerName: GCC  CompilerVersion: 8.4.0
ProgramName: mri_label2label  ProgramArguments: mri_label2label -all-info  ProgramVersion: 7.3.2  TimeStamp: 2026/03/14-11:35:40-GMT  BuildTime: Aug  4 2022 06:17:15  BuildStamp: freesurfer-linux-ubuntu22_x86_64-7.3.2-20220804-6354275  User: oesteban  Machine: dna032  Platform: Linux  PlatformVersion: 5.14.0-427.37.1.el9_4.x86_64  CompilerName: GCC  CompilerVersion: 8.4.0
ProgramName: mri_label2vol  ProgramArguments: mri_label2vol -all-info  ProgramVersion: 7.3.2  TimeStamp: 2026/03/14-11:35:40-GMT  BuildTime: Aug  4 2022 06:17:15  BuildStamp: freesurfer-linux-ubuntu22_x86_64-7.3.2-20220804-6354275  User: oesteban  Machine: dna032  Platform: Linux  PlatformVersion: 5.14.0-427.37.1.el9_4.x86_64  CompilerName: GCC  CompilerVersion: 8.4.0
ProgramName: mri_log_likelihood  ProgramArguments: mri_log_likelihood -all-info  ProgramVersion: 7.3.2  TimeStamp: 2026/03/14-11:35:40-GMT  BuildTime: Aug  4 2022 06:17:15  BuildStamp: freesurfer-linux-ubuntu22_x86_64-7.3.2-20220804-6354275  User: oesteban  Machine: dna032  Platform: Linux  PlatformVersion: 5.14.0-427.37.1.el9_4.x86_64  CompilerName: GCC  CompilerVersion: 8.4.0
ProgramName: mri_mask  ProgramArguments: mri_mask -all-info  ProgramVersion: 7.3.2  TimeStamp: 2026/03/14-11:35:40-GMT  BuildTime: Aug  4 2022 06:17:15  BuildStamp: freesurfer-linux-ubuntu22_x86_64-7.3.2-20220804-6354275  User: oesteban  Machine: dna032  Platform: Linux  PlatformVersion: 5.14.0-427.37.1.el9_4.x86_64  CompilerName: GCC  CompilerVersion: 8.4.0
ProgramName: mri_matrix_multiply  ProgramArguments: mri_matrix_multiply -all-info  ProgramVersion: 7.3.2  TimeStamp: 2026/03/14-11:35:40-GMT  BuildTime: Aug  4 2022 06:17:15  BuildStamp: freesurfer-linux-ubuntu22_x86_64-7.3.2-20220804-6354275  User: oesteban  Machine: dna032  Platform: Linux  PlatformVersion: 5.14.0-427.37.1.el9_4.x86_64  CompilerName: GCC  CompilerVersion: 8.4.0
ProgramName: mri_normalize  ProgramArguments: mri_normalize -all-info  ProgramVersion: 7.3.2  TimeStamp: 2026/03/14-11:35:40-GMT  BuildTime: Aug  4 2022 06:17:15  BuildStamp: freesurfer-linux-ubuntu22_x86_64-7.3.2-20220804-6354275  User: oesteban  Machine: dna032  Platform: Linux  PlatformVersion: 5.14.0-427.37.1.el9_4.x86_64  CompilerName: GCC  CompilerVersion: 8.4.0
ProgramName: mri_normalize_tp2  ProgramArguments: mri_normalize_tp2 -all-info  ProgramVersion: 7.3.2  TimeStamp: 2026/03/14-11:35:40-GMT  BuildTime: Aug  4 2022 06:17:15  BuildStamp: freesurfer-linux-ubuntu22_x86_64-7.3.2-20220804-6354275  User: oesteban  Machine: dna032  Platform: Linux  PlatformVersion: 5.14.0-427.37.1.el9_4.x86_64  CompilerName: GCC  CompilerVersion: 8.4.0
ProgramName: mri_or  ProgramArguments: mri_or -all-info  ProgramVersion: 7.3.2  TimeStamp: 2026/03/14-11:35:41-GMT  BuildTime: Aug  4 2022 06:17:15  BuildStamp: freesurfer-linux-ubuntu22_x86_64-7.3.2-20220804-6354275  User: oesteban  Machine: dna032  Platform: Linux  PlatformVersion: 5.14.0-427.37.1.el9_4.x86_64  CompilerName: GCC  CompilerVersion: 8.4.0
ProgramName: mri_relabel_hypointensities  ProgramArguments: mri_relabel_hypointensities -all-info  ProgramVersion: 7.3.2  TimeStamp: 2026/03/14-11:35:41-GMT  BuildTime: Aug  4 2022 06:17:15  BuildStamp: freesurfer-linux-ubuntu22_x86_64-7.3.2-20220804-6354275  User: oesteban  Machine: dna032  Platform: Linux  PlatformVersion: 5.14.0-427.37.1.el9_4.x86_64  CompilerName: GCC  CompilerVersion: 8.4.0
ProgramName: mri_relabel_nonwm_hypos  ProgramArguments: mri_relabel_nonwm_hypos -all-info  ProgramVersion: 7.3.2  TimeStamp: 2026/03/14-11:35:41-GMT  BuildTime: Aug  4 2022 06:17:15  BuildStamp: freesurfer-linux-ubuntu22_x86_64-7.3.2-20220804-6354275  User: oesteban  Machine: dna032  Platform: Linux  PlatformVersion: 5.14.0-427.37.1.el9_4.x86_64  CompilerName: GCC  CompilerVersion: 8.4.0
ProgramName: mri_remove_neck  ProgramArguments: mri_remove_neck -all-info  ProgramVersion: 7.3.2  TimeStamp: 2026/03/14-11:35:41-GMT  BuildTime: Aug  4 2022 06:17:15  BuildStamp: freesurfer-linux-ubuntu22_x86_64-7.3.2-20220804-6354275  User: oesteban  Machine: dna032  Platform: Linux  PlatformVersion: 5.14.0-427.37.1.el9_4.x86_64  CompilerName: GCC  CompilerVersion: 8.4.0
7.3.2

ProgramName: mri_robust_register  ProgramArguments: mri_robust_register -all-info  ProgramVersion: 7.3.2  TimeStamp: 2026/03/14-11:35:41-GMT  BuildTime: Aug  4 2022 06:17:15  BuildStamp: freesurfer-linux-ubuntu22_x86_64-7.3.2-20220804-6354275  User: oesteban  Machine: dna032  Platform: Linux  PlatformVersion: 5.14.0-427.37.1.el9_4.x86_64  CompilerName: GCC  CompilerVersion: 8.4.0
7.3.2

ProgramName: mri_robust_template  ProgramArguments: mri_robust_template -all-info  ProgramVersion: 7.3.2  TimeStamp: 2026/03/14-11:35:41-GMT  BuildTime: Aug  4 2022 06:17:15  BuildStamp: freesurfer-linux-ubuntu22_x86_64-7.3.2-20220804-6354275  User: oesteban  Machine: dna032  Platform: Linux  PlatformVersion: 5.14.0-427.37.1.el9_4.x86_64  CompilerName: GCC  CompilerVersion: 8.4.0
ProgramName: mris_anatomical_stats  ProgramArguments: mris_anatomical_stats -all-info  ProgramVersion: 7.3.2  TimeStamp: 2026/03/14-11:35:41-GMT  BuildTime: Aug  4 2022 06:17:15  BuildStamp: freesurfer-linux-ubuntu22_x86_64-7.3.2-20220804-6354275  User: oesteban  Machine: dna032  Platform: Linux  PlatformVersion: 5.14.0-427.37.1.el9_4.x86_64  CompilerName: GCC  CompilerVersion: 8.4.0
ProgramName: mris_ca_label  ProgramArguments: mris_ca_label -all-info  ProgramVersion: 7.3.2  TimeStamp: 2026/03/14-11:35:41-GMT  BuildTime: Aug  4 2022 06:17:15  BuildStamp: freesurfer-linux-ubuntu22_x86_64-7.3.2-20220804-6354275  User: oesteban  Machine: dna032  Platform: Linux  PlatformVersion: 5.14.0-427.37.1.el9_4.x86_64  CompilerName: GCC  CompilerVersion: 8.4.0
ProgramName: mris_calc  ProgramArguments: mris_calc -all-info  ProgramVersion: 7.3.2  TimeStamp: 2026/03/14-11:35:41-GMT  BuildTime: Aug  4 2022 06:17:15  BuildStamp: freesurfer-linux-ubuntu22_x86_64-7.3.2-20220804-6354275  User: oesteban  Machine: dna032  Platform: Linux  PlatformVersion: 5.14.0-427.37.1.el9_4.x86_64  CompilerName: GCC  CompilerVersion: 8.4.0
ProgramName: mris_convert  ProgramArguments: mris_convert -all-info  ProgramVersion: 7.3.2  TimeStamp: 2026/03/14-11:35:41-GMT  BuildTime: Aug  4 2022 06:17:15  BuildStamp: freesurfer-linux-ubuntu22_x86_64-7.3.2-20220804-6354275  User: oesteban  Machine: dna032  Platform: Linux  PlatformVersion: 5.14.0-427.37.1.el9_4.x86_64  CompilerName: GCC  CompilerVersion: 8.4.0
ProgramName: mris_curvature  ProgramArguments: mris_curvature -all-info  ProgramVersion: 7.3.2  TimeStamp: 2026/03/14-11:35:41-GMT  BuildTime: Aug  4 2022 06:17:15  BuildStamp: freesurfer-linux-ubuntu22_x86_64-7.3.2-20220804-6354275  User: oesteban  Machine: dna032  Platform: Linux  PlatformVersion: 5.14.0-427.37.1.el9_4.x86_64  CompilerName: GCC  CompilerVersion: 8.4.0
ProgramName: mris_curvature_stats  ProgramArguments: mris_curvature_stats -all-info  ProgramVersion: 7.3.2  TimeStamp: 2026/03/14-11:35:41-GMT  BuildTime: Aug  4 2022 06:17:15  BuildStamp: freesurfer-linux-ubuntu22_x86_64-7.3.2-20220804-6354275  User: oesteban  Machine: dna032  Platform: Linux  PlatformVersion: 5.14.0-427.37.1.el9_4.x86_64  CompilerName: GCC  CompilerVersion: 8.4.0
ProgramName: mris_diff  ProgramArguments: mris_diff -all-info  ProgramVersion: 7.3.2  TimeStamp: 2026/03/14-11:35:41-GMT  BuildTime: Aug  4 2022 06:17:15  BuildStamp: freesurfer-linux-ubuntu22_x86_64-7.3.2-20220804-6354275  User: oesteban  Machine: dna032  Platform: Linux  PlatformVersion: 5.14.0-427.37.1.el9_4.x86_64  CompilerName: GCC  CompilerVersion: 8.4.0
ProgramName: mris_divide_parcellation  ProgramArguments: mris_divide_parcellation -all-info  ProgramVersion: 7.3.2  TimeStamp: 2026/03/14-11:35:41-GMT  BuildTime: Aug  4 2022 06:17:15  BuildStamp: freesurfer-linux-ubuntu22_x86_64-7.3.2-20220804-6354275  User: oesteban  Machine: dna032  Platform: Linux  PlatformVersion: 5.14.0-427.37.1.el9_4.x86_64  CompilerName: GCC  CompilerVersion: 8.4.0
ProgramName: mri_segment  ProgramArguments: mri_segment -all-info  ProgramVersion: 7.3.2  TimeStamp: 2026/03/14-11:35:41-GMT  BuildTime: Aug  4 2022 06:17:15  BuildStamp: freesurfer-linux-ubuntu22_x86_64-7.3.2-20220804-6354275  User: oesteban  Machine: dna032  Platform: Linux  PlatformVersion: 5.14.0-427.37.1.el9_4.x86_64  CompilerName: GCC  CompilerVersion: 8.4.0
ProgramName: mri_segstats  ProgramArguments: mri_segstats -all-info  ProgramVersion: 7.3.2  TimeStamp: 2026/03/14-11:35:41-GMT  BuildTime: Aug  4 2022 06:17:15  BuildStamp: freesurfer-linux-ubuntu22_x86_64-7.3.2-20220804-6354275  User: oesteban  Machine: dna032  Platform: Linux  PlatformVersion: 5.14.0-427.37.1.el9_4.x86_64  CompilerName: GCC  CompilerVersion: 8.4.0
ProgramName: mris_euler_number  ProgramArguments: mris_euler_number -all-info  ProgramVersion: 7.3.2  TimeStamp: 2026/03/14-11:35:41-GMT  BuildTime: Aug  4 2022 06:17:15  BuildStamp: freesurfer-linux-ubuntu22_x86_64-7.3.2-20220804-6354275  User: oesteban  Machine: dna032  Platform: Linux  PlatformVersion: 5.14.0-427.37.1.el9_4.x86_64  CompilerName: GCC  CompilerVersion: 8.4.0
ProgramName: mris_fix_topology  ProgramArguments: mris_fix_topology -all-info  ProgramVersion: 7.3.2  TimeStamp: 2026/03/14-11:35:41-GMT  BuildTime: Aug  4 2022 06:17:15  BuildStamp: freesurfer-linux-ubuntu22_x86_64-7.3.2-20220804-6354275  User: oesteban  Machine: dna032  Platform: Linux  PlatformVersion: 5.14.0-427.37.1.el9_4.x86_64  CompilerName: GCC  CompilerVersion: 8.4.0
ProgramName: mris_topo_fixer  ProgramArguments: mris_topo_fixer -all-info  ProgramVersion: 7.3.2  TimeStamp: 2026/03/14-11:35:41-GMT  BuildTime: Aug  4 2022 06:17:15  BuildStamp: freesurfer-linux-ubuntu22_x86_64-7.3.2-20220804-6354275  User: oesteban  Machine: dna032  Platform: Linux  PlatformVersion: 5.14.0-427.37.1.el9_4.x86_64  CompilerName: GCC  CompilerVersion: 8.4.0
ProgramName: mris_jacobian  ProgramArguments: mris_jacobian -all-info  ProgramVersion: 7.3.2  TimeStamp: 2026/03/14-11:35:41-GMT  BuildTime: Aug  4 2022 06:17:15  BuildStamp: freesurfer-linux-ubuntu22_x86_64-7.3.2-20220804-6354275  User: oesteban  Machine: dna032  Platform: Linux  PlatformVersion: 5.14.0-427.37.1.el9_4.x86_64  CompilerName: GCC  CompilerVersion: 8.4.0
ProgramName: mris_label2annot  ProgramArguments: mris_label2annot -all-info  ProgramVersion: 7.3.2  TimeStamp: 2026/03/14-11:35:41-GMT  BuildTime: Aug  4 2022 06:17:15  BuildStamp: freesurfer-linux-ubuntu22_x86_64-7.3.2-20220804-6354275  User: oesteban  Machine: dna032  Platform: Linux  PlatformVersion: 5.14.0-427.37.1.el9_4.x86_64  CompilerName: GCC  CompilerVersion: 8.4.0
ProgramName: mris_left_right_register  ProgramArguments: mris_left_right_register -all-info  ProgramVersion: 7.3.2  TimeStamp: 2026/03/14-11:35:41-GMT  BuildTime: Aug  4 2022 06:17:15  BuildStamp: freesurfer-linux-ubuntu22_x86_64-7.3.2-20220804-6354275  User: oesteban  Machine: dna032  Platform: Linux  PlatformVersion: 5.14.0-427.37.1.el9_4.x86_64  CompilerName: GCC  CompilerVersion: 8.4.0
ProgramName: mris_place_surface  ProgramArguments: mris_place_surface -all-info  ProgramVersion: 7.3.2  TimeStamp: 2026/03/14-11:35:41-GMT  BuildTime: Aug  4 2022 06:17:15  BuildStamp: freesurfer-linux-ubuntu22_x86_64-7.3.2-20220804-6354275  User: oesteban  Machine: dna032  Platform: Linux  PlatformVersion: 5.14.0-427.37.1.el9_4.x86_64  CompilerName: GCC  CompilerVersion: 8.4.0
ProgramName: mrisp_paint  ProgramArguments: mrisp_paint -all-info  ProgramVersion: 7.3.2  TimeStamp: 2026/03/14-11:35:41-GMT  BuildTime: Aug  4 2022 06:17:15  BuildStamp: freesurfer-linux-ubuntu22_x86_64-7.3.2-20220804-6354275  User: oesteban  Machine: dna032  Platform: Linux  PlatformVersion: 5.14.0-427.37.1.el9_4.x86_64  CompilerName: GCC  CompilerVersion: 8.4.0
ProgramName: mris_register  ProgramArguments: mris_register -all-info  ProgramVersion: 7.3.2  TimeStamp: 2026/03/14-11:35:41-GMT  BuildTime: Aug  4 2022 06:17:15  BuildStamp: freesurfer-linux-ubuntu22_x86_64-7.3.2-20220804-6354275  User: oesteban  Machine: dna032  Platform: Linux  PlatformVersion: 5.14.0-427.37.1.el9_4.x86_64  CompilerName: GCC  CompilerVersion: 8.4.0
ProgramName: mris_smooth  ProgramArguments: mris_smooth -all-info  ProgramVersion: 7.3.2  TimeStamp: 2026/03/14-11:35:41-GMT  BuildTime: Aug  4 2022 06:17:15  BuildStamp: freesurfer-linux-ubuntu22_x86_64-7.3.2-20220804-6354275  User: oesteban  Machine: dna032  Platform: Linux  PlatformVersion: 5.14.0-427.37.1.el9_4.x86_64  CompilerName: GCC  CompilerVersion: 8.4.0
ProgramName: mris_sphere  ProgramArguments: mris_sphere -all-info  ProgramVersion: 7.3.2  TimeStamp: 2026/03/14-11:35:41-GMT  BuildTime: Aug  4 2022 06:17:15  BuildStamp: freesurfer-linux-ubuntu22_x86_64-7.3.2-20220804-6354275  User: oesteban  Machine: dna032  Platform: Linux  PlatformVersion: 5.14.0-427.37.1.el9_4.x86_64  CompilerName: GCC  CompilerVersion: 8.4.0
ProgramName: mris_surface_stats  ProgramArguments: mris_surface_stats -all-info  ProgramVersion: 7.3.2  TimeStamp: 2026/03/14-11:35:41-GMT  BuildTime: Aug  4 2022 06:17:15  BuildStamp: freesurfer-linux-ubuntu22_x86_64-7.3.2-20220804-6354275  User: oesteban  Machine: dna032  Platform: Linux  PlatformVersion: 5.14.0-427.37.1.el9_4.x86_64  CompilerName: GCC  CompilerVersion: 8.4.0
ProgramName: mri_stats2seg  ProgramArguments: mri_stats2seg -all-info  ProgramVersion: 7.3.2  TimeStamp: 2026/03/14-11:35:41-GMT  BuildTime: Aug  4 2022 06:17:15  BuildStamp: freesurfer-linux-ubuntu22_x86_64-7.3.2-20220804-6354275  User: oesteban  Machine: dna032  Platform: Linux  PlatformVersion: 5.14.0-427.37.1.el9_4.x86_64  CompilerName: GCC  CompilerVersion: 8.4.0
ProgramName: mris_thickness  ProgramArguments: mris_thickness -all-info  ProgramVersion: 7.3.2  TimeStamp: 2026/03/14-11:35:41-GMT  BuildTime: Aug  4 2022 06:17:15  BuildStamp: freesurfer-linux-ubuntu22_x86_64-7.3.2-20220804-6354275  User: oesteban  Machine: dna032  Platform: Linux  PlatformVersion: 5.14.0-427.37.1.el9_4.x86_64  CompilerName: GCC  CompilerVersion: 8.4.0
ProgramName: mris_thickness_diff  ProgramArguments: mris_thickness_diff -all-info  ProgramVersion: 7.3.2  TimeStamp: 2026/03/14-11:35:41-GMT  BuildTime: Aug  4 2022 06:17:15  BuildStamp: freesurfer-linux-ubuntu22_x86_64-7.3.2-20220804-6354275  User: oesteban  Machine: dna032  Platform: Linux  PlatformVersion: 5.14.0-427.37.1.el9_4.x86_64  CompilerName: GCC  CompilerVersion: 8.4.0
ProgramName: mris_topo_fixer  ProgramArguments: mris_topo_fixer -all-info  ProgramVersion: 7.3.2  TimeStamp: 2026/03/14-11:35:41-GMT  BuildTime: Aug  4 2022 06:17:15  BuildStamp: freesurfer-linux-ubuntu22_x86_64-7.3.2-20220804-6354275  User: oesteban  Machine: dna032  Platform: Linux  PlatformVersion: 5.14.0-427.37.1.el9_4.x86_64  CompilerName: GCC  CompilerVersion: 8.4.0
ProgramName: mri_surf2surf  ProgramArguments: mri_surf2surf -all-info  ProgramVersion: 7.3.2  TimeStamp: 2026/03/14-11:35:41-GMT  BuildTime: Aug  4 2022 06:17:15  BuildStamp: freesurfer-linux-ubuntu22_x86_64-7.3.2-20220804-6354275  User: oesteban  Machine: dna032  Platform: Linux  PlatformVersion: 5.14.0-427.37.1.el9_4.x86_64  CompilerName: GCC  CompilerVersion: 8.4.0
ProgramName: mri_surf2vol  ProgramArguments: mri_surf2vol -all-info  ProgramVersion: 7.3.2  TimeStamp: 2026/03/14-11:35:41-GMT  BuildTime: Aug  4 2022 06:17:15  BuildStamp: freesurfer-linux-ubuntu22_x86_64-7.3.2-20220804-6354275  User: oesteban  Machine: dna032  Platform: Linux  PlatformVersion: 5.14.0-427.37.1.el9_4.x86_64  CompilerName: GCC  CompilerVersion: 8.4.0
ProgramName: mri_surfcluster  ProgramArguments: mri_surfcluster -all-info  ProgramVersion: 7.3.2  TimeStamp: 2026/03/14-11:35:41-GMT  BuildTime: Aug  4 2022 06:17:15  BuildStamp: freesurfer-linux-ubuntu22_x86_64-7.3.2-20220804-6354275  User: oesteban  Machine: dna032  Platform: Linux  PlatformVersion: 5.14.0-427.37.1.el9_4.x86_64  CompilerName: GCC  CompilerVersion: 8.4.0
ProgramName: mris_volmask  ProgramArguments: mris_volmask -all-info  ProgramVersion: 7.3.2  TimeStamp: 2026/03/14-11:35:41-GMT  BuildTime: Aug  4 2022 06:17:15  BuildStamp: freesurfer-linux-ubuntu22_x86_64-7.3.2-20220804-6354275  User: oesteban  Machine: dna032  Platform: Linux  PlatformVersion: 5.14.0-427.37.1.el9_4.x86_64  CompilerName: GCC  CompilerVersion: 8.4.0
ProgramName: mri_tessellate  ProgramArguments: mri_tessellate -all-info  ProgramVersion: 7.3.2  TimeStamp: 2026/03/14-11:35:41-GMT  BuildTime: Aug  4 2022 06:17:15  BuildStamp: freesurfer-linux-ubuntu22_x86_64-7.3.2-20220804-6354275  User: oesteban  Machine: dna032  Platform: Linux  PlatformVersion: 5.14.0-427.37.1.el9_4.x86_64  CompilerName: GCC  CompilerVersion: 8.4.0
ProgramName: mri_vol2surf  ProgramArguments: mri_vol2surf -all-info  ProgramVersion: 7.3.2  TimeStamp: 2026/03/14-11:35:41-GMT  BuildTime: Aug  4 2022 06:17:15  BuildStamp: freesurfer-linux-ubuntu22_x86_64-7.3.2-20220804-6354275  User: oesteban  Machine: dna032  Platform: Linux  PlatformVersion: 5.14.0-427.37.1.el9_4.x86_64  CompilerName: GCC  CompilerVersion: 8.4.0
ProgramName: mri_vol2vol  ProgramArguments: mri_vol2vol -all-info  ProgramVersion: 7.3.2  TimeStamp: 2026/03/14-11:35:41-GMT  BuildTime: Aug  4 2022 06:17:15  BuildStamp: freesurfer-linux-ubuntu22_x86_64-7.3.2-20220804-6354275  User: oesteban  Machine: dna032  Platform: Linux  PlatformVersion: 5.14.0-427.37.1.el9_4.x86_64  CompilerName: GCC  CompilerVersion: 8.4.0
ProgramName: mri_voldiff  ProgramArguments: mri_voldiff -all-info  ProgramVersion: 7.3.2  TimeStamp: 2026/03/14-11:35:41-GMT  BuildTime: Aug  4 2022 06:17:15  BuildStamp: freesurfer-linux-ubuntu22_x86_64-7.3.2-20220804-6354275  User: oesteban  Machine: dna032  Platform: Linux  PlatformVersion: 5.14.0-427.37.1.el9_4.x86_64  CompilerName: GCC  CompilerVersion: 8.4.0
ProgramName: mri_watershed  ProgramArguments: mri_watershed -all-info  ProgramVersion: 7.3.2  TimeStamp: 2026/03/14-11:35:41-GMT  BuildTime: Aug  4 2022 06:17:15  BuildStamp: freesurfer-linux-ubuntu22_x86_64-7.3.2-20220804-6354275  User: oesteban  Machine: dna032  Platform: Linux  PlatformVersion: 5.14.0-427.37.1.el9_4.x86_64  CompilerName: GCC  CompilerVersion: 8.4.0
ProgramName: tkregister2  ProgramArguments: tkregister2_cmdl -all-info  ProgramVersion: 7.3.2  TimeStamp: 2026/03/14-11:35:41-GMT  BuildTime: Aug  4 2022 06:17:15  BuildStamp: freesurfer-linux-ubuntu22_x86_64-7.3.2-20220804-6354275  User: oesteban  Machine: dna032  Platform: Linux  PlatformVersion: 5.14.0-427.37.1.el9_4.x86_64  CompilerName: GCC  CompilerVersion: 8.4.0
mri_motion_correct.fsl 7.3.2
mri_convert -all-info 
ProgramName: mri_convert  ProgramArguments: mri_convert -all-info  ProgramVersion: 7.3.2  TimeStamp: 2026/03/14-11:35:41-GMT  BuildTime: Aug  4 2022 06:17:15  BuildStamp: freesurfer-linux-ubuntu22_x86_64-7.3.2-20220804-6354275  User: oesteban  Machine: dna032  Platform: Linux  PlatformVersion: 5.14.0-427.37.1.el9_4.x86_64  CompilerName: GCC  CompilerVersion: 8.4.0
Program nu_correct, built from:
Package MNI N3, version 1.12.0, compiled by nicks@terrier (x86_64-unknown-linux-gnu) on 2015-06-19 at 01:25:34
#######################################
GCADIR /opt/freesurfer/average
GCA RB_all_2020-01-02.gca
GCASkull RB_all_withskull_2020_01_02.gca
AvgCurvTif folding.atlas.acfb40.noaparc.i12.2016-08-02.tif
GCSDIR /opt/freesurfer/average
GCS DKaparc.atlas.acfb40.noaparc.i12.2016-08-02.gcs
#######################################
#@# white curv lh Sat Mar 14 12:35:41 CET 2026
cd /out/sourcedata/freesurfer/sub-v2s9x29150_ses-1/mri
mris_place_surface --curv-map ../surf/lh.white 2 10 ../surf/lh.curv
   Update not needed
#@# white area lh Sat Mar 14 12:35:41 CET 2026
cd /out/sourcedata/freesurfer/sub-v2s9x29150_ses-1/mri
mris_place_surface --area-map ../surf/lh.white ../surf/lh.area
   Update not needed
#@# pial curv lh Sat Mar 14 12:35:41 CET 2026
cd /out/sourcedata/freesurfer/sub-v2s9x29150_ses-1/mri
mris_place_surface --curv-map ../surf/lh.pial 2 10 ../surf/lh.curv.pial
   Update not needed
#@# pial area lh Sat Mar 14 12:35:41 CET 2026
cd /out/sourcedata/freesurfer/sub-v2s9x29150_ses-1/mri
mris_place_surface --area-map ../surf/lh.pial ../surf/lh.area.pial
   Update not needed
#@# thickness lh Sat Mar 14 12:35:41 CET 2026
cd /out/sourcedata/freesurfer/sub-v2s9x29150_ses-1/mri
mris_place_surface --thickness ../surf/lh.white ../surf/lh.pial 20 5 ../surf/lh.thickness
   Update not needed
#@# area and vertex vol lh Sat Mar 14 12:35:41 CET 2026
cd /out/sourcedata/freesurfer/sub-v2s9x29150_ses-1/mri
mris_place_surface --thickness ../surf/lh.white ../surf/lh.pial 20 5 ../surf/lh.thickness
   Update not needed
#@# white curv rh Sat Mar 14 12:35:41 CET 2026
cd /out/sourcedata/freesurfer/sub-v2s9x29150_ses-1/mri
mris_place_surface --curv-map ../surf/rh.white 2 10 ../surf/rh.curv
   Update not needed
#@# white area rh Sat Mar 14 12:35:41 CET 2026
cd /out/sourcedata/freesurfer/sub-v2s9x29150_ses-1/mri
mris_place_surface --area-map ../surf/rh.white ../surf/rh.area
   Update not needed
#@# pial curv rh Sat Mar 14 12:35:41 CET 2026
cd /out/sourcedata/freesurfer/sub-v2s9x29150_ses-1/mri
mris_place_surface --curv-map ../surf/rh.pial 2 10 ../surf/rh.curv.pial
   Update not needed
#@# pial area rh Sat Mar 14 12:35:41 CET 2026
cd /out/sourcedata/freesurfer/sub-v2s9x29150_ses-1/mri
mris_place_surface --area-map ../surf/rh.pial ../surf/rh.area.pial
   Update not needed
#@# thickness rh Sat Mar 14 12:35:41 CET 2026
cd /out/sourcedata/freesurfer/sub-v2s9x29150_ses-1/mri
mris_place_surface --thickness ../surf/rh.white ../surf/rh.pial 20 5 ../surf/rh.thickness
   Update not needed
#@# area and vertex vol rh Sat Mar 14 12:35:41 CET 2026
cd /out/sourcedata/freesurfer/sub-v2s9x29150_ses-1/mri
mris_place_surface --thickness ../surf/rh.white ../surf/rh.pial 20 5 ../surf/rh.thickness
   Update not needed
#--------------------------------------------
#@# Cortical ribbon mask Sat Mar 14 12:35:41 CET 2026
/out/sourcedata/freesurfer/sub-v2s9x29150_ses-1/mri

 mris_volmask --aseg_name aseg.presurf --label_left_white 2 --label_left_ribbon 3 --label_right_white 41 --label_right_ribbon 42 --save_ribbon sub-v2s9x29150_ses-1 

SUBJECTS_DIR is /out/sourcedata/freesurfer
loading input data...
Running hemis serially
Processing left hemi
computing distance to left white surface 
computing distance to left pial surface 
Processing right hemi
computing distance to right white surface 
computing distance to right pial surface 
 hemi masks overlap voxels = 77
writing volume /out/sourcedata/freesurfer/sub-v2s9x29150_ses-1/mri/ribbon.mgz
mris_volmask took 4.65 minutes
 writing ribbon files

Started at Sat Mar 14 12:35:40 CET 2026 
Ended   at Sat Mar 14 12:40:20 CET 2026
#@#%# recon-all-run-time-hours 0.078
recon-all -s sub-v2s9x29150_ses-1 finished without error at Sat Mar 14 12:40:20 CET 2026



#New# invocation of recon-all 




Sat Mar 14 12:45:19 CET 2026
cd /out/sourcedata/freesurfer/sub-v2s9x29150_ses-1
setenv SUBJECTS_DIR /out/sourcedata/freesurfer
/opt/freesurfer/bin/recon-all -autorecon3 -openmp 16 -subjid sub-v2s9x29150_ses-1 -sd /out/sourcedata/freesurfer -nosphere -nosurfreg -nojacobian_white -noavgcurv -nocortparc -nopial -noparcstats -nocortparc2 -noparcstats2 -nocortparc3 -noparcstats3 -nopctsurfcon -nocortribbon -nobalabels

subjid sub-v2s9x29150_ses-1
setenv SUBJECTS_DIR /out/sourcedata/freesurfer
FREESURFER_HOME /opt/freesurfer
Actual FREESURFER_HOME /opt/freesurfer
build-stamp.txt: freesurfer-linux-ubuntu22_x86_64-7.3.2-20220804-6354275
Linux dna032 5.14.0-427.37.1.el9_4.x86_64 #1 SMP PREEMPT_DYNAMIC Fri Sep 13 12:41:50 EDT 2024 x86_64 x86_64 x86_64 GNU/Linux
cputime      unlimited
filesize     unlimited
datasize     unlimited
stacksize    8192 kbytes
coredumpsize 0 kbytes
memoryuse    67108864 kbytes
vmemoryuse   unlimited
descriptors  1024 
memorylocked unlimited
maxproc      2061970 
maxlocks     unlimited
maxsignal    2061970 
maxmessage   819200 
maxnice      0 
maxrtprio    0 
maxrttime    unlimited

               total        used        free      shared  buff/cache   available
Mem:           503Gi        47Gi       319Gi       9.1Gi       136Gi       443Gi
Swap:             0B          0B          0B

########################################
program versions used
7.3.2 (freesurfer-linux-ubuntu22_x86_64-7.3.2-20220804-6354275)
7.3.2

ProgramName: lta_convert  ProgramArguments: lta_convert -all-info  ProgramVersion: 7.3.2  TimeStamp: 2026/03/14-11:45:19-GMT  BuildTime: Aug  4 2022 06:17:15  BuildStamp: freesurfer-linux-ubuntu22_x86_64-7.3.2-20220804-6354275  User: oesteban  Machine: dna032  Platform: Linux  PlatformVersion: 5.14.0-427.37.1.el9_4.x86_64  CompilerName: GCC  CompilerVersion: 8.4.0
ProgramName: mri_and  ProgramArguments: mri_and -all-info  ProgramVersion: 7.3.2  TimeStamp: 2026/03/14-11:45:19-GMT  BuildTime: Aug  4 2022 06:17:15  BuildStamp: freesurfer-linux-ubuntu22_x86_64-7.3.2-20220804-6354275  User: oesteban  Machine: dna032  Platform: Linux  PlatformVersion: 5.14.0-427.37.1.el9_4.x86_64  CompilerName: GCC  CompilerVersion: 8.4.0
ProgramName: mri_annotation2label  ProgramArguments: mri_annotation2label -all-info  ProgramVersion: 7.3.2  TimeStamp: 2026/03/14-11:45:19-GMT  BuildTime: Aug  4 2022 06:17:15  BuildStamp: freesurfer-linux-ubuntu22_x86_64-7.3.2-20220804-6354275  User: oesteban  Machine: dna032  Platform: Linux  PlatformVersion: 5.14.0-427.37.1.el9_4.x86_64  CompilerName: GCC  CompilerVersion: 8.4.0
ProgramName: mri_aparc2aseg  ProgramArguments: mri_aparc2aseg -all-info  ProgramVersion: 7.3.2  TimeStamp: 2026/03/14-11:45:19-GMT  BuildTime: Aug  4 2022 06:17:15  BuildStamp: freesurfer-linux-ubuntu22_x86_64-7.3.2-20220804-6354275  User: oesteban  Machine: dna032  Platform: Linux  PlatformVersion: 5.14.0-427.37.1.el9_4.x86_64  CompilerName: GCC  CompilerVersion: 8.4.0
ProgramName: mri_surf2volseg  ProgramArguments: mri_surf2volseg -all-info  ProgramVersion: 7.3.2  TimeStamp: 2026/03/14-11:45:19-GMT  BuildTime: Aug  4 2022 06:17:15  BuildStamp: freesurfer-linux-ubuntu22_x86_64-7.3.2-20220804-6354275  User: oesteban  Machine: dna032  Platform: Linux  PlatformVersion: 5.14.0-427.37.1.el9_4.x86_64  CompilerName: GCC  CompilerVersion: 8.4.0
ProgramName: mri_binarize  ProgramArguments: mri_binarize -all-info  ProgramVersion: 7.3.2  TimeStamp: 2026/03/14-11:45:19-GMT  BuildTime: Aug  4 2022 06:17:15  BuildStamp: freesurfer-linux-ubuntu22_x86_64-7.3.2-20220804-6354275  User: oesteban  Machine: dna032  Platform: Linux  PlatformVersion: 5.14.0-427.37.1.el9_4.x86_64  CompilerName: GCC  CompilerVersion: 8.4.0
ProgramName: mri_ca_label  ProgramArguments: mri_ca_label -all-info  ProgramVersion: 7.3.2  TimeStamp: 2026/03/14-11:45:19-GMT  BuildTime: Aug  4 2022 06:17:15  BuildStamp: freesurfer-linux-ubuntu22_x86_64-7.3.2-20220804-6354275  User: oesteban  Machine: dna032  Platform: Linux  PlatformVersion: 5.14.0-427.37.1.el9_4.x86_64  CompilerName: GCC  CompilerVersion: 8.4.0
ProgramName: mri_ca_normalize  ProgramArguments: mri_ca_normalize -all-info  ProgramVersion: 7.3.2  TimeStamp: 2026/03/14-11:45:19-GMT  BuildTime: Aug  4 2022 06:17:15  BuildStamp: freesurfer-linux-ubuntu22_x86_64-7.3.2-20220804-6354275  User: oesteban  Machine: dna032  Platform: Linux  PlatformVersion: 5.14.0-427.37.1.el9_4.x86_64  CompilerName: GCC  CompilerVersion: 8.4.0
ProgramName: mri_ca_register  ProgramArguments: mri_ca_register -all-info  ProgramVersion: 7.3.2  TimeStamp: 2026/03/14-11:45:19-GMT  BuildTime: Aug  4 2022 06:17:15  BuildStamp: freesurfer-linux-ubuntu22_x86_64-7.3.2-20220804-6354275  User: oesteban  Machine: dna032  Platform: Linux  PlatformVersion: 5.14.0-427.37.1.el9_4.x86_64  CompilerName: GCC  CompilerVersion: 8.4.0
ProgramName: mri_cc  ProgramArguments: mri_cc -all-info  ProgramVersion: 7.3.2  TimeStamp: 2026/03/14-11:45:19-GMT  BuildTime: Aug  4 2022 06:17:15  BuildStamp: freesurfer-linux-ubuntu22_x86_64-7.3.2-20220804-6354275  User: oesteban  Machine: dna032  Platform: Linux  PlatformVersion: 5.14.0-427.37.1.el9_4.x86_64  CompilerName: GCC  CompilerVersion: 8.4.0
ProgramName: mri_compute_overlap  ProgramArguments: mri_compute_overlap -all-info  ProgramVersion: 7.3.2  TimeStamp: 2026/03/14-11:45:19-GMT  BuildTime: Aug  4 2022 06:17:15  BuildStamp: freesurfer-linux-ubuntu22_x86_64-7.3.2-20220804-6354275  User: oesteban  Machine: dna032  Platform: Linux  PlatformVersion: 5.14.0-427.37.1.el9_4.x86_64  CompilerName: GCC  CompilerVersion: 8.4.0
ProgramName: mri_compute_seg_overlap  ProgramArguments: mri_compute_seg_overlap -all-info  ProgramVersion: 7.3.2  TimeStamp: 2026/03/14-11:45:19-GMT  BuildTime: Aug  4 2022 06:17:15  BuildStamp: freesurfer-linux-ubuntu22_x86_64-7.3.2-20220804-6354275  User: oesteban  Machine: dna032  Platform: Linux  PlatformVersion: 5.14.0-427.37.1.el9_4.x86_64  CompilerName: GCC  CompilerVersion: 8.4.0
ProgramName: mri_concat  ProgramArguments: mri_concat -all-info  ProgramVersion: 7.3.2  TimeStamp: 2026/03/14-11:45:19-GMT  BuildTime: Aug  4 2022 06:17:15  BuildStamp: freesurfer-linux-ubuntu22_x86_64-7.3.2-20220804-6354275  User: oesteban  Machine: dna032  Platform: Linux  PlatformVersion: 5.14.0-427.37.1.el9_4.x86_64  CompilerName: GCC  CompilerVersion: 8.4.0
ProgramName: mri_concatenate_lta  ProgramArguments: mri_concatenate_lta -all-info  ProgramVersion: 7.3.2  TimeStamp: 2026/03/14-11:45:19-GMT  BuildTime: Aug  4 2022 06:17:15  BuildStamp: freesurfer-linux-ubuntu22_x86_64-7.3.2-20220804-6354275  User: oesteban  Machine: dna032  Platform: Linux  PlatformVersion: 5.14.0-427.37.1.el9_4.x86_64  CompilerName: GCC  CompilerVersion: 8.4.0
mri_convert -all-info 
ProgramName: mri_convert  ProgramArguments: mri_convert -all-info  ProgramVersion: 7.3.2  TimeStamp: 2026/03/14-11:45:19-GMT  BuildTime: Aug  4 2022 06:17:15  BuildStamp: freesurfer-linux-ubuntu22_x86_64-7.3.2-20220804-6354275  User: oesteban  Machine: dna032  Platform: Linux  PlatformVersion: 5.14.0-427.37.1.el9_4.x86_64  CompilerName: GCC  CompilerVersion: 8.4.0
ProgramName: mri_diff  ProgramArguments: mri_diff -all-info  ProgramVersion: 7.3.2  TimeStamp: 2026/03/14-11:45:19-GMT  BuildTime: Aug  4 2022 06:17:15  BuildStamp: freesurfer-linux-ubuntu22_x86_64-7.3.2-20220804-6354275  User: oesteban  Machine: dna032  Platform: Linux  PlatformVersion: 5.14.0-427.37.1.el9_4.x86_64  CompilerName: GCC  CompilerVersion: 8.4.0
ProgramName: mri_edit_wm_with_aseg  ProgramArguments: mri_edit_wm_with_aseg -all-info  ProgramVersion: 7.3.2  TimeStamp: 2026/03/14-11:45:19-GMT  BuildTime: Aug  4 2022 06:17:15  BuildStamp: freesurfer-linux-ubuntu22_x86_64-7.3.2-20220804-6354275  User: oesteban  Machine: dna032  Platform: Linux  PlatformVersion: 5.14.0-427.37.1.el9_4.x86_64  CompilerName: GCC  CompilerVersion: 8.4.0
ProgramName: mri_em_register  ProgramArguments: mri_em_register -all-info  ProgramVersion: 7.3.2  TimeStamp: 2026/03/14-11:45:19-GMT  BuildTime: Aug  4 2022 06:17:15  BuildStamp: freesurfer-linux-ubuntu22_x86_64-7.3.2-20220804-6354275  User: oesteban  Machine: dna032  Platform: Linux  PlatformVersion: 5.14.0-427.37.1.el9_4.x86_64  CompilerName: GCC  CompilerVersion: 8.4.0
ProgramName: mri_fill  ProgramArguments: mri_fill -all-info  ProgramVersion: 7.3.2  TimeStamp: 2026/03/14-11:45:19-GMT  BuildTime: Aug  4 2022 06:17:15  BuildStamp: freesurfer-linux-ubuntu22_x86_64-7.3.2-20220804-6354275  User: oesteban  Machine: dna032  Platform: Linux  PlatformVersion: 5.14.0-427.37.1.el9_4.x86_64  CompilerName: GCC  CompilerVersion: 8.4.0
ProgramName: mri_fuse_segmentations  ProgramArguments: mri_fuse_segmentations -all-info  ProgramVersion: 7.3.2  TimeStamp: 2026/03/14-11:45:19-GMT  BuildTime: Aug  4 2022 06:17:15  BuildStamp: freesurfer-linux-ubuntu22_x86_64-7.3.2-20220804-6354275  User: oesteban  Machine: dna032  Platform: Linux  PlatformVersion: 5.14.0-427.37.1.el9_4.x86_64  CompilerName: GCC  CompilerVersion: 8.4.0
ProgramName: mri_fwhm  ProgramArguments: mri_fwhm -all-info  ProgramVersion: 7.3.2  TimeStamp: 2026/03/14-11:45:19-GMT  BuildTime: Aug  4 2022 06:17:15  BuildStamp: freesurfer-linux-ubuntu22_x86_64-7.3.2-20220804-6354275  User: oesteban  Machine: dna032  Platform: Linux  PlatformVersion: 5.14.0-427.37.1.el9_4.x86_64  CompilerName: GCC  CompilerVersion: 8.4.0
ProgramName: mri_gcut  ProgramArguments: mri_gcut -all-info  ProgramVersion: 7.3.2  TimeStamp: 2026/03/14-11:45:19-GMT  BuildTime: Aug  4 2022 06:17:15  BuildStamp: freesurfer-linux-ubuntu22_x86_64-7.3.2-20220804-6354275  User: oesteban  Machine: dna032  Platform: Linux  PlatformVersion: 5.14.0-427.37.1.el9_4.x86_64  CompilerName: GCC  CompilerVersion: 8.4.0
ProgramName: mri_info  ProgramArguments: mri_info -all-info  ProgramVersion: 7.3.2  TimeStamp: 2026/03/14-11:45:19-GMT  BuildTime: Aug  4 2022 06:17:15  BuildStamp: freesurfer-linux-ubuntu22_x86_64-7.3.2-20220804-6354275  User: oesteban  Machine: dna032  Platform: Linux  PlatformVersion: 5.14.0-427.37.1.el9_4.x86_64  CompilerName: GCC  CompilerVersion: 8.4.0
ProgramName: mri_label2label  ProgramArguments: mri_label2label -all-info  ProgramVersion: 7.3.2  TimeStamp: 2026/03/14-11:45:19-GMT  BuildTime: Aug  4 2022 06:17:15  BuildStamp: freesurfer-linux-ubuntu22_x86_64-7.3.2-20220804-6354275  User: oesteban  Machine: dna032  Platform: Linux  PlatformVersion: 5.14.0-427.37.1.el9_4.x86_64  CompilerName: GCC  CompilerVersion: 8.4.0
ProgramName: mri_label2vol  ProgramArguments: mri_label2vol -all-info  ProgramVersion: 7.3.2  TimeStamp: 2026/03/14-11:45:19-GMT  BuildTime: Aug  4 2022 06:17:15  BuildStamp: freesurfer-linux-ubuntu22_x86_64-7.3.2-20220804-6354275  User: oesteban  Machine: dna032  Platform: Linux  PlatformVersion: 5.14.0-427.37.1.el9_4.x86_64  CompilerName: GCC  CompilerVersion: 8.4.0
ProgramName: mri_log_likelihood  ProgramArguments: mri_log_likelihood -all-info  ProgramVersion: 7.3.2  TimeStamp: 2026/03/14-11:45:19-GMT  BuildTime: Aug  4 2022 06:17:15  BuildStamp: freesurfer-linux-ubuntu22_x86_64-7.3.2-20220804-6354275  User: oesteban  Machine: dna032  Platform: Linux  PlatformVersion: 5.14.0-427.37.1.el9_4.x86_64  CompilerName: GCC  CompilerVersion: 8.4.0
ProgramName: mri_mask  ProgramArguments: mri_mask -all-info  ProgramVersion: 7.3.2  TimeStamp: 2026/03/14-11:45:19-GMT  BuildTime: Aug  4 2022 06:17:15  BuildStamp: freesurfer-linux-ubuntu22_x86_64-7.3.2-20220804-6354275  User: oesteban  Machine: dna032  Platform: Linux  PlatformVersion: 5.14.0-427.37.1.el9_4.x86_64  CompilerName: GCC  CompilerVersion: 8.4.0
ProgramName: mri_matrix_multiply  ProgramArguments: mri_matrix_multiply -all-info  ProgramVersion: 7.3.2  TimeStamp: 2026/03/14-11:45:19-GMT  BuildTime: Aug  4 2022 06:17:15  BuildStamp: freesurfer-linux-ubuntu22_x86_64-7.3.2-20220804-6354275  User: oesteban  Machine: dna032  Platform: Linux  PlatformVersion: 5.14.0-427.37.1.el9_4.x86_64  CompilerName: GCC  CompilerVersion: 8.4.0
ProgramName: mri_normalize  ProgramArguments: mri_normalize -all-info  ProgramVersion: 7.3.2  TimeStamp: 2026/03/14-11:45:19-GMT  BuildTime: Aug  4 2022 06:17:15  BuildStamp: freesurfer-linux-ubuntu22_x86_64-7.3.2-20220804-6354275  User: oesteban  Machine: dna032  Platform: Linux  PlatformVersion: 5.14.0-427.37.1.el9_4.x86_64  CompilerName: GCC  CompilerVersion: 8.4.0
ProgramName: mri_normalize_tp2  ProgramArguments: mri_normalize_tp2 -all-info  ProgramVersion: 7.3.2  TimeStamp: 2026/03/14-11:45:19-GMT  BuildTime: Aug  4 2022 06:17:15  BuildStamp: freesurfer-linux-ubuntu22_x86_64-7.3.2-20220804-6354275  User: oesteban  Machine: dna032  Platform: Linux  PlatformVersion: 5.14.0-427.37.1.el9_4.x86_64  CompilerName: GCC  CompilerVersion: 8.4.0
ProgramName: mri_or  ProgramArguments: mri_or -all-info  ProgramVersion: 7.3.2  TimeStamp: 2026/03/14-11:45:19-GMT  BuildTime: Aug  4 2022 06:17:15  BuildStamp: freesurfer-linux-ubuntu22_x86_64-7.3.2-20220804-6354275  User: oesteban  Machine: dna032  Platform: Linux  PlatformVersion: 5.14.0-427.37.1.el9_4.x86_64  CompilerName: GCC  CompilerVersion: 8.4.0
ProgramName: mri_relabel_hypointensities  ProgramArguments: mri_relabel_hypointensities -all-info  ProgramVersion: 7.3.2  TimeStamp: 2026/03/14-11:45:19-GMT  BuildTime: Aug  4 2022 06:17:15  BuildStamp: freesurfer-linux-ubuntu22_x86_64-7.3.2-20220804-6354275  User: oesteban  Machine: dna032  Platform: Linux  PlatformVersion: 5.14.0-427.37.1.el9_4.x86_64  CompilerName: GCC  CompilerVersion: 8.4.0
ProgramName: mri_relabel_nonwm_hypos  ProgramArguments: mri_relabel_nonwm_hypos -all-info  ProgramVersion: 7.3.2  TimeStamp: 2026/03/14-11:45:19-GMT  BuildTime: Aug  4 2022 06:17:15  BuildStamp: freesurfer-linux-ubuntu22_x86_64-7.3.2-20220804-6354275  User: oesteban  Machine: dna032  Platform: Linux  PlatformVersion: 5.14.0-427.37.1.el9_4.x86_64  CompilerName: GCC  CompilerVersion: 8.4.0
ProgramName: mri_remove_neck  ProgramArguments: mri_remove_neck -all-info  ProgramVersion: 7.3.2  TimeStamp: 2026/03/14-11:45:19-GMT  BuildTime: Aug  4 2022 06:17:15  BuildStamp: freesurfer-linux-ubuntu22_x86_64-7.3.2-20220804-6354275  User: oesteban  Machine: dna032  Platform: Linux  PlatformVersion: 5.14.0-427.37.1.el9_4.x86_64  CompilerName: GCC  CompilerVersion: 8.4.0
7.3.2

ProgramName: mri_robust_register  ProgramArguments: mri_robust_register -all-info  ProgramVersion: 7.3.2  TimeStamp: 2026/03/14-11:45:19-GMT  BuildTime: Aug  4 2022 06:17:15  BuildStamp: freesurfer-linux-ubuntu22_x86_64-7.3.2-20220804-6354275  User: oesteban  Machine: dna032  Platform: Linux  PlatformVersion: 5.14.0-427.37.1.el9_4.x86_64  CompilerName: GCC  CompilerVersion: 8.4.0
7.3.2

ProgramName: mri_robust_template  ProgramArguments: mri_robust_template -all-info  ProgramVersion: 7.3.2  TimeStamp: 2026/03/14-11:45:19-GMT  BuildTime: Aug  4 2022 06:17:15  BuildStamp: freesurfer-linux-ubuntu22_x86_64-7.3.2-20220804-6354275  User: oesteban  Machine: dna032  Platform: Linux  PlatformVersion: 5.14.0-427.37.1.el9_4.x86_64  CompilerName: GCC  CompilerVersion: 8.4.0
ProgramName: mris_anatomical_stats  ProgramArguments: mris_anatomical_stats -all-info  ProgramVersion: 7.3.2  TimeStamp: 2026/03/14-11:45:19-GMT  BuildTime: Aug  4 2022 06:17:15  BuildStamp: freesurfer-linux-ubuntu22_x86_64-7.3.2-20220804-6354275  User: oesteban  Machine: dna032  Platform: Linux  PlatformVersion: 5.14.0-427.37.1.el9_4.x86_64  CompilerName: GCC  CompilerVersion: 8.4.0
ProgramName: mris_ca_label  ProgramArguments: mris_ca_label -all-info  ProgramVersion: 7.3.2  TimeStamp: 2026/03/14-11:45:19-GMT  BuildTime: Aug  4 2022 06:17:15  BuildStamp: freesurfer-linux-ubuntu22_x86_64-7.3.2-20220804-6354275  User: oesteban  Machine: dna032  Platform: Linux  PlatformVersion: 5.14.0-427.37.1.el9_4.x86_64  CompilerName: GCC  CompilerVersion: 8.4.0
ProgramName: mris_calc  ProgramArguments: mris_calc -all-info  ProgramVersion: 7.3.2  TimeStamp: 2026/03/14-11:45:19-GMT  BuildTime: Aug  4 2022 06:17:15  BuildStamp: freesurfer-linux-ubuntu22_x86_64-7.3.2-20220804-6354275  User: oesteban  Machine: dna032  Platform: Linux  PlatformVersion: 5.14.0-427.37.1.el9_4.x86_64  CompilerName: GCC  CompilerVersion: 8.4.0
ProgramName: mris_convert  ProgramArguments: mris_convert -all-info  ProgramVersion: 7.3.2  TimeStamp: 2026/03/14-11:45:19-GMT  BuildTime: Aug  4 2022 06:17:15  BuildStamp: freesurfer-linux-ubuntu22_x86_64-7.3.2-20220804-6354275  User: oesteban  Machine: dna032  Platform: Linux  PlatformVersion: 5.14.0-427.37.1.el9_4.x86_64  CompilerName: GCC  CompilerVersion: 8.4.0
ProgramName: mris_curvature  ProgramArguments: mris_curvature -all-info  ProgramVersion: 7.3.2  TimeStamp: 2026/03/14-11:45:19-GMT  BuildTime: Aug  4 2022 06:17:15  BuildStamp: freesurfer-linux-ubuntu22_x86_64-7.3.2-20220804-6354275  User: oesteban  Machine: dna032  Platform: Linux  PlatformVersion: 5.14.0-427.37.1.el9_4.x86_64  CompilerName: GCC  CompilerVersion: 8.4.0
ProgramName: mris_curvature_stats  ProgramArguments: mris_curvature_stats -all-info  ProgramVersion: 7.3.2  TimeStamp: 2026/03/14-11:45:19-GMT  BuildTime: Aug  4 2022 06:17:15  BuildStamp: freesurfer-linux-ubuntu22_x86_64-7.3.2-20220804-6354275  User: oesteban  Machine: dna032  Platform: Linux  PlatformVersion: 5.14.0-427.37.1.el9_4.x86_64  CompilerName: GCC  CompilerVersion: 8.4.0
ProgramName: mris_diff  ProgramArguments: mris_diff -all-info  ProgramVersion: 7.3.2  TimeStamp: 2026/03/14-11:45:19-GMT  BuildTime: Aug  4 2022 06:17:15  BuildStamp: freesurfer-linux-ubuntu22_x86_64-7.3.2-20220804-6354275  User: oesteban  Machine: dna032  Platform: Linux  PlatformVersion: 5.14.0-427.37.1.el9_4.x86_64  CompilerName: GCC  CompilerVersion: 8.4.0
ProgramName: mris_divide_parcellation  ProgramArguments: mris_divide_parcellation -all-info  ProgramVersion: 7.3.2  TimeStamp: 2026/03/14-11:45:19-GMT  BuildTime: Aug  4 2022 06:17:15  BuildStamp: freesurfer-linux-ubuntu22_x86_64-7.3.2-20220804-6354275  User: oesteban  Machine: dna032  Platform: Linux  PlatformVersion: 5.14.0-427.37.1.el9_4.x86_64  CompilerName: GCC  CompilerVersion: 8.4.0
ProgramName: mri_segment  ProgramArguments: mri_segment -all-info  ProgramVersion: 7.3.2  TimeStamp: 2026/03/14-11:45:19-GMT  BuildTime: Aug  4 2022 06:17:15  BuildStamp: freesurfer-linux-ubuntu22_x86_64-7.3.2-20220804-6354275  User: oesteban  Machine: dna032  Platform: Linux  PlatformVersion: 5.14.0-427.37.1.el9_4.x86_64  CompilerName: GCC  CompilerVersion: 8.4.0
ProgramName: mri_segstats  ProgramArguments: mri_segstats -all-info  ProgramVersion: 7.3.2  TimeStamp: 2026/03/14-11:45:19-GMT  BuildTime: Aug  4 2022 06:17:15  BuildStamp: freesurfer-linux-ubuntu22_x86_64-7.3.2-20220804-6354275  User: oesteban  Machine: dna032  Platform: Linux  PlatformVersion: 5.14.0-427.37.1.el9_4.x86_64  CompilerName: GCC  CompilerVersion: 8.4.0
ProgramName: mris_euler_number  ProgramArguments: mris_euler_number -all-info  ProgramVersion: 7.3.2  TimeStamp: 2026/03/14-11:45:19-GMT  BuildTime: Aug  4 2022 06:17:15  BuildStamp: freesurfer-linux-ubuntu22_x86_64-7.3.2-20220804-6354275  User: oesteban  Machine: dna032  Platform: Linux  PlatformVersion: 5.14.0-427.37.1.el9_4.x86_64  CompilerName: GCC  CompilerVersion: 8.4.0
ProgramName: mris_fix_topology  ProgramArguments: mris_fix_topology -all-info  ProgramVersion: 7.3.2  TimeStamp: 2026/03/14-11:45:19-GMT  BuildTime: Aug  4 2022 06:17:15  BuildStamp: freesurfer-linux-ubuntu22_x86_64-7.3.2-20220804-6354275  User: oesteban  Machine: dna032  Platform: Linux  PlatformVersion: 5.14.0-427.37.1.el9_4.x86_64  CompilerName: GCC  CompilerVersion: 8.4.0
ProgramName: mris_topo_fixer  ProgramArguments: mris_topo_fixer -all-info  ProgramVersion: 7.3.2  TimeStamp: 2026/03/14-11:45:19-GMT  BuildTime: Aug  4 2022 06:17:15  BuildStamp: freesurfer-linux-ubuntu22_x86_64-7.3.2-20220804-6354275  User: oesteban  Machine: dna032  Platform: Linux  PlatformVersion: 5.14.0-427.37.1.el9_4.x86_64  CompilerName: GCC  CompilerVersion: 8.4.0
ProgramName: mris_jacobian  ProgramArguments: mris_jacobian -all-info  ProgramVersion: 7.3.2  TimeStamp: 2026/03/14-11:45:19-GMT  BuildTime: Aug  4 2022 06:17:15  BuildStamp: freesurfer-linux-ubuntu22_x86_64-7.3.2-20220804-6354275  User: oesteban  Machine: dna032  Platform: Linux  PlatformVersion: 5.14.0-427.37.1.el9_4.x86_64  CompilerName: GCC  CompilerVersion: 8.4.0
ProgramName: mris_label2annot  ProgramArguments: mris_label2annot -all-info  ProgramVersion: 7.3.2  TimeStamp: 2026/03/14-11:45:19-GMT  BuildTime: Aug  4 2022 06:17:15  BuildStamp: freesurfer-linux-ubuntu22_x86_64-7.3.2-20220804-6354275  User: oesteban  Machine: dna032  Platform: Linux  PlatformVersion: 5.14.0-427.37.1.el9_4.x86_64  CompilerName: GCC  CompilerVersion: 8.4.0
ProgramName: mris_left_right_register  ProgramArguments: mris_left_right_register -all-info  ProgramVersion: 7.3.2  TimeStamp: 2026/03/14-11:45:19-GMT  BuildTime: Aug  4 2022 06:17:15  BuildStamp: freesurfer-linux-ubuntu22_x86_64-7.3.2-20220804-6354275  User: oesteban  Machine: dna032  Platform: Linux  PlatformVersion: 5.14.0-427.37.1.el9_4.x86_64  CompilerName: GCC  CompilerVersion: 8.4.0
ProgramName: mris_place_surface  ProgramArguments: mris_place_surface -all-info  ProgramVersion: 7.3.2  TimeStamp: 2026/03/14-11:45:19-GMT  BuildTime: Aug  4 2022 06:17:15  BuildStamp: freesurfer-linux-ubuntu22_x86_64-7.3.2-20220804-6354275  User: oesteban  Machine: dna032  Platform: Linux  PlatformVersion: 5.14.0-427.37.1.el9_4.x86_64  CompilerName: GCC  CompilerVersion: 8.4.0
ProgramName: mrisp_paint  ProgramArguments: mrisp_paint -all-info  ProgramVersion: 7.3.2  TimeStamp: 2026/03/14-11:45:19-GMT  BuildTime: Aug  4 2022 06:17:15  BuildStamp: freesurfer-linux-ubuntu22_x86_64-7.3.2-20220804-6354275  User: oesteban  Machine: dna032  Platform: Linux  PlatformVersion: 5.14.0-427.37.1.el9_4.x86_64  CompilerName: GCC  CompilerVersion: 8.4.0
ProgramName: mris_register  ProgramArguments: mris_register -all-info  ProgramVersion: 7.3.2  TimeStamp: 2026/03/14-11:45:19-GMT  BuildTime: Aug  4 2022 06:17:15  BuildStamp: freesurfer-linux-ubuntu22_x86_64-7.3.2-20220804-6354275  User: oesteban  Machine: dna032  Platform: Linux  PlatformVersion: 5.14.0-427.37.1.el9_4.x86_64  CompilerName: GCC  CompilerVersion: 8.4.0
ProgramName: mris_smooth  ProgramArguments: mris_smooth -all-info  ProgramVersion: 7.3.2  TimeStamp: 2026/03/14-11:45:19-GMT  BuildTime: Aug  4 2022 06:17:15  BuildStamp: freesurfer-linux-ubuntu22_x86_64-7.3.2-20220804-6354275  User: oesteban  Machine: dna032  Platform: Linux  PlatformVersion: 5.14.0-427.37.1.el9_4.x86_64  CompilerName: GCC  CompilerVersion: 8.4.0
ProgramName: mris_sphere  ProgramArguments: mris_sphere -all-info  ProgramVersion: 7.3.2  TimeStamp: 2026/03/14-11:45:19-GMT  BuildTime: Aug  4 2022 06:17:15  BuildStamp: freesurfer-linux-ubuntu22_x86_64-7.3.2-20220804-6354275  User: oesteban  Machine: dna032  Platform: Linux  PlatformVersion: 5.14.0-427.37.1.el9_4.x86_64  CompilerName: GCC  CompilerVersion: 8.4.0
ProgramName: mris_surface_stats  ProgramArguments: mris_surface_stats -all-info  ProgramVersion: 7.3.2  TimeStamp: 2026/03/14-11:45:19-GMT  BuildTime: Aug  4 2022 06:17:15  BuildStamp: freesurfer-linux-ubuntu22_x86_64-7.3.2-20220804-6354275  User: oesteban  Machine: dna032  Platform: Linux  PlatformVersion: 5.14.0-427.37.1.el9_4.x86_64  CompilerName: GCC  CompilerVersion: 8.4.0
ProgramName: mri_stats2seg  ProgramArguments: mri_stats2seg -all-info  ProgramVersion: 7.3.2  TimeStamp: 2026/03/14-11:45:19-GMT  BuildTime: Aug  4 2022 06:17:15  BuildStamp: freesurfer-linux-ubuntu22_x86_64-7.3.2-20220804-6354275  User: oesteban  Machine: dna032  Platform: Linux  PlatformVersion: 5.14.0-427.37.1.el9_4.x86_64  CompilerName: GCC  CompilerVersion: 8.4.0
ProgramName: mris_thickness  ProgramArguments: mris_thickness -all-info  ProgramVersion: 7.3.2  TimeStamp: 2026/03/14-11:45:19-GMT  BuildTime: Aug  4 2022 06:17:15  BuildStamp: freesurfer-linux-ubuntu22_x86_64-7.3.2-20220804-6354275  User: oesteban  Machine: dna032  Platform: Linux  PlatformVersion: 5.14.0-427.37.1.el9_4.x86_64  CompilerName: GCC  CompilerVersion: 8.4.0
ProgramName: mris_thickness_diff  ProgramArguments: mris_thickness_diff -all-info  ProgramVersion: 7.3.2  TimeStamp: 2026/03/14-11:45:19-GMT  BuildTime: Aug  4 2022 06:17:15  BuildStamp: freesurfer-linux-ubuntu22_x86_64-7.3.2-20220804-6354275  User: oesteban  Machine: dna032  Platform: Linux  PlatformVersion: 5.14.0-427.37.1.el9_4.x86_64  CompilerName: GCC  CompilerVersion: 8.4.0
ProgramName: mris_topo_fixer  ProgramArguments: mris_topo_fixer -all-info  ProgramVersion: 7.3.2  TimeStamp: 2026/03/14-11:45:19-GMT  BuildTime: Aug  4 2022 06:17:15  BuildStamp: freesurfer-linux-ubuntu22_x86_64-7.3.2-20220804-6354275  User: oesteban  Machine: dna032  Platform: Linux  PlatformVersion: 5.14.0-427.37.1.el9_4.x86_64  CompilerName: GCC  CompilerVersion: 8.4.0
ProgramName: mri_surf2surf  ProgramArguments: mri_surf2surf -all-info  ProgramVersion: 7.3.2  TimeStamp: 2026/03/14-11:45:19-GMT  BuildTime: Aug  4 2022 06:17:15  BuildStamp: freesurfer-linux-ubuntu22_x86_64-7.3.2-20220804-6354275  User: oesteban  Machine: dna032  Platform: Linux  PlatformVersion: 5.14.0-427.37.1.el9_4.x86_64  CompilerName: GCC  CompilerVersion: 8.4.0
ProgramName: mri_surf2vol  ProgramArguments: mri_surf2vol -all-info  ProgramVersion: 7.3.2  TimeStamp: 2026/03/14-11:45:19-GMT  BuildTime: Aug  4 2022 06:17:15  BuildStamp: freesurfer-linux-ubuntu22_x86_64-7.3.2-20220804-6354275  User: oesteban  Machine: dna032  Platform: Linux  PlatformVersion: 5.14.0-427.37.1.el9_4.x86_64  CompilerName: GCC  CompilerVersion: 8.4.0
ProgramName: mri_surfcluster  ProgramArguments: mri_surfcluster -all-info  ProgramVersion: 7.3.2  TimeStamp: 2026/03/14-11:45:19-GMT  BuildTime: Aug  4 2022 06:17:15  BuildStamp: freesurfer-linux-ubuntu22_x86_64-7.3.2-20220804-6354275  User: oesteban  Machine: dna032  Platform: Linux  PlatformVersion: 5.14.0-427.37.1.el9_4.x86_64  CompilerName: GCC  CompilerVersion: 8.4.0
ProgramName: mris_volmask  ProgramArguments: mris_volmask -all-info  ProgramVersion: 7.3.2  TimeStamp: 2026/03/14-11:45:19-GMT  BuildTime: Aug  4 2022 06:17:15  BuildStamp: freesurfer-linux-ubuntu22_x86_64-7.3.2-20220804-6354275  User: oesteban  Machine: dna032  Platform: Linux  PlatformVersion: 5.14.0-427.37.1.el9_4.x86_64  CompilerName: GCC  CompilerVersion: 8.4.0
ProgramName: mri_tessellate  ProgramArguments: mri_tessellate -all-info  ProgramVersion: 7.3.2  TimeStamp: 2026/03/14-11:45:19-GMT  BuildTime: Aug  4 2022 06:17:15  BuildStamp: freesurfer-linux-ubuntu22_x86_64-7.3.2-20220804-6354275  User: oesteban  Machine: dna032  Platform: Linux  PlatformVersion: 5.14.0-427.37.1.el9_4.x86_64  CompilerName: GCC  CompilerVersion: 8.4.0
ProgramName: mri_vol2surf  ProgramArguments: mri_vol2surf -all-info  ProgramVersion: 7.3.2  TimeStamp: 2026/03/14-11:45:19-GMT  BuildTime: Aug  4 2022 06:17:15  BuildStamp: freesurfer-linux-ubuntu22_x86_64-7.3.2-20220804-6354275  User: oesteban  Machine: dna032  Platform: Linux  PlatformVersion: 5.14.0-427.37.1.el9_4.x86_64  CompilerName: GCC  CompilerVersion: 8.4.0
ProgramName: mri_vol2vol  ProgramArguments: mri_vol2vol -all-info  ProgramVersion: 7.3.2  TimeStamp: 2026/03/14-11:45:19-GMT  BuildTime: Aug  4 2022 06:17:15  BuildStamp: freesurfer-linux-ubuntu22_x86_64-7.3.2-20220804-6354275  User: oesteban  Machine: dna032  Platform: Linux  PlatformVersion: 5.14.0-427.37.1.el9_4.x86_64  CompilerName: GCC  CompilerVersion: 8.4.0
ProgramName: mri_voldiff  ProgramArguments: mri_voldiff -all-info  ProgramVersion: 7.3.2  TimeStamp: 2026/03/14-11:45:19-GMT  BuildTime: Aug  4 2022 06:17:15  BuildStamp: freesurfer-linux-ubuntu22_x86_64-7.3.2-20220804-6354275  User: oesteban  Machine: dna032  Platform: Linux  PlatformVersion: 5.14.0-427.37.1.el9_4.x86_64  CompilerName: GCC  CompilerVersion: 8.4.0
ProgramName: mri_watershed  ProgramArguments: mri_watershed -all-info  ProgramVersion: 7.3.2  TimeStamp: 2026/03/14-11:45:19-GMT  BuildTime: Aug  4 2022 06:17:15  BuildStamp: freesurfer-linux-ubuntu22_x86_64-7.3.2-20220804-6354275  User: oesteban  Machine: dna032  Platform: Linux  PlatformVersion: 5.14.0-427.37.1.el9_4.x86_64  CompilerName: GCC  CompilerVersion: 8.4.0
ProgramName: tkregister2  ProgramArguments: tkregister2_cmdl -all-info  ProgramVersion: 7.3.2  TimeStamp: 2026/03/14-11:45:19-GMT  BuildTime: Aug  4 2022 06:17:15  BuildStamp: freesurfer-linux-ubuntu22_x86_64-7.3.2-20220804-6354275  User: oesteban  Machine: dna032  Platform: Linux  PlatformVersion: 5.14.0-427.37.1.el9_4.x86_64  CompilerName: GCC  CompilerVersion: 8.4.0
mri_motion_correct.fsl 7.3.2
mri_convert -all-info 
ProgramName: mri_convert  ProgramArguments: mri_convert -all-info  ProgramVersion: 7.3.2  TimeStamp: 2026/03/14-11:45:19-GMT  BuildTime: Aug  4 2022 06:17:15  BuildStamp: freesurfer-linux-ubuntu22_x86_64-7.3.2-20220804-6354275  User: oesteban  Machine: dna032  Platform: Linux  PlatformVersion: 5.14.0-427.37.1.el9_4.x86_64  CompilerName: GCC  CompilerVersion: 8.4.0
Program nu_correct, built from:
Package MNI N3, version 1.12.0, compiled by nicks@terrier (x86_64-unknown-linux-gnu) on 2015-06-19 at 01:25:34
#######################################
GCADIR /opt/freesurfer/average
GCA RB_all_2020-01-02.gca
GCASkull RB_all_withskull_2020_01_02.gca
AvgCurvTif folding.atlas.acfb40.noaparc.i12.2016-08-02.tif
GCSDIR /opt/freesurfer/average
GCS DKaparc.atlas.acfb40.noaparc.i12.2016-08-02.gcs
#######################################
#--------------------------------------------
#@# WhiteSurfs lh Sat Mar 14 12:45:19 CET 2026
cd /out/sourcedata/freesurfer/sub-v2s9x29150_ses-1/mri
mris_place_surface --adgws-in ../surf/autodet.gw.stats.lh.dat --seg aseg.presurf.mgz --threads 16 --wm wm.mgz --invol brain.finalsurfs.mgz --lh --i ../surf/lh.white.preaparc --o ../surf/lh.white --white --nsmooth 0 --rip-label ../label/lh.cortex.label --rip-bg --rip-surf ../surf/lh.white.preaparc --aparc ../label/lh.aparc.annot
   Update not needed
#--------------------------------------------
#@# WhiteSurfs rh Sat Mar 14 12:45:19 CET 2026
cd /out/sourcedata/freesurfer/sub-v2s9x29150_ses-1/mri
mris_place_surface --adgws-in ../surf/autodet.gw.stats.rh.dat --seg aseg.presurf.mgz --threads 16 --wm wm.mgz --invol brain.finalsurfs.mgz --rh --i ../surf/rh.white.preaparc --o ../surf/rh.white --white --nsmooth 0 --rip-label ../label/rh.cortex.label --rip-bg --rip-surf ../surf/rh.white.preaparc --aparc ../label/rh.aparc.annot
   Update not needed
#@# white curv lh Sat Mar 14 12:45:19 CET 2026
cd /out/sourcedata/freesurfer/sub-v2s9x29150_ses-1/mri
mris_place_surface --curv-map ../surf/lh.white 2 10 ../surf/lh.curv
   Update not needed
#@# white area lh Sat Mar 14 12:45:19 CET 2026
cd /out/sourcedata/freesurfer/sub-v2s9x29150_ses-1/mri
mris_place_surface --area-map ../surf/lh.white ../surf/lh.area
   Update not needed
#@# pial curv lh Sat Mar 14 12:45:19 CET 2026
cd /out/sourcedata/freesurfer/sub-v2s9x29150_ses-1/mri
mris_place_surface --curv-map ../surf/lh.pial 2 10 ../surf/lh.curv.pial
   Update not needed
#@# pial area lh Sat Mar 14 12:45:19 CET 2026
cd /out/sourcedata/freesurfer/sub-v2s9x29150_ses-1/mri
mris_place_surface --area-map ../surf/lh.pial ../surf/lh.area.pial
   Update not needed
#@# thickness lh Sat Mar 14 12:45:19 CET 2026
cd /out/sourcedata/freesurfer/sub-v2s9x29150_ses-1/mri
mris_place_surface --thickness ../surf/lh.white ../surf/lh.pial 20 5 ../surf/lh.thickness
   Update not needed
#@# area and vertex vol lh Sat Mar 14 12:45:19 CET 2026
cd /out/sourcedata/freesurfer/sub-v2s9x29150_ses-1/mri
mris_place_surface --thickness ../surf/lh.white ../surf/lh.pial 20 5 ../surf/lh.thickness
   Update not needed
#@# white curv rh Sat Mar 14 12:45:19 CET 2026
cd /out/sourcedata/freesurfer/sub-v2s9x29150_ses-1/mri
mris_place_surface --curv-map ../surf/rh.white 2 10 ../surf/rh.curv
   Update not needed
#@# white area rh Sat Mar 14 12:45:19 CET 2026
cd /out/sourcedata/freesurfer/sub-v2s9x29150_ses-1/mri
mris_place_surface --area-map ../surf/rh.white ../surf/rh.area
   Update not needed
#@# pial curv rh Sat Mar 14 12:45:19 CET 2026
cd /out/sourcedata/freesurfer/sub-v2s9x29150_ses-1/mri
mris_place_surface --curv-map ../surf/rh.pial 2 10 ../surf/rh.curv.pial
   Update not needed
#@# pial area rh Sat Mar 14 12:45:19 CET 2026
cd /out/sourcedata/freesurfer/sub-v2s9x29150_ses-1/mri
mris_place_surface --area-map ../surf/rh.pial ../surf/rh.area.pial
   Update not needed
#@# thickness rh Sat Mar 14 12:45:19 CET 2026
cd /out/sourcedata/freesurfer/sub-v2s9x29150_ses-1/mri
mris_place_surface --thickness ../surf/rh.white ../surf/rh.pial 20 5 ../surf/rh.thickness
   Update not needed
#@# area and vertex vol rh Sat Mar 14 12:45:20 CET 2026
cd /out/sourcedata/freesurfer/sub-v2s9x29150_ses-1/mri
mris_place_surface --thickness ../surf/rh.white ../surf/rh.pial 20 5 ../surf/rh.thickness
   Update not needed

#-----------------------------------------
#@# Curvature Stats lh Sat Mar 14 12:45:20 CET 2026
/out/sourcedata/freesurfer/sub-v2s9x29150_ses-1/surf

 mris_curvature_stats -m --writeCurvatureFiles -G -o ../stats/lh.curv.stats -F smoothwm sub-v2s9x29150_ses-1 lh curv sulc 

             Toggling save flag on curvature files                       [ ok ]
                 Outputting results using filestem   [ ../stats/lh.curv.stats ]
             Toggling save flag on curvature files                       [ ok ]
                                   Setting surface [ sub-v2s9x29150_ses-1/lh.smoothwm ]
                                Reading surface...                       [ ok ]
                                   Setting texture                     [ curv ]
                                Reading texture...                       [ ok ]
                                   Setting texture                     [ sulc ]
                                Reading texture...Gb_filter = 0
                       [ ok ]
      Calculating Discrete Principal Curvatures...
      Determining geometric order for vno faces... [####################] [ ok ]
                      Determining KH curvatures... [####################] [ ok ]
                    Determining k1k2 curvatures... [####################] [ ok ]
                                   deltaViolations                      [ 234 ]
Gb_filter = 0

WARN:    S lookup   min:                          -0.015622
WARN:    S explicit min:                          0.000000	vertex = 253

#-----------------------------------------
#@# Curvature Stats rh Sat Mar 14 12:45:21 CET 2026
/out/sourcedata/freesurfer/sub-v2s9x29150_ses-1/surf

 mris_curvature_stats -m --writeCurvatureFiles -G -o ../stats/rh.curv.stats -F smoothwm sub-v2s9x29150_ses-1 rh curv sulc 

             Toggling save flag on curvature files                       [ ok ]
                 Outputting results using filestem   [ ../stats/rh.curv.stats ]
             Toggling save flag on curvature files                       [ ok ]
                                   Setting surface [ sub-v2s9x29150_ses-1/rh.smoothwm ]
                                Reading surface...                       [ ok ]
                                   Setting texture                     [ curv ]
                                Reading texture...                       [ ok ]
                                   Setting texture                     [ sulc ]
                                Reading texture...Gb_filter = 0
                       [ ok ]
      Calculating Discrete Principal Curvatures...
      Determining geometric order for vno faces... [####################] [ ok ]
                      Determining KH curvatures... [####################] [ ok ]
                    Determining k1k2 curvatures... [####################] [ ok ]
                                   deltaViolations                      [ 214 ]
Gb_filter = 0

WARN:    S lookup   min:                          -0.132978
WARN:    S explicit min:                          0.000000	vertex = 386
#-----------------------------------------
#@# Relabel Hypointensities Sat Mar 14 12:45:23 CET 2026
/out/sourcedata/freesurfer/sub-v2s9x29150_ses-1/mri

 mri_relabel_hypointensities aseg.presurf.mgz ../surf aseg.presurf.hypos.mgz 

reading input surface ../surf/lh.white...
relabeling lh hypointensities...
2535 voxels changed to hypointensity...
reading input surface ../surf/rh.white...
relabeling rh hypointensities...
1670 voxels changed to hypointensity...
4323 hypointense voxels neighboring cortex changed
#-----------------------------------------
#@# APas-to-ASeg Sat Mar 14 12:45:37 CET 2026
/out/sourcedata/freesurfer/sub-v2s9x29150_ses-1/mri

 mri_surf2volseg --o aseg.mgz --i aseg.presurf.hypos.mgz --fix-presurf-with-ribbon /out/sourcedata/freesurfer/sub-v2s9x29150_ses-1/mri/ribbon.mgz --threads 16 --lh-cortex-mask /out/sourcedata/freesurfer/sub-v2s9x29150_ses-1/label/lh.cortex.label --lh-white /out/sourcedata/freesurfer/sub-v2s9x29150_ses-1/surf/lh.white --lh-pial /out/sourcedata/freesurfer/sub-v2s9x29150_ses-1/surf/lh.pial --rh-cortex-mask /out/sourcedata/freesurfer/sub-v2s9x29150_ses-1/label/rh.cortex.label --rh-white /out/sourcedata/freesurfer/sub-v2s9x29150_ses-1/surf/rh.white --rh-pial /out/sourcedata/freesurfer/sub-v2s9x29150_ses-1/surf/rh.pial 

SUBJECTS_DIR /out/sourcedata/freesurfer
outvol aseg.mgz
16 avail.processors, using 16
Loading aseg.presurf.hypos.mgz
Loading /out/sourcedata/freesurfer/sub-v2s9x29150_ses-1/mri/ribbon.mgz
Loading /out/sourcedata/freesurfer/sub-v2s9x29150_ses-1/surf/lh.white
Loading /out/sourcedata/freesurfer/sub-v2s9x29150_ses-1/surf/lh.pial
Loading /out/sourcedata/freesurfer/sub-v2s9x29150_ses-1/label/lh.cortex.label
Loading /out/sourcedata/freesurfer/sub-v2s9x29150_ses-1/surf/rh.white
Loading /out/sourcedata/freesurfer/sub-v2s9x29150_ses-1/surf/rh.pial
Loading /out/sourcedata/freesurfer/sub-v2s9x29150_ses-1/label/rh.cortex.label
Done loading
 48 208  16 112 224  80 144 128  96  64  32 160 176   0 192 240  33  17 193   1 209 225  49 241  65  34  18   2 226 210 194  50 242 177  81 161  97  35   3 227 211 195  19 
243  66  51  36   4 228 212 196 244 145  20 178  52  67 113  37   5 229 213  82 197 245  21  53  38   6 230 214  98 198 162 246  22  68 179 
 54  39 
231 215 199 
247  23   7 146  83  55  40 232 216  69 200 248  24   8 129 180  56  41 233 217 201 249  25   9  99 
 70  42 234 218 202 250  26 163  57 147  10  43 235 219 
251 203  27  84 181  71  11  44  58 252 236 220  28 204  45  12 253  29 237 221 205 100 148  59 
182 130  72 114  46  13 254  30 238 222 206 164  85  14  47  31 255 239 
223 207  60  15 149 183 101  73  61 165  86 131 184  62 150  74 185 102  63 115 166 132 186  87 151  75 187 103 133 167 188 152  76  88 189 116 153 190 104  77 168 134 191  89 154 169  78 105 135 117 170  90  79 
155 106 136 171  91 156 172 118 107 137  92 157 173 108  93 138 174 158 119 
175  94 139 
159 
109  95 140 110 120 141 111 142 121 143 122 123 124 125 126 127 
nrelabeled = 134141
ndotcheck = 0
Starting Surf2VolSeg free
free done
#VMPC# mri_surf2volseg VmPeak  1848128
mri_surf2volseg done

 mri_brainvol_stats sub-v2s9x29150_ses-1 

ComputeBrainVolumeStats2 VoxelVol=1, KeepCSF=1
  #CBVS2 MaskVol              1322061.0
  #CBVS2 BrainSegVol          1050082.0
  #CBVS2 BrainSegVolNotVent   1032341.0
  #CBVS2 SupraTentVol          927987.0
  #CBVS2 SupraTentVolNotVent   910246.0
  #CBVS2 lhCtxGM               262661.0
  #CBVS2 rhCtxGM               262550.9
  #CBVS2 lhCerebralWM          170164.0
  #CBVS2 rhCerebralWM          165671.0
  #CBVS2 SubCortGMVol           49784.0
  #CBVS2 CerebellumVol         122095.0
  #CBVS2 CerebellumGMVol       102165.0
  #CBVS2 VentChorVol            13309.0
  #CBVS2 3rd4th5thCSF            4432.0
  #CBVS2 AllCSF                 17741.0
  #CBVS2 CCVol                   3024.0
#-----------------------------------------
#@# AParc-to-ASeg aparc Sat Mar 14 12:45:43 CET 2026
/out/sourcedata/freesurfer/sub-v2s9x29150_ses-1/mri

 mri_surf2volseg --o aparc+aseg.mgz --label-cortex --i aseg.mgz --threads 16 --lh-annot /out/sourcedata/freesurfer/sub-v2s9x29150_ses-1/label/lh.aparc.annot 1000 --lh-cortex-mask /out/sourcedata/freesurfer/sub-v2s9x29150_ses-1/label/lh.cortex.label --lh-white /out/sourcedata/freesurfer/sub-v2s9x29150_ses-1/surf/lh.white --lh-pial /out/sourcedata/freesurfer/sub-v2s9x29150_ses-1/surf/lh.pial --rh-annot /out/sourcedata/freesurfer/sub-v2s9x29150_ses-1/label/rh.aparc.annot 2000 --rh-cortex-mask /out/sourcedata/freesurfer/sub-v2s9x29150_ses-1/label/rh.cortex.label --rh-white /out/sourcedata/freesurfer/sub-v2s9x29150_ses-1/surf/rh.white --rh-pial /out/sourcedata/freesurfer/sub-v2s9x29150_ses-1/surf/rh.pial 

SUBJECTS_DIR /out/sourcedata/freesurfer
outvol aparc+aseg.mgz
16 avail.processors, using 16
Loading aseg.mgz
Loading /out/sourcedata/freesurfer/sub-v2s9x29150_ses-1/surf/lh.white
Loading /out/sourcedata/freesurfer/sub-v2s9x29150_ses-1/surf/lh.pial
Loading /out/sourcedata/freesurfer/sub-v2s9x29150_ses-1/label/lh.cortex.label
Ripping lh vertices labeled not in lh.cortex.label
  ripped 7460 vertices from lh hemi
Loading /out/sourcedata/freesurfer/sub-v2s9x29150_ses-1/label/lh.aparc.annot
Loading /out/sourcedata/freesurfer/sub-v2s9x29150_ses-1/surf/rh.white
Loading /out/sourcedata/freesurfer/sub-v2s9x29150_ses-1/surf/rh.pial
Loading /out/sourcedata/freesurfer/sub-v2s9x29150_ses-1/label/rh.cortex.label
Ripping rh vertices labeled not in rh.cortex.label
  ripped 7195 vertices from rh hemi
Loading /out/sourcedata/freesurfer/sub-v2s9x29150_ses-1/label/rh.aparc.annot
Done loading
128 192  32  48 144 224  80  96  64 208   0 160 176 240 112  16  49 241   1 193  17  33 225 209  50 242  34 194 226  18 210   2  51 243  35 195 227 211  19 
  3  52  36 244 196 228 212  20   4  53 245  37 197 229 213  21   5  54 246  38  22 198 230 214   6  55 247 231  39 
215 199 
 23   7 248 232  40  56 216 200  24   8 249 233  41 217 201  25   9 250  42 234 218 202  26  10 251  43 235 219 
203  27  11 252 236  44 220 204  28  12 253 237  45 221 205  29  13  57 254 238  46 222 206  30  14 239 
255  47 223 207  31  15  58  59 
 65  60 177 113  97 145 129  61 161 178  66  62  81  98 114 146  63 179 
130  67  99 
180 162 115  82 147  68 181 131 100 182 116 163  69 132 148 183 101  83 184 185  70 117 133 102 186 149 187 188 189 190 191 164  84 134 103 118  71 150 104  85 165 119 
135  72 151 105 120 136  86 106 152 166  73 121 137 107 153  87 138 122 108 167  74 139 
109 123  88 154 110 140 168  75 111 124 141 155 142  89 125 169  76 143 156 126  90  77 170 157 127  78  91 171 158  79 
159 
 92 172  93 173  94 174  95 175 
nrelabeled = 524627
ndotcheck = 36484
Starting Surf2VolSeg free
free done
#VMPC# mri_surf2volseg VmPeak  1832172
mri_surf2volseg done
#-----------------------------------------
#@# AParc-to-ASeg aparc.a2009s Sat Mar 14 12:46:09 CET 2026
/out/sourcedata/freesurfer/sub-v2s9x29150_ses-1/mri

 mri_surf2volseg --o aparc.a2009s+aseg.mgz --label-cortex --i aseg.mgz --threads 16 --lh-annot /out/sourcedata/freesurfer/sub-v2s9x29150_ses-1/label/lh.aparc.a2009s.annot 11100 --lh-cortex-mask /out/sourcedata/freesurfer/sub-v2s9x29150_ses-1/label/lh.cortex.label --lh-white /out/sourcedata/freesurfer/sub-v2s9x29150_ses-1/surf/lh.white --lh-pial /out/sourcedata/freesurfer/sub-v2s9x29150_ses-1/surf/lh.pial --rh-annot /out/sourcedata/freesurfer/sub-v2s9x29150_ses-1/label/rh.aparc.a2009s.annot 12100 --rh-cortex-mask /out/sourcedata/freesurfer/sub-v2s9x29150_ses-1/label/rh.cortex.label --rh-white /out/sourcedata/freesurfer/sub-v2s9x29150_ses-1/surf/rh.white --rh-pial /out/sourcedata/freesurfer/sub-v2s9x29150_ses-1/surf/rh.pial 

SUBJECTS_DIR /out/sourcedata/freesurfer
outvol aparc.a2009s+aseg.mgz
16 avail.processors, using 16
Loading aseg.mgz
Loading /out/sourcedata/freesurfer/sub-v2s9x29150_ses-1/surf/lh.white
Loading /out/sourcedata/freesurfer/sub-v2s9x29150_ses-1/surf/lh.pial
Loading /out/sourcedata/freesurfer/sub-v2s9x29150_ses-1/label/lh.cortex.label
Ripping lh vertices labeled not in lh.cortex.label
  ripped 7460 vertices from lh hemi
Loading /out/sourcedata/freesurfer/sub-v2s9x29150_ses-1/label/lh.aparc.a2009s.annot
Loading /out/sourcedata/freesurfer/sub-v2s9x29150_ses-1/surf/rh.white
Loading /out/sourcedata/freesurfer/sub-v2s9x29150_ses-1/surf/rh.pial
Loading /out/sourcedata/freesurfer/sub-v2s9x29150_ses-1/label/rh.cortex.label
Ripping rh vertices labeled not in rh.cortex.label
  ripped 7195 vertices from rh hemi
Loading /out/sourcedata/freesurfer/sub-v2s9x29150_ses-1/label/rh.aparc.a2009s.annot
Done loading
  0  80  16 112 128  64 224 240 160 144 208 192  32 176  48  96 225  49   1 209 193  33  17 241  34  18   2  50 210 242 194  19  35 
226   3  51 211 243 195  20  36 227   4  52 212 244 196  21  37 228   5  53 213 245 197  22  38 229   6  54 214 246 198  23  39 
230   7  55 215 247 199 
 24  40 231   8 216 248  56 200  41  25 232   9 217 249 201  26  42 233  10 218 250 202  43  27 234  11 219 
251 203  28  44 235  12 220 252 204  45  29 236  13 221 253 205  57  46  30 237 222  14 254 206  47  31 238 223  15 255 207 239 
 58  59 
 65  60 145 129  61 113 177  66  97  62 161  81 146  63 130 114  67 178  98 147  82  68 179 
131 162 115 148  69 180  99 
132  83 181  70 149 116 163 182 100  71 133  84 150 183  72 117 184 134 151 101 164 185  85 186 187 188 189 190 191  73 118 135 152 102  86 165 153 119 
136  74  87 103 120 137 154  75 166  88 104 138 121 155  76 139 
 89 122 105 167 156 140  77 106  90 123 141 157 168 142 107  78  91 124 158 143 108 169  92  79 
125 159 
109  93 126 170 110  94 127 111 171  95 172 173 174 175 
nrelabeled = 524627
ndotcheck = 36484
Starting Surf2VolSeg free
free done
#VMPC# mri_surf2volseg VmPeak  1832240
mri_surf2volseg done
#-----------------------------------------
#@# AParc-to-ASeg aparc.DKTatlas Sat Mar 14 12:46:34 CET 2026
/out/sourcedata/freesurfer/sub-v2s9x29150_ses-1/mri

 mri_surf2volseg --o aparc.DKTatlas+aseg.mgz --label-cortex --i aseg.mgz --threads 16 --lh-annot /out/sourcedata/freesurfer/sub-v2s9x29150_ses-1/label/lh.aparc.DKTatlas.annot 1000 --lh-cortex-mask /out/sourcedata/freesurfer/sub-v2s9x29150_ses-1/label/lh.cortex.label --lh-white /out/sourcedata/freesurfer/sub-v2s9x29150_ses-1/surf/lh.white --lh-pial /out/sourcedata/freesurfer/sub-v2s9x29150_ses-1/surf/lh.pial --rh-annot /out/sourcedata/freesurfer/sub-v2s9x29150_ses-1/label/rh.aparc.DKTatlas.annot 2000 --rh-cortex-mask /out/sourcedata/freesurfer/sub-v2s9x29150_ses-1/label/rh.cortex.label --rh-white /out/sourcedata/freesurfer/sub-v2s9x29150_ses-1/surf/rh.white --rh-pial /out/sourcedata/freesurfer/sub-v2s9x29150_ses-1/surf/rh.pial 

SUBJECTS_DIR /out/sourcedata/freesurfer
outvol aparc.DKTatlas+aseg.mgz
16 avail.processors, using 16
Loading aseg.mgz
Loading /out/sourcedata/freesurfer/sub-v2s9x29150_ses-1/surf/lh.white
Loading /out/sourcedata/freesurfer/sub-v2s9x29150_ses-1/surf/lh.pial
Loading /out/sourcedata/freesurfer/sub-v2s9x29150_ses-1/label/lh.cortex.label
Ripping lh vertices labeled not in lh.cortex.label
  ripped 7460 vertices from lh hemi
Loading /out/sourcedata/freesurfer/sub-v2s9x29150_ses-1/label/lh.aparc.DKTatlas.annot
Loading /out/sourcedata/freesurfer/sub-v2s9x29150_ses-1/surf/rh.white
Loading /out/sourcedata/freesurfer/sub-v2s9x29150_ses-1/surf/rh.pial
Loading /out/sourcedata/freesurfer/sub-v2s9x29150_ses-1/label/rh.cortex.label
Ripping rh vertices labeled not in rh.cortex.label
  ripped 7195 vertices from rh hemi
Loading /out/sourcedata/freesurfer/sub-v2s9x29150_ses-1/label/rh.aparc.DKTatlas.annot
Done loading
  0  80 176  16 240 112 224 144 160 128  96 192 208  32  64  48  49   1 193  33 225  17 209 241  50 194 226 210 242  34  18   2  51 195 227 211 243  35  19 
  3  52 196 228 212 244  36  20   4  53 197 229 213 245  37  21   5  54 198 230 214 246  38  22   6  55 199 
231 215 247  23   7  39 
 56 200 232 216 248  24   8  40 201 233 217 249  25   9  41 202 234 218 250  26  10  42 203 235  27  11 219 
251  43 204 236  28  12 220 252  44 205 237  29 221  13 253  45  57 206 238  30 222  14  46 254 207 239 
 31 223  15  47 255  58  59 
 65  60 113 145 177 161 129  61  97  66  62  81 114  67 178 146  63 162  98 130  68 115 179 
147  82 163  99 
 69 131 180 148 116  70 100 164 132  83 181 149  71 101 117 182 165 150 133  72 102  84 183 118 151 134 166 184 103  73 185 152 119 
 85 186 135 104 187 188 167 189 190 191 153 120  74 105 136  86 168 154 106 121 137  87  75 107 169 155 122 138  88 108 170 139 
 76 109 156 123  89 171 140 110 157 141  77 111 124 172  90 142 158 173 143 125  91  78 159 
174 126  92  79 
175 127  93  94  95 
nrelabeled = 524627
ndotcheck = 36484
Starting Surf2VolSeg free
free done
#VMPC# mri_surf2volseg VmPeak  1832152
mri_surf2volseg done
#-----------------------------------------
#@# WMParc Sat Mar 14 12:46:57 CET 2026
/out/sourcedata/freesurfer/sub-v2s9x29150_ses-1/mri

 mri_surf2volseg --o wmparc.mgz --label-wm --i aparc+aseg.mgz --threads 16 --lh-annot /out/sourcedata/freesurfer/sub-v2s9x29150_ses-1/label/lh.aparc.annot 3000 --lh-cortex-mask /out/sourcedata/freesurfer/sub-v2s9x29150_ses-1/label/lh.cortex.label --lh-white /out/sourcedata/freesurfer/sub-v2s9x29150_ses-1/surf/lh.white --lh-pial /out/sourcedata/freesurfer/sub-v2s9x29150_ses-1/surf/lh.pial --rh-annot /out/sourcedata/freesurfer/sub-v2s9x29150_ses-1/label/rh.aparc.annot 4000 --rh-cortex-mask /out/sourcedata/freesurfer/sub-v2s9x29150_ses-1/label/rh.cortex.label --rh-white /out/sourcedata/freesurfer/sub-v2s9x29150_ses-1/surf/rh.white --rh-pial /out/sourcedata/freesurfer/sub-v2s9x29150_ses-1/surf/rh.pial 

SUBJECTS_DIR /out/sourcedata/freesurfer
outvol wmparc.mgz
16 avail.processors, using 16
Loading aparc+aseg.mgz
Loading /out/sourcedata/freesurfer/sub-v2s9x29150_ses-1/surf/lh.white
Loading /out/sourcedata/freesurfer/sub-v2s9x29150_ses-1/surf/lh.pial
Loading /out/sourcedata/freesurfer/sub-v2s9x29150_ses-1/label/lh.cortex.label
Ripping lh vertices labeled not in lh.cortex.label
  ripped 7460 vertices from lh hemi
Loading /out/sourcedata/freesurfer/sub-v2s9x29150_ses-1/label/lh.aparc.annot
Loading /out/sourcedata/freesurfer/sub-v2s9x29150_ses-1/surf/rh.white
Loading /out/sourcedata/freesurfer/sub-v2s9x29150_ses-1/surf/rh.pial
Loading /out/sourcedata/freesurfer/sub-v2s9x29150_ses-1/label/rh.cortex.label
Ripping rh vertices labeled not in rh.cortex.label
  ripped 7195 vertices from rh hemi
Loading /out/sourcedata/freesurfer/sub-v2s9x29150_ses-1/label/rh.aparc.annot
Done loading
  0  96 160  16  64 176 112 144 224  32  48 208 192  80 128 240  49  33 209  17   1 193 241 225  50  34 210 194  18   2 242 226  51  35 211 195 227   3  19 
243  65  52  36 212  20   4 196 228 244  53  37 213   5  21 197 245 229  54  38 214   6  22 198 230 246  55  39 
231 215   7 247  23 199 
 66  56  40   8 232 248 216  24 200 177  57  41   9 249 233  25 217 201  58  42  10 250  26 234 218 202  59 
 43  11 251  27 235 203 219 
 44  12 252  28 236 204 220  60  45  13 253  29 237 205 221  46  14 254  30 238 206 222  47  61  67  15 255  31 239 
207 223 178  62 129  63 161  81  68 179 
180  69 113 181  97 145 130 182  70 183 184  82 185 186 187  71 162 188 189 190 191 114 131  72 146  98  83 115 163  73 132  74 116 147  84 164  99 
133  75 117  85 148 118 165 134  76 119 
100 120  86 149  77 166 135 121 122  87 101  78 123 167 136 150 124  79 
 88 168 102 151 137 125  89 169 126 103 170 152 127  90 171 138 172  91 104 153 173 174 139 
175  92 154 105  93 155 140 106 156  94 107 141 157  95 108 158 142 159 
109 143 110 111 
nrelabeled = 332811
ndotcheck = 3428
Starting Surf2VolSeg free
free done
#VMPC# mri_surf2volseg VmPeak  1832172
mri_surf2volseg done

 mri_segstats --seed 1234 --seg mri/wmparc.mgz --sum stats/wmparc.stats --pv mri/norm.mgz --excludeid 0 --brainmask mri/brainmask.mgz --in mri/norm.mgz --in-intensity-name norm --in-intensity-units MR --subject sub-v2s9x29150_ses-1 --surf-wm-vol --ctab /opt/freesurfer/WMParcStatsLUT.txt --etiv 

setting seed for random number genererator to 1234

7.3.2
cwd 
cmdline mri_segstats --seed 1234 --seg mri/wmparc.mgz --sum stats/wmparc.stats --pv mri/norm.mgz --excludeid 0 --brainmask mri/brainmask.mgz --in mri/norm.mgz --in-intensity-name norm --in-intensity-units MR --subject sub-v2s9x29150_ses-1 --surf-wm-vol --ctab /opt/freesurfer/WMParcStatsLUT.txt --etiv 
sysname  Linux
hostname dna032
machine  x86_64
user     oesteban
whitesurfname  white
UseRobust  0
atlas_icv (eTIV) = 1216740 mm^3    (det: 1.601085 )
Loading mri/wmparc.mgz
Getting Brain Volume Statistics
Loading mri/norm.mgz
Loading mri/norm.mgz
Voxel Volume is 1 mm^3
Generating list of segmentation ids
Found 390 segmentations
Computing statistics for each segmentation

Reporting on  70 segmentations
Using PrintSegStat
mri_segstats done
#--------------------------------------------
#@# ASeg Stats Sat Mar 14 12:50:25 CET 2026
/out/sourcedata/freesurfer/sub-v2s9x29150_ses-1

 mri_segstats --seed 1234 --seg mri/aseg.mgz --sum stats/aseg.stats --pv mri/norm.mgz --empty --brainmask mri/brainmask.mgz --brain-vol-from-seg --excludeid 0 --excl-ctxgmwm --supratent --subcortgray --in mri/norm.mgz --in-intensity-name norm --in-intensity-units MR --etiv --surf-wm-vol --surf-ctx-vol --totalgray --euler --ctab /opt/freesurfer/ASegStatsLUT.txt --subject sub-v2s9x29150_ses-1 

setting seed for random number genererator to 1234

7.3.2
cwd 
cmdline mri_segstats --seed 1234 --seg mri/aseg.mgz --sum stats/aseg.stats --pv mri/norm.mgz --empty --brainmask mri/brainmask.mgz --brain-vol-from-seg --excludeid 0 --excl-ctxgmwm --supratent --subcortgray --in mri/norm.mgz --in-intensity-name norm --in-intensity-units MR --etiv --surf-wm-vol --surf-ctx-vol --totalgray --euler --ctab /opt/freesurfer/ASegStatsLUT.txt --subject sub-v2s9x29150_ses-1 
sysname  Linux
hostname dna032
machine  x86_64
user     oesteban
whitesurfname  white
UseRobust  0
atlas_icv (eTIV) = 1216740 mm^3    (det: 1.601085 )
Computing euler number
orig.nofix lheno =  -54, rheno = -42
orig.nofix lhholes =   28, rhholes = 22
Loading mri/aseg.mgz
Getting Brain Volume Statistics
Loading mri/norm.mgz
Loading mri/norm.mgz
Voxel Volume is 1 mm^3
Generating list of segmentation ids
Found  50 segmentations
Computing statistics for each segmentation

Reporting on  45 segmentations
Using PrintSegStat
mri_segstats done

Started at Sat Mar 14 12:45:19 CET 2026 
Ended   at Sat Mar 14 12:50:55 CET 2026
#@#%# recon-all-run-time-hours 0.093
recon-all -s sub-v2s9x29150_ses-1 finished without error at Sat Mar 14 12:50:55 CET 2026
