global_signal	global_signal_derivative1	global_signal_derivative1_power2	global_signal_power2	csf	csf_derivative1	csf_power2	csf_derivative1_power2	white_matter	white_matter_derivative1	white_matter_power2	white_matter_derivative1_power2	csf_wm	tcompcor	std_dvars	dvars	framewise_displacement	rmsd	t_comp_cor_00	t_comp_cor_01	c_comp_cor_00	c_comp_cor_01	c_comp_cor_02	c_comp_cor_03	c_comp_cor_04	c_comp_cor_05	c_comp_cor_06	c_comp_cor_07	c_comp_cor_08	c_comp_cor_09	w_comp_cor_00	w_comp_cor_01	w_comp_cor_02	w_comp_cor_03	w_comp_cor_04	w_comp_cor_05	w_comp_cor_06	w_comp_cor_07	w_comp_cor_08	w_comp_cor_09	w_comp_cor_10	w_comp_cor_11	w_comp_cor_12	w_comp_cor_13	w_comp_cor_14	w_comp_cor_15	w_comp_cor_16	w_comp_cor_17	w_comp_cor_18	w_comp_cor_19	w_comp_cor_20	w_comp_cor_21	w_comp_cor_22	w_comp_cor_23	w_comp_cor_24	w_comp_cor_25	w_comp_cor_26	w_comp_cor_27	w_comp_cor_28	w_comp_cor_29	w_comp_cor_30	w_comp_cor_31	w_comp_cor_32	w_comp_cor_33	w_comp_cor_34	w_comp_cor_35	w_comp_cor_36	w_comp_cor_37	w_comp_cor_38	w_comp_cor_39	w_comp_cor_40	w_comp_cor_41	w_comp_cor_42	w_comp_cor_43	w_comp_cor_44	w_comp_cor_45	w_comp_cor_46	w_comp_cor_47	w_comp_cor_48	w_comp_cor_49	w_comp_cor_50	w_comp_cor_51	a_comp_cor_00	a_comp_cor_01	a_comp_cor_02	a_comp_cor_03	a_comp_cor_04	a_comp_cor_05	a_comp_cor_06	a_comp_cor_07	a_comp_cor_08	a_comp_cor_09	a_comp_cor_10	a_comp_cor_11	a_comp_cor_12	a_comp_cor_13	a_comp_cor_14	a_comp_cor_15	a_comp_cor_16	a_comp_cor_17	a_comp_cor_18	a_comp_cor_19	a_comp_cor_20	a_comp_cor_21	a_comp_cor_22	a_comp_cor_23	a_comp_cor_24	a_comp_cor_25	a_comp_cor_26	a_comp_cor_27	a_comp_cor_28	a_comp_cor_29	a_comp_cor_30	a_comp_cor_31	a_comp_cor_32	a_comp_cor_33	a_comp_cor_34	a_comp_cor_35	a_comp_cor_36	a_comp_cor_37	a_comp_cor_38	a_comp_cor_39	a_comp_cor_40	a_comp_cor_41	a_comp_cor_42	a_comp_cor_43	a_comp_cor_44	a_comp_cor_45	a_comp_cor_46	a_comp_cor_47	a_comp_cor_48	a_comp_cor_49	a_comp_cor_50	a_comp_cor_51	a_comp_cor_52	edge_comp_00	edge_comp_01	edge_comp_02	edge_comp_03	edge_comp_04	edge_comp_05	edge_comp_06	edge_comp_07	edge_comp_08	edge_comp_09	edge_comp_10	edge_comp_11	edge_comp_12	edge_comp_13	edge_comp_14	edge_comp_15	edge_comp_16	edge_comp_17	edge_comp_18	edge_comp_19	edge_comp_20	edge_comp_21	edge_comp_22	edge_comp_23	cosine00	cosine01	cosine02	cosine03	non_steady_state_outlier00	non_steady_state_outlier01	trans_x	trans_x_derivative1	trans_x_derivative1_power2	trans_x_power2	trans_y	trans_y_derivative1	trans_y_power2	trans_y_derivative1_power2	trans_z	trans_z_derivative1	trans_z_derivative1_power2	trans_z_power2	rot_x	rot_x_derivative1	rot_x_derivative1_power2	rot_x_power2	rot_y	rot_y_derivative1	rot_y_power2	rot_y_derivative1_power2	rot_z	rot_z_derivative1	rot_z_derivative1_power2	rot_z_power2	motion_outlier00	motion_outlier01	motion_outlier02	motion_outlier03	motion_outlier04	motion_outlier05	motion_outlier06	motion_outlier07	motion_outlier08	motion_outlier09	motion_outlier10	motion_outlier11	motion_outlier12	motion_outlier13	motion_outlier14	motion_outlier15	motion_outlier16	motion_outlier17	motion_outlier18	motion_outlier19	motion_outlier20	motion_outlier21	motion_outlier22	motion_outlier23
82.4586850950148	n/a	n/a	6799.434747598816	128.74529488543246	n/a	16575.35095513696	n/a	72.6044216501401	n/a	5271.402043151332	n/a	76.1758489958942	78.07747711614185	n/a	n/a	n/a	n/a	0.0	0.0	0.0	0.0	0.0	0.0	0.0	0.0	0.0	0.0	0.0	0.0	0.0	0.0	0.0	0.0	0.0	0.0	0.0	0.0	0.0	0.0	0.0	0.0	0.0	0.0	0.0	0.0	0.0	0.0	0.0	0.0	0.0	0.0	0.0	0.0	0.0	0.0	0.0	0.0	0.0	0.0	0.0	0.0	0.0	0.0	0.0	0.0	0.0	0.0	0.0	0.0	0.0	0.0	0.0	0.0	0.0	0.0	0.0	0.0	0.0	0.0	0.0	0.0	0.0	0.0	0.0	0.0	0.0	0.0	0.0	0.0	0.0	0.0	0.0	0.0	0.0	0.0	0.0	0.0	0.0	0.0	0.0	0.0	0.0	0.0	0.0	0.0	0.0	0.0	0.0	0.0	0.0	0.0	0.0	0.0	0.0	0.0	0.0	0.0	0.0	0.0	0.0	0.0	0.0	0.0	0.0	0.0	0.0	0.0	0.0	0.0	0.0	0.0	0.0	0.0	0.0	0.0	0.0	0.0	0.0	0.0	0.0	0.0	0.0	0.0	0.0	0.0	0.0	0.0	0.0	0.0	0.0	0.0	0.0	0.0	0.0	0.0	0.0	0.0	0.0	0.0	0.0	0.0	0.0	1.0	0.0	0.0235674639393437	n/a	n/a	0.0005554253565322	-0.0482067078045389	n/a	0.0023238866773521	n/a	0.102914405678625	n/a	n/a	0.0105913748961846	0.0003753737337806	n/a	n/a	1.4090544001238877e-07	-0.0004721001411343	n/a	2.2287854325902601e-07	n/a	-0.0005329115269819	n/a	n/a	2.839946955901804e-07	0.0	0.0	0.0	0.0	0.0	0.0	0.0	0.0	0.0	0.0	0.0	0.0	0.0	0.0	0.0	0.0	0.0	0.0	0.0	0.0	0.0	0.0	0.0	0.0
61.55362246343686	-20.90506263157794	437.0216436301964	3788.848438371319	71.90545008537617	-56.83984480005629	5170.393751980524	3230.767956894485	59.43317671225105	-13.17124493788905	3532.30249410966	173.4816932138679	60.27639345601201	54.384381253243546	11.33917	388.402069	0.3720438316186487	0.1756045866333979	0.0	0.0	0.0	0.0	0.0	0.0	0.0	0.0	0.0	0.0	0.0	0.0	0.0	0.0	0.0	0.0	0.0	0.0	0.0	0.0	0.0	0.0	0.0	0.0	0.0	0.0	0.0	0.0	0.0	0.0	0.0	0.0	0.0	0.0	0.0	0.0	0.0	0.0	0.0	0.0	0.0	0.0	0.0	0.0	0.0	0.0	0.0	0.0	0.0	0.0	0.0	0.0	0.0	0.0	0.0	0.0	0.0	0.0	0.0	0.0	0.0	0.0	0.0	0.0	0.0	0.0	0.0	0.0	0.0	0.0	0.0	0.0	0.0	0.0	0.0	0.0	0.0	0.0	0.0	0.0	0.0	0.0	0.0	0.0	0.0	0.0	0.0	0.0	0.0	0.0	0.0	0.0	0.0	0.0	0.0	0.0	0.0	0.0	0.0	0.0	0.0	0.0	0.0	0.0	0.0	0.0	0.0	0.0	0.0	0.0	0.0	0.0	0.0	0.0	0.0	0.0	0.0	0.0	0.0	0.0	0.0	0.0	0.0	0.0	0.0	0.0	0.0	0.0	0.0	0.0	0.0	0.0	0.0	0.0	0.0	0.0	0.0	0.0	0.0	0.0	0.0	0.0	0.0	0.0	0.0	0.0	1.0	-0.0941858692933976	-0.1177533332327413	0.013865847487421	0.0088709779745529	0.0360773133022434	0.0842840211067822	0.0013015725351082	0.0071037962139285	0.0796526962008599	-0.0232617094777651	0.0005411071278279	0.0063445520120664	-0.0007789302518655	-0.0011543039856461	1.332417691278472e-06	6.067323372712512e-07	-0.0001513612185475	0.0003207389225867	2.291021848018406e-08	1.0287345646214129e-07	0.0009269409208124	0.0014598524477943	2.1311691693310098e-06	8.5921947067654e-07	1.0	0.0	0.0	0.0	0.0	0.0	0.0	0.0	0.0	0.0	0.0	0.0	0.0	0.0	0.0	0.0	0.0	0.0	0.0	0.0	0.0	0.0	0.0	0.0
59.73811163806132	-1.81551082537554	3.296079557055775	3568.641982081477	64.92693505895899	-6.978515026417185	4215.5068961502775	48.69967197393044	59.18761107139664	-0.2455656408544086	3503.173304338914	0.0603024839682364	59.77088341265917	50.479781811397686	1.554347	53.241257	0.1870767799874794	0.0829016164001524	-0.026542507	-0.0291026688	0.0356697537	0.028251723	0.0587669588	-0.2894191359	0.1503036015	-0.1362195171	0.1133185678	-0.1006037741	0.081574344	0.0136611705	-0.0405652872	-0.0489022505	0.0186906987	-0.0489167384	0.1312635792	-0.124678788	0.0041649281	-0.0268409862	0.0106441979	-0.0470119099	0.0836656178	0.0112636365	-0.0592649037	0.0532344743	-0.0096510781	0.0246943247	-0.0826441379	0.0354354373	-0.0462156335	0.1074203249	-0.0447055372	0.0225368895	-0.1025284301	0.0217327917	-0.0142233895	0.0038952209	0.019129412	-0.1634024215	0.10212718	-0.0425976787	0.001269177	0.000966033	0.0452757563	-0.0214265034	0.0984503629	-0.0447979399	-0.0130099744	0.0410272544	0.020611877	-0.0298458473	-0.0211772665	0.0308011674	0.0130460354	-0.0175617804	-0.001554152	0.013945497	-0.0606946315	-0.0018807611	-0.0298076609	0.0089279965	0.0256805115	0.0004492617	-0.0471861236	0.0693795925	-0.0149991276	0.0116860671	-0.0920771112	0.0656025284	0.0077370985	-0.0605984612	0.1178811355	-0.0460268458	0.0552443901	-0.0457645204	0.067846611	0.0046396308	-0.0218373065	0.0196057542	-0.0176779325	0.1075134269	-0.0250757105	0.0859342928	-0.0248917995	0.0812734898	-0.0363692504	0.0175147442	-0.1348191047	0.1079821355	-0.0829333468	0.0145352686	-0.0344231003	0.0153310766	0.0107768722	-0.0644953439	-0.1597484184	0.0325298435	0.0470864952	-0.0421919402	0.0339878462	0.0325044641	-0.0625741445	0.1418597721	0.0610451196	-0.0357668104	-0.0030318508	-0.0494733919	0.0193316744	0.0439998751	-0.0548849153	0.0155450262	0.0247612157	0.0034805711	0.0005326822	-0.1556626935	0.0147053125	-0.0250606457	0.0313533522	0.0069223329	0.0165249578	0.0388838311	-0.0027127466	0.0001436277	-0.0188120875	0.0315456697	-0.0587928679	0.0333583233	-0.0157385238	0.0527208465	-0.0547497969	0.1131072301	-0.0449175577	0.1855475262	-0.0530754349	0.0620161412	-0.0907927046	-0.0130073852	0.0796390517	-0.0038761598	0.0721922029	0.1059956606	0.1059832789	0.1059626437	0.1059337567	0.0	0.0	-0.1390170192715345	-0.0448311499781369	0.0020098320083622	0.0193257316471421	0.0850451911553875	0.0489678778531441	0.0072326845386564	0.0023978530614404	0.1079194997014383	0.0282668035005784	0.0007990121801403	0.0116466184158087	-0.0004120760574455	0.0003668541944199	1.3458199996354712e-07	1.6980667711982702e-07	-0.0006017905135031	-0.0004504292949556	3.621518221423248e-07	2.028865497541989e-07	0.0014098764045492	0.0004829354837367	2.33226681452097e-07	1.9877514761045798e-06	0.0	1.0	0.0	0.0	0.0	0.0	0.0	0.0	0.0	0.0	0.0	0.0	0.0	0.0	0.0	0.0	0.0	0.0	0.0	0.0	0.0	0.0	0.0	0.0
59.48023035481412	-0.257881283247201	0.0665027562492231	3537.897803061751	63.73246365405144	-1.1944714049075458	4061.826923414989	1.426761937141806	59.0691515886088	-0.1184594827878413	3489.164669398045	0.0140326490623628	59.58806705623865	49.37407780625542	0.897698	30.74898	0.1366051756492046	0.0693162601075814	-0.0025062962	0.0134027389	0.0049767475	0.0264771083	0.0116048889	-0.0903407899	-0.0064125901	-0.0171881474	0.1614467566	-0.0106927	-0.085148588	-0.0287571148	-0.0200186337	-0.0044213447	-0.0854345049	-0.0266911271	0.0836563269	-0.1729417873	-0.1231232013	0.0540376039	-0.1591376658	-0.090898822	-0.0413997556	0.0091433973	0.12980102	0.0017645854	-0.0291914895	0.0405133139	-0.1665425442	0.0423990155	0.032202596	-0.0167572854	-0.0752283812	0.0397441166	0.0708433318	3.90843e-05	-0.0765096635	-0.0086008703	-0.0334369712	0.0679509733	0.0789244268	0.0462080011	0.0562911866	-0.0030461737	-0.0188090624	-0.0967852403	-0.0323402577	0.0160118309	0.1158934546	-0.0397163481	0.0575183333	-0.0008396732	0.0347049452	-0.0421489229	0.0076581887	0.0012689547	-0.0015354078	-0.0123141767	-0.0007629498	0.0938041487	-0.0171568484	-0.0444187094	-0.0323668238	0.0251040732	-0.0108709329	-0.0030442385	-0.0400121666	0.0499820185	-0.0326222567	0.0503773158	-0.0292717066	-0.1728720909	0.0228374072	-0.048378021	0.1045497143	-0.1933075358	0.0255536017	0.0268570086	-0.0575462831	-0.0373955741	0.1401380762	-0.129870955	-0.1802492931	0.0038354714	0.0116738632	-0.0322593628	0.0333041196	-0.0305400582	-0.0277928572	-0.0410630273	0.030390194	0.0479635723	0.0057743898	0.0756446051	-0.1480647454	-0.0081007836	0.0355552834	0.0182399164	-0.0273839303	-0.0420267818	0.0116097068	-0.012943833	0.0146467071	-0.1190056758	-0.0768135139	0.0072675768	-0.0089987143	-0.0711583649	-0.0448892507	-0.0115028277	-0.0353121962	-0.0255455773	-0.0321631191	0.0221020171	0.0419928897	0.0273107447	-0.0389161465	-0.0101967933	0.0034790695	0.0262312403	0.0192946018	0.018239593	-0.007108027	-0.0009788507	0.0576152101	0.121547261	-0.1711246472	-0.0255095458	0.0019096469	0.038908877	0.015337648	0.0155136803	0.0291443291	0.0481610469	0.0139896811	0.0557175809	-0.114230679	-0.0224938383	-0.0008591599	-0.0363371119	-0.0287749457	0.1059626437	0.1058512369	0.1056656457	0.1054060001	0.0	0.0	-0.1291469131042646	0.0098701061672699	9.74189957531795e-05	0.0166789251643604	0.1083290207862575	0.02328382963087	0.0117351767445094	0.0005421367222793	0.160451957603243	0.0525324579018046	0.0027596591332048	0.0257448306987128	-0.0001470671740852	0.0002650088833603	7.02297082598731e-08	2.162875369340652e-08	-0.0011701178873608	-0.0005683273738577	1.369175870321702e-06	3.2299600387599e-07	0.0015949157863164	0.0001850393817672	3.423957280478759e-08	2.54375636544126e-06	0.0	0.0	0.0	0.0	0.0	0.0	0.0	0.0	0.0	0.0	0.0	0.0	0.0	0.0	0.0	0.0	0.0	0.0	0.0	0.0	0.0	0.0	0.0	0.0
59.41553847146202	-0.064691883352097	0.0041850397716413	3530.2062118537838	63.414943203013	-0.3175204510384404	4021.455021441365	0.1008192368276546	59.1067502196406	0.0375986310318054	3493.607921526984	0.0014136570554658	59.58559642285108	49.31310535932849	0.8364709999999999	28.651758	0.0378410376770741	0.0201941177043176	-0.0060922178	-0.0095125327	0.0031131129	-0.0029560268	0.0258217052	-0.05930506	-0.0623678268	0.0073883052	0.0739704	0.0274516747	-0.0237787538	0.0182443635	-0.0199918482	-0.0234773276	0.0288093989	-0.0628647926	-0.0317899608	0.0906012426	-0.0462986226	0.059102168	0.0355467832	0.0087133893	0.015517806	0.052103062	-0.0788963624	0.0133200682	-0.0540754092	0.1216234075	-0.008673495	0.0380695733	0.115367562	0.0402800352	-0.0004318363	0.0399322471	-0.1557850755	-0.082363767	0.032122975	0.0611172828	0.1544630386	0.0406994276	-0.0881449171	-0.0427641068	0.0096399192	-0.14388041	0.0514854761	0.1393980573	-0.0435998616	0.0615072135	-0.0836991746	0.0264071653	-0.0870130189	0.0698900278	-0.0261146867	0.0515728121	-0.0216426118	-0.1872727564	-0.2155800086	0.0520998423	-0.0524930227	-0.0304867193	0.211295713	0.0764535306	-0.0126150315	0.070537998	-0.0030894058	0.0212456837	-0.0090568341	-0.0070868399	-0.0133229826	-0.0242664903	0.1227908347	0.0463890735	-0.0137820527	-0.0128152047	-0.0899882047	-0.0554170935	-0.0092495059	-0.0203453689	0.0098767273	0.1226409199	-0.0233900469	0.0183674362	-0.0995948903	-0.0572429848	0.0426094979	0.0909784127	7.59834e-05	0.0307405459	0.0288411469	-0.0490843868	-0.1512950976	0.0300173451	-0.0243816257	0.0429569122	0.1145068709	0.0502267782	0.1124470993	-0.0311205702	0.1912162624	-0.0102986094	-0.0540850117	0.0548987955	0.0203379441	0.0352093955	0.0344798249	-0.0801626976	0.0103998218	0.0031199894	0.005482983	0.0082272415	-0.0417276185	-0.2604629677	0.150973768	0.0315185213	-0.1682506105	-0.0041684455	0.1569123961	-0.0105010574	0.0168694601	0.0150578947	0.0262117475	-0.0031180687	-0.0071252278	0.0002821532	-0.006580193	0.090792396	-0.1723022304	-0.0371325852	0.0338160602	0.0167579278	0.0372044289	0.0316144215	0.0193986624	-0.0271474547	-0.0004509205	0.0753283939	-0.1026162996	0.0172107687	0.0629800663	0.0210819464	0.0258603405	0.1058966202	0.1055873175	0.1050724821	0.104353116	0.0	0.0	-0.111124793590406	0.0180221195138585	0.0003247967917718	0.0123487197505103	0.1123840913968337	0.0040550706105761	0.0126301839990918	1.644359765675879e-05	0.1618567583161123	0.0014048007128693	1.973465042878102e-06	0.0261976102126003	-0.0001572488709239	-1.01816968387e-05	1.0366695051519356e-10	2.4727207406841363e-08	-0.0010301151167955	0.0001400027705653	1.0611371538506069e-06	1.9600775765960065e-08	0.001457919316925	-0.0001369964693914	1.87680326257088e-08	2.1255287346630583e-06	0.0	0.0	0.0	0.0	0.0	0.0	0.0	0.0	0.0	0.0	0.0	0.0	0.0	0.0	0.0	0.0	0.0	0.0	0.0	0.0	0.0	0.0	0.0	0.0
59.38559801365763	-0.0299404578043933	0.0008964310135366	3526.649251439737	63.53749386807706	0.1225506650640539	4037.0131270359298	0.0150186655076419	58.993745861398864	-0.1130043582417386	3480.262050759316	0.0127699849816271	59.52824447602033	49.86412119339688	0.827975	28.360743	0.0564470717345093	0.031589939186418	-0.0243038267	-0.0056533462	0.0302292372	-0.0013904159	0.0461203659	-0.0240276669	-0.0687079349	-0.0316440101	-0.0370533278	-0.0518429211	0.0237537629	-0.0369092296	-0.0152384397	0.0450093111	-0.0075957576	-0.0436230477	-0.0140954424	-0.0277132335	0.0952334265	0.0437992613	-0.0135888445	0.0710720525	-0.0454262753	-0.0673793241	0.0268492341	-0.0040152368	-0.0394587572	0.0381644136	0.2191325083	0.1067882524	-0.06452026	-0.0585589708	0.0733495963	-0.0809233319	0.0163658192	0.069661597	0.0947681619	-0.0080663064	-0.0356743563	0.152955699	-0.0424170189	0.14681604	0.0734909652	0.0006393936	-0.0299880842	0.054971064	-0.0806974945	-0.0885124577	0.0370669225	-0.0719885184	-0.0941770866	0.0393249825	0.0766440299	-0.0327408462	0.1310066473	0.1954527869	0.0243188145	-0.0428529787	-0.1241926244	-0.0124174078	-0.0993580166	-0.0414699699	0.1077486175	-0.0967438668	-0.0172932392	-0.0207617125	-0.0142745774	0.0003465103	0.0162822742	-0.0326396178	0.0440910367	-0.0004158445	-0.0021975579	-0.0684147102	-0.0565262281	0.0936309149	-0.0908788117	0.0565182707	-0.0987447039	-0.0478522917	0.0133420178	0.1244014866	0.1323439023	-0.0968742462	-0.0236515838	-0.0959265314	0.0502113893	-0.0092060366	0.0477451489	0.0315844314	0.0249204423	-0.0638891701	-0.0561649509	-0.0076462412	-0.0398775702	0.1053546795	0.1244187199	-0.0629483317	-0.0247530819	0.1147190876	-0.0841753299	0.0296970619	-0.0893997172	-0.1102439447	0.0064467022	0.1246434409	-0.0117359263	0.0789650604	0.0478718918	0.0387617209	0.0064995542	-0.1872517778	-0.0990447628	0.0006793536	0.1939515068	0.0974630591	-0.1331355472	-0.0195788629	0.0101214226	0.0230776801	0.0274681088	-0.0042088111	0.0174476073	0.0271778532	0.0226890104	0.076593463	-0.1203340031	-0.0175465076	0.0487847454	0.0164500851	0.0613124399	-0.0511873706	-0.0080073242	-0.0255679196	0.0538723274	0.071549132	-0.0537739897	0.0528620072	0.0522304218	0.0001108977	-0.0055538196	0.1057976105	0.1051918494	0.1041848154	0.10278035	0.0	0.0	-0.123627710859111	-0.012502917268705	0.000156322940228	0.0152838108922639	0.1215377570970162	0.0091536657001825	0.0147714264001733	8.378959575069759e-05	0.1345701601578355	-0.0272865981582768	0.0007445584390512	0.0181091280049054	-0.0001281648901473	2.90839807766e-05	8.45877937813638e-10	1.6426239066469476e-08	-0.0011250950812202	-9.497996442470008e-05	1.2658389417858883e-06	9.021193642117291e-09	0.0014839331838706	2.6013866945600025e-05	6.767212734633813e-10	2.202057694192336e-06	0.0	0.0	0.0	0.0	0.0	0.0	0.0	0.0	0.0	0.0	0.0	0.0	0.0	0.0	0.0	0.0	0.0	0.0	0.0	0.0	0.0	0.0	0.0	0.0
59.28613196445604	-0.0994660492015881	0.0098934949437727	3514.845443306896	63.10059940561335	-0.4368944624637052	3981.685645347692	0.1908767713314499	59.021992781272594	0.0282469198737302	3483.5956318725944	0.0007978884823529	59.52525300979615	49.805241959360494	0.830461	28.445875	0.0893431821395656	0.0438510101105675	-0.0230198254	-0.0169838165	-0.0096452721	-0.0393740266	0.0163605967	0.0056841969	-0.0648648657	0.0242633719	-0.0541852407	-0.0069315624	-0.0016173467	-0.0413953516	0.0048464005	0.0226514558	-0.0096124767	0.0845834021	-0.0032016915	0.023979875	-0.0516953497	0.0965682261	0.0566754783	0.0238558572	0.0158315903	-0.0889706923	-0.0320556271	-0.0494776556	0.0401731941	-0.0622332037	-0.1004858261	0.0790416528	-0.1031017216	-0.058316295	0.0976898864	-0.0736200953	0.0843271338	-0.0697297221	0.0166789605	-0.0147922516	-0.0022952491	-0.1202874218	-0.075026611	-0.0606290923	-0.038995923	-0.0071350178	-0.0219137456	-0.1173453066	-0.0161363433	0.0699776986	0.0125966155	-0.1093501843	-0.0645730453	-0.0581179401	0.0392974534	0.0800485414	-0.1068190108	0.0752498317	0.0450039917	0.0277359332	0.0934745713	-0.1362715453	-0.0916356212	-0.01980315	0.0265330413	-0.1668251466	0.0021737897	-0.0164258274	0.007133014	0.0106574852	0.0004821475	0.0167817021	0.024054822	-0.0011096173	-0.1602891842	0.0212557031	0.0234976222	-0.0611205249	0.0006610021	-0.0607305987	-0.0320494126	-0.0549957496	0.096949182	0.0926160627	0.0941306751	0.1082709363	-0.0183252601	-0.0256817117	0.0667289611	0.0051245388	-0.0650995766	0.0128843043	0.0304474656	-0.0787419066	0.1086038197	-0.1064279802	0.07476576	-0.0200848382	-0.0930720774	-0.0234037971	-0.0913484004	-0.1407999089	0.0048466513	-0.0154101126	-0.0182671565	-0.0464231003	-0.0097787366	-0.084165034	-0.0645263294	0.1353266083	0.0244459496	-0.0069864035	0.105181033	0.0533448907	0.00016865	0.0479920493	0.0263791019	0.0406347687	-0.0294080844	-0.0244429604	0.0071230031	-0.0015194065	0.0339416719	-0.0421351813	0.0157782811	-0.0011071346	-0.0049203568	0.0227632525	-0.069234897	-0.0053195164	-0.0244220322	0.031564033	0.0945528837	-0.0963205182	-0.0504621092	-0.0841932325	0.0985047029	0.0372964091	-0.0164112496	0.0679686948	0.158374022	0.0294311328	0.0887952984	0.1056656457	0.1046653254	0.1030051337	0.1006955375	0.0	0.0	-0.1149996432948228	0.0086280675642882	7.444354989392216e-05	0.0132249179579364	0.12002098872847	-0.0015167683685461	0.0144050377353595	2.300586283822287e-06	0.1406885171151017	0.0061183569572662	3.743429185652774e-05	0.0197932588480462	0.0003848184774821	0.0005129833676294	2.631519354644002e-07	1.4808526061164152e-07	-0.000600796683964	0.0005242983972562	3.609566554621386e-07	2.7488880936542014e-07	0.0010596151637669	-0.0004243180201036	1.8004578218472388e-07	1.1227842952847544e-06	0.0	0.0	0.0	0.0	0.0	0.0	0.0	0.0	0.0	0.0	0.0	0.0	0.0	0.0	0.0	0.0	0.0	0.0	0.0	0.0	0.0	0.0	0.0	0.0
59.1817382700257	-0.1043936944303425	0.0108980434368157	3502.478144661824	62.937845600412246	-0.1627538052011061	3961.172408821331	0.0264888011074396	58.99082962128238	-0.0311631599902142	3479.9179794071665	0.0009711425405756	59.48547276332975	49.63967906364138	0.8419489999999998	28.83939	0.0603784641281917	0.0319110870620808	-0.0252508743	-0.0032989142	0.0097180726	-0.0434015785	0.0164905322	0.0996270006	-0.0556305788	-0.0392205164	-0.108437655	-0.0586580265	-0.0709018347	0.0110980818	-0.0127619199	0.0145232989	-0.0166875653	0.0926724417	-0.0566300571	0.0504080758	-0.0447604856	-0.1654431333	0.1092524883	-0.0475606685	0.0522419785	-0.1702089417	-0.150399091	0.0198827414	0.0760698119	-0.0716391873	-0.0280962945	0.0690346708	0.0238404696	-0.1301554537	0.0489191847	-0.0346167531	-0.0783282438	-0.0779463143	-0.0165075751	0.0551968435	-0.0566249424	0.0430305408	-0.1317858992	-0.0064050276	0.0156007385	-0.1509863744	-0.126114144	0.0285550056	0.0452905336	-0.064582656	0.041209539	-0.097042709	0.0482186381	0.0608089936	0.0955639501	-0.0249907748	-0.0394198496	-0.0185685372	0.0441771653	-0.0188014832	-0.0107708866	0.0823932168	0.0323129866	0.1343362023	-0.0720234297	0.1800353608	-0.0100139166	-0.0101157448	0.0011999401	0.0160558238	0.0525590176	0.009571901	-0.0611416174	0.1001951705	-0.1064224147	-0.0561780243	0.0045897636	0.1209321824	0.1074442443	-0.1729513426	0.033439871	0.0029208998	0.0045534575	0.1027248511	0.0398174035	0.0729475899	0.1958778554	-0.0056695296	0.1320993304	0.0675311924	0.0531664215	-0.0845786377	-0.0121201326	-0.0195058144	0.0550909118	-0.0215406584	-0.020935331	0.1219376541	-0.0286976042	-0.0678433934	-0.0303820364	-0.0178978367	-0.0212174069	0.0372650803	-0.0200776207	-0.0325831289	-0.0945392243	-0.0334224574	-0.0229770547	-0.1650095591	0.1379338903	0.0700622799	-0.0586272446	-0.0515658602	-0.0019230797	-0.0784624082	0.0219238761	0.1187393096	0.0696247847	-0.020342469	-0.0031072748	0.006653233	0.0289095205	-0.0161358781	0.007570768	0.0054402966	-0.0518508029	-0.0384577627	0.0670022713	0.0366324443	-0.0177319447	0.0359272628	0.0969787689	-0.0794207242	-0.0647695119	-0.0387657482	0.0100516195	0.0254649244	-0.0079825019	-0.0061218412	0.1567676776	0.0759480224	0.0252083429	0.1055007667	0.1040084014	0.1015367435	0.0981090648	0.0	0.0	-0.139413091159156	-0.0244134478643332	0.0005960164366245	0.0194360099865511	0.1377240443673315	0.0177030556388614	0.0189679123968946	0.0003133981789526	0.1478945599430687	0.0072060428279669	5.1927053238494585e-05	0.0218728008607539	0.0003432641600685	-4.155431741360003e-05	1.7267612957102227e-09	1.178302835875328e-07	-0.0006008490145139	-5.2330549900011555e-08	3.610195382423249e-07	2.738486452837599e-15	0.0008801034557898	-0.0001795117079771	3.2224453300855654e-08	7.745820928931485e-07	0.0	0.0	0.0	0.0	0.0	0.0	0.0	0.0	0.0	0.0	0.0	0.0	0.0	0.0	0.0	0.0	0.0	0.0	0.0	0.0	0.0	0.0	0.0	0.0
59.191472651592086	0.009734381566389	9.475818448005516e-05	3503.6304346641737	63.12446939691584	0.1866237965035964	3984.6986366421647	0.0348284414214157	59.07958802083129	0.088758399548908	3490.397720711152	0.0078780534904836	59.54822730049491	49.21253839480181	0.8713699999999999	29.847151	0.0689502993000846	0.0373343269812717	-0.0209725953	0.0174006172	-0.0048812307	-0.0328762823	0.0169681459	0.0522318235	0.0033137547	-0.0530009138	0.0506348681	0.0692621805	-0.0502077016	0.0118736616	-0.0293938093	-0.0054111146	-0.0131177631	-0.0047670393	-0.0339619469	-0.150136136	0.0888293668	-0.0927364081	-0.0355668653	-0.0824904313	0.0175188057	0.0172078117	0.1516319101	-0.0498241558	0.1170886194	-0.0332165595	-0.0184015954	-0.0034859449	0.0762395584	-0.0524794452	0.0938460786	-0.0194794151	0.0973806999	0.0182978948	0.0411420038	-0.0396668143	0.0117197618	0.0829662401	0.1720016728	-0.0245815235	-0.1261895021	0.1353585302	-0.05053265	0.1390014383	-0.1069020784	-0.0145870576	-0.0074559913	0.0101960823	-0.089152255	-0.0331402183	0.0382249418	0.0552757536	0.0731732117	-0.125636458	-0.0354026001	-0.1411614133	0.0549817088	-0.0728925115	0.026990786	-0.015093002	0.056093275	-0.1034973738	-0.0137214358	0.0005596171	-0.0378007363	-0.0120451379	0.0493204829	-0.0384601378	-0.0205730808	-0.0567091385	0.0968645524	-0.0169115797	0.0878662516	0.0690178341	0.0475826558	0.0378191151	-0.0424951519	-0.1299711653	0.0301135169	-0.1353198706	0.0969332771	-0.0744510951	0.2087234159	-0.1030968607	0.0321772787	-0.0116850995	-0.0644311767	0.0587497715	-0.0732323571	-0.0253040112	-0.0244630274	0.0729848176	0.0044239012	-0.047662746	0.1349589195	0.0873526731	0.032924253	-0.0439679742	-0.0507222178	-0.0946687734	0.0412328375	0.091840781	0.1090172805	0.0235904062	0.152439051	0.0055024866	-0.032349628	-0.0096661427	0.0838485183	0.0794179351	0.0137417947	0.0570594886	0.0368951041	0.0028034992	0.0960322573	-0.0265670054	-0.0079654296	0.0018189773	0.0332682993	-0.0099163794	-0.0401934347	-0.0129007001	-0.0525769226	-0.0109742689	0.0888308054	-0.0031883739	-0.0172118442	0.0645273216	-0.0192333084	-0.010622338	0.0004819005	-0.0205111889	-0.1429069345	-0.0071932586	0.0355730837	-0.0119910596	0.0125174611	-0.0527818105	-0.0165611055	0.105303025	0.1032218959	0.0997837604	0.0950338178	0.0	0.0	-0.1135053490677222	0.0259077420914338	0.0006712111002762	0.0128834642669854	0.1255260349975486	-0.0121980093697828	0.0157567854622057	0.0001487914325853	0.1470668553259457	-0.0008277046171229	6.850949332066927e-07	0.0216286599354626	0.000447913185826	0.0001046490257575	1.0951418591993903e-08	2.0062622203679686e-07	-0.0006006928145665	1.5619994740007084e-07	3.608318574718235e-07	2.4398423567784888e-14	0.0013756350945198	0.00049553163873	2.455516049824393e-07	1.8923719132744992e-06	0.0	0.0	0.0	0.0	0.0	0.0	0.0	0.0	0.0	0.0	0.0	0.0	0.0	0.0	0.0	0.0	0.0	0.0	0.0	0.0	0.0	0.0	0.0	0.0
59.08900397163467	-0.1024686799574183	0.0104998303722158	3491.5103903598574	62.82802799914746	-0.2964413977683833	3947.361102261657	0.0878775023108728	58.9990286069137	-0.0805594139175909	3480.885376559421	0.0064898191707457	59.493066146224734	48.94297514111625	0.848175	29.052656	0.0458917176409411	0.0260429683313909	-0.0175910122	0.0264110925	0.0136816025	-0.0142800153	0.0112668822	0.1167050083	-0.0095288703	-0.0402577607	0.0152042023	-0.0587430651	-0.0662561477	0.0129137979	0.0099078965	-0.0096351577	-0.014866744	-0.0380929021	-0.0758246363	0.0016832809	-0.0775315082	-0.1000293909	-0.0423099466	-0.0069328764	-0.1527802581	0.0545162707	-0.0811870036	0.0143232803	-0.0590108988	-0.1650259516	0.0182426516	0.066013037	0.0392607203	0.1688331502	0.0385770915	0.0691851439	-0.017456082	-0.09952334	0.0295033961	0.0744623927	0.1182106531	0.1091361555	0.0751828574	-0.0317403918	-0.0094101305	0.0998532754	-0.0396578091	-0.1134904258	0.0974791393	-0.0395539821	-0.052391467	0.0038745944	0.0544617505	0.0678878366	-0.0261202054	-0.0871246809	0.1179920371	-0.0249696431	-0.0685650513	-0.0573170213	-0.0893588559	0.0759369185	-0.0700732133	0.0703965229	0.1275323408	-0.0185554826	0.0024698273	-0.0104652664	0.0062398494	0.0027819192	0.0810322467	-0.0704097067	-0.0231410862	0.0364703605	0.0547087909	0.0344444947	0.1490543817	0.0259945123	-0.1190480221	-0.1633374786	0.0235060872	-0.0127429288	0.0045383247	-0.0063042993	-0.0127182037	-0.0359052768	-0.0586493184	0.0211755098	-0.1076787625	-0.013634779	0.0397991109	0.0406182408	0.1547069621	-0.0254019706	0.0290700664	0.1255097497	-0.144620143	-0.0368280387	-0.035936434	-0.0443514073	0.1064221661	0.0866741183	0.1274830654	-0.0761409387	-0.0937241809	0.1776260422	0.0739439362	-0.0197688695	-0.0255187656	-0.0627767522	-0.0553381664	0.1262470764	0.0267839533	-0.0930876459	0.0913921397	-0.0583869708	-0.1242442939	0.0544282335	-0.0210058598	-0.0200700233	-0.0078850036	0.0083455785	0.0230336472	-0.0267055567	-0.0444759431	-0.0134101924	-0.0301343191	0.0410055634	0.0950125738	0.0226770776	-0.0533714933	-0.0089319446	0.0052918423	-0.1095669798	-0.0100578715	-0.0482075862	-0.0496285934	0.0662380088	0.0559186878	0.0681135485	0.1224429883	-0.0199940396	0.0314618066	0.1050724821	0.1023067888	0.0977510977	0.091485117	0.0	0.0	-0.1117737945245949	0.0017315545431272	2.998281135824756e-06	0.0124933811424263	0.1282046927977802	0.0026786578002316	0.0164364432553731	7.175207610741617e-06	0.155805493646163	0.0087386383202172	7.636379969157006e-05	0.0242753518503245	0.0007238000440023	0.0002758868581762	7.611355851438986e-08	5.238865036977314e-07	-0.0006006393246136	5.3489952899941566e-08	3.607675982722816e-07	2.8611750612379667e-15	0.0009967181031017	-0.000378916991418	1.4357808638534444e-07	9.934469770506512e-07	0.0	0.0	0.0	0.0	0.0	0.0	0.0	0.0	0.0	0.0	0.0	0.0	0.0	0.0	0.0	0.0	0.0	0.0	0.0	0.0	0.0	0.0	0.0	0.0
59.00181749801111	-0.0871864736235608	0.0076014811829118	3481.2144680686097	62.64294263149829	-0.1850853676491652	3924.1382615331854	0.0342565933178266	58.96099744140502	-0.0380311655086771	3476.3992192853693	0.0014463695499483	59.44500460624695	48.84248608120747	0.8219659999999999	28.154917	0.0555876760155564	0.028078707168278	-0.0147819135	0.0240886021	-0.0015094225	-0.0112656748	0.0022268292	0.1601796616	-0.0037169918	0.0066277807	-0.0065773254	-0.042901547	-0.0430904063	0.0050259551	0.0170328282	0.0415102651	-0.0023339916	-0.0256199429	-0.0373330802	0.0743178416	-0.0114532291	0.0462268774	0.0013057875	0.04038515	-0.0452784488	0.0172758683	-0.0229387973	0.0054199663	0.0395418703	-0.0108285269	-0.0516933301	0.0782346635	0.0036305206	-0.0215084752	-0.0878752594	-0.0559462269	0.0148395695	-0.0051661117	-0.0736586062	-0.0132617655	0.0179089529	-0.0221455933	-0.0606157383	0.020440141	0.0559144543	0.1365747347	0.0478503725	0.0386813362	-0.0735281472	-0.1633000409	-0.0622607363	-0.0580615763	-0.0114928518	-0.0311832592	-0.034522226	-0.0999792093	-0.0629629595	-0.0668244427	0.0670713951	0.0602318461	0.0180833676	-0.0301984004	0.0671981043	-0.0821424449	0.0602517396	-0.0808153333	0.0109301283	-0.0413831011	0.0110098104	-0.0129139434	0.0505022392	-0.0439427733	-0.0751219258	0.0219818734	-0.0472540007	0.0178785339	0.0094397366	-0.0344189027	-0.014796206	0.0455423481	-0.0247039839	0.0825974769	0.0815304141	0.0591442327	-0.0252857146	-0.009654227	-0.0825084096	-0.0130062316	0.0388432189	0.1003457535	-0.0331137056	-0.0265581738	0.0504485745	0.059781165	0.0001972499	0.0019950267	0.0276007569	-0.092202597	0.0264590666	-0.07850997	0.055379864	0.0585315262	0.0120991882	0.0249256405	-0.0560929762	0.076352655	-0.0002320154	-0.0755949283	0.1098561061	-0.0171751324	0.0408057157	0.0780606125	0.0985076119	0.1175559578	-0.0142036964	-0.0768771461	-0.0835806464	-0.0899559952	-0.2009698118	-0.010760048	-0.0076174343	-0.0035498689	0.0329062014	-0.0136044868	-0.04738186	-0.0517211896	-0.072067285	-0.0230629045	0.1542557498	8.4489e-06	-0.0534430213	-0.0001304837	-0.0435136105	-0.0361254103	0.0029178827	-0.0990943349	-0.1199861323	-0.0155809453	-0.0236122337	0.0729475348	0.1208964055	-0.0847208033	0.09503543	0.1048092098	0.1012642201	0.0954444529	0.087480642	0.0	0.0	-0.1273450666586768	-0.0155712721340818	0.0002424645158736	0.0162167660023028	0.1405862221518816	0.0123815293541013	0.0197644858589382	0.0001533022691464	0.1606977684232262	0.0048922747770631	2.393435249428872e-05	0.0258237727762048	0.000304288826951	-0.0004195112170512	1.759896612318629e-07	9.259169020721565e-08	-0.0006008537106747	-2.1438606109998055e-07	3.610251816315561e-07	4.5961383193964593e-14	0.0009615917112079	-3.512639189380009e-05	1.2338634074768243e-09	9.246586190637374e-07	0.0	0.0	0.0	0.0	0.0	0.0	0.0	0.0	0.0	0.0	0.0	0.0	0.0	0.0	0.0	0.0	0.0	0.0	0.0	0.0	0.0	0.0	0.0	0.0
59.0755851960418	0.0737676980306929	0.0054416732727474	3489.924766254793	62.71160775549868	0.0686651240003897	3932.745747279522	0.0047148992539888	58.90205750954703	-0.0589399318579921	3469.4523788579854	0.0034739155674247	59.41420783028006	48.75409931305882	0.840979	28.806166	0.0490426249792272	0.0238969988736855	-0.0200435929	0.0307946603	-0.018883419	-0.0565292971	-0.0339223993	0.069541856	0.0753771666	-0.0122909791	0.037889181	0.0335107689	0.034653014	0.0389586838	0.0158041186	0.0641833418	0.0053102454	-0.0154265837	-0.0914083587	-0.1556185725	-0.0554504132	-0.0580369288	-0.0107627641	0.033734353	-0.0464743821	0.0334339742	0.1644310454	-0.0469448475	0.0150620413	0.0225366128	0.1470430363	-0.005135082	0.0095693187	0.0553316762	-0.0390087506	-0.0141445391	0.0320649362	0.0386791346	-0.0927761576	8.92298e-05	0.1058413557	-0.0045935568	-0.0005570042	0.0245482214	-0.0030442404	0.0143862096	0.0834391728	0.0810278597	0.1125857928	0.0665161488	-0.0251578942	-0.1000850652	-0.0544767905	0.0187378191	-0.0137118894	0.0994074223	-0.1060291725	-0.0825518196	0.1198889117	-0.0814734166	0.0221147404	-0.0244237435	-0.0281733535	0.1583633353	0.0562157775	0.0470581147	0.0012973039	-0.0509617369	0.0350513169	0.001887061	0.079457764	0.0394994716	-0.0522263582	0.0661293646	0.1006602014	-0.016953833	0.1198720107	0.0210047628	0.0038819201	0.1241404956	-0.0955845228	-0.0045786155	0.0287149358	-0.0051703486	0.0220544305	-0.1444312002	0.0594533888	-0.0075781948	-0.1254606624	0.0011675952	0.0972019031	0.0671613421	0.0025216055	0.0941938192	-0.0370861183	0.0731266968	0.0800902481	0.0471052725	0.0403656165	0.0682750408	0.0117045052	-0.009269473	0.0225846999	0.0430952718	-0.0406548322	0.0197598855	0.03415346	-0.0452250358	-0.0808547522	0.0649255636	0.0703534182	-0.0968158475	-0.0138972942	0.1665766191	-0.0545334929	0.0004182783	-0.0170197514	0.0084190846	0.0666376206	-0.0199961207	-0.0090826071	-0.0096549166	0.036038883	-0.0247624751	-0.0380532687	0.0025197757	-0.0723897223	-0.0132234506	0.0472709137	0.018181609	0.0383099351	-0.0278127007	0.030505423	0.070641183	0.0163648895	0.0500341595	-0.0620071272	0.0960575853	0.0357454853	0.0137494296	-0.0161990946	-0.0949716122	0.0032402269	0.1045132902	0.1000954889	0.0928702909	0.0830403428	0.0	0.0	-0.1394900695117655	-0.0121450028530887	0.0001475010943015	0.0194574794923971	0.1353437871379696	-0.005242435013912	0.018317940716848	2.7483124875090517e-05	0.1455662021342547	-0.0151315662889714	0.0002289642983575	0.0211895192037906	0.0001413387927956	-0.0001629500341554	2.655271363124604e-08	1.997665434891755e-08	-0.0006009201497647	-6.643908999999158e-08	3.611050263932295e-07	4.41415268002698e-15	0.0011290476544276	0.0001674559432197	2.8041492919599392e-08	1.2747486059684654e-06	0.0	0.0	0.0	0.0	0.0	0.0	0.0	0.0	0.0	0.0	0.0	0.0	0.0	0.0	0.0	0.0	0.0	0.0	0.0	0.0	0.0	0.0	0.0	0.0
59.16277923853689	0.0871940424950921	0.0076028010466359	3500.234447227852	62.65933369575663	-0.0522740597420536	3926.192099196182	0.0027325773219157	58.961829809115926	0.0597722995688982	3476.497374439152	0.0035727277957541	59.455297173559664	48.87259690015029	0.817162	27.990349	0.0343291108497852	0.0256641519532188	-0.0158546473	0.0258710446	-0.0292292113	-0.0233468793	-0.0478700544	0.0945046558	0.0702878622	0.0735667424	0.088138114	0.1088951037	0.0449387449	-0.0240566142	0.0161360343	0.023274647	0.0406778482	-0.0148812993	0.0403912368	-0.0060283273	0.0130883943	-0.0451935319	0.1641024572	-0.0297772417	-0.0287429466	0.1052665658	-0.0140642496	0.0926323115	0.0682726641	0.0461970991	0.0092778647	-0.0902788642	-0.09586741	-0.054517062	-0.0715456201	0.0150797226	-0.041605952	-0.0283243216	-0.0028768191	0.0110938939	-0.0107265189	0.0416612615	-0.1577431977	-0.1027283913	-0.0094168306	0.053760102	0.0364043448	0.0546598716	0.0112086954	-0.1034559907	0.1145983093	0.0577712842	0.1342936018	-0.112306699	-0.0095323293	0.0358675213	-0.1407065496	0.0742147973	-0.1431053651	0.0805458446	0.0475157293	0.0216795296	0.0761904252	-0.1395427108	0.0137143214	0.0506288539	0.0066703158	-0.0294935546	0.0219628949	-0.060178132	-0.0008503236	0.0481961641	-0.0191422665	-0.0682922254	0.0257244295	0.0930321798	-0.0235715098	0.0721233713	0.0493315354	0.0925184544	0.0338029772	0.2075474243	-0.0118307626	-0.0102875388	-0.0337444415	0.0878201514	-0.0355027652	0.0699238711	-0.0069343174	0.0024745601	0.0836928855	-0.0172360331	0.0019087894	-0.0398422159	0.1490856907	-0.1560359462	0.0574677401	0.0779232261	0.0393494977	0.0302536923	-0.0108478497	-0.0030378218	-0.0004283854	-0.0480214851	0.0435667782	-0.0973176116	0.0260526783	0.0156907402	0.0275129672	0.0388907009	0.0622655687	0.1142926724	-0.0977793826	0.1059803122	0.0815889253	-0.0575554941	-0.0045341017	-0.1352423474	0.001509499	-0.0175364258	-0.0211151025	0.0016923747	0.0204719375	-0.007209184	-0.0338258534	0.0245762111	-0.0835812537	0.01312223	-0.0122286835	-0.0078106652	0.0457149415	-0.0207487301	-0.0362144789	0.0682268372	-0.0106051331	0.0286592596	0.0111204356	0.0860207891	-0.0332343258	-0.0060085669	-0.0679997512	-0.0050115085	-0.030370253	0.1041848154	0.0988020511	0.0900358269	0.0781863408	0.0	0.0	-0.1392732156134855	0.00021685389828	4.7025613199242464e-08	0.0193970285873204	0.1352368376813615	-0.0001069494566081	0.0182890022660549	1.1438186268769473e-08	0.1513176863290368	0.0057514841947821	3.30795704428284e-05	0.0228970421959727	0.0006163120749402	0.0004749732821446	2.2559961875121385e-07	3.798405737170948e-07	-0.0006006797033546	2.404464100999506e-07	3.6081610602217033e-07	5.781447612995362e-14	0.00103918491698	-8.986273744759996e-05	8.075311581576285e-09	1.0799052916787297e-06	0.0	0.0	0.0	0.0	0.0	0.0	0.0	0.0	0.0	0.0	0.0	0.0	0.0	0.0	0.0	0.0	0.0	0.0	0.0	0.0	0.0	0.0	0.0	0.0
59.279805774552	0.1170265360151106	0.0136952101316959	3514.095372668609	63.126558445869605	0.467224750112976	3984.962381219791	0.2182989671181329	58.98479325814506	0.0229634490291346	3479.205835706115	0.0005273199913136	59.46943098977208	49.12160092059938	0.8350649999999998	28.6036	0.1114509910946867	0.0553769320628752	-0.0083471495	0.0022558137	-0.0487021896	0.0130094698	-0.1120949187	0.0078593976	0.1038035105	0.0316566972	0.1309370167	0.0782241621	-0.0560777075	-0.0457323209	0.0175401872	0.0420193749	0.0058412095	-0.0418377126	0.1733288392	-0.0625522327	-0.0336972187	-0.0636465221	0.0039594233	0.0702568603	0.0590194962	-0.0579290787	-0.0427809396	0.0832152947	0.0535502308	-0.0772946137	-0.0435139621	-0.0682591233	0.0851139669	-0.0635592191	-0.0964565399	0.0244726488	0.0557049396	0.1839955255	-0.0334603677	0.0610226465	0.0354488451	-0.1419664776	-0.0714593801	-0.0595189824	-0.0721324776	0.0352950019	-0.0274606104	0.0452759282	0.1530383342	0.1234386074	0.0724004367	0.0432767174	-0.0751426453	-0.0044830347	0.0612644927	-0.0579573422	0.0162182496	0.1028361617	0.0005262842	-0.0824891548	0.0478003444	0.1360164333	-0.1002509401	0.0843787241	-0.0741592173	0.0967948644	0.0115119643	-0.0428989328	-0.0148338179	-0.0733263554	-0.0855530402	0.0962447777	-0.0465169578	-0.0661991449	0.0205650861	-0.1368103838	0.0823941155	0.0416031384	0.1321501112	0.0214467255	0.1316696375	0.0001617967	0.0338279314	-0.0378792431	-0.0225909323	0.116768422	-0.0050819867	-0.0565956169	-0.0488684201	-0.0663280603	0.0518707823	0.0791399951	-0.0065086922	0.1187687726	0.0080580184	-0.0937199361	0.0091269512	-0.0805897825	0.083378531	-0.0460293303	-0.1741856434	0.0051244658	0.0277021054	0.0750377854	0.0227548465	0.0599339865	0.0734349567	0.0554374244	-0.0276627497	-0.0699652804	-0.0904846126	-0.023716011	-0.1303547589	-0.0877323792	-0.031052747	0.0956165127	0.0676120482	0.1222746317	0.1209377094	-0.010727562	-0.0018564133	0.0077167696	0.0217773748	-0.038668593	-0.0131159204	-0.0250456805	-0.0289704224	0.0019165419	-0.0029971446	-0.0546713278	0.0590091389	-0.0172678058	0.0714905057	0.0853338499	-0.0207594122	-0.0001992002	-0.0021350403	-0.126694189	-0.0425402199	-0.0461119639	0.0111219211	-0.0521261677	0.043144773	0.1038238878	0.0973855183	0.0869490055	0.0729428184	0.0	0.0	-0.1554286308615644	-0.0161554152480788	0.0002609974418378	0.0241580592915004	0.0925683090602831	-0.0426685286210783	0.00856889184228	0.0018206033346877	0.1723739012127012	0.0210562148836644	0.000443364185227	0.029712761819286	0.0003620059556735	-0.0002543061192667	6.467160229648907e-08	1.3104831194308406e-07	-0.0009388050534757	-0.000338125350121	8.81354928431512e-07	1.1432875239451645e-07	0.0010781700944295	3.8985177449500034e-05	1.5198440607690061e-09	1.162450752522117e-06	0.0	0.0	0.0	0.0	0.0	0.0	0.0	0.0	0.0	0.0	0.0	0.0	0.0	0.0	0.0	0.0	0.0	0.0	0.0	0.0	0.0	0.0	0.0	0.0
59.39380045974057	0.1139946851885653	0.0129947882512401	3527.6235330514787	63.2692912842365	0.1427328383668964	4003.003219609565	0.0203726631482705	59.05992679864588	0.075133540500822	3488.07495346141	0.0056450489081886	59.54191325604916	49.36164477874978	0.840748	28.798243	0.0478759557698369	0.0291474907480971	-0.0070740569	-0.0034187166	0.000249803	-0.0261145152	-0.0160578561	-0.0394479578	-0.0223692204	0.0313290269	0.0148976121	-0.0079866719	-0.0448029023	0.0290304562	-0.0087637318	-0.0158299978	0.0227624934	0.0418577248	0.0634281655	0.0559313968	-0.127276741	0.067868152	0.0182224076	0.0037187732	-0.0993779425	0.0924521047	0.0157507825	-0.0510198564	0.1424554756	-0.0650670117	-0.0108407544	-0.0484576184	-0.1722084556	0.0387470594	-0.0635873606	0.0193868652	-0.1681349365	0.1008910116	0.0276540885	-0.0350651487	-0.036052032	0.0058576063	0.089893024	-0.0738227077	0.1159217953	0.0323051738	-0.0619803949	-0.0063395352	-0.071116799	0.0551783072	0.0332532022	-0.0095461371	-0.0203640331	0.1372756752	-0.0588168403	-0.0550043	0.107484364	-0.0173990829	-0.0680503302	-0.051858437	0.0851715912	-0.0413253558	0.0384141009	0.0978372835	-0.0614266086	0.0596354329	0.0019531352	0.0061884626	-0.00721708	-0.0083995874	-0.0778888314	0.0308496094	-0.0282176487	0.0700234097	-0.049479528	0.1266432121	0.0129450976	-0.1596696962	-0.0682613686	0.0130422765	-0.0567592363	0.0054960095	0.0580976945	-0.0232032415	0.1225936221	0.1018837493	-0.0304593671	0.0972391962	-0.11934163	0.0394258039	0.0892085329	0.0162317489	-0.0656483347	-0.0779164732	0.0068802083	0.0529886745	-0.0820250459	-0.059376918	0.0507584556	0.0718228475	0.0270618017	0.0517656532	0.1226968366	-0.0135907954	-0.0106735903	-0.1311839983	-0.0452585571	-0.0451136611	0.0742585897	-0.1132214584	-0.0606556713	-0.0210751651	-0.0360143432	-0.0415355938	0.0171943282	0.038742118	0.0640302327	-0.0249206005	0.0059002656	-0.0127067336	0.0001901497	0.0100464814	-0.0040166423	-0.0308396135	0.0027409784	-0.0271917117	-0.0210154212	-0.0373948325	0.0332305237	-0.0004064093	0.0004143695	-0.0035046914	-0.028602793	-0.0693989918	0.0304846697	0.0250122632	0.0194287616	-0.0971206509	0.0372001805	-0.0139134572	-0.1351345253	0.0088918422	0.0156143697	0.1034306197	0.0958476552	0.0836184785	0.0673358985	0.0	0.0	-0.1557057682696978	-0.0002771374081333	7.680514298689809e-08	0.0242442862724568	0.0959065810535122	0.0033382719932291	0.0091980722893739	1.1144059900777788e-05	0.1694032575676018	-0.0029706436450994	8.824723666169529e-06	0.0286974636745152	0.0003301869539149	-3.1819001758600035e-05	1.0124488729137922e-09	1.0902342453560029e-07	-0.0006008970853683	0.0003379079681074	3.61077307204118e-07	1.141817949104717e-07	0.000622099009828	-0.0004560710846015	2.0800083420958858e-07	3.870071780289781e-07	0.0	0.0	0.0	0.0	0.0	0.0	0.0	0.0	0.0	0.0	0.0	0.0	0.0	0.0	0.0	0.0	0.0	0.0	0.0	0.0	0.0	0.0	0.0	0.0
59.39733937657414	0.0035389168335697	1.25239323549235e-05	3528.0439250159247	63.33974007342725	0.070448789190749	4011.922672569326	0.0049630318984425	59.13889163456693	0.0789648359210488	3497.4085037650507	0.0062354453120381	59.64176123440266	49.38898442293771	0.8519259999999999	29.181122	0.0335498115524491	0.014574418716021	-0.0046445501	0.0044210371	0.0065566055	0.0042251916	-0.0107468421	-0.0281583065	-0.0081213545	-0.0016009481	-0.0404663518	-0.0090213753	0.0311059335	0.0075110267	-0.0221357002	-0.0273623463	-0.0086927081	-0.0344429308	-0.0207191174	-0.021914119	0.0259948894	-0.0257236941	-0.0540699856	0.097970586	0.0244926148	-0.0387876425	-0.0632480905	0.0815979786	-0.1477099876	0.1371382514	0.0779470356	-0.0823608615	-0.1570768075	-0.0330923029	-0.0618146428	0.0525297734	0.0440192895	-0.0214019088	-0.1229967847	-0.037487135	-0.0877206401	-0.0727612351	0.1241700415	-0.0060193516	-0.1198063764	0.086999276	0.012690902	-0.0615193845	-0.2024686013	-0.0526752932	0.0706553019	-0.027421103	-0.1232034171	-0.2010839896	0.0077635649	0.1466134339	-0.0260427671	-0.0534086403	-0.0186770796	-0.0051607738	0.0541834699	0.0145890798	-0.0315335564	0.0498620393	-0.0773786464	0.0245924646	-0.0064894304	0.0309491901	-0.0317119961	0.0118149955	-0.0053076818	-0.0326264905	0.0343832028	0.0681018659	0.0496951624	-0.0335534146	0.0893554035	0.0336718703	-0.0854944316	0.0643903793	-0.0251991548	0.0454833526	-0.1554475829	-0.020692717	0.0169045012	0.0539320302	-0.0688342963	0.0477539814	0.0242409322	-0.0525216155	-0.2026919792	-0.0010561544	-0.1830739884	0.0060744503	-0.0536327144	-0.1345630615	-0.081815806	-0.0044084662	0.0686256377	-0.028313361	-0.1075918051	-0.069684508	-0.2042256519	-0.1341756095	0.0036219852	-0.0749425716	0.037722993	-0.0186332465	0.0458261334	0.1833261864	-0.024648138	-0.0589015069	0.0356257487	0.1672156217	-0.029710155	-0.0335774647	-0.0569000779	0.0273172727	0.0342116654	-0.0054085758	-0.0005652083	0.0115340734	-0.0092298684	-0.011208257	-0.0221451795	-0.0405181452	-0.0038711557	-0.0484064804	0.0260758737	0.0639880867	-0.0514409013	0.0266228906	-0.043496759	-0.0415291886	0.0543054435	0.0553898817	0.0398165579	-0.1103862704	0.010406907	0.0185576996	0.0623635882	0.0493869796	-0.0378237206	0.1030051337	0.0941903779	0.080053581	0.0613935146	0.0	0.0	-0.1458165614785969	0.0098892067911008	9.779641095715596e-05	0.0212624696014414	0.0877308940004013	-0.0081756870531109	0.0076967097621096	6.684185879040528e-05	0.1640666046205794	-0.0053366529470224	2.847986467696289e-05	0.0269178507517255	0.0003851439938145	5.495703989960002e-05	3.0202762345262283e-09	1.483358959713836e-07	-0.0005058906627992	9.500642256909996e-05	2.559253627074139e-07	9.026220329378385e-09	0.0005690971770724	-5.300183275560005e-05	2.809194275452598e-09	3.2387159695177457e-07	0.0	0.0	0.0	0.0	0.0	0.0	0.0	0.0	0.0	0.0	0.0	0.0	0.0	0.0	0.0	0.0	0.0	0.0	0.0	0.0	0.0	0.0	0.0	0.0
59.30543267572058	-0.0919067008535563	0.008446841661785	3517.134344854426	63.13764338797712	-0.2020966854501296	3986.3620125873713	0.0408430702699286	59.05402654805174	-0.0848650865151938	3487.3780515379995	0.0072020829092313	59.54700753614306	48.74779264752105	0.8726319999999999	29.890392	0.154041011236206	0.0864218671831969	0.0180219053	0.0058941696	-0.0065029789	0.0276597606	-0.0388516451	-0.0130563265	-0.0458135094	0.0537012109	-0.0203542841	0.0374509846	0.0754443283	-0.0873304073	0.002629438	-0.0157058633	0.0007116808	0.0197163201	-0.0710079432	-0.0317141379	0.118048628	0.1008936393	-0.1137219791	0.0768708265	-0.0513473852	-0.0743953637	-0.1287457488	0.1057434646	-0.0799971887	-0.1064551919	-0.0663811758	-0.0794447472	-0.1414945346	0.1099696823	0.1853041409	-0.1860566555	0.120779988	-0.0577948408	-0.0632440706	-0.0389423998	0.0350920401	-0.0667016546	0.0373638607	-0.104957181	0.0118826205	0.0910124799	0.0087901058	0.0047960635	-0.0006920181	-0.006055209	-0.0981739191	-0.0356427279	0.0108624584	0.1765610091	-0.0404107554	-0.0498892423	0.0545598132	-0.0791288896	-0.040811227	-0.0279079	-0.037420541	0.0906688755	0.0028328647	-0.045914373	-0.0053080673	0.024658248	0.0025557128	-0.0027751688	0.0187051158	0.0206235245	0.018057622	-0.0914647541	0.0776613798	-0.0716515011	0.0540158205	-0.0047318482	0.0509641141	0.0722233624	-0.2296361448	-0.0286304647	0.0088713199	-0.0858088849	-0.1492040754	0.0711570092	0.0591909663	0.0815778404	-0.0021097508	-0.0578005762	0.0087986085	0.0386542983	-0.1138754099	0.0169212156	0.1803248526	-0.0085460608	-0.0741421492	-0.0742993265	0.0860694277	-0.1373232837	-0.0015873683	-0.0268153852	0.041268448	-0.0978244143	0.0718626649	0.0818210269	-0.0269068343	-0.0245735106	-0.0873370101	-0.2840759357	0.072291862	0.0553223338	-0.0504960546	-0.0125345313	0.0114314457	0.0149597097	0.0602636398	0.0502031232	0.1108300372	-0.0554231663	0.1195307761	0.0175534872	0.0021621446	0.0187422279	-0.0175704617	0.0402367495	0.0474391963	-0.0941747606	0.0015840954	0.011816205	0.0493714603	-0.0521672961	0.0242997403	-0.0466772072	-0.1292334529	0.080593052	0.0468383409	-0.0140598506	0.0344544107	-0.053394699	-0.0301253287	-0.0191698006	0.1604933734	-0.0084722463	0.0399676456	0.1025475623	0.0924157511	0.0762643048	0.0551452713	0.0	0.0	-0.166217047010079	-0.0204004855314821	0.0004161798099202	0.0276281067167508	0.0801829512121656	-0.0075479427882356	0.0064293056650925	5.697144033447912e-05	0.2053460572931627	0.0412794526725832	0.001703993212948	0.0421670032458468	-0.0010378677300409	-0.0014230117238554	2.024962366229917e-06	1.0771694250602505e-06	-0.0006292181781697	-0.0001233275153704	3.9591551573919633e-07	1.5209676047460908e-08	0.0004191738114202	-0.0001499233656521	2.2477015568483256e-08	1.7570668418053741e-07	0.0	0.0	0.0	0.0	0.0	0.0	0.0	0.0	0.0	0.0	0.0	0.0	0.0	0.0	0.0	0.0	0.0	0.0	0.0	0.0	0.0	0.0	0.0	0.0
59.424475725262425	0.1190430495418439	0.0141712476442219	3531.268315222303	63.43029665439687	0.2926532664197481	4023.402533664791	0.085645934346148	59.04869431892871	-0.0053322291230273	3486.7483007702835	2.8432667420460832e-05	59.55543524324894	49.17922196337643	0.903222	30.938166	0.1413186326103143	0.0593146608022582	0.0384489172	-0.0264566211	-0.024794373	0.0094043026	0.0323263886	-0.0355125054	-0.0271943206	0.0401144881	0.0886409249	0.029237753	-0.0812984341	-0.0185430355	0.0045995845	-0.0018535915	0.013627541	-0.0060198449	0.0938722737	0.0439097031	-0.0658892904	0.0094206805	0.2049156107	0.1558788323	0.104934834	0.0232153086	-0.0225110767	-0.0336314403	0.0838024271	0.0015004849	0.0971484265	0.0882252867	0.1770748514	-0.196047178	0.0896579273	0.042065862	0.0510242018	-0.1843087627	-0.0043606891	0.0322456222	-0.1725911804	0.1012214861	0.0822814658	0.1058195841	-0.0689776849	-0.0125045949	0.1100366687	-0.0016391833	-0.0805136163	0.1419285783	-0.0351217504	0.0589612693	-0.0204394399	-0.0115327514	-0.0595066973	-0.0888324658	0.0142735298	-0.078861813	0.0312698414	-0.0128107934	0.0811710061	0.09133436	-0.0848118189	-0.175262714	0.0964085834	0.0219012951	0.021986563	-0.0021674308	-0.0297961243	-0.0281374939	-0.0675915175	0.0615749824	0.1145562553	0.0579992358	-0.0206612079	-0.0315682143	-0.0167050051	0.0234458205	0.1540996009	0.0449092468	0.0975803666	0.1520132605	-0.0720417306	-0.083548163	0.1802126204	-0.1010446382	0.106562201	-0.147877762	0.106178556	-0.1476636629	-0.016425621	-0.1378488842	0.0325329956	-0.0385692263	0.0698507029	0.0951965929	-0.0798840641	0.0216094997	0.0001755616	-0.0316154494	0.0014966177	0.1029874934	-0.0763278353	0.0118154214	0.1959206548	-0.0444456154	0.0184184966	-0.0647372234	-0.1501203016	-0.0115999859	-0.1563228396	0.0695026916	0.1672531172	-0.0256054708	-0.043254445	0.1091398925	0.0212183454	-0.0018668653	-0.1091664559	0.0394115782	0.0276425774	0.0135194722	-0.0512832504	0.074033341	-0.0022854935	-0.0814797281	0.0219799301	-0.0141385054	-0.0254665922	-0.0317944282	-0.0589207722	0.0522848494	-0.0277392093	-0.0220920809	0.0408209547	0.0745638604	-0.0449798543	-0.0573044127	-0.0614538548	0.045648414	-0.0388416373	0.0092943125	0.0251261474	0.1020580481	0.0905259858	0.0722612707	0.048622297	0.0	0.0	-0.1552805183803656	0.0109365286297133	0.0001196076584685	0.024112039388475	0.09728357543257	0.0171006242204043	0.0094640940489445	0.0002924313487274	0.2233663373992769	0.0180202801061142	0.0003247304951028	0.0498925206831676	-0.0017199814944	-0.0006821137643591	4.65279187528142e-07	2.9583363410784574e-06	-3.6903017560652174e-05	0.000592315160609	1.3618327050818026e-09	3.508372494873221e-07	0.0010499688795337	0.0006307950681135	3.9790241795631525e-07	1.1024346479892536e-06	0.0	0.0	0.0	0.0	0.0	0.0	0.0	0.0	0.0	0.0	0.0	0.0	0.0	0.0	0.0	0.0	0.0	0.0	0.0	0.0	0.0	0.0	0.0	0.0
59.4260825263111	0.0016068010486733	2.581809610017905e-06	3531.4592844239373	63.28233948159725	-0.1479571727996216	4004.6544902641217	0.021891324982857	59.08056236512704	0.0318680461983262	3490.512849379665	0.0010155723684986	59.55815899893641	49.43388762692238	0.856047	29.322296	0.1279226170622147	0.0624671239180837	0.0127458615	-0.0087784181	-0.0222895746	0.011841251	0.0137985542	-0.0430754063	-0.0533714085	0.065675939	0.0890173686	9.31e-06	-0.03146291	-0.0597533426	-0.0016302111	-0.0101694927	-0.0036236642	-0.0120397314	0.0549830099	-0.0138306258	0.0277041669	0.0670566019	0.1081930768	-0.0080344831	0.0312259537	0.0913198368	-0.1060821539	0.1064945433	0.200709794	-0.0228544514	-0.0303960498	-0.046921895	0.0499250455	0.0018732653	-0.1353471743	-0.023143723	0.0242665438	-0.0198093299	-0.041251769	-0.0017920786	0.0009911337	-0.0338574406	-0.1826017552	0.085986413	-0.005096151	-0.0253400863	-0.0928176859	-0.0323757044	0.0282522027	0.1624877242	-0.0081671314	-0.1217562247	-0.0391291494	0.0553577465	-0.09440952	0.1372576815	-0.0279596628	0.0120964081	0.0905686973	0.0204156103	-0.003760618	-0.01490197	-0.0576101784	0.1677058112	-0.0255976039	-0.0504924711	0.0089722426	0.0064509321	-0.0019782667	0.0054268618	-0.0268975269	0.0076552001	0.0789295457	-0.0790245664	-0.0472806636	-0.0291516326	-0.0058789038	0.0086738677	0.1815273054	0.0030463216	0.0289237798	0.1490600619	0.0115489755	0.0164036662	0.0147654296	-0.0403071893	0.0306332752	0.0946171153	-0.0428356724	0.1387783858	0.0501275452	0.0191782515	0.0032465905	-0.1192266448	0.1110465429	-0.0196231745	0.1083058603	-0.043060259	0.101579557	0.0040769688	-0.1594847273	0.0349194178	0.0736473779	-0.006635376	-0.1464074174	0.0772379356	0.0173204529	-0.0713519015	-0.0893955611	0.0621527819	-0.0343445073	0.028311514	0.0130428645	0.1075982463	-0.0758654562	-0.1048063498	-0.008633059	-0.0292923477	0.0697234186	0.0108046554	0.0120266803	0.0116231822	-0.017633101	0.0244844424	0.0193207299	-0.011149712	0.0099709013	-0.009528255	-0.0627034075	0.0225427646	-0.0033666865	0.041755196	0.1096562978	-0.007666497	-0.0147501463	0.0316588159	0.0350118342	-0.0955644521	-0.0621859701	-0.0006883643	-0.0973834504	0.0354741341	-0.0399545206	0.1015367435	0.0885234364	0.0680556987	0.0418570888	0.0	0.0	-0.1482881440992827	0.0069923742810829	4.889329808674964e-05	0.0219893736804096	0.0932027461003173	-0.0040808293322527	0.0086867518806402	1.6653168038974064e-05	0.1862095675958102	-0.0371567698034666	0.0013806255422278	0.0346740030642186	-0.0009072910236876	0.0008126904707124	6.604658011867424e-07	8.231770016640932e-07	-0.0005413512583927	-0.000504448240832	2.930611849633598e-07	2.544680276785477e-07	0.0007732547181699	-0.0002767141613638	7.65707270992712e-08	5.979228591720115e-07	0.0	0.0	0.0	0.0	0.0	0.0	0.0	0.0	0.0	0.0	0.0	0.0	0.0	0.0	0.0	0.0	0.0	0.0	0.0	0.0	0.0	0.0	0.0	0.0
59.3110694846937	-0.1150130416174022	0.0132279997420862	3517.802963418164	63.36765543957974	0.0853159579824947	4015.4597559093	0.0072788126864708	59.05414814632424	-0.0264142188027989	3487.39241328801	0.0006977109549621	59.56211391091347	49.38788400992932	0.8437799999999999	28.902113	0.0220184991420285	0.0108109768325304	0.0055679457	-0.0067586367	0.0165288759	0.01173308	0.0486616802	0.0313247878	-0.0554410608	0.0026061502	-0.0629283637	-0.103322072	-0.0232451129	0.1175535812	0.0069256495	-0.0285629306	-0.0384797989	-0.0160461952	-0.025281089	0.1844021171	0.0288593004	-0.0478671522	0.0248866618	-0.097131727	0.2623877457	0.0374495985	-0.0119081627	-0.0948396686	-0.0667855831	-0.1116638974	-0.0383519184	-0.1047816759	-0.0871371486	0.0933603179	-0.0243070009	-0.0685820166	-0.0146142075	0.0497871078	0.0679841745	-0.1212268948	0.0629386239	0.0314287379	0.0798546462	0.1433313892	0.0032249576	-0.0671030791	0.1164140196	-0.0152826029	0.0692663958	0.0464518261	-0.0109295997	0.0518711817	0.1604332159	-0.0058970922	-0.0070353551	-0.064429255	-0.0554093292	0.0845930951	0.0542178213	0.0269468306	-0.0358019974	-0.1535070595	0.1016894374	-0.0374975525	0.0103372066	-0.1648848143	0.007784161	0.0232799429	-0.0004785317	0.041387788	0.0275802834	-0.0253134118	-0.0383450611	0.0621702181	0.0407656856	0.0790021847	-0.2728365237	-0.0408147666	0.1405430656	-0.1105783524	0.0419519099	-0.0951519013	-0.0895541341	0.0485044062	0.001541252	0.1087378754	-0.0976170717	0.0261080667	-0.0169426346	0.0056623407	0.0630502772	-0.0133928706	0.1670051043	0.065528794	0.0062969386	0.1354141484	0.0715087521	-0.0065808344	-0.0382081565	0.2277782583	-0.1163466486	0.0149583999	-0.0278593038	0.049511764	-0.0101017253	-0.0033102898	-0.0862567203	0.1411493376	0.0060661113	0.0538170205	0.0196776081	-0.0440226045	0.0672184008	-0.0876479511	0.0014438246	0.0128247432	-0.1214934576	-0.0978533475	-0.1110179897	0.0062399155	0.0053217935	0.0158312338	-0.0300814361	0.0445505674	0.0316228001	0.0024219515	0.0130820703	-0.0192582641	-0.0289190019	-0.0168810132	-0.0532695516	-0.0114521497	0.0706426208	-0.0705518089	0.0354528207	0.0094755232	0.0709554634	-0.0191037063	-0.0979065428	-0.0385559917	-0.0595730827	0.0733088903	-0.0733800606	0.1009838109	0.0864105979	0.0636593764	0.0348833508	0.0	0.0	-0.1555487226795122	-0.0072605785802294	5.271600131968732e-05	0.0241954051272277	0.0913074609404702	-0.0018952851598471	0.0083370524233954	3.592105837136664e-06	0.1844215910899933	-0.0017879765058169	3.196859985353257e-06	0.0340113232601646	-0.0007612632961657	0.0001460277275219	2.1324097205210272e-08	5.795218060890663e-07	-0.0006028001703617	-6.144891196900007e-05	3.6336804538809457e-07	3.7759687821739205e-09	0.0007872712566017	1.4016538431800064e-05	1.964633496101282e-10	6.197960314712199e-07	0.0	0.0	0.0	0.0	0.0	0.0	0.0	0.0	0.0	0.0	0.0	0.0	0.0	0.0	0.0	0.0	0.0	0.0	0.0	0.0	0.0	0.0	0.0	0.0
59.24862426734025	-0.0624452173534493	0.0038994051703195	3510.3994775724595	62.97323718476802	-0.3944182548117254	3965.628601529049	0.1555657597287271	58.930744700748434	-0.1234034455758035	3472.8326709847897	0.0152284103799803	59.45625684261322	49.04000698567226	0.81348	27.864222	0.0484721346583767	0.0270173299857289	0.0140434603	-0.0036729857	-0.0069690369	-0.0032279035	0.0291964342	0.0541401675	-0.0128322737	0.0268278796	-0.0889925948	-0.0824461177	0.0123015238	0.1072136046	0.0185719066	0.0202154736	0.0510098315	0.0119901869	-0.0937765787	0.02276791	0.1369893629	-0.103191532	-0.1062239764	0.0009974054	-0.0046947674	-0.0104278415	0.012251158	0.1006958903	-0.0451754272	0.0484435375	0.0185118179	0.0936510855	0.1033166197	0.1005653616	-0.0128994701	-0.1033787486	-0.0042121556	0.0501579174	0.1115104757	0.0694101852	0.0841735225	0.0639516398	0.0244699027	-0.0177689783	0.0543046288	0.0848670283	0.0264854127	-0.1237560855	0.10671922	0.0347539982	-0.0626558292	0.1752293531	0.071972536	0.0730121959	-0.0248394793	-0.0165112462	-0.0111498979	-0.0033844274	-0.0109462435	0.0638076532	0.089326117	-0.1599152986	0.0420109182	-0.0633504206	-0.1043142816	-0.0869205936	0.0148777794	-0.0105047866	0.0259630858	-0.0189214148	0.0322491855	-0.1065831635	-0.0822107181	0.0248523113	0.0920641094	-0.0571403098	-0.1009125595	0.0804032829	-0.056581527	-0.0637354867	-0.0052292261	-0.0612991486	-0.0344947397	-0.0048813542	-0.0490046936	-0.0710306774	-0.0167332013	-0.101667038	-0.0013844708	0.1440791138	0.0535739141	0.0858163187	0.0074723312	0.0313610227	-0.0354855749	-0.034719429	-0.0228171313	-0.0822526523	-0.0829773522	0.0424425187	0.147039409	0.0877272488	0.0709202119	-0.1234129183	0.037474883	0.0043109248	-0.0646943036	0.0716513977	-0.0933580567	-0.0251261083	-0.0073547035	-0.081988316	0.0500420728	-0.0478001857	0.0467975798	0.1315299835	-0.046481206	0.0505290013	0.0140544346	0.0101446978	-0.0023569254	0.0175704498	-0.0277481773	0.0355741741	0.0107563663	-0.0054362669	0.0098401708	-0.0426960087	0.0131858483	-0.0108609212	-0.0437498656	0.0028473264	0.0097776691	-0.0427938559	0.0143827732	0.0437886232	-0.0314255335	-0.0904994578	-0.0637523959	0.0549645825	-0.0736563558	0.084721776	-0.0313348523	0.1003994225	0.0841901024	0.059084626	0.0277358257	0.0	0.0	-0.1557652370218534	-0.0002165143423412	4.687846043944752e-08	0.0242628090644741	0.0732591706259029	-0.0180482903145672	0.0053669060807951	0.0003257407832789	0.2025736845677315	0.0181520934777382	0.0003294984976245	0.0410360976793467	-0.0007953256859451	-3.4062389779400013e-05	1.1602463974837746e-09	6.325429467240439e-07	-0.000555749748037	4.705042232470004e-05	3.0885778244318895e-07	2.213742240932632e-09	0.0006272793382312	-0.0001599919183705	2.5597413943872752e-08	3.934793681717722e-07	0.0	0.0	0.0	0.0	0.0	0.0	0.0	0.0	0.0	0.0	0.0	0.0	0.0	0.0	0.0	0.0	0.0	0.0	0.0	0.0	0.0	0.0	0.0	0.0
59.291498173006126	0.0428739056658784	0.0018381717870466	3515.4817555995887	63.15688854075493	0.1836513559869104	3988.792570149341	0.0337278205558308	58.92901817030111	-0.0017265304473212	3472.6291825156786	2.9809073855274717e-06	59.44826251044869	48.95276028246443	0.8263899999999998	28.30645	0.0335279463596036	0.0259311978951321	0.0178214208	-0.0048110735	-0.0119160165	-0.0030931769	0.0366003718	-0.0188775293	0.0357491511	0.0060233386	-0.090248912	0.0293283752	0.0622957792	0.0643986551	0.0414570883	0.0192456141	0.008352403	0.0868627787	-0.0461403877	0.1329862876	0.0095154347	-0.1547097269	-0.041966367	-0.0515496068	-0.0557988473	-0.0648655365	0.0163554995	-0.0559775974	-0.0434280633	0.0012347025	-0.0329198289	0.0209224989	-0.0382202528	0.0561215691	0.0692712361	0.0069831372	-0.0822583609	-0.0869731851	0.0723760104	-0.0983673685	0.0018573131	0.0849808528	0.1079952152	-0.0581809223	-0.0633899625	-0.0752814889	0.076175496	0.0282019668	-0.0779097899	-0.0290330899	-0.0577112909	-0.0168262549	-0.1457888551	-0.0410771965	0.0729755537	-0.0982420211	-0.0149641865	0.0623044228	0.1293756902	0.1769057803	-0.06159822	-0.1022200446	-0.1185554842	0.0189587785	-0.0761400357	0.1772215556	0.0303944428	-0.0183269016	0.0314623699	0.0385289154	-0.0250929976	0.0030930744	-0.0344740076	0.1619148217	0.0307684997	0.0120618605	-0.0131154888	0.0739008254	-0.0558640434	-0.15674702	-0.1167833913	-0.0390191739	-0.075616501	-0.057845257	-0.0346055006	0.0341732275	0.0278401173	0.0808225339	0.0409873484	-0.0630782893	-0.017884276	-0.073499077	0.040109686	-0.0343332345	0.017884116	0.1382641667	-0.0064902782	-0.0240685233	-0.1071647916	0.0277957631	0.1074723247	-0.0948262967	-0.0763348688	0.0886965613	0.0787050759	0.0151155363	-0.0692725798	0.0058493962	0.0062651647	0.1211178141	0.0315312194	-0.1660455296	-0.0743859388	-0.0195975119	-0.2057358099	-0.1606662512	0.0040241641	0.0571112907	-0.0158232753	0.0117381049	-0.001819997	0.0127052733	-0.038542372	0.0404645154	-0.0078905484	-0.0145508686	0.0068788717	-0.0486484696	0.0030533681	-0.0233877476	-0.0444864958	-0.01979608	-0.0802715099	0.0219781677	0.0872082972	0.0362920488	-0.0173536365	-0.0853073966	0.0578696167	0.0600826603	-0.0307180076	0.0274765893	-0.0388088147	0.0997837604	0.0818647166	0.0543442699	0.020450122	0.0	0.0	-0.1556505322127748	0.0001147048090786	1.3157193225758749e-08	0.02422708817812	0.0986007218419047	0.0253415512160018	0.0097221023477446	0.0006421942180332	0.2075693883350098	0.0049957037672782	2.4957056130398467e-05	0.0430850509737701	-0.0007583191128464	3.7006573098700025e-05	1.3694864525094283e-09	5.750478769081512e-07	-0.0005557470999288	2.648108199951662e-09	3.088548390792717e-07	7.012477038651236e-18	0.0006517898483692	2.4510510138000037e-05	6.007651072250023e-10	4.2483000643714486e-07	0.0	0.0	0.0	0.0	0.0	0.0	0.0	0.0	0.0	0.0	0.0	0.0	0.0	0.0	0.0	0.0	0.0	0.0	0.0	0.0	0.0	0.0	0.0	0.0
59.36459285208773	0.0730946790816062	0.005342832110043	3524.154884494146	63.09473770730039	-0.0621508334545382	3980.9459263530334	0.0038627260990937	58.96987411529725	0.0408559449961387	3477.4460531740046	0.0016692082415275	59.46785461902618	49.05218313475034	0.833651	28.555141	0.0358766194017802	0.0221625841741488	0.0152353457	-0.0022920543	-0.0216850058	0.0249034476	0.0471829829	-0.0215132859	-0.0544912456	0.0674326114	-0.0292930348	0.0710727586	0.0972212257	0.0061383446	0.0220762074	0.0620140543	-0.0190437199	0.0087851017	0.1059775319	-0.0037892901	0.1017227843	0.013827544	-0.0121701352	0.0017277322	0.0701877659	-0.0743233287	0.101906927	-0.0953457922	-0.0022145762	-0.1031473024	-0.0310813051	-0.1129021866	-0.1123991668	0.0338636218	0.0806735155	0.0845018637	0.0532891664	0.0076048025	-0.0133231807	0.1235018776	-0.0165604243	-0.0570545744	0.0720951077	0.043386109	-0.0542937013	-0.0725859065	0.0670764564	0.0148948965	0.0083804238	-0.0001970691	0.020054642	0.114017662	0.0491949226	-0.0527604249	0.0019584209	0.0857755995	0.0844265751	-0.0829172404	0.0886236087	-0.0419552268	-0.0677896368	0.0624585027	0.0351440005	-0.0685286763	0.0253858842	0.0918556312	0.0133465256	-0.0738734406	-0.0024761204	0.0283108703	-0.0988828363	0.0787378947	0.0128313425	0.009582831	0.0722641316	0.0739687256	-0.0591572522	0.0203812843	-0.0065506448	0.0544231156	0.0742208708	-0.1441531903	0.0215618693	-0.0559148182	-0.0354658364	0.1363075669	0.0434176708	0.0074003751	-0.0451966268	-0.0712729084	-0.1362479199	0.0874371567	0.0928265879	-0.0002460584	-0.1151826238	0.0388130295	0.0507887952	0.1005454579	-0.0867831623	-0.030974621	-0.0070601354	0.0395182219	-0.034969835	-0.0136682394	0.1488666257	0.0642475628	0.1394303926	-0.0323788069	-0.0683488394	-0.0830452624	-0.0796046244	-0.0480299782	-0.0222712087	0.0295217346	-0.0456189562	-0.096539546	-0.0016605739	0.0161940782	-0.0148333598	0.0096075749	0.0056466864	0.0073625629	-0.033709326	0.0204968411	0.0113293329	-0.0118554965	0.0040886118	0.0014191384	-0.0406599194	-0.0057346035	-0.0147921571	-0.0029964865	-0.0384650403	0.1038397798	-0.0158251629	0.0159712744	0.0432262471	-0.0571292207	0.0025510354	-0.0559883399	-0.0281525534	0.0505777834	-0.1608727045	0.0991370163	0.0794373376	0.0494515946	0.0130625369	0.0	0.0	-0.1556855252841984	-3.49930714236002e-05	1.2245150476571847e-09	0.0242379827830167	0.0993516269586081	0.0007509051167033	0.0098707457793224	5.638584942913365e-07	0.1988524914019365	-0.0087168969330732	7.598429214182248e-05	0.0395423133367572	-0.0003688585385515	0.0003894605742949	1.516795389301133e-07	1.3605662146234842e-07	-0.0004776089328597	7.813816706910004e-05	2.2811029274738145e-07	6.105573152918591e-09	0.0005919121041216	-5.987774424760003e-05	3.585344256180998e-09	3.503599390056599e-07	0.0	0.0	0.0	0.0	0.0	0.0	0.0	0.0	0.0	0.0	0.0	0.0	0.0	0.0	0.0	0.0	0.0	0.0	0.0	0.0	0.0	0.0	0.0	0.0
59.42266359213007	0.0580707400423392	0.0033722108490649	3531.0529483834607	63.6185991256795	0.5238614183791128	4047.3261547139086	0.2744307856661759	59.08325209512078	0.1133779798235252	3490.8306781355936	0.0128545663088637	59.58506267592311	49.82052212907566	0.850009	29.115475	0.0815934114234984	0.0438385047704866	0.0016245083	-0.0209781242	0.0301417378	0.019091227	0.0498969504	-0.0327960642	-0.0491449346	0.0145141379	-0.0005499199	0.0734750048	-0.0419611947	0.081264664	-0.0179081836	0.0035181304	-0.0382858973	0.0561225058	0.0358222837	0.0669938898	-0.052555853	0.0866619212	-0.0215028266	-0.0446878283	-0.0358280836	-0.0115134471	0.0561583201	-0.0318365283	0.0141026508	0.1044574166	-0.1033913679	0.1867406777	-0.1500412414	0.0140614746	-0.0300716813	0.0266098991	-0.0442558779	-0.0347185315	-0.0512673864	-0.0481186946	0.0565011044	0.09347408	-0.0008969141	-0.0425555769	-0.1057184261	-0.0292925162	-0.1057939386	0.1187602602	0.0182260907	-0.0627289647	-0.013628071	0.0941928185	0.0543166215	-0.1216062083	0.0118345672	0.0026640335	0.0105239163	-0.0084697982	0.1053210299	0.0462489082	-0.0074500175	-0.0546777465	-0.0145594032	-0.0407464827	-0.0912958178	-0.1195956882	-0.0120193975	-0.0042821496	-0.0051147007	0.0435931165	-0.0660864116	0.0365964764	0.0259350828	-0.0266560212	-0.113431357	-0.0016215477	-0.0572977289	-0.037580937	-0.0788473781	0.0090276937	-0.1144282954	0.027869232	0.1336874853	0.036790904	-0.0064367356	0.034758967	-0.0527475212	0.0900289344	0.1250888727	0.0302761324	0.0105053953	0.031072609	-0.0206972726	0.0149128856	0.0218559112	0.0313083705	-0.0442339462	0.0597718327	0.0869418627	0.1020255265	0.0927288007	-0.0606924418	0.0631727368	0.0093637097	0.1776134896	0.045043082	0.0883484369	0.0755500369	0.069892943	0.0153580954	0.1083737589	0.0850662947	0.0345520683	0.0681131908	-0.0061995886	-0.0417123825	-0.0170922591	0.0030458856	-0.0314858086	0.0054025087	0.0121042159	0.0032113201	-0.0234785171	0.0158508543	-0.0047573931	0.0222800591	0.0071664651	-0.0099136902	-0.0722383813	-0.0410903054	0.010047441	-0.0288853723	0.0761196397	0.0111726828	-0.0201470375	-0.0204389634	-0.0004030728	-0.0655135721	0.008495785	-0.0118325422	-0.0619173196	-0.0090017844	0.0225260442	0.0984593917	0.0769109895	0.0444203137	0.0056098749	0.0	0.0	-0.1552052073754311	0.0004803179087673	2.3070529348261087e-07	0.0240886563964505	0.0934554376148213	-0.0058961893437868	0.0087339188197777	3.4765048777785024e-05	0.1835196986473022	-0.0153327927546343	0.0002350945336565	0.0336794797915966	-0.0004959518927849	-0.0001270933542334	1.6152720690296504e-08	2.45968279956925e-07	-0.0008503200928524	-0.0003727111599927	7.230442603085142e-07	1.3891360878310404e-07	0.0012897898182217	0.0006978777141001	4.870333038375809e-07	1.6635577751883658e-06	0.0	0.0	0.0	0.0	0.0	0.0	0.0	0.0	0.0	0.0	0.0	0.0	0.0	0.0	0.0	0.0	0.0	0.0	0.0	0.0	0.0	0.0	0.0	0.0
59.45938344117197	0.0367198490419014	0.00134834731366	3535.418279204316	63.71369494275844	0.0950958170789348	4059.434923258882	0.0090432144259102	59.12536224273129	0.042110147610515	3495.808460334195	0.0017732645317793	59.66837397739291	49.715124495565696	0.8682299999999998	29.739582	0.0394736440234381	0.0217262859486839	-0.0042501013	-0.0233739814	0.0391058661	-0.0073084352	-0.0279390757	-0.0527183639	-0.0173451205	0.027540393	-0.075091461	0.0049846875	0.0813749625	-0.0024735176	-0.0345950297	-0.0199230167	0.006483688	-0.0691733578	0.0240639728	0.0786656858	0.0163088393	-0.0210975809	0.0350300153	-0.1781474192	-0.0173438168	0.1397333011	-0.0475846523	0.0328597269	-0.130240851	-0.0239609925	-0.1537393006	-0.1641293112	-0.033173436	-0.1085679498	0.0845627543	0.0357905171	0.0953788186	-0.0886127301	0.0687967435	-0.0009533445	-0.0001838236	-0.038852622	-0.0325143839	-0.2044301604	0.1158064494	0.0224540491	-0.0590055396	0.0247896591	-0.0451477271	-0.0099550955	-0.0079198203	0.0242178238	-0.0059634217	-0.0406274363	0.0989983542	-0.0995815166	0.0063873121	0.0178893023	0.1128112656	0.0230358169	-0.1014496435	0.0171746018	0.0105912477	0.0056987096	-0.0788544871	0.0476054463	-0.0319671618	0.0284773861	-0.0206545015	-0.0220731786	0.0193964162	-0.0111350441	0.003510329	-0.077287879	0.1070635803	0.1744516848	-0.0689009829	-0.0360125631	-0.0211462902	-0.1297791822	0.1225958793	0.0568883621	-0.0278769155	-0.0408933772	-0.1125601829	0.0485616385	-0.0224984572	0.0259620971	0.0623702311	-0.1328077519	-0.0098900982	0.0263073273	-0.0554939452	-0.095092489	0.0131035377	-0.0122202794	0.1559931325	0.0049945523	0.0425820126	-0.1105987008	-0.0526801605	-0.0875745025	0.1317443963	0.0656765723	0.0593741671	-0.099815812	-0.0388271813	0.0047452182	0.1618075469	0.0293177813	0.0156131987	-0.0224815968	-0.0503630485	0.0157175938	-0.0553845224	-0.0287199813	-0.0031846327	0.0854301945	-0.1415093824	-0.0041090743	0.0159476614	-0.0108255531	-0.0178155318	-0.0025256232	0.0396895775	-3.98269e-05	0.0405116975	-0.005607523	-0.030539161	0.018020849	-0.0494261553	0.0484279148	-0.0995550465	0.0651160782	-0.0414366365	0.0540150314	0.0022974865	-0.0560242853	0.0510981549	0.0124937379	-0.0093449271	-0.0026522462	-0.0633715051	0.0977510977	0.0742888199	0.039264529	-0.0018707352	0.0	0.0	-0.1554702167699702	-0.0002650093945391	7.022997919398373e-08	0.0241709883025015	0.0866085264491545	-0.0068469111656667	0.0075010368536938	4.688019251053265e-05	0.1641547864254349	-0.0193649122218672	0.0003749998253606	0.0269467939063801	-0.0003678939202669	0.000128057972518	1.6398844325420857e-08	1.3534593656934818e-07	-0.000958233640419	-0.0001079135475665	9.182117096306496e-07	1.1645333748408836e-08	0.001265825113479	-2.3964704742699974e-05	5.743070734047868e-10	1.6023132179141231e-06	0.0	0.0	0.0	0.0	0.0	0.0	0.0	0.0	0.0	0.0	0.0	0.0	0.0	0.0	0.0	0.0	0.0	0.0	0.0	0.0	0.0	0.0	0.0	0.0
59.36904983420642	-0.0903336069655509	0.0081601605474066	3524.684078216485	63.89504404778176	0.1813491050233224	4082.5766538679713	0.03288749789276	59.05202930841888	-0.0733329343124111	3487.1421654423625	0.0053777192548684	59.57544110715389	49.96117120094047	0.860928	29.489464	0.0560400817793681	0.0318977690414104	-0.0207035524	-0.0115756085	0.0507504893	-0.0007738547	-0.0228782371	-0.0516473198	-0.049954258	0.0068369462	-0.0431219823	0.010647517	0.1065439708	-0.0351131908	0.0016952392	-0.0007491364	-0.0338023912	-0.0516920071	-0.0877698918	0.0501812605	0.1636092844	0.1030422067	-0.0280500991	-0.0817701106	0.0890317709	0.1272777572	0.1062429881	0.0569515662	-0.1147047913	-0.0198180639	-0.0409861818	-0.1443993636	0.1280535831	-0.1921027002	0.0789883595	0.0106149267	-0.0836012983	0.1008534006	-0.0023045433	0.0891333832	0.0272406834	-0.0224699126	-0.110646621	0.1384907317	0.0578543242	0.0135597888	-0.0794846212	-0.1195725245	-0.0131443815	0.0114634921	-0.0774261928	-0.0340003286	-0.1217567452	0.0365824396	0.0321619718	0.0621123262	-0.0817937554	0.0760633425	-0.047378089	-0.0603260635	0.000451472	-0.002699836	-0.1749623145	-0.1173269499	-0.1596595792	0.0457939837	-0.0188927549	-0.0033306143	0.0037541661	0.0279102926	0.1017900099	-0.0336955481	0.0556903555	-0.1261452038	0.0077692934	0.0641162705	-0.1786252645	0.0113156503	-0.084552384	0.0548886673	0.0945917918	-0.0232744699	0.0291476199	-0.1920636187	-0.0202392288	-0.0075028872	-0.0402505096	0.0451138803	0.0463347736	0.031300999	0.103246744	-0.0881324411	-0.1177102063	0.0616986649	-0.1057425526	-0.0507032883	0.1260695757	0.1066695461	-0.030982235	-0.1590039638	-0.1382240408	0.0062007261	0.0003345343	-0.1065972386	-0.1635341592	0.0644755537	-0.0671041482	0.0160174413	-0.101417099	0.0245731304	-0.0218172932	-0.1254963661	0.0569028233	0.0198718237	0.0173972352	-0.0054139803	0.1288920386	0.0340026565	0.0649600011	-0.0146583699	-0.0096644102	-0.0016224712	-0.0106856459	0.0256840073	0.0204754637	0.0272805211	0.0104844868	-0.0100392743	-0.0559025703	0.0169692129	0.0228784724	0.0147581555	0.018774909	0.0531236027	-0.0343708178	-0.0598507427	0.0683303388	0.0374528721	0.1173423562	0.0107839141	-0.0382914536	0.0206288234	-0.164656216	0.0970123549	0.0715740957	0.0339986915	-0.0093420254	0.0	0.0	-0.1553762505437106	9.396622625959528e-05	8.829651677469453e-09	0.0241417792330219	0.1027079777883273	0.0160994513391728	0.0105489287013675	0.0002591923334223	0.1400655322074442	-0.0240892542179907	0.0005802921687789	0.0196183533125545	-0.0003680747826047	-1.8086233779997804e-07	3.2711185234473374e-14	1.3547904558949718e-07	-0.0007082210952464	0.0002500125451725	5.015771197520105e-07	6.250627274368133e-08	0.0012008703210705	-6.495479240850002e-05	4.219125056831332e-09	1.4420895280279657e-06	0.0	0.0	0.0	0.0	0.0	0.0	0.0	0.0	0.0	0.0	0.0	0.0	0.0	0.0	0.0	0.0	0.0	0.0	0.0	0.0	0.0	0.0	0.0	0.0
59.25013633691516	-0.1189134972912597	0.0141404198380384	3510.5786559430344	63.66291393624975	-0.2321301115320082	4052.966610854343	0.0538843886798625	59.05575190031792	0.0037225918990415	3487.581832511904	1.3857690446809851e-05	59.56217186078429	49.86887072488386	0.830168	28.435848	0.0767744440314396	0.0470478990635235	-0.0149855914	-0.0058694559	0.0315686303	0.0009343361	0.0097048231	0.0318619632	-0.0279876655	-0.0081415901	-0.0558367862	0.0688876814	0.0255573459	-0.0326982763	0.0048285754	0.0003095515	-0.0060725752	-0.0399360948	-0.0621089006	0.1342199611	-0.1438737173	0.0111297023	-0.0291879889	-0.0430219222	-0.0306531149	0.0500684092	-0.0401916923	-0.0606399899	-0.056792075	0.0491228999	0.0832680652	-0.0991228262	0.0860309781	-0.0601958194	0.1282655875	-0.0137927587	0.0724727619	0.0148834826	-0.1173889428	-0.0636594833	-0.0077291754	-0.0249003384	-0.0217929618	0.0418445643	0.102069871	0.1150440942	0.0510572877	-0.1657083605	0.0384336513	-0.0769263209	-0.0295458583	0.0389842558	0.0106200781	0.0956434191	0.0046373618	0.1480287458	0.0589253772	-0.0159890959	-0.0004294636	0.0101250264	-0.0087195121	-0.0484572089	0.1277003541	0.1002371989	0.05154234	-0.058185233	0.0057703205	-0.0065285451	-0.0047557139	0.0011948539	0.0677729573	-0.0305489352	-0.0670006769	0.0428930424	-0.0687589164	0.0821764534	0.0119709679	-0.12890112	-0.0123310762	-0.073632645	0.0360508692	0.0818532504	-0.0476872227	-0.0143682243	-0.0300615719	-0.0562969966	-0.0004288949	-0.0483372381	0.050443728	-0.0911506549	0.0144538892	-0.1306579136	0.1022828289	0.0583721657	-0.1263515123	-0.0408588179	0.0301434425	0.0207621045	-0.0298374958	-0.0947168012	0.0055252518	0.0576846285	0.081184363	-0.1153240238	-0.1084398056	-0.0121886674	-0.0287813137	0.013904781	0.0109422278	-0.0688725183	0.048953957	-0.0776474359	-0.0046176808	-0.0137514646	-0.0275508307	0.0370166501	-0.009728329	-0.0466692503	0.0353156546	-0.014151037	-0.0114739215	-0.0072125473	-0.0055307233	-0.0217102504	0.0297855028	0.0418405078	0.0220701832	0.041803279	0.0113625883	0.0063448412	0.0164942048	-0.0291601013	0.0009658459	0.0083116124	-0.0457063032	-0.0531717097	0.0844006082	0.0320175053	0.0339610719	-0.036986538	-0.0107918964	0.0514436459	-0.0874234761	0.0962433935	0.068770199	0.0286375605	-0.0167667741	0.0	0.0	-0.1553651534021867	1.1097141523891407e-05	1.2314655000127489e-10	0.024138330891685	0.1127749192926899	0.0100669415043626	0.0127181824214727	0.0001013433112522	0.1550350727616773	0.0149695405542331	0.0002240871444048	0.0240358737862185	0.0003928280201103	0.000760902802715	5.789730751795422e-07	1.5431385338377825e-07	-0.0007073178915648	9.0320368160003e-07	5.002985997276741e-07	8.157768904558481e-13	0.0009281390308407	-0.0002727312902297	7.438235667041139e-08	8.61442060569914e-07	0.0	0.0	0.0	0.0	0.0	0.0	0.0	0.0	0.0	0.0	0.0	0.0	0.0	0.0	0.0	0.0	0.0	0.0	0.0	0.0	0.0	0.0	0.0	0.0
59.17934592813894	-0.0707904087762187	0.0050112819747041	3502.1949844823357	63.55680280036115	-0.1061111358886037	4039.4671822039945	0.0112595731595697	58.98763257876728	-0.0681193215506397	3479.540797247648	0.0046402419685194	59.550973541289565	49.79465190630895	0.837337	28.681425	0.037561156437612	0.0195322223851372	-0.0163231703	-0.0201742768	0.0334822779	-0.0004501868	0.0198857284	0.0697050453	-0.0088655101	-0.0400614634	-0.1142708086	0.0818844419	-0.0719677871	-0.0379280582	-0.0067086792	0.0579675452	-0.004217532	0.0290706289	-0.0630993243	-0.0722066041	0.0970238107	0.1660957063	0.0054307616	0.0721965237	0.12350026	-0.0720660931	0.0326951097	0.0425651025	0.1102414179	-0.0224887879	0.0980092722	0.0580532491	0.1073578722	0.0832689642	0.0209113754	0.0684755677	-0.0025291475	0.0896526093	-0.0581953878	0.0187422882	0.0500627883	0.013540752	-0.1431106463	0.0709470415	0.1498419578	-0.0393958036	0.0476177121	0.1514401284	-0.0011588374	-0.1165024063	-0.0050423875	-0.0508150736	0.0898600419	-0.0099144767	0.0204630565	-0.0395328053	0.0346815283	-0.0872725463	-0.1736141034	0.0756273362	-0.0969448347	0.1001216331	-0.0388823522	0.030769616	-0.0843701841	-0.005304293	-0.0201789689	-0.0349353173	0.0203422526	0.0171056436	0.0390409901	-0.0528099926	0.0455544934	-0.1027881795	-0.0903271858	-0.1342462937	-0.1053428194	-0.0398152104	0.030680399	0.048531574	-0.0113427843	-0.0140989423	0.0786620637	0.0858662483	0.0543739108	-0.0136230848	0.0541633667	-0.0301187397	-0.1359844045	0.0226436083	0.0469131409	-0.0190573431	0.0501516549	0.1419549385	-0.1508565332	-0.1583748196	0.0130293753	0.0130595099	0.0467996183	-0.0386825366	0.1001472124	0.1659030138	-0.0921724253	0.0685357844	-0.0328362552	-0.0511944821	0.0324109384	0.0788415127	0.0131819929	-0.0120053414	0.0352129668	0.0490664771	0.0022573702	-0.0780475184	0.101849856	-0.0931600697	-0.0207751129	0.0726796259	-0.0619828208	-0.0104953912	0.0063487618	-0.0237887184	0.0031473457	-0.0283816532	0.0336964035	0.0369615745	0.0147410711	0.0160125376	0.050549614	-0.0061369264	-0.0032552347	-0.012383791	0.1086215275	-0.0052043907	-0.0338286332	-0.0122329326	0.0249466066	0.0058161426	0.0807771779	-0.0809696329	0.0211024041	0.078984321	0.1294645855	0.0954444529	0.0658806233	0.0231961626	-0.0241079916	0.0	0.0	-0.1555797563703436	-0.0002146029681568	4.605443394174979e-08	0.0242050605922554	0.1175269715922553	0.0047520522995653	0.0138125890516467	2.2582001057804735e-05	0.1492734235724668	-0.0057616491892104	3.319660137952988e-05	0.022282554985045	9.6904888010114e-05	-0.0002959231321001	8.757050011198413e-08	9.390557320252735e-09	-0.0009099574792701	-0.0002026395877053	8.280226140795946e-07	4.106280250537398e-08	0.0008900447110326	-3.809431980810005e-05	1.4511772016418039e-09	7.921795876371044e-07	0.0	0.0	0.0	0.0	0.0	0.0	0.0	0.0	0.0	0.0	0.0	0.0	0.0	0.0	0.0	0.0	0.0	0.0	0.0	0.0	0.0	0.0	0.0	0.0
59.25914459722054	0.0797986690815975	0.0063678275871943	3511.646218394292	63.37836896105016	-0.1784338393109905	4016.8176521630057	0.0318386350112604	59.05839600745341	0.0707634286861278	3487.894138973189	0.0050074628394167	59.58676422834397	49.17692483177916	0.873788	29.929958	0.0637167724211346	0.0316131821040908	-0.0273968271	0.0216132372	0.0227097952	-0.0124247985	-0.0085831562	0.0707804848	0.0591368235	-0.0576234632	-0.0543665658	0.0231698473	-0.0536238705	-0.0088138876	-0.0087560107	0.0098785928	0.0234559826	0.0091365995	-0.0684267902	-0.1154831599	-0.0920725667	-0.0127268236	0.0471393405	0.0742071812	-0.0248065008	-0.0690667428	0.03332181	-0.0084069693	-0.0353652615	0.1322353616	0.0257913708	0.0564807464	0.0378518136	-0.071485106	-0.0470760712	-0.0119775212	-0.13258344	0.0976312249	0.1610131022	0.0701079854	-0.1476120864	-0.1754555538	0.0233069873	0.0592528488	0.0235612708	-0.0060905721	0.0817348611	-0.0623701811	0.0850984582	0.046142501	-0.0644774112	0.0997342643	0.1113535941	-0.0179075484	-0.0235291589	-0.0759788392	-0.1534739674	0.0257976395	-0.0094095171	0.028295343	-0.0022526238	-0.0643769259	0.0012990518	-0.063602007	-0.0450629552	-0.0144980127	-0.0199283208	-0.0022622788	0.017691503	-0.0309686849	0.0626698957	0.0874302491	-0.0044924603	0.0499978273	-0.011054456	-0.0178067552	0.0694377193	0.0284906161	0.0610963671	0.1236712855	0.0012553352	-0.0026205857	-0.0460247894	0.0187039241	-0.0349442559	-0.0019407673	-0.0932010699	-0.1044325274	-0.0471579837	0.0689117174	-0.0328934558	-0.0295726413	-0.1766695367	0.0605136917	0.0882255516	0.0462585696	0.052586899	0.0009472541	-0.2489825995	0.0004410998	0.013056614	0.0124496437	-0.0301575765	0.1172448517	0.1025361122	-0.0253545883	-0.1622983491	0.0824795655	-0.1089746843	-0.0907749515	0.0422948027	-0.0769869558	-0.0945920958	0.0530012538	0.0745432625	-0.008512096	0.0673477818	-0.027126247	5.39175e-05	-0.0167689395	-0.0170298962	-0.0283904945	0.0175822164	-0.043431748	-0.0033034521	0.0481594044	0.0084540958	-0.0597674227	0.0767003871	0.0270046677	-0.0187844218	-0.0026835395	-0.0848157954	0.0077666895	0.0310101479	-0.0052871247	-0.1114058262	-0.0174954116	0.0435802696	-0.022423224	-0.0744747771	0.0430534946	0.0973063887	0.0946157819	0.0629089685	0.0176897492	-0.0313291043	0.0	0.0	-0.1557419293668687	-0.0001621729965251	2.6300080801930305e-08	0.0242555485629147	0.1205041282362628	0.0029771566440075	0.0145212449219816	8.863461682958051e-06	0.1360339405471791	-0.0132394830252877	0.0001752839107768	0.0185052329807934	0.0004991953335514	0.0004022904455412	1.6183760257380638e-07	2.4919598103949345e-07	-0.000693359890435	0.0002165975888351	4.807479376640352e-07	4.6914515489179064e-08	0.0005621735503027	-0.0003278711607298	1.074994980383719e-07	3.160391006599424e-07	0.0	0.0	0.0	0.0	0.0	0.0	0.0	0.0	0.0	0.0	0.0	0.0	0.0	0.0	0.0	0.0	0.0	0.0	0.0	0.0	0.0	0.0	0.0	0.0
59.41654813723604	0.1574035400155011	0.0247758744094114	3530.326192544488	63.278607282232734	-0.0997616788174227	4004.1821395790375	0.0099523925604706	59.01859494138292	-0.0398010660704883	3483.19454885503	0.0015841248603473	59.532251946628094	49.78898233234423	0.870723	29.824984	0.0821108790539323	0.0362102452058895	-0.0253221327	-0.0141198731	-0.0085700851	-0.0214623286	0.0015582364	-0.0034955439	0.0335877226	0.0419431843	0.0582513793	0.0142604327	0.0082023708	-0.0744357057	-0.0100265813	0.0510719181	0.0132734306	0.076825231	-0.0226383904	-0.0235772611	0.0010763479	0.1384494883	-0.111582908	0.1389604124	0.0199785329	-0.095468967	0.0363880852	0.0237472486	-0.0372282423	0.0321686664	0.014735109	-0.0732619135	0.0220004547	0.0733532737	0.0030297107	-0.0539549379	-0.0217242895	-0.0740321483	0.0511929028	0.0052501333	-0.1212402677	-0.0868797405	-0.060544878	0.1547503285	-0.0716615956	-0.0986059317	-0.0391991328	-0.0263401959	0.0628720528	0.054281769	-0.1090703864	0.1360208304	-0.0214751686	0.0715953733	-0.1214294519	0.0071154255	0.0812811408	0.1181424187	0.0453911472	0.0034433991	0.064771565	-0.0177225172	0.0226800536	0.0572571909	-0.0077085354	-0.0553432824	-0.0149672901	-0.0376604667	0.0329240497	0.0006202516	0.0145088368	0.0788524711	0.0578158265	0.013046805	-0.1114499404	-0.1330320329	-0.0408167974	-0.0389088909	-0.0803249851	0.1118844893	0.03859469	-0.0789609508	-0.1067064091	-0.0409731072	0.0115917946	-0.0412370135	-0.0171322056	0.005865751	0.0240798819	0.0988505784	-0.0928675729	-0.0452531885	0.0940005257	-0.0743567067	0.0028678075	-0.0859839464	-0.0052372737	0.071781728	-0.0895492601	0.0419924498	-0.025018147	0.0063204339	-0.0229230505	0.054327269	-0.0040775893	0.1490573436	-0.1081323531	0.0505671768	-0.0565955495	-0.0214180466	-5.12587e-05	-0.1315968478	0.0457223844	-0.0149216682	-0.0360711109	0.0791256404	-0.0067700633	-0.0461376133	0.1203057984	-0.0249988744	-0.0072376275	-0.0287380827	0.007154028	-0.0318215504	0.0209098032	0.0427682012	0.0021640209	-0.0325544497	-0.0300474404	-0.0129364667	0.0565668892	0.0157089828	0.0422548175	0.0558563762	-0.0449642694	-0.0256701179	0.0405965251	-0.0267043732	0.0534813512	-0.1124579463	-0.0473058567	0.0242926985	0.0518332297	0.0937576389	0.059858937	0.012133754	-0.038394137	0.0	0.0	-0.1730951059793852	-0.0173531766125165	0.0003011327385451	0.0299619157140145	0.1072357256384322	-0.0132684025978306	0.0114995008532011	0.0001760505074981	0.1230785052064789	-0.0129554353407002	0.000167843304867	0.0151483184438612	0.0004389833148798	-6.021201867159994e-05	3.6254871925090995e-09	1.9270635074285767e-07	-0.000976783610902	-0.0002834237204669	9.541062225267497e-07	8.032900532335613e-08	0.0009892151012218	0.000427041550919	1.823644862113902e-07	9.78546516485256e-07	0.0	0.0	0.0	0.0	0.0	0.0	0.0	0.0	0.0	0.0	0.0	0.0	0.0	0.0	0.0	0.0	0.0	0.0	0.0	0.0	0.0	0.0	0.0	0.0
59.45431328541319	0.0377651481771508	0.0014262064168421	3534.81536824006	63.273336562704536	-0.0052707195281982	4003.5151197772825	2.77804843449303e-05	59.10658024686203	0.0879853054791084	3493.587828478741	0.007741413980252	59.60485030561686	49.58713581648788	0.854662	29.274855	0.0544844878948304	0.0317278171797239	-0.0256332757	0.0066114105	0.0306005744	-0.0252358886	-0.0202205506	0.0123065299	-0.0138531398	-0.0097843122	-0.0014297088	-0.083132438	-0.0074561372	0.0710888148	-0.0124592348	0.0089747391	0.014339233	0.1166484181	0.0566991407	-0.0499363063	-0.0858099424	-0.0505081634	-0.0446283584	-0.0599907751	-0.0655564216	-0.0704802941	0.0113759758	-0.131622004	0.0324917334	-0.0568928975	0.0676935989	0.0939388639	0.0729109367	-0.0821853864	-0.1785092297	0.0200544923	-0.0105238983	0.0805259627	0.1429885434	-0.0841889417	0.123669441	0.0382030905	0.0407227584	-0.1540219225	-0.034091566	0.0983315506	0.0125275482	-0.0614597256	0.0362181664	-0.0221404021	0.0477356272	-0.0743481044	0.0050827589	-0.0417383101	-0.1176957381	-0.1138644228	0.0672099458	0.1270833413	0.0267253013	0.177657593	0.1351232394	-0.0231043966	-0.0864173939	0.1087955636	0.0151150155	-0.0535071672	-0.0182708171	-0.0134176949	0.011002209	-0.0011422443	-0.0382353568	0.0326680028	-0.1827794382	0.0016144919	-0.0519093821	0.0426369652	0.0836559035	-0.0218551262	0.0390374873	0.0061262364	-0.0277172926	-0.1279699574	0.0852823517	0.1206417029	0.0085676012	-0.0334689572	0.0671062361	-0.0292140632	-0.0157054526	-0.0621853867	0.1202608993	-0.0154140709	-0.0511647006	0.0049682704	0.1155269209	0.0246657872	-0.0964628473	-0.2072831043	-0.0484045079	-0.016178719	0.0652584563	-0.0378092867	-0.003506339	-0.0516639602	0.004404291	0.0060833092	-0.0938512082	0.1079616684	-0.0125804101	0.0799032908	-0.1061769762	0.1838287284	-0.08277346	0.0319451802	-0.0692984633	-0.1012473595	0.0251976327	0.0755812012	0.0624847387	-0.0208204094	-0.0023869543	-0.0280729697	0.009753337	-0.0223425674	0.0243718787	0.0285723735	0.0400407368	-0.0377966598	0.0234822142	-0.0298411318	0.0094188512	0.0497597415	0.014776119	-0.0942038554	-0.0095306232	-0.0951272905	0.0038764995	0.0114339275	0.0536716774	-0.0100504185	-0.1301595953	-0.0449839713	-0.0037229384	0.0928702909	0.0567343287	0.0065437496	-0.045267892	0.0	0.0	-0.1557971338605028	0.0172979721188824	0.0002992198394256	0.0242727469191474	0.1070683715734759	-0.0001673540649562	0.0114636361913959	2.8007383057397077e-08	0.1222171676294721	-0.0008613375770067	7.419024215639335e-07	0.0149370360633704	0.0004391873773895	2.040625096999581e-07	4.164150786504549e-14	1.928855524582671e-07	-0.0007268868580792	0.0002498967528227	5.28364504448251e-07	6.244838707137959e-08	0.0005161594338746	-0.0004730556673471	2.237816644093047e-07	2.664205611777476e-07	0.0	0.0	0.0	0.0	0.0	0.0	0.0	0.0	0.0	0.0	0.0	0.0	0.0	0.0	0.0	0.0	0.0	0.0	0.0	0.0	0.0	0.0	0.0	0.0
59.37377910491104	-0.0805341805021555	0.0064857542291537	3525.2456451987705	63.30370293272303	0.0303663700184912	4007.358804994446	0.0009221164280999	59.12291657660808	0.0163363297460463	3495.519264524558	0.0002668756695715	59.62020561024546	49.72079915905735	0.832207	28.50568	0.0506046043379972	0.0314433110137855	-0.0285025544	0.0094301118	0.0263639014	-0.0061699171	-0.0080865329	0.0368001726	0.0075584278	-0.006486773	-0.0931564884	-0.0548017865	-0.0271509108	0.0336024477	-0.0407527376	-0.0156036281	0.0346866299	0.0004114756	-0.1217602068	0.0063665529	0.0344128485	0.0717818537	0.0257154136	0.075791899	-0.0663758554	0.0934204971	-0.0418041671	0.0115144144	-0.1388289362	-0.0278265109	0.0584945745	-0.0180999077	-0.0503282348	0.0174370544	-0.0363604651	0.040291868	-0.0944137938	0.1263538469	0.0797688858	0.0259634426	0.0291048999	-0.0650938486	0.087881512	0.0742313565	-0.0571668453	-0.0427812158	-0.0109578348	-0.0234914244	-0.0227869667	-0.0299172584	0.0579121657	-0.0383501416	0.1068658611	0.0680845387	0.0353355315	0.0304663446	-0.0776255402	0.0726014708	-0.025256644	-0.1216073774	-0.1047089598	0.0178768595	0.114716169	-0.124972576	-0.0179458168	0.0582833195	-0.0457925162	0.00904167	0.0222617058	-0.0202458163	0.0721515217	-0.0840037925	0.0204887233	0.0652552807	-0.0128417275	0.0605778725	-0.0007842865	0.0178258485	-0.1341532177	0.0254408259	0.0433570648	-0.013972715	0.0041510715	0.067629894	0.0288402404	-0.0021799439	-0.1826737876	-0.0631057161	-0.1216750247	0.0212303944	0.1168545797	0.0525996774	-0.1142538094	0.0151398696	-0.0238717952	0.0015563908	-0.0131695568	-0.0027618322	-0.0893737041	0.0999192058	-0.0548922031	-0.0043326425	-0.0093889079	-0.0269720432	-0.0607445304	-0.0046597012	-0.0553080073	0.0549764373	0.010041207	-0.1012312745	0.0258180732	-0.0389655229	0.0853540376	-0.145804689	0.035468358	-0.0594073127	0.0142310787	0.0060644623	-0.0631035351	-0.0249689801	-0.0079912353	-0.0266721489	0.0006670684	-0.0320535013	0.0197522241	0.0459470482	0.0462664347	-0.0402300329	0.0696063403	0.0650886541	-0.0321631417	0.0522137966	-0.0438078251	-0.0519615266	0.0072825251	-0.0417944227	0.0322688568	0.0210786906	0.1470264362	0.0271186999	-0.0538877433	-0.0207716507	0.0274420157	0.0919540145	0.0535390365	0.000935404	-0.0519161246	0.0	0.0	-0.1556111297669957	0.0001860040935071	3.45975228014011e-08	0.0242148237073607	0.1295798481426402	0.0225114765691643	0.0167909370446696	0.000506766577324	0.1192424402195513	-0.0029747274099208	8.849003163334123e-06	0.0142187595495132	0.0007607332570703	0.0003215458796808	1.0339175273969954e-07	5.787150884127872e-07	-0.0009038038961686	-0.0001769170380893	8.168614827295414e-07	3.1299638366326205e-08	0.0005163444414125	1.8500753790008566e-07	3.422778907985162e-14	2.666115821775867e-07	0.0	0.0	0.0	0.0	0.0	0.0	0.0	0.0	0.0	0.0	0.0	0.0	0.0	0.0	0.0	0.0	0.0	0.0	0.0	0.0	0.0	0.0	0.0	0.0
59.26577845044145	-0.1080006544695848	0.0116641413658586	3512.4324953368105	63.18666481971741	-0.1170381130056199	3992.5546110393134	0.0136979198959162	59.03942798944546	-0.0834885871626198	3485.654057320916	0.0069703441864103	59.57711357325316	49.52822397306742	0.821928	28.153591	0.0651160180082095	0.0355105765422691	-0.0205662626	0.0129482307	0.0168379397	-0.0258459804	-0.0133355145	0.0685987854	0.0723836699	-0.0200889451	-0.0541833834	-0.0324571493	0.0564599659	0.014318881	-0.0096643423	0.0505108726	0.0252201123	-0.0061663157	-0.0259620125	-0.0386880515	-0.1007465574	0.0454238626	-0.0874691217	-0.055608071	-0.1186101401	-0.0611865717	0.0063803641	-0.062676066	-0.012471973	0.0810923207	0.0131305712	-0.0458671119	-0.1159793529	-0.0204695516	0.0602242769	0.166941769	0.0482369975	-0.1124717209	0.0324315108	-0.057054118	0.0257397467	-0.0904951085	-0.0969488635	0.0037081632	0.029108524	-0.1718899744	-0.0040383832	-0.0283297445	-0.0025060599	0.0327510911	0.1591393205	0.004626501	0.0371087521	-0.013465105	0.0020893165	-0.0882694349	0.051287661	-0.0235225264	0.1359458559	-0.1219034853	0.0957442353	-0.0473115535	0.0998595429	-0.0154625181	0.0138538539	-0.0363489606	-0.0254165235	-0.0273443706	0.0055756845	-0.0377001402	0.040666725	0.001977505	-0.0481395699	0.0062321699	-0.0733906038	-0.0440861516	0.0880017802	-0.062755395	-0.1166626214	-0.0194776059	-0.1015417667	-0.0436866542	0.023375969	0.0491004973	-0.1425270582	-0.0001789452	-0.0399427622	0.012002676	-0.0520480019	-0.1215205066	-0.0368685927	-0.0993703257	0.0341643166	-0.0962540566	0.0500336577	0.0060612258	0.066243409	0.1922379503	-0.039182313	0.0267020642	0.0095368578	-0.1172483329	-0.0466498208	0.1303518924	-0.0216408341	-0.0331824956	0.0747759482	0.0496902472	0.0816829213	-0.1410975494	-0.1216443752	-0.0070929617	0.0174652399	0.04120921	-0.0902739204	0.0052526903	-0.0662677998	0.0501222781	-0.024073186	-0.0192879191	-0.0110500833	-0.0245255384	-0.0067738318	-0.0452224346	0.0199543281	0.0562720044	0.0309513811	-0.0424596795	0.0996633419	0.0562740866	-0.0066456679	-0.0270584882	-0.0279479762	-0.016161192	0.0371266021	-0.0060932333	-0.0429874605	-0.005131996	0.1259308365	-0.0232274954	0.0227669206	-0.0352062896	0.0710441347	0.0910090951	0.0502770413	-0.0046755634	-0.0583057138	0.0	0.0	-0.1557810089810942	-0.0001698792140985	2.8858947382724204e-08	0.0242677227591677	0.1260914533441166	-0.0034883947985236	0.0158990546064315	1.2168898270366606e-05	0.1406146376264487	0.0213721974068974	0.0004567708219993	0.0197724763148174	0.0002791480176125	-0.0004815852394578	2.319243428636266e-07	7.792361573698862e-08	-0.0006309343182473	0.0002728695779212	3.980781139421853e-07	7.445780655494838e-08	0.0004690883270178	-4.725611439470006e-05	2.233140347684978e-09	2.2004385854435845e-07	0.0	0.0	0.0	0.0	0.0	0.0	0.0	0.0	0.0	0.0	0.0	0.0	0.0	0.0	0.0	0.0	0.0	0.0	0.0	0.0	0.0	0.0	0.0	0.0
59.19391291360817	-0.071865536833279	0.0051646553843353	3503.9193260238285	62.8851930486395	-0.3014717710779067	3954.547504764658	0.0908852287568497	58.94444892392072	-0.0949790655247397	3474.448058944698	0.0090210228879528	59.48252083435655	49.144753857510615	0.81026	27.753941	0.0325069660343505	0.0172040852507673	-0.0220273282	0.0181942676	0.0094912787	-0.0219015214	-0.0541994282	0.1122739181	0.1010298107	-0.02551701	-0.0988182725	0.0529356482	0.050695353	0.0493158608	0.0090689258	0.0862934827	0.0159036871	0.0180051555	-0.0481094659	-0.008037647	0.0105002769	0.0295020439	-0.1101760128	-0.0364774245	-0.1614946113	0.2086676025	-0.1555701981	-0.0380399288	-0.0520519013	-0.0190336559	0.1532059421	0.0882209315	-0.054550083	-0.0209739543	0.0335933535	-0.0683701774	-0.1036835183	-0.0954280337	-0.141939704	0.0126039516	-0.0092690801	0.0450914226	0.0581494026	0.0537276354	-0.0073418608	-0.1252337562	-0.0393901458	0.1001068021	-0.0157044316	-0.0239973097	0.0233791549	0.0775870167	0.0536520028	-0.0014008458	-0.0214804525	0.022899544	-0.0746448652	0.0703197442	-0.0206106387	-0.027979734	-0.0100704879	0.0560300798	0.1405063888	0.0571542191	0.0152294328	0.0100143318	-0.0036644007	-0.0679545491	0.0375393935	-0.0243831167	0.0167453284	-0.0912905962	-0.0292160001	-0.0584094724	0.0093135673	0.0446176165	0.1590559047	-0.0214218368	-0.1339499515	0.0125867866	0.0068752717	0.1086733028	-0.1282047878	0.0976024736	0.1351510675	-0.1583015099	-0.0876064233	0.1318367756	0.1066357814	0.0239205872	0.0213295	-0.0594371842	-0.0052819607	-0.0163637426	-0.0733573605	0.1134175202	-0.045061373	0.176934181	-0.0009575426	0.1287260215	-0.0326456977	-0.0026209051	0.0290996689	0.042553709	-0.0119979498	0.0121254428	0.0642069007	0.0069298647	0.06434167	0.0289818172	0.0149583169	0.0372180855	-0.1370387516	0.0162823297	0.0205231525	0.0345390179	-0.1381769588	0.0483804832	-0.0219060102	-0.0162998615	-0.0146743333	-0.0359665906	-0.0090629457	-0.03610594	0.0243676286	0.0243417692	-0.0229362667	-0.0030787455	0.0555595339	0.0461832687	-0.0180558758	-0.0284106073	-0.0926320168	-0.0321625722	-0.0053308088	-0.0430312985	-0.0384141852	0.1162166847	0.101048231	-0.0461435874	-0.0644328092	-0.0578083804	0.0137162259	0.0900358269	0.0469524072	-0.0102734258	-0.0644048267	0.0	0.0	-0.1556741905700533	0.0001068184110409	1.1410172937303582e-08	0.0242344536096412	0.1227185524243879	-0.0033729009197286	0.0150598431091372	1.137646061430667e-05	0.1450745135827347	0.0044598759562859	1.989049354545793e-05	0.021046614491267	0.0004320546978752	0.0001529066802626	2.3380452868959563e-08	1.8667126195603032e-07	-0.0005699587587602	6.097555948709999e-05	3.248529866874679e-07	3.7180188547648693e-09	0.0001916231518217	-0.0002774651751961	7.698692344660246e-08	3.6719432314082283e-08	0.0	0.0	0.0	0.0	0.0	0.0	0.0	0.0	0.0	0.0	0.0	0.0	0.0	0.0	0.0	0.0	0.0	0.0	0.0	0.0	0.0	0.0	0.0	0.0
59.240464134328064	0.0465512207198912	0.002167016150512	3509.43259085061	62.92372816166979	0.0385351130302922	3959.395565763716	0.0014849549362573	59.02579408488283	0.0813451609621154	3484.044367350989	0.0066170352119524	59.574082381278274	49.312574754542	0.824615	28.245661	0.0246289731216836	0.0147924910984579	-0.0205650357	0.0107110508	-0.0120741487	-0.0120113244	-0.0386845541	0.0826219647	0.0876289181	0.028772466	-0.0161173285	0.0746822808	0.0517729637	-0.0674580364	0.0024193837	0.0340669719	0.0509701919	0.0767881281	0.058179956	0.0128361781	0.051884333	-0.0388675539	-0.0815126299	-0.104317378	0.0625745724	-0.0953328619	0.0651627666	-0.1562530019	5.28593e-05	-0.0401825953	0.0104216599	-0.0743508464	0.1676570725	0.0410679388	-0.0546083401	-0.1413125209	0.0513329105	0.0564048071	-0.1094892829	-0.0374726535	-0.1996336284	0.0722828671	-0.0704270407	-0.1675321829	-0.0896472662	0.0056337198	0.0445348729	0.0555296129	-0.1113982151	-0.199357177	0.0594443023	0.0027683915	0.1308683425	0.0836839269	0.0839832067	0.086681225	0.0788372829	0.014456995	-0.0647328032	-0.0920603631	-0.0545079293	-0.0255088175	0.0531659193	-0.0415434421	0.0271219497	-0.0405651393	-0.0139760259	-0.0133236697	0.0296541328	-0.0212779826	-0.0176275686	0.0409799067	-0.0777166834	-0.0304335543	-0.012580135	-0.0206131443	-0.0479848334	0.0471169045	0.0829606176	0.0623761489	0.1476928833	-0.1600079139	-0.0332042263	-0.0120634861	-0.0458505501	-0.1411568206	0.1707617452	0.1249107359	0.176383684	0.0149777256	-0.0168272523	0.0059837901	0.056310739	0.014847404	0.0140270015	-0.1113183625	-0.1006242445	-0.1220673838	-0.0467236987	0.0767488572	0.0501320082	0.0601388359	0.0254256322	-0.0752240945	-0.0913239764	-0.179903987	0.1362728615	-0.0406917495	0.1513636634	-0.0105405925	0.1672455666	-0.1011235728	-0.0501094308	-0.0011331954	0.0383937656	-0.0189680413	0.0412909838	-0.0807636669	-0.0490765854	-0.016318709	-0.0136031658	-0.0359518743	-0.0043955836	-0.0372430463	0.0375519242	0.0566086815	-0.0316537755	-0.0273340424	0.0106732478	-0.0381899168	0.0479815966	-0.0604490081	-0.0378014081	0.0727735359	0.0417275745	0.0116002301	0.0232789505	0.0810133887	0.064564212	-0.0379996714	-0.0132360286	0.0169714374	-0.0588293428	0.0890345132	0.0435692762	-0.0158424933	-0.0701830781	0.0	0.0	-0.1559599348291698	-0.0002857442591165	8.164978161804347e-08	0.0243235012719188	0.1273426471872198	0.0046240947628319	0.0162161497926487	2.138225237564944e-05	0.1448298838963495	-0.0002446296863852	5.98436834609324e-08	0.02097569526943	0.0003200694697819	-0.0001119852280932	1.2540691311108426e-08	1.024444654864666e-07	-0.0008249726147899	-0.0002550138560296	6.805798151532846e-07	6.503206676713652e-08	0.0001691321476777	-2.2491004144e-05	5.058452674054253e-10	2.8605683378071323e-08	0.0	0.0	0.0	0.0	0.0	0.0	0.0	0.0	0.0	0.0	0.0	0.0	0.0	0.0	0.0	0.0	0.0	0.0	0.0	0.0	0.0	0.0	0.0	0.0
59.27926440224219	0.0388002679141266	0.001505460790208	3514.0311880709382	62.92498069621147	0.0012525345416776	3959.553195618586	1.5688427780955632e-06	59.02062185429472	-0.0051722305881156	3483.433804067651	2.675196925663934e-05	59.5212570078671	49.525954876444175	0.839611	28.759295	0.0613555297053073	0.0283227831098103	-0.0200343138	-0.0037743823	-0.0312517013	-0.0070555194	-0.0291820198	0.0491650704	0.0517284834	-0.0092156316	0.059973923	0.0453491571	-0.0457403965	0.0253895389	-0.0022743687	0.0499179617	-5.52064e-05	-0.0292607873	0.073873111	-0.0269691619	-0.037133326	-0.0386681198	-0.0467251322	-0.1644308039	0.1021847827	-0.0586904216	0.1757474204	-0.003216897	0.0469440019	0.0047434415	0.0769117485	0.1139812348	0.0231085604	0.0761214448	-0.0975549391	0.0507186105	0.0119066877	0.0389278873	0.0221082931	-0.0805438415	-0.0883701172	-0.1094693664	0.007567273	0.0227013577	0.112758165	0.0451237147	-0.056738579	0.0118474226	0.0314278174	0.0080106335	0.0188184332	0.1171899258	0.0025693111	-0.114145574	-0.1559720062	-0.0137464218	0.1031453221	0.2000972929	-0.0101212148	0.0269524153	-0.0371898262	0.1155654947	0.0157483981	-0.0639120782	0.127116241	0.0131828562	-0.0099343434	-0.0514460299	0.0086972986	-0.0331360462	-0.016226429	0.1113850239	-0.1238166638	-0.0573330391	-0.0093831389	-0.0495537835	-0.0723098147	-0.0357393408	0.1393780078	-0.0323947986	-0.0751459875	-0.0467864514	0.1420313884	-0.0094716496	-0.0080931796	-0.0575409019	-0.0250848489	0.0100682046	-0.0547430602	-0.0367683316	-0.1195768598	0.0528879944	0.0018282752	0.0326076143	-0.0302273576	-0.0076726596	-0.09245079	0.0224023596	-0.0908324381	0.0145346957	-0.0320668442	0.0885619592	0.0330633784	-0.0003481807	0.0301320409	0.0674179595	-0.0068385813	0.2258158725	0.026017659	0.0716047378	-0.1287871583	0.120904684	-0.0591938274	0.0451493463	-0.0699729331	0.0945466119	0.0493799823	-0.0908571236	-0.0012800497	-0.0208378429	0.0004922151	-0.0371263898	0.0073748626	-0.0735616093	0.0065349789	0.0177930554	0.0339684916	0.0422587148	0.0178094946	-0.0745224532	0.1130705582	-0.105943807	0.0652516718	-0.0246782592	0.0233378735	-0.1527260114	-0.0107551028	-0.0312835887	-0.0029547179	-0.112161256	-0.0512286579	-0.1482522564	0.0153367823	0.0880054659	0.0401318633	-0.0213671566	-0.0756116809	0.0	0.0	-0.1443485175738885	0.0116114172552813	0.0001348250106762	0.0208364945257792	0.121248558598765	-0.0060940885884547	0.0147012129622781	3.7137915723934974e-05	0.1359412530361083	-0.0088886308602411	7.900775856963207e-05	0.0184800242770272	0.0007606333696525	0.0004405638998706	1.940965498691921e-07	5.785631230289168e-07	-0.0009768972007684	-0.0001519245859785	9.543281408691356e-07	2.3081079824738642e-08	0.0002718715218552	0.0001027393741774	1.0555379006384353e-08	7.391412439586247e-08	0.0	0.0	0.0	0.0	0.0	0.0	0.0	0.0	0.0	0.0	0.0	0.0	0.0	0.0	0.0	0.0	0.0	0.0	0.0	0.0	0.0	0.0	0.0	0.0
59.35150827297663	0.0722438707344395	0.0052191768586944	3522.601534277213	63.562499152853135	0.637518456641665	4040.191298556456	0.4064297825587704	59.139251950760965	0.1186300964662478	3497.4511212955845	0.0140730997875912	59.62939826250077	49.16685520577457	0.874236	29.94533	0.074872463547932	0.0333783944496253	-0.0205916912	0.0376632022	0.0347147788	0.0037368503	-0.0490842283	0.0123897814	0.0487035786	-0.0218768134	-0.0492744454	-0.0809849808	0.045545251	0.0367082497	-0.0295152197	-0.0176196685	0.0125403515	-0.0657995403	0.0314386394	0.0289874166	-0.006797471	-0.0199973444	0.0530106713	0.0192270421	0.000356839	0.0824529252	-0.0360213458	0.1319409177	-0.0925599159	0.1295498612	0.0424617196	-0.043766139	0.0394998143	0.0841032806	-0.0468687902	0.0429208322	0.0437013908	-0.0854473656	-0.0626589884	0.0798315386	0.0308872925	0.0944319691	0.1916239197	-0.0284142963	-0.0108429669	-0.0989731247	0.0172372163	-0.0755977308	0.0384114825	-0.0080559711	0.110111437	0.0629248328	0.0288639089	0.045889779	-0.0091609461	0.0344781968	0.0258918937	0.0051357421	-0.0540132329	0.1186558922	-0.1122104154	0.0967736563	-0.1659202478	-0.0581357598	0.0153991354	-0.0990328216	-0.0249309965	0.0091081338	0.0068306163	-0.0180007077	-0.0164594872	-0.0158643823	0.0805212776	-0.0058857965	0.0614527166	0.0826061528	-0.0138236368	0.0127427293	0.0151191814	0.0070292444	-0.0437473007	0.0982341046	-0.1277783335	-0.0371082224	-0.1545013975	0.0096621155	-0.052959486	-0.0592883454	-0.0474352445	-0.0501863126	-0.0534880743	0.1019098497	0.0279008133	0.0086397278	-0.0237850548	0.0490173537	-0.1417286591	0.0483540021	-0.0141526723	0.0035134403	-0.0159068446	-0.0266587292	0.0931957642	-0.1348146686	-0.0320081596	-0.0391599292	0.1215880334	0.0168033324	-0.1606110421	0.0489060186	0.0523460471	0.0521366076	-0.0545359437	-0.0992471362	0.1445923129	-0.0749292841	0.0164321465	-0.0559322335	-0.0463559162	-0.023963842	-0.018995035	-0.0312419949	-0.0048213329	-0.0590334272	0.011389425	0.0308435071	0.0403060225	0.0111735027	0.0078150493	0.0392763962	0.0441576097	-0.0244966662	-0.1011607904	-0.0161179673	0.0501264953	-0.0305471076	-0.0488828543	0.0899312776	0.0328116281	0.0147210868	-0.0401687779	-0.0168894257	0.0412888183	0.0869490055	0.0366444511	-0.0268319309	-0.0806635902	0.0	0.0	-0.1558100634305077	-0.0114615458566192	0.0001313670334233	0.0242767758662188	0.130535027850783	0.0092864692520179	0.0170393934960046	8.623851116867566e-05	0.1417832286827831	0.0058419756466747	3.4128679456341406e-05	0.0201024839357143	0.0002966982768493	-0.0004639350928032	2.1523577033431381e-07	8.802986748534389e-08	-0.0007394210322304	0.000237476168538	5.467434629046701e-07	5.6394930623488585e-08	0.0005361097163664	0.0002642381945112	6.982182343853878e-08	2.8741362798246185e-07	0.0	0.0	0.0	0.0	0.0	0.0	0.0	0.0	0.0	0.0	0.0	0.0	0.0	0.0	0.0	0.0	0.0	0.0	0.0	0.0	0.0	0.0	0.0	0.0
59.43678425734152	0.0852759843648911	0.0072719935094011	3532.731322853761	63.24946324368741	-0.3130359091657269	4000.4946006145647	0.0979914804272132	59.25350915690064	0.1142572061396762	3510.978347406908	0.0130547091548444	59.73424317613244	49.57575201199625	0.864413	29.608835	0.0999325107327429	0.0474946651684341	-0.0353085642	0.0157070824	-0.0017990608	-0.0519826319	-0.0371728572	0.0272116943	0.0905331298	-0.0218835768	0.0462792041	-0.0525104187	-0.0614397474	0.0322623415	-0.0700940447	-0.0483575473	0.013808508	-0.022976955	-0.0591232628	0.0408977121	-0.0955917432	-0.0267877499	0.0281318846	0.044937551	-0.1179270782	-0.0198152712	0.0655890828	-0.0464350577	0.0037232469	0.0450460036	-0.0437761711	-0.0345539342	0.0046792063	-0.0097697483	-0.0581549513	0.034981103	0.025671127	0.0909021592	0.0157325483	-0.0505562908	-0.1100143224	0.0808472097	-0.0493645466	0.1404632103	0.021537801	-0.0377156084	-0.0623654088	0.0160205509	-0.1005038505	0.0562091428	-0.1305587379	-0.0004862966	-0.0235708077	0.0692087995	-0.0023688555	-0.0006462227	-0.0929214416	0.0312499061	-0.2086499813	0.0796429971	0.1455822814	-0.0147161447	-0.0362554356	-0.0084312927	0.1865067439	-0.1353662191	-0.0561245326	0.0372190837	-0.0251797732	-0.0459564421	0.0361819653	0.0711667634	0.008992815	0.1043626152	-0.1265912016	0.0215651098	0.0171429636	0.0310431137	0.0535781461	0.070210867	-0.0241105134	-0.0384377023	0.0633045543	-0.1525899207	-0.0544353999	-0.0598370016	-0.066184033	0.0031322932	-0.049329772	0.0722288319	0.0531690558	-0.0874548471	-0.1120619903	-0.1290853116	-0.0587351352	0.0455628399	-0.1269274866	0.0325914511	0.1098912177	-0.019329662	-0.0282148669	0.0827141247	-0.0482945174	0.004678009	-0.0279701719	-0.0763344149	-0.0861307041	-0.0698159051	0.0043444194	0.0922261252	0.0517389075	-0.0632936322	0.0661545645	-0.0261171243	0.1403586256	0.0808898458	-0.0410923304	-0.0597848394	-0.093085532	-0.036870051	-0.0169939621	-0.0549916823	0.0153245058	-0.0652773902	-0.0247922556	0.0621441232	0.0575361528	-0.0069312296	0.0203130965	0.008639791	0.0517469311	-0.0212856867	0.0622008597	-0.0760824323	0.0495912832	-0.1474198596	-0.0423433758	0.012950541	0.0089089349	0.0344399275	-0.1598923517	-0.1421196865	0.0137381528	0.085865461	0.0331113845	-0.032221499	-0.0853136375	0.0	0.0	-0.1306030229320498	0.0252070404984579	0.0006353948906908	0.0170571495989895	0.132421635218165	0.0018866073673819	0.0175354894738527	3.5592873586600344e-06	0.11618671300063	-0.025596515682153	0.0006551816150667	0.0134993522778907	0.0008906865225354	0.000593988245686	3.5282203601325054e-07	7.933224814262035e-07	-0.0005406937039769	0.0001987273282535	2.923496815202596e-07	3.949255099477434e-08	0.0006882410861218	0.0001521313697554	2.3143953663654242e-08	4.73675792626115e-07	0.0	0.0	0.0	0.0	0.0	0.0	0.0	0.0	0.0	0.0	0.0	0.0	0.0	0.0	0.0	0.0	0.0	0.0	0.0	0.0	0.0	0.0	0.0	0.0
59.285265020980944	-0.1515192363605777	0.0229580789872926	3514.742648607946	63.98461545781886	0.7351522141314533	4094.031015284952	0.5404487779423781	59.1726305057825	-0.0808786511181409	3501.400200973862	0.0065413562066899	59.73018281236291	49.21024992381856	0.941965	32.265259	0.1546450375327375	0.0718980100658618	-0.0310288017	0.0710690524	0.0496558929	0.0566302447	-0.1010101091	-0.0331735519	-0.0355555612	-0.0143300635	-0.0281706848	-0.0978967494	0.0687802027	-0.0390027536	-0.0251120064	-0.0589936068	-0.0340039333	0.0230589846	-0.046974743	-0.0434530425	0.1277747178	-0.0296870418	0.037976632	0.0735725943	-0.0233210936	0.2108544623	-0.0373377986	0.0127483546	0.0973443393	-0.0617528534	0.0553430499	-0.0239389538	0.0381519863	0.1047636241	0.0515142846	0.0873918739	0.0584583138	0.0315495858	0.0818484073	0.1045122186	-0.1045678971	-0.0660828521	-0.1375103575	0.0366587494	-0.0169220505	-0.0240614452	0.0982705135	-0.1044553435	-0.0062481026	0.0434632188	0.0083927858	-0.016226551	-0.0456492293	-0.1238915063	0.0321634726	0.0613513158	0.0593387464	-0.0216143711	-0.0897184117	-0.0532743353	0.1619972582	-0.0221427054	0.0113960233	0.0339721845	0.1588599927	0.0317708548	-0.0276525015	0.0658811213	0.0252968364	0.0716963871	-0.0036458393	-0.1131820237	0.1052138459	-0.0682238232	0.0331944374	0.0110812532	0.0508034165	0.0062102011	0.1067565361	0.0124824967	0.0758846372	0.0515613097	-0.0670881452	-0.1061660204	0.103922378	-0.029311359	-0.1241764181	0.0199555399	-0.0965827625	0.0321237661	0.055463528	0.1170136806	0.0328995939	-0.1365348977	-0.0007316139	-0.0286010818	0.0910812617	0.0151489679	-0.0472245436	-0.1077888513	0.0051327187	0.0927218692	-0.1417570619	0.0001045754	-0.0329543176	0.0142558895	0.0793785793	0.0305065802	-0.0825468467	0.0011145753	-0.0923156084	-0.0255259763	-0.0547499658	0.0917709618	-0.0516624829	0.051973981	-0.0679766135	-0.1344583672	-0.0076582571	-0.0224383602	-0.0962508	-0.0242020577	-0.0201503355	-0.0256631332	0.0402885529	0.1084127192	-0.0706042023	0.0105141008	0.0144805829	0.0487175371	-0.0160640074	0.0052509839	-0.0374383273	0.0257983009	-0.0746717011	-0.0755804731	0.1427920384	0.1155683545	0.0628006461	0.0228176328	-0.1528926201	-0.0712963263	-0.1884895678	0.0847551701	0.0295370653	-0.037520755	-0.0895386565	0.0	0.0	-0.1678626276459454	-0.0372596047138955	0.0013882781434357	0.0281778617602013	0.1587083106415292	0.0262866754233642	0.0251883278666881	0.0006909893048133	0.1594523740855677	0.0432656610849377	0.0018719174291166	0.0254250596015238	0.001290051370622	0.0003993648480866	1.5949228188723318e-07	1.6642325388437009e-06	-0.0004423519882534	9.834171572349994e-05	1.9567528151173614e-07	9.671093051441677e-09	0.0002292857237211	-0.0004589553624007	2.1064002467635795e-07	5.25719431023086e-08	0.0	0.0	0.0	0.0	0.0	0.0	0.0	0.0	0.0	0.0	0.0	0.0	0.0	0.0	0.0	0.0	0.0	0.0	0.0	0.0	0.0	0.0	0.0	0.0
59.30621907536176	0.0209540543808159	0.0004390723949941	3517.227621014803	63.47254138804497	-0.5120740697738952	4028.763510257081	0.2622198529348001	59.26883117245957	0.0962006666770705	3512.7943485495152	0.0092545682691128	59.76919198483229	48.12340207445582	1.05343	36.083271	0.4314401403034011	0.2367125992302471	0.0829112997	0.0174154054	-0.0586053802	0.0839071413	-0.0140518759	-0.0214246107	0.0592971037	-0.0454078728	-0.008933772	-0.0156090176	-0.0029970934	-0.0388451206	0.0156914631	-0.1401732525	-0.0431348289	-0.0184667502	-0.0984856233	0.0744154255	-0.0194784016	-0.0106407774	0.0328955774	-0.0203455394	-0.0290768693	-0.0286356214	0.0158902571	0.0222015044	0.0465723456	0.0486132627	-0.0237919782	0.0481220523	0.0962696593	0.0495449766	-0.098507807	0.0397655485	0.0728442495	0.0171311261	0.0540121273	-0.0843495637	-0.076061114	-0.2776825071	-0.0117285507	-0.0432934968	0.0123041005	-0.0283253376	-0.0982093038	0.034645223	-0.1160305756	0.0197474237	0.0883747459	-0.0347805423	-0.0132466899	-0.0381770036	-0.0316862727	0.0041738094	0.1219198126	-0.1699237568	0.008379503	-0.0028527941	-0.134374414	0.0745281019	0.1699064765	-0.0703913699	-0.0493364175	-0.0297932368	0.0421375317	0.1248133492	-0.0274545141	0.0204108643	0.0350475467	-0.1374525786	-0.0744477802	0.03922869	-0.1261530571	-0.0078591325	0.0027128437	-0.0316501382	0.0848084541	-0.0371937339	0.0637925187	0.06184866	0.0741800236	-0.0590341576	-0.0539705158	-0.0394092971	-0.0530071159	0.0014205421	-0.0718733153	0.017783441	-0.1574586321	-0.0110027419	-0.1526325702	-0.0092355807	-0.0002620394	-0.1103585922	-0.0522109874	-0.108272205	-0.0089613432	-0.0067468457	-0.0474168077	-0.0565452203	-0.0434374767	0.0997594689	0.0396650934	-0.0542496792	0.0864500913	-0.0017820067	0.0550354674	-0.1341536078	-0.0873773853	0.0681763415	-0.0015185714	-0.0499011515	0.0429858779	8.8819e-06	-0.0486826846	0.0881880638	-0.0906343558	0.0851801685	-0.0219631815	0.0002498939	-0.0993487289	-0.047482893	0.0697923867	-0.1014132837	0.0098568644	-0.0417106903	0.0800653693	-0.0153016683	-0.1123274167	-0.0491644262	-0.068512715	0.0127605561	0.0528687943	0.0846816216	-0.0064846325	0.0541343458	-0.0341386323	0.0336793677	-0.1399705756	0.1176059529	0.0046449682	0.0836184785	0.0259259465	-0.0427148457	-0.0933175984	0.0	0.0	-0.2336061403964606	-0.0657435127505152	0.0043222094687771	0.0545718288309308	0.1538440918187262	-0.004864218822803	0.0236680045875286	2.3660624756111232e-05	0.3630466402063206	0.2035942661207529	0.0414506251972479	0.1318028629650976	-0.0006354743836984	-0.0019255257543204	3.707649430551145e-06	4.038276923368613e-07	0.0001181367051243	0.0005604886933777	1.3956281097625811e-08	3.141475754042415e-07	-0.0004294626807674	-0.0006587484044885	4.339494604161444e-07	1.844381941719217e-07	0.0	0.0	0.0	0.0	0.0	0.0	0.0	0.0	0.0	0.0	0.0	0.0	0.0	0.0	0.0	0.0	0.0	0.0	0.0	0.0	0.0	0.0	0.0	0.0
59.31711330865548	0.0108942332937189	0.0001186843190579	3518.519931271873	62.846844389083536	-0.6256969989614305	3949.725849665681	0.3914967345093403	59.10343088806275	-0.1654002843968172	3493.2155427400103	0.027357254078548	59.61770234629512	49.00968431112128	0.8694469999999999	29.781265	0.0991387993591327	0.0607923799718924	0.0622306171	-0.0522298291	-0.09060268	0.0044670771	-0.0274446331	-0.0043250142	0.0166956343	0.0668413744	0.0254005889	-0.0192499199	-0.0090640299	-0.0791255585	0.0261069232	-0.0281380282	0.0152666337	-0.0258202664	-0.0176138625	0.0323615332	-0.0250057429	-0.0821830669	-0.0946134265	0.1787629283	0.0837931175	-0.0904102636	-0.0471115259	-0.1031672829	0.0263616353	0.1656614963	0.0561524854	-0.0092085241	-0.0043066105	0.0499073048	0.0445185109	0.1341709872	0.1534169057	-0.0319214363	-0.0589106008	0.0505372452	-0.0934323949	0.1257602895	0.0394859422	-0.0710403908	-0.0232650033	-0.1014835018	-0.1232030207	-0.0884121862	0.0640127162	0.0568308365	-0.0548499177	-0.0547460805	-0.0626234791	-0.1599694939	-0.0484324901	0.0766612384	0.0002215396	-0.0063205039	-0.0496550224	0.110303029	0.0137540249	0.0077086557	-0.0252465729	0.0311995321	-0.0242787233	0.014756183	0.0501071023	0.0348837017	-0.0394772001	-0.0179286672	-0.0220905684	-0.060832932	0.0516920848	0.1564012634	-0.0107182271	-0.1434276206	0.0223323331	-0.0468100774	0.0656982655	0.042752388	-0.0133050569	-0.0903298751	-0.1224938139	-0.0431580967	-0.0121303987	-0.0496331526	-0.0226634586	0.000458207	0.0778703	-0.1048311116	-0.0304174714	0.0790767399	0.0125494454	-0.0499360399	-0.0062597976	-0.0866445254	-0.1233618697	0.0625987938	0.065397177	-0.139340125	0.0430328164	-0.0782645686	-0.0187765901	-0.086503212	0.1164638392	-0.0012565075	-0.0751258935	0.0100707823	-0.0824222352	0.0978610477	-0.0023048104	0.033840716	-0.0385280673	0.0585993765	-0.0498842745	-0.0046631977	-0.1348907826	-0.0463643814	-0.0242929408	0.067712035	0.0311714812	-0.0306908808	-0.0910769267	-0.0442087685	0.0893016432	-0.0663656074	-0.0196694506	0.0070196599	0.0395032177	0.0099782629	-0.060025847	-0.0930063752	0.0174418891	0.1242408439	0.0007117676	0.0700344951	0.0412478053	0.0955970422	0.015235884	-0.0277748511	-0.1208133948	0.0097485748	-0.075896416	0.0824557403	0.0222825273	-0.0477892128	-0.0966316368	0.0	0.0	-0.2163726697192345	0.0172334706772261	0.0002969925115828	0.0468171322014289	0.1454287409172536	-0.0084153509014725	0.0211495186847776	7.081813079491536e-05	0.3084507336794715	-0.054595906526849	0.0029807130094884	0.0951418551074042	-0.000925971261161	-0.0002904968774626	8.438843581552082e-08	8.574227764960929e-07	0.0001132371149026	-4.8995902217e-06	1.2822644191464632e-08	2.4005984340578254e-11	-0.0005119476381548	-8.248495738739995e-05	6.803768195201186e-09	2.62090384212278e-07	0.0	0.0	0.0	0.0	0.0	0.0	0.0	0.0	0.0	0.0	0.0	0.0	0.0	0.0	0.0	0.0	0.0	0.0	0.0	0.0	0.0	0.0	0.0	0.0
59.30207336522451	-0.0150399434309704	0.0002261998984067	3516.73590541447	63.45747992840219	0.6106355393186575	4026.8517588635673	0.3728757618789877	59.07820279833297	-0.0252280897297865	3490.234045880957	0.0006364565114141	59.61175791025162	49.395661290451606	0.9014120000000002	30.876181	0.2448567774451698	0.1307549350221603	-0.0018827245	0.0101776115	0.0028474121	0.0139259569	0.0190570385	0.0250187678	0.0291869911	0.001097326	0.0268154455	-0.0437820917	-0.0763369563	-0.025629434	0.0111355025	0.0188795261	0.0293972912	-0.0252460393	0.0518546142	0.0477416438	0.1323845681	-0.0591290846	0.0200348976	0.0626176973	0.1163027358	0.0256170771	0.0351467183	-0.0592000857	-0.1154746397	0.1481464859	-0.013438214	-0.057176855	-0.0189779269	0.0162008846	0.0856546197	0.049733806	0.0888721503	0.1690295809	0.0503441388	-0.1092919684	0.110057556	0.0086783194	-0.1016157104	0.0550093481	-0.0884091578	-0.0120044474	-0.0224002035	0.0357167877	0.1184448605	0.0797008379	0.0804484973	-0.0049933711	0.0280893337	0.093840294	0.037187804	-0.0357886207	-0.0099327356	-0.0353431442	-0.1009262925	0.0369227224	-0.077575318	0.0029734684	-0.0863725146	0.0254793219	0.0676074818	0.0848109644	0.0024085992	-0.0114980907	0.0004255404	-0.0230949504	-0.0402239366	-0.011995519	-0.0137507982	0.0326186215	0.0524914152	-0.0483818952	-0.1871440787	0.0301132825	0.0506086179	0.028997763	-0.0270639293	-0.1179367794	-0.0023323394	0.0158049537	-0.0228177479	-0.0877838702	-0.1679981914	-0.1534561584	-0.0298174889	-0.0848095482	0.1176995172	0.0013817375	-0.0063906576	0.0161892585	0.0105430727	-0.1081367345	0.1105874228	-0.0265534867	0.1216520086	0.0567355116	-0.0158072937	-0.0996794834	-0.0571606405	-0.0169167185	0.0182919516	0.0705047548	-0.0085353342	-0.0668285317	-0.0503901444	-0.000936642	0.1412991132	0.0208276918	-0.0878995738	-0.0763574295	0.0598015794	-0.0454642332	0.0410719499	-0.1956615005	0.1084576651	0.0056429022	-0.0209506836	-0.0126101193	-0.0471689333	-0.0612500764	0.0012870769	0.0428674423	0.0348456348	-0.000431757	0.036583517	0.0569278661	-0.0243990484	-0.1104471807	0.0617849021	-0.0048695577	0.0647695649	-0.0244288809	-0.0329488247	0.0710010214	-0.0755373153	-0.0168069351	-0.0992910727	-0.1001107018	-0.0723331781	0.0812673177	0.0186113467	-0.0527296337	-0.0994642612	0.0	0.0	-0.1666793619789928	0.0496933077402416	0.0024694248341663	0.0277820097097241	0.1452610621566066	-0.0001676787606469	0.0211007761788655	2.8116166772111998e-08	0.2085131064606216	-0.0999376272188499	0.0099875293341338	0.0434777155658585	0.0004069997173228	0.0013329709784838	1.7768116294800591e-06	1.656487699008391e-07	9.990420713812398e-06	-0.0001032466941887	9.980850603897182e-11	1.0659879860913028e-08	-4.700203631876322e-05	0.000464945601836	2.1617441266667446e-07	2.209191418110336e-09	0.0	0.0	0.0	0.0	0.0	0.0	0.0	0.0	0.0	0.0	0.0	0.0	0.0	0.0	0.0	0.0	0.0	0.0	0.0	0.0	0.0	0.0	0.0	0.0
59.17332462248818	-0.1287487427363274	0.016576238756185	3501.482346878366	62.95527715885893	-0.5022027695432669	3963.366922148744	0.2522076217369277	58.96589907793931	-0.1123037203936547	3476.977254069724	0.0126121256142561	59.44218943342567	48.57786495722379	0.864332	29.606083	0.0694898643623897	0.0384431667560122	0.0258837651	0.0099021511	-0.0117207153	0.0054007068	0.0518135157	0.0758844763	-0.0047424004	0.021321079	-0.0966560989	-0.2133134472	-0.0179593225	0.0669816736	0.044416912	0.00125115	0.0177671192	0.065107739	-0.0453151085	0.0412218819	0.025556432	-0.0844164906	0.0968077029	-0.1238026786	-0.094889871	-0.0342690413	0.0037002847	-0.0836558434	0.2359150531	0.0219961803	-0.0721400379	-0.0740688195	-0.013886613	0.0586549891	-0.0420291524	-0.1040443164	-0.0202106949	0.0331339979	0.0717476338	0.0473378477	0.0141468712	-0.0606745699	0.1272711245	0.0406810239	-0.0681933857	0.0214979002	0.0164886564	-0.0029681838	-0.0621714556	0.0319780889	0.0529957786	-0.0106048873	0.0119621073	0.0310935498	-0.1143214647	-0.0043829601	0.0527870384	-0.0440711216	-0.084754631	-0.0218289502	0.0196499477	-0.0832445629	-0.0802363975	-0.1783566378	0.0244357825	0.1368876489	0.0416237827	-0.0257478467	0.0253021709	0.0007733679	-0.0161548469	-0.0776017293	-0.1088408716	0.0437223048	-0.0430420315	0.1947055596	0.0168727101	0.0637438697	0.0606692686	-0.0680283755	-0.1327333069	-0.0167835422	-0.0087124306	-0.0249561045	-0.0416782158	0.0250059705	0.1183546604	0.010443167	-0.1083559097	0.1897992824	0.0317174101	0.0248451099	-0.0287830082	-0.0635006277	0.0925198345	0.0146083278	-0.026880251	-0.0816245626	-0.0550805523	0.0501433955	0.0039223987	0.0368582171	-0.0377734708	-0.010558197	0.0810549682	0.0155109304	0.0185600383	-0.0996551325	0.018804115	-0.0331307918	-0.0862032368	-0.0092699619	0.058887543	0.0540397149	-0.0587761637	0.0265235402	0.0657447008	-0.2505915107	0.0556644819	0.0180929527	-0.0009425508	-0.0216129096	-0.0429475011	-0.0588437384	0.030143503	0.0121927516	0.0444717985	-0.0054581761	0.0828668118	-0.0243352375	-0.104846924	-0.0720590967	0.0152118806	-0.0054407096	0.0376836042	-0.0402852358	-0.1291132006	-0.0061970562	-0.0087610519	0.0914517162	0.0021356951	0.0018772487	-0.1230643971	0.080053581	0.0149169788	-0.057522261	-0.1018013597	0.0	0.0	-0.1667291583156043	-4.9796336611507286e-05	2.479675139926541e-09	0.0277986122326298	0.1451936085609304	-6.745359567622566e-05	0.0210811839669446	4.5499875696517305e-09	0.2386351350630065	0.0301220286023848	0.0009073366071228	0.0569467276865393	2.597588039720657e-05	-0.0003810238369255	1.4517916430550124e-07	6.747463624099807e-10	-0.0002400026095976	-0.0002499930303114	5.7601252613658e-08	6.249651520428277e-08	-0.0002009968856361	-0.0001539948493173	2.3714413616269262e-08	4.0399748035411467e-08	0.0	0.0	0.0	0.0	0.0	0.0	0.0	0.0	0.0	0.0	0.0	0.0	0.0	0.0	0.0	0.0	0.0	0.0	0.0	0.0	0.0	0.0	0.0	0.0
58.907913128378944	-0.2654114941092373	0.0704432612052977	3470.14222914064	62.83530058759324	-0.1199765712656883	3948.274999933195	0.0143943776526708	58.87772324867172	-0.0881758292675911	3466.5862949471784	0.0077749768670273	59.334250630438326	45.85457961621069	1.201853	41.167225	0.4443132515542567	0.268859233822133	0.1505046563	0.1480297969	-0.1126427428	0.134036168	0.1357186571	0.0494668314	0.0178234817	-0.0134195689	0.0844376266	-0.0143785677	0.2122623205	-0.0033492329	0.124313983	-0.0442115356	-0.0125512967	0.1415850588	-0.0073944092	0.0551194964	-0.0528230725	-0.0063730377	0.121264531	0.0448498766	-0.0596090628	-0.0641127795	0.1976069135	-0.0210887486	-0.021593979	-0.002023296	0.1208981038	-0.078354742	0.0550312641	0.1505500615	0.0226283495	-0.0693921516	0.0603901483	-0.0019082177	-0.0764845316	-0.034435914	0.0482590843	-0.0747970822	0.0410128479	-0.0139564501	0.1290372384	0.003379728	-0.0107353563	0.0548386442	0.0367837642	0.0312673694	0.0047909173	0.0061168734	0.0075494364	0.0079089258	-0.0463890997	-0.0392231368	-0.0319191188	-0.010737156	0.0663784999	-0.063200064	-0.0067370469	0.0672310514	0.0923180544	-0.0167686019	0.1269591048	0.1236518645	0.1292070464	0.0280594991	0.1066801122	0.1216460369	-0.0371793001	0.1017935543	0.0164827154	0.196744191	-0.0604501371	0.0735908151	0.0358578515	0.0242908617	-0.0366934086	-0.0024398303	-0.0206864777	0.0024317374	0.0597852174	0.0100029358	-0.0251737393	-0.1565056276	0.0820695319	-0.0710379117	-0.1376274584	-0.0368042434	-0.1064282394	-0.0010047946	0.1179160043	0.0748694643	-0.1166720667	-0.0526884423	0.0574951353	-0.0299640567	0.0102334264	0.0694367059	-0.0072594646	-0.0150850426	0.0900346653	-0.0020843618	-0.0109435616	-0.0477871112	0.0193863162	0.03262364	0.0495335883	-0.0697707634	-0.0030872735	0.0546603688	0.037195176	-0.033727218	0.0316736455	0.1710623507	-0.009364697	0.0183864328	0.0333330221	0.1457827593	-0.1671606081	0.0382350041	-0.0799616743	0.0006896777	0.0449278725	-0.1604596638	-0.0670013796	0.0442396434	0.0201000639	-0.1870084445	0.1374247396	-0.0896225756	-0.0218110303	-0.0132891862	-0.0561382909	0.1658233356	0.0382558441	-0.0288053024	-0.0023978105	0.091976728	0.0313412468	0.0728733963	-0.0084183274	0.078814908	0.0112040262	-0.0621536617	-0.1036312889	0.0	0.0	-0.2448931515246926	-0.0781639932090882	0.0061096098343904	0.059972655663696	0.183950679338622	0.0387570707776916	0.0338378524291405	0.0015021105352669	0.4870218217708668	0.2483866867078603	0.0616959461337087	0.2371902548810139	-0.0003710258573688	-0.000397001737766	1.5761037978922905e-07	1.3766018683625312e-07	0.0006649854601918	0.0009049880697894	4.4220566226650004e-07	8.190034064611439e-07	7.712332400082605e-05	0.0002781202096369	7.73508510084877e-08	5.948007104936391e-09	0.0	0.0	0.0	0.0	0.0	0.0	0.0	0.0	0.0	0.0	0.0	0.0	0.0	0.0	0.0	0.0	0.0	0.0	0.0	0.0	0.0	0.0	0.0	0.0
59.36829753702551	0.4603844086465685	0.2119538037248505	3524.5947524447897	63.691190202185446	0.8558896145922077	4056.5677093709633	0.7325470323667979	59.07941011547803	0.2016868668063054	3490.376699592847	0.0406775922421443	59.5560706563294	46.03075105858743	1.344892	46.066772	1.0386250622651712	0.5282001080716878	0.252315575	0.0082205342	-0.1583353081	0.0782145705	0.0617672082	-0.2232088835	0.033418916	-0.1897579518	-0.0575075942	0.0784002748	0.2501926513	-0.1169767853	0.1974303083	-0.2644471892	0.0184283023	0.031468604	0.1920547605	-0.1181563634	-0.0240997086	0.0710709176	0.0594872785	0.0598542967	-0.0413121778	-0.0755131348	-0.0614671358	0.028101985	-0.0912173288	-0.0583007124	-0.0657283988	-0.0575816495	-0.0628982115	-0.0005386978	-0.007022394	-0.0332072728	0.042455695	-0.0104406308	0.1317490135	-0.112575267	0.0116882023	0.1291416215	0.0895237587	0.0536710991	-0.0732727592	0.0626713839	-0.0313286566	0.01358177	0.0838097728	-0.1158604063	0.0322886765	0.0210610946	0.0769339265	-0.0819868695	-0.0874912916	0.0227766846	-0.210177302	0.0094378908	-0.0258591549	-0.0407493273	-0.0818369003	0.0212841595	-0.0982797891	0.0474503322	-0.1780762034	-0.024600256	0.2188000672	0.229085803	-0.070064835	-0.0408344497	-0.0832342971	0.1755070048	0.0498362784	-0.1010722282	0.0534634448	0.0732738573	0.0915819965	0.0201783046	-0.0922114297	0.0111275178	0.0841055953	-0.0566722908	-0.0091794024	0.0624841001	0.0472442402	0.1376857549	-0.0161011142	-0.0925221202	-0.0164823104	-0.0082073017	-0.0274717315	-0.0371815515	0.0394036775	-0.0514563221	0.1404013899	-0.0274043854	-0.0757001955	-0.0074318808	0.071146451	0.090182324	0.0300417839	-0.1070690245	0.0172306205	-0.0605490311	-0.0347525275	0.0860654199	-0.1316680835	0.1706149424	-0.0094775336	0.0509336875	0.1412282555	-0.1634326755	0.1248526879	0.1215131115	0.1409317036	-0.065192159	0.0247738229	0.0984539278	0.0312367742	0.2684380308	-0.017106764	-0.1119200617	0.1179851975	0.1432283215	-0.3119775643	-0.2200717555	-0.1729694242	-0.0710168148	-0.094803225	0.1618549868	0.0766906964	-0.0486132998	0.0802611012	-0.1125436516	0.0690567197	0.0384036465	0.1480203375	0.0327161552	0.0961602003	-0.2527454255	0.0716864285	0.1192807642	-0.0002761695	0.0775516848	0.0074771147	-0.0666108546	-0.1049449322	0.0	0.0	-0.2696373099790889	-0.0247441584543963	0.0006122733776162	0.0727042789327592	0.1263212963671378	-0.0576293829714842	0.0159570699158742	0.0033211457816739	0.7774225178245189	0.2904006960536521	0.0843325642684456	0.6043857712206143	-0.0070901642169404	-0.0067191383595716	4.514682029506654e-05	5.027042862318208e-05	0.0057640191583909	0.005099033698199	3.3223916858297336e-05	2.6000144655369983e-05	0.0015759677619429	0.001498844437942	2.246534649149892e-06	2.483674386683313e-06	0.0	0.0	1.0	0.0	0.0	0.0	0.0	0.0	0.0	0.0	0.0	0.0	0.0	0.0	0.0	0.0	0.0	0.0	0.0	0.0	0.0	0.0	0.0	0.0
59.38336501070781	0.0150674736823006	0.0002270287631668	3526.3840399949568	62.82631730526052	-0.8648728969249291	3947.146146141277	0.748005127835319	59.203913195512186	0.1245030800341595	3505.103337661742	0.0155010169379923	59.70283146500587	48.08002562832412	1.206224	41.316956	0.7985871315104042	0.4141915845321879	0.1719075648	-0.0920007186	-0.1316980967	0.0248154751	-0.0491332431	-0.1250409731	-0.0919506677	0.1327897615	-0.0088595365	0.0961298296	-0.0126258781	-0.1381927844	0.0748034628	-0.150368788	-0.0092304212	-0.0187568929	0.1708811699	0.1598817577	0.0244816124	0.1844030694	-0.0570712909	-0.060336127	-0.0136194746	0.0411760853	0.0226265016	-0.0913838641	-0.0431930675	-0.0778829754	0.0987754701	0.0248098628	0.1023511302	-0.0909526525	0.1038910888	-0.0428981809	0.0382558989	-0.0590626295	9.82275e-05	0.1024041816	0.0095628601	0.1553008053	-0.0258229874	-0.0628682885	-0.1239899856	-0.0912617364	0.0221956147	-0.0161456028	-0.08496477	0.1245034449	0.0254540652	-0.0464275662	-0.0018697369	-0.004522359	0.0067485454	-0.1751605323	-0.0900192675	-0.1135219824	0.021545783	-0.0617438608	0.0609984119	-0.0541222971	0.1486865821	0.0425579717	0.0271680904	0.0399928276	0.0982279711	0.1420105551	-0.056115484	-0.0122060971	-0.1319799208	0.0183334488	0.1019129386	-0.0528654337	-0.087002176	0.0333901214	-0.1300785304	-0.0399722707	-0.1945243117	-0.0096820527	0.1129620104	-0.0141203844	0.0265033786	0.00276572	0.0333070828	-0.19779567	0.1587755116	-0.0269387046	0.0993643782	-0.1017442319	0.0865960362	0.079685124	0.0570883781	0.0320925514	0.1011964085	0.1906753468	0.0289546759	0.0416374543	0.0639429349	-0.0243300597	-0.0219291164	-0.0692914908	-0.0559734528	-0.0335064339	0.0259100791	-0.0717565072	-0.0260393174	-0.1389702273	0.0581376244	-0.0715457558	-0.1663094997	-0.0198845241	-0.0116645789	0.0146153666	-0.0240262461	-0.0092949744	-0.1584416558	-0.0563963815	0.0003465567	0.1787919495	0.0570862095	-0.0139065498	-0.0125637959	0.2000810816	-0.1073585498	-0.141932987	-0.1128442638	0.2119020713	-0.1697685123	0.1759472443	0.09006753	-0.1613306037	-0.1397955226	-0.1467130393	-0.3401339764	0.1901124388	-0.1214740906	-0.0912084733	0.0144189314	0.1213146796	-0.0719559651	-0.1009753848	0.0890418996	0.0762643048	0.0037408877	-0.0708813468	-0.1057357452	0.0	0.0	-0.204091025497604	0.0655462844814849	0.0042963154093277	0.0416531466886636	0.1386501780736466	0.0123288817065088	0.0192238718798539	0.000152001324133	0.4990449336097384	-0.2783775842147805	0.0774940793932572	0.2490458457615482	-0.0045201440522123	0.0025700201647281	6.605003647109051e-06	2.0431702252750232e-05	0.0007117096467008	-0.0050523095116901	5.065306212069776e-07	2.552583140191425e-05	0.0003516098162085	-0.0012243579457344	1.49905237928296e-06	1.2362946285417514e-07	0.0	0.0	0.0	1.0	0.0	0.0	0.0	0.0	0.0	0.0	0.0	0.0	0.0	0.0	0.0	0.0	0.0	0.0	0.0	0.0	0.0	0.0	0.0	0.0
59.488563239289	0.1051982285811874	0.0110666672966197	3538.889156274887	64.10084646306139	1.2745291578008704	4108.918517280969	1.624424574084596	59.2154983351648	0.0115851396526167	3506.4752430819053	0.0001342154607706	59.72321517318487	49.78666595482117	1.10901	37.987068	0.3215041414055777	0.1962060888755781	0.0875984876	-0.1367349157	0.0111194663	0.020717983	0.0210976986	-0.1689759776	-0.0279531138	-0.0061167148	-0.0268602231	-0.0223890916	-0.0720177247	-0.0485612568	0.0115318905	-0.0863651	-0.0587001287	-0.0776005732	0.0719554658	0.1012895463	0.045080048	-0.0527863212	-0.0945866995	-0.0673992848	-0.0061053277	-0.0156238094	0.0119990989	-0.0045563438	-0.0233059295	-0.023998331	-0.0669498322	-0.002791275	0.0403503897	-0.1156001899	-0.0496276013	0.0138112592	-0.1024883998	0.0414400429	0.0507306492	-0.0390011204	0.1024464226	-0.062074035	0.0153000912	0.0084832629	0.0891667847	-0.0279174175	0.0612847905	0.0880341567	0.0781481246	-0.1234961913	-0.151579964	-0.0136053184	0.1083225545	-0.0556458857	0.1447163336	0.0658453112	-0.0148594267	-0.1190843384	0.032280596	-0.0193783473	0.0496078156	0.1095151453	-0.0633625332	-0.0422211564	0.0786996958	0.044070768	0.0294063998	0.0564052748	-0.0994366152	0.0180547573	-0.0557338279	-0.0407922615	-0.0689813207	-0.0267953177	0.0956116466	0.0241327889	-0.131194971	0.0197743869	-0.0695876788	-0.0890272109	0.0670769677	-0.029922234	-0.0003038937	-0.0392131665	-0.08868972	0.068124928	0.0538685957	-0.0064525904	0.0174131048	0.0210268422	0.1496036339	-0.0907712162	-0.0860484542	0.0830214585	-0.0349380026	0.0352009916	-0.0289163433	-0.0508907699	-0.0912922097	-0.0536254588	0.0096234193	0.0894562348	0.0045797261	0.1928189101	0.1033953532	0.0950216058	0.1164499967	0.0344484565	0.0350356156	0.0652951524	0.1223685629	0.0357408373	0.0832432831	0.1174987911	0.0550168128	0.1151442654	0.023509545	0.097425617	-0.0326873675	0.0842190738	0.118980365	-0.0393251248	-0.0673547556	0.1306368672	-0.0931832668	-0.0348765947	0.1379211953	-0.0084210331	0.0939834061	-0.021482252	-0.2330023528	0.1054555205	-0.0427313772	-0.024456287	-0.1318823721	0.0196613701	-0.0016686772	0.0002837961	-0.1580626969	-0.090744879	0.0422364703	-0.1152986995	-0.0595254532	0.0749531689	0.0	-0.0749531689	-0.105999788	0.0	0.0	-0.1776487365514185	0.0264422889461855	0.0006991946447135	0.0315590735983152	0.1217194573853674	-0.0169307206882792	0.0148156263061882	0.0002866493030245	0.3130107369000754	-0.1860341967096629	0.0346087223454095	0.0979757214147282	-0.0037139675823511	0.0008061764698611	6.499205005578661e-07	1.3793555202754874e-05	-0.0001599572653709	-0.0008716669120717	2.558632674493652e-08	7.598032056006128e-07	0.0005157051355046	0.0001640953192961	2.692727381488902e-08	2.659517867858179e-07	0.0	0.0	0.0	0.0	0.0	0.0	0.0	0.0	0.0	0.0	0.0	0.0	0.0	0.0	0.0	0.0	0.0	0.0	0.0	0.0	0.0	0.0	0.0	0.0
59.4621786186114	-0.0263846206776037	0.000696148208301	3535.750686071646	63.89244231771916	-0.2084041453422287	4082.24418532307	0.0434322877958247	59.14558487015231	-0.0699134650124904	3498.20020963239	0.0048878925900527	59.681184937804936	51.04612594450256	1.131147	38.745319	0.4047368726887068	0.2496230942126045	-0.0474755639	-0.0711232347	0.0708617847	-0.0272665547	-0.0316061585	-0.0744668156	-0.075024053	0.0001760221	0.0606922872	0.0589301956	-0.0472680196	-0.0027072541	-0.0441984098	0.0490202977	-0.0152161111	-0.0396030224	0.0306323606	-0.1037741516	0.0752603778	0.0050295706	-0.1413352748	0.068869635	0.1428450609	-0.071618902	-0.0554794925	0.0753025476	0.0330353739	-0.0915278384	0.0696920846	-0.0261427825	-0.0048702505	0.1130956377	0.0757430785	0.1535952464	-0.1037761564	0.0191249026	0.0145734633	-0.0703275806	0.034017978	-0.0292705074	-0.1055771433	-0.1019504368	-0.0183780805	-0.0283091814	-0.1166195804	0.056232096	0.0205258157	0.0391117232	-0.0971929057	0.0872413718	-0.0113113648	-0.0418626128	-0.0103839546	-0.0136666018	-0.0317058503	-0.088362107	0.1274802173	0.1759113459	0.0400789747	0.0815094244	-0.0272720765	-0.1371360862	-0.0384188244	0.0808177178	-0.0552341813	-0.0288703064	-0.0049627232	0.0191369288	0.0202311096	0.0405724871	0.0711712231	-0.0598608168	0.0864863314	-0.2477330774	-0.0799029291	-0.0406973757	-0.0628049906	0.004760769	0.0411273415	-0.0783910348	-0.0271597923	0.0356322152	0.0141832512	0.0402098943	0.0540920454	0.1032266555	-0.1549635162	-0.0524650829	0.0167541687	-0.0096747137	0.0324556862	-0.0454573052	-0.1493068795	-0.0883678437	0.0064966329	0.0260256027	-0.0223039388	-0.0114146558	0.0412259489	-0.0337489928	0.0133443072	0.0342061509	0.1777720777	0.0761250163	-0.0180617567	-0.0341011291	-0.0364195177	-0.0237804852	-0.0005474139	0.0743817026	-0.063870523	0.0676096295	0.0536696459	-0.0436053661	0.0594456057	0.0679548338	0.0062542794	-0.0457179461	0.0619024835	0.1004874904	0.079061514	0.0331699902	-0.0280417346	0.1538793703	0.1198580827	-0.1058035671	0.061669612	0.0543516638	0.0946212803	0.0148182508	0.1073123683	0.0988592798	-0.2324273002	-0.0076783031	-0.0252757695	-0.02482504	-0.1632976383	-0.1049222789	0.0235360258	0.0177194451	0.1769005839	0.0736186857	-0.0037408877	-0.078814908	-0.1057357452	0.0	0.0	-0.1624373861738917	0.0152113503775268	0.0002313851803078	0.026385904427006	0.1189472929726633	-0.0027721644127041	0.0141484585055245	7.68489553106307e-06	0.1049761665447945	-0.2080345703552809	0.0432783824629063	0.0110199955424404	-0.0009482445694051	0.002765723012946	7.6492237843391e-06	8.991677634062635e-07	-0.0009382595110301	-0.0007783022456591	8.803309100384422e-07	6.057543855981536e-07	0.0005460556277633	3.0350492258700008e-05	9.211523803454091e-10	2.981767486119717e-07	0.0	0.0	0.0	0.0	0.0	0.0	0.0	0.0	0.0	0.0	0.0	0.0	0.0	0.0	0.0	0.0	0.0	0.0	0.0	0.0	0.0	0.0	0.0	0.0
59.399892592515286	-0.0622860260961104	0.0038795490468453	3528.3472400023525	64.03224430692957	0.1398019892104116	4100.128310982314	0.019544596187188	59.16950575446699	0.0239208843146769	3501.0304112279023	0.0005722087063961	59.67035276442766	49.59471899961032	0.906075	31.035894	0.0844455891972933	0.0460104994834452	-0.0358873845	0.010255327	0.0800860483	0.0226466803	-0.0581052624	-0.0995784625	-0.0914132444	0.0817505439	0.091180865	0.0160316526	0.0330512603	-0.0210588866	-0.0421668705	-0.0073569895	0.0507870869	0.0113612296	-0.038107937	-0.0724437646	0.1123364464	-0.0278260366	0.0463855211	0.045643646	0.0624508702	-0.0419981904	-0.0905928206	-0.0100573753	-0.1431971104	0.0843800008	-0.2101288827	-0.0115297045	0.0608043285	-0.1194571379	0.0322088196	-0.0366944453	0.00333761	-0.0266991688	0.0178637591	-0.0821437535	-0.0515601922	0.0302317829	-0.0462173691	-0.0646706289	0.1324056052	0.0231647314	0.1223267535	-0.1105660202	-0.0568961415	-0.0536578813	-0.0435077929	-0.1275311923	-0.0347685878	0.060563629	0.0282420521	0.0038788732	0.0436675532	0.0291450606	0.029343298	-0.0860938125	0.0614434425	0.0325538074	0.0518827551	0.0543893154	-0.1759276152	-0.0936462876	-0.0535075224	0.0028976352	0.0672190657	-0.0017210952	-0.0093575837	0.00673903	0.1325609773	-0.0494559899	0.1345418779	-0.0108332847	-0.0196080808	0.1081157009	0.0721171497	-0.0299956726	0.0024616749	-0.0451474887	-0.0418164258	0.0056185586	-0.0894875581	0.0823451487	-0.0432589002	-0.0561455033	0.1562191543	0.0161788965	-0.0219925456	-0.2049177222	-0.0233569119	0.0261898373	0.0127404955	0.0336909528	0.0665502523	-0.1175973392	-0.0267639524	-0.0813639107	0.0909432126	-0.0452943383	0.0047531692	0.0095897675	-0.2139379611	-0.075506984	-0.0456864678	-0.0432153594	0.0554129666	-0.0187766318	-0.0020923913	0.0598996317	0.0758571538	0.0745642006	0.0078584096	0.0395324077	0.0490009213	0.1785502045	0.0566922546	-0.0460452363	0.0297224408	0.0998109035	0.0803860444	0.0559102589	-0.064128362	0.0835349281	0.1068323608	-0.0479668809	-0.0227502551	0.0189670767	0.1937666615	0.0519175968	-0.0639826775	0.1819422116	-0.0453608349	0.1144186431	0.0110228552	0.0061892015	0.0363554033	-0.0376711515	0.112742893	0.0475746459	0.0846720565	0.0722612707	-0.0074771147	-0.0824557403	-0.1049449322	0.0	0.0	-0.1519980457921548	0.0104393403817368	0.0001089798276057	0.0231034059246339	0.1282737813986045	0.0093264884259411	0.0164541629942969	8.698338635921502e-05	0.1046221797027442	-0.0003539868420502	1.253066843447378e-07	0.0109458004857533	-0.0008769020443957	7.134252500939995e-05	5.0897558747168585e-09	7.689571954653583e-07	-0.0001939460543036	0.0007443134567265	3.761507197993496e-08	5.540025218641513e-07	0.0010169151169787	0.0004708594892153	2.217086585841873e-07	1.034116355139803e-06	0.0	0.0	0.0	0.0	0.0	0.0	0.0	0.0	0.0	0.0	0.0	0.0	0.0	0.0	0.0	0.0	0.0	0.0	0.0	0.0	0.0	0.0	0.0	0.0
59.55608702211374	0.1561944295984574	0.0243966998375874	3546.927501385585	64.40842516371545	0.3761808567858793	4148.445232069934	0.1415120370121582	59.25438415788309	0.0848784034160985	3511.082041929986	0.0072043433664659	59.75769326910377	49.80427735587202	0.8851719999999998	30.319901	0.089460622631164	0.0421059921671312	-0.0426030981	-0.0056126245	0.0781120341	-0.0014626002	-0.0529959437	-0.132850427	-0.0300192578	0.024276689	0.0414539367	0.1459246467	-0.0570468592	0.0594566384	-0.0540105627	-0.0176333869	0.039001957	0.0084058862	0.0976514672	-0.0187416768	-0.0509522099	0.1286191788	0.0860568515	0.0072171076	-0.0407618637	0.0574136605	0.1095736518	-0.0002306834	0.0568451028	-0.0590185084	-0.1612754631	-0.0111783259	0.0558263119	-0.0665854731	-0.0338180543	0.0486031102	-0.0815905745	0.0666973731	-0.0751543129	0.0890860505	-0.0712629361	0.0415274683	0.1596633157	-0.0689117518	-0.0071973227	0.1435234909	0.0333133869	0.0208931499	0.1162859697	0.1174188619	-0.0706665351	-0.1424372797	-0.0825474466	0.1175630693	0.1041917304	0.0696336699	-0.0215645053	0.0626532006	0.0726662905	0.1021240407	0.0617333212	0.1048774758	0.1123240731	-0.1550048513	-0.0156640351	0.096932235	-0.0510711207	0.0060556002	0.0022230862	-0.0318495796	-0.0755555688	0.0417381161	0.0549659531	-0.0298842665	-0.0139902253	0.1053292026	0.035680451	-0.0770922356	0.0033221597	0.0887967452	0.0392716742	0.0389740594	0.069511568	-0.1737389446	0.138933947	0.0761180881	0.0412043177	0.0091085215	-0.0227206312	-0.0733875202	-0.0019600571	0.0084862718	-0.1259935424	0.1185887836	0.0321730064	0.116868084	-0.0294149574	-0.1496572302	-0.0022214487	-0.0074527972	-0.0492838667	0.0303566677	0.0917471904	-0.0127564963	-0.0117760158	0.0125034355	-0.0628989129	-0.1687245262	-0.0847445875	-0.0710399355	0.1196145197	-0.0054895137	-0.037353987	-0.0588034562	-0.0987663469	0.1819246476	0.1948679781	0.0673790326	-0.0817283004	-0.0580242176	0.0397100068	0.1274253005	0.1001578016	0.0566491794	-0.0648191471	0.062333807	0.1237435043	-0.0980441461	0.0073702623	0.0093379431	0.1306172721	0.0745375926	-0.1245022254	0.1730478898	0.0573715011	0.0082384352	0.0435658198	-0.1198210524	0.0991150378	0.0570120985	-0.0475927114	-0.0130265474	0.1127199107	0.0708813468	-0.0112040262	-0.085865461	-0.1036312889	0.0	0.0	-0.1483243574965058	0.003673688295649	1.3495985693588556e-05	0.0220001150267512	0.1236634439931378	-0.0046103374054666	0.0152926473802439	2.125521099224524e-05	0.0900132724518059	-0.0146089072509383	0.0002134201710665	0.008102389217483	-0.0004688084723512	0.0004080935720445	1.6654036354403958e-07	2.197813837482659e-07	-0.0006711339710916	-0.000477187916788	4.504208071531806e-07	2.2770830792847127e-07	0.000570842812229	-0.0004460723047496	1.9898050106470918e-07	3.258615162735133e-07	0.0	0.0	0.0	0.0	0.0	0.0	0.0	0.0	0.0	0.0	0.0	0.0	0.0	0.0	0.0	0.0	0.0	0.0	0.0	0.0	0.0	0.0	0.0	0.0
59.5845334477193	0.0284464256055585	0.0008091991297325	3550.3166261823803	64.23130752177948	-0.1771176419359648	4125.660865957406	0.0313706590849566	59.24975014116683	-0.0046340167162597	3510.5328917906986	2.1474110926574676e-05	59.768187773227694	50.30760766035141	0.903499	30.947678	0.0350997114154961	0.0165464062913889	-0.0523656963	-0.0120630573	0.0800859651	0.0084732333	-0.0476109564	-0.1267778399	-0.0984429897	0.0059028352	0.049092012	0.0999895712	-0.0415123002	0.1096467246	-0.0738579886	-0.0086494792	-0.0007672113	-0.0271496195	-0.0867739601	-0.0827772706	0.0416431001	0.0023653262	0.0798364807	-0.0284104498	0.0273521155	-0.0816449104	0.0514138846	-0.0591616262	-0.0690791109	0.0239581777	0.0656736855	-0.0379477111	-0.0942715346	-0.0338736648	-0.0727852817	0.0851764733	-0.0405623272	-0.0763183765	-0.1594074691	0.0602605988	-0.0619272645	0.1299741497	-0.0573771303	-0.0479052461	0.1308167246	-0.0231669748	0.0403189165	0.076016641	-0.1193503015	0.017726868	-0.0205770642	-0.1232775908	0.0125990251	-0.0653505278	-0.0542306852	-0.0311439336	0.046326399	0.0688813622	0.0582385518	-0.0108811224	-0.0073590037	-0.1298476747	0.0244139124	-0.0220441743	-0.0992342999	0.0854718772	-0.0641083775	0.0175249366	0.0118300027	0.0197010293	0.0253703476	0.0012716983	0.0869113813	0.0446899683	0.0364684148	-0.0351961146	0.0206011546	0.0565719064	-0.0083980085	0.0817286174	-0.1413206148	0.0428396121	0.0827250713	0.1009459724	-0.0313278025	0.0610471739	0.0589341798	0.2043079886	0.0476337046	-0.1345452582	-0.0327327758	-0.0496100122	0.0108740963	0.0834381701	-0.0131116498	-0.0122801533	0.0263323592	0.0750810781	0.057377634	-0.0307234569	-0.0109473163	0.0969197074	-0.0756767142	-0.059575097	-0.0317827616	-0.2067753683	-0.1355778674	0.0363939652	0.0178644458	-0.0802559463	0.0572101387	0.0685223331	0.0244007995	-0.0039217535	-0.0561824769	0.0461690215	0.0427465596	-0.0217657692	0.1064461822	-0.0562147898	0.0377336583	0.1093386123	0.0995650259	0.0444316443	-0.0346553501	0.0600836057	0.1150011172	-0.0508784243	0.0048655699	0.015389987	0.1693828322	0.0099798932	-0.0387288427	0.086889278	0.1095933683	-0.0613686086	0.162383783	-0.0601956172	0.0435975461	0.1238052075	0.0167254639	0.1198296312	0.0827247098	0.0694793439	-0.0149169788	-0.0890345132	-0.1018013597	0.0	0.0	-0.1567367317789205	-0.0084123742824147	7.076804106743229e-05	0.0245664030887372	0.1276974932891335	0.0040340492959956	0.0163066497923282	1.6273553722523276e-05	0.0845355492530401	-0.0054777231987657	3.000545144229702e-05	0.0071462590875131	-0.0006618511934149	-0.0001930427210636	3.726549215567746e-08	4.3804700222472733e-07	-0.0005341848780273	0.0001369490930643	2.853534839130414e-07	1.8755054091134305e-08	0.0005573233335906	-1.3519478638399996e-05	1.8277630265415378e-10	3.106092981645392e-07	0.0	0.0	0.0	0.0	0.0	0.0	0.0	0.0	0.0	0.0	0.0	0.0	0.0	0.0	0.0	0.0	0.0	0.0	0.0	0.0	0.0	0.0	0.0	0.0
59.38501519625544	-0.1995182514638642	0.0398075326671977	3526.580029859489	64.28210398491393	0.0507964631344464	4132.188892727288	0.0025802806669691	59.20030940802285	-0.0494407331439816	3504.6766340056383	0.0024443860938144	59.66423382461071	48.37088929463379	1.071773	36.711567	0.3597428315007026	0.2040768648968086	0.0299581135	0.0894209561	0.0734244185	0.1076690697	0.0649079026	0.0025358987	-0.0312747263	-0.0619934753	-0.0892295848	-0.0584472607	-0.0073475758	0.0741733705	-0.0015773918	-0.0837097886	0.0068710167	-0.0096341482	-0.1223523128	0.0322775414	0.0250295734	-0.020112896	-0.0075250197	-0.0458809886	-0.000240775	0.1430265235	0.0749658248	0.1065407152	0.0247613403	-0.0453590175	0.1416169502	-0.0732331859	0.0304261814	-0.077762448	-0.133488209	0.0795152807	0.0846362313	0.0692222307	-0.0594786273	0.0446528361	0.0217099533	-0.0581619525	-0.0718121913	-0.0909643569	-0.093998434	0.0066475927	-0.1143092796	-0.0266572006	0.0582162886	-0.0305567853	0.085693663	-0.0559950179	-0.1371670139	-0.0915662688	0.1021959835	-0.0395516574	-0.0107930269	-0.0163514081	-0.0134654643	0.0534167787	-0.022753682	-0.1608524172	-0.0106248191	0.0758074054	-0.0545687379	-0.0117872058	0.0030179183	0.0630607329	0.0670719993	0.0579334243	0.0847803172	-0.1457271414	-0.1125384109	-0.0206210724	0.0897871027	0.0569176473	0.0098049067	-0.0615315352	0.013534844	0.0231241341	0.0572677771	0.1118481313	0.0801104595	-0.0379687064	-0.0053641555	-0.0367049277	-0.0016593647	0.0688252757	-0.0480607572	-0.0526851184	0.0670664142	0.0803996012	-0.0305250724	0.0355082063	0.01639096	-0.1817600531	-0.075599322	-0.0267393791	0.0246285017	-0.0904723962	-0.1549759436	-0.0859206606	-0.0947243203	-0.0820450876	-0.0431982189	-0.052378945	0.0180775787	0.0661784329	0.0514551122	-0.0576539834	-0.0440706325	-0.1210631303	0.0600807983	-0.0265171006	0.0089601154	-0.0555706778	-0.1148018868	0.1008761257	0.0837909266	0.0289470401	-0.0955529427	0.0604184847	-0.080657078	0.0807280002	0.0071405177	0.0059845096	0.0178312898	-0.0110683325	0.0475281054	-0.0318564221	3.69708e-05	0.0531652484	-0.2222008521	-0.1620768717	0.1085960289	-0.0094492306	0.0263584816	-0.1455507495	-0.0728172753	-0.040183354	-0.0175020082	0.1054810799	-0.0513723237	0.0680556987	-0.0186113467	-0.0919540145	-0.0994642612	0.0	0.0	-0.2216235252714113	-0.0648867934924908	0.0042102959697371	0.0491169869537278	0.1497251243010424	0.0220276310119089	0.0224176128469625	0.0004852165279968	0.265648303127513	0.1811127538744728	0.0328018296159953	0.070569020954527	-0.0010340589917738	-0.0003722077983589	1.3853864515917962e-07	1.069277998468248e-06	0.0005753944630388	0.0011095793410661	3.310787880957091e-07	1.231166314120681e-06	0.000204797410579	-0.0003525259230116	1.2427452639518054e-07	4.19419793798635e-08	0.0	0.0	0.0	0.0	0.0	0.0	0.0	0.0	0.0	0.0	0.0	0.0	0.0	0.0	0.0	0.0	0.0	0.0	0.0	0.0	0.0	0.0	0.0	0.0
59.313212475896286	-0.0718027203591518	0.0051556306509745	3518.057174210818	63.12906465124577	-1.1530393336681612	3985.278803741168	1.3294997049859172	58.97970749530754	-0.2206019127153098	3478.605896232036	0.0486652038936531	59.51807741373777	49.81021189085047	1.311174	44.9118	0.4433676499140823	0.2348452112428814	0.1289093831	-0.1765506606	-0.1193289266	-0.0315614388	0.0268147197	-0.1126067143	-0.071861781	-0.0223051408	-0.1037577867	0.1035914647	-0.0259060738	-0.1521848107	0.0772443873	0.0147037817	-0.0835873307	-0.131213105	0.072526792	0.0625016856	0.0791313478	0.1160213315	0.1272910599	-0.1511852309	0.09146089	-0.0819189722	-0.0586264639	0.030159176	0.1086325618	0.1476581463	-0.0079128554	0.1276587324	0.0456143694	-0.0225810027	-0.032208395	0.0278422688	-0.0149531511	-0.1042941308	-0.0952796642	-0.0098650147	0.067552292	0.00770262	0.0472711745	0.0121894318	-0.0894343603	0.0536749859	-0.0468817426	0.0724912918	-0.0734282332	-0.0318259164	-0.0172778276	-0.0091378584	-0.1111583659	0.0185909808	-0.0468170129	0.0134904075	-0.0856783008	-0.0119851104	0.0599704244	0.0296520298	0.0182733711	0.0433922373	-0.0653802483	0.0665946007	0.0545453089	-0.0298824604	0.0928244897	-0.030595833	-0.1366710424	-0.0006539417	-0.0425633691	-0.071307697	0.0911475253	-0.110545585	-0.0616559398	-0.0046901007	-0.1557798393	0.0320605966	0.0711779533	0.0051777928	-0.1283480964	0.1682061782	-0.0284192479	0.0704361451	-0.0193565563	-0.0265986229	0.1344849936	0.0072241151	0.0101666014	-0.0821807785	-0.0726426149	0.0034918644	-0.0944291453	0.0877816032	0.0032415081	-0.0291592009	-0.0875432595	0.0226394573	0.0428989654	0.117509713	0.053709125	-0.0227042813	-0.0175825118	-0.0847417543	0.0276420126	0.119659338	0.0162918536	-0.0547670167	0.0854118761	0.0340550244	-0.0982451134	0.0062568837	0.0541552827	0.0010307501	-0.1163596038	0.0037091438	0.0562637739	0.0314500496	-0.1168599611	0.1296256895	0.1750489903	-0.053833773	-0.0318245429	0.0813819575	0.1909611406	-0.1080708136	0.0448013763	0.0615379898	0.058662078	-0.1934716392	0.0452388219	0.0414575533	-0.0332475229	-0.0688697108	0.0354553097	0.0063459083	0.1241028	0.0935787841	-0.0940462124	-0.0195897555	0.0524268638	0.0077616014	0.0780750168	0.0666108546	-0.0222825273	-0.0946157819	-0.0966316368	0.0	0.0	-0.2779024263452214	-0.05627890107381	0.0031673147060757	0.0772297585685612	0.1659761805965161	0.0162510562954736	0.0275480925254073	0.0002640968307186	0.4008647198391415	0.1352164167116285	0.0182834793483327	0.1606925236117134	-0.0046718753543048	-0.0036378163625309	1.3233707887498272e-05	2.18264193261606e-05	0.0004061374630743	-0.0001692569999645	1.649476389124284e-07	2.8647932036982773e-08	-0.0007005547435889	-0.0009053521541679	8.19662523056457e-07	4.907769487649094e-07	0.0	0.0	0.0	0.0	0.0	0.0	0.0	0.0	0.0	0.0	0.0	0.0	0.0	0.0	0.0	0.0	0.0	0.0	0.0	0.0	0.0	0.0	0.0	0.0
59.68917637343202	0.3759638975357333	0.1413488522502594	3562.797776138675	64.3235010948587	1.194436443612929	4137.512793100288	1.426678417830702	59.27033967415332	0.2906321788457831	3512.9731650895133	0.0844670633806472	59.822357687354085	51.81761192933727	1.31571	45.067196	0.7033190108104208	0.3803358556277045	-0.0645342088	-0.0621899315	0.0894383018	-0.0272495908	0.0138754035	-0.0414289245	-0.1141705527	-0.0343675699	-0.0412465436	-0.0096091178	-0.0903303726	-0.0301290555	-0.0789805566	-0.0217923159	-0.0862549046	-0.0054957762	-0.049557609	-0.0824142072	-0.0917279016	-0.0662934557	-0.034828212	0.0423364094	-0.0721370819	-0.0066961926	-0.0343682431	-0.0189856642	-0.0497851692	0.0551298428	-0.0534062603	0.0881892187	-0.0395900731	0.1226794851	-0.0933738952	-0.1243135731	0.0003294978	-0.0148906088	-0.0352501955	-0.0241211919	-0.1281394838	0.0916192168	-0.1354377083	-0.0557123043	-0.1264597593	-0.0639069868	0.1140305149	0.0602993508	0.0242211445	0.0277361598	-0.2138358318	-0.0132504803	-0.0188477191	-0.0946875923	0.1022814422	0.0936027179	0.010686865	0.1049969269	0.1790172724	-0.0239294183	-0.0673222604	-0.1337573826	-0.0209583928	-0.0417161296	0.0743839225	0.1058937992	-0.0790507564	0.0341036207	-0.0073943	0.0890950695	0.0540566616	0.0057610746	0.1147580161	0.033878624	-0.0195640868	-0.0687247251	0.1580159936	0.0145866765	0.0498121236	-0.0002631843	-0.0889783437	0.0033410111	-0.0095940243	0.0133356169	-0.0990299737	-0.0859745091	-0.0640771625	0.1560706127	0.2245119299	0.0583496222	0.0349753901	0.0829866729	0.1190709997	-0.0537796644	0.0053575013	0.0229934343	0.0179698952	-0.0972350416	-0.0586043431	0.0162553402	-0.0480901034	0.1045398502	-0.0837216052	0.0589760851	0.1386970199	-0.0088858463	-0.0221753249	0.0696710328	-0.0091180827	0.0332882663	0.1999688739	-0.0234665652	0.1427671043	-0.1444118198	-0.1449424118	0.1057191826	0.0672176094	0.0907771388	0.0029548705	-0.058123192	0.0217249288	-0.0589750673	-0.0095447743	0.0989622946	0.0326691394	0.1223009831	0.0907250902	-0.1122674004	-0.0269023652	-0.010239165	0.0901169278	0.0225896838	0.1028721024	-0.0468385163	0.065274005	-0.0327210927	0.0380934963	-0.1100727245	-0.0004370398	-0.1382767782	0.145046843	0.032593962	-0.1286972002	0.0651452616	-0.0259259465	-0.0970123549	-0.0933175984	0.0	0.0	-0.1992020443423285	0.0787003820028929	0.0061937501274012	0.039681454470163	0.126395091763328	-0.039581088833188	0.0159757192218601	0.0015666625932207	0.0681373181637567	-0.3327274016753848	0.1107075238256528	0.004642694126549	-0.0012111157549423	0.0034607595993624	1.1976857004579688e-05	1.4668013718694576e-06	0.0010788723174386	0.0006727348543642	1.1639654773353353e-06	4.5257218427655596e-07	0.0002121535686634	0.0009127083122523	8.33036463254442e-07	4.500913669661598e-08	0.0	0.0	0.0	0.0	1.0	0.0	0.0	0.0	0.0	0.0	0.0	0.0	0.0	0.0	0.0	0.0	0.0	0.0	0.0	0.0	0.0	0.0	0.0	0.0
59.30653969624421	-0.3826366771878113	0.1464108267293293	3517.2656507421902	63.87503506274933	-0.4484660321093656	4080.0201042674566	0.2011217819559185	59.19463359901842	-0.075706075134903	3504.00464692204	0.0057314098123315	59.68701175674797	50.341872360881794	0.928912	31.818151	0.0814206716485025	0.0439589540159057	-0.060643664	-0.0007130393	0.0822322865	0.0050848813	-0.0069611206	0.0598966396	-0.0976353365	-0.1117503745	-0.0886930625	-0.1293957589	-0.0943860289	0.1148498615	-0.0408975424	0.0075150189	-0.0277572721	0.0149439369	0.0078376405	-0.0548142302	0.0324000144	0.0956189893	-0.0034172633	0.0216768535	-0.1829386244	-0.0734507813	0.0116446351	-0.0271904418	-0.0627783498	-0.014309198	-0.0557175509	-0.0016504559	-0.0227331988	-0.0121379542	-0.0430885222	0.0102169576	0.0218176213	-0.0965185032	0.1207956239	0.0168484079	-0.0722200705	0.1860244999	-0.1249955922	0.1347335527	-0.0014921025	0.1874739069	0.0326347783	-0.0135760227	0.1250102182	0.0594573363	0.0149499269	-0.0390750659	0.154492592	-0.0356547411	0.0630297655	0.0772384388	0.0739543569	-0.0319322704	0.0232797352	-0.070832996	-0.081271889	0.1454179255	0.0360533985	-0.000723881	0.0034997357	-0.0097686297	-0.0568357672	-0.0190160341	-0.0058248477	-0.0151959408	0.0577001922	-0.0425323803	0.0179681414	-0.0786620625	-0.0412358312	0.0619816649	0.0769214224	0.0953563644	-0.1352655726	0.0479512434	-0.0125932676	-0.1106595602	0.0859275043	0.0287521984	-0.0335330565	0.0015793511	-0.1648453773	0.0170571528	0.0419224193	0.0074035818	-0.0159188476	-0.0721158014	0.1322265965	-0.0392539491	0.2484792569	0.0467770159	0.0338643728	-0.0741639606	0.1523469655	-0.0797363361	-0.0184841669	0.1140920121	0.0267304377	-0.0046547344	0.0816088213	0.0178805148	0.0675221278	0.0785583883	-0.159196655	-0.0458999016	0.0879314822	0.0203171291	-0.0039974002	-0.0081509601	-0.0370195367	-0.0569336703	-0.0327351031	-0.0652778894	-0.1104279072	-0.0590477763	-0.0015292249	-0.0592205655	-0.0032117989	0.048169607	0.0369598758	0.0574789599	0.07099838	-0.1352026246	0.0744822516	0.0790947376	0.0189371589	0.0479244599	0.0009899596	-0.1042010303	0.0323729022	0.021720722	0.0162452235	-0.0260954862	0.0950102867	0.025363697	0.2058404332	0.0364890918	0.0286478983	0.0636593764	-0.0295370653	-0.0991370163	-0.0895386565	0.0	0.0	-0.1994425024882957	-0.0002404581459672	5.7820119961987824e-08	0.0397773117987938	0.1463108532749544	0.0199157615116264	0.0214068657860452	0.0003966375565879	0.0901870801995272	0.0220497620357704	0.0004861920058341	0.0081337094349159	-0.000683013854837	0.0005281019001053	2.788916168948284e-07	4.665079258992986e-07	0.0010069900820091	-7.18822354295e-05	1.014029025264694e-06	5.167055770342066e-09	2.7843905095430784e-05	-0.0001843096635679	3.3970052084538e-08	7.752830509633562e-10	0.0	0.0	0.0	0.0	0.0	0.0	0.0	0.0	0.0	0.0	0.0	0.0	0.0	0.0	0.0	0.0	0.0	0.0	0.0	0.0	0.0	0.0	0.0	0.0
59.21708375206229	-0.0894559441819211	0.0080023659494789	3506.6630080987597	63.45426068407424	-0.420774378675091	4026.44319896245	0.1770510777494089	59.09809064193511	-0.096542957083308	3492.584317522378	0.0093205425623894	59.58003646805882	50.00425449831877	0.888175	30.422777	0.1032893269477809	0.0574791176342859	-0.0696874785	0.011182169	0.0473909766	-0.0373902751	-0.0588508052	0.0834455949	0.0321176823	-0.0665610762	-0.027643725	0.0558120053	0.0332978794	0.0102433846	-0.0473501026	0.0422324994	0.0472262458	-0.0025442987	-0.0080201522	0.0604980611	0.1326076946	0.0389946166	-0.0384113928	0.0207650309	0.0968842201	-0.0162495691	-0.0633870008	0.0712167048	-0.1400219112	0.0745635794	-0.0138601054	0.0293953778	-0.1015949596	-0.1676265387	-0.0608373168	-0.0455324192	0.0753665968	-0.0436541225	-0.0527382367	0.1248382644	0.0293320412	-0.0696139901	0.1448006315	0.0530315187	0.0904973817	0.1013670805	0.0935362187	0.1564225378	0.0420400012	0.0847417961	-0.0224367352	-0.0612126984	0.0056029599	-0.0872781569	0.0434201293	-0.038426484	0.0194965961	0.0734658356	-0.1214889482	-0.0341716875	0.2378366972	0.049208542	0.0322309965	0.1496461654	0.1292087818	0.0673807256	-0.0608890209	-0.0532148353	0.0478943384	-0.0324145387	0.0291585519	-0.049212815	0.0008310253	-0.0356423554	0.0572739821	0.0581632863	-0.0656478622	0.02882962	-0.0561199586	0.0730723154	0.0105257849	0.0192869379	-0.0932289901	0.0581383049	0.0357845994	0.0691279999	-0.0762173341	-0.1769989275	0.1227511357	-0.0648484762	-0.2001207025	0.0003711688	-0.0844513016	0.1874048816	0.0195789881	0.0517512694	-0.0330040939	0.0574654406	0.0750105773	-0.0371767476	-0.0827651674	0.1450257835	0.0110216009	0.1027268976	-0.1140891011	0.0358717806	-0.0102860501	-0.0014032536	0.0564811501	0.063535319	-0.0430293492	0.0162411584	-0.1323040653	0.1666085509	0.0347556983	0.164096819	-0.0888344757	-0.0053466258	0.0724259751	-0.0664123036	-0.0203967608	-0.0805914819	0.0039602628	0.0111325794	0.0365896718	0.0352032869	-0.0127579267	-0.0481786239	0.049149393	0.0431461022	0.0909407369	-0.0029957488	-0.0513903696	0.0182438452	0.0522922471	0.0923175068	-0.0323114758	0.0636520217	0.1097260976	-0.0267477734	0.1791507433	0.0332758468	-0.0233811215	0.0621536617	-0.0331113845	-0.1009838109	-0.0853136375	0.0	0.0	-0.2111145842199135	-0.0116720817316177	0.0001362374919495	0.0445693676703469	0.1499401408756995	0.0036292876007451	0.0224820458458246	1.3171728488922136e-05	0.0793963565332944	-0.0107907236662328	0.0001164397172409	0.0063037814307619	4.903506922996053e-05	0.0007320489240669	5.358956272275945e-07	2.404438014387022e-09	0.0017509989499437	0.0007440088679346	3.06599732270394e-06	5.535491955653252e-07	-4.004298188671392e-05	-6.788688698214471e-05	4.608629424126489e-09	1.6034403983796987e-09	0.0	0.0	0.0	0.0	0.0	0.0	0.0	0.0	0.0	0.0	0.0	0.0	0.0	0.0	0.0	0.0	0.0	0.0	0.0	0.0	0.0	0.0	0.0	0.0
58.88557464829832	-0.3315091037639632	0.1098982858783861	3467.510901660314	63.1729676977117	-0.2812929863625442	3990.8238477361256	0.0791257441767584	58.76655068196042	-0.3315399599746911	3453.507479055422	0.1099187450600197	59.27443117648363	46.12946691478232	1.384199	47.413139	0.6886897566390139	0.4134131298457787	0.1252031852	0.1624839367	-0.075809936	0.2419031464	-0.0184602807	0.098866253	0.1189033098	0.0156422642	0.0591214736	0.1088703357	-0.0095919446	0.1236544513	0.1295160879	-0.0018804694	0.0407623921	0.1867521851	-0.0565959853	0.0396512555	-0.0776632564	-0.2253308892	0.0680705346	0.0015375401	-0.0262011443	-0.0947551771	0.0557553684	0.1357317749	0.0153081661	-0.0218583271	-0.0196815703	0.0177889014	0.017566779	0.0383211423	-0.0370007026	-0.0693145197	-0.0555770759	-0.0266647672	-0.0822703629	-0.1429962067	0.1627696073	0.0619613509	-0.1219246641	0.0552713244	0.0500421847	0.1097500344	0.0695129403	-0.039190311	-0.0628347143	0.0385155364	-0.0036721166	0.0620866711	-0.0914038878	0.0486900915	-0.0589402857	0.0794715	-0.084069386	0.0268014285	0.128138428	-0.0060180444	-0.0217851386	0.0595018	0.0068022043	-0.0537372346	-0.0535597989	0.0329215296	0.1208248079	0.0139641523	0.1396835371	0.0492763582	-0.0097086124	0.0946567399	-0.1996674976	0.1043900851	-0.0334434203	-0.0662618546	0.0603653689	0.1257851634	0.0252227283	-0.145039512	-0.0807821394	0.1439430064	0.0324838903	-0.0021642795	0.0031661725	0.0234844318	-0.0083270599	0.015390444	-0.015525697	0.0882835177	0.0018514809	-0.1000476173	0.0655257304	0.0902090105	-0.0626915291	-0.0241966529	0.1766307349	-0.0847784017	0.091921315	0.0619566241	0.0337015735	-0.0305882687	0.0508793159	-0.1116726226	0.0777985901	0.0274916014	0.0475672766	0.0986810543	-0.0817879213	0.1876723593	-0.0452981625	0.0282587813	0.0374603976	0.043832835	-0.0212911366	0.0037067319	0.1524196406	0.0371531716	-0.0090320211	0.121899968	-0.1891526819	0.0197862521	-0.0839123227	0.0023145336	0.0933490179	-0.1483000737	0.0129885686	-0.0041440476	0.0674999167	-0.0179735374	0.1260196162	0.0500707623	0.0868470292	0.0134273408	0.0537625435	-0.0246377197	-0.0510868984	-0.0167874802	-0.0689895746	0.0238587739	0.0299803068	-0.04685409	-0.0330533201	0.0606285865	-0.0366444511	-0.1025475623	-0.0806635902	0.0	0.0	-0.2852711737818509	-0.0741565895619374	0.0054991997754576	0.0813796425908749	0.2228657428713489	0.0729256019956493	0.0496691393455982	0.0053181434264278	0.4708295780545342	0.3914332215212397	0.1532199669104959	0.2216804915710107	-0.0013440582139187	-0.0013930932831486	1.940708895553914e-06	1.8064924824023256e-06	0.001753610904847	2.611954903299898e-06	3.0751512055983137e-06	6.8223084168723795e-12	-0.0016478246150385	-0.0016077816331517	2.584961779900224e-06	2.7153259619267804e-06	0.0	0.0	0.0	0.0	0.0	1.0	0.0	0.0	0.0	0.0	0.0	0.0	0.0	0.0	0.0	0.0	0.0	0.0	0.0	0.0	0.0	0.0	0.0	0.0
59.30108964125833	0.4155149929600057	0.1726527093745536	3516.619232640556	62.22071284943439	-0.952254848277306	3871.41710749177	0.9067892960676353	58.92884106703208	0.1622903850716639	3472.608309503527	0.0263381690867089	59.48434257432818	49.273404626510505	1.338196	45.837418	0.4413436569341982	0.2119367086996823	0.0647166061	-0.120677247	-0.1235422742	-0.1523805221	-0.0109754051	0.0169431381	0.0562840509	0.0741599565	-0.0347027971	0.0723769609	0.0107755472	0.0515059106	0.0634103215	0.0304902252	0.0537230519	-0.1532019192	0.108802571	-0.0032984229	-0.0010015642	-0.0076752489	0.0580961742	-0.0639250764	-0.0842900199	0.0683106583	-0.0530367159	0.0160331588	0.1507289302	-0.0244159283	0.0934115657	0.03320603	0.0535057147	-0.0111721425	0.0183715905	-0.0712268202	0.0114570669	0.1386021231	0.1182699266	0.0052676204	0.0089367141	0.0136118434	0.0600752767	0.048553511	0.1054195604	-0.1197678723	0.0372110931	-0.1717765333	-0.0631202943	-0.0661185598	-0.0287198227	-0.0054712695	-0.0565496398	-0.0154012801	0.1849544576	0.0007014505	-0.0126485921	-0.0263062861	0.163091223	-0.0586515587	-0.1299813073	0.0366193356	-0.0017257715	0.082504328	-0.0767536264	-0.0934159322	0.0437687693	-0.0114029632	-0.0990361549	-0.161618406	-0.0504211288	0.080791089	-0.0213277783	-0.0381322781	-0.019775098	0.0160844692	-0.0091329388	0.0786958175	0.0570535451	0.0432122851	0.0013748101	0.1225003328	-0.0219413002	0.0239050706	0.0233755518	-0.032609472	0.0621160776	-0.0028879536	-0.0515545561	0.1361965393	0.1422677813	0.0812507402	0.0567645788	-0.066182274	-0.0401713598	0.2172979638	0.1107615146	0.0614703984	-0.1327705563	-0.1939480484	0.0017703017	-0.153816719	-0.053567397	0.0129827296	-0.0686624292	-0.0341304766	0.1340067497	0.0945533737	0.0579568805	0.0654771755	0.0518203342	-0.0312266942	-0.0010115423	0.0394169514	0.0229990403	-0.0045506596	0.0425310874	0.0273883123	0.0158568301	0.0650079399	0.1287894445	-0.0824958532	-0.0698707363	0.0527733682	-0.0641987555	0.0502514628	-0.0687839385	-0.0186543146	-0.0568906928	-0.0131417929	-0.0145812066	-0.0519491906	0.0711660262	0.0211421882	0.1284329298	0.0143861618	-0.1283778606	-0.0106254326	0.0099623979	0.1293755597	0.080254178	-0.1910348348	-0.0645232303	0.059084626	-0.0401318633	-0.1038238878	-0.0756116809	0.0	0.0	-0.1764877734111678	0.1087834003706831	0.0118338281962083	0.0311479341636317	0.2159118188379949	-0.0069539240333539	0.0466179135139311	4.835705946165818e-05	0.3374332723881181	-0.133396305666416	0.0177945743654479	0.1138612133145539	-0.002863774709742	-0.0015197164958233	2.30953822767745e-06	8.201205588157875e-06	0.002181145785171	0.000427534880324	4.757396936169218e-06	1.8278607389365714e-07	0.0002491245460891	0.0018969491611276	3.5984161199027053e-06	6.20630394641001e-08	0.0	0.0	0.0	0.0	0.0	0.0	0.0	0.0	0.0	0.0	0.0	0.0	0.0	0.0	0.0	0.0	0.0	0.0	0.0	0.0	0.0	0.0	0.0	0.0
59.437062808048985	0.1359731667906558	0.0184887020870795	3532.76443524796	63.23089958251791	1.0101867330835148	3998.1466620144633	1.0204772356979444	59.12195860020351	0.1931175331714314	3495.4059887241783	0.0372943816182189	59.613616766780616	49.279528907371855	0.973007	33.328526	0.2373453909790563	0.1217635932972658	0.0124213857	-0.0233638364	-0.0151148843	0.0074668798	-0.0129570222	0.0196050676	0.014076539	0.083666037	0.0357269739	-0.0329993991	-0.1317102634	0.0144512968	0.0170310852	-0.0098698678	0.0477555747	-0.0417268098	0.0362132243	-0.0650088891	0.0447201475	0.043784804	-0.0210069098	0.0888577952	-0.0227660897	0.1349028795	0.081598834	-0.0311976141	0.0476248716	0.0287496279	-0.0910308619	0.093564847	0.0717774596	0.0560781325	0.1547719535	-0.0645774029	0.0166999388	0.0112808411	-0.0140384497	-0.0011674629	-0.0765525058	0.1219061239	0.0161660496	-0.0874167906	0.1417053116	-0.1295956408	0.0833498144	-0.0557068826	0.1203085344	-0.0259817396	0.2149343572	0.0656814333	2.09532e-05	-0.0830586092	0.023890494	-0.0874652987	-0.0113310597	0.043913809	-0.1104305997	0.0622265676	0.0836210251	-0.0614504152	0.0703774371	0.1046556045	-0.1096084431	-0.0001587972	0.0096732277	0.001410744	0.0108340015	-0.0621596237	-0.0647823923	-0.0146509874	0.0954063401	-0.0510984207	0.0331973946	0.0133957391	0.0276729757	-0.014688185	0.0188470764	0.1070254736	-0.0094312907	-0.0168021599	0.0378429311	-0.1715716669	0.0150835119	-0.0240956673	-0.0008557678	-0.0884756407	0.0251333152	0.0423904481	0.0519406694	0.018991275	0.1685810548	0.0461541891	0.0170547695	0.0460694195	-0.0265860475	0.0465525419	-0.0767661362	-0.0265673327	0.1896209807	-0.1995742705	0.042630854	0.0655507244	-0.0860186185	-0.166551084	-0.0220227203	0.0993577587	-0.0292678745	-0.020988411	-0.0434561602	0.0140896182	-0.1795429883	0.0232816471	0.033124351	-0.0380303013	-0.0668275085	-0.0562191051	0.036076081	-0.0009990567	0.0211354675	-0.0360079883	-0.0703468074	0.0280483724	-0.0427047335	0.0662323918	0.0664765175	-0.0119007193	-0.1230102308	-0.0578458949	-0.0426533411	-0.0200120314	0.1124492386	-0.0559842774	0.0523231896	0.0283567989	-0.1779228978	0.1118141971	-0.0592000372	0.0735823434	0.0624118415	-0.1137630336	-0.0364289635	0.057522261	-0.0435692762	-0.1048092098	-0.0701830781	0.0	0.0	-0.1771552970974284	-0.0006675236862605	4.4558787171891245e-07	0.0313839992896781	0.1943107368443861	-0.0216010819936088	0.0377566624530082	0.0004666067432946	0.2364883661091212	-0.1009449062789969	0.0101898741036754	0.0559267473049617	-0.0018243971899825	0.0010393775197595	1.0803056285814097e-06	3.328425106816042e-06	0.0012979458270729	-0.0008831999580981	1.6846633700159543e-06	7.800421659844858e-07	0.0006091846486353	0.0003600601025462	1.2964327744558008e-07	3.7110593613291394e-07	0.0	0.0	0.0	0.0	0.0	0.0	0.0	0.0	0.0	0.0	0.0	0.0	0.0	0.0	0.0	0.0	0.0	0.0	0.0	0.0	0.0	0.0	0.0	0.0
59.52899827960124	0.0919354715522544	0.0084521309295353	3543.7016361727674	63.37860466064291	0.147705078125	4016.847528730066	0.0218167901039123	59.188200184996695	0.0662415847931825	3503.243041139243	0.0043879475559123	59.71888009384274	49.83027127519858	0.874036	29.938475	0.1856372117926964	0.1113206612945128	-0.0367001241	-0.0191215899	-0.0083228953	-0.0304235973	-0.0152915622	-0.0689522718	0.0580832457	0.0405780795	0.1172280509	-0.070272481	-0.0066850903	-0.0244288563	-0.0329360744	-0.0123034051	0.0045638844	-0.0211142106	0.0776829701	-0.0166250236	-0.1040835221	-0.0044666689	-0.0308311628	0.0360036498	0.0589517707	0.0348804544	-0.0240508427	0.0349248993	0.002122772	-0.0598261619	-0.0992068271	0.1304584545	0.0843768397	-0.0259284865	-0.0389071448	0.0211548318	-0.0913640796	-0.1646205881	0.0122242038	-0.0398142057	0.0633802516	-0.1061118087	0.0719452195	0.0664208327	-0.0248725046	-0.0332665538	-0.0118236825	0.080281982	0.0938187655	-0.0421707692	-0.0118229416	0.006747097	-0.0972205201	0.1016900279	0.0317598755	0.0346938178	0.109858741	0.0015062728	-0.0900089527	-0.1778458138	-0.0859671423	-0.2638062231	-0.1051777039	-0.0103520391	-0.0677505231	-0.0972145561	-0.0245763628	0.0143445668	-0.0289894026	-0.0213644246	-0.0451322353	0.0503681472	0.0493244304	-0.0254011284	-0.0193844195	-0.091635107	0.0660346344	-0.1050593857	-0.0002923215	-0.0489873988	0.018439169	0.0449556234	0.0847002319	-0.0068121148	0.038550697	0.055559438	0.0708107473	0.0193088132	0.0338486009	0.0483625406	-0.0620838056	-0.0523575986	-0.0747181205	0.0193884716	0.0847242323	0.0237807438	-0.053069454	0.0500416076	-0.0311906947	0.0549894819	0.0860707616	-0.0065488654	0.0897543412	0.0980533381	-0.1350868694	0.1744055729	0.0554380673	0.0482180219	-0.0187449146	0.0473814295	0.0220645855	-0.0918715654	0.1564366872	-0.1574851026	0.0554218545	-0.0545145283	-0.017979815	-0.1127275254	0.1519397591	-0.0377175386	0.0129258998	-0.0504790139	-0.0172288291	-0.0760393464	-0.0357887148	0.0740510267	0.0292310544	0.0190585484	-0.1633872772	-0.0214520457	-0.0198201105	-0.0242857175	0.0952432788	-0.002757851	-0.00014911	-0.0078258233	-0.011840713	0.061922943	0.0365556318	0.0637476837	-0.006326079	-0.0408518048	0.0185333771	0.0559419782	-0.0469524072	-0.1055007667	-0.0644048267	0.0	0.0	-0.1777764375341917	-0.0006211404367633	3.858154421825184e-07	0.0316044617423483	0.1935802686011101	-0.0007304682432759	0.0374733203916779	5.335838544347176e-07	0.181371993550421	-0.0551163725587001	0.0030378145240294	0.0328958000444539	-6.014640745246171e-05	0.00176425078253	3.112580823657853e-06	3.6175903294375405e-09	0.0004879821990957	-0.0008099636279772	2.381266266342754e-07	6.560410786459881e-07	0.0006000144480634	-9.170200571899986e-06	8.409257852887481e-11	3.6001733788482654e-07	0.0	0.0	0.0	0.0	0.0	0.0	0.0	0.0	0.0	0.0	0.0	0.0	0.0	0.0	0.0	0.0	0.0	0.0	0.0	0.0	0.0	0.0	0.0	0.0
59.48000570507837	-0.0489925745228703	0.002400272358379	3537.871078676156	63.43793097962725	0.0593263189843398	4024.37108697595	0.0035196121242316	59.25339678067797	0.0651965956812716	3510.965030048458	0.0042505960884272	59.77187189906836	48.758168202382336	0.906916	31.064697	0.1098286077314509	0.0591753882736095	-0.0127191253	0.0637444245	0.0298897355	0.0040302626	-0.0516389525	-0.0154035503	-0.0098984077	0.0367323884	0.0502983432	-0.1041259938	0.0247808638	0.0275988429	-0.0427131298	-0.0771163772	-0.002286836	0.0299905735	0.0093541769	0.0299917695	0.0363475394	-0.0086670214	-0.0710969249	0.0136089236	-0.057337961	-0.0121443576	-0.060300669	0.0297922289	0.0722768142	-0.0399891183	-0.0594719983	0.019253359	0.0018890002	0.0414720344	0.0093780848	0.0205994901	-0.0062423928	-0.0750405539	-0.0007758509	0.1469739043	0.049915294	-0.0508696687	0.0497443324	0.0425408323	0.1683533414	-0.0230184124	-0.1828106757	0.0119085662	-0.0629499309	-0.0706831197	0.115641821	0.0778534542	-0.0325785759	-0.0173146633	0.1149172394	0.0177066225	-0.0270136935	-0.0794565818	0.0460649079	-0.0340645486	0.0453405515	-0.0866120984	-0.1239154119	0.0069812421	0.1154984349	-0.13901693	-0.0318243017	0.0665974696	0.034154633	0.0392379988	-0.0360813014	-0.0915740786	-0.0383596095	-0.0303372382	-0.0066786479	0.0318279856	0.0121876242	-0.0102079718	-0.0416071917	-0.0514412548	0.0318732853	0.0008298931	-0.0383949618	0.0003220103	-0.046839505	0.1137073853	0.0274096365	-0.0566298791	-0.134482981	0.0936023033	-0.0311231051	0.0660046785	-0.0305994673	0.0179687951	0.0398513067	0.0005378724	-0.0978945305	0.1925693297	0.0118470915	-0.160401955	0.0567226322	0.0382042072	0.1252048078	0.0704497883	0.0660560605	-0.0136082023	0.0570696031	-0.0038658593	0.0830793537	0.0447593763	0.0075892527	0.0006308708	-0.0133303451	0.0087732442	-0.023467735	-0.0766333575	0.0827447129	-0.1022111989	-0.0470904353	-0.0175955331	-0.0481620773	-0.0104903354	-0.0458485945	-0.0193821654	-0.0118293271	0.0368967738	0.0139399252	0.0404010704	-0.151593116	-0.0309689764	-0.0917024427	0.0397530241	-0.1392295203	0.0009026745	0.0813732027	-0.0181635241	-0.0030372506	0.0695391561	-0.0344826732	0.0417099179	-0.0142032187	-0.009509786	-0.0475164966	0.0543442699	-0.0502770413	-0.1058966202	-0.0583057138	0.0	0.0	-0.2016349571708104	-0.0238585196366186	0.0005692289592509	0.0406566559532745	0.1934354272543146	-0.0001448413467955	0.0374172645170592	2.0979015741538832e-08	0.2305933335227408	0.0492213399723198	0.0024227403086706	0.0531732854651299	-0.0004780610875941	-0.0004179146801416	1.7465267987788787e-07	2.2854240347165374e-07	0.0001968511018133	-0.0002911310972823	3.875035628511021e-08	8.475731580485421e-08	0.0006230468061537	2.303235809030001e-05	5.304895191998085e-10	3.881873226583263e-07	0.0	0.0	0.0	0.0	0.0	0.0	0.0	0.0	0.0	0.0	0.0	0.0	0.0	0.0	0.0	0.0	0.0	0.0	0.0	0.0	0.0	0.0	0.0	0.0
59.57435259117333	0.0943468860949607	0.0089013349158155	3549.1034866574405	63.46799246808316	0.0300614884559138	4028.1860679286606	0.000903693088185	59.19743311477139	-0.0559636659065745	3504.336087377833	0.0031319319017026	59.71885479092598	48.80518963844274	0.914908	31.338448	0.2414137957652685	0.1329707921512399	0.0526154013	-0.0048765134	-0.0300423994	0.0635024966	0.0335918136	-0.0525117379	0.0203309331	0.0370718222	-0.0265886279	-0.0433544114	0.004006102	0.0525731483	0.0052142691	-0.0482644482	-0.0412059533	0.0249817575	-0.0047856055	0.039392523	-0.0523881266	0.0042533864	0.0168277269	0.0427839301	-0.0092397746	0.1073217443	-0.0883612039	0.0188204215	0.1282325563	-0.0588637167	0.0798951896	0.0191924789	-0.0046025474	0.0458031648	-0.0340874735	0.0463120674	0.0105602198	0.0929457325	-0.0808840995	0.0576501372	0.0327070412	0.0299541335	-0.0247285357	-0.1862918428	0.0660951142	0.0392975387	-0.0626286778	-0.1035699657	-0.0958107741	0.0577631469	-0.0819789171	-0.0196537191	0.0323872788	0.1253956582	-0.1095360162	0.0326678738	0.0308272825	0.0027191044	0.0044360772	0.0781597662	-0.1502482251	0.0928006163	-0.1322587966	0.0236045919	-0.0048313495	-0.0627615944	0.0251756139	0.0531636761	-0.0277215459	0.0309791052	-0.0235478612	-0.0488916223	-0.0168478234	0.0179447833	-0.0645543902	-0.0202570337	0.0461856484	-0.0423878413	0.0745195431	-0.0355867078	0.0039152219	0.0962325789	-0.0269676601	0.0255023775	0.0754776723	-0.0217351701	0.0057578412	0.0409856101	-0.0694615001	0.0418255876	0.1217744077	0.1088883241	0.0126051734	-0.0610427837	-0.1090151895	0.0069116666	-0.0265288788	-0.0248513211	-0.0284624965	-0.0635695001	0.0556004269	0.0674159165	0.1240190114	-0.1318669847	-0.0015675377	-0.0681272783	-0.06714665	-0.151034331	-0.0313203424	0.0889048446	-0.0958789292	0.0695083054	0.0074771067	0.0024069519	0.0426908298	-0.1323841015	0.0313517391	0.114266107	0.0977435051	0.045173326	0.0013034128	-0.0097637934	-0.0856834646	0.0185287277	0.0365513788	0.0103782237	0.0325283606	0.0404748166	-0.142869864	-0.1029871887	-0.071754337	-0.0278036668	0.0243616312	-0.0161815075	0.0952618751	-0.0285954457	-0.0549817966	-0.06555085	-0.0522760096	0.1078617435	-0.0400824683	-0.0231064351	-0.0459452394	0.0527296337	-0.0535390365	-0.1059956606	-0.0519161246	0.0	0.0	-0.2180251918584588	-0.0163902346876484	0.0002686397931161	0.0475349842849177	0.1939731237723521	0.0005376965180375	0.0376255727460042	2.89117545509658e-07	0.3417074953513435	0.1111141618286026	0.0123463569588729	0.1167640123792884	-0.0018020554273273	-0.0013239943397332	1.752961011645552e-06	3.2474037631597778e-06	0.0006783555080329	0.0004815044062195	4.601661952785738e-07	2.3184649320888959e-07	0.0001611114974869	-0.0004619353086668	2.1338422939309185e-07	2.5956914622471392e-08	0.0	0.0	0.0	0.0	0.0	0.0	0.0	0.0	0.0	0.0	0.0	0.0	0.0	0.0	0.0	0.0	0.0	0.0	0.0	0.0	0.0	0.0	0.0	0.0
59.62422744043992	0.0498748492665868	0.0024875005893647	3555.0484978693084	63.78819105980244	0.3201985917192829	4068.93331868186	0.102527138139012	59.12420538781394	-0.0732277269574552	3495.671662740406	0.0053622999953556	59.72153476178646	50.39109666823064	0.96815	33.162163	0.2721636324633087	0.1492624770713863	-0.0256459891	-0.0531112454	0.0037506686	-0.0379981718	-0.0639913921	-0.1180691747	0.0189925307	0.0734634023	0.0037244632	-0.0513493317	0.0221600196	0.0208814918	-0.0282674108	-0.0041785038	-0.0067341363	-0.0157855887	-0.1197089579	-0.1093058766	-0.115356105	0.0846932206	0.0535255343	0.0850908773	-0.0085414268	-0.1023148103	-0.1015135336	0.0369617791	0.0358874197	-0.0420234563	-0.1021239604	-0.0873140826	0.0119135758	-0.022502387	0.0084329022	-0.1244514849	-0.1136645453	0.1166399412	0.0433695543	-0.041666221	0.0693449883	0.0383075126	0.061134904	0.0571832506	-0.0002180341	-0.0455345748	0.0848184461	0.0815805853	-0.1124064369	-0.0291773035	0.0317838886	0.0605924468	-0.091555656	-0.0389001876	-0.0553274434	-0.0391324174	-0.0216242396	0.0204366889	0.0246203795	-0.0091806845	0.0751609562	0.0541831029	0.0165179228	0.0532259097	-0.0362699864	0.0628057175	-0.0253186622	0.0352628314	-0.0345391961	-0.0372915871	0.0444432259	0.0262268784	0.0611457598	0.0476501434	-0.0892923186	-0.0630534511	0.1187423131	-0.0123516887	-0.0327775923	0.0458489142	0.0216461552	0.0128581706	-0.0701814616	0.0645791789	-0.0603249872	0.1755501554	0.0889896421	0.0076643252	-0.0276597443	0.1684410506	0.0312931005	-0.0663244863	-0.0566318623	0.0032396846	-0.1183375133	0.0856081041	0.0781123868	-0.080876719	0.048787797	0.0957672767	0.0202360716	-0.0505018843	-0.1186356474	-0.065778483	-0.0130207138	0.01300674	-0.1018818184	0.0692628668	0.057223789	-0.106671027	-0.0647098889	-0.0223922041	-0.0124820132	-0.0523860821	-0.0803260326	-0.0228066974	0.0282365968	-0.0029738531	-0.0600266132	-0.0277966132	0.0574443416	0.0488462798	0.019878638	0.0085767429	-0.0222772697	0.0450843222	0.0723619096	0.0544695301	-0.136382371	0.0416016912	-0.0386040865	-0.0844139968	0.068150566	0.0023962527	-0.0813547379	-0.0862247139	0.0361006796	-0.0509494065	-0.2687511123	0.0164854538	0.0500680528	0.0655089331	0.1279424835	0.0510985726	-0.0567343287	-0.1057976105	-0.045267892	0.0	0.0	-0.1955035606386843	0.0225216312197745	0.0005072238727995	0.0382216422224037	0.1655621444202921	-0.0284109793520599	0.0274108236650456	0.0008071837477431	0.2050259675614043	-0.1366815277899392	0.0186818400389919	0.04203564737449	-0.0007620458469507	0.0010400095803765	1.0816199272751111e-06	5.807138728548098e-07	0.0002428564761243	-0.0004354990319086	5.897926799551269e-08	1.896594067933278e-07	0.0003765927672324	0.0002154812697454	4.6432177611132923e-08	1.418221123317566e-07	0.0	0.0	0.0	0.0	0.0	0.0	0.0	0.0	0.0	0.0	0.0	0.0	0.0	0.0	0.0	0.0	0.0	0.0	0.0	0.0	0.0	0.0	0.0	0.0
58.94156391224763	-0.6826635281922862	0.4660294927239403	3474.107956421572	63.29182609598687	-0.4963649638155729	4005.855250564645	0.246378177303635	58.79478886717522	-0.3294165206387163	3456.8271979357114	0.1085152440697178	59.29694854468107	47.1547586333824	1.299166	44.500511	0.3682215398283847	0.2162966124061167	0.0693367098	0.1484076346	-0.0054393737	0.1485513946	0.0558084949	0.0959612015	-0.0806707108	0.0702709744	0.0271607478	-0.1257440125	0.1031814064	-0.1474451162	0.1026625206	0.0759636297	-0.0803458642	0.1626393151	-0.0284990803	-0.041771129	0.0950925824	-0.156757233	-0.092403866	0.0777986877	-0.0607007329	0.0748813252	-0.0311589304	-0.0612342197	-0.046848455	-0.2381448466	0.0724047624	0.087031564	-0.0081218968	-0.1559398368	0.0193610997	0.0618331659	0.0123784245	-0.0433149521	-0.0123369289	0.0132072585	-0.0321878739	-0.1090451327	0.0525816619	0.0575124542	-0.0984951824	-0.0151376989	-0.0673654374	-0.0349954582	0.0024229576	0.0444055158	-0.0486505955	0.0016830026	0.1895284438	0.0185570327	0.0489610104	-0.0079482896	-0.0051593194	0.0024727677	-0.0130349739	0.0489139658	0.0630541022	0.0700601891	-0.0125356502	-0.0053402924	-0.063830875	-0.1292288137	0.0975958934	-0.068439364	0.1095913518	0.1645728834	-0.0193601326	-0.0860439274	-0.1076021799	-0.0407985485	0.0591019584	-0.0697651706	0.09740373	0.0579111897	-0.049211509	-0.0834883105	0.1616040677	-0.1158258036	0.0654974129	-0.0126257365	0.1201054484	-0.0060493422	-0.0152293698	-0.0650149448	0.0535213131	-0.0412055535	0.08249199	-0.0674394859	-0.0016648282	-0.0676100111	0.0071680568	0.0533270055	-0.0594481144	0.1073732465	-0.0938280215	0.0979269207	-0.1968251452	0.0418693776	0.0075828291	0.076113624	0.0592853072	0.0003110888	0.0105047487	-0.1116289896	-0.0315826961	0.0087535454	0.0229644131	0.0430266678	0.0674187064	0.0502596599	0.0984023315	-0.0174592017	-0.0571213906	0.02993571	0.0195863756	0.0489732372	-0.1426354718	0.1572515196	-0.0135434768	0.0632206563	0.0082587142	-0.0147242067	0.0013983819	0.1678172396	-0.1006265361	0.0339917338	-0.1984175672	0.2364976	0.0932819103	0.0177781655	-0.0518784599	-0.0288117489	0.0286596652	-0.0162355432	0.1615857272	0.0475228663	0.0841790536	-0.0319302217	-0.0866159996	0.0494515946	-0.059858937	-0.105303025	-0.038394137	0.0	0.0	-0.2385686445468309	-0.0430650839081466	0.0018546014520157	0.0569149981609121	0.2164895937606985	0.0509274493404064	0.0468677442066722	0.0025936050963196	0.4091163436409459	0.2040903760795416	0.0416528816082887	0.1673761826341365	-0.0013709597366213	-0.0006089138896705	3.707761250337795e-07	1.879530599436744e-06	-0.0003861449926232	-0.0006290014687474	1.4910795532797117e-07	3.956428476865121e-07	0.0002117355156447	-0.0001648572515876	2.7177913401050204e-08	4.4831928585327e-08	0.0	0.0	0.0	0.0	0.0	0.0	0.0	0.0	0.0	0.0	0.0	0.0	0.0	0.0	0.0	0.0	0.0	0.0	0.0	0.0	0.0	0.0	0.0	0.0
59.218820080525525	0.2772561682778942	0.07687098284814	3506.8686517296533	62.48799283707395	-0.8038332589129169	3904.7492488062057	0.6461479081345605	58.99539002662213	0.2006011594469114	3480.456044393266	0.0402408251714452	59.49626469761133	51.13157464585204	1.719094	58.884357	0.2856045406319223	0.1596818630384376	0.0017951515	-0.2233126116	-0.1768368609	-0.2181138766	0.1177572411	-0.1014403659	0.0557475526	-0.053157418	0.1465380199	-0.0845460847	0.1205469166	0.0699666524	0.0395559176	0.0718253756	0.0642328895	-0.4194778644	0.0145098879	0.0942441674	-0.1204764658	-0.1334686709	-0.036251716	0.2748510389	-0.0016837911	0.0284634443	0.2004937111	0.0030841055	0.0380314536	-0.098429251	0.0119570306	-0.1026044497	-0.2349980453	0.0021368361	-0.0603982708	-0.1303106931	-0.1019950706	-0.0872390344	0.0697928097	-0.0399010794	0.0900747338	-0.0496429357	-0.0624248902	-0.0031922394	-0.1176961215	0.0148798063	-0.0154742663	-0.0635623302	-0.0986459077	-0.1133635858	-0.0530047982	0.0249344584	-0.0131035541	0.0040632521	0.081398439	-0.0419793828	0.0943548752	0.0165629252	-0.0316393967	-0.0403551522	0.0260012973	0.0498059985	0.0284741644	0.0615713615	0.0125004447	-0.0437083553	0.0280747183	-0.1021864157	-0.1991868281	-0.1880472956	0.0542882612	-0.0208133132	-0.0065808273	0.3829960781	0.2997776353	-0.0567887875	-0.0154693007	-0.1146816598	-0.152662765	0.1182905341	-0.041654598	0.0692609353	0.1318038851	-0.0519136689	0.0251257119	0.0912292862	0.0541729875	0.0721165224	0.0474208201	0.0787553659	0.0091340344	-0.009298424	0.1172065085	-0.1801980928	0.0699081331	-0.0440554693	0.0966547231	-0.0250574056	-0.0348474267	0.0089755691	-0.0914309716	0.0454950178	-0.0647928573	0.0023193693	-0.0301848444	0.1674838151	0.122728008	0.0087754798	0.1327470901	-0.0218020188	-0.0232552471	0.0298979171	-0.0888923626	-0.021579014	0.0977393922	0.0067179585	0.0367841683	0.0738003574	-0.0896541254	-0.0039284785	0.2178892611	0.0894377147	0.1062764465	0.0083611228	-0.0517110992	0.0385941237	-0.0596984292	0.050128546	-0.066253143	-0.0099791075	-0.3136038301	-0.0581583741	0.0830920914	0.1467961107	0.0017499249	-0.050322724	0.1752733264	0.0150496554	0.1337736743	0.0862148441	-0.060640404	0.0586966762	0.1960845778	0.0477892128	-0.0629089685	-0.1045132902	-0.0313291043	0.0	0.0	-0.1943743981532151	0.0441942463936158	0.0019531314142996	0.0377814066574246	0.1534983422190947	-0.0629912515416038	0.0235617410640103	0.0039678977707776	0.2737436733869032	-0.1353726702540427	0.0183257598517097	0.0749355987193555	-0.0015913707336805	-0.0002204109970592	4.858100762463069e-08	2.532460812014813e-06	-0.0003281326134736	5.801237914959998e-05	1.07671012025015e-07	3.3654361345969424e-09	0.0007942395882891	0.0005825040726444	3.393109946473124e-07	6.308165236056391e-07	0.0	0.0	0.0	0.0	0.0	0.0	1.0	0.0	0.0	0.0	0.0	0.0	0.0	0.0	0.0	0.0	0.0	0.0	0.0	0.0	0.0	0.0	0.0	0.0
59.43044774016895	0.2116276596434261	0.0447862663261538	3531.9781185969528	63.85470543516443	1.36671259809048	4077.4234062116175	1.86790332577923	59.140799927279744	0.1454099006576115	3497.634216038532	0.0211440392092564	59.71660843193531	49.91870562901439	1.289739	44.177597	0.1970876372888466	0.0963369471611269	-0.0347014458	-0.0246562845	0.0674915722	-0.0229030286	0.1058270501	0.0391524186	-0.0016401952	-0.0393339285	0.056750037	-0.0521275793	-0.2096166812	-0.0022117374	-0.0233727729	0.0026343871	0.0351075386	-0.0270335109	-0.0253324567	-0.0163928012	0.0969616318	-0.070818343	-0.1442746379	0.0014343231	0.0166179208	0.1053594948	-0.146573598	0.0164553083	0.0196878498	0.1657692981	0.0352771774	-0.0053741075	-0.020189623	-0.0364694396	-0.0080592954	-0.096631885	-0.006416753	-0.0145583492	-0.0189590101	-0.1124079352	0.0108716493	-0.0336871151	0.0377225966	0.0723359973	-0.1343482069	0.1771542884	-0.1357702995	0.0523967628	-0.0848255013	-0.0449498087	0.027915648	-0.0183435998	-0.0288124613	0.0664586497	-0.0419158073	-0.1470207423	-0.0404640832	-0.0925803676	0.1407290095	-0.0618373217	-0.0867036093	-0.0149960531	-0.001686236	-0.0633066938	0.0461465705	0.107828673	-0.0381184315	0.0068528181	0.0038445396	-0.0336825861	-0.0134421107	-0.0688619278	-0.0575066267	-0.0445360797	0.0985624843	-0.0812988408	-0.0516399937	0.0018176418	0.0214302466	0.0204491472	-0.1045055767	0.0361906332	-0.2264364461	0.0455704037	0.0248878192	-0.1085149843	-0.1179287317	-0.0588252015	0.0885001644	0.1351076941	-0.0351091553	-0.0535301569	-0.0782193675	-0.0840356172	-0.0192419722	0.0300678089	0.0007001896	-0.029644549	0.05264667	0.0030381205	-0.0674994051	-0.0899982115	0.1245262171	-0.0529124051	0.0973285706	0.0873578412	0.0668525464	-0.0678334928	0.1185972268	-0.0951269211	-0.06060343	0.0707076343	0.0983480555	-0.0295278942	-0.016174752	-0.1526547064	0.0830248952	0.0738757484	-0.0170262805	-0.0419055112	0.0693166708	0.1608759139	0.1001316538	0.0054788985	-0.0365582476	-0.0454208712	0.0469691734	-0.0406089951	0.0901236196	-0.0385307051	-0.0080374692	-0.0543128899	-0.0744442887	0.0362996242	-0.0685847195	-0.2214786118	-0.0263257329	-0.0512699866	-0.168273468	0.0996516829	0.0501711393	-0.0549698813	0.0102827549	0.046111945	-0.0658806233	-0.1034306197	-0.0241079916	0.0	0.0	-0.2063303125262621	-0.0119559143730469	0.0001429438884956	0.0425721978671849	0.1790462527939951	0.0255479105749004	0.0320575606395712	0.0006526957347431	0.206999421142612	-0.0667442522442912	0.0044547952076495	0.0428487603533764	-0.0006159945982458	0.0009753761354346	9.5135860557553e-07	3.794493450680046e-07	-0.0001900157045207	0.0001381169089529	3.610596796449797e-08	1.907628053870367e-08	5.094143074453871e-05	-0.0007432981575445	5.524921510091394e-07	2.5950293663006342e-09	0.0	0.0	0.0	0.0	0.0	0.0	0.0	0.0	0.0	0.0	0.0	0.0	0.0	0.0	0.0	0.0	0.0	0.0	0.0	0.0	0.0	0.0	0.0	0.0
59.315165362491015	-0.1152823776779357	0.0132900266030782	3518.288841979654	63.378707342959466	-0.4759980922049678	4016.860544464504	0.226574183782769	59.20351022302025	0.0627102957405085	3505.055622727264	0.003932581191862	59.765070360898974	49.97657356747193	0.899806	30.821169	0.1049603582783782	0.0585764016109165	-0.0660077588	-0.0023962247	0.0412517666	-0.0194386121	-0.0044982808	0.0908664267	-0.0404416219	-0.0340086114	0.1134690351	-0.0483601579	-0.0847290944	-0.0648610962	-0.0480894772	0.033135215	0.0071489856	0.0512186322	-0.0931346975	0.1501592576	0.0171389259	-0.0820712352	0.0275608536	-0.0355759592	0.0400119659	-0.1402724996	-0.045560281	0.1023983856	-0.0296448343	0.0719547773	-0.0030922648	0.1222623978	0.0439266103	0.0152493747	0.1337100443	0.0176956594	-0.0749289047	-0.0072113101	0.0213492501	-0.0283655222	0.0168033538	-0.100005145	0.0811880615	-0.0568659884	0.016983412	0.0370732146	-0.0152472641	-0.0146638618	0.0301696606	0.1311434548	0.0183662517	-0.0598504607	0.1702015269	-0.0634509213	-0.0004511863	0.0200885473	-0.0325222288	-0.0772952597	-0.072510932	-0.1040450357	-0.0293170952	-0.028953017	-0.0278166448	0.1027717432	0.1043122139	-0.0329329224	-0.0586254357	-0.0145060404	0.0290346191	0.0098244304	0.0561895363	0.0089186429	0.0607012085	0.0390525357	-0.084681759	-0.1344394859	-0.1118501198	0.0979966825	-0.0316808647	-0.2032635674	-0.1016813976	0.0266770844	-0.0456147409	-0.0238355881	0.0257464997	0.0215486849	0.0058668182	-0.0035154336	0.0210171698	-0.02333422	-0.0732423543	0.0137799051	-0.1178501312	0.1115338102	0.0369547497	-0.0311527586	0.0358231693	-0.068894045	-0.0744510136	0.0430931319	-0.0157006524	-0.038736503	0.1131604039	0.0627476553	0.0488722287	-0.0894799992	-0.0227843062	-0.0316767043	-0.0606301071	-0.0452667304	-0.0338156423	0.0273892353	-0.0493567307	0.0496901472	0.0791714122	-0.0815721581	-0.1544228889	-0.0509024296	0.0095138005	-0.0675975199	0.0439189729	0.1583100487	0.1173354038	-0.0281766374	0.0244226686	0.0138482732	0.0493507073	-0.0098134338	0.0721101916	0.0606419416	0.1018193987	-0.0510509885	0.1316316362	0.0461588002	-0.0796829502	0.0267337014	-0.0661778784	0.0932923059	-0.0733375195	-0.0530132511	-0.0125794936	0.0043731455	0.0236440711	0.0444203137	-0.068770199	-0.1020580481	-0.0167667741	0.0	0.0	-0.2230841428986423	-0.0167538303723802	0.0002806908321464	0.0497665348128218	0.1763022628933868	-0.0027439899006083	0.0310824879013288	7.529480574640416e-06	0.1553606667297842	-0.0516387544128277	0.0026665609573083	0.024136936766723	-0.0002200217572097	0.0003959728410361	1.567944908382005e-07	4.840957364564418e-08	-0.0001899751986667	4.05058539999976e-08	3.609057610845213e-08	1.6407242082691212e-15	-0.0002295208942166	-0.0002804623249611	7.865911572260739e-08	5.2679840881987695e-08	0.0	0.0	0.0	0.0	0.0	0.0	0.0	0.0	0.0	0.0	0.0	0.0	0.0	0.0	0.0	0.0	0.0	0.0	0.0	0.0	0.0	0.0	0.0	0.0
58.97957644777481	-0.3355889147162045	0.1126199196804	3478.5904379589133	63.3941208504616	0.0154135075021315	4018.81455840293	0.0002375762135182	58.92804382216762	-0.2754664008526291	3472.514348707308	0.0758817379987013	59.456748090684414	47.35331077729131	1.101088	37.715698	0.2399723322576273	0.1630927045777896	-0.0078218053	0.1547958042	0.029665944	0.0913065694	-0.0520121989	0.0343500123	-0.0481230493	0.0826219188	0.0013342313	0.0439860157	0.0976716625	-0.0604626307	0.0481373504	0.061522534	-0.0530998405	0.234342589	-0.0145165032	0.0711897592	0.0806210847	-0.0805030465	0.0824611715	-0.0441970314	0.0790756868	0.0734403153	-0.033497777	0.0544012473	0.0603688564	-0.0942231883	-0.0313830887	0.071215793	-0.1586539101	0.1329938423	0.0146143545	0.069765985	0.0054939414	0.0266463946	-0.1079048885	0.004780757	-0.0436956924	0.0272486912	0.00961418	-0.0360460377	-0.1026836148	0.0013554139	0.0194081538	-0.0746383537	-0.0012596406	-0.031465579	0.0155442148	0.1007741781	-0.0539787938	0.0295208238	-0.0477585693	0.014287047	0.0152888968	0.076121857	0.0458789633	-0.0808557008	-0.0041203731	-0.0634100787	0.0672503799	0.0891717552	-0.1074360608	-0.0248371268	0.0374435436	-0.0470406761	0.1098985161	0.1258724668	-0.0387266108	0.0122600799	-0.037801297	-0.0384318161	-0.0533046649	-0.0203083176	-0.0091206679	0.077241642	0.0920779532	-0.1420361449	0.0181437339	0.0674837394	0.0174055027	-0.0274927327	0.1110850976	0.0711321883	-0.0734839931	0.0898488451	0.0911677735	-0.0059270755	0.0091122019	0.1797544238	0.135000484	-0.0552523146	-0.0555989239	-0.0376824095	-0.0397699635	0.0534419273	-0.0091013309	0.1806414218	0.056745825	-0.0207702753	-0.0199375488	-0.0568686447	-0.0338461617	0.0538393453	-0.1082885192	-0.0449571948	0.0122494059	0.0053263104	-0.1060367459	-0.1491884404	-0.074334093	0.0547665387	-0.0750673629	-0.0838622993	-0.0330733728	0.0969911563	0.0133693566	-0.0164939493	-0.1052841871	0.2263063851	0.0885016698	0.0520131462	-0.0521072584	0.0721198589	-0.1411252985	0.0397125892	-0.0393363205	0.0758480834	-0.0880041747	-0.0174060108	0.040192797	0.0943446543	-0.0805648812	-0.021112273	-0.0917197166	0.0775944702	0.0013129267	0.1321141655	-0.1377887909	0.1160745383	-0.0694973077	0.0427148457	-0.0715740957	-0.1003994225	-0.0093420254	0.0	0.0	-0.2227125421393339	0.0003716007593084	1.3808712431859533e-07	0.0496008764261645	0.1944292896313157	0.0181270267379289	0.037802748666538	0.0003285890983575	0.3132344830625442	0.15787381633276	0.02492414188347	0.0981158413794592	-0.0006854287462982	-0.0004654069890884	2.166036654924231e-07	4.698125662519222e-07	-0.0003181539387053	-0.0001281787400386	1.012219287136958e-07	1.6429789397883e-08	0.0004488911452089	0.0006784120394255	4.6024289523746613e-07	2.0150326024695774e-07	0.0	0.0	0.0	0.0	0.0	0.0	0.0	0.0	0.0	0.0	0.0	0.0	0.0	0.0	0.0	0.0	0.0	0.0	0.0	0.0	0.0	0.0	0.0	0.0
59.202962826851575	0.2233863790767642	0.0499014743570278	3504.990807477569	62.9080071195643	-0.4861137308972942	3957.417359755153	0.236306559366887	59.090256328314126	0.1622125061465027	3491.6583929458675	0.0263128971503291	59.61640610694885	47.011032534605086	1.174643	40.235199	0.5883142981009356	0.303693157928803	0.1330358881	0.0442396074	-0.0473220651	0.1476493937	0.0193605351	0.0234640791	-0.0229864034	0.0281439367	-0.0835776451	0.1057093011	0.0253342476	-0.1663749384	0.0659499491	-0.0752124541	-0.0602784936	-0.008926508	-0.0417326482	-0.0049874858	0.0579877124	-0.1769414367	-0.0316882631	-0.0148323127	0.0972334326	-0.101903212	0.0285442169	0.0202153028	0.0065831894	-0.0634241905	0.0575133469	0.0639137188	0.0239538168	-0.0538126597	0.0677870117	0.1153520466	-0.1172734121	0.0715309644	-0.0058260643	0.0929678986	0.1360428585	0.0807943461	0.0355792949	0.0684088098	0.0637318065	-0.0839292851	0.0088465097	0.0896323832	-0.0082315652	0.0476454474	0.0197636887	-0.083031541	-0.0992170085	0.040081441	-0.0707308953	-0.0458997616	-0.0188709719	0.0267586202	-0.0975059601	-0.0711677367	-0.0015878858	0.0323448934	0.0782350359	0.0262587298	-0.0162128197	-0.0007307826	0.0792976236	0.08805008	0.0058149973	0.1003417992	0.0069934028	-0.0010678808	-0.0345718336	0.069440716	0.0926906798	-0.1453407754	-0.0392598392	0.0945955165	0.0047567421	-0.047257797	-0.0675328763	-0.0502057253	0.0497195923	0.0209894485	0.0261463793	0.0383287971	0.1166773796	-7.27175e-05	-0.0382704471	-0.0853933103	0.0973938797	0.0754621103	-0.1089443414	0.0921187253	-0.1224040548	0.1151428681	0.0215342311	0.1107141297	0.1434778923	0.0075941755	0.0037753663	0.0360854469	-0.0230034947	0.0857333883	-0.1192885366	0.0093076757	-0.0752198475	-0.0351335972	-0.0452382781	0.013790392	-0.0687831223	0.0464619745	-0.0986888206	-0.0266920924	0.0675130945	-0.0465526856	-0.0280626417	-0.0669702602	-0.0699362839	0.1244242978	-0.0636365473	0.1202829819	0.0701689369	0.1179790676	0.1053193664	-0.1671012583	-0.0381136682	0.2658138415	0.0732701388	-0.2150822604	-0.1293233732	0.1557608682	0.0155550536	-0.054821868	-0.0602871713	0.0362905634	-0.0072728057	-0.1081255084	0.135868219	-0.1686094626	-0.095386576	-0.0228068629	0.0623377326	0.0409960724	-0.0742888199	-0.0984593917	-0.0018707352	0.0	0.0	-0.3096712321768109	-0.086958690037477	0.007561813773034	0.0958962720379043	0.1791969597430807	-0.015232329888235	0.0321115503811632	0.000232023873824	0.5524132854272779	0.2391788023647336	0.0572064995006283	0.3051604379165591	-0.0039191289283973	-0.0032337001820991	1.0456816867707753e-05	1.535957155740057e-05	-0.0014116860000308	-0.0010935320613255	1.9928573626829594e-06	1.1958123691467969e-06	-0.0001627661275763	-0.0006116572727852	3.7412461935102876e-07	2.6492812286184372e-08	0.0	0.0	0.0	0.0	0.0	0.0	0.0	1.0	0.0	0.0	0.0	0.0	0.0	0.0	0.0	0.0	0.0	0.0	0.0	0.0	0.0	0.0	0.0	0.0
59.27173315153955	0.0687703246879749	0.0047293575576894	3513.1383507873124	61.82855712606552	-1.079449993498784	3822.770476291147	1.1652122884645248	59.13492258405781	0.0446662557436852	3496.9390690225105	0.0019950744021602	59.61746143996716	49.57040424784594	1.279945	43.84211	0.3813645448681008	0.2422756454499713	0.0657026686	-0.1908608253	-0.1590975954	-0.164903242	0.0338174123	-0.0074182479	-0.0580044873	-0.0266892258	-0.049824876	-0.0550430794	0.0421852978	0.0198711985	0.0114482263	-0.0103037885	-0.1690650596	-0.1585139499	0.0327729825	-0.0477847023	-0.1015542525	-0.0233462275	0.0363652535	-0.011485008	-0.1717855652	-0.0995991684	-0.0584905957	-0.028321158	0.0799482952	0.1055279148	-0.0095448732	-0.0507989682	-0.0212220108	0.0480757937	0.0898714473	0.0231642972	0.1171851131	0.0600924663	-0.1275121914	0.0276215428	0.0153189741	-0.0428836188	-0.0361204263	-0.0245474926	-0.0936584562	-0.0688520545	-0.0878687991	0.0014834625	0.1082257188	0.0030980728	-0.0270683198	-0.1268527687	0.0615202511	0.049619664	0.0388815261	-0.059286056	-0.1210157469	0.1095417765	-0.1552097455	0.0235470197	-0.0081738802	-0.0131369284	-0.0237333865	-0.1216075283	0.0398428509	-0.0732684995	0.0476890574	-0.0164236599	-0.27549719	-0.034197277	0.0448377889	0.0132791264	-0.0114317296	0.012388599	-0.1451891043	-0.013680337	0.1723888722	0.1192319864	0.0649402373	0.0295218239	-0.0883684348	-0.0138308093	-0.0217671585	-0.071254767	-0.055248969	0.0119559291	-0.0400950027	0.0104892042	-0.0307691653	-0.0880646144	0.0880888613	0.0990503608	0.0321575697	-0.0359732322	0.0260654784	-0.1227236102	-0.0804811734	0.0426548224	0.0133281921	-0.0315502795	-0.1654375584	-0.0788646016	0.0337781771	0.0954617432	-0.0351771119	-0.001652694	-0.0438335798	-0.1070933616	0.0635782218	0.1096764428	0.0771990195	0.0947795806	0.0315876794	-0.0662147632	-0.0485055857	0.0881163582	-0.1143979118	0.0281205781	0.0879612875	0.0659605918	0.1817713868	-0.0433317328	-0.0099351769	0.0747904556	0.0885074975	0.0588300244	-0.1273198232	0.0621324788	0.0486103098	-0.1139307722	-0.0719067184	-0.0109403059	0.0627806313	-0.0712603586	0.0725412025	-0.0379051339	-0.011582183	0.0891474491	-0.1317451344	0.0602809207	0.1027364997	-0.0178256008	-0.0425891516	0.039264529	-0.0769109895	-0.0962433935	0.0056098749	0.0	0.0	-0.2792390558959425	0.0304321762808684	0.0009261173531898	0.0779744503376573	0.1807164176971696	0.0015194579540888	0.0326584236252978	2.3087524742440048e-06	0.3550695741605594	-0.1973437112667184	0.0389445403765219	0.1260744024945609	-0.0039537145538674	-3.458562547010036e-05	1.196165489158055e-09	1.5631858773462898e-05	0.0012909283405775	0.0027026143406083	1.666495980506178e-06	7.304124274061637e-06	-0.0004669501488264	-0.0003041840212501	9.25279187838813e-08	2.180424414889971e-07	0.0	0.0	0.0	0.0	0.0	0.0	0.0	0.0	0.0	0.0	0.0	0.0	0.0	0.0	0.0	0.0	0.0	0.0	0.0	0.0	0.0	0.0	0.0	0.0
59.197745251380105	-0.0739879001594445	0.0054742093700039	3504.373042847296	63.76589411370298	1.9373369876374584	4066.08925211998	3.753274603668181	59.19159913782622	0.0566765537684119	3503.64540849311	0.0032122317470636	59.78848810344935	50.3233762456406	1.203874	41.23645	0.2727315978712085	0.1732275440584886	-0.0323387125	-0.0444693477	0.0744624651	-0.0125935625	0.13493292	0.1158530658	0.0399232905	-0.0686596847	-0.0936351507	-0.0755050479	-0.1242520605	-0.1791697843	-0.0431978623	-0.0029306701	-0.0242811017	-0.0187839137	-0.0348865326	0.0012158198	0.0593049741	0.1171079599	0.0981288891	-0.1046048203	-0.0540424845	-0.0250985679	-0.0181394983	0.0444231371	-0.0844156665	-0.1229428613	-0.1408076304	-0.1001357953	-0.0319948787	0.0474089138	-0.0424666309	0.1115354567	0.1885682465	-0.0924328035	0.0711695855	0.2037217791	-0.0039514362	0.0572780578	-0.0040638731	0.0680042479	-0.0578778127	0.0195087429	-0.0278553716	0.011746918	-0.0624122548	-0.0730779777	-0.0080699803	0.2268228831	-0.0379377967	0.0982891221	-0.0251133648	0.0985323236	0.1097014796	0.0194868183	0.0155154535	-0.0289161671	-0.0248294426	-0.1102278618	0.002685718	0.0198586914	0.0742432654	0.108561327	-0.0472200665	0.0351063069	0.0092542192	0.0639138219	0.0786299281	-0.0569243871	0.0216261479	-0.1142757162	-0.0226728602	0.1569505659	-0.0357862318	0.0416986046	0.0373999976	0.0072361879	0.2242876879	0.0281930181	0.0849156133	0.0945782311	-0.1876089539	0.0918766835	0.010294583	-0.0563232046	-0.0189122501	-0.0941783045	-0.1443832342	0.0630621236	0.1732548779	-0.1752804464	-0.0084481424	0.0808231636	0.0816995674	0.0921379296	0.02071542	-0.0183506202	0.0551825535	0.0831998882	-0.0559092469	-0.1482467334	0.0533290305	0.0852603277	0.0701854476	-0.0821874966	0.0297493258	-0.0617287665	0.0180599405	-0.0479453027	-0.002723021	-0.1567438968	-0.0824865972	0.1029027629	0.0887463423	0.0465790207	0.1205685499	-0.0236464855	0.0303855132	-0.0216454005	-0.0377241647	0.0182614949	0.0969150147	-0.024524967	0.0571215035	-0.0086139827	0.1315698031	-0.0349534206	-0.1053787947	0.0076488586	0.0467412284	-0.0186679249	-0.0705621743	0.0043563908	-0.0255732098	0.12189088	0.0416889472	-0.048355217	0.1535310282	0.1170347749	-0.00437291	0.037520755	-0.0794373376	-0.0937576389	0.0130625369	0.0	0.0	-0.2615473736111511	0.0176916822847914	0.000312995622066	0.068407028642891	0.1795363470975388	-0.0011800705996307	0.0322332999291279	1.3925666201129837e-06	0.2119587308171731	-0.1431108433433863	0.0204807134824552	0.0449265035696268	-0.0019495949006817	0.0020041196531857	4.016495584285172e-06	3.800920276764088e-06	0.0013760800519315	8.51517113539999e-05	1.8935963093237995e-06	7.250813946514915e-09	-0.0005926588171547	-0.0001257086683282	1.5802669292874525e-08	3.5124447355120805e-07	0.0	0.0	0.0	0.0	0.0	0.0	0.0	0.0	0.0	0.0	0.0	0.0	0.0	0.0	0.0	0.0	0.0	0.0	0.0	0.0	0.0	0.0	0.0	0.0
58.782744045139545	-0.4150012062405608	0.1722260011811205	3455.4109974763887	62.92814393246427	-0.8377501812387038	3959.95129878494	0.7018253661654811	59.14570546294122	-0.0458936748850007	3498.214474708995	0.0021062293944501	59.61369243264198	47.85471810799712	1.136487	38.928249	0.2645479352843593	0.1636669400453498	-0.0177384804	0.1236014342	0.0231393918	0.0225496445	-0.0202001482	0.2162649997	0.0654535968	0.021195465	-0.0624939133	0.1059003085	-0.0414384761	-0.0490766552	0.0105903199	-0.0214988615	0.0060516277	0.0675266542	0.0097754213	-0.0836293841	0.022665124	0.0301229344	-0.0276852796	-0.001079387	0.1298171067	-0.0950153951	-0.0291086815	-0.1292159886	-0.0882634082	-0.0910096106	-0.0870151443	-0.0410160624	-0.0124355864	0.0679094539	-0.044629115	0.0403015216	-0.0594352074	-0.0659085136	0.0145257479	0.0566113214	0.0359505124	-0.0438748116	-0.0416913024	-0.0144087764	0.0254664663	0.1100683667	0.0048893758	-0.0601316361	0.0157619324	-0.0422935567	0.0161002765	-0.0545355941	0.0035118872	-0.0936555728	-0.0062435322	-0.0225952369	-0.0514980001	0.0828031353	-0.0626445295	0.0544936961	-0.0324979564	0.0685372344	0.0985990171	-0.0505281671	0.2414614205	-0.0239578157	0.0085871159	0.0099239837	0.0585880276	0.0232014365	0.0416198362	0.0119855232	-0.0571538391	-0.0244832477	-0.002592529	0.0056824227	-0.0034755389	0.0304940875	0.052432241	0.0590884897	0.1248403344	-0.1699871453	-0.0430476083	0.0405803219	0.0111451731	0.0734375129	-0.0642060903	0.0278592251	-0.08880216	-0.0039704092	-0.0700839195	-0.0297401208	0.0566692029	0.1893666302	0.1693578233	0.0369143749	0.0781943524	0.027586678	-0.086592317	-0.060371348	0.0098664782	-0.0210726872	0.0228421698	-0.0952871423	0.0554920712	0.0819071675	0.0368430329	-0.0351735864	0.0323573595	0.0950066262	0.0341086913	0.2980417407	-0.0287741851	-0.040756902	-0.0721744335	0.0944329433	0.0377582777	-0.0268456699	-0.0106860643	-0.0190529935	-0.1497004765	0.0103297289	-0.0324277033	-0.0085282616	0.0229250977	0.1241116495	-0.2002537498	-0.0712588772	0.1192025206	0.0050883763	-0.0941567656	-0.0612257038	0.07471828	0.0693934229	-0.0604416785	0.0133967563	-0.1730592836	0.0088817383	-0.0850461702	-0.0631971628	-0.0297025696	0.1605791217	-0.029036044	0.0357652936	-0.0818647166	-0.0910090951	0.020450122	0.0	0.0	-0.2742418848574601	-0.0126945112463089	0.0001611506157826	0.0752086114101724	0.2130856141686621	0.0335492670711232	0.0454054789656359	0.0011255533210095	0.3314719613639028	0.1195132305467296	0.0142834122757157	0.1098736611704326	-8.511747673375307e-05	0.0018644774239479	3.476276064411572e-06	7.2449848455209955e-09	0.0012730261173561	-0.0001030539345754	1.6205954954707469e-06	1.0620113431470826e-08	-0.0006009459870353	-8.28716988060009e-06	6.867718462992531e-11	3.61136079333831e-07	0.0	0.0	0.0	0.0	0.0	0.0	0.0	0.0	0.0	0.0	0.0	0.0	0.0	0.0	0.0	0.0	0.0	0.0	0.0	0.0	0.0	0.0	0.0	0.0
58.95883028111256	0.1760862359730168	0.0310063624991449	3476.1436681170358	62.536856686815305	-0.391287245648968	3910.858444267277	0.1531057086075558	59.09989584187866	-0.0458096210625598	3492.797688520907	0.0020985213818953	59.48839594423771	48.36234489895708	1.435594	49.173584	0.4378614630440356	0.2206274031969009	-0.0522548852	0.0270380955	-0.1071491567	-0.0800071765	-0.0511576251	0.0141632967	0.073923145	-0.0998326467	0.1411384196	-0.0009490773	-0.02926351	-0.0191117298	-0.0124156377	0.0061887575	-0.0076340423	0.0117294985	-0.0019825572	0.0118080893	-0.2363750889	0.1067142251	0.155148881	0.0329291634	0.0399253749	0.0887891414	-0.0215394196	-0.0539464189	-0.0920979055	0.0158172041	0.0533552634	0.0813678789	-0.0525692819	-0.0507286654	0.0824712157	-0.0218721006	0.1405106593	0.1030109519	0.0300005093	-0.0977557976	0.1410388192	-0.0818631837	0.0204444321	0.0968759972	-0.104872599	-0.0098886639	-0.0575326869	-0.0498258243	-0.0222358863	-0.0714252334	-0.0130547403	-0.0527358278	0.140268093	0.0283504739	0.0940169691	-0.0323727355	0.109049885	-0.0390670105	-0.0317121346	0.1389934887	0.1458127363	-0.0270911182	-0.1172391867	0.0072038481	-0.0602038432	0.1415267502	0.0322517588	-0.0552693223	-0.0436127487	-0.0378545029	-0.0173159116	0.0038584425	0.1298813273	0.0945811721	4.2778e-05	0.1564429938	0.0500851224	-0.2532899705	0.0315139443	-0.176143294	-0.0199066607	0.0033349342	0.1194554333	0.1296444533	0.0273975735	-0.0098706821	-0.0769493846	-0.266260117	-0.0292154872	0.0025043678	0.1242501788	-0.1258706487	-0.006913501	0.0246648546	-0.0433713133	-0.140535139	-0.1422321358	-0.0276828352	0.0406924322	0.0912635819	-0.0992433295	0.0688737718	-0.1562205167	0.0132733891	0.0248913078	0.0106898426	-0.0063179818	-0.07490876	0.0010569196	-0.0661079115	0.0486351056	-0.0109727872	-0.0087447393	0.0098733242	-0.0567854783	-0.0566148943	-0.0027865004	0.0655748384	0.0987733347	-0.0343861245	0.0168886682	-0.0631297448	0.081962246	-0.3713541341	-0.1204889347	-0.1172932714	0.0180599374	0.2334488351	0.0292100982	-0.1823505077	-0.1215386206	-0.1718702053	-0.1163030721	0.0490133864	-0.0602037921	-0.0927523173	0.0621955616	-0.0138581159	0.1289477235	-0.2125256816	0.1196359054	-0.0552957543	0.1055342193	0.0339986915	-0.0841901024	-0.0880054659	0.0277358257	0.0	0.0	-0.236605234219752	0.0376366506377081	0.0014165174712248	0.0559820368601837	0.1956415128165645	-0.0174441013520975	0.0382756015371539	0.0003042966719822	0.2597357967499505	-0.0717361646139522	0.00514607731352	0.0674626841133316	0.0035308165169424	0.0036159339936761	1.3074978646622774e-05	1.246666527631326e-05	0.0003489074475457	-0.0009241186698103	1.217364069528554e-07	8.539953158921429e-07	0.0010798922782837	0.0016808382653189	2.825217274160585e-06	1.16616733269676e-06	0.0	0.0	0.0	0.0	0.0	0.0	0.0	0.0	0.0	0.0	0.0	0.0	0.0	0.0	0.0	0.0	0.0	0.0	0.0	0.0	0.0	0.0	0.0	0.0
59.1327934747103	0.1739631935977357	0.0302631927267232	3496.6872641227405	63.11219790134024	0.5753412145249328	3983.149523937935	0.3310175131310247	59.05336731156593	-0.0465285303127345	3487.3001908347237	0.002164904133063	59.59156135469675	48.930406957371886	1.241414	42.522324	0.3601432142400026	0.1754908399490311	-0.1220101957	0.092801203	0.0597689609	-0.048281898	0.0124493099	0.0965762688	0.0514618289	0.0118822332	0.1124997977	-0.0233146349	-0.0345908515	0.0677448383	-0.0434371524	0.0724784381	0.000886971	0.0449577779	0.0394117934	0.0707889987	0.0150566664	0.0738622804	0.112284495	-0.031360652	0.026758361	-0.0237049713	-0.0023918071	0.0797948451	0.0088283358	-0.0193557295	-0.0895190244	0.0379265645	0.0309257479	0.0809944423	-0.1155326877	-0.0627983656	0.023923516	0.0412662786	0.0667104803	-0.1266449545	-0.0612939959	0.0427000696	0.0083801501	-0.1257371991	0.0679291089	0.0002984538	0.0417668729	-0.0550396788	-0.0272645397	-0.0434747817	0.0324625002	-0.0601981143	0.0630734843	0.0651098012	-0.092691536	0.0528014776	-0.1296503192	-0.015902081	-0.0443905559	-0.1021197848	0.1014351184	0.009541177	-0.0316673811	0.2210329568	-0.0601476061	-0.0359932066	-0.0579858212	-0.0588859331	0.0609877206	0.0594561115	-0.0015951873	0.0900969885	0.07764632	0.0252772948	-0.0519047831	-0.0101802858	-0.1128016574	0.0265807256	0.0393456591	-0.0594614073	0.0335499728	0.0167319994	0.114571081	0.0535663579	-0.0253479203	0.0346562859	-0.0153586299	0.0372298827	-0.0290126693	0.0605306774	-0.0685334644	0.0258596972	0.0068555813	-0.1259687556	0.0288375963	0.0780550967	-0.0526415644	-0.2161169915	0.0482278749	0.0733386659	0.0355946267	0.0084106422	0.0321600351	-0.0327672612	-0.1886399711	-0.0892431198	-0.0223716362	-0.0064866755	0.0090207044	-0.005489425	0.0542225172	-0.1063915924	-0.151563063	0.1822906003	0.0455728633	-0.0488144865	-0.0759477834	-0.020669604	-0.0623099923	-0.1056062737	-0.0528076957	-0.0751915578	0.0880074259	-0.2212197995	-0.1558020176	0.1245160721	-0.0771747252	0.2256998309	0.1387393047	0.0279606576	0.0049317816	0.0286388584	0.1023310934	-0.1522775892	0.0502917566	0.0900408938	0.1320870232	-0.052298279	-0.0920534926	-0.0127490308	0.0598653924	-0.0833972914	-0.1169601901	0.032221499	-0.0864105979	-0.0847551701	0.0348833508	0.0	0.0	-0.1972000736393226	0.0394051605804293	0.0015527666803694	0.0388878690433542	0.2405665414246698	0.0449250286081052	0.0578722608530273	0.002018258195439	0.1137675191897926	-0.1459682775601579	0.0213067380538792	0.0129430484225998	0.0024427830436267	-0.0010880334733157	1.183816839055426e-06	5.967188998230124e-06	0.00115696417351	0.0008080567259642	1.338566098785677e-06	6.529556723761437e-07	0.0003790875277375	-0.0007008047505462	4.911272983881217e-07	1.4370735368612984e-07	0.0	0.0	0.0	0.0	0.0	0.0	0.0	0.0	0.0	0.0	0.0	0.0	0.0	0.0	0.0	0.0	0.0	0.0	0.0	0.0	0.0	0.0	0.0	0.0
59.023189903885	-0.1096035708252998	0.0120129427376565	3483.736946430072	63.09456236819003	-0.0176355331502051	3980.923800433422	0.0003110120294919	59.12377088074713	0.0704035691812023	3495.620283159082	0.0049566625534523	59.66081100925803	48.85569616294617	0.894725	30.647121	0.0847574101659941	0.0428615015802557	-0.1233964622	0.0796987318	0.0477971515	-0.0503032672	-0.0965901676	0.0992654618	0.0589629048	-0.0271358747	0.0603098099	-0.0846156188	0.001422296	-0.1148345135	-0.0590255024	0.0554500251	0.0515530322	-0.0396245125	0.0359652453	-0.109092699	0.0111469204	0.0648158167	0.0938328249	-0.0333000549	0.0813716208	-0.007414304	-0.0079569682	-0.0130285235	-0.0244654816	0.0121446669	0.0719788621	0.0591984714	-0.0440594749	0.0407523334	-0.0520009663	0.0409678599	0.0779650087	-0.1286271858	0.1602214957	0.0509272539	0.0183781546	-0.0666213618	-0.0528928066	0.0164066582	-0.0502611391	0.0916280279	0.1280998122	0.2015016655	-0.0439563856	0.0221799426	0.0210781942	0.1219525226	-0.1323257402	0.1131714548	0.0342726202	-0.0134446459	0.1138052701	0.0486870033	0.0681656793	0.082169782	-0.0388955462	0.0453570101	0.0557183191	-0.0087955479	-0.0453169611	-0.1145405395	-0.0626743314	-0.0406575633	0.0467464582	-0.048416974	0.0301056032	0.0361936858	0.0777718442	-0.0730425805	0.0533501626	-0.0017384931	0.0009583498	0.0141986021	0.0646893577	0.0321683213	0.0256867869	-0.0157086826	0.0524632856	0.0641409194	0.0656928546	-0.0505901533	-0.0152963379	-0.0414629497	-0.0784253833	-0.0588969562	-0.1442107568	0.0591239613	-0.0692506093	-0.0385554329	0.1226856159	0.0207404312	0.1022342601	0.0057967051	0.079683142	0.0827775917	0.0964121918	0.1601515093	-0.0968050608	0.056339487	-0.0067412912	0.0448318878	0.0584808302	0.0224042161	0.062985447	0.04477376	-0.0920357372	-0.1350524347	0.0319120971	-0.1418140809	-0.0551761056	-0.0949740881	-0.0247851253	-0.0698689514	-0.1194474399	-0.1068676736	-0.0555731662	-0.0879241389	0.1011076914	-0.228698341	-0.1448528773	0.0566165001	-0.0824927808	0.1945892066	0.1719202623	0.1030655636	0.0432800932	0.1810488866	-0.0027197328	-0.0600191528	-0.0663349755	0.2773340887	0.1592281523	-0.0440166737	-0.1207455847	0.060579882	-0.0571067521	0.0730345046	0.0001061866	0.0304342698	-0.0885234364	-0.0812673177	0.0418570888	0.0	0.0	-0.2290227116370431	-0.0318226379977205	0.0010126802891339	0.0524514024455841	0.2520094234360499	0.01144288201138	0.0635087495005702	0.0001309395487263	0.095223930840099	-0.0185435883496935	0.0003438646688828	0.0090675970046399	0.0025135921359359	7.080909230920002e-05	5.013927553652809e-09	6.318145425838799e-06	0.0012783145346113	0.0001213503611013	1.6340880493985043e-06	1.4725910139415906e-08	0.000645894110471	0.0002668065827335	7.1185752589928e-08	4.171792019411244e-07	0.0	0.0	0.0	0.0	0.0	0.0	0.0	0.0	0.0	0.0	0.0	0.0	0.0	0.0	0.0	0.0	0.0	0.0	0.0	0.0	0.0	0.0	0.0	0.0
58.825836693470094	-0.1973532104149029	0.0389482896610689	3460.4790626868125	62.02100936402666	-1.0735530041633723	3846.605602532683	1.1525160527482017	58.81642964476311	-0.3073412359840191	3459.372396157369	0.0944586353361845	59.29641475379467	46.88242601526874	1.162405	39.815998	0.3507547040992455	0.1748557009390219	-0.0374027744	0.1741298549	-0.0654075667	0.082971107	0.0918214282	0.1652473374	0.0710656158	0.0569947557	0.0585328339	-0.0173631035	0.0349723066	0.0583724942	0.0567389418	0.1379072411	-0.0588013024	0.0288002923	-0.0475752121	-0.1661017228	-0.0817686402	-0.0220603532	0.0126834944	-0.0880670812	0.0302935609	0.1313567098	0.0398851599	-0.1298088336	0.0762726376	0.091124738	0.1164758891	-0.0929602862	-0.0710376892	0.0194344889	-0.0083616523	-0.0478547639	0.006992552	-0.1432035301	-0.0409835592	0.0198756048	-0.0687153893	-0.0139015533	0.0362676426	-0.0555635875	0.006204614	-0.0623370477	0.1288572039	-0.0703601474	0.2029236283	-0.055240268	0.0760531757	-0.0380879638	-0.0883062551	-0.0402016186	0.0284646303	-0.0947849157	-0.1104370495	-0.1500520534	-0.0444377484	-0.0844954717	-0.0666807341	-0.0453072575	-0.0989493229	-0.0119399669	-0.0093217582	0.0243091935	0.0522568012	-0.1491717659	0.0434329213	0.0904167398	0.0216949098	0.0697011866	-0.0791482352	-0.0008134734	0.093394179	0.1290301561	0.1046730988	-0.0918576783	0.1476811039	0.1423250338	-0.1336189174	-0.0173596042	-0.1060369608	0.0180431701	0.003045682	-0.0729199492	0.0409404553	0.1139176942	-0.0502583708	-0.1081672205	0.0301980614	0.0288311124	0.0672775386	0.0480436489	0.0837288631	-0.0593004623	-0.0364186289	0.0374027548	-0.0519085863	-0.0105299474	0.0852211223	-0.1956343046	0.0126425421	0.0767994799	-0.0385940037	-0.0887351238	0.0723655632	-0.0114132952	-0.1143669248	-0.1313290785	0.0047393384	-0.0975081887	0.0643318232	-0.04875934	0.0705994883	0.0105848612	-0.0585713566	0.0603977764	-0.0222269379	-0.0433137036	-0.1101021765	-0.0269254715	-0.0218128043	-0.1145833692	-0.0660231282	0.0163853309	-0.0652994335	0.0847370385	0.0385193038	0.1322126741	-0.0412298633	0.048718966	-0.1082870179	0.0692741004	0.2288420875	0.0885016241	-0.0588522313	0.0282386193	-0.1551553929	0.070958765	-0.1098780813	0.1630667131	0.0524108143	0.0286375605	-0.0905259858	-0.0775516848	0.048622297	0.0	0.0	-0.2621847785480469	-0.0331620669110037	0.0010997226818098	0.0687408581022883	0.2416949804156019	-0.0103144430204479	0.0584164635580981	0.000106387734822	0.2276958561397677	0.1324719252996687	0.017548810992601	0.0518454029032217	0.0007580154064893	-0.0017555767294466	3.0820496529744204e-06	5.745873564751387e-07	0.0018022852792562	0.0005239707446449	3.2482322278235987e-06	2.745453412437311e-07	-0.0005706837928	-0.001216577903271	1.4800617947272626e-06	3.256799913645934e-07	0.0	0.0	0.0	0.0	0.0	0.0	0.0	0.0	0.0	0.0	0.0	0.0	0.0	0.0	0.0	0.0	0.0	0.0	0.0	0.0	0.0	0.0	0.0	0.0
59.47370847959508	0.6478717861249876	0.4197378512567817	3537.12200031586	63.16137795752668	1.1403685935000212	3989.359665493537	1.3004405290412164	59.07050740263112	0.2540777578680107	3489.324844804298	0.0645555070432354	59.609430491924286	49.70723334516685	1.201015	41.138508	0.1963769211464592	0.0984137349307059	-0.0524502796	-0.0313356285	-0.0058902706	-0.126417424	-0.012115845	-0.0582254427	0.0824314076	-0.0378506808	-0.1021948	0.042755591	-0.0027956365	0.1319456951	-0.0161349612	0.0204807435	0.0592113264	0.0133746647	0.01067552	-0.0070223928	-0.1680479438	0.1780005975	-0.007528653	-0.0259836535	0.082749834	-0.0243891809	0.0831159214	0.1090050256	-0.0130360132	0.0129021234	0.0685061185	-0.0713476051	-0.1685571896	-0.1036520535	0.1286538463	-0.2268213621	-0.0077675346	0.0380489783	-0.1813665307	-0.0654934679	0.0443119382	-0.0394215119	0.0008065036	0.0113702582	0.0690042251	-0.0488018895	-0.0200774411	0.0072913153	-0.0089849097	0.0001215905	-0.0218920893	0.0335836743	-0.0999528434	-0.1073158993	-0.1256892076	0.0616364394	-0.0279650989	-0.0171066672	0.0068748949	0.130530278	-0.0610197085	0.0018292136	0.0087778485	-0.0894512308	0.0753288773	-0.0659495788	-0.0269219043	-0.0046324095	-0.0329523215	-0.1177999017	0.0259340473	0.1391415088	-0.0112041628	-0.0192792067	-0.0597178499	0.1532761214	-0.0360628373	-0.1669199591	-0.0671085852	0.1245966067	-0.0900354207	0.0654417365	-0.0846419829	0.0935185717	0.0647864683	0.0894642853	0.055475693	-0.0432749406	0.1595389582	0.035129521	-0.0335459111	0.0071568269	0.0790543805	0.0408291092	-0.2413636056	-0.1245846995	0.0723987083	-0.039941337	-0.0163830449	0.0634190756	-0.0709071107	-0.037870473	0.001659835	-0.0087190132	0.0202965234	-0.0435850756	-0.0884507961	0.0249708076	-0.0636770152	0.1415271248	-0.0994789919	0.0601729709	0.0375717412	-0.0745121707	-0.0296355777	0.0012457306	-0.0617427767	-0.0564282619	-0.1134143959	-0.0549862601	0.0011836644	-0.0589682499	-0.0344974427	-0.0691010309	-0.0239886503	-0.0495718182	-0.064375201	-0.1127109187	-0.0734174349	-0.149257325	0.052227664	-0.0594011582	-0.0430831399	0.0145297957	0.0565715331	0.1132374413	-0.0187505554	0.0419009469	0.0218019465	-0.0541165138	-0.0468768258	-0.0043230852	0.0646222734	0.0268319309	-0.0924157511	-0.0736186857	0.0551452713	0.0	0.0	-0.2779179148041066	-0.0157331362560597	0.0002475315764517	0.0772383673690626	0.1804504906799593	-0.0612444897356425	0.032562379586638	0.0037508875229792	0.2161325243466834	-0.0115633317930843	0.0001337106421569	0.0467132680804696	-0.0002320242740581	-0.0009900396805474	9.80178569058398e-07	5.38352637521883e-08	0.0023780052368704	0.0005757199576141	5.654908906583046e-06	3.3145346959529614e-07	2.027583627185266e-05	0.0005909596290718	3.4923328319274177e-07	4.11109536522976e-10	0.0	0.0	0.0	0.0	0.0	0.0	0.0	0.0	0.0	0.0	0.0	0.0	0.0	0.0	0.0	0.0	0.0	0.0	0.0	0.0	0.0	0.0	0.0	0.0
59.579042430200445	0.1053339506053632	0.011095241150133	3549.662296899625	63.547751051314336	0.3863730937876539	4038.3166636798223	0.1492841676030432	59.06839312010368	-0.0021142825274438	3489.075065791112	4.470190605854286e-06	59.6169879257679	49.86210229605141	0.854831	29.280647	0.1071648833767232	0.0640997346742546	-0.0643827944	-0.0068513645	0.0439867132	-0.0665297448	-0.0409927926	-0.0370817964	0.0450206348	-0.031809957	-0.0081174595	0.0156401726	-0.0565284877	0.0602405429	-0.0294074315	0.058860007	0.0493672019	0.0706066982	0.0682812165	-0.038243907	0.0120606275	0.031873285	-0.0588281137	-0.0626092184	0.0481287172	0.1045018101	0.0208893265	-0.0769535869	-0.0293401616	0.043358823	0.0329606031	-0.0360865124	0.0342570977	0.0873421883	0.05067569	-0.1421629636	-0.078482712	-0.0175500603	0.0972280115	-0.0029901796	0.0299994104	0.0885631155	-0.1921717436	-0.0913947395	-0.0978317393	0.0183649222	-0.0344595079	-0.066725622	-0.0844502442	-0.0280596443	0.1007969862	0.0754296124	0.018562781	0.0160097457	-0.0078428125	0.1184886984	-0.0527163416	0.0365630049	-0.1228547137	0.0294620973	-0.0037635049	0.0834750813	-0.1084060285	-0.0071955015	0.0728428398	0.1022619956	-0.0425110162	-0.0442324039	-0.0093669113	-0.0775045428	-0.0417441732	0.061306566	-0.0358546669	-0.1029228648	0.005531448	0.0534676321	-0.0421853625	-0.0873251728	-0.0265194652	0.0030550077	0.0556885659	-0.1181790388	-0.0860725948	-0.0431908262	0.0137685718	-0.0990792501	0.0018718364	0.0699678461	0.0093554254	0.1219926353	0.0989113841	-0.0167262117	-0.0280779533	-0.0498390006	0.0618715364	-0.1537569289	0.0047320662	0.0431682186	0.0373261826	0.1210487612	0.0761815834	0.0418237861	-0.0656235644	-0.1776502668	0.0595345905	-0.0997277807	0.0289783245	-0.0350256155	-0.0350949185	0.1471802327	0.0186628018	0.0692941471	-0.1820974952	-0.0279065259	0.0454157604	0.071041119	0.0564253644	0.0928544772	-0.0312062688	-0.065835176	-0.004558965	-0.0718933787	-0.0350481542	-0.0450265893	-0.0606330285	-0.0551808375	-0.0206653462	-0.1330804969	-0.0838759881	-0.0336941172	0.0219021109	-0.0121729257	-0.0079859516	-0.0587218496	0.0757793854	0.0147256283	-0.0038074028	-0.0260242717	-0.0342452566	-0.0065692144	-0.0165594496	-0.0226738835	0.0022794441	0.0250179432	-0.0941903779	-0.0694793439	0.0613935146	0.0	0.0	-0.2782726971541223	-0.0003547823500156	1.2587051588264924e-07	0.0774356939814298	0.1860940565732107	0.0056435658932514	0.0346309978918733	3.184983599147055e-05	0.1840823412436449	-0.0320501831030385	0.0010272142369382	0.0338863083577417	-0.0003160705988748	-8.404632481670001e-05	7.0637847151942445e-09	9.990062347307473e-08	0.0034030472759869	0.0010250420391165	1.158073076260186e-05	1.050711181956113e-06	-0.0002529628404033	-0.0002732386766751	7.46593744311886e-08	6.399019862490542e-08	0.0	0.0	0.0	0.0	0.0	0.0	0.0	0.0	0.0	0.0	0.0	0.0	0.0	0.0	0.0	0.0	0.0	0.0	0.0	0.0	0.0	0.0	0.0	0.0
59.53133862211157	-0.047703808088876	0.0022756533061803	3543.9802781405124	63.68007635562978	0.1323253043154437	4055.152124658839	0.0175099861621748	59.21601491195096	0.1476217918472784	3506.536422052398	0.0217921934282011	59.72275951355696	50.0676117620894	0.8527329999999999	29.208775	0.0896132912864439	0.0418593673534887	-0.07677501	-0.000547778	0.0455507229	-0.0289876008	-0.0654282395	-0.059767808	-0.0478342621	-0.0116723648	-0.0095151773	0.0181824903	0.0799058373	0.0357725648	-0.0740405904	0.0532706337	0.0632293772	-0.0274222069	0.0903549788	-0.0830396611	-0.069297215	-0.1027195018	-0.0094857589	-0.0625317409	0.0346921411	0.0105349303	-0.0623262986	-0.1086456962	-0.0131202641	0.0511429665	-0.0575903051	0.0710835559	-0.0413648333	-0.098294011	0.08759244	0.0137293046	-0.0820312491	0.0152391041	-0.1757923794	0.1627584718	-0.0100066072	0.0478637856	0.0252671909	0.0989018008	0.1463055914	-0.0041420399	0.0068270709	-0.0025266973	0.0033226908	-0.1140857609	0.0264249605	0.0284649893	0.0606830667	0.0024336308	-0.2243956946	0.0175531169	0.1366094546	-0.1360359807	0.0331394024	-0.062365819	-0.01200692	-0.0168830104	-0.0340110489	0.0561450785	0.0025840735	0.0283769254	-0.0587068335	-0.0319548731	0.0073840653	-0.0677901935	-0.0644044358	0.0146223983	-0.0065168268	0.0057224148	0.0686641891	0.0018055788	0.1218206962	-0.0643955632	0.0610833	-0.0567613877	-0.0158331369	-0.0447789367	0.019330359	0.0598509254	0.0268272251	0.0590404555	0.0404730957	0.0074560861	0.1303470581	-0.0126399914	-0.0586143536	-0.0420281777	-0.0263165367	0.0686583801	-0.1406086701	0.0085492996	-0.02300368	0.1913593576	0.0509589817	-0.0870030906	0.1414755234	0.1201417815	-0.0011959419	-0.0821576554	-0.0409906497	0.01741027	0.0530704183	-0.0122660291	-0.0469482176	-0.2331917053	-0.0043724056	0.0547068071	0.0522184956	0.1114285658	-0.0116537737	0.0294789509	-0.0487217956	-0.1072496273	-0.0506079408	-0.0689261801	-0.0228598632	-0.0585359822	-0.0065191478	-0.044572106	0.006230375	-0.0849795905	-0.046787737	-0.0382641282	-0.1013251939	-0.0242378451	0.0813126107	-0.0192632115	-0.0665437991	0.0657082739	0.0057729599	-0.1101991834	0.1192235371	-0.0487289041	-0.0594273793	-0.0276076553	0.0828725461	-0.1134871233	-0.0954664356	0.0231961626	-0.0958476552	-0.0651452616	0.0673358985	0.0	0.0	-0.2788664354896468	-0.0005937383355245	3.525252110714125e-07	0.0777664888427013	0.1968195990355923	0.0107255424623815	0.0387379545645313	0.0001150372611123	0.1657431339960453	-0.0183392072475996	0.0003363265224704	0.027470786466831	2.989195141216551e-05	0.0003459625502869	1.1969008620106114e-07	8.935287592272637e-10	0.0029099957256049	-0.000493051550382	8.468075123038787e-06	2.430998313340943e-07	-0.0006130448045531	-0.0003600819641498	1.296590209059779e-07	3.758239323895486e-07	0.0	0.0	0.0	0.0	0.0	0.0	0.0	0.0	0.0	0.0	0.0	0.0	0.0	0.0	0.0	0.0	0.0	0.0	0.0	0.0	0.0	0.0	0.0	0.0
59.46639028488893	-0.0649483372226384	0.0042182865079855	3536.2515735147326	63.844904950324526	0.1648285946947467	4076.171888115973	0.027168465629045	59.11325346871881	-0.102761443232147	3494.3767356569965	0.0105599142151537	59.64429668411613	50.34358996047732	0.843707	28.899607	0.061808630161942	0.028694964256274	-0.0925032912	-0.0081175199	0.0618585452	-0.0326060225	-0.0049195981	-0.0560494362	-0.0415940215	-0.0868671119	-0.0032585903	0.0371068812	-0.0363308293	0.0611819746	-0.0409722326	0.0738085836	0.0451648515	0.0424741729	0.082587723	-0.0157225081	-0.0176738985	0.1236721346	-0.0804097017	-0.0263318631	0.0149095771	-0.0297467597	0.1163071044	0.0773108231	0.0091393508	-0.0230722468	-0.0282215935	0.0803203388	-0.0310973361	-0.0476498424	0.1088263932	0.0263296188	-0.1607988694	0.0063280143	-0.0937281248	-0.0348029295	-0.0283361576	0.016038927	0.0178033998	-0.0166152267	-0.0656403119	0.0767237307	-0.0941579053	-0.0637760744	0.0036365987	0.0679470395	-0.0107013716	0.0357047598	-0.1938529102	0.0426457018	0.1139925723	-0.0138704515	0.0003701181	0.0904973932	-0.1030997602	0.0637781834	-0.1242556531	-0.0736336108	0.1971294379	-0.0131404413	-0.0174768189	-0.0309229525	-0.0476003002	-0.064418775	0.0026975538	-0.0341795755	-0.0273602573	0.0782708875	-0.0583854947	-0.0742913294	-0.0928070312	-0.0735859626	-0.0164891066	-0.030969291	-0.1507619637	0.0413945447	-0.1029645953	0.0315896046	0.0767574915	-0.0938602269	0.1682364221	0.0102685912	-0.0261276472	0.0924815378	0.0371226075	-0.0091639959	-0.0378399298	-0.0384538093	-0.0609409466	0.0995160342	-0.0010033486	-0.0304099105	0.0357083157	-0.0405530198	-0.0167734545	-0.0911093404	-0.0447275163	-0.1105745203	0.0387061943	-0.0889765974	-0.0299854627	0.1379025493	0.046922245	-0.0313725385	0.0752433915	0.1084257017	0.0504063564	-0.0612961536	-0.0123541384	-0.2331877585	-0.0519074596	0.0094665809	-0.0084552554	-0.14325234	-0.0459808789	-0.0915646781	-0.0107758165	-0.0643709131	0.0086872264	-0.0422361893	0.0026604968	-0.0467056607	-0.0311842243	-0.0849501352	-0.0787085525	-0.0039571632	0.0083949233	0.0744804074	0.0824539681	-0.0659996027	0.0119872087	0.039027414	0.0548702512	-0.107607227	0.0186677565	-0.0217739196	-0.0391806072	0.0557036018	-0.0536525959	0.0213671566	-0.0973855183	-0.0606285865	0.0729428184	0.0	0.0	-0.2789196462503582	-5.321076071140851e-05	2.8313850554867756e-09	0.0777961690644249	0.1887403929682847	-0.0080792060673075	0.0356229359378225	6.527357067801963e-05	0.145891177345959	-0.0198519566500862	0.0003941001828369	0.02128423562739	0.0002300366028771	0.0002001446514649	4.00578815100201e-08	5.2916838663236616e-08	0.0026134119608478	-0.000296583764757	6.829922077102344e-06	8.796192951749463e-08	-0.0007928015220078	-0.0001797567174547	3.2312477470088855e-08	6.285342532978843e-07	0.0	0.0	0.0	0.0	0.0	0.0	0.0	0.0	0.0	0.0	0.0	0.0	0.0	0.0	0.0	0.0	0.0	0.0	0.0	0.0	0.0	0.0	0.0	0.0
59.392659167759966	-0.0737311171289647	0.0054362776330851	3527.487963017702	64.15214694307205	0.307241992747528	4115.497957405509	0.094397642107472	59.19942754135285	0.0861740726340372	3504.572221223886	0.0074259707943363	59.71815542653203	50.16295874056375	0.843277	28.884876	0.027075381451576	0.0177890179942608	-0.0995731584	0.0026691471	0.1178476153	-0.0341798999	-0.0362344891	-0.034322817	-0.0042852413	-0.1061434081	-0.1032626065	0.0244950606	-0.0706691385	0.162263186	-0.0680202085	0.0505200837	0.0655563317	0.0431040184	-0.0384881794	0.0848331922	0.027684826	0.0231116954	-0.1663694684	-0.0991018752	0.0213148881	0.0110837231	-0.0917433585	-0.0147605713	0.0357579031	0.0246069451	0.0269690532	-0.1276209056	0.0903754667	-0.0368155087	0.1378948286	0.0142763082	-0.1208491575	0.051850239	0.1701901454	-0.0335548442	-0.0545716052	0.033092108	-0.0488502301	-0.0771735443	-0.1274579169	0.0238677836	0.1083111425	0.0183969419	-0.004716698	-0.0049537079	0.0999649771	-0.0645317671	-0.0023851268	0.0035968377	-0.0856603718	-0.080776578	0.1450837119	-0.0360899219	-0.0391094536	-0.0649449825	0.0153385953	0.0829823193	-0.0044546386	-0.0654981624	0.0079884186	-0.0869679965	-0.0742276424	-0.0316317	0.0093972664	-0.0740131281	0.0426415954	-0.0226881426	-0.0945469849	-0.0716253753	-0.0785754688	0.0630035234	-0.0897648094	-0.0147355223	-0.0452991478	-0.0722801676	0.0485175037	-0.1725700528	-0.2066898446	-0.0335367003	0.0629103656	-0.065894802	0.0630873074	0.0630466797	0.0389076777	-0.0965863567	0.0878697797	-0.0087822449	-0.0824104018	-0.0845545634	0.0536867259	-0.0767146897	0.0607198714	-0.1343074499	0.0432747163	-0.0074374579	0.1027990262	-0.0123114411	-0.0960650643	0.0253900019	-0.0512079547	0.0191937873	0.0860551825	0.0242035169	-0.057494356	-0.0994724605	-0.0933172937	0.1141448364	0.0121960694	-0.0063403375	0.1370327009	0.0574661084	0.1024673457	0.0315919972	0.0427674676	-0.0944860348	-0.0163707823	-0.0766456774	0.0175878567	-0.0536958258	-0.0008964627	-0.0537605746	-0.0522011095	-0.1299621002	-0.0534716349	0.0360337123	-0.0382197869	0.1062555932	-0.0496307854	-0.07463432	-0.0373357154	-0.003387483	-0.0048122724	-0.0674674534	0.0586926457	-0.0204792198	0.0471463793	0.0424896669	0.0871801046	0.0195314949	-0.0988020511	-0.0559419782	0.0781863408	0.0	0.0	-0.2944636782184489	-0.0155440319680906	0.000241616929825	0.0867088577899382	0.18876904038774	2.8647419455296586e-05	0.0356337506089082	8.206746414477054e-10	0.1459557490714615	6.457172550250467e-05	4.1695077343708125e-09	0.0213030806870114	6.511887328994938e-05	-0.0001649177295871	2.719785753218053e-08	4.240467658552483e-09	0.0026139716565629	5.596957150999157e-07	6.832847821314192e-06	3.13259293501206e-13	-0.0008560867034761	-6.328518146829997e-05	4.005014193475658e-09	7.32884443868576e-07	0.0	0.0	0.0	0.0	0.0	0.0	0.0	0.0	0.0	0.0	0.0	0.0	0.0	0.0	0.0	0.0	0.0	0.0	0.0	0.0	0.0	0.0	0.0	0.0
59.38819702733299	-0.0044621404269733	1.99106971900299e-05	3526.9579461573235	63.76928457807988	-0.3828623649921709	4066.521655600137	0.1465835905273983	59.11571566391759	-0.0837118774352561	3494.6678384571514	0.0070076784237353	59.667531583458185	49.74200334727698	0.862477	29.54253	0.0765355157231341	0.0338284910969856	-0.090503465	0.0348118836	0.0870347825	-0.0076290009	-0.0455027031	-0.041464039	-0.016177711	0.0083427025	-0.0258314115	0.0641890381	0.0491210412	0.101004449	-0.0446666799	0.0908491717	0.0890929499	0.101878748	-0.1134681298	0.083574011	-0.0993411674	-0.0488715528	-0.089376106	0.0185606192	0.0436362139	0.0131622185	-0.0804351931	0.0191465117	0.0457261575	0.0361108178	-0.0380956529	-0.0790066646	-0.0606716388	0.009562416	0.0299610479	0.1183935537	-0.0099514411	0.0068003447	0.0736140619	0.1539729615	-0.0216123023	0.0398816237	-0.0409819391	0.10805307	0.0268236534	0.1157675896	0.1531648719	-0.0148939435	-0.0065666767	0.0399836146	0.033022808	-0.0494964746	-0.0991644551	0.1255951062	-0.0258937745	0.0379378685	-0.0741255246	-0.0233030118	0.0253373251	0.0183317395	0.0423924264	0.0651732795	-0.1099141442	-0.1198133002	-0.0001734004	-0.0346479946	-0.0643039804	-0.0647966822	0.0895350298	-0.0428592997	0.044339181	0.0189466495	-0.0975466033	0.0787628194	-0.0290326711	-0.0497155845	0.0042035155	-0.0729873498	-0.033632566	-0.083272105	-0.0019079129	-0.0231170225	-0.1700379769	-0.0621008384	-0.033935386	0.0858720023	-0.054948073	0.0063069822	-0.0368534385	-0.0456353789	0.0387701022	0.0238593977	-0.0955260829	-0.0187574402	0.0945109727	-0.0264176543	0.0668153542	0.0892747751	0.0680296238	0.0107947062	0.1237582026	0.1149769842	-0.0084589293	-0.0113111612	-0.0787678321	-0.0240251467	-0.0391302666	-0.1759106071	-0.1728698714	-0.0094110608	-0.0551519944	-0.131229765	0.0631452044	0.0643351848	-0.0569376955	0.0818271056	0.0564586383	0.0481598211	-0.1301050064	-0.0854118361	-0.0236271457	-0.0728900208	0.0018161644	-0.0611384045	-0.0010084893	-0.0937842592	-0.0361977103	-0.0931476841	-0.0565869838	0.058922623	0.0703757263	0.054696361	-0.0541301939	0.0070572719	0.0465970878	-0.0033649644	0.009034655	-0.013214956	0.0681776262	-0.0082051676	-0.0142691133	0.0005052849	-0.0088010269	0.0176897492	-0.1000954889	-0.0510985726	0.0830403428	0.0	0.0	-0.2864191348946576	0.0080445433237912	6.471467728835496e-05	0.082035920833804	0.1965537200812548	0.0077846796935147	0.0386333648777802	6.0601237930621526e-05	0.1560761610397421	0.0101204119682805	0.0001024227384077	0.0243597680449035	0.0003799060320996	0.0003147871588096	9.90909553514522e-08	1.443285932256623e-07	0.003048896351564	0.000434924695001	9.29576896258027e-06	1.8915949032179969e-07	-0.0005940809425359	0.0002620057609402	6.864701876585325e-08	3.5293216628434334e-07	0.0	0.0	0.0	0.0	0.0	0.0	0.0	0.0	0.0	0.0	0.0	0.0	0.0	0.0	0.0	0.0	0.0	0.0	0.0	0.0	0.0	0.0	0.0	0.0
58.99961922608914	-0.388577801243855	0.1509927076195088	3480.955068823507	63.26363341351773	-0.5056511645621526	4002.287312679957	0.2556831002230612	58.88603675965092	-0.2296789042666702	3467.5653252589595	0.0527523990651382	59.41484048590064	45.62520828613931	1.34732	46.149921	0.6764602815245376	0.4187867368432069	0.1061309138	0.1923227186	-0.0030977873	0.2050633195	0.0358465044	-0.0039852283	-0.0889695714	0.0620267305	0.0145053501	0.1709669498	0.1246054441	0.2052596934	0.1239060662	-0.0300719517	0.0028982823	0.0520700412	-0.0560245	0.0236181037	0.0267880915	0.0629159815	-0.0284207402	0.0577060964	0.0170730976	0.001038606	0.0065409078	0.0370485213	-0.0408863948	-0.0339343923	-0.0394755759	-0.0088659849	-0.0491550122	0.0877677592	0.0037024013	0.0981159371	0.0870319533	0.0084215541	-0.0603461689	-0.0080288288	-0.0558764077	0.0177137551	0.0821630853	0.0066553476	0.012359856	-0.0678063954	0.0552518424	0.0505993444	0.0148990534	0.0399159211	0.0353708342	-0.1418562136	-0.0026471099	0.1105657689	-0.1407426186	-0.1611932156	0.15172182	0.0638520151	0.0440534409	0.0398161052	0.0786653677	-0.0564985573	-0.0489696044	-0.0543210807	-0.1264127386	-0.0212489614	0.1063049647	0.0344774671	0.1185794105	0.078611559	0.012302224	-0.0108506736	0.0086655746	0.0234653919	-0.0533263346	-0.058462262	-0.0411702071	-0.009311546	-0.0048990442	0.062427019	-0.0145260193	0.0271041919	-0.0218750172	-0.0408134272	-0.0050888957	0.0530000765	-0.0559053199	0.053898669	-0.049618272	-0.0416938306	-0.0620549037	0.0383517595	0.1259413982	0.0225024423	-0.0603598672	0.0482230532	-0.0105200382	-0.0280524504	0.0550653324	-0.0071671352	0.0225513044	-0.0429708856	-0.0397493246	0.1545392331	-0.0741624022	-0.0811556373	-0.1102114243	-0.0984965442	-0.0195585675	-0.0713401912	-0.0277833454	0.0904606772	0.1679380595	0.0106285034	-0.1183562101	-0.0366302246	0.0261814558	-0.0585867932	0.1137297839	0.1006336438	-0.2387507128	0.0315521441	-0.0157272009	0.0196487918	0.0242039478	-0.074997856	-0.0628317825	-0.0420472692	-0.0780240606	-0.0825304333	0.0929840952	0.1586321746	0.1759684938	0.023094738	-0.0627085497	0.0083045141	-0.0138220251	-0.076789701	0.0812181046	0.0384027719	0.0351062435	0.0178912849	0.0668505978	0.0158424933	-0.1012642201	-0.046111945	0.087480642	0.0	0.0	-0.3704593739835786	-0.084040239088921	0.007062761786123	0.1372401477723049	0.2359863173630287	0.0394325972817738	0.055689541982564	0.0015549297283865	0.5544521469310197	0.3983759858912776	0.1587034261348474	0.3074171832364171	-0.0016590293225137	-0.0020389353546133	4.157257380292064e-06	2.7523782929602666e-06	0.0030973350646683	4.843871310430004e-05	9.593484502823782e-06	2.3463089272006892e-09	-0.0015989360600696	-0.0010048551175337	1.009733807233666e-06	2.5565965241908957e-06	0.0	0.0	0.0	0.0	0.0	0.0	0.0	0.0	1.0	0.0	0.0	0.0	0.0	0.0	0.0	0.0	0.0	0.0	0.0	0.0	0.0	0.0	0.0	0.0
58.77377673926307	-0.2258424868260675	0.0510048288557824	3454.356832196741	60.14904288028149	-3.114590533236239	3617.907359413942	9.7006741897248	58.68255579159773	-0.2034809680531921	3443.6423542339803	0.0414045043598642	59.04844350479543	50.08732749976817	1.809986	61.997669	0.4211840540279988	0.2353951802970576	0.0771534637	-0.2780271971	-0.3060192891	-0.3373594565	0.1307580815	0.1250069792	-0.2205771523	0.0291191628	0.1138131418	-0.0298239146	0.1162010383	0.0635333612	0.0997987243	0.175717239	-0.2127752321	-0.1962037724	-0.0802051677	0.0612798513	-0.0737988272	-0.0654201001	0.0967468751	-0.018728092	-0.0334413287	-0.0424815634	-0.0361163682	-0.0796590629	-0.0187523568	-0.0216753158	-0.1012298015	0.0748094862	0.0499022999	0.1261521667	0.0867672798	-0.1430380136	0.0654807255	-0.0012861526	0.0550826858	0.0666836795	-0.035859389	-0.1458949653	0.0526985032	0.1074939334	0.0797884584	-0.0369044194	0.0369231985	0.093186435	-0.0367083404	-0.0103084851	-0.0042581347	-0.0276791293	-0.0675065788	-0.0522311777	0.0025151693	0.0676368859	0.0052914861	-0.0055998353	-0.0540662108	0.0073167284	-0.0021482871	0.0800843933	-0.0026174888	-0.0017692895	-0.1346773012	-0.0260044844	0.1318973351	-0.2719318284	-0.2609509031	0.0362024653	0.1474546335	-0.0885658882	0.153694464	0.0998454503	-0.0135695243	0.1228347967	0.0607942674	0.0039024342	0.0998351326	-0.1566322075	0.0419718026	-0.0473217432	-0.006991386	-0.0419975736	-0.0211170656	-0.0623693826	0.0480091612	-0.0689170495	-0.059220971	0.1445234891	-0.1924818263	0.0622958699	-0.0499351726	0.0997175313	-0.0217990522	0.0436831119	0.0375495115	0.0553153712	-0.0080975084	-0.0602050989	0.0300000439	-0.0248932692	-0.0692381484	0.1317785529	-0.0176855852	-0.0544848295	-0.0196374356	0.0107557326	-0.0209402355	0.0803499178	0.0425432437	-0.0675917775	0.0037264552	0.0637354601	0.1242424585	-0.0647103871	0.1511547215	-0.0820680018	-0.0563960186	0.0872741018	0.2466920829	-0.1538325219	0.0463234221	0.0774944004	0.0889938548	0.0797450206	-0.2999794686	-0.0235911747	-0.0574013357	0.1900117677	-0.0076862808	0.1494352518	-0.1791956003	0.1153866651	0.0233157645	-0.1557001116	0.0973876173	-0.0127643818	-0.0201721429	0.1329612356	0.064714055	-0.1071112314	0.0686516622	0.0139903026	-0.1023067888	-0.0409960724	0.091485117	0.0	0.0	-0.3506863911621138	0.0197729828214647	0.0003909708496579	0.1229809449463071	0.2266478322362246	-0.0093384851268041	0.0513692398573798	8.720730446354144e-05	0.3973371449280449	-0.1571150020029748	0.0246851238543947	0.1578768067395701	-0.0046208356217153	-0.0029618062992016	8.772296553990278e-06	2.1352121842913026e-05	0.0041802480955466	0.0010829130308783	1.7474474140320978e-05	1.1727006324460268e-06	-0.0022533684115248	-0.0006544323514551	4.282817026311823e-07	5.0776691980578e-06	0.0	0.0	0.0	0.0	0.0	0.0	0.0	0.0	0.0	1.0	0.0	0.0	0.0	0.0	0.0	0.0	0.0	0.0	0.0	0.0	0.0	0.0	0.0	0.0
59.66603835835042	0.8922616190873498	0.7961307968963789	3560.036133380144	64.24849631431255	4.099453434031055	4127.869278650233	16.80551845778901	59.335598226044496	0.6530424344467676	3520.713216842574	0.4264644211881607	59.93634526953101	50.226587948094654	1.621295	55.534431	0.4640640489574062	0.2253014047095982	-0.027093438	-0.0174304513	0.0991349707	0.0694215817	0.2868243114	-0.0128103747	0.0320545265	-0.0935113537	0.0524652502	-0.0264097735	-0.1943525965	-0.1016958574	-0.0585836009	-0.0864825068	-0.0732260508	-0.0285478221	0.0820116848	-0.0660086466	0.0760012898	-0.0437287726	-0.0666478328	0.0338322889	-0.0231408201	-0.0045344216	0.0292176358	0.0994187356	-0.0281689362	-0.0199266775	0.2432353361	0.0032251317	0.0426183777	-0.0969260962	-0.0319812988	0.0069622691	-0.1474522269	-0.0489270198	0.1308688631	-0.0393962493	-0.0946523807	-0.0323893783	-0.103477629	-0.066037359	0.047058233	0.032258074	-0.0602187284	-0.064547827	-0.0151517816	0.067731153	-0.0616454227	0.0812455621	0.0704431936	-0.006137572	0.096935313	0.0387604838	0.0749283188	-0.1616299651	0.0838486993	0.1174181688	0.0683707572	-0.0256078459	-0.0378108715	-0.0442927969	-0.1604622678	-0.0936408602	-0.0527369017	0.0837926175	-0.0304213792	0.1396944247	-0.0326217263	0.026626091	-0.0833774505	-0.0473501257	0.1786684019	-0.1461117893	-0.0660625701	0.0139540203	-0.1138813341	0.0699453	0.0614781636	0.0859713556	0.0219098288	0.1035399456	0.0546751523	-0.1333217024	0.0293841041	0.0563671329	-0.0899767213	-0.0263838672	-0.0153869442	-0.1150212181	-0.1530953882	-0.1592990977	0.081378286	-0.0741862074	-0.0017740258	-0.0456755392	-0.0630324843	-0.1639341759	0.0107824334	-0.00155757	0.0195012066	0.0204765243	0.195071958	-0.0886119891	-0.0400164149	0.0329576501	-0.1420015082	-0.0800907955	0.1123903237	-0.0979524715	0.0230900667	-0.0118165737	0.0319938503	-0.0702513164	0.0147990754	-0.0610886482	0.0189939999	-0.0103425335	0.0106465304	-0.0406887421	-0.0438418048	-0.0089116023	-0.0293554069	-0.1346650519	0.0697313309	-0.1844550794	0.0610499654	0.1950705231	-0.0940852072	0.092446949	-0.0333377666	-0.0432693916	-0.1123577169	-0.1233728696	0.0018709915	-0.0419684233	-0.1707716875	-0.1563722184	0.0041087659	-0.0489374636	-0.2089309994	0.012133754	-0.1032218959	-0.0357652936	0.0950338178	0.0	0.0	-0.3117682976207589	0.0389180935413548	0.0015146180048936	0.0971994714013461	0.1802382501253419	-0.0464095821108827	0.0324858268082453	0.0021538493117067	0.2672585756985413	-0.1300785692295036	0.0169204341727947	0.0714271462844129	-0.0013372532082911	0.0032835824134242	1.0781913465748696e-05	1.78824614308484e-06	0.0027268601840175	-0.0014533879115291	7.435766463179953e-06	2.11233642137892e-06	-0.0020171826549648	0.0002361857565599	5.578371160181951e-08	4.069025863490839e-06	0.0	0.0	0.0	0.0	0.0	0.0	0.0	0.0	0.0	0.0	1.0	0.0	0.0	0.0	0.0	0.0	0.0	0.0	0.0	0.0	0.0	0.0	0.0	0.0
59.28105056022464	-0.3849877981257776	0.1482156047057345	3514.2429555239105	64.06314340550848	-0.185352908804063	4104.086342994745	0.0343557008021273	59.11462944997868	-0.220968776065817	3494.5394150082866	0.0488271999960251	59.70361179709435	50.21824671349425	1.292602	44.275681	0.4567291797701331	0.2551319586623387	-0.0368014645	-0.047644113	0.0750863803	-0.0124566385	-0.0550844196	-0.0487612036	-0.1300007268	0.109678978	-0.0445928723	-0.0081334776	0.0221519074	-0.1075075702	-0.0131752644	0.031181798	0.0240398156	0.0197502911	-0.0064536962	-0.079434903	0.0824896744	0.0641956673	-0.0637710406	-0.046376823	-0.0928715489	-0.0197773939	0.0766339201	0.1131716019	0.1457786809	-0.066895056	-0.0028020842	0.0392511929	0.0353489736	-0.027366965	-0.0128580519	-0.1825582526	0.0274881119	0.0637041946	0.0379760457	0.0553046561	0.1208978474	-0.0270946901	-0.0194922637	0.0052415184	-0.0624830382	-0.0192408317	-0.1023149095	-0.0093906055	0.09365073	-0.0075894992	0.1148128764	-0.0826270115	0.1680996226	0.0050356153	-0.0201163692	0.0117427058	-0.0612948136	-0.0354538916	0.101120305	0.0325410106	0.0557959829	-0.0910874513	0.134341942	-0.003805301	-0.0094344121	0.0774329828	-0.0260372457	-0.0033430097	0.0479445072	-0.0041302789	-0.0048412862	-0.0567893181	0.0398395345	-0.1580394908	-0.0650125185	-0.039085776	0.0146750322	-0.0086934367	-0.1128485369	0.0237500251	-0.0575167361	-0.0510820555	0.109444921	-0.002115976	-0.003344646	-0.080081102	0.1428064981	-0.0977198198	-0.0757843721	0.2142960572	0.046502086	0.058576637	0.0556718762	-0.0153288347	0.024081404	-0.0320145882	0.0366798963	0.0195684686	0.0140606693	0.1065996197	-0.1787637738	-0.0283328729	0.1138055084	-0.0217014319	-0.0111397843	-0.0189302727	0.0073498976	0.0285036078	-0.0796522778	-0.1756694311	0.0387004058	0.0003769634	-0.0927227373	0.0156884738	-0.0673349514	0.0030254749	-0.1109140507	0.0223566284	-0.0871217124	-0.026801258	0.0236586359	0.0213387615	0.0654693014	-0.0415857176	0.4620368283	0.0382650217	-0.0374964241	0.2594645817	-0.0624811121	0.3268438388	0.2159813391	-0.157355119	-0.0422590999	-0.1406300733	-0.0974136021	-0.1089670764	-0.1906555093	-0.1767937029	0.0794912854	-0.0608454869	0.0133614819	0.0528000168	-0.0937432761	0.0102734258	-0.1040084014	-0.0304342698	0.0981090648	0.0	0.0	-0.3627125667132844	-0.0509442690925254	0.0025953185533716	0.1315604060517387	0.209526356686311	0.0292881065609691	0.0439012941462392	0.0008577931859266	0.2522965574005127	-0.0149620182980285	0.0002238619915505	0.0636535528761502	-0.0011662964139111	0.0001709567943799	2.9226225544685538e-08	1.360247325101892e-06	-0.0006241654460745	-0.003351025630092	3.895825040733796e-07	1.1229372773533486e-05	-0.005725895946865	-0.0037087132919002	1.375455428151722e-05	3.278588439432504e-05	0.0	0.0	0.0	0.0	0.0	0.0	0.0	0.0	0.0	0.0	0.0	0.0	0.0	0.0	0.0	0.0	0.0	0.0	0.0	0.0	0.0	0.0	0.0	0.0
59.24785570426592	-0.0331948559587189	0.00110189846212	3510.308405553516	63.44806962317609	-0.6150737823323951	4025.657538907401	0.3783157577126785	59.09623239313812	-0.0183970568405555	3492.364683063788	0.0003384517003946	59.63429030030966	49.39270793261313	1.097925	37.607368	0.4543871127848382	0.2514185084902713	-0.0578210958	0.0113459081	0.0723527623	-0.0060992613	0.005525099	0.0528441499	0.009293486	0.000796727	-0.0121918137	0.0589536842	-0.0108735766	-0.0539744484	-0.025305856	0.0767398253	0.0448825753	-0.0354860411	0.0313331946	-0.0896521314	0.0337156907	0.0422725912	0.0200672124	-0.0403171107	-0.0274427585	0.0592407683	0.0115620471	-0.0494267714	-0.0686932823	-0.1111979683	-0.0882116535	-0.0956895017	0.017841617	-0.0060631989	-0.0123147237	0.0356236979	-0.0216650633	-0.0292544484	-0.0237381302	-0.1560990034	0.0079538703	-0.0433078894	0.1295466641	-0.0158452639	0.1462200445	-0.1405709885	-0.1201365846	-0.0733411422	-0.0165803342	0.1575014161	-0.0960205652	0.1417611232	-0.1252432471	-0.0364485041	-0.0174825696	-0.0144678222	-0.1037984872	-0.0102397446	-0.0047981462	0.0179080024	-0.1096101103	0.0515179203	0.0176975684	0.1050711315	0.1909064745	-0.0386854516	-0.0410887669	-0.0559316201	0.0471810443	-0.033347639	0.0192707676	0.0159063134	0.0396590718	-0.0802026222	0.0552056105	0.0142377019	-0.0116638566	-0.0370393044	0.0188149729	0.0032797153	0.0598946493	-0.0082336558	0.0968463756	0.0007785153	0.0164773749	0.0383602402	-0.0080018285	0.1044192697	-0.0748450087	-0.0047712773	-0.0680116922	-0.1393569655	-0.0297443272	-0.0826477652	-0.1592925997	0.1145866265	0.0093671016	0.0226980838	-0.0202846302	-0.0305374145	-0.096108729	-0.1591779837	0.1201680492	0.0047813742	0.0255552195	0.024157665	-0.0408092308	0.0801154008	0.0592243414	0.0469783708	-0.0784176662	-0.0209278247	-0.0426953489	-0.1008384104	-0.0037364155	0.099575679	-0.0973058233	-0.0180130203	-0.0121686973	-0.0617583624	0.0304064115	0.1240353896	0.0675624658	-0.0003614434	-0.0137358909	-0.0834599914	-0.0263213869	-0.0650931442	0.0051753129	0.0602445095	0.0011749268	-0.046425432	0.0777426943	-0.0432198774	0.0750148019	-0.0367550926	-0.059846612	0.006172452	0.1664929047	0.0454264761	-0.1184941885	0.0740745555	0.0253373115	0.0084098975	-0.1046653254	-0.0250179432	0.1006955375	0.0	0.0	-0.2831023910737542	0.0796101756395302	0.0063377800653568	0.0801469638316768	0.1998269751702679	-0.0096993815160431	0.0399308200056988	9.407800179375864e-05	0.2334573754579878	-0.0188391819425249	0.0003549147762635	0.0545023461557318	-0.0007627821140135	0.0004035142998976	1.628237902218504e-07	5.81836553458904e-07	0.0016490656950307	0.0022732311411052	2.719417666527086e-06	5.1675798208904505e-06	-0.001477873914133	0.004248022032732	1.8045691190576512e-05	2.184111306074794e-06	0.0	0.0	0.0	0.0	0.0	0.0	0.0	0.0	0.0	0.0	0.0	0.0	0.0	0.0	0.0	0.0	0.0	0.0	0.0	0.0	0.0	0.0	0.0	0.0
59.34727364810381	0.099417943837885	0.0098839275569528	3522.0988894629168	63.28319096565247	-0.1648786575236158	4004.762258795239	0.0271849717067898	59.11997635455678	0.0237439614186598	3495.171604163353	0.0005637757038508	59.64876945838332	49.07894757307877	0.9270560000000002	31.754578	0.0650600911475541	0.0310009241820519	-0.0629755699	0.0157811987	0.0451738504	-0.0230818097	-0.0550449733	-0.0038679011	0.0225541097	0.0221028462	0.0193515229	0.0996123842	0.0567676	0.0075925584	-0.0462652319	0.0309451918	0.0284906157	0.0406427675	0.0635216676	-0.1410042322	-0.0143340183	0.0405989987	-0.0323635701	-0.0622265297	-0.0513811296	-0.0223850576	0.030013079	-0.0975478259	0.0098730855	0.0089770661	0.0353704076	-0.0977138214	-0.056306139	0.0115741058	-0.0861846165	-0.0018077426	0.0667758279	0.0212101459	0.0109266928	0.130293276	0.1049750312	-0.0597225505	-0.0911153458	-0.0098005772	0.0882744154	-0.0841665355	-0.0636010654	0.0457565332	-0.0615281064	-0.0475007856	-0.0889837434	-0.1043012967	0.0752574752	0.0848065557	-0.051937058	0.0001113164	-0.0484575458	-0.1031318498	0.0357161259	-0.1637641566	0.1043495561	-0.1441466496	-0.0722872166	-0.1666959825	-0.0452137254	-0.087444452	-0.0510662131	-0.0301305608	0.0242240096	-0.0032312465	-0.070641979	0.0408655906	-0.0393156642	-0.0759331703	0.0318575936	0.059615151	0.0718948631	-0.0749533625	0.0166290125	0.02459587	-0.0302346934	-0.1281220101	0.0692691737	0.1060882061	-0.1112748357	0.0081790127	0.0610846475	0.0501148952	-0.071055778	0.11143319	0.091521123	0.1175788814	-0.0413496856	-0.0268912666	-0.0255483304	-0.1022718475	0.0659472139	0.0753835543	0.0263105473	-0.0989622486	-0.0290129602	0.1089049907	0.0358275385	0.0750723473	0.0024815141	-0.0730092025	-0.0322585626	-0.0108039795	0.0734806773	0.030413407	-0.0510395752	-0.0321536983	0.3530472391	0.1307305746	-0.021865774	0.0142204068	0.0065704306	-0.0038080114	0.0111122954	-0.0692658994	0.0046864304	-0.030532065	-0.0101858565	-0.0440957547	-0.0011107028	0.0051530903	-0.0148548391	0.016424195	-0.0074691758	0.0127783385	-0.0422122566	0.0160659492	-0.0755493962	0.0898358683	-0.0435965578	-0.0016206557	-0.1426861336	-0.056066935	0.0532709172	-0.0910145887	-0.0019851894	-0.0236267568	-0.0195801205	0.0065437496	-0.1051918494	-0.0195314949	0.10278035	0.0	0.0	-0.2728750224819691	0.010227368591785	0.0001045990683122	0.0744607778945351	0.2017017828335952	0.0018748076633272	0.0406836091982507	3.5149037744707262e-06	0.215162267396181	-0.0182951080618068	0.0003347109789931	0.0462948013110656	-0.0004899606922118	0.0002728214218016	7.443152819390107e-08	2.4006147991266626e-07	0.0020303689283871	0.0003813032333564	4.122397985359781e-06	1.4539215576804534e-07	-0.0015170053955876	-3.913148145460012e-05	1.531272840831713e-09	2.301305370241891e-06	0.0	0.0	0.0	0.0	0.0	0.0	0.0	0.0	0.0	0.0	0.0	0.0	0.0	0.0	0.0	0.0	0.0	0.0	0.0	0.0	0.0	0.0	0.0	0.0
59.42400866645672	0.0767350183529131	0.0058882630416219	3531.212805991124	63.47400601366733	0.1908150480148549	4028.949439423076	0.0364103825489113	59.09074554596868	-0.0292308085881032	3491.7162091784176	0.0008544401707143	59.64447354599834	49.570457100030346	0.86107	29.49435	0.0434749221125125	0.0245697169491116	-0.068068853	0.0181415326	0.0585558685	-0.0160847038	0.0060396295	-0.0014766933	0.0430039608	-0.0069522294	0.0107829705	0.0019112283	-0.0786905998	0.057582852	-0.0258403392	0.0495762219	0.0442573143	-0.0004892583	0.0377938734	-0.0181783859	0.0054831402	-0.063535522	-0.0001217206	0.0218130674	-0.0860879115	-0.0595104861	0.0089776849	-0.037121533	-0.0257835443	-0.0137074898	0.0721052587	0.0323049295	0.0378520779	-0.08306558	-0.0157789012	0.0838820188	0.0552668479	0.0346462422	-0.1255330884	-0.1049036221	0.028262328	-0.0095888957	-0.0345381173	-0.0160131093	0.0630638311	0.1120338059	0.0595722836	0.0631596996	0.1555425813	-0.0310005139	-0.0866146426	0.0326373356	0.0633491533	0.0434318304	0.0918406346	-0.0010944108	0.0962902186	-0.0585186598	0.0358960523	-0.0437484689	-0.0088415469	0.0564345737	0.062577392	-0.1251379236	-0.0912688196	0.0833651743	-0.0359322448	-0.0320091582	0.0111674792	-0.0502426384	-0.0264599348	0.0278586383	-0.1079076173	0.0125941308	-0.0034630729	-0.0131493731	0.0715255611	0.0656612167	0.0423715378	0.0749963272	-0.0092276264	0.0171368837	0.0730603202	0.0618842232	0.0282171237	-0.0482740837	-0.031946467	-0.0339668043	0.0268820879	-0.164308807	0.0260797674	-0.0727352648	-0.0054388953	0.0457981242	-0.0663572051	-0.0097594143	0.0089899522	-0.0828378925	0.0147659965	-0.0593674992	0.0563916284	0.0648143083	0.1304918277	0.1012691597	0.0033437454	0.0942222651	0.0027880386	-0.0176671503	0.0056260544	-0.0318392441	0.1006307692	-0.0195399519	0.0131348484	0.0139766649	0.0632506032	-0.0137235618	0.0389100358	0.0242033482	-0.0166568396	-0.0758262402	-0.001857395	-0.029106753	-0.0280971735	-0.0317435277	0.0163461739	-0.0078616713	0.0544896883	-0.0290907687	-0.012037184	-0.0324655816	-0.0246298697	-0.0135820795	0.0444681939	-0.0433565824	-0.0112582767	0.0261730542	-0.1131250044	0.0131879605	-0.0281216841	-0.056681191	-0.1267316307	-0.0517395611	0.0319152276	0.0046755634	-0.1055873175	-0.0139903026	0.104353116	0.0	0.0	-0.2784455727454258	-0.0055705502634567	3.10310302376976e-05	0.0775319369815282	0.2009726428189679	-0.0007291400146272	0.0403900031616404	5.316451609306827e-07	0.2102994618347224	-0.0048628055614586	2.3646877928552688e-05	0.0442258636479738	-0.0005166916346777	-2.673094246590001e-05	7.145432851152564e-10	2.6697024534591386e-07	0.0022807945664269	0.0002504256380397	5.20202385424247e-06	6.271300018764076e-08	-0.0011479134506339	0.0003690919449537	1.3622886382970522e-07	1.3177052901462271e-06	0.0	0.0	0.0	0.0	0.0	0.0	0.0	0.0	0.0	0.0	0.0	0.0	0.0	0.0	0.0	0.0	0.0	0.0	0.0	0.0	0.0	0.0	0.0	0.0
59.44108800495766	0.0170793385009417	0.0002917038036297	3533.2429432131216	63.1570576353276	-0.3169483783397311	3988.813929152092	0.1004562745321853	59.161526635858856	0.0707810898901755	3500.0862338854367	0.0050099626860411	59.692764586955306	49.10614525036355	0.8684819999999999	29.748243	0.1662186025971822	0.0830806614619343	-0.0563067481	0.0190203603	0.047335057	-0.0624934837	-0.0245900788	0.0454083156	0.0126355408	0.0700598926	-0.0093368926	0.0532544599	0.0814740556	-0.0499251448	-0.0659752587	0.0307910443	0.0310834271	-0.012282383	-0.0571801964	-0.0156742316	-0.1040992601	-0.1075909337	-0.0104760853	-0.0465428212	-0.046832281	-0.0155032186	-0.0996280106	0.055922349	-0.1766999658	-0.037416721	0.0040872804	0.0652547553	-0.0273090494	-0.0164382877	-0.2105720662	-0.1393488034	0.0842078615	0.0717418871	-0.003271034	0.0163769357	0.0184385749	0.0127689176	-0.0160909175	-0.0986847849	-0.0608317629	-0.0703515038	0.0830877338	0.0540926165	0.034059731	0.1676883281	-0.0895202261	0.0738527569	0.0507706857	-0.1068766793	0.0317208882	0.0297376916	0.0068690781	-0.0786812054	-0.1445252505	0.0470674614	-0.0792703884	0.0609897768	-0.0766034001	-0.101159627	-0.0155704022	-0.00543339	-0.0755949575	-0.0317976563	0.0250311267	-0.0201345681	0.0220851696	0.0289237299	-0.0547030273	0.0267003927	0.0781952192	0.0213788983	0.1323540669	0.0038090834	0.019811621	-0.0438767832	0.0754113218	0.0616331084	-0.0165130303	0.1419363376	-0.1533847373	-0.0171846886	-0.0517332993	-0.014704627	0.1328935928	0.0616426678	-0.0414449221	0.1281476007	-0.0459497661	0.0550022318	-0.0328755268	0.0971761055	-0.0293893512	-0.1316795775	0.036116523	0.0414684243	-0.0809848634	0.0422110624	-0.0594697958	0.1058932671	0.1328443825	-0.0604398923	-0.0433073932	0.0097356346	-0.0802739493	0.1116370723	0.0186294577	-0.0171456064	-0.0065180638	-0.0913158452	0.2278839373	0.0597773559	-0.0259120982	-0.0150075637	0.1038375435	-0.0694242355	0.0005991312	-0.0371076239	-0.0361772696	0.0412080116	0.0080554501	-0.0023082426	0.013482672	-0.0183400587	-0.0482289043	-0.0620682739	0.0406214872	0.026729085	-0.0993409655	0.064380213	0.0438375257	0.0612170452	-0.0595807407	0.0844692152	0.0593000362	-0.0131346499	0.0986613955	-0.1145024275	0.0070770615	0.0028059207	-0.1058512369	-0.0084098975	0.1054060001	0.0	0.0	-0.2650638392872935	0.0133817334581323	0.0001790707903444	0.0702588388977201	0.2451327654958959	0.044160122676928	0.0600900727196659	0.0019501164348413	0.1982746819195355	-0.0120247799151868	0.0001445953320086	0.0393128494902929	-0.0019268118222096	-0.0014101201875319	1.988438943285001e-06	3.712603798206679e-06	0.0026947194771671	0.0004139249107402	7.261513060623729e-06	1.7133383173128273e-07	-0.0012569076833005	-0.0001089942326666	1.187974275458094e-08	1.57981692433983e-06	0.0	0.0	0.0	0.0	0.0	0.0	0.0	0.0	0.0	0.0	0.0	0.0	0.0	0.0	0.0	0.0	0.0	0.0	0.0	0.0	0.0	0.0	0.0	0.0
59.5439125378112	0.1028245328535391	0.0105728845565485	3545.47752031051	63.343156566011146	0.1860989306835492	4012.355483746201	0.0346328120015604	59.18969371189294	0.0281670760340873	3503.419841707699	0.00079338417231	59.72972478866577	50.14306046911479	0.866135	29.667835	0.1151372522023652	0.0612139834308306	-0.0757175441	-0.0197632065	0.0490819042	-0.0540067754	0.003694957	0.0445483558	0.0368989156	-0.050221183	0.0029208719	0.0575970304	-0.091452976	0.049551154	-0.0651490309	0.0457771598	0.0293519051	-0.0110959649	-0.0093203749	-0.0550377527	-0.0816340468	0.0947080939	-0.0213188975	-0.0701129436	0.0497800865	-0.0378565683	-0.1538369276	-0.0038512015	0.0413138886	-0.0672078359	-0.0014354014	-0.0427232267	0.0422336884	-0.1356164441	-0.1339518376	0.0269586646	0.1191081448	-0.0601695053	-0.0405737837	-0.125383042	-0.0880588874	0.0534921302	0.0961118185	0.0125732894	0.0009109239	-0.004180894	-0.0012145753	-0.1401584642	0.072935632	-0.0285106378	-0.0653700628	0.057597755	0.0287193833	0.0572343408	-0.0375314896	-0.0752230005	0.0720206314	0.0447998784	-0.0905944523	0.1363415291	-0.0626173161	-0.1150022555	0.1173486453	0.0036280754	-0.0283780962	0.2103466205	-0.0812609105	-0.035169993	0.0157804197	-0.0249323083	0.0439092924	0.0403450752	-0.0179312315	-0.034556405	-0.0295647795	0.0241203239	-0.0072184252	-0.108465434	0.1101829299	0.0663761336	0.004219593	0.0448339392	-0.0822524677	0.1158225731	-0.0272179657	0.0533230878	0.0457793157	-0.0516238432	0.0406385958	-0.0887203658	-0.0115352312	-0.1355983649	0.0615469685	-0.0718517682	0.024593	0.1618287974	-0.1405767394	-0.0971074378	-0.0840635235	-0.1100842115	-0.0486640685	-0.0363892015	0.0249020406	-0.0582811703	-0.0687094699	0.0571455005	-0.0509548878	-0.0256097524	-0.0034569639	0.0510934804	-0.012478024	0.0012316502	-0.0728364691	-0.0717352358	-0.0171170448	-0.0896846181	-0.005004773	-0.0302264119	0.0922256927	-0.0839976425	0.0279774551	-0.0709333517	-0.0171102777	0.0287013737	0.0641424736	0.0059796972	0.0448873475	-0.0570890059	-0.0386404187	-0.0260499572	-0.0174880996	0.0403022932	0.081198689	-0.0330338978	0.0212241118	0.0592134963	-0.1455046224	0.1082317033	0.0287265649	0.1032444016	0.0161385818	-0.0345278123	0.0162007702	0.000935404	-0.1059832789	-0.0028059207	0.1059337567	0.0	0.0	-0.2788134712300945	-0.0137496319428009	0.0001890523785624	0.0777369517393747	0.2644279775637415	0.0192952120678455	0.0699221553184505	0.0003723052087431	0.1537147181388718	-0.0445599637806637	0.001985590372134	0.0236282145725128	-0.0012891691853627	0.0006376426368469	4.065881323250676e-07	1.6619571884887277e-06	0.0027133798387444	1.866036157729999e-05	7.362430149304586e-06	3.4820909419557376e-10	-0.0013512535730974	-9.434588979690004e-05	8.901146921568804e-09	1.8258862188084903e-06	0.0	0.0	0.0	0.0	0.0	0.0	0.0	0.0	0.0	0.0	0.0	0.0	0.0	0.0	0.0	0.0	0.0	0.0	0.0	0.0	0.0	0.0	0.0	0.0
59.480507262597314	-0.0634052752138885	0.0040202289249489	3537.930744215892	63.5945714230233	0.2514148570121506	4044.2695144780114	0.0632094303264401	59.20986223508655	0.0201685231936039	3505.807785897928	0.0004067693278109	59.7185075238347	48.96526781476977	0.8913919999999999	30.532972	0.1867670499201337	0.0980248005907793	-0.0486179102	0.0452865925	0.0458300103	-0.0114000476	-0.0365919297	0.0035615003	0.0159488698	0.0127449952	0.0030462577	0.0195674959	0.0649496569	-0.0561087197	-0.0378528152	0.029913636	0.0083800044	0.0983932184	0.0133065944	0.0129851044	-0.0489813859	-0.0999856116	-0.0514544603	0.0211646493	-0.0705719492	-0.0369062597	0.0437333672	0.2483355658	-0.0080242742	0.1126798624	-0.004987909	-0.0634671196	0.0081003726	-0.1274368004	0.0837521151	0.1393163	-0.0891896434	-0.0657692278	0.0051677396	0.0533927083	-0.0374408653	0.0228149245	0.0043249912	-0.0765422538	0.0287250579	0.0379060844	0.0030437982	-0.0053214869	0.0653433556	-0.0609922017	0.0286503012	-0.0462460529	0.0311969181	-0.0845726812	-0.0749521633	0.1155280498	0.0437654536	0.0461740581	0.0362490519	-0.0376310498	-0.0012263571	-0.063079463	-0.0852573948	0.0654423193	0.0787729149	-0.0040735311	-0.0459010816	-0.0227698198	0.073662155	0.017275058	-0.0263382708	0.0208421153	-0.0290072186	-0.0335671122	-0.0177942343	-0.0304626384	0.0568107395	0.0585857739	-0.127052668	-0.0672122253	-0.067050928	0.0870209104	-0.0260521273	-0.1448000829	-0.0474464968	0.0994425984	0.0896868494	-0.0604586118	0.0754537843	-0.1379583007	-0.006809522	0.0235890578	-0.0841675628	-0.0500022043	-0.0239884619	-0.1136623852	-0.0414672279	0.0395600616	-0.0567625185	-0.034595839	0.0469128053	0.0655917485	0.0605202263	-0.0727120104	-0.0983203156	0.0131891967	0.0684169846	0.1387362246	-0.1167496004	-0.0413522915	0.0107509774	0.0640165936	0.0089584201	0.0744235915	-0.0624438434	-0.0387504588	-0.0173133281	0.0623209916	0.0918976101	-0.0463123227	-0.0593525726	-0.0273590559	-0.0422307064	0.0442401218	0.0726633563	-0.0294005208	-0.030379964	-0.0076998459	-0.0919426024	-0.0559825383	0.1349667357	0.0355469979	-0.0764517707	0.0427811958	-0.0841815602	0.0767833948	-0.0065974615	0.1522605913	-0.0029850395	0.0987633886	0.0251512555	-0.029924836	0.0360840657	-0.000935404	-0.1059832789	0.0028059207	0.1059337567	0.0	0.0	-0.3191326211145622	-0.0403191498844677	0.0016256338474061	0.1018456298594507	0.279362771947703	0.0149347943839615	0.0780435583503043	0.0002230480832912	0.2295410594243563	0.0758263412854844	0.0057496340327427	0.0526890979616558	-0.0011477553734209	0.0001414138119418	1.9997866207910773e-08	1.3173423972165495e-06	0.0034379266015744	0.00072454676283	1.1819339317812903e-05	5.249680115274323e-07	-0.00159902828565	-0.0002477747125525	6.139230818052353e-08	2.5568914583087776e-06	0.0	0.0	0.0	0.0	0.0	0.0	0.0	0.0	0.0	0.0	0.0	0.0	0.0	0.0	0.0	0.0	0.0	0.0	0.0	0.0	0.0	0.0	0.0	0.0
59.52404424462569	0.0435369820283781	0.0018954688041393	3543.111843236157	63.27147679126009	-0.3230946317632046	4003.279775346965	0.1043901410742008	59.22215930700782	0.0122970719212744	3507.264152984613	0.0001512179778369	59.71945220455528	49.31936763468493	0.929592	31.841431	0.2195230200696437	0.1286115914479174	-0.0004964708	-0.05144663	-0.0151874476	-0.0313131581	-0.0340758429	-0.0496709877	0.0314197036	0.0017237506	0.0272938751	0.0088762724	-0.0396616515	-0.0075212366	-0.0424007099	-0.0193537581	0.0174439771	0.005796614	0.0207747955	0.0677315179	-0.0173424517	-0.0221587201	0.0362912654	0.0412249983	0.0163232106	-0.0931038305	0.035960654	-0.0479156111	0.1625328239	0.0356972273	0.0322755186	-0.1756524777	0.064591645	-0.0712406025	-0.0104569597	-0.0501106743	0.0256610433	-0.0393237991	-0.0177770881	-0.201405491	0.0958029293	0.0965816104	0.0263207657	0.100921046	-0.0037770322	0.055503669	0.1302953826	-0.0044956937	0.0753298205	-0.0317850707	-0.0104801521	0.1244899328	-0.0189045829	-0.0312962211	0.0258260206	0.1896297497	0.0454859755	0.0092079432	-0.0642016292	-0.0428621875	0.0627381992	0.0104270714	0.0590893268	0.050850148	-0.0405418051	-0.0288145858	-0.0238711161	0.0042503138	-0.0401226583	-0.0521415793	-0.0110253992	0.0258502237	-0.0431698804	0.0760295248	-0.0478850653	0.0460225425	-0.0462658591	0.012638198	0.0826962338	0.0230160195	-0.0539304164	-0.0040282022	-0.0529977348	-0.0616823514	0.0014998737	0.0472728581	0.0998471985	-0.0799562692	-0.0630005546	-0.035347907	0.0040502194	-0.1940138152	0.0634650379	-0.0200229689	-0.0451097719	-0.0443134083	0.0189658829	-0.1085887589	0.1249204122	0.0385647515	0.0096244198	0.0476282852	0.0830403971	-0.0317594922	-0.0160743559	0.0607996888	0.168014078	0.0758169807	-0.1017296509	0.0624607089	0.0521399034	-0.1810017117	-0.1260877417	0.0488440056	-0.0086008829	0.0154407142	-0.0874924991	0.0307177963	0.0076892737	0.006934199	0.0558863923	-0.0412487331	-0.0537077506	0.034861101	-0.0377611204	-0.0583208347	0.0557321106	-0.1007492181	-0.031067307	0.020873724	0.0204710693	0.048155617	0.0134935954	-0.1455485778	-0.1522308081	0.07103289	0.0036310591	0.1273301972	-0.0108398063	0.0165352531	-0.1055362581	-0.1045641639	0.1119413399	-0.0028059207	-0.1058512369	0.0084098975	0.1054060001	0.0	0.0	-0.3187067924864379	0.0004258286281242	1.813300205302164e-07	0.1015740195769934	0.1922886725332233	-0.0870740994144796	0.0369749335845891	0.0075818987888426	0.2999825560519511	0.0704414966275948	0.0049620044471354	0.089989533935462	-0.0021591864549413	-0.0010114310815204	1.022992832665526e-06	4.662086147201978e-06	0.0036191990506009	0.0001812724490264	1.3098601767870454e-05	3.2859700776064935e-08	-0.001560099908208	3.8928377441999886e-05	1.5154185702668054e-09	2.43391172359061e-06	0.0	0.0	0.0	0.0	0.0	0.0	0.0	0.0	0.0	0.0	0.0	0.0	0.0	0.0	0.0	0.0	0.0	0.0	0.0	0.0	0.0	0.0	0.0	0.0
59.522150055669805	-0.0018941889558874	3.587951800605964e-06	3542.886347249673	63.83834625812287	0.5668694668627765	4075.3344529719902	0.3213409924612884	59.09681468710333	-0.1253446199044887	3492.433506161832	0.0157112737390007	59.651693518459794	49.50814780425342	0.908108	31.105526	0.2045247427636074	0.0979222969682595	-0.0509681895	-0.0125940735	0.06930456	-0.0037168253	-0.0335667206	-0.0444753989	0.0105671899	0.0422108165	-0.0430696745	0.1057964323	-0.0587243941	-0.0196709587	-0.0361365614	0.0739196703	0.0692647773	-0.0446754745	-0.0044013759	0.0538853563	0.0269958088	-0.0099831531	0.0039164915	-0.1205435904	-0.0284317675	0.151575804	0.057023928	-0.1189519743	-0.2121422864	-0.0191897662	-0.003592019	0.0417685775	0.1116013581	-0.0196643945	0.0398671927	0.1460044587	-0.0358061479	0.0081673953	-0.1108811101	-0.2128899564	0.0061716235	-0.0971831896	-0.0636190758	0.047531573	-0.0069361603	0.0519842258	-0.0172735093	0.0819813661	-0.052399393	0.032541808	0.0276980808	-0.1065241802	0.1104812102	-0.0015776145	-0.0239049383	-0.0056832516	-0.1039068548	0.0590007806	-0.011729694	0.0894073705	0.0507032719	-0.015084056	-0.0456797062	0.0487523758	0.0823495124	-0.084856573	-0.0507839694	-0.0589001425	0.0364754041	-0.0567519197	-0.0245408467	-0.0255343704	-0.0032411197	-0.0524346888	0.0842771355	0.0512350292	-0.051518074	-0.0541363083	-0.016308162	-0.085633355	0.0556999827	-0.0271998449	0.0738449576	-0.0256384369	-0.0202227694	-0.1975820814	-0.1649837473	0.1223154699	-0.0124446396	-0.1779234528	0.0543430728	-0.1529362417	-0.0600560326	0.1207834151	-0.0035185572	-0.0079001099	0.004266522	3.8222e-05	-0.027628803	0.139823607	-0.0521344379	-0.03284776	-0.0076984182	0.0540948372	-0.0393844952	-0.0204827912	-0.1129202023	0.0004137468	0.0678515445	0.083129262	-0.0006228757	0.0360077374	0.0310973576	0.0938765537	-0.0137250663	-0.177376144	0.0494696968	-0.1351043924	-0.0228582814	-0.05731488	0.0415671494	0.0837583649	0.0218329682	0.0140882729	-0.0150586257	-0.0180087505	-0.009581122	-0.0245117755	-0.0330660212	-0.0194942304	0.0448647243	0.0463510812	-0.0886516416	0.0300326507	0.049751109	0.1756413938	-0.0243546092	0.08875844	0.1089072733	-0.0246273782	-0.0326507859	0.0180274527	-0.1134500355	-0.0046755634	-0.1055873175	0.0139903026	0.104353116	0.0	0.0	-0.2933500585131128	0.0253567339733251	0.0006429639577939	0.0860542568296467	0.1958551195186402	0.0035664469854169	0.0383592278416608	1.2719544099789403e-05	0.2284680604995657	-0.0715144955523854	0.0051143230741121	0.0521976546684332	-0.0012490540630522	0.000910132391889	8.28340970765774e-07	1.5601360524272091e-06	0.0030605987400451	-0.0005586003105557	9.367264647565654e-06	3.120343069530358e-07	-0.0009470912856033	0.0006130086226047	3.757795713877116e-07	8.969819032657115e-07	0.0	0.0	0.0	0.0	0.0	0.0	0.0	0.0	0.0	0.0	0.0	0.0	0.0	0.0	0.0	0.0	0.0	0.0	0.0	0.0	0.0	0.0	0.0	0.0
59.56771603551479	0.0455659798449872	0.0020762585192337	3548.3127936877263	63.70637068342656	-0.1319755746963054	4058.501665654152	0.01741755231642	59.21167183306136	0.1148571459580267	3506.022081266152	0.0131921639776234	59.73507219105959	49.76143340216056	0.8686519999999999	29.754057	0.0965628629268751	0.0487639705740274	-0.0659369254	0.0023053461	0.0508579785	0.0142568857	-0.0152941409	-0.0283798406	-0.0165401148	0.0164344291	0.073943766	-0.0223156597	-0.061952034	-0.0302201833	-0.0503814257	0.0012272071	-0.0530828574	0.0370261414	0.0111790386	-0.0304120708	0.0868814274	0.015408019	0.0816603702	-0.0043951653	-0.0206909892	0.1662203061	-0.0152699666	-0.0107386652	0.1168483024	0.1843426132	-0.0192827511	0.1306769127	-0.0041853145	0.017696284	0.0215425918	-0.0887831312	0.01774706	0.1819998504	0.0694156734	0.1044140512	-0.0200849721	-0.0256432227	-0.0095693806	0.0187435171	-0.060290059	0.0152849614	0.0847479919	-0.0635973731	-0.1516570814	0.0811872474	-0.1024955058	0.1182020688	0.0731874282	-0.1186153781	-0.0122280729	-0.0647272836	0.0272246699	0.0613207072	-0.0498335003	0.0174916291	-0.1196377098	-0.0510074347	0.0024079508	0.0349893545	0.0170300411	-0.0005367183	-0.0509569188	-0.0096509263	-0.0069341474	0.0365341851	-0.0396348176	0.0183246386	0.0517645845	-0.097874148	-0.0571639443	0.0391969598	-0.0059383946	0.0675993379	0.108338423	0.0059225516	-0.1213881462	0.0817093003	-0.0117302005	-0.0878934432	0.1009996975	-0.0304894184	-0.1371233573	-0.0701084435	0.0912339843	0.1371683332	0.0902636413	0.0686366905	-0.0272915917	-0.0167383813	-0.0205675069	0.0418802653	0.0495705835	-0.0432885407	-0.172198758	-0.0728319405	0.0081113492	0.1174789932	-0.1354501494	-0.0294648819	0.0959278933	-0.0193713256	6.1027e-06	0.0442607608	0.1047643777	-0.0285808177	-0.1208084321	-0.0560989365	-0.071423842	0.0081810348	0.051332259	0.0213793038	-0.0410780947	0.0302629694	0.1269888167	-0.0699714686	-0.0138435936	-0.0247928247	-0.044347503	0.0386455039	-0.0154129135	-0.0040312032	0.0238499563	-0.0497250939	-0.0686278732	-0.0383875758	0.0390279774	-0.0402754869	0.0284002314	-0.07228824	0.0128887753	0.0673331352	0.0031815511	-0.0112700662	-0.0695862786	-0.0157414235	0.0049053942	0.0530637238	-0.029279929	-0.0065437496	-0.1051918494	0.0195314949	0.10278035	0.0	0.0	-0.2915037058831871	0.0018463526299257	3.4090180340336165e-06	0.0849744105436316	0.1954415975171315	-0.0004135220015087	0.0381974180400484	1.71000445731769e-07	0.195803734136625	-0.0326643263629407	0.0010669582167447	0.0383391023018461	-0.0007542819895826	0.0004947720734696	2.4479940468540734e-07	5.689413198086855e-07	0.0034639936838305	0.0004033949437853	1.1999252241617596e-05	1.627274806716258e-07	-0.0012816975069983	-0.000334606221395	1.1196132339623975e-07	1.642748499445657e-06	0.0	0.0	0.0	0.0	0.0	0.0	0.0	0.0	0.0	0.0	0.0	0.0	0.0	0.0	0.0	0.0	0.0	0.0	0.0	0.0	0.0	0.0	0.0	0.0
59.33900249391123	-0.228713541603561	0.0523098841128438	3521.117216972403	63.21101924206348	-0.4953514413630842	3995.63295362052	0.245373050460485	59.03330583783463	-0.1783659952267271	3484.9311981433207	0.0318144282532208	59.51413586437703	48.07897995614427	0.998875	34.214584	0.33357041868268	0.166644428413515	0.0164378693	0.0884093788	0.0068550186	0.0886954192	0.0717737371	0.0587974175	-0.0080002161	0.0837675696	0.0366378891	-0.0298549746	0.1039623001	-0.0003502528	0.0250815129	0.0198541917	-0.0099238901	0.1225760525	-0.0954830996	0.0238309726	0.1280295641	0.0816705457	0.0187564162	-0.0646348261	-0.0712617186	-0.0197463656	0.0631621739	-0.1408109475	0.0646288549	0.050253173	0.0515957995	-0.0593372377	-0.0603667337	0.059161501	0.0139609839	-0.0585891687	0.0401233381	-0.087128061	0.1129303013	0.0438532731	-0.0171781635	-0.0538658059	0.0554132516	-0.0501317281	-0.050741775	0.0698602461	0.0107324781	0.085318358	0.1060675079	0.072951628	-0.0548484937	-0.0452429621	-0.0137820512	-0.0887879813	0.1740728375	-0.1072475374	0.0012135837	0.0199129857	-0.0148868897	0.073021988	-0.013212756	0.1129036265	-0.0277945374	0.1650782542	-0.0264014322	-0.0826143993	0.0200638327	-0.0367615347	0.0797420257	0.0871407452	0.0179004632	-0.0664095321	-0.0060320166	0.0028901385	-0.0340459564	0.1720958038	-0.0053323206	0.0454056094	-0.0152562653	0.0583612395	-0.0878680892	-0.1166299603	-0.0369287575	-0.0432616066	0.0943466228	-0.0887295018	0.0255696646	0.0243344273	-0.0373746123	-0.0134340257	-0.1235045537	0.0341632556	-0.0104616263	0.0216603575	0.1575645469	-0.0547381964	0.0173816822	-0.0218771618	0.0319987187	0.0109235431	-0.0137737814	0.0036322528	-0.009906092	0.0900991303	0.0602210719	0.034542008	-0.0665184763	0.0586451914	0.1164160076	-0.0952999627	0.0254350553	-0.0872327702	-0.1406796572	-0.0133478716	0.0401524209	0.0030340132	-0.0696378489	0.1876798449	-0.0727832544	0.0168213006	-0.0902536528	0.012605389	-0.0740424929	0.0393855111	0.0107308889	-0.0733277297	0.1028053543	0.0075612862	-0.0510666383	0.0733558712	0.0297175408	0.0601025544	-0.0523204501	0.0051291166	0.0923426924	-0.0579550607	0.0066630308	0.0271699842	0.0093196604	-0.0222178257	-0.0605042908	0.0216701968	0.1239721173	-0.0084098975	-0.1046653254	0.0250179432	0.1006955375	0.0	0.0	-0.3369957184563077	-0.0454920125731206	0.0020695232079529	0.113566114257883	0.2206138469551746	0.0251722494380431	0.0486704694683612	0.000633642141771	0.3425671743008962	0.1467634401642712	0.0215395073688516	0.1173522689085006	-0.0018300110643644	-0.0010757290747818	1.1571930423309077e-06	3.348940495696124e-06	0.0027481635952599	-0.0007158300885705	7.55240314631182e-06	5.124127157029928e-07	-0.0018129926737908	-0.0005312951667925	2.822745542570706e-07	3.2869424352191144e-06	0.0	0.0	0.0	0.0	0.0	0.0	0.0	0.0	0.0	0.0	0.0	0.0	0.0	0.0	0.0	0.0	0.0	0.0	0.0	0.0	0.0	0.0	0.0	0.0
59.68761660675694	0.3486141128457092	0.1215317996752008	3562.611576195207	63.776203089572014	0.5651838475085356	4067.404080522335	0.3194327814845515	59.33358885920504	0.3002830213704044	3520.47476691318	0.0901698929233387	59.89807965606451	49.73719443612482	1.052374	36.047115	0.1907587321664122	0.0891135414321542	0.015363148	-0.0739212613	0.0201968002	-0.0466134237	-0.0363196476	-0.0723105601	0.008274252	0.0081432529	-0.1203543223	0.0451958734	0.0266319848	0.0232617406	-0.0422586072	-0.0778353756	0.0247462121	-0.0381801131	0.0285583244	0.0078524612	0.0730464393	0.048153966	0.0591240457	-0.0435774717	-0.1187293415	-0.0957448986	0.082649587	0.077923582	-0.0267149004	0.0414093479	-0.0217442412	0.0737641994	0.0119946282	0.0104205468	0.0895744771	0.0507013359	0.0153841527	-0.0358217964	-0.0251745858	0.0278287379	-0.1180620756	-0.1972634551	0.0068283653	0.0036716576	-0.1061579513	-0.0581292276	0.0720837127	-0.0626182289	-0.1011864351	-0.1810645633	-0.1321570398	0.0473189388	0.1095969195	-0.0016597658	0.0157575438	-0.0057489759	-0.1138282641	-0.0100683688	-0.0042777619	0.0475241635	0.0034845042	0.0305729775	0.1066100455	0.0707958643	0.0217716209	0.1105456214	-0.0316215371	0.0970756739	-0.0615159592	-0.0882013998	-0.0126038253	0.0364525579	-0.0119486502	-0.0522008999	-0.1254845824	0.0089425897	-0.0261684474	0.1253174752	-0.0663034331	0.0612070583	-0.0172256601	0.0604962551	0.1106505669	-0.0717586242	-0.0444712934	-0.0245140666	0.0463704056	-0.0596955145	0.029738571	-0.0062618484	-0.1223146303	-0.0471947581	-0.0088076243	-0.0276444814	-0.0847400951	-0.0289437637	0.0158921808	0.0200947269	-0.270775733	0.0524819361	0.0101730034	0.051511188	-0.109149562	-0.0557778423	0.0302311329	0.0519521032	-0.0732773058	-0.1472046333	0.1030386988	-0.0356526635	0.1505967667	0.091579684	-0.0788631171	0.0156322326	0.0588415178	-0.0433179186	-0.0970547393	0.103411184	-0.0253292988	0.0237852616	0.057923723	-0.0332660679	-0.0559977421	0.1083911967	0.0333901277	0.0356986573	0.0030389229	-0.0058836487	-0.0841874116	-0.1662577619	0.1534576499	-0.1203104895	0.1364050323	-0.154409913	0.1044657552	-0.0557014238	-0.0216162456	-0.0283953207	0.0724566065	0.0261803079	-0.0155480441	0.1343915882	0.0877749946	-0.0102734258	-0.1040084014	0.0304342698	0.0981090648	0.0	0.0	-0.3160283591321189	0.0209673593241888	0.0004396301570296	0.0998739237757395	0.1928137158258067	-0.0278001311293679	0.0371771290105549	0.00077284729081	0.3503669635657118	0.0077997892648155	6.083671257553205e-05	0.1227570091582568	-0.0029644933426907	-0.0011344822783263	1.2870500398364324e-06	8.78822077885748e-06	0.0036056781331286	0.0008575145378686	1.3000914799721744e-05	7.353311826561699e-07	-0.001121160441025	0.0006918322327658	4.786318382937123e-07	1.2570007345193723e-06	0.0	0.0	0.0	0.0	0.0	0.0	0.0	0.0	0.0	0.0	0.0	0.0	0.0	0.0	0.0	0.0	0.0	0.0	0.0	0.0	0.0	0.0	0.0	0.0
59.59755053157226	-0.09006607518468	0.0081118978991724	3551.868029363309	64.04204068792627	0.2658375983542598	4101.3829754740045	0.0706696286987607	59.38254424695758	0.0489553877525423	3526.2865612418746	0.0023966299900017	59.94058566391468	50.27841259111972	0.954271	32.68676	0.3244112554991072	0.1552629378183156	-0.0502097329	-0.0469819328	0.0718431962	-0.019102967	-0.0598354943	-0.0294282667	0.0009689057	0.0061404163	-0.0382388006	-0.0649851829	0.0706359525	-0.1358255704	-0.0773060002	-0.0313125578	0.0050382511	-0.0124783897	-0.0340136508	0.0407932285	-0.0876056685	-0.0023887151	-0.0112782264	0.1278551492	-0.0526092753	0.0549324085	-0.0841618615	0.0394104842	0.1414144248	-0.0413897455	-0.0222787117	-0.088862118	0.1756725185	-0.0157255436	0.0859356903	0.0373882231	0.06628086	0.0709545662	0.0298919678	-0.0659342491	-0.0718760516	0.0483925665	0.12552499	0.0027427971	-0.073255423	-0.0231698881	-0.1124991932	0.2735032866	-0.0179683266	0.02535825	0.0273267951	0.0729242981	0.0842743614	0.0227206463	0.0373358237	0.1348829733	-0.113373823	0.1611443952	0.0793555102	-0.0679676576	0.0017933195	-0.0928135816	-0.0181583012	0.0011456855	0.0197748888	0.0511555813	-0.0704164344	0.0552583969	-0.0174894861	-0.0281201079	0.004985724	-0.0828079965	0.0636844514	0.0241747165	-0.1189374555	-0.1049454168	0.1106922827	0.0022590737	-0.0008970067	0.0108525677	0.1277682953	0.0682258451	-0.1013284432	-0.1417999093	0.0478971728	0.0039994771	0.0722072675	-0.0747923205	-0.0245223731	-0.0487290783	0.0935658202	-0.0065559873	-0.0271109115	-0.099486126	-0.0163618637	0.0666062039	0.0293538449	-0.0485120701	0.0877518336	0.1100021409	-0.0871144453	-0.0022220794	0.1161465233	0.0593852072	0.1338397375	-0.0215484368	0.1011192241	0.0488645462	0.0844738398	0.0255552701	0.1679659508	-0.0418967576	0.0456664388	0.0641899724	-0.1343086793	-0.0684066133	-0.0069024844	-0.1351530689	0.0634168657	-0.0357678547	0.024181631	-0.0455291787	-0.0478907807	0.1078496255	-0.1753206198	-0.0024617485	-0.0197711082	-0.0715854358	-0.0253489345	-0.1158155272	0.050354942	-0.0663017337	-0.0172920748	0.0324107996	-0.0746369271	-0.0432414575	0.1724641458	0.0292458732	0.0055630517	0.0325247962	0.0524650503	0.0418638536	-0.1199143785	-0.012133754	-0.1032218959	0.0357652936	0.0950338178	0.0	0.0	-0.2707952842490471	0.0452330748830718	0.0020460310633775	0.0733300859715222	0.1919761472852457	-0.0008375685405609	0.0368548411264863	7.015210601374761e-07	0.2340297819648924	-0.1163371816008193	0.013534339822822	0.054769938846535	-0.0019292732529996	0.0010352200896911	1.0716806341000489e-06	3.7220952847396586e-06	0.0043376809572239	0.0007320028240953	1.881547608666285e-05	5.358281344834948e-07	0.0003516852546817	0.0014728456957067	2.169274443361753e-06	1.236825183605322e-07	0.0	0.0	0.0	0.0	0.0	0.0	0.0	0.0	0.0	0.0	0.0	0.0	0.0	0.0	0.0	0.0	0.0	0.0	0.0	0.0	0.0	0.0	0.0	0.0
59.486383851480326	-0.1111666800919337	0.0123580307626623	3538.62986372566	63.46780653710061	-0.5742341508256672	4028.162466630831	0.3297448599744751	59.36111479362012	-0.0214294533374612	3523.741949541345	0.0004592214703424	59.9250973649323	49.583711445265855	0.955756	32.737644	0.3415937391498796	0.1871273131893557	-0.023973039	-0.0220544125	0.0260471351	0.0081661664	0.0380873853	0.0182290666	0.0232210929	-0.0175481038	0.0252017626	-0.1091363325	0.0266100368	0.0001978462	-0.082291259	-0.0449217798	0.0165810231	-0.0908583485	-0.0264232197	-0.009097891	0.0981926395	-0.0686453203	0.041340547	-0.069591722	0.0893116886	0.0982705641	0.1063898192	0.0512897941	-0.0426451795	-0.0124613424	-0.1227395484	0.066026464	-0.0398308061	-0.0282616351	-0.073044351	0.0295269436	0.0129858564	0.0571122748	0.0871506104	-0.0733638097	-0.0696946271	0.0540174234	-0.0598643457	-0.0338280722	-0.1001344845	-0.0407987676	-0.0422805563	0.0380405102	0.0408683358	0.1087740242	-0.0090180892	-0.0886730575	-0.156779389	-0.0449112865	-0.0738897729	-0.0360100051	-0.0080920525	-0.1432673035	0.0885629011	0.0008907067	-0.0631548058	-0.0082193465	0.0556157402	0.0346318053	0.077159404	-0.002985549	-0.0668948578	0.06479261	-0.0017227572	0.0168519281	0.0456201708	-0.0707772992	-0.0288783519	-0.0309386973	0.142684743	-0.017783032	-0.1367638015	0.0219701359	0.0967967268	-0.0183343314	-0.0031347982	0.0388633017	0.1784068485	-0.0592955866	0.0160885919	-0.036012928	-0.0119672276	0.0129311731	0.0623399494	0.0178933869	-0.0583900278	0.0710648352	-0.0779821353	-0.0782726163	-0.0279864409	0.100729872	0.0884961338	-0.0531173432	0.0672917816	0.0078491562	0.0482268585	-0.2070394592	-0.088615888	0.0301440594	-0.0158437828	0.0921883281	-0.0410362658	-0.0184537828	-0.0642096208	-0.0634108267	-0.0069065356	0.0439300184	0.0893906395	-0.065639805	-0.0218729106	-0.0334900076	0.0412779597	-0.0242744848	0.0495190366	-0.0206363819	0.0084776795	-0.0034694881	-0.0636259631	0.0532148882	0.0395779409	-0.0260473815	0.0644798284	-0.0570429459	0.0956472931	0.1329111564	-0.0594008079	0.1135385193	0.0417060333	-0.0736651926	-0.1276088137	0.0366304558	0.0738889786	0.0794740568	-0.0377779351	-0.1102321826	-0.0775126143	-0.0997922916	-0.0105714673	-0.0139903026	-0.1023067888	0.0409960724	0.091485117	0.0	0.0	-0.3478630856016025	-0.0770678013525554	0.0059394460053169	0.1210087263242678	0.208879694690097	0.0169035474048513	0.0436307268538281	0.000285729914868	0.2426727525523304	0.0086429705874379	7.470094057531814e-05	0.0588900648313245	-0.0019543085971588	-2.503534415919991e-05	6.267684571695851e-10	3.819322092928796e-06	0.002687697003685	-0.0016499839535389	7.223715183617327e-06	2.722447046935859e-06	-0.0027528838437209	-0.0031045690984026	9.638349286756333e-06	7.578369457019555e-06	0.0	0.0	0.0	0.0	0.0	0.0	0.0	0.0	0.0	0.0	0.0	0.0	0.0	0.0	0.0	0.0	0.0	0.0	0.0	0.0	0.0	0.0	0.0	0.0
59.32772110407768	-0.1586627474026443	0.0251738674133553	3519.7784914032245	63.64369718571927	0.1758906486186617	4050.520191467531	0.0309375202714935	59.375746375838034	0.0146315822179161	3525.4792576878435	0.0002140831981996	59.90001666545868	49.0094061614504	0.933895	31.988825	0.2673645532850948	0.1374416942512323	-0.0121153399	0.0062371661	0.0471903249	0.0137548085	0.0256365839	0.0164241925	-0.0193896233	-0.0095005684	-0.0934462912	-0.0749311618	0.0025878009	0.0225203423	-0.0553459042	-0.0543092724	-0.0250078842	-0.0404579072	-0.1026211055	-0.0203883016	0.1025425799	0.0136965084	-0.0785527854	0.1034287469	-0.0504297536	-0.0385103962	0.0595288762	0.0363539713	0.0988486971	0.0611684709	-0.0225121883	0.1403949943	0.0127505069	0.00780066	0.0801700788	-0.0379822634	0.0622720609	0.0049566025	0.1626738371	-0.0159402264	-0.0544872809	0.0796106014	0.0028092662	-0.0301683418	0.2216161992	-0.0652868628	-0.039265544	-0.0312096378	-0.03870197	-0.1142945872	0.0943951454	-0.0337126504	-0.0337898766	-0.0255191073	-0.0833065648	-0.1168517885	0.0198245197	0.1059639419	0.0046008151	0.0465156084	-0.1022638169	-0.0480189657	-0.033211003	0.0551803465	0.1225047546	0.1330113285	-0.0418860581	0.0536259547	-0.0036281327	0.0496269323	0.0712752784	-0.1787651472	-0.0025173061	0.0118915823	-0.0016683688	-0.0771960473	-0.02120499	0.0584111281	-0.0600143582	0.0251515376	-0.0769273393	-0.0283701879	0.0500797738	-0.0538095327	0.0441314719	-0.0246899656	0.0301372076	-0.176015905	0.0355786257	0.0598296629	0.0223103319	0.0172341928	0.0802635352	-0.1120395876	0.0683511632	-0.0292675608	-0.0706453851	0.0414548721	-0.0775534227	-0.0795828563	0.2193375465	-0.0339234213	-0.0071756092	0.0064215176	-0.1264755559	-0.0680976281	-0.0419381203	0.1408380876	0.0893402572	0.0892381192	-0.0664918884	0.0963905948	-0.0240358804	-0.0126501089	-0.0838264557	0.0285201967	0.01947028	-0.0558900309	-0.0179869697	-0.0177252996	0.0256677814	0.1805390899	0.0580111456	-0.0149359845	0.035758849	-0.1048363992	0.0076307706	-0.0412922916	0.1097495358	0.0779627497	0.0104212615	-0.1360413438	-0.0253733596	-0.0277519486	0.0316156581	-0.1119626264	0.0722470006	0.0195136021	-0.0643458253	0.1020196014	-0.0173634333	0.0380865911	-0.0838651814	-0.0158424933	-0.1012642201	0.046111945	0.087480642	0.0	0.0	-0.3203109424364783	0.0275521431651242	0.0007591205929915	0.1025990998445449	0.2301759830412066	0.0212962883511095	0.0529809831689858	0.0004535318975336	0.3147271853059052	0.0720544327535748	0.0051918412794394	0.0990532011705776	-9.41291711065754e-05	0.0018601794260522	3.4602674971079834e-06	8.860300853210948e-09	0.0019996158265565	-0.0006880811771284	3.998463453815235e-06	4.734557063185421e-07	-0.0023719106665959	0.0003809731771249	1.451405616887164e-07	5.625960210311407e-06	0.0	0.0	0.0	0.0	0.0	0.0	0.0	0.0	0.0	0.0	0.0	0.0	0.0	0.0	0.0	0.0	0.0	0.0	0.0	0.0	0.0	0.0	0.0	0.0
59.27845791043013	-0.0492631936475547	0.0024268622483564	3513.9355722386363	63.33796894296687	-0.3057282427524015	4011.6983098202354	0.0934697584164713	59.211104533082285	-0.1646418427557492	3505.954900027597	0.0271069363860088	59.75903303250671	48.540611394185085	0.8840559999999998	30.281687	0.1245426487847137	0.0771730125651554	-0.001645604	-0.0018712507	0.0324899996	-0.0078950122	-0.0530067413	0.0597455703	0.1077238835	0.0175791781	-0.0623632627	-0.0521605201	0.0927946662	0.039419239	-0.0176397731	-0.0244778397	0.0312933968	-0.0106895035	-0.0042029638	0.077643771	-0.0590449138	-0.0129175535	-0.1294417232	-0.0561024351	0.04047929	0.0154687585	-0.0278136652	-0.0400559636	-0.0988201074	0.0474108026	0.0394343469	-0.0744862852	0.0419675291	0.0797004605	-0.135099984	0.0769627254	-0.0351155025	0.0048138021	-0.0169419672	0.0216541461	0.0707992963	0.0409063118	0.049248489	0.013907596	0.0299423347	-0.0151783029	-0.0389713384	-0.0027065301	-0.0605521632	0.1104835088	0.1356642817	-0.0954292188	0.0449778913	-0.0092515211	0.0991668311	0.1611947866	0.051394397	0.1557159578	0.1378532241	0.008652254	-0.0483128076	0.0046604161	0.0919965478	0.0167378487	0.0736319201	0.0038659095	-0.0286454871	0.0363829432	0.0214299743	-0.0193484259	0.0045005588	-0.051459809	-0.0420443731	0.0580615249	0.0051809958	-0.0469080347	-0.0432975142	-0.0756388063	-0.0687310299	-0.0619592258	0.0410888735	-0.0419280863	-0.0574565009	0.0123105108	-0.1408927526	-0.0342010692	-0.087927627	0.0742141893	-0.0526099297	-0.0604170639	0.0224735825	0.0575915145	-0.0907053637	0.0240579568	0.0598424163	0.1233441593	0.0368401085	0.0291269051	0.0152972721	0.0334979428	-0.1178463891	0.035643974	0.0334744203	-0.0750067237	-0.03789412	-0.0604968842	0.1503744999	0.1060674847	0.0151140207	0.065135628	-0.0014012904	0.0371391184	-0.0041082742	-0.0424663577	-0.2045591906	0.0644938858	-0.0190287239	-0.0130332734	0.0253216956	0.0002530033	-0.0088741402	0.0007731465	-0.0556294578	0.00764675	0.0059064198	-0.0166780694	-0.0104556045	-0.056977616	0.1413157275	0.0057639535	-0.0387261479	-0.0671760648	-0.0630259214	0.0085144662	-0.0703618444	0.017374941	0.0377172128	-0.0856259564	0.0298376771	-0.0306060131	0.0186685332	0.0718704351	0.0652534513	-0.0176897492	-0.1000954889	0.0510985726	0.0830403428	0.0	0.0	-0.3278939213431044	-0.0075829789066261	5.750156909833675e-05	0.1075144236537579	0.2233452280893431	-0.0068307549518634	0.0498830909102806	4.665921321240771e-05	0.3146576712182423	-6.951408766292522e-05	4.832208383608852e-09	0.0990094500564874	-0.0009280323784157	-0.0008339032073091	6.953945591604449e-07	8.61244095387901e-07	0.0031790233157482	0.0011794074891917	1.010618924207068e-05	1.39100202556147e-06	-0.0021840333463255	0.0001878773202703	3.529788747198644e-08	4.770001657861762e-06	0.0	0.0	0.0	0.0	0.0	0.0	0.0	0.0	0.0	0.0	0.0	0.0	0.0	0.0	0.0	0.0	0.0	0.0	0.0	0.0	0.0	0.0	0.0	0.0
59.34152282987543	0.0630649194453027	0.0039771840646425	3521.416331768627	62.92924227613084	-0.4087266668360243	3960.089533447973	0.1670574881828864	59.1106838287722	-0.1004207043100819	3494.0729427050715	0.0100843178541329	59.645629201084375	47.61978678075061	0.911752	31.230358	0.1431457793745098	0.0937355942381932	0.049423825	0.0199471918	-0.060981344	0.0426031415	-0.0096234863	-0.0078487911	0.0911773482	0.0274122526	0.0090052381	0.107001723	0.0710137587	0.0379319284	0.0461523142	-0.0358398815	-0.0329204946	0.0656466406	0.0555042041	0.0927803606	0.0004462952	0.0300878296	-0.0076556136	0.0904785058	-0.0385516	0.0072547369	0.0456593396	0.0347687562	0.0317328006	0.0033238709	0.1057533873	0.0018853055	-0.0173535657	0.1164194651	-0.0157345133	0.0129850709	0.0205507242	-0.0583335964	-0.0606305091	0.0767832833	0.0088376251	0.0658402448	-0.0889067518	0.1145111304	-0.0376310124	-0.0310879171	0.021372217	0.0827741877	-0.0357900245	-0.0687667744	-0.0513157051	0.0862963639	0.015516157	0.1139712001	0.1455533979	-0.015088747	-0.057167175	0.1028600615	0.1038901379	-0.0340966068	0.0773084754	0.0398760581	0.0645954216	-0.0002227442	-0.1481514554	-0.1151016338	0.0375872961	0.025154567	0.0227423805	0.0563002661	-0.0798286473	0.0316482649	-0.0181263302	0.0980111728	-0.0501694686	-0.045405492	-0.0281541229	0.0134780963	-0.0654039558	0.0448088368	0.0093024865	0.0827789863	-0.047493451	-0.0440494325	-0.0090042629	-0.0299163515	-0.0070833394	0.0159888848	-0.0473787987	0.026668649	0.007547403	0.067155274	0.1396145352	0.0135367512	-0.0172573666	0.005482371	-0.0487030008	0.1778472361	0.0234559329	0.0998367297	0.0200829247	0.1640595026	-0.0132937966	0.0090610303	-0.0468822817	0.0535820697	-0.0072143751	-0.0069039663	0.0526363749	-0.0356300226	0.0841126066	-0.151604939	-0.0732631671	-0.0162701214	-0.0183744068	0.0385927362	0.1405390117	0.1070850287	-0.0351449275	0.0453835419	-3.75663e-05	0.1784473048	0.0329793349	0.0091754326	-0.0119929236	-0.1456541096	-0.0232384327	-0.0054824388	0.1414204346	-0.0001862448	0.0979626401	-0.0767419941	-0.0253979504	0.139208929	-0.0003926964	-0.1198758378	0.1323267516	0.0156562353	0.002102988	0.0859388546	-0.0591210992	-0.0218013099	0.0311694359	-0.0195314949	-0.0988020511	0.0559419782	0.0781863408	0.0	0.0	-0.3479179667360483	-0.0200240453929438	0.0004009623938986	0.121046911577746	0.2280744655343767	0.0047292374450336	0.0520179618287915	2.2365686811508108e-05	0.4033724245154246	0.0887147532971823	0.0078703074525799	0.1627093128594519	-0.0008308725026668	9.715987574890004e-05	9.440041455541693e-09	6.903491156877916e-07	0.0027639491984998	-0.0004150741172484	7.639415171887686e-06	1.7228652280953877e-07	-0.0022653542181152	-8.132087178970007e-05	6.613084188636836e-09	5.13182973353233e-06	0.0	0.0	0.0	0.0	0.0	0.0	0.0	0.0	0.0	0.0	0.0	0.0	0.0	0.0	0.0	0.0	0.0	0.0	0.0	0.0	0.0	0.0	0.0	0.0
59.39786628526336	0.0563434553879318	0.0031745849650518	3528.106519242026	63.39470031413626	0.4654580380054156	4018.888027919148	0.2166511851438509	59.16683024323922	0.0561464144670154	3500.713801032287	0.0031524198575018	59.68467625454068	48.09303802902407	0.915493	31.358511	0.2577776119349616	0.1322512899805036	0.0574944401	0.0215906919	-0.0064507489	0.054543864	0.0260658623	0.0213773018	0.0548377038	0.0551814657	0.0021561353	0.0382430025	0.0179303958	0.0033919147	0.0082539603	-0.0463227524	0.0073180654	-0.0038973836	-0.0353382734	-0.0142225243	0.0063879659	-0.0381824698	-0.0114013245	0.1069663441	-0.1070159773	0.0083061249	0.0837771096	0.0044791204	-0.1567236539	-0.0312396056	-0.0034410233	0.0758185524	0.151143315	0.0765896718	-0.225470746	0.0761935166	-0.0344769357	-0.0211710735	-0.1296420455	0.0215571244	-0.0483856962	0.0567976229	0.0652692393	0.0668809804	0.0755686477	0.0340987313	0.0820590149	-0.0423445161	-0.1779145277	0.0076324462	0.1083466503	0.1217081484	-0.0039746028	0.0719097334	0.0092752292	-0.0607528863	-0.1521575994	-0.1305952621	0.0141103308	0.0349914246	0.0467478791	0.0068144779	-0.0340038509	-0.0271679017	-0.052390135	0.0443207706	9.23193e-05	0.0388013806	0.0239338515	-0.000745798	-0.0178289434	0.011690362	-0.0372363826	0.0760634115	0.024037962	-0.0990716427	0.0737249617	0.0887620722	-0.0447783441	0.1048990402	0.0812131388	0.1244346711	0.0228695821	-0.0603623473	-0.1698369704	-0.072496421	-0.142446335	0.0466551448	-0.0774393604	0.0348074147	-0.0643198584	-0.1397658742	0.037308679	0.1146876653	-0.0400951748	0.1479132332	-0.1481818336	0.0239535674	-0.0068562808	0.0582937986	0.0477081278	0.0456498572	-0.0208763422	-0.1586705993	0.0398636212	-0.1403391537	0.0190139775	-0.0165718812	0.0200539482	0.0594302093	-0.0784392098	-0.0388120818	0.1042857016	0.0377350869	0.0831605105	-0.0222449188	0.0681073777	-0.0024011929	0.0311649915	0.0567127842	-0.0381936923	0.0110848422	-0.0649649615	0.1057391061	-0.0745041746	0.0290243941	-0.0087475107	-0.0179161029	0.1135457259	-0.0682615149	0.0322568409	-0.1079327022	0.0935616951	-0.0114622692	0.0489852877	-0.0621413501	0.0067153947	-0.0888220453	0.0462800563	0.0682491979	0.0030492858	-0.1262800081	-0.0037217647	-0.0213671566	-0.0973855183	0.0606285865	0.0729428184	0.0	0.0	-0.3175703606941766	0.0303476060418717	0.0009209771924726	0.1008509339914294	0.2121816184192937	-0.015892847115083	0.0450210391950307	0.0002525825894234	0.4093593581559815	0.0059869336405569	3.584337441643205e-05	0.1675750841098771	-0.0026570314888678	-0.001826158986201	3.334856642882665e-06	7.059816332835039e-06	0.0043751396379905	0.0016111904394907	1.9141846851915644e-05	2.5959346323062357e-06	-0.0015916991410579	0.0006736550770573	4.538111628450771e-07	2.5335061556444565e-06	0.0	0.0	0.0	0.0	0.0	0.0	0.0	0.0	0.0	0.0	0.0	0.0	0.0	0.0	0.0	0.0	0.0	0.0	0.0	0.0	0.0	0.0	0.0	0.0
59.34751626764293	-0.0503500176204312	0.0025351242743777	3522.1276871381424	63.350609272084334	-0.0440910420519244	4013.2996951442974	0.0019440199892245	59.25832652469996	0.091496281460742	3511.5492625079587	0.0083715695211433	59.74138619154692	47.65206465489809	0.914035	31.308565	0.3108231042716962	0.1538189412278021	0.1270878691	0.0019261326	-0.0852276765	0.1187062694	0.0278922993	-0.0181202961	0.0309280569	-0.0585637434	-0.0120931507	0.0016224755	0.0228580099	-0.0633554887	0.0606364444	-0.1423909402	-0.0138636793	-0.011979051	-0.0115179413	0.0680544657	0.0080023687	0.0927946628	-0.0454791655	0.0889898806	0.1134093231	0.0321075001	-0.0853778377	0.0089141203	0.0230726848	-0.0445275268	0.0892117548	0.0222250117	-0.1006497931	0.1143878508	-0.018619256	0.0069720736	-0.0269174462	-0.0282417572	0.0815265828	-0.0268979086	-0.0882182293	-0.0136020414	0.0118571955	-0.015195656	-0.0277533517	0.0542328725	-0.0056798428	0.0730079112	0.1514219085	-0.0004349272	-0.0568777169	0.0075907552	-0.0491094797	-0.0596512236	-0.0183225013	-0.0274654159	-0.0252562307	-0.0695268962	-0.0450183142	-0.0337129192	0.07471137	-0.0275457203	0.0021999202	-0.0288600564	0.0361043769	0.2247935142	0.0812060759	0.1184848952	-0.0148272193	0.0251485216	-0.0077593315	-0.0735193711	0.017635177	0.0283220416	-0.0097431879	-0.0254617765	-0.0500378723	-0.0893721073	-0.0385159696	0.0186673627	0.0548640616	0.0416710385	-0.1119593205	0.0747269707	0.1046161961	0.0608236247	-0.0350826235	0.0281239101	-0.0867875169	0.0032987763	-0.0659634579	0.0309634535	0.029225394	0.0297941573	0.0865071976	-0.0370214827	-0.034033819	-0.0339547269	0.0203302347	0.0133842494	0.0649897603	-0.0271660249	-0.0221341137	0.1007809494	0.0668893093	0.0824888618	-0.0181754212	0.018598356	-0.0025333175	-0.0320925436	0.0894054525	-0.001784821	-0.0190256104	-0.0127941327	-0.0891434983	0.0886477248	-0.0487350766	-0.0131817978	0.1643519238	0.1427544068	-0.0060130441	-0.0389895576	0.0071519681	0.0423434345	-0.027593822	-0.0171606	0.0781565312	0.039200919	0.1022030227	-0.0312806959	0.042094139	0.0317843586	0.0704967632	0.0216830054	0.0049879245	0.0198623233	0.011118589	0.0741856753	0.0011553602	0.0282426558	-0.0360225999	0.0315117803	-0.0124329934	-0.0231961626	-0.0958476552	0.0651452616	0.0673358985	0.0	0.0	-0.3694239388210292	-0.0518535781268525	0.0026887935645576	0.1364740465740435	0.2403735159264357	0.0281918975071419	0.0577794271588364	0.0007947830850531	0.5385847815278382	0.1292254233718566	0.0166992100456356	0.2900735668933892	-0.0038128902885334	-0.0011558587996655	1.3360095647644012e-06	1.4538132352392316e-05	0.0046107923134459	0.0002356526754554	2.12594057577318e-05	5.5532183449288185e-08	-0.0022312317712538	-0.0006395326301959	4.09001985085286e-07	4.978395217052371e-06	0.0	0.0	0.0	0.0	0.0	0.0	0.0	0.0	0.0	0.0	0.0	0.0	0.0	0.0	0.0	0.0	0.0	0.0	0.0	0.0	0.0	0.0	0.0	0.0
59.22366172077211	-0.1238545468708238	0.0153399487805771	3507.442107616447	62.80657546570961	-0.5440338063747276	3944.665921729876	0.2959727824785746	59.26707380974077	0.0087472850408119	3512.5860379692604	7.651499558521169e-05	59.79005301296711	47.998708699181954	0.892961	30.5867	0.200455253218521	0.1290302527577508	0.0750705647	-0.0356256959	-0.0635094234	0.026203217	-0.0614876302	0.063050791	0.0580945233	0.0500399651	-0.0164633779	-0.1125302387	0.0686699989	-0.1523900283	0.0106103597	-0.0907832184	-0.002618672	-0.0488576287	-0.0548546423	0.2012791343	-0.0999872982	-0.0154991795	0.0662360247	0.0820631145	0.0761173772	-0.0476167187	-0.0332213192	-0.0451367065	0.1189383942	-0.0146092363	-0.1152583514	0.0014217495	0.02187164	-0.0105839426	-0.0014674315	0.1185488799	0.0353739628	0.119772122	0.0561118032	0.0118755085	-0.0213971333	-0.0243968714	-0.0773933105	0.0497499355	-0.0092009083	-0.0341256019	0.00787016	-0.0622549284	0.0411172964	-0.059529949	0.1202168033	-0.0389064106	0.0662377801	-0.0846366653	0.0281508612	-0.0651143242	0.0932326476	-0.0698614169	0.1567894451	0.0401193675	-0.0436944655	-0.0262129653	0.0872461611	-0.0342887293	0.0220913294	-0.0462617025	0.0276786988	0.0844553371	-0.0388489779	-0.015047788	0.0156572169	-0.0811566762	0.0276346519	0.1658112595	-0.1532409335	-0.0616041426	-0.042767977	-0.018495982	0.0818323808	-0.074941644	0.1025185634	0.0307346411	0.0493688327	-0.0351950384	-0.023264202	0.120550216	0.0159571597	0.0239517459	0.0165695763	-0.0037787662	0.1211621163	0.0300748465	-0.0121161977	0.0253804269	0.0906522079	-0.0249672845	0.0322643787	-0.0070813396	0.0088462221	-0.04990964	0.0002338008	-0.0492818941	-0.1117575507	0.024386359	0.0104195003	-0.0185483711	0.0488507933	0.0567369208	-0.0046390353	-0.1133340281	-0.0454135236	0.052276015	0.0216781911	0.0895062986	-0.0072433188	0.0220641481	-0.0797958987	-0.1376559156	-0.0814305108	0.0869658622	0.0289975586	-0.0346021821	-0.0652948333	0.0748360489	-0.012535464	0.0319079006	-0.0041467277	0.0115712661	0.1259650256	-0.0023529959	0.0363698406	-0.0663777219	-1.04261e-05	0.0781687241	0.0010001833	0.0415711072	0.062287643	0.0727517057	0.0084238479	-0.007060911	-0.0076524916	-0.0102138974	0.0467988701	-0.0250179432	-0.0941903779	0.0694793439	0.0613935146	0.0	0.0	-0.3614828231325049	0.0079411156885242	6.306131837852664e-05	0.1306698314198458	0.2298327474726704	-0.0105407684537652	0.0528230918108362	0.0001111077995958	0.4148424057882067	-0.1237423757396314	0.0153121755536881	0.1720942216401471	-0.0031069542963312	0.0007059359922022	4.983456250865048e-07	9.6531649994909e-06	0.0042223827876	-0.0003884095258458	1.7828516405020748e-05	1.5086195976783682e-07	-0.0021609574225699	7.027434868390027e-05	4.938484082946396e-09	4.669736982159945e-06	0.0	0.0	0.0	0.0	0.0	0.0	0.0	0.0	0.0	0.0	0.0	0.0	0.0	0.0	0.0	0.0	0.0	0.0	0.0	0.0	0.0	0.0	0.0	0.0
59.32163465766429	0.0979729368921837	0.0095986963632798	3519.056338457397	63.155409883945545	0.3488344182359384	3988.605797609167	0.1216854513460056	59.18345804425552	-0.0836157654852556	3502.681706076153	0.0069915962376852	59.733614571392536	48.72499820921886	0.850035	29.116343	0.1556164796629026	0.0752126869580177	0.030396423	-0.044298317	-0.008465132	-0.005229903	-0.1035465145	0.0202692513	0.1003943409	-0.0027362282	-0.1323351248	-0.0851305883	0.048364393	0.0485897106	0.0073642985	-0.0381213247	0.0113032514	0.0227136861	0.001827406	0.0764418527	-0.0852751077	-0.0103397331	-0.0863780461	-0.0853339163	0.1346875126	0.0367878459	0.099981547	-0.1172556169	0.0444795705	0.0158477312	0.0315005838	-0.0865987353	0.0500024178	-0.0027246217	-0.0328288103	-0.0512291837	-0.0921484767	-0.0453504537	0.0860666896	0.0764412733	-0.0023505299	-0.0766508368	0.093986588	-0.0362114164	-0.0396915096	0.0062362468	-0.101237699	-0.0811055735	-0.059456548	-0.1210699809	-0.0665615348	-0.0492117535	-0.0256048667	-0.0354105624	-0.0736071792	-0.0372984179	-0.0753464368	0.0414409577	-0.0794540577	-0.0225637188	0.0790223145	0.2239548846	0.0083777749	-0.0149780059	-0.0876551115	-0.0931630742	-0.0026989215	0.0460909321	0.0134880958	-0.0075474867	0.0051904367	0.007007029	-0.1024602449	0.093124945	-0.0375182803	0.1111990462	-0.0847591358	-0.1543628806	0.0195622703	0.0090213809	0.0287457277	-0.0770773187	-0.0817368355	-0.0198261894	-0.0466685151	-0.0193066765	0.1265420003	0.0495872941	-0.0057003954	-0.017286828	0.0362423901	0.0491308137	-0.0505427766	0.032351492	-0.0099253261	-0.0136279652	-0.0665429325	0.0387333338	-0.0984535566	0.0293205174	-0.0332264884	-0.0442277329	-0.0414236518	-0.0598278341	0.02828568	0.0730102618	-0.0752644317	0.0456659543	0.0452129445	0.0161685115	-0.0520761047	0.1340509915	-0.0089238868	0.0271019463	0.0674489722	0.0292393407	0.1289701561	0.0612287715	-0.0622690457	0.0385827164	0.0256232593	-0.0246677328	-0.0889057944	0.0668005136	0.0103042026	0.040990429	-0.0262001397	-0.0688657903	0.1245015095	-0.0222121759	-0.0357646796	-0.0665232595	-0.0162647017	0.1082111671	-0.003545968	0.05976618	-0.009728322	-0.0164773515	-0.0339370766	-0.0444557875	-0.0725498391	0.0357319498	0.0916635403	-0.0268319309	-0.0924157511	0.0736186857	0.0551452713	0.0	0.0	-0.371061903719891	-0.0095790805873861	9.175878489963728e-05	0.1376869363922296	0.2149299111032832	-0.0149028363693872	0.0461948666868652	0.0002220945318527	0.3512310468130124	-0.0636113589751942	0.004046404990671	0.1233632482453645	-0.0025449601834526	0.0005619941128785	3.158373829102044e-07	6.476822335359092e-06	0.0036449980979718	-0.0005773846896282	1.3286011134218038e-05	3.333730798170532e-07	-0.001949872150458	0.0002110852721118	4.4556992102554796e-08	3.802001403131706e-06	0.0	0.0	0.0	0.0	0.0	0.0	0.0	0.0	0.0	0.0	0.0	0.0	0.0	0.0	0.0	0.0	0.0	0.0	0.0	0.0	0.0	0.0	0.0	0.0
59.53766195759287	0.2160272999285766	0.0466677943144311	3544.733191376601	62.937218255185066	-0.2181916287604792	3961.0934417008	0.0476075868611508	59.19218926458532	0.0087312203298068	3503.71526993449	7.62342084476331e-05	59.71606539040804	48.869661042813824	0.8485899999999998	29.066858	0.0791450203860238	0.0544621414020364	0.0256103442	-0.0272600245	-0.0608045879	-0.0084634603	-0.0040734023	0.0186253442	0.1355123052	0.0210297331	0.0271014147	-0.0277474386	0.0025470404	-0.005721708	-0.008606627	-0.0234190385	-0.0142816651	0.0911069155	0.1153886961	0.0425712695	0.1128313532	-0.0718017476	0.0557686122	-0.0034326614	0.0794554368	-0.0280574912	-0.0174279108	0.068178527	-0.0455190455	-0.0409793977	0.0504457956	-0.0564800196	0.040406632	0.1216841412	-0.0287313078	-0.0986428106	0.1093593709	-0.0091891459	0.0218797978	0.0129836901	-0.0545913417	0.0098115228	0.0082841321	0.0684692521	0.045690329	0.0851237119	-0.1850409675	-0.0750702366	0.0030229275	-0.0591408129	0.0236358562	-0.032858571	-0.1099705825	0.0727852929	-0.0502321253	0.0346296974	-0.1380034477	0.0516440957	0.0313616138	0.0374414454	0.0045823114	0.0779949309	0.037124422	0.010049232	0.0633094226	-0.0170196031	-0.0064106612	0.0212144739	0.0241416477	0.0399805588	-0.0799782763	0.1004855179	-0.0384232009	0.0233747422	0.000458347	-0.0555035053	-0.1407699256	0.0853305018	0.0462817573	-0.0550785566	0.1038908407	-0.0131052537	-0.0533208182	0.0027823573	-0.0041906025	-0.0621740648	-0.0412118838	-0.0581908161	-0.1069281074	0.1090071168	-0.1162713764	0.0802051353	0.0665085552	-0.0270222162	-0.0119151084	-0.0447254081	-0.0680815796	0.0459949303	0.0705886275	-0.0140530608	-0.1180173398	-0.0769962157	0.1089026361	-0.1273048812	-0.048952507	-0.0104720997	-0.0906300303	-0.0223164662	0.0292215422	0.0139457888	0.0512012893	0.0232282047	0.0311970102	-0.0085648747	-0.0653144129	-0.0352379079	0.0319149223	0.0477475296	-0.1355645444	0.0307244896	0.0112577137	-0.0190677543	-0.0890987444	0.0249242306	-0.0067252326	-0.0035472747	0.0142172385	-0.0140156248	0.0265660876	-0.0396992106	0.0405590065	-0.0890685028	0.0446288767	0.0672097384	0.0933407993	-0.0049350553	0.02411236	-0.0788804864	-0.0593573987	-0.100496723	-0.1207585188	0.0242631871	0.0401584743	-0.0286375605	-0.0905259858	0.0775516848	0.048622297	0.0	0.0	-0.356275341071921	0.01478656264797	0.0002186424349423	0.1269321186559136	0.2119880459268017	-0.0029418651764814	0.0449389316158637	8.654570716594434e-06	0.3418817350697551	-0.0093493117432573	8.740963007260915e-05	0.1168831207743062	-0.0015279717589422	0.0010169884245104	1.0342654555881455e-06	2.334697696124921e-06	0.0036240083593142	-2.0989738657599836e-05	1.31334365883792e-05	4.4056912891434086e-10	-0.0019532396036563	-3.367453198300065e-06	1.1339741042741336e-11	3.81514494929142e-06	0.0	0.0	0.0	0.0	0.0	0.0	0.0	0.0	0.0	0.0	0.0	0.0	0.0	0.0	0.0	0.0	0.0	0.0	0.0	0.0	0.0	0.0	0.0	0.0
59.59962874040856	0.0619667828156949	0.0038398821725275	3552.1157459945343	63.48386463205865	0.5466463768735821	4030.2010686215463	0.2988222613490143	59.16946804499482	-0.0227212195905011	3501.0259487276635	0.0005162538196797	59.69803995490074	48.26045614139248	0.897024	30.725878	0.1137062084926204	0.0800225387023921	0.0552002522	0.0341311441	-0.0183092351	0.0727103857	-0.0133062646	-0.01263745	0.02526659	0.019740525	-0.07603364	-0.0601654946	0.049371347	0.0852038959	0.0279651012	-0.0291889311	0.0227345286	0.0566700479	0.0428284799	-0.0225948641	0.0775788938	-0.087542736	0.005265323	0.010761436	0.0378647756	-0.120689164	0.0019926166	-0.0290164185	-0.0236362166	-0.006162686	0.0332842367	-0.0604822448	0.0521916414	-0.0194308149	0.0230728626	0.0216403857	0.0188593696	0.037593659	0.0080630056	-0.0280787409	-0.0811029678	0.0617557058	0.0137904575	0.0061002648	-0.0709127089	-0.1676517443	0.0341119739	0.0539082686	-0.0013775555	0.0070850852	-0.0282013297	0.0016318483	-0.0335991555	-0.0602394091	-0.0442875552	0.0498086475	0.0214073284	-0.0246446199	0.0264738465	-0.0204052631	-0.0612304505	0.0759302007	-0.0411261457	0.0132666778	-0.0840998236	0.0538505245	0.0216877859	0.0305855039	0.0289773616	0.0098758228	-0.0693514587	0.0206839774	-0.0386420411	0.0225139761	0.0173083497	-0.010344434	-0.0103432072	0.1262902756	0.0622428191	0.0344885229	0.0485535158	-0.0863673302	-0.0673365188	-0.0150866265	-0.04854847	0.0023906243	0.0858733377	0.0059978181	0.0664796407	-0.0396164825	-0.0312319048	0.0089125029	0.0016780404	-0.0621222339	-0.0767029222	0.019795913	-0.0156368295	-0.0213019385	0.0078661518	0.0442829459	0.0283864336	-0.0221021771	-0.1038099811	0.0619827424	0.0274342626	0.0004111528	-0.0325096076	0.098495531	-0.0688639512	0.0047843982	-0.0239535608	-0.0490538108	-0.0211085589	0.0050723929	-0.051085769	-0.0937346473	0.0018414631	0.0659618459	-0.0367492753	0.0598874132	-0.0747959933	0.0141628711	-0.1006162111	0.0629974475	-0.0297392829	0.0307176046	0.0187022007	-0.0554830159	0.0268232837	0.0279416572	-0.0669484004	0.0678285997	0.0372018019	0.0732556219	0.0085760796	-0.0526010407	-0.0221984897	-0.0722543681	-0.0247445726	0.0352738051	-0.0704350205	0.0060730844	0.0114859358	-0.0304342698	-0.0885234364	0.0812673177	0.0418570888	0.0	0.0	-0.3493815596642804	0.0068937814076405	4.752422209633088e-05	0.1220674742334451	0.2362224560994548	0.024234410172653	0.0558010487656588	0.0005873066364163	0.4181464497427569	0.0762647146730017	0.0058163067041543	0.1748464534324719	-0.0016289391487236	-0.0001009673897814	1.019441379926917e-08	2.653442750244367e-06	0.0036491037467969	2.5095387482699724e-05	1.3315958154887174e-05	6.29778472906842e-10	-0.0019530363361339	2.03267522400118e-07	4.131768566268247e-14	3.814350930259328e-06	0.0	0.0	0.0	0.0	0.0	0.0	0.0	0.0	0.0	0.0	0.0	0.0	0.0	0.0	0.0	0.0	0.0	0.0	0.0	0.0	0.0	0.0	0.0	0.0
59.55480794977778	-0.04482079063078	0.0020089032727682	3546.7751499349147	62.84579162394747	-0.6380730081111778	3949.593524840626	0.4071371636800472	59.28574505658217	0.1162770115873499	3514.7995669140573	0.0135203434236847	59.790840450674295	50.71334947082147	1.177195	40.322613	0.3826407680249985	0.1876548924852893	-0.0172998411	-0.1471291307	-0.0960937282	-0.151674385	-0.0163110398	-0.0423480138	0.035469181	0.0359974135	0.0973680925	-0.1289864386	0.0396613034	0.0095225322	-0.0218283684	-0.0244753966	-0.0423503975	-0.1007869357	0.0589039806	0.1824421141	-0.0191649848	0.0005500158	0.0463897002	0.15893545	0.0776602263	-0.11744795	0.1753030275	-0.0247456863	-0.1056558624	-0.0282277031	0.019705371	-0.0305482542	0.0037634037	0.0048480317	0.085491665	-0.0177567513	-0.0323539759	-0.005929192	-0.0549740883	0.0741172008	-0.033232448	0.0140275205	-0.0279800386	-0.1534784403	0.0380726631	0.0189598578	-0.1118994346	0.0377623635	0.0411827039	0.0001993279	0.0774694117	-0.0547380361	0.0493034819	0.0742712477	-0.0094240715	0.0946641035	0.0091888706	-0.0366829615	-0.0189152179	0.0494847061	-0.0876109377	-0.096875497	-0.0811739883	-0.006540054	-0.0735924231	0.0351656188	-0.0128336619	-0.0128523372	-0.1478041365	-0.0333024186	-0.0111570818	0.0176332809	0.1221111268	0.225352455	0.041135696	-0.0231386897	-0.1129460446	0.0108560776	-0.122122824	-0.0313868772	0.0585575568	-0.0367890322	0.1442105195	-0.0522772953	0.0376491881	0.0396061823	0.0611946115	0.0004036937	0.0592190951	-0.0551487366	-0.0421465169	0.0573177877	0.0243586711	0.0930362826	-0.0088128458	-0.1466032731	0.0300010793	-0.0185693254	-0.0096785476	-0.0345485165	-0.0016949077	0.0031084652	0.140659633	-0.0712960055	-0.0075390163	-0.1085640267	0.0004887447	0.0299731776	-0.0774941849	-0.0261156027	0.0377128764	-0.0087248808	0.0903733178	-0.0273865924	0.0151191511	-0.1281328422	0.0159375351	-0.0155536108	0.0620311462	-0.0214496084	0.1078826537	-0.0201381394	-0.0334235552	-0.0802166675	0.0722417602	0.0706247316	-0.0139025919	0.0649624048	-0.0543512316	-0.1053204319	-0.1484781125	-0.1130995043	0.1167176798	0.0493485333	-0.0756340862	-0.0479381453	0.0950864772	-0.1447876623	-0.044562662	-0.0562741448	-0.0632104801	0.0081872793	0.0062319507	-0.032221499	-0.0864105979	0.0847551701	0.0348833508	0.0	0.0	-0.3342925072948901	0.0150890523693903	0.0002276795014062	0.1117514804335041	0.216417369241725	-0.0198050868577298	0.0468364777095091	0.0003922414654422	0.2837104202204585	-0.1344360295222983	0.0180730460337202	0.0804916025416691	0.0001351703539238	0.0017641095026474	3.112082337330857e-06	1.827102457988536e-08	0.0017999139269897	-0.0018491898198071	3.2396901445714837e-06	3.419502989678584e-06	-0.0013001236730769	0.000652912663057	4.262949455801836e-07	1.69032156529497e-06	0.0	0.0	0.0	0.0	0.0	0.0	0.0	0.0	0.0	0.0	0.0	0.0	0.0	0.0	0.0	0.0	0.0	0.0	0.0	0.0	0.0	0.0	0.0	0.0
59.38372924126773	-0.171078708510052	0.0292679245054673	3526.427298600196	63.633693659559206	0.7879020356117366	4049.246968758626	0.6207896177211182	59.210966712752096	-0.0747783438300757	3505.9385790586366	0.005591800705969	59.71555374786258	47.52179615041025	1.266201	43.371346	0.4332297156737822	0.2290238914119753	0.0817132475	0.0886772787	-0.0556743668	0.1923284562	0.0692351972	-0.0249911935	0.0632931907	0.0128699691	0.1885602109	-0.1589623084	-0.0053264658	-0.059060474	0.0586719812	-0.1084730572	-0.0017427338	-0.0309314785	-0.0948369063	-0.0237914744	0.2045289386	-0.0516380085	0.1127129729	0.1302561489	0.024635278	0.0536586782	0.0995372206	-0.0346997003	0.0562443288	-0.1233063651	-0.046007615	0.0727605522	-0.0999173085	-0.1220636078	-0.0048855011	-0.0078722656	0.0673814199	0.0119239044	-0.1285969712	-0.0108655564	0.1622654217	0.094842401	0.0817164225	-0.1088390654	0.0115290615	0.0185435881	0.0593002393	-0.0556422135	0.0019658888	0.0892663931	-0.0258570466	0.0264576171	0.0662744392	-0.0526589087	-0.0486426521	0.0525306114	0.1306071073	0.0572539778	0.0273348481	-0.0475675218	0.0093749058	0.0312373109	-0.003903797	-0.0271858761	0.0121852065	-0.1091102232	0.0836358583	0.1028621705	0.0801412427	0.0993092177	-0.0426963145	-0.1902332716	0.075322917	0.0644725345	0.1607404374	0.0302746206	0.0163395776	0.0941189441	0.0340585139	0.1189470506	-0.0645367469	0.018905691	0.165873796	0.0304721888	0.0948847504	0.1327346283	0.0312249741	-0.0040303659	0.0583664292	-0.0845828315	0.0596504245	-0.0122569835	0.0925227298	0.0645489968	-0.0703249212	0.0546154289	0.0693091104	-0.0648473265	0.0539242204	0.0565549044	-0.0758101273	-0.0067143073	0.0646988247	-0.081262211	0.0150749515	0.0043691587	0.0617028367	-0.013633039	-0.0854584158	0.0486349526	-0.0157766318	0.0337078183	-0.0632769426	0.1072831894	0.0223752277	0.1068019508	-0.0339428892	-0.0408768247	0.0538505707	0.0904984918	-0.0913125764	0.0140018709	-0.0587675611	-0.1266987069	0.0155615893	-0.103710512	0.1667272345	0.1100732716	-0.0084203751	0.0607146959	-0.0853355027	0.0227106298	-0.0228094189	0.1060777732	0.0065260078	-0.0825371543	0.1216865002	0.0920350977	0.0392045215	0.030085427	0.1133351062	0.0066674208	0.0514856453	-0.0339986915	-0.0841901024	0.0880054659	0.0277358257	0.0	0.0	-0.3726672301172158	-0.0383747228223257	0.0014726193516903	0.1388808644032378	0.2716014378590756	0.0551840686173505	0.0737673410471173	0.0030452814291644	0.4803615964193994	0.1966511761989409	0.0386716851004269	0.2307472633145939	0.000448885310408	0.0003137149564842	9.841707392188349e-08	2.0149802190008653e-07	0.0032759739602625	0.0014760600332727	1.0732005388317967e-05	2.178753221825299e-06	-0.0023707436440232	-0.0010706199709463	1.1462271221890563e-06	5.620425425676401e-06	0.0	0.0	0.0	0.0	0.0	0.0	0.0	0.0	0.0	0.0	0.0	0.0	0.0	0.0	0.0	0.0	0.0	0.0	0.0	0.0	0.0	0.0	0.0	0.0
59.14982890510434	-0.2339003361633871	0.0547093672573455	3498.702259503117	63.20464995059561	-0.4290437089635972	3994.8277753773255	0.1840785042012399	59.12666207587935	-0.0843046368727442	3495.962168235229	0.0071072717982452	59.61260977014899	46.938046602747896	0.921462	31.56296	0.1329106695560789	0.068772789635391	0.1062345103	0.0644239562	-0.0692749564	0.0537458621	-0.0127967953	-0.0202493043	-0.0133461658	-0.0280449587	-0.0102634509	-0.0911502059	0.0549476851	0.0672689812	0.0748430212	-0.0895124904	-0.0182438162	-0.075882688	-0.0962444889	0.0014139006	0.0179404521	0.0482595056	0.0358240661	0.0959813959	0.0399943074	0.0171739141	0.052566465	-0.1046027167	-0.035573556	0.0045329833	0.0091072402	0.1467297308	-0.0262048401	0.0198827859	-0.2062662694	0.0044528023	0.0622381246	-0.0405074195	-0.0511431561	0.0726711932	0.0126494147	-0.006966815	0.0471262802	-0.0810916996	-0.0160648325	-0.0036370276	-0.0676741355	-0.1453334609	0.0009535911	-0.0397781657	0.1365538635	-0.0027698038	-0.027190588	0.0926493749	-0.0423307682	0.0707747736	-0.0488755704	-0.0769205504	-0.0665820971	-0.0697649995	0.0181419168	0.0676299763	0.0096866805	-0.0519630645	-0.0476833893	0.0760251407	0.0952294178	0.0723829382	-0.038821638	-0.0038294794	0.0813215412	-0.1274572757	0.0173025871	0.0770885601	0.0025131753	0.0142356511	-0.0067839929	-0.0578319019	0.0737020458	0.1677817678	0.0376796093	0.0101592133	0.1150562926	0.0522994574	-0.0295173134	-0.0180719319	-0.0824800759	-0.0290503509	-0.0199565533	0.0966191856	-0.0329831211	0.0633697391	-0.0146372118	0.0959916374	0.0772489562	0.0159243286	-0.1256569311	0.0347999914	-0.0576058846	0.0220306867	0.0474313565	-0.1327232299	0.0139139995	-0.1646827157	0.0265674695	-0.0431364512	0.0347965933	-0.082804818	-0.0382186793	0.0090710109	-0.1041611792	0.0157540363	0.0270102014	-0.01173503	0.0880343965	0.0056217967	0.0018867558	0.1474076542	0.0568219447	0.1151668052	-0.0894823853	0.0274295175	-0.0430103039	-0.0866884961	0.03575998	-0.0211233641	0.0043230648	0.0217057893	0.0243997075	-0.0078455177	-0.0789357977	-0.1066994427	-0.0801942442	0.0737196012	0.0139378279	-0.0798477626	0.0673589132	-0.1027321189	-0.00503453	0.2023655205	0.1266381362	-0.1210320574	0.0419847993	-0.0357652936	-0.0818647166	0.0910090951	0.020450122	0.0	0.0	-0.3729506763835104	-0.0002834462662946	8.03417858763595e-08	0.1390922070149179	0.2995749639560756	0.0279735260969999	0.0897451590292839	0.0007825181622995	0.5320593273691188	0.0516977309497193	0.0026726553853495	0.283087127840479	0.000800906095442	0.0003520207850339	1.2391863309595362e-07	6.4145057371615e-07	0.0030678673926425	-0.00020810656762	9.41181033883909e-06	4.330834348657765e-08	-0.0028697356162305	-0.0004989919722073	2.4899298832733106e-07	8.235382507061849e-06	0.0	0.0	0.0	0.0	0.0	0.0	0.0	0.0	0.0	0.0	0.0	0.0	0.0	0.0	0.0	0.0	0.0	0.0	0.0	0.0	0.0	0.0	0.0	0.0
58.9108787799926	-0.2389501251117423	0.0570971622909173	3470.4916386309824	62.967328452049415	-0.2373214985461942	3964.884452388272	0.0563214936722112	58.74787496225215	-0.3787871136272045	3451.312812580413	0.1434796774500287	59.27571025565267	41.53088959624381	1.862393	63.792789	1.6712356856223245	0.9561569279967852	0.329414254	0.2390617576	-0.1222758687	0.1735506349	-0.003625462	-0.005634657	-0.1499240567	-0.5892998695	0.1411435987	0.1498984187	0.0288127943	0.0646809847	0.3498428319	-0.3022638232	0.0051144188	0.0030870708	-0.1894602119	-0.1364619086	-0.1873739479	0.0073875521	0.0334467017	-0.088147154	0.1637401834	0.0199100207	-0.016293245	0.0619146488	-0.1732148755	0.0326985567	0.0378354064	0.0224350994	-0.0714699084	-0.0072466335	0.0266013166	-0.0266387603	-0.0838161438	0.0356787406	0.1157351808	-0.0038649662	-0.1666057408	0.045683777	-0.034688951	-0.0278240775	0.0622326882	0.0267502606	-0.0453764657	0.0030404349	-0.0571732736	0.0264397101	-0.025276953	-0.0590032872	0.0274043428	0.1042257114	0.0547292363	0.011847912	0.1563430536	0.0169524193	0.0330009194	-0.0209927659	0.1627663399	-0.0463254601	0.008833911	0.0301807492	0.1341861782	-0.0215992777	0.3096392699	0.2814767188	0.0809754836	0.0440865682	0.4013478769	0.3151807069	0.0775219235	0.0361362178	0.1628251242	-0.0235950463	-0.0573627564	-0.0849900351	-0.0599649629	-0.0741695127	-0.0322705812	-0.0322932381	-0.0187567549	0.0585783351	0.0287728268	0.004790811	-0.113746348	-0.0040706672	0.072483545	0.0442401686	0.0261302975	-0.0108994062	-0.1034753139	-0.1007257715	0.030898585	0.0177448076	-0.0871046457	-0.0046023915	-0.0198692516	-0.0633528362	0.0203649782	0.0604728618	0.0018944409	0.0265488998	-0.0394728686	-0.0694224195	0.093956007	-0.0770770368	-0.0017580232	-0.0242483601	0.0075683569	0.0942218512	-0.0954613496	0.0274673553	-0.1781094473	0.0884485244	0.0169450286	-0.0772600047	-0.0191111551	0.2136083186	-0.2080225019	-0.1762807329	0.549835211	-0.0270776423	0.2107280657	0.1041678622	0.2481977255	-0.2123674441	-0.0637815071	-0.0313273095	-0.1612135313	-0.197109954	-0.0777370013	-0.0454936498	-0.0245868611	0.2430322041	0.0499881284	-0.083398786	-0.0393493864	0.1138284212	0.0268143291	-0.0884329935	-0.0144285894	-0.037520755	-0.0794373376	0.0937576389	0.0130625369	0.0	0.0	-0.5500936999628152	-0.1771430235793047	0.0313796508028181	0.3026030787387798	0.2728463806347889	-0.0267285833212866	0.0744451474255041	0.0007144171663629	1.3868706801742618	0.8548113528051431	0.7307024488845588	1.92341028352702	-0.0045102686151584	-0.0053111747106004	2.820857680652125e-05	2.0342522980882876e-05	0.0088383027963117	0.0057704354036692	7.811559631929121e-05	3.329792474791892e-05	-0.0040391800202927	-0.0011694444040621	1.367600214192393e-06	1.6314975236331734e-05	0.0	0.0	0.0	0.0	0.0	0.0	0.0	0.0	0.0	0.0	0.0	1.0	0.0	0.0	0.0	0.0	0.0	0.0	0.0	0.0	0.0	0.0	0.0	0.0
59.01330642687809	0.1024276468854878	0.0104914228464981	3482.5703354326106	62.26015005213149	-0.7071783999179218	3876.326284513929	0.500101289310472	58.82856419292734	0.0806892306751905	3460.7999650013726	0.0065107519469541	59.34238122552633	45.47429162211297	1.428798	48.940815	0.747620520683094	0.456754151463161	0.2294787188	0.0492640821	-0.1772732695	0.081849039	-0.1731282388	0.0764507541	-0.2235879634	-0.1603968036	0.0287926338	-0.0860585381	-0.1021761393	-0.0010508787	0.2446073592	-0.1192432991	0.039697989	0.023256693	-0.039006805	-0.065759889	-0.0306647261	0.1313620365	0.0106225646	-0.0990000164	-0.0416613332	-0.0959127071	-0.0402237572	0.0517157259	0.0597516644	0.1012507445	0.0542802875	-0.0669179597	0.0666429555	0.0592994853	0.013999195	-0.0079048069	0.0040561074	0.0284544807	-0.0867750788	0.0531285451	-0.0361215188	0.0292131236	-0.0173467754	0.001894037	0.0101612168	0.0511162638	0.013092117	0.0446389804	-0.0045121063	0.072849679	-0.1373096327	0.0098286881	0.0367887685	0.0267283624	0.1250823343	0.0240227999	0.0093543849	-0.048770832	-0.0829329622	0.0849184277	-0.0184189292	0.0207950959	-0.0496460838	0.0199158553	0.0232309517	-0.1191298841	0.2334807719	0.1297814275	0.0588982072	-0.0414522132	0.1388236494	0.1432707033	0.0586037627	-0.0796294876	-0.1557935447	0.0254765214	-0.0204725695	0.0611273783	0.0242092869	0.0854139922	-0.0839131997	-0.0269066678	-0.0989652833	-0.0204557049	-0.0168659742	-0.1036830084	0.0317159191	0.0169396494	-0.0396453921	-0.0036375608	-0.0296699219	0.0669853272	0.0026096575	0.0245809684	-0.0319697162	0.0625023167	0.0100394645	-0.0869746187	0.0567569157	-0.1188250173	-0.0494715756	0.1452405768	0.0468753985	0.0344237125	0.0568498275	0.0167085483	0.0428790935	-0.0613761994	0.0432771821	0.0449936729	0.0497818921	0.0322354269	-0.0443909965	-0.0387560694	0.1286756466	-0.0673882871	-0.000954996	0.017255935	0.0101178607	0.23736389	-0.051179301	-0.0973024551	0.2438347487	-0.0041581436	0.0098868264	0.1449990569	-0.0373908687	-0.0441995377	-0.0115395934	0.0266449137	-0.0416118602	0.0686220127	0.1039390207	0.0604822571	0.0895277685	-0.0800562511	-0.1219294452	0.0696917957	0.0123352856	-0.0334936434	0.0491856353	-0.0198188049	-0.0751140359	-0.039264529	-0.0769109895	0.0962433935	0.0056098749	0.0	0.0	-0.4361635235416088	0.1139301764212064	0.0129800850993672	0.1902386192682315	0.2630338699282788	-0.00981251070651	0.0691868167294467	9.628536636537474e-05	0.9632842960379192	-0.4235863841363426	0.1794254248257012	0.9279166349932696	-0.0055529921903993	-0.0010427235752408	1.0872724543631645e-06	3.083572226663562e-05	0.0072649892741103	-0.0015733135222014	5.27800691529377e-05	2.475315439141775e-06	-0.0026493881293543	0.0013897918909383	1.931521500118132e-06	7.019257459963478e-06	0.0	0.0	0.0	0.0	0.0	0.0	0.0	0.0	0.0	0.0	0.0	0.0	1.0	0.0	0.0	0.0	0.0	0.0	0.0	0.0	0.0	0.0	0.0	0.0
59.32206777197911	0.3087613451010185	0.0953335682285902	3519.1077247432822	62.61251807720103	0.3523680250695378	3920.327419967826	0.1241632250914064	59.10035345971704	0.2717892667897033	3492.8517790634883	0.0738694055420845	59.63951356112957	46.38001442244718	1.005478	34.440762	0.4571473461641414	0.2447126729890544	0.205087987	-0.007993551	-0.1947172827	0.0569308266	-0.1018321119	-0.0365619151	-0.0344529599	-0.1446426082	-0.0640170531	-0.0308442308	-0.1038416685	-0.0588108041	0.1545603614	-0.1730063418	-0.0639735915	-0.0145966769	0.0822418268	-0.1771314423	0.0687222434	-0.0254024255	0.0281901839	-0.0425819163	-0.0024242049	0.0396748839	-0.0205827992	-0.0905789654	0.0349301375	0.0516861444	-0.0327742537	0.0072270697	-0.0576875794	-0.0427784995	0.1321439267	0.0940312908	-0.1129444251	0.0460938428	-0.0625943534	-0.0732997383	0.0161799017	-0.0507489972	-0.0920986401	0.1014511031	0.0271619019	0.0033786632	0.0345335966	0.0316894736	0.0350464388	0.0076272035	-0.0849356104	0.0770018222	0.0182726766	0.0201331819	-0.1221162856	0.0212294915	-0.044863332	0.1133308262	0.0275764605	-0.1357777967	-0.1475512801	-0.0674596885	0.0375564013	0.0059542497	0.0182723293	0.0113849181	0.1744966475	0.1628146348	-0.1155815603	-0.0281740357	0.0192962711	0.0989212412	0.0525135674	-0.1624417371	-0.0314617619	0.0010640419	0.0775343963	0.0721313199	0.0997405246	0.0250149402	-0.0739789549	-0.1153387422	0.0282793492	-0.01803258	0.1103468684	0.0031284924	-0.0769117984	0.0393305421	0.0320122491	0.004975031	0.0728908514	-0.0728385029	0.0018162356	0.0163301116	-0.0681874863	-0.0534233689	0.1374145894	0.1472381101	-0.0919668537	0.068951929	0.0315707917	0.0305679676	0.0359889965	-0.002974494	-0.0576393623	0.1022473282	-0.0396715036	0.1167251911	0.0666833028	-0.0191264143	-0.0321276462	-0.0055123292	0.0908422346	-0.0243975913	0.0978304452	0.0176013613	-0.0288823431	-0.0193108295	0.0041712915	0.2204163565	0.021621157	-0.1098491961	0.1394881153	0.0838739551	-0.2001573399	0.0529719472	0.039476641	-0.0105320296	0.057098613	0.0723677729	0.0453303211	0.0617824978	0.0348434027	0.004460538	0.078883711	-0.1098857116	-0.0786330386	0.0933413824	-0.062557623	-0.1578439399	-0.077987783	-0.0288519316	-0.0573168128	-0.0409960724	-0.0742888199	0.0984593917	-0.0018707352	0.0	0.0	-0.3457737902364926	0.0903897333051162	0.00817030388697	0.1195595140145099	0.2425495306381577	-0.0204843392901211	0.0588302748127906	0.0004196081561527	0.7612752267538951	-0.202009069284024	0.0408076640729976	0.5795399708691945	-0.0070450471707446	-0.0014920549803453	2.2262280643732143e-06	4.9632689638016495e-05	0.0075049354698402	0.0002399461957298	5.6324056406465536e-05	5.757417684525135e-08	-0.0014961052197319	0.0011532829096224	1.3300614696271094e-06	2.238330828509037e-06	0.0	0.0	0.0	0.0	0.0	0.0	0.0	0.0	0.0	0.0	0.0	0.0	0.0	0.0	0.0	0.0	0.0	0.0	0.0	0.0	0.0	0.0	0.0	0.0
59.49404724187514	0.1719794698960299	0.0295769380657194	3539.5416572184704	63.10048445742181	0.4879663802207759	3981.671138761331	0.2381111882257668	59.10103248350577	0.0006790237887273	3492.9320406164043	4.610733056575858e-07	59.63051578179002	50.61985207865756	1.296682	44.415401	0.930772414667536	0.5171385253746352	0.0344633813	-0.1976403042	-0.063786355	-0.0896130479	-0.0892940304	-0.0921620311	0.0086966495	0.0979766858	-0.1208245541	0.0536075112	-0.1468495777	-0.0115525167	0.0169902376	0.1125622967	-0.1344034026	-0.0908890586	0.1838811696	0.0449976215	0.1058807817	0.0957819575	0.0235343943	0.0483476323	-0.0447825634	-0.0861570433	-0.0670019574	0.0593387638	-0.0431100015	0.0087504905	-0.060488996	-0.0446524166	-0.0550594156	-0.0138734303	-0.0598539922	0.1510474817	-0.0442561577	0.0506318177	0.0606911514	-0.1900188137	-0.0431951636	0.09015458	-0.0724957119	-0.0077142248	0.0293385084	-0.0371440344	0.0330798326	-0.1046228988	-0.0781782106	0.0683366476	-0.0157050428	0.0269266481	0.0521955956	-0.108705846	-0.0102561186	-0.0223765138	0.025468052	-0.0031612383	-0.0392760999	-0.1910905866	0.0589665122	-0.077675571	-0.0948013139	-0.1290702269	0.0319088703	-0.0533691605	0.0243606394	-0.1160178291	-0.1727995227	-0.0143048221	-0.1185119103	0.0800929791	0.0876658238	-0.1024775348	-0.0686461891	-0.0664824283	-0.0964660037	0.1067327767	-0.0601245331	0.0318783969	0.0366425433	-0.0390255465	0.0472289598	0.0597090424	-0.0769903133	0.112290099	-0.1190926446	0.0622638347	0.0280449303	-0.041733468	0.0683722694	-0.0441311286	0.0316298317	-0.1599963096	0.0150891105	-0.0191440652	-0.1241674446	-0.0805291601	0.0222042195	0.0336009896	0.0041221037	0.0653593357	-0.0688121635	0.0021392369	-0.010214417	-0.0107181359	-0.0475983255	0.0926397379	-0.0126507203	-0.0281510597	-0.1534677266	0.0168206425	0.0857530415	0.0739105834	0.0724029334	0.1315260696	-0.0698892607	-0.0327223807	-0.0657271231	0.0440920142	0.2020034941	0.0745522447	-0.0129441805	0.0206137395	-0.0503182271	0.1197548522	-0.0460440211	0.0661828201	0.0375795817	-0.1117917749	0.0356972376	-0.0708877529	0.0139190094	0.08704271	-0.0463422576	0.0830309525	-0.1675696407	-0.0666743573	0.0263434866	-0.1119788367	-0.0010597628	-0.0201012032	-0.0985707432	-0.0427148457	-0.0715740957	0.1003994225	-0.0093420254	0.0	0.0	-0.2910603080100742	0.0547134822264183	0.0029935651373405	0.0847161028989192	0.2248324511260051	-0.0177170795121525	0.0505496310793274	0.0003138949064399	0.34915051579204	-0.4121247109618551	0.1698467773853926	0.1219060826778475	-0.0026277940242443	0.0044172531465003	1.951212536026681e-05	6.905301433854052e-06	0.0030329302032818	-0.0044720052665584	9.19866561797898e-06	1.9998831104126066e-05	-0.0014610207934484	3.508442628349993e-05	1.230916967642341e-09	2.134581758888592e-06	0.0	0.0	0.0	0.0	0.0	0.0	0.0	0.0	0.0	0.0	0.0	0.0	0.0	1.0	0.0	0.0	0.0	0.0	0.0	0.0	0.0	0.0	0.0	0.0
59.80454047726884	0.3104932353937002	0.0964060492252477	3576.5830616972867	63.76031037087136	0.6598259134495521	4065.3771785898457	0.4353702360595358	59.11676282901879	0.0157303455130204	3494.791647382457	0.000247443769959	59.607949052006006	50.60978171620374	1.080408	37.007366	0.425206049109157	0.2367899282769261	-0.0500238903	-0.0308864119	0.0514997662	0.0004446026	0.0746721653	-0.030347364	-0.0491364133	0.1330110087	0.1423682915	0.0036787809	-0.0231766899	-0.0100535907	-0.0334523626	0.1237480209	-0.0004728297	0.0472429998	0.1907667254	-0.0038108159	0.0241399728	-0.0441710147	0.0245932255	0.0731911587	-0.0456700396	-0.0899534695	-0.0457725519	-0.0324967329	-0.0885441192	-0.0576208769	-0.044635635	-0.0583051275	0.1425350265	0.1655974649	-0.0736393579	-0.0942973133	-0.0749961798	0.0391805771	-0.1453527448	0.1298722023	-0.0145313711	-0.0042765637	-0.0145826234	0.0844104597	-0.0434418836	-0.0289363412	-0.1085314521	-0.045446483	-0.1156679347	0.0208668351	-0.0070899267	-0.0693724723	-0.0828752854	-0.0753384271	0.077322246	-0.1197437179	0.1201108036	-0.0428130379	-0.0016091892	-0.0479566391	0.0598346693	-0.120289874	-0.056899254	0.0077448346	0.032393669	0.0806178442	-0.049103306	-0.1367504579	0.031282125	0.020961451	-0.1848702772	0.1242563548	0.0944354771	0.0316160857	0.0598809315	-0.0568369876	0.0625509586	0.0636078904	-0.0880815899	-0.0706970569	0.1165906398	-0.0239153052	-0.0133040806	-0.0020079376	-0.0694960262	-0.0681264202	0.0141299077	0.1076391936	-0.0209487078	0.1744242644	0.0012690799	-0.0226330233	0.0736307594	0.1408343409	-0.0047886063	-0.0474556038	-0.1370767898	-0.0271128974	0.039097042	-0.1306315417	-0.1011498914	-0.0168513751	-0.0840992055	-0.0456374944	-0.0004300919	0.0024284249	0.0197865688	-0.0711736255	0.140315864	-0.0491849166	-0.0551387082	0.0136185774	0.0485947941	-0.0406549298	-0.0645191723	0.0945564021	-0.0028911724	-0.0979044811	0.0065360461	-0.0654540585	0.0346515357	0.0661743902	-0.0200601027	0.0774805312	-0.1154610107	0.0615235809	0.1050471365	0.087384718	0.0189114781	-0.0340417618	0.0338488088	-0.033498067	-0.0290531467	0.0234547531	0.0181669211	0.0073386407	-0.099784774	-0.1126000061	0.05643719	-0.0347379832	0.1400357993	-0.2071170278	-0.128819993	-0.0444203137	-0.068770199	0.1020580481	-0.0167667741	0.0	0.0	-0.2415978435351036	0.0494624644749706	0.0024465353919377	0.0583695180008124	0.2416046182944455	0.0167721671684403	0.0583727915812047	0.0002813055915261	0.1527506718660589	-0.1963998439259811	0.0385728986941497	0.0233327677555323	-0.0003197112773011	0.0023080827469432	5.327245966736868e-06	1.0221530083350089e-07	0.0030295862083713	-3.343994910499741e-06	9.17839259395359e-06	1.1182301961448171e-11	-0.0005210160645068	0.0009400047289416	8.83608890432571e-07	2.71457739474154e-07	0.0	0.0	0.0	0.0	0.0	0.0	0.0	0.0	0.0	0.0	0.0	0.0	0.0	0.0	0.0	0.0	0.0	0.0	0.0	0.0	0.0	0.0	0.0	0.0
59.760705864624725	-0.0438346126441118	0.0019214732656593	3571.341965438192	64.14111717711104	0.3808068062396827	4114.082912727889	0.1450138236784673	59.243946194408885	0.1271833653900955	3509.845160686015	0.0161756084319505	59.73970372751355	50.38704913821741	0.87782	30.068079	0.1622798719674628	0.0942261556806736	-0.0655909237	-0.0173790967	0.0648689572	-0.0277884639	-0.0115299361	-0.1354983471	-0.0954537	0.1256007536	0.1276774069	0.1097973356	-0.01417198	0.0642057761	-0.0518115315	0.0731289715	0.040030586	0.0400392788	0.1459979144	-0.0230480562	-0.0311495542	-0.0725933502	0.088751138	0.0228707706	0.1133434289	0.0141719782	-0.1994989233	-0.0895560921	-0.0082536284	0.0817371228	-0.0042441454	-0.0369164474	-0.0058611673	0.0761130822	0.0308380882	0.0017828132	0.0364987355	0.0135581549	0.0054140941	-0.0452076248	0.0266747366	0.0038247583	-0.0300014244	0.0336870449	-0.0264225062	0.0389700344	-0.0386251767	-0.0791987548	-0.000505544	-0.0620336122	-0.073069553	-0.0553842926	-0.0106773023	-0.010831512	0.1751350049	-0.1208909388	0.0173951167	0.0055143248	-0.0172837422	0.0050154498	0.0618615183	0.0147534583	0.1600816005	0.0824801933	-0.0453249988	-0.0357284454	-0.0488320625	-0.0819043207	-0.0037172249	-0.0309904377	-0.1471058766	0.0847621335	0.0989540253	0.0489880994	0.0728704704	-0.0145674621	-0.0132515517	0.0265279007	0.1188898091	-0.1217131884	-0.0004145642	-0.0484625418	-0.1608911095	0.0562365937	0.0447626904	0.0398759605	-0.0639632535	-0.0012287517	-0.0366157315	0.024183572	0.1157745866	-0.0568066135	0.0679470765	0.0419140808	0.0993127865	-0.0438748912	-0.0485807267	0.0214522203	0.0033371076	-0.1002858807	-0.0157876497	-0.0822672427	-0.0600169632	-0.0165604629	0.0247423245	0.0556058348	0.1010801804	-0.0468270855	0.1739625233	0.023633255	0.0911627569	0.0274339963	-0.0198819607	0.0107574463	-0.0128875972	-0.0154822395	-0.1156889295	0.1039291385	0.0562373869	-0.0887019461	0.0658606303	0.1912893017	0.0864795395	-0.0044292283	-0.1330829877	0.0800400613	0.1270173207	0.1011701016	-0.1168198213	0.0450934535	-9.37373e-05	0.008402335	-0.0209665188	0.0092655169	-0.0524790684	0.0054627367	-0.0747925503	0.0361699834	-0.0084381366	-0.0541006865	-0.0966830094	0.0039652175	0.042576485	-0.046111945	-0.0658806233	0.1034306197	-0.0241079916	0.0	0.0	-0.2329225040946738	0.0086753394404298	7.526151440667697e-05	0.0542528929137333	0.2333989303083967	-0.0082056879860487	0.0544750606691038	6.73333153243854e-05	0.1344172297921346	-0.0183334420739242	0.0003361150982779	0.0180679916649915	0.000633837565822	0.0009535488431231	9.092553962214023e-07	4.017500598471582e-07	0.0015188611447956	-0.0015107250635757	2.3069391771698005e-06	2.282290217715803e-06	-0.0004439819218644	7.703414264239998e-05	5.934259132649626e-09	1.9711994694240618e-07	0.0	0.0	0.0	0.0	0.0	0.0	0.0	0.0	0.0	0.0	0.0	0.0	0.0	0.0	0.0	0.0	0.0	0.0	0.0	0.0	0.0	0.0	0.0	0.0
59.73322718327597	-0.0274786813487537	0.0007550779286663	3568.05842972886	64.45823008963403	0.3171129125229868	4154.8634262882015	0.1005605992888114	59.35714051996918	0.1131943255602934	3523.2701307073667	0.0128129553390496	59.88334560394287	50.27510502937741	0.8643389999999999	29.606323	0.1515313159671434	0.092842927261235	-0.0644156697	-0.0114700869	0.1217174892	0.0059016352	-0.0215241318	-0.0943673075	-0.0729569035	0.0933047124	-0.0314606521	0.0685274691	0.0073353029	0.0307094933	-0.0808940306	0.027759338	-0.03756833	0.006118773	0.0043592294	0.0080082679	0.0033261219	-0.0481374766	0.1560172413	0.0297874831	-0.1253746926	0.0464581099	0.0852170044	0.0414861928	-0.037646455	-0.0392561732	-0.00773265	-0.0480399835	0.1299932927	-0.0214389479	0.0830206903	0.1091504938	-0.0942805651	-0.0907456863	0.0341776478	0.0520867352	0.0461296613	0.0079391426	0.0610958181	0.032806286	-0.0841591498	0.1007018151	0.0001805737	-0.0831559161	0.0817344134	-0.0919477828	-0.0340244776	-0.0326979134	0.0377708757	-0.1548080221	-0.1549485868	-0.1124095456	0.0191374368	0.0582262889	-0.0131000474	0.0820054826	-0.0844321082	-0.042981566	0.0075692108	-0.0983462913	0.0010170294	-0.0662385076	-0.0769236118	-0.0379093703	-0.004562051	0.0283906407	-0.0683463024	0.0022284117	0.0684948839	-0.0456558223	0.0520959227	0.0786216489	0.1001180291	0.1249172804	-0.0709088682	-0.0626071754	0.0622913507	0.1205796295	0.0155517195	-0.127024032	-0.020237512	0.023535085	0.0547833208	-0.0052440513	-0.0612720162	-0.1335757734	0.1190665889	-0.0393050196	0.0067468249	0.0815422758	0.0930865054	-0.0327386217	-0.0249357424	0.003236674	-0.0566719814	-0.024023576	0.0316748428	-0.0046974877	-0.075993759	-0.040399467	0.059056697	0.0852064063	-0.2824173285	0.0713336395	-0.0292493067	0.0315656682	-0.0693621437	0.0481450331	0.0002721331	-0.0513993545	-0.0140459744	0.0219781635	0.0325728081	-0.0353087971	-0.0814910152	-0.0806282142	0.0511329273	0.1319723959	0.0195165133	0.0598595035	-0.0976924735	0.0326075977	0.1131151314	0.0764023844	-0.0393614567	-0.0048869482	0.0269831805	0.0699998642	-0.1157204247	-0.0244276213	-0.0054743981	0.0568212629	-0.0286283883	0.0897587771	0.0551597853	-0.013705405	0.0579145613	-0.0379184769	-0.1337600853	-0.0477892128	-0.0629089685	0.1045132902	-0.0313291043	0.0	0.0	-0.2478265046813277	-0.0149040005866538	0.0002221292334869	0.0614179764225641	0.2442032084923227	0.0108042781839259	0.0596352070379448	0.0001167324270756	0.128342864467676	-0.0060743653244585	3.6897914094985e-05	0.0164718908597682	-0.0002838357314143	-0.0009176732972363	8.421242804605425e-07	8.056272242749066e-08	0.0029960675623263	0.0014772064175307	8.976420838023856e-06	2.1821387999938844e-06	-0.0004440756445395	-9.372267509999292e-08	8.783939827898832e-15	1.9720317807317238e-07	0.0	0.0	0.0	0.0	0.0	0.0	0.0	0.0	0.0	0.0	0.0	0.0	0.0	0.0	0.0	0.0	0.0	0.0	0.0	0.0	0.0	0.0	0.0	0.0
59.617351521718895	-0.1158756615570766	0.0134271689412901	3554.228602464198	64.66456649658528	0.2063364069512516	4181.506160191299	0.0425747128335525	59.464020105434855	0.106879585465677	3535.969687099561	0.0114232457893149	60.01232499778271	49.50187050911794	0.976549	33.449863	0.184928057554868	0.1073482108295855	-0.035641089	0.035361328	0.1323235133	0.0189440493	0.0828932954	-0.0801492933	-0.1005067527	0.0236196291	-0.1771049495	0.1296569167	-0.0305754776	0.0843311322	-0.0761442255	-0.0738039596	-0.0091948402	-0.0487462345	-0.1051691577	-0.0010036448	0.0481009006	-0.0561094415	-0.0199229405	-0.0535048098	-0.0376199465	0.1398740736	-0.0392584315	0.0090824228	0.1459533759	0.0064471792	-0.0193569231	-0.1122041627	-0.1340462747	-0.0241266344	-0.0513770477	0.0677435737	-0.0329050768	-0.1137125773	-0.0065448872	-0.1052096531	0.0982256146	0.0634435873	-0.1437666698	0.0364913329	0.1152233399	-0.1157252766	-0.0259941088	0.1388914901	-0.0749489662	-0.103407314	0.0127858508	0.0701798312	0.0265618199	0.0263606793	-0.0511452162	-0.0419224188	-0.0202967009	0.0717602447	-0.0565632244	0.0377764607	0.0724574894	0.1449986889	-0.0940055362	0.0160811651	-0.0629083272	0.0582596367	-0.0722668001	0.0670919152	-0.0292724377	0.0223518063	0.0239672597	-0.1356112074	-0.0783164663	-0.0531607003	0.0495515212	0.0686148235	-0.0164724063	-0.0400463258	0.0551517129	0.0427190109	-0.0854975961	0.1142729263	-0.0427809643	-0.0226690909	-0.048197235	0.0857347307	0.0166136301	0.092171092	-0.0775561855	-0.0101100249	0.0616675194	-0.1441269346	0.086132	-0.1275985735	-0.0919571439	-0.0386265745	0.0668473365	0.1566218145	0.1003107263	0.0755400044	0.076621578	0.0102461579	-0.0255294783	0.0620985611	0.0389897331	-0.0170350028	-0.0303061866	0.0260029713	0.0830202182	0.0332528773	0.0819409444	0.1182218314	-0.0897225094	0.0629321665	0.0922156937	0.0226188454	0.1408203738	0.0462365112	0.0876544445	-0.05718723	-0.0524488967	0.1752250636	-0.0105304908	0.1411286692	-0.0779488664	0.1658913823	-0.0350798964	-0.0470151374	0.0090428214	-0.1241914399	-0.0031348404	0.0008633558	-0.1349546823	-0.228938141	0.005829756	-0.0596446514	0.1339795722	-0.1545606291	0.0881916927	0.07037093	-0.0808357159	-0.1095464167	-0.01957995	-0.0494515946	-0.059858937	0.105303025	-0.038394137	0.0	0.0	-0.2576926540093041	-0.0098661493279763	9.734090256192892e-05	0.0664055039303589	0.2336552931047748	-0.0105479153875478	0.0545947959958782	0.0001112585190228	0.2152641147890079	0.0869212503213318	0.0075553037574236	0.0463386391158951	1.0020316612736966e-05	0.000293856048027	8.635137696206827e-08	1.0040674501949244e-10	0.0018550029312236	-0.0011410646311026	3.441035874848149e-06	1.3020284923535403e-06	-0.00056100981577	-0.0001169341712304	1.3673600401363884e-08	3.147320133902893e-07	0.0	0.0	0.0	0.0	0.0	0.0	0.0	0.0	0.0	0.0	0.0	0.0	0.0	0.0	0.0	0.0	0.0	0.0	0.0	0.0	0.0	0.0	0.0	0.0
58.09734366180511	-1.5200078599137825	2.310423894199677	3375.3013405578868	61.02938280207046	-3.635183694514822	3724.5855652016535	13.214560492866433	58.05784649532326	-1.406173610111594	3370.71353967452	1.9773242217742728	58.49938843175769	47.6420910851958	1.71574	58.769463	0.8936962752280638	0.4338594490359113	0.1589459844	-0.1205775394	-0.244304845	-0.0126671893	-0.1661684119	0.1214710527	-0.353891129	0.1299830396	-0.0822530865	0.1296389366	-0.2032335997	0.0043745497	0.3312241322	0.3873870714	0.0946318844	-0.1956851409	-0.1913452354	0.0496103507	0.0769505692	0.1171366419	-0.0510108592	0.0391200284	-0.0338227248	-0.0305364837	-0.1196968907	0.0237909647	0.0562624307	-0.0151631952	0.0075425246	0.0870478903	0.0663054452	-0.069337109	-0.0011317168	0.035788289	0.0574297832	-0.0459895999	0.0179178637	-0.0828710841	-0.0245058178	-0.0046030747	0.0074708914	-0.0559903196	-0.0140648306	0.0176116263	0.0075114999	-0.0200746118	0.0916900843	0.1100498842	0.1625314444	0.009716392	-0.0182811029	0.012366549	0.0228110387	0.0640967721	-0.1097590404	0.0254858184	0.0718723217	-0.0533912453	-0.0134704183	-0.0606004801	-0.0471143606	-0.0593545327	0.023658696	0.0181070194	0.2896952175	-0.3990443745	0.0770581877	-0.2261983678	0.1859428975	-0.2441086336	0.0976845689	-0.1029716381	-0.1289364341	-0.1320014952	-0.0517005606	0.014768679	0.0049410011	0.0445762771	0.0274594492	0.043801944	-0.0425637787	0.0812315915	-0.0115684696	0.0045125815	-0.0076709842	-0.0109306108	0.0012992823	-0.0709397994	0.0402796527	-0.0257239245	0.017550297	-0.0169620975	0.0618067858	0.0415449888	-0.0019461509	0.0103602502	-0.0112609621	0.0221094022	-0.057979506	-0.0853492934	0.146607043	0.0227225791	0.0365973263	-0.049633361	0.0144534551	0.0465366917	-0.0993623295	0.0361709747	-0.0242515782	-0.0430255569	0.0782523311	0.0191227013	0.0095418332	0.0630928866	0.0719529979	0.0433971239	0.0035047293	0.1702136532	0.1360614842	0.1051096901	0.07589186	-0.0582315768	0.1052189991	0.032354679	-0.0448987608	0.096678783	0.0274120291	-0.1109714295	0.0624720098	0.10004902	-0.1160895102	-0.1310000502	-0.012391529	-0.0716080107	0.0394144659	0.125941825	-0.0373749919	-0.0017012854	-0.048119019	0.0736112507	-0.0821497444	-0.0510985726	-0.0567343287	0.1057976105	-0.045267892	0.0	0.0	-0.4048961916487172	-0.1472035376394131	0.0216688814935581	0.1639409260116347	0.3273769894209977	0.0937216963162228	0.107175693202356	0.0087837563603903	0.5780165288133787	0.3627524140243708	0.1315893138805085	0.3341031075814675	-0.0031127835660794	-0.0031228038826921	9.751904089757084e-06	9.689421529253988e-06	0.0026897556514373	0.0008347527202137	7.234785464438896e-06	6.968121039041719e-07	-0.0024038257578253	-0.0018428159420553	3.3959705962931626e-06	5.7783782739843775e-06	0.0	0.0	0.0	0.0	0.0	0.0	0.0	0.0	0.0	0.0	0.0	0.0	0.0	0.0	1.0	0.0	0.0	0.0	0.0	0.0	0.0	0.0	0.0	0.0
59.86508333714905	1.7677396753439396	3.124903559785097	3583.828202963801	65.02047747246762	3.99109467039716	4227.662490747669	15.928836668072618	59.638373783656526	1.5805272883332648	3556.73562755913	2.498066509166103	60.27449743747711	51.31379896461504	1.804268	61.801823	0.6396678137138981	0.380470461702777	-0.011234736	-0.0816648221	0.0990987908	0.0212982883	0.2818239277	-0.0624346025	0.0393745519	0.0575355439	-0.0856271794	0.0909330392	-0.0498148704	-0.1880601348	-0.09431039	-0.1260308792	-0.1425745826	0.0823739768	0.0110455158	0.0737216707	-0.0337177037	0.0642242011	-0.0782941113	0.0783813174	0.0766396349	0.0141707011	-0.1044586091	0.0306801632	0.0880514133	0.0542586743	0.0152170896	0.1145871881	0.0636089361	-0.0616060119	-0.0640081323	-0.1456741554	0.0207787312	-0.1554376775	-0.1559381293	0.0042235688	0.2030794716	-0.0669550309	-0.0247113128	-0.1273304773	0.0374986439	-0.0559613431	0.1085758458	2.28028e-05	0.1006878371	-0.038399249	0.0351057086	0.0083602393	0.0158022178	-0.0285842634	0.0633623431	-0.0602480386	0.1054366567	0.052293901	0.0114465527	-0.0534148196	-0.0121160238	0.043893765	-0.0605292509	-0.2055916159	0.1042924838	-0.1102481745	-0.0681327748	0.1266962073	-0.0483139283	0.2359684791	-0.0954161832	-0.1248002172	0.0332829546	-0.0243042194	-0.058131801	-0.0649662217	0.0308740284	-0.1329889325	0.0203391371	0.0271538361	-0.0572073947	0.1323640071	-0.069958338	0.1884099357	-0.1144923444	-0.0215521996	0.1013386497	-0.0099367784	0.1364123757	-0.0116190175	0.0601004784	0.0123405315	0.12717039	0.1438590043	0.0968919445	-0.0978495923	0.0217757286	-0.0244332124	-0.1062726418	-0.0226051984	0.0164283005	0.0220161394	0.1348626834	0.1397627137	-0.0022297327	0.0377674669	0.0921196464	-0.0104108866	-0.0114395527	0.0995760378	-0.0551554145	-0.011020994	0.0068098937	0.0005756736	0.1131797457	0.0047876373	0.1260052101	-0.1164924646	-0.1342280566	-0.0004464727	0.064996002	0.1141083428	-0.0825716476	0.051698484	0.1063438354	0.0780130244	0.0073939969	0.0373655714	0.0842083901	0.0513695798	0.0733418457	-0.0049927755	0.0327867394	-0.0902676608	0.0102573498	0.0731490765	0.1163983832	0.046125367	-0.0396729904	-0.1474679541	0.0631484744	0.0563692455	-0.0540414941	-0.0527296337	-0.0535390365	0.1059956606	-0.0519161246	0.0	0.0	-0.335186795598517	0.0697093960502002	0.0048593998976836	0.112350187943602	0.2330935409165562	-0.0942834485044414	0.0543325988170182	0.0088893686618896	0.2228499290697172	-0.3551665997436615	0.1261433135734742	0.0496620908863779	-0.0010748462451975	0.0020379373208819	4.153188523843297e-06	1.1552944508151644e-06	0.0024698810606516	-0.0002198745907857	6.100312453765471e-06	4.8344835673179214e-08	-0.0025561812344696	-0.0001523554766442	2.3212191263511792e-08	6.534062503454527e-06	0.0	0.0	0.0	0.0	0.0	0.0	0.0	0.0	0.0	0.0	0.0	0.0	0.0	0.0	0.0	1.0	0.0	0.0	0.0	0.0	0.0	0.0	0.0	0.0
59.52326610455295	-0.3418172325960995	0.116839020499656	3543.0192077534225	64.25516942714123	-0.7653080453263925	4128.726798110624	0.5856964042413036	59.42162477274536	-0.2167490109111653	3530.929490632945	0.0469801337309684	59.93721976280212	50.57272555625688	1.010213	34.60297	0.2309757554217248	0.1034716786401425	-0.0229168287	-0.0476671516	0.0579050056	0.00548461	0.0439418806	-0.0011247417	0.0323843547	0.0762800986	-0.0761582098	-0.0089429014	-0.0713363789	-0.1182352787	-0.0592440363	-0.030511396	-0.0238160266	-0.0720061554	0.0161125547	-0.0866704732	0.0774497573	-0.0532201516	-0.0869353936	0.0611057883	-0.0281201064	0.0386520334	0.0389300711	0.0209496617	-0.0444794175	0.0082733406	-0.0144932054	0.1049088275	0.0455325254	0.0009583561	-0.019882564	-0.0987813394	-0.079942698	-0.0493979661	0.0267922625	0.0226541818	-0.0263434776	-0.1266202417	0.0358339119	0.0557268059	-0.0691287707	-0.074787041	0.0727506993	0.1076563359	-0.0217900638	-0.0908101466	-0.0178689745	-0.1655617191	0.001253845	0.0461385206	-0.039417868	-0.0089976498	-0.0839097322	0.1043594271	0.0368291712	0.0114229864	0.0768596391	0.0780621563	-0.0740900111	0.1079563023	0.0095702615	0.0653913683	-0.0442002665	0.0278442452	-0.027658693	0.0205509966	-0.0308594247	-0.1408736638	0.023724411	-0.0382949303	0.1172295162	-0.0880129682	0.071076966	0.0072302359	-0.0640684947	0.0532106047	-0.0043453071	-0.0451872243	0.008984139	-0.0591025539	0.0272460192	-0.0899370226	-0.0187569522	-0.0388824086	0.0171871994	0.0757067473	-0.0085341337	0.0135567941	-0.0232037572	0.0906812067	0.0707373023	0.0111971805	-0.0261107793	0.0015200762	-0.1236207425	0.1750455849	-0.0184238133	0.0307098253	-0.0893599711	0.104083945	-0.0815270576	0.0158846824	-0.0158183067	-0.0465268763	0.0062637531	-0.0125610654	0.082021697	0.0881638117	-0.0316903164	0.0690533359	-0.063646059	0.0434384338	0.0675675666	0.0316786068	-0.0334184734	-0.0308009045	0.0517397955	0.0596144335	-0.067752656	0.0215817324	-0.0247683147	0.0621448693	-0.0018235707	0.0706017734	0.0605232417	0.0610435198	-0.0695177057	-0.0445797945	0.0138086663	0.029784695	0.0544937234	0.1074453906	0.0165943011	0.0806325937	0.1939033323	-0.0417717737	0.0943357297	0.0284441099	-0.1685342018	-0.0543442699	-0.0502770413	0.1058966202	-0.0583057138	0.0	0.0	-0.3024540436571925	0.0327327519413245	0.0010714330496522	0.0914784485245868	0.2671100331501463	0.0340164922335901	0.0713477698094722	0.0011571217438778	0.205433264072937	-0.0174166649967802	0.00030334021961	0.042202825987661	-0.0003351851147096	0.0007396611304879	5.470985879546383e-07	1.123490611228877e-07	0.0032336962413295	0.0007638151806779	1.0456791381188536e-05	5.834136302340135e-07	-0.0011234606206348	0.0014327206138347	2.0526883573071653e-06	1.26216376611713e-06	0.0	0.0	0.0	0.0	0.0	0.0	0.0	0.0	0.0	0.0	0.0	0.0	0.0	0.0	0.0	0.0	0.0	0.0	0.0	0.0	0.0	0.0	0.0	0.0
59.29048143828011	-0.2327846662728419	0.0541887008517583	3515.3611891830383	63.46772674296765	-0.7874426841735769	4028.1523379200103	0.6200659808584875	59.18998706748548	-0.2316377052598781	3503.4545690490986	0.0536560264980621	59.723450396955016	47.97978024721935	0.995198	34.08865	0.2342117580582942	0.1402371276789051	0.0313086764	0.0773800757	0.0153767972	0.0645366439	0.1434658663	0.0811615255	0.0555820003	0.0071847841	-0.0269368875	-0.0649455393	-0.034623755	0.0367229763	0.0347153294	-0.0235756564	-0.0180340506	0.0495812475	0.0198117719	0.0867295992	-0.0550157425	-0.0713011807	-0.0814169488	0.0361537388	-0.0675237893	0.0392587759	0.0768703442	-0.0078763035	0.0196837666	-0.1106543662	-0.0103002449	0.0338063145	0.0029095967	-0.1360841009	0.0771199807	-0.0283358905	0.1264321699	0.0386329111	-0.0132562921	0.0232893437	0.067607956	-0.0260504343	-0.0819812546	-0.0098036897	0.0981316688	0.0416068912	0.053009524	-0.0769437911	-0.0277504662	-0.0497054983	-0.0346920517	0.0241357382	-0.1317398013	-0.164409886	0.0124708827	-0.0242737823	-0.0353729301	0.0373276147	-0.0582548513	-0.0743346098	0.1632559075	0.0107968176	0.1386510446	-0.0316709828	-0.0219491192	0.1344125456	0.0277626818	0.0180655886	0.0261371457	0.0533069627	-0.0316865865	-0.0638223001	-0.1988203729	0.0219651045	-0.0116564592	0.0140715756	0.045614083	-0.067029069	-0.0382067867	-0.0641050672	0.0246360213	0.0457035188	0.0916505697	-0.048478384	0.062941874	-0.0512226309	-0.0148116842	-0.0980384902	0.042734305	0.0333981731	-0.0122302708	-0.0712000489	0.0311861988	0.0117400588	0.0140086795	-0.0320788774	0.1251457267	-0.004504186	0.0112099118	-0.1751431823	-0.0147290826	-0.068981233	-0.0915168878	-0.0373528415	-0.0284393174	-0.0065241926	-0.0533899691	-0.0355916066	0.0501624558	0.0310283784	0.0044874385	-0.0807991489	-0.0639816149	0.0949290829	0.0271311096	0.1925105485	-0.0472053128	-0.0992615439	-0.1101329451	0.0341823763	-0.0573740688	0.0800704855	-0.105404316	-0.0729935337	-0.0248968357	0.0050123168	0.0530231629	-0.0061243563	0.075834278	-0.0327963246	-0.0255928442	-0.0585692189	-0.0589346436	-0.0263838684	0.0512184763	0.019263132	-0.0404827032	0.0614418662	-0.005771215	-0.0456720073	0.112464101	0.0291178993	0.0208420106	-0.0559419782	-0.0469524072	0.1055007667	-0.0644048267	0.0	0.0	-0.3427650527479784	-0.0403110090907859	0.0016249774539174	0.1174878813853244	0.2829692852204317	0.0158592520702853	0.080071616378162	0.0002515158762288	0.3300569942370899	0.1246237301641529	0.0155310741200275	0.1089376194448223	0.0004509550317326	0.0007861401464422	6.180163298481636e-07	2.0336044064495029e-07	0.0030917206227571	-0.0001419756185724	9.55873640918155e-06	2.0157076269015683e-08	-0.0012637001902816	-0.0001402395696467	1.9667136894719642e-08	1.5969381709177518e-06	0.0	0.0	0.0	0.0	0.0	0.0	0.0	0.0	0.0	0.0	0.0	0.0	0.0	0.0	0.0	0.0	0.0	0.0	0.0	0.0	0.0	0.0	0.0	0.0
59.2687040718057	-0.02177736647441	0.0004742536905607	3512.7792823512777	63.624944057870415	0.1572173149027662	4048.13350636714	0.0247172841052355	59.28918134278695	0.099194275301464	3515.207024297876	0.0098395042525826	59.84633014500141	48.11586924559358	0.963291	32.995731	0.1934489806517136	0.1153509925782179	0.0608773726	0.0554726438	-0.0486966967	0.0507082655	0.0606443789	-0.0231438304	0.1177144513	0.0641206653	-0.176976764	0.054643879	0.1007880818	-0.0313141722	0.0448892552	-0.0600531681	-0.0807996506	0.0927936187	0.0991832691	-0.0007276927	-0.0584193508	-0.0553981565	-0.0319807198	-0.0324062284	-0.0165264888	0.0059714021	-0.0261928956	0.0910212171	0.0945545968	-0.0018095691	0.0512345379	-0.0772804945	-0.1490031679	-0.1410315825	-0.0546924065	0.0980418899	-0.0248372617	-0.0369971918	-0.0671886671	0.1157293292	-0.0105189785	-0.1141181754	-0.0002899712	0.0174816113	-0.0196535345	0.0252401577	0.1555922877	-0.0159921933	-0.0027545469	0.1359940814	0.033226515	0.0139431642	0.0343539302	0.1107417743	0.1044382001	-0.1220027341	-0.0695957543	0.0381286659	-0.0838868017	0.0498033636	-0.1779063847	-0.0111227726	0.0657884844	0.1217670962	-0.0407197645	-0.0244686659	0.0521308353	0.0618939217	-0.0303314198	0.0793120594	-0.0897698046	0.069240783	-0.1477011393	-0.0047989872	-0.0477189076	-0.044150635	0.0526706914	-0.0310308095	-0.0039490599	0.0274458842	-0.0667214997	0.0981612235	-0.0806749383	-0.0194883226	0.0708003806	0.1085338225	-0.0347868251	0.0059608726	0.0113587117	-0.1004582498	-0.0159608884	0.0102331698	-0.0500601544	0.0084405859	0.086621634	0.0713187325	0.1315537828	0.054240071	-0.0372379056	0.0319779682	-0.1660995161	0.0729431229	-0.0110451209	0.0062097417	-0.099395229	-0.0653470148	0.0007428627	-0.0694912635	0.0285641615	-0.1076258678	-0.0379090294	-0.0749198651	-0.0192099351	-0.1064357981	0.1747804932	-0.0678266173	-0.0495484884	0.0584453535	-0.0509418221	0.0671726392	-0.0955062978	0.0806229678	-0.1062497093	-0.0269523256	-0.0262772241	0.1813066353	-0.1362051046	-0.0674124851	-0.0037380443	-0.0358531956	-0.0255115	-0.0260976467	0.1722164486	-0.006643389	-0.0492382763	0.0702287759	0.0180256937	-0.0408678363	0.0346693301	0.0396627546	0.0268633293	0.0264445914	0.0961590815	-0.057522261	-0.0435692762	0.1048092098	-0.0701830781	0.0	0.0	-0.3658005143787619	-0.0230354616307834	0.0005306324925432	0.1338100163197667	0.2972070344841881	0.0142377492637564	0.0883320213468853	0.0002027135040975	0.4367764775398086	0.1067194833027186	0.0113890481163992	0.1907736913320829	0.0003368036564484	-0.0001141513752841	1.3030536479274262e-08	1.1343670299701189e-07	0.0037267572868442	0.0006350366640871	1.3888719875046344e-05	4.032715647348726e-07	-0.0015036378799994	-0.0002399376897177	5.7570094947115266e-08	2.26092687416909e-06	0.0	0.0	0.0	0.0	0.0	0.0	0.0	0.0	0.0	0.0	0.0	0.0	0.0	0.0	0.0	0.0	0.0	0.0	0.0	0.0	0.0	0.0	0.0	0.0
59.153168143257695	-0.1155359285480059	0.0133485507854499	3499.097301384517	62.89813280866501	-0.7268112492054044	3956.1751108164617	0.5282545919715205	58.84465724937393	-0.4445240934130154	3462.693686796296	0.1976016696246633	59.340783988684414	46.0959884505452	1.393569	47.734112	0.9972430771698926	0.5429375334920411	0.2327724244	-0.0006783922	-0.1964588083	0.1072417179	-0.0985991901	-0.0385767628	0.0048907287	-0.1514820838	-0.0812380058	0.0617043231	0.0200975733	-0.2185950396	0.2335606239	-0.0604041749	0.0404190357	-0.045686387	-0.0712480973	-0.0678044779	-0.0177267419	0.035668614	-0.039955017	-0.185481819	-0.1155618024	-0.0594941338	-0.1073689599	0.0150936303	-0.0368688487	0.0225318972	-0.1090973454	-0.0763298782	0.0773190735	0.0013454439	0.0066102944	0.0541591848	-0.0608264917	-0.0203175399	-0.044685701	0.0219396415	0.0159364732	-0.0441352286	-0.0280684983	-0.039549866	-0.0577191834	-0.0650904358	0.0173690687	0.0556384929	0.0090349287	-0.0131721066	0.0780047936	0.0848795038	-0.0905052642	-0.0666173079	0.0516389714	-0.050696808	0.072827778	0.0433823717	-0.0897815462	-0.066730996	0.0017560371	0.0861859898	-0.0696133184	-0.0359310155	-0.0192923318	-0.0535452338	0.2451273303	0.0408107077	-0.0040293755	-0.0778975312	0.0769541984	-0.0314000622	0.0360340284	-0.1541388332	0.0105066335	0.0878069536	0.1047848919	0.0397682184	-0.0569529809	-0.1388593992	-0.0189921117	-0.0497036661	-0.0336825358	0.0053833967	-0.1999986386	0.0494340562	0.0411709597	0.1199468864	0.0080084117	-0.0828130064	0.0173841424	-0.0196163468	-0.0633458527	0.0240245332	-0.0337669174	-0.0441477711	-0.0739322518	-0.0112577667	0.0441124302	0.023721235	0.0246343565	-0.0033389068	-0.0430485078	0.059336415	-0.0399806003	0.0369878039	0.1009008647	0.006632224	0.0273913997	-0.0515939044	-0.0749811671	-0.1213439893	-0.0602988392	-0.0007742347	0.0316634653	-0.012403813	0.1193308701	-0.0241182864	-0.0778430655	0.2480266916	0.0322465624	-0.0546991412	0.1553076251	0.0145469887	0.0241391189	0.0623555452	0.0313169858	0.1433485348	-0.0385309169	0.0420232115	0.0484723393	0.0783612096	-0.0694057581	0.0200277586	0.201056041	-0.0399429158	-0.0868254411	0.0687368418	-0.0245097206	-0.093498352	-0.0095789112	0.1315409081	0.0709823289	-0.059084626	-0.0401318633	0.1038238878	-0.0756116809	0.0	0.0	-0.446403981692768	-0.0806034673140061	0.00649691894304	0.1992765148711571	0.2693320199676066	-0.0278750145165815	0.0725397369798312	0.0007770164342996	0.8072821629059135	0.3705056853661049	0.1372744628886071	0.6517044905460498	-0.0070770695864405	-0.0074138732428889	5.496551646162398e-05	5.008491393132112e-05	0.005710853979971	0.0019840966931268	3.261385318055062e-05	3.936639687676704e-06	-0.0024708461434477	-0.0009672082634483	9.354918248826764e-07	6.105080664590372e-06	0.0	0.0	0.0	0.0	0.0	0.0	0.0	0.0	0.0	0.0	0.0	0.0	0.0	0.0	0.0	0.0	1.0	0.0	0.0	0.0	0.0	0.0	0.0	0.0
59.3834340478764	0.2302659046187045	0.0530223868298703	3526.392239318486	62.91024851799011	0.0121157093251014	3957.699368595277	0.0001467904124503	59.15903192362795	0.3143746742540187	3499.791058140831	0.0988314358123204	59.69828126728535	49.12521163437437	1.410144	48.301846	1.1275949837337207	0.6307826788027341	0.0214039351	-0.0359872142	-0.0732669241	0.0181483318	-0.0025894362	-0.0047074639	0.0401963736	0.1313793664	0.0275896273	-0.0206413759	0.0093072569	-0.0217213933	0.0409564806	0.0343418763	0.0497178208	0.0693587708	0.1249318234	-0.0817494542	0.1066853402	-0.0893141774	0.128022553	0.0224777258	-0.1516701353	0.0035145118	-0.0571094211	-0.1393897006	-0.085257019	0.1516779395	-0.0322471631	0.0203533814	0.0069007287	-0.0594639739	0.0456073214	-0.0173734684	0.0385386542	0.0491439474	0.0205453211	-0.0203014011	0.0622258798	0.0239408006	-0.0951017287	-0.0277142233	-0.0718166936	-0.0961467947	0.0013795597	-0.0305005494	0.0947470635	0.0128307477	-0.013884147	-0.0135435897	-0.0878228753	0.1484707806	-0.1120585009	0.0594967254	0.1059124906	-0.2279090852	0.0749196289	0.116274149	0.0170318574	0.0149405607	0.101742014	0.0658401123	0.1032339403	-0.0970066922	0.0482022834	-0.0190836997	0.0334768297	-0.0188535129	-0.1908281333	0.0268925409	0.0745156702	-0.008780314	0.006426188	0.0902049787	0.0881876291	0.1551820784	0.0940945048	-0.0006773384	-0.015775268	-0.1068530652	0.0353589243	0.0941700042	-0.1124420961	-0.166915546	-0.0558755801	-0.0365698335	0.0655372374	-0.006401442	0.0600158353	-0.067362951	-0.0732053974	-0.1009077335	-0.1281634695	-0.0436254769	0.1002754235	-0.0083643914	0.051286894	0.0062512661	0.0898653582	-0.0682957017	0.0531063117	0.0069598469	0.0045424698	0.0417902126	0.0727051398	-0.1260451824	-0.1705547804	-0.1251064381	-0.0160470779	0.0541813463	0.0147031854	-0.0924150493	-0.0322406183	-0.0209152517	-0.1216226277	-0.0044621597	-0.0660243608	0.0438536211	0.030890577	-0.0072381408	-0.1211768275	-0.1198174642	-0.085630998	0.0389664459	-0.0130332129	0.0480413858	-0.1432153685	0.0977879889	0.0149834478	-0.0859770819	-0.0219846307	0.0412339565	-0.0230216313	0.1195932213	-0.0535289529	-0.041497922	-0.0231605169	0.0315940333	-0.0363428718	0.0630361284	-0.0138928943	-0.0606285865	-0.0366444511	0.1025475623	-0.0806635902	0.0	0.0	-0.3562548947932811	0.0901490868994869	0.0081268578688112	0.1269175500641717	0.2963727729831049	0.0270407530154982	0.087836820565695	0.0007312023236451	0.3135610221857732	-0.4937211407201403	0.2437605647939965	0.0983205146341869	0.0004081248416002	0.0074851944280407	5.602813562557155e-05	1.6656588633118834e-07	0.0043588201534592	-0.0013520338265118	1.899931313020208e-05	1.827995468032142e-06	-0.0009743943360283	0.0014964518074194	2.239368011928789e-06	9.494443220840316e-07	0.0	0.0	0.0	0.0	0.0	0.0	0.0	0.0	0.0	0.0	0.0	0.0	0.0	0.0	0.0	0.0	0.0	1.0	0.0	0.0	0.0	0.0	0.0	0.0
59.76572211310789	0.3822880652314921	0.1461441648184376	3571.941539701233	63.07097681025241	0.1607282922622985	3977.948115799397	0.0258335839335548	59.315067483145945	0.1560355595179956	3518.2772305301573	0.0243470958340939	59.81885392293334	49.61786731163321	0.96604	33.089901	0.1639475363899297	0.0919381187997721	-0.0010250404	-0.0205669217	-0.0554738763	0.0163480631	0.0701210961	-0.055846573	-0.0291546039	0.1218428457	-0.0112280905	-0.0882118949	-0.0596350982	0.0812703302	-0.0077081541	-0.0007222353	0.0347496705	0.1145676879	0.1570454441	0.0108511954	0.0125932273	-0.0105019582	-0.041784168	0.0110223453	-0.0820315333	-0.0041125344	0.0903894209	0.0797903945	-0.0208210114	0.1448107355	0.05005598	0.0849160838	-0.1140460269	-0.0332063128	0.0625949857	-0.0276890719	-0.0075569258	0.0606205756	0.0195532883	-0.0819940072	0.0738237286	0.0036808654	0.0885226095	0.0886054021	-0.0288787558	-0.0453483736	-0.0613598273	-0.1043407083	-0.139716508	0.042654407	0.0249312939	-0.0378350105	-0.0145089442	0.0720392785	0.0679031622	-0.0008390146	0.0009716537	-0.0895873805	-0.0372674148	-0.0414133408	-0.011057559	-0.0233432194	-0.0117848192	-0.0437369581	-0.0113977189	0.0431075705	0.001710121	-0.0072203081	0.0229650119	0.0042216679	-0.2086548318	0.037839696	0.0079711892	-0.0108127642	0.073412011	0.048616355	-0.0228924597	-0.0235592779	-0.1297270226	-0.0739555858	-0.2149507462	-0.0302064346	0.030016645	0.0282741082	0.0100142098	-0.0322734719	-0.0699426743	-0.1854902217	0.0445159849	0.0285983816	0.0109295587	0.0398033071	-0.062110407	-0.1016680126	-0.0273712624	0.0037741591	-0.059068535	0.0305519032	0.0134469588	-0.0431123674	-0.0716601604	-0.0251358609	-0.0367155836	-0.0199247918	-0.0012644923	-0.0231612892	0.0903780068	0.0119215944	-0.0318509904	0.0690528032	-0.1146686893	-0.0740540329	0.0286495792	0.0094034848	0.0526413031	-0.0894446663	0.1272764625	-0.0563442635	0.0176961707	0.0056015506	-0.0067964343	-0.0105898984	-0.1108532985	-0.1051374966	-0.0029642633	0.0489399865	0.0088867903	-0.0167462969	-0.1642619464	0.0075966867	-0.0440529758	-0.0386683974	-0.0608771107	0.0257818196	0.0162954784	0.0424841393	0.0755657704	0.0060028785	-0.0698487533	-0.0885795148	0.0207954197	0.0886286181	-0.0197442166	-0.0621536617	-0.0331113845	0.1009838109	-0.0853136375	0.0	0.0	-0.3777392997682938	-0.0214844049750126	0.0004615796571303	0.1426869785894409	0.2976916234023861	0.0013188504192812	0.088620302643948	1.739366428438206e-06	0.2531303552130524	-0.0604306669727208	0.0036518655107678	0.064074976730286	0.0017350600204993	0.0013269351788991	1.7607569689999865e-06	3.0104332747350317e-06	0.0040981476487278	-0.0002606725047313	1.679481415077319e-05	6.795015472294169e-08	-0.0010010589328561	-2.66645968278001e-05	7.11000723989127e-10	1.0021189870509938e-06	0.0	0.0	0.0	0.0	0.0	0.0	0.0	0.0	0.0	0.0	0.0	0.0	0.0	0.0	0.0	0.0	0.0	0.0	0.0	0.0	0.0	0.0	0.0	0.0
59.8728893009491	0.1071671878412061	0.0114848061497923	3584.7628732437047	64.37297976270635	1.3020029524539396	4143.880523529801	1.6952116881987758	59.2824308099881	-0.032636673157846	3514.4066027410263	0.001065152434812	59.8317955583334	50.45289452296765	0.8969439999999999	30.723152	0.1533750379763808	0.0784410077506368	-0.0006520721	-0.0238084004	-0.0099772895	-0.0207914179	0.0597063116	-0.2048353039	0.01757059	0.0377605039	-0.0593583881	-0.1302692283	-0.0061887	0.012578587	-0.0113501077	-0.0036967965	-0.0026495912	-0.021075036	0.1100463536	-0.0047274564	0.0313313817	0.0286256638	-0.1232017084	-0.0769499071	-0.056601831	0.0928178546	0.0765278778	0.1336887326	-0.0007291106	0.1458440546	-0.1297311405	-0.0402360617	-0.0360953201	0.0865616074	0.0353048493	-0.0084485893	0.2097698476	-0.0376014664	0.0892585778	0.0457623227	0.1350175957	0.0169808348	0.0718270354	0.1107772939	0.0863947691	-0.0529307106	-0.0496504778	0.0637246707	0.0946470643	1.0648e-06	-0.0987231937	-0.0840854228	0.0367937872	-0.0502082067	-0.0688712848	0.0033741308	0.0371458147	-0.0316748852	0.1279811342	0.1238329062	0.1332437328	0.0274956813	0.039717063	-0.0549505774	-0.0470449621	0.03366314	0.0028224613	-0.008279791	-0.0535806542	-0.0055458393	-0.1665070453	-0.0311149286	-0.0072823228	-0.0809748429	0.0437209836	0.0842319855	-0.0404942852	-0.1592301211	-0.0038102866	0.0178359771	-0.1351969889	0.0171578315	-0.0420468095	-0.0791650649	-0.2015528291	-0.0425497024	-0.0066309054	-0.1259442374	-0.0913108723	0.0451180433	-0.1639323051	0.0991232525	0.0100779435	-0.0741010944	-0.1076835664	0.0353749559	0.1024460613	-0.0433947336	0.1235285758	-0.0555255748	-0.0092650183	0.0019032291	0.0243985183	0.1255203491	0.0130432912	0.0439170329	-0.1759847907	0.0126663144	-0.1106984951	0.0137310463	0.1533967282	0.0999470388	0.0142177738	0.0711041738	-0.1187389831	-0.047846889	-0.0557691979	0.0704298534	-0.0355252226	0.0090501263	0.0045794578	-0.0021491538	-0.124645521	-0.0851812998	-0.0019055849	0.047098015	0.0662953639	0.0275334146	-0.1583938244	0.0655809176	-0.0424761134	0.0185785599	-0.0019217968	-0.0103204661	0.0690191038	-0.010473922	0.11299081	-0.0088943166	-0.0372678764	0.0443887295	0.0618400423	0.0335185719	-0.0232795361	-0.0636593764	-0.0295370653	0.0991370163	-0.0895386565	0.0	0.0	-0.3480363225448428	0.029702977223451	0.0008822668559368	0.1211292818105378	0.2859529101489215	-0.0117387132534645	0.0817690668226371	0.000137797388847	0.2303471245029271	-0.0227832307101252	0.0005190756015907	0.053059797766767	0.0005588948322511	-0.0011761651882482	1.3833645500469238e-06	3.123634335169852e-07	0.0046852290564542	0.0005870814077264	2.195137131144271e-05	3.446645792980117e-07	-0.0010208146726683	-1.975573981219999e-05	3.9028925552734366e-10	1.0420625959348886e-06	0.0	0.0	0.0	0.0	0.0	0.0	0.0	0.0	0.0	0.0	0.0	0.0	0.0	0.0	0.0	0.0	0.0	0.0	0.0	0.0	0.0	0.0	0.0	0.0
59.83119903757113	-0.0416902633779656	0.0017380780605241	3579.772378273453	63.85926820369477	-0.5137115590115826	4078.0061355114217	0.2638995658621107	59.44563311494332	0.1632023049552202	3533.7832964364457	0.0266349923426967	59.96885009855032	50.53564154535795	0.881893	30.2076	0.109147940234553	0.0544314129950172	-0.0071021208	-0.0481695302	-0.0129944874	-0.0127384985	0.0917671548	-0.0707231223	0.0106085672	0.0102028034	0.0145288891	-0.1221213095	-0.0737709874	0.0343052804	-0.0455844571	-0.0512553681	0.0042975427	0.0313099507	0.0305703467	0.1227719456	0.0306043433	-0.0293921878	0.0181353452	0.0227714623	-0.0846350805	0.0399887949	-0.1622700777	-0.0854483296	0.0047795883	-0.0846417087	0.0387096295	0.0574449423	-0.05652475	0.1156950582	0.0806321147	-0.081248679	-0.0661152488	0.0476365266	0.0695974607	-0.0286965628	0.0210830085	-0.0884283735	0.0019311898	-0.0865014128	0.1438552314	0.0661683709	-0.0223489967	0.034150441	-0.0219576577	0.1704242771	-0.0072518576	-0.0094256738	-0.1292941852	-0.0460516478	0.0347860659	0.1041428077	0.0317661073	-0.021796471	-0.0156289053	-0.000112694	0.0206538066	-0.0400093031	-0.0067449513	-0.2032724115	0.0229051087	0.1364168464	-0.0175050055	0.0380138659	-0.0542303651	0.0114546969	-0.1207919271	-0.0880022091	0.0261775653	0.0652226233	-0.0318098687	0.0570812804	0.0082152505	-0.0184789151	-0.0340485211	-0.1747214063	0.0534501713	-0.0184870969	0.0045617685	0.0835219176	0.2135529846	-0.0025042168	-0.0497616169	0.0943496236	-0.0607829044	0.0817831251	-0.0377569962	-0.007013324	-0.0623692697	-0.0427197493	-0.0697789055	-0.0485605524	0.0612543572	-0.0692770556	0.0308201299	-0.1017831959	0.0807469723	-0.0052619282	0.0880698593	0.0715857943	0.056429221	-0.0963241617	-0.0166661954	0.0483502459	-0.0167878623	0.0222721909	-0.1132949724	-0.0618865051	-0.0421546441	-0.1305605404	-0.0626322984	0.2124932133	0.0662452913	0.0951760597	0.0721472102	-0.0092453407	0.0540025937	-0.0193506763	-0.1019641974	-0.0773764862	0.0058555092	-0.014397163	0.1291449711	0.0207981768	-0.0880024242	0.0508977998	-0.0550254887	0.0224309529	0.0527493059	-0.0494403615	0.0174885843	0.0730298023	-0.0246073916	0.0158160443	-0.0197960324	0.0315149803	0.0769721549	0.0624387772	0.1423394447	-0.0651452616	-0.0259259465	0.0970123549	-0.0933175984	0.0	0.0	-0.3320897585259388	0.0159465640189039	0.000254292904009	0.1102836077178163	0.2816801461955549	-0.0042727639533665	0.0793437047607492	1.825651180118868e-05	0.1886772606358846	-0.0416698638670424	0.0017363775546978	0.0355991086810615	0.0002779126210076	-0.0002809822112434	7.895100303528682e-08	7.723542491531392e-08	0.0043413318748493	-0.0003438971816048	1.884716244758254e-05	1.1826527151579333e-07	-0.0013411102477247	-0.0003202955750564	1.0258925540070998e-07	1.7985766965522064e-06	0.0	0.0	0.0	0.0	0.0	0.0	0.0	0.0	0.0	0.0	0.0	0.0	0.0	0.0	0.0	0.0	0.0	0.0	0.0	0.0	0.0	0.0	0.0	0.0
59.89436339971465	0.0631643621435174	0.0039897366449974	3587.334767057078	64.07081097237607	0.2115427686812978	4105.0688186579455	0.044750342981349	59.35498442544304	-0.0906486895002771	3523.014176144586	0.0082171849081176	59.89820072352886	50.8890919435642	0.911434	31.219458	0.2334547571059677	0.1206263156781675	-0.0698194612	-0.0029248357	0.0397466487	-0.0253736507	-0.019156481	-0.0747102331	-0.0078168119	0.026539727	0.010074086	-0.0864956271	0.0021960052	0.0541408281	-0.0666302526	0.0237766456	0.0108706771	-0.0639278195	0.0335569909	-0.0180672471	0.0581240254	0.0939751229	0.017356769	0.0465269877	0.0227714389	-0.0566464563	-0.0231263334	-0.1634605708	0.0401582852	0.0785301743	0.0647816258	-0.095697593	-0.1166476775	0.0550678008	-0.0197816982	0.0284712684	0.012091413	0.0438985838	0.0290415946	0.0888888918	0.0536845971	0.0345215839	0.0945277605	-0.2468562312	0.0431686188	0.0393361503	0.0522959631	-0.0114305992	-0.0583060452	0.0513772612	-0.1787719776	-0.029699429	0.0411381473	0.0124447882	-0.0178713853	-0.0194754028	-0.0500502026	0.1376959551	0.0070053756	-0.1203559988	-0.0422070218	0.0193392175	-0.0568226123	0.1168875043	-0.0362451174	-0.043893203	-0.0597888035	-0.0212809701	-0.0284929063	-0.0188731212	-0.0634610872	0.0026212159	0.0960498096	0.1157764602	0.0142138752	0.0539303305	-0.0186592664	0.0184893498	0.0355801639	0.1596314032	-0.0927810203	-0.1315792325	-0.0593598056	0.1039043792	-0.0059326162	0.05580415	-0.043769521	0.0607768712	-0.0476324268	-0.1740065379	0.036771838	0.199484924	-0.0243810766	-0.0237777273	0.0127663822	0.0563223448	0.0751120053	-0.1231191951	-0.0160394903	-0.0536225982	-0.0054090958	0.0529859005	0.1165955632	-0.0495104147	0.0381382429	-0.0205368677	-0.1065316311	-0.0250501115	0.1220066679	0.0175123703	0.013083687	-0.0286313583	-0.0298999906	0.0225740391	0.0127676679	-0.0059413766	-0.079610317	0.088935696	-0.0419256738	-0.0771055162	-0.0003200138	-0.0465788091	-0.0526260421	-0.0281231062	-0.0085897631	0.0344139036	0.0658317488	0.0197381101	-0.0857794805	0.0075106106	-0.0560104285	0.1168114973	-0.0942966436	-0.0579064515	0.0361349042	-0.0217305352	0.0037690432	-0.0405541236	0.0214875058	-0.0430418368	-0.0334762828	-0.0011792561	0.0556571775	-0.0666108546	-0.0222825273	0.0946157819	-0.0966316368	0.0	0.0	-0.3144671063107154	0.0176226522152234	0.0003105578710987	0.0988895609514347	0.260948727863294	-0.0207314183322609	0.0680942385734714	0.0004297917060672	0.0822158909347763	-0.1064613697011083	0.011334023238636	0.006759452722199	0.0012019533543444	0.0009240407333367	8.53851276865611e-07	1.4446918660197543e-06	0.0038109020804755	-0.0005304297943738	1.4522974666972496e-05	2.813557667594318e-07	-0.0010227944382878	0.0003183158094369	1.0132495453746892e-07	1.0461084629924562e-06	0.0	0.0	0.0	0.0	0.0	0.0	0.0	0.0	0.0	0.0	0.0	0.0	0.0	0.0	0.0	0.0	0.0	0.0	0.0	0.0	0.0	0.0	0.0	0.0
59.81972201417027	-0.0746413855443819	0.005571336435985	3578.399141852607	64.4478590792798	0.3770481069037288	4153.526539902707	0.1421652749196857	59.32119483870999	-0.0337895867330502	3519.004157092193	0.0011417361715903	59.8447515450418	50.78698333463701	0.8539299999999999	29.249765	0.1035389383575854	0.0506394170606039	-0.0606141693	0.0164266264	0.0748568604	0.0289295344	-0.0242631838	-0.0883012073	-0.075629146	-0.0001592612	-0.0555456992	-0.1387215092	0.0390724857	0.0269212275	-0.0459498284	0.0340073234	0.0374686722	0.0344227095	-0.0664688665	0.1121833846	0.0299350788	-0.0306099393	-0.0477340679	-0.0635300142	-0.0666691224	-0.0029507901	0.0541805198	-0.0514559105	-0.0221658746	-0.0163813773	-0.0551354658	-0.0318746755	-0.0230112982	0.0330174384	0.028681384	0.0245760405	-0.0155846276	0.1170210151	-0.0627508227	0.1076020614	0.0263902511	0.0129023002	0.0420820568	0.0081469913	-0.0347502315	0.012911318	0.1617076471	0.1038376764	0.0166469114	0.0275775708	-0.0189816671	-0.0325529617	0.0493360788	-0.0006226137	-0.065791144	-0.0060670144	-0.119935222	0.0193024088	0.0096572128	0.0644299436	-0.0459261594	-0.0860703381	-0.1223077005	0.0408933322	-0.0703101748	0.010082119	-0.0493060175	-0.0333846597	0.0186490484	-0.0340474662	-0.0257900741	-0.0536140897	-0.0684333509	-0.0051087721	-0.0488599033	0.0728431602	-0.0153496612	0.0949861872	-0.0714893761	-0.0591342671	-0.0621044034	-0.0620358274	-0.0130751431	-0.1093294447	0.0015188408	0.0427331636	-0.0576871925	0.0575985166	0.0332949029	-0.0415619662	0.0706727439	0.038330361	0.0238089274	0.1008366427	-0.0313499713	0.0860945747	0.0633658084	-0.0375360544	-0.0204237666	0.0615004122	0.011204005	0.0981337577	-0.0283007686	-0.0387883692	0.0037677837	0.0042487551	0.0664906408	0.0174685524	0.0148947058	0.0012478649	0.0302619215	-0.0268024263	0.1332851912	0.0167690163	0.0218205393	-0.0311780444	-0.0653883821	0.0216240666	0.1343438144	-0.0597213375	-0.0262903691	-0.0143392123	-0.0629407893	-0.017272757	0.0354076341	0.0787849985	0.0213158657	-0.0230379192	-0.0592232766	0.0767762037	-0.0468362912	0.0457330177	-0.0066523901	-0.1795859702	-0.0107507854	-0.0698415736	0.0282017022	-0.0536865539	0.0195498451	-0.042176129	-0.0028333222	0.0454019989	0.132639274	-0.0680556987	-0.0186113467	0.0919540145	-0.0994642612	0.0	0.0	-0.3258951637873508	-0.0114280574766353	0.0001306004976892	0.1062076577799842	0.2699345792397878	0.0089858513764938	0.0728646770693612	8.074552496043598e-05	0.1196012927013825	0.0373854017666062	0.0013976682652505	0.0143044692158417	0.0008234745667158	-0.0003784787876285	1.4324619268481485e-07	6.781103620277745e-07	0.0038108704868953	-3.1593580199912326e-08	1.4522733867889622e-05	9.981543098482917e-16	-0.001559076611836	-0.0005362821735482	2.875985696655817e-07	2.4307198815740214e-06	0.0	0.0	0.0	0.0	0.0	0.0	0.0	0.0	0.0	0.0	0.0	0.0	0.0	0.0	0.0	0.0	0.0	0.0	0.0	0.0	0.0	0.0	0.0	0.0
59.79926982433253	-0.0204521898377407	0.0004182920691589	3575.9526715233264	64.37596033989115	-0.0718987393886436	4144.264269683238	0.005169428725676	59.33582761829768	0.0146327795876857	3520.7404391483374	0.0002141182384617	59.892139069736	51.03074182131325	0.8387219999999999	28.728861	0.0624819926480693	0.0369591943153131	-0.0564706727	-0.0379712469	0.0604250606	-0.0278738754	0.0210933231	-0.0760282029	0.0809434205	0.0355261825	-0.0425263949	-0.0274131603	0.0301485276	0.027496045	-0.0513414982	0.0331514095	0.0105207696	0.0082071192	0.0533755755	0.0166090766	0.0074688765	0.039967729	-0.0189997983	-0.1122155081	-0.0445767604	-0.0538634088	-0.0431097585	-0.0166448675	-0.0305223146	-0.0038128002	0.116949707	-0.0005844575	-0.0793876912	0.0318113646	0.0027182157	-0.0469563225	-0.0758532193	0.12862367	0.0451567333	0.0339869075	0.0126856345	0.0969390964	0.0816905587	0.1432616575	0.0468540996	0.0809915124	0.0383869093	-0.0215273121	0.0443435406	-0.0409019553	0.1911545464	-0.1118248615	0.0093542771	-0.0582610772	0.0842571401	0.2190347169	0.0266244749	0.0316827696	-0.0670933041	0.0533088838	-0.0390097363	-0.0107925358	0.0860496113	-0.0432310063	-0.0328293476	0.0953696722	-0.0476691446	-0.0299900058	-0.030650683	-0.0317105476	-0.0581514744	0.0153723453	-0.0485511264	-0.0073143802	-0.0632001858	0.0759185584	-0.0418096723	0.048379352	-0.1188461611	-0.0236390312	-0.0966271254	-0.0595780067	-0.0340830627	0.1032477106	0.06992317	0.0295715261	0.0173889693	-0.0272013651	-0.0615285887	0.0463492259	0.0229988866	0.0184559687	-0.0267276771	0.0924851317	0.0169527424	0.1380762416	-0.0042814407	0.0084755004	0.0447327812	-0.0279563597	-0.0475905975	-0.040876501	-0.0880336413	-0.1304209376	-0.1031583453	-0.1022854078	0.123082127	0.067545178	-0.0718376248	-0.1034110099	0.1715498522	0.0442491211	-0.0198192306	-0.0201167334	-0.0673573255	-0.0086189759	0.0145258055	-0.0947229739	0.1402270638	-0.0534125378	0.03818669	-0.0386597728	-0.0777386293	-0.0552089437	0.0393895801	-0.0105608307	0.0575833183	-0.0212693041	-0.0181601202	0.026734181	-0.0390454119	0.1043722879	-0.0342759964	-0.1281556123	0.0449074057	-0.0158663272	-0.0710468661	-0.0158413666	0.0759029534	-0.042540388	-0.0273644297	0.0503586374	0.1210721841	-0.0694793439	-0.0149169788	0.0890345132	-0.1018013597	0.0	0.0	-0.3258171131596299	7.805062772087146e-05	6.091900487622068e-09	0.106156791227675	0.2610556629009295	-0.0088789163388582	0.0681500591326437	7.883515535244468e-05	0.0941480876072873	-0.0254532050940952	0.000647865649562	0.0088638624001094	0.0003862382185699	-0.0004372363481459	1.911756241399627e-07	1.4917996148404982e-07	0.0038117368018519	8.663149565998375e-07	1.4529337446592153e-05	7.505016040285784e-13	-0.0014357428631906	0.0001233337486454	1.5211213554926708e-08	2.061357569202742e-06	0.0	0.0	0.0	0.0	0.0	0.0	0.0	0.0	0.0	0.0	0.0	0.0	0.0	0.0	0.0	0.0	0.0	0.0	0.0	0.0	0.0	0.0	0.0	0.0
59.86900707736527	0.0697372530327413	0.0048632844605525	3584.2980084296123	64.18585586294215	-0.1901044769490028	4119.824092858385	0.0361397121560539	59.432620779609294	0.0967931613116164	3532.2364127328465	0.0093689160766965	59.96658224165439	52.037611677996246	0.957759	32.806244	0.3333943205094909	0.1798156114317785	-0.1154013974	-0.0446342408	0.1046660144	-0.1082845081	-0.0205931734	-0.0581192007	-0.0082342638	-0.0769573528	0.0262386825	0.0480906115	0.0599449284	0.0149605554	-0.1083502554	0.0311250381	0.0422460324	-0.0265450908	-0.0992398569	-0.0240079385	0.0531752653	0.1081772614	0.0248669314	-0.0363615468	0.0697279305	-0.0323690383	0.0164579769	-0.0077571117	-0.0006237565	-0.0959291005	0.0612113552	-0.152530957	0.1027225784	-0.035499264	-0.0570171243	-0.147030664	-0.1270520848	-0.0558767805	-0.0724655908	-0.0480576082	-0.0171721886	0.0957412526	0.1395591538	0.0213726031	-0.0302534076	-0.2487683097	-0.0476831213	-0.0418814705	0.1630730944	-0.0330245414	0.013388388	0.0831247144	0.0520981357	0.0440218742	0.045791105	-0.0066286198	0.0744694925	-0.0695070454	0.0891196699	0.0621561611	0.0906305387	0.0253965268	-0.0703749869	0.0419229772	0.0370937519	-0.0074221065	-0.1245560273	-0.0285471724	0.0227275525	-0.0374319875	0.1072957458	0.0371059026	0.066164944	0.0139087715	0.04282937	0.0911158096	-0.0837554066	-0.0075662054	-0.0449891424	0.1258528116	0.0755835209	-0.009122285	-0.0970813422	0.0386477113	-0.0141241516	-0.0284092642	0.2370490338	0.0644760369	-0.0373917412	0.1049020499	0.0831123674	-0.1292395138	0.0551344005	3.47339e-05	-0.0783760299	0.036860288	-0.1677418548	0.0365774425	-0.0353645699	0.0649606719	-0.0300900293	-0.1137825515	-0.0024754697	0.0584811031	0.0263206506	0.0288283775	0.0074431775	-0.0361260625	-0.1073421164	-0.0255259195	-0.0044948978	-0.0725092124	-0.0374371035	0.0668387172	-0.0259449504	0.0642015035	-0.0502477342	-0.1012428395	0.0400308088	-0.1063490349	0.0087992271	-0.1277371368	0.0532511128	0.0851185992	0.0046176058	-0.0968990791	0.026165064	0.031545303	-0.0005910514	-0.0192202536	-0.0171532593	0.0340269169	0.0512006832	0.1223337311	-0.0204434398	0.023972505	-0.0378186219	-0.0802816419	0.0863546333	0.0883832325	0.0678216738	0.1828111088	-0.0359354649	-0.0708813468	-0.0112040262	0.085865461	-0.1036312889	0.0	0.0	-0.3057189605207782	0.0200981526388517	0.0004039357394945	0.0934640828219051	0.3130180108311435	0.0519623479302139	0.0979802751046858	0.0027000856024206	-0.0522249309375979	-0.1463730185448852	0.0214250605579413	0.0027274434114368	0.000384880608413	-1.3576101569000017e-06	1.8431053381180472e-12	1.4813308273236104e-07	0.0053728916524711	0.0015611548506192	2.886796470919363e-05	2.4372044676118567e-06	-0.0006990392960559	0.0007367035671347	5.427321458289914e-07	4.886559374303282e-07	0.0	0.0	0.0	0.0	0.0	0.0	0.0	0.0	0.0	0.0	0.0	0.0	0.0	0.0	0.0	0.0	0.0	0.0	0.0	0.0	0.0	0.0	0.0	0.0
59.78138519125576	-0.0876218861095097	0.0076775949253878	3573.8140153852933	64.19146589522666	0.0056100322845082	4120.544293778047	3.1472462233225335e-05	59.43259850546148	-2.2274147816858655e-05	3532.2337651113817	4.961376609672694e-10	59.98424460589886	50.82643411690503	0.87516	29.976969	0.1533833059370676	0.0766656335203937	-0.1121723319	0.0474053428	0.1179421331	-0.0546573289	-0.0148433112	0.0300244906	-0.0755928809	-0.0363255846	0.1299718505	0.0374500542	0.0322201424	0.0381758964	-0.1061873866	0.0424430922	-0.0131775136	0.0842124175	8.3316e-05	-0.0221881617	-0.1061417309	-0.1000962989	0.1042304146	-0.1570498719	0.0301171516	0.0255945643	0.0331787769	0.1005478617	-0.1095099975	-0.0529438537	0.0386568001	0.0861627196	0.0419207017	0.052864776	0.0372432165	-0.0142061783	0.0552485457	-0.0399182852	0.0967061742	0.0524391511	0.0527402597	0.0172571137	0.1114987567	0.0012396388	-0.0563826724	-0.1097932237	0.0025459466	0.0729149641	-0.0168154445	-0.0262057231	-0.02917837	-0.0238624256	-0.1136297035	-0.0577582818	0.1241540574	0.1200199824	0.0117726335	0.0279437369	-0.0457172067	-0.0374735067	0.0926022635	0.0010514489	-0.0383187064	0.047830706	-0.0506345018	-0.0951016931	-0.1166487771	-0.0320549647	0.0300178632	0.0230192616	0.0739217119	0.1149452095	-0.031673052	-0.0350740981	0.0660559898	0.0749331394	0.0506045638	0.0335640215	-0.0032763466	-0.1545634134	0.022400547	0.0752896925	0.0171059254	-0.0579954694	0.0462703653	-0.0499025696	0.1226391284	-0.0220020716	-0.0228969867	0.037259093	-0.0602248715	0.1334694057	-0.1210570463	0.0917868688	0.0196641696	0.039358037	-0.066411599	0.0574578992	0.0390900131	0.0533023748	0.0344897454	-0.0702779571	-0.0859526311	0.0336756035	0.0005529405	-0.0041382827	0.0431025922	-0.0113261152	-0.0375723308	0.1542932639	0.1022984105	-0.006287603	0.0476711946	-0.0436236834	-0.0657805104	0.0608083893	-0.1213783664	0.0717289425	0.0459931546	-0.1152853589	-0.0159469181	-0.1179591026	0.0442710877	0.0921424123	-0.0244749682	-0.0919056958	0.0438920138	0.0634230412	0.061072136	-0.0899522721	0.0468800318	0.130985361	-0.0031524114	0.159147286	-0.0630118094	-0.1185491539	-0.125886108	-0.0784527705	0.0152615653	0.2098881945	-0.0659446638	0.1725807814	-0.1633978054	-0.0722612707	-0.0074771147	0.0824557403	-0.1049449322	0.0	0.0	-0.2739845812761956	0.0317343792445825	0.0010070708260389	0.0750675507770922	0.3136872862794746	0.0006692754483311	0.098399713573381	4.479296257388206e-07	-0.0251121800956539	0.027112750841944	0.0007351012582173	0.0006306215891565	-0.0005723550081083	-0.0009572356165213	9.163000255369132e-07	3.275902553066522e-07	0.0046591587494084	-0.0007137329030627	2.1707760252188847e-05	5.094146569143096e-07	-0.0004926698075957	0.0002063694884602	4.2588365767324623e-08	2.427235393163841e-07	0.0	0.0	0.0	0.0	0.0	0.0	0.0	0.0	0.0	0.0	0.0	0.0	0.0	0.0	0.0	0.0	0.0	0.0	0.0	0.0	0.0	0.0	0.0	0.0
59.74851441297799	-0.0328707782777684	0.0010804880645862	3569.884974557838	64.33873342960439	0.1472675343777325	4139.472619325693	0.0216877266816966	59.48396676982672	0.0513682643652444	3538.3423026738496	0.0026386985838976	60.00708781555295	51.279069712301336	0.826655	28.315504	0.2348421370452355	0.1263744734036258	-0.1125942133	0.024505416	0.1090455029	-0.0732987805	-0.0022235276	0.0232939277	-0.0762895284	-0.0716344195	0.0980717774	0.0348919636	0.0532240807	-0.0435984624	-0.1175867874	0.0141717229	-0.0127332028	-0.0388433905	-0.1556322102	-0.1089286177	-0.0419040375	-0.0566170571	0.0975077658	0.0719791516	0.1379098811	0.2257608516	0.0331519828	-0.0019786438	0.0159308147	-0.0631112634	-0.1581306662	0.0181144515	-0.0655787448	0.154672951	0.0307586968	0.0306825851	-0.00773434	0.0200696295	-0.1294646897	-0.0611545661	-0.1686153841	0.1205540961	-0.0425920013	0.1012600825	-0.0263704855	0.1155464132	-0.0317615955	0.0837855956	0.1083124403	-0.0363178631	0.0536034165	-0.079303321	0.0575093701	-0.0529631417	0.0888741036	-0.0818172408	-0.0082919006	-0.0970658855	-0.0053541789	0.0177828953	-0.0389458026	-0.00015608	0.0636340349	-0.0160406588	-0.0715574696	-0.0709689244	-0.1176198852	-0.0238296866	0.003544084	0.0208409252	0.1642105099	-0.0021262903	0.107780093	-0.018860255	0.1251538473	0.0469476693	0.0332218015	-0.0630842921	0.1643993738	-0.0178032524	0.0332826671	0.0184818054	-0.0194400657	-0.21557594	0.161750959	0.0717800016	-0.1314031581	0.0881869194	0.0058804149	0.0150962971	-0.0156771385	0.026251793	0.1457015494	0.0802026211	-0.0055885915	-0.0527585391	-0.0587018111	-0.0095433933	0.1651678202	0.0501111951	0.0942989781	-0.0654769119	-0.0353047237	0.0502555132	-0.0030335813	-0.0515686147	-0.0296617892	0.0067406747	-0.0019686914	-0.0926688957	0.0805055716	0.0946483226	0.1068525136	-0.0228827761	0.0518261842	-0.0844873199	0.035311917	0.030082304	-0.0473509745	-0.1104778082	-0.0228773436	-0.1218172751	0.0599635042	0.049791258	-0.0086628935	-0.0508397716	-0.0229746755	0.0431265698	0.0194889839	-0.078986744	0.0524057542	0.0621556332	0.0201895422	0.0231277941	-0.1322483875	-0.0716180915	-0.0418752126	0.110351317	-0.0089944729	0.0564778663	-0.064032358	0.0500979623	-0.0261565044	-0.0736186857	-0.0037408877	0.078814908	-0.1057357452	0.0	0.0	-0.2978852074998173	-0.0239006262236216	0.0005712399338812	0.0887355968472092	0.3392586962676773	0.0255714099882026	0.1150964629932441	0.0006538970087847	-0.0697733596738601	-0.0446611795782062	0.0019946209613167	0.0048683217201778	0.0014657283852611	0.0020380833933694	4.153783918328128e-06	2.148359699360112e-06	0.0052770504306116	0.0006178916812032	2.7847261247218075e-05	3.817901297001174e-07	-0.0006508731581272	-0.0001582033505314	2.5028300119392653e-08	4.236358679704752e-07	0.0	0.0	0.0	0.0	0.0	0.0	0.0	0.0	0.0	0.0	0.0	0.0	0.0	0.0	0.0	0.0	0.0	0.0	0.0	0.0	0.0	0.0	0.0	0.0
59.64971740421413	-0.0987970087638601	0.0097608489406862	3558.088786402606	64.27080636328839	-0.0679270663160025	4130.736550587311	0.0046140863382986	59.42929585263043	-0.0546709171962902	3531.8412055394765	0.0029889091870836	59.97618044093251	51.28640533939349	0.8164479999999998	27.965904	0.079242359479832	0.0429505189357011	-0.110993224	0.0175237086	0.1120838105	-0.0589282311	-0.0223726891	0.0612592792	-0.0551357037	-0.0810122208	0.0524670506	0.0465306219	-0.0397063979	-0.1309475278	-0.0877845081	0.0174857865	-0.0356210594	-0.0610436409	-0.122548162	-0.0628475136	-0.0618448307	0.1521085307	-0.155420848	-0.1065944605	0.0228722057	-0.1686946031	0.0043124564	-0.0452351798	0.0469857068	-0.0625569418	0.0584236407	0.1381933815	-0.0077481716	0.0094817683	-0.0691254293	0.0175809459	-0.063987476	0.0426710452	0.0211613378	-0.0110448515	-0.0020462897	0.0933183831	-0.0177161654	0.0513375019	0.009411425	0.0585876406	0.0655278973	-0.1903242423	0.0174667198	0.016576682	-0.0749116278	0.0049756852	-0.1076703216	-0.080419823	0.0623343565	-0.0453171404	-0.0148498284	-0.1005057048	0.0498256709	-0.0061367285	-0.0748312282	0.0361779982	-0.0051571013	0.0743084241	-0.0771799944	0.0566509158	-0.1014031383	-0.0143325355	-0.0273100434	0.0128895217	0.1437365689	-0.0074468895	-0.0341645834	-0.0581730083	-0.0632976292	-0.1101810993	-0.0120869808	-0.0857121792	-0.0374414772	0.0282874474	-0.1238096497	-0.0798548063	0.0700157848	0.108898737	0.0394386171	0.0337032836	0.0099082501	0.1297914793	0.0007739343	0.0373479951	-0.0099322931	-0.0233895385	0.0583062207	0.118496671	0.020531581	0.1390652168	-0.0552111179	-0.0793564559	0.0446120837	-0.2794416965	0.0092874715	-0.0372158017	-0.0905952147	-0.0250933593	0.0827851094	0.0458829494	0.015683129	0.0175519913	-0.1245418633	-0.000377597	-0.0556114609	-0.1900699456	-0.0517006382	0.0473821907	-0.0260358391	-0.0911281818	-0.0158856038	0.1044210156	-0.0595439778	-0.1049811605	-0.0184492744	-0.1156602695	0.0486541909	0.0489011707	0.0609043279	-0.0551456036	-0.0182320083	0.0461163191	0.0476443463	-0.0741737259	0.0443173245	0.0632373854	0.0425460606	0.000589586	-0.0755014727	-0.0875584347	-0.0296060067	0.0357936794	0.0791087674	0.0076223574	-0.0292065261	0.0259259898	0.0176412221	-0.0749531689	-0.0	0.0749531689	-0.105999788	0.0	0.0	-0.3236830362256881	-0.0257978287258708	0.0006655279669693	0.1047707079402801	0.3414387292325074	0.0021800329648301	0.1165804058199095	4.75254372774593e-06	-0.0563110807244839	0.0134622789493761	0.0001812329545108	0.0031709378123593	0.0008987833099197	-0.0005669450753414	3.2142671845386576e-07	8.078114381902115e-07	0.005465238155611	0.0001881877249993	2.986882809754632e-05	3.541461984044954e-08	-0.0006499615816729	9.115764543000168e-07	8.309716320341905e-13	4.224500576507378e-07	0.0	0.0	0.0	0.0	0.0	0.0	0.0	0.0	0.0	0.0	0.0	0.0	0.0	0.0	0.0	0.0	0.0	0.0	0.0	0.0	0.0	0.0	0.0	0.0
59.73034466517792	0.0806272609637872	0.0065007552105226	3567.714073820948	64.39971300896178	0.1289066456733962	4147.323035636641	0.0166169232987665	59.53305478163168	0.1037589290012448	3544.1846116327583	0.0107659153474853	60.09111366793513	51.45703216739894	0.868275	29.741123	0.1059746164276626	0.0535712630869441	-0.1227966043	0.0221359795	0.1119515501	-0.0654806412	-0.0259781235	0.0277571516	0.0536829322	-0.1040404806	0.1728601799	0.101839171	0.0129796126	-0.0399907872	-0.1120896944	0.0297015421	-0.0058168114	-0.0230501407	-0.0778511078	-0.0994842426	-0.1837067187	-0.065432368	0.0015573363	-0.0329782447	-0.0180478054	-0.047827543	0.02632125	0.1604746969	-0.0273536737	-0.0455702902	-0.0452238177	0.0254549753	0.0124721484	0.0423031037	0.1248459855	0.0897179813	0.0880884671	-0.0023398999	0.0921533993	-0.0330404943	0.1051997113	0.1245765343	-0.059575853	-0.059956631	-0.0365400984	0.0030944024	-0.038678228	-0.103562661	0.0273607196	-0.0171575799	0.0128701294	0.1489693916	-0.0804643003	0.0322695927	-0.0030409163	-0.0547332998	-0.1529858961	-0.0121165791	-0.0153823439	-0.1349623409	0.1190285654	0.1006042817	0.0806889674	-0.039691464	0.0717560531	-0.0554174306	-0.1292420812	-0.0107943508	0.0158451243	-0.0186873999	0.1469287249	0.1202782607	-0.0583561557	-0.0324457564	-0.0370629252	-0.1141227336	0.1014363052	-0.0123214961	-0.0270133005	-0.1364772302	0.0029645024	0.0686277139	0.0647678833	-0.0351038242	-0.0804873781	0.0006308425	-0.0241877047	-0.1429384809	-0.0949601226	-0.046376094	0.0472313234	0.020680522	0.0483502637	-0.0827883864	-0.0071477518	-0.0261386214	0.0415373981	0.0408952489	0.086538353	0.0030076999	0.0893563842	-0.1662977548	-0.0117414367	-0.0889650782	0.0570892683	0.1018858796	-0.05802046	-0.0535665979	-0.0496065002	0.0265962841	0.0062889941	-0.0356916992	-0.0715769549	0.0200326608	0.1038803436	0.1653108933	-0.0041208516	0.0149667586	-0.1498298478	-0.1137726802	-0.0297927275	-0.1323045744	0.0942291033	0.0588532998	-0.0566010641	-0.1036194677	-0.035628576	0.0467795886	0.05951504	-0.0596696803	-7.45678e-05	0.0646520007	0.0700752766	-0.0095107535	-0.0625000462	-0.0820912261	-0.04504665	-0.0608581109	0.0053905433	0.0318513509	-0.0555207307	0.0467099453	0.1442955298	-0.0762643048	0.0037408877	0.0708813468	-0.1057357452	0.0	0.0	-0.320060839660627	0.0036221965650611	1.3120307955940655e-05	0.1024389410842655	0.3434111178358279	0.0019723886033204	0.1179311958532528	3.890316802508578e-06	-0.0910358096013652	-0.0347247288768813	0.0012058067955729	0.008287518629776	0.0013951105854055	0.0004963272754858	2.463407643911573e-07	1.946333545510477e-06	0.005667008395582	0.000201770239971	3.211498415559687e-05	4.0711229737954966e-08	-3.495304948170465e-05	0.0006150085321911	3.7823549466796853e-07	1.2217156680704936e-09	0.0	0.0	0.0	0.0	0.0	0.0	0.0	0.0	0.0	0.0	0.0	0.0	0.0	0.0	0.0	0.0	0.0	0.0	0.0	0.0	0.0	0.0	0.0	0.0
59.77428613197746	0.043941466799545	0.0019308525044955	3572.965282587513	63.64544724403544	-0.7542657649263447	4050.742954893298	0.5689168441399238	59.35933267758406	-0.17372210404762	3523.5303759280982	0.0301793694347321	59.88218411579728	50.63715814150944	0.876062	30.007879	0.1239455003638462	0.0554033563916382	-0.1067983246	0.0629956522	0.0771976863	-0.0536853667	-0.0395400176	0.0764927316	0.0471886733	-0.0296095173	0.1202373911	0.1262527248	0.0499757385	0.0684015182	-0.0847474813	0.0527502836	0.0195648892	0.0088928548	-0.0743041781	-0.0270028563	-0.0686508548	-0.0195259307	0.0228782342	-0.098982486	0.1327431815	-0.016381376	-0.0175882128	-0.0592608351	0.0274449624	-0.0060868063	-0.0303547063	0.1051134928	-0.0545732929	-0.1571885519	-0.0488394025	-0.0475025944	0.0957830368	0.1149500267	-0.0504066521	0.197232491	0.0334836167	-0.0143934498	-0.1352476885	0.0949334501	-0.0888700058	0.0043390586	-0.1115348926	-0.0580779942	-0.0086192346	0.0333032398	-0.0311268094	0.175381259	-0.0025690082	0.0057648428	0.0033307447	0.0183227748	0.1056223604	0.0678968439	-0.0658814756	-0.086131602	-0.0231645563	-0.0081785899	-0.0145865331	-0.0062668029	-0.035065506	0.0721182685	-0.0942180215	-0.0454267051	0.0710330637	0.0107442766	0.099028099	0.0283142836	-0.038557183	-0.0216973472	0.0295057602	0.0116256031	0.0285716791	-0.0508080691	0.1684101548	-0.0010968307	-0.014472409	-0.0301338568	0.1053082449	0.0811282607	-0.0208950272	0.0661247139	0.0007254053	-0.0360374971	0.1688377322	0.0624618551	0.0723428953	0.0814587113	-0.0165974711	0.0819532083	0.0626514693	-0.0273700518	0.0289345305	0.1390326888	0.0316353503	-0.052795105	-0.1068206317	0.0973122534	-0.0059114476	-0.0448916568	0.0362180643	0.1053050191	-0.0144064129	-0.0787938237	0.0084482041	0.0064603553	-0.0380314346	-0.1384985742	-0.1368810611	-0.0245080503	-0.0059547503	-0.0431156511	0.0247928547	-0.0592192071	0.0772999835	-0.1089627454	-0.0466764621	-0.1190952741	0.0681574057	0.049756448	-0.0099604502	-0.0739479817	-0.0467197853	0.0523683294	0.0069681399	-0.0314644827	0.048626674	0.0333092392	0.0032861804	0.0743196249	0.0303209722	-0.0167759853	0.003289013	0.0497207788	-0.0797771432	0.0128913037	-0.0723277794	0.0093649195	-0.0325874881	-0.0775516848	0.0074771147	0.0666108546	-0.1049449322	0.0	0.0	-0.31347974553384	0.0065810941267869	4.331079990563007e-05	0.098269550859961	0.3102090411797462	-0.0332020766560817	0.0962296492296574	0.0011023778942763	-0.0747786124131124	0.0162571971882528	0.0002642964604177	0.0055918408744304	0.0017238258693039	0.0003287152838983	1.0805373786840561e-07	2.9715756276813464e-06	0.005116581429214	-0.000550426966368	2.6179405521777577e-05	3.029698453050795e-07	-0.0005139134470698	-0.000478960397588	2.294030624577464e-07	2.641070310791641e-07	0.0	0.0	0.0	0.0	0.0	0.0	0.0	0.0	0.0	0.0	0.0	0.0	0.0	0.0	0.0	0.0	0.0	0.0	0.0	0.0	0.0	0.0	0.0	0.0
59.67280998908862	-0.1014761428888419	0.0102974075755966	3560.8442519938744	63.877235463325015	0.2317882192895766	4080.301210437067	0.0537257786014328	59.384478551761006	0.0251458741769496	3526.516292864563	0.0006323149881229	59.97772931009531	50.67993136303953	0.834257	28.575911	0.0592951250435857	0.0280845298238883	-0.1073557457	0.055542997	0.0918858384	-0.0491082336	-0.0239288161	0.0946754473	0.0070793174	-0.0803318317	0.0359690751	0.0389143772	0.0710974325	0.0054436349	-0.0876068067	0.0472519667	0.0013051994	0.0262148876	-0.1177493182	-0.0039716626	0.0511092492	0.0303603738	0.1235228227	-0.0319148284	-0.0111840442	-0.0785451384	0.0836964942	0.0067641985	0.0316926663	-0.0241742358	-0.07011204	-0.0147508745	-0.1426748042	-0.0610549372	0.045838146	-0.0701099183	-0.2144749565	-0.0078537777	-0.0663860125	0.033311502	-0.0861193856	-0.0572570481	-0.0200655324	-0.0529509414	-0.087918906	0.0521007013	0.0062177954	0.0036447625	-0.1091251616	0.0865881981	0.202136503	0.124722842	0.0860084209	0.028297027	0.0504018154	-0.0096804981	-0.0413329549	-0.1343184318	0.1385734865	0.0597800161	0.0443407177	0.1284166165	-0.083022072	0.0502431501	0.1049730179	-0.0758550562	-0.1023829014	-0.0186020093	0.0166318509	0.0069894159	0.1211963632	0.0341658236	-0.02961253	-0.0116649013	-0.0302399447	0.08197061	-0.0291080921	0.1517184598	-0.0635483018	0.0837445319	-0.0124015877	0.0259926789	0.0586465171	-0.0202495373	0.0638541463	0.1340736808	0.0021274304	0.0977898778	0.0753111041	0.0800716613	-0.034710508	-0.0236683353	-0.0747038133	0.0492622461	0.0045250461	-0.0656322681	0.0316041812	0.0374901433	-0.0213252699	0.1707493355	0.01640603	-0.0508917076	0.0495205846	0.0023926937	0.2017412064	-0.0719183707	0.1611562574	-0.1159874499	-0.0290869513	-0.0231934382	-0.1749250439	0.0127527532	0.0168802501	-0.0286821131	-0.0527020918	-0.1234382183	0.0449345074	0.0366809268	-0.1063131166	-0.107845183	-0.0407786673	-0.1137897086	0.0623753048	0.0207051769	0.0098727968	-0.0522305382	-0.0386263962	0.063824583	0.0286318546	-0.0735542923	0.006199586	0.0659571206	0.0281211329	0.0356750772	0.0124712225	-0.0538918083	0.0548955487	0.0033023104	-0.0571785446	0.051887201	-0.0307973833	0.0042268469	-0.0414436393	-0.078814908	0.0112040262	0.0621536617	-0.1036312889	0.0	0.0	-0.3252552406964923	-0.0117754951626523	0.0001386622863256	0.1057909716005331	0.3102447693839565	3.572820421032796e-05	0.0962518169301043	1.2765045760948967e-09	-0.0660435441541693	0.0087350682589431	7.630141748839527e-05	0.0043617497244437	0.0015223055523032	-0.0002015203170006	4.06104381640626e-08	2.317414194573151e-06	0.0053458761064546	0.0002292946772406	2.857839134556219e-05	5.2576049010870966e-08	-0.0008580751211841	-0.0003441616741143	1.1844725792915767e-07	7.36292913595108e-07	0.0	0.0	0.0	0.0	0.0	0.0	0.0	0.0	0.0	0.0	0.0	0.0	0.0	0.0	0.0	0.0	0.0	0.0	0.0	0.0	0.0	0.0	0.0	0.0
59.56123325308996	-0.1115767359986605	0.0124493680161148	3547.540506628989	63.82227285364841	-0.0549626096766076	4073.2825122055465	0.0030208884624631	59.364546831464864	-0.0199317202961424	3524.149420505185	0.0003972734739636	59.93648696169257	50.65524239603188	0.8022639999999999	27.480057	0.0379587214986445	0.0206931506955619	-0.1082439834	0.0515828471	0.0793181436	-0.0629607476	-0.0456429228	0.1109601883	0.0594545298	-0.0590338167	0.00499479	0.0758547678	0.0642452647	0.0397030207	-0.0690638601	0.0558205221	-0.0173987653	0.0877842771	-0.0258667302	-0.1033878346	-0.1259420259	0.0103138799	0.0461621675	0.1330282141	-0.0068834012	-0.0115787646	0.0519889869	0.0425084522	-0.1200102195	-0.1140431428	0.0318780352	-0.1462948001	0.0933179116	-0.0162288044	0.0505229773	-0.0023161259	0.0312604976	-0.054821768	0.1128473247	0.0352728736	0.0080204833	-0.1759475771	-0.0938702868	-0.1166337791	0.0751107534	-0.0681006904	0.1018228217	0.0205773954	0.0320134686	-0.055382535	-0.0143164534	-0.0341701653	-0.0300639136	0.0542345046	-0.05257804	0.0746360628	-0.0137304768	-0.0408177598	-0.0072822002	0.0797715627	-0.1037085678	-0.2119337289	-0.0050235503	0.0553520764	0.0559895608	0.0011853201	-0.080725678	-0.0304970888	0.015390859	0.009616013	0.113858797	0.1004973764	-0.0088006452	0.0388034165	0.0168556668	0.0217992994	0.1316701331	-0.036662132	-0.0563723237	0.0248159949	0.2028800969	-0.0032302103	-0.007225644	0.0159013821	-0.075469412	0.0344714082	0.0682931227	-0.0686488861	-0.0793791298	-0.0186128692	0.0164759963	-0.0186297814	-0.0036046497	-0.0237864348	-0.0317523636	-0.1582998711	0.1237992185	-0.0265366292	-0.1734808165	0.0720021933	0.0587501587	0.0954147986	0.0616995792	0.0573982836	-0.1043483805	-0.0813479374	0.0697315497	0.0343222921	-0.0671955599	0.212597038	-0.0738229968	0.0573832584	0.0574738354	-0.1242746034	-0.1208619869	-0.0761525012	-0.2512983917	0.0056031419	-0.0195259979	-0.1038641869	-0.0426376839	-0.1135543853	0.0708028546	0.0287804549	0.0216370857	-0.041098481	-0.0899937963	0.0428610454	0.0252298109	-0.0483700382	0.0298589231	-0.0051451105	0.0266399299	0.0376173476	-0.0138135355	-0.0354319008	0.0192844783	0.0895498982	-0.0752974773	0.0085718114	-0.0559996749	-0.0255325722	0.0566998199	-0.080053581	0.0149169788	0.057522261	-0.1018013597	0.0	0.0	-0.3238027369606868	0.0014525037358055	2.109767102528996e-06	0.1048482124632317	0.3099746940860797	-0.0002700752978768	0.0960843109737586	7.294066652325039e-08	-0.0751902358941265	-0.0091466917399572	8.366196978580136e-05	0.0056535715738143	0.0018541900570403	0.000331884504737	1.1014732448459013e-07	3.4380207676271106e-06	0.0054898011334467	0.0001439250269921	3.013791648479267e-05	2.0714413394676718e-08	-0.0007920956384132	6.597948277090005e-05	4.353292146715496e-09	6.274155003932148e-07	0.0	0.0	0.0	0.0	0.0	0.0	0.0	0.0	0.0	0.0	0.0	0.0	0.0	0.0	0.0	0.0	0.0	0.0	0.0	0.0	0.0	0.0	0.0	0.0
59.509157302840514	-0.0520759502494456	0.0027119045943827	3541.3398028942165	63.49379514633341	-0.3284777073149953	4031.462022084552	0.1078976042029157	59.318628487692514	-0.0459183437723496	3518.6996856608857	0.0021084942947956	59.86050247326493	49.95019610635238	0.868718	29.756306	0.1428874151368449	0.0808260056814462	-0.0935070919	0.0923246627	0.0741906533	-0.0277311834	-0.0414118467	0.1433426256	0.0622523764	-0.0673449168	0.016081601	0.1335253127	0.0797914394	-0.0275225353	-0.0386091242	0.0194807324	0.0617171972	0.0381130813	0.0003775343	0.0465565722	-0.1074425458	-0.0322185573	-0.02421424	-0.019020617	0.0685137431	0.0210337604	0.1202672183	-0.0587286373	-0.0668965602	0.0672231032	-0.0376955293	0.033916123	-0.0405397088	-0.0137377414	0.121945242	-0.1735287776	0.1603638532	-0.0769938659	0.0352339512	0.0500206367	-0.1467204936	-0.0087705423	-0.1053960471	-0.0109016947	0.0590767843	0.1086881218	-0.0955404572	0.0357379467	0.030972104	0.1172836166	0.0781354945	0.14138485	0.0843793668	0.0723166959	-0.0475877499	-0.1343308839	-0.1025805764	-0.0506733043	0.0575845367	-0.0441941536	-0.0648414225	0.1012047932	-0.0983138385	0.0243374337	-0.0844721672	0.019111335	-0.074877081	-0.0137907997	0.0576537205	-0.0645239674	0.1151993676	0.1498445535	-0.1042278118	0.0393241682	-0.0359280526	-0.0138648742	-0.0442965992	-0.0726800088	0.0179176611	-0.0239822134	0.0350038107	-0.0269026184	0.0468281248	-0.1073147392	0.0052707065	-0.1393323268	-0.0488540562	-0.1078228154	0.2000393963	0.0519651847	-0.1435940271	-0.0026014075	0.1346144079	-0.0092119255	0.0799059839	-0.0281090169	0.1456014612	0.0980759898	0.0378024067	-0.0004351946	-0.0118326578	-0.0449660498	0.1280151167	-0.0188439253	0.1535547587	-0.0498119569	-0.0455955578	-0.0012597097	0.0904120573	-0.1456961919	-0.0324070413	0.030566864	0.0707636562	0.0442424149	0.0673326058	-0.0289389191	0.0392509069	-0.0353811473	0.1052329854	-0.0899319846	-0.1289958292	-0.0763980721	0.0188879249	0.0551837919	-0.0030795216	0.0997864661	-0.1970840134	0.0125701087	-0.0085014587	-0.1016720669	0.0979791179	-0.0798626268	-0.0607115163	-0.1049068844	-0.0635023104	-0.0572998554	0.0702860765	0.0506846407	-0.0799054167	-0.0430371567	-0.0980708179	-0.1436746569	0.068056436	-0.0812673177	0.0186113467	0.0527296337	-0.0994642612	0.0	0.0	-0.3268485125586551	-0.0030457755979683	9.276748993179245e-06	0.1068299501618053	0.3358957038802685	0.0259210097941888	0.112825923885221	0.0006718987487504	-0.0083667710962487	0.0668234647978778	0.0044653754475932	7.000285857702268e-05	0.002420374322002	0.0005661842649617	3.2056462189022066e-07	5.858211858606641e-06	0.0056478145289651	0.0001580133955184	3.189780895358928e-05	2.496823316325444e-08	-0.0010098412768693	-0.0002177456384561	4.741316306665468e-08	1.0197794044690184e-06	0.0	0.0	0.0	0.0	0.0	0.0	0.0	0.0	0.0	0.0	0.0	0.0	0.0	0.0	0.0	0.0	0.0	0.0	0.0	0.0	0.0	0.0	0.0	0.0
59.47775267669232	-0.0314046261481948	0.0009862505435078	3537.6030634697804	63.47047403771827	-0.0233211086151428	4028.5010745726686	0.0005438741070392	59.07513479927416	-0.2434936884183542	3489.8715515524127	0.0592891762995746	59.58022363781929	49.16704569942633	1.313355	44.986507	0.6346333981528207	0.3570857876068192	0.0586175749	0.0034920792	-0.0933721996	0.1095345212	-0.1596961353	0.0101269834	0.2078253083	0.0429806783	-0.0134288546	-0.0413229513	-0.0700594174	0.0409754137	0.0636553641	0.0604014308	0.2606551972	0.0532917233	0.0091515958	0.0971353096	0.0022527802	-0.0504010129	-0.0071202856	0.0096788638	-0.0076715053	-0.0896667268	-0.165585426	-0.0381095589	0.0684623384	0.0010617248	-0.0356217331	0.0706297494	-0.0426685893	-0.0905921426	-0.1221138457	0.0518883339	0.0835598544	-0.1009250265	0.0586152922	-0.0133283154	-0.1129134532	-0.0294526169	-0.0009261904	0.0752013123	0.0525540091	0.0524129425	-0.1415060329	0.0853189327	-0.0238229427	-0.1807088084	-0.0517880627	0.0292227769	0.0512390402	-0.0608246194	-0.0294916513	0.0600669407	0.0103381325	-0.0178158583	-0.0724211731	0.0932258607	-0.0248839511	-0.0500735052	-0.0145259851	0.0469972733	0.0271555715	-0.0198551614	0.076315987	-0.0179293542	0.1616634482	-0.1866438833	-0.1169158468	-0.1374043656	-0.0825370766	0.0520524628	-0.1006698344	-0.0146339777	-0.0030783792	0.0013679607	0.0940871663	-0.0384156021	0.0709026578	-0.0024291415	0.0197870456	0.0914583261	0.0280761162	0.1175766852	0.0466289905	-0.0185137821	0.0938917803	0.0177104114	-0.1965715997	-0.067576987	-0.096221668	-0.1157823785	0.0374615147	-0.0062455045	-0.1393387298	0.0962379397	0.0781554859	-0.024638321	0.0569137868	0.0699019849	-0.0453779741	-0.0456064649	-0.0375403842	0.0183828487	-0.0403371826	0.0583305252	0.0601769149	-0.0264392737	0.1298396595	0.0169881311	-0.0183530847	-0.0277896122	0.0027134602	-0.0460242577	-0.0209243608	-0.0493784385	0.0244168042	0.0797980473	-0.008906203	-0.0226154874	-0.1275967578	-0.1089264804	-0.0404066034	-0.0925588455	-0.0086871156	-0.0332325109	-0.033485452	0.1563934811	0.0394088805	-0.0335666861	-0.039660213	-0.0512487037	-0.0446668186	-0.0443366101	-0.0918137218	-0.0020116863	0.0281839766	0.15681507	0.0717568574	-0.0668620298	0.0959914107	-0.0824557403	0.0222825273	0.0477892128	-0.0966316368	0.0	0.0	-0.3992088958827793	-0.0723603833241242	0.0052360250748141	0.1593677425519477	0.3451745055224506	0.009278801642182	0.1191454392626682	8.609615991496102e-05	0.3021708271418006	0.3105375982380493	0.0964335999194561	0.0913072087755599	-0.0006981719489381	-0.0031185462709401	9.725330843994403e-06	4.874440702840249e-07	0.0068241054369579	0.0011762909079927	4.656841501471837e-05	1.3836603002265256e-06	-0.0015641363969057	-0.0005542951200363	3.072430800961669e-07	2.4465226681251456e-06	0.0	0.0	0.0	0.0	0.0	0.0	0.0	0.0	0.0	0.0	0.0	0.0	0.0	0.0	0.0	0.0	0.0	0.0	1.0	0.0	0.0	0.0	0.0	0.0
59.57924450427029	0.1014918275779734	0.010300591065117	3549.6863756996217	62.99948214470072	-0.4709918930175476	3968.934750500465	0.221833363288253	59.46175935234822	0.3866245530740571	3535.700825276571	0.1494785450397144	60.0265641219914	50.05087782398211	0.978639	33.521439	0.1558645493025297	0.0963331264707442	0.0269334354	-0.0468766267	-0.0585741226	-0.0306982639	-0.105378626	0.0796321486	0.0122208751	0.0713143231	-0.0776564171	-0.1363456872	0.0184185326	-0.0482339491	0.0034088315	-0.0688111259	-0.0379675414	-0.0263690903	0.0405033763	0.0601623234	0.0407439844	0.091492646	-0.0101977888	0.0214237273	0.0319827293	0.0444433074	0.013430699	-0.0958156909	0.0071619337	-0.056568295	-0.0828431534	0.095304149	0.0106348625	0.0273651155	-0.0104455911	0.0337926714	-0.0330153454	-0.0111484202	0.0226713404	-0.0724254975	0.0253095329	0.0340406079	-0.0228944578	-0.004819554	-0.0427006957	-0.0510055458	0.0914531585	-0.0367086878	-0.0246533023	-0.0472165121	0.0522109652	0.0319983552	0.0044832759	0.0656761269	0.0311017654	0.1544259114	-0.0541662304	-0.0178344273	-0.0920028785	0.1373487382	-0.0383990047	-0.1011077167	-0.1064657108	-0.0775117215	0.0285901013	-0.0098877842	0.0145754825	0.0678372421	-0.0330094704	0.0300527154	-0.0707405241	-0.0882164972	0.0371587486	-0.0279640318	-0.0759919869	-0.001836638	-0.0464247088	-0.071699175	0.0376906475	0.0299971821	0.0744906894	-0.0397440838	0.0967359969	0.0060840612	-0.0213635156	0.0723270765	-0.0787426456	0.0333697229	0.0078898519	0.0023594015	-0.0196450605	-0.0652439836	-0.0216112939	-0.0246471916	-0.0244081529	0.0660887151	0.0004279236	-0.0040531753	-0.0695052224	0.0731150158	0.080990277	-0.0303574138	-0.061222253	-0.0945351367	-0.0007233025	-0.0472068799	0.0394808243	-0.0098510365	-0.0533817995	0.1242815956	0.1190958132	-0.0352963374	0.031913003	-0.0850727082	0.038869289	-0.0467135284	0.0142524292	-0.0569832453	0.0186008918	0.0440851579	0.0273512469	-0.0547923558	-0.1207811895	-0.0667800098	0.0568607129	-0.0390321066	-0.032573943	-0.0920305101	0.0284698938	0.072245751	0.0261724593	-0.0346164657	0.006214665	0.0487811683	-0.0706431311	-0.0101098912	0.0646657719	0.1295942753	-0.0246188627	0.0344845621	0.0242788131	0.026596162	0.0061537393	-0.0836184785	0.0259259465	0.0427148457	-0.0933175984	0.0	0.0	-0.4210454732651669	-0.0218365773823875	0.000476836111777	0.1772792905570883	0.3503672394028854	0.0051927338804347	0.1227572024467988	2.6964485153015307e-05	0.2162888785812882	-0.0858819485605124	0.0073757090885504	0.0467808789979512	-0.0005801419384095	0.0001180300105286	1.3931083385381428e-08	3.365646687015321e-07	0.0068242282094921	1.2277253419977485e-07	4.657009065522775e-05	1.5073095153834885e-14	-0.0023050494034268	-0.0007409130065211	5.489520832321359e-07	5.313252752238248e-06	0.0	0.0	0.0	0.0	0.0	0.0	0.0	0.0	0.0	0.0	0.0	0.0	0.0	0.0	0.0	0.0	0.0	0.0	0.0	0.0	0.0	0.0	0.0	0.0
59.6552066681427	0.0759621638724041	0.0057702503401779	3558.743682618817	63.46682349164436	0.4673413469436411	4028.0376841195407	0.2184079345630967	59.490454602769205	0.0286952504209878	3539.114188844144	0.0008234173967232	60.0756122097373	50.23730389364762	0.875739	29.996803	0.2269523421360721	0.1110249211689864	0.0018217888	-0.0389525104	-0.0412134569	-0.0364220341	-0.0024031539	-0.0091730854	0.0296797536	0.0545118792	0.0280976425	-0.0512900616	-0.0472810469	-0.0048900006	-0.0224467705	-0.0537024581	-0.0160700823	-0.0243140179	-0.0380385869	0.0564221365	-0.0023740704	0.0324988882	-0.2480933781	0.0768144911	0.0462842115	-0.0731628568	-0.0212973927	-0.0077796762	0.0140387653	-0.0783198338	-0.0603753167	-0.0229096278	0.0618196103	-0.0473277477	0.0097883932	0.0416964303	0.0480295514	0.1120702373	-0.0989143342	0.0125908893	-0.0059389106	-0.1396239115	0.0531347567	0.1162252428	-0.2033965742	-0.0116841843	0.005166203	-0.0588659176	-0.0142474869	-0.0589932004	0.0262748087	0.0127822408	0.0365949523	0.079410561	-0.1630411732	-0.0480014234	-0.0504912873	0.0148545099	0.0254689681	0.0019031211	-0.0673185469	0.0054873385	-0.0126432976	0.1306402084	0.03120212	-0.0160510554	-0.0217691013	0.0704339724	-0.0388053893	0.0078514807	0.0081928346	-0.0747949474	-0.089831856	0.0497878431	-0.101451064	-0.140956181	-0.0539832992	-0.0950854293	-0.0021520858	0.0676292851	0.0965460882	-0.1490184919	-0.0662152099	-0.0864000498	-0.0360144929	0.036053056	0.0141518755	-0.0495794594	-0.0021080629	-0.0136390114	-0.0076310318	0.0289381935	0.0051828675	0.0479096516	-0.0989164628	0.0263683262	-0.0660528932	-0.000213507	-0.0839183596	0.0071325164	-0.1550397176	-0.0045728741	-0.0112172292	-0.0100891976	-0.0597680914	0.149262313	0.0207685348	-0.0831517063	-0.0304393636	-0.0422434635	-0.0465876381	-0.0096176507	0.0406521874	0.030637357	0.005231162	-0.190683594	0.0466685731	0.0339257667	0.0175192351	0.0058888014	0.0214146579	-0.0389031581	-0.1109586489	-0.008659993	0.0324122109	-0.0550148088	0.00203036	-0.0288489835	0.0705875384	0.0637826261	0.0072771949	-0.0695341754	0.0817279568	-0.009938001	-0.0513855248	0.0253171877	-0.0403968905	-0.0565418473	-0.0227286689	0.0416904762	0.0346375996	-0.0139723723	0.0495959802	-0.0847551701	0.0295370653	0.037520755	-0.0895386565	0.0	0.0	-0.3864389433214654	0.0346065299437015	0.0011976119147443	0.1493350569154107	0.3357338360975177	-0.0146334033053676	0.1127172087007549	0.0002141364922975	0.1279787181877552	-0.088310160393533	0.0077986844287315	0.0163785523089808	-0.0010450609182976	-0.0004649189798881	2.161496578601916e-07	1.0921523229530232e-06	0.0062128820206306	-0.0006113461888614	3.8599903002274966e-05	3.737441626354806e-07	-0.001593269602307	0.0007117798011198	5.066304852821422e-07	2.538508025635506e-06	0.0	0.0	0.0	0.0	0.0	0.0	0.0	0.0	0.0	0.0	0.0	0.0	0.0	0.0	0.0	0.0	0.0	0.0	0.0	0.0	0.0	0.0	0.0	0.0
59.6097973598736	-0.0454093082690931	0.0020620052774775	3553.327941285194	63.73187557687151	0.2650520852271469	4061.751964545831	0.0702526078832587	59.50420291371029	0.0137483109410823	3540.750164396008	0.0001890160537326	60.0308127515018	50.07538745369117	0.8896619999999998	30.473707	0.102864862350099	0.0614497936593001	0.0089131335	0.0274908872	-0.0224682221	0.01994928	0.0342890544	0.013291221	0.1019078468	0.034312983	0.021705455	-0.0571358282	0.0440345873	0.0246368412	-0.0136356818	-0.0547353479	-0.0177470802	0.1096931104	0.0485009136	0.0762929559	-0.0871545459	0.1066913554	-0.1833914709	0.0876924823	-0.1054971714	0.1344685849	-0.0235446178	0.0217986332	0.0368569378	-0.0523644059	0.0080280804	-0.0089505128	-0.0019311972	-0.0243332965	-0.0279580539	-0.01596762	-0.030165962	0.042890645	0.0125728613	-0.0227013264	-0.0938950694	-0.0121306785	-0.0481062585	0.0208650519	-0.0794645009	0.01553302	0.104925664	0.1457274982	0.0727276014	-0.0546394917	0.0300804611	-0.0121962385	-0.1779400998	-0.1291981937	-0.1944110115	0.0296690739	0.0394984256	-0.0551927435	-0.0283003855	0.0377630914	-0.0244581352	0.0131104845	0.0655645282	0.0244656112	-0.0361616661	-0.1379762763	-0.0037429191	0.0598032472	-0.0068063083	0.0278479754	-0.0560615339	-0.0337234011	-0.1121052546	0.0039893114	-0.1448722647	0.0041571161	0.1116168775	-0.1653308112	-0.0924736335	0.1322574705	0.1565990216	0.0246707898	-0.0871851253	-0.0538261149	0.0933736992	-0.0745216156	-0.0222167783	0.0645303498	0.0965684421	0.0157403157	-0.0502604787	0.0959148876	-0.0316456019	-0.0384614916	-0.037961961	-0.0202000073	0.0374793055	-0.0648934595	0.1029321818	0.0643773411	0.1245994939	-0.0015019289	-0.1213694855	0.1209148841	-0.1037307455	0.1021939943	-0.044361751	0.0404732823	-0.0832872585	0.0453662841	-0.0108171542	0.0759237185	-0.0714135245	0.0280544989	-0.0105789103	-0.0303162765	0.0118773192	-0.0649523718	0.0004928514	0.0086290509	-0.0449313569	-0.0381683207	-0.1079818791	0.0458330939	0.0055977891	-0.0336488376	-0.0409272534	-0.0107686153	0.0525382644	0.1939370738	-0.0390776968	-0.1223065874	-0.0297796092	0.1185483044	-0.0721356732	0.0030875979	0.0477780116	-0.0067167548	-0.09100396	0.0518534536	0.0062771113	-0.0070897393	-0.034511684	-0.085865461	0.0331113845	0.032221499	-0.0853136375	0.0	0.0	-0.3920461241880133	-0.0056071808665479	3.144047727018124e-05	0.1537001634908431	0.3125389092988655	-0.0231949267986522	0.0976805698257244	0.0005380046291948	0.1338566762190041	0.0058779580312489	3.4550390617123546e-05	0.0179176097683992	-0.0010410453757178	4.015542579800108e-06	1.6124582210187702e-11	1.0837754743034151e-06	0.0072420742819041	0.0010291922612735	5.244763990461679e-05	1.0592367106652609e-06	-0.0019237577315267	-0.0003304881292196	1.0922240355513709e-07	3.7008438096087543e-06	0.0	0.0	0.0	0.0	0.0	0.0	0.0	0.0	0.0	0.0	0.0	0.0	0.0	0.0	0.0	0.0	0.0	0.0	0.0	0.0	0.0	0.0	0.0	0.0
59.529336954274434	-0.0804604055991689	0.0064738768691827	3543.741958215544	63.66074832449568	-0.071127252375831	4052.6908772347792	0.0050590860305351	59.38806110512563	-0.1161418085846577	3526.941801826136	0.0134889197013152	59.98388609066605	51.43306383894718	1.05791	36.236744	0.3195815285241624	0.1797813788143012	-0.0740537826	-0.043825127	0.0246001703	-0.0873252809	0.0050234811	0.0501576168	0.1104782382	-0.0290197876	0.0954271701	-0.0281970168	0.0889463712	0.0277017822	-0.0460345822	0.079770582	0.0777698948	-0.0462264672	0.1109792123	-0.0053785581	-0.0437229251	0.1267156915	0.1343536325	0.0312785412	0.0085403479	0.0374582641	-0.0800628608	0.0702965575	-0.0786994858	-0.0739660794	0.1009408014	-0.0082236345	-0.0237461932	-0.0874720207	-0.0950255983	-0.0332845079	-0.0215727243	0.0959085318	0.1055434425	-0.0264824918	0.0160846112	-0.0099183524	0.0364464132	-0.058700611	0.0743568875	0.065919664	0.0454820528	0.1468654529	0.0159058075	-0.0189973642	0.0555660447	-0.0827398382	0.0228086948	0.0271948232	-0.1138312046	-0.0663027571	0.0373079834	-0.0381422215	0.0892650699	-0.1063630821	0.0011415201	0.002819202	-0.0436292286	0.01053878	0.0479975412	0.0053003718	-0.0662859347	-0.0216124913	0.0007869924	-0.134398336	0.0034693949	0.1168882682	0.0112422151	-0.0051447245	0.0159115928	0.0034329099	-0.0250794353	0.0007518327	-0.0354369164	0.088969254	0.1741307599	0.1683078804	0.0246268248	0.1928932244	0.0780550835	-0.0049701725	0.0141207535	-0.0873584778	-0.0479995769	0.0106239047	0.0457484517	0.0428728299	-0.0552728215	0.0084401538	0.0052320013	0.0455969084	0.0452498505	-0.0578317163	0.046022767	0.0825853757	0.0531053818	-0.0017656938	0.0271439459	0.1188018835	-0.084450637	-0.0478867642	0.0755069992	0.0766605382	0.0218304612	-0.0741844799	-0.0695177041	0.0678549627	0.0743077745	0.1647613074	-0.0998139943	-0.0201941313	0.0466452222	0.1531064751	0.0734190474	-0.0758737522	0.0561473883	0.039931644	0.0641064535	0.0059065569	0.0598656702	-0.0961487835	-0.049630243	0.0065063202	0.0595507972	0.1214148103	-0.0185622317	-0.1235201292	0.1487955542	0.0212939969	0.0837802812	0.1161552326	0.007329516	-0.0512786148	0.0476505707	-0.0239393165	-0.0553105952	-0.0404210393	0.0176994185	-0.0869490055	0.0366444511	0.0268319309	-0.0806635902	0.0	0.0	-0.3605246001078228	0.0315215240801905	0.000993606480338	0.1299779872829055	0.3113696562233627	-0.0011692530755028	0.096951062816655	1.367152754572774e-06	0.0003072328037418	-0.1335494434152623	0.0178354538365263	9.43919956950474e-08	-6.762646565366612e-05	0.0009734189100641	9.475443744704464e-07	4.573338856806483e-09	0.0051960897758116	-0.0020459845060925	2.6999348958293844e-05	4.186052599170572e-06	-0.0018763349886192	4.742274290749993e-05	2.248916544870835e-09	3.520632989516614e-06	0.0	0.0	0.0	0.0	0.0	0.0	0.0	0.0	0.0	0.0	0.0	0.0	0.0	0.0	0.0	0.0	0.0	0.0	0.0	0.0	0.0	0.0	0.0	0.0
59.58963840862659	0.0603014543521567	0.0036362653969852	3550.9250056708656	63.75892267328628	0.0981743487906001	4065.200220458099	0.0096382027604584	59.470582908308	0.0825218031823737	3536.750231453936	0.0068098480004704	59.98137373328209	50.17770897908405	0.932463	31.939768	0.1304145844073873	0.0665807748628911	-0.0778975691	0.0510616572	0.050336268	-0.0464270174	-0.0403126889	0.0277254165	0.0444503415	-0.0388121284	0.0538654964	-0.0231012754	0.0751263553	-0.0318655941	-0.0878906741	0.0186446878	0.0688492284	-0.0460358145	0.0040299303	-0.1102974597	0.0191742383	0.0146455388	0.0495864264	0.0791307585	-0.0032841445	-0.1184963169	0.0581955844	-0.0579348769	-0.0049919032	-0.0193703856	0.0260248622	0.0511902379	0.0651369824	-0.0249784972	-0.0015185682	0.0640651247	0.0044285827	-0.0134163382	0.0040028832	-0.0268555665	0.1067672447	0.0281221918	-0.0431314665	-0.0581217437	0.040893484	0.158713419	-0.1277629773	0.1716362118	-0.0807362261	0.0577970177	0.0025273275	0.0556345037	-0.0085405601	0.125164461	0.0710006725	-0.2064461655	-0.0709506234	0.0713335468	-0.0759253841	0.039582692	-0.0262568996	-0.14589153	0.053719855	0.029914673	0.0335523175	-0.0213782401	-0.0824274907	-0.0100174989	0.0166711026	-0.0737895433	0.0389350596	0.0524299276	0.0167163603	0.0470168383	0.0705905248	-0.0894876523	0.0174378297	0.0998145274	0.0320341776	0.0942069766	0.0095008008	-0.0531707755	0.1163565641	0.0408493038	0.0084978318	-0.0273593381	0.0529817174	-0.1314183296	-0.1055760101	-0.041782657	0.0835199099	-0.0640411608	-0.0405523751	0.0111776645	0.1302271194	-0.0158430369	-0.0260676052	0.0591010318	0.1127101007	0.0187451198	0.0916348151	0.058267211	0.1107303163	0.092762683	-0.0131674599	-0.0309747826	-0.1331573744	-0.1610739664	0.2477822224	0.122145938	-0.1133986435	-0.0872998921	-0.0364404018	-0.0607667819	-0.0653562257	-0.0898618383	-0.0180773261	-0.0262141737	0.048610667	-0.0865550296	-0.0508918445	0.0011328324	0.0264854658	0.0622990398	0.0112162062	0.0010874582	-0.1034733426	-0.0101277367	0.0208334014	0.017328325	-0.0056729651	-0.0515147224	-0.1373708623	-0.0200722048	-0.0183534742	0.0740548031	-0.0050342128	0.0208247645	0.0658867253	-0.1033070837	0.0288390023	-0.2231442181	0.0475171902	-0.0880054659	0.0401318633	0.0213671566	-0.0756116809	0.0	0.0	-0.3518749764327964	0.0086496236750263	7.481598971957657e-05	0.123815999039581	0.3066558425597634	-0.0047138136635992	0.0940378057760384	2.2220039255135435e-05	-0.0167015227868816	-0.0170087555906234	0.0002892977667415	0.0002789408634007	0.0001920986434521	0.0002597251091057	6.745713230000212e-08	3.690188881613704e-08	0.0059359550419122	0.0007398652661006	3.523556225960287e-05	5.474006119821117e-07	-0.0008750775342628	0.0010012574543564	1.0025164899042582e-06	7.65760690971462e-07	0.0	0.0	0.0	0.0	0.0	0.0	0.0	0.0	0.0	0.0	0.0	0.0	0.0	0.0	0.0	0.0	0.0	0.0	0.0	0.0	0.0	0.0	0.0	0.0
58.79134061825557	-0.7982977903710236	0.6372793621112587	3456.421731691747	64.00278007223251	0.2438573989462327	4096.355856974563	0.059466431020822	58.62398934316347	-0.8465935651445307	3436.772126507344	0.7167206645441266	59.16111002564431	46.39054943639231	1.674821	57.367844	0.9287667580076672	0.6295005340181703	0.1457987267	0.086927822	-0.1252310739	0.2447963382	-0.1217392336	-0.0910595133	0.0999938683	-0.0007701818	-0.0051082808	-0.014478931	-0.2328473793	0.2551434655	0.2623255844	0.0723705671	0.48065867	-0.1429515035	0.1195337371	-0.0878083405	-0.0464645326	-0.0998637006	-0.0078524088	-0.0371075776	0.0833913066	0.0991867229	0.0598329881	0.0861230604	0.0800787214	-0.0490264189	0.0098262812	0.0536173509	0.0380354265	0.0668510972	0.094176219	-0.0207857255	-0.0715152454	-0.0685988241	-0.0419006492	0.1039194234	0.035907496	-0.0145303138	0.0144353584	-0.0418206343	-0.0274805953	0.0044658879	0.0181839148	-0.022919887	-0.0709925075	0.0305864441	-0.1240094299	-0.0231590839	0.1526568905	-0.0826788137	-0.0304866999	0.0639840944	0.0378851981	0.0402791458	0.0334022321	0.042889534	0.0106614788	-0.0963317071	0.0332875272	-0.0317372547	-0.0060872599	0.0456630544	0.2526868897	-0.0195674766	0.2457583785	-0.3922884561	-0.1236007428	-0.0635984855	0.0113870965	-0.0518272323	0.2140605713	-0.0758349391	0.0228873359	-0.1222962083	0.0314837445	-0.106480905	-0.0664424153	0.1032785961	0.0348335708	-0.0594039178	0.0510150576	-0.0351353147	0.1290967793	0.098996009	-0.0462797146	0.0055067284	-0.0313274902	0.0546734338	0.0185657047	-0.0052373409	0.0110828893	-0.0608676484	0.05516447	-0.0433765913	-0.1729610318	-0.0118081291	-0.0154358349	0.1278812833	-0.0277998172	-0.0505662298	0.1144733388	-0.0337171433	-0.1465015766	-0.0361989233	-0.0332686598	-0.0158693261	0.095615251	-0.0017357051	0.0299104819	-0.0704622201	-0.0318081068	-0.0252565913	-0.0650641803	-0.0580605211	-0.0109387009	0.1568570826	-0.0508101219	0.1923054529	0.0722132103	-0.3434813984	-0.0486884239	-0.0347778704	-0.016126558	-0.2440631945	-0.0643053768	-0.1234088992	0.0607644068	0.0013582885	-0.0797158468	-0.1225733548	-0.1244513254	-0.0176133088	-0.011601456	0.0257142438	0.0123565719	0.0627725705	-0.0903037959	0.0114139407	-0.136557687	-0.0890345132	0.0435692762	0.0158424933	-0.0701830781	0.0	0.0	-0.4713331992036131	-0.1194582227708166	0.014270266987562	0.2221549846715128	0.4064634858041671	0.0998076432444036	0.1652125652920743	0.0099615656500021	0.5864984655928751	0.6031999883797567	0.3638502259813386	0.3439804501427969	0.0013090199024123	0.0011169212589602	1.247513098717238e-06	1.7135331049115076e-06	0.0056479912160047	-0.0002879638259074	3.189980477606625e-05	8.292316503128496e-08	-0.0015962105216489	-0.0007211329873861	5.200327854964011e-07	2.5478880294226536e-06	0.0	0.0	0.0	0.0	0.0	0.0	0.0	0.0	0.0	0.0	0.0	0.0	0.0	0.0	0.0	0.0	0.0	0.0	0.0	1.0	0.0	0.0	0.0	0.0
59.67929295049839	0.8879523322428255	0.7884593443354733	3561.618007071407	61.74282191154805	-2.2599581606844623	3812.176057601138	5.107410888044298	59.41676271849235	0.7927733753288777	3530.3516919456224	0.6284896246303416	59.94730219841004	51.46128668188392	1.667754	57.12579	0.6612370059748098	0.4544226663199974	0.0108451414	-0.1784974691	-0.1519566258	-0.1651606756	-0.0491209688	0.0820923194	-0.0870647654	0.0982837827	0.0178106519	0.0036573766	-0.0855811056	0.1382231094	-0.023173898	-0.0008605771	-0.0573343519	-0.0583543658	0.04134736	0.0367670626	-0.0358417755	-0.0600424384	0.0417632405	0.0704637245	-0.1398590908	0.087540306	-0.019163797	-0.2150403431	0.0046980288	-0.067479654	0.0019981325	-0.0314537446	0.0924146477	0.0289383064	0.0340268629	-0.0143785345	-0.0774830843	-0.1274730815	-0.049321992	-0.0427632911	-0.0891235526	-0.0981004336	-0.0465953511	0.0033748488	0.0335632679	0.0477266732	-0.0295013407	-0.0329918373	-0.0142217982	0.0563857254	-0.0497625857	-0.0488102017	0.0022752788	-0.0339566968	-0.0144394179	0.0468897536	0.1049706085	0.1581568277	0.0428425432	-0.0625856803	-0.0635474452	0.1187300829	-0.027818448	0.0734706819	-0.0127922844	0.0236367286	0.0068994068	-0.0172441171	-0.1059288428	0.0424487665	-0.0842763989	-0.0135563385	0.1439625719	0.1888478136	-0.0705285415	0.0477405011	0.1195416841	0.0048768129	0.1012916139	-0.0682531095	0.0871271198	-0.0906600332	0.067273949	-0.0283321408	0.1000559037	-0.1837664814	-0.0687650165	0.1961601104	-0.0175459633	-0.0423034685	-0.1149900259	-0.1100029273	-0.0272462028	-0.0982082688	-0.0420967193	0.0596909155	0.0858906308	0.0167933795	-0.0894343278	-0.0716980217	-0.0711307201	0.0996162741	0.1326529963	-0.0080236161	-0.0945861432	0.0660092061	0.015327188	0.0564838486	-0.0500968142	-0.0071002024	-0.0406226158	0.0370380241	-0.1546561505	0.0905543121	0.0120670616	-0.0739578053	0.1302124337	0.0103745022	-0.0487698561	0.0186763328	0.1721757314	0.0360205724	-0.0052060879	-0.136225863	0.0328138765	-0.1422894154	-0.0783315561	-0.0749644907	-0.0552793064	0.0351332003	0.0424189469	-0.0434875246	0.2108393019	0.0727069696	0.0559080687	0.0722721755	0.0809995726	-0.1075299243	0.1357737719	-5.16744e-05	0.0210217783	-0.0734940722	-0.0747766029	-0.0900358269	0.0469524072	0.0102734258	-0.0644048267	0.0	0.0	-0.4194795107015068	0.0518536885021063	0.0026888050112734	0.1759630598983755	0.3330293332672198	-0.0734341525369473	0.1109085368164089	0.0053925747588196	0.1525187782231967	-0.4339796873696784	0.1883383690494838	0.0232619777106966	-4.461055654815624e-05	-0.0013536304589604	1.8323154194254955e-06	1.990101755536246e-09	0.0061880810927228	0.000540089876718	3.82923476101134e-05	2.9169707493337215e-07	-0.0017418797372919	-0.0001456692156429	2.1219520386046823e-08	3.0341450191880987e-06	0.0	0.0	0.0	0.0	0.0	0.0	0.0	0.0	0.0	0.0	0.0	0.0	0.0	0.0	0.0	0.0	0.0	0.0	0.0	0.0	1.0	0.0	0.0	0.0
59.56511243236952	-0.1141805181288759	0.0130371907201785	3548.0026190808217	63.86645429185096	2.123632380302908	4078.923983813088	4.509814486670995	59.35176949146048	-0.06499322703187	3522.632541767459	0.0042241195600162	59.89690436571836	51.12397240238652	1.303113	44.6357	0.287288927675406	0.2264509403803102	-0.0891078621	0.077749416	0.0973718941	0.0039719385	0.1436918152	0.099966887	-0.1620946626	0.0404123621	0.1063425839	-0.1204586603	0.0176806601	-0.0600305927	-0.0277564008	0.0541473748	-0.0541180016	0.0722507876	-0.0245590254	0.0394059936	-0.0328560893	0.070628859	0.0872621246	-0.12052914	0.1730611737	0.0357120452	0.1387199449	-0.0210962916	0.0416186738	0.0535365741	0.184380569	0.0580513488	0.0204695141	0.100452039	0.0469833139	0.1638424842	0.0245389825	-0.0731999209	0.0246390832	-0.127579825	0.0084040605	-0.1012455884	0.0252588229	0.0186627026	0.0222179177	0.0780418299	-0.0247000468	-0.0287908266	0.0831365419	-0.1996590368	-0.0765213985	-0.0531838854	-0.0579141637	0.0292598922	0.0285207601	0.0091732982	-0.027937753	-0.0363768942	-0.0134224823	-0.1736151631	-0.0313861255	-0.0301377303	-0.1240949768	-0.0345221823	-0.0338784289	0.070822228	-0.0439878639	-0.0605842787	0.065643305	0.156661455	0.0642684845	0.0880769592	0.0572746279	-0.0054969821	-0.0403470819	-0.0044734952	-0.1598785938	-0.0918751065	0.0770551369	-0.053229433	-0.1068830373	0.0628149886	0.0494057204	0.0313921213	0.0826739889	-0.1407639844	0.0433836704	0.0262525008	-0.1090091399	-0.1859300511	-0.0270564776	0.0412151734	0.009836183	-0.0414535769	0.0617956755	-0.0950672902	-0.0587550935	0.0296198791	-0.1092772569	-0.0417320198	0.0558693248	-0.0748187576	-0.0453031544	-0.0460907455	-0.0966049357	0.1073197661	0.1365168692	0.0661623719	0.1109093638	0.0396384925	0.1164781729	-0.0524061632	0.1677256734	0.0530145114	0.0334528313	0.0739814751	0.0018322485	0.0422613505	0.0369398244	-0.0885048784	-0.0517772285	0.0489356473	0.0895375259	0.0757724991	0.0297641308	-0.1132916975	-0.0518326269	-0.0025270505	-0.0336866356	0.074276497	-0.0022443662	0.0428824105	0.0227383221	0.0311316803	0.0951132324	0.000192724	0.1399251475	0.0434241828	-0.1538603361	-0.0567115258	-0.0151553975	-0.1581840934	-0.0020378394	-0.0910090951	0.0502770413	0.0046755634	-0.0583057138	0.0	0.0	-0.4050380899687411	0.0144414207327657	0.0002085546327807	0.164055854325526	0.3332209952399694	0.0001916619727496	0.1110362316687157	3.673431179827329e-08	-0.0712923040094111	-0.2238110822326078	0.0500914005301311	0.0050825926109702	0.0002046902150839	0.000249300771632	6.215087473633866e-08	4.189808415109326e-08	0.0062019395096446	1.3858416921800308e-05	3.846405368129071e-05	1.9205571957844112e-10	-0.0010281436711001	0.0007137360661918	5.094191721829456e-07	1.0570794084231906e-06	0.0	0.0	0.0	0.0	0.0	0.0	0.0	0.0	0.0	0.0	0.0	0.0	0.0	0.0	0.0	0.0	0.0	0.0	0.0	0.0	0.0	0.0	0.0	0.0
59.70668400374531	0.1415715713757919	0.0200425098218109	3564.888114723096	63.49584230463555	-0.3706119872154048	4031.721989975146	0.1373532450677513	59.55687501396931	0.2051055225088305	3547.021361429562	0.0420682753636203	60.08513235747815	51.16830327098136	0.952031	32.610035	0.1057175791644222	0.0620590377929319	-0.0739367416	0.0105560733	0.015182644	-0.0525391822	-0.0631480548	0.0095180798	0.0070759165	0.0608622204	0.0335812316	-0.0111182846	0.0741457968	-0.0671655273	-0.0757054388	-0.0147703023	-0.0006951617	-0.0316943471	-0.0219246624	-0.092339927	-0.0487654268	-0.1349057042	-0.1702550074	0.040333419	0.0791560929	-0.005221052	0.0139158248	-0.0125202364	0.1219787952	0.1510477456	-0.1661071974	-0.0331717853	0.0160881526	0.0409935026	-0.01664008	-0.0488053517	-0.0274113376	-0.1203273779	0.0636371688	-0.1081836729	0.0146291664	-0.0082357151	0.0581206856	0.0298227634	-0.0018043746	0.0411561498	-0.0831923042	0.0074346492	-0.0440712048	0.1985484292	0.0071467906	-0.1426741629	0.0340813296	0.134263665	0.0224701889	0.0903182398	0.0514537916	-0.0117012826	-0.1642649782	-0.0176992123	-0.0616471056	0.0005127403	0.094888924	-0.0502812357	-0.1492439339	-0.0269896655	-0.0704483337	0.0137031848	-0.0200453795	-0.0265293569	0.0250361506	-0.0043233138	0.0358851931	0.0016485443	0.0346755452	-0.152823281	0.0540773984	-0.09004182	0.0664896333	-0.0776820238	-0.1709836182	-0.1408364071	-0.0761206769	-0.1963476758	-0.0585707913	0.0784356179	0.039712108	0.0191996517	0.0401280746	0.0676522878	-0.0669475235	-0.0508492699	-0.0708451536	-0.0913783224	0.0720496074	0.0561324371	0.0025315494	-0.0575251757	0.0978472034	0.0963379837	-0.0484313844	0.0220934763	0.1422131889	-0.0210740261	-0.145759859	-0.018089403	0.0011206209	0.0441577202	0.0183642345	0.0071857107	-0.1017021665	0.1050722086	0.0413635965	-0.1328861739	0.1138751998	0.0783780029	-0.0102031241	0.0286778729	0.0834529972	-0.0740847	-0.0180136557	-0.0085047333	0.047770413	0.0145918073	0.0641264264	-0.0693651877	-0.0947744	-0.0167681101	-0.0647774874	0.0117456522	-0.0050639225	0.0030547779	0.1285745845	0.0519466468	0.0568127521	0.1033688047	0.0552879345	-0.0155109293	0.0589889714	-0.0226499381	0.0242922872	-0.1490506953	-0.0886519554	-0.0919540145	0.0535390365	-0.000935404	-0.0519161246	0.0	0.0	-0.4051839674879147	-0.0001458775191736	2.12802506002468e-08	0.1641740475092475	0.3295350791217544	-0.003685916118215	0.1085933683717809	1.3585977630517167e-05	-0.0184633036746575	0.0528290003347536	0.0027909032763693	0.0003408935825826	-0.0003941218564612	-0.0005988120715451	3.58575897028134e-07	1.5533203774042277e-07	0.0060702878300296	-0.0001316516796149	3.684839433940547e-05	1.7332164745450525e-08	-0.0012788156237856	-0.0002506719526855	6.283642786316156e-08	1.6353693996381532e-06	0.0	0.0	0.0	0.0	0.0	0.0	0.0	0.0	0.0	0.0	0.0	0.0	0.0	0.0	0.0	0.0	0.0	0.0	0.0	0.0	0.0	0.0	0.0	0.0
59.65517739460161	-0.0515066091437006	0.0026529307854819	3558.7401899813867	63.97655446478661	0.4807121601510573	4092.999521185807	0.2310841809170958	59.4908439129651	-0.0660311010042136	3539.1605094767765	0.0043601062998286	60.02372472584248	50.86610926078199	0.849441	29.096001	0.0471749955887219	0.0238096421435127	-0.0695115018	0.0310973085	0.0568911368	-0.010352408	-0.0388520893	0.0341951066	0.0439789609	-0.0480342188	-0.0555451478	-0.0846256674	0.0267350054	0.1049317607	-0.0473914868	-0.0266626568	-0.0020073548	-0.0756896022	-0.0344250105	0.000784057	0.1533627736	0.0183758684	0.0684369605	-0.0684607297	-0.043094167	0.0797889424	-0.0475057928	0.1777666746	0.0003907121	-0.0125320408	0.0816710839	0.0879831672	-0.022526945	-0.0152205631	-0.0143328916	-0.0705999112	0.0040760936	-0.0023122109	-0.098211816	-0.0577720787	-0.1415565224	-0.0052497134	0.0378369448	-0.0225173112	-0.0598130153	0.0681616027	-0.0276326495	-0.0624277045	0.145503813	-0.1189339398	-0.0720046258	-0.0893618079	-0.0476952167	0.1409366573	-0.0082079198	0.0786720845	0.0930598624	0.0526291473	0.015766582	0.0024109684	0.0575189883	0.0422533669	0.0570148056	-0.0198159551	0.0769778397	-0.039961962	-0.0543865018	0.0128961897	-0.0205896211	-0.025602749	0.0642325086	-0.0678071994	-0.023170427	-0.0918756285	0.0842971297	0.0735174005	-0.072151448	0.0919884599	0.0248426695	-0.0004427251	-0.0189055921	0.1371883467	-0.0012382431	0.0391046518	0.0924115109	-0.0485359519	-0.0485422192	-0.0142987366	0.0481606591	0.0008772213	-0.028382866	0.0622501948	0.0188539213	-0.039400646	-0.0630249741	-0.1044713991	-0.2292232725	-0.1098443834	-0.0311546843	0.0265961472	-0.0355272194	0.0676589406	0.0943120948	0.0448831044	-0.1244216131	0.0858534504	6.019e-07	-0.0487017659	-0.0933684575	-0.0717868005	0.0699016334	0.0034217487	-0.0335101945	-0.0533180646	-0.1116926345	0.0095141432	0.0391073805	0.0109103128	-0.1035515639	-0.0684414969	-0.0208776984	-0.0235601098	0.0252484272	0.0182740644	0.0380546276	-0.1287757231	-0.0587111006	-0.0444362894	0.0444100261	0.008343413	-0.0878126061	0.0295139827	-0.052183282	-0.0021128612	0.066303425	-0.0043206653	0.0085858943	-0.0543665877	-0.0056597815	0.0107344459	0.0829912763	-0.0677376909	0.0358476846	-0.0928702909	0.0567343287	-0.0065437496	-0.045267892	0.0	0.0	-0.401636891584431	0.0035470759034836	1.2581747465074618e-05	0.161312192681604	0.3334295893749583	0.0038945102532039	0.1111752910707533	1.516721011231046e-05	-0.0023215130207532	0.0161417906539043	0.0002605574055144	5.389422705526647e-06	-0.0004387333388504	-4.461148238919999e-05	1.990184360961901e-09	1.9248694261881998e-07	0.0063978028593654	0.0003275150293357	4.093188142730409e-05	1.0726609444082985e-07	-0.001179109759948	9.970586383760004e-05	9.94125928360204e-09	1.3902998260046302e-06	0.0	0.0	0.0	0.0	0.0	0.0	0.0	0.0	0.0	0.0	0.0	0.0	0.0	0.0	0.0	0.0	0.0	0.0	0.0	0.0	0.0	0.0	0.0	0.0
58.41869353325249	-1.2364838613491216	1.5288923393768337	3412.743754132076	62.391066612081325	-1.5854878527052847	3892.645192993169	2.5137717310760146	58.36907903721155	-1.1217648757535486	3406.949387652249	1.2583564364743742	58.80559424087405	45.32248536289527	1.762057	60.355949	0.7686484253066389	0.4807449221277055	0.140223264	0.284549775	-0.1048406605	0.2044842591	0.2982946452	0.1794875989	-0.2023675999	0.131419736	0.0315512567	0.0517419386	0.19375074	0.2390155209	0.3077627464	0.3230884063	-0.2967733018	0.2890854795	-0.0195323366	-0.0182348145	0.0083896457	0.0474566359	-0.0081915158	0.1611300345	0.092523598	0.1430303406	0.1189962268	0.0423576926	-0.0059342678	0.0480249763	-0.14711924	-0.0843888331	-0.0029669435	-0.1528035589	-0.1296199366	-0.0277595048	-0.0524195104	0.022297157	0.0850754366	-0.0412331171	0.0443459944	0.063140568	0.0722763835	-0.0026930824	0.0602475086	-0.0658779363	-0.094718723	0.0582426747	-0.1035246551	-0.0783976535	-0.1110211842	-0.0055046573	0.0370794925	-0.0086886528	0.0872646826	-0.0205448959	0.0991555272	-0.080138199	-0.0731105749	0.0704775538	-0.0866401077	0.007258552	0.0458732409	-7.90934e-05	0.0982053805	0.046454949	0.2821126444	-0.3719589591	0.1656325126	0.4399512072	-0.0638752001	0.0784410784	-0.0245343812	0.026822601	0.0284858061	0.0280968746	-0.0717032281	-0.0859746729	-0.0526025768	0.197239756	0.0696485987	0.0239989479	0.0043080854	-0.1309409189	-0.0262466131	0.1475748108	0.0402859735	-0.0918875687	0.0854160626	0.0916370758	0.0826215352	-0.0731961459	-0.1314198593	-0.0938081872	-0.0340176234	0.0368968548	0.0004945749	-0.0712962056	0.0503704913	-0.0678612118	0.039172295	0.0431905007	-0.0467852709	0.03401997	0.0248394236	0.0054157977	0.0205414368	0.042194081	0.1020156941	0.0315983516	0.03420079	0.1132458944	-0.0283736068	-0.1285588657	0.0004544241	-0.0642137278	-0.0605212736	-0.0040262763	0.0034719929	0.1231245689	-0.2992720433	0.1401051279	-0.0624400636	-0.0957911804	0.0061430017	0.0627325279	-0.0631667134	-0.0163420858	-0.0951721732	0.0188816178	0.0307096576	0.2287141622	0.1120395577	0.1691340383	-0.1260826665	-0.092501951	-0.0978356783	-0.0842129239	-0.063087764	-0.1045410149	0.1828368843	-0.109962195	0.0523975083	-0.0937576389	0.059858937	-0.012133754	-0.038394137	0.0	0.0	-0.5255577204772806	-0.1239208288928495	0.0153563718334908	0.2762109175532753	0.4310780760698378	0.0976484866948794	0.1858283076680728	0.0095352269538	0.4527377674741117	0.4550592804948649	0.2070789487645041	0.2049714860974428	-0.0013632249684609	-0.0009244916296105	8.546847732198779e-07	1.8583823146352216e-06	0.0056459511171502	-0.0007518517422152	3.187676401724959e-05	5.65281042272032e-07	-0.0013431629726032	-0.0001640532126552	2.6913456582492283e-08	1.8040867709722643e-06	0.0	0.0	0.0	0.0	0.0	0.0	0.0	0.0	0.0	0.0	0.0	0.0	0.0	0.0	0.0	0.0	0.0	0.0	0.0	0.0	0.0	1.0	0.0	0.0
59.304754541775225	0.8860610085227378	0.7851041108243313	3517.053911260209	62.53640948457921	0.1453428724978849	3910.802511222968	0.0211245505859364	59.13384939535283	0.7647703581412841	3496.8121443122704	0.584873700691548	59.66579072624445	51.14535159102611	2.218755	75.999306	0.3357712096646255	0.1823273023562409	0.1022436956	-0.3253179388	-0.2083293816	-0.3100869406	0.3500438558	-0.079702228	0.1071012668	-0.1326118946	-0.2019215648	0.1492193314	-0.0282037593	-0.0114360499	0.1072239419	0.0994767785	-0.5108631221	-0.2114464248	0.0941004145	-0.0115519152	-0.0519412378	-0.0779978113	-0.082762743	-0.1234683728	0.0427064655	0.0013964479	-0.0662568118	0.0585607003	-0.0565148842	0.0012783445	0.06284292	0.0112457538	0.0302858794	-0.0119828748	0.0356982225	-0.0127392334	-0.0210808421	0.0008672744	0.0472330254	0.0995189809	-0.0237312712	0.0755431558	-0.0279504698	-0.1170288966	-0.0305083573	0.1607431587	0.0003826988	0.0597491281	-0.023890478	-0.0255548802	0.0314141008	0.0953818626	0.0758193006	0.0580353007	-0.1304338021	0.0685217513	-0.0304541437	0.0132977714	0.0509406615	0.0843122814	0.0930515504	-0.0975926833	0.1140916424	0.0928653064	0.0174908624	0.0622719754	0.1445855432	-0.1857514927	-0.545686618	0.1651302945	0.0750961948	0.0253994381	-0.1837725036	-0.148503832	0.1059289019	-0.0934975422	0.0183756587	-0.0223243397	-0.0300492545	-0.0692091287	0.0457057471	0.0750660602	-0.035716057	0.0546058814	-0.0057129054	-0.0347333759	-0.0151058162	-0.0082533763	0.0375307457	-0.0320660639	-0.0300910832	0.0426123668	-0.0415258465	0.0255345123	0.0241344375	0.0078536849	0.0752444961	-0.0245364034	0.0046143588	0.0928188307	0.1141248686	0.096203232	0.0681094502	-0.1980123095	0.0386317905	-0.0434893216	-0.1140672928	-0.0375326088	-0.0015170883	-0.105350438	0.0529363312	-0.0128187906	-0.082620694	0.0136188169	-0.139610003	-0.0076195914	-0.0776917461	-0.0629721954	0.0961145956	0.1063069148	0.340169326	-0.0158276784	0.0659447083	-0.19830533	0.0350715753	0.0538893337	-0.2482240363	-0.1945217907	-0.0369948819	-0.1170713832	0.0049381722	0.2115714328	-0.0840958976	0.0235198031	-0.1362516333	0.021426642	-0.0720057475	-0.2092569996	-0.0338485266	0.0474505218	0.022466331	0.0756501126	-0.0737236468	-0.0946157819	0.0629089685	-0.0176897492	-0.0313291043	0.0	0.0	-0.4825827595441581	0.0429749609331224	0.0018468472672034	0.2328861198092547	0.3715669331942166	-0.0595111428756212	0.1380619858433554	0.0035415761263626	0.3091496083033149	-0.1435881591707968	0.020617559454058	0.095573480314093	-0.0026499839309091	-0.0012867589624482	1.6557486274407686e-06	7.022414834076447e-06	0.0057368769154757	9.092579832549984e-05	3.2911756743317976e-05	8.267500801129468e-09	-0.0017594171455312	-0.000416254172928	1.732675364799734e-07	3.095548691989156e-06	0.0	0.0	0.0	0.0	0.0	0.0	0.0	0.0	0.0	0.0	0.0	0.0	0.0	0.0	0.0	0.0	0.0	0.0	0.0	0.0	0.0	0.0	1.0	0.0
60.09169947054508	0.7869449287698558	0.6192823209165934	3611.012345258308	64.33797265113668	1.801563166557472	4139.374724858411	3.245629843096584	59.73569163086429	0.6018422355114552	3568.35285461771	0.3622140764454259	60.26328671872616	51.51991139015526	1.769783	60.62059	0.5229646556916107	0.3072900197191048	-0.039539483	0.0026565299	0.0854176995	0.0285354841	0.241898413	-0.0016847816	-0.0443987919	0.0285705865	0.150010829	0.1022443537	-0.067487282	-0.0779097783	-0.1188641848	-0.0703061436	-0.1227584213	0.035433483	0.0355052636	-0.0670356814	0.0201559293	-0.0587261713	0.0870127445	0.0058108497	0.1100013534	-0.0055638947	-0.0787627071	0.0430071947	0.0299162853	0.0369128379	0.0987018421	-0.0236094677	0.028141648	0.0273077418	-0.003536926	-0.0752661895	-0.0262455668	-0.1184582242	-0.0447235168	-0.1281225591	0.0595945208	-0.0051780351	0.0164976626	0.0911218354	-0.0032775569	-0.0973791589	0.0614656968	-0.0889404032	-0.0643203073	0.1283958227	0.0585390375	-0.0310175125	0.1203369203	0.0070662241	-0.0668805069	-0.0240908765	-0.0684336323	0.0116449556	0.0488508459	-0.0609107271	0.046524219	-0.0160215013	0.0833823873	-0.0342706322	0.0813440186	0.02589305	-0.0928650678	0.0445495226	-0.0355322753	0.1909033378	-0.0436240337	0.0619549902	0.0700595293	0.0087167525	0.0584419054	-0.063085408	-0.0397699191	-0.0004596121	0.0766456903	-0.0652162954	-0.0924076545	0.0662679628	-0.0927162936	0.099582815	-0.0050373526	-0.0457687412	0.050637288	-0.0375769516	-0.0918867147	0.043900456	-0.0447631704	-0.1917643712	0.009917911	-0.0577385526	0.0246316384	0.0113968222	0.007473183	0.0304597749	-0.0164760904	0.132868372	-0.1387693613	-0.0172446466	0.012100675	-0.0307573067	-0.0033718566	-0.0376246888	0.052725121	-0.0354165221	-0.0612196288	-0.0682101711	-0.0078409762	0.0038834563	0.0214763457	0.0525234798	0.0824045307	0.1397670747	-0.0288545479	0.0155076736	-0.0869213694	-0.0463307821	0.0196972707	0.1149302892	0.0370113765	0.0732844511	0.0082463532	-0.105053175	0.0490390157	-0.0560037115	0.0163543358	0.1083012881	-0.0026574114	-0.0785568234	0.021661849	0.0157122754	0.0262503083	0.0542008774	0.0848605669	-0.0507146023	-0.1430132076	-0.0542835698	-0.0064104931	-0.0308725	-0.0053903451	-0.0954444529	0.0658806233	-0.0231961626	-0.0241079916	0.0	0.0	-0.3932710202546303	0.0893117392895277	0.0079765867749205	0.1546620953721178	0.3016506344733187	-0.0699162987208978	0.0909931052781557	0.0048882888268298	0.023574386610015	-0.2855752216932999	0.0815532072451774	0.0005557517040384	-0.0020732317313674	0.0005767521995417	3.326430996761892e-07	4.298289811948666e-06	0.006051173831558	0.0003142969160823	3.6616704739732334e-05	9.878255145884475e-08	-0.0010872383413975	0.0006721788041337	4.518243447266111e-07	1.1820872110047868e-06	0.0	0.0	0.0	0.0	0.0	0.0	0.0	0.0	0.0	0.0	0.0	0.0	0.0	0.0	0.0	0.0	0.0	0.0	0.0	0.0	0.0	0.0	0.0	1.0
59.74164747839174	-0.3500519921533396	0.1225363972105217	3569.0644434324304	63.51616657541153	-0.8218060757251493	4034.303416435425	0.6753652260987698	59.49478446070097	-0.240907170163318	3539.6293780252654	0.0580362646360978	60.01299518868327	51.78133070771197	0.980323	33.579121	0.1736144108246831	0.08747491756887	-0.0759137404	-0.0416811076	0.0549644845	-0.0453765703	0.0243839264	0.0815582999	-0.0941660467	-0.1312450796	-0.0702080596	-0.0369439261	-0.1089286368	-0.0059970181	-0.0613729261	-0.0123339855	-0.0444409308	-0.0734191877	-0.0865839818	-0.003091111	0.0526105877	-0.0432237216	0.1476735601	-0.0251578066	-0.0806921512	-0.2016268897	0.0019770092	0.0947478218	0.0756130157	-0.0394083122	0.0509979185	-0.0636178902	-0.137516549	0.0010567672	0.0636744302	0.0363387329	-0.0720418593	0.0580477644	0.0245697958	-0.0359761692	-0.0341272012	0.0246865466	0.1430495513	0.047251489	0.0300646874	0.0038667159	-0.063023795	-0.0191913418	0.0827803586	0.0387494524	0.0051929983	0.0245128906	0.0509309678	-0.0425136459	9.4077e-05	-0.0156583994	0.0677113732	-0.0699103041	-0.1153064681	0.008205921	0.0090783199	-0.0391762311	0.030018759	0.0549256352	-0.0040129643	-0.0223551696	-0.0638801826	-0.0022675839	-0.0476211741	-0.0120395672	0.1276213243	-0.0219151383	-0.0420352682	0.0152097072	-0.0289565693	0.1167988372	-0.0163248979	0.1859826686	-0.053865562	-0.0007473341	-0.0840115845	0.0338143708	-0.0341677643	0.0112749168	0.1242915184	0.1718643595	0.0629325317	-0.0326017796	-0.1041437877	0.0019885651	-0.0378750747	-0.0159565195	0.0345977192	-0.0316580222	-0.0227772741	-0.0390920778	-0.0951192062	-0.042828483	0.0052984048	-0.0442119182	-0.0669303981	-0.004354349	-0.037704888	0.0159507175	0.1079316134	-0.0023428719	-0.0848136933	0.0874309969	-0.037692969	-0.1037985629	0.0264614491	0.0803099943	0.0334779842	-0.0325572504	0.0701345703	0.0152515285	-0.072909916	-0.1275676712	0.0165214863	-0.0901876654	0.0568514668	0.0401783105	0.0851867142	0.0580780429	0.0482602738	-0.0948470247	0.0309972778	-0.0198327388	0.0269382176	0.0017525711	-0.1837317672	0.0232921689	0.1033239399	-0.0999957048	-0.0443799745	0.1067553495	-0.0308756979	-0.070538281	0.0558490628	-0.030025818	0.0143201108	0.0406668133	-0.1184775099	-0.0962433935	0.068770199	-0.0286375605	-0.0167667741	0.0	0.0	-0.3602225248259287	0.0330484954287015	0.0010922030501009	0.1297602673919668	0.3035672952127441	0.0019166607394254	0.0921531027227813	3.673588390054814e-06	-0.0462116330864361	-0.0697860196964511	0.0048700885450734	0.0021355150325153	-0.0016541786904267	0.0004190530409406	1.756054511216478e-07	2.736307139861792e-06	0.005712921192845	-0.000338252638713	3.2637468555657536e-05	1.144148475963078e-07	-0.0004672793218491	0.0006199590195484	3.843491859194135e-07	2.183499646277548e-07	0.0	0.0	0.0	0.0	0.0	0.0	0.0	0.0	0.0	0.0	0.0	0.0	0.0	0.0	0.0	0.0	0.0	0.0	0.0	0.0	0.0	0.0	0.0	0.0
59.63746491253522	-0.1041825658565187	0.0108540070284478	3556.62722119387	63.89075964562437	0.374593070212839	4082.029168094944	0.1403199682514809	59.51153265494456	0.0167481942435898	3541.6225189405327	0.000280502010421	60.03127376437188	50.99279040867071	0.908889	31.13228	0.0831776198541425	0.0376068742303954	-0.0840073221	0.0476277714	0.0801460178	-0.0332504631	-0.0646629838	0.0881366913	-0.0828853865	-0.0030673003	-0.03323605	0.0002553603	0.1030418784	-0.113041316	-0.0687396467	0.0140431216	0.0095924277	0.0824699037	-0.0036753741	-0.1372733774	-0.0647820028	0.0862652564	-0.0159143181	0.0075590292	0.0396281593	0.0575839432	-0.0984420775	0.1411171532	0.0397336118	-0.1653494035	0.0119721887	0.0410564504	0.124183721	0.0386795924	0.1466211806	0.0311491556	0.1266188352	0.040343057	-0.0049001244	-0.0767718513	-0.0449928777	-0.0038849434	0.0814046806	-0.11068326	0.0606576427	-0.019098573	0.0590648986	0.0382342975	-0.2600898574	-0.0126565319	-0.0358981096	-0.0266055823	0.0886373654	-0.0869200405	0.0014458391	0.0411415174	-0.0254845877	0.0123469916	-0.0077287856	-0.0319834414	-0.0656722122	0.0817958116	-0.0216789532	-0.041094141	-0.0799747354	0.0019154498	-0.0746818661	-0.0081504372	0.0836422138	0.0568609273	0.0797100749	0.0060457182	0.1305522716	-0.1416761751	-0.0279574277	-0.0902929228	0.104615789	-0.0852887749	-0.041076708	-0.1276084748	0.10826155	0.0234360913	0.0176709844	0.0063554462	0.0807479371	0.010553842	0.1021213603	-0.0734051613	-0.0788852265	-0.0628401341	-0.0359875127	0.0434302112	0.0426867405	-0.0729062881	-0.0950055958	0.1210991264	0.0453280476	-0.121292023	-0.0659521747	-0.0219239691	-0.0047284547	0.0303566393	-0.0325028042	-0.0411356616	0.0596552796	-0.1528214631	0.0210197943	0.0579451316	0.1433131024	0.0651610632	0.0608786344	0.0163218252	-0.0487569349	0.0477527612	0.1396109576	-0.1219828739	0.1387633152	0.0037312646	-0.0485469167	-0.0976156727	-0.0421961947	0.022539607	0.0794605269	0.1323306396	0.030493554	0.0095122602	0.0042977223	0.0088578846	0.0432571291	-0.0530084172	-0.0592669261	-0.0844774904	-0.1210681566	-0.0934376581	-0.1039610947	0.0433519382	0.0523493493	-0.0046860968	0.0029793893	-0.0285200647	0.1365884462	0.0501566542	0.0257225696	-0.0970123549	0.0715740957	-0.0339986915	-0.0093420254	0.0	0.0	-0.3608160122957002	-0.0005934874697715	3.522273767757809e-07	0.1301881947289709	0.3222590718170863	0.0186917766043421	0.1038509093684099	0.0003493825126266	-0.0659053372328699	-0.0196937041464337	0.0003878419830072	0.0043435134757783	-0.0020997301099608	-0.0004455514195341	1.985160674488517e-07	4.408866534675994e-06	0.0059498192341729	0.0002368980413279	3.5400348919333794e-05	5.6120681984995627e-08	-0.0002657557500392	0.0002015235718099	4.061174999501992e-08	7.062611867889777e-08	0.0	0.0	0.0	0.0	0.0	0.0	0.0	0.0	0.0	0.0	0.0	0.0	0.0	0.0	0.0	0.0	0.0	0.0	0.0	0.0	0.0	0.0	0.0	0.0
59.24431973119746	-0.3931451813377649	0.154563133609104	3509.889420412352	63.5130748140051	-0.3776848316192698	4033.910672329409	0.1426458320352761	59.18078307414679	-0.3307495807977716	3502.365085269219	0.1093952851979016	59.731878866255286	49.60286562997425	1.161102	39.771381	0.3805937121151403	0.2377625130895297	0.0274607669	-0.0343100023	-0.0374156841	0.0336286551	-0.034650939	0.0583523982	0.0848160088	0.0732121021	0.0187358993	0.0938131918	-0.1813443483	-0.1041170786	0.045250758	0.1032312804	0.0436082901	-0.019775753	0.0216228853	-0.0250937633	0.0725780332	-0.1117950547	-0.0517303538	-0.0060146808	-0.0206021375	-0.0093875179	0.0037269475	0.0976957446	0.0343856203	0.0589371208	0.0218953862	-0.0374613001	-0.0181949426	0.0884165187	-0.1006068317	0.0906321655	0.1592236031	0.0879088794	-0.0288125775	-0.091173496	-0.0362665311	-0.0643000726	-0.0225931557	0.0271399701	0.0808100078	-0.1224657298	0.1619911894	-0.0837309309	-0.0599394063	-0.0274569858	-0.003039651	-0.0202570499	-0.0521275477	0.0807415015	0.0627299281	-0.067254079	0.0161440855	0.0271497484	0.0383371068	0.0787860887	-0.0072855158	0.1019131754	0.0558009971	-0.0348577494	0.0690618047	0.0063508141	0.0283637079	-0.0794212069	0.0541028438	-0.0739762288	-0.0322905476	-0.0398560052	-0.1358569037	-0.0097987449	0.0066524676	-0.1651729011	-0.030509377	0.0584715782	0.049258617	0.042892122	-0.071077402	0.0569972978	0.0128383908	-0.0081130679	-0.0819310273	-0.0115031652	-0.1403860215	-0.0513914276	-0.0884717105	-0.0630590462	-0.0230526352	-0.0199358277	0.0524845656	-0.0985117754	-0.1099697606	0.0142321825	0.0242649627	-0.0696029983	-0.0921485816	-0.008671239	-0.0649825908	-0.07625538	-0.1439592461	0.0377128452	-0.067335728	-0.0951948871	0.0819952675	-0.0667696807	0.0699073	-0.051052445	0.0512087687	0.0460885047	-0.0299147322	-0.0448474018	-0.0700447153	0.104401136	-0.0227342914	-0.0041619004	-0.052445542	0.0141779029	0.0778503459	0.1059664017	-0.0090222359	-0.1301487793	-0.0146351624	-0.1203357724	0.0936041512	-0.0776182623	0.0316452534	-0.16787523	0.1296968093	0.0590029356	-0.0345798613	-0.1017777087	-0.1013198166	0.0382304038	-0.1351087155	0.1526486159	-0.095474926	0.0045554215	0.0421575842	0.0475439283	-0.0442279149	-0.0977510977	0.0742888199	-0.039264529	-0.0018707352	0.0	0.0	-0.4009259674661081	-0.0401099551704078	0.0016088085037721	0.1607416313886347	0.3716636229049328	0.0494045510878465	0.1381338485908201	0.0024408096681916	0.1623154572385061	0.228220794471376	0.052084731029146	0.0263463076585453	-0.0030601044420099	-0.0009603743320491	9.223188576587548e-07	9.364239196008722e-06	0.0058732885288395	-7.65307053334002e-05	3.449551814299766e-05	5.856948858827729e-09	-0.0004860189403669	-0.0002202631903277	4.851587301333659e-08	2.3621441039536439e-07	0.0	0.0	0.0	0.0	0.0	0.0	0.0	0.0	0.0	0.0	0.0	0.0	0.0	0.0	0.0	0.0	0.0	0.0	0.0	0.0	0.0	0.0	0.0	0.0
59.70005721888956	0.4557374876921045	0.2076966576879111	3564.0968319386875	63.63086676597595	0.117791951970851	4048.887205389383	0.0138749439491032	59.374964405113545	0.1941813309667566	3525.3863981085005	0.037706389296021	59.966798631846906	51.10687770581955	1.142873	39.146976	0.337259358877529	0.1903827118992747	-0.0716561947	0.0100332185	0.0218746092	-0.0429242559	-0.0989252164	-0.007470824	-0.0572901609	-0.0062918617	-0.0544195881	0.0188441604	0.0601453282	-0.0324313813	-0.024607819	0.0510541655	-0.0171353606	-0.0156445668	-0.1058343931	-0.0197674153	-0.0492858431	0.0276583708	0.038465709	-0.0273959106	0.0682164177	-0.0487051835	-0.0650203285	0.0625121142	-0.0458719707	0.0815882795	0.1205576892	-0.1468328914	0.0652838162	0.0558978605	0.0096281709	-0.0138987252	0.0402954015	0.0482455427	-0.055023398	0.0978073939	0.0975930669	0.0316018117	-0.0172294158	0.012419598	-0.0079106241	-0.015878763	-0.0610466647	0.0006276621	-0.1248324758	0.0968100689	0.0832389118	-0.0891018484	0.1060949102	-0.1629846401	-0.0305883767	-0.0677666273	0.0541287076	0.1012870745	0.097406391	0.0472975069	-0.0308885625	-0.0303423007	0.1040847331	-0.0522763051	-0.0719540259	-0.1194241745	-0.0477715663	-0.0210053936	0.0370955336	0.0219087988	0.0862635879	0.0194031156	0.0933059856	0.0237498324	-0.0618468661	-0.048567322	0.0309625902	0.0150643939	-0.0150546375	-0.0652462096	-0.0421079049	0.0100858169	-0.1209635949	0.0720999451	-0.0998871848	-0.0590176205	0.0825049678	0.0204508529	-0.0552941764	-0.0305953031	0.0115905677	0.0689233405	0.0032904351	0.0707403095	-0.0317432367	0.0160560049	0.1320423328	0.0165877204	0.0334893427	0.012404042	-0.1688306136	0.0134262769	-0.1281981537	-0.0869215504	-0.0352379457	-0.055130011	-0.1011336241	0.1081599811	0.0644920682	-0.0923763515	-0.0275183953	0.0898138092	-0.083694177	0.0049068609	-0.0093605264	-0.0469858781	0.0791150655	-0.0645453167	0.0594305906	-0.0873720764	0.0122304105	0.1226824114	0.1084088615	0.0271907547	-0.0143777377	-0.0526639904	-0.083336489	-0.0281397068	-0.0710756669	-0.0074600415	-0.0060718475	-0.0605170653	0.083081703	-0.0485361445	0.0670961643	0.0389024449	-0.0059771151	0.171156852	-0.0319670931	0.0385630028	0.0187842059	0.0034014823	0.0438433904	-0.0984593917	0.0769109895	-0.0444203137	0.0056098749	0.0	0.0	-0.3864452096505033	0.0144807578156048	0.0002096923469142	0.1493399000618214	0.3297053495937803	-0.0419582733111525	0.1087056175507568	0.0017604966992533	-0.0043495486020006	-0.1666650058405067	0.0277772241718161	1.8918573041165376e-05	-0.0011947930843399	0.00186531135767	3.479386461052699e-06	1.4275305143864516e-06	0.0054987943368642	-0.0003744941919752	3.02367391591298e-05	1.402458998232327e-07	-0.0004427180518069	4.3300888560000015e-05	1.87496695008554e-09	1.95999273395697e-07	0.0	0.0	0.0	0.0	0.0	0.0	0.0	0.0	0.0	0.0	0.0	0.0	0.0	0.0	0.0	0.0	0.0	0.0	0.0	0.0	0.0	0.0	0.0	0.0
59.61213373172446	-0.0879234871650993	0.0077305395952713	3553.6064880490017	63.82641139436275	0.1955446283867985	4073.810791482439	0.0382377016909311	59.43480015760456	0.0598357524910184	3532.4954697743915	0.0035803172761664	59.99140800982714	50.289987780030536	0.8652349999999999	29.636997	0.0694988924716701	0.0385402483541903	-0.047550939	0.0345344928	0.0383176042	-0.0323611624	0.0274658801	0.0259667012	-0.0135250318	-0.0048471459	-0.0065821027	0.0049888085	-0.0208716883	0.0689324985	-0.0461159324	0.0384070708	0.0434052755	0.0139806604	-0.0075527483	0.0320572759	-0.0162517434	0.0224990597	-0.0707729166	0.0755281999	0.024097154	0.0218093981	-0.0710594569	-0.1284583599	0.0201016115	0.0657711555	0.0600244633	0.0105802351	-0.1260097042	-0.0549864095	-0.0437098281	0.1589073342	0.0542430878	0.0249169687	0.100451028	0.0587817381	0.0839710527	0.0219613901	0.0416466042	-0.0588499629	-0.0048702505	0.0307345489	0.1201409724	-0.058620107	-0.0576111351	-0.0750796391	-0.0324899602	0.0523530938	-0.0025699237	0.1520630844	-0.038326603	0.1191287554	-0.13539582	-0.0817354835	0.0755922708	0.0027625383	-0.0038602204	-0.0191066723	0.0063840024	0.0324888684	0.0382980028	0.0007836268	-0.0511097247	-0.0231888478	0.0259704607	-0.0209466962	-0.0028280151	-0.0310008294	-0.0781147625	0.0953062268	-0.052439384	-0.0176611235	-0.0152646781	-0.0877123107	0.0446492674	0.0902120693	-0.0325960729	-0.0438591878	-0.0509620098	0.1254978844	0.0034609839	0.0555193773	-0.0747801094	-0.1017549891	-0.008364647	-0.0663808342	0.0529212683	0.0356698629	-0.0613327193	-0.0774698562	0.0031000507	0.0871938259	0.0944807638	0.0536973779	-0.0878642786	0.0349276535	0.1514732122	0.0343703682	-0.0086364188	-0.1384616507	0.0142453586	-0.0275812985	-0.027458995	-0.1290778546	0.005015187	0.0018930139	0.0434683632	-0.07937651	0.1054701309	0.0789127629	0.0418834524	0.0243237864	-0.0129718577	0.0340050468	0.0250233798	-0.0726310145	0.0053298448	0.1404604069	0.0905640534	0.0060238957	-0.0460020331	-0.0727840072	-0.0499681941	-0.0205580465	-0.0246355712	0.0162989581	-0.0654322116	-0.0565447023	0.0503252158	-0.1235531415	0.1885630924	0.0160701128	-0.0691540373	0.0492016125	-0.0362597236	0.024928268	0.0337790321	0.0319512524	0.0786786747	-0.0991370163	0.0794373376	-0.0494515946	0.0130625369	0.0	0.0	-0.385459899064358	0.0009853105861452	9.708369511699167e-07	0.148579333786705	0.3301414768093593	0.000436127215579	0.1089933947098647	1.9020694816869805e-07	0.0223321609131303	0.0266817095151309	0.0007119136226498	0.0004987254110499	-0.001564784606875	-0.000369991522535	1.3689372674784133e-07	2.4485508659129483e-06	0.005930362744539	0.0004315684076747	3.5169202281816136e-05	1.8625129050296198e-07	-0.0004163630789205	2.6354972886399997e-05	6.945845958428787e-10	1.7335821348815852e-07	0.0	0.0	0.0	0.0	0.0	0.0	0.0	0.0	0.0	0.0	0.0	0.0	0.0	0.0	0.0	0.0	0.0	0.0	0.0	0.0	0.0	0.0	0.0	0.0
59.61958939990091	0.0074556681764477	5.5586987957295217e-05	3554.495440212777	63.93332602622661	0.1069146318638587	4087.4701767757847	0.0114307385065844	59.43017067323988	-0.0046294843646847	3531.945186250421	2.143212548286102e-05	59.99314741119743	50.554534538578174	0.832743	28.524042	0.0326086441643894	0.0216369729533605	-0.0514334008	0.011768941	0.0549028769	-0.0230233042	-0.0238163035	0.0231168682	0.0318417179	-0.0482405986	0.0004028723	-0.0021437116	0.0121074224	0.0788127881	-0.0265911071	0.0353434128	0.032049256	-0.0414507414	0.0497035955	0.1684765901	0.0666299552	-0.0423133308	-0.1032320946	-0.1025908306	-0.0373056355	-0.0360103874	0.128754555	0.0975431058	0.0678331441	-0.0322234025	0.0808783002	-0.0487681567	-0.0423278485	0.0330680528	-0.0891081206	-0.0012929705	0.0979642644	-0.1196043501	-0.0550126732	-0.0744777261	-0.134190074	0.0324306657	-0.0398011664	-0.017580182	0.0625808855	-0.0184514501	0.0040676433	0.0451105682	-0.0083954679	0.1473830203	-0.1180589974	0.0798619574	0.0833535473	-0.0288306668	-0.0607742444	-0.0476447419	0.0120459508	-0.0542482562	-0.1926200254	-0.0950451748	0.1024251407	-0.0821296295	-0.0139558435	0.0443587988	-0.0838724126	-0.0070014789	-0.0372550271	-0.0059458932	-0.0123664872	-0.0413581188	0.0130220978	0.0003153797	-0.1171790418	-0.0024210427	0.0116704455	0.0026375834	-0.1601596901	0.0350425618	-0.0629502847	-0.0172897734	-0.0352370394	0.0135615279	0.0597116376	-0.0218256619	-0.039952931	-0.0493477134	0.0452171802	0.1244273898	0.0259792702	-0.0720236061	-0.0896072885	0.0859742	0.1131825664	-0.1567728625	0.0304151408	-0.0137311978	-0.108483822	0.0007114123	0.0512311679	-0.015680549	-0.0683478062	0.1689624846	0.0662071631	0.1357795566	0.0400006878	-0.0592689227	-0.0411495273	0.0245913787	-0.026943152	0.097215196	-0.1186689485	-0.0398481711	-0.0069317859	0.0725933995	0.1864712824	0.0978012477	-0.0597008621	-0.0588473251	0.1775425809	-0.0709024295	0.0284519023	0.1059314532	0.0791669708	-0.0056849781	-0.0210583459	-0.1533915137	-0.0307546395	0.0108495581	-0.0154797403	-0.0117121945	-0.0799129871	-0.0195140389	-0.0101625278	-0.024067455	0.1354317245	-0.0009330421	-0.1391530666	0.0473989612	-0.020088832	0.061331186	0.0529923482	-0.0545055631	0.0108409456	-0.0997837604	0.0818647166	-0.0543442699	0.020450122	0.0	0.0	-0.3853753460320774	8.455303228060984e-05	7.149215267845851e-09	0.1485141573293434	0.3306887179152653	0.0005472411059059	0.1093550281564419	2.994728279932025e-07	0.0057959084360774	-0.0165362524770529	0.0002734476459848	3.359255459939317e-05	-0.0018208808134289	-0.0002560962065539	6.558526701129782e-08	3.3156069367134925e-06	0.005909887399331	-2.047534520800004e-05	3.4926769072771326e-05	4.192397613867701e-10	-0.0003841226796994	3.224039922110003e-05	1.0394433419359071e-09	1.4755023305944786e-07	0.0	0.0	0.0	0.0	0.0	0.0	0.0	0.0	0.0	0.0	0.0	0.0	0.0	0.0	0.0	0.0	0.0	0.0	0.0	0.0	0.0	0.0	0.0	0.0
59.49298816766178	-0.1266012322391319	0.0160278720044666	3539.4156411175445	63.25235223262868	-0.6809737935979285	4000.860062960527	0.4637253075671542	59.388349233738616	-0.0418214395012626	3526.976024708502	0.0017490328019577	59.88106654658914	50.02818389373288	0.9137630000000002	31.299242	0.0928823212144826	0.0464217150738792	-0.0612830736	0.0595047304	0.0411426945	-0.0369408081	-0.09788683	0.0677587962	0.012863971	-0.0099888076	-0.0402211358	0.0405661323	0.1400579197	0.0925974556	-0.0186793573	0.0123848111	-0.0408130482	-0.0052019481	-0.0856171473	0.0115366029	0.0437057865	0.045298098	0.1066204921	-0.003443282	-0.1191201708	0.034760435	0.0280735746	0.0465911912	0.0004460709	0.1530001202	-0.0379505979	-0.1230440524	0.0668115062	0.0343909172	0.084939116	-0.0087631064	-0.132784528	-0.045632753	-0.0674398341	-0.0022387298	0.0400646068	-0.0454843727	-0.0053679972	0.0459678977	-0.0699841764	0.1053551312	-0.0081027395	-0.1381326721	-0.0397439694	-0.0382087291	-0.0751354081	-0.0033508723	0.004641629	0.028843168	-0.050139652	-0.078069883	0.1787599376	0.0512749354	0.0206100686	0.1219570212	0.0980888958	-0.0219942642	-0.1180790572	0.0522892903	-0.1085596066	0.1139813799	-0.0236825802	-0.0279745769	0.0388313497	0.0406258112	0.0676038493	0.0571337678	0.1009484458	0.0333382182	-0.0213572669	0.173381902	0.0016852178	0.1052041734	-0.0694759126	0.0223089387	-0.1117948239	0.0515896243	-0.0641594507	-0.0980478654	-0.0634501066	-0.0647601406	-0.055350797	0.0054262874	-0.0556216897	0.004027595	0.0246430472	-0.1376835157	0.0275230359	-0.0273808398	-0.0267545013	-0.0860149694	-0.0429948673	-0.0672162505	-0.1037953891	-0.0806570967	0.0206906287	0.1046458587	-0.0113495149	-0.0271955746	-0.0075982182	0.1939681175	-0.0139407657	-0.0482393092	0.0288415832	-0.0336273074	-0.1077430056	0.0406224714	0.0261487469	0.0619076005	-0.0950656328	-0.1301075893	0.0018737514	-0.0360486855	0.1161931997	-0.0725601668	-0.0377236109	-0.0077067598	0.0428711828	0.0092058911	0.0193917057	-0.0552490114	-0.0561141861	0.0704484296	-0.0628836331	-0.0277754178	0.018626616	-0.0654089452	-0.1258807034	0.0316676871	0.1644616693	-0.1147196438	-0.1323410917	-0.1038414246	-0.2059234106	-0.1875051382	0.0685386191	0.1757303971	-0.0248985824	-0.1003994225	0.0841901024	-0.059084626	0.0277358257	0.0	0.0	-0.3637215038464063	0.0216538421856711	0.0004688888814019	0.1322933323602913	0.330056653762341	-0.0006320641529242	0.1089373946927938	3.995050934118776e-07	-0.0011517575855748	-0.0069476660216522	4.82700631484205e-05	1.326545535929093e-06	-0.0013099538359474	0.0005109269774814	2.610463763183811e-07	1.715979052313308e-06	0.0065818634767882	0.0006719760774572	4.3320926827078455e-05	4.515518486747659e-07	-0.0004741946018454	-9.007192214600002e-05	8.112951159075091e-09	2.2486052041931746e-07	0.0	0.0	0.0	0.0	0.0	0.0	0.0	0.0	0.0	0.0	0.0	0.0	0.0	0.0	0.0	0.0	0.0	0.0	0.0	0.0	0.0	0.0	0.0	0.0
59.38275502431387	-0.1102331433479051	0.0121513458923598	3526.3115942776744	63.69015834686604	0.437806114237361	4056.43627024887	0.1916741936636172	59.24803243364607	-0.140316800092549	3510.3293472583764	0.0196888043882123	59.83087891191244	49.18774315113532	1.103871	37.811031	0.3691331066899127	0.2027232804914469	0.0161617365	0.1309066462	0.0057102026	0.1150782256	0.0043832319	0.0982101309	0.0155035314	0.0277742151	-0.1064662737	0.1487751975	-0.0350975462	-0.0325475655	0.0418064364	0.0297505945	0.0238717461	0.0569063759	-0.0443902193	0.0652351133	0.0799359801	0.0257910884	0.0817961083	0.0269781251	-0.1172774327	-0.0461430503	-0.0619533845	-0.0857613771	-0.0387030387	0.1036950893	-0.038513689	-0.0707955109	0.0504647621	0.0150305526	-0.1365430679	-0.0442605438	-0.144582616	-0.0712985074	0.008901394	0.064353951	-0.0365559095	0.0028787979	-0.0478555047	-0.0129049514	0.0630137626	0.0270906619	-0.1794459854	-0.0366929224	0.1492731274	-0.0237928819	-0.0371124455	0.0069926315	-0.1156023867	-0.0827957266	-0.0895836964	-0.0350917702	-0.1266000766	0.052275895	0.0299224948	-0.0912812309	0.0252359536	-0.0181549531	0.1011081724	-0.1464478378	-0.0599694587	-0.0494688078	0.0329934499	-0.0161971964	0.0737501941	0.0442402388	-0.035944206	-0.0431784725	-0.0224867431	0.0786647938	-0.0682200578	0.037695768	0.0032871869	0.1382999847	0.0005377754	0.115973506	0.0738646203	0.0481107622	-0.0083300399	0.0562501128	-0.0962789604	-0.0403412066	0.0155712747	0.1566424241	-0.0026507197	0.113639933	0.0056200502	-0.0171481851	-0.1596617627	-0.004022981	0.0945402434	-0.0378521234	0.0129777182	0.1087584845	0.0530654024	-0.043911948	0.0373362922	-0.1027729339	0.189896988	-0.03718229	-0.0682984879	0.1175296495	-0.1889078272	0.0473684529	0.0098578453	-0.0127637946	0.0539407438	-0.0104788276	0.0057530122	0.0312514765	-0.0475174138	0.1064771189	0.0361460567	-0.0036026886	-0.001951301	-0.0040690738	-0.1571078181	0.1339016468	-0.0325636384	0.1338018803	-0.0258176606	0.1359901296	-0.1861642591	-0.052994059	-0.0598170226	-0.0232122613	-0.1622759821	-0.0201881738	-0.0875114299	-0.0398549188	0.0919364108	-0.0343698631	-0.0335620773	0.0099541627	-0.0095137439	-0.0822640476	0.0122756804	0.0089268057	0.0734315567	-0.1009838109	0.0864105979	-0.0636593764	0.0348833508	0.0	0.0	-0.4294078584126026	-0.0656863545661963	0.004314697176196	0.1843911088664977	0.3594672757232473	0.0294106219609063	0.1292167223158931	0.0008649846841273	0.1759054285462653	0.1770571861318401	0.031349247160925	0.0309427197920452	-0.0028331901417836	-0.0015232363058361	2.3202488434175128e-06	8.026966379499775e-06	0.0067739199147429	0.0001920564379546	4.588599101135046e-05	3.6885675359847445e-08	-0.0002499084650169	0.0002242861368285	5.030427117345262e-08	6.245424088710313e-08	0.0	0.0	0.0	0.0	0.0	0.0	0.0	0.0	0.0	0.0	0.0	0.0	0.0	0.0	0.0	0.0	0.0	0.0	0.0	0.0	0.0	0.0	0.0	0.0
59.79194051102591	0.4091854867120403	0.1674327625357693	3575.076150074062	63.47785487073533	-0.2123034761307138	4029.4380589901366	0.0450727659771846	59.54045426197935	0.292421828333282	3545.065693722855	0.0855105256857794	60.05957927256823	49.88810143292016	1.115861	38.221722	0.3540178721704177	0.1666381429862454	0.0708989286	-0.0870266501	-0.0612604905	-0.0286809853	-0.0045049118	-0.0467932034	0.0746870425	0.0493697542	-0.062746831	0.106095659	-0.059458403	-0.0299814713	0.0044683276	-0.1065938347	0.0047548355	-0.0460608529	0.0490880323	0.1185741583	-0.0798470007	-0.0452003623	0.0132444035	-0.0747208621	-0.0640609755	0.0150194581	0.0966175704	0.0734827474	0.0630544839	-0.0142301705	0.0033999343	-0.0486840911	0.0306402383	-0.0908488058	-0.0711345862	0.0019153532	0.0589540222	-0.0448540429	0.0802969929	0.0013341046	-0.0826406703	0.0441094483	0.0524563166	0.0937638251	0.0061389877	-0.0394399006	0.1031082812	0.0602873646	0.0265795387	0.0660291232	0.0320905095	-0.0053992809	-0.052531709	0.1414517181	0.1020698683	-0.1000850774	0.0047590162	0.0783276224	0.0835252906	0.0393128002	-0.111347334	0.0305958231	-0.0646873994	-0.0303604443	0.0838498834	0.0474677882	0.0031073993	0.0738841562	-0.0985862003	-0.0682022564	-0.0128068294	0.0412225729	-0.1371281969	0.0453766058	-0.0183487519	0.0445301012	-0.0878376015	0.0294047522	0.0138782397	0.0316979735	-0.0253250722	0.1083116235	-0.0253673145	-0.1317449382	-0.0471350508	-0.0165388744	0.0203058889	-0.0888450866	0.0057932203	-0.0648323619	0.0694243323	-0.0020407859	0.0875979155	0.0017673725	0.1140281969	0.1294504811	-0.0419980454	0.0223478669	-0.0209767402	0.0043957533	-0.042386266	0.0076302892	0.0031171112	0.1760091734	-0.0205499918	-0.0402338504	0.0283086047	-0.0100104373	-0.0374276918	0.0185735715	-0.0531660681	-0.0328402512	0.0401287509	-0.1066923852	-0.0809362156	-0.0368428408	0.1544479124	0.0341417659	0.015417688	0.074648566	0.0660537662	0.0757746858	-0.0346649314	-0.0100956015	0.0986937703	0.1051505183	-0.1124690223	-0.0332742748	0.0086358638	-0.0337142601	0.0539948824	0.1413303197	-0.0957552347	-0.0061252994	0.0456015649	0.0291491692	0.0242231634	0.0417094238	0.0382385094	-0.1360730226	-0.0966657479	-0.0856063165	0.1153313127	-0.1015367435	0.0885234364	-0.0680556987	0.0418570888	0.0	0.0	-0.4800510389453905	-0.0506431805327878	0.0025647317344765	0.2304489999925488	0.33693175722685	-0.0225355184963973	0.1135230090279729	0.0005078495939014	0.2652042767856528	0.0892988482393874	0.0079742842968811	0.0703333084254011	-0.0047010824755671	-0.0018678923337835	3.489021770607172e-06	2.2100176442084093e-05	0.0065437495374975	-0.0002301703772453	4.282065800949875e-05	5.297840256128969e-08	-0.0019826522520249	-0.001732743787008	3.0024010314148258e-06	3.930909952459408e-06	0.0	0.0	0.0	0.0	0.0	0.0	0.0	0.0	0.0	0.0	0.0	0.0	0.0	0.0	0.0	0.0	0.0	0.0	0.0	0.0	0.0	0.0	0.0	0.0
59.83125583839146	0.0393153273655499	0.0015456949658603	3579.7791751990526	63.354144278993	-0.1237105917423306	4013.747597323461	0.0153043105092376	59.58603043431487	0.0455761723355223	3550.495022919098	0.0020771874847572	60.11845790147781	50.1200161931796	0.8736969999999998	29.926863	0.0780686478850409	0.0471970763146823	0.0704404966	-0.0696123783	-0.0990007476	0.0371873217	-0.0627073971	-0.0249121316	-0.0034554127	0.0222154735	0.1327902983	-0.0674697568	-0.0937003496	-0.1246039089	-0.0103249199	-0.1140987711	0.0139654277	0.0169634876	0.0593568556	0.008825779	0.1176544491	-0.070202217	-0.0188641592	0.0266718786	0.0143052153	-0.0225626137	-0.0176245266	-0.0254393345	-0.0861141845	0.0206006966	-0.0574655446	0.0572314481	-0.0324137886	-0.0493592406	-0.0202726306	-0.1140803711	0.0108067157	0.0832767452	-0.0623605345	0.0108088962	-0.0262587164	-0.1492461781	-0.0463056295	-0.0025340993	0.1803768175	-0.0460576854	0.0425095422	0.029301404	0.0798702997	-0.0543013165	0.1411212578	0.1810303754	-0.0925372941	0.0097032726	0.076783843	0.0093671647	0.0339043659	0.0882399076	-0.0203051531	0.078460063	-0.0174276998	-0.0586875474	-0.0280614777	0.0365829451	-0.0369350013	-0.0652264394	0.0190779995	0.1058625351	-0.0713267537	-0.0468821478	-0.0860723324	-0.0247836279	-0.0403119432	-0.0005504079	0.0270475639	0.0033946711	-0.0597296009	0.1133809397	0.097731121	0.0150072099	0.045079143	-0.0490984781	0.0126626551	-0.0084520109	-0.0202064116	0.0503578104	-0.1025655199	-0.0529827651	0.0351892046	0.1243499572	-0.0603320173	-0.0617763685	-0.0028400142	0.1169730645	-0.0838840302	-0.1217790384	-0.0398315119	0.0999032321	-0.0567260272	-0.0400659819	0.0441459218	-0.0416955901	0.0750097188	0.1382311236	-0.0225661269	-0.1541726145	0.096494859	0.0239181901	-0.0219348847	0.0734172006	-0.0716304774	-0.0990799556	-0.1179441271	-0.0854460737	-0.1080556894	-0.0165129995	-0.046226686	0.080646343	0.0097574265	0.0768036975	0.0915928243	0.0878954704	-0.0060653092	-0.0371452461	0.0811295468	-0.0384900787	0.0631603649	0.0140838352	0.0255986768	0.1312137139	0.0133020445	0.1756550698	0.0966603399	-0.0290385793	0.1403984182	-0.024207372	0.067580895	0.0249505712	0.0477456317	0.00779847	-0.1417206207	-0.1005271572	0.0463593215	-0.1020580481	0.0905259858	-0.0722612707	0.048622297	0.0	0.0	-0.4795670530391334	0.000483985906257	2.3424235745549621e-07	0.2299845583606389	0.3385453615804294	0.0016136043535794	0.1146129618476236	2.603719009890504e-06	0.2286468172744733	-0.0365574595111794	0.0013364478459115	0.0522793670497463	-0.0047811046516308	-8.002217606369998e-05	6.403548661969799e-09	2.2858961689845675e-05	0.0067086408333678	0.0001648912958702	4.500586183112981e-05	2.71891394537868e-08	-0.0025260107423714	-0.0005433584903464	2.9523844903162734e-07	6.380730270575711e-06	0.0	0.0	0.0	0.0	0.0	0.0	0.0	0.0	0.0	0.0	0.0	0.0	0.0	0.0	0.0	0.0	0.0	0.0	0.0	0.0	0.0	0.0	0.0	0.0
59.72511841031111	-0.1061374280803519	0.0112651536395118	3567.0897691256832	64.14035148823515	0.786207209242157	4113.98468903435	0.6181217758643409	59.5845804540684	-0.0014499802464698	3550.32222788735	2.1024427151526404e-06	60.174183236062525	50.54358006207131	0.933832	31.986652	0.2233626715045599	0.1057928793388495	0.0150699041	-0.0279028116	0.0063236161	0.0044149997	0.0025707526	0.0103430912	-0.0576149155	-0.0647128367	-0.0018738853	-0.0853603255	-0.0773871202	-0.0907203913	-0.0145041868	-0.1130372343	-1.14911e-05	-0.0616772144	-0.1049575061	-0.1311576961	0.1083237194	-0.0680036413	-0.0212876612	-0.0163794128	0.0792057369	-0.043209146	0.0628055999	-0.0980717555	0.1052096451	0.0165858397	-0.0510266386	-0.079750737	0.0491783413	-0.1221882814	-0.0656132576	-0.0763533364	0.0481031594	-0.1178215535	0.0864948053	0.0643045462	0.0413918687	0.0128560199	0.0022897481	-0.0885416221	-0.0659856129	-0.0934291387	0.0351033146	-0.0467833093	-0.0431414689	-0.0561717093	-0.0127866956	-0.0612744958	0.0201659805	0.0773832557	-0.0286324818	0.100097838	-0.0297486743	0.0792545601	0.0276755405	0.0958892971	0.0289438275	-0.0421737208	0.0571960863	-0.072332425	0.0705341506	0.0453173331	0.0030369261	0.1143883453	-0.0218417542	0.0300224924	0.0564119256	-0.1460976524	0.0646849438	-0.0237857317	0.1349658137	0.0104455928	-0.0091258686	-0.0139149598	0.1115787989	0.0759490149	-0.0589286072	-0.1487552186	-0.0121262092	-0.0128240116	-0.0939629496	0.0123443859	0.2041462408	0.0099155168	0.042430943	0.0438977131	0.0448128789	-0.0223195255	-0.0361424521	-0.0678680418	0.0862678186	-0.0384661103	0.0599530075	-0.0058250851	-0.0621788389	0.0335249027	-0.0564136127	0.0702084956	-0.016032045	-0.0749700059	-0.0426411016	-0.0491169961	-0.0386901971	-0.036526333	-0.0263039562	0.0591737255	-0.0067079958	-0.0152481661	0.0316480368	-0.0215421997	-0.0804824295	0.0195508743	-0.0494391001	0.0017279175	-0.1001714126	0.0250966975	0.0323684853	0.1028463185	-0.0041303833	-0.0191602774	0.078828458	-0.0061535729	0.0145048691	-0.0118969713	0.0397978489	0.0416027	0.0531220086	0.0214824791	0.0144783366	-0.0187330434	-0.0186810872	0.0115094728	0.049806385	0.163699776	-0.0151326982	0.0590548824	0.0473503478	0.0119097931	-0.0578087287	-0.1025475623	0.0924157511	-0.0762643048	0.0551452713	0.0	0.0	-0.4438432306367019	0.0357238224024314	0.0012761914870404	0.1969968133820245	0.3493441117436902	0.0107987501632607	0.1220413084099878	0.0001166130050885	0.1656484731401306	-0.0629983441343427	0.003968791363669	0.0274394166536565	-0.0033889546441749	0.0013921500074559	1.9380816432594624e-06	1.1485013580274623e-05	0.0071831742020682	0.0004745333687004	5.159799161725813e-05	2.251819180101499e-07	-0.0021158590224372	0.0004101517199342	1.6822443336498244e-07	4.476859402828903e-06	0.0	0.0	0.0	0.0	0.0	0.0	0.0	0.0	0.0	0.0	0.0	0.0	0.0	0.0	0.0	0.0	0.0	0.0	0.0	0.0	0.0	0.0	0.0	0.0
59.4540028301978	-0.2711155801133103	0.0735036577801767	3534.778452533168	64.3355012447276	0.1951497564924409	4139.056720410346	0.0380834274590589	59.54226549482441	-0.0423149592439884	3545.2813802561577	0.0017905557758204	60.0925633713603	49.636886700642805	0.897509	30.742508	0.233211858398762	0.0985961755758586	0.0468704384	0.0341438216	0.0062069938	0.0706556105	0.0804513765	0.0510754453	-0.0201354126	-0.0386156271	-0.0735633517	-0.0429281705	-0.0351110013	-0.0521659379	0.0150146982	-0.1097176785	0.0167157751	0.0352016196	-0.1218175017	0.0012411773	-0.0197432344	0.0176686941	-0.020487068	-0.0066244017	-0.1572990123	-0.0355234457	0.0638834461	-0.0667068709	-0.0121688498	-0.0058454241	-0.0416928665	-0.0200260856	0.0230656255	-0.0882177757	0.0349168355	-0.0039093076	0.1071240113	0.1181023047	-0.0683366242	-0.0943192466	0.0571519285	0.0375536698	-0.0790024924	-0.0138845966	-0.0409830744	0.0438811392	-0.0644531197	0.0597620046	-0.0095010243	0.0200857157	-0.0611565518	0.0088292966	-0.0006291363	-0.1139378468	0.0093025951	0.1091764116	0.0493899543	-0.1019093069	0.0046418576	-0.0248139289	-0.1216228696	0.0135394808	-0.0761940357	0.1137826942	0.0435452019	0.0113309636	0.0357604124	0.1097282354	0.0185832287	0.0102448618	0.0466302013	-0.119516236	-0.023933277	0.003789739	-0.0648149012	0.0352245218	0.1064252872	-0.0200805085	-0.0143239802	-0.001279156	-0.0046129544	-0.0445001251	0.1004387804	-0.0240651103	-0.0768589146	-0.0378995782	0.0199183135	-0.0142477369	0.0681490883	-0.0080644952	0.0197261014	-0.0959251868	0.0233638674	0.0096294746	-0.1052392054	-0.076598974	0.0370784483	-0.1085598094	0.1405719238	-0.0524138969	-0.0441872494	-0.0166112837	-0.0198880302	0.0087549892	0.1030196967	0.0374890752	0.0739047096	0.007720712	-0.0204835499	0.0400311976	0.0378234399	-0.0431579783	-0.0313038858	0.0216219489	-0.0402270227	-0.0955853662	-0.076977299	0.0433959884	0.0411308265	0.0505059513	-0.0424583512	0.0244062151	-0.0416235125	0.0378664231	-0.0284249332	0.0837570308	-0.0345424	0.0055867279	0.0763686621	0.0059942336	-0.0106583121	-0.0620922522	0.0234049662	-0.0108658636	0.0266626967	-0.0594987413	-0.0104120183	0.0462153078	0.0961720638	0.0318044263	0.0636348819	0.0352900509	-0.1150225603	-0.1030051337	0.0941903779	-0.080053581	0.0613935146	0.0	0.0	-0.4186782094700021	0.0251650211666997	0.0006332782903204	0.1752914430850069	0.3628793381806616	0.0135352264369714	0.1316814140784349	0.0001832023547	0.2265034926872715	0.0608550195471409	0.0037033334040829	0.0513038321995328	-0.004186075592763	-0.0007971209485881	6.354018066779926e-07	1.7523228868326104e-05	0.0080624704001357	0.0008792961980674	6.50034289530643e-05	7.731618039359583e-07	-0.0011191443441338	0.0009967146783033	9.9344014994545e-07	1.2524840630066735e-06	0.0	0.0	0.0	0.0	0.0	0.0	0.0	0.0	0.0	0.0	0.0	0.0	0.0	0.0	0.0	0.0	0.0	0.0	0.0	0.0	0.0	0.0	0.0	0.0
59.56390666532491	0.1099038351271062	0.0120788529756461	3547.8589772355367	63.74049940007798	-0.5950018446496159	4062.851263771341	0.3540271951364456	59.38480974347059	-0.1574557513538224	3526.5556282682	0.0247923136343967	59.962051042169335	49.773207641209765	0.911108	31.208302	0.0893447585134581	0.0474151032832555	0.0505211246	-0.0442429605	-0.0334586357	-0.0050735613	0.0089717268	0.0167697133	0.1147826081	-0.012013959	0.0068249034	0.089377093	-0.0061185524	-0.0422302428	0.0249381527	-0.0156297693	0.0261833088	-0.0845006688	-0.0517663296	0.0371522058	0.068792646	-0.0224913737	0.0774812982	-0.1629850832	-0.0571415049	-0.0774124224	-0.0332580449	-0.021713569	-0.073163661	-0.2175027172	0.0640676166	-0.0133614394	-0.0419232095	0.0313036505	-0.0520151619	-0.0508137675	0.0423567126	0.0618404929	-0.0267987501	-0.0252381095	0.0368110278	0.005670999	-0.0590149238	0.0769807665	-0.0871698247	-0.0689717709	0.0495762648	-0.0087828969	-0.0342989211	-0.0572045471	-0.0743493568	-0.1134118677	-0.0964438662	-0.0205673297	-0.1023107618	-0.1471677059	-0.0556788446	-0.089109381	-0.0810523258	0.0373346892	-0.0254220054	-0.0373673597	0.0189897277	-0.0960448498	-0.0322878113	-0.0713574169	0.0295198479	0.0364893744	-0.0346338355	-0.0486807737	0.0631118959	-0.0185389361	-0.1569530945	-0.0042787845	0.0177405085	0.0762129018	-0.0271215404	0.144260638	-0.0087908469	-0.016345427	0.0761658125	-0.0159311017	0.0620200404	0.1364327103	0.0240869093	-0.0844103774	0.0603688872	0.0861822452	-0.0376923094	0.005348538	-0.0328445382	-0.0142935645	0.057090385	0.0162156634	-0.0810983034	0.0595094979	-0.0252052629	-0.0368374574	0.0679823691	-0.0230045148	-0.0256883221	-0.064240693	-0.1767802467	0.0485577602	-0.0967518038	0.1147423444	-0.0786083027	-0.0972993059	0.000869295	0.0589093797	-0.005852547	0.007750085	0.0834905694	-0.0492894564	0.0925925623	0.0226117186	-0.0336070858	0.0218812047	-0.087937302	0.0616713668	0.040456232	-0.0361675174	-0.033816054	-0.0012970961	-0.0617959824	0.0509441354	0.0469096053	-0.0045671203	0.1115649135	-0.0042725643	-0.0125735081	-0.0147770594	0.0151915999	0.0763965255	0.0364920403	0.0207363405	-0.122636589	-0.0513656819	-0.0078312849	-0.0549831367	0.022679071	0.040037202	0.0022366774	-0.1034306197	0.0958476552	-0.0836184785	0.0673358985	0.0	0.0	-0.4308708901756546	-0.0121926807056524	0.0001486614627899	0.185649724000761	0.3261996806838425	-0.0366796574968191	0.1064062316782407	0.0013453972740839	0.2115173332990849	-0.0149861593881865	0.0002245849732081	0.0447395822859561	-0.0044992376036073	-0.0003131620108442	9.807044503604542e-08	2.024313901371396e-05	0.0079648705729453	-9.75998271903998e-05	6.343916324376998e-05	9.525726267595903e-09	-0.0012181077245551	-9.89633804212998e-05	9.793750664410905e-09	1.4837864286208031e-06	0.0	0.0	0.0	0.0	0.0	0.0	0.0	0.0	0.0	0.0	0.0	0.0	0.0	0.0	0.0	0.0	0.0	0.0	0.0	0.0	0.0	0.0	0.0	0.0
59.6123457207843	0.04843905545939	0.0023463420937978	3553.6317623343098	63.45906832370352	-0.2814310763744601	4027.053352512472	0.0792034507492871	59.42230620278679	0.0374964593162019	3531.010474457754	0.0014059844612515	59.95586253553629	49.1936119004279	0.891324	30.530634	0.1111801071372603	0.0659874066212867	0.0413369037	0.0207405277	-0.0473069243	0.0219690534	0.033586996	-0.0087876246	0.0635903633	0.0616773922	0.0160080983	0.0441494183	-0.0316451923	-0.0304650551	0.0310470685	-0.0585316313	0.0742528026	0.0411745492	0.0315440948	0.0264329422	-0.0270686808	0.0141121712	0.0843540474	0.1058925582	-0.0320826661	0.0402361807	-0.0030998255	0.0465044556	-0.0989013534	0.1591976467	0.0646882206	-0.0889097579	0.0844573965	0.0604952847	-0.0751035922	-0.0034330947	-0.0118234228	0.0463594241	0.0180649458	0.0071900929	0.1026277315	0.0042477805	0.0261547314	-0.0744706244	-0.1022760578	0.011761539	-0.0512542314	0.0542347202	0.0399895505	-0.0862145567	0.13137526	0.1512327273	-0.0191421638	-0.0382236165	0.0302934884	-0.1019646436	0.1141806444	0.0240601998	-0.0246879847	-0.1227379858	-0.0153930806	0.0319502737	0.0293934458	0.0570687341	0.0188889225	0.0233738041	0.0266845733	0.0483287475	0.0542581514	-0.0216241321	-0.0517792315	0.0413479036	0.0735849862	0.1003785928	0.0185798096	0.0349562189	0.0298042042	0.0404972863	-0.0359199563	0.0392146863	0.0694812773	0.0822606611	-0.0781041858	0.0188293429	-0.121636891	-0.0639380084	-0.0553068061	-0.0743244812	-0.0112125823	-0.0305284068	0.0401402388	0.0978788347	0.0071133139	0.0772295668	0.054298574	-0.1327437523	0.0042963062	-0.0495578621	0.0760056612	0.0163391879	0.0322878377	-0.0409141322	-0.0048101522	-0.0173361626	0.0719993271	0.0573407891	0.0061081815	0.1680040113	0.0767885477	-0.1397625478	-0.0594026204	-0.0582310321	-0.0561819515	-0.0864334858	0.0467641721	-0.0545667419	0.1288077184	-0.0850789656	0.0342923037	0.0362170685	-0.0246140658	-0.0262252668	-0.0590564881	-0.0236986097	-0.0526606386	0.102922157	-0.0129634936	0.0532261472	0.0724524617	-0.0533809545	0.0831288575	-0.0482200852	0.0195833193	0.0230705299	0.0144043126	0.0485388828	0.0475577875	-0.0851452429	-0.037847723	-0.0048155272	0.0235984453	-0.0723758892	0.01078633	-0.1038238878	0.0973855183	-0.0869490055	0.0729428184	0.0	0.0	-0.4242003455653673	0.0066705446102873	4.449616539783323e-05	0.179945933177777	0.3727648446702858	0.0465651639864433	0.1389536294220623	0.0021683144970843	0.1882695725043603	-0.0232477607947245	0.0005404583819687	0.0354454319309745	-0.0038588370193217	0.0006404005842856	4.10112908353338e-07	1.4890623141687584e-05	0.0079864060395156	2.15354665703011e-05	6.378268142801126e-05	4.6377632040055624e-10	-0.0011861110204949	3.199670406019996e-05	1.0237890707160167e-09	1.4068593529394529e-06	0.0	0.0	0.0	0.0	0.0	0.0	0.0	0.0	0.0	0.0	0.0	0.0	0.0	0.0	0.0	0.0	0.0	0.0	0.0	0.0	0.0	0.0	0.0	0.0
59.62214076465414	0.0097950438698433	9.594288441215504e-05	3554.799669360233	64.11057632527452	0.6515080015710026	4110.16599675885	0.4244626761110415	59.34312666541854	-0.0791795373682546	3521.6066824279087	0.0062693991378508	59.88879650160671	48.98623091094155	0.936583	32.080914	0.1642621645455313	0.0673122993070022	0.0692100096	-0.023784327	-0.0295093233	0.0340798656	0.0089387634	-0.0861189077	0.0526414939	-0.0083106513	-0.0259257829	-0.0310594993	-0.0260799347	0.0213563913	0.0418376834	0.0021370625	-0.039104477	0.0090769423	0.1582049095	-0.1109880828	0.0238770483	-0.0541795894	0.0088377651	-0.0453321646	-0.0825910389	-0.063014811	-0.0179971067	-0.0681764386	0.0094888716	-0.1177309571	0.0730756235	0.033612948	-0.1317631936	0.0136935691	0.119499754	0.0203463862	0.0121576699	-0.0860380438	-0.0068558694	-0.0557287192	-0.0767515441	-0.0540273929	-0.0383722917	0.0353187515	-0.0119848832	-0.0146695839	0.0398718519	0.0281538695	-0.0227990451	0.0327364434	0.25682847	-0.0808622891	-0.0750078415	0.0863086193	0.0349470772	0.0719365597	0.0220756753	0.0107176892	-0.1291088472	0.1830269171	0.0891212561	-0.0121367003	-0.0523739852	-0.0772724518	-0.0330676806	-0.0010270681	0.0437460547	-0.0086825389	-0.067227854	0.0003610581	-0.0929268836	0.0522975831	-0.1023500301	-0.0434240922	0.0049270538	0.0585698055	0.0978992195	0.0514355336	-0.013069899	0.0042052595	-0.0298319972	-0.1189261892	0.0304055468	0.0384200366	0.1328021129	0.0483583705	-0.0029575355	0.0280253865	-0.1004341038	-0.084223548	-0.1039403993	-0.0466558236	0.0439401159	-0.053446532	0.0266427067	-0.0489980046	0.007662573	0.0989407472	-0.0372439255	0.0104266915	-0.0319312627	-0.0724576551	-0.0853186663	0.032727386	-0.046252388	-0.185017528	0.1068688648	-0.1203978301	-0.1112666648	0.0390817058	0.0454530024	0.0472157769	0.004335633	-0.0825623376	0.0016390586	-0.0403574969	0.1648795121	-0.1406133086	0.0580652302	0.065759101	0.0236413028	-0.0619908846	-0.0286029894	-0.0128508199	-0.135083208	0.1649848678	0.0736000056	0.1786079874	0.2030547388	0.0185586871	0.1426785816	0.1003337683	0.0461256492	-0.1366381974	0.0940939812	0.1243977989	0.0642404918	-0.157808532	-0.0843826389	0.2713703832	0.0134826787	-0.0065880926	-0.010878233	-0.1041848154	0.0988020511	-0.0900358269	0.0781863408	0.0	0.0	-0.3957658258444496	0.0284345197209177	0.0008085219117592	0.1566305889063391	0.3977528397612246	0.0249879950909387	0.1582073215381184	0.0006243998986647	0.2101522438541252	0.0218826713497649	0.0004788513054018	0.0441639655969237	-0.0048901535017262	-0.0010313164824045	1.0636136868791914e-06	2.3913601270445016e-05	0.0083731642531226	0.0003867582136069	7.010987960977014e-05	1.4958191579247733e-07	-0.0008250461488282	0.0003610648716666	1.3036784155169045e-07	6.807011476962444e-07	0.0	0.0	0.0	0.0	0.0	0.0	0.0	0.0	0.0	0.0	0.0	0.0	0.0	0.0	0.0	0.0	0.0	0.0	0.0	0.0	0.0	0.0	0.0	0.0
59.620134258225946	-0.0020065064281951	4.026068046388296e-06	3554.5604089688877	64.19249295681081	0.0819166315362878	4120.676152010205	0.0067103345222519	59.42434579553738	0.0812191301188391	3531.252873227601	0.0065965470972609	59.99210876747966	50.75063530507661	1.020978	34.971676	0.222751056692592	0.1146922704381245	0.0018881545	-0.0212019454	0.0205914003	-0.0127556048	-0.0716811938	-0.0077495591	-0.0134151182	-0.044311588	-0.0559534236	-0.0912668857	0.0691378582	-0.1121511405	0.0068922036	-0.0178279025	0.0135212741	-0.0142256869	0.019064397	0.0372382456	-0.0029533238	-0.0732747392	-0.0157401864	0.0749251169	0.0488642046	-0.0438050401	-0.0331530945	0.0324050372	0.0635957558	0.1002756041	-0.0345774368	-0.052938065	0.0389086728	-0.0529192946	0.0919198786	-0.0220737264	-0.0074840252	0.0813695189	-0.0662275856	0.0787214756	-0.10110359	0.0241806988	0.1135396006	-0.1241768861	0.0360449106	0.0555134205	0.1183227818	0.0018748713	0.0294327407	-0.1304794583	-0.0377468719	-9.37419e-05	-0.0697056952	0.0210353283	0.1308981603	-0.0814701471	-0.1477351808	-0.039693335	0.0302699993	-0.0402012279	-0.0303752368	-0.0420250379	0.0561561958	-0.0841782713	0.0823067554	-0.0763429926	-0.0020207169	0.0262873049	0.0220058835	-0.0149700872	-0.0223124575	-0.0294530122	0.0179172593	0.0120551522	0.0023331352	-0.0358826885	0.0619739945	0.0709409103	-0.0065087398	-0.0096883867	-0.0106197805	0.0384894703	-0.1097105593	-0.0555443253	0.0195406421	0.0732922871	0.030636443	-0.0752810856	0.1095351786	-0.1021382719	0.0837489283	0.0862192145	-0.0181208729	0.0675379751	-0.0340251661	-0.0150482799	0.0443286224	-0.0965047285	-0.0736740272	-0.0496455552	0.0389355561	-0.0461671273	0.0851509895	-0.0753364535	-0.0589493499	-0.0371403515	0.0589186222	0.0173147327	0.1472251629	-0.0790579758	0.0803088039	-0.1255916033	0.0757391222	-0.0179889603	0.0432071288	0.1058890613	-0.0203518635	-0.113389628	-0.2171661538	0.0115867597	0.000532157	-0.0789654458	-0.0366105458	0.0415500061	-0.0023737438	0.1177879554	0.007118778	0.0145020917	0.0549853224	0.0118112473	-0.062656016	0.0066967265	-0.0392140627	0.0273713553	-0.0974710729	0.0687339525	0.0301278756	0.1454225658	0.0493599268	0.0634314142	0.0244435763	0.0871789516	0.0537275431	-0.1045132902	0.1000954889	-0.0928702909	0.0830403428	0.0	0.0	-0.4058828641899765	-0.0101170383455269	0.0001023544648848	0.1647408994430589	0.3593975559506788	-0.0383552838105458	0.1291666032233213	0.0014711277961875	0.1109667284746009	-0.0991855153795243	0.0098377664611018	0.0123136148283558	-0.0043562902662559	0.0005338632354703	2.850099541868173e-07	1.89772648838759e-05	0.0089832486533494	0.0006100844002267	8.069875636790381e-05	3.722029754000942e-07	-0.001182962896271	-0.0003579167474427	1.2810439810003306e-07	1.3994012139538728e-06	0.0	0.0	0.0	0.0	0.0	0.0	0.0	0.0	0.0	0.0	0.0	0.0	0.0	0.0	0.0	0.0	0.0	0.0	0.0	0.0	0.0	0.0	0.0	0.0
59.605234860545046	-0.0148993976808995	0.0002219920512535	3552.784022780734	63.85731624542399	-0.335176711386822	4077.7568380680905	0.1123434278560849	59.35555324132294	-0.0687925542144398	3523.081700583522	0.0047324155153466	59.912078871577975	49.7420665478496	0.862575	29.545898	0.0786115629306659	0.0395028749217645	0.0215345107	-0.0098988313	-0.008275393	-0.004033273	-0.0431194142	-0.0179728608	0.0606306166	-0.0080105795	0.0562377122	-0.0290576938	-0.0413947948	-0.0493527906	0.0090796009	0.0284749884	-0.0012755801	-0.0384225401	0.0577694261	-0.0067355463	-0.0278792328	0.0536237692	0.0084429743	0.0547947415	0.0256622171	-0.0308642992	0.0259257976	-0.049016847	0.0503751619	-0.0286938413	-0.0769208287	0.0130023344	0.0322551484	0.1220455712	0.0114435181	0.1204247468	-0.0685083986	0.1063081437	0.0211370341	0.1158383406	-0.0103723769	0.0155473363	0.0363840946	0.0165401158	0.0497914219	0.0180387876	-0.0161229376	0.0743223352	0.0147266473	-0.0242609066	-0.0014895281	0.0122316205	-0.0068950342	-0.0480832578	0.0053059472	0.1109151423	-0.0005855347	-0.1105126194	0.0883904931	0.0947056439	0.1064661878	0.0963123183	0.0839977051	0.0437712639	-0.0182889421	-0.1345776196	0.0048372445	-0.0153910071	-0.0273254788	-0.0551206222	-0.0150503968	0.0753549119	0.0322127623	-0.0029831208	-0.0668129811	-0.0288813057	-0.0247366417	0.0024750008	0.0265051628	0.0657325966	0.0454525716	-0.0475000043	-0.0001461024	-0.0881814092	0.0508885541	0.0591065248	-0.0571945816	0.031707786	-0.136882618	0.0231893524	-0.0074415151	0.0827591526	-0.056151276	0.0903728068	-0.0583494628	0.0706463733	0.0132133488	0.0204539395	0.0608483937	-0.0258327558	0.0761671879	0.0432167708	-0.0002883909	-0.0221257057	0.0856252561	0.0118199475	0.100142932	-0.0067499108	-0.0216291145	-0.0112499296	0.0859343161	0.067885401	0.0885289795	0.1293568089	0.0100855861	0.0254511991	-0.0973204805	0.0779474385	-0.0919354557	0.0272790461	-0.0064487222	-0.0595687222	-0.0457753655	-0.0151794117	-0.0085531203	0.0269181868	0.0971366359	-0.0149636102	0.0581348677	-0.0550669033	-0.0158027557	-0.0187301136	0.0121695542	0.023642312	-0.0919145634	0.0145334187	-0.0483175662	0.01428387	0.0502519118	-0.0268975404	-0.0708942484	-0.0187757869	0.0959465051	-0.1048092098	0.1012642201	-0.0954444529	0.087480642	0.0	0.0	-0.4406131625747491	-0.0347302983847725	0.0012061936258953	0.1941399590341222	0.3538158065649099	-0.0055817493857688	0.1251856249751777	3.1155926205531334e-05	0.1195683962566604	0.0086016677820594	7.39886886329203e-05	0.0142966013833897	-0.0043849141432491	-2.8623876993200476e-05	8.193263341218713e-10	1.922747204366599e-05	0.0086317781048701	-0.0003514705484792	7.450759325171485e-05	1.2353154644833977e-07	-0.0009691003741822	0.0002138625220888	4.5737178354182484e-08	9.3915553524008e-07	0.0	0.0	0.0	0.0	0.0	0.0	0.0	0.0	0.0	0.0	0.0	0.0	0.0	0.0	0.0	0.0	0.0	0.0	0.0	0.0	0.0	0.0	0.0	0.0
59.745475700279606	0.1402408397345595	0.0196674931294544	3569.5218666527007	63.73290058907042	-0.1244156563535696	4061.882617496333	0.0154792555458895	59.36320896647586	0.0076557251529223	3523.99057879748	5.861012761708784e-05	59.924829196929934	49.78039795824028	0.835754	28.627192	0.0878837102596973	0.0415510983333339	0.0120240557	0.0273558123	-0.0273499908	0.0262303492	-0.0398541635	-0.0268270432	0.0459297716	0.0407022007	0.1022511679	-0.0278864697	0.0459104857	0.0303206681	0.0176286636	0.0262687033	0.0247454276	0.0151954728	0.1039796416	-0.0074743112	-0.0687419266	-0.1028619417	-0.0371235217	0.0624714156	0.0577418831	0.0309428805	-0.06919093	0.0718036932	-0.053473702	-0.1033088292	0.0021751397	-0.0133110269	-0.1095346729	-0.0533628155	-0.0058365196	-0.0641775259	-0.0110323286	0.0106781685	0.0413614552	0.1233399962	-0.0380441931	0.1820131052	-0.0509387592	0.0812126558	-0.0112767124	-0.0588666162	-0.1146619033	-0.0148288981	0.0674697377	-0.0467751454	-0.0618696669	-0.146393388	0.0017723644	-0.0604373253	-0.0132461199	-0.0672450471	-0.075217322	-0.0352855906	-0.0412472589	-0.0103661252	-0.1481674565	0.0603101454	-0.0481540413	0.0043232239	0.102368265	-0.0429659542	0.0053882716	-0.0217183592	0.0253986779	-0.0187013666	-0.0619849825	0.09988337	-0.0154480875	-0.0057309982	0.1213160683	-0.0294570248	0.0494912959	0.0040329532	-0.0416941581	-0.041817904	0.0622139944	0.01790323	-0.0650697624	0.020150571	0.0510775814	0.0483639702	0.0038655888	0.0275011135	0.1171294271	0.0760377899	0.0824101906	0.1109138673	0.0913190311	-0.0090509077	0.0549876022	0.0294113829	-0.0658359144	0.1128794274	0.0986832151	-0.0999091625	-0.0657367222	-0.0371230812	-0.0291069751	0.0146171007	-0.0625607132	0.061587319	-0.0589134265	0.0284781191	-0.0987478218	0.0265995128	0.0032400183	0.1274984297	0.0205691234	-0.0223060003	0.09935901	-0.11010746	-0.0414766632	0.0379129935	-0.1522379986	0.0088083793	-0.0529595751	-0.0483153754	-0.0417514252	0.046972505	-0.0196597438	0.0878362068	0.0514713016	0.0127925024	-0.0330495175	-0.0224379106	-0.0503932212	-0.059969308	-0.0940695915	0.1237154554	-0.0205095918	0.0483352785	0.0079008335	-0.0340823316	0.0170051921	-0.0765955525	-0.0822452368	-0.0314639785	0.0203824121	-0.1050724821	0.1023067888	-0.0977510977	0.091485117	0.0	0.0	-0.4290788403233279	0.0115343222514212	0.0001330405897996	0.1841086512132119	0.3383487106084857	-0.0154670959564242	0.1144798499704248	0.0002392310573252	0.0897008360468234	-0.0298675602098369	0.0008920711528882	0.008046239987499	-0.0045671061902842	-0.0001821920470351	3.3193942002840115e-08	2.0858458953332264e-05	0.0087880166210476	0.0001562385161774	7.722923613180886e-05	2.4410473937346796e-08	-0.0012509644478099	-0.0002818640736277	7.944735600200157e-08	1.5649120496843283e-06	0.0	0.0	0.0	0.0	0.0	0.0	0.0	0.0	0.0	0.0	0.0	0.0	0.0	0.0	0.0	0.0	0.0	0.0	0.0	0.0	0.0	0.0	0.0	0.0
59.99677273427107	0.2512970339914631	0.0631501992929065	3599.6127385277723	63.91294077609448	0.180040187024062	4084.863998648561	0.0324144689436592	59.3939511512127	0.0307421847368374	3527.64143335264	0.0009450819223938	59.927119670063256	50.14946286657942	0.946221	32.411018	0.1571614567014083	0.0892650122463084	0.0592754887	-0.0410463694	-0.0263325064	0.0072354289	0.0075340773	-0.1029501606	0.0444905291	0.0445791048	0.1404141164	0.0423825562	-0.1436029695	0.1227358811	-0.0011128461	-0.020343166	0.0101511514	0.0338058473	0.057727623	0.1243545657	-0.0480945861	0.0683517563	-0.1058230079	-0.0934679892	0.0203287049	0.0312357947	0.0241119559	0.0514297103	0.0455630548	0.0323397152	-0.1214142808	0.0521463219	-0.0447800701	0.1176692164	-0.0198442575	0.0179122472	-0.1101079881	0.0793802723	-0.096858322	0.0084649668	-0.0885202239	0.0320086914	-0.1040649853	0.0026264043	0.0635631542	-0.0485781832	0.0325997525	-0.0280272903	0.0438145808	0.0163800807	-0.0730915222	-0.0270832365	0.1118158234	0.0458820352	0.1250661295	-0.041875162	0.0191006565	-0.0359249055	0.0562138275	-0.0618689621	0.0917407697	-0.0427971378	-0.1503854083	0.0442860101	0.1616227293	0.0624256091	0.007675211	0.0123253954	-0.0243544706	-0.047577798	-0.0475074284	0.0595960417	-0.0228034528	-0.0703936062	-0.0691306975	-0.0223736328	-0.1462254915	-0.0972578657	-0.029303552	-0.0901549247	-0.0399402099	0.013775751	0.0398717729	-0.1090548052	-0.0516429584	0.0567413959	-0.09435961	0.108560235	0.0226933722	0.1065826712	0.110394087	-0.0005652822	0.0629123161	0.0780486436	-0.0134555392	0.0242680641	-0.0760457353	-0.0040606219	-0.0176933721	-0.0423395666	0.0838689984	0.0418779205	0.0370285593	0.1301126273	0.0238827803	-0.0666197528	0.0114231345	-0.1442037214	0.0112659202	-0.0376714759	0.0820934174	-0.015403709	-0.0534420751	0.0793050649	-0.047121703	0.0242186348	-0.035567213	0.0644483437	0.0547931436	0.0525148951	0.0601328058	-0.0859833701	-0.0185167169	-0.0117123034	-0.010824615	-0.1246219747	0.2634957671	0.0562114139	-0.011171029	0.01477079	0.0098563521	0.0899990714	0.007749801	0.0908500535	0.0487278371	0.0225225645	-0.0398477583	-0.1041187227	0.0248296877	0.0122551894	-0.1599783105	-0.1525334535	0.0128697968	-0.105303025	0.1032218959	-0.0997837604	0.0950338178	0.0	0.0	-0.4316711287504091	-0.0025922884270812	6.7199592891791314e-06	0.1863399633966522	0.3297378720529877	-0.0086108385554979	0.1087270642660325	7.414654062885072e-05	0.1356066266964575	0.0459057906496341	0.002107341615168	0.0183891572039923	-0.0059641970157048	-0.0013970908254206	1.9518627744744136e-06	3.5571646042142047e-05	0.0086563287082677	-0.0001316879127799	7.493202670557954e-05	1.7341706372326656e-08	-0.0017232364909933	-0.0004722720431833	2.2304088277262318e-07	2.969544003890902e-06	0.0	0.0	0.0	0.0	0.0	0.0	0.0	0.0	0.0	0.0	0.0	0.0	0.0	0.0	0.0	0.0	0.0	0.0	0.0	0.0	0.0	0.0	0.0	0.0
59.95182680419616	-0.0449459300749097	0.0020201366302986	3594.221537160333	64.10638082788346	0.1934400517889756	4109.628062849623	0.0374190536361215	59.426820820246185	0.0328696690334879	3531.5470328016454	0.001080415142371	59.93173239454627	51.66992996177968	1.110239	38.02916	0.3895292439696558	0.216156396581962	-0.0691886795	-0.0060398841	0.0552280273	-0.0266848903	-0.1498190073	-0.0920414094	-0.1940270583	-0.0027708701	0.058179417	-0.0201791306	0.1588300176	-0.0229270171	-0.0428699823	0.0464333274	0.048676983	0.0591541908	-0.0883224819	0.0469267132	-0.010576312	0.0675120526	0.0650271105	0.0062738654	-0.0307401939	-0.0057268404	0.0343901059	-0.0480081808	-0.0602221179	0.0447115015	-0.0209094655	0.1917438026	-0.0713767642	-0.0357567618	0.0677967079	0.1455135023	-0.034029691	0.0971260721	0.0156855183	-0.0211643034	0.028120923	0.0091864245	0.027212926	-0.1596639673	-0.1130600443	-0.2380580888	-0.1251192562	0.0044911186	0.0723848962	-0.0285568551	-0.0901260355	0.0278464865	-0.014921663	0.1251097119	-0.0015227132	0.0702962273	0.0060021759	0.1632287859	-0.0006390128	-0.0575217756	0.0968661087	0.1704951174	0.0759675685	-0.11734126	-0.0369322134	0.0368087532	-0.0444508768	-0.0393840457	0.0943912533	0.0036027439	0.0408078942	0.0054658525	0.2014834124	0.0639480976	-0.1045058048	0.0151252328	0.0042930332	0.0041962396	-0.0466862923	-0.0440729492	-0.0267244351	-0.0525810024	0.1554468046	0.0505835308	-0.0733118924	0.022264134	-0.0574759976	-0.0315933064	0.1103680273	-0.1135911964	0.1498106194	0.1788440466	-0.1395395547	-0.0839984109	-0.1030089197	-0.0062691038	-0.084348849	0.1083788839	-0.0751295393	0.0807177414	0.0129109118	-0.1186688181	0.0328427678	0.0355859908	0.0936357104	0.1181273803	0.0195795734	-0.0813442119	-0.0339636031	0.0681722579	0.0491366735	0.0445347482	-0.1265773047	0.0453358748	0.0115012172	0.1286603729	0.1171278042	-0.0400321989	0.0129263813	-0.0668882533	-0.0296467515	-0.0835178393	0.0199741989	0.0824325521	0.0923994642	0.0605552266	0.0302537762	0.0122582081	-0.1161407067	-0.0632987146	-0.0911088593	-0.0732212446	-0.0323217771	0.0240406351	-0.0874178676	0.0253352013	0.0468479823	-0.0189732984	-0.0484177061	-0.0151630218	-0.0617764439	0.0308250574	-0.1076686973	-0.1055007667	0.1040084014	-0.1015367435	0.0981090648	0.0	0.0	-0.40202304498969	0.029648083760719	0.0008790088706826	0.1616225287027823	0.3149679094024122	-0.0147699626505755	0.0992047839533261	0.0002181517966993	-0.0453673723517837	-0.1809739990482412	0.0327515883315128	0.0020581984741053	-0.003626129784724	0.0023380672309808	5.466558376586228e-06	1.3148817215662522e-05	0.0082357962169292	-0.0004205324913384	6.782833932678533e-05	1.7684757627136465e-07	-0.0011990922431102	0.000524144247883	2.7472719258894053e-07	1.4378222074870511e-06	0.0	0.0	0.0	0.0	0.0	0.0	0.0	0.0	0.0	0.0	0.0	0.0	0.0	0.0	0.0	0.0	0.0	0.0	0.0	0.0	0.0	0.0	0.0	0.0
59.73969563963908	-0.2121311645570784	0.0449996309763423	3568.8312351167124	64.58677817405538	0.4803973461719266	4171.451914904636	0.2307816102090299	59.49835183970645	0.0715310194602665	3540.0538716415	0.005116686745025	60.03599118888378	50.50743331982782	0.981264	33.611351	0.3738841212436491	0.1896530789995417	0.0139700444	0.0286911357	0.0313201272	0.0528717348	-0.043022983	-0.0682331945	-0.1357283888	-0.0075233624	-0.0197340247	-0.0861398563	0.0711425512	-0.0301000474	-0.0060336789	-0.0637339235	0.0183079238	0.0768231726	-0.0496915009	-0.0909654844	0.0457223674	0.0614984095	-0.0192236872	0.0614479614	-0.016824038	0.0525767008	0.0196979001	0.0079880904	0.0085609897	-0.0087330802	0.0159188293	-0.0037461505	-0.0431720074	-0.0052717731	-0.0819492618	0.0456871345	-0.0067709103	-0.0994825724	0.078555574	0.0068645828	-0.0210505125	-0.0947284649	0.0787327394	0.0332906722	-0.0060857372	-0.017446208	-0.069243252	-0.0364641011	-0.0131361008	0.0403270532	0.0379735506	-0.0499568402	0.0736303828	-0.0979871634	0.1176793031	0.048678754	-0.0431056218	-0.0284195652	-0.0050181272	-0.1214345145	-0.041022262	-0.0695802779	0.0253188696	-0.0005944053	-0.0193516546	0.0378687262	-0.0071329358	0.0389327217	0.0564155178	0.0711957956	-0.0314539341	-0.0803910545	0.1066501922	-0.069674875	0.0292794232	0.0037066467	0.0590372487	-0.0359266001	-0.0524192034	0.0182760548	-0.044168459	-0.0163363893	0.0086814933	-0.0191287507	0.0215091288	0.0654863169	-0.0029195945	0.0103462403	-0.0422641954	0.0431294157	-0.0808361755	0.0116369481	-0.0543737802	-0.0322463226	0.0835497746	0.0125645309	-0.0267717458	0.0544738005	-0.0612935364	0.0296794187	-0.0615231697	-0.0188926829	0.0224877738	-0.0237800112	0.0109445722	-0.0339699662	0.0144419308	0.0993411345	0.0127532494	-0.0211555682	0.00252246	-0.0464168689	0.0388367691	-0.0146028051	0.0418630002	0.0193641648	-0.0603365267	0.0764217515	0.0239877089	0.0237973712	-0.0582281652	-0.0446426709	-0.0442665505	0.0403040218	0.0848954093	0.0608682152	0.1040146985	0.0037297643	-0.0690806052	-0.0233654544	0.0077837725	0.0297396044	-0.0238443325	-0.0056985301	-0.0844278166	-0.0757427927	0.1407341937	0.0944239373	0.0333847969	0.016417	-0.0008398045	0.0535281689	-0.0867635385	-0.1056656457	0.1046653254	-0.1030051337	0.1006955375	0.0	0.0	-0.4629431205768526	-0.0609200755871626	0.0037112556095456	0.2143163328894343	0.371486215585648	0.0565183061832357	0.1380020083701465	0.0031943189338219	0.118538908830132	0.1639062811819157	0.0268652690108852	0.0140514729066383	-0.0046387383886007	-0.0010126086038767	1.0253761846451202e-06	2.151789383787782e-05	0.0088290130864625	0.0005932168695333	7.79514720809261e-05	3.519062542988884e-07	-0.0014440559355269	-0.0002449636924166	6.000721060242355e-08	2.08529754493047e-06	0.0	0.0	0.0	0.0	0.0	0.0	0.0	0.0	0.0	0.0	0.0	0.0	0.0	0.0	0.0	0.0	0.0	0.0	0.0	0.0	0.0	0.0	0.0	0.0
59.67023688465799	-0.0694587549810918	0.0048245186435233	3560.537169871199	64.21325447711538	-0.3735236969399977	4123.342050542779	0.1395199521757233	59.51792836716957	0.0195765274631156	3542.383797119528	0.0003832404275141	60.0498256213963	50.22470940999448	0.8527139999999999	29.20812	0.1032536666779376	0.050278024628105	0.0352797552	-0.0108863984	0.0057212029	0.0221539922	0.0328052441	-0.0512315271	-0.0518086269	0.0179205687	-0.0659259219	-0.025082164	0.024803646	-0.0447547399	0.0030767918	-0.0886375798	0.015486141	0.0159386161	-0.0386110842	-0.0333296015	0.0354987785	0.0989961533	-0.0152151605	0.029003308	0.0523075948	0.0021056861	-0.0688624152	-0.1186631888	0.0344891221	-0.0548102942	-0.0312625347	0.0253063681	0.05887433	0.0393272557	0.0634991275	0.0560843441	0.007093452	-0.1777188959	8.6496e-06	-0.0014431875	0.2318223072	-0.0089956919	-0.0207389143	0.1479521531	0.0563098324	0.1361646298	0.0080038472	-0.0794667325	-0.0344005421	0.069367444	0.0021447056	0.0455568447	0.0287630477	-0.1267661832	0.11765334	0.0038797488	-0.0561050659	-0.0114086002	0.022623599	0.1005728016	-0.008420367	-0.0071851016	-0.0497867727	0.0881527877	-0.0083491921	0.1051513575	0.0230649304	0.0741899442	0.0072478836	-0.0065541506	-0.0367791614	-0.0890349631	0.0962366975	-0.0717059043	-0.013681607	0.0045751284	0.0059916504	-0.1018384383	0.0012495576	-0.0501379106	-0.0691471235	-0.0371146398	-0.0527616957	0.0025198527	0.0457867435	-0.000720449	0.0054190907	-0.0473965997	-0.1464599757	0.0154933418	-0.0146186169	-0.2230285528	0.0732720365	0.1377363155	0.1215301679	0.039423813	0.0564274612	0.0689416146	0.0735466931	-0.01871234	-0.0010690471	0.0822757027	-0.0064702857	-0.0920160185	0.1252984779	0.0524741845	-0.0514261841	-0.0266461086	0.0065654166	0.1094233993	-0.0250336853	0.0057223784	-0.0412528433	-0.032495271	6.45938e-05	0.0051116336	-0.0838182913	0.0713844966	-0.0253336744	0.0459259681	-0.0141723646	-0.0665249256	-0.0423879598	0.0125771083	0.0611868797	0.0924781772	0.0337462864	0.0003345561	-0.0292290008	0.0071961922	0.0288818744	-0.0393908623	0.0157255457	0.0158652177	-0.021068136	-0.0777603494	0.0577833097	0.0328012773	0.0697495123	0.017124611	-0.0055667146	0.0519967853	0.0556230016	-0.1057976105	0.1051918494	-0.1041848154	0.10278035	0.0	0.0	-0.4761171685802736	-0.0131740480034209	0.0001735555407964	0.2266875582168966	0.3725545917880737	0.0010683762024257	0.1387969238623782	1.1414277099096137e-06	0.157242665773623	0.038703756943491	0.0014979808015408	0.0247252559395953	-0.0049471619726401	-0.0003084235840393	9.512510719170865e-08	2.447441158353628e-05	0.0091127857425976	0.000283772656135	8.304286399049008e-05	8.052692036996928e-08	-0.0018580094059244	-0.0004139534703975	1.7135747565413402e-07	3.452198952503542e-06	0.0	0.0	0.0	0.0	0.0	0.0	0.0	0.0	0.0	0.0	0.0	0.0	0.0	0.0	0.0	0.0	0.0	0.0	0.0	0.0	0.0	0.0	0.0	0.0
59.687325283704574	0.0170883990465853	0.0002920133819753	3562.5767995227598	64.14924857971516	-0.0640058974002215	4115.126093342088	0.0040967549020076	59.44725361676284	-0.0706747504067237	3533.975962575723	0.0049949203450527	60.012470088899136	49.79178084822448	0.8195	28.07044	0.0573880470227929	0.0308712217568222	0.0380615926	-0.0070589491	0.0100005564	0.0149628308	0.0313041525	-0.0594186705	-0.0606969237	-0.0094726495	-0.0707626057	-0.0950943229	0.0213429772	0.0555379963	0.0066103107	-0.0281422264	-0.0263163234	-0.0251477102	0.0156345684	0.0951940185	-0.0290545807	0.0085553073	0.0263792102	-0.0369512686	-0.00377862	0.0863954746	0.0149728393	-0.1014009097	-0.0952492657	0.0396075933	0.0818060702	0.090220766	0.0167544173	-0.07524851	0.0021020757	-0.0871425068	0.0533401666	-0.0058519617	0.0837509536	0.0398397763	-0.0562574494	0.0033536231	0.061077959	0.050626346	0.1245068409	-0.0142135279	-0.0470222392	0.0263124706	0.0323962439	0.1204499842	-0.0467738157	0.0205851763	0.0089843697	-0.0222067634	-0.1642089901	0.0909577535	0.0077193327	-0.0176702391	0.0669688513	-0.0327865116	-0.0800029139	0.0584962593	0.024696333	-0.0009112856	-0.1633017353	-0.0068002316	0.0045202533	0.0245683043	-0.0342036605	0.0026696105	0.0120183331	-0.0149516018	0.0100846443	0.0548101911	0.0202147946	0.1366745848	-0.0559724174	-0.0379915834	-0.0236028134	-0.0202253076	0.0423648789	0.012496309	0.0043808082	0.033645481	0.0613448537	-0.1358746315	-0.0021568294	-0.0312030761	0.1295811992	0.0180192691	-0.0373078009	0.0194973279	-0.0573540755	0.0358495011	-0.0411302756	0.122592145	0.049842674	0.0683716607	-0.0264002804	-0.0262055162	-0.0305041574	-0.025244001	0.0867771544	-0.0345091727	0.0222501848	-0.0436970772	-0.0198693964	0.1777406714	-0.0524963743	0.0209860342	-0.0217056443	0.0811544561	0.089044263	0.035762544	-0.007130097	-0.0013259678	-0.061708972	0.0795769361	0.0626391553	0.0409148424	-0.0159624597	-0.0627784762	-0.0378105821	0.015078198	0.05758744	0.0891984752	0.0397884911	0.0185326025	0.0150585966	0.0070945831	-0.0193357461	-0.0820457069	0.0095536996	0.0127611265	-0.0052342157	-0.0623923911	0.0435705725	-0.0055226528	0.0266054044	0.0234467657	-0.0167796284	0.0419347028	0.0847471584	-0.1058966202	0.1055873175	-0.1050724821	0.104353116	0.0	0.0	-0.4563791881555801	0.0197379804246934	0.0003895878712455	0.2082819633815464	0.3507351368932205	-0.0218194548948532	0.1230151362515061	0.0004760886119085	0.1583773361201892	0.0011346703465661	1.2874767953766528e-06	0.0250833805965273	-0.0047051876495516	0.0002419743230885	5.8551573034137896e-08	2.2138790817492905e-05	0.0090635603085358	-4.922543406180036e-05	8.214812546646556e-05	2.423143358572654e-09	-0.0018607284759077	-2.7190699832999564e-06	7.393341574082825e-12	3.462310461053792e-06	0.0	0.0	0.0	0.0	0.0	0.0	0.0	0.0	0.0	0.0	0.0	0.0	0.0	0.0	0.0	0.0	0.0	0.0	0.0	0.0	0.0	0.0	0.0	0.0
59.64030733335086	-0.0470179503537124	0.0022106876554641	3556.9662588165447	64.13075289066802	-0.0184956890471426	4112.753466323925	0.0003420905133285	59.39690843194544	-0.0503451848174023	3527.9927312729114	0.0025346376342984	59.91894951835275	49.90255185800719	0.946547	32.422188	0.48184362670555	0.2561367142952499	0.043290655	-0.0261632243	0.0078136543	0.0452462254	-0.011402113	-0.0560765078	0.005354031	-0.1014274401	-0.1404737707	-0.1005850714	0.0089074097	0.0537251136	0.0402318336	-0.0457775878	-0.020593791	-0.0431813186	-0.0129480374	-0.0926120389	-0.0045310718	-0.0683185736	-0.0586401883	0.0191158854	0.04104796	0.064753358	-0.120838481	-0.1340781708	-0.0257904599	0.0089425638	0.0121281137	-0.0354502182	0.0540397904	0.0158528571	0.0391204607	-0.0221784535	-0.0193571623	0.1757560098	-0.110054364	-0.0916648714	-0.0205039157	0.006751553	0.0524232868	-0.0165188315	-0.0025720888	0.0729986849	-0.0199120425	0.0390224128	0.0362727035	0.0207021332	0.027305948	0.1695532891	-0.0839166597	-0.0295455968	0.0155802787	-0.0770367289	-0.0021587824	-0.0065441734	0.0651005298	-0.0302210456	0.1991404436	-0.0563479226	-0.1118153196	-0.0216068519	-0.0249257854	0.0100965797	0.0400727303	0.0343063655	-0.0313841829	-0.0138426973	0.018422452	-0.0210901436	-0.0519761357	-0.0228832426	0.0676248746	-0.0491901953	0.0798210321	-0.0643564808	0.0965507334	0.0141515923	0.0545263689	-0.0863222251	-0.0628648339	0.0518858508	0.0825894143	-0.0068641712	-0.1085807055	0.0179272493	0.0272637671	-0.0040110178	0.0874851404	-0.0495905491	0.0255473754	0.039100515	-0.1663508982	-0.0091357514	-0.1028699065	-0.0866739851	0.0486783671	0.0274324442	0.0398407965	-0.0596256579	0.0346079811	-0.012604865	0.0883391605	0.0199411375	-0.040231649	0.1049578912	0.1090362125	-0.0731043856	-0.0875325752	-0.1461914883	0.0067685718	0.0599507281	-0.0801183025	0.0617562706	0.0352177301	-0.1312876905	0.0099650787	0.0704232995	0.0114708949	-0.0962179013	0.0315538317	0.0110445558	-0.3287796919	-0.0502239351	0.0822975011	0.0097241349	-0.0839887261	0.0825991557	-0.0054849545	-0.1422839119	-0.040966166	-0.1223397042	-0.1392521997	-0.2358694827	-0.052205291	0.0198962839	0.1350248022	0.014409125	-0.0111842454	0.1798567326	-0.0793204069	-0.1059626437	0.1058512369	-0.1056656457	0.1054060001	0.0	0.0	-0.4064799684694549	0.0498992196861252	0.0024899321252841	0.165225964766929	0.3664334568878757	0.0156983199946552	0.1342734783267986	0.0002464372506545	0.2048058632320888	0.0464285271118996	0.0021556081297803	0.041945441614241	-0.0050788540367702	-0.0003736663872186	1.3962656893700138e-07	2.579475832681696e-05	0.0124343615305715	0.0033708012220357	0.0001546133466729	1.136230087847737e-05	0.0017911551130954	0.0036518835890031	1.3336253747630164e-05	3.208236639167795e-06	0.0	0.0	0.0	0.0	0.0	0.0	0.0	0.0	0.0	0.0	0.0	0.0	0.0	0.0	0.0	0.0	0.0	0.0	0.0	0.0	0.0	0.0	0.0	0.0
59.68597395976644	0.0456666264155813	0.0020854407681802	3562.415487525918	63.79328565901898	-0.3374672316490432	4069.583295173196	0.113884132436869	59.29482195602816	-0.1020864759172823	3515.875910797079	0.0104216485652098	59.8416436329484	49.58129369364815	1.004109	34.393867	0.4621623136086846	0.2636947069680849	0.0504507357	-0.001017024	-0.0409129019	0.0425048802	0.0311474078	-0.0798070842	0.0756479062	0.1021907782	0.0041455691	0.1382506452	-0.0107629531	0.0431885935	0.0653848228	0.0177866755	0.0478457587	0.0008808027	0.0543030831	0.0546784962	-0.008559432	0.0986588133	-0.0044886214	0.0386854783	0.0148659904	-0.0502704284	0.1059690164	0.1207214708	-0.0577458647	0.0083972125	-0.1085697284	0.1094632795	0.0551399377	0.0677825201	-0.0229282944	-0.0291272495	-0.0140324819	-0.1074699741	0.0071157581	0.007248431	0.1142317029	0.0020753818	-0.1610232788	-0.0030902675	-0.1495153322	0.0063939721	0.1840735786	-0.0575238358	-0.022668572	0.0493137889	0.0819817304	-0.1073969805	0.0026670414	-0.0636742072	-0.0698138931	0.0020861868	0.0769143098	0.0590543247	-0.0469913535	-0.1259390834	-0.0530330167	0.0674344054	-0.0049978255	0.0558516961	-0.0115310732	0.0427949976	0.0607000297	-0.0097908854	0.0249377017	-0.0352438717	-0.0915922013	0.0278747426	0.0954077213	0.0051655437	-0.0384193603	-0.0856927584	-0.0227178004	-0.0295331453	-0.1015829461	-0.016459129	-0.0120140559	0.0808231368	0.0857849388	-0.0147442061	-0.1018898308	-0.0322817526	-0.007077675	0.0515554691	0.0345868312	0.0280323946	-0.0647597556	-0.0082765272	0.0751767646	0.099368656	0.2019132763	-0.0550599483	0.1175710577	-0.1142589206	0.0028384747	0.0834585047	0.0461619899	-0.0257983505	-0.1851650827	-0.0174206901	-0.1100848479	0.0443393667	0.0732126673	-0.0535017904	-0.1216168037	0.0047657748	-0.0857924317	0.0160431666	-0.0489856855	0.0614778829	0.0337935095	0.0284600529	0.0542023982	0.0996523275	0.0409437681	0.0511400933	0.0297460602	-0.002376523	-0.0148380645	-0.0358776091	-0.0237403339	-0.0193541175	0.0601662271	0.0666386504	-0.0427061377	-0.0114865354	0.1565408631	-0.0211252954	0.0014650842	0.0967746532	0.0330492318	0.0379767265	0.0258830355	-0.0634349802	0.0832936898	-0.076064532	0.023402164	0.0022887083	-0.0721457995	-0.1059956606	0.1059832789	-0.1059626437	0.1059337567	0.0	0.0	-0.4374094588397383	-0.0309294903702834	0.0009566333745654	0.1913270346824727	0.3473257591856935	-0.0191076977021822	0.1206351829939183	0.0003651041114779	0.1879345965756798	-0.016871266656409	0.0002846396385916	0.0353194125900635	-0.0043509588127148	0.0007278952240554	5.298314572026613e-07	1.8930842589940586e-05	0.008287833135115	-0.0041465283954564	6.868817807551014e-05	1.719369773432705e-05	-0.0012394984449889	-0.0030306535580843	9.184860989129027e-06	1.536356395129901e-06	0.0	0.0	0.0	0.0	0.0	0.0	0.0	0.0	0.0	0.0	0.0	0.0	0.0	0.0	0.0	0.0	0.0	0.0	0.0	0.0	0.0	0.0	0.0	0.0
