global_signal	global_signal_derivative1	global_signal_derivative1_power2	global_signal_power2	csf	csf_derivative1	csf_power2	csf_derivative1_power2	white_matter	white_matter_derivative1	white_matter_derivative1_power2	white_matter_power2	csf_wm	tcompcor	std_dvars	dvars	framewise_displacement	rmsd	t_comp_cor_00	t_comp_cor_01	t_comp_cor_02	t_comp_cor_03	t_comp_cor_04	c_comp_cor_00	c_comp_cor_01	c_comp_cor_02	c_comp_cor_03	c_comp_cor_04	c_comp_cor_05	c_comp_cor_06	c_comp_cor_07	c_comp_cor_08	c_comp_cor_09	w_comp_cor_00	w_comp_cor_01	w_comp_cor_02	w_comp_cor_03	w_comp_cor_04	w_comp_cor_05	w_comp_cor_06	w_comp_cor_07	w_comp_cor_08	w_comp_cor_09	w_comp_cor_10	w_comp_cor_11	w_comp_cor_12	w_comp_cor_13	w_comp_cor_14	w_comp_cor_15	w_comp_cor_16	w_comp_cor_17	w_comp_cor_18	w_comp_cor_19	w_comp_cor_20	w_comp_cor_21	w_comp_cor_22	w_comp_cor_23	w_comp_cor_24	w_comp_cor_25	w_comp_cor_26	w_comp_cor_27	w_comp_cor_28	w_comp_cor_29	w_comp_cor_30	w_comp_cor_31	w_comp_cor_32	w_comp_cor_33	w_comp_cor_34	w_comp_cor_35	w_comp_cor_36	w_comp_cor_37	w_comp_cor_38	w_comp_cor_39	w_comp_cor_40	w_comp_cor_41	w_comp_cor_42	w_comp_cor_43	w_comp_cor_44	w_comp_cor_45	w_comp_cor_46	w_comp_cor_47	w_comp_cor_48	w_comp_cor_49	w_comp_cor_50	w_comp_cor_51	w_comp_cor_52	a_comp_cor_00	a_comp_cor_01	a_comp_cor_02	a_comp_cor_03	a_comp_cor_04	a_comp_cor_05	a_comp_cor_06	a_comp_cor_07	a_comp_cor_08	a_comp_cor_09	a_comp_cor_10	a_comp_cor_11	a_comp_cor_12	a_comp_cor_13	a_comp_cor_14	a_comp_cor_15	a_comp_cor_16	a_comp_cor_17	a_comp_cor_18	a_comp_cor_19	a_comp_cor_20	a_comp_cor_21	a_comp_cor_22	a_comp_cor_23	a_comp_cor_24	a_comp_cor_25	a_comp_cor_26	a_comp_cor_27	a_comp_cor_28	a_comp_cor_29	a_comp_cor_30	a_comp_cor_31	a_comp_cor_32	a_comp_cor_33	a_comp_cor_34	a_comp_cor_35	a_comp_cor_36	a_comp_cor_37	a_comp_cor_38	a_comp_cor_39	a_comp_cor_40	a_comp_cor_41	a_comp_cor_42	a_comp_cor_43	a_comp_cor_44	a_comp_cor_45	a_comp_cor_46	a_comp_cor_47	a_comp_cor_48	a_comp_cor_49	a_comp_cor_50	edge_comp_00	edge_comp_01	edge_comp_02	edge_comp_03	edge_comp_04	edge_comp_05	edge_comp_06	edge_comp_07	edge_comp_08	edge_comp_09	edge_comp_10	edge_comp_11	edge_comp_12	edge_comp_13	edge_comp_14	edge_comp_15	edge_comp_16	edge_comp_17	edge_comp_18	edge_comp_19	edge_comp_20	edge_comp_21	edge_comp_22	edge_comp_23	cosine00	cosine01	cosine02	cosine03	non_steady_state_outlier00	non_steady_state_outlier01	trans_x	trans_x_derivative1	trans_x_derivative1_power2	trans_x_power2	trans_y	trans_y_derivative1	trans_y_derivative1_power2	trans_y_power2	trans_z	trans_z_derivative1	trans_z_power2	trans_z_derivative1_power2	rot_x	rot_x_derivative1	rot_x_derivative1_power2	rot_x_power2	rot_y	rot_y_derivative1	rot_y_derivative1_power2	rot_y_power2	rot_z	rot_z_derivative1	rot_z_derivative1_power2	rot_z_power2	motion_outlier00	motion_outlier01	motion_outlier02	motion_outlier03	motion_outlier04	motion_outlier05	motion_outlier06	motion_outlier07	motion_outlier08	motion_outlier09	motion_outlier10	motion_outlier11	motion_outlier12
82.45644925143193	n/a	n/a	6799.06602315397	149.08664690271468	n/a	22226.82828469472	n/a	73.39622593269486	n/a	n/a	5387.00598116319	80.66087306569374	84.46344977041726	n/a	n/a	n/a	n/a	0.0	0.0	0.0	0.0	0.0	0.0	0.0	0.0	0.0	0.0	0.0	0.0	0.0	0.0	0.0	0.0	0.0	0.0	0.0	0.0	0.0	0.0	0.0	0.0	0.0	0.0	0.0	0.0	0.0	0.0	0.0	0.0	0.0	0.0	0.0	0.0	0.0	0.0	0.0	0.0	0.0	0.0	0.0	0.0	0.0	0.0	0.0	0.0	0.0	0.0	0.0	0.0	0.0	0.0	0.0	0.0	0.0	0.0	0.0	0.0	0.0	0.0	0.0	0.0	0.0	0.0	0.0	0.0	0.0	0.0	0.0	0.0	0.0	0.0	0.0	0.0	0.0	0.0	0.0	0.0	0.0	0.0	0.0	0.0	0.0	0.0	0.0	0.0	0.0	0.0	0.0	0.0	0.0	0.0	0.0	0.0	0.0	0.0	0.0	0.0	0.0	0.0	0.0	0.0	0.0	0.0	0.0	0.0	0.0	0.0	0.0	0.0	0.0	0.0	0.0	0.0	0.0	0.0	0.0	0.0	0.0	0.0	0.0	0.0	0.0	0.0	0.0	0.0	0.0	0.0	0.0	0.0	0.0	0.0	0.0	0.0	0.0	0.0	0.0	0.0	0.0	0.0	0.0	0.0	0.0	0.0	0.0	1.0	0.0	-0.0844893749191442	n/a	n/a	0.0071384544742277	0.0336918456339958	n/a	n/a	0.001135140462225	0.024529747163001	n/a	0.0006017084958807	n/a	-0.0025620453275256	n/a	n/a	6.56407626029576e-06	-0.0002130113595806	n/a	n/a	4.537383931037568e-08	-0.0003812736088953	n/a	n/a	1.4536956484004621e-07	0.0	0.0	0.0	0.0	0.0	0.0	0.0	0.0	0.0	0.0	0.0	0.0	0.0
61.308751854337935	-21.147697397094	447.2251051990563	3758.763053936785	78.15307364034038	-70.9335732623743	6107.902919432467	5031.5718157686215	59.85563590975941	-13.540590022935454	183.3475781692192	3582.69715016168	61.60336391386113	55.51575345442642	11.616692	399.379974	0.3016093315827878	0.1898191904617441	0.0	0.0	0.0	0.0	0.0	0.0	0.0	0.0	0.0	0.0	0.0	0.0	0.0	0.0	0.0	0.0	0.0	0.0	0.0	0.0	0.0	0.0	0.0	0.0	0.0	0.0	0.0	0.0	0.0	0.0	0.0	0.0	0.0	0.0	0.0	0.0	0.0	0.0	0.0	0.0	0.0	0.0	0.0	0.0	0.0	0.0	0.0	0.0	0.0	0.0	0.0	0.0	0.0	0.0	0.0	0.0	0.0	0.0	0.0	0.0	0.0	0.0	0.0	0.0	0.0	0.0	0.0	0.0	0.0	0.0	0.0	0.0	0.0	0.0	0.0	0.0	0.0	0.0	0.0	0.0	0.0	0.0	0.0	0.0	0.0	0.0	0.0	0.0	0.0	0.0	0.0	0.0	0.0	0.0	0.0	0.0	0.0	0.0	0.0	0.0	0.0	0.0	0.0	0.0	0.0	0.0	0.0	0.0	0.0	0.0	0.0	0.0	0.0	0.0	0.0	0.0	0.0	0.0	0.0	0.0	0.0	0.0	0.0	0.0	0.0	0.0	0.0	0.0	0.0	0.0	0.0	0.0	0.0	0.0	0.0	0.0	0.0	0.0	0.0	0.0	0.0	0.0	0.0	0.0	0.0	0.0	0.0	0.0	1.0	-0.0682057601248971	0.0162836147942471	0.0002651561107674	0.004652025714215	-0.0024804355314103	-0.0361722811654061	0.0013084339247091	6.152560425482697e-06	0.0129485456376414	-0.0115812015253595	0.00016766483413	0.0001341242287709	0.0010829751770809	0.0036450205046065	1.3286174479001826e-05	1.1728352341734066e-06	0.0001272084832997	0.0003402198428803	1.1574954148949606e-07	1.6181998223410053e-08	0.0003849307255734	0.0007662043344687	5.870690821586236e-07	1.4817166349046416e-07	1.0	0.0	0.0	0.0	0.0	0.0	0.0	0.0	0.0	0.0	0.0	0.0	0.0
59.42057303043467	-1.8881788239032675	3.565219271036726	3530.80449926522	70.89712999614011	-7.255943644200272	5026.403041689589	52.64871816781032	59.2967101070775	-0.5589258026819053	0.3123980529036121	3516.099829522788	60.41024473741172	52.045053395394085	1.632187	56.114334	0.1793101382899412	0.0898629606133338	-0.1265817312	-0.0136574922	-0.1918852777	0.0407519482	-0.2533662898	0.1145208177	0.1615551075	0.1547244497	-0.2062784831	0.3682821926	-0.2247293758	0.3292366185	-0.0547866449	0.0929543212	-0.1985007701	0.0879521745	-0.0228881867	-0.2256796218	0.2163970026	-0.1433171554	0.066942004	-0.1444786083	0.0782619389	0.0056633974	-0.0486640962	0.0080530724	-0.1031696737	0.1022812978	-0.0595868661	0.2063542073	-0.0961683908	0.1935966949	-0.061413273	0.0995170387	-0.0355723632	0.0177415296	-0.0665894949	0.0413495557	-0.0531058178	0.1547095954	-0.0063067649	0.0102025095	-0.0930943625	0.0276655728	0.0650484822	-0.0415208531	-0.0973969029	0.0188937161	0.0466717094	-0.0305501033	-0.0392289792	0.0031880709	0.0754327094	-0.0608981493	0.0622601916	0.0278841757	-0.1350541219	-0.0188757049	-0.0661982929	0.1575857584	-0.0481922078	-0.0559821502	0.1439127829	0.0658813845	-0.1202645115	-0.1622074976	0.052654757	0.0666737794	-0.0393744832	0.2026278917	-0.0925266207	0.1346206548	-0.3960776595	0.0869825078	-0.1696308188	0.1149806806	-0.1408962733	0.0420121418	-0.1110444852	0.2201164421	-0.1045290065	0.0818676054	-0.0006249417	0.0560609415	-0.0385186342	0.0416087337	-0.0286715038	0.1218589006	-0.0266546787	0.0664604299	-0.112182332	0.0741191573	-0.1547883339	0.076369325	-0.0674490834	0.0494859929	-0.0116576836	0.0591210424	-0.0643585254	0.1407217163	-0.0366532552	-0.1271588725	0.0449750764	-0.0249848931	-0.006839681	-0.0073724175	0.0904361207	0.0099880385	0.0090091836	-0.0598663788	0.0206196684	0.0316099377	-0.0273351603	-0.0261722074	0.0503268476	0.0175828584	-0.0581658078	-0.0267876346	-0.0704035918	-0.069718459	0.1020401326	0.3066051603	-0.1073784294	0.2680602701	-0.3945557273	0.123002918	-0.1714775989	0.3694689154	-0.0785577355	0.0041157833	-0.0728673246	0.0463060083	-0.0771794255	0.0852488241	-0.105324079	0.1201959187	-0.0705395172	0.0626702657	-0.068351776	0.1254914104	-0.1040937457	0.058851586	-0.0384350268	0.1059956606	0.1059832789	0.1059626437	0.1059337567	0.0	0.0	-0.1001624618022845	-0.0319567016773874	0.0010212307820975	0.0100325187542941	0.017320592718903	0.0198010282503133	0.0003920807197697	0.0003000029321341	0.0687897180945569	0.0558411724569155	0.0047320253155286	0.0031182365413629	0.0011106105341371	2.763535705619996e-05	7.637129596236606e-10	1.2334557585362944e-06	0.0009048646267399	0.0007776561434402	6.047490774302848e-07	8.187799927251386e-07	-0.0002440024920367	-0.0006289332176101	3.955569922133934e-07	5.9537216120119855e-08	0.0	1.0	0.0	0.0	0.0	0.0	0.0	0.0	0.0	0.0	0.0	0.0	0.0
59.10025424801507	-0.3203187824195979	0.1026041223707736	3492.840052180023	68.62517190081878	-2.271958095321324	4709.414218416928	5.161793586896097	59.31980466899895	0.0230945619214466	0.0005333587903435	3518.8392259681896	60.233192882223534	50.702194368667264	1.032832	35.508579	0.3162392822587978	0.1502363742241708	-0.1053626232	0.0119588861	-0.1488511931	-0.014735127	-0.1763020849	-0.0410710409	0.1385098989	-0.0167114785	-0.0666223474	0.1303153821	-0.0261463628	0.0968339082	-0.0804219245	0.0729267382	-0.1317089905	0.1347235369	0.0409928449	-0.0324462404	0.2685166	0.0686688186	0.0436029648	0.0307028484	0.1720364302	0.0711387203	-0.0972791703	0.0412638023	-0.0744432074	-0.1074622957	-0.2241930335	0.0393756289	0.0006161011	-0.0890451915	0.0528747509	-0.1602716884	0.0881938564	0.1300703308	0.0791512076	0.0299717421	-0.051129781	-0.1130563186	-0.1016388223	-0.0502091551	-0.019022658	-0.1447714929	-0.0577053229	-0.1093774455	0.0481026739	-0.0520104562	-0.1274420373	-0.0717004268	-0.0705546037	0.020278414	-0.0318084772	0.1324245169	0.0170660402	-0.0050180308	-0.054263052	0.1078719781	-0.0694508599	-0.0989468899	-0.0724974161	-0.0153033919	-0.0021225422	0.0880097108	0.1065351495	-0.0089711211	-0.0407467441	-0.0407696386	-0.1089292388	0.0798171696	-0.0426636002	0.0374922079	-0.2123992789	0.0577047124	-0.0829976366	0.0923635791	0.1068595168	0.0232251476	-0.1552006734	0.1375534296	0.0014055106	-0.0927207162	0.0831549876	-0.0449544635	0.1364781854	-0.0402535088	0.0578928151	-0.1397101034	0.1121440946	0.0886072094	0.0896806991	0.0363280545	0.1574223702	-0.078095948	-0.0107342521	0.1192380626	0.0109959688	-0.2427993382	0.0871636298	-0.070773823	0.015478718	-0.1008668787	-0.0119998477	0.0210412731	-0.1299951153	0.1006802977	-0.129487078	0.0001017241	-0.0502369439	-0.042979937	-0.0990275805	0.063922402	-0.0254257009	0.0104475104	-0.0007427094	-0.0858588709	0.0618011349	-0.0008221856	0.0641408821	-0.0201960712	0.1107619742	0.2677345864	-0.0806443802	0.1396577312	-0.2907048269	0.1793155209	-0.0587945555	0.1186272546	0.0169268455	0.0422375369	-0.0088953181	-0.1444502242	-0.0591070012	-0.1588297748	-0.0712187672	-0.088960417	-0.001644202	-0.0017988277	-0.0017358999	-0.166559979	0.0685630823	-0.0052091652	0.1500417162	0.1059626437	0.1058512369	0.1056656457	0.1054060001	0.0	0.0	-0.039887975071025	0.0602744867312595	0.0036330137507167	0.0015910505552667	0.0048809894349943	-0.0124396032839086	0.000154743729861	2.3824057864525974e-05	-0.0356501958711277	-0.1044399139656846	0.0012709364656497	0.0109076956291596	0.0021679390864608	0.0010573285523237	1.1179436675589317e-06	4.699959882604488e-06	0.0001693074181201	-0.0007355572086198	5.410444071525519e-07	2.8665001830494373e-08	0.0007448173125787	0.0009888198046154	9.77764605999638e-07	5.547528291169568e-07	0.0	0.0	0.0	0.0	0.0	0.0	0.0	0.0	0.0	0.0	0.0	0.0	0.0
59.14410157662852	0.0438473286134524	0.001922588226536	3498.0247513065524	68.40648992890452	-0.2186819719142647	4679.447864393315	0.0478218048403112	59.395528035432925	0.0757233664339764	0.0057340282240942	3527.8287506078987	60.39597207571462	50.69279613055611	1.13235	38.930016	0.4797794163424277	0.2979625056659153	-0.0879977122	0.0432017821	0.0323460873	-0.0010389508	-0.0336575555	0.0323906038	0.0639198817	-0.0102980715	0.0494531563	-0.0054414952	0.0167733005	-0.0359537228	0.0142100458	0.0916511261	-0.0255758408	0.0419885868	0.0300952124	0.0826802363	-0.003815895	-0.0883763666	0.0398764035	-0.0317396434	-0.0490769806	0.0168262837	-0.0308229765	0.0597798895	0.0928250242	-0.1086569969	-0.0339310617	-0.1503056956	0.0563257887	-0.0259169225	-0.0268291338	-0.052671692	-0.0754733487	-0.06184113	0.0202916554	0.0821951384	-0.0824134015	0.1076174344	-0.0010700779	0.0798469108	-0.0908796733	-0.0596002805	-0.1770165461	-0.1135513393	0.0827143092	0.0465930661	0.0568299143	-0.015796557	0.0532754983	0.1455196679	0.0204405934	0.1548969808	-0.0986348094	0.1040253132	0.075711302	0.1437366754	-0.0532891672	0.0879158718	0.055816519	-0.0251350002	-0.0750004563	-0.0426940533	0.0409815317	0.0102439807	0.0027790725	0.0925743843	-0.0098601605	-0.0714828944	0.0304387946	-0.0963333757	0.0121663269	0.0337815564	0.0079104983	0.0008114135	-0.059289092	0.1424857317	0.0781770951	-0.0429268927	0.0324893185	-0.0406983382	-0.0525811091	0.1177933276	0.0643866448	0.016218694	-0.0411222265	-0.0417942982	0.0093843204	0.2498804477	0.0833564659	-0.0236329933	-0.0277703691	-0.107964544	0.0526359558	0.0297762994	0.0030676975	-0.060421521	0.0712137253	-0.1246061334	0.0335676351	-0.0547024486	0.0312929087	0.038590184	0.0547967364	0.0497162171	-0.0332089554	0.0823895767	-0.162817811	0.1380618951	0.0850855472	0.0240272728	0.0977558229	-0.0252186037	-0.0136168961	0.0008761559	-0.0336899232	-0.0931050736	0.0040124192	0.052178915	0.0945958492	0.0405633977	0.0678320299	0.0301892125	-0.1329461333	0.139647233	0.0974048212	-0.0489617729	0.0863919848	-0.2012365958	0.0911516415	-0.1378740737	0.1661041176	-0.00533051	0.3000190266	-0.2278609306	0.1366627859	0.0247037871	-0.2321602671	0.0202170209	-0.003670144	0.0706009064	-0.0238306073	0.1058966202	0.1055873175	0.1050724821	0.104353116	0.0	0.0	-0.0038980417369884	0.0359899333340366	0.0012952753013883	1.5194729383303544e-05	0.013371432017891	0.0084904425828967	7.20876152534656e-05	0.000178795194209	-0.2585688576887222	-0.2229186618175944	0.0668578541664506	0.049692729786547	0.0059240897020788	0.003756150615618	1.410866744720748e-05	3.509483879827608e-05	-0.0001046494983583	-0.0002739569164784	7.505239208635306e-08	1.0951517506643836e-08	0.0009623173526403	0.0002175000400616	4.730626742679762e-08	9.260546871926354e-07	0.0	0.0	0.0	0.0	0.0	0.0	0.0	0.0	0.0	0.0	0.0	0.0	0.0
59.00119176575284	-0.142909810875679	0.0204232140445223	3481.140629779141	67.1627899382759	-1.2436999906286133	4510.840352292976	1.5467896666896126	59.31978218838805	-0.0757458470448781	0.005737433344546	3518.8365588778	60.14495025462724	50.55570734036749	0.974012	33.486359	0.451886996404146	0.2414176257771803	-0.0850415924	0.0128632375	0.0838420514	0.0932243395	0.0399164137	0.0815389926	0.0205794794	0.0281999551	0.2161138506	-0.074176661	0.1414007615	-0.0198135235	-0.0148800542	-0.0432246262	0.1590898565	0.0475630561	0.0202806873	0.0489666827	-0.1212707206	0.0926581852	-0.0248260625	-0.0296261508	0.1504758828	-0.0630041225	0.1340600974	-0.0848292414	-0.062417614	0.0894210838	-0.0208143979	-0.0527903932	-0.0027949067	-0.096374498	0.0335721715	-0.1603551291	0.0927721163	0.0689372448	0.0139977831	-0.0993570883	0.0863503813	0.0607152943	0.1640094912	-0.1381943708	-0.0213256607	0.073175571	-0.1338219068	-0.0123748937	-0.0294739258	-0.1331354268	-0.093413499	-0.1131493419	-0.038800023	-0.0556447132	0.0328267641	0.0814171584	-0.0345864627	0.1452197514	-0.1096028288	-0.0248154683	0.0423220427	-0.0046267148	-0.004685127	-0.0448407876	-0.0673478411	-0.0660355387	0.0493980422	0.0202610202	0.0150689298	0.0661003425	-0.0320325735	0.0682061826	-0.0663851342	-0.1199008538	0.1917028704	0.0171429275	0.0532648051	-0.217136548	-0.0179377887	-0.0371998892	-0.0549396826	-0.0122546335	0.0672671538	-0.1127384574	0.1107922502	-0.1191401392	0.0359249955	0.0150817035	-0.0488518659	-0.0449178394	0.0438810586	0.0144592199	-0.1111698295	-0.1427729614	-0.0387843223	0.0589408795	-0.050378713	0.0940813967	0.1105463131	0.005035747	0.0557562623	0.0172154179	-0.0435037071	0.0184387995	0.0104071596	-0.0365058941	0.0741317228	0.1756178649	-0.1764223273	0.0010326544	0.0323558727	0.034224597	-0.0282942465	0.0862740756	-0.1271539856	-0.0030504814	0.0625862044	-0.0310476084	-0.0398327207	0.0106161275	0.0915178775	0.0358704277	0.1069907451	-0.1146784832	0.1506541361	-0.100340512	-0.1235161595	0.1559897054	0.0756663779	-0.1204401693	-0.066938267	-0.0702102163	-0.0097742973	-0.1793015897	0.1721936103	-0.0215091787	-0.0110311481	-0.0148761798	-0.0184822327	-0.0128290622	-0.0252861755	0.0134157068	-0.0793766986	0.0750121469	-0.1022965339	0.1057976105	0.1051918494	0.1041848154	0.10278035	0.0	0.0	0.0132936389326516	0.01719168066964	0.0002955538842468	0.0001767208360717	0.0997925341941936	0.0864211021763026	0.0074686069013669	0.0099585498808992	-0.3474068326606456	-0.0888379749719234	0.1206915073793018	0.007892185797112	0.0094955535375774	0.0035714638354985	1.2755353928274369e-05	9.016553698499866e-05	-0.0012542405176818	-0.0011495910193235	1.3215595117092435e-06	1.5731192761947096e-06	0.0014299872695438	0.0004676699169035	2.1871515117652667e-07	2.0448635910573325e-06	0.0	0.0	0.0	0.0	0.0	0.0	0.0	0.0	0.0	0.0	0.0	0.0	0.0
58.738951009968	-0.2622407557848447	0.0687702139946065	3450.2643657514204	68.55653109161639	1.3937411533404855	4699.9979553157655	1.9425144025148668	59.29101115543874	-0.028771032949308	0.0008277723369701	3515.424003834361	60.258414969067935	50.300818850012384	1.008608	34.675789	0.2172057967930181	0.1289493230910863	-0.0498526578	-0.0394777455	0.0500704682	-0.0687285689	0.1039143951	0.1635317746	0.0592772344	0.0018935879	0.1414027348	-0.0727867504	-0.2059120395	-0.0969025118	-0.0628850049	-0.0566359867	-0.0799846691	-0.01924323	-0.0038544851	0.028370269	-0.004604968	-0.0746033969	-0.0321677096	-0.0470796098	0.0331897712	0.1098796472	-0.0156540878	-0.0618853228	0.1000264431	-0.0487510786	0.0483427518	-0.0408648791	-0.0657162649	0.0384725051	0.121582867	0.0955443147	-0.055448637	-0.0399847405	0.0372642328	-0.1200492455	-0.0204444734	-0.1158576434	0.1312913221	-0.1096023893	0.0644750628	-0.0070806637	-0.064492141	-0.0260797528	-0.0889028384	0.0485998499	-0.0527477337	0.1526411921	-0.0435610364	-0.0220086194	-0.062654848	0.0257898946	0.0325659968	0.1004241398	0.0469422397	-0.1107292177	0.1157430926	0.0305751372	-0.0377813097	0.063073584	0.0776689049	-0.1420387869	0.0163485233	0.1164418441	0.0866064985	-0.2130274126	0.0145906465	0.0823843366	-0.0815189211	-0.0974483434	0.0701545596	-0.0401322627	-0.0212416362	0.0785818931	0.0176739634	-0.0839657453	0.0183904937	-0.0919316342	-0.0439829602	-0.1329428346	-0.1194685974	0.1461143116	-0.0544472987	0.0986393499	-0.0408922475	0.0254258793	0.0430488905	-0.013323743	-0.0015037467	-0.1589541949	-0.0046890664	0.0459384947	-0.0119893545	-0.0092877148	-0.1194368106	0.0312634131	0.0173333863	-0.0603522667	-0.1544682663	0.074323455	-0.0718510631	0.0118660167	0.0964632153	-0.0344633391	0.0948730899	-0.0570553921	0.0150550007	-0.0794917217	0.028788868	0.0343680681	-0.1684925911	-0.0591701655	0.039320413	0.0507857058	-0.0903840881	0.1324068415	0.1145753581	0.0250319614	0.0631415889	-0.0766782768	0.0444337676	-0.0259880698	-0.0148460777	0.1370158454	0.0345661007	-0.0741880896	0.0229802907	-0.0718742377	0.0747975434	-0.0756611089	0.0028214851	-0.0855087597	0.027695802	-0.0065072534	-0.0402521662	-0.059540774	0.1220769034	0.0839076435	0.0553699996	-0.1325375601	-0.1660796405	0.1056656457	0.1046653254	0.1030051337	0.1006955375	0.0	0.0	-0.0095509153108963	-0.0228445542435479	0.0005218736585864	9.121998327591336e-05	0.0953721463138208	-0.0044203878803728	1.9539829012946738e-05	0.0090958462925048	-0.2385975237895081	0.1088093088711374	0.0569287783584848	0.0118394656970146	0.0085730546479754	-0.0009224988896019	8.510042013169206e-07	7.349726599717263e-05	-0.0005952050691109	0.0006590354485709	4.343277224730474e-07	3.542690742953112e-07	0.0014710838473301	4.109657778629994e-05	1.6889287057454014e-09	2.1640876858755287e-06	0.0	0.0	0.0	0.0	0.0	0.0	0.0	0.0	0.0	0.0	0.0	0.0	0.0
58.7742987448855	0.0353477349175008	0.0012494623637979	3454.418192953049	67.61432839667849	-0.9422026949379044	4571.697404533883	0.88774591834825	59.35466856115005	0.0636574057113108	0.0040522653018944	3522.9766800039743	60.221523738176224	48.93699608250344	0.932231	32.049961	0.1034181487389164	0.0512361575880644	-0.023599978	0.0499623315	-0.0110066415	-0.0219422138	0.1459933134	-0.0492818901	0.0194247221	0.0113819376	0.0287897738	-0.0707308977	-0.0318607574	-0.0322059502	-0.078019249	-0.0303630407	-0.0138755525	0.0306957002	0.0274947442	0.0640040768	0.0320624813	-0.083337592	0.0695844399	0.0237469373	-0.1089620713	-0.0713111913	0.1665934757	-0.0302573772	0.0030768293	0.0834594756	-0.0362575497	-0.0405132056	-0.0278297893	-0.1169909775	0.0281704166	-0.0499444661	0.1872393449	-0.135801378	-0.1702471849	0.0275766544	-0.1052937681	0.0613634203	0.0402365421	-0.0518060782	-0.0154233162	0.0797468102	0.0247959188	-0.0349044207	0.0480504168	-0.0774350367	0.0601152272	-0.0727280758	0.1699877658	0.0641347861	-0.0361763988	0.004782745	0.0376048476	-0.0363561716	0.0484584184	-0.1127422394	-0.1963420497	-0.0126818934	-0.0943454875	-0.0058130159	-0.0162031374	0.0393126504	-0.0593021925	0.0413675549	-0.1447343097	-0.0553763363	-0.0338430871	-0.0350709904	0.0426127788	-0.0380671206	0.0351027626	0.0461421628	0.013757998	-0.0439270118	0.0150035932	-0.100217485	-0.0493572717	-0.0849830856	0.0423619122	-0.0227549869	-0.1048763547	-0.1188202565	0.0228709279	0.0618322513	-0.0521534772	0.0073454273	0.0657457576	-0.0080381303	-0.1182209609	-0.0587733768	-0.2797944022	-0.079670687	-0.0818707879	0.0650329017	-0.0860746736	-0.0374199587	0.009874398	0.0051225707	-0.0251391253	-0.0286650965	-0.0094429802	-0.084209548	-0.0556228205	-0.0757693569	0.0849911047	-0.1175685582	-0.001557345	0.1465323933	-0.0458801097	-0.0936295786	-0.0116825566	0.2619999702	-0.0341318378	0.0745248857	-0.0632897609	-0.0348256503	-0.0164885361	0.0154205775	0.0473172691	-0.1358345734	0.0776506389	-0.0247940595	-0.040608285	0.0673652555	0.0840443623	-0.0521721966	0.0466172199	-0.0583892016	0.0859181084	-0.0892574418	-0.0435865981	-0.0148804379	0.0255085101	0.0932064034	0.0048285251	-0.0060215906	0.0613040646	-0.0516213224	-0.0978228765	-0.0258488051	0.0542783601	0.1055007667	0.1040084014	0.1015367435	0.0981090648	0.0	0.0	-0.019501274975326	-0.0099503596644297	9.900965745150952e-05	0.0003802997256632	0.1001437197037518	0.004771573389931	2.2767912615497666e-05	0.0100287645961036	-0.2625769625991339	-0.0239794388096257	0.0689466612877869	0.0005750134856245	0.009275239140111	0.0007021844921355	4.930630609957297e-07	8.603006110624704e-05	-0.0001280999463919	0.000467105122719	2.1818719567033207e-07	1.640959626560765e-08	0.0015961297699741	0.000125045922644	1.5636482769889263e-08	2.547630242597573e-06	0.0	0.0	0.0	0.0	0.0	0.0	0.0	0.0	0.0	0.0	0.0	0.0	0.0
58.88775050311812	0.1134517582326211	0.0128713014460731	3467.767159317488	67.44115402565494	-0.1731743710235491	4548.309256312114	0.0299893627794018	59.39641607222723	0.0417475110771832	0.0017428546811395	3527.9342422251334	60.279409383755606	49.94123182831938	0.919216	31.602484	0.0554830641077053	0.0267387744112713	-0.0483342539	0.00620586	0.0742721212	0.0909835784	0.0921683266	0.0230275516	-0.0181010363	0.0100376233	0.0918302	0.0235328509	0.1427891547	0.0038473875	0.008514022	0.014432298	0.0745941629	0.0748709414	-0.0320278606	-0.0327919929	-0.0541738851	0.0634027952	-0.0289510211	0.1174865911	-0.0620403036	-0.0347536122	-0.0365779187	-0.0635649775	-0.0513713387	0.1823494693	0.070982228	-0.0365768977	0.0530302363	-0.021414993	-0.0666703026	-0.0848837593	-0.0190991115	0.0526389003	-0.1690475882	0.0643288305	0.0499816771	0.0577132773	0.065670401	-0.0462750464	-0.1080482085	0.057288068	0.1164733979	-0.0364187665	0.1065143635	0.1067222246	0.1989133385	0.1211110357	-0.1744426977	0.085233812	-0.0859948956	-0.0471401912	-0.0201453068	-0.0136330311	0.0733221756	-0.0324377618	-0.0175984666	-0.0784165224	0.0178548694	0.194561505	0.023160658	0.0367305667	-0.0153532526	-0.1139379869	0.0248243676	0.1296775548	-0.0335889329	0.0169846364	-0.0292342168	-0.0391553439	0.1146331037	-0.0244621306	0.0076426201	-0.0855462822	-0.0110530842	0.0038237352	0.0348475375	0.0851693354	0.0878569843	0.0959337625	0.0958440423	-0.1321951304	0.0751676518	0.1207054472	0.0172109582	-0.0193212183	-0.0156062347	-0.0550509475	-0.0415780287	0.0188001839	-0.1229410045	0.0180197225	-0.0469476145	-0.1595707217	-0.0025785606	0.0395644134	-0.0503645917	0.0165786065	0.0710387957	-0.247620453	-0.0501457041	0.1449606281	-0.0210859255	0.0112332115	0.0960462454	0.0308086634	-0.0915718084	0.0501512614	-0.1353646388	0.0963647278	0.0913181853	-0.1442807806	-0.0029485999	-0.0121890905	-0.0084763946	0.0227910732	-0.1103979818	0.0244292484	0.0563197484	-0.13035627	0.0454332143	-0.0780241796	-0.0143439221	0.0379349973	0.0631348482	-0.045062984	-0.0584703374	-0.0059605296	-0.0400490703	-0.0779104779	0.1336496396	0.0257986319	0.0113039362	0.0219014282	-0.021530692	0.0839156355	0.111716295	-0.0523558567	-0.0583267998	-0.044923265	-0.0473699221	0.105303025	0.1032218959	0.0997837604	0.0950338178	0.0	0.0	-0.0041979840969759	0.0153032908783501	0.0002341907117073	1.762307047846256e-05	0.1125167165592273	0.0123729968554755	0.0001530910511856	0.0126600115052694	-0.2658378860123136	-0.0032609234131797	0.0706697816394958	1.06336215066238e-05	0.008887211828868	-0.000388027311243	1.5056519427047277e-07	7.898253409117128e-05	-0.0001020681018262	2.603184456569999e-05	6.77656931492764e-10	1.0417897410403531e-08	0.0016729876733794	7.685790340529984e-05	5.907137315858401e-09	2.7988877552794177e-06	0.0	0.0	0.0	0.0	0.0	0.0	0.0	0.0	0.0	0.0	0.0	0.0	0.0
58.68445519128832	-0.2032953118297982	0.0413289838119748	3443.8652810983267	67.86834091792291	0.4271868922679687	4606.1116989514085	0.182488640925565	59.44043805418896	0.0440219819617269	0.0019379348958386	3533.165676073875	60.400746781414526	49.49746470842986	0.911863	31.349714	0.1414387781875813	0.0767440248472047	-0.0272171477	-0.0500268538	0.1515527158	0.0915936218	0.0599892691	0.1291976193	-0.0062415395	0.013766438	0.1516431266	-0.082287059	-0.1001491743	-0.073466883	0.0333490727	-0.0656482939	0.0267829695	0.0072292521	-0.0486757183	0.0015985843	-0.0001367554	0.2640321613	-0.0926790469	-0.0361821691	0.083712579	-0.0006572321	-0.0112188146	-0.0606867145	0.0977363974	0.1537469951	0.0565875464	-0.0020587375	-0.0140537626	-0.1468809651	0.146141692	0.0733370272	-0.2070734269	-0.136408746	-0.0058256196	0.0449673145	0.1290526962	0.0195788499	-0.0744518832	-0.0330348238	0.1358790116	0.0218400325	0.057023463	-0.019077624	-0.0089873727	-0.0105927259	-0.1195158105	-0.0779284568	0.0392267331	-0.1493342016	0.0526437335	-0.0384532512	0.115193248	-0.0215523734	0.0639592145	-0.0238304849	0.009016235	-0.1157706152	-0.0803608394	0.0432411169	-0.115527384	-0.0189525479	-0.0330703796	-0.12943977	0.0547972795	0.0177203097	0.0488051809	0.0576437579	-0.0867400942	-0.1057242321	0.1764986679	-0.0700955514	-0.0107524224	0.1035285455	0.0076070433	-0.1416610918	-0.1024605969	0.1291621345	0.0899775155	0.0673436301	0.0255132065	0.0086397318	-0.065076664	0.1654257675	-0.1297130154	0.0120233062	-0.1610625072	-0.1253839928	0.0034212091	0.031635632	0.1350937233	-0.0547487649	0.0618638273	0.1055034245	-0.0231838688	0.1119906335	-0.0297376526	-0.1116390569	-0.0148486332	0.0905574434	0.0393308198	0.0819514936	0.04782473	-0.0484174565	0.0068473752	-0.0769472034	0.0818739467	0.0379423625	-0.0696248782	0.1071218176	-0.0522681908	0.0827128976	-0.0350668069	-0.016033102	0.2135049684	0.0898327178	-0.0389244814	0.0309663165	0.02391925	-0.1051131455	0.0187983527	-0.0341384579	0.0355866151	0.122760609	0.1347997671	-0.0205370793	-0.0853455303	0.1475057582	-0.034786114	-0.010367046	0.0620811858	-0.0043771181	0.0135364896	-0.0704701155	-0.0033200367	0.0955572748	0.1466669778	0.020260122	0.0105577771	0.0672937168	-0.0226579935	0.1050724821	0.1023067888	0.0977510977	0.091485117	0.0	0.0	-0.0017920846207033	0.0024058994762726	5.78835228992877e-06	3.2115672877612902e-06	0.1058507444674603	-0.006665972091767	4.443518392821656e-05	0.0112043801043155	-0.2087271668618768	0.0571107191504368	0.0435670301861857	0.00326163424188	0.0083269288950332	-0.0005602829338347	3.139169659465308e-07	6.933774482293882e-05	-0.0002607657683477	-0.0001586976665215	2.5184949359369223e-08	6.799878594196636e-08	0.0024591308224052	0.0007861431490257	6.180210507602011e-07	6.047324401703275e-06	0.0	0.0	0.0	0.0	0.0	0.0	0.0	0.0	0.0	0.0	0.0	0.0	0.0
58.55335177698824	-0.1311034143000853	0.0171881052411398	3428.4950043197314	67.95491027422729	0.0865693563043805	4617.869830378281	0.0074942534509547	59.40372985436851	-0.0367081998204525	0.0013474919340582	3528.803120610792	60.323238571312565	49.17274885939705	0.927781	31.896957	0.1741933562801959	0.0808187933342867	-0.000218026	-0.0481640014	0.1226330772	0.0900737781	0.0378239356	0.0481765381	0.0065528987	0.0166538504	-0.0048978366	-0.0083543744	-0.050240363	-0.0174591727	-0.0229998698	-0.1397933547	0.0476979146	0.0152205896	-0.023889655	-0.0040516522	0.0208286329	0.0368283534	-0.0554792136	0.0020552573	-0.0487285523	-0.0710811519	-0.0953140822	0.0349372309	0.0344745569	-0.0079017432	0.0190082922	-0.0032256897	0.0253279188	0.0038643629	-0.1100271296	0.0590475238	-0.1232267508	0.0492810577	0.1113131956	0.1906253613	-0.0119075565	-0.130777787	0.0408229108	-0.1652735967	0.143004289	-0.1200739324	0.0235516175	0.0403158558	-0.0309248838	0.0931073472	0.0739764733	0.0252064829	0.032290828	-0.0769517826	0.0877661016	-0.0681399209	0.0140365063	0.0389856433	0.0205814203	-0.0180855436	-0.053047784	0.0143749037	0.0488250471	0.1251917664	-0.0914431025	-0.1128299643	0.1147932028	0.0871956791	-0.0320967917	-0.0483888423	0.0030128453	-0.0045342288	-0.0447454191	-0.0089006914	0.0506849154	-0.0574393883	-0.0370200835	0.0058965198	-0.0354621991	-0.0444756054	-0.0301540526	-0.0158486937	0.0405628667	0.0259660782	-0.0293207049	0.0398056776	0.0180618699	0.0704545616	-0.0078160301	0.1243043696	0.0433676624	-0.0628334619	0.0190890964	0.1102978312	0.1267227965	-0.1474517103	0.0573226207	-0.1145155587	0.0710262494	0.0283283416	0.0231377969	0.0042081807	-0.1863646483	-0.0427503886	-0.1166927647	0.0326014625	0.107338831	-0.1327807826	-0.014380583	0.0362560925	-0.0289071501	-0.0715398438	-0.0048906275	-0.0635785669	-0.0686974531	-0.1054729266	0.0555636128	0.1151751872	-0.0059293896	0.0281517197	-0.0481274505	0.009625316	0.0033892425	-0.0673703212	0.0005252017	-0.0236354537	0.0331524252	0.0976093311	0.0249842864	0.0140875717	-0.1420630165	-0.1392833009	-0.0539595291	-0.0341409319	-0.0456064867	0.0149976988	-0.0878690626	-0.1487341081	-0.1131981333	0.0194954535	0.078505966	0.0319198779	0.0309932353	-0.0509641365	-0.0001664437	0.1048092098	0.1012642201	0.0954444529	0.087480642	0.0	0.0	-0.0258413073279371	-0.0240492227072337	0.0005783651128221	0.0006677731644168	0.1180580308145664	0.012207286347106	0.0001490178399602	0.0139376986398131	-0.1820794188882857	0.0266477479735911	0.0331529147826958	0.000710102472064	0.0077748821636949	-0.0005520467313382	3.0475559358130054e-07	6.0448792659341086e-05	0.0002942164659913	0.000554982234339	3.080052804319087e-07	8.65633288604098e-08	0.0013403778030372	-0.001118753019368	1.2516083183450163e-06	1.7966126548748307e-06	0.0	0.0	0.0	0.0	0.0	0.0	0.0	0.0	0.0	0.0	0.0	0.0	0.0
58.5172349726157	-0.0361168043725399	0.0013044235580843	3424.266788840317	67.7209648983673	-0.2339453758599887	4586.129086765895	0.0547304388862714	59.257884608311095	-0.1458452460574122	0.0212708357975471	3511.496888251913	60.25966090279254	47.67261686917812	1.011146	34.763031	0.115928121985715	0.0712328069607904	0.0334505478	0.0279198366	0.0117648044	-0.0055105159	-0.0113412486	0.0253015511	-0.0153176964	-0.0025262775	-0.052213819	0.014104285	0.0324614491	-0.0384569061	0.0570384678	-0.0795228858	0.1693362478	-0.0005041383	0.0806835044	0.0551868791	-0.1022915516	0.1242949048	0.0235961657	-0.1029772179	0.0394936563	-0.1226433309	-0.0141201581	-0.0887654274	0.0066352527	-0.0118846316	-0.0863233162	-0.0155701592	-0.0367478167	0.1149785016	0.1006246494	0.0990252585	-0.0125365877	0.0313088675	0.1108896815	-0.0113654736	-0.0210362731	0.0025165463	-0.0267369069	0.1321972187	-0.1238872404	0.0885929132	0.084172513	0.1235841297	0.0769841935	0.0234371362	0.1597296512	-0.0796625708	0.1548408688	-0.0536230802	0.0830367739	0.1244977951	-0.1257396954	-0.0370521492	-0.0232994966	-0.0087121779	0.1190527088	0.070262717	0.0160695589	-0.0087532422	-0.0774239317	0.1418483151	-0.0291928504	-0.0060065228	-0.0511592557	-0.1113769162	0.0322568664	-0.0149755214	0.0548689221	-0.0222152008	0.0212622886	0.0637677401	0.1319505523	-0.0539426447	-0.0343103254	-0.0951782099	-0.0298690849	-0.0509765684	-0.0542982965	0.136648375	0.0458008069	0.0418243509	0.0152610547	-0.1155551559	-0.102708246	-0.0017927151	-0.0650529319	0.0008285669	0.0351945816	0.0503309344	0.0470303401	-0.0348651501	-0.026039936	0.0623916386	0.0614873182	-0.0771401661	-0.0365907262	0.0589504569	0.0393512025	0.0377335349	0.1649047687	-0.091379689	-0.0648584489	0.0114159416	0.0859497999	0.1551180678	0.2001776903	0.0605322139	0.0026061374	-0.1073488794	0.0864299502	-0.0558255977	0.0595602322	0.1265428769	0.1370417608	-0.1535491558	0.0893170077	0.016628158	-0.0011024061	-0.0681974081	0.0565400807	-0.0370078444	-0.0506706612	0.0012041997	0.0503434941	-0.052582722	-0.0766113287	-0.0128659485	-0.0045429993	-0.0122588726	-0.0235799548	-0.0679576604	0.0224187422	0.0967646475	-0.0793441207	-0.1328784851	-0.1974560818	0.0142275115	0.0120830216	-0.0594788764	-0.0521311115	0.1045132902	0.1000954889	0.0928702909	0.0830403428	0.0	0.0	-0.0258369333027133	4.374025223800176e-06	1.9132096658440182e-11	0.0006675471224888	0.1145450289723299	-0.0035130018422364	1.2341181943556976e-05	0.0131205636622718	-0.2446673819096005	-0.0625879630213148	0.0598621277704983	0.0039172531151574	0.0082070036082121	0.0004321214445171	1.867289428116313e-07	6.735490822520642e-05	0.0002010708537667	-9.31456122246e-05	8.676105076695553e-09	4.042948823446965e-08	0.0008691891978402	-0.0004711886051969	2.2201870166749425e-07	7.554898616420903e-07	0.0	0.0	0.0	0.0	0.0	0.0	0.0	0.0	0.0	0.0	0.0	0.0	0.0
58.563769425832575	0.0465344532168785	0.0021654553361938	3429.7150893620824	68.05409679904004	0.3331319006727398	4631.360091133111	0.1109768632458321	59.37307122403405	0.1151866157229548	0.0132679564417076	3525.16158657422	60.323917612239576	48.25985178381171	0.934675	32.133957	0.304919600123993	0.1391632757979159	0.0155256533	-0.0194036366	0.0346894259	-0.0208082446	-0.0200346896	0.0575596487	-0.0051717424	-0.0553355604	0.0025522462	-0.01906747	-0.0517741571	-0.0807811478	-0.0418001019	0.0398286196	0.0318951597	-0.0211219725	-0.0130440046	0.0435185758	0.165214448	0.0344861267	-0.1476888391	0.0250530795	-0.0976621029	-0.0395029004	-0.0244536653	-0.025963973	-0.0139398518	-0.0295386323	-0.0780610197	0.1336671945	0.0221110023	0.1347740549	-0.0510264182	0.0184914859	0.0471592411	0.0063227997	0.0986522954	-0.0828259197	-0.0067507467	0.022178204	-0.0958959619	-0.0146122769	0.0683388453	0.0749316118	-0.1034977697	0.0102593083	0.2064074881	0.0758670972	-0.0171366789	0.0599180422	-0.0257835839	-0.0139501393	-0.0791956887	-0.0211869707	0.002847283	-0.0721415103	0.0224774768	-0.0790540449	0.0888208041	-0.0773091757	-0.0437166663	0.0191738917	0.2088142148	-0.027305745	-0.0662252028	0.0482776702	-0.002095451	-0.0069841242	0.0284419844	0.0502705586	-0.0318765636	-0.0200288817	-0.0149717414	0.0180850936	-0.0466871079	0.0739712711	0.117586311	-0.1324120798	-0.0844369548	-0.079210658	-0.0066128406	0.0749935828	-0.1028936294	0.0438897782	0.0241803597	-0.1878212395	0.0539514111	-0.0150423193	0.0277635272	0.0679684245	0.0442793093	0.0169252912	0.0597412605	0.1009457209	0.0341427915	-0.1143454692	0.0110473669	0.0908528864	-0.044823571	0.0319196929	0.1152171979	-0.106638127	-0.1377499586	0.0480199896	-0.018489255	-0.1103357545	0.0432911248	0.0297834904	0.0092683989	0.0331220535	2.29341e-05	0.0448792093	-0.0188551192	0.113156482	-0.0928732112	-0.0623828712	-0.076692062	-0.0983257614	0.011286756	0.0001639332	-0.0296465093	-0.0339243776	0.0080917308	0.0029958203	0.0979735046	-0.1340127506	-0.0435917107	0.0221797046	-0.0391538418	0.0032474589	-0.0910704561	0.0719857294	-0.0684553949	-0.0875981916	-0.0301616763	0.0805566715	0.1173185859	-0.1377889266	-0.1918858876	0.1101661696	0.1579503141	0.0147585095	0.0289672731	0.1041848154	0.0988020511	0.0900358269	0.0781863408	0.0	0.0	-0.0952868829668887	-0.0694499496641753	0.0048232955083564	0.0090795900655455	0.0920753360866939	-0.022469692885636	0.0005048870983748	0.0084778675154776	-0.2035729815748439	0.0410944003347565	0.0414419588272717	0.0016887497388732	0.0072468034096128	-0.0009602001985992	9.219844213901348e-07	5.25161596575757e-05	0.0014938755762095	0.0012928047224428	1.6713440503704053e-06	2.2316642371952656e-06	-0.0003159170259062	-0.0011851062237463	1.404476761562452e-06	9.980356725741865e-08	0.0	0.0	0.0	0.0	0.0	0.0	0.0	0.0	0.0	0.0	0.0	0.0	0.0
58.54695704204262	-0.0168123837899543	0.0002826562487007	3427.746178882784	67.11019719005142	-0.943899608988616	4503.778566887586	0.8909464718488622	59.311584513871466	-0.0614867101625833	0.0037806155266175	3517.8640575461177	60.19384529894575	47.97896832516872	0.935937	32.177357	0.222791180446127	0.1234469800874965	0.015892388	0.0090639576	-0.0393773029	-0.1094901057	-0.0254255139	-0.0508640005	-0.0135476833	0.0116617194	-0.0503732959	-0.127448381	0.0522467143	0.031474097	-0.0326941258	-0.0426024851	-0.10973352	-0.0541002784	-0.0112618721	0.052156932	0.0732135211	-0.1436923586	-0.0604034691	-0.0448117777	-0.0634161792	0.1075395492	0.001573178	0.0238709931	0.1314412487	-0.0385048916	0.0867197169	-0.1298391733	0.1187612286	0.0567559184	-0.1118212766	-0.0828078616	-0.0642039051	-0.101159254	0.0442953833	0.0193819315	0.0789654396	-0.019748115	0.0804265789	0.0342974583	0.0183177459	0.0689311408	0.0130811333	-0.070719606	0.0694079316	-0.017098995	-0.0862240074	0.0191687936	0.1283256597	0.0506654892	-0.0305415683	0.0778347851	-0.1106781325	-0.1351366211	-0.0154243665	-0.0598150151	0.0067101105	0.02365168	0.0409288263	0.0293447027	0.0086392433	0.1128217979	-0.0023821119	-0.1489304762	-0.0236211057	-0.0230821347	0.0156060809	-0.0775060999	0.0560769595	0.0131923267	-0.0918973216	-0.0702286238	-0.0165859922	-0.0516424747	-0.0160276394	0.0276557702	0.0291327657	-0.0997705576	0.1125900966	-0.0893790196	-0.1043024552	0.09893824	-0.0416981738	0.0462795733	0.0751853945	-0.0460401404	-0.0942556918	0.0168379115	0.0743678836	0.0025069067	-0.0527598128	-0.0424757454	0.0405598166	-0.108337622	0.1522298444	0.0679525769	0.0658355475	-0.031359339	-0.0059169393	0.0673997006	0.0067789687	-0.0466591388	0.0389138815	0.0431002822	0.074206751	0.0642362979	0.0390213973	-0.0100069049	-0.0792951211	0.044939179	0.1058997992	0.1386081446	-0.1124865295	-0.0566173124	-0.0139107	0.037747135	-0.0637673258	0.0023323894	-0.0431811337	0.06809348	-0.0316746108	0.0518153879	0.122896319	-0.129218394	-0.0731495934	0.044572948	0.0572903017	-0.0069829516	-0.0264170116	0.0451737898	-0.1048022962	-0.0257687696	-0.0595883684	-0.1643760344	0.1517851999	-0.0033127077	-0.0015532697	0.0765997147	0.0668822909	0.2049672775	0.0289581322	0.1038238878	0.0973855183	0.0869490055	0.0729428184	0.0	0.0	-0.0801979306041289	0.0150889523627597	0.0002276764834056	0.0064317080731846	0.056973341015805	-0.0351019950708888	0.0012321500579567	0.0032459615865032	-0.1596450305829506	0.0439279509918933	0.0254865357898312	0.0019296648783461	0.0052784858910318	-0.001968317518581	3.874273853952865e-06	2.786241330182177e-05	0.0019467799975885	0.0004529044213789	2.051224149046467e-07	3.78995235901068e-06	-0.0004681407263579	-0.0001522237004517	2.3172054979208893e-08	2.1915573967490226e-07	0.0	0.0	0.0	0.0	0.0	0.0	0.0	0.0	0.0	0.0	0.0	0.0	0.0
58.50788004720175	-0.0390769948408689	0.0015270115257932	3423.172027617749	67.51137909868756	0.4011819086361328	4557.786307806707	0.1609469238169304	59.34106304722817	0.029478533356702	0.0008689839288621	3521.3617635751084	60.36935405780829	47.66967529488456	0.961023	33.039806	0.2115762526756448	0.1032381403405879	0.0325877177	-0.0128070676	0.0039689313	0.0034012762	0.0027127902	-0.0716521391	-0.0495451431	-0.1147538485	-0.0874909237	-0.0464942099	0.0549723713	-0.0306985397	0.0206422843	0.0974069962	-0.0094140564	-0.0284208073	-0.0488008745	-0.0002946387	-0.094597617	-0.0235614221	-0.0665335382	-0.0674855944	-0.0884660654	-0.1326814771	-0.153484422	-0.0518039072	0.2118026765	0.0230740489	0.1009709244	-0.0418337449	0.0469321166	0.1343837662	-0.1636151503	0.0529556609	0.0754304922	0.0325585899	-0.0806844419	0.0054175908	0.049761295	-0.0936370594	0.0127491119	0.024412842	0.121642106	-0.0713354198	0.0402238147	0.0832954732	-0.0272864371	-0.119619093	-0.0292006444	-0.0483178958	-0.1012976601	-0.037209094	0.0662848516	-0.0053649558	-0.1078405639	-0.0095664257	0.0756815449	0.0160968741	-0.257797712	-0.0327486497	0.0607967651	-0.0942244608	-0.0199824455	0.0795255977	0.1390217842	-0.0480918843	0.0493608523	0.0761026706	0.0321689649	-0.1564999967	0.0522334873	0.0269708502	-0.0154133829	-0.0902190126	0.0225069036	-0.0828538688	-0.147726653	0.0340983917	0.0868414431	-0.0126776867	0.0540878395	0.2273682969	0.054316953	0.0899061115	-0.1099404349	0.0114991727	-0.043114849	-0.0241175614	0.117852098	-0.0078482627	0.1463374972	0.1311375145	-0.0259648685	-0.0545575683	0.0246346475	-0.0787239411	0.0349792774	0.0884839467	0.0575748596	-0.008036246	0.0301308201	0.0896246246	0.0244447474	0.1146287016	-0.0477372349	0.065409033	-0.1223760669	0.0829321189	0.0464653287	-0.023461459	0.0048541312	-0.0732264018	-0.009622758	-0.0113937328	-0.1386775931	0.1235734657	-0.120555604	-0.0681326131	-0.1437489497	-0.0111388477	-0.033447569	-0.0194336295	0.0024429312	0.0744794782	0.1708908646	-0.1398512212	-0.0168574342	0.0971054956	-0.0417153891	-0.085636423	-0.0370587795	0.0076686842	0.0106474483	-0.0402813361	0.0026310481	-0.1444744056	0.1959713252	-0.101792348	-0.0037233655	-0.0546406365	-0.0027635339	-0.105073548	0.1599795901	0.1034306197	0.0958476552	0.0836184785	0.0673358985	0.0	0.0	-0.095330275096785	-0.0151323444926561	0.0002289878498444	0.0090878613500287	0.0963286906576996	0.0393553496418946	0.0015488435454357	0.0092792166438267	-0.2089452633092747	-0.0493002327263241	0.0436581230593821	0.0024305129468697	0.0065572179167785	0.0012787320257467	1.6351555936702597e-06	4.299710680812097e-05	0.0018926862890031	-5.409370858539984e-05	2.92612930852216e-09	3.5822613885803265e-06	0.0003548000556054	0.0008229407819633	6.772315306183676e-07	1.2588307945759498e-07	0.0	0.0	0.0	0.0	0.0	0.0	0.0	0.0	0.0	0.0	0.0	0.0	0.0
58.58551141061617	0.0776313634144187	0.0060266285855815	3432.262147243437	67.6898839320236	0.1785048333360492	4581.920386730827	0.0318639755243307	59.3233828412957	-0.0176802059324714	0.0003125896818145	3519.2637517349367	60.237301890165625	48.43508446256276	1.055713	36.295246	0.4392936797301994	0.2508016669938137	0.0239331978	-0.0053063875	0.0322216913	0.0916692945	0.0664776981	-0.028137047	-0.0409892205	-0.0360566336	-0.0107383496	0.0193282378	-0.0262101496	-0.0092051267	0.0114316422	0.0165936671	0.2515833859	-0.0574658203	0.0045515949	0.1089026575	0.0810382711	-0.0213321662	-0.0441973491	0.0746369963	-0.0019612947	0.0074947758	0.0468678657	0.0425788873	0.1457837969	-0.003962379	-0.0683212556	0.0510872087	-0.1402964327	0.0611863044	-0.0323387903	0.0003251151	0.1626397485	0.0692470875	0.0036413765	-0.1090912798	-0.0728195124	0.0887770603	-0.0205245064	0.0686202022	0.0029450605	-0.0223186141	0.0400115622	0.0211160288	0.0624961221	0.1552378826	-0.0364726583	0.0527325726	0.0465421236	-0.0120874001	-0.0222797149	0.0828692558	-0.0028552363	0.1222798158	0.0938995461	-0.074039052	-0.0186660227	-0.0403401716	0.0675053198	-0.0781098423	-0.1358581388	-0.0385269905	0.0381853791	0.0474147208	0.0681824957	0.0534694209	0.0123036191	-0.0181472945	0.0005267932	0.0245757595	-0.0051494671	0.0020477665	0.0948468544	-0.0928223058	0.1550555178	-0.1284838142	-0.0911673835	-0.0549880603	0.0110864037	-0.0211510078	-0.0687338529	-0.0104854997	-0.1636108442	-0.1149513837	0.0637214088	0.0328318329	0.1095359327	0.0804110694	0.1121228903	-0.0437247943	-0.0599993546	-0.0133520577	-0.0820296865	-0.0460725507	-0.0593510573	0.0512814228	-0.0875264129	0.0621278108	0.0836139411	0.0298119133	0.0638811867	-0.0270775277	-0.0677161508	-0.0184746979	-0.0864070057	0.2039976465	-0.1691298063	-0.0184382126	-0.0112654245	-0.0586478256	0.0679138488	0.0068864335	-0.0693057608	-0.0015079264	0.0962429722	0.1124032239	0.2101506347	-0.0289681851	-0.0071656602	-0.1849024183	0.0756344117	0.0268853396	0.0385220761	-0.0651119824	-0.0582570009	-0.043658812	-0.056916241	0.0224822255	-0.0084905219	-0.068383183	-0.0856153053	-0.1320506034	-0.2052106434	0.07808062	-0.0592683937	-0.0562950597	-0.0338987822	-0.0135590433	0.0153115481	-0.0500129575	0.1415999077	0.1030051337	0.0941903779	0.080053581	0.0613935146	0.0	0.0	-0.0676822143373101	0.0276480607594749	0.0007644152637596	0.0045808821376015	0.1432821512591147	0.0469534606014151	0.0022046274624486	0.0205297748694398	-0.2717925433395791	-0.0628472800303043	0.0738711866149969	0.0039497806072074	0.0108840344935045	0.004326816576726	1.8721341688630903e-05	0.0001184622068557	0.0010909067309856	-0.0008017795580175	6.428504596547378e-07	1.190077495709688e-06	0.001263101487642	0.0009083014320365	8.250114914397381e-07	1.5954253680834333e-06	0.0	0.0	0.0	0.0	0.0	0.0	0.0	0.0	0.0	0.0	0.0	0.0	0.0
58.537401026473226	-0.0481103841429444	0.0023146090623816	3426.6273189341487	67.45828417340061	-0.2315997586229912	4550.620103619272	0.0536384481942277	59.26814854359713	-0.0552342976985684	0.003050827642254	3512.7134317858945	60.25298913954034	47.775448886175525	1.016731	34.955055	0.342339459056216	0.1834300670777051	0.0163768141	0.0224246086	0.0194910666	-0.0045825624	0.1225728877	-0.0408634634	-0.0155696737	0.0368137589	0.0185913246	0.0014291309	-0.0144698893	0.0118215684	-0.0113392709	-0.0742692995	-0.0150913931	-0.0378188366	0.0551435723	-0.0052087215	-0.0549507411	-0.1042170854	0.0102362704	0.0669053757	-0.0268110999	0.0025038671	0.0561649751	-0.006639013	-0.0040864354	-0.0402987495	0.1134555785	-0.1262666629	0.0081722718	0.0210628717	-0.1978552865	0.1444952092	0.0274926549	0.0056818365	0.0499124114	-0.0911134823	-0.1491430717	0.1312566071	-0.0378096451	0.0290800778	-0.0345902969	-0.0390721673	0.173065854	0.1334762447	-0.0820197832	-0.0588110063	0.1055602254	-0.2025565633	-0.1228813089	-0.0212127036	-0.0827120891	-0.0401604658	0.1199580852	0.0429770695	-0.0510608033	-0.0231273255	0.1148531632	-0.1262634776	-0.0228365887	-0.006678076	-0.0706819953	-0.0650564039	0.0394441179	0.0552948568	-0.0465706663	0.028352552	0.0290988351	0.0010696613	0.0873971246	0.0430517542	-0.002802736	-0.0647092254	0.0039240187	-0.0473617506	-0.0146557784	-0.007054395	0.0983059138	-0.1087158321	-0.1770951841	0.0299065681	-0.0023903426	-0.0684296807	-0.0629296287	0.0619786856	0.0938042754	-0.0667910361	0.036033628	0.1351949845	-0.0592090412	0.0422525637	-0.0877078062	-0.0270021844	0.1235951211	-0.0165251986	0.0331220616	0.1113673022	0.0225023385	0.1313144215	0.0002246553	0.1411063149	0.1297888842	-0.0193879232	0.0178842709	-0.0931598192	-0.0615096105	-0.1672012082	-0.0483687972	0.1243585096	-0.0885289853	-0.1397875049	-0.0052542661	-0.1563173904	0.1618273428	-0.0333361097	-0.0053202289	0.0054025942	0.0581703743	0.0106912207	-0.0198669951	-0.1250010401	0.0229766231	-0.0618965731	0.0295864231	0.0417110416	0.0944033114	0.0147920709	0.1105407123	-0.1323761216	0.1082787792	0.075054824	-0.1101727994	0.2279930169	-0.0466618745	0.1222342674	-0.0935306626	-0.1156016165	0.0860484309	-0.1833544098	0.2267845211	0.242892877	0.1805011904	0.1025475623	0.0924157511	0.0762643048	0.0551452713	0.0	0.0	-0.0211156641353085	0.0465665502020016	0.0021684435977155	0.0004458712718751	0.0862162554499121	-0.0570658958092026	0.0032565164645067	0.0074332427038044	-0.2152734988030573	0.0565190445365217	0.0463426792869099	0.0031944023953213	0.0080884304573224	-0.0027956040361821	7.815401927117653e-06	6.542270726294064e-05	0.0002526527072839	-0.0008382540237017	7.026698082520902e-07	6.383339049788406e-08	0.001273002797928	9.901310286000112e-06	9.803594537965164e-11	1.6205361235325163e-06	0.0	0.0	0.0	0.0	0.0	0.0	0.0	0.0	0.0	0.0	0.0	0.0	0.0
58.3843371494497	-0.153063877023527	0.0234285504494734	3408.7308243806124	67.70980216914492	0.2515179957443081	4584.617309784742	0.0632613021832338	59.34974875112398	0.0816002075268542	0.0066585938684256	3522.392676821543	60.34340357718422	47.9539052276778	0.98429	33.839722	0.1318649280421682	0.0651406433300692	0.040855431	-0.0605814903	0.0931315623	0.0348956532	0.0790483986	0.0004179238	-0.0481295669	-0.0660169738	0.0194722375	0.0235024554	0.0557916276	0.0104565126	0.0993153217	-0.0121013802	0.0233464231	-0.0454353974	-0.0636003642	0.0479708222	-0.2111739983	0.100224873	-0.0513141413	0.0611130239	-0.038458737	0.022407728	0.0898971724	-0.1524652362	-0.1855168441	-0.0072494142	-0.0114348854	0.0477487237	0.0517748597	-0.0383241244	0.0461601015	0.0511436546	0.1437589828	-0.0011994794	-0.1075531397	0.1316496519	-0.0077962039	-0.020039853	-0.0830311235	0.0243436421	0.0448220935	-0.0190054405	-0.0382730475	-0.0325557635	-0.1418923516	0.0531983732	0.0241062943	-0.00922828	0.0601678664	0.0721543315	0.0368071566	-0.0560292827	0.0362894505	0.03067344	-0.0585180025	0.0562648034	0.1610561318	-0.0374733037	0.1291799387	0.1753162481	-0.0328216651	0.0088168534	0.0282609573	-0.0473792865	0.0411712426	-0.1240181692	0.0426402312	-0.0313793225	-0.0219749785	0.0095159882	0.104036547	-0.0504560966	0.101922573	-0.0726511209	-0.0100731043	-0.0659122625	0.1516133501	-0.0049521968	0.0315821078	-0.0008063644	0.1333689732	-0.0749193807	0.0252875848	-0.1330988433	-0.0261769137	0.0529563804	-0.0289516952	-0.0730149822	-0.0848106073	0.173237896	-0.0418803688	-0.0107491724	-0.0443736706	0.1420407848	-0.0750449474	-0.002013975	-0.0701617481	-0.0273618333	-0.0227682547	-0.0293770245	-0.0222871366	-0.0011922535	0.1024087237	-0.0184426474	0.0922185788	-0.1494716589	0.0093807007	-0.0657212591	0.1835531487	0.0941467093	-0.0090164491	-0.1248466951	0.0188696238	-0.043478944	-0.0333997095	-0.0335197783	0.018374918	0.0032483708	-0.0411215856	-0.128981896	-0.002545904	-0.0815106541	0.1016462503	0.0262740187	-0.0653943339	0.0020376629	-0.0937722126	-0.0214219817	-0.0903296293	-0.0128910962	-0.0447982654	0.0147496192	-0.0609814603	0.0918250412	-0.0384662189	0.0903536092	0.1084055325	-0.0368068203	-0.1746433585	-0.1424672099	0.010792509	0.1020580481	0.0905259858	0.0722612707	0.048622297	0.0	0.0	-0.0334760962354465	-0.012360432100138	0.0001527802817021	0.0011206490191648	0.1190235188926749	0.0328072634427628	0.0010763165346028	0.0141665980495949	-0.2261802620698247	-0.0109067632667674	0.0511575109499745	0.0001189574849573	0.0089552683549342	0.0008668378976118	7.514079407360478e-07	8.019683130888591e-05	-0.0001969096436091	-0.000449562350893	2.021063073404409e-07	3.877340774626278e-08	0.0014724119340732	0.0001994091361451	3.976400357817489e-08	2.1679969036011813e-06	0.0	0.0	0.0	0.0	0.0	0.0	0.0	0.0	0.0	0.0	0.0	0.0	0.0
58.20470079411936	-0.1796363553303379	0.0322692201563674	3387.787194532959	67.92455696138701	0.2147547922420898	4613.745438400709	0.0461196207909431	59.273887441939664	-0.0758613091843187	0.0057549382311588	3513.3937324797325	60.31573308661826	46.808488681978574	0.964129	33.146603	0.1379696104319432	0.0818694690252663	0.080983432	-0.0482198201	0.0503430472	-0.0753512752	0.0365621129	0.0212035284	-0.0341703886	-0.0518628627	0.0088719658	0.0056437326	-0.0513299255	0.0239911811	0.0850181328	-0.0570756165	0.0760898007	-0.1042529479	-0.0102077371	-0.1248796575	-0.0981806141	0.1569823217	0.0595615953	0.0946715841	-0.0603281305	0.0997251619	0.2667741257	0.0520463381	-0.035060973	-0.046729022	-0.1309543706	-0.0898320678	0.0174915892	0.0718820138	0.0893317047	-0.0142516775	-0.1475265116	-0.0700246211	-0.0739720018	0.0239371774	-0.0210924427	-0.1003341781	0.0594719609	-0.1069783714	-0.1498370619	-0.0725501798	-0.1313795766	0.0459688445	-0.1188384678	-0.0817979611	-0.0219636176	-0.0083601765	0.0187533512	0.0208369529	-0.0615714868	-0.0375185626	-0.0912987266	-0.0188440002	-0.0447613052	-0.0303624086	0.0198949382	0.0297358386	-0.0290322607	0.0051474805	0.0966069798	0.0733983707	0.0104158193	-0.0131866422	0.0443638533	-0.0400230196	0.087434949	0.0415553778	-0.0381298572	0.044093062	0.1576524866	0.0849764605	0.0454788159	0.0526903864	0.0897543181	0.0721254473	0.032835626	-0.0456741031	-0.0414760251	-0.0876729887	0.0649900663	-0.0472874002	-0.0473083485	0.0543137378	-0.0350723674	0.2282571502	-0.2123583863	0.0995037834	-0.013182266	0.1510767843	-0.0186552226	0.0769837079	-0.0167817834	0.0334384349	-0.0167355671	-0.2113797293	0.0832817167	0.0258245577	-0.0006675675	-0.0397528196	-0.0548045303	-0.1005317788	0.0483271916	0.0823986714	-0.0307800916	-0.0372602433	0.0553677181	0.0405319075	0.0292866707	-0.0423241039	-0.0225300025	-0.000570954	-0.0874677434	-0.0922853338	-0.0948229617	0.0395990433	-0.0296165663	0.0167273805	-0.0775064157	-0.085728251	0.0038818495	-0.0469317033	0.0579069647	0.0680139499	0.0260805712	-0.0205908308	-0.1010700867	0.1409893269	-0.0190306071	0.0827470042	-0.0692519242	-0.0763019499	0.0604499314	0.1224608929	-0.1295513544	-0.0527936126	-0.0127675574	0.0815554654	-0.1170677938	-0.0757408907	-0.089587719	0.1015367435	0.0885234364	0.0680556987	0.0418570888	0.0	0.0	-0.0333192809305131	0.0001568153049334	2.4591039861356034e-08	0.0011101744817264	0.1138709509885842	-0.0051525679040907	2.6548956006265647e-05	0.0129665934790445	-0.1922639046709306	0.033916357398894	0.0369654090393126	0.0011503192992095	0.0075871206781071	-0.0013681476768271	1.8718280656073924e-06	5.7564400184160345e-05	-0.0006789512418541	-0.000482041598245	2.3236410243859403e-07	4.609747888152246e-07	0.0015971000554816	0.0001246881214084	1.55471276203559e-08	2.550728587219329e-06	0.0	0.0	0.0	0.0	0.0	0.0	0.0	0.0	0.0	0.0	0.0	0.0	0.0
57.93213294509246	-0.272567849026899	0.0742932323231504	3356.132027567867	67.10766698976443	-0.8168899716225866	4503.438968809118	0.6673092257375504	59.21637843064472	-0.0575090112949467	0.0033072863801223	3506.5794744413247	60.28184576605262	45.99330546403434	0.945775	32.515591	0.235254648680665	0.1587014647082788	0.1190298452	-0.0537465878	0.0113214915	-0.0606517197	0.1003172496	0.0224209947	-0.0981056728	-0.0077813832	-0.0618789093	-0.063151185	-0.0291010216	-0.1062775691	-0.0058041787	0.0098284902	-0.0374484396	-0.1162874946	0.0461327817	0.0821233138	-0.0936462259	-0.1061551247	0.0108047572	0.0237384883	-0.0117899341	0.0876610922	-0.0908241715	0.061010808	-0.0009190029	-0.1157476875	-0.0908585609	0.0135786858	-0.012420741	-0.0371835746	-0.0400800472	0.0732734775	0.0510580445	0.0638748697	0.2206059975	-0.0278210621	-0.0205834482	0.1367932493	-0.1087499208	-0.0536077935	0.013823307	0.0063743261	0.0001771446	0.018976768	-0.0560776106	0.1062758122	0.0771563506	-0.02916952	0.0742047047	-0.0401597682	-0.1277846451	-0.0137393498	0.0513778364	-0.051053089	0.029261499	0.1119219218	-0.1111551403	-0.0040790365	0.0043958313	0.0349103052	0.0064789267	-0.0113187204	0.0890143183	-0.1000191269	-0.029774009	0.1290824873	0.1102848788	-0.0195793493	0.0321798224	0.0155649492	0.0047889781	-0.0317754351	0.0584980554	0.0188920381	0.0051284403	0.0461583097	0.0750756372	-0.0302907323	-0.1153955048	-0.1155216457	-0.0905124471	0.0994169718	0.0306812489	-0.0957067531	0.0358682458	-0.0352429575	0.078548179	0.0065166911	0.0703852454	-0.0294346867	0.1318451785	-0.0213253176	-0.0094922905	0.0808997742	0.0853381848	0.0197388357	-0.061259393	0.08519497	-0.0188304952	-0.1076199608	0.0384763385	-0.0608056044	0.0985219969	-0.1629580693	-0.0117309884	-0.0065642514	-0.1287178109	0.0651351058	-0.0189390709	-0.0502968549	0.0414277381	-0.0058406966	0.0287793943	-0.079966049	0.0805174892	-0.1345746761	-0.0735727306	-0.0104435816	-0.1091836408	-0.1282427088	0.0675712676	0.0101904815	-0.0055444875	0.025830053	-0.0114324385	-0.021092544	-0.06945848	0.1475434152	0.0979980627	0.1648715207	-0.033348902	-0.1001495222	-0.0122054397	-0.034084825	-0.045725824	0.0539892785	-0.0040689277	0.0729490848	0.0775189986	0.0004142352	-0.0554725098	0.1009838109	0.0864105979	0.0636593764	0.0348833508	0.0	0.0	-0.0335197405535439	-0.0002004596230308	4.0184060465650695e-08	0.0011235730067768	0.1461725618575542	0.03230161086897	0.0010433940647303	0.0213664178400005	-0.2369188735348899	-0.0446549688639593	0.0561305526370411	0.0019940662442411	0.0104020228702054	0.0028149021920982	7.92367435107981e-06	0.0001082020797922	-0.0003928867643108	0.0002860644775433	8.183288531212122e-08	1.543600095706101e-07	0.0016580855723341	6.098551685249998e-05	3.719233265766559e-09	2.7492477651825e-06	0.0	0.0	0.0	0.0	0.0	0.0	0.0	0.0	0.0	0.0	0.0	0.0	0.0
58.09635416065358	0.1642212155611204	0.0269686076403719	3375.186366760091	66.71671572877614	-0.3909512609882881	4451.120157634326	0.1528428884683325	59.20589871996162	-0.0104797106831	0.0001098243360014	3505.3384432383527	60.151111065152406	45.32597501600755	1.053868	36.231815	0.5532426815527195	0.2641382933142286	0.1270795142	0.0673710839	-0.0025473708	0.0306555192	0.0657001197	-0.1299277871	-0.1258740943	-0.036659367	0.0359281254	-0.019714832	-0.0456514747	-0.011473906	0.0077029099	0.0144936297	-0.0995921697	-0.027157418	0.0843573191	-0.0511215895	-0.0536707276	0.0696091399	0.0096612421	0.0676466644	-0.0827339591	0.044184355	0.0031366414	0.0971231599	-0.0658223336	-0.0253926912	0.0856899598	-0.0292555097	0.0200104733	0.0021812773	0.0614565124	-0.099950953	0.0788697951	-0.0925760072	0.0040471149	-0.0763421131	0.0902305445	-0.0262441117	0.0276570206	0.1835117086	-0.0121290408	0.0090333698	0.1321359037	0.0185299244	0.0478859141	0.0316983144	-0.1462503566	-0.0533558388	-0.0906159253	0.0017367573	0.039871119	0.0259489582	-0.1838230441	0.0220210324	-0.1468973617	0.1421438686	0.081335429	0.1241030277	-0.0754465671	-0.0050594084	0.0936551604	-0.1030040637	-0.0066622006	0.0609540223	0.0428025538	0.0564219657	0.0200454597	-0.0278938935	0.1343130118	0.0497722438	0.0957381196	-0.0055502641	-0.0060529154	0.0347948309	0.0428722244	0.0609151308	0.1101566255	0.1045741677	0.0870075354	0.0215176987	-0.0154120792	-0.083330799	-0.0298115676	-0.0880318666	0.0777111472	-0.0820172706	-0.133760884	-0.0138349443	0.0492851418	-0.0446516439	-0.0883965388	0.0090020494	0.1035861624	0.0072693804	0.0084399789	-0.0355129065	-0.0365654664	-0.0419949143	-0.0020931706	0.0068397346	0.1098928638	-0.0162212472	-0.1394908362	0.0803916401	-0.0242531065	0.094556332	0.0472893704	0.0157912188	0.0228838316	0.031534373	0.0548804614	0.0537254899	0.1194605344	-0.0854258853	0.0042297965	0.1568861221	-0.0994046194	0.0026311011	-0.115922277	-0.0253073677	0.0036950117	-0.0627063728	-0.056062635	-0.1283868961	-0.0222620945	-0.0174379943	0.0028233662	-0.1425843414	-0.0355180535	0.2109450601	-0.1649318958	0.2477594983	0.2774411052	-0.0368858749	0.0073435547	0.1119767441	-0.3862229969	0.1272976019	-0.1180851164	0.0294622102	-0.0002684989	0.1003994225	0.0841901024	0.059084626	0.0277358257	0.0	0.0	-0.0870754225458227	-0.0535556819922788	0.002868211073658	0.0075821292115335	0.0708399886942601	-0.0753325731632941	0.005674996579403	0.0050183039982028	-0.1773556351790333	0.0595632383558566	0.0314550213297583	0.0035477793634365	0.0066528018363259	-0.0037492210338794	1.4056658360884464e-05	4.425977227342126e-05	0.0009903291518789	0.0013832159161897	1.9132862708005117e-06	9.807518290611813e-07	-0.0005053012384225	-0.0021633868107566	4.680242492955613e-06	2.5532934155131224e-07	0.0	0.0	1.0	0.0	0.0	0.0	0.0	0.0	0.0	0.0	0.0	0.0	0.0
58.30794898342562	0.2115948227720352	0.044772369023929	3399.8169146537643	66.93190142013485	0.2151856913587124	4479.87942771465	0.046304881765527	59.2765817813942	0.0706830614325824	0.0049960951734822	3513.713147686314	60.17991338102898	46.656081989192536	0.972508	33.434669	0.1695647689393015	0.0943625597458007	0.0799572435	0.0451407215	0.0161312032	0.0914603875	-0.1125122773	-0.0138975881	-0.0804104487	0.0794335767	0.0044620841	-0.0618481566	0.0012733089	0.0330243603	0.0122827787	0.0548990061	0.0994153477	0.008320264	0.0211398164	0.0606892524	-0.0448390001	-0.012042645	-0.0487744184	-0.0146102947	0.0545395299	0.0286645111	-0.0064714978	-0.0616904383	-0.0812188872	0.047594654	0.0109576254	-0.0288720526	-0.2819900869	0.020557291	0.0718371653	-0.0217971902	-0.0662221329	0.0284465082	0.0370973858	-0.0453294297	0.0864319481	0.125402281	-0.0772534204	-0.0463007873	-0.0175197646	-0.0452028809	0.0237122941	-0.0693354117	0.1231343644	0.1026789319	-0.0070289768	0.0973596915	-0.0030722168	-0.0209115331	-0.023696425	-0.1515151169	0.0897890131	0.0007244225	0.0372600797	0.033685992	0.0753836611	0.1004955665	0.1168902435	-0.0086919458	0.0256365417	-0.0370591748	-0.0631830029	0.2276849902	-0.0663207399	0.0791811036	0.0051309578	0.05409449	0.0406958651	-0.0812581809	0.0370251523	0.0551050366	0.0478821382	0.0336467174	-0.0641500235	-0.050082813	-0.0066518608	0.032329596	-0.023288715	-0.0277189287	0.0291714006	-0.0052580367	0.0406555481	0.0075006195	0.1081163682	0.009654731	-0.0968974455	-0.0645972711	0.1664543842	-0.1582959971	0.0775947113	0.1891049812	-0.0526015938	0.0653994644	0.0313366649	0.1268812939	-0.030511603	0.0644624339	0.0880422638	-0.0241927323	-0.0846440423	0.0213530546	-0.0380563952	-0.0478561091	-0.0611856079	0.0211249235	-0.0777771542	-0.1795468175	-0.0609948629	-0.0246220489	-0.0024036345	0.0717269248	0.1131852893	0.0949185391	0.0524761033	-0.039650121	0.1302849084	0.0206974283	-0.0755061319	0.0475313581	0.0367992263	-0.0089907469	0.008596463	-0.1598586071	-0.0312131837	-0.0623537556	-0.0374228512	0.0660685672	-0.019957412	0.1618217204	0.075945096	-0.0557125405	0.0737795178	0.0290658862	0.1985106018	0.1026278141	-0.0024187006	0.1165233908	-0.0619088234	-0.054686005	0.0606530996	0.0997837604	0.0818647166	0.0543442699	0.020450122	0.0	0.0	-0.0871489843651147	-7.356181929199512e-05	5.411341257548145e-09	0.007594945475871	0.0672471590870458	-0.0035928296072142	1.290842458647565e-05	0.0045221804052784	-0.2206177700733036	-0.0432621348942703	0.048672200472117	0.00187161231561	0.0062610805174102	-0.0003917213189156	1.5344559169305528e-07	3.920112924549358e-05	-0.0003413014994835	-0.0013316306513623	1.7732401916478494e-06	1.1648671354968557e-07	0.0002240716436699	0.0007293728820924	5.319848011317741e-07	5.020810149693064e-08	0.0	0.0	0.0	0.0	0.0	0.0	0.0	0.0	0.0	0.0	0.0	0.0	0.0
58.48893341606418	0.1809844326385601	0.0327553648575015	3420.955332148789	67.01274124849508	0.0808398283602258	4490.7074896377535	0.0065350778493107	59.2487256850372	-0.0278560963569987	0.0007759621042503	3510.411495300787	60.11136289730552	46.70676516401649	0.964081	33.144955	0.1005920104082542	0.0565914007168084	0.0337713653	0.0893146117	-0.0901175678	-0.0802217498	-0.0056629578	-0.1128826799	0.0008877889	0.0271825883	0.0351502523	-0.031481829	-0.0577060925	0.0150157147	0.0146318651	0.0052577917	-0.0045261429	0.0609073	0.0716502157	-0.0666620784	-0.03200303	0.0603255525	0.117657322	0.0915419069	-0.1063884494	0.1141457327	-0.1203960178	0.1852489538	-0.067467068	-0.0587888178	0.0948446554	0.0721205848	0.0701409913	-0.0692009803	0.0294823232	-0.0885074865	-0.0769587597	0.0241156619	-0.1917797551	0.0619394373	0.0588713244	0.0679093257	0.0396028931	0.0649386909	0.0163201528	-0.0645254449	-0.0188989128	0.0831563814	0.1048740472	-0.0569357426	-0.1078342174	0.0142843722	-0.0685204897	0.1241246253	0.216997142	0.0174743018	0.0449300109	0.0166163191	-0.0156030252	-0.1078538141	-0.0160185131	-0.1034307612	0.0694586237	-0.1253430063	-0.002809398	-0.0834303867	-0.0562776466	-0.0184547341	-0.0718742654	-0.0867860412	-0.0519011722	0.0364008783	0.0782076498	0.0033863668	0.0085914248	0.0101687901	-0.0706735037	0.0715521227	0.0676689673	0.1411755899	0.1079158543	0.1119739643	0.0889064415	0.0331065979	0.0024661397	-0.0133078351	-0.1014358111	0.086303573	0.171022053	-0.020316575	0.0442226425	-0.0859340974	-0.07707561	0.0009263735	0.0319265329	-0.1233570208	-0.0355034112	-0.0562047494	-0.0679011868	-0.0323615429	-0.0681239625	0.0256315459	0.0270511404	0.0321024395	0.0061558013	-0.0913961424	-0.1488356903	-0.0143401939	-0.0568921128	-0.045741303	0.1012798952	0.0868906529	0.0668898141	0.1481086926	-0.0506880629	-0.1485067197	-0.1075979098	0.0725939675	-0.0535922849	0.0119080797	0.098538346	0.0085352272	-0.0335619796	0.0373308394	0.0007027423	-0.0262288361	0.0324533738	-0.1327429578	-0.0114159649	-0.1172360064	0.0910908733	-0.011082567	0.0265135007	0.0423730262	-0.1042116624	0.0641659353	0.0054200868	0.0673358194	0.0935912451	-0.0049285209	0.0551338052	0.0409008022	-0.1748533722	0.1666744201	0.0227596862	0.0991370163	0.0794373376	0.0494515946	0.0130625369	0.0	0.0	-0.0491214918192213	0.0380274925458934	0.0014460901893279	0.0024129209585458	0.083005002642011	0.0157578435549651	0.0002483096335027	0.0068898304636002	-0.1832611434805002	0.0373566265928033	0.0335846467097804	0.0013955175503941	0.0062790542811602	1.7973763749999996e-05	3.2305618334081386e-10	3.942652266575624e-05	-0.0003423333721037	-1.0318726202000273e-06	1.0647611043184697e-12	1.1719213765589033e-07	5.4076325748254016e-05	-0.0001699953179216	2.8898408115281488e-08	2.9242490064312803e-09	0.0	0.0	0.0	0.0	0.0	0.0	0.0	0.0	0.0	0.0	0.0	0.0	0.0
58.639058498575125	0.1501250825109465	0.0225375403989185	3438.539181599316	66.87665148559046	-0.1360897629046178	4472.486513925129	0.018520423567435	59.22703723518216	-0.0216884498550413	0.0004703888571146	3507.841939657654	60.09699101543178	47.60631801550185	0.934048	32.112423	0.1708763680892603	0.0818675615683651	0.0042199224	0.0505238711	0.0303110839	0.0710580576	-0.0119669543	-0.0288373904	-0.0284348428	0.0677370903	0.0528843966	0.0010274372	0.159787078	0.015585288	0.1128602169	0.0295009781	-0.0422146089	0.0223798998	0.0661589198	0.0080589151	-0.1033809455	-0.0032658149	0.0486452929	-0.0448168787	0.0180263654	0.0506915654	-0.0303716813	0.0735892392	-0.0078311003	0.0079365443	0.0077785747	0.0805751343	0.1502126175	-0.0418946963	-0.004078403	-0.0200183318	-0.0184305696	0.0312682408	0.0403815103	-0.05400588	-0.1610266845	0.0678419714	0.0691228076	0.03927913	0.1561793088	0.0084184658	-0.0100773549	-0.013453595	-0.0223337841	-0.0292415602	-0.0457781856	0.1601104897	0.0207544774	0.011908828	-0.0053491069	-0.2344794859	0.0429352787	-0.0311948311	0.014318097	-0.0872576509	0.0392121737	0.0626555696	-0.0409393573	-0.0027117281	0.077112493	0.010582419	0.0705063209	-0.1222365862	0.0832045443	-0.0002254117	-0.0292381609	0.0143359239	0.051772465	-0.0257930236	0.0633231324	-0.0191273973	-0.0875754944	-0.0756361496	0.0014704633	0.109819176	0.0503968392	0.0897099148	-0.0584342212	-0.0419700293	0.0294539875	-0.0336012819	0.0837711446	0.0163737112	-0.0151457752	-0.0839266507	0.0517331732	-0.0373525542	-0.0875878303	0.019851536	0.1230106319	0.0075582876	-0.0008054022	-0.1015496518	-0.067782256	0.0022931801	0.0106850883	0.0142342388	-0.000141961	-0.0609200847	-0.0290095874	-0.121671467	0.0351307124	-0.0714921904	0.1381514695	-0.0876584721	0.0225976747	-0.0928482946	0.0875824636	0.0037795296	-0.0260856156	0.0705205344	-0.1909228959	-0.0037585877	-0.0372750514	-0.0738369986	0.0503853908	0.0056228105	-0.0059493936	-0.0049047453	0.0432049219	0.007819024	0.0054098912	-0.1106991688	0.0157587246	-0.0212691115	-0.0772706275	-0.0340208965	0.0083458912	0.0461017741	0.0727559155	0.109031644	0.0646566644	0.0856221215	0.0714717472	0.0984192688	0.0090583969	-0.1197403849	0.0170045921	0.0673121298	-0.131196432	0.0984593917	0.0769109895	0.0444203137	0.0056098749	0.0	0.0	-0.0628903226446908	-0.0137688308254695	0.0001895807023003	0.0039551926823533	0.1128765764114803	0.0298715737694693	0.0008923109194648	0.0127411215023767	-0.2055996865382994	-0.0223385430577992	0.0422712311046469	0.0004990105059451	0.007373500718509	0.0010944464373488	1.1978130042254812e-06	5.4368512845852745e-05	0.0003259409367737	0.0006682743088774	4.465905519055666e-07	1.0623749426491709e-07	0.0003893039882525	0.0003352276625042	1.1237758570806065e-07	1.5155759526930266e-07	0.0	0.0	0.0	0.0	0.0	0.0	0.0	0.0	0.0	0.0	0.0	0.0	0.0
58.656820141112206	0.0177616425370814	0.000315475945615	3440.622549066786	68.04706263235198	1.1704111467615237	4630.402732891233	1.3698622524636244	59.307228587540976	0.0801913523588169	0.0064306529931359	3517.3473627348376	60.26685555582964	48.25531889443657	0.904644	31.101507	0.140200877468524	0.0728153985271974	-0.0175714366	0.0272529702	0.0255969891	0.1006783745	-0.04553488	0.0308355588	0.0043244045	0.1036915133	-0.0422327838	0.0705144822	-0.0413273929	0.0724785041	-0.0068667605	-0.0079845215	0.051889587	0.0279954677	-0.0835319941	-0.0092166679	-0.0442361201	0.1557143551	-0.0519006719	0.0744055583	-0.0143268872	-0.043608698	0.0227890862	-0.0387408014	-0.0838477581	-0.1707061227	0.1193546924	0.1493691409	-0.0233011078	-0.009232233	-0.0956122009	0.0541614222	-0.0303140658	-0.1135261414	-0.0688252932	-0.0830591509	0.0539289878	0.0071687697	-0.0996219514	0.1176698929	-0.0461307476	0.0364803153	0.0435033062	-0.152853174	-0.1204127824	0.1066031306	0.0590032851	0.0471688156	-0.0037168184	-0.175762326	-0.0433726687	-0.0044013994	0.0346749504	0.007193109	-0.0632849245	0.1412350578	-0.19722106	0.1228806064	-0.0113565534	-0.0451699815	-0.0888104193	0.0386227611	0.0957978872	0.0020038218	-0.09389738	-0.1006379661	-0.0311667507	0.0571614323	-0.0735245366	-0.0034170708	-0.0455096279	-0.0670364197	0.0534011951	0.0456806685	0.0045913661	0.0338485351	0.0275664385	0.0187032898	-0.1013938832	0.2439648309	0.0904897601	-0.0350178995	-0.1151062777	-0.0951890748	0.1060013075	-0.0100174123	-0.0451734974	-0.0927759916	-0.0703533243	0.0579210603	0.0210728866	0.1358911462	0.0462457556	0.1201169721	0.0005399819	-0.0038641827	-0.1748308639	-0.0034238879	-0.0948257441	0.0146838326	-0.0213628907	0.0608359058	0.09578423	0.0860808435	0.0009948062	-0.0146955072	-0.0772959917	-0.0439396357	0.1094368889	-0.1562515969	0.0084195441	0.13217924	0.0624502213	-0.0744592399	0.0044952744	0.0008959709	-0.0161756545	-0.0115176823	0.0315485345	0.0232347722	-0.0552112652	0.0184031756	0.0073810844	-0.1312960802	-0.0183085695	-0.0020644602	-0.0507283584	-0.1099904707	-0.0272102269	0.0574921356	0.0117503186	0.0969749201	-0.0680008401	-0.0452805973	-0.0340945192	-0.0324797677	0.0779825059	0.0208016836	0.2147089357	0.0233652483	0.0496528682	0.0977510977	0.0742888199	0.039264529	-0.0018707352	0.0	0.0	-0.0537208370962503	0.0091694855484405	8.407946522305917e-05	0.0028859283383218	0.1180930118641754	0.005216435452695	2.721119883213428e-05	0.0139459594511522	-0.144866857119041	0.0607328294192584	0.0209864062915486	0.0036884765692687	0.0076142053302036	0.0002407046116945	5.7938710091048134e-08	5.797612281050092e-05	-0.0003370064499779	-0.0006629473867516	4.394992376007756e-07	1.1357334732670681e-07	0.0007872945307689	0.0003979905425164	1.583964719324984e-07	6.198326781786225e-07	0.0	0.0	0.0	0.0	0.0	0.0	0.0	0.0	0.0	0.0	0.0	0.0	0.0
58.74664972593446	0.0898295848222545	0.0080693543093386	3451.1688540216355	67.45336882546225	-0.593693806889732	4549.9569659038425	0.3524723363392223	59.43349169654434	0.1262631090033608	0.0159423726951945	3532.3399352432048	60.27429053810298	48.13280021370317	0.966473	33.227169	0.0694108980721328	0.0373239867073999	-0.0386038407	0.0531611025	-0.0827142747	-0.0739637033	0.0172348314	-0.0797422419	0.0692305731	0.029253992	-0.0273871864	-0.0362601968	-0.0176975554	0.0588535277	0.0161775433	-0.0455202232	-0.0214538281	-0.0188251558	-0.1113220256	-0.0366470705	-0.0211769388	-0.0601418804	-0.0138605864	-0.000914105	-0.0607800211	-0.0115447334	-0.2314135279	0.0103757836	-0.0183310142	0.1717089298	-0.1592715017	0.0004987534	0.0718333474	-0.0592135693	0.132429828	0.2044540702	0.007110032	0.0022005828	0.020315845	-0.062875018	-0.0851389103	-0.00634883	-0.0321027078	-0.0597462453	-0.0715482871	0.0767630388	-0.1208926774	0.0545191727	-0.072345385	0.0525753219	-0.0353156811	0.0880138585	-0.0139369984	0.0366340954	0.0318064787	0.063352035	-0.069664349	-0.1410436934	-0.0577116415	-0.0887927493	-0.1121397768	-0.0051922945	-0.1070205053	-0.0570425844	0.060239608	-0.0515838077	-0.0440066569	0.0324711479	0.0666742415	0.0361602992	-0.0648265931	-0.066500539	-0.0376435085	0.030799654	-0.0670225528	0.0665892958	-0.0190490701	0.1053912649	-0.1609955498	-0.110620946	-0.0066546967	-0.0344784861	-0.0717610141	0.0008543149	-0.0954217875	0.1063250531	0.0957517572	0.0903965144	-0.0385662571	0.0051464439	0.1467954002	-0.0933976727	-0.0606362247	0.0784859148	0.0414336282	0.0407008332	-0.1422289964	-0.0619897772	-0.0231180498	-0.1065638438	-0.1997561995	0.0176774447	-0.0002149941	-0.0670074002	0.0356854157	-0.1237248767	0.0669747478	-0.0030235837	-0.000784575	-0.0551406848	0.0157554864	0.1042123772	0.0112985821	0.122107561	0.0107867174	-0.0255894126	-0.1316591453	-0.0354986066	0.0975788752	0.0930946941	0.0057037674	-0.0192003002	0.0350094462	0.0030554651	-0.0520980277	0.0147802697	0.0765173741	-0.1153997183	-0.036363895	-0.0822524127	0.0571054235	-0.0027827887	-0.0670124714	-0.058649629	-0.1036824531	0.0641209612	-0.144587316	0.1786569618	0.0996884413	-0.046054062	0.0176517675	-0.0458435731	-0.175273677	-0.0227192273	-0.0844937046	0.0970123549	0.0715740957	0.0339986915	-0.0093420254	0.0	0.0	-0.0605943306034504	-0.0068734935072001	4.724491299352197e-05	0.0036716729012802	0.136102223764496	0.0180092119003205	0.0003243317132706	0.0185238153136409	-0.1424808535575294	0.0023860035615115	0.0203007936304821	5.693012995545967e-06	0.0075970684483813	-1.7136881822300137e-05	2.936727185914809e-10	5.7715449009390655e-05	3.627201918821044e-05	0.0003732784691661	1.3933681554299485e-07	1.3156593759899063e-09	0.0003348660996953	-0.0004524284310736	2.0469148524371925e-07	1.121353047251426e-07	0.0	0.0	0.0	0.0	0.0	0.0	0.0	0.0	0.0	0.0	0.0	0.0	0.0
58.77995241833461	0.0333026924001487	0.0011090693210989	3455.0828063016806	67.65752366274724	0.2041548372849888	4577.540508175202	0.0416791975868602	59.39363828111812	-0.0398534154262151	0.0015882947211344	3527.6042682683	60.338045513950426	48.82631105502094	0.936325	32.190701	0.1602219288116275	0.085525988053719	-0.0543943971	0.0061717794	-0.0301423457	-0.0037061051	0.0265917989	-0.0061610448	0.0352719861	-0.0471677681	0.0182151198	0.0106474338	0.0525912349	0.0071616927	0.0077223258	0.0749963581	-0.0180061169	-0.0018542199	-0.0421527584	0.0444864652	0.0938843275	-0.0579441914	-0.0210578204	-0.0463329071	0.145693078	-0.0302491501	-0.0750889211	0.0306212363	-0.2011197947	0.0140936051	0.1291232002	0.0146490239	0.0252048767	-0.0046595752	-0.051129832	-0.0866306361	0.0942123518	-0.0849863946	0.0754613565	-0.0310144424	0.1031635073	-0.3391509643	0.0425344731	0.0855618307	-0.0774885773	-0.0252150712	0.0868400405	0.0698931495	-0.0408142247	-0.0095600698	0.1217707295	0.0134221086	-0.0750295631	0.0572533908	0.0773125531	-0.0584073864	0.060612869	-0.0131368699	-0.005156974	0.0303265259	-0.0239849755	-0.1577242157	-0.0105545077	-0.0828847908	-0.02419866	0.0133664398	0.0035012483	0.0923678017	0.0433174311	0.1227462467	-0.0131343501	-0.045771765	-0.0424351284	0.0170090151	-0.0879951813	-0.0661006966	-0.0625045996	-0.0058492729	-0.0173767474	-0.0094110511	-0.0766263144	0.0210142029	-0.0433176364	-0.0173592172	0.0229018116	-0.1053823485	0.0344090334	-0.1278524432	0.0664531982	-0.1702668426	0.0043379101	-0.1485386899	0.0155001361	-0.0470681334	-0.069922221	0.0488885748	0.0752156874	-0.0635129049	0.0017056766	-0.1106992485	0.0638121337	-0.1219360851	-0.0943087336	0.1644206074	-0.0294626313	0.1040681	0.1014366376	0.0432379425	0.0239238072	0.0095767368	0.0688745615	-0.0256652383	-0.1045909678	0.063492307	0.0746520435	-0.1555236517	0.1630941388	0.0885205035	0.0290046028	0.0634993237	-0.0625067571	-0.0309842925	0.0296875161	0.04537127	-0.0494303967	0.0815212148	0.0853813368	-0.1949955065	-0.1239983564	0.0590378677	-0.0103382759	-0.1122589887	0.0449263203	0.1160297038	-0.0789262222	-0.0090100399	-0.0492870119	0.0352914556	0.1489954464	0.0948341572	0.0869606701	-0.1445080801	0.00625125	-0.0577792575	-0.0072825818	0.0962433935	0.068770199	0.0286375605	-0.0167667741	0.0	0.0	-0.1113887026842377	-0.0507943720807873	0.0025800682350814	0.0124074430856775	0.1076090189455101	-0.0284932048189858	0.0008118627208566	0.0115797009584151	-0.1408774481351145	0.0016034054224149	0.0198464553930618	2.5709089486295387e-06	0.0070019598714079	-0.0005951085769734	3.541542183873052e-07	4.9027442040806536e-05	0.0009042522000477	0.0008679801808594	7.533895943648723e-07	8.176720412911057e-07	0.0002113359277394	-0.0001235301719559	1.525970338345422e-08	4.46628743534729e-08	0.0	0.0	0.0	0.0	0.0	0.0	0.0	0.0	0.0	0.0	0.0	0.0	0.0
58.803631867089685	0.0236794487550753	0.0005607162933442	3457.8671207602056	68.39009726610307	0.7325736033558314	4677.205404067038	0.536664084333747	59.33203571956126	-0.0616025615568602	0.0037948755903667	3520.290462627293	60.377627509217206	49.345818010273575	0.918468	31.576786	0.186709339060727	0.0917177256945959	-0.0543389676	-0.0062662519	0.007726214	0.0923883422	-0.035159199	-0.0020128412	0.0594125698	-0.0177375623	-0.0489353635	0.0715797133	0.0155742801	0.0961930941	0.1224314787	0.0172357739	0.1198910943	0.0231729467	-0.1049753098	0.0063100517	-0.0541677675	-0.0770299987	0.0869631484	0.0609257964	0.0030410214	0.061687603	-0.043309501	0.0696944042	0.0826879026	0.1602954748	0.0572458184	-0.0086155198	-0.0758158664	0.1190277561	-0.018477655	0.0200558993	-0.1605254581	0.0633707754	-0.0144070734	0.0369027893	-0.0025797016	-0.1121143011	0.038770468	0.0167473964	0.1016888557	-0.0560364501	0.0471432614	-0.0034705996	0.0405450539	-0.0057188739	-0.0217722805	0.1112737387	0.0342351783	-0.0560544374	-0.0533119772	0.0703135287	0.010518149	0.0446001728	-0.006479968	0.1155721779	-0.0683879885	0.0374576099	-0.222073888	-0.0075242225	0.072724398	0.0022091481	0.0180678364	0.1391783485	-0.1072410013	-0.022019835	-0.0043273281	-0.0632690718	-0.0788703127	-0.0411397482	-0.0186275515	-0.0031884331	0.1068523987	0.0518956186	-0.0905688693	0.0946908908	0.0209293196	0.126736002	-0.0729344732	-0.0610960074	0.0139432712	0.0018718382	0.0187278596	0.1570903319	-0.0177083599	0.0695262566	0.0082931012	0.0122245845	0.0783412296	0.0496991737	0.0066079844	-0.0561063765	-0.082135868	-0.1969660772	-0.0697948004	0.0481579493	-0.0795230957	-0.0449660073	-0.0720108958	0.120510183	-0.0850630078	0.0878358632	-0.0529615133	0.0345990628	-0.0362207091	0.1262859887	0.0278814624	-0.2066057114	-0.0066182703	-0.0858132394	0.0727133404	0.0876582338	0.1101975901	-0.0212926404	0.026496057	-0.0255091603	-0.0058865139	-0.0161853407	0.0420207186	0.03387642	-0.0210691548	0.0344410565	0.0612433379	-0.1497780436	-0.0684320746	0.0387073802	-0.0641404553	-0.1552478899	0.0029294133	0.1002262426	0.0650474871	0.0287552845	-0.1201542482	-0.1216101273	0.0050877515	0.0188480111	0.1547622269	0.0126392411	-0.0493848174	-0.1858751736	-0.0140402241	0.0954444529	0.0658806233	0.0231961626	-0.0241079916	0.0	0.0	-0.0755870684827186	0.0358016342015191	0.0012817570114993	0.0057134049218111	0.0925212486634734	-0.0150877702820367	0.0002276408120835	0.0085601814542482	-0.1738948151145507	-0.0330173669794362	0.0302394067237237	0.0010901465222547	0.0073521747300882	0.0003502148586803	1.2265044724046266e-07	5.40544732617475e-05	-0.0002898453013009	-0.0011940975013486	1.42586884272697e-06	8.401029868620949e-08	0.0007230749196652	0.0005117389919258	2.618767958572341e-07	5.228373394488354e-07	0.0	0.0	0.0	0.0	0.0	0.0	0.0	0.0	0.0	0.0	0.0	0.0	0.0
58.81969370304586	0.0160618359561723	0.0002579825742829	3459.7563673201325	67.55949703101948	-0.8306002350835939	4564.285639084329	0.6898967505209215	59.376321332365954	0.0442856128046926	0.0019612155014871	3525.547534964376	60.26857209019524	49.40429451945884	1.085101	37.30558	0.4612485942682796	0.2543093334323987	-0.0733281562	-0.0067862328	-0.0203418877	-0.1225062027	-0.1986480797	0.0040338965	0.068007665	0.0432927416	-0.0236266701	-0.0750924637	0.0377823995	0.0526640149	-0.071278056	-0.0888281506	-0.0034885443	0.0139104552	-0.0659829918	0.1478322495	-0.0039814332	-0.1243750273	-0.0783575873	-0.0837733334	0.105887531	-0.0252066555	-0.022524486	-0.0398880531	0.0265194071	-0.0524511131	-0.0692415646	0.0154764138	-0.0532409297	0.0047853511	0.0792666633	-0.1455695587	0.0723440607	-0.0831774737	-0.0192254977	0.056671015	0.0591356617	-0.1230420174	-0.0205288268	-0.0436230055	0.0160955407	-0.0047040814	-0.0068148266	0.1910006891	0.053816705	-0.0869752531	-0.1843499627	0.0130990738	-0.0061639643	-0.0125530533	-0.0763427342	-0.056027538	-0.02041012	-0.072480522	-0.0675158546	0.095013897	0.1931668185	0.0824292026	-0.0945148668	-0.041554914	0.0189515731	-0.0604151682	0.0515693699	-0.1180729335	-0.1808896983	0.0776882856	-0.0221701569	-0.0132330178	-0.0146337608	-0.027327825	-0.0918890762	0.0296933301	0.0853396112	0.0393736167	-0.1207034039	-0.0764837802	0.0171138118	-0.059927137	0.0921940225	-0.1777903641	-0.0283911387	-0.007078783	0.0243051121	-0.1305989167	0.0389500046	-0.0987009556	-0.004634526	-0.0134164412	0.1138129195	-0.0192439976	0.1287042042	-0.0104759753	0.0738956834	-0.0174468808	-0.0853086855	-0.0446757495	0.0112528466	-0.0453789799	0.0634553527	0.1720172599	-0.114988669	-0.109209004	-0.1409026412	0.1617648048	0.0981182604	-0.08424225	0.0212479355	-0.0009230463	0.0938943136	0.0680610263	-0.0693961957	0.1018384464	0.0426067039	-0.0683395299	-0.0345361827	0.0130738351	-0.1085983089	0.0289226672	0.0487249807	0.2262213844	-0.0004217223	-0.0838739977	0.0283249207	-0.003980272	-0.0796071343	-0.1516078765	0.2570680053	-0.0771782493	-0.0566870374	-0.0863537207	0.1904879721	-0.0021242894	-0.0734935952	0.1728451221	0.0482239477	0.1701969703	-0.0404013265	0.2137626022	0.3714565111	-0.1408077262	-0.1730948388	0.0946157819	0.0629089685	0.0176897492	-0.0313291043	0.0	0.0	0.0008183072207117	0.0764053757034303	0.0058377814363823	6.696267074689069e-07	0.0191101780190194	-0.073411070644454	0.005389185293165	0.0003651989039186	-0.223010686557906	-0.0491158714433553	0.0497337663190286	0.0024123688276402	0.0033525634440082	-0.00399961128608	1.5996890439738512e-05	1.1239681646100122e-05	-0.0007199219759277	-0.0004300766746268	1.849659460580464e-07	5.182876514236438e-07	0.0015397124884992	0.000816637568834	6.668969188311061e-07	2.3707145472403998e-06	0.0	0.0	0.0	0.0	0.0	0.0	0.0	0.0	0.0	0.0	0.0	0.0	0.0
58.635360427102825	-0.1843332759430325	0.0339787566198901	3438.105492416256	67.23413448988624	-0.3253625411332308	4520.428840604111	0.1058607831726733	59.25061705590439	-0.1257042764615619	0.0158015651207247	3510.6356215054284	60.11964381268411	48.78541407309944	1.017404	34.978168	0.2198548367868012	0.1538684432419827	-0.0629446943	-0.0672314807	-0.0635679344	-0.123476437	-0.1581207328	-0.0245816979	0.0812728162	-0.0403748009	-0.0664714296	-0.0823467172	0.1911257724	0.1020262875	0.0118611603	-0.0797244817	-0.0883150296	0.018105363	-0.0261127636	-0.0732505675	0.1128489093	-0.1302791223	0.0329094249	0.0139854579	0.023467549	-0.167355099	0.2272294936	-0.0599448575	-0.0677335526	0.064646169	-0.0852749548	0.060011761	0.1220391848	-0.0840243132	0.0010160858	0.1840701355	-0.1190730025	0.029255494	0.0158090704	-0.0600045664	0.029187654	-0.0152685781	0.1023148913	0.1667081173	0.086272994	0.0433006529	0.0955976276	0.0542810664	0.0083272256	-0.0072349692	-0.0517789305	0.0562118428	0.1055325359	0.1642493363	0.0661585999	-0.0297235454	-0.0248941101	0.0328288106	0.0101787284	0.0478994617	0.0598878673	0.0054997124	-0.0479738488	-0.0359763455	0.0188355521	0.0902051797	-0.0160203266	0.087948389	0.0246796132	-0.020835396	-0.0607214124	-0.048604647	-0.0224471718	0.0514077272	-0.1014628484	0.0024606712	-0.0016996511	-0.0046111751	-0.040506693	0.049365962	-0.1362797111	-0.1410401893	0.0989666141	-0.1038025413	-0.0201578974	-0.0933022455	0.0557563805	0.0545950371	-0.0405904999	0.1225319845	-0.0030546418	-0.0768801046	-0.2636687603	0.0679913114	0.0426774245	0.1565285484	0.1282891392	-0.0207154949	-0.1047281151	0.0436248681	0.1067784912	-0.0735487393	0.006165505	0.0263095386	0.1158038959	0.0095715873	-0.139679038	-0.1046313649	0.0516793251	0.0535785829	0.0414795636	-0.0512694222	0.0272870456	0.0276191917	0.1764512047	-0.0273422268	0.0621985891	-0.0520788517	-0.0251234397	-0.1317188569	0.0597812555	-0.0202822632	0.031442879	0.2354907318	-0.1179866736	-0.0021309146	0.1278707629	0.0504605136	-0.0424396209	0.0490362162	0.0967758782	0.0328945066	-0.0740583421	-0.0264012268	0.0592570379	0.0815629564	-0.0491033855	-0.007411587	-0.0320322955	-0.3152439286	0.1295348915	-0.0519766899	-0.0948568761	-0.0249962106	-0.0901221516	0.0937576389	0.059858937	0.012133754	-0.038394137	0.0	0.0	-0.0108219676954632	-0.0116402749161748	0.0001354960001241	0.0001171149848016	0.0578724593959094	0.03876228137689	0.0015025144575411	0.0033492215565311	-0.0747373353222897	0.1482733512356163	0.0055856692910763	0.0219849866866404	0.0030650170289465	-0.0002875464150616	8.26829408148354e-08	9.394329387732029e-06	-0.0007208498801019	-9.279041741999888e-07	8.610061564977633e-13	5.196245496429236e-07	0.0014046082225727	-0.0001351042659265	1.825316267153844e-08	1.97292425891884e-06	0.0	0.0	0.0	0.0	0.0	0.0	0.0	0.0	0.0	0.0	0.0	0.0	0.0
58.25046198267257	-0.3848984444302559	0.1481468125248307	3393.1163211947824	68.34812077534556	1.113986285459319	4671.465613521224	1.2409654441914513	59.2330749621626	-0.0175420937417953	0.0003077250528459	3508.5571694731734	60.2486747467094	48.48698895683432	1.042118	35.827839	0.1605646323141042	0.0963134407364397	0.0076165698	-0.1157658278	-0.0567849869	-0.1527164243	-0.062817628	0.0558501967	0.0139371192	-0.150011386	-0.1426199486	0.1820210488	0.1172556729	-0.0756811752	0.0639086006	0.093595163	0.0060521458	-0.0417588436	-0.0249206125	-0.0564181548	0.1600184717	-0.0229462288	0.1141412301	0.0440790145	-0.1279678176	0.0129718918	0.0410804094	-0.062189857	0.1464006201	-0.0509477305	0.0697828624	0.038789975	-0.0448324722	-0.1264557064	0.0289518761	0.0110217406	0.111494249	0.1438145683	-0.0651196218	0.2763079047	-0.0286648073	-0.0630416394	-0.1004926636	0.092294575	0.0613236218	0.0957390176	0.0400070972	-0.0993681326	-0.1272210162	-0.1369330557	0.0112930467	0.0490820425	-0.0033032684	-0.1550915398	-0.0265611833	0.1428589673	-0.0463620376	-0.0404655605	0.0464110375	-0.14652776	0.1293517728	-0.1251308578	0.1592597857	-0.0366409255	0.0457312349	-0.0179718687	-0.0921106283	0.0075446882	-0.0338841015	0.0774871912	0.0085118862	-0.0621424291	-0.0580589631	0.1575344768	-0.0844406719	0.0103826057	0.0275337413	-0.0471819323	0.2636220918	0.1351160012	0.0018403195	-0.0984575019	0.0524221344	0.1325788923	-0.0156887011	0.0335129208	0.1396479953	0.0076114042	-0.141920084	0.0759285164	0.1182141335	0.0889886101	0.0343168973	-0.081946183	-0.0668892648	-0.1668369485	-0.0531811921	0.1438499003	-0.1518383236	0.164115754	0.0622176199	0.0028400884	0.0778179289	0.0619222324	0.0852255017	0.1873606081	-0.0106364137	0.0561165831	0.0148631318	-0.0653483338	0.0143932801	-0.055674942	0.0196170643	0.0426826201	0.0235367125	-0.0405699388	-0.1158797362	-0.0434837553	0.0273257031	0.0939595942	-0.044605885	-0.0224511653	-0.0446376082	0.1698931828	-0.1096356185	-0.0300082197	0.1124333875	0.0391421573	-0.0704381016	0.0881490375	0.0596666122	0.2616325648	-0.029085233	0.0635160451	0.0484062995	0.0101185153	0.0017976055	-0.0522502744	0.0329528641	-0.0719890796	0.0506571229	-0.004306782	-0.2044593585	0.0559171418	-0.1500965729	0.0928702909	0.0567343287	0.0065437496	-0.045267892	0.0	0.0	-0.021720616693841	-0.0108986489983778	0.0001187805499898	0.0004717851895607	0.083941884905144	0.0260694255092346	0.0006796149463815	0.0070462400414284	-0.0739172501542029	0.0008200851680867	0.005463759870359	6.72539682915943e-07	0.0046689983833665	0.0016039813544199	2.5727561853270173e-06	2.179954590387899e-05	-0.0004738125296612	0.0002470373504407	6.102745251276122e-08	2.2449831326394558e-07	0.0020091189704801	0.0006045107479074	3.654332443355644e-07	4.0365590375430176e-06	0.0	0.0	0.0	0.0	0.0	0.0	0.0	0.0	0.0	0.0	0.0	0.0	0.0
58.0413792142616	-0.2090827684109655	0.0437156040463934	3368.8017010937187	67.15146374190826	-1.1966570334373046	4509.31908268082	1.4319880556749702	59.28245215169808	0.0493771895354839	0.0024381068464231	3514.409133118372	60.23330553986152	47.2073837415492	1.032123	35.484207	0.1699333342344619	0.09080459522718	0.0434410521	-0.0674257074	-0.0287949362	-0.1289052399	-0.0513229381	0.0277034484	-0.0460306577	-0.0256289053	-0.0796298347	0.0195573103	0.0524278841	-0.150892416	-0.0971542083	0.0189890206	-0.1514966887	-0.0476460204	-0.0227989008	-0.0042979096	-0.009939129	0.0914978782	0.2187446714	-0.1132997384	0.1340688257	0.0282998054	0.0442990704	0.0411724469	0.0831488918	-0.0857321198	-0.054397001	-0.0946594856	0.0990540456	-0.1034517931	-0.0206029512	-0.0667121353	-0.0046110704	0.126405185	-0.0870786204	-0.0997027248	0.0172562003	0.0097409228	0.0021984188	0.1657278329	0.090761394	-0.0476790269	-0.0445370521	-0.0144033123	0.040398304	0.0647920542	0.0325815233	0.0580674729	0.0461597619	0.0797832593	-0.1387976813	-0.0122124233	-0.0653427636	-0.1359774435	0.0322052486	-0.0564018985	0.0212896568	0.046320443	0.0774862568	0.041655052	-0.0284904943	-0.0648379456	-0.071824853	0.0906000064	-0.0021218275	-0.1619883292	0.0268357951	-0.0029080115	-0.0239607847	0.0270317388	-0.029758969	0.0613195031	0.0460211212	-0.1135861362	0.1646264223	0.217175902	0.0135899979	-0.0240783157	0.0011756553	-0.0203447262	0.075472715	0.0999510555	-0.1182945763	-0.0038062163	-0.1217803951	-0.1215998938	-0.0282605035	-0.0580491314	-0.0910788996	-0.0294950341	0.1012129962	0.0439378591	-0.0932064178	-0.0624874815	-0.0190715903	0.0004080759	0.0368422439	-0.1888757404	0.1147883672	-0.0522856023	0.0075631434	-0.1102024249	-0.0341355543	-0.1081645853	-0.0419549521	-0.0589116351	-0.1047470863	-0.075950695	0.0056401238	0.017480184	0.0649118399	0.0276079439	-0.0163699131	0.0955662876	-0.114160233	-0.0838104736	-0.0641584484	0.0012266831	-0.0561894486	0.1107690964	0.0005577949	0.0267213431	0.0551445204	0.074322448	-0.0467083658	-0.0073803761	-0.0080415996	0.2655555675	0.1743355996	0.0976620026	0.0018353975	-0.1113278959	0.1683494732	-0.1517365227	0.1134050986	0.049688064	0.139926723	-0.1391447448	0.2557162854	0.0324053449	-0.2212089804	0.0919540145	0.0535390365	0.000935404	-0.0519161246	0.0	0.0	-0.0079688014414927	0.0137518152523483	0.0001891124227347	6.350179641393613e-05	0.0782281850041783	-0.0057136999009656	3.2646366558295374e-05	0.0061196489290479	-0.1433999998542958	-0.0694827497000929	0.020563559958212	0.0048278525058857	0.0056943073339481	0.0010253089505816	1.0512584441427429e-06	3.242513601345512e-05	-0.0006250223027799	-0.0001512097731187	2.2864395486608744e-08	3.90652878972289e-07	0.0024523016344009	0.0004431826639207	1.964108735999365e-07	6.013783306085325e-06	0.0	0.0	0.0	0.0	0.0	0.0	0.0	0.0	0.0	0.0	0.0	0.0	0.0
58.15059788817157	0.1092186739099645	0.0119287187306511	3381.492034751824	66.68126394820315	-0.4701997937051061	4446.390961729938	0.2210878460003243	59.16991156203692	-0.1125405896611582	0.0126653843212811	3501.0784342592706	60.11838826115816	45.72805910263951	1.05606	36.307175	0.1564540949745901	0.0806759832383489	0.071097829	0.033134107	-0.0270877155	-0.0727067866	-0.0546659208	-0.110707386	-0.05321385	-0.0551109746	-0.0719954798	-0.1122337844	0.0267087665	0.0044549956	-0.0261848815	-0.0185460071	-0.0658695469	-0.0144625662	0.0433303714	0.0151455024	-0.0166994354	-0.0647453674	0.1502587164	-0.096883886	-0.0161684368	0.0251438455	0.1170528865	0.1367740682	-0.1391183197	0.0465876049	-0.083597185	-0.0303244553	0.0454326658	-0.0622050974	-0.1412885559	0.056706505	0.0895078351	-0.1079716835	0.0881640063	0.0116417374	0.1355842988	-0.1241056613	-0.0973075926	-0.0764933198	0.0725429167	-0.001506709	-0.1000054088	0.0431501319	-0.1253143207	0.0348300481	-0.0278536393	-0.0300899237	-0.007096263	-0.0143364339	0.094184342	0.0012938945	0.0574264204	-0.0355900539	0.0982709078	-0.0646570574	0.0705640119	0.1711375323	-0.059091361	0.1215959004	-0.1397659093	-0.041656351	0.0162978738	0.108958033	0.0497491319	0.0272255104	-0.012162734	-0.1017508317	0.086782166	0.0234916533	-0.0060796649	0.1034552593	-0.1057382057	0.0405231756	0.0084813527	0.1051974314	0.0460855889	-0.1071393651	-0.0543268659	-0.1864864557	-0.0764945557	-0.0517934261	0.0003415601	-0.0576801828	-0.1177098216	0.0135426588	0.0271762478	-0.1631009756	-0.0284763072	0.1164647376	-0.0421464698	0.1097095025	0.0572699604	0.1104630505	0.1882954793	0.0110477517	0.1103109514	0.0242651925	-0.0110907859	0.1260045044	-0.0743132792	0.0359868127	-0.0340762486	-0.0435177024	-0.0149594024	0.0123902985	-0.0247755704	0.0081548054	0.089986431	0.0133100942	-0.0324532611	0.115864676	0.0463234435	0.1587178686	0.203086843	0.1098163549	-0.1055224067	0.0362713712	-0.0763963943	0.1018120809	-0.0266828829	-0.0797852468	-0.0257053814	0.06251878	0.1148698242	-0.0611396953	0.1252307722	0.0924174675	-0.0187581571	0.041094604	-0.0107780631	0.0605469571	0.038310062	-0.0324141539	-0.2572376499	0.0240029175	0.1226672648	-0.1360354434	-0.1405913988	0.1928723005	0.1412129052	0.0910090951	0.0502770413	-0.0046755634	-0.0583057138	0.0	0.0	0.0219791164709306	0.0299479179124233	0.0008968777872892	0.0004830815608427	0.0719084032947279	-0.0063197817094503	3.993964085510379e-05	0.0051708184643972	-0.1336512929616944	0.0097487068926014	0.0178626681103326	9.503728607785416e-05	0.0049254142962718	-0.0007688930376763	5.911965033870883e-07	2.425970598991863e-05	-0.001679025823549	-0.0010540035207691	1.1109234217936588e-06	2.819127716144398e-06	0.0028381588451578	0.0003858572107569	1.4888578709309485e-07	8.055145630347457e-06	0.0	0.0	0.0	0.0	0.0	0.0	0.0	0.0	0.0	0.0	0.0	0.0	0.0
58.270651291117694	0.1200534029461266	0.014412819558945	3395.468801891036	66.74233510463534	0.0610711564321917	4454.53929521944	0.0037296861479652	59.29233901354731	0.12242745151039	0.0149884808833289	3515.581465697425	60.21242124519448	46.46821675329706	1.004354	34.529514	0.1569311071544069	0.078885414558448	0.0431427678	0.0554419847	-0.0537439483	-0.0011735942	-0.0920167704	-0.0604613857	-0.0813296526	0.0162842187	0.0612601275	0.0268497326	0.0701664219	0.0056647871	-0.1068285053	0.1300809665	-0.0690671294	0.0477967642	-0.0123107464	-0.0778998597	-0.0155264381	-0.0187736678	0.0537277056	-0.1175626563	-0.0262211039	-0.023516741	0.0492246023	0.0140215546	-0.1574726631	-0.0291621267	0.108296445	0.1190668812	0.0006704684	0.1489298919	0.2115510257	-0.0125111055	-0.0084589475	-0.0192117581	0.007567015	-0.0003912401	-0.0312497036	0.1053388495	0.0109148452	3.80676e-05	-0.0049871818	-0.0817362373	0.0381139117	-0.0502280351	0.0156973028	-0.1822100867	0.0161339229	-0.0089171584	-0.0783634916	0.1283602133	-0.0439234728	0.0080199903	0.0768212059	-0.0303807857	0.0759754939	0.0169190065	-0.0559820618	0.0418776784	0.1301809669	0.0113016364	0.0341061889	-0.0399118571	0.0452758441	-0.0076764142	0.1322352246	-0.0607913204	-0.0091981536	-0.0045983415	0.052358872	0.0394323385	0.0320668214	0.1552288793	-0.133016981	0.0698217627	-0.1277923543	0.004411292	0.129409535	0.0753450122	0.0635438223	0.0217630606	0.0168824639	-0.0457335504	0.0150296063	-0.1470600434	-0.0471642692	0.0543818119	-0.1917319011	0.0270292516	-0.0445341156	-0.1545549977	-0.045270209	-0.0209469504	0.0045373895	-0.0061633063	-0.1212890328	0.0376423872	0.1567577583	0.0976737664	0.1047057416	-0.0385764337	-0.0036357524	0.0028680373	0.0003069606	-0.0430252433	-0.0159678981	-0.0384201762	0.0065764061	-0.0462565464	-0.0620292275	0.0166977074	-0.0903212698	-0.0428343183	0.0257664474	0.020723261	-0.1197170351	-0.0705498645	0.0021458668	0.0365433637	-0.0331446809	0.1353689955	-0.010683264	-0.0983519321	-0.0153970203	0.0153682133	0.0143259528	-0.1234034737	0.1944975408	0.1387347683	-0.0374123268	-0.0916374637	0.1945954019	0.022461574	0.0464084522	0.1894338799	-0.0451536273	0.0938655513	0.1329061374	0.1626661169	0.0332303904	-0.0433614245	0.4226877621	0.0900358269	0.0469524072	-0.0102734258	-0.0644048267	0.0	0.0	-0.0024011151346456	-0.0243802316055762	0.0005943956931415	5.765353889824157e-06	0.0566753894023861	-0.0152330138923418	0.0002320447122442	0.003212099763912	-0.2003944376022133	-0.0667431446405188	0.0401579306219073	0.0044546473565052	0.0052827517569051	0.0003573374606332	1.276900607718551e-07	2.790746612508392e-05	-0.0020733374500787	-0.0003943116265297	1.5548165881649775e-07	4.298728181898847e-06	0.0030980040983142	0.0002598452531563	6.75195555879135e-08	9.597629393171578e-06	0.0	0.0	0.0	0.0	0.0	0.0	0.0	0.0	0.0	0.0	0.0	0.0	0.0
58.227967585026136	-0.0426837060915588	0.0018218987657105	3390.4962090828544	67.3450415226523	0.6027064180169504	4535.354617687762	0.3632550263188229	59.076098461540376	-0.216240552006937	0.0467599763322648	3489.9854094376133	60.1116712260846	47.23189397257124	1.108667	38.115807	0.2563620361080557	0.1237333445830253	0.013307918	-0.0259275644	0.0201345635	-0.0867935369	-0.0690288517	0.0727135797	0.0449660415	0.0281708502	-0.1052463165	-0.1104160393	0.0154718123	-0.1480262531	-0.1012653278	0.0037911973	0.0635793901	-0.0167850823	0.0897147346	-0.0238809437	-0.0438391082	-0.0901199377	0.0714104015	0.0650122292	0.1278065537	-0.0252517407	-0.0489349574	-0.0635447423	-0.0653581978	-0.1116038895	0.1115706141	0.0198151562	-0.1013862661	0.0863261248	0.0374313116	0.0578668193	-0.090674686	0.0541275657	-0.0886954432	0.0514768777	-0.134049269	-0.0078168355	0.0306997253	-0.0203169798	-0.0794307397	0.2506032923	-0.0488820689	0.0301298766	0.0471246152	-0.1830083002	0.0065140043	-0.1278285295	-0.0223058824	-0.0291987471	-0.0693081626	-0.1272953272	-0.0301615573	0.0406066201	0.2151343814	0.0813014809	-0.0087530452	-0.0372471497	-0.0395586978	0.0174999485	0.0251509047	-0.029765796	-0.13775619	0.0334238614	-0.133416662	-0.0562848078	0.0412498923	0.0369559362	0.0159324119	-0.0683964386	-0.0632572796	0.0474829143	0.1009596642	-0.0922424374	0.0498335813	0.023785429	-0.0251347684	-0.0621385933	-0.1175836536	-0.0332947009	0.2344027337	0.1780115038	0.0980953584	-0.0005748233	0.1205770049	0.1094885881	-0.0159080808	0.0342117098	-0.0569806051	-0.2527590566	-0.0829070879	0.0375660423	0.1131444685	-0.1812974499	0.001878355	-0.042173579	0.0494698758	0.0137152222	0.1101165533	-0.0138702545	0.0692693476	0.0681474468	-0.077516714	-0.1591053274	0.0147758398	-0.0052855409	0.2283779003	0.1005101565	0.0549043864	-0.1506799309	-0.0826424871	0.0412825905	0.0221786792	0.0372178622	0.1258489092	-0.004429333	-0.1084694731	0.0041912111	-0.0194764999	0.0589915747	0.0571638702	0.1059054311	0.1009488368	-0.0423131023	-0.0397263611	-0.0619314742	0.0376681596	0.1017305368	0.1188057808	-0.0824353702	0.0382430795	-0.0952698216	0.108538747	0.0073023849	0.0094591419	-0.2513034523	-0.0998483489	-0.1152445126	0.2157365308	0.0555476087	0.1197155779	0.0890345132	0.0435692762	-0.0158424933	-0.0701830781	0.0	0.0	-0.036500829169725	-0.0340997140350794	0.0011627904972741	0.0013323105300774	0.0986363094004332	0.0419609199980471	0.0017607188070825	0.0097291215321379	-0.2269218178852625	-0.0265273802830492	0.0514935114323522	0.0007037019046815	0.0068589248201245	0.0015761730632194	2.484321525218428e-06	4.704484968811991e-05	-0.0010319602197996	0.0010413772302791	1.0844665357437703e-06	1.0649418952488386e-06	0.0026400739559751	-0.000457930142339	2.0970001526270818e-07	6.969990493018014e-06	0.0	0.0	0.0	0.0	0.0	0.0	0.0	0.0	0.0	0.0	0.0	0.0	0.0
58.26352438116785	0.0355567961417122	0.0012642857518632	3394.6382733149403	66.81115140219103	-0.5338901204612654	4463.729951686492	0.2850386607261445	59.13598739514117	0.0598889336007957	0.0035866843678405	3497.065005198296	60.08057359065166	46.48993782092146	1.174415	40.37619	0.3282872956739506	0.1677533136795461	0.0301416458	0.0347603077	-0.0598644417	-0.1276489092	-0.0456012873	-0.2147283725	-0.0048184079	-0.1641083857	-0.0041676096	-0.1580605497	-0.0678209227	0.0274663466	0.1183461902	0.0095998049	-0.0500905982	-0.0137195868	0.0441250901	-0.0993808476	0.0380376509	0.140751236	0.0164567928	0.1087731423	-0.0515146753	-0.0349691854	-0.0363795787	0.0550578714	-0.1134280737	-0.0512563697	0.1097220053	-0.0223057877	-0.0752091381	-0.0484097393	-0.1304607107	0.1698837965	-0.0733102438	0.1124409808	0.0269781682	-0.04031999	-0.0953897427	-0.0556024525	0.04692791	-0.0181639487	0.0084751833	0.000638552	-0.1875256129	-0.0053179694	-0.04929434	0.1079267137	0.0221635	-0.1321115873	-0.0799934841	-0.0126031862	-0.0035297018	-0.0632267839	-0.1111680109	-0.0755737563	0.0510588138	0.0112804296	0.057773521	0.1634404667	0.0941757956	-0.2135615572	-0.0140768764	0.0761270672	-0.0464409289	0.0495519162	-0.0240040486	0.0146209498	-0.0060996865	-0.2034149771	0.1566936767	0.0179054218	0.0903878934	0.1448829384	-0.1358882047	0.2540822108	0.0675772607	-0.0034244325	-0.0148057044	-0.0101629233	-0.1095702577	0.1251601607	0.2319561538	-0.0458399208	0.0411078217	0.0193705572	0.0500341068	0.0754724617	0.0865376947	-0.0488470983	-0.0020078289	0.1011091853	0.0722210725	0.0990410059	0.0945944639	-0.0142480315	0.0933371123	0.0180745612	0.1318208149	0.0273391715	0.0956467743	0.0982742425	-0.053963029	-0.0470937901	0.0378468722	-0.0414664267	-0.046342896	-0.0144707457	-0.0652421149	0.0431098925	-0.0205813715	-0.1927896969	-0.0599252762	-0.0133252813	-0.0092170533	-0.0971565424	-0.012177222	0.1017615973	0.1119202946	0.0263182799	-0.0498440394	0.1208355065	-0.0244249856	-0.1209993546	0.0062782078	0.0167064663	0.0046505992	-0.1051136443	0.2051321492	-0.0259359556	-0.029785013	0.1201912229	-0.0165739581	0.273574787	-0.1285217465	-0.2164180223	-0.32094488	0.1976635474	-0.0819256086	0.0170992604	0.0589909978	0.0032938269	-0.0188150597	0.0880054659	0.0401318633	-0.0213671566	-0.0756116809	0.0	0.0	0.0153163632433006	0.0518171924130256	0.0026850214295685	0.0002345909830007	0.0407138074515955	-0.0579225019488377	0.0033550162320131	0.0016576141172055	-0.1283804639013652	0.0985413539838973	0.0164815435115297	0.0097103984449797	0.0048428861172124	-0.0020160387029121	4.064412051639504e-06	2.3453545944288597e-05	-0.0011477654506042	-0.0001158052308046	1.3410851481706705e-08	1.3173655296006625e-06	0.002371792943128	-0.0002682810128471	7.19747018542659e-08	5.62540176507178e-06	0.0	0.0	0.0	0.0	0.0	0.0	0.0	0.0	0.0	0.0	0.0	0.0	0.0
58.210033032291086	-0.0534913488767614	0.0028613244046554	3388.4079456204195	67.00061811602679	0.1894667138357562	4489.082827929657	0.0358976356517203	59.18857699024434	0.0525895951031714	0.0027656655131155	3503.287646130082	60.14004281201987	46.49049921755521	1.028501	35.35968	0.0922313134043083	0.046017669992422	0.0344915868	-0.0228553671	-0.0378802684	-0.0713628653	-0.1046019077	-0.0321656622	-0.0311443045	-0.0382374948	-0.0252635483	0.0338797837	0.0473106568	-0.018622247	0.0271911865	0.0405057792	-0.0199236537	-0.0669173986	0.0244379228	-0.0005223119	0.0715548157	0.0643953916	0.0198943625	-0.0800441687	0.0219142368	-0.0808591709	0.09323507	0.0530492984	0.131364341	-0.1195863336	-0.0155380071	-0.0097931027	-0.0531707088	-0.1201443058	0.0669012197	-0.1511053648	-0.0260703219	-0.1143933577	-0.0147515043	0.0209119013	0.1249996107	0.0082007138	0.055255509	-0.0338456782	-0.0063547926	0.0952562298	0.0005205487	0.1088911248	-0.0848795402	-0.0922695926	0.1022300303	0.0092182367	0.020129426	-0.167839152	-0.0215792964	-0.1227938918	0.1157374301	0.0740897836	-0.1037515672	0.0909695251	0.0105854737	0.0179256491	0.0280986618	-0.0678588653	0.0874103228	0.1123440357	-0.0297860171	0.0046351505	0.0319119196	0.1008688709	0.0102283928	-0.0358175007	0.0206073609	0.048667994	0.0088361403	0.0994098161	0.0021400243	-0.0600155419	0.0798156779	0.0722814114	-0.1617148646	-0.0227890485	0.1216090685	0.0311194312	-0.0522655392	0.0156631437	-0.0844120422	0.0030610804	-0.0713669701	-0.0164571806	-0.0760173524	-0.0057854359	0.0347625347	-0.132944714	0.0484740554	0.0853392192	0.0471483615	0.1111798425	0.0476986155	-0.1174611548	-0.0786491011	-0.0171615238	-0.1485666258	0.0499403647	-0.0964712867	-0.0151517736	0.0060773643	0.0985106167	-0.0423340679	-0.0179761231	0.1321199054	0.0087795601	0.0391171078	-0.2977074971	-0.0704983333	0.0478123428	-0.0706090605	-0.03581884	-0.0502039886	-0.0442765257	-0.0448737281	0.013835599	-0.0353287699	0.1396472092	-0.0422884214	-0.0276278036	0.0773277036	0.0108507304	0.0064775795	-0.0315489836	0.0017081425	0.0734503588	0.0108474447	0.1302180334	0.0788993147	-0.0763967989	0.0592534663	0.1180265115	-0.1522102614	-0.1424139801	-0.1425856711	-0.0773005124	-0.06822449	-0.0429655676	0.0260184876	0.0869490055	0.0366444511	-0.0268319309	-0.0806635902	0.0	0.0	-0.0057189260013359	-0.0210352892446365	0.0004424833936055	3.270611460875583e-05	0.0659303346027826	0.025216527151187	0.0006358732415665	0.0043468090208348	-0.1476241298441749	-0.0192436659428096	0.0217928837122498	0.0003703186789184	0.0052789737393282	0.0004360876221158	1.9017241416261334e-07	2.786756374051676e-05	-0.001176063812148	-2.8298361543800055e-05	8.00797266063622e-10	1.3831260902440864e-06	0.0024421235807819	7.033063765390013e-05	4.946398592804194e-09	5.963967583811009e-06	0.0	0.0	0.0	0.0	0.0	0.0	0.0	0.0	0.0	0.0	0.0	0.0	0.0
58.1926339821522	-0.0173990501388843	0.0003027269457354	3386.3826497807354	67.17564699066556	0.1750288746387696	4512.567548614515	0.0306351069573141	59.26626628129279	0.0776892910484505	0.0060356259436108	3512.490318925103	60.25640840025849	46.476765551657046	0.918282	31.570393	0.2426883429122673	0.1185384728836834	0.041471145	-0.0163942913	-0.0080888242	-0.0930056129	-0.0597302863	-0.022689251	-0.0143746192	-0.018329571	-0.0315243854	-0.0494749899	0.0603304823	0.086809274	0.0693574011	-0.0599534105	-0.0082844345	-0.0461215413	-0.0106717753	0.0030535902	0.0543878438	-0.0337343997	0.0169852044	0.0599801306	0.0261206214	-0.023532283	0.0063123715	-0.0411283852	-0.0949594517	-0.0629238302	0.0597798419	-0.0592182458	0.0833627648	-0.0188735155	0.1544895826	-0.0129277195	0.0689309259	-0.0486459691	-0.0057568718	0.157758972	0.0232482852	0.0864985663	-0.0115381623	0.0260450855	-0.0693148373	-0.0268623896	0.0979356515	0.1883782024	-0.0271514384	0.0128440013	-0.0053572581	0.1993687963	0.0765875249	-0.0228356849	-0.0658023133	-0.0015518944	0.0281744044	0.0345921232	0.0130349638	0.1393384653	-0.0473787554	-0.1115482457	0.0716046293	-0.034366334	0.0436826319	-0.0671902371	0.0028614564	0.0907291826	0.3114214501	-0.0363302102	0.0286625996	-0.0864159119	0.0494493312	0.019720081	-0.0357956492	0.0092754959	0.061759407	0.0429254213	-0.0946700788	-0.0149603629	-0.0358923551	-0.1069461083	0.1082371795	0.0109100848	0.0047019983	-0.0674638873	0.1177760517	-0.0271767151	-0.0343591817	-0.0981913363	-0.1047721008	-0.0373205995	-0.0124458839	-0.0659356673	-0.0505070851	-0.1136262995	0.0715629324	0.0806522538	-0.1814476996	-0.1122613219	-0.0417309234	0.1891694243	-0.1059687157	0.0898617384	0.0102018442	0.0523649526	0.0344186417	-0.0752020199	0.0628512523	0.0836930977	-0.0064071912	-0.112793429	0.0056145973	0.068112988	0.1168521067	-0.0985456602	-0.0161297602	-0.24315756	0.0379955202	0.0729727263	0.0219427999	0.024527534	-0.0455759187	0.0717070158	0.0119754182	-0.0891344365	0.0732331163	0.0354337461	0.0010226103	-0.0619201536	0.0618871119	0.0575136996	-0.0213207063	-0.0470005505	0.1454355475	-0.0090997985	-0.0355845174	0.0532204768	-0.0315601534	-0.0814136965	-0.002315332	0.0694289321	-0.141459002	-0.1161357406	-0.0687141026	0.085865461	0.0331113845	-0.032221499	-0.0853136375	0.0	0.0	0.0317060989179225	0.0374250249192584	0.0014006324902071	0.001005276708593	0.1071597070071845	0.0412293724044019	0.0016998611488608	0.0114832028058656	-0.2164356325232219	-0.068811502679047	0.0468443830257271	0.0047350229009484	0.006670824034585	0.0013918502952568	1.9372472444064413e-06	4.44998933003969e-05	-0.0012007432233287	-2.467941118069984e-05	6.090733362260522e-10	1.4417842883697962e-06	0.0029300427325356	0.0004879191517537	2.380650986480503e-07	8.585150414484687e-06	0.0	0.0	0.0	0.0	0.0	0.0	0.0	0.0	0.0	0.0	0.0	0.0	0.0
58.05031859067163	-0.1423153914805723	0.0202536706522685	3369.839488478476	67.18954031457206	0.0138933239065011	4514.434327683503	0.0001930244491709	59.20541468845839	-0.0608515928344033	0.003702916350484	3505.2811284323243	60.245118185011904	46.107988241906966	0.958912	32.967236	0.128900489918728	0.0726761152579179	0.0656799889	-0.0473299509	0.011997364	-0.0678042515	-0.0618527301	0.018147676	-0.0391593805	-0.0364105813	-0.0852994068	-0.0314298863	0.0647066273	-0.046760898	0.0255599502	-0.0157797674	0.0371834468	-0.0916380734	-0.0069393838	0.0358224934	0.0278514711	-0.0293545382	0.0043443196	0.0123769651	0.1447105195	-0.0839788923	0.012187899	0.139658951	0.1417206142	0.0337658526	0.045792687	-0.0193839527	0.1899098862	0.0243987708	-0.0616782228	0.0916719361	0.0179385398	-0.0030855907	0.0205959018	0.0077916386	0.1475049454	0.1632310116	0.0450981356	-0.1639132767	-0.0804590169	0.0474873904	0.051003095	-0.1678227401	-0.0153412944	-0.0857243107	-0.0995437469	0.1025352472	-0.0420341777	-0.0161155462	0.0562654824	-0.0378529408	0.1061420238	0.0994525568	-0.0302725095	-0.0126873069	0.0260239235	0.011647846	0.0197570464	-0.0319039841	-0.0879669797	0.1331617289	-0.203040647	0.0271101037	0.029069863	0.0342707091	0.0793539572	-0.0774761405	0.0189780656	-0.0214464774	-0.019748065	-0.0519328078	0.0566109093	-0.0405911421	-0.044272843	0.0635891906	-0.1354977391	-0.038689676	0.0456013127	-0.1097591759	-0.1119615457	0.0620225804	-0.1235060838	0.0339529648	-0.119251542	-0.0861976919	-0.0252553506	-0.0695037126	-0.1174764664	-0.0748774713	0.0036836104	0.0295699516	0.0535094468	-0.1032687917	0.145655443	0.0436671819	-0.0550098159	0.1069776685	-0.1171960201	-0.1104570496	0.0939115574	0.1703885816	0.0117304144	0.1855587387	-0.1176036222	-0.0616921637	-0.0328981245	-0.0993893609	0.0861507615	0.0655515899	-0.0107561205	-0.0571949024	-0.1699052506	-0.0522543381	-0.0088975116	-0.0295304679	0.0848149732	0.0054726126	-0.0669690422	0.0803105802	0.0052889362	0.0568000427	0.1086112326	-0.0374171541	-0.0580437371	-0.0365134747	-0.0378138727	-0.0065475334	0.0143415603	0.1204826667	0.0966278918	-0.2529949807	0.0912592149	-0.0025839067	-0.0590662408	-0.0316498407	-0.0653430238	-0.0712132395	-0.0642475011	-0.0781358255	0.0010367749	0.0847551701	0.0295370653	-0.037520755	-0.0895386565	0.0	0.0	-0.0315971769429239	-0.0633032758608464	0.0040073047347144	0.0009983815907624	0.1234289138029396	0.0162692067957551	0.000264687089763	0.0152346967625734	-0.1941071882848604	0.0223284442383615	0.0376776005438542	0.0004985594221056	0.0065849158253266	-8.590820925840053e-05	7.3802204179851355e-09	4.33611164266367e-05	-0.0010277911576455	0.0001729520656831	2.9912417024085885e-08	1.0563546637342771e-06	0.0026489117470019	-0.0002811309855337	7.903463102714962e-08	7.016733443404658e-06	0.0	0.0	0.0	0.0	0.0	0.0	0.0	0.0	0.0	0.0	0.0	0.0	0.0
58.18275146991469	0.132432879243062	0.0175384675046074	3385.23256860986	66.86203488771496	-0.3275054268571011	4470.531709326012	0.107259804620852	59.257151737648186	0.0517370491897963	0.0026767222588674	3511.4100320586613	60.171482173856816	45.70419151113512	1.036049	35.619179	0.1147407799569493	0.0608173574054965	0.0601774377	0.0450185933	-0.0114972543	0.0511460644	-0.0024788004	-0.0809974469	-0.0793124462	-0.0354005951	0.0338411538	0.0939687125	-0.0198078151	0.0078522707	-0.013979841	-0.0052501667	-0.0560360873	-0.0015112142	-0.0623993042	-0.056048389	-0.0949323654	-0.1239684937	-0.0239865067	0.1153866365	-0.1340673702	-0.0008609561	-0.0950179354	-0.0411246599	-0.0431769087	-0.0263455234	-0.1017061406	0.0202591149	0.0347572357	0.0171179811	0.0827844427	-0.167727207	-0.0902218613	-0.0150499218	-0.1194276841	-0.0356881552	0.0717410466	0.1055768179	0.1361362648	-0.051263672	0.0069749962	-0.107941501	-0.1200798821	-0.0757920828	0.0869373082	0.0918519828	0.1439440599	-0.157813458	-0.0018998614	-0.109672053	0.0414529954	-0.1147109922	-0.1369348948	0.0167909047	-0.0592590397	0.1508804128	0.1687355465	-0.0549890035	-0.0413689172	-0.014950185	-0.0850870142	-0.0375770107	-0.1041727785	-0.0684927564	-0.069427625	0.0991993201	-0.0276914076	0.0306048865	-0.023984181	0.1420673951	0.0427474886	0.0402906441	0.0692907262	-0.0798700789	-0.0439727034	0.0713038757	0.1360751998	0.0875433982	0.1887439692	-0.0185476743	-0.052395405	-0.0068834617	-0.0020755336	0.0344093311	0.208796134	0.0738480011	0.012627012	0.0667818386	0.0335946938	0.0302384628	0.1085640751	0.0335525116	-0.0263459141	-0.0246210618	-0.0443235663	-0.0740608806	0.0039635651	0.0229106724	0.0478342494	-0.1883733569	-0.0737008314	0.016659857	0.2443682694	0.0395092948	-0.0617428896	0.1011952154	0.0666427525	0.1595851953	0.1300239281	-0.0940371883	0.0419353339	0.0148194473	0.1031108262	0.0295017302	0.0151439336	0.0686518643	0.0307423273	0.0239042867	-0.056651366	0.0583091297	-0.0262016131	-0.0547086876	0.0175297097	-0.0663593041	0.055951027	0.0065553861	0.0133823292	0.075464079	0.0115012227	0.0440239135	0.0223285189	0.0769987487	0.1222599444	0.0071705411	0.0169138452	0.1034340024	-0.0144415333	-0.1129936884	-0.0984113762	0.062308638	-0.065274318	0.0836184785	0.0259259465	-0.0427148457	-0.0933175984	0.0	0.0	0.0102652140224677	0.0418623909653916	0.0017524597773393	0.000105374618927	0.1158926638690331	-0.0075362499339065	5.6795063066305766e-05	0.0134311095386606	-0.1547886505590341	0.0393185377258263	0.0239595263418867	0.0015459474088972	0.0063191633510084	-0.0002657524743181	7.062437760624529e-08	3.993182545672772e-05	-0.0011547399941187	-0.0001269488364731	1.611600708189926e-08	1.3334244540172551e-06	0.002776682462847	0.000127770715845	1.6325355827569268e-08	7.70996549948208e-06	0.0	0.0	0.0	0.0	0.0	0.0	0.0	0.0	0.0	0.0	0.0	0.0	0.0
58.32777429489986	0.145022824985169	0.0210316197666789	3402.129254196781	66.61606587258531	-0.2459690151296456	4437.700232340625	0.0605007564038478	59.27444804215632	0.017296304508136	0.0002991621496381	3513.4601907022893	60.26629413859491	46.71963239093203	0.922336	31.709749	0.1911797375127806	0.11945448472186	0.0262546286	0.0150761337	0.0275660569	0.1111015344	-0.0090407164	0.0356348353	-0.0778646174	0.0955867056	0.1227853736	0.0306417572	0.0762825485	0.061246468	0.0266548835	-0.0249093132	-0.0693398531	-0.0399055788	-0.0090842418	-0.0895828695	0.0386954338	0.0372252518	-0.1112943778	-0.1733376568	-0.0079731347	-0.101620388	0.0271274354	0.0205135701	0.0318967723	-0.0745125897	0.0768241688	-0.0593016908	-0.1503124734	-0.0689519986	-0.0084100515	-0.0317251532	0.036611829	-0.0528362213	0.0129295651	-0.0040968813	0.0993608773	0.0388992563	-0.0716840363	0.0399121568	-0.0628600116	-0.0696196414	-0.0413690247	-0.16760208	0.0369181807	-0.0576571983	-0.0149106697	-0.084389437	0.0104818223	-0.0038677598	0.0547070328	0.1355740117	-0.0562353703	-0.0915146152	0.1278568071	0.0104114215	-0.0508232792	-0.0400532007	-0.0726693654	0.0612428883	-0.0263237075	-0.0543470568	0.0373034529	-0.0387290505	-0.101279271	-0.0334848778	0.021494071	0.1480138338	-0.0425751458	0.0622217773	0.0269095846	0.0168455745	-0.0768995251	-0.0172513863	-0.1128152846	-0.004746948	-0.0407728912	-0.0542306745	-0.0036829238	0.0608146759	-0.0785156043	-0.0210065407	-0.1076271697	-0.0213314864	0.0691294601	-0.0462334429	-0.0582219377	-0.0182269397	0.0989759277	-0.0812875895	-0.0007449515	-0.1043235218	0.0327718229	0.1713504691	0.0666672189	0.0891330874	0.0803389608	-0.1402487691	0.1177157786	-0.0123163862	0.0506079049	0.0257668496	-0.0102754315	0.0299845557	-0.0246551619	-0.0672697188	-0.0335901996	0.0307519332	0.0014414316	0.0669542076	-0.0076924495	0.0455184062	0.0163928971	0.0639682001	0.0960560477	0.0331805075	-0.035024367	-0.0126005954	-0.0208911232	-0.0301035814	-0.01383387	0.0253125225	0.0032996015	-0.0857537459	0.0747380742	0.068491916	-0.0640206379	0.226009382	-0.0095876572	-0.0575319023	0.0564212054	0.0581271835	0.0897251111	-0.1248784909	0.0328205414	0.0548929825	0.0355015619	-0.0955104337	0.0599488967	0.1113538257	0.0228297576	0.0824557403	0.0222825273	-0.0477892128	-0.0966316368	0.0	0.0	-0.0128799983464347	-0.0231452123689024	0.0005357008556015	0.0001658943574041	0.147821984078547	0.0319293202095138	0.0010194814890416	0.0218513389769182	-0.1709843474956685	-0.0161956969366343	0.0292356470885195	0.0002623005992633	0.0084044520782154	0.0020852887272069	4.348429075816585e-06	7.063481473501914e-05	-0.0011992245167071	-4.448452258840009e-05	1.9788727499178774e-09	1.4381394414713775e-06	0.0030450993730062	0.0002684169101592	7.204763765941216e-08	9.272630191482752e-06	0.0	0.0	0.0	0.0	0.0	0.0	0.0	0.0	0.0	0.0	0.0	0.0	0.0
58.41818412693505	0.090409832035192	0.0081739377286316	3412.684236688486	67.4400588678188	0.8239929952334961	4548.161540094866	0.6789644561938684	59.15030613380606	-0.1241419083502606	0.0154112134088445	3498.758715722975	60.15451256420337	47.35262186272064	0.92471	31.791365	0.1034041012087819	0.0486876383044351	-0.0096263814	0.0029959072	0.0308318821	0.1190970295	-0.0150387393	0.0248119956	0.0176598975	0.0686363331	0.0162317682	0.0492756735	-0.0200740745	0.0535949502	-0.0002539703	-0.0197567541	0.0374772084	0.0735412991	0.0681049005	-0.0090373679	0.0830338261	-0.0751404535	-0.1697397572	0.1434460351	0.0579159717	-0.0153558978	-0.0821988289	0.0443152382	0.0454039683	0.0872666397	0.0437425933	0.0759522415	0.0406496074	0.0305287372	-0.0896280279	-0.1126207278	-0.0114338462	-0.097874789	-0.0321329301	0.0040061534	-0.0136554072	-0.132227027	0.0016392546	-0.0304563489	0.0379381218	-0.0959689325	0.1444452596	-0.1318208003	-0.03318841	-0.0352060313	0.0220935135	-0.1029994714	0.0104114019	0.1205289649	-0.2279255567	0.0623751302	0.027853765	-0.0405021009	-0.0299516209	-0.1613083142	0.07948588	0.0915431224	0.1397455294	-0.0731314334	-0.0780020833	0.1214277735	0.0553081469	-0.0383055046	0.050327219	-0.0760836271	-0.0442575973	0.0840264805	-0.0122261893	-0.0084789064	-0.0825234859	-0.2334006188	-0.0014679109	0.0554073765	0.0126112988	-0.0691734992	-0.0742997884	0.1355632263	0.0788731547	0.0291615741	-0.0646243358	0.0034929938	0.0044361893	-0.0382133058	0.1214132006	0.0484777071	0.0701103415	-0.0124032135	0.0092513354	0.106560069	-0.1083566808	-0.1581665734	0.0453512633	-0.0524755958	0.0329107263	-0.015170863	0.1770069021	-0.0757321182	0.0216479541	0.0397277981	-0.0573100039	-0.0022793331	0.0125758313	0.0785559513	-0.0655373362	-0.1011158694	-0.1204915517	-0.0054008943	-0.1153882094	-0.1199120988	0.0212500369	0.1089587931	-0.0517257431	0.0969407402	-0.0421570591	-0.0101340917	0.0415418391	-0.043271551	0.0089736122	-0.048997014	-0.0768657073	0.047026963	0.0765540868	-0.1012202167	0.0070599957	0.0891511177	-0.0458997741	-0.0281069145	-0.1390970268	-0.1630620614	-0.0627051619	-0.0052453997	-0.058029336	-0.1566522439	-0.092988325	-0.0405087671	-0.0686088868	0.0022422364	0.0633377797	0.0589312524	-0.008084489	0.0812673177	0.0186113467	-0.0527296337	-0.0994642612	0.0	0.0	-0.037058692050607	-0.0241786937041723	0.0005846092292401	0.0013733466565017	0.1647673602756043	0.0169453761970573	0.0002871457744597	0.0271482830121907	-0.1483615863008012	0.0226227611948672	0.02201116028969	0.0005117893240799	0.0089792398116982	0.0005747877334828	3.303809385622952e-07	8.062674759598593e-05	-0.0013490556261062	-0.000149831109399	2.2449361343765017e-08	1.819951082328791e-06	0.003113625932378	6.852655937179992e-05	4.69588933933682e-09	9.69466644677677e-06	0.0	0.0	0.0	0.0	0.0	0.0	0.0	0.0	0.0	0.0	0.0	0.0	0.0
58.37121817198445	-0.0469659549506005	0.0022058009244218	3407.199110881408	67.53115222587094	0.0910933580521344	4560.456520953754	0.0082979998812143	59.18686751128674	0.0365613774806803	0.0013367343232847	3503.08528579861	60.24599777545912	47.20610530011265	1.025629	35.260971	0.5499769287825178	0.2897915319620228	-0.0063241203	-0.0257699159	-0.0615460212	0.0052482108	0.0459505278	0.0170370867	0.0191045132	0.0219088476	-0.0337253271	-0.0073804479	-0.0162472557	0.0346359649	0.0719160482	-0.0683705218	0.0959880047	0.0201587041	0.0664475394	0.1421982559	-0.0739448049	-0.0026942757	-0.0399872823	-0.0589508917	0.0618470055	-0.1039590907	-0.0272347418	0.07143545	0.0729750918	0.0827716274	-0.0341503159	-0.0797528938	-0.0765890067	-0.0153377807	-0.0573637691	-0.0307921711	-0.0457031933	0.0535396316	0.0426043628	0.0253797515	-0.1069257284	-0.0348687616	-0.006014483	-0.007693395	-0.1231890776	0.043399632	-0.1214657664	-0.0927631884	0.0120130402	-0.0360665639	0.0268883485	-0.1088542054	-0.2046888753	0.0068731523	-0.0029298452	-0.073800307	0.0946626528	0.0644022693	-0.0779689613	0.0571752624	-0.0282707911	-0.1472345803	0.0096275278	-0.0512484049	0.0675746015	0.0590649538	-0.0982224129	-0.0710649876	0.1836732701	-0.1188585932	0.0221561837	-0.0845003615	0.0644546017	-0.078102001	-0.0006161455	0.026730733	0.0031779324	-0.0958379938	-0.0913310129	-0.0899207005	-0.1230104907	0.1269515987	-0.1464433186	0.0273753906	-0.030325059	-0.0609206111	0.0242737706	-0.0007208935	-0.057917185	-0.0116471837	0.0216838134	0.1250226665	0.0964358252	0.0512284632	0.0329568453	-0.0295779228	-0.0467086124	-0.0231951229	0.1129116798	-0.0292454221	-0.0241240038	-0.0450128389	-0.032667542	0.0230629642	0.0429940885	-0.0004108041	0.0212939174	0.0845102566	-0.0202911356	-0.108045805	0.1105243381	0.0111720317	-0.1485168554	-0.0228046386	-0.1169617099	-0.1591757178	-0.0270569303	-0.1461164616	-0.0588780916	-0.0786915481	0.0443966628	-0.0701067016	0.0051893763	-0.1398897206	0.0639699486	-0.0633617084	-0.0672671821	0.0611448604	0.0353135908	0.0582193501	0.063533783	0.1229302321	0.115217195	-0.0222260652	0.0334166652	0.000915107	-0.1617694197	-0.0785536707	0.080089935	-0.0261344908	-0.0059247868	0.0723918734	-0.1089179045	-0.0113163483	-0.0395877954	0.080053581	0.0149169788	-0.057522261	-0.1018013597	0.0	0.0	0.0362122357127532	0.0732709277633602	0.0053686288553035	0.0013113260153159	0.2077275373448657	0.0429601770692614	0.0018455768138222	0.0431507297713625	-0.2437361215204774	-0.0953745352196762	0.0594072969338449	0.0090963019683692	0.0137592192267682	0.0047799794150699	2.284820320849293e-05	0.0001893161137302	-0.0022290741993613	-0.0008800185732551	7.744326892739423e-07	4.968771786258221e-06	0.0042210537186573	0.0011074277862793	1.2263963018234713e-06	1.781729449579062e-05	0.0	0.0	0.0	1.0	0.0	0.0	0.0	0.0	0.0	0.0	0.0	0.0	0.0
57.99980727609484	-0.3714108958896105	0.1379460535855231	3363.977644064144	67.07032292288261	-0.4608293029883299	4498.4282169797525	0.2123636464927099	59.13745289375516	-0.0494146175315819	0.0024418044257925	3497.2383347611108	60.1807302903426	47.03257341152026	1.054785	36.26334	0.2771009027537019	0.1529866166739884	0.0336052568	-0.109259092	0.1085839144	0.0999801475	0.0913694851	0.0771790961	-0.0749981064	-0.0670907747	0.074865999	0.0200836565	-0.0085284536	-0.1240256632	0.0242755315	0.0054639816	-0.0490794698	-0.0521461129	0.0160032656	0.0324519249	-0.0758044466	0.1097584948	-0.0235935406	0.0568231639	-0.0386939074	0.0710437726	0.0533627476	0.0403479852	0.0298715636	0.0234673063	-0.1722255288	0.1286156168	-0.0187810213	0.0790258466	-0.0146521331	0.03526912	0.1408487127	0.0443676373	0.0363092416	-0.1442504248	-0.0241515235	-0.0714985756	-0.0640078477	0.0144004412	0.0168183245	-0.0843300348	0.04831862	0.0707749025	0.0207400285	-0.0233430918	-0.0671209628	-0.0664222053	-0.0627270499	0.0372222676	0.1127828292	-0.004459462	0.075146119	0.0315483817	0.1658460114	-0.1905580122	0.0126578473	-0.0124018624	-0.0536561239	0.0291555336	0.0242080945	-0.0617791144	-0.0847060431	-0.0938008168	-0.01662262	-0.0551908382	0.0585737436	0.0333048116	-0.0296932546	-0.0225713433	0.1175731019	-0.1175255781	0.0243669878	-0.0463491461	0.1254131263	-0.0768960089	0.0255510311	0.0775765292	-0.098137656	-0.0967991685	-0.0359862775	0.0078055547	-0.0791828957	-0.1267408013	-0.0502181781	0.0025829482	0.1234763736	-0.0144745078	0.017641785	0.1053614362	0.0159643213	0.1061371587	-0.0024198723	0.013042235	-0.0731009209	0.0052036915	0.0325946503	0.0642564984	0.0269901734	-0.0256198054	0.1132422844	0.0307237968	-0.2137413122	-0.0529170207	0.0213475187	0.0727638591	-0.0540820222	-0.0123419297	0.0899150926	0.1732960424	-0.1513334124	-0.0521358842	0.0001144163	0.2000870974	-0.056526439	-0.0244945776	0.0161804609	-0.0472254662	-0.0261527038	-0.1101483708	-0.0315059038	0.0026915028	0.0261590342	0.073310914	0.0197326246	0.0742654753	-0.0599889985	0.0018859259	-0.0307299006	-0.0116251691	0.0501741594	0.0037180746	0.0087300385	-0.0444450268	-0.023065416	0.005113822	0.0281507389	-0.1190267208	0.1173029344	-0.1239722785	0.020396991	0.078814908	0.0112040262	-0.0621536617	-0.1036312889	0.0	0.0	0.0096973962396731	-0.0265148394730801	0.0007030367122832	9.403949382922598e-05	0.1820452600521775	-0.0256822772926882	0.0006595793669385	0.0331404767074649	-0.1455129002703188	0.0982232212501586	0.0211740041450797	0.0096478011927576	0.011711099451298	-0.0020481197754701	4.1947946146721005e-06	0.0001371498503581	-0.0018218164507428	0.0004072577486185	1.658588738098095e-07	3.319015180197093e-06	0.0041428199479905	-7.823377066679994e-05	6.120522872745447e-09	1.716295712146801e-05	0.0	0.0	0.0	0.0	0.0	0.0	0.0	0.0	0.0	0.0	0.0	0.0	0.0
58.06350842465108	0.0637011485562411	0.0040578363273842	3371.371010579527	67.02404635556266	-0.0462765673199498	4492.222789872612	0.0021415206829178	59.16591425846462	0.0284613647094573	0.0008100492811247	3500.605410039987	60.15961095010935	46.412897494604	0.929758	31.964945	0.1405827221262132	0.0845030625459799	0.0477761208	-0.0309823739	0.0646610865	0.1265475342	0.0889982662	0.0540846591	-0.061220972	0.0633882708	0.0036746105	0.0200454316	-0.0706777234	-0.0746746214	-0.0643616553	-0.0765629022	-0.0412420459	-0.0244595966	-0.0058523361	-0.0084510473	-0.0646721224	-0.0327833453	-0.0192829395	-0.0939833187	0.0487799106	0.1581673418	0.004330481	-0.0729879297	0.0374223446	0.041006723	0.1128745171	-0.0524045289	-0.1079744163	-0.0835773701	0.0703377245	0.0958574599	-0.0727308201	0.0639164666	-0.0570071641	-0.0510938543	0.0821235237	0.0710056372	-0.1120766502	-0.0162750852	-0.0160577892	-0.0825976451	-0.0647833288	0.0232872201	-0.0975239284	-0.0213544796	0.0654582589	-0.0669622363	0.1070757441	0.021993081	-0.0050073344	0.0587266651	0.0613912013	-0.034217269	-0.062383313	-0.0007906663	0.0538399095	-0.0645711827	-0.0409977567	-0.0409084319	0.044534984	0.1094904586	0.043141977	0.095100067	0.0410339405	-0.0817702938	0.0232431488	0.0350850875	-0.018129443	0.0181051916	0.0148784735	-0.0970891406	-0.0226303614	-0.0333690356	-0.0239819872	-0.056747143	0.0571016452	0.0294158572	-0.0842724575	-0.037731249	0.0091568666	0.074127231	-0.0427000126	0.1431987898	-0.0274151306	0.0113257916	-0.1189570342	-0.0638238653	0.0571412698	-0.0589313521	-0.0045581067	0.0070237261	-0.1676845137	0.1576340356	-0.0412661776	0.0498130362	0.0014446496	-0.017195552	0.0351064937	0.0058554832	-0.0531217303	0.0458252258	0.0745033666	-0.072893031	-0.0794940799	-0.050093327	0.0304382974	0.0208845868	0.0182422823	-0.0260169756	0.1384502688	-0.015172704	0.0789790856	-0.0512215526	-0.0588636028	-0.0423633452	0.0652324913	-0.0255703017	-0.0592858668	-0.0873061338	-0.0575856148	-0.0224698867	-0.0036524199	0.1321383028	-0.0156421294	0.054904384	-0.0091814221	0.0073688507	-0.038217112	-0.0575074136	-0.1182357976	0.0197293821	0.1083820398	-0.0550726356	-0.040753773	0.0207867933	0.0356981272	-0.0450979972	0.0315836099	-0.0759866265	-0.0265135948	0.0775516848	0.0074771147	-0.0666108546	-0.1049449322	0.0	0.0	0.0362382334081416	0.0265408371684685	0.0007044160376031	0.0013132095605429	0.1655622600110717	-0.0164830000411058	0.000271689290355	0.0274108619399737	-0.1548561439902727	-0.0093432437199539	0.023980425331536	8.729620321045805e-05	0.0102961899281384	-0.0014149095231595	2.0019689587277257e-06	0.0001060115270362	-0.002170236047686	-0.0003484195969431	1.213962155340619e-07	4.70992450267575e-06	0.0041438036518214	9.837038309002191e-07	9.67673226927767e-13	1.7171108704848375e-05	0.0	0.0	0.0	0.0	0.0	0.0	0.0	0.0	0.0	0.0	0.0	0.0	0.0
57.74809508093446	-0.3154133437166209	0.0994855773944992	3334.842485476647	66.64367593511491	-0.3803704204477469	4441.379542144615	0.1446816567515957	59.007073382942046	-0.1588408755225714	0.025230423736777	3481.834709219908	60.06033954471479	45.41971684256352	0.994806	34.201252	0.1795428121895101	0.0978034333127852	0.0864336591	-0.0154116911	-0.0512224589	-0.0065994843	0.1414230032	0.0184451714	-0.0617327669	0.0014859305	-0.0320227291	0.0107718663	0.013247724	-0.1392440702	0.0075307592	-0.0084067132	0.0324025517	-0.1092625671	0.1077674921	-0.0430581819	0.0104947067	0.027171311	-0.0543144542	-0.0294710301	0.0683569825	0.1095699005	-0.0897561888	-0.1046351174	0.0062359346	0.0156481009	-0.0247289604	-0.0430529158	-0.0076604754	-0.0715910166	0.0181650968	0.0336576725	-0.0089001612	0.0216424161	0.0729773192	-0.0500541646	-0.1977741559	-0.1750489704	0.0225792331	-0.0233689451	-0.0125189116	-0.1324153414	-0.0109679829	-0.0250541586	0.065992547	-0.0065978679	0.1005221138	0.0328732925	0.1168162939	0.1657231567	0.153374443	-0.0633085069	0.0693436739	-0.128708208	-0.0355129193	0.0362751051	-0.0024249094	-0.1375670568	-0.0025588266	0.0836566944	-0.084919911	-0.072446858	-0.0202376341	-0.0557004066	-0.0050355431	0.1168475939	0.057780153	0.0354722294	0.0700277146	0.0660832466	0.0612356024	-0.0441518484	-0.0457175886	0.0201231082	0.1070757904	-0.1039875027	-0.0177462832	-0.0434474746	-0.1313478803	-0.0415857361	0.0320171746	0.1136586497	0.0929207791	0.0970454023	-0.0185967569	-0.0050091588	0.0507540138	-0.0333426575	0.0487285172	0.0022861706	0.0550958859	-0.1006958612	-0.0592640724	-0.0431463314	-0.0046817623	-0.1291065928	0.0478284475	-0.0767933548	0.005317609	0.0287177514	-0.091226767	-0.1440610199	0.0777683704	0.0183745952	0.107272998	0.0690906263	-0.0235927553	-0.1226478184	-0.053360695	0.0939695981	0.1015231554	-0.1334440718	0.1573909147	0.0739050307	0.0496078901	-0.1887279351	-0.0645189573	-0.0508842958	-0.0742601842	-0.1264021854	-0.0631328613	0.0097634212	-0.0541874486	0.0955051006	0.1080326769	0.0660676002	0.0456235478	0.2079164177	0.0115920835	-0.0403294838	-0.0934932536	-0.0391957315	-0.0529987901	-0.1089126404	0.0336982212	0.0852497891	-0.0433763318	0.1330357118	-0.0506192658	-0.0419751071	0.0103646666	0.0762643048	0.0037408877	-0.0708813468	-0.1057357452	0.0	0.0	0.0421683366952549	0.0059301032871133	3.516612499583202e-05	0.0017781686196443	0.2007850064726852	0.0352227464616135	0.0012406418682991	0.0403146188242362	-0.1199207729018994	0.0349353710883733	0.0143809917733889	0.0012204801530823	0.011647340464561	0.0013511505364225	1.8256077720750788e-06	0.0001356605398974	-0.001457953150167	0.0007122828975189	5.073469260980621e-07	2.125627388081879e-06	0.0041381452587148	-5.658393106600622e-06	3.2017412548825427e-11	1.7124246182223777e-05	0.0	0.0	0.0	0.0	0.0	0.0	0.0	0.0	0.0	0.0	0.0	0.0	0.0
57.93540108868254	0.1873060077480772	0.0350835405385227	3356.510699306518	66.52455153997364	-0.1191243951412701	4425.51595759461	0.0141906215177734	59.02796792239845	0.0208945394564068	0.0004365817790953	3484.3009970477005	59.97471167869601	45.20824296909749	0.896275	30.813776	0.1091775861696882	0.0694640611966668	0.0823837033	0.0723392526	-0.1027960039	0.0224544024	0.1668298292	-0.1109261303	-0.0809405439	0.0512584627	0.0103398565	0.0534086233	-0.1059325016	-0.0624947829	-0.0961278894	0.0426103501	-0.0526457917	-0.0645302859	0.0831206018	-0.1210488119	0.0295675468	-0.0234486608	-0.0055536673	-0.0218272393	-0.0076896618	0.1254362822	0.0210198955	-0.1994215361	0.03817314	0.1241068637	0.0633722733	-0.1533184841	0.0289972412	0.0687641278	-0.0646477553	-0.1495280531	-0.0328458188	-0.0808023072	0.0028877983	0.1217096738	-0.1788306923	-0.0333335679	-0.0861246007	0.0339645544	-0.0315775077	0.0987414049	0.0878377966	-0.025100136	-0.0024759288	0.0199844824	-0.1345567942	0.1451328982	-0.0254699756	0.0443473436	0.0451329968	0.1254186714	0.0424639134	0.0274821013	0.0749667595	-0.0583493216	0.0791684125	0.1561149809	0.0685502482	0.0722359355	0.1140188794	0.0787026868	0.0039000112	-0.0523726346	-0.0174571187	0.0635323206	0.0026838236	0.0533446936	0.0790833977	0.0772234216	-8.39138e-05	-0.0271926972	-0.0388399624	0.0247030001	0.0787245903	-0.0483675805	0.0862615335	-0.0695511577	-0.0776102081	0.0033251786	0.0326935424	0.0493430186	0.1988992015	0.1660991308	-0.0154171909	-0.0316755075	-0.1287831417	0.1472786286	-0.0555430445	0.0106386439	-0.1174425064	-0.0222063105	-0.0579344741	-0.0829131167	0.0898117683	0.0280308079	-0.1360427655	-0.1180432855	0.0690543792	0.0908295277	-0.0492147981	0.016702143	-0.1005787008	0.1252603572	0.2037038588	0.0361414048	-0.1362862704	-0.1386344148	-0.0014186837	-0.0354459144	-0.0485269348	0.0821804273	-0.0769343103	0.0929295772	-0.0255102812	0.0947839329	-0.0269968232	-0.03864309	-0.0630983327	-0.1115802859	-0.0793929762	-0.0220120134	-0.0955770743	0.037402144	0.1197211699	0.0876630093	0.0738998637	0.0693041754	-0.066797426	-0.027237157	-0.1652988008	-0.0588068143	0.053855276	0.0084961293	-0.1517693731	0.0365983205	-0.0150793817	0.0671874355	0.1125625081	-0.0233523632	0.005098679	0.0749531689	0.0	-0.0749531689	-0.105999788	0.0	0.0	0.0403352849326097	-0.0018330517626452	3.3600787645366973e-06	0.0016269352105948	0.1907008753847492	-0.010084131087936	0.0001016896997986	0.0363668238725096	-0.1135700807567374	0.0063506921451619	0.0128981632430918	4.0331290722622304e-05	0.0105222424469967	-0.0011250980175643	1.2658455491271189e-06	0.0001107175861133	-0.0021452728277302	-0.0006873196775632	4.724083391655813e-07	4.6021955053975285e-06	0.0041439217870662	5.776528351399829e-06	3.336827979452603e-11	1.7172087777321925e-05	0.0	0.0	0.0	0.0	0.0	0.0	0.0	0.0	0.0	0.0	0.0	0.0	0.0
58.15747234294162	0.2220712542590774	0.0493156419681998	3382.2915893200197	66.43965095716484	-0.0849005828087996	4414.227219309895	0.0072081089612738	59.17896339901928	0.1509954766208281	0.022799633959951	3502.149708982464	60.11349167207584	46.00451275960777	0.90888	31.247162	0.3163978133123096	0.1730458776083564	0.0328270422	0.0557606132	-0.1333023197	0.0169311813	0.1735983697	-0.0925394415	-0.0315841365	0.0520835429	-0.0276939782	-0.0266157904	-0.0849696949	-0.0842477411	-0.0142687967	0.0392615637	-0.0138832219	0.0134266741	0.0279211689	0.0522134419	0.0036923522	-0.0353843297	-0.0984862475	-0.0941926018	-0.001004896	-0.0387698332	-0.1081653467	-0.0025162963	0.0342667426	-0.0501413034	0.167498203	0.0697391695	0.0812167807	-0.0480364342	0.1087594615	0.0320827029	0.0371082348	-0.0754570828	0.1004194082	-0.0413581499	0.0067924467	0.0653294443	0.0330285705	-0.0413415497	0.0353774952	-0.0916807878	0.0168145386	0.1124142637	0.0601737725	0.0701307558	-0.0216624825	-0.0511011214	0.0455624999	-0.0790393207	0.0055575034	0.0432654744	0.0125512214	-0.0690486368	-0.1609932945	-0.0399558647	-0.0018846265	-0.0580420504	0.0127332938	-0.0647718348	0.013688054	0.0525713851	-0.1581801484	-0.0954934916	-0.1560213903	-0.0149500898	-0.0220862159	-0.0185700886	0.0844981577	-0.0264485218	-0.0712477642	-0.1582001762	-0.0851519946	0.0511468878	-0.0576243534	-0.0972677069	0.0418727775	-0.0086585281	-0.076417171	0.0492435293	-0.065205607	0.0264578764	-0.0737765264	-0.0659004275	-0.0435028341	-0.1132178994	0.0002619151	-0.0349427251	-0.0552876735	-0.0960405356	0.0678116672	-0.0853665714	0.0637382211	0.0119451235	-0.0370314035	0.0490625173	-0.1202607883	-0.0345219675	-0.0577766183	-0.0520023792	-0.0264794685	-0.1392788553	0.0904976013	0.0516402719	-0.0738917472	0.056714684	0.0237745548	0.1124789554	0.0409334804	0.0286686619	-0.0268547556	0.0639872323	0.0094831986	-0.0247325878	-0.0002150755	0.1226248117	-0.0444939042	-0.0810045234	-0.0306630233	-0.1335993125	-0.0111732932	0.1412193115	-0.0528414114	-0.0295737783	0.0438120258	0.0141079381	0.1059113932	-0.0011971539	0.066883049	-0.051412768	-0.123585537	-0.0564252109	0.0221479494	-0.0145308979	0.0523504435	-0.0381411878	0.06833856	0.0530009901	0.0204843246	0.0058862975	0.0525200266	0.0736186857	-0.0037408877	-0.078814908	-0.1057357452	0.0	0.0	-0.0067645433071703	-0.04709982823978	0.0022183938202167	4.57590461545825e-05	0.2515943612114597	0.0608934858267105	0.0037080166161277	0.0632997225934024	-0.1624931548039114	-0.048923074047174	0.0264040253581279	0.0023934671742252	0.0132534592881047	0.002731216841108	7.4595454331519665e-06	0.0001756541831014	-0.0020119859166758	0.0001332869110544	1.7765400658423574e-08	4.048087328901759e-06	0.0044690465388767	0.0003251247518105	1.057061042398396e-07	1.9972376966645814e-05	0.0	0.0	0.0	0.0	0.0	0.0	0.0	0.0	0.0	0.0	0.0	0.0	0.0
58.36892386457159	0.211451521629975	0.0447117459996318	3406.931273108155	66.77442719189395	0.3347762347291052	4458.824126805546	0.1120751273393969	59.09874424928663	-0.0802191497326489	0.0064351119838291	3492.6615718425896	59.95883122797335	46.9475426466166	0.976565	33.574135	0.1390307770799346	0.0644468276885151	-0.0073895615	0.0492850885	-0.0672330445	0.1936864664	0.0849096404	-0.0991595557	0.0270920697	0.0459055859	0.0766250501	0.059129515	-0.0237752048	0.0202229774	0.0078855656	0.0206624497	0.0895245664	0.0550596985	0.0562073999	-0.008360917	-0.1528836194	-0.0730525219	0.0049063753	0.0062360772	-0.1003898663	-0.1342559038	0.1094934385	0.0763388831	-0.0239595329	-0.0299145292	-0.067720358	0.0963413449	-0.0203264763	-0.1335061754	-0.0575175884	-0.1812140876	-0.0605669678	0.092877499	0.0310163869	-0.0988165493	-0.1003647282	-0.1040123051	0.0544832126	0.0327518993	-0.0140998244	0.0394053151	0.0488491075	0.0087910897	-0.0164083809	0.0236557336	0.0284752882	-0.024227688	0.0942434774	-0.1113561293	0.0324089976	0.1761999378	0.0630980803	0.1362967329	-0.0742705325	0.0223535129	-0.0029995385	-0.0598090027	0.1074195588	0.0521259832	-0.0028651602	-0.0566653433	0.0491781256	-0.1730740834	0.0480981326	0.0049503343	-0.0717853492	0.0279247732	0.0354490202	0.0106722285	0.0847143785	-0.0524930695	-0.030725117	-0.1333861123	-0.0081491453	0.0678460119	0.0117756678	0.0654553692	-0.0685223408	0.0136149877	-0.1253881798	-0.217130097	0.0198254347	-0.105908521	0.0635327926	0.1166081739	0.0719521883	0.019977749	-0.1099818883	-0.0969447791	0.1042315285	-0.0313497197	-0.0750993415	0.0137277145	0.0208855396	0.0211498639	0.0584153811	-0.1101869973	-0.0508216137	0.0673372716	0.1212959372	-0.0517373363	-0.0309001665	0.0737931456	0.0551614172	0.1720473389	-0.062224946	0.0309168109	-0.0520829111	-0.0456704241	-0.0325098034	-0.1025476898	0.0345905488	-0.0732060875	0.0190931257	-0.0069999991	-0.0439533518	-0.0771367343	0.016490425	-0.1386992151	-0.0327790188	-0.0324397024	-0.1298651194	-0.0872408602	0.0030136488	0.0681727818	0.0211326241	0.0411243113	0.0156149525	-0.0259292512	0.0863388741	0.0059479627	-0.0612027818	-0.0428419625	0.0750962026	0.1649917228	0.0467390829	0.0195800135	-0.020499215	0.0001735168	0.0651415327	0.0722612707	-0.0074771147	-0.0824557403	-0.1049449322	0.0	0.0	0.0194643527597833	0.0262288960669536	0.000687954988891	0.0003788610283572	0.2250328030873305	-0.0265615581241292	0.0007055163699814	0.0506397624653412	-0.1629527101484882	-0.0004595553445767	0.0265535857447372	2.111911147290868e-07	0.0141426680615326	0.0008892087734279	7.906922427411514e-07	0.0002000150598986	-0.0023360807623025	-0.0003240948456267	1.0503746896179466e-07	5.45727332799983e-06	0.0039667348070458	-0.0005023117318308	2.523170759349578e-07	1.5734985029428682e-05	0.0	0.0	0.0	0.0	0.0	0.0	0.0	0.0	0.0	0.0	0.0	0.0	0.0
58.57349502491375	0.2045711603421551	0.0418493596437357	3430.8543194335957	67.55144270090587	0.7770155090119175	4563.1974109737685	0.6037531012450492	59.245027590198674	0.1462833409120421	0.0213988158283887	3509.973294163402	60.23536916535932	48.26269443933496	0.956603	32.887856	0.19261394204312	0.1024407877375948	-0.0515156119	-0.0017846308	-0.028670671	0.1159623418	0.0600192818	0.0524454641	0.0462781821	0.0872579156	-0.0132836808	0.0107622206	-0.1075627646	0.0003920745	-0.1186525414	0.0531886732	0.1082012868	0.065123256	-0.0998782665	0.0317235961	-0.1011103092	-0.0056755079	0.0335570388	0.0502228442	-0.0245207429	-0.0243837222	-0.0726489654	-0.0198866366	0.0483036299	0.0097370014	-0.070294396	0.0203662666	0.0348935647	0.1723713182	-0.0209118951	-0.106144136	-0.0136574637	0.0754760387	0.0934107764	-0.0870474917	-0.0515030892	-0.079973948	-0.0937995419	0.0220455254	-0.1129596055	-0.1009720869	-0.0334881252	-0.0175330539	-0.1351676799	-0.0687796026	0.0455460158	0.0757761885	-0.0011069509	0.115084672	-0.0273760643	-0.0311159029	-0.0534489698	0.0538011658	-0.0856409922	-0.023263956	-0.1326196607	-0.0856559129	0.12225872	0.0555280591	-0.0346842316	0.0452764264	-0.1098904121	-0.0198062172	-0.0967493378	-0.0273524278	-0.0228183231	0.0862913595	-0.106523496	-0.0627415201	-0.1166388089	-0.0868667291	0.0888749121	-0.0081857237	-0.0133620553	-0.0530676123	0.1063445628	0.0805118478	-0.1246126252	0.0973386653	-0.0656816534	0.0253079156	-0.0040021846	-0.1287234604	0.01793315	0.014123741	0.0598250933	0.0900858065	0.0212834427	0.0384998728	-0.0127548949	0.0354654519	-0.0929913014	-0.0856722764	0.1184782205	-0.213250802	0.0550992134	0.0058578392	0.030580169	0.0116591067	0.0083544752	-0.086081626	0.0147897451	0.0219827519	-0.1170965121	-0.0483407239	-0.0079953411	-0.0489444533	0.0876908866	-0.0454587598	0.0081354112	-0.115998965	-0.0732860187	0.0216054921	-0.0910094346	0.050228753	-0.0019519682	-0.0842656233	0.0504050947	-0.1402275289	0.0472374811	0.1442140544	-0.0161523163	-0.0789223768	-0.0288293883	0.0529067607	-0.000490004	-0.0600667892	0.0227315744	0.0092081382	-0.00373604	-0.1065430257	-0.0338445143	0.0448069207	-0.0574567326	-0.0305393264	-0.0060390595	-0.016928644	-0.0220198871	0.0169373997	0.1489860571	0.0708813468	-0.0112040262	-0.085865461	-0.1036312889	0.0	0.0	-0.0405269514359929	-0.0599913041957761	0.0035989565791101	0.0016424337926953	0.2303389540308273	0.0053061509434967	2.815523783517188e-05	0.0530560337440155	-0.2322452547411302	-0.069292544592642	0.0539378583497724	0.0048014567361232	0.0132728668944991	-0.0008698011670335	7.565540701728412e-07	0.000176168995599	-0.0023749614609009	-3.8880698598399866e-05	1.511708723499613e-09	5.640441940764537e-06	0.0037149378264536	-0.0002517969805922	6.340171943534885e-08	1.38007630544158e-05	0.0	0.0	0.0	0.0	0.0	0.0	0.0	0.0	0.0	0.0	0.0	0.0	0.0
58.56804074990435	-0.0054542750093986	2.974911587815072e-05	3430.2153972824563	67.26857524675361	-0.2828674541522531	4525.061215728153	0.080013996618577	59.26448808283079	0.0194604926321133	0.0003787107734845	3512.2795477199925	60.22798432832372	48.20256673707549	0.933629	32.097996	0.2004676434051192	0.0900256286148368	-0.0650299803	-0.0217509985	-0.0919228317	0.0212598915	0.1555839558	0.013967257	0.06268269	-0.0019886565	0.0056201018	-0.0128106235	0.0321054715	0.0483563199	-0.1175285154	-0.0330289302	-0.0759284235	0.1283266962	-0.0762452267	-0.1061078106	0.0198815797	-0.0439470254	-0.0188065218	-0.0360434317	-0.1806096047	0.2363268734	0.0119337154	-0.1697073213	0.115057981	-0.0444827665	0.0294839034	-0.0398131979	-0.0694997487	-0.0429869451	-0.1479699742	0.0343767931	0.1222818553	0.0792435743	0.0559668629	-0.0483411733	0.1819318165	0.1073254437	-0.0463729984	0.0120433599	-0.0195857365	0.0609042763	0.0852444152	0.0968078865	0.0737649842	0.0194686017	-0.0646006617	0.0445006969	0.0134428402	-0.0009137111	0.0364986384	-8.33417e-05	0.0237559066	-0.1113084985	-0.0230297959	0.1301723798	-0.0445614853	-0.0005628424	-0.0087095598	-0.0172872869	-0.0564385876	-0.0955713608	0.0375151133	-0.1136324	0.0800988616	0.0186904455	-0.0656913093	0.0633829946	-0.0871385845	0.0743342088	-0.0832109253	-0.0576252458	-0.0988416246	-0.0086151168	0.0702638417	-0.0673003185	0.2532308249	-0.0843993932	0.0822043272	0.01406933	0.022495342	0.062688394	-0.0098820299	0.1473804752	0.0049429183	0.0046140419	0.0242469864	-0.010816025	0.1459417528	0.0086568808	0.0219725773	0.1133752053	0.0470008389	0.1092837172	0.1255233447	0.1946212135	-0.0559002557	0.1170154775	-0.0077144156	-0.0347336325	-0.0036426007	-0.121317705	-0.0781300146	0.0317602894	0.029105306	0.0978311359	0.0025020799	0.0528621232	-0.1080619657	0.0553079957	0.04034885	-0.0263670129	-0.0588930881	-0.1907951421	0.0515071036	-0.0855564619	-0.1151412922	-0.0798028791	0.0587622441	-0.1438620643	-0.0231317191	-0.0247114619	-0.0427527269	-0.0100984452	-0.0934273118	0.0933838041	0.1012111527	0.0001692077	0.0776035266	-0.0900134388	-0.0590811781	0.1152909063	-0.0592329075	0.0181583423	0.0557077259	-0.0243147931	-0.0324308409	0.063352288	0.0235607818	-0.0369227736	0.0632210027	0.0694793439	-0.0149169788	-0.0890345132	-0.1018013597	0.0	0.0	0.0197971482608494	0.0603240996968423	0.0036389970042345	0.000391927079262	0.2365565621725807	0.0062176081417534	3.865865100439817e-05	0.05595900710691	-0.1993420558982066	0.0329031988429235	0.0397372552497237	0.0010826204940969	0.0141415344948338	0.0008686676003347	7.545833998712468e-07	0.0001999829978685	-0.0018399764985725	0.0005349849623284	2.862089099175196e-07	3.385513515299117e-06	0.0043317399982625	0.0006168021718088	3.804449191481753e-07	1.8763971412547203e-05	0.0	0.0	0.0	0.0	0.0	0.0	0.0	0.0	0.0	0.0	0.0	0.0	0.0
58.30622868751042	-0.261812062393929	0.0685455560149626	3399.616303760263	67.35788720667107	0.0893119599174525	4537.084968946621	0.0079766261842966	59.21763287987314	-0.0468552029576443	0.002195410044202	3506.7280438954326	60.13673899138584	47.79547988230592	0.912344	31.366236	0.1660803339611389	0.082273685924091	-0.0398196594	-0.0341363823	-0.0832878285	-0.0643906086	0.1689728236	-0.0325003108	0.0405838763	-0.1045244243	0.0361646002	0.0656500738	0.0264673716	-0.0550463779	-0.0348187198	0.0675141321	0.0149917393	0.0093383256	-0.0534165421	0.0394520799	0.0465111118	-0.0612525203	0.1225939552	0.0235625185	0.0751727908	-0.0143314152	-0.0134251621	0.0642693726	-0.0185309308	0.063260489	-0.0846326542	-0.1064893083	-0.0709593343	0.0100227439	0.0075389853	0.1184253788	0.107132416	0.0775638944	0.1019757128	0.0179125022	0.0251896197	0.1438067577	-0.0768739007	-0.0682685968	-0.0329931198	0.0659129742	-0.0746799055	-0.0279865231	-0.1710234189	-0.061872217	-0.0298725054	0.1443183157	-0.0775642193	0.0142931574	-0.0123347077	-0.0730142382	-0.0381093715	-0.0144783704	0.022346531	0.0563949643	-0.0135640222	0.0030208163	-0.0148711884	0.0381869732	-0.0888526821	0.0246043903	0.0102546136	-0.0561717456	-0.1028541788	0.0611753953	-0.0478660966	-0.0646583151	-0.0004438896	0.0191403683	-0.032585878	0.102793628	0.0310261231	0.044827148	0.0081680822	0.0391598399	-0.009189868	-0.037823518	-0.0749842365	-0.0796852749	0.0127654049	0.0197321507	0.0719829398	0.0274071942	-0.0993836216	-0.0192970435	0.0907938509	0.0439749114	0.0314641736	-0.0705450149	0.0055425692	0.1295235869	-0.0233680553	-0.0311859215	0.0710038565	0.0166802953	-0.033688708	0.1327581863	0.0276754291	-0.0267863569	0.0415477606	0.0814925959	0.0143058672	-0.0014731442	-0.1361929367	-0.1788039682	-0.0894878327	-0.0797524197	0.0666088097	0.0463513778	0.0052915652	-0.0492541353	0.0048129788	0.0458845351	0.1232419627	-0.0905904202	-0.0290680732	-0.0596873521	0.0401930346	-0.081149393	-0.0556911642	-0.0012324256	-0.0542330437	0.0022837695	-0.0784821179	-0.0053243529	0.0121443905	-0.0443681645	0.1344598576	0.0253949238	-0.08973892	0.0704587104	-0.0919917722	0.0025700945	-0.0007513905	0.0452721054	-0.0198425477	0.0383607634	-0.0208879887	-0.1344437798	-0.0428213946	0.0680556987	-0.0186113467	-0.0919540145	-0.0994642612	0.0	0.0	0.0191188919309723	-0.000678256329877	4.600316490183535e-07	0.0003655320286681	0.253132545550784	0.0165759833782033	0.0002747632249544	0.0640760856170197	-0.1566716876330431	0.0426703682651635	0.0245460177057858	0.0018207603278846	0.0129861985525102	-0.0011553359423235	1.3348011396247602e-06	0.0001686413528452	-0.0015010257015322	0.0003389507970403	1.1488764281425469e-07	2.253078156660233e-06	0.0037029122178685	-0.0006288277803939	3.954243773952442e-07	1.3711558893239815e-05	0.0	0.0	0.0	0.0	0.0	0.0	0.0	0.0	0.0	0.0	0.0	0.0	0.0
58.25422780713601	-0.0520008803744076	0.0027040915597134	3393.5550574056983	66.92240145278079	-0.4354857538902763	4478.607816207156	0.1896478418413823	59.221329321523534	0.0036964416503906	1.3663680874742568e-05	3507.165846608343	60.1495454561576	47.07232168154764	0.830813	28.563208	0.2177281349675036	0.1429606390373774	-0.0167204731	-0.006269157	-0.0476920704	-0.0598795164	0.1264465367	-0.0276500636	0.0183411412	-0.0226998041	-0.0212705545	0.004283967	0.0097352437	-0.0648638727	-0.0435165399	0.0446277047	-0.0642906717	0.016069138	-0.0698199807	-0.0792831203	-0.0007602402	0.0856457549	0.0002018042	-0.0545520797	-0.022768071	0.0135830443	0.1236785437	-0.0485823404	0.1037311492	-0.0248041414	0.0230845349	0.1430245204	0.0246518569	0.1997498796	-0.0301624119	-0.0075947065	0.0513937144	0.170369118	-0.0419436238	0.0840788067	0.1022333218	0.0146614583	0.0863220396	0.0194325704	0.0906720797	0.1325687406	-0.1181714175	0.0016558037	0.0533281752	0.1407881687	-0.0936857947	-0.0314003514	0.0350607731	0.1576721033	-0.0310711452	-0.1007769919	0.0598290361	-0.0554051293	-0.0470663146	0.0159269951	0.0090863265	-0.0656119016	-0.0753616248	0.0654601894	-0.0173493092	-0.0725354471	0.0657506781	0.104886673	0.0065831877	-0.0170969409	-0.0280554034	-0.0210381	-0.0292224798	0.0402216235	-0.0472811866	-0.0288710739	-0.106770122	-0.0086445664	0.0158584346	0.0326000803	0.0823328749	-0.0817931292	0.0754205367	0.0587259821	0.1098338608	-0.0377646924	-0.1731893439	-0.0589334877	-0.1243348984	0.1234745544	0.0845039773	0.0335483736	0.0249847027	-0.0255829764	0.0052443307	0.0525986197	-0.0734129236	-0.1000120574	0.0563984309	-0.0179737153	-0.0809794617	-0.0299750627	0.0256651067	-0.0399146015	-0.0523050518	-0.0099284646	-0.0210598828	-0.1292947615	0.0607194376	-8.39801e-05	0.1371164578	-0.1585181033	-0.0555442861	0.2091793379	0.0308313787	0.1713225418	0.1103315769	-0.1524111959	-0.0211671703	0.0953782857	0.0968631261	-0.0061312805	0.0171742862	-0.0069367879	-0.0759829014	0.0033932792	-0.0269209869	-0.0002998416	-0.0194633366	-0.0294265222	0.0131110306	-0.0662463105	0.1867132558	0.034230727	-0.0799852505	0.1244884844	-0.0082569507	0.1023628959	-0.0245928157	0.0294395407	0.0129807424	-0.0585428848	0.0524226626	-0.0965277364	-0.1182160906	0.0666108546	-0.0222825273	-0.0946157819	-0.0966316368	0.0	0.0	0.0371673594076185	0.0180484674766461	0.0003257471782555	0.001381412605335	0.201466499103148	-0.051666046447636	0.0026693803555292	0.0405887502608787	-0.1521712228015417	0.0045004648315014	0.0231560810489164	2.025418369958097e-05	0.0105671536951088	-0.0024190448574014	5.851778022120161e-06	0.000111664737216	-0.0017373556826341	-0.0002363299811019	5.5851859967624413e-08	3.0184047679809995e-06	0.0039178005035996	0.0002148882857311	4.617697534445094e-08	1.5349160786005283e-05	0.0	0.0	0.0	0.0	0.0	0.0	0.0	0.0	0.0	0.0	0.0	0.0	0.0
58.19466907939413	-0.05955872774188	0.0035472420502313	3386.6195092601915	67.20576331748471	0.2833618647039202	4516.614623085773	0.0802939463684827	59.14175499301283	-0.0795743285107022	0.0063320737579291	3497.7471836535583	60.14684819885677	46.90858714773705	0.945454	32.504562	0.2922743195829461	0.179412511430858	-0.0033654227	-8.06802e-05	0.0332954481	0.0154681775	-0.0108965947	-0.0257856067	-0.0251201701	-0.0373090724	-0.0031751505	0.092392237	0.0100472699	-0.032292358	0.060191991	0.0862501157	-0.0512917865	-0.0214359843	-0.0160817234	-0.0449395277	0.0691191881	0.0555348688	-0.1005333766	0.0083035145	-0.1699168102	0.0531650152	-0.0077908378	0.0605219009	0.0728214207	-0.0515299503	-0.1017522317	-0.0918980845	0.0012008662	-0.0820537553	0.0389802913	-0.1302750509	0.0619182882	0.161685894	-0.0091186127	-0.1299879419	0.0529553975	-0.0263393238	-0.009642619	-0.0453802725	0.0828582009	0.1236884293	0.0652191211	0.0548403035	-0.0985121505	-0.1356517926	0.1369833518	0.0710604565	-0.0411150308	0.0192517365	0.1065089231	-0.0857237346	-0.1013942542	0.0241320343	0.081784807	-0.1151963449	0.0403922179	0.1476752983	0.0209543013	-0.1277646782	-0.0188876971	0.0472151594	0.0090549724	-0.0020463357	-0.0426011623	0.0355925216	-0.0036530869	-0.0604901652	0.014057197	0.0739224131	0.0896211582	-0.0730828213	-0.0812662066	0.0277541504	0.0393210081	0.0740139583	-0.0402118914	0.0020438538	0.1218527095	0.0830373508	-0.0144382276	-0.0588794366	0.0898757487	0.0353927493	-0.0744353343	-0.0674680599	0.0625901115	0.0696764543	0.1614566034	-0.0029867446	0.0396548641	0.1750935747	-0.1530012708	0.0525887089	-0.0617475935	0.0734002474	0.2073921474	0.0796505082	-0.0924527967	-0.0958136375	-0.0386372664	-0.0897598272	-0.1529920418	0.0680640594	0.1358921911	-0.1317254365	-0.0224641819	0.147636056	0.0388917776	-0.0466343264	0.061336804	-0.0516201621	-0.0546853163	0.1455070096	-0.0853227765	0.0599808302	-0.0718746429	0.0380516331	0.0043122843	0.1086093902	-0.0806486576	0.0106884141	0.0327737974	0.0361950426	0.0908857747	-0.0285503818	-0.0718606608	-0.0993809672	0.057779654	-0.0985227053	0.0513013367	0.0248454297	0.0356777936	0.1134344196	0.0103313817	0.0222272892	-0.0385144184	-0.3089088486	-0.1052985244	-0.0965654745	0.0159473487	0.0651452616	-0.0259259465	-0.0970123549	-0.0933175984	0.0	0.0	0.0723153871189623	0.0351480277113437	0.0012353838519973	0.0052295152141653	0.1586049334200083	-0.0428615656831397	0.00183711381281	0.0251555249051652	-0.139333867032299	0.0128373557692426	0.0194139265021743	0.0001647977031461	0.0074573270233781	-0.0031098266717306	9.671021928207638e-06	5.561172633360528e-05	-0.0021149158427617	-0.0003775601601276	1.42551674515579e-07	4.472869021964432e-06	0.0044589610801257	0.0005411605765261	2.9285476958606095e-07	1.9882333914075752e-05	0.0	0.0	0.0	0.0	0.0	0.0	0.0	0.0	0.0	0.0	0.0	0.0	0.0
58.25228737968651	0.0576183002923755	0.0033198685285823	3393.328984965584	67.34056280201597	0.134799484531257	4534.751398492256	0.0181709010298926	59.24211190671337	0.1003569137005371	0.010071510127497	3509.62782316755	60.174235741779896	46.717305442485774	0.905977	31.147345	0.1740644337831086	0.0965959749341023	0.0076427299	0.0097617333	0.0596944662	0.0632932571	-0.0712085993	0.0217408692	0.0074608343	0.0279541707	-0.046267559	0.0251975876	-0.0382196073	-0.0149350229	0.0896448577	0.0242455318	0.0439207647	0.0110598247	-0.0009939829	0.0517804894	0.0232282833	-0.0448347453	-0.0460623499	0.1841167861	0.0270032858	-0.0378095098	0.0595138686	-0.045798815	0.0622884169	0.0281639661	-0.139536025	0.0614233454	0.0424560164	-0.032396899	0.079894586	-0.0404790427	-0.1633319181	0.1295913572	0.138943958	-0.0287559041	0.1048364211	-0.0100095584	0.1036287417	0.0054937594	-0.150227809	0.0373953092	0.1552110419	-0.0812008031	0.1291177461	0.0669963693	0.1231411095	-0.15119212	3.1028e-05	-0.0125373595	0.0102615278	-0.0409747246	0.0287896239	-0.0773131323	0.0461448585	-0.0284008098	-0.1444966424	0.0632347151	0.0297897698	0.1189636955	0.1149859796	0.0595490138	0.141922819	0.0486490752	0.0854780586	-0.1402413695	0.0129088929	-0.0091146833	-0.008917929	-0.0421062137	-0.0187789884	-0.1288195843	0.0655952484	0.0469408681	-0.0132895812	0.0025500298	-0.0707400532	0.0195356852	0.0983945988	-0.0106101319	-0.0308153115	-0.113601688	0.0231394031	0.0051218052	0.0251207627	0.0981068949	0.019032155	0.0430846657	-0.0806683905	-0.0254402911	0.1540397989	0.0392657576	-0.0557944123	0.0466289383	0.0829924698	-0.1031212227	-0.0431468914	0.0223712867	-0.0527023078	-0.0881549457	0.1830654732	0.0751602149	0.0184280913	-0.0606691006	0.1203861783	0.1107601036	0.0454839492	0.0399803682	-0.2813419897	-0.0542283	-0.0086929727	0.0703243961	0.1033530988	0.0711778027	-0.0826920803	0.060560377	0.0479374548	0.0268027619	0.0081340323	0.0417697684	-0.0269097543	0.0401336452	0.0340824634	0.0085601859	0.0325139648	-0.0048912856	-0.0728154407	-0.0648297978	-0.0059170843	-0.1212684874	0.0580924993	-0.0678817165	-0.0238304227	0.0145533449	-0.0302797282	0.0179020245	-0.0540481083	-0.141165672	-0.0773657284	0.0070232312	0.0203175461	0.0636593764	-0.0295370653	-0.0991370163	-0.0895386565	0.0	0.0	0.0577035178169325	-0.0146118693020297	0.0002135067244996	0.003329695968449	0.1838142622573713	0.0252093288373629	0.0006355102604303	0.0337876830092216	-0.1896721526552198	-0.0503382856229208	0.035975525492865	0.0025339429994547	0.0089038510987851	0.001446524075407	2.092431900732077e-06	7.927856438933664e-05	-0.0020320411600112	8.287468275049994e-05	6.8682130409960124e-09	4.129191275979664e-06	0.0046076613223841	0.0001487002422583	2.2111762047706805e-08	2.1230542861794395e-05	0.0	0.0	0.0	0.0	0.0	0.0	0.0	0.0	0.0	0.0	0.0	0.0	0.0
58.32301314451066	0.0707257648241537	0.0050021338099614	3401.5738622547638	67.1946482781177	-0.1459145238982699	4515.1207572199455	0.0212910482844588	59.17774656554516	-0.0643653411682052	0.0041428971436994	3502.005688575892	60.13954620659093	46.35611023536401	0.8993529999999998	30.919611	0.0753591266364381	0.0420816399858277	-0.0037588729	0.0714743983	-0.0253554091	-0.0129478108	-0.0407279735	-0.0149837162	0.0315695453	0.064461712	-0.0133395548	0.0871004953	-0.0079963121	0.0303156585	0.0744376986	-0.0593149019	0.0650730812	-0.0017791224	-0.0175285218	0.0171523664	-0.0396409337	-0.0887181199	-0.0528159193	-0.0226724669	0.1191412602	-0.0618773479	0.0396533188	-0.049069002	-0.0268273885	-0.0364966616	-0.075741601	0.0361945682	0.0128499895	-0.1260332037	0.0099982086	0.0022808656	-0.0220629558	-0.0414321637	-0.1051902779	0.0106933214	-0.017508556	-0.0455813778	-0.1121557349	0.161379818	0.0191662605	0.046261976	-0.069300284	0.0399009615	0.0535257933	0.0612638694	-0.0404879429	0.1085219992	-0.0398782978	-0.1068184581	0.0550714581	-0.0295241877	0.0805638329	-0.0040050387	0.0236782954	-0.0247804141	-0.1581851165	0.0317127898	0.0585455965	0.0588009616	-0.1417752105	0.0769165089	-0.1541398877	-0.0370912959	-0.0334285693	0.0258857331	-0.0203498728	0.0032017323	0.0001244647	0.044130587	-0.0250518775	-0.0030406269	0.0702177882	-0.0674487964	-0.0838670664	0.0074456632	-0.0981790054	-0.0318676556	-0.0523665281	-0.0232662999	0.0160132896	-0.0218838818	0.0062060802	-0.0327368645	0.0325445316	0.0187919912	-0.0436669865	-0.0180892471	-0.0478882344	0.034024339	0.0919415813	0.0516819607	-0.0484865606	0.0763895129	-0.1106471481	-0.0422574449	-0.1466185368	-0.0704862506	0.0782389067	0.0790618952	-0.0048855745	0.014546348	0.0537916314	0.0311912449	0.0596284008	0.0099346312	-0.0308849996	0.0513471351	-0.0034685922	0.0628395243	-0.0005632718	0.0566469155	-0.0246457278	-0.0046086954	0.0157871483	-0.0146394916	-0.1649925848	0.021646817	0.0198699593	0.0231137035	-0.0766324076	0.0028425799	-0.0069005691	-0.0470157485	0.0948070122	0.0100044977	-0.0328741017	-0.0324950147	-0.0099372559	-0.0842014149	0.0153731363	-0.0640836421	-0.0473139237	0.089056185	0.0048754639	-0.0392112173	-0.0735325603	0.0183991018	-0.0402956314	-0.0115225579	-0.0423515433	0.0621536617	-0.0331113845	-0.1009838109	-0.0853136375	0.0	0.0	0.057523121413368	-0.0001803964035644	3.2542862419003665e-08	0.003308909497137	0.1900307520858888	0.0062164898285174	3.864474578806149e-05	0.0361116867383285	-0.1576385580985686	0.0320335945566511	0.0248499149993957	0.0010261511802199	0.0093111997479832	0.000407348649198	1.6593292200351666e-07	8.669844074684241e-05	-0.0020829109462654	-5.086978625420003e-05	2.587735153547998e-09	4.338518010072225e-06	0.0043273068408823	-0.0002803544815018	7.859863529814326e-08	1.8725584495146752e-05	0.0	0.0	0.0	0.0	0.0	0.0	0.0	0.0	0.0	0.0	0.0	0.0	0.0
58.426595145308816	0.1035820007981556	0.0107292308893491	3413.667020273824	67.22829624716304	0.0336479690453472	4519.643816296317	0.0011321858208766	59.20780979170232	0.0300632261571536	0.0009037975669761	3505.5647403304006	60.0913643750127	47.18886281912123	0.84567	29.074001	0.1050914644163755	0.0617484638270136	-0.0309492752	0.0736041621	-0.0467117121	-0.0352033536	0.0043198011	-0.0023203082	0.019065223	0.0692766323	0.0179398576	0.0640812422	-0.062736345	0.0355764702	-0.0448008309	0.0534156623	-0.1165448154	0.065036288	-0.0107417938	0.0588894714	-0.0136697347	0.1254002968	0.0698320294	0.0007946887	-0.1008918515	0.0380643533	0.1165760011	-0.0272598134	-0.1571257981	-0.0444663226	0.0454052803	-0.022920205	0.1575904303	0.0888931296	0.0799954927	0.1019744601	0.1169698043	-0.0610015834	0.1045409106	0.0225434759	-0.0098060015	-0.0440415539	0.020092781	-0.0819130227	0.0180510968	0.0060707084	0.1121808632	-0.0685876583	0.0517945405	0.1060996402	0.0202941111	-0.0379444934	0.0650351482	-0.1448035557	0.070160906	-0.0244792882	-0.0269876668	0.0385356284	-0.1258265141	-0.0592970583	-0.1109089293	0.025771815	-0.1095473158	-0.0934660763	0.0761982997	-0.0524543413	0.0283411362	-0.1043716998	-0.0814924672	0.0395399311	-0.0505893168	0.0717246853	-0.0235210208	-0.0026962676	-0.0176860519	0.0333895957	0.0317313909	0.0678251143	0.1116801365	-0.0281290426	0.1243863819	-0.0759543205	-0.0199696662	0.0383381976	0.009808654	-0.0971324744	-0.0117274433	-0.1517767556	-0.0685614048	-0.0423090648	-0.1308657773	-0.0395082679	-0.0674382544	0.1272980483	-0.0469314298	-0.0556809709	0.0862013635	-0.0038792643	-0.0040075203	0.0163372587	-0.0761812755	0.0636193556	-0.1717481696	-0.0965164264	0.0699877605	-0.0424158977	0.1249715849	-0.0187873173	-0.0323639227	-0.0185857148	0.0164857016	-0.0039916967	-0.0171277499	-0.038615083	-0.0590377688	0.0668829874	0.0851229687	0.0700061564	-0.0942949884	0.048921427	0.0552061242	0.0144895912	0.0432681116	0.0098735674	-0.0520746582	0.0215141399	-0.0425928929	-0.037836301	0.0911813774	-0.0069735724	0.0132888705	-0.060077627	0.0191534173	-0.088720692	0.0032479226	-0.0722519665	0.00286583	0.0897768867	0.042951581	-0.0531721258	-0.0411905201	-0.0190976096	0.0661226652	0.0662222177	-0.0534425065	0.0606285865	-0.0366444511	-0.1025475623	-0.0806635902	0.0	0.0	0.0483126781188758	-0.0092104432944922	8.483226568105633e-05	0.0023341148670181	0.1989978501600688	0.00896709807418	8.040884787196271e-05	0.0396001443683291	-0.164335436214067	-0.0066968781154983	0.0270061355956676	4.484817649384111e-05	0.0103090608816481	0.0009978611336648	9.957268420789983e-07	0.0001062767362615	-0.0026812361663814	-0.0005983252201159	3.5799306902685974e-07	7.189027379911626e-06	0.0043354613857455	8.154544863200365e-06	6.649660192594746e-11	1.8796225427290293e-05	0.0	0.0	0.0	0.0	0.0	0.0	0.0	0.0	0.0	0.0	0.0	0.0	0.0
58.57249184999732	0.1458967046885035	0.0212858484389644	3430.7368015180023	66.78389004269383	-0.4444062044692174	4460.08796923462	0.1974968745707358	59.07625911387504	-0.1315506778272777	0.0173055808368162	3490.004390889704	59.98764297968392	47.98635471356695	0.8665399999999999	29.791496	0.082698241151917	0.0370710266842548	-0.0704965407	0.0720057356	-0.0468222384	-0.0592801317	0.0572688925	-0.0392801261	0.0659702611	0.0369282339	-0.0557159292	-0.038163356	0.0087488533	-0.0640097041	-0.0508623637	0.0317759268	-0.0673199427	0.1197124923	0.0584043047	-0.0705421235	0.0699722633	-0.0545014086	-0.0533123268	-0.0661605497	-0.0349539465	0.2061508532	0.0573928278	0.0636181863	-0.0636263961	-0.0192051689	0.1124394992	0.059925808	0.0946946467	0.0307370513	-0.0365105736	0.009815777	-0.1052779968	-0.1478227453	-0.0134838576	-0.0577553627	-0.0623302415	-0.0490372782	-0.2298418326	-0.0748505095	-0.0607159882	0.0830223771	-0.1653063973	0.1457106667	0.027794587	0.1569828006	0.0042482761	0.0188067419	-0.0570161478	0.0532821285	-0.0702927156	-0.0380580999	-0.0196457219	0.168939284	0.0983081334	0.0719592652	0.0073465872	-0.0726969347	0.0063487393	0.0114821364	-0.1257383339	0.0306207301	0.0426707695	-0.0387560529	-0.0676619493	-0.0319657907	-0.085327022	0.0228270562	0.0396998151	-0.0211060813	-0.0955051554	-0.0977949474	-0.1645034833	0.0469237757	0.0495905974	0.0228172494	0.0353127659	-0.0085204945	-0.0725480651	-0.055786388	-0.0238492839	0.0521480248	0.0365181317	0.0162688554	0.0151351332	0.0086034992	-0.1941213322	-0.0422137821	0.0366218989	0.0137526469	-0.0677363137	0.0032444531	0.0638383862	-0.0803615432	0.0485750836	-0.1165515043	-0.09688064	0.038672889	0.0497125161	0.1202888551	-0.1833585047	0.1003679614	-0.0474205536	-0.112541752	-0.0185799424	0.0619776348	-0.0551551881	0.2099204201	0.0869691402	0.0186098358	-0.0644049049	-0.0726283726	0.0100959245	-0.0465597298	0.0417792253	-0.0570847261	0.103884002	0.002789109	0.0639398194	-0.0077504808	-0.0653166402	0.078361213	-0.0113355762	-0.0649934422	0.0142418177	-0.0446359348	0.0216780731	-0.1288044052	0.0105303854	-0.1044651517	-0.1383013687	-0.0212307721	0.0352002903	0.0104545244	-0.0671735947	0.021922942	0.0600811922	0.0858486789	0.0342822288	0.0693066271	-0.0867162467	0.059084626	-0.0401318633	-0.1038238878	-0.0756116809	0.0	0.0	0.0256874331067251	-0.0226252450121507	0.0005119017118598	0.0006598442196124	0.2083340969880396	0.0093362468279707	8.716550483279475e-05	0.0434030959678218	-0.1593780801934414	0.0049573560206255	0.025401372446147	2.457537871523269e-05	0.0104162214241879	0.0001071605425397	1.1483381877424241e-08	0.0001084976687577	-0.0030592581652062	-0.0003780219988247	1.42900631595497e-07	9.359060521380804e-06	0.0039050560612867	-0.0004304053244588	1.8524874332248504e-07	1.5249462841791997e-05	0.0	0.0	0.0	0.0	0.0	0.0	0.0	0.0	0.0	0.0	0.0	0.0	0.0
58.75762875793046	0.1851369079331419	0.0342756746790446	3452.4589372547766	67.0615389541495	0.277648911455671	4497.25000689891	0.077088918032519	59.16071885144439	0.0844597375693538	0.0071334472702841	3499.990655019648	60.06690707376286	48.40163624220498	0.914723	31.448015	0.1245442381493046	0.0739747230239143	-0.0822338659	0.0788001311	-0.0219199044	0.0062963648	0.0526376175	-0.1118716554	0.0750350798	-0.0826253761	0.0632445859	-0.0634073062	-0.1081761723	-0.0442358502	0.1027430287	0.1760757781	-0.0362742871	0.1457939122	0.0186485801	0.0575537921	0.0027192793	-0.0620499145	-0.0687645239	0.1089531057	-0.1570131357	-0.0751796156	-0.0312076707	-0.0279817617	0.028461062	-0.0746019785	0.1097513813	-0.0562619142	-0.0218131831	0.0331209456	0.0247005423	0.0821785411	-0.0325929633	-0.0624225774	0.0280287636	-0.050931003	0.0559555404	0.1261330565	0.1579823963	0.0295712883	-0.0198195333	-0.0039741079	-0.1487351386	-0.0386345269	-0.0779334886	-0.1045725895	0.0012846451	0.0147628503	-0.0980278018	-0.0735368103	0.0325872296	0.1100506163	0.0811697737	-0.0615528134	-0.0950541145	-0.1590075062	0.0101328192	-0.0128809826	-0.1394140659	0.1090383269	0.0167549832	0.0418950709	0.2163105043	0.1743273197	-0.0406398711	0.0452242736	-0.1030384278	-0.1115794828	0.0707046476	-0.1214783557	0.0770839222	-0.042882162	-0.1062805195	0.0751298931	-0.0461942276	-0.01033476	0.1045811452	0.0099852435	0.0873829753	0.1247919527	-0.0359911041	-0.0515543895	-0.05604955	0.0626149999	0.0545307321	0.0327347608	0.0943593165	0.1740672994	-0.0428244345	-0.1437669301	-0.0677670759	0.1018949299	0.0262807102	0.0066442263	-0.016067617	0.0606946563	-0.0825091416	-0.0262158034	0.0156286434	0.0182294549	-0.0017538114	0.0932290434	0.1500759079	0.0452195673	-0.160324841	-0.0673605619	0.0032877082	-0.0191584621	-0.0071723719	0.0331648896	0.0403242842	0.0055580711	0.0023436661	0.1252091707	0.0674733052	-0.0903553881	-0.0386598971	0.0045895755	0.0876086889	-0.0354851841	-0.0073943333	0.0946081752	0.0195354715	-0.0952631813	0.0375596549	0.0664548587	0.021968296	-0.1333302879	0.0082215616	-0.1140771757	0.030206071	-0.0404295754	0.0885830731	0.0457470813	0.062207258	0.0880028243	-0.0262760778	-0.0086700037	-0.1164595695	0.1659182695	-0.0398922355	0.057522261	-0.0435692762	-0.1048092098	-0.0701830781	0.0	0.0	0.0374281040548254	0.0117406709481002	0.0001378433543115	0.0014008629731388	0.21919680837658	0.0108627113885404	0.0001179984987107	0.0480472408024791	-0.2287696935386804	-0.069391613345239	0.0523355726817817	0.0048151960026551	0.0108140983380908	0.0003978769139028	1.5830603861689547e-07	0.0001169447228658	-0.0029069438279447	0.0001523143372614	2.319965733540988e-08	8.450322418825786e-06	0.0040058496594708	0.000100793598184	1.0159349434897712e-08	1.604683149428232e-05	0.0	0.0	0.0	0.0	0.0	0.0	0.0	0.0	0.0	0.0	0.0	0.0	0.0
58.80336225940721	0.0457335014767465	0.0020915531573235	3457.835413011076	67.03271451426167	-0.0288244398878276	4493.384815150507	0.0008308483348469	59.252484860826655	0.0917660093822618	0.0084210004779453	3510.856962182492	60.01552060864226	49.16952502608432	0.981246	33.735065	0.126914440310159	0.0761522460948567	-0.1132444249	0.0419091539	0.0131421934	0.1243112315	-0.0283003559	0.036816175	0.0911739901	0.0878744779	0.0545676657	0.0575643761	0.1194862164	0.0615134632	0.0096826238	0.0120858695	0.0726736109	0.1020080252	-0.0587181397	-0.008266918	0.0812682762	0.0384938297	0.0454691261	-0.1061659077	0.0746058877	-0.0152721699	-0.0211207978	0.0675046965	-0.0418096314	-0.1603739719	-0.010518097	-0.0824583347	-0.1277043668	-0.0327666692	-0.1415799363	-0.0347535308	-0.006159794	0.0723735468	-0.2112540495	-0.0269911074	-0.0768987679	0.0415883042	-0.0292498553	-0.1458203279	0.1171031806	-0.055687498	0.0622637932	0.1040309908	-0.0074818774	0.0290545033	-0.1024849091	-0.0196912742	0.1690572244	-0.0192083064	-0.1014252347	0.0134081851	-0.1024858833	0.1002681678	-0.1162672015	-0.0908885647	-0.0546103092	-0.0766667486	-0.0574574473	0.1104893479	-0.0130270609	-0.0029335653	-0.0483671505	0.0929932035	0.1639435757	-0.1375878468	-0.1170978445	0.0446664258	-0.092645345	-0.0248623173	-0.0184932766	0.0544218659	-0.0578375866	-0.1071907315	0.0642713323	0.0911003936	-0.0969606076	-0.122759918	-0.0367830169	0.0373219728	0.0759009051	0.0420215878	-0.0972066567	0.0904993633	0.1510377713	-0.0530503921	0.0182452399	-0.0790908632	0.0220939366	0.0071356889	-0.0646783957	-0.1675919684	-0.1102160505	0.0624862555	-0.0903305204	0.0319211959	0.0342704375	0.0524315928	-0.1267784481	0.0720142258	-0.0573363636	-0.1263598608	-0.1022600514	-0.0328105999	-0.0643042035	-0.0715734945	-0.017532771	-0.0139770985	0.0473115197	0.0141138008	0.0622678259	0.1095264971	0.0330252934	-0.0389323343	-0.0493685464	0.0446124836	0.1295023306	0.0028050592	0.1257480852	-0.0225066476	-0.0290577966	-0.0517970391	-0.0539202605	-0.0573781604	0.0092398377	0.0208714715	-0.0138504697	-0.0071141774	-0.0274891332	-0.0538970392	0.0369811578	0.00369213	-0.0630969233	-0.0366073287	0.0590102418	0.0774122089	-0.0487185806	0.110422485	-0.0215704425	-0.0016061691	0.029350659	0.0559419782	-0.0469524072	-0.1055007667	-0.0644048267	0.0	0.0	0.0574410543558912	0.0200129503010658	0.0004005181797529	0.0032994747255164	0.2330023357321664	0.0138055273555863	0.0001905925855658	0.0542900884566451	-0.2312254816182672	-0.0024557880795867	0.0534652233495996	6.030895091840603e-06	0.012099411566296	0.0012853132282052	1.652030094599275e-06	0.0001463957602506	-0.0033419643028458	-0.000435020474901	1.8924281358317838e-07	1.1168725401495611e-05	0.0039133798710987	-9.246978837209978e-05	8.550661761580921e-09	1.5314542015520478e-05	0.0	0.0	0.0	0.0	0.0	0.0	0.0	0.0	0.0	0.0	0.0	0.0	0.0
58.873814125803854	0.0704518663966453	0.0049634654787707	3466.125989719701	68.2573421748411	1.2246276605794293	4659.064760773342	1.4997129070562458	59.339761571437656	0.0872767106110004	0.0076172242150763	3521.207303355069	60.277082886575926	49.920414192099685	0.966222	33.218552	0.1329482903133054	0.0637025936159395	-0.1318367469	-0.0283661139	0.0158469445	-0.0316570576	0.0143022029	0.1069510477	0.117864807	0.0301272899	-0.0018793688	0.0599886324	-0.1074117864	0.0023391015	-0.0668603751	-0.0027518608	-0.0580064335	0.1179481255	-0.1440229598	-0.0239020782	0.2342096756	0.0704026725	0.0645853208	-0.0668555825	0.0673347243	-0.0940393345	-0.0432082891	-0.0252014217	-0.0644917563	0.1099467888	0.2119588762	0.0533196979	0.0825290384	0.0463393217	0.0768034522	0.0197614863	0.0408183524	0.0145454956	-0.0156817071	-0.1203361655	-0.1349810153	-0.0153027233	0.0539740097	-0.032946854	0.0794033453	-0.082994395	-0.1590574618	0.0085680606	0.1063873736	-0.0851511452	0.0358648252	-0.0065397967	0.028053642	-0.1260774948	-0.070873152	0.1132865789	-0.010891874	-0.0554766862	-0.1485105151	0.0650632716	-0.0364042044	0.0851364814	0.0202169033	0.1519190486	0.0339849348	-0.0556897196	-0.0233508966	-0.0088842356	-0.0218567364	0.0362479445	-0.0584522142	0.0619358692	-0.1759841358	-0.0467077022	-0.1101346253	0.0668022188	-0.0367538136	0.0978261811	0.0380171466	-0.0871852336	-0.1072760239	0.0334448734	-0.0086961945	0.1127518694	0.0500411133	-0.0556816776	-0.0552681174	0.0107861117	-0.0559179262	-0.1398857886	-0.0098435867	-0.0269138601	-0.0895638211	-0.0804631281	-0.035990319	-0.0852232776	0.035775515	-0.1887158905	-0.137135115	0.0974689704	0.0297886715	-0.0036458177	0.0574709377	-0.0111628577	-0.0312319619	-0.0535972635	0.1066018629	0.0774396495	-0.0667190649	0.1115006503	0.076482992	0.0844848034	0.0618529178	0.0817125005	-0.1715715359	0.0113248232	-0.0007797635	0.0011149869	-0.0410220311	-0.1237772827	-0.0749716715	-0.011428491	0.1388821854	-0.048166471	0.0011671613	0.0163590555	0.0092124779	0.0344315042	-0.0108520357	-0.0170009371	-0.0107591377	0.0322464843	0.009570429	-0.0194211031	0.0008039885	0.01188065	0.0189997551	0.0977765323	0.0456234509	-0.0250273041	-0.0228187188	0.1023206326	0.1669196995	0.0669016906	-0.0370364894	0.0543442699	-0.0502770413	-0.1058966202	-0.0583057138	0.0	0.0	0.0518360238137205	-0.0056050305421706	3.1416367378666305e-05	0.0026869733648165	0.2458190221701244	0.012816686437958	0.0001642674512489	0.0604269916606761	-0.2548884060251239	-0.0236629244068567	0.0649680995260284	0.0005599339914846	0.0124948449240895	0.0003954333577935	1.5636754045584241e-07	0.000156121149677	-0.0042409820579167	-0.0008990177550709	8.08232923932721e-07	1.798592881557137e-05	0.0044362017367607	0.000522821865662	2.733427032142945e-07	1.967988584923865e-05	0.0	0.0	0.0	0.0	0.0	0.0	0.0	0.0	0.0	0.0	0.0	0.0	0.0
58.53710710245735	-0.3367070233465057	0.1133716195708643	3426.5929079245625	67.65230642777144	-0.6050357470696639	4576.834564997084	0.3660682552321463	59.34732750369435	0.0075659322566963	5.724333091291799e-05	3522.105281830756	60.33856347076601	49.34345559618714	0.9594990000000002	32.987427	0.2525369129183853	0.133334222727933	-0.1023533176	-0.0727254553	0.0655838145	-0.1052952433	0.0220612053	0.075136572	0.1071803632	-0.0304158591	-0.0902710554	-0.0212927285	0.1042200133	0.0170773852	0.0466145769	-0.069194373	-0.058609243	-0.0231064065	-0.1456097158	-0.038808355	-0.091143819	-0.0099619232	-0.0388065863	0.0367263466	-0.0278100954	-0.0797883502	-6.73659e-05	0.1082354577	0.0601372529	0.0074023161	0.0163508919	0.1333246737	-0.0708219254	-0.1829180157	-0.0065168108	-0.0090927657	0.141324958	-0.0435807061	0.1483806085	0.1127706148	-0.0950774237	-0.0236205481	0.0112398548	-0.1254578842	-0.0276854154	0.062095052	0.0642831057	-0.0420417997	0.0157653762	0.0910852223	0.0874372156	-0.0176336092	-0.0718421735	0.0484549334	0.013949046	0.1757128297	0.0549614943	-0.0534569267	0.016132962	-0.0837059305	0.1291571663	0.0506912766	0.0410428985	-0.0225126487	0.0688237975	0.089125162	0.0237016723	0.1177603143	-0.0312184392	-0.062324689	0.0170407707	-0.1248690351	-0.1234834992	0.0471721203	0.0238041907	0.010311667	0.0025047468	-0.0034326538	-0.0826023882	0.0312300902	-0.041691295	0.0438155184	-0.0148882961	0.0311747189	-0.0295853167	-0.118093818	0.0568011136	-0.0491932907	-0.0415347802	0.0445472756	0.1580459839	-0.0219055181	0.0003596267	-0.1221942652	-0.0340658391	-0.1093001673	0.0591912092	0.099263712	0.1101210906	-0.0153067282	-0.0928998214	0.0493206295	-0.0542376656	-0.0193964881	-0.0393832686	0.0676267978	-0.0963094164	-0.0859259296	0.1537155686	-0.1023964929	-0.1240209196	0.0429313452	-0.1223384857	-0.0209521149	-0.037263313	-0.0007249854	-0.0788610286	0.0810875173	0.0226913006	-0.0171402824	0.0716532863	0.0269777444	0.087575462	0.0140281067	-0.0908150047	0.0442011033	0.0776932062	0.1545866316	0.0655058979	-0.0372436653	-0.0657026829	0.0065192549	-0.049802348	-0.0301517127	0.0070420214	0.0016971864	-0.0548727812	0.0453332816	0.1457012578	-0.0815734969	-0.005549296	0.1248405399	-0.0080524841	0.1711545868	-0.0165545741	0.0527296337	-0.0535390365	-0.1059956606	-0.0519161246	0.0	0.0	0.0823307901079886	0.0304947662942681	0.000929930771342	0.0067783589998056	0.2471626181936983	0.0013435960235738	1.8052502745635837e-06	0.0610893598323638	-0.1911881678369056	0.0637002381882183	0.0365529155208327	0.0040577203452357	0.0104667068867848	-0.0020281380373047	4.113343898362167e-06	0.0001095519530538	-0.004478881617822	-0.0002378995599052	5.6596200603135346e-08	2.006038054646381e-05	0.0053101303877972	0.0008739286510365	7.63751287102477e-07	2.8197484735407244e-05	0.0	0.0	0.0	0.0	0.0	0.0	0.0	0.0	0.0	0.0	0.0	0.0	0.0
58.160003501238016	-0.377103601219332	0.142207126052589	3382.5860072640185	67.04472402441655	-0.6075824033548827	4494.995019510178	0.3691563768664953	59.23208683192515	-0.1152406717692002	0.0132804124298165	3508.440110464721	60.0459722087162	48.75378365690854	1.082179	37.205135	0.3414327754022952	0.244930998561849	-0.04987182	-0.1117723848	0.0071673141	-0.0450404054	0.1038624923	0.0738084802	0.0318331529	-0.0259336555	0.0202661769	0.1237447177	-0.022646651	-0.1959641457	-0.0391677042	0.0406391602	-0.0504286965	-0.0038804566	-0.100799949	0.068129017	-0.0368339981	0.0447539601	0.1182681054	0.2110993374	0.0240625871	-0.0212398262	0.0265067751	-0.0230916495	0.0314110209	0.023854575	0.0531166096	0.0499190976	0.0772611965	0.0443026546	-0.0082412281	-0.0885948409	-0.0866833651	-0.0334256533	-0.0405407397	-0.0266142928	-0.0161697181	-0.0657496969	-0.1763775922	0.0092138242	-0.1293331274	0.0704906403	0.0402886688	-0.0255280624	0.051413713	-0.0849157347	-0.0281678506	0.0391176589	-0.0228034618	-0.1620312074	0.0668634192	-0.01785247	-0.1034048467	0.0118692273	0.0223928596	-0.0455570618	-0.0080044065	-0.0564873821	-0.0090908622	0.0468192312	0.0419053779	-0.1168651185	0.0410966747	0.150104548	0.0594457106	0.0837011765	-0.0386504156	-0.0246024652	-0.1289019554	-0.0057268993	0.0726773912	-0.0011440492	0.2043141796	0.0163461362	0.2418022524	0.0288119047	0.0363039596	0.0118758641	-0.0088802974	0.0334233422	-0.0652004369	-0.0071117788	0.0069431082	-0.0189111116	0.0130162923	0.0285164546	-0.0709990032	0.0331291015	-0.1660418664	-0.0095531441	0.0523646039	-0.0760752146	-0.0538109404	-0.0699175249	0.0663498558	-0.0433712873	-0.0204161514	0.1047866823	0.1414588659	0.0803044381	-0.0124346927	0.1086821314	0.0912692856	0.1431473316	0.0914805288	0.0052185835	0.1162810679	-0.0080292445	-0.0526861352	-0.0129739565	-0.0275465747	0.0136986535	-0.0392196526	0.0805646537	-0.0204989603	0.1240661022	-0.0475144965	-0.0594132573	0.0602767671	-0.079566641	0.0211531328	0.0589824455	-0.0314896345	0.1287223955	-0.0317861034	-0.0042123739	-0.0506428544	-0.0012977059	0.0040218892	0.1464501434	0.014951812	-0.0970758994	0.0016533186	0.2229370794	-0.0154542633	0.0736452794	-0.0719994609	-0.0036608681	0.048131554	0.0696990461	-0.0503626107	0.0510985726	-0.0567343287	-0.1057976105	-0.045267892	0.0	0.0	0.0631279954954209	-0.0192027946125677	0.0003687473209324	0.0039851438152698	0.2587251424998271	0.0115625243061287	0.0001336919683298	0.0669386993615558	-0.2352280485820443	-0.0440398807451387	0.0553322348397165	0.001939511096046	0.0151010293919348	0.00463432250515	2.1476945081739785e-05	0.000228041088696	-0.0051460253580379	-0.0006671437402159	4.450807701092604e-07	2.6481576985569097e-05	0.0053412156572005	3.108526940329929e-05	9.662939738756947e-10	2.8528584696723765e-05	0.0	0.0	0.0	0.0	0.0	0.0	0.0	0.0	0.0	0.0	0.0	0.0	0.0
58.18611859660896	0.0261150953709403	0.0006819982062333	3385.6243973386427	67.96672434663567	0.9220003222191197	4619.475618411559	0.8500845941721602	59.21419873186091	-0.0178881000642405	0.0003199841239082	3506.321331456318	60.27839408040771	48.20363389962786	1.064659	36.602802	0.2025621649037434	0.111630279191566	-0.0127899481	-0.1015694979	0.1261934217	0.0898394192	0.0291224399	0.1557617694	0.0088416847	-0.0544373642	0.0321315013	0.0975345657	0.0086718063	-0.0708605873	-0.0427253976	0.0194101381	0.0444188354	-0.0418090208	-0.0769575667	-0.0569041316	0.041424095	0.0783590281	-0.2769810473	-0.0433782902	0.0311954234	0.0122546127	-0.0167468443	0.0410907584	0.0157404508	-0.0649891209	-0.0444095741	-0.0407537394	-0.0142012544	0.1556196966	0.1304414946	-0.0401558158	-0.0995744698	0.0346422768	0.0049597605	0.1501845659	0.0129852965	0.0925084723	-0.0226501107	-0.0113531467	-0.1021461146	-0.0407913925	0.0191524306	0.06990559	-0.0178759066	-0.0214000028	0.046474206	-0.0491252832	-0.0436963163	-0.080532151	0.047546238	0.0837971307	-0.0358905914	0.0290447414	0.1056646042	-0.0176792937	-0.0382936634	-0.0236145232	-0.0321881245	0.0326534087	-0.0360544738	-0.1156969907	-0.0746639528	0.0326649633	0.0710215303	0.0194785989	0.0589750018	0.0488313051	-0.1520600658	0.0171444397	0.125148483	-0.1029310642	-0.0955763666	0.0566795056	-0.0993408403	-0.0006940549	-0.1235120142	-0.037417982	0.1562866863	0.0262329764	0.0239259322	0.0872146026	0.0020427823	-0.0489687004	0.0487411831	0.0488024261	-0.1565878148	0.1627567132	0.1327498604	0.0159656133	0.0319050216	-0.0527209283	-0.0460400311	-0.011675556	0.032372814	-0.0116810209	-0.0211439151	0.0601198805	-0.0110975262	-0.0191124648	0.0777067492	0.0715711703	0.0192626561	0.003998029	0.0284496849	-0.0107114073	-0.0108378655	0.0041632112	0.0553056226	0.0077056396	-0.1158694651	-0.1105954188	-0.046673814	0.0855868169	0.1038534938	-0.0196414599	0.0289501432	-0.0270133996	-0.0173344629	-0.0770239274	-0.0082906322	0.0268084145	0.024651645	0.0863697021	-0.0907958668	0.0385893032	-0.1184247785	-0.0326867342	0.0039005195	-0.0173735914	0.0170524084	0.0602269136	-0.040586301	0.0119220425	-0.0280336191	0.010143941	-0.0155147453	-0.0344443943	0.0330817052	-0.0051491245	-0.0120443703	0.0494515946	-0.059858937	-0.105303025	-0.038394137	0.0	0.0	0.0637759435210796	0.0006479480256586	4.19836643954998e-07	0.0040673709720039	0.287376426913724	0.0286512844138969	0.000820896098566	0.0825852107456989	-0.2355640255213771	-0.0003359769393327	0.055490410119836	1.1288050376343181e-07	0.0139737062525648	-0.00112732313937	1.270857460559035e-06	0.0001952644664329	-0.003474990259346	0.0016710350986919	2.792358301060248e-06	1.207555730254958e-05	0.0046810347847653	-0.0006601808724351	4.35838784329301e-07	2.191208665618272e-05	0.0	0.0	0.0	0.0	0.0	0.0	0.0	0.0	0.0	0.0	0.0	0.0	0.0
58.044946286966	-0.141172309642954	0.019929621009926	3369.215789456768	66.86729484770943	-1.0994294989262414	4471.235120250508	1.2087452231092062	59.07489045728155	-0.1393082745793634	0.0194067953662793	3489.842682539814	60.05624296348817	47.11520235956575	1.001025	34.415089	0.1231437437174789	0.0785243658866851	0.0359966291	-0.0334122022	0.0639324169	0.1056523059	0.0275531302	0.1043311237	-0.0699549194	0.0607363536	0.0521976352	0.0430943567	0.0357276701	-0.0096347753	0.0353620709	-0.0208618544	-0.036433985	-0.0368258032	0.0481179085	0.0317304798	-0.0676106763	0.0382848506	0.0700765481	-0.1109001696	-0.146375375	0.1881632665	0.040633319	0.0084859245	-0.0031780402	0.0165268636	-0.0258458966	0.022889548	0.0002947453	-0.0371943542	-0.0069967425	0.0415755475	-0.0855873596	-0.0778704185	-0.0477452539	-0.0149929684	0.0291513436	-0.1100158106	0.1021116088	-0.0771700213	0.0617777795	-0.0480338114	0.1078218546	-0.0810016495	-0.0139176705	-0.0397577303	0.0755893749	-0.093220253	-0.0315590276	-0.0124235032	-0.1413970456	-0.0836662198	-0.0335071955	0.1027672412	0.0752400872	0.0629830217	0.0546915174	-0.0953476192	0.0162946311	-0.08840091	0.1179204941	-0.0260717804	-0.0457492214	-0.0539134076	-0.0429210352	0.0117034339	0.0634062367	0.0859820329	-0.0325287475	-0.0246195575	0.1164914364	0.0078214744	-0.0338023397	-0.1401157576	0.1136946938	0.0350331967	0.1050875038	0.0541221101	-0.0964723976	-0.1018047178	-0.1192038338	0.0118217165	0.1100036618	0.0641587923	-0.0070732087	0.0263138578	-0.114687355	-0.0823744477	0.1349797606	0.0933943918	-0.0124979405	0.0259512901	0.1488784243	-0.0504957662	-0.1547814466	0.0526525085	0.1014197694	-0.0513117506	-0.059651981	-0.0565001939	-0.0028721647	0.0829938616	0.0662243539	-0.0465539165	-0.0329565026	0.0207044376	0.0814101767	0.0317311724	-0.0474736338	-0.0215242267	-0.0149437194	-0.051878904	-0.0016251351	-0.0744939449	-0.0596103211	0.0359699842	0.0190162222	-0.004612337	-0.0362840233	-0.0566613771	0.0524034427	-0.0036540265	-0.0480028783	-0.0081958697	0.0049199037	0.1703157233	-0.0210283931	-0.1263814174	0.0224439894	0.0783595199	0.1312586686	-0.00019089	0.1073293017	0.0264241276	-0.0350936164	0.112536397	0.0600268153	-0.0506959528	-0.0568882152	0.0167858252	0.0185956245	0.0477892128	-0.0629089685	-0.1045132902	-0.0313291043	0.0	0.0	0.0638403816656136	6.443814453399588e-05	4.152274470984143e-09	0.0040755943312112	0.2499442221529619	-0.0374322047607621	0.0014011699532516	0.0624721141876491	-0.3031347590304349	-0.0675707335090578	0.0918906821324398	0.0045658040269521	0.0139183526660311	-5.5353586533699387e-05	3.064019542143746e-09	0.000193720540936	-0.0033851098284558	8.98804308901999e-05	8.078491857008002e-09	1.1458968550708056e-05	0.0048973281134039	0.0002162933286386	4.678280401356544e-08	2.398382265033621e-05	0.0	0.0	0.0	0.0	0.0	0.0	0.0	0.0	0.0	0.0	0.0	0.0	0.0
58.14132906580975	0.096382778843747	0.0092896400576426	3380.414145538773	65.79207610060729	-1.0752187471021415	4328.5972776281005	1.1560953541198988	58.870996276012846	-0.2038941812687014	0.041572837155234	3465.794202530318	59.91895211311599	46.80192428780978	1.00636	34.598503	0.4261798996662663	0.2351044010858281	0.0225922912	0.0059108995	0.0626691192	0.1193727677	-0.1411523258	0.1237237445	-0.1079511491	0.0809870142	0.1658257353	-0.1516969361	0.1255557151	0.150119168	-0.099761194	0.0879049215	0.0994138331	-0.0535192032	0.1800830253	0.0766375892	-0.0632768271	0.0635643258	0.1030121566	-0.1717828597	-0.020109695	0.0137478336	-0.1629577592	-0.0623285262	0.0500743543	0.0894662019	-0.1278579243	-0.0060488069	0.1553821004	0.0597204942	-0.0693675311	-0.0669819167	-0.0361343623	-0.0481881998	0.0723114396	0.1548855991	0.0070576227	0.0648069797	-0.032747209	-0.0920889828	0.1042189014	0.0458351866	0.1052571063	-0.0592396292	-0.0130324799	0.0241939815	-0.0104645709	0.0005863091	0.0790786449	-0.0905392689	-0.1040130917	0.0546609168	-0.0180526052	0.0471545867	0.0477112738	0.2110775601	0.0267493203	0.0256269456	-0.0756592588	-0.0128780759	0.0444159945	0.0120719224	0.019939007	0.0547644815	-0.0303604559	-0.0878847467	0.1007053905	0.223761111	0.0707141648	-0.1244415618	0.0481852683	0.1808547066	0.0311889539	-0.0684017644	-0.0770368737	-0.0129257061	0.0542644394	0.0604290707	0.0600457646	0.0047438919	-0.0992107593	0.1301343341	0.1598319764	-0.0823744207	-0.1209863313	-0.1407452755	0.0151499453	-0.0169811276	0.0478831086	0.121749588	0.0485260188	-0.145414831	-0.0457892578	-0.0149562577	0.0845532314	0.0495808213	0.0145099048	-0.0015268552	-0.0702121422	-0.0311382797	-0.0557700501	0.1121587977	-0.0307246373	-0.0894208942	0.0623225448	0.0638178171	-0.0279071509	-0.0869094676	-0.0087431526	-0.2034843746	-0.028517397	0.0682768832	-0.0486565284	-0.1093202114	0.0284688801	-0.0495537433	-0.0164102486	0.0473914984	-0.004110096	0.0207376063	0.2587212946	-0.1366489839	-0.1353308308	-0.0301816667	-0.1312094994	-0.0021474267	-0.0682266463	0.0619770001	-0.0966697966	-0.0008766346	0.0252315379	0.0777660831	0.0761990629	0.0717508124	0.0768941618	0.0635451762	0.048063286	0.0567667351	0.0397589064	0.0531200646	0.057866744	0.046111945	-0.0658806233	-0.1034306197	-0.0241079916	0.0	0.0	0.0661204044940859	0.0022800228284723	5.198504098354879e-06	0.0043719078904615	0.1758267030139535	-0.0741175191390083	0.0054934066433212	0.030915029492757	-0.4771228775969405	-0.1739881185665056	0.227646240326385	0.0302718654023124	0.0123826344100094	-0.0015357182560217	2.3584305618783333e-06	0.0001533296349319	-0.0050992815918833	-0.0017141717634275	2.938384834532145e-06	2.6002672753319883e-05	0.0051633228766003	0.0002659947631963	7.075321404790872e-08	2.6659903128023995e-05	0.0	0.0	0.0	0.0	0.0	0.0	0.0	0.0	0.0	0.0	0.0	0.0	0.0
58.34829625891579	0.2069671931060384	0.0428354190221921	3404.523676318206	67.62791177540889	1.8358356748016007	4573.534451102489	3.3702926248742484	59.1973375730297	0.3263412970168531	0.1064986421386419	3504.3247757352337	60.38124082818408	48.03531487429976	1.016282	34.939625	0.1749875682167923	0.0895857024600602	-0.0005760161	-0.090486821	0.1254574152	0.0590627401	-0.1823435814	0.2152072068	-0.0160016644	0.0686826957	-0.0878045593	-0.1897930516	-0.1790014727	0.0841657882	-0.0659211722	0.078616923	0.1185182152	-0.0899902627	0.0516898383	0.1618819566	0.0354930059	0.126471354	0.1129045984	0.0372135533	0.0863834492	0.0433330156	-0.0071576334	0.0845271687	-0.018083214	-0.0066100124	-0.0103121295	-0.0104802264	-0.1710610541	0.1780180564	-0.0127735533	0.0961145856	-0.054511746	-0.0414062674	-0.0644518532	-0.0220098479	0.0918105036	0.0812588679	0.0118774374	-0.0009768863	-0.1346826213	0.102475122	0.138307476	0.1265055278	-0.0464037945	0.0513675674	-0.0363671548	0.0080641274	0.1170388115	0.0823944719	-0.0031405665	0.0633656422	0.0087840303	-0.1665608214	-0.0648480019	0.0051407509	0.0069340502	0.038805675	0.0913243419	-0.1303054897	0.0016569911	-0.1120086525	0.0858657076	-0.0902054498	-0.0437044652	0.0337898787	0.1960116843	0.0898575462	-0.0204939555	-0.3012647946	-0.0437741927	0.0634912507	0.0913573124	0.0883744635	-0.0078448397	0.0095270261	-0.0278471571	0.0105294975	0.0191718065	0.0687094079	0.0154068297	0.1126277446	-0.1610656953	-0.0035765438	-0.0317444225	0.1052517423	-0.0780603316	-0.0903433078	0.0536667795	-0.0232114087	-0.149314982	0.0928174742	-0.0644917961	0.0463932299	0.0369232968	-0.0411208816	0.0594889275	0.1710159444	-0.0021327116	0.0382826038	0.0512576637	-0.1002071511	-0.0537601496	0.0182333854	0.120088212	-0.0268089695	-0.0813104915	0.0053940694	-0.0896841118	0.0044009417	0.1558365284	-0.036309874	0.0206388487	-0.1133228762	0.0317886933	-0.0497990845	-0.0535248004	0.01840275	-0.0029476167	0.0308124308	0.3144255258	0.1097414822	0.0142731705	-0.0048641075	-0.1518223607	-0.0234812519	-0.0539588139	-0.0078700073	-0.0092759717	0.0169706491	0.0831082769	-0.008364496	2.97473e-05	-0.0902393167	-0.011900385	-0.0650561203	0.0769287954	0.0216421252	0.0337819647	0.1076880703	0.0843719006	0.0444203137	-0.068770199	-0.1020580481	-0.0167667741	0.0	0.0	0.0376470416242114	-0.0284733628698745	0.0008107323931195	0.0014172997430551	0.1745275207331786	-0.0012991822807749	1.6878745986795052e-06	0.03045985549327	-0.5277167460865684	-0.0505938684896278	0.2784849641001957	0.0025597395287457	0.0135196057181884	0.001136971308179	1.292703755622267e-06	0.0001827797387752	-0.005163060361464	-6.377876958069996e-05	4.067731449228019e-09	2.665719229612077e-05	0.0044716498628297	-0.0006916730137705	4.784115579785039e-07	1.999565249574488e-05	0.0	0.0	0.0	0.0	0.0	0.0	0.0	0.0	0.0	0.0	0.0	0.0	0.0
58.28505775702837	-0.0632385018874188	0.003999108120965	3397.147957740133	66.05726214744503	-1.57064962796386	4363.561882416274	2.466940253823012	59.12691839431085	-0.0704191787188506	0.0049588607314374	3495.9924788074945	60.03190673173042	47.65395924412582	1.032897	35.510815	0.1766776999468056	0.0941349331600038	-0.004459325	-0.0216841562	0.0219741575	-0.0864793328	-0.0470549226	-0.1215645396	0.0673373587	-0.0487877663	0.0137650556	-0.2164024796	-0.0070354292	0.1675893287	-0.138840065	-0.1900559686	-0.0652066512	-0.0237449552	0.0358605016	0.1143384281	-0.0469918142	-0.1123226932	0.040940318	-0.0376000784	-0.0320451178	-0.0950351435	0.0739872801	-0.0445541036	0.0470429279	0.0127288241	-0.0031834691	0.0444695802	-0.1112251172	0.0029167278	-0.050568089	0.0374291923	-0.1290738975	-0.0030494516	-0.1124953777	-0.0130708885	-0.0684064491	0.1055804356	0.1593019	0.05276427	0.0192321288	-0.1941796017	-0.1041953923	0.0503377678	-0.0185538115	-3.36223e-05	-0.0899683554	0.0147305606	-0.1037986724	0.1333623349	0.072556575	0.0154981785	0.0799794892	-0.1079256055	0.1328978089	0.0673915346	-0.022936347	-0.0637610414	0.0442620534	0.010946633	0.0408790408	-0.0539613266	-0.0179768037	-0.0453709178	-0.0163485123	-0.0911341788	0.0242141411	-0.0301908726	0.0564594093	-0.0995025445	-0.0741500063	0.1074895118	-0.0081773411	-0.2096465543	-0.1498486911	-0.127433925	0.0301692711	0.0178339495	0.0356411694	-0.0982787897	-0.0556546072	-0.0222297561	-0.2081815438	0.168668666	0.1351930936	0.1458218414	0.072730357	0.0220116111	-0.0909697576	-0.0241120788	-0.0085494629	0.0013720253	0.0732334376	0.0053993247	-0.0043585613	-0.03349059	0.035923096	-0.1346593808	0.1416714099	-0.0620142873	0.0056865119	-0.0983045643	-0.0474020323	-0.213411161	-0.0631731449	-0.026924629	0.0097513672	-0.0739521625	-0.005880185	-0.0501073775	-0.0377682481	-0.1111938392	-0.0912542605	0.0002182918	-0.032753227	0.0292294041	-0.131735874	0.0256009839	-0.0138353594	0.0077138857	0.181599797	-0.0420392052	0.0374212834	0.0145442385	-0.1924104601	0.0389920936	-0.0269796681	-0.0697822165	-0.0660784168	-0.0719093484	-0.0430750179	-0.050247586	0.0577920968	-0.1112954995	-0.0576826513	0.0204960274	0.1227206794	0.1049784627	-0.0544182294	0.0315632875	0.016488194	0.0427148457	-0.0715740957	-0.1003994225	-0.0093420254	0.0	0.0	0.0658437674463385	0.0281967258221271	0.0007950553470882	0.0043354017115275	0.169698104371875	-0.0048294163613036	2.3323262390826914e-05	0.0287974466274077	-0.4476140614906185	0.0801026845959498	0.2003583480441272	0.0064164400794782	0.0130946387607434	-0.000424966957445	1.8059691492006094e-07	0.0001714695642743	-0.0047416941844946	0.0004213661769694	1.77549455093808e-07	2.2483663739269907e-05	0.0048962941917638	0.000424644328934	1.803228060958918e-07	2.3973696812299924e-05	0.0	0.0	0.0	0.0	0.0	0.0	0.0	0.0	0.0	0.0	0.0	0.0	0.0
58.25136427285071	-0.033693484177661	0.0011352508760302	3393.221439648348	66.55037970808954	0.4931175606445066	4428.953039290896	0.2431649286159886	59.05443874327074	-0.072479651040112	0.0052532998148964	3487.426735282716	59.992261387013606	46.8883821999987	0.939787	32.309731	0.1232874930305236	0.0678186274927637	0.0173646832	0.0178502319	0.0294511656	-0.0551462114	-0.1231001574	-0.1141763998	0.0014678106	-0.1069236296	0.0526266965	-0.0834644273	0.0062987365	0.1444959037	0.0477010969	-0.0759164218	0.0976972307	0.005732101	0.0779116566	0.0955317297	-0.0318511723	0.0617758092	0.0119223518	0.1210046484	0.0273580713	-0.0487735406	-0.1177056274	0.0637536655	0.0045013738	0.1842474067	0.0058011743	-0.0642092456	0.0820644654	-0.0502220337	0.0251897551	-0.0373225885	0.0170916274	-0.1771215622	-0.0833260764	-0.0238998056	-0.0777908348	0.0193334498	-0.0558790214	-0.0168643539	0.0816980941	0.1074555027	-0.0565890094	-0.1048011753	-0.1342753215	0.0340089381	0.002119181	0.0039152757	0.0201392207	0.1200962048	0.1859507054	-0.0008464114	-0.1170924523	-0.0647890784	0.0545855284	0.0935991302	-0.079844658	-0.0078828628	0.0197116765	-0.0398346568	0.066233724	-0.0653486384	-0.0064958419	0.0535225717	-0.0198637533	-0.0150877835	0.0157551807	-0.1804384706	0.1827609981	-0.0152760553	0.0837164425	0.2053804443	0.0670213528	0.0468047717	0.0227945416	-0.1544983839	-0.0486208686	0.2665644587	0.0634649104	-0.0102589481	0.033744673	0.0248162103	0.0243213667	0.0171084589	-0.0378498089	-0.0708880013	-0.0118065243	0.0216328267	-0.1328123015	0.0923656394	-0.0165804203	-0.09433222	-0.0373841994	-0.0648101449	0.1146862561	0.0636398193	0.0557530156	0.052151395	-0.0568611565	0.1196644658	0.0453106249	-0.0068355811	0.0019671297	0.0356437624	0.0056994011	-0.0196502136	-0.0511823613	0.0595920224	0.0915729647	0.1301249292	0.0987769625	0.0075152797	-0.0390542715	-0.0192086968	-0.0544752397	0.0173554904	-0.0317639553	0.0691617833	-0.0117977367	0.0323588451	0.1812394843	-0.0970706611	0.021955346	-0.001587983	-0.0748094858	0.0614425386	0.0162558097	-0.0338151405	-0.047674741	-0.0294294376	0.0645346657	-0.0238700884	-0.0156556278	-0.0081656873	-0.0120443817	-0.0660452784	-0.0898917149	0.081746818	0.0030440694	0.1195116423	-0.094557555	0.0409960724	-0.0742888199	-0.0984593917	-0.0018707352	0.0	0.0	0.1103980182583512	0.0445542508120127	0.0019850812654197	0.0121877224353712	0.1564572944712665	-0.0132408099006084	0.000175319046824	0.0244788849932686	-0.4411341621884261	0.0064798993021923	0.1945993490496846	4.198909496655347e-05	0.0122096574214632	-0.0008849813392801	7.831919708741753e-07	0.0001490757343494	-0.0048077346629347	-6.604047844010075e-05	4.361344792597413e-09	2.311431258918384e-05	0.0046670653491699	-0.0002292288425938	5.254586227693887e-08	2.178149897342236e-05	0.0	0.0	0.0	0.0	0.0	0.0	0.0	0.0	0.0	0.0	0.0	0.0	0.0
58.00359069841394	-0.2477735744367706	0.0613917441891739	3364.416533909132	66.7542350056857	0.2038552975961636	4456.1278911943145	0.0415569823580204	59.00595690394078	-0.048481839329959	0.0023504887448159	3481.7029501497163	59.97292177344237	46.90870385025767	1.075885	36.988735	0.5402111279690427	0.3165095332184168	0.0265332849	-0.0382647279	0.171497911	-0.0324328575	-0.1212862744	0.0672619726	-0.0504588166	-0.040162324	0.1496366622	0.0040653574	0.0241398477	0.068788815	0.0839653462	-0.0771252294	0.0016774831	-0.1354794852	0.0181771724	-0.1551972992	-0.1291304737	0.0419269259	-0.1473724368	0.0017973257	0.1993344062	-0.0379852643	-0.2149215535	0.0286822565	-0.1546251677	-0.0919068434	-0.1273557868	-0.053462383	0.0544880163	0.0472396278	-0.0738594741	0.0689490365	-8.48081e-05	0.0259477985	-0.1180374273	-0.058089416	0.1982871186	-0.0105185668	0.0595250901	0.1555975079	-0.0108415493	0.0778399129	-0.086808069	-0.0655372963	0.0277409626	0.0190253337	-0.0349552941	0.0615364475	0.0914187611	-0.0346828255	-0.1280790202	-0.0221095401	0.0331307671	-0.0485247473	0.0857745963	-0.0895375126	0.0727471739	-0.0385898	-0.0135738019	0.0024745087	0.1619453883	0.0349443618	0.1229517992	-0.0304172075	-0.0765142263	0.0626369285	0.0676556133	0.053980668	0.0107787592	0.0758204801	0.1595083253	-0.0134445188	-0.0084021407	0.0262273139	-0.1445076612	0.0572944709	-0.119203984	-0.0112416018	0.0618728715	-0.0231654725	0.1282673398	0.2328298699	-0.0093161974	-0.0999249069	0.2355799426	-0.1037850816	0.0536540228	-0.1689880246	-0.0438254915	0.0799869076	0.0129194455	0.1228525063	-0.0706940455	-0.0313514301	0.0004260258	-0.0287987399	0.0867330841	-0.0540842801	0.0916837537	-0.0662058192	0.034485904	0.0663484984	0.0843866239	-0.0139610866	0.0653937259	-0.0819505594	0.1121218583	-0.0395889436	-0.0454517628	0.0769458749	0.0853626362	0.0576758989	-0.0768591742	-0.0494556548	-0.0583257009	0.0450121433	0.0896967796	0.1089302749	-0.0431559681	0.1159583375	-0.133193516	-0.1088250382	0.1079731186	-0.0101048667	-0.0335139394	0.0664809873	-0.2000253837	-0.1545221932	-0.0803038009	-0.0988157412	0.0225271705	0.0344192977	0.087765411	-0.1462467802	-0.0212144972	-0.0676008259	0.108930264	0.1780866447	0.0224763384	-0.1033102243	-0.0131228106	0.039264529	-0.0769109895	-0.0962433935	0.0056098749	0.0	0.0	0.0919333923280447	-0.0184646259303064	0.0003409424107461	0.0084517486249421	0.1441660484246369	-0.0122912460466295	0.0001510747293787	0.0207838495183747	-0.2242668958741944	0.2168672663142317	0.0502956405850467	0.0470314111986078	0.0081573443573822	-0.0040523130640809	1.6421241169321537e-05	6.654226696491522e-05	-0.0032470099657506	0.0015607246971841	2.4358615804004016e-06	1.0543073717683712e-05	0.0044283433168775	-0.0002387220322923	5.6988208701813616e-08	1.9610224532133622e-05	0.0	0.0	0.0	0.0	1.0	0.0	0.0	0.0	0.0	0.0	0.0	0.0	0.0
57.73553725953349	-0.2680534388804503	0.0718526460956353	3333.39226264698	66.3823908756731	-0.3718441300126045	4406.621818370647	0.1382680570248307	59.13352564231259	0.1275687383718136	0.0162737830097762	3496.7738548900406	60.14919046598833	45.855028508076	0.987075	33.935467	0.2366800202810769	0.1414371579443123	0.0940618235	-0.0602931572	0.1609874683	-0.0451506735	-0.0265846727	0.0610662424	-0.1156254886	-0.0017583045	0.0247201256	-0.0372223492	-0.0634685673	-0.0218520249	0.1708501057	-0.1114397913	0.0307679366	-0.1298690779	0.0008026683	-0.0592869289	0.0949769587	0.003676665	0.1120039079	0.1141071278	-0.0375070876	0.0095244231	-0.0291860284	-0.1078876113	0.0100419042	-0.0607943781	-0.065664229	-0.1055208303	-0.0769091678	-0.0085822137	0.0703584893	0.0785231307	0.0122342537	0.0141900557	-0.0941778766	-0.018359192	0.0206885398	0.0446631158	-0.0100244404	0.0968762886	0.1452323529	-0.1375346279	-0.0605679952	0.0300964061	0.1196781482	-0.0615009526	0.0042438347	-0.0395694759	-0.0721711975	0.0556570217	-0.008078833	0.042721553	0.038897259	0.1379577356	-0.1162647749	0.0262757198	0.068890495	-0.0044533897	-0.0989991157	-0.0421781184	-0.0727921932	0.0974475383	0.188919818	-0.1071341772	-0.0301282698	0.0662412719	0.1051686422	-0.0074752354	0.0020229021	0.0422044074	0.0755667078	0.0727701855	0.0969031574	0.0621014825	0.0180534765	0.0476074846	-0.0066275149	-0.0233466267	0.0047906313	0.023091647	-0.0163019247	0.0180726046	-0.0332373138	0.1484154696	0.0509586863	-0.0793171222	0.0657476864	0.1173050555	0.00791921	0.0033511954	-0.056250861	0.0824808848	-0.0098438403	0.0854753162	-0.2290471397	-0.0611629065	0.0326169111	-0.0098300501	0.0292442158	-0.006817399	-0.0799044104	-0.0315200898	-0.0931416959	-0.0193480066	-0.1706137742	0.0334984767	0.1249138257	-0.0253065923	-0.0590783628	0.0563819256	0.0190394289	-0.0570594384	0.0607507338	-0.1025529783	0.1375129189	-0.0267106004	0.0539634227	0.0851009755	-0.087410864	0.0125901154	-0.0214553344	-0.0220271277	0.0511418465	0.0767944124	-0.009440084	0.0525423496	-0.1558197077	-0.0484884799	-0.01601546	-0.0356605643	0.0106031482	0.0198018969	0.0801133007	-0.0132012151	-0.0061215839	-0.0507432641	-0.147744264	-0.0248148102	-0.0071655743	0.1026447017	-0.1534277903	0.037520755	-0.0794373376	-0.0937576389	0.0130625369	0.0	0.0	0.1113356510719967	0.0194022587439519	0.0003764476443672	0.0123956271996253	0.1690218272210586	0.0248557787964217	0.0006178097395766	0.0285683780771453	-0.2618033794310577	-0.0375364835568632	0.0685410094815223	0.0014089875978146	0.0106685441451683	0.002511199787786	6.306124374176948e-06	0.0001138178341774	-0.0033871223364934	-0.0001401123707428	1.963147643516788e-08	1.147259772237251e-05	0.0048747411420254	0.0004463978251478	1.9927101829677506e-07	2.3763101201755105e-05	0.0	0.0	0.0	0.0	0.0	0.0	0.0	0.0	0.0	0.0	0.0	0.0	0.0
57.65299129046073	-0.0825459690727541	0.00681383701016	3323.8674047379413	66.4613613284197	0.0789704527466028	4417.112549626761	0.0062363324070034	59.11799376580466	-0.0155318765079286	0.0002412391878575	3494.937186893719	60.173222605497656	44.78556592264663	0.8857699999999998	30.452616	0.1303989724723636	0.0613551769849526	0.1404150156	-0.0076315481	0.1135747339	-0.0286349962	-0.0781341007	0.0523871169	-0.1093088741	0.0389145971	0.0059961013	-0.0430574723	-0.069122309	-0.0067755286	0.1016424489	-0.0787240112	0.0485476844	-0.1080033326	-0.0213310056	-0.0846839994	-0.1215137256	-0.0996411694	-0.0536355145	0.1370841969	0.0768924331	-0.037697778	-0.0712571934	0.0258020071	-0.0054729377	0.0518670423	0.0533808646	-0.045217521	-0.0188541536	-0.1083799859	-0.0366921169	0.1620503848	0.0790352056	-0.1099900466	0.0780641984	-0.0883898267	0.03687946	-0.0371030818	0.0365236119	-0.0125496211	0.086140065	0.0762477663	-0.0304699768	0.0032266509	0.2120171565	-0.0948253739	-0.1826486245	-0.0757237356	-0.0039672479	0.0583518621	-0.0242050194	0.1380595128	0.0202309751	0.1274910162	0.039475492	0.0672594623	-0.0029852613	0.0931457064	0.0089820465	-0.0768044385	0.0721068	-0.0101410971	0.0017271355	-0.0757707594	-0.013216485	-0.0912250978	0.1246161894	0.0005781775	0.0099843167	0.0252017655	0.0881069627	-0.0234488069	0.1297793671	0.1036285519	-0.1505467919	0.0102495338	-0.0274474814	-0.024762473	-0.096326837	-0.10723553	0.0025246569	0.0398460087	0.0335391814	0.0303149436	0.0625394461	-0.0435832853	0.1237636451	-0.0593561053	-0.0806223442	-0.0082173593	-0.0179133996	0.0007426464	0.0871126927	-0.0095758145	0.0006811279	0.1406702715	-0.0720844449	-0.062726243	-0.0188238097	-0.0124135799	-0.078018983	0.0548126612	-0.112461838	0.042635616	-0.008634978	-0.0096164068	-0.0272989928	0.2015071408	-0.0665794547	-0.0283749616	-0.0443678933	0.1460808631	-0.021049556	-0.111003189	-0.2045547739	-0.0546725001	0.0756499025	0.0882426688	-0.1237859898	0.0321019379	0.0142041165	-0.021598055	0.00167447	0.0116679799	-0.006704366	-0.005879242	-0.1256710076	0.0043465672	-0.0326671499	-0.0499293807	0.0254339271	-0.016391782	0.0586109719	-0.0030752033	-0.0634135402	0.0025878805	-0.0347071836	0.0391358772	0.0764584921	0.0031003691	-0.0452281511	0.0357652936	-0.0818647166	-0.0910090951	0.020450122	0.0	0.0	0.0976120403772995	-0.0137236106946972	0.0001883374904996	0.0095281104266195	0.1738810061876421	0.0048591789665834	2.361162022928749e-05	0.0302346043128268	-0.2870124215745306	-0.0252090421434729	0.082376130138076	0.0006354958057913	0.0111934297354994	0.0005248855903311	2.755048829372283e-07	0.0001252928692435	-0.0042192991043423	-0.0008321767678488	6.925181729474412e-07	1.780248493190373e-05	0.0052498215971976	0.0003750804551722	1.4068534785218485e-07	2.7560626802402364e-05	0.0	0.0	0.0	0.0	0.0	0.0	0.0	0.0	0.0	0.0	0.0	0.0	0.0
57.68142832731981	0.0284370368590742	0.0008086650653243	3327.147173879732	66.40924231893514	-0.0521190094845565	4410.187465375047	0.0027163911496512	59.03464217718337	-0.0833515886212907	0.0069474873256928	3485.088976988078	60.09714666037382	43.75890195237413	0.953739	32.789406	0.1778617316621795	0.1162279078936767	0.136266444	0.095691825	0.0400021648	-0.0540809328	-0.0252452809	-0.0088616036	-0.1230261677	0.0318255768	-0.023223343	0.0515571278	-0.0348693861	0.0621823612	0.1164735293	-0.0975102413	-0.0345652147	-0.0777570698	0.049821123	-0.1661308659	0.1292033631	-0.0470831745	-0.0182308664	0.01256407	-0.0183573476	0.052932727	0.0050722858	0.0656042703	-0.0645210402	0.1243438281	0.0288418853	-0.1007411036	0.0518785871	0.0223663502	-0.0351330199	-0.1018993245	-0.0354229752	0.0842555265	0.0223201382	0.1851288789	-0.0121112127	-0.0047185797	-0.0307870861	0.0381175455	-0.0114433515	-0.1012558383	-0.0076674794	0.0992238092	0.0872714983	0.0154766019	0.0562020499	0.0767985925	0.0709248038	-0.106283926	0.1209544938	0.0374459522	-0.0724206792	0.0582819693	0.0081992478	0.0415103737	0.0326640528	0.0683639508	-0.0352737006	-0.0782939532	-0.0699887069	0.1177944073	0.0234751231	0.0606590795	0.0115402907	-0.1444688651	0.0808658908	0.0483021007	0.042734192	0.1368334726	0.0008698483	-0.0472234155	-0.0564953017	0.0877376226	-0.0914991247	0.1119984552	-0.0719382012	-0.0329607835	0.0929610992	-0.0264170516	0.0049698036	-0.1158306056	0.0634640734	0.1488239233	0.0099095911	-0.0861111518	-0.0462028307	0.0496195767	0.0720949141	0.1160675252	-0.0579449299	-0.1397130329	0.0219413477	-0.0135283421	0.0263092624	-0.0305179227	-0.0352021342	0.042073701	0.0318840442	-0.0210750274	-0.0465839557	-0.0131136269	-0.0294010832	-0.0809284116	-0.0022464226	0.1658801004	0.0769902389	-0.0416199982	0.0223968531	-0.0591009204	0.0117030218	-0.0163770846	-0.0043593777	0.0676890052	0.065258023	0.0605219532	0.0494852362	0.1109096958	-0.1277464912	0.0654518373	-0.0799938618	0.0289053016	-0.0765748283	0.0071811331	0.1285309873	-0.091648445	-0.1165792988	-0.0175929443	-0.0491600042	0.111338472	-0.1290379343	0.0605548737	0.0427579634	-0.1895377705	-0.1274664668	-0.0869481091	-0.0035410042	0.1319150366	0.0341143727	-0.1690827936	0.1765732273	0.0339986915	-0.0841901024	-0.0880054659	0.0277358257	0.0	0.0	0.1031035407365266	0.0054915003592271	3.01565761953914e-05	0.0106303401124086	0.1632238588065462	-0.0106571473810959	0.0001135747903023	0.0266420280836993	-0.1930043059885591	0.0940081155859715	0.0372506621301253	0.0088375257960253	0.009883462374774	-0.0013099673607254	1.7160144861658738e-06	9.76828285135733e-05	-0.0042431043170163	-2.3805212673999945e-05	5.666881504543676e-10	1.8003934245082358e-05	0.0052701483905159	2.032679331829927e-05	4.1317852660485587e-10	2.7774464058057327e-05	0.0	0.0	0.0	0.0	0.0	0.0	0.0	0.0	0.0	0.0	0.0	0.0	0.0
57.830126671040574	0.1486983437207669	0.0221111974252993	3344.3235507885984	66.08309421007213	-0.3261481088630091	4366.975340377269	0.1063725889149172	58.99392490455655	-0.0407172726268214	0.0016578962901669	3480.283175644457	59.97051241991319	44.25153912906509	0.88578	30.452957	0.496491228276658	0.2625031375010331	0.1055058892	0.0867519719	-0.0166326948	-0.0044635965	-0.0682615443	-0.0418502485	-0.0710523082	0.068338149	-0.0085823842	0.0701761166	0.0372691055	0.0340472088	0.0624024424	-0.0876538451	0.0308893799	-0.0792703149	0.0839330353	-0.0268525486	0.0017551182	-0.106460516	-0.0392758777	-0.0687005696	0.0315307437	-0.0471065917	0.1056725016	0.134145821	-0.0466142264	0.1131137221	-0.0431579733	0.0489875755	-0.0642825741	0.0378592851	-0.0030795031	0.0659074526	0.0023322873	0.0672955401	-0.0134482563	0.0224436327	-0.0658444134	0.0391032034	-0.0522929316	0.0061379401	0.0111713866	-0.0644000001	0.0983299451	-0.1095275252	0.0794602032	-0.0883989336	0.0385974007	0.0339983194	0.1963363868	0.0156135656	0.0492950156	-0.0596589998	-0.0837163002	0.0648426291	-0.0491410168	-0.155849409	0.0809305688	-0.0414274435	-0.0007446951	0.1663899932	0.0730381931	0.0263885336	0.1042880646	0.1383657451	-0.034253224	0.1613002726	0.0375850044	0.0216455823	0.0888071117	0.0645964214	-0.0120355372	0.0054834157	0.0329587751	0.0205274322	-0.0805649449	0.0190583315	-0.1191666322	-0.0468945095	-0.1418930464	-0.1147431884	-0.078754089	-0.0826260671	0.0236760314	0.0227308508	-0.0405757892	0.0805601697	-0.0079357617	0.0352467649	0.0070040242	0.071162649	-0.0153653608	-0.1006780621	-0.0411081504	0.0109316556	-0.0393265235	0.0774030822	0.0325421167	0.065436859	0.0920559495	-0.1047617828	0.0444988699	0.0264241616	0.002334664	0.0670740449	0.0821637842	-0.0422418305	0.1068494615	-0.0329699796	0.090658871	0.0055445725	0.1547005816	0.0868980476	0.0716613677	0.1692740401	-0.0032773673	-0.0041445833	0.1540710574	0.0602313743	-0.0808788321	0.025896944	0.0162358809	0.0062735516	-0.1479303431	0.0443785568	0.0715469395	-0.1124850143	-0.1024668577	-0.0327788112	-0.0007271757	0.2020807862	-0.0200748905	-0.0628570027	-0.0453075423	0.0482963861	0.0114954277	-0.0828012628	-0.0126191529	-0.0039031865	-0.0132252779	-0.1064847134	0.0441360307	0.032221499	-0.0864105979	-0.0847551701	0.0348833508	0.0	0.0	0.1337338192542603	0.0306302785177337	0.0009382139620739	0.0178847344123311	0.2551045521594375	0.0918806933528913	0.008442061811008	0.0650783325324671	-0.267384629283697	-0.0743803232951378	0.07149453997718	0.0055324324934892	0.0137864651839739	0.0039030028091999	1.5233430928622316e-05	0.0001900666222689	-0.0060571529850761	-0.0018140486680598	3.2907725700895366e-06	3.668910228461631e-05	0.0055450955754741	0.0002749471849582	7.559595451643865e-08	3.0748084941142435e-05	0.0	0.0	0.0	0.0	0.0	0.0	0.0	0.0	0.0	0.0	0.0	0.0	0.0
58.11495075902472	0.2848240879841484	0.0811247610960018	3377.3475017238684	66.41943155081998	0.3363373407478462	4411.540887534061	0.1131228067813328	58.91722789274401	-0.0766970118125414	0.0058824316209731	3471.2397425655327	59.879695056938445	45.7177000670269	0.923669	31.755577	0.4394472605843796	0.239181626285339	0.0604282904	0.1362388949	0.0068763341	-0.1071841033	-0.0843164482	-0.0453261112	-0.0314681621	0.0788008671	-0.0468604038	0.027598942	-0.0501116651	0.0104087202	-0.0283925248	-0.0535648187	-0.0044554119	0.0837311245	0.1998528747	-0.0293627859	0.0424612397	-0.0846814839	0.0806348044	-0.0133655012	0.1248940678	0.065154313	0.1252230579	-0.1896991957	0.0217658414	0.0490572221	-0.0625448835	0.0189235557	-0.0287291962	0.0141206589	0.1086997638	0.0190142804	0.1230266456	-0.0575844509	0.0537375304	-0.0620352617	0.0894028621	-0.0072728967	-0.0144615158	0.0609017769	0.160844417	0.046719736	-0.0070966046	-0.1187637491	-0.0303756407	-0.0337149046	0.0321622545	-0.09362723	-0.1856277385	0.0723861172	0.0728261938	0.0120150872	-0.006993099	0.1005532707	-0.0429389023	-0.0408981413	-0.0921507362	0.0279097765	-0.0024350916	-0.0512084668	-0.0927308888	-0.0061461666	0.0302709683	0.0229970608	0.0535119613	0.0654824568	-0.0389045795	0.1350394176	0.159207595	-0.0037374776	-0.121897733	-0.0135587215	0.1504821213	0.0470887518	0.0068006425	-0.0300865826	-0.0035588697	0.0438801141	-0.0111162575	-0.1285072412	0.0919791536	-0.0079886813	0.0451388832	-0.0555515491	-0.1440495389	-0.0276561454	-0.0209500593	0.1606909606	-0.0298709631	0.0003061004	-0.0630180386	0.1333553075	-0.0186628926	0.1443051798	-0.0886435565	0.1118689168	0.0435643909	-0.1414788896	-0.0902601818	0.0366961416	-0.0018963448	0.0489832447	-0.0212842454	0.0495345072	-0.1340766912	0.0321450191	0.0671343083	0.0987558433	-0.0502697465	0.0890265261	-0.0308140569	0.0202362376	-0.0347212855	-0.0283353518	-0.0254018532	-0.0314537936	0.0821612268	0.1462433259	-0.0421459355	0.1076423066	0.0046447359	-0.0664791408	-0.0977290091	0.0667229965	0.1196399441	-0.1351819808	-0.0041059576	-0.1232464321	0.0370557881	0.1171285647	-0.1114066347	-0.1011410846	-0.1191865407	0.0649753167	0.0372909352	-0.0051585427	-0.0806086094	-0.1084984875	0.0491851232	-0.0731996425	0.0193278603	0.0304342698	-0.0885234364	-0.0812673177	0.0418570888	0.0	0.0	0.1849232689498592	0.0511894496955988	0.0026203597601382	0.0341966153991019	0.1645197972625425	-0.0905847548968949	0.0082055978197305	0.027066763691308	-0.2769525813080378	-0.0095679520243407	0.0767027322931852	9.154570594008715e-05	0.0100765012195406	-0.0037099639644332	1.376383261739364e-05	0.0001015358768274	-0.0051380695101173	0.0009190834749588	8.447144339423431e-07	2.6399758290797035e-05	0.0066781502154329	0.0011330546399588	1.2838128171321658e-06	4.4597690299886486e-05	0.0	0.0	0.0	0.0	0.0	0.0	0.0	0.0	0.0	0.0	0.0	0.0	0.0
58.32365629127597	0.2087055322512441	0.043557999192275	3401.6488831828947	66.31199605372842	-0.1074354970915578	4397.280820629694	0.0115423860353101	59.04852822934594	0.1313003366019316	0.0172397783917805	3486.7286860518643	59.931494654103766	46.656917832667766	0.896706	30.8286	0.1198584114019431	0.058634419872314	0.0139935279	0.1306295015	0.0075311567	-0.1469382212	-0.0454439779	-0.0846445894	0.004648732	-0.0317760989	0.0260376258	-0.0343864181	-0.0430251143	-0.0224538763	0.1016245276	0.0082964011	-0.0385232324	0.0793286843	0.1173161235	0.0274479217	0.0949942063	-0.0349078598	-0.0615888839	0.0648554775	-0.1034512054	-0.0949805661	0.025857105	0.0476856343	-0.0176884612	0.0649992801	-0.1528691995	-0.0126145699	-0.0188712346	0.0930364757	-0.0274905974	0.0770794258	-0.0754020358	-0.0585919369	-0.1372814035	0.1402312003	0.0157971139	-0.0793800927	0.0749911567	0.0884142247	0.0391207643	-0.0191723532	0.0596122598	-0.043130832	-0.0151973819	0.1302483616	-0.0420340746	-0.0618480172	-0.0028096034	-0.0320760846	-0.0576978199	0.0221532622	0.1442326566	-0.0716939002	-0.0598535366	-0.0016131186	0.0916557854	-0.0340397497	-0.0561320368	-0.09170946	-0.1169078306	-0.2356692946	-0.0372740099	-0.0076417702	0.0629897148	0.1095489299	-0.0565499789	0.0298667239	0.117028452	-0.0425113619	-0.0515122861	-0.0141073172	0.0161400456	0.0750043719	0.0123467499	0.042442093	-0.0499889568	-0.0150319211	0.1592308334	-0.0267616176	-0.0485661384	0.0430585606	-0.0610074873	-0.0321884042	0.0564757296	0.1788619713	0.0651614191	0.0370179285	-0.0397638307	0.1717507199	-0.0760887798	0.0039642946	-0.0084236507	-0.0787523675	-0.1062139512	0.0574209347	0.0224648318	-0.1609732086	-0.0519093617	-0.0444307361	0.0645026685	-0.0034664056	0.0283658612	0.0071857255	0.0240706889	0.0121247958	-0.1008129393	-0.0292321928	-0.0036362331	0.0171500541	-0.0728854905	-0.0368661667	0.1228832646	-0.0086893472	0.2215820444	0.015817898	-0.0310039617	0.148741049	-0.0086262233	0.1209626966	-0.0408531604	-0.0018534982	-0.0018769444	0.0077863694	0.1064975453	-0.0921126326	0.0269904573	-0.1339561078	0.0522034859	0.0256440677	-0.0855585614	-0.0498113791	-0.0375860219	0.0940604539	0.0447808532	-0.0191324886	0.1740311914	0.0342447081	-0.073837781	0.0199358199	0.0920272734	0.0286375605	-0.0905259858	-0.0775516848	0.048622297	0.0	0.0	0.1503985491316228	-0.0345247198182364	0.0011919562785277	0.0226197235808971	0.1721459780643499	0.0076261808018073	5.8158633621855465e-05	0.0296342377637316	-0.2644658569439784	0.0124867243640593	0.0699421894891128	0.0001559182853439	0.0095920500089501	-0.0004844512105905	2.346929754426012e-07	9.200742337419962e-05	-0.0051759163184303	-3.78468083130001e-05	1.4323808994809734e-09	2.6790109735393077e-05	0.0058960325059796	-0.0007821177094532	6.117081114404761e-07	3.476319931156808e-05	0.0	0.0	0.0	0.0	0.0	0.0	0.0	0.0	0.0	0.0	0.0	0.0	0.0
58.38224536207032	0.0585890707943548	0.0034326792165459	3408.486573516981	65.97067277114279	-0.341323282585634	4352.129665877201	0.1165015832350326	59.15040794454989	0.1018797152039496	0.0103794763700378	3498.7707600066706	59.98838340481364	47.295245088893225	0.89271	30.691225	0.3381373666864276	0.1915165541531594	-0.0113493676	0.1046672371	0.0587629321	-8.43357e-05	-0.0350123331	-0.0492403383	0.0038916848	0.0506588959	0.0963553007	-0.0071345317	0.1123923168	0.0153781573	0.0807756773	0.0657559454	-0.0414665479	0.0924897483	0.0094242292	0.0247178465	0.0231360515	0.112230002	0.0044278447	0.0937494361	0.080879814	0.0275004505	0.1528565301	0.0927592499	0.0669636516	-0.0516707749	-0.0154644325	0.1241681862	0.0382448114	-0.043571708	-0.1144587369	0.0351957569	0.1455426422	-0.1016409417	0.0117258324	0.0387436509	-0.1958616263	0.0239357718	0.0621991545	-0.0205718065	-0.0660690148	-0.0261826865	-0.0412130512	0.0338278569	0.0080286396	0.0443767763	-0.0743604835	-0.0206918562	-0.0273399051	-0.005371312	-0.0781213677	-0.0343899368	0.0908587719	-0.0775520622	0.0801071098	0.0895007202	0.0271518891	0.0275676403	-0.0147565587	-0.0922152918	0.0561567719	-0.0367785604	0.0456034429	0.0436980749	0.0106384096	0.0918428364	-0.0753704567	-0.0025501356	0.0174897006	-0.0323792459	0.0670333566	-0.0169964166	-0.0552150325	0.0041828765	0.0428653572	0.112293863	-0.0189098794	0.0419020468	0.0338601784	-0.0881738776	0.1003311374	-0.1080312114	-0.1361932353	-0.0297334322	-0.0620348701	0.0130479748	0.0890074635	0.0008851904	-0.0133995723	0.0743548694	-0.0014846912	-0.0567722681	0.2572382693	-0.001026185	-0.0855367627	-0.0216272934	0.005193478	0.0114612449	0.0307811333	-0.0019346265	-0.0127165762	-0.013895829	0.0925532184	-0.0027759566	0.1187424187	-0.0711559415	-0.2513583241	0.0333459199	-0.043178526	-0.0266244734	0.0051389055	0.0709198088	0.035857385	-0.1342984191	0.0377593791	-0.125250366	0.0251579271	0.1096833694	0.0233597817	0.0339778984	0.0429770427	-0.041167038	-0.0381931794	-0.0053091786	0.0807997514	-0.0125536928	-0.0523538434	0.1058428675	0.0497692448	0.0395500034	0.0149392483	0.0341123595	-0.079538152	-0.0444422707	0.2113477012	0.057777914	0.0989883535	0.0241282735	-0.0999759617	0.0086989888	-0.0445572171	0.0268319309	-0.0924157511	-0.0736186857	0.0551452713	0.0	0.0	0.1504512340539605	5.26849223377035e-05	2.7757010417298484e-09	0.0226355738283596	0.2169548684217659	0.044808890357416	0.0020078366550629	0.0470694149319057	-0.3525795423486073	-0.0881136854046288	0.1243123336827533	0.0077640215555859	0.012607402682002	0.0030153526730518	9.092351742881236e-06	0.0001589466023861	-0.004679296670345	0.0004966196480853	2.466310748643673e-07	2.1895817329101805e-05	0.0053047627070759	-0.0005912697989037	3.495999750956222e-07	2.814050737838323e-05	0.0	0.0	0.0	0.0	0.0	0.0	0.0	0.0	0.0	0.0	0.0	0.0	0.0
58.48362571913969	0.1013803570693667	0.0102779767995123	3420.3344772564174	67.13007818283953	1.1594054116967385	4506.447396834147	1.3442209086716836	59.10194774320861	-0.0484602013412782	0.0023483911140372	3493.0402270409613	59.9848355014533	48.11858874417172	0.859	29.532284	0.0970824040145436	0.0527356071566936	-0.0357309142	0.1033783094	0.0620252058	0.0422041252	-0.083993337	0.054258409	0.0386713205	0.0934293621	-0.0592512711	0.0266425006	-0.0278887388	-0.0085237651	-0.0043423395	0.0041985557	0.0950824064	0.0959663582	0.0054094647	0.0534299716	-0.114505947	0.1761695616	0.0197574739	0.0597393595	-0.0455485026	-0.0365019769	-0.0999813964	0.0323226331	0.0846227811	0.0280836167	-0.0289631904	0.0163431304	-0.1678819969	-0.0912472785	0.0405278064	0.0718385665	-0.0567839967	-0.0512878357	0.049238658	0.1026132883	0.0412488122	0.0622867773	-0.0403721195	0.1315259198	0.0025427233	-0.0730184477	0.0231735424	0.0661427956	0.0021941469	-0.0217755859	-0.1321608111	0.0150157538	-0.097632924	0.1049760082	-0.1217536913	-0.0175561612	0.0353958209	0.0177529065	-0.0323212872	-0.1162384889	-0.0871480803	0.0904240691	-0.0249358889	0.1500291077	-0.0353510296	0.0622680699	-0.1415295336	-0.0076029649	-0.0307160462	0.0705224463	-0.061622404	0.0421053652	-0.0234078398	-0.1129977919	0.0340773228	0.0058144681	0.132379542	0.0191606084	0.0232811128	0.0550907894	0.0045596527	0.075821667	0.0104299733	0.0960180709	0.0574042843	0.0600170136	-0.0078744195	-0.0046537549	-0.0331446656	0.1397477402	0.0790795132	-0.1085059245	0.1686256249	-0.0045491587	0.0216986425	0.017268128	0.1094939537	0.0874777211	-0.0105101363	-0.0304125771	-0.1921651854	-0.062559877	0.0547227576	0.0294447147	0.0995402296	-0.0394648354	-0.0794444825	-0.0613041694	-0.1456417696	-0.097515241	-0.0633249001	-0.0155090562	0.0575444259	0.0621017098	0.0089103208	0.058494929	-0.0175483485	0.0889601807	-0.0083886272	0.0538225079	-0.1142587645	0.0967986251	0.0470149148	0.0306900489	0.0468367581	0.0284017749	-0.0305371414	-0.035976552	0.0816676057	-0.0239963748	-0.0354989496	0.0357317594	-0.0071724002	0.0827638219	0.0026297605	-0.0525773522	-0.0468914276	-0.0475100994	0.0388465679	0.0116348567	0.0291827018	-0.0132883614	-0.014472031	0.0251825204	-0.0542354498	0.0250179432	-0.0941903779	-0.0694793439	0.0613935146	0.0	0.0	0.1253064594766471	-0.0251447745773134	0.0006322596885439	0.0157017087865726	0.2257999378687287	0.0088450694469628	7.8235253521595e-05	0.0509856119415217	-0.3526857059770947	-0.0001061636284874	0.1243872072005616	1.1270716013615197e-08	0.012608328813085	9.261310830004088e-07	8.577187828995101e-13	0.0001589699554588	-0.0055629951879321	-0.000883698517587	7.809230699856372e-07	3.09469154609557e-05	0.0056798659856414	0.0003751032785655	1.4070246959058741e-07	3.226087761484615e-05	0.0	0.0	0.0	0.0	0.0	0.0	0.0	0.0	0.0	0.0	0.0	0.0	0.0
58.58727254202783	0.1036468228881446	0.0107426638948064	3432.4685039138485	66.67640871653741	-0.4536694663021166	4445.743479334746	0.2058159846548473	59.12138701916314	0.0194392759545252	0.0003778854496361	3495.338403069672	59.965008258406016	48.30794339022547	0.8636859999999998	29.693399	0.1048943786152896	0.0604347405130351	-0.0645446445	0.1037069043	0.0234202273	-0.0232651065	-0.0651432357	-0.0687391578	0.082439234	0.0358205941	-0.0036096898	0.0173054562	0.0094703316	0.0648989091	0.0557242885	-0.0093132719	0.0458996864	0.0775110819	0.0279394526	-0.0845727901	-0.0518308074	0.0094297226	0.1218723308	-0.1137210581	-0.0020614221	0.0139254193	-0.0247855783	-0.0032173191	-0.0556186375	-0.0011465932	0.0922155638	0.0234786719	-0.0810010615	-0.1128616708	0.1007417482	-0.0300371214	0.0585425124	-0.0034602275	0.0598902655	0.105261268	-0.0300297843	0.0102250695	0.0531215497	0.1239056908	-0.01897647	-0.0806286613	0.059256239	0.0023671448	-0.0261297237	0.0071985706	0.0510053568	-0.0464053134	0.0856688338	-0.0020048274	-0.0481348391	-0.1106040368	-0.1950077579	-0.0715709467	0.0056557318	-0.0177053127	-0.0195072861	0.0843619833	-0.0922309507	0.170841266	-0.0693068799	-0.0752116007	0.0671991416	0.019003722	0.0660498325	0.1280107575	-0.0957661029	0.0001460681	0.0174758171	0.0101639572	-0.0137179402	0.0838866226	0.0246331285	-0.0182474355	-0.0488629223	0.0954850887	0.0322454672	0.1003490427	-0.0296289661	0.0227134539	0.0103861946	-0.0022186787	0.0706238616	0.0306921754	-0.074670774	-0.0117883055	-0.075522667	-0.0857274814	0.0285582284	-0.0926835223	-0.0384543086	-0.1101276802	0.0896878701	0.1354459182	-0.0874881061	-0.0108057011	-0.02170505	-0.0694958652	0.0130864507	-0.0674210031	0.0912437976	-0.145276072	0.026364104	0.0224301026	0.0101576879	0.0856277338	0.067526829	-0.0219109833	0.0908608045	-0.0232719591	0.0174966167	-0.010911493	0.0037365988	0.0324590767	0.0168781759	0.1105363822	-0.0279505175	0.0913823524	0.0638621392	0.0354175219	0.0585786214	-0.0322041855	-0.0430723911	-0.0001499156	0.0411011032	-0.0885851208	-0.0395079373	0.0074140274	-0.0380701181	0.0838682209	-0.0191469884	0.0455569064	-0.1204457361	-0.0868422182	0.1166091443	-0.0200091485	0.0218367855	0.0121462636	0.0076633253	-0.0079613839	-0.0472994165	0.0231961626	-0.0958476552	-0.0651452616	0.0673358985	0.0	0.0	0.1477769690884969	0.0224705096118498	0.0005049238022162	0.0218380325929825	0.2262756016720004	0.0004756638032716	2.2625605374288566e-07	0.0512006479120257	-0.3751999906024679	-0.0225142846253731	0.140775032948092	0.0005068930121923	0.0135979082337088	0.0009895794206237	9.792674297221333e-07	0.0001849031083323	-0.0056509734128078	-8.797822487570037e-05	7.740168052279303e-09	3.193350051226064e-05	0.005568745219645	-0.0001111207659964	1.2347824635626716e-08	3.101092332131904e-05	0.0	0.0	0.0	0.0	0.0	0.0	0.0	0.0	0.0	0.0	0.0	0.0	0.0
58.59903870129682	0.011766159268987	0.0001384425039431	3433.8473367160823	66.96589194244581	0.2894832259083983	4484.430683647328	0.0838005380823328	59.09495364918428	-0.0264333699788537	0.0006987230484389	3492.213546799239	59.94462668823349	48.99665675979815	0.863592	29.690155	0.1415976310084749	0.0720530034488227	-0.0705878775	0.0628712856	0.0911966126	0.0650331155	-0.0118153991	0.0544253696	0.051327117	0.0466370346	0.07487183	0.0154917007	0.0865152333	0.0403567996	-0.0075842102	-0.0029549069	-0.0506891242	0.0690464653	0.0019281379	-0.0225890837	-0.1220010566	0.0508287341	-0.0068818363	-0.0860264621	0.0420107185	-0.1051029158	0.0440796255	-0.0060935694	-0.0001876491	0.0233751933	0.03405618	0.0083914866	0.0362852148	-0.0189177266	-0.137142193	-0.1056311809	0.0164669389	0.0751461939	0.1814408133	0.0324432694	-0.0198730853	0.1232318954	-0.0034612644	-0.0182238208	0.0043000804	0.0085050725	0.019339025	0.0888592689	-0.0308241783	0.1238210584	-0.0153005829	-0.0339218185	-0.0668230762	0.0391592731	-0.031013284	0.0253362897	-0.0233987138	0.1525870113	0.0578824587	0.0410612624	0.0309134126	0.0367321545	-0.1062745662	0.0051119371	0.1579459458	0.0593077536	0.077046541	-0.073379796	0.0233912193	0.0161725742	-0.0737980949	0.0554038873	-0.0515991133	-0.0253713	0.0414480302	-0.0111908281	1.08582e-05	-0.1195685718	-0.0661751	0.0567985278	0.0178479706	-0.0081470249	-0.047405546	0.0143721866	0.0810537588	-0.1052178838	0.0159773924	-0.0404540567	-0.0320175541	-0.0799219267	0.0409552744	0.0209990314	0.0023082209	-0.0283140065	0.0610694719	-0.0620422443	0.043792669	0.03178259	0.2017412342	0.044652696	-0.0373189487	-0.0108113512	-0.0199877566	-0.005919499	-0.0398343707	0.0312650724	-0.0763549415	-0.1270921205	0.0277741906	0.1138533804	-0.0205191622	-0.0149927263	0.0598463822	-0.0361275233	-0.0109414154	-0.0308566642	0.0217859951	-0.0442281956	-0.051761088	0.0146563119	0.0545768285	0.0808656752	0.0690215909	0.0005726276	0.0238961839	0.0261132521	0.0052035791	-0.0063182369	0.072308952	0.0244256336	-0.0219259636	0.0202948116	-0.064201728	0.0550070795	0.0122532488	0.0164873886	0.0174035483	-0.0223486237	-0.0239223259	-0.0427300072	-0.0183955125	-0.048150621	0.0358779843	-0.0101282164	0.0322267423	0.0213671566	-0.0973855183	-0.0606285865	0.0729428184	0.0	0.0	0.1145198411043537	-0.0332571279841432	0.0011060365617536	0.0131147940065664	0.2339767773640062	0.0077011756920058	5.930810703914129e-05	0.0547451323456457	-0.330850536744272	0.0443494538581958	0.1094620776639728	0.0019668740575202	0.0137345818610642	0.0001366736273554	1.8679680414482917e-08	0.0001886387388982	-0.0050330188702147	0.0006179545425931	3.818678167114477e-07	2.533127894793725e-05	0.0059399145191791	0.000371169299534	1.3776664891663442e-07	3.528258449515468e-05	0.0	0.0	0.0	0.0	0.0	0.0	0.0	0.0	0.0	0.0	0.0	0.0	0.0
58.80487756567183	0.2058388643750106	0.042369638087194	3458.013625513654	67.15668881706925	0.1907968746234445	4510.020852872674	0.0364034473660744	59.21224035879	0.1172867096057146	0.0137561722501352	3506.089408307119	60.08402940033832	49.78652945832328	0.933108	32.08009	0.3118956352356751	0.1936711116480667	-0.0988959933	0.0498760393	-0.0011682231	-0.0066479455	-0.0761368186	-0.0119042928	0.1538765478	0.0624655358	-0.1265675343	-0.0769599707	-0.0507888745	-0.061563709	-0.1305184293	0.0323164978	0.1028690311	0.0912128393	-0.0085827607	0.1726105525	-0.0009383125	-0.0448554953	0.0654206641	0.0985342187	-0.0393105353	-0.0003890641	0.0016624192	0.0650466209	-0.0708213323	0.0918501754	-0.0329264854	-0.0269940954	-0.0079246052	0.1834585976	0.0053063633	-0.0210583019	0.0511418431	0.0074692507	-0.0313687002	-0.0410359854	0.0029204075	0.0080002145	0.0440823093	0.0170331458	0.1948476829	0.0335818806	-0.0173136936	0.0487362838	0.0419168581	-0.0263440073	0.0622147273	0.0095922225	0.1158057485	-0.0142418657	-0.0634293012	-0.0398152251	-0.0616296746	0.0937218728	-0.0091829567	-0.0451156191	-0.136552391	0.0680148595	-0.0816751062	-0.0505466497	-0.051174605	0.1321513905	-0.1229981958	-0.0906360714	0.132740513	0.032219122	-0.0701380087	-0.046273436	-0.0187241927	-0.1373048929	-0.1001963815	0.0154256435	0.1705660372	0.010929391	0.0289470212	-0.0288628405	0.0305839269	0.0338920324	0.0229065827	-0.0460783231	-0.0249689467	-0.0853024199	0.0045067109	-0.0840525781	-0.0122444378	0.0116199881	0.0471506511	-0.0280092099	0.0529887622	0.0912510422	-0.1330432292	0.0296712507	-0.104844907	-0.1207551296	-0.0439941684	0.0625965292	0.0694646622	0.0624101279	-0.1034233428	-0.0441574085	-0.0753656229	-0.0924586082	0.0254639645	-0.0673288237	-0.0650610042	0.0970741928	0.0665450177	0.0830141316	0.0763885225	-0.0443607628	0.0299683434	0.0563934344	-0.1249144762	0.0262202752	0.0467926017	-0.027510777	-0.0111332964	0.0357062361	0.0813742262	0.0265240059	0.2231664523	0.1038821694	0.0048293396	-0.0433834479	-0.0152138938	-0.0372726932	0.0201264332	0.0487474985	-0.0168202813	0.0775167759	-0.0701844388	-0.0578858683	-0.0524917313	-0.0639582682	-0.0620096237	0.0532417736	-0.0837016614	-0.1311852264	-0.0160793231	0.0195132955	0.0159915555	0.0195314949	-0.0988020511	-0.0559419782	0.0781863408	0.0	0.0	0.1003717356052078	-0.0141481054991459	0.0002001688892149	0.0100744853084017	0.239890488913133	0.0059137115491267	3.497198428627555e-05	0.0575474466709819	-0.4926141348651995	-0.1617635981209275	0.2426686858689889	0.0261674616770289	0.0156548555688745	0.0019202737078102	3.687451112907511e-06	0.0002450745028823	-0.0055839054774942	-0.0005508866072794	3.034760540799177e-07	3.118000038158973e-05	0.0060701586054188	0.0001302440862397	1.6963522000414443e-08	3.684682549493992e-05	0.0	0.0	0.0	0.0	0.0	0.0	0.0	0.0	0.0	0.0	0.0	0.0	0.0
58.83599175880926	0.0311141931374265	0.000968093014593	3461.673926242671	66.55220037263862	-0.6044884444306291	4429.195374439841	0.3654062794501617	59.27476347594702	0.0625231171570206	0.0039091401790305	3513.4975851294625	60.01543483419824	49.75009780639285	0.926046	31.837317	0.2455549310437062	0.1204360613842694	-0.117884145	0.0523810389	-0.0691012953	-0.0786360666	-0.0385794075	-0.0794836678	0.1348146134	-0.0655412856	0.0693086222	-0.1860272263	0.0014973496	0.1074016676	-0.096007274	-0.0356755205	-0.0069500586	0.0517799461	-0.1013684882	0.0552399747	0.0492501984	0.092026431	-0.0013860652	-0.0227022998	0.0943649438	-0.0875781029	-0.0387100578	-0.0836946401	0.001382345	0.056266353	-0.0374674012	-0.0981946256	-0.0180111715	-0.0250149765	-0.0750368533	0.0753629659	0.0420327665	-0.05847633	-0.0919271135	0.0606927401	0.0407646351	0.0201754822	-0.0173538075	-0.129973986	-0.0187738346	-0.0411465814	0.0262346781	-0.069953035	0.0827985145	0.0374149314	0.0318213025	0.0127838197	0.0209512258	-0.0483926884	0.1306884069	-0.0361855629	-0.1295234371	0.0755519475	-0.0213204173	-0.0538091954	0.0552689649	0.0490089429	0.1018821553	-0.0401480789	-0.1328715445	-0.1482255951	0.0604393912	-0.0445820855	-0.0544734051	-0.1596416322	-0.1035536405	-0.0128794168	-0.0700396854	-0.0186757561	-0.0332765232	0.1121424568	0.0739607953	-0.0205569085	-0.0556332583	-0.12880903	-0.0363198461	-0.1191947043	0.0497697665	-0.0037811066	0.1011429316	0.0555257691	-0.067657857	0.0598633833	-0.0182875231	-0.1008708382	0.0083868059	-0.0931855507	-0.0263624525	0.1201685353	0.0243828193	-0.0467641132	0.0262883745	0.0409804617	0.0589439098	0.084510463	0.017059791	0.0463331954	0.0017441922	-0.052722984	-0.0429368136	-0.0098599085	0.0361979651	0.1163115142	-2.86725e-05	0.015596093	-0.0700887894	-0.0291848122	0.0321049627	-0.0748657534	-0.0906189193	-0.0505734656	0.057138033	0.0859510927	0.0809903271	0.1072785481	0.0421241061	0.0218456527	0.1102209949	0.0123044045	0.0981339813	-0.07630364	-0.0575708228	-0.0148353195	-0.0286528022	-0.005942118	0.1143478204	0.0887164379	0.0786124172	-0.0190596425	-0.0727414806	0.0992534852	-0.0519095739	-0.0767249402	0.1429319212	-0.0326845585	-0.0103098474	-0.022403232	-0.0695710886	-0.0335564183	-0.0231061337	0.0176897492	-0.1000954889	-0.0510985726	0.0830403428	0.0	0.0	0.150550305751878	0.0501785701466701	0.0025178889019643	0.0226653945619839	0.2701494606512966	0.0302589717381635	0.0009156053706509	0.0729807310901864	-0.4624789687502471	0.0301351661149524	0.213886796536292	0.0009081282367757	0.0173793826494459	0.0017245270805714	2.973993651624117e-06	0.0003020429412758	-0.0053400802535721	0.0002438252239221	5.945073982066224e-08	2.851645711459066e-05	0.0053388664490339	-0.0007312921563849	5.347882179900776e-07	2.850349496061984e-05	0.0	0.0	0.0	0.0	0.0	0.0	0.0	0.0	0.0	0.0	0.0	0.0	0.0
58.76266170751168	-0.0733300512975745	0.0053772964233049	3453.05041095146	67.26524392729665	0.7130435546580287	4524.613040598719	0.5084311108393572	59.17880492651162	-0.0959585494354016	0.0092080432097464	3502.130952530116	60.0104836582207	49.93965885337529	0.864429	29.71892	0.174955400383085	0.1034221228596515	-0.1131645848	0.0198008773	-0.0265665901	-0.079726115	-0.0060637002	-0.0249252193	0.1233014673	-0.1427262142	0.0221158522	-0.0560603321	0.0442304878	0.0255284325	0.0025856403	0.0659741675	0.1008328595	0.0451304876	-0.0439519435	0.0158578496	0.0285727234	-0.0318431149	-0.0568196061	-0.1061828419	0.0526944423	-0.125346661	-0.0214770043	-0.0359196441	0.0233907383	0.0400622669	-0.0724569011	-0.0592707684	-0.0064087693	0.1065920674	0.0410608776	0.0161822828	0.0038524466	0.0334314584	-0.0297839155	0.0915063377	-0.0671423166	-0.0945139306	0.0617706744	0.0275236387	0.0249642109	-0.0670473564	-0.0751742695	-0.072694067	-0.2076966756	0.0555365205	-0.0638852283	0.1297048639	-0.0515218908	-0.0321407129	0.0044881779	-0.0760648065	0.0203299376	0.0287892913	0.0558360957	0.07630909	0.1037644343	0.0334371886	0.1029505727	-0.005232815	0.0523494413	-0.1065394277	0.0391510223	-0.1808560559	-0.0172914443	-0.0026905039	-0.072171349	-0.0718833315	-0.0382323402	-0.0254849379	-0.0012451999	0.1216369497	-0.0506267386	-0.0248370338	-0.1160628491	-0.0983752158	-0.1229359865	-0.0805467745	0.0360138606	-0.0182468036	0.0669825808	0.0500428924	0.0340668445	-0.0721357928	-0.0528251373	0.051138088	0.0280072354	0.0430938778	0.0525751104	0.0237125653	-0.0040542848	0.0344594627	-0.0437211804	-0.0445056017	0.0031029127	0.0144452261	0.1281319564	-0.0721359007	0.0355572004	0.051589119	0.0147824794	0.051536536	0.0447867511	-0.0278732019	0.0503861974	0.0483208279	-0.0682976713	-0.1555981522	0.1135399002	-0.0134852717	-0.1502585632	-0.131579323	-0.1392735239	-0.1067795425	-0.0180337216	0.0481010991	-0.0720128587	0.0431982043	0.1187405646	0.0044645523	0.0680902132	-0.0256014916	-0.0460193109	0.0102130194	-0.002264488	-0.0275491281	0.0943529796	0.0378733311	0.0024751354	0.0355496324	-0.0431442562	0.0758165304	0.0195824117	-0.0102517979	0.0032439616	-0.1164433546	-0.1010476814	-0.061888491	-0.0576755301	-0.0940139514	-0.0677480476	0.0158424933	-0.1012642201	-0.046111945	0.087480642	0.0	0.0	0.1502148209395244	-0.0003354848123535	1.125500593199289e-07	0.0225644924298933	0.2634221161485612	-0.0067273445027353	4.5257164058483904e-05	0.069391211276186	-0.4134225544271359	0.0490564143231112	0.1709182085090581	0.0024065317862407	0.0157186491228386	-0.0016607335266072	2.758035846397509e-06	0.0002470759302469	-0.0054799261088456	-0.0001398458552735	1.9556863237176713e-08	3.0029590158407677e-05	0.0059150102020508	0.0005761437530169	3.319416241403987e-07	3.498734569036504e-05	0.0	0.0	0.0	0.0	0.0	0.0	0.0	0.0	0.0	0.0	0.0	0.0	0.0
58.64058159993668	-0.1220801075750017	0.014903552665524	3438.7178103788324	67.68517901048128	0.419935083184626	4581.283457680896	0.1763454740892787	59.21007033184368	0.0312654053320642	0.0009775255705782	3505.8324287018754	60.07504683541714	50.06653271901621	0.9181	31.564144	0.1560602576077821	0.0925975962433706	-0.1070147285	-0.0363106979	0.0780291183	0.0679423129	-0.0075394357	0.0345676433	0.0992337801	-0.1247153039	0.0519082086	0.072914259	0.0158276946	0.0307119806	-0.0325541347	-0.0175055762	0.0914970758	0.0511121001	-0.0400853427	0.0023622083	0.075122537	0.1049802918	-0.0483977119	-0.0011991881	0.0667887228	-0.0975783009	-0.0595825513	-0.0055428573	0.0319794195	-0.0552082448	-0.0238777267	-0.0484313586	-0.0040553358	0.0174037678	0.0192141356	-0.0584738917	0.0181957556	-0.2095579219	0.0446483556	0.0006688843	-0.0096071443	-0.0136517068	0.0909739513	0.0480691551	0.0966353234	0.0959719207	-0.0069577073	0.0004440091	-0.041576519	0.0452092907	0.1833665599	0.0953829986	0.0096161063	0.1549971259	0.0595904736	-0.0476840284	0.1077952398	0.0567793632	0.0259462987	0.0174291291	0.0270688557	0.0100229676	0.0976267061	0.0271370541	-0.04383801	0.035084403	0.0480303776	0.0768817531	0.0460683339	0.0348100575	-0.0624126622	-0.0923909068	-0.0210494836	0.015312717	0.0380166738	0.067105685	0.0029113885	-0.0656188144	0.0279238529	-0.057868221	-0.1361193844	0.0891783255	0.1684887931	0.0763290089	0.0295651469	0.0834050822	-0.0155461083	-0.0815805978	-0.020989731	-0.0164791756	-0.0363861158	0.0614421406	-0.04466428	-0.0912136507	-0.0663614705	0.0277630555	0.0868031946	-0.0286301422	0.0267272574	-0.0675332776	-0.0128026483	-0.0755837981	-0.1408482833	0.0548921379	-0.0402272495	0.0293032735	-0.0127412334	-0.0678522423	0.0219714088	-0.0104367657	-0.0540598098	-0.0418672412	-0.0017956684	0.094892886	0.1786143633	-0.0574004001	0.0713252604	0.1961499362	0.0055350843	-0.1335790695	0.0452965951	0.018462856	0.1057279341	-0.0165760277	0.0488953606	-0.048395846	0.0099714077	0.0763791616	-0.0051762219	-0.015651449	-0.0012062233	0.0279900105	-0.1084029984	0.0626115091	-0.000230804	0.0562446049	-0.0669908835	-0.0632889399	0.0118009295	-0.0344898131	-0.043504719	-0.1042815702	0.0389484347	-0.0395601168	0.0065969747	0.0139903026	-0.1023067888	-0.0409960724	0.091485117	0.0	0.0	0.1602484509102879	0.0100336299707634	0.0001006737303902	0.0256795660191469	0.2868734999343729	0.0234513837858116	0.0005499674014694	0.0822964049645966	-0.4160382904975179	-0.002615736070382	0.173087859160097	6.842075189897536e-06	0.0171791597254979	0.0014605106026592	2.133091220480229e-06	0.0002951235288741	-0.0063320024912014	-0.0008520763823558	7.260341613685475e-07	4.009425554858073e-05	0.0058284070314494	-8.660317060139953e-05	7.500109158215111e-09	3.397032852424881e-05	0.0	0.0	0.0	0.0	0.0	0.0	0.0	0.0	0.0	0.0	0.0	0.0	0.0
58.50532977891941	-0.1352518210172704	0.0182930550884877	3422.873612540114	67.33236643173153	-0.3528125787497487	4533.647569296967	0.1244767157240476	59.08497620086853	-0.1250941309751496	0.0156485416044278	3491.034412657201	60.01796377335852	49.90578447806584	0.8546789999999999	29.38373	0.3449512865858127	0.1826633622263528	-0.0832736374	-0.0820115404	0.0458396527	0.1121181641	0.0117492595	0.1085210028	0.0152269301	-0.0405883863	0.0428239725	0.0641876675	-0.0135544722	-0.0461221045	0.0321083836	-0.0144132333	0.0010739453	0.0226919365	-0.0169436526	-0.0918038483	0.0293777712	0.002861155	-0.0551496419	-0.0211036498	-0.1016749265	0.0341594926	-0.0373854484	-0.0636148486	-0.1034010421	-0.0046717164	-0.0915599317	0.018944562	0.0184503444	-0.1467024341	-0.1495887054	0.0490491187	-0.1127356367	0.031840722	-0.0256739968	-0.0263932234	-0.0122196806	0.055565651	0.0082103514	-0.082144618	-0.1401421894	0.00398077	0.0227514231	-0.1193394389	-0.0051893146	-0.0420785462	0.0670419073	0.094942744	0.102597686	-0.0560344336	-0.0037651262	-0.038271356	-0.004408132	0.0679710718	-0.051622219	0.0431824537	-0.050513127	-0.0056074989	0.0701849529	-0.1020764755	-0.0537782412	-0.0512729985	0.0379359848	0.0226259292	-0.0363359626	-0.0240288571	-0.0244952094	-0.0066827809	-0.0676172906	0.0160721366	0.0753810132	-0.0084691922	-0.0723963852	-0.0274091519	0.0440115074	0.0039618004	-0.067858607	0.0160960768	-0.0510513392	0.0946242086	-0.0878062219	0.1425002591	0.1322491788	0.0301463225	0.058612048	0.0308150848	0.0112807611	-0.0426217742	-0.121655244	0.0291360167	-0.0379996181	0.0676545722	-0.0125239604	0.1225851442	0.0491968073	0.0096401949	-0.0056332823	0.1060003687	-0.023053119	-0.1206091386	0.0014091575	-0.022297832	0.0270431833	0.0286515996	-0.0429990608	0.1624641818	-0.0163995459	-0.0713117157	-0.0192824604	-0.0177598064	-0.0005555764	0.0019238366	0.0783211397	-0.014564984	-0.0649928514	-0.0148842289	-0.0503384405	-0.0554253389	0.1008837937	-0.0174929157	0.0341508398	0.0273263875	-0.0002082826	0.0942280721	0.0050004101	-0.0277864718	0.0163779352	-0.0142804079	-0.1907251584	0.1210155233	0.0017347517	0.0054131088	-0.0270557679	-0.027699707	0.0687176363	-0.0154149696	0.0433249172	-0.0967245884	-0.0465106928	-0.0528116094	0.0856424997	0.012133754	-0.1032218959	-0.0357652936	0.0950338178	0.0	0.0	0.1586431525199287	-0.0016052983903591	2.5769829220898204e-06	0.0251676498414613	0.3623141759244532	0.0754406759900803	0.0056912955938402	0.1312715620758156	-0.3833801726974997	0.0326581178000182	0.1469803568175647	0.0010665526582398	0.0200197393889419	0.002840579663444	8.06889282437163e-06	0.0004007899652011	-0.0076157686121363	-0.0012837661209349	1.6480554532602416e-06	5.799993155360047e-05	0.0064090051351776	0.0005805981037281	3.370941580527811e-07	4.107534682273284e-05	0.0	0.0	0.0	0.0	0.0	0.0	0.0	0.0	0.0	0.0	0.0	0.0	0.0
58.6063755040698	0.1010457251503922	0.0102102385711686	3434.707249724033	66.7876050277841	-0.5447614039474331	4460.584185347291	0.2967649872307784	59.17177160933954	0.0867954084710049	0.0075334429316486	3501.29855538784	60.094333805835255	49.56652706206573	0.870553	29.929476	0.2661936068394894	0.1203942078288465	-0.0737681966	-0.0781818445	-0.0593084538	0.031891375	0.0024703856	0.040970469	0.070468534	0.0449731668	-0.0799969722	-0.0295009769	-0.0270721373	-0.048550818	-0.0367793154	-0.0314586386	0.0138848866	-0.0044970118	0.0281223318	0.1563047887	0.1696445404	-0.0007105222	-0.0444622471	0.0084064208	-0.0957664645	0.0106329287	0.084499269	-0.0072669736	-0.0234320098	-0.1042855033	2.52879e-05	-0.0423716132	-0.0364212226	-0.1665735755	0.0441401669	0.0133010667	0.0362359229	0.0438046997	0.0896976146	-0.0201609716	-0.0204588188	-0.0257156557	0.0409328034	0.0470168567	0.0208668898	-0.1312723384	-0.0203005064	-0.0460367297	-0.107524465	0.0174663782	0.1145993144	0.0193912991	-0.0416432148	-0.0244408518	-0.1887005673	-0.0916320288	-0.0422739406	-0.0021224099	-0.0029713682	-0.0222942997	-0.0538171996	-0.019391192	-0.1997292914	-0.0637940426	0.0647248063	-0.0353372694	-0.1276781103	-0.0183412137	-0.0281360572	-0.0704738627	-0.0122301308	-0.0629295742	-0.0144739472	-0.0609106349	-0.053575394	-0.0349529925	-0.019779866	0.0230076207	0.1955538934	-0.0599080831	-0.1216543752	-0.0873964124	-0.0631865761	-0.0020030934	-0.128359421	-0.0842052298	0.0346444466	-0.0044804952	0.0228028006	-0.0346511133	0.0214335099	0.0292826073	0.0558921926	-0.0301009964	0.0332346074	-0.0071676622	0.0394929703	0.0938014859	-0.078401423	-0.0667120147	-0.0661741676	-0.1092632011	-0.0617268802	-0.0831229174	-0.0919081558	-0.093393143	0.0723197876	-0.1335654126	-0.0858916988	-0.0806318879	-0.0021949681	-0.0986074196	0.0262455201	-0.148354921	-0.054036898	-0.0820865912	0.0024228017	0.0106183992	-0.0841679506	0.0266539212	-0.0531191534	-0.1110798645	0.0848719642	-0.0056694103	0.0835821485	0.0910524142	0.0400515708	0.0200900721	0.0105525461	-0.0325990473	0.0739859328	0.0390608057	-0.1294039105	0.0627904062	0.0081274987	-0.0699304763	0.0039840509	-0.0139769908	-0.0486546074	-0.0127676339	-0.0206358962	0.0236356612	-0.0333828753	-0.0397229928	0.0555945188	0.0102734258	-0.1040084014	-0.0304342698	0.0981090648	0.0	0.0	0.1130285638939625	-0.0456145886259661	0.0020806906955161	0.0127754562559315	0.3867443477591337	0.0244301718346804	0.000596833295872	0.1495711905236377	-0.4443440329805526	-0.0609638602830528	0.1974416196454224	0.0037165922606115	0.0213555355135535	0.0013357961246115	1.7843512865273669e-06	0.0004560588970706	-0.0066199061178173	0.000995862494319	9.917421075912605e-07	4.382315700871492e-05	0.0060369640321924	-0.0003720411029851	1.3841458231044377e-07	3.644493472598472e-05	0.0	0.0	0.0	0.0	0.0	0.0	0.0	0.0	0.0	0.0	0.0	0.0	0.0
58.64403014333873	0.0376546392689292	0.0014178718584731	3439.1222714528217	66.14347623448515	-0.6441287932989468	4374.959448381902	0.4149019023567573	59.20748366485266	0.0357120555131231	0.0012753509089723	3505.5261219237946	60.07615750619668	49.74590266266885	0.8728099999999999	30.007076	0.2644641790892352	0.1559094324029571	-0.0874279507	-0.0840857775	-0.165786744	-0.0161711975	-0.0101259751	-0.0539635517	0.0742157073	-0.0027983148	-0.0481531217	-0.1365291417	0.0922134147	0.0415171504	-0.0774010398	-0.0321043939	-0.1037051631	0.088898896	-0.0261070724	0.1539879558	0.0067394484	-0.0226879457	-0.0829040435	-0.0430062809	-0.0460498468	0.1313068709	0.0660335253	-0.0594096894	-0.0745331493	0.003347819	-0.033950411	-0.1054419331	0.0245620546	0.0758865786	0.0565818651	-0.0046110573	0.1275650958	-0.0373251231	-0.003817186	0.0671471565	0.062384797	0.0778910198	-0.0344830977	-0.0911632841	-0.0071869392	-0.0329572155	0.0152976286	0.0490686535	-0.0211272241	-0.0119245712	-0.0597926618	-0.1621356703	-0.0238388513	0.0263044226	0.002935279	0.0852964123	-0.0887136295	-0.1620155301	0.1073170997	0.0313688003	0.0021352572	-0.0671417173	0.1232130437	0.0465456903	0.0010371709	0.0361884141	-0.1078675163	-0.014115968	0.1180152058	-0.0148756751	-0.0289201758	-0.0744722839	0.0066680116	-0.0503716206	-0.1070300928	-0.0189922031	-0.0274892958	-0.0540651189	0.0250321548	-0.1398063836	0.1315156984	-0.1013549589	0.0768309542	-0.1188299957	0.0670048636	-0.0668297589	-0.0109607449	-0.0464025045	0.0253241256	-0.0976125606	-0.1001915788	0.0823170334	0.1117165908	0.0900082917	-0.0472468847	-0.03794186	-0.0084696566	0.0939338748	0.0527677154	0.0418861183	0.0330271081	0.0963558967	-0.0042954955	-0.0936667662	0.1247051742	-0.0159278358	0.0606758574	-0.0261009784	0.0304460282	-0.0729787725	-0.0197137583	0.0677282424	-0.0260629975	0.103439649	-0.050976148	0.016943836	-0.0211674428	-0.0376959211	-0.0041205349	-0.020578043	-0.0916099897	-0.1717894261	0.0732752377	0.0374062999	0.0749880165	-0.0010540051	0.0329259556	-0.0014625789	-0.0279699276	-0.0884668462	0.0815740976	-0.0154174936	-0.0362103797	0.0140221655	-0.0240499733	-0.0664250864	0.0115878588	-0.0501664577	-0.0648659485	0.0479297324	0.0252949114	0.0259323593	-0.0052503675	0.0333619076	-0.0346068578	0.0084098975	-0.1046653254	-0.0250179432	0.1006955375	0.0	0.0	0.1094344036596481	-0.0035941602343144	1.2917987789926943e-05	0.0119758887043428	0.4405612544345558	0.0538169066754221	0.002896259444111	0.1940942189089494	-0.4971868449961363	-0.0528428120155837	0.247194758837212	0.0027923627817143	0.0239456595102387	0.0025901239966851	6.70874231820451e-06	0.0005733946093802	-0.0062739564239016	0.0003459496939157	1.196811907203665e-07	3.936252920901616e-05	0.0061850963448698	0.0001481323126774	2.1943182059155026e-08	3.8255416795321766e-05	0.0	0.0	0.0	0.0	0.0	0.0	0.0	0.0	0.0	0.0	0.0	0.0	0.0
58.69134708119992	0.0473169378611899	0.0022388926085597	3444.6742222058747	67.44949772429568	1.306021489810533	4549.434743259769	1.7056921318469238	59.2961168689888	0.088633204136137	0.0078558448754381	3516.029475740778	60.22169722584363	49.78654068079958	0.871692	29.968616	0.2815957606802604	0.1482865551406511	-0.0917874612	-0.0583285596	-0.132849404	-0.033201368	0.0638669603	-0.0413302571	0.0684939372	-0.1728668808	0.0140365709	0.0481237973	0.030938662	0.0489161323	-0.0903517881	-0.0735706478	-0.0679696757	-0.0268831547	-0.124148358	0.0131101586	0.0389657189	-0.0619984502	0.0677692429	-0.1472460066	0.0238619713	-0.0147925523	-0.0763321578	-0.1689652539	0.0908293279	0.0585299128	0.0282352368	0.2165270722	0.0297637393	-0.0874487138	0.088315936	-0.089367673	0.024658088	-0.0421914882	-0.0929346163	-0.0726491085	-0.0756351383	0.0543247519	0.0826004509	0.0035742811	-0.1180882976	0.0109401366	0.03969955	0.0115353598	-0.0058919711	0.0646721696	0.03142606	-0.0926552179	0.0284682613	-0.0249488378	-0.0086977625	-0.032422753	-0.0343896487	-0.004668928	0.038303471	-0.0867645561	0.078683396	-0.0042079894	-0.0164540502	-0.1937462569	-0.0149231702	0.0405569303	0.1175246127	0.0544283366	0.0432295387	-0.0649615892	-0.0186017423	-0.0419392881	-0.0939793015	0.1399815063	-0.073542684	0.0414889006	-0.1071958709	-0.1002326571	-0.021658383	-0.1932722878	0.0757092256	0.0271129905	0.0566390438	0.0456008785	-0.0059987429	0.0727958157	0.0043055502	0.0293590279	-0.0923641739	-0.006053817	0.0069835174	-0.0674451472	-0.0566762267	-0.1032480629	0.1014244958	-0.0518181163	-0.0214688142	0.0452907949	-0.093175039	-0.0833614592	0.0108398866	0.0620426545	0.1389771038	0.0917564639	0.0659252382	-0.0121598049	0.0385673163	0.0640519608	0.0010192291	0.1090552405	-0.0136431987	0.0324274736	-0.0447124388	-0.0923577195	0.0541605003	0.0681317157	0.0046928832	0.0267963544	-0.0549997099	-0.0266089011	0.1373545882	-0.1195295493	0.0833127046	-0.0192984026	-0.0507919817	-0.1110206148	0.0089270916	0.0625899365	-0.0517460733	0.0118150264	0.1402628803	-0.0115288603	0.0196634125	0.0174022672	-0.0128059975	0.0314320748	0.0016921642	-0.0048304452	0.0768659337	-0.062741325	-0.0500277348	-0.0097081933	-0.0188432124	-0.110461884	0.0466562778	0.0065437496	-0.1051918494	-0.0195314949	0.10278035	0.0	0.0	0.1498387222563337	0.0404043185966856	0.0016325089612624	0.0224516426874107	0.4224106670816923	-0.0181505873528635	0.0003294438212539	0.1784307716644002	-0.3790853213915	0.1181015236046363	0.1437056808944968	0.0139479698777364	0.0229683643668525	-0.0009772951433861	9.551057972862498e-07	0.0005275457616884	-0.0052513733152199	0.0010225831086817	1.0456762141611303e-06	2.757692169580364e-05	0.0060861879744162	-9.890837045360008e-05	9.782865745786588e-09	3.704168405992837e-05	0.0	0.0	0.0	0.0	0.0	0.0	0.0	0.0	0.0	0.0	0.0	0.0	0.0
58.45432555530846	-0.237021525891464	0.0561792037359179	3416.908176125987	67.31138812011915	-0.1381096041765346	4530.8229706573175	0.019074262765799	59.18958252704158	-0.1065343419472171	0.0113495660141265	3503.406679725466	60.17241140168745	50.25617709540897	0.901811	31.004107	0.1346177938078216	0.0626927931106352	-0.0785969814	-0.1696537614	-0.0860672511	-0.0685261777	0.0988265457	0.0655747612	0.0557699977	-0.143904118	-0.055095844	0.0893024086	0.1048485787	-0.0934849941	-0.0988658172	0.0142848883	-0.0447293335	-0.0028521228	-0.0649943244	-0.0018390538	-0.0340081439	-0.0591404019	-0.0125392125	-0.0201498221	-0.0276472912	-0.1189443339	0.0259447322	-0.0316443908	0.0530661991	-0.1457499289	0.0655713709	0.0721978884	-0.0033289057	-0.0242114577	-0.0350292822	0.0119377098	-0.035283854	0.0808230928	0.0295186557	0.0264006242	0.0725820568	-0.1308016095	-0.1241572927	-0.0289483821	-0.0297339985	0.0689158492	-0.0116051439	-0.1168541498	0.0483034802	-0.0320232678	-0.1679395942	-0.1700427481	0.121466895	0.1460008191	0.0170406663	-0.1554962906	-0.0562576123	0.0699092809	-0.0866641824	-0.0062349755	-0.0294722446	-0.1236328485	0.0074993057	0.1431175177	0.0535354683	0.0313720255	-0.093404174	-0.0430164424	0.0047514877	0.0564632161	0.0242552112	-0.0244816974	-0.0760823105	0.0662058102	-0.0505223426	-0.0127271572	-0.0052887651	-0.0938522179	0.0705312607	-0.0511300546	0.0347059775	-0.0509280619	-0.0967894986	0.0442258863	0.0046925832	0.0673435705	-0.0164528261	-0.0086966937	0.0261769133	0.1463865228	0.0339394243	-0.0050637005	-0.0134322362	-0.0640019968	0.0666089699	-0.1460105179	-0.0043480804	0.0216308016	0.1703561828	-0.0229935188	0.1450880153	-0.1014877707	0.0151717603	-0.0788773187	0.033541943	0.0897372956	-0.0618631256	0.0380643493	0.049379667	-0.0664598276	0.1516686588	0.0754346537	0.0828901385	0.1386451824	0.0368149158	0.0959094057	0.1423991816	-0.0929770393	-0.0444384181	0.0251979941	-0.0613262093	-0.157852759	0.0533779299	-0.0189922671	-0.0222764498	0.0043604887	0.0685946312	0.1007505864	-0.0722044125	-0.0388710957	0.0759919641	0.0319520435	0.0391512032	0.031601607	-0.0112033419	0.0931331374	0.0119300809	0.025705826	0.0258873186	-0.0446481369	-0.014574722	0.0293821174	0.0581938348	-0.0940100846	0.018628412	0.0046755634	-0.1055873175	-0.0139903026	0.104353116	0.0	0.0	0.1195491629942893	-0.0302895592620444	0.0009174574002889	0.0142920023726351	0.4442826314716228	0.0218719643899305	0.0004783828262743	0.1973870566273498	-0.3961346614038419	-0.0170493400123419	0.1569226699655364	0.0002906799948564	0.023752251076101	0.0007838867092484	6.144783729364389e-07	0.0005641694311821	-0.0052098134415072	4.155987371269945e-05	1.727223103015527e-09	2.7142156095309095e-05	0.0065688799943251	0.0004826920199088	2.3299158608373387e-07	4.315018437984453e-05	0.0	0.0	0.0	0.0	0.0	0.0	0.0	0.0	0.0	0.0	0.0	0.0	0.0
58.22326922552429	-0.2310563297841668	0.0533870275333296	3389.949079307884	67.06829047510041	-0.2430976450187358	4498.155587252445	0.0590964650136553	59.29314445962712	0.1035619325855421	0.0107250738808523	3515.6769799102103	60.24942387484098	48.74023928573473	0.937828	32.242367	0.1012202251005602	0.060420530300834	-0.0208377416	-0.1739958113	-0.0262117972	0.011055327	0.0310522074	0.0314530331	-0.0008174257	-0.1075887634	-0.158232456	-0.0054788316	0.0883281675	0.0143781145	-0.0870211613	-0.0124248164	-0.051524621	-0.0537761307	-0.1158734643	0.1010754854	-0.0297301264	-0.0774226055	-0.0415337618	0.0112289051	0.0682487338	0.2039513477	-0.0236910374	0.0674923238	-0.0887698346	0.0455799048	0.0784180115	-0.0979843925	0.0715519395	0.0550322793	0.0766843183	-0.0665699987	-0.0051212203	0.1123570426	-0.0227717112	-0.0654523021	0.0161857984	-0.0719331477	0.0966642124	-0.0613138984	-0.0647613214	-0.0310393225	0.0612343111	0.0102509279	-0.019228954	0.0106566041	0.0671027278	-0.0109052974	-0.1316552827	-0.0505303453	-0.1018880546	0.0942437423	-0.0366455628	-0.1257361188	0.0427074446	-0.162198996	-0.036433501	0.0649384243	-0.1457937839	0.0405552468	-0.141139858	-0.0579821897	-0.0423140257	-0.000981667	-0.0367200251	-0.049306394	0.069563001	-0.1423054315	-0.0712330902	-0.0216982481	-0.0822843802	-0.1098198101	-0.0377953338	-0.0636808193	-0.0099435431	0.0284176523	0.0571997358	0.0600666401	-0.0294196903	-0.0961928962	0.0638904446	-0.0320564084	0.0381572576	0.0440234557	0.0715549292	-0.1181451402	-0.1254321528	-0.0591287161	0.059960953	-0.0378213787	-0.0794944592	0.0459612767	-0.0896343819	-0.1535348067	-0.0882391305	-0.0754438254	0.0231629992	0.0488508231	-0.0581280093	-0.04282221	0.0548080003	-0.0369637793	0.0796799561	-0.0191312733	-0.0149043727	-0.0569479128	-0.0731189492	0.0540851001	-0.1218193132	0.010143542	-0.0825783585	-0.0363872012	-0.0301024993	0.0886558619	0.1248937756	0.0828137437	-0.0218417365	-0.147973004	-0.0096414932	-0.0034403794	-0.002876043	0.0643312242	0.108245318	0.0802262746	-0.0934297603	-0.0198699096	0.0529970407	-0.0527255925	0.0816271352	0.0349045004	0.0218481348	0.0377287544	0.0143962192	0.047809374	-0.0114312269	0.0636504344	0.0089598046	-0.0322532187	-0.0263362735	0.0137654621	0.0045695333	0.0028059207	-0.1058512369	-0.0084098975	0.1054060001	0.0	0.0	0.0857421917281442	-0.0338069712661451	0.0011429113061899	0.0073517234423458	0.4468619468649422	0.0025793153933194	6.652867898214429e-06	0.1996855995559264	-0.4451219295298827	-0.0489872681260408	0.1981335321484058	0.0023997524384526	0.0236187395209081	-0.0001335115551928	1.7825335370026237e-08	0.0005578448565565	-0.0052118751388743	-2.0616973670992134e-06	4.250596033503829e-12	2.7163642463216e-05	0.006387519840584	-0.000181360153741	3.28915053649954e-08	4.0800409713854256e-05	0.0	0.0	0.0	0.0	0.0	0.0	0.0	0.0	0.0	0.0	0.0	0.0	0.0
58.01656302303969	-0.2067062024846038	0.042727454145606	3365.921585006336	67.4121163883946	0.3438259132941823	4544.393435962459	0.1182162586525785	59.25488162641766	-0.0382628332094654	0.0014640444052153	3511.1409965607686	60.308273508976775	48.38067738462103	0.962929	33.105343	0.1893480956850105	0.1079371778083981	0.0335011255	-0.164913345	-0.0436992612	0.0128566127	0.0855543143	0.0708762484	-0.0083700159	-0.1544063248	-0.0756606584	0.1164363367	0.0184848907	-0.067114145	-0.1169756754	0.0568235687	0.0535815802	-0.0911255568	-0.1107967911	-0.0430814791	-0.1230593436	-0.0774521311	0.1229784319	-0.0510469275	-0.0624640198	0.0698103188	0.0067320819	-0.0544302284	-0.0731812742	-0.0614517991	0.073006325	-0.0480239494	-0.0246418655	0.0077066047	-0.0924690439	-0.0818195913	0.0088691316	-0.1297446184	0.064447657	-0.0626255552	0.0105871236	-0.0541493237	0.0230838553	-0.0413971919	-0.0105029153	-0.0045419677	-0.0246084445	-0.0929503644	-0.0109351844	0.0603746085	-0.0266123062	0.0860767533	-0.0105893786	0.0734705632	-0.0831526283	0.0490627944	0.0187103587	-0.1388689575	-0.0318178235	0.0141237612	-0.1074943884	-0.1749375774	0.0266544661	-0.0577826755	-0.0825591759	0.0310024773	-0.1387492957	0.1635796502	0.0612170532	0.0627260343	0.0769607317	-0.0657687758	-0.087370177	0.1375850432	-0.0720831422	0.0272544256	0.0300743474	-0.0757090037	0.0418399508	-0.024602915	0.2087381776	0.0598401094	-0.0831411944	0.0072559462	-0.0520734457	0.054010435	0.0544522752	-0.0902022932	0.0718799934	0.0428130284	-0.0565738376	-0.0952428179	-0.0457886215	-0.1246474912	-0.1272389497	0.0420848109	0.0433783391	-0.0461843492	0.0676122385	-0.0218716879	0.0501602558	-0.0893810431	-0.0720780167	0.0419068614	-0.039073822	-0.0356498479	0.0877353804	0.0313626034	-0.0913745645	0.0224694239	-0.1568555683	-0.025880842	-0.1263954663	0.0722366484	0.1280650919	0.0011488919	-0.0325113883	0.0055423016	0.0525982773	-0.0019449126	0.0093632636	-0.1233102164	-0.0499715977	-0.0395118246	-0.0672107214	-0.0291341952	0.0236509872	0.0746892699	-0.127506683	0.0284996028	0.0304628793	-0.0473586603	0.03125429	0.0095638737	0.0192591832	0.0263181543	0.0711308844	-0.013663881	-0.0161496694	-0.0265262058	0.0358542976	0.0518515836	0.0024706423	-0.046246919	0.0419640555	0.000935404	-0.1059832789	-0.0028059207	0.1059337567	0.0	0.0	0.0914576848746122	0.005715493146468	3.266686190732275e-05	0.0083645081226238	0.4259910199833143	-0.0208709268816278	0.0004355955888982	0.1814683491064244	-0.3554760531754581	0.0896458763544246	0.1263632243812011	0.0080363831473527	0.0227396510126639	-0.0008790885082442	7.727966053270134e-07	0.0005170917281777	-0.0047211066805616	0.0004907684583126	2.408536796746237e-07	2.228884828924337e-05	0.0062950608210911	-9.245901949289996e-05	8.548670285588453e-09	3.962779074123616e-05	0.0	0.0	0.0	0.0	0.0	0.0	0.0	0.0	0.0	0.0	0.0	0.0	0.0
57.93289301743948	-0.0836700056002044	0.0070006698371382	3356.2200933700883	66.81505558649357	-0.5970608019010228	4464.2516530262255	0.3564816011666924	59.29112697935619	0.0362453529385362	0.001313725609639	3515.43773848214	60.32075448048601	46.57403717963201	0.956344	32.87896	0.1300340262438416	0.0568416817182052	0.0701704152	-0.0542123617	-0.0856099729	0.0225386829	0.082789791	-0.0673783191	-0.0400349129	-0.1370631716	-0.0473476902	0.0335123799	-0.0892623204	-0.0196541897	0.0063903258	0.0330788767	0.0639977134	-0.1213762945	-0.1644709742	-0.0146215891	-0.0087873338	0.0369602284	0.0565695979	0.005229951	0.0490662268	0.0352144782	0.0659816836	-0.1540001571	-0.1148119715	-0.0269591641	-0.0418240692	-0.0303766397	0.0561860714	0.0369524872	-0.0488813286	-0.1101426449	0.005287313	0.1079869324	0.0560864501	-0.0132405572	0.0164940566	0.0672843663	-0.020178564	-0.039453157	0.0694049415	0.02881246	-0.0282043473	0.0367076352	0.0291557849	-0.0472115895	-0.0034573454	-0.0170443393	-0.0500538069	0.0673219309	0.0105310795	0.0165640308	0.0479310008	0.0586627833	0.0416137537	-0.0111337403	-0.0629316605	0.0192904305	0.0643497054	-0.0852976232	-0.0018727115	0.1156659766	0.0308623276	-0.003011357	-0.1391331048	-0.0808110887	0.097688658	-0.108699584	-0.0845392677	0.0469512935	-0.0228985657	0.0090976532	-0.0285638005	-0.022209551	-0.0768976847	-0.0154998408	0.1060096772	-0.0368879915	-0.0178972868	0.0619780408	0.1299583567	-0.0952126839	0.0730703499	0.0291890662	-0.0377687495	-0.1213096804	-0.0425212128	0.0830732198	-0.1076254541	0.0370058918	-0.0035882802	0.1563851239	-0.0095789665	0.0194552397	0.0921662033	-0.0986933062	0.0730971872	0.0267725779	-0.0097688853	-0.0188689475	-0.0701133334	-0.0118232089	-0.1251317852	-0.0951058795	-0.1041476571	0.0124557336	0.0051190518	-0.0143026446	-0.0436253077	-0.0101931013	0.020823925	0.1118834583	0.0077054578	0.0630782666	0.0673296706	0.0857162599	0.0411146377	-0.1044950669	-0.0807350205	-0.0194010787	-0.0272598903	0.0561890141	0.0017697939	-0.0094643944	-0.0301194828	0.0424268001	0.098186503	-0.0656201351	0.0250195215	0.0074306804	0.0671966129	-0.0385025994	0.1060784859	0.0056310571	-0.0145371699	-0.0306838195	0.0501503059	0.0082338702	-0.0219467907	-0.0130362024	0.0424605329	-0.000935404	-0.1059832789	0.0028059207	0.1059337567	0.0	0.0	0.0809767948622379	-0.0104808900123743	0.0001098490554514	0.0065572413061609	0.4050164602001729	-0.0209745597831413	0.0004399321580965	0.1640383330330782	-0.394854696259209	-0.0393786430837508	0.1559102311579522	0.0015506775311174	0.0222421620047485	-0.0004974890079154	2.4749531299665015e-07	0.0004947137706454	-0.0043222826882172	0.0003988239923444	1.5906057686952656e-07	1.86821276368621e-05	0.0060073751540594	-0.0002876856670317	8.276304301547419e-08	3.608855624161021e-05	0.0	0.0	0.0	0.0	0.0	0.0	0.0	0.0	0.0	0.0	0.0	0.0	0.0
58.155905726898965	0.223012709459482	0.0497346685804593	3382.10937091596	66.47236280789191	-0.3426927786016591	4418.575017264012	0.1174383405057257	59.13545503650679	-0.155671942849402	0.0242337537905074	3497.0020423747164	60.08736537791084	47.22797204598735	0.911876	31.350151	0.2026640072888534	0.108703873628132	0.0510569245	-0.0660677778	-0.0846622878	0.111195534	-0.0718817934	-0.0083040098	-0.0732124687	0.0428004284	-0.0141821001	0.0145748597	0.0357680933	0.1220097553	0.0327583066	0.0244383684	0.1386816945	-0.0274618869	-0.0177376838	0.1125279035	0.0353552708	-0.0290693752	-0.1366211742	-0.0600855135	-0.0137215572	0.0517062176	0.0557412613	-0.0627322921	0.0244582483	-0.1138138842	-0.0552777324	0.0155057151	-0.0979480516	-0.0494476316	0.0256001266	-0.062672313	-0.0716415138	0.0082963684	0.0110320344	-0.0441257551	-0.0778698503	-0.0973024177	0.0325115629	0.0079421819	-0.0786937067	0.0183151584	-0.0214446223	0.0174284813	0.0139450326	0.0494558042	-0.0537744111	0.1816440316	-0.1581619443	-0.1658677523	0.0290197427	-0.0070539294	-0.0783620374	-0.0078520175	0.0537333733	0.011325065	-0.0358582307	0.0738753902	0.0230861605	0.1120911882	0.1225611182	0.1484746047	0.0656457205	0.0137956106	-0.0436305565	-0.0325901058	0.0457722086	-0.0067226298	0.0105267937	-0.0453416993	-0.0534866432	0.0102677703	-0.0349851995	-0.1533243623	0.0012362031	-0.0474250542	-0.0768242101	-0.0504730277	-0.0192906434	-0.0061477427	0.0237739003	-0.0939297627	0.0701534668	0.0228799627	0.1223986753	0.0380191293	-0.0498310756	0.0919226833	0.1697237727	-0.0339916939	0.1388364852	0.1572087669	0.051295785	-0.0097890712	-0.1020559874	-0.0753798848	-0.1744761924	-0.0166024551	0.0409498327	0.0558501479	-0.0482295715	0.0576383392	0.0288172318	0.0681687134	0.1666584726	-0.039703771	-0.0740310875	0.0252782065	0.0232285016	-0.0464958437	0.0231397103	0.0541069014	-0.0679031102	0.0614302058	-0.0929210863	0.0182699906	-0.0703265754	-0.1342780212	-0.0517809594	0.0052027981	-0.0095171835	-0.0526842648	0.0123579026	-0.0529011999	0.0004338827	0.0619716053	0.0249208426	-0.0347140803	-0.0452357188	-0.0159152151	0.1051964507	-0.0465558988	0.0435478206	0.0010424131	-0.030992934	-0.0500945447	0.00684524	0.0759475817	-0.0470170316	0.0699108005	0.0841210244	-0.0028059207	-0.1058512369	0.0084098975	0.1054060001	0.0	0.0	0.0856844670146017	0.0047076721523637	2.21621770941416e-05	0.0073418278875763	0.4251676560395481	0.0201511958393751	0.0004060706937568	0.1807675357421634	-0.4730556020137584	-0.0782009057545494	0.2237816025965993	0.0061153816608319	0.0231406446687396	0.0008984826639911	8.072710974925453e-07	0.0005354894356848	-0.0052609870839588	-0.0009387043957416	8.81165942584603e-07	2.767798509758132e-05	0.006162272765178	0.0001548976111185	2.399326993024888e-08	3.797360563245451e-05	0.0	0.0	0.0	0.0	0.0	0.0	0.0	0.0	0.0	0.0	0.0	0.0	0.0
57.90712778074067	-0.2487779461582917	0.0618904664947379	3353.235447815028	66.50157263862216	0.0292098307302524	4422.45916340994	0.0008532142112899	59.09268234271248	-0.042772693794312	0.0018295033344219	3491.945106456724	60.13521387343394	47.7125224015292	0.922469	31.71434	0.2424300663328419	0.1419810649849138	0.0577423075	-0.1830386009	-0.0742551429	0.052786111	-0.094485538	0.1581110432	-0.088007002	-0.0473014335	0.0964798139	-0.154013656	-0.1475487242	0.0139088082	0.1665160617	0.2343631109	0.0477496357	-0.1120963047	0.017953636	0.1101339856	0.0529322572	0.0320126816	-0.0206049738	0.0827884122	-0.1079739575	0.0037574757	-0.0091328969	0.1162437131	-0.0188373798	-0.1014565959	0.0514633443	0.1315027766	0.1100746639	0.0199630366	-0.0714295469	-0.073378007	0.0520349541	0.1031974501	-0.0198332966	0.0620508414	0.0818284572	0.0558241774	0.0444554255	0.0528527429	-0.0698331301	0.0027398106	-0.0764728044	0.1523679391	0.0271437986	-0.0786429638	0.0039348611	0.0779464754	-0.030887229	0.0415301841	0.1271958368	0.0366027543	0.0189298338	0.0292180465	0.0113096477	0.03413101	0.1253444124	0.0905533093	-0.082207784	0.0701422026	-0.1478457878	-0.0229023242	-0.0889998199	-0.0101878368	-0.0501923374	-0.0639670845	0.1563776043	-0.0063035669	-0.0264856088	-0.2199852523	0.0767268995	-0.0594264836	-0.1204603076	0.0491682272	0.0777970468	0.1293706426	0.0468667307	-0.0656274224	0.1344930073	0.0066443368	-0.1119277736	-0.0542488045	-0.0292210396	-0.0462781532	0.1190561671	-0.0316093234	0.110914878	0.0563002728	-0.0801047955	-0.0048957104	-0.0013338359	0.0054358393	0.0006086569	-0.05913816	-0.0092010235	-0.0633898023	-0.1165607367	0.1177885022	-0.0055535301	0.0440134759	-0.0331349562	0.013894673	-0.1790125898	0.073091074	0.0122426047	0.0613122982	0.0605920849	-0.0377578429	0.2708053621	0.0385471626	-0.0341620315	-0.0480538497	0.036553014	-0.0003657823	0.0774132917	-0.0298997731	0.0239424303	-0.1767466772	-0.0879911428	0.0690494486	0.0384793871	-0.0061381809	0.0878421096	-0.0112505151	-0.011502474	-0.0300576386	-0.0457429021	-0.0361477718	-0.006087892	-0.0568808059	0.079621751	-0.0248637363	0.0073041617	0.0216737006	-0.081637703	0.0209168762	0.0140824239	0.0226110656	-0.0261521372	0.0714413122	0.0596382563	-0.0046755634	-0.1055873175	0.0139903026	0.104353116	0.0	0.0	0.0688352251782618	-0.0168492418363399	0.0002838969504594	0.004738288225342	0.4508661371456384	0.0256984811060903	0.00066041193116	0.2032802736246296	-0.5397171678299202	-0.0666615658161617	0.2912946212503502	0.0044437643570624	0.0254778448551462	0.0023372001864065	5.462504711339044e-06	0.0006491205784628	-0.0050220174623465	0.0002389696216123	5.710648005352592e-08	2.5220659392113176e-05	0.0060740270217119	-8.824574346610013e-05	7.787311239884754e-09	3.689380426048633e-05	0.0	0.0	0.0	0.0	0.0	0.0	0.0	0.0	0.0	0.0	0.0	0.0	0.0
57.72877482851031	-0.1783529522303624	0.0318097755692859	3332.6114432008458	66.4167914886843	-0.0847811499378679	4411.190191651367	0.0071878433847872	59.14269715454541	0.0500148118329306	0.0025014814026834	3497.8586267142737	60.19015790024532	46.59654489883969	0.970795	33.375771	0.178268051334467	0.1035361971769928	0.0882161481	-0.1281530789	-0.129171356	-0.0452066961	-0.0052398723	0.0569405498	-0.0721036626	0.0467488127	-0.0121991996	-0.0869169728	-0.1426153065	0.0624257175	-0.0379417118	-0.0511898211	-0.0221970173	-0.0539025012	0.0042022551	0.0704872867	0.050546415	0.113066209	0.1337639908	0.078940295	0.0649405366	0.1303521685	0.0060481028	0.0172059458	-0.0813723289	-0.0424932627	0.1002054771	0.0385590611	0.0761082432	0.0100774097	0.0416054119	0.0726776153	-0.0398777047	0.0722545944	-0.0253367279	0.0042710898	-0.0647445326	0.0240172393	0.0972041374	0.0602657799	-0.1209718519	-0.031137068	0.0039323716	-0.1058028351	-0.0158581649	0.0051158003	-0.0351978423	0.0616047862	0.062373285	-0.0002633515	-0.0434392092	0.0909850782	0.0409888376	0.0698749874	0.0861312333	0.0079849668	-0.0208636216	-0.0823481852	-0.0108102927	-0.0194813652	0.0436770598	0.0980433687	0.136163964	-0.0342708886	-0.0499014721	0.0907277575	0.1144285042	0.0435445154	-0.0251957987	-0.1005572175	-0.017238743	0.0250209367	-0.0479996462	0.1827337488	0.1072322499	-0.0022714302	0.091998209	-0.0005772595	-0.0472167747	-0.03812448	0.0968456671	-0.0987812048	-0.0617798936	0.0585328877	0.0301850968	-0.056026054	-0.0596982296	-0.0662634625	-0.0543296395	-0.0305920928	-0.026021214	-0.1057765461	-0.0231935736	0.0120519562	-0.0705517941	-0.1335462557	-0.0313011272	-0.0221397312	0.0624965624	-0.02255246	0.1537486037	0.0982459434	0.0278312917	0.0127951229	-0.0187351664	-0.0029717151	-0.0060063145	-0.160701243	-0.0166640251	-0.1396524745	0.049085226	-0.0402878499	-0.1200311261	0.0080925324	-0.0755399063	-0.1077350845	0.1313972486	-0.1395468766	-0.1027887606	0.0349906441	-0.0074464716	-0.0389303238	-0.0035010608	0.0091581113	-0.1570854308	-0.1754662113	-0.0443473975	0.0750831569	-0.0005058525	-0.0987623475	-0.0602967554	-0.0707603756	-0.0815556324	0.0419043683	-0.0108263584	0.0523462895	-0.0322990427	-0.0538543226	-0.011483763	0.1639541671	-0.0136798932	-0.0065437496	-0.1051918494	0.0195314949	0.10278035	0.0	0.0	0.0843900404267827	0.0155548152485209	0.0002419522774156	0.007121678923234	0.4265561512779783	-0.02430998586766	0.0005909754128858	0.1819501501930815	-0.4656188141483142	0.074098353681606	0.2168008800888823	0.0054905660183243	0.0242190663213827	-0.0012587785337635	1.5845233970637889e-06	0.0005865631734795	-0.0050290070436036	-6.989581257100391e-06	4.885424614960909e-11	2.5290911844614623e-05	0.0060943568374249	2.0329815713000104e-05	4.133014069245459e-10	3.714118526186762e-05	0.0	0.0	0.0	0.0	0.0	0.0	0.0	0.0	0.0	0.0	0.0	0.0	0.0
57.66026011487536	-0.0685147136349471	0.0046942659844788	3324.7055965150867	65.66190335909184	-0.7548881295924588	4311.485552738716	0.5698560881996009	59.121138335705375	-0.0215588188400346	0.0004647826697774	3495.308998109612	60.21545675497725	46.04802386537112	0.957043	32.902992	0.3336780041424784	0.2286369726122915	0.1031285415	-0.0645715944	-0.0782577294	-0.0851116754	0.0709458393	0.0028921709	-0.1118330845	-0.0495431563	-0.0430496853	-0.0742442755	0.0133242461	-0.028962707	-0.0533295911	-0.0394763421	-0.0726262352	-0.1380067943	0.0397204942	-0.0050332138	0.1329779592	0.0330296481	0.0119304759	0.0739601431	0.0299017748	0.09862325	-0.0698143065	-0.0314423035	0.0515613499	0.0314193685	0.0680592822	-0.0425895845	-0.0161456509	-0.0696241632	0.0915043148	0.0741902327	-0.0670561069	0.0343592434	0.0166022565	-0.0273577175	-0.1282583629	0.0944781684	-0.0207715875	-0.0016022678	-0.0772049547	0.1287214598	0.04791657	0.0972695792	-0.0046023219	-0.0606475627	-0.154333573	-0.1072830311	-0.087313564	0.0012999465	0.0355105689	-0.1306962189	-0.0282725982	-0.1085351706	-0.1378640014	0.1267475779	0.027444042	-0.0082774754	0.0441357232	0.0831644589	-0.0857176548	0.1379907359	0.0524769236	0.0499362332	0.0239218731	0.0014416169	0.1344189323	0.0163654512	0.0436191429	0.0636533285	-0.04096941	-0.0207399616	-0.0588732019	0.1353120571	0.078072895	-0.0883284545	0.0260529613	0.035872129	0.0808271612	-0.0244744504	0.0634579097	0.0680798693	0.0124656087	0.1691786397	0.0278996449	-0.024260138	-0.01631528	0.035848495	-0.0360941384	-0.0595911239	0.1352561947	-0.013327887	0.0352824748	-0.0733047784	0.0105209889	0.0370575111	-0.101864648	0.0694533451	0.0747500781	0.0853437769	0.1519718034	-0.1338094646	-0.0903774945	0.0927609688	-0.0949172227	-0.2149255216	0.0239468185	-0.0270149591	-0.0746851962	-0.0593445195	-0.032574969	0.0083702117	0.0889219797	-0.0341265645	-0.0086744756	-0.059192631	-0.0431052349	-0.0471772815	-0.1171961339	-0.0042158164	0.0425698798	0.0863106419	0.0383288872	0.0303905795	-0.0335237772	0.0090834657	0.0593369053	0.0350846396	0.0523852607	-0.0295568265	-0.0002027138	-1.08034e-05	0.0478987237	0.0179919188	-0.0320282128	-0.0367631089	0.0254044561	0.0147078197	-0.0017316274	0.004479457	-0.0380529735	-0.0084098975	-0.1046653254	0.0250179432	0.1006955375	0.0	0.0	0.1038976853772055	0.0195076449504228	0.0003805482115117	0.0107947290267407	0.3383803575548398	-0.0881757937231385	0.0077749705987054	0.1145012663789412	-0.4710133668323664	-0.0053945526840522	0.2218535917347613	2.91011986610148e-05	0.0202697733920056	-0.0039492929293771	1.5596914642027953e-05	0.0004108637133632	-0.0049538959475499	7.511109605369982e-05	5.64167675038812e-09	2.4541085059151326e-05	0.0064819530676914	0.0003875962302664	1.502308377168016e-07	4.201571557175395e-05	0.0	0.0	0.0	0.0	0.0	0.0	0.0	0.0	0.0	0.0	0.0	0.0	0.0
57.6100194354098	-0.0502406794655669	0.0025241258731618	3318.9143393482946	66.45130336745102	0.7894000083591806	4415.775719233007	0.6231523731974743	59.11364716327205	-0.0074911724333261	5.611766442582636e-05	3494.4232809438217	60.20925565688174	45.512588063434805	0.8900719999999999	30.600519	0.2129691566114257	0.1062207790560922	0.1262714235	-0.0566887595	-0.0876104353	-0.0062697795	0.0843001013	-0.0438332138	-0.136024918	-0.1442047778	-0.0387513864	0.0733228057	-0.0023186837	0.0031806844	-0.0391576452	0.0339171735	-0.08525109	-0.1646570359	0.0414169733	-0.0283755744	0.0346736305	0.0054268454	0.0114793511	-0.0740541921	-0.0186108582	-0.1112315959	0.0096176447	-0.1293208238	0.0475758054	-0.0566031208	-0.0656809112	0.0410098913	0.1722232547	-0.0691980639	-0.0314105759	0.1708190238	-0.0381641842	0.0382759505	-0.1111261412	-0.0086194462	0.1307768439	-0.0939969026	-0.0198370421	-0.0918170974	-0.0051449592	-0.0031843518	-0.092850946	0.1314475137	0.0754505112	-0.0527033007	0.0924463561	0.0264636041	0.0139135997	0.0143525557	-0.0765714621	0.0664153266	0.0477264422	-0.0310749304	0.035917723	0.0882110181	-0.1046081802	-0.0720108225	-0.0087707147	0.0816707725	-0.0080582787	-0.0482252086	-0.072770342	-0.0556219476	0.0502169104	-0.0148723685	0.1255485135	0.0039065602	0.0440163407	0.1113891332	0.0098220846	-0.0173510786	-0.0525320617	-0.1004789528	0.0199154902	-0.039635404	-0.0106338372	-0.1586752942	0.0656574202	0.0834464671	-0.0516194592	0.1088152178	-0.0193022205	-0.0101815741	-0.1210279688	-0.0064646017	0.0430868884	-0.0866032946	-0.1218836978	0.124471377	0.1042546402	0.023933458	-0.0165756871	-0.0170870827	-0.0631807358	-0.0615558046	-0.0127773223	-0.0173240485	0.0175460209	-0.0180990445	-0.0924426013	0.100145836	0.0553107691	0.0034342573	-0.1626277281	0.0193064361	0.0705768417	0.0668017972	-0.0670725223	-0.0378863889	0.0573678224	-0.0633456861	0.0128413727	-0.0581988846	0.0645230516	-0.0485528626	-0.1291051318	-0.0737651945	-0.139855691	-0.0222108383	-0.0588717292	-0.0138196115	-0.0252528174	0.0198761956	-0.0193080023	0.061346131	0.0681396678	-0.0104052418	0.0212992795	-0.0966678693	0.0234590537	0.0538725586	0.0455134358	0.0113647563	0.0429812537	-0.0938652591	0.0274915609	0.0455802887	-0.0018360852	-0.0573626027	-0.0384270403	-0.0102734258	-0.1040084014	0.0304342698	0.0981090648	0.0	0.0	0.1244618932144305	0.020564207837225	0.0004228866439725	0.0154907628625203	0.38091342262706	0.0425330650722202	0.0018090616244377	0.1450950355374612	-0.4120565254764159	0.0589568413559504	0.1697905801876962	0.0034759091426707	0.0215841318971643	0.0013143585051587	1.7275382800830155e-06	0.0004658747497541	-0.0046781204388006	0.0002757755087493	7.605213122593542e-08	2.188481083992392e-05	0.0062537862346788	-0.0002281668330126	5.20601036869997e-08	3.910984226905804e-05	0.0	0.0	0.0	0.0	0.0	0.0	0.0	0.0	0.0	0.0	0.0	0.0	0.0
57.31613594413953	-0.2938834912702646	0.0863675064411996	3285.139439567084	66.29357053403434	-0.1577328334166736	4394.8374941509865	0.0248796467376521	58.99052643060398	-0.1231207326680703	0.0151587148127224	3479.8822085597867	60.12292193952893	45.08399984275263	0.823405	28.308533	0.0776672662906874	0.0488898852380814	0.1607944749	-0.0717032931	-0.0718645654	0.002296039	0.0707277425	-0.0128357603	-0.1343864391	-0.0907449883	-0.0787686696	0.0549455109	0.0008300629	-0.038366186	-0.0377860558	0.0218712011	-0.0112460453	-0.1645246237	0.0915456653	-0.0391939954	-0.0325753701	-0.0107399648	-0.0583537941	-0.092002987	-0.0483056752	-0.060717433	-0.1015536104	0.0277126059	-0.0360564443	-0.1043392065	0.0630930515	-0.030878977	-0.0555321929	0.1143809981	0.0921148292	-0.0800639085	0.1190098782	-0.0026666611	-0.1228131224	-0.0884171742	0.0651815657	-0.0809075014	-0.006233411	-0.1298835779	0.0063088766	0.0995969608	0.0722077313	-0.022969584	-0.0610306695	0.1104878055	0.0004831995	0.0256976768	-0.0611399497	0.0248491193	0.0565046786	0.0407965601	0.0789609849	0.0217772593	-0.1061774097	0.0187729057	-0.1078909737	-0.0015391455	0.0696268542	0.0340474247	0.0027041931	0.130907805	0.0003367987	0.1128630076	-0.0500310274	0.0594100848	0.1336594375	-0.0110552789	0.0899718108	0.1024818462	0.0017175548	0.0162862875	-0.0658703477	-0.0327428425	-0.0406116682	-0.0574596913	0.0038052424	-0.0407445857	-0.0972026993	0.0635540693	0.0508538944	0.0313841764	-0.0300406703	-0.1342495327	0.0637832195	0.0170007174	-0.0298779381	-0.0422776725	0.1004387164	-0.0955553476	-0.0495498991	5.03639e-05	-0.1485183011	-0.0487243467	-0.0136979188	-0.0397258417	-0.047527808	-0.0612682328	-0.2066064768	-0.0350092487	-0.0951615633	0.0792581315	-0.0620616718	0.1830232116	0.0053836402	-0.0781518789	-0.0113312639	0.0640553884	-0.0474731373	0.0602605536	-0.0256125341	0.0092984422	0.0227958096	-0.0245672237	-0.0059709118	-0.0253390389	-0.0546906769	-0.0686684279	-0.1741680184	-0.0282262327	-0.0752716023	-0.0100542793	-0.0350820231	0.0149639261	-0.0496402911	0.0406874706	0.0583563459	0.001038176	0.0585291821	-0.0570973047	-0.0177889586	0.0189012336	0.027552649	0.0242153168	0.0492783982	-0.0260089844	0.022741915	-0.0501740199	0.015406789	-0.0409174165	-0.0589465616	-0.012133754	-0.1032218959	0.0357652936	0.0950338178	0.0	0.0	0.1175417669312537	-0.0069201262831768	4.788814777511436e-05	0.0138160669733211	0.3809379267413959	2.4504114335910376e-05	6.004516193873683e-10	0.1451137040300331	-0.3891204657360561	0.0229360597403598	0.1514147368546451	0.0005260628364133	0.0216435439202624	5.941202309809809e-05	3.529788488608941e-09	0.0004684429934283	-0.0039247968445499	0.0007533235942507	5.674964376547934e-07	1.540403027098885e-05	0.0063967821403863	0.0001429959057075	2.04478290491083e-08	4.0918821751565134e-05	0.0	0.0	0.0	0.0	0.0	0.0	0.0	0.0	0.0	0.0	0.0	0.0	0.0
57.34448305089408	0.0283471067545448	0.0008035584613535	3288.389736374278	65.99883895575233	-0.2947315782820112	4355.846743507332	0.0868667032366053	58.94953738941866	-0.0409890411853197	0.0016801014972918	3475.0479584264685	59.99981321548237	43.99181973517404	0.88976	30.589798	0.0812405081802647	0.0382901631537215	0.1916881824	-0.0038606012	-0.0748130265	0.0725223258	0.0268541959	-0.1098979396	-0.1562203927	-0.0184716746	-0.0519467048	0.0089384653	-0.075555416	0.0124320629	0.0141445061	0.0584032991	-0.0139851181	-0.1193476409	0.0844929161	-0.0469358382	-0.1077495354	0.0007794848	0.0053835068	-0.0071351188	-0.0171653284	0.0745461595	-0.0458234938	0.0510212255	0.0671137597	0.0236058704	0.0217622509	0.0328561694	-0.0589861733	-0.0002652443	0.0014729945	0.0315314727	0.0741339171	0.0787633931	-0.0563063608	-0.0780344058	0.0756322466	-0.0753239463	0.0304220185	0.0422265822	0.0733821876	-0.0820045462	-0.0190061034	-0.0274739701	-0.0419704962	0.0543447843	0.0445342929	0.0221021098	0.006140505	-0.0241534481	0.1115725897	-0.0603970815	-0.1159182735	0.0318230831	-0.0557506241	-0.0134761763	0.0937862904	-0.0903841991	0.0547949915	-0.0208029534	0.137567689	0.0299536647	-0.1066261612	0.0407096971	-0.0047973136	0.0590157993	0.0914562093	-0.0370349191	0.1409105551	0.080180672	0.0552453932	-0.0404646331	-0.0656934714	-0.0072053868	0.0011666619	0.0002737993	0.0852190896	0.0390938432	-0.097753614	-0.0314165854	0.0549624926	-0.0376090968	-0.0362300399	0.0024622518	-0.0107779028	-0.026791984	0.0745402804	-0.0463641331	0.0932889509	0.0530937126	0.0546522126	0.0590156615	-0.0541334316	-0.0413702104	-0.0433034516	0.0604286685	0.0314719827	-0.0305881802	-0.034907045	-0.0064741965	0.0001699796	0.0380753162	-0.0439640086	0.0885143051	0.0746277682	-0.0066042251	0.0705263401	-0.0413477559	-0.0104736729	-0.0148895562	0.1192321444	-0.0315637501	0.0082537096	0.0216251416	-0.1236999462	0.1547110311	0.0546994645	-0.0658589998	-0.1806445305	-0.0196201784	-0.0538991409	0.048668487	-0.0702357959	-0.0340800968	-0.0262422417	-0.0321807818	0.0436952034	0.009041794	0.0295634797	-0.0576504893	0.0106929026	0.0201030407	0.0662333624	0.0339389811	0.0065745139	0.0437980826	0.0125376453	-0.058860272	-0.0059351916	-0.0806158127	-0.0334901876	-0.0139903026	-0.1023067888	0.0409960724	0.091485117	0.0	0.0	0.1052344683515968	-0.0123072985796569	0.0001514695983288	0.0110742933292432	0.3780105334607953	-0.0029273932806006	8.569631419305861e-06	0.142891963407315	-0.4024255191501282	-0.0133050534140721	0.1619462984632502	0.0001770244463513	0.0219249384972337	0.0002813945769713	7.918290794885767e-08	0.0004807029281074	-0.0044856597479947	-0.0005608629034448	3.145671964605315e-07	2.012114337477988e-05	0.0066085399180889	0.0002117577777026	4.484135641754383e-08	4.3672799848974445e-05	0.0	0.0	0.0	0.0	0.0	0.0	0.0	0.0	0.0	0.0	0.0	0.0	0.0
57.54665512984981	0.2021720789557335	0.0408735495092833	3311.6175166338694	65.44411421896562	-0.5547247367867101	4282.9320859050185	0.3077195336030848	58.94516339250544	-0.0043739969132161	1.91318489968245e-05	3474.532287369164	59.94048273594402	44.15168264663709	0.853874	29.356041	0.1576310027240871	0.0963515156817732	0.1716237442	0.0567606377	-0.032903234	0.1161791689	-0.0029218009	-0.0608197851	-0.2097535698	0.1046882107	-0.0225875971	0.0678450356	0.0393521031	0.0460230686	0.0869531101	0.0545781461	-0.0477300062	-0.0855608824	0.1008077998	-0.0949234209	0.001553347	-0.1063817537	0.031116657	0.0215363828	-0.0790293968	-0.0378194362	0.023196595	0.1020443178	0.0333219428	0.0422604773	-0.0669433872	0.0749819107	0.0530367224	0.0799592419	0.0127757585	0.0181352436	0.0052087714	-0.0390864149	0.0369173615	-0.0252025302	0.0322707902	-0.0245340753	0.0465179189	0.0879288677	-0.0904785422	-0.1368129396	-0.0211815746	0.0436900766	-0.0670225407	0.048188703	0.0098208335	-0.0246386032	-0.0462362642	-0.1255242656	0.0511488269	-0.0133541512	0.0765645188	-0.0434376043	-0.0979301216	0.0166877756	0.023203757	0.1298169066	0.1114749134	0.0635341904	-0.0094709362	-0.0706190066	-0.0357153416	-0.0190173006	0.067244891	-0.0303951556	0.0606337372	0.0712266376	0.1260394289	0.0821801021	0.0175679188	-0.0045724017	-0.0557465534	0.0066217914	-0.0753537251	0.1267907007	-0.0269272741	0.0017872838	-0.0367730211	0.0140933734	-0.1291947952	-0.0545817274	-0.1054463358	-0.0105469323	0.0181613616	0.0779056788	0.0328865994	0.0365865672	0.0147443803	0.0717007797	0.0433690655	0.1219279456	-0.0240293249	-0.0368384028	-0.0354676675	-0.0359879309	-0.0452875104	0.078677587	0.0379010418	0.0903703139	0.1085554331	0.0315673971	0.102524276	0.0248358128	0.060208801	0.0958069215	-0.0481682328	-0.0336491607	0.0200563769	0.0815915953	-0.1392552175	-0.038561564	0.0179546323	-0.0424555982	-0.0588427306	-0.0779358637	-0.0286574231	-0.0228181853	-0.1603227651	-0.0335852127	-0.0711323225	-0.0015496283	-0.0904057396	-0.0814965178	0.0328445735	-0.0127676176	0.0077890382	0.0291921435	-0.0119550006	-0.0022491449	0.1208193157	0.0222906929	-0.0032243066	0.0207542376	0.0126724127	0.0048415966	-0.0215723266	-0.0444056773	0.047314246	0.0405734349	0.0241966289	-0.0158424933	-0.1012642201	0.046111945	0.087480642	0.0	0.0	0.1082216680427166	0.0029871996911197	8.923361994626205e-06	0.0117119294339479	0.3421271169428763	-0.0358834165179189	0.0012876195809984	0.1170509641476445	-0.3775991780349699	0.0248263411151583	0.1425811392526849	0.0006163472131661	0.0203185186079528	-0.0016064198892809	2.58058486067726e-06	0.0004128421984217	-0.0042846480398435	0.0002010117081512	4.040570681386323e-08	1.835820882533475e-05	0.0066797892286546	7.124931056569968e-05	5.076464256087525e-09	4.461958413925001e-05	0.0	0.0	0.0	0.0	0.0	0.0	0.0	0.0	0.0	0.0	0.0	0.0	0.0
57.751629021668016	0.2049738918182058	0.0420142963271015	3335.2506546563677	65.884945097911	0.440830878945377	4340.825990554747	0.1943318638317536	59.06138655718635	0.1162231646809104	0.013507824008446	3488.2473820573928	60.06832304108381	45.184354320350415	0.802197	27.57939	0.0588827368332402	0.0342423160612246	0.1275244604	0.0447642251	-0.0117358418	0.1045987172	-0.0285265182	-0.0309647779	-0.1257001713	0.1566288517	-0.0486459849	0.076116081	0.0042548039	0.0239671211	0.0185173485	0.0308249831	-0.0213670477	0.0182415398	0.0568587097	-0.0800484888	-0.0134306082	0.1771958945	0.0462443888	-0.0536674999	-0.0525053113	-0.0981230219	-0.0057459461	-0.0394338359	0.0870754683	0.0178401994	-0.0114288005	0.0914634012	0.0852915268	0.1307062603	-0.0195916367	-0.070876429	-0.0582022997	-0.0233690229	0.1022362795	-0.071341132	-0.0462052038	-0.0584648928	-0.1060071668	0.0738661865	0.0792245755	0.0792966552	0.033708243	-0.0666707835	-0.0110925336	-0.0039034212	-0.0466067274	0.0035080712	-0.0796530769	-0.0050990594	-0.0803613749	-0.0550233599	-0.0817711274	-0.0548408594	-0.1476049292	-0.0427856345	0.0548572829	-0.0599481483	-0.0150833524	-0.0538044009	-0.1506769885	-0.0269077392	0.0447898618	0.1007489796	0.0429323203	-0.1243740557	0.018466444	0.1344608401	0.0690156472	0.0548713297	-0.0406816666	-0.0397690247	0.0043997132	-0.0338504119	0.0156376322	0.0033973936	0.0291103144	0.0726732639	0.0047896786	0.2131782085	-0.0600142154	-0.0485899554	-0.016254827	-0.0834528474	-0.1420590712	0.0135374303	-0.0053947014	0.050456092	0.0064712733	0.0611733182	0.1115948081	0.0768480371	0.0845643873	-0.145931773	0.0558961691	0.0005357712	0.0667789678	-0.0532781838	-0.0431994435	0.1014627919	0.0040576857	-0.1051324867	0.019435551	0.014846999	-0.004299353	-0.1334326459	0.0390511726	-0.0552350237	-0.0423604923	0.1319954243	-0.0188262878	0.0150869883	0.0162070336	0.0053948727	0.0425245848	0.0462687709	0.1680407383	-0.0204458695	-0.1180645413	-0.0411692953	-0.0672087961	-0.0240468674	-0.0944274434	-0.0718348216	0.0241022929	0.0258944096	-0.0283326654	0.0642024431	-0.0272342107	-0.00477224	0.1252170399	0.0619352094	-0.0451209532	9.07838e-05	0.0332168579	0.0300748889	-0.0110808789	-0.0491066063	-0.0415918865	-0.0058766949	0.0412956166	-0.0176897492	-0.1000954889	0.0510985726	0.0830403428	0.0	0.0	0.1109808340929561	0.0027591660502395	7.612997292794245e-06	0.0123167455359682	0.3569625082123338	0.0148353912694574	0.0002200888341178	0.1274222322692404	-0.4081976833414131	-0.0305985053064432	0.1666253486852965	0.0009362685269884	0.020288218172966	-3.030043498680052e-05	9.181163603893247e-10	0.0004116117966338	-0.0042487452864288	3.59027534147004e-05	1.2890077027567812e-09	1.8051836508950945e-05	0.0068273795243951	0.0001475902957405	2.1782895396768308e-08	4.661311117012946e-05	0.0	0.0	0.0	0.0	0.0	0.0	0.0	0.0	0.0	0.0	0.0	0.0	0.0
57.92835326274686	0.1767242410788441	0.0312314573848934	3355.694111733595	65.74506609224966	-0.1398790056613421	4322.413715474276	0.0195661362248057	58.97340306056505	-0.0879834966213053	0.0077410956777112	3477.8622685438627	59.89303954786977	45.8280071947273	0.796691	27.390106	0.1649166520594816	0.0987975353932034	0.0886942185	0.0693825756	0.0341556519	0.1016526165	0.0051603324	-0.034947335	-0.1003417109	0.1421399645	0.0051007038	0.0631272184	0.0797177823	0.0150932218	-0.0058083306	-0.0206342649	-0.0399243093	-0.0057086766	0.1229970535	-0.1655348034	-0.085728	-0.0746139777	0.0437799414	-0.0177176573	0.0297520778	-0.0286675271	0.032705685	0.0648864462	0.0450347182	-0.0444738414	0.1581360017	0.005383342	-0.0820090723	0.0607161897	-0.0328446302	-0.0226435947	-0.1422396197	-0.0401667786	0.0103003552	-0.0194912718	0.0229549871	0.0138851904	-0.1096779664	-0.1240288324	0.0312556287	-0.0048818863	0.0396930543	-0.0650586474	0.1127788646	-0.1219553065	0.0797271623	0.0398085575	-0.0116633972	-0.0537603708	-0.0413262773	0.0266413567	0.0027058139	-0.1198683504	-0.0268716256	-0.110221412	0.1267848713	0.0211429942	-0.0504861157	0.0067169084	-0.0959029146	0.0325949586	0.0070874405	-0.1591800745	0.1052531044	-0.0873599594	-0.0083663819	0.1162788357	0.12086145	0.0689410742	-0.0011143075	-0.0712336508	0.0238283706	-0.0108711039	-0.0544090781	0.1419076637	0.020621241	0.0215960486	-0.0580885664	0.0651489105	-0.0686726757	0.0252389285	-0.0592298265	0.0501689916	0.023512893	0.0481514134	-0.1024711919	-0.058336587	-0.0231729151	-0.0941838798	0.0073787018	-0.0543528081	0.0434161677	-0.0068945884	0.0318463356	0.1209249977	0.1378434278	0.1218327596	0.0113574901	0.0556878748	-0.1013985142	-0.0409421876	-0.0034031072	0.062588622	0.0600661264	-0.0156008962	0.1131220753	-0.0389294952	-0.0124286884	0.0746739102	-0.0965219328	-0.0640888407	-0.1278750487	0.0274852337	0.1174726699	-0.0973893947	0.0797240319	0.0218144764	-0.0884122573	-0.0492829637	-0.0594881958	-0.0051493472	-0.0106216272	-0.1056351218	0.0232809622	0.0282965883	-0.0105993088	0.0276808242	0.0070216862	-0.0464191785	0.1108641394	0.0614950834	-0.0491839118	0.0154234884	-0.008498227	-0.0200028641	-0.0297784018	-0.0621311042	0.0508678896	0.0461459683	0.014052355	-0.0195314949	-0.0988020511	0.0559419782	0.0781863408	0.0	0.0	0.1256606374649607	0.0146798033720045	0.0002154966270407	0.0157905958081002	0.3219170477844528	-0.0350454604278809	0.0012281842966021	0.1036305856542576	-0.4127217613389291	-0.004524077997516	0.1703392522827079	2.0467281727608648e-05	0.0185760768185895	-0.0017121413543765	2.931428017366198e-06	0.0003450706299701	-0.0040699907487189	0.0001787545377098	3.195318475187997e-08	1.6564824694657432e-05	0.0065049292112399	-0.0003224503131551	1.0397420445388647e-07	4.231410404324215e-05	0.0	0.0	0.0	0.0	0.0	0.0	0.0	0.0	0.0	0.0	0.0	0.0	0.0
58.16857449026405	0.2402212275171891	0.0577062381498651	3383.583058229397	65.95693392201044	0.2118678297607772	4350.317132392451	0.0448879772875416	59.09193189146997	0.1185288309049212	0.0140490837556874	3491.8564146661256	59.93450352055863	46.32253292228378	0.861375	29.613947	0.1741411779902668	0.118557034402417	0.0432121862	0.1362808765	0.0461410657	0.0768678018	-0.0488399513	-0.0450099252	-0.0241705198	0.1737292773	-0.0456800672	0.0813494003	0.046641876	-0.0462992868	-0.0408271721	-0.0182043131	0.0677871398	0.0258261809	0.0497430267	-0.0778319227	0.0691709447	0.0919898285	0.1090439885	-0.0040211325	-0.1151503217	-0.0929037971	-0.0369723628	0.0030311388	-0.0039911109	-0.0230040413	-0.030134831	-0.0420411665	0.0548089952	-0.0944412172	-0.0110896633	0.0155770026	-0.0309881041	-0.1662965999	-0.0346759515	-0.1032088064	0.0246777174	0.0577329174	-0.1499600047	0.0291098104	0.0040286215	-0.0107393034	-0.0622968376	0.0342657408	0.0332459042	-0.0727187743	0.0056688269	-0.0194875057	-0.0668664124	-0.04792574	0.0233083903	0.0079235662	0.0285893472	0.0302520917	0.1965163495	-0.0880707152	-0.0113343598	0.0711145865	-0.001854625	0.0815049198	0.0255061388	-0.0117411433	-0.0217130844	-0.0140941917	-0.0182510793	0.1245193306	-0.0706609084	0.0857604229	0.0745147624	0.0470955796	0.0266646358	0.0712683219	0.0456128321	0.051870077	0.0898616182	0.0745780394	-0.0353369458	-0.0427028382	-0.0523692629	0.1534607043	-0.1181778657	-0.0064027753	0.0381003348	0.0613011748	-0.004680957	-0.0648509542	-0.0466056146	-0.0626729981	-0.0230440549	0.0443171645	0.0413932577	0.0638015308	0.029668333	0.0225276927	-0.0130299872	-0.0313360714	-0.0451764218	-0.031925395	0.0606284078	0.0648047856	-0.0150809978	0.1191680804	-0.002665201	-0.0411773579	-0.0770983019	-0.0005421808	-0.0717014425	0.1520974963	0.0557415219	0.0469303247	-0.0394053627	0.1244283828	-0.0848792797	0.1094326205	0.0858700364	-0.070813378	-0.075840472	0.0812692706	-0.0221691246	-0.0381726939	-0.0909065975	-0.1129117077	-0.0515965228	-0.1472299702	-0.019789461	0.0568117856	-0.0205983576	-0.0059383871	-0.0187439769	-0.0288384616	0.0499416049	-0.0706066125	-0.0936393345	0.0191390691	-0.0656644015	0.0031415578	-0.037872153	-0.0704112861	0.0518334653	0.0748435265	-0.0162730903	-0.0213671566	-0.0973855183	0.0606285865	0.0729428184	0.0	0.0	0.1442177934269466	0.0185571559619859	0.0003443680373974	0.0207987719409374	0.2797669399799787	-0.042150107804474	0.0017766315879287	0.078269540705761	-0.4116951470324821	0.001026614306447	0.169492894090097	1.053936934201687e-06	0.0165179172205697	-0.0020581595980197	4.236020930921014e-06	0.0002728415893055	-0.0039381208296123	0.0001318699191066	1.7389675565181352e-08	1.5508795668626266e-05	0.0065630456924607	5.811648122079974e-05	3.3775253894875686e-09	4.307356876132695e-05	0.0	0.0	0.0	0.0	0.0	0.0	0.0	0.0	0.0	0.0	0.0	0.0	0.0
58.49713703892345	0.3285625486593986	0.1079533483815596	3421.9150417505894	66.61796309610293	0.6610291740924907	4437.953007073731	0.4369595690014004	59.240025331421634	0.1480934399516655	0.0219316669567175	3509.380601267477	60.02838462472272	47.689306061487486	0.908494	31.23386	0.0574934519103853	0.030218076650003	-0.0179947595	0.1424717633	-0.0317745141	-0.1231684856	0.0118671542	-0.1225894384	0.07623992	0.1273148333	-0.0655509416	0.1180732558	-0.027784463	-0.0203093904	0.0353779197	-0.0153031238	-0.0476256146	0.1040722801	-0.0453650952	0.040971879	0.0079945582	-0.1028202126	0.0570635796	-0.0125927014	-0.0406094391	-0.0438220802	0.0144675881	0.1307903019	0.0302708545	-0.0535628451	0.0009637477	-0.0327930418	0.0073012577	-0.0209864458	0.0031682273	0.0394377987	0.0033819323	-0.0585016901	-0.0522677697	-0.1676698781	-0.0544687443	0.1003508896	0.0114924785	-0.0908114279	0.0757286466	0.0352028634	0.1287269029	-0.0376235306	-0.0860840143	-0.0133621337	-0.0150412309	0.0711158894	-0.0199666626	-0.0408629242	0.0399722194	0.0530596919	0.0185364804	-0.0202253887	-0.0194249795	0.0870459538	0.158824761	-0.0983126806	0.0750669288	-0.0223869629	0.1060274117	-0.0018917077	0.039335547	-0.0696893709	-0.0014104582	-0.0815201036	-0.1260080289	0.0117225617	0.0354167066	0.0728178442	-0.0659749145	0.0588101652	0.0511920977	0.0257971288	0.0468265769	0.0376737481	0.0402562211	-0.012309555	-0.0915092203	-0.0140435759	-0.1596877845	-0.0414741159	-0.0603368579	0.0179059268	0.0830638039	-0.0154396302	-0.0602375101	0.0006549293	-0.0360661377	-0.02130378	0.1107227634	-0.036595638	-0.0027111381	-0.0454882658	-0.0378974977	0.1235586308	0.0262786326	0.0913377059	-0.0796181631	-0.0344672207	0.0333346885	-0.0380694864	0.0235044498	0.0659702081	0.0651292606	-0.0853057253	-0.0511271789	-0.0022725434	0.0150070042	-0.082835742	0.0979925917	-0.0264311811	-0.0880110441	-0.0303957873	-0.0087481866	0.0216839426	-0.02451706	0.0900715484	0.0276700686	-0.0333384604	-0.0724631101	-0.0246053871	0.018379229	-0.0957167726	0.0424754742	0.0711399678	0.0472314866	-0.0202120313	0.110994125	-0.061008033	0.0085976595	-0.0245053024	-0.0904390095	0.0834549366	-0.0360604977	-0.0180994996	0.006500628	0.0369123669	0.0262036555	0.0713844512	-0.1267837143	-0.0231961626	-0.0958476552	0.0651452616	0.0673358985	0.0	0.0	0.146177924695749	0.0019601312688024	3.84211459093691e-06	0.021367985668356	0.2743405231031204	-0.0054264168768582	2.944600012145256e-05	0.0752627226164937	-0.4238598761509067	-0.0121647291184245	0.1796571946106619	0.0001479806345246	0.0162001013296355	-0.0003178158909342	1.0100694053029963e-07	0.0002624432830904	-0.0039540900611667	-1.5969231554400012e-05	2.5501635643804503e-10	1.5634828211817276e-05	0.0061379873220233	-0.0004250583704374	1.8067461827889818e-07	3.767488836531876e-05	0.0	0.0	0.0	0.0	0.0	0.0	0.0	0.0	0.0	0.0	0.0	0.0	0.0
58.35473833002602	-0.1423987088974314	0.0202773922956554	3405.275485565808	66.07347361724264	-0.5444894788602852	4365.70391584846	0.2964687925895449	59.1096652054987	-0.1303601259229339	0.0169937624306431	3493.952520706144	60.01883369141419	47.92200174368711	0.833222	28.646025	0.1445579143581267	0.0783837939884068	-0.0259820424	0.0994954003	0.01759777	-0.1523894649	0.0181530688	-0.0738687243	0.0539393088	0.0607776114	-0.0354037058	-0.0810918388	0.067307473	-0.0362078642	0.028114351	-0.0004999775	0.0035658548	0.0608861301	-0.0397436416	0.0913594091	0.050538075	-0.0402737986	0.0204237781	0.1054241209	0.079026786	0.0180819599	0.0390352296	-0.0502509975	0.0312129805	0.0138083697	0.028384332	0.0475177649	-0.1039669397	-0.0738282025	-0.0044548964	0.154446655	-0.0154032374	-0.025340054	0.1047977609	0.0347414663	0.1017470241	-0.1280553491	0.104606988	0.0536874095	-0.0972434526	0.0685708925	-0.0667989144	0.0014780849	0.0810603665	0.0137500175	0.0610852119	0.0491949864	0.1178272552	0.0524132592	-0.0517752506	0.0465291	0.0059097708	0.0386651074	-0.0261534448	0.0173762378	0.0360372063	-0.0125847402	0.1058384013	-0.01348185	0.0082390719	-0.0811415946	-0.0832944463	-0.0413015093	-0.0306375707	-0.0527538686	-0.0413347478	-0.0699164186	0.0046259176	-0.0591662538	-0.0727637932	-0.0493049225	0.1161747592	0.1340633627	0.0505094702	-0.0405618551	-0.0317253385	-0.0714859021	0.0339548898	-0.0839738855	0.0220432049	-0.01419956	-0.0030713497	0.0045691799	-0.0424762661	0.0568753268	0.095407673	-0.0806974154	0.0294017119	-0.0601566339	0.0647432752	0.0686847959	0.1147144454	0.0369912979	0.0370785011	0.0319863759	-0.0341016741	-0.0732508329	0.0221308356	-0.0156844811	-0.0142000175	0.0059406293	0.0567171674	0.0762290728	0.0996525609	0.0680427682	0.0659393399	0.0036966934	-0.0442961097	0.0032513171	0.0908135317	-0.1298041572	0.0863781072	0.0026560152	-0.0495629529	-0.1118973788	0.0346034086	0.1057376425	0.0255968951	-0.0087300314	-0.0101216229	0.0816186235	0.0584956397	-0.0454870602	0.0978627496	0.0258149401	0.0908629587	0.069344266	0.0704761472	0.0104590871	-0.0848139179	-0.0250861154	-0.0677900455	-0.0859727758	-0.0004792573	-0.0560236197	0.0680363297	0.1374064168	-0.0317032318	0.0757248698	-0.1328399584	-0.0250179432	-0.0941903779	0.0694793439	0.0613935146	0.0	0.0	0.1425921939759149	-0.003585730719834	1.2857464795161903e-05	0.0203325337828649	0.2736119866616207	-0.0007285364414997	5.307653465930859e-07	0.0748635192449189	-0.4601766984118995	-0.0363168222609928	0.2117625937612763	0.0013189115791365	0.015304932616503	-0.0008951687131325	8.013270249712978e-07	0.0002342409623956	-0.0048622820124377	-0.000908191951271	8.248126203534271e-07	2.364178636847521e-05	0.0064131631563358	0.0002751758343125	7.572173978958049e-08	4.112866166978296e-05	0.0	0.0	0.0	0.0	0.0	0.0	0.0	0.0	0.0	0.0	0.0	0.0	0.0
58.25833749552151	-0.0964008345045073	0.0092931208931654	3394.0338877420872	66.30937473559072	0.2359011183480817	4396.933177824997	0.0556493376378756	59.04558635588024	-0.0640788496184612	0.0041060989684253	3486.3812681097106	59.92226416032829	47.725535393952	0.9176200000000002	31.547615	0.3119457203975906	0.185126926373777	-0.0186972032	0.1208938213	-0.0364723709	0.0074900765	0.0905424821	-0.1521872106	0.0188368057	-0.0391620024	0.1321016337	0.0495910982	-0.0786743726	-0.0165635968	0.0681163191	0.0295293188	-0.0338525461	0.092582612	0.0081344826	-0.0610153631	-0.1555083554	-0.0356038212	0.0615179424	0.0004509324	-0.0106619734	0.0091404948	-0.0898764362	-0.0744960076	0.1536389754	0.1160429521	0.0797426638	0.0187582667	0.0677690865	0.0052260866	0.0793074488	-0.0002843648	0.1335673409	-0.0099078022	-0.0545223269	0.0612871845	-0.0758575523	-0.0228441627	0.0486164172	-0.0145027358	-0.1383045954	0.0228646975	-0.1334470653	0.1641203218	-0.0885253278	0.0662700057	0.0201559711	-0.049067944	0.1584176498	-0.0155233739	-0.031698671	0.0192287673	0.0360391285	0.0016084581	-0.0837970286	-0.0366109147	0.0251702262	0.1191518914	-0.0206951231	0.0274738089	0.0205962525	0.0884685896	-0.0255176716	0.0574741868	-0.0035669892	0.0410058756	-0.1196810592	0.0091684683	0.0323281278	0.061620832	0.063910045	0.0210503463	0.0396459579	-0.0038494279	-0.101034759	-0.0181713546	0.1462497744	0.0296052917	0.0203941167	-0.0077915451	0.0691107717	0.0287041654	0.0347493703	0.0707198618	-0.1735440852	0.0523778253	0.1302564225	0.0152152559	-0.0033716602	-0.0463071078	-0.0814301297	-0.0851644938	-0.0567136292	-0.0667433761	0.0006543587	-0.1179922456	-0.1378258823	-0.0086636066	0.0280512258	0.070895376	0.0012409663	-0.0475874707	0.1206246874	0.0888734325	0.090434908	0.0068056863	-0.0403121186	0.0439192964	0.2077099258	-0.0705772463	0.019868705	0.0845358277	0.1072044137	-0.0392337732	-0.0431436144	-0.0868761016	0.0467523686	0.0200402427	0.036613765	-0.0378316405	-0.0543099868	0.0020332697	0.0011424514	-0.0806780569	0.074033639	0.0254151183	0.0822032013	0.0437412806	-0.0629969804	-0.0273019865	0.0141923298	0.0302721707	0.0412632867	-0.0190203762	-0.0115219646	-0.0668434068	-0.0199515464	-0.0254870094	-0.0328865196	-0.0358569821	-0.0450488357	-0.0268319309	-0.0924157511	0.0736186857	0.0551452713	0.0	0.0	0.1390213527902517	-0.0035708411856631	1.2750906773228556e-05	0.0193269365316316	0.3500111694000765	0.0763991827384558	0.0058368351231039	0.122507818704809	-0.428009758273383	0.0321669401385165	0.1831923531772397	0.0010347120378749	0.0182911814041657	0.0029862487876627	8.917681821816952e-06	0.00033456731716	-0.0058229786609129	-0.0009606966484752	9.229380503914824e-07	3.3907080485446994e-05	0.006462392846897	4.9229690561200697e-05	2.423562432751573e-09	4.176252130762552e-05	0.0	0.0	0.0	0.0	0.0	0.0	0.0	0.0	0.0	0.0	0.0	0.0	0.0
58.27791130007626	0.0195738045547528	0.0003831338247476	3396.3149454995564	66.03227343119265	-0.277101304398073	4360.261134491791	0.0767851328991135	59.05247884523683	0.0068924893565878	4.7506409530676334e-05	3487.195257767143	59.89109659649865	48.03313456140004	0.901362	30.988678	0.3474409283839753	0.2363096454470783	-0.029814288	0.0569785503	-0.1352104635	-0.0125002123	0.0665229362	-0.0505744527	0.0334450935	0.108189934	-0.0015131342	0.0106894388	0.0130908241	-0.1065850874	-0.0499589722	0.0166669976	-0.0483038513	0.1032861619	0.0532498771	-0.053137385	-0.0092606147	-0.0462289498	0.0360141437	-0.0035489622	0.0227185943	-0.0683954898	-0.0058597176	-0.0992080963	-0.0397816421	-0.0258235348	0.0155094816	-0.1209258572	-0.0009156032	-0.0005985646	-0.040751904	0.0027673565	0.0190864857	0.1181269543	0.0330924689	0.1038020539	-0.0576434311	-0.0997835646	0.0289329353	0.0042391656	-0.0836876345	0.0721187754	0.1250860253	0.0480582419	0.0066176137	0.1021644938	-0.2009904138	-0.003986029	-0.0310168814	0.0051565744	0.0278949141	-0.1005595233	-0.0118759064	-0.1032534143	0.0278680997	-0.0341872361	0.0232806208	-0.0390361844	-0.0314395275	-0.1063422798	0.0507121147	-0.009973406	0.0028041281	-0.0303642352	-0.083769571	-0.0652595986	-0.0973065054	0.0475565218	0.0312753963	-0.0310391973	-0.0539509366	-0.0228536497	0.0436763167	-0.0103081102	0.0184030138	-0.0079226794	0.0309990205	-0.1928777643	-0.0348013575	0.0432116257	0.1035136105	0.0118888515	0.0746919228	0.0581769706	0.037482405	0.0569028469	0.027830263	-0.0402311542	-0.0204617507	-0.0240308842	0.0096972994	-0.0538456989	0.0298273332	-0.0699673036	0.0884514566	-0.0591290749	-0.0037903093	-0.061518509	-0.0498484742	-0.0226306354	0.0722915713	-0.0300810769	-0.1020399625	-0.037110137	0.0534438809	-0.0029961706	0.0297004361	-0.0761626246	-0.0958253754	0.0216906792	-0.1165656248	-0.0026297768	-0.0475952849	-0.011165304	-0.0175090224	0.1014684405	-0.0225780741	-0.0779640584	0.0228332468	-0.0096296883	-0.0520113712	-0.0101974975	-0.0317892704	-0.0567317874	0.0693809296	-0.0202250746	0.1056217345	0.0064768935	-0.0227025085	0.1067574174	-0.0317720093	-0.0977339171	0.0428386455	-0.0272569477	-0.0599395664	-0.0026669236	0.0737297895	0.0152678677	0.0226172113	-0.022913241	-0.0238694808	-0.0286375605	-0.0905259858	0.0775516848	0.048622297	0.0	0.0	0.1403222852822807	0.0013009324920289	1.6924253488167262e-06	0.0196903437468417	0.4246775774639815	0.074666408063905	0.0055750724931655	0.180351044800676	-0.4309448537962694	-0.0029350955228863	0.185713467013488	8.614785728467787e-06	0.0224654354655738	0.0041742540614081	1.7424396969182015e-05	0.0005046957906578	-0.0067771142121788	-0.0009541355512658	9.103746501894816e-07	4.592927704491587e-05	0.0062200126134679	-0.0002423802334291	5.8748177557145104e-08	3.868855691169978e-05	0.0	0.0	0.0	0.0	0.0	0.0	0.0	0.0	0.0	0.0	0.0	0.0	0.0
58.66727393727853	0.389362637202268	0.151603263249105	3441.849031231681	66.20365536826874	0.1713819370760916	4382.923984120498	0.0293717683559534	59.11335225007972	0.0608734048428942	0.0037055714171669	3494.388414242005	59.90302735169039	48.62047613328623	0.917853	31.555643	0.338746793779532	0.1983014507772669	-0.0626528579	0.1297360979	-0.0746859276	-0.0122773311	0.0522517639	-0.1455076938	0.0783164768	0.0232620937	0.0707533466	-0.0814167488	-0.1353218479	-0.0868947819	0.0158710646	0.1291262725	-0.0139700541	0.128428687	0.0444156049	0.0697811001	-0.0545212139	-0.0871421791	-0.058024353	-0.0645887691	-0.0943642941	0.0037033827	-0.1078817267	0.1080772177	-0.1036832647	-0.0024647166	0.0461898783	-0.0733681436	0.0079449545	0.0136562	0.1795148594	0.1226297896	0.0885757826	0.1757654788	-0.0020806707	0.0803855286	0.0462484082	-0.1461012181	-0.1844491471	0.0308858189	0.0613684891	0.0519974706	0.0083607861	-0.0515714231	0.0786914892	-0.1094785184	0.116690133	-0.0606983387	0.0125250486	0.0138552034	0.1106641773	-0.0588670288	0.1986864679	0.0341166008	0.1066680958	0.083471889	0.0461910389	0.0527743668	-0.1028751088	-0.0571951316	0.0138999626	0.0038694068	-0.0214001062	0.0524766728	-0.0445415134	0.0145361321	-0.1638586382	-0.0746381139	0.0933605203	-0.0828287769	0.0570123089	-0.0360291113	-0.0193291204	0.1644309138	-0.0241018873	-0.0088715963	0.0489626751	-0.0460226431	-0.0829901253	-0.0220464936	-0.0768474053	0.0301783077	0.0695199651	-0.1653936835	0.0023326136	-0.0496500184	-0.0086203935	-0.051674893	0.069151167	-0.0676320493	0.0201955721	-0.0491030506	-0.2103060229	-0.0289395171	-0.0953822417	0.0799613398	-0.0206553411	-0.0627637713	0.0404666919	-0.0635845344	-0.0043942081	0.1371497955	-0.0953481687	-0.0816321353	0.000502859	-0.1098944584	0.1453751153	0.0017044396	-0.0203690321	-0.0859475593	-0.0828650321	-0.0236802433	0.1625298155	0.0341921478	0.076713832	-0.110130393	-0.0168430196	0.0114442201	0.0573087088	-0.0159376952	0.0087812316	0.0720306588	-0.0372986273	-0.1098009313	-0.0265941059	-0.0998052827	0.0793775544	0.0247092121	-0.0146012109	-0.0274994103	-0.1060654844	-0.0383403828	0.0706258087	0.0068928077	-0.0648365215	0.0614619607	0.0040319065	-0.1337106507	-0.037023527	0.0240280609	-0.0757496556	-0.0304342698	-0.0885234364	0.0812673177	0.0418570888	0.0	0.0	0.1200345564416949	-0.0202877288405857	0.0004115919415091	0.0144082947401544	0.3427921149936992	-0.0818854624702822	0.006705228963972	0.1175064341018535	-0.4865734279700433	-0.0556285741737739	0.2367537008065189	0.003094538264607	0.0192334226632495	-0.0032320128023243	1.0445906754388176e-05	0.0003699245473431	-0.0065060098794151	0.0002711043327636	7.349755924325083e-08	4.232816455104688e-05	0.0061042291826581	-0.0001157834308098	1.3405802850087868e-08	3.726161391441477e-05	0.0	0.0	0.0	0.0	0.0	0.0	0.0	0.0	0.0	0.0	0.0	0.0	0.0
58.739414318330525	0.0721403810519945	0.0052042345783269	3450.318794460493	66.89795965288842	0.6943042846196761	4475.337005719486	0.4820584396412402	59.06990024708614	-0.0434520029935825	0.0018880765641543	3489.2531152007077	59.7955735678892	49.78150348261114	0.994398	34.187237	0.4988738556831379	0.3037045938204495	-0.124327342	0.156259929	0.0801800211	-0.0224436036	0.0831208396	-0.0716020537	0.1430067264	0.0344586502	0.0869789519	0.0991461527	0.0836144223	-0.0666164732	0.0314945913	0.0497139638	0.0032450073	0.1940678952	0.0467736121	-0.0940719565	0.0289574766	0.0114200495	-0.23651228	-0.1172509222	0.0489012186	0.1021573175	0.0687111457	0.1200747345	-0.0251553714	0.0237553594	-0.0156611683	0.0344027994	-0.0174007759	-0.0533865692	0.0862824955	0.0148586001	-0.053087122	0.1157198427	-0.0412228881	-0.1075561882	-0.0001899412	-0.034952536	0.0307656925	0.1015721497	0.0279222864	0.1782054543	0.0178256291	0.0977715134	-0.0355341341	-0.1541780052	0.108534132	0.0222962337	0.1282225472	0.0590049036	0.0027486984	0.0872128698	-0.0446808324	-0.0597896358	0.0685836982	0.0632598541	-0.0410544788	-0.0308490605	0.0708961891	-0.0548687258	-0.0324014707	-0.0985479028	0.1112897077	-0.0506350473	0.0242204715	-0.0279414962	-0.2369604275	0.0341592606	-0.0143659563	0.0530330419	0.0263818912	-0.1696051262	-0.1650195103	-0.0366133731	0.0374560465	0.0470083818	-0.1587483053	-0.0036154437	0.1116848094	-0.0773405252	0.0566575004	0.048291398	0.0336636365	-0.1526063253	-0.0388881974	0.0282013119	-0.0810865853	-0.1198741935	0.0371128763	-0.0157791046	-0.0118766224	0.0611348708	-0.1352047376	-0.019985051	-0.0127838532	0.1048421419	0.0444167072	0.0251849205	0.0509259204	0.0625452978	0.0995415882	-0.1490757034	0.0098299992	-0.027238899	0.0102221027	0.0491004798	0.0982057833	0.1080081514	-0.0139747886	-0.1962957408	0.0987296751	-0.0765688085	-0.0376833017	-0.0192512677	0.0221076162	-0.0102287626	-0.0671311145	0.1301539685	0.1259659604	-0.0241943822	-0.2382914747	-0.0368392199	-0.0258671497	-0.0767265444	-0.1056433179	-0.195579155	-0.1025074093	0.0325904566	-0.1475806329	-0.1279899452	-0.151655118	0.0154001713	0.0774308146	0.0222120215	0.0078232327	0.1266677754	0.0969568721	-0.0633951816	0.0330122791	0.0510561889	-0.0597811824	-0.032221499	-0.0864105979	0.0847551701	0.0348833508	0.0	0.0	0.138871029370236	0.018836472928541	0.0003548127123876	0.0192851627983489	0.2984645817967504	-0.0443275331969488	0.0019649301993265	0.0890811065871091	-0.2890014353806904	0.1975719925893529	0.0835218296520993	0.0390346922557273	0.0148679318982791	-0.0043654907649704	1.9057509619041856e-05	0.0002210553989318	-0.0068774306130126	-0.0003714207335975	1.3795336134610534e-07	4.729905183680287e-05	0.0061300748234561	2.5845640798000637e-05	6.679971482592747e-10	3.757781734117034e-05	0.0	0.0	0.0	0.0	0.0	0.0	0.0	0.0	0.0	0.0	0.0	0.0	0.0
58.99252307154672	0.2531087532161962	0.0640640409546573	3480.117778346972	67.65837203791213	0.760412385023713	4577.65530682053	0.5782269952974516	59.25317044847724	0.1832702013911031	0.0335879667179355	3510.9382081962967	60.099021814020425	50.35921774535015	1.054729	36.261406	0.2110631978834379	0.1204607655016866	-0.1384835402	0.1203209265	0.1091992683	-0.0228918378	0.075664524	0.0219541546	0.1758215553	0.0797332193	-0.0479382229	0.1214733677	0.0335861874	-0.1078683228	0.1924782737	-0.038287275	0.0575450967	0.125281686	-0.0911269624	-0.1310975543	-0.0811165395	-0.105292423	-0.0921895964	0.0158881653	0.1337523256	0.098114131	0.0588465858	0.0467767689	-0.016628698	0.0247432521	-0.0535593899	0.0135449337	0.0907714543	-0.0617541255	-0.0540513209	-0.0579366188	0.0453922463	0.0851947389	-0.0522477795	0.0234617977	0.1259020623	0.1146111821	-0.1604341808	0.080530609	-0.0463511927	-0.0712750319	-0.1311630305	-0.0990123196	0.0038621101	0.0572120964	-0.0081365912	-0.0258628152	0.0047459499	-0.03605829	-0.0730827963	-0.0016643611	0.0827573115	-0.0499911345	-0.0441297898	-0.0380138046	-0.0104403842	0.0750578393	0.0287985195	-0.1179066736	-0.0205674887	0.0410222826	-0.0256015822	0.1280944559	0.0736294009	0.052442077	-0.1562973865	-0.09761245	-0.0611677237	0.0349827672	-0.0060194849	-0.1736954688	-0.0088935404	0.008764576	-0.0997864928	0.1940690358	-0.0310092515	0.0572322686	-0.0219448471	-0.0811195653	0.0738877981	0.0183891371	0.0307246976	-0.0193855084	-0.0273772226	-0.0077871891	-0.0278896082	0.0193029118	-0.0105634951	0.0467948442	-0.026370483	0.0790983154	-0.0733584576	0.1184911461	0.0677043383	-0.0434012431	-0.0104336367	-0.0192830124	0.1714167334	-0.0412118005	-0.0189146927	0.0696801732	0.0218817337	-0.0145661265	-0.1270441824	0.0076602495	-0.0697459696	-0.0493160881	-0.007570591	0.0920351603	-0.0121692507	0.1354759803	-0.0139649604	-0.0640613959	-0.0311730919	-0.053410914	0.1084882586	0.1530355903	0.1509595101	0.0062577182	-0.2201325362	0.1423357599	0.08012354	0.0474120976	0.1794155256	-0.0740822992	-0.0689707956	0.0448012653	0.0037124782	0.0072463351	0.0175120262	-0.0370024532	0.0506381997	0.0715760834	0.0140839879	0.0407684075	-0.039331052	0.1004837623	-0.0119902884	0.1517075026	0.169547754	-0.0339986915	-0.0841901024	0.0880054659	0.0277358257	0.0	0.0	0.1424797099858352	0.0036086806155992	1.3022575785401518e-05	0.0203004677576477	0.2538126018996536	-0.0446519798970967	0.0019937993087307	0.064420836883072	-0.2585412243499334	0.030460211030757	0.0668435646883625	0.0009278244560382	0.0129316152601807	-0.0019363166380983	3.7493221229766873e-06	0.0001672266732373	-0.0072219408325977	-0.000344510219585	1.1868729139857338e-07	5.215642938954196e-05	0.0064960944925723	0.0003660196691161	1.3397039817993218e-07	4.219924365642816e-05	0.0	0.0	0.0	0.0	0.0	0.0	0.0	0.0	0.0	0.0	0.0	0.0	0.0
58.66850991292592	-0.3240131586208008	0.1049845269594282	3441.994055403087	65.9460667704308	-1.7123052674813266	4348.883722490118	2.9319893290442973	59.172481747520784	-0.0806887009564576	0.0065106664620406	3501.3825961606804	60.0313744904782	50.32040342533099	1.010877	34.75378	0.4697798825451712	0.2829511366248589	-0.1141085845	0.0249869543	0.0832705406	0.0263279372	0.1253288557	0.0825773549	0.0637684256	-0.0098276878	0.2268504459	0.031481741	0.1471086684	-0.1536718349	0.17498843	-0.0400688417	-0.0663956109	0.1040095653	-0.0493406052	-0.1329607556	-0.1548339569	0.0719067649	0.0460588378	0.0568746206	0.0823837037	0.1315404863	0.0440540766	0.0681911284	0.0830595646	0.0730534671	-0.1162161098	-0.1014135976	-0.0503205692	0.0009130253	-0.0684916431	-0.0205302476	0.0524637487	0.0217165404	0.0297373311	0.0073651167	-0.0789045524	0.0071407292	0.0116646789	0.012876704	0.0066177159	-0.0102705353	0.0359947004	0.1049923233	-0.0018063591	-0.1361348714	0.0815983023	0.0020826634	-0.0068095071	-0.1972264562	0.0890105367	-0.0789785652	0.1673167961	-0.0652412086	-0.0745277485	0.0565249419	-0.107934934	-0.0372147952	0.0079956131	0.0558113737	0.0435655977	-0.0226049505	0.0290752283	-0.0516631797	-0.0648579735	-0.0201054614	-0.110193105	0.0442624457	-0.1133803874	0.0191610738	0.1929788882	-0.0610887307	-0.0004387627	-0.0732086947	-0.0001256108	0.1386050135	-0.0092659718	0.1016633702	-0.1454116903	-0.0760319063	0.0482218537	-0.009716552	0.0083433762	0.0842086306	-0.1235633471	-0.0964744791	0.0720114769	0.1204548356	0.0308456699	0.0504017548	-0.0833675762	0.0606287834	-0.0708434617	0.0596225656	0.0311429014	-0.0375667365	-0.0829334345	0.1378804716	-0.0798007103	0.1033229153	0.0649915201	-0.0948498002	0.0225827121	-0.0419735698	0.0013696506	0.0876133085	0.1086197289	-0.042915892	-0.0796934535	0.0495541913	-0.1043881686	0.0134395359	0.0264627226	-0.0141631787	0.0405279848	-0.0173963751	-0.2115662884	0.0541729704	0.14665792	-0.058973311	-0.1540129129	0.0826829864	-0.01896164	0.0054526568	0.0573726074	-0.0097785598	-0.1033988522	0.1804022133	0.0812573125	0.1573404529	0.0845443861	0.0386820776	-0.0138051974	0.047260152	0.078794446	0.1100498224	-0.0071854932	0.0592490332	0.0664888463	-0.0719413261	0.0047827748	-0.0357652936	-0.0818647166	0.0910090951	0.020450122	0.0	0.0	0.1208275264113751	-0.02165218357446	0.0004688170535421	0.0145992911386915	0.3364543157168356	0.082641713817182	0.006829652862641	0.113201506564484	-0.3069826080167175	-0.0484413836667841	0.0942383216247456	0.0023465676515525	0.017861951640682	0.0049303363805013	2.430821682489467e-05	0.000319049316414	-0.0061604758905513	0.0010614649420464	1.1267078231935672e-06	3.795146319806383e-05	0.0068451851997595	0.0003490907071872	1.218643218444595e-07	4.68565604190065e-05	0.0	0.0	0.0	0.0	0.0	0.0	0.0	0.0	0.0	0.0	0.0	0.0	0.0
58.71460727564678	0.0460973627208574	0.0021249668498182	3447.4051075334337	67.42599307211684	1.4799263016860351	4546.264541761148	2.1901818584221053	59.17440082875192	0.0019190812311364	3.6828727717003382e-06	3501.609713441796	60.25553369315314	50.83941358043404	1.018328	35.009949	0.1988524254267628	0.0987533400008872	-0.1194549491	-0.0233288898	0.1964028263	0.0054025794	0.107451699	0.1682480173	0.0488617709	0.0428144535	0.1095313529	-0.0698477716	-0.1641277285	-0.1065696939	-0.0504517606	-0.1844919033	-0.1544350821	0.045203935	-0.0687822745	-0.1041819507	0.0628923603	-0.022518201	-0.0548428304	0.1072232966	0.124392363	0.0805902382	0.0470439743	0.0662640126	0.1651233028	0.0021910518	0.071265347	0.0788934813	0.149167944	0.040799357	-0.049942534	-0.0281721778	-0.13524537	0.0564730621	0.0433784743	0.0073654925	0.0666899994	0.0114613357	0.0578013285	0.0188640473	0.0871396979	-0.0852033049	0.0263713443	0.0260671935	-0.1057685932	0.0306320597	-0.0140475385	-0.1342579881	0.0354323799	0.0374966156	0.0118675329	0.0673079825	0.0788513826	0.0706414237	0.032050058	0.004415008	-0.0189264475	0.032193241	0.0427901743	0.0586209622	-0.0397158561	-0.0257407051	-0.1244418313	0.0080900653	-0.1513388508	0.0407173658	-0.010644876	0.0899561252	-0.132378092	-0.030077863	0.0402841788	-0.1873938274	-0.0685537852	0.1813755254	-0.0278069501	0.0184743598	-0.0190578938	0.0505014581	0.0150611385	-0.1173763361	0.000348229	0.0650992056	-0.131617037	0.0714813619	-0.0879620002	-0.0021608174	0.0183325485	0.1043289078	-0.0821674396	-0.0641780774	0.0130444891	0.0246226159	0.0338834068	-0.0634770651	0.0903707725	-0.0113302809	0.10089255	-0.0541064944	-0.0838279595	0.017443738	0.0169844757	0.0933504057	-0.0936204254	-0.0850207898	-0.0694164545	0.0623874525	-0.0360393798	0.0464442416	0.1032915795	-0.1122571922	0.0593768813	0.031345559	0.0441795405	-0.0468415471	-0.0601528253	0.0873414621	-0.118279657	0.0772735402	0.12251244	-0.0627574839	-0.1440027886	0.0723338946	0.0661315082	0.0306543044	-0.1450823469	-0.0912396257	-0.0963738411	0.0169088136	-0.0054902953	-0.0007489938	-0.0573954207	0.0593088431	0.0849523503	-0.0594681965	-0.0552336717	0.0686360115	0.0587972793	-0.0503166194	0.104665819	-0.0627125432	0.003095908	-0.037520755	-0.0794373376	0.0937576389	0.0130625369	0.0	0.0	0.0948563213973585	-0.0259712050140166	0.00067450348988	0.0089977217090389	0.3033686350982663	-0.0330856806185693	0.0010946622619939	0.092032528761385	-0.3409525160067943	-0.0339699079900768	0.1162486181713633	0.0011539546488542	0.0163472622204114	-0.0015146894202706	2.2942840398796946e-06	0.0002672329821028	-0.0060682173104216	9.225858012969992e-05	8.511645607548263e-09	3.682326132650035e-05	0.0063356205640778	-0.0005095646356816	2.596561179374233e-07	4.014008793196551e-05	0.0	0.0	0.0	0.0	0.0	0.0	0.0	0.0	0.0	0.0	0.0	0.0	0.0
58.589728652548	-0.1248786230987804	0.0155946705070472	3432.756303579204	66.4785024229549	-0.947490649161935	4419.391284398821	0.8977385302493051	59.26993437603313	0.0955335472812066	0.0091266586561305	3512.9251209392733	60.24669456978208	50.50388755980924	1.055357	36.283001	0.4095120091349819	0.2376076440160086	-0.0939312242	-0.0857959631	0.0929662012	-0.0046057909	0.0626113119	0.0704818802	0.089421208	0.0645431008	-0.1508583281	-0.1053334927	0.0614070088	-0.1451793451	-0.0846834252	-0.1499635087	-0.0668445262	0.0058523991	-0.1015966646	0.1166057268	-0.0546519424	0.0784192576	-0.0925000181	0.007815688	0.0860505122	0.0874730808	0.0202178137	0.0329377025	0.1026908862	-0.0280063228	0.0505511536	-0.028317601	0.0768829756	-0.0703960049	-0.0967375102	-0.0267954173	-0.0113773778	-0.0250861859	-0.0732717956	-0.0176464744	-0.0827066362	0.0397805327	-0.1018370094	0.0117077251	-0.0812998348	-0.0990458804	0.0492288414	-0.0960345146	-0.0088403514	0.0509406377	0.0431972248	-0.0415222474	0.0333496753	0.0621190332	0.0729765658	-0.1229841695	0.0706952305	0.0293904028	0.0693693397	-0.0078295876	0.1166957826	-0.0581942196	-0.2548853901	-0.1204767398	0.0578583232	0.036866097	-0.000492373	-0.0096588932	0.1573807348	0.0721398767	0.004540804	-0.1500838558	-0.0719164996	-0.0938629765	-0.0142145867	-0.15407399	-0.0067036988	-0.1223983218	0.055490738	-0.0166907351	-0.0587388648	0.1447275016	-0.1545712049	0.0270476957	-0.0430274637	0.0159653147	-0.1255057825	0.0946258615	-0.0261598952	-0.11980836	-0.0914199611	0.0541931329	-0.0059987847	0.0461137426	-0.0081277886	-0.0425982415	0.0700138058	0.1241968692	0.0597217583	-0.0701484935	0.1042664835	-0.0643292501	0.055754734	-0.124908419	-0.0327972372	-0.008873705	-0.0191901122	-0.1288027348	0.1650589159	-0.0661950347	0.0208421509	0.055762277	0.056010371	-0.0068315056	-0.0092300525	-0.0054962175	-0.1246974052	-0.116261388	0.1363517773	0.0926994355	0.144244246	-0.0211009539	0.078049314	-0.0294204281	0.0242280472	0.1614097687	0.1742008904	0.0880009917	0.035057226	0.0938468296	-0.036708967	-0.0019175786	0.1152557548	0.1201203766	0.1115253801	0.0897446663	0.039584952	0.0303638479	-0.1095998553	0.0925720575	-0.0066927751	-0.0056886167	0.0342901978	0.0730108804	0.0823417532	-0.039264529	-0.0769109895	0.0962433935	0.0056098749	0.0	0.0	0.1048317941369134	0.0099754727395549	9.9510056377603e-05	0.0109897050619641	0.351195309701211	0.0478266746029447	0.0022873908035759	0.1233381455561295	-0.4875812583647416	-0.1466287423579472	0.2377354835085449	0.0214999880854732	0.0197656267005796	0.0034183644801682	1.1685215719275612e-05	0.0003906799988666	-0.0064718788051858	-0.0004036614947642	1.6294260235526874e-07	4.188521526901318e-05	0.0066152169778361	0.0002795964137582	7.817415458650213e-08	4.3761095663850976e-05	0.0	0.0	0.0	0.0	0.0	0.0	0.0	0.0	0.0	0.0	0.0	0.0	0.0
58.25809903412369	-0.3316296184243086	0.1099782038162525	3394.0061030697634	67.17864067053078	0.7001382475758788	4512.969762340293	0.4901935657186226	59.19588048689935	-0.0740538891337792	0.005483978495838	3504.152266619271	60.127559273116816	49.37210471612235	1.03074	35.436661	0.2924312434646801	0.1691071661212731	-0.0318962787	-0.0733769329	0.134820975	-0.0131246073	0.0508880831	-0.035926072	0.0203151913	-0.1504203603	0.0271883893	0.1100423182	0.1063376305	-0.0132225763	-0.1178457413	-0.1283323421	0.1016166723	-0.0357593035	-0.0503619847	0.0199090827	0.0753369044	0.0171431863	-0.0721301212	0.0550190179	-0.0894607207	0.0155279366	0.1114424961	0.0223589355	0.1366111611	0.1172397369	-0.0315691171	-0.0499225264	-0.0722709315	0.0300581086	0.0214836067	-0.0392948675	0.0274272374	-0.0512719083	-0.0243492933	0.0063866753	-0.0519685442	0.0124545375	-0.0359907209	0.096687177	0.0028619944	0.0255284254	-0.0760613793	0.0008936362	0.0331012311	-0.0458253037	-0.0307732075	-0.0781958637	-0.0211408846	-0.0415305508	-0.05334343	-0.136765721	-0.0002693553	-0.0229077143	-0.0317043237	-0.0067857526	-0.0485239806	0.0105430816	0.1741525559	-0.0151697091	0.0130647464	-0.0380586019	-0.0145853589	0.0524290835	-0.0171422601	-0.0540343148	-0.0182139926	-0.0681202956	-0.0352770043	0.116097046	0.0469395904	0.0129511229	0.0743932327	-0.0965160473	0.1077176593	-0.0985644013	-0.10481663	0.0864238712	0.1245574727	0.0053318729	-0.0841988908	0.0019257954	-0.0466241507	-0.0177807412	-0.0529325359	0.0646355496	-0.0237634984	0.0818459909	0.0884194446	0.0483024761	-0.0820209697	0.0275334764	0.0334466374	-0.0475276943	0.0100687085	0.065009224	-0.0201841604	0.0868950757	0.174933482	0.1355569536	0.0070217449	-0.0882540531	0.0420849626	-0.0682941928	-0.0620846839	0.0011932836	-0.0366657784	-0.1148743129	-0.0403137327	-0.0061238788	-0.0633725835	0.0258216701	0.1155510253	-0.0294214579	-0.1014660097	0.0712055271	0.0065755639	0.071875025	0.0370472254	-0.0436768281	-0.0456240414	-0.0634337002	0.080970278	0.0450551147	-0.1040736965	0.1023527517	-0.0322431343	0.0046353314	-0.025281808	-0.0450485216	0.0449895923	0.0520974479	0.0116347807	-0.0312428667	-0.0058956486	0.0062753307	0.0129685286	-0.0150092678	0.0072802411	0.0359430153	0.0062903662	-0.0409960724	-0.0742888199	0.0984593917	-0.0018707352	0.0	0.0	0.1606109055068287	0.0557791113699152	0.0031113092652174	0.0257958629677234	0.2936536447916467	-0.0575416649095643	0.0033110432005645	0.0862324630994186	-0.5061227155174421	-0.0185414571527005	0.2561602031627497	0.0003437856333454	0.0170055695016517	-0.0027600571989278	7.617915741353716e-06	0.0002891893940755	-0.0063252419994475	0.0001466368057383	2.1502352797131992e-08	4.000868635157461e-05	0.0069199031738199	0.0003046861959838	9.283367802307893e-08	4.788505993504273e-05	0.0	0.0	0.0	0.0	0.0	0.0	0.0	0.0	0.0	0.0	0.0	0.0	0.0
57.94627766482899	-0.311821369294698	0.0972325663488204	3357.771095209459	66.88418339455076	-0.2944572759800223	4473.4939883559	0.086705087377575	59.22424040722246	0.0283599203231119	0.0008042850807332	3507.5106518124817	60.29809781725471	47.956620645576	0.879923	30.251598	0.1078777329624019	0.0674943535245629	0.0264389181	-0.0836720617	0.1360369777	-0.0141074083	0.0763679468	0.0802646441	-0.0346066588	-0.1077292068	0.0580281046	0.0198488354	-0.0192431995	-0.1110343905	0.0014524947	-0.0147375264	-0.0398983467	-0.0832449337	-0.0628257101	0.0337897961	-0.0736773646	-0.0183000956	-0.0752757741	0.1163763135	-0.0671466612	-0.1069234003	0.0179491353	0.0309941918	-0.0989733277	0.0175360038	0.0007956629	0.0893403927	-0.0745638471	0.0554803513	0.0850538636	-0.0898714057	-0.0240192411	-0.0420080062	0.050617362	-0.0845214133	-0.08892479	0.0390436006	-0.1535653592	-0.1603997944	0.0695168544	-0.0585478383	0.0416643562	0.0722949905	0.001210022	-0.0800163581	-0.0565626375	0.0790138608	0.1429047252	0.1066056749	-0.0395062764	0.0146642755	-0.0219433322	-0.0057213899	0.0064524474	0.0260103299	0.0591442803	0.02512503	-0.0040854488	-0.0674170297	-0.1157835905	-0.0280784182	-0.0093336272	-0.0553763129	0.0142286439	-0.0103089727	0.0475431168	-0.0118771025	-0.0782730509	0.0371774749	0.0910005073	-0.0435768734	0.0699758185	0.0538398335	-0.007184462	-0.1023753814	0.0257635814	0.0332172876	-0.0257710925	0.0061096494	-0.0889019625	-0.0632033105	0.042557277	-0.1028742503	0.0683782269	0.1018383688	-0.0311147876	-0.025724599	-0.0328726504	-0.0967809337	0.038369324	-0.0870077797	-0.0421237044	-0.0168273286	-0.0215380204	-0.0276437553	0.1456950631	0.1562347423	0.0295684099	0.0101218361	-0.1613458263	-0.0839317815	-0.1022017649	0.0095338299	-0.0435996733	-0.0296620027	-0.0971091803	0.0176082951	0.0812286719	0.0277343324	0.0443132637	0.0100747269	0.0900476753	0.0342084268	0.1084442358	-0.0529946494	0.0265839562	0.0465319708	-0.0212160301	-0.0473927333	-0.0674914218	0.0125780858	0.0840450905	0.107553296	-0.039894447	0.0905046558	0.0020510514	-0.0208659618	-0.0270431872	-0.0061316672	0.0255161949	0.0336903518	0.0855896732	0.0348970722	0.0027429232	0.0241400412	0.0074907082	0.004734002	0.0510571941	0.019479346	-0.0591888031	-0.0427148457	-0.0715740957	0.1003994225	-0.0093420254	0.0	0.0	0.166891239221826	0.0062803337149973	3.944259157173192e-05	0.0278526857289967	0.2999279190137685	0.0062742742221217	3.936651701438199e-05	0.0899567566039296	-0.4537489739907343	0.0523737415267078	0.205888131397644	0.0027430088015064	0.0177984761658064	0.0007929066641546	6.287009780609334e-07	0.0003167857538247	-0.0062681156152293	5.7126384218200016e-05	3.2634237738454116e-09	3.928927336588139e-05	0.0069109485522213	-8.954621598600103e-06	8.018524797411546e-11	4.7761209891449685e-05	0.0	0.0	0.0	0.0	0.0	0.0	0.0	0.0	0.0	0.0	0.0	0.0	0.0
57.83595019487568	-0.1103274699533116	0.0121721506262988	3344.9971349441403	66.69517527527051	-0.1890081192802455	4448.246404999056	0.0357240691538555	59.16078257474865	-0.0634578324738086	0.0040268965022739	3499.998194856684	60.23747323723534	46.83304922840042	0.983817	33.823463	0.4923310054700455	0.2790920841751121	0.0749939712	0.0134778144	0.1641521049	-0.0974489518	-0.0533616763	0.0432433944	-0.059654882	-0.0079351751	-0.0041775954	-0.0271435039	-0.0025097367	-0.0028906564	0.0345163795	-0.1266701254	0.0136070169	-0.1049635731	-0.0561625701	-0.1481670819	0.0538505704	-0.0356538247	-0.0220783635	0.1457928654	-0.0132141948	-0.0668553356	-0.0032331168	-0.0590083653	-0.055851146	0.0206186642	0.0556644842	-0.0269480463	-0.0956470084	0.0052017016	0.0481577819	-0.1340933721	-0.0301991917	-0.1158461541	0.0634867243	-0.0470262735	0.036696221	0.018468342	-0.026683451	-0.0502706871	-0.0187789133	-0.0040441192	-0.0873655763	0.0786055151	-0.0540616738	0.0435130041	-0.0861217776	0.0126087704	0.066784034	-0.03041932	-0.0561318355	0.0665396739	0.0445863144	0.1561829362	0.0634777471	-0.0533461172	-0.0689940391	-0.0783994939	-0.0034447461	0.0103719127	0.1453496771	-0.1796146032	0.0495314151	-0.0581029665	0.0286297324	0.1412349641	0.0809022893	-0.015022315	-0.0507627144	0.0760582256	0.043787722	0.0295232636	0.1243730076	0.1116963708	-0.0671404383	-0.0127275084	-0.0799550937	-0.007606734	0.0457030197	0.0404274442	-0.0169792429	-0.038649	0.0523251983	0.0596799765	0.1197952884	0.0055158209	-0.0070640698	-0.009201011	-0.0028099787	-0.1313461103	-0.0905954042	0.0449593747	-0.0053926568	0.0260306625	0.0653726569	-0.0215276127	0.0155470506	-0.0699017897	0.0368833515	0.070835775	-0.1090367526	0.0179379555	0.055024342	-0.0052494709	0.0366348555	0.1479550798	-0.0365087301	0.1179722301	0.0469419392	0.0703930063	-0.0775766703	0.0043683026	-0.0456458538	-0.1269305006	-0.1067876988	0.0633991525	0.0089136822	0.1829131701	-0.0642169312	0.0122222494	-0.0406948554	-0.0698221957	0.0787400054	-0.0214152129	-0.1296560548	0.0832349395	-0.0167681952	-0.0425960641	0.1652123219	-0.0587510271	0.097626964	-0.1064804561	-0.0934222319	0.0298848567	-0.1020403108	0.2263646292	-0.1001428165	-0.0413195462	-0.0434033478	0.0077634906	0.0526498039	-0.0444203137	-0.068770199	0.1020580481	-0.0167667741	0.0	0.0	0.1704255146922833	0.0035342754704572	1.2491103101076082e-05	0.0290448560581296	0.1630479830404994	-0.136879935973269	0.0187361168720462	0.0265846447735749	-0.5034219234203334	-0.0496729494295991	0.253433632980228	0.0024674019050355	0.0136583923336769	-0.0041400838321295	1.7140294137060085e-05	0.0001865516811406	-0.0045458314756194	0.0017222841396099	2.9662626575518143e-06	2.066458380473205e-05	0.0067284396320263	-0.0001825089201949	3.330950595074476e-08	4.527189988182222e-05	0.0	0.0	0.0	0.0	0.0	0.0	0.0	0.0	0.0	0.0	0.0	0.0	0.0
57.824923136975954	-0.0110270578997244	0.0001215960059238	3343.721735797177	66.51298020326017	-0.1821950720103444	4423.976535519279	0.0331950442648546	59.13547105090816	-0.025311523840493	0.0006406732391278	3497.003936412797	60.214371574514345	45.98376423537268	0.937164	32.219559	0.1522219877218601	0.0722762044154455	0.0975460292	0.0495254856	0.1135506505	-0.1031005373	-0.0272313247	-0.024019014	-0.0941763314	-0.023676117	-0.0454022661	-0.0106077534	-0.017817013	0.0286903636	0.1060178606	-0.1158108721	0.0074576062	-0.0935082718	-0.0148090604	-0.1218320495	-0.0411971579	-0.0607492167	-0.052480955	-0.0151045677	-0.0449832595	-0.1264726783	0.0117069461	-0.072841329	-0.0620834063	-0.0605622767	-0.0863317308	-0.1127964129	0.05109975	0.0144244653	0.0833287237	0.0534632143	-0.0641217755	0.044895823	0.0310016996	0.0241717246	-0.1295432402	0.023025208	-0.0791793284	-0.1230119481	0.1244303227	-0.0677463812	-0.0092911762	-0.0050563068	0.0581126869	0.0596315563	-0.0248663102	-0.1151449434	-0.066084108	0.0163331752	-0.0235515955	0.0340102229	0.0101340567	-0.0157382967	-0.1140354528	-0.0666432869	-0.0292022333	0.0025348013	0.005869234	-0.1231956893	0.0429231205	0.0285141644	-0.0281959147	0.0303923862	-0.0241158279	-0.0054752369	0.063490417	-0.0418257715	0.0252727626	0.1064302164	0.0462226352	0.0228421158	0.0588005096	0.0684329134	-0.1327868745	-0.0047488956	-0.0373579031	-0.0667576104	-0.0353648991	0.0393207543	-0.0152722277	0.0163748634	0.063221379	-0.0305706209	0.0124181463	0.0651383178	-0.0689910705	0.0997421006	-0.0785447588	0.07511484	0.0829874049	-0.0845930754	-0.0168801743	0.0161224518	-0.0411007509	0.0469799491	0.0405042329	-0.0601741844	-0.0359819071	-0.0878430649	-0.0783857385	-0.0939648181	-0.0842269449	-0.0747811035	-0.1166825637	0.0180513818	-0.042927251	0.0074475586	-0.0426137162	-0.0057644379	-0.120492644	-0.0073092366	-0.015970378	0.0136583353	-0.0665525694	0.026117701	0.0398952225	0.1545284524	-0.0800877199	-0.0158805409	-0.0299854973	0.0110075797	0.0572086669	0.0039332767	-0.0244641792	0.0573263063	-0.0637018919	-0.0030106024	0.0797882044	-0.1049403618	-0.0256013034	-0.0094787066	-0.0748844584	0.0506266731	-0.0486220972	-0.0395281901	-0.0774295	0.0809302901	-0.0565539143	-0.0686464691	0.0458520898	-0.046111945	-0.0658806233	0.1034306197	-0.0241079916	0.0	0.0	0.1567250054076083	-0.0137005092846749	0.0001877039546594	0.0245627273200148	0.2093437645684162	0.0462957815279168	0.0021432993872806	0.0438248117636764	-0.472297038690435	0.0311248847298984	0.2230644927557542	0.0009687584494494	0.0142969975832702	0.0006386052495932	4.078166648081205e-07	0.000204404139896	-0.0051176652246944	-0.0005718337490749	3.269938365811699e-07	2.6190497352046383e-05	0.0067400168769454	1.1577244919099353e-05	1.3403259991681174e-10	4.542782750150882e-05	0.0	0.0	0.0	0.0	0.0	0.0	0.0	0.0	0.0	0.0	0.0	0.0	0.0
57.76802958985185	-0.0568935471241047	0.0032368757043627	3337.1452426939986	66.30737200264255	-0.2056082006176183	4396.667581896825	0.0422747321612147	59.12749915792733	-0.0079718929808265	6.35510776977519e-05	3496.061156670697	60.13853558642081	45.12896119582402	0.8446989999999999	29.040628	0.155263190069331	0.0862368297846891	0.0992828086	0.0871730083	0.0378886397	-0.1018909979	0.0145213278	-0.0371228219	-0.0702421358	-0.0200864056	-0.0247339032	0.0006807442	-0.0252191566	-0.0163669396	0.0521521152	-0.0451344907	0.05184108	-0.0169305406	-0.0102773862	-0.0901312506	-0.0130332891	-0.0579642864	-0.0191509021	0.0025440688	0.1258864763	-0.0009035482	0.0657025062	0.1765126663	-0.0082571706	0.0225308949	0.1031108659	0.0034022782	-0.169441106	-0.0328992015	0.027139507	-0.0349371529	0.095882873	-0.1186044227	0.1773425436	0.0127891955	-0.0014729383	0.10390643	0.0501552447	0.0501559793	0.0681565223	-0.024243986	-0.0980624612	0.0351958545	0.0348340865	0.042730834	0.0500241068	0.0779156137	0.0415357354	-0.0635439652	0.1330262505	-0.1078205371	-0.1660395761	-0.0345104372	0.0593398757	-0.0298726776	-0.0431817253	-0.1341277891	0.0213913072	0.0120967866	-0.0079170012	0.0758851915	-0.0105927732	-0.0750632832	0.0879097176	-0.0831504263	0.0316158274	-0.0139932647	0.0275324173	0.1236199171	0.0193948419	0.0144229802	0.0401341632	0.0800766074	-0.0072529171	0.0387609435	-0.0879927295	-0.0006612666	-0.0646592601	-0.1347175256	0.0825136405	-0.0680658285	-0.0695553669	-0.0234590625	0.0196609593	0.009000395	-0.0072745962	-0.0479775813	0.1481403018	-0.1635427165	0.0200137217	-0.0671922433	0.1040497701	0.0627519916	0.0979938775	0.0820854384	-0.068332227	0.0670747124	0.0801888005	0.0508046572	0.0226778176	-0.0945412474	0.1262559769	-0.0343292162	-0.0036798639	0.0512323716	0.0581527552	-0.0002884108	0.0491468395	0.0535723265	0.0621235856	-0.0583802596	-0.1611615036	0.1324282958	-0.0729503986	-0.0675299566	-0.0050444339	0.1063173703	-0.0948073964	-0.044961809	-0.0444908819	0.0200455206	0.0073395474	-0.004951129	0.0391861727	0.0695523996	-0.0141950888	0.0731091795	0.015551347	-0.0522082414	-0.015551866	-0.0433309006	-0.0531334212	-0.0199139222	-0.0445491919	-0.0205040523	-0.1080737766	0.0465834006	-0.0002207971	-0.0134487639	-0.0189435537	-0.0477892128	-0.0629089685	0.1045132902	-0.0313291043	0.0	0.0	0.1561083961123301	-0.0006166092952782	3.802070230234892e-07	0.0243698313367641	0.2303689748744517	0.0210252103060355	0.000442059468413	0.0530698645847057	-0.4394422380220177	0.0328548006684172	0.1931094805577996	0.0010794379269614	0.0156207538387683	0.0013237562554981	1.7523306239703528e-06	0.0002440079504913	-0.0045899319965649	0.0005277332281294	2.785023600719824e-07	2.106747573309025e-05	0.0069038587893098	0.0001638419123644	2.6844172247223957e-08	4.766326618273018e-05	0.0	0.0	0.0	0.0	0.0	0.0	0.0	0.0	0.0	0.0	0.0	0.0	0.0
58.061228267241816	0.2931986773899666	0.0859654644232257	3371.10622790076	65.98536758514945	-0.3220044174931047	4354.068735347291	0.1036868448850736	58.97353315410637	-0.1539660038209618	0.0237055303325964	3477.8776126784837	59.98636567809741	46.1426413024173	0.913249	31.397343	0.360194076315036	0.1863123080718365	0.0544207816	0.1124017986	-0.0658739602	-0.0442926551	0.0461941571	-0.1196855586	-0.0457374286	0.0177549103	-0.0052281756	-0.0098886323	-0.0789933622	-0.0169359515	0.0342631912	-0.0256675765	-0.0779814929	0.0238294819	0.1302493357	-0.03561354	0.0022151852	-0.0064575016	-0.0297100412	0.0811806041	-0.0142177242	-0.0171253661	0.0738409229	-0.0727217018	0.040116118	0.0186250269	0.0687397787	0.0929505074	-0.0365505071	0.0302541402	0.0261212571	-0.0752604716	0.0083349818	0.052560442	0.0716722189	0.0864830549	0.0353894498	0.1266855265	0.059495813	-0.1266308898	0.1709322981	-0.0187612594	-0.0437839042	0.0078487182	0.0046482779	-0.0315930264	0.1115799355	0.1511719697	-0.0414218004	-0.0115381745	0.0192680799	0.0930283636	0.0392631885	-0.0953131913	0.0737820973	0.1264518929	-0.0434299211	-0.0844394412	-0.0394211693	-0.0768387319	0.0381253539	-0.1280632801	-0.0480890794	0.0711330475	-0.0409151901	-0.041571589	-0.0099254894	0.0292595236	0.127920054	0.0413298735	-0.0020107611	-0.0433135576	-0.0219279872	0.0229317209	-0.0167333452	-0.0616910443	0.0466700532	0.0451405526	0.0698151692	-0.0239603821	0.0465073529	-0.1063152424	-0.0262068283	-0.0291424191	-0.0364342441	-0.0205485525	0.0306801815	0.0993859297	-0.0790246946	-0.1500783335	0.0034329216	-0.0256749424	-0.0101991849	0.0206175005	-0.0179188055	0.1280491146	-0.0635743561	0.0588863157	-0.0928892137	-0.0240670605	-0.2155250081	0.0334091255	-0.0111054413	-0.0938794097	-0.0481914188	0.0380712298	0.0638672036	-0.1245087829	-0.0189404439	-0.0166332982	0.0235005057	-0.0599661898	-0.1019631046	-0.0616683239	0.0602179835	0.0515947789	-0.0781605301	0.0442348428	-0.0427997763	-0.0301853947	0.0178502211	0.0330581447	-0.012218297	-0.0503031972	0.0922206282	0.0821964016	0.1529401592	0.0262090947	0.1037628076	-0.0283051324	0.0009408747	-0.0313898133	0.007940286	0.0071828503	-0.0018775022	0.0198186633	0.0212311922	0.1112405137	-0.023067755	-0.0123221184	-0.0199156661	-0.0494515946	-0.059858937	0.105303025	-0.038394137	0.0	0.0	0.1475590714258743	-0.0085493246864558	7.309095259444266e-05	0.0217736795600662	0.2956934478364417	0.0653244729619899	0.0042672867677617	0.0874346150934024	-0.5264843421690131	-0.0870421041469953	0.2771857625491384	0.0075763278943363	0.0182780592745057	0.0026573054357373	7.061272178799522e-06	0.0003340874508423	-0.0055218570494983	-0.0009319250529334	8.684843042849203e-07	3.0490905275094075e-05	0.0073001917910309	0.000396333001721	1.5707984825325698e-07	5.3292800185834935e-05	0.0	0.0	0.0	0.0	0.0	0.0	0.0	0.0	0.0	0.0	0.0	0.0	0.0
58.371257755893474	0.3100294886516579	0.0961182838336084	3407.203732004954	66.12153164716237	0.1361640620129236	4372.056947366695	0.0185406517838593	59.05439838899427	0.0808652348879022	0.0065391862134755	3487.421969086049	60.05848391781863	47.701715025699365	0.99284	34.133686	0.6357217117435133	0.3473389255139268	-0.0020943318	0.0178049612	-0.1070610659	0.1010782365	-0.0942363879	-0.0105804772	-0.0205853813	0.0743305955	0.0056089519	-0.0552505668	0.0416918587	0.1152267275	-0.0585725567	0.2561207958	0.0387541584	0.0289176434	0.1256025909	0.1415026115	0.0868577735	0.0193158782	0.0283275122	0.0430476014	0.0142419099	-0.0249897643	0.041818334	0.0734850628	-0.099545704	-0.051546886	0.1135377243	-0.0563296931	0.0436992109	0.0376713201	-0.0544083039	-0.0309545483	-0.0253542512	0.0954188864	-0.0741631727	0.0412286962	-0.0469992364	0.0188334565	0.0300129342	0.0371420934	-0.0424684717	0.1165016785	0.0036223898	-0.0480496992	-0.020330583	0.061015828	-0.0726780259	-0.0617646224	-0.0655934957	-0.0282929147	0.065435484	0.0581059361	0.1095328069	-0.0609331068	-0.068678437	0.0177144945	-0.0019858845	-0.0775351861	0.0027606549	0.0960691156	-0.0219013566	-0.0076341915	0.0759226651	-0.0279415041	-0.132170889	-0.0194880598	0.0154026505	0.0230648395	0.0834369973	-0.1725450111	-0.055067203	0.0971201221	-0.0876460204	-0.0058105213	0.0639744399	0.0871886685	-0.0204840767	-0.0301544568	0.0689483832	0.0235212427	0.1163594436	-0.0912798144	-0.0144510324	-0.0290462344	0.1211642364	0.0027291188	-0.0297228261	0.0581533704	-0.0053005564	-0.0024122929	-0.0167002042	-0.0746430684	-0.0895880471	-0.0621588686	0.0378905791	0.0269701763	0.0099396172	0.0090633194	0.0472027507	0.0724262846	0.0973347034	0.0586274883	0.065847169	0.0474850497	0.003626008	-0.0910563674	-0.0076005299	-0.0386792017	-0.1053789328	-0.0402563917	-0.0301717414	0.0285061882	0.0660946902	-0.0609644608	-0.0107743182	0.0294958005	-0.0385585559	-0.0941763137	0.006130164	0.0839971684	0.1000417891	0.0305445858	0.0467521955	-0.1138586287	0.174080909	0.0352845402	-0.0247228802	0.065223126	-0.0888870403	-0.0767790449	0.0239507292	0.0788314818	-0.0253614512	0.0619785552	-6.81155e-05	0.0384275972	-0.0499350604	0.0369520539	0.0621198238	-0.1402543847	-0.0518524703	-0.0510985726	-0.0567343287	0.1057976105	-0.045267892	0.0	0.0	0.1426017145830798	-0.0049573568427944	2.4575386866801423e-05	0.0203352490020341	0.394582205821095	0.0988887579846533	0.0097789864557473	0.1556951171506409	-0.7194382100494536	-0.1929538678804405	0.5175913380791618	0.0372311951300225	0.0231407829716581	0.0048627236971524	2.364608175484752e-05	0.0005354958365413	-0.0070643296448191	-0.0015424725953208	2.3792217073156846e-06	4.990475333066996e-05	0.0076734300792702	0.0003732382882393	1.3930681980780293e-07	5.888152918144867e-05	0.0	0.0	0.0	0.0	0.0	1.0	0.0	0.0	0.0	0.0	0.0	0.0	0.0
58.329237840643486	-0.0420199152499876	0.0017656732776161	3402.299987070356	66.3887800597326	0.2672484125702254	4407.470117819548	0.0714217140213054	58.96489568575233	-0.0895027032419406	0.0080107338876148	3476.858923231654	59.891380214112175	48.14186406082636	0.895966	30.803177	0.261969414127037	0.1380337792416786	-0.0344985622	-0.0100424203	-0.0475064296	0.1562692155	-0.1033720673	0.0048635452	0.0008537734	0.0483864319	0.0406661033	0.026439685	0.1458686315	0.0820418785	-0.0351721845	0.0552958272	0.0730668958	0.0920637709	0.0966876961	-0.0192703607	-0.1188783795	-0.0004541746	-0.0397867491	0.0105116659	-0.101727794	0.018552414	-0.0392539588	0.0333766726	-0.0285191587	-0.0948578739	-0.0215377624	0.0399509883	0.0182456735	-0.0327888493	0.014913471	0.0385688719	-0.0104022322	0.0938619606	0.039831782	-0.0144361947	0.0347122115	-0.047778011	0.1373620814	-0.0064930873	-0.0063350347	0.0300112546	0.0789030465	-0.0896126001	-0.0252060035	-0.1313167126	-0.1889496524	-0.0342653598	0.0350965351	-0.0487535014	-0.0731645693	-0.0114507988	-0.0517087222	0.0300781588	0.0812620182	0.0533178191	-0.0994527058	0.1369584386	0.0319400226	0.1002049378	-0.0081162356	0.0230645607	-0.0614561531	0.0810822078	0.1123066747	0.0018829529	-0.0624270591	0.0490107498	0.057456082	-0.0799678161	0.0513026236	-0.0156769193	-0.0344270207	-0.0828836688	0.0044344114	0.0737458974	0.0543358043	0.036361007	-0.0156224811	0.0112774535	-0.0081934645	0.0538519577	0.1160768498	-0.023920399	0.10261385	0.120690756	0.0486565829	-0.0506295736	0.0005048014	-0.0149508583	0.0713860526	0.0021392966	0.1000746592	-0.0103728176	-0.0459121694	0.0111882755	0.0564803325	0.0262188626	-0.1608773639	-0.0545292635	0.1701075789	0.0312307092	-0.0264935466	0.0318274481	0.015082182	-0.0185841548	-0.0152128586	-0.0414615003	0.053207193	-0.0142184278	-0.0428110486	0.1634488184	0.0122232672	-0.0682681613	-0.054500446	0.0069772243	-0.0340559419	-0.0954890441	0.0267837939	0.0495426441	0.0373405779	-0.1314889113	0.0317319405	-0.0326688087	0.1004283894	0.041129944	0.015865839	0.0112439783	-0.0685962004	0.0111639794	-0.0052525829	-0.047108776	-0.1261800347	-0.0989904621	0.0424956976	0.0157803294	-0.0639386666	-0.0672610215	0.0319735608	-0.0170774653	-0.012325023	-0.0527296337	-0.0535390365	0.1059956606	-0.0519161246	0.0	0.0	0.2074970360237245	0.0648953214406447	0.0042114027448845	0.0430550199586308	0.4051041696825734	0.0105219638614784	0.0001107117235022	0.1641093882942072	-0.6113905361118697	0.1080476739375839	0.3737983876471594	0.0116742998433224	0.024157239177641	0.0010164562059828	1.0331832186811513e-06	0.0005835722046857	-0.0075548436723453	-0.0004905140275262	2.406040111999738e-07	5.7075662913575824e-05	0.0077365489435077	6.311886423750017e-05	3.9839910226319775e-09	5.985418955529011e-05	0.0	0.0	0.0	0.0	0.0	0.0	0.0	0.0	0.0	0.0	0.0	0.0	0.0
58.59004850992262	0.260810669279131	0.0680222052098282	3432.7937843950854	66.76573060165147	0.3769505419188732	4457.6627827723	0.1420917110529322	59.11583524706269	0.1509395613103592	0.0227827511685636	3494.68197695786	60.045027369741554	48.707772425521625	0.8531879999999998	29.332453	0.1751475985691533	0.0790475902479874	-0.0552809419	0.0276323929	-0.0866358587	0.0989517813	-0.1160624706	-0.0361494532	0.0899901138	0.1235661742	-0.1356170752	-0.0030097418	0.0170877886	0.0521729795	-0.07665766	0.0274231149	0.186310759	0.1155563448	0.0227924594	0.0737374841	0.1092388969	-0.0987594227	0.104351367	0.0809087757	0.0072192146	-0.0348694549	-0.0116846116	-0.0379550621	-0.0139835085	0.0140610338	-0.0292658562	0.0005679702	-0.0197267527	-0.0557554136	-0.1060038625	-0.0233275947	-0.1221170653	0.0237645951	-0.0177329679	0.0093922221	0.0794060509	-0.0790713589	-0.0005027094	-0.0751159205	-0.044385436	-0.0633148109	-0.0324064468	0.0124548932	-0.0033755644	-0.0404834693	-0.0331296245	0.0297958158	0.0595688708	-0.0313364883	0.0232608609	-0.0782839499	-0.1317566329	-0.0188325331	0.0636968009	0.0260642293	0.1100791379	-0.0360437714	-0.0175866185	-0.0598301986	0.0545524837	0.0965912742	-0.0159817562	0.0111676869	0.0722111457	0.1716188661	-0.0734092195	0.0390883325	0.0188044254	-0.0858514718	-0.163823684	0.0351185534	0.1024485961	-0.0412601097	0.0898856078	0.0435106335	-0.0269010751	0.0121484519	0.0215933703	-0.0136979881	-0.0544232492	-0.0583438331	0.0754495408	0.1573121423	0.0677822407	0.0526003153	-0.0169059513	-0.0436583117	0.0324165993	0.0595962466	0.0480805676	0.0412664298	0.0457343094	-0.0036933634	0.0012811497	-0.0506862067	0.1261125275	0.085540614	0.0372100725	0.006535644	-0.0660669306	0.1272810819	0.0782629621	0.0857710345	0.0276284	0.0138375856	-0.020422419	-0.0406473013	0.0511427556	-0.000182477	0.0690626988	0.0173995307	-0.054125849	0.0273894125	-0.0050478068	-0.0563236125	0.0251973575	-0.0939799445	0.0455614077	0.0643225673	0.0635651392	-0.0344379073	0.0096720755	-0.0657719956	0.1372654655	0.0757216478	0.0360301774	-0.0196722418	0.0819672849	0.0872882822	0.00616892	-0.1260638776	-0.1382721706	-0.0631892033	-0.0931908573	0.0597935164	-0.0245642556	0.0041297406	0.0151286321	0.0189635646	0.0051849679	-0.0543442699	-0.0502770413	0.1058966202	-0.0583057138	0.0	0.0	0.1493381190663569	-0.0581589169573675	0.0033824596216539	0.0223018738062773	0.3818672881877916	-0.0232368814947818	0.0005399526616025	0.1458226257878978	-0.6419742097038537	-0.0305836735919839	0.4121308859248875	0.000935361090381	0.0237548673410807	-0.0004023718365602	1.619030948569078e-07	0.0005642937223923	-0.0071122471014886	0.0004425965708567	1.9589172453411025e-07	5.0584058832633e-05	0.0073181548204243	-0.0004183941230834	1.750536422307274e-07	5.3555389975699416e-05	0.0	0.0	0.0	0.0	0.0	0.0	0.0	0.0	0.0	0.0	0.0	0.0	0.0
58.79767499981465	0.2076264898920357	0.0431087593048876	3457.166585383829	66.44606522173329	-0.3196653799181774	4415.079583450834	0.1021859551182327	59.281170257714905	0.165335010652214	0.0273356657473677	3514.257147124182	60.03376528168386	49.52289370625186	0.92226	31.707151	0.1928067449452711	0.121249197923084	-0.1029483021	0.051853046	-0.0803039177	0.031521758	-0.0465864073	-0.0538443013	0.0795432776	0.0662114521	0.07420584	0.0052132278	0.0497625115	0.0782747934	-0.0893114097	-0.0753252654	-0.0210438216	0.1454354976	-0.1014075139	-0.0206475735	0.0064208254	0.0053250157	0.134776974	-0.002366897	0.0464207556	-0.0637116202	-0.112023207	-0.0954358577	0.0496173472	0.0409289038	-0.0442947149	0.1098587611	-0.0730624671	-0.0803121062	-0.0092984966	-0.0558967567	-0.0354150378	-0.0173581039	-0.0843877981	-0.0765053722	0.1568799677	0.0046992134	-0.0973062152	-0.0149212373	0.0458350792	0.004521382	0.1422172934	0.0248425505	-0.2008690675	0.0412590657	0.0082912376	-0.0507895685	-0.0666941302	0.1145392698	0.0396812579	0.0602905217	-0.0318383172	0.0034635278	0.0452312559	0.0824193231	0.0976095029	0.0339951691	-0.1136256051	0.1266007726	0.1026331015	-0.0240194606	-0.0067892186	-0.0283608808	-0.0708559162	-0.1089427399	-0.1529084861	0.1041168808	-0.0603356962	0.0560789382	-0.0530970749	0.1187952657	0.0846150054	-0.065093835	-0.0121758143	-0.131817932	0.1173233017	0.1190658453	0.1067747879	-0.0042319739	-0.030542518	-0.0025653683	-0.0824613469	0.1200644174	0.016586956	-0.0315731973	0.0510211631	-0.1379541088	-0.0414269148	-0.0074470858	0.1386420616	0.0544640847	-0.0297730062	0.0947187929	0.0434202536	0.004854088	0.0502110029	0.017403213	-0.0200272887	0.0867479457	-0.013716708	0.1689142005	-0.1613324188	-0.0286718611	0.1160286236	-0.1568205335	-0.0257173033	0.0486738294	0.0918926008	-0.0936004613	-0.0019853301	-0.1499341932	0.0629870806	-0.0413810072	-0.0107050201	0.0754074623	-0.0200630366	-0.0408665391	0.1047778841	0.0274648915	0.0302957186	-0.1643106786	-0.0421503833	-0.0488362913	0.0465172092	0.0507458316	0.0579276593	-0.0614848789	0.0512123656	-0.0084661542	-0.06351402	-0.0480595604	0.0515063066	-0.0468588532	-0.0063299488	-0.0172816644	0.0467712257	-0.0307559438	-0.0293645135	0.009966543	-0.0215775966	-0.0559419782	-0.0469524072	0.1055007667	-0.0644048267	0.0	0.0	0.1630917173023078	0.0137535982359508	0.0001891614644359	0.0265989082526158	0.3640300740960214	-0.0178372140917701	0.0003181662065556	0.1325178948463548	-0.6232320967207485	0.0187421129831051	0.3884182463829404	0.0003512667990714	0.0215098192961181	-0.0022450480449625	5.040240724190389e-06	0.0004626723261516	-0.0072211090428186	-0.00010886194133	1.185092227013638e-08	5.214441580827656e-05	0.006822588414028	-0.0004955664063962	2.4558606314854245e-07	4.6547712667229104e-05	0.0	0.0	0.0	0.0	0.0	0.0	0.0	0.0	0.0	0.0	0.0	0.0	0.0
58.81928958764679	0.0216145878321398	0.0004671904071532	3459.7088275954543	66.36522302914075	-0.0808421925925415	4404.342827707594	0.0065354601031695	59.25913400180629	-0.0220362559086169	0.00048559657447	3511.644962644034	60.27564914931656	50.13048976706082	0.92092	31.661085	0.145190991447221	0.0699952331027038	-0.1162951012	-0.0329085652	-0.0283029889	0.0601445345	-0.0491239486	0.0711264677	0.0397047186	0.0505940937	0.1297709087	-0.0390471472	0.1128485483	0.0770440765	0.1208154701	0.0958055557	-0.082359292	-0.0154341138	-0.1033366241	0.0358903759	0.0301778019	0.0101537707	0.0953526427	-0.1006712418	-0.0388274112	-0.0678748176	-0.0524775462	-0.008332588	0.0349303028	-0.0876255569	-0.0684263194	-0.0654832614	-0.0554455161	0.1130319272	-0.087310191	-0.0562640357	-0.0833093975	-0.0678226068	0.0874469531	-0.0226188617	0.0788239987	-0.0086472093	0.0854448036	0.0386701031	-0.0304686721	0.0314307496	0.0519957361	0.0392832828	0.0464445478	-0.1111710004	0.0522845803	0.0701872646	0.051041407	0.0675709301	0.0121629967	0.0039844337	0.0541788523	0.1019087711	0.058128816	0.0360699073	-0.0221593329	0.083177802	-0.0102202591	-0.0904799918	2.50723e-05	-0.0149507286	-0.1091598236	0.1080575564	-0.0508193662	0.0294411632	0.0053235165	0.074698302	-0.14148392	-0.1061623261	0.0189185188	0.1289721289	-0.0193884531	-0.071577875	-0.1369985392	0.1389871336	0.0231527483	-0.0907837643	0.0347043528	0.0870859621	-0.1322926487	0.0511829083	-0.0125660888	-0.0131313793	-0.0207231964	-0.0958491833	0.0540930613	0.0846005542	0.0475477034	-0.0026766748	-0.0236391551	0.0998483116	0.0564531696	-0.0279120931	-0.0174562242	-0.0155097919	0.0674085937	-0.0159498086	-0.0416210355	0.0398109799	-0.0677528752	-0.0095323652	-0.030314777	0.0376466976	0.059449615	0.0172799999	0.0443342288	0.0059138772	-0.086786743	-0.0280302008	0.0942910916	-0.0018235538	0.0752367562	0.0092352353	-0.045530112	0.0472076077	0.0419495263	-0.0723291975	0.1269527537	0.0425581918	0.0927542103	-0.0327039195	0.0300381527	-0.0749282996	0.0994345887	0.1063265695	-0.0747299735	0.0274354091	-0.0603062994	-0.0460408956	0.0397904375	0.104349333	0.0737483341	0.0705483732	-0.0668739223	-0.0169649937	0.0134248227	0.0218705046	0.0190907786	-0.0506421366	-0.0386322707	-0.057522261	-0.0435692762	0.1048092098	-0.0701830781	0.0	0.0	0.1248915143145836	-0.0382002029877241	0.0014592555083033	0.0155978903477898	0.3832687910300336	0.0192387169340121	0.000370128229267	0.1468949661776235	-0.6691327762898283	-0.0459006795690797	0.4477386723053334	0.0021068723849033	0.0217724183729283	0.0002625990768101	6.895827514156899e-08	0.0004740382018058	-0.007748811616796	-0.0005277025739774	2.784700065823733e-07	6.004408147259264e-05	0.0068693146023685	4.672618834049985e-05	2.183336676831864e-09	4.718748310631311e-05	0.0	0.0	0.0	0.0	0.0	0.0	0.0	0.0	0.0	0.0	0.0	0.0	0.0
58.870829701479	0.0515401138322104	0.0026563833338372	3465.7745897405425	67.77144077407443	1.4062177449336843	4592.968184593879	1.9774483461663763	59.411755157690514	0.1526211558842263	0.0232932172234373	3529.7566509173653	60.39971933753617	50.32543580248935	0.872205	29.986277	0.2371977726795018	0.1202648099581319	-0.1274324397	-0.0743925321	-0.0680606782	0.0585601746	-0.1157482705	0.1137753167	0.1226429021	0.0489863178	0.0213293693	-0.0493028657	-0.1743497989	0.1049617438	0.0974220837	0.1351483467	0.0239903221	0.0161644633	-0.1585949251	0.0876334592	-0.0381987028	0.0211209639	-0.0459581793	-0.1063431241	-0.0247380017	-0.0390003518	0.1536538387	0.1044267389	-0.012462305	0.0055435473	-0.1004638967	-0.1070985269	0.0142673728	0.0233860222	-0.1102577439	0.1100540831	-0.0476749392	-0.0244930993	-0.0054734656	0.0818367906	0.0514037392	-0.0349947375	-0.0423188987	0.118885058	0.0252450445	-0.0034671036	0.0174994514	0.1066531025	0.0251840926	0.0549893591	0.0055108229	0.0187381889	-0.1125691798	0.0386802084	0.0166433949	0.186399717	-0.0396781309	-0.0444508474	-0.1489644338	-0.0441154106	-0.0225228266	-0.0369342596	0.0658104992	0.0358352965	0.0757744237	0.030256665	0.0848828815	-0.0211873144	0.0293703839	0.0813751709	0.0048460132	0.0067027657	-0.1779474617	-0.1357822781	0.0248354463	0.0713031483	-0.0537534546	0.0343424013	-0.0660256443	0.0782393832	0.0119062774	-0.21032544	-0.0128103355	-0.0476892631	-0.0411493544	-0.0560383667	-0.1164751962	-0.0569275078	0.0301367914	0.064170166	-0.0675885052	0.0640167695	-0.0123469905	0.1706293152	-0.0035667595	-0.0882098634	-0.0840539028	0.0114333703	0.0162003749	0.0528381348	-0.1735035493	-0.0952112841	0.0252115042	0.0631192147	-0.0196417537	-0.0057298129	-0.0678093274	0.0620718123	-0.0597610219	-0.0669057317	-0.0310323088	0.0740131568	-0.1512629833	0.0606050649	0.1802038847	-0.1085882891	-0.0580066685	0.0077919884	-0.0634029546	-0.0007817361	-0.0333613886	-0.1157769053	0.1252135056	0.0890064048	0.0741435019	-0.1021196777	0.051356965	-0.0582234317	0.1370876268	0.1324409113	-0.0568009596	-0.0318984137	-0.0119951738	0.0068827453	-0.0239625267	-0.0451970483	0.0603720065	0.0466874021	-0.0570660189	-0.0512632954	-0.0237439305	0.0713744481	-0.011902074	-0.0799280968	0.0192360211	-0.059084626	-0.0401318633	0.1038238878	-0.0756116809	0.0	0.0	0.1516616008494935	0.0267700865349099	0.0007166375330865	0.023001241172231	0.4096368891365216	0.0263680981064879	0.0006952765977533	0.1678023809414468	-0.7434413296408522	-0.0743085533510239	0.5527050106181582	0.0055217611011219	0.0234029114580127	0.0016304930850843	2.658507700508038e-06	0.0005476962647115	-0.0077250434427891	2.3768174006900435e-05	5.649260956222975e-10	5.967629619297887e-05	0.0074100740370188	0.0005407594346503	2.924207661633123e-07	5.49091972341001e-05	0.0	0.0	0.0	0.0	0.0	0.0	0.0	0.0	0.0	0.0	0.0	0.0	0.0
58.46630493206029	-0.4045247694187139	0.1636402890732637	3418.308812408657	66.81778333524778	-0.953657438826653	4464.616169836117	0.9094625106294114	59.14757566692448	-0.2641794907660326	0.0697908033414003	3498.435707274557	60.21469120346559	50.483884978836834	0.991726	34.09539	0.3834220633906331	0.2097746480758082	-0.1170154917	-0.1386053649	-0.0702818343	-0.026700713	-0.075932481	0.0921082874	0.0823826931	-0.0210971404	0.1134067736	-0.0013165178	0.0395221664	0.0982565789	-0.0426331692	0.1654343144	-0.1327801815	-0.0136408518	-0.0401167892	0.051652868	-0.0100355331	-0.0071664401	0.0916260921	-0.1004979669	-0.002621704	0.0902642621	-0.069478291	0.0149431227	-0.1649753483	0.054939958	-0.0502359723	0.1700472681	-0.0738896624	-0.0682409924	-0.13968391	0.0799829889	0.0802594197	-0.073202453	-0.0006426762	0.1283081791	0.0398014085	0.018467697	0.0321637225	0.0211888268	-0.0140976156	0.0100691462	-0.0288123776	-0.0977212286	0.0489462204	-0.1222157779	0.0687964891	0.045640454	-0.1067645973	-0.0522285172	0.0215515541	0.1684470306	-0.0613961831	0.0512724764	-0.060032741	-0.0110193731	0.114725179	-0.0697849659	0.0496432516	0.0468029522	0.0476860074	0.0161667549	-0.0493309282	-0.1097579758	-0.004322569	-0.0397686715	0.0216633685	0.040061016	-0.1035440971	-0.0712811693	-0.0387713674	0.1620601617	-0.1740503509	0.021676886	-0.0048849774	0.0595025604	0.0694840824	0.062115489	-0.0299531466	-0.1253556454	-0.0372670279	-0.0116846245	0.0481829699	-0.1057137913	0.0092471139	-0.0349371664	0.1680128736	-0.0687192094	-0.0420352994	0.0514444302	-0.1238180371	-0.0394285579	0.0576167759	0.1471020533	-0.0642660648	0.0805257821	-0.0978345969	-0.0298928989	0.0964115317	-0.0332813833	-0.0725281225	0.1241677288	0.0600879447	0.1239527248	-0.0104656531	-0.0098638808	0.1333952367	0.0081997472	-0.1021769708	-0.0639429882	0.0450651566	-0.1440463071	-0.0986946112	0.0509472569	0.0233303525	0.0652968275	-0.0010936477	-0.1509670548	0.105356706	0.1521828111	0.0375373987	-0.2291874043	0.0663706868	0.0278919479	0.1059799163	0.0188412316	-0.1415760225	-0.0054259636	0.1201761112	-0.0129696246	-0.2512866485	-0.0742287376	0.1100025937	0.0379337768	0.0775736281	0.0444502796	-0.0053851983	-0.0060027926	0.0201997656	0.0068156807	0.0601392806	-0.0606285865	-0.0366444511	0.1025475623	-0.0806635902	0.0	0.0	0.157396948381745	0.0057353475322514	3.289421131570331e-05	0.0247737993598857	0.4806102412970858	0.0709733521605642	0.0050372167169074	0.230986204039643	-0.7876197940774645	-0.0441784644366123	0.6203449400226276	0.001951736719977	0.0269281736087805	0.0035252621507678	1.242747323163603e-05	0.0007251265339046	-0.0087278474582714	-0.0010028040154823	1.0056158934674263e-06	7.617532125485454e-05	0.0081327058559928	0.0007226318189739	5.221967457936709e-07	6.614090454009957e-05	0.0	0.0	0.0	0.0	0.0	0.0	0.0	0.0	0.0	0.0	0.0	0.0	0.0
58.602553933024254	0.1362490009639643	0.0185637902636783	3434.2593274730166	67.66185949186399	0.8440761566162109	4578.127229896745	0.7124645581679943	59.34403101908488	0.1964553521603989	0.0385947053924663	3521.714017594109	60.4387596821847	50.07612568318645	1.066939	36.681183	0.7287862522467679	0.474187764505443	-0.0872895886	-0.1285012362	0.0970028973	-0.0264225205	-0.0800298987	0.1284146528	0.0655855082	-0.0178122759	0.0048598579	-0.0258319371	-0.0263703658	0.0826983379	0.1719097388	0.1017704112	-0.1633140642	-0.0337704791	-0.1291869947	0.0131669727	-0.0064331552	0.0235271663	0.0367443506	-0.0939903976	0.0218765546	-0.0684774886	0.057163627	0.0844930303	0.0393506316	0.0583890297	-0.0001713732	-0.0481667896	-0.0462126508	0.0263842454	0.042681044	-0.0461707779	-0.0926326402	-0.0089258692	-0.0281068213	-0.0737470806	-0.1903262723	-0.0197303486	-0.1456773424	-0.0384603774	-0.0975434786	0.0755952583	0.0142098397	-0.1493786334	0.1074656826	-0.0488756378	-0.013598131	-0.0230246585	0.0373807756	0.0484558841	0.036823047	0.0213807582	-0.0499011896	-0.022460248	-0.0067270166	0.0119786558	-0.102235478	0.0980101038	-0.0534160661	0.0257884002	-0.0137867248	-0.2269601476	0.0260877302	-0.0496283779	-0.075516619	0.0688537349	0.0376252045	-0.0364263134	-0.1463999268	-0.0512984351	0.083680801	0.1494391536	-0.0004551179	0.0065546243	-0.0444365557	0.0251876044	-0.1062849612	0.0717211095	-0.1174829003	0.0020810209	-0.0699037049	0.04431779	-0.0343028923	-0.0149168278	-0.0834004662	0.0661843682	-0.1316006124	0.0720663761	-0.0898005621	-0.0557885205	-0.042002964	-0.0329852739	-0.0506371025	-0.0528109809	0.0069615767	0.0793627529	0.052968512	-0.0163080771	0.1345194511	-0.039634846	-0.0296040562	-0.0777155399	-0.0117784902	0.0949970253	0.0891340029	-0.0021151522	-0.1154076874	0.0722570597	-0.0161252484	0.0075056183	-0.030265814	0.0340999447	0.093414631	0.011643629	0.0269455016	0.0423299418	-0.0296029241	-0.0075313005	0.0833616025	0.0393658386	0.1379502173	-0.0854852309	0.0339115547	0.0585912205	-0.0417649957	0.1369356286	-0.1126487481	0.0240324476	-0.0054469023	0.0642836001	-0.0388820758	0.0979094718	0.0333986247	0.1166608707	-0.016707804	-0.0033852167	0.0568280824	-0.0057731873	-0.0186962745	0.0404280456	0.0679170893	-0.0621536617	-0.0331113845	0.1009838109	-0.0853136375	0.0	0.0	0.1292221288428692	-0.0281748195388757	0.0007938204560482	0.016698358582683	0.2857339222248498	-0.194876319072236	0.0379767797351439	0.0816438743099965	-0.6878580610863736	0.0997617329910909	0.4731487122015053	0.0099524033693857	0.0189617021352447	-0.0079664714735358	6.346466773865967e-05	0.0003595461478657	-0.0085754144591594	0.000152432999112	2.32358192182792e-08	7.353773314636009e-05	0.0081332689962363	5.631402435011396e-07	3.171269338505228e-13	6.615006456513864e-05	0.0	0.0	0.0	0.0	0.0	0.0	1.0	0.0	0.0	0.0	0.0	0.0	0.0
58.12279814276481	-0.4797557902594462	0.2301656182874658	3378.259663944584	67.35237815758701	-0.3094813342769811	4536.342843482604	0.0957786962658605	59.11596877978487	-0.2280622393000086	0.0520123849945344	3494.6977647725	60.2688751386128	48.94283799352445	1.004118	34.521412	0.2409823021643946	0.1264448611139201	-0.0242334589	-0.1587149998	0.0683976513	-0.092004894	-0.0961683522	0.160214048	0.0274272583	-0.0947570631	0.0407730701	-0.1133565653	-0.1923211952	0.0547666936	0.0395096448	0.0470851073	-0.0231902451	-0.0321257035	-0.0376394406	0.0971600019	0.0581529178	0.1481292224	-0.0052921721	0.0270490878	-0.041028558	0.0485840371	-0.1270390027	0.0256167335	-0.1394872536	-0.062245273	0.0523458731	-0.0130440494	0.0428696455	0.0300022595	0.0166303645	-0.0480615886	-0.0784155292	0.0313689357	0.2402789403	0.0323496423	-0.0400316971	0.0882068165	0.043663018	0.1366871863	0.1439300326	0.048665153	-0.0005761653	-0.1482149628	-0.0978342423	0.0032090253	-0.0919973901	-0.0842329004	0.0963125197	0.0001882707	0.164272199	0.0261397819	-0.0148182737	-0.0020248196	0.0235132494	-0.0250929665	-0.0026367833	-0.0632325141	0.0200688868	0.0641158084	0.116079951	0.0192985317	-0.1114481269	0.0484964014	0.0879668746	-0.0010228988	0.1021363365	-0.0303616521	-0.1022790312	-0.1169958773	0.0415822452	0.1074847153	-0.0843146383	0.21033616	0.1053923647	-0.0102330285	0.0445990209	0.0494580033	-0.0218780253	0.0536454312	0.0618220034	0.0065324668	0.0941151471	-0.0883943166	0.1244148121	-0.0433959205	0.0212297413	0.1179624448	-0.0429863648	-0.0429922938	0.081983331	-0.0661235122	-0.0081322267	0.0405540458	0.1364824927	0.1068335175	0.0040601549	-0.1727248206	-0.0840375775	-0.0450550507	0.1557028254	-0.0731743769	0.077498939	-0.0911434072	0.0439612207	0.0702681442	0.0867173816	-0.0421507896	0.12543821	0.0697432712	0.1289322734	0.054107041	-0.0722879709	0.0552897742	0.0060217041	0.0512555485	-0.0672758003	-0.0006038829	0.002686374	0.0526427304	0.1328359163	-0.0998960204	0.0351161073	0.053995143	-0.1591249746	0.0657556231	-0.1307602259	0.1070217941	0.1083260167	-0.0622844873	-0.0807769586	0.0823823838	-0.0450776434	0.0646168758	-0.0354663138	-0.0287981221	-0.0810526811	0.0483817666	0.066626444	0.0373285019	0.0744851297	-0.0636593764	-0.0295370653	0.0991370163	-0.0895386565	0.0	0.0	0.1327868069678288	0.0035646781249595	1.270693013456539e-05	0.0176323361047114	0.2849658532234969	-0.0007680690013529	5.899299908392413e-07	0.0812055375033955	-0.7267738643480257	-0.0389158032616521	0.5282002498993624	0.0015144397434996	0.0201556202469026	0.0011939181116579	1.4254404573447666e-06	0.0004062490275373	-0.0066629050883262	0.0019125093708331	3.657692093524802e-06	4.439430421604317e-05	0.0072850214431988	-0.0008482475530375	7.195239112341082e-07	5.307153742786632e-05	0.0	0.0	0.0	0.0	0.0	0.0	0.0	0.0	0.0	0.0	0.0	0.0	0.0
57.826768540864336	-0.2960296019004715	0.0876335252013516	3343.935159878697	66.58999973919259	-0.7623784183944196	4434.228065265669	0.5812208528335766	59.1211014709839	0.0051326911990301	2.634451894460154e-05	3495.304639142375	60.25032102679131	47.0053608588188	1.109563	38.146603	0.7095150188377863	0.4028777262456658	0.0476636913	-0.0537398907	0.1726935257	-0.1734510257	-0.0123069639	0.0940906817	-0.0081201016	-0.0119828338	-0.0644266443	-0.1501051563	0.0764858032	0.0035558117	-0.0700881766	-0.1600551684	-0.0805969104	-0.0668929116	-0.0144050363	0.0170750389	-0.0468129045	-0.04794189	0.0749584217	-0.0541634157	-0.1074234473	0.06838553	-0.0287624709	-0.1145823864	-0.0661045109	0.0817494095	-0.0767823544	0.0369824669	-0.0303268117	0.0210374294	0.0565005305	-0.0791399247	0.0128021038	0.0173998317	0.0171587085	0.0065761463	-0.0153768799	0.0209628166	0.0864312791	0.1035647115	-0.0210788128	-0.0264162539	0.0526511581	-0.0802983552	0.0556721713	-0.0449838994	0.0560942158	0.0737910396	-0.1493151723	0.0036970295	-0.0856794097	-0.0177608362	0.0869866375	0.0725422966	-0.0582155136	0.0286661948	-0.0397434729	-0.0095292783	0.0392550218	0.0476972782	-0.1029679223	-0.067310692	0.0502789765	-0.0356352075	-0.0942062331	-0.0397368266	0.0871275638	-0.0296886992	-0.0243375575	-0.0239305605	-0.0511959885	0.0202266523	0.0531670402	-0.0254253898	-0.0852642199	-0.0031788382	0.1359511164	0.0198535244	0.1013800805	-0.0296377727	-0.0227508191	-0.0036628917	0.1565362534	0.0075532315	-0.0208599635	0.0125070822	0.0067735262	-0.0223981587	0.0178248436	-0.0410298723	-0.0728328429	0.1075034579	0.0619513575	-0.0303144698	-0.0821359273	-0.0111372199	-0.0127962322	-0.0967439962	0.0079489226	-0.1133686829	0.06586616	-0.1147730633	-0.0502764303	-0.0078984013	-0.0201219463	-0.0197775056	0.0057529221	-0.0467688623	-0.040809454	-0.0734668507	-0.0646398212	-0.05631855	-0.0033318201	0.0879385475	0.0054550287	0.0219669293	-0.0277875978	0.1645340602	-0.071288225	0.0251593645	0.057737627	0.026708702	0.1389145631	0.1971239156	-0.0854110936	0.0418396104	0.1018868802	-0.009787072	0.1494382929	-0.0693806882	-0.0666898308	0.0206551735	0.0033952558	-0.0513196785	0.1270576528	0.0073275339	-0.0764753052	0.0436835446	-0.0731924714	-0.1138872721	0.1802978477	-0.0651452616	-0.0259259465	0.0970123549	-0.0933175984	0.0	0.0	0.2185629094459216	0.0857761024780928	0.0073575397563322	0.0477697453854661	0.1613540846299344	-0.1236117685935624	0.0152798693348284	0.026035140626764	-0.5744684905969848	0.1523053737510409	0.330014046688778	0.0231969268734442	0.0137639590927653	-0.0063916611541373	4.085333230930779e-05	0.0001894465699073	-0.0066896321800338	-2.6727091707600545e-05	7.143374311464897e-10	4.4751178704143774e-05	0.0078230686776557	0.0005380472344568	2.894948265067182e-07	6.12004035353177e-05	0.0	0.0	0.0	0.0	0.0	0.0	0.0	1.0	0.0	0.0	0.0	0.0	0.0
57.6060924907342	-0.2206760501301374	0.0486979191010389	3318.461892051023	67.12306543481196	0.5330656956193707	4505.505913366049	0.2841590358461635	59.12452446799032	0.0034229970064174	1.1716908505942898e-05	3495.709393565986	60.35234261717056	46.12188035018171	0.976925	33.586525	0.2218251800975454	0.1289058859250074	0.114624485	-0.0550709562	0.1259244777	-0.1219284889	-0.051596479	0.0307614383	-0.0610088065	-0.1288782074	-0.1214124167	0.0315658381	0.0796819858	0.028163923	0.0255674253	-0.0611926875	0.0432464582	-0.1535145858	-0.0201815306	-0.0101990281	-0.0041089938	-0.0494645688	0.0162681473	0.0587975419	0.0604676284	-0.0129847182	0.0263764404	0.174460331	0.0320910685	-0.0732076992	0.0470843551	0.0202567962	0.0233215602	-0.0072516165	0.0934221412	0.0921426352	0.0805846176	-0.0599253511	-0.0760178694	0.1790508184	-0.0463242422	-0.0559304125	-0.0613685514	0.0101619547	0.0957836157	0.0473810792	0.0642954812	-0.0027172371	0.0345440546	0.0704161333	0.1327255712	-0.0517385742	-0.0714088061	-0.0237677501	-0.1579534393	-0.0370595485	-0.0406745745	-0.0075859065	0.0612422196	0.0346639948	-0.0762499229	-0.0078699798	0.0036142061	0.0566341462	-0.0085093144	0.0423433386	0.0790279629	-0.0970098341	0.0285328654	-0.0829835183	0.1301504905	-0.0896806315	0.0020330988	0.1117396549	-0.0564685833	0.0046734676	0.139807533	-0.009592156	0.0079417221	0.1419440743	-0.0897209273	0.0426350731	-0.0012528608	-0.0026368737	0.04687853	0.04178826	-0.0484786365	-0.1042932006	-0.0643584141	0.0232610783	0.013344136	-0.0390141303	0.0980412822	0.0404876751	-0.0592228243	-0.1558931619	0.0326866019	-0.0543965813	-0.1232188409	0.0042121261	-0.032367576	0.0757864095	-0.0150917439	-0.0160179406	0.0170581522	0.1022314619	0.0882790786	-0.1761448065	0.012064704	-0.0986356117	-0.0359734238	0.0865507197	-0.0697662146	0.025081927	-0.088351487	0.0028155228	0.0726064701	-0.0437104243	0.0074975628	0.0247119813	-0.0718149438	0.1219161485	-0.119034842	0.0044480461	0.0810728165	0.0427977527	0.0329061589	0.1063778596	-0.0771375366	0.0395129264	-0.009073635	-0.0498352924	0.0312263749	-0.0304956539	0.0069291951	-0.0182507606	-0.0415799516	-0.0734597764	0.0262415717	0.0204058717	0.0166210551	-0.0295695257	-0.0786025127	-0.0162956765	-0.0096434522	-0.0666108546	-0.0222825273	0.0946157819	-0.0966316368	0.0	0.0	0.1794322567787105	-0.0391306526672111	0.0015312079781619	0.0321959347727011	0.2123889217700139	0.0510348371400795	0.0026045546019144	0.045109054090629	-0.574320179874185	0.0001483107227997	0.3298436690107162	2.199607049738409e-08	0.0156797761024841	0.0019158170097188	3.670354814727887e-06	0.000245855378624	-0.0066550408357568	3.459134427700062e-05	1.1965610988899836e-09	4.428956852559057e-05	0.0071432494403024	-0.0006798192373532	4.621541954756214e-07	5.102601256638056e-05	0.0	0.0	0.0	0.0	0.0	0.0	0.0	0.0	0.0	0.0	0.0	0.0	0.0
57.32031310651254	-0.2857793842216551	0.0816698564461084	3285.618294628633	65.9205443319333	-1.2025211028786629	4345.518165018383	1.4460570028685158	58.95415405236802	-0.1703704156223011	0.0290260785193156	3475.5922800303406	60.17731606515717	45.36229874430168	1.010038	34.724937	0.3698315600214147	0.1778370464401277	0.1444150814	-0.0484888531	-0.0037294174	-0.1189523619	-0.0463272121	0.0537884201	-0.1012454732	-0.0846736104	-0.1595029693	-0.1149082067	0.0768659091	-0.0702418061	-0.041621358	0.143853343	0.0513678817	-0.1536007928	0.0698211514	0.0216543906	-0.0019332984	-0.0288185775	0.0162667919	-0.0183596929	-0.0618323556	0.0161455235	-0.0189769239	-0.0767443163	0.0508336476	0.0413400866	0.012390168	0.1767260608	-0.0109395668	-0.0657492395	-0.038662635	0.0019999644	0.0222087549	0.020319532	0.0536256696	0.116145831	0.0503723959	-0.0536464149	-0.1314608569	0.0127387336	-0.0516155652	0.0726761275	-0.0406089652	0.0232284169	0.0240477916	0.0010658171	0.0456218812	-0.07866038	-0.088209177	0.1084339447	-0.0832373333	-0.0675883079	-0.0977902775	-0.0134094644	-0.117822406	-0.0158137439	-0.0909489262	0.1136462752	-0.0335072878	-0.0792213696	-0.0059249782	-0.1243399285	0.0496795943	0.0047679628	0.0928495551	-0.012510461	0.1701845285	-0.0845380233	0.0625154106	-0.0270814325	-0.1707451145	-0.1021253781	0.0421588811	-0.0620776772	0.0475152121	0.0569759453	0.0298494515	0.0340262969	0.1102178835	0.0770325803	-0.0113227401	0.1085265198	0.1160926278	-0.078442839	-0.1259643349	0.1084368574	0.0516888365	-0.0656094127	-0.0379358717	0.0714031463	-0.0122691431	-0.0258300869	0.0594125307	0.0528816478	0.0678035305	0.0443109162	-0.056383491	0.0399446751	0.0690946635	-0.0436825131	-0.0933008298	-0.0854282633	-0.0448695546	0.01234455	-0.0478974151	0.0070926928	0.0617124175	0.0204598725	-0.0494875514	0.0463823137	-0.1223703434	0.0015800354	0.1079530312	-0.0358050588	-0.0830626428	0.0590686332	0.0390936713	0.0435669371	-0.1590097831	0.0718671164	0.1723418491	0.1639205503	0.0126850879	0.0901274282	-0.0126537818	-0.0391523577	0.0418034677	-0.0614995241	-0.0513071967	-0.0803796344	-0.1586221705	-0.0353178228	-0.0393234768	-0.0094898865	0.0291398029	0.1182824859	0.0397531901	-0.054960016	0.083917445	-0.1228540907	-0.0748374505	-0.0680556987	-0.0186113467	0.0919540145	-0.0994642612	0.0	0.0	0.1630888337789713	-0.0163434229997392	0.0002671074753484	0.0265979677033849	0.2524747348326741	0.0400858130626601	0.0016068724088945	0.0637434917288291	-0.6863664111930703	-0.1120462313188852	0.4710988504140548	0.0125543579527651	0.0176050606218546	0.0019252845193705	3.706720480527701e-06	0.0003099381594991	-0.0080058424132183	-0.0013508015774615	1.8246649016724797e-06	6.409351274528503e-05	0.007894285196273	0.0007510357559706	5.640547067463307e-07	6.231973876009505e-05	0.0	0.0	0.0	0.0	0.0	0.0	0.0	0.0	0.0	0.0	0.0	0.0	0.0
57.39345674396806	0.0731436374555158	0.0053499917002239	3294.0088770217326	66.66240684349138	0.7418625115580824	4443.876486167167	0.5503599860552659	58.980186645581085	0.0260325932130669	0.000677695909397	3478.6624167475816	60.14124525306748	44.75775302438837	1.002455	34.464222	0.3485614558484829	0.2004415522901476	0.1575129157	-0.0170354952	-0.0903567405	0.0417409369	-0.0798328325	0.0200441137	-0.1290816107	-0.1075485577	-0.0338274423	-0.0116953266	-0.0105284329	0.0743722915	-0.1651806588	0.1675105482	0.1682509043	-0.0850965849	0.1056196887	0.0825697672	-0.0082544662	0.0512418379	-0.0583707635	-3.54667e-05	0.0639379814	0.1884321399	-0.0557292588	-0.0935535115	-0.0604159122	0.110300677	-0.0135949001	0.0585049004	-0.0913886286	-0.0997859852	-0.132561277	-0.0127947309	-0.0503198509	-0.053514098	-0.0271120411	0.0398417986	0.0175078858	-0.026615627	0.0520417103	-0.0471865452	-0.0653492963	-0.0005144007	0.0334981683	0.0353591854	0.1610498994	0.0117062834	-0.0228222993	0.0199135551	0.0198570453	0.0358614884	0.108960988	0.0765449695	0.1542969172	0.0745431286	-0.0959770474	-0.0717882858	-0.0692318333	0.1122683768	-0.0878449622	-0.003027037	0.0087128894	-0.0329185793	-0.0683425135	0.0702422579	0.1364549989	-0.0882357561	0.1259499652	-0.0302191769	0.0543634194	-0.0714143847	-0.0367848993	-0.0486666834	-0.0254837161	-0.0330449111	0.1012374594	-0.0047995684	0.0143212357	0.1394513097	0.1339084192	-0.0682346678	0.0420531061	0.0892787227	0.0413821751	0.0250466672	0.0633311933	-0.0076086389	0.0089650827	-0.1230502685	-0.0745132751	0.1075157315	-0.0842781979	0.0180172474	-0.0289261691	0.1718325101	0.0657989386	0.0499717861	-0.1349475197	-0.0477412081	0.0358624003	0.0510730728	-0.1086262165	-0.0482674064	-0.059386173	0.0575769183	0.0670695885	0.1520919663	-0.0502418537	-0.0123832197	-0.1206431989	-0.0748303102	-0.1383289439	-0.0496322595	0.0068708083	0.1176715581	0.0327531538	-0.0751722723	0.1248236696	-0.034752768	-0.1580263451	0.0822528479	0.1372716848	0.1058730861	-0.0478767107	-0.0201835866	0.0596836717	-0.0400906765	-0.0044666182	-0.0332260436	-0.1317582943	-0.1155003763	-0.0765456126	-0.072626209	-0.0267430642	0.0441668899	0.0660722773	0.0877185803	0.0076001447	-0.0637102844	-0.00168293	-0.0299785277	-0.0387537681	-0.0694793439	-0.0149169788	0.0890345132	-0.1018013597	0.0	0.0	0.1511407988403732	-0.011948034938598	0.0001427555388939	0.0228435410741061	0.3359861381175193	0.0835114032848452	0.006974154478604	0.1128866850071247	-0.7237543579247401	-0.0373879467316697	0.5238203706150528	0.0013978585608101	0.0209209507368899	0.0033158901150352	1.099512725498881e-05	0.0004376861797353	-0.0082901160183812	-0.0002842736051628	8.081148259231167e-08	6.872602359822055e-05	0.0086084028939422	0.0007141176976691	5.099640861243571e-07	7.410460038443243e-05	0.0	0.0	0.0	0.0	0.0	0.0	0.0	0.0	0.0	0.0	0.0	0.0	0.0
57.63089986482174	0.2374431208536833	0.0563792356407368	3321.320619229111	65.89015015371368	-0.7722566897777057	4341.511887278934	0.5963803949064196	58.858979782708985	-0.1212068628720999	0.014691103607296	3464.379501061345	59.94977918626533	44.74433819057874	0.991167	34.076153	0.3588325559225978	0.1791253987988321	0.1226778697	0.0827498291	-0.0465676588	0.0838338124	-0.0038793845	-0.1199594942	-0.1128528753	-0.0088462493	0.0694477462	0.021060538	-0.1433184085	0.0828913726	-0.1127170796	-0.0175653247	0.0010622699	-0.0264307061	0.2064790804	0.0915557444	0.023226267	-0.0012124997	0.0303956399	0.0643331006	-0.0061519751	-0.010091823	-0.0298237164	-0.0701352545	-0.0597679047	-0.0594347439	-0.1577470926	0.0814570723	-0.0668475751	0.0535205052	0.0562119098	-0.0484321801	-0.0785873099	-0.0374725184	-0.0870026434	-0.0392954423	-0.0132576595	-0.0019319945	-0.0800804655	-0.0184378878	0.0981527631	-0.056489176	-0.0799956181	0.0048497071	-0.0283821364	-0.0097748712	0.030899549	0.04328659	0.0616284799	-0.0269829643	-0.0487289245	0.1144217413	0.0556772087	-0.0594017323	-0.0070074043	-0.1021211411	0.0211701589	-0.0167656163	-0.0418293442	0.0671941239	-0.0506233958	0.1539746708	0.0439289927	0.0361955592	-0.0275006357	0.085699312	0.0404161779	0.1255607811	0.1531270246	-0.0202917816	-0.0058763104	0.0275871984	-0.0220900482	-0.0406596425	0.0355801747	-0.1017167679	-0.0001073827	0.0433646265	-0.0013842064	-0.0095405818	-0.0143294631	-0.0318361115	-0.0547789185	-0.0270755631	0.0844646148	0.0384746382	0.0868922953	0.1083374997	-0.0397952707	0.037195005	0.0169104941	-0.00032874	-0.1491615929	0.1329712901	-0.1254424788	-0.1044712864	0.0670367477	-0.0078551062	-0.0236343804	0.0714751717	-0.1122478508	0.0383112156	0.1036966629	-0.0797373733	-0.0215444581	-0.0150590366	0.0164996051	-0.0125045208	-0.0464440029	0.0892526748	0.0696776964	0.1027926801	-0.0162752916	0.0496751755	0.1118783763	0.0620148571	-0.1043869654	0.0152728137	-0.1120665361	-0.0039265009	0.0337002581	-0.0745208837	-0.1312961955	-0.0251202868	0.0525189096	0.0341434534	0.0982169954	-0.0450556286	-0.1467444283	-0.0454851493	-0.050195502	-0.0162114922	0.022967139	-0.0037624701	0.0973317307	0.0133733773	0.0777900854	-0.0717774332	0.0374014595	0.0521017514	0.0314165814	-0.0708813468	-0.0112040262	0.085865461	-0.1036312889	0.0	0.0	0.1884583766227479	0.0373175777823746	0.0013926016115435	0.0355165597192814	0.3073174308636055	-0.0286687072539137	0.0008218947756106	0.0944440033126069	-0.5926219238702757	0.1311324340544644	0.3512007446517068	0.0171957152610484	0.0192420169652532	-0.0016789337716366	2.818818609542233e-06	0.000370255216891	-0.0070939745472653	0.0011961414711158	1.4307544189233078e-06	5.032447487724792e-05	0.0082492014000579	-0.0003592014938842	1.2902571320871262e-07	6.80493237387172e-05	0.0	0.0	0.0	0.0	0.0	0.0	0.0	0.0	0.0	0.0	0.0	0.0	0.0
57.85614804384557	0.2252481790238292	0.050736742153551	3347.333866471376	65.07842607610728	-0.8117240776063994	4235.201540543359	0.6588959781659599	58.899418380938805	0.0404385982298194	0.0016352802267927	3469.141485612872	59.89917494500087	45.75272639563822	0.9036590000000002	31.067633	0.1608249675848476	0.0705932549102428	0.0757129579	0.069644149	-0.0558261319	0.0547297385	-0.015989976	-0.0298976881	-0.0872317809	0.1164596765	0.0946964576	-0.0256017707	0.0392917675	-0.0195665689	-0.1549078332	0.0406731006	-0.034681717	0.0549444491	0.1463118908	0.0558998613	0.0102146783	0.1303103984	-0.002420445	-0.1004580004	-0.0553799034	0.0075178263	0.1295959579	-0.0730168229	0.0629923925	0.0712734455	-0.0121822559	-0.0793713149	0.0204575766	0.1020229189	-0.0467848429	-0.0179267451	-0.0616244179	-0.0333261619	0.0227277135	-0.0291906764	0.006740205	0.0303330278	0.0079625365	0.0265674448	-0.0036332082	0.0648829312	-0.0873885263	0.0261818478	0.0283032864	0.0229177931	0.0960549462	0.0362020476	0.0772022852	0.0092499931	-0.0746016438	0.0155011553	0.101186933	-0.0028648413	-0.0821743197	-0.0243680389	0.0423847174	-0.0955844863	-0.0515199693	0.0514154947	-0.0322061719	0.1146576208	-0.0982538727	-0.0239402176	-0.0565464363	0.0828813393	-0.0119616089	0.1804533136	0.1175724117	-0.0909819691	-0.0008756676	0.0465316894	-0.0298325855	-0.0441583973	0.02726109	-0.0713936711	0.0049110554	-0.0634623335	0.0331054624	0.0255938344	-0.0319840254	-0.0562575027	-0.0155098268	-0.0108190303	-0.1420388307	0.0055197678	-0.0627363901	0.0544271544	-0.0047940339	0.0458739832	-0.0909755903	0.0710769257	-0.0364595084	-0.0544833675	0.0662409486	-0.0050697681	-0.0541138542	-0.1186656111	-0.0232618373	-0.0194532578	-0.0408387447	-0.0905105263	0.0115485084	-0.0324484254	0.0133452228	-0.045634205	0.0526557682	0.057733367	0.0170185786	-0.0115179613	0.1031731215	0.0301803622	-0.0563361029	-0.0301981119	0.1022448329	-0.0546119823	0.0674152666	0.007188596	-0.0648416925	-0.0183002828	0.0389283482	-0.0566301113	-0.1181323973	-0.0076360421	0.0070395392	-0.0004065368	-0.0090658491	0.0189881412	-0.1594590747	0.005036466	-0.0548539764	-0.0473692857	0.0451663977	0.0618436979	0.0742823546	-0.0634776837	0.1088177798	0.0392158804	0.054510045	0.03061338	0.0007337581	-0.0722612707	-0.0074771147	0.0824557403	-0.1049449322	0.0	0.0	0.1530876787024766	-0.0353706979202712	0.001251086271367	0.0234358373705127	0.3308663019158473	0.0235488710522417	0.0005545493278351	0.1094725097434686	-0.579474697084791	0.0131472267854846	0.3357909245615103	0.0001728495721489	0.0195638107000584	0.0003217937348052	1.0355120775987945e-07	0.0003827426891077	-0.0081437555968115	-0.0010497810495462	1.1020402519863214e-06	6.632075522059864e-05	0.0078456127478723	-0.0004035886521855	1.6288380017298825e-07	6.155363938957636e-05	0.0	0.0	0.0	0.0	0.0	0.0	0.0	0.0	0.0	0.0	0.0	0.0	0.0
57.981318087827454	0.1251700439818819	0.0156675399104262	3361.833247201827	66.02995845560352	0.9515323794962428	4359.955413648727	0.9054138692297816	58.96149007240836	0.0620716914695549	0.0038528948818916	3476.457311558709	60.00911447139585	46.25226252265564	0.961744	33.06459	0.3556551480756764	0.209121472724147	0.0579416291	0.039682723	0.0884539978	0.0179946509	-0.0152231484	0.0001723225	-0.0684625433	0.0769719937	-0.0414160314	-0.0474741361	-0.0077099703	-0.0414362805	-0.0061556665	0.0291484695	-0.024687824	0.0003885575	0.1039065152	0.0171720016	0.0064104245	-0.0725636695	0.0149854331	0.094770232	0.1214558068	-0.0521141284	-0.1013215204	-0.1426940875	-0.0036780684	-0.1406664703	-0.0627457085	-0.0252830058	0.1425602685	0.0293782706	-0.030848095	-0.0131641675	0.0229122452	-0.0688802117	0.0573474812	0.0743403413	-0.0397577571	0.0807326802	0.045470335	0.0240274747	-0.0130686744	0.0634149363	-0.0697565577	-0.0163124183	-0.1364591756	-0.0462992845	0.020648475	-0.023238797	0.0761610719	-0.035661026	-0.021162987	-0.0615887476	-0.0656578648	-0.0303524065	0.0988054219	-0.1094471481	0.0187911742	0.0363971709	0.0117025485	-0.0526303871	-0.1729286597	-0.0615862062	0.0466932882	-0.014545713	0.0084389308	-0.0468894084	0.0189656596	0.0693639581	0.0919405323	-0.0366546573	-0.0160972995	-0.074922122	0.0586980431	0.0014948409	-0.0604311285	-0.025201584	-0.0136677865	-0.1157607104	0.0469707816	0.0641404312	0.0793455813	0.1366354974	0.0992855186	0.0102104619	0.0235631838	-0.0861359724	0.1034005247	0.0956974561	-0.1054135172	-0.0399839378	-0.0139717544	0.0041639963	0.0202896383	0.0390783713	-0.0178519865	-0.0783566984	0.1235140079	0.1169425945	-0.0367199551	0.0868539259	0.0727421798	-0.0021114993	0.1782060616	-0.0802107762	0.0171948004	-0.0236164503	-0.0577297469	-0.0167486113	0.0155348787	0.0688210159	0.0520911115	0.088256963	-0.0821741089	0.0427828245	0.0483825749	0.0334546551	0.0258689668	0.091053343	-0.0758531877	-0.0202319286	0.0614946805	-0.001484449	-0.0306364781	0.0461025185	0.0329522982	0.050373237	0.0441728589	-0.0535462681	-0.1108059548	0.0635984987	-0.0185304511	0.05704832	-0.0229748785	-0.0531498411	0.0858246416	0.0257781045	0.0531966745	-0.0178217909	-0.0055351566	0.0426951995	-0.0493588399	-0.0736186857	-0.0037408877	0.078814908	-0.1057357452	0.0	0.0	0.2060267771275619	0.0529390984250852	0.0028025481420608	0.04244703289357	0.2527178479876681	-0.0781484539281792	0.0061071808513647	0.0638663106915181	-0.5696265269330993	0.0098481701516917	0.3244743801858649	9.69864553366714e-05	0.0161049280001578	-0.0034588826999006	1.1963869531671682e-05	0.0002593687058902	-0.0075138576035185	0.000629897993293	3.967714819545492e-07	5.645805608595277e-05	0.0080512205660931	0.0002056078182208	4.22745749135176e-08	6.482215260388051e-05	0.0	0.0	0.0	0.0	0.0	0.0	0.0	0.0	0.0	0.0	0.0	0.0	0.0
57.73005011011361	-0.2512679777138444	0.063135596624405	3332.758685716228	66.53796109825757	0.5080026426540485	4427.300267113237	0.2580666849434969	59.085451622970965	0.1239615505626048	0.0153664660178852	3491.090593490442	60.17786591588572	46.24891458288017	0.897664	30.861555	0.2374106732271706	0.1489567286610067	0.0858738034	-0.0263456248	0.0575578653	0.0276904464	-0.0320344491	0.0288441079	-0.1049396803	-0.0026636904	-0.0249728686	0.0282688093	0.0083250714	0.0166239834	0.0263828415	0.0071634106	0.0460777239	-0.1256389802	0.0008090201	-0.0074953403	0.1436780705	0.1312007955	-0.0399724379	-0.0784700541	0.031219249	0.083293494	-0.1068562524	0.0020769056	0.0158131235	0.0318330613	-0.046596139	-0.1197114192	-0.0007023836	-0.1269679163	-0.0814514554	0.0674905185	0.0144222334	-0.0251326759	-0.0449532051	-0.0388437957	-0.0295950449	0.0415153823	0.1177337222	-0.0520731283	-0.008839825	-0.0726905263	0.0106608934	0.0426873077	-0.1052854642	-0.0181428503	0.0872362884	-0.0700356847	-0.0268287159	0.0373578343	-0.010797036	-0.0742528589	-0.0659896636	0.0809336301	-0.087447734	-0.1323188924	-0.081967496	0.0970349813	0.1133651259	-0.0093626491	0.1229896205	-0.1662373466	-0.0520861834	0.0291213022	-0.1140696395	0.0072636839	0.0923305916	-0.0090042619	-0.005154616	0.0097197949	0.0681911086	0.065651147	-0.0920174272	-0.0116121801	0.0923819587	-0.0059933306	-0.1418710006	-0.0394610296	-0.0437302689	-0.012354718	0.0297314453	0.1343697423	0.013175968	0.1257533532	-0.040516832	-0.1237121371	0.0422080715	-0.0438325739	0.0201224544	0.0854976551	-0.0714565103	0.0458645022	0.0032442554	0.0156458117	-0.0198319823	0.0255301853	-0.0221516603	-0.0055353513	-0.0422153285	-0.0209658361	0.0336543953	-0.1286122896	0.0474189468	0.0426253762	-0.0700321066	-0.0078988633	-0.1067815618	0.0446043733	0.078402402	0.0169241844	0.0261565911	-0.0818778469	0.1451032192	0.1148238507	-0.187772938	0.1081305748	-0.0409167446	0.0334307867	-0.0907009279	-0.0072189478	0.0539708816	0.0157343659	-0.0877284314	0.0837130497	0.0176075302	-0.0551576697	-0.0239074791	-0.0115970723	-0.0474001171	0.0101544737	-0.0588817566	0.0892548043	-0.0284896756	-0.0604234919	0.050208609	-0.1155431138	0.0213236141	-0.1032501034	0.0263231681	0.0371815468	-0.0082377936	-0.0749531689	-0.0	0.0749531689	-0.105999788	0.0	0.0	0.1923414878855567	-0.0136852892420052	0.0001872871416373	0.0369952479620297	0.3033553385394185	0.0506374905517503	0.0025641554493786	0.0920244614203652	-0.5834354069591043	-0.013808880026005	0.3403968740935357	0.0001906851675725	0.0186417716363325	0.0025368436361747	6.435575634400074e-06	0.0003475156497411	-0.0076272943571704	-0.0001134367536519	1.2867897079081891e-08	5.817561921092342e-05	0.0075159206877715	-0.0005352998783216	2.8654595973112055e-07	5.648906378487162e-05	0.0	0.0	0.0	0.0	0.0	0.0	0.0	0.0	0.0	0.0	0.0	0.0	0.0
57.601212735833165	-0.1288373742804438	0.0165990690114791	3317.899708638709	66.10241599297831	-0.4355451052792602	4369.529400108754	0.1896995387327219	59.0726385677562	-0.0128130552147638	0.0001641743839365	3489.5766273567574	60.1538675065053	45.46026416580202	0.994505	34.190918	0.5112041471845007	0.3183906913300637	0.1014510949	-0.0304071888	-0.1166423345	0.0242539555	0.0397996396	-0.0060394357	-0.0913873694	0.0057074236	-0.0321693771	-0.008672774	-0.046835807	-0.0182573119	-0.076007827	-0.0524738366	-0.0255011336	-0.0923289622	0.0357974695	-0.0157816056	0.0415467474	0.0227123238	0.0255308923	-0.0213634551	-0.087939733	-0.1147382513	-0.0765280734	0.0078712389	0.07206417	0.115440721	0.0936856604	0.0246432857	-0.0504581149	-0.0325420303	0.0398929837	0.0369106275	0.1079430383	0.1004359694	-0.0772619816	0.0032817386	0.0028317949	-0.0022132406	-0.0029000039	0.0157377315	-0.136696005	-0.180601634	0.0596009983	-0.0056679218	-0.0499388861	0.0778986112	-0.1078736044	-0.0049715986	0.0724561628	-0.0463629117	-0.0251397842	-0.0302510218	0.0699868585	0.110307117	0.1911288946	-0.0033268775	0.0451391924	-0.0582948426	-0.0696607439	0.0456860205	-0.0977910579	0.0865082867	0.176600454	0.0062044564	-0.0586154332	-0.0579397839	0.073875649	0.0214583749	0.0422717988	0.0634460919	0.0022488331	0.0026871136	-0.018822983	-0.0190235572	-0.0650313219	-0.1047020354	0.0252220104	-0.0564067488	-0.0320206093	0.0710626713	-0.0276199371	-0.0703577315	-0.0461925806	0.1316031463	-0.0248341781	0.0064669895	0.1123655275	-0.1381864354	0.1021076505	-0.061433426	-0.0690060148	-0.112698496	-0.0487257743	0.029228178	-0.0347113274	-0.1028981963	0.0151415794	-0.0106160708	0.0534970675	-0.0906052868	0.1624753093	0.1777105796	-0.0562016885	-0.02167134	-0.0038018921	0.0291924088	-0.0603876909	-0.0443170172	0.0932253091	0.0224724986	-0.0719154212	0.0567555704	0.0817770916	-0.0203319159	0.0638108994	0.0387546718	-0.0202470188	-0.0914803077	-0.1019510937	0.0255440257	0.0235608737	0.1110530869	-0.0370977938	0.0192140175	0.0121489706	-0.1937421418	0.0096265922	0.0059599811	-0.018591999	-0.0752907061	-0.0355420257	0.0678433069	-0.0229684164	0.0029584075	0.0198329959	-0.0635987196	-0.0530842155	0.0337899129	-0.0883417197	-0.053379531	-0.0528152523	-0.0762643048	0.0037408877	0.0708813468	-0.1057357452	0.0	0.0	0.1297014118221113	-0.0626400760634453	0.0039237791292342	0.0168224562286489	0.4225677768022819	0.1192124382628634	0.014211605436577	0.1785635259916231	-0.5769226660444176	0.0065127409146867	0.3328397625957985	4.24157942218353e-05	0.023990864773495	0.0053490931371625	2.8612797390038987e-05	0.0005755615925801	-0.0067200620234013	0.0009072323337691	8.230705074361277e-07	4.515923359836037e-05	0.00771637305571	0.0002004523679385	4.018115181215189e-08	5.954241313488729e-05	0.0	0.0	0.0	0.0	0.0	0.0	0.0	0.0	1.0	0.0	0.0	0.0	0.0
57.99534847621421	0.3941357403810457	0.155342981845715	3363.460444877522	66.64366813790645	0.5412521449281371	4441.378502875406	0.2929538843893091	59.15859725695698	0.0859586892007797	0.0073888962491162	3499.739629410838	60.16940879656352	46.03390518594926	1.068043	36.719143	0.4073573600164957	0.1816330029422787	0.0615854905	0.0248093627	-0.1234533266	0.1361473907	-0.0120957727	-0.0569551204	-0.0188463081	-0.020694021	-0.0476069973	0.0543146969	-0.0806369581	0.0020997329	-0.0285868985	0.0086331897	0.068087182	-0.0232484892	-0.0129415628	0.0230561969	0.088035711	0.0839212977	0.0131492572	-0.0642064202	0.0488760079	0.057328249	-0.0119799513	0.0941235573	0.0045094545	0.0222172186	0.0581803831	0.0305847782	0.0246853958	-0.0055138134	-0.0020500784	0.0495011492	0.0531325515	-0.0078025881	-0.0711065302	-0.1320381325	-0.044343198	0.0090321191	0.0984904273	0.006971659	0.1270710016	-0.0343847367	0.079810143	0.0853693148	0.0592193208	0.0993282293	0.0028519269	-0.0126433826	0.0479589377	-0.0293238807	-0.0377255825	-0.0196748286	0.0031192608	0.0638120404	0.0180139405	0.0491132237	-0.0636976638	-0.0397832993	0.1170532076	0.109255255	0.0189911103	0.1124129497	0.0245904872	-0.0221961168	-0.1197959869	0.0267789987	0.0130597415	-0.0571424988	0.0302907333	0.0189912867	0.0237993578	0.0405980833	-0.0948769894	-0.0244852263	0.0635283124	-0.0340735019	-0.1029921038	0.0152342289	-0.0969884711	0.0232033763	0.0324315702	-0.0660103098	-0.1275150216	0.0291609417	-0.0305318184	-0.0931108123	-0.0246915787	-0.1080268422	0.0911771105	-0.0032911109	-0.0022022817	0.005169572	-0.0130534682	-0.1190022573	-0.0965412158	0.0100652837	-0.0299052316	0.0662987394	-0.1008065099	0.010975421	0.0505795704	0.0527516825	0.0036470784	-0.1455055524	-0.0425299169	0.172599749	-0.0254329558	-0.013788639	0.0081912095	0.0392563546	0.1134794558	0.1365593068	0.017654823	0.0091094433	-0.1023717866	0.0213764594	-0.045297167	-0.1198554579	-0.0731964157	-0.0013692314	-0.0692209486	0.0506262252	-0.194691488	-0.1204568988	-0.0386003916	-0.1710539525	-0.1022741748	-0.0788250261	0.181163229	-0.0255421201	0.1927402509	0.0482325161	0.0234191898	-0.0770449904	-0.0499826896	-0.1310603191	0.0174573046	0.0321053238	0.0052863388	-0.0172399903	-0.0368515506	-0.0775516848	0.0074771147	0.0666108546	-0.1049449322	0.0	0.0	0.0808680116697502	-0.0488334001523611	0.0023847009704406	0.0065396353114188	0.4934005537181178	0.0708327769158359	0.0050172822856085	0.2434441064093452	-0.5063858952114089	0.0705367708330086	0.2564266748690599	0.0049754360395483	0.0255570519047704	0.0015661871312754	2.4529421301726685e-06	0.0006531629020631	-0.0052611808605254	0.0014588811628758	2.128334247394138e-06	2.7680024047158788e-05	0.0063983531075555	-0.0013180199481545	1.737176583733192e-06	4.0938922488965126e-05	0.0	0.0	0.0	0.0	0.0	0.0	0.0	0.0	0.0	0.0	0.0	0.0	0.0
58.150216867111965	0.1548683908977537	0.0239842184992594	3381.4477216921528	66.46416417928212	-0.1795039586243234	4417.485120050569	0.0322216711618028	59.007082784590885	-0.1515144723660952	0.0229566353363762	3481.835818747562	60.0270992619828	46.8523444612402	0.8844389999999999	30.406876	0.2172285785019932	0.1107710832809834	0.0180063566	0.0346085472	-0.142213985	-0.0020987817	0.0238147562	-0.084765018	0.0350263412	0.0026379406	-0.0263095859	0.0026425934	-0.0818081993	-0.0110362604	-0.0436305608	-0.040074023	0.0369411796	0.0335352662	0.0959176432	-0.0501221805	0.0006562222	-0.0009469685	0.028991244	-0.0039663582	0.0075011619	-0.0474337178	0.124514574	-0.0355475816	0.0076593627	0.0022959295	0.0389672992	0.0866926673	0.0032772025	0.0888295159	0.0157435728	0.0268721435	0.1046172609	0.0029618258	-0.0432635195	-0.0847800093	0.102998666	-0.0178764388	0.03771952	-0.1417199706	-0.1177272772	-0.1651634833	0.0531632309	-0.0350083927	-0.0532350399	0.1133846978	-0.090343531	0.0075452981	0.115240176	0.0345563364	0.1456867838	-0.0114693629	-0.0737265535	-0.034296212	0.1349293083	0.0500604216	-0.1089499314	-0.0049926896	0.0199883594	-0.0560374553	-0.0087649464	0.017956203	0.0442937053	0.0299358486	-0.085015473	0.0351506324	-0.030345452	0.0470847949	0.0892458231	0.048106081	-0.0082449615	-0.0117405755	0.0069625385	0.0054284176	0.0136094014	-0.1268650998	0.0245354383	-0.0484449466	-0.0404243871	-0.0453162924	0.0243682532	-0.0965650591	-0.1710745547	-0.025107835	-0.0433795765	0.0801689204	-0.0440218104	-0.0859626122	0.007314696	-0.0363638854	-0.0463198419	0.0120398319	-0.0041597091	0.0223620117	0.0803530595	-0.1107997959	0.0934376329	0.0235934321	-0.0467045089	-0.0769736555	-0.0067423073	0.0935208951	-0.0564990946	0.0458280498	-0.067207843	0.1043792855	-0.0170125467	-0.0406541079	0.0331838041	0.0081612641	-0.0337193645	-0.0242915055	-0.0938753285	0.0660390263	-0.1034257376	-0.1058472769	0.0077034281	-0.0869375007	-0.0241514213	-0.0088043723	-0.0226170631	0.0953437376	-0.2019219436	-0.0556206856	-0.1157152046	-0.1769168737	-0.1401399895	-0.0351463267	0.2404881085	0.1042412191	0.1216254434	0.0485530425	-0.0199547087	-0.0542150685	-0.0327313764	-0.1291582821	0.0791324814	0.1075274019	-0.0571853313	0.053730485	-0.0214772064	-0.078814908	0.0112040262	0.0621536617	-0.1036312889	0.0	0.0	0.0938598388994762	0.012991827229726	0.000168787574767	0.0088096693582356	0.4660076499536387	-0.0273929037644791	0.00075037117665	0.217163129815313	-0.4878636270916558	0.018522268119753	0.2380109186390262	0.0003430744163	0.02423276045192	-0.0013242914528504	1.7537478520926266e-06	0.0005872266791201	-0.0067558004289396	-0.0014946195684142	2.23388765428665e-06	4.5640839435660485e-05	0.0060508325410594	-0.000347520566496	1.2077054413777e-07	3.661257443994336e-05	0.0	0.0	0.0	0.0	0.0	0.0	0.0	0.0	0.0	0.0	0.0	0.0	0.0
58.24526445144288	0.0950475843309135	0.0090340432871421	3392.5108310185155	66.4022810643323	-0.061883114949822	4409.262930546584	0.0038295199158928	58.9129282572404	-0.0941545273504829	0.0088650750205928	3470.7331158427546	59.88445858984333	47.493390609633245	0.8779759999999999	30.184677	0.6002335358286643	0.3179220976539798	-0.0027962122	0.0682209955	-0.0703496693	-0.0507675564	0.0699439443	-0.0876720965	0.0178571399	-0.032640564	0.0565531643	0.0101172355	-0.0830483195	-0.0542194566	-0.0097360888	-0.020683351	-0.0600842166	0.0598660183	0.1453184352	0.0588927916	-0.0574019031	-0.0061553104	-0.070910487	-0.0031198073	0.0915426297	0.0782172439	0.0756651295	-0.1092148345	-0.0473558762	0.0121676987	0.0079116897	0.0119986611	0.164017377	-0.0078181349	0.0105766596	0.0790131953	0.001676387	-0.0480105626	0.0197197066	-0.057239021	0.0377596683	-0.0292802339	-0.0184566782	0.00427925	-0.0379478241	-0.1396663916	-0.0111286117	-0.0307029262	0.0031282298	-0.108732363	-0.1368163925	0.114770711	-0.0412956831	-0.0328070814	-0.0327908689	-0.0039437637	-0.1099685979	0.0010821397	-0.0252756718	0.0021500452	-0.0291216004	-0.0106852055	0.0787331951	-0.0402050073	0.0146008488	-0.0119761682	0.0666467868	-0.0370858353	-0.0178454523	-0.061501507	-0.0512807468	0.0578468803	0.1409561611	-0.0435549531	0.0166905035	-0.0785850365	-0.0113499952	-0.012978803	0.0267452931	-0.1239344134	0.0459115584	-0.0282366358	-0.0224274996	-0.1380655982	0.0364663098	0.0517961817	0.0332534065	-0.0374182	-0.0193461694	-0.0294990643	-0.0892054601	0.0043775251	-0.0867327133	0.0361123707	0.0431189971	5.92219e-05	0.1341435241	-0.0044043851	-0.0339693855	-0.0711316747	0.041770876	0.0053963981	0.0878742976	-0.0263491697	0.0274567318	0.0176943244	0.0209792645	0.0774267033	-0.0846352427	0.057828312	-0.0214991376	-0.1111205347	-0.0092256241	0.0459684079	0.0309559517	-0.0313795376	-0.0922063886	0.0180759301	-0.0154589858	0.0431701874	-0.0753501181	0.022816333	0.0069429854	-0.0276484186	0.0126966482	0.0206336309	-0.1191619481	0.0103368459	-0.0263992789	-0.0215127304	0.0064921448	-0.1013472547	0.0138542256	0.1227884023	0.0057079248	-0.0348888898	0.0525692416	0.0421335144	-0.0448438905	-0.1500874459	0.1832681258	0.0768381055	-0.0152959655	0.0138819437	-0.0855976739	-0.080053581	0.0149169788	0.057522261	-0.1018013597	0.0	0.0	0.1578405854792492	0.063980746579773	0.0040935359329051	0.0249136504244321	0.3572675905573987	-0.1087400593962399	0.0118244005174978	0.127640131262689	-0.5430901319561272	-0.0552265048644713	0.2949468914281236	0.0030499668395454	0.0192406699334456	-0.0049920905184744	2.4920967744642e-05	0.0003702033794877	-0.0083050560796227	-0.0015492556506831	2.400193071173517e-06	6.897395648567798e-05	0.0069552108716655	0.000904378330606	8.179001648698758e-07	4.837495826933397e-05	0.0	0.0	0.0	0.0	0.0	0.0	0.0	0.0	0.0	1.0	0.0	0.0	0.0
58.29402251492802	0.0487580634851383	0.0023773487548207	3398.1930609709343	65.8389190261456	-0.5633620381866962	4334.763258531358	0.3173767860698685	58.946608136968166	0.0336798797277637	0.0011343342984766	3474.7026108532814	59.897532198393954	47.64686879783571	0.857973	29.496969	0.1957354971063917	0.0959387007996059	-0.0086089871	0.0620061547	0.0087489305	0.0482833786	0.0554338619	-0.0504416687	-0.0276284994	0.0094866615	0.0932165932	-0.0286305126	0.0204850859	-0.0416094956	-0.0972815798	0.1391749002	-0.0212736707	0.067435897	0.1236580541	0.0371909871	0.0205441611	-0.0085371514	0.0002931186	-0.0231342421	0.0212242524	0.0371893644	-0.0932688214	0.0580324936	0.1391921996	-0.0777004471	-0.0455597934	0.0395555738	0.1102919129	0.0153755565	0.0984726414	0.0346972999	0.1391817253	-0.0687115254	-0.0220295001	-0.0291865357	0.0332653486	0.0689844693	0.0052449712	-0.0025251442	-0.1234432834	0.0171499205	0.0069432711	-0.0175595519	0.1987574594	0.0023398777	0.0536708554	0.0176655882	-0.0188395443	-0.0197043407	-0.1005093679	-0.1159287432	-0.0712877838	0.0533609863	0.0255632456	-0.0210580908	0.083766043	0.0274129937	0.1247248143	0.0766339204	0.0996560714	-0.060716574	0.027034415	0.0105352933	0.0053134354	0.0046095173	-0.0460248693	0.0105130468	0.1321418449	-0.0779009927	0.0313772385	0.0174394833	-0.0906743022	-0.0285381907	0.0243107469	0.0023566537	0.0095893053	0.0368781753	0.1145550931	-0.0191241477	-0.0381153808	0.1690418895	-0.0804928482	-0.0578225025	-0.0867751929	-0.1236518626	0.0234921735	0.0121927423	0.0160953174	-0.0782972494	0.0348660551	-0.0124677013	0.0815147431	-0.0414441556	-0.0681758482	-0.1046425241	-0.0395617857	0.131895312	0.1514124252	-0.1516313715	0.0418445886	0.0348993367	0.0097580881	0.0166555452	0.0987837412	-0.0152770629	-0.0414320193	0.0790105559	-0.1104465801	-0.0283212828	-0.072451141	0.0233543702	0.0624757187	-0.0029400799	-0.1040770755	-0.017999685	0.0592753862	0.034785416	0.0261457026	-0.0185032027	0.0487333655	0.0951295042	-0.0832484264	-0.0516583301	-0.0465646508	-0.0775560112	-0.0433307191	0.0374208736	-0.0944981059	0.0183469002	-0.0096896928	0.0826335996	0.1509060377	0.1104705244	0.0096798431	-0.0228114198	0.1041289379	0.0225974728	-0.001135584	-0.0240652814	0.0607549071	-0.0812673177	0.0186113467	0.0527296337	-0.0994642612	0.0	0.0	0.0978250032057559	-0.0600155822734932	0.0036018701156264	0.0095697312522061	0.3441344267524897	-0.013133163804909	0.0001724799915265	0.1184285036762646	-0.5960268738282366	-0.0529367418721093	0.3552480343254606	0.0028022986400343	0.0183534031062903	-0.0008872668271553	7.872424225702335e-07	0.0003368474055819	-0.0081582759234193	0.0001467801562034	2.1544414255094517e-08	6.655746604264304e-05	0.0073141640714244	0.0003589531997588	1.288473996171527e-07	5.349699606371556e-05	0.0	0.0	0.0	0.0	0.0	0.0	0.0	0.0	0.0	0.0	0.0	0.0	0.0
58.60108440347337	0.3070618885453555	0.0942870033970403	3434.08709326301	66.64996513481304	0.8110461086674405	4442.217852471795	0.6577957903845978	59.10220554438816	0.1555974074199966	0.0242105531958244	3493.0707002111067	59.97499132776715	48.01692234755356	0.880405	30.268166	0.1386078741065489	0.0754825688672512	-0.0455347171	0.0968512514	0.0105089306	0.0811282268	0.0104306265	-0.0500641754	0.0596142974	0.0579428641	-0.0510972644	0.0437039778	-0.0207202932	-0.0831016025	0.0748206135	0.0400266977	0.1334124465	0.0835733874	0.0420541658	-0.0369270034	-0.0151416457	-0.0091896142	0.0720170296	-0.0152166613	-0.016700774	-0.0817759855	-0.0211269362	-0.0469169766	0.0064240953	-0.0526430292	0.0348345613	-0.0568262555	0.1031688097	-0.0783529566	0.1322256933	-0.0390275008	-0.006047595	-0.0037296015	-0.0851626671	-0.0320575875	-0.0183971206	0.0085140777	-0.0514297976	-0.0604386164	-0.0128263953	-0.0276968142	0.0403745844	0.0399608694	0.1281010858	0.2339056896	0.0332405135	0.0403458783	-0.077721982	0.0081978211	0.0894431093	0.0288161331	0.0152182418	0.0135193769	-0.0488601405	-0.0255698631	-0.0285139145	-0.027991943	0.0206871841	-0.0509884593	0.0370455678	0.0721934179	-0.0647087572	0.0632613472	0.0356958967	-0.0079887149	-0.1074932769	-0.0561363799	0.0944203052	-0.0198268967	0.0394573727	-0.0014672451	0.0565735315	-0.0218008978	-0.0130929664	0.0222318579	0.0029747016	-0.0187391954	-0.0440342491	0.1263008787	-0.0454178145	0.0189204638	-0.0222818956	0.0558976543	-0.0010769877	-0.0187556487	-0.1456317849	0.0112696244	-0.097937022	-0.0584664466	0.0631861396	-0.02767029	-0.0543459327	-0.0215414049	-0.0313657121	-0.1344725232	-0.1021313102	-0.0400944341	-0.0459798886	-0.1011796553	-0.053145043	0.0194164205	-0.1187591941	-0.0384878085	-0.0188727945	0.0731048234	-0.0784942308	0.0396292673	-0.0940908386	0.1076967687	-0.0626450158	0.0070414405	-0.0153546505	0.0197035001	-0.0048434956	-0.0029768184	0.0438493317	0.0338271759	0.0619251914	-0.0427638884	0.0238889986	0.0600566947	-0.0738160853	-0.0430048277	-0.0137006592	-0.0617932326	-0.0313101837	0.0008050619	-0.1142666791	0.0916491807	0.0766848563	0.016305253	0.0153159953	-0.0006717518	-0.0503077089	-0.0583928577	0.0280947903	0.0296989693	0.0185221107	0.0633625326	-0.0050500148	-0.0824557403	0.0222825273	0.0477892128	-0.0966316368	0.0	0.0	0.1290620560365027	0.0312370528307467	0.0009757534695508	0.0166570143083693	0.338339047937211	-0.0057953788152786	3.35864156125811e-05	0.1144733113590583	-0.5374277465216082	0.0585991273066284	0.2888285827312939	0.0034338577210984	0.0185655402882688	0.0002121371819784	4.5002183977778965e-08	0.0003446792861953	-0.0075437365505717	0.0006145393728476	3.776586407799225e-07	5.690796114443141e-05	0.0072813143231726	-3.2849748251799656e-05	1.0791059602066144e-09	5.301753827283846e-05	0.0	0.0	0.0	0.0	0.0	0.0	0.0	0.0	0.0	0.0	0.0	0.0	0.0
58.604716642913125	0.0036322394397529	1.319316334769714e-05	3434.512812796139	66.57752323764588	-0.0724418971671667	4432.566600459277	0.0052478284651783	59.17065649959935	0.0684509552111904	0.0046855332693244	3501.1665905935797	59.99963075186208	48.74052668940875	0.7710289999999999	26.507837	0.1164453610540939	0.0548341494280979	-0.0715642419	0.0577999534	0.0445403456	0.0789014661	0.0110895963	-0.0207642398	0.084067029	0.0685016938	0.0246388915	0.0656999716	0.0532536235	-0.0289086995	0.02534045	-0.0659893299	0.09960731	0.0846774888	-0.0163635758	-0.088369726	0.0760611981	0.0763543846	-0.053381316	0.010990183	-0.187025538	-0.1268773815	-0.0334713562	-0.0372942127	-0.157652146	0.0676974924	0.051096598	-0.2271801722	0.011663208	-0.0556350063	-0.055616663	-0.0467336054	0.0912201389	-0.024497382	0.0667613242	-0.0381056374	0.0375481733	0.030849204	0.0607647027	0.0092917681	-0.0583099681	0.007413693	0.0233528969	0.0291892141	0.0440305991	-0.028128513	-0.059178325	0.0360865838	0.0728685286	0.0549921503	-0.160475945	-0.1200438009	0.1209548373	-0.0015305348	0.0896342161	-0.0536728783	0.024507893	0.085591349	-0.1445358055	0.0215868595	-0.0383411354	0.0440264733	0.0193714483	-0.0621321135	0.0495438433	-0.1262396978	-0.1045467916	0.0098348429	0.0209529657	0.0460211704	0.0633676664	0.0322566374	0.0141052172	-0.0270748834	-0.0264072471	-0.0155096669	-0.0482459963	-0.1065133642	0.0998909428	0.1744730251	-0.0690257348	-0.109995859	0.1272361861	0.1113106393	0.1194179521	-0.0692167022	-0.0509596227	-0.1280308171	0.0542786576	0.0529862318	-0.1411441884	0.0407435367	0.1035506655	-0.0181075852	0.0758074424	-0.015196927	0.0199307299	-0.0410415645	-0.0660934871	-0.1013927079	0.0697459201	-0.1053735636	-0.0372752147	-0.020652047	-0.012508496	-0.0678223165	-0.0083060563	-0.0293665543	0.0711562665	0.046962814	-0.0949145179	-0.0099759668	0.0328434816	-0.0065024904	0.0619887405	-0.1944868313	0.0562793297	0.0224018843	0.0884638982	-0.0611629972	-0.0201657893	0.0029950058	-0.0230867087	0.0047687897	-0.0124646998	-0.0180708605	0.0060501383	0.0160796474	-0.1144715556	0.0736306414	0.1021381793	0.0079734587	-0.0320201611	-0.0385459296	-0.0116540594	-0.1192859822	-0.0292331556	-0.0079066597	0.0065632076	0.0402257166	-0.0487002661	-0.0836184785	0.0259259465	0.0427148457	-0.0933175984	0.0	0.0	0.1620678053197792	0.0330057492832765	0.0010893794857505	0.0262659735211698	0.34968800588247	0.011348957945259	0.0001287988464432	0.1222817014580583	-0.5234493513847198	0.0139783951368883	0.2739992234650839	0.0001953955306029	0.0191856556826498	0.000620115394381	3.845431023483045e-07	0.0003680893839731	-0.0070529562304284	0.0004907803201432	2.408653226399597e-07	4.974419158833879e-05	0.0072299648639235	-5.134945924910057e-05	2.6367669651750403e-09	5.2272391933568354e-05	0.0	0.0	0.0	0.0	0.0	0.0	0.0	0.0	0.0	0.0	0.0	0.0	0.0
58.59986865474848	-0.0048479881646485	2.350298924457288e-05	3433.944606353773	66.87179334173898	0.2942701040931013	4471.836744740245	0.0865948941629646	59.21166057517978	0.0410040755804246	0.0016813342142051	3506.0207480702998	60.15068946004638	48.69548427544278	0.767955	26.40218	0.122429992263436	0.0591528211812167	-0.0706052181	0.0479218491	0.0502627868	0.0252345327	0.0080720386	-0.0149711984	0.0719140311	0.0292033912	-0.0203161238	0.0628991946	0.0082677486	-0.0264331179	0.0234234337	-0.142994401	0.0545361834	0.0041825704	-0.0665397973	-0.0492585416	-0.0690855834	-0.0714030755	0.0197246873	0.0708495678	0.0391786578	0.0766275066	0.1118742096	0.0083282475	0.0457481549	-0.0136433314	-0.0112141919	-0.1008485807	-0.0575426657	0.0352225946	0.0115763813	0.0854273287	-0.042884267	-0.0230453211	-0.0731314128	0.0389506517	-0.0471222942	-0.0707927629	-0.0181737437	-0.048524542	0.1505538151	0.1542234083	0.0182644168	-0.0286082612	0.0248598038	0.0111551843	0.0463218664	0.0605398249	-0.0987400569	0.0856301133	0.0693261056	-0.0398376404	-0.1038018394	0.035703062	-0.0848353063	0.0587416936	0.0165917526	-0.0689058051	-0.0477932865	-0.0005587478	-0.0167071115	0.0469605669	0.1806639097	0.0945712546	-0.0302420489	-0.0188510049	-0.0723242675	-0.0127489411	-0.0364637775	0.0771125292	-0.0019082691	-0.0125718845	0.1462845468	-0.0210393484	-0.0088086909	0.0136327619	0.0214524807	0.0094546566	-0.0293804376	-0.0899201639	0.0538462997	0.004000357	-0.0006492409	0.0481087569	0.0211512839	0.0806603831	-0.0769007463	0.0876752375	0.0217752076	0.0587837923	0.0277924711	-0.0148463874	-0.0057723794	-0.1101260931	-0.0282437777	0.1098052542	-0.0910253047	0.0042058562	-0.1095922345	0.0615431666	-0.0869220293	0.0327080339	-0.0913895295	0.0020862303	-0.033999418	-0.1354356091	0.0729043694	-0.0101309986	-0.041627279	-0.050669062	0.0754972239	-0.0259009075	0.0210667199	0.0734412624	-0.0094612317	-0.0357419633	0.1074236691	0.0342915228	0.0837182652	-0.0709520515	-0.0052373319	0.0494460814	0.0017464412	0.0043047355	0.0083825603	0.0217611992	0.0543532358	-0.005424153	-0.0197864984	0.0815054735	0.0979256774	-0.0025736351	-0.0594685175	-0.0422710753	-0.0537406448	-0.1067966989	-0.0308860501	0.0432358499	-0.035287965	0.0977943177	-0.0213864465	-0.0847551701	0.0295370653	0.037520755	-0.0895386565	0.0	0.0	0.169562418533971	0.0074946132141917	5.616922723033814e-05	0.0287514137790895	0.329341343609471	-0.020346662272999	0.0004139866656514	0.1084657206104916	-0.541227244001675	-0.0177778926169551	0.2929269296496486	0.0003160534658999	0.0184954285741196	-0.0006902271085302	4.764134613499609e-07	0.0003420808781403	-0.0062602926784651	0.0007926635519633	6.283155066110759e-07	3.919126442004373e-05	0.0071766390412312	-5.33258226922996e-05	2.8436433658105753e-09	5.150414792812388e-05	0.0	0.0	0.0	0.0	0.0	0.0	0.0	0.0	0.0	0.0	0.0	0.0	0.0
58.55308781713211	-0.0467808376163674	0.0021884467680889	3428.4640929207844	66.74617318431707	-0.1256201574219062	4455.051634750847	0.0157804239507045	59.200248750318	-0.0114118248617742	0.0001302297466758	3504.6694520995284	60.05376498511018	48.66353919397581	0.887927	30.526785	0.3281504900821689	0.2148827370777759	-0.0727119817	0.0957376917	0.064028426	-0.1002160998	-0.0289875194	-0.0638912914	0.0779689447	0.0282361372	0.018914962	0.032221248	-0.030921653	-0.0192202611	-0.0493894632	-0.0844947014	0.0201448458	0.0445595562	-0.0834844762	-0.0014299117	0.0826568386	0.1025676753	-0.0547028846	0.0656774547	-0.0244054774	-0.00981305	-0.003443493	0.0457510275	-0.020882169	0.022312521	-0.127838679	-0.0909774281	-0.0341627864	0.0189352735	0.0992524926	0.0070784319	0.0218210229	0.0818812482	-0.0924221757	-0.0939643823	-0.0250417223	-0.0097111358	0.0152814471	-0.0356072031	0.0309896698	0.1105586403	0.1208911229	-0.061934323	0.0260390326	0.0832495864	-0.0590229561	0.0004201866	-0.0329145269	-0.0251602889	-0.0047682732	-0.0032720427	0.0278634057	-0.0349366753	0.002438457	0.0947333345	0.1044952781	-0.0017774112	0.0628178276	-0.1017733616	-0.1260665813	0.0247769095	-0.0703697425	0.0043121142	0.0548871525	0.0025493363	-0.0772782623	-0.0048243841	-0.0378488106	0.0660587316	0.0248182896	0.0712837187	0.1138070114	0.0514395734	0.0923990206	-0.0813876103	-0.0855871641	-0.0003846876	0.0430195574	-0.0083070265	0.02150084	-0.0121898216	0.0230427098	-0.0348622046	0.0566870553	-0.0445985034	-0.043989112	-0.0078227427	0.0869436154	0.0654175842	0.0697683349	0.1068154352	-0.0631429985	-0.0917382569	-0.0208348438	0.0779645889	0.0018129508	0.0417736558	-0.1188285844	-0.0645715358	0.1323030932	-0.0267841411	-0.0365502414	0.0288633791	0.0201303837	-0.0032412216	-0.0414021815	0.0062484803	-0.0250504922	0.0238442254	-0.037200763	0.0182108299	-0.0354251169	-0.1192227805	0.0863732193	0.0652501294	0.0264256446	0.1528769351	0.0880081074	-0.0331548097	-0.0155263554	-0.0859700833	-0.0267878927	-0.031433699	-0.1623709657	-0.0118794357	0.1051288738	-0.069621976	0.0399158916	0.1091673593	0.0650167047	-0.173100329	-0.1108101061	-0.0282502387	-0.0902214842	0.0474132131	-0.0399810629	-0.0573687734	0.0282251873	-0.0220627767	-0.0188411401	-0.085865461	0.0331113845	0.032221499	-0.0853136375	0.0	0.0	0.1928518731059796	0.0232894545720085	0.0005423986942616	0.0371918449604848	0.2141079507918704	-0.1152333928176005	0.0132787348202554	0.0458422145922939	-0.5491502582144747	-0.0079230142127997	0.3015660060970243	6.277415421622649e-05	0.0152322050363796	-0.00326322353774	1.0648627857260367e-05	0.0002320200702703	-0.0061270173574632	0.0001332753210018	1.7762311188159472e-08	3.7540341698655336e-05	0.0074142327520845	0.0002375937108533	5.6450771437041615e-08	5.49708473020825e-05	0.0	0.0	0.0	0.0	0.0	0.0	0.0	0.0	0.0	0.0	0.0	0.0	0.0
58.68881698053612	0.1357291634040081	0.0184224057983519	3444.3772385748644	66.56084671859577	-0.1853264657213031	4430.346315896401	0.0343458988967493	59.13736038849133	-0.0628883618266726	0.0039549460532425	3497.227393718304	60.07675766262508	48.76615495799516	0.906113	31.15201	0.1390886528882908	0.0783863164764325	-0.0753085664	0.0979791977	0.042291541	-0.0911886718	0.0847927648	-0.0842501508	0.0456415811	0.0080185219	0.0827362486	0.0251587536	-0.067437152	-0.0160272242	0.0555440321	-0.1209649624	-0.1014044864	0.0500566324	-0.0508553326	-0.0347561865	0.0437180254	-0.0803938352	-0.0269122131	0.1360312155	0.1017734669	-0.0318855158	0.0854564827	-0.1295657914	0.0700457614	-0.1147059338	-0.0086261304	-0.0941225139	0.1500134277	0.0954911084	0.0723752294	0.1320689622	0.0170868984	-0.0328383618	0.0849553953	-0.0175828036	-0.0016412644	0.0353784737	-0.0625860697	-0.0426334836	-0.0399130728	-0.1178267954	0.0518603185	0.0439946328	-0.065482068	-0.0188102188	0.0824756496	-0.0442966828	-0.0841972977	-0.0294599666	0.1007706692	0.0514205709	-0.0554235146	0.0252829334	-0.0478386585	0.0126440125	0.119887245	0.0503940979	-0.0367172727	0.1406986696	0.0581812027	-0.0285674832	-0.0842816583	0.0383766859	-0.0287583711	-0.0347882006	-0.0803382384	0.0463375574	-0.0287726301	0.0888583648	-0.0090347825	-0.078178553	0.1007286028	0.1084617417	-0.0565224587	-0.0334672665	0.0189370397	-0.1168783361	0.0135199603	-0.0371509179	0.0212458859	0.0239898584	-0.0722190831	0.0376851969	-0.0085946912	-0.1239011126	-0.0096994588	0.2421131365	-0.1025848005	0.015857775	0.0821480711	0.0244297947	0.0690406948	0.0195861484	0.0289840362	-0.0443639001	0.0064067174	0.0787219245	-0.0044137476	-0.0263925977	0.0060386816	0.0857928691	0.0466224662	-0.0196715551	0.078813933	-0.0398033686	-0.0204268576	0.0115685046	0.0450778784	-0.0214329632	-0.0017926691	-0.0863729751	0.1353644992	0.0344459323	-0.0102734495	0.0268629145	-0.0687361295	0.1170849343	0.0962416069	-0.0437062069	0.0159669187	0.0489148973	0.0143600227	-0.0149128	-0.0095389294	0.0398754392	0.1046990733	-0.0377585359	0.1383727645	0.0259573572	0.0181555693	0.0375807575	0.0306204618	-0.0137269791	0.0018433953	-0.1031756055	0.0071267185	-0.0490487495	-0.062763846	-0.031057144	-0.0101970775	-0.0869490055	0.0366444511	0.0268319309	-0.0806635902	0.0	0.0	0.175892404158219	-0.0169594689477605	0.00028762358699	0.0309381378405582	0.2596724638738266	0.0455645130819561	0.0020761248523957	0.0674297884943037	-0.5431779798383758	0.0059722783760989	0.2950423177812989	3.566810900161884e-05	0.0162971647838522	0.0010649597474726	1.134139263736908e-06	0.000265597579992	-0.0062648294600309	-0.0001378121025677	1.899217561413031e-08	3.924808816327106e-05	0.0072051567524753	-0.0002090759996092	4.3712773612586416e-08	5.191428382774041e-05	0.0	0.0	0.0	0.0	0.0	0.0	0.0	0.0	0.0	0.0	0.0	0.0	0.0
58.57834136486608	-0.1104756156700403	0.0122048616576744	3431.42207705878	66.4418958389708	-0.1189508796249754	4414.525522676645	0.0141493117635553	59.0849732974855	-0.0523870910058335	0.0027444073040534	3491.034069564574	60.04113192198489	49.51874785933987	0.904781	31.106224	0.402513820479551	0.1908443605512619	-0.0840294084	0.0288624584	0.0284472932	0.0273012536	0.0210593278	0.0044353699	0.0368201635	0.027949626	0.0964896604	0.0076421651	0.1204278145	0.0388508093	-0.0630330521	0.0608769266	-0.0058277699	0.1012732386	0.0056933926	-0.0542604761	-0.126802172	0.082145447	-0.0581997911	-0.0388203231	-0.0242436459	-0.0335110089	-0.0326947451	0.0215095472	0.0177115907	-0.0814909572	0.0648823043	0.0411279368	-0.10294456	0.0109205309	-0.0064063483	-0.0049011506	0.0034223052	0.0998523654	0.0573591412	0.0614561236	-0.0609535714	0.0148042566	0.0309384554	0.0041416816	-0.0967786251	2.58137e-05	-0.1090134138	0.0329575766	-0.0445409383	0.0792186102	-0.0421342178	0.1573975826	0.0181724913	0.1304903567	-0.023436326	-0.0035271695	-0.0667036021	0.050327492	-0.1205826019	-0.092673255	0.0919488375	-0.0321121404	-0.0446984432	-0.0475502741	-0.1372553232	0.0281058207	-0.0486180719	-0.0819267144	-0.1113782456	0.0415524689	-0.0737761879	0.0553254581	-0.0327580994	-0.0466568915	0.0597713286	-0.0149013505	-0.0613418567	-0.0250635378	-0.0698889574	0.0432896431	0.0150762618	-0.0430063322	-0.0138175386	0.069727739	0.1055687214	0.0181889063	0.0222649796	-0.0571491085	-0.0269840449	0.1330441239	0.0478932759	-0.0580905473	0.132003226	-0.086772905	0.0022662458	-0.0319626088	0.0228379693	-0.0313456993	0.0215313885	-0.0546716164	-0.0141629999	0.0277112242	0.0530547653	0.0293126998	-0.095871355	-0.1125460004	0.0439556333	0.0253490992	0.0218025649	-0.0360081122	-0.1023520771	-0.0113855966	0.1176917219	0.0357254613	0.1292127748	-0.144091759	-0.0043682012	-0.062420076	0.0507781941	0.1041750133	0.1191830249	0.0282018878	0.0967494211	-0.0313601951	0.0570118737	0.03781294	-0.0427545694	-0.0446731437	-0.0422401816	-0.0381259326	-0.0231181137	0.1145964424	-0.063792992	-0.0368479266	0.0147110126	0.1472354045	0.0547720178	0.0475247117	-0.0148162281	-0.0681459895	-0.0293522366	-0.0749602715	-0.0031603971	-0.1511935544	0.0300850227	-0.0880054659	0.0401318633	0.0213671566	-0.0756116809	0.0	0.0	0.1190746826859765	-0.0568177214722425	0.0032282534732973	0.0141787800567659	0.3431265141549318	0.0834540502811052	0.0069645785083212	0.1177358047161146	-0.6230291125714942	-0.0798511327331183	0.3881652751116236	0.006376203398762	0.0188465685968533	0.002549403813001	6.499459801744543e-06	0.0003551931478758	-0.0067950136386665	-0.0005301841786355	2.810952632755056e-07	4.6172210349663744e-05	0.0077733870807003	0.000568230328225	3.228857059146917e-07	6.042554670639834e-05	0.0	0.0	0.0	0.0	0.0	0.0	0.0	0.0	0.0	0.0	0.0	0.0	0.0
58.7858066048678	0.2074652400017242	0.043041825808973	3455.7710581849187	66.47513426565305	0.03323842668226	4418.943475636601	0.0011047930083119	59.21578086495829	0.1308075674727931	0.0171106197081493	3506.5087034467606	60.107002493204085	49.380337602257335	0.916905	31.523058	0.1683649217912375	0.1116937048083775	-0.098963603	0.0691680962	-0.0624198424	-0.0371932843	0.0264150966	-0.0999549784	0.1350734412	0.0322591028	-0.0545861566	-0.0620575578	-0.0016954805	-0.1140241406	0.1459888366	0.0593439777	-0.0630012233	0.0840545412	-0.0103883857	-0.0224180326	-0.0297817194	-0.0806852371	0.1283947666	-0.0443523982	-0.0731382079	-0.0040833898	-0.0880084968	0.0470780725	0.0995528273	0.0056913572	0.0091955989	-0.1304223393	-0.0758683057	0.0077679975	0.1316709207	0.0472024358	-0.0214301412	0.0389560467	0.0965786272	-0.0326310456	-0.0036955557	-0.1309368915	0.1062730034	0.0309636089	-0.0734329297	0.043945242	-0.0329889689	-0.1211373652	-0.0533159669	0.1031398742	-0.0823451403	0.0028302973	0.0296762723	-0.0672555743	-0.0362467834	0.0708093967	0.0651905443	0.0184106313	0.0037933868	0.0286317857	0.0060375363	-0.0583945959	0.0182104408	-0.1031168272	-0.1126388497	-0.0051859768	-0.0206880318	-0.0574703646	0.0985917004	-0.0282096179	-0.1165410322	-0.1554996907	0.0660089742	-0.0370750281	0.0146372729	0.0122989155	0.0267533788	0.1268071709	-0.0680469636	0.0696832156	0.0468698325	0.0245192489	-0.0577615713	0.0449910148	-0.1310165802	0.0798970482	-0.0206632868	0.0765956521	-0.1111234531	0.0654631909	0.0477737108	-0.0206707	0.095993991	-0.0844516348	-0.0280473527	0.069062891	-0.0463279993	-0.0185476428	-0.0136603901	-0.0183356207	0.0786045438	-0.150191222	-0.0900374559	-0.0110681477	0.1090509753	-0.0849742128	0.0816959201	0.0758283649	0.0110542856	0.068334134	-0.0244666551	-0.0628527379	-0.0796567229	-0.0637862389	-0.0346921247	0.0019167	-0.0511840954	-0.0945020557	0.086456809	0.0600788845	0.1284548893	-0.0151108986	0.098227947	-0.0092941379	0.0640222961	0.0894103701	0.0316467848	-0.0477736845	0.0083502899	-0.0703275184	0.0918527151	0.0118915848	0.0353364206	-0.0240627071	-0.0447970647	-0.0096621684	-0.0096201943	-0.0565838479	-0.0367967884	0.0578637594	-0.0935174372	-0.0659119444	-0.026261042	-0.0209144818	-0.0734822838	-0.0890345132	0.0435692762	0.0158424933	-0.0701830781	0.0	0.0	0.1458615937764591	0.0267869110904826	0.0007175386057694	0.0212756045390087	0.3760817244068875	0.0329552102519556	0.0010860458827506	0.141437463432858	-0.6175514169259699	0.0054776956455242	0.3813697525472731	3.000514958499533e-05	0.0208150705894934	0.00196850199264	3.875000095028043e-06	0.0004332671636455	-0.0067383739410191	5.663969764739974e-05	3.2080553495888598e-09	4.540568336900528e-05	0.0077356266749223	-3.776040577800014e-05	1.4258482445192262e-09	5.983992005376944e-05	0.0	0.0	0.0	0.0	0.0	0.0	0.0	0.0	0.0	0.0	0.0	0.0	0.0
58.959658222315184	0.1738516174473829	0.0302243848890712	3476.2412976922187	67.25085103972275	0.7757167740696929	4522.676965566978	0.6017365135730909	59.1364279629088	-0.0793529020494929	0.0062968830636764	3497.117112212301	60.03499149676519	50.4684914783156	1.00502	34.552422	0.2941665992787762	0.1658061389436574	-0.1352587628	0.0487393635	-0.0201330322	0.0599181729	0.041171443	-0.0878802306	0.1276205533	-0.0766354033	0.0551910438	0.0167653071	-0.0840170162	0.0119995185	0.0786208374	-0.1110822118	0.1124656415	0.1576197605	-0.006642186	0.0443093284	-0.1671706891	-0.0269214959	-0.1368795109	-0.0605721123	0.0764406385	-0.0338771713	0.009327331	-0.0506114668	-0.006979143	-0.0540054284	0.0050142893	-0.0026660807	0.0501335931	-0.062150509	-0.0005320977	0.0341611299	0.022475675	0.0582838985	-0.1900406422	0.0563321989	-0.1291647492	-0.019624621	0.0827592535	0.0389622315	0.1216633882	-0.0588593506	0.0279111964	0.0763479421	0.0619903528	-0.0098223434	-0.0486799749	-0.0020742208	-0.0750452808	-0.0655536931	-0.0314165365	0.0097709938	-0.0181983854	-0.0578851057	0.0811648351	0.0222348179	-0.0971475592	0.1118772478	0.0431830822	-0.040764719	0.0491260732	0.0298915184	-0.0457822066	0.1132220819	0.0217066563	0.1727411941	-0.1546999786	-0.0817200197	-0.0087447015	-0.0387316131	0.0691007987	-0.1361430883	-0.0263450732	-0.1152444244	-0.122407621	-0.0784983293	0.006421706	-0.0071482778	-0.037924458	-0.0145047649	0.206769024	0.0464006273	-0.0032431683	-0.0293473591	0.0546920725	0.0348258821	-0.043145006	-0.0018236051	-0.0493364865	0.078148043	0.0776662644	-0.1093752483	-0.0542068025	-0.015234296	-0.1775062173	0.0491245024	-0.0275511712	-0.0142868723	-0.0084122916	0.0376994996	0.0039001253	-0.0326825423	-0.0936026294	0.1009289847	-0.0906016696	0.0261546202	-0.0395358763	-0.0322104071	-0.0261366518	-0.0853278752	-0.0145817241	0.0890572025	-0.0891160016	-0.0017647688	0.0076916669	-0.124830753	-0.1195210074	-0.0380897406	0.12025351	-0.0634849793	-0.0734396517	0.0891627	0.0334305038	-0.0611095476	-0.1008243089	-0.1918988606	0.0649450905	0.0319975612	-0.1398807724	-0.1057322703	0.0702219894	-0.0303305288	-0.0727878554	-0.2111195541	-0.0842151875	0.0268818532	-0.0925880285	0.0131460872	-0.0980819316	0.0293515187	0.0516416368	-0.0900358269	0.0469524072	0.0102734258	-0.0644048267	0.0	0.0	0.1178817621111676	-0.0279798316652915	0.000782870980018	0.0138961098384339	0.3854129431736197	0.0093312187667322	8.707164367261534e-05	0.1485431367657518	-0.4773891497680225	0.1401622671579474	0.2279004003162354	0.0196454611348558	0.0219500302102253	0.0011349596207319	1.2881333406919012e-06	0.0004818038262298	-0.0059428662348304	0.0007955077061887	6.328325106056077e-07	3.531765908508725e-05	0.0073322283680668	-0.0004033983068555	1.627301939738844e-07	5.376157284148353e-05	0.0	0.0	0.0	0.0	0.0	0.0	0.0	0.0	0.0	0.0	0.0	0.0	0.0
58.86688575261048	-0.0927724697047054	0.0086067311351104	3465.3102382108946	67.43589219105601	0.1850411513332659	4547.59955560373	0.0342402276867406	59.13153213097984	-0.0048958319289553	2.39691702765789e-05	3496.5380921571013	60.0236929689194	51.20413026243415	1.214903	41.768169	0.7748867787420284	0.4096925271101719	-0.1664473985	-0.0475768511	-0.1124406098	0.022929025	-0.0734525467	0.0610762127	0.1817708032	-0.030762676	-0.006075807	-0.0655390025	0.041858823	0.1430045851	-0.0021125434	-0.0647535533	0.0839430852	0.1116277154	-0.0048403159	0.0777375001	0.0311276264	-0.0818541116	-0.0741398167	-0.0305530208	-0.1029856555	0.0659825138	-0.0483726461	-0.0249064807	-0.1381449439	0.010350318	-0.0418363367	0.1044037241	-0.0959824945	0.1251728268	-0.147767075	-0.0023202086	-0.0217588601	-0.1504210914	-0.0699247479	0.0908522501	0.0605601811	0.0165900976	0.0076257342	-0.0885567665	0.0019592455	0.0824622418	-0.1196400528	0.0895082134	-0.077308256	-0.0070099718	-0.0116368024	-0.1323484132	-0.002411999	-0.0717046107	0.0423496378	-0.0903424839	-0.1175397679	-0.0115947887	0.0256037433	-0.1248506618	-0.060986858	-0.0836241365	0.0269365757	0.0006449353	0.0939781438	0.0583216735	0.09874334	0.0422411931	-0.0294322719	-0.1378550252	-0.0948380378	-0.0952654465	-0.0135512768	-0.1040701154	-0.0748143317	0.0549757256	-0.1193555357	-0.0574149514	-0.0175090854	-0.1169309576	-0.0119958041	0.0124401485	-0.047217534	-0.0546120122	-0.005042143	0.0186684806	0.0712580284	0.0062325977	0.1334432238	0.1189791583	0.025963027	0.021098949	0.0664240095	0.1167069947	-0.0980384754	0.0042944297	0.0585088595	0.062963752	0.0734100958	-0.0142849427	-0.0141476456	0.1514435678	-0.0551859083	0.1013001936	-0.0609774988	0.1061939821	0.0593598466	-0.0395749581	-0.018507919	0.0152502215	0.2124145841	0.0575211981	0.0541075412	0.1228541781	-0.0270461209	0.0813943546	0.0032866074	0.0710350097	-0.1559432718	0.015245902	0.045282891	-0.1460632273	0.1620703423	0.0750182149	-0.0807928454	-0.2173484355	-0.0222641093	-0.0200839867	0.0474780537	-0.0116496787	-0.0911910746	-0.0582325623	0.0906804697	-0.0388889871	-0.0490046149	-0.1202007524	0.1361019127	-0.1016476719	0.0812325419	0.0003086588	0.0300311147	0.0057370274	-0.0046030952	-0.0696711476	0.1254797579	-0.0910090951	0.0502770413	0.0046755634	-0.0583057138	0.0	0.0	0.155907679856952	0.0380259177457844	0.0014459704204091	0.0243072046383778	0.5322053400072093	0.1467923968335896	0.02154800776815	0.2832425239321893	-0.6652629419769269	-0.1878737922089044	0.442574781967796	0.0352965617989546	0.02795870469174	0.0060086744815146	3.610416902480593e-05	0.0007816891680399	-0.0076891647486885	-0.0017462985138581	3.0495584995030104e-06	5.912325453247389e-05	0.007621148811769	0.0002889204437021	8.3475022789076e-08	5.808190921112803e-05	0.0	0.0	0.0	0.0	0.0	0.0	0.0	0.0	0.0	0.0	1.0	0.0	0.0
58.857343638801474	-0.0095421138090046	9.105193594399636e-05	3464.186900215964	67.82281244875536	0.3869202576993444	4599.933888459044	0.1497072858181271	59.31413808962306	0.1826059586432151	0.0333449361320076	3518.166977314873	60.24579912997905	51.94628538487357	1.092327	37.554039	0.4111935600809452	0.2196477604618736	-0.151079888	-0.1629583592	0.0285975949	0.0093345996	0.0060049672	0.1033550054	0.134458435	-0.2182368922	0.0226105342	0.0412927907	0.0430977338	0.0360590331	0.0220319836	0.0085388967	0.0019719036	0.0688268304	-0.1709899659	-0.0206330961	0.0067005471	0.0625556553	0.067908507	0.0116568969	0.0137111021	0.0955126232	-0.0407484201	-0.0648491109	-0.0245926288	-0.1468994241	-0.039269918	-0.0235051319	-0.0883908634	0.0104291369	-0.0425779242	0.0651405814	-0.0943688917	-0.0189107918	0.0313976572	0.0787512623	-0.0523201507	-0.035064828	0.0680678052	-0.0558050889	0.0626924519	-0.0099279439	0.0053182034	0.0276846541	0.0490622716	0.0480883092	0.0533793909	-0.1559853697	0.0351124542	0.0614022972	0.0041415005	0.095387972	-0.0102149279	0.087712718	0.079004625	0.0546031101	0.0753531004	0.1145249144	0.0636037582	0.0180759496	-0.0332322986	0.0872549976	0.0054112084	-0.057312286	0.1703084891	0.1682815983	-0.0396925756	-0.0666572876	-0.164875746	0.002697121	-0.0027397319	0.1138858068	0.0053695109	-0.0179174461	0.1045278653	-0.0138642876	0.0649684306	0.0383218871	-0.0594593997	0.0330093666	0.1641189206	0.1247245423	0.0008577706	0.0283239459	0.0695289973	0.0507761705	-0.0388053698	0.1132314014	0.0404268858	0.0938496216	0.0732547426	-0.0342626413	0.0809810116	0.0500471473	-0.0591769965	0.0687805099	0.0895330071	-0.0344796935	-0.1376059293	0.0427028137	0.0160735607	0.1028413481	-0.0414011528	-0.003546357	-0.0080841998	0.1330043702	-0.0334208415	0.1453242474	-0.0181602523	0.0794536948	-0.0140690396	-0.0518421431	0.0135972377	-0.0276779366	0.0609633441	-0.2138554081	0.0998233132	-0.1064053028	0.1313677168	-0.0011375306	-0.0118376243	-0.0080206947	0.1003273849	0.1086112419	0.017987267	-0.0517473243	-0.0259141124	-0.0028133811	-0.0708621716	0.1025403346	0.0137079533	0.0232141438	-0.0162763636	-0.0581053141	0.0053240478	-0.004193397	-0.0790485822	0.0291858112	0.0021875867	-0.0572026732	-0.0200976146	-0.0919540145	0.0535390365	-0.000935404	-0.0519161246	0.0	0.0	0.1824250654085517	0.0265173855515996	0.0007031717364921	0.0332789044893143	0.4686067715314692	-0.0635985684757401	0.0040447779121634	0.2195923063251465	-0.5970658368693265	0.0681971051076004	0.3564876135564691	0.0046508451450571	0.0243593245596735	-0.0035993801320664	1.295553733511505e-05	0.0005933766930035	-0.0087772296701884	-0.0010880649214999	1.1838852733985843e-06	7.703976068323558e-05	0.0079913137771227	0.0003701649653536	1.370221015753058e-07	6.386109588443107e-05	0.0	0.0	0.0	0.0	0.0	0.0	0.0	0.0	0.0	0.0	0.0	0.0	0.0
58.5463133027771	-0.3110303360243733	0.0967398699274346	3427.6708013469347	66.83374975065306	-0.989062698102302	4466.750105732917	0.978245020777405	59.33860054794623	0.0244624583231711	0.0005984118672128	3521.069514988724	60.38495567500436	50.56795829183915	0.945006	32.489151	0.13471846677211	0.0670233393760943	-0.0917378734	-0.1952032786	-0.029471485	-0.1219020722	0.035504554	0.0627573127	0.0773176416	-0.0784861412	-0.1930295135	-0.0874678	0.1005670066	0.0166814684	0.0307104458	-0.0539047375	-0.1214204814	-0.0493720274	-0.1820357534	0.1437135621	0.0390353417	-0.1437049616	0.0968503891	-0.0406223636	-0.0179054773	0.0053579299	-0.0337283773	0.0721719201	0.0278700703	-0.0090708298	0.0650720568	-0.0416812227	0.0302858631	0.0234981062	0.0318833466	0.004272874	0.0182398042	-0.0342777516	-0.0440522425	-0.042407426	0.08405214	-0.0727084889	-0.0227170641	0.1567364893	-0.0900971843	0.0478898891	-0.0772489231	0.0079820064	0.0199036276	-0.0082364641	0.0051936911	-0.0325647212	-0.0073860175	-0.0200975759	0.0150566446	-0.0985516127	0.0240740403	0.1678577311	-0.0673615759	-0.0546329885	0.0468912896	0.0422397243	-0.0507008978	0.0592750867	-0.0461524433	-0.0474422154	0.0641118249	0.0104535687	0.0456360746	-0.0639344883	0.0499359954	-0.2156290793	-0.0936580148	-0.0226472215	-0.1917973147	-0.0219934954	0.0969946938	-0.0127774925	0.0148277479	0.0928702005	0.0683386162	0.0064459944	0.0143587415	-0.0193340585	-0.0941919969	0.0098427842	-0.0690335889	0.0339943908	0.0070043756	-0.1196590723	-0.0272143712	-0.0600812306	0.0319791104	-0.0003095182	0.0149746413	0.0713857724	-0.0044246665	-0.0582512521	-0.019978127	-0.0220133255	0.0227412806	-0.1033999947	0.0063597809	-0.0148946707	0.0854686698	-0.0279008995	-0.0081806696	0.0837546799	0.0232774574	0.0007357108	0.117171858	0.0745795006	0.1131186392	-0.0025556425	-0.0991929241	-0.0128606386	0.0947884545	0.0167641164	0.04881844	-0.019763104	0.06765388	-0.1173222641	0.0620480923	0.032851267	-0.0094558592	0.0249193069	0.1245360062	0.143243237	-0.0029720887	-0.0847102119	-0.0204851328	-0.0754429364	0.0102221745	0.1144618325	-0.0444989878	-0.0561642452	0.0292323102	0.0285107738	-0.0047409796	0.1120534868	-0.0230727694	0.0330638496	-0.0726304183	0.0699425144	0.0008105901	-0.0928702909	0.0567343287	-0.0065437496	-0.045267892	0.0	0.0	0.1349562664838544	-0.0474687989246973	0.0022532868713533	0.0182131938632611	0.4761170690677829	0.0075102975363137	5.640456908395985e-05	0.2266874634576959	-0.6280146101572655	-0.0309487732879389	0.3944023505709821	0.0009578265680282	0.0249084913035026	0.000549166743829	3.015841125278555e-07	0.0006204329390166	-0.008442886169621	0.0003343435005674	1.117855763716636e-07	7.128232687317756e-05	0.0080836154731894	9.23016960667003e-05	8.519603096789517e-09	6.534483911838708e-05	0.0	0.0	0.0	0.0	0.0	0.0	0.0	0.0	0.0	0.0	0.0	0.0	0.0
58.02704811766433	-0.5192651851127721	0.2696363324702014	3367.1383132497317	68.05796332011407	1.224213569461014	4631.886371281992	1.4986988636524772	59.286768479364405	-0.0518320685818238	0.0026865633334708	3514.920916725757	60.32045968676896	49.70469692028588	1.157601	39.798126	0.3283191191789807	0.1973477283954623	-0.019914801	-0.2012901776	-0.035689082	-0.0995875727	0.1825505528	0.0511688045	0.0143225232	-0.3119508475	0.0312502202	0.1712844644	-0.1034564525	-0.0164758133	-0.0887589686	0.0203883223	0.0727583566	-0.1192704708	-0.1835366977	-0.1022532297	-0.0483927133	-0.0454435966	-0.0315084914	0.0084121917	0.0294329803	0.0517853712	0.1315636977	0.0197158477	0.0129994613	-0.0097463181	-0.056769233	0.0422560153	0.1054222533	0.0135436884	0.0608984602	-0.0144454977	0.0391958665	-0.0717778908	-0.0519198401	0.0737892034	0.0055262176	0.0045917812	0.0337286934	0.0726518482	0.0031304246	0.0532511304	0.0040540648	-0.1213544259	-0.0753382	0.0602195342	0.0040081468	-0.0038693144	0.0921679357	-0.0400941626	-0.0195320619	0.0311095443	0.0608968385	-0.0652136056	0.0616771611	-0.0183471845	-0.0302903194	-0.0051479899	-0.1613048935	-0.064042334	0.0389398222	-0.0267796791	-0.1155201954	-0.0842737281	-0.1319864645	-0.0523316211	0.0546506293	-0.0493890656	-0.1671451983	0.229987929	0.0304501566	-0.0612146926	-0.0134259024	0.0621623943	0.0262765604	-0.0113941796	0.1246739778	-0.0288756591	0.1097237244	-0.126023192	0.0018739667	0.0411008966	-0.046395457	-0.1638525031	-0.0167776582	-0.0097323005	-0.0728290606	-0.0306355645	-0.1108925998	0.0319872611	-0.1019690163	0.027410638	-0.1155218702	-0.0040557484	0.056292805	-0.0684456974	-0.0607018131	-0.0890578151	0.0127935829	0.0534572834	0.0188440793	0.0306041069	-0.0135036555	-0.0653662931	0.0581187833	-0.0893658436	-0.0241414758	-0.1021372054	0.0362939336	-0.1542233339	-0.059326481	0.0220419406	-0.111382541	-0.0072167799	0.1172795104	-0.0492931112	0.0122567967	-0.0917355857	0.0161275388	-0.0509878829	-0.1535419312	-0.1135752761	0.0280168992	0.1291492338	-0.2622107804	-0.190182641	-0.0140364741	0.0414906508	-0.0592594801	-0.0228713487	-0.1180932696	-0.0888074894	0.0516988367	0.0166169244	0.0405104522	0.0459378549	-0.0639413348	0.0190290323	-0.0953840547	0.1639172736	0.0193995792	-0.0937576389	0.059858937	-0.012133754	-0.038394137	0.0	0.0	0.1088941164946817	-0.0260621499891726	0.0006792356620581	0.0118579286071573	0.4686983089981567	-0.0074187600696262	5.503800097068041e-05	0.2196781048577315	-0.4518688472618635	0.1761457628954019	0.2041854551257653	0.0310273297860031	0.0245020782635229	-0.0004064130399796	1.6517155906553958e-07	0.0006003518392318	-0.0074248864602453	0.0010179997093757	1.0363234082890097e-06	5.512893894753397e-05	0.0071341792980492	-0.0009494361751401	9.01429050664852e-07	5.089651425671377e-05	0.0	0.0	0.0	0.0	0.0	0.0	0.0	0.0	0.0	0.0	0.0	0.0	0.0
57.78197106104323	-0.2450770566210991	0.0600627636820614	3338.756179699237	66.40385779597729	-1.6541055241367817	4409.472330188373	2.7360650849798165	59.24624496862954	-0.0405235107348644	0.0016421549222786	3510.117542882861	60.36897174606919	47.72114724231746	1.094507	37.62896	0.3753333648665937	0.1581897870094235	0.0338831693	-0.1109623522	0.0200654125	0.056062445	0.0607035731	0.0832133197	-0.0647863	-0.0240798992	0.0561556839	0.0570067294	0.1095745167	-0.0313467825	0.0672126759	-0.0294914713	-0.0559404886	-0.0820719783	-0.1485347504	-0.0481339632	-0.0045206693	0.1103987813	0.0139140969	0.0128321463	-0.0502344479	0.0414564376	-0.0922758695	0.0003279856	0.0234952619	0.0273669658	-0.0431596027	0.1564837851	-0.0099147429	0.093487429	-0.0149072944	-0.0060928666	0.0623278852	-0.0394380908	-0.0293534742	-0.0604436339	-0.1140383325	-0.0333175525	0.0025950436	0.0881686077	0.0359122343	-0.0077312179	-0.0617229134	0.0243979711	-0.0648428342	-0.1569978762	-0.0300231388	0.057725449	-0.0218935651	-0.0825977461	-0.0449803465	0.0278778421	0.0795429667	-0.0344550014	0.0392831793	0.123404456	0.0446601798	-0.0077488959	-0.071206234	-0.0489302331	-0.0686479021	0.0906737831	-0.0071764758	0.0005643781	0.148462025	-0.0543013739	0.0882342642	-0.0352531076	-0.1679660456	0.0700573322	0.0650338155	0.0163558346	-0.0526550869	-0.0184350454	-0.0036846305	-0.0745448724	0.0102656508	0.1493716434	-0.0865782753	0.0796773101	-0.0528436244	-0.0792313306	-0.0046283099	-0.0282060749	-0.0077770619	-0.06779113	0.1117657542	0.0224304588	0.0554316031	0.0234757675	-0.0572101484	0.1340479361	0.1099914838	-0.0624906592	-0.134505478	-0.0733180556	0.0207547295	0.0124652885	0.0432412595	0.0932891996	0.0109974376	0.0224468794	-0.0392022138	-0.0335778943	0.0783145237	-0.0282512726	0.0952830634	-0.0685982332	0.010961144	-0.0380852774	-0.0328619758	0.0609911436	-0.1405407723	-0.1379977432	0.0709867491	-0.0981545167	-0.0252734808	-0.0599419825	-0.0316427232	-0.0350476307	-0.0980332209	-0.1165024309	-0.0246290953	0.0854416908	-0.0615696243	0.0742417759	0.0055711924	-0.0366355627	-0.025119056	0.1003864319	0.0888792547	-0.0947214864	0.0440271767	0.0096258208	0.0862996808	0.0766760825	-0.0217911956	-0.0302709049	0.0644814639	0.0144784037	0.0088277855	-0.0946157819	0.0629089685	-0.0176897492	-0.0313291043	0.0	0.0	0.1909214370816272	0.0820273205869455	0.0067284813226735	0.0364509951373137	0.4343055842416277	-0.0343927247565289	0.0011828595161783	0.1886213405034615	-0.5271759136205176	-0.0753070663586541	0.2779144439016274	0.0056711542435467	0.023602789442858	-0.0008992888206649	8.087203829728706e-07	0.0005570916694838	-0.0064600558817686	0.0009648305784766	9.308980451636828e-07	4.173232199557309e-05	0.0089421849621969	0.0018080056641476	3.2688844815901627e-06	7.996267189814036e-05	0.0	0.0	0.0	0.0	0.0	0.0	0.0	0.0	0.0	0.0	0.0	0.0	0.0
58.08077166788338	0.2988006068401532	0.0892818026480438	3373.376037536805	66.85685594296763	0.452998146990339	4469.839186578725	0.2052073211766808	59.33809369695144	0.0918487283218993	0.00843618889435	3521.009363588188	60.445202586760445	47.32367745279381	0.917565	31.545727	0.2018394358282635	0.1440427249150309	0.0593054017	-0.0559030957	0.0771453145	0.061926571	0.029508016	0.1174053105	-0.065568842	0.0524546674	0.0196001714	0.0465542036	-0.0014347726	0.0143443958	0.1255043118	-0.0878355213	-0.0175284831	-0.0769451979	-0.1488419896	0.0311223291	-0.0345712448	0.0351879306	-0.0540723223	-0.1186047299	-0.0410140886	-0.0443065308	0.0581517283	0.0172767145	-0.0764471567	0.1874574204	-0.0095647707	0.0256675918	0.042753242	-0.0155423654	0.0063294297	0.0043235693	-0.0434376916	-0.066347041	0.1103432555	0.075526919	0.0092342177	0.0748683446	0.1497894334	0.0804069111	0.0355869685	-0.0619092961	-0.0844078674	-0.0667896214	0.1449897324	-0.0821510353	-0.0405815022	-0.0638664018	-0.0239927418	-0.0419429221	0.0135783005	-0.1203981657	-0.0439048897	-0.1470245131	0.0232652748	0.007970616	0.0606635345	-0.0896596404	0.0773706219	-0.0582472303	-0.1137820169	0.1013824668	0.1296590459	0.0424658786	-0.0387239367	0.0580838611	0.1022635902	0.0328957967	-0.1703811283	0.0145561927	0.0529024154	0.0125176368	-0.0333951158	-0.0026842577	-0.1368317806	-0.0579770768	0.0224743492	-0.010509603	0.0077186888	-0.0133886039	-0.0759729059	-0.1724312595	0.0553292247	0.0203713348	-0.0324677257	0.0186101738	-0.0227008628	0.0056122805	0.0430167449	0.0620624079	0.0632928285	-0.0378009534	0.1375174922	-0.0360765109	0.0078079174	0.070934058	-0.0178513913	-0.0449529001	0.1114479029	0.007390394	0.0950698009	-0.1025977224	0.1099496486	0.0024671036	-0.0950769796	-0.0334723937	0.1180454541	-0.0373128153	-0.0419627503	0.0082241989	0.0382857209	0.1348185645	-0.0398913033	0.0984376327	0.0626615027	-0.0968071145	0.0517712822	-0.0098222181	-0.0613127534	-0.071726937	-0.0716528248	0.0261184008	0.0256577083	0.0667536211	0.0283718518	0.0735403321	0.0313428606	-0.0407173089	-0.088957707	0.0022312577	0.1025993388	0.0216405298	-0.0217099697	0.0444630673	0.1138859478	0.0193806294	-0.0573360024	-0.041915564	-0.0177766368	-0.0083235559	0.0157472888	-0.0954444529	0.0658806233	-0.0231961626	-0.0241079916	0.0	0.0	0.1857262912982094	-0.0051951457834178	2.6989539710963904e-05	0.0344942552793873	0.3832956261231857	-0.051009958118442	0.0026020158272452	0.1469155370051649	-0.5304467424339663	-0.0032708288134486	0.2813737465588065	1.0698321126885872e-05	0.0210440387463952	-0.0025587506964627	6.547205126648859e-06	0.0004428515667597	-0.0062088719626638	0.0002511839191048	6.30933612168469e-08	3.855009104875263e-05	0.0089795204088884	3.733544669150095e-05	1.393935579653909e-09	8.06317867736433e-05	0.0	0.0	0.0	0.0	0.0	0.0	0.0	0.0	0.0	0.0	0.0	0.0	0.0
57.84431917508224	-0.236452492801142	0.0559097813518741	3345.965260828787	67.21141508004185	0.3545591370742187	4517.374317061676	0.1257121816828146	59.134653194468704	-0.203440502482735	0.0413880380504277	3496.907208430088	60.380297463972056	46.85479824507938	0.891669	30.655422	0.357805191134828	0.1909365479113924	0.0808960666	-0.099266583	0.0303445611	0.0572510926	-0.0106149353	0.1688616469	-0.0562646082	-0.0209628404	-0.1081078089	-0.094910476	-0.0823825898	-0.0150853527	0.0959539003	0.0497520697	0.0542221821	-0.1374315714	-0.0392861862	0.0850598476	0.0134598921	-0.0545824738	-0.017663096	0.0351394968	-0.0735758954	-0.0535149825	-0.0179646418	0.0106653852	-0.1128610057	0.1119505244	0.0479332014	0.0189897294	0.0532232331	-0.1252777895	0.0128951211	-0.0419693296	-0.0768792077	0.1188305814	-0.0179492191	-0.0235915373	0.0485120149	0.0240828885	-0.0460228792	-0.0867440378	0.0034557991	0.0062148047	0.0359481112	0.0741824625	-0.1924089185	-0.0619512346	-0.0929836526	-0.0517573004	0.0742850139	0.0229293741	-0.1139434542	0.0714403444	0.0722966612	-0.135582385	-0.0711392899	0.0360043248	0.0051881105	0.0592634453	0.1424350173	0.0082296634	0.0245937282	0.000729317	0.0510356455	0.0323639341	0.0547715356	0.1613436189	0.1726615963	-0.0474687898	-0.0713586561	-0.0873079059	-0.0280488393	-0.1183505425	-0.0423704988	0.0655731097	-0.037202149	-0.0117362177	0.0008758493	-0.0199383047	0.0390106673	0.0606063391	-0.1136660783	-0.1233933508	0.1595845958	0.048570944	0.0140497246	0.0687871838	-0.0324508694	-0.1318863725	-0.0515531743	0.0037887767	0.0614148393	-0.008970952	-0.1726778523	0.067353988	-0.0001456584	-0.0057822066	0.1328684259	0.0605194266	-0.0154578875	0.0901929256	0.0720651606	0.0169215585	0.0162085225	0.0472084298	-0.1473483786	-0.0574592855	-0.1121709551	-0.0180304524	0.0704118795	-0.0365060939	0.0377974888	0.0556209403	0.0255311128	-0.1130467379	-0.0976231951	-0.1391209904	-0.0916620414	-0.0783356099	-0.092870487	-0.0184193947	-0.0589749718	0.1586550194	0.0822930856	0.1042133744	0.0664193969	-0.0482588693	0.0073245708	-0.0741832239	-0.1469333135	-0.0261099141	0.120380371	0.0349484916	-0.0491556825	-0.0461251409	0.0641120247	0.0875082138	-0.0147530644	0.0174936275	0.0125408354	-0.0132602329	0.0296095029	-0.0962433935	0.068770199	-0.0286375605	-0.0167667741	0.0	0.0	0.167119195238186	-0.0186070960600233	0.0003462240237869	0.0279288254170589	0.4774922712078222	0.0941966450846365	0.0088730079452009	0.2279988690632044	-0.5537983586058743	-0.023351616171908	0.3066926219945606	0.0005452979778401	0.0237948970181256	0.0027508582717304	7.567221231147566e-06	0.0005661971241032	-0.0075821420008019	-0.0013732700381381	1.88587059764782e-06	5.748887732032424e-05	0.0086706520423917	-0.0003088683664966	9.539966782233957e-08	7.518020684023137e-05	0.0	0.0	0.0	0.0	0.0	0.0	0.0	0.0	0.0	0.0	0.0	0.0	0.0
57.74897963756476	-0.0953395375174821	0.0090896274140473	3334.944649179869	65.93676737296224	-1.274647707079609	4347.657291596137	1.6247267771633045	58.98346633727954	-0.1511868571891668	0.0228574657867375	3479.0493011609883	59.959337345331726	45.96435933952301	1.082357	37.211246	0.3650490830771251	0.1645516440643608	0.1007623868	0.0020900228	-0.0437565462	0.0057978861	0.056211611	-0.0488401212	-0.0928642355	-0.0292959902	0.0673391474	0.1034605806	-0.0212285475	-0.0542996224	-0.1218387899	-0.180775438	0.1522696225	-0.0847727367	0.067911668	-0.1476871463	0.1468210692	0.0290851938	-0.1899664456	0.0620312728	-0.0077289861	-0.0160061995	0.0185220077	0.0753744509	0.0419678859	0.0666938933	0.0074182212	-0.0442118055	-0.0439905577	-0.0090117062	-0.0418515809	-0.0476692766	0.1488233413	-0.0094363683	-0.0441531568	-0.013841947	0.0319428033	-0.0280673905	0.0982732256	-0.072640645	-0.0294626383	0.074451615	-0.0701396886	-0.091614885	-0.0943520798	0.0005930986	0.032873075	-0.0278962713	0.0016840538	0.204039121	-0.0567591773	-0.042980588	-0.0329606226	-0.0126153917	-0.0938472295	0.200450797	-0.0129083698	-0.0039739448	-0.1191953494	0.1955542066	-0.0056981809	-0.0070134091	-0.0172804963	-0.049501372	0.0477345191	-0.025785454	0.0423869115	0.026585517	0.0375506461	0.1925337382	0.0719730417	-0.0173090292	-0.0675227701	-0.0220839429	0.1244691512	-0.0824065779	-0.186740245	0.0185237233	0.0594766205	-0.0844971984	0.0016825305	-0.043513314	-8.76819e-05	0.0385974126	0.0673648258	0.0451012982	0.0402615057	0.0191356836	0.0247551432	-0.0455281333	-0.1767187185	-0.0253545417	0.0346995763	-0.0952560348	0.1616097792	-0.0394940276	-0.0913384482	-0.1109680827	-0.0407488203	-0.1641102239	-0.0270180291	-0.0329048293	0.000329398	0.050696973	-0.0262281571	-0.1105365148	0.0649118879	0.0199465623	0.1019911161	-0.0213378495	0.0362646248	-0.0466391634	0.0427384176	-0.1541971621	0.037040883	-0.1189003691	-0.0669132014	-0.0095246669	-0.0805291083	-0.0609483522	-0.1115363904	-0.0975483794	-0.101217033	0.0724688585	-0.0151105135	0.0290986941	0.0214208975	0.0070205274	-0.126360595	0.110289528	0.0510472626	-0.118489265	-0.0589105778	0.0480882468	0.1202315982	-0.0304732184	-0.0985184723	-0.0297388615	0.0299501538	-0.0269515066	0.0172781093	-0.0970123549	0.0715740957	-0.0339986915	-0.0093420254	0.0	0.0	0.2126182079950354	0.0454990127568493	0.0020701601618479	0.0452065023710201	0.4087265211168045	-0.0687657500910177	0.0047287283855803	0.1670573690642456	-0.4724473639495414	0.0813509946563329	0.2232065117028704	0.0066179843315747	0.0220361381266704	-0.0017587588914552	3.0932328382727258e-06	0.0004855913835376	-0.0069480665934633	0.0006340754073385	4.020516221916114e-07	4.827562938720071e-05	0.0096664842550564	0.0009958322126647	9.91681795780673e-07	9.34409178532533e-05	0.0	0.0	0.0	0.0	0.0	0.0	0.0	0.0	0.0	0.0	0.0	0.0	0.0
57.90897489076887	0.1599952532041086	0.0255984810478468	3353.449372899699	65.77210662497983	-0.1646607479824098	4325.970009887716	0.0271131619261266	59.00936068091787	0.0258943436383347	0.0006705170324601	3482.104647970656	60.08031462134223	46.24253939446083	0.899526	30.925558	0.1443030104198733	0.0636908461020784	0.0804716782	0.0133998262	-0.0514341829	0.0218978059	0.0818634758	0.005994067	-0.1343409633	0.0381963938	0.0466224871	0.0776893754	-0.0103268805	-0.0304554453	-0.0189560714	-0.0623585465	-0.0527703096	-0.0655672853	0.0422050489	-0.062836179	0.0519568028	0.0474033544	0.0013932952	0.0203674958	-0.0124803245	-0.0360259895	0.0045057202	-0.0873802759	0.0734134176	0.0827045603	-0.1069193968	0.0185273657	-0.0565255243	0.0571684031	-0.1507975184	-0.0093784868	0.1245583203	-0.0030282889	0.0171515345	-0.0530598575	-0.0625320496	-0.0382513346	0.0271418581	0.0896614912	-0.0782549178	-0.0392996517	0.0019679642	0.0517700205	0.0322644646	-0.0669553321	-0.0132655296	-0.0473581283	0.0112323154	-0.1254171542	0.0642657213	0.0739243451	-0.1097680478	-0.0700322057	0.0843182982	0.110131045	0.0268613422	-0.1649742556	-0.1440483499	-0.0001668119	0.0285047284	0.0483372617	-0.0665602837	0.1446321735	0.0205681956	0.0075338892	0.0646490823	0.1287602946	0.0142033047	0.0883922251	0.0154742159	-0.0398190925	0.0279596754	-0.0122886677	-0.007756065	-0.0893711983	-0.0097217116	0.0028439201	-0.0669822302	0.028931223	-0.0141067747	-0.0922384567	-0.019465309	0.0343900441	0.0150625525	-0.1095790332	0.1603753637	0.1033724683	0.0444075457	0.0789481562	-0.0816798979	0.0342701323	0.0874926323	-0.0059716835	-0.0076016943	-0.0152098362	-0.0242351411	-0.0597544295	0.0706067503	0.0169140591	0.0388187717	0.0116088883	-0.0550340782	0.0705712224	0.0641070631	0.0089533394	0.0431451847	-0.0176984845	0.0011690665	-0.0700905536	0.1082624755	0.0321622515	0.0416176683	0.0266369871	0.0326533066	0.0097326427	0.0012537966	-0.0307056726	-0.0773877007	-0.0527352017	-0.0742048574	-0.0118180361	-0.0300351833	0.080289942	0.0736952887	0.0235939324	0.1052588637	-0.0298480667	-0.047747688	0.0947088304	0.0209088614	-0.0010353333	-0.0220652903	0.0314648231	0.1155524506	-0.0637836399	-0.0423179058	-0.0475630344	0.051750269	0.0200774865	-0.0042425816	-0.0977510977	0.0742888199	-0.039264529	-0.0018707352	0.0	0.0	0.1958251543649254	-0.0167930536301099	0.0002820066502237	0.0383474910820468	0.426109645010257	0.0173831238934524	0.0003021729962951	0.1815694295707672	-0.5065528277472922	-0.0341054637977507	0.2565957672987778	0.0011631826608596	0.0224227309459968	0.0003865928193263	1.4945400795473454e-07	0.0005027788630765	-0.0064861550562993	0.000461911537164	2.1336226816520985e-07	4.207020741435697e-05	0.0089945612295756	-0.0006719230254808	4.514805521712733e-07	8.090213171258453e-05	0.0	0.0	0.0	0.0	0.0	0.0	0.0	0.0	0.0	0.0	0.0	0.0	0.0
57.992657646979545	0.0836827562106776	0.0070028036870157	3363.148340959775	65.85016154168501	0.0780549167051845	4336.243775066012	0.0060925700218532	58.92232783616376	-0.0870328447541126	0.0075747160659934	3471.8407176323585	60.02480787043972	46.646553976951246	0.91939	31.608484	0.3296996429369501	0.1787935817961909	0.0574950001	-0.0256525034	-0.0255579605	0.0392154443	-0.0362281882	0.0423740456	-0.0524132221	0.081093356	-0.1757959737	-0.0994195051	0.0467257503	-0.0451553918	0.0177312785	0.028786822	0.0064874759	-0.0324601623	0.0758446524	0.1629790527	-0.005874558	0.0529318878	-0.1078772067	-0.0700625371	0.0178737766	-0.0148576659	0.0838807514	-0.0533660776	0.071206935	0.0772839663	0.1818827276	0.0346543762	0.079798527	-0.0107436861	0.0044905994	0.003462083	-0.1097919879	0.0818650288	0.0056695296	-0.0874059936	0.0105329004	-0.0084621197	-0.1491854966	0.0949169121	0.0122400882	-0.0207276144	-0.0543597056	0.0097588561	-0.0772828626	-0.0187447296	0.1456663301	0.0492798579	-0.0256079165	0.1058451898	0.0030860213	0.0891509762	-0.0838311621	0.0198336679	0.0023421552	0.0038616862	0.0376031509	0.0681347683	-0.103975289	-0.1507451116	0.0990438191	-0.0677769855	0.0864122714	-0.0882226388	0.0298140178	0.1163408962	0.0928338895	-0.0406708983	0.0812128407	-0.1531533024	-0.1000707369	-0.1749556609	-0.0184764208	-0.0398631211	0.0007025982	-0.0263411831	-0.0416926726	0.0326765665	-0.0397339604	0.1113851466	0.0439827644	-0.0988540092	-0.000320846	0.0294562938	-0.1637400748	-0.0533439576	-0.1093907911	0.0170279484	-0.0237501604	0.0196536944	0.1003065322	0.0270155397	-0.0255374956	-0.0208212713	-0.0375895068	0.1019092094	-0.0003668337	-0.101305607	0.1277819545	-0.0356737124	-0.0932340777	0.0548128089	0.0051173411	-0.0091210187	0.0797488101	0.0056388491	-0.0087167807	0.1135606745	0.134330871	-0.0249005517	0.131296076	-0.07375284	0.0046540704	-0.0368685985	0.0041766891	0.0112513256	0.0367519421	-0.0609259933	-0.0754721359	0.0114623719	0.0204292501	0.0934016799	0.0457364571	0.0499791557	0.1043878123	0.0116595904	0.0607448369	-0.1335777453	-0.0655517484	0.0814225198	-0.005726488	-0.1056866709	0.0529206115	-0.0308922028	0.0613392343	0.1254292063	0.090831749	-0.0078461975	-0.0394305837	0.0028564869	-0.0157665731	-0.0984593917	0.0769109895	-0.0444203137	0.0056098749	0.0	0.0	0.152479708278264	-0.0433454460866614	0.0018788276964516	0.0232500614366244	0.4504057671454546	0.0242961221351976	0.0005903015508084	0.2028653550778854	-0.6473552539380734	-0.1408024261907812	0.4190688248012274	0.0198253232212103	0.0230338891239416	0.0006111581779447	3.735143184688058e-07	0.000530560048174	-0.0080911400891094	-0.0016049850328101	2.57597695554444e-06	6.546654794159328e-05	0.0087855914698443	-0.0002089697597313	4.3668360482157365e-08	7.718661747500092e-05	0.0	0.0	0.0	0.0	0.0	0.0	0.0	0.0	0.0	0.0	0.0	0.0	0.0
58.062416662921535	0.0697590159419903	0.0048663203051948	3371.2442287387084	65.97490491785204	0.1247433761670322	4352.6880789196175	0.0155609098975497	58.939393972005305	0.0170661358415458	0.000291252992562	3473.852161787255	59.87965255267498	46.982159771617205	0.95214	32.734406	0.3077356237917224	0.1323830889939908	0.0637555688	-0.0356975656	-0.0418246452	0.0856355226	-0.1075018271	-0.0013463142	-0.0906988857	0.0045622254	-1.96029e-05	0.0329481874	0.1001810775	0.1152771897	-0.0465953006	0.0189164718	0.1198205577	-0.0217265287	0.0893801103	0.011762472	0.0203602129	-0.0783829505	0.0775850106	-0.0189760778	0.0185183979	0.0057038344	0.0090444675	0.0526844562	0.0303497224	0.0300195432	0.0013469023	-0.0567077598	0.0144361934	-0.0612839206	-0.0565403566	-0.0868687535	-0.0197912763	0.1011043159	0.0323388814	0.0117549464	0.0858957204	0.0688234305	-0.084652832	-0.0181087958	0.0888710355	0.0443932973	-0.095792588	-0.0665595609	0.0580194928	0.1055122093	-0.0828202386	0.0670458568	0.0044876765	-0.1504392853	0.0097059734	-0.1115584944	0.0737948976	-0.0944660791	-0.1049028272	-0.0519424242	-0.0385808083	-0.0098545616	0.0218847867	-0.0140459183	0.0575643381	-0.1229638363	0.108640277	-0.0268383695	-0.0034877854	-0.0274788189	0.0387485715	0.0677720706	0.0551951228	0.0202333222	-0.0443516081	0.0472938882	0.0193930215	-0.1660970152	0.1203792268	0.1316607334	-0.0253669838	0.0111746662	0.0271117966	-0.0421593455	-0.0453161996	-0.059074506	0.0910591757	0.0522151106	0.0577376269	-0.0194159887	0.0144852905	-0.0250709132	0.0042898509	-0.0512019767	0.1345890321	-0.0275022683	-0.1204327084	-0.0388072138	0.1414614301	0.1109913319	-0.1113914275	0.0031871141	-0.0026761123	0.036533742	-0.0201887482	0.0038133498	0.136180537	-0.0603087289	-0.0709944704	-0.0549467366	0.0041578211	-0.089776878	-0.0079923234	0.0922271282	-0.0605012919	0.0406334345	-0.0041002116	-0.0295391521	0.0132574039	-0.0837924039	0.0684062278	-0.057607923	-0.071737853	0.0495824323	0.0068648499	-0.0864214696	-0.009310441	-0.0245943396	0.0770785787	-0.0025482807	-0.0777168929	-0.024228728	0.0402123269	-0.0496562684	0.0313448102	0.0019398079	-0.0873922138	-0.0262674432	0.0237632894	-0.0058861729	-0.1246523222	-0.0154369978	-0.0024604593	0.0862862779	0.0651048907	-0.0991370163	0.0794373376	-0.0494515946	0.0130625369	0.0	0.0	0.1697084610676995	0.0172287527894355	0.0002968299226794	0.0288009617579668	0.414923516223638	-0.0354822509218166	0.0012589901304787	0.1721615243153876	-0.7085576410629386	-0.0612023871248652	0.5020539307086761	0.0037457321897818	0.0242363086110872	0.0012024194871456	1.4458126230674909e-06	0.0005873986550918	-0.0062071647894368	0.0018839752996726	3.549362929776465e-06	3.852889472322399e-05	0.0079955415975504	-0.0007900498722938	6.24178800711607e-07	6.39286854381588e-05	0.0	0.0	0.0	0.0	0.0	0.0	0.0	0.0	0.0	0.0	0.0	0.0	0.0
58.08412782531552	0.0217111623939842	0.0004713745724979	3373.7659052275926	66.17106018711057	0.1961552692585257	4378.60920628621	0.0384768896578847	58.96873210343708	0.0293381314317713	0.0008607259559078	3477.3113658869306	59.96771920874961	46.94128442432454	1.006662	34.608879	0.6767488113382485	0.4548100250610802	0.0612027366	0.0563228843	0.1281661138	0.0108882235	-0.1148941276	0.0313775218	-0.0793045665	0.0872323877	-0.007213978	0.0091597735	-0.0067232637	0.1052230706	-0.0903450151	-0.0740639429	0.0754655378	-0.061002592	0.0527370891	-0.0774813931	-0.0645092766	-0.0140395501	0.0643968698	0.0540152729	0.1605985267	-0.1043206224	-0.0502689833	-0.0055888306	-0.0735624644	-0.013254243	0.0258778299	-0.1472252971	-0.0463268207	0.0792634502	-0.0332872465	-0.1131490418	0.0582516514	0.0299157725	-0.0070320234	0.0488520344	0.0042625376	0.0881325781	-0.0356106333	0.186156279	0.0540190085	-0.0499701004	0.0535821804	0.0671955634	-0.0224434041	0.0260219996	0.0446064525	-0.0986096898	0.013003905	-0.0037463832	-0.1092019793	0.0676058902	-0.0485180111	0.0643141784	-0.0212351827	-0.1037974169	-0.0566424454	-0.1070612251	-0.0247237374	-0.0772234301	0.1067872592	-0.1704142307	-0.0528197914	-0.0202654084	0.051564113	-0.0573448183	0.0576955886	0.1595122185	0.0465468168	0.04394679	-0.0468100583	0.0079920225	0.2009061034	-0.004998039	-0.0793537201	0.098784082	-0.0500013845	-0.0131681663	0.0031046363	0.037022013	0.0717132466	0.0064737767	-0.0463070299	-0.1022433343	0.0916499365	-0.1353879036	0.0140500175	-0.0222966098	-0.0241951213	0.0010018811	-0.094350269	-0.0869617209	-0.0927546651	0.0471170525	0.0482938907	0.0479317986	-0.005331386	-0.0578547319	0.023818498	0.0688590509	0.0677636503	-0.0610070745	-0.0295125843	-0.0887613021	-0.0697928882	0.0455081706	0.0029031625	-0.0118978876	0.058498256	-0.0463462309	-0.0271135156	-0.1343533917	-0.0249119367	-0.0692197665	-0.0732671979	0.0795681415	0.039410827	0.1419551848	-0.0384908694	-0.0021521974	0.0239861845	-0.1588853898	-0.0485006078	-0.0146925691	-0.1362295957	0.0472985526	0.0154617867	-0.0004494025	-0.0240476421	0.0255546886	-0.0125057431	-0.092345827	-0.1175310828	0.0161925337	-0.0460393975	0.0296612629	-0.0271236187	-0.0340080874	0.0534745869	0.0704810506	0.0021509124	-0.0997837604	0.0818647166	-0.0543442699	0.020450122	0.0	0.0	0.1935872933669458	0.0238788322992463	0.0005701986319755	0.0374760401531399	0.2484437260761325	-0.1664797901475055	0.0277155205275574	0.0617242850265923	-0.6370559687852619	0.0715016722776766	0.4058403073649286	0.0051124891385042	0.0163650194348984	-0.0078712891761888	6.195719329518695e-05	0.0002678138611046	-0.0059621300153311	0.0002450347741057	6.004204052103163e-08	3.554699431971202e-05	0.0081769879795323	0.0001814463819818	3.29227895343213e-08	6.686313241741571e-05	0.0	0.0	0.0	0.0	0.0	0.0	0.0	0.0	0.0	0.0	0.0	1.0	0.0
58.35538392092576	0.2712560956102408	0.073579869405712	3405.350832558641	66.26372133534353	0.0926611482329633	4390.880765208061	0.0085860883918512	59.1261198907053	0.1573877872682203	0.0247709155811865	3495.8980533300564	60.10745805672532	46.71636709372423	1.017773	34.990871	0.4543647129885729	0.2766708095791904	0.050055281	0.1324816176	0.1133306985	-0.2063183512	0.0084161939	-0.0547732776	-0.049847773	0.0284136361	-0.0185560553	0.0356878717	-0.0388303904	0.0153045286	0.0631271747	-0.1113286485	-0.0270629379	0.0133844444	0.0016920555	-0.0452819479	-0.0076361935	0.0337998339	0.0536071578	0.1385360472	0.1147743352	-0.0350232512	-0.0249210636	-0.0381520579	0.0012077807	-0.0861971509	0.0088744047	0.0181924658	-0.1229030044	0.0369562113	0.013775019	0.0010811836	-0.0166627261	-0.0517622379	0.022861778	-0.0570944066	0.0957774575	-0.0006984752	0.0083184542	-0.0139381637	0.0505748705	-0.0933963148	0.0505407362	-0.0310325151	0.023280054	0.0427603737	0.0737696271	0.0789856021	-0.1328983071	0.0084618125	0.0117120747	-0.0389971557	-0.0483163368	-0.1156522759	0.070114774	-0.0288617713	0.0067271782	0.0382381844	-0.0143039224	0.0112665624	-0.0557759589	0.0486149345	0.0451605852	-0.1095436728	0.0734636407	0.0306558419	0.0170396802	0.075182132	0.0322536747	0.0728774103	-0.0418543362	0.0047544709	0.2044216473	0.0955216293	-0.0521329402	0.0353080586	0.0170952581	0.0814991486	0.022514038	0.0435682465	0.1022411514	-0.0342115561	-0.1145594266	0.023540826	0.055776094	-0.0413824617	-0.0032091923	-0.0194736336	0.0665117969	-0.0051343867	0.0683278029	0.0622702836	0.0703308569	0.0480577135	-0.0059278723	-0.0018234693	0.050175007	0.0302561612	-0.0240765912	-0.1156317184	-0.0822694715	-0.0366615825	0.0395968773	0.005620236	0.064947033	-0.0060538767	-0.0519627527	-0.0205861008	-0.0271983853	-0.0096796202	0.0065784407	-0.0131272665	-0.0736603685	0.1527517394	0.0018437488	0.0407764969	-0.1197394476	0.2367892411	-0.0337890353	-0.0169398899	-0.0020547658	0.0504050306	0.0493137051	0.0483296801	-0.0165926018	0.0196331626	0.0849853274	-0.0289144828	-0.0004911355	0.0090997415	-0.0904575823	-0.0023805055	0.040640356	0.0239636683	0.0712441749	-0.0759757333	0.0469478184	0.1797610053	-0.0051672463	0.0709613842	0.1022485724	-0.1003994225	0.0841901024	-0.059084626	0.0277358257	0.0	0.0	0.1972099270853675	0.0036226337184216	1.3123475057845812e-05	0.0388917553410159	0.1744677785696637	-0.0739759475064688	0.0054724408094798	0.0304390057590332	-0.5542880496962894	0.0827679190889725	0.3072352420361162	0.0068505284303187	0.0116091716738467	-0.0047558477610517	2.2618087926300463e-05	0.0001347728669528	-0.0068363883283779	-0.0008742583130468	7.643275979314373e-07	4.673620537638158e-05	0.0079271298001366	-0.0002498581793956	6.242910981093298e-08	6.283938686821375e-05	0.0	0.0	0.0	0.0	0.0	0.0	0.0	0.0	0.0	0.0	0.0	0.0	0.0
58.225974430238125	-0.1294094906876353	0.0167468162800331	3390.264098350744	65.84871759537464	-0.4150037399688955	4336.053608955402	0.1722281041881706	59.13497632634597	0.0088564356406735	7.843645225739201e-05	3496.9454251174984	60.12588170953968	47.54817962156946	1.182778	40.6637	1.082252138849613	0.6831548389453284	0.0190257361	-0.0430388184	0.0207818803	0.0232927373	-0.0664590356	0.052840294	-0.044616144	0.0459513752	-0.0396152251	-0.0709437945	0.1213853316	0.1071432521	-0.0385891554	0.0523311663	-0.0671518029	-0.067258941	-0.0331405804	0.066208392	0.0164439028	0.0559726491	0.0805755009	-0.1423796783	0.0919520376	-0.0801337999	0.0734405447	0.0789200044	-0.0508743497	-0.0259065238	0.0034124229	-0.0221099909	0.0483204862	0.0599664849	-0.0281731484	-0.0064824322	0.0177049472	0.0887627509	-0.0281541161	0.0364933837	0.0262780544	-0.0063852742	0.0088679214	-0.1879404016	-0.0927922766	-0.0715272345	0.1082979475	0.0078351543	0.0808497258	-0.0653869101	-0.0301298425	0.0611707518	-0.1416500449	0.0037721458	-0.004759193	-0.0538042885	-0.034697857	-0.0608553518	0.0290381526	-0.073965777	0.0151636886	0.0195493384	-0.0468243615	0.0151641689	-0.0485604112	0.0264281351	-0.0364931044	-0.0776242717	0.0674043762	0.0913645287	0.059318492	0.0200059206	-0.0474435772	-0.080184522	-0.0593974716	0.0889212967	-0.0576573416	-0.0951130618	-0.0628666432	0.0633411353	-0.0412776023	-0.176527448	-0.091172419	-0.0260043309	0.0801895744	-0.0726488465	-0.0433293284	0.0030276959	-0.0631466859	-0.0257446392	-0.0638044465	-0.0326756535	0.0126976939	-9.86651e-05	0.0835704224	-0.0507327326	0.0308393272	-0.0867027124	-0.0058916325	-0.0673915445	0.0429584604	0.1398102302	-0.0140654817	-0.1165906889	-0.0333555665	0.004861901	-0.0665612304	0.1506117304	-0.0608257216	0.0128258682	-0.0508671047	-0.0701075101	-0.0549223137	0.0182872033	-0.0195969682	0.0626012269	0.0170396569	0.0852791623	0.1029125879	0.0914289956	-0.0482254738	-0.037366864	-0.0189124522	0.0697790007	0.0864015524	0.1561871716	0.0746282692	0.002362193	0.0348823919	-0.1008143898	-0.1392730323	0.1020127759	-0.0050624545	-0.1378905559	-0.0221629801	0.1763597598	-0.0746570648	0.0895215175	0.0310614033	0.0217946822	-0.0718712082	0.0013618304	0.0369646754	-0.0259839027	-0.0104614633	-0.1009838109	0.0864105979	-0.0636593764	0.0348833508	0.0	0.0	0.1202637171633966	-0.0769462099219709	0.005920719221356	0.0144633616659574	0.4009277427982169	0.2264599642285532	0.0512841153983976	0.1607430549452731	-0.7347070184575983	-0.1804189687613089	0.5397944029708538	0.0325510042888941	0.0232301080966606	0.0116209364228138	0.000135046163343	0.0005396379221825	-0.0069629766032031	-0.0001265882748252	1.6024591323220445e-08	4.848304317675379e-05	0.0081481450212531	0.0002210152211164	4.8847727965175327e-08	6.639226728737169e-05	0.0	0.0	0.0	0.0	0.0	0.0	0.0	0.0	0.0	0.0	0.0	0.0	1.0
58.48308238526374	0.2571079550256172	0.0661045005374548	3420.270925281546	66.37255761551755	0.523840020142913	4405.316404425197	0.2744083667033274	59.2001455977899	0.0651692714439278	0.0042470339405323	3504.6572387995225	60.10943045454861	48.17978811330192	1.025883	35.269703	0.2638907516492638	0.1359575341643486	0.0014596763	0.0069430698	-0.0580971207	-0.0763490849	0.0017932478	-0.1056190501	0.017954106	-0.0800644369	-0.0377960835	-0.0405175264	-0.0838215115	0.0722994422	0.134423846	-0.0694132991	-0.0858524419	-0.0464223534	-0.0604893965	0.0863615206	-0.0872050945	-0.0508396258	-0.0380594708	0.0709655066	-0.004146044	-0.0276441529	-0.0419804693	0.046630998	0.0282635779	-0.1219900303	-0.0624833656	0.0653036689	-0.0085798487	-0.036545338	-0.0562349218	0.0187898695	0.0478138553	-0.0003086334	-0.0943078447	0.0354125926	-0.0682454439	0.0937885925	0.0306330903	-0.077955972	0.0592667798	-0.0428600336	0.0612547272	-0.0907729102	0.0867707524	-0.0817463295	0.0392214932	0.0680751433	0.0770556699	0.0573885433	0.0878937575	0.0419787116	-0.0205202947	-0.0806546646	-0.1215747201	0.1540237198	0.003880974	0.1169397921	-0.0723191332	0.0320517012	0.0187311831	-0.0351327147	0.0334402573	0.0432085254	0.0039680593	-0.056770089	0.0168593065	-0.1872218424	0.0297040374	0.0171794979	0.0371335736	0.0354925078	-0.0021459314	0.0028090371	0.0011583962	-0.0221848704	-0.0053612189	0.0840782107	-0.0734803927	-0.0867011254	-0.0265793622	0.0515155747	-0.1173383537	-0.0520828191	0.1090505448	0.0069875056	0.0649626812	0.0431667539	-0.1333381111	-0.003621493	0.0778830893	-0.0880755814	0.0512407514	0.064155908	-0.0191342937	0.0953729552	-0.0197961192	0.099961439	-0.0488671028	-0.1667069339	-0.083589527	-0.106767801	-0.0775581131	0.1258700741	0.0756355413	0.0695128453	0.0523294448	-0.1141998681	-0.0158828047	0.0032591638	0.0695426919	0.0339799612	0.0559351599	-0.045206084	0.1113188122	-0.0296429606	-0.1070499133	-0.0097667485	0.0041395598	-0.0012583501	0.0171587344	-0.046950233	-0.0011304058	-0.0272361438	0.0036148758	0.098025576	0.0143209834	-0.0821876535	0.0319563747	0.037402314	0.0236228209	-0.0793726635	0.0201122229	0.0142715371	-0.0577724116	-0.0615997584	0.1240737763	0.0263512685	-0.041128024	0.068441529	-0.0955248846	-0.1015367435	0.0885234364	-0.0680556987	0.0418570888	0.0	0.0	0.1683942194971024	0.0481305023337058	0.0023165452548948	0.0283566131600383	0.388950670795154	-0.0119770720030629	0.0001434502537665	0.1512826243120002	-0.6397172779843032	0.0949897404732951	0.4092381957516462	0.0090230507951839	0.0217623427569177	-0.0014677653397428	2.15433509255059e-06	0.0004735995622695	-0.0063280439720063	0.0006349326311968	4.031394461584917e-07	4.004414051164527e-05	0.0080749742554088	-7.317076584430031e-05	5.353960974241425e-09	6.520520922551491e-05	0.0	0.0	0.0	0.0	0.0	0.0	0.0	0.0	0.0	0.0	0.0	0.0	0.0
58.44218110825532	-0.0409012770084231	0.0016729144609197	3415.488532690115	66.44179347016781	0.0692358546502589	4414.511919532434	0.0047936035691517	59.07232039544333	-0.1278252023465711	0.0163392823549418	3489.5390369019096	60.03994228234006	48.26981567218486	0.920959	31.662403	0.2320431346029375	0.1175418592142802	-0.0059164957	-0.0073651239	0.0302630667	0.0364867218	-0.0297129449	-0.0243255242	-0.0226290072	-0.0090578382	0.0282372163	0.0643969651	0.077138922	0.094633362	0.0888917679	0.0464414393	-0.0982482863	0.0513409884	0.0407195446	0.0017415303	-0.0329330102	0.0478570752	0.0256437984	-0.0162338551	0.0869096722	-0.085064514	-0.0287032024	0.1197868754	-0.0520101215	0.0463111041	-0.0247988285	0.0932149302	0.0295202224	-0.0886939612	0.0263543223	-0.0353721049	-0.0930909696	0.0190090433	0.039583571	0.1012337808	0.0427960049	0.0490911487	0.0290535102	-0.0724055768	0.020585235	0.1504020995	-0.0155915198	0.1321258029	-0.013366328	-0.010561	0.0658759304	0.0127698997	-0.0958139471	0.0520023054	-0.1372147621	0.0895514333	-0.0361311628	-0.0081475436	0.0224993403	-0.0477118036	0.0320294271	-0.0915483215	-0.0536497676	-0.072074574	-0.0266901269	-0.0312232885	0.0138800335	0.1489442831	-0.1284935208	0.02331317	-0.0014295818	0.0250468658	-0.0027442864	-0.0367036561	-0.0052662848	0.0601233535	-0.0332170022	-0.0688867093	-0.0622866486	0.1167844942	-0.0823834091	0.1388865535	0.0339813132	-0.010118384	0.0508292074	-0.0169601078	0.0953262835	-0.0774262986	-0.0627156922	0.0311965699	0.0390297714	-0.0241372284	-0.0882194465	-0.0542688172	0.0707372933	-0.001111592	0.0531258554	-0.1158533676	0.0371422778	-0.0121850501	-0.0779874422	0.0550980554	0.0065334031	0.0263491442	-0.0933792836	-0.0018284676	0.0220077344	-0.0467862037	-0.0745942139	-0.1446897382	0.0093595041	0.1231493111	-0.0487617683	-0.049382237	0.137228088	-0.0172134357	0.0612890317	0.0188682422	0.0592341302	0.1265404211	-0.0333164089	0.0095599444	0.0018406564	0.0218324942	0.0699864702	0.0004960484	0.0055043674	-0.0582420969	-0.0010980669	0.0792708377	-0.0678259428	0.0460623234	-0.0329606422	-0.0328246036	0.0356421475	0.0990970997	0.0031306295	0.0992156009	0.0048022864	0.0469181493	0.0631989102	-0.0091830354	-0.0054769149	-0.0318892872	-0.0024123744	-0.1020580481	0.0905259858	-0.0722612707	0.048622297	0.0	0.0	0.1372167110668272	-0.0311775084302751	0.0009720370319198	0.0188284257959971	0.3274348835575296	-0.0615157872376244	0.0037841920794646	0.1072136029703329	-0.7096889806366562	-0.0699717026523529	0.5036584492370961	0.0048960391720693	0.020667706753546	-0.0010946360033716	1.1982279798775649e-06	0.0004271541024505	-0.0066199343604793	-0.0002918903884729	8.519999888291874e-08	4.382353093705448e-05	0.0080739379215998	-1.0363338090006724e-06	1.073987763677842e-12	6.518847356184729e-05	0.0	0.0	0.0	0.0	0.0	0.0	0.0	0.0	0.0	0.0	0.0	0.0	0.0
58.55677912814851	0.1145980198931937	0.0131327061634408	3428.896381862769	66.7960416585079	0.3542481883400938	4461.711181245123	0.1254917789422386	59.151494487565536	0.0791740921222086	0.0062685368633759	3498.899300112496	60.18825041844549	48.73893895960278	0.904006	31.079575	0.2692445678129702	0.1251367687543216	-0.0255570499	-0.0582526934	0.0815185658	0.0513246711	-0.0647030769	0.1263333572	-0.0210796627	-0.0084179844	0.0612909723	0.0199867264	0.0309252272	0.0301519849	-0.0364633805	-0.0024969925	-0.0641637552	-0.0033261264	-0.0326309129	0.0014838496	0.0336594768	-0.0505211399	0.0259923213	0.0232660308	0.0436770332	0.0742700562	-0.0141239697	-0.0379720914	0.0397750604	0.059946858	-0.0006430956	0.1414009568	0.035557002	-0.0773495851	0.0038139943	-0.0364277257	-0.0675563937	0.044404259	0.1461701715	0.0074449045	-0.0078041139	0.0398719089	0.0082134168	-0.0358150575	0.0901678783	-0.0192422909	0.101941656	0.1345142368	-0.0050661835	-0.0420831481	-0.037503263	-0.012820759	-0.0203566103	0.0578530508	-0.0411723091	-0.1184850096	-0.072665648	0.0816986768	0.005638183	0.0061882079	-0.0668574954	-0.024051184	0.0775345599	0.0504630692	-0.1130893283	-0.0788151636	-0.0112342519	0.0518655253	-0.0899612409	0.0474702016	0.0518094077	0.1210150379	-0.1086532268	-0.0142697395	-0.0392774554	-0.0846535439	-0.0171304272	0.0122216527	-0.008756079	-0.041089004	0.0256931423	0.0276566102	0.0901448561	-0.0592450202	-0.035446822	-0.0135573619	0.1415013299	-0.0021455944	-0.0892222187	-0.0264244211	0.0598725277	-0.0155333918	-0.0353960038	-0.0888159602	0.1083259838	-0.0524130728	0.0611778279	-0.0388278685	-0.0531663667	0.0137437878	0.0553984942	0.1067493419	-0.0382253574	0.1111070313	0.0081850985	-0.0850632507	-0.0752041596	-0.1013393405	-0.1028259874	0.0542093231	-0.0477464033	0.0252829627	-0.0011970614	0.0246816502	0.0465727662	-0.0180256063	-0.0032322266	-0.0034841389	-0.0794296659	0.0745587697	-0.0202683314	-0.0003928667	0.0040112322	-0.0007221246	-0.0152473749	-0.1040489362	0.0467709272	0.0274376569	-0.0140188079	0.0612064751	0.0182523854	-0.0611237588	-0.0015796447	-0.0193419313	0.0283896737	0.1426387672	-0.0325094372	-0.0044129001	0.0458625903	-0.0806697932	-0.0062174609	-0.108418388	0.0386447581	0.0555898	-0.0285781702	-0.1025475623	0.0924157511	-0.0762643048	0.0551452713	0.0	0.0	0.202997005840416	0.0657802947735888	0.0043270471805002	0.0412077843801738	0.3514333878763551	0.0239985043188254	0.0005759282095406	0.1235054261142526	-0.6622789771481052	0.0474100034885509	0.4386134435723405	0.0022477084307844	0.0223396423876094	0.0016719356340633	2.795368764450978e-06	0.0004990596220062	-0.0060561926739053	0.000563741686574	3.178046891812984e-07	3.667746970346423e-05	0.0084793759056025	0.0004054379840027	1.6437995887217386e-07	7.189981574851222e-05	0.0	0.0	0.0	0.0	0.0	0.0	0.0	0.0	0.0	0.0	0.0	0.0	0.0
58.351373539279706	-0.2054055888688069	0.0421914559385413	3404.882793920552	66.92775023955645	0.1317085810485423	4479.323752128448	0.0173471503218204	58.93305921153862	-0.2184352760269163	0.0477139698129551	3473.105468030717	59.98700479869727	48.5129037408797	0.852619	29.312904	0.1309113085549999	0.0644535624221791	0.0019814471	-0.0632852982	0.0196421256	-0.0596530854	0.0330008385	0.1187884273	-0.019735123	0.0313015339	-0.0373701939	-0.0006368672	-0.0216759016	-0.0175519474	0.0329779488	-0.0759560752	-0.085305504	-0.0072468863	0.0891860204	-0.0602523245	-0.0174015006	0.0494539964	0.1481435744	0.1036637843	0.0469672925	-0.0500729495	0.0465048189	-0.0337973978	0.0503900613	-0.0621550316	0.0755755621	0.050500474	-0.0724102913	-0.0408027438	-0.0606688645	-0.004717444	0.0052161876	0.028183872	0.0055234936	-0.0471953102	-0.0118677454	-0.1868567576	0.0712728922	-0.1235112465	0.0171613298	0.0904416936	-0.0933237005	0.030720019	0.0753605194	0.0299720976	0.060258037	0.0257169647	0.0330162771	-0.0939442031	0.0518792616	0.0459087271	0.0029370029	-0.1897995197	0.0168405175	-0.0233072781	-0.0165276284	0.1113988904	-0.0210556517	0.0102678635	-0.0055518567	-0.0282517969	-0.0753208065	-0.1242580719	0.0854024242	0.0432176606	0.0518223304	0.0890180882	0.0027325053	-0.0071746033	0.014672932	-0.0312380865	0.0206721508	0.0525892795	0.1075656959	0.0710057884	0.0024446176	-0.07117868	-0.0429309279	0.0222188089	0.1165628804	-0.0266152336	-0.0794959885	0.021578218	-0.0650768718	0.1255439799	0.1671141428	-0.0676803318	-0.0628075348	-0.0859067796	-0.0179576815	-0.0061062699	0.013112743	0.001463922	-0.0165794349	-0.0323801137	0.0856466485	0.0059842009	-0.0415978921	0.0488595753	-0.1207538954	-0.0581662452	0.0448887991	0.0881638766	0.0850530564	0.0867384418	-0.0222675971	0.1275253307	-0.143404611	-0.0045132665	-0.0955436336	-0.004225214	-0.1150728279	0.0252736013	0.1302299637	-0.0306587506	-0.0936965931	0.0105700288	-0.0051581986	-0.0173681893	-0.0102574846	-0.0132566557	0.0522573195	0.0469837509	-0.0275631961	0.0484979082	0.0528002408	-0.0287223185	0.0520041227	0.0121478077	0.0008997868	0.0577012623	-0.0115315004	0.055495924	-0.0089840863	-0.0166991779	0.0629139908	-0.0085657186	0.0158855752	0.025011728	-0.0521954625	-0.1030051337	0.0941903779	-0.080053581	0.0613935146	0.0	0.0	0.1725488951149003	-0.0304481107255157	0.0009270874467532	0.0297731212053728	0.3579059693391286	0.0064725814627735	4.1894310792239386e-05	0.1280966828885812	-0.6341144353476196	0.0281645418004856	0.4021011171162304	0.0007932414148313	0.0214391309262118	-0.0009005114613976	8.109208921084418e-07	0.0004596363348712	-0.0060598675722352	-3.674898329900436e-06	1.3504877735105015e-11	3.672199499302774e-05	0.0080670407740055	-0.000412335131597	1.700202607491157e-07	6.507714684946725e-05	0.0	0.0	0.0	0.0	0.0	0.0	0.0	0.0	0.0	0.0	0.0	0.0	0.0
58.21841759062063	-0.1329559486590739	0.0176772842838342	3389.384146755886	66.60347467532996	-0.3242755642264825	4436.02283882732	0.1051546415544035	59.03188526845064	0.0988260569120171	0.0097665895247772	3484.763478347519	60.023984710547786	47.593232558384855	0.785305	26.998669	0.030231996817391	0.0149427715709648	0.036306881	-0.0369006243	-0.0163757389	-0.073920989	0.0600680087	-0.0088710074	-0.0349566536	-0.0054702314	-0.0528828201	0.0349572652	-0.0266404617	-0.0153036552	0.0440783113	-0.0354317015	-0.0883703016	-0.1016851092	0.0186734323	-0.0287378209	0.0015710319	-0.0612439949	-0.0449242419	-0.0977519058	-0.041380242	0.0006614453	0.0504672883	0.0639325209	-0.0597889168	0.0222830536	-0.0455701789	0.0622604059	0.0466591088	0.0073012873	0.0366150312	0.0692485597	-0.0705475828	0.0319424419	0.0003947961	-0.0866244906	-0.0483765688	-0.0112584552	0.0157275545	-0.0258444886	-0.0269120401	0.0996271128	-0.027180925	0.0429190616	0.0020136519	0.0748911728	-0.1007848041	-0.0589529386	-0.0150672915	-0.1342406012	0.019267601	0.0421397894	-0.0115876615	0.2139221824	0.0842143997	-0.040315377	-0.0187390727	-0.0620176023	0.0402750496	0.0145467075	-0.1281751003	-0.0580844605	0.0291585419	0.011461636	0.0975562392	0.0435411267	0.0543587868	0.0008510181	0.0294848993	0.0481676051	0.0046921665	0.0253758506	-0.1246390338	-0.0247417318	-0.0235757762	-0.0102621798	-0.0294201826	-0.0981159221	-0.0487301692	-0.0514082062	-0.0217886471	0.0014837129	-0.0008693759	-0.0264165761	0.0148104509	0.1203091979	0.0276989637	-0.0024119613	-0.039525225	0.0356113185	0.0663156246	0.0477264505	-0.0325967786	-0.0346029762	-0.0593944859	0.0552658569	0.0018762954	-0.0189482189	0.0419567371	0.0447522204	0.1056847552	0.0150375734	0.060470839	0.0542475802	-0.0354852432	0.0617756248	-0.0290562253	0.1395514184	0.0251787752	-0.0238327876	-0.102162683	-0.0252621752	-0.0428931602	0.0215699387	0.1003457705	0.1764520124	0.1641597108	-0.0042150456	-0.0342054711	-0.0139837145	-0.0178438356	-0.0164027047	0.0348169501	0.0371811115	0.0028133676	0.025490764	0.0529021546	-0.0128120713	0.0207572922	0.0001907212	-0.0611844678	0.0936681759	-0.0099760431	0.0012676006	-0.0137941585	-0.0740803041	-0.0203753256	0.0009529016	0.0025647476	0.0228710176	-0.0437995889	-0.1034306197	0.0958476552	-0.0836184785	0.0673358985	0.0	0.0	0.1814090094411398	0.0088601143262395	7.85016258740346e-05	0.0329092287064155	0.3604720882051282	0.0025661188659996	6.584966034439132e-06	0.1299401263749657	-0.6283605848515776	0.0057538504960419	0.3948370245950167	3.310679553080202e-05	0.021615966292281	0.0001768353660691	3.1270746692827775e-08	0.000467249998749	-0.0061411438910146	-8.12763187793995e-05	6.605839994330567e-09	3.771364829014594e-05	0.0080699673517391	2.9265777336008603e-06	8.564857230808348e-12	6.512437305813498e-05	0.0	0.0	0.0	0.0	0.0	0.0	0.0	0.0	0.0	0.0	0.0	0.0	0.0
58.12912037030213	-0.0892972203184996	0.0079739935566106	3378.9946350250743	65.61832297155274	-0.9851517037772196	4305.764309599006	0.9705238794551588	58.98444238687907	-0.0474428815715697	0.0022508270118139	3479.164443691056	60.02239069645031	47.30099106721423	0.908839	31.245726	0.4559984191167394	0.2378137008341848	0.03677395	-0.0638796437	-0.0613513383	-0.0780110056	-0.0182620763	0.009663314	-0.0471640357	0.0409427727	-0.2060391856	-0.0991788077	0.1104407809	-0.0252241361	0.1085732558	0.113466072	-0.1195257784	-0.0553244474	0.0624620259	0.1878546791	0.0136704179	-0.0574630284	-0.111808358	0.0546295211	0.0836131933	0.0165604563	0.0328651648	-0.0725400895	-0.0185444387	0.0251149659	0.122136589	-0.0041425447	-0.1216717491	0.0379469219	-0.0630953767	-0.0969160674	-0.0097130276	0.0390605076	-0.0906722015	0.051779653	-0.0259386819	-0.0153007875	-0.0990170356	0.0956428815	0.067451011	-0.0694899974	-0.0445922841	-0.0454984017	-0.0997421822	-0.0182324936	0.0136917654	-0.0482775006	0.1206074188	-0.1006900271	0.0665040878	-0.0794488628	0.0414099615	0.0293295345	-0.05834868	0.0465986028	-0.0323649599	0.1615121084	0.0158205639	-0.0132685225	0.0157313326	0.0430729379	-0.0751362976	-0.0203282454	0.0092986417	-0.102161603	0.0927840972	-0.1173811235	0.0772720511	-0.1278732759	-0.125519653	-0.1479217273	-0.0028583316	-0.0681521359	-0.0011431282	0.0524155951	-0.0792690101	0.05350774	0.0211012381	0.0271125842	0.0783720356	-0.0081349163	-0.0159626375	0.0601533766	0.0512174933	-0.0168824263	-0.0267601331	0.0836611085	0.002831301	-0.0064929259	-0.0535569156	0.0102872686	-0.1032591797	0.1335761788	-0.0019747326	0.0955024772	0.078133781	0.0155560885	0.0333132299	0.0177285708	-0.0804020458	-0.0517782456	0.1138142024	0.0158107853	0.0946858621	-0.0179486407	0.0218057304	-0.1207163111	0.1387947328	-0.0438315321	-0.121608315	0.0607603527	0.1406537021	-0.0121406716	0.0238995105	0.0025883125	-0.0543860581	-0.0733962986	-0.0569070047	0.0812682766	0.0574174289	0.137492887	0.1321361279	0.0234956692	0.1522935402	-0.017595596	-0.0590512237	-0.0717464757	0.0591866381	-0.0199671911	-0.0315499935	-0.0061768919	-0.0383932887	0.0765024058	-0.1044488582	0.1229990805	0.0681049199	0.1572423805	0.0255873916	0.067468538	-0.084630744	-0.1038238878	0.0973855183	-0.0869490055	0.0729428184	0.0	0.0	0.1469219838852211	-0.0344870255559187	0.0011893549316945	0.0215860693487691	0.4479946238175785	0.0875225356124502	0.0076601942400326	0.2006991829694536	-0.763494023788283	-0.1351334389367053	0.5829231243604233	0.0182610463188602	0.0247150074758056	0.0030990411835246	9.604056257181566e-06	0.0006108315945291	-0.0069790216940275	-0.0008378778030129	7.02039212781724e-07	4.870674380570647e-05	0.0081101567454349	4.018939369579942e-05	1.6151873656359623e-09	6.57746424355232e-05	0.0	0.0	0.0	0.0	0.0	0.0	0.0	0.0	0.0	0.0	0.0	0.0	0.0
58.33883378555343	0.2097134152513007	0.0439797165363644	3403.419527458431	66.48135139195193	0.8630284203991891	4419.770082900189	0.7448180544167196	59.25612420566371	0.2716818187846428	0.0738110106581315	3511.288255877045	60.23130251610682	47.72019618121157	0.957485	32.918179	0.1851478915804133	0.1159254203022812	0.0281819608	-0.0520791333	-0.1000479315	-0.0268807621	-0.0680106265	-0.0410803118	-0.0338624844	-0.1209971264	0.0050439915	-0.0719124407	-0.0287158496	0.2238716621	0.0066206417	0.0143938694	-0.0193120309	-0.06068892	-0.0809756544	0.0566500355	0.062575377	-0.0138688754	0.1214465935	-0.0469132968	-0.0649179177	0.0435345145	-0.0126281413	-0.0303301025	0.0335176232	-0.0414448874	0.0238430194	-0.0089938269	0.0200813732	0.0095952835	0.0978569411	-0.1327702216	-0.0037469336	0.0864752558	0.0031088038	0.0386149145	-0.0181585236	0.0198831199	0.0286597498	-0.0377698581	0.0669753563	0.0906409185	-0.1507765433	0.032229796	0.0382076086	0.1326042157	0.0164853405	-0.1381248938	-0.0114040119	0.0774569806	0.1551526063	-0.0146438783	0.1673290294	-0.0219805849	0.1007091797	-0.0672308651	-0.0048130502	0.0840646036	0.0513616902	0.0453594411	0.1230961169	0.0159426791	0.0872982731	-0.0969938882	0.0539245348	-0.0310460944	0.0711083724	-0.0560276069	-0.0269577912	0.0365793115	-0.0778257161	0.1704797268	-0.0833431295	0.0068336312	0.0245636195	0.0141941107	0.1239179004	-0.0545569432	0.1616100943	-0.0103799275	0.0938001686	-0.1074968637	-0.0764184507	0.0581802646	-0.0309053424	-0.0147831071	0.0238867266	0.0524678325	0.0515851708	-0.0315364802	0.1544943371	-0.0364525133	-0.1829399444	-0.005323968	0.0004166016	-0.0110362029	-0.0114751114	-0.071853912	-0.0764626755	0.0365030142	-0.0336508514	-0.0166469642	0.0438305017	-0.1045368111	0.0950395053	0.0657874596	-0.0351014484	0.109736963	-0.0022970286	0.0194957445	-0.1098426501	0.0111544585	0.0209172573	0.0468433908	-0.0834700089	-0.0727452844	0.0814950687	-0.0884114151	-0.0365472719	0.09675449	0.0065471051	-0.0799232955	-0.0155884311	-0.0645561252	0.082738671	-0.0223768203	-0.0977785694	0.0412276102	0.1773129331	-0.0865249266	-0.0482334795	0.0093283993	-0.1018083729	-0.0259910187	0.0522836217	0.0119394128	0.0013634028	0.0475602542	-0.0414098172	0.0438050475	0.0214956839	-0.1041848154	0.0988020511	-0.0900358269	0.0781863408	0.0	0.0	0.1654049166643858	0.0184829327791647	0.0003416188041191	0.0273587864567524	0.4578739018364217	0.0098792780188431	9.760013417359837e-05	0.2096485099829091	-0.7513693975608575	0.0121246262274254	0.5645559715909659	0.0001470065611547	0.0267768279857981	0.0020618205099924	4.251103815425727e-06	0.000716998516981	-0.0061547756292588	0.0008242460647686	6.793815752866876e-07	3.788126304651806e-05	0.0081030022290965	-7.154516338399655e-06	5.118710403642761e-11	6.565864512474285e-05	0.0	0.0	0.0	0.0	0.0	0.0	0.0	0.0	0.0	0.0	0.0	0.0	0.0
58.27187989619578	-0.0669538893576557	0.0044828233001172	3395.6119866366657	67.16040035174129	0.6790489597893554	4510.519375406171	0.4611074897910056	59.1174581923834	-0.1386660132803072	0.0192282632390543	3494.8738631281994	60.126995096595415	47.61136753789328	0.884849	30.420956	0.0974594648482926	0.0569580362076936	0.025492144	-0.0582354939	-0.0228479853	0.0859530141	-0.0888564192	-0.0213458341	-0.002295124	-0.1234019242	0.02287729	0.0624809908	-0.0843627226	0.1607591253	0.0161796403	-0.0045082172	0.0153686245	-0.0236641616	-0.0050514008	-0.0273632808	0.0294941897	-0.0557150703	0.0149921621	-0.0946982876	-0.0635519907	0.0689627635	0.0565883165	-0.0055756714	0.042027022	-0.1099783972	-0.0176261247	0.0559524192	-0.0536340613	-0.0120898664	0.0991999333	0.0335325461	-0.1001235474	-0.0834250321	0.0181059317	0.0195768786	0.0514524202	0.0605212456	-0.0151602	0.0358050705	0.0333510532	0.0075724842	0.1339706402	-0.1149836368	-0.0950892953	0.0541238977	-0.0515127883	-0.0183414259	-0.0181412901	0.0186445415	0.0259066787	0.0040280607	-0.0231532167	-0.0490945743	0.0445195092	-0.0877033334	-0.0655154296	-0.0249603321	-0.0448632223	-0.0486979706	-0.0340611903	0.0512161891	-0.0423213111	0.0008369912	-0.0356736292	0.0568387202	0.0368942608	-0.0710035753	0.0236312623	0.0525480547	-0.0477690414	0.0922998364	-0.0799218826	-0.0061183657	-0.0172143455	-0.0105593031	0.0155957233	0.0897676851	0.0177594918	-0.0126893975	-0.0659393756	0.0827743609	-0.0700513047	-0.013341003	-0.0179513314	0.119692445	-0.1308414603	0.0740346458	0.0126934544	-0.0871561901	0.01156361	0.0680425965	0.0518982169	0.0996173403	-0.0404126067	0.0256370324	-0.04307966	-0.0667814177	-0.1668217979	-0.0020979509	0.0754231585	0.0968868841	-0.0263915409	-0.0794314629	-0.0203860884	-0.0195165027	-0.03698358	-0.0430107814	0.0193306499	-0.0218312659	0.0323721196	0.0230023193	-0.0771999101	0.0916346003	-0.0811096314	0.0523755118	0.0073650192	-0.0791570023	-0.0437126545	0.089537959	-0.0177092929	-0.0485580665	-0.0117014185	-0.0138034246	0.0733264224	-0.0673761027	-0.1666990615	0.0290684648	0.1779593294	-0.0163003605	0.0283424264	0.0436289731	-0.1710378257	-0.114613189	0.0062364094	0.0435585646	-0.0046398674	0.0068350983	0.0209575993	0.0145638976	0.0625825397	-0.1045132902	0.1000954889	-0.0928702909	0.0830403428	0.0	0.0	0.1627474094975127	-0.0026575071668731	7.062344341981902e-06	0.026486719298151	0.4776935983088037	0.019819696472382	0.0003928203682573	0.2281911738652127	-0.707084180667735	0.0442852168931224	0.4999680385505621	0.0019611804352709	0.0268722967432634	9.546875746530016e-05	9.114283651968304e-09	0.000722120332258	-0.0056991402024704	0.0004556354267884	2.0760364214464745e-07	3.248019904741435e-05	0.0080401655270319	-6.283670206460104e-05	3.948451126355437e-09	6.464426170207214e-05	0.0	0.0	0.0	0.0	0.0	0.0	0.0	0.0	0.0	0.0	0.0	0.0	0.0
58.31484477122152	0.0429648750257456	0.0018459804859779	3400.6211206916623	66.40730100793388	-0.7530993438074063	4409.929627158336	0.5671586216431459	59.02684833393807	-0.0906098584453332	0.0082101464474833	3484.168824237727	59.99305835601463	47.91124777722438	0.906337	31.159702	0.3320185287281009	0.191072541832098	0.0199504178	-0.0177929249	-0.0154384902	0.0557064826	0.0078566877	0.0425017894	-0.0564555628	0.0140596344	0.106954402	0.0659329514	-2.49059e-05	0.0090532872	-0.08758717	-0.0024004393	-0.0649298661	0.0411346945	0.0954043623	-0.0490515094	-0.0543342785	0.0905171749	0.0471088469	-0.0809653877	0.0539021495	0.0585830367	-0.0382429301	0.0374677608	0.0929048879	-0.0181043308	0.0219080471	-0.008491636	0.0149984087	0.1181981378	-0.000527065	0.0227232459	0.085859738	0.0360932576	-0.0133379181	0.007939498	0.0672705169	0.0044127159	0.080568216	-0.0953746223	-0.0824621123	0.016848108	-0.064446523	-0.087692405	-0.0523435475	-0.098015341	0.0678232541	-0.0536540179	0.0481521484	0.0298664785	0.0328554212	0.0975048611	0.0949277766	0.0650272434	-0.002827317	-0.0179414158	-0.0237271337	-0.0128651892	0.0146507878	-0.0011579605	-0.0064594515	-0.0323750945	0.0670164754	0.0565078954	0.0500889388	0.018280916	0.0139402278	0.1304146523	0.0416665182	0.0146756369	0.0365329333	-0.0073667715	-0.0988580216	-0.0072530096	9.62074e-05	0.0001984006	0.0564558705	0.0315109219	0.0211453699	-0.0519849075	0.0894228958	0.0611914439	-0.0884626657	0.0091093686	-0.1002673414	-0.0131177568	0.0830027815	-0.0180895706	0.0491551816	-0.0350595508	-0.0711994782	-0.010355217	-0.0588218213	-0.0110408655	0.048050526	-0.0749593547	0.0756693165	0.0218652568	-0.1094765106	-0.0444515166	0.0587641186	0.0805367227	0.0246751432	0.0650475305	-0.013153732	-0.0230514103	0.0645733793	0.0449709165	0.0071890601	-0.0766315382	0.0295185576	0.0546816614	0.0073804511	0.0473413796	0.0034525727	-0.1017957549	0.0783807858	-0.033296124	-0.0295209168	0.0086894642	-0.0598126426	-0.0680718762	-0.0454934329	-0.0035763254	-0.0354072725	-0.0422455663	-0.0279392513	-0.0245838162	0.0451100774	-0.0050774396	-0.0453279215	-0.0072253921	0.0112209092	-0.0195416926	0.0023226146	-0.0234446379	0.0727855479	-0.0342211904	0.0178205282	0.0135274123	0.007369461	-0.1048092098	0.1012642201	-0.0954444529	0.087480642	0.0	0.0	0.1588212929442249	-0.0039261165532878	1.5414391190000567e-05	0.0252242030924753	0.4462009761744383	-0.0314926221343653	0.0009917852488979	0.1990953111390216	-0.6105144854783973	0.0965696951893377	0.3727279369789521	0.0093257060289616	0.0238074985931148	-0.0030647981501485	9.392987701154274e-06	0.0005667969892611	-0.0065478493859782	-0.0008487091835077	7.20307278170476e-07	4.2874331581455086e-05	0.0081272600903977	8.709456336580129e-05	7.585462967879576e-09	6.605235657697123e-05	0.0	0.0	0.0	0.0	0.0	0.0	0.0	0.0	0.0	0.0	0.0	0.0	0.0
58.41277594941304	0.0979311781915157	0.0095905156619784	3412.0523941163265	66.86572608978452	0.4584250818506348	4471.02532551409	0.2101535556697612	59.00214418500555	-0.0247041489325212	0.0006102949744801	3481.253018428184	59.96887511082142	47.96847358311255	0.8686899999999999	29.865421	0.1754314033561141	0.125131319363752	0.0142309161	0.0150912611	-0.0205849186	-0.0353491033	0.0128832949	0.0277780294	0.0252881478	0.0200094491	-0.1021868556	-0.0139662193	-0.0609548619	-0.0408155091	0.080612343	0.0626249272	0.0498390239	0.0219525873	0.0918575884	-0.0242044477	-0.0044631054	0.0160470779	-0.0659335958	0.0700451584	-0.0348080951	0.0073171968	0.046999798	0.0934559678	0.0329149394	0.020721678	-0.0697453956	0.0088175108	-0.0506038842	-0.0851045583	0.1565430697	0.045461371	-0.0517240713	-0.05503082	0.0319377644	0.1976947654	0.0348494474	-0.0225080134	0.0460289523	0.0039479004	-0.0812812689	-0.050860915	0.0384496907	0.0659113118	-0.043001884	0.0103423636	-0.0852723172	0.1057317085	-0.0417042267	0.0953184053	0.0240256578	0.0109948826	-0.095910626	0.1436143602	-0.0920968738	-0.0158359299	-0.159308233	-0.0302756984	-0.0778248158	-0.0890939225	0.0196864104	0.1221695939	-0.0091995934	-0.0717965619	-0.0756886203	-0.0695055209	-0.0016069793	0.0009693526	0.0723143874	-0.0412298235	0.0085106086	-0.0673279135	0.0393286986	0.0891753261	-0.010642067	0.0260994316	-0.0600868812	0.0284544257	0.0242548007	-0.0361585812	0.0184546606	0.0183805803	0.1265225221	0.0028548674	-0.0892675125	0.2233271032	-0.074171772	-0.0184150676	0.134859346	0.0046536278	-0.020346907	-0.0803708944	0.0773335723	0.0567076151	0.0083735045	-0.1691711983	-0.1147204172	0.0476897471	-0.0242631148	-0.0230032566	0.0380571015	-0.0046433808	-0.1398414756	0.0172090489	-0.0536615158	-0.0430436256	0.0325746606	0.0559746909	0.014448596	0.0614470094	0.0623450318	-0.0403865851	-0.0890443778	0.0097840569	-0.0507451387	0.0683232814	-0.0477491735	-0.0013626989	-0.0091223126	-0.0124676569	0.0057965151	0.0231330441	-0.0116587743	-0.0033186933	0.0274724683	-0.0012510425	-0.0037743386	0.0242552343	-0.0185348614	0.0047231182	-0.0223090004	0.0076788622	0.0021174207	0.0503486024	-0.0601886288	-0.0348087108	0.0502857534	-0.0031967037	0.00379544	0.0099943647	-0.0537656295	-0.1050724821	0.1023067888	-0.0977510977	0.091485117	0.0	0.0	0.1587102973425089	-0.0001109956017159	1.232002360029362e-08	0.0251889584825475	0.4017330853650804	-0.0444678908093579	0.0019773933130329	0.1613894718769469	-0.6123503123495624	-0.0018358268711651	0.3749729050346066	3.370260300891932e-06	0.0215942696158619	-0.0022132289772529	4.898382505751923e-06	0.0004663124802425	-0.0068340927176453	-0.0002862433316671	8.193524492388158e-08	4.670482327337252e-05	0.0080463985978402	-8.086149255749978e-05	6.538580978626591e-09	6.474453039532475e-05	0.0	0.0	0.0	0.0	0.0	0.0	0.0	0.0	0.0	0.0	0.0	0.0	0.0
58.36187742373879	-0.0508985256742491	0.0025906599158121	3406.108736423512	66.39875442889627	-0.4669716608882481	4408.794589708872	0.218062532072729	59.02890545866784	0.026761273662295	0.0007161657680282	3484.4116796483463	59.88603563796719	48.11431340649972	0.860761	29.592831	0.0630898878833223	0.0336759398379053	0.0077798431	0.0093442317	0.0588319178	0.0880464312	-0.008879806	-0.028389133	-0.0079430241	-0.0164840055	0.0330159425	0.0343706181	-0.0160424469	-0.0164918385	-0.0543947894	-0.0189330588	0.0611625882	0.0015430523	0.0667263143	-0.0739570858	0.0012133581	-0.1036146502	-0.0853561207	-0.1398809056	-0.0180971482	0.0339198554	-0.0745038002	0.0243753673	-0.0214765313	-0.1468095039	-0.0994057666	0.0093227158	0.0545440837	-0.0696611365	-0.0743597156	-0.0423586894	-0.0676462023	-0.1489306263	-0.0410117591	-0.0913386706	-0.1761213024	0.0618616746	0.0161168671	0.1045551419	-0.0486999184	0.0556981681	0.0999297123	0.0212567802	-0.0548182549	0.0084874209	-0.0414174337	-0.013131465	-0.0788155421	0.0145821984	0.0818088353	0.0314531151	0.0130370482	-0.0540870157	-0.029070768	0.018953658	0.0549368599	-0.0097221331	-0.0959997332	0.1355035441	-0.0768882536	-0.0420761263	-0.0598594392	0.0891098855	-0.0027142052	-0.0142230481	-0.0343465672	-0.002455362	0.0824604057	0.0349408063	0.0119890691	0.0305261916	-0.1153073593	-0.1418857806	-0.0245050937	0.0075363074	-0.0254144094	0.0549007698	-0.0674748073	0.027204333	-0.1275519134	0.1729215281	0.0213527448	-0.0414649819	0.1372211876	-0.0531239546	-0.1019503501	0.0775711185	-0.1328256252	0.0359205731	-0.0019843447	0.0188925634	0.0380141771	0.0549814441	-0.0132857819	-0.0385878855	-0.0967316843	0.0134454373	-0.0421988312	0.1920624558	0.1013503164	-0.0042745315	-0.0841282557	-0.028311438	0.0268708279	-0.0221739749	-0.0574474886	-0.0015037872	0.0123206779	-0.0065918248	0.0170365593	-0.0275161343	0.0047298376	0.0009710067	0.0618025252	-0.0025183737	0.0138771479	0.0093671339	-0.0038454659	-0.0199478818	-0.0201791182	0.0021908226	0.0042184642	-0.000492598	0.0023464735	0.0247570889	-0.0695437078	0.038264611	-0.0805880091	0.0410430148	0.0670192426	0.0170753845	-0.071735821	0.022017402	-0.0029810255	0.0042083684	0.0063923019	-0.0581266283	0.0748465709	-0.0161623749	0.0134385003	-0.105303025	0.1032218959	-0.0997837604	0.0950338178	0.0	0.0	0.1799194567206399	0.0212091593781309	0.0004498284415269	0.0323710109066502	0.4068148016675081	0.0050817163024277	2.5823840578359532e-05	0.1654982828557739	-0.6132596817411411	-0.0009093693915787	0.3760874372492456	8.269526903402279e-07	0.021583156670682	-1.1112945179900248e-05	1.2349755057146813e-10	0.0004658326518712	-0.0063031629649847	0.0005309297526605	2.818864022602458e-07	3.972986336315472e-05	0.0082221487562234	0.0001757501583831	3.08881181717197e-08	6.760373016946601e-05	0.0	0.0	0.0	0.0	0.0	0.0	0.0	0.0	0.0	0.0	0.0	0.0	0.0
58.33750176381627	-0.0243756599225193	0.0005941727966583	3403.2641120432663	66.06468401510317	-0.3340704137930999	4364.5424740154285	0.1116030413718929	59.08687309457474	0.0579676359068983	0.0033602468126347	3491.2585720943807	59.98522398353967	48.2117584565702	0.841095	28.916708	0.0887760780853166	0.050255476282276	0.0116654766	0.0159740196	0.035368295	0.0474839027	0.052014865	0.0455809885	-0.0488820298	0.0657219326	0.0645406081	0.0352129544	0.04390728	-0.0820684644	-0.1293280899	0.0139928072	-0.0622382853	-0.0137965216	-0.0104535677	-0.0239598806	-0.0107437001	0.0352315434	-0.110384738	0.0177333593	-0.0295851295	0.0504281241	0.0652707923	-0.1501977042	-0.0782791286	0.0362022759	0.1360621649	0.004537415	-0.0301805475	0.0216284631	-0.0463421249	0.083255128	0.1136295427	0.0768184083	0.0061913463	-0.0079850237	-0.0730711881	-0.0013160681	0.0358247636	0.013902729	0.0681101447	0.0646801709	0.0385546914	-0.1308124257	0.0337804009	0.0286310786	-0.0228847123	0.0926393943	-0.0303712538	-0.0729616233	-0.0720314447	0.0472039604	-0.0587061216	0.1461335775	0.0044679015	0.0106450392	0.0834623958	0.0458623555	0.0477541127	0.026654935	-0.0415079064	-0.0501716177	-0.1690296315	0.0294805457	-0.0616556234	0.0873888951	-0.012094059	0.0890739619	-0.0525146467	-0.0133409312	0.0310316534	-0.0716284432	-0.0006757088	-0.0378003241	0.0358291699	-0.0619652359	0.0215803732	-0.0462441074	-0.04190303	0.0278438523	0.0955948189	0.0324353678	0.1423762329	-0.0673873159	-0.0053877213	0.0161655415	-0.0090000069	0.017928193	-0.0300209419	-0.0604281387	-0.1176370801	0.0885932166	0.1171068461	-0.046024768	-0.1036077863	0.2018046915	-0.0469006787	-0.0478714897	0.0385639624	-0.1194572144	-0.0083948855	0.0508284408	-0.0090923435	0.0757720153	0.0052549503	0.0203214377	-0.1254005538	-0.0596867887	0.090562164	0.0113150471	-0.0009284184	-0.0170665157	0.0484101649	-0.0294050518	-0.0176507023	0.0771291062	0.0834856425	0.0121165191	-0.0063341802	-0.0180481608	-0.001916591	0.0364023717	0.0552252182	0.0132621809	0.067087233	0.0504863848	0.0686624371	0.010325695	-0.0238694487	0.0108577103	-0.0071474991	0.0612888653	0.0154186812	-0.0017215457	0.0282969162	0.011044764	-0.0233359401	-0.019517982	0.0543260152	-0.0731389154	0.0110840394	-0.1055007667	0.1040084014	-0.1015367435	0.0981090648	0.0	0.0	0.1811102300263201	0.0011907733056802	1.4179410655205735e-06	0.0328009154201865	0.3864307556470692	-0.0203840460204389	0.0004155093321633	0.1493287289099649	-0.6148363795012486	-0.0015766977601074	0.3780237735582034	2.4859758267279848e-06	0.0212908752700277	-0.0002922814006542	8.542841716843932e-08	0.0004533013697638	-0.0060372904875896	0.0002658724773951	7.068817423620816e-08	3.6448876431539865e-05	0.0089764860981558	0.0007543373419323	5.690248254336383e-07	8.057730267038435e-05	0.0	0.0	0.0	0.0	0.0	0.0	0.0	0.0	0.0	0.0	0.0	0.0	0.0
58.36591431078069	0.028412546964418	0.0008072728250052	3406.579953333394	66.4645786882726	0.3998946731694275	4417.540220209579	0.1599157496292832	59.08756497899453	0.0006918844197869	4.787040503439368e-07	3491.3403351469005	59.93707403760316	47.9476581621051	0.85356	29.345245	0.1609202359178114	0.0837447821993596	0.0036528427	0.0522464145	-0.0439022584	0.0033160931	0.0046724885	-0.0305538836	0.0326718416	0.0827592136	-0.0663255108	-0.0061167128	-0.0692606403	-0.0905669686	-0.0470321829	0.0115504366	0.0794118786	0.030687787	-0.0057613578	-0.011634262	-0.0243377475	-0.0976699083	0.0302871981	0.0706473507	0.0239346143	-0.0212202969	-0.0051343439	-0.0227988352	-0.1100358048	0.1545382963	-0.0087796885	-0.085657546	0.0005780656	-0.0578293345	-0.0362481111	-0.0589832443	-0.0530210077	0.0202167119	0.0742079605	-0.1637115303	0.032439544	-0.0133792527	0.0026635607	0.0773466443	-0.0117469253	0.0342849423	0.0668492066	0.0856436781	-0.0450680923	0.062894243	0.0601860461	-0.0352469219	0.0275367829	-0.0361036911	0.0359510638	0.0101402604	0.0369624681	-0.0788204543	0.0736103481	0.0276693055	0.0216829565	-0.0662242263	0.0501749123	0.0734892189	0.0066202974	0.0492273231	-0.0645794991	-0.067259536	-0.096546784	-0.09646935	-0.0368555213	0.0383096988	0.0169574729	-0.0273183282	-0.008789832	-0.0071884871	0.0994209716	0.0790926968	-0.0298288061	0.009604256	-0.0093995286	-0.0305815316	-0.0602397859	-0.0331637284	-0.0463948423	-0.0862196257	0.0754153214	0.0475734365	0.0477581483	-0.0469762394	0.0024211126	-0.1108220024	-0.0334759179	-0.0242459979	-0.0426249262	0.0841529008	-0.1385004774	-0.0274716291	0.0545904472	0.0399609037	0.0073606728	-0.0279778358	0.0582375764	0.1172907991	0.1026260432	0.0306609162	0.0477689697	-0.12799902	0.1027410677	0.0519923002	-0.0442059897	0.096814615	-0.0312510489	0.0929979874	-0.014706461	-0.099047867	-0.0221530033	0.0147964825	-0.1033081699	-0.0463422311	-0.1031689086	0.007018359	0.0073272681	0.0014180281	0.0229241203	-0.0058758489	0.0205324993	-0.0734629142	0.0654394352	0.106371315	0.0877181449	0.0392773879	-0.0268750958	-0.0170643727	-0.0317980829	-0.0824020625	0.0385700303	0.0210082479	-0.1192526439	0.0360954871	-0.0210967985	0.0138418775	-0.032805007	-0.0270875939	-0.0591936543	-0.1056656457	0.1046653254	-0.1030051337	0.1006955375	0.0	0.0	0.1691022009721763	-0.0120080290541438	0.0001441927617651	0.0285955543736343	0.373363516359646	-0.0130672392874232	0.0001707527425947	0.1394003153484396	-0.6778963191820679	-0.0630599396808193	0.4595434195605961	0.0039765559925485	0.0215395598634625	0.0002486845934348	6.184402701183194e-08	0.0004639526391116	-0.0063053149828806	-0.000268024495291	7.183713007599552e-08	3.975699703333858e-05	0.0080374946289731	-0.0009389914691826	8.81704979197885e-07	6.460131991077143e-05	0.0	0.0	0.0	0.0	0.0	0.0	0.0	0.0	0.0	0.0	0.0	0.0	0.0
58.315237199114826	-0.0506771116658626	0.0025681696467943	3400.6668895890257	65.70392858521622	-0.7606501030563777	4317.0062315311925	0.578588579279678	59.08822352488359	0.0006585458890597	4.336826879975369e-07	3491.418159326606	59.87204717617912	48.22381277407182	0.8382859999999999	28.820127	0.1223577813804254	0.0638260699396746	-0.0086374247	0.0769030947	-0.057411224	0.0325551488	-0.0101656316	-0.0554582226	0.0117816363	0.0496732435	0.1330509687	0.0140331671	0.0299699748	-0.0716757851	-0.1705110601	0.1238932352	-0.0299322603	0.0443119136	0.0283098662	-0.0665357857	-0.0057266262	0.0692473867	0.0682612022	-0.0702116772	-0.0614375338	-0.0231817709	0.0764700196	0.126376051	0.0118581606	0.0490820991	0.0149941897	-0.0734985474	-0.020695174	0.0602203716	0.0193035866	-0.0176208577	0.0042395803	-0.1021347108	0.053661253	0.0072707559	0.0440320187	-0.1157514973	-0.1369288461	0.0074802989	-0.0436396309	-0.1869970469	-0.0321314181	0.0142671515	0.0650566264	-0.0370583574	-0.0106211217	-0.0727311979	-0.003899084	0.0364961061	-0.107761013	-0.0288974393	0.1161153137	-0.0504939389	0.0481001758	0.1400060189	0.0687558514	0.0946134212	0.1716310182	-0.047426749	0.1117954424	0.0065942165	-0.0341189684	0.1500277447	-0.1442653347	-0.0696182287	-0.0960626407	0.0401157004	0.0242318403	0.0300448061	0.0449357507	0.1174481344	-0.0155319345	0.0811571532	0.0156649952	0.060759476	0.0552290507	0.011208346	-0.0232853303	-0.0380429912	-0.1117487259	-0.0305511075	-0.0712483267	-0.0651589178	-0.0527172516	-0.0539723356	-0.0857341558	-0.040838259	0.0943284879	0.0598033079	-0.0429055248	-0.0663448242	0.0409345265	-0.0160252943	0.0710398712	-0.0395892617	0.0760221455	-0.0832352123	0.1347034253	0.0447759579	-0.0887012633	0.0075586218	-0.0266428715	-0.0075548872	-0.0221668186	0.0202933482	-0.0361501319	-0.0845334869	-0.034575372	0.0420495682	-0.0986644645	0.0064417088	0.1726479632	-0.0547441024	-0.0765949813	-0.0396815347	-0.1272231042	-0.0067707566	0.0265441133	0.0205393496	0.0104619105	-0.046245658	-0.0647681544	-0.1387231201	-0.0425800584	0.0041096696	-0.0224937455	0.1332948936	-0.0228288013	-0.0950595994	-0.1023337921	-0.0228983537	0.1642145561	-0.0277643208	-0.0776067993	-0.0497552202	0.0172979845	-0.0091660526	0.062075623	-0.0574066807	0.022858673	-0.1057976105	0.1051918494	-0.1041848154	0.10278035	0.0	0.0	0.1242159109422971	-0.0448862900298791	0.0020147790326464	0.0154295925312246	0.4064171362088444	0.0330536198491984	0.0010925417851353	0.1651748886041983	-0.6859379018314158	-0.0080415826493478	0.470510805168885	6.466705150629231e-05	0.0218553419566483	0.0003157820931857	9.971833037680525e-08	0.000477655972042	-0.0062848344641206	2.048051876000004e-05	4.194516486787135e-10	3.949914424139807e-05	0.0076462314638789	-0.0003912631650941	1.5308686435953108e-07	5.846485559921167e-05	0.0	0.0	0.0	0.0	0.0	0.0	0.0	0.0	0.0	0.0	0.0	0.0	0.0
58.46982875281663	0.1545915537018061	0.0238985484759384	3418.7208743837027	65.97859755759588	0.2746689723796578	4353.175335667196	0.0754430443880972	59.158362238633245	0.0701387137496567	0.0049194391664562	3499.711822757348	59.88457677101737	48.56462907036983	0.875239	30.090565	0.2440801578645067	0.1292222068088118	-0.0232282274	0.0953831425	-0.0123517539	-0.0054920473	0.0428985212	-0.0987785613	0.1086666951	0.0915465357	-0.0839352781	-0.0902081734	0.034574515	-0.1896560005	0.137169804	0.1040980224	0.092972723	0.0754514241	-0.0535256986	-0.0168390384	0.0169968601	0.0256321955	-0.0286476265	0.0268942761	-0.0810460007	-0.0729150901	-0.0111529917	-0.1199680098	-0.011581352	-0.2000787938	0.0324323754	-0.0304477269	0.0434905579	-0.0241630556	-0.0491836011	0.0504722987	0.0006974766	-0.0172373084	0.0482868821	0.0236466179	-0.0322968205	-0.0185392166	-0.0479649746	0.0134338982	-0.0686173562	-0.0554423397	0.0381190568	0.0125362489	0.0554489037	-0.2006787256	0.0344624595	0.1212678555	0.0862318333	0.0785750512	0.1032372549	-0.1182292019	0.1692440839	-0.0095058494	-0.0922757089	-0.0878559403	-0.0324100925	-0.0477632176	0.0462536949	-0.088965947	0.0946739553	-0.0516243396	0.0614844926	-0.0021471287	0.0095516869	-0.0425553051	-0.1273520615	-0.1094526351	-0.0013979932	-0.0180973386	0.0839100553	-0.0639637484	0.0329749226	0.0627672589	-0.0011663903	0.0513033767	-0.0037280386	-0.1695644	-0.0356672523	0.2012494533	-0.0883311166	0.0724752237	-0.0204289726	-0.0365530665	0.028033645	-0.0390220623	0.0054615126	0.0231532964	-0.0563009883	0.0026643413	-0.0317733073	-0.0072918245	0.0842558074	0.1303968645	-0.0263206259	-0.044518507	0.0504959658	0.0211286951	0.0242751398	-0.008141557	-0.1012049025	-0.0407589772	-0.0080302722	-0.0073236297	0.0616555966	-0.0560807616	0.1287508104	-0.1537474042	-0.1279524098	0.0340054806	-0.0005955489	-0.0673451899	-0.0485885623	0.0353035801	-0.1617248624	-0.0557338195	0.0020714178	0.0356749693	0.0282123414	-0.0383400012	0.014089811	0.0530231816	-0.0047452176	-0.0839994688	0.0004683923	0.02754711	0.0628929163	0.1033939555	-0.0024059397	-0.0638492304	-0.0410031747	-0.0402556769	0.0481473411	-0.0176716616	-0.0959559179	0.0173507917	-0.0692547037	-0.0111495092	-0.0466116718	-0.0232661402	-0.03803908	-0.1058966202	0.1055873175	-0.1050724821	0.104353116	0.0	0.0	0.146850409388918	0.0226344984466208	0.00051232051993	0.0215650427376928	0.3509661243731017	-0.0554510118357426	0.0030748147136076	0.1231772204574754	-0.6202806960288427	0.065657205802573	0.3847481418660256	0.0043108686738014	0.0201094317309177	-0.0017459102257306	3.048202516310677e-06	0.0004043892445404	-0.0061178130723631	0.0001670213917575	2.7896145304612424e-08	3.742763678837683e-05	0.0075524142457756	-9.381721810330056e-05	8.801670412642265e-09	5.703896093979422e-05	0.0	0.0	0.0	0.0	0.0	0.0	0.0	0.0	0.0	0.0	0.0	0.0	0.0
58.68247451466983	0.2126457618531958	0.045218220034126	3443.632815164874	65.56156599726287	-0.417031560333001	4298.318936013456	0.1739153223137775	59.03415428976766	-0.1242079488655818	0.0154276145613949	3485.031372708094	59.755428517681565	49.14240881741113	0.8709099999999999	29.941751	0.1415115240189015	0.0969564013753841	-0.0400335467	0.1276028304	-0.0048083943	-0.0293709354	0.0255372435	-0.1260536033	0.0679765419	0.0299610476	0.1364086228	-0.0556411317	-0.0679768738	-0.1000427113	-0.0645587112	0.0455201743	0.0330204063	0.0946275624	0.0304812364	0.0322821388	0.0181558076	0.0357602665	0.0306653865	0.051999473	-0.1105268684	-0.0399641254	-0.0367293487	0.0383598523	0.0091759139	0.1227967177	-0.0017812909	-0.0243165363	0.0516827957	-0.0353871893	0.0015583451	0.1068184504	-0.0170579666	0.0938791752	-0.0540316916	-0.1105982451	0.0911278999	0.0663015489	-0.1673579205	0.0088196486	-0.0379491672	-0.0067669633	-0.0763743825	-0.039729073	0.0239085267	0.0173372746	0.039740358	0.0587015894	-0.0165633479	-0.0001173894	-0.0686328141	0.0653973716	-0.1197013731	0.0377556187	0.0180238359	0.0733481983	-0.0010539156	-0.0653403168	0.0611131432	0.05013156	0.0770555632	0.0508177276	-0.0530457762	-0.0316882068	0.0838085081	-0.1082084534	-0.1584989372	-0.0552517239	0.0428504823	-0.0443646305	0.0797731278	0.0525573837	0.0256356545	0.0556539997	0.0795103025	-0.0765535093	0.0109285736	0.0068791576	-0.02359333	0.044493354	-0.0949594553	-0.0216365158	0.0120199721	0.0322458867	-0.0197975568	-0.0288821126	-0.00940215	-0.0305337699	-0.0143937553	0.0141576111	-0.0061664267	0.0408596911	-0.1258846894	-0.0346743825	0.0845904967	0.0174252701	-0.0068790814	0.0575176093	0.1928997897	-0.1115949919	-0.0299918085	0.0928769328	-0.0211041536	-0.0275651293	-0.1397129195	0.0373425152	0.0452757854	-0.0053341242	-0.0257514477	-0.07404624	0.088047217	-0.0464503146	-0.0025932194	-0.0901526522	0.0039035711	0.130804303	-0.0488085798	0.1022725007	0.0548474554	-0.0220049375	-0.0018329169	-0.0049881532	-0.0521918808	-0.1354688431	-0.0914056204	0.0692918521	0.0548798338	0.0400115477	-0.0021945305	-0.0346481886	-0.0036666912	-0.1316382344	0.1752908511	0.022749489	-0.1180199721	0.0088533177	0.0581578558	0.0018007195	-0.0136979009	-0.1080232203	-0.0005468563	-0.1059626437	0.1058512369	-0.1056656457	0.1054060001	0.0	0.0	0.1480999611697342	0.0012495517808162	1.5613796529409489e-06	0.0219335984984767	0.3210231031625028	-0.0299430212105988	0.0008965845192183	0.1030558327640829	-0.6212666773095492	-0.0009859812807064	0.3859722843352475	9.721590859035958e-07	0.0183743788990351	-0.0017350528318825	3.010408329423824e-06	0.0003376177999253	-0.0062249292182339	-0.0001071161458708	1.1473868706214646e-08	3.874974377202212e-05	0.0072079238285934	-0.0003444904171821	1.1867364753036593e-07	5.195416591880454e-05	0.0	0.0	0.0	0.0	0.0	0.0	0.0	0.0	0.0	0.0	0.0	0.0	0.0
58.98588710040049	0.303412585730662	0.0920591971797663	3479.334877021193	65.98430256986823	0.4227365726053591	4353.928185631919	0.178706209818126	59.236585651411445	0.2024313616437822	0.0409784561769557	3508.9730796370045	59.89843003272183	50.102982298383175	0.921884	31.69422	0.2207625586801577	0.1363481915670213	-0.0974341557	0.1401463825	0.0996886038	-0.0508083491	0.0286111276	-0.0601589339	0.1258264467	0.0586560914	0.1010915947	-0.0547579414	0.0311437028	-0.1124599331	0.0003811985	0.0767512525	0.0454726146	0.1569339347	-0.064843352	-0.0284508924	-0.026290361	-0.0039679026	0.0138389403	0.1270358574	0.0170837181	0.1589492944	-0.1350064546	0.0273558161	0.0835587719	0.0042541364	-0.1017999087	-0.0089938889	0.03643276	0.0589202043	0.0561306591	0.004150856	0.0559556195	-0.1036650235	0.0126934506	0.0363953775	0.0095389749	-0.0405349424	-0.0547865173	-0.0334699473	0.0144328394	0.011811289	0.0078454912	0.006810837	0.0531892453	-0.043212046	-0.0084071756	-0.0128701717	0.1368819212	-0.0323976663	-0.0422319574	-0.0349505423	0.0578253424	0.028177801	-0.0511048195	-0.0844160538	0.0427311079	-0.1126207042	0.0568179368	0.0195613822	0.0082549115	0.0092733463	0.066580024	-4.83575e-05	-0.07718677	0.0796049128	-0.1617745722	0.0105873639	-0.0492584373	-0.042569201	0.0767287046	-0.0348863978	0.0829245006	0.0886278824	0.0324944588	-0.0105049006	0.0898597501	0.0415773181	0.092800898	-0.09009761	-0.0933503876	0.122422364	-0.0343250684	0.0333905626	0.0408559998	-0.0497799815	0.0567813912	-0.0106314078	0.0641442283	0.0397979098	-0.0468801752	-0.0420016491	-0.0078103309	-0.02687674	-0.0032561814	-0.0816275364	0.0114034681	0.04293829	0.0201826914	0.0329794767	-0.0108344452	-0.0099890307	0.0595422494	-0.0379559325	0.0559953459	-0.0674972516	0.0612738874	-0.0162358054	-0.1141115773	0.0389203595	0.0236652664	0.1063247179	0.0073435158	-0.0129544445	-0.0095746256	0.0217296102	0.0754012372	0.1731299715	0.0942659361	-0.0139315469	0.0279813865	0.1047091921	-0.0248181774	-0.0363590389	-0.0483010874	0.0175855045	0.0475142597	0.0807550912	0.1512675439	-0.0373637694	0.0405900859	0.0620741426	0.0847980922	-0.0263756555	0.0515819312	0.1000419041	-0.0326572533	-0.0287275322	-0.0468494673	-0.1500337758	0.1160206705	-0.1059956606	0.1059832789	-0.1059626437	0.1059337567	0.0	0.0	0.1746543309653105	0.0265543697955762	0.0007051345552402	0.0305041353249402	0.2597867384095167	-0.0612363647529861	0.0037498923681607	0.0674891494534546	-0.6142084707597988	0.0070582065497504	0.3772520455530906	4.981827969893977e-05	0.0162030612788044	-0.0021713176202306	4.714620207924307e-06	0.0002625391948046	-0.0061459679489577	7.896126927620008e-05	6.234882045708579e-09	3.777292202961532e-05	0.0074759172907234	0.0002679934621299	7.182049574442344e-08	5.5889339337737095e-05	0.0	0.0	0.0	0.0	0.0	0.0	0.0	0.0	0.0	0.0	0.0	0.0	0.0
