
Sat Mar 14 12:10:36 CET 2026
cd /out/sourcedata/freesurfer/sub-v2s9x29156_ses-1
setenv SUBJECTS_DIR /out/sourcedata/freesurfer
/opt/freesurfer/bin/recon-all -autorecon-hemi rh -noparcstats -noparcstats2 -noparcstats3 -nohyporelabel -nobalabels -rh-only -openmp 16 -subjid sub-v2s9x29156_ses-1 -sd /out/sourcedata/freesurfer

subjid sub-v2s9x29156_ses-1
setenv SUBJECTS_DIR /out/sourcedata/freesurfer
FREESURFER_HOME /opt/freesurfer
Actual FREESURFER_HOME /opt/freesurfer
build-stamp.txt: freesurfer-linux-ubuntu22_x86_64-7.3.2-20220804-6354275
Linux dna069 5.14.0-427.37.1.el9_4.x86_64 #1 SMP PREEMPT_DYNAMIC Fri Sep 13 12:41:50 EDT 2024 x86_64 x86_64 x86_64 GNU/Linux
cputime      unlimited
filesize     unlimited
datasize     unlimited
stacksize    8192 kbytes
coredumpsize 0 kbytes
memoryuse    67108864 kbytes
vmemoryuse   unlimited
descriptors  1024 
memorylocked unlimited
maxproc      2061970 
maxlocks     unlimited
maxsignal    2062029 
maxmessage   819200 
maxnice      0 
maxrtprio    0 
maxrttime    unlimited

               total        used        free      shared  buff/cache   available
Mem:           503Gi        45Gi       389Gi       9.0Gi        67Gi       445Gi
Swap:             0B          0B          0B

########################################
program versions used
7.3.2 (freesurfer-linux-ubuntu22_x86_64-7.3.2-20220804-6354275)
7.3.2

ProgramName: lta_convert  ProgramArguments: lta_convert -all-info  ProgramVersion: 7.3.2  TimeStamp: 2026/03/14-11:10:36-GMT  BuildTime: Aug  4 2022 06:17:15  BuildStamp: freesurfer-linux-ubuntu22_x86_64-7.3.2-20220804-6354275  User: oesteban  Machine: dna069  Platform: Linux  PlatformVersion: 5.14.0-427.37.1.el9_4.x86_64  CompilerName: GCC  CompilerVersion: 8.4.0
ProgramName: mri_and  ProgramArguments: mri_and -all-info  ProgramVersion: 7.3.2  TimeStamp: 2026/03/14-11:10:36-GMT  BuildTime: Aug  4 2022 06:17:15  BuildStamp: freesurfer-linux-ubuntu22_x86_64-7.3.2-20220804-6354275  User: oesteban  Machine: dna069  Platform: Linux  PlatformVersion: 5.14.0-427.37.1.el9_4.x86_64  CompilerName: GCC  CompilerVersion: 8.4.0
ProgramName: mri_annotation2label  ProgramArguments: mri_annotation2label -all-info  ProgramVersion: 7.3.2  TimeStamp: 2026/03/14-11:10:36-GMT  BuildTime: Aug  4 2022 06:17:15  BuildStamp: freesurfer-linux-ubuntu22_x86_64-7.3.2-20220804-6354275  User: oesteban  Machine: dna069  Platform: Linux  PlatformVersion: 5.14.0-427.37.1.el9_4.x86_64  CompilerName: GCC  CompilerVersion: 8.4.0
ProgramName: mri_aparc2aseg  ProgramArguments: mri_aparc2aseg -all-info  ProgramVersion: 7.3.2  TimeStamp: 2026/03/14-11:10:36-GMT  BuildTime: Aug  4 2022 06:17:15  BuildStamp: freesurfer-linux-ubuntu22_x86_64-7.3.2-20220804-6354275  User: oesteban  Machine: dna069  Platform: Linux  PlatformVersion: 5.14.0-427.37.1.el9_4.x86_64  CompilerName: GCC  CompilerVersion: 8.4.0
ProgramName: mri_surf2volseg  ProgramArguments: mri_surf2volseg -all-info  ProgramVersion: 7.3.2  TimeStamp: 2026/03/14-11:10:36-GMT  BuildTime: Aug  4 2022 06:17:15  BuildStamp: freesurfer-linux-ubuntu22_x86_64-7.3.2-20220804-6354275  User: oesteban  Machine: dna069  Platform: Linux  PlatformVersion: 5.14.0-427.37.1.el9_4.x86_64  CompilerName: GCC  CompilerVersion: 8.4.0
ProgramName: mri_binarize  ProgramArguments: mri_binarize -all-info  ProgramVersion: 7.3.2  TimeStamp: 2026/03/14-11:10:36-GMT  BuildTime: Aug  4 2022 06:17:15  BuildStamp: freesurfer-linux-ubuntu22_x86_64-7.3.2-20220804-6354275  User: oesteban  Machine: dna069  Platform: Linux  PlatformVersion: 5.14.0-427.37.1.el9_4.x86_64  CompilerName: GCC  CompilerVersion: 8.4.0
ProgramName: mri_ca_label  ProgramArguments: mri_ca_label -all-info  ProgramVersion: 7.3.2  TimeStamp: 2026/03/14-11:10:36-GMT  BuildTime: Aug  4 2022 06:17:15  BuildStamp: freesurfer-linux-ubuntu22_x86_64-7.3.2-20220804-6354275  User: oesteban  Machine: dna069  Platform: Linux  PlatformVersion: 5.14.0-427.37.1.el9_4.x86_64  CompilerName: GCC  CompilerVersion: 8.4.0
ProgramName: mri_ca_normalize  ProgramArguments: mri_ca_normalize -all-info  ProgramVersion: 7.3.2  TimeStamp: 2026/03/14-11:10:36-GMT  BuildTime: Aug  4 2022 06:17:15  BuildStamp: freesurfer-linux-ubuntu22_x86_64-7.3.2-20220804-6354275  User: oesteban  Machine: dna069  Platform: Linux  PlatformVersion: 5.14.0-427.37.1.el9_4.x86_64  CompilerName: GCC  CompilerVersion: 8.4.0
ProgramName: mri_ca_register  ProgramArguments: mri_ca_register -all-info  ProgramVersion: 7.3.2  TimeStamp: 2026/03/14-11:10:36-GMT  BuildTime: Aug  4 2022 06:17:15  BuildStamp: freesurfer-linux-ubuntu22_x86_64-7.3.2-20220804-6354275  User: oesteban  Machine: dna069  Platform: Linux  PlatformVersion: 5.14.0-427.37.1.el9_4.x86_64  CompilerName: GCC  CompilerVersion: 8.4.0
ProgramName: mri_cc  ProgramArguments: mri_cc -all-info  ProgramVersion: 7.3.2  TimeStamp: 2026/03/14-11:10:36-GMT  BuildTime: Aug  4 2022 06:17:15  BuildStamp: freesurfer-linux-ubuntu22_x86_64-7.3.2-20220804-6354275  User: oesteban  Machine: dna069  Platform: Linux  PlatformVersion: 5.14.0-427.37.1.el9_4.x86_64  CompilerName: GCC  CompilerVersion: 8.4.0
ProgramName: mri_compute_overlap  ProgramArguments: mri_compute_overlap -all-info  ProgramVersion: 7.3.2  TimeStamp: 2026/03/14-11:10:36-GMT  BuildTime: Aug  4 2022 06:17:15  BuildStamp: freesurfer-linux-ubuntu22_x86_64-7.3.2-20220804-6354275  User: oesteban  Machine: dna069  Platform: Linux  PlatformVersion: 5.14.0-427.37.1.el9_4.x86_64  CompilerName: GCC  CompilerVersion: 8.4.0
ProgramName: mri_compute_seg_overlap  ProgramArguments: mri_compute_seg_overlap -all-info  ProgramVersion: 7.3.2  TimeStamp: 2026/03/14-11:10:36-GMT  BuildTime: Aug  4 2022 06:17:15  BuildStamp: freesurfer-linux-ubuntu22_x86_64-7.3.2-20220804-6354275  User: oesteban  Machine: dna069  Platform: Linux  PlatformVersion: 5.14.0-427.37.1.el9_4.x86_64  CompilerName: GCC  CompilerVersion: 8.4.0
ProgramName: mri_concat  ProgramArguments: mri_concat -all-info  ProgramVersion: 7.3.2  TimeStamp: 2026/03/14-11:10:36-GMT  BuildTime: Aug  4 2022 06:17:15  BuildStamp: freesurfer-linux-ubuntu22_x86_64-7.3.2-20220804-6354275  User: oesteban  Machine: dna069  Platform: Linux  PlatformVersion: 5.14.0-427.37.1.el9_4.x86_64  CompilerName: GCC  CompilerVersion: 8.4.0
ProgramName: mri_concatenate_lta  ProgramArguments: mri_concatenate_lta -all-info  ProgramVersion: 7.3.2  TimeStamp: 2026/03/14-11:10:36-GMT  BuildTime: Aug  4 2022 06:17:15  BuildStamp: freesurfer-linux-ubuntu22_x86_64-7.3.2-20220804-6354275  User: oesteban  Machine: dna069  Platform: Linux  PlatformVersion: 5.14.0-427.37.1.el9_4.x86_64  CompilerName: GCC  CompilerVersion: 8.4.0
mri_convert -all-info 
ProgramName: mri_convert  ProgramArguments: mri_convert -all-info  ProgramVersion: 7.3.2  TimeStamp: 2026/03/14-11:10:36-GMT  BuildTime: Aug  4 2022 06:17:15  BuildStamp: freesurfer-linux-ubuntu22_x86_64-7.3.2-20220804-6354275  User: oesteban  Machine: dna069  Platform: Linux  PlatformVersion: 5.14.0-427.37.1.el9_4.x86_64  CompilerName: GCC  CompilerVersion: 8.4.0
ProgramName: mri_diff  ProgramArguments: mri_diff -all-info  ProgramVersion: 7.3.2  TimeStamp: 2026/03/14-11:10:36-GMT  BuildTime: Aug  4 2022 06:17:15  BuildStamp: freesurfer-linux-ubuntu22_x86_64-7.3.2-20220804-6354275  User: oesteban  Machine: dna069  Platform: Linux  PlatformVersion: 5.14.0-427.37.1.el9_4.x86_64  CompilerName: GCC  CompilerVersion: 8.4.0
ProgramName: mri_edit_wm_with_aseg  ProgramArguments: mri_edit_wm_with_aseg -all-info  ProgramVersion: 7.3.2  TimeStamp: 2026/03/14-11:10:36-GMT  BuildTime: Aug  4 2022 06:17:15  BuildStamp: freesurfer-linux-ubuntu22_x86_64-7.3.2-20220804-6354275  User: oesteban  Machine: dna069  Platform: Linux  PlatformVersion: 5.14.0-427.37.1.el9_4.x86_64  CompilerName: GCC  CompilerVersion: 8.4.0
ProgramName: mri_em_register  ProgramArguments: mri_em_register -all-info  ProgramVersion: 7.3.2  TimeStamp: 2026/03/14-11:10:36-GMT  BuildTime: Aug  4 2022 06:17:15  BuildStamp: freesurfer-linux-ubuntu22_x86_64-7.3.2-20220804-6354275  User: oesteban  Machine: dna069  Platform: Linux  PlatformVersion: 5.14.0-427.37.1.el9_4.x86_64  CompilerName: GCC  CompilerVersion: 8.4.0
ProgramName: mri_fill  ProgramArguments: mri_fill -all-info  ProgramVersion: 7.3.2  TimeStamp: 2026/03/14-11:10:36-GMT  BuildTime: Aug  4 2022 06:17:15  BuildStamp: freesurfer-linux-ubuntu22_x86_64-7.3.2-20220804-6354275  User: oesteban  Machine: dna069  Platform: Linux  PlatformVersion: 5.14.0-427.37.1.el9_4.x86_64  CompilerName: GCC  CompilerVersion: 8.4.0
ProgramName: mri_fuse_segmentations  ProgramArguments: mri_fuse_segmentations -all-info  ProgramVersion: 7.3.2  TimeStamp: 2026/03/14-11:10:36-GMT  BuildTime: Aug  4 2022 06:17:15  BuildStamp: freesurfer-linux-ubuntu22_x86_64-7.3.2-20220804-6354275  User: oesteban  Machine: dna069  Platform: Linux  PlatformVersion: 5.14.0-427.37.1.el9_4.x86_64  CompilerName: GCC  CompilerVersion: 8.4.0
ProgramName: mri_fwhm  ProgramArguments: mri_fwhm -all-info  ProgramVersion: 7.3.2  TimeStamp: 2026/03/14-11:10:36-GMT  BuildTime: Aug  4 2022 06:17:15  BuildStamp: freesurfer-linux-ubuntu22_x86_64-7.3.2-20220804-6354275  User: oesteban  Machine: dna069  Platform: Linux  PlatformVersion: 5.14.0-427.37.1.el9_4.x86_64  CompilerName: GCC  CompilerVersion: 8.4.0
ProgramName: mri_gcut  ProgramArguments: mri_gcut -all-info  ProgramVersion: 7.3.2  TimeStamp: 2026/03/14-11:10:36-GMT  BuildTime: Aug  4 2022 06:17:15  BuildStamp: freesurfer-linux-ubuntu22_x86_64-7.3.2-20220804-6354275  User: oesteban  Machine: dna069  Platform: Linux  PlatformVersion: 5.14.0-427.37.1.el9_4.x86_64  CompilerName: GCC  CompilerVersion: 8.4.0
ProgramName: mri_info  ProgramArguments: mri_info -all-info  ProgramVersion: 7.3.2  TimeStamp: 2026/03/14-11:10:36-GMT  BuildTime: Aug  4 2022 06:17:15  BuildStamp: freesurfer-linux-ubuntu22_x86_64-7.3.2-20220804-6354275  User: oesteban  Machine: dna069  Platform: Linux  PlatformVersion: 5.14.0-427.37.1.el9_4.x86_64  CompilerName: GCC  CompilerVersion: 8.4.0
ProgramName: mri_label2label  ProgramArguments: mri_label2label -all-info  ProgramVersion: 7.3.2  TimeStamp: 2026/03/14-11:10:36-GMT  BuildTime: Aug  4 2022 06:17:15  BuildStamp: freesurfer-linux-ubuntu22_x86_64-7.3.2-20220804-6354275  User: oesteban  Machine: dna069  Platform: Linux  PlatformVersion: 5.14.0-427.37.1.el9_4.x86_64  CompilerName: GCC  CompilerVersion: 8.4.0
ProgramName: mri_label2vol  ProgramArguments: mri_label2vol -all-info  ProgramVersion: 7.3.2  TimeStamp: 2026/03/14-11:10:36-GMT  BuildTime: Aug  4 2022 06:17:15  BuildStamp: freesurfer-linux-ubuntu22_x86_64-7.3.2-20220804-6354275  User: oesteban  Machine: dna069  Platform: Linux  PlatformVersion: 5.14.0-427.37.1.el9_4.x86_64  CompilerName: GCC  CompilerVersion: 8.4.0
ProgramName: mri_log_likelihood  ProgramArguments: mri_log_likelihood -all-info  ProgramVersion: 7.3.2  TimeStamp: 2026/03/14-11:10:36-GMT  BuildTime: Aug  4 2022 06:17:15  BuildStamp: freesurfer-linux-ubuntu22_x86_64-7.3.2-20220804-6354275  User: oesteban  Machine: dna069  Platform: Linux  PlatformVersion: 5.14.0-427.37.1.el9_4.x86_64  CompilerName: GCC  CompilerVersion: 8.4.0
ProgramName: mri_mask  ProgramArguments: mri_mask -all-info  ProgramVersion: 7.3.2  TimeStamp: 2026/03/14-11:10:36-GMT  BuildTime: Aug  4 2022 06:17:15  BuildStamp: freesurfer-linux-ubuntu22_x86_64-7.3.2-20220804-6354275  User: oesteban  Machine: dna069  Platform: Linux  PlatformVersion: 5.14.0-427.37.1.el9_4.x86_64  CompilerName: GCC  CompilerVersion: 8.4.0
ProgramName: mri_matrix_multiply  ProgramArguments: mri_matrix_multiply -all-info  ProgramVersion: 7.3.2  TimeStamp: 2026/03/14-11:10:36-GMT  BuildTime: Aug  4 2022 06:17:15  BuildStamp: freesurfer-linux-ubuntu22_x86_64-7.3.2-20220804-6354275  User: oesteban  Machine: dna069  Platform: Linux  PlatformVersion: 5.14.0-427.37.1.el9_4.x86_64  CompilerName: GCC  CompilerVersion: 8.4.0
ProgramName: mri_normalize  ProgramArguments: mri_normalize -all-info  ProgramVersion: 7.3.2  TimeStamp: 2026/03/14-11:10:36-GMT  BuildTime: Aug  4 2022 06:17:15  BuildStamp: freesurfer-linux-ubuntu22_x86_64-7.3.2-20220804-6354275  User: oesteban  Machine: dna069  Platform: Linux  PlatformVersion: 5.14.0-427.37.1.el9_4.x86_64  CompilerName: GCC  CompilerVersion: 8.4.0
ProgramName: mri_normalize_tp2  ProgramArguments: mri_normalize_tp2 -all-info  ProgramVersion: 7.3.2  TimeStamp: 2026/03/14-11:10:36-GMT  BuildTime: Aug  4 2022 06:17:15  BuildStamp: freesurfer-linux-ubuntu22_x86_64-7.3.2-20220804-6354275  User: oesteban  Machine: dna069  Platform: Linux  PlatformVersion: 5.14.0-427.37.1.el9_4.x86_64  CompilerName: GCC  CompilerVersion: 8.4.0
ProgramName: mri_or  ProgramArguments: mri_or -all-info  ProgramVersion: 7.3.2  TimeStamp: 2026/03/14-11:10:36-GMT  BuildTime: Aug  4 2022 06:17:15  BuildStamp: freesurfer-linux-ubuntu22_x86_64-7.3.2-20220804-6354275  User: oesteban  Machine: dna069  Platform: Linux  PlatformVersion: 5.14.0-427.37.1.el9_4.x86_64  CompilerName: GCC  CompilerVersion: 8.4.0
ProgramName: mri_relabel_hypointensities  ProgramArguments: mri_relabel_hypointensities -all-info  ProgramVersion: 7.3.2  TimeStamp: 2026/03/14-11:10:36-GMT  BuildTime: Aug  4 2022 06:17:15  BuildStamp: freesurfer-linux-ubuntu22_x86_64-7.3.2-20220804-6354275  User: oesteban  Machine: dna069  Platform: Linux  PlatformVersion: 5.14.0-427.37.1.el9_4.x86_64  CompilerName: GCC  CompilerVersion: 8.4.0
ProgramName: mri_relabel_nonwm_hypos  ProgramArguments: mri_relabel_nonwm_hypos -all-info  ProgramVersion: 7.3.2  TimeStamp: 2026/03/14-11:10:36-GMT  BuildTime: Aug  4 2022 06:17:15  BuildStamp: freesurfer-linux-ubuntu22_x86_64-7.3.2-20220804-6354275  User: oesteban  Machine: dna069  Platform: Linux  PlatformVersion: 5.14.0-427.37.1.el9_4.x86_64  CompilerName: GCC  CompilerVersion: 8.4.0
ProgramName: mri_remove_neck  ProgramArguments: mri_remove_neck -all-info  ProgramVersion: 7.3.2  TimeStamp: 2026/03/14-11:10:36-GMT  BuildTime: Aug  4 2022 06:17:15  BuildStamp: freesurfer-linux-ubuntu22_x86_64-7.3.2-20220804-6354275  User: oesteban  Machine: dna069  Platform: Linux  PlatformVersion: 5.14.0-427.37.1.el9_4.x86_64  CompilerName: GCC  CompilerVersion: 8.4.0
7.3.2

ProgramName: mri_robust_register  ProgramArguments: mri_robust_register -all-info  ProgramVersion: 7.3.2  TimeStamp: 2026/03/14-11:10:36-GMT  BuildTime: Aug  4 2022 06:17:15  BuildStamp: freesurfer-linux-ubuntu22_x86_64-7.3.2-20220804-6354275  User: oesteban  Machine: dna069  Platform: Linux  PlatformVersion: 5.14.0-427.37.1.el9_4.x86_64  CompilerName: GCC  CompilerVersion: 8.4.0
7.3.2

ProgramName: mri_robust_template  ProgramArguments: mri_robust_template -all-info  ProgramVersion: 7.3.2  TimeStamp: 2026/03/14-11:10:36-GMT  BuildTime: Aug  4 2022 06:17:15  BuildStamp: freesurfer-linux-ubuntu22_x86_64-7.3.2-20220804-6354275  User: oesteban  Machine: dna069  Platform: Linux  PlatformVersion: 5.14.0-427.37.1.el9_4.x86_64  CompilerName: GCC  CompilerVersion: 8.4.0
ProgramName: mris_anatomical_stats  ProgramArguments: mris_anatomical_stats -all-info  ProgramVersion: 7.3.2  TimeStamp: 2026/03/14-11:10:36-GMT  BuildTime: Aug  4 2022 06:17:15  BuildStamp: freesurfer-linux-ubuntu22_x86_64-7.3.2-20220804-6354275  User: oesteban  Machine: dna069  Platform: Linux  PlatformVersion: 5.14.0-427.37.1.el9_4.x86_64  CompilerName: GCC  CompilerVersion: 8.4.0
ProgramName: mris_ca_label  ProgramArguments: mris_ca_label -all-info  ProgramVersion: 7.3.2  TimeStamp: 2026/03/14-11:10:36-GMT  BuildTime: Aug  4 2022 06:17:15  BuildStamp: freesurfer-linux-ubuntu22_x86_64-7.3.2-20220804-6354275  User: oesteban  Machine: dna069  Platform: Linux  PlatformVersion: 5.14.0-427.37.1.el9_4.x86_64  CompilerName: GCC  CompilerVersion: 8.4.0
ProgramName: mris_calc  ProgramArguments: mris_calc -all-info  ProgramVersion: 7.3.2  TimeStamp: 2026/03/14-11:10:36-GMT  BuildTime: Aug  4 2022 06:17:15  BuildStamp: freesurfer-linux-ubuntu22_x86_64-7.3.2-20220804-6354275  User: oesteban  Machine: dna069  Platform: Linux  PlatformVersion: 5.14.0-427.37.1.el9_4.x86_64  CompilerName: GCC  CompilerVersion: 8.4.0
ProgramName: mris_convert  ProgramArguments: mris_convert -all-info  ProgramVersion: 7.3.2  TimeStamp: 2026/03/14-11:10:36-GMT  BuildTime: Aug  4 2022 06:17:15  BuildStamp: freesurfer-linux-ubuntu22_x86_64-7.3.2-20220804-6354275  User: oesteban  Machine: dna069  Platform: Linux  PlatformVersion: 5.14.0-427.37.1.el9_4.x86_64  CompilerName: GCC  CompilerVersion: 8.4.0
ProgramName: mris_curvature  ProgramArguments: mris_curvature -all-info  ProgramVersion: 7.3.2  TimeStamp: 2026/03/14-11:10:36-GMT  BuildTime: Aug  4 2022 06:17:15  BuildStamp: freesurfer-linux-ubuntu22_x86_64-7.3.2-20220804-6354275  User: oesteban  Machine: dna069  Platform: Linux  PlatformVersion: 5.14.0-427.37.1.el9_4.x86_64  CompilerName: GCC  CompilerVersion: 8.4.0
ProgramName: mris_curvature_stats  ProgramArguments: mris_curvature_stats -all-info  ProgramVersion: 7.3.2  TimeStamp: 2026/03/14-11:10:36-GMT  BuildTime: Aug  4 2022 06:17:15  BuildStamp: freesurfer-linux-ubuntu22_x86_64-7.3.2-20220804-6354275  User: oesteban  Machine: dna069  Platform: Linux  PlatformVersion: 5.14.0-427.37.1.el9_4.x86_64  CompilerName: GCC  CompilerVersion: 8.4.0
ProgramName: mris_diff  ProgramArguments: mris_diff -all-info  ProgramVersion: 7.3.2  TimeStamp: 2026/03/14-11:10:36-GMT  BuildTime: Aug  4 2022 06:17:15  BuildStamp: freesurfer-linux-ubuntu22_x86_64-7.3.2-20220804-6354275  User: oesteban  Machine: dna069  Platform: Linux  PlatformVersion: 5.14.0-427.37.1.el9_4.x86_64  CompilerName: GCC  CompilerVersion: 8.4.0
ProgramName: mris_divide_parcellation  ProgramArguments: mris_divide_parcellation -all-info  ProgramVersion: 7.3.2  TimeStamp: 2026/03/14-11:10:36-GMT  BuildTime: Aug  4 2022 06:17:15  BuildStamp: freesurfer-linux-ubuntu22_x86_64-7.3.2-20220804-6354275  User: oesteban  Machine: dna069  Platform: Linux  PlatformVersion: 5.14.0-427.37.1.el9_4.x86_64  CompilerName: GCC  CompilerVersion: 8.4.0
ProgramName: mri_segment  ProgramArguments: mri_segment -all-info  ProgramVersion: 7.3.2  TimeStamp: 2026/03/14-11:10:36-GMT  BuildTime: Aug  4 2022 06:17:15  BuildStamp: freesurfer-linux-ubuntu22_x86_64-7.3.2-20220804-6354275  User: oesteban  Machine: dna069  Platform: Linux  PlatformVersion: 5.14.0-427.37.1.el9_4.x86_64  CompilerName: GCC  CompilerVersion: 8.4.0
ProgramName: mri_segstats  ProgramArguments: mri_segstats -all-info  ProgramVersion: 7.3.2  TimeStamp: 2026/03/14-11:10:36-GMT  BuildTime: Aug  4 2022 06:17:15  BuildStamp: freesurfer-linux-ubuntu22_x86_64-7.3.2-20220804-6354275  User: oesteban  Machine: dna069  Platform: Linux  PlatformVersion: 5.14.0-427.37.1.el9_4.x86_64  CompilerName: GCC  CompilerVersion: 8.4.0
ProgramName: mris_euler_number  ProgramArguments: mris_euler_number -all-info  ProgramVersion: 7.3.2  TimeStamp: 2026/03/14-11:10:36-GMT  BuildTime: Aug  4 2022 06:17:15  BuildStamp: freesurfer-linux-ubuntu22_x86_64-7.3.2-20220804-6354275  User: oesteban  Machine: dna069  Platform: Linux  PlatformVersion: 5.14.0-427.37.1.el9_4.x86_64  CompilerName: GCC  CompilerVersion: 8.4.0
ProgramName: mris_fix_topology  ProgramArguments: mris_fix_topology -all-info  ProgramVersion: 7.3.2  TimeStamp: 2026/03/14-11:10:36-GMT  BuildTime: Aug  4 2022 06:17:15  BuildStamp: freesurfer-linux-ubuntu22_x86_64-7.3.2-20220804-6354275  User: oesteban  Machine: dna069  Platform: Linux  PlatformVersion: 5.14.0-427.37.1.el9_4.x86_64  CompilerName: GCC  CompilerVersion: 8.4.0
ProgramName: mris_topo_fixer  ProgramArguments: mris_topo_fixer -all-info  ProgramVersion: 7.3.2  TimeStamp: 2026/03/14-11:10:36-GMT  BuildTime: Aug  4 2022 06:17:15  BuildStamp: freesurfer-linux-ubuntu22_x86_64-7.3.2-20220804-6354275  User: oesteban  Machine: dna069  Platform: Linux  PlatformVersion: 5.14.0-427.37.1.el9_4.x86_64  CompilerName: GCC  CompilerVersion: 8.4.0
ProgramName: mris_jacobian  ProgramArguments: mris_jacobian -all-info  ProgramVersion: 7.3.2  TimeStamp: 2026/03/14-11:10:36-GMT  BuildTime: Aug  4 2022 06:17:15  BuildStamp: freesurfer-linux-ubuntu22_x86_64-7.3.2-20220804-6354275  User: oesteban  Machine: dna069  Platform: Linux  PlatformVersion: 5.14.0-427.37.1.el9_4.x86_64  CompilerName: GCC  CompilerVersion: 8.4.0
ProgramName: mris_label2annot  ProgramArguments: mris_label2annot -all-info  ProgramVersion: 7.3.2  TimeStamp: 2026/03/14-11:10:36-GMT  BuildTime: Aug  4 2022 06:17:15  BuildStamp: freesurfer-linux-ubuntu22_x86_64-7.3.2-20220804-6354275  User: oesteban  Machine: dna069  Platform: Linux  PlatformVersion: 5.14.0-427.37.1.el9_4.x86_64  CompilerName: GCC  CompilerVersion: 8.4.0
ProgramName: mris_left_right_register  ProgramArguments: mris_left_right_register -all-info  ProgramVersion: 7.3.2  TimeStamp: 2026/03/14-11:10:36-GMT  BuildTime: Aug  4 2022 06:17:15  BuildStamp: freesurfer-linux-ubuntu22_x86_64-7.3.2-20220804-6354275  User: oesteban  Machine: dna069  Platform: Linux  PlatformVersion: 5.14.0-427.37.1.el9_4.x86_64  CompilerName: GCC  CompilerVersion: 8.4.0
ProgramName: mris_place_surface  ProgramArguments: mris_place_surface -all-info  ProgramVersion: 7.3.2  TimeStamp: 2026/03/14-11:10:36-GMT  BuildTime: Aug  4 2022 06:17:15  BuildStamp: freesurfer-linux-ubuntu22_x86_64-7.3.2-20220804-6354275  User: oesteban  Machine: dna069  Platform: Linux  PlatformVersion: 5.14.0-427.37.1.el9_4.x86_64  CompilerName: GCC  CompilerVersion: 8.4.0
ProgramName: mrisp_paint  ProgramArguments: mrisp_paint -all-info  ProgramVersion: 7.3.2  TimeStamp: 2026/03/14-11:10:36-GMT  BuildTime: Aug  4 2022 06:17:15  BuildStamp: freesurfer-linux-ubuntu22_x86_64-7.3.2-20220804-6354275  User: oesteban  Machine: dna069  Platform: Linux  PlatformVersion: 5.14.0-427.37.1.el9_4.x86_64  CompilerName: GCC  CompilerVersion: 8.4.0
ProgramName: mris_register  ProgramArguments: mris_register -all-info  ProgramVersion: 7.3.2  TimeStamp: 2026/03/14-11:10:36-GMT  BuildTime: Aug  4 2022 06:17:15  BuildStamp: freesurfer-linux-ubuntu22_x86_64-7.3.2-20220804-6354275  User: oesteban  Machine: dna069  Platform: Linux  PlatformVersion: 5.14.0-427.37.1.el9_4.x86_64  CompilerName: GCC  CompilerVersion: 8.4.0
ProgramName: mris_smooth  ProgramArguments: mris_smooth -all-info  ProgramVersion: 7.3.2  TimeStamp: 2026/03/14-11:10:36-GMT  BuildTime: Aug  4 2022 06:17:15  BuildStamp: freesurfer-linux-ubuntu22_x86_64-7.3.2-20220804-6354275  User: oesteban  Machine: dna069  Platform: Linux  PlatformVersion: 5.14.0-427.37.1.el9_4.x86_64  CompilerName: GCC  CompilerVersion: 8.4.0
ProgramName: mris_sphere  ProgramArguments: mris_sphere -all-info  ProgramVersion: 7.3.2  TimeStamp: 2026/03/14-11:10:36-GMT  BuildTime: Aug  4 2022 06:17:15  BuildStamp: freesurfer-linux-ubuntu22_x86_64-7.3.2-20220804-6354275  User: oesteban  Machine: dna069  Platform: Linux  PlatformVersion: 5.14.0-427.37.1.el9_4.x86_64  CompilerName: GCC  CompilerVersion: 8.4.0
ProgramName: mris_surface_stats  ProgramArguments: mris_surface_stats -all-info  ProgramVersion: 7.3.2  TimeStamp: 2026/03/14-11:10:36-GMT  BuildTime: Aug  4 2022 06:17:15  BuildStamp: freesurfer-linux-ubuntu22_x86_64-7.3.2-20220804-6354275  User: oesteban  Machine: dna069  Platform: Linux  PlatformVersion: 5.14.0-427.37.1.el9_4.x86_64  CompilerName: GCC  CompilerVersion: 8.4.0
ProgramName: mri_stats2seg  ProgramArguments: mri_stats2seg -all-info  ProgramVersion: 7.3.2  TimeStamp: 2026/03/14-11:10:36-GMT  BuildTime: Aug  4 2022 06:17:15  BuildStamp: freesurfer-linux-ubuntu22_x86_64-7.3.2-20220804-6354275  User: oesteban  Machine: dna069  Platform: Linux  PlatformVersion: 5.14.0-427.37.1.el9_4.x86_64  CompilerName: GCC  CompilerVersion: 8.4.0
ProgramName: mris_thickness  ProgramArguments: mris_thickness -all-info  ProgramVersion: 7.3.2  TimeStamp: 2026/03/14-11:10:36-GMT  BuildTime: Aug  4 2022 06:17:15  BuildStamp: freesurfer-linux-ubuntu22_x86_64-7.3.2-20220804-6354275  User: oesteban  Machine: dna069  Platform: Linux  PlatformVersion: 5.14.0-427.37.1.el9_4.x86_64  CompilerName: GCC  CompilerVersion: 8.4.0
ProgramName: mris_thickness_diff  ProgramArguments: mris_thickness_diff -all-info  ProgramVersion: 7.3.2  TimeStamp: 2026/03/14-11:10:36-GMT  BuildTime: Aug  4 2022 06:17:15  BuildStamp: freesurfer-linux-ubuntu22_x86_64-7.3.2-20220804-6354275  User: oesteban  Machine: dna069  Platform: Linux  PlatformVersion: 5.14.0-427.37.1.el9_4.x86_64  CompilerName: GCC  CompilerVersion: 8.4.0
ProgramName: mris_topo_fixer  ProgramArguments: mris_topo_fixer -all-info  ProgramVersion: 7.3.2  TimeStamp: 2026/03/14-11:10:36-GMT  BuildTime: Aug  4 2022 06:17:15  BuildStamp: freesurfer-linux-ubuntu22_x86_64-7.3.2-20220804-6354275  User: oesteban  Machine: dna069  Platform: Linux  PlatformVersion: 5.14.0-427.37.1.el9_4.x86_64  CompilerName: GCC  CompilerVersion: 8.4.0
ProgramName: mri_surf2surf  ProgramArguments: mri_surf2surf -all-info  ProgramVersion: 7.3.2  TimeStamp: 2026/03/14-11:10:36-GMT  BuildTime: Aug  4 2022 06:17:15  BuildStamp: freesurfer-linux-ubuntu22_x86_64-7.3.2-20220804-6354275  User: oesteban  Machine: dna069  Platform: Linux  PlatformVersion: 5.14.0-427.37.1.el9_4.x86_64  CompilerName: GCC  CompilerVersion: 8.4.0
ProgramName: mri_surf2vol  ProgramArguments: mri_surf2vol -all-info  ProgramVersion: 7.3.2  TimeStamp: 2026/03/14-11:10:36-GMT  BuildTime: Aug  4 2022 06:17:15  BuildStamp: freesurfer-linux-ubuntu22_x86_64-7.3.2-20220804-6354275  User: oesteban  Machine: dna069  Platform: Linux  PlatformVersion: 5.14.0-427.37.1.el9_4.x86_64  CompilerName: GCC  CompilerVersion: 8.4.0
ProgramName: mri_surfcluster  ProgramArguments: mri_surfcluster -all-info  ProgramVersion: 7.3.2  TimeStamp: 2026/03/14-11:10:36-GMT  BuildTime: Aug  4 2022 06:17:15  BuildStamp: freesurfer-linux-ubuntu22_x86_64-7.3.2-20220804-6354275  User: oesteban  Machine: dna069  Platform: Linux  PlatformVersion: 5.14.0-427.37.1.el9_4.x86_64  CompilerName: GCC  CompilerVersion: 8.4.0
ProgramName: mris_volmask  ProgramArguments: mris_volmask -all-info  ProgramVersion: 7.3.2  TimeStamp: 2026/03/14-11:10:36-GMT  BuildTime: Aug  4 2022 06:17:15  BuildStamp: freesurfer-linux-ubuntu22_x86_64-7.3.2-20220804-6354275  User: oesteban  Machine: dna069  Platform: Linux  PlatformVersion: 5.14.0-427.37.1.el9_4.x86_64  CompilerName: GCC  CompilerVersion: 8.4.0
ProgramName: mri_tessellate  ProgramArguments: mri_tessellate -all-info  ProgramVersion: 7.3.2  TimeStamp: 2026/03/14-11:10:36-GMT  BuildTime: Aug  4 2022 06:17:15  BuildStamp: freesurfer-linux-ubuntu22_x86_64-7.3.2-20220804-6354275  User: oesteban  Machine: dna069  Platform: Linux  PlatformVersion: 5.14.0-427.37.1.el9_4.x86_64  CompilerName: GCC  CompilerVersion: 8.4.0
ProgramName: mri_vol2surf  ProgramArguments: mri_vol2surf -all-info  ProgramVersion: 7.3.2  TimeStamp: 2026/03/14-11:10:36-GMT  BuildTime: Aug  4 2022 06:17:15  BuildStamp: freesurfer-linux-ubuntu22_x86_64-7.3.2-20220804-6354275  User: oesteban  Machine: dna069  Platform: Linux  PlatformVersion: 5.14.0-427.37.1.el9_4.x86_64  CompilerName: GCC  CompilerVersion: 8.4.0
ProgramName: mri_vol2vol  ProgramArguments: mri_vol2vol -all-info  ProgramVersion: 7.3.2  TimeStamp: 2026/03/14-11:10:36-GMT  BuildTime: Aug  4 2022 06:17:15  BuildStamp: freesurfer-linux-ubuntu22_x86_64-7.3.2-20220804-6354275  User: oesteban  Machine: dna069  Platform: Linux  PlatformVersion: 5.14.0-427.37.1.el9_4.x86_64  CompilerName: GCC  CompilerVersion: 8.4.0
ProgramName: mri_voldiff  ProgramArguments: mri_voldiff -all-info  ProgramVersion: 7.3.2  TimeStamp: 2026/03/14-11:10:36-GMT  BuildTime: Aug  4 2022 06:17:15  BuildStamp: freesurfer-linux-ubuntu22_x86_64-7.3.2-20220804-6354275  User: oesteban  Machine: dna069  Platform: Linux  PlatformVersion: 5.14.0-427.37.1.el9_4.x86_64  CompilerName: GCC  CompilerVersion: 8.4.0
ProgramName: mri_watershed  ProgramArguments: mri_watershed -all-info  ProgramVersion: 7.3.2  TimeStamp: 2026/03/14-11:10:36-GMT  BuildTime: Aug  4 2022 06:17:15  BuildStamp: freesurfer-linux-ubuntu22_x86_64-7.3.2-20220804-6354275  User: oesteban  Machine: dna069  Platform: Linux  PlatformVersion: 5.14.0-427.37.1.el9_4.x86_64  CompilerName: GCC  CompilerVersion: 8.4.0
ProgramName: tkregister2  ProgramArguments: tkregister2_cmdl -all-info  ProgramVersion: 7.3.2  TimeStamp: 2026/03/14-11:10:36-GMT  BuildTime: Aug  4 2022 06:17:15  BuildStamp: freesurfer-linux-ubuntu22_x86_64-7.3.2-20220804-6354275  User: oesteban  Machine: dna069  Platform: Linux  PlatformVersion: 5.14.0-427.37.1.el9_4.x86_64  CompilerName: GCC  CompilerVersion: 8.4.0
mri_motion_correct.fsl 7.3.2
mri_convert -all-info 
ProgramName: mri_convert  ProgramArguments: mri_convert -all-info  ProgramVersion: 7.3.2  TimeStamp: 2026/03/14-11:10:36-GMT  BuildTime: Aug  4 2022 06:17:15  BuildStamp: freesurfer-linux-ubuntu22_x86_64-7.3.2-20220804-6354275  User: oesteban  Machine: dna069  Platform: Linux  PlatformVersion: 5.14.0-427.37.1.el9_4.x86_64  CompilerName: GCC  CompilerVersion: 8.4.0
Program nu_correct, built from:
Package MNI N3, version 1.12.0, compiled by nicks@terrier (x86_64-unknown-linux-gnu) on 2015-06-19 at 01:25:34
#######################################
GCADIR /opt/freesurfer/average
GCA RB_all_2020-01-02.gca
GCASkull RB_all_withskull_2020_01_02.gca
AvgCurvTif folding.atlas.acfb40.noaparc.i12.2016-08-02.tif
GCSDIR /opt/freesurfer/average
GCS DKaparc.atlas.acfb40.noaparc.i12.2016-08-02.gcs
#######################################
#--------------------------------------------
#@# Tessellate rh Sat Mar 14 12:10:36 CET 2026
/out/sourcedata/freesurfer/sub-v2s9x29156_ses-1/scripts

 mri_pretess ../mri/filled.mgz 127 ../mri/norm.mgz ../mri/filled-pretess127.mgz 


Iteration Number : 1
pass   1 (xy+):   0 found -   0 modified     |    TOTAL:   0
pass   1 (xy-):   6 found -   6 modified     |    TOTAL:   6
pass   2 (xy-):   0 found -   6 modified     |    TOTAL:   6
pass   1 (yz+):   9 found -   9 modified     |    TOTAL:  15
pass   2 (yz+):   0 found -   9 modified     |    TOTAL:  15
pass   1 (yz-):   4 found -   4 modified     |    TOTAL:  19
pass   2 (yz-):   0 found -   4 modified     |    TOTAL:  19
pass   1 (xz+):   3 found -   3 modified     |    TOTAL:  22
pass   2 (xz+):   0 found -   3 modified     |    TOTAL:  22
pass   1 (xz-):   0 found -   0 modified     |    TOTAL:  22
Iteration Number : 1
pass   1 (+++):   2 found -   2 modified     |    TOTAL:   2
pass   2 (+++):   0 found -   2 modified     |    TOTAL:   2
pass   1 (+++):   0 found -   0 modified     |    TOTAL:   2
pass   1 (+++):   0 found -   0 modified     |    TOTAL:   2
pass   1 (+++):   0 found -   0 modified     |    TOTAL:   2
Iteration Number : 1
pass   1 (++):   0 found -   0 modified     |    TOTAL:   0
pass   1 (+-):   3 found -   3 modified     |    TOTAL:   3
pass   2 (+-):   0 found -   3 modified     |    TOTAL:   3
pass   1 (--):   0 found -   0 modified     |    TOTAL:   3
pass   1 (-+):   1 found -   1 modified     |    TOTAL:   4
pass   2 (-+):   0 found -   1 modified     |    TOTAL:   4
Iteration Number : 2
pass   1 (xy+):   1 found -   1 modified     |    TOTAL:   1
pass   2 (xy+):   0 found -   1 modified     |    TOTAL:   1
pass   1 (xy-):   0 found -   0 modified     |    TOTAL:   1
pass   1 (yz+):   0 found -   0 modified     |    TOTAL:   1
pass   1 (yz-):   0 found -   0 modified     |    TOTAL:   1
pass   1 (xz+):   0 found -   0 modified     |    TOTAL:   1
pass   1 (xz-):   0 found -   0 modified     |    TOTAL:   1
Iteration Number : 2
pass   1 (+++):   0 found -   0 modified     |    TOTAL:   0
pass   1 (+++):   0 found -   0 modified     |    TOTAL:   0
pass   1 (+++):   0 found -   0 modified     |    TOTAL:   0
pass   1 (+++):   0 found -   0 modified     |    TOTAL:   0
Iteration Number : 2
pass   1 (++):   0 found -   0 modified     |    TOTAL:   0
pass   1 (+-):   0 found -   0 modified     |    TOTAL:   0
pass   1 (--):   0 found -   0 modified     |    TOTAL:   0
pass   1 (-+):   0 found -   0 modified     |    TOTAL:   0
Iteration Number : 3
pass   1 (xy+):   0 found -   0 modified     |    TOTAL:   0
pass   1 (xy-):   0 found -   0 modified     |    TOTAL:   0
pass   1 (yz+):   0 found -   0 modified     |    TOTAL:   0
pass   1 (yz-):   0 found -   0 modified     |    TOTAL:   0
pass   1 (xz+):   0 found -   0 modified     |    TOTAL:   0
pass   1 (xz-):   0 found -   0 modified     |    TOTAL:   0
Iteration Number : 3
pass   1 (+++):   0 found -   0 modified     |    TOTAL:   0
pass   1 (+++):   0 found -   0 modified     |    TOTAL:   0
pass   1 (+++):   0 found -   0 modified     |    TOTAL:   0
pass   1 (+++):   0 found -   0 modified     |    TOTAL:   0
Iteration Number : 3
pass   1 (++):   0 found -   0 modified     |    TOTAL:   0
pass   1 (+-):   0 found -   0 modified     |    TOTAL:   0
pass   1 (--):   0 found -   0 modified     |    TOTAL:   0
pass   1 (-+):   0 found -   0 modified     |    TOTAL:   0

Total Number of Modified Voxels = 29 (out of 307956: 0.009417)
Ambiguous edge configurations... 

mri_pretess done


 mri_tessellate ../mri/filled-pretess127.mgz 127 ../surf/rh.orig.nofix 

7.3.2
  7.3.2
slice 40: 116 vertices, 137 faces
slice 50: 3250 vertices, 3436 faces
slice 60: 12230 vertices, 12656 faces
slice 70: 26133 vertices, 26617 faces
slice 80: 39841 vertices, 40311 faces
slice 90: 54707 vertices, 55243 faces
slice 100: 70253 vertices, 70762 faces
slice 110: 85568 vertices, 86082 faces
slice 120: 99793 vertices, 100262 faces
slice 130: 113585 vertices, 114083 faces
slice 140: 127859 vertices, 128357 faces
slice 150: 138676 vertices, 139068 faces
slice 160: 149424 vertices, 149809 faces
slice 170: 158195 vertices, 158486 faces
slice 180: 164694 vertices, 164919 faces
slice 190: 169700 vertices, 169888 faces
slice 200: 172332 vertices, 172367 faces
slice 210: 172340 vertices, 172370 faces
slice 220: 172340 vertices, 172370 faces
slice 230: 172340 vertices, 172370 faces
slice 240: 172340 vertices, 172370 faces
slice 250: 172340 vertices, 172370 faces
using the conformed surface RAS to save vertex points...
writing ../surf/rh.orig.nofix
using vox2ras matrix:
-1.00000   0.00000   0.00000   128.00000;
 0.00000   0.00000   1.00000  -128.00000;
 0.00000  -1.00000   0.00000   128.00000;
 0.00000   0.00000   0.00000   1.00000;

 rm -f ../mri/filled-pretess127.mgz 


 mris_extract_main_component ../surf/rh.orig.nofix ../surf/rh.orig.nofix 


counting number of connected components...
   172340 voxel in cpt #1: X=-30 [v=172340,e=517110,f=344740] located at (27.969490, -16.055855, -2.928920)
For the whole surface: X=-30 [v=172340,e=517110,f=344740]
One single component has been found
nothing to do
done

#--------------------------------------------
#@# Smooth1 rh Sat Mar 14 12:10:39 CET 2026
/out/sourcedata/freesurfer/sub-v2s9x29156_ses-1/scripts

 mris_smooth -nw -seed 1234 ../surf/rh.orig.nofix ../surf/rh.smoothwm.nofix 

setting seed for random number generator to 1234
smoothing surface tessellation for 10 iterations...
smoothing complete - recomputing first and second fundamental forms...
#--------------------------------------------
#@# Inflation1 rh Sat Mar 14 12:10:42 CET 2026
/out/sourcedata/freesurfer/sub-v2s9x29156_ses-1/scripts

 mris_inflate -no-save-sulc ../surf/rh.smoothwm.nofix ../surf/rh.inflated.nofix 

Not saving sulc
Reading ../surf/rh.smoothwm.nofix
avg radius = 48.0 mm, total surface area = 92252 mm^2
step 000: RMS=0.152 (target=0.015)   step 005: RMS=0.116 (target=0.015)   step 010: RMS=0.086 (target=0.015)   step 015: RMS=0.073 (target=0.015)   step 020: RMS=0.064 (target=0.015)   step 025: RMS=0.056 (target=0.015)   step 030: RMS=0.050 (target=0.015)   step 035: RMS=0.047 (target=0.015)   step 040: RMS=0.044 (target=0.015)   step 045: RMS=0.042 (target=0.015)   step 050: RMS=0.040 (target=0.015)   step 055: RMS=0.041 (target=0.015)   step 060: RMS=0.041 (target=0.015)   writing inflated surface to ../surf/rh.inflated.nofix
inflation took 0.2 minutes

inflation complete.
Not saving sulc
mris_inflate utimesec    44.760678
mris_inflate stimesec    1.991520
mris_inflate ru_maxrss   277112
mris_inflate ru_ixrss    0
mris_inflate ru_idrss    0
mris_inflate ru_isrss    0
mris_inflate ru_minflt   650376
mris_inflate ru_majflt   12
mris_inflate ru_nswap    0
mris_inflate ru_inblock  0
mris_inflate ru_oublock  12128
mris_inflate ru_msgsnd   0
mris_inflate ru_msgrcv   0
mris_inflate ru_nsignals 0
mris_inflate ru_nvcsw    5998
mris_inflate ru_nivcsw   229
#--------------------------------------------
#@# QSphere rh Sat Mar 14 12:10:52 CET 2026
/out/sourcedata/freesurfer/sub-v2s9x29156_ses-1/scripts

 mris_sphere -q -p 6 -a 128 -seed 1234 ../surf/rh.inflated.nofix ../surf/rh.qsphere.nofix 

doing quick spherical unfolding.
limitting unfolding to 6 passes
using n_averages = 128
setting seed for random number genererator to 1234
version: 7.3.2
available threads: 16
scaling brain by 0.302...
inflating...
projecting onto sphere...
surface projected - minimizing metric distortion...
vertex spacing 0.90 +- 0.52 (0.00-->6.61) (max @ vno 130045 --> 130046)
face area 0.02 +- 0.03 (-0.19-->0.71)
Entering MRISinflateToSphere()
inflating to sphere (rms error < 2.00)
000: dt: 0.0000, rms radial error=175.759, avgs=0
005/300: dt: 0.9000, rms radial error=175.500, avgs=0
010/300: dt: 0.9000, rms radial error=174.945, avgs=0
015/300: dt: 0.9000, rms radial error=174.217, avgs=0
020/300: dt: 0.9000, rms radial error=173.390, avgs=0
025/300: dt: 0.9000, rms radial error=172.506, avgs=0
030/300: dt: 0.9000, rms radial error=171.590, avgs=0
035/300: dt: 0.9000, rms radial error=170.657, avgs=0
040/300: dt: 0.9000, rms radial error=169.717, avgs=0
045/300: dt: 0.9000, rms radial error=168.774, avgs=0
050/300: dt: 0.9000, rms radial error=167.832, avgs=0
055/300: dt: 0.9000, rms radial error=166.893, avgs=0
060/300: dt: 0.9000, rms radial error=165.958, avgs=0
065/300: dt: 0.9000, rms radial error=165.027, avgs=0
070/300: dt: 0.9000, rms radial error=164.101, avgs=0
075/300: dt: 0.9000, rms radial error=163.179, avgs=0
080/300: dt: 0.9000, rms radial error=162.263, avgs=0
085/300: dt: 0.9000, rms radial error=161.351, avgs=0
090/300: dt: 0.9000, rms radial error=160.444, avgs=0
095/300: dt: 0.9000, rms radial error=159.542, avgs=0
100/300: dt: 0.9000, rms radial error=158.645, avgs=0
105/300: dt: 0.9000, rms radial error=157.753, avgs=0
110/300: dt: 0.9000, rms radial error=156.865, avgs=0
115/300: dt: 0.9000, rms radial error=155.982, avgs=0
120/300: dt: 0.9000, rms radial error=155.105, avgs=0
125/300: dt: 0.9000, rms radial error=154.233, avgs=0
130/300: dt: 0.9000, rms radial error=153.365, avgs=0
135/300: dt: 0.9000, rms radial error=152.502, avgs=0
140/300: dt: 0.9000, rms radial error=151.644, avgs=0
145/300: dt: 0.9000, rms radial error=150.790, avgs=0
150/300: dt: 0.9000, rms radial error=149.940, avgs=0
155/300: dt: 0.9000, rms radial error=149.096, avgs=0
160/300: dt: 0.9000, rms radial error=148.255, avgs=0
165/300: dt: 0.9000, rms radial error=147.420, avgs=0
170/300: dt: 0.9000, rms radial error=146.589, avgs=0
175/300: dt: 0.9000, rms radial error=145.762, avgs=0
180/300: dt: 0.9000, rms radial error=144.941, avgs=0
185/300: dt: 0.9000, rms radial error=144.125, avgs=0
190/300: dt: 0.9000, rms radial error=143.313, avgs=0
195/300: dt: 0.9000, rms radial error=142.506, avgs=0
200/300: dt: 0.9000, rms radial error=141.703, avgs=0
205/300: dt: 0.9000, rms radial error=140.905, avgs=0
210/300: dt: 0.9000, rms radial error=140.111, avgs=0
215/300: dt: 0.9000, rms radial error=139.322, avgs=0
220/300: dt: 0.9000, rms radial error=138.536, avgs=0
225/300: dt: 0.9000, rms radial error=137.755, avgs=0
230/300: dt: 0.9000, rms radial error=136.979, avgs=0
235/300: dt: 0.9000, rms radial error=136.206, avgs=0
240/300: dt: 0.9000, rms radial error=135.438, avgs=0
245/300: dt: 0.9000, rms radial error=134.675, avgs=0
250/300: dt: 0.9000, rms radial error=133.916, avgs=0
255/300: dt: 0.9000, rms radial error=133.162, avgs=0
260/300: dt: 0.9000, rms radial error=132.411, avgs=0
265/300: dt: 0.9000, rms radial error=131.665, avgs=0
270/300: dt: 0.9000, rms radial error=130.923, avgs=0
275/300: dt: 0.9000, rms radial error=130.185, avgs=0
280/300: dt: 0.9000, rms radial error=129.451, avgs=0
285/300: dt: 0.9000, rms radial error=128.721, avgs=0
290/300: dt: 0.9000, rms radial error=127.995, avgs=0
295/300: dt: 0.9000, rms radial error=127.273, avgs=0
300/300: dt: 0.9000, rms radial error=126.556, avgs=0

spherical inflation complete.
epoch 1 (K=10.0), pass 1, starting sse = 20287.97
taking momentum steps...
taking momentum steps...
taking momentum steps...
taking momentum steps...
pass 1 complete, delta sse/iter = 0.00/13 = 0.00027
epoch 2 (K=40.0), pass 1, starting sse = 3363.94
taking momentum steps...
taking momentum steps...
taking momentum steps...
taking momentum steps...
pass 1 complete, delta sse/iter = 0.00/13 = 0.00008
epoch 3 (K=160.0), pass 1, starting sse = 327.56
taking momentum steps...
taking momentum steps...
taking momentum steps...
taking momentum steps...
pass 1 complete, delta sse/iter = 0.07/14 = 0.00507
epoch 4 (K=640.0), pass 1, starting sse = 21.42
taking momentum steps...
taking momentum steps...
taking momentum steps...
taking momentum steps...
pass 1 complete, delta sse/iter = 0.06/15 = 0.00367
final distance error %100000.00
writing spherical brain to ../surf/rh.qsphere.nofix
spherical transformation took 0.0127 hours
FSRUNTIME@ mris_sphere  0.0127 hours 16 threads
#VMPC# mris_sphere VmPeak  1606276
mris_sphere done
#@# Fix Topology rh Sat Mar 14 12:11:38 CET 2026

 mris_fix_topology -mgz -sphere qsphere.nofix -inflated inflated.nofix -orig orig.nofix -out orig.premesh -ga -seed 1234 sub-v2s9x29156_ses-1 rh 

reading spherical homeomorphism from 'qsphere.nofix'
reading inflated coordinates from 'inflated.nofix'
reading original coordinates from 'orig.nofix'
using genetic algorithm with optimized parameters
setting seed for random number genererator to 1234

*************************************************************
Topology Correction Parameters
retessellation mode:           genetic search
number of patches/generation : 10
number of generations :        10
surface mri loglikelihood coefficient :         1.0
volume mri loglikelihood coefficient :          10.0
normal dot loglikelihood coefficient :          1.0
quadratic curvature loglikelihood coefficient : 1.0
volume resolution :                             2
eliminate vertices during search :              1
initial patch selection :                       1
select all defect vertices :                    0
ordering dependant retessellation:              0
use precomputed edge table :                    0
smooth retessellated patch :                    2
match retessellated patch :                     1
verbose mode :                                  0

*************************************************************
INFO: assuming .mgz format
writing corrected surface to 'orig.premesh'
7.3.2
  7.3.2
before topology correction, eno=-30 (nv=172340, nf=344740, ne=517110, g=16)
using quasi-homeomorphic spherical map to tessellate cortical surface...

Correction of the Topology
Finding true center and radius of Spherical Surface...done
Surface centered at (0,0,0) with radius 100.0 in 9 iterations
marking ambiguous vertices...
7875 ambiguous faces found in tessellation
segmenting defects...
25 defects found, arbitrating ambiguous regions...
analyzing neighboring defects...
      -merging segment 9 into 8
      -merging segment 20 into 18
23 defects to be corrected 
0 vertices coincident
reading input surface /out/sourcedata/freesurfer/sub-v2s9x29156_ses-1/surf/rh.qsphere.nofix...
reading brain volume from brain...
reading wm segmentation from wm...
Reading original properties of orig.nofix
Reading vertex positions of inflated.nofix
Computing Initial Surface Statistics
      -face       loglikelihood: -9.3678  (-4.6839)
      -vertex     loglikelihood: -6.4101  (-3.2051)
      -normal dot loglikelihood: -3.6604  (-3.6604)
      -quad curv  loglikelihood: -6.2515  (-3.1258)
      Total Loglikelihood : -25.6899
CORRECTING DEFECT 0 (vertices=21, convex hull=29, v0=5058)
After retessellation of defect 0 (v0=5058), euler #=-20 (167844,502538,334674) : difference with theory (-20) = 0 
CORRECTING DEFECT 1 (vertices=66, convex hull=34, v0=6819)
After retessellation of defect 1 (v0=6819), euler #=-19 (167847,502559,334693) : difference with theory (-19) = 0 
CORRECTING DEFECT 2 (vertices=6, convex hull=24, v0=7913)
After retessellation of defect 2 (v0=7913), euler #=-18 (167848,502569,334703) : difference with theory (-18) = 0 
CORRECTING DEFECT 3 (vertices=1574, convex hull=742, v0=9560)
An extra large defect has been detected...
This often happens because cerebellum or dura has not been removed from wm.mgz.
This may cause recon-all to run very slowly or crash.
if so, see https://surfer.nmr.mgh.harvard.edu/fswiki/FsTutorial/TopologicalDefect_freeview
After retessellation of defect 3 (v0=9560), euler #=-19 (168297,504297,335981) : difference with theory (-17) = 2 
CORRECTING DEFECT 4 (vertices=24, convex hull=36, v0=13296)
After retessellation of defect 4 (v0=13296), euler #=-18 (168300,504320,336002) : difference with theory (-16) = 2 
CORRECTING DEFECT 5 (vertices=37, convex hull=73, v0=36739)
After retessellation of defect 5 (v0=36739), euler #=-17 (168309,504379,336053) : difference with theory (-15) = 2 
CORRECTING DEFECT 6 (vertices=15, convex hull=57, v0=40496)
After retessellation of defect 6 (v0=40496), euler #=-16 (168319,504431,336096) : difference with theory (-14) = 2 
CORRECTING DEFECT 7 (vertices=115, convex hull=40, v0=63505)
After retessellation of defect 7 (v0=63505), euler #=-15 (168327,504472,336130) : difference with theory (-13) = 2 
CORRECTING DEFECT 8 (vertices=410, convex hull=252, v0=65316)
After retessellation of defect 8 (v0=65316), euler #=-13 (168374,504731,336344) : difference with theory (-12) = 1 
CORRECTING DEFECT 9 (vertices=9, convex hull=15, v0=72708)
After retessellation of defect 9 (v0=72708), euler #=-12 (168374,504734,336348) : difference with theory (-11) = 1 
CORRECTING DEFECT 10 (vertices=14, convex hull=38, v0=80637)
After retessellation of defect 10 (v0=80637), euler #=-11 (168378,504757,336368) : difference with theory (-10) = 1 
CORRECTING DEFECT 11 (vertices=1510, convex hull=310, v0=84807)
After retessellation of defect 11 (v0=84807), euler #=-10 (168432,505063,336621) : difference with theory (-9) = 1 
CORRECTING DEFECT 12 (vertices=71, convex hull=34, v0=87434)
After retessellation of defect 12 (v0=87434), euler #=-9 (168441,505099,336649) : difference with theory (-8) = 1 
CORRECTING DEFECT 13 (vertices=255, convex hull=89, v0=94635)
After retessellation of defect 13 (v0=94635), euler #=-8 (168477,505247,336762) : difference with theory (-7) = 1 
CORRECTING DEFECT 14 (vertices=37, convex hull=63, v0=112222)
After retessellation of defect 14 (v0=112222), euler #=-7 (168492,505318,336819) : difference with theory (-6) = 1 
CORRECTING DEFECT 15 (vertices=11, convex hull=28, v0=118935)
After retessellation of defect 15 (v0=118935), euler #=-6 (168494,505331,336831) : difference with theory (-5) = 1 
CORRECTING DEFECT 16 (vertices=84, convex hull=51, v0=119101)
After retessellation of defect 16 (v0=119101), euler #=-5 (168504,505386,336877) : difference with theory (-4) = 1 
CORRECTING DEFECT 17 (vertices=86, convex hull=84, v0=121797)
After retessellation of defect 17 (v0=121797), euler #=-3 (168531,505507,336973) : difference with theory (-3) = 0 
CORRECTING DEFECT 18 (vertices=5, convex hull=26, v0=123389)
After retessellation of defect 18 (v0=123389), euler #=-2 (168533,505519,336984) : difference with theory (-2) = 0 
CORRECTING DEFECT 19 (vertices=44, convex hull=37, v0=127610)
After retessellation of defect 19 (v0=127610), euler #=-1 (168545,505568,337022) : difference with theory (-1) = 0 
CORRECTING DEFECT 20 (vertices=18, convex hull=24, v0=141496)
After retessellation of defect 20 (v0=141496), euler #=0 (168550,505589,337039) : difference with theory (0) = 0 
CORRECTING DEFECT 21 (vertices=27, convex hull=91, v0=164824)
After retessellation of defect 21 (v0=164824), euler #=1 (168559,505647,337089) : difference with theory (1) = 0 
CORRECTING DEFECT 22 (vertices=59, convex hull=56, v0=166308)
After retessellation of defect 22 (v0=166308), euler #=2 (168575,505719,337146) : difference with theory (2) = 0 
computing original vertex metric properties...
storing new metric properties...
computing tessellation statistics...
vertex spacing 0.89 +- 0.25 (0.05-->44.13) (max @ vno 92379 --> 113623)
face area -nan +- -nan (1000.00-->-1.00)
performing soap bubble on retessellated vertices for 0 iterations...
vertex spacing 0.89 +- 0.25 (0.05-->44.13) (max @ vno 92379 --> 113623)
face area -nan +- -nan (1000.00-->-1.00)
tessellation finished, orienting corrected surface...
85 mutations (34.8%), 159 crossovers (65.2%), 304 vertices were eliminated
building final representation...
3765 vertices and 0 faces have been removed from triangulation
after topology correction, eno=2 (nv=168575, nf=337146, ne=505719, g=0)
writing corrected surface to /out/sourcedata/freesurfer/sub-v2s9x29156_ses-1/surf/rh.orig.premesh...

0.000 % of the vertices (0 vertices) exhibit an orientation change
removing intersecting faces
000: 381 intersecting
001: 17 intersecting
002: 3 intersecting
terminating search with 0 intersecting
topology fixing took 3.5 minutes
FSRUNTIME@ mris_fix_topology rh  0.0579 hours 16 threads
#VMPC# mris_fix_topology VmPeak  1888596

 mris_euler_number ../surf/rh.orig.premesh 

euler # = v-e+f = 2g-2: 168575 - 505719 + 337146 = 2 --> 0 holes
      F =2V-4:          337146 = 337150-4 (0)
      2E=3F:            1011438 = 1011438 (0)

total defect index = 0
Sat Mar 14 12:15:07 CET 2026

setenv SUBJECTS_DIR /out/sourcedata/freesurfer
cd /out/sourcedata/freesurfer/sub-v2s9x29156_ses-1/scripts
/opt/freesurfer/bin/defect2seg --s sub-v2s9x29156_ses-1 --rh-only --cortex

freesurfer-linux-ubuntu22_x86_64-7.3.2-20220804-6354275
defect2seg 7.3.2
Linux dna069 5.14.0-427.37.1.el9_4.x86_64 #1 SMP PREEMPT_DYNAMIC Fri Sep 13 12:41:50 EDT 2024 x86_64 x86_64 x86_64 GNU/Linux
pid 2489030
mri_label2label --label-cortex /out/sourcedata/freesurfer/sub-v2s9x29156_ses-1/surf/rh.orig.nofix /out/sourcedata/freesurfer/sub-v2s9x29156_ses-1/mri/aseg.presurf.mgz 0 /out/sourcedata/freesurfer/sub-v2s9x29156_ses-1/label/rh.nofix.cortex.label

 Generating cortex label... RemoveHipAmgy=0
 NucAccIsMedialWall=0
 mris->useRealRAS=0
18 non-cortical segments detected
only using segment with 8425 vertices
erasing segment 1 (vno[0] = 72898)
erasing segment 2 (vno[0] = 76258)
erasing segment 3 (vno[0] = 80711)
erasing segment 4 (vno[0] = 103281)
erasing segment 5 (vno[0] = 103292)
erasing segment 6 (vno[0] = 109015)
erasing segment 7 (vno[0] = 111958)
erasing segment 8 (vno[0] = 118363)
erasing segment 9 (vno[0] = 118750)
erasing segment 10 (vno[0] = 118912)
erasing segment 11 (vno[0] = 121703)
erasing segment 12 (vno[0] = 123150)
erasing segment 13 (vno[0] = 127610)
erasing segment 14 (vno[0] = 128726)
erasing segment 15 (vno[0] = 128854)
erasing segment 16 (vno[0] = 136059)
erasing segment 17 (vno[0] = 145992)
mri_label2vol --defects /out/sourcedata/freesurfer/sub-v2s9x29156_ses-1/surf/rh.orig.nofix /out/sourcedata/freesurfer/sub-v2s9x29156_ses-1/surf/rh.defect_labels /out/sourcedata/freesurfer/sub-v2s9x29156_ses-1/mri/orig.mgz 2000 0 /out/sourcedata/freesurfer/sub-v2s9x29156_ses-1/mri/rh.surface.defects.mgz /out/sourcedata/freesurfer/sub-v2s9x29156_ses-1/label/rh.nofix.cortex.label
mri_label2vol supposed to be reproducible but seed not set
Contraining to label /out/sourcedata/freesurfer/sub-v2s9x29156_ses-1/label/rh.nofix.cortex.label
Changing input type 0 to MRI_INT
Converting defects to volume: offset=2000, merge=0
Writing to /out/sourcedata/freesurfer/sub-v2s9x29156_ses-1/mri/rh.surface.defects.mgz
mris_defects_pointset -s /out/sourcedata/freesurfer/sub-v2s9x29156_ses-1/surf/rh.orig.nofix -d /out/sourcedata/freesurfer/sub-v2s9x29156_ses-1/surf/rh.defect_labels -o /out/sourcedata/freesurfer/sub-v2s9x29156_ses-1/surf/rh.defects.pointset --label /out/sourcedata/freesurfer/sub-v2s9x29156_ses-1/label/rh.nofix.cortex.label
Reading in surface /out/sourcedata/freesurfer/sub-v2s9x29156_ses-1/surf/rh.orig.nofix
Reading in defect segmentation /out/sourcedata/freesurfer/sub-v2s9x29156_ses-1/surf/rh.defect_labels
Reading in label /out/sourcedata/freesurfer/sub-v2s9x29156_ses-1/label/rh.nofix.cortex.label
#VMPC# mris_defects_pointset 1304716
mris_defects_pointset done
 
Started at Sat Mar 14 12:15:07 CET 2026 
Ended   at Sat Mar 14 12:15:19 CET 2026
Defect2seg-Run-Time-Sec 12
Defect2seg-Run-Time-Min 0.24
Defect2seg-Run-Time-Hours 0.00
 
tkmeditfv sub-v2s9x29156_ses-1 brain.finalsurfs.mgz -defect
defect2seg Done

 mris_remesh --remesh --iters 3 --input /out/sourcedata/freesurfer/sub-v2s9x29156_ses-1/surf/rh.orig.premesh --output /out/sourcedata/freesurfer/sub-v2s9x29156_ses-1/surf/rh.orig 

iters = 3
standard remeshing without target
   adjusted l: 0.709768
remeshing to edge length 0.709768 with 3 iterations

avg qual before   : 0.892113  after: 0.971148

Removing intersections
removing intersecting faces
000: 34 intersecting
001: 14 intersecting
step 1 with no progress (num=14, old_num=14)
002: 14 intersecting
step 2 with no progress (num=14, old_num=14)
003: 14 intersecting
step 3 with no progress (num=14, old_num=14)
004: 14 intersecting
step 4 with no progress (num=14, old_num=14)
005: 14 intersecting
step 5 with no progress (num=14, old_num=14)
006: 14 intersecting
step 6 with no progress (num=14, old_num=14)
007: 14 intersecting
step 7 with no progress (num=14, old_num=14)
008: 14 intersecting
step 8 with no progress (num=14, old_num=14)
009: 14 intersecting
step 9 with no progress (num=14, old_num=14)
010: 14 intersecting
step 10 with no progress (num=14, old_num=14)
011: 14 intersecting
step 11 with no progress (num=14, old_num=14)
012: 14 intersecting
step 12 with no progress (num=14, old_num=14)
013: 14 intersecting
step 13 with no progress (num=14, old_num=14)
014: 14 intersecting
step 14 with no progress (num=14, old_num=14)
015: 14 intersecting
step 15 with no progress (num=14, old_num=14)
016: 14 intersecting
step 16 with no progress (num=14, old_num=14)
terminating search with 14 intersecting
Remeshed surface quality stats nv0 = 168575  nv = 176230  1.04541
Area    352456  0.30150  0.03388 0.002931   0.4641
Corner 1057368 60.00000  8.84572 1.008656 177.2174
Edge    528684  0.84237  0.08244 0.020039   1.3138
Hinge   528684  9.38353 10.48465 0.000000 177.8205
mris_remesh done
/out/sourcedata/freesurfer/sub-v2s9x29156_ses-1/scripts

 mris_remove_intersection ../surf/rh.orig ../surf/rh.orig 

intersection removal took 0.01 hours
removing intersecting faces
000: 14 intersecting
step 1 with no progress (num=14, old_num=14)
001: 14 intersecting
step 2 with no progress (num=14, old_num=14)
002: 14 intersecting
step 3 with no progress (num=14, old_num=14)
003: 14 intersecting
step 4 with no progress (num=14, old_num=14)
004: 14 intersecting
step 5 with no progress (num=14, old_num=14)
005: 14 intersecting
step 6 with no progress (num=14, old_num=14)
006: 14 intersecting
step 7 with no progress (num=14, old_num=14)
007: 14 intersecting
step 8 with no progress (num=14, old_num=14)
008: 14 intersecting
step 9 with no progress (num=14, old_num=14)
009: 14 intersecting
step 10 with no progress (num=14, old_num=14)
010: 14 intersecting
step 11 with no progress (num=14, old_num=14)
011: 14 intersecting
step 12 with no progress (num=14, old_num=14)
012: 14 intersecting
step 13 with no progress (num=14, old_num=14)
013: 14 intersecting
step 14 with no progress (num=14, old_num=14)
014: 14 intersecting
step 15 with no progress (num=14, old_num=14)
015: 14 intersecting
step 16 with no progress (num=14, old_num=14)
terminating search with 14 intersecting
writing corrected surface to ../surf/rh.orig

 rm -f ../surf/rh.inflated 

#--------------------------------------------
#@# AutoDetGWStats rh Sat Mar 14 12:16:47 CET 2026
cd /out/sourcedata/freesurfer/sub-v2s9x29156_ses-1/mri
mris_autodet_gwstats --o ../surf/autodet.gw.stats.rh.dat --i brain.finalsurfs.mgz --wm wm.mgz --surf ../surf/rh.orig.premesh
7.3.2

cd /out/sourcedata/freesurfer/sub-v2s9x29156_ses-1/mri
setenv SUBJECTS_DIR /out/sourcedata/freesurfer
mris_autodet_gwstats --o ../surf/autodet.gw.stats.rh.dat --i brain.finalsurfs.mgz --wm wm.mgz --surf ../surf/rh.orig.premesh 

border white:    304893 voxels (1.82%)
border gray      373529 voxels (2.23%)
Reading in intensity volume brain.finalsurfs.mgz
Reading in wm volume wm.mgz
Reading in surf ../surf/rh.orig.premesh
Auto detecting stats
MRIclipBrightWM(): nthresh=21815, wmmin=5, clip=110 
Binarizing thresholding at 5
computing class statistics... low=30, hi=110.000000
CCS WM (96.0): 96.6 +- 9.2 [70.0 --> 110.0]
CCS GM (66.0) : 66.6 +- 10.0 [30.0 --> 110.0]
white_mean = 96.5601 +/- 9.22693, gray_mean = 66.6006 +/- 10.0496
using class modes intead of means, discounting robust sigmas....
MRIScomputeClassModes(): min=0 max=218 nbins=219
intensity peaks found at WM=102+-7.0,    GM=62+-6.1
white_mode = 102, gray_mode = 62
std_scale = 1
Applying sanity checks, max_scale_down = 0.2
setting MIN_GRAY_AT_WHITE_BORDER to 52.0 (was 70.000000)
setting MAX_BORDER_WHITE to 111.2 (was 105.000000)
setting MIN_BORDER_WHITE to 62.0 (was 85.000000)
setting MAX_CSF to 41.9 (was 40.000000)
setting MAX_GRAY to 92.8 (was 95.000000)
setting MAX_GRAY_AT_CSF_BORDER to 52.0 (was 75.000000)
setting MIN_GRAY_AT_CSF_BORDER to 31.9 (was 40.000000)
When placing the white surface
  white_border_hi   = 111.227;
  white_border_low  = 62;
  white_outside_low = 51.9504;
  white_inside_hi   = 120;
  white_outside_hi  = 111.227;
When placing the pial surface
  pial_border_hi   = 51.9504;
  pial_border_low  = 31.8513;
  pial_outside_low = 10;
  pial_inside_hi   = 92.7731;
  pial_outside_hi  = 46.9257;
#VMPC# mris_autodet_gwstats VmPeak  1425808
mris_autodet_gwstats done
#--------------------------------------------
#@# WhitePreAparc rh Sat Mar 14 12:16:50 CET 2026
cd /out/sourcedata/freesurfer/sub-v2s9x29156_ses-1/mri
mris_place_surface --adgws-in ../surf/autodet.gw.stats.rh.dat --wm wm.mgz --threads 16 --invol brain.finalsurfs.mgz --rh --i ../surf/rh.orig --o ../surf/rh.white.preaparc --white --seg aseg.presurf.mgz --nsmooth 5
7.3.2
7.3.2

cd /out/sourcedata/freesurfer/sub-v2s9x29156_ses-1/mri
setenv SUBJECTS_DIR /out/sourcedata/freesurfer
mris_place_surface --adgws-in ../surf/autodet.gw.stats.rh.dat --wm wm.mgz --threads 16 --invol brain.finalsurfs.mgz --rh --i ../surf/rh.orig --o ../surf/rh.white.preaparc --white --seg aseg.presurf.mgz --nsmooth 5 

Reading in input surface ../surf/rh.orig
Smoothing surface before ripping with 5 iterations
removing intersecting faces
000: 85 intersecting
step 1 with no progress (num=111, old_num=85)
001: 111 intersecting
step 2 with no progress (num=111, old_num=111)
002: 111 intersecting
step 3 with no progress (num=113, old_num=111)
003: 113 intersecting
004: 107 intersecting
005: 104 intersecting
006: 100 intersecting
step 1 with no progress (num=105, old_num=100)
007: 105 intersecting
008: 84 intersecting
009: 66 intersecting
010: 62 intersecting
step 1 with no progress (num=74, old_num=62)
011: 74 intersecting
step 2 with no progress (num=77, old_num=74)
012: 77 intersecting
013: 63 intersecting
014: 59 intersecting
step 1 with no progress (num=73, old_num=59)
015: 73 intersecting
step 2 with no progress (num=77, old_num=73)
016: 77 intersecting
017: 60 intersecting
step 1 with no progress (num=63, old_num=60)
018: 63 intersecting
step 2 with no progress (num=63, old_num=63)
019: 63 intersecting
step 3 with no progress (num=86, old_num=63)
020: 86 intersecting
021: 66 intersecting
step 1 with no progress (num=66, old_num=66)
022: 66 intersecting
023: 62 intersecting
step 1 with no progress (num=64, old_num=62)
024: 64 intersecting
step 2 with no progress (num=79, old_num=64)
025: 79 intersecting
step 3 with no progress (num=124, old_num=79)
026: 124 intersecting
027: 114 intersecting
step 1 with no progress (num=116, old_num=114)
028: 116 intersecting
step 2 with no progress (num=118, old_num=116)
029: 118 intersecting
030: 105 intersecting
031: 99 intersecting
032: 79 intersecting
step 1 with no progress (num=82, old_num=79)
033: 82 intersecting
034: 80 intersecting
035: 68 intersecting
step 1 with no progress (num=74, old_num=68)
036: 74 intersecting
step 2 with no progress (num=75, old_num=74)
037: 75 intersecting
038: 73 intersecting
039: 70 intersecting
040: 67 intersecting
step 1 with no progress (num=80, old_num=67)
041: 80 intersecting
042: 71 intersecting
step 1 with no progress (num=73, old_num=71)
043: 73 intersecting
step 2 with no progress (num=74, old_num=73)
044: 74 intersecting
045: 66 intersecting
step 1 with no progress (num=93, old_num=66)
046: 93 intersecting
047: 82 intersecting
step 1 with no progress (num=83, old_num=82)
048: 83 intersecting
049: 79 intersecting
050: 78 intersecting
051: 65 intersecting
step 1 with no progress (num=65, old_num=65)
052: 65 intersecting
step 2 with no progress (num=87, old_num=65)
053: 87 intersecting
054: 68 intersecting
step 1 with no progress (num=71, old_num=68)
055: 71 intersecting
step 2 with no progress (num=87, old_num=71)
056: 87 intersecting
057: 65 intersecting
step 1 with no progress (num=66, old_num=65)
058: 66 intersecting
step 2 with no progress (num=70, old_num=66)
059: 70 intersecting
step 3 with no progress (num=79, old_num=70)
060: 79 intersecting
061: 77 intersecting
062: 53 intersecting
step 1 with no progress (num=67, old_num=53)
063: 67 intersecting
step 2 with no progress (num=68, old_num=67)
064: 68 intersecting
step 3 with no progress (num=72, old_num=68)
065: 72 intersecting
066: 67 intersecting
step 1 with no progress (num=82, old_num=67)
067: 82 intersecting
068: 62 intersecting
step 1 with no progress (num=77, old_num=62)
069: 77 intersecting
070: 76 intersecting
071: 71 intersecting
072: 64 intersecting
step 1 with no progress (num=66, old_num=64)
073: 66 intersecting
step 2 with no progress (num=72, old_num=66)
074: 72 intersecting
step 3 with no progress (num=77, old_num=72)
075: 77 intersecting
076: 70 intersecting
077: 67 intersecting
step 1 with no progress (num=77, old_num=67)
078: 77 intersecting
079: 68 intersecting
step 1 with no progress (num=73, old_num=68)
080: 73 intersecting
081: 70 intersecting
082: 66 intersecting
step 1 with no progress (num=76, old_num=66)
083: 76 intersecting
084: 75 intersecting
085: 66 intersecting
step 1 with no progress (num=67, old_num=66)
086: 67 intersecting
087: 64 intersecting
step 1 with no progress (num=66, old_num=64)
088: 66 intersecting
089: 65 intersecting
step 1 with no progress (num=71, old_num=65)
090: 71 intersecting
091: 60 intersecting
step 1 with no progress (num=63, old_num=60)
092: 63 intersecting
step 2 with no progress (num=66, old_num=63)
093: 66 intersecting
step 3 with no progress (num=77, old_num=66)
094: 77 intersecting
step 4 with no progress (num=81, old_num=77)
095: 81 intersecting
096: 70 intersecting
097: 62 intersecting
step 1 with no progress (num=79, old_num=62)
098: 79 intersecting
step 2 with no progress (num=81, old_num=79)
099: 81 intersecting
100: 67 intersecting
step 1 with no progress (num=67, old_num=67)
101: 67 intersecting
terminating search with 53 intersecting
Area    352456  0.26680  0.06465 0.000000   0.5943
Corner 1057368 60.00000  9.93319 0.000123 179.9994
Edge    528684  0.78853  0.11769 0.000269   1.3377
Hinge   528684  6.36473  7.13179 0.000008 179.9972
Not reading in aparc
Reading in input volume brain.finalsurfs.mgz
Reading in wm volume wm.mgz
MRIclipBrightWM(): nthresh=21815, wmmin=5, clip=110 
MRIfindBrightNonWM(): 2765 bright non-wm voxels segmented.
Masking bright non-wm for white surface
MRImask(): AllowDiffGeom = 1
MRImask(): AllowDiffGeom = 1
Reading in seg volume aseg.presurf.mgz
Ripping frozen voxels
INFO: rip surface needed but not specified, so using input surface
Freezing midline and others
Entering: MRISripMidline(): inhibiting deformation at non-cortical midline structures...
  which=1, fix_mtl=0, using annot = 0
#FML0# MRISripMidline(): nripped=0
removing 4 vertices from ripped group in thread:0
removing 3 vertices from ripped group in thread:0
removing 2 vertices from ripped group in thread:0
removing 2 vertices from ripped group in thread:0
removing 2 vertices from ripped group in thread:0
#FML# MRISripMidline(): nmarked=7807, nmarked2=87, nripped=7807
Ripping segs (eg, WMSA, BG, frozen)
Starting MRISripSegs() d = (-2 2 0.5) segnos: 247 
MRISripSegs(): -2 2 0.5 ripped 0
vertex 88115: xyz = (20.8279,-4.98508,-42.9897) oxyz = (20.8279,-4.98508,-42.9897) wxzy = (20.8279,-4.98508,-42.9897) pxyz = (0,0,0) 
CBVO Creating mask 176230
n_averages 4
Iteration 0 =========================================
n_averages=4, current_sigma=2
Freezing midline and others
Ripping frozen voxels
INFO: rip surface needed but not specified, so using input surface
Freezing midline and others
Entering: MRISripMidline(): inhibiting deformation at non-cortical midline structures...
  which=1, fix_mtl=0, using annot = 0
#FML0# MRISripMidline(): nripped=7807
removing 4 vertices from ripped group in thread:0
removing 3 vertices from ripped group in thread:0
removing 2 vertices from ripped group in thread:0
removing 2 vertices from ripped group in thread:0
removing 2 vertices from ripped group in thread:0
#FML# MRISripMidline(): nmarked=7807, nmarked2=87, nripped=7807
Ripping segs (eg, WMSA, BG, frozen)
Starting MRISripSegs() d = (-2 2 0.5) segnos: 247 247 
MRISripSegs(): -2 2 0.5 ripped 0
Computing target border values 
Entering MRIScomputeBorderValues_new(): 
  inside_hi   = 120.0000000;
  border_hi   = 111.2269290;
  border_low  =  62.0000000;
  outside_low =  51.9504470;
  outside_hi  = 111.2269290;
  sigma = 2;
  max_thickness = 10;
  step_size=0.5;
  STEP_SIZE=0.1;
  which = 1
  thresh = 0
  flags = 0
  CBVfindFirstPeakD1=0
  CBVfindFirstPeakD2=0
  nvertices=176230
  Gdiag_no=-1
  vno start=0, stop=176230
Replacing 255s with 0s
#SI# sigma=2 had to be increased for 303 vertices, nripped=7807
mean border=76.7, 114 (114) missing vertices, mean dist 0.2 [0.4 (%39.7)->0.7 (%60.3))]
%85 local maxima, %11 large gradients and % 0 min vals, 0 gradients ignored
nFirstPeakD1 0
MRIScomputeBorderValues_new() finished in 0.0147 min


Finding expansion regions
mean absolute distance = 0.60 +- 0.73
5367 vertices more than 2 sigmas from mean.
Averaging target values for 5 iterations...
Positioning Surface: tspring = 0.3, nspring = 0.3, spring = 0, niters = 100 l_repulse = 5, l_surf_repulse = 0, checktol = 0
Positioning pial surface
Entering MRISpositionSurface()
  max_mm = 0.3
  MAX_REDUCTIONS = 2, REDUCTION_PCT = 0.5
  parms->check_tol = 0, niterations = 100
tol=1.0e-04, sigma=2.0, host=dna06, nav=4, nbrs=2, l_repulse=5.000, l_tspring=0.300, l_nspring=0.300, l_intensity=0.200, l_curv=1.000
mom=0.00, dt=0.50
complete_dist_mat 0
rms 0
smooth_averages 0
remove_neg 0
ico_order 0
which_surface 0
target_radius 0.000000
nfields 0
scale 0.000000
desired_rms_height 0.000000
momentum 0.000000
nbhd_size 0
max_nbrs 0
niterations 100
nsurfaces 0
SURFACES 3
flags 0 (0)
use curv 0
no sulc 0
no rigid align 0
mris->nsize 2
mris->hemisphere 1
randomSeed 0

000: dt: 0.0000, sse=9788750.0, rms=10.909
001: dt: 0.5000, sse=8013464.5, rms=7.665 (29.742%)
002: dt: 0.5000, sse=7208204.5, rms=5.992 (21.829%)
003: dt: 0.5000, sse=5549761.0, rms=5.054 (15.654%)
rms = 4.4856/5.0537, sse=5608161.0/5549760.8, time step reduction 1 of 3 to 0.250  0 1 0
004: dt: 0.5000, sse=5608161.0, rms=4.486 (11.241%)
005: dt: 0.2500, sse=5425581.0, rms=3.017 (32.746%)
006: dt: 0.2500, sse=4300457.5, rms=2.538 (15.858%)
rms = 2.2698/2.5384, sse=6135701.8/4300457.3, time step reduction 2 of 3 to 0.125  0 1 0
007: dt: 0.2500, sse=6135702.0, rms=2.270 (10.580%)
rms = 2.0919/2.2698, sse=6148590.7/6135701.8, time step reduction 3 of 3 to 0.062  0 1 0
008: dt: 0.1250, sse=6148590.5, rms=2.092 (7.836%)
  maximum number of reductions reached, breaking from loop
positioning took 0.7 minutes
Iteration 1 =========================================
n_averages=2, current_sigma=1
Freezing midline and others
Ripping frozen voxels
INFO: rip surface needed but not specified, so using input surface
Freezing midline and others
Entering: MRISripMidline(): inhibiting deformation at non-cortical midline structures...
  which=1, fix_mtl=0, using annot = 0
#FML0# MRISripMidline(): nripped=7807
removing 3 vertices from ripped group in thread:0
removing 3 vertices from ripped group in thread:0
removing 3 vertices from ripped group in thread:0
removing 4 vertices from ripped group in thread:0
removing 2 vertices from ripped group in thread:0
removing 3 vertices from ripped group in thread:0
removing 2 vertices from ripped group in thread:0
removing 2 vertices from ripped group in thread:0
removing 3 vertices from ripped group in thread:0
removing 2 vertices from ripped group in thread:0
removing 2 vertices from ripped group in thread:0
removing 3 vertices from ripped group in thread:0
removing 2 vertices from ripped group in thread:0
#FML# MRISripMidline(): nmarked=8177, nmarked2=105, nripped=8177
Ripping segs (eg, WMSA, BG, frozen)
Starting MRISripSegs() d = (-2 2 0.5) segnos: 247 247 247 
MRISripSegs(): -2 2 0.5 ripped 0
Computing target border values 
Entering MRIScomputeBorderValues_new(): 
  inside_hi   = 120.0000000;
  border_hi   = 111.2269290;
  border_low  =  62.0000000;
  outside_low =  51.9504470;
  outside_hi  = 111.2269290;
  sigma = 1;
  max_thickness = 10;
  step_size=0.5;
  STEP_SIZE=0.1;
  which = 1
  thresh = 0
  flags = 0
  CBVfindFirstPeakD1=0
  CBVfindFirstPeakD2=0
  nvertices=176230
  Gdiag_no=-1
  vno start=0, stop=176230
Replacing 255s with 0s
#SI# sigma=1 had to be increased for 90 vertices, nripped=8177
mean border=79.8, 108 (45) missing vertices, mean dist -0.1 [0.3 (%76.4)->0.3 (%23.6))]
%90 local maxima, % 6 large gradients and % 0 min vals, 0 gradients ignored
nFirstPeakD1 0
MRIScomputeBorderValues_new() finished in 0.0105 min


Finding expansion regions
mean absolute distance = 0.25 +- 0.41
3215 vertices more than 2 sigmas from mean.
Averaging target values for 5 iterations...
Positioning Surface: tspring = 0.3, nspring = 0.3, spring = 0, niters = 100 l_repulse = 5, l_surf_repulse = 0, checktol = 0
Positioning pial surface
Entering MRISpositionSurface()
  max_mm = 0.3
  MAX_REDUCTIONS = 2, REDUCTION_PCT = 0.5
  parms->check_tol = 0, niterations = 100
tol=1.0e-04, sigma=1.0, host=dna06, nav=2, nbrs=2, l_repulse=5.000, l_tspring=0.300, l_nspring=0.300, l_intensity=0.200, l_curv=1.000
mom=0.00, dt=0.50
000: dt: 0.0000, sse=6798963.5, rms=4.717
009: dt: 0.5000, sse=6392223.0, rms=3.118 (33.899%)
rms = 3.4857/3.1181, sse=6457456.0/6392222.8, time step reduction 1 of 3 to 0.250  0 1 1
   RMS increased, rejecting step
010: dt: 0.2500, sse=6210648.5, rms=2.161 (30.709%)
011: dt: 0.2500, sse=6143579.0, rms=1.650 (23.615%)
012: dt: 0.2500, sse=6135198.5, rms=1.455 (11.812%)
rms = 1.3789/1.4554, sse=6137663.4/6135198.3, time step reduction 2 of 3 to 0.125  0 1 0
013: dt: 0.2500, sse=6137663.5, rms=1.379 (5.256%)
014: dt: 0.1250, sse=6112749.0, rms=1.297 (5.911%)
rms = 1.2741/1.2974, sse=6111866.1/6112748.9, time step reduction 3 of 3 to 0.062  0 0 1
015: dt: 0.1250, sse=6111866.0, rms=1.274 (1.795%)
  maximum number of reductions reached, breaking from loop
positioning took 0.7 minutes
Iteration 2 =========================================
n_averages=1, current_sigma=0.5
Freezing midline and others
Ripping frozen voxels
INFO: rip surface needed but not specified, so using input surface
Freezing midline and others
Entering: MRISripMidline(): inhibiting deformation at non-cortical midline structures...
  which=1, fix_mtl=0, using annot = 0
#FML0# MRISripMidline(): nripped=8177
removing 1 vertices from ripped group in thread:0
removing 3 vertices from ripped group in thread:0
removing 3 vertices from ripped group in thread:0
removing 4 vertices from ripped group in thread:0
removing 2 vertices from ripped group in thread:0
removing 2 vertices from ripped group in thread:0
removing 4 vertices from ripped group in thread:0
removing 2 vertices from ripped group in thread:0
removing 2 vertices from ripped group in thread:0
removing 2 vertices from ripped group in thread:0
removing 2 vertices from ripped group in thread:0
#FML# MRISripMidline(): nmarked=8288, nmarked2=106, nripped=8288
Ripping segs (eg, WMSA, BG, frozen)
Starting MRISripSegs() d = (-2 2 0.5) segnos: 247 247 247 247 
MRISripSegs(): -2 2 0.5 ripped 0
Computing target border values 
Entering MRIScomputeBorderValues_new(): 
  inside_hi   = 120.0000000;
  border_hi   = 111.2269290;
  border_low  =  62.0000000;
  outside_low =  51.9504470;
  outside_hi  = 111.2269290;
  sigma = 0.5;
  max_thickness = 10;
  step_size=0.5;
  STEP_SIZE=0.1;
  which = 1
  thresh = 0
  flags = 0
  CBVfindFirstPeakD1=0
  CBVfindFirstPeakD2=0
  nvertices=176230
  Gdiag_no=-1
  vno start=0, stop=176230
Replacing 255s with 0s
#SI# sigma=0.5 had to be increased for 72 vertices, nripped=8288
mean border=81.1, 154 (37) missing vertices, mean dist -0.1 [0.2 (%64.8)->0.2 (%35.2))]
%91 local maxima, % 4 large gradients and % 0 min vals, 0 gradients ignored
nFirstPeakD1 0
MRIScomputeBorderValues_new() finished in 0.0078 min


Finding expansion regions
mean absolute distance = 0.18 +- 0.32
3555 vertices more than 2 sigmas from mean.
Averaging target values for 5 iterations...
Positioning Surface: tspring = 0.3, nspring = 0.3, spring = 0, niters = 100 l_repulse = 5, l_surf_repulse = 0, checktol = 0
Positioning pial surface
Entering MRISpositionSurface()
  max_mm = 0.3
  MAX_REDUCTIONS = 2, REDUCTION_PCT = 0.5
  parms->check_tol = 0, niterations = 100
tol=1.0e-04, sigma=0.5, host=dna06, nav=1, nbrs=2, l_repulse=5.000, l_tspring=0.300, l_nspring=0.300, l_intensity=0.200, l_curv=1.000
mom=0.00, dt=0.50
000: dt: 0.0000, sse=6271082.5, rms=2.514
rms = 2.7810/2.5142, sse=6333322.3/6271082.4, time step reduction 1 of 3 to 0.250  0 1 1
   RMS increased, rejecting step
016: dt: 0.2500, sse=6165850.0, rms=1.794 (28.664%)
017: dt: 0.2500, sse=6125187.0, rms=1.353 (24.557%)
018: dt: 0.2500, sse=6112244.5, rms=1.238 (8.507%)
019: dt: 0.2500, sse=6111693.0, rms=1.183 (4.455%)
rms = 1.1609/1.1829, sse=6110029.9/6111693.2, time step reduction 2 of 3 to 0.125  0 0 1
020: dt: 0.2500, sse=6110030.0, rms=1.161 (1.852%)
rms = 1.1184/1.1609, sse=6107274.6/6110029.9, time step reduction 3 of 3 to 0.062  0 0 1
021: dt: 0.1250, sse=6107274.5, rms=1.118 (3.664%)
  maximum number of reductions reached, breaking from loop
positioning took 0.6 minutes
Iteration 3 =========================================
n_averages=0, current_sigma=0.25
Freezing midline and others
Ripping frozen voxels
INFO: rip surface needed but not specified, so using input surface
Freezing midline and others
Entering: MRISripMidline(): inhibiting deformation at non-cortical midline structures...
  which=1, fix_mtl=0, using annot = 0
#FML0# MRISripMidline(): nripped=8288
removing 1 vertices from ripped group in thread:0
removing 3 vertices from ripped group in thread:0
removing 4 vertices from ripped group in thread:0
removing 3 vertices from ripped group in thread:0
removing 2 vertices from ripped group in thread:0
removing 2 vertices from ripped group in thread:0
removing 4 vertices from ripped group in thread:0
removing 3 vertices from ripped group in thread:0
removing 2 vertices from ripped group in thread:0
removing 2 vertices from ripped group in thread:0
#FML# MRISripMidline(): nmarked=8385, nmarked2=106, nripped=8385
Ripping segs (eg, WMSA, BG, frozen)
Starting MRISripSegs() d = (-2 2 0.5) segnos: 247 247 247 247 247 
MRISripSegs(): -2 2 0.5 ripped 0
Computing target border values 
Entering MRIScomputeBorderValues_new(): 
  inside_hi   = 120.0000000;
  border_hi   = 111.2269290;
  border_low  =  62.0000000;
  outside_low =  51.9504470;
  outside_hi  = 111.2269290;
  sigma = 0.25;
  max_thickness = 10;
  step_size=0.5;
  STEP_SIZE=0.1;
  which = 1
  thresh = 0
  flags = 0
  CBVfindFirstPeakD1=0
  CBVfindFirstPeakD2=0
  nvertices=176230
  Gdiag_no=-1
  vno start=0, stop=176230
Replacing 255s with 0s
#SI# sigma=0.25 had to be increased for 86 vertices, nripped=8385
mean border=81.5, 147 (29) missing vertices, mean dist -0.0 [0.2 (%53.0)->0.2 (%47.0))]
%92 local maxima, % 3 large gradients and % 0 min vals, 0 gradients ignored
nFirstPeakD1 0
MRIScomputeBorderValues_new() finished in 0.0044 min


Finding expansion regions
mean absolute distance = 0.18 +- 0.28
3591 vertices more than 2 sigmas from mean.
Averaging target values for 5 iterations...
Positioning Surface: tspring = 0.3, nspring = 0.3, spring = 0, niters = 100 l_repulse = 5, l_surf_repulse = 0, checktol = 0
Positioning pial surface
Entering MRISpositionSurface()
  max_mm = 0.3
  MAX_REDUCTIONS = 2, REDUCTION_PCT = 0.5
  parms->check_tol = 0, niterations = 100
tol=1.0e-04, sigma=0.2, host=dna06, nav=0, nbrs=2, l_repulse=5.000, l_tspring=0.300, l_nspring=0.300, l_intensity=0.200, l_curv=1.000
mom=0.00, dt=0.50
000: dt: 0.0000, sse=6129391.0, rms=1.377
rms = 1.6758/1.3766, sse=6158964.6/6129390.9, time step reduction 1 of 3 to 0.250  0 1 1
   RMS increased, rejecting step
022: dt: 0.2500, sse=6100098.5, rms=1.027 (25.389%)
023: dt: 0.2500, sse=6095331.0, rms=0.878 (14.561%)
rms = 0.8716/0.8775, sse=6094654.8/6095331.1, time step reduction 2 of 3 to 0.125  0 0 1
024: dt: 0.2500, sse=6094655.0, rms=0.872 (0.671%)
rms = 0.8516/0.8716, sse=6090033.5/6094654.8, time step reduction 3 of 3 to 0.062  0 0 1
025: dt: 0.1250, sse=6090033.5, rms=0.852 (2.296%)
  maximum number of reductions reached, breaking from loop
positioning took 0.4 minutes
removing intersecting faces
000: 47 intersecting
step 1 with no progress (num=61, old_num=47)
001: 61 intersecting
step 2 with no progress (num=66, old_num=61)
002: 66 intersecting
step 3 with no progress (num=84, old_num=66)
003: 84 intersecting
step 4 with no progress (num=88, old_num=84)
004: 88 intersecting
step 5 with no progress (num=94, old_num=88)
005: 94 intersecting
006: 84 intersecting
step 1 with no progress (num=84, old_num=84)
007: 84 intersecting
008: 82 intersecting
009: 73 intersecting
step 1 with no progress (num=76, old_num=73)
010: 76 intersecting
011: 56 intersecting
012: 49 intersecting
013: 48 intersecting
step 1 with no progress (num=50, old_num=48)
014: 50 intersecting
015: 38 intersecting
step 1 with no progress (num=57, old_num=38)
016: 57 intersecting
017: 43 intersecting
018: 42 intersecting
step 1 with no progress (num=42, old_num=42)
019: 42 intersecting
step 2 with no progress (num=51, old_num=42)
020: 51 intersecting
021: 40 intersecting
step 1 with no progress (num=55, old_num=40)
022: 55 intersecting
023: 50 intersecting
step 1 with no progress (num=54, old_num=50)
024: 54 intersecting
025: 48 intersecting
step 1 with no progress (num=52, old_num=48)
026: 52 intersecting
027: 47 intersecting
028: 36 intersecting
step 1 with no progress (num=44, old_num=36)
029: 44 intersecting
step 2 with no progress (num=46, old_num=44)
030: 46 intersecting
031: 45 intersecting
step 1 with no progress (num=47, old_num=45)
032: 47 intersecting
step 2 with no progress (num=67, old_num=47)
033: 67 intersecting
step 3 with no progress (num=100, old_num=67)
034: 100 intersecting
step 4 with no progress (num=100, old_num=100)
035: 100 intersecting
step 5 with no progress (num=112, old_num=100)
036: 112 intersecting
037: 105 intersecting
step 1 with no progress (num=113, old_num=105)
038: 113 intersecting
step 2 with no progress (num=114, old_num=113)
039: 114 intersecting
040: 112 intersecting
041: 106 intersecting
step 1 with no progress (num=107, old_num=106)
042: 107 intersecting
043: 98 intersecting
044: 93 intersecting
045: 89 intersecting
046: 80 intersecting
047: 73 intersecting
048: 63 intersecting
step 1 with no progress (num=66, old_num=63)
049: 66 intersecting
050: 62 intersecting
step 1 with no progress (num=68, old_num=62)
051: 68 intersecting
052: 57 intersecting
step 1 with no progress (num=60, old_num=57)
053: 60 intersecting
step 2 with no progress (num=61, old_num=60)
054: 61 intersecting
step 3 with no progress (num=63, old_num=61)
055: 63 intersecting
step 4 with no progress (num=69, old_num=63)
056: 69 intersecting
057: 68 intersecting
058: 56 intersecting
step 1 with no progress (num=75, old_num=56)
059: 75 intersecting
060: 69 intersecting
061: 62 intersecting
062: 60 intersecting
step 1 with no progress (num=66, old_num=60)
063: 66 intersecting
step 2 with no progress (num=67, old_num=66)
064: 67 intersecting
065: 62 intersecting
step 1 with no progress (num=69, old_num=62)
066: 69 intersecting
067: 68 intersecting
068: 63 intersecting
069: 61 intersecting
070: 58 intersecting
step 1 with no progress (num=59, old_num=58)
071: 59 intersecting
step 2 with no progress (num=60, old_num=59)
072: 60 intersecting
step 3 with no progress (num=72, old_num=60)
073: 72 intersecting
074: 60 intersecting
step 1 with no progress (num=66, old_num=60)
075: 66 intersecting
076: 65 intersecting
step 1 with no progress (num=69, old_num=65)
077: 69 intersecting
078: 62 intersecting
step 1 with no progress (num=62, old_num=62)
079: 62 intersecting
080: 56 intersecting
step 1 with no progress (num=68, old_num=56)
081: 68 intersecting
082: 61 intersecting
step 1 with no progress (num=61, old_num=61)
083: 61 intersecting
step 2 with no progress (num=64, old_num=61)
084: 64 intersecting
085: 59 intersecting
step 1 with no progress (num=65, old_num=59)
086: 65 intersecting
step 2 with no progress (num=68, old_num=65)
087: 68 intersecting
088: 67 intersecting
step 1 with no progress (num=68, old_num=67)
089: 68 intersecting
090: 67 intersecting
091: 62 intersecting
step 1 with no progress (num=64, old_num=62)
092: 64 intersecting
093: 57 intersecting
094: 53 intersecting
step 1 with no progress (num=57, old_num=53)
095: 57 intersecting
step 2 with no progress (num=58, old_num=57)
096: 58 intersecting
step 3 with no progress (num=60, old_num=58)
097: 60 intersecting
step 4 with no progress (num=76, old_num=60)
098: 76 intersecting
099: 61 intersecting
100: 58 intersecting
step 1 with no progress (num=61, old_num=58)
101: 61 intersecting
terminating search with 36 intersecting


Writing output to ../surf/rh.white.preaparc
#ET# mris_place_surface  4.83 minutes
#VMPC# mris_place_surfaces VmPeak  3834540
mris_place_surface done
#--------------------------------------------
#@# CortexLabel rh Sat Mar 14 12:24:06 CET 2026
cd /out/sourcedata/freesurfer/sub-v2s9x29156_ses-1/mri
mri_label2label --label-cortex ../surf/rh.white.preaparc aseg.presurf.mgz 0 ../label/rh.cortex.label

 Generating cortex label... RemoveHipAmgy=0
 NucAccIsMedialWall=0
 mris->useRealRAS=0
6 non-cortical segments detected
only using segment with 9084 vertices
erasing segment 0 (vno[0] = 41453)
erasing segment 1 (vno[0] = 42705)
erasing segment 3 (vno[0] = 63385)
erasing segment 4 (vno[0] = 102628)
erasing segment 5 (vno[0] = 102650)
#--------------------------------------------
#@# CortexLabel+HipAmyg rh Sat Mar 14 12:24:17 CET 2026
cd /out/sourcedata/freesurfer/sub-v2s9x29156_ses-1/mri
mri_label2label --label-cortex ../surf/rh.white.preaparc aseg.presurf.mgz 1 ../label/rh.cortex+hipamyg.label

 Generating cortex label... RemoveHipAmgy=1
 NucAccIsMedialWall=0
 mris->useRealRAS=0
8 non-cortical segments detected
only using segment with 6215 vertices
erasing segment 0 (vno[0] = 41453)
erasing segment 1 (vno[0] = 42705)
erasing segment 3 (vno[0] = 58367)
erasing segment 4 (vno[0] = 63385)
erasing segment 5 (vno[0] = 94640)
erasing segment 6 (vno[0] = 102628)
erasing segment 7 (vno[0] = 102650)
#--------------------------------------------
#@# Smooth2 rh Sat Mar 14 12:24:28 CET 2026
/out/sourcedata/freesurfer/sub-v2s9x29156_ses-1/scripts

 mris_smooth -n 3 -nw -seed 1234 ../surf/rh.white.preaparc ../surf/rh.smoothwm 

smoothing for 3 iterations
setting seed for random number generator to 1234
smoothing surface tessellation for 3 iterations...
smoothing complete - recomputing first and second fundamental forms...
#--------------------------------------------
#@# Inflation2 rh Sat Mar 14 12:24:31 CET 2026
/out/sourcedata/freesurfer/sub-v2s9x29156_ses-1/scripts

 mris_inflate ../surf/rh.smoothwm ../surf/rh.inflated 

Reading ../surf/rh.smoothwm
avg radius = 48.0 mm, total surface area = 108540 mm^2
step 000: RMS=0.169 (target=0.015)   step 005: RMS=0.114 (target=0.015)   step 010: RMS=0.085 (target=0.015)   step 015: RMS=0.072 (target=0.015)   step 020: RMS=0.060 (target=0.015)   step 025: RMS=0.050 (target=0.015)   step 030: RMS=0.042 (target=0.015)   step 035: RMS=0.036 (target=0.015)   step 040: RMS=0.031 (target=0.015)   step 045: RMS=0.027 (target=0.015)   step 050: RMS=0.024 (target=0.015)   step 055: RMS=0.022 (target=0.015)   step 060: RMS=0.021 (target=0.015)   writing inflated surface to ../surf/rh.inflated
writing sulcal depths to ../surf/rh.sulc

inflation complete.
inflation took 0.2 minutes
mris_inflate utimesec    48.935458
mris_inflate stimesec    1.811469
mris_inflate ru_maxrss   268808
mris_inflate ru_ixrss    0
mris_inflate ru_idrss    0
mris_inflate ru_isrss    0
mris_inflate ru_minflt   573472
mris_inflate ru_majflt   5
mris_inflate ru_nswap    0
mris_inflate ru_inblock  0
mris_inflate ru_oublock  13784
mris_inflate ru_msgsnd   0
mris_inflate ru_msgrcv   0
mris_inflate ru_nsignals 0
mris_inflate ru_nvcsw    5124
mris_inflate ru_nivcsw   197
#--------------------------------------------
#@# Curv .H and .K rh Sat Mar 14 12:24:41 CET 2026
/out/sourcedata/freesurfer/sub-v2s9x29156_ses-1/surf

 mris_curvature -w -seed 1234 rh.white.preaparc 

setting seed for random number generator to 1234
total integrated curvature = 48.820*4pi (613.485) --> -48 handles
ICI = 205.2, FI = 7467.2, variation=100294.577
writing Gaussian curvature to ./rh.white.preaparc.K...done.
writing mean curvature to ./rh.white.preaparc.H...done.
rm -f rh.white.H
ln -s rh.white.preaparc.H rh.white.H
rm -f rh.white.K
ln -s rh.white.preaparc.K rh.white.K

 mris_curvature -seed 1234 -thresh .999 -n -a 5 -w -distances 10 10 rh.inflated 

setting seed for random number generator to 1234
normalizing curvature values.
averaging curvature patterns 5 times.
sampling 10 neighbors out to a distance of 10 mm
265 vertices thresholded to be in k1 ~ [-0.18 1.41], k2 ~ [-0.10 0.05]
total integrated curvature = 0.505*4pi (6.347) --> 0 handles
ICI = 1.9, FI = 13.5, variation=227.481
154 vertices thresholded to be in [-0.02 0.01]
writing Gaussian curvature to ./rh.inflated.K...thresholding curvature at 99.90% level
curvature mean = 0.000, std = 0.001
157 vertices thresholded to be in [-0.11 0.42]
done.
writing mean curvature to ./rh.inflated.H...curvature mean = -0.014, std = 0.025
done.
#--------------------------------------------
#@# Sphere rh Sat Mar 14 12:25:28 CET 2026
/out/sourcedata/freesurfer/sub-v2s9x29156_ses-1/scripts

 mris_sphere -seed 1234 ../surf/rh.inflated ../surf/rh.sphere 

setting seed for random number genererator to 1234
version: 7.3.2
available threads: 16
reading original vertex positions...
projecting onto sphere...
surface projected - minimizing metric distortion...
scaling brain by 0.278...
MRISunfold() max_passes = 1 -------
tol=5.0e-01, sigma=0.0, host=dna06, nav=1024, nbrs=2, l_area=1.000, l_dist=1.000
using quadratic fit line minimization
complete_dist_mat 0
rms 0
smooth_averages 0
remove_neg 0
ico_order 0
which_surface 0
target_radius 0.000000
nfields 0
scale 1.000000
desired_rms_height -1.000000
momentum 0.900000
nbhd_size 7
max_nbrs 8
niterations 25
nsurfaces 0
SURFACES 3
flags 0 (0)
use curv 0
no sulc 0
no rigid align 0
mris->nsize 2
mris->hemisphere 1
randomSeed 1234

--------------------
  mrisRemoveNegativeArea()
pass 1: epoch 1 of 3 starting distance error %21.18
pass 1: epoch 2 of 3 starting distance error %21.07
unfolding complete - removing small folds...
starting distance error %20.96
removing remaining folds...
final distance error %20.96
MRISunfold() return, current seed 1234
-01: dt=0.0000, 346 negative triangles  VmPeak 1937332
110: dt=0.9900, 346 negative triangles
111: dt=0.9900, 278 negative triangles
112: dt=0.9900, 269 negative triangles
113: dt=0.9900, 257 negative triangles
114: dt=0.9900, 251 negative triangles
115: dt=0.9900, 258 negative triangles
116: dt=0.9900, 253 negative triangles
117: dt=0.9900, 254 negative triangles
118: dt=0.9900, 248 negative triangles
119: dt=0.9900, 253 negative triangles
120: dt=0.9900, 252 negative triangles
121: dt=0.9900, 257 negative triangles
122: dt=0.9900, 251 negative triangles
123: dt=0.9900, 252 negative triangles
124: dt=0.9900, 253 negative triangles
125: dt=0.9900, 253 negative triangles
126: dt=0.9900, 244 negative triangles
127: dt=0.9900, 245 negative triangles
128: dt=0.9900, 247 negative triangles
129: dt=0.9900, 238 negative triangles
130: dt=0.9900, 251 negative triangles
131: dt=0.9900, 248 negative triangles
132: dt=0.9900, 246 negative triangles
133: dt=0.9900, 243 negative triangles
134: dt=0.9900, 243 negative triangles
135: dt=0.9900, 241 negative triangles
136: dt=0.9900, 243 negative triangles
137: dt=0.9900, 242 negative triangles
138: dt=0.9900, 238 negative triangles
139: dt=0.9900, 235 negative triangles
140: dt=0.9900, 237 negative triangles
141: dt=0.9900, 233 negative triangles
142: dt=0.9900, 233 negative triangles
143: dt=0.9900, 232 negative triangles
144: dt=0.9900, 238 negative triangles
145: dt=0.9900, 231 negative triangles
146: dt=0.9900, 227 negative triangles
147: dt=0.9900, 225 negative triangles
148: dt=0.9900, 229 negative triangles
149: dt=0.9900, 224 negative triangles
150: dt=0.9900, 232 negative triangles
151: dt=0.9900, 229 negative triangles
152: dt=0.9900, 228 negative triangles
153: dt=0.9900, 230 negative triangles
154: dt=0.9900, 227 negative triangles
155: dt=0.9900, 228 negative triangles
156: dt=0.9900, 228 negative triangles
157: dt=0.9900, 230 negative triangles
158: dt=0.9900, 222 negative triangles
159: dt=0.9900, 225 negative triangles
160: dt=0.9900, 218 negative triangles
161: dt=0.9900, 218 negative triangles
162: dt=0.9900, 221 negative triangles
163: dt=0.9900, 217 negative triangles
164: dt=0.9900, 223 negative triangles
165: dt=0.9900, 216 negative triangles
166: dt=0.9900, 215 negative triangles
167: dt=0.9900, 213 negative triangles
168: dt=0.9900, 217 negative triangles
169: dt=0.9900, 215 negative triangles
170: dt=0.9900, 213 negative triangles
171: dt=0.9900, 209 negative triangles
172: dt=0.9900, 215 negative triangles
173: dt=0.9900, 209 negative triangles
174: dt=0.9900, 210 negative triangles
175: dt=0.9900, 210 negative triangles
176: dt=0.9900, 207 negative triangles
177: dt=0.9900, 204 negative triangles
178: dt=0.9900, 204 negative triangles
179: dt=0.9900, 203 negative triangles
180: dt=0.9900, 198 negative triangles
181: dt=0.9900, 200 negative triangles
182: dt=0.9900, 201 negative triangles
183: dt=0.9900, 200 negative triangles
184: dt=0.9900, 200 negative triangles
185: dt=0.9900, 199 negative triangles
186: dt=0.9900, 198 negative triangles
187: dt=0.9900, 198 negative triangles
188: dt=0.9900, 199 negative triangles
189: dt=0.9900, 199 negative triangles
190: dt=0.9900, 197 negative triangles
191: dt=0.9900, 193 negative triangles
192: dt=0.9900, 195 negative triangles
193: dt=0.9900, 195 negative triangles
194: dt=0.9900, 199 negative triangles
195: dt=0.9900, 197 negative triangles
196: dt=0.9900, 197 negative triangles
197: dt=0.9900, 194 negative triangles
198: dt=0.9900, 193 negative triangles
199: dt=0.9900, 197 negative triangles
200: dt=0.9900, 198 negative triangles
201: dt=0.9405, 198 negative triangles
202: dt=0.9405, 199 negative triangles
203: dt=0.9405, 198 negative triangles
204: dt=0.9405, 200 negative triangles
205: dt=0.9405, 198 negative triangles
206: dt=0.9405, 195 negative triangles
207: dt=0.9405, 197 negative triangles
208: dt=0.9405, 197 negative triangles
209: dt=0.9405, 195 negative triangles
210: dt=0.9405, 197 negative triangles
211: dt=0.8935, 200 negative triangles
212: dt=0.8935, 203 negative triangles
213: dt=0.8935, 200 negative triangles
214: dt=0.8935, 200 negative triangles
215: dt=0.8935, 199 negative triangles
216: dt=0.8935, 202 negative triangles
217: dt=0.8935, 200 negative triangles
218: dt=0.8935, 197 negative triangles
219: dt=0.8935, 194 negative triangles
220: dt=0.8935, 197 negative triangles
221: dt=0.8488, 196 negative triangles
222: dt=0.8488, 195 negative triangles
223: dt=0.8488, 202 negative triangles
224: dt=0.8488, 201 negative triangles
225: dt=0.8488, 200 negative triangles
226: dt=0.8488, 197 negative triangles
227: dt=0.8488, 203 negative triangles
228: dt=0.8488, 192 negative triangles
229: dt=0.8488, 200 negative triangles
230: dt=0.8488, 193 negative triangles
231: dt=0.8488, 199 negative triangles
232: dt=0.8488, 197 negative triangles
233: dt=0.8488, 200 negative triangles
234: dt=0.8488, 198 negative triangles
235: dt=0.8488, 199 negative triangles
236: dt=0.8488, 195 negative triangles
237: dt=0.8488, 201 negative triangles
238: dt=0.8064, 198 negative triangles
239: dt=0.8064, 199 negative triangles
240: dt=0.8064, 195 negative triangles
241: dt=0.8064, 197 negative triangles
242: dt=0.8064, 196 negative triangles
243: dt=0.8064, 201 negative triangles
244: dt=0.8064, 200 negative triangles
245: dt=0.8064, 199 negative triangles
246: dt=0.8064, 200 negative triangles
247: dt=0.8064, 202 negative triangles
248: dt=0.7660, 199 negative triangles
249: dt=0.7660, 204 negative triangles
250: dt=0.7660, 200 negative triangles
251: dt=0.7660, 200 negative triangles
252: dt=0.7660, 197 negative triangles
253: dt=0.7660, 199 negative triangles
254: dt=0.7660, 200 negative triangles
255: dt=0.7660, 198 negative triangles
256: dt=0.7660, 196 negative triangles
257: dt=0.7660, 200 negative triangles
258: dt=0.7277, 199 negative triangles
259: dt=0.7277, 200 negative triangles
260: dt=0.7277, 201 negative triangles
261: dt=0.7277, 206 negative triangles
262: dt=0.7277, 199 negative triangles
263: dt=0.7277, 203 negative triangles
264: dt=0.7277, 201 negative triangles
265: dt=0.7277, 201 negative triangles
266: dt=0.7277, 200 negative triangles
267: dt=0.7277, 199 negative triangles
268: dt=0.6914, 197 negative triangles
269: dt=0.6914, 200 negative triangles
270: dt=0.6914, 200 negative triangles
271: dt=0.6914, 199 negative triangles
272: dt=0.6914, 197 negative triangles
273: dt=0.6914, 202 negative triangles
274: dt=0.6914, 200 negative triangles
275: dt=0.6914, 202 negative triangles
276: dt=0.6914, 198 negative triangles
277: dt=0.6914, 205 negative triangles
278: dt=0.6568, 200 negative triangles
expanding nbhd size to 1
279: dt=0.9900, 201 negative triangles
280: dt=0.9900, 195 negative triangles
281: dt=0.9900, 195 negative triangles
282: dt=0.9900, 191 negative triangles
283: dt=0.9900, 190 negative triangles
284: dt=0.9900, 189 negative triangles
285: dt=0.9900, 189 negative triangles
286: dt=0.9900, 190 negative triangles
287: dt=0.9900, 191 negative triangles
288: dt=0.9900, 193 negative triangles
289: dt=0.9900, 192 negative triangles
290: dt=0.9900, 192 negative triangles
291: dt=0.9900, 191 negative triangles
292: dt=0.9900, 191 negative triangles
293: dt=0.9900, 189 negative triangles
294: dt=0.9405, 189 negative triangles
295: dt=0.9405, 189 negative triangles
296: dt=0.9405, 190 negative triangles
297: dt=0.9405, 191 negative triangles
298: dt=0.9405, 192 negative triangles
299: dt=0.9405, 191 negative triangles
300: dt=0.9405, 191 negative triangles
301: dt=0.9405, 191 negative triangles
302: dt=0.9405, 190 negative triangles
303: dt=0.9405, 189 negative triangles
304: dt=0.8935, 189 negative triangles
305: dt=0.8935, 189 negative triangles
306: dt=0.8935, 189 negative triangles
307: dt=0.8935, 189 negative triangles
308: dt=0.8935, 189 negative triangles
309: dt=0.8935, 190 negative triangles
310: dt=0.8935, 189 negative triangles
311: dt=0.8935, 190 negative triangles
312: dt=0.8935, 189 negative triangles
313: dt=0.8935, 190 negative triangles
314: dt=0.8935, 188 negative triangles
315: dt=0.8935, 189 negative triangles
316: dt=0.8935, 188 negative triangles
317: dt=0.8935, 191 negative triangles
318: dt=0.8935, 191 negative triangles
319: dt=0.8935, 188 negative triangles
320: dt=0.8935, 191 negative triangles
321: dt=0.8935, 189 negative triangles
322: dt=0.8935, 189 negative triangles
323: dt=0.8935, 188 negative triangles
324: dt=0.8488, 189 negative triangles
325: dt=0.8488, 191 negative triangles
326: dt=0.8488, 192 negative triangles
327: dt=0.8488, 191 negative triangles
328: dt=0.8488, 188 negative triangles
329: dt=0.8488, 191 negative triangles
330: dt=0.8488, 189 negative triangles
331: dt=0.8488, 188 negative triangles
332: dt=0.8488, 188 negative triangles
333: dt=0.8488, 190 negative triangles
334: dt=0.8064, 190 negative triangles
335: dt=0.8064, 189 negative triangles
336: dt=0.8064, 190 negative triangles
337: dt=0.8064, 188 negative triangles
338: dt=0.8064, 188 negative triangles
339: dt=0.8064, 189 negative triangles
340: dt=0.8064, 190 negative triangles
341: dt=0.8064, 188 negative triangles
342: dt=0.8064, 191 negative triangles
343: dt=0.8064, 189 negative triangles
344: dt=0.7660, 189 negative triangles
345: dt=0.7660, 188 negative triangles
346: dt=0.7660, 189 negative triangles
347: dt=0.7660, 190 negative triangles
348: dt=0.7660, 189 negative triangles
349: dt=0.7660, 186 negative triangles
350: dt=0.7660, 186 negative triangles
351: dt=0.7660, 189 negative triangles
352: dt=0.7660, 187 negative triangles
353: dt=0.7660, 187 negative triangles
354: dt=0.7660, 189 negative triangles
355: dt=0.7660, 188 negative triangles
356: dt=0.7660, 188 negative triangles
357: dt=0.7660, 189 negative triangles
358: dt=0.7660, 187 negative triangles
359: dt=0.7277, 189 negative triangles
360: dt=0.7277, 188 negative triangles
361: dt=0.7277, 188 negative triangles
362: dt=0.7277, 189 negative triangles
363: dt=0.7277, 188 negative triangles
364: dt=0.7277, 189 negative triangles
365: dt=0.7277, 188 negative triangles
366: dt=0.7277, 188 negative triangles
367: dt=0.7277, 190 negative triangles
368: dt=0.7277, 189 negative triangles
369: dt=0.6914, 189 negative triangles
370: dt=0.6914, 188 negative triangles
371: dt=0.6914, 188 negative triangles
372: dt=0.6914, 188 negative triangles
373: dt=0.6914, 188 negative triangles
374: dt=0.6914, 188 negative triangles
375: dt=0.6914, 187 negative triangles
376: dt=0.6914, 188 negative triangles
377: dt=0.6914, 188 negative triangles
378: dt=0.6914, 189 negative triangles
379: dt=0.6568, 188 negative triangles
380: dt=0.6568, 189 negative triangles
381: dt=0.6568, 188 negative triangles
382: dt=0.6568, 188 negative triangles
383: dt=0.6568, 189 negative triangles
384: dt=0.6568, 190 negative triangles
385: dt=0.6568, 189 negative triangles
386: dt=0.6568, 189 negative triangles
387: dt=0.6568, 191 negative triangles
388: dt=0.6568, 190 negative triangles
389: dt=0.6239, 190 negative triangles
390: dt=0.6239, 189 negative triangles
391: dt=0.6239, 186 negative triangles
392: dt=0.6239, 188 negative triangles
393: dt=0.6239, 188 negative triangles
394: dt=0.6239, 188 negative triangles
395: dt=0.6239, 190 negative triangles
396: dt=0.6239, 188 negative triangles
397: dt=0.6239, 188 negative triangles
398: dt=0.6239, 191 negative triangles
399: dt=0.5927, 189 negative triangles
400: dt=0.5927, 189 negative triangles
401: dt=0.5927, 189 negative triangles
402: dt=0.5927, 187 negative triangles
403: dt=0.5927, 188 negative triangles
404: dt=0.5927, 188 negative triangles
405: dt=0.5927, 188 negative triangles
406: dt=0.5927, 188 negative triangles
407: dt=0.5927, 191 negative triangles
408: dt=0.5927, 188 negative triangles
409: dt=0.5631, 186 negative triangles
410: dt=0.5631, 187 negative triangles
411: dt=0.5631, 185 negative triangles
412: dt=0.5631, 184 negative triangles
413: dt=0.5631, 185 negative triangles
414: dt=0.5631, 185 negative triangles
415: dt=0.5631, 187 negative triangles
416: dt=0.5631, 185 negative triangles
417: dt=0.5631, 185 negative triangles
418: dt=0.5631, 185 negative triangles
419: dt=0.5631, 186 negative triangles
420: dt=0.5631, 187 negative triangles
421: dt=0.5631, 186 negative triangles
422: dt=0.5350, 186 negative triangles
423: dt=0.5350, 186 negative triangles
424: dt=0.5350, 185 negative triangles
425: dt=0.5350, 184 negative triangles
426: dt=0.5350, 184 negative triangles
427: dt=0.5350, 187 negative triangles
428: dt=0.5350, 185 negative triangles
429: dt=0.5350, 187 negative triangles
430: dt=0.5350, 186 negative triangles
431: dt=0.5350, 188 negative triangles
432: dt=0.5082, 186 negative triangles
433: dt=0.5082, 183 negative triangles
434: dt=0.5082, 188 negative triangles
435: dt=0.5082, 184 negative triangles
436: dt=0.5082, 187 negative triangles
437: dt=0.5082, 188 negative triangles
438: dt=0.5082, 187 negative triangles
439: dt=0.5082, 188 negative triangles
440: dt=0.5082, 186 negative triangles
441: dt=0.5082, 186 negative triangles
442: dt=0.5082, 187 negative triangles
443: dt=0.4828, 185 negative triangles
444: dt=0.4828, 188 negative triangles
445: dt=0.4828, 187 negative triangles
446: dt=0.4828, 190 negative triangles
447: dt=0.4828, 189 negative triangles
448: dt=0.4828, 189 negative triangles
449: dt=0.4828, 186 negative triangles
450: dt=0.4828, 185 negative triangles
451: dt=0.4828, 191 negative triangles
452: dt=0.4828, 188 negative triangles
453: dt=0.4587, 186 negative triangles
454: dt=0.4587, 186 negative triangles
455: dt=0.4587, 186 negative triangles
456: dt=0.4587, 185 negative triangles
457: dt=0.4587, 186 negative triangles
458: dt=0.4587, 188 negative triangles
459: dt=0.4587, 185 negative triangles
460: dt=0.4587, 186 negative triangles
461: dt=0.4587, 188 negative triangles
462: dt=0.4587, 185 negative triangles
463: dt=0.4357, 185 negative triangles
464: dt=0.4357, 188 negative triangles
465: dt=0.4357, 188 negative triangles
466: dt=0.4357, 186 negative triangles
467: dt=0.4357, 185 negative triangles
468: dt=0.4357, 186 negative triangles
469: dt=0.4357, 185 negative triangles
470: dt=0.4357, 187 negative triangles
471: dt=0.4357, 187 negative triangles
472: dt=0.4357, 189 negative triangles
473: dt=0.4139, 188 negative triangles
474: dt=0.4139, 188 negative triangles
475: dt=0.4139, 192 negative triangles
476: dt=0.4139, 188 negative triangles
477: dt=0.4139, 185 negative triangles
478: dt=0.4139, 188 negative triangles
479: dt=0.4139, 190 negative triangles
480: dt=0.4139, 189 negative triangles
481: dt=0.4139, 185 negative triangles
482: dt=0.4139, 187 negative triangles
483: dt=0.3932, 188 negative triangles
484: dt=0.3932, 192 negative triangles
485: dt=0.3932, 189 negative triangles
486: dt=0.3932, 189 negative triangles
487: dt=0.3932, 189 negative triangles
488: dt=0.3932, 187 negative triangles
489: dt=0.3932, 185 negative triangles
490: dt=0.3932, 188 negative triangles
491: dt=0.3932, 188 negative triangles
492: dt=0.3932, 187 negative triangles
493: dt=0.3736, 185 negative triangles
494: dt=0.3736, 186 negative triangles
495: dt=0.3736, 184 negative triangles
496: dt=0.3736, 188 negative triangles
497: dt=0.3736, 189 negative triangles
498: dt=0.3736, 190 negative triangles
499: dt=0.3736, 188 negative triangles
500: dt=0.3736, 185 negative triangles
501: dt=0.3736, 188 negative triangles
502: dt=0.3736, 189 negative triangles
503: dt=0.3549, 187 negative triangles
504: dt=0.3549, 189 negative triangles
505: dt=0.3549, 187 negative triangles
506: dt=0.3549, 192 negative triangles
507: dt=0.3549, 187 negative triangles
508: dt=0.3549, 187 negative triangles
509: dt=0.3549, 187 negative triangles
510: dt=0.3549, 187 negative triangles
511: dt=0.3549, 187 negative triangles
512: dt=0.3549, 188 negative triangles
513: dt=0.3372, 188 negative triangles
514: dt=0.3372, 187 negative triangles
515: dt=0.3372, 190 negative triangles
516: dt=0.3372, 188 negative triangles
517: dt=0.3372, 187 negative triangles
518: dt=0.3372, 189 negative triangles
519: dt=0.3372, 189 negative triangles
520: dt=0.3372, 189 negative triangles
521: dt=0.3372, 190 negative triangles
522: dt=0.3372, 186 negative triangles
523: dt=0.3203, 188 negative triangles
524: dt=0.3203, 186 negative triangles
525: dt=0.3203, 188 negative triangles
526: dt=0.3203, 189 negative triangles
527: dt=0.3203, 188 negative triangles
528: dt=0.3203, 188 negative triangles
529: dt=0.3203, 189 negative triangles
530: dt=0.3203, 185 negative triangles
531: dt=0.3203, 189 negative triangles
532: dt=0.3203, 190 negative triangles
533: dt=0.3043, 188 negative triangles
534: dt=0.3043, 187 negative triangles
535: dt=0.3043, 189 negative triangles
536: dt=0.3043, 188 negative triangles
537: dt=0.3043, 187 negative triangles
538: dt=0.3043, 187 negative triangles
539: dt=0.3043, 187 negative triangles
540: dt=0.3043, 186 negative triangles
541: dt=0.3043, 189 negative triangles
542: dt=0.3043, 188 negative triangles
543: dt=0.2891, 188 negative triangles
544: dt=0.2891, 189 negative triangles
545: dt=0.2891, 186 negative triangles
546: dt=0.2891, 187 negative triangles
547: dt=0.2891, 188 negative triangles
548: dt=0.2891, 188 negative triangles
549: dt=0.2891, 188 negative triangles
550: dt=0.2891, 187 negative triangles
551: dt=0.2891, 188 negative triangles
552: dt=0.2891, 188 negative triangles
553: dt=0.2746, 187 negative triangles
554: dt=0.2746, 188 negative triangles
555: dt=0.2746, 188 negative triangles
556: dt=0.2746, 189 negative triangles
557: dt=0.2746, 185 negative triangles
558: dt=0.2746, 187 negative triangles
559: dt=0.2746, 187 negative triangles
560: dt=0.2746, 187 negative triangles
561: dt=0.2746, 187 negative triangles
562: dt=0.2746, 187 negative triangles
563: dt=0.2609, 186 negative triangles
564: dt=0.2609, 188 negative triangles
565: dt=0.2609, 187 negative triangles
566: dt=0.2609, 189 negative triangles
567: dt=0.2609, 188 negative triangles
568: dt=0.2609, 190 negative triangles
569: dt=0.2609, 189 negative triangles
570: dt=0.2609, 189 negative triangles
571: dt=0.2609, 189 negative triangles
572: dt=0.2609, 188 negative triangles
573: dt=0.2478, 188 negative triangles
574: dt=0.2478, 188 negative triangles
575: dt=0.2478, 186 negative triangles
576: dt=0.2478, 187 negative triangles
577: dt=0.2478, 186 negative triangles
578: dt=0.2478, 188 negative triangles
579: dt=0.2478, 188 negative triangles
580: dt=0.2478, 188 negative triangles
581: dt=0.2478, 186 negative triangles
582: dt=0.2478, 186 negative triangles
583: dt=0.2354, 188 negative triangles
584: dt=0.2354, 187 negative triangles
585: dt=0.2354, 186 negative triangles
586: dt=0.2354, 188 negative triangles
587: dt=0.2354, 188 negative triangles
588: dt=0.2354, 189 negative triangles
589: dt=0.2354, 188 negative triangles
590: dt=0.2354, 186 negative triangles
591: dt=0.2354, 188 negative triangles
592: dt=0.2354, 187 negative triangles
593: dt=0.2237, 187 negative triangles
594: dt=0.2237, 187 negative triangles
595: dt=0.2237, 188 negative triangles
596: dt=0.2237, 188 negative triangles
597: dt=0.2237, 190 negative triangles
598: dt=0.2237, 191 negative triangles
599: dt=0.2237, 190 negative triangles
600: dt=0.2237, 190 negative triangles
601: dt=0.2237, 188 negative triangles
602: dt=0.2237, 188 negative triangles
603: dt=0.2125, 190 negative triangles
604: dt=0.2125, 190 negative triangles
605: dt=0.2125, 190 negative triangles
606: dt=0.2125, 188 negative triangles
607: dt=0.2125, 186 negative triangles
608: dt=0.2125, 186 negative triangles
609: dt=0.2125, 185 negative triangles
610: dt=0.2125, 186 negative triangles
611: dt=0.2125, 186 negative triangles
612: dt=0.2125, 188 negative triangles
613: dt=0.2019, 188 negative triangles
614: dt=0.2019, 187 negative triangles
615: dt=0.2019, 189 negative triangles
616: dt=0.2019, 189 negative triangles
617: dt=0.2019, 188 negative triangles
618: dt=0.2019, 189 negative triangles
619: dt=0.2019, 187 negative triangles
620: dt=0.2019, 185 negative triangles
621: dt=0.2019, 186 negative triangles
622: dt=0.2019, 185 negative triangles
623: dt=0.1918, 185 negative triangles
624: dt=0.1918, 185 negative triangles
625: dt=0.1918, 184 negative triangles
626: dt=0.1918, 185 negative triangles
627: dt=0.1918, 183 negative triangles
628: dt=0.1918, 186 negative triangles
629: dt=0.1918, 183 negative triangles
630: dt=0.1918, 184 negative triangles
631: dt=0.1918, 185 negative triangles
632: dt=0.1918, 183 negative triangles
633: dt=0.1822, 185 negative triangles
634: dt=0.1822, 186 negative triangles
635: dt=0.1822, 184 negative triangles
636: dt=0.1822, 185 negative triangles
637: dt=0.1822, 185 negative triangles
638: dt=0.1822, 185 negative triangles
639: dt=0.1822, 186 negative triangles
640: dt=0.1822, 185 negative triangles
641: dt=0.1822, 186 negative triangles
642: dt=0.1822, 185 negative triangles
643: dt=0.1731, 184 negative triangles
644: dt=0.1731, 183 negative triangles
645: dt=0.1731, 185 negative triangles
646: dt=0.1731, 187 negative triangles
647: dt=0.1731, 185 negative triangles
648: dt=0.1731, 187 negative triangles
649: dt=0.1731, 185 negative triangles
650: dt=0.1731, 188 negative triangles
651: dt=0.1731, 185 negative triangles
652: dt=0.1731, 185 negative triangles
653: dt=0.1644, 186 negative triangles
654: dt=0.1644, 186 negative triangles
655: dt=0.1644, 185 negative triangles
656: dt=0.1644, 185 negative triangles
657: dt=0.1644, 186 negative triangles
658: dt=0.1644, 186 negative triangles
659: dt=0.1644, 187 negative triangles
660: dt=0.1644, 186 negative triangles
661: dt=0.1644, 186 negative triangles
662: dt=0.1644, 187 negative triangles
663: dt=0.1562, 187 negative triangles
664: dt=0.1562, 185 negative triangles
665: dt=0.1562, 186 negative triangles
666: dt=0.1562, 185 negative triangles
667: dt=0.1562, 184 negative triangles
668: dt=0.1562, 184 negative triangles
669: dt=0.1562, 184 negative triangles
670: dt=0.1562, 187 negative triangles
671: dt=0.1562, 187 negative triangles
672: dt=0.1562, 186 negative triangles
673: dt=0.1484, 187 negative triangles
674: dt=0.1484, 186 negative triangles
675: dt=0.1484, 185 negative triangles
676: dt=0.1484, 185 negative triangles
677: dt=0.1484, 187 negative triangles
678: dt=0.1484, 186 negative triangles
679: dt=0.1484, 185 negative triangles
680: dt=0.1484, 185 negative triangles
681: dt=0.1484, 186 negative triangles
682: dt=0.1484, 185 negative triangles
683: dt=0.1410, 186 negative triangles
684: dt=0.1410, 187 negative triangles
685: dt=0.1410, 187 negative triangles
686: dt=0.1410, 189 negative triangles
687: dt=0.1410, 187 negative triangles
688: dt=0.1410, 190 negative triangles
689: dt=0.1410, 188 negative triangles
690: dt=0.1410, 186 negative triangles
691: dt=0.1410, 185 negative triangles
692: dt=0.1410, 185 negative triangles
693: dt=0.1339, 185 negative triangles
694: dt=0.1339, 188 negative triangles
695: dt=0.1339, 187 negative triangles
696: dt=0.1339, 185 negative triangles
697: dt=0.1339, 186 negative triangles
698: dt=0.1339, 182 negative triangles
699: dt=0.1339, 187 negative triangles
700: dt=0.1339, 186 negative triangles
701: dt=0.1339, 184 negative triangles
702: dt=0.1339, 186 negative triangles
703: dt=0.1339, 187 negative triangles
704: dt=0.1339, 185 negative triangles
705: dt=0.1339, 185 negative triangles
706: dt=0.1339, 184 negative triangles
707: dt=0.1339, 184 negative triangles
708: dt=0.1272, 186 negative triangles
709: dt=0.1272, 186 negative triangles
710: dt=0.1272, 185 negative triangles
711: dt=0.1272, 184 negative triangles
712: dt=0.1272, 184 negative triangles
713: dt=0.1272, 187 negative triangles
714: dt=0.1272, 187 negative triangles
715: dt=0.1272, 186 negative triangles
716: dt=0.1272, 188 negative triangles
717: dt=0.1272, 186 negative triangles
718: dt=0.1209, 186 negative triangles
719: dt=0.1209, 186 negative triangles
720: dt=0.1209, 186 negative triangles
721: dt=0.1209, 186 negative triangles
722: dt=0.1209, 186 negative triangles
723: dt=0.1209, 186 negative triangles
724: dt=0.1209, 186 negative triangles
725: dt=0.1209, 185 negative triangles
726: dt=0.1209, 185 negative triangles
727: dt=0.1209, 185 negative triangles
728: dt=0.1148, 185 negative triangles
729: dt=0.1148, 184 negative triangles
730: dt=0.1148, 184 negative triangles
731: dt=0.1148, 189 negative triangles
732: dt=0.1148, 189 negative triangles
733: dt=0.1148, 188 negative triangles
734: dt=0.1148, 188 negative triangles
735: dt=0.1148, 187 negative triangles
736: dt=0.1148, 188 negative triangles
737: dt=0.1148, 187 negative triangles
738: dt=0.1091, 187 negative triangles
739: dt=0.1091, 187 negative triangles
740: dt=0.1091, 187 negative triangles
741: dt=0.1091, 186 negative triangles
742: dt=0.1091, 185 negative triangles
743: dt=0.1091, 185 negative triangles
744: dt=0.1091, 184 negative triangles
745: dt=0.1091, 184 negative triangles
746: dt=0.1091, 184 negative triangles
747: dt=0.1091, 184 negative triangles
748: dt=0.1036, 185 negative triangles
749: dt=0.1036, 183 negative triangles
750: dt=0.1036, 184 negative triangles
751: dt=0.1036, 185 negative triangles
752: dt=0.1036, 186 negative triangles
753: dt=0.1036, 186 negative triangles
754: dt=0.1036, 185 negative triangles
755: dt=0.1036, 186 negative triangles
756: dt=0.1036, 186 negative triangles
757: dt=0.1036, 185 negative triangles
758: dt=0.0984, 186 negative triangles
759: dt=0.0984, 186 negative triangles
760: dt=0.0984, 186 negative triangles
761: dt=0.0984, 185 negative triangles
762: dt=0.0984, 186 negative triangles
763: dt=0.0984, 187 negative triangles
764: dt=0.0984, 187 negative triangles
765: dt=0.0984, 186 negative triangles
766: dt=0.0984, 184 negative triangles
767: dt=0.0984, 186 negative triangles
768: dt=0.0935, 185 negative triangles
769: dt=0.0935, 186 negative triangles
770: dt=0.0935, 183 negative triangles
771: dt=0.0935, 185 negative triangles
772: dt=0.0935, 185 negative triangles
773: dt=0.0935, 185 negative triangles
774: dt=0.0935, 186 negative triangles
775: dt=0.0935, 187 negative triangles
776: dt=0.0935, 187 negative triangles
777: dt=0.0935, 186 negative triangles
778: dt=0.0888, 187 negative triangles
779: dt=0.0888, 187 negative triangles
780: dt=0.0888, 186 negative triangles
781: dt=0.0888, 185 negative triangles
782: dt=0.0888, 187 negative triangles
783: dt=0.0888, 187 negative triangles
784: dt=0.0888, 188 negative triangles
785: dt=0.0888, 188 negative triangles
786: dt=0.0888, 189 negative triangles
787: dt=0.0888, 189 negative triangles
788: dt=0.0844, 188 negative triangles
789: dt=0.0844, 188 negative triangles
790: dt=0.0844, 187 negative triangles
791: dt=0.0844, 187 negative triangles
792: dt=0.0844, 188 negative triangles
793: dt=0.0844, 188 negative triangles
794: dt=0.0844, 188 negative triangles
795: dt=0.0844, 187 negative triangles
796: dt=0.0844, 186 negative triangles
797: dt=0.0844, 185 negative triangles
798: dt=0.0802, 185 negative triangles
799: dt=0.0802, 183 negative triangles
800: dt=0.0802, 186 negative triangles
801: dt=0.0802, 186 negative triangles
802: dt=0.0802, 186 negative triangles
803: dt=0.0802, 186 negative triangles
804: dt=0.0802, 186 negative triangles
805: dt=0.0802, 185 negative triangles
806: dt=0.0802, 186 negative triangles
807: dt=0.0802, 184 negative triangles
808: dt=0.0762, 184 negative triangles
809: dt=0.0762, 186 negative triangles
810: dt=0.0762, 187 negative triangles
811: dt=0.0762, 188 negative triangles
812: dt=0.0762, 188 negative triangles
813: dt=0.0762, 187 negative triangles
814: dt=0.0762, 187 negative triangles
815: dt=0.0762, 187 negative triangles
816: dt=0.0762, 187 negative triangles
817: dt=0.0762, 187 negative triangles
818: dt=0.0724, 186 negative triangles
819: dt=0.0724, 185 negative triangles
820: dt=0.0724, 186 negative triangles
821: dt=0.0724, 186 negative triangles
822: dt=0.0724, 185 negative triangles
823: dt=0.0724, 186 negative triangles
824: dt=0.0724, 187 negative triangles
825: dt=0.0724, 187 negative triangles
826: dt=0.0724, 187 negative triangles
827: dt=0.0724, 186 negative triangles
828: dt=0.0687, 185 negative triangles
829: dt=0.0687, 186 negative triangles
830: dt=0.0687, 187 negative triangles
831: dt=0.0687, 186 negative triangles
832: dt=0.0687, 187 negative triangles
833: dt=0.0687, 188 negative triangles
834: dt=0.0687, 187 negative triangles
835: dt=0.0687, 186 negative triangles
836: dt=0.0687, 185 negative triangles
837: dt=0.0687, 185 negative triangles
838: dt=0.0653, 186 negative triangles
839: dt=0.0653, 184 negative triangles
840: dt=0.0653, 186 negative triangles
841: dt=0.0653, 186 negative triangles
842: dt=0.0653, 186 negative triangles
843: dt=0.0653, 184 negative triangles
844: dt=0.0653, 185 negative triangles
845: dt=0.0653, 186 negative triangles
846: dt=0.0653, 185 negative triangles
847: dt=0.0653, 184 negative triangles
848: dt=0.0620, 185 negative triangles
849: dt=0.0620, 186 negative triangles
850: dt=0.0620, 187 negative triangles
851: dt=0.0620, 187 negative triangles
852: dt=0.0620, 188 negative triangles
853: dt=0.0620, 187 negative triangles
854: dt=0.0620, 185 negative triangles
855: dt=0.0620, 185 negative triangles
856: dt=0.0620, 185 negative triangles
857: dt=0.0620, 184 negative triangles
858: dt=0.0589, 185 negative triangles
859: dt=0.0589, 185 negative triangles
860: dt=0.0589, 185 negative triangles
861: dt=0.0589, 184 negative triangles
862: dt=0.0589, 182 negative triangles
863: dt=0.0589, 182 negative triangles
864: dt=0.0589, 183 negative triangles
865: dt=0.0589, 183 negative triangles
866: dt=0.0589, 183 negative triangles
867: dt=0.0589, 181 negative triangles
868: dt=0.0589, 181 negative triangles
869: dt=0.0589, 182 negative triangles
870: dt=0.0589, 182 negative triangles
871: dt=0.0589, 183 negative triangles
872: dt=0.0589, 185 negative triangles
873: dt=0.0589, 186 negative triangles
874: dt=0.0589, 187 negative triangles
875: dt=0.0589, 187 negative triangles
876: dt=0.0589, 187 negative triangles
877: dt=0.0560, 187 negative triangles
878: dt=0.0560, 186 negative triangles
879: dt=0.0560, 186 negative triangles
880: dt=0.0560, 186 negative triangles
881: dt=0.0560, 186 negative triangles
882: dt=0.0560, 185 negative triangles
883: dt=0.0560, 187 negative triangles
884: dt=0.0560, 185 negative triangles
885: dt=0.0560, 186 negative triangles
886: dt=0.0560, 188 negative triangles
887: dt=0.0532, 189 negative triangles
888: dt=0.0532, 187 negative triangles
889: dt=0.0532, 186 negative triangles
890: dt=0.0532, 186 negative triangles
891: dt=0.0532, 186 negative triangles
892: dt=0.0532, 186 negative triangles
893: dt=0.0532, 186 negative triangles
894: dt=0.0532, 187 negative triangles
895: dt=0.0532, 188 negative triangles
896: dt=0.0532, 186 negative triangles
897: dt=0.0505, 188 negative triangles
898: dt=0.0505, 188 negative triangles
899: dt=0.0505, 187 negative triangles
900: dt=0.0505, 187 negative triangles
901: dt=0.0505, 186 negative triangles
902: dt=0.0505, 185 negative triangles
903: dt=0.0505, 185 negative triangles
904: dt=0.0505, 185 negative triangles
905: dt=0.0505, 185 negative triangles
906: dt=0.0505, 186 negative triangles
907: dt=0.0480, 186 negative triangles
908: dt=0.0480, 186 negative triangles
909: dt=0.0480, 188 negative triangles
910: dt=0.0480, 187 negative triangles
911: dt=0.0480, 188 negative triangles
912: dt=0.0480, 188 negative triangles
913: dt=0.0480, 187 negative triangles
914: dt=0.0480, 188 negative triangles
915: dt=0.0480, 185 negative triangles
916: dt=0.0480, 187 negative triangles
917: dt=0.0456, 186 negative triangles
918: dt=0.0456, 185 negative triangles
919: dt=0.0456, 186 negative triangles
920: dt=0.0456, 187 negative triangles
921: dt=0.0456, 187 negative triangles
922: dt=0.0456, 186 negative triangles
923: dt=0.0456, 185 negative triangles
924: dt=0.0456, 184 negative triangles
925: dt=0.0456, 185 negative triangles
926: dt=0.0456, 185 negative triangles
927: dt=0.0433, 186 negative triangles
928: dt=0.0433, 186 negative triangles
929: dt=0.0433, 185 negative triangles
930: dt=0.0433, 187 negative triangles
931: dt=0.0433, 184 negative triangles
932: dt=0.0433, 184 negative triangles
933: dt=0.0433, 184 negative triangles
934: dt=0.0433, 184 negative triangles
935: dt=0.0433, 185 negative triangles
936: dt=0.0433, 185 negative triangles
937: dt=0.0412, 184 negative triangles
938: dt=0.0412, 185 negative triangles
939: dt=0.0412, 185 negative triangles
940: dt=0.0412, 185 negative triangles
941: dt=0.0412, 185 negative triangles
942: dt=0.0412, 185 negative triangles
943: dt=0.0412, 185 negative triangles
944: dt=0.0412, 185 negative triangles
945: dt=0.0412, 185 negative triangles
946: dt=0.0412, 184 negative triangles
947: dt=0.0391, 183 negative triangles
948: dt=0.0391, 184 negative triangles
949: dt=0.0391, 185 negative triangles
950: dt=0.0391, 186 negative triangles
951: dt=0.0391, 186 negative triangles
952: dt=0.0391, 185 negative triangles
953: dt=0.0391, 185 negative triangles
954: dt=0.0391, 185 negative triangles
955: dt=0.0391, 185 negative triangles
956: dt=0.0391, 185 negative triangles
957: dt=0.0371, 185 negative triangles
958: dt=0.0371, 186 negative triangles
959: dt=0.0371, 185 negative triangles
960: dt=0.0371, 186 negative triangles
961: dt=0.0371, 184 negative triangles
962: dt=0.0371, 184 negative triangles
963: dt=0.0371, 184 negative triangles
964: dt=0.0371, 184 negative triangles
965: dt=0.0371, 183 negative triangles
966: dt=0.0371, 183 negative triangles
967: dt=0.0353, 183 negative triangles
968: dt=0.0353, 183 negative triangles
969: dt=0.0353, 185 negative triangles
970: dt=0.0353, 186 negative triangles
971: dt=0.0353, 185 negative triangles
972: dt=0.0353, 186 negative triangles
973: dt=0.0353, 186 negative triangles
974: dt=0.0353, 187 negative triangles
975: dt=0.0353, 187 negative triangles
976: dt=0.0353, 187 negative triangles
977: dt=0.0335, 187 negative triangles
978: dt=0.0335, 188 negative triangles
979: dt=0.0335, 188 negative triangles
980: dt=0.0335, 190 negative triangles
981: dt=0.0335, 191 negative triangles
982: dt=0.0335, 191 negative triangles
983: dt=0.0335, 191 negative triangles
984: dt=0.0335, 191 negative triangles
985: dt=0.0335, 188 negative triangles
986: dt=0.0335, 189 negative triangles
987: dt=0.0319, 188 negative triangles
988: dt=0.0319, 186 negative triangles
989: dt=0.0319, 187 negative triangles
990: dt=0.0319, 188 negative triangles
991: dt=0.0319, 188 negative triangles
992: dt=0.0319, 187 negative triangles
993: dt=0.0319, 188 negative triangles
994: dt=0.0319, 188 negative triangles
995: dt=0.0319, 188 negative triangles
996: dt=0.0319, 187 negative triangles
997: dt=0.0303, 188 negative triangles
998: dt=0.0303, 188 negative triangles
999: dt=0.0303, 188 negative triangles
1000: dt=0.0303, 185 negative triangles
1001: dt=0.0303, 185 negative triangles
1002: dt=0.0303, 186 negative triangles
1003: dt=0.0303, 186 negative triangles
1004: dt=0.0303, 186 negative triangles
1005: dt=0.0303, 186 negative triangles
1006: dt=0.0303, 186 negative triangles
1007: dt=0.0287, 186 negative triangles
1008: dt=0.0287, 186 negative triangles
1009: dt=0.0287, 186 negative triangles
1010: dt=0.0287, 187 negative triangles
1011: dt=0.0287, 187 negative triangles
1012: dt=0.0287, 188 negative triangles
1013: dt=0.0287, 189 negative triangles
1014: dt=0.0287, 188 negative triangles
1015: dt=0.0287, 188 negative triangles
1016: dt=0.0287, 189 negative triangles
1017: dt=0.0273, 189 negative triangles
1018: dt=0.0273, 190 negative triangles
1019: dt=0.0273, 190 negative triangles
1020: dt=0.0273, 189 negative triangles
1021: dt=0.0273, 189 negative triangles
1022: dt=0.0273, 190 negative triangles
1023: dt=0.0273, 190 negative triangles
1024: dt=0.0273, 189 negative triangles
1025: dt=0.0273, 189 negative triangles
1026: dt=0.0273, 189 negative triangles
1027: dt=0.0259, 189 negative triangles
1028: dt=0.0259, 189 negative triangles
1029: dt=0.0259, 189 negative triangles
1030: dt=0.0259, 188 negative triangles
1031: dt=0.0259, 188 negative triangles
1032: dt=0.0259, 188 negative triangles
1033: dt=0.0259, 188 negative triangles
1034: dt=0.0259, 188 negative triangles
1035: dt=0.0259, 187 negative triangles
1036: dt=0.0259, 188 negative triangles
1037: dt=0.0246, 188 negative triangles
1038: dt=0.0246, 188 negative triangles
1039: dt=0.0246, 188 negative triangles
1040: dt=0.0246, 188 negative triangles
1041: dt=0.0246, 188 negative triangles
1042: dt=0.0246, 188 negative triangles
1043: dt=0.0246, 188 negative triangles
1044: dt=0.0246, 188 negative triangles
1045: dt=0.0246, 189 negative triangles
1046: dt=0.0246, 189 negative triangles
1047: dt=0.0234, 190 negative triangles
1048: dt=0.0234, 189 negative triangles
1049: dt=0.0234, 188 negative triangles
1050: dt=0.0234, 188 negative triangles
1051: dt=0.0234, 188 negative triangles
1052: dt=0.0234, 188 negative triangles
1053: dt=0.0234, 188 negative triangles
1054: dt=0.0234, 189 negative triangles
1055: dt=0.0234, 188 negative triangles
1056: dt=0.0234, 189 negative triangles
1057: dt=0.0222, 189 negative triangles
1058: dt=0.0222, 189 negative triangles
1059: dt=0.0222, 188 negative triangles
1060: dt=0.0222, 186 negative triangles
1061: dt=0.0222, 188 negative triangles
1062: dt=0.0222, 186 negative triangles
1063: dt=0.0222, 186 negative triangles
1064: dt=0.0222, 186 negative triangles
1065: dt=0.0222, 186 negative triangles
1066: dt=0.0222, 186 negative triangles
1067: dt=0.0211, 186 negative triangles
1068: dt=0.0211, 187 negative triangles
1069: dt=0.0211, 187 negative triangles
1070: dt=0.0211, 186 negative triangles
1071: dt=0.0211, 186 negative triangles
1072: dt=0.0211, 187 negative triangles
1073: dt=0.0211, 187 negative triangles
1074: dt=0.0211, 187 negative triangles
1075: dt=0.0211, 189 negative triangles
1076: dt=0.0211, 188 negative triangles
1077: dt=0.0201, 188 negative triangles
1078: dt=0.0201, 187 negative triangles
1079: dt=0.0201, 189 negative triangles
1080: dt=0.0201, 188 negative triangles
1081: dt=0.0201, 187 negative triangles
1082: dt=0.0201, 187 negative triangles
1083: dt=0.0201, 188 negative triangles
1084: dt=0.0201, 188 negative triangles
1085: dt=0.0201, 188 negative triangles
1086: dt=0.0201, 187 negative triangles
1087: dt=0.0191, 187 negative triangles
1088: dt=0.0191, 187 negative triangles
1089: dt=0.0191, 188 negative triangles
1090: dt=0.0191, 187 negative triangles
1091: dt=0.0191, 188 negative triangles
1092: dt=0.0191, 189 negative triangles
1093: dt=0.0191, 188 negative triangles
1094: dt=0.0191, 188 negative triangles
1095: dt=0.0191, 187 negative triangles
1096: dt=0.0191, 187 negative triangles
1097: dt=0.0181, 187 negative triangles
1098: dt=0.0181, 186 negative triangles
1099: dt=0.0181, 186 negative triangles
1100: dt=0.0181, 188 negative triangles
1101: dt=0.0181, 188 negative triangles
1102: dt=0.0181, 188 negative triangles
1103: dt=0.0181, 189 negative triangles
1104: dt=0.0181, 187 negative triangles
1105: dt=0.0181, 187 negative triangles
1106: dt=0.0181, 187 negative triangles
1107: dt=0.0172, 187 negative triangles
1108: dt=0.0172, 188 negative triangles
1109: dt=0.0172, 187 negative triangles
1110: dt=0.0172, 189 negative triangles
1111: 189 negative triangles
writing spherical brain to ../surf/rh.sphere
spherical transformation took 0.0657 hours
FSRUNTIME@ mris_sphere  0.0657 hours 16 threads
#VMPC# mris_sphere VmPeak  1937332
mris_sphere done
#--------------------------------------------
#@# Surf Reg rh Sat Mar 14 12:29:24 CET 2026
/out/sourcedata/freesurfer/sub-v2s9x29156_ses-1/scripts

 mris_register -curv ../surf/rh.sphere /opt/freesurfer/average/rh.folding.atlas.acfb40.noaparc.i12.2016-08-02.tif ../surf/rh.sphere.reg 

using smoothwm curvature for final alignment

cwd /out/sourcedata/freesurfer/sub-v2s9x29156_ses-1/scripts
cmdline mris_register -curv ../surf/rh.sphere /opt/freesurfer/average/rh.folding.atlas.acfb40.noaparc.i12.2016-08-02.tif ../surf/rh.sphere.reg 

0 inflated.H
1 sulc
2 smoothwm (computed)
7.3.2
  7.3.2
reading surface from ../surf/rh.sphere...
reading template parameterization from /opt/freesurfer/average/rh.folding.atlas.acfb40.noaparc.i12.2016-08-02.tif...
MRISregister() -------
max_passes = 4 
min_degrees = 0.500000 
max_degrees = 64.000000 
nangles = 8 
tol=5.0e-01, sigma=0.0, host=dna06, nav=1024, nbrs=1, l_extern=10000.000, l_parea=0.200, l_nlarea=1.000, l_corr=1.000, l_dist=5.000
using quadratic fit line minimization
complete_dist_mat 0
rms 0
smooth_averages 0
remove_neg 0
ico_order 0
which_surface 0
target_radius 0.000000
nfields 0
scale 0.000000
desired_rms_height -1.000000
momentum 0.950000
nbhd_size -10
max_nbrs 10
niterations 25
nsurfaces 0
SURFACES 3
flags 16 (10)
use curv 16
no sulc 0
no rigid align 0
mris->nsize 1
mris->hemisphere 1
randomSeed 0

tol=5.0e-01, sigma=0.0, host=dna06, nav=1024, nbrs=1, l_extern=10000.000, l_parea=0.200, l_nlarea=1.000, l_corr=1.000, l_dist=5.000
using quadratic fit line minimization
--------------------
1 Reading rh.sulc
tol=1.0e+00, sigma=0.5, host=dna06, nav=1024, nbrs=1, l_extern=10000.000, l_parea=0.200, l_nlarea=1.000, l_corr=0.050, l_spring=0.500, l_dist=5.000
using quadratic fit line minimization
curvature mean = 0.000, std = 5.980
curvature mean = 0.030, std = 0.808
curvature mean = 0.012, std = 0.849
Starting MRISrigidBodyAlignGlobal()
Starting new MRISrigidBodyAlignGlobal_findMinSSE()
  new MRISrigidBodyAlignGlobal_findMinSSE min @ (13.50, -10.00, -1.00) sse = 343255.2, elapsed since starting=0.1037 min
MRISrigidBodyAlignGlobal() done   0.10 min
curvature mean = 0.009, std = 0.806
curvature mean = 0.004, std = 0.939
curvature mean = 0.003, std = 0.807
curvature mean = 0.002, std = 0.975
curvature mean = 0.001, std = 0.805
curvature mean = 0.001, std = 0.990
2 Reading smoothwm
curvature mean = 0.019, std = 16.629
curvature mean = 0.039, std = 0.236
curvature mean = -0.001, std = 0.006
curvature mean = 0.035, std = 0.290
curvature mean = 0.001, std = 0.083
curvature mean = 0.035, std = 0.315
curvature mean = 0.003, std = 0.162
curvature mean = 0.034, std = 0.327
curvature mean = 0.003, std = 0.250
MRISregister() return, current seed 0
-01: dt=0.0000, 198 negative triangles  VmPeak 1655444
126: dt=0.9900, 198 negative triangles
expanding nbhd size to 1
127: dt=0.9900, 206 negative triangles
128: dt=0.9900, 190 negative triangles
129: dt=0.9900, 187 negative triangles
130: dt=0.9900, 182 negative triangles
131: dt=0.9900, 183 negative triangles
132: dt=0.9900, 189 negative triangles
133: dt=0.9900, 183 negative triangles
134: dt=0.9900, 182 negative triangles
135: dt=0.9900, 176 negative triangles
136: dt=0.9900, 178 negative triangles
137: dt=0.9900, 180 negative triangles
138: dt=0.9900, 176 negative triangles
139: dt=0.9900, 176 negative triangles
140: dt=0.9900, 177 negative triangles
141: dt=0.9900, 179 negative triangles
142: dt=0.9900, 178 negative triangles
143: dt=0.9900, 179 negative triangles
144: dt=0.9900, 180 negative triangles
145: dt=0.9405, 180 negative triangles
146: dt=0.9405, 181 negative triangles
147: dt=0.9405, 181 negative triangles
148: dt=0.9405, 182 negative triangles
149: dt=0.9405, 181 negative triangles
150: dt=0.9405, 181 negative triangles
151: dt=0.9405, 181 negative triangles
152: dt=0.9405, 181 negative triangles
153: dt=0.9405, 180 negative triangles
154: dt=0.9405, 179 negative triangles
155: dt=0.8935, 179 negative triangles
156: dt=0.8935, 179 negative triangles
157: dt=0.8935, 180 negative triangles
158: dt=0.8935, 180 negative triangles
159: dt=0.8935, 178 negative triangles
160: dt=0.8935, 176 negative triangles
161: dt=0.8935, 177 negative triangles
162: dt=0.8935, 176 negative triangles
163: dt=0.8935, 175 negative triangles
164: dt=0.8935, 178 negative triangles
165: dt=0.8935, 176 negative triangles
166: dt=0.8935, 176 negative triangles
167: dt=0.8935, 177 negative triangles
168: dt=0.8935, 176 negative triangles
169: dt=0.8935, 178 negative triangles
170: dt=0.8935, 178 negative triangles
171: dt=0.8935, 179 negative triangles
172: dt=0.8935, 177 negative triangles
173: dt=0.8488, 179 negative triangles
174: dt=0.8488, 178 negative triangles
175: dt=0.8488, 177 negative triangles
176: dt=0.8488, 177 negative triangles
177: dt=0.8488, 177 negative triangles
178: dt=0.8488, 177 negative triangles
179: dt=0.8488, 177 negative triangles
180: dt=0.8488, 176 negative triangles
181: dt=0.8488, 176 negative triangles
182: dt=0.8488, 176 negative triangles
183: dt=0.8064, 175 negative triangles
184: dt=0.8064, 175 negative triangles
185: dt=0.8064, 175 negative triangles
186: dt=0.8064, 175 negative triangles
187: dt=0.8064, 175 negative triangles
188: dt=0.8064, 175 negative triangles
189: dt=0.8064, 174 negative triangles
190: dt=0.8064, 176 negative triangles
191: dt=0.8064, 174 negative triangles
192: dt=0.8064, 173 negative triangles
193: dt=0.8064, 172 negative triangles
194: dt=0.8064, 171 negative triangles
195: dt=0.8064, 171 negative triangles
196: dt=0.8064, 172 negative triangles
197: dt=0.8064, 174 negative triangles
198: dt=0.8064, 173 negative triangles
199: dt=0.8064, 172 negative triangles
200: dt=0.8064, 171 negative triangles
201: dt=0.8064, 172 negative triangles
202: dt=0.8064, 173 negative triangles
203: dt=0.8064, 173 negative triangles
204: dt=0.7660, 172 negative triangles
205: dt=0.7660, 172 negative triangles
206: dt=0.7660, 172 negative triangles
207: dt=0.7660, 170 negative triangles
208: dt=0.7660, 168 negative triangles
209: dt=0.7660, 170 negative triangles
210: dt=0.7660, 170 negative triangles
211: dt=0.7660, 170 negative triangles
212: dt=0.7660, 173 negative triangles
213: dt=0.7660, 173 negative triangles
214: dt=0.7660, 172 negative triangles
215: dt=0.7660, 175 negative triangles
216: dt=0.7660, 173 negative triangles
217: dt=0.7660, 174 negative triangles
218: dt=0.7277, 173 negative triangles
219: dt=0.7277, 172 negative triangles
220: dt=0.7277, 173 negative triangles
221: dt=0.7277, 172 negative triangles
222: dt=0.7277, 173 negative triangles
223: dt=0.7277, 172 negative triangles
224: dt=0.7277, 172 negative triangles
225: dt=0.7277, 173 negative triangles
226: dt=0.7277, 173 negative triangles
227: dt=0.7277, 175 negative triangles
228: dt=0.6914, 175 negative triangles
229: dt=0.6914, 174 negative triangles
230: dt=0.6914, 174 negative triangles
231: dt=0.6914, 175 negative triangles
232: dt=0.6914, 171 negative triangles
233: dt=0.6914, 172 negative triangles
234: dt=0.6914, 171 negative triangles
235: dt=0.6914, 172 negative triangles
236: dt=0.6914, 173 negative triangles
237: dt=0.6914, 174 negative triangles
238: dt=0.6568, 174 negative triangles
239: dt=0.6568, 175 negative triangles
240: dt=0.6568, 174 negative triangles
241: dt=0.6568, 173 negative triangles
242: dt=0.6568, 172 negative triangles
243: dt=0.6568, 175 negative triangles
244: dt=0.6568, 173 negative triangles
245: dt=0.6568, 175 negative triangles
246: dt=0.6568, 175 negative triangles
247: dt=0.6568, 173 negative triangles
248: dt=0.6239, 173 negative triangles
249: dt=0.6239, 175 negative triangles
250: dt=0.6239, 174 negative triangles
251: dt=0.6239, 172 negative triangles
252: dt=0.6239, 171 negative triangles
253: dt=0.6239, 174 negative triangles
254: dt=0.6239, 174 negative triangles
255: dt=0.6239, 174 negative triangles
256: dt=0.6239, 173 negative triangles
257: dt=0.6239, 175 negative triangles
258: dt=0.5927, 173 negative triangles
259: dt=0.5927, 176 negative triangles
260: dt=0.5927, 172 negative triangles
261: dt=0.5927, 173 negative triangles
262: dt=0.5927, 175 negative triangles
263: dt=0.5927, 173 negative triangles
264: dt=0.5927, 176 negative triangles
265: dt=0.5927, 174 negative triangles
266: dt=0.5927, 175 negative triangles
267: dt=0.5927, 173 negative triangles
268: dt=0.5631, 175 negative triangles
269: dt=0.5631, 175 negative triangles
270: dt=0.5631, 171 negative triangles
271: dt=0.5631, 173 negative triangles
272: dt=0.5631, 172 negative triangles
273: dt=0.5631, 172 negative triangles
274: dt=0.5631, 173 negative triangles
275: dt=0.5631, 174 negative triangles
276: dt=0.5631, 174 negative triangles
277: dt=0.5631, 172 negative triangles
278: dt=0.5350, 172 negative triangles
279: dt=0.5350, 174 negative triangles
280: dt=0.5350, 174 negative triangles
281: dt=0.5350, 173 negative triangles
282: dt=0.5350, 172 negative triangles
283: dt=0.5350, 172 negative triangles
284: dt=0.5350, 172 negative triangles
285: dt=0.5350, 173 negative triangles
286: dt=0.5350, 174 negative triangles
287: dt=0.5350, 172 negative triangles
288: dt=0.5082, 171 negative triangles
289: dt=0.5082, 173 negative triangles
290: dt=0.5082, 174 negative triangles
291: dt=0.5082, 172 negative triangles
292: dt=0.5082, 171 negative triangles
293: dt=0.5082, 172 negative triangles
294: dt=0.5082, 173 negative triangles
295: dt=0.5082, 172 negative triangles
296: dt=0.5082, 173 negative triangles
297: dt=0.5082, 173 negative triangles
298: dt=0.4828, 173 negative triangles
299: dt=0.4828, 173 negative triangles
300: dt=0.4828, 175 negative triangles
301: dt=0.4828, 173 negative triangles
302: dt=0.4828, 172 negative triangles
303: dt=0.4828, 173 negative triangles
304: dt=0.4828, 172 negative triangles
305: dt=0.4828, 173 negative triangles
306: dt=0.4828, 173 negative triangles
307: dt=0.4828, 172 negative triangles
308: dt=0.4587, 174 negative triangles
309: dt=0.4587, 172 negative triangles
310: dt=0.4587, 174 negative triangles
311: dt=0.4587, 173 negative triangles
312: dt=0.4587, 173 negative triangles
313: dt=0.4587, 172 negative triangles
314: dt=0.4587, 173 negative triangles
315: dt=0.4587, 172 negative triangles
316: dt=0.4587, 175 negative triangles
317: dt=0.4587, 172 negative triangles
318: dt=0.4357, 173 negative triangles
319: dt=0.4357, 173 negative triangles
320: dt=0.4357, 173 negative triangles
321: dt=0.4357, 173 negative triangles
322: dt=0.4357, 173 negative triangles
323: dt=0.4357, 174 negative triangles
324: dt=0.4357, 173 negative triangles
325: dt=0.4357, 172 negative triangles
326: dt=0.4357, 171 negative triangles
327: dt=0.4357, 175 negative triangles
328: dt=0.4139, 172 negative triangles
329: dt=0.4139, 172 negative triangles
330: dt=0.4139, 173 negative triangles
331: dt=0.4139, 173 negative triangles
332: dt=0.4139, 171 negative triangles
333: dt=0.4139, 172 negative triangles
334: dt=0.4139, 173 negative triangles
335: dt=0.4139, 173 negative triangles
336: dt=0.4139, 174 negative triangles
337: dt=0.4139, 172 negative triangles
338: dt=0.3932, 172 negative triangles
339: dt=0.3932, 171 negative triangles
340: dt=0.3932, 173 negative triangles
341: dt=0.3932, 171 negative triangles
342: dt=0.3932, 174 negative triangles
343: dt=0.3932, 173 negative triangles
344: dt=0.3932, 174 negative triangles
345: dt=0.3932, 172 negative triangles
346: dt=0.3932, 175 negative triangles
347: dt=0.3932, 173 negative triangles
348: dt=0.3736, 173 negative triangles
349: dt=0.3736, 173 negative triangles
350: dt=0.3736, 173 negative triangles
351: dt=0.3736, 171 negative triangles
352: dt=0.3736, 173 negative triangles
353: dt=0.3736, 172 negative triangles
354: dt=0.3736, 173 negative triangles
355: dt=0.3736, 172 negative triangles
356: dt=0.3736, 174 negative triangles
357: dt=0.3736, 172 negative triangles
358: dt=0.3549, 173 negative triangles
359: dt=0.3549, 172 negative triangles
360: dt=0.3549, 172 negative triangles
361: dt=0.3549, 172 negative triangles
362: dt=0.3549, 172 negative triangles
363: dt=0.3549, 173 negative triangles
364: dt=0.3549, 172 negative triangles
365: dt=0.3549, 172 negative triangles
366: dt=0.3549, 174 negative triangles
367: dt=0.3549, 173 negative triangles
368: dt=0.3372, 174 negative triangles
369: dt=0.3372, 172 negative triangles
370: dt=0.3372, 174 negative triangles
371: dt=0.3372, 171 negative triangles
372: dt=0.3372, 173 negative triangles
373: dt=0.3372, 173 negative triangles
374: dt=0.3372, 173 negative triangles
375: dt=0.3372, 173 negative triangles
376: dt=0.3372, 174 negative triangles
377: dt=0.3372, 172 negative triangles
378: dt=0.3203, 172 negative triangles
379: dt=0.3203, 173 negative triangles
380: dt=0.3203, 171 negative triangles
381: dt=0.3203, 173 negative triangles
382: dt=0.3203, 172 negative triangles
383: dt=0.3203, 173 negative triangles
384: dt=0.3203, 173 negative triangles
385: dt=0.3203, 172 negative triangles
386: dt=0.3203, 173 negative triangles
387: dt=0.3203, 172 negative triangles
388: dt=0.3043, 173 negative triangles
389: dt=0.3043, 173 negative triangles
390: dt=0.3043, 173 negative triangles
391: dt=0.3043, 173 negative triangles
392: dt=0.3043, 171 negative triangles
393: dt=0.3043, 173 negative triangles
394: dt=0.3043, 173 negative triangles
395: dt=0.3043, 173 negative triangles
396: dt=0.3043, 174 negative triangles
397: dt=0.3043, 171 negative triangles
398: dt=0.2891, 173 negative triangles
399: dt=0.2891, 173 negative triangles
400: dt=0.2891, 173 negative triangles
401: dt=0.2891, 173 negative triangles
402: dt=0.2891, 173 negative triangles
403: dt=0.2891, 174 negative triangles
404: dt=0.2891, 173 negative triangles
405: dt=0.2891, 173 negative triangles
406: dt=0.2891, 172 negative triangles
407: dt=0.2891, 172 negative triangles
408: dt=0.2746, 172 negative triangles
409: dt=0.2746, 172 negative triangles
410: dt=0.2746, 173 negative triangles
411: dt=0.2746, 172 negative triangles
412: dt=0.2746, 171 negative triangles
413: dt=0.2746, 171 negative triangles
414: dt=0.2746, 171 negative triangles
415: dt=0.2746, 171 negative triangles
416: dt=0.2746, 172 negative triangles
417: dt=0.2746, 173 negative triangles
418: dt=0.2609, 172 negative triangles
419: dt=0.2609, 173 negative triangles
420: dt=0.2609, 173 negative triangles
421: dt=0.2609, 172 negative triangles
422: dt=0.2609, 172 negative triangles
423: dt=0.2609, 172 negative triangles
424: dt=0.2609, 173 negative triangles
425: dt=0.2609, 172 negative triangles
426: dt=0.2609, 171 negative triangles
427: dt=0.2609, 172 negative triangles
428: dt=0.2478, 171 negative triangles
429: dt=0.2478, 171 negative triangles
430: dt=0.2478, 174 negative triangles
431: dt=0.2478, 172 negative triangles
432: dt=0.2478, 172 negative triangles
433: dt=0.2478, 171 negative triangles
434: dt=0.2478, 172 negative triangles
435: dt=0.2478, 172 negative triangles
436: dt=0.2478, 172 negative triangles
437: dt=0.2478, 173 negative triangles
438: dt=0.2354, 172 negative triangles
439: dt=0.2354, 171 negative triangles
440: dt=0.2354, 171 negative triangles
441: dt=0.2354, 172 negative triangles
442: dt=0.2354, 172 negative triangles
443: dt=0.2354, 173 negative triangles
444: dt=0.2354, 173 negative triangles
445: dt=0.2354, 172 negative triangles
446: dt=0.2354, 172 negative triangles
447: dt=0.2354, 172 negative triangles
448: dt=0.2237, 172 negative triangles
449: dt=0.2237, 172 negative triangles
450: dt=0.2237, 172 negative triangles
451: dt=0.2237, 173 negative triangles
452: dt=0.2237, 172 negative triangles
453: dt=0.2237, 172 negative triangles
454: dt=0.2237, 173 negative triangles
455: dt=0.2237, 172 negative triangles
456: dt=0.2237, 172 negative triangles
457: dt=0.2237, 173 negative triangles
458: dt=0.2125, 175 negative triangles
459: dt=0.2125, 173 negative triangles
460: dt=0.2125, 174 negative triangles
461: dt=0.2125, 174 negative triangles
462: dt=0.2125, 174 negative triangles
463: dt=0.2125, 174 negative triangles
464: dt=0.2125, 176 negative triangles
465: dt=0.2125, 174 negative triangles
466: dt=0.2125, 173 negative triangles
467: dt=0.2125, 173 negative triangles
468: dt=0.2019, 173 negative triangles
469: dt=0.2019, 173 negative triangles
470: dt=0.2019, 173 negative triangles
471: dt=0.2019, 174 negative triangles
472: dt=0.2019, 173 negative triangles
473: dt=0.2019, 172 negative triangles
474: dt=0.2019, 171 negative triangles
475: dt=0.2019, 171 negative triangles
476: dt=0.2019, 171 negative triangles
477: dt=0.2019, 171 negative triangles
478: dt=0.1918, 173 negative triangles
479: dt=0.1918, 172 negative triangles
480: dt=0.1918, 171 negative triangles
481: dt=0.1918, 172 negative triangles
482: dt=0.1918, 172 negative triangles
483: dt=0.1918, 172 negative triangles
484: dt=0.1918, 172 negative triangles
485: dt=0.1918, 172 negative triangles
486: dt=0.1918, 171 negative triangles
487: dt=0.1918, 173 negative triangles
488: dt=0.1822, 174 negative triangles
489: dt=0.1822, 173 negative triangles
490: dt=0.1822, 173 negative triangles
491: dt=0.1822, 173 negative triangles
492: dt=0.1822, 174 negative triangles
493: dt=0.1822, 172 negative triangles
494: dt=0.1822, 173 negative triangles
495: dt=0.1822, 173 negative triangles
496: dt=0.1822, 174 negative triangles
497: dt=0.1822, 174 negative triangles
498: dt=0.1731, 174 negative triangles
499: dt=0.1731, 172 negative triangles
500: dt=0.1731, 172 negative triangles
501: dt=0.1731, 173 negative triangles
502: dt=0.1731, 173 negative triangles
503: dt=0.1731, 174 negative triangles
504: dt=0.1731, 173 negative triangles
505: dt=0.1731, 173 negative triangles
506: dt=0.1731, 173 negative triangles
507: dt=0.1731, 172 negative triangles
508: dt=0.1644, 172 negative triangles
509: dt=0.1644, 172 negative triangles
510: dt=0.1644, 172 negative triangles
511: dt=0.1644, 172 negative triangles
512: dt=0.1644, 173 negative triangles
513: dt=0.1644, 172 negative triangles
514: dt=0.1644, 172 negative triangles
515: dt=0.1644, 171 negative triangles
516: dt=0.1644, 172 negative triangles
517: dt=0.1644, 171 negative triangles
518: dt=0.1562, 172 negative triangles
519: dt=0.1562, 174 negative triangles
520: dt=0.1562, 172 negative triangles
521: dt=0.1562, 172 negative triangles
522: dt=0.1562, 172 negative triangles
523: dt=0.1562, 172 negative triangles
524: dt=0.1562, 172 negative triangles
525: dt=0.1562, 172 negative triangles
526: dt=0.1562, 173 negative triangles
527: dt=0.1562, 172 negative triangles
528: dt=0.1484, 172 negative triangles
529: dt=0.1484, 172 negative triangles
530: dt=0.1484, 172 negative triangles
531: dt=0.1484, 172 negative triangles
532: dt=0.1484, 172 negative triangles
533: dt=0.1484, 173 negative triangles
534: dt=0.1484, 173 negative triangles
535: dt=0.1484, 173 negative triangles
536: dt=0.1484, 173 negative triangles
537: dt=0.1484, 172 negative triangles
538: dt=0.1410, 173 negative triangles
539: dt=0.1410, 172 negative triangles
540: dt=0.1410, 174 negative triangles
541: dt=0.1410, 173 negative triangles
542: dt=0.1410, 172 negative triangles
543: dt=0.1410, 172 negative triangles
544: dt=0.1410, 172 negative triangles
545: dt=0.1410, 172 negative triangles
546: dt=0.1410, 173 negative triangles
547: dt=0.1410, 171 negative triangles
548: dt=0.1339, 171 negative triangles
549: dt=0.1339, 170 negative triangles
550: dt=0.1339, 172 negative triangles
551: dt=0.1339, 171 negative triangles
552: dt=0.1339, 170 negative triangles
553: dt=0.1339, 172 negative triangles
554: dt=0.1339, 170 negative triangles
555: dt=0.1339, 171 negative triangles
556: dt=0.1339, 171 negative triangles
557: dt=0.1339, 171 negative triangles
558: dt=0.1272, 171 negative triangles
559: dt=0.1272, 172 negative triangles
560: dt=0.1272, 172 negative triangles
561: dt=0.1272, 171 negative triangles
562: dt=0.1272, 172 negative triangles
563: dt=0.1272, 172 negative triangles
564: dt=0.1272, 172 negative triangles
565: dt=0.1272, 171 negative triangles
566: dt=0.1272, 171 negative triangles
567: dt=0.1272, 172 negative triangles
568: dt=0.1209, 171 negative triangles
569: dt=0.1209, 170 negative triangles
570: dt=0.1209, 172 negative triangles
571: dt=0.1209, 173 negative triangles
572: dt=0.1209, 173 negative triangles
573: dt=0.1209, 173 negative triangles
574: dt=0.1209, 174 negative triangles
575: dt=0.1209, 173 negative triangles
576: dt=0.1209, 173 negative triangles
577: dt=0.1209, 173 negative triangles
578: dt=0.1148, 173 negative triangles
579: dt=0.1148, 173 negative triangles
580: dt=0.1148, 171 negative triangles
581: dt=0.1148, 172 negative triangles
582: dt=0.1148, 172 negative triangles
583: dt=0.1148, 172 negative triangles
584: dt=0.1148, 172 negative triangles
585: dt=0.1148, 172 negative triangles
586: dt=0.1148, 172 negative triangles
587: dt=0.1148, 172 negative triangles
588: dt=0.1091, 173 negative triangles
589: dt=0.1091, 172 negative triangles
590: dt=0.1091, 172 negative triangles
591: dt=0.1091, 174 negative triangles
592: dt=0.1091, 172 negative triangles
593: dt=0.1091, 172 negative triangles
594: dt=0.1091, 171 negative triangles
595: dt=0.1091, 173 negative triangles
596: dt=0.1091, 172 negative triangles
597: dt=0.1091, 171 negative triangles
598: dt=0.1036, 171 negative triangles
599: dt=0.1036, 172 negative triangles
600: dt=0.1036, 171 negative triangles
601: dt=0.1036, 171 negative triangles
602: dt=0.1036, 173 negative triangles
603: dt=0.1036, 171 negative triangles
604: dt=0.1036, 171 negative triangles
605: dt=0.1036, 172 negative triangles
606: dt=0.1036, 172 negative triangles
607: dt=0.1036, 172 negative triangles
608: dt=0.0984, 173 negative triangles
609: dt=0.0984, 171 negative triangles
610: dt=0.0984, 170 negative triangles
611: dt=0.0984, 171 negative triangles
612: dt=0.0984, 170 negative triangles
613: dt=0.0984, 171 negative triangles
614: dt=0.0984, 171 negative triangles
615: dt=0.0984, 171 negative triangles
616: dt=0.0984, 171 negative triangles
617: dt=0.0984, 170 negative triangles
618: dt=0.0935, 171 negative triangles
619: dt=0.0935, 171 negative triangles
620: dt=0.0935, 171 negative triangles
621: dt=0.0935, 171 negative triangles
622: dt=0.0935, 172 negative triangles
623: dt=0.0935, 173 negative triangles
624: dt=0.0935, 172 negative triangles
625: dt=0.0935, 172 negative triangles
626: dt=0.0935, 171 negative triangles
627: dt=0.0935, 172 negative triangles
628: dt=0.0888, 172 negative triangles
629: dt=0.0888, 172 negative triangles
630: dt=0.0888, 171 negative triangles
631: dt=0.0888, 172 negative triangles
632: dt=0.0888, 171 negative triangles
633: dt=0.0888, 171 negative triangles
634: dt=0.0888, 171 negative triangles
635: dt=0.0888, 171 negative triangles
636: dt=0.0888, 171 negative triangles
637: dt=0.0888, 172 negative triangles
638: dt=0.0844, 171 negative triangles
639: dt=0.0844, 171 negative triangles
640: dt=0.0844, 171 negative triangles
641: dt=0.0844, 171 negative triangles
642: dt=0.0844, 172 negative triangles
643: dt=0.0844, 173 negative triangles
644: dt=0.0844, 173 negative triangles
645: dt=0.0844, 173 negative triangles
646: dt=0.0844, 173 negative triangles
647: dt=0.0844, 173 negative triangles
648: dt=0.0802, 175 negative triangles
649: dt=0.0802, 175 negative triangles
650: dt=0.0802, 175 negative triangles
651: dt=0.0802, 174 negative triangles
652: dt=0.0802, 174 negative triangles
653: dt=0.0802, 174 negative triangles
654: dt=0.0802, 175 negative triangles
655: dt=0.0802, 174 negative triangles
656: dt=0.0802, 173 negative triangles
657: dt=0.0802, 173 negative triangles
658: dt=0.0762, 173 negative triangles
659: dt=0.0762, 172 negative triangles
660: dt=0.0762, 173 negative triangles
661: dt=0.0762, 172 negative triangles
662: dt=0.0762, 172 negative triangles
663: dt=0.0762, 171 negative triangles
664: dt=0.0762, 172 negative triangles
665: dt=0.0762, 173 negative triangles
666: dt=0.0762, 173 negative triangles
667: dt=0.0762, 172 negative triangles
668: dt=0.0724, 172 negative triangles
669: dt=0.0724, 172 negative triangles
670: dt=0.0724, 172 negative triangles
671: dt=0.0724, 172 negative triangles
672: dt=0.0724, 174 negative triangles
673: dt=0.0724, 172 negative triangles
674: dt=0.0724, 173 negative triangles
675: dt=0.0724, 172 negative triangles
676: dt=0.0724, 174 negative triangles
677: dt=0.0724, 172 negative triangles
678: dt=0.0687, 174 negative triangles
679: dt=0.0687, 172 negative triangles
680: dt=0.0687, 173 negative triangles
681: dt=0.0687, 172 negative triangles
682: dt=0.0687, 172 negative triangles
683: dt=0.0687, 173 negative triangles
684: dt=0.0687, 173 negative triangles
685: dt=0.0687, 173 negative triangles
686: dt=0.0687, 173 negative triangles
687: dt=0.0687, 171 negative triangles
688: dt=0.0653, 172 negative triangles
689: dt=0.0653, 174 negative triangles
690: dt=0.0653, 173 negative triangles
691: dt=0.0653, 174 negative triangles
692: dt=0.0653, 172 negative triangles
693: dt=0.0653, 172 negative triangles
694: dt=0.0653, 172 negative triangles
695: dt=0.0653, 172 negative triangles
696: dt=0.0653, 172 negative triangles
697: dt=0.0653, 172 negative triangles
698: dt=0.0620, 172 negative triangles
699: dt=0.0620, 172 negative triangles
700: dt=0.0620, 172 negative triangles
701: dt=0.0620, 172 negative triangles
702: dt=0.0620, 172 negative triangles
703: dt=0.0620, 173 negative triangles
704: dt=0.0620, 172 negative triangles
705: dt=0.0620, 172 negative triangles
706: dt=0.0620, 172 negative triangles
707: dt=0.0620, 172 negative triangles
708: dt=0.0589, 173 negative triangles
709: dt=0.0589, 173 negative triangles
710: dt=0.0589, 174 negative triangles
711: dt=0.0589, 173 negative triangles
712: dt=0.0589, 173 negative triangles
713: dt=0.0589, 173 negative triangles
714: dt=0.0589, 173 negative triangles
715: dt=0.0589, 173 negative triangles
716: dt=0.0589, 174 negative triangles
717: dt=0.0589, 174 negative triangles
718: dt=0.0560, 174 negative triangles
719: dt=0.0560, 174 negative triangles
720: dt=0.0560, 174 negative triangles
721: dt=0.0560, 174 negative triangles
722: dt=0.0560, 174 negative triangles
723: dt=0.0560, 175 negative triangles
724: dt=0.0560, 173 negative triangles
725: dt=0.0560, 173 negative triangles
726: dt=0.0560, 174 negative triangles
727: dt=0.0560, 174 negative triangles
728: dt=0.0532, 173 negative triangles
729: dt=0.0532, 174 negative triangles
730: dt=0.0532, 173 negative triangles
731: dt=0.0532, 173 negative triangles
732: dt=0.0532, 173 negative triangles
733: dt=0.0532, 173 negative triangles
734: dt=0.0532, 174 negative triangles
735: dt=0.0532, 174 negative triangles
736: dt=0.0532, 173 negative triangles
737: dt=0.0532, 173 negative triangles
738: dt=0.0505, 173 negative triangles
739: dt=0.0505, 173 negative triangles
740: dt=0.0505, 173 negative triangles
741: dt=0.0505, 173 negative triangles
742: dt=0.0505, 174 negative triangles
743: dt=0.0505, 173 negative triangles
744: dt=0.0505, 173 negative triangles
745: dt=0.0505, 173 negative triangles
746: dt=0.0505, 173 negative triangles
747: dt=0.0505, 173 negative triangles
748: dt=0.0480, 174 negative triangles
749: dt=0.0480, 174 negative triangles
750: dt=0.0480, 173 negative triangles
751: dt=0.0480, 171 negative triangles
752: dt=0.0480, 174 negative triangles
753: dt=0.0480, 172 negative triangles
754: dt=0.0480, 173 negative triangles
755: dt=0.0480, 173 negative triangles
756: dt=0.0480, 171 negative triangles
757: dt=0.0480, 171 negative triangles
758: dt=0.0456, 171 negative triangles
759: dt=0.0456, 171 negative triangles
760: dt=0.0456, 171 negative triangles
761: dt=0.0456, 172 negative triangles
762: dt=0.0456, 174 negative triangles
763: dt=0.0456, 172 negative triangles
764: dt=0.0456, 172 negative triangles
765: dt=0.0456, 171 negative triangles
766: dt=0.0456, 171 negative triangles
767: dt=0.0456, 175 negative triangles
768: dt=0.0433, 175 negative triangles
769: dt=0.0433, 174 negative triangles
770: dt=0.0433, 172 negative triangles
771: dt=0.0433, 172 negative triangles
772: dt=0.0433, 173 negative triangles
773: dt=0.0433, 172 negative triangles
774: dt=0.0433, 172 negative triangles
775: dt=0.0433, 172 negative triangles
776: dt=0.0433, 172 negative triangles
777: dt=0.0433, 172 negative triangles
778: dt=0.0412, 172 negative triangles
779: dt=0.0412, 172 negative triangles
780: dt=0.0412, 172 negative triangles
781: dt=0.0412, 175 negative triangles
782: dt=0.0412, 173 negative triangles
783: dt=0.0412, 173 negative triangles
784: dt=0.0412, 173 negative triangles
785: dt=0.0412, 173 negative triangles
786: dt=0.0412, 173 negative triangles
787: dt=0.0412, 173 negative triangles
788: dt=0.0391, 174 negative triangles
789: dt=0.0391, 173 negative triangles
790: dt=0.0391, 173 negative triangles
791: dt=0.0391, 174 negative triangles
792: dt=0.0391, 174 negative triangles
793: dt=0.0391, 174 negative triangles
794: dt=0.0391, 175 negative triangles
795: dt=0.0391, 174 negative triangles
796: dt=0.0391, 174 negative triangles
797: dt=0.0391, 173 negative triangles
798: dt=0.0371, 173 negative triangles
799: dt=0.0371, 172 negative triangles
800: dt=0.0371, 172 negative triangles
801: dt=0.0371, 173 negative triangles
802: dt=0.0371, 173 negative triangles
803: dt=0.0371, 172 negative triangles
804: dt=0.0371, 172 negative triangles
805: dt=0.0371, 171 negative triangles
806: dt=0.0371, 173 negative triangles
807: dt=0.0371, 173 negative triangles
808: dt=0.0353, 173 negative triangles
809: dt=0.0353, 173 negative triangles
810: dt=0.0353, 173 negative triangles
811: dt=0.0353, 173 negative triangles
812: dt=0.0353, 173 negative triangles
813: dt=0.0353, 172 negative triangles
814: dt=0.0353, 174 negative triangles
815: dt=0.0353, 173 negative triangles
816: dt=0.0353, 173 negative triangles
817: dt=0.0353, 173 negative triangles
818: dt=0.0335, 172 negative triangles
819: dt=0.0335, 173 negative triangles
820: dt=0.0335, 173 negative triangles
821: dt=0.0335, 174 negative triangles
822: dt=0.0335, 173 negative triangles
823: dt=0.0335, 172 negative triangles
824: dt=0.0335, 171 negative triangles
825: dt=0.0335, 171 negative triangles
826: dt=0.0335, 171 negative triangles
827: dt=0.0335, 172 negative triangles
828: dt=0.0319, 172 negative triangles
829: dt=0.0319, 172 negative triangles
830: dt=0.0319, 172 negative triangles
831: dt=0.0319, 173 negative triangles
832: dt=0.0319, 174 negative triangles
833: dt=0.0319, 171 negative triangles
834: dt=0.0319, 174 negative triangles
835: dt=0.0319, 174 negative triangles
836: dt=0.0319, 172 negative triangles
837: dt=0.0319, 172 negative triangles
838: dt=0.0303, 174 negative triangles
839: dt=0.0303, 173 negative triangles
840: dt=0.0303, 173 negative triangles
841: dt=0.0303, 173 negative triangles
842: dt=0.0303, 172 negative triangles
843: dt=0.0303, 171 negative triangles
844: dt=0.0303, 173 negative triangles
845: dt=0.0303, 171 negative triangles
846: dt=0.0303, 171 negative triangles
847: dt=0.0303, 173 negative triangles
848: dt=0.0287, 174 negative triangles
849: dt=0.0287, 173 negative triangles
850: dt=0.0287, 173 negative triangles
851: dt=0.0287, 173 negative triangles
852: dt=0.0287, 173 negative triangles
853: dt=0.0287, 173 negative triangles
854: dt=0.0287, 172 negative triangles
855: dt=0.0287, 174 negative triangles
856: dt=0.0287, 172 negative triangles
857: dt=0.0287, 172 negative triangles
858: dt=0.0273, 172 negative triangles
859: dt=0.0273, 172 negative triangles
860: dt=0.0273, 172 negative triangles
861: dt=0.0273, 172 negative triangles
862: dt=0.0273, 173 negative triangles
863: dt=0.0273, 172 negative triangles
864: dt=0.0273, 172 negative triangles
865: dt=0.0273, 172 negative triangles
866: dt=0.0273, 172 negative triangles
867: dt=0.0273, 172 negative triangles
868: dt=0.0259, 173 negative triangles
869: dt=0.0259, 173 negative triangles
870: dt=0.0259, 173 negative triangles
871: dt=0.0259, 173 negative triangles
872: dt=0.0259, 173 negative triangles
873: dt=0.0259, 173 negative triangles
874: dt=0.0259, 173 negative triangles
875: dt=0.0259, 173 negative triangles
876: dt=0.0259, 172 negative triangles
877: dt=0.0259, 173 negative triangles
878: dt=0.0246, 173 negative triangles
879: dt=0.0246, 172 negative triangles
880: dt=0.0246, 172 negative triangles
881: dt=0.0246, 172 negative triangles
882: dt=0.0246, 174 negative triangles
883: dt=0.0246, 173 negative triangles
884: dt=0.0246, 173 negative triangles
885: dt=0.0246, 173 negative triangles
886: dt=0.0246, 173 negative triangles
887: dt=0.0246, 173 negative triangles
888: dt=0.0234, 173 negative triangles
889: dt=0.0234, 173 negative triangles
890: dt=0.0234, 173 negative triangles
891: dt=0.0234, 174 negative triangles
892: dt=0.0234, 172 negative triangles
893: dt=0.0234, 173 negative triangles
894: dt=0.0234, 173 negative triangles
895: dt=0.0234, 174 negative triangles
896: dt=0.0234, 173 negative triangles
897: dt=0.0234, 173 negative triangles
898: dt=0.0222, 173 negative triangles
899: dt=0.0222, 173 negative triangles
900: dt=0.0222, 173 negative triangles
901: dt=0.0222, 173 negative triangles
902: dt=0.0222, 174 negative triangles
903: dt=0.0222, 174 negative triangles
904: dt=0.0222, 173 negative triangles
905: dt=0.0222, 173 negative triangles
906: dt=0.0222, 174 negative triangles
907: dt=0.0222, 174 negative triangles
908: dt=0.0211, 175 negative triangles
909: dt=0.0211, 174 negative triangles
910: dt=0.0211, 174 negative triangles
911: dt=0.0211, 174 negative triangles
912: dt=0.0211, 174 negative triangles
913: dt=0.0211, 174 negative triangles
914: dt=0.0211, 174 negative triangles
915: dt=0.0211, 175 negative triangles
916: dt=0.0211, 174 negative triangles
917: dt=0.0211, 174 negative triangles
918: dt=0.0201, 174 negative triangles
919: dt=0.0201, 174 negative triangles
920: dt=0.0201, 174 negative triangles
921: dt=0.0201, 174 negative triangles
922: dt=0.0201, 174 negative triangles
923: dt=0.0201, 175 negative triangles
924: dt=0.0201, 173 negative triangles
925: dt=0.0201, 174 negative triangles
926: dt=0.0201, 174 negative triangles
927: dt=0.0201, 174 negative triangles
928: dt=0.0191, 174 negative triangles
929: dt=0.0191, 174 negative triangles
930: dt=0.0191, 175 negative triangles
931: dt=0.0191, 173 negative triangles
932: dt=0.0191, 174 negative triangles
933: dt=0.0191, 175 negative triangles
934: dt=0.0191, 175 negative triangles
935: dt=0.0191, 175 negative triangles
936: dt=0.0191, 175 negative triangles
937: dt=0.0191, 175 negative triangles
938: dt=0.0181, 175 negative triangles
939: dt=0.0181, 176 negative triangles
940: dt=0.0181, 176 negative triangles
941: dt=0.0181, 176 negative triangles
942: dt=0.0181, 176 negative triangles
943: dt=0.0181, 176 negative triangles
944: dt=0.0181, 177 negative triangles
945: dt=0.0181, 176 negative triangles
946: dt=0.0181, 176 negative triangles
947: dt=0.0181, 176 negative triangles
948: dt=0.0172, 176 negative triangles
949: dt=0.0172, 175 negative triangles
950: dt=0.0172, 176 negative triangles
951: dt=0.0172, 177 negative triangles
952: dt=0.0172, 176 negative triangles
953: dt=0.0172, 176 negative triangles
954: dt=0.0172, 175 negative triangles
955: dt=0.0172, 176 negative triangles
956: dt=0.0172, 175 negative triangles
957: dt=0.0172, 176 negative triangles
958: dt=0.0164, 176 negative triangles
959: dt=0.0164, 175 negative triangles
960: dt=0.0164, 174 negative triangles
961: dt=0.0164, 173 negative triangles
962: dt=0.0164, 175 negative triangles
963: dt=0.0164, 175 negative triangles
964: dt=0.0164, 175 negative triangles
965: dt=0.0164, 176 negative triangles
966: dt=0.0164, 174 negative triangles
967: dt=0.0164, 174 negative triangles
968: dt=0.0155, 176 negative triangles
969: dt=0.0155, 176 negative triangles
970: dt=0.0155, 176 negative triangles
971: dt=0.0155, 177 negative triangles
972: dt=0.0155, 175 negative triangles
973: dt=0.0155, 175 negative triangles
974: dt=0.0155, 175 negative triangles
975: dt=0.0155, 173 negative triangles
976: dt=0.0155, 174 negative triangles
977: dt=0.0155, 173 negative triangles
978: dt=0.0148, 174 negative triangles
979: dt=0.0148, 174 negative triangles
980: dt=0.0148, 173 negative triangles
981: dt=0.0148, 173 negative triangles
982: dt=0.0148, 173 negative triangles
983: dt=0.0148, 173 negative triangles
984: dt=0.0148, 174 negative triangles
985: dt=0.0148, 173 negative triangles
986: dt=0.0148, 173 negative triangles
987: dt=0.0148, 173 negative triangles
988: dt=0.0140, 173 negative triangles
989: dt=0.0140, 172 negative triangles
990: dt=0.0140, 173 negative triangles
991: dt=0.0140, 174 negative triangles
992: dt=0.0140, 173 negative triangles
993: dt=0.0140, 173 negative triangles
994: dt=0.0140, 173 negative triangles
995: dt=0.0140, 173 negative triangles
996: dt=0.0140, 173 negative triangles
997: dt=0.0140, 173 negative triangles
998: dt=0.0133, 174 negative triangles
999: dt=0.0133, 173 negative triangles
1000: dt=0.0133, 173 negative triangles
1001: dt=0.0133, 173 negative triangles
1002: dt=0.0133, 173 negative triangles
1003: dt=0.0133, 173 negative triangles
1004: dt=0.0133, 174 negative triangles
1005: dt=0.0133, 173 negative triangles
1006: dt=0.0133, 173 negative triangles
1007: dt=0.0133, 173 negative triangles
1008: dt=0.0127, 173 negative triangles
1009: dt=0.0127, 173 negative triangles
1010: dt=0.0127, 173 negative triangles
1011: dt=0.0127, 174 negative triangles
1012: dt=0.0127, 173 negative triangles
1013: dt=0.0127, 173 negative triangles
1014: dt=0.0127, 172 negative triangles
1015: dt=0.0127, 172 negative triangles
1016: dt=0.0127, 171 negative triangles
1017: dt=0.0127, 172 negative triangles
1018: dt=0.0120, 172 negative triangles
1019: dt=0.0120, 172 negative triangles
1020: dt=0.0120, 173 negative triangles
1021: dt=0.0120, 173 negative triangles
1022: dt=0.0120, 173 negative triangles
1023: dt=0.0120, 173 negative triangles
1024: dt=0.0120, 174 negative triangles
1025: dt=0.0120, 173 negative triangles
1026: dt=0.0120, 172 negative triangles
1027: dt=0.0120, 173 negative triangles
1028: dt=0.0114, 173 negative triangles
1029: dt=0.0114, 173 negative triangles
1030: dt=0.0114, 173 negative triangles
1031: dt=0.0114, 174 negative triangles
1032: dt=0.0114, 173 negative triangles
1033: dt=0.0114, 173 negative triangles
1034: dt=0.0114, 173 negative triangles
1035: dt=0.0114, 173 negative triangles
1036: dt=0.0114, 172 negative triangles
1037: dt=0.0114, 172 negative triangles
1038: dt=0.0108, 174 negative triangles
1039: dt=0.0108, 173 negative triangles
1040: dt=0.0108, 172 negative triangles
1041: dt=0.0108, 172 negative triangles
1042: dt=0.0108, 172 negative triangles
1043: dt=0.0108, 172 negative triangles
1044: dt=0.0108, 172 negative triangles
1045: dt=0.0108, 173 negative triangles
1046: dt=0.0108, 171 negative triangles
1047: dt=0.0108, 172 negative triangles
1048: dt=0.0103, 172 negative triangles
1049: dt=0.0103, 172 negative triangles
1050: dt=0.0103, 172 negative triangles
1051: dt=0.0103, 173 negative triangles
1052: dt=0.0103, 174 negative triangles
1053: dt=0.0103, 173 negative triangles
1054: dt=0.0103, 172 negative triangles
1055: dt=0.0103, 172 negative triangles
1056: dt=0.0103, 172 negative triangles
1057: dt=0.0103, 172 negative triangles
1058: dt=0.0098, 172 negative triangles
1059: dt=0.0098, 174 negative triangles
1060: dt=0.0098, 172 negative triangles
1061: dt=0.0098, 172 negative triangles
1062: dt=0.0098, 174 negative triangles
1063: dt=0.0098, 173 negative triangles
1064: dt=0.0098, 173 negative triangles
1065: dt=0.0098, 172 negative triangles
1066: dt=0.0098, 172 negative triangles
1067: dt=0.0098, 174 negative triangles
1068: dt=0.0098, 173 negative triangles
1069: dt=0.0098, 173 negative triangles
1070: dt=0.0098, 173 negative triangles
1071: dt=0.0098, 173 negative triangles
1072: dt=0.0098, 173 negative triangles
1073: dt=0.0098, 173 negative triangles
1074: dt=0.0098, 173 negative triangles
1075: dt=0.0098, 174 negative triangles
1076: dt=0.0098, 173 negative triangles
1077: dt=0.0098, 173 negative triangles
1078: dt=0.0098, 173 negative triangles
1079: dt=0.0098, 174 negative triangles
1080: dt=0.0098, 173 negative triangles
1081: dt=0.0098, 174 negative triangles
1082: dt=0.0098, 173 negative triangles
1083: dt=0.0098, 172 negative triangles
1084: dt=0.0098, 173 negative triangles
1085: dt=0.0098, 173 negative triangles
1086: dt=0.0098, 173 negative triangles
1087: dt=0.0098, 173 negative triangles
1088: dt=0.0098, 175 negative triangles
1089: dt=0.0098, 174 negative triangles
1090: dt=0.0098, 174 negative triangles
1091: dt=0.0098, 174 negative triangles
1092: dt=0.0098, 175 negative triangles
1093: dt=0.0098, 174 negative triangles
1094: dt=0.0098, 174 negative triangles
1095: dt=0.0098, 174 negative triangles
1096: dt=0.0098, 173 negative triangles
1097: dt=0.0098, 174 negative triangles
1098: dt=0.0098, 175 negative triangles
1099: dt=0.0098, 175 negative triangles
1100: dt=0.0098, 175 negative triangles
1101: dt=0.0098, 175 negative triangles
1102: dt=0.0098, 175 negative triangles
1103: dt=0.0098, 174 negative triangles
1104: dt=0.0098, 174 negative triangles
1105: dt=0.0098, 173 negative triangles
1106: dt=0.0098, 173 negative triangles
1107: dt=0.0098, 172 negative triangles
1108: dt=0.0098, 172 negative triangles
1109: dt=0.0098, 172 negative triangles
1110: dt=0.0098, 172 negative triangles
1111: dt=0.0098, 173 negative triangles
1112: dt=0.0098, 172 negative triangles
1113: dt=0.0098, 172 negative triangles
1114: dt=0.0098, 172 negative triangles
1115: dt=0.0098, 173 negative triangles
1116: dt=0.0098, 174 negative triangles
1117: dt=0.0098, 173 negative triangles
1118: dt=0.0098, 174 negative triangles
1119: dt=0.0098, 173 negative triangles
1120: dt=0.0098, 173 negative triangles
1121: dt=0.0098, 172 negative triangles
1122: dt=0.0098, 173 negative triangles
1123: dt=0.0098, 173 negative triangles
1124: dt=0.0098, 172 negative triangles
1125: dt=0.0098, 173 negative triangles
writing registered surface to ../surf/rh.sphere.reg...
1126: dt=0.0098, 173 negative triangles
1127: 173 negative triangles
registration took 0.09 hours
#VMPC# mris_register VmPeak  1655444
FSRUNTIME@ mris_register  0.0877 hours 16 threads

 ln -sf rh.sphere.reg rh.fsaverage.sphere.reg 

#--------------------------------------------
#@# Jacobian white rh Sat Mar 14 12:34:40 CET 2026
/out/sourcedata/freesurfer/sub-v2s9x29156_ses-1/scripts

 mris_jacobian ../surf/rh.white.preaparc ../surf/rh.sphere.reg ../surf/rh.jacobian_white 

reading surface from ../surf/rh.white.preaparc...
writing curvature file ../surf/rh.jacobian_white
#--------------------------------------------
#@# AvgCurv rh Sat Mar 14 12:34:41 CET 2026
/out/sourcedata/freesurfer/sub-v2s9x29156_ses-1/scripts

 mrisp_paint -a 5 /opt/freesurfer/average/rh.folding.atlas.acfb40.noaparc.i12.2016-08-02.tif#6 ../surf/rh.sphere.reg ../surf/rh.avg_curv 

averaging curvature patterns 5 times...
reading surface from ../surf/rh.sphere.reg...
reading template parameterization from /opt/freesurfer/average/rh.folding.atlas.acfb40.noaparc.i12.2016-08-02.tif...
writing curvature file to ../surf/rh.avg_curv...
#-----------------------------------------
#@# Cortical Parc rh Sat Mar 14 12:34:41 CET 2026
/out/sourcedata/freesurfer/sub-v2s9x29156_ses-1/scripts

 mris_ca_label -l ../label/rh.cortex.label -aseg ../mri/aseg.presurf.mgz -seed 1234 sub-v2s9x29156_ses-1 rh ../surf/rh.sphere.reg /opt/freesurfer/average/rh.DKaparc.atlas.acfb40.noaparc.i12.2016-08-02.gcs ../label/rh.aparc.annot 

setting seed for random number generator to 1234
using ../mri/aseg.presurf.mgz aseg volume to correct midline
7.3.2
  7.3.2
reading atlas from /opt/freesurfer/average/rh.DKaparc.atlas.acfb40.noaparc.i12.2016-08-02.gcs...
reading color table from GCSA file....
average std = 0.7   using min determinant for regularization = 0.004
0 singular and 309 ill-conditioned covariance matrices regularized
input 0: MEAN CURVATURE, flags 0, avgs 5, name mean_curvature
labeling surface...
1516 labels changed using aseg
relabeling using gibbs priors...
000:   3485 changed, 176230 examined...
001:    810 changed, 14760 examined...
002:    197 changed, 4571 examined...
003:     57 changed, 1175 examined...
004:     18 changed, 362 examined...
005:      6 changed, 114 examined...
006:      4 changed, 42 examined...
007:      3 changed, 25 examined...
008:      0 changed, 16 examined...
257 labels changed using aseg
000: 130 total segments, 92 labels (373 vertices) changed
001: 40 total segments, 3 labels (115 vertices) changed
002: 37 total segments, 0 labels (0 vertices) changed
10 filter iterations complete (10 requested, 9 changed)
rationalizing unknown annotations with cortex label
relabeling unknown label...
relabeling corpuscallosum label...
2090 vertices marked for relabeling...
2090 labels changed in reclassification.
writing output to ../label/rh.aparc.annot...
classification took 0 minutes and 8 seconds.
#--------------------------------------------
#@# WhiteSurfs rh Sat Mar 14 12:34:49 CET 2026
cd /out/sourcedata/freesurfer/sub-v2s9x29156_ses-1/mri
mris_place_surface --adgws-in ../surf/autodet.gw.stats.rh.dat --seg aseg.presurf.mgz --threads 16 --wm wm.mgz --invol brain.finalsurfs.mgz --rh --i ../surf/rh.white.preaparc --o ../surf/rh.white --white --nsmooth 0 --rip-label ../label/rh.cortex.label --rip-bg --rip-surf ../surf/rh.white.preaparc --aparc ../label/rh.aparc.annot
7.3.2
7.3.2

cd /out/sourcedata/freesurfer/sub-v2s9x29156_ses-1/mri
setenv SUBJECTS_DIR /out/sourcedata/freesurfer
mris_place_surface --adgws-in ../surf/autodet.gw.stats.rh.dat --seg aseg.presurf.mgz --threads 16 --wm wm.mgz --invol brain.finalsurfs.mgz --rh --i ../surf/rh.white.preaparc --o ../surf/rh.white --white --nsmooth 0 --rip-label ../label/rh.cortex.label --rip-bg --rip-surf ../surf/rh.white.preaparc --aparc ../label/rh.aparc.annot 

Reading in input surface ../surf/rh.white.preaparc
Not smoothing input surface
removing intersecting faces
000: 36 intersecting
step 1 with no progress (num=44, old_num=36)
001: 44 intersecting
step 2 with no progress (num=46, old_num=44)
002: 46 intersecting
003: 45 intersecting
step 1 with no progress (num=47, old_num=45)
004: 47 intersecting
step 2 with no progress (num=67, old_num=47)
005: 67 intersecting
step 3 with no progress (num=100, old_num=67)
006: 100 intersecting
step 4 with no progress (num=100, old_num=100)
007: 100 intersecting
step 5 with no progress (num=112, old_num=100)
008: 112 intersecting
009: 105 intersecting
step 1 with no progress (num=113, old_num=105)
010: 113 intersecting
step 2 with no progress (num=114, old_num=113)
011: 114 intersecting
012: 112 intersecting
013: 106 intersecting
step 1 with no progress (num=107, old_num=106)
014: 107 intersecting
015: 98 intersecting
016: 93 intersecting
017: 89 intersecting
018: 80 intersecting
019: 73 intersecting
020: 63 intersecting
step 1 with no progress (num=66, old_num=63)
021: 66 intersecting
022: 62 intersecting
step 1 with no progress (num=68, old_num=62)
023: 68 intersecting
024: 57 intersecting
step 1 with no progress (num=60, old_num=57)
025: 60 intersecting
step 2 with no progress (num=61, old_num=60)
026: 61 intersecting
step 3 with no progress (num=63, old_num=61)
027: 63 intersecting
step 4 with no progress (num=69, old_num=63)
028: 69 intersecting
029: 68 intersecting
030: 56 intersecting
step 1 with no progress (num=75, old_num=56)
031: 75 intersecting
032: 69 intersecting
033: 62 intersecting
034: 60 intersecting
step 1 with no progress (num=66, old_num=60)
035: 66 intersecting
step 2 with no progress (num=67, old_num=66)
036: 67 intersecting
037: 62 intersecting
step 1 with no progress (num=69, old_num=62)
038: 69 intersecting
039: 68 intersecting
040: 63 intersecting
041: 61 intersecting
042: 58 intersecting
step 1 with no progress (num=59, old_num=58)
043: 59 intersecting
step 2 with no progress (num=60, old_num=59)
044: 60 intersecting
step 3 with no progress (num=72, old_num=60)
045: 72 intersecting
046: 60 intersecting
step 1 with no progress (num=66, old_num=60)
047: 66 intersecting
048: 65 intersecting
step 1 with no progress (num=69, old_num=65)
049: 69 intersecting
050: 62 intersecting
step 1 with no progress (num=62, old_num=62)
051: 62 intersecting
052: 56 intersecting
step 1 with no progress (num=68, old_num=56)
053: 68 intersecting
054: 61 intersecting
step 1 with no progress (num=61, old_num=61)
055: 61 intersecting
step 2 with no progress (num=64, old_num=61)
056: 64 intersecting
057: 59 intersecting
step 1 with no progress (num=65, old_num=59)
058: 65 intersecting
step 2 with no progress (num=68, old_num=65)
059: 68 intersecting
060: 67 intersecting
step 1 with no progress (num=68, old_num=67)
061: 68 intersecting
062: 67 intersecting
063: 62 intersecting
step 1 with no progress (num=64, old_num=62)
064: 64 intersecting
065: 57 intersecting
066: 53 intersecting
step 1 with no progress (num=57, old_num=53)
067: 57 intersecting
step 2 with no progress (num=58, old_num=57)
068: 58 intersecting
step 3 with no progress (num=60, old_num=58)
069: 60 intersecting
step 4 with no progress (num=76, old_num=60)
070: 76 intersecting
071: 61 intersecting
072: 58 intersecting
step 1 with no progress (num=61, old_num=58)
073: 61 intersecting
step 2 with no progress (num=73, old_num=61)
074: 73 intersecting
075: 63 intersecting
step 1 with no progress (num=67, old_num=63)
076: 67 intersecting
077: 66 intersecting
078: 64 intersecting
step 1 with no progress (num=65, old_num=64)
079: 65 intersecting
080: 60 intersecting
step 1 with no progress (num=61, old_num=60)
081: 61 intersecting
step 2 with no progress (num=69, old_num=61)
082: 69 intersecting
083: 62 intersecting
084: 61 intersecting
step 1 with no progress (num=73, old_num=61)
085: 73 intersecting
086: 67 intersecting
087: 57 intersecting
step 1 with no progress (num=61, old_num=57)
088: 61 intersecting
step 2 with no progress (num=62, old_num=61)
089: 62 intersecting
step 3 with no progress (num=72, old_num=62)
090: 72 intersecting
091: 66 intersecting
step 1 with no progress (num=74, old_num=66)
092: 74 intersecting
093: 65 intersecting
094: 58 intersecting
step 1 with no progress (num=66, old_num=58)
095: 66 intersecting
096: 61 intersecting
step 1 with no progress (num=66, old_num=61)
097: 66 intersecting
step 2 with no progress (num=67, old_num=66)
098: 67 intersecting
step 3 with no progress (num=69, old_num=67)
099: 69 intersecting
100: 58 intersecting
step 1 with no progress (num=61, old_num=58)
101: 61 intersecting
terminating search with 36 intersecting
Area    352456  0.33879  0.10516 0.000000   2.1346
Corner 1057368 60.00000 11.91139 0.000139 179.9996
Edge    528684  0.89258  0.17676 0.000045   3.6330
Hinge   528684  9.15498 10.76697 0.000024 179.9580
Reading in aparc ../label/rh.aparc.annot
Reading in input volume brain.finalsurfs.mgz
Reading in wm volume wm.mgz
MRIclipBrightWM(): nthresh=21815, wmmin=5, clip=110 
MRIfindBrightNonWM(): 2765 bright non-wm voxels segmented.
Masking bright non-wm for white surface
MRImask(): AllowDiffGeom = 1
MRImask(): AllowDiffGeom = 1
Reading in seg volume aseg.presurf.mgz
Ripping frozen voxels
Ripping vertices not in label ../label/rh.cortex.label
MRISripNotLabel() ripped 9561/176230 vertices (166669 unripped)
Reading in ripping surface ../surf/rh.white.preaparc
Reading in aparc ../label/rh.aparc.annot for ripsurf
Ripping BG
MRISripBasalGanglia(): 1 -2 2 0.5 ripped 466
Ripping segs (eg, WMSA, BG, frozen)
Starting MRISripSegs() d = (-2 2 0.5) segnos: 247 
MRISripSegs(): -2 2 0.5 ripped 0
vertex 88115: xyz = (20.4252,-5.31422,-43.3722) oxyz = (20.4252,-5.31422,-43.3722) wxzy = (20.4252,-5.31422,-43.3722) pxyz = (0,0,0) 
CBVO Creating mask 176230
n_averages 4
Iteration 0 =========================================
n_averages=4, current_sigma=2
Computing target border values 
Entering MRIScomputeBorderValues_new(): 
  inside_hi   = 120.0000000;
  border_hi   = 111.2269290;
  border_low  =  62.0000000;
  outside_low =  51.9504470;
  outside_hi  = 111.2269290;
  sigma = 2;
  max_thickness = 10;
  step_size=0.5;
  STEP_SIZE=0.1;
  which = 1
  thresh = 0
  flags = 0
  CBVfindFirstPeakD1=0
  CBVfindFirstPeakD2=0
  nvertices=176230
  Gdiag_no=-1
  vno start=0, stop=176230
Replacing 255s with 0s
#SI# sigma=2 had to be increased for 218 vertices, nripped=10027
mean border=75.8, 169 (169) missing vertices, mean dist 0.3 [0.4 (%17.2)->0.4 (%82.8))]
%81 local maxima, %14 large gradients and % 0 min vals, 0 gradients ignored
nFirstPeakD1 0
MRIScomputeBorderValues_new() finished in 0.0142 min


Finding expansion regions
mean absolute distance = 0.44 +- 0.67
3238 vertices more than 2 sigmas from mean.
Averaging target values for 5 iterations...
Positioning Surface: tspring = 0.3, nspring = 0.3, spring = 0, niters = 100 l_repulse = 5, l_surf_repulse = 0, checktol = 0
Positioning pial surface
Entering MRISpositionSurface()
  max_mm = 0.3
  MAX_REDUCTIONS = 2, REDUCTION_PCT = 0.5
  parms->check_tol = 0, niterations = 100
tol=1.0e-04, sigma=2.0, host=dna06, nav=4, nbrs=2, l_repulse=5.000, l_tspring=0.300, l_nspring=0.300, l_intensity=0.200, l_curv=1.000
mom=0.00, dt=0.50
complete_dist_mat 0
rms 0
smooth_averages 0
remove_neg 0
ico_order 0
which_surface 0
target_radius 0.000000
nfields 0
scale 0.000000
desired_rms_height 0.000000
momentum 0.000000
nbhd_size 0
max_nbrs 0
niterations 100
nsurfaces 0
SURFACES 3
flags 0 (0)
use curv 0
no sulc 0
no rigid align 0
mris->nsize 2
mris->hemisphere 1
randomSeed 0

000: dt: 0.0000, sse=17009070.0, rms=7.625
001: dt: 0.5000, sse=12132571.0, rms=4.498 (41.006%)
rms = 3.7744/4.4984, sse=17935225.5/12132570.5, time step reduction 1 of 3 to 0.250  0 1 0
002: dt: 0.5000, sse=17935226.0, rms=3.774 (16.095%)
003: dt: 0.2500, sse=17564090.0, rms=2.361 (37.446%)
004: dt: 0.2500, sse=17201946.0, rms=1.956 (17.160%)
005: dt: 0.2500, sse=17182984.0, rms=1.792 (8.390%)
006: dt: 0.2500, sse=17171756.0, rms=1.674 (6.574%)
rms = 1.6058/1.6740, sse=17177168.9/17171756.1, time step reduction 2 of 3 to 0.125  0 1 0
007: dt: 0.2500, sse=17177168.0, rms=1.606 (4.071%)
008: dt: 0.1250, sse=17176332.0, rms=1.545 (3.784%)
rms = 1.5222/1.5451, sse=17166731.1/17176332.3, time step reduction 3 of 3 to 0.062  0 0 1
009: dt: 0.1250, sse=17166732.0, rms=1.522 (1.480%)
  maximum number of reductions reached, breaking from loop
positioning took 0.8 minutes
Iteration 1 =========================================
n_averages=2, current_sigma=1
Computing target border values 
Entering MRIScomputeBorderValues_new(): 
  inside_hi   = 120.0000000;
  border_hi   = 111.2269290;
  border_low  =  62.0000000;
  outside_low =  51.9504470;
  outside_hi  = 111.2269290;
  sigma = 1;
  max_thickness = 10;
  step_size=0.5;
  STEP_SIZE=0.1;
  which = 1
  thresh = 0
  flags = 0
  CBVfindFirstPeakD1=0
  CBVfindFirstPeakD2=0
  nvertices=176230
  Gdiag_no=-1
  vno start=0, stop=176230
Replacing 255s with 0s
#SI# sigma=1 had to be increased for 178 vertices, nripped=10027
mean border=79.3, 202 (87) missing vertices, mean dist -0.2 [0.3 (%80.3)->0.2 (%19.7))]
%88 local maxima, % 6 large gradients and % 0 min vals, 0 gradients ignored
nFirstPeakD1 0
MRIScomputeBorderValues_new() finished in 0.0164 min


Finding expansion regions
mean absolute distance = 0.27 +- 0.44
2433 vertices more than 2 sigmas from mean.
Averaging target values for 5 iterations...
Positioning Surface: tspring = 0.3, nspring = 0.3, spring = 0, niters = 100 l_repulse = 5, l_surf_repulse = 0, checktol = 0
Positioning pial surface
Entering MRISpositionSurface()
  max_mm = 0.3
  MAX_REDUCTIONS = 2, REDUCTION_PCT = 0.5
  parms->check_tol = 0, niterations = 100
tol=1.0e-04, sigma=1.0, host=dna06, nav=2, nbrs=2, l_repulse=5.000, l_tspring=0.300, l_nspring=0.300, l_intensity=0.200, l_curv=1.000
mom=0.00, dt=0.50
000: dt: 0.0000, sse=17846328.0, rms=4.728
010: dt: 0.5000, sse=17406380.0, rms=3.025 (36.015%)
rms = 3.3194/3.0252, sse=17462394.5/17406380.6, time step reduction 1 of 3 to 0.250  0 1 1
   RMS increased, rejecting step
011: dt: 0.2500, sse=17248052.0, rms=2.095 (30.740%)
012: dt: 0.2500, sse=17174446.0, rms=1.576 (24.783%)
013: dt: 0.2500, sse=17159356.0, rms=1.377 (12.597%)
014: dt: 0.2500, sse=17155598.0, rms=1.309 (4.948%)
rms = 1.2651/1.3093, sse=17149276.9/17155598.1, time step reduction 2 of 3 to 0.125  0 0 1
015: dt: 0.2500, sse=17149276.0, rms=1.265 (3.374%)
016: dt: 0.1250, sse=17145800.0, rms=1.214 (4.026%)
rms = 1.2041/1.2142, sse=17143709.7/17145799.4, time step reduction 3 of 3 to 0.062  0 0 1
017: dt: 0.1250, sse=17143710.0, rms=1.204 (0.829%)
  maximum number of reductions reached, breaking from loop
positioning took 0.7 minutes
Iteration 2 =========================================
n_averages=1, current_sigma=0.5
Computing target border values 
Entering MRIScomputeBorderValues_new(): 
  inside_hi   = 120.0000000;
  border_hi   = 111.2269290;
  border_low  =  62.0000000;
  outside_low =  51.9504470;
  outside_hi  = 111.2269290;
  sigma = 0.5;
  max_thickness = 10;
  step_size=0.5;
  STEP_SIZE=0.1;
  which = 1
  thresh = 0
  flags = 0
  CBVfindFirstPeakD1=0
  CBVfindFirstPeakD2=0
  nvertices=176230
  Gdiag_no=-1
  vno start=0, stop=176230
Replacing 255s with 0s
#SI# sigma=0.5 had to be increased for 102 vertices, nripped=10027
mean border=80.8, 270 (74) missing vertices, mean dist -0.1 [0.2 (%66.4)->0.2 (%33.6))]
%90 local maxima, % 4 large gradients and % 0 min vals, 0 gradients ignored
nFirstPeakD1 0
MRIScomputeBorderValues_new() finished in 0.0057 min


Finding expansion regions
mean absolute distance = 0.19 +- 0.34
2929 vertices more than 2 sigmas from mean.
Averaging target values for 5 iterations...
Positioning Surface: tspring = 0.3, nspring = 0.3, spring = 0, niters = 100 l_repulse = 5, l_surf_repulse = 0, checktol = 0
Positioning pial surface
Entering MRISpositionSurface()
  max_mm = 0.3
  MAX_REDUCTIONS = 2, REDUCTION_PCT = 0.5
  parms->check_tol = 0, niterations = 100
tol=1.0e-04, sigma=0.5, host=dna06, nav=1, nbrs=2, l_repulse=5.000, l_tspring=0.300, l_nspring=0.300, l_intensity=0.200, l_curv=1.000
mom=0.00, dt=0.50
000: dt: 0.0000, sse=17302838.0, rms=2.533
rms = 2.7531/2.5328, sse=17346117.7/17302837.6, time step reduction 1 of 3 to 0.250  0 1 1
   RMS increased, rejecting step
018: dt: 0.2500, sse=17195054.0, rms=1.785 (29.537%)
019: dt: 0.2500, sse=17146482.0, rms=1.303 (27.018%)
020: dt: 0.2500, sse=17138408.0, rms=1.187 (8.891%)
rms = 1.1422/1.1867, sse=17131932.1/17138408.1, time step reduction 2 of 3 to 0.125  0 0 1
021: dt: 0.2500, sse=17131932.0, rms=1.142 (3.755%)
rms = 1.0991/1.1422, sse=17132667.7/17131932.1, time step reduction 3 of 3 to 0.062  0 1 1
022: dt: 0.1250, sse=17132668.0, rms=1.099 (3.767%)
  maximum number of reductions reached, breaking from loop
positioning took 0.5 minutes
Iteration 3 =========================================
n_averages=0, current_sigma=0.25
Computing target border values 
Entering MRIScomputeBorderValues_new(): 
  inside_hi   = 120.0000000;
  border_hi   = 111.2269290;
  border_low  =  62.0000000;
  outside_low =  51.9504470;
  outside_hi  = 111.2269290;
  sigma = 0.25;
  max_thickness = 10;
  step_size=0.5;
  STEP_SIZE=0.1;
  which = 1
  thresh = 0
  flags = 0
  CBVfindFirstPeakD1=0
  CBVfindFirstPeakD2=0
  nvertices=176230
  Gdiag_no=-1
  vno start=0, stop=176230
Replacing 255s with 0s
#SI# sigma=0.25 had to be increased for 112 vertices, nripped=10027
mean border=81.2, 282 (71) missing vertices, mean dist -0.0 [0.2 (%53.7)->0.2 (%46.3))]
%91 local maxima, % 3 large gradients and % 0 min vals, 0 gradients ignored
nFirstPeakD1 0
MRIScomputeBorderValues_new() finished in 0.0037 min


Finding expansion regions
mean absolute distance = 0.18 +- 0.30
2961 vertices more than 2 sigmas from mean.
Averaging target values for 5 iterations...
Positioning Surface: tspring = 0.3, nspring = 0.3, spring = 0, niters = 100 l_repulse = 5, l_surf_repulse = 0, checktol = 0
Positioning pial surface
Entering MRISpositionSurface()
  max_mm = 0.3
  MAX_REDUCTIONS = 2, REDUCTION_PCT = 0.5
  parms->check_tol = 0, niterations = 100
tol=1.0e-04, sigma=0.2, host=dna06, nav=0, nbrs=2, l_repulse=5.000, l_tspring=0.300, l_nspring=0.300, l_intensity=0.200, l_curv=1.000
mom=0.00, dt=0.50
000: dt: 0.0000, sse=17153780.0, rms=1.378
rms = 1.6986/1.3780, sse=15662928.6/17153780.2, time step reduction 1 of 3 to 0.250  0 0 1
   RMS increased, rejecting step
023: dt: 0.2500, sse=17110920.0, rms=1.042 (24.373%)
024: dt: 0.2500, sse=16198137.0, rms=0.916 (12.103%)
rms = 0.9110/0.9160, sse=15280669.5/16198136.5, time step reduction 2 of 3 to 0.125  0 0 1
025: dt: 0.2500, sse=15280670.0, rms=0.911 (0.548%)
rms = 0.8965/0.9110, sse=14981045.1/15280669.5, time step reduction 3 of 3 to 0.062  0 0 1
026: dt: 0.1250, sse=14981045.0, rms=0.896 (1.593%)
  maximum number of reductions reached, breaking from loop
positioning took 0.4 minutes
removing intersecting faces
000: 37 intersecting
step 1 with no progress (num=66, old_num=37)
001: 66 intersecting
step 2 with no progress (num=96, old_num=66)
002: 96 intersecting
003: 93 intersecting
step 1 with no progress (num=95, old_num=93)
004: 95 intersecting
005: 90 intersecting
step 1 with no progress (num=94, old_num=90)
006: 94 intersecting
007: 77 intersecting
008: 73 intersecting
009: 67 intersecting
010: 56 intersecting
011: 50 intersecting
012: 37 intersecting
step 1 with no progress (num=46, old_num=37)
013: 46 intersecting
step 2 with no progress (num=53, old_num=46)
014: 53 intersecting
step 3 with no progress (num=55, old_num=53)
015: 55 intersecting
016: 52 intersecting
017: 50 intersecting
018: 44 intersecting
step 1 with no progress (num=54, old_num=44)
019: 54 intersecting
020: 46 intersecting
step 1 with no progress (num=46, old_num=46)
021: 46 intersecting
step 2 with no progress (num=63, old_num=46)
022: 63 intersecting
023: 45 intersecting
step 1 with no progress (num=46, old_num=45)
024: 46 intersecting
025: 40 intersecting
step 1 with no progress (num=42, old_num=40)
026: 42 intersecting
step 2 with no progress (num=56, old_num=42)
027: 56 intersecting
028: 45 intersecting
step 1 with no progress (num=94, old_num=45)
029: 94 intersecting
030: 90 intersecting
031: 87 intersecting
032: 85 intersecting
033: 80 intersecting
step 1 with no progress (num=82, old_num=80)
034: 82 intersecting
035: 78 intersecting
036: 77 intersecting
037: 71 intersecting
038: 67 intersecting
039: 59 intersecting
040: 57 intersecting
041: 55 intersecting
step 1 with no progress (num=59, old_num=55)
042: 59 intersecting
043: 53 intersecting
step 1 with no progress (num=56, old_num=53)
044: 56 intersecting
045: 54 intersecting
step 1 with no progress (num=54, old_num=54)
046: 54 intersecting
step 2 with no progress (num=54, old_num=54)
047: 54 intersecting
step 3 with no progress (num=55, old_num=54)
048: 55 intersecting
step 4 with no progress (num=55, old_num=55)
049: 55 intersecting
step 5 with no progress (num=57, old_num=55)
050: 57 intersecting
051: 54 intersecting
step 1 with no progress (num=55, old_num=54)
052: 55 intersecting
053: 54 intersecting
step 1 with no progress (num=54, old_num=54)
054: 54 intersecting
step 2 with no progress (num=54, old_num=54)
055: 54 intersecting
step 3 with no progress (num=54, old_num=54)
056: 54 intersecting
step 4 with no progress (num=54, old_num=54)
057: 54 intersecting
step 5 with no progress (num=54, old_num=54)
058: 54 intersecting
step 6 with no progress (num=54, old_num=54)
059: 54 intersecting
step 7 with no progress (num=54, old_num=54)
060: 54 intersecting
step 8 with no progress (num=54, old_num=54)
061: 54 intersecting
step 9 with no progress (num=54, old_num=54)
062: 54 intersecting
step 10 with no progress (num=54, old_num=54)
063: 54 intersecting
step 11 with no progress (num=54, old_num=54)
064: 54 intersecting
step 12 with no progress (num=54, old_num=54)
065: 54 intersecting
step 13 with no progress (num=54, old_num=54)
066: 54 intersecting
step 14 with no progress (num=54, old_num=54)
067: 54 intersecting
step 15 with no progress (num=54, old_num=54)
068: 54 intersecting
step 16 with no progress (num=54, old_num=54)
terminating search with 37 intersecting


Writing output to ../surf/rh.white
#ET# mris_place_surface  4.12 minutes
#VMPC# mris_place_surfaces VmPeak  3768384
mris_place_surface done
#--------------------------------------------
#@# T1PialSurf rh Sat Mar 14 12:41:27 CET 2026
cd /out/sourcedata/freesurfer/sub-v2s9x29156_ses-1/mri
mris_place_surface --adgws-in ../surf/autodet.gw.stats.rh.dat --seg aseg.presurf.mgz --threads 16 --wm wm.mgz --invol brain.finalsurfs.mgz --rh --i ../surf/rh.white --o ../surf/rh.pial.T1 --pial --nsmooth 0 --rip-label ../label/rh.cortex+hipamyg.label --pin-medial-wall ../label/rh.cortex.label --aparc ../label/rh.aparc.annot --repulse-surf ../surf/rh.white --white-surf ../surf/rh.white
7.3.2
7.3.2

cd /out/sourcedata/freesurfer/sub-v2s9x29156_ses-1/mri
setenv SUBJECTS_DIR /out/sourcedata/freesurfer
mris_place_surface --adgws-in ../surf/autodet.gw.stats.rh.dat --seg aseg.presurf.mgz --threads 16 --wm wm.mgz --invol brain.finalsurfs.mgz --rh --i ../surf/rh.white --o ../surf/rh.pial.T1 --pial --nsmooth 0 --rip-label ../label/rh.cortex+hipamyg.label --pin-medial-wall ../label/rh.cortex.label --aparc ../label/rh.aparc.annot --repulse-surf ../surf/rh.white --white-surf ../surf/rh.white 

Reading in input surface ../surf/rh.white
Not smoothing input surface
removing intersecting faces
000: 37 intersecting
step 1 with no progress (num=66, old_num=37)
001: 66 intersecting
step 2 with no progress (num=96, old_num=66)
002: 96 intersecting
003: 93 intersecting
step 1 with no progress (num=95, old_num=93)
004: 95 intersecting
005: 90 intersecting
step 1 with no progress (num=94, old_num=90)
006: 94 intersecting
007: 77 intersecting
008: 73 intersecting
009: 67 intersecting
010: 56 intersecting
011: 50 intersecting
012: 37 intersecting
step 1 with no progress (num=46, old_num=37)
013: 46 intersecting
step 2 with no progress (num=53, old_num=46)
014: 53 intersecting
step 3 with no progress (num=55, old_num=53)
015: 55 intersecting
016: 52 intersecting
017: 50 intersecting
018: 44 intersecting
step 1 with no progress (num=54, old_num=44)
019: 54 intersecting
020: 46 intersecting
step 1 with no progress (num=46, old_num=46)
021: 46 intersecting
step 2 with no progress (num=63, old_num=46)
022: 63 intersecting
023: 45 intersecting
step 1 with no progress (num=46, old_num=45)
024: 46 intersecting
025: 40 intersecting
step 1 with no progress (num=42, old_num=40)
026: 42 intersecting
step 2 with no progress (num=56, old_num=42)
027: 56 intersecting
028: 45 intersecting
step 1 with no progress (num=94, old_num=45)
029: 94 intersecting
030: 90 intersecting
031: 87 intersecting
032: 85 intersecting
033: 80 intersecting
step 1 with no progress (num=82, old_num=80)
034: 82 intersecting
035: 78 intersecting
036: 77 intersecting
037: 71 intersecting
038: 67 intersecting
039: 59 intersecting
040: 57 intersecting
041: 55 intersecting
step 1 with no progress (num=59, old_num=55)
042: 59 intersecting
043: 53 intersecting
step 1 with no progress (num=56, old_num=53)
044: 56 intersecting
045: 54 intersecting
step 1 with no progress (num=54, old_num=54)
046: 54 intersecting
step 2 with no progress (num=54, old_num=54)
047: 54 intersecting
step 3 with no progress (num=55, old_num=54)
048: 55 intersecting
step 4 with no progress (num=55, old_num=55)
049: 55 intersecting
step 5 with no progress (num=57, old_num=55)
050: 57 intersecting
051: 54 intersecting
step 1 with no progress (num=55, old_num=54)
052: 55 intersecting
053: 54 intersecting
step 1 with no progress (num=54, old_num=54)
054: 54 intersecting
step 2 with no progress (num=54, old_num=54)
055: 54 intersecting
step 3 with no progress (num=54, old_num=54)
056: 54 intersecting
step 4 with no progress (num=54, old_num=54)
057: 54 intersecting
step 5 with no progress (num=54, old_num=54)
058: 54 intersecting
step 6 with no progress (num=54, old_num=54)
059: 54 intersecting
step 7 with no progress (num=54, old_num=54)
060: 54 intersecting
step 8 with no progress (num=54, old_num=54)
061: 54 intersecting
step 9 with no progress (num=54, old_num=54)
062: 54 intersecting
step 10 with no progress (num=54, old_num=54)
063: 54 intersecting
step 11 with no progress (num=54, old_num=54)
064: 54 intersecting
step 12 with no progress (num=54, old_num=54)
065: 54 intersecting
step 13 with no progress (num=54, old_num=54)
066: 54 intersecting
step 14 with no progress (num=54, old_num=54)
067: 54 intersecting
step 15 with no progress (num=54, old_num=54)
068: 54 intersecting
step 16 with no progress (num=54, old_num=54)
terminating search with 37 intersecting
Area    352456  0.34495  0.12941 0.000000   3.4121
Corner 1057368 60.00000 14.13635 0.000139 179.9996
Edge    528684  0.90325  0.21146 0.000045   4.3928
Hinge   528684  9.29541 11.06537 0.000020 179.9989
Reading white surface coordinates from ../surf/rh.white
Reading repulsion surface coordinates from ../surf/rh.white
Reading in aparc ../label/rh.aparc.annot
Reading in input volume brain.finalsurfs.mgz
Reading in wm volume wm.mgz
MRIclipBrightWM(): nthresh=21815, wmmin=5, clip=110 
MRIfindBrightNonWM(): 2765 bright non-wm voxels segmented.
Masking bright non-wm for pial surface mid_gray = 62.3122
MRImask(): AllowDiffGeom = 1
MRImask(): AllowDiffGeom = 1
MRImask(): AllowDiffGeom = 1
Reading in seg volume aseg.presurf.mgz
Ripping frozen voxels
Ripping vertices not in label ../label/rh.cortex+hipamyg.label
MRISripNotLabel() ripped 6914/176230 vertices (169316 unripped)
INFO: rip surface needed but not specified, so using input surface
Ripping segs (eg, WMSA, BG, frozen)
Starting MRISripSegs() d = (-2 2 0.5) segnos: 247 
MRISripSegs(): -2 2 0.5 ripped 0
vertex 88115: xyz = (20.3761,-5.30972,-43.37) oxyz = (20.3761,-5.30972,-43.37) wxzy = (20.3761,-5.30972,-43.37) pxyz = (20.3761,-5.30972,-43.37) 
CBVO Creating mask 176230
n_averages 16
Iteration 0 =========================================
n_averages=16, current_sigma=2
Computing target border values 
Entering MRIScomputeBorderValues_new(): 
  inside_hi   =  92.7730710;
  border_hi   =  51.9504470;
  border_low  =  31.8513370;
  outside_low =  10.0000000;
  outside_hi  =  46.9256710;
  sigma = 2;
  max_thickness = 10;
  step_size=0.5;
  STEP_SIZE=0.1;
  which = 2
  thresh = 0
  flags = 0
  CBVfindFirstPeakD1=0
  CBVfindFirstPeakD2=0
  nvertices=176230
  Gdiag_no=-1
  vno start=0, stop=176230
Replacing 255s with 0s
#SI# sigma=2 had to be increased for 228 vertices, nripped=6914
mean border=51.9, 239 (239) missing vertices, mean dist 1.1 [1.9 (%0.0)->3.3 (%100.0))]
% 7 local maxima, %25 large gradients and %64 min vals, 0 gradients ignored
nFirstPeakD1 0
MRIScomputeBorderValues_new() finished in 0.0132 min


Averaging target values for 5 iterations...
Positioning Surface: tspring = 0.3, nspring = 0.3, spring = 0, niters = 100 l_repulse = 0, l_surf_repulse = 5, checktol = 0
Positioning pial surface
Entering MRISpositionSurface()
  max_mm = 0.3
  MAX_REDUCTIONS = 2, REDUCTION_PCT = 0.5
  parms->check_tol = 0, niterations = 100
tol=1.0e-04, sigma=2.0, host=dna06, nav=16, nbrs=2, l_surf_repulse=5.000, l_tspring=0.300, l_nspring=0.300, l_intensity=0.200, l_curv=1.000
mom=0.00, dt=0.50
complete_dist_mat 0
rms 0
smooth_averages 0
remove_neg 0
ico_order 0
which_surface 0
target_radius 0.000000
nfields 0
scale 0.000000
desired_rms_height 0.000000
momentum 0.000000
nbhd_size 0
max_nbrs 0
niterations 100
nsurfaces 0
SURFACES 3
flags 0 (0)
use curv 0
no sulc 0
no rigid align 0
mris->nsize 2
mris->hemisphere 1
randomSeed 0

000: dt: 0.0000, sse=30516980.0, rms=29.913
001: dt: 0.5000, sse=19572154.0, rms=23.897 (20.110%)
002: dt: 0.5000, sse=12282363.0, rms=18.853 (21.108%)
003: dt: 0.5000, sse=7998312.0, rms=15.121 (19.795%)
004: dt: 0.5000, sse=5619132.0, rms=12.577 (16.825%)
005: dt: 0.5000, sse=4254874.5, rms=10.849 (13.736%)
006: dt: 0.5000, sse=3425146.0, rms=9.645 (11.098%)
007: dt: 0.5000, sse=2854783.8, rms=8.719 (9.608%)
008: dt: 0.5000, sse=2417515.5, rms=7.933 (9.015%)
009: dt: 0.5000, sse=2066176.1, rms=7.238 (8.760%)
010: dt: 0.5000, sse=1765846.6, rms=6.585 (9.019%)
011: dt: 0.5000, sse=1527523.9, rms=6.016 (8.647%)
012: dt: 0.5000, sse=1340698.1, rms=5.527 (8.127%)
013: dt: 0.5000, sse=1198832.8, rms=5.123 (7.297%)
014: dt: 0.5000, sse=1095756.9, rms=4.807 (6.172%)
015: dt: 0.5000, sse=1024256.9, rms=4.574 (4.862%)
016: dt: 0.5000, sse=974809.9, rms=4.403 (3.723%)
017: dt: 0.5000, sse=941470.6, rms=4.283 (2.732%)
018: dt: 0.5000, sse=916965.2, rms=4.191 (2.136%)
019: dt: 0.5000, sse=898883.2, rms=4.121 (1.672%)
rms = 4.0729/4.1214, sse=886930.3/898883.2, time step reduction 1 of 3 to 0.250  0 0 1
020: dt: 0.5000, sse=886930.3, rms=4.073 (1.176%)
021: dt: 0.2500, sse=826787.6, rms=3.831 (5.928%)
022: dt: 0.2500, sse=808176.4, rms=3.756 (1.974%)
rms = 3.7459/3.7558, sse=806323.7/808176.4, time step reduction 2 of 3 to 0.125  0 0 1
023: dt: 0.2500, sse=806323.7, rms=3.746 (0.265%)
024: dt: 0.1250, sse=790031.1, rms=3.677 (1.842%)
rms = 3.6577/3.6769, sse=785577.0/790031.1, time step reduction 3 of 3 to 0.062  0 0 1
025: dt: 0.1250, sse=785577.0, rms=3.658 (0.523%)
  maximum number of reductions reached, breaking from loop
positioning took 2.0 minutes
Iteration 1 =========================================
n_averages=8, current_sigma=1
Computing target border values 
Entering MRIScomputeBorderValues_new(): 
  inside_hi   =  92.7730710;
  border_hi   =  51.9504470;
  border_low  =  31.8513370;
  outside_low =  10.0000000;
  outside_hi  =  46.9256710;
  sigma = 1;
  max_thickness = 10;
  step_size=0.5;
  STEP_SIZE=0.1;
  which = 2
  thresh = 0
  flags = 0
  CBVfindFirstPeakD1=0
  CBVfindFirstPeakD2=0
  nvertices=176230
  Gdiag_no=-1
  vno start=0, stop=176230
Replacing 255s with 0s
#SI# sigma=1 had to be increased for 28719 vertices, nripped=6914
mean border=51.4, 4538 (98) missing vertices, mean dist 0.1 [0.2 (%46.5)->0.8 (%53.5))]
%13 local maxima, %22 large gradients and %58 min vals, 0 gradients ignored
nFirstPeakD1 0
MRIScomputeBorderValues_new() finished in 0.0045 min


Averaging target values for 5 iterations...
Positioning Surface: tspring = 0.3, nspring = 0.3, spring = 0, niters = 100 l_repulse = 0, l_surf_repulse = 5, checktol = 0
Positioning pial surface
Entering MRISpositionSurface()
  max_mm = 0.3
  MAX_REDUCTIONS = 2, REDUCTION_PCT = 0.5
  parms->check_tol = 0, niterations = 100
tol=1.0e-04, sigma=1.0, host=dna06, nav=8, nbrs=2, l_surf_repulse=5.000, l_tspring=0.300, l_nspring=0.300, l_intensity=0.200, l_curv=1.000
mom=0.00, dt=0.50
000: dt: 0.0000, sse=948455.5, rms=3.953
rms = 4.0037/3.9531, sse=962718.4/948455.5, time step reduction 1 of 3 to 0.250  0 1 1
   RMS increased, rejecting step
026: dt: 0.2500, sse=906311.8, rms=3.788 (4.178%)
rms = 3.7517/3.7880, sse=898062.1/906311.7, time step reduction 2 of 3 to 0.125  0 0 1
027: dt: 0.2500, sse=898062.1, rms=3.752 (0.956%)
rms = 3.7154/3.7517, sse=889714.5/898062.1, time step reduction 3 of 3 to 0.062  0 0 1
028: dt: 0.1250, sse=889714.4, rms=3.715 (0.970%)
  maximum number of reductions reached, breaking from loop
positioning took 0.3 minutes
Iteration 2 =========================================
n_averages=4, current_sigma=0.5
Computing target border values 
Entering MRIScomputeBorderValues_new(): 
  inside_hi   =  92.7730710;
  border_hi   =  51.9504470;
  border_low  =  31.8513370;
  outside_low =  10.0000000;
  outside_hi  =  46.9256710;
  sigma = 0.5;
  max_thickness = 10;
  step_size=0.5;
  STEP_SIZE=0.1;
  which = 2
  thresh = 0
  flags = 0
  CBVfindFirstPeakD1=0
  CBVfindFirstPeakD2=0
  nvertices=176230
  Gdiag_no=-1
  vno start=0, stop=176230
Replacing 255s with 0s
#SI# sigma=0.5 had to be increased for 29624 vertices, nripped=6914
mean border=51.1, 4851 (83) missing vertices, mean dist 0.1 [0.2 (%43.1)->0.7 (%56.9))]
%19 local maxima, %15 large gradients and %59 min vals, 0 gradients ignored
nFirstPeakD1 0
MRIScomputeBorderValues_new() finished in 0.0027 min


Averaging target values for 5 iterations...
Positioning Surface: tspring = 0.3, nspring = 0.3, spring = 0, niters = 100 l_repulse = 0, l_surf_repulse = 5, checktol = 0
Positioning pial surface
Entering MRISpositionSurface()
  max_mm = 0.3
  MAX_REDUCTIONS = 2, REDUCTION_PCT = 0.5
  parms->check_tol = 0, niterations = 100
tol=1.0e-04, sigma=0.5, host=dna06, nav=4, nbrs=2, l_surf_repulse=5.000, l_tspring=0.300, l_nspring=0.300, l_intensity=0.200, l_curv=1.000
mom=0.00, dt=0.50
000: dt: 0.0000, sse=929653.1, rms=3.867
rms = 4.1470/3.8668, sse=1002915.8/929653.1, time step reduction 1 of 3 to 0.250  0 1 1
   RMS increased, rejecting step
029: dt: 0.2500, sse=914986.0, rms=3.810 (1.475%)
rms = 3.9224/3.8097, sse=943854.9/914986.0, time step reduction 2 of 3 to 0.125  0 1 1
   RMS increased, rejecting step
rms = 3.8074/3.8097, sse=914476.6/914986.0, time step reduction 3 of 3 to 0.062  0 0 1
030: dt: 0.1250, sse=914476.6, rms=3.807 (0.061%)
  maximum number of reductions reached, breaking from loop
positioning took 0.3 minutes
Iteration 3 =========================================
n_averages=2, current_sigma=0.25
Computing target border values 
Entering MRIScomputeBorderValues_new(): 
  inside_hi   =  92.7730710;
  border_hi   =  51.9504470;
  border_low  =  31.8513370;
  outside_low =  10.0000000;
  outside_hi  =  46.9256710;
  sigma = 0.25;
  max_thickness = 10;
  step_size=0.5;
  STEP_SIZE=0.1;
  which = 2
  thresh = 0
  flags = 0
  CBVfindFirstPeakD1=0
  CBVfindFirstPeakD2=0
  nvertices=176230
  Gdiag_no=-1
  vno start=0, stop=176230
Replacing 255s with 0s
#SI# sigma=0.25 had to be increased for 22946 vertices, nripped=6914
mean border=50.7, 12350 (80) missing vertices, mean dist 0.1 [0.2 (%40.8)->0.5 (%59.2))]
%22 local maxima, %12 large gradients and %55 min vals, 0 gradients ignored
nFirstPeakD1 0
MRIScomputeBorderValues_new() finished in 0.0022 min


Averaging target values for 5 iterations...
Positioning Surface: tspring = 0.3, nspring = 0.3, spring = 0, niters = 100 l_repulse = 0, l_surf_repulse = 5, checktol = 0
Positioning pial surface
Entering MRISpositionSurface()
  max_mm = 0.3
  MAX_REDUCTIONS = 2, REDUCTION_PCT = 0.5
  parms->check_tol = 0, niterations = 100
tol=1.0e-04, sigma=0.2, host=dna06, nav=2, nbrs=2, l_surf_repulse=5.000, l_tspring=0.300, l_nspring=0.300, l_intensity=0.200, l_curv=1.000
mom=0.00, dt=0.50
000: dt: 0.0000, sse=944286.9, rms=3.920
031: dt: 0.5000, sse=901471.9, rms=3.777 (3.651%)
032: dt: 0.5000, sse=877192.3, rms=3.698 (2.094%)
rms = 3.6510/3.6977, sse=864428.7/877192.3, time step reduction 1 of 3 to 0.250  0 0 1
033: dt: 0.5000, sse=864428.8, rms=3.651 (1.263%)
034: dt: 0.2500, sse=797278.0, rms=3.354 (8.125%)
035: dt: 0.2500, sse=768633.4, rms=3.228 (3.777%)
rms = 3.2677/3.2276, sse=777478.1/768633.4, time step reduction 2 of 3 to 0.125  0 1 1
   RMS increased, rejecting step
rms = 3.1802/3.2276, sse=758653.2/768633.4, time step reduction 3 of 3 to 0.062  0 0 1
036: dt: 0.1250, sse=758653.2, rms=3.180 (1.469%)
  maximum number of reductions reached, breaking from loop
positioning took 0.5 minutes
Pinning medial wall to white surface
removing intersecting faces
000: 94 intersecting
001: 78 intersecting
step 1 with no progress (num=95, old_num=78)
002: 95 intersecting
003: 78 intersecting
step 1 with no progress (num=80, old_num=78)
004: 80 intersecting
step 2 with no progress (num=83, old_num=80)
005: 83 intersecting
step 3 with no progress (num=83, old_num=83)
006: 83 intersecting
step 4 with no progress (num=102, old_num=83)
007: 102 intersecting
008: 101 intersecting
step 1 with no progress (num=101, old_num=101)
009: 101 intersecting
010: 98 intersecting
011: 88 intersecting
step 1 with no progress (num=88, old_num=88)
012: 88 intersecting
013: 59 intersecting
014: 57 intersecting
015: 56 intersecting
016: 54 intersecting
017: 46 intersecting
step 1 with no progress (num=51, old_num=46)
018: 51 intersecting
step 2 with no progress (num=64, old_num=51)
019: 64 intersecting
020: 57 intersecting
021: 50 intersecting
step 1 with no progress (num=79, old_num=50)
022: 79 intersecting
step 2 with no progress (num=90, old_num=79)
023: 90 intersecting
step 3 with no progress (num=114, old_num=90)
024: 114 intersecting
025: 106 intersecting
026: 90 intersecting
step 1 with no progress (num=99, old_num=90)
027: 99 intersecting
028: 92 intersecting
step 1 with no progress (num=103, old_num=92)
029: 103 intersecting
step 2 with no progress (num=105, old_num=103)
030: 105 intersecting
step 3 with no progress (num=107, old_num=105)
031: 107 intersecting
032: 105 intersecting
033: 100 intersecting
034: 98 intersecting
035: 94 intersecting
036: 89 intersecting
037: 84 intersecting
038: 77 intersecting
039: 69 intersecting
040: 67 intersecting
step 1 with no progress (num=98, old_num=67)
041: 98 intersecting
step 2 with no progress (num=102, old_num=98)
042: 102 intersecting
step 3 with no progress (num=104, old_num=102)
043: 104 intersecting
044: 103 intersecting
045: 101 intersecting
step 1 with no progress (num=101, old_num=101)
046: 101 intersecting
step 2 with no progress (num=101, old_num=101)
047: 101 intersecting
step 3 with no progress (num=101, old_num=101)
048: 101 intersecting
049: 97 intersecting
050: 87 intersecting
051: 79 intersecting
step 1 with no progress (num=80, old_num=79)
052: 80 intersecting
053: 65 intersecting
step 1 with no progress (num=67, old_num=65)
054: 67 intersecting
055: 53 intersecting
step 1 with no progress (num=57, old_num=53)
056: 57 intersecting
step 2 with no progress (num=71, old_num=57)
057: 71 intersecting
058: 66 intersecting
step 1 with no progress (num=74, old_num=66)
059: 74 intersecting
060: 67 intersecting
step 1 with no progress (num=78, old_num=67)
061: 78 intersecting
062: 68 intersecting
step 1 with no progress (num=76, old_num=68)
063: 76 intersecting
064: 68 intersecting
step 1 with no progress (num=70, old_num=68)
065: 70 intersecting
066: 69 intersecting
step 1 with no progress (num=69, old_num=69)
067: 69 intersecting
step 2 with no progress (num=69, old_num=69)
068: 69 intersecting
step 3 with no progress (num=69, old_num=69)
069: 69 intersecting
step 4 with no progress (num=69, old_num=69)
070: 69 intersecting
step 5 with no progress (num=69, old_num=69)
071: 69 intersecting
step 6 with no progress (num=69, old_num=69)
072: 69 intersecting
step 7 with no progress (num=69, old_num=69)
073: 69 intersecting
step 8 with no progress (num=69, old_num=69)
074: 69 intersecting
step 9 with no progress (num=69, old_num=69)
075: 69 intersecting
step 10 with no progress (num=69, old_num=69)
076: 69 intersecting
step 11 with no progress (num=69, old_num=69)
077: 69 intersecting
step 12 with no progress (num=69, old_num=69)
078: 69 intersecting
step 13 with no progress (num=69, old_num=69)
079: 69 intersecting
step 14 with no progress (num=69, old_num=69)
080: 69 intersecting
step 15 with no progress (num=69, old_num=69)
081: 69 intersecting
step 16 with no progress (num=69, old_num=69)
terminating search with 46 intersecting


Writing output to ../surf/rh.pial.T1
#ET# mris_place_surface  5.91 minutes
#VMPC# mris_place_surfaces VmPeak  3140824
mris_place_surface done
#@# white curv rh Sat Mar 14 12:49:09 CET 2026
cd /out/sourcedata/freesurfer/sub-v2s9x29156_ses-1/mri
mris_place_surface --curv-map ../surf/rh.white 2 10 ../surf/rh.curv
insurf  ../surf/rh.white, nbrs 2, curvature_avgs 10
writing curvature file ../surf/rh.curv
#@# white area rh Sat Mar 14 12:49:10 CET 2026
cd /out/sourcedata/freesurfer/sub-v2s9x29156_ses-1/mri
mris_place_surface --area-map ../surf/rh.white ../surf/rh.area
writing curvature file ../surf/rh.area
#@# pial curv rh Sat Mar 14 12:49:11 CET 2026
cd /out/sourcedata/freesurfer/sub-v2s9x29156_ses-1/mri
mris_place_surface --curv-map ../surf/rh.pial 2 10 ../surf/rh.curv.pial
insurf  ../surf/rh.pial, nbrs 2, curvature_avgs 10
writing curvature file ../surf/rh.curv.pial
#@# pial area rh Sat Mar 14 12:49:12 CET 2026
cd /out/sourcedata/freesurfer/sub-v2s9x29156_ses-1/mri
mris_place_surface --area-map ../surf/rh.pial ../surf/rh.area.pial
writing curvature file ../surf/rh.area.pial
#@# thickness rh Sat Mar 14 12:49:13 CET 2026
cd /out/sourcedata/freesurfer/sub-v2s9x29156_ses-1/mri
mris_place_surface --thickness ../surf/rh.white ../surf/rh.pial 20 5 ../surf/rh.thickness
0 of 176230 vertices processed
25000 of 176230 vertices processed
50000 of 176230 vertices processed
75000 of 176230 vertices processed
100000 of 176230 vertices processed
125000 of 176230 vertices processed
150000 of 176230 vertices processed
175000 of 176230 vertices processed
0 of 176230 vertices processed
25000 of 176230 vertices processed
50000 of 176230 vertices processed
75000 of 176230 vertices processed
100000 of 176230 vertices processed
125000 of 176230 vertices processed
150000 of 176230 vertices processed
175000 of 176230 vertices processed
thickness calculation complete, 542:2607 truncations.
64936 vertices at 0 distance
132771 vertices at 1 distance
94408 vertices at 2 distance
37371 vertices at 3 distance
13640 vertices at 4 distance
5130 vertices at 5 distance
1971 vertices at 6 distance
832 vertices at 7 distance
400 vertices at 8 distance
211 vertices at 9 distance
154 vertices at 10 distance
119 vertices at 11 distance
86 vertices at 12 distance
64 vertices at 13 distance
63 vertices at 14 distance
55 vertices at 15 distance
50 vertices at 16 distance
57 vertices at 17 distance
50 vertices at 18 distance
38 vertices at 19 distance
54 vertices at 20 distance
writing curvature file ../surf/rh.thickness
#@# area and vertex vol rh Sat Mar 14 12:49:38 CET 2026
cd /out/sourcedata/freesurfer/sub-v2s9x29156_ses-1/mri
mris_place_surface --thickness ../surf/rh.white ../surf/rh.pial 20 5 ../surf/rh.thickness
/out/sourcedata/freesurfer/sub-v2s9x29156_ses-1/surf
mris_calc -o rh.area.mid rh.area add rh.area.pial
Saving result to 'rh.area.mid' (type = MRI_CURV_FILE)                       [ ok ]
mris_calc -o rh.area.mid rh.area.mid div 2
Saving result to 'rh.area.mid' (type = MRI_CURV_FILE)                       [ ok ]
mris_convert --volume sub-v2s9x29156_ses-1 rh /out/sourcedata/freesurfer/sub-v2s9x29156_ses-1/surf/rh.volume
masking with /out/sourcedata/freesurfer/sub-v2s9x29156_ses-1/label/rh.cortex.label
Total face volume 369153
Total vertex volume 368942 (mask=0)
#@# sub-v2s9x29156_ses-1 rh 368942
 
vertexvol Done

#-----------------------------------------
#@# Curvature Stats rh Sat Mar 14 12:49:39 CET 2026
/out/sourcedata/freesurfer/sub-v2s9x29156_ses-1/surf

 mris_curvature_stats -m --writeCurvatureFiles -G -o ../stats/rh.curv.stats -F smoothwm sub-v2s9x29156_ses-1 rh curv sulc 

             Toggling save flag on curvature files                       [ ok ]
                 Outputting results using filestem   [ ../stats/rh.curv.stats ]
             Toggling save flag on curvature files                       [ ok ]
                                   Setting surface [ sub-v2s9x29156_ses-1/rh.smoothwm ]
                                Reading surface...                       [ ok ]
                                   Setting texture                     [ curv ]
                                Reading texture...                       [ ok ]
                                   Setting texture                     [ sulc ]
                                Reading texture...Gb_filter = 0
                       [ ok ]
      Calculating Discrete Principal Curvatures...
      Determining geometric order for vno faces... [####################] [ ok ]
                      Determining KH curvatures... [####################] [ ok ]
                    Determining k1k2 curvatures... [####################] [ ok ]
                                   deltaViolations                      [ 296 ]
Gb_filter = 0

WARN:    S lookup   min:                          -0.427597
WARN:    S explicit min:                          0.000000	vertex = 266
#-----------------------------------------
#@# Cortical Parc 2 rh Sat Mar 14 12:49:41 CET 2026
/out/sourcedata/freesurfer/sub-v2s9x29156_ses-1/scripts

 mris_ca_label -l ../label/rh.cortex.label -aseg ../mri/aseg.presurf.mgz -seed 1234 sub-v2s9x29156_ses-1 rh ../surf/rh.sphere.reg /opt/freesurfer/average/rh.CDaparc.atlas.acfb40.noaparc.i12.2016-08-02.gcs ../label/rh.aparc.a2009s.annot 

setting seed for random number generator to 1234
using ../mri/aseg.presurf.mgz aseg volume to correct midline
7.3.2
  7.3.2
reading atlas from /opt/freesurfer/average/rh.CDaparc.atlas.acfb40.noaparc.i12.2016-08-02.gcs...
reading color table from GCSA file....
average std = 1.4   using min determinant for regularization = 0.021
0 singular and 0 ill-conditioned covariance matrices regularized
input 0: MEAN CURVATURE, flags 0, avgs 5, name mean_curvature
labeling surface...
86 labels changed using aseg
relabeling using gibbs priors...
000:  11661 changed, 176230 examined...
001:   2751 changed, 45212 examined...
002:    831 changed, 14525 examined...
003:    364 changed, 4767 examined...
004:    191 changed, 2083 examined...
005:    102 changed, 1149 examined...
006:     52 changed, 581 examined...
007:     35 changed, 303 examined...
008:     23 changed, 186 examined...
009:     19 changed, 131 examined...
010:     11 changed, 100 examined...
011:      6 changed, 60 examined...
012:      4 changed, 38 examined...
013:      4 changed, 27 examined...
014:      3 changed, 22 examined...
015:      1 changed, 16 examined...
016:      2 changed, 7 examined...
017:      1 changed, 9 examined...
018:      2 changed, 8 examined...
019:      0 changed, 10 examined...
10 labels changed using aseg
000: 285 total segments, 203 labels (3541 vertices) changed
001: 96 total segments, 14 labels (189 vertices) changed
002: 84 total segments, 2 labels (19 vertices) changed
003: 82 total segments, 0 labels (0 vertices) changed
10 filter iterations complete (10 requested, 49 changed)
rationalizing unknown annotations with cortex label
relabeling Medial_wall label...
1466 vertices marked for relabeling...
1466 labels changed in reclassification.
writing output to ../label/rh.aparc.a2009s.annot...
classification took 0 minutes and 12 seconds.
#-----------------------------------------
#@# Cortical Parc 3 rh Sat Mar 14 12:49:54 CET 2026
/out/sourcedata/freesurfer/sub-v2s9x29156_ses-1/scripts

 mris_ca_label -l ../label/rh.cortex.label -aseg ../mri/aseg.presurf.mgz -seed 1234 sub-v2s9x29156_ses-1 rh ../surf/rh.sphere.reg /opt/freesurfer/average/rh.DKTaparc.atlas.acfb40.noaparc.i12.2016-08-02.gcs ../label/rh.aparc.DKTatlas.annot 

setting seed for random number generator to 1234
using ../mri/aseg.presurf.mgz aseg volume to correct midline
7.3.2
  7.3.2
reading atlas from /opt/freesurfer/average/rh.DKTaparc.atlas.acfb40.noaparc.i12.2016-08-02.gcs...
reading color table from GCSA file....
average std = 0.9   using min determinant for regularization = 0.009
0 singular and 325 ill-conditioned covariance matrices regularized
input 0: MEAN CURVATURE, flags 0, avgs 5, name mean_curvature
labeling surface...
1817 labels changed using aseg
relabeling using gibbs priors...
000:   2538 changed, 176230 examined...
001:    598 changed, 11500 examined...
002:    145 changed, 3368 examined...
003:     72 changed, 834 examined...
004:     36 changed, 417 examined...
005:     23 changed, 187 examined...
006:     18 changed, 130 examined...
007:     13 changed, 93 examined...
008:      8 changed, 84 examined...
009:      7 changed, 52 examined...
010:      3 changed, 33 examined...
011:      3 changed, 21 examined...
012:      3 changed, 21 examined...
013:      1 changed, 19 examined...
014:      0 changed, 7 examined...
261 labels changed using aseg
000: 73 total segments, 40 labels (317 vertices) changed
001: 35 total segments, 2 labels (48 vertices) changed
002: 33 total segments, 0 labels (0 vertices) changed
10 filter iterations complete (10 requested, 11 changed)
rationalizing unknown annotations with cortex label
relabeling unknown label...
relabeling corpuscallosum label...
1224 vertices marked for relabeling...
1224 labels changed in reclassification.
writing output to ../label/rh.aparc.DKTatlas.annot...
classification took 0 minutes and 9 seconds.
#-----------------------------------------
#@# WM/GM Contrast rh Sat Mar 14 12:50:03 CET 2026
/out/sourcedata/freesurfer/sub-v2s9x29156_ses-1/scripts

 pctsurfcon --s sub-v2s9x29156_ses-1 --rh-only 

Log file is /out/sourcedata/freesurfer/sub-v2s9x29156_ses-1/scripts/pctsurfcon.log
Sat Mar 14 12:50:03 CET 2026
setenv SUBJECTS_DIR /out/sourcedata/freesurfer
cd /out/sourcedata/freesurfer/sub-v2s9x29156_ses-1/scripts
/opt/freesurfer/bin/pctsurfcon
pctsurfcon 7.3.2
Linux dna069 5.14.0-427.37.1.el9_4.x86_64 #1 SMP PREEMPT_DYNAMIC Fri Sep 13 12:41:50 EDT 2024 x86_64 x86_64 x86_64 GNU/Linux
FREESURFER_HOME /opt/freesurfer
mri_vol2surf --mov /out/sourcedata/freesurfer/sub-v2s9x29156_ses-1/mri/rawavg.mgz --hemi rh --noreshape --interp trilinear --projdist -1 --o /out/sourcedata/freesurfer/sub-v2s9x29156_ses-1/surf/tmp.pctsurfcon.2502329/rh.wm.mgh --regheader sub-v2s9x29156_ses-1 --cortex
srcvol = /out/sourcedata/freesurfer/sub-v2s9x29156_ses-1/mri/rawavg.mgz
srcreg unspecified
srcregold = 0
srcwarp unspecified
surf = white
hemi = rh
ProjDist = -1
reshape = 0
interp = trilinear
float2int = round
GetProjMax = 0
INFO: float2int code = 0
Done loading volume
Computing registration from header.
  Using /out/sourcedata/freesurfer/sub-v2s9x29156_ses-1/mri/orig.mgz as target reference.
-------- original matrix -----------
-1.00000   0.00000   0.00000  -0.00002;
 0.00000   0.00000   1.00000   0.00000;
 0.00000  -1.00000   0.00000   0.00000;
 0.00000   0.00000   0.00000   1.00000;
-------- original matrix -----------
Loading label /out/sourcedata/freesurfer/sub-v2s9x29156_ses-1/label/rh.cortex.label
Reading surface /out/sourcedata/freesurfer/sub-v2s9x29156_ses-1/surf/rh.white
Done reading source surface
Mapping Source Volume onto Source Subject Surface
Projecting -1 -1 1
 1 -1 -1 -1
using old
Done mapping volume to surface
Number of source voxels hit = 91123
Masking with /out/sourcedata/freesurfer/sub-v2s9x29156_ses-1/label/rh.cortex.label
Writing to /out/sourcedata/freesurfer/sub-v2s9x29156_ses-1/surf/tmp.pctsurfcon.2502329/rh.wm.mgh
Dim: 176230 1 1
mri_vol2surf --mov /out/sourcedata/freesurfer/sub-v2s9x29156_ses-1/mri/rawavg.mgz --hemi rh --noreshape --interp trilinear --o /out/sourcedata/freesurfer/sub-v2s9x29156_ses-1/surf/tmp.pctsurfcon.2502329/rh.gm.mgh --projfrac 0.3 --regheader sub-v2s9x29156_ses-1 --cortex
srcvol = /out/sourcedata/freesurfer/sub-v2s9x29156_ses-1/mri/rawavg.mgz
srcreg unspecified
srcregold = 0
srcwarp unspecified
surf = white
hemi = rh
ProjFrac = 0.3
thickness = thickness
reshape = 0
interp = trilinear
float2int = round
GetProjMax = 0
INFO: float2int code = 0
Done loading volume
Computing registration from header.
  Using /out/sourcedata/freesurfer/sub-v2s9x29156_ses-1/mri/orig.mgz as target reference.
-------- original matrix -----------
-1.00000   0.00000   0.00000  -0.00002;
 0.00000   0.00000   1.00000   0.00000;
 0.00000  -1.00000   0.00000   0.00000;
 0.00000   0.00000   0.00000   1.00000;
-------- original matrix -----------
Loading label /out/sourcedata/freesurfer/sub-v2s9x29156_ses-1/label/rh.cortex.label
Reading surface /out/sourcedata/freesurfer/sub-v2s9x29156_ses-1/surf/rh.white
Done reading source surface
Reading thickness /out/sourcedata/freesurfer/sub-v2s9x29156_ses-1/surf/rh.thickness
Done
Mapping Source Volume onto Source Subject Surface
Projecting 0.3 0.3 1
 1 0.3 0.3 0.3
using old
Done mapping volume to surface
Number of source voxels hit = 106685
Masking with /out/sourcedata/freesurfer/sub-v2s9x29156_ses-1/label/rh.cortex.label
Writing to /out/sourcedata/freesurfer/sub-v2s9x29156_ses-1/surf/tmp.pctsurfcon.2502329/rh.gm.mgh
Dim: 176230 1 1
mri_concat /out/sourcedata/freesurfer/sub-v2s9x29156_ses-1/surf/tmp.pctsurfcon.2502329/rh.wm.mgh /out/sourcedata/freesurfer/sub-v2s9x29156_ses-1/surf/tmp.pctsurfcon.2502329/rh.gm.mgh --paired-diff-norm --mul 100 --o /out/sourcedata/freesurfer/sub-v2s9x29156_ses-1/surf/rh.w-g.pct.mgh
ninputs = 2
Checking inputs
nframestot = 2
Allocing output
Done allocing
Combining pairs
nframes = 1
Multiplying by 100.000000
Writing to /out/sourcedata/freesurfer/sub-v2s9x29156_ses-1/surf/rh.w-g.pct.mgh
mri_segstats --in /out/sourcedata/freesurfer/sub-v2s9x29156_ses-1/surf/rh.w-g.pct.mgh --annot sub-v2s9x29156_ses-1 rh aparc --sum /out/sourcedata/freesurfer/sub-v2s9x29156_ses-1/stats/rh.w-g.pct.stats --snr

7.3.2
cwd 
cmdline mri_segstats --in /out/sourcedata/freesurfer/sub-v2s9x29156_ses-1/surf/rh.w-g.pct.mgh --annot sub-v2s9x29156_ses-1 rh aparc --sum /out/sourcedata/freesurfer/sub-v2s9x29156_ses-1/stats/rh.w-g.pct.stats --snr 
sysname  Linux
hostname dna069
machine  x86_64
user     oesteban
whitesurfname  white
UseRobust  0
Constructing seg from annotation

Reading annotation /out/sourcedata/freesurfer/sub-v2s9x29156_ses-1/label/rh.aparc.annot
Seg base 2000
Loading /out/sourcedata/freesurfer/sub-v2s9x29156_ses-1/surf/rh.w-g.pct.mgh
Vertex Area is 0.68989 mm^3
Generating list of segmentation ids
Found  36 segmentations
Computing statistics for each segmentation

Reporting on  35 segmentations
Using PrintSegStat
mri_segstats done
Cleaning up

Started at Sat Mar 14 12:10:36 CET 2026 
Ended   at Sat Mar 14 12:50:05 CET 2026
#@#%# recon-all-run-time-hours 0.658
recon-all -s sub-v2s9x29156_ses-1 finished without error at Sat Mar 14 12:50:05 CET 2026



#New# invocation of recon-all 




Sat Mar 14 12:57:55 CET 2026
cd /out/sourcedata/freesurfer/sub-v2s9x29156_ses-1
setenv SUBJECTS_DIR /out/sourcedata/freesurfer
/opt/freesurfer/bin/recon-all -autorecon-hemi rh -nohyporelabel -rh-only -openmp 16 -subjid sub-v2s9x29156_ses-1 -sd /out/sourcedata/freesurfer -notessellate -nosmooth1 -noinflate1 -noqsphere -nofix -nowhite -nosmooth2 -noinflate2 -nocurvHK -nocurvstats -nosphere -nosurfreg -nojacobian_white -noavgcurv -nocortparc -nopial -nocortparc2 -nocortparc3 -nopctsurfcon

subjid sub-v2s9x29156_ses-1
setenv SUBJECTS_DIR /out/sourcedata/freesurfer
FREESURFER_HOME /opt/freesurfer
Actual FREESURFER_HOME /opt/freesurfer
build-stamp.txt: freesurfer-linux-ubuntu22_x86_64-7.3.2-20220804-6354275
Linux dna069 5.14.0-427.37.1.el9_4.x86_64 #1 SMP PREEMPT_DYNAMIC Fri Sep 13 12:41:50 EDT 2024 x86_64 x86_64 x86_64 GNU/Linux
cputime      unlimited
filesize     unlimited
datasize     unlimited
stacksize    8192 kbytes
coredumpsize 0 kbytes
memoryuse    67108864 kbytes
vmemoryuse   unlimited
descriptors  1024 
memorylocked unlimited
maxproc      2061970 
maxlocks     unlimited
maxsignal    2062029 
maxmessage   819200 
maxnice      0 
maxrtprio    0 
maxrttime    unlimited

               total        used        free      shared  buff/cache   available
Mem:           503Gi        45Gi       388Gi       9.0Gi        69Gi       445Gi
Swap:             0B          0B          0B

########################################
program versions used
7.3.2 (freesurfer-linux-ubuntu22_x86_64-7.3.2-20220804-6354275)
7.3.2

ProgramName: lta_convert  ProgramArguments: lta_convert -all-info  ProgramVersion: 7.3.2  TimeStamp: 2026/03/14-11:57:55-GMT  BuildTime: Aug  4 2022 06:17:15  BuildStamp: freesurfer-linux-ubuntu22_x86_64-7.3.2-20220804-6354275  User: oesteban  Machine: dna069  Platform: Linux  PlatformVersion: 5.14.0-427.37.1.el9_4.x86_64  CompilerName: GCC  CompilerVersion: 8.4.0
ProgramName: mri_and  ProgramArguments: mri_and -all-info  ProgramVersion: 7.3.2  TimeStamp: 2026/03/14-11:57:55-GMT  BuildTime: Aug  4 2022 06:17:15  BuildStamp: freesurfer-linux-ubuntu22_x86_64-7.3.2-20220804-6354275  User: oesteban  Machine: dna069  Platform: Linux  PlatformVersion: 5.14.0-427.37.1.el9_4.x86_64  CompilerName: GCC  CompilerVersion: 8.4.0
ProgramName: mri_annotation2label  ProgramArguments: mri_annotation2label -all-info  ProgramVersion: 7.3.2  TimeStamp: 2026/03/14-11:57:55-GMT  BuildTime: Aug  4 2022 06:17:15  BuildStamp: freesurfer-linux-ubuntu22_x86_64-7.3.2-20220804-6354275  User: oesteban  Machine: dna069  Platform: Linux  PlatformVersion: 5.14.0-427.37.1.el9_4.x86_64  CompilerName: GCC  CompilerVersion: 8.4.0
ProgramName: mri_aparc2aseg  ProgramArguments: mri_aparc2aseg -all-info  ProgramVersion: 7.3.2  TimeStamp: 2026/03/14-11:57:55-GMT  BuildTime: Aug  4 2022 06:17:15  BuildStamp: freesurfer-linux-ubuntu22_x86_64-7.3.2-20220804-6354275  User: oesteban  Machine: dna069  Platform: Linux  PlatformVersion: 5.14.0-427.37.1.el9_4.x86_64  CompilerName: GCC  CompilerVersion: 8.4.0
ProgramName: mri_surf2volseg  ProgramArguments: mri_surf2volseg -all-info  ProgramVersion: 7.3.2  TimeStamp: 2026/03/14-11:57:55-GMT  BuildTime: Aug  4 2022 06:17:15  BuildStamp: freesurfer-linux-ubuntu22_x86_64-7.3.2-20220804-6354275  User: oesteban  Machine: dna069  Platform: Linux  PlatformVersion: 5.14.0-427.37.1.el9_4.x86_64  CompilerName: GCC  CompilerVersion: 8.4.0
ProgramName: mri_binarize  ProgramArguments: mri_binarize -all-info  ProgramVersion: 7.3.2  TimeStamp: 2026/03/14-11:57:55-GMT  BuildTime: Aug  4 2022 06:17:15  BuildStamp: freesurfer-linux-ubuntu22_x86_64-7.3.2-20220804-6354275  User: oesteban  Machine: dna069  Platform: Linux  PlatformVersion: 5.14.0-427.37.1.el9_4.x86_64  CompilerName: GCC  CompilerVersion: 8.4.0
ProgramName: mri_ca_label  ProgramArguments: mri_ca_label -all-info  ProgramVersion: 7.3.2  TimeStamp: 2026/03/14-11:57:55-GMT  BuildTime: Aug  4 2022 06:17:15  BuildStamp: freesurfer-linux-ubuntu22_x86_64-7.3.2-20220804-6354275  User: oesteban  Machine: dna069  Platform: Linux  PlatformVersion: 5.14.0-427.37.1.el9_4.x86_64  CompilerName: GCC  CompilerVersion: 8.4.0
ProgramName: mri_ca_normalize  ProgramArguments: mri_ca_normalize -all-info  ProgramVersion: 7.3.2  TimeStamp: 2026/03/14-11:57:55-GMT  BuildTime: Aug  4 2022 06:17:15  BuildStamp: freesurfer-linux-ubuntu22_x86_64-7.3.2-20220804-6354275  User: oesteban  Machine: dna069  Platform: Linux  PlatformVersion: 5.14.0-427.37.1.el9_4.x86_64  CompilerName: GCC  CompilerVersion: 8.4.0
ProgramName: mri_ca_register  ProgramArguments: mri_ca_register -all-info  ProgramVersion: 7.3.2  TimeStamp: 2026/03/14-11:57:55-GMT  BuildTime: Aug  4 2022 06:17:15  BuildStamp: freesurfer-linux-ubuntu22_x86_64-7.3.2-20220804-6354275  User: oesteban  Machine: dna069  Platform: Linux  PlatformVersion: 5.14.0-427.37.1.el9_4.x86_64  CompilerName: GCC  CompilerVersion: 8.4.0
ProgramName: mri_cc  ProgramArguments: mri_cc -all-info  ProgramVersion: 7.3.2  TimeStamp: 2026/03/14-11:57:55-GMT  BuildTime: Aug  4 2022 06:17:15  BuildStamp: freesurfer-linux-ubuntu22_x86_64-7.3.2-20220804-6354275  User: oesteban  Machine: dna069  Platform: Linux  PlatformVersion: 5.14.0-427.37.1.el9_4.x86_64  CompilerName: GCC  CompilerVersion: 8.4.0
ProgramName: mri_compute_overlap  ProgramArguments: mri_compute_overlap -all-info  ProgramVersion: 7.3.2  TimeStamp: 2026/03/14-11:57:55-GMT  BuildTime: Aug  4 2022 06:17:15  BuildStamp: freesurfer-linux-ubuntu22_x86_64-7.3.2-20220804-6354275  User: oesteban  Machine: dna069  Platform: Linux  PlatformVersion: 5.14.0-427.37.1.el9_4.x86_64  CompilerName: GCC  CompilerVersion: 8.4.0
ProgramName: mri_compute_seg_overlap  ProgramArguments: mri_compute_seg_overlap -all-info  ProgramVersion: 7.3.2  TimeStamp: 2026/03/14-11:57:55-GMT  BuildTime: Aug  4 2022 06:17:15  BuildStamp: freesurfer-linux-ubuntu22_x86_64-7.3.2-20220804-6354275  User: oesteban  Machine: dna069  Platform: Linux  PlatformVersion: 5.14.0-427.37.1.el9_4.x86_64  CompilerName: GCC  CompilerVersion: 8.4.0
ProgramName: mri_concat  ProgramArguments: mri_concat -all-info  ProgramVersion: 7.3.2  TimeStamp: 2026/03/14-11:57:55-GMT  BuildTime: Aug  4 2022 06:17:15  BuildStamp: freesurfer-linux-ubuntu22_x86_64-7.3.2-20220804-6354275  User: oesteban  Machine: dna069  Platform: Linux  PlatformVersion: 5.14.0-427.37.1.el9_4.x86_64  CompilerName: GCC  CompilerVersion: 8.4.0
ProgramName: mri_concatenate_lta  ProgramArguments: mri_concatenate_lta -all-info  ProgramVersion: 7.3.2  TimeStamp: 2026/03/14-11:57:55-GMT  BuildTime: Aug  4 2022 06:17:15  BuildStamp: freesurfer-linux-ubuntu22_x86_64-7.3.2-20220804-6354275  User: oesteban  Machine: dna069  Platform: Linux  PlatformVersion: 5.14.0-427.37.1.el9_4.x86_64  CompilerName: GCC  CompilerVersion: 8.4.0
mri_convert -all-info 
ProgramName: mri_convert  ProgramArguments: mri_convert -all-info  ProgramVersion: 7.3.2  TimeStamp: 2026/03/14-11:57:55-GMT  BuildTime: Aug  4 2022 06:17:15  BuildStamp: freesurfer-linux-ubuntu22_x86_64-7.3.2-20220804-6354275  User: oesteban  Machine: dna069  Platform: Linux  PlatformVersion: 5.14.0-427.37.1.el9_4.x86_64  CompilerName: GCC  CompilerVersion: 8.4.0
ProgramName: mri_diff  ProgramArguments: mri_diff -all-info  ProgramVersion: 7.3.2  TimeStamp: 2026/03/14-11:57:55-GMT  BuildTime: Aug  4 2022 06:17:15  BuildStamp: freesurfer-linux-ubuntu22_x86_64-7.3.2-20220804-6354275  User: oesteban  Machine: dna069  Platform: Linux  PlatformVersion: 5.14.0-427.37.1.el9_4.x86_64  CompilerName: GCC  CompilerVersion: 8.4.0
ProgramName: mri_edit_wm_with_aseg  ProgramArguments: mri_edit_wm_with_aseg -all-info  ProgramVersion: 7.3.2  TimeStamp: 2026/03/14-11:57:55-GMT  BuildTime: Aug  4 2022 06:17:15  BuildStamp: freesurfer-linux-ubuntu22_x86_64-7.3.2-20220804-6354275  User: oesteban  Machine: dna069  Platform: Linux  PlatformVersion: 5.14.0-427.37.1.el9_4.x86_64  CompilerName: GCC  CompilerVersion: 8.4.0
ProgramName: mri_em_register  ProgramArguments: mri_em_register -all-info  ProgramVersion: 7.3.2  TimeStamp: 2026/03/14-11:57:55-GMT  BuildTime: Aug  4 2022 06:17:15  BuildStamp: freesurfer-linux-ubuntu22_x86_64-7.3.2-20220804-6354275  User: oesteban  Machine: dna069  Platform: Linux  PlatformVersion: 5.14.0-427.37.1.el9_4.x86_64  CompilerName: GCC  CompilerVersion: 8.4.0
ProgramName: mri_fill  ProgramArguments: mri_fill -all-info  ProgramVersion: 7.3.2  TimeStamp: 2026/03/14-11:57:55-GMT  BuildTime: Aug  4 2022 06:17:15  BuildStamp: freesurfer-linux-ubuntu22_x86_64-7.3.2-20220804-6354275  User: oesteban  Machine: dna069  Platform: Linux  PlatformVersion: 5.14.0-427.37.1.el9_4.x86_64  CompilerName: GCC  CompilerVersion: 8.4.0
ProgramName: mri_fuse_segmentations  ProgramArguments: mri_fuse_segmentations -all-info  ProgramVersion: 7.3.2  TimeStamp: 2026/03/14-11:57:55-GMT  BuildTime: Aug  4 2022 06:17:15  BuildStamp: freesurfer-linux-ubuntu22_x86_64-7.3.2-20220804-6354275  User: oesteban  Machine: dna069  Platform: Linux  PlatformVersion: 5.14.0-427.37.1.el9_4.x86_64  CompilerName: GCC  CompilerVersion: 8.4.0
ProgramName: mri_fwhm  ProgramArguments: mri_fwhm -all-info  ProgramVersion: 7.3.2  TimeStamp: 2026/03/14-11:57:55-GMT  BuildTime: Aug  4 2022 06:17:15  BuildStamp: freesurfer-linux-ubuntu22_x86_64-7.3.2-20220804-6354275  User: oesteban  Machine: dna069  Platform: Linux  PlatformVersion: 5.14.0-427.37.1.el9_4.x86_64  CompilerName: GCC  CompilerVersion: 8.4.0
ProgramName: mri_gcut  ProgramArguments: mri_gcut -all-info  ProgramVersion: 7.3.2  TimeStamp: 2026/03/14-11:57:55-GMT  BuildTime: Aug  4 2022 06:17:15  BuildStamp: freesurfer-linux-ubuntu22_x86_64-7.3.2-20220804-6354275  User: oesteban  Machine: dna069  Platform: Linux  PlatformVersion: 5.14.0-427.37.1.el9_4.x86_64  CompilerName: GCC  CompilerVersion: 8.4.0
ProgramName: mri_info  ProgramArguments: mri_info -all-info  ProgramVersion: 7.3.2  TimeStamp: 2026/03/14-11:57:55-GMT  BuildTime: Aug  4 2022 06:17:15  BuildStamp: freesurfer-linux-ubuntu22_x86_64-7.3.2-20220804-6354275  User: oesteban  Machine: dna069  Platform: Linux  PlatformVersion: 5.14.0-427.37.1.el9_4.x86_64  CompilerName: GCC  CompilerVersion: 8.4.0
ProgramName: mri_label2label  ProgramArguments: mri_label2label -all-info  ProgramVersion: 7.3.2  TimeStamp: 2026/03/14-11:57:55-GMT  BuildTime: Aug  4 2022 06:17:15  BuildStamp: freesurfer-linux-ubuntu22_x86_64-7.3.2-20220804-6354275  User: oesteban  Machine: dna069  Platform: Linux  PlatformVersion: 5.14.0-427.37.1.el9_4.x86_64  CompilerName: GCC  CompilerVersion: 8.4.0
ProgramName: mri_label2vol  ProgramArguments: mri_label2vol -all-info  ProgramVersion: 7.3.2  TimeStamp: 2026/03/14-11:57:55-GMT  BuildTime: Aug  4 2022 06:17:15  BuildStamp: freesurfer-linux-ubuntu22_x86_64-7.3.2-20220804-6354275  User: oesteban  Machine: dna069  Platform: Linux  PlatformVersion: 5.14.0-427.37.1.el9_4.x86_64  CompilerName: GCC  CompilerVersion: 8.4.0
ProgramName: mri_log_likelihood  ProgramArguments: mri_log_likelihood -all-info  ProgramVersion: 7.3.2  TimeStamp: 2026/03/14-11:57:55-GMT  BuildTime: Aug  4 2022 06:17:15  BuildStamp: freesurfer-linux-ubuntu22_x86_64-7.3.2-20220804-6354275  User: oesteban  Machine: dna069  Platform: Linux  PlatformVersion: 5.14.0-427.37.1.el9_4.x86_64  CompilerName: GCC  CompilerVersion: 8.4.0
ProgramName: mri_mask  ProgramArguments: mri_mask -all-info  ProgramVersion: 7.3.2  TimeStamp: 2026/03/14-11:57:55-GMT  BuildTime: Aug  4 2022 06:17:15  BuildStamp: freesurfer-linux-ubuntu22_x86_64-7.3.2-20220804-6354275  User: oesteban  Machine: dna069  Platform: Linux  PlatformVersion: 5.14.0-427.37.1.el9_4.x86_64  CompilerName: GCC  CompilerVersion: 8.4.0
ProgramName: mri_matrix_multiply  ProgramArguments: mri_matrix_multiply -all-info  ProgramVersion: 7.3.2  TimeStamp: 2026/03/14-11:57:55-GMT  BuildTime: Aug  4 2022 06:17:15  BuildStamp: freesurfer-linux-ubuntu22_x86_64-7.3.2-20220804-6354275  User: oesteban  Machine: dna069  Platform: Linux  PlatformVersion: 5.14.0-427.37.1.el9_4.x86_64  CompilerName: GCC  CompilerVersion: 8.4.0
ProgramName: mri_normalize  ProgramArguments: mri_normalize -all-info  ProgramVersion: 7.3.2  TimeStamp: 2026/03/14-11:57:55-GMT  BuildTime: Aug  4 2022 06:17:15  BuildStamp: freesurfer-linux-ubuntu22_x86_64-7.3.2-20220804-6354275  User: oesteban  Machine: dna069  Platform: Linux  PlatformVersion: 5.14.0-427.37.1.el9_4.x86_64  CompilerName: GCC  CompilerVersion: 8.4.0
ProgramName: mri_normalize_tp2  ProgramArguments: mri_normalize_tp2 -all-info  ProgramVersion: 7.3.2  TimeStamp: 2026/03/14-11:57:55-GMT  BuildTime: Aug  4 2022 06:17:15  BuildStamp: freesurfer-linux-ubuntu22_x86_64-7.3.2-20220804-6354275  User: oesteban  Machine: dna069  Platform: Linux  PlatformVersion: 5.14.0-427.37.1.el9_4.x86_64  CompilerName: GCC  CompilerVersion: 8.4.0
ProgramName: mri_or  ProgramArguments: mri_or -all-info  ProgramVersion: 7.3.2  TimeStamp: 2026/03/14-11:57:55-GMT  BuildTime: Aug  4 2022 06:17:15  BuildStamp: freesurfer-linux-ubuntu22_x86_64-7.3.2-20220804-6354275  User: oesteban  Machine: dna069  Platform: Linux  PlatformVersion: 5.14.0-427.37.1.el9_4.x86_64  CompilerName: GCC  CompilerVersion: 8.4.0
ProgramName: mri_relabel_hypointensities  ProgramArguments: mri_relabel_hypointensities -all-info  ProgramVersion: 7.3.2  TimeStamp: 2026/03/14-11:57:55-GMT  BuildTime: Aug  4 2022 06:17:15  BuildStamp: freesurfer-linux-ubuntu22_x86_64-7.3.2-20220804-6354275  User: oesteban  Machine: dna069  Platform: Linux  PlatformVersion: 5.14.0-427.37.1.el9_4.x86_64  CompilerName: GCC  CompilerVersion: 8.4.0
ProgramName: mri_relabel_nonwm_hypos  ProgramArguments: mri_relabel_nonwm_hypos -all-info  ProgramVersion: 7.3.2  TimeStamp: 2026/03/14-11:57:55-GMT  BuildTime: Aug  4 2022 06:17:15  BuildStamp: freesurfer-linux-ubuntu22_x86_64-7.3.2-20220804-6354275  User: oesteban  Machine: dna069  Platform: Linux  PlatformVersion: 5.14.0-427.37.1.el9_4.x86_64  CompilerName: GCC  CompilerVersion: 8.4.0
ProgramName: mri_remove_neck  ProgramArguments: mri_remove_neck -all-info  ProgramVersion: 7.3.2  TimeStamp: 2026/03/14-11:57:55-GMT  BuildTime: Aug  4 2022 06:17:15  BuildStamp: freesurfer-linux-ubuntu22_x86_64-7.3.2-20220804-6354275  User: oesteban  Machine: dna069  Platform: Linux  PlatformVersion: 5.14.0-427.37.1.el9_4.x86_64  CompilerName: GCC  CompilerVersion: 8.4.0
7.3.2

ProgramName: mri_robust_register  ProgramArguments: mri_robust_register -all-info  ProgramVersion: 7.3.2  TimeStamp: 2026/03/14-11:57:55-GMT  BuildTime: Aug  4 2022 06:17:15  BuildStamp: freesurfer-linux-ubuntu22_x86_64-7.3.2-20220804-6354275  User: oesteban  Machine: dna069  Platform: Linux  PlatformVersion: 5.14.0-427.37.1.el9_4.x86_64  CompilerName: GCC  CompilerVersion: 8.4.0
7.3.2

ProgramName: mri_robust_template  ProgramArguments: mri_robust_template -all-info  ProgramVersion: 7.3.2  TimeStamp: 2026/03/14-11:57:55-GMT  BuildTime: Aug  4 2022 06:17:15  BuildStamp: freesurfer-linux-ubuntu22_x86_64-7.3.2-20220804-6354275  User: oesteban  Machine: dna069  Platform: Linux  PlatformVersion: 5.14.0-427.37.1.el9_4.x86_64  CompilerName: GCC  CompilerVersion: 8.4.0
ProgramName: mris_anatomical_stats  ProgramArguments: mris_anatomical_stats -all-info  ProgramVersion: 7.3.2  TimeStamp: 2026/03/14-11:57:55-GMT  BuildTime: Aug  4 2022 06:17:15  BuildStamp: freesurfer-linux-ubuntu22_x86_64-7.3.2-20220804-6354275  User: oesteban  Machine: dna069  Platform: Linux  PlatformVersion: 5.14.0-427.37.1.el9_4.x86_64  CompilerName: GCC  CompilerVersion: 8.4.0
ProgramName: mris_ca_label  ProgramArguments: mris_ca_label -all-info  ProgramVersion: 7.3.2  TimeStamp: 2026/03/14-11:57:55-GMT  BuildTime: Aug  4 2022 06:17:15  BuildStamp: freesurfer-linux-ubuntu22_x86_64-7.3.2-20220804-6354275  User: oesteban  Machine: dna069  Platform: Linux  PlatformVersion: 5.14.0-427.37.1.el9_4.x86_64  CompilerName: GCC  CompilerVersion: 8.4.0
ProgramName: mris_calc  ProgramArguments: mris_calc -all-info  ProgramVersion: 7.3.2  TimeStamp: 2026/03/14-11:57:55-GMT  BuildTime: Aug  4 2022 06:17:15  BuildStamp: freesurfer-linux-ubuntu22_x86_64-7.3.2-20220804-6354275  User: oesteban  Machine: dna069  Platform: Linux  PlatformVersion: 5.14.0-427.37.1.el9_4.x86_64  CompilerName: GCC  CompilerVersion: 8.4.0
ProgramName: mris_convert  ProgramArguments: mris_convert -all-info  ProgramVersion: 7.3.2  TimeStamp: 2026/03/14-11:57:55-GMT  BuildTime: Aug  4 2022 06:17:15  BuildStamp: freesurfer-linux-ubuntu22_x86_64-7.3.2-20220804-6354275  User: oesteban  Machine: dna069  Platform: Linux  PlatformVersion: 5.14.0-427.37.1.el9_4.x86_64  CompilerName: GCC  CompilerVersion: 8.4.0
ProgramName: mris_curvature  ProgramArguments: mris_curvature -all-info  ProgramVersion: 7.3.2  TimeStamp: 2026/03/14-11:57:55-GMT  BuildTime: Aug  4 2022 06:17:15  BuildStamp: freesurfer-linux-ubuntu22_x86_64-7.3.2-20220804-6354275  User: oesteban  Machine: dna069  Platform: Linux  PlatformVersion: 5.14.0-427.37.1.el9_4.x86_64  CompilerName: GCC  CompilerVersion: 8.4.0
ProgramName: mris_curvature_stats  ProgramArguments: mris_curvature_stats -all-info  ProgramVersion: 7.3.2  TimeStamp: 2026/03/14-11:57:55-GMT  BuildTime: Aug  4 2022 06:17:15  BuildStamp: freesurfer-linux-ubuntu22_x86_64-7.3.2-20220804-6354275  User: oesteban  Machine: dna069  Platform: Linux  PlatformVersion: 5.14.0-427.37.1.el9_4.x86_64  CompilerName: GCC  CompilerVersion: 8.4.0
ProgramName: mris_diff  ProgramArguments: mris_diff -all-info  ProgramVersion: 7.3.2  TimeStamp: 2026/03/14-11:57:55-GMT  BuildTime: Aug  4 2022 06:17:15  BuildStamp: freesurfer-linux-ubuntu22_x86_64-7.3.2-20220804-6354275  User: oesteban  Machine: dna069  Platform: Linux  PlatformVersion: 5.14.0-427.37.1.el9_4.x86_64  CompilerName: GCC  CompilerVersion: 8.4.0
ProgramName: mris_divide_parcellation  ProgramArguments: mris_divide_parcellation -all-info  ProgramVersion: 7.3.2  TimeStamp: 2026/03/14-11:57:55-GMT  BuildTime: Aug  4 2022 06:17:15  BuildStamp: freesurfer-linux-ubuntu22_x86_64-7.3.2-20220804-6354275  User: oesteban  Machine: dna069  Platform: Linux  PlatformVersion: 5.14.0-427.37.1.el9_4.x86_64  CompilerName: GCC  CompilerVersion: 8.4.0
ProgramName: mri_segment  ProgramArguments: mri_segment -all-info  ProgramVersion: 7.3.2  TimeStamp: 2026/03/14-11:57:55-GMT  BuildTime: Aug  4 2022 06:17:15  BuildStamp: freesurfer-linux-ubuntu22_x86_64-7.3.2-20220804-6354275  User: oesteban  Machine: dna069  Platform: Linux  PlatformVersion: 5.14.0-427.37.1.el9_4.x86_64  CompilerName: GCC  CompilerVersion: 8.4.0
ProgramName: mri_segstats  ProgramArguments: mri_segstats -all-info  ProgramVersion: 7.3.2  TimeStamp: 2026/03/14-11:57:55-GMT  BuildTime: Aug  4 2022 06:17:15  BuildStamp: freesurfer-linux-ubuntu22_x86_64-7.3.2-20220804-6354275  User: oesteban  Machine: dna069  Platform: Linux  PlatformVersion: 5.14.0-427.37.1.el9_4.x86_64  CompilerName: GCC  CompilerVersion: 8.4.0
ProgramName: mris_euler_number  ProgramArguments: mris_euler_number -all-info  ProgramVersion: 7.3.2  TimeStamp: 2026/03/14-11:57:55-GMT  BuildTime: Aug  4 2022 06:17:15  BuildStamp: freesurfer-linux-ubuntu22_x86_64-7.3.2-20220804-6354275  User: oesteban  Machine: dna069  Platform: Linux  PlatformVersion: 5.14.0-427.37.1.el9_4.x86_64  CompilerName: GCC  CompilerVersion: 8.4.0
ProgramName: mris_fix_topology  ProgramArguments: mris_fix_topology -all-info  ProgramVersion: 7.3.2  TimeStamp: 2026/03/14-11:57:55-GMT  BuildTime: Aug  4 2022 06:17:15  BuildStamp: freesurfer-linux-ubuntu22_x86_64-7.3.2-20220804-6354275  User: oesteban  Machine: dna069  Platform: Linux  PlatformVersion: 5.14.0-427.37.1.el9_4.x86_64  CompilerName: GCC  CompilerVersion: 8.4.0
ProgramName: mris_topo_fixer  ProgramArguments: mris_topo_fixer -all-info  ProgramVersion: 7.3.2  TimeStamp: 2026/03/14-11:57:55-GMT  BuildTime: Aug  4 2022 06:17:15  BuildStamp: freesurfer-linux-ubuntu22_x86_64-7.3.2-20220804-6354275  User: oesteban  Machine: dna069  Platform: Linux  PlatformVersion: 5.14.0-427.37.1.el9_4.x86_64  CompilerName: GCC  CompilerVersion: 8.4.0
ProgramName: mris_jacobian  ProgramArguments: mris_jacobian -all-info  ProgramVersion: 7.3.2  TimeStamp: 2026/03/14-11:57:55-GMT  BuildTime: Aug  4 2022 06:17:15  BuildStamp: freesurfer-linux-ubuntu22_x86_64-7.3.2-20220804-6354275  User: oesteban  Machine: dna069  Platform: Linux  PlatformVersion: 5.14.0-427.37.1.el9_4.x86_64  CompilerName: GCC  CompilerVersion: 8.4.0
ProgramName: mris_label2annot  ProgramArguments: mris_label2annot -all-info  ProgramVersion: 7.3.2  TimeStamp: 2026/03/14-11:57:55-GMT  BuildTime: Aug  4 2022 06:17:15  BuildStamp: freesurfer-linux-ubuntu22_x86_64-7.3.2-20220804-6354275  User: oesteban  Machine: dna069  Platform: Linux  PlatformVersion: 5.14.0-427.37.1.el9_4.x86_64  CompilerName: GCC  CompilerVersion: 8.4.0
ProgramName: mris_left_right_register  ProgramArguments: mris_left_right_register -all-info  ProgramVersion: 7.3.2  TimeStamp: 2026/03/14-11:57:55-GMT  BuildTime: Aug  4 2022 06:17:15  BuildStamp: freesurfer-linux-ubuntu22_x86_64-7.3.2-20220804-6354275  User: oesteban  Machine: dna069  Platform: Linux  PlatformVersion: 5.14.0-427.37.1.el9_4.x86_64  CompilerName: GCC  CompilerVersion: 8.4.0
ProgramName: mris_place_surface  ProgramArguments: mris_place_surface -all-info  ProgramVersion: 7.3.2  TimeStamp: 2026/03/14-11:57:55-GMT  BuildTime: Aug  4 2022 06:17:15  BuildStamp: freesurfer-linux-ubuntu22_x86_64-7.3.2-20220804-6354275  User: oesteban  Machine: dna069  Platform: Linux  PlatformVersion: 5.14.0-427.37.1.el9_4.x86_64  CompilerName: GCC  CompilerVersion: 8.4.0
ProgramName: mrisp_paint  ProgramArguments: mrisp_paint -all-info  ProgramVersion: 7.3.2  TimeStamp: 2026/03/14-11:57:55-GMT  BuildTime: Aug  4 2022 06:17:15  BuildStamp: freesurfer-linux-ubuntu22_x86_64-7.3.2-20220804-6354275  User: oesteban  Machine: dna069  Platform: Linux  PlatformVersion: 5.14.0-427.37.1.el9_4.x86_64  CompilerName: GCC  CompilerVersion: 8.4.0
ProgramName: mris_register  ProgramArguments: mris_register -all-info  ProgramVersion: 7.3.2  TimeStamp: 2026/03/14-11:57:55-GMT  BuildTime: Aug  4 2022 06:17:15  BuildStamp: freesurfer-linux-ubuntu22_x86_64-7.3.2-20220804-6354275  User: oesteban  Machine: dna069  Platform: Linux  PlatformVersion: 5.14.0-427.37.1.el9_4.x86_64  CompilerName: GCC  CompilerVersion: 8.4.0
ProgramName: mris_smooth  ProgramArguments: mris_smooth -all-info  ProgramVersion: 7.3.2  TimeStamp: 2026/03/14-11:57:55-GMT  BuildTime: Aug  4 2022 06:17:15  BuildStamp: freesurfer-linux-ubuntu22_x86_64-7.3.2-20220804-6354275  User: oesteban  Machine: dna069  Platform: Linux  PlatformVersion: 5.14.0-427.37.1.el9_4.x86_64  CompilerName: GCC  CompilerVersion: 8.4.0
ProgramName: mris_sphere  ProgramArguments: mris_sphere -all-info  ProgramVersion: 7.3.2  TimeStamp: 2026/03/14-11:57:55-GMT  BuildTime: Aug  4 2022 06:17:15  BuildStamp: freesurfer-linux-ubuntu22_x86_64-7.3.2-20220804-6354275  User: oesteban  Machine: dna069  Platform: Linux  PlatformVersion: 5.14.0-427.37.1.el9_4.x86_64  CompilerName: GCC  CompilerVersion: 8.4.0
ProgramName: mris_surface_stats  ProgramArguments: mris_surface_stats -all-info  ProgramVersion: 7.3.2  TimeStamp: 2026/03/14-11:57:55-GMT  BuildTime: Aug  4 2022 06:17:15  BuildStamp: freesurfer-linux-ubuntu22_x86_64-7.3.2-20220804-6354275  User: oesteban  Machine: dna069  Platform: Linux  PlatformVersion: 5.14.0-427.37.1.el9_4.x86_64  CompilerName: GCC  CompilerVersion: 8.4.0
ProgramName: mri_stats2seg  ProgramArguments: mri_stats2seg -all-info  ProgramVersion: 7.3.2  TimeStamp: 2026/03/14-11:57:55-GMT  BuildTime: Aug  4 2022 06:17:15  BuildStamp: freesurfer-linux-ubuntu22_x86_64-7.3.2-20220804-6354275  User: oesteban  Machine: dna069  Platform: Linux  PlatformVersion: 5.14.0-427.37.1.el9_4.x86_64  CompilerName: GCC  CompilerVersion: 8.4.0
ProgramName: mris_thickness  ProgramArguments: mris_thickness -all-info  ProgramVersion: 7.3.2  TimeStamp: 2026/03/14-11:57:55-GMT  BuildTime: Aug  4 2022 06:17:15  BuildStamp: freesurfer-linux-ubuntu22_x86_64-7.3.2-20220804-6354275  User: oesteban  Machine: dna069  Platform: Linux  PlatformVersion: 5.14.0-427.37.1.el9_4.x86_64  CompilerName: GCC  CompilerVersion: 8.4.0
ProgramName: mris_thickness_diff  ProgramArguments: mris_thickness_diff -all-info  ProgramVersion: 7.3.2  TimeStamp: 2026/03/14-11:57:55-GMT  BuildTime: Aug  4 2022 06:17:15  BuildStamp: freesurfer-linux-ubuntu22_x86_64-7.3.2-20220804-6354275  User: oesteban  Machine: dna069  Platform: Linux  PlatformVersion: 5.14.0-427.37.1.el9_4.x86_64  CompilerName: GCC  CompilerVersion: 8.4.0
ProgramName: mris_topo_fixer  ProgramArguments: mris_topo_fixer -all-info  ProgramVersion: 7.3.2  TimeStamp: 2026/03/14-11:57:55-GMT  BuildTime: Aug  4 2022 06:17:15  BuildStamp: freesurfer-linux-ubuntu22_x86_64-7.3.2-20220804-6354275  User: oesteban  Machine: dna069  Platform: Linux  PlatformVersion: 5.14.0-427.37.1.el9_4.x86_64  CompilerName: GCC  CompilerVersion: 8.4.0
ProgramName: mri_surf2surf  ProgramArguments: mri_surf2surf -all-info  ProgramVersion: 7.3.2  TimeStamp: 2026/03/14-11:57:55-GMT  BuildTime: Aug  4 2022 06:17:15  BuildStamp: freesurfer-linux-ubuntu22_x86_64-7.3.2-20220804-6354275  User: oesteban  Machine: dna069  Platform: Linux  PlatformVersion: 5.14.0-427.37.1.el9_4.x86_64  CompilerName: GCC  CompilerVersion: 8.4.0
ProgramName: mri_surf2vol  ProgramArguments: mri_surf2vol -all-info  ProgramVersion: 7.3.2  TimeStamp: 2026/03/14-11:57:55-GMT  BuildTime: Aug  4 2022 06:17:15  BuildStamp: freesurfer-linux-ubuntu22_x86_64-7.3.2-20220804-6354275  User: oesteban  Machine: dna069  Platform: Linux  PlatformVersion: 5.14.0-427.37.1.el9_4.x86_64  CompilerName: GCC  CompilerVersion: 8.4.0
ProgramName: mri_surfcluster  ProgramArguments: mri_surfcluster -all-info  ProgramVersion: 7.3.2  TimeStamp: 2026/03/14-11:57:55-GMT  BuildTime: Aug  4 2022 06:17:15  BuildStamp: freesurfer-linux-ubuntu22_x86_64-7.3.2-20220804-6354275  User: oesteban  Machine: dna069  Platform: Linux  PlatformVersion: 5.14.0-427.37.1.el9_4.x86_64  CompilerName: GCC  CompilerVersion: 8.4.0
ProgramName: mris_volmask  ProgramArguments: mris_volmask -all-info  ProgramVersion: 7.3.2  TimeStamp: 2026/03/14-11:57:55-GMT  BuildTime: Aug  4 2022 06:17:15  BuildStamp: freesurfer-linux-ubuntu22_x86_64-7.3.2-20220804-6354275  User: oesteban  Machine: dna069  Platform: Linux  PlatformVersion: 5.14.0-427.37.1.el9_4.x86_64  CompilerName: GCC  CompilerVersion: 8.4.0
ProgramName: mri_tessellate  ProgramArguments: mri_tessellate -all-info  ProgramVersion: 7.3.2  TimeStamp: 2026/03/14-11:57:55-GMT  BuildTime: Aug  4 2022 06:17:15  BuildStamp: freesurfer-linux-ubuntu22_x86_64-7.3.2-20220804-6354275  User: oesteban  Machine: dna069  Platform: Linux  PlatformVersion: 5.14.0-427.37.1.el9_4.x86_64  CompilerName: GCC  CompilerVersion: 8.4.0
ProgramName: mri_vol2surf  ProgramArguments: mri_vol2surf -all-info  ProgramVersion: 7.3.2  TimeStamp: 2026/03/14-11:57:55-GMT  BuildTime: Aug  4 2022 06:17:15  BuildStamp: freesurfer-linux-ubuntu22_x86_64-7.3.2-20220804-6354275  User: oesteban  Machine: dna069  Platform: Linux  PlatformVersion: 5.14.0-427.37.1.el9_4.x86_64  CompilerName: GCC  CompilerVersion: 8.4.0
ProgramName: mri_vol2vol  ProgramArguments: mri_vol2vol -all-info  ProgramVersion: 7.3.2  TimeStamp: 2026/03/14-11:57:55-GMT  BuildTime: Aug  4 2022 06:17:15  BuildStamp: freesurfer-linux-ubuntu22_x86_64-7.3.2-20220804-6354275  User: oesteban  Machine: dna069  Platform: Linux  PlatformVersion: 5.14.0-427.37.1.el9_4.x86_64  CompilerName: GCC  CompilerVersion: 8.4.0
ProgramName: mri_voldiff  ProgramArguments: mri_voldiff -all-info  ProgramVersion: 7.3.2  TimeStamp: 2026/03/14-11:57:55-GMT  BuildTime: Aug  4 2022 06:17:15  BuildStamp: freesurfer-linux-ubuntu22_x86_64-7.3.2-20220804-6354275  User: oesteban  Machine: dna069  Platform: Linux  PlatformVersion: 5.14.0-427.37.1.el9_4.x86_64  CompilerName: GCC  CompilerVersion: 8.4.0
ProgramName: mri_watershed  ProgramArguments: mri_watershed -all-info  ProgramVersion: 7.3.2  TimeStamp: 2026/03/14-11:57:55-GMT  BuildTime: Aug  4 2022 06:17:15  BuildStamp: freesurfer-linux-ubuntu22_x86_64-7.3.2-20220804-6354275  User: oesteban  Machine: dna069  Platform: Linux  PlatformVersion: 5.14.0-427.37.1.el9_4.x86_64  CompilerName: GCC  CompilerVersion: 8.4.0
ProgramName: tkregister2  ProgramArguments: tkregister2_cmdl -all-info  ProgramVersion: 7.3.2  TimeStamp: 2026/03/14-11:57:55-GMT  BuildTime: Aug  4 2022 06:17:15  BuildStamp: freesurfer-linux-ubuntu22_x86_64-7.3.2-20220804-6354275  User: oesteban  Machine: dna069  Platform: Linux  PlatformVersion: 5.14.0-427.37.1.el9_4.x86_64  CompilerName: GCC  CompilerVersion: 8.4.0
mri_motion_correct.fsl 7.3.2
mri_convert -all-info 
ProgramName: mri_convert  ProgramArguments: mri_convert -all-info  ProgramVersion: 7.3.2  TimeStamp: 2026/03/14-11:57:55-GMT  BuildTime: Aug  4 2022 06:17:15  BuildStamp: freesurfer-linux-ubuntu22_x86_64-7.3.2-20220804-6354275  User: oesteban  Machine: dna069  Platform: Linux  PlatformVersion: 5.14.0-427.37.1.el9_4.x86_64  CompilerName: GCC  CompilerVersion: 8.4.0
Program nu_correct, built from:
Package MNI N3, version 1.12.0, compiled by nicks@terrier (x86_64-unknown-linux-gnu) on 2015-06-19 at 01:25:34
#######################################
GCADIR /opt/freesurfer/average
GCA RB_all_2020-01-02.gca
GCASkull RB_all_withskull_2020_01_02.gca
AvgCurvTif folding.atlas.acfb40.noaparc.i12.2016-08-02.tif
GCSDIR /opt/freesurfer/average
GCS DKaparc.atlas.acfb40.noaparc.i12.2016-08-02.gcs
#######################################
#--------------------------------------------
#@# AutoDetGWStats rh Sat Mar 14 12:57:55 CET 2026
cd /out/sourcedata/freesurfer/sub-v2s9x29156_ses-1/mri
mris_autodet_gwstats --o ../surf/autodet.gw.stats.rh.dat --i brain.finalsurfs.mgz --wm wm.mgz --surf ../surf/rh.orig.premesh
  Update not needed
#--------------------------------------------
#@# WhitePreAparc rh Sat Mar 14 12:57:55 CET 2026
cd /out/sourcedata/freesurfer/sub-v2s9x29156_ses-1/mri
mris_place_surface --adgws-in ../surf/autodet.gw.stats.rh.dat --wm wm.mgz --threads 16 --invol brain.finalsurfs.mgz --rh --i ../surf/rh.orig --o ../surf/rh.white.preaparc --white --seg aseg.presurf.mgz --nsmooth 5
   Update not needed
#--------------------------------------------
#@# CortexLabel rh Sat Mar 14 12:57:55 CET 2026
cd /out/sourcedata/freesurfer/sub-v2s9x29156_ses-1/mri
mri_label2label --label-cortex ../surf/rh.white.preaparc aseg.presurf.mgz 0 ../label/rh.cortex.label
   Update not needed
#--------------------------------------------
#@# CortexLabel+HipAmyg rh Sat Mar 14 12:57:55 CET 2026
cd /out/sourcedata/freesurfer/sub-v2s9x29156_ses-1/mri
mri_label2label --label-cortex ../surf/rh.white.preaparc aseg.presurf.mgz 1 ../label/rh.cortex+hipamyg.label
   Update not needed
#@# white curv rh Sat Mar 14 12:57:55 CET 2026
cd /out/sourcedata/freesurfer/sub-v2s9x29156_ses-1/mri
mris_place_surface --curv-map ../surf/rh.white 2 10 ../surf/rh.curv
   Update not needed
#@# white area rh Sat Mar 14 12:57:55 CET 2026
cd /out/sourcedata/freesurfer/sub-v2s9x29156_ses-1/mri
mris_place_surface --area-map ../surf/rh.white ../surf/rh.area
   Update not needed
#@# pial curv rh Sat Mar 14 12:57:55 CET 2026
cd /out/sourcedata/freesurfer/sub-v2s9x29156_ses-1/mri
mris_place_surface --curv-map ../surf/rh.pial 2 10 ../surf/rh.curv.pial
   Update not needed
#@# pial area rh Sat Mar 14 12:57:55 CET 2026
cd /out/sourcedata/freesurfer/sub-v2s9x29156_ses-1/mri
mris_place_surface --area-map ../surf/rh.pial ../surf/rh.area.pial
   Update not needed
#@# thickness rh Sat Mar 14 12:57:55 CET 2026
cd /out/sourcedata/freesurfer/sub-v2s9x29156_ses-1/mri
mris_place_surface --thickness ../surf/rh.white ../surf/rh.pial 20 5 ../surf/rh.thickness
   Update not needed
#@# area and vertex vol rh Sat Mar 14 12:57:55 CET 2026
cd /out/sourcedata/freesurfer/sub-v2s9x29156_ses-1/mri
mris_place_surface --thickness ../surf/rh.white ../surf/rh.pial 20 5 ../surf/rh.thickness
   Update not needed
#-----------------------------------------
#@# Parcellation Stats rh Sat Mar 14 12:57:55 CET 2026
/out/sourcedata/freesurfer/sub-v2s9x29156_ses-1/scripts

 mris_anatomical_stats -th3 -mgz -noglobal -cortex ../label/rh.cortex.label -f ../stats/rh.aparc.stats -b -a ../label/rh.aparc.annot -c ../label/aparc.annot.ctab sub-v2s9x29156_ses-1 rh white 

computing statistics for each annotation in ../label/rh.aparc.annot.
reading volume /out/sourcedata/freesurfer/sub-v2s9x29156_ses-1/mri/wm.mgz...
reading input surface /out/sourcedata/freesurfer/sub-v2s9x29156_ses-1/surf/rh.white...
reading input pial surface /out/sourcedata/freesurfer/sub-v2s9x29156_ses-1/surf/rh.pial...
reading input white surface /out/sourcedata/freesurfer/sub-v2s9x29156_ses-1/surf/rh.white...
INFO: using TH3 volume calc
INFO: assuming MGZ format for volumes.
INFO: not computing global stats
INFO: using ../label/rh.cortex.label as mask to calc cortex NumVert, SurfArea and MeanThickness.
Using TH3 vertex volume calc
Total face volume 369153
Total vertex volume 368942 (mask=0)
Saving annotation colortable ../label/aparc.annot.ctab

table columns are:
    number of vertices
    total surface area (mm^2)
    total gray matter volume (mm^3)
    average cortical thickness +- standard deviation (mm)
    integrated rectified mean curvature
    integrated rectified Gaussian curvature
    folding index
    intrinsic curvature index
    structure name

 1570   1050   2709  2.714 0.582     0.081     0.011        8     0.7  bankssts
 1018    668   1600  2.168 0.699     0.110     0.015       12     0.7  caudalanteriorcingulate
 4387   2965  10164  2.960 0.687     0.107     0.019       35     3.6  caudalmiddlefrontal
 2698   1878   5826  2.634 0.718     0.132     0.029       32     3.3  cuneus
  805    532   2674  3.212 0.952     0.101     0.028        8     0.7  entorhinal
 5599   3868  12216  2.825 0.606     0.117     0.023       59     5.5  fusiform
11636   8189  26845  2.857 0.633     0.115     0.022      125    11.5  inferiorparietal
 6217   4554  17127  3.059 0.661     0.118     0.023       72     6.5  inferiortemporal
 2060   1403   4044  2.371 0.965     0.105     0.021       20     1.6  isthmuscingulate
 9733   6824  20398  2.638 0.620     0.129     0.027      113    11.3  lateraloccipital
 5152   3608  11184  2.781 0.811     0.124     0.030       57     7.0  lateralorbitofrontal
 6155   4438  12940  2.506 0.769     0.140     0.036       87     9.9  lingual
 3576   2664   8367  2.652 0.664     0.128     0.031       48     5.3  medialorbitofrontal
 6527   4510  17250  3.001 0.738     0.111     0.020       74     5.6  middletemporal
 1132    743   2120  2.531 0.622     0.097     0.020        8     0.8  parahippocampal
 3448   2278   7462  2.896 0.589     0.108     0.023       33     3.2  paracentral
 2432   1664   4989  2.792 0.608     0.102     0.018       22     1.7  parsopercularis
 1482   1098   4157  2.846 0.612     0.132     0.029       25     1.7  parsorbitalis
 2927   2010   6398  2.687 0.695     0.101     0.018       27     2.3  parstriangularis
 2744   1998   3793  2.217 0.718     0.139     0.031       31     3.7  pericalcarine
 8173   5409  13257  2.178 0.798     0.104     0.025       85     7.8  postcentral
 2555   1801   5157  2.477 0.899     0.127     0.027       35     3.3  posteriorcingulate
 8415   5603  16559  2.663 0.637     0.098     0.017       59     6.1  precentral
 8734   5980  18680  2.860 0.626     0.113     0.021       86     8.2  precuneus
  819    530   1320  2.512 0.571     0.103     0.017        8     0.6  rostralanteriorcingulate
 9938   7294  23435  2.635 0.717     0.128     0.029      134    13.4  rostralmiddlefrontal
14049   9708  33133  2.955 0.658     0.117     0.024      146    13.6  superiorfrontal
10455   7293  22958  2.680 0.633     0.116     0.023      110    10.4  superiorparietal
 6886   4540  15706  2.922 0.718     0.095     0.016       51     4.9  superiortemporal
 9424   6621  21154  2.786 0.719     0.117     0.022      104     9.4  supramarginal
  553    464   1864  3.210 0.891     0.169     0.048       14     1.1  frontalpole
  898    677   3867  3.809 0.812     0.121     0.028       10     1.1  temporalpole
  742    526   1611  2.580 0.469     0.099     0.017        7     0.5  transversetemporal
 3730   2506   7980  3.223 0.702     0.109     0.026       31     3.9  insula

 mris_anatomical_stats -th3 -mgz -noglobal -cortex ../label/rh.cortex.label -f ../stats/rh.aparc.pial.stats -b -a ../label/rh.aparc.annot -c ../label/aparc.annot.ctab sub-v2s9x29156_ses-1 rh pial 

computing statistics for each annotation in ../label/rh.aparc.annot.
reading volume /out/sourcedata/freesurfer/sub-v2s9x29156_ses-1/mri/wm.mgz...
reading input surface /out/sourcedata/freesurfer/sub-v2s9x29156_ses-1/surf/rh.pial...
reading input pial surface /out/sourcedata/freesurfer/sub-v2s9x29156_ses-1/surf/rh.pial...
reading input white surface /out/sourcedata/freesurfer/sub-v2s9x29156_ses-1/surf/rh.white...
INFO: using TH3 volume calc
INFO: assuming MGZ format for volumes.
INFO: not computing global stats
INFO: using ../label/rh.cortex.label as mask to calc cortex NumVert, SurfArea and MeanThickness.
Using TH3 vertex volume calc
Total face volume 369153
Total vertex volume 368942 (mask=0)
Saving annotation colortable ../label/aparc.annot.ctab

table columns are:
    number of vertices
    total surface area (mm^2)
    total gray matter volume (mm^3)
    average cortical thickness +- standard deviation (mm)
    integrated rectified mean curvature
    integrated rectified Gaussian curvature
    folding index
    intrinsic curvature index
    structure name

 1570   1024   2709  2.714 0.582     0.122     0.030      405     2.0  bankssts
 1018    848   1600  2.168 0.699     0.175     0.047       58     2.1  caudalanteriorcingulate
 4387   3823  10164  2.960 0.687     0.150     0.037       73     7.0  caudalmiddlefrontal
 2698   2704   5826  2.634 0.718     0.181     0.049       61     6.1  cuneus
  805   1121   2674  3.212 0.952     0.267     0.069       20     2.9  entorhinal
 5599   4785  12216  2.825 0.606     0.155     0.042      176     9.8  fusiform
11636  10409  26845  2.857 0.633     0.158     0.040      255    20.6  inferiorparietal
 6217   6405  17127  3.059 0.661     0.168     0.040      106    11.4  inferiortemporal
 2060   1965   4044  2.371 0.965     0.180     0.049       57     4.8  isthmuscingulate
 9733   8653  20398  2.638 0.620     0.150     0.038      263    16.2  lateraloccipital
 5152   4571  11184  2.781 0.811     0.183     0.053      193    11.8  lateralorbitofrontal
 6155   6148  12940  2.506 0.769     0.200     0.061      182    15.7  lingual
 3576   3742   8367  2.652 0.664     0.199     0.053       96     8.6  medialorbitofrontal
 6527   6766  17250  3.001 0.738     0.169     0.037      118    11.1  middletemporal
 1132   1020   2120  2.531 0.622     0.195     0.056       25     3.1  parahippocampal
 3448   2863   7462  2.896 0.589     0.146     0.036       78     5.5  paracentral
 2432   2097   4989  2.792 0.608     0.156     0.040       43     4.0  parsopercularis
 1482   1859   4157  2.846 0.612     0.210     0.051       27     3.4  parsorbitalis
 2927   2857   6398  2.687 0.695     0.193     0.049       58     6.9  parstriangularis
 2744   1720   3793  2.217 0.718     0.161     0.054      129     6.5  pericalcarine
 8173   6994  13257  2.178 0.798     0.144     0.049      185    13.0  postcentral
 2555   2369   5157  2.477 0.899     0.171     0.046       88     5.2  posteriorcingulate
 8415   6598  16559  2.663 0.637     0.131     0.032      120    11.9  precentral
 8734   7138  18680  2.860 0.626     0.154     0.041     1595    15.0  precuneus
  819    584   1320  2.512 0.571     0.182     0.050      170     1.7  rostralanteriorcingulate
 9938  10079  23435  2.635 0.717     0.179     0.040      211    18.1  rostralmiddlefrontal
14049  12560  33133  2.955 0.658     0.168     0.044     7276    26.2  superiorfrontal
10455   9557  22958  2.680 0.633     0.156     0.037      206    17.1  superiorparietal
 6886   6121  15706  2.922 0.718     0.170     0.054    26208    12.6  superiortemporal
 9424   8555  21154  2.786 0.719     0.170     0.047      320    19.1  supramarginal
  553    697   1864  3.210 0.891     0.228     0.059       12     1.4  frontalpole
  898   1293   3867  3.809 0.812     0.256     0.058       24     2.6  temporalpole
  742    780   1611  2.580 0.469     0.167     0.042        7     1.2  transversetemporal
 3730   2450   7980  3.223 0.702     0.155     0.052      101     8.6  insula
#-----------------------------------------
#@# Parcellation Stats 2 rh Sat Mar 14 12:58:16 CET 2026
/out/sourcedata/freesurfer/sub-v2s9x29156_ses-1/scripts

 mris_anatomical_stats -th3 -mgz -noglobal -cortex ../label/rh.cortex.label -f ../stats/rh.aparc.a2009s.stats -b -a ../label/rh.aparc.a2009s.annot -c ../label/aparc.annot.a2009s.ctab sub-v2s9x29156_ses-1 rh white 

computing statistics for each annotation in ../label/rh.aparc.a2009s.annot.
reading volume /out/sourcedata/freesurfer/sub-v2s9x29156_ses-1/mri/wm.mgz...
reading input surface /out/sourcedata/freesurfer/sub-v2s9x29156_ses-1/surf/rh.white...
reading input pial surface /out/sourcedata/freesurfer/sub-v2s9x29156_ses-1/surf/rh.pial...
reading input white surface /out/sourcedata/freesurfer/sub-v2s9x29156_ses-1/surf/rh.white...
INFO: using TH3 volume calc
INFO: assuming MGZ format for volumes.
INFO: not computing global stats
INFO: using ../label/rh.cortex.label as mask to calc cortex NumVert, SurfArea and MeanThickness.
Using TH3 vertex volume calc
Total face volume 369153
Total vertex volume 368942 (mask=0)
Saving annotation colortable ../label/aparc.annot.a2009s.ctab

table columns are:
    number of vertices
    total surface area (mm^2)
    total gray matter volume (mm^3)
    average cortical thickness +- standard deviation (mm)
    integrated rectified mean curvature
    integrated rectified Gaussian curvature
    folding index
    intrinsic curvature index
    structure name

 1084    807   2401  2.626 0.829     0.137     0.033       15     1.7  G_and_S_frontomargin
 1600   1172   4397  2.936 0.690     0.116     0.019       19     1.3  G_and_S_occipital_inf
 2093   1421   5326  2.977 0.686     0.121     0.028       23     2.4  G_and_S_paracentral
 1672   1125   3834  2.854 0.736     0.107     0.021       18     1.2  G_and_S_subcentral
 1538   1199   4256  2.663 0.669     0.145     0.034       31     2.6  G_and_S_transv_frontopol
 3468   2412   6876  2.796 0.544     0.116     0.023       38     3.6  G_and_S_cingul-Ant
 1578   1071   3211  3.039 0.650     0.100     0.018       11     1.3  G_and_S_cingul-Mid-Ant
 2188   1482   4349  2.760 0.560     0.112     0.021       21     1.8  G_and_S_cingul-Mid-Post
  796    600   2871  3.346 0.885     0.154     0.038       14     1.4  G_cingul-Post-dorsal
  529    399   1515  2.662 0.859     0.137     0.036        8     0.7  G_cingul-Post-ventral
 2352   1727   5216  2.523 0.805     0.146     0.034       30     3.5  G_cuneus
 1465   1059   3707  2.691 0.639     0.115     0.025       19     1.5  G_front_inf-Opercular
  449    323   1373  2.909 0.594     0.142     0.033        7     0.7  G_front_inf-Orbital
 1254    910   3682  2.759 0.779     0.127     0.026       20     1.5  G_front_inf-Triangul
 4829   3729  16019  3.047 0.720     0.145     0.034       87     7.9  G_front_middle
 9540   6673  25454  3.001 0.669     0.126     0.027      123    10.2  G_front_sup
  822    565   1881  3.225 0.690     0.116     0.034        9     1.0  G_Ins_lg_and_S_cent_ins
  804    569   2541  3.480 0.913     0.128     0.036       10     1.2  G_insular_short
 2923   2162   8526  2.873 0.671     0.143     0.029       47     3.7  G_occipital_middle
 1723   1238   4247  2.640 0.630     0.139     0.031       24     2.2  G_occipital_sup
 2406   1686   6560  2.978 0.629     0.129     0.029       36     2.8  G_oc-temp_lat-fusifor
 3797   2663   8988  2.633 0.784     0.131     0.032       53     4.9  G_oc-temp_med-Lingual
 1230    798   3272  2.862 0.869     0.103     0.028       11     1.1  G_oc-temp_med-Parahip
 3270   2466  10593  3.084 0.711     0.137     0.035       55     4.7  G_orbital
 4496   3318  14312  3.051 0.750     0.136     0.029       78     6.1  G_pariet_inf-Angular
 4822   3547  12919  2.858 0.731     0.133     0.027       68     5.9  G_pariet_inf-Supramar
 3716   2651   9835  2.814 0.640     0.118     0.026       46     3.9  G_parietal_sup
 2948   2071   5476  2.099 0.778     0.123     0.028       35     4.0  G_postcentral
 2965   2062   8286  2.934 0.615     0.111     0.022       29     2.6  G_precentral
 3868   2664  10230  2.939 0.657     0.124     0.027       50     4.6  G_precuneus
  976    787   3081  2.811 0.669     0.167     0.050       19     2.3  G_rectus
  692    464   1012  2.091 0.714     0.120     0.043        7     1.4  G_subcallosal
  589    405   1421  2.615 0.510     0.104     0.020        7     0.4  G_temp_sup-G_T_transv
 2134   1483   6767  3.169 0.654     0.115     0.025       27     2.2  G_temp_sup-Lateral
 1184    752   2527  2.986 0.971     0.078     0.015        4     0.7  G_temp_sup-Plan_polar
 1494    964   3077  2.798 0.660     0.073     0.011        7     0.7  G_temp_sup-Plan_tempo
 3113   2454  11424  3.287 0.723     0.143     0.032       55     4.3  G_temporal_inf
 3888   2699  12419  3.165 0.753     0.118     0.022       55     3.4  G_temporal_middle
  599    384    766  2.318 0.566     0.069     0.008        2     0.2  Lat_Fis-ant-Horizont
  504    319    794  2.773 0.638     0.066     0.009        1     0.1  Lat_Fis-ant-Vertical
 2118   1281   2613  2.421 0.850     0.103     0.031       27     1.9  Lat_Fis-post
 4261   3050   8033  2.298 0.604     0.158     0.041       67     7.7  Pole_occipital
 2188   1722   8766  3.374 0.876     0.139     0.031       36     3.1  Pole_temporal
 3600   2680   5754  2.434 0.780     0.139     0.031       41     5.7  S_calcarine
 3489   2246   3767  1.987 0.526     0.083     0.013       16     2.0  S_central
 1752   1236   2947  2.558 0.526     0.111     0.022       18     2.2  S_cingul-Marginalis
  806    531   1234  2.890 0.677     0.100     0.016        4     0.6  S_circular_insula_ant
 1325    868   2087  3.083 0.720     0.083     0.014        5     0.8  S_circular_insula_inf
 1635   1049   2451  3.041 0.472     0.094     0.015        8     1.1  S_circular_insula_sup
 1260    839   2238  2.757 0.536     0.087     0.012        6     0.7  S_collat_transv_ant
  532    368    811  2.575 0.446     0.112     0.019        4     0.4  S_collat_transv_post
 2531   1709   4480  2.835 0.611     0.102     0.018       17     2.1  S_front_inf
 2595   1754   3853  2.263 0.568     0.099     0.018       16     2.1  S_front_middle
 3441   2280   5621  2.591 0.674     0.096     0.015       18     2.3  S_front_sup
  737    490   1176  2.926 0.640     0.086     0.015        3     0.4  S_interm_prim-Jensen
 4799   3303   9063  2.741 0.602     0.107     0.018       40     3.8  S_intrapariet_and_P_trans
 1493    984   2075  2.553 0.517     0.103     0.021        9     1.3  S_oc_middle_and_Lunatus
 1603   1049   2423  2.524 0.435     0.098     0.014        9     1.0  S_oc_sup_and_transversal
 1194    773   1943  2.824 0.390     0.079     0.012        5     0.6  S_occipital_ant
 1787   1146   2761  2.731 0.450     0.088     0.014        7     1.1  S_oc-temp_lat
 2731   1874   4085  2.549 0.542     0.105     0.018       18     2.2  S_oc-temp_med_and_Lingual
  601    413    999  2.655 0.484     0.112     0.022        4     0.5  S_orbital_lateral
 1276    844   1714  2.281 0.770     0.107     0.023        9     1.4  S_orbital_med-olfact
 1742   1196   3389  2.957 0.588     0.104     0.017       14     1.4  S_orbital-H_Shaped
 3248   2149   5316  2.792 0.646     0.103     0.016       25     2.4  S_parieto_occipital
 1865   1156   1453  1.517 0.390     0.094     0.012       18     0.9  S_pericallosal
 3839   2551   5372  2.280 0.531     0.101     0.019       28     3.3  S_postcentral
 2187   1421   3403  2.622 0.481     0.087     0.012       11     1.1  S_precentral-inf-part
 1759   1125   2755  2.644 0.652     0.083     0.012        7     0.9  S_precentral-sup-part
  511    342    762  2.481 0.576     0.099     0.012        3     0.3  S_suborbital
 1846   1232   3225  2.671 0.478     0.099     0.016       14     1.3  S_subparietal
 1941   1282   2974  2.853 0.484     0.099     0.015        9     1.4  S_temporal_inf
 8079   5327  13344  2.779 0.538     0.090     0.014       43     5.0  S_temporal_sup
  500    339    613  2.359 0.271     0.105     0.010        3     0.2  S_temporal_transverse
#-----------------------------------------
#@# Parcellation Stats 3 rh Sat Mar 14 12:58:27 CET 2026
/out/sourcedata/freesurfer/sub-v2s9x29156_ses-1/scripts

 mris_anatomical_stats -th3 -mgz -noglobal -cortex ../label/rh.cortex.label -f ../stats/rh.aparc.DKTatlas.stats -b -a ../label/rh.aparc.DKTatlas.annot -c ../label/aparc.annot.DKTatlas.ctab sub-v2s9x29156_ses-1 rh white 

computing statistics for each annotation in ../label/rh.aparc.DKTatlas.annot.
reading volume /out/sourcedata/freesurfer/sub-v2s9x29156_ses-1/mri/wm.mgz...
reading input surface /out/sourcedata/freesurfer/sub-v2s9x29156_ses-1/surf/rh.white...
reading input pial surface /out/sourcedata/freesurfer/sub-v2s9x29156_ses-1/surf/rh.pial...
reading input white surface /out/sourcedata/freesurfer/sub-v2s9x29156_ses-1/surf/rh.white...
INFO: using TH3 volume calc
INFO: assuming MGZ format for volumes.
INFO: not computing global stats
INFO: using ../label/rh.cortex.label as mask to calc cortex NumVert, SurfArea and MeanThickness.
Using TH3 vertex volume calc
Total face volume 369153
Total vertex volume 368942 (mask=0)
Saving annotation colortable ../label/aparc.annot.DKTatlas.ctab

table columns are:
    number of vertices
    total surface area (mm^2)
    total gray matter volume (mm^3)
    average cortical thickness +- standard deviation (mm)
    integrated rectified mean curvature
    integrated rectified Gaussian curvature
    folding index
    intrinsic curvature index
    structure name

 1097    717   1699  2.161 0.700     0.110     0.015       13     0.7  caudalanteriorcingulate
 4574   3089  10444  2.956 0.678     0.107     0.020       37     3.8  caudalmiddlefrontal
 3299   2300   7030  2.610 0.707     0.127     0.027       38     3.9  cuneus
  730    476   2387  3.220 0.938     0.098     0.029        8     0.6  entorhinal
 5233   3588  10934  2.810 0.600     0.114     0.022       51     4.9  fusiform
11431   8053  26656  2.871 0.632     0.116     0.022      126    11.4  inferiorparietal
 6686   4911  18865  3.065 0.663     0.120     0.024       82     7.1  inferiortemporal
 2013   1392   3989  2.401 0.944     0.109     0.022       20     1.7  isthmuscingulate
 9710   6828  20601  2.634 0.621     0.130     0.028      113    11.5  lateraloccipital
 5322   3852  12786  2.843 0.797     0.127     0.030       66     7.1  lateralorbitofrontal
 5990   4271  12555  2.507 0.771     0.137     0.035       84     9.2  lingual
 2635   1955   6117  2.626 0.737     0.133     0.037       34     4.6  medialorbitofrontal
 7682   5266  19041  2.938 0.725     0.106     0.019       79     6.3  middletemporal
 1223    803   2271  2.542 0.620     0.096     0.019        8     0.8  parahippocampal
 3668   2419   7835  2.870 0.603     0.107     0.022       34     3.4  paracentral
 2786   1895   5700  2.787 0.614     0.100     0.017       24     1.9  parsopercularis
 1306    894   3327  2.909 0.586     0.116     0.025       15     1.3  parsorbitalis
 2865   1991   6489  2.734 0.693     0.108     0.019       28     2.5  parstriangularis
 2709   1962   3731  2.215 0.712     0.137     0.031       30     3.5  pericalcarine
 9153   6096  15072  2.215 0.789     0.108     0.025       98     9.1  postcentral
 2709   1903   5379  2.481 0.897     0.124     0.026       36     3.4  posteriorcingulate
 8048   5362  15963  2.655 0.648     0.099     0.017       58     6.0  precentral
 8818   6107  19016  2.854 0.643     0.117     0.023       89     9.1  precuneus
 1208    797   2040  2.524 0.686     0.101     0.018       11     1.0  rostralanteriorcingulate
 7042   5215  16973  2.671 0.711     0.130     0.029       99     9.3  rostralmiddlefrontal
17560  12335  41303  2.873 0.684     0.120     0.025      204    19.0  superiorfrontal
 8922   6181  19360  2.690 0.618     0.112     0.021       91     8.1  superiorparietal
 8973   6013  21799  3.011 0.759     0.098     0.018       71     6.7  superiortemporal
 8956   6318  20359  2.791 0.725     0.116     0.022       98     9.1  supramarginal
  718    509   1591  2.583 0.475     0.100     0.018        7     0.5  transversetemporal
 3603   2394   7631  3.217 0.709     0.104     0.023       28     3.3  insula
/out/sourcedata/freesurfer/sub-v2s9x29156_ses-1/label
#--------------------------------------------
#@# BA_exvivo Labels rh Sat Mar 14 12:58:38 CET 2026

 mri_label2label --srcsubject fsaverage --srclabel /out/sourcedata/freesurfer/fsaverage/label/rh.BA1_exvivo.label --trgsubject sub-v2s9x29156_ses-1 --trglabel ./rh.BA1_exvivo.label --hemi rh --regmethod surface 


srclabel = /out/sourcedata/freesurfer/fsaverage/label/rh.BA1_exvivo.label
srcsubject = fsaverage
trgsubject = sub-v2s9x29156_ses-1
trglabel = ./rh.BA1_exvivo.label
regmethod = surface

srchemi = rh
trghemi = rh
trgsurface = white
srcsurfreg = sphere.reg
trgsurfreg = sphere.reg
usehash = 1
Use ProjAbs  = 0, 0
Use ProjFrac = 0, 0
DoPaint 0

SUBJECTS_DIR    /out/sourcedata/freesurfer
FREESURFER_HOME /opt/freesurfer
Loading source label.
Found 3962 points in source label.
Starting surface-based mapping
Reading source registration 
 /out/sourcedata/freesurfer/fsaverage/surf/rh.sphere.reg
Rescaling ...  original radius = 100
Reading target surface 
 /out/sourcedata/freesurfer/sub-v2s9x29156_ses-1/surf/rh.white
Reading target registration 
 /out/sourcedata/freesurfer/sub-v2s9x29156_ses-1/surf/rh.sphere.reg
Rescaling ...  original radius = 100
Building target registration hash (res=16).
Building source registration hash (res=16).
INFO: found  3962 nlabel points
Performing mapping from target back to the source label 176230
Number of reverse mapping hits = 555
Checking for and removing duplicates
Writing label file ./rh.BA1_exvivo.label 4517
mri_label2label: Done


 mri_label2label --srcsubject fsaverage --srclabel /out/sourcedata/freesurfer/fsaverage/label/rh.BA2_exvivo.label --trgsubject sub-v2s9x29156_ses-1 --trglabel ./rh.BA2_exvivo.label --hemi rh --regmethod surface 


srclabel = /out/sourcedata/freesurfer/fsaverage/label/rh.BA2_exvivo.label
srcsubject = fsaverage
trgsubject = sub-v2s9x29156_ses-1
trglabel = ./rh.BA2_exvivo.label
regmethod = surface

srchemi = rh
trghemi = rh
trgsurface = white
srcsurfreg = sphere.reg
trgsurfreg = sphere.reg
usehash = 1
Use ProjAbs  = 0, 0
Use ProjFrac = 0, 0
DoPaint 0

SUBJECTS_DIR    /out/sourcedata/freesurfer
FREESURFER_HOME /opt/freesurfer
Loading source label.
Found 6687 points in source label.
Starting surface-based mapping
Reading source registration 
 /out/sourcedata/freesurfer/fsaverage/surf/rh.sphere.reg
Rescaling ...  original radius = 100
Reading target surface 
 /out/sourcedata/freesurfer/sub-v2s9x29156_ses-1/surf/rh.white
Reading target registration 
 /out/sourcedata/freesurfer/sub-v2s9x29156_ses-1/surf/rh.sphere.reg
Rescaling ...  original radius = 100
Building target registration hash (res=16).
Building source registration hash (res=16).
INFO: found  6687 nlabel points
Performing mapping from target back to the source label 176230
Number of reverse mapping hits = 906
Checking for and removing duplicates
Writing label file ./rh.BA2_exvivo.label 7593
mri_label2label: Done


 mri_label2label --srcsubject fsaverage --srclabel /out/sourcedata/freesurfer/fsaverage/label/rh.BA3a_exvivo.label --trgsubject sub-v2s9x29156_ses-1 --trglabel ./rh.BA3a_exvivo.label --hemi rh --regmethod surface 


srclabel = /out/sourcedata/freesurfer/fsaverage/label/rh.BA3a_exvivo.label
srcsubject = fsaverage
trgsubject = sub-v2s9x29156_ses-1
trglabel = ./rh.BA3a_exvivo.label
regmethod = surface

srchemi = rh
trghemi = rh
trgsurface = white
srcsurfreg = sphere.reg
trgsurfreg = sphere.reg
usehash = 1
Use ProjAbs  = 0, 0
Use ProjFrac = 0, 0
DoPaint 0

SUBJECTS_DIR    /out/sourcedata/freesurfer
FREESURFER_HOME /opt/freesurfer
Loading source label.
Found 3980 points in source label.
Starting surface-based mapping
Reading source registration 
 /out/sourcedata/freesurfer/fsaverage/surf/rh.sphere.reg
Rescaling ...  original radius = 100
Reading target surface 
 /out/sourcedata/freesurfer/sub-v2s9x29156_ses-1/surf/rh.white
Reading target registration 
 /out/sourcedata/freesurfer/sub-v2s9x29156_ses-1/surf/rh.sphere.reg
Rescaling ...  original radius = 100
Building target registration hash (res=16).
Building source registration hash (res=16).
INFO: found  3980 nlabel points
Performing mapping from target back to the source label 176230
Number of reverse mapping hits = 154
Checking for and removing duplicates
Writing label file ./rh.BA3a_exvivo.label 4134
mri_label2label: Done


 mri_label2label --srcsubject fsaverage --srclabel /out/sourcedata/freesurfer/fsaverage/label/rh.BA3b_exvivo.label --trgsubject sub-v2s9x29156_ses-1 --trglabel ./rh.BA3b_exvivo.label --hemi rh --regmethod surface 


srclabel = /out/sourcedata/freesurfer/fsaverage/label/rh.BA3b_exvivo.label
srcsubject = fsaverage
trgsubject = sub-v2s9x29156_ses-1
trglabel = ./rh.BA3b_exvivo.label
regmethod = surface

srchemi = rh
trghemi = rh
trgsurface = white
srcsurfreg = sphere.reg
trgsurfreg = sphere.reg
usehash = 1
Use ProjAbs  = 0, 0
Use ProjFrac = 0, 0
DoPaint 0

SUBJECTS_DIR    /out/sourcedata/freesurfer
FREESURFER_HOME /opt/freesurfer
Loading source label.
Found 4522 points in source label.
Starting surface-based mapping
Reading source registration 
 /out/sourcedata/freesurfer/fsaverage/surf/rh.sphere.reg
Rescaling ...  original radius = 100
Reading target surface 
 /out/sourcedata/freesurfer/sub-v2s9x29156_ses-1/surf/rh.white
Reading target registration 
 /out/sourcedata/freesurfer/sub-v2s9x29156_ses-1/surf/rh.sphere.reg
Rescaling ...  original radius = 100
Building target registration hash (res=16).
Building source registration hash (res=16).
INFO: found  4522 nlabel points
Performing mapping from target back to the source label 176230
Number of reverse mapping hits = 384
Checking for and removing duplicates
Writing label file ./rh.BA3b_exvivo.label 4906
mri_label2label: Done


 mri_label2label --srcsubject fsaverage --srclabel /out/sourcedata/freesurfer/fsaverage/label/rh.BA4a_exvivo.label --trgsubject sub-v2s9x29156_ses-1 --trglabel ./rh.BA4a_exvivo.label --hemi rh --regmethod surface 


srclabel = /out/sourcedata/freesurfer/fsaverage/label/rh.BA4a_exvivo.label
srcsubject = fsaverage
trgsubject = sub-v2s9x29156_ses-1
trglabel = ./rh.BA4a_exvivo.label
regmethod = surface

srchemi = rh
trghemi = rh
trgsurface = white
srcsurfreg = sphere.reg
trgsurfreg = sphere.reg
usehash = 1
Use ProjAbs  = 0, 0
Use ProjFrac = 0, 0
DoPaint 0

SUBJECTS_DIR    /out/sourcedata/freesurfer
FREESURFER_HOME /opt/freesurfer
Loading source label.
Found 5747 points in source label.
Starting surface-based mapping
Reading source registration 
 /out/sourcedata/freesurfer/fsaverage/surf/rh.sphere.reg
Rescaling ...  original radius = 100
Reading target surface 
 /out/sourcedata/freesurfer/sub-v2s9x29156_ses-1/surf/rh.white
Reading target registration 
 /out/sourcedata/freesurfer/sub-v2s9x29156_ses-1/surf/rh.sphere.reg
Rescaling ...  original radius = 100
Building target registration hash (res=16).
Building source registration hash (res=16).
INFO: found  5747 nlabel points
Performing mapping from target back to the source label 176230
Number of reverse mapping hits = 657
Checking for and removing duplicates
Writing label file ./rh.BA4a_exvivo.label 6404
mri_label2label: Done


 mri_label2label --srcsubject fsaverage --srclabel /out/sourcedata/freesurfer/fsaverage/label/rh.BA4p_exvivo.label --trgsubject sub-v2s9x29156_ses-1 --trglabel ./rh.BA4p_exvivo.label --hemi rh --regmethod surface 


srclabel = /out/sourcedata/freesurfer/fsaverage/label/rh.BA4p_exvivo.label
srcsubject = fsaverage
trgsubject = sub-v2s9x29156_ses-1
trglabel = ./rh.BA4p_exvivo.label
regmethod = surface

srchemi = rh
trghemi = rh
trgsurface = white
srcsurfreg = sphere.reg
trgsurfreg = sphere.reg
usehash = 1
Use ProjAbs  = 0, 0
Use ProjFrac = 0, 0
DoPaint 0

SUBJECTS_DIR    /out/sourcedata/freesurfer
FREESURFER_HOME /opt/freesurfer
Loading source label.
Found 4473 points in source label.
Starting surface-based mapping
Reading source registration 
 /out/sourcedata/freesurfer/fsaverage/surf/rh.sphere.reg
Rescaling ...  original radius = 100
Reading target surface 
 /out/sourcedata/freesurfer/sub-v2s9x29156_ses-1/surf/rh.white
Reading target registration 
 /out/sourcedata/freesurfer/sub-v2s9x29156_ses-1/surf/rh.sphere.reg
Rescaling ...  original radius = 100
Building target registration hash (res=16).
Building source registration hash (res=16).
INFO: found  4473 nlabel points
Performing mapping from target back to the source label 176230
Number of reverse mapping hits = 263
Checking for and removing duplicates
Writing label file ./rh.BA4p_exvivo.label 4736
mri_label2label: Done


 mri_label2label --srcsubject fsaverage --srclabel /out/sourcedata/freesurfer/fsaverage/label/rh.BA6_exvivo.label --trgsubject sub-v2s9x29156_ses-1 --trglabel ./rh.BA6_exvivo.label --hemi rh --regmethod surface 


srclabel = /out/sourcedata/freesurfer/fsaverage/label/rh.BA6_exvivo.label
srcsubject = fsaverage
trgsubject = sub-v2s9x29156_ses-1
trglabel = ./rh.BA6_exvivo.label
regmethod = surface

srchemi = rh
trghemi = rh
trgsurface = white
srcsurfreg = sphere.reg
trgsurfreg = sphere.reg
usehash = 1
Use ProjAbs  = 0, 0
Use ProjFrac = 0, 0
DoPaint 0

SUBJECTS_DIR    /out/sourcedata/freesurfer
FREESURFER_HOME /opt/freesurfer
Loading source label.
Found 12256 points in source label.
Starting surface-based mapping
Reading source registration 
 /out/sourcedata/freesurfer/fsaverage/surf/rh.sphere.reg
Rescaling ...  original radius = 100
Reading target surface 
 /out/sourcedata/freesurfer/sub-v2s9x29156_ses-1/surf/rh.white
Reading target registration 
 /out/sourcedata/freesurfer/sub-v2s9x29156_ses-1/surf/rh.sphere.reg
Rescaling ...  original radius = 100
Building target registration hash (res=16).
Building source registration hash (res=16).
INFO: found  12256 nlabel points
Performing mapping from target back to the source label 176230
Number of reverse mapping hits = 2045
Checking for and removing duplicates
Writing label file ./rh.BA6_exvivo.label 14301
mri_label2label: Done


 mri_label2label --srcsubject fsaverage --srclabel /out/sourcedata/freesurfer/fsaverage/label/rh.BA44_exvivo.label --trgsubject sub-v2s9x29156_ses-1 --trglabel ./rh.BA44_exvivo.label --hemi rh --regmethod surface 


srclabel = /out/sourcedata/freesurfer/fsaverage/label/rh.BA44_exvivo.label
srcsubject = fsaverage
trgsubject = sub-v2s9x29156_ses-1
trglabel = ./rh.BA44_exvivo.label
regmethod = surface

srchemi = rh
trghemi = rh
trgsurface = white
srcsurfreg = sphere.reg
trgsurfreg = sphere.reg
usehash = 1
Use ProjAbs  = 0, 0
Use ProjFrac = 0, 0
DoPaint 0

SUBJECTS_DIR    /out/sourcedata/freesurfer
FREESURFER_HOME /opt/freesurfer
Loading source label.
Found 6912 points in source label.
Starting surface-based mapping
Reading source registration 
 /out/sourcedata/freesurfer/fsaverage/surf/rh.sphere.reg
Rescaling ...  original radius = 100
Reading target surface 
 /out/sourcedata/freesurfer/sub-v2s9x29156_ses-1/surf/rh.white
Reading target registration 
 /out/sourcedata/freesurfer/sub-v2s9x29156_ses-1/surf/rh.sphere.reg
Rescaling ...  original radius = 100
Building target registration hash (res=16).
Building source registration hash (res=16).
INFO: found  6912 nlabel points
Performing mapping from target back to the source label 176230
Number of reverse mapping hits = 1001
Checking for and removing duplicates
Writing label file ./rh.BA44_exvivo.label 7913
mri_label2label: Done


 mri_label2label --srcsubject fsaverage --srclabel /out/sourcedata/freesurfer/fsaverage/label/rh.BA45_exvivo.label --trgsubject sub-v2s9x29156_ses-1 --trglabel ./rh.BA45_exvivo.label --hemi rh --regmethod surface 


srclabel = /out/sourcedata/freesurfer/fsaverage/label/rh.BA45_exvivo.label
srcsubject = fsaverage
trgsubject = sub-v2s9x29156_ses-1
trglabel = ./rh.BA45_exvivo.label
regmethod = surface

srchemi = rh
trghemi = rh
trgsurface = white
srcsurfreg = sphere.reg
trgsurfreg = sphere.reg
usehash = 1
Use ProjAbs  = 0, 0
Use ProjFrac = 0, 0
DoPaint 0

SUBJECTS_DIR    /out/sourcedata/freesurfer
FREESURFER_HOME /opt/freesurfer
Loading source label.
Found 5355 points in source label.
Starting surface-based mapping
Reading source registration 
 /out/sourcedata/freesurfer/fsaverage/surf/rh.sphere.reg
Rescaling ...  original radius = 100
Reading target surface 
 /out/sourcedata/freesurfer/sub-v2s9x29156_ses-1/surf/rh.white
Reading target registration 
 /out/sourcedata/freesurfer/sub-v2s9x29156_ses-1/surf/rh.sphere.reg
Rescaling ...  original radius = 100
Building target registration hash (res=16).
Building source registration hash (res=16).
INFO: found  5355 nlabel points
Performing mapping from target back to the source label 176230
Number of reverse mapping hits = 1290
Checking for and removing duplicates
Writing label file ./rh.BA45_exvivo.label 6645
mri_label2label: Done


 mri_label2label --srcsubject fsaverage --srclabel /out/sourcedata/freesurfer/fsaverage/label/rh.V1_exvivo.label --trgsubject sub-v2s9x29156_ses-1 --trglabel ./rh.V1_exvivo.label --hemi rh --regmethod surface 


srclabel = /out/sourcedata/freesurfer/fsaverage/label/rh.V1_exvivo.label
srcsubject = fsaverage
trgsubject = sub-v2s9x29156_ses-1
trglabel = ./rh.V1_exvivo.label
regmethod = surface

srchemi = rh
trghemi = rh
trgsurface = white
srcsurfreg = sphere.reg
trgsurfreg = sphere.reg
usehash = 1
Use ProjAbs  = 0, 0
Use ProjFrac = 0, 0
DoPaint 0

SUBJECTS_DIR    /out/sourcedata/freesurfer
FREESURFER_HOME /opt/freesurfer
Loading source label.
Found 4727 points in source label.
Starting surface-based mapping
Reading source registration 
 /out/sourcedata/freesurfer/fsaverage/surf/rh.sphere.reg
Rescaling ...  original radius = 100
Reading target surface 
 /out/sourcedata/freesurfer/sub-v2s9x29156_ses-1/surf/rh.white
Reading target registration 
 /out/sourcedata/freesurfer/sub-v2s9x29156_ses-1/surf/rh.sphere.reg
Rescaling ...  original radius = 100
Building target registration hash (res=16).
Building source registration hash (res=16).
INFO: found  4727 nlabel points
Performing mapping from target back to the source label 176230
Number of reverse mapping hits = 2240
Checking for and removing duplicates
Writing label file ./rh.V1_exvivo.label 6967
mri_label2label: Done


 mri_label2label --srcsubject fsaverage --srclabel /out/sourcedata/freesurfer/fsaverage/label/rh.V2_exvivo.label --trgsubject sub-v2s9x29156_ses-1 --trglabel ./rh.V2_exvivo.label --hemi rh --regmethod surface 


srclabel = /out/sourcedata/freesurfer/fsaverage/label/rh.V2_exvivo.label
srcsubject = fsaverage
trgsubject = sub-v2s9x29156_ses-1
trglabel = ./rh.V2_exvivo.label
regmethod = surface

srchemi = rh
trghemi = rh
trgsurface = white
srcsurfreg = sphere.reg
trgsurfreg = sphere.reg
usehash = 1
Use ProjAbs  = 0, 0
Use ProjFrac = 0, 0
DoPaint 0

SUBJECTS_DIR    /out/sourcedata/freesurfer
FREESURFER_HOME /opt/freesurfer
Loading source label.
Found 8016 points in source label.
Starting surface-based mapping
Reading source registration 
 /out/sourcedata/freesurfer/fsaverage/surf/rh.sphere.reg
Rescaling ...  original radius = 100
Reading target surface 
 /out/sourcedata/freesurfer/sub-v2s9x29156_ses-1/surf/rh.white
Reading target registration 
 /out/sourcedata/freesurfer/sub-v2s9x29156_ses-1/surf/rh.sphere.reg
Rescaling ...  original radius = 100
Building target registration hash (res=16).
Building source registration hash (res=16).
INFO: found  8016 nlabel points
Performing mapping from target back to the source label 176230
Number of reverse mapping hits = 4026
Checking for and removing duplicates
Writing label file ./rh.V2_exvivo.label 12042
mri_label2label: Done


 mri_label2label --srcsubject fsaverage --srclabel /out/sourcedata/freesurfer/fsaverage/label/rh.MT_exvivo.label --trgsubject sub-v2s9x29156_ses-1 --trglabel ./rh.MT_exvivo.label --hemi rh --regmethod surface 


srclabel = /out/sourcedata/freesurfer/fsaverage/label/rh.MT_exvivo.label
srcsubject = fsaverage
trgsubject = sub-v2s9x29156_ses-1
trglabel = ./rh.MT_exvivo.label
regmethod = surface

srchemi = rh
trghemi = rh
trgsurface = white
srcsurfreg = sphere.reg
trgsurfreg = sphere.reg
usehash = 1
Use ProjAbs  = 0, 0
Use ProjFrac = 0, 0
DoPaint 0

SUBJECTS_DIR    /out/sourcedata/freesurfer
FREESURFER_HOME /opt/freesurfer
Loading source label.
Found 1932 points in source label.
Starting surface-based mapping
Reading source registration 
 /out/sourcedata/freesurfer/fsaverage/surf/rh.sphere.reg
Rescaling ...  original radius = 100
Reading target surface 
 /out/sourcedata/freesurfer/sub-v2s9x29156_ses-1/surf/rh.white
Reading target registration 
 /out/sourcedata/freesurfer/sub-v2s9x29156_ses-1/surf/rh.sphere.reg
Rescaling ...  original radius = 100
Building target registration hash (res=16).
Building source registration hash (res=16).
INFO: found  1932 nlabel points
Performing mapping from target back to the source label 176230
Number of reverse mapping hits = 1186
Checking for and removing duplicates
Writing label file ./rh.MT_exvivo.label 3118
mri_label2label: Done


 mri_label2label --srcsubject fsaverage --srclabel /out/sourcedata/freesurfer/fsaverage/label/rh.entorhinal_exvivo.label --trgsubject sub-v2s9x29156_ses-1 --trglabel ./rh.entorhinal_exvivo.label --hemi rh --regmethod surface 


srclabel = /out/sourcedata/freesurfer/fsaverage/label/rh.entorhinal_exvivo.label
srcsubject = fsaverage
trgsubject = sub-v2s9x29156_ses-1
trglabel = ./rh.entorhinal_exvivo.label
regmethod = surface

srchemi = rh
trghemi = rh
trgsurface = white
srcsurfreg = sphere.reg
trgsurfreg = sphere.reg
usehash = 1
Use ProjAbs  = 0, 0
Use ProjFrac = 0, 0
DoPaint 0

SUBJECTS_DIR    /out/sourcedata/freesurfer
FREESURFER_HOME /opt/freesurfer
Loading source label.
Found 1038 points in source label.
Starting surface-based mapping
Reading source registration 
 /out/sourcedata/freesurfer/fsaverage/surf/rh.sphere.reg
Rescaling ...  original radius = 100
Reading target surface 
 /out/sourcedata/freesurfer/sub-v2s9x29156_ses-1/surf/rh.white
Reading target registration 
 /out/sourcedata/freesurfer/sub-v2s9x29156_ses-1/surf/rh.sphere.reg
Rescaling ...  original radius = 100
Building target registration hash (res=16).
Building source registration hash (res=16).
INFO: found  1038 nlabel points
Performing mapping from target back to the source label 176230
Number of reverse mapping hits = 141
Checking for and removing duplicates
Writing label file ./rh.entorhinal_exvivo.label 1179
mri_label2label: Done


 mri_label2label --srcsubject fsaverage --srclabel /out/sourcedata/freesurfer/fsaverage/label/rh.perirhinal_exvivo.label --trgsubject sub-v2s9x29156_ses-1 --trglabel ./rh.perirhinal_exvivo.label --hemi rh --regmethod surface 


srclabel = /out/sourcedata/freesurfer/fsaverage/label/rh.perirhinal_exvivo.label
srcsubject = fsaverage
trgsubject = sub-v2s9x29156_ses-1
trglabel = ./rh.perirhinal_exvivo.label
regmethod = surface

srchemi = rh
trghemi = rh
trgsurface = white
srcsurfreg = sphere.reg
trgsurfreg = sphere.reg
usehash = 1
Use ProjAbs  = 0, 0
Use ProjFrac = 0, 0
DoPaint 0

SUBJECTS_DIR    /out/sourcedata/freesurfer
FREESURFER_HOME /opt/freesurfer
Loading source label.
Found 752 points in source label.
Starting surface-based mapping
Reading source registration 
 /out/sourcedata/freesurfer/fsaverage/surf/rh.sphere.reg
Rescaling ...  original radius = 100
Reading target surface 
 /out/sourcedata/freesurfer/sub-v2s9x29156_ses-1/surf/rh.white
Reading target registration 
 /out/sourcedata/freesurfer/sub-v2s9x29156_ses-1/surf/rh.sphere.reg
Rescaling ...  original radius = 100
Building target registration hash (res=16).
Building source registration hash (res=16).
INFO: found  752 nlabel points
Performing mapping from target back to the source label 176230
Number of reverse mapping hits = 116
Checking for and removing duplicates
Writing label file ./rh.perirhinal_exvivo.label 868
mri_label2label: Done


 mri_label2label --srcsubject fsaverage --srclabel /out/sourcedata/freesurfer/fsaverage/label/rh.FG1.mpm.vpnl.label --trgsubject sub-v2s9x29156_ses-1 --trglabel ./rh.FG1.mpm.vpnl.label --hemi rh --regmethod surface 


srclabel = /out/sourcedata/freesurfer/fsaverage/label/rh.FG1.mpm.vpnl.label
srcsubject = fsaverage
trgsubject = sub-v2s9x29156_ses-1
trglabel = ./rh.FG1.mpm.vpnl.label
regmethod = surface

srchemi = rh
trghemi = rh
trgsurface = white
srcsurfreg = sphere.reg
trgsurfreg = sphere.reg
usehash = 1
Use ProjAbs  = 0, 0
Use ProjFrac = 0, 0
DoPaint 0

SUBJECTS_DIR    /out/sourcedata/freesurfer
FREESURFER_HOME /opt/freesurfer
Loading source label.
Found 541 points in source label.
Starting surface-based mapping
Reading source registration 
 /out/sourcedata/freesurfer/fsaverage/surf/rh.sphere.reg
Rescaling ...  original radius = 100
Reading target surface 
 /out/sourcedata/freesurfer/sub-v2s9x29156_ses-1/surf/rh.white
Reading target registration 
 /out/sourcedata/freesurfer/sub-v2s9x29156_ses-1/surf/rh.sphere.reg
Rescaling ...  original radius = 100
Building target registration hash (res=16).
Building source registration hash (res=16).
INFO: found  541 nlabel points
Performing mapping from target back to the source label 176230
Number of reverse mapping hits = 326
Checking for and removing duplicates
Writing label file ./rh.FG1.mpm.vpnl.label 867
mri_label2label: Done


 mri_label2label --srcsubject fsaverage --srclabel /out/sourcedata/freesurfer/fsaverage/label/rh.FG2.mpm.vpnl.label --trgsubject sub-v2s9x29156_ses-1 --trglabel ./rh.FG2.mpm.vpnl.label --hemi rh --regmethod surface 


srclabel = /out/sourcedata/freesurfer/fsaverage/label/rh.FG2.mpm.vpnl.label
srcsubject = fsaverage
trgsubject = sub-v2s9x29156_ses-1
trglabel = ./rh.FG2.mpm.vpnl.label
regmethod = surface

srchemi = rh
trghemi = rh
trgsurface = white
srcsurfreg = sphere.reg
trgsurfreg = sphere.reg
usehash = 1
Use ProjAbs  = 0, 0
Use ProjFrac = 0, 0
DoPaint 0

SUBJECTS_DIR    /out/sourcedata/freesurfer
FREESURFER_HOME /opt/freesurfer
Loading source label.
Found 721 points in source label.
Starting surface-based mapping
Reading source registration 
 /out/sourcedata/freesurfer/fsaverage/surf/rh.sphere.reg
Rescaling ...  original radius = 100
Reading target surface 
 /out/sourcedata/freesurfer/sub-v2s9x29156_ses-1/surf/rh.white
Reading target registration 
 /out/sourcedata/freesurfer/sub-v2s9x29156_ses-1/surf/rh.sphere.reg
Rescaling ...  original radius = 100
Building target registration hash (res=16).
Building source registration hash (res=16).
INFO: found  721 nlabel points
Performing mapping from target back to the source label 176230
Number of reverse mapping hits = 458
Checking for and removing duplicates
Writing label file ./rh.FG2.mpm.vpnl.label 1179
mri_label2label: Done


 mri_label2label --srcsubject fsaverage --srclabel /out/sourcedata/freesurfer/fsaverage/label/rh.FG3.mpm.vpnl.label --trgsubject sub-v2s9x29156_ses-1 --trglabel ./rh.FG3.mpm.vpnl.label --hemi rh --regmethod surface 


srclabel = /out/sourcedata/freesurfer/fsaverage/label/rh.FG3.mpm.vpnl.label
srcsubject = fsaverage
trgsubject = sub-v2s9x29156_ses-1
trglabel = ./rh.FG3.mpm.vpnl.label
regmethod = surface

srchemi = rh
trghemi = rh
trgsurface = white
srcsurfreg = sphere.reg
trgsurfreg = sphere.reg
usehash = 1
Use ProjAbs  = 0, 0
Use ProjFrac = 0, 0
DoPaint 0

SUBJECTS_DIR    /out/sourcedata/freesurfer
FREESURFER_HOME /opt/freesurfer
Loading source label.
Found 1523 points in source label.
Starting surface-based mapping
Reading source registration 
 /out/sourcedata/freesurfer/fsaverage/surf/rh.sphere.reg
Rescaling ...  original radius = 100
Reading target surface 
 /out/sourcedata/freesurfer/sub-v2s9x29156_ses-1/surf/rh.white
Reading target registration 
 /out/sourcedata/freesurfer/sub-v2s9x29156_ses-1/surf/rh.sphere.reg
Rescaling ...  original radius = 100
Building target registration hash (res=16).
Building source registration hash (res=16).
INFO: found  1523 nlabel points
Performing mapping from target back to the source label 176230
Number of reverse mapping hits = 406
Checking for and removing duplicates
Writing label file ./rh.FG3.mpm.vpnl.label 1929
mri_label2label: Done


 mri_label2label --srcsubject fsaverage --srclabel /out/sourcedata/freesurfer/fsaverage/label/rh.FG4.mpm.vpnl.label --trgsubject sub-v2s9x29156_ses-1 --trglabel ./rh.FG4.mpm.vpnl.label --hemi rh --regmethod surface 


srclabel = /out/sourcedata/freesurfer/fsaverage/label/rh.FG4.mpm.vpnl.label
srcsubject = fsaverage
trgsubject = sub-v2s9x29156_ses-1
trglabel = ./rh.FG4.mpm.vpnl.label
regmethod = surface

srchemi = rh
trghemi = rh
trgsurface = white
srcsurfreg = sphere.reg
trgsurfreg = sphere.reg
usehash = 1
Use ProjAbs  = 0, 0
Use ProjFrac = 0, 0
DoPaint 0

SUBJECTS_DIR    /out/sourcedata/freesurfer
FREESURFER_HOME /opt/freesurfer
Loading source label.
Found 1586 points in source label.
Starting surface-based mapping
Reading source registration 
 /out/sourcedata/freesurfer/fsaverage/surf/rh.sphere.reg
Rescaling ...  original radius = 100
Reading target surface 
 /out/sourcedata/freesurfer/sub-v2s9x29156_ses-1/surf/rh.white
Reading target registration 
 /out/sourcedata/freesurfer/sub-v2s9x29156_ses-1/surf/rh.sphere.reg
Rescaling ...  original radius = 100
Building target registration hash (res=16).
Building source registration hash (res=16).
INFO: found  1586 nlabel points
Performing mapping from target back to the source label 176230
Number of reverse mapping hits = 802
Checking for and removing duplicates
Writing label file ./rh.FG4.mpm.vpnl.label 2388
mri_label2label: Done


 mri_label2label --srcsubject fsaverage --srclabel /out/sourcedata/freesurfer/fsaverage/label/rh.hOc1.mpm.vpnl.label --trgsubject sub-v2s9x29156_ses-1 --trglabel ./rh.hOc1.mpm.vpnl.label --hemi rh --regmethod surface 


srclabel = /out/sourcedata/freesurfer/fsaverage/label/rh.hOc1.mpm.vpnl.label
srcsubject = fsaverage
trgsubject = sub-v2s9x29156_ses-1
trglabel = ./rh.hOc1.mpm.vpnl.label
regmethod = surface

srchemi = rh
trghemi = rh
trgsurface = white
srcsurfreg = sphere.reg
trgsurfreg = sphere.reg
usehash = 1
Use ProjAbs  = 0, 0
Use ProjFrac = 0, 0
DoPaint 0

SUBJECTS_DIR    /out/sourcedata/freesurfer
FREESURFER_HOME /opt/freesurfer
Loading source label.
Found 3667 points in source label.
Starting surface-based mapping
Reading source registration 
 /out/sourcedata/freesurfer/fsaverage/surf/rh.sphere.reg
Rescaling ...  original radius = 100
Reading target surface 
 /out/sourcedata/freesurfer/sub-v2s9x29156_ses-1/surf/rh.white
Reading target registration 
 /out/sourcedata/freesurfer/sub-v2s9x29156_ses-1/surf/rh.sphere.reg
Rescaling ...  original radius = 100
Building target registration hash (res=16).
Building source registration hash (res=16).
INFO: found  3667 nlabel points
Performing mapping from target back to the source label 176230
Number of reverse mapping hits = 1707
Checking for and removing duplicates
Writing label file ./rh.hOc1.mpm.vpnl.label 5374
mri_label2label: Done


 mri_label2label --srcsubject fsaverage --srclabel /out/sourcedata/freesurfer/fsaverage/label/rh.hOc2.mpm.vpnl.label --trgsubject sub-v2s9x29156_ses-1 --trglabel ./rh.hOc2.mpm.vpnl.label --hemi rh --regmethod surface 


srclabel = /out/sourcedata/freesurfer/fsaverage/label/rh.hOc2.mpm.vpnl.label
srcsubject = fsaverage
trgsubject = sub-v2s9x29156_ses-1
trglabel = ./rh.hOc2.mpm.vpnl.label
regmethod = surface

srchemi = rh
trghemi = rh
trgsurface = white
srcsurfreg = sphere.reg
trgsurfreg = sphere.reg
usehash = 1
Use ProjAbs  = 0, 0
Use ProjFrac = 0, 0
DoPaint 0

SUBJECTS_DIR    /out/sourcedata/freesurfer
FREESURFER_HOME /opt/freesurfer
Loading source label.
Found 2719 points in source label.
Starting surface-based mapping
Reading source registration 
 /out/sourcedata/freesurfer/fsaverage/surf/rh.sphere.reg
Rescaling ...  original radius = 100
Reading target surface 
 /out/sourcedata/freesurfer/sub-v2s9x29156_ses-1/surf/rh.white
Reading target registration 
 /out/sourcedata/freesurfer/sub-v2s9x29156_ses-1/surf/rh.sphere.reg
Rescaling ...  original radius = 100
Building target registration hash (res=16).
Building source registration hash (res=16).
INFO: found  2719 nlabel points
Performing mapping from target back to the source label 176230
Number of reverse mapping hits = 1372
Checking for and removing duplicates
Writing label file ./rh.hOc2.mpm.vpnl.label 4091
mri_label2label: Done


 mri_label2label --srcsubject fsaverage --srclabel /out/sourcedata/freesurfer/fsaverage/label/rh.hOc3v.mpm.vpnl.label --trgsubject sub-v2s9x29156_ses-1 --trglabel ./rh.hOc3v.mpm.vpnl.label --hemi rh --regmethod surface 


srclabel = /out/sourcedata/freesurfer/fsaverage/label/rh.hOc3v.mpm.vpnl.label
srcsubject = fsaverage
trgsubject = sub-v2s9x29156_ses-1
trglabel = ./rh.hOc3v.mpm.vpnl.label
regmethod = surface

srchemi = rh
trghemi = rh
trgsurface = white
srcsurfreg = sphere.reg
trgsurfreg = sphere.reg
usehash = 1
Use ProjAbs  = 0, 0
Use ProjFrac = 0, 0
DoPaint 0

SUBJECTS_DIR    /out/sourcedata/freesurfer
FREESURFER_HOME /opt/freesurfer
Loading source label.
Found 1228 points in source label.
Starting surface-based mapping
Reading source registration 
 /out/sourcedata/freesurfer/fsaverage/surf/rh.sphere.reg
Rescaling ...  original radius = 100
Reading target surface 
 /out/sourcedata/freesurfer/sub-v2s9x29156_ses-1/surf/rh.white
Reading target registration 
 /out/sourcedata/freesurfer/sub-v2s9x29156_ses-1/surf/rh.sphere.reg
Rescaling ...  original radius = 100
Building target registration hash (res=16).
Building source registration hash (res=16).
INFO: found  1228 nlabel points
Performing mapping from target back to the source label 176230
Number of reverse mapping hits = 778
Checking for and removing duplicates
Writing label file ./rh.hOc3v.mpm.vpnl.label 2006
mri_label2label: Done


 mri_label2label --srcsubject fsaverage --srclabel /out/sourcedata/freesurfer/fsaverage/label/rh.hOc4v.mpm.vpnl.label --trgsubject sub-v2s9x29156_ses-1 --trglabel ./rh.hOc4v.mpm.vpnl.label --hemi rh --regmethod surface 


srclabel = /out/sourcedata/freesurfer/fsaverage/label/rh.hOc4v.mpm.vpnl.label
srcsubject = fsaverage
trgsubject = sub-v2s9x29156_ses-1
trglabel = ./rh.hOc4v.mpm.vpnl.label
regmethod = surface

srchemi = rh
trghemi = rh
trgsurface = white
srcsurfreg = sphere.reg
trgsurfreg = sphere.reg
usehash = 1
Use ProjAbs  = 0, 0
Use ProjFrac = 0, 0
DoPaint 0

SUBJECTS_DIR    /out/sourcedata/freesurfer
FREESURFER_HOME /opt/freesurfer
Loading source label.
Found 1025 points in source label.
Starting surface-based mapping
Reading source registration 
 /out/sourcedata/freesurfer/fsaverage/surf/rh.sphere.reg
Rescaling ...  original radius = 100
Reading target surface 
 /out/sourcedata/freesurfer/sub-v2s9x29156_ses-1/surf/rh.white
Reading target registration 
 /out/sourcedata/freesurfer/sub-v2s9x29156_ses-1/surf/rh.sphere.reg
Rescaling ...  original radius = 100
Building target registration hash (res=16).
Building source registration hash (res=16).
INFO: found  1025 nlabel points
Performing mapping from target back to the source label 176230
Number of reverse mapping hits = 605
Checking for and removing duplicates
Writing label file ./rh.hOc4v.mpm.vpnl.label 1630
mri_label2label: Done


 mris_label2annot --s sub-v2s9x29156_ses-1 --ctab /opt/freesurfer/average/colortable_vpnl.txt --hemi rh --a mpm.vpnl --maxstatwinner --noverbose --l rh.FG1.mpm.vpnl.label --l rh.FG2.mpm.vpnl.label --l rh.FG3.mpm.vpnl.label --l rh.FG4.mpm.vpnl.label --l rh.hOc1.mpm.vpnl.label --l rh.hOc2.mpm.vpnl.label --l rh.hOc3v.mpm.vpnl.label --l rh.hOc4v.mpm.vpnl.label 

Reading ctab /opt/freesurfer/average/colortable_vpnl.txt
Number of ctab entries 9

7.3.2
cwd /out/sourcedata/freesurfer/sub-v2s9x29156_ses-1/label
cmdline mris_label2annot --s sub-v2s9x29156_ses-1 --ctab /opt/freesurfer/average/colortable_vpnl.txt --hemi rh --a mpm.vpnl --maxstatwinner --noverbose --l rh.FG1.mpm.vpnl.label --l rh.FG2.mpm.vpnl.label --l rh.FG3.mpm.vpnl.label --l rh.FG4.mpm.vpnl.label --l rh.hOc1.mpm.vpnl.label --l rh.hOc2.mpm.vpnl.label --l rh.hOc3v.mpm.vpnl.label --l rh.hOc4v.mpm.vpnl.label 
sysname  Linux
hostname dna069
machine  x86_64
user     oesteban

subject sub-v2s9x29156_ses-1
hemi    rh
SUBJECTS_DIR /out/sourcedata/freesurfer
ColorTable /opt/freesurfer/average/colortable_vpnl.txt
AnnotName  mpm.vpnl
nlables 8
LabelThresh 0 0.000000
Loading /out/sourcedata/freesurfer/sub-v2s9x29156_ses-1/surf/rh.orig
 1 1376057 FG1
 2 16711935 FG2
 3 16711680 FG3
 4 1705837 FG4
 5 25600 hOc1
 6 255 hOc2
 7 16776960 hOc3v
 8 65535 hOc4v
Mapping unhit to unknown
Found 157108 unhit vertices
Writing annot to /out/sourcedata/freesurfer/sub-v2s9x29156_ses-1/label/rh.mpm.vpnl.annot

 mri_label2label --srcsubject fsaverage --srclabel /out/sourcedata/freesurfer/fsaverage/label/rh.BA1_exvivo.thresh.label --trgsubject sub-v2s9x29156_ses-1 --trglabel ./rh.BA1_exvivo.thresh.label --hemi rh --regmethod surface 


srclabel = /out/sourcedata/freesurfer/fsaverage/label/rh.BA1_exvivo.thresh.label
srcsubject = fsaverage
trgsubject = sub-v2s9x29156_ses-1
trglabel = ./rh.BA1_exvivo.thresh.label
regmethod = surface

srchemi = rh
trghemi = rh
trgsurface = white
srcsurfreg = sphere.reg
trgsurfreg = sphere.reg
usehash = 1
Use ProjAbs  = 0, 0
Use ProjFrac = 0, 0
DoPaint 0

SUBJECTS_DIR    /out/sourcedata/freesurfer
FREESURFER_HOME /opt/freesurfer
Loading source label.
Found 876 points in source label.
Starting surface-based mapping
Reading source registration 
 /out/sourcedata/freesurfer/fsaverage/surf/rh.sphere.reg
Rescaling ...  original radius = 100
Reading target surface 
 /out/sourcedata/freesurfer/sub-v2s9x29156_ses-1/surf/rh.white
Reading target registration 
 /out/sourcedata/freesurfer/sub-v2s9x29156_ses-1/surf/rh.sphere.reg
Rescaling ...  original radius = 100
Building target registration hash (res=16).
Building source registration hash (res=16).
INFO: found  876 nlabel points
Performing mapping from target back to the source label 176230
Number of reverse mapping hits = 146
Checking for and removing duplicates
Writing label file ./rh.BA1_exvivo.thresh.label 1022
mri_label2label: Done


 mri_label2label --srcsubject fsaverage --srclabel /out/sourcedata/freesurfer/fsaverage/label/rh.BA2_exvivo.thresh.label --trgsubject sub-v2s9x29156_ses-1 --trglabel ./rh.BA2_exvivo.thresh.label --hemi rh --regmethod surface 


srclabel = /out/sourcedata/freesurfer/fsaverage/label/rh.BA2_exvivo.thresh.label
srcsubject = fsaverage
trgsubject = sub-v2s9x29156_ses-1
trglabel = ./rh.BA2_exvivo.thresh.label
regmethod = surface

srchemi = rh
trghemi = rh
trgsurface = white
srcsurfreg = sphere.reg
trgsurfreg = sphere.reg
usehash = 1
Use ProjAbs  = 0, 0
Use ProjFrac = 0, 0
DoPaint 0

SUBJECTS_DIR    /out/sourcedata/freesurfer
FREESURFER_HOME /opt/freesurfer
Loading source label.
Found 2688 points in source label.
Starting surface-based mapping
Reading source registration 
 /out/sourcedata/freesurfer/fsaverage/surf/rh.sphere.reg
Rescaling ...  original radius = 100
Reading target surface 
 /out/sourcedata/freesurfer/sub-v2s9x29156_ses-1/surf/rh.white
Reading target registration 
 /out/sourcedata/freesurfer/sub-v2s9x29156_ses-1/surf/rh.sphere.reg
Rescaling ...  original radius = 100
Building target registration hash (res=16).
Building source registration hash (res=16).
INFO: found  2688 nlabel points
Performing mapping from target back to the source label 176230
Number of reverse mapping hits = 277
Checking for and removing duplicates
Writing label file ./rh.BA2_exvivo.thresh.label 2965
mri_label2label: Done


 mri_label2label --srcsubject fsaverage --srclabel /out/sourcedata/freesurfer/fsaverage/label/rh.BA3a_exvivo.thresh.label --trgsubject sub-v2s9x29156_ses-1 --trglabel ./rh.BA3a_exvivo.thresh.label --hemi rh --regmethod surface 


srclabel = /out/sourcedata/freesurfer/fsaverage/label/rh.BA3a_exvivo.thresh.label
srcsubject = fsaverage
trgsubject = sub-v2s9x29156_ses-1
trglabel = ./rh.BA3a_exvivo.thresh.label
regmethod = surface

srchemi = rh
trghemi = rh
trgsurface = white
srcsurfreg = sphere.reg
trgsurfreg = sphere.reg
usehash = 1
Use ProjAbs  = 0, 0
Use ProjFrac = 0, 0
DoPaint 0

SUBJECTS_DIR    /out/sourcedata/freesurfer
FREESURFER_HOME /opt/freesurfer
Loading source label.
Found 1698 points in source label.
Starting surface-based mapping
Reading source registration 
 /out/sourcedata/freesurfer/fsaverage/surf/rh.sphere.reg
Rescaling ...  original radius = 100
Reading target surface 
 /out/sourcedata/freesurfer/sub-v2s9x29156_ses-1/surf/rh.white
Reading target registration 
 /out/sourcedata/freesurfer/sub-v2s9x29156_ses-1/surf/rh.sphere.reg
Rescaling ...  original radius = 100
Building target registration hash (res=16).
Building source registration hash (res=16).
INFO: found  1698 nlabel points
Performing mapping from target back to the source label 176230
Number of reverse mapping hits = 36
Checking for and removing duplicates
Writing label file ./rh.BA3a_exvivo.thresh.label 1734
mri_label2label: Done


 mri_label2label --srcsubject fsaverage --srclabel /out/sourcedata/freesurfer/fsaverage/label/rh.BA3b_exvivo.thresh.label --trgsubject sub-v2s9x29156_ses-1 --trglabel ./rh.BA3b_exvivo.thresh.label --hemi rh --regmethod surface 


srclabel = /out/sourcedata/freesurfer/fsaverage/label/rh.BA3b_exvivo.thresh.label
srcsubject = fsaverage
trgsubject = sub-v2s9x29156_ses-1
trglabel = ./rh.BA3b_exvivo.thresh.label
regmethod = surface

srchemi = rh
trghemi = rh
trgsurface = white
srcsurfreg = sphere.reg
trgsurfreg = sphere.reg
usehash = 1
Use ProjAbs  = 0, 0
Use ProjFrac = 0, 0
DoPaint 0

SUBJECTS_DIR    /out/sourcedata/freesurfer
FREESURFER_HOME /opt/freesurfer
Loading source label.
Found 2183 points in source label.
Starting surface-based mapping
Reading source registration 
 /out/sourcedata/freesurfer/fsaverage/surf/rh.sphere.reg
Rescaling ...  original radius = 100
Reading target surface 
 /out/sourcedata/freesurfer/sub-v2s9x29156_ses-1/surf/rh.white
Reading target registration 
 /out/sourcedata/freesurfer/sub-v2s9x29156_ses-1/surf/rh.sphere.reg
Rescaling ...  original radius = 100
Building target registration hash (res=16).
Building source registration hash (res=16).
INFO: found  2183 nlabel points
Performing mapping from target back to the source label 176230
Number of reverse mapping hits = 209
Checking for and removing duplicates
Writing label file ./rh.BA3b_exvivo.thresh.label 2392
mri_label2label: Done


 mri_label2label --srcsubject fsaverage --srclabel /out/sourcedata/freesurfer/fsaverage/label/rh.BA4a_exvivo.thresh.label --trgsubject sub-v2s9x29156_ses-1 --trglabel ./rh.BA4a_exvivo.thresh.label --hemi rh --regmethod surface 


srclabel = /out/sourcedata/freesurfer/fsaverage/label/rh.BA4a_exvivo.thresh.label
srcsubject = fsaverage
trgsubject = sub-v2s9x29156_ses-1
trglabel = ./rh.BA4a_exvivo.thresh.label
regmethod = surface

srchemi = rh
trghemi = rh
trgsurface = white
srcsurfreg = sphere.reg
trgsurfreg = sphere.reg
usehash = 1
Use ProjAbs  = 0, 0
Use ProjFrac = 0, 0
DoPaint 0

SUBJECTS_DIR    /out/sourcedata/freesurfer
FREESURFER_HOME /opt/freesurfer
Loading source label.
Found 1388 points in source label.
Starting surface-based mapping
Reading source registration 
 /out/sourcedata/freesurfer/fsaverage/surf/rh.sphere.reg
Rescaling ...  original radius = 100
Reading target surface 
 /out/sourcedata/freesurfer/sub-v2s9x29156_ses-1/surf/rh.white
Reading target registration 
 /out/sourcedata/freesurfer/sub-v2s9x29156_ses-1/surf/rh.sphere.reg
Rescaling ...  original radius = 100
Building target registration hash (res=16).
Building source registration hash (res=16).
INFO: found  1388 nlabel points
Performing mapping from target back to the source label 176230
Number of reverse mapping hits = 289
Checking for and removing duplicates
Writing label file ./rh.BA4a_exvivo.thresh.label 1677
mri_label2label: Done


 mri_label2label --srcsubject fsaverage --srclabel /out/sourcedata/freesurfer/fsaverage/label/rh.BA4p_exvivo.thresh.label --trgsubject sub-v2s9x29156_ses-1 --trglabel ./rh.BA4p_exvivo.thresh.label --hemi rh --regmethod surface 


srclabel = /out/sourcedata/freesurfer/fsaverage/label/rh.BA4p_exvivo.thresh.label
srcsubject = fsaverage
trgsubject = sub-v2s9x29156_ses-1
trglabel = ./rh.BA4p_exvivo.thresh.label
regmethod = surface

srchemi = rh
trghemi = rh
trgsurface = white
srcsurfreg = sphere.reg
trgsurfreg = sphere.reg
usehash = 1
Use ProjAbs  = 0, 0
Use ProjFrac = 0, 0
DoPaint 0

SUBJECTS_DIR    /out/sourcedata/freesurfer
FREESURFER_HOME /opt/freesurfer
Loading source label.
Found 1489 points in source label.
Starting surface-based mapping
Reading source registration 
 /out/sourcedata/freesurfer/fsaverage/surf/rh.sphere.reg
Rescaling ...  original radius = 100
Reading target surface 
 /out/sourcedata/freesurfer/sub-v2s9x29156_ses-1/surf/rh.white
Reading target registration 
 /out/sourcedata/freesurfer/sub-v2s9x29156_ses-1/surf/rh.sphere.reg
Rescaling ...  original radius = 100
Building target registration hash (res=16).
Building source registration hash (res=16).
INFO: found  1489 nlabel points
Performing mapping from target back to the source label 176230
Number of reverse mapping hits = 53
Checking for and removing duplicates
Writing label file ./rh.BA4p_exvivo.thresh.label 1542
mri_label2label: Done


 mri_label2label --srcsubject fsaverage --srclabel /out/sourcedata/freesurfer/fsaverage/label/rh.BA6_exvivo.thresh.label --trgsubject sub-v2s9x29156_ses-1 --trglabel ./rh.BA6_exvivo.thresh.label --hemi rh --regmethod surface 


srclabel = /out/sourcedata/freesurfer/fsaverage/label/rh.BA6_exvivo.thresh.label
srcsubject = fsaverage
trgsubject = sub-v2s9x29156_ses-1
trglabel = ./rh.BA6_exvivo.thresh.label
regmethod = surface

srchemi = rh
trghemi = rh
trgsurface = white
srcsurfreg = sphere.reg
trgsurfreg = sphere.reg
usehash = 1
Use ProjAbs  = 0, 0
Use ProjFrac = 0, 0
DoPaint 0

SUBJECTS_DIR    /out/sourcedata/freesurfer
FREESURFER_HOME /opt/freesurfer
Loading source label.
Found 6959 points in source label.
Starting surface-based mapping
Reading source registration 
 /out/sourcedata/freesurfer/fsaverage/surf/rh.sphere.reg
Rescaling ...  original radius = 100
Reading target surface 
 /out/sourcedata/freesurfer/sub-v2s9x29156_ses-1/surf/rh.white
Reading target registration 
 /out/sourcedata/freesurfer/sub-v2s9x29156_ses-1/surf/rh.sphere.reg
Rescaling ...  original radius = 100
Building target registration hash (res=16).
Building source registration hash (res=16).
INFO: found  6959 nlabel points
Performing mapping from target back to the source label 176230
Number of reverse mapping hits = 1087
Checking for and removing duplicates
Writing label file ./rh.BA6_exvivo.thresh.label 8046
mri_label2label: Done


 mri_label2label --srcsubject fsaverage --srclabel /out/sourcedata/freesurfer/fsaverage/label/rh.BA44_exvivo.thresh.label --trgsubject sub-v2s9x29156_ses-1 --trglabel ./rh.BA44_exvivo.thresh.label --hemi rh --regmethod surface 


srclabel = /out/sourcedata/freesurfer/fsaverage/label/rh.BA44_exvivo.thresh.label
srcsubject = fsaverage
trgsubject = sub-v2s9x29156_ses-1
trglabel = ./rh.BA44_exvivo.thresh.label
regmethod = surface

srchemi = rh
trghemi = rh
trgsurface = white
srcsurfreg = sphere.reg
trgsurfreg = sphere.reg
usehash = 1
Use ProjAbs  = 0, 0
Use ProjFrac = 0, 0
DoPaint 0

SUBJECTS_DIR    /out/sourcedata/freesurfer
FREESURFER_HOME /opt/freesurfer
Loading source label.
Found 1012 points in source label.
Starting surface-based mapping
Reading source registration 
 /out/sourcedata/freesurfer/fsaverage/surf/rh.sphere.reg
Rescaling ...  original radius = 100
Reading target surface 
 /out/sourcedata/freesurfer/sub-v2s9x29156_ses-1/surf/rh.white
Reading target registration 
 /out/sourcedata/freesurfer/sub-v2s9x29156_ses-1/surf/rh.sphere.reg
Rescaling ...  original radius = 100
Building target registration hash (res=16).
Building source registration hash (res=16).
INFO: found  1012 nlabel points
Performing mapping from target back to the source label 176230
Number of reverse mapping hits = 193
Checking for and removing duplicates
Writing label file ./rh.BA44_exvivo.thresh.label 1205
mri_label2label: Done


 mri_label2label --srcsubject fsaverage --srclabel /out/sourcedata/freesurfer/fsaverage/label/rh.BA45_exvivo.thresh.label --trgsubject sub-v2s9x29156_ses-1 --trglabel ./rh.BA45_exvivo.thresh.label --hemi rh --regmethod surface 


srclabel = /out/sourcedata/freesurfer/fsaverage/label/rh.BA45_exvivo.thresh.label
srcsubject = fsaverage
trgsubject = sub-v2s9x29156_ses-1
trglabel = ./rh.BA45_exvivo.thresh.label
regmethod = surface

srchemi = rh
trghemi = rh
trgsurface = white
srcsurfreg = sphere.reg
trgsurfreg = sphere.reg
usehash = 1
Use ProjAbs  = 0, 0
Use ProjFrac = 0, 0
DoPaint 0

SUBJECTS_DIR    /out/sourcedata/freesurfer
FREESURFER_HOME /opt/freesurfer
Loading source label.
Found 1178 points in source label.
Starting surface-based mapping
Reading source registration 
 /out/sourcedata/freesurfer/fsaverage/surf/rh.sphere.reg
Rescaling ...  original radius = 100
Reading target surface 
 /out/sourcedata/freesurfer/sub-v2s9x29156_ses-1/surf/rh.white
Reading target registration 
 /out/sourcedata/freesurfer/sub-v2s9x29156_ses-1/surf/rh.sphere.reg
Rescaling ...  original radius = 100
Building target registration hash (res=16).
Building source registration hash (res=16).
INFO: found  1178 nlabel points
Performing mapping from target back to the source label 176230
Number of reverse mapping hits = 292
Checking for and removing duplicates
Writing label file ./rh.BA45_exvivo.thresh.label 1470
mri_label2label: Done


 mri_label2label --srcsubject fsaverage --srclabel /out/sourcedata/freesurfer/fsaverage/label/rh.V1_exvivo.thresh.label --trgsubject sub-v2s9x29156_ses-1 --trglabel ./rh.V1_exvivo.thresh.label --hemi rh --regmethod surface 


srclabel = /out/sourcedata/freesurfer/fsaverage/label/rh.V1_exvivo.thresh.label
srcsubject = fsaverage
trgsubject = sub-v2s9x29156_ses-1
trglabel = ./rh.V1_exvivo.thresh.label
regmethod = surface

srchemi = rh
trghemi = rh
trgsurface = white
srcsurfreg = sphere.reg
trgsurfreg = sphere.reg
usehash = 1
Use ProjAbs  = 0, 0
Use ProjFrac = 0, 0
DoPaint 0

SUBJECTS_DIR    /out/sourcedata/freesurfer
FREESURFER_HOME /opt/freesurfer
Loading source label.
Found 3232 points in source label.
Starting surface-based mapping
Reading source registration 
 /out/sourcedata/freesurfer/fsaverage/surf/rh.sphere.reg
Rescaling ...  original radius = 100
Reading target surface 
 /out/sourcedata/freesurfer/sub-v2s9x29156_ses-1/surf/rh.white
Reading target registration 
 /out/sourcedata/freesurfer/sub-v2s9x29156_ses-1/surf/rh.sphere.reg
Rescaling ...  original radius = 100
Building target registration hash (res=16).
Building source registration hash (res=16).
INFO: found  3232 nlabel points
Performing mapping from target back to the source label 176230
Number of reverse mapping hits = 1523
Checking for and removing duplicates
Writing label file ./rh.V1_exvivo.thresh.label 4755
mri_label2label: Done


 mri_label2label --srcsubject fsaverage --srclabel /out/sourcedata/freesurfer/fsaverage/label/rh.V2_exvivo.thresh.label --trgsubject sub-v2s9x29156_ses-1 --trglabel ./rh.V2_exvivo.thresh.label --hemi rh --regmethod surface 


srclabel = /out/sourcedata/freesurfer/fsaverage/label/rh.V2_exvivo.thresh.label
srcsubject = fsaverage
trgsubject = sub-v2s9x29156_ses-1
trglabel = ./rh.V2_exvivo.thresh.label
regmethod = surface

srchemi = rh
trghemi = rh
trgsurface = white
srcsurfreg = sphere.reg
trgsurfreg = sphere.reg
usehash = 1
Use ProjAbs  = 0, 0
Use ProjFrac = 0, 0
DoPaint 0

SUBJECTS_DIR    /out/sourcedata/freesurfer
FREESURFER_HOME /opt/freesurfer
Loading source label.
Found 3437 points in source label.
Starting surface-based mapping
Reading source registration 
 /out/sourcedata/freesurfer/fsaverage/surf/rh.sphere.reg
Rescaling ...  original radius = 100
Reading target surface 
 /out/sourcedata/freesurfer/sub-v2s9x29156_ses-1/surf/rh.white
Reading target registration 
 /out/sourcedata/freesurfer/sub-v2s9x29156_ses-1/surf/rh.sphere.reg
Rescaling ...  original radius = 100
Building target registration hash (res=16).
Building source registration hash (res=16).
INFO: found  3437 nlabel points
Performing mapping from target back to the source label 176230
Number of reverse mapping hits = 1827
Checking for and removing duplicates
Writing label file ./rh.V2_exvivo.thresh.label 5264
mri_label2label: Done


 mri_label2label --srcsubject fsaverage --srclabel /out/sourcedata/freesurfer/fsaverage/label/rh.MT_exvivo.thresh.label --trgsubject sub-v2s9x29156_ses-1 --trglabel ./rh.MT_exvivo.thresh.label --hemi rh --regmethod surface 


srclabel = /out/sourcedata/freesurfer/fsaverage/label/rh.MT_exvivo.thresh.label
srcsubject = fsaverage
trgsubject = sub-v2s9x29156_ses-1
trglabel = ./rh.MT_exvivo.thresh.label
regmethod = surface

srchemi = rh
trghemi = rh
trgsurface = white
srcsurfreg = sphere.reg
trgsurfreg = sphere.reg
usehash = 1
Use ProjAbs  = 0, 0
Use ProjFrac = 0, 0
DoPaint 0

SUBJECTS_DIR    /out/sourcedata/freesurfer
FREESURFER_HOME /opt/freesurfer
Loading source label.
Found 268 points in source label.
Starting surface-based mapping
Reading source registration 
 /out/sourcedata/freesurfer/fsaverage/surf/rh.sphere.reg
Rescaling ...  original radius = 100
Reading target surface 
 /out/sourcedata/freesurfer/sub-v2s9x29156_ses-1/surf/rh.white
Reading target registration 
 /out/sourcedata/freesurfer/sub-v2s9x29156_ses-1/surf/rh.sphere.reg
Rescaling ...  original radius = 100
Building target registration hash (res=16).
Building source registration hash (res=16).
INFO: found  268 nlabel points
Performing mapping from target back to the source label 176230
Number of reverse mapping hits = 164
Checking for and removing duplicates
Writing label file ./rh.MT_exvivo.thresh.label 432
mri_label2label: Done


 mri_label2label --srcsubject fsaverage --srclabel /out/sourcedata/freesurfer/fsaverage/label/rh.entorhinal_exvivo.thresh.label --trgsubject sub-v2s9x29156_ses-1 --trglabel ./rh.entorhinal_exvivo.thresh.label --hemi rh --regmethod surface 


srclabel = /out/sourcedata/freesurfer/fsaverage/label/rh.entorhinal_exvivo.thresh.label
srcsubject = fsaverage
trgsubject = sub-v2s9x29156_ses-1
trglabel = ./rh.entorhinal_exvivo.thresh.label
regmethod = surface

srchemi = rh
trghemi = rh
trgsurface = white
srcsurfreg = sphere.reg
trgsurfreg = sphere.reg
usehash = 1
Use ProjAbs  = 0, 0
Use ProjFrac = 0, 0
DoPaint 0

SUBJECTS_DIR    /out/sourcedata/freesurfer
FREESURFER_HOME /opt/freesurfer
Loading source label.
Found 694 points in source label.
Starting surface-based mapping
Reading source registration 
 /out/sourcedata/freesurfer/fsaverage/surf/rh.sphere.reg
Rescaling ...  original radius = 100
Reading target surface 
 /out/sourcedata/freesurfer/sub-v2s9x29156_ses-1/surf/rh.white
Reading target registration 
 /out/sourcedata/freesurfer/sub-v2s9x29156_ses-1/surf/rh.sphere.reg
Rescaling ...  original radius = 100
Building target registration hash (res=16).
Building source registration hash (res=16).
INFO: found  694 nlabel points
Performing mapping from target back to the source label 176230
Number of reverse mapping hits = 101
Checking for and removing duplicates
Writing label file ./rh.entorhinal_exvivo.thresh.label 795
mri_label2label: Done


 mri_label2label --srcsubject fsaverage --srclabel /out/sourcedata/freesurfer/fsaverage/label/rh.perirhinal_exvivo.thresh.label --trgsubject sub-v2s9x29156_ses-1 --trglabel ./rh.perirhinal_exvivo.thresh.label --hemi rh --regmethod surface 


srclabel = /out/sourcedata/freesurfer/fsaverage/label/rh.perirhinal_exvivo.thresh.label
srcsubject = fsaverage
trgsubject = sub-v2s9x29156_ses-1
trglabel = ./rh.perirhinal_exvivo.thresh.label
regmethod = surface

srchemi = rh
trghemi = rh
trgsurface = white
srcsurfreg = sphere.reg
trgsurfreg = sphere.reg
usehash = 1
Use ProjAbs  = 0, 0
Use ProjFrac = 0, 0
DoPaint 0

SUBJECTS_DIR    /out/sourcedata/freesurfer
FREESURFER_HOME /opt/freesurfer
Loading source label.
Found 291 points in source label.
Starting surface-based mapping
Reading source registration 
 /out/sourcedata/freesurfer/fsaverage/surf/rh.sphere.reg
Rescaling ...  original radius = 100
Reading target surface 
 /out/sourcedata/freesurfer/sub-v2s9x29156_ses-1/surf/rh.white
Reading target registration 
 /out/sourcedata/freesurfer/sub-v2s9x29156_ses-1/surf/rh.sphere.reg
Rescaling ...  original radius = 100
Building target registration hash (res=16).
Building source registration hash (res=16).
INFO: found  291 nlabel points
Performing mapping from target back to the source label 176230
Number of reverse mapping hits = 49
Checking for and removing duplicates
Writing label file ./rh.perirhinal_exvivo.thresh.label 340
mri_label2label: Done


 mris_label2annot --s sub-v2s9x29156_ses-1 --hemi rh --ctab /opt/freesurfer/average/colortable_BA.txt --l rh.BA1_exvivo.label --l rh.BA2_exvivo.label --l rh.BA3a_exvivo.label --l rh.BA3b_exvivo.label --l rh.BA4a_exvivo.label --l rh.BA4p_exvivo.label --l rh.BA6_exvivo.label --l rh.BA44_exvivo.label --l rh.BA45_exvivo.label --l rh.V1_exvivo.label --l rh.V2_exvivo.label --l rh.MT_exvivo.label --l rh.perirhinal_exvivo.label --l rh.entorhinal_exvivo.label --a BA_exvivo --maxstatwinner --noverbose 

Reading ctab /opt/freesurfer/average/colortable_BA.txt
Number of ctab entries 15

7.3.2
cwd /out/sourcedata/freesurfer/sub-v2s9x29156_ses-1/label
cmdline mris_label2annot --s sub-v2s9x29156_ses-1 --hemi rh --ctab /opt/freesurfer/average/colortable_BA.txt --l rh.BA1_exvivo.label --l rh.BA2_exvivo.label --l rh.BA3a_exvivo.label --l rh.BA3b_exvivo.label --l rh.BA4a_exvivo.label --l rh.BA4p_exvivo.label --l rh.BA6_exvivo.label --l rh.BA44_exvivo.label --l rh.BA45_exvivo.label --l rh.V1_exvivo.label --l rh.V2_exvivo.label --l rh.MT_exvivo.label --l rh.perirhinal_exvivo.label --l rh.entorhinal_exvivo.label --a BA_exvivo --maxstatwinner --noverbose 
sysname  Linux
hostname dna069
machine  x86_64
user     oesteban

subject sub-v2s9x29156_ses-1
hemi    rh
SUBJECTS_DIR /out/sourcedata/freesurfer
ColorTable /opt/freesurfer/average/colortable_BA.txt
AnnotName  BA_exvivo
nlables 14
LabelThresh 0 0.000000
Loading /out/sourcedata/freesurfer/sub-v2s9x29156_ses-1/surf/rh.orig
 1 1530880 BA1_exvivo
 2 16749699 BA2_exvivo
 3 16711680 BA3a_exvivo
 4 3368703 BA3b_exvivo
 5 1376196 BA4a_exvivo
 6 13382655 BA4p_exvivo
 7 10036737 BA6_exvivo
 8 2490521 BA44_exvivo
 9 39283 BA45_exvivo
10 3993 V1_exvivo
11 8508928 V2_exvivo
12 10027163 MT_exvivo
13 16422433 perirhinal_exvivo
14 16392598 entorhinal_exvivo
Mapping unhit to unknown
Found 124354 unhit vertices
Writing annot to /out/sourcedata/freesurfer/sub-v2s9x29156_ses-1/label/rh.BA_exvivo.annot

 mris_label2annot --s sub-v2s9x29156_ses-1 --hemi rh --ctab /opt/freesurfer/average/colortable_BA.txt --l rh.BA1_exvivo.thresh.label --l rh.BA2_exvivo.thresh.label --l rh.BA3a_exvivo.thresh.label --l rh.BA3b_exvivo.thresh.label --l rh.BA4a_exvivo.thresh.label --l rh.BA4p_exvivo.thresh.label --l rh.BA6_exvivo.thresh.label --l rh.BA44_exvivo.thresh.label --l rh.BA45_exvivo.thresh.label --l rh.V1_exvivo.thresh.label --l rh.V2_exvivo.thresh.label --l rh.MT_exvivo.thresh.label --l rh.perirhinal_exvivo.thresh.label --l rh.entorhinal_exvivo.thresh.label --a BA_exvivo.thresh --maxstatwinner --noverbose 

Reading ctab /opt/freesurfer/average/colortable_BA.txt
Number of ctab entries 15

7.3.2
cwd /out/sourcedata/freesurfer/sub-v2s9x29156_ses-1/label
cmdline mris_label2annot --s sub-v2s9x29156_ses-1 --hemi rh --ctab /opt/freesurfer/average/colortable_BA.txt --l rh.BA1_exvivo.thresh.label --l rh.BA2_exvivo.thresh.label --l rh.BA3a_exvivo.thresh.label --l rh.BA3b_exvivo.thresh.label --l rh.BA4a_exvivo.thresh.label --l rh.BA4p_exvivo.thresh.label --l rh.BA6_exvivo.thresh.label --l rh.BA44_exvivo.thresh.label --l rh.BA45_exvivo.thresh.label --l rh.V1_exvivo.thresh.label --l rh.V2_exvivo.thresh.label --l rh.MT_exvivo.thresh.label --l rh.perirhinal_exvivo.thresh.label --l rh.entorhinal_exvivo.thresh.label --a BA_exvivo.thresh --maxstatwinner --noverbose 
sysname  Linux
hostname dna069
machine  x86_64
user     oesteban

subject sub-v2s9x29156_ses-1
hemi    rh
SUBJECTS_DIR /out/sourcedata/freesurfer
ColorTable /opt/freesurfer/average/colortable_BA.txt
AnnotName  BA_exvivo.thresh
nlables 14
LabelThresh 0 0.000000
Loading /out/sourcedata/freesurfer/sub-v2s9x29156_ses-1/surf/rh.orig
 1 1530880 BA1_exvivo
 2 16749699 BA2_exvivo
 3 16711680 BA3a_exvivo
 4 3368703 BA3b_exvivo
 5 1376196 BA4a_exvivo
 6 13382655 BA4p_exvivo
 7 10036737 BA6_exvivo
 8 2490521 BA44_exvivo
 9 39283 BA45_exvivo
10 3993 V1_exvivo
11 8508928 V2_exvivo
12 10027163 MT_exvivo
13 16422433 perirhinal_exvivo
14 16392598 entorhinal_exvivo
Mapping unhit to unknown
Found 147466 unhit vertices
Writing annot to /out/sourcedata/freesurfer/sub-v2s9x29156_ses-1/label/rh.BA_exvivo.thresh.annot

 mris_anatomical_stats -th3 -mgz -noglobal -f ../stats/rh.BA_exvivo.stats -b -a ./rh.BA_exvivo.annot -c ./BA_exvivo.ctab sub-v2s9x29156_ses-1 rh white 

computing statistics for each annotation in ./rh.BA_exvivo.annot.
reading volume /out/sourcedata/freesurfer/sub-v2s9x29156_ses-1/mri/wm.mgz...
reading input surface /out/sourcedata/freesurfer/sub-v2s9x29156_ses-1/surf/rh.white...
reading input pial surface /out/sourcedata/freesurfer/sub-v2s9x29156_ses-1/surf/rh.pial...
reading input white surface /out/sourcedata/freesurfer/sub-v2s9x29156_ses-1/surf/rh.white...
INFO: using TH3 volume calc
INFO: assuming MGZ format for volumes.
INFO: not computing global stats
Using TH3 vertex volume calc
Total face volume 369153
Total vertex volume 368942 (mask=0)
Saving annotation colortable ./BA_exvivo.ctab

table columns are:
    number of vertices
    total surface area (mm^2)
    total gray matter volume (mm^3)
    average cortical thickness +- standard deviation (mm)
    integrated rectified mean curvature
    integrated rectified Gaussian curvature
    folding index
    intrinsic curvature index
    structure name

 1261    864   2639  2.281 0.850     0.144     0.038       19     2.3  BA1_exvivo
 4341   2915   6930  2.325 0.646     0.105     0.019       34     3.8  BA2_exvivo
 1132    728   1143  2.072 0.479     0.118     0.020        9     0.9  BA3a_exvivo
 2375   1632   3664  1.962 0.791     0.098     0.019       20     2.1  BA3b_exvivo
 2040   1337   4532  2.909 0.672     0.094     0.020       12     1.6  BA4a_exvivo
 1443    940   2067  2.367 0.597     0.086     0.016        6     1.0  BA4p_exvivo
10893   7353  25852  2.940 0.650     0.112     0.021       99     9.9  BA6_exvivo
 4180   2809   8087  2.732 0.578     0.098     0.017       33     2.8  BA44_exvivo
 5107   3593  12205  2.793 0.650     0.115     0.023       59     5.3  BA45_exvivo
 4853   3557   8031  2.189 0.720     0.149     0.038       68     7.9  V1_exvivo
10051   7187  21589  2.605 0.712     0.144     0.034      135    15.5  V2_exvivo
 3093   2101   6654  2.878 0.537     0.102     0.018       25     2.3  MT_exvivo
  430    294   1011  2.817 0.680     0.082     0.015        2     0.3  perirhinal_exvivo
  677    446   2434  3.306 0.966     0.109     0.026        7     0.6  entorhinal_exvivo

 mris_anatomical_stats -th3 -mgz -f ../stats/rh.BA_exvivo.thresh.stats -noglobal -b -a ./rh.BA_exvivo.thresh.annot -c ./BA_exvivo.thresh.ctab sub-v2s9x29156_ses-1 rh white 

computing statistics for each annotation in ./rh.BA_exvivo.thresh.annot.
reading volume /out/sourcedata/freesurfer/sub-v2s9x29156_ses-1/mri/wm.mgz...
reading input surface /out/sourcedata/freesurfer/sub-v2s9x29156_ses-1/surf/rh.white...
reading input pial surface /out/sourcedata/freesurfer/sub-v2s9x29156_ses-1/surf/rh.pial...
reading input white surface /out/sourcedata/freesurfer/sub-v2s9x29156_ses-1/surf/rh.white...
INFO: using TH3 volume calc
INFO: assuming MGZ format for volumes.
INFO: not computing global stats
Using TH3 vertex volume calc
Total face volume 369153
Total vertex volume 368942 (mask=0)
Saving annotation colortable ./BA_exvivo.thresh.ctab

table columns are:
    number of vertices
    total surface area (mm^2)
    total gray matter volume (mm^3)
    average cortical thickness +- standard deviation (mm)
    integrated rectified mean curvature
    integrated rectified Gaussian curvature
    folding index
    intrinsic curvature index
    structure name

  819    572   1643  2.056 0.748     0.148     0.039       13     1.5  BA1_exvivo
 2314   1499   3536  2.201 0.637     0.088     0.018       15     1.7  BA2_exvivo
 1016    657    933  2.017 0.424     0.126     0.020        8     0.9  BA3a_exvivo
 1857   1275   2210  1.683 0.495     0.080     0.014       10     1.2  BA3b_exvivo
 1436    897   3723  3.152 0.636     0.103     0.023       11     1.3  BA4a_exvivo
 1080    715   1386  2.156 0.532     0.079     0.015        3     0.8  BA4p_exvivo
 6753   4576  15862  2.890 0.639     0.112     0.022       61     6.1  BA6_exvivo
 1089    760   2266  2.591 0.684     0.108     0.021       12     0.9  BA44_exvivo
 1391    997   3852  2.825 0.718     0.112     0.023       19     1.4  BA45_exvivo
 4666   3402   7433  2.162 0.719     0.148     0.038       64     7.6  V1_exvivo
 5191   3707  10706  2.504 0.752     0.145     0.035       69     8.1  V2_exvivo
  429    293    985  3.102 0.530     0.105     0.016        4     0.3  MT_exvivo
   45     27     69  2.507 0.431     0.034     0.004        0     0.0  perirhinal_exvivo
  678    446   2204  3.209 0.818     0.091     0.017        5     0.5  entorhinal_exvivo

Started at Sat Mar 14 12:57:55 CET 2026 
Ended   at Sat Mar 14 13:00:53 CET 2026
#@#%# recon-all-run-time-hours 0.049
recon-all -s sub-v2s9x29156_ses-1 finished without error at Sat Mar 14 13:00:53 CET 2026
