global_signal	global_signal_derivative1	global_signal_derivative1_power2	global_signal_power2	csf	csf_derivative1	csf_power2	csf_derivative1_power2	white_matter	white_matter_derivative1	white_matter_power2	white_matter_derivative1_power2	csf_wm	tcompcor	std_dvars	dvars	framewise_displacement	rmsd	t_comp_cor_00	t_comp_cor_01	t_comp_cor_02	t_comp_cor_03	t_comp_cor_04	t_comp_cor_05	t_comp_cor_06	t_comp_cor_07	t_comp_cor_08	c_comp_cor_00	c_comp_cor_01	c_comp_cor_02	c_comp_cor_03	c_comp_cor_04	c_comp_cor_05	c_comp_cor_06	c_comp_cor_07	c_comp_cor_08	c_comp_cor_09	c_comp_cor_10	c_comp_cor_11	c_comp_cor_12	c_comp_cor_13	c_comp_cor_14	c_comp_cor_15	c_comp_cor_16	c_comp_cor_17	c_comp_cor_18	c_comp_cor_19	c_comp_cor_20	c_comp_cor_21	c_comp_cor_22	c_comp_cor_23	c_comp_cor_24	w_comp_cor_00	w_comp_cor_01	w_comp_cor_02	w_comp_cor_03	w_comp_cor_04	w_comp_cor_05	w_comp_cor_06	w_comp_cor_07	w_comp_cor_08	w_comp_cor_09	w_comp_cor_10	w_comp_cor_11	w_comp_cor_12	w_comp_cor_13	w_comp_cor_14	w_comp_cor_15	w_comp_cor_16	w_comp_cor_17	w_comp_cor_18	w_comp_cor_19	w_comp_cor_20	w_comp_cor_21	w_comp_cor_22	w_comp_cor_23	w_comp_cor_24	w_comp_cor_25	w_comp_cor_26	w_comp_cor_27	w_comp_cor_28	w_comp_cor_29	w_comp_cor_30	w_comp_cor_31	w_comp_cor_32	w_comp_cor_33	w_comp_cor_34	w_comp_cor_35	w_comp_cor_36	w_comp_cor_37	w_comp_cor_38	w_comp_cor_39	w_comp_cor_40	w_comp_cor_41	w_comp_cor_42	w_comp_cor_43	w_comp_cor_44	w_comp_cor_45	w_comp_cor_46	w_comp_cor_47	w_comp_cor_48	w_comp_cor_49	w_comp_cor_50	w_comp_cor_51	a_comp_cor_00	a_comp_cor_01	a_comp_cor_02	a_comp_cor_03	a_comp_cor_04	a_comp_cor_05	a_comp_cor_06	a_comp_cor_07	a_comp_cor_08	a_comp_cor_09	a_comp_cor_10	a_comp_cor_11	a_comp_cor_12	a_comp_cor_13	a_comp_cor_14	a_comp_cor_15	a_comp_cor_16	a_comp_cor_17	a_comp_cor_18	a_comp_cor_19	a_comp_cor_20	a_comp_cor_21	a_comp_cor_22	a_comp_cor_23	a_comp_cor_24	a_comp_cor_25	a_comp_cor_26	a_comp_cor_27	a_comp_cor_28	a_comp_cor_29	a_comp_cor_30	a_comp_cor_31	a_comp_cor_32	a_comp_cor_33	a_comp_cor_34	a_comp_cor_35	a_comp_cor_36	a_comp_cor_37	a_comp_cor_38	a_comp_cor_39	a_comp_cor_40	a_comp_cor_41	a_comp_cor_42	a_comp_cor_43	a_comp_cor_44	a_comp_cor_45	a_comp_cor_46	a_comp_cor_47	a_comp_cor_48	a_comp_cor_49	a_comp_cor_50	a_comp_cor_51	a_comp_cor_52	a_comp_cor_53	a_comp_cor_54	edge_comp_00	edge_comp_01	edge_comp_02	edge_comp_03	edge_comp_04	edge_comp_05	edge_comp_06	edge_comp_07	edge_comp_08	edge_comp_09	edge_comp_10	edge_comp_11	edge_comp_12	edge_comp_13	edge_comp_14	edge_comp_15	edge_comp_16	edge_comp_17	edge_comp_18	edge_comp_19	edge_comp_20	edge_comp_21	edge_comp_22	edge_comp_23	cosine00	cosine01	cosine02	cosine03	non_steady_state_outlier00	non_steady_state_outlier01	trans_x	trans_x_derivative1	trans_x_power2	trans_x_derivative1_power2	trans_y	trans_y_derivative1	trans_y_derivative1_power2	trans_y_power2	trans_z	trans_z_derivative1	trans_z_derivative1_power2	trans_z_power2	rot_x	rot_x_derivative1	rot_x_derivative1_power2	rot_x_power2	rot_y	rot_y_derivative1	rot_y_power2	rot_y_derivative1_power2	rot_z	rot_z_derivative1	rot_z_power2	rot_z_derivative1_power2	motion_outlier00	motion_outlier01	motion_outlier02
77.88426750647734	n/a	n/a	6065.959125020522	135.65600782007604	n/a	18402.552457680533	n/a	66.53110271092703	n/a	4426.387627931922	n/a	76.76084838292424	91.7984835727542	n/a	n/a	n/a	n/a	0.0	0.0	0.0	0.0	0.0	0.0	0.0	0.0	0.0	0.0	0.0	0.0	0.0	0.0	0.0	0.0	0.0	0.0	0.0	0.0	0.0	0.0	0.0	0.0	0.0	0.0	0.0	0.0	0.0	0.0	0.0	0.0	0.0	0.0	0.0	0.0	0.0	0.0	0.0	0.0	0.0	0.0	0.0	0.0	0.0	0.0	0.0	0.0	0.0	0.0	0.0	0.0	0.0	0.0	0.0	0.0	0.0	0.0	0.0	0.0	0.0	0.0	0.0	0.0	0.0	0.0	0.0	0.0	0.0	0.0	0.0	0.0	0.0	0.0	0.0	0.0	0.0	0.0	0.0	0.0	0.0	0.0	0.0	0.0	0.0	0.0	0.0	0.0	0.0	0.0	0.0	0.0	0.0	0.0	0.0	0.0	0.0	0.0	0.0	0.0	0.0	0.0	0.0	0.0	0.0	0.0	0.0	0.0	0.0	0.0	0.0	0.0	0.0	0.0	0.0	0.0	0.0	0.0	0.0	0.0	0.0	0.0	0.0	0.0	0.0	0.0	0.0	0.0	0.0	0.0	0.0	0.0	0.0	0.0	0.0	0.0	0.0	0.0	0.0	0.0	0.0	0.0	0.0	0.0	0.0	0.0	0.0	0.0	0.0	0.0	0.0	0.0	0.0	0.0	0.0	0.0	0.0	0.0	0.0	0.0	0.0	0.0	0.0	0.0	0.0	0.0	0.0	0.0	0.0	1.0	0.0	-0.0192834705835878	n/a	0.000371852237748	n/a	-0.0686681255788528	n/a	n/a	0.004715311470513	-0.0304704307566652	n/a	n/a	0.0009284471504967	-0.0004838134780781	n/a	n/a	2.3407548157002814e-07	-0.0033528163542866	n/a	1.1241377505571688e-05	n/a	-0.000782813406887	n/a	6.127968300020318e-07	n/a	0.0	0.0	0.0
55.46016438425441	-22.42410312222293	502.8404008360882	3075.8298335285217	71.94985187637222	-63.70615594370382	5176.781185031903	4058.4743051235096	53.47246566185584	-13.058637049071187	2859.3045839583524	170.52800157937463	55.99429243243269	57.90743047200847	14.325948	476.036407	0.7216053104575505	0.3551194167601636	0.0	0.0	0.0	0.0	0.0	0.0	0.0	0.0	0.0	0.0	0.0	0.0	0.0	0.0	0.0	0.0	0.0	0.0	0.0	0.0	0.0	0.0	0.0	0.0	0.0	0.0	0.0	0.0	0.0	0.0	0.0	0.0	0.0	0.0	0.0	0.0	0.0	0.0	0.0	0.0	0.0	0.0	0.0	0.0	0.0	0.0	0.0	0.0	0.0	0.0	0.0	0.0	0.0	0.0	0.0	0.0	0.0	0.0	0.0	0.0	0.0	0.0	0.0	0.0	0.0	0.0	0.0	0.0	0.0	0.0	0.0	0.0	0.0	0.0	0.0	0.0	0.0	0.0	0.0	0.0	0.0	0.0	0.0	0.0	0.0	0.0	0.0	0.0	0.0	0.0	0.0	0.0	0.0	0.0	0.0	0.0	0.0	0.0	0.0	0.0	0.0	0.0	0.0	0.0	0.0	0.0	0.0	0.0	0.0	0.0	0.0	0.0	0.0	0.0	0.0	0.0	0.0	0.0	0.0	0.0	0.0	0.0	0.0	0.0	0.0	0.0	0.0	0.0	0.0	0.0	0.0	0.0	0.0	0.0	0.0	0.0	0.0	0.0	0.0	0.0	0.0	0.0	0.0	0.0	0.0	0.0	0.0	0.0	0.0	0.0	0.0	0.0	0.0	0.0	0.0	0.0	0.0	0.0	0.0	0.0	0.0	0.0	0.0	0.0	0.0	0.0	0.0	0.0	0.0	0.0	1.0	-0.0507488577549111	-0.0314653871713233	0.0025754465634282	0.0009900705898412	0.0349423499400387	0.1036104755188914	0.0107351306372508	0.0012209678193321	0.2167397149612355	0.2472101457179007	0.0611128561458657	0.0469761040414776	0.0005177380788599	0.0010015515569379	1.0031055212049316e-06	2.6805271830154e-07	0.0004308156424166	0.0037836319967032	1.8560211775082774e-07	1.4315871086476243e-05	0.0012183890804605	0.0020012024873475	1.484471951385383e-06	4.004811395365822e-06	1.0	0.0	0.0
52.86092037719455	-2.599244007059859	6.756069408236592	2794.2769031241023	64.20031481856233	-7.749537057809888	4121.680422802514	60.05532461036874	52.939234976232406	-0.5332306856234368	2802.5625998687483	0.2843349640904404	54.62497964215353	51.72959321939159	2.363347	78.53155499999998	0.2401549927882678	0.1620180134879438	-0.0366198686	0.0175706045	0.0282536353	-0.1081903683	0.0399692731	-0.1382432084	0.1337829417	-0.1168194863	0.0465395775	0.3334394022	-0.0030131225	0.395619518	-0.3579182471	0.3818060599	-0.0737400722	0.2707457671	-0.2494870703	0.0666349962	-0.206879022	0.0398039746	-0.0342822127	0.00732558	-0.0118331771	0.0258098353	-0.0226715174	0.0443280438	-0.0331607326	0.0272575153	-0.0013548527	0.0397663247	-0.0357644793	0.0159263344	-0.0904128332	0.0163604429	0.0226255898	0.0872427996	-0.0661536438	0.0086759002	-0.0069904506	0.0173599094	-0.0559156364	0.0227900938	-0.0547252841	0.029982007	-0.0696932036	0.11709513	-0.067888554	0.1774763293	-0.0528464425	0.0486179093	-0.0456617102	0.0400646975	-0.0003256922	0.0228660782	-0.1036347691	0.0183122415	-0.0462382969	0.0207538753	-0.1190126606	0.0368902635	-0.0509600453	-0.0235086468	0.1331491919	-0.1368056966	0.0103056807	0.02392732	-0.1767590845	-0.0476535695	0.0840011653	-0.1242348054	-0.0299462065	-0.2283918417	0.066739936	-0.0403748144	-0.0429050816	-0.014395614	-0.0227393185	0.1612432634	-0.0714177915	-0.0758332118	0.1813963423	-0.0456938894	-0.0763777284	-0.106230786	0.0496630459	0.1166824571	0.0055661764	-0.0397782246	0.0616051494	-0.3116971452	0.4579445742	-0.1526496854	0.0416343434	-0.1876749765	0.2536915565	-0.1266582618	0.0773313921	0.0742096774	-0.0862697372	0.0993533814	-0.0748025165	0.098893634	-0.1054607089	0.0544479837	-0.1262211285	0.0660698916	-0.0204919891	0.1056768857	-0.0037658436	0.0693379995	-0.0938137221	0.0598115546	-0.1487892563	-0.0840185072	0.134754127	-0.0285970132	-0.0678893239	0.0700901234	-0.0833141553	0.0047157572	0.0335941387	0.0444383607	-0.0716611823	0.003050066	0.0540439142	-0.0749304	0.0205090352	0.0611157754	0.0114084702	-0.0705392686	-0.0803809533	0.0294577703	0.1400006641	-0.0152854865	-0.0780901294	0.077071138	0.0226759551	-0.0747196497	-0.0002815015	-0.0035984797	0.0297082473	-0.1056829344	0.2432922615	-0.0230159797	0.0302189763	-0.123552441	0.021210292	-0.0578547094	0.0683068941	-0.0079762048	0.0435701695	-0.3895030179	0.1629717577	-0.0039476075	0.1857443924	-0.0311101559	0.0570448213	-0.0334827669	0.2614041962	-0.1723131122	0.0684526706	-0.0874929806	0.107047397	-0.1324319203	0.0825147317	0.1059956606	0.1059832789	0.1059626437	0.1059337567	0.0	0.0	-0.0328103307923299	0.0179385269625812	0.0010765178067021	0.0003217907495872	0.0687363308442883	0.0337939809042496	0.0011420331453567	0.0047246831779354	0.3683143898250876	0.151574674863852	0.0229748820600824	0.1356554897522265	0.001084135100859	0.0005663970219991	3.20805586529449e-07	1.175348916914554e-06	0.0006011611896923	0.0001703455472757	3.6139477599226156e-07	2.9017605476657738e-08	0.0012181754485836	-2.136318769001885e-07	1.483951423531855e-06	4.563857882789728e-14	0.0	1.0	0.0
52.17487820102486	-0.6860421761696927	0.4706538674836476	2722.2179152917797	61.93732327347869	-2.2629915450836435	3836.232014283405	5.121130733120056	52.82602715351173	-0.1132078227206747	2790.589144823559	0.0128160111251557	54.23305135811569	50.29318712941253	1.15691	38.442905	0.1936070617389552	0.1262344566084596	-0.127414426	0.0695869024	0.0353150088	-0.0333952413	0.0077234683	0.0457295027	0.135316763	-0.0543553081	0.0311275559	0.0262287291	0.0111117805	-0.073668534	-0.1287373197	0.1756653455	-0.0750870191	0.1956861166	-0.0131545406	0.03923318	0.0746468128	-0.0887506509	-0.0537550331	0.0037114523	-0.0680063319	0.062285531	-0.0427661709	0.0758435953	0.0985874299	0.0852500336	-0.0159416697	-0.1032459853	-0.0545545574	-0.0958559145	0.0192570907	-0.0544935518	-0.1171221334	-0.0151561632	0.1140895666	0.0190850977	0.0751375908	-0.0619949944	0.0335759626	-0.097834946	-0.0355013379	0.0389432325	-0.0123140235	0.0273222925	0.0005997237	0.0137736594	-0.1074248503	0.0039670195	0.0422263231	0.0728587874	0.0237600022	0.0899037263	-0.0333602822	-0.0786158734	0.0594005978	0.0322731538	-0.0800318143	0.0045369753	0.0042761282	-0.2018507586	-0.0049090021	0.0642668428	-0.0173644778	0.0909055236	-0.0038192959	0.1028486622	0.1747399281	0.1035568557	-0.0053386527	0.0512538422	-0.153831872	0.0812750867	-0.0451672948	0.0266808662	-0.0292743919	-0.080793324	0.0020231636	0.0270364728	-0.1228409621	-0.0798796171	-0.0310427478	0.0194441586	0.0354536656	-0.0545928924	0.0843295012	0.0588548842	-0.1216506389	-0.0688387403	0.0516257393	0.0480998272	-0.0034395526	-0.0301271606	0.0781391134	0.0495079785	-0.0500235759	0.0129264598	0.0357761617	-0.1071127102	-0.0291300966	0.0486764004	-0.0627357371	0.003817003	-0.0821953914	0.0647715403	0.0641988538	0.0846104809	0.01255031	0.009427955	-0.1316331536	0.172721673	0.0661986709	0.0805646488	0.0717728389	-0.0576222585	-0.0968892609	0.0304106185	0.0951034717	0.0297246312	0.0718391144	-0.1630642822	-0.0817087787	0.1766204898	0.0171008744	0.0846079645	0.079873008	-0.0246616115	-0.0465922854	0.1132336122	0.0241885574	0.1127883099	0.0494315992	-0.0433701079	0.1051585149	-0.0095535394	-0.0359989171	0.1480991658	-0.0912415786	-0.0073502376	0.1736254236	0.0022863531	0.1281006836	-0.0012803832	0.1790949119	-0.0571772866	0.0009826142	0.0184657343	0.0126214173	-0.0302898262	-0.0499774571	-0.0729300049	0.0430150024	-0.0100767707	-0.0003860828	-0.0092716386	0.0157257521	-0.1311514916	0.0219053747	-0.0537960585	-0.0817941104	0.0685418978	-0.0492974354	0.0296160797	-0.0538189048	0.1059626437	0.1058512369	0.1056656457	0.1054060001	0.0	0.0	-0.0460770435278163	-0.0132667127354864	0.0021230939402642	0.0001760056668059	0.0991873591204637	0.0304510282761753	0.0009272651230764	0.0098381322092918	0.4896699281075811	0.1213555382824935	0.0147271666718337	0.2397766384928836	0.0008410767603853	-0.0002430583404736	5.907735687382903e-08	7.074101168602314e-07	0.0005621339900017	-3.902719969059996e-05	3.159946227152314e-07	1.523122315689965e-09	0.0015067655573153	0.0002885901087317	2.2703424447116867e-06	8.32842508577745e-08	0.0	0.0	0.0
52.128534304010365	-0.0463438970144949	0.0021477567904901	2717.384088684385	61.06847535313426	-0.8688479203444288	3729.358681956367	0.7548967086868389	52.85848697684926	0.0324598233375255	2794.0196454817424	0.0010536401311033	54.15871233885994	49.36604020610425	1.030148	34.230751	0.1689158663872845	0.1160142975239745	-0.0859241462	-0.0158792	0.0719400692	0.0429357346	-0.0801236649	-0.105705913	0.2193301767	-0.1588505095	0.0010816312	-0.1170894167	0.0678990775	-0.0266841413	0.0305647025	0.1574163953	-0.1144076396	0.0331165067	-0.0542139369	-0.0964830984	-0.0144559225	-0.0756050221	0.0596233305	-0.0723829959	0.0744963118	0.0857875188	-0.0012991409	-0.1015253501	0.0044146214	-0.0220311981	-0.0769521119	-0.019530555	0.023255579	0.0463937251	0.2148131153	0.073105848	-0.1319915904	0.106784712	-0.0702371539	-0.078547067	0.0589176286	0.1606724163	-0.0201535419	-0.0137375502	-0.0964749542	0.0496621034	0.0158393617	-0.0126699299	-0.0457671648	0.0477064396	0.0912816794	0.0323082785	0.0159104867	0.0081041892	-0.1312627519	0.0140232407	-0.0290357878	-0.0902738787	0.0534684118	0.0051242675	0.020452556	-0.0979417919	-0.0869832432	0.076125896	0.1376228856	0.0077282986	0.1663303304	0.0807525671	-0.0447791529	0.018784577	-0.0942178119	0.0576855236	0.0429312204	0.0334674481	0.0199251491	0.0245671315	-0.0215797246	0.0350137248	0.0140989789	0.0105154091	0.0535758732	0.1543400739	0.0289785299	0.0346941265	-0.0196489908	0.1430924146	-0.0161897996	0.0040953555	0.1635269796	0.0453407607	0.0164435996	0.0241253947	0.0110101769	0.1369969623	0.0104556954	-0.0873801088	0.1172903856	-0.1071430069	0.0071315325	0.1006867053	0.0554234597	0.0560033403	0.0692868697	0.0228936283	-0.0417397449	-0.0725299926	0.048089256	-0.0436567618	-0.0220818099	0.0669154186	-0.0538208374	-0.025321178	-0.0934208336	-0.1481064246	0.1188428118	0.0534647721	-0.0862240984	0.0690886746	0.0203738653	-0.0782365418	0.0250873591	-0.0023814792	0.1104686472	0.0747943658	-0.0778282224	-0.0136621729	0.0373648315	-0.117327505	0.0225431698	-0.0325968996	0.120680257	-0.0435426058	-0.05295792	-0.0264650656	-0.073884172	-0.0537268057	-0.0343571524	-0.0193549487	-0.0644639552	0.0595934625	0.0356940849	0.0461299923	-0.016405125	-0.128391678	0.2543850838	-0.0476736678	0.0800571714	0.0816392705	0.078578645	0.0627979981	-0.1629659129	-0.0462291955	-0.0838674579	0.0653718835	0.0762978919	-0.0399219472	-0.2170476382	0.0662294801	-0.1110569486	-0.1299950263	-0.0310038515	0.1066627983	-0.0031368216	-0.0958608101	0.0688848083	0.0583514818	0.1711022917	0.1058966202	0.1055873175	0.1050724821	0.104353116	0.0	0.0	-0.0321788810039578	0.0138981625238585	0.0010354803826668	0.0001931589215395	0.14833306296849	0.0491457038480263	0.0024153002067179	0.022002697569614	0.4848635667756014	-0.0048063613319797	2.3101109253549703e-05	0.235092678386358	0.002728117547682	0.0018870407872967	3.5609229329213493e-06	7.4426253539704495e-06	0.0005633749855211	1.240995519399997e-06	3.1739137431089965e-07	1.540069879170868e-12	0.001373734566463	-0.0001330309908523	1.8871466590952864e-06	1.7697244527144746e-08	0.0	0.0	0.0
52.18082249595816	0.0522881919477953	0.0027340550171694	2722.838236354693	61.22514991493492	0.1566745618006564	3748.518982106255	0.0245469183154277	52.94123721828122	0.0827502414319667	2802.774598202325	0.0068476024570487	54.15521270842498	49.14047448748786	0.981218	32.604866	0.1097779417696104	0.059586564350346	-0.0209613266	-0.1034998641	0.0710737636	0.0085372535	-0.0193630982	-0.1886111116	0.0601183632	-0.1844085084	0.0108965547	-0.0427725412	0.0853937477	0.0561518882	0.0435536064	0.0836787936	0.1109897245	-0.0639009185	0.0827567161	-0.2014417888	0.0831345057	-0.1354528227	-0.0152104792	-0.0729384525	0.1032686703	-0.0733325789	-0.0181501768	-0.0459823482	0.028224884	0.028470464	-0.0707848634	-0.1336268039	0.0405408067	-0.0444726788	0.0290347884	-0.0044645935	-0.0872250041	0.1116048303	-0.1183321146	-0.0021885886	-0.0751975744	-0.058743018	-0.0133390588	0.0304238484	-0.0760728125	0.0757465647	-0.0798610115	0.0512940649	0.0700831791	0.0580864049	-0.0156271449	0.0498014652	-0.0938593845	-0.0080429042	0.0201039441	-0.06362788	0.0440936197	0.1000202044	-0.0416694049	0.0742713005	0.0125854912	0.0539045444	0.0142529004	0.0233994669	-0.0136299287	-0.0859872431	-0.0862434564	0.0270369228	-0.0600153486	0.1060875043	-0.0887984454	-0.0003134947	0.0108420122	0.0118560668	-0.011762334	-0.1002956773	-0.0682765376	0.046039706	0.0461380736	0.0250226397	0.0225785028	-0.0377750644	0.0131938097	0.041672815	0.0368835806	-0.08971894	-0.0774773161	0.1371698135	0.1264289889	-0.0011503943	0.0970326386	0.0131404607	0.0700333548	-0.0151797249	-0.0213068676	0.0152598277	-0.0118488742	-0.1534764317	0.0440133186	-0.075541645	-0.0537738053	-0.0389998445	0.106753135	-0.0601371215	0.043341649	-0.1318970173	-0.0672086314	-0.0870596445	0.0366476753	-0.0831450103	0.0445305184	-0.0572610908	0.0844738262	-0.0539394608	0.0642756702	-0.096310738	-0.0222681748	-0.0151531562	-0.1143739288	-0.0674023157	-0.0054525513	0.016258887	-0.0729722382	0.0548559721	-0.0372061379	-0.0168632047	-0.106906999	0.0096787938	-0.0548481567	-0.0309580757	0.077584494	-0.088688223	-0.0236242888	-0.0082085954	-0.1318961308	0.0021260295	0.0819733796	0.0253135191	0.0704658294	0.0115735847	-0.0098510624	0.0931494283	-0.0556031849	-0.144231529	0.1134917609	-0.1624333546	0.0197769844	0.0168420786	-0.0361973512	0.0479765095	-0.046167395	5.64103e-05	-0.0411507044	0.1234034799	-0.0091956729	0.0284191588	-0.1844006909	0.2181420799	-0.0322589144	-0.1773481919	-0.0455939289	0.0238778303	-0.0569902083	-0.12922331	0.0228108116	0.0877972512	-0.0150947972	0.1057976105	0.1051918494	0.1041848154	0.10278035	0.0	0.0	-0.0295245904250833	0.0026542905788745	0.0008717014397689	7.045258477101931e-06	0.1502384649867849	0.0019054020182948	3.630556851322255e-06	0.0225715963615853	0.5230174899786775	0.038153923203076	0.0014557218557862	0.2735472948235959	0.0018437812952364	-0.0008843362524455	7.820506073895278e-07	3.399529464663617e-06	0.0002844302214874	-0.0002789447640337	8.090055089537142e-08	7.781018138181659e-08	0.001551740069371	0.000178005502908	2.407897242891516e-06	3.1685959065530056e-08	0.0	0.0	0.0
52.06515285747428	-0.1156696384838795	0.0133794652669913	2710.780142072162	61.27245658260959	0.0473066676746753	3754.3139356677775	0.0022379208064821	53.006039929813184	0.0648027115319607	2809.640269040949	0.0041993914218945	54.34930351717922	49.6062720531528	1.294442	43.012951	0.5582911092938166	0.3044582414343622	0.0964588125	-0.0406847838	0.0061639203	0.0980835585	-0.0088232954	0.2903932429	-0.1126981774	0.0015201578	-0.1974207106	-0.1277315486	-0.0987901277	0.0276382035	0.1525540359	-0.0511011016	0.1128045315	-0.095423083	0.212385747	0.0077775027	-0.1327669766	0.2951009454	-0.2424094892	0.0807391796	0.0114394548	0.0548223034	-0.1922974753	0.0054074121	0.0480639516	0.0768874839	0.0075875247	-0.1202156916	-0.195988044	0.107673182	-0.1353033057	-0.0774858133	0.0795473007	0.0095505566	0.0316421391	-0.092098395	0.0363268553	-0.0101976574	-0.0950240176	-0.0829328107	0.1784201674	-0.0898715867	0.0361214137	-0.10954664	0.1814008828	-0.0217722356	-0.0143480876	-0.0842681998	0.0261219683	0.0615285745	0.0107788045	-0.0555437519	0.0118397793	0.2381958855	-0.1767170144	0.0079568426	0.053573209	0.0168062057	-0.0289868983	-0.0791423484	-0.112938904	-0.1226150722	0.0059729641	0.07665902	-0.0412172995	-0.0621257325	-0.1622711037	0.1322307431	-0.0378126826	-0.0972381304	-0.1223757061	-0.0031247496	0.0134526243	-0.0312546167	0.0739422082	-0.0936435406	-0.024114784	-0.2211322385	0.036956958	0.0125990954	-0.0561158819	0.0245894061	-0.0578024254	-0.0123632703	-0.0344309778	-0.1100809288	0.1277297779	0.0798975933	-0.1586135134	-0.0562772788	0.1493620257	-0.0303738756	0.1424025662	-0.0989702163	0.0579036183	-0.1054937218	-0.0846192934	0.0529865631	-0.1569749479	-0.0438308507	0.1767360168	0.0748626205	0.0617605622	-0.0094629913	0.0684098468	0.0036526565	0.0963199152	0.1152983293	-0.0092940987	0.1564038922	-0.0016356019	-0.0829853399	-0.0465699087	0.0274305035	0.0240032749	0.0489593826	0.0862546289	-0.0347960042	-0.1127455362	0.0587985616	0.0078650341	0.0220971654	-0.0267687229	0.1672007151	0.1159179666	-0.0674244752	-0.0575816975	-0.1893053883	0.0548910842	-0.0075701547	0.0570014096	-0.0658559352	0.0154573416	0.0186746815	-0.0756439303	-0.0806219039	0.030005847	-0.1282367276	-0.0033955954	0.1671599531	-0.3052317726	-0.0551549416	0.2977939886	0.2675899166	0.0184048571	0.12588386	0.0314351279	0.0693676221	0.1226868474	-0.0395915376	-0.0300254487	-0.0754908463	-0.007865693	0.0657071663	-0.0042024252	-0.0113229827	-0.2003918915	-0.2877751416	0.0418001416	-0.1244486551	0.1997497932	-0.0386706501	0.1309998842	0.1056656457	0.1046653254	0.1030051337	0.1006955375	0.0	0.0	-0.0707750716594262	-0.0412504812343429	0.0050091107683969	0.0017016022020648	0.10440982245143	-0.0458286425353548	0.0021002644766333	0.0109014110243391	0.7408423976748963	0.2178249076962188	0.0474476904128662	0.5488474581926893	-0.0022211051404585	-0.0040648864356949	1.6523301735096392e-05	4.933308044971173e-06	-0.00056755661583	-0.0008519868373174	3.2212051217240226e-07	7.258815709621058e-07	0.0014008717858253	-0.0001508682835457	1.962441760321365e-06	2.2761238980025773e-08	0.0	0.0	1.0
52.482082161875695	0.4169293044014139	0.1738300448686469	2754.368948045871	61.4550428790646	0.1825862964550069	3776.722295267669	0.0333377556531556	53.11893628475934	0.1128963549461588	2821.621392024322	0.012745586960129	54.40259655931786	50.47015121573858	1.317236	43.770382	0.4574381843436483	0.2397246344200662	0.1020424123	0.0090277009	0.1060154127	0.0626113588	-0.0444561958	0.0297716356	0.0774036812	0.0504904112	0.0358363522	0.017624493	0.0424021864	-0.0043861923	0.0930125013	-0.0915093267	-0.1386370634	-0.1433696321	0.0470627977	-0.0115322807	0.0592880438	-0.0684321405	-0.0386659564	0.0230098394	-0.0362903126	0.1211837793	0.0338361661	0.0136065046	-0.0014023945	0.0152890299	-0.1551156432	-0.0137588125	0.0296320548	0.0599376942	-0.1137375414	0.0706864566	0.0216105613	0.0188886228	0.0434356378	0.2238760785	-0.0348324049	-0.0471413553	-0.0372743828	0.034674854	0.0480834726	0.1179765053	0.1479693839	0.0213014772	0.0504134111	-0.0595896903	-0.0228444256	-0.0395487714	-0.0524741059	-0.1117254759	0.0289296123	-0.0865675502	-0.0364766426	0.060527064	-0.0503302713	-0.0961643543	0.0392455439	0.043453754	0.016937649	-0.0749249327	-0.0515387543	0.070747863	-0.0374943253	-0.0446761291	0.0090056298	0.000582491	-0.0494027745	0.0515742522	-0.0386706264	0.1225077855	0.053239403	-0.0217142581	0.0466042731	0.088821181	-0.0858320508	-0.0231248812	0.1340303752	0.0798075112	-0.0378169469	-0.1229679155	-0.0918738538	-0.0247301506	0.0396574796	0.1115496984	-0.0462021862	0.0755126535	0.0428265178	0.1050542639	-0.1417258591	-0.0676720668	-0.0074851422	0.1743619766	-0.005243495	-0.011678766	-0.1004800414	0.0761072159	-0.1811416537	0.0353501277	-0.0138981713	0.0701039559	0.0609643339	-0.029632851	-0.07819053	0.0894293634	-0.1086482295	-0.0656369227	0.0893063951	0.0301433735	0.0004703088	0.0602134329	0.0347031516	-0.0368846848	-0.0686298545	0.0687098843	-0.0712382571	0.0458673534	0.0807176393	-0.0400573656	-0.0561454659	-0.0123560957	-0.056712546	0.0489293613	-0.0605091821	-0.020415343	0.0119914765	-0.0032464447	0.0700278457	0.0583737019	0.1068727863	-0.0108179224	0.0175075288	0.0422448999	0.140971972	0.0235421851	0.1078872108	-0.0064257939	-0.0925162647	0.1783339684	0.0090992266	0.0021031021	-0.0747476509	0.0954947802	-0.0660902413	-0.0669987069	-0.0035469511	-0.0374945574	-0.1233445273	-0.0278001535	0.0644642641	0.0649999651	0.0881198036	-0.1061978769	-0.0052274524	-0.12470484	0.0319441575	-0.111186623	0.1920373332	-0.0578504941	0.0658778215	0.1010557223	-0.0909429286	-0.0112014601	-0.0930943412	0.1055007667	0.1040084014	0.1015367435	0.0981090648	0.0	0.0	-0.0283086550860076	0.0424664165734186	0.0008013799527785	0.0018033965365871	0.0893616640017285	-0.0150481584497015	0.0002264470727273	0.0079855069931578	0.5319969334128132	-0.2088454642620831	0.043616427942845	0.2830207371606372	-0.0005239763877865	0.001697128752672	2.880246003146019e-06	2.7455125495778857e-07	0.0009929868442879	0.0015605434601179	9.86022872928842e-07	2.435295890916748e-06	0.0019647624742043	0.000563890688379	3.860291580041403e-06	3.1797270844054264e-07	0.0	0.0	0.0
52.44656112034955	-0.0355210415261453	0.0012617443911021	2750.641773350561	61.602227517774885	0.1471846387102857	3794.834435151701	0.0216633178722773	52.96682427761823	-0.1521120071411132	2805.484474056088	0.023138062716498	54.313703936566014	50.8652167012666	1.043457	34.672993	0.1648990055939116	0.0861765150647829	0.1262795892	-0.0148193233	-0.0635740837	-0.1040263773	-0.0169959758	-0.0033203921	0.0764750796	0.1189967522	0.0649176092	0.0685644152	-0.0165947637	-0.0247943152	0.0704614495	-0.2330985572	-0.1009337726	0.019382667	-0.0104260832	-0.0288916315	-0.0208045175	-0.1484046901	0.0678431263	-0.0410970998	0.0632323858	0.0832469974	-0.0588602044	0.0742296844	0.0264278167	0.0073412405	-0.0538592684	0.0742078817	-0.0046084521	-0.0009438316	-0.0093553134	0.0753316013	0.0010910857	-0.0456880045	0.0433058972	0.0697785794	0.0475533244	0.0247017707	-0.0123049988	0.09511573	-0.0446228816	0.0194892195	-0.0512760676	0.1166230133	-0.0336532659	0.0209421698	-0.0307568324	0.0984989412	-0.0241204574	0.0651279803	-0.075513169	-0.0993043503	0.0806703622	-0.0296146303	0.0014867335	-0.0768009751	-0.0668907744	0.0657310098	0.1011405853	0.2105911448	0.04740407	0.0125031212	-0.1571148251	-0.1137980078	-0.0140053099	0.0029343803	-0.0232965305	0.0098194132	-0.0541590585	0.0082250571	0.0328945594	-0.1023239686	0.0065640864	0.075092836	0.0114227267	-0.1029369653	0.0571247176	-0.0001283336	-0.1148780257	0.0032162192	-0.0634782718	-0.0432348113	0.0414318294	-0.2136584039	-0.0789462173	0.0377708555	0.0332508299	0.0398982652	-0.0694682074	-0.0898285723	-0.0814608301	0.1210708196	-0.0203131312	0.0476769147	-0.012070712	-0.0555971505	0.1781205609	-0.0030233906	0.1507238328	-0.0290265061	-0.0095768389	-0.1145221764	-0.0136321548	-0.0084194315	-0.0389959063	0.1530664703	-0.0639814004	0.1057618877	0.1183066909	0.0200701389	-0.0071758414	0.069393866	0.0463761526	-0.0497467921	-0.0572789661	-0.0093972955	0.1148168632	0.0301750428	-0.0352031564	0.0389342045	0.0924900605	-0.2291904715	0.0886770963	-0.0248213976	-0.0870122947	-0.0732738994	0.0504901924	0.0820180344	-0.0712964204	0.0286701377	0.0512014725	-0.0444599047	-0.0361185973	0.1185836231	0.0344184059	0.0357374937	-0.0622349831	0.0168665232	-0.039037739	-0.0627915933	0.0306255371	0.1139479903	-0.0331327731	-0.0605947627	-0.0495191581	0.0333933825	0.1241830425	-0.0159517719	-0.0434720587	-0.0099854559	0.0129253117	-0.0177953747	-0.0195342246	-0.1212182156	-0.0427844887	-0.0990021858	-0.0623991092	-0.0043113317	0.0350525644	0.0460167958	0.0238185471	-0.1481855615	-0.0211653847	0.105303025	0.1032218959	0.0997837604	0.0950338178	0.0	0.0	-0.0334912283563966	-0.0051825732703889	0.0011216623768203	2.685906570295052e-05	0.0892907305053398	-7.093349638870317e-05	5.031560909926165e-09	0.0079728345541772	0.4704453831308655	-0.0615515502819477	0.0037885933421111	0.2213188585091468	-2.4872101671575024e-05	0.0004991042861149	2.491050884182889e-07	6.18621441561165e-10	-0.0001550202802773	-0.0011480071245651	2.4031287297252648e-08	1.3179203580524583e-06	0.0016499949139807	-0.0003147675602236	2.722483216162178e-06	9.907861696911769e-08	0.0	0.0	0.0
52.26805373883625	-0.1785073815132989	0.0318648852547344	2731.9494416458742	61.59777125111827	-0.0044562666566179	3794.285423105092	1.9858312514884595e-05	53.04181069594164	0.0749864183234123	2813.433681904109	0.0056229629329737	54.40967539245007	51.62449759189139	1.090426	36.233711	0.0584753011365451	0.0336254817250778	-0.0126443332	0.1634716448	-0.1040276613	-0.0686697116	0.0148399826	-0.1506496849	0.0763976329	0.0793093759	-0.0828624836	0.0461808501	-0.0760533688	-0.1994754987	-0.1120429872	-0.0868402555	0.093099161	-0.1338007334	0.0103574685	0.0901545222	-0.1253669557	-0.0240741492	0.1220648348	-0.0392558501	0.2167988347	-0.0886676316	-0.1101905792	0.0342434265	-0.1030649563	0.0505924315	0.0115270864	-0.0639674771	0.0511182527	0.0003059162	0.0797726743	-0.1072827211	-0.0159405946	-0.0737301694	0.1072421504	-0.0866768	0.0016629588	0.0934161211	0.0750438135	-0.103792786	-0.0359960117	0.026295457	-0.0341129367	-0.0035818816	-0.1679536905	-0.0144608937	0.0491010425	0.0984329047	0.0440417937	-0.137451061	-0.0469590404	-0.0293150183	-0.0895012507	0.004308122	-0.0320804688	0.0521409176	0.0396197157	-0.0907322802	-0.0355149937	-0.0106104852	0.1284730615	0.160005158	0.0525271112	0.0522405664	0.0572879805	-0.0306905378	0.0326006894	-0.0993715387	-0.1345994413	-0.053113589	0.0257128889	-0.0124290194	0.048878398	-0.0456280046	-0.0393640142	-0.1694249042	0.0644701194	-0.1319216956	-0.0180713441	0.0885884488	0.0133432252	-0.034952124	-0.0726114547	0.1319466209	-0.0671628547	0.0256200021	-0.1119697333	-0.0720584213	-0.0022347408	0.1241833832	0.0016465315	0.0411304591	0.0353600033	0.0803792849	-0.0089143734	-0.0353012384	0.1129190345	-0.0931037201	0.118496599	0.1098446459	0.0477452323	0.0468140149	-0.110383333	-0.0620779488	-0.0375112589	-0.0405570357	-0.0337262111	0.0272733679	-0.0261059065	-0.1217789179	-0.0979322067	0.0282655908	-0.0831673916	0.2418923651	0.0778179514	-0.1715651032	0.0592627528	0.0117208073	0.0958354398	-0.0483626991	0.0394404161	0.1250399714	-0.0588488069	-0.0957596232	0.0323139495	-0.0778260054	-0.0365664715	-0.0668216004	0.1094200775	0.0850028322	-0.013091337	-0.0153165849	0.0657635559	0.0207610353	-0.0169000434	-0.046099026	0.0537743957	-0.1031144743	-0.0047315441	-0.0460416792	0.1016913134	0.0975674263	0.0204232931	-0.0378446945	0.0625010013	-0.0441128481	0.124151572	-0.0094257687	0.050482619	-0.0806810433	0.0094058119	0.0157285611	-0.1268768722	-0.0108424559	-0.1161480516	0.10490254	-0.0508551404	0.1410047203	-0.0271313772	0.0194935237	-0.0417101179	-0.160399572	-0.0969207142	0.1050724821	0.1023067888	0.0977510977	0.091485117	0.0	0.0	-0.0432040266215949	-0.0097127982651983	0.0018665879163194	9.433845014043916e-05	0.0942165321644949	0.004925801659155	2.4263521985335128e-05	0.0088767549331033	0.4405118348591443	-0.0299335482717211	0.0008960173121354	0.19405067665097	0.0001460397456462	0.0001709118473177	2.9210859553574443e-08	2.1327607308406792e-08	-4.787949820306281e-05	0.0001071407820742	2.292446348177095e-09	1.1479147183479184e-08	0.0016500053433981	1.0429417400016629e-08	2.722517633242282e-06	1.0877274730376957e-16	0.0	0.0	0.0
51.96934101481159	-0.2987127240246607	0.0892292914942331	2700.8124055137782	61.247783484158816	-0.3499877669594511	3751.2909817223976	0.122491437021263	52.999675045352014	-0.0421356505896284	2808.965554912909	0.0017754130506112	54.29830591991098	50.35382693400358	1.051517	34.940834	0.1121540124909847	0.0589690904617896	-0.1748975756	0.0890335373	-0.0227456935	-0.0417256537	0.0248971665	-0.047541869	0.0083219877	0.1309560344	0.0023628887	-0.0840537786	0.1015004189	-0.1393937501	-0.1159166831	-0.0752127242	0.0587202539	0.1018328366	-0.0534939615	0.0819973803	-0.0109991181	0.0538819794	0.0794600043	0.140679946	0.0541728107	-0.0439750698	-0.1627945551	0.0643958279	-0.0048643853	-0.0069472542	0.031715626	0.0447888642	0.0830065542	0.0246407617	0.0860663156	0.019264217	0.0251240825	0.0957317894	0.0262418568	-0.0916670249	0.0184541573	-0.0558106026	0.0664414758	-0.050903729	-0.1832680661	-0.1117609368	-0.0356132062	0.0035636738	-0.133680475	0.1006046195	-0.0064692142	0.0486604887	-0.0212031931	0.0919085119	0.0785965814	-0.024984979	-0.0338536536	-0.0244278668	0.0362315241	0.030095477	0.0824616869	-0.1529840563	0.0240367602	-0.1680301591	-0.0538132753	-0.0410937247	0.0052037457	0.051905613	-0.0026575569	-0.1063818192	-0.1121380973	0.0033893022	0.0593955535	0.064841932	0.0884077639	-0.0962558741	0.0599181457	0.0808135672	-0.1218565014	-0.0187543933	0.0045819053	0.0711763299	0.0080107839	-0.004045115	-0.0580120751	-0.0331091258	0.1175021794	0.0562918595	0.0328474831	0.1032360612	-0.0438431797	-0.1497296374	-0.0443497793	0.1071403411	-0.0366569133	0.0203503966	-0.0783615196	0.0767078951	0.1712649628	0.026477875	0.1223391797	0.0365322816	-0.0084980733	-0.0906603357	-0.0592057986	-0.1050049498	-0.0214603264	-0.0693297604	-0.0367615648	-0.0879737598	0.0158861408	0.0624455685	-0.1728302253	-0.0935984397	0.0649580388	-0.0313510307	0.0533963901	-0.0969755557	0.1323806653	0.0051878484	0.0219198688	-0.1540351052	-0.107392643	-0.0430220188	0.0347195145	-0.0286884677	-0.0666778148	-0.0577921116	-0.0747682108	0.0442176025	-0.0440984425	-0.1146248805	0.1072239366	-0.1140975274	0.0328214662	0.0863471826	0.0808614865	-0.080711218	0.0049034206	-0.0629293124	-0.0810383731	0.0747302161	0.0389758849	0.0293462746	0.1807952015	0.0062704126	2.1741e-06	-0.0084187391	0.1469323901	-0.0106302954	0.0385103813	0.0118834375	0.1303647201	-0.0388696763	-0.0721141733	0.0435214294	-0.0082620022	-0.1065529726	-0.0087880782	0.0185765647	-0.0863759292	0.0119816951	-0.0050816588	-0.1898669754	-0.1501977864	0.0144474111	-0.1000541238	0.1048092098	0.1012642201	0.0954444529	0.087480642	0.0	0.0	-0.0294748358616629	0.013729190759932	0.0008687659490719	0.0001884906789226	0.1058532407914754	0.0116367086269805	0.0001354129876692	0.011204908586058	0.4892111308448434	0.0486992959856991	0.0023716214295027	0.2393275305424905	0.0003330655907461	0.0001870258450999	3.497866673533179e-08	1.1093268773904859e-07	0.0005267747073811	0.0005746542055841	2.774915923364436e-07	3.302274559955653e-07	0.0016499090517147	-9.629168340008315e-08	2.7221998789301003e-06	9.272088292021846e-15	0.0	0.0	0.0
51.8286244170466	-0.1407165977649924	0.0198011608865546	2686.206308963279	60.905493219415625	-0.3422902647431911	3709.479104300283	0.1171626253379638	52.87744166582999	-0.1222333795220222	2796.023837123253	0.0149409990693747	54.16492776604998	49.37637856905473	1.037619	34.479	0.1167713633379639	0.0731240904537444	-0.223485532	-0.0399941556	0.0007950655	-0.0405590666	-0.1156399558	0.068844965	0.00420521	0.0635571567	-0.0677860978	-0.141613957	0.1575766424	-0.0636080957	0.0052368362	-0.001430239	0.08812212	0.0707945047	0.0618658094	-0.0036625979	0.013990945	0.0291487281	0.0743654006	0.0894803842	-0.0969424339	-0.1027761993	-0.0034921184	0.1515493974	0.0525658817	-0.0569786163	0.0057716525	-0.0344373206	0.1254837572	-0.0068482156	-0.0514771153	0.0548578753	-0.0679009935	0.0698469478	-0.0413851113	-0.1616131035	-0.0935999758	-0.0691566488	0.0828073341	-0.0416666322	-0.1087931893	-0.0538637451	-0.0522156797	-0.0660274498	0.1460192821	0.0389084081	-0.0248909438	0.0614463716	0.0564516436	0.0332572787	0.0411875133	0.0210031677	-0.0431313062	-0.0630017416	0.0575047798	0.0392030124	0.0075644617	0.0468090551	-0.0440782971	-0.0177008089	-0.0074161618	-0.0163206303	0.1110826355	0.0194314939	0.0005996262	-0.109703312	0.0353782982	0.0198952268	0.085401095	0.0537695024	0.0357444736	-0.0920512202	-0.0604140073	-0.108376641	0.0446661582	-0.0181316205	-0.0850545944	0.1653297955	0.0408349363	0.0537203878	0.04244154	-0.0006660115	-0.0196286748	0.0140235422	0.1242881339	0.0512992747	-0.034315158	-0.0611548471	-0.0728848036	0.0485229112	0.0317604481	-0.11584015	-0.0741698194	0.0080498467	0.140453602	-0.0254942548	-0.0534762619	-0.1085895179	0.0060617395	-0.0689187064	0.0733397161	-0.0702826113	0.0758760703	-0.0109747885	-0.0398732912	-0.1523802223	-0.0720909478	-0.049936999	-0.0906379103	0.0077700823	0.0012631608	-0.053138853	0.0147514821	-0.0315424678	0.0115947614	-0.0272784264	-0.0766608559	-0.008567318	0.0295682557	-0.0959460537	-0.0471921323	-0.0227698678	0.0460804386	-0.0163001419	-0.0432594239	0.0682106795	0.0427887299	0.0036817691	-0.0486223644	-0.0159079404	-0.0378956858	0.0693424074	-0.0837454145	-0.0517978327	-0.0133463608	-0.0442974335	-0.0007909893	0.0417519829	0.0415717513	0.1295602762	0.0713778568	-0.0173732455	0.0509122449	-0.0626990931	-0.0025465621	-0.0113026979	-0.0829965249	-0.0011991351	-0.0254322251	0.017102341	-0.1048080851	-0.020371151	-0.0380398197	0.0422344545	0.0010623093	0.0585584018	0.0592976263	0.1744113113	-0.095667411	-0.0449477201	-0.0606171035	-0.1246966188	-0.0615918772	0.1045132902	0.1000954889	0.0928702909	0.0830403428	0.0	0.0	-0.0264997535136188	0.002975082348044	0.0007022369362825	8.85111497764358e-06	0.0974092797093817	-0.0084439610820937	7.130047875591313e-05	0.0094885677735005	0.5391814165522746	0.0499702857074311	0.0024970294536823	0.2907165999553174	-0.0007439103890511	-0.0010769759797972	1.1598772610601388e-06	5.53402666938159e-07	0.0004963864204554	-3.0388286925700004e-05	2.463994784125252e-07	9.234479822786697e-10	0.0016501854689997	2.764172849999656e-07	2.72311208209776e-06	7.640651544675223e-14	0.0	0.0	0.0
51.87846751642172	0.0498430993751242	0.0024843345553185	2691.375391852424	61.09052608063171	0.1850328612160865	3732.052376808344	0.0342371597298115	52.90442411434016	0.0269824485101679	2798.8780908699764	0.0007280525276038	54.20635437743952	48.87811801868114	0.98838	32.842838	0.0604361778128614	0.0304611334461853	-0.1532569619	-0.1332553389	-0.0493736722	-0.0311806417	0.0627131148	0.0585732978	-0.0326566288	0.0714824694	-0.1346742903	-0.1687231138	0.0647402819	0.0595361047	-0.0847204199	-0.0845010257	0.1167291198	-0.0312637603	-0.0893859991	-0.0434493973	-0.0585277982	0.0746383503	0.044673859	0.0306639074	-0.0065872955	0.1526735421	-0.0287704934	-0.0720464332	-0.0182541875	0.0035218295	0.0942181438	-0.009341838	-0.0557146457	0.007287341	0.0353092366	0.1079728427	-0.124571852	0.0874924152	-0.0030042896	-0.0591507525	0.0741741824	-0.0721340489	-0.0989350967	0.0908539656	0.0281936643	0.1242335652	-0.0201166149	-0.0763519831	-0.0146263104	-0.0778925359	-0.0360753075	0.0157987437	0.0060270332	-0.0260442504	0.0945510658	-0.0856374163	-0.0147346573	0.0159295226	0.0922102516	0.0590907274	-0.0183768439	0.0066067849	-0.0286047275	-0.1463954337	-0.0534818677	-0.0842682401	-0.0323640722	-0.0981820566	0.0444844539	0.0264909619	0.0676873666	0.0073905436	-0.0666687804	0.021909431	0.1009003058	-0.0446973872	-0.0258521655	0.0820121253	0.140877456	-0.0831586478	0.0306724243	0.0494699966	0.0148254346	-0.0486874416	0.0406996481	0.0682491569	0.0472947577	-0.0998393799	0.1415875754	-0.039759251	0.040585787	-0.0900325842	-0.1191360103	0.012629768	0.0134030227	0.0743279208	-0.0783914738	-0.0957796435	-0.0397362398	-0.0009916368	-0.0182253439	0.0859225949	0.0591484123	0.0255198777	-0.0353348616	-0.0001130303	0.0159643171	-0.1036841568	0.0516927301	-0.0896876249	-0.0994634476	-0.0629072338	0.0325350907	-9.98083e-05	-0.0924523913	-0.006849689	0.0891912801	0.0296478043	-0.0801315727	0.1488544362	0.014352592	-0.0394609748	-0.0155826506	-0.018661188	0.0564468082	0.0248653493	0.1058386315	0.0215662154	-0.0315256918	0.0845880945	-0.0389822897	-0.0421827233	-0.1134859915	0.0336326162	-0.0864410627	0.0930057882	-0.0203057362	-0.0432397792	0.108673334	-0.1633121104	0.0236602218	0.0210155118	0.0568735991	0.1660385903	0.0876934786	-0.0177864743	-0.0165515588	0.0604248264	-0.0469030996	0.0741391978	-0.0530465159	-0.0099510156	-0.0814265817	0.0220762891	-0.0079494518	0.054031669	-0.0837041845	-0.0402305754	0.0228941228	0.0329537011	0.1026056135	0.0943953887	0.0100522206	0.0481057228	0.0195689662	0.1344339685	-0.0683231944	0.1041848154	0.0988020511	0.0900358269	0.0781863408	0.0	0.0	-0.0205010333987871	0.0059987201148317	0.0004202923704181	3.598464301608647e-05	0.1033134999839262	0.0059042202745445	3.485981705034233e-05	0.0106736792789287	0.5518638658546848	0.0126824493024102	0.0001608445203082	0.3045537264360776	-0.0003877077290452	0.0003562026600059	1.268803349952788e-07	1.5031728316138622e-07	0.0008571810629349	0.0003607946424794	7.347593746542049e-07	1.301727740419102e-07	0.0016501670090636	-1.8459936099906107e-08	2.7230511578019077e-06	3.407692408126167e-16	0.0	0.0	0.0
51.93265479840506	0.0541872819833386	0.0029362615287418	2697.000634410304	60.99404017575137	-0.096485904880339	3720.272936961173	0.0093095298405778	52.83657459394466	-0.067849520395498	2791.7036148214784	0.0046035574178991	54.11441520665329	48.87926395947309	0.982958	32.662659	0.132076696533887	0.064165964487175	-0.1054122202	-0.13563269	-0.1326872538	0.0397667358	-0.05834146	0.025723402	0.0649422757	0.0721621327	0.0505720269	-0.1501509304	-0.0225075227	0.0007348971	0.0221996503	-0.0662493014	-0.0115705817	0.1500659857	0.0359273582	0.0208810856	0.0303509358	-0.0668320717	0.0999056203	-0.0707747507	0.0367110687	0.0782855296	0.0623394806	-0.1786441545	0.1021169901	0.1096159243	0.0024946584	0.1560002674	-0.0309178206	0.0418732445	-0.0394798558	0.0555225196	-0.1111648711	-0.0798906106	-0.0153452588	0.0859392335	0.0062459511	-0.0185525038	-0.0440283687	-0.0010164374	-0.0346956116	-0.0749118123	-0.1555678494	-0.0138043221	0.0833862745	0.0296407845	0.0220025979	-0.0112400146	0.1589762342	0.0741096428	-0.2215214162	0.1093005963	0.0651894615	0.0033326344	0.0239107315	-0.0372138103	0.0081121194	-1.07177e-05	-0.0550676115	0.0396338117	0.0483518434	0.026592156	-0.0723252865	0.0383335647	-0.0315408557	-0.0322980487	-0.0136767419	-0.0610130632	0.0387563643	-0.0516981985	-0.1051990906	0.0653861199	0.0654556621	0.0173157147	0.0549829289	0.0556405017	-0.0406368171	-0.0912910257	0.0290200283	0.0134144925	0.0657168077	-0.0614298105	-0.0258017371	-0.032872517	0.1180946637	-0.0930348906	-0.0452571826	0.0864862122	0.0543804811	-0.0025192958	-0.074585561	0.0023283429	-0.0188362395	0.0625865684	0.034407506	-0.0387071234	0.0346204791	-0.0944212306	0.0083956165	-0.1168327447	-0.0626108203	-0.008917243	0.1761360781	-0.0832745291	0.0042712372	0.1333415629	0.015384686	0.0731304773	-0.0127616317	0.1168785133	-0.0377685634	-0.0759011981	0.0792157972	0.1588154512	-0.0688241661	-0.0301769623	-0.0977613952	0.0131336459	0.013695112	0.0777374743	-0.0393871413	-0.0622791509	-0.03991561	0.0445249741	-0.0272969392	-0.1089107018	-0.0425622777	0.0302535154	-0.0244730904	-0.0352108738	0.0670686537	-0.0158223748	-0.0484161802	-0.0743128033	0.0761375051	0.102318748	0.0763516208	-0.1161887739	-0.0617973584	0.0939296765	0.1113111343	-0.0572892417	0.053483637	-0.0318833521	-0.1453571074	0.0184174298	0.0774106507	-0.0597135217	-0.0808985625	0.0113409462	0.02020406	-0.056547359	-0.0311989551	0.0075756458	-0.0150731464	0.0780318367	-0.0268425672	0.014509857	-0.0086531871	-0.0163618228	-0.0234217339	0.0381065483	-0.1324230241	0.1038238878	0.0973855183	0.0869490055	0.0729428184	0.0	0.0	-0.0381768925665682	-0.0176758591677811	0.0014574751260392	0.0003124359973192	0.1005871677747194	-0.0027263322092067	7.4328873149583695e-06	0.0101177783209395	0.5047574007937357	-0.0471064650609491	0.0022190190505384	0.2547800336560479	0.0001479164934793	0.0005356242225245	2.868933077549752e-07	2.18792890432118e-08	0.0001016222004828	-0.0007555588624521	1.0327071630966396e-08	5.708691946299114e-07	0.0016499892921212	-1.777169424000552e-07	2.7224646641146187e-06	3.158331161602453e-14	0.0	0.0	0.0
52.07743682433639	0.1447820259313275	0.0209618350327795	2712.059426192748	60.884345591485086	-0.1096945842662862	3706.9035381033896	0.0120329018173533	52.85947497215497	0.0229003782103092	2794.1240943318776	0.0005244273221752	54.111506336121614	49.36170913701389	0.955448	31.748562	0.0213301138961973	0.0143438143495624	-0.0567249813	-0.0879837818	-0.1263265588	0.0826959665	-0.1211231765	0.0847629614	0.0099959587	0.0771540699	-0.098466537	-0.1390440982	-0.0144601643	-0.0255891857	0.0981331121	-0.0103109051	-0.0256459691	0.0246526097	-0.064923353	0.0337472255	-0.0935870645	-0.0631022684	0.0889564703	-0.0633906359	0.0320149796	-0.084899346	-0.1178839518	0.0523088663	0.0573347005	0.0777352062	0.0357017531	-0.0425938652	0.0032537913	-0.0584026846	-0.0347347554	-0.0087115391	-0.0909198066	-0.085329401	-0.0439405258	0.0410860095	-0.0252310064	0.0656510754	-0.0243208479	0.0117227586	0.1504564503	-0.0878577312	0.1616696381	-0.1196595916	-0.1203955787	-0.0414635979	0.1282402474	0.1395958864	0.0972047106	0.1070547345	0.0856110378	0.0535850389	0.0668633444	0.0249148186	-0.0593617116	-0.0110847274	-0.0704580851	-0.0723280304	0.0527075921	-0.0294214524	-0.028698087	0.1225761053	0.074433579	0.0704608962	-0.0137449605	0.038184792	0.0363232372	-0.0302348451	0.0066009894	0.0585458031	-0.0394138786	-0.0950838358	0.0270233937	-0.0220577412	-0.0285948365	-0.0638549881	-0.006016566	-0.0510505419	0.0236358758	-0.0220994248	-0.0519108141	0.1274283355	-0.0427834533	-0.1418518343	0.1078832735	-0.0678012705	-0.0536114105	0.1160836965	-0.1093826909	-0.0185621119	-0.1714465649	-0.0188879907	0.0313148455	0.0298160972	0.0031801718	0.0708887268	0.070704567	-0.0040626374	-0.0634235431	0.0471187896	-0.0018852023	0.2146170528	0.1273026166	-0.1133911931	-0.0658578922	0.0509160871	-0.117780021	0.1092479499	-0.0436002517	-0.0702554272	-0.0095478222	0.07387939	-0.0527368677	-0.0985201486	0.0713150181	-0.0617735679	0.0249703856	-0.075646925	-0.0523106485	-0.1230925596	0.0402175151	0.0242034362	-0.0658447509	0.0399865447	0.1090591241	0.1162723831	0.0565013331	0.1020173161	-0.1079627831	0.0617057411	0.0510825993	0.0370725851	0.0076421978	0.1446981975	-0.0206980546	0.0129752339	0.0843708076	-0.0986638184	0.0474136586	0.0885753777	0.0704152778	-0.0513862641	0.0777770817	0.0839239663	-0.0500218203	-0.0052503472	0.0395646956	-0.0566700297	-0.0426665458	-0.0150011479	0.082681298	-0.1184973329	-0.0123545616	-0.0794260015	-0.0599077614	0.0458190971	-0.0263647029	0.0361154323	-0.0054703173	0.0384823543	-0.0293845755	-0.0318115789	-0.0799417593	0.1034306197	0.0958476552	0.0836184785	0.0673358985	0.0	0.0	-0.0521609621332288	-0.0139840695666606	0.0027207659706641	0.0001955542016452	0.1013191898917966	0.0007320221170771	5.358563798901771e-07	0.0102655782403299	0.5075713566334628	0.0028139558397271	7.91834746793425e-06	0.2576286820747338	0.0001849426898716	3.70261963923e-05	1.3709392192811696e-09	3.420379853694282e-08	6.965319216845067e-05	-3.196900831434932e-05	4.851567179255118e-09	1.022017492602936e-09	0.0016569954148692	7.006122748000072e-06	2.7456338048975524e-06	4.908575596004408e-11	0.0	0.0	0.0
52.09683004804439	0.0193932237080005	0.0003760971257885	2714.079701054821	61.22772218130685	0.3433765898217658	3748.833963511295	0.1179074824376251	52.98372799687132	0.1242530247163529	2807.2754324464463	0.0154388141511626	54.27362242424082	49.02434983210715	0.986738	32.788284	0.1445062171470235	0.0708676908248283	-0.0541415809	-0.039404411	-0.0340510059	0.1888727466	0.0685497341	0.0006545024	-0.0391221931	0.1133476882	-0.0333100683	-0.1083817488	-0.1372136082	0.01494806	-0.0400563969	0.0057924217	0.0957760198	-0.1248006104	-0.0225467273	0.1987752892	0.0628417951	-0.0576602175	-0.0347588775	2.38105e-05	0.0850113671	-0.0582630573	0.1536221571	0.1976935012	0.0248195944	0.019309345	0.0242064015	0.0450851886	-0.0980227484	-0.0148890436	0.1404070371	-0.0015144416	-0.0193413027	-0.0241923287	0.0232319512	-0.0337647018	0.0431074891	-0.0096828591	-0.0832667319	-0.1450225943	-0.0179525772	-0.0285017818	-0.0741918448	0.0433621572	-0.1407742073	-0.0252853741	0.1048156242	-0.135040359	0.002584646	-0.0986452527	0.0798731804	-0.053117013	0.0484927727	0.030713199	-0.1041430033	-0.1192285307	0.0747946543	0.1651523209	0.0227840447	-0.0023947441	-0.0201905549	0.0123909661	0.0412041326	-0.0541114893	0.0720943317	0.0519672634	0.0220556152	0.0108453938	-0.0370745546	-0.0934493013	-0.099863579	-0.0516413391	-0.0364915138	-0.1582622971	-0.01454943	0.1261559558	-0.0424067721	0.1212294884	-0.0884773448	-0.0267152712	0.042975293	0.0874265996	0.0515830227	0.0596343579	0.0192231862	-0.1449269142	-0.0519171583	-0.0823730791	-0.0509078269	0.1686392609	0.1123183259	0.0415419485	-0.0935121246	0.0384988156	-0.0586666834	0.0373008427	-0.0694165824	0.0564231627	-0.1195109573	-0.0468679357	-0.0460897477	0.1114777023	-0.1803827739	0.0589035556	-0.0454381374	-0.0023179061	0.0567803534	0.0948101489	0.0288949615	0.0077229188	0.0701601023	0.0640332683	0.0131962277	0.006933107	0.0267753069	0.0015094122	-0.0187744529	0.1112540016	0.0551850352	0.051591871	0.0674353048	0.0013611579	-0.0205634802	0.0260164637	-0.0200048153	0.0596593232	0.0789980337	0.1139042418	2.03167e-05	-0.0608389	-0.1034223787	-0.0875876481	-0.0947145102	-0.0226133756	-0.009698627	-0.0444414032	0.163838607	-0.0386626356	0.0482416843	0.0745190479	0.004035347	-0.080248649	-0.0131368826	0.0957188318	-0.0125724025	-0.022465787	-0.1269671171	0.063644089	0.0601177804	-0.0479431529	-0.0371659044	-0.0593141077	0.0917410979	-0.0829815952	0.0857604416	0.1308469014	0.0454880066	-0.0605019948	0.0310762407	-0.0291203448	0.0157967604	0.0792694538	0.1232334921	0.1030051337	0.0941903779	0.080053581	0.0613935146	0.0	0.0	-0.0399976078747528	0.0121633542584759	0.0015998086357024	0.0001479471868171	0.089158949564208	-0.0121602403275885	0.0001478714448247	0.0079493182873929	0.5473882436700492	0.0398168870365864	0.0015853844932842	0.2996338893081812	-0.0008509259618428	-0.0010358686517144	1.073023863604609e-06	7.240749925380942e-07	0.0005448368066602	0.0004751836144917	2.968471458916842e-07	2.257994674814435e-07	0.0015607329705879	-9.626244428130008e-05	2.4358874054801307e-06	9.2664581790104e-09	0.0	0.0	0.0
52.36547337568953	0.2686433276451438	0.0721692374882561	2742.142801860049	61.69747462639442	0.4697524450875647	3806.578375274583	0.2206673596657455	53.12916018130511	0.1454321844337869	2822.7076615707765	0.021150520269183	54.43301669436712	49.91212589919248	1.035006	34.392181	0.0760630098450576	0.034266720806284	0.0437374588	-0.1307259059	0.045885315	0.0434566922	0.0298394998	0.0022924401	0.035839353	0.0719314377	-0.0349471278	0.0183060685	0.0577271166	0.1289522883	0.0343372909	-0.0402444443	0.0677581105	0.0698331299	0.1963811981	0.0039324505	-0.0498262505	-0.0742927615	-0.0393737866	0.0161261922	-0.0932319266	0.0990442864	0.102592253	0.0349714935	0.0407908931	0.0505010485	0.0673344824	0.019422761	0.1463957893	0.0117025971	0.1386250075	-0.0381002515	0.0730180068	0.0227296321	-0.0203744997	0.1325650195	-0.0089312808	0.0236488514	-0.0199934864	-0.048851672	0.1473230587	0.008502356	0.0258660418	0.0396532687	-0.014087516	0.0560699269	-0.130236374	-0.033183729	0.0035034115	-0.0502127824	0.0089098278	0.1055515972	-0.0751247168	-0.1262990888	0.1070968535	-0.0054503063	-0.0547370611	-0.0303354768	-0.1506315225	0.0676078585	-0.0263466054	0.0611811492	0.0696465163	-0.0775215519	-0.1089708682	-0.1021494909	-0.0586565588	0.1551870974	0.1038434884	0.0987475371	0.0359000479	0.0655698976	0.0236034304	0.0291611903	-0.0216080987	-0.040015535	0.0339752637	0.0121818159	0.0453682237	-0.0084674029	-0.036902894	0.0489310997	0.0360326341	0.0489203566	-0.0308454883	0.0084570388	0.0844715356	0.0301511081	0.0412863467	-0.0565523651	-0.0692056524	0.1395986481	0.0762002274	-0.031031451	-0.1508094958	0.0790395855	-0.0417180891	-0.0497032806	-0.1376287201	-0.0300513481	-0.0612836	0.0093244345	0.0510924586	0.0903643933	0.0360388754	-0.0660221032	-0.0908495541	-0.1597268907	0.0105213007	0.0535657378	0.0479138055	0.0426291381	0.0632701287	0.1298226179	0.0916786846	-0.0883840085	-0.0170099054	-0.0365172048	0.082086332	-0.0500795221	-0.1912203162	-0.0558326991	0.0471979102	0.0423434242	0.0962228832	-0.0866633079	0.0196115803	-0.0342188084	-0.004685653	-0.0691179413	0.0651375307	0.0788047739	-0.0793144994	-0.1251790306	-0.0832546397	0.056348505	-0.042697082	0.0372005279	0.0098995189	0.0849720155	-0.0413877348	0.031472152	-0.0701261366	0.0629434582	-0.1511927906	-0.0209034042	-0.0896581299	0.0120147252	0.0285568222	0.1090257132	-0.0499351466	0.0332216779	0.0378243874	-0.0539400761	-0.0422868183	-0.0611099063	0.0215294106	0.0166917545	-0.0115009453	0.0208898266	0.0840637163	0.0715154419	-0.0506272301	0.1025475623	0.0924157511	0.0762643048	0.0551452713	0.0	0.0	-0.0314507573203712	0.0085468505543816	0.0009891501360248	7.304865439893315e-05	0.0842727422784435	-0.0048862072857644	2.3875021639458072e-05	0.0071018950911289	0.5659130725955208	0.0185248289254715	0.0003431692867179	0.3202576057345032	-0.0009909500574313	-0.0001400240955885	1.9606747345377383e-08	9.819820163230966e-07	0.0010656182668937	0.0005207814602335	1.1355422907375328e-06	2.712133293229365e-07	0.0017820298763547	0.0002212969057668	3.1756304802207475e-06	4.897232050195998e-08	0.0	0.0	0.0
52.53515039336537	0.1696770176758377	0.0287902903273665	2759.9420268535177	61.64973829176042	-0.0477363346339956	3800.690231442551	0.0022787576442888	53.04743104291386	-0.0817291383912532	2814.0299402527007	0.0066796520621766	54.3506161795066	50.65282080039621	1.008857	33.523258	0.1007187366976269	0.0653070962825708	0.0948812587	0.0350945915	0.0267070528	0.1036655418	0.0729491729	0.1545451982	-0.050662219	0.1186427982	-0.0284994164	0.0088850967	-0.0433422053	-0.0022778247	0.0686251245	0.0090102809	-0.0614423682	-0.1010048896	0.0421937555	0.0283811256	-0.0091748141	0.0062014197	-0.0400630384	0.0388147453	-0.2394542265	0.0635272391	0.1101596731	-0.074720379	-0.0400554788	-0.0963051288	0.1381224701	-0.0212278179	0.010624105	0.0733460871	-0.0153142221	0.0716291954	0.0665809232	-0.0076915363	0.021563859	-0.0031105927	0.0703298651	-0.0257193688	0.0588622924	-0.0606335605	0.1147206954	0.0563692967	-0.0749984967	-0.083134512	0.0953690971	-0.1290279438	-0.1527395249	-0.0595565077	-0.0929326649	0.0439442436	-0.0658786454	0.0422481184	0.0038695945	-0.0225122793	-0.1619800899	0.1185830621	0.0113809076	-0.0595728517	-0.0678055357	-0.0228377136	0.0027562844	0.063563882	0.0431311788	-0.1017889545	-0.0103719777	0.0144441063	-0.0394718771	-0.0061737932	-0.0240035328	0.0781116729	-0.0753501301	-0.0520057912	-0.074353601	-0.0368714951	0.0014065429	0.0588916155	-0.0866761448	-0.0343254752	-0.1375039635	-0.0674962344	0.0141185607	-0.0107866783	0.0020439539	-0.083999887	-0.0633460894	-0.030083921	0.0147740298	0.0660992959	-0.1190870345	-0.0754228017	0.1704265011	-0.0032536868	-0.0274173162	-0.0585468557	-0.0713001729	-0.014248037	-0.0359022573	-0.1313301034	-0.050918648	-0.0295842293	0.0930646951	-0.0869396359	0.0415009187	0.0203850705	0.0887229287	0.1240680591	0.0306590683	-0.0987180345	-0.0222969979	0.1075656408	0.0465989331	0.082241977	0.088164203	-0.0065947834	0.1183947498	-0.0430300837	0.0404709719	0.0612287557	-0.0067890389	-0.0271946158	0.1000517201	-0.0599328758	-0.0044246821	-0.0330489543	0.0052102709	0.0294269286	-0.0452721375	0.0725947273	-0.0392244363	-0.0270946841	0.0443211564	0.0738867679	-0.023247274	0.0512923234	-0.0104915778	0.0312220722	0.046333132	0.0229069194	0.0017323384	0.104029678	-0.165068507	0.1150964418	-0.0076487694	0.0082036382	0.0132109005	0.0278402141	-0.0625212166	0.018241205	0.0204270591	0.1500398579	-0.0445982628	-0.0354056069	0.0498091471	-0.1456767707	0.0497329526	0.1211115553	-0.0145802361	0.0217650138	0.0037407757	0.0337917981	0.017074377	-0.1460986321	0.0246100955	0.1020580481	0.0905259858	0.0722612707	0.048622297	0.0	0.0	-0.035998770708133	-0.0045480133877618	0.0012959114924967	2.0684425775260613e-05	0.0912667467745222	0.0069940044960787	4.891609889116913e-05	0.0083296190668047	0.5604866131306494	-0.0054264594648714	2.944646232389255e-05	0.3141452434986662	-0.0022146849687307	-0.0012237349112994	1.4975271331329506e-06	4.904829510721701e-06	0.0009133601379498	-0.0001522581289439	8.342267415956777e-07	2.3182537829497282e-08	0.0014830177296197	-0.000299012146735	2.19934158636637e-06	8.940826389507318e-08	0.0	0.0	0.0
52.50114745756439	-0.0340029358009772	0.0011561996430853	2756.3704843609203	61.942841019663774	0.2931027279033529	3836.915553587341	0.0859092091043869	53.11748454979891	0.0700535068850527	2821.4671648981257	0.0049074938268941	54.47597511437163	50.87585457208535	0.993443	33.011097	0.0959038778795703	0.0594937374629093	0.090394358	-0.0182357174	0.0422012782	-0.1097208061	0.0732689534	0.0796148052	-0.0428796126	0.0588250206	-0.0055684652	0.118627002	0.0336242186	-0.0014101272	0.0350974948	-0.1249728579	0.0071060781	0.0136789032	-0.0494074324	-0.0172983697	0.0478477161	-0.0621600244	-0.0239932649	-0.0010431455	-0.0217426479	0.0764654205	0.1124335344	0.0355366952	-0.0083873552	-0.1104865084	0.0436705258	-0.1349706952	-0.0863852168	-0.0039242668	-0.1088333157	-0.0068985103	0.0901192641	0.0153058091	-0.011734096	-0.0303472355	0.0425816027	-0.0310526805	0.0053341716	-0.0240287582	-0.0198494064	0.0414744446	-0.0328776703	0.1095465755	-0.1322294376	0.0408303911	0.0799951069	-0.0704891598	0.0315321281	-0.0578428468	-0.0473002872	0.0304754423	0.1500382842	0.0143430748	-0.0053383356	-0.0298958365	-0.0103859603	0.1011378541	0.004815456	0.0019121932	0.0237793791	0.0179374643	-0.0529019512	0.0550718465	-0.0159406555	0.0718424968	-0.0048262329	0.0415942121	-0.033521286	0.1433860009	0.023907244	0.0550612372	-0.0074287362	0.0268090229	0.0206356961	0.0110451253	-0.0944335768	-0.059687459	-0.0981632566	0.0603548391	0.218142182	0.0583116981	-0.0493544986	0.0338689701	-0.1234935562	0.0302669476	0.0465569279	-0.0274869982	-0.0275506681	0.0624057894	-0.0296461353	0.0298520093	-0.1207734893	0.0454342024	-0.0158750471	0.0538411292	0.0554995507	-0.0006476798	0.0610058399	-0.0184217796	-0.0640552258	0.0300877328	-0.0599684722	0.0664801872	0.0035142615	-0.0058104598	0.0309424221	0.0178136132	0.0387984441	0.0966431611	0.0880494998	0.0025413582	0.0149373729	-0.0339329047	0.0354951048	-0.0075990761	-0.0263988176	0.0550820903	0.0346077468	0.023385178	0.0784072315	0.0037781398	-0.0567746019	0.0142073687	-0.0698694494	0.0517585674	-0.0081310156	-0.0391364513	-0.1692424618	0.0411416993	-0.0032958308	0.1459024509	0.091945318	-0.0947465638	-0.0856171075	0.0054641196	0.0737527947	-0.0143989293	-0.0224348444	0.0500524624	-0.0573435339	0.1612824977	-0.1232407583	0.0104676636	-0.0035925516	0.104693544	0.0267470141	0.0098472008	-0.0045262208	0.0747235373	-0.0727644861	-0.011491891	0.0091415951	-0.0176292497	0.0301827805	0.0225764436	0.0272748715	-0.0122958799	-0.0462117052	-0.0304013958	-0.0196234392	0.0353710974	0.0828548285	0.1015367435	0.0885234364	0.0680556987	0.0418570888	0.0	0.0	-0.039254452229855	-0.0032556815217219	0.0015409120198659	1.0599462170882046e-05	0.0930680160464305	0.0018012692719082	3.244570989921041e-06	0.0086616556108186	0.5475080357622844	-0.012978577368365	0.0001684434705066	0.2997650492242748	-0.0011589137536206	0.0010557712151101	1.114652858655057e-06	1.343081088330989e-06	0.0013177030906001	0.0004043429526503	1.7363414349770554e-06	1.634932233579628e-07	0.0013857649030286	-9.725282659109997e-05	1.920344366465865e-06	9.45811227995856e-09	0.0	0.0	0.0
52.36835990786939	-0.1327875496950028	0.0176325333540028	2742.445119440142	61.57368474906975	-0.3691562705940256	3791.318653577825	0.1362763521188895	53.04339153808955	-0.0740930117093583	2813.6013858630704	0.0054897743841631	54.33389817327415	51.007316044971695	0.997053	33.131042	0.0697992647359064	0.0393184450823105	0.0308956123	0.1152673676	-0.0453611994	0.0030308042	0.0903485018	0.0807764727	-0.0106768707	-0.0400696264	-0.0334017391	0.0304129579	-0.1100362427	-0.0602521	-0.0002111766	0.0148559938	0.0585175478	-0.0236253101	0.0309696734	-0.0540859847	0.1756185786	0.0160415307	-0.034632099	-0.0167699527	-0.0489978114	-0.0583103216	-0.0483237737	-0.0688094173	-0.093655612	-0.004481285	-0.0171814096	0.0728203796	-0.0089186307	-0.1419796047	-0.1037338535	0.0455636532	-0.0107718029	-0.0440640177	0.0891412631	0.0439257324	-0.0407839099	0.0474190906	-0.0224001845	0.114501294	-0.0193731532	0.0517718605	-0.0342878819	-0.1558676578	0.1367755222	-0.0067308204	-0.0669334338	-0.052483886	-0.0070008494	0.0627199818	0.1561332199	-0.0374416839	-0.0160542102	-0.0323977072	0.0612355049	0.0516458263	-0.02319123	0.0388921872	0.0665020204	0.0950571477	-0.1179927948	0.0668614073	-0.0067667395	0.0106354662	-0.0189909388	0.0185858034	-0.0749426243	0.0091827628	-0.186994582	0.0285685106	-0.0768334673	0.0054485228	-0.0260916295	0.0984513319	-0.1719430735	0.1040200764	-0.0974590183	0.0469448518	0.0161920564	0.064821073	-0.0547788454	0.0646896038	-0.1847023097	0.0283349475	-0.0774666911	-0.0162270368	-0.0911451326	0.0497343971	0.0119127506	0.0366878144	0.000303137	0.0117472408	0.0323866609	-0.0697748956	-0.1454859874	-0.1633369897	-0.0378494519	0.0123949825	0.0058063788	-0.0232025446	0.0803321037	-0.1335672743	0.039505203	-0.0514437215	0.0929502348	-0.062628457	-0.0545531063	-0.0786092702	0.0353028745	0.0907539708	-0.051292394	0.0117095938	-0.0094903938	-0.0381269654	-0.0399041755	-0.0578101948	0.0603672789	-0.0374897388	-0.0308369474	-0.1112669061	-0.0117373939	0.0303578975	0.0160693494	-0.0154645053	-0.0915723479	0.1652649123	0.0333181683	0.0715376056	0.0544895252	0.0274403823	-0.0076760347	-0.2108322173	0.0366099408	-0.0772241517	0.0665391004	-0.0412645885	-0.0355597876	0.0453481721	-0.2281410434	0.0502636499	-0.0847606416	0.1099466991	0.0634449463	-0.0688912638	0.0316402048	-0.0302604032	0.0317371483	-0.0267009916	0.0325716527	0.1415123999	-0.1044012705	0.1265912568	0.0390104013	-0.0432420198	0.0309965718	-0.0302736273	-0.0588490065	0.0802925563	-0.0320533382	-0.0564695416	0.0777113353	0.0126923588	0.0045376549	0.1009838109	0.0864105979	0.0636593764	0.0348833508	0.0	0.0	-0.0490218881518131	-0.0097674359219581	0.0024031455179688	9.540280448955758e-05	0.0951367310321131	0.0020687149856826	4.279581691987778e-06	0.0090509975914766	0.5331171113420936	-0.0143909244201907	0.0002070987056676	0.2842138544057382	-0.0012789045715703	-0.0001199908179496	1.439779639223802e-08	1.6355969031834124e-06	0.0005961333760797	-0.0007215697145204	3.5537500207618106e-07	5.206628529130516e-07	0.0013558816473372	-2.988325569139999e-05	1.8384150415858396e-06	8.930089707175898e-10	0.0	0.0	0.0
52.34445649169514	-0.0239034161742495	0.0005713733047993	2739.9421254109657	61.688170396364654	0.1144856472949058	3805.430366850921	0.0131069634365335	53.0761165167453	0.0327249786557501	2817.074144499124	0.0010709242280193	54.37589025546646	50.17902554005863	1.001287	33.271721	0.0623065088692765	0.0282125331049872	0.0222491437	0.0067433359	0.0901916436	0.0114100461	0.009548937	0.1524417323	-0.0438011654	-0.0891181256	-0.0173165444	0.0138360646	0.0277581226	0.0114699261	0.046790545	0.0584205281	-0.0647249249	-0.0782928782	-0.0664702866	-0.0220121033	-0.0341513358	0.0078341806	-0.0761377261	-0.130554255	0.0178744815	0.041242722	-0.0200408094	-0.0708393352	-0.0188942782	-0.0905948818	0.0223931526	0.0010925582	0.0337673148	0.0020349375	-0.0720315991	-0.0957979228	0.0714814474	-0.0953760588	0.0067613486	-0.0255493372	0.0883205113	0.1073681549	0.0722347495	0.0530581578	-0.0719638833	-0.0544696414	0.1102344383	0.0212162097	0.1267601037	-0.0398723913	-0.119483296	0.0621961564	0.1006861012	-0.0427937702	0.0614524696	0.0158596958	-0.1024752516	-0.1359228782	0.0430474912	0.0382279855	-0.0145633758	0.0628911449	0.0708954377	0.0896392156	-0.1005351255	-0.0857314035	0.0026207772	0.047373225	0.0808127473	0.0329870243	-0.0444523995	0.0243581314	0.067094333	-0.0292686602	-0.0053810081	0.1233057627	-0.0761027773	-0.1281900331	-0.0122004765	-0.0580683803	0.0234884658	-0.0294613329	0.0777308617	-0.0195800355	-0.0544197558	-0.1542856876	0.0918098425	0.0897196608	-0.0120221671	0.0406823828	-0.0061125232	0.0416931532	-0.0043428173	0.0278647458	0.0607736801	-0.0159821916	0.1657274382	0.0328355317	0.0399219914	0.0435913619	0.0142459792	0.0105396535	0.0623582363	-0.0621748699	0.0939956067	0.0087094224	0.1593979056	0.0898243811	-0.0168524844	-0.0029433771	-0.1357509804	-0.1425168991	0.0268448885	-0.0256661077	-0.073142624	0.0267865866	-0.1335845313	-0.1360188557	0.0099575307	0.1066857466	0.0053056623	0.0249501031	-0.0854214933	0.0132525781	-0.0167258129	0.0609843579	-0.0409314408	0.0394075118	-0.0582934814	-0.0882727205	-0.0833443934	0.1304061428	0.0059260492	-0.0920082442	-0.0394995791	0.0969215907	-0.1036238037	0.0954031893	-0.2145048125	0.0382111277	0.0102387232	-0.0027642158	0.0012051391	0.0987208388	-0.1078417639	0.0647297621	-0.0057346906	0.0225353466	0.0487827656	0.0855545044	-0.0099293575	0.0571376719	0.0341685611	0.083588523	0.0194633721	-0.0026102188	0.0669159306	0.0895606646	0.0145223125	-0.0237458606	0.0299071672	-0.0480184118	0.0094217136	0.0457246539	0.062580318	0.0317259478	0.0008768798	0.1003994225	0.0841901024	0.059084626	0.0277358257	0.0	0.0	-0.0429052534598213	0.0061166346919918	0.0018408607744515	3.741321995527762e-05	0.090871547023454	-0.0042651840086591	1.8191794627721363e-05	0.0082576380584358	0.5560299365715693	0.0229128252294756	0.0005249975599964	0.3091692903637834	-0.0014441457847102	-0.0001652412131399	2.7304658519945876e-08	2.0855570474962395e-06	0.0008469025609378	0.000250769184858	7.17243947723004e-07	6.28851840743959e-08	0.0015201085481222	0.0001642269007849	2.310729998074183e-06	2.697047494144621e-08	0.0	0.0	0.0
52.37714980567323	0.0326933139780862	0.0010688527788697	2743.365821765935	61.60439761368545	-0.0837727826792047	3795.101805345053	0.0070178791178172	52.94724404035941	-0.1288724763858937	2803.410651469375	0.0166081151698327	54.26965246702496	50.5360247611787	0.973889	32.361324	0.0823954855200663	0.0412515796978837	0.0474886006	0.0407467807	-0.0650784882	0.0312301367	0.0101464574	0.1146569458	-0.0258628174	-0.1628749746	0.0711004668	0.0274922419	-0.0704435968	0.0206095926	0.0646753466	0.0322878154	0.0025512904	0.002672186	0.0450724994	0.006789908	0.0288818838	0.1229913596	0.0303537631	-0.1029462458	-0.0239024532	0.0030751531	0.0788154316	0.0097255225	-0.0734403881	-0.0001638214	0.0744333433	-0.0508028419	-0.053653249	-0.1540725459	-0.0271347445	0.0458450979	-0.0402760342	-0.0817577986	0.0326745568	-0.013198722	0.0451929541	0.0854086704	0.033855842	0.098754482	-0.0200272096	0.1093123665	0.0269349564	-0.0720948466	-0.0019001483	-0.0279065594	0.1048270044	-0.0372111565	-0.0484574305	0.0280494796	-0.0118728371	0.0216947641	0.093076273	0.0529455533	-0.0576628841	0.0803233212	-0.1000823554	0.0560752766	0.1066653191	0.0570496351	0.0565050027	-0.0979484544	0.018004065	-0.1302418712	0.1386062976	0.0048230079	-0.0421699013	-0.0213425714	0.0090439625	0.0349196726	-0.0734265077	0.0101868493	0.0378466154	-0.0934030531	0.074509317	0.0836961737	-0.1371733053	0.0074811046	-0.0703553604	-0.0964968483	0.0491813513	-0.0733179282	0.0204771705	0.0041795698	-0.0169674956	-0.0477142586	-0.0331437249	0.0781299269	-0.0262661557	0.0067637699	0.0258509133	-0.0933737506	0.0422262648	-0.0396251206	-0.0393361315	-0.0618537715	0.0324132131	0.0717671434	0.0474465093	0.1069628728	0.0111918354	-0.0591092096	-0.1194103617	-0.1100147865	0.0179536646	0.0411944364	-0.0008066969	0.0486568286	0.1379187452	-0.0041729632	0.0930393373	0.1563816997	-0.0481226194	-0.0829984205	-0.1180819326	0.0293312299	-0.1072040912	0.0595566695	-0.067759309	0.0175289275	0.0049275371	0.0159666686	0.0017763836	-0.0192892638	0.0092902858	-0.0026508243	-0.1767736837	0.1004542771	-0.0455805788	-0.0745312163	0.0021752017	-0.0114748891	-0.0974241041	0.0037255088	0.0882624926	0.0575439661	-0.0456199032	-0.1100626404	0.0285861262	0.0522234956	-0.0697618462	0.0560729291	-0.0154063399	0.02262422	-0.0048117861	-0.1274730006	0.019052576	-0.0397286109	0.039851154	0.1045416915	0.0959488574	0.0472408762	0.1038779816	-0.0035429985	-0.0473025011	-0.0011868304	0.1015006229	-0.0258708534	0.0183138883	0.1519668034	-0.0969483624	0.0489024434	0.0109432029	0.0997837604	0.0818647166	0.0543442699	0.020450122	0.0	0.0	-0.0382282767121751	0.0046769767476462	0.0014614011403826	2.187411149802324e-05	0.0923324346048417	0.0014608875813876	2.134192525452792e-06	0.0085252784800573	0.5253906326515718	-0.0306393039199974	0.0009387669447019	0.2760353168780189	-0.0009869405589281	0.0004572052257821	2.090366184824611e-07	9.740516668573103e-07	0.0010761395610858	0.000229237000148	1.1580763549339385e-06	5.2549602236854185e-08	0.0017460326676128	0.0002259241194905	3.04863007637107e-06	5.104170776760285e-08	0.0	0.0	0.0
52.3696541269868	-0.0074956786864248	5.618519897012402e-05	2742.580673380226	61.759655052131706	0.1552574384462559	3814.254992158297	0.0241048721928929	53.01313502971943	0.065890989360021	2810.392485679265	0.0043416224788424	54.31390914483951	50.7827502507152	0.959892	31.896204	0.0797636141920343	0.042812544210711	-0.0040898646	0.0969517594	0.0788055641	-0.0122336266	0.0112435091	0.1576531126	-0.0817465974	-0.022774511	0.0900696044	0.0571331026	0.0343667257	-0.082779129	-0.0295763914	-0.0072548624	-0.0546857539	-0.0302944881	0.0537206986	0.0160742758	0.0900149533	0.0874741518	-0.1400111472	0.0897240511	0.0966725267	0.0441998428	0.1285075752	-0.1002254569	-0.0210990763	0.0567652401	-0.086926367	-0.0025296071	-0.1128007943	-0.0635776133	0.0018060488	-0.0959330448	-0.1161339282	-0.0566499856	0.1089902871	0.1082470926	0.0175868306	0.0309421366	-0.0709915054	0.064083222	-0.0302978433	0.0314764205	0.0120097587	0.0353565883	-0.0144079781	-0.1189355684	0.167125437	-0.1482140092	-0.0132060556	-0.0195397849	0.0192434696	-0.0853283407	0.0888187503	-0.1766604466	0.0093488726	-0.0315801995	0.0479517493	-0.0343212768	0.061469862	0.1236672842	-0.1843701513	0.0188066109	-0.1035410613	0.022157687	-0.0216648183	-0.0649551414	0.144918948	-0.0185500359	0.0091073113	-0.0351519014	0.0397033994	0.0410356235	0.1100285176	-0.0275583266	0.1487409848	0.0475249406	-0.0174944212	0.0348753211	-0.0333552322	-0.0780735658	-0.0474111034	0.0378788005	0.031746143	0.1277409211	0.0539792316	0.078382347	-0.0671884425	0.0249818492	0.0600657471	0.0544131652	-0.0503232792	0.0893923556	-0.0898328437	0.0481470391	-0.1515907105	-0.0017151044	-0.0580262991	0.1320484383	-0.0351540549	0.0267494856	-0.1664442811	-0.0087807865	-0.0335860128	0.1279749159	0.0204680441	0.0557034097	-0.0217105225	0.0813415286	0.2177349461	-0.0333162703	-0.0700253097	-0.002079926	-0.0691509975	0.0366554261	0.0507951631	-0.0516994065	0.0173861529	-0.009789746	-0.0951978406	0.1004886541	-0.0411687212	0.0759343281	0.1216539228	0.175714623	-0.0719439138	0.0486020227	0.0783007345	0.0112753372	0.0491944	0.0679765307	0.007692684	-0.070145328	-0.032588331	0.0117601161	0.0573399146	0.0244999292	-0.1114021719	-0.0208558591	0.0552682204	0.0810374177	-0.1012165767	0.0857912617	-0.0021760805	-0.1008378229	0.0554181481	0.0687836322	-0.0539267035	0.0117515971	-0.0212304833	0.0720637252	0.0285425409	-0.0689975525	0.0481773275	0.0721442628	-0.085910176	0.0424843259	-0.0290051643	0.0540702054	0.0109793956	0.0082927168	-0.0716344348	0.0435523049	0.0713759083	0.0991370163	0.0794373376	0.0494515946	0.0130625369	0.0	0.0	-0.043629205900757	-0.0054009291885818	0.0019035076075306	2.917003610007593e-05	0.0964274327720318	0.00409499816719	1.676900998929026e-05	0.0092982497910047	0.5461065887678842	0.0207159561163123	0.0004291508378129	0.298232406295695	-0.0017193525392636	-0.0007324119803355	5.364273089389691e-07	2.9561731542721894e-06	0.0011146901985352	3.855063744939995e-05	1.2425342387104437e-06	1.4861516477550775e-09	0.0015259606709987	-0.000220071996614	2.328555969434802e-06	4.84316836937164e-08	0.0	0.0	0.0
52.36212235768223	-0.0075317693045704	5.672754885726958e-05	2741.7918578008853	61.69203860943134	-0.0676164427003627	3805.907627787568	0.0045719833234514	53.08416965868346	0.0710346289640284	2817.9290683518893	0.0050459185120571	54.410942504772585	50.30325193100222	0.990728	32.920849	0.1129295830160672	0.0519073254502721	0.032555151	-0.0595054394	0.0059967872	-0.0837962178	0.1326782954	0.0795629124	-0.0238424498	-0.0743562148	0.0955242781	-0.0085107055	0.0271081764	0.0885445456	0.002120219	-0.1187321568	-0.049411242	-0.0274845975	-0.1138549863	-0.0839539959	0.022733499	0.0614265071	-0.0832191591	-0.0060087757	-0.1186557183	-0.02936948	-0.0009204315	-0.0419135778	-0.1248367162	-0.1424799234	-0.0563577181	0.117416484	0.0281854149	0.077655662	-0.0201264506	-0.0615981108	0.0357286577	0.1006335433	0.0308618851	0.0408202317	-0.0451844276	0.0474982169	0.0536883537	0.029111521	-0.0008121891	-0.0781734073	-0.0869950824	0.0880267299	-0.0452991839	0.0268055364	-0.0513828199	-0.0320649583	0.0279362164	0.0343912529	-0.0428292957	0.0618954761	0.0246963849	0.0264655948	-0.084931683	-0.0990646048	0.0057268978	-0.0125557398	0.0698200581	0.0745024808	-0.101917449	0.0489679057	0.0304879628	0.0952932471	0.0279631747	-0.0291648143	-0.0851800639	0.101502469	-0.0154712317	0.057416122	0.1325763612	0.0708277374	0.0514941366	-0.0529680881	0.0252565063	0.0852716109	0.0742659666	0.0786211342	0.0341952472	-0.0465504711	0.0560368126	-0.0492467704	0.0823487895	-0.0417616712	-0.0473521383	-0.0226680528	0.0351617971	-0.0875047301	-0.0355249729	-0.0310775474	-0.0923693028	-0.0540247957	-0.0460104142	-0.0458601309	-0.0325172396	0.0666307221	0.0871818373	-0.0438461807	0.008961202	-0.0988530988	-0.1020448181	0.0034747303	0.0677881725	0.1675482592	-0.062143124	0.051143571	0.1421606724	0.0087680588	0.0147210364	0.0445796962	0.0289137816	0.0512388508	-0.1349373827	-0.0586146426	-0.0185289335	0.010039233	0.0011184474	-0.0472410922	-0.0922741466	0.0082368144	-0.0282054704	-0.0413556043	-0.0912158535	-0.1193037046	-0.019081779	0.0234984962	0.0893054997	-0.0125272679	0.0682778502	-0.0983793764	-0.0821422813	0.148967647	-0.0148257256	-0.0900596601	0.0161847704	-0.0596714253	-0.0171406083	-0.0458628434	-0.1271389967	0.025988402	-0.0291894031	0.0081795823	-0.0909826442	0.0380399369	-0.0509893696	0.0614937691	0.0183509517	-0.047719194	0.0462822714	-0.0410735389	0.0015366973	0.0418342811	0.1377935971	-0.0281916879	-0.0270280981	-0.0746045737	-0.1256632219	-0.0052476513	0.0763867921	0.1345903688	-0.0794851473	0.0609567616	0.0173047633	0.0984593917	0.0769109895	0.0444203137	0.0056098749	0.0	0.0	-0.0397920640855318	0.0038371418152252	0.001583408364187	1.4723657310149758e-05	0.0883651917041703	-0.0080622410678614	6.499973103631241e-05	0.0078084071049147	0.5234955279171487	-0.0226110608507354	0.0005112600727956	0.2740475677492542	-0.0009933722197203	0.0007259803195433	5.27047424364192e-07	9.86788366912036e-07	0.0006449272736703	-0.0004697629248649	4.15931188323806e-07	2.206772055776257e-07	0.001153321129762	-0.0003726395412366	1.3301496283554963e-06	1.3886022769309817e-07	0.0	0.0	0.0
52.36487371302174	0.0027513553395053	7.569956204224455e-06	2742.079998980715	61.67742881241378	-0.0146097970175631	3804.1052249103695	0.0002134461688943	53.050385841956505	-0.0337838167269524	2814.3434379804594	0.0011413462726403	54.42801266484216	50.66914633492177	0.975064	32.400372	0.0259721303840758	0.0146950646595755	0.0360286271	0.0561673009	-0.0632059137	0.0402192624	0.0374946446	0.0481884686	-0.0355033016	-0.1339238566	0.0267970687	0.0227678957	-0.1295666493	-0.0162145047	-0.0041635349	0.059486583	0.0390847813	-0.0401141738	0.0052980266	0.0248489412	0.0698785095	-0.0282191549	-0.0166116132	0.0252582852	-0.1391259089	-0.0478624614	-0.0418622604	-0.0299380823	-0.1381329173	0.0498466997	-0.0879184028	0.0202249327	-0.1040217529	-0.152358449	-0.0306419326	0.0277657243	0.018025467	-0.0518173001	-0.0710262342	-0.0335331291	-0.1965898361	0.1028971958	-0.0901975335	0.0730471491	-0.053204832	-0.01845799	0.0009258134	0.0495198834	0.0780522119	-0.078347085	0.002985267	-0.0070527812	-0.0749231823	0.0122555566	-0.0660527061	0.0271475033	0.0089778102	-0.0345098833	0.0405627896	0.0645300899	0.035125443	-0.0088732961	-0.0631365577	-0.0575597075	-0.0828158523	0.0006652733	-0.0256821588	-0.0919730424	0.0377127232	-0.011990657	-0.0036147321	-0.0878716377	-0.1074590139	0.1574434842	0.0777921131	0.0182001262	0.1054649423	-0.0356340497	0.0433389363	0.0717629391	0.0466506639	-0.0757552858	-0.1034937377	0.0480341132	0.0196470682	0.0645683226	-0.0141314453	0.0704164763	-0.0813564743	-0.0814237193	-0.05702782	0.0322103152	0.1312900608	0.0172339934	-0.0057802887	-0.0688560918	-0.0762654281	-0.0814812438	0.0221086607	-0.0180514097	-0.0938396369	0.0950784861	-0.0246441024	0.1147457918	0.0397765484	-0.0686178716	0.0534165479	0.0607224898	0.0048552924	-0.0506176058	0.0685419162	-0.074168354	0.110059563	0.0033536413	-0.0600431726	-0.1036246226	0.0139339812	0.124428884	-0.1043312659	-0.0611271162	0.0736483507	0.0050352405	-0.1203431619	0.0486791725	0.0514780477	0.0119214137	0.1138191398	-0.0424776444	0.0578905208	0.0272625396	0.0357534069	0.0060632372	0.0626619321	0.0377139123	-0.0144038606	0.0985233566	0.0785929287	-0.050984886	0.0400582139	0.0662375185	-0.0882728722	-0.0221871964	0.1079848247	0.0269145154	-0.0640152343	0.0649966182	0.0109494635	0.0138715818	-0.0067449454	-0.1407878852	0.0001058287	0.030779324	0.0322321087	0.0255879061	-0.0004381866	0.0747265186	0.055592691	0.0544332613	-0.1055507896	0.0148627489	-0.0053311138	0.046934758	0.1735200263	0.0080448973	-0.0175968243	-0.0300697904	7.97717e-05	0.0977510977	0.0742888199	0.039264529	-0.0018707352	0.0	0.0	-0.036866535306629	0.0029255287789028	0.0013591414255149	8.558718636188509e-06	0.0823283978460551	-0.0060367938581152	3.644288008537743e-05	0.0067779650918983	0.5141426283885409	-0.0093528995286078	8.747672959223294e-05	0.2643426423262772	-0.0011458733131218	-0.0001525010934014	2.3256583488652977e-08	1.3130256497247304e-06	0.0006448398103717	-8.746329859996536e-08	4.1581838104021e-07	7.649828601986704e-15	0.0011538707374309	5.496076688998701e-07	1.3314176786993289e-06	3.020685897135493e-13	0.0	0.0	0.0
52.43598896834354	0.0711152553217999	0.0050573795394847	2749.5329390882453	61.80879455179601	0.1313657393822325	3820.327083946128	0.0172569574834406	53.08981555735571	0.0394297153992084	2818.5285159140485	0.0015547024564625	54.406503420496136	50.52786850993009	1.089649	36.207893	0.2095752359305715	0.1098802135753201	0.0435210108	-0.0072411572	0.0699780061	0.0140456278	-0.0776960156	-0.2070808754	-0.1973858735	-0.1945611784	0.2223527745	0.0508019828	0.0572022516	-0.0143232755	0.0362141382	0.0578523421	-0.0292419946	-0.08776862	0.0635846973	0.049865179	0.0058796247	-0.0007843467	-0.0540538566	-0.0797984993	-0.0112835674	0.0189802363	-0.028725917	-0.1175646993	0.029624775	-0.0535010854	-0.0090701558	0.1027742534	0.0114151941	0.0339124579	-0.0777915585	-0.0363972199	-0.0231228311	-0.0118650746	0.0233891223	0.0266700376	-0.13307337	-0.0658126905	0.0730223187	0.0822829363	0.1720856942	-0.1643527359	0.0735756347	-0.058010848	0.0001094914	0.1689697887	0.0667710727	-0.0218965496	-0.0914826845	-0.1067305544	0.0476977192	0.070201074	-0.0471494606	0.0746004218	0.0520435904	-0.0698786584	-0.0245540977	0.0423492627	-0.0750097491	0.002240267	0.0478211358	-0.1305147617	-0.0663940692	-0.0938534769	0.1211394151	0.0851892436	0.0394875115	-0.0986750549	0.1186161336	0.032887298	-0.0044591083	0.127466854	0.0249665625	0.0213062078	-0.0620928651	0.1081206849	0.0267212493	-0.0018495739	0.0513604688	-0.127859474	0.0779169731	-0.034074023	0.0177105223	-0.0633032174	0.0110052318	0.0713174714	0.061428134	0.0545188241	-0.0177409008	-0.1071566057	-0.1011940133	-0.112430892	0.0061228027	0.0664419024	-0.0586653202	-0.1394698227	-0.087744189	0.0089714269	-0.1237660636	-0.003537643	-0.0389460548	0.1107469746	0.031388961	0.0230711728	-0.1137744773	-0.122435522	0.1732962779	-0.1436886307	0.0131057622	-0.0883995008	0.0149357187	0.0500578149	-0.0129620273	-0.1639646643	0.0078213092	0.0853445306	-0.0907199653	-0.0472191229	0.0480072513	0.0020508622	0.0459602477	-0.1143781017	-0.0145940304	-0.0774717097	0.0470387525	0.0543850038	-0.0337678653	0.051729461	-0.0815210376	-0.0290898261	0.0844620453	-0.0088760237	0.0459924749	-0.0956033985	-0.0016599849	0.0773511143	-0.0273433244	-0.0563660414	-0.0144913714	-0.2155264595	-0.1606109968	-0.2669994663	-0.0914986958	-0.081868515	0.1312570212	-0.0264779829	-0.0637937236	-0.2945413205	-0.3253656316	0.2702662875	0.3658162326	0.1823359555	0.0061199633	-0.0438973139	0.243385881	0.1501472916	-0.0760828327	-0.1624181395	0.0861395477	-0.1297130147	0.007038128	-0.0077365833	-0.0479402415	0.0970123549	0.0715740957	0.0339986915	-0.0093420254	0.0	0.0	-0.0405925836334546	-0.0037260483268256	0.001647757846039	1.3883436133839884e-05	0.1266300686175725	0.0443016707715174	0.0019626380331479	0.0160351742780911	0.5020301412469124	-0.0121124871416284	0.0001467123447561	0.2520342627203947	0.000183952046067	0.0013298253591888	1.7684354859416209e-06	3.3838355252235684e-08	-0.0005638524357072	-0.0012086922460789	3.179295692529422e-07	1.4609369457312562e-06	0.0016040537259752	0.0004501829885442	2.572988355814922e-06	2.026647231746773e-07	0.0	0.0	0.0
52.45702086278725	0.0210318944437162	0.0004423405838916	2751.739037798897	61.60306286645103	-0.2057316853449791	3794.937354527918	0.0423255263548854	53.08677321213942	-0.0030423452162935	2818.205490077124	9.25586441510419e-06	54.40431571179007	50.084183046471416	1.156219	38.419971	0.2138105441399464	0.126490111922838	0.0966627853	-0.0023276303	-0.0118807453	0.0908292744	-0.0042149057	-0.1496684908	-0.4151278897	-0.1971046747	0.1884603009	0.004606485	-0.0650975933	0.0165278054	0.0137517886	0.0195731779	-0.0433523924	-0.1076587807	-0.1301188352	0.0158141226	-0.0017000191	0.0844985037	-0.1066958595	0.0598815005	0.0111327883	-0.1089819349	0.2140004431	0.2171517065	-0.043896413	0.0676164226	0.0062879965	0.0800616217	0.0430447824	0.0061523068	-0.0503072695	-0.1535182104	0.0722751825	0.0105017328	-0.151017188	-0.0149500647	-0.0975286704	-0.0795951858	-0.0766033809	-0.0650737109	-0.0200569467	0.0182564464	0.0707658548	0.0258282907	0.1280452104	0.0663146546	0.0758366256	0.0236305226	0.0001807851	0.0526933689	0.0911978881	0.0574714173	-0.0161261091	-0.0357157084	-0.0193846622	-0.1406724811	0.1517785082	-0.0884350716	0.0552399845	0.1064020537	0.060997533	-0.0973045547	0.0841566505	-0.0573529568	0.0491577475	-0.0060231025	0.1302543916	0.0061080502	0.1693987037	-0.1157452957	-0.0927332742	0.0169167512	-0.0646859832	-0.0743683908	-0.0412142165	-0.0704288645	0.0525478459	-0.0298363428	-0.0881943105	0.014115419	-0.0215049913	-0.0188988438	0.0937888457	-0.0296401254	-0.0520529154	-0.079898392	0.0073546028	0.0010043505	0.038980132	-0.040066011	0.0052860852	-0.0283655006	-0.0583662282	0.0064421148	0.136868276	0.0470446944	-0.1181371849	0.0294906141	-0.1041977067	-0.0884095097	-0.0191395546	0.0074331978	0.1753698349	0.070627449	0.0206564295	-0.1506350159	0.0220867954	0.0999270617	0.1255887139	-0.2185141708	0.0135134386	0.0672107407	0.05549837	-0.0454388232	0.0351735287	0.0108038792	0.0117109614	0.0868618684	0.1639416907	0.0496176496	-0.0209446367	-0.0321800236	0.0324585543	0.07186223	-0.0047207118	-0.069870509	-0.066831518	-0.021309998	0.1216981836	0.1294555701	0.003443353	-0.0389554973	-0.0830926482	0.0171090214	0.0375496305	0.0133421658	0.0373544247	0.1077805542	0.0517872764	-0.1569677335	-0.3231325211	-0.3774726983	-0.137983187	0.0498806389	0.3326767907	-0.0392896828	0.021286652	-0.3311595585	-0.1441628415	-0.2395781946	-0.4138469829	-0.1182000928	0.0277057805	0.0140092054	-0.1426389328	-0.1325961267	0.0337203093	0.0679953699	-0.0112628749	0.0881342688	-0.0400311135	-0.033720301	-0.0178293915	0.0962433935	0.068770199	0.0286375605	-0.0167667741	0.0	0.0	-0.0534023012518787	-0.012809717618424	0.0028518057789964	0.0001640888654637	0.1109090061915623	-0.0157210624260102	0.0002471518038025	0.0123008076544	0.5305736557358145	0.0285435144889021	0.0008147322193781	0.2815084041608666	-0.0020839174391326	-0.0022678694851995	5.143232001899498e-06	4.342711893120973e-06	-0.0001472026114643	0.0004166498242429	2.1668608821909663e-08	1.735970760416395e-07	0.0011538480432855	-0.0004502056826896	1.3313653069937772e-06	2.0268515672609875e-07	0.0	0.0	0.0
52.63626271607116	0.179241853283905	0.0321276419686489	2770.5761527152627	62.09145140481162	0.4883885383605886	3855.348337556083	0.2385233644019921	53.13617448976054	0.0494012776211221	2823.453039406279	0.0024404862305991	54.508413470812506	51.07577341784343	1.206255	40.0826	0.2601535993048089	0.1247805932217138	0.0849459388	-0.0216416423	0.0541598521	-0.075202141	-0.0271376293	-0.0913068994	-0.1109132908	-0.1057008118	0.1317485353	0.1225895758	0.0638712552	0.0202447889	0.0406407834	0.00211709	0.0745864912	0.0457358112	0.0330273607	0.1044847581	0.0441523676	0.0451898712	0.1032500544	0.0471120168	0.0087750082	-0.0616450373	-0.0840074343	-0.1854254386	0.121513287	-0.0026237964	0.0540515455	-0.0032925978	0.0671333057	-0.0222865088	-0.0696486099	-0.1859950572	0.0724605532	-0.1541653914	-0.2057558569	0.054542644	0.0131499683	-0.0743084625	0.0517047474	0.0317003337	-0.0134434215	-0.0470847896	0.1994467682	0.0513152726	-0.0303954764	0.0163744525	-0.0727659245	0.0829054923	-0.0259198809	-0.0294568735	-0.1739304476	-0.0534681493	-0.0222954	0.0157467764	0.0185823316	-0.06238766	-0.0413302769	-0.048808175	-0.0163501491	-0.066504332	-0.0131739543	0.1096933075	0.0212746827	0.0416929589	-0.0074352512	-0.0004645707	-0.019603618	-0.1237105953	-0.1822187364	-0.0393581415	-0.0758077723	0.0630697035	0.0960939735	0.0871952775	-0.0258144073	-0.0329888195	-0.127458944	0.0271859816	0.0119600794	-0.0723170157	0.0067387257	-0.1118595488	-0.0313753615	-0.1261546293	-0.079281831	0.0018119283	0.1100598607	0.0635473316	0.1596857603	-0.0476128546	-0.1196797998	-0.019364123	0.0147773406	0.212929003	0.120042712	0.1342508075	-0.0340573624	0.0099733555	0.1580317764	0.0543921987	0.05894162	0.0524753056	-0.0002467391	-0.0518697542	-0.0509859298	0.0151427538	-0.0049630621	-0.0505011351	-0.1199836941	0.0790156093	0.0248417285	-0.0897696741	0.027770487	0.0425307351	0.1093111941	0.0130805467	0.1177110436	-0.0844442727	-0.0673871998	-0.0618351863	0.1352092829	-0.0809915351	0.006458474	0.0735167998	0.1373681971	0.0025203945	-0.0947653166	0.1281462305	0.0669901343	-0.0317699516	-0.0197408934	-0.1383501729	0.0314905498	-0.0473532602	0.0216739847	-0.0562827461	-0.0170189798	-0.0491497332	-0.0301930098	-0.0870094731	-0.0428598467	1.42639e-05	-0.214184719	-0.1334978562	-0.1051569042	-0.0931470995	0.0472878627	0.0078953329	0.0601717832	-0.0931956084	0.1347333855	0.0922459821	-0.0734673303	0.0627382882	-0.1194133693	-0.0403484501	-0.0288781389	0.1067447082	0.1227551604	-0.1299163039	0.1147301283	0.0750512965	0.0687578077	0.0954444529	0.0658806233	0.0231961626	-0.0241079916	0.0	0.0	-0.0372726990122487	0.0161296022396299	0.0013892540916576	0.0002601640684086	0.0868701325199339	-0.0240388736716283	0.0005778674474005	0.0075464199240308	0.4280452793064739	-0.1025283764293406	0.0105120679732365	0.1832227611365572	-0.0011591514952316	0.0009247659439009	8.551920509991072e-07	1.3436321888976542e-06	0.000795052580288	0.0009422551917523	6.321086054226067e-07	8.878448463841637e-07	0.0016359618469164	0.0004821138036309	2.676371164566119e-06	2.324337196514541e-07	0.0	0.0	0.0
52.515442564310646	-0.1208201517605118	0.0145975090714331	2757.8717077254105	61.62326286889456	-0.468188535917065	3797.426526608879	0.2192005051641648	53.09069716436623	-0.0454773253943088	2818.622125398445	0.0020681871250198	54.42038089547487	51.0941187603376	1.041263	34.600101	0.065309049132673	0.0360437168102456	0.0660379538	0.1055042535	-0.0561697992	0.0077896278	0.0215561748	-0.1046636798	-0.1054420068	-0.1170287033	-0.0381561047	0.0603039353	-0.0744896244	-0.0635799826	0.0319082927	0.0433943274	0.065985729	-0.0189920088	-0.034794228	-0.0595087033	-0.0764027156	-0.0176514333	-0.1632612902	-0.0024750492	-0.0228833196	-0.1351679662	0.0687269319	0.0534752306	-0.0333533402	0.0206801768	0.0586394382	0.0169382307	0.0700256275	0.0547472002	0.0610823443	0.0068439585	0.1470326263	-0.136363911	-0.0605736032	0.1088383378	-0.0072371702	0.0490958105	0.0625528493	-0.0410443925	0.0817101598	-0.056638961	-0.0206012838	-0.0128244233	-0.0535524046	-0.0667061496	0.0331629776	-0.004928519	0.0612185036	-0.0233320818	0.0837675061	0.0471287529	0.0843055908	0.0127301574	0.0092012949	0.0118924572	0.0973019726	-0.019162628	-0.0250943332	-0.0522498365	0.1274061024	-0.0038944317	-0.1419111035	-0.0914354798	0.032377013	0.0854305113	0.0715323716	0.0650823789	0.0621244954	-0.0922507205	0.0281154642	0.0302225894	-0.14310221	-0.0221997717	0.0607033222	0.0519082483	-0.0030458205	0.1468254197	0.0319598576	0.1861011586	-0.0020094235	-0.0245086278	-0.168564712	-0.009379324	-0.1257302379	-0.0261983918	-0.0464965334	0.0971826434	0.0716865379	-0.0049486779	0.0036691452	0.0650405886	-0.0190727485	0.0840462995	-0.0030541587	0.0271740717	-0.0196759202	-0.0539715019	-0.0578378044	-0.0663025571	0.0593467921	0.0601449999	-0.037944229	0.0084715219	0.0142705536	0.0255516144	0.0243210323	-0.0041889176	-0.0059696084	-0.1773952354	-0.0597806992	-0.0135427751	0.1116656905	-0.0262727397	0.044024967	-0.0644597948	-0.1714471596	0.1260854082	0.0642992575	0.0762582552	0.0941848317	0.0162576949	-0.0439377247	0.0387054565	-0.0222494147	0.1031777726	-0.0761217412	-0.0702791704	-0.0706554318	-0.2309932646	-0.1606651048	-0.1109782829	0.0502320261	0.0680811321	-0.0139533993	0.0285367918	0.0072491422	0.1026659162	0.0195825641	-0.0691298189	-0.0416822404	-0.0471638921	-0.1449918789	-0.0063112029	0.0674480808	-0.1783267143	0.0640516035	0.1465023154	0.1463914189	-0.1005297868	-0.0294909625	0.076231647	-0.024445164	0.0489937469	0.0129144591	0.0019658274	0.1684069513	-0.079731968	-0.1956958116	-0.0334351379	0.0021216235	-0.0142891101	0.0610516984	0.0946157819	0.0629089685	0.0176897492	-0.0313291043	0.0	0.0	-0.0310924034945259	0.0061802955177228	0.0009667375550664	3.8196052686384543e-05	0.0882205158041244	0.0013503832841905	1.823535014221124e-06	0.0077828594087457	0.4521955662553836	0.0241502869489096	0.0005832363597146	0.204480830141027	-0.0013319489176988	-0.0001727974224672	2.9858949211308015e-08	1.774087919359005e-06	0.0007772320873962	-1.7820492891800063e-05	6.040897176782543e-07	3.1756996690669657e-10	0.0011540180946384	-0.000481943752278	1.3317577627528429e-06	2.322697803597984e-07	0.0	0.0	0.0
52.49751446295664	-0.0179281013540091	0.0003214168181596	2755.9890247883413	61.47976563527034	-0.1434972336242168	3779.761582567768	0.020591456057803	53.16596857330503	0.0752714089387964	2826.620214337658	0.0056657850036315	54.38459054752031	50.54329048823598	1.020915	33.923962	0.0496543684663592	0.0243154953376579	0.0462335138	0.0691863333	0.091626153	0.049697218	-0.0758514414	-0.0119658033	0.0733826142	-0.0320077488	0.0841953263	-0.0069578832	-0.0043738211	-0.0488975208	-0.0483082292	0.0537790725	-0.148617404	-0.0488567057	0.0777119986	-0.1265405158	0.0368330299	0.0068986842	0.061425598	0.0032780229	-0.0308101789	-0.0419431219	0.1254579654	0.0967615596	-0.0219981535	-0.0244895485	-0.0861238194	0.0303890876	0.1316211724	-0.0175024516	0.0623555069	-0.0656185004	0.0561116029	0.0988084854	-0.031831566	0.0155139609	0.0091592052	0.0137039206	0.2049548471	0.0185391071	-0.0263477321	0.0981552652	0.0253969561	0.0788936377	0.0688981468	0.0018523739	0.0637632777	0.0040644148	0.0095598481	-0.0042720882	-0.0189873029	0.0020233009	-0.0039652947	0.1096066915	0.1499558537	-0.037938741	-0.0265813396	-0.1529802775	0.0188081375	0.0671719342	0.0035824782	-0.0068097357	-0.031189444	0.0434005719	0.1860983986	-0.0503000608	0.1674371572	-0.0335463911	0.1208963613	-0.0233335875	0.1273568722	0.0740609398	0.0310578756	-0.0037601565	-0.0474960959	-0.1009297353	0.0751915341	-0.0670774145	0.0650850974	0.1081258561	-0.0571097199	-0.0460419026	0.0144831613	0.0518147363	0.0131905637	0.0844725567	-0.0762926082	0.0736485492	0.0171153609	-0.1101604203	0.1220862652	0.0106425526	-0.0051629545	-0.0020250599	0.0382334065	0.0984591927	0.0967130019	-0.0710709951	0.1002247666	-0.0124301235	-0.0043868805	-0.0418351551	0.0117955564	-0.0077079938	0.002045389	-0.1126905251	0.0659550635	0.0633869908	-0.0010712906	-0.1423735206	-0.0038707738	-0.0647438153	-0.102997153	-0.0239970946	0.0057381339	0.0457420305	-0.1519484548	-0.1193267519	0.1316359904	0.048011965	-0.0950460493	0.0740628069	0.0892236216	0.0167460829	-0.0592267344	-0.1578311151	-0.0985086939	-0.0813757581	0.087090084	-0.0625433534	-0.0342117347	0.0341572289	0.034950036	0.0530951198	0.057859445	0.019336328	0.1169790467	0.0786962194	0.0393410949	-0.0606993045	-0.0446813186	0.0782250909	-0.0406006297	-0.0967621829	-0.0385567275	-0.082885452	-0.0783411806	0.0329900981	-0.0140224135	-0.0991320046	0.0266261067	-0.0544679017	-0.0425115258	0.0467626072	-0.0081033081	0.1114456643	-0.0599940113	-0.0343089694	0.0919028329	0.079072356	0.0835419993	0.0507144295	0.0168258446	0.0937576389	0.059858937	0.012133754	-0.038394137	0.0	0.0	-0.0332897042332689	-0.002197300738743	0.0011082044079385	4.828130536480534e-06	0.0771995029897425	-0.0110210128143819	0.0001214627234547	0.0059597632618632	0.4690225297144579	0.0168269634590743	0.000283146699253	0.2199821333797495	-0.0011613299350361	0.0001706189826627	2.911083724485476e-08	1.3486872180109525e-06	0.000583846881176	-0.0001933852062202	3.408771806589422e-07	3.7397837984829286e-08	0.0011258404544381	-2.81776402003e-05	1.2675167288493871e-06	7.939794072575623e-10	0.0	0.0	0.0
52.56379256024578	0.0662780972891425	0.004392786180269	2762.9522883165496	61.92002806296716	0.4402624276968225	3834.089875318641	0.1938310052414999	53.1569377515443	-0.0090308217607315	2825.660031121555	8.155574167410259e-05	54.42645373113138	50.855987534869904	0.964897	32.062519	0.0524873030654119	0.0347108286645096	0.0737844168	0.0347206119	0.1192508731	-0.0333318751	-0.0002830325	0.0045317413	0.0010022889	0.0092879015	-0.09912213	0.1036916059	0.0933429058	0.057629076	0.0723398609	0.0514569927	0.0338390471	-0.0934543811	0.1183139809	-0.0298128782	0.0474608108	0.1015821773	0.0434273932	-0.0304216486	-0.046747325	-0.1018349574	0.0727837867	-0.028453909	0.0230230534	0.1634747939	0.1146459928	0.1056411547	0.1082437038	-0.0650733634	-0.0317689062	0.0255638167	0.0797228521	0.0149876727	0.0475261554	0.0849107617	0.0389975309	-0.0567834235	-0.0635808374	-0.020024149	0.0351447174	0.0281886343	0.0703089962	-0.0050179606	0.0079004327	-0.0826717488	-0.0192084342	-0.1093507739	0.0473958901	0.0434402911	-0.0976538691	-0.0453277599	0.1131580082	-0.0965871064	-0.131074918	0.1262700131	-0.1021051371	-0.0859291917	-0.0084962651	0.0328573087	0.0643154927	-0.0597589729	-0.1076599819	0.1214709205	-0.0179307863	0.0004978512	-0.041967905	0.0603255631	0.0531494996	-0.1187753235	0.0377870159	-0.0717117667	-0.1070601687	0.0466398861	-0.1329137717	-0.0213017865	0.1571432163	-0.0653886514	0.0910687306	-0.0869989616	-0.0074987516	-0.0603051157	0.0566234753	-0.0553662773	-0.0335674578	0.067588371	0.0992914689	0.1055864004	0.0219147031	-0.0264189155	0.0046296727	0.0539607503	0.0276837622	-0.0665233884	0.0291162577	-0.011730632	-0.0045313473	-0.0338456619	0.0172358609	-0.0044175399	-0.0809014851	-0.0093292586	-0.0272142111	0.018575375	0.0608937778	0.2282124862	0.0263629912	0.0130948832	0.1247235396	-0.0508314649	0.0001425574	0.0436540025	-0.0848699147	0.0075726987	0.0551812354	0.046715576	-0.0247166944	-0.0221542441	-0.0739327805	0.001291642	0.0101113228	0.1819879719	-0.0862626914	-0.071536423	-0.1221159573	-0.0880059467	-0.1189766451	-0.0425812975	-0.0077715081	-0.0279741666	0.1610089661	-0.1314146466	0.0525181575	0.0969799181	-0.1276461592	-0.0917263238	-0.0136804033	0.0636960328	0.0353285148	-0.0557670454	-0.0810784207	0.0433773953	-0.0309808895	-0.0813628879	-0.0113992409	0.0188402858	-0.0331598368	0.0666733053	0.0070843646	-0.0248763303	0.0842638342	0.041810681	0.0243837539	0.0929623864	0.0534224827	-0.0419717997	-0.0830320119	0.0158739686	-0.1222968267	0.0984892924	0.0317092494	0.0385572718	0.022766875	0.0928702909	0.0567343287	0.0065437496	-0.045267892	0.0	0.0	-0.0413553115277665	-0.0080656072944976	0.0017102617915586	6.505402102905293e-05	0.0776331508472623	0.0004336478575198	1.880504643315132e-07	0.0060269061104737	0.5016138897190174	0.0325913600045595	0.0010621967469468	0.2516164943590426	-0.0010612877668709	0.0001000421681651	1.000843541119414e-08	1.126331724109822e-06	0.0004943827225896	-8.946415858639991e-05	2.4441427639510546e-07	8.003835671572513e-09	0.0011642678858632	3.842743142510002e-05	1.3555197100523652e-06	1.4766674859307644e-09	0.0	0.0	0.0
52.502680500575785	-0.0611120596699947	0.003734683837109	2756.531459745541	61.48162299603016	-0.4384050669370012	3779.989966225985	0.1921990027160365	53.08794244506655	-0.0689953064777455	2818.3296330506987	0.004760352315958	54.39731981338485	50.50277392927444	0.959321	31.877256	0.0460648557964503	0.0209173874091122	0.0704100377	-0.0248105943	0.0501850776	-0.0395689572	0.0426748186	-0.0273571284	0.0389006488	0.066447025	-0.0148098999	0.0051372853	0.0008500149	0.0718883163	0.0567198676	-0.0876710687	-0.0750497808	-0.0870550891	-0.0103091741	-0.0729488106	0.0224992366	-0.0216003943	-0.0119141078	0.0582014154	0.0656629077	-0.0526152424	0.0620428547	-0.1057059386	0.0227567876	-0.0300081727	0.0233754319	0.0250511209	-0.0507210225	-0.0626884919	0.0669507742	0.0956299766	-0.0314153121	0.0201229438	-0.03413115	0.0035532694	-0.0705704158	-0.1344826512	0.059360204	-0.1167906855	0.0741664854	-0.1106279513	0.0122858363	-0.1005533622	0.0010969642	0.0244785953	0.0281799116	-0.1140490381	-0.1252395571	-0.0069442282	-0.0262803558	-0.0017045458	-0.0127523993	-0.0488415141	-0.1364600876	-0.0110893595	0.0689893042	-0.045458604	0.0282423743	0.0329395412	-0.131358891	0.0725590454	0.0948527998	0.0342664539	-0.0271563624	0.0271034801	0.1034474455	-0.0882139203	-0.0447682187	-0.0170552994	0.0132685295	0.0856501482	-0.022929688	0.0807358167	-0.0368445438	-0.0384653478	0.1688244236	0.0664854398	-0.106517624	0.0309268845	0.0020843056	0.1285098062	0.0200238815	0.0246973648	-0.0233354957	-0.0017975896	0.049513192	-0.0595619045	-0.0693027788	-0.0650924836	-0.046341522	-0.0168895932	-0.0477289295	0.0221970626	-0.0796423551	-0.0623703051	-0.0152609558	-0.0871713504	-0.0917377931	-0.0590263205	0.0237417813	-0.0358967267	0.0123881939	-0.0181354425	-0.0256892341	-0.0033260259	0.0300577511	-0.0306372346	0.0001832176	0.0658270812	0.0564747237	0.0071334633	-0.1329479625	-0.0054261907	0.1555528681	-0.0359252964	-0.0451031772	0.0574480339	0.0317976683	0.0733958978	0.0556200611	0.1603564479	0.065680397	-0.0424674697	0.1565216434	0.0268967422	0.0999383378	-0.014962992	0.037245004	0.1745939643	-0.0485237557	-0.0351509719	0.1105195294	-0.120464101	0.0045666508	0.0363850113	0.0789038475	0.0722052057	-0.0233482887	-0.0585080226	-0.0075669584	0.0709983546	-0.1473046019	0.0471156165	-0.0134690754	0.0603071693	-0.0254144743	0.0228090819	0.00873923	-0.043139218	0.0214152521	0.0637723113	0.0433578226	0.050843732	0.028282157	-0.0118289318	-0.0473416438	0.0248601567	-0.0388547806	0.1266471628	-0.152590615	0.0996563651	0.0556442242	0.0919540145	0.0535390365	0.000935404	-0.0519161246	0.0	0.0	-0.0310830065728993	0.0102723049548672	0.0009661532976109	0.0001055202490857	0.0821382113903013	0.0045050605430389	2.0295570496446797e-05	0.0067466857703978	0.4918423264593983	-0.0097715632596191	9.548344853673868e-05	0.2419088740969933	-0.0008103013019843	0.0002509864648866	6.299420555627252e-08	6.565881999974518e-07	0.0004599697921197	-3.441293046990007e-05	2.1157220966264002e-07	1.1842497835261766e-09	0.0013091870312852	0.000144919145422	1.7139706828853552e-06	2.10015587098428e-08	0.0	0.0	0.0
52.51725882437201	0.014578323796222	0.0002125275247074	2758.0624744260795	61.55939312581416	0.0777701297839996	3789.558882018536	0.0060481930866201	53.14098867721106	0.0530462321445099	2823.9646775914744	0.0028139027447292	54.41349290546618	50.06893599531389	0.970332	32.243134	0.0295877629867434	0.0167918362120993	0.0884472891	-0.07064516	-0.0108660871	-0.02616529	0.0154539389	-0.1085272028	-0.0159683456	0.0734437882	0.1177188644	0.0271488959	-0.0491542798	0.0229340429	0.0016026304	-0.0865476598	-0.0309054775	0.0759845873	-0.0013069241	-0.0184753135	0.117517462	-0.0030373327	0.0490295674	0.0267538087	0.0096424815	-0.0642535791	0.0644358592	0.0073289315	-0.020815466	-0.0272637797	-0.0957795928	0.1068593041	0.0029231522	0.0145995073	0.1302309107	-0.0128335175	0.0437767177	-0.0346818183	-0.0815893856	-0.0266749253	0.0129616325	-0.0822701573	0.0971089175	0.0420037697	-0.1412095953	-0.070150746	-0.0590502916	-0.0341701771	-0.0526671777	-0.099182209	-0.0348469168	0.0066711622	0.0461374162	-0.2385026479	0.05547756	0.0659817631	0.0257030808	0.122201659	-0.0455207895	0.1125004306	0.0091607532	0.1366782108	0.0852114844	-0.0182098374	0.1016441088	0.0065594682	0.0172222632	0.0186635622	-0.0433420623	0.0689987474	0.0328402946	0.057051062	-0.0698496341	0.0397212354	0.1131087448	0.1075582184	0.0710686923	-0.0761369644	0.075733855	-0.0710050751	-0.021085314	0.1203531328	0.0773806189	0.1367109327	0.0132744492	-0.0224618079	0.0818369069	-0.0284576104	-0.0480782163	-0.0281253243	0.0139465433	0.0013836446	0.0051129409	0.0317266852	-0.0152499827	-0.0377672524	-0.1411614896	0.1395932001	0.0094548763	-0.0181616182	0.0229742151	0.0382166014	0.1230489481	-0.1209284608	0.0638197169	0.0080642215	-0.1521758683	-0.0642871899	-0.0105819652	-0.0431262718	-0.0371325796	-0.030800898	-0.013941058	0.0131623344	-0.1615099112	-0.0640778388	-0.0747450833	-0.0375848219	-0.1579112263	-0.0748361586	-0.0040079896	0.2172951627	0.0858184397	-0.0200921321	0.0574540467	0.0838239885	-0.0774667584	0.0202036755	0.0215961471	-0.0691465558	-0.0916884735	-0.0983079584	-0.0030669399	0.0001121356	-0.1800190624	0.0868488723	-0.0875406055	0.0097308769	-0.0510436961	-0.1463706169	-0.042575115	-0.0305482949	-0.1138343115	-0.084702457	-0.0487459077	-0.0502664722	-0.1343521621	-0.0543021012	-0.1734213711	-0.0524065498	0.0215354359	0.1087569524	0.0418527037	0.0628968461	-0.0080740867	0.0303846518	-0.0400089123	0.0406939113	0.0276546972	-0.0663921122	-0.0472364959	-0.0845608403	-0.0877952759	-0.0360832549	-0.1250746283	0.0586445721	0.0506670453	0.0910090951	0.0502770413	-0.0046755634	-0.0583057138	0.0	0.0	-0.0323035292055635	-0.0012205226326642	0.0010435179991346	1.4896754968455508e-06	0.0830334737888449	0.0008952623985436	8.014947622460553e-07	0.0068945577694427	0.4775969690572026	-0.0142453574021956	0.0002029302075162	0.2280988648526265	-0.0007776801055181	3.262119646620001e-05	1.06414245888642e-09	6.047863465186432e-07	0.0002669758929061	-0.0001929938992135	7.127612739300937e-08	3.7246645133669196e-08	0.0013481043466722	3.891731538700001e-05	1.8173853295164792e-06	1.514557436931228e-09	0.0	0.0	0.0
52.703082368429946	0.1858235440579392	0.0345303895262528	2777.6148911335117	61.526647694461	-0.0327454313531632	3785.5283765183226	0.0010722632745047	53.04293494252764	-0.0980537346834253	2813.55294731722	0.0096145348853675	54.3381441645824	50.97828135632789	0.995543	33.080856	0.0690333440217167	0.0349593276305222	0.1745448906	-0.0415887179	-0.0174443474	0.0509357083	-0.1013889285	0.0035092607	0.0472056905	0.0615807835	-0.0803722141	0.0419006837	-0.0751447952	0.0320085048	0.2046983955	0.0644985937	-0.0435329078	0.0268040568	-0.0139287894	-0.0068562153	-0.0127822957	0.1143764556	0.1527339586	0.0367696853	0.0659300194	0.0303698283	-0.0415871871	-0.0925944891	-0.070416601	-0.0962399116	0.075238169	-0.0314145614	0.0607721329	0.0207120628	-0.0509743877	0.110079974	0.0337725284	-0.051478035	-0.1373717355	-0.0932932497	-0.1208175355	0.0134258114	0.1089863261	0.0404980122	-0.063454981	0.0871843128	0.031524011	-0.026802624	0.0048492703	0.0031400364	0.0716123893	-0.0065303267	0.0797150352	0.1051431266	0.0748954066	-0.0322029661	-0.1056445561	0.0343767712	-0.0163666401	-0.0218256551	0.0928923693	0.0327827818	0.0836920508	0.0468726146	0.0891392708	0.0159722278	-0.0076287139	0.0643401065	0.0274095545	-0.0850653568	-0.0631857711	0.0024241379	-0.0750084496	-0.0652667911	-0.0153719409	0.0025201972	-0.0513996505	-0.0185682496	-0.042921142	0.1122711251	0.0337854694	-0.0492792078	-0.008072402	-0.0243297002	0.0674381027	0.0297433052	0.0421103189	-0.1604697487	-0.0811456921	-0.0817902309	0.0009554005	0.1097006556	-0.0379176029	0.0078864373	-0.0202922084	-0.2417661174	-0.0043993159	-0.0289631514	0.0532381382	0.0437179909	0.0263148099	0.0130358491	0.0835776423	0.0073433569	0.0391226482	-0.0388389435	-0.0239766492	-0.0326747349	-0.0615663375	-0.1051441641	-0.0651251273	0.0999217116	0.0044344766	-0.0284948818	0.035898294	0.001381946	-0.011921764	-0.0128735703	-0.0111365356	0.0417224977	-0.033500961	0.0917751332	0.0115460121	-0.0734806998	0.1516522665	-0.0551569516	0.0252911871	-0.0481472874	-0.093818294	0.0805077551	0.0614144644	-0.0221016585	0.156533957	0.0123218756	0.1219266743	-0.1373812483	-0.113962233	0.0096499924	-0.108821726	0.0024869148	-0.1672518649	0.044977579	-0.1089827128	-0.095186591	-0.1240944405	0.041719826	0.0610891756	0.1155939908	-0.1261340138	-0.0830403811	0.019755392	0.0996006587	0.0063304889	-0.0833476297	0.0596119978	-0.0508116765	-0.1131376967	-0.003443835	0.0049936472	0.0093593074	0.0538398703	0.0279358088	-0.1306922526	0.0678860018	0.0658814384	-0.0758127681	-0.0376579885	0.0900358269	0.0469524072	-0.0102734258	-0.0644048267	0.0	0.0	-0.0432067738808967	-0.0109032446753331	0.0018668253091949	0.0001188807444501	0.0815425403477974	-0.0014909334410475	2.222882525633751e-06	0.0066491858863721	0.5000950704487437	0.022498101391541	0.000506164566224	0.2500950794871339	-0.0005071180279775	0.0002705620775406	7.320383780308566e-08	2.571686942997885e-07	0.0002467576522457	-2.021824066039999e-05	6.088933894180981e-08	4.0877725540185135e-10	0.0009560633745973	-0.0003920409720749	9.14057176246377e-07	1.5369612378543258e-07	0.0	0.0	0.0
52.82044938413007	0.1173670157001254	0.0137750163743534	2789.999873141447	61.91774052173108	0.3910928272700857	3833.80659131642	0.1529535995421091	53.18417753411468	0.1412425915870443	2828.556739980229	0.0199494696782246	54.49815724828541	51.53383893550186	1.008765	33.52021	0.0524931130922324	0.0286555239382061	0.1916249351	0.0768211269	0.0138675657	0.0652438321	0.0568463865	-0.103395069	0.006461208	0.1655700144	0.0393210954	0.1166858594	-0.0958341508	0.0236387338	0.0018264325	-0.0196268562	-0.1667387824	-0.104593045	-0.0406854087	0.0895125168	0.0356468182	-0.0900579521	0.1292201171	0.0428955569	-0.0158396484	-0.0396195363	-0.0375577626	0.011789152	0.1270152249	-0.0103980321	-0.0098451564	-0.1030521663	-0.1000464506	-0.021554313	0.1555796972	0.0988413815	0.0680796789	-0.0947694762	-0.0170993995	-0.0611435725	-0.0096075689	0.0799866924	0.1772897965	0.1148985866	0.0473024548	0.0623651787	0.0965213373	0.0022904331	-0.0247853145	0.0270545075	-0.0145353077	0.0601018538	-0.1561955624	-0.0266227306	0.0128748898	-0.0751416262	-0.0025323805	0.0035337292	0.1194542871	-0.1309010603	-0.047042184	0.0535319136	0.0188654259	-0.0928230692	0.0334870466	-0.0186937063	0.1552692106	-0.030267873	-0.0955644751	0.0517086554	-0.0732498377	0.0337643049	0.0667182991	-0.0971228041	0.0064940259	-0.0579767128	0.0974402052	-0.0407498236	-0.1080696039	0.1080462978	0.0002383544	0.0403133164	0.0411676163	0.0946173481	-0.047316266	0.1028387613	-0.1585236578	-0.0589269994	-0.1217245318	-0.059513549	-0.0441229564	0.0187107666	0.0107666032	-0.0926276301	0.0113381193	-0.1229933436	-0.0520054112	0.1135367614	-0.1267655836	0.0088843481	0.0506579615	0.0963116307	0.0787891512	0.2120002169	0.0953271365	0.0121160533	-0.0891143865	0.0275326584	-0.0312886561	-0.0239580791	-0.097367201	-0.0394346377	-0.0858402359	-0.0512572368	0.1205447379	-0.0700062937	0.0269541067	-0.0839789853	0.03376096	0.0682778606	0.0332429273	-0.1199884614	0.0613201948	0.0342937787	-0.0896249162	-0.1365614542	-0.040810409	-0.0478048697	-0.0093079893	0.0173261299	0.0727362282	-0.0467118493	0.0667549412	0.0427193367	-0.0994412628	-0.0223737012	-0.0297402284	0.0108461339	0.0542206718	0.1351087983	0.0205462464	-0.0492456323	-0.0195704523	-0.1824913787	-0.0109553062	0.082699058	-0.0652563825	0.1324268631	0.0171210498	-0.0077225445	-0.067122705	0.1788441439	0.0637509758	-0.083820656	-0.0399277278	-0.0031890348	0.0070950225	-0.0681622364	0.2212076398	-0.1579495702	0.0738047438	-0.0103988839	0.029697054	-0.1064818314	0.0108663368	0.0077953971	-0.0517858614	0.0890345132	0.0435692762	-0.0158424933	-0.0701830781	0.0	0.0	-0.0300820664483296	0.0131247074325671	0.0009049307218017	0.0001722579451904	0.0790561772543725	-0.0024863630934248	6.182001432345429e-06	0.0062498791620747	0.4760094429682482	-0.0240856274804954	0.0005801174511291	0.2265849897949419	-0.0004267015517415	8.041647623599995e-05	6.466809650215144e-09	1.82074214258604e-07	0.0004212965851533	0.0001745389329075	1.7749081266183178e-07	3.0463839100523685e-08	0.000955090482026	-9.728925712999823e-07	9.12197828856657e-07	9.465199552906917e-13	0.0	0.0	0.0
52.75555480892305	-0.0648945752070204	0.0042113058912996	2783.148563197284	61.77965553990611	-0.1380849818249743	3816.725838629452	0.0190674622056034	53.21151343464146	0.0273359005267792	2831.465162005029	0.0007472514576099	54.46638784221575	51.7660066057229	1.024956	34.058216	0.0921909381861115	0.0488317342905822	0.1131277332	0.1140549898	0.1248721024	-0.0879814311	-0.0339100694	-0.0367073693	-0.0112014405	0.0916055157	-0.088479739	0.1621910502	0.085984683	-0.0576684303	0.0809559015	-0.0631628848	0.0704840244	0.0188062083	0.0234985342	0.0098927135	0.0737648517	-0.0037487692	0.0589861362	-0.0368374413	0.0210381799	0.0526218669	0.062911397	-0.0112983637	0.1986436844	-0.028060613	0.001760525	-0.1071583675	0.0319170157	0.1158562784	0.0899984354	0.0103610656	0.1678609212	0.1195243063	0.0808178909	0.0048503391	-0.0314886206	5.6906e-06	0.0511018662	-0.1408167786	0.1212429459	-0.0308766596	0.0530321499	0.073345715	0.1071771739	-0.0610334818	-0.0154505474	-0.0183911159	0.0090381638	-0.0803442587	-0.0165622657	0.0537155237	0.0455178248	-0.0470305209	0.050352193	-0.0965023333	-0.0983933969	0.0251543794	0.0377742226	-0.0573986809	0.0518520402	-0.0229745391	0.0368056181	-0.1287005108	0.0088783078	-0.0139180525	-0.0638127402	-0.0924325834	0.0181156069	0.0074459852	-0.0229793656	0.0103788801	0.035230576	0.0256951805	0.0799067975	-0.0479777115	-0.2587583438	-0.0587492579	-0.0848592176	-0.0075492619	0.134079091	0.0422214066	-0.0048625138	0.0083328163	-0.1167247541	0.1486450964	0.084228289	0.0601910848	0.0324180751	0.0791953393	0.0822104338	0.0579440844	-0.0931907222	-0.0008546732	0.0290191249	0.017529797	-0.0004518161	-0.1979884542	-0.0708561771	0.0967967931	0.1019783243	0.1252660309	-0.069556275	0.0530734019	0.089416022	-0.0470606735	-0.0894345375	-0.0747459717	0.0017831061	0.0347053896	0.0303780224	0.0220383301	-0.0144387587	-0.0455108389	-0.0012156266	0.0558307014	-0.0043815859	0.0226116292	0.0255604002	0.0135384261	-0.0054310981	-0.1316035436	-0.0488434515	-0.055967485	0.0639923693	0.0040435106	-0.0584376792	0.0358263423	-0.0287921706	0.0215369895	-0.0724839615	0.012127504	-0.0275015608	-0.1279607659	0.1065727885	0.0570916967	-0.0115653179	-0.1231657507	0.1007608014	-0.1365302262	-0.0669262461	0.1506132624	-0.0182438229	-0.1082728579	-0.0091714519	0.014425587	0.0010044158	0.0601978265	-0.0061585144	-0.0441229793	-0.0001005455	-0.0064748076	-0.0550161404	0.0941935038	0.3035879212	0.024250046	-0.0671915826	-0.0261386612	-0.0343002509	0.1265996657	-0.035775005	-0.0579925348	0.0182977974	0.0880054659	0.0401318633	-0.0213671566	-0.0756116809	0.0	0.0	-0.0334572532555057	-0.003375186807176	0.001119387795403	1.139188598333559e-05	0.0691462306873944	-0.0099099465669781	9.820704096036116e-05	0.0047812012182743	0.4476342945031959	-0.0283751484650522	0.0008051490504137	0.2003764616153739	-0.0010500613679591	-0.0006233598162176	3.885774604748401e-07	1.1026288764801364e-06	0.000145056973315	-0.0002762396118383	2.1041525507308624e-08	7.630832314857465e-08	0.0008440767831438	-0.0001110136988821	7.124656158423856e-07	1.2324041339507756e-08	0.0	0.0	0.0
52.61774575491648	-0.1378090540065741	0.0189913353661868	2768.627168329031	61.76854619446334	-0.0111093454427688	3815.353298977552	0.0001234175561667	53.20274627279248	-0.0087671618489792	2830.5322109671342	7.686312688619812e-05	54.58085006383181	51.99896129269863	1.026301	34.102932	0.0880780192987053	0.0378336440988971	0.0771169365	0.0664158111	-0.0577124383	-0.2369606512	0.0647356725	0.0215071553	-0.028734628	0.1443613831	0.0162675552	0.1659781069	-0.0124264685	-0.0865963585	-0.0260038165	-0.1630667334	-0.0017641373	0.1011067434	-0.0734964844	-0.0595059262	0.1576109936	0.0292721385	0.1307518326	-0.0412849588	-0.0560378299	0.0171640654	-0.0363267686	0.0818153	-0.0791871484	-0.0424621977	0.0398014803	0.0206640255	0.0807425209	0.1593167051	-0.0864128958	-0.1354997239	0.1440316214	-0.0137393466	0.056300711	0.0327035309	0.0056080908	0.0252140232	-0.0773255562	0.0378161722	0.0030487998	-0.142107163	0.0232649873	-0.1459931156	-0.0354255518	0.0268109328	-0.0011226905	-0.003579637	0.0133099044	0.0520677763	-0.049113571	0.0083759514	-0.0048899377	0.1150815512	0.1560207154	0.1018948642	0.1099780171	0.1571838057	0.0806328951	0.0650928302	-0.003355609	0.0618697887	-0.1667544008	-0.0621075556	-0.0386170132	0.0077271114	0.012294164	-0.0664678015	0.0275165678	-0.0784482281	0.0717453692	-0.098592663	0.0347566361	0.072123552	8.31637e-05	-0.0230994858	0.0538666166	-0.1535728403	0.0887230897	0.1000397029	-0.0081635111	0.0854219824	0.1319656118	0.0449916152	-0.1887562956	0.0999421596	0.0416209156	-0.033487835	-0.0084589071	0.0119322404	-0.0986721201	-0.0127658472	-0.0189377716	0.059449622	-0.0202016433	-0.09854353	0.0858425037	0.0847498367	-0.0724981547	0.0481928835	0.0373438486	0.0379957235	0.0847488872	-0.1558562548	0.0749800192	0.0120764731	-0.0106945103	0.0507424708	-0.0519054001	0.062194794	-0.1646888756	-0.0880690847	0.0670829134	0.033315849	-0.0563455966	0.0190091814	-0.0691658188	0.0411892921	-0.0099888663	0.077383814	-0.0284306627	0.0120234592	0.0352247206	0.0615712507	-0.086423805	-0.0812928689	0.01150288	-0.0163922595	0.0272751473	0.0443857946	0.0970699161	0.0544645877	-0.0236159251	-0.0129956212	-0.0244048817	-0.0792560965	0.0061593334	-0.0388524148	-0.0604522213	-0.0540867303	-0.0962787115	0.0759305082	-0.0274809227	-0.069470334	-0.0038456381	0.1250481963	0.210529013	-0.0470623533	-0.0659046279	-0.0464379867	-0.1329701646	-0.0887165143	0.1150710885	-0.0204657927	0.131731327	0.094511557	-0.0162232013	0.0760849738	-0.0618871753	-0.0692305005	-0.0838981132	-0.0010510158	0.0874191211	0.0869490055	0.0366444511	-0.0268319309	-0.0806635902	0.0	0.0	-0.0405829410332643	-0.0071256877777585	0.0016469751029094	5.0775426306098286e-05	0.0794090002620748	0.0102627695746804	0.0001053244393429	0.0063057893226221	0.4695734258339072	0.0219391313307112	0.0004813254835461	0.2204992022493919	-0.0012709275732747	-0.0002208662053156	4.8781880650512834e-08	1.6152568965099182e-06	-0.0002823291929456	-0.0004273861662606	7.970977318931382e-08	1.8265893511093326e-07	0.0005173205424089	-0.0003267562407349	2.676205435982385e-07	1.06769640859204e-07	0.0	0.0	0.0
52.43595644203116	-0.1817893128853143	0.0330473542793147	2749.529527990589	61.58339642478036	-0.1851497696829795	3792.5147152116506	0.0342804372136603	53.14873123168945	-0.0540150411030282	2824.787631538362	0.0029176246653618	54.44236994527811	51.712623611172255	1.024138	34.031036	0.0841361091160314	0.0502598776194288	-0.0087884217	0.0918189569	-0.1800106835	-0.1117359135	-0.1181199947	-0.0122321633	-0.0041131149	0.0826507249	0.0080740176	0.0408415884	-0.1112474511	-0.1339274835	0.0217522344	-0.0479999821	0.0290547645	0.0792541595	-0.0473127096	-0.2122012417	-0.2413444057	-0.0104092923	0.0365866348	0.0426014106	-0.0352831942	-0.1358306016	0.114910507	-0.0536164291	-0.0784218412	-0.0081902927	0.021325636	0.0085067339	-0.0511060368	-0.0066566152	0.0797080945	-0.097622575	0.0976684651	0.012729294	0.085130282	0.0308644921	0.1205105356	0.034974943	0.0133270836	0.1031863745	0.0071342279	-0.1069224793	0.0727230474	0.0101715529	-0.0276865246	-0.0140963578	0.0753775866	0.0834398804	0.0512611713	-0.0304721548	5.94555e-05	-0.035862024	-0.0082483965	-0.0641083857	0.0644151374	0.0085870248	0.0375421627	0.0122350862	0.0719229346	0.011142156	-0.0413510645	0.0853806957	0.0881203244	0.0062423887	-0.0730553683	-0.1592679783	0.0279361879	0.0200452503	0.0728561096	-0.1527838067	0.0380146821	-0.0275009182	0.0352588697	0.1379696102	0.063674397	-0.1104629723	0.0449335709	-0.0048987837	0.1056365032	-0.023488532	-0.0368022607	-0.0809968478	-0.0656410478	0.0027355771	-0.1108133344	0.0826502987	-0.1140883681	-0.0297713859	-0.0562629651	0.0014996128	-0.0746587378	0.0542110102	0.0156318594	0.0706810571	-0.012020931	-0.0118555622	0.1400951062	0.112772491	0.0759222343	-0.0213308445	0.0274967554	0.148720031	0.1277022441	-0.0196300291	-0.1207655573	0.0095149199	-0.0932715011	-0.0234214248	-0.01013479	-0.0259926291	0.0086433251	0.001194134	0.0405932292	-0.0157144233	0.0172783934	0.1212403169	-0.0226545363	0.0170366652	-0.0484622594	0.1356417629	-0.0845085849	0.0829266555	-0.0251385283	0.0001229488	0.1507214311	-0.0343239415	0.1665790531	-0.1153546976	0.1230212801	-0.0150663096	0.0781382944	-0.0099327687	-0.0492142037	0.0978381119	0.0269790733	-0.148840142	0.0102804787	0.0128421225	0.0161910488	-0.0351931131	0.0604585998	0.0680681768	-0.0802991693	0.0679729487	0.0541301589	-0.0406175673	0.1332821145	0.040107693	0.0056912211	0.0553782907	-0.096350407	-0.0888907725	0.0435573504	0.0436182128	0.042887065	0.1238656798	-0.0303989228	0.1580119093	-0.0275115569	0.0458518634	0.0676412348	-0.0414216177	-0.1146522738	0.085865461	0.0331113845	-0.032221499	-0.0853136375	0.0	0.0	-0.0388378056838831	0.0017451353493811	0.001508375150339	3.045497387659841e-06	0.0902843562600708	0.0108753559979959	0.0001182733680831	0.0081512649852953	0.4651215981955729	-0.0044518276383342	1.9818769321437093e-05	0.2163381011080039	-0.000431955990182	0.0008389715830927	7.038733172370713e-07	1.865859774541121e-07	-0.0001046819236643	0.0001776472692812	1.0958305142058332e-08	3.1558552283102705e-08	0.0008419774926413	0.0003246569502324	7.089260981145304e-07	1.0540213533420306e-07	0.0	0.0	0.0
52.28252645636108	-0.1534299856700798	0.0235407605027208	2733.4625726600966	61.736741656190034	0.1533452314096735	3811.42527032315	0.0235147599960863	52.92817487660244	-0.2205563550870124	2801.39169576821	0.0486451057692683	54.31251925654456	51.47753656037988	1.010397	33.574459	0.0686202239482292	0.0368459248517964	-0.1254626217	0.1134683805	-0.0954474752	-0.0253449522	0.0916432229	-0.1387374476	0.0499900548	0.1193160536	0.0404545302	0.0129614963	-0.0828066286	-0.0654383366	-0.2233951819	-0.0523880789	0.0895292068	-0.0336678101	0.0969608335	-0.0055570233	-0.0658716614	0.0504056016	0.0350673323	-0.1007889765	-0.0437153898	-0.1410054389	-0.0644023691	-0.0717486166	-0.0443518443	-0.1124774788	0.0714925053	0.0073898765	0.0303844749	0.0716062569	0.1594226248	0.1396019213	0.0087275838	-0.0325838737	0.1304164599	-0.0318007916	-0.0610679619	-0.0637069823	-0.050943046	-0.0236471695	-0.0055725366	0.0269183041	-0.1358462677	0.0024615072	-0.000228505	-0.0084467907	-0.0181298959	0.0881578409	-0.0583421063	-0.0092382679	0.0664235523	0.0565213597	-0.0561482217	-0.0681461729	0.08642554	-0.0384636068	-0.0553510421	-0.066385583	-0.0923181681	0.070690283	0.0429866319	0.0496204283	0.0335019008	-0.0344265544	0.1960028928	-0.0129143479	-0.0723907233	-0.0789888858	-0.0664103668	-0.0003516671	0.0052966906	0.1208097294	-0.0213378962	0.0103309274	0.1004591841	0.2202339294	-0.0041648839	-0.0524610523	0.1239125376	0.0270309304	-0.0834624129	-0.1555546007	-0.0891160747	-0.0154464103	-0.0204153358	-0.014224542	-0.1547705515	-0.1453403788	0.0597490414	-0.0216898796	0.1335954016	0.0730805268	-0.0488651457	-0.0065567047	0.0227093545	-0.1133494985	-0.0534591928	-0.0638587907	0.0010326647	0.0334208141	-0.0524878496	0.0521279742	0.0762638725	-0.0264045064	0.0809903222	0.0038079586	0.0245934997	-0.0180004942	0.0078992236	-0.0902372111	0.0097106897	0.0666574094	-0.0471403791	0.1159945109	-0.1342138634	0.0589298157	-0.0324594538	-0.0408344936	0.0050002048	-0.0814979193	-0.0178885952	-0.0567757358	0.0583604428	-0.0747415475	0.0710234201	0.0632968493	-0.0632875018	-0.011432258	0.027792503	-0.0636438294	0.0165651889	-0.0531059855	0.0893187045	0.1081644016	0.0278890408	0.070018552	-0.1302601729	-0.2070420037	-0.0608399274	0.0315933465	0.0635253706	0.0066273521	0.0563963586	-0.0777350819	-0.0051642957	-0.0918555552	0.0847679965	0.0544429681	-0.0088265944	-0.0169530763	-0.1132445206	0.1390398293	0.0599721781	0.0518949664	0.0322746621	0.0773961428	-0.0776562657	-0.0404350828	-0.0205102265	0.0546360193	-0.100169856	-0.0228988501	0.0103015967	0.0847551701	0.0295370653	-0.037520755	-0.0895386565	0.0	0.0	-0.0205493436624806	0.0182884620214025	0.0004222755249587	0.0003344678431082	0.0924848898915229	0.0022005336314521	4.842348263151782e-06	0.0085534548582471	0.4604411518925033	-0.0046804463030696	2.1906577595918163e-05	0.2120060543560953	-0.0003790199859648	5.29360042172e-05	2.802220542483416e-09	1.436561497607572e-07	0.0001454476989186	0.0002501296225829	2.115503312071571e-08	6.2564828093464e-08	0.0002760274795953	-0.000565950013046	7.619116949173374e-08	3.202994172667676e-07	0.0	0.0	0.0
52.23288294267046	-0.0496435136906256	0.0024644784515513	2728.2740605027143	61.384330826205804	-0.3524108299842297	3768.03607098108	0.1241933930901736	52.90055701577452	-0.0276178608279238	2798.4689325792106	0.0007627462367105	54.1841302887451	50.23297310151731	1.003286	33.338142	0.1849277845024494	0.0915501922355363	-0.1504115582	0.0418725009	0.0471493904	0.0108737742	-0.0418309375	0.0051601391	-0.0467165164	0.1387876916	0.0004326275	-0.0563219072	0.0626114436	-0.1047647569	-0.1113425999	0.0160363745	-0.0321389613	0.0427535923	0.0008906279	0.0416699009	-0.0197276427	0.028503368	0.039654652	0.1491615547	-0.0437665522	0.0553555362	-0.0673900011	0.0135317073	0.0781181941	-0.0249653305	0.0263080754	0.0956947847	0.0749841619	0.2060892929	0.0356510002	0.000181778	-0.0970875549	0.0507305043	0.0380752495	-0.028426236	0.105192178	-0.0242630251	-0.0296091497	0.1053468707	0.0463619209	-0.0306124522	-0.0025094834	0.1092926838	-0.0661946807	-0.1402779692	0.0098694434	-0.0413190451	0.0248969046	0.0262322425	-0.0765781193	-0.0093909387	0.0390329826	0.0708254223	0.0010888871	-0.0279087867	-0.0073564017	0.0142593127	-0.0849779252	-0.0670728395	-0.1034432811	0.0547763726	0.0372580265	0.040213834	-0.0027317953	-0.0333093931	-0.0805755453	-0.0133201927	0.0839848198	0.0076524008	-0.0361719086	0.0557906844	-0.0586175269	-0.0400959624	-0.0578912624	-0.0316941934	0.017191094	-0.0086395571	0.0324936621	0.1949030353	0.074763018	-0.0395065824	0.0211417033	-0.0348331483	0.1257516978	0.0767032553	-0.0851508303	0.0047122577	-0.0072698618	-0.0527394986	0.0493529382	0.0222135141	-0.1299369181	0.0054302882	-0.0180591798	0.0523130029	0.0228200023	0.1306446917	0.014678023	-0.0067320624	-0.0440540732	0.1691772865	-0.0577551293	-0.0253618691	0.0709802519	0.0678585878	0.0183911007	-0.0294078703	0.0039808886	0.1005748019	0.0055447714	-0.0729836121	0.0039778987	0.0512785729	0.0608075431	0.0010823404	-0.011956782	-0.1027710204	-0.0377446395	0.0087107148	-0.0239740172	-0.0413651841	-0.0246269289	0.049087733	-0.0929297289	-0.1675126435	-0.06726497	0.0187261609	0.017453818	0.0139252573	0.01852475	0.1155522331	0.0846040978	0.0493104869	-0.1200578454	-0.0110563861	0.0735511156	0.0585981409	-0.0374128528	0.0828315955	0.0268803289	-0.04886978	0.0739054552	-0.013027012	0.0220552231	0.0511137228	-0.0353280784	0.0916786827	-0.0323411508	0.0052173542	-0.0188372358	-0.0679170219	0.0847017007	0.0864727069	-0.0270679062	0.0688282554	0.0360305268	-0.0211897423	-0.118257726	0.0049535209	-0.079927128	0.0865137311	0.012968368	0.0836184785	0.0259259465	-0.0427148457	-0.0933175984	0.0	0.0	-0.0741411115737662	-0.0535917679112856	0.0054969044253936	0.0028720775878571	0.1035981620523358	0.0111132721608128	0.0001235048181202	0.010732579180622	0.5076555610368843	0.0472144091443809	0.002229200430853	0.2577141686516737	-0.0001933413516857	0.0001856786342791	3.4476555227751786e-08	3.7380878271653534e-08	0.0006568994773792	0.0005114517784606	4.315169233810661e-07	2.615829216905107e-07	0.001039063772575	0.0007630362929797	1.0796535234777917e-06	5.822243844042027e-07	0.0	0.0	0.0
52.25893895218389	0.0260560095134323	0.000678915631764	2730.9967004080827	61.35137365581272	-0.0329571703930824	3763.991049455152	0.0010861750803186	52.868245536759055	-0.0323114790154619	2795.051386135044	0.0010440316761666	54.14196007908682	49.83898477715817	1.026182	34.098969	0.0556137922229874	0.0276405013723281	-0.0555668949	-0.1397418592	-0.0155565871	-0.0228055144	0.0887973376	-0.0402878194	-0.0073106879	0.0172112247	-0.0502700387	-0.0974413779	0.0795600894	0.1532398965	-0.0508054528	-0.0020275759	0.0055450446	-0.0651416311	-0.1105128046	-0.037832617	-0.0008752253	0.0282914548	0.041575522	-0.0584649304	-0.0277743373	-0.0171646033	-0.0213053136	0.0040291559	-0.0192442451	-0.0760422456	0.093029172	0.0080936412	-0.0706001751	-0.0074611359	0.0241809385	-0.0143029236	-0.1079615021	0.0488807371	-0.0814756119	-0.2060864351	0.0382807167	-0.0737960817	-0.1337395293	-0.0066488963	0.05655821	-0.0566928187	-0.0142002851	-0.0862367985	-0.0478510496	-0.0537943114	-0.0409098419	-0.0930014695	-0.0045082174	0.1158691917	-0.0798527452	0.0313325228	0.0182598734	0.0958374202	0.1501069728	0.0192927156	-0.0982216041	0.0536151319	-0.0279625835	0.0317910513	0.1378389615	-0.0144401095	-0.1362502651	0.0411909983	0.0341666879	0.0683234534	0.0103335368	-0.0507637234	-0.0919572506	0.0018704538	-0.0145134585	-0.0443723042	-0.0225512788	-0.0750311833	0.0639680129	-0.0361944827	0.0627847459	0.1240640062	-0.0066054089	0.0133263824	-0.0999334972	0.0281199551	0.0810703347	0.0639745638	0.1313831263	-0.1147047335	0.1296259858	-0.0173673019	-0.0713832969	-0.0149095691	-0.0244946421	0.0123657655	-0.0039270373	0.0436345178	0.0899488607	-0.0346784981	0.078654105	0.091746405	-0.0445864693	0.0066326267	-0.0738928164	0.0218440044	0.0253708472	-0.0757408489	0.1882808396	0.0611235032	0.0763117724	-0.052337131	-0.0082410812	0.0332715614	0.0117975838	-0.0816012559	-0.1293504611	0.0368875745	-0.0575440238	0.0354464148	0.0179826249	0.0796405139	0.0854177332	-0.1746255543	-0.0061096116	0.0117342217	0.0959450311	-0.0428346009	-0.0620831487	-0.0208349962	0.0342420849	0.0248276083	-0.0775838407	-0.1293723695	0.0237092816	-0.1127108034	-0.0651917795	-0.135083114	-0.0365125073	-0.0424922869	0.0763108859	0.1348190394	0.0218168391	0.0626551284	0.020052043	-0.0355139751	-0.0346429445	0.0412180312	-0.0958158407	0.0731360972	-0.0030251657	-0.0219715732	-0.056916426	-0.0299398409	-0.0501191445	0.0598891083	-0.0387073649	0.0430098295	0.005109885	0.1255256632	0.0388943446	-0.0004285921	-0.0363036566	-0.0227977885	-0.0694282134	0.0546846488	-0.0254174445	0.0824557403	0.0222825273	-0.0477892128	-0.0966316368	0.0	0.0	-0.057921136944472	0.0162199746292941	0.0033548581049402	0.0002630875769749	0.103979244121632	0.0003810820692961	1.452235435390727e-07	0.0108116832081059	0.5025164959284822	-0.005139065108402	2.640999018839494e-05	0.2525228286802403	-0.0002443600140448	-5.10186623591e-05	2.602903908911847e-09	5.971181646397485e-08	0.0009794104901843	0.0003225110128051	9.59244908283051e-07	1.040133533805714e-07	0.0007351200394193	-0.0003039437331557	5.404014723558331e-07	9.238179292462344e-08	0.0	0.0	0.0
52.3333272041808	0.0743882519969076	0.0055336120351554	2738.77713625985	61.08371184088967	-0.2676618149230521	3731.219852260845	0.0716428471679021	52.94674935989831	0.0785038231392576	2803.358267779892	0.0061628502474798	54.21693950885344	50.29266644204152	1.012941	33.65897	0.1035177790145712	0.0582740957867134	-0.0365103934	0.0076171617	-0.0902660557	0.1154148368	0.0161126762	-0.0562209197	0.0036885587	-0.0224647793	-0.0280346103	-0.1005868628	-0.0785053364	0.0109708601	0.0441215038	0.0515490603	-0.0038645856	0.0103422545	0.005564101	0.0921123989	-0.0085295777	0.0177578281	0.0148704188	-0.0806107591	0.0221325732	-0.0815629216	-0.0201640123	-0.1315921439	0.0011046544	0.1143447212	0.0200304055	-0.1403710715	-0.0609083213	0.0265297154	0.0364962904	0.0133885836	-0.0627197634	-0.0974033582	0.0055471943	0.056367356	0.0200255075	0.0440480798	-0.0321605173	0.0262885863	0.128647429	0.0739657854	-0.0378571727	0.1050491097	-0.0211057974	-0.0450921686	0.0153737288	0.0979553636	0.0589149358	-0.0366627026	-0.099793218	-0.1296925671	-0.055986248	-0.0229870457	-0.0206593845	-0.0946333057	-0.0584406409	-0.0491416155	-0.0457137838	0.0028304695	0.0857428113	0.1273015328	-0.0712967969	0.0131492786	0.0221679291	0.0028663708	0.1014125231	-0.0150285	0.0818461851	-0.0239728542	-0.0177601752	-0.1050274572	-0.0617056802	0.0616526235	0.0273717312	0.1185666592	-0.1130446864	-0.0296898171	0.0741269312	-0.0866620369	0.0138214195	0.1507298057	0.0356651062	0.0060174023	0.067804292	-0.1003425129	-0.0640448382	0.0532193375	0.0323706858	-0.0129527956	-0.0104509819	0.0779999735	0.0130270444	0.0037461594	-0.0433260249	0.0062381523	-0.0028025151	-0.1414427974	0.1169614713	0.0699336954	-0.026790446	0.0974274244	-0.0604802477	0.0568443968	-0.1256654299	0.1388574349	-0.0016883497	0.009209934	0.0500527838	-0.0550514925	-0.0134591269	-0.0825297383	0.0391405679	0.0605424654	0.1125317374	0.0899594501	-0.0486572352	-0.0062625444	0.1179027246	-0.0476907733	-0.059630126	-0.0775465881	0.0982726595	0.0656802961	-0.0689849576	0.0897522086	0.1082501039	0.0376250606	-0.0406438577	-0.0428411462	0.0892753704	-0.0067685616	0.0178000139	0.0636079822	0.0531403531	-0.0182264748	-0.0627546186	0.0347115833	0.0612630991	-0.0005202717	0.0303762961	-0.0130924863	0.0672931878	0.0175572962	-0.0193475754	-0.07721372	-0.0038523658	0.0313828941	-0.0121306291	0.0211141891	-0.052943613	0.1176274505	0.0686848739	0.0015117367	-0.0081136521	0.1423832332	-0.1120341977	0.0409650036	-0.0211804945	0.0250266285	0.0693853593	0.0034032876	-0.0033014804	0.0812673177	0.0186113467	-0.0527296337	-0.0994642612	0.0	0.0	-0.041008074968218	0.016913061976254	0.0016816622125989	0.0002860516654126	0.1014627314924894	-0.0025165126291425	6.332835812634189e-06	0.0102946858819169	0.4712863774313192	-0.031230118497163	0.0009753203013468	0.2221108495523358	-0.0001145392069174	0.0001298208071274	1.6853441963209588e-08	1.3119229921266973e-08	9.995537804496912e-05	-0.0008794551121393	9.991077600112697e-09	7.734412942680032e-07	0.0007830058383928	4.78857989735e-05	6.130981429572116e-07	2.293049743330453e-09	0.0	0.0	0.0
52.38434626472297	0.051019060542174	0.002602944538606	2744.1197335823954	61.5628509854937	0.4791391446040265	3789.984621462102	0.2295743198918782	53.12137287749341	0.1746235175950943	2821.880256389692	0.0304933728972842	54.36271364647045	50.46244411242199	0.968249	32.173904	0.0502499281216775	0.0263460083761023	-0.0430464185	-0.0328863319	0.0595966485	-0.0310186874	-0.0526682372	-0.0254189569	-0.0936421732	0.0141046243	-0.0527406374	0.0160992811	0.1348426778	-0.0510569383	0.0274892343	0.0012652477	0.0635978051	0.1007442871	-0.0190071318	0.1642553714	-0.0216912385	-0.0463490522	-0.084742915	0.0306494864	0.092262272	0.0350499614	-0.0171542592	0.0222614001	0.0224685785	-0.0744131064	-0.0162661216	0.043415823	-0.0138234883	-0.0189968239	-0.0227255464	0.0079866166	0.0387939193	0.0809606828	0.0899579564	0.0279666188	-0.0223361868	0.0029526526	-0.1100312441	-0.0655349511	-0.1217486777	0.0607884539	0.0704494292	0.0756732131	-0.1097407734	0.0504872177	0.0228754026	-0.1140187766	0.0794393539	-0.1214481141	0.0466104953	-0.0736103125	0.0373055197	-0.0110390408	-0.0914828502	0.0753717321	-0.0180957431	-0.1586610749	0.0390146393	-0.0627903402	-0.0308600715	-0.0721412047	0.047020381	-0.0070406912	-0.0561093636	0.0045786118	-0.1120305028	-0.1366137811	0.0692545765	-0.1036440931	-0.0977025206	0.057959005	-0.0177172776	0.0289529471	-0.1324712257	-0.014563539	-0.0284072477	0.0722658441	-0.0349611792	0.0083573172	-0.0374331428	-0.0078768399	0.00710429	-0.0685540145	0.0290576634	0.1096128968	0.1067941469	0.005396282	0.0311771073	0.1174674956	0.0106488093	0.0568732108	-0.057818104	-0.0636533027	0.1045022468	0.045094683	-0.058546887	0.0071638891	0.0272889968	-0.0163769715	-0.0426916336	-0.0313339823	-0.1741988767	0.0503742747	0.0012334962	0.0077882711	0.0388156398	-0.034771548	-0.0255955495	0.0050478118	-0.045542011	0.1735500357	0.0629703227	0.0070992013	0.1764260869	-0.0489372236	-0.1019682021	-0.1608158714	-0.0439593302	0.1265072066	0.0472695425	-0.0244183139	-0.0847358748	0.08673119	-0.0561015156	0.0228112749	-0.1098203157	0.0073032181	0.0877023732	0.1142440981	-0.0175189253	-0.0899713159	-0.0185956761	0.0560913668	0.0720242612	0.0548716223	-0.0249270048	-0.0022440636	-0.0810600584	0.0190455602	0.0244915172	-0.0524615759	0.037141522	-0.0483567324	-0.0262078411	0.0574693132	0.043912065	0.0405247658	-0.0014388974	0.0174435216	-0.0183442781	0.0286826263	-0.0452416099	0.0908237963	-0.0387616503	0.09032897	0.0171558994	-0.0056814196	-0.0117503605	0.0379652625	0.068069409	-0.0037046775	0.0252952323	0.080053581	0.0149169788	-0.057522261	-0.1018013597	0.0	0.0	-0.0376727117063353	0.0033353632618826	0.0014192332073086	1.1124648088716784e-05	0.0978875506455239	-0.0035751808469654	1.2781918088508912e-05	0.00958197257138	0.4915747867305668	0.0202884092992476	0.0004116195518937	0.2416457709492022	-3.1990242444737704e-05	8.25489644726623e-05	6.814331535508861e-09	1.0233756116730976e-09	-3.650865563620265e-05	-0.0001364640336811	1.332881936362831e-09	1.8622432488535985e-08	0.000540999342275	-0.0002420064961177	2.9268028834198265e-07	5.8567144163214736e-08	0.0	0.0	0.0
52.35503985500209	-0.0293064097208812	0.0008588656507281	2741.050198218857	61.23130826683311	-0.3315427186605859	3749.273112067945	0.1099205742968524	53.13870938430876	0.0173365068153543	2823.722435030024	0.0003005544685588	54.455487928400345	50.440582796107854	0.985245	32.738674	0.0659576013624027	0.0403115178999592	-0.0442032829	0.0232962345	-0.0971708393	0.0577834866	-0.0063071984	-0.0369016503	-0.0844863202	-0.0420094907	-0.0469382812	-0.079319527	-0.0591636515	-0.0229548095	0.0211241877	-0.0264623168	0.0221279448	-0.0061666404	-0.0714090378	-0.0314955879	-0.0225145614	0.0235252182	0.0246321034	-0.08454595	-0.0605218849	-0.0133503852	-0.0464867163	0.0434002433	-0.0826604089	-0.0337408685	0.1177712984	-0.0484786139	-0.1398598731	0.0454750355	-0.0849365317	-0.0291824209	0.0809757264	-0.0905612325	0.1076098575	-0.0604690261	0.0894982727	-0.099834674	-0.085415575	0.0484635012	-0.0323359164	0.1191784954	-0.0916514091	-0.0407258982	0.143907855	0.0302023594	-0.0516373804	0.0237660823	0.0173217902	0.0405418289	0.0576625678	-0.1786050931	-0.1241085584	0.0160946085	-0.0270369925	-0.01068798	0.1325630534	0.0734144752	0.035473737	-0.0217915858	-0.0268850897	-0.0306151784	0.013057702	-0.0358903148	-0.0609191412	0.0366222882	0.0546121314	-0.0049313746	0.0516870795	-0.0017641585	0.1668819437	-0.0641746506	-0.0026019673	-0.0101349536	-0.1018505825	0.0011445873	-0.0100865656	-0.0044019333	-0.0263204625	0.0484425263	0.0128692582	0.0326726488	-0.0780471318	-0.0202922174	-0.0499238626	-0.0294897726	-0.0309478388	-0.0523098493	-0.090417	-0.034270167	0.1950412157	0.0662304073	0.0886761706	-0.0033004477	0.0759779086	-0.1275446281	-0.1025228942	0.021268459	0.0695803455	-0.0240492476	0.0013968302	-0.036884824	0.0792790741	0.0251746517	-0.1001852463	-0.0066543596	-0.0104453352	0.0535367759	-0.0681809399	0.0416757535	-0.1489453549	-0.0119216932	0.1265406832	-0.0048375921	0.0014169146	0.1749037242	-0.0431368453	-0.000330145	-0.014185366	0.0965254646	0.0176506363	-0.005276488	-0.0643337739	-0.0596230687	-0.1139997553	0.0915946527	0.108265864	0.0845713579	-0.0662914357	0.1001010404	-0.0379686145	0.0691199178	0.062422752	-0.0030565446	-0.0057159337	-0.0019900997	0.0706922965	-0.0326508051	-0.0480668106	0.0164859299	0.0305054633	-0.0933992051	0.0332052366	0.0854979994	0.0747816974	-0.0669456444	0.0915392041	0.0946967767	0.0334272862	0.0279029992	0.0033677945	0.0899493242	0.0723320273	-0.0078871091	-0.101465996	0.1013901642	0.0161885806	0.0525307084	0.184858326	0.0849608733	0.0511620239	0.0960409378	-0.0401496189	0.078814908	0.0112040262	-0.0621536617	-0.1036312889	0.0	0.0	-0.0351962495078765	0.0024764621984588	0.0012387759794206	6.132865020395411e-06	0.1055262049090117	0.0076386542634877	5.834903895710028e-05	0.0111357799224987	0.4848523048575899	-0.0067224818729769	4.519176253250321e-05	0.2350817575257173	8.73534409725447e-05	0.0001193436834172	1.4242914771604526e-08	7.630623649743851e-09	0.0007030182390832	0.0007395268947194	4.942346444836434e-07	5.469000280133225e-07	0.0004174698598621	-0.0001235294824129	1.742810838932814e-07	1.5259533025198978e-08	0.0	0.0	0.0
52.30118905917018	-0.0538507958319129	0.0028999082117303	2735.4143770030623	61.58236834052559	0.35106007369248	3792.3880904281687	0.1232431753409695	53.1065653231017	-0.0321440612070631	2820.307280416868	0.0010332406708834	54.39335705350673	50.41213440602901	1.005017	33.395683	0.0759788548337214	0.0387248177542691	-0.1382883334	0.0332224059	0.0583724835	-0.0372865604	-0.0941439146	-0.0193753177	-0.0256718319	-0.0075466821	0.0958409696	0.0326702812	0.0952676023	-0.1327795247	-0.0405717056	-0.0406211258	-0.0546611056	0.0161012886	0.0734428106	0.0552786232	-0.0073948421	-0.0092006355	-0.1474703075	0.0513803796	0.1309728918	-0.0250061537	-0.0137025108	-0.0075594098	-0.081870266	-0.0644097316	-0.0722314308	0.0814410479	-0.1038430797	-0.0281383821	-0.1206791857	0.1105741829	0.0976296424	0.1250948021	0.0894679812	-0.0857092395	0.1821110054	0.0898534751	-0.0703447995	0.0174955816	-0.1339793802	-0.0091506235	0.0203437176	-0.0499268328	-0.0622141239	-0.0117175905	-0.0413792558	0.0109236486	-0.1418628945	0.0692043455	0.113298145	0.0971776563	-0.1133686766	-0.0170422509	0.1453858381	0.0303424401	-0.0295245334	-0.0541561319	-0.0195050043	-0.073200414	0.0131399879	-0.020864197	-0.0389484503	-0.1591279529	0.112235884	0.055157577	0.1549752022	0.1023755939	-0.0183674116	0.0130542757	-0.0477832008	-0.0842682167	-0.0228989922	-0.1216986512	-0.0472740119	-0.0044413319	0.0885038025	0.0563809631	-0.0629257113	-0.1026414153	-0.0042267337	0.0037672261	-0.0823563628	-0.0122512939	-0.0002132797	0.1872869088	-0.0477287445	-0.0566075405	-0.05068881	0.0532207154	0.1544062311	0.0518676191	-0.0450167083	0.0572010369	0.0575541128	-0.0019589701	0.1529619669	0.1124897815	-0.1521867135	0.0880695009	-0.0011711497	-0.1220620368	0.1128832942	0.0654744578	0.0240216988	0.0058536593	0.0800101636	0.0070755323	-0.0455755852	-0.0660764669	-0.0176978489	0.0570687163	0.1793713388	-0.0686044087	-0.1732201998	-0.0265488788	0.0761315892	-0.0436196087	0.1433851921	-0.1537217967	0.0030848067	0.0952892285	-0.0143701474	-0.0320321902	0.076954676	-0.0021695892	0.005960852	0.0913390772	-0.0582131616	-0.0523329728	0.0244071145	-0.0270962165	-0.1022444648	0.1038117773	-0.0083658334	0.0536880606	0.022117215	0.1245519572	-0.0799481225	-0.0154410912	0.1177404031	-0.1276624882	-0.0307292982	-0.0945286472	0.0763376196	0.0123528478	-0.0016770302	0.0653482465	-0.0046585193	0.0580182412	0.0070526015	-0.0470587317	0.0909742747	-0.0153625451	-0.0690668353	-0.0022140572	-0.0967887887	-0.0717877259	-0.0157979381	0.0817675047	0.0997613443	-0.0714146685	-0.0396036434	0.0775516848	0.0074771147	-0.0666108546	-0.1049449322	0.0	0.0	-0.0326245545619627	0.0025716949459137	0.0010643615603664	6.6136148948385725e-06	0.1079729769168125	0.0024467720078008	5.986693258157566e-06	0.0116581637442785	0.4646396999842608	-0.0202126048733291	0.0004085493957653	0.2158900508014639	0.0005249473612346	0.000437593920262	1.9148843905031403e-07	2.755697320671696e-07	0.0002091315072021	-0.0004938867318811	4.3735987304622e-08	2.439241039281936e-07	0.0005009448678525	8.347500799039996e-05	2.5094576062775865e-07	6.968076958997337e-09	0.0	0.0	0.0
52.24871355279324	-0.0524755063769362	0.0027536787695158	2729.92806792184	61.51288429340283	-0.0694840471227635	3783.834934093564	0.0048280328045584	53.085087646394086	-0.0214776767076116	2818.026530425342	0.0004612905967566	54.400221841377125	50.04549281317708	0.990744	32.921398	0.0737230191515977	0.0309443016261046	-0.1049253262	-0.0999131675	-0.0579569934	-0.1055894648	0.0570290133	0.0478322725	0.0150825102	-0.0701684764	0.0471392076	-0.0415638734	0.0274777831	0.0390031706	-0.0634009511	-0.0908410554	0.0639102772	0.0459020186	0.0027808689	-0.0245010699	0.0800067194	0.0809104048	-0.0542922418	-0.0830880959	-0.0020658164	0.0627347026	-0.0016215434	0.0844530415	0.0820263899	-0.0715254383	-0.001529145	0.0614911184	0.0105906914	0.0139366291	-0.0460848713	0.0123622293	0.0646619141	0.1178070749	-0.0355855212	-0.0619368107	-0.0819153824	0.0309629026	-0.079267307	-0.0295364206	0.0315348382	0.0343417274	-0.1651357014	-0.0625554212	-0.0454887879	-0.0227250555	-0.0753850954	-0.0580593294	-0.0973598222	-0.0107346441	-0.0774167638	-0.0445881384	-0.0890071174	-0.0732344663	0.0556871853	-0.0544485122	0.0884797604	-0.0483961778	-0.0044656499	0.0428066097	0.0419991881	-0.0550975919	-0.0312391833	0.1249221494	-0.1272924209	0.0613724325	0.0727818437	-0.0358735588	0.0864549755	0.0392233919	0.0334707899	-0.0470707364	0.0139401399	0.0244566218	0.0899726419	0.0318644557	-0.1190559895	-0.099866919	0.0012263128	-0.0299518358	0.0127362681	-0.0851447405	0.0019858644	-0.060905228	-0.0302980822	-0.0588571254	0.0430392937	-0.096631561	-0.0067316932	-0.0062275872	-0.0094353991	0.0042774013	-0.0951427623	-0.1532225793	-0.0206288261	-0.061870368	0.0444156172	-0.012472034	-0.0684858344	-0.0278111414	-0.0468395283	-0.1004205214	0.0820662542	-0.0192691881	0.0514249105	0.0248670855	0.0936378901	-0.0423080677	-0.1038503088	-0.1292846682	0.0080214765	-0.1499597764	0.0704989126	-0.0008265542	0.0872956175	0.0320230771	0.0724658203	0.0765085754	0.0384827614	-0.0255784695	-0.0581949695	-0.105183324	-0.0557634821	-0.0551898295	-0.0772605619	0.019232554	0.0094574544	-0.0154639316	-0.0532788583	0.1241560098	0.0294292326	-0.0197600051	-0.0343086086	0.0217915435	0.0227364524	-0.0230020229	0.0416605235	-0.1562970381	0.0339836185	0.0434412552	0.0700694241	-0.0720246225	-0.0179348838	-0.0277850732	-0.0989336524	0.027174254	0.0470443817	-0.0319347349	-0.0199117153	0.0203395386	-0.0683017859	-0.0339019554	0.0069544185	0.0338338126	-0.0912778049	0.0134135496	-0.0080806535	-0.0325306459	-0.0462143213	0.0042011034	0.122700764	-0.0177551727	0.0643329445	0.0762643048	0.0037408877	-0.0708813468	-0.1057357452	0.0	0.0	-0.0438349957905188	-0.0112104412285561	0.0019215068559548	0.0001256739925389	0.1266527795863794	0.0186798026695669	0.0003489350277739	0.016040926576956	0.4760426244915905	0.0114029245073297	0.0001300266873198	0.2266165803328414	0.0001969510524754	-0.0003279963087591	1.0758157855966044e-07	3.8789717071167766e-08	0.0001325734538148	-7.655805338729999e-05	1.757572065638491e-08	5.861135538452675e-09	0.0007449875206289	0.0002440426527764	5.550064058927957e-07	5.9556816374142575e-08	0.0	0.0	0.0
52.311269075070726	0.0625555222774849	0.0039131933674089	2736.4688722444507	61.161584160544656	-0.3513001328581708	3740.739377027387	0.1234117833461685	53.028173237862674	-0.0569144085314121	2811.987156944775	0.0032392498984804	54.278886922987866	49.88862317986455	0.991867	32.958702	0.0545343694393176	0.0294058429505716	-0.0354915044	-0.0297884232	-0.0594222401	0.1197867011	0.0674615223	0.0716658293	0.0052338635	-0.1101780855	-0.0813823056	-0.1113726348	-0.0573562803	-0.0111148574	0.0141698547	0.1040163775	0.0306419593	-0.0304849972	-0.1438869316	0.0099537382	0.0738823801	0.03946263	-0.0179491353	-0.0610900699	0.0304719602	0.0457975641	-0.0704929437	0.0413501305	0.1786241426	0.0401588636	-0.0952960727	0.0423289711	-0.0421388151	0.0776106669	-0.0119139179	-0.0508198135	-0.0418484951	-0.0202584636	-0.0315447618	-0.1414691057	-0.0339646751	0.0020703386	-0.0365750806	-0.0226326992	0.0044279068	-0.05756701	0.0309043705	-0.0038306468	0.0435215488	0.0214324132	-0.0788437676	0.1235021919	0.0183680403	0.0351393968	-0.1641448718	0.014449052	-0.0794720117	0.0526830116	-0.0849350759	-0.0330634784	-0.0300448225	0.0294893988	-0.0567812259	-0.0408770622	-0.1254791581	-0.1096654914	-0.1410677301	-0.0030093934	0.0061431072	-0.0063047256	0.0094872236	0.059775419	0.0491918607	0.0093883032	0.0546384396	0.0907703901	-0.0186101151	-0.0364036878	0.0027863509	-0.0027539449	0.1002729347	-0.0045584804	0.0102997533	-0.0513721258	0.1217353671	-0.0407091418	-0.1119309455	0.0493111065	0.0618013998	-0.121865707	-0.0362537753	-0.0149523058	-0.0695703598	0.0527852647	0.0077285648	-0.1180603476	-0.0045220173	-0.0016226476	0.1140616505	-0.0399757283	-0.0052117192	-0.0324444791	-0.0210739911	0.012563598	0.0402342527	-0.0153230294	0.1044948876	0.0328795898	-0.0753720829	0.1051414805	0.1168829435	-0.1969026728	0.0937982466	0.0617130521	-0.0231147614	-0.0882436261	0.0594522687	-0.0486395887	-0.0522825697	-0.0605961211	-0.0057194673	-0.0404587774	0.0406621922	0.0209841278	0.0181430569	0.0005129394	-0.0158347369	-0.0387125565	-0.024514467	-0.1000771924	0.0594769062	0.0013471191	0.0012994347	-0.0121989019	-0.0309998466	0.0279440342	0.0458622248	0.0049171251	-0.0072728031	0.0453821773	0.0477155096	0.0058936373	0.0405644726	0.0561760379	0.0044963299	-0.0711947414	0.0893236476	0.0667255957	0.0067755502	-0.0357408833	0.0318632283	0.0129497911	-0.0142308826	0.0435294973	0.0191149544	0.1008709775	-0.0139276219	0.0304466818	-0.1404641897	0.082775037	0.0195866939	-0.0555596272	0.0610884209	0.0081291719	-0.0257452602	-0.0298533105	-0.0086294223	0.0749531689	0.0	-0.0749531689	-0.105999788	0.0	0.0	-0.0460228409831415	-0.0021878451926227	0.0021181018921595	4.786666586882274e-06	0.1288853913219867	0.0022326117356072	4.984555161971408e-06	0.0166114440962216	0.5000300027997682	0.0239873783081776	0.0005753943180996	0.2500300036999361	0.0003713783404194	0.0001744272879439	3.042487877949908e-08	1.3792187173266774e-07	0.0003786194510313	0.0002460459972165	1.43352688699243e-07	6.053863274626194e-08	0.0006429301217312	-0.0001020573988977	4.133591414292956e-07	1.0415712669764264e-08	0.0	0.0	0.0
52.39545250416707	0.0841834290963419	0.0070868497344188	2745.283443116427	61.31957298225456	0.1579888217099068	3760.090030726044	0.0249604677852847	53.00749708209518	-0.0206761557674965	2809.7947469083288	0.0004275034173217	54.25516367893593	50.27517405710118	0.962424	31.980366	0.1000665087667132	0.0503065011872707	-0.0588727427	0.0057417654	0.0766631087	0.062584507	-0.0726422186	0.0302499747	0.0544096537	-0.0266415955	0.0429502503	-0.0644559257	0.0659622184	-0.0273367563	-0.029345536	0.0987900791	-0.0882457307	0.0336385006	-0.0003677541	0.0460842906	0.0064213195	-0.0657484052	-0.0652231514	-0.022808292	0.0238046635	0.0216953328	-0.0033199133	0.0553286922	0.0706298485	-0.0607545604	-0.055187735	-0.0747097469	-0.0036270957	-0.0434187724	0.0368360685	0.0110732819	-0.10684479	-0.0009397439	-0.0645174078	-0.0043484781	0.1012197043	0.0188127201	0.0335081869	-0.0614696327	-0.0314363438	0.1070879415	0.0702850891	-0.0533227875	-0.0524148312	0.012578406	0.088017253	0.0057179273	0.0190718594	-0.0367429939	0.0710419386	0.0400612587	0.0060234554	-0.1139793457	-0.0457407753	0.1371004497	-0.1109565913	-0.034455254	-0.0168011273	0.0749285517	-0.0784093533	-0.0625540893	0.0693494836	-0.1306042709	-0.0643493497	-0.0473831518	0.0047937817	-0.0104176351	-0.0102004133	-0.067843099	-0.1248755068	-0.0277131822	0.0062762584	0.0364879076	0.0731367093	0.0165672626	0.0666722258	0.0275317941	-0.0366533946	-0.0248205678	0.0835015193	0.0235906364	0.0176657053	0.0051378457	0.1236270932	0.0399125775	-0.0104456845	0.0111547269	-0.0139000723	0.0381398151	0.0010633796	-0.0416510825	0.063240777	0.044757017	-0.0115812423	0.128855303	-0.0271350348	0.006748235	-0.0267193069	0.0689831856	0.0160793535	-0.0780297813	-0.0575450265	-0.0476215672	0.0085900745	-0.0074886275	-0.1261563793	-0.0907982206	0.0959195081	0.0199419709	0.0378421866	0.1322397651	0.0326573939	-0.027607284	-0.0021074937	-0.0089376253	-0.0353119354	-0.1248665441	0.0168976003	0.1414786214	0.0210648764	0.0867783332	0.0379671066	0.0906480021	0.0998214836	0.0284952341	-0.0502188414	-0.0793265	-0.0646425858	0.0821737677	0.0806180352	0.0310168172	0.0145265559	0.03923481	-0.0080549891	-0.0359085698	-0.0025021158	0.1053940896	-0.023390266	0.0067933019	0.0952556538	-0.0106686548	0.0319203937	-0.0581317843	0.0346125957	0.022096317	-0.0385859936	0.043381008	-0.0038628119	-0.000143923	0.0388728204	-0.0374279498	0.1116120166	0.0212830375	0.0528417244	-0.0042976544	0.0006133408	-0.0650100426	-0.0154780415	-0.0424286807	0.0633622635	0.0113149321	-0.0013148596	0.0736186857	-0.0037408877	-0.078814908	-0.1057357452	0.0	0.0	-0.0417874226229599	0.0042354183601816	0.0017461886894698	1.793876868576343e-05	0.1113737986838145	-0.0175115926381722	0.0003066558767252	0.0124041230332628	0.4600648502110687	-0.0399651525886994	0.001597213421438	0.211659666399733	0.0005338319184183	0.0001624535779989	2.639116500464469e-08	2.849765171221625e-07	0.0007741161009262	0.0003954966498948	5.992557377131826e-07	1.564176000780891e-07	0.0004337934460318	-0.0002091366756993	1.8817675382014419e-07	4.3738149122596e-08	0.0	0.0	0.0
52.31564329762515	-0.0798092065419169	0.0063695094488503	2736.926533644352	61.26427932219072	-0.055293660063846	3753.311920867405	0.0030573888432561	52.92974850694103	-0.0777485751541462	2801.5582770080264	0.0060448409384999	54.22434280482116	50.02041581055272	0.948512	31.518066	0.0849812435273135	0.0506982321302717	-0.1023099027	-0.0135949488	0.0877258511	-0.0644871734	-0.0330314994	0.0227573567	-0.0688079298	0.0014668596	-0.1146231645	-0.0038182996	0.1078717242	-0.0185012576	0.0403722753	0.0407307718	0.1281707655	0.0128175183	0.0211722201	0.047755346	0.0188477112	0.0043520408	-0.0571855137	0.0357702259	0.087296707	0.0316877099	0.0254521473	0.0519180714	-0.0841033813	-0.058587168	-0.0691937756	-0.0612785816	0.036685907	-0.019337656	-0.0876465912	-0.0826589379	-0.1589860508	0.0120990675	0.0852035606	0.0155284969	0.0452431271	-0.0560902373	-0.0518279421	0.0164613246	0.0407656087	-0.2409922665	0.0450186034	-0.0196411344	-0.0813031026	0.0950279205	-0.0255852625	0.0529424899	-0.0853471495	-0.0579815042	0.0913617799	0.0446485801	0.0166045334	0.0064011883	-0.0707733296	-0.0470852062	0.0588834156	-0.0563991304	0.0403852404	-0.0135422122	0.0349463593	0.0409166896	0.0065068911	-0.0340175901	-0.0930469509	0.0138337505	0.0442046603	-0.0205747432	0.0098537679	0.0016105984	-0.0119848875	-0.0064180041	0.0522143213	-0.0116470638	-0.0012544542	-0.052759482	-0.0841529408	-0.0828605524	0.0124111155	-0.0245588045	-0.0369771733	0.0381544613	0.0309309271	-0.0600830089	0.1079444316	0.0709924393	0.0524182368	-0.0393256614	-0.0051940473	-0.0003979761	-0.0839061027	0.0216646334	0.0634903308	0.0521089155	-0.0642315178	-0.1300083512	-0.0273651395	0.0950373771	-0.0728242819	-0.0987724073	0.0109127271	0.1296934677	-0.0290484326	0.0450037427	0.0226124202	-0.0391273469	0.0470462293	0.0324575551	0.0245967351	-0.0283618594	-0.0699938032	0.0413951546	0.0535094763	-0.0152736371	0.0440213559	-0.1104808806	0.0912781867	0.0704228451	0.0380488415	-0.1042283842	0.0908490798	-0.0718605773	0.0212703195	-0.020790078	0.0705513793	0.0028866204	0.0611437088	-0.0508844827	0.073530159	0.0972061338	-0.0051103201	0.0713447725	-0.0262401787	-0.0182110547	0.0268584344	-0.0508631339	-0.0346319001	-0.1160263863	0.011347133	0.0695250104	0.0331617825	-0.070954586	0.1048009482	-0.0592205086	0.0527182399	0.0837364382	0.0156049627	0.1028814182	0.0060576928	0.0790819552	-0.0390865382	-0.024709918	-0.0694310198	0.1081424029	0.0166775422	-0.0695540021	0.1008882737	0.0072904725	0.0376770184	-0.0056622423	0.0425499343	-0.0258681578	-0.039862612	0.0722612707	-0.0074771147	-0.0824557403	-0.1049449322	0.0	0.0	-0.0378643084830088	0.003923114139951	0.0014337058568964	1.5390824555084242e-05	0.121103821043448	0.0097300223596334	9.467333511896777e-05	0.0146661354713234	0.5070383380937926	0.0469734878827239	0.0022065085638684	0.2570878762969151	0.0003768679367799	-0.0001569639816384	2.4637691531779973e-08	1.420294417727387e-07	0.0005190961856336	-0.0002550199152925	2.694608499393529e-07	6.503515719584487e-08	0.0005089019320009	7.510848596910003e-05	2.5898117639424866e-07	5.6412846645704966e-09	0.0	0.0	0.0
52.30719421581661	-0.0084490818085427	7.138698340744816e-05	2736.0425667311583	61.45501770006193	0.190738377871213	3776.719200514925	0.0363811287929416	53.059870680408366	0.1301221734673348	2815.3498766216594	0.0169317800278631	54.353932181871095	49.84534685151674	0.946632	31.45561	0.0830124931236917	0.048537764362178	-0.1044481712	-0.0848712958	0.0597609202	0.0001453094	-0.0133352998	-0.0806898822	0.0578615744	-0.0686318663	-0.0715401606	-0.0490032066	0.0341501788	0.1152739903	0.016546209	0.0734285161	0.105007495	-0.0014073391	-0.0434660235	-0.0845043416	0.0051769537	-0.1262387575	-0.091985376	0.103278181	0.0626907856	0.0453379204	-0.0760121587	-0.0470166668	-0.142922824	0.0074212608	-0.1142389316	-0.0167476917	0.0740999002	0.0431448192	0.0668834705	0.0500338149	-0.0089347692	0.0570065566	0.0115903353	-0.0339483542	0.0737613677	-0.0056981767	-0.0635539546	-0.0521980554	0.0535545205	0.0138341726	-0.0397203045	0.0558900371	0.0137579364	-0.1169671921	-0.0151757358	0.0952123033	-0.0329807584	-0.0763274881	-0.0354031596	0.0514458126	-0.0513934283	0.0217951028	0.0277691623	0.0484766753	0.0579976025	0.0125596719	0.141933577	0.0170880411	0.0861577049	-0.0932337782	0.1323219705	0.1136419024	0.0548735372	0.0395503991	-0.0675232196	-0.093801779	0.003233	0.1000753575	-0.0031209255	-0.0737863893	0.0323193711	-0.0285483344	0.0905247557	-0.0882529782	-0.0503923347	-0.0548838452	0.0057752109	-0.0127138467	-0.0600429942	0.0223724363	-0.0576887007	-0.0174406882	0.0565485209	0.0192523982	0.0757678107	-0.0860568455	0.0314840153	0.062209501	0.0721520247	0.1107969292	0.0913497865	-0.0344740535	0.0669135077	0.0010196518	-0.016512111	0.0355615361	0.0760836206	0.0016741972	0.0564688369	0.0526386834	-0.0402433792	-0.1112880196	0.0626333076	0.0209326664	-0.0683518317	-0.0616011721	-0.123790605	-0.0363381301	0.0690986442	-0.0759121187	-0.1060169573	0.0945393831	-0.0151692922	0.0123449505	0.0363658314	0.1164023395	-0.04321682	0.0232383752	-0.0425649133	-0.0538752256	0.0154888753	0.0006808098	-0.0359915174	0.0664666932	-0.0982880809	-0.0469699658	0.0485565386	0.0173134767	-0.0977836653	0.0630093915	-0.0837492617	0.0571466765	0.0247653343	0.1019237632	0.0696884486	0.0826052333	0.0449021359	0.0317516682	0.1434827361	-0.0413007068	-0.0284879833	0.0319952305	0.0421752771	0.0458526747	-0.0941950449	-0.004664914	0.0190029818	0.0187021082	-0.0176425833	0.0049356245	0.0358208295	0.0656331636	-0.06316079	-0.0032568441	-0.0663198042	0.0070110195	0.1459341022	-0.0111273946	-0.0443745863	-0.1244239343	0.0044292181	0.0708813468	-0.0112040262	-0.085865461	-0.1036312889	0.0	0.0	-0.0332278403080579	0.0046364681749508	0.0011040893715377	2.149683713733252e-05	0.1244225728109	0.0033187517674519	1.101411329396577e-05	0.0154809766248837	0.4720232165064288	-0.0350151215873638	0.0012260587397778	0.2228059169210749	0.0010628784656743	0.0006860105288944	4.706104457539746e-07	1.1297106327941544e-06	0.0005587304042338	3.963421860019999e-05	3.121796646152656e-07	1.5708712840484387e-09	0.000433703647617	-7.519828438390006e-05	1.880988539562909e-07	5.654781974281908e-09	0.0	0.0	0.0
52.330109952093686	0.0229157362770777	0.0005251309691205	2738.4404075982147	61.39575161300339	-0.059266087058539	3769.438316125608	0.0035124690752303	53.00707116775964	-0.0527995126487255	2809.749593783936	0.0027877885359429	54.2777415089563	49.8949425237489	0.935596	31.088881	0.0863102432629552	0.0393589935965355	-0.0515811592	-0.1346212983	0.023955762	-0.0226862233	0.0727598476	-0.0593103051	0.0691198606	-0.0211622497	-0.0480296245	-0.0571663791	0.0238902768	0.0830693611	0.0151237456	0.0242729891	0.0845092607	-0.0096508083	0.0408723968	0.0108037726	-0.0404798801	-0.0358177354	-0.0847431919	0.1517196978	-0.0090064399	-0.0595713104	0.0121414289	0.0479786217	-0.0480058596	0.0703284169	-0.0870937696	-0.0059462459	0.0326574107	-0.0011907607	-0.1191684457	0.0868082616	-0.0698592095	0.0218060198	-0.061165345	-0.120027611	-0.0859355651	-0.0280897078	0.0265873297	0.0372303096	0.0540499111	0.0352690026	-0.0250452642	0.0935042914	0.0277096576	0.0563763417	0.0105009773	-0.0493136669	-0.0376917062	-0.0896048361	0.0708303315	0.1305375347	0.1382271044	-0.0040358212	-0.0122390311	0.0266414247	0.0269549944	0.06385707	0.0417411389	0.1455905297	0.0782617646	0.0913355217	0.0190834852	0.0094997237	-0.1100287364	-0.0631113242	0.1466497908	-0.033555352	0.1368061175	0.1282176838	-0.1230648593	0.1108834062	0.0753192983	0.0518168537	0.027789236	-0.0337200961	-0.0047643235	-0.0394947053	-0.0082218448	0.0044527257	0.0171990927	-0.0627700958	-0.0061215898	0.0566945181	0.0822268435	-0.0146099282	0.0483664671	-0.022622899	0.0246446152	-0.0644195896	-0.0652739003	-0.0019114791	-0.0130265858	-0.0577118648	0.0174028186	-0.1164547439	0.0901561967	-0.0125748448	0.0117532064	-0.0367949521	-0.0373154805	0.0166232384	-0.0134313858	0.088862071	0.1196516884	-0.1363731599	-0.0563616571	-0.0199966051	-0.0156400626	-0.0696249596	0.0624236815	0.0462116453	-0.0401672129	-0.0337322823	-0.02488668	-0.0704818178	-0.1399093811	0.1368547705	-0.0421749436	0.0825116707	-0.0204695636	-0.0879908521	-0.0896902256	0.0959507471	0.1463351815	-0.0863029158	-0.0020641692	0.0180656327	-0.0944179392	0.1182924146	0.0312091481	0.0186736221	-0.0208549551	-0.0437548439	-0.0320049503	0.0302066217	0.0625926935	0.0142716904	0.0186676815	0.0379059664	0.0598489564	-0.0260538634	0.0135744457	-0.05164234	-0.1479505458	0.0363874605	-0.0370280308	-0.0744913449	-0.0245982979	-0.0564417792	-0.0668182747	0.0651264304	0.0596123248	-0.0019453748	-0.0821745143	-0.0374824205	-0.0096873865	0.0256164885	0.1371333976	0.0372415541	-0.0430632144	-0.0223356911	0.0479722656	0.0694793439	-0.0149169788	-0.0890345132	-0.1018013597	0.0	0.0	-0.0479794801549076	-0.0147516398468496	0.0023020305159351	0.0002176108781711	0.1214428190271661	-0.0029797537837338	8.878932611676488e-06	0.014748358293265	0.4555309884400671	-0.0164922280663616	0.0002719935865928	0.2075084814291845	0.0005759444386326	-0.0004869340270417	2.3710474669104718e-07	3.317119963918207e-07	0.0001811759689842	-0.0003775544352496	3.28247317373638e-08	1.425473515766444e-07	0.0006109476166459	0.0001772439690288	3.732569902853055e-07	3.1415424557117653e-08	0.0	0.0	0.0
52.49776545997226	0.1676555078785711	0.0281083693220216	2756.015378290256	61.35493311181769	-0.0408185011857042	3764.4278171556234	0.0016661500390473	53.07881942162147	0.071748253861827	2817.3610711931005	0.0051478119322211	54.34601466549931	50.45060289766699	0.994756	33.054726	0.0389081360463495	0.0230098217213003	0.066269069	-0.1498809949	-0.0113644173	0.0491153861	-0.0118913683	0.0468286602	0.100362888	0.0770055801	0.0291033107	-0.084554797	-0.0394073717	0.081711324	0.0582195856	-0.0525495015	-0.1297297385	0.0988981293	-0.03266705	0.0905175014	-0.0014254787	0.0062752357	-0.0630916924	-0.0018995162	-0.0453343574	-0.1217189666	-0.2543095935	0.0440582477	-0.0451564069	0.0753595468	0.0524414652	0.0571657524	0.0525470701	-0.0584480911	-0.0535616069	-0.0656605924	0.0338543787	-0.0415534148	-0.0664723506	-0.0737552764	0.028860545	0.0770207553	0.0272134388	-0.0593741498	0.0101684999	0.0642392014	-0.0485993368	0.0237999881	-0.1105222361	-0.141532269	-0.0373019351	-0.0725676887	-0.0454376653	-0.0612677871	0.0511840471	-0.0592914594	0.0850011231	0.1154290463	-0.0383506845	-0.1060950296	-0.0387066594	-0.0135425008	0.0566805624	0.0453075347	-0.0733100284	-0.1121159341	0.0067644413	-0.0869620421	-0.0834820815	0.1442282729	0.0269772054	-0.0743686733	0.0641811618	0.0617169634	0.0004827827	-0.0468574276	-0.0080101767	0.0121553229	-0.0765008119	0.0055956288	0.0148888334	-0.0892333009	0.0637686315	-0.0480129012	0.102897156	-0.0271371335	-0.0281982544	0.0336644663	-0.0265976525	-0.1173291147	0.0086655404	0.0513690483	-0.0510395702	0.0008793185	0.0612670248	-0.0285967296	-0.0467460827	-0.0169974182	-0.0552056027	0.1258027198	0.0500482757	0.066457225	-0.0609283396	0.0090286459	0.0055159227	-0.0135603648	-0.1846894444	-0.0355526192	0.0789066207	0.0244594877	0.0940023244	-0.0204163649	0.0684213287	-0.0789580214	-0.0295170275	-0.0559971435	-0.0531875994	-0.1137187379	-0.0477561365	0.0436393057	0.0800344529	-0.0755326642	-0.021810584	0.0786577606	0.0104027706	-0.0416901058	-0.1036921394	-0.0652400245	0.0486204032	0.0002950119	-0.0643572153	0.051662809	-0.1773353858	0.0856043654	0.0412960948	0.0181570734	0.0006825583	-0.0550496817	-0.0381567074	0.0293053625	0.0697784314	0.0397264961	-0.0088599334	0.0288365299	0.0136236554	-0.0607336216	0.0427337997	0.0899778558	-0.093677486	0.0870991037	0.0575326858	-0.0496498078	-0.0088431181	-0.0051205111	0.1227405984	-0.0459873287	0.0237145317	-0.1369820765	-0.008424472	0.0411244666	-0.0120873479	-0.0747696825	0.0054317464	-0.0747582774	0.0173791	0.0060223069	0.1261227678	0.0680556987	-0.0186113467	-0.0919540145	-0.0994642612	0.0	0.0	-0.0453136288380733	0.0026658513168342	0.0020533249584746	7.106763243467164e-06	0.1275715536658452	0.006128734638679	3.756138827134495e-05	0.0162745013047176	0.4726728803895383	0.0171418919494711	0.0002938444596073	0.2234196518557427	0.000790954120943	0.0002150096823104	4.6229163487219174e-08	6.256084214367139e-07	0.0001477460769816	-3.3429892002600006e-05	2.1828903263452878e-08	1.1175576793054998e-09	0.0006219412051602	1.099358851430006e-05	3.86810862676122e-07	1.2085898842175018e-10	0.0	0.0	0.0
52.52247039802096	0.0247049380486998	0.00061033396399	2758.609896710988	61.31862352277849	-0.0363095890391989	3759.9735907282434	0.0013183862561955	53.07005940950834	-0.0087600121131288	2816.4312057287448	7.67378122221637e-05	54.31931359357017	50.71318603443802	0.950668	31.589705	0.0630752128126169	0.0292222600392272	0.069009278	-0.0859685615	-0.0682282437	0.016187682	-0.0853615252	-0.0297168809	0.0778743547	0.0341646114	0.0166088653	-0.0217574765	-0.0348798378	0.0049040516	0.0675927807	-0.0919048987	-0.0799988035	0.1562243265	0.050956523	-0.0068716832	-0.0409540306	-0.2290667118	0.1213753861	0.1327420285	0.0255861659	-0.007834447	-0.0866514747	-0.0255469774	-0.0926312373	-0.071679165	0.1071740847	0.0383844917	-0.0320036779	-0.0143780426	-0.0338402041	-0.0354502665	0.0679401661	-0.1041698509	0.0038514234	0.1417210578	-0.1417446044	-0.0207223718	-0.0900611267	-0.044253412	-0.0366655043	0.1358988808	0.0100607297	0.042121825	0.1440854742	-0.0650007024	-0.0721842009	-0.0527055515	-0.0258397355	-0.1163185624	0.0048917458	-0.0041341939	0.0053310826	0.0291704903	0.1736385469	0.0003756328	0.0144277342	-0.099717586	-0.0317202878	-0.0875649538	0.0275508462	-0.087833169	0.0894161802	0.1308696309	0.1216428371	-0.0873551108	-0.0410389078	0.1072077912	-0.1471701794	0.0609699773	-0.0744644393	0.0219313724	0.0762173673	0.1411648565	0.1164170287	-0.030470966	0.0400502085	0.0595203505	-0.0278165739	0.0728219415	-0.0061327682	0.0571144951	0.067461719	0.1163003114	-0.0507434805	-0.0726772044	-0.0269726447	0.1308683989	-0.0083327157	-0.0067786747	-0.0819397659	0.2205114085	-0.0649532746	0.0003183776	0.0789706362	0.0880250196	-0.0911244121	-0.078014064	0.0522328711	0.102775614	-0.0935986093	-0.1507006736	0.0709660362	0.1118950561	-0.0584301428	-0.0880127745	0.0928932459	0.0045298053	-0.1818887795	0.010080144	-0.0896521804	0.0429322683	-0.067482292	0.0607976801	-0.0604442144	0.019130449	-0.0148879995	-0.021588995	-0.1676248217	-0.0990205089	-0.1714115076	0.0215549933	0.0779151729	0.0239404026	0.0424390224	0.1108369937	-0.1078341331	-0.0453856001	0.0312217938	0.0510881441	-0.0689683386	0.0113942303	-0.0537493523	-0.0978368819	-0.0053505687	-0.0629045442	0.0187950407	-0.0531128885	0.0501024267	-0.0510863263	0.0855810347	0.0011738905	-0.0605688445	0.0827629465	-0.0516817078	0.015410077	0.0198238768	-0.0184773845	0.0688326267	0.0184631461	-0.0014470743	-0.1489193069	0.0255333912	-0.0950983735	0.0153303488	-0.0501552371	-0.0393951305	0.020207546	0.0626478359	-0.0104286508	-0.0108350877	0.0419189989	-0.0132989204	0.0666108546	-0.0222825273	-0.0946157819	-0.0966316368	0.0	0.0	-0.0313136840229759	0.0139999448150974	0.0009805468070907	0.0001959984548257	0.1246670609407232	-0.0029044927251219	8.436077990286535e-06	0.0155418760835979	0.4537293008716858	-0.0189435795178525	0.0003588592049492	0.2058702784695087	0.0010839538013282	0.0002929996803852	8.58488127058294e-08	1.1749558434138552e-06	0.000211234728509	6.348865152740001e-05	4.462011052827095e-08	4.030808872767632e-09	0.0004338856219819	-0.0001880555831783	1.8825673296262025e-07	3.53649023645305e-08	0.0	0.0	0.0
52.490623171325495	-0.0318472266954614	0.0010142458481921	2755.265520914093	61.5327010921665	0.2140775693880101	3786.273303697908	0.0458292057150783	52.9283156592465	-0.1417437502618383	2801.4065985248385	0.0200912907382904	54.233437869324895	50.96025807377276	0.97179	32.291561	0.0636483662524742	0.0341936566102562	0.0395230289	0.0156691838	-0.1035561335	0.046399292	-0.0810287464	-0.0190747701	0.0269374452	-0.040301563	-0.0883772725	0.0134629689	-0.1378524429	0.0308682015	0.05725706	0.0704909757	0.1142952078	0.0360742698	0.0853296072	-0.0865839024	0.0302844902	-0.0535641729	0.038099058	0.0416417437	-0.0704705202	0.1115662549	-0.0844071108	-0.0244379749	0.0884524466	-0.1310235865	0.0018470715	0.016801012	-0.0002025213	0.0083637889	-0.0106415854	0.0655243717	-0.0544255971	-0.0225799937	-0.0063224117	0.0812020144	-0.0417709146	0.0086162335	-0.1671045928	0.0730220013	0.0146527617	0.0259066491	-0.159332183	-0.0090359946	0.000867683	0.0619724884	0.000649677	-0.0462877976	-0.0094792071	-0.0834845967	0.078574112	0.0994771989	0.056986479	0.0338362774	0.0362347469	0.0907372168	0.1335289258	0.0006049977	-0.2636318032	-0.0230661083	-0.0060227232	0.0112701832	-0.0109768419	0.1274848057	-0.0792824988	0.0577748684	0.0037369925	0.05588273	0.023996117	-0.0109313341	0.0214758703	-0.0555832766	-0.1800268243	0.0342547065	-0.0146896837	-0.1512328147	-0.0379770044	-0.1011781089	0.0575000872	0.0244405712	0.0427127413	0.009341756	-0.0098043628	-0.188158805	-0.0118759791	-0.1026889159	-0.0073028068	0.0849678709	0.0613861732	0.0283424179	-0.0244959654	0.0756343247	-0.034733424	-0.1099999943	-0.1196489054	-0.0541219494	-0.1112590654	0.0376337802	0.0878501099	-0.1221372194	-0.0320512859	0.0706953769	0.0156663424	-0.0371667909	0.0870652781	-0.0622316032	0.0574068008	0.0230453037	-0.1327797011	0.0854548174	0.0344192718	0.0878137092	0.0490750188	0.0645735513	0.0339309647	-0.0950077629	0.0515769199	0.0100473878	0.0033985876	-0.068659313	-0.009305506	0.0395364859	0.1099550554	0.0515237385	0.0005762234	-0.0804535429	0.0573793068	-0.0940375075	-0.2337877315	-0.0703129465	0.0471391552	-0.0323328001	0.0672726334	0.0872715416	-0.1616381624	-0.0403320535	0.0175393174	0.0416316318	0.0861454157	-0.0234495513	-0.028064247	0.0048885667	0.069504066	0.0182960339	-0.0538418059	-0.142343188	0.0132437453	-0.0023564319	0.0393304872	0.0599862783	-0.0618938355	-0.075757604	-0.1218064419	-0.0191524801	0.0904627083	0.0295618959	0.0339763904	0.0628930407	0.0976155089	-0.0030079765	0.0514691745	0.0991637314	-0.086503835	0.0651452616	-0.0259259465	-0.0970123549	-0.0933175984	0.0	0.0	-0.0381688879792108	-0.0068552039562349	0.0014568640095695	4.699382128157864e-05	0.1301494259002424	0.0054823649595191	3.005632554936385e-05	0.0169388730621626	0.4650175787519259	0.0112882778802401	0.0001274252175015	0.2162413485483036	0.0004629177692516	-0.0006210360320766	3.856857531374479e-07	2.1429286108887763e-07	0.0003371127325917	0.0001258780040827	1.1364499447544305e-07	1.5845271911844237e-08	0.0004874219749522	5.353635297029999e-05	2.375801816663031e-07	2.866141089360548e-09	0.0	0.0	0.0
52.56519254505776	0.0745693737322668	0.0055605914988224	2763.099467298996	61.65805904014961	0.1253579479831117	3801.716244598575	0.0157146151225365	53.061801752395176	0.1334860931486758	2815.554805210488	0.0178185370640969	54.39277467245411	50.94135454674243	0.987013	32.797409	0.0516385715513203	0.0271056899908626	0.0703790826	0.0341075915	-0.0328586104	0.1141377887	0.1303281115	-0.0087484968	0.0218539918	0.0427306861	-0.1007544218	-0.0329862511	-0.1646935047	0.0502976032	-0.0408205966	0.0402776684	-0.0622091838	-0.1702806121	-0.1127859701	0.0443206985	0.0762348309	-0.0585111476	0.0003854004	0.1111939552	0.0445463699	0.0478343961	0.0682851236	0.1151465112	0.0545633135	0.0474948589	-0.1351044295	-0.0332080829	0.0215791163	0.0344094445	-0.053417899	0.0253957937	0.0809980939	-0.0280158966	0.035518649	-0.0723353401	0.1133547692	-1.19376e-05	0.0573006363	-0.1643158951	0.0589885529	0.0041376448	0.016559863	-0.0932488895	0.0238700219	0.037149921	0.0522035361	-0.0283017659	0.0050258102	0.1317292213	0.0678528752	-0.0574568593	-0.0586761734	-0.0239915046	0.1281813606	-0.0153363813	0.0327796475	0.002643861	0.0479424737	-0.0494615992	0.0060426239	-0.0283436527	-0.074226648	0.0030583133	-0.0079455179	-0.1014710166	0.0258898534	0.0374855976	-0.0725334829	0.1213261996	0.1358378291	0.053589693	-0.0862039313	-0.0978340615	0.037707282	0.0197987744	0.0155650434	-0.0526710518	-0.0415747658	-0.0529048024	-0.0444938976	0.021468336	-0.0969964663	-0.0145911229	-0.0762324912	-0.1001229276	0.0026885732	-0.0691218901	-0.1212840947	0.0685281891	0.1562267619	-0.0046119047	0.0800228733	0.1239811345	0.0236387362	0.0486881332	0.0247973249	-0.0345534831	-0.166907279	0.0877910694	0.0050279244	-0.0493867296	-0.0447236746	-0.0272750728	0.0138395724	-0.0427761644	-0.0157722842	0.0836025305	0.0638172444	0.0316015984	-0.0321005008	-0.0232919706	0.0297442811	-0.0133871049	0.0200292452	0.005974398	0.1284601223	0.0409372075	-0.0393119229	-0.1110273292	0.0037358253	0.0950118212	0.256010385	-0.0668920887	-0.100569182	-0.0142028784	0.0556643966	-0.072407979	0.0795995837	-0.0135335996	0.0172592084	0.0140673877	0.0301544342	0.0180192333	0.0336545409	0.1504280045	0.0946036299	-0.0367379229	0.0064524846	-0.0039685437	-0.0451217458	-0.0159988666	0.1012658777	0.0852431479	0.0749701559	0.0168469487	0.0008225701	0.0557371016	0.0275522327	-0.0419662454	0.0134758459	0.1230549385	-0.0420853675	-0.077216527	-0.0160919579	-0.0345189379	-0.0521417219	-0.031471929	0.0500361461	-0.008380693	-0.0451021306	0.0446132119	-0.1055736593	0.0636593764	-0.0295370653	-0.0991370163	-0.0895386565	0.0	0.0	-0.03977715953134	-0.0016082715521291	0.0015822224203816	2.58653738538806e-06	0.1112475051838686	-0.0189019207163737	0.000357282606768	0.0123760074096348	0.4818455241513533	0.0168279453994273	0.0002831797463661	0.2321751091446924	0.0006179497306805	0.0001550319614288	2.403490906449192e-08	3.818618696481025e-07	0.0002066502880329	-0.0001304624445588	4.270434154408053e-08	1.7020449440257964e-08	0.0004879362466323	5.142716800999821e-07	2.380817807776167e-07	2.6447536095285843e-13	0.0	0.0	0.0
52.58901118926415	0.0238186442063863	0.0005673278118304	2765.6040978645497	61.63873479082868	-0.0193242493209311	3799.3336266141137	0.0003734266118175	53.03761320283427	-0.0241885495609039	2812.98841425346	0.0005850859298603	54.31946939285326	51.18928265398942	0.993558	33.014889	0.1094125309599769	0.0614443974491536	0.0173554706	0.0787011514	0.0919985653	0.0554177661	-0.071624348	-0.011821777	0.1470064368	0.0358057958	0.0157114512	0.0197922663	0.0674831972	-0.0422485828	-0.0371820815	0.0422827524	-0.0849366197	0.0377528896	0.1098414356	-0.0014772051	-0.0765992635	-0.0264494131	0.0445659142	0.0480398335	0.0496053386	0.1191472269	-0.0801403567	-0.0640984732	0.0815400046	-0.0693979188	-0.1346601503	-0.1149367393	0.05409647	0.0084132742	0.0121499082	0.0736463681	-0.0308827352	0.0081680592	-0.0562589687	0.1971763882	0.078796299	-0.1795360431	0.0674172915	0.0260694988	0.0150595151	-0.0701249767	-0.0469766708	0.1270235615	0.0903495193	-0.0768653078	-0.0682698106	-0.0428771753	0.021049199	0.1181230301	0.0930097775	-0.0108752926	0.0127442522	0.0224778609	-0.0561688848	0.0681745573	-0.1274897507	0.0188858738	-0.1187685646	-0.0192979376	0.0853229493	-0.0858234288	0.0965177476	-0.0030257078	-0.1084899687	-0.0969693227	-0.0753309432	-0.1471228375	-0.0610136577	-0.0143993521	0.0814042762	0.0120139908	0.0936821067	-0.0346123523	-0.0511405658	-0.0012110689	0.0194958319	-0.0683569356	-0.0658909621	0.1383155037	-0.0474378898	-0.0214831623	-0.0531911447	-0.0031032952	0.0495998568	0.1141779831	-0.0384581206	0.0603134195	0.1453939327	-0.1380455642	0.0577455988	0.1205771033	0.038252764	-0.0038960426	0.0290906255	0.0714526185	-0.1018364549	-0.0440269996	-0.0210125619	-0.1473202653	0.0715208319	-0.0142939954	-0.1156031566	-0.040225229	0.0242658264	0.0001354174	-0.1667742912	0.0060212996	-0.0472913199	0.1299327744	0.048412905	-0.0026779659	0.0447469644	-0.0612661106	-0.0400164623	0.020611679	-0.025706959	-0.0270628522	-0.0593692177	-0.020907971	0.1541299527	-0.1196404273	0.1198685311	-0.0986081673	0.0055132455	-0.053968932	0.0518794798	-0.0983085321	0.0899046084	0.0269582317	0.0139920346	0.0250698737	0.0105154406	0.1004953433	-0.0811772344	-0.0103089493	-0.0391918795	-0.0443134607	-0.062264669	-0.0726326946	0.0603483286	0.0844928091	0.0292596398	-0.0267497373	0.0399387958	-0.0369230759	-0.0985258732	-0.0289748948	-0.0147989247	-0.0539207232	-0.0288140411	-0.070252916	-0.0325461071	-0.0786721149	0.0002665055	-0.0216071146	-0.038520322	-0.0747956297	-0.0369134978	-0.0338985128	0.023302793	-0.0183478828	0.0697756553	0.0621536617	-0.0331113845	-0.1009838109	-0.0853136375	0.0	0.0	-0.0154167921234886	0.0243603674078514	0.0002376774793788	0.0005934275002455	0.1109127733522683	-0.0003347318316002	1.1204539908648721e-07	0.0123016432926916	0.4290552000121579	-0.0527903241391953	0.0027868183227213	0.1840883646574728	0.0007550039726354	0.0001370542419549	1.878386523783229e-08	5.700309986952359e-07	-3.391432534449734e-05	-0.0002405646133773	1.1501814635724147e-09	5.7871333209416667e-08	0.000227012950338	-0.0002609232962943	5.153487962116326e-08	6.808096654908308e-08	0.0	0.0	0.0
52.53261908541697	-0.0563921038471804	0.0031800693763111	2759.6760679735157	61.51642953099071	-0.1223052598379652	3784.2711022413455	0.0149585765840321	52.97314896103899	-0.0644642417952852	2806.154510848426	0.0041556384702409	54.24714816637699	51.03456290924188	0.95217	31.63962	0.1171800134161186	0.0579660012327825	-0.0213681501	0.0588994177	0.1169465592	-0.0826996353	-0.0600066465	0.0155534073	0.0265971779	0.0504901239	-0.1589646968	0.0448225323	0.1289484366	-0.0850894583	0.0713630148	0.0222426962	0.035799423	0.0424958221	0.0069440132	0.0178691912	-0.0486063491	0.1143310837	0.0281162459	-0.0896488647	-0.0161403255	0.052654868	0.0209321107	0.1837727571	0.0398131726	-0.0517756001	-0.1657658657	-0.0237698951	0.0049858351	-0.0451364786	0.002850164	-0.0043877636	-0.0711176802	0.0161293077	0.0570976279	-0.0380841746	-0.0376705586	0.056796725	0.1623301701	-0.091998386	0.0893164762	0.1021542924	0.0177095047	0.0412971759	0.0172251726	0.1003149948	-0.0201947905	-0.0678350009	0.0357414492	0.0122852287	-0.000804307	0.0111589749	0.0010510037	-0.0333820003	0.0074400114	0.1666054742	-0.1293408037	-0.0201042497	-0.167429588	-0.0350797447	-0.0721147179	0.067288149	-0.0886446817	-0.0525314765	-0.0036323016	-0.0994029288	-0.0346469822	0.0645801405	0.056819442	-0.0037487746	-0.0249289741	-0.1091806926	0.0162807837	0.0518787807	-0.022948337	-0.0839288374	-0.1388505773	0.1064347465	0.054267451	0.0818613133	-0.0431281208	0.0793208342	-0.0805808096	0.011104217	0.0497118752	0.0501188576	0.0159065919	0.0601126844	-0.0095384458	0.0069613684	-0.0078584645	-0.1381705288	0.0227115655	0.0268122919	-0.0797189518	-0.026288242	0.0682758822	-0.2095132395	-0.0649745679	0.0861975081	-0.0677879172	-0.0583201739	-0.0841794747	0.0373050959	0.0973087557	-0.0774801497	-0.0583674528	-0.0850063	-0.0076769559	0.0839942298	-0.0220176992	0.0687436802	0.0983787701	0.0092173147	0.0057935909	-0.0703252772	0.032035226	-0.0664970302	0.0063089176	0.0089266265	-0.0233297521	-0.0428271942	0.0170253628	0.1010233943	-0.0255531015	-0.1278630834	0.0695383597	0.001117663	-0.0595256833	-0.0972529481	-0.0147077641	-0.0339198109	0.0126983358	0.0808410886	0.1369719635	-0.1212333834	-0.0747473078	0.0079618134	-0.0194497013	-0.0402479541	-0.031953775	0.0470231078	0.0899224198	-0.060197101	0.0147824917	0.0816047685	-0.0385120701	-0.0070255082	-0.0259772319	0.0185623387	-0.0094798066	-0.0757219925	-0.0670945379	-0.0896698993	0.0343877307	-0.0057405379	0.0998958036	0.0809931963	-0.023494136	0.0088651594	-0.0164881241	-0.0893116767	0.0070203333	0.0606285865	-0.0366444511	-0.1025475623	-0.0806635902	0.0	0.0	-0.0452275520142109	-0.0298107598907223	0.0020455314611981	0.0008886814052622	0.1262751251490073	0.0153623517967389	0.0002360018527267	0.0159454072313974	0.470933057066361	0.0418778570542031	0.0017537549114522	0.2217779442378684	0.0005899895314059	-0.0001650144412295	2.722976581428411e-08	3.480876471685535e-07	3.567547520488823e-05	6.958980054938557e-05	1.272739531094595e-09	4.842740340503264e-09	0.0005949896020482	0.0003679766517102	3.540126265454755e-07	1.3540681620384984e-07	0.0	0.0	0.0
52.53729409513132	0.0046750097143544	2.1855715829308165e-05	2760.1672708383207	61.72202669490468	0.2055971639139642	3809.6085793265256	0.0422701938094654	53.040293507322055	0.0671445462830675	2813.27273534287	0.0045083900955589	54.34549154019823	50.78912197818412	1.012224	33.635162	0.0519885598156399	0.0279445298490723	0.0262305652	-0.0768825666	0.0293440285	-0.0883011639	0.1233336002	-0.0375634793	0.0923730906	-0.0254982216	-0.0738751067	0.0163836049	0.059138629	0.1172751108	-0.0241309004	-0.0404562393	-0.0074923167	-0.0611639893	-0.0785214962	-0.062964008	0.0044467906	0.0209074426	0.1155654567	0.0804736646	-0.1233761665	0.0399029232	0.0714187994	-0.0988108477	-0.0044744196	0.1107131341	-0.0451965442	-0.063882701	-0.0570886387	0.0638162736	-0.0362665872	-0.0153976312	-0.0311267904	-0.0775598895	-0.0075966541	-0.0071145257	-0.0140730867	0.0166541327	0.0480865953	-0.0652140847	-0.0309810483	-0.0483802885	0.0319375905	-0.0866142881	-0.0144055292	0.0117181014	0.0410465164	-0.0268561255	-0.0348655857	0.0017851552	-0.0088123451	-0.0803810836	-0.1145370364	0.1189525135	-0.0576097231	-0.0066381322	0.0155575265	0.0332391123	-0.0346990439	0.0456676266	0.0146827629	-0.0174334322	-0.0142224795	-0.0563782397	0.0962017204	0.0352145554	-0.09001918	0.111587843	0.0489817461	-0.003603012	-0.0854845469	-0.0123846419	0.1288160644	0.0341618524	0.1331630227	0.0049214934	0.1913007886	-0.0076702205	-0.0080254021	0.0448734889	-0.0338871385	0.0944754179	-0.0545107419	-0.0606244852	-0.0003539404	-0.0749394789	0.0725786096	-0.0538511883	-0.0555164976	-0.0107663384	-0.0396367593	-0.0416071404	0.0627240907	0.1091730949	-0.0811620583	-0.0143581225	0.0356738566	0.0186207975	-0.0739096843	0.0311835477	0.0043997433	-0.0378166691	-0.0086012174	-0.0238222889	-0.0768265084	-0.0087817084	0.0374603757	0.0502865701	0.0599678123	-0.0646161809	-0.0523417356	-0.0179721332	-0.1533639987	0.1275276091	-0.0714228227	0.0806560533	0.0029275136	0.0082591559	-0.0127270396	0.0350957932	-0.0397100829	-0.0253484678	-0.0914982928	-0.0029917046	0.024110152	0.0407451741	0.0891777422	-0.0346188961	0.0124616922	0.1158489242	0.0574359562	0.0980119952	0.0277288988	0.0132765098	0.0004389463	0.0205589508	-0.0493256842	-0.0552651867	-0.0298611702	-0.0459279038	0.0513048683	0.0202688456	-0.0278491742	0.0877385873	-0.0192958282	0.1415145454	-0.0563331958	-0.0472802003	0.0358142384	-0.0341243632	-0.0501069503	0.0288950319	0.001709031	-0.0007703062	0.0077812122	-0.0759895615	0.0887260641	-0.0745737458	-0.0047892225	0.0367304091	-0.0872092948	0.0499973866	-0.0142311102	0.059084626	-0.0401318633	-0.1038238878	-0.0756116809	0.0	0.0	-0.0407330187387628	0.0044945332754481	0.0016591788155724	2.020082936411026e-05	0.132608657114801	0.0063335319657936	4.011362716173059e-05	0.0175850559417908	0.4610935367806377	-0.0098395202857233	9.681615945316082e-05	0.2126072496608773	0.0010580015487457	0.0004680120173397	2.1903524837446922e-07	1.1193672771482998e-06	-7.746079424109098e-06	-4.342155462899733e-05	6.000174644460632e-11	1.885431406398999e-09	0.0004800036882435	-0.0001149859138047	2.304035407273632e-07	1.3221760373501897e-08	0.0	0.0	0.0
52.62546419839977	0.0881701032684461	0.0077739671103684	2769.439482097056	61.64038515757848	-0.0816415373261989	3799.537082374621	0.0066653406169851	53.06531992466492	0.0250264173428647	2815.9281787070395	0.0006263215650192	54.36208452553449	51.44604621081216	1.019863	33.888992	0.077059361711244	0.040585666785936	0.0513696496	-0.0083929328	-0.0965889471	-0.0800231439	-0.1003735591	0.0646983643	0.0833142145	0.0062977693	0.0760885191	0.0474732793	-0.0412365521	-0.0255266604	0.0226705977	-0.0469096827	-0.0383683984	0.1688308864	0.0246509085	-0.0511412716	-0.0696245644	0.0076905162	0.0369071113	-0.1295647483	-0.1187617044	0.0761544451	-0.0064187499	-0.1070475467	-0.0368057809	0.0746902133	-0.1044030763	0.0345885281	-0.0793568966	-0.1544056869	-0.039257185	0.0095832255	0.0235479572	0.0304308297	0.0258748287	0.0197105987	-0.1411967904	0.0476430095	0.0314936626	0.0490790505	0.0852261517	0.1089805798	0.1201704975	0.0026389211	-0.0415266517	0.0871497344	0.0510087067	0.0784937391	0.0535385165	0.1204283759	-0.05178305	-0.0462206098	0.0513326745	0.029101731	-0.0136099377	0.0937402404	0.1402095734	0.0239005045	-0.0382919454	-0.0593930358	-0.0473410174	0.016223477	0.1032844686	-0.0245972849	-0.0835018296	0.1623092467	0.0328111346	0.094583509	-0.0103144737	-0.0372331338	-0.0198568515	0.0380617273	0.080052175	-0.0459213883	0.0822438572	0.0349168683	-0.0691149006	-0.0028913345	-0.1311066737	-0.1112629173	-0.1285432937	-0.0797627423	-0.0564477381	0.0923360673	-0.05452478	0.0423594024	-0.0227347375	0.1019561718	-0.0293533613	-0.0895614488	-0.0931441454	-0.0693726523	0.0196007005	-0.157319165	0.0726989401	0.0105808789	-0.002918097	-0.0260093326	-0.0043859178	0.1118662005	0.0106875989	0.0438775835	0.0181772427	-0.0575491709	0.0063329165	-0.0119071862	0.0120757368	0.0879352892	0.0438062079	-0.0423554698	0.0478100776	0.0102370239	0.1724657157	0.0552678303	0.0111027285	-0.0372938376	0.1005620074	0.0444316132	-0.0035200019	-0.0175908964	-0.0453888898	0.1196630395	-0.0752458338	0.0760018962	0.0262209975	0.0530257649	0.0234900849	0.0366968949	-0.0126998318	0.0559957243	-0.1379379919	0.0876459436	-0.0953717962	0.0115685271	0.1179144285	0.0167742087	-0.1118756239	-0.0342574635	-0.0037375157	-0.0483803251	0.0195930925	0.0215642663	0.0519314567	-0.006078357	-0.0630845442	0.0212329947	0.1220295832	-0.0756263527	-0.0446749061	0.1062642044	-0.0038940352	-0.1261682461	-0.0789832193	-0.0474102178	0.0394774723	-0.1007773681	-0.0374529053	-0.0417328175	0.0501340345	-0.0577424473	0.036996238	0.0881654576	-0.0516499531	0.057522261	-0.0435692762	-0.1048092098	-0.0701830781	0.0	0.0	-0.0269145374631136	0.0138184812756491	0.0007243923268533	0.0001909504247654	0.1283112459594235	-0.0042974111553774	1.846774263836289e-05	0.0164637758396596	0.4249739050610799	-0.0361196317195577	0.0013046277955564	0.1806028199828637	0.0012270276324991	0.0001690260837534	2.8569816989011437e-08	1.5055968109163466e-06	-0.0001577901447156	-0.0001500440652914	2.4897729769369997e-08	2.251322152919719e-08	0.0003425970860752	-0.0001374066021683	1.17372763387218e-07	1.8880574319437464e-08	0.0	0.0	0.0
52.52922656263584	-0.0962376357639271	0.0092616825374303	2759.319643268727	61.55425287460114	-0.0861322829773385	3788.926046950343	0.0074187701708883	53.01898606994448	-0.0463338547204372	2811.012883884967	0.0021468260932545	54.38517428379433	51.46255613712066	0.971593	32.285023	0.1324819435563184	0.0610458853041644	0.004533088	0.0789310872	-0.1273845559	-0.0132004688	-0.0541025178	0.0440867818	0.0126535719	-0.0666627279	-0.0871711639	0.0111423573	-0.0887093013	-0.0391065816	-0.0291740163	0.0244529004	0.1555843221	-0.0470307633	-0.0193577462	-0.1134242956	-0.1604054825	-0.0514870865	-0.0033861857	-0.1707641357	0.000990184	0.096059943	-0.0135427215	-0.011006644	0.0782287425	0.0510882646	0.0398497991	0.006304939	0.0669022851	-0.0460615913	0.0828799908	4.22522e-05	-0.0465394836	0.0208371503	0.0217065456	0.068086136	-0.1628326699	-0.0081351015	-0.0277726961	-0.0215938459	-0.1652370528	0.1138708292	0.0778953081	-0.0460143435	-0.0464290122	0.0110072395	-0.0938325504	0.0459031424	0.021717709	0.1712746175	-0.0197237719	-0.056798391	0.0342582145	0.0559589393	-0.0390430947	-0.0571192426	0.0193207227	0.0496287552	-0.0812199259	-0.0075666226	0.0389050606	0.061302034	0.0686406371	-0.1528046024	-0.0779548913	-0.0198454365	-0.029633961	-0.0977116737	0.0268377691	0.0436272569	0.0186823563	0.0719752654	-0.1572974482	-0.0112549471	-0.0172217739	0.014389666	-0.037925332	-0.1190308257	0.0646172843	-0.0424766915	0.03745253	0.017989029	0.1167362436	0.043056047	-0.0626939759	0.0014908478	-0.0904675527	-0.0271017611	-0.0071943437	0.0433736301	-0.1362069493	-0.0162825385	0.1160431274	-0.154712864	0.0883101005	0.0748340902	-0.1620258826	-0.0442379911	0.0605856014	-0.0272824011	0.0048345202	-0.0523629674	-0.0275487098	-0.0851928337	0.0649761677	0.0076081567	0.0623969217	0.0379401705	0.0351951271	-0.0399656992	0.053719889	0.0012428111	0.0575935809	0.0434484739	0.0230549253	0.0306606555	-0.0123475309	-0.0076236206	-0.0295737821	-0.0646605737	0.0633004021	-0.0470632664	0.0566213354	-0.0270123762	0.0747549161	-0.0457930429	0.0982065612	0.1814665279	-0.0474897697	-0.0442062726	0.0181432802	-0.0169175748	0.0237802987	-0.0095676657	-0.0211726322	0.0784445165	0.0938168087	0.0157433258	-0.0507084412	0.0022591773	-0.0554353252	0.0149951508	0.1158945365	0.0226625311	0.0389186874	-0.0520922199	0.0952948059	-0.069541674	-0.0038573087	0.0726117772	-0.0144925031	-0.0525566956	-0.0456668834	0.0581110589	0.0960956484	-0.0334888088	0.0308315226	0.0092023686	-0.0877831951	-0.0567035428	0.0032413556	-0.1242674367	-0.0600728079	0.0559419782	-0.0469524072	-0.1055007667	-0.0644048267	0.0	0.0	-0.0426805837513768	-0.0157660462882632	0.0018216322293582	0.0002485682155636	0.1398567785073936	0.01154553254797	0.0001332993218162	0.0195599184944661	0.472596469777315	0.0476225647162351	0.002267908670152	0.2233474232459806	0.0005836207281377	-0.0006434069043614	4.139724445799199e-07	3.406131543119791e-07	-0.0003938208934735	-0.0002360307487579	1.5509489613626586e-07	5.571051435921491e-08	0.0006141154330329	0.0002715183469577	3.771377650891864e-07	7.372221273464199e-08	0.0	0.0	0.0
52.47749525124964	-0.0517313113861988	0.0026761285777358	2753.8875078449287	61.45506488026439	-0.0991879943367521	3776.724999437505	0.0098382582205475	53.045659511047	0.0266734411025169	2813.841992961931	0.0007114724602494	54.39713590974287	51.30080734897212	0.987078	32.799583	0.1313804666822656	0.059593026400375	-0.0245511461	0.0814634776	-0.0707503922	0.0621665879	0.1006736901	-0.0761102616	0.0489692573	-0.0638390483	-0.0152132186	-0.0965889068	-0.0924011724	0.0084082713	-0.1108498939	0.0079768384	-0.059578776	-0.0748801785	-0.0451412438	0.0315142249	0.0651484946	0.0860680537	0.0474769549	0.0140983991	0.0537402236	-0.0482322985	0.0149709741	0.0437860578	0.0425073431	-0.0038489454	-0.0355474344	0.0390463971	0.0332404938	-0.1790037328	-0.0127926889	0.1088926709	-0.0467027535	-0.0467296147	-0.0631561769	0.185848383	-0.0930172831	0.0324426505	-0.0189554814	-0.1030488111	0.0062150194	0.0188584678	-0.180295598	-0.0536122475	0.0243950786	0.0156045908	0.1551371159	0.0048924203	-0.0806826918	0.0060034587	-0.0230343753	0.0793581294	-0.0363551548	-0.0240561106	-0.1825247966	-0.1026587602	0.0854860473	0.0514211177	0.0769638655	-0.0603177992	-0.1429243221	0.108028121	-0.0170804339	0.0572112873	0.1508424686	-0.120166258	-0.0549415683	-0.0259289941	0.0036861726	0.0668598951	0.0355856124	-0.1469789387	-0.1000929605	-0.0591269663	0.0260321461	-0.0492703637	-0.0170350271	0.0315964639	-0.0394093588	0.0401403488	0.0237561755	-0.0810188815	-0.0138586068	0.1273642195	0.0152490256	-0.1343871474	-0.111102868	-0.0908307687	0.0095636765	0.0101837863	-0.0092168676	0.0111839369	-0.0885655682	-0.0464980933	-0.1354935497	0.0465829723	-0.0976627428	-0.1064138929	-0.0929309883	0.0170219742	-0.0678620775	-0.0526347604	0.0763418224	-0.1765790832	-0.1691683737	-0.0312825149	0.0087919245	0.1449171188	0.0106322659	0.0903913401	-0.0469797063	-0.050159744	-0.1293506573	-0.1049979451	0.0719664414	-0.114326834	0.0102199448	0.0418605	-0.0635017071	0.1035297427	-0.0376164965	0.038515313	-0.0988986187	-0.0525778493	0.0046728284	-0.1198215112	-0.0157342895	0.019847043	-0.0151624628	-0.1311415584	-0.0511120845	-0.0178741897	0.1004852147	0.1538817388	0.086898743	0.0328475738	-0.0757541582	-0.0764246483	0.1261343586	-0.0478008849	0.0872665258	0.0371228807	0.0070826899	0.1047658211	0.0714514538	-0.0804372742	-0.0366032511	0.0131987878	0.0607515247	0.0153940298	0.0584385709	0.0448975283	-0.013771745	0.1005001567	-0.0415365001	0.0241341423	0.0700353896	-0.0044420735	0.0288811926	0.0253322821	-0.0803439128	0.0122914713	0.0032416628	0.0543442699	-0.0502770413	-0.1058966202	-0.0583057138	0.0	0.0	-0.0278302678099606	0.0148503159414162	0.0007745238063741	0.0002205318835598	0.1298899307933254	-0.0099668477140681	9.93380533554264e-05	0.0168713941214948	0.4278318904720777	-0.0447645793052373	0.0020038675603748	0.1830401265049119	0.0012300156216918	0.0006463948935541	4.178263584128162e-07	1.512938429605865e-06	-9.229950735312188e-05	0.0003015213861203	8.519199057629e-09	9.091514628795416e-08	0.0003260572382765	-0.0002880581947564	1.0631332263249833e-07	8.297752356631608e-08	0.0	0.0	0.0
52.49204670538574	0.0145514541360967	0.0002117448174749	2755.414967320398	61.51052029816421	0.0554554178998216	3783.544107350872	0.0030753033744438	52.89095770254643	-0.1547018085005689	2797.453406692556	0.0239326495533467	54.235956552227954	50.82053398884129	0.990765	32.922089	0.0649211491014017	0.0315870625851408	-0.0467393399	0.0619027776	0.0676844401	0.0712134808	-0.0409045425	0.0105222508	0.0790423587	0.0197682204	0.1166756079	-0.0493043551	0.0628669599	-0.0055726968	-0.1371451172	0.0919314745	-0.0956994459	0.03183474	0.0939106638	-0.0093235576	0.0164855017	0.0349299654	0.0428635127	-0.0697624653	0.1055765358	-0.0676054683	-0.010051177	-0.0251712067	-0.0021886623	-0.0183033184	0.1455164426	-0.0938480345	-0.0566701933	-0.0731484373	-0.0200846796	-0.0141795517	-0.1134103187	-0.015260374	0.10155657	-0.0693718951	-0.0391664764	-0.0849509972	0.0339100936	0.0490350199	-0.0878163541	-0.145491634	-0.0670038964	0.1418605828	0.2093284524	0.0346637915	0.0403323051	0.0193299693	0.0374203873	-0.020959626	-0.0399817083	0.0374686557	-0.0185841882	-0.0175829931	-0.0152570975	0.0034601099	0.0102820177	-0.0069659757	-0.0423401966	0.1075397048	-0.0774361674	0.1270740546	0.0199487591	-0.0636861556	0.0134778379	0.0400476117	0.0629970559	0.1528544802	-0.0267030719	0.0342775241	-0.0128483427	0.003925516	0.0157013135	-0.0389798832	-0.1905627158	0.0588731843	-0.1010102068	-0.0725604081	0.1026046092	0.093470087	-0.032804851	0.0911200105	0.1321775584	-0.078800231	0.1211132263	0.0504890507	-0.121513236	-0.055006498	0.0643541399	-0.0507554446	0.0609509502	-0.014418416	0.0147694491	0.033444414	0.0703522814	-0.1423094218	-0.0347365203	-0.0706264511	0.0043588809	-0.1362192796	0.0589948974	0.0310504535	0.0568682245	0.1004387445	-0.0674270964	-0.0604745171	-0.061104812	0.0649227351	0.0318809456	0.0818750696	0.0270089309	0.0418120463	-0.0886403456	0.0940529207	0.0295768064	-0.0800856776	0.0489436632	-0.1007585938	0.0545657737	0.0345214237	-0.0335300493	-0.1020412335	-0.0420489806	0.0770669759	-0.0393703242	0.0765479757	0.0388646684	0.1830268027	-0.0426182903	-0.053311562	0.0038244003	0.0118128005	-0.0593849544	-0.0519178324	-0.1560457777	0.03165434	-0.0162717227	-0.0340298582	-0.0279185291	-0.0240509085	0.0065350631	0.0070931114	0.0835499699	-0.0800544451	-0.0121858496	-0.0407785121	-0.0601788667	0.0069154591	-0.0266891923	-0.0254679341	-0.0453878021	-0.0216565823	-0.0562976747	-0.2208317014	0.0406732625	-0.1254549275	-0.0071709145	-0.0212274248	-0.0245302103	0.0238721762	0.1150128817	-0.0204855466	0.0748545549	0.0527296337	-0.0535390365	-0.1059956606	-0.0519161246	0.0	0.0	-0.023535554475444	0.0042947133345166	0.0005539223244665	1.84445626256747e-05	0.1124223238153092	-0.0174676069780161	0.0003051172935384	0.0126387788920342	0.4417646895824489	0.0139327991103712	0.0001941228910499	0.1951560409618774	0.0008589917136465	-0.0003710239080452	1.3765874034120717e-07	7.378667641133507e-07	6.01137988134326e-05	0.0001524133061665	3.613668807781851e-09	2.322981589661988e-08	0.0002649738589184	-6.108337935810003e-05	7.021114591010814e-08	3.73117923380556e-09	0.0	0.0	0.0
52.5711867176333	0.0791400122475636	0.0062631415385445	2763.729672900264	61.46344964821022	-0.0470706499539872	3777.755642658073	0.0022156460870907	53.07270821452846	0.181750511982031	2816.712357224477	0.0330332486057304	54.31377353313906	51.032084579773766	0.968355	32.177444	0.0575627873353091	0.0307048396967712	-0.00231841	0.024641493	0.1116501187	0.0009164618	-0.0463338587	0.0050124544	0.0328050576	0.0030860508	-0.0912724871	-0.0382183026	0.1319422035	0.0462513081	0.0456778555	0.06926163	-0.0294888441	-0.0876824553	0.0120286634	0.0135841497	-0.1035558615	0.0627346627	0.0446424372	-0.0671912492	-0.0052175655	-0.022052244	-0.0504750267	0.0060873181	-0.0244782168	0.1118242635	-0.005123706	0.017893201	0.0482180127	0.0195156944	0.0406008323	-0.0536567736	-0.0469775207	0.098496148	0.0018425569	-0.0143031905	-0.010598337	-0.0707919352	0.0621641896	0.0274514184	-0.0630481039	-0.113521559	0.0217559357	-0.0158214515	-0.0112202999	0.0522975898	0.0816903996	0.1068973405	0.0446256396	-0.0053365187	-0.0716810761	0.0086165785	0.0559036755	-0.1856503325	-0.0983054751	0.0237118395	-0.0547981304	-0.0265891751	0.0062053325	-0.1278422676	0.0961729768	-0.009071108	-0.0352766566	-0.0284925914	0.1081353383	0.1007545338	-0.0442080792	0.0649221793	-0.1615008514	0.0363323547	-0.0114847023	0.0297057111	-0.1402574603	-0.0237665807	0.0002032455	-0.057292496	0.0051910691	-0.0770601128	-0.0300998083	-0.1702311337	0.0857280498	0.0991352927	-0.0067435311	-0.0024073396	0.1082004281	0.1008794962	0.0453066058	0.0078872335	0.0050143219	0.0260207788	-0.0876090814	-0.1322619498	0.036856788	0.0379716391	0.0987985737	-0.031355039	-0.0393081434	-0.0227008264	-0.0239969794	-0.0885208923	-0.003052222	-0.0334475446	0.0228453926	-0.0103682379	-0.0798581821	0.1080626892	-0.0898052792	0.0574393515	0.0550486957	-0.0305135008	0.1304819233	0.038869317	0.0211037325	-0.0753174897	0.0065456917	-0.0315361124	0.1598002228	0.0314872942	-0.0151798391	-0.0931417604	-0.0158163393	0.0373242916	-0.0215678433	-0.0145534128	-0.0007238926	0.0663826187	-0.1472618227	0.0068665345	0.0103147062	-0.1401417947	6.19695e-05	-0.0287941962	0.0993201972	-0.0114248484	-0.0494550938	-0.0585169127	0.0732692986	-0.004937065	0.1327507672	0.0016193128	0.0086860518	-0.0070488652	0.0577770817	-0.0226428332	0.078819547	0.0881220417	-0.0054876819	0.0546706627	-0.0336471232	-0.1108731852	0.0511678429	0.0069430538	-0.0700118202	-0.1609165078	-0.0687532811	0.02948203	0.0988256605	0.1067383501	-0.0036716768	0.0382588435	0.0666605609	-0.0281705436	-0.0493096942	0.0510985726	-0.0567343287	-0.1057976105	-0.045267892	0.0	0.0	-0.0444386014576849	-0.0209030469822408	0.0019747892995149	0.0004369373731417	0.1120549358832221	-0.000367387932087	1.3497389264323468e-07	0.012556308655793	0.4327869426292707	-0.0089777469531782	8.059994035530066e-05	0.1873045377103916	0.0010839850866943	0.0002249933730477	5.062201791542648e-08	1.1750236681756489e-06	5.181322625147367e-05	-8.30057256195893e-06	2.6846104145864e-09	6.889950485634544e-11	0.0005779720226647	0.0003129981637463	3.3405165898312455e-07	9.796785050855565e-08	0.0	0.0	0.0
52.54969278592407	-0.0214939317092301	0.000461989100321	2761.4702118950004	61.79588120800632	0.3324315597960989	3818.7309342740286	0.1105107419484673	53.163949661706326	0.0912414471778646	2826.4055436324443	0.008325001683111	54.47348216837282	51.05584034658371	1.002981	33.328033	0.0856215431496126	0.0433088858888379	-0.0078173433	-0.0746239662	-0.0009159241	-0.1246720331	0.0965462091	-0.0435746676	0.030666353	-0.0007690713	0.0453415315	0.0371864587	0.0820840341	0.066361129	-0.0608929013	-0.1078737787	0.0569864931	-0.0165164015	0.0087798269	0.0498194131	-0.0289387405	-0.0748979018	0.0197990904	0.0159655265	0.0501440579	-0.0598538019	0.0242209494	-0.0132004812	0.0047251981	0.064389601	0.0705002255	0.0124413317	-0.0959139743	-0.0906322023	-0.1554601975	-0.0718334201	0.0304109849	0.132318486	-0.01844439	0.1533927555	0.0410048391	0.0599662337	0.0330396725	-0.057422138	-0.0029455833	-0.1028696249	-0.0024230935	-0.0192826868	-0.1122509681	0.0759212519	-0.0780305094	-0.0093948976	0.0079709953	0.0823561637	-0.0517387409	-0.0508219127	0.1543601245	-0.1297976231	-0.0227305969	0.0237372421	-0.0486675766	0.1229458749	0.0213193157	0.0423298291	-0.0682477477	-0.0916747523	0.0851987113	0.1440340819	0.0797785623	-0.0986913878	-0.0322123543	-0.0313413956	-0.1037678578	-0.0596126413	0.0082282959	0.087309087	0.0331340266	0.0280848106	0.0081734005	-0.0452526537	0.0262507688	-0.0156147671	0.0036524447	-0.0108619216	0.1152557805	-0.0008832651	0.1286100689	-0.0890216451	-0.0042764545	0.0462539264	0.1439516447	-0.1078526338	0.1046213414	0.0404840772	-0.1300337101	0.0938385115	-0.0684826419	-0.0125064721	-0.084335146	0.0103365042	0.0558741935	-0.0697797324	-0.0163104962	-0.0183965796	0.0332673382	-0.0268808793	0.0631800082	0.0446600879	-0.0071818021	0.0497115897	-0.0226360097	0.060492196	-0.0821984085	0.0015203108	0.1379996522	-0.0251056928	-0.045565914	-0.0135347281	-0.0383831176	0.0269170984	-0.093044474	-0.095870426	-0.0196154897	0.0426437382	0.0441322474	0.1428498628	0.1076474689	0.0487110681	-0.033868979	-0.0150392754	0.0154820064	-0.0280523028	-0.0275779902	0.0135257545	0.0657431504	0.0055999448	0.0418902684	-0.0418307124	-0.0391040401	-0.0283611948	0.0846070804	-0.0450224998	-0.1697925845	-0.0202138791	0.077819233	0.0210887928	-0.0705279815	0.0052298137	-0.0581430379	0.0901625884	-0.0163877719	-0.1018570449	-0.0185717721	0.0267851056	-0.0227187844	0.0626108637	-0.0835697534	-0.0220361785	0.0020149009	-0.0208189795	-0.0763521478	-0.0836076273	0.1720077699	0.0717872411	-0.1195823558	-0.0069016262	-0.0585363531	0.0494515946	-0.059858937	-0.105303025	-0.038394137	0.0	0.0	-0.0407943414548697	0.0036442600028151	0.0016641782947365	1.3280630968118613e-05	0.1260171654107154	0.0139622295274932	0.0001949438533784	0.0158803259781516	0.4174740057356629	-0.0153129368936077	0.0002344860363076	0.1742845454649803	0.0015198072575048	0.0004358221708105	1.899409645699767e-07	2.3098140999642614e-06	0.0006209768708058	0.0005691636445543	3.856122740757633e-07	3.239472542823636e-07	0.0006270285418138	4.905651914909992e-05	3.9316479224914026e-07	2.406542071026007e-09	0.0	0.0	0.0
52.49259041306174	-0.0571023728623316	0.0032606809865087	2755.472048273461	61.63812350893354	-0.157757699072782	3799.2582697025455	0.0248874916167384	53.1493736018796	-0.014576059826723	2824.8559142721765	0.0002124615200722	54.45775846652571	51.18698263694258	0.99019	32.903	0.1047509992271102	0.055463295824402	-0.0180699644	-0.009639843	-0.1227024882	-0.0587878968	-0.092409217	0.1258143501	-0.0243467304	-0.0165020369	0.0928346114	0.0121470095	-0.08869927	-0.0437554617	0.0285225376	-0.0243677123	-0.0128909068	0.1136253699	-0.0003727499	0.0094215336	-0.0436955222	0.016662851	-0.1162570394	-0.1097839115	0.0956105133	0.074000371	-0.0022703355	0.0260470529	-0.1152288381	0.0918421781	0.0610946323	-0.0705931262	-0.0862988903	-0.0300279718	0.0876242439	-0.0035621055	0.1182708126	-0.0135369195	0.0987757057	-0.0843141087	0.1324091849	0.079428402	0.0634693966	0.1656862139	-0.1423762195	-0.0449107287	0.0070508101	0.0951003471	0.0467036536	0.0645805394	-0.0339200144	-0.1141669292	0.0769315504	0.1030702544	0.0323325796	-0.061821623	0.0973061509	0.0785599742	-0.0194794926	0.0282383442	-0.0352483369	-0.0073939678	-0.0305115329	-0.0127942887	0.0123085574	0.1182914077	-0.0102392867	0.1209356285	-0.0048615745	-0.0426607479	0.0296129915	-0.1213982522	-0.02931999	0.1196644838	-0.1091211351	0.0082401128	0.051283443	0.0558806545	0.0922197015	-0.003571261	0.0226122273	0.1619838429	-0.0152750035	-0.052994744	0.1926506484	-0.0086021097	0.0101318833	-0.0061758472	-0.0994091575	0.0757340357	-0.0499389494	0.0688539624	-0.0140233311	0.0301389863	0.0912052529	0.0007801712	0.0623225675	-0.0110783059	0.037336891	-0.0455872018	0.2077170953	0.0956365807	0.1207728064	-0.0627927274	-0.0297843135	-0.0726080533	0.0016956545	0.1256466475	-0.0458830167	-0.0211031505	-0.0166177876	0.0644647578	-0.0204166476	0.0991376922	-0.022185095	-0.0053600372	-0.0220294092	-0.0687277377	0.0733086811	0.0469415212	-0.0905523319	-0.0230309359	-0.142108582	-0.1378820091	0.0364665802	-0.0092818382	-0.0669248567	0.0362104399	0.0536569144	-0.1136427858	0.1125763417	-0.007392073	-0.1860729147	0.0562439821	-0.0095322469	-0.0530098212	0.0794358139	-0.1130951386	0.0586845484	-0.0181926539	-0.0148489651	-0.0470646742	0.0206422104	0.0623255238	0.0026431811	-0.0332714061	0.0617772666	0.0232817054	-0.0548277373	0.0113376691	0.0745089842	-0.06936179	0.0446383303	-0.0068262782	-0.0241426036	-0.102953261	-0.0274307111	-0.0627682998	0.0598524183	-0.0656536954	0.0280041804	-0.0566813267	0.0104060982	-0.029652439	0.0699548625	0.0514448438	0.0822425848	0.0477892128	-0.0629089685	-0.1045132902	-0.0313291043	0.0	0.0	-0.0450820998369749	-0.0042877583821051	0.0020323957257109	1.8384871943313375e-05	0.1298664815501951	0.0038493161394796	1.4817234741658878e-05	0.0168653030302271	0.4620789635802182	0.0446049578445553	0.0019896022643145	0.2135169685833686	0.0010179567481522	-0.0005018505093526	2.5185393373746415e-07	1.0362359411086012e-06	0.0001812687467219	-0.0004397081240839	3.2858358538128333e-08	1.933432343853825e-07	0.0005284078380309	-9.86207037828999e-05	2.792148432924899e-07	9.726043214634489e-09	0.0	0.0	0.0
52.49894148202497	0.0063510689632266	4.033607697566122e-05	2756.138856733082	61.54818144711581	-0.0899420618177302	3788.1786394470905	0.0080895744840244	53.15230535473344	0.0029317528538399	2825.1675645228256	8.595174795998708e-06	54.47745252910413	50.92833537596432	0.978678	32.520443	0.0340491017874112	0.0213387873327052	-0.0183806904	0.0250311318	-0.1011711355	0.0677917959	0.0171488817	0.0593492672	-0.0608079283	-0.10402065	-0.0973473606	-0.0001135743	-0.0894588263	-0.0356601707	0.0077787019	0.0543690474	0.0934744357	-0.1618435443	-0.1183212732	-0.1208234865	-0.100569792	-0.0714408339	-0.0720361353	-0.022476866	0.0607410395	0.0508564115	-0.0084235757	0.0550462203	0.0509300512	0.0741227916	0.0122235865	0.0127205818	0.0331613789	-0.040487082	-0.0240671983	-0.0586174792	0.0610154853	-0.0079774931	0.0049179185	-0.0630180341	0.0130680262	-0.0013301545	-0.0223429465	-0.0277762308	-0.0027386419	0.0875023542	0.026267011	-0.0263196946	-0.0110722244	0.0507111466	0.1605417764	0.1124883644	0.0378202794	-0.0050323587	0.1538360838	0.0667079037	0.0539337396	0.0534717437	0.0556248257	-0.0504977077	-0.1241731261	0.1032880379	-0.0641183849	-0.0202389435	0.0004725697	0.0889215478	0.1172210677	0.1424851928	0.0013286099	0.0838254933	-0.2013860643	0.0247233749	0.0484158011	0.123890673	0.0318571175	0.038915326	-0.0163587076	0.038972309	-0.0089959418	0.0678601388	0.0745223566	0.0240347644	-0.0559164533	-0.0067286162	-0.0809001753	0.0878253961	-0.0477251929	0.0584119032	-0.0725631665	-0.0531413888	-0.0171699187	-0.0740965608	-0.0500513741	0.0790492522	0.0128570757	-0.0253576604	0.0949917064	-0.0375084887	-0.0069579808	0.0365831089	-0.1200673754	0.0800597532	0.07243137	0.0438987278	0.0122560799	0.1291644549	-0.0131283346	-0.093135585	0.0581458138	-0.0716257899	-0.1000684677	0.0632912245	-0.0432880765	0.0170200859	0.1816688043	0.0626200844	-0.0717006274	-0.0790958884	-0.0715981951	-0.0135999641	-0.035075888	0.0048107143	0.0166010018	-0.0422876682	-0.0899826124	-0.0735871318	-0.0821956479	0.027659608	0.0384061354	0.0573747531	0.0743836509	-0.1505016347	0.0928897418	-0.089025279	-0.0573303692	0.0355694137	0.1742651754	-0.0102789696	-0.0840514107	-0.0326490896	-0.1987984004	-0.0223212126	0.0762653168	0.0587706327	-0.0042811953	0.0172029524	0.0725313646	0.0844444976	0.055597596	-0.0694646861	0.0258690466	-0.0331840023	0.0068771968	-0.0172845963	0.0786289865	0.0533646185	-0.0869263496	-0.0086191526	-0.0731860106	-0.0572724914	0.1224502861	0.0780287416	0.0733707663	-0.0839130538	0.0160278662	-0.1558397436	-0.0994851489	0.046111945	-0.0658806233	-0.1034306197	-0.0241079916	0.0	0.0	-0.0446993250461531	0.0003827747908217	0.0019980296595816	1.4651654048867222e-07	0.1285201079606537	-0.0013463735895413	1.8127218426145936e-06	0.016517418150218	0.4416568156854552	-0.020422147894763	0.0004170641246355	0.1950607428414161	0.0011789619953387	0.0001610052471865	2.5922689621586e-08	1.3899513864530088e-06	0.0001358301190461	-4.54386276758e-05	1.8449821240077697e-08	2.064668885059978e-09	0.0005599200734143	3.151223538339998e-05	3.135104886122752e-07	9.930209788588055e-10	0.0	0.0	0.0
52.51247581157801	0.013534329553039	0.0001831780764502	2757.560115861565	61.78922320412589	0.2410417570100804	3817.908104169289	0.0581011286225066	53.031237991603874	-0.1210673631295691	2812.31220292213	0.0146573064151469	54.376428738959184	51.05719496511627	0.97795	32.496254	0.0828515054819443	0.0397431314949687	-0.0562260626	0.0589640609	0.0230351358	0.1052469522	0.0299946253	0.0389898086	0.0726676393	0.02767188	0.1940440184	-0.0140631616	-0.0454716399	-0.0296819275	-0.1651788039	-0.0274411191	-0.1508688812	-0.0976273411	0.085748582	-0.0091343767	0.0430604026	-0.0999355061	-0.0436047812	-0.0085407393	0.045347656	-0.0511692521	0.1699824985	-0.0678581682	0.0440581498	0.0233003886	0.0101258362	-0.058576557	0.0339979716	0.0016769394	-0.2050265417	-0.0877321642	-0.1003705445	-0.0510606237	-0.0437655276	0.0685309305	0.0781526906	0.1032248664	0.0303299907	0.1432518541	0.1248717623	-0.0019588843	-0.0051477895	0.078722516	-0.0167044218	-0.0135441898	-0.0761500832	0.0495971967	-0.0641233085	-0.1155036696	-0.1115536761	0.1566601647	-0.1625461555	-0.0542954651	-0.0253698817	-0.0256069175	0.0904124205	0.0227047231	0.149028022	-0.0181701171	0.0019299349	0.0316455687	-0.0821779433	-0.0269009309	0.0561402718	-0.0072033638	0.0860918143	0.0984609202	-0.0084320052	-0.043202998	-0.0298918178	0.1438017837	-0.1883710846	0.0047604956	-0.1342194242	0.0223400561	0.0504567949	0.099096073	0.0685943027	0.004145895	0.0412311847	0.0867795621	-0.0531246485	0.0482446694	0.0694412433	0.0324564988	-0.1351992908	-0.0510369644	0.0627864051	-0.143070882	0.0038782922	0.0290622691	-0.0071818417	0.0507385702	-0.2089050243	0.0424173038	0.041678764	0.0428507147	0.122191422	0.0552399764	-0.0095149094	0.0556469849	0.1310758295	0.0775376011	-0.1718871822	-0.0087568834	0.130399144	-0.1444947863	0.090042677	0.0221723116	-0.0265678364	-0.0030094288	0.0102937691	-0.045792374	0.0587931453	-0.0644062882	0.0295586938	0.1764073263	0.1160623432	0.0247359598	-0.0592178588	0.0743511426	-0.0127637795	-0.0390848857	-0.0086722444	0.0568897533	-0.1534996273	0.083859671	0.0062668768	0.0025757591	0.0519988906	-0.0571250993	0.0464851072	-0.1587542233	-0.0676427139	-0.0297471086	0.0384025359	0.0653761039	-0.0380205114	0.002554067	0.0402096402	0.0286374393	0.0542446254	-0.0485559338	0.0561852524	-0.0396157577	-0.1167292373	-0.0939643723	-0.0079617037	-0.0525180028	0.0637788948	0.0007945414	0.1075244474	-0.0857354797	-0.0864702216	-0.1215942062	-0.0158177098	0.0542258779	-0.1353383024	0.0120610529	-0.1169146891	0.0751757043	-0.0015897312	0.0444203137	-0.068770199	-0.1020580481	-0.0167667741	0.0	0.0	-0.0352796672466979	0.0094196577994552	0.0012446549210377	8.872995305883721e-05	0.1217725163943015	-0.0067475915663521	4.552999194630713e-05	0.0148285457490004	0.4091175395438426	-0.0325392761416125	0.0010588044918201	0.1673771611624076	0.001580011650287	0.0004010496549482	1.6084082573415046e-07	2.4964368150426487e-06	-4.613652182938744e-05	-0.0001819666408754	2.1285786465135442e-09	3.3111858391508614e-08	0.0004600367697476	-9.98833036667e-05	2.1163382951980637e-07	9.976674351374209e-09	0.0	0.0	0.0
52.551901165132	0.0394253535539945	0.0015543585028574	2761.7023160698022	61.58343600559901	-0.2057871985268775	3792.519590255709	0.0423483710775405	52.97706102337357	-0.0541769682303012	2806.5689946742477	0.002935143886627	54.24787637594437	50.75236379452143	0.971956	32.297073	0.096849071127568	0.0531861617399653	-0.0270554983	0.0060018577	0.1204288545	0.0410241176	-0.0630456415	0.0552228574	-0.0281591986	-0.010211281	-0.0411000259	-0.0090443153	0.1374801428	-0.0210093426	0.0136470406	0.0582727388	-0.0008875451	-0.1080805053	0.0997310388	-0.0059143872	-0.1180011309	0.0240388788	-0.0645734396	-0.1346018275	-0.0463575883	-0.0055745407	-0.0224874556	0.0165533507	-0.01193736	-0.08005817	0.0230839787	0.018663234	0.0178465989	0.0360699783	-0.149013606	0.0058207624	-0.0905638235	0.0344048525	-0.0129968836	0.0174274255	-0.0340730416	-0.0078840431	-0.0049954338	-0.0554471723	0.0765018492	0.097655659	0.0015458333	-0.1321954694	0.0421009546	-0.0603284107	0.0424760252	0.0985380581	-0.0737158679	0.0178443478	0.057768614	-0.0002410968	-0.0768707406	0.0589825832	-0.0297718111	-0.0271834452	0.0163938683	-0.0005754067	-0.008401731	0.0515498954	-0.0403023757	-0.0230573353	-0.0491161567	0.1192379796	-0.0690602864	0.2056608184	0.0166408018	-0.0548280625	-0.157655178	-0.090725775	-0.1282757103	0.0484463718	0.1154084812	0.1123081066	-0.1578275065	0.0122651288	0.0149801533	0.1514633203	0.0036510874	0.0278220837	-0.0025468767	-0.2361837787	0.0265608094	-0.0687435555	0.116295648	0.0522486282	0.0546016526	0.0336287935	-0.0363822317	-0.0553984874	0.0220970685	-0.0360663246	0.0337695159	-0.0284854857	-0.064535576	0.0424318759	-0.0726546516	-0.0334028655	-0.0109149158	0.1372413351	-0.0093357404	0.0521380861	0.0644422657	-0.1160870066	0.02818312	0.0066023945	0.045158916	-0.0044384768	-0.0982110045	-0.0406924483	-0.0888226486	-0.020077288	-0.0235253086	-0.0080159364	-0.0680594694	0.0389217487	0.0815397853	-0.0189916514	0.0457989716	-0.0180919058	0.076368288	0.0182337593	-0.1215736075	0.0042778714	-0.0051471459	0.0359078644	-0.0169465428	0.0336240654	0.0192524529	0.0879440819	-0.1320886017	-0.1588044411	0.0125413334	-0.0064296496	-0.0379696106	0.0161750341	-0.0703217398	0.2275629032	-0.1999294646	0.0465201734	-0.0414110833	-0.0166495868	0.0343851177	-0.0379408219	0.0262218356	0.0720853992	-0.0881194501	0.0997910596	-0.0015502316	-0.0297461961	0.0192917006	-0.063641777	-0.0770451701	0.1034633875	-0.0184483926	-0.0653980388	0.0255019144	-0.0801407382	-0.0299215968	0.0086327347	-0.0776457995	-0.0597747833	-0.0789450514	0.0427148457	-0.0715740957	-0.1003994225	-0.0093420254	0.0	0.0	-0.0411103002217458	-0.0058306329750478	0.001690056784322	3.399628088971591e-05	0.1235547546052941	0.0017822382109925	3.1763730407220674e-06	0.0152657773855744	0.4550683023522808	0.0459507628084381	0.0021114726026773	0.2070871598057868	0.0011424235288869	-0.0004375881214	1.9148336399046854e-07	1.3051315193543976e-06	0.0003527460923904	0.0003988826142197	1.244298056966966e-07	1.5910733992681179e-07	0.0004307987627057	-2.92380070419e-05	1.8558757394876202e-07	8.54861055782194e-10	0.0	0.0	0.0
52.55230223291139	0.0004010677793857	1.608553636614209e-07	2761.744469979263	61.69966105147675	0.1162250458777407	3806.8481738671176	0.0135082612892829	53.12532445241714	0.1482634290435669	2822.3000981745904	0.0219820443917568	54.4004841165769	50.91027930115952	0.956154	31.772007	0.0382487884605476	0.0270779555800956	-0.0201096443	-0.0627581744	0.0583757825	-0.0695094913	0.0661400122	-0.0438352201	-0.0193449986	0.0109603237	-0.0663241663	-0.0067708098	0.0703923219	0.0860225091	-0.0338961226	-0.0503016108	0.076609489	-0.0857525126	-0.0174215065	0.0272224441	-0.0120917609	-0.0416694925	0.0310912915	0.1272635691	-0.0226766572	0.0382792262	0.0566407568	-0.0718190901	-0.0246933677	0.1045574915	-0.0662205175	-0.0156011501	0.0409451053	-0.1155308364	0.0186498701	0.0739609719	0.038495697	-0.0276129156	-0.0064639092	0.0574572917	-0.0607602651	0.0355165346	-0.0265319013	0.0212285357	0.033370978	-0.0283575657	-0.0570773842	-0.0386056931	-0.0266726179	-0.0407631058	0.0148396867	0.1199064627	0.0414772753	0.0255347255	-0.1406683296	0.0131755011	0.0543181465	-0.1095214801	-0.0572443821	0.0598341123	-0.0042118808	0.0116302283	-0.0661060073	0.0858156178	0.0582853028	0.0112463107	-0.0484850389	0.0496086988	0.0704466327	-0.1157671124	0.0284063532	0.0260694074	-0.0629905047	0.0244329676	-0.0888274516	-0.1189759664	0.0756054325	-0.1097965015	0.0025610622	0.0979496162	-0.0518127609	0.066054867	-0.041364452	0.0904235786	-0.1028478135	-0.1089583193	-0.023893156	-0.0044509275	0.0305054834	-0.0617036366	0.1081558642	-0.0426057983	0.0334113662	-0.0090073904	-0.0042925444	0.0160472855	0.0023057864	-0.0032957013	-0.0251623627	-0.1068648177	-0.0024893228	-0.0881258327	-0.0262609889	0.0525040814	0.0129536026	0.0216426238	0.0242602981	0.0032310869	-0.0940922007	0.1293599394	-0.0902743944	0.0177683322	-0.0045284867	-0.0988331414	0.0185608429	-0.0510111316	-0.0214743293	0.1240451121	-0.0925341194	-0.0857982862	-0.0827788293	0.0290410539	-0.1018548114	-0.0321993484	0.0525661249	0.0090049964	0.0511166267	-0.0190033752	-0.0765780931	-0.0346371383	-0.0596869493	0.0786424272	0.0182189933	-0.0988860605	0.0153316503	0.1432217157	-0.1818978725	0.1278735702	-0.0201798366	0.0412015725	-0.0775716155	0.0479737911	-0.0785752924	0.0141894978	0.0319307854	0.0590615706	-0.0751474536	0.0769938061	0.0288076672	0.0684694131	-0.05971568	-0.0571819898	0.0270613116	0.0272902382	-0.0063132641	0.063954784	0.0256484752	0.0315076815	0.0824006966	0.0491379362	-0.0087496121	0.037795707	0.0047968096	-0.029386772	-0.0264552951	-0.0155551497	-0.0381374824	0.0409960724	-0.0742888199	-0.0984593917	-0.0018707352	0.0	0.0	-0.0397621331893702	0.0013481670323755	0.0015810272357692	1.817554347184431e-06	0.1236646010592608	0.0001098464539667	1.2066243449060148e-08	0.0152929335551461	0.4297749353642004	-0.0252933669880803	0.0006397544135937	0.1847064950673026	0.0010109439035277	-0.0001314796253592	1.7286891884595606e-08	1.0220075760798236e-06	0.0002672112881105	-8.553480427990002e-05	7.140187249367263e-08	7.316202743200802e-09	0.0004178650326223	-1.2933730083400006e-05	1.7461118548843584e-07	1.6728137387024632e-10	0.0	0.0	0.0
52.48063307354878	-0.0716691593626066	0.0051364684037427	2754.216847800462	61.40549246914737	-0.2941685823293838	3770.6345053785135	0.0865351548296794	52.92960479555751	-0.1957196568596302	2801.5430638139046	0.0383061840812514	54.262350273821255	50.85319160129509	1.00202	33.296074	0.0427806694048328	0.0223724655616093	-0.0037590392	-0.0940669672	-0.0661493826	-0.0555057054	-0.0192068913	-0.0065094897	0.0155151055	0.08614421	0.1083225382	-0.0317807438	-0.0383145604	0.0033731555	0.0227140084	-0.0614191882	-0.0089811006	0.1971987949	0.0789863058	0.0863739304	0.0822637492	-0.0089207917	0.0063642497	0.0440377753	0.0141570129	-0.0136165265	0.0595748511	-0.0667604997	-0.0523451344	0.1192135282	-0.0863578616	0.0435811299	0.1406141077	0.1336668833	0.0906320492	0.0427201671	-0.1396575171	-0.001965246	-0.0132200508	0.0966476619	-0.1237575697	0.1305491087	0.0361589244	-0.0101951764	-0.0103731363	0.0432609409	-0.0439262811	0.1150403626	0.0091179032	0.0383302649	0.0851540521	-0.0080283216	0.0074413262	0.2151149481	-0.0419149361	-0.0142770404	0.0125798541	0.1891119336	0.1259729483	-0.1576903046	-0.1020308327	0.0749894964	0.06587853	-0.0009406318	-0.0393895474	-0.0614275086	0.0264794274	0.1048805585	0.0181315593	-0.0731773407	0.0985879868	0.0788833745	-0.0328779112	0.0328172585	-0.0186934319	-0.0388845235	-0.0330286981	0.0316448458	0.043915309	-0.0766182386	0.0202098059	-0.0265561137	0.0478140396	-0.0813511031	-0.0816892659	0.0156356038	0.0360212898	0.0324332629	0.0335241394	-0.0637695582	-0.1195295175	0.1070795618	0.074794864	-0.0218093402	-0.0997475222	0.0012806211	0.0407256275	-0.1092433407	-0.0272924948	0.0042080545	0.1153181886	-0.0747497191	0.0059207947	0.080341874	-0.0394923859	-0.0430626412	-0.0451801297	-0.0430661254	-0.0303279064	-0.0220836607	0.115010088	0.2092211355	0.0564855804	0.0400260152	0.135778734	-0.1804578132	-0.1236638756	-0.0581801329	-0.1307459452	0.034017366	0.0087251338	-0.0654313083	0.0838588345	-0.0299138775	0.0228029776	-0.106253904	0.0868776808	0.1684594002	-0.0261842937	0.0150743318	0.0202056013	-0.0674375423	0.0951351707	-0.0124625669	0.0371524453	0.0116027024	-0.0802016764	-0.1454218253	-0.0090130251	-0.0395470308	0.033577654	0.0266639144	0.0323947186	0.028552467	-0.0007969835	-0.009373747	-0.0067095827	-0.044782339	-0.129133927	-0.0101612605	0.0943204029	-0.0704285555	-0.0208524175	-0.0283987985	0.0246157591	0.0175279026	0.0225401303	-0.1262282112	-0.046145167	-0.0643897555	0.0015186144	0.121781079	0.0188380956	-0.137468673	-0.0566012388	0.0809942398	0.0811243141	0.039264529	-0.0769109895	-0.0962433935	0.0056098749	0.0	0.0	-0.0367340242947449	0.0030281088946252	0.0013493885408869	9.16944347770885e-06	0.1222715558389353	-0.0013930452203255	1.94057498587173e-06	0.0149503333672738	0.410143726798502	-0.0196312085656984	0.0003853843497499	0.1682178766321642	0.0011509806317207	0.000140036728193	1.9610285243000193e-08	1.324756414596182e-06	8.276928566752773e-05	-0.0001844420024429	6.85075464991281e-09	3.4018852265173386e-08	0.00046795243647	5.00874038477e-05	2.1897948279820938e-07	2.5087480242025928e-09	0.0	0.0	0.0
52.57821890583111	0.097585832282327	0.0095229946622344	2764.4691033094955	61.50435085896846	0.098858389821089	3782.785174583094	0.0097729812380184	53.14047110856637	0.2108663130088643	2823.9096696403776	0.0444646019619523	54.397327660284056	50.85381050182112	0.993353	33.008102	0.0645192602130547	0.0543183305539464	0.036571921	-0.0279501631	-0.0712380934	0.1085188144	-0.0326866669	0.0383538534	-0.0844261238	-0.055709315	-0.1263203055	-0.0053135491	-0.0407053082	0.0233090108	0.0911738704	0.1105292555	0.1300886504	-0.0369252363	0.015077344	0.0254126094	0.0241163879	-0.0135704481	0.0057658452	0.1106347594	0.0594218481	0.0709179242	-0.0264201546	0.0622323016	-0.0418714278	-0.1088221332	0.0612758811	-0.0415603013	0.0777831399	-0.0169749721	0.0628849255	-0.0406244367	0.0016486844	-0.0740437574	0.0415071524	-0.0074196716	-0.0183526602	0.1127103724	0.0131318117	0.0473694932	0.0238202781	0.0020145573	-0.0139466737	0.0145222935	-0.0716307225	0.1067468231	0.0202758881	0.0419400121	-0.0071270983	-0.0821495424	0.0992237034	-0.0160396997	0.0251067504	-0.0625328901	-0.0469762705	-0.0939210425	-0.0160380465	-0.1012078436	0.0165542853	-0.0001329957	-0.0813179023	-0.1725973523	-0.0242252686	-0.0736874051	-0.0772897092	0.0077968087	-0.0745607799	0.0053391968	-0.0225663888	0.1134503746	-0.0359437413	-0.1953022119	0.0718772699	-0.0099621745	-0.0242808414	0.0347350419	0.0280680587	-0.0396578333	0.0357237836	0.0008908739	0.0058104182	-0.1133281921	0.0460602141	0.0459287133	0.0229022914	-0.0600922459	-0.0094272773	0.0314084502	-0.0288601642	0.1587083223	-0.0098010124	-0.0001382528	0.145322313	-0.0051165609	-0.0892306943	-0.0122663479	-0.0791119352	0.0293601919	-0.0579752115	0.0179919993	-0.017132545	-0.0096075207	-0.0429758907	0.0378446727	-0.075693569	-0.0905837106	-0.07275228	-0.0456463807	0.0225996485	-0.0970466854	0.0626579782	-0.0499967305	0.1300852301	0.0016655737	0.0111857299	-0.0964444762	0.1068533186	-0.1530879034	-0.1320467613	-0.0350392441	0.0404552632	-0.0791501756	-0.1041779985	0.0012572481	-0.0056160634	0.0007605422	-0.1309236654	-0.0896322709	-0.0719887647	-0.0047539562	-0.0404118103	-0.0214866495	-0.0281313441	0.0285386612	-0.0119717133	0.0056940433	-0.0319694447	0.040612835	-0.0218192054	0.0578540538	-0.0924720724	-0.017800143	0.0882913268	0.1094952666	-0.0215033791	-0.0889436381	0.0083336304	0.0035332382	-0.0230729708	-0.0324443382	0.052706194	0.0458282564	-0.0682703205	0.0491565194	-0.0307362306	0.003683847	0.0735990754	0.0032396638	0.0223811944	0.0130135684	-0.033461584	-0.1051298508	0.0177372576	0.037520755	-0.0794373376	-0.0937576389	0.0130625369	0.0	0.0	-0.0389202029351309	-0.0021861786403859	0.0015147821965117	4.779377047679972e-06	0.1263261489387162	0.0040545930997808	1.6439725204790784e-05	0.0159582959056867	0.4639199432760961	0.0537762164775941	0.002891881458645	0.2152217137692962	0.0011549966820605	4.016050339799952e-06	1.6128660331807313e-11	1.3340173355707638e-06	1.3780088564452342e-05	-6.898919710307538e-05	1.898908408441502e-10	4.759509316926985e-09	0.000484992628933	1.7040192462999977e-05	2.3521785011934265e-07	2.9036815917608124e-10	0.0	0.0	0.0
52.5910239296869	0.0128050238557904	0.0001639686359473	2765.8157979729	61.83265943793984	0.3283085789713809	3823.2777731682495	0.1077865230262074	53.107361974095454	-0.0331091344709193	2820.3918958476	0.0010962147854134	54.46167763098844	51.33693795448	0.980261	32.573044	0.0938708729067822	0.0486684243374718	0.0125181229	0.0660577463	-0.0088626962	0.1209195422	0.0982707179	-0.0098415375	-0.0019919214	0.0697409225	0.0643371152	0.0208159683	-0.0785582663	-0.0257974689	-0.0742833609	-0.0503418455	-0.0704546334	-0.0445224786	-0.0127134173	0.0795722966	0.0248400425	-0.0085375864	0.0262373803	-0.0414442046	-0.023092496	0.0817043853	0.0264129143	0.0144892468	0.01416399	0.0391078067	0.0402415758	-0.1102028974	0.0139014112	0.0393682567	0.0523104437	0.0787452066	0.0011163342	-0.0233360856	0.0021079031	0.0146272003	-0.0615254176	-0.0894423217	0.0689813489	-0.0551889946	-0.1057940418	0.0585222397	0.0433938627	-0.1007832828	-0.0335712057	0.0029763901	0.0054149473	0.0728723427	0.0951982514	-0.0409096226	-0.0902008432	-0.0473287662	-0.0242678764	-0.0402831671	0.0157597645	-0.101724942	-0.009636696	0.0550329378	-0.0809480792	-0.065576784	-0.2041835489	-0.0152946256	-0.0292653488	-0.0988807741	0.0264904106	-0.0786950318	0.1006640748	-0.1435280136	0.0421112504	-0.034061607	0.0885387088	-0.0689061424	-0.0993449164	-0.1535570113	-0.0090612661	0.0959937606	-0.0024118822	0.1154190032	0.0060415688	-0.0649360642	-0.0858811252	-0.0871135127	0.0002112936	-0.1492628643	-0.0266889734	0.0149308243	-0.0667433746	-0.1066988078	-0.0558271489	-0.0014112082	-0.0072331765	-0.0709547749	-0.0165134973	0.0499023935	0.0260896976	0.07392033	-0.0649204121	-0.0476481217	0.0516177248	0.0238953576	0.0019780182	0.0041936572	-0.0115403622	-0.1072310789	-0.0367780723	-0.0660989003	0.0080369633	-0.0299515021	0.0820075816	0.0330009545	0.0023434769	-0.1117520629	-0.0088254859	-0.0438973568	0.066525844	-0.0125128558	-0.1419259861	-0.1441818307	0.0755485102	0.0631324654	0.0919156459	0.0480789144	0.0596480816	-0.1406734655	-0.0357825694	0.0349764236	0.0342030652	0.2352469524	-0.0170925013	-0.0571918229	0.0250173574	0.0181144719	-0.10235551	0.0431186353	-0.0028636273	-0.0264424432	-0.0766152493	-0.0175604497	0.1260885432	0.0071216416	0.0497035046	0.0593261085	-0.0551305708	0.0931319563	0.0883415392	-0.0173483835	-0.1364183572	0.0130489721	0.0388371124	0.0464577373	0.0073268931	0.0623430407	0.0760255802	-0.107842821	0.0934908567	0.0161788771	0.0117109392	0.0722391679	-0.1035988744	-0.1426792752	-0.0322240533	0.0356814908	0.0835631623	0.0357652936	-0.0818647166	-0.0910090951	0.020450122	0.0	0.0	-0.0327957554045923	0.0061244475305385	0.0010755615725578	3.750885755432032e-05	0.1267288185535449	0.0004026696148287	1.6214281870630178e-07	0.0160601934519773	0.4367697090492086	-0.0271502342268875	0.0007371352185748	0.1907677787429303	0.0015048907198461	0.0003498940377856	1.2242583767791094e-07	2.264696078678913e-06	0.0006987382358785	0.000684958147314	4.882351222785982e-07	4.691676635718926e-07	0.0003159743833421	-0.0001690182455909	9.983981092842037e-08	2.8567167342625784e-08	0.0	0.0	0.0
52.62609235191661	0.0350684222297132	0.0012297942376814	2769.505596232456	61.65571952032876	-0.1769399176110795	3801.4277495694487	0.0313077344442156	53.09206374016034	-0.0152982339351126	2818.7672321892487	0.0002340359615334	54.3478728521719	51.1488790771328	1.010875	33.590324	0.1229556558729262	0.066043239382669	-0.0120122648	0.0126664951	0.1224392193	0.0461716982	-0.0996049427	-0.020047998	-0.0249709725	-0.0213966305	0.0217335775	0.0329684196	0.0972632017	-0.0448031217	0.0157121646	0.0545780852	0.0073527951	0.0154813865	0.0830320247	-0.0345365318	-0.0495483964	-0.0425298529	0.0507842352	-0.1155233868	-0.1280605174	-0.0338823051	-0.0040499604	0.0995234447	-0.1090248317	-0.0698264487	0.0190046701	-0.0199770631	-0.0321886379	0.1225798943	-0.0049829131	0.1113098349	-0.0742768499	0.0187638904	0.0108576645	-0.0045006123	0.1970267698	-0.1761486128	-0.0413802962	-0.0096388203	-0.0701252941	-0.024503217	0.1182815446	0.0829626635	-0.1256315096	-0.0877429555	-0.0776880753	-0.1785273836	-0.06323585	-0.0502089076	-0.1272009955	0.0907200724	0.0854014125	-0.0051955183	-2.08622e-05	0.0624088668	0.1053268992	0.0135019146	-0.0218408501	-0.0190285789	-0.0345465478	0.0111154476	-0.0655190933	-0.05914743	0.0664707801	0.0533655811	-0.0372860355	-0.0076225161	-0.0767223062	-0.0557079468	0.0978681978	0.133307483	0.156464849	-0.0094401231	-0.0390833545	0.0500624496	-0.0246159545	0.0618543213	0.0664173721	-0.0910713806	-0.1509519073	0.0246122576	-0.0270676786	-0.0119373741	0.076721995	0.1318063525	0.0541795576	0.0689171993	0.0051879589	-0.0846095491	0.0262548661	0.0119401933	0.0059505759	0.1193121302	0.0685483522	0.066422385	0.0192145066	0.0959693335	-0.0070198795	-0.1092434063	-0.1124063477	0.0050093144	-0.0530318736	0.0591678428	0.1849543401	0.0559970568	0.1570644933	-0.0659342602	-0.0027589744	0.0580398721	0.0623722157	0.0027133664	0.044019938	0.0720736007	-0.0121017406	-0.0587156609	-0.0402375701	0.1482632622	-0.0280512811	0.0703948948	0.0422966202	0.0715008095	-0.0208131815	-0.061337139	-0.0123813877	0.0639118802	0.0508542566	0.1720063175	0.0892224095	-0.0470171272	-0.1281465076	-0.0162215914	0.0251230496	-0.0385492572	0.0235524897	-0.1692488006	-0.0489267627	-0.1496153435	-0.0271934795	0.0145414343	-0.0659351261	0.0249656338	-0.0036112715	-0.1377832003	-0.0567584366	-0.0070522985	-0.0705002641	0.0099080232	0.0066261521	-0.0038583294	-0.036497197	-0.1031591221	-0.0492118347	0.1148402337	-0.0799961085	0.0098557834	-0.0546365355	-0.0115801104	-0.0078583218	0.0412563373	-0.0092719388	0.0771619326	-0.0203182855	0.0339986915	-0.0841901024	-0.0880054659	0.0277358257	0.0	0.0	-0.0361397178751303	-0.003343962470538	0.001306079208094	1.1182085004366627e-05	0.1033977066437188	-0.023331111909826	0.0005443407829488	0.0106910857391805	0.4257154800346114	-0.0110542290145971	0.0001221959791071	0.1812336699410996	0.0007300281382408	-0.0007748625816053	6.004120203720304e-07	5.329410826233285e-07	-0.0001373504179484	-0.0008360886538269	1.886513731060016e-08	6.990442370580778e-07	0.0004095501974692	9.357581412710004e-05	1.6773136424706072e-07	8.756432989549574e-09	0.0	0.0	0.0
52.68648064630764	0.0603882943910321	0.0036467460994579	2775.86524289375	61.943432854605724	0.2877133342769653	3836.988873813048	0.0827789627207687	53.089078389681305	-0.0029853504790366	2818.4502442657267	8.912317482684636e-06	54.455975879948696	50.98368206009295	1.018817	33.854244	0.0809345224295272	0.0408223215032033	0.0939516332	-0.1011223794	0.0090089555	0.0094455064	0.0371963099	0.0234021696	0.0225523603	0.0759776824	0.0673014043	-0.0178587879	0.0218457524	0.1044648107	0.0152760632	-0.1279452236	-0.14072165	-0.0284513497	-0.0012202857	0.0685926474	-0.1786447702	0.0694174308	0.018456451	-0.0397271651	-0.034003831	0.0668825558	0.0352596996	0.0476844165	0.0806050263	-0.0344929805	0.1145369545	0.1285250937	-0.009304542	-0.0418958031	0.0125795607	0.1057280137	0.0190334811	0.0487144287	-0.1862650509	0.1112358654	-0.0071355347	-0.1436483906	-0.0046399155	-0.0392145893	-0.0290484087	-0.0780748654	0.0603119541	0.0748339479	-0.0344568209	0.0782223407	-0.0886156879	-0.0368308404	0.0543540639	-0.0133131353	0.1756687268	0.1175886554	-0.1563899313	-0.0277941659	-0.0684883323	0.0124978418	-0.0148226454	0.0296401477	0.1194389993	0.122040977	0.0539306654	-0.0853954348	-0.0502652298	0.0552632702	-0.1227510622	0.094952241	0.050298984	0.178129406	0.020420766	-0.0775093651	-0.012645251	-0.0710178166	0.0524582185	0.0279886393	0.0970751467	-0.0720065163	-0.0615903186	0.0965073834	0.011412832	-0.1169743994	-0.0076394603	0.0228716252	-0.0185488362	-0.0279287056	-0.0031429664	-0.0362122196	0.1022046721	-0.0485827114	0.0150256209	-0.198343818	-0.116034534	0.0397924337	-0.0186311318	-0.0035992621	0.0319312111	0.1490227471	0.0258655936	0.0699394618	-0.1145148706	-0.1383435183	0.0124019783	-0.112986388	-0.0126334088	0.0537788365	-0.1268582776	-0.028601182	-0.1348958245	0.037814248	-0.0392147834	0.0726342472	-0.0540227708	0.1360471798	-0.0407680254	-0.0166867612	-0.0478043322	-0.0234545795	0.0624510261	0.1016333381	0.1670770434	0.0662078879	-0.0076947601	-0.0312499873	-0.1413038999	0.0669443085	-0.0162112347	0.0660198273	0.0032418717	-0.1276120636	-0.0536081054	0.0228900602	-0.0203073074	-0.0955686401	-0.0977067197	0.0508261489	0.047140733	0.0375671076	-0.0211421113	-0.0410851284	0.0730127614	0.0306832835	-0.0815725876	0.001904172	-0.0100760299	0.078163271	-0.1013646738	0.0218863414	0.0281374134	0.0002771223	-0.0355702121	-0.1426071166	0.0615516916	0.0055243163	-0.062836589	-0.0483010296	-0.0277693111	-0.0536667534	-0.0772717825	-0.0161776079	-0.1285502675	-0.0498816387	-0.0038552733	-0.1175132424	-0.1028373726	0.032221499	-0.0864105979	-0.0847551701	0.0348833508	0.0	0.0	-0.0482061745492075	-0.0120664566740772	0.0023238352646686	0.0001455993766673	0.1293320410838134	0.0259343344400946	0.0006725897028506	0.0167267768509052	0.4293756041124368	0.0036601240778253	1.3396508265077233e-05	0.18436340940692	0.001126094823066	0.0003960666848251	1.568688188284243e-07	1.2680895505360456e-06	-0.0002961391788416	-0.0001587887608932	8.769841324497717e-08	2.5213870585997852e-08	0.0006401668965014	0.0002306166990321	4.098136553762342e-07	5.31840618725083e-08	0.0	0.0	0.0
52.73380691332018	0.0473262670125365	0.0022397755493419	2780.854391571336	61.79626221423383	-0.1471706403718968	3818.778023650344	0.0216591973874742	53.13132617882723	0.0422477891459251	2822.937821520932	0.0017848756877185	54.411615237855074	51.51886090729303	1.008887	33.524254	0.0556419202007367	0.0260318777338754	0.0820998996	0.03684972	-0.0363033303	0.102031387	0.0787641382	-0.0575198377	-0.0321577435	0.0459498951	-0.063028537	0.0288297063	-0.0861690846	0.0056366047	0.0450734881	0.0607168096	0.0729103722	-0.0390015375	-0.0340512856	0.0751999933	0.0956788451	0.0304408127	0.1105729303	0.098144332	-0.1519060402	-0.0023782328	0.0683463815	-0.0064746024	0.0431164329	-0.011582262	0.0055257734	0.0598453251	0.0086355462	-0.0744326226	0.0282812148	-0.1518836703	0.0666945011	-0.0979105522	-0.0754027724	-0.013350289	0.050021551	0.0161834219	-0.0653175132	-0.0445086348	0.0904471759	0.0709028482	-0.1395114672	-0.0425946144	-0.1256824881	-0.0671517459	0.0173596189	-0.135195179	0.1717785292	0.0547360574	0.0558979052	-0.0211736992	0.0431503854	-0.0081277685	0.0067080249	-0.0141422813	-0.1016309376	-0.0484852183	-0.0486754789	-0.1143415448	0.0700579938	-0.0156063882	-0.0282669022	0.0419750235	-0.1028001069	-0.0703379864	0.0532188883	-0.0576198148	0.0341970803	0.0064537132	0.0176103101	-0.0650712397	0.0030955901	-0.1248379073	-0.0343802291	-0.0602307353	0.1193883568	0.1049230584	0.0615541086	-0.0047877961	-0.0804921966	0.0759490588	0.1533964519	0.1696883703	-0.0440436816	-0.139078403	0.0068520437	0.0873314337	-0.0080402978	0.0898969136	0.0842448275	0.0760252492	0.0149290071	-0.067444191	-0.0528401248	0.0218433629	0.06773276	0.0036172931	-0.0973785259	-0.0614688099	-0.2020381076	0.0345748103	-0.1627814533	-0.0006307212	0.0413100057	0.0296469265	-0.0989077735	-0.0236783027	0.0287842083	-0.0792089514	-0.0646361431	-0.1323994125	0.0505664983	0.0368821646	0.0160370958	-0.0301038888	-0.1237432514	-0.027550705	-0.0052562901	-0.0373884309	-0.0275325923	0.0983931843	0.0228246209	-0.0545457128	-0.0148247473	0.0294492011	0.0311483857	-0.017788298	0.0895032062	-0.0243912276	0.0238787169	0.02741552	0.0689535343	-0.0284289341	-0.085830117	-0.0822039929	0.0977928125	0.0423764252	0.0889147808	-0.0304869976	-0.0032201761	0.0688608475	-0.054188303	0.1034672803	0.0566139215	-0.0998605855	-0.1022239006	-0.0255386932	0.1001233852	0.0054566572	0.0123243993	0.1144742674	-0.0353977212	-0.0113842522	0.0687011127	0.04307719	-0.0495305246	0.0318906896	0.1103180872	-0.0336772535	-0.0109171096	0.0335946801	0.1140886864	0.0304342698	-0.0885234364	-0.0812673177	0.0418570888	0.0	0.0	-0.0296794467829499	0.0185267277662576	0.0008808695613419	0.000343239641725	0.1227311964140085	-0.0066008446698049	4.357115035489195e-05	0.0150629465732139	0.4245424069210628	-0.0048331971913739	2.3359795090705363e-05	0.1802362552743293	0.0010770051649462	-4.9089658119799966e-05	2.4097945343188427e-09	1.1599401253207914e-06	-2.4759290628395547e-05	0.0002713798882132	6.130224724213555e-10	7.364704372661135e-08	0.0004470134313684	-0.0001931534651329	1.998210078237513e-07	3.7308261092885043e-08	0.0	0.0	0.0
52.70584410201588	-0.0279628113042988	0.0007819188160398	2777.906002506002	61.78459393561303	-0.011668278620796	3817.336047788591	0.0001361487259725	53.22371259384607	0.0923864150188364	2832.763582272328	0.0085352496800326	54.47235026128275	51.79926996529285	1.023178	33.999146	0.0959443340201573	0.0540214164528572	-0.0054578783	0.0904516943	0.1093069741	-0.0391793274	-0.1028106348	-0.0418383186	-0.02280375	0.108829638	-0.0074427231	0.0542120584	0.0736059667	-0.0867155857	0.0172021043	0.0697808314	0.0095911958	0.0593912352	0.0972000622	0.0917320503	0.0062145617	-0.0011229115	0.0703275002	0.0479172011	0.0456710965	-0.0571073357	0.0170268314	-0.0008301329	0.0435006354	0.0547808162	-0.0049640465	0.1009784591	-0.0813345177	-0.0144863616	-0.082024219	0.0489602672	0.0637056538	0.155115997	0.0029347583	0.0873541726	0.0725412929	0.0208874258	-0.0357198429	0.1203274336	0.0447857674	-0.0687449457	-0.0703240826	-0.1289206553	0.1227043173	-0.0254651964	-0.1012873859	0.1321679889	-0.1698410845	0.0908639474	-0.0943431425	-0.0723795895	-0.0588464479	0.0505464601	-0.0708504864	-0.0277255674	0.0308602191	-0.0589857195	0.0979825007	-0.0700838018	0.0080732146	-0.0539475377	0.0859456978	0.0468635651	-0.0578954194	0.0327181001	-0.0096907789	-0.0784641937	0.0158780475	0.0131843762	-0.0550482017	0.0246316961	-0.0141594875	-0.0774482719	-0.0590894337	-0.0224787165	0.1007570559	0.1677694838	0.0276532073	0.0115548181	0.1295989817	-0.0067462371	-0.008635398	0.0739779122	0.0136719741	0.1159682478	0.0844605658	0.0327151102	0.0388203956	-0.0438932263	0.0588438693	0.0108237423	-0.0605817713	-0.0792536597	-0.090703791	-0.0537352528	-0.0245919872	0.049594498	-0.0292459061	-0.0149882706	0.1741235915	-0.0300167182	0.0845060167	-0.059180732	-0.1185786447	0.1534271683	0.0446568003	-0.0117724954	-0.0576985347	0.0502105672	-0.0059336902	-0.0728048677	0.0711456831	-0.0321578872	-0.0512146313	0.0091172554	-0.0552479936	-0.0879380013	-0.0771466919	-0.0281225771	-0.1129658575	-0.024464906	-0.0435113282	-0.1231709944	-0.0089573621	-0.0036952448	-0.0205885325	-0.0168735055	0.1768028741	0.1926169072	-0.0997044377	0.0235901535	0.1137920268	0.0427102668	-0.0027163819	0.0876661955	0.1274578901	0.0902246366	0.0761722577	-0.0216197561	-0.0003958091	0.0409281825	-0.003290688	-0.1718734635	0.0590467101	-0.0238732859	-0.0469119335	0.0084992363	-0.0206883546	-0.0736203966	-0.0222333404	-0.1028536694	-0.0833854993	-0.0445187073	-0.0138396883	0.0754934401	-0.0419291138	-0.0407287306	-0.0976335604	-0.0112929358	0.0119407586	0.0896214098	0.0471511946	0.0286375605	-0.0905259858	-0.0775516848	0.048622297	0.0	0.0	-0.0462730761498306	-0.0165936293668807	0.002141197576368	0.0002753485355654	0.1160850840549017	-0.0066461123591067	4.41708094898721e-05	0.0134757467400335	0.3764130614919878	-0.048129345429075	0.0023164338914312	0.1416867928617709	0.0011879575787255	0.0001109524137792	1.2310438123452995e-08	1.4112432088513524e-06	0.0001438914483971	0.0001686507390254	2.070474892181529e-08	2.8443071773845805e-08	0.0006589152158655	0.0002119017844971	4.341692616990785e-07	4.4902366273055415e-08	0.0	0.0	0.0
52.59354767658287	-0.1122964254330085	0.0126104871650312	2766.081257208996	61.74022346109777	-0.0443704745152615	3811.855193026288	0.0019687390087094	53.22046225734011	-0.0032503365059568	2832.417602884963	1.05646874019558e-05	54.59341069370108	51.57389906372829	1.008008	33.49506	0.1040503896303031	0.0479968943781393	-0.0313280295	-0.0373054083	-0.0141734612	-0.1906015116	0.0981677044	-0.0173838112	-0.0671536543	0.0642961537	-0.0661459684	0.0402954702	0.0978886205	0.0351635682	-0.0288764374	-0.1487476625	0.0886180002	0.098191756	-0.1345065178	0.0827068827	0.0666850803	0.0449111509	0.0364054596	-0.0511301427	-0.039760137	-0.0023671435	-0.0436817026	0.0152405313	-0.0073761258	-0.0590492337	0.0219356723	-0.0326621605	-0.0243739565	-0.0805071483	0.097255178	0.0638305012	0.0600717424	0.111155963	-0.0094569426	-0.1423485609	-0.0385292073	-0.0438415879	0.1360114488	-0.0686989713	0.0343123962	-0.0944741647	-0.0911214189	-0.0826875372	0.0864404336	0.0265366862	-0.0860684387	0.0471191034	0.0239885362	0.0479515931	-0.0926885408	-0.0333539676	0.0591348656	0.0297958193	-0.0684734999	-0.0683109807	0.051795534	-0.0749288319	-0.0177135647	0.0045580317	0.167050568	0.0796296718	-0.1865013859	-0.0735052834	0.0385553207	0.0617824643	-0.1443624056	-0.0010688557	0.0365870594	-0.0375282247	-0.0487349607	-0.0928983542	0.025502655	0.1185719165	0.0731478007	0.0621193576	-0.0702003534	0.0848031687	0.0307984369	-0.0010536656	-0.0363319819	0.1225061229	0.115181242	0.0451021157	-0.0730031265	0.0248961731	0.1593425393	-0.1262356549	-0.0674585832	-0.0027256582	0.0574695704	-0.1841293675	-0.0503180194	0.0053831077	-0.0011322684	-0.0414047862	0.05113002	-0.1573998281	0.0175686279	-0.0798699561	0.0355391182	0.0526035944	0.0571233491	0.0205501944	0.0519488574	0.1408335188	-0.0012930475	0.0413412821	0.0046927884	-0.0111823989	-0.0585965471	0.0246196445	-0.0428134487	0.2203784001	6.76249e-05	0.0691576262	-0.0813160838	0.0534375751	-0.0710846053	-0.0510793384	0.0849187023	-0.1813287633	-0.0397481803	0.0136514458	0.0229466301	0.0064383636	-0.0213625541	-0.0702818839	-0.0214458817	-0.0485157797	0.0645860839	-0.0022196015	0.0286709977	-0.0615051096	0.1749331026	0.0227244149	-0.0571833228	0.1843830771	0.1290462102	0.0196108534	0.0090703116	0.0169370879	-0.0425862126	-0.0721511013	0.0007190717	0.1253835116	0.1131334797	-0.0552216737	-0.005264216	-0.0573367991	0.0126569316	0.1836415813	-0.0604249976	-0.0185817574	-0.0622985738	0.0344483021	-0.0348033569	-0.0058002645	-0.0688855281	0.0391835345	0.0564615631	0.0369384785	-0.1396761988	0.0268319309	-0.0924157511	-0.0736186857	0.0551452713	0.0	0.0	-0.0533426319629768	-0.0070695558131461	0.0028454363847375	4.997861939518915e-05	0.1286173260211001	0.0125322419661983	0.0001570570886993	0.0165424165528179	0.4032736076915313	0.0268605461995435	0.0007214889421378	0.1626296026605431	0.0016668864845239	0.0004789289057984	2.2937289680925278e-07	2.778510552288446e-06	0.0005638386104549	0.0004199471620578	3.179139786397125e-07	1.763556189204002e-07	0.0004060303706934	-0.0002528848451721	1.6486066192541986e-07	6.3950744917717e-08	0.0	0.0	0.0
52.53232990885174	-0.0612177677311294	0.0037476150859825	2759.645685652439	61.39989371733232	-0.3403297437654515	3769.946948499705	0.1158243344914579	53.05268604797725	-0.1677762093628629	2814.58749690524	0.0281488564281712	54.4067198898032	51.17486031191447	1.013143	33.665688	0.0751185483648529	0.037477437486426	-0.0062416483	-0.0219235584	-0.134626534	-0.0120807909	-0.1116892475	0.0673434171	-0.0003856561	-0.046838108	-5.88155e-05	-0.0405556401	-0.0870282551	-0.0741464433	0.0936939424	-0.0126256611	-0.0167446806	0.0798063622	-0.0537887188	-0.0251312873	-0.1262431654	-0.0012374401	-0.0360837817	0.0036401987	-0.1153674201	-0.0018115705	0.1438511095	0.0329274688	0.0324015442	0.0637823167	-0.0016983583	-0.0044613178	0.0289638448	0.0081885847	0.0130387071	0.0167795561	-0.0837719353	-0.0453130144	0.0675318544	-0.107138276	-0.0581011024	0.047756398	0.0639429597	0.0158320498	0.0164420242	-0.0233674765	0.127029406	-0.0447904717	-0.1717033062	-0.052429525	-0.1561267862	-0.0188357887	0.2526512871	-0.0196075691	-0.0143424491	0.0565433307	-0.0798077899	-0.0092686232	0.0315559317	-0.0925006621	-0.1190973726	-0.0273246954	0.0313860812	-0.0469936157	0.0794429062	-0.0597216229	-0.0327162896	0.0306395472	0.0300855341	0.0819047111	-0.0627305649	0.0140428947	0.0602382807	-0.0684722099	0.0613395116	-0.0748302023	-0.0079630305	-0.0692613689	-0.0123425095	-0.0365632179	-0.132330665	0.0083228274	-0.1456883468	-0.0256902333	0.0156453882	0.0120030486	0.0107726108	0.0063135469	-0.0358273403	-0.0264564081	-0.0847412954	-0.0042420949	-0.120290976	0.0879241381	-0.1893124453	-0.1270127958	0.154444671	0.0452370459	0.0592242065	0.1572058513	0.1025950813	0.0440013924	0.0036149466	-0.0607884336	-0.0092621938	0.0963228966	-0.0734015999	0.1351988024	0.0734188618	0.0724986963	-0.0736103734	-0.1051369704	-0.135075903	0.0343797191	-0.1274418388	-0.0429731236	-0.0719313394	0.0607681493	-0.0586166635	0.0385903911	0.0016770637	-0.0798143901	0.0849632667	-0.0724159959	-0.0750114187	0.0105279844	-0.0503599145	-0.017339579	-0.077389868	0.0689078774	-0.130219242	0.0216666166	-0.049833884	0.0042887579	0.0060889687	0.0049544085	0.0285418775	0.0118182397	0.1692534611	0.0455511702	0.0740943287	-0.0582230855	0.0505838879	0.0091986035	0.0703879849	0.0339017729	-0.0690945777	0.1227982102	0.0178211157	-0.0230351573	0.0391881345	-0.0769475669	0.0110933939	0.0800810406	0.0386394594	-0.0719703682	-0.0063579594	0.0506925085	-0.1232395094	-0.0219405386	-0.0892013562	-0.0237074652	-0.0246106239	0.1034505256	-0.0643123789	0.0835849452	0.1697751045	0.0250179432	-0.0941903779	-0.0694793439	0.0613935146	0.0	0.0	-0.0434482696826421	0.0098943622803346	0.0018877521384155	9.789840493451004e-05	0.1364218886756987	0.0078045626545986	6.091119822955534e-05	0.0186109317098447	0.4138524732874629	0.0105788655959315	0.0001119123972967	0.1712738696461501	0.0019789840762753	0.0003120975917513	9.740490677702352e-08	3.916377974151202e-06	6.502632883353954e-05	-0.0004988122816213	4.228423441567616e-09	2.488136922963075e-07	0.0005319356540004	0.000125905283307	2.829555399968333e-07	1.585214036461594e-08	0.0	0.0	0.0
52.56187655067611	0.0295466418243677	0.0008730040430974	2762.7508665285154	61.8497990694913	0.4499053521589786	3825.3976449364463	0.2024148259012946	53.002035298996425	-0.0506507489808214	2809.215745836063	0.0025654983723181	54.34215735503395	51.50793800721486	1.026854	34.121281	0.0613980880071873	0.0393761825051943	-0.0526270985	0.0772394105	-0.0323913192	0.0673400984	0.1248266451	0.0058643273	0.0088361982	0.0451327979	0.084868542	-0.0036929105	-0.0572944876	0.0031800926	-0.1385695256	-0.0283066291	0.0090488492	-0.0705314268	0.0361196175	0.0420636785	0.0693658729	-0.0022428764	-0.0618246251	-0.1560501274	0.0336083184	-0.0204121598	0.0105750301	-0.054346839	-0.0520917444	-0.0084054618	-0.01392451	-0.1065170105	0.0967950677	0.0327473067	-0.0120969243	0.0348081935	-0.1331384432	0.0174217586	0.0296290235	-0.0502622621	-0.0154272494	-0.0271042851	0.0179037136	0.1017187375	0.0302835651	-0.0058660328	0.0366600741	0.0903389774	0.0116426204	0.1148027772	-0.0450652804	-0.0719831739	-0.0317416489	0.0687560551	0.0157281513	-0.1080244831	-0.0010745834	-0.0424658952	0.0181697013	0.0429515532	0.0047057343	-0.0892163987	0.0314514136	0.0175492783	-0.0508615878	0.1753949938	0.1168489154	-0.1501570826	0.0630270183	0.0242472024	-0.1005302136	0.0229040005	-0.0555356934	-0.1753985079	0.0254159524	0.0555392607	-0.0485208278	0.0590275465	0.1484153123	0.0794353307	0.1291349468	-0.0408694711	-0.083564119	0.06678087	0.0116137269	-0.1320391901	0.0463511335	-0.0165098218	0.052729418	-0.0375118458	-0.0850446247	-0.0744127549	0.048143761	-0.0496130432	-0.0973522454	-0.0870901756	-0.0460250244	-0.0566532987	-0.0105662133	-0.0835995768	0.0461693878	0.0522207229	0.0648328217	-0.0428707952	0.0147125176	0.0054570037	0.0574731194	0.0387108195	0.0782507526	0.0057166285	0.0322072815	-0.0397230171	0.1684223676	0.1125185024	0.1033098843	0.2207153418	0.0116821569	0.1231391563	0.0935771926	0.3155274921	0.0622079868	-0.0603533381	-0.041349471	0.0257498034	0.0046080249	0.0895166906	0.0135096407	-0.0658965187	0.1705985362	-0.0773763359	0.020293715	-0.0697834591	0.0671773257	-0.0796615545	-0.0165431942	0.0155841393	-0.0686160176	0.0463340794	0.0100427162	0.0869362435	0.03884815	0.0709789108	-0.1238580162	0.0305902261	-0.0336361363	0.0340430119	0.0494014124	-0.0745633698	0.0305857066	-0.0711110906	-0.0589362861	-0.0320128067	-0.0560306999	0.0702034265	-0.0461007848	0.0424199246	0.0526137549	-0.1667096834	-0.0087533394	0.0461549325	-0.0022569188	0.0069379041	-0.0921119878	-0.0676093559	0.1361807214	0.0158233367	-0.0115746809	0.0231961626	-0.0958476552	-0.0651452616	0.0673358985	0.0	0.0	-0.0514046912674643	-0.0079564215848222	0.0026424422843033	6.330464443542465e-05	0.1323920780082232	-0.0040298106674755	1.623937401569945e-05	0.0175276623193354	0.4116311057847213	-0.0022213675027416	4.9344735822364535e-06	0.1694401672495524	0.0012739626992452	-0.0007050213770301	4.970551420694184e-07	1.622980959068116e-06	0.0001837625362912	0.0001187362074576	3.37686697441746e-08	1.4098286961428585e-08	0.0004118834734452	-0.0001200521805552	1.6964799569728278e-07	1.4412526056058344e-08	0.0	0.0	0.0
52.59044820508868	0.0285716544125662	0.0008163394358711	2765.755242412115	61.578013696870606	-0.2717853726206911	3791.851770851984	0.0738672887705679	53.075357059049885	0.0733217600534601	2816.9935269456364	0.0053760804973371	54.36676822481264	51.11928908357566	1.018938	33.858269	0.0465009560793902	0.0225554474487374	-0.0311629105	0.0229554575	0.1084531898	0.0104684745	-0.0943715826	-0.0438902161	-0.1139891374	-0.0405467011	0.0056459456	-0.033414697	0.1074540957	-0.124620433	0.0176071693	0.0545266796	-0.0506373859	-0.054310403	-0.0968935611	0.1003122842	-0.0856250747	0.0954680673	-0.0189805181	0.0551874561	0.0393193945	0.0209351537	0.0612518311	-0.0781795006	0.0049539328	-0.0736283907	-0.0693568511	0.0427724122	-0.0158106577	0.1059365583	0.1040390103	-0.157068173	-0.0733418638	0.0389549713	-0.1341767732	0.0352832815	0.0352493978	-0.0703098626	-0.0796999144	0.0544136033	-0.0456577619	-0.0178808543	0.0013598483	-0.0664850759	0.0126345616	-0.1097215603	0.0292152275	-0.064721177	0.0681191795	-0.1317140457	0.0164178616	-0.1269439632	0.0836453419	-0.1242125571	0.1101244276	-0.0487583764	0.1247593693	0.170722569	0.1006180646	-0.2470707944	0.0144158519	0.0630833203	-0.011107725	0.0241263323	-0.0120391225	0.0042231418	0.0638299453	0.0337655617	0.1304913425	0.0731493793	0.0116344092	0.1065103544	-0.0702775988	0.1278507582	-0.0433332022	0.0784837246	-0.0758580522	-0.1006715902	-0.0225655401	-0.0199899554	-0.0974856348	-0.0987489549	-0.0792221245	0.0844661455	0.0980459919	0.0734417223	0.070145718	0.0540892964	-0.01972576	0.0469329017	-2.18395e-05	0.0097669065	-0.1895076299	0.0510519109	-0.0100175574	0.0980378191	-0.1647783971	0.0621590727	0.1087579584	-0.0715065574	0.0020222612	0.081796123	-0.0046415521	0.0048391497	0.0794341184	0.0541425751	-0.0476305929	0.023696012	-0.110191471	-0.0676744394	-0.1051955754	-0.0676164406	0.0698219362	-0.1686563382	0.0707159024	0.1386065998	0.0934528305	0.1414160119	-0.0046530322	0.1007377168	-0.0503059166	0.171498557	0.0210168209	-0.0058670297	0.0348568987	-0.0118714384	0.0751436533	0.0598726934	0.022293339	-0.1142901509	0.0944393724	0.0063165377	0.0991686712	-0.0388718535	0.0810943146	0.16593294	-0.1716314639	-0.0312718346	0.0876831242	0.0126200553	-0.0422927327	-0.1323259017	-0.0410826777	-0.071282241	0.0894982365	0.044855989	-0.0201449122	0.0789103281	-0.027070197	-0.0357717151	0.2814443182	0.0342843496	-0.1386157173	0.0268465507	-0.0630241305	0.061452928	0.0759461588	0.1173124573	-0.067043991	0.1099145759	-0.0298032006	-0.0109684927	0.2656765622	0.0213671566	-0.0973855183	-0.0606285865	0.0729428184	0.0	0.0	-0.058245483799709	-0.0068407925322446	0.0033925363830621	4.679644246921483e-05	0.1306506887255238	-0.0017413892826994	3.032436633900336e-06	0.0170696024644537	0.3954091009004798	-0.0162220048842414	0.0002631534424643	0.1563483570749258	0.0012049818940162	-6.898080522899997e-05	4.758351490041229e-09	1.4519813649068686e-06	5.589097345870542e-05	-0.0001278715628324	3.123800914161713e-09	1.635113658122461e-08	0.0006489664929878	0.0002370830195425	4.211575090208842e-07	5.6208358155436824e-08	0.0	0.0	0.0
52.67542107039496	0.084972865306284	0.0072203878383598	2774.6999849434096	61.56880086952156	-0.0092128273490459	3790.717240510799	8.48761877633288e-05	53.18212260297064	0.1067655439207513	2828.3381645574004	0.0113988813686938	54.49766109651579	50.79232609235292	1.076253	35.76276	0.0967768732456109	0.0469946563787454	0.0640426964	-0.0864718503	-0.0489385396	0.0600015016	-0.0530267719	-0.0397425596	0.0126682421	-0.0294335766	0.0661814427	-0.0420600828	-0.0879058404	0.0834792941	0.0525751328	0.0569213516	-0.0427050827	0.0134957102	0.008084198	0.0374721476	0.0385119488	0.1359191218	0.0291891962	0.0479722265	0.1669045206	-0.0563575249	0.0008465327	0.1125677749	-0.179332269	-0.0006468961	0.0143187752	-0.0550708365	-0.0372826093	0.1245312447	0.1085429719	0.0312999837	0.0798028128	-0.0996743975	-0.0710790161	-0.0313908849	-0.0018335611	0.0262679245	-0.1241194704	-0.0049523876	-0.0422742958	-0.0926206911	0.0090557581	0.1401353865	0.1047329165	-0.0171551398	0.2094411552	0.0578823677	0.0121402049	-0.0571575838	0.077828827	-0.0385553688	-0.0174135066	-0.0265198392	-0.0427619972	0.0371762602	0.0601336084	-0.1124361583	0.0530006954	-0.1580381409	0.1178291711	0.0037285011	0.02647846	-0.0307536744	0.019246662	0.0406499389	-0.0858518528	0.1407192861	0.0210846982	0.0337307786	0.0866144151	0.0337257923	0.0446560386	-0.0110510702	-0.0557086792	-0.0251427495	-0.0356372989	0.070886174	-0.0498236225	-0.0432928601	-0.0310671617	-0.1997605758	0.0359806773	0.0691882031	0.0018534873	-0.1218703142	-0.005404728	0.0859525644	0.1275342126	0.0217200859	0.1179639007	0.0058092614	-0.0509412632	0.032027964	0.166352804	-0.0362814473	-0.0393417972	0.0833843574	-0.0094480465	0.0193656045	0.0447462234	0.0834355253	0.0257711776	0.1175686579	-0.1785812239	-0.0381578958	0.0135782924	0.0765106699	0.003168384	0.0058923582	-0.0385403172	0.091856374	-0.0460311655	-0.0299141864	0.0610703229	0.0331645593	0.0749565455	-0.0084339437	-0.0297994616	0.0133780225	-0.0884182055	0.157152753	-0.0577359224	-0.0469965867	-0.0536401115	0.0095120523	-0.0971386758	-0.037894418	-0.0454594647	-0.0772486763	-0.0173060631	0.1549826923	-0.0023055484	-0.1846173439	0.0615710689	0.0671684445	-0.0885182073	0.0362609582	-0.069580933	-0.0305112059	-0.0327969645	-0.0250433622	-0.1173612912	0.1190399067	-0.0379267031	-0.1304068576	-0.0738345808	-0.02727857	0.0317697188	0.1111905985	-0.0143506831	-0.0758632963	-0.0526373913	0.0869254223	-0.0164318056	0.0457776991	0.0720521136	-0.104123184	-0.2604704094	-0.1064356009	0.120704217	-0.1483801322	-0.1561442781	0.0195314949	-0.0988020511	-0.0559419782	0.0781863408	0.0	0.0	-0.0489990487801463	0.0092464350195627	0.0024009067813591	8.549656057099552e-05	0.1423345849524793	0.0116838962269555	0.0001365134310422	0.0202591340735945	0.4054106301251678	0.010001529224688	0.0001000305868322	0.1643577790184856	0.0018568767707745	0.0006518948767582	4.249669303437191e-07	3.4479913418419348e-06	0.0005369320037817	0.0004810410303229	2.882959766850316e-07	2.3140047285420826e-07	0.000465002144581	-0.0001839643484067	2.1622699446492926e-07	3.3842881484738486e-08	0.0	0.0	0.0
52.85854683253804	0.1831257621430779	0.0335350447604831	2794.025973247617	62.04174089431763	0.4729400247960669	3849.177613197644	0.2236722670541043	53.31971277993106	0.1375901769604226	2842.9917709343435	0.0189310567960004	54.62241394724024	51.74356455675952	1.050049	34.892025	0.0647265144591708	0.035351671357599	0.073333662	0.051642197	0.0743825796	0.0550708334	0.0131444085	0.0619947616	-0.0090673106	0.0467415319	0.0865123479	0.0885612389	0.0171919377	0.0330971136	0.0153134442	0.0272715663	-0.1011220247	-0.0082720796	0.1229106659	-0.0111336701	0.0156766381	-0.0314542019	-0.0698318514	0.0357636169	-0.0302312863	0.0529452804	-0.028815473	0.0315006496	0.0242420317	-0.0036394404	0.0440860763	-0.1374154936	0.0526402659	-0.046252868	0.0803647115	-0.1838682419	0.0482308925	0.0168031921	-0.0108696548	0.0056756683	-0.0577829612	0.0684002052	0.0486328876	0.0954704607	-0.0397283336	-0.036803568	0.0199882037	-0.011116464	-0.0279765864	-0.0529402701	0.0915875483	-0.0707321904	-0.1489813266	-0.0541985432	-0.0345953579	-0.0223593697	0.0943421954	0.0488631803	-0.0914642219	0.0697459973	-0.1680254456	-0.1659120534	-0.1261392061	0.1727224956	0.0535184934	-0.0947403974	-0.0674339142	0.076328606	0.0006400915	0.0268049741	0.1510089255	0.0891578654	0.0044715243	-0.0341255225	0.2497044747	0.0083398816	0.0752993433	0.0108949512	0.0205928245	-0.0361738459	-0.0305052878	-0.0903693621	-0.2258549369	-0.0021371714	-0.1124423404	-0.0198126228	0.0200508527	0.0410992565	-0.0468514475	0.0671775666	0.027603964	0.0765199662	0.0800397244	-0.0864557415	-0.0013091654	-0.0579870862	-0.0232367525	-0.040106634	-0.0079632849	-0.0560543763	0.0414287523	0.0918862583	0.0052019409	0.027325249	0.0045954293	-0.0943481606	-0.0248429392	0.0706951314	0.0149336333	0.0754281765	0.0416211081	0.0765995507	0.0131920446	-0.1062434572	-0.0554732812	0.0796812867	-0.1362079692	0.0555196856	0.0099845505	-0.1742594571	0.0061745809	-0.0643322044	0.043439015	0.0260931208	0.0989547358	0.0012653091	0.2158985753	-0.0101543421	-0.0293271942	-0.0391227535	-0.0384965437	-0.1327183568	-0.0401970924	0.0068975428	-0.0676405062	0.0975526216	-0.0339008324	-0.0125632975	0.0352593328	-0.0639439687	0.0413251566	-0.0939642843	0.1180956474	-0.0156235815	-0.0835139253	0.0617168902	-0.0116706012	-0.1187773303	0.007587374	-0.0201267297	-0.1014217136	-0.0164014272	-0.0045741341	0.0067141261	0.0258704958	-0.0915226325	0.0751110691	-0.0057992096	-0.0408850368	0.0799575632	-0.0397008959	0.0980031673	0.0179129086	-0.1171233285	0.0821168312	-0.0271238294	-0.0100527917	0.0176897492	-0.1000954889	-0.0510985726	0.0830403428	0.0	0.0	-0.0461909096803623	0.0028081390997839	0.0021336001370993	7.885645203735663e-06	0.1316574624318178	-0.0106771225206614	0.0001140009453212	0.0173336874139855	0.4044642044646025	-0.0009464256605652	8.9572153097646e-07	0.1635912926931838	0.0013599710707734	-0.0004969057000011	2.469152746935832e-07	1.849521313340548e-06	0.0002881395333693	-0.0002487924704124	8.302439069027793e-08	6.189769333390498e-08	0.0002048037714313	-0.0002601983731497	4.194458479248419e-08	6.770319338975053e-08	0.0	0.0	0.0
52.78768905508994	-0.0708577774480971	0.005020824624884	2786.5401157768624	62.05338473753496	0.0116438432173353	3850.622557384537	0.0001355790848698	53.39370032316129	0.0739875432302312	2850.8872341995543	0.0054741565532453	54.71570634989546	51.91299944505122	0.993871	33.025288	0.036376708947527	0.0197535258120525	0.0560893618	0.0365056323	0.0763759851	-0.1559709369	0.1087667693	0.0321490258	-0.0851225186	0.0007881833	-0.054220497	0.1420607261	0.081117429	-0.0057097211	0.0124486035	-0.0891541902	0.0936611762	-0.0322418033	-0.0759956802	-0.0588537441	0.1307345955	-0.0414895996	-0.1016553915	0.0829802845	-0.0174522229	0.0503405274	-0.1603599153	-0.132175195	0.0177718731	0.0578478889	0.0927860658	0.0026089253	-0.022582209	-0.1038348271	0.0968230389	-0.0380607999	0.1356172247	0.0227914494	0.0307329828	-0.0285922992	0.0134038101	-0.1260159554	0.0023808164	0.0015935336	-0.08394562	0.0995575508	-0.0240035687	-0.1096419288	0.0268133398	0.1354160181	0.0798880092	-0.0396169554	-0.0308865443	-0.0917309588	-0.091548106	-0.0257148716	-0.0063615318	-0.0619541083	-0.0688672953	0.0666531239	-0.023022174	-0.086628562	-0.0271989298	-0.0167708121	-0.0050472832	0.0623111368	0.0698485197	0.0280919583	0.0443411977	-0.0800162286	-0.0111512086	0.1044920876	0.0520779055	-0.1201097977	0.0217178252	0.0563862287	0.082762488	0.0193915626	-0.110406602	-0.0851900759	0.0266085151	-0.1191097614	0.0591677927	0.0514731085	0.1160479161	0.0883050756	0.0129638887	0.0202286534	-0.1074948447	0.0616422751	0.1477026463	-0.0556060119	-0.0437949965	0.0082726678	0.0564082378	-0.0712397105	-0.0289749741	-0.026128039	0.0276740087	-0.1146232716	-0.0910857833	-0.0490465292	0.098033805	-0.0004205303	-0.1267216343	-0.1130526119	0.0449523664	-0.0147394294	-0.0170479659	-0.0227502411	-0.0649849608	0.0483341436	-0.0211961004	-0.0042963213	0.0560715409	0.0934721331	-0.0108082916	0.0570355682	0.1121312055	-0.0571804026	-0.0674867636	-0.1104636605	0.0568863064	0.0453113759	0.0182666736	0.1289641678	-0.0944148211	0.0247703864	0.0240099431	-0.0247966726	0.00758253	-0.0571727425	0.0418736636	0.0188620885	0.0376148019	0.0075382204	-0.0570376369	-0.077159973	-0.0777527905	-0.096359527	0.049854644	-0.0694375313	0.0173702941	0.0075419584	-0.0701222727	0.0575885931	-0.0440363868	-0.072218235	0.0119254358	0.1396206887	0.1162435236	0.0130507147	0.0226675753	-0.0319970726	0.0271388337	0.0943755929	0.0401257314	0.1697500476	0.0135082569	-0.0145453233	0.091629043	-0.1582242696	-0.0393942708	-0.1013816148	-0.0174993675	0.0650367433	0.0164352137	0.0158424933	-0.1012642201	-0.046111945	0.087480642	0.0	0.0	-0.0439107729783643	0.002280136701998	0.0019281559835574	5.199023379798332e-06	0.1324930316045396	0.0008355691727217	6.981758424029758e-07	0.0175544034237615	0.4152353963464747	0.0107711918818722	0.0001160185745561	0.1724204343790139	0.001374902782138	1.4931711364600184e-05	2.2295600427573026e-10	1.890357660330813e-06	0.0006032226743759	0.0003150831410066	3.6387759488121306e-07	9.9277385746585e-08	0.0003245851428788	0.0001197813714475	1.0535551497765103e-07	1.4347576945843969e-08	0.0	0.0	0.0
52.61590710434889	-0.1717819507410496	0.0295090386004004	2768.4336804134723	61.69048639444205	-0.3628983430929153	3805.71611158284	0.1316952074195833	53.21363256668904	-0.1800677564722477	2831.690690942589	0.0324243969209487	54.56862493245348	52.10113382286354	1.030586	34.245312	0.0802930200661529	0.0429895403042268	0.020907084	0.0606818548	-0.1215667421	-0.1232376598	-0.1026450747	0.0920422262	0.0282922703	-0.0691663694	0.1037697838	0.0534212586	-0.0452801956	-0.0662429593	-0.0100789154	-0.0764899465	0.0106729771	0.1242656754	-0.0423311301	-0.1728550247	0.0132236996	0.0229344515	-0.15676958	-0.0971464196	-0.0438270475	-0.0748060025	0.0755436763	0.0075596447	0.0202910171	0.0832249382	-0.0120964086	0.0041936364	0.0891928554	-0.0150675895	0.1469135482	-0.0492709654	0.0530815233	0.0377902351	0.1588381804	0.0004485947	-0.0125396216	0.0535839524	-0.0355151339	-0.0323548802	-0.1469844111	0.0492951746	0.1997519641	0.0199222082	0.0459837676	-0.0961706697	-0.0711868343	-0.0457510069	-0.0286390607	0.0364253847	0.0690813415	-0.0130484619	-0.0452505632	0.0893925675	0.0504930471	0.0358456165	0.1028958233	-0.1197999417	-0.0280591071	0.1103481671	0.0244885995	-0.0796392235	0.0663522196	-0.1048005607	-0.0116138265	-0.0300779741	-0.1082097771	-0.0624430109	-0.0232771496	0.0487488372	-0.0259024231	0.0003010373	-0.0158100968	-0.0558547189	0.1017868728	0.0076355659	-0.0835942674	-0.0271670526	-0.044943025	0.1192457573	0.018856029	-0.023496563	0.0517551162	-0.0614896004	-0.1064318778	0.1093246004	-0.1121275281	-0.025466161	-0.0745464932	0.0492949408	-0.0219961432	0.0662537723	0.114437725	-0.0124121617	0.1374563455	0.0816485378	-0.0203627639	0.1205090926	-0.0271902488	0.0050217606	0.1558306825	-0.0772884148	-0.0049558298	0.0237738842	0.1275175765	-0.1035455658	0.1155388118	-0.0050901048	0.0616187759	-0.0106082037	-0.0395636828	0.0447771065	0.0347938145	0.0703839158	0.039702397	0.0587812331	0.0011002986	0.0050191954	-0.0314128129	-0.0254171224	-0.0235564756	-0.0440113454	0.0745353092	-0.0777247101	-0.0021343584	-0.0602801211	-0.1302912796	0.0201699865	-0.0930151064	0.0766622848	-0.0126034025	0.0051821628	-0.0751029462	-0.0320996826	-0.0203941412	-0.0030160831	-0.0919126534	-0.0790268421	-0.0336613605	0.0068328506	0.0721303495	0.0395349387	-0.1043708511	0.0148697635	0.0708201897	-0.0091704133	0.1439801857	-0.061642594	0.0717010433	0.0816808971	0.0694907551	-0.1517576092	0.1945703583	0.1547346108	-0.0293535973	-0.0098517357	0.0683941906	-0.1611722126	-0.0976689179	-0.0253627212	0.0080097796	-0.0381930795	0.0294662292	0.0139903026	-0.1023067888	-0.0409960724	0.091485117	0.0	0.0	-0.021534955936616	0.0223758170417483	0.0004637543271919	0.0005006771882857	0.1322419549824331	-0.0002510766221064	6.303947016840727e-08	0.0174879346575758	0.3965807800648875	-0.0186546162815872	0.0003479947086132	0.1572763151168746	0.001570991896338	0.0001960891141999	3.8450940707740615e-08	2.468015538359665e-06	6.57183046279819e-05	-0.0005375043697479	4.318895563176226e-09	2.889109474981067e-07	0.0002779484244125	-4.663671846629998e-05	7.725532663339123e-08	2.174983509304926e-09	0.0	0.0	0.0
52.4993486260569	-0.1165584782919921	0.0135858788617448	2756.1816061602626	62.00168080096479	0.3111944065227447	3844.2084221447262	0.0968419586510433	53.15282193584555	-0.0608106308434912	2825.222479743704	0.0036979328235833	54.498123103004986	51.74406250174458	1.014655	33.71595	0.0807156089954946	0.0401363414788394	-0.0743577704	0.1096283793	-0.0211167738	-0.0164267048	0.1358941969	0.0381703776	0.0579458711	-0.0653293056	0.1222907197	0.0302242417	-0.0847391851	0.0196092431	-0.1093266157	-0.0199897568	-0.0227058501	-0.0952673378	0.054281167	-0.1350499013	0.109848081	0.1291033559	0.0303414121	-0.1079234257	-0.0868427407	-0.012195741	-0.1367856814	0.0369475232	0.103134124	0.0262733893	0.0055032306	0.1163967519	0.0631549044	0.0323455735	-0.0529261662	-0.131571073	-0.0246353058	-0.0125735126	0.1151105776	0.0232056018	0.0655799203	-0.0842775259	0.0641518127	0.0872126222	0.024018606	-0.0020796104	0.005225659	-0.0199765594	0.0246665783	0.0841856147	-0.0617535973	0.0611845327	0.071904171	-0.0790440414	-0.0307050392	-0.0179556329	0.1858221134	0.0455525823	0.0708370871	0.0477287789	0.1351031176	-0.0439634651	0.0806593684	0.1543926927	-0.0237566414	0.0487928878	0.0091078102	0.10606403	-0.0603119653	-0.0536394285	-0.0574679937	0.0261995781	-0.0464969295	0.0293151915	-0.1034368698	-0.082374546	-0.1383264833	-0.086710737	-0.0212971624	-0.0434394594	0.0273102864	-0.0641952485	-0.1032128311	-0.0723205025	-0.0657973216	-0.0979623699	0.0081596435	-0.0689447142	-0.0451467599	0.0114412646	-0.0462322713	-0.0675350708	-0.0305559968	-0.0425341718	-0.0194719381	0.0200732383	0.04861617	0.0749819396	-0.1006767527	-0.1030543425	0.0405024791	-0.0169289345	0.1782496123	-0.135522884	0.1244179583	0.064198363	-0.0417660658	-0.0587220551	0.075216755	-0.0863634502	0.0723279595	0.0405551475	0.0785801326	0.1491322965	0.056348682	0.0155850193	0.0650229074	-0.006001992	0.0206414751	-0.1181347287	0.0686853761	0.0059344525	-0.0804303837	-0.0434549863	-0.1824129161	0.1129783338	0.0101998811	-0.0287324431	-0.1002695187	-0.0370184037	-0.0160168883	-0.0462282775	0.022609895	-0.0113848231	0.0821749505	-0.1579579385	-0.0573651991	0.0380316743	0.0615123505	0.044936272	0.0069195769	0.0040345862	0.0111038402	0.0694329307	0.0127561805	-0.005765583	0.0273381193	-0.1248563607	0.0092492338	-0.0780894822	0.0275365142	-0.0021980523	-0.0041538898	-0.0684752763	-0.0424040105	0.0723330661	0.1362755237	0.0444383973	0.0462696088	-0.0910526853	-0.0340381099	-0.0726817046	0.0441769418	-0.0384189508	0.048982132	0.0794243583	-0.1292420445	0.012133754	-0.1032218959	-0.0357652936	0.0950338178	0.0	0.0	-0.0385984842939706	-0.0170635283573546	0.0014898429897918	0.0002911640000022	0.1303693952555136	-0.0018725597269194	3.506479930880805e-06	0.0169961792192883	0.4152939762233671	0.0187131961584796	0.0003501837104657	0.1724690866874146	0.0013728776683549	-0.000198114227983	3.92492473293397e-08	1.8847930922675869e-06	0.0005917849270118	0.0005260666223838	3.502093998383615e-07	2.767460911863187e-07	0.0004150940691004	0.0001371456446879	1.7230308620232766e-07	1.880892785685971e-08	0.0	0.0	0.0
52.43543788212373	-0.0639107439331709	0.0040845831900913	2749.4751458900564	61.55744433569741	-0.4442364652673802	3789.3189531424855	0.1973460370732563	53.07916195434932	-0.0736599814962346	2817.397433776044	0.0054257928740256	54.3839486243186	50.783692197631815	0.992899	32.993008	0.0532286779477947	0.030289910075145	-0.0968139956	0.0376027397	0.1048185612	-0.033085802	-0.0344196883	0.0995335875	-0.0415229433	-0.1292468206	0.0025271966	-0.018408282	0.0565861825	-0.0800285835	0.0064415259	0.1000415169	-0.0261640761	-0.0243766189	-0.066035619	-0.1152290488	0.0319708394	-0.0097702392	-0.0054686681	-0.0690016728	0.0582468584	0.0061930995	-0.0302128452	0.0099947447	-0.0498348224	0.1037346563	0.0844366891	0.1335462808	-0.1487569738	0.2037986068	0.1089581618	0.1092373166	-0.0903883991	0.0694954155	0.0237326082	-0.0525380888	0.0329923797	-0.0483599421	-0.0119411685	0.0129969062	-0.0113912496	0.1371644176	0.0533252096	-0.0146272189	0.0238382139	-0.0903241199	-0.0244927628	0.035846884	0.1122175306	-0.05140879	0.0302231037	0.0927032608	-0.0435791248	-0.0670401284	-0.0962139385	-0.062212717	0.0606177616	0.0954723138	0.0734315021	0.1038236467	-0.0582396415	0.0572459078	-0.0474273737	-0.0385037805	0.0211090849	0.0753835995	-0.1085011898	-0.0859931289	0.1038025969	-0.1120322881	-0.0476054965	-0.1111209098	0.1333515398	-0.0723363578	0.0188541702	-0.0507177539	0.0482387715	0.0193028043	-0.0486660115	0.0695241824	0.0509484999	0.0085073156	0.0096619797	0.1025189078	0.0703620839	0.0239520204	-0.0329449049	-0.0100414004	-0.077127074	0.0066019391	0.035313715	-0.0469003856	0.0180326335	-0.0451724494	0.0154203605	0.0729877105	-0.0608299089	0.0275851258	0.0446729742	0.0606879971	-0.0304408348	-0.0057638772	0.0161249806	0.031560691	0.0568591937	0.0465295513	-0.1073850911	-0.1004954037	0.0779914727	0.0294211342	-0.1000915459	-0.0049702439	-0.0118610846	-0.0155999162	-0.0872420609	-0.0553947886	0.0741666519	0.0945575922	0.0201216434	0.1150102009	-0.0130393341	-0.0095031758	-0.1919590964	0.0015713229	-0.0383032869	-0.0878028638	0.0674217567	0.0299277276	0.0456568679	0.0274304496	0.0685639778	-0.0907161063	-0.0244996396	0.0439074506	0.163423364	-0.0423931976	0.0330985262	-0.0576815904	0.0670383183	0.0749572688	0.030142889	-0.0517866207	-0.0571804758	-0.0399430477	0.1350154159	0.0772486722	0.0067331828	0.0462326479	0.0342435006	0.0188085569	0.0181603477	-0.0248537881	0.0650579123	0.034718591	0.0955830264	-0.1106636149	-0.0215282481	0.0319380574	-0.008126458	0.034650389	-0.0564962869	-0.1378334014	-0.0238621138	0.0102734258	-0.1040084014	-0.0304342698	0.0981090648	0.0	0.0	-0.0329764043014222	0.0056220799925484	0.0010874432406508	3.1607783442613014e-05	0.1308932613706304	0.0005238661151167	2.744357065675568e-07	0.0171330458722401	0.4313101745350067	0.0160161983116395	0.0002565186083577	0.1860284666574179	0.0015239685493575	0.0001510908810025	2.282845432214179e-08	2.3224801394308025e-06	0.0001767739027913	-0.0004150110242205	3.124901270806798e-08	1.7223415022454845e-07	0.0003598653037537	-5.522876534670002e-05	1.2950303684574277e-07	3.050216521720852e-09	0.0	0.0	0.0
52.34297328356929	-0.0924645985544359	0.0085497019858329	2739.7868521644486	61.3945920050561	-0.1628523306413143	3769.295927467298	0.0265208815953079	53.05922680916871	-0.0199351451806037	2815.281549586808	0.0003974100133717	54.3032316792491	50.30265761138921	0.984219	32.704582	0.0326343525235546	0.0157307790854691	-0.1160012472	-0.0550741474	0.0711714404	-0.0668137855	0.0258957017	0.0003663854	-0.0267166431	-0.2373227592	0.0057394303	-0.0464847627	0.0917961914	0.047892346	-0.0288355587	0.0710062397	0.0929100614	0.0536543437	0.0271240716	-0.258036958	0.1541421526	-0.1250852743	0.0640268954	0.0813964219	0.0139366682	-0.055629998	0.0754182825	0.0175881486	-0.0151598312	0.0726014968	-0.0010035899	-0.0783645189	-0.1896100383	0.0888334191	-0.0012346193	0.0851951866	-0.0517564555	-0.0704688636	0.0832216722	-0.033510514	0.0688106174	0.0449074345	-0.0977525565	-0.1818295477	0.0682530942	-0.0308965354	-0.0065885107	0.0826880566	0.0456847432	0.0114825383	0.0327243301	-0.0565699536	0.0819112369	-0.0898224359	0.0415126502	0.1041707018	-0.0644318476	-0.0837693665	0.1266144325	0.0570140563	-0.0967448482	-0.1157124478	0.2244416491	0.0050609145	0.0326953688	-0.0817712574	-0.0088843009	0.0479393503	0.0027865585	-0.033666075	-0.101709331	-0.0567157341	-0.0120863796	0.0574434283	-0.0261765091	-0.0187712505	-0.0413964929	0.1209864883	0.0144222511	0.1704192258	0.029105727	-0.1482807544	0.0933959598	0.0252797805	-0.0670212031	0.1258449001	-0.0399248044	0.0800210684	0.1078696766	-0.0125340162	-0.0223650063	-0.012632891	0.0373977647	0.1755132015	0.041621529	0.2155861933	0.0934013483	0.0540682884	0.0346821041	-0.0766458665	0.092205776	-0.0758515843	-0.0526199906	0.0107716348	-0.07944236	-0.0016672909	0.0212998004	-0.0136186463	0.0715180749	-0.072842655	0.0132560017	-0.128685525	0.0357258129	-0.0220763548	0.0357655613	0.0352580464	-0.0648433115	-0.0804396581	0.0461019983	0.0331868001	-0.0354223602	0.067566403	-0.0590519238	0.0477608955	-0.0507340438	-0.1040447282	-0.0701664998	-0.0222552649	-0.0316471752	0.2513261949	-0.0613401457	-0.0820810772	0.1166139994	-0.0004506563	0.1167282711	-0.0326939722	-0.0613869983	0.0608922948	0.0405928191	-0.0172923378	0.0168148443	-0.0670563215	-0.0127447082	0.0828036124	0.0204386687	-0.0859425498	-0.0658080757	-0.1112003036	-0.0185190677	0.0169956996	0.0040812091	0.046413328	-0.0199843655	0.0872791759	0.0297360686	-0.0021638116	0.010748797	0.1441970462	0.0692797481	-0.1035302933	-0.0154873352	0.0539928782	0.1257479878	0.0952154468	0.046970162	-0.0613214115	0.0645223854	0.0084098975	-0.1046653254	-0.0250179432	0.1006955375	0.0	0.0	-0.0296637727237367	0.0033126315776855	0.0008799394122055	1.0973527969479124e-05	0.1321057959420102	0.0012125345713797	1.4702400867911756e-06	0.017451941321472	0.4220781882533373	-0.0092319862816693	8.522957070493162e-05	0.1781499969992196	0.0015719617151297	4.799316577220008e-05	2.303343960837877e-09	2.471063633833508e-06	0.0003656724921767	0.0001888985893854	1.3371637153471874e-07	3.568267707179395e-08	0.0002192130570549	-0.0001406522466988	4.8054364383354855e-08	1.978305450142009e-08	0.0	0.0	0.0
52.41082673073409	0.0678534471647935	0.0046040902921454	2746.894758599031	61.43535002128228	0.0407580162261851	3774.302232237469	0.0016612158866939	53.15166012916339	0.0924333199946758	2825.098974486097	0.0085439186452381	54.42760512555716	50.28340916168244	0.993102	32.999748	0.0775964681481246	0.0461249585360071	-0.0144692025	-0.134287812	0.0207080208	-0.0173421675	0.088860017	0.1002373895	0.0261795721	-0.1035070523	0.0658395385	-0.1000633382	0.0288622762	0.1482257836	0.049411063	-0.0387358093	-0.0871004297	0.0772455524	0.0289114029	-0.058549903	0.1492900236	0.1394543532	-0.0720753476	0.0299852843	0.0107511205	0.0073055222	-0.0660043212	-0.0684489898	0.1460275064	-0.0025025544	0.0597193725	0.0186579369	-0.0551958587	0.1050156322	0.0142855959	-0.0287692982	-0.019248678	-0.0663719147	-0.115364694	-0.1347823536	0.0167988142	0.0213456194	0.0460712076	-0.0174116439	0.1541528812	0.0658750267	-0.0415032131	0.0021502935	-0.0675400933	0.0184651995	-0.0111683578	0.0978751341	-0.1937481207	-0.0445534551	-0.0046600076	-0.1375330004	-0.0157630628	0.019312895	-0.049933061	0.327039989	-0.0413430094	0.0437170601	0.1156071772	-0.0785257218	-0.0803046205	0.0255898508	0.0836763451	-0.0165390663	0.0018778323	-0.1216457602	0.0218648836	0.0511221953	0.0683908179	0.0081403915	-0.0479113107	0.0826225684	-0.0253177521	-0.1843907806	-0.0514603627	0.0912828367	0.0618684597	-0.0856271356	0.0065556779	-0.0551568477	-0.0714420384	0.0221252251	0.1954606407	-0.0041460785	0.0807976252	-0.1583917387	0.0799641288	-0.0003044911	0.0229933611	-0.1174103505	0.0589889294	-0.0453630832	0.0067126817	-0.0128672887	0.0441898107	-0.1205625038	0.1101347333	-0.054307697	0.032717413	0.1111988596	0.0700431312	-0.0523103782	-0.176519203	-0.0910517147	-0.0342253674	0.0566130919	0.0588312267	-0.1643491882	-0.0267731891	-0.0352724545	-0.0063143277	0.0736444497	0.0971518009	-0.1442447385	0.027262471	0.0383024109	0.0659911633	0.0571016455	-0.0646777713	0.0363225364	-0.0740002591	0.1577274831	0.0010548973	0.0590958862	-0.0211192683	-0.0027543981	0.0993562508	-0.0023456031	0.1887621986	-0.0106272088	0.0182507595	0.0968132407	-0.0464385485	-0.0693093452	-0.1235620607	-0.1283431803	-0.0136395499	-0.0159762057	0.0959378803	0.1076647754	-0.0513306343	-0.0678436529	-0.0048513048	-0.0286030617	-0.101138772	0.0515003416	0.0736656612	-0.0176509819	-0.0335029748	0.0272806074	0.0131988807	-0.0358249413	0.0581817657	-0.0018615136	0.0906061581	-0.0273815176	0.1667230898	-0.0516197414	0.0622990631	0.0343135002	0.0088154573	-0.0094802727	-0.0615023957	0.0065437496	-0.1051918494	-0.0195314949	0.10278035	0.0	0.0	-0.036553866942981	-0.0068900942192443	0.0013361851884851	4.747339835006376e-05	0.132823757310291	0.0007179613682808	5.154685263436553e-07	0.017642150506023	0.4551437835479319	0.0330655952945945	0.0010933335921859	0.2071558637023266	0.0016168563012047	4.489458607499991e-05	2.015523858845576e-09	2.6142242987453434e-06	0.0009817408268932	0.0006160683347165	9.63815051188944e-07	3.795401930403614e-07	0.0002967064815835	7.74934245286e-05	8.803473621365984e-08	6.005230845169824e-09	0.0	0.0	0.0
52.57631607530594	0.1654893445718528	0.0273867231668214	2764.269012050474	61.28637299504314	-0.1489770262391445	3756.0195148875528	0.0221941543470587	53.17768972724147	0.0260295980780824	2827.866684726763	0.0006775399761065	54.436722218559744	50.90588368472781	1.001512	33.279205	0.0872226609018875	0.0546223189343798	0.050932685	-0.0714260408	-0.0806119866	0.0441710883	-0.0966164174	0.046249928	0.036640334	-0.0938841464	-0.0536191275	-0.0801581896	-0.0334612393	0.0144196128	0.1533832342	0.0712610975	0.0043962832	0.1071108262	-0.0323072068	-0.0044984963	0.0115536978	-0.0544763258	-0.01051006	0.0668107516	-0.0044424127	-0.1075181273	-0.0795451259	-0.058931039	0.0198650937	-0.0037112353	-0.0928184074	0.0370711351	0.0742968056	-0.1159814822	0.0400257408	0.0294871345	0.1054137848	-0.1198421348	-0.0115210376	-0.0884262221	0.1766773374	0.0681961735	-0.0342252668	-0.0868507017	-0.1200593547	0.0446109616	-0.2027358509	0.0336865273	-0.0792802281	0.0402526001	-0.0227032662	0.0110884789	-0.0914583102	-0.0553471443	-0.0371310781	-0.0403353729	-0.0741238356	0.0085961205	-0.0231144051	-0.0471181447	-0.0290175449	0.1340809965	-0.0645525327	0.0210239566	0.1438634862	0.0881241255	0.0151226321	-0.0426741056	-0.0274689818	-0.0155224237	0.1799542634	0.0366704188	-0.1191787285	-0.0559937993	-0.1775399567	0.0279730858	0.0066887312	0.1493656408	-0.0459564787	-0.0180230736	-0.0070778753	-0.1099032481	-0.0273582216	0.0040944304	-0.0247800497	0.0101482082	-0.0964815554	0.063353869	-0.0260822512	-0.0791531049	-0.0162409855	-0.0059761491	-0.0705603647	0.0944331648	0.1185792489	0.0649844507	-0.0057903737	0.0663352952	0.0480429353	-0.0431692026	0.0992031137	0.0028920157	0.0354433135	0.023974946	-0.0496378904	-0.1235872617	-0.0635854679	0.0530634646	-0.1237282119	0.1129994327	0.0536562664	0.0585158375	-0.1815637756	-0.0489755453	0.0480070925	0.0420406667	0.1533236849	0.0475493975	-0.113899318	-0.042583575	0.0718590712	0.0782957573	0.132520637	0.0355493912	0.0592620387	-0.0492982833	-0.0234872829	0.1163752928	0.1679589726	-0.007876452	0.0437507276	0.0681292867	0.0195558973	0.0211311298	0.0422470372	-0.1388240209	0.1379768068	0.1192966004	-0.1279772615	0.0416939363	0.0547999589	0.0804856617	-0.0361301541	0.023777667	0.0580846453	0.0267797471	-0.0575006892	0.1012314424	0.0335660818	-0.0886245081	0.0104690832	-0.0482021766	0.0481410013	0.0341440976	0.0320069963	-0.0898714879	0.0746522999	0.0319683988	-0.0128724465	0.0477423406	-0.0377101453	-0.0084601611	0.059106176	0.1289255875	0.139008503	0.0646428796	-0.0217501055	0.0046755634	-0.1055873175	-0.0139903026	0.104353116	0.0	0.0	-0.031177695946809	0.005376170996172	0.0009720487245516	2.8903214580081057e-05	0.1318718096146085	-0.0009519476956824	9.062044153152072e-07	0.0173901741710315	0.4022025711251089	-0.052941212422823	0.0028027719727984	0.1617669082196482	0.0018709264073302	0.0002540701061255	6.455161882662284e-08	3.500365621645489e-06	0.0007806805963479	-0.0002010602305453	6.094621935141127e-07	4.042521630692921e-08	0.0001927702225101	-0.0001039362590734	3.716035868659347e-08	1.0802745950172924e-08	0.0	0.0	0.0
52.58182905134496	0.0055129760390215	3.039290480682592e-05	2764.848746384865	61.96974285499199	0.6833698599488542	3840.249029513831	0.4669943654865167	53.27669446143878	0.0990047341973081	2838.406172737501	0.0098019373934796	54.616450449507546	51.15987330873674	1.025052	34.061417	0.0735845662667912	0.04703660400822	-0.0168589058	0.0312789282	-0.0373983039	0.0833925744	0.1157728862	-0.0402113202	0.0216357423	0.019731154	0.013006724	0.0499181658	-0.094243556	0.0531432151	-0.035416122	0.0022540117	0.0238748314	-0.0083638433	0.1049644803	-0.0488606946	0.0864799502	0.0226082649	-0.0475770003	0.0184412294	0.0989416107	-0.0557888404	-0.0291212632	-0.1292696638	0.0971147968	-0.1255728333	0.0857700075	0.0028604555	-0.0246082188	0.0270157845	0.0026324719	0.0179249424	0.0899783646	-0.0715787422	0.0287496226	-0.0002086906	0.0506343157	0.1828437665	0.015630865	-0.0038327167	-0.0573847044	0.0043761976	-0.0072975828	-0.0552811097	0.0864760278	0.0921038482	0.0513197035	-0.117903875	-0.0344482329	0.0606515635	-0.089414714	0.0305218989	-0.0550949301	0.0072356788	-0.0066647539	0.0504214901	0.0252091116	0.0841285112	0.0738080798	-0.064773149	0.0463100549	0.0038339609	-0.0579117412	-0.0455465699	0.0949146601	-0.0811519792	-0.0541234336	-0.1352936114	-0.0811920964	-0.0060840365	0.078390979	0.1501437195	-0.0773486541	0.0483491811	-0.1317674066	-0.0344300744	0.0167349697	0.0594506006	-0.1223209122	0.0049722143	0.0126112312	0.0141938573	0.083341145	-0.0294607331	-0.0736207061	-0.0248654779	-0.0356801251	-0.0108637355	0.0769322601	0.0911436533	0.0677034237	-0.0253292715	0.0072468704	-0.0302673343	-0.0674521097	-0.0394188554	0.0425927266	0.0599591632	0.0118431729	0.0561203366	-0.0140414328	-0.1240390888	0.0618384688	-0.0360625107	-0.0815223894	-0.0290874481	0.0357798354	0.0093755997	-0.04392731	0.0174957824	0.0196222833	0.0552044964	0.050443051	-0.0252997815	0.0930605269	-6.58464e-05	-0.0982534134	0.0905429235	0.0224363236	0.0008698993	0.0865114367	0.0090231915	0.0897706156	-0.0473195557	-0.0543870272	-0.0414670344	-0.0519535596	0.1277413486	0.1241325716	-0.0615878097	0.0488517008	-0.0337100721	0.0725506169	-0.1740575128	0.0174090438	-0.047936132	0.0476713105	8.35137e-05	-0.041680546	0.0537603202	-0.0149928256	0.0385940505	0.0478277205	-0.1023220051	-0.0115430897	-0.164214358	-0.039353279	-0.0541549867	0.0083766467	0.0140632061	-0.0442334074	0.0507813307	0.0821632979	-0.0132627537	0.0238434198	-0.0752624997	-0.0635250317	-0.0325130773	-0.0041425781	0.0958504534	-0.0167312832	-0.0398622155	-0.0915574823	0.0028059207	-0.1058512369	-0.0084098975	0.1054060001	0.0	0.0	-0.032815765707383	-0.001638069760574	0.0010768744789618	2.6832725405069684e-06	0.1297072063611608	-0.0021646032534477	4.685507244836464e-06	0.0168239593820167	0.4035063080802672	0.0013037369551583	1.6997300482455423e-06	0.1628173406605675	0.0015360115658963	-0.0003349148414338	1.1216795101269437e-07	2.359331530567204e-06	-5.269733421542355e-05	-0.0008333779305633	2.7770090334120503e-09	6.945187751500076e-07	0.0003940405764651	0.000201270353955	1.5526797590094834e-07	4.050975538117098e-08	0.0	0.0	0.0
52.59534410595632	0.0135150546113607	0.000182656701148	2766.2702216239545	61.78969639998216	-0.1800464550098297	3817.966581201968	0.0324167259616066	53.21582255843123	-0.0608719030075519	2831.923770570438	0.0037053885757608	54.55182587473016	50.86682633107359	0.976116	32.43531	0.0969542383395049	0.0499974050718921	-0.0164878348	0.0199997117	0.0910919609	0.0790011704	-0.0454401473	0.0733719292	-0.0402542961	0.0778902891	-0.0004769143	0.0117091653	0.0646013532	-0.0713870386	-0.0309424984	-0.0005689265	-0.0794890112	0.0136953808	0.0525558331	0.0473839278	0.0413543429	0.011108731	-0.1661599663	0.1053500314	-0.0341393313	0.085544739	-0.0062420608	0.0024517752	-0.1283630834	-0.146392826	0.068029848	0.1099022921	-0.0661321993	0.0263203397	0.0490342833	-0.1882482545	0.0332318111	-0.0185596128	0.0555412597	-0.0067242281	-0.0025125156	-0.021423438	-0.1060870834	0.1377517061	-0.1047569491	-0.0265700917	0.1228207438	-0.0665069152	0.0052360175	-0.0007318073	0.0507257596	0.1437907476	0.0596931515	-0.0764465802	-0.0330197921	0.0413785182	-0.0413126774	0.04607407	0.0849049106	0.0089275588	0.005161933	0.1118397634	-0.1660070827	0.0412010645	-0.1511311518	-0.0268816078	-0.1630547578	-0.0768494275	-0.1289562365	-0.1324888917	-0.0356678703	0.0401154747	-0.0809456341	0.0405089142	-0.0889074965	-0.0771613451	0.0744378358	0.0651969714	-0.0105918482	0.0251816701	-0.0337594137	-0.0512517873	0.0802226613	-0.1346410516	0.0753338409	-0.0011463625	0.0217531836	0.0813513285	-0.022886749	0.128146637	-0.0246182291	-0.0190669025	-0.04397588	0.0666458728	0.0062973443	0.041601957	0.0126014715	0.0270633002	0.069339187	-0.0230432858	-0.1111234155	0.1595872919	0.0421818538	0.0344823556	-0.0054706752	0.0425724765	0.0770754998	-0.0766777892	-0.0953002318	-0.0435032882	-0.0584820971	-0.075343202	0.0489563459	0.0373488925	-0.0611624723	-0.1191242752	0.0402722096	0.0389689608	-0.0863172153	-0.1357769906	0.0753679041	-0.1321999349	-0.0491317384	-0.0125863207	0.0589399105	-0.0596785686	0.0305320885	0.1548179161	-0.0232919065	-0.0846387882	0.0206997485	-0.001612963	-0.1487457526	-0.039543904	0.2171119641	-0.006190029	-0.0639988201	-0.1344612928	-0.0392764287	-0.104589446	-0.0865488685	0.0693435465	-0.0409198279	0.0616710939	-0.0914668312	-0.0343401225	0.0237260582	-0.0313516835	0.0627998089	0.0488102712	-0.0349116723	0.0727334069	-0.0180756809	-0.0468554059	0.0424947962	-0.0687331152	0.0143346687	-0.0057933064	0.0562101737	0.021708735	0.0496694049	0.0456640375	0.0420352613	-0.0237387878	-0.0164271467	0.0609143686	-0.0340950243	0.000935404	-0.1059832789	-0.0028059207	0.1059337567	0.0	0.0	-0.0369844613780969	-0.0041686956707138	0.0013678503834279	1.7378023595028765e-05	0.1435997057925959	0.0138924994314351	0.0001930015404524	0.0206208755037201	0.442711832738432	0.0392055246581647	0.0015370731637219	0.1959937668466214	0.0016559478874939	0.0001199363215976	1.4384721238362951e-08	2.7421634060955104e-06	0.0004611941900944	0.0005138915243098	2.127000809768296e-07	2.64084498757474e-07	0.0002341180507887	-0.0001599225256764	5.4811261705100316e-08	2.5575214218718824e-08	0.0	0.0	0.0
52.60464734326526	0.0093032373089414	8.655022442648012e-05	2767.248922109305	61.91350343010642	0.1238070301242544	3833.281906989799	0.015328180708188	53.09052003488033	-0.1253025235509	2818.603317574029	0.0157007224082238	54.48463199898924	50.80257496795552	0.989522	32.880783	0.0966317005566262	0.0464944791584768	0.0165700772	-0.1176760402	0.0401929077	-0.0530403113	0.0793289365	-0.0410499083	0.0235232096	0.0017372231	-0.0217017108	0.0260184315	0.0528341146	0.0835002434	-0.0307250096	-0.0699683929	0.0103085785	-0.0099092038	-0.0563592141	0.0218813579	0.0173545829	-0.0961174247	-0.085075915	0.087124226	-0.092892809	-0.0870284002	0.0249727581	-0.0161892265	-0.0355556525	-0.0845825931	0.1033481608	0.0069900932	-0.0672966661	0.0022597682	-0.0393290791	0.1737306001	-0.016528962	0.0352180945	-0.1515195761	-0.0441157318	0.0171290901	0.1727681909	0.0528925089	-0.0865443189	0.0899603096	-0.0180540816	0.0190619747	-0.1662443045	-0.0200424691	0.0387517585	-0.1333365417	-0.0421863949	0.1004085804	0.0432115134	0.1067452605	-0.0424376348	-0.0421090092	-0.0066140206	-0.0725899559	0.038609377	0.0132402907	0.0369887484	-0.0244844067	0.0501785517	-0.0658444668	0.0940439227	-0.0399095393	0.0210057084	-0.0678187271	-0.0363104754	0.0867492552	-0.0164962233	-0.05035645	0.0853838145	0.1240109232	0.035375577	0.1200673551	0.1344648053	0.1615405482	0.0471872214	0.0717278244	0.0555311646	0.071554427	-0.0236189036	0.1500169851	0.0178089145	-0.0673636599	0.03094876	-0.0159078408	-0.0404320285	0.1283370363	-0.0908309273	-0.0474502318	0.0471715957	-0.0481635545	-0.0423594719	0.1029243976	-0.0392305308	-0.1364569756	0.1001168645	0.1513087152	-0.031121953	-0.0438997968	0.0236822566	0.0754691693	-0.0961277359	0.0677398618	0.0017075983	0.016352869	-0.0514797927	-0.0903868673	-0.0884401541	0.084734152	0.0138853322	-0.1474938418	-0.0600169572	-0.070569982	0.0527610733	0.0426052609	-0.0175673332	-0.0845351774	0.0130498541	-0.0003918868	0.0273034716	0.1949476448	0.1028551462	0.0542970382	0.0401341716	0.1410553939	0.1192487146	0.1548492743	-0.0941365934	-0.0657321436	-0.0594061384	-0.0674419505	-0.0453093708	0.0347016571	-0.0598171274	-0.038483726	0.1716681502	-0.0670641375	0.1382278059	0.0013694398	0.0371896211	0.0637256445	0.0346270447	-0.1420500588	0.0777911836	-0.0078754321	0.0767129416	-0.0256538838	-0.0310933362	0.0165997921	0.0235325621	-0.0749795168	0.0023477037	-0.0386657386	0.1047765473	0.0308937368	0.0044664314	-0.0533060489	0.0020509787	0.0266953929	-0.0030266693	-0.0672843475	-0.079505286	0.1201248491	-0.000935404	-0.1059832789	0.0028059207	0.1059337567	0.0	0.0	-0.0175384831104139	0.0194459782676829	0.0003075983898142	0.0003781460707871	0.1481520801705187	0.0045523743779228	2.072411247676802e-05	0.0219490388588518	0.4095937116248365	-0.0331181211135955	0.0010968099460947	0.1677670086026097	0.0020029938182932	0.0003470459307992	1.2044087808435246e-07	4.011984236120772e-06	9.915313054920104e-05	-0.0003620410595451	9.831343297706904e-09	1.310737287966103e-07	0.0001529005051847	-8.121754560399999e-05	2.3378564485736477e-08	6.5962897139378185e-09	0.0	0.0	0.0
52.59374742481597	-0.0108999184492901	0.0001188082222011	2766.102268185337	61.73564929895468	-0.1778541311517401	3811.290394363523	0.0316320919677403	53.06307012230687	-0.0274499125734593	2815.689410804856	0.0007534977002905	54.38531576910501	51.20162641728519	1.011284	33.603905	0.0645265573410852	0.0372390780056155	0.0280858105	-0.0263876833	-0.0898229956	0.0268203466	-0.1019700317	0.0533319573	0.0010389014	-0.0224812131	0.0237793378	-0.0162640922	-0.1420925367	-0.0190549215	0.0367975269	0.0718421174	0.0245752657	0.0741872706	0.064289881	0.0336691693	-0.0615068393	-0.011960426	-0.0395976832	0.0418298723	-0.0793845019	0.0092707437	0.0341163388	0.1115730268	-0.0579517326	0.0188042009	-0.0924365117	-0.0333149506	0.119168057	0.0938706679	-0.0768011771	0.0280163642	-0.1225788903	-0.0841433271	-0.140763146	-0.098980105	-0.0823600605	0.0395031681	-0.0478812859	0.0199793889	0.031526376	0.0907328911	0.0209041044	0.0145670183	0.0928010434	-0.0980271714	-0.101556623	0.0457186817	0.0431992597	0.1059628278	0.1162023012	0.0558954792	0.0774903036	-0.0277365933	0.069708962	-0.0837021126	0.0524345601	0.0493603611	-0.1028472946	-0.0408822997	-0.0256399809	-0.0084150713	0.0478860571	0.0186658485	0.0249058349	0.0764948525	-0.088297939	-0.1131583634	-0.0576341209	-0.1533466864	0.2632177808	0.0503043046	-0.0873447243	0.0835633566	-0.0410511881	-0.1539710143	0.0499069046	-0.1341721692	0.0058927946	-0.0551140778	0.0211026656	0.0914073022	-0.0742314512	0.0103985137	0.005849022	-0.1263985744	-0.1297868027	0.123738148	0.0658556954	-0.0128940363	-0.0284355021	0.0137500943	-0.0038425948	-0.04310892	0.0862464361	0.0620253326	-0.0739972077	0.0032595374	0.109496036	-0.0067380228	0.1112651486	0.0893917327	0.1065605573	0.0081844573	0.2818655596	-0.0437904101	-0.0471404488	-0.0177672019	0.0118334178	-0.0675011939	-0.0318328544	0.0258587178	-0.0245862563	0.0039473668	-0.0113761724	0.0721474838	0.1010147295	-0.0080467951	0.1179518487	0.0783688057	0.0804879606	-0.0376221914	0.0359699231	0.0260021095	-0.017380636	0.0898437377	0.053835984	-0.0589640847	-0.02548276	-0.0758209113	0.0788640333	0.0520890845	0.2611243087	-0.0081714775	0.0779958922	-0.01485159	0.2050970853	0.0427079405	-0.0861774889	0.020110631	-0.0215539788	0.0180614596	0.0088778661	0.0113841371	-0.0532096581	-0.1368270262	0.0345533208	-0.0364448113	0.0620763985	0.0018210442	0.0115377958	-0.1026177981	-0.0544516523	0.0403050857	-0.0906521182	0.0001904615	-0.0191509518	0.0074640208	0.0048460732	-0.0292160265	-0.1181652533	-0.0444546369	0.0314894962	-0.0028059207	-0.1058512369	0.0084098975	0.1054060001	0.0	0.0	-0.0291244184607677	-0.0115859353503538	0.0008482317506779	0.0001342338979425	0.143972418315684	-0.0041796618548347	1.746957322076028e-05	0.0207280572356663	0.3883047094804297	-0.0212890021444067	0.0004532216123045	0.1507805474046809	0.0015069924052698	-0.0004960014130233	2.4601740172120924e-07	2.2710261095408573e-06	0.0001260954983706	2.6942367821398963e-05	1.5900074709329988e-08	7.258911838235542e-10	0.0001264051261997	-2.649537898500001e-05	1.5978255929562085e-08	7.020051075587801e-10	0.0	0.0	0.0
52.65824266681517	0.0644952419991966	0.0041596362405349	2772.890520757194	61.70628666377568	-0.0293626351789981	3807.66581383206	0.0008621643446549	53.13213442627495	0.0690643039680836	2823.023708691752	0.0047698780825958	54.482897121716825	51.13143535200075	1.003185	33.334812	0.063238758812701	0.0265155768140182	0.0271697342	0.0379921584	0.0094089037	0.105998239	0.1215871102	0.0282934141	-0.0580698455	0.062132857	0.0128875878	-0.0179702567	-0.0408460588	0.0135634153	0.0004149116	-0.0064339153	-0.1030695972	-0.1017551631	-0.0463249782	0.1536741905	0.0206995324	-0.0511808396	0.0634298751	0.09752467	-0.0181020439	0.0472660653	-0.0800780809	0.0634983708	0.0400950204	0.051660068	0.0469164572	0.0623425564	-0.1188688679	0.101177503	0.0350777967	-0.021320534	-0.085017464	-0.0203419031	-0.1166488845	0.0416858766	-0.1093531074	0.0803333715	-0.0164701178	-0.1238417458	-0.0713547809	-0.0478809811	-0.0977583537	0.0641025578	-0.032089763	-0.0292061264	-0.0769552176	-0.0392593486	0.0273964612	-0.0867694442	0.1180887048	0.0634995	0.1243211592	0.0753466192	0.0731246094	-0.0030573731	-0.0381477767	-0.1695536035	0.045185967	0.0653342692	-0.0916603388	0.0041994763	-0.0466910921	-0.1104498992	0.0204069389	-0.0252849468	-0.0904888035	-0.0146760864	-0.0561138601	-0.0457044636	-0.006854607	-0.0098718864	-0.0101735875	-0.04011329	-0.0696033691	-0.0626930283	0.0225112404	0.0645018302	0.0342073659	-0.029617664	-0.0495776089	0.0996924864	-0.152819956	-0.1700470326	0.0271886035	-0.074529152	0.0053350031	-0.016935924	0.0836472526	0.0616278601	-0.0181139303	-0.0158127233	-0.0493373377	0.0385643906	-0.0366275489	0.1451359016	0.0299109643	-0.0851084486	-0.041566941	-0.0744998088	-0.0091076448	-0.0049992991	-0.0117660774	0.0672917469	0.1097043279	-0.1042521501	0.0474495012	0.0569827469	-0.0130932268	-0.019952248	-0.2332671977	0.0945535629	-0.0965017425	-0.1039440584	0.0119549157	-0.0972925681	0.0982707389	-0.1128991822	-0.162502439	-0.0091715848	-0.0410030006	-0.1456047799	0.040274224	-0.0322309851	0.0489556005	0.0205026744	0.051486082	0.0487009135	-0.014036267	-0.0145103424	-0.0265384033	-0.0277170794	-0.0514085685	0.1539069801	-0.1151693128	-0.0493235679	0.0523860507	-0.0234619837	-0.07160998	0.037669248	-0.0752614314	-0.014907536	0.0184863884	0.005355484	0.0688288793	0.0251940195	0.0102621068	0.0455011343	0.024061156	-0.09164428	0.0992578733	0.0522555037	-0.0022891999	-0.1407798756	0.0259451363	-0.0753984242	-0.0833536746	0.1020785307	-0.0116814389	0.0023907023	0.0349237843	0.0073523465	0.019160072	-0.0046755634	-0.1055873175	0.0139903026	0.104353116	0.0	0.0	-0.0410675094541375	-0.0119430909933698	0.0016865403327656	0.0001426374224759	0.1319427489941631	-0.0120296693215208	0.0001447129439851	0.0174088890121367	0.3994416289795808	0.011136919499151	0.0001240309759305	0.159553614961861	0.0016640107974636	0.0001570183921937	2.4654775487125957e-08	2.768931934075446e-06	0.000354958246548	0.0002288627481774	1.2599535679243077e-07	5.2378157503312014e-08	-5.029531340228677e-05	-0.0001767004396019	2.529618550234247e-09	3.1223045355535375e-08	0.0	0.0	0.0
52.56638725589378	-0.09185541092139	0.0084374165155374	2763.225069136592	61.74820308751993	0.0419164237442544	3812.840584537606	0.0017569865795078	53.16750507241876	0.0353706461438108	2826.783595625675	0.0012510826086306	54.47587311353969	51.2035744395273	1.012676	33.650162	0.055421025263979	0.0276478086720996	-0.0462873066	0.0136697416	0.1172090998	-0.0466291413	-0.06661441	-0.003289365	-0.0559248951	-0.0312980309	-0.0653265305	0.0307996425	0.1146525133	-0.0079487652	0.0118721765	0.0054642396	0.1253535866	-0.026773785	-0.0322201373	0.0767898182	-0.0315056432	0.0294120135	0.1042254243	0.0486112716	0.038565931	-0.0474536244	0.0787916811	-0.1123389428	0.043857098	0.0065881665	0.1032078949	-0.0335700166	0.0439598019	-0.0858161497	0.0200001679	-0.0299634876	0.0217169194	0.2370673248	-0.0960662161	0.0719267188	0.0280301964	0.1643617555	0.079709942	-0.1042284074	0.044968303	-0.0890882109	0.2058668969	0.0357281416	0.1122863089	0.0773740213	0.1373237029	-0.0328775713	0.0504486768	-0.1045927486	0.0610948647	-0.0618998667	0.0499451717	0.039069508	-0.0615576184	-0.1119572977	-0.0443452415	0.147492542	0.0104798686	-0.0055460067	-0.0227269922	-0.0077153869	-0.0238535582	-0.0171500796	0.039014096	-0.0269969214	0.0092951024	0.0009968402	0.0035246758	-0.0608502048	0.0763485899	0.0138851516	-0.092084384	-0.0412323537	0.0424368192	0.0408011648	-0.0511223423	-0.0248603033	0.0111708188	0.1943118868	-0.010884054	0.0129016506	-0.1254938609	-0.1021940258	0.0269525039	0.1233185622	0.141858725	0.0190225964	0.0562839478	0.1278311754	-0.0407622216	-0.0156860222	-0.0270265455	-0.0249232429	-0.0258902659	0.0827033274	0.0155007132	-0.0434845426	-0.0521726185	0.0833991068	0.2479513412	0.0946063625	-0.0012732961	0.0599435925	-0.1219644007	-0.1365025641	-0.0087821014	0.1493822154	0.0942059212	-0.0326497826	0.0581470166	-0.0761481664	-0.0503033321	-0.1023691667	0.0411336981	0.0289861071	-0.0613043288	0.0677555729	0.0920569553	0.0505863278	-0.0122095001	-0.0160479538	0.1125848504	0.0418087471	-0.03662303	-0.0423096236	0.0220674783	-0.033741277	-0.0289226112	-0.1034868654	0.0227297167	-0.0193127552	0.0438064056	0.0974761178	0.0400362452	-0.0635760152	0.1478502558	-0.1370806892	-0.1675203654	0.0211858207	0.0532738574	0.017531426	-0.1093930759	-0.0171238328	0.0948901391	0.0221722295	-0.0652198289	0.0710727532	0.0579030459	-0.0094645837	-0.0638686898	-0.0474284368	0.0562415389	0.0792608327	0.0400737213	0.0626633091	-0.1017548834	0.0470605752	0.0646215275	-0.1034234555	-0.0628815518	-0.0260036608	-0.0273129261	-0.0065437496	-0.1051918494	0.0195314949	0.10278035	0.0	0.0	-0.0254642190036094	0.0156032904505281	0.0006484264494637	0.0002434626728835	0.1323184551188632	0.0003757061247	1.4115509213715733e-07	0.0175081735650426	0.4087529337296516	0.0093113047500708	8.670039614869111e-05	0.1670789608325969	0.0015619966108529	-0.0001020141866107	1.0406894269842741e-08	2.439833412315946e-06	5.061400323258525e-05	-0.0003043442433154	2.5617773232281504e-09	9.26254184392324e-08	0.0001459607354452	0.0001962560488474	2.1304536291703667e-08	3.8516436709227124e-08	0.0	0.0	0.0
52.48579213178581	-0.0805951241079725	0.0064955740299794	2754.758375701029	61.743785761453054	-0.0044173260668785	3812.295080156213	1.9512769581124296e-05	53.22330674617248	0.0558016737537201	2832.7203809971693	0.0031138267937166	54.57915781156935	50.78186181192942	0.984075	32.699799	0.0607996252733391	0.031419277313889	-0.0634264969	-0.0834425658	-0.0129394953	-0.1429549121	0.0993501775	0.0007386226	-0.0728811397	0.0265585864	-0.0242505054	0.0406160533	0.0644149497	-0.0264199257	0.007625236	-0.0913787413	0.1744013815	-0.0073614318	-0.0906770077	0.0315559502	-0.0370084585	0.0440006781	-0.0523870078	-0.0018705253	0.0053197875	0.0199760242	0.0925084048	-0.1132783291	-0.0010845255	0.017531327	-0.1858110589	-0.0636415902	-0.1444319903	0.034731342	0.0239011564	0.0262692011	0.0608177429	-0.0118783045	0.0858621422	0.0849806998	-0.0610066577	0.0261954146	-0.1556099367	-0.0068325608	-0.0849563705	-0.1257482932	-0.0214639945	-0.0442929209	0.0981908303	0.0643539976	0.0871890963	0.0185656292	-0.0448183144	0.0024060657	0.0863526403	-0.1484029761	-0.088300277	0.0428237046	-0.0084501503	0.0548727608	-0.1522587022	-0.0171977493	-0.0220580111	-0.0204755263	0.0050947016	0.0082717925	-0.0049050863	-0.0311742847	-0.0436189903	0.1178743671	0.1115518253	0.0224066945	-0.0024866903	0.0026967184	-0.0764895903	0.1453087059	-0.0517051504	-0.1401549547	0.1475626661	-0.1629452007	-0.0695885879	0.0138410821	-0.000121415	0.0295024251	0.0361297352	0.0884330285	-0.0466482545	-0.092101789	-0.0551066588	0.0552969531	0.0805115632	-0.0604138474	0.0717269555	0.1785381589	-0.0762895098	0.0415021923	0.0050324653	0.0126283902	0.0354127773	-0.1316658613	-0.0708912946	0.0607268439	-0.0998782379	0.0089655964	0.0189643765	-0.0281241058	0.0095172611	-0.0699522462	-0.1137392061	0.0104502211	0.0078202692	0.0273444617	0.0477492772	0.10950001	-0.0849285801	0.1027150737	0.0308663743	0.0172108933	-0.0755511605	0.1213600122	-0.0177738744	-0.0003112985	0.0693239483	-0.1106782059	0.0100452171	-0.0362687644	0.0717476962	0.1567192665	0.0275646826	0.0414883187	0.0284255874	0.0299472144	0.0053387421	0.0589578438	-0.2433346972	0.0233356736	-0.0517952724	0.0176023101	-0.0517123557	0.0777650061	0.0707692213	0.0212040771	0.1631126207	0.0511533517	0.0074679175	-0.0080217472	-0.0422024716	-0.0844478511	-0.1324893993	0.057595876	0.0142890355	-0.0830395575	0.0365123181	-0.0209317853	-0.0807421795	0.1189131982	-0.0198824243	0.0043504524	-0.0236756543	0.0294453504	0.0243752293	-0.003467813	0.1482565135	-0.0290529525	0.1694653679	0.0453445	-0.0487628963	-0.0084098975	-0.1046653254	0.0250179432	0.1006955375	0.0	0.0	-0.042402939766859	-0.0169387207632496	0.0017980093008718	0.0002869202610953	0.1514818108417017	0.0191633557228385	0.00036723420256	0.022946739015881	0.4007587602133213	-0.0079941735163303	6.390681020919683e-05	0.1606075838877183	0.001824997575999	0.0002630009651461	6.916950766778021e-08	3.330616152402226e-06	0.0001086214183347	5.800741510211475e-05	1.17986125210419e-08	3.36486020682905e-09	0.000132901610275	-1.3059125170200022e-05	1.7662838013687982e-08	1.7054075021095176e-10	0.0	0.0	0.0
52.44540552945766	-0.040386602328148	0.0016310776476119	2750.520561149268	61.25817546310958	-0.4856102983434738	3752.5640610691207	0.2358173618572376	53.10305185148702	-0.1202548946854662	2819.9341159417186	0.0144612396958125	54.39868991662844	50.64912099134569	1.010253	33.569664	0.0981125077404942	0.0448858331880712	-0.0061599574	-0.066310852	-0.1018821884	0.0300197965	-0.1029170917	0.0751302483	-0.0424324916	0.051380704	-0.0060763345	-0.1192068561	-0.0522417296	-0.0632747049	0.076739222	0.0027458184	-0.0581867274	0.132433539	-0.0847509536	-0.0504021662	-0.0881559199	0.0514767989	-0.0199848341	-0.0418210109	-0.0570229287	0.1122279912	0.0840474145	0.0289029147	-0.0179925986	0.043910848	0.0777755525	0.0292570076	0.1569569844	0.0200482135	-0.1027593413	-0.003319662	-0.0339486509	-0.0356277927	0.0287050104	0.1020549989	-0.084540505	-0.082669354	0.0363155808	-0.0088210202	0.1501612339	0.0484015557	0.0494002074	-0.0114513628	-0.0556291922	-0.0483005608	-0.1249009194	0.0586128545	-0.0057910752	0.1831282992	0.002128202	-0.0222739802	-0.0433836213	-0.043586377	-0.0412233879	0.0412807022	-0.0190164376	0.0061010384	0.0648953374	0.058611479	0.1270192438	-0.0342351305	0.0229984421	-0.04184243	0.0218251791	-0.0408798367	-0.0233818907	0.1220015982	0.0693171622	0.0967823288	-0.0166573549	0.1090066031	-0.0923725428	0.0742579311	0.0562682676	0.0979391611	0.0003088618	0.0223763713	-0.0888170031	0.0853585157	0.0496182456	0.0239760901	0.0654849873	0.0104128928	-0.0048193061	-0.0569055287	-0.0817461269	0.0480569838	-0.1473792508	-0.156397826	-0.2061049031	0.0508855835	0.0498586292	-0.0530910094	0.0336958744	0.027712478	-0.0073580342	-0.1073462855	-0.0794734254	-0.0339678958	0.0476798427	-0.0441077557	-0.0520563882	-0.0223573567	-0.049383106	0.1275693597	-0.039221895	-0.0727096995	0.0458505286	0.006277875	0.0620624357	0.0511851089	0.142356944	0.0018261912	-0.000638031	0.0193311034	-0.1054406226	0.1331553164	0.0160363889	-0.0653746614	-0.0072199757	-0.0625830936	0.0212486427	-0.0610527716	-0.0915274618	0.0610480252	-0.0769418402	-0.0661776609	0.0468374423	0.0501581328	-0.0006575646	0.03841558	0.0607840758	-0.0419199792	-0.0215995629	0.0740828695	-0.0663574642	-0.0802857736	-0.0312065062	0.0655966736	0.0155614986	-0.0110718092	-0.0229226726	0.1750911253	0.0052999815	-0.0127406332	-0.0216276161	-0.0002017933	-0.042536753	-0.0071517682	0.0093330669	-0.0691303204	0.0162465719	0.0071514228	-0.0103996925	0.0614796855	-0.1037877287	0.0494587269	0.0431589329	0.0061009192	0.0934390234	0.0713627499	0.0577062046	-0.0102734258	-0.1040084014	0.0304342698	0.0981090648	0.0	0.0	-0.0263471521560347	0.0160557876108243	0.0006941724267332	0.0002577883158038	0.140605039053753	-0.0108767717879487	0.0001183041645271	0.0197697770073074	0.4308328014809675	0.0300740412676461	0.000904447958168	0.1856169028319387	0.0020800424490721	0.0002550448730731	6.504788728087369e-08	4.32657658994186e-06	-0.0002251190891564	-0.0003337405074911	5.067860430260717e-08	1.1138272634041697e-07	0.0003662343711923	0.0002333327609173	1.3412761464261938e-07	5.444417731728989e-08	0.0	0.0	0.0
52.53903606758848	0.0936305381308244	0.0087666776706677	2760.3503109113635	61.73693965365003	0.4787641905404527	3811.449717798426	0.2292151501438549	53.21161328829252	0.1085614368055019	2831.475788742789	0.0117855855612749	54.49649791008917	51.19297029163005	1.016137	33.765163	0.0817942354686089	0.047198555743113	-0.0283366311	0.0373509019	-0.0370931141	0.1100517194	0.1066319675	-0.0651624831	-0.0091306811	0.0571003856	0.021339854	-0.0067329986	-0.0643184992	-0.0088063389	-0.0791567841	0.0711279023	0.0649992212	-0.0532738484	0.0517895896	0.0885513346	0.0885612785	-0.0465618024	0.1354315039	-0.0777146371	0.1082362203	-0.0087815194	0.0232354832	-0.0582778468	-0.0406498276	0.0563645382	0.0425815035	-0.0181561517	-0.0109707712	-0.0629541038	-0.0298015841	-0.113427036	0.0228082396	0.0380678644	-0.0947545176	0.0930699593	0.0581008436	0.0399254706	0.0621163727	0.0166739483	-0.0568075472	0.0124295539	-0.0890776681	-0.0537491637	0.0653574239	-0.0376899746	0.025596638	0.1015528639	-0.018158214	-0.0174222494	0.0711015192	0.0115283684	0.0745251958	-0.1586057738	0.001510909	-0.0631540662	0.0289557726	0.0490759764	-0.0912152454	-0.0737836437	0.0941203669	-0.0235611427	0.0680098758	-0.1739902797	-0.025170083	-0.0718276508	0.0198764977	0.1120349947	-0.0258881772	-0.0357425294	-0.0268886789	-0.0706845743	0.1755645838	-0.0079136199	0.0024997713	0.0067279006	0.0290794493	-0.0969239689	0.0432045889	0.0264354794	0.1541090619	0.0192601903	0.0502195	-0.0883853461	0.0120485493	-0.0566045881	-0.0323403448	-0.0134455574	0.1133977553	0.0873600632	0.0667285914	-0.0361387076	-0.153932949	0.0262875808	-0.1235302255	0.0900506195	-0.0702314758	-0.0712090823	0.075710472	-0.038219216	0.0817406958	0.0157575318	0.0188043326	0.0334748417	-0.0507973264	0.0341346701	-0.1061343737	0.0343277663	0.0290798118	-0.100000324	0.1298528609	0.0565743223	0.1679757871	0.0580361263	-0.1292373069	-0.0141606181	-0.0722838878	-0.0412017601	-0.1030461343	-0.1018461415	0.0357576812	0.0097326576	-0.0239416351	-0.0194356483	0.0762414859	0.0227585853	-0.0203047537	-0.0155321165	-0.0191884187	0.1255200823	0.0661648747	0.0284386633	-0.0508978319	-0.1676756066	-0.0022943657	-0.0455639512	0.0623002919	-0.0642651161	-0.0754497116	0.0129608351	0.0018633129	-0.0145411328	0.0747510274	-0.0308525836	-0.0460957443	-0.1041212749	-0.0085255507	0.0166818133	-0.0605838048	0.0131025971	-0.0320600886	0.0903792541	-0.0070952935	-0.0185614458	-0.0061004464	0.0581795995	-0.0097332207	-0.0128617863	0.0070413911	-0.024200827	0.0261236323	0.0834633713	-0.0268765711	-0.012133754	-0.1032218959	0.0357652936	0.0950338178	0.0	0.0	-0.0179947695779389	0.0083523825780958	0.0003238117321631	6.976229473087828e-05	0.1381887427791213	-0.0024162962746316	5.838487686798987e-06	0.0190961286308741	0.3913025902470366	-0.0395302112339308	0.0015626376001991	0.1531177171340402	0.0018869996008643	-0.0001930428482078	3.7265541244179733e-08	3.560767493662028e-06	-0.0002810139355666	-5.5894846410199975e-05	7.89688319826292e-08	3.124233855219845e-09	-1.4734841828712504e-05	-0.000380969213021	2.1711556371717562e-10	1.451375412698496e-07	0.0	0.0	0.0
52.56647980212276	0.0274437345342732	0.0007531585651876	2763.23479878698	61.5016087085217	-0.2353309451283323	3782.447873736112	0.0553806537349941	53.20555051544009	-0.0060627728524309	2830.830605651047	3.675721466017376e-05	54.44668617287903	50.75833380256851	1.000249	33.23724	0.1122338628717668	0.062536455312435	-0.0210956607	0.0011633698	0.1242777192	0.0215431626	-0.052911802	0.0791089677	-0.0614213189	-0.0028136129	-0.1076611116	-0.0365658896	0.0804226828	-0.0505988995	0.0552679153	0.0700123971	0.0121542542	-0.0464830187	-0.0257059011	0.106742558	-0.086745311	-0.0033118515	-0.0192062529	-0.0391153424	0.0141279589	-0.0232108801	0.0317758768	0.0136534894	0.1245513424	-0.0030336699	0.0666888681	0.0153221999	-0.0465579608	-0.0677571306	0.0092054731	-0.0531624699	-0.0446124006	0.1435372472	0.0769561256	0.0055738696	0.0050705252	0.0515604749	-0.0140434651	0.0411722831	-0.0143460559	0.0931479391	-0.0114488429	-0.0088285223	-0.0159747345	-0.0372236606	0.0056708289	-0.0753068876	-0.1154057006	-0.0779527819	-0.1468878162	0.0086129544	-0.055032978	0.0293842515	-0.0668190886	0.0241725294	-0.0978953586	0.0463303255	-0.0454245055	0.0653794655	-0.0453692298	0.0298960066	0.0857472472	0.0374294103	-0.0066671396	0.0136883433	-0.0189549012	-0.0625901672	0.1553403662	-0.0586332459	0.0169209447	-0.0417562295	0.0627113908	-0.0018951898	-0.0169461135	0.0422966588	-0.0456519572	0.0928755007	-0.0459396979	0.052448449	-0.0100463491	-0.0066495317	-0.0253184645	-0.0466271396	0.0851587736	0.0992148837	0.0490993229	0.0627046508	-0.0474347216	0.0286377634	0.0687735966	-0.0440831204	-0.051755132	-0.1360073324	-0.0278381781	0.0169584428	-0.0366033278	0.0169335865	0.0264158177	0.1043596649	-0.0130637302	-0.0536350836	-0.031964907	0.0295661657	0.0269857892	0.1144963787	0.0814818343	-0.0697777449	-0.0518252111	-0.0280302741	0.0285331838	0.0955357156	-0.0527749945	-0.0116573042	0.0301548613	-0.0022866884	-0.0744635371	-0.0233142595	0.0852507362	0.1181515946	-0.0524480316	-0.1062186396	-0.0488487203	0.0036429392	0.0019029883	-0.043193998	0.1018880499	0.0705399755	-0.0636575092	-0.029478667	-0.0275738405	0.0593857277	-0.0460501544	0.0274376157	0.0103693741	-0.0554445468	0.000931235	-0.0881357216	-0.1218455707	0.0309886072	-0.0853850032	-0.0161841556	0.0521559935	-0.03281393	0.0171002843	0.0776807324	-0.0672820735	0.0104866268	-0.1018249594	0.039741342	-0.0175618836	-0.010006016	-0.0001067443	-0.0102278697	-0.0230106067	0.0947039889	0.1298542807	0.0362237251	-0.0190080424	0.0818920431	0.021256269	0.0119401604	0.0425941154	-0.0139903026	-0.1023067888	0.0409960724	0.091485117	0.0	0.0	-0.034385123660968	-0.0163903540830291	0.00118233672918	0.000268643706967	0.1435703503319843	0.0053816075528629	2.896169985303196e-05	0.0206124454944487	0.4469796622475357	0.055677072000499	0.0030999363465487	0.1997908184629211	0.001751996741095	-0.0001350028597692	1.8225772145889276e-08	3.069492580807501e-06	0.0001640885621572	0.0004451024977237	2.6925056230817288e-08	1.9811623347996534e-07	0.0001008563853857	0.0001155912272144	1.017201047306884e-08	1.3361331808933936e-08	0.0	0.0	0.0
52.60339918988437	0.036919387761614	0.0013630411926924	2767.117606330328	61.71056981520219	0.2089611066804906	3808.194426916944	0.0436647441051353	53.21289791016889	0.0073473947288036	2831.6125039980566	5.398420930085145e-05	54.501790662791095	50.85443155480791	1.013177	33.666828	0.1053576835699476	0.0574437874229513	0.0551534053	-0.0994169624	-0.0421823518	-0.0261330529	0.0193519864	0.0085921472	0.0619582283	-0.0117894187	0.125745348	-0.0056322187	0.026326261	0.115808178	0.0245066879	-0.1442903605	-0.0977940435	-0.0236602881	-0.0113165341	-0.0224190683	-0.0170155637	-0.0408984738	0.0199739683	0.0128830844	0.1529960042	-0.0656013419	-0.0386551106	0.1353006382	0.0824226966	0.1305578631	0.0547668694	0.0581542819	0.0738914073	-0.0949815509	-0.0065036177	0.0154909445	0.0177983263	-0.0225167501	-0.075442234	-0.0408496081	0.0165434658	-0.0322218411	-0.1175022843	0.0105894068	-0.0806524086	0.1083131493	0.0699445543	0.0412366679	0.0671193634	-0.0006791994	0.0442547698	-0.0191059765	-0.1036915505	0.1013070576	-0.168571728	0.1804899455	0.036703535	0.1798082217	0.0206460925	-0.0649783805	-0.0061334402	-0.0834195848	0.1401073906	0.0605794034	-0.0008457801	0.1109715889	0.0685625571	-0.0553310314	-0.0540365434	0.0083631421	0.1091422469	0.1150685409	0.0342522078	0.0701469844	0.0706291817	-0.0446785309	-0.0045296693	-0.056976034	-0.0118304087	-0.0341490729	-0.1081259932	0.0605533162	0.1142351487	-0.0402375211	0.0663539003	-0.009963761	-0.0636756204	-0.0548946903	0.0108372804	-0.0700775572	0.033713613	0.0163784017	0.0264603864	-0.0646754761	0.0014501771	0.0460896093	-0.0136617393	0.0299901878	0.1021357649	0.0299921575	-0.0021454108	0.1199861656	0.0665120452	0.0745393334	-0.0073540765	-0.074299327	0.0604666811	-0.0264444186	0.039198605	0.0068711857	0.0263122551	0.1673266012	0.0418585384	0.1180228137	0.0736763797	-0.065604899	-0.1044600294	-0.0562424548	0.1008027831	-0.1434209122	-0.0861313053	0.048238077	0.1087205644	-0.0357365427	-0.1367052476	-0.079326439	-0.047489424	-0.0431834009	0.0595661096	0.0012903188	-0.0495921837	0.0978008708	0.0253230803	0.0384900217	-0.0967858854	0.0301668632	-0.1824772335	0.0417467111	-0.0261706142	0.121608542	-0.0538598724	0.0879340326	0.0034375347	-0.0689638937	0.021100367	-0.0066728139	-0.1100279082	0.1093473796	-0.0829062741	0.0304702	-0.0346825668	-0.0364807669	-0.0917615415	-0.0061988586	0.0302186481	-0.0469850693	0.0363136429	-0.1094727183	-0.0274205199	-0.1099569494	-0.0111192958	0.0853171569	-0.0304433387	-0.0432459274	-0.1001303666	0.0712482652	-0.0233080379	-0.0158424933	-0.1012642201	0.046111945	0.087480642	0.0	0.0	-0.0118609176123527	0.0225242060486152	0.000140681366607	0.0005073398581204	0.1374048799852545	-0.0061654703467297	3.801302459640436e-05	0.0188801010437621	0.3958149862146598	-0.0511646760328758	0.0026178240735491	0.1566695033121113	0.0020410009196975	0.0002890041786024	8.35234152497056e-08	4.16568475420604e-06	4.165315143467296e-06	-0.0001599232470137	1.7349850244397983e-11	2.5575444935415368e-08	0.000161995582604	6.11391972183e-05	2.6242568783209385e-08	3.738001436498182e-09	0.0	0.0	0.0
52.62989624859862	0.0264970587142485	0.0007020941205063	2769.905979138255	61.81952051682906	0.1089507016268669	3821.653116930649	0.0118702553849865	53.17567915606075	-0.0372187541081387	2827.652853708314	0.001385235657362	54.488950242199024	51.32002874026856	1.024914	34.056839	0.1018551546936211	0.0478926155820258	0.0278497526	0.0490127607	-0.0345757443	0.0892451501	0.0695160753	0.0188114282	-0.0560527267	-0.0245897923	0.0153651248	0.0129595797	-0.1072519552	-0.0099488092	0.0478465362	0.0762975448	0.0563222279	0.0447048396	0.058951509	0.0434810378	0.1532869065	0.0110338118	-0.0529758071	-0.0299296277	-0.0799151977	0.1253553525	0.0543518705	0.0205642202	0.0250654688	-0.2100462256	0.055420488	0.0552580581	-0.0626179008	-0.2081123546	0.0076772559	0.0629666731	-0.0311650351	0.0076926158	0.0820500246	-0.0331948081	-0.0542837639	-0.0929597515	0.0135558735	0.0848115916	0.0265737235	0.1004090634	-0.0423366264	0.0340527008	0.0733981669	-0.0657158742	0.0228563796	-0.0479257427	0.1226650155	0.0257150681	0.0005774571	-0.0202823809	0.0137993691	-0.0894877419	-0.0805407323	0.0342414355	-0.0048223196	-0.0085143721	-0.0224156694	-0.0607968021	-0.1159188668	-0.0797748155	0.1205746939	0.0384409129	0.1868757775	0.0133366193	0.2299072088	0.0129776054	-0.0910195352	-0.1730044652	0.0227401679	-0.0887338518	-0.0999276651	0.0595606223	0.1775358703	0.0578606944	-0.167018121	0.0183227094	0.098217883	-0.0328901972	-0.0703220078	-0.0112625134	-0.016655647	0.0595020823	-0.0272572845	-0.0400635728	-0.0780763654	0.0548844008	-0.054831194	-0.0011569466	0.0638060606	-0.0493635293	-0.0659973917	-0.1139875373	-0.0077566359	-0.0397780858	-0.0367491722	-0.0619031659	0.0483008883	-0.0655891219	-0.0995149122	0.0195890143	0.0073182262	0.0601440704	0.0484970204	-0.0045494185	-0.0457396139	-0.0251248057	-0.0148946808	0.0738939092	0.037545942	-0.0304712436	-0.0066421333	-0.0316993201	0.0261685395	0.066140013	0.0585714565	-0.074199372	0.0482307271	0.0052576009	0.0126985694	0.1365505573	0.1905376937	0.141636225	0.0301794462	0.1151272687	0.0007682258	0.0880045987	0.0136957854	-0.0046220319	-0.0837240269	0.0119729858	-0.2028450052	0.1675072228	0.1736668162	-0.1698408524	-0.0438195399	0.0212975753	0.0435415368	-0.0174829265	-0.0778799844	-0.0080883906	0.0750324654	-0.00061681	-0.0858867415	-0.0874731321	-0.0568504533	0.0336000029	0.0113559386	0.0119037961	-0.1029375789	0.0650467295	0.02307166	0.1078988126	-0.0470842098	-0.1120887164	-0.0665191116	-0.0335636581	0.0006786785	-0.0606176245	-0.0747376434	0.093687241	-0.0611345993	-0.0176897492	-0.1000954889	0.0510985726	0.0830403428	0.0	0.0	-0.0287195816428464	-0.0168586640304937	0.0008248143697401	0.000284214552893	0.1497392367526515	0.0123343567673969	0.0001521363568654	0.0224218390232666	0.4349840514405869	0.039169065225927	0.0015342156706729	0.1892111250076671	0.00167500946212	-0.0003659914575774	1.3394974701970298e-07	2.8056566981915314e-06	-0.0002424123021207	-0.0002465776172641	5.8763724219457535e-08	6.080052133567418e-08	0.0001047032840496	-5.72922985544e-05	1.0962777690771221e-08	3.2824074736465043e-09	0.0	0.0	0.0
52.73787969324101	0.107983444642393	0.0116604243168367	2781.283954538763	61.61745487226473	-0.2020656445643283	3796.710744935581	0.0408305247131974	53.22494098843907	0.0492618323783204	2832.8943432228216	0.0024267281292697	54.5365504716572	51.02610536511994	1.0135	33.677559	0.0474549342616984	0.0223315559364189	0.0744622647	0.0279322421	0.1143178244	0.0936898922	-0.0286210751	0.0741277989	-0.0267791753	0.0659055604	0.0084027497	0.0071786748	0.0059580796	-0.0810876638	0.1224334504	0.0607911278	-0.1376901957	-0.1644491293	-0.0477355924	-0.0388036331	-0.0669353719	-0.0326937932	-0.0534864777	-0.0320749975	-0.035239213	-0.0302303596	0.0254272231	0.0467350452	0.0459742482	0.0360051913	0.0113080141	0.0185597	-0.025734816	-0.0683111189	0.0273284127	-0.0062896354	0.0149066865	0.0507136218	0.091463272	0.0304868834	0.0865822675	-0.1641350165	0.0348761766	0.0158372884	-0.0200367088	0.1118009517	0.0023946476	0.1011377559	-0.0040374038	-0.0475881485	0.0267553139	-0.1558578035	0.0384381499	-0.0119783611	-0.0358919296	0.0077000261	-0.1540612167	0.1227898139	-0.0982042598	-0.0512037246	0.0489932826	0.0483868674	0.0297607087	-0.0059192123	0.1124045782	-0.1740375841	-0.0623248013	0.0718097965	0.0738850398	-0.1320185936	-0.0004425334	-0.0022584774	0.0210166126	0.104136331	-0.0112105504	0.0782513801	-0.0131728986	-0.0139452836	0.04771039	0.0207410861	0.0138223756	-0.0142181443	0.028391134	-0.0411724756	0.0412813753	0.0750133615	-0.0847521168	-0.0669232503	-0.0310389492	0.1019490544	-0.0234396152	0.0337842687	-0.1708873185	-0.0626025963	0.1380553958	0.0561441676	0.0469826871	-0.017778651	0.0861371616	0.0947956548	-0.0558644107	0.0261811357	-0.0149182293	-0.065027262	-0.1179285271	-0.0485480222	-0.0974243537	0.039023649	-0.0860408564	-0.0270066991	0.0887476555	-0.0255841034	-0.018021055	0.0798996713	0.0675493461	-0.0277551622	-0.0893127416	0.0406807633	-0.0505385853	0.0518979533	-0.0579262396	0.0772388541	0.0064882312	0.0344724118	0.0974895937	-0.0011531591	0.0718377211	-0.0125208857	-0.0352242991	-0.0640662745	-0.0687446353	-0.0192390873	-0.0272852937	-0.0039412545	0.045550959	-0.0797211948	-0.009905029	-0.0105496279	0.0493634848	0.0938418589	0.1144457796	-0.1289353616	-0.0305804441	-0.0243458353	-0.1099733374	-0.0091581704	0.0026959228	0.0667317493	0.0496564768	0.079610879	-0.0893021909	0.1343067989	-0.015112673	-0.0113491527	0.0878401703	0.0147210353	0.0433744674	-0.0240161418	-0.0730719215	0.0294967304	0.1506033583	0.0689612107	0.1683706422	-0.0285041722	0.0236591182	-0.0076247052	0.0101690567	-0.0195314949	-0.0988020511	0.0559419782	0.0781863408	0.0	0.0	-0.0222928572968896	0.0064267243459568	0.0004969714864594	4.130278581891385e-05	0.1426455620297133	-0.0070936747229382	5.03202210748524e-05	0.0203477563667727	0.4421222287574764	0.0071381773168895	5.095357540735632e-05	0.1954720651614783	0.0016549981831338	-2.0011278986199928e-05	4.004512866635268e-10	2.739018986176179e-06	-3.616962449282113e-05	0.0002062426776278	1.3082417359516862e-09	4.253604207511716e-08	-0.0002049699168546	-0.0003096732009041	4.201266681538164e-08	9.5897491358253e-08	0.0	0.0	0.0
52.79625120830674	0.0583715150657297	0.0034072337710687	2787.444141650631	62.04828686147303	0.4308319892083005	3849.989902443647	0.1856162029251812	53.20838228485288	-0.0165587035861918	2831.1319453710457	0.0002741906644553	54.51854515666194	51.38226949249572	1.010027	33.562138	0.1007414240260319	0.0580671147409201	0.1152145822	-0.0708077326	0.0524942449	-0.080215846	0.0907957651	-0.0547044498	0.0212220137	-0.0035845117	0.0819856311	0.1197833809	0.0535220151	0.1176127276	0.0338304137	-0.0951890399	0.0638931567	-0.0009696125	8.11345e-05	0.0357492055	0.0280134116	-0.0642063535	0.0799224083	0.0378126194	0.0601452221	-0.0571245374	0.0448444437	0.0197741302	-0.0979571115	-0.0407119559	-0.0066017138	-0.0345289761	0.0632836321	0.0625010632	-0.0353708206	-0.0896530287	0.0092643015	-0.061342639	-0.0186278063	0.0372175925	0.0638033631	-0.1397867173	-0.0188436233	-0.0655784068	0.0478076893	-0.1436586133	-0.0082936541	0.089370447	0.0701706554	0.0667351258	-0.1282887248	0.0842626654	-0.0479237218	-0.0704311263	0.00132989	0.1002888881	0.1108307882	0.0763688454	0.1337804054	0.0834198997	-0.1005263169	0.0116630948	0.1330156186	-0.0040697796	-0.0758884473	-0.0333248018	0.0264792689	-0.0178677449	0.0205865568	0.0254658619	0.0778687354	-0.0738367388	-0.0098098897	0.0459276156	-0.0091741778	-0.1883401193	-0.0182681913	0.0756747049	-0.0988309733	0.0693819829	0.126659646	0.0083927124	-0.0984436943	0.0366616961	0.2125871625	-0.0445542845	0.0005307057	0.1669674507	-0.0409284523	-0.007971263	0.1012966571	0.0082739758	0.1322997048	-0.0118711294	-0.0106640568	0.1139936849	-0.0351121479	0.2128597598	0.0119317399	-0.0800245619	0.0260836093	-0.0694355357	0.0196742442	-0.0131846443	0.0101729445	0.019147615	0.0012001815	-0.0211074694	0.0613727179	0.0227932367	0.0722308521	-0.0731068496	0.0266936242	0.1433420348	-0.0285521993	-0.0054498186	-0.0913954576	-0.2500259983	-0.0942962197	-0.0233032359	0.0087375186	-0.0134370303	0.0356350314	-0.0400767849	0.0225368418	-0.0042662065	-0.0356421655	-0.1282462863	-0.0269841072	0.0143475896	-0.0540374329	-0.1075963621	-0.0378070074	0.1783606742	0.1018612515	0.0823294268	-0.0320645637	0.0502276588	0.0619215377	-0.0565006125	0.012190324	0.2191145589	0.1110817986	-0.0979785673	-0.0357472164	0.0681182167	-0.0870919066	0.0276319719	-0.1014718132	0.0459160935	-0.0206465348	0.02052319	-0.0554844824	-0.0334304244	-0.1198518737	0.105178635	0.0182664838	0.0330308321	-0.0491651632	-0.0639623116	-0.0059017262	-0.0398915392	-0.0382349458	-0.0287318601	-0.0371848813	-0.0198508255	0.1176320838	-0.0213671566	-0.0973855183	0.0606285865	0.0729428184	0.0	0.0	-0.0120649296411698	0.0102279276557198	0.0001455625272463	0.0001046105041306	0.1417302647195129	-0.0009152973102004	8.377691660600918e-07	0.0200874679374632	0.3897932145786242	-0.0523290141788522	0.0027383257249305	0.1519387501315373	0.0021560030135505	0.0005010048304166	2.5100584010086613e-07	4.6483489944388364e-06	-7.399880500602585e-05	-3.782918051320472e-05	5.475823142319836e-09	1.4310468983006275e-09	1.5797698406853735e-06	0.0002065496866952	2.4956727495390903e-12	4.266277307392055e-08	0.0	0.0	0.0
52.75250934512052	-0.04374186318622	0.0019133505950019	2782.827242207028	61.80703083451811	-0.2412560269549217	3820.109060579072	0.0582044705420739	53.29254148697712	0.0841592021242405	2840.0949781411778	0.0070827713021887	54.569402856108326	51.89744032422701	1.019506	33.877113	0.051000817494613	0.0330846942085116	0.1057514548	0.0935292317	-0.0562512606	0.0045436854	-0.0061893677	0.0049803969	-0.024884797	-0.0895846625	-0.0107645816	0.0687120917	-0.1099759682	-0.0381254618	0.0998715774	0.0354674948	0.0397608601	0.0602794612	0.0380265267	-0.0081533241	0.0152137234	0.010336907	-0.0130396779	0.0039182058	-0.0165981306	-0.0716204115	0.0053152879	0.0606333608	0.0104946425	-0.0706754161	0.0200925589	0.0461762192	0.0087244094	0.071636787	-0.1348242531	0.135617155	0.0864482269	-0.040940128	-0.0137617702	0.0957822295	0.013694946	0.052713453	-0.0026034838	0.102709467	0.0444464029	-0.0939467853	-0.1418304743	-0.010332969	0.0135454498	-0.1438367367	0.0643294277	-0.094004957	-0.0457328436	0.0446771601	0.0163675362	-0.0516507923	-0.099403852	-0.0707990234	0.0585993761	0.0006406256	-0.1166506566	-0.005190087	-0.0540532907	-0.0047744617	0.0475226613	0.0451587492	0.0630459631	0.007684544	-0.0092650617	0.2434395839	-0.0530753298	-0.144123329	0.0667906498	-0.0524079254	0.0180728899	0.0306917659	-0.0636765473	0.0308943117	0.0177341841	-0.0405323894	0.1631347171	-0.0165446715	-0.0980175641	-0.0342471413	-0.1316125839	-0.0406435956	0.0203027532	-0.1014284907	-0.0922064331	0.0180111891	-0.0768187189	0.1590936668	0.0769916564	0.0036032052	0.0400779378	0.0810098821	-0.0726419248	-0.0818092926	-0.0712807464	-0.0445595328	0.0288296367	0.0608959124	-0.1126439023	-0.0460443032	-0.0335058409	-0.0067812201	0.0089113795	-0.0812733798	0.0056215784	0.0835480054	-0.1363182085	0.0012117685	-0.0620739336	-0.057777617	-0.021165274	0.0532244636	-0.0811077524	-0.0062068397	0.0346715097	0.1278751376	0.0061952098	0.0514918554	0.080808678	-0.0606344746	-0.0257355968	-0.1093545749	0.0412729574	-0.0554245896	0.0056318159	-0.0109158952	-0.0500634473	-0.0693856491	0.0341609392	-0.0248573004	-0.0136997535	-0.0449590967	0.1927082295	0.1233550963	-0.090256995	-0.0151042454	-0.0887635772	0.0016934368	-0.0221346597	-0.0984889956	-0.075236118	0.0691221321	0.0465413086	-0.0219361642	-0.0155249226	-0.1384202495	0.0353567473	0.0200638974	0.0043048933	0.0179758977	0.0254405672	0.0672100457	0.0353029686	0.0537631578	-0.0420474052	-0.0037147137	0.0015843797	0.0304327773	-0.023767643	-0.0402217031	-0.1110822314	-0.1270937024	0.0780098096	-0.0231961626	-0.0958476552	0.0651452616	0.0673358985	0.0	0.0	-0.024400975142143	-0.0123360455009732	0.0005954075878874	0.000152178018602	0.1427442937179961	0.0010140289984832	1.0282548097648678e-06	0.0203759333890495	0.3929697513972598	0.0031765368186356	1.0090386160147653e-05	0.1544252255132241	0.0015529992121654	-0.000603003801385	3.636135844848808e-07	2.4118065529863533e-06	-0.0001440112152064	-7.001241020037415e-05	2.0739230105224053e-08	4.901737582065454e-09	-1.488814210426077e-05	-1.6467911944946143e-05	2.2165677531666226e-10	2.711921238264999e-10	0.0	0.0	0.0
52.72485671506957	-0.0276526300509516	0.0007646679487347	2779.910515624617	61.88902172342047	0.0819908889023608	3830.2510098820103	0.0067225058629992	53.21744399098955	-0.0750974959875705	2832.0963449341098	0.0056396339036031	54.52153657808884	51.50233333458237	0.977482	32.480698	0.0450352387878491	0.0252910427126721	0.0558781332	0.1113986117	0.0917898009	0.0224758258	-0.0133403377	0.0476855718	-0.0382999086	0.0772500354	0.0394386604	0.0621578086	-0.009667634	-0.0555923117	0.0107168003	0.0508221702	-0.1292211317	-0.0275988299	0.0524467659	-0.0064243915	0.0071246899	-0.0349483321	-0.0955307777	-0.0325820893	0.0174136855	0.0332473558	-0.0373124457	-0.0983420004	0.00217119	0.0263274196	-0.0827418095	0.0907876589	-0.050216139	0.0080171525	0.0435042211	0.0809036412	0.0205281419	-0.0216182835	0.0145177867	-0.0089090128	0.0835028872	0.0341295531	-0.0720871992	0.0101069279	-0.0141823993	-0.0943434092	0.0532009979	-0.1053093137	0.0583781408	-0.2618880234	0.0651220958	0.0382397948	-0.0862916274	0.1008006171	-0.0465064558	0.0692951745	0.1256740665	0.0339132069	0.0448592215	-0.1276181383	-0.0001160244	-0.0408258922	-0.0965655971	-0.0111409951	-0.0091260367	-0.0327824463	0.0733903667	0.0511357959	-0.2420682261	-0.0473662333	0.0355751642	-0.0006977872	0.0619087559	0.0153043426	-0.0003306451	0.101031569	0.0254913632	0.0430448451	-0.0127747229	0.137360646	-0.1377449281	0.052137983	0.0150456894	0.0412097758	-0.0561077023	0.046164945	0.099383715	0.0575454814	-0.0085461848	0.0337549865	-0.0382872018	0.0820511341	-0.0147084655	0.0170122323	0.0555563339	0.0064024131	-0.0356191194	0.0543490424	-0.0564538573	0.0448891108	-0.102119959	0.1626250386	-0.0673827285	0.0263734543	0.0444441441	0.0620382209	0.0871625231	0.0139523375	0.1161969182	0.2452729414	-0.0275286637	-0.0101024866	0.0119441205	-0.0633865079	0.0183136788	-0.1350139135	0.0264048716	-0.089781425	0.0602427213	-0.1131627269	-0.082588348	-0.0117970839	-0.0662684802	-0.0198556143	-0.116179966	-0.1028526821	0.0748841827	0.033565449	0.0691854364	-0.0759968783	0.0912568271	-0.0134933678	-0.0032953101	0.0639806485	-0.1145840821	-0.0236445563	-0.0790282981	-0.1253230397	0.0189410948	-0.0098781292	-0.0624304253	-0.0381080479	-0.1008841829	-0.0724830236	-0.0961754537	0.0499037017	0.0545392984	-0.0468495219	0.0111870627	0.0926788145	-0.0156139413	0.107102947	-0.0902046235	-0.1113967654	0.0412114195	-0.0348392915	-0.0058980962	0.0303617312	-0.1194132125	0.0348829758	-0.0184640003	0.0949055839	-0.0568988562	-0.0731288649	-0.0769947961	0.0505688644	-0.1276689241	-0.0250179432	-0.0941903779	0.0694793439	0.0613935146	0.0	0.0	-0.0267145283094976	-0.0023135531673545	0.0007136660227989	5.352528258176494e-06	0.1400365762151949	-0.0027077175028011	7.331734074975901e-06	0.019610242678074	0.4144884130998676	0.0215186617026078	0.0004630528014712	0.1718006445940465	0.0017310016719977	0.0001780024598322	3.1684875706349535e-08	2.9963667884588327e-06	1.40164588837699e-05	0.0001580276740901	1.9646111964041212e-10	2.4972745778348957e-08	1.8987852274981423e-05	3.387599437924219e-05	3.6053853401651717e-10	1.1475829951824484e-09	0.0	0.0	0.0
52.69307894866062	-0.0317777664089504	0.0010098264379418	2776.560569089781	62.143582647497006	0.2545609240765358	3861.824864266291	0.0648012640666998	53.37008424341326	0.1526402524237085	2848.365892149028	0.0232990466599734	54.72886113264244	51.63132078050505	1.013822	33.68824	0.0684746206562429	0.0340982337466344	0.0305762995	-0.0077923426	0.0384884378	-0.1794796465	0.0714819597	-0.0656292229	-0.0556886601	0.0541952215	-0.0595091041	0.120445067	0.0957678787	0.0236097793	0.0132229617	-0.0718257817	0.0091629983	-0.0580281114	-0.1235521059	-0.0107796878	-0.0506953328	0.0337672368	-0.0290847652	0.0289029768	-0.0789895072	0.0039096675	-0.1010914769	-0.0812414633	0.0448115098	-0.0124401326	-0.2031900844	-0.1268033485	0.0885718851	0.0292398763	0.0207288896	0.0043529246	0.1235585471	0.0360180416	0.0857541857	-0.0534915234	-0.125621246	-0.0560674453	-0.0062874946	-0.0845596078	0.0026566766	0.0702954778	0.1582579336	-0.0344674342	-0.0219920763	-0.0200089189	0.0230218078	-0.0681866948	0.0187815285	-0.073252083	-0.1005114651	0.0809737829	-0.1660565974	-0.0241403726	0.0666790668	0.0851248621	-0.0293926749	0.0879725135	0.0671555804	0.1497073955	0.0393567691	0.1193755676	0.0030719285	0.0725467637	-0.0337581282	-0.0254966797	0.0329246779	-0.1020165889	-0.03015798	0.0386650595	0.0441424128	-0.1017941786	-0.0711382184	-0.0046612163	-0.0692918974	-0.0940330008	-0.0418220388	-0.0069807455	0.0850791265	-0.0464701443	-0.0759808435	0.0503655477	-0.0080068874	-0.11362442	-0.1216546076	0.0560781648	0.0705820113	-0.0994881706	-0.0684265017	0.0320566756	-0.037022503	-0.0214217443	-0.0105511333	0.0411511706	0.0645565238	-0.0113468058	-0.0576201775	-0.065133159	-0.0352072382	0.1321600074	-0.0506308963	0.046192999	-0.0244603601	-0.0087116052	0.0013787743	-0.1006943239	-0.0459956559	-0.1315852248	-0.1475336034	0.0750608839	0.0008801617	-0.0367651828	-0.1728870004	0.1144772584	0.0599814904	-0.0006978293	-0.0120744229	0.0671998545	0.0325417942	0.0438978142	-0.079045744	-0.034564704	0.025461107	-0.0175067872	-0.0537325167	0.047094577	0.0702341555	0.1623714324	0.0605449433	0.0070505163	0.1744320741	0.0281278211	-0.0264689327	0.0915045277	-0.0549253282	-0.0204060147	0.1131138025	0.0938681428	-0.0781078533	-0.0768379407	0.0288713476	0.0397172414	-0.076558994	0.0509692176	0.037163104	0.1492446275	0.0586158892	0.0465159304	0.0200139812	-0.0262014161	-0.0792582483	0.1421388446	-0.0710963136	-0.0204750571	-0.0273340421	0.0258380291	-0.0324010162	-0.0642809996	-0.0181777179	0.0298501368	-0.011655189	-0.0686908995	-0.0455611041	-0.0268319309	-0.0924157511	0.0736186857	0.0551452713	0.0	0.0	-0.0412268071291777	-0.0145122788196801	0.0016996496260664	0.0002106062365401	0.144212177216005	0.00417560100081	1.7435643717966103e-05	0.0207971520573804	0.3879791981076721	-0.0265092149921954	0.0007027384795024	0.1505278581642722	0.0019730067213006	0.0002420050493029	5.85664438880992e-08	3.892755522297345e-06	0.0001464291211794	0.0001324126622956	2.1441487529371405e-08	1.7533113136216578e-08	-7.214495299763253e-05	-9.113280527261397e-05	5.2048942430306074e-09	8.305188196856174e-09	0.0	0.0	0.0
52.61148997834504	-0.0815889703155789	0.0066567600771564	2767.968877741501	61.73600946106277	-0.4075731864342344	3811.334864176432	0.1661159023001552	53.25726443070632	-0.1128198127069382	2836.336214642177	0.0127283101392286	54.58011272989437	51.89234469485687	1.038712	34.515339	0.0518381822170931	0.0287745487940723	0.0075259887	0.0583117088	-0.1397470313	-0.0939847599	-0.1539777685	-0.0569662955	0.072622149	0.0021386428	0.0098939693	0.0466519022	-0.0547223859	-0.0633292019	0.038661135	-0.0260807198	0.0417200148	0.0818868576	-0.0099137218	-0.0038492388	0.067317125	0.0632188264	0.1692350546	0.010031191	-0.0549280381	-0.0677038543	0.0814449809	0.0259035149	-0.0759531298	0.1668944842	-0.1585411566	-0.0990747222	-0.0640908168	0.1050137653	-0.2151693904	0.0863710945	0.0827842865	0.0266455011	-0.0450470564	0.0649682693	-0.0550605895	0.0409289949	0.1531426597	0.0748074459	-0.0074222259	-0.0998155682	-0.0446899991	0.0434376399	-0.0962627188	0.0455959311	0.027268539	-0.1759926702	0.0075175423	0.0649343474	0.0160542997	0.0745463127	0.0168966182	-0.0611307782	0.1738294125	0.0496243159	0.0276998316	-0.0600606716	-0.0085189749	-0.1115601781	-0.1050503872	-0.0558909567	-0.0374998048	-0.0476704213	0.0446295652	0.1326383843	-0.0205959762	0.0342636626	-0.0385992675	-0.0045705281	-0.1432878451	-0.0999391333	-0.0383891999	-0.0021262906	0.0206987375	-0.036788774	0.055228813	-0.0594858179	0.1509618918	-0.0825990199	0.0355152737	-0.0724970818	-0.0181181165	0.0626362019	-0.096810119	0.038302987	-0.0902748509	0.0955470745	0.0850903971	-0.0129898516	-0.0733217415	-0.0594335756	-0.0868834964	0.0288584514	-0.0410741093	0.0155493577	0.1912275302	-0.0115787386	-0.1810793623	-0.1047899954	-0.1074745626	-0.0248679888	0.0140455033	-0.0386134552	0.0130287103	-0.1480858452	0.0508080508	-0.043029701	0.0647938449	-0.0385527795	0.0661213243	-0.1434257659	0.1002456269	0.039296561	-0.0780944989	0.1128404388	0.0280212426	-0.0313311633	-0.0698713655	-0.0168328707	-0.0508280861	0.091137679	-0.0956447192	0.0382381184	0.0092366183	0.0756139274	-0.0531530195	-0.0360952671	-0.1033469079	-0.0119637564	0.0134040638	0.006077969	0.0027505242	0.0718933789	-0.0346111191	-0.0556021884	0.0161438041	0.0605040554	0.031167701	-0.1038256125	0.0257128604	0.0377345693	0.017506968	0.0010233489	-0.0071585875	-0.1194989307	0.0948100443	-0.0694043968	-0.0024097596	0.0442507028	-0.0261590713	-0.0465962484	-0.0235444435	0.0304517164	-0.0610606328	0.2216861581	0.0051862635	0.0022695571	0.0365029674	0.0822950336	0.0479837322	-0.0952374804	0.0653238516	-0.0286375605	-0.0905259858	0.0775516848	0.048622297	0.0	0.0	-0.0329593728905877	0.0082674342385899	0.0010863202613408	6.83504688894102e-05	0.1427982771222957	-0.0014139000937092	1.999113474991128e-06	0.0203913479490959	0.3628982687279816	-0.0250809293796905	0.000629053018549	0.1316951534457663	0.0022340063446401	0.0002609996233394	6.812080338336079e-08	4.990784347892222e-06	0.0001018794650258	-4.454965615359998e-05	1.0379425393943206e-08	1.9846718634039888e-09	-0.0001081140436066	-3.5969090608967467e-05	1.1688646424969806e-08	1.2937754792361115e-09	0.0	0.0	0.0
52.56885114151039	-0.0426388368346479	0.0018180704066117	2763.4841103382787	61.97741540828785	0.2414059472250755	3841.200020691476	0.0582768313556359	53.26574392149434	0.0084794907880194	2837.2394755102114	7.190176402410691e-05	54.61053535394501	51.05335342214707	1.013675	33.683384	0.1353004934742762	0.0747204532356294	-0.0216463522	0.0734600901	0.0303710408	0.0180986027	0.013510387	-0.0132920014	0.0154092391	0.1213060523	0.0219393251	0.0420727279	-0.0135396553	-0.0457503279	-0.07568579	0.0022856977	-0.0463748668	-0.0080293437	-0.0175836807	0.0117891985	0.0028044122	0.070707801	0.0276034334	-0.0467464473	0.0284002933	0.0232666707	-0.1359496044	0.0617626731	-0.0126085722	0.001046	0.0751997573	-0.01827181	-0.112957613	0.0583281803	-0.0272145198	-0.0982231211	0.060973061	0.0306141218	0.0193539324	-0.005398875	-0.0501801992	-0.0447486325	-0.0622554303	0.0898562431	0.0208688459	-0.0341656419	-0.0323639248	0.0104015879	-0.0295162943	0.0151730917	0.007810581	-0.0421408251	0.0024141619	0.0286998806	0.0196563798	-0.0358539512	-0.1104331854	-0.0506527237	-0.1259586951	-0.1878679071	-0.0083099149	-0.0768745887	0.0121822702	-0.0419438609	0.0787206147	-0.0150642425	-0.121192603	0.0233729114	-0.0244251842	-0.0535260572	-0.0632198419	-0.0496825144	-0.0905274801	-0.017189559	-0.0541989384	-0.0004210139	0.1190852334	-0.0421169622	-0.0429456766	-3.29956e-05	0.0241857022	-0.0270914887	-0.031164392	0.0025523799	-0.0550928816	0.0344338837	-0.0440452771	0.0706559797	-0.0399150176	0.0145851044	0.0003391956	-0.0739124459	0.026333163	-0.0600413917	-0.014651895	-0.0330607702	-0.0162621304	-0.0636182026	0.0154464962	-0.0336833651	-0.0798597476	0.0468830933	-0.0583918949	0.0185405816	-0.0820083678	-0.0032988127	0.0339109796	0.0824038832	-0.0772269242	0.0791456019	-0.0018064426	0.0230158526	0.0048475202	-0.0510632221	-0.05821239	-0.0587356415	-0.0368593028	0.0162704206	-0.0273261388	0.0427153879	0.1291462335	-0.0674345991	-0.0361227332	-0.0463060644	0.0871849086	-0.0789653322	-0.0943302625	-0.0364123201	-0.0446552062	-0.0717945948	-0.055528058	-0.0253063461	0.1251211588	-0.0394673009	-0.05576484	-0.1135056151	0.0504816116	0.0271846593	0.1139913854	-0.0607825545	0.1289767419	-0.0357082814	-0.0031303927	-0.023226197	-0.0133411223	-0.0030725376	0.0819680174	-0.0204012251	-0.0189061501	0.0386408226	-4.04779e-05	0.0493792969	-0.1161384896	0.0401146038	-0.1042011605	-0.0009523243	0.0288370848	-0.0606696734	0.1213274663	-0.0188540489	0.0730633964	-0.0347268882	-0.0557643191	-0.0135344734	-0.0310809878	0.0766059806	-0.0391879919	-0.0304342698	-0.0885234364	0.0812673177	0.0418570888	0.0	0.0	-0.0464945763241075	-0.0135352034335197	0.0021617456275582	0.0001832017319867	0.1728307221943339	0.0300324450720382	0.0009019477570049	0.029870458534215	0.4284811455474298	0.0655828768194481	0.0043011137319149	0.1835960920896377	0.0017150075437139	-0.0005189988009262	2.693597553628335e-07	2.9412508749955847e-06	0.0001039052806883	2.025815662499994e-06	1.0796307354914408e-08	4.103929098430289e-12	-0.0001100887900033	-1.974746396699999e-06	1.2119541684390685e-08	3.8996233312796295e-12	0.0	0.0	0.0
52.574898540018914	0.0060473985085209	3.657102872086183e-05	2764.119956493283	61.85630160111647	-0.1211138071713762	3826.202047768284	0.0146685542875452	53.35275095877563	0.087007037281289	2846.516034869134	0.0075702245364676	54.70491247403486	50.94550277271479	0.993558	33.014908	0.0897214241464376	0.0420272576516015	0.0140080165	-0.0551283189	0.0226233537	-0.0988300216	0.067048971	-0.0704688965	0.0153255386	-0.0097163656	-0.0514180451	-0.0002241879	0.0613612754	0.096486667	-0.0596423316	-0.0494560751	-0.0299509358	-0.1223456685	-0.1074132605	-0.0277402454	0.0121230591	-0.062156203	-0.0110883394	-0.0655701386	-0.0338700022	-0.0463429337	0.0083016202	-0.0567737495	-0.0878789681	-0.0818071021	-0.0389280393	-0.0240451678	0.0010770027	-0.0149944962	-0.0834552645	0.06081023	0.0789613401	0.013380752	0.0062251296	-0.0400516519	0.1235955954	0.0176626022	0.0567465585	-0.0315360802	0.1203896377	0.0040774495	-0.1139881738	-0.0919237765	-0.0561003506	0.1258363873	-0.1053596282	0.0367758783	-0.0959749468	0.0091468316	-0.0289662361	-0.0178590948	0.0375821931	-0.0752476949	0.129946552	-0.205049543	0.1749131208	-0.0466675836	-0.131257648	0.0856932484	-0.090364638	0.0044548554	-0.1065963902	0.0908009669	0.2178290498	0.011978144	-0.1190233764	-0.023210507	0.0326874465	0.0236591789	-0.0043230023	0.0181285573	0.0431094335	-0.0538116038	-0.0084997393	-0.105031712	-0.1665436056	0.0163853187	-0.0646782385	-0.0315239025	-0.092672264	0.0654193917	-0.0640707111	0.0884529635	-0.0351832699	-0.0304907201	0.1321590334	-0.1328985687	-0.0351037363	-0.097209264	0.0745035733	-0.0276051001	0.0325936058	0.107446563	-0.2650953861	0.004072277	0.057450964	-0.0779945568	-0.015214253	0.0285035227	-0.0359813829	0.0581816997	0.1666084461	0.0315273574	0.1314129408	-0.0901564418	0.0473926477	0.075240122	-0.1537991927	-0.0873812065	0.046586536	-0.0533192819	0.0265627096	0.0586631845	-0.026386797	-0.0326560016	0.0195159171	-0.130092239	0.0103105352	0.0304007886	-0.0235539831	-0.0641853497	0.0016962942	0.0313638195	-0.177720032	-0.0844156116	-0.0972711984	0.0895827591	-0.0104088559	-0.1371988879	-0.1641711751	-0.063555193	0.0978494419	-0.0270179104	0.0668286105	0.0334215604	-0.0863535123	-0.0345066221	0.0776438257	-0.0697523776	0.0615862028	0.0140595974	-0.0605422165	0.1005418587	0.0180577867	0.1349411758	0.0085110083	0.0437714288	-0.061535554	0.0476442954	-0.0625218878	0.1091218213	-0.0153426871	0.0178226184	-0.0049954163	0.0165068113	-0.0384982768	-0.1409586141	0.0043251171	0.0375110421	0.1199025891	-0.1210451988	-0.032020818	-0.032221499	-0.0864105979	0.0847551701	0.0348833508	0.0	0.0	-0.0292035103470595	0.017291065977048	0.0008528450165908	0.0002989809626226	0.1413882321784427	-0.0314424900158911	0.0009886301783994	0.0199906321985452	0.408495813460533	-0.0199853320868967	0.0003994134986235	0.1668688296147825	0.002026002307408	0.000310994763694	9.671774304514905e-08	4.10468534962254e-06	2.1915893317681068e-05	-8.198938737061893e-05	4.803063799119776e-10	6.7222596414094065e-09	-8.302221973598492e-05	2.7066570267315078e-05	6.892688969890164e-09	7.325992260355043e-10	0.0	0.0	0.0
52.54056407071959	-0.0343344692993241	0.0011788557820662	2760.5108728693904	61.61257161627282	-0.2437299848436538	3796.108981170347	0.0594043055118877	53.10938340249146	-0.2433675562841699	2820.6066053928357	0.0592277674517286	54.40027927245149	51.33469075973871	1.02784	34.154057	0.0549833754779669	0.0299850197413677	0.0061954554	0.0322410931	-0.119536574	-0.0646365623	-0.1421577129	-0.0249028065	0.0741590052	-0.0449745526	-0.0028346954	0.0107990493	-0.0725611614	-0.0308775065	0.0470896389	0.0345553751	0.0193186548	0.1203690714	0.0534109989	0.0059063265	-0.0167165365	0.046006482	0.0338103707	-0.0605737728	-0.0499188247	-0.0313860364	-0.114460557	-0.0876888489	-0.0028187463	0.0446188689	-0.0619249658	0.0023369244	0.030523789	0.0310551428	-0.0692067986	-0.0854623133	-0.0296960171	-0.0252427877	-0.0159470481	0.1195999482	0.0019860536	-0.0424891928	-0.1093276559	0.0036411772	-0.0444596821	-0.0380812277	0.0085216111	0.079478506	-0.0442182987	-0.0003956935	0.0951866013	0.0707995224	0.1337621048	0.2052220828	-0.097327928	-0.1168594283	0.0383914939	0.0759854018	0.0843861447	0.0639584308	0.1729935687	-0.0404947885	-0.0061203376	0.0397828625	0.1366091652	-0.0728734422	-0.0091054846	-0.1797030077	0.0522043893	0.0400253235	0.0921099217	-0.0868569738	0.1574276431	0.0853497277	-0.0869556347	-0.0260113203	0.0167419468	-0.0501950548	-0.1040197458	-0.0488940078	0.0844378211	0.0717485167	-0.0010153695	0.1121404744	-0.0408754293	0.0978498632	-0.0420044332	0.0246493568	0.00264077	-0.0009267846	-0.0514307267	0.1308565573	0.0314528566	-0.0164381269	-0.0679951784	0.0768709024	0.018303246	0.0079921129	0.0978329827	0.0124672009	-0.0010495958	0.0072065579	-0.0196589513	-0.1095185396	-0.0515215007	0.0836470402	0.045353728	-0.1225023579	-0.0275786451	0.0099870216	0.0423039022	0.1366143092	0.0622393834	-0.0990888129	0.0224617512	-0.047331594	0.0965696192	0.104774103	-0.0627230815	0.0496308212	-0.0616477925	0.009216912	0.0257806719	0.0146634059	0.0544675579	0.007529847	0.0080290026	-0.1531009596	-0.0759595407	-0.0810293294	0.0535905795	0.1316058731	0.0220654665	0.1547667475	-0.029404859	0.0595962017	0.0108547677	0.0575997743	0.0038246278	-0.0158724135	-0.0867098429	0.2172577701	0.0631035358	-0.0822211177	0.0373453791	0.0035627787	0.081044175	-0.0463860792	-0.066529189	-0.0487024467	0.1043866104	-0.004851993	-0.0576224368	0.0642882515	-0.0168138443	-0.1050615832	-0.0457847486	0.0381111378	0.0062291661	-0.1022096462	-0.0599347759	-0.055663666	0.0726634025	0.1474968834	0.0130990873	-0.0094443672	0.0391963656	-0.0339986915	-0.0841901024	0.0880054659	0.0277358257	0.0	0.0	-0.0292429856605451	-3.947531348559921e-05	0.0008551522103428	1.558300374786331e-09	0.1540615606597271	0.0126733284812843	0.0001606132547945	0.0237349644729107	0.3850802373454698	-0.0234155761150631	0.0005482892048003	0.1482867891940433	0.0022830031376165	0.0002570008302084	6.60494267278582e-08	5.212103326366783e-06	-7.807184160313341e-05	-9.998773492081448e-05	6.0952124513047526e-09	9.997547134595065e-09	-6.291087350262375e-05	2.011134623336117e-05	3.957778004863127e-09	4.0446624731813037e-10	0.0	0.0	0.0
52.44186431487311	-0.0986997558464821	0.0097416418041551	2750.1491328195616	61.56003138068672	-0.0525402355860933	3789.6374635911343	0.0027604763554421	53.20161543513191	0.0922320326404531	2830.4118849076663	0.0085067478449896	54.48299131600111	50.91996895406336	0.979404	32.544594	0.0699735013326243	0.0373259099022192	-0.0273408932	0.0727077754	-0.0553531547	0.0385433425	0.0831977654	-0.1190562756	0.0115171692	-0.0500569718	-0.1081915128	-0.0146516026	-0.0477654562	-0.0484465205	-0.0751966288	-0.0092308201	0.056380588	-0.090989338	-0.0742371989	-0.0643811199	0.0513934925	0.0288033259	0.0943540441	0.0199587239	0.0040248262	0.0924749838	-0.0914869147	0.0595895128	0.0625544268	-0.0813844391	-0.076175631	-0.0741122324	0.0022122213	0.0020165445	0.0329586796	0.0257429956	-0.0399007998	-0.1648902319	0.0288945319	-1.26178e-05	-0.0675054991	0.0171766912	0.0035505068	0.0170252689	-0.0551552584	-0.1147487269	0.0461048043	0.0076191	-0.0808635133	-0.0151983033	0.0751317274	-0.0999710494	-0.1421636498	0.03234862	-0.0106320076	-0.0442169331	-0.0212409646	-0.0574362526	0.0675042618	-0.0790984825	0.0523328288	0.0629843836	0.0602619921	-0.0037103198	0.030645109	-0.0257494257	0.1200154897	0.0717302528	-0.0617236942	0.0806975889	0.0067846041	-0.0049138422	0.0059119352	-0.0111834732	0.0117145729	-0.0112470249	-0.0377880332	0.0271212354	-0.0744462184	0.0488986766	-0.0586065584	-0.1313187126	0.0305092243	0.0187865346	0.1226435118	0.0455322374	0.0344782847	-0.0501731257	-0.0002846585	-0.0410524439	-0.1158486016	0.0084098795	0.0720444418	0.0573695272	-0.1137098691	-0.0050617274	-0.0424458606	0.1171037836	-0.0493424386	-0.1040712116	-0.0303556646	0.1523427073	-0.0785194736	0.0374706361	0.0070520568	-0.0230887076	-0.0925520555	-0.0432246307	0.029304035	0.0047024389	-0.0441443195	3.22892e-05	-0.0420934247	-0.0351430745	0.1397176987	-0.0535346962	-0.0098953059	0.0290747295	0.1377421922	0.0743460025	0.0266640657	-0.0047741362	0.0549298727	0.0279418692	0.0244244422	-0.0333493795	-0.0306495701	-0.0172419234	-0.0576163279	-0.0281589169	0.0110062172	-0.0144694929	-0.0422414782	0.1248677934	-0.0030054973	-0.0176798076	-0.0424849075	-0.0212107694	-0.0902074632	0.0464087578	-0.0305481877	-0.0508499604	0.0348660299	-0.0499756758	-0.0029934072	-0.0768298303	0.1307997264	0.0003126691	-0.0181859084	-0.0324285639	0.093048938	0.0622674575	-0.0052242221	0.0263563199	0.0321767795	0.1259626662	0.0184888202	-0.0477175895	0.1090812159	-0.0652364272	0.0022367487	0.0598983159	-0.0777328448	0.0860011794	-0.0618589817	-0.0837316377	0.0684210221	-0.0357652936	-0.0818647166	0.0910090951	0.020450122	0.0	0.0	-0.0354705538988042	-0.006227568238259	0.0012581601938879	3.878260616217354e-05	0.1551434414891588	0.0010818808294316	1.1704661290918172e-06	0.0240694874371	0.418846420727796	0.0337661833823261	0.0011401551402088	0.1754323241564858	0.0020290085957823	-0.0002539945418341	6.451322728156514e-08	4.116875881758461e-06	5.67443022312375e-05	0.0001348161438343	3.219915835710025e-09	1.8175392638369784e-08	-0.0002520575654862	-0.0001891466919835	6.353301631883e-08	3.577647108832986e-08	0.0	0.0	0.0
52.42717432264379	-0.0146899922293144	0.0002157958716973	2748.6086074568807	61.32643341184496	-0.2335979688417637	3760.9314350174536	0.0545680110469976	53.14819175110766	-0.0534236840242527	2824.730286412508	0.0028540900147232	54.41105794562152	50.85711196102135	0.962684	31.988993	0.0776064523133647	0.0391000576906177	-0.0657310368	0.0764266378	0.025896932	0.0697082069	0.0307616926	-0.0556351989	0.0480217021	0.0702283845	0.0226079724	-0.1316606419	0.0104600466	-0.0435667541	-0.0904557387	0.0512744796	-0.1410581589	-0.0740117324	-0.0169332725	-0.0441315681	0.0151969407	0.0155848689	0.0937773703	0.081167222	0.0299212671	0.0723574475	0.0614244247	0.0968814387	-0.0837957521	-0.0210417925	-0.0249534099	0.0652163069	-0.0146393902	-0.1443784727	-0.0264836167	0.0428684706	-0.1248420777	-0.043329396	0.0479995262	-0.0877050581	-0.0309225106	0.047502894	0.1303084405	-0.0381103937	0.0033755321	0.0765260746	0.022577036	-0.10350154	0.0165515935	-0.0680452752	-0.058160411	-0.0493603524	-0.017201161	-0.1237676809	0.0537976062	-0.0733952055	0.0639714259	0.0358447335	0.0647956823	0.1325634138	0.1205358123	0.1256547207	-0.1201950603	0.0863812231	0.0593202049	-0.0565123418	-0.0273177594	0.030190666	0.040119252	-0.049101323	0.1049969273	-0.0587799839	0.1094803976	0.0381437201	-0.0188434532	0.013113877	0.0381043881	-0.0669399074	-0.031684347	-0.0946669497	0.0869684022	0.0128292559	0.0380061151	-0.0220516506	0.0066707156	-0.129199948	0.1003789102	-0.1219027011	0.1034951161	-0.0247396311	-0.1003295168	-0.0142312242	-0.1323726117	-0.0441844567	0.0334090845	-0.1257105875	-0.0013913702	0.0521932827	-0.0775857896	-0.0534359874	-0.016227008	-0.0260580485	0.0512092128	0.0538347861	0.0900261266	-0.037847825	-0.0753052767	-0.0057808458	0.0927314672	-0.1332280375	0.0287903743	0.0109974328	-0.0453850528	-0.1393134557	-0.0567433885	0.0357260522	0.0045933195	0.0223478393	-0.0594167148	0.0611025763	-0.1145619047	0.0684936785	-0.0646736312	0.1056198775	0.003026517	0.0318087121	0.0209565497	0.0531728661	-0.0790450332	-0.1189224513	0.0182861861	0.0406073684	0.0473709908	0.0677331761	0.039055755	0.0952927547	-0.059117165	0.0378100896	-0.1766492386	-0.0067344182	-0.056849005	0.0099692146	0.0753789041	-0.0301768463	0.0749240819	-0.000889445	0.0226124495	0.0646538788	0.1251951983	0.0297929509	-0.0325406435	-0.0064013632	-0.0714935786	-0.0482716476	-0.0639734249	0.0471291021	0.0432795723	-0.1235987105	0.1236926815	0.1107653283	0.0148035082	0.0090423355	-0.0866877194	0.0906423284	0.0773053552	0.0735775817	-0.0623098579	-0.037520755	-0.0794373376	0.0937576389	0.0130625369	0.0	0.0	-0.0509340175680961	-0.0154634636692919	0.0025942741456271	0.0002391187086515	0.1433395136820081	-0.0118039278071507	0.0001393327116764	0.0205462161825945	0.393441365792377	-0.025405054935419	0.0006454168162716	0.1547961083165709	0.0018070476881797	-0.0002219609076025	4.9266644503769874e-08	3.2654213473555986e-06	0.0003042457561226	0.0002475014538913	9.25654801186126e-08	6.125696967833823e-08	-0.0002812753220223	-2.921775653609999e-05	7.911580677874857e-08	8.536772970028136e-10	0.0	0.0	0.0
52.461368015227904	0.034193692584111	0.0011692086125366	2752.1951340291776	61.15275565727608	-0.1736777545688781	3739.659524478512	0.0301639624320874	53.14385488047402	-0.0043368706336437	2824.269311556882	1.8808446892961462e-05	54.36068770218683	50.17041218392352	1.028609	34.179611	0.047572684033401	0.0234893056169714	-0.0638299099	-0.0475764015	0.1020063498	0.0071997924	-0.1011153736	-0.1270635205	0.0648565752	-0.0770190244	-0.0867568153	-0.0744075012	0.1465694567	-0.0232751231	0.0365186679	0.1181221645	0.0451314849	-0.0141249669	0.0458726312	-0.1048583321	0.0289790017	-0.035415722	0.1914627396	-0.0047400482	-0.0724519829	-0.0359642433	0.0275297396	0.0226114163	-0.0338434657	-0.0629002061	0.0126430446	-0.002947467	-0.0153968884	-0.0280307829	-0.1024701637	-0.0750255514	-0.0255981614	0.0086800391	0.0327642629	-0.0032650853	0.0102835008	-0.0386300456	0.0535596333	-0.05742162	0.0936787321	-0.072857241	0.0406089956	0.1430726352	-0.024678413	0.0343382732	0.0501944754	0.1642425813	0.1765983012	-0.045178257	-0.0889162363	-0.0594988884	-0.0802956053	0.066315455	-0.0215564456	0.0495454223	0.0312356857	0.0122792815	-0.1332291507	-0.0228191405	-0.0017418275	0.0049584872	-0.0119029612	0.0028829209	-0.0932694458	0.0243617194	-0.0323103975	-0.0009638939	-0.0452914876	0.0921856749	-0.0366938379	0.1101055957	0.0458134339	-0.0254926756	0.0118736094	0.1029986168	0.0874431175	0.0155185827	-0.0386238674	0.0856630189	-0.0915628632	-0.0304798224	0.0413158194	0.0175538693	0.128772596	0.0647320251	0.0368505362	0.1337432197	0.0142877202	0.0431016773	-0.033931327	0.0526510933	0.1267054792	0.0326639466	0.1280138504	-0.0098379208	0.0507895478	-0.1404850521	0.0131695386	-0.0361043995	-0.0295200248	0.1878371114	-0.0375673469	-0.0079830524	-0.1556204544	8.1102e-05	0.0709472766	-0.055868299	0.051654571	-0.0188923612	0.0074812389	-0.0977166773	0.063130066	0.0988686123	0.0022853851	-0.0639628098	0.0153035409	0.0416909576	0.0101125241	-0.0028258128	-0.008994622	0.0042922916	-0.0067659542	0.007259951	-0.0014705685	-0.046690199	0.0599893007	-0.0354077008	-0.0091001714	-0.0152517132	-0.0338471397	-0.0700327859	0.0033802904	-0.0587806492	-0.1011069799	0.01886086	-0.1172396744	-0.0687914091	-0.0716229094	-0.0462204443	0.0237976126	-0.0561974349	0.0307359504	-0.1106768732	-0.0627062941	-0.0374838521	-0.0932691892	0.0300528266	-0.0005014312	-0.0581946721	0.0380401007	0.0214353125	0.0949685593	0.0415668912	0.0988210485	0.0987753803	-0.062085815	0.1175132031	-0.0189997107	0.20206014	-0.0253309559	0.0947740459	-0.0748813586	-0.039264529	-0.0769109895	0.0962433935	0.0056098749	0.0	0.0	-0.0473032503188477	0.0036307672492483	0.0022375974907275	1.3182470818214792e-05	0.1336011945275572	-0.0097383191544508	9.483485995394514e-05	0.0178492791791901	0.3976869621864338	0.0042455963940568	1.802508874122815e-05	0.158154919893074	0.0019049943734399	9.794668526019994e-05	9.593553153460671e-09	3.629003562837677e-06	0.0002036140531458	-0.0001006317029767	4.145868263846067e-08	1.0126739644010896e-08	0.0001193063144536	0.0004005816364759	1.4233996668501284e-08	1.604656474817101e-07	0.0	0.0	0.0
52.64082964154921	0.1794616263213058	0.032206475321888	2771.056945350606	61.73948649092988	0.586730833653796	3811.764192163713	0.3442530711600784	53.35927892718795	0.2154240467139345	2847.2126476294443	0.0464075199026074	54.64197179973433	50.73883010667488	1.040435	34.572571	0.1003793092462289	0.0527752303004715	0.0868300269	-0.1152251886	-0.035350309	0.0227472291	-0.0640212943	-0.000379118	0.1403331845	0.0236013803	0.0180075386	-0.0471483293	-0.0177290039	0.1604866804	0.0431865474	-0.0424623874	-0.0830874874	0.1021657403	0.1516711343	-0.0889224742	-0.0990459228	0.1546728785	0.0164859424	0.0623738053	0.0606186966	0.0232172584	-0.0061374447	0.0746297603	-0.0272169069	-0.005746165	-0.0024441172	0.0253292446	0.1450409509	-0.152779405	0.1018743185	-0.0809016395	0.0829877156	-0.057685824	-0.0234354628	-0.1950453611	-0.1575470594	-0.1378141838	0.0627122876	0.0409735133	0.0690221384	-0.0301144785	-0.043254389	0.013221178	-0.1123234361	-0.0464022945	-0.0982418808	0.0423567624	-0.0924724101	-0.0404659683	-0.0042221435	-0.155451291	0.1072821224	-0.040266823	-0.0404246403	-0.0225507478	-0.1706890621	-0.0172772965	0.0551585822	0.0499337275	-0.0951270509	-0.009890895	0.02563263	-0.0089816974	0.0027426026	-0.0333948194	0.0473801067	0.0202486473	0.0955191261	0.0998575354	-0.005991291	-0.0729162536	-0.0568936076	0.0457823246	0.0180380841	-0.1063733179	0.008737322	-0.0449146078	-0.0163516233	0.077146441	0.0199074715	-0.084425381	-0.0743513554	0.153166667	-0.0166685771	-0.1067547143	0.0548079129	-0.0460548018	-0.1060560908	-0.1881288027	-0.0093888211	0.0171300122	-0.0576847451	-0.053147769	0.1323839054	-0.1381933155	0.0716688394	-0.1034289724	0.0488210845	-0.0149525668	0.0647422612	-0.0652967233	-0.1799526559	0.0135659644	-0.0345691555	0.0568628718	-0.0510728612	-0.1072598454	0.0746043558	-0.0918844005	0.0108148647	-0.1377537497	-0.0307247439	-0.0795438536	0.0500568503	-0.0636127565	0.1575681011	-0.1591119554	0.0200778577	-0.020032673	-0.079772138	0.0344887618	0.0458738858	-0.0052603132	0.1076165635	-0.0949836596	-0.0375078275	0.0001603502	-0.1160983118	0.0710516621	-0.0478565062	0.0020157285	0.0801058679	0.0500142834	0.0215285772	0.0037584288	-0.0052271082	-0.1025475336	-0.0330329349	-0.0556961371	-0.0126171593	-0.0212336353	0.0589452827	0.0183491012	-0.1364558867	0.0319402523	0.0285554493	0.0055742089	-0.0564371116	0.0013038344	-0.011694625	-0.0892846443	0.0579529338	0.0167171191	-0.0955479886	0.0048804595	-0.0018657062	-0.0025102437	0.0122850559	-0.0275964613	-0.128330075	-0.0121925336	0.0676647464	-0.0409960724	-0.0742888199	0.0984593917	-0.0018707352	0.0	0.0	-0.0489139289903306	-0.0016106786714828	0.0023925724492711	2.594285782769901e-06	0.167419871500158	0.0338186769726008	0.0011437029121771	0.0280294133731294	0.417482078157569	0.0197951159711352	0.0003918466163106	0.1742912855827625	0.0023500367287119	0.000445042355272	1.980626979860491e-07	5.5226726262949285e-06	0.0002021038213004	-1.510231845400006e-06	4.084595458422402e-08	2.280800226860308e-12	-0.0003372378510492	-0.0004565441655028	1.1372936818028242e-07	2.084325750546481e-07	0.0	0.0	0.0
52.65428215360964	0.0134525120604322	0.000180970080736	2772.473429111935	61.76158240791801	0.0220959169881354	3814.493061530048	0.0004882295475465	53.3437233309774	-0.0155555962105538	2845.5528188118624	0.0002419765734657	54.651099717776965	51.14989634870208	1.030488	34.242031	0.0848217699080418	0.0477524606767403	0.0747789507	0.0257344552	-0.0928615065	-0.0088458226	-0.0908922299	-0.05582965	0.0726450509	-0.0152090506	-0.1316403468	0.0208847877	-0.0560754353	-0.0145373242	0.0289507773	-0.0660562369	0.0176224415	0.0558334794	-0.0412470614	-0.0620654096	-0.2089099948	-0.1457104009	0.0875801029	0.1304007072	0.0259293855	0.2098963259	0.0069018785	0.080299033	0.0834310934	0.0507215405	-0.061089346	-1.88339e-05	-0.0623153942	-0.049924859	-0.0014343067	-0.0394292206	0.1213822824	-0.0562316039	0.0910405202	-0.0408107282	0.0832318947	-0.0244683193	-0.0463987454	0.1300451265	0.1424786818	0.0947913424	-0.0584489296	0.0630250058	-0.112000399	-0.0091371845	0.0860702962	0.0803810368	0.0179451441	0.1454985579	0.0719587942	0.1595833483	-0.0529742056	-0.0219787491	-0.0853991692	-0.0053414431	0.009689309	0.1133800495	-0.049213102	0.0187414596	-0.0774436572	-0.0797106743	-0.0240283829	0.1621515209	0.0603030874	-0.1183647447	-0.0774994659	-0.0303763522	0.1145255991	-0.0126800157	0.0067122911	0.0704650625	0.0670202703	-0.0575159614	-0.1140960043	-0.0184255718	-0.0412821206	-0.0245544359	0.0008861924	-0.0448423959	0.1401388825	-0.0185346585	-0.0204419364	-0.0709595285	-0.0875302078	-0.0268007146	-0.017844211	-0.0476351436	-0.06009435	-0.1299628855	0.0658548683	0.1110142818	0.1152737708	-0.0656741955	0.0167575005	0.0120914494	0.0549064382	0.0705576268	-0.007043793	0.0865912311	-0.1549905901	0.1523490233	-0.000631551	-0.0444969893	-0.0412845211	0.0017245376	-0.1165782587	-0.0602796193	-0.1357098607	0.020489556	0.0908799869	0.0717003071	-0.0153655909	-0.0481503483	-0.1006051407	-0.108540494	-0.1074603188	-0.0004125107	-0.1006562718	0.0566325335	0.1770376298	-0.0267313261	-0.0514644886	0.041406106	-0.1676412387	-0.0602763955	0.0113840369	-0.0070083914	0.0279878477	0.0549005549	-0.017397033	-0.0089010014	0.0113454079	-0.1118531771	-0.0304360464	0.0940510347	-0.0483317912	-0.0493708277	0.0368924329	-0.115081671	0.0842902149	0.0340937513	-5.08113e-05	0.098160819	0.0807241255	0.0406866042	0.1243902534	-0.0065526648	-0.0435919927	-0.0338557751	-0.0002365769	-0.0546551282	0.0437409835	-0.0053900544	-0.0173278847	0.1122922603	0.0048008708	0.0119656834	-0.0112402827	-0.0554093362	0.0974659099	0.1327479475	-0.0513309975	-0.0427148457	-0.0715740957	0.1003994225	-0.0093420254	0.0	0.0	-0.0362088716562567	0.0127050573340739	0.0013110823866192	0.0001614184818621	0.1602622085113125	-0.0071576629888454	5.123213946188851e-05	0.0256839754769234	0.3760307734112516	-0.0414513047463174	0.001718210665172	0.141399142552264	0.0020840235485447	-0.0002660131801672	7.076301202266721e-08	4.3431541508888434e-06	0.000270789781499	6.868596019860002e-05	7.332710576427619e-08	4.717761128403665e-09	-0.0002017820946389	0.0001354557564103	4.0716013716862e-08	1.8348261944686536e-08	0.0	0.0	0.0
52.52602850675919	-0.1282536468504531	0.0164489979304407	2758.983670692879	61.91078758573199	0.1492051778139753	3832.945619485626	0.0222621850865	53.28574103293335	-0.0579822980440454	2839.370197428837	0.0033619468864685	54.66165610412818	51.54880134883518	0.997926	33.160046	0.0434323117772852	0.0248796890091906	-0.0039002669	0.0814059268	-0.0994115621	-0.0226742952	-0.0596333835	-0.1387931628	0.1100631185	-0.0542536924	-0.0740438214	-0.0115475135	-0.1178287253	0.040978634	-0.1146804917	-0.0399197002	0.0879542857	-0.0251706312	0.1818207738	-0.0812868176	-0.1819426348	0.0187201478	0.0583294494	0.0538442281	0.1153203305	-0.0854961067	-0.0678494133	-0.0838074788	-0.0420338165	-0.0433776115	-0.2304467675	0.0348219322	-0.1153548163	0.100965952	0.0275191125	-0.0612615542	0.0820927927	0.0083930901	0.0274862235	0.0266753631	-0.0380580841	-0.0405753898	0.0698854509	-0.0845569434	-0.0337257371	-0.030426838	-0.0554241615	0.163590569	-0.0402002331	-0.0572479114	-0.0991714765	-0.0110366071	-0.0939442183	-0.0916354815	0.1288797142	-0.0506820275	-0.0825765513	0.1004929764	-0.0699836627	0.0340925682	0.1260702884	0.0025163255	-0.0599455698	0.0131576576	0.0671427736	0.108601921	0.0390463872	0.0546832921	-0.0360782331	-0.0292965658	-0.0037739019	-0.1031018711	0.0115945384	0.0491987361	-0.0529612122	-0.1060259868	-0.1504131037	-0.0661579682	0.0773106457	0.0504083149	-0.0546490285	0.012766118	0.0431138969	-0.111153129	-0.0562418185	0.0243887927	-0.0188704942	-0.0945332944	-0.1014596682	0.0072865032	-0.0669572828	-0.0919272683	0.0738163578	-0.1061398833	0.1232597317	0.0828252371	-0.0391421153	-0.0278632396	-0.0115241146	0.046921598	-0.0142251105	-0.067655778	-0.0199658954	-0.0559049537	0.0188764681	0.0396780652	-0.1197728528	-0.0496444181	-0.0600419121	-0.09255774	0.1343518625	-0.0522823585	-0.0536094573	-0.0873926162	-0.0166899691	0.0282207633	-0.1281490599	0.0300996215	0.0793434221	0.0946179272	0.1231239499	0.1097557439	-0.0837551786	-0.1484718051	-0.0252408476	-0.0125270475	-0.0175913748	-0.0414512924	0.0909450796	-0.1312504332	0.058222935	0.0442612053	-0.1983228925	-0.0105223726	0.0405113121	-0.0727536779	-0.1256825969	0.1386555286	-0.0474314787	-0.0175910982	-0.0408025231	-0.0203186773	0.0318402551	-0.1058477497	0.05685273	0.0076229979	0.0810724488	-0.0571895825	-0.0130033261	-0.0988296295	0.1265938575	-0.0030413069	-0.0284622288	-0.0265935287	-0.0022900634	-0.0191285482	0.0290863251	0.0458301062	0.0496094063	0.1059470861	-0.0611819877	0.0697063762	0.0123537865	-0.0509983647	0.0757647934	-0.0029995804	-0.0877386031	-0.0444203137	-0.068770199	0.1020580481	-0.0167667741	0.0	0.0	-0.0340987015833178	0.0021101700729388	0.0011627214496681	4.45281773672696e-06	0.1502910451062717	-0.0099711634050408	9.942409965002508e-05	0.0225873982391353	0.3545597403018803	-0.0214710331093712	0.0004610052627837	0.1257126094429368	0.0020730121125484	-1.1011435996300268e-05	1.2125172270061727e-10	4.297379218772379e-06	0.0003229298666136	5.214008511459999e-05	1.042836987510775e-07	2.7185884757577315e-09	-6.73347119511153e-05	0.0001344473826877	4.53396343353967e-09	1.8076098711595632e-08	0.0	0.0	0.0
52.459169340941024	-0.0668591658181654	0.0044701480539009	2751.9644479415265	61.69626405022361	-0.214523535508377	3806.428997754914	0.0460203472870138	53.26278711352828	-0.0229539194050687	2836.9244911010346	0.0005268824160543	54.56658707117764	50.85124357435155	0.967279	32.141678	0.1307640825201767	0.0741725210458654	-0.0343337083	0.0802863298	-0.0427438066	0.0413673966	0.080646662	-0.1006651143	0.0077377138	-0.0411369097	-0.141642414	-0.036916989	-0.0209082006	-0.0159249785	-0.119458368	-0.0227569828	0.0467134124	-0.0635695896	-0.0346646525	-0.1145278889	-0.0069488789	0.097634088	-0.0313880957	-0.0701504588	0.1076529022	0.0681021636	-0.0588220104	0.0005916889	-0.0118596299	-0.2706171753	-0.0970685866	0.0860473098	0.0933684287	-0.0882432751	-0.0085090774	0.0152500925	-0.0344531093	-0.0576354433	0.0387877556	-0.0553575713	-0.0829223635	-0.087760994	0.0665282052	-0.0794065274	-0.1104919845	0.0188333588	0.0561409355	-0.0456147325	-0.0295796648	0.0431849064	0.0580138478	-0.1455270326	-0.1079942289	0.0152959538	-0.0187465601	0.0395280768	-0.0315368655	-0.0551154314	-0.0099343001	-0.0696045468	-0.0569399569	-0.0173992296	0.0630125586	-0.1226361369	-0.0665724796	0.1655779304	-0.0604576476	0.0278524038	-0.080036473	0.0424893644	-0.0293888242	-0.0083129843	0.1177446698	0.0354360793	-0.1184522147	0.1254348975	0.024727911	0.0778754058	0.103024911	-0.0439767562	-0.0110095201	-0.0401682815	0.0725107827	0.0603788344	-0.018303829	-0.1716380714	-0.1022264957	-0.0613260579	0.027844991	0.0219060544	-0.0582484442	-0.0913538211	-0.0190053421	-0.0344834747	-0.0455643746	-0.0143780912	-0.096051095	0.0720142344	0.0479155705	-0.0786809856	-0.0208475439	0.048120387	-0.0702560385	0.0529515145	-0.0071397168	-0.1309624369	-0.0950216586	-0.0531351155	0.0495971059	-0.0784220231	-0.0893323201	0.0819334156	0.0271866257	0.0628190717	-0.0472882972	-0.0782455973	0.0069929155	0.0938564478	0.2020362889	0.0183662968	-0.1170836009	0.0904738762	0.0190166808	-0.0463587399	-0.0910297615	-0.0619068491	-0.1079091851	0.093677016	0.177274656	-0.0055161632	-0.0951174917	0.0494122366	-0.0029379856	-0.0333418373	0.0303083523	0.0250369734	0.1085310778	0.0050255944	0.0515652182	0.0943175216	-0.059443359	0.0199262925	-0.0090858387	0.0096166458	-0.0109132956	-0.0556538508	0.1233998544	0.0109978528	0.0394866211	-0.0440203099	0.1415419489	0.1109587199	-0.0181773449	-0.0233063147	-0.0084874978	0.0746719663	0.0128540453	-0.0145977053	0.0205110055	-0.0288325099	-0.0477604704	0.0202578748	0.0110766997	0.0527973352	-0.0337105995	0.0326483084	0.0172126966	-0.046111945	-0.0658806233	0.1034306197	-0.0241079916	0.0	0.0	-0.0216092797876399	0.0124894217956778	0.0004669609729405	0.0001559856567903	0.1456366024653022	-0.0046544426409695	2.166383629807521e-05	0.0212100199776364	0.4197117976705939	0.0651520573687136	0.0042447905793761	0.1761579931038815	0.0013859663125949	-0.0006870457999534	4.720319312337445e-07	1.920902619647904e-06	0.0003326427304901	9.712863876500002e-06	1.1065118614790933e-07	9.433972468341864e-11	0.0002052698385152	0.0002726045504663	4.213570660405629e-08	7.431324093494186e-08	0.0	0.0	0.0
52.43967026014503	-0.0194990807959953	0.0003802141518887	2749.9190169927388	61.43591747083864	-0.2603465793849722	3774.371955483696	0.0677803413974556	53.18832119823208	-0.0744659152962015	2828.9975118863044	0.005545172540901	54.47666705872621	50.87974927408385	0.972139	32.303173	0.0840662212823562	0.0413551676162879	-0.0584312182	0.0573504813	0.0167202324	0.0731869017	0.014595053	-0.0766996035	0.0836858414	0.0797265161	0.0472459532	-0.0898252415	0.004901186	-0.0463724964	-0.0877082187	0.028827233	-0.1070251649	-0.0487444125	0.0104345601	0.0532309346	-0.0486723779	0.0520739404	0.112543665	-0.0057789179	-0.0043165993	-0.0656975845	-0.0429046435	-0.0414235757	-0.0740026589	-0.0267888196	0.083441751	0.0232509325	0.1369460933	0.0445557902	-0.0072764214	0.0635015099	-0.0912970928	0.085583289	-0.0127867379	-0.0883190555	-0.043087715	-0.0256283931	0.0274782649	0.0222366707	0.1205937668	0.0073998057	0.0675781942	0.0405192331	-0.0910304639	-0.0926418887	0.1311842821	0.0141721454	-0.1339482486	0.045236091	0.0609863244	0.1073408119	-0.0289987293	-0.1186575599	0.0472776602	0.0065604606	0.1198068951	-0.1074501525	0.022742533	-0.0506043624	-0.0435732182	0.0400440319	-0.0878156365	-0.0481882295	-0.0752437315	-0.0577548962	-0.0265289177	-0.0965162297	-0.0800259818	-0.0378707596	0.0937440819	-0.098414177	-0.1118472441	0.0625439382	-0.0094292446	0.0203764355	0.1090246413	0.0183152235	0.0461692286	0.0737590039	0.1780951467	-0.0028574992	0.0623182104	-0.0618594351	0.0916049232	-0.0097138664	-0.0813069864	-0.094739798	-0.0633190766	-0.0891306668	0.0046003727	-0.0798110882	-0.1188127091	0.0046857019	0.0392000223	0.092329563	0.0309857302	0.037668023	-0.0561194635	0.1327177207	-0.0289382749	0.1166118002	0.1030599361	-0.0593748866	0.016648618	-0.0408596668	0.0036771411	-0.095320259	0.0968532646	-0.0135771619	0.0488654707	0.0600407809	0.0720843373	-0.0048450408	0.1862457426	-0.0826409438	0.0218977673	0.0200029195	-0.1300931556	-0.0009665393	0.0962050017	-0.04059487	0.0116065244	-0.1669380535	-0.0827961152	0.0671181134	-0.0020445309	-0.115246143	-0.0642844031	0.0318563387	0.0431227137	-0.0684663084	0.0505455663	0.0350129533	0.0034906199	-0.0963603135	0.0632312321	0.0520166079	0.0191814497	-0.0456322175	0.1346123715	0.0136235654	-0.0161483344	0.0612518994	0.0961428476	-0.0295249312	-0.0498244192	0.0537750945	-0.0388450632	0.0450120417	-0.1584785001	-0.0600502008	0.0109477806	-0.040478429	0.0100506247	0.0120949219	0.1136814537	-0.1374728889	-0.0108945145	0.0075559561	0.1013043725	0.0495456333	-0.0096488913	-0.0477892128	-0.0629089685	0.1045132902	-0.0313291043	0.0	0.0	-0.005796433080377	0.0158128467072629	3.35986364552888e-05	0.0002500461209873	0.1439829207554908	-0.0016536817098113	2.7346631973647363e-06	0.0207310814692819	0.38791200388345	-0.0317997937871439	0.0010112268849048	0.1504757227568737	0.0015650008248681	0.0001790345122732	3.20533565849026e-08	2.449227581837833e-06	4.2982757629150825e-05	-0.0002896599728609	1.8475174534063234e-09	8.390289987780582e-08	-2.2033657913410465e-05	-0.0002273034964286	4.854820810451956e-10	5.166687948867133e-08	0.0	0.0	0.0
52.45728627815835	0.0176160180133209	0.0003103240906456	2751.7668836686603	61.23842471796316	-0.1974927528754761	3750.1446619376416	0.0390033874383339	53.02725657626722	-0.1610646219648615	2811.889940005275	0.0259418124486837	54.2998563020468	50.37855327065616	0.984356	32.709126	0.0369022656513415	0.018892624098943	-0.0854667284	-0.0172600294	0.0987776162	-0.0042979749	-0.129780771	-0.0823268851	0.0505410074	0.0130061818	-0.0882748183	-0.0643002155	0.1316537843	-0.0262083781	0.0319229518	0.1068890445	-0.0087693118	-0.0039158296	0.0530850094	0.0801615794	0.0140929256	-0.092884595	0.0877028691	-0.0371755201	0.0462389472	-0.0723832466	0.0246360269	0.1297552809	-0.1194339813	0.0143644154	0.0561052756	-0.0603781858	0.0628755203	0.0615859057	0.0277637761	0.1042499296	-0.1634862249	-0.0175944734	0.0583082747	-0.0008404777	0.0494860836	-0.0266074975	0.0101209839	-0.108288092	0.0227580987	-0.0040858601	-0.0598913168	0.0713941392	0.0514867334	0.2057351832	-0.0063102355	0.0636282071	-0.128208994	-0.0092275157	-0.0232610762	0.0100872055	0.0094575931	-0.0258198998	-0.0101848164	0.0674522393	-0.0046210874	0.0153056077	-0.021788875	0.0839727137	0.0375605057	-0.0284829536	0.0426554855	-0.0576684931	-0.0689111011	-0.0457443123	-0.0204052639	0.0310841842	-0.0427917022	0.0909730626	0.114284953	-0.0018876789	-0.0160356948	0.0471064641	0.0291270055	-0.0027564559	0.040281236	0.0345320437	0.0056099202	-0.0519822628	-0.1013277266	-0.0149413807	-0.1139758284	-0.0086503955	0.1887539142	0.0443302774	0.0074007908	0.0047417771	0.0535975224	-0.0023764177	-0.0230607449	0.0156187578	0.1214356681	0.1182660578	0.0240371012	-0.0925269031	0.0174034502	-0.1433416546	0.03262747	0.043099158	-0.0265511198	-0.0428955892	0.0207147256	0.092281623	-0.0064322911	-0.0460012788	0.0403576339	0.0819965587	-0.0590450039	0.0349746808	0.0378779528	0.1119127314	0.0309318771	7.0829e-05	-0.0643488753	-0.0603612324	0.0880568867	0.0344338602	-0.0049319821	0.0821895666	-0.0919308107	-0.0340047857	0.0362310541	-0.1325168808	0.0819821408	-0.0311947797	0.0827998744	-0.0761254771	0.0417416292	0.0241560807	-0.0565690161	0.0607892959	0.0962379222	0.0650713204	0.0412402905	-0.0543860728	-0.0302108647	0.0658583328	-0.0550228709	-0.0509570254	0.0647829335	-0.026209541	0.0720446813	-0.0789280257	-0.0275738429	0.0408922391	-0.0666351078	0.035854985	-0.0357813311	-0.0039658962	-0.0888049972	-0.121095432	-0.1394154832	-0.0220332183	0.089576451	0.0974304979	0.0209573884	-0.0130038045	0.0279572448	0.0583943459	-0.0640954408	0.0235535561	0.1665374116	-0.0494515946	-0.059858937	0.105303025	-0.038394137	0.0	0.0	-0.016993470628094	-0.011197037547717	0.0002887780439878	0.0001253736498449	0.1452704305307293	0.0012875097752385	1.6576814213347043e-06	0.0211034979865834	0.3900361384599691	0.0021241345765191	4.511947699164019e-06	0.1521281893047641	0.0016400223231797	7.502149831159987e-05	5.628225208917381e-09	2.68967322052774e-06	0.0001367544581831	9.377170055394915e-05	1.8701781832953245e-08	8.793131824779511e-09	-0.0002991121340852	-0.0002770784761717	8.946806875700266e-08	7.677248195768096e-08	0.0	0.0	0.0
52.528652635033495	0.0713663568751457	0.0050931568936306	2759.2593476520115	61.69236873746752	0.4539440195043553	3805.94836043966	0.2060651728437705	53.148968877171626	0.1217123009044058	2824.812892706558	0.0148138841914446	54.488318633245854	50.39411976715672	1.002596	33.315216	0.0800981762883499	0.0475793170127578	0.0049553025	-0.1348828197	-0.0141777025	-0.0645283238	0.0773618608	-0.0445015978	0.001790561	0.0715353558	-0.039978184	-0.0232285147	0.0441508559	0.1170259526	-0.0383271149	-0.1310519303	-0.0223355136	0.006967293	0.0436843835	0.0248244792	-0.0280828352	0.0473855709	-0.0632575641	-0.0549257385	-0.0155765278	-0.0014062606	-0.0539956027	-0.0042502747	-0.0281244075	-0.0268555374	-0.0365269844	0.0056644013	-0.0554406084	-0.0239703812	0.1589072207	0.0707316823	0.0019392741	-0.0407151518	0.0127554047	-0.064567191	0.0097448559	0.0462143773	-0.1261109558	0.0767563655	0.1105629649	-0.0341941402	0.0287122882	-0.0801047444	-0.0796392714	0.0678479377	-0.0187505383	-0.0527409705	-0.0388864713	0.0284847883	0.212047395	-0.036147305	0.0450802804	-0.0311430203	-0.0556060141	-0.1055433876	0.0101298087	-0.0844126404	-0.0640967174	0.1097791431	0.0441464686	-0.0089783315	-0.0388649326	0.0842574671	0.102451066	0.0288176651	0.0569453917	0.1055338114	-0.0357572944	0.0059561645	-0.0191954602	0.0349159222	0.0246698096	-0.0353540274	0.0188882551	0.0578067352	0.0094234644	-0.0291031092	0.0629949712	0.147397733	-0.0073231877	-0.0796213927	0.1180136079	-0.064613996	0.0486568998	-0.0893596574	0.1163481669	-0.0279680788	-0.0241404631	-0.0781258539	0.0154547363	0.0140930004	-0.0324381204	0.0106297457	-0.0856534887	-0.1095206725	0.0099156503	0.1182413723	-0.0683400625	0.0567645483	-0.0425161526	0.0914372815	-0.0094055855	0.1321041186	0.0698717523	0.0010097023	0.0175641991	0.0852293871	0.0325808374	-0.1245024188	-0.059730944	0.0776466355	-0.0297870898	-0.0436020588	0.0355620054	0.0962387952	-0.0190733522	-0.1048138282	0.0035399476	-0.1146806987	0.0786391146	0.044432761	0.0026452473	0.073620306	-0.0644639041	0.0538932216	-0.0162611617	-0.0022434515	0.0260156374	-0.0310887254	0.0192102675	0.0576423292	-0.0034914158	0.0273813991	-0.134393374	0.0804020972	-4.45627e-05	-0.0722378867	-0.1436477556	0.0004261908	0.0163905063	-0.0856551984	0.0445089377	0.0187855442	-0.0886786215	0.1389972373	0.1166872978	0.0466344822	-0.0435507139	0.003116092	-0.0067115902	0.08050158	-0.0442235642	-0.0792865556	0.0590437317	-0.0681069156	-0.027554307	0.0183593898	0.0523805037	0.0077508054	-0.0680426327	-0.1696823145	0.1221031759	-0.0510985726	-0.0567343287	0.1057976105	-0.045267892	0.0	0.0	-0.0201410286188377	-0.0031475579907437	0.0004056610338248	9.907121305094525e-06	0.1468558549223928	0.0015854243916635	2.513570501681608e-06	0.0215666421249868	0.4314611552429568	0.0414250167829877	0.0017160320154708	0.1861587284835868	0.0016521485573112	1.2126234131500102e-05	1.4704555421195803e-10	2.72959485542548e-06	0.000577566648255	0.0004408121900719	3.335832331765149e-07	1.943153869159849e-07	-0.0005249772523409	-0.0002258651182556	2.756011154754009e-07	5.101505164466132e-08	0.0	0.0	0.0
52.54519521231333	0.0165425772798357	0.0002736568630593	2760.997539900116	61.42064994865364	-0.2717187888138781	3772.4962401150474	0.0738311001944809	53.21009862775633	0.0611297505847048	2831.314595975556	0.0037368464065482	54.52026788811935	50.78607909643024	0.992388	32.976028	0.0696916506720887	0.0332508692306638	0.0372150376	-0.0235516896	-0.1174846516	0.0063349048	-0.1440646105	-0.0208165851	-0.008678749	0.0741005737	-0.0804177191	-0.0486126502	-0.0807976282	-0.0740209638	0.062081261	0.0329830538	0.0222502818	0.0809868326	-0.1263593875	0.0245693693	-0.0542816034	-0.1214547049	-0.0031119138	0.0116583034	0.0086393746	-0.0293342691	0.0669245459	-0.0523724579	0.0454749706	-0.0382756313	0.0015581067	-0.0048038627	0.1259199172	-0.123202925	-0.1532955774	0.014329795	-0.0541840353	0.0514229876	0.0592274384	0.006438138	-0.0626175885	0.1169318488	-0.0009357763	0.0055662458	0.0131736464	0.0139723298	0.073679922	-0.0499353701	0.015043208	0.0923548427	0.0919519281	0.0083840415	0.0232219813	-0.035364028	-0.01913305	0.2044892157	0.0774677037	0.1048354198	-0.049681831	0.0715113907	-0.0513700763	0.1266679377	-0.0500832504	-0.063059613	0.1127433296	-0.1891740823	0.0480208333	-0.0465196586	0.0949354837	0.0229101855	0.0687573002	0.0115726242	-0.028182054	0.0870193536	-0.0008122896	-0.0163115611	0.0770461731	0.0796284271	-0.1201814497	0.0894644182	0.0052900616	0.0180792553	-0.0296668444	-0.0598813425	-0.0505139215	-0.0390647564	-0.0227361823	-0.0035083402	-0.0126012128	0.0122305897	-0.0398455184	0.0839545183	-0.07463538	0.0573242229	-0.0980321648	-0.0948580075	0.0746526941	-0.0296027751	0.0168181539	-0.0269421096	0.0051115693	0.0030101777	-0.0686545265	0.0971470262	0.0234725433	0.0661974221	0.0005642486	0.0464603724	-0.026520715	-0.0786813049	0.0993756009	0.055752546	-0.1071701998	0.006944791	0.0559815717	0.0319024748	-0.0043395358	-0.1108433673	-0.2379577807	-0.0745609337	-0.0411953903	0.0918071567	-0.011192892	0.0572544525	-0.0310284537	0.0712757872	0.0807250734	-0.0646090983	0.060709461	0.0409380726	-0.0645391343	0.0109211197	-0.1252143928	0.0409132431	0.0931023617	0.1475780348	0.0987734571	0.0343835014	0.080249802	0.0390528173	-0.0113947107	-0.0441882231	-0.1096836963	-0.0629579554	0.0972059524	-0.0159078478	0.0310366531	0.1477546234	0.0111324534	0.0156505833	0.0735526983	0.0415735001	0.0016535881	0.0031133145	-0.0253288788	-0.1134967175	-0.0216846839	-0.0559116691	0.0565474524	0.0243460502	0.0027244757	-0.0075311893	0.1439384891	0.0340001091	0.0303925298	0.0539897907	0.0334219943	-0.0527296337	-0.0535390365	0.1059956606	-0.0519161246	0.0	0.0	-0.017861948897746	0.0022790797210917	0.0003190492184256	5.194204375091422e-06	0.1391604257434835	-0.0076954291789093	5.9219630247608784e-05	0.0193656240931075	0.421595315270558	-0.0098658399723988	9.733479836098226e-05	0.1777426098580811	0.0018240122594069	0.0001718637020956	2.9537132098039482e-08	3.327020722466664e-06	7.331388910292169e-05	-0.000504252759152	5.3749263353955e-09	2.542708451124839e-07	-0.0002040676775949	0.0003209095747459	4.1643617038976055e-08	1.0298295516365853e-07	0.0	0.0	0.0
52.52832530695572	-0.0168699053576091	0.0002845937067746	2759.224959553365	61.87143384826767	0.4507838996140307	3828.0743264405614	0.2032061241512325	53.155154493433486	-0.0549441343228451	2825.470449220782	0.0030188578964868	54.51784646769426	50.98035102984378	0.993547	33.014549	0.0464342815049184	0.027621499035041	-0.0419262053	0.0403832017	-0.0323145221	0.0785249787	0.0717420191	-0.1351323124	0.0588706899	0.0761777334	0.0783531865	0.0113656577	-0.0739653197	-0.0244386402	-0.1211323932	-0.0402026583	0.0638937149	-0.0463338145	0.0423442063	0.0901727294	-0.0064059987	-0.0525294923	0.0933299335	-0.1492014031	0.1108790174	0.0257410596	0.1171418758	-0.130652312	0.0907990968	0.0547060382	0.0191475419	-0.0419096546	0.0420827506	0.1444792676	-0.1065043167	-0.023676204	-0.061453996	-0.0090606404	0.079141869	0.122581455	-0.0426725178	-0.0236776665	0.0288129279	-0.0789044836	-0.0198359751	-0.058684117	-0.0658845751	0.0722713632	-0.0035721756	-0.0779360422	0.0477394727	0.1534270155	0.0017619666	0.0261177254	0.1229657389	-0.1453288694	0.024369445	-0.0713430301	0.0086755012	0.1075455909	0.0202754459	0.0964768742	-0.1097662101	-0.0567969924	0.0858758143	-0.0233836437	0.0221317292	-0.0171276381	0.0602639002	0.1177899837	-0.0966266387	-0.0362846808	0.0126460775	-0.0018869676	-0.0401012633	0.048484598	0.0771406953	0.0283644893	-0.0895890837	-0.1179333819	-0.1464590545	0.1163012766	0.1470539897	-0.0592556137	0.1241513578	-0.019353663	0.0648967615	0.0853461138	-0.0012376857	0.0152137361	-0.0993145856	-0.0770154785	0.1131109144	0.0160324696	-0.0628178015	0.0535947085	-0.0138324988	0.0151674856	0.0052407259	-0.0626957661	-0.1289053471	-0.1426602485	-0.0454746103	-0.0499491585	0.100717078	0.050073673	-0.0384799744	-0.0820019898	-0.0196226225	0.0456774219	-0.0174959932	0.0272615766	-0.0350994415	-0.0715939391	0.0027193516	0.1402996631	0.0496620417	0.0008406958	-0.0695489934	0.1801352467	0.0531578395	0.0064268023	-0.0489171241	-0.0249494696	0.0543559915	0.0318362173	-0.1038841933	0.0920489432	-0.1180312577	-0.0700971437	-0.0167519629	0.0243669724	-0.1059752078	0.0055113668	-0.0586241501	0.0700129769	-0.0026725103	-0.1670722883	0.0554055655	-0.0772040825	0.1013243063	0.0065134778	-0.0126352113	-0.078149196	0.0923544492	-0.019159257	0.1090463687	0.0256839135	-0.0284275619	-0.0691206071	-0.0635208536	-0.0150746647	-0.0138203598	0.0556945294	-0.0984409104	0.0218477651	-0.0258401475	-0.030612767	0.0676847852	-0.0935206676	-0.1891450993	-0.087544752	0.0631992654	-0.0208386408	-0.1225273489	-0.0340026341	0.0625258425	-0.0543442699	-0.0502770413	0.1058966202	-0.0583057138	0.0	0.0	-0.0145607769204616	0.0033011719772844	0.0002120162245274	1.0897736423607803e-05	0.1436347610421222	0.0044743352986386	2.0019676364644203e-05	0.0206309445796275	0.3963887943037321	-0.0252065209668259	0.000635368699251	0.1571240762495664	0.0020420080640207	0.0002179958046137	4.752217082921805e-08	4.169796933525567e-06	5.725588867733222e-05	-1.605800042558947e-05	3.27823678823106e-09	2.5785937766823157e-10	-0.0002390589377989	-3.499126020400001e-05	5.7149175741538346e-08	1.2243882906640343e-09	0.0	0.0	0.0
52.60412933633548	0.0758040293797606	0.0057462508702076	2767.1944232339115	61.841722785176096	-0.0297110630915753	3824.398677038568	0.0008827472700315	53.30836111554027	0.1532066221067864	2841.781364824846	0.0234722690573716	54.61959650297529	50.800643821185496	0.998768	33.188038	0.0836430096249671	0.0445295641477941	-0.0041341353	-0.0262133905	0.0873512697	-0.0191258619	-0.0798343201	-0.1005093384	-0.0527032108	-0.0066158142	-0.0650066115	0.0531265642	0.1132148639	-0.0689707144	0.0287151258	0.0452404195	0.113494083	0.0093116655	-0.0377108918	0.0963668977	-0.0377387379	0.0158838039	-0.0278140705	-0.1277682776	-0.0104814576	0.0321854687	-0.0240702374	0.0221001365	-0.0518679689	-0.025889755	-0.0836219041	0.126275207	-0.0028912996	0.0083801195	-0.0594253017	0.0340191335	0.0135014112	0.1614245088	-0.0468525299	-0.021540472	-0.0939377785	-0.0263793292	-0.0180396199	0.2056931282	0.0400749512	-0.0895819361	-0.0134132641	-0.0645900418	-0.0130016004	0.0245954324	0.0403301903	0.0468306066	-0.0189465843	-0.1342454841	-0.0094361959	0.0779349076	0.0698105486	-0.0301037251	0.0823845329	0.018713808	-0.037146128	-0.1082749373	-0.0553709747	-0.1139835927	-0.0273969337	-0.0012202193	-0.0415491196	0.0878595035	-0.0739839773	-0.1092996137	0.0022305757	-0.1032860111	-0.0295092428	-0.0551247678	-0.0594218892	0.0942184683	-0.1410160482	-0.1386744311	-0.017279065	-0.016531644	-0.0893541908	0.1393317353	-0.0891434381	0.0601434571	-0.0890704338	0.049804266	-0.0712063972	0.0417610111	0.0187112258	0.1443935662	0.1111291317	0.0383532672	0.0415607678	-0.0187574419	-0.060620167	-0.1832560423	-0.1455574103	-0.0854862322	-0.003666925	-0.0592929847	-0.0328909854	0.0465290736	0.0510257606	0.0422701459	-0.0768689086	0.1362620239	0.0264581303	-0.0366570888	-0.013272118	-0.0562245454	0.0340991455	-0.0998815741	-0.0312911601	0.0004976745	-0.0683749585	0.0437824709	0.0861765138	-0.063027288	0.0261172627	-0.1406733011	-0.0544287075	0.0031353861	-0.0547177709	-0.1241703762	-0.1046369465	0.011632864	0.1095669446	-0.0315662148	0.0256858697	-0.0539470198	-0.0478702901	-0.0433181735	0.0245020851	-0.057849253	-0.0809016767	-0.0883568722	-0.013210291	0.1020200125	-0.0450764445	0.0896198877	-0.0041847494	-0.0003895507	0.0775201974	-0.0994619023	0.0304330331	-0.0905521734	0.0487947549	-0.0613389599	-0.0723477504	0.0250774604	0.0034782396	0.0953822626	0.0657043536	-0.0238162083	-0.0320686155	-0.0348261992	0.023944398	0.0701777732	0.0455097777	0.0257455472	0.1227583507	-0.0892141153	0.1367606443	0.0081802401	-0.043232172	-0.039644644	-0.1299782315	-0.0559419782	-0.0469524072	0.1055007667	-0.0644048267	0.0	0.0	-0.0409134206559826	-0.026352643735521	0.0016739079897733	0.0006944618318512	0.1470497728788729	0.0034150118367506	1.1662305845147336e-05	0.0216236357037281	0.3930343801509082	-0.0033544141528238	1.1252094308665232e-05	0.1544760239806086	0.0013789985312948	-0.0006630095327258	4.3958164048541604e-07	1.901636949313216e-06	-9.402959662851984e-05	-0.0001512854853058	8.84156504212215e-09	2.288729806422718e-08	-4.293515783322069e-05	0.0001961237799656	1.8434277781635721e-09	3.84645370680262e-08	0.0	0.0	0.0
52.67434811548491	0.0702187791494282	0.0049306769452361	2774.5869493912887	61.87066804112254	0.0289452559464464	3827.979563854782	0.0008378278418052	53.23732829799314	-0.0710328175471346	2834.213124308301	0.0050456611686845	54.61224994816893	50.73717913398131	1.04693	34.788414	0.1159188559803256	0.0633282335580152	0.0720994694	-0.0580035527	-0.0413436157	0.0500698762	-0.1077096483	-0.0927211094	-0.0145073909	-0.0677270777	0.0194540016	0.0276800966	-0.0784913752	-0.0075762177	0.0812037756	0.0668195346	-0.0558276931	0.0350561467	-0.0493871944	0.0297949547	-0.0357614063	0.0783193272	0.0193468783	0.0035010563	0.0540167458	-0.1423159554	-0.092641474	-0.1372327043	0.0312023304	-0.0216111173	-0.0427560838	-0.0327687187	0.0390145697	-0.0071272995	0.0028829901	0.033808279	-0.0541292169	-0.1758617498	-0.040195333	0.0498194506	-0.0178272236	-0.0304548481	0.0510308086	0.0140533889	0.0763571536	-0.0084640519	-0.0801165345	-0.0406458316	-0.0197631637	0.0970750339	-0.0616630109	-0.015834838	0.0356259363	-0.0858925276	-0.0376638131	-0.0154922283	-0.0643242782	0.1303653472	0.0934760028	0.0784918787	0.1190385495	-0.0050917187	-0.0473335055	0.0361171748	0.0042309445	-0.0346582117	-0.010248271	0.101339631	-0.0410242239	0.0401153583	-0.1034880157	0.0707187951	-0.0555492775	-0.1241438995	0.1036042808	0.0953510669	0.0459319267	-0.1058096869	0.1291118502	0.1476861634	0.0258030516	0.0768941191	-0.112042099	-0.1153934306	0.0594191805	0.0018934194	0.0705125515	0.0150494401	-0.0289340728	-0.09260263	-0.0443245336	0.0759269199	-0.0404546743	-0.0322168618	-0.0253340664	-0.0939793981	0.1059573772	0.0850696016	-0.0521585797	0.0177116986	-0.0696340834	-0.0097057348	0.0491050449	-0.0952038433	-0.0592945459	-0.0094017975	0.037974794	-0.0390444784	-0.0610239082	0.0053469017	0.1529517701	-0.0809298514	-0.0497799846	0.0821528802	-0.105384269	0.0480416703	0.0510593803	0.1263628562	-0.0263078949	0.0410320275	-0.0474259555	-0.0180395614	0.0098692683	0.0338525825	-0.0355018892	0.0160449639	-0.0507809674	-0.0357948112	-0.0684471307	0.0783579579	0.0919425273	-0.1842066957	-0.0013120199	-0.1438829819	-0.0967432805	-0.0537895329	-0.0488842456	-0.0516364651	-0.0696122689	0.0376309536	-0.0321044026	-0.0475908998	0.0372996292	-0.1262410029	-0.0108060803	-0.1297931921	0.0341907618	0.1555594709	-0.0219683797	-0.0357120538	-0.0934974832	0.041643287	0.1779986085	0.0947003494	0.1460265868	0.0042025831	0.002066166	-0.0739836145	-0.184512115	-0.0072909511	0.025243713	-0.0118664634	-0.0844395312	0.0219064444	-0.1225388399	0.1415740021	-0.2109415861	-0.057522261	-0.0435692762	0.1048092098	-0.0701830781	0.0	0.0	-0.0422931984946615	-0.0013797778386789	0.0017887146389088	1.9037868841094243e-06	0.1449896856263421	-0.0020600872525307	4.243959488039859e-06	0.0210220089380255	0.4348482137319891	0.0418138335810809	0.0017483966787463	0.1890929689859017	0.0020070844538928	0.000628085922598	3.9449192616578106e-07	4.02838800505816e-06	-0.0003239860279389	-0.0002299564313103	1.049669462996257e-07	5.2879960301005593e-08	0.0005123256344191	0.0005552607922523	2.6247755568293337e-07	3.083145474126749e-07	0.0	0.0	0.0
52.853258124124416	0.1789100086395052	0.0320087911913878	2793.466894335324	62.07219528651738	0.2015272453948355	3852.95742768755	0.0406132306364302	53.2613688192424	0.0240405212492618	2836.7734084993663	0.0005779466619362	54.57001959108839	51.2844336512042	1.134246	37.689804	0.2782740913319813	0.1501898195459965	0.1166350784	-0.0203512317	0.1054140595	0.014162946	-0.0293961516	-0.0176646185	0.0509851156	0.0108074868	0.053659126	0.1098586027	0.0373787943	0.0472004523	0.0379506377	0.028277659	-0.0703651376	-0.0180745261	0.0924891691	0.0828994447	0.0396715251	-0.1001497754	-0.0523604268	-0.1481302112	-0.0490858372	-0.2237403943	0.0648796322	0.1351730027	0.2179235091	-0.1017324685	-0.083927142	-0.0616124223	0.0254308848	-0.0092576931	0.0773358015	0.0378227818	0.0238306841	0.0115086182	-0.1362717016	0.0261868163	0.1615751833	-0.0564260987	0.0502652544	0.0174613755	-0.0410851308	0.0042497987	0.0379397257	-0.0040198483	0.1739985771	0.1339506791	0.0269783271	0.0322386051	0.1169407696	0.0164276069	0.0545946075	-0.0296211144	-0.0223712235	0.0088476275	0.0857723986	0.0097351934	0.0337463663	-0.1036324292	-0.0366629881	0.0620539949	-0.0808674517	0.1673081481	0.0024238599	0.1633517136	0.0030896723	0.1523834829	0.110643297	-0.0645364123	0.0526565056	0.008479218	-0.1643900202	-0.007579646	0.0472273056	-0.1204605416	0.0270601045	0.056772775	0.0381834469	-0.0944204596	-0.0807370447	0.0274168607	-0.0508153659	0.1011932512	0.0964801325	0.1039601492	-0.0122300053	0.0503746949	0.1107923587	0.1425663624	0.084916318	-0.0283544884	0.1664209262	-0.070024163	0.0649897295	0.0753457281	0.0104061581	0.0068850398	0.0248171667	-0.027032216	0.0553309146	-0.1487334032	-0.056307252	-0.019830245	0.123454158	-0.1056057369	0.0395728972	-0.1413296038	-0.0138370992	-0.0074089439	0.1440296746	-0.087472561	-0.0247890118	0.0078022888	-0.0153954188	0.0077211003	-0.02465253	0.0290168429	0.0310312307	-0.0557582859	0.0944108454	-0.1918328857	-0.0620958479	0.0361333593	-0.1734571119	0.1628804545	-0.0689930466	0.0302377439	0.1675800329	0.0425053549	0.0871927367	0.0993687815	0.0202619024	-0.022254235	0.0037995177	0.0063129369	-0.044781037	0.1235667614	0.1121937218	-0.1201758466	0.0670382825	-0.2323344277	-0.0545616863	-0.1133111514	0.238760594	-0.087922696	-0.1142735586	0.2145003613	-0.1299470418	-0.3202423982	0.5584455444	0.1163779171	-0.0697223527	0.0638924314	0.039406765	0.0392100745	0.0440558625	0.1352164967	0.1285828046	0.1241845187	-0.0821106354	-0.0253820981	0.0120023787	-0.002924833	0.0295404979	-0.059084626	-0.0401318633	0.1038238878	-0.0756116809	0.0	0.0	-0.1223905013303863	-0.0800973028357248	0.0149794348159032	0.0064155779215578	0.1430838998596755	-0.0019057857666665	3.6320193884289406e-06	0.0204730023990536	0.4199874330687692	-0.0148607806632199	0.0002208428019203	0.1763894439356938	0.0020160515891541	8.967135261299906e-06	8.040951479444815e-11	4.064464010130773e-06	-0.0015219276273805	-0.0011979415994416	2.316263702984038e-06	1.4350640756726988e-06	-0.0019089700722054	-0.0024212957066244	3.64416673657589e-06	5.862672898918236e-06	0.0	0.0	0.0
52.81145059007133	-0.0418075340530847	0.0017478699035998	2789.0493134275457	61.90640012367622	-0.1657951628411567	3832.4023762726993	0.0274880360215256	53.435874346445296	0.1745055272028963	2855.3926671690906	0.0304521790243608	54.75409591505525	51.8063550052331	1.152553	38.298153	0.3656677168304371	0.1673274639395911	0.1419755438	0.0383735693	-0.0403896681	-0.0487464748	-0.0684739269	0.0091748357	0.0318925631	-0.0321606176	-0.023604666	0.0945760859	-0.0264648685	0.0163079614	0.1040299616	-0.0281338901	-0.0759088291	-0.0483666319	-0.0071200103	-0.0200901383	-0.0760580523	0.0657123318	-0.054843858	0.0565962866	0.0275885218	-0.1265636537	-0.0679657262	0.0591447269	-0.1041439436	0.0043332873	0.0571376421	-0.0402163741	-0.0013978609	-0.0300850377	-0.0497791149	0.155732973	0.0801099426	-0.0782330508	-0.01746942	0.1262723096	-0.000367368	-0.0913274535	0.1252949816	0.0049636472	-0.009920414	0.1125196083	-0.0324660722	-0.0929699556	0.0440907337	0.0703478031	-0.0289677882	-0.0158546169	0.0750117393	-0.0142460086	-0.0692049919	-0.0039885395	0.0038949115	0.069358849	0.0390049051	-0.0481445042	-0.099189652	-0.0305024289	0.0217538889	-0.0239112071	0.0668709363	0.0589702595	0.0757166118	-0.0352713533	0.098314646	0.0772192327	-0.075907795	0.0430162368	0.0380393127	-0.0944328439	-0.0160320025	-0.0352393275	0.012960514	-0.0108031526	0.0400547767	-0.0829465644	0.0363240571	-0.0114060739	0.1664567312	-0.1852638779	0.0439579268	-0.1396080076	-0.0420781089	-0.0303638404	-0.1100636311	0.0387355666	-0.0192935901	0.1101673586	-0.0248381406	-0.1308260218	-0.0162366522	-0.0598555005	0.1033068666	0.0769356559	0.004734249	0.0568004904	-0.0280938724	-0.0993232404	0.0614244674	-0.0002481915	-0.0527590477	-0.0936684367	0.0072089196	-0.0506468163	0.0132629177	0.0114774	-0.1067316805	0.0821681596	0.0019819256	0.0285496118	0.0007183626	-0.0457902698	-0.0614533452	0.0080300043	-0.0922055958	0.1539513864	0.007049656	-0.0947385889	0.0129304268	0.095370231	-0.0268909259	0.0539806898	-0.0566587748	-0.0978752689	0.1616474361	-0.0224046555	-0.0857027835	-0.0074006608	-0.0407519084	-0.1229555252	-0.0024670224	-0.0383123707	-0.0468203186	-0.0915485035	-0.0210765333	-0.0731600708	-0.0026479082	-0.0123287414	0.0390562947	-0.0875776562	-0.0263356404	0.0650209271	-0.0726933658	0.0489589219	0.0718647686	-0.0465824964	0.0530279913	-0.0766417413	0.1244373321	-0.0704494719	0.1411422513	-0.0381195635	-0.1666876494	-0.0614669305	-0.0385554382	-0.0504143609	0.0416885449	-0.0385193275	-0.0392192302	0.2556924404	0.1562214447	0.0599540091	0.0307443658	-0.0606285865	-0.0366444511	0.1025475623	-0.0806635902	0.0	0.0	-0.0110779731056425	0.1113125282247438	0.0001227214881293	0.0123904789397843	0.1440338711176565	0.0009499712579809	9.024453909899876e-07	0.0207457560291376	0.3707852946570327	-0.0492021384117364	0.0024208504242876	0.1374817347339025	0.0013350042901455	-0.0006810472990086	4.638254234869097e-07	1.7822364547068902e-06	-0.0001009508228224	0.001420976804558	1.0191068628519598e-08	2.0191750790921483e-06	7.306740294741709e-05	0.0019820374751528	5.338845373480215e-09	3.928472552910154e-06	0.0	0.0	0.0
52.6992929147258	-0.1121576753455286	0.012579344138913	2777.215473712069	62.348251922980886	0.4418517993046649	3887.30451785149	0.1952330125487698	53.35132255779921	-0.0845517886460882	2846.363618666335	0.0071490049632527	54.68906580134688	51.70546601300996	1.095411	36.399384	0.2577044733883751	0.1656649365559907	0.028039046	0.0927752274	0.0559551021	-0.0648174391	-0.0121391676	0.0880056991	-0.0866682218	0.0754485108	0.1137040497	0.1530906192	0.0042321324	-0.0442690832	-0.1153478525	-0.0969003916	-0.059693153	-0.0368488455	0.1506329178	0.0027151629	-0.0379069078	-0.0813794872	-0.0943410445	0.1052319768	-0.0911552936	0.0977358615	0.1096317954	-0.0679054749	-0.0928557235	0.0983549324	0.1026127915	-0.0515782458	0.1125114333	0.101132907	0.0399883564	0.0112005835	0.0357293732	-0.0728892513	-0.054938064	0.1744716952	0.0224832918	0.0367814449	0.0456329536	-0.0516537405	-0.0282898421	0.0185130731	-0.081714646	-0.048034456	-0.0350092768	-0.1445995481	-0.0704601225	0.1321721372	-0.0671739701	-0.0923334664	-0.1389088078	0.0104828866	-0.0143418035	-0.0034219564	-0.0087348535	0.0392182099	-0.0236039743	-0.0366893376	0.1688467773	-0.069897905	-0.0467565766	-0.0171596735	0.0416117517	-0.0273151071	-0.0134724286	0.0777612328	0.003499219	0.0286167412	-0.0257037444	-0.051240485	0.1341595429	-0.0878172205	0.0997047974	-0.1042628559	0.1221913841	-0.0343382538	-0.0305674507	0.0369898898	0.1095190484	0.1060803181	-0.0037114833	0.0816189449	0.038281862	-0.0645384103	-0.0722263504	0.0883713031	-0.0357043758	-0.0411478596	0.1034590264	-0.0599522232	0.032249497	0.145906218	-0.0413807655	0.0331910783	-0.1269396624	0.0993224107	0.0126158708	-0.0686285367	0.1037886698	0.0564020987	0.01259958	-0.0667893576	0.0500188638	-0.1526244921	-0.0014316742	0.1611930756	0.0431378798	-0.0425503782	-0.0379017516	-0.0254756593	-0.1149493877	-0.0675558322	-0.0282824688	0.0223568271	0.0473301414	-0.0274935142	0.155175266	0.0251260922	0.0134477989	0.0700265438	0.08591198	-0.0037342769	-0.0287839576	0.0439370781	0.134397206	0.1750199504	0.0116926356	-0.0666984149	-0.0501014393	-0.0272208763	0.0034470565	0.1416327128	-0.1631974399	-0.0368815129	-0.0030224375	0.0513831613	0.0705828219	-0.0651831989	-0.0114476007	0.0986473035	-0.0922917094	0.0865011499	-0.1462300113	-0.2002002293	0.1390686836	0.0149027725	-0.0164243042	-0.056878426	0.2178115186	0.0656624729	-0.0223751354	-0.0897456564	-0.1501386045	-0.1092421359	-0.0390149235	-0.0804012725	0.0408662419	-0.160934416	0.0721860594	0.0977449334	-0.013359793	0.0802441326	-0.042995349	-0.0621536617	-0.0331113845	0.1009838109	-0.0853136375	0.0	0.0	-0.0097546999002702	0.0013232732053722	9.515417014433146e-05	1.7510519760562785e-06	0.0895709581900376	-0.0544629129276189	0.0029662088845613	0.0080229565510814	0.4037598656686825	0.0329745710116498	0.0010873223334023	0.1630220291247925	-0.0014960337410466	-0.0028310380311921	8.014776334056043e-06	2.2381169543498857e-06	0.0002287819400605	0.0003297327628829	5.234117609784622e-08	1.0872369491839075e-07	0.0002911709337471	0.0002181035307996	8.47805126591581e-08	4.756915014728823e-08	0.0	0.0	0.0
52.50936313949897	-0.1899297752268296	0.036073319517714	2757.2332173157733	61.87056985268226	-0.4776820702986271	3827.9674138956343	0.2281801602847825	53.35761143046723	0.0062888726680228	2847.034697564727	3.954991943460427e-05	54.73312962534996	52.04332138446563	1.079908	35.884232	0.0872109666301982	0.0480814019069852	-0.0120990889	0.1042929996	-0.1405798856	-0.1712916953	-0.0474216125	0.0764156545	-0.1039392167	0.0994138715	0.0028192839	0.0915668112	0.0172374402	-0.1363104791	-0.0918655153	-0.1265929555	0.0256149475	0.0894495993	-0.1033585287	-0.0061955395	-0.0839323734	-0.0437436053	-0.0400609108	-0.0241150678	-0.0258026086	0.1029407088	-0.0580666824	0.1050387734	-0.0398192186	0.0551846957	0.0898831585	-0.050933546	-0.093942256	-0.0229608589	-0.0379097484	0.0752220457	0.0862048105	0.1124425079	0.2054961898	-0.0172205333	-0.0426250899	-0.1228499854	-0.0473481124	-0.0906436606	0.0412192424	0.0852319835	0.0281390421	-0.093511531	-0.1379918154	-0.0469981921	0.0263198883	0.0899136838	0.0581543047	0.007669257	-0.009556667	-0.014463434	0.0918218148	0.1247815328	0.0734244493	-0.08413142	0.0112449163	-0.1396366566	0.0412090127	0.0331624152	-0.0299617868	-0.0276452926	-0.0430709088	-0.0654218506	-0.0001621247	-0.0254942697	0.1328712581	0.0560514234	-0.184976674	0.0060078059	0.0037104784	0.1674013139	-0.0871532345	0.0904060059	-0.0308133965	0.0574347481	0.0940814781	0.0670398762	0.0733227931	0.0366485659	0.083987011	-0.0406229194	-0.0118732668	-0.0088443746	-0.1160899106	0.1255204182	-0.02249999	-0.1513914556	-0.1408548006	-0.0193265414	-0.0583225041	0.0542964225	0.0229939428	-0.0603689479	0.0937449403	0.0244217112	-0.0238128186	-0.0494372981	0.0243879411	0.0559091297	-0.0969800524	0.1525039613	-0.0862177667	-0.0133305546	0.0701253521	0.0576763061	0.0569918998	0.0949815842	0.1199941702	-0.0076161469	-0.1008098432	-0.0023063911	-0.0084001933	-0.0065653367	-0.0312976473	-0.0991897472	-0.0837747246	-0.1009400576	0.0171521864	-0.0118672507	-0.0389595053	0.0562340444	0.09714453	-0.0206751466	0.1118193563	0.096054198	-0.0887500724	-0.0285369836	0.0230175185	0.0564904794	-0.0196347188	-0.0908645746	0.0721108803	-0.1183275673	-0.1258921304	0.0338923311	-0.0659775489	0.0861439571	-0.0155996833	0.1464531504	-0.0298153867	-0.0226905876	-0.1154879872	-0.0320906226	0.1368136221	0.0308835875	0.2529305759	-0.0173328209	0.1758448406	0.01670957	0.1107867809	-0.1231510555	-0.1127681589	-0.1047645835	-0.0161476422	-0.002849736	-0.0851182435	-0.0445551767	-0.0152379165	-0.1870728939	-0.1671203672	0.0695292569	0.0180358584	-0.0636593764	-0.0295370653	0.0991370163	-0.0895386565	0.0	0.0	-0.0036669383005119	0.0060877615997583	1.34464364997611e-05	3.706084129549175e-05	0.1096068520479178	0.0200358938578801	0.0004014370426842	0.0120136620158541	0.4105547645754228	0.0067948989067402	4.617065115282036e-05	0.1685552147155808	-0.000809991592596	0.0006860421484506	4.706538294507153e-07	6.560863800762044e-07	0.0002710268724039	4.2244932343400005e-05	7.345556556503989e-08	1.7846343086984435e-09	-6.639023077528922e-05	-0.0003575611645223	4.40766274239616e-09	1.278499863746071e-07	0.0	0.0	0.0
52.202405527117456	-0.3069576123815167	0.0942229757989614	2725.091142817623	61.61710776482429	-0.2534620878579687	3796.6679693019696	0.0642430299813206	53.23017415492493	-0.1274372755422987	2833.4514405636382	0.0162402591976437	54.58862080391962	51.4173481574883	1.083932	36.017948	0.0926463892134528	0.0526116890716966	-0.1900990096	0.0815543288	-0.1053227319	-0.0499146508	0.0624053759	0.045716253	-0.0568712544	0.0092391228	-0.0035177596	-0.1152341226	-0.0804198514	-0.0189155238	-0.146950173	-0.090434785	0.1373366497	0.0102174651	0.0449274177	0.0426973469	-0.0700350696	0.0716745656	-0.0416451919	0.0536080555	-0.1972539885	-0.1300308814	0.1077697801	-0.0521711478	0.0149435881	0.0315502529	0.0476615621	0.0009926223	-0.1119505289	-0.1038284736	0.1210107106	0.0163673538	0.009749813	0.0661060759	0.0680091367	-0.0017544034	0.0324524599	0.0448343444	0.0580353341	-0.0373428689	-0.0779943794	-0.0305878463	-0.1310652052	0.074809573	-0.0834269983	-0.1184129462	-0.057849883	0.1852934129	0.0531267706	0.0263704974	0.0272070746	0.1326012025	0.0836898694	0.0243404814	-0.1682853983	-0.1219803909	0.0253348681	0.0721644065	-0.0083694604	-0.0134513041	-0.0442485661	-0.0382640847	0.1102771492	-0.0871710162	0.0174963858	-0.0688801809	0.0350588537	0.1342201974	0.0469018325	-0.1020240715	0.0136047855	0.1064912634	-0.1126398797	0.0876984965	0.0744235593	0.0684476569	0.1037116704	-0.0272503781	-0.104230216	-0.0233801193	-0.1447564008	0.0403859795	-0.0430089719	0.0176702815	-0.0315052636	-0.0549403615	-0.1555287351	-0.2327247222	-0.0699816527	0.0626143849	0.0418439746	0.0378911062	0.0127290965	-0.0906439619	-0.0580158962	0.0915843578	0.0234006336	-0.0542802129	0.05112386	-0.2067594327	0.078314109	0.1064713898	0.0357488165	0.0584216862	-0.029349424	0.1493806621	0.0286077047	0.0292373947	0.0664318713	-0.0418351407	0.1323543331	0.0407944239	0.0101608099	-0.1237653701	-0.0503260411	-0.1220426211	-0.0234446342	-0.0147742626	0.0333726771	0.0111803758	0.0289618657	0.0370110345	0.0425917844	0.0146633689	0.1086269628	-0.0089883115	-0.0278161509	-0.0114728188	0.0856135782	-0.0143093799	-0.0576384281	0.0769323786	-0.0627961891	-0.0014910409	0.0481762016	-0.029365419	-0.0372098736	0.0045696619	0.0144820369	0.1874780718	0.0364101217	0.0005313218	-0.0617073598	-0.0008407766	0.1490700944	-0.0558620356	0.0864280354	-0.0510617292	0.0821608078	0.0784050245	0.0156832385	0.0325900021	-0.094049018	0.0443149118	0.0424095718	-0.0222041098	-0.0249214691	0.0193890018	0.0380271083	-0.0348730724	0.0069367991	-0.0842251712	-0.0673890091	-0.0651452616	-0.0259259465	0.0970123549	-0.0933175984	0.0	0.0	-0.0076421944325204	-0.0039752561320085	5.840313574444581e-05	1.5802661315071185e-05	0.1380759112507661	0.0284690592028483	0.0008104873318952	0.0190649572677294	0.4386345942126226	0.0280798296371997	0.0007884768324541	0.192400307240072	-0.0002880037014585	0.0005219878911375	2.724713584941745e-07	8.29461320537968e-08	0.0002469956785484	-2.40311938555e-05	6.100686522158456e-08	5.774982781206208e-10	3.0035569059635656e-05	9.642579983492488e-05	9.021354087361428e-10	9.297934873805e-09	0.0	0.0	0.0
52.01661993060528	-0.1857855965121757	0.0345162878713849	2705.7287490050426	60.88500173942192	-0.7321060254023735	3706.98343680941	0.5359792324304608	53.15815346057598	-0.07202069434895	2825.789279338146	0.0051869804145048	54.39687411482489	49.32168927570928	1.051705	34.94706	0.0397051813418383	0.0215682377772245	-0.2535904415	-0.0607919769	0.0432477597	0.0528681577	-0.05211984	0.1171476568	-0.0613045308	0.0084518331	0.0836431843	-0.2201412026	0.0705533936	-0.0955358364	-0.1600898241	0.0758581559	0.0444228938	0.1067783891	0.0191011621	-0.0891550302	0.1144370417	-0.0470804426	-0.0515589195	0.012192923	-0.0954262676	0.1161181554	0.0115263164	0.0649214363	-0.0648625802	0.0362175727	0.0191292026	-0.163751111	-0.0305227166	0.0711518343	0.0280014313	-0.1413709695	-0.0425348299	0.1908573611	-0.0003327019	-0.044382012	-0.0608587294	0.1376774574	-0.0372754976	0.0198918857	0.0194812903	-0.0427605716	-0.1395315765	0.1029756304	0.0230659455	-0.0222781692	-0.0934931057	-0.0671679384	0.151131067	0.0185036721	0.0359770835	-0.0491593658	-0.0967478978	0.1660713263	-0.0488915103	0.0240020563	0.0541737135	-0.1197616457	0.0342115304	-0.1276468027	-0.069281837	0.0520171566	0.0259694612	-0.1478630469	-0.0190107382	-0.0859898225	0.0696465744	0.0445722417	0.0308711376	-0.0077560804	0.0079238027	0.0771066586	0.2120362489	0.0342744327	0.0211744053	-0.0962844536	0.0222935142	-0.1020747243	0.0213920689	-0.0704562531	0.0063041085	-0.0579487532	-0.0224833657	0.0288771423	0.1656019541	0.0741729509	-0.091942126	-0.0423340888	0.0109362344	0.0484463331	0.0632878012	0.0368244991	-0.0232844434	-0.2706742921	0.0454578321	0.0531659826	0.1931294701	-0.0051845951	-0.0651563801	-0.1041814879	0.03027532	0.0068256209	-0.0162232773	0.0798921346	-0.0731798784	-0.1059783611	0.0870029809	-0.0061326992	-0.0496632032	0.037434395	-0.1574770273	-0.1134996691	0.0825676017	0.0365543188	0.0362024506	0.0283852006	0.0313818811	-0.0563405144	-0.0263366273	0.0346468309	0.0738365141	-0.0410313234	-0.0316451298	0.0939281349	0.140734507	-0.0413142692	-0.0474888471	0.0135477404	0.1497134182	-0.0390339069	0.0126543458	0.0296050462	0.0248919877	-0.0742998201	0.0467680742	0.092488483	0.0042264051	0.0281541968	0.00327713	0.2427225951	0.0540233983	-0.0714928987	-0.0260046434	-0.1048115359	-0.007425474	-0.0398817019	-0.09051912	-0.0776215751	0.0389168197	0.0183647665	0.0058806731	-0.0173228089	-0.0237993912	-0.069838791	0.0111011689	0.0098707792	-0.0076382809	0.0028616086	-0.0450892081	-0.0286924455	-0.0109069741	-0.1438671397	0.1108640775	-0.0666108546	-0.0222825273	0.0946157819	-0.0966316368	0.0	0.0	-0.0079328900201147	-0.0002906955875942	6.29307440712354e-05	8.450392464679493e-08	0.1200053875311226	-0.0180705237196435	0.0003265438275021	0.0144012930364949	0.4493796475656708	0.0107450533530482	0.0001154561715598	0.2019420676462464	-0.0001550084279149	0.0001329952735436	1.768774278493699e-08	2.4027612724648757e-08	0.0002159939520123	-3.100172653609998e-05	4.665338730589176e-08	9.611070482191255e-10	7.801674261098264e-05	4.7981173551346986e-05	6.086612127628314e-09	2.3021930153644795e-09	0.0	0.0	0.0
52.0931470058958	0.0765270752905209	0.005856393252521	2713.6959649778705	61.1118950577049	0.2268933182829826	3734.663717543936	0.0514805778814628	53.12670889408631	-0.031444566489668	2822.44719791699	0.0009887607617231	54.37907844086796	49.26376017827189	1.075556	35.739613	0.108964304829482	0.055904380012677	-0.144060393	-0.2169941302	-0.0650219361	0.0247948668	0.1034925332	0.0558352776	-0.0149676608	0.0010875004	0.0128795666	-0.2250670218	0.0867886238	0.1918581136	-0.0710665348	-0.1437926186	0.0317319179	0.041684563	-0.0581481256	0.0203447427	0.0352525611	-0.039937475	-0.1745925071	-0.0614992292	-0.0268643766	0.0969693244	0.0173712464	0.0339493222	-0.061318825	0.0573780179	-0.0035882919	-0.1466108462	0.0531033215	-0.0456960786	-0.0084294122	-0.0086423164	-0.0551272494	0.0480894149	-0.132599955	-0.040166299	0.1545263621	0.030202356	-0.1442978627	-0.0590193365	0.0480599081	0.0018208906	0.0463186095	0.0389513213	0.0824404189	0.0239440678	-0.1100935285	-0.1069920951	-0.0247935526	0.1118685896	0.0558477387	0.0547771728	-0.0225211104	-0.156553453	-0.0736546447	-0.0229682015	0.0472129577	0.066681812	-0.0597131638	-0.0440885912	0.0323846423	0.0435454546	-0.0397133544	-0.0372757854	0.1568881717	-0.0210945244	0.006369643	0.0172203351	-0.0315967059	0.0764931633	0.0196326043	-0.0363222846	0.088877497	0.1025913042	-0.0148690779	-0.0206819544	-0.0615541184	0.0738305824	0.0768181444	0.0666101026	-0.0018455511	-0.101298154	0.0921934643	-0.1586884063	0.1959281669	-0.1373030873	0.090182736	-0.057503232	0.0085086729	-0.036097248	0.0362684294	0.1867282832	-0.0413678898	-0.0174657459	-0.0072552608	0.066713974	0.0986705845	0.0226046469	-0.0398527158	0.0601965484	0.053822207	-0.1222955796	0.1918852095	0.1372905609	0.0321234092	-0.0751007114	-0.1476681782	0.0531592811	-0.0215926063	0.1115576521	0.0756798694	-0.0480813855	0.0660473836	0.0119576375	-0.0192302167	0.0657798775	-0.0482980228	0.0296933414	0.0578845449	0.0622464355	0.2231052472	0.0554577832	-0.0193011791	-0.0821205742	0.0261035243	-0.0664792207	-0.086886487	-0.0040693659	-0.0754619944	-0.0066045942	0.0057422684	-0.0653563607	0.0433494083	-0.0040295289	-0.0535854029	-0.0932985385	-0.248081064	-0.0953092752	0.0967047705	0.2125481402	0.0437548618	-0.0816148493	-0.0788649459	-0.0260161139	-0.075233401	-0.0849176326	0.0009285018	-0.1012075162	-0.0321106409	-0.072362986	-0.049665901	0.0172817074	-0.1587619227	-0.0053551517	0.0900177457	-0.0368575836	0.0479007516	-0.0265627098	0.0330975611	0.0180542212	-0.0739616175	-0.0257463126	-0.0934418489	-0.0680556987	-0.0186113467	0.0919540145	-0.0994642612	0.0	0.0	0.0050282742159311	0.0129611642360458	2.528354159059752e-05	0.0001679917783537	0.1276761083414186	0.007670720810296	5.883995774950816e-05	0.0163011886412096	0.404865552718654	-0.0445140948470167	0.0019815046400492	0.1639161157781812	-0.0003899718428818	-0.0002349634149669	5.5207806372907656e-08	1.5207803824062734e-07	0.0006970162406838	0.0004810222886715	4.85831639776977e-07	2.313824421987679e-07	-8.236405247308566e-05	-0.000160380795084	6.783837139789209e-09	2.5721999431797908e-08	0.0	0.0	0.0
52.29946240672757	0.2063154008317695	0.0425660446203737	2735.2337680327105	61.17676447821664	0.0648694205117408	3742.5965120231895	0.004208041717529	53.22694801014556	0.1002391160592495	2833.1079944747385	0.0100478803883396	54.43758019918751	49.88184899564521	1.064575	35.374737	0.1107762837411228	0.0540630782987383	-0.1285366279	-0.0499064204	-0.0349731046	0.1421579525	0.0437168418	0.0996892327	-0.1167453676	0.1022021733	0.0295698057	-0.1626697692	-0.0209518388	-0.0185179559	0.0119778171	0.0368164269	0.0410032747	0.0086943197	-0.0362322372	0.2523742629	0.0299706452	-0.1403113108	-0.1323619294	0.0241186172	-0.1010148108	-0.0613189995	-0.0340747557	-0.1448618229	-0.0154587862	0.0105752373	0.0401738443	0.1647221142	0.0201214864	-0.0327625609	-0.0115019868	-0.1427145267	-0.0611928883	-0.09184639	-0.0485448006	-0.0892322635	0.0792580766	-0.097659724	-0.0664385193	-0.0611145146	-0.03448317	0.1057564243	0.0047988266	-0.0107208317	0.1415144666	0.0213117962	0.0807125907	0.0887695429	-0.0067913801	-0.0780425267	-0.0604155067	-0.0326360351	0.169703327	0.0713097957	0.0150905264	-0.1006536787	-0.1342438594	-0.0862969229	0.0453894092	-0.060268389	0.0078974477	0.0481024606	-0.0401345867	0.040377423	-0.0235338152	0.0667947279	-0.0651276222	-0.0238240755	-0.0467216986	0.0358765093	0.1316115622	-0.0461492014	0.0105352764	0.0423878183	0.0230264817	-0.0545407725	-0.0226170296	0.0620484937	-0.040670701	-0.0641365734	0.0033635639	-0.041575263	0.0982400468	-0.0836279962	0.120720718	-0.1057436904	0.049417102	0.0303518043	0.0008747291	0.0846147397	0.0934593313	0.0173728641	-0.0613119812	0.0922053124	0.0946828201	-0.0332860098	-0.0710538979	-0.0107343124	0.1837471668	0.0525468894	-0.0528192908	-0.0128459643	-0.0073582524	-0.0413227809	0.0594601553	0.0347343763	-0.0084143447	0.1178962092	0.0639326643	0.0893597606	-0.0282408238	-0.0238197812	-0.0554520065	-0.0428545139	0.0713208993	-0.0397342126	-0.0280519356	-0.0198341906	0.002524837	-0.0919125367	0.0101237666	-0.130932402	0.0051462761	-0.0102656367	0.0331263533	0.1008315913	0.0215634488	-0.035591111	-0.082382227	0.006711906	-0.0744935938	0.0202295508	0.0306115119	-0.0723091372	0.0914356029	-0.0656738528	0.02080769	0.096815953	0.0372259351	0.2141861442	-0.0148621791	-0.0794400131	-0.0071810411	0.0398324287	-0.0178190066	-0.0414371435	-0.1294864669	-0.0570101961	0.0106459534	-0.0589585853	0.0423881368	0.0483966417	-0.012870459	0.0111482871	-0.0116275847	-0.0097196737	0.0020847754	0.0366421249	-0.1112722652	-0.0236165009	-0.0013723755	-0.1487007869	-0.0756350421	-0.0694793439	-0.0149169788	0.0890345132	-0.1018013597	0.0	0.0	-0.0371529354869153	-0.0421812097028463	0.0013803406152948	0.0017792544519955	0.1216079577967406	-0.0060681505446779	3.68224510328758e-05	0.0147884953994938	0.4311690525357363	0.0263034998170823	0.0006918741026272	0.1859067518645645	-0.0006909891262683	-0.0003010172833864	9.061140489738845e-08	4.774659726210287e-07	0.0002800258906754	-0.0004169903500084	7.841449944855109e-08	1.7388095200012793e-07	-7.590321233766242e-05	6.460840135423242e-06	5.761297643176269e-09	4.174245525549581e-11	0.0	0.0	0.0
52.44953883849555	0.1500764317679781	0.0225229353722085	2750.954124370853	61.175689900671685	-0.0010745775449549	3742.465034823144	1.1547169001214957e-06	53.239863796347	0.0129157862014395	2834.4830970535804	0.0001668175332012	54.47916973239989	49.7419591997609	1.081029	35.921474	0.0863667445308893	0.0482902684356276	-0.0032073499	-0.2061418945	-0.0132428158	0.0631179935	0.0330369104	0.0515536177	0.0022997808	0.0941893095	0.0303992913	-0.1346646845	0.0141541381	0.0971510037	0.1252255784	-0.1061531002	0.0196295676	0.0513930947	-0.0284947744	0.0410629045	-0.0472860673	-0.0184831075	0.0855359232	-0.0790283198	0.0191822453	0.0465822286	0.1380541363	0.0067897041	0.0994640645	-0.1024413841	0.0681883228	-0.0689616031	0.0063637684	-0.0174173123	-0.0604042289	-0.02888694	-0.0072556976	0.0151309048	0.0272580409	0.0052155621	0.0244608477	-0.1011316021	-0.0599933804	-0.0198423663	0.1052683825	0.06149957	0.1176389445	0.0402591349	-0.020988484	0.0086418397	-0.009660615	-0.0035848365	0.0807138162	-0.018028603	0.0555599306	-0.1823410193	0.1307734651	0.0081031806	0.0347045822	-0.0013015504	0.0140589431	0.0590881281	0.039536175	-0.0653914547	0.046539945	0.0673772453	-0.0589926655	0.0489488245	-0.1111076368	-0.1305461531	0.0057429582	0.1178135027	-0.0546728335	-0.0907311643	-0.0335400237	-0.0349869483	0.0553690578	-0.1234862184	0.024474845	-0.027226705	0.0671530555	0.0390398061	-0.1150290929	0.0094561139	0.0924206953	0.0008799911	-0.2261328558	-0.0421832239	0.0730699409	-0.1108811185	0.1304211296	0.0077562938	-0.1668804169	-0.0215583074	-0.0755264349	0.0505504653	-0.1024667143	0.0444786407	0.0296238332	0.0847829212	-0.0311979926	-0.0422830583	0.0041669677	0.0670746898	0.0657222362	0.0876372206	-0.1165108391	0.1288535785	-0.0622804032	0.0063759663	-0.0742879337	0.1064269211	0.0063618035	0.1061428699	0.0107871352	-0.0457414046	0.1500842229	0.0577181487	0.0063028153	0.0531484971	-0.1014064486	-0.0728629454	-0.0904838777	-0.0652516435	-0.0841802264	0.115620906	-0.0387208048	-0.011779405	-0.0702640946	-0.0330226679	0.1100517764	-0.0418564406	-0.0191571533	0.0508851753	-0.0755514689	-0.1268291671	-0.1166184108	0.0699334686	0.0573640808	0.0799778498	0.1604719197	0.0105087786	-0.0658277476	0.1438721556	-0.0055508171	0.0032945229	-0.1334153859	0.1002128243	-0.1168802434	-0.0416055472	-0.066090021	-0.0781207312	-0.0637776914	-0.0611470805	0.0381251291	-0.0279566028	-0.0188803574	-0.0836821952	-0.001506876	-0.0244992817	0.0625860107	0.055073625	0.0699652612	0.0503903715	0.0134686374	0.0681526764	-0.015167442	-0.0708813468	-0.0112040262	0.085865461	-0.1036312889	0.0	0.0	-0.0107146672789468	0.0264382682079684	0.0001148040948985	0.0006989820258364	0.1267924558236473	0.0051844980269066	2.6879019790999268e-05	0.0160763268537915	0.4392170624774039	0.0080480099416676	6.477046402118052e-05	0.1929116279712797	-1.0999211622598955e-05	0.0006799899146457	4.623862840198678e-07	1.209826563187159e-10	8.300010694206605e-05	-0.0001970257837333	6.889017752394401e-09	3.881915945573448e-08	-1.899954362976585e-05	5.690366870789657e-05	3.6098265813937606e-10	3.2380275124180476e-09	0.0	0.0	0.0
52.5800887696301	0.1305499311345528	0.0170432845192364	2764.6657350221817	61.81464824809895	0.6389583474272627	3821.0507380362014	0.4082677697469785	53.29285856393668	0.0529947675896806	2840.12877391576	0.0028084453918842	54.58370673964021	50.58475442224061	1.033839	34.353405	0.0804049955673184	0.041693746571551	-0.0298322655	-0.0319350015	-0.0085119876	0.1294185947	0.050658592	0.0090100727	-0.0353912542	0.061313726	0.0619753379	-0.0356248944	-0.0723162296	0.02925556	-0.0129213229	0.0712424342	0.0845604339	0.042951768	0.0066421636	0.1116913619	-0.0255715052	-0.1440185215	-0.0908930453	0.0146107769	-0.0368353572	-0.068442395	0.0226382803	-0.063865537	0.1007906639	-0.1496319539	0.0367407154	0.0862217957	-0.079485595	0.0550388947	0.0351136382	0.0747214498	-0.0078906676	-0.1319686783	-0.1117457807	-0.1017490185	-0.0927794465	-0.0153136679	0.0511171429	0.1029622259	-0.110977892	0.0225810452	0.050200125	0.1583903996	-0.0092836147	-0.0237880313	0.0212853519	-0.09935668	0.1040564035	-0.0133282698	0.0413717891	-0.0256794574	-0.0064447257	-0.0174651372	-0.1404024844	0.0333571748	0.0845065578	-0.0628949337	-0.013594593	-0.046083373	0.0040567974	-0.0658475497	-0.1780805085	0.0629835887	0.0335038625	-0.0168946566	-0.0719133762	0.0201521852	0.0084131336	0.0859285635	0.0167917449	-0.0762983498	-0.0630717916	0.0665440321	-0.0284330474	0.1206764181	-0.0215305448	0.0151634327	0.0476728194	0.0835526178	-0.035791042	-0.0159112707	0.0649125865	-0.0122651235	0.0090796808	-0.100499847	-0.041575954	0.027851191	0.0942242592	-0.0070868018	-0.0007893409	-0.0864097828	-0.0267311533	0.0665785657	0.0645384264	0.0125604696	-0.0700675588	0.0600848649	0.036896486	-0.0261127837	-0.0477256335	-0.0662829835	-0.1258866398	0.2084245371	-0.0684057451	-0.0364820316	-0.0096809472	-0.1044220474	0.028634738	-0.0262779354	-0.0203015619	-0.0481571293	-0.0228503419	0.0785220525	0.0095791042	-0.0136496223	-0.0342062023	0.0935855728	-0.1365544751	-0.0042017833	0.0360105196	0.0265217966	-0.0225995923	0.1183241946	-0.0975088424	0.0418337391	-0.0236087763	-0.0099832263	-0.028240866	-0.080120407	0.0806927223	0.0541305911	0.0768240855	0.0506146494	0.1062161004	0.0998928987	-0.0563646871	0.1061037029	-0.0945276713	0.067289824	0.0047566649	0.0231207084	-0.0322996628	-0.0534546931	-0.0193087463	-0.1009388326	-0.0827744529	-0.031625087	0.0322221083	-0.1186042921	-0.0092896333	0.0577251919	0.0708240807	-0.0882394263	0.0134526058	-0.0396835488	-0.1075232186	0.029212279	-0.0028724828	-0.1470946515	0.1428349065	-0.0364776285	0.0678252815	-0.0722612707	-0.0074771147	0.0824557403	-0.1049449322	0.0	0.0	-0.020953949942509	-0.0102392826635622	0.0004390680181931	0.0001048429094643	0.1217209460414494	-0.0050715097821978	2.5720211470928907e-05	0.0148159887052254	0.4013217845888093	-0.0378952778885945	0.0014360520862538	0.1610591747855466	0.0002170009198052	0.0002280001314277	5.19840599310936e-08	4.7089399196302854e-08	-8.977752382843818e-06	-9.197785932490989e-05	8.060003784765783e-11	8.459926605992911e-09	0.0002050009702768	0.0002240005139065	4.202539781442944e-08	5.017623023040562e-08	0.0	0.0	0.0
52.662767166534174	0.0826783969040718	0.0068357173146272	2773.36704563659	61.99237654759334	0.1777282994943902	3843.0547500186	0.0315873484411676	53.374221813043896	0.0813632491072127	2848.8075541480107	0.0066199783052823	54.671716436144	50.96090931566216	0.980443	32.579109	0.0335784007695404	0.0147220921912924	0.0402357715	-0.0929258197	0.0623930922	-0.0209851451	0.0406007545	-0.0106736228	-0.068229474	0.0446828908	-0.0335735	0.0959314831	0.0557248527	0.0386619559	0.099217089	0.0213140107	0.0516291451	-0.0192746807	0.0789268341	0.0809597628	0.1007505407	-0.0943626117	-0.1342053527	-0.0924891179	-0.0326646077	-0.0153502855	-0.0543791547	0.0312849757	-0.1038461097	0.110423578	0.0087254076	0.0818752157	0.0624796688	0.0534211117	0.0959717626	0.0098319064	0.0736284512	-0.0575954579	-0.0213528775	-0.0451064568	-0.004917442	0.0248238727	-0.0223283193	0.0594320864	-0.0730104259	0.037040002	-0.0728574746	-0.0646057445	-0.0048906891	0.0835886213	-0.0334838506	0.110320923	0.0543682717	-0.09754098	-0.029664109	-0.0193982742	-0.025157501	-0.0130328457	-0.0677780194	-0.0234570103	-0.0714396592	-0.0705385338	-0.0409546762	-0.0709115819	-0.1489574862	-0.0835263125	-0.0208111713	-0.0828678602	0.0481765043	-0.0155095374	0.1118686693	-0.0556102926	0.1086955904	-0.0255045655	-0.0119651444	0.0554810185	0.149102045	0.117508805	0.0087982127	0.0225413506	-0.0183296323	-0.019694234	-0.058860557	0.0083674343	-0.0468302769	0.2115836975	0.0259127084	-0.1284924013	-0.0672543413	-0.002353074	0.0782010106	0.056110942	-0.0088358744	0.0752132598	0.0572045364	-0.0500585849	-0.0011524822	-0.0008906427	-0.0231587697	-0.0741657695	-0.0110971475	-0.0134256504	0.1304213051	-0.0290544098	-0.1272245007	-0.0426979827	0.0568871972	0.0210202644	-0.0710499482	0.0399557741	0.0522210504	-0.1160404303	0.0428945164	-0.1283126755	-0.0233776442	-0.0241503894	0.054385675	-0.0827667716	-0.0482504111	0.0144959115	-0.0110124872	-0.1328729297	0.1634892219	0.007584362	0.0973197483	-0.0072768795	0.0287813307	0.0682850305	0.1271472932	-0.0171737844	0.0080119985	0.0094407421	0.0389049955	0.0316381668	0.0613551958	0.0037395118	0.0220429071	0.0213249609	0.0379818302	-0.0314607111	-0.0907774331	-0.0812698329	0.0464373766	0.0590143712	-0.050003416	-0.0168506756	-0.0913243598	-0.0224229285	-0.1283723613	-0.0164760602	-0.0533572009	-0.0349819326	0.0137570151	-0.1218257548	0.0284501528	0.0453849326	-0.0880128004	0.097208802	0.0426811356	0.0138936754	-0.1092270323	0.0260495276	-0.1314826377	-0.0147740339	0.172582417	-0.040216594	0.0667281572	-0.0736186857	-0.0037408877	0.078814908	-0.1057357452	0.0	0.0	-0.0244307925081699	-0.0034768425656608	0.0005968636225772	1.2088434226391452e-05	0.1249833957995605	0.0032624497581111	1.064357842419919e-05	0.0156208492255895	0.4106359388130229	0.0093141542242136	8.675346891243625e-05	0.1686218742448527	6.651394037275902e-05	-0.0001504869794324	2.264633097869992e-08	4.4241042639109434e-09	-0.0001689944698906	-0.0001600167175077	2.8559130853604917e-08	2.5605349881957047e-08	0.0001650055827859	-3.9995387490900016e-05	2.722684235051449e-08	1.5996310205472412e-09	0.0	0.0	0.0
52.68045400400158	0.0176868374674086	0.0003128242195985	2775.2302340677265	61.805763501387375	-0.1866130462059629	3819.952401989428	0.0348244290142688	53.35774916586792	-0.0164726471759735	2847.049396047679	0.0002713481049841	54.66952107589926	51.14815206472461	0.990775	32.922432	0.0801294830019924	0.0352393187732977	0.0650374603	0.0300667339	-0.0509724506	0.0710221552	0.0708746375	-0.0193401339	-0.082952884	-0.0816128013	-0.1117071931	0.0463516488	-0.0947511652	-0.0823765295	0.1168733521	0.0431231548	0.0479027651	-0.0461332559	-0.0821689371	-0.0149999966	0.0216173817	-0.0663609607	0.0034432378	0.1342927206	-0.0368007434	0.0709923904	-0.1227521107	0.0181064251	0.032559755	-0.0166690442	0.1422647667	-0.1069471616	-0.0185727484	0.0595588791	-0.0238608175	0.0151697643	0.0796321924	0.0216171891	-0.0172273393	0.1475325937	0.038093648	0.075320339	0.0102595226	-0.104858723	-0.0276409936	0.0582864548	-0.0626354841	-0.0220191959	0.0373879642	0.1022056206	-0.014461023	-0.050406605	0.1440412266	0.021886523	-0.0999302676	0.0198080742	0.0456479491	-0.0482883004	0.0647448829	0.0298198203	-0.0418696441	0.0642887053	-0.009383592	0.0568909804	-0.0526079017	-0.0434210348	0.0109321041	-0.0193313643	-0.1814187036	0.0741594799	0.0091602561	0.0234932421	0.0039480111	0.0548147535	0.0574301049	-0.1245901406	-0.0579015601	-0.0002954831	-0.0455786143	0.1247367359	0.090404202	0.093302672	-0.0436803513	0.0680016633	0.0088979997	0.0097245235	-0.0362270343	-0.0700633653	-0.1260359625	-0.00137797	0.0029380108	0.0542771523	0.0268378233	0.157070857	-0.0117103455	0.0154997914	0.0679703918	-0.0390594117	-0.055410742	0.1054496827	-0.0205628043	-0.0920442337	-0.012539495	-0.0756715105	-0.0411676818	-0.1016043194	0.0504951039	-0.0329521919	-0.0359516736	-0.0102767109	0.0166843157	0.0224660619	0.0525237742	0.1057479913	-0.0046076505	-0.0723301712	0.1174600067	-0.0618470995	0.0136976745	-0.0565847429	-0.0291924697	-0.0274768224	0.0690518772	0.1358966262	-0.1138000804	-0.0084462909	-0.0055702171	-0.1250696972	-0.0686697288	0.0739526246	0.1181386883	-0.0350068598	-0.134451255	0.0703844552	0.066674984	0.0682568281	-0.0158191387	0.0558043989	-0.0406302449	0.0358969298	0.0328637652	0.0061549028	-0.0773629807	0.0421230843	-0.0270455576	0.0671090397	-0.0653776093	0.0495918654	0.0560467966	-0.112198579	-0.0372694472	0.0388943439	0.0105195704	-0.0034495913	0.0402304529	0.0764227663	-0.0828517201	0.0336211613	0.0258596963	-0.0812656191	-0.0204528472	-0.0570604706	0.0091829242	-0.1232729729	-0.0134154205	0.0164260584	0.0238037124	-0.0749531689	-0.0	0.0749531689	-0.105999788	0.0	0.0	-0.0025343397159645	0.0218964527922054	6.422877795915023e-06	0.0004794546448812	0.1188927413393656	-0.0060906544601948	3.7096071753492e-05	0.0141354839431892	0.4194037009702427	0.0087677621572198	7.687365324557568e-05	0.1758994643875367	-8.798740162106951e-05	-0.0001545013419938	2.3870664677893962e-08	7.741782844027386e-09	0.0002930037656669	0.0004619982355575	8.585120669498366e-08	2.134423696582433e-07	-8.598711151021849e-05	-0.0002509926942961	7.3937833458707494e-09	6.29973325900248e-08	0.0	0.0	0.0
52.6522765461483	-0.0281774578532818	0.0007939691310734	2772.2622254920784	61.92098393807044	0.1152204366830673	3834.2082518587777	0.0132757490294367	53.28336853388498	-0.0743806319829403	2839.117362317804	0.0055324784141816	54.54182289013306	51.43175515683896	0.990041	32.898029	0.0862382772801478	0.0460956414267099	0.0047015139	0.0771496097	0.1014805569	-0.0032637795	-0.0528915853	0.0371548091	-0.0182774212	-0.0136313361	0.0642047095	0.0622457466	0.0642044923	-0.1149092938	-0.0159766795	0.0048178575	-0.0727149924	0.0319332541	-0.0461175326	-0.0661125251	-0.0167473393	0.0210281862	-0.1420108461	0.054477053	0.1532940856	0.0262619769	0.0572697459	-0.0328888241	0.0854315426	0.0536944483	0.0505893865	0.0104482041	0.0435394974	0.003133977	0.0303343971	0.0113878797	-0.0756789621	0.0268865016	0.1159404916	0.095535114	-0.0656762623	0.054355384	-0.0203829524	0.0796271464	-0.0851331448	-0.0401328016	-0.0380661887	-0.1156767968	-0.088048442	0.0412238706	-0.0772594978	-0.1088296426	-0.0550882027	0.0427121171	0.0050729566	0.0197894978	0.1011495309	-0.0562442238	-0.0095914574	0.0945828183	0.1531601969	0.0062502986	0.1370841127	-0.0088333344	-0.0145575228	0.0660716053	0.1072481266	0.0067122987	0.0268772445	0.0803315982	-0.1171210154	-0.0145631036	0.0663379593	0.0121007812	-0.0021587991	-0.1039635513	0.1386986776	-0.0689783995	0.0249266208	0.1212081487	-0.0548938973	-0.0483263511	0.0707292183	-0.0521118296	-0.0780126174	0.1301319618	-0.062000943	0.0088534622	0.0304488452	0.1365865019	-0.0520558297	0.0135733236	0.0353004252	0.0275156575	-0.1162090839	0.0194081101	0.0007160672	-0.0363698277	-0.1121906278	-0.1307393379	2.1178e-05	0.1237545192	-0.0108872424	-0.0715769234	0.0486450673	-0.0864548502	-0.0563093728	-0.085207997	0.1324032467	0.0262478453	0.0152824136	0.0592544285	-0.119212577	-0.0448461101	0.0501310233	0.006654889	0.0219592092	0.035359634	0.0223286903	-0.0074931556	0.0452958152	-0.0338328612	-0.1328427567	0.1489708572	0.0661144885	0.0468016506	-0.1679992536	-0.0550131901	-0.0098478679	0.1957064938	0.0796219675	0.0570588498	0.0601495923	-0.1222637402	0.0504367733	0.0005915472	-0.1554392481	0.0355128981	0.0355077939	0.1197666968	0.0499745245	0.0299023103	0.0585577188	0.0228426959	-0.012484728	0.0348174577	-0.0352585236	-0.0790081697	0.049981969	0.0174289777	-0.003890109	0.0401264835	-0.0368044569	-0.0443067549	0.0124989232	-0.0357134676	-0.0577434574	-0.0298957604	0.059972134	0.0631043393	0.0018477146	0.108673484	-0.0090157362	-0.1214939173	0.0515478534	0.0318348175	0.0603463182	-0.0762643048	0.0037408877	0.0708813468	-0.1057357452	0.0	0.0	-0.0071191545409448	-0.0045848148249803	5.068236137785497e-05	2.1020526979359146e-05	0.1061618677355653	-0.0127308736038003	0.0001620751427159	0.0112703421611036	0.3789814137346781	-0.0404222872355646	0.0016339613053544	0.1436269119563352	-0.0002359998377652	-0.0001480124361441	2.1907681253320295e-08	5.569592342520072e-08	-1.0003898748722762e-05	-0.0003030076644156	1.0007799017469683e-10	9.181364469461066e-08	3.29988202460805e-05	0.0001189859317562	1.0889221376331323e-09	1.4157651955914642e-08	0.0	0.0	0.0
52.53564513273947	-0.1166314134088324	0.0136028865937419	2759.9940095131324	61.9972350847471	0.0762511466766611	3843.657158153397	0.0058142373695056	53.1819449599678	-0.1014235739171809	2828.3192697250447	0.0102867413461338	54.52424164428553	51.20700336421663	0.986401	32.777073	0.0865381171224297	0.046534337451654	-0.0044951781	-0.0311925859	0.0299529173	-0.1798383992	0.1236124018	0.0482376896	-0.1166571675	-0.0455600767	-0.0349210917	0.0928520562	0.0925335064	0.0309665441	0.0447401856	-0.0273818504	0.1246762831	-0.0431210748	-0.1205025517	-0.0188687548	0.1236333687	0.0657783141	0.0396394154	-0.0300583082	0.105625155	0.0140360788	0.0282820514	0.0860678523	0.1108346503	0.1544270905	0.110088357	0.0618706616	0.0361806944	0.0481594659	-0.0682313966	0.0532215963	-0.0363278927	0.0687680043	0.0005790614	-0.0429580689	0.0429734107	0.1459949283	-0.0474681234	-0.1261671087	-0.115214358	-0.0330772897	0.0015902832	-0.0484536233	-0.0219564696	-0.0292969369	0.0450592633	0.0948224266	0.1188070572	-0.0040590547	-0.067630134	-0.0875032694	-0.0810030524	-0.1427516532	-0.1114514564	0.0088038761	-0.0939321278	0.075201187	0.0904539904	0.0626370458	-0.0970187673	0.0157102951	-0.1252682755	-0.0140296516	-0.0418027987	0.1857929703	-0.0550798193	0.0057040426	-0.0907113011	0.1775665184	0.0390650332	0.1389912726	-0.0690734611	-0.1065968758	0.0259530479	-0.0807406014	0.0129175008	-0.1951567847	0.045964928	0.0768188996	-0.0599220745	-0.0707951075	0.0683642655	-0.0021483246	0.001867169	0.0040568594	0.0987749537	-0.0747843839	0.0544751605	0.2625092108	-0.0504414028	-0.0866941983	0.0322515803	-0.0569209858	-0.0274109535	0.0477189572	0.0609498078	-0.0239921134	0.0051111308	0.0214181446	0.0004912657	-0.0007987456	0.0417734213	-0.0466464701	-0.005862015	0.1458224423	-0.0654158589	0.0247457696	0.1614108426	0.0936802052	-0.0862683217	-0.021497633	-0.146626525	0.0065700881	0.0124043832	0.0648259778	0.1453027522	0.0964523503	-0.0353952789	-0.0741874914	0.0292531132	0.0537120053	-0.0454501293	0.050251618	-0.0833844856	-0.0807303934	-0.0478622556	0.170213467	0.0248291297	0.0293610799	-0.0381555918	0.1474824042	0.1605221783	-0.0009288945	-0.0754670189	0.0230251297	-0.0705846885	-0.0782837949	-0.0428092679	0.0434367279	-0.020478921	0.0238778738	-0.0749872115	-0.0292538129	0.0046763852	0.0638602642	0.0568442711	-0.0206232304	0.0211848204	-0.0978737596	0.0242365857	0.1061370023	-0.0257287005	0.0402173506	0.0253575846	0.0185225544	-0.0127383318	0.0378819989	-0.0676853192	-0.0680189709	0.028714091	0.0754473174	0.0315151834	-0.0775516848	0.0074771147	0.0666108546	-0.1049449322	0.0	0.0	-0.0188411942400819	-0.0117220396991371	0.0003549906003924	0.0001374062147081	0.1135666994057089	0.0074048316701436	5.4831532063161776e-05	0.0128973952139066	0.407444467429741	0.0284630536950629	0.000810145425648	0.1660109940391052	-9.80071095653506e-05	0.0001379927281998	1.9041993036037507e-08	9.605393525354638e-09	0.0006209987778502	0.0006310026765989	3.856394820914421e-07	3.9816437787500484e-07	2.303038388312947e-05	-9.968436362951032e-06	5.303985818043096e-10	9.93697235222044e-11	0.0	0.0	0.0
52.48729715332571	-0.0483479794137551	0.0023375271133928	2754.916362461513	61.585132375463736	-0.4121027092833671	3792.728529703392	0.1698286429986914	53.20551195088223	0.023566990914432	2830.826501955472	0.0005554030607609	54.500067551438654	50.53332384693007	1.022141	33.964691	0.1124336092976563	0.0588217330331909	0.0137220295	-0.0493639129	-0.0949629908	0.017557444	-0.0866843781	0.0749065959	-0.1120806455	-0.0788102751	0.016762467	-0.0436968109	-0.0665608672	0.0122652925	0.0973792862	0.0910092207	-0.0392615211	0.0825810459	-0.15838155	-0.1004174944	0.0154440445	0.0485910385	0.0168161925	0.0245516849	0.0587488706	-0.0045976155	0.0435674273	-0.062298415	-0.097205067	-0.0414832037	-0.0465126764	-0.032645311	0.078154213	0.0541508206	0.0505161146	-0.1515867073	-0.0198055796	0.0787903196	0.0257369772	-0.0897334906	-0.0276514374	0.0745362872	-0.1036133448	0.0629841312	0.0178889559	0.0415944225	0.0856542828	-0.0661261797	0.0454198561	-0.022806143	0.01964593	0.0029166888	0.0102115592	-0.0410078191	-0.1425644661	0.0972160419	-0.0738112084	0.0236444079	-0.0677896321	0.0528464945	0.0435571189	0.0656732595	-0.0150533621	-0.0580973495	-0.0203406411	-0.044253382	0.0797941994	0.0311412165	-0.0191240697	0.1169183308	-0.0357131411	0.034944041	0.0491217241	-0.0519145776	-0.0944937239	-0.0481152366	-0.0442722754	0.1723798214	0.1217296262	-0.053261398	0.0333279919	0.079116364	0.0714857269	0.0065402393	-0.0617414479	0.0423135642	0.1146692437	0.0839611121	0.0044318078	-0.0584826801	0.0103247021	0.0513558383	-0.1155203002	0.0564710121	0.0032668666	-0.0373864122	0.0230345184	-0.1890638312	0.04840937	-0.0010291605	0.005947092	0.1178108969	0.0166425903	0.0352847485	-0.009815315	0.0368805873	0.1338543625	-0.0692798128	-0.0134384559	0.0613171957	0.0540899547	-0.0839397825	-0.1398090985	0.0441829522	0.0680345246	-0.0008981467	-0.083979326	0.0423773731	0.0432943297	0.026743354	-0.0705829212	0.1132547618	-0.0263331065	0.0058613244	-0.0839294902	-0.0500072093	-0.0049891318	0.1108167682	0.098732977	0.0802181542	-0.0386896336	0.0191925957	0.0091546688	0.0778049399	0.0262841014	0.0959480036	0.0481017592	0.1131835402	0.0176510538	-0.1946059925	-0.0271011442	0.0040671208	0.0382104487	0.0375579667	-0.0343595769	-0.074785176	-0.0904371706	0.1290036129	0.0065638612	-0.0296025856	0.0339698216	0.0214852962	-0.0196906676	-0.0195347241	0.0976764417	-0.1018128926	0.1415486155	0.0639290493	0.1409268	0.0730473798	-0.1751479878	0.0784144442	-0.0322917552	-0.0562781609	0.0311335912	0.0902327567	-0.0708723083	-0.078814908	0.0112040262	0.0621536617	-0.1036312889	0.0	0.0	-0.0171270629809185	0.0017141312591633	0.0002933362863523	2.938245973641102e-06	0.1069847451627765	-0.0065819542429323	4.332212165605579e-05	0.0114457356975442	0.4356802178944576	0.0282357504647166	0.0007972576043057	0.189817252264562	-0.0005950171863788	-0.0004970100768134	2.470190164541109e-07	3.540454520861436e-07	-0.0001829417847449	-0.0008039405625951	3.3467696605649324e-08	6.463204281857259e-07	-0.0001940544433252	-0.0002170848272083	3.7657126974253264e-08	4.7125822204070265e-08	0.0	0.0	0.0
52.63247795597291	0.1451808026471965	0.0210774654572842	2770.177735785974	61.96588742649639	0.3807550510326507	3839.771204553223	0.1449744088868764	53.396352079493056	0.190840128610823	2851.1704153971823	0.0364199546881954	54.67721450931639	50.97153560001795	1.051177	34.929512	0.1072628286846622	0.0499949285480281	-0.0214117451	0.029972698	0.0129841458	0.0625929666	0.0107544888	-0.048272783	-0.0743456418	0.0231903611	0.1874872595	0.0032644356	-0.0941119264	0.0644323126	-0.0437080004	0.0318350406	-0.0422083171	-0.0083254003	0.1428499911	-0.0223908799	0.0996247421	-0.0557138189	0.0012613828	0.0309075058	0.0266424207	0.0929517107	-0.036050704	-0.0198921517	-0.0022514569	-0.0042770991	-0.1664290352	0.1495301527	0.0235732197	0.0736820475	-0.1070644875	-0.0835583481	0.073310398	0.0487883963	-0.1850513051	-0.0296302057	0.021783944	-0.0057399102	-0.0512333476	0.0968131673	-0.0977423606	-0.0169154977	0.1116685904	-0.0139131468	-0.0142833974	-0.1325544574	-0.0849384354	0.0307343827	-0.0471071861	0.1058632692	0.0804499645	0.1081831438	-0.0864355109	-0.0960708585	-0.0012047879	0.0542574574	-0.1046090526	0.0937137046	0.0388060479	-0.0553572621	0.0228051981	0.0703748552	-0.047710215	0.0483667651	-0.0173220394	-0.139089226	0.0489671812	-0.028727294	0.0459644447	0.0084496574	-0.1165676708	-0.0570767697	0.0233415596	0.0032445799	0.0291162668	0.071924553	0.0080743168	-0.0572135262	-0.1377207231	0.021551716	-0.026736084	-0.1069524015	-0.1158389475	-0.0250747063	-0.0141784635	-0.0562587345	-0.0063208449	-0.0321432026	0.0840361695	-0.051627339	0.0316870938	0.0425386085	-0.0838234661	-0.0146944602	0.0558985206	0.0984816246	-0.0009786155	0.1506498672	-0.0247491339	0.0360356374	0.1404713959	-0.1237371194	0.0445638556	-0.0243645306	0.0306427663	0.0140382488	-0.1406671481	-0.1414683195	-0.02495379	0.0049929315	0.1029184515	-0.073271403	-0.0272625256	-0.0746677762	-0.0088185147	-0.0725263524	-0.0381708134	0.0464618697	0.0561578535	-0.1579297267	0.0404941311	0.1253538818	-0.0273011078	0.0754202887	0.0249228568	-0.1030468719	0.0614147194	-0.0204393811	0.0516393877	-0.108820155	0.1400194549	-0.0739442618	-0.0083057233	-0.0316916785	0.1393751324	0.092627532	0.0490767469	-0.0409089842	-0.0205246828	-0.0005685961	-0.0384679891	-0.0730719611	-0.0382666451	-0.1530578798	-0.0837003141	-0.0907322182	-0.0676455155	0.1170596372	-0.0733041175	0.0576944549	-0.061558235	0.0039735218	0.134572776	-0.120957748	-0.1058284691	0.0825794935	0.101892906	-0.1790180739	0.0301315987	-0.1409934172	-0.2029381716	0.0611796137	-0.029270782	-0.080053581	0.0149169788	0.057522261	-0.1018013597	0.0	0.0	-0.0103598384636569	0.0067672245172616	0.000107326252993	4.57953276670265e-05	0.099740095411775	-0.0072446497510015	5.2484950014686135e-05	0.0099480866327499	0.4005299090485152	-0.0351503088459423	0.0012355442119651	0.1604242080424118	3.399797110063116e-05	0.0006290151574794	3.956600683388735e-07	1.1558620389593515e-09	3.3002089426803494e-05	0.0002159438741717	1.0891379065347347e-09	4.6631756792284515e-08	0.0001229994364328	0.000317053879758	1.5128861362786406e-08	1.0052316266960032e-07	0.0	0.0	0.0
52.69852914079932	0.0660511848264135	0.004362759016973	2777.1349736036755	62.02984463084828	0.0639572043518938	3847.701624927178	0.0040905239885099	53.3752236507348	-0.0211284287582529	2848.91449976596	0.0004464105017925	54.68811983220718	51.03334765553262	1.024517	34.043633	0.0414306993951349	0.0218056774139736	0.0446542907	-0.0649835021	0.0615234762	-0.0730843954	0.1028032154	0.0374495996	-0.0801587548	-0.0274812009	-0.0167289606	0.0346688269	0.0345138492	0.1156077493	0.0185824511	-0.0549619446	0.008529437	-0.0465935261	-0.0333306535	-0.036871797	0.0159410927	0.0620938444	-0.0882439958	-0.1010922526	0.0641614448	-0.0787587837	0.0332808425	0.1014443161	0.0870287518	0.0175944178	-0.0501598855	-0.0039985974	0.0730606174	0.0198789912	-0.0387615185	-0.0497257073	-0.0081780731	0.0063906806	-0.0921876975	0.1071408176	0.1358543027	0.0489730066	0.0143491826	0.0775362034	0.0551533891	0.0625251352	0.1273840925	-0.0819221172	-0.0950405306	0.0940545531	-0.1171608597	0.0281092734	0.0193733441	-0.0901198993	0.0329050664	-0.0427681185	0.0091554225	0.0499291963	0.0069411094	-0.0103789017	0.0092734504	-0.0937250082	0.018938174	0.1286950455	0.007345958	-0.1037540478	0.0754232957	-0.0526248623	0.087122142	0.0313097163	0.0717000933	-0.0634754446	-0.120408864	-0.0019187285	-0.0672181847	0.0181031264	-0.1386364482	0.0898852165	0.0318771994	-0.0396030467	-0.1914273939	-0.0755521846	-0.0498439165	0.2080901706	0.0710433844	0.002746938	0.1352304682	0.1675190016	-0.0199796841	-0.0174548672	0.1604366111	-0.0603364173	-0.034082621	-0.0038787914	-0.0849118126	0.0072187573	0.1211438733	0.032081324	-0.1455701738	0.0889384346	-0.0343657143	0.0609623854	0.1409383072	-0.0601369522	0.127550506	-0.0039885755	-0.0048810679	-0.0552251722	-0.0020770724	-0.0077536787	0.0850110825	-0.0432375197	0.0401787042	0.0052063399	0.0213041253	0.0813394687	0.1055712269	0.0652386409	0.0257243471	0.0909587415	-0.0577263232	-0.0170574009	0.1410580084	-0.0583901145	0.0326884605	0.013677262	0.087767477	0.0802075676	-0.0145364795	0.0554502946	-0.2850062006	0.0268217746	0.0605630647	0.0221245495	-0.1096619367	0.0138153754	-0.0087014181	0.1096677737	0.0281002688	-0.1079328949	0.040154291	0.0269963008	-0.0565939662	0.0451325475	-0.0615472258	-0.0033028239	-0.0404902996	-0.0053229455	-0.0171468092	0.0944594061	0.0906212102	-0.0095393897	-0.1169304759	-0.0628540828	0.0143604065	0.0824620205	0.0093773375	0.0112156365	-0.1387332002	-0.0660121981	0.0921368979	-0.0396396693	-0.0346705389	0.1159172047	0.066108328	-0.0032030294	-0.0221108691	-0.0812673177	0.0186113467	0.0527296337	-0.0994642612	0.0	0.0	-0.0102872325241207	7.260593953620047e-05	0.0001058271530053	5.271622455934398e-09	0.1154794855116421	0.015739390099867	0.0002477284007157	0.0133355115740335	0.4149984678091485	0.0144685587606332	0.0002093391926098	0.1722237282839408	-0.0001059973391881	-0.0001399953102887	1.9598686902838123e-08	1.123543591495712e-08	-4.000704793383214e-05	-7.300913736063563e-05	1.6005638843799422e-09	5.330334138144162e-09	0.0001329978806854	9.998444252600008e-06	1.7688436266807893e-08	9.996888747235009e-11	0.0	0.0	0.0
52.69266975290023	-0.0058593878990933	3.433242655204157e-05	2776.517445688207	61.83384823965859	-0.1959963911896878	3823.42478812513	0.0384145853593811	53.37036585948877	-0.0048577912460316	2848.3959519756845	2.359813579002217e-05	54.62845178137623	51.45313167104534	1.003518	33.345875	0.1031493182440487	0.046010954963809	0.0530004724	0.0398011639	-0.0674664585	0.0234628778	-0.0020799991	0.0238897534	-0.047339159	-0.1440163374	-0.029837694	0.0358986059	-0.0861254309	0.0035942282	0.0490745644	0.0442342464	0.0441344701	0.0232771349	-0.0272847482	-0.0577267875	0.0354816582	-0.0477833015	-0.0821298715	0.1158793023	0.056876143	-0.0413822842	0.0006518836	-0.0276958672	0.0182688473	-0.0334301569	0.0760363094	-0.1325313948	0.1258300257	-0.0556409377	0.0873182042	-0.0678419624	0.0482851695	0.0003422777	0.0300312057	0.0766968449	-0.1804978459	-0.0648613551	-0.1003092975	-0.0085067852	-0.0748257465	0.0673890864	0.0074467456	-0.057245549	-0.0158386842	0.0863897559	-0.0532543309	-0.0169066475	0.00159776	0.0302060888	-0.017701399	0.1236589514	-0.0533210443	-0.0627672673	0.004524083	0.0051694235	-0.1254845385	0.0403016283	0.0064456036	-0.0841814703	-0.003415006	-0.022916424	-0.0650658917	-0.0007722359	0.059224326	0.0287235261	-0.0127664742	-0.0775892492	-0.0464070464	0.0086789398	-0.0010907381	-0.0440408849	0.0967482955	-0.1485156406	-0.0907188981	-0.004936463	0.0660953763	-0.0940494554	-0.1042703771	0.0369913824	-0.0457010043	-0.0196746178	-0.0510469782	0.0690562336	-0.0540513689	-0.013983079	-0.002413493	0.023777444	0.0323924443	0.0671803391	-0.1243216232	0.0516593844	-0.0164001331	-0.0836476735	0.0863663363	-0.1048032308	-0.1231847198	-0.0455390296	-0.0380477747	0.0928379277	-0.0616647619	-0.0979452921	0.0055936376	-0.0001342539	0.0391697527	-0.0445558419	-0.000109589	-0.0309346464	0.0002390568	0.0468759506	0.0430846128	-0.0231180831	-0.0170682305	-0.0374307347	-0.1103272057	-0.1619480735	0.0450277063	-0.0596701411	0.0451828107	0.0065682618	0.0878581654	0.0634186575	-0.0733458438	-0.0231005068	-0.078827869	-0.0093600651	-0.0552911347	-0.0042792831	0.1341476204	-0.121612625	0.0852174672	-0.0266526268	-0.0043065991	0.0762450998	0.0257330625	0.0627433532	0.1205216702	-0.0826747236	-0.0110395322	0.0049647968	-0.0082804029	0.0877453017	-0.0828898605	0.0267402418	0.0353027745	-0.1080724031	0.0419444866	-0.0142437756	-0.0879961103	0.0919846661	0.0108930869	-0.0169769839	-0.0336967971	0.0987338791	-0.0120998989	0.0476098794	0.0996111107	-0.0441851778	-0.0792245	0.0034619691	0.0213532616	0.0146896518	0.0515909275	-0.0824557403	0.0222825273	0.0477892128	-0.0966316368	0.0	0.0	0.004396878291871	0.0146841108159917	1.9332538713526445e-05	0.0002156231104563	0.1476216545811439	0.0321421690695018	0.0010331190324924	0.0217921529012745	0.3972267629631503	-0.0177717048459982	0.0003158334931332	0.1577891012141828	5.202419268730897e-05	0.0001580215318754	2.4970804536250894e-08	2.706516624766252e-09	0.0002239943833368	0.0002640014312706	5.0173483766433316e-08	6.96967557129423e-08	-0.0002160058264197	-0.0003490037071051	4.6658517047257566e-08	1.2180358757310245e-07	0.0	0.0	0.0
52.61594156408184	-0.076728188818393	0.0058872149593509	2768.4373066748744	62.05932580174266	0.2254775620840661	3851.359918966842	0.0508401310033738	53.30078118228348	-0.0695846772052917	2840.973274641665	0.0048420273017646	54.64789704223412	51.58682999498279	0.954904	31.730467	0.1100575287827498	0.0497911335699452	-0.0069266329	0.1010634809	-0.0396529764	0.0148865543	0.1208847201	0.0236953676	-0.0098358173	-0.0604308045	0.008677157	0.0648192411	-0.0330754289	-0.0790190164	-0.0550679993	0.0162035986	0.0660613351	-0.0057575207	0.0240726962	-0.0114351634	0.020287171	0.1139141927	-0.0739161685	0.0594095383	0.0328945395	0.1310017047	0.0013374053	0.0258461731	0.1054578992	0.0602571245	-0.0248463759	0.1113808222	-0.0305927655	-0.0599878731	0.0442342434	0.1263083013	-0.0079058901	0.1278609715	-1.58219e-05	-0.001054711	-0.0208096371	-0.018419322	-0.0026213849	0.0238222946	-0.1424693233	-0.0571126958	0.0126970985	0.0583636307	0.0290094661	-0.0381282533	-0.1234222673	-0.1282297135	-0.0314000281	-0.0146847324	-0.0014363145	0.004471646	-0.0343689718	0.0899063465	0.001631697	-0.1579464322	-0.0519102206	0.1660920859	-0.0609207871	0.1150723066	-0.0553378384	0.1327966031	0.0789764545	-0.0037487156	0.0536253369	0.0505864661	-0.0350013762	0.1767933785	-0.1109380151	-0.0945105158	0.0318534755	-0.0976793582	-0.0904745094	-0.0474458609	-0.1163490342	0.0049021878	0.0610831219	-0.0068505665	-0.058824464	0.0792581709	-0.0449458615	-0.0164352299	0.0152122447	0.1455072095	-0.0513392778	0.0552291465	-0.0318988173	-0.0946436279	-0.0039921122	0.0132887357	-0.0004395543	-0.0439531557	-0.1192999927	-0.0499846024	-0.0632436706	0.0392290968	-0.0508326892	0.101396209	-0.0203350188	-0.1078992556	0.1565961991	-0.0464103377	-0.0953843912	0.0955681428	0.0440196264	-0.0510516246	0.0628313822	0.0557154532	0.0335866347	0.1473624659	0.0555000351	-0.0768668763	-0.0999717703	0.1057918782	-0.1393523685	-0.0344342715	0.0111772235	-0.0539625268	0.1568483018	0.0507435733	-0.1003128164	-0.0286493312	-0.0818452612	-0.0527634103	-0.0248037561	0.0325496568	0.0444425128	0.0531660907	0.0214934814	-0.0446592639	0.0034287461	-0.0373993095	0.0606461613	0.056104774	-0.1138768546	-0.152582414	-0.0984476756	0.0159064196	-0.0017928125	0.0373943851	-0.0145671674	0.0626558707	0.0837324927	0.0029378853	0.0097030235	-0.0714819854	0.0403445973	-0.0138393762	-0.1159845678	0.1548626437	-0.0030601855	0.0835522137	0.0268543368	-0.0357019714	-0.031618318	-0.0960602985	0.0761403588	-0.046797058	-0.0715120546	0.116652634	-0.0335940336	-0.0006438556	0.1269078471	-0.0836184785	0.0259259465	0.0427148457	-0.0933175984	0.0	0.0	-0.0116279155991634	-0.0160247938910344	0.0001352084211812	0.0002567940192501	0.1360434717453387	-0.0115781828358051	0.0001340543177793	0.0185078262045247	0.4329816462483578	0.0357548832852074	0.0012784116787388	0.187473105987938	0.0003390046489957	0.0002869804563083	8.235778230297236e-08	1.1492415204069779e-07	-0.0001409888088581	-0.0003649831921949	1.9877844223225863e-08	1.332127305847793e-07	6.602390049106321e-05	0.0002820297269107	4.359155436053817e-09	7.954076686135967e-08	0.0	0.0	0.0
52.60293137592144	-0.0130101881603934	0.0001692649959688	2767.0683893399005	61.77169505032626	-0.2876307514164011	3815.742309390501	0.0827314491603635	53.126342700077934	-0.1744384822055451	2822.4082886861243	0.0304287840741742	54.452624655606456	51.045362717699454	0.955043	31.735094	0.0580227305972555	0.0291495606755177	-0.0285273754	0.0533119725	0.0128508803	0.0745775966	0.0300907853	0.0562501847	0.0614196344	0.029766676	0.1028720788	-0.0191070982	0.042605829	-0.0688658613	-0.0601388568	0.0140137418	-0.1069530988	-0.0811480613	-0.0932060255	0.0022030152	0.1316040619	0.0991552818	0.016866417	0.0423291413	0.0840129516	0.1065849353	0.0198682309	-0.1833285475	-0.0397552555	0.0294365191	0.0151827901	0.0256985291	0.07610146	-0.0384610392	0.1128907769	-0.0054549793	-0.1107418386	-0.0910361211	0.1214956788	-0.031587769	0.0212508008	0.0750906298	0.0959719488	-0.003705981	0.0126956134	0.0807483735	0.0497983606	0.0733283654	0.0634571578	0.0093433045	-0.0909677976	-0.0985237082	-0.1150095041	0.0205961987	-0.0188385398	-0.117936329	0.0187384835	-0.0530531179	0.0299166654	-0.0209773142	-0.0878840093	0.0504667158	-0.0966277509	-0.1065557939	0.0531461094	-0.072195122	-0.0634200878	-0.0368868487	-0.1252711876	0.0143344962	-0.0159212113	0.1829183689	-0.0528785852	-0.0920422939	-0.0623173655	-0.0097132186	-0.1173620214	-0.0803181045	-0.1443005292	0.0096744111	-0.0231904792	-0.0374688663	-0.0097845408	0.0745245825	0.0316351487	0.0804790097	0.0921755235	0.0393871083	0.0477882951	0.0159922562	-0.0934880013	0.0014863938	-0.0481458277	0.0302805363	-0.0201237673	-0.0515964409	0.0582941932	0.0327577911	-0.0730261178	-0.0360155723	-0.0132978175	0.0088266773	0.0402022082	0.1496670758	0.0971639292	-0.1516818169	-0.1138437545	0.1299977051	0.0196297778	0.0480270018	-0.0132287477	0.0257880988	0.0200775722	0.0641458174	0.0191495595	0.0062758303	0.1461961902	0.0203299781	0.0751658448	0.0472392532	0.039523852	-0.0168632705	0.0588161875	0.0144989961	-0.0279225124	-0.1112239987	-0.0033015816	0.0191357208	-0.1381245754	0.0244430382	-0.0052086922	-0.0738195414	-0.0018833892	-0.0470841755	-0.0082581812	0.0146334975	0.0001290807	-0.0628118419	-0.1982554904	-0.1133525331	0.0193502773	0.0226879791	0.1098597769	-0.0179877339	0.0587410749	0.0751950764	0.012366157	0.0443971783	0.0794358762	-0.0360545739	-0.0997966582	0.0089269028	-0.0981340191	0.0442708544	-0.0462729383	-0.0141460597	0.0070246047	-0.0383901773	-0.0719033563	0.0175544788	0.039684527	-0.1110349841	-0.075145883	0.1004544156	0.0449765658	-0.0192412739	0.1640262756	-0.0847551701	0.0295370653	0.037520755	-0.0895386565	0.0	0.0	-0.0062414003883333	0.0053865152108301	3.895507880748707e-05	2.9014546116504043e-05	0.1370822427580407	0.001038771012702	1.0790452168299386e-06	0.0187915412795744	0.4105860701629495	-0.0223955760854082	0.0005015618281973	0.1685809210118545	0.0005680014692742	0.0002289968202784	5.24395436976636e-08	3.226256690976499e-07	0.00012299290465	0.0002639817135081	1.5127254594243993e-08	6.968634506667257e-08	-2.5034931488639644e-05	-9.105883197970286e-05	6.267477946408807e-10	8.291710881507757e-09	0.0	0.0	0.0
52.647304152017725	0.0443727760962815	0.0019689432584907	2771.7386344750626	61.70206956930094	-0.0696254810253194	3807.145389134853	0.0048477076080071	53.21552066125813	0.0891779611801979	2831.8916392487918	0.0079527087602568	54.49560892028336	50.7487078899262	0.962828	31.993786	0.0781805016057631	0.0384368328205943	-0.041764951	0.0325184862	0.0965784478	0.03215764	-0.074043191	0.024006612	0.0840843571	0.010537204	-0.0334155126	0.0036517066	0.0893991802	-0.0618146406	0.0432108487	0.0733910823	-0.0316370694	-0.0374539288	0.0094444421	0.00775575	-0.0177801605	0.082414587	0.0497307954	0.0428293386	0.038002061	-0.0069549083	0.0296707353	-0.0020949395	0.0230691594	-0.034515805	0.0076243445	-0.060750747	-0.0344927213	-0.0362210018	-0.0590550076	0.0629531572	-0.0811026821	-0.1343703942	-0.030980941	-0.0780608708	-0.0190732703	-0.0277704767	0.1143990839	-0.0931446015	-0.0822602705	-0.2430399593	0.0826602361	-0.0643559259	0.1414518843	0.0220481927	0.0037891246	-0.1205700726	-0.0905092344	0.0437452839	-0.0515311771	-0.0678152311	0.0793127624	-0.0291656369	-0.0636439247	-0.0193431537	-0.0207980493	0.0763694911	-0.0199229139	-0.0202074953	0.0539057506	-0.1280723947	0.035185652	0.0095574776	0.0503830354	-0.091548107	0.0555665285	-0.0816092386	-0.0464973009	0.0354571256	0.0442642864	-0.043959084	0.0170446643	-0.0202702166	-0.0296842965	-0.0878303676	-0.0297244552	0.0834491018	0.0088148531	-0.0487307208	-0.047645202	0.052729742	0.0068643003	0.0786128253	0.0832135493	0.0584940045	-0.0075630559	0.0924724156	0.0438938302	-0.0062404617	-0.0047252463	-0.1386485011	0.0282595455	0.1842715438	0.0408383695	-0.126343608	-0.0699411947	0.0045215398	-0.0741045387	-0.0653884049	0.1030058276	-0.0769015038	-0.0398782167	0.1028700511	-0.0109304758	0.0196270434	-0.0335761312	0.0563627101	-0.1378193193	0.0048374263	-0.0113461254	-0.1063796503	-0.0679025576	-0.0328363843	0.0164651019	-0.0019009666	-0.0375360972	0.0436874591	-0.078501141	0.0997160808	0.1220911453	-0.0078069856	0.1931913264	-0.0182934259	0.0508862642	0.0356298851	0.042483047	0.0715918053	-0.0347996711	0.0517636577	-0.0347280468	-0.011793466	0.0897804298	0.0314286878	-0.0604639747	0.0036969173	0.0508183377	0.0106721626	0.1289440878	-0.0032142738	0.0433614547	0.0702197912	0.0585489204	-0.077644281	0.0418587465	-0.0134540453	-0.071479365	0.038810399	-0.1590553486	0.052989717	-0.0313111466	-0.0208677934	-0.0406274624	-0.079734811	-0.0732908096	-0.065617906	0.0227211519	-0.0303120795	-0.0085517837	-0.0449157143	0.1069422359	0.0673606454	-0.0912024671	-0.085865461	0.0331113845	0.032221499	-0.0853136375	0.0	0.0	0.0004423599732916	0.0066837603616249	1.956823459705451e-07	4.467265257162821e-05	0.1308131715083362	-0.0062690712497044	3.930125433387147e-05	0.0171120858400693	0.3874559889370488	-0.0231300812259007	0.0005350006575167	0.1501221433631865	0.0001570371647191	-0.0004109643045551	1.68891659618457e-07	2.4660671103013744e-08	0.0003869849159892	0.0002639920113392	1.4975732520316818e-07	6.969178205091629e-08	-0.000192030390965	-0.0001669954594763	3.687567105417075e-08	2.788748348572072e-08	0.0	0.0	0.0
52.62374167973809	-0.0235624722796359	0.0005551900999286	2769.258188375804	61.60014970485981	-0.101919864441129	3794.57844366114	0.0103876587676981	53.29494389979797	0.0794232385398387	2840.351045282613	0.0063080508201561	54.54948788161617	50.7183989127052	0.943082	31.337629	0.0545945486002467	0.0290924915686255	-0.0385426339	0.010423594	0.1183393791	-0.0152983651	-0.0618171476	0.0314246651	0.0581602013	-0.0155282607	-0.1241641873	-0.0345680606	0.1184885582	-0.0390838992	0.0543093235	0.0883291754	-0.0393169977	-0.0579957428	-0.0148830819	0.0059585778	-0.0322638959	0.0473941138	0.042952224	-0.0931116437	-0.0663720152	-0.0167634977	-0.0566589597	-0.0390334387	-0.1377963894	0.122443666	-0.1132690181	-0.0655559106	-0.129440437	-0.0707014156	0.0518451359	-0.0601442647	-0.0005262754	0.0502101733	0.0031184684	-0.0126236014	0.0991669612	0.1156959725	0.0620976704	0.0435501686	-0.0680069951	0.0590631808	0.0032048942	0.0041829361	0.0419617196	-0.0073538782	0.0046100687	-0.0057211784	-0.064776275	-0.0211400952	0.0074512076	0.0962321167	0.1020881888	0.0012918107	0.0393049869	-0.0649793981	0.0172787981	-0.0746435548	0.0119195731	-0.0722307938	0.1109290635	0.0312262397	0.0358375731	0.1162358862	-0.0999470846	-0.1162845755	-0.0472732583	0.0262884204	-0.1363824046	-0.0179431985	0.0871403289	0.0559046959	0.0376350879	-0.2180972184	0.0446709449	0.0261761652	0.0639786133	-0.0855103302	0.1139266175	-0.0572110515	0.0238207385	0.0112477915	0.0005565857	-0.0125387036	0.0541708145	0.0689390953	-0.0072570306	0.0356267906	0.0336779877	0.0304989158	0.0995301933	-0.0281364677	0.0418347754	0.0084881027	-0.0282304512	0.078172389	0.0067311934	0.0378723106	0.0861963324	0.0811653115	-0.0051728822	0.0368595904	0.0173300106	0.0801339139	0.04158027	0.07685809	-0.0115067202	0.074164451	-0.021549007	-0.0090020215	0.0225992484	-0.0133466636	0.0139118595	0.0064296554	-0.0666645176	-0.0243391557	0.0474996807	0.0487113566	-0.1034805591	-0.0995615419	-0.0175607739	0.0438500099	-0.0382864125	-0.1683534574	0.0650171839	-0.009498991	0.0661644994	-0.0912012638	0.0578473905	-0.146097028	-0.0262185206	0.0483676604	-0.1152634185	-0.0710302112	-0.0880747545	0.0225905095	0.1741324388	-0.0368242613	-0.0380418664	-0.0035747402	0.0127275886	0.024360446	0.0090028263	-0.0024196615	0.0736356642	0.1029343526	-0.0650748214	0.1028642317	-0.1077876949	-0.0721345104	-0.0055610708	-0.0721426725	-0.0997418616	0.1305063616	-0.0467510794	0.1566133994	-0.0426536826	0.0529492293	0.0063482404	-0.0438843537	-0.123801551	-0.0071670279	-0.0297775997	-0.0869490055	0.0366444511	0.0268319309	-0.0806635902	0.0	0.0	-0.0230365356630528	-0.0234788956363444	0.0005306819753551	0.0005512585403023	0.1257229960880579	-0.0050901754202783	2.590988580920552e-05	0.0158062717453578	0.3980777443021495	0.0106217553651006	0.000112821687036	0.1584658905086875	-5.997616907336688e-05	-0.0002170133337924	4.709478704372065e-08	3.5971408567170905e-09	0.0004040035238161	1.701860782689997e-05	1.6321884725582605e-07	2.8963301236582085e-10	-0.0001179878890139	7.40425019511e-05	1.3921141953956386e-08	5.4822920951786475e-09	0.0	0.0	0.0
52.71409745066727	0.0903557709291789	0.0081641653402062	2778.776070038445	62.03717279767657	0.4370230928167586	3848.6108087287816	0.1909891836551252	53.366247826074	0.0713039262760304	2847.956407033948	0.0050842499023775	54.659185427261214	50.40716198729534	1.05771	35.146606	0.0452393884540173	0.0216469554566325	0.0608800597	-0.1326942982	0.045735311	0.0351095141	0.0295265857	-0.0595576841	0.1775006444	-0.0366808957	0.0628239476	-0.0084275996	-0.057237326	0.1928451633	-0.0420519261	-0.0121337568	0.036522118	0.0309115105	0.1573506495	0.0111152184	-0.0854238138	0.1067777419	0.070359778	-0.0734419997	0.0422752233	-0.0428487732	0.078759016	0.096735435	0.0622125936	0.062217255	-0.0212517819	0.0049233237	-0.1136243281	0.1145386221	0.0619810325	-0.0446007191	0.055161372	-0.002739009	-0.1381907019	0.0414832552	0.100096408	0.0254585235	-0.1580302666	-0.0320037286	0.1448544384	-0.0681956279	0.0864336521	0.0680664655	0.0334588997	-0.0491635506	0.0431465386	0.0358819841	0.0026925952	-0.0737269348	-0.0090541722	-0.0560130738	-0.0924898562	0.10958231	-0.018192934	0.1435638741	-0.0404178541	0.0500164585	-0.0506282011	0.117784896	-0.103293678	0.0347589064	-0.0085078644	-0.046498542	0.0840202863	-0.0565567131	-0.0727248682	-0.0322002089	0.0306491823	0.0367592191	0.0568434302	-0.0067858668	-0.07702909	-0.0207148792	-0.1094442973	-0.0266972388	-0.1029553776	0.0335522089	0.074010105	-0.1217222427	-0.0811303789	0.0234091834	-0.0695097728	0.0842576686	0.0124784378	-0.1134891491	0.1264174528	0.056156279	0.1302993883	-0.0774088605	0.0812068532	0.1568334171	0.1164134304	-0.0122153535	0.0643340214	0.0463927239	0.1027269526	0.0777522789	-0.1316399551	-0.0081651223	0.2055912559	0.105930817	-0.0494132265	-0.1649554218	-0.1036525233	-0.0691239472	0.0135277718	-0.1133678724	0.0668049437	0.0038738042	-0.0370711323	0.1145008213	0.0329355955	0.0793266947	-0.0060194789	-0.1130977698	0.0033380333	-0.0383721737	0.0219345839	0.1305725733	-0.1353647454	0.024969139	0.0559056332	0.0139546514	-0.0672213123	0.0429583802	0.0634111393	0.1868514955	-0.0019301775	-0.065142644	-0.0069463971	-0.0814161402	0.0739666409	-0.097385383	0.0719385005	-0.0925566094	0.0054417302	-0.0581351529	0.0381436582	-0.0338106642	0.0022145996	0.0149198783	-0.0384060282	0.1008595741	-0.1914011801	-0.0117305967	-0.0605966186	0.016009657	-0.1014493811	0.011539912	0.007067572	-0.1003218761	0.0368601801	0.0755821919	-0.0099654751	0.0361500187	0.0107733364	-0.0308551012	-0.0511752	-0.0738225853	-0.1575185388	-0.188869695	-0.039480495	-0.0880054659	0.0401318633	0.0213671566	-0.0756116809	0.0	0.0	-0.0083823642090408	0.014654171454012	7.02640297330082e-05	0.0002147447410035	0.1243570834371183	-0.0013659126509396	1.8657173699968585e-06	0.0154646842009864	0.4024006122721744	0.0043228679700249	1.8687187486267216e-05	0.1619262527570208	0.0001690324064945	0.0002290085755678	5.24449276836234e-08	2.8571954445321892e-08	0.0006539910205287	0.0002499874967126	4.277042549321705e-07	6.249374851263219e-08	-9.905523371355084e-05	1.8932655300349168e-05	9.811939326046178e-09	3.5844543672183944e-10	0.0	0.0	0.0
52.95900641499393	0.2449089643266617	0.059980400807558	2804.6563604633684	62.22212161884441	0.1849488211678434	3871.592418750265	0.0342060664513749	53.316323855924885	-0.0499239701491163	2842.630389509865	0.0024924027954498	54.6456174840622	51.69270144650005	1.032793	34.31863	0.1287221399096093	0.0676545654828588	0.1547601637	0.0010276028	0.0315717006	0.094779682	0.0618242027	0.0567141315	0.082362113	0.016079044	-0.0430531421	0.0585344246	-0.0865309976	0.0809472328	0.0668036217	0.0295918321	-0.0215697986	-0.0595098834	0.0662885738	0.0931244089	0.0228802881	0.0761885009	0.0709962978	0.0496031542	-0.2035640371	0.1757968078	-0.1537278241	0.1283155191	0.0406666896	-0.0295118651	-0.0405569672	-0.1481567652	-0.0854838558	-0.0660036124	0.0784210047	-0.0198363043	0.0675914545	-0.1283745183	-0.0092179554	-0.0707451728	0.0219883293	-0.0609266379	0.0130345577	-0.0836349532	0.0434748338	0.0353115579	0.0223085561	-0.0284902121	0.0887097896	-0.0278753809	0.0870619818	-0.0575415457	0.0882278461	0.0521262475	-0.0029397211	0.1923832645	-0.0328816182	0.0093208626	-0.0506579587	0.0454057434	0.1231582228	-0.1273721667	-0.0095472846	0.027749803	-0.0388854068	-0.0264340372	0.1890374168	-0.1069017906	-0.0647743023	0.0100430316	0.0185489985	-0.022252922	-0.0761674775	0.0223858856	-0.0146081065	0.0205136083	-0.0336118625	0.0037153637	-0.0480167935	0.021054182	0.0140297465	-0.0463063264	-0.0604322831	-0.0504461283	0.0249923997	-0.0142418424	0.0425571065	0.0255607376	-0.0896418134	-0.1212719013	-0.0052656361	0.0930571529	0.0161063863	-0.0100667083	0.1770583025	-0.0741561596	0.0785623578	0.0352320382	0.0335883892	0.0304636817	-0.0470728247	-0.0755674932	-0.037791389	-0.0155002048	-0.0515766909	0.0590850739	0.061573447	-0.0084201815	0.0663346577	-0.0345015729	-0.0453733934	0.0361234981	0.0230358535	0.1014855412	0.0186019448	0.0716738762	-0.039479814	0.0328855408	0.1346482696	-0.0905275677	0.0584991041	-0.0289214942	-0.0299936042	0.0968858896	0.0356823869	0.013683554	0.0180908052	-0.0235315117	0.0610397901	0.0389606372	-0.1441223299	-0.0057103877	0.084489691	0.1179083356	0.0838769563	0.1016828083	-0.0862079917	-0.0059555974	-0.0352457243	0.1088163015	-0.0629428015	0.0973910049	-0.0468711238	-0.0578179802	-0.1580416901	0.0900884679	0.1035004462	0.0521884	-0.0550630111	-0.0164775917	-0.051279549	0.0538052933	-0.0899833265	-0.0321761499	0.0366082168	-0.0090512421	0.0354568133	-0.0368035719	-0.0347343026	-0.085964773	-0.0448370695	0.052526943	-0.04214844	-0.0809616972	-0.011115497	0.0292248829	0.0182353209	-0.0890345132	0.0435692762	0.0158424933	-0.0701830781	0.0	0.0	-0.020754683810324	-0.0123723196012831	0.0004307569000665	0.0001530742923162	0.1237077997151203	-0.0006492837219979	4.2156935165156274e-07	0.0153036197103563	0.4425751353134899	0.0401745230413155	0.0016139923015971	0.1958727503977539	-0.0004950076932685	-0.000664040099763	4.409492540932551e-07	2.450326163950014e-07	-0.0001799784683071	-0.0008339694888358	3.23922490541698e-08	6.955051083090455e-07	-8.654455141209939e-05	1.251068230145145e-05	7.489959379121515e-09	1.5651717164785054e-10	0.0	0.0	0.0
53.01340368359674	0.0543972686028126	0.0029590628314465	2810.420970119989	62.304970821300586	0.082849202456174	3881.909389043117	0.0068639903476241	53.41815850297375	0.101834647048868	2853.499657848827	0.0103702953395675	54.73436729088656	51.99655235610544	0.991691	32.952866	0.07875332150547	0.0360769790704806	0.1534712662	0.0637290311	0.1337562608	0.0112180435	-0.0434214558	0.0458806184	0.0436287182	0.0139505937	-0.0663867364	0.117603463	0.0631258781	0.0003184708	0.1039432832	0.0337692663	-0.1175281241	-0.1289329354	-0.0379989063	-0.0010739066	-0.142444645	-0.0212070898	0.0456128443	-0.024632721	-0.132308472	0.0396088432	-0.0248395836	-0.1174086465	0.0177364316	0.071184982	-0.0336689574	-0.0276325047	-0.0358700356	0.0461464656	0.0378806081	-0.022474953	0.0466674994	0.2286025867	-0.0505180407	0.0827996875	-0.1431798712	-0.0255344164	0.0633089328	0.0455978323	0.076235161	0.0582198072	-0.0287799026	0.0176567444	-0.0308724579	-0.0735428659	0.0386049369	-0.0455129877	-0.0182175802	0.0182360285	0.0087899701	-0.1020194091	-0.0001588814	-0.0411394418	0.028948952	0.0096634441	0.0327826127	-0.0272088867	0.0724594083	0.096571563	0.1050125209	0.0402032099	-0.105725575	-0.113642423	-0.0427116476	0.0027995496	-0.0739000464	0.0527090127	0.0350576753	0.0774481628	-0.0217735812	0.1127958148	0.0170916934	-0.0297324156	-0.1103479342	-0.0946546477	-0.0518361988	-0.0396119047	-0.0213858535	-0.1958923858	0.017267653	0.1179660255	0.060352383	0.0692526421	-0.0875191662	0.118345348	0.0984659586	0.0233588633	-0.0694352135	-0.0927664488	-0.1148796155	-0.0052729349	-0.0482036102	-0.1933843686	0.0100064535	0.0902221953	-0.0378366648	-0.0612279968	-0.036855092	-0.0416510389	-0.0137114804	-0.0218998699	-0.0813511913	0.0768037415	-0.0369456775	0.0171087826	-0.0935230481	0.0643627296	0.0152733507	-0.1166207821	-0.0691950481	0.1091936019	-0.0264761456	-0.0244753039	-0.0003739515	0.025942889	0.2082640271	0.1063413008	0.0141917521	0.0475943597	-0.0431489433	-0.1203674539	0.0631901877	0.0308284418	-0.0631471491	-0.0325078732	0.037983277	0.0561655299	0.0787898367	-0.0742411196	0.0863295937	0.0167624882	-0.0137195057	-0.1847158938	-0.117701144	0.0570459468	0.0541324308	0.1521966775	0.1374934488	-0.099495983	-0.0997454171	0.1462695229	0.003718955	0.0347436819	0.0988717997	0.1351512597	-0.0765372028	0.1178864434	-0.0571928443	0.0499778854	0.0483417008	-0.0643663729	0.0271828083	0.0412847022	-0.0466126272	-0.0629698924	0.0923211168	0.0506420896	0.1245143516	-0.041585524	0.0167489769	-0.0830085021	-0.0937057146	-0.0900358269	0.0469524072	0.0102734258	-0.0644048267	0.0	0.0	-0.0158554186985355	0.0048992651117884	0.0002513943021058	2.4002798635587968e-05	0.1122186089816921	-0.0114891907334282	0.000132001503709	0.0125930162017859	0.4138860139091065	-0.0286891214043834	0.0008230656869554	0.1713016325095691	-0.0001749903611606	0.0003200173321079	1.0241109284945797e-07	3.062162649911722e-08	-0.0001020165389211	7.796192938600001e-05	1.040737421344031e-08	6.078062433587652e-09	0.0001889910722114	0.0002755356236234	3.5717625375614615e-08	7.591987988559071e-08	0.0	0.0	0.0
52.912779441728034	-0.100624241868708	0.0101252380516522	2799.762228248957	62.12626586927401	-0.1787049520265782	3859.672910859721	0.0319354598788216	53.45412061341416	0.0359621104404084	2857.343010553429	0.0012932733873281	54.78766061745438	52.11895867401266	1.026564	34.111656	0.0511826985970177	0.0263257784116116	0.1243069968	0.0271191164	-0.0050940601	-0.1688208504	-0.0019716137	0.0695326531	0.0484228979	-0.0123553567	0.1299219705	0.1159328541	0.0025133038	0.0327774283	0.0328243791	-0.1364285819	-0.0253352202	0.1013500083	0.0288984343	-0.0148438126	0.0678973154	0.0335973179	0.1408013231	-0.0340701457	0.133035733	0.024578132	0.0475992076	0.0343271074	-0.0288842901	-0.0482598582	0.0438926955	0.1252910136	-0.147505439	-0.1013424289	0.0710574517	-0.0957214071	0.1378626735	0.040371168	-0.0616755473	-0.035402526	-0.0170795283	0.0042126357	0.005568415	0.1872133442	-0.0002398725	0.0180628439	-0.0672739376	-0.0172488342	0.0543463495	-0.0035495813	0.028516088	-0.0329199319	0.053918219	0.0249619143	-0.0464184767	0.0595217414	0.0833153179	-0.1114488224	-0.061405228	0.1553527812	-0.0437719157	-0.0195478293	0.0237494515	0.0400862552	0.10809638	0.0751061026	-0.0011612596	-0.0529367682	0.0456070706	0.0265283825	-0.0770527596	0.005279013	0.061749231	0.0767057319	0.0246981452	-0.0141059321	-0.1284753298	0.1468526161	0.0654329128	-0.0489914556	0.072459612	0.0085084267	-0.1007447005	-0.010484299	-0.0499910634	0.0137290966	-0.0939367662	-0.0325673503	-0.1167434324	0.0245568532	0.0606513211	-0.0206553606	0.0323481726	-0.0212445782	-0.0193621052	-0.0243431776	-0.069086717	-0.0603459674	0.0409377476	-0.0861729545	0.0997366161	0.0479871189	0.0410999859	-0.1104734708	-0.0046091377	-0.0379517179	0.0379941489	0.0349770089	-0.0212697146	-0.0327662942	-0.1926851597	-0.00400806	0.0184829907	-0.0024666113	0.0611261795	0.0923320525	0.0569139648	0.0548351391	0.0069745811	-0.1176559047	-0.1006413581	0.0950809129	-0.045725191	-0.0910522197	-0.1783510854	0.0168892373	0.0707442992	-0.0389607984	-0.0919175596	0.0638920411	-0.0321318923	0.0734286647	-0.0302140164	-0.006805483	0.080820474	0.127540725	0.122490605	0.0805534865	0.1013045477	-0.024093237	0.0683204425	0.0257590441	-0.018170446	-0.1168484098	-0.0251578017	0.1445497524	-0.0682168528	0.0109916729	-0.020062566	0.0859257128	0.041028503	-0.0460097989	-0.0289400254	0.1315849827	-0.0010057426	-0.0505069181	0.1046334973	0.014491474	-0.1587613189	-0.0846559362	0.0489776419	0.0851010654	-0.0141951554	-0.0795312898	0.0955233301	-0.053464715	-0.1024918618	-0.0910090951	0.0502770413	0.0046755634	-0.0583057138	0.0	0.0	-0.0087747395201915	0.007080679178344	7.699605364721054e-05	5.013601762663427e-05	0.1082834402030954	-0.0039351687785967	1.5485553316042275e-05	0.0117253034222173	0.391869138373508	-0.0220168755355985	0.00048474280835	0.1535614216095955	-4.800079797873853e-05	0.0001269895631818	1.6126349157119983e-08	2.304076606595669e-09	-7.59994961154753e-05	2.6017042805624705e-05	5.7759234098061446e-09	6.768865163497081e-10	-2.100182389068474e-05	-0.000209992896102	4.4107660673533617e-10	4.409701641334096e-08	0.0	0.0	0.0
52.8124949352315	-0.1002845064965356	0.0100569822432537	2789.1596212838526	62.202583086240544	0.0763172169665367	3869.1613426006575	0.0058243176055174	53.39115466732951	-0.0629659460846525	2850.6153967107016	0.0039647103663353	54.74940545148033	52.41598090083868	1.017028	33.794777	0.055133800046376	0.0295770723023085	0.0406206212	0.1523397122	-0.0372364397	-0.0659748444	0.1217144699	0.0170074067	0.0480026284	-0.074251423	0.040310454	0.1119735153	-0.0928934997	-0.0620988716	-0.0805561382	-0.024732616	0.0459251739	-0.0033373767	0.0482700718	-0.117252326	0.1170346152	-0.0615328603	0.0363479077	-0.0519976438	-0.1337915139	-0.0572201856	-0.0476610666	0.1286151179	-0.1124591311	0.0309917269	0.0037050953	0.0558823982	-0.0198944474	-0.0061614905	0.0842437215	-0.0120206569	0.0964122005	-0.0859617254	0.0707976695	-0.1368153801	-0.1060654229	-0.0372327621	0.043196693	-0.0976309577	0.0865329089	0.0421697987	-0.1143600291	0.1715864559	0.0238404251	0.0215166691	0.0461769713	0.0324990968	-0.0502463936	0.1091267789	0.0199615488	0.0081772018	0.0003878854	-0.0636235481	0.1478268049	-0.012301296	-0.0462976089	0.2171939075	0.1766797381	0.0291390895	-0.07789372	0.0051461432	-0.0406510142	-0.0416057927	-0.1061862025	-0.0375841039	-0.0649281874	-0.0703058161	0.0422705976	-0.1787812116	-0.0086390633	0.1455921277	0.1027880729	0.1213871137	0.0511644875	-0.0769156648	-0.0373055491	0.1114119236	-0.0729635928	0.0137655473	-0.08425545	0.0705096955	0.1555010227	-0.0494530465	-0.1372697606	-0.0261413322	-0.1029989614	-0.0571318767	0.0669317971	0.0449731978	-0.029896723	0.0082081638	-0.0342005987	0.0249594271	0.0971719046	-0.0981284544	0.0726015795	-0.1300299052	0.0224270125	0.0927299649	-0.1689129747	0.1068339146	-0.0046308698	0.0072000916	0.1220629501	0.0013379521	-0.0825453053	-0.0686884433	-0.0029868165	0.076128674	-0.0132486287	0.0210414535	0.0294925213	-0.1488846861	-0.0020350578	0.1246291354	0.0142176535	0.1237089756	0.0392923595	0.1177339058	-0.0814903266	-0.1062078493	0.0752453117	0.1511918775	0.0118245296	-0.1419553861	0.1062601266	-0.0386981687	0.1046602292	-0.0088822655	-0.1212955032	-0.1040238982	-0.0238099447	-0.0972066239	0.029499235	-0.0359043207	-0.0118681001	0.0427397274	-0.1429619978	-0.0506890748	-0.0581875646	0.1182172647	0.0608537959	-0.0441111686	0.0427881362	-0.0261653485	-0.0092693381	-0.0237371372	0.0082987789	0.0248483172	-0.1028592678	0.1628864523	0.1079479694	0.0409579093	-0.1451794157	-0.1162419694	0.0074158316	0.134760296	0.1325269588	-0.1194219113	0.0277607479	0.0470446362	0.1082563788	-0.0919540145	0.0535390365	-0.000935404	-0.0519161246	0.0	0.0	-0.0106573778057281	-0.0018826382855366	0.000113579701694	3.544326914168189e-06	0.1047813422566434	-0.0035020979464519	1.2264690026543286e-05	0.0109791296851038	0.4030205708552401	0.0111514324817321	0.0001243544463946	0.1624255805324836	-0.0005429885660682	-0.0004949877680894	2.4501289055818656e-07	2.948365828808e-07	-0.0002350263307024	-0.0001590268345869	5.52373761234339e-08	2.5289534118737112e-08	9.693620008603492e-05	0.0001179380239767	9.396626887119797e-09	1.3909377499533305e-08	0.0	0.0	0.0
52.775556045463695	-0.0369388897678035	0.0013644815772779	2785.25931590788	62.12863808078366	-0.0739450054568848	3859.9676697730015	0.0054678638320187	53.3335285243198	-0.0576261430097062	2844.4652648544343	0.0033207723581751	54.66537662482483	51.7093438040764	1.013737	33.68544	0.0282023630914688	0.0172936058886958	-0.0101764824	0.0855158495	0.114306376	-0.0654134097	-0.0445432962	0.1221250322	-0.0296274701	-0.0832049762	-0.0067037093	0.0582255323	0.085559505	-0.046023587	0.0128142802	0.078297046	-0.0446825873	-0.0742359933	0.0510405264	-0.069220979	-0.0636560883	0.0369055362	0.0458404845	0.028415557	-0.2012172471	-0.053147091	9.01355e-05	-0.057972797	0.0060551325	0.065794333	0.0520758065	0.1405683948	-0.0270812644	-0.0396079163	0.0335347041	0.0404429214	0.0152833105	-0.048662871	0.146445073	0.0725886179	0.1085790507	0.0163544365	-0.0523758104	-0.2035210191	-0.0638343607	-0.0135675709	0.0868145867	-0.0961078343	0.0784771009	0.0877063631	0.0130290102	-0.0189054097	-0.0385835242	0.0431101535	0.0212507007	0.0281328099	0.1194147328	-0.0673503328	-0.0275958548	-0.0283157885	-0.0144825786	-0.0036080076	-0.0256704028	-0.0030670922	0.030653008	-0.0434071986	-0.0188014358	0.1151018567	0.0277085036	0.0419973744	0.0307807505	0.0098490952	0.2795051003	-0.111482425	0.0826830166	-0.0541787229	-0.0099437858	0.0279320613	0.0531794735	0.0719162055	0.0712801365	-0.0044331018	-0.021899024	-0.0790823657	0.088222556	-0.062789209	0.0014951663	0.0808514883	-0.0226661798	0.0810903632	0.0114969904	0.0307124157	0.004975921	0.0926649456	0.0362671679	0.0409403731	0.1948501089	0.1085247312	-0.0057679908	-0.0347427488	-0.1363189498	-0.0368919802	-0.1275253298	0.0021541345	0.0026702873	-0.0633326144	0.0755187864	0.0555201567	0.1449633645	0.1407056709	0.0552479013	0.0864254055	-0.0036468316	-0.0864712509	0.0689399999	0.0442706364	-0.0718719483	-0.0991033493	0.0594005443	0.0361052848	-0.1338215005	-0.0476070249	0.0393669932	0.0030724007	-0.0540972168	0.1354994437	-0.1088001462	0.0326309919	-0.0374658591	-0.078091469	0.0629937977	-0.0645307753	-0.0998900141	0.0198933733	0.0261330522	-0.0468140148	-0.0373120397	-0.0499639876	0.1600786966	-0.0364505701	-0.034734211	0.0188075075	0.1006046502	0.0184272771	-0.0424609637	0.0724963025	0.0286707401	-0.0327361357	0.1172122041	0.1672599749	-0.0158858556	0.0142018883	0.0403657643	0.0628622021	0.0977336622	0.0110675414	-0.0212138255	0.052538026	0.0128992239	0.0723877419	-0.0027588435	-0.0137954113	0.1439174152	0.0853846486	-0.0223930035	-0.0660822754	-0.0368751549	-0.0928702909	0.0567343287	-0.0065437496	-0.045267892	0.0	0.0	-0.0160393942833252	-0.005382016477597	0.0002572621689759	2.8966101365126684e-05	0.1082318292670549	0.0034504870104114	1.1905860609018444e-05	0.0117141288664929	0.4191654188446421	0.0161448479894019	0.0002606561166008	0.1756996483552042	-0.000574988937098	-3.20003710298e-05	1.024023746044863e-09	3.306122777850878e-07	-0.0002100298953164	2.499643538600001e-05	4.4112556926617936e-08	6.248217820064736e-10	0.0001044396259514	7.50342586536508e-06	1.0907635468868343e-08	5.6301399717029696e-11	0.0	0.0	0.0
52.72992307396812	-0.0456329714955714	0.0020823680875156	2780.444787386596	62.04918594627114	-0.0794521345125218	3850.101476594932	0.0063126416785958	53.16572095656536	-0.1678075677544441	2826.593884831373	0.0281593797956623	54.522321552438015	51.850747992860654	1.004218	33.369118	0.1055285600518537	0.0502829474913537	0.0180551981	0.0229042564	-0.0828471179	-0.137369187	-0.0574431826	0.1252727602	0.0788613938	-0.1007914045	0.0996115077	0.0478536093	0.0357651959	0.0331246291	-0.0139025624	-0.0166580791	-0.0114877752	0.1199979413	0.042380755	-0.0167102959	0.0134177148	0.113554132	0.0533868584	0.0262439765	0.1453394796	0.0762372584	0.1211450481	-0.0404521858	-0.077013524	-0.100637978	0.0541873673	-0.0677588982	-0.1165933051	-0.082756558	-0.1070619283	-0.0943503005	-0.0933782241	-0.0299103932	-0.0232363831	-0.0368211537	0.0564120284	0.1726467273	-0.0249616297	0.0462513733	0.0124349088	0.0033112213	0.0487794632	0.2625068637	-0.0505900466	0.0918296034	-0.0189792767	0.0206131887	-0.0685439764	0.1468951604	-0.0439984233	-0.0999423617	-0.0447946161	0.1022167125	-0.0177272588	0.0551966606	0.044904987	-0.0714371614	0.0915038243	-0.0716628335	-0.0882038603	0.0207900666	-0.0271052107	0.0972909399	0.0980424076	0.0522335169	0.0441241385	-0.0517255713	0.0346613725	-0.0349845407	-0.0568911851	-0.0974164942	0.0347839201	-0.0102465766	0.0077574401	-0.0260543077	-0.0373917756	0.0204266336	-0.067178181	-0.0245265983	0.0755322506	0.041347583	-0.1023260663	-0.0391087127	0.0173396826	-0.0291212662	-0.007598712	0.0041188932	0.1197775024	-0.0397369919	-0.053385889	0.0126951644	0.0793446334	-0.0544002509	0.0203106515	0.0562706417	0.2493061982	0.1021450868	0.0829380407	0.0713155578	0.0034689934	0.0298551929	0.0140890995	0.0348999917	0.0047117003	-0.0602159945	0.1695633516	0.0317052126	-0.0030405835	0.0733647597	0.1393102651	0.0581715639	-0.0854585272	0.0374217893	0.1008777121	0.0444961887	0.0342449949	-0.038915965	-0.0651808606	-0.0697700662	0.089398439	-0.006576439	-0.0611502517	0.0684301418	-0.1664311966	0.0156551489	0.0662469508	0.0373066255	-0.0038874383	0.0987472945	-0.0370181314	-0.0106479384	0.0001659163	0.05463746	0.0967686004	0.0426567865	-0.0208629676	0.0293973334	0.1070746447	-0.0181632338	0.0368583273	0.0867067732	0.0299204458	-0.003245144	0.0024612876	0.0596204341	0.1553738542	-0.0817304831	-0.0360361849	-0.0059726054	0.0595064637	-0.0131246067	0.1775999002	0.0317402786	0.0031125454	-0.0723725783	0.0908000156	0.0679669838	0.1064210403	-0.1089514896	0.0822402499	0.0457605575	0.0495394983	-0.0937576389	0.059858937	-0.012133754	-0.038394137	0.0	0.0	-0.0016656986569927	0.0143736956263324	2.7745520159072843e-06	0.0002066031259584	0.114456069269579	0.0062242400025241	3.874116360902136e-05	0.0131001917926426	0.3824577667887965	-0.0367076520558455	0.001347451719453	0.1462739433770734	-1.7998928748954777e-05	0.000556990008349	3.102378694006695e-07	3.2396143610995077e-10	5.1000377030430144e-05	0.0002610302723468	2.6010384572460268e-09	6.813680308146032e-08	-4.1999540695756034e-05	-0.0001464391666471	1.763961418654467e-09	2.1444429528313532e-08	0.0	0.0	0.0
52.6062647711448	-0.1236583028233226	0.0152913758571445	2767.4190931717903	61.956531471305794	-0.092654474965343	3838.611791954905	0.0085848517311033	53.29378429954574	0.1280633429803828	2840.2274449665083	0.0164002198153111	54.63331628313252	51.95991690640143	1.027073	34.128586	0.0713063353372029	0.0353194116414367	-0.0736543039	0.1286656927	-0.0618888204	-0.0574940305	0.1333943596	0.0259026581	0.086487184	-0.1178053567	-0.0280430914	-0.0056282107	-0.0190004743	-0.0247512656	-0.1180196381	0.0072357962	0.0212433401	-0.0270371201	-0.0443656526	-0.073036656	0.0154801955	-0.0186630539	-0.0430456639	-0.0144985017	-0.0119349919	-0.043129777	-0.1218936439	-0.0332122824	0.0766114604	0.0873653685	0.1194971619	0.1279548827	0.0246780531	0.1270617485	-0.1683176877	0.0102353117	-0.0875496754	-0.018916177	-0.0007331483	0.0177720356	-0.0985431588	0.0235138043	-0.0675893243	-0.1074541491	-0.0265750185	0.0448669003	0.0907421942	-0.0310661926	-0.0365670925	-0.0169705662	0.0463378174	0.0099744619	-0.0479746358	-0.0131390828	-0.0573029475	-0.1556906322	-0.1480182252	-0.17383719	-0.0475590746	-0.0628276908	0.0458332157	-0.0344906394	-0.0594799041	0.1471291271	0.1101053948	0.0224548322	0.0452800567	0.0876816017	-0.0481733229	-0.0801213361	0.0375394577	0.0290050244	-0.0334293473	0.0542142307	-0.0059283481	0.002660585	0.0296823291	0.005498623	-0.0774353621	-0.0841766747	0.0079355348	0.1351709507	0.0798320624	-0.0242505305	0.0978754115	-0.0458603487	-0.0809678151	0.1278524558	0.0509290927	-0.0044896996	-0.0560869181	-0.0836096819	-0.0044775929	0.0446420279	-0.1471526241	0.0317738606	0.0444871568	-0.0017075913	0.0436355923	-0.0008473259	-0.0982270933	-0.051447	-0.0811341902	0.1188671302	0.0036682296	-0.1030585	0.0884603936	0.012267395	-0.0425215519	-0.0107250772	-0.0650985772	0.0229214695	-0.0173456116	-0.1424894143	-0.0141022355	-0.000652633	-0.0646547523	0.0527954395	0.1044121724	0.0368125715	0.106694424	0.0696686084	0.0022669205	0.0120482539	-0.0523750685	0.0871741271	-0.0375570585	-0.0958567927	-0.0522931699	-0.1561498986	-0.0237077306	0.0437426527	-0.0817815128	0.1315464118	-0.0711931015	-0.1690743962	-0.013975953	-0.0658674955	-0.0036007053	-0.2324241663	0.0108982343	-0.0040129971	-0.0318191088	0.0537686282	0.0415078761	0.0812231916	0.1075685599	-0.0220157287	0.1106485811	0.0227629777	0.1328582851	-0.0647485729	-0.0355342657	0.051327801	0.0419483047	0.1202117605	0.0685408642	0.0555635316	-0.032954442	-0.0861304713	-0.0605531586	0.0279304381	-0.1114858834	0.0335281019	0.0312568449	-0.0307513514	-0.0202807711	-0.0946157819	0.0629089685	-0.0176897492	-0.0313291043	0.0	0.0	-0.012668316722852	-0.0110026180658593	0.0001604862485904	0.0001210576043031	0.1337614802125983	0.0193054109430192	0.0003726988916788	0.0178921335886653	0.4047565332073617	0.0222987664185652	0.0004972349837897	0.1638278511740421	0.0001659964307301	0.000183995359479	3.38542923098266e-08	2.7554815015132894e-08	-0.0001230048113582	-0.0001740051883886	1.5130183617266366e-08	3.0277805586162664e-08	-5.798979102325352e-05	-1.5990250327497488e-05	3.362815862920614e-09	2.5568810553603347e-10	0.0	0.0	0.0
52.46653991572746	-0.1397248554173416	0.019523035221397	2752.7378107286227	61.693699063121024	-0.2628324081847708	3806.11250409094	0.0690808747922059	53.2030724181226	-0.0907118814231395	2830.5669147279978	0.0082286454313257	54.49040306610958	51.40508835487493	1.002831	33.323032	0.0818671045821024	0.045895950600303	-0.1600902878	0.0645761791	0.0069778186	0.0165402229	0.0380400407	0.0885138585	0.1048862428	-0.0245784318	0.1166067732	-0.1019243925	0.0269846207	-0.0641430132	-0.0929540121	-0.0110767343	-0.0623018646	0.0522598325	0.021916711	-0.0738804831	0.0188882693	0.0490339879	0.0259498234	0.0735893297	-0.0565778825	-0.0674805255	-0.0363346695	-0.08718733	0.030572929	0.0548089779	0.0996320869	-0.0655538634	0.0420790343	-0.0567833451	-0.0732512355	0.1542368287	-0.1423323881	0.0917493662	0.0771253131	-0.0219152517	-0.0764867184	0.0439998727	-0.0730942101	-0.0491287068	0.0159062357	-0.1201970735	-0.1066782111	0.0499438658	0.1695966236	-0.1630970122	0.0324118508	0.0747752272	-0.0123865813	-0.0796656027	0.0276182666	-0.0623750989	-0.0208503705	-0.0347510091	0.0785833899	0.05176335	-0.0968836887	-0.0464933394	0.0777275682	0.105142873	0.0058223423	-0.1518801429	-0.0476273125	0.1226228603	0.0825111018	-0.087062913	0.0192881753	-0.0792933757	-0.0417468947	-0.1583399948	-0.0978439419	0.0049740806	0.0175601064	0.0295665913	-0.0310391753	0.0291641324	0.058063645	-0.0014843011	-0.0181418573	-0.0623909005	0.080398953	0.046872126	-0.116655393	-0.0851269357	0.1314069054	0.0275119542	-0.0988391667	-0.0549246306	-0.0069761125	0.0605150454	-0.0383443802	0.0447037118	-0.0966994575	-0.0515947152	0.0525834956	-0.0758243027	0.0370350745	-0.0553100097	0.0273766897	0.0025576769	0.1321068383	0.0391498985	0.0781798623	0.009265423	-0.0588915098	0.0636785881	0.0572037089	-0.089667634	0.0132804485	0.0145259519	-0.0493747409	0.047880095	-0.1928934222	-0.0950909494	-0.1170459753	0.0615934118	-0.0669811365	-0.0661592097	-0.0591572294	0.1322436652	-0.0086539626	-0.0448475201	0.1508433896	0.0393861527	-0.087306955	0.0923838782	-0.096157158	-0.086787336	-0.0102666964	0.0739935415	0.0347238628	-0.2916616578	-0.0371076509	-0.0065594999	-0.0487857437	0.1337394503	0.011897943	0.0081192925	0.0617634828	0.0803672173	0.1384814119	0.0502161654	0.0241341102	0.0241544804	0.1192012919	0.033087162	-0.0899532327	-0.0850051256	-0.0384234244	0.0548609229	-0.0581509614	0.0291594501	0.1325787345	0.1071884376	0.009696213	-0.1060728881	0.0211577249	0.0737512691	-0.068278063	0.0632666676	0.0214232369	-0.028378144	-0.0052294514	-0.0954444529	0.0658806233	-0.0231961626	-0.0241079916	0.0	0.0	-0.0154721488654701	-0.0028038321426181	0.0002393873905152	7.861474683978408e-06	0.126324247609304	-0.0074372326032942	5.531242879550358e-05	0.0159578155340567	0.4075473740608544	0.0027908408534926	7.788792669523761e-06	0.1660948621038979	0.0004581196478529	0.0002921232171228	8.533597398217456e-08	2.0987361174886515e-07	0.0006539162347261	0.0007769210460843	4.2760644203836e-07	6.036063118487232e-07	-0.0003656495074701	-0.0003076597164468	1.3369956231312673e-07	9.4654501124154e-08	0.0	0.0	0.0
52.46980292305726	0.0032630073297994	1.0647216834324936e-05	2753.080218784468	61.42194468491561	-0.271754378205415	3772.655288876833	0.0738504420738117	53.20866127691325	0.0055888587906451	2831.1616348812872	3.123534258177202e-05	54.44793207898844	50.437758944463816	0.994125	33.033733	0.1306854714588307	0.063160071607846	-0.1361347523	-0.028544577	0.0851840078	0.0348701601	-0.0767664147	0.0912211468	-0.0006903792	-0.0903739866	-0.0141164031	-0.1131867387	0.1012787483	-0.0069527003	0.0166993523	0.0955169729	-0.0211040704	0.0638190673	-0.0384492827	-0.0958242375	0.106036437	0.0495359761	-0.0265927281	-0.033759872	-0.0317479289	0.0309367898	0.0709178879	0.0363711421	0.1245167456	0.044599561	0.0102965168	0.1490115763	-0.0119494053	0.1053898514	0.0239791736	0.0995966344	-0.1893125825	0.0202473321	0.0310157893	0.0993073528	0.0442856763	-0.0268641372	0.1701280829	0.0503530356	-0.0349736585	-0.1039749164	-0.0357088568	-0.2069755646	-0.0585702494	-0.0564773405	0.036270604	-0.118156496	0.1170117709	-0.0066637097	0.018927674	-0.0178319431	-0.2177080573	0.1705368229	0.0141846799	0.0185148717	-0.0923994089	-0.0330567424	0.071149553	-0.0361614557	0.1115188843	0.0724124759	0.0155007414	0.0155518972	-0.0398676811	-0.0929997996	0.0022228081	-0.0593593292	0.057135215	-0.0213791784	0.0294441727	0.0038805515	-0.0061940944	0.1007205466	-0.0050746089	0.1401522392	-0.0276592161	-0.0851276946	-0.0370849995	0.0228351135	0.0022660234	-0.0330409599	-0.0537248783	0.0771447531	0.1632058116	0.0692722917	-0.0423567052	0.0875959709	-0.0552427876	0.032614705	-0.0392740292	-0.0792185697	0.0530607596	-0.0166677375	-0.1035277236	0.022564919	-0.0224398216	0.0317784076	-0.0887446281	-0.1881693105	-0.0283844969	-0.0379458851	-0.1656910618	-0.1146429388	-0.0448524186	0.0241241282	0.0260913019	-0.0142911256	-0.0665040278	0.0488472306	-0.1247588243	-0.020929215	-0.0774860144	-0.0137959915	0.0521878013	0.0270815278	-0.1156814079	0.0547697868	0.0956099353	-0.1795844759	0.0705377683	-0.0100138759	0.0264937979	-0.0789458857	0.0325315188	-0.0327313804	0.0076284985	-0.1042369775	0.1008060863	0.0489745303	0.0865697509	-0.024116851	-0.061435015	-0.0316804181	0.1336968273	-0.0248953978	-0.0647652858	-0.0924781605	-0.1067751415	0.1009122378	0.0462458335	-0.1015591045	0.0852827987	-0.0893964367	0.0198632462	0.0289226285	-0.08679238	-0.0302886208	0.0267013513	-0.0733113471	0.0599790148	-0.0468130697	0.0275100908	0.2392803789	0.1004655656	-0.0500996591	0.0443691197	0.0695103899	-0.060267743	-0.0186295432	0.0438895877	0.1973878497	0.0433359494	-0.0962433935	0.068770199	-0.0286375605	-0.0167667741	0.0	0.0	-0.0292362495361686	-0.0137641006706985	0.0008547582869411	0.0001894504672731	0.1202126085358088	-0.0061116390734951	3.7352132164673246e-05	0.0144510712509836	0.4258747461002414	0.018327372039387	0.0003358925658701	0.181369299365945	-0.0003920057109455	-0.0008501253587984	7.227131256721084e-07	1.536684774138869e-07	-0.0001019760858342	-0.0007558923205603	1.0399122082064129e-08	5.713732002820354e-07	-0.0001220199933238	0.0002436295141463	1.4888878770740198e-08	5.93553401631622e-08	0.0	0.0	0.0
52.60678921862931	0.1369862955720506	0.0187652451745532	2767.474271893293	61.73168118350156	0.3097364985859485	3810.80046174148	0.0959366985562833	53.22176359391072	0.0131023169974753	2832.5561200461207	0.0001716707107023	54.52754190511871	50.2482461475646	1.059568	35.208355	0.0428027100122657	0.0216390421878359	0.0167574674	-0.1754871972	-0.0059873952	0.0337041332	0.0648979461	0.0665245653	0.0737686368	-0.0524528283	0.0648636367	-0.0849576768	-0.0313896482	0.1717867804	0.046166401	-0.0344272613	-0.1002851784	-0.0166519753	-0.0361668052	-0.0229729865	0.0328567939	0.0115823423	0.0982376454	0.0393056807	0.0210341896	0.0131946948	-0.0065551794	-0.0348540986	0.0048107796	0.0014434602	-0.0619453151	0.1319792551	-0.0267342947	7.65425e-05	0.0271227626	-0.0553610754	-0.0671595717	-0.0060749462	-0.1233389957	-0.0314787292	0.1304174203	0.0081302588	-0.0644645139	-0.0072323209	-0.0675113544	0.0671530832	-0.1915625069	-0.1665178017	-0.0355835401	0.0424354916	0.134358705	0.0140599336	0.0426138662	0.0118999397	0.0749922483	-0.0330155434	0.051236809	0.1191802894	0.0365344082	0.0111997553	-0.0516076149	-0.0740937647	0.1374395358	0.0890246682	-0.0177838958	0.0332041889	-0.0157829048	-0.1508818845	0.0099154432	-0.1327022159	-0.1891257475	0.0315360472	0.0496949167	-0.0730761781	-0.0591794142	0.0862246962	-0.08561767	0.0557163477	-0.0844610612	-0.0295717893	-0.1333178317	0.1100670513	0.0377940199	0.0383172338	-0.0021458993	-0.1343625018	0.0267779844	0.0202447715	0.0779436729	-0.1326348531	0.067455228	-0.041687092	-0.0747873523	0.006061906	0.07629644	-0.0040508773	0.0001227932	0.0389849728	0.0088669276	0.0550418434	0.1144276125	0.102981773	0.0157808376	-0.0670549699	-0.0560017944	-0.0848744826	-0.0381202138	-0.2051649396	-0.0315086703	0.0084241634	-0.0522088681	0.1967326656	-0.014117011	-0.0437486973	-0.1864360377	0.1553328908	0.1016629983	-0.0880396936	-0.0156502888	-0.004421752	-0.0161307089	-0.0519820562	-0.0663128596	0.0882760856	-0.2141671109	-0.1044767758	0.0273730827	-0.0073562629	0.0910982886	-0.0172619755	-0.1089292043	0.0730656423	0.0115525843	-0.0686567507	0.0786906783	-0.0637835667	0.0432515582	-0.1048802965	0.0186327465	-0.0146607747	-0.0221051	0.0184800413	-0.1341312926	0.0707706175	-0.0058911056	-0.1047675885	-0.0071072414	0.0922586924	-0.0510075978	0.0371666899	0.0023328883	-0.0375001713	-0.0197931912	-0.1605991034	0.0382617637	-0.0335415323	0.102485263	0.0548132575	0.1242997824	-0.0563792028	0.1189027494	-0.0413550945	0.0785929349	-0.0772138035	-0.0269170966	-0.0037494847	-0.0072906976	-0.0970123549	0.0715740957	-0.0339986915	-0.0093420254	0.0	0.0	-0.0180135641197836	0.011222685416385	0.0003244884922975	0.0001259486679551	0.1226951171373684	0.0024825086015596	6.162848956817411e-06	0.0150540917693525	0.4185255417526505	-0.0073492043475908	5.4010804542648966e-05	0.1751636290993496	-6.800070245654237e-05	0.0003240050084889	1.049792455259295e-07	4.6240955345832075e-09	-9.995211214253176e-06	9.198087461994684e-05	9.990424721753244e-11	8.460481295850381e-09	-0.0001410003431495	-1.898034982570001e-05	1.988109676827676e-08	3.6025367950595033e-10	0.0	0.0	0.0
52.765324236813285	0.1585350181839757	0.0251333519905935	2784.179441816036	62.108674332812114	0.3769931493105574	3857.4874273793134	0.1421238346270922	53.27671624922893	0.0549526553182104	2838.4084943008543	0.003019794326522	54.56614531624305	51.38940911571397	1.007937	33.492714	0.0728859514491767	0.0356998433359364	0.0420738534	-0.0242636854	-0.0351709265	0.1209481559	0.0730936038	0.0297333065	0.0589548064	-0.1077040061	-0.0609411905	0.0320798156	-0.0798929659	0.0285759688	0.0652573563	0.1456402515	0.0034790495	0.0421386678	-0.0143665531	0.0867068572	0.191332034	0.0141095628	0.0547972727	-0.0783179532	0.0155370916	-0.060130457	-0.0143301394	-0.0495871116	-0.0213199307	0.0456516119	0.0296456957	-0.1763266867	-0.0419990959	-0.036720959	0.0578564733	0.0216649437	-0.0225427671	-0.1285432811	-0.0185917831	0.0123328709	0.0143394181	0.0079866012	0.0276987265	-0.0234064036	0.0388379147	-0.1053731038	0.0168251648	-0.0061745303	-0.0083489178	-0.1668175059	0.0221679323	-0.0279750507	0.0001229	-0.0475205711	-0.0474793883	0.0591840653	-0.1415109282	0.049114495	-0.0047777897	-0.1783179093	-0.0683589792	-0.0909362326	-0.1296322694	-0.0060203569	0.0095200154	0.0781216048	0.0940182303	-0.0878997358	0.0328908075	-0.1390906203	-0.0247399474	0.0250113338	-0.005840416	0.0333182912	-0.1180498582	-0.1574867852	-0.0427962219	-0.017445507	0.0495502936	-0.0784669511	0.0807797345	-0.020724942	-0.0965736953	-0.0715743152	0.0745527718	-0.0488533882	0.1614921096	-0.0495775982	0.0048805881	-0.090649004	-0.0725784446	0.0932039303	0.0128800355	0.074041815	0.0586950673	-0.0092480519	-0.0657988702	0.0956571555	-0.0754280622	-0.0008273116	-0.0325672896	0.0001419002	-0.1787741942	-0.018271677	0.0411319817	0.0142060997	-0.0269657412	0.0014556606	-0.1163666584	0.0677288819	-0.0030840323	-0.1325596452	0.0295102853	-0.0180775355	0.0990216516	0.0349854853	-0.0928369213	0.1011659146	-0.0039452908	0.0251852574	-0.0203670595	-0.0856582507	0.0423519207	-0.1317537541	0.0142935753	-0.1393067391	-0.0442736151	-0.0591767396	0.1011113786	-0.0995697995	-0.0250925378	0.0107988363	0.1319568453	-0.0207490391	0.1080941366	0.0449542589	-0.1284568947	-0.0238372871	0.0907033057	-0.1781918671	0.00484209	0.1206977484	0.0383608888	0.0063735123	0.0004961172	0.0717481821	0.1082694058	0.0441608041	-0.0315845855	-0.135544634	-0.0613875009	-0.1338399441	-0.049249318	-0.0337808069	0.0322781426	7.12435e-05	0.0897017651	0.1419910038	-0.0055507825	0.0037677136	0.03867406	-0.0125890562	0.0190117022	0.0557040763	0.0100428296	-0.0433009572	0.0172769219	-0.0977510977	0.0742888199	-0.039264529	-0.0018707352	0.0	0.0	-0.0144988952387308	0.0035146688810527	0.0002102179631436	1.2352897343440932e-05	0.1174924801559456	-0.0052026369814228	2.706743156046815e-05	0.0138044828931952	0.3935554396607941	-0.0249701020918564	0.0006235059984777	0.1548858840866009	0.000416017940924	0.0004840186433805	2.342740471399406e-07	1.7307092717064474e-07	0.000112933857407	0.0001229290686212	1.2754056148824608e-08	1.5111555912088774e-08	-0.0003180235010446	-0.000177023157895	1.0113894721666468e-07	3.1337198431153496e-08	0.0	0.0	0.0
52.7805263751738	0.0152021383605145	0.0002311050107322	2785.783964440417	62.1277489862242	0.0190746534120833	3859.857194095282	0.0003638424027911	53.28254708171596	0.0058308324870282	2839.029823515278	3.39986074917835e-05	54.583212699929504	51.46271502801654	0.981163	32.603027	0.0887690402878292	0.0521221615853014	0.0207648515	0.049555781	0.0934822956	0.0745551075	-0.0013156609	0.0965452092	0.0416388862	0.0379518685	-0.0167920768	0.0351575112	0.0019817259	-0.0807901902	0.00853196	0.0130651505	-0.1216915255	-0.0238431126	0.022321674	0.0015787575	0.0537650521	-0.0098691226	-0.0877496778	0.0940841798	0.0834141732	0.0904965905	-0.0736132518	0.0773118242	0.001474908	0.1809220845	0.1776748045	-0.1158689296	-0.0301702714	0.0338647252	-0.076792738	0.0073701086	-0.0586066635	0.0044656435	0.0435706451	0.0618521967	0.0682491995	-0.0662011308	0.0073372752	0.1795390165	0.0353377371	0.052611054	-0.0465740708	-0.0526228901	0.0416560757	0.1854699284	0.1557254533	-0.0365650845	-0.071752477	-0.0317747425	0.0944946615	0.0331536586	-0.1631902704	0.0158902431	-0.0036581834	-0.0732522752	-0.0955502249	-0.0040766758	0.0673313484	-0.0470837301	0.0216846691	0.0087772382	-0.0995024143	-0.0356724158	-0.1369483873	-0.043727422	-0.0417374256	0.0222849811	-0.0607961372	-0.0282137081	0.1032183206	-0.029853081	-0.0635473669	-0.0311028229	0.1350638874	-0.0994483212	-0.1321914833	0.0540256618	-0.1238749416	-0.012455475	0.0061276158	0.033420405	0.1385426069	0.0165864342	0.0270736469	0.0783225119	-0.0141337696	0.0389916228	-0.0673631748	-0.0346071959	0.0464847193	-0.0182414224	0.0389352857	-0.0407967244	-0.1222728943	-0.0429956462	-0.0863361492	0.1263474276	0.0524200789	0.0744027515	-0.210521364	-0.0127881027	0.0536832611	-0.0339410146	-0.180352904	-0.0901947242	-0.039200791	0.0170469459	0.0245007073	0.1719528677	-0.0650116632	0.0881799936	0.0062114969	-0.1053445609	0.0528226179	0.0502852852	0.0675403625	0.0779307388	0.0860180259	-0.0919028258	0.0025636974	-0.107427112	0.0656800796	-0.0783564764	-0.043784874	-0.0358955705	-0.0221586114	-0.0996496326	-0.0855474683	-0.0812502183	-0.0684830861	0.0427295914	0.0190125296	0.0248026191	0.0544913205	-0.0110455494	0.1164562063	0.0178276287	-0.0052617219	0.0194435404	-0.0228858506	0.0507715336	0.0722961909	-0.0486865268	0.0231079261	0.0361591965	-0.0997110691	0.0064267797	0.0190260654	-0.0586854149	0.0833853066	-0.0796065037	0.0312473328	-0.0133529822	-0.0555041745	-0.0246376978	-0.0866876914	-0.043274191	-0.0828088164	0.0380327181	0.0241303069	0.0420372396	-0.0810990703	-0.0984593917	0.0769109895	-0.0444203137	0.0056098749	0.0	0.0	-0.0325411410417046	-0.0180422458029738	0.0010589258602961	0.0003255226336149	0.1084648370700733	-0.0090276430858722	8.14983396858979e-05	0.0117646208806375	0.3986850573487572	0.0051296176879631	2.6312977624663963e-05	0.1589497749531818	-0.0004760186884673	-0.0008920366293913	7.957293481757916e-07	2.2659379177012842e-07	-0.0001204252421733	-0.0002333590995803	1.4502238952497952e-08	5.445646935692838e-08	-0.0003120285557958	5.994945248799966e-06	9.73618196320127e-08	3.5939368536109285e-11	0.0	0.0	0.0
52.776029427668064	-0.0044969475057357	2.022253686934257e-05	2785.309282150085	61.981582704957546	-0.1461662812666517	3841.716594611493	0.0213645817793219	53.27459728647266	-0.0079497952432987	2838.1827160358403	6.319924441037546e-05	54.55126801855916	51.10899681556777	1.019662	33.882298	0.0660758505456474	0.0326988282768934	0.0602647826	-0.0787778239	0.1106941384	0.0096051714	0.0291489558	-0.035386745	0.1417066405	-0.0971390914	-0.0711751678	0.0092900048	0.0641460445	0.1218928038	0.0559398996	0.0382128239	0.073783684	-0.1112581692	0.0551227445	-0.2014826634	0.02918372	-0.1364570073	0.0321733366	0.0831731124	0.0844641037	0.0427782612	-0.0444583924	0.0507050757	-0.1048545212	0.0374045844	0.0552782692	0.1176715367	-0.0075919863	-0.0714350975	-0.016366291	-0.015624816	-0.0762707811	-0.0282622277	0.0439851637	0.0686432799	0.0328340511	0.0535532051	-0.0629160447	0.0202269939	0.0223690387	-0.0142133567	0.0324760173	-0.020271951	0.0267958079	0.0498746534	-0.1300669556	0.0348815149	0.0003670354	-0.0334239441	-0.0015253016	-0.0915326749	0.0216425756	-0.0439496722	0.0523813333	-0.0238359347	0.0475238235	-0.015715752	0.0971459311	-0.0443299397	0.0607308474	0.0122336197	0.0374106253	0.0029837718	-0.0218884755	-0.1061038637	0.0506528995	0.0051570671	0.0674725839	0.1907891806	0.1345619153	0.0049145461	-0.0708742097	-0.0269524546	0.0899094083	0.0598370328	-0.0635861011	-0.0690373967	-0.0008507083	-0.0819694171	-0.008537938	-0.0812931669	0.0369415313	-0.0729799118	0.0256689352	0.0141401231	0.074916874	0.0038991197	-0.0552252321	0.0553491418	-0.080096559	0.1660902294	0.151323679	-0.0103283459	-0.0603690546	-0.0830303446	0.0173191629	-0.0182541254	0.071329687	-0.0314332622	-0.00055718	-0.0936970538	-0.0375551237	-0.0378480709	0.0388546287	-0.0844732756	-0.0045200873	-0.0659738356	0.0545322691	-0.1466165886	-0.0533704016	-0.089975427	0.0245965177	-0.0890505977	0.0780121526	0.0489723173	0.0805053597	0.0510506323	-0.0551274528	-0.0322870147	-0.0097288528	0.0035650909	0.1382618668	-0.1128684782	-0.0060783425	-0.045582954	0.0416890744	0.0107114659	0.0118364609	-0.0779287561	-0.0126996806	0.1002409924	-0.07303677	-0.0603505503	0.0632497446	0.0720064434	-0.0969053881	-0.0675953327	0.0414727665	-0.023049601	0.0077636855	0.0810764203	-0.0713642685	0.0303453181	-0.0608919981	0.074609676	-0.1325564761	-0.0941515389	0.0013188146	-0.1134591718	0.0542097875	0.0391586425	-0.046485203	0.0998033545	0.0357759191	-0.1090081043	-0.0789587879	0.0119769264	0.0634887605	0.0288804967	0.0874758656	-0.0724508885	-0.1025603715	-0.0991370163	0.0794373376	-0.0494515946	0.0130625369	0.0	0.0	-0.0196256482889367	0.0129154927527679	0.000385166070761	0.0001668099530468	0.106123121866716	-0.0023417152033572	5.483630093634709e-06	0.0112621169947378	0.3802464114005701	-0.0184386459481871	0.0003399836644025	0.1445873333830116	4.97685795940159e-06	0.0004809955464267	2.313567156823213e-07	2.4769115148058963e-11	-0.0002030005631743	-8.2575321001e-05	4.1209228649082964e-08	6.818683638418192e-09	-0.0002279994903968	8.402906539900002e-05	5.1983767621200496e-08	7.060883831829422e-09	0.0	0.0	0.0
52.8822124825835	0.1061830549154336	0.011274841151174	2796.52839705311	62.188549231816005	0.2069665268584586	3867.415655558003	0.042835143239853	53.28353370011911	0.0089364136464453	2839.134963571729	7.98594888603751e-05	54.62124311075122	52.00426527975981	1.011045	33.595985	0.075995791919973	0.035245472525397	0.1132492581	-0.0490908386	-0.042505425	-0.0268502953	-0.0679415961	0.0876155044	0.104306738	-0.0160614649	0.0122132701	0.0329018376	-0.0775553042	0.0134255316	0.0874174641	-0.0086582794	-0.0609852654	0.0709713045	0.059808783	-0.0278569339	-0.0063577724	0.1748725902	-0.042394795	0.0926520014	0.1383944348	-0.0038172868	0.0533590775	0.0092883585	-0.0536141705	-0.0944113553	-0.018101889	-0.0625036285	0.0397952543	0.0813494822	-0.0324134315	0.1938926329	0.0909457536	0.1020439522	0.065006394	-0.0838554095	-0.0081524098	-0.0477128751	-0.0123596395	-0.0057726205	0.0645613348	-0.1123876788	-0.0156109639	0.0476213821	-0.130980365	-0.0815479844	0.0912628874	0.0532827855	0.0669950029	0.1255931569	0.1222873919	0.0039253595	0.0086735239	0.0664985808	0.0419078064	0.0769513601	-0.0393058666	0.0941353567	-0.03894466	0.0947288809	0.0233070674	0.1201869663	0.2228514258	0.0393650531	0.1120946093	0.0893185512	0.061637719	0.0778708901	-0.1233525127	-0.0136780565	0.1459191466	-0.098558759	0.05409109	0.0470245457	-0.0675889039	0.0127631971	-0.1047741143	0.0211517078	0.0020198067	-0.113846306	0.0054686107	-0.0764275575	0.0461774797	0.0482518487	-0.0642227529	0.0254062201	-0.0372572181	0.0135839011	-0.0328004495	-0.0762147796	0.0676024984	-0.004937013	-0.0628180483	-0.0699308687	0.1108141646	-0.0044676781	0.1069562631	0.0283425506	-0.1374869087	-0.0529702238	0.0624128239	0.1350537015	-0.0530270307	-0.0138528274	0.0437801718	0.0151260751	-0.1064397038	0.0190783107	-0.1134352765	0.0123635036	0.0440504999	0.1230582101	-0.0745670593	0.0194681634	-0.088016667	-0.0823361244	0.1375411907	-0.1189573197	0.1409790462	0.0108725788	0.0760834466	0.0852937154	0.0428979437	-0.0900894239	-0.0986659714	0.0844085939	0.1422924895	0.0146844884	-0.0440674683	-0.0036663661	-0.1081169223	0.0373163673	-0.0505768583	-0.1141052285	0.0695947273	-0.0295771793	-0.1272367866	0.0607945463	-0.0095426961	-0.0490473744	-0.0357141149	0.0428905242	0.0284107117	0.0166940708	-0.0992899411	-0.0569653454	-0.0165771876	-0.1777919495	0.054615619	-0.1132246205	0.0745441798	-0.1698191783	0.0672236753	0.0473263045	0.0118195533	0.0295287674	-0.1270278238	0.0069162409	0.1216115301	0.0264241719	-0.0561951414	-0.1307177722	0.0498927786	-0.0997837604	0.0818647166	-0.0543442699	0.020450122	0.0	0.0	-0.0424247754770732	-0.0227991271881365	0.00179986157428	0.0005198002005408	0.1182577570386342	0.0121346351719181	0.0001472493707555	0.0139848970998086	0.3643340939894557	-0.0159123174111143	0.000253201845392	0.1327393320431175	-0.0001479938961853	-0.0001529707541447	2.3400051623598743e-08	2.1902193308105358e-08	3.6025087197577577e-05	0.0002390256503718	1.2978069075930678e-09	5.7133261535699066e-08	-0.0003389973288563	-0.0001109978384595	1.1491918897170641e-07	1.2320520142681261e-08	0.0	0.0	0.0
52.87595247597622	-0.0062600066072775	3.918768272315853e-05	2795.866350241696	61.90989535338395	-0.2786538784320527	3832.835142666952	0.0776479839652252	53.49243697330091	0.2089032731818036	2861.4408133425704	0.0436405775460713	54.78802098725971	52.09175710467731	1.03947	34.540501	0.0429306669864118	0.0185756832304118	0.0633081866	0.0916913432	-0.0262113532	0.036835189	0.0982931848	-0.0409978752	-0.0222052731	-0.0251963488	-0.1688336615	0.0194196558	-0.0281001186	-0.0143049028	-0.0112848811	0.0291310981	0.0169469572	-0.0597115421	-0.0115242875	-0.0683440448	-0.0226211392	-0.1047898667	0.0569598302	0.1136017391	-0.0303960925	-0.0666043413	-0.1167903897	0.0964294045	0.1198338823	-0.102729699	0.0176413039	0.1040632479	-0.0844868493	0.066103758	0.0839379948	-0.091037193	0.148855575	-0.0577529193	-0.0435234691	0.0060606198	-0.046206298	-0.052668898	0.140459591	0.010257088	-0.1018758871	-0.0745825378	-0.0470980536	-0.0456905534	-0.0375403689	-0.0523445818	0.1191794272	0.017615187	0.0258441185	0.0796140966	-0.0022494468	-0.0752011754	-0.0377342636	-0.0541411306	-0.0246745565	0.1096913561	0.1654535098	-0.0124457045	-0.0071524074	0.0818061794	-0.0670876992	-0.1457544847	0.0026921007	0.0463078112	-0.0672793716	-0.0550585134	0.1013070148	0.0336527559	-0.1559168946	0.0113864961	-0.0143191261	-0.030510784	-0.0297623009	0.1242338145	0.0176107947	0.0393101449	-0.0346426202	0.049287292	-0.0186456315	-0.0328035621	-0.0012283039	0.0762321854	-0.1040437144	-0.0375540434	-0.0985906764	-0.0244183207	-0.0405212606	-0.0452204882	0.0047029747	-0.0250953092	0.0447607896	-0.1238405989	-0.0261412265	0.0416244214	0.0389752499	0.0206886444	-0.0472433064	-0.0351493923	-0.0451004083	-0.1453845952	-0.0887849643	-0.0225126407	0.0881300693	-0.0249549253	-0.104759774	0.0440008544	-0.0276707648	-0.0419693601	-0.1052002536	-0.0415403653	0.0859770436	-0.0309407611	-0.0312811688	-0.0220687511	0.0345248869	-0.0325931073	0.0588021092	0.0737178099	-0.2058931739	0.016141387	0.0284846127	0.1159838375	0.1084934794	0.0475634952	-0.0370610035	-0.0015710378	0.0283242344	-0.0318834615	-0.0579966698	0.1094856286	-0.124408244	-0.1325995486	-0.0353395391	0.0311174759	0.0135367104	0.0056356625	-0.0524600494	0.0561175875	-0.1818852953	-0.0491795266	-0.0543738982	0.0148145127	0.1015533353	0.0536161614	0.0536642076	0.0041241324	0.0024456044	-0.0019461377	0.0676634047	-0.1621510794	0.0704853204	0.0769889225	-0.0156432961	-0.0458522827	0.0237990203	0.0117292306	-0.215148059	-0.0464276406	-0.0039179727	0.1333849914	-0.0903271221	0.076550659	-0.1298567876	-0.1003994225	0.0841901024	-0.059084626	0.0277358257	0.0	0.0	-0.038563451347926	0.0038613241291471	0.0014871397798638	1.4909824030334376e-05	0.1118197981130748	-0.0064379589255594	4.144731512718995e-05	0.0125036672500488	0.3706653311261618	0.006331237136706	4.008456368120621e-05	0.1373927876988671	-2.2010218410894867e-05	0.0001259836777744	1.5871887065565146e-08	4.844497144952952e-10	-0.0001559985596073	-0.0001920236468048	2.4335550599552333e-08	3.687308093224437e-08	-0.0001310017175356	0.0002079956113207	1.7161449997277128e-08	4.32621743286717e-08	0.0	0.0	0.0
52.81245038489822	-0.0635020910779999	0.0040325155712786	2789.154915657336	62.2767587508355	0.3668633974515458	3878.3946805097657	0.1345887523896909	53.42186269252258	-0.0705742807783309	2853.895413538736	0.0049807291073786	54.742609889145605	52.1649522005768	1.024208	34.033356	0.079694935716221	0.0389220253951666	-0.0390087247	0.0971404587	0.0722195708	-0.0132004632	-0.0841454161	-0.1218996702	-0.0285834235	0.0627091625	0.089630086	0.024812388	0.0603674237	-0.0764006497	-0.0978096317	-0.02205696	-0.1038841479	-0.0022661469	0.1026264722	0.0616745108	-0.1289275472	-0.0076214735	0.0465260228	0.1352850081	-0.0096281337	-0.047957156	0.0544907532	-0.050544231	0.0856782228	-0.011338259	-0.0912593587	-0.0346779274	0.0651504677	-0.0523941402	0.0351528217	-0.0073521027	-0.0234924865	-0.0304573314	-0.0173712126	0.0198073178	0.1284484324	-0.0284781679	0.108711706	0.0543037693	-0.0623146192	0.0878195283	0.082082627	0.0317296969	0.0634111465	-0.0408774515	0.063069694	0.087891002	-0.0909631605	-0.0021607183	0.0682894696	0.0103052676	0.0014740689	0.031969919	-0.1504724451	0.0570015348	0.021889746	-0.0732154547	-0.1274756407	0.0381482982	0.0267019263	0.0878590097	-0.1022748442	0.0399884203	0.0751147202	0.1223321702	-0.0029059702	-0.0742378925	0.0673926182	-0.0364049232	0.1505275157	0.0180119224	0.0149800322	0.0838845825	-0.018804327	0.0826021981	0.0059948466	-0.0702552937	0.0466575091	-0.0418796677	0.1145538208	0.1491732191	-0.0877710717	0.0846572958	0.0048810239	0.1322068244	-0.074886376	-0.0147551721	0.0501954987	-0.1383579337	0.1381233953	-0.0526920119	0.0746926277	0.0463249527	0.0154466717	0.0837107777	-0.0079709038	0.0008257087	0.086914598	0.0406685197	0.0247148107	-0.0755291585	-0.0147089184	-0.0416391374	-0.0591045267	0.0017828125	0.0098732987	-0.0049832186	0.1062834054	-0.0946055233	-0.0362267622	0.1189161221	-0.0696773801	0.0902292798	0.0265611659	-0.0778953663	-0.0757240901	-0.005485661	-0.0206017026	-0.0593561035	0.0525588411	-0.0069420446	0.0044400148	0.0932591421	0.0080826799	0.141910166	0.1347068039	-0.0134901126	-0.0563578024	0.0959927983	-0.0303712892	0.0089792601	0.2001405828	0.0389927886	0.0512837872	-0.0707604323	0.0436565305	-0.0824939344	0.0589050762	-0.0917805812	0.0562772659	-0.0890665888	-0.0208949673	-0.1079226749	0.0873332331	0.0034843299	0.0050284244	0.1341570598	0.0323180513	0.070899491	0.0216515441	-0.00902127	0.0085278594	-0.0855963575	-0.1386651107	0.0160274765	-0.1180186995	-0.0907627292	0.0128025795	-0.0424260813	-0.0077956849	-0.197056615	0.048164379	-0.1009838109	0.0864105979	-0.0636593764	0.0348833508	0.0	0.0	-0.011991588993311	0.026571862354615	0.0001437982065844	0.0007060638689926	0.1135178421154847	0.0016980440024099	2.883353434120237e-06	0.0128863004785561	0.3473422868854712	-0.0233230442406905	0.0005439643926532	0.1206466642588289	0.0002410111404909	0.0002630213589017	6.918023523854677e-08	5.8086369840724335e-08	-0.0002249880700972	-6.898951048990001e-05	5.0619631686062585e-08	4.759552557636024e-09	9.902711544281516e-05	0.0002300288329784	9.806369592924642e-09	5.2913264001411624e-08	0.0	0.0	0.0
52.677343150757	-0.1351072341412234	0.0182539647172913	2774.902481422605	61.942851946904106	-0.3339068039313915	3836.916907316082	0.1114937537116767	53.33371457545715	-0.0881481170654296	2844.4851104163304	0.0077700905421806	54.62410523795491	51.74764151640117	0.973835	32.359539	0.1111433947875332	0.0542929116834107	-0.1087645493	0.0498464081	0.0835645926	-0.1229708519	-0.1097433583	-0.079757606	-0.1419007232	0.0951792796	-0.0748847078	0.0492992928	0.1521162199	-0.1333869917	0.061439698	-0.0288319538	0.075508698	0.0233801462	-0.1157603094	0.0717678537	0.0656280114	0.1903869771	0.0441507158	0.0224005074	-0.0788768626	-0.0770670053	0.0334870447	0.0820207837	-0.0409448173	-0.0319324163	-0.1508424053	0.0416015509	-0.0740034391	-0.0495533554	0.0568112149	-0.0094594848	0.0647259202	0.1364301169	-0.0206248172	-0.0101321273	0.0620338394	0.1015423653	0.1505360197	-0.091242298	0.0423442222	0.0192199144	0.0032596094	0.099699869	0.0797174279	-0.1284792506	0.1901854956	0.0041843656	-0.0754893345	-0.1296574251	-0.0347352711	0.0387016049	-0.0262410049	-0.0142500373	0.1559348023	0.0073910862	0.135481795	0.0406899094	-0.1253179454	-0.0194902394	-0.0537173473	0.0056767727	-0.1521733957	-0.0426440357	-0.0914966262	0.0362544894	-0.0325705245	0.0253714774	-0.0397406205	-0.0638860178	-0.0776107252	-0.104766666	0.0021419344	0.0030095712	0.0730938536	0.07558252	0.0666570822	-0.0610150298	-0.083970948	-0.0790157753	-0.022332026	-0.078685381	0.1026433613	-0.0256406937	-0.0170287507	0.1551383061	0.0440279746	0.0490513812	-0.0144852739	0.1551334445	0.1555268548	-0.1000213556	-0.1400273974	0.0545245875	-0.018037399	0.108521655	0.085605541	-0.0844455608	-0.0721264146	0.1154763255	0.0829772158	0.0628186223	0.024882278	-0.0496630757	-0.0511516484	0.0294269882	0.0876398376	0.0045116771	0.0838414183	0.0293541334	0.0426439216	0.0389591399	0.060946197	0.0958877699	-0.1023203634	0.0187842396	0.0662146682	0.1388064208	-0.0925004324	0.074424284	-0.0592612275	-0.0777075659	-0.0290871794	0.0950758743	-0.0737203659	0.0094232011	-0.0328147986	-0.159679228	-0.0708636366	-0.0200089838	0.0745508428	-0.0320070676	-0.049024317	0.0397684154	0.0027796102	0.0101845837	-0.1148094602	0.0022070664	0.0830474964	0.0006646574	-0.0134788444	-0.1589094359	-0.0388412172	-0.1307190037	0.0777259534	0.0342518652	-0.0039704858	0.1240313471	0.0320003235	0.0179797562	-0.0492397188	-0.1211219572	-0.0007872181	0.0200370462	-0.0751295549	0.0149832885	-0.0661312957	-0.0136423763	0.1036204374	-0.0330961426	0.0546955022	-0.0102511849	-0.01727766	-0.1015367435	0.0885234364	-0.0680556987	0.0418570888	0.0	0.0	-0.0176477923334346	-0.0056562033401235	0.000311444574244	3.199263622482535e-05	0.127385581638606	0.0138677395231213	0.0001923141994811	0.0162270864094059	0.3861108010164003	0.038768514130929	0.00150299768792	0.1490815506615262	-0.0001070308678782	-0.000348042008369	1.2113323958959668e-07	1.1455606678760704e-08	0.0004439925246086	0.0006689805947058	1.971293619083183e-07	4.4753503609292586e-07	0.0001390232682351	3.999615279228485e-05	1.9327469110768572e-08	1.599692238183795e-09	0.0	0.0	0.0
52.70353201240304	0.026188861646041	0.0006858564743154	2777.662286582392	62.1280728086725	0.1852208617683928	3859.897430919711	0.034306767634226	53.28594345453928	-0.0477711209178721	2839.391769840357	0.0022820799937499	54.66670437370907	50.68770452315543	1.076196	35.760868	0.0635897607935483	0.0291383827810763	-0.0417316817	-0.1379078413	0.0376502658	-0.0108138581	0.0782199549	-0.1230692932	-0.0644719256	-0.014945638	-0.019865589	-0.0373671136	0.035174502	0.092109117	0.0133858024	0.0210320239	0.0731202046	-0.0625306814	-0.0807441418	0.0045305495	-0.0871437714	-0.0398001246	-0.0175482803	0.1917235203	-0.0016307209	-0.131290031	0.1697307268	-0.0695422222	-0.0124254347	-0.0219313639	-0.0309766986	-0.0029152557	-0.186563506	0.11964213	0.0234258787	-0.0418908174	-0.0416788843	0.0027502626	-0.0444753165	-0.046625504	0.1697347707	-0.0572125453	0.100819899	0.0604971516	-0.0067180881	0.0032921622	0.0127417385	0.0103263394	-0.0719507109	0.0878094195	-0.0072532442	-0.0028321998	-0.0484444091	-0.0109448422	-0.0400528857	-0.0436102554	0.0719337584	-0.0135154917	-0.0669852823	-0.1687143776	0.0605998931	0.0460605976	-0.0692770464	0.050633502	-0.0126852377	-0.2116519916	0.1196565795	-0.056065876	-0.073134103	0.0064086376	-0.0527082523	-0.1421564628	-0.035022941	0.1325042255	-0.1179614626	0.0113618562	-0.0915933645	0.09765905	0.0737234443	-0.1323490099	0.1062078076	-0.0142942604	0.0851769843	-0.0758012909	-0.262567953	-0.0156836084	-0.1188867885	0.0030807285	0.008795145	-0.0115643417	0.114407433	-0.1333389917	-0.0271604148	-0.0054342834	0.0502631852	-0.0104523422	0.1869201097	0.1029542459	-0.0945145387	0.0097610545	-0.0381472677	0.0772388699	0.0518095375	-0.1386778627	-0.0759594478	0.0450255953	-0.0723856575	0.0312365475	0.0119817076	-0.0605016121	0.0386340146	-0.0006692494	0.0514817034	-0.1378388677	0.2384771589	-0.1102292823	0.0314105224	0.0139453236	-0.0678131636	0.0326804809	0.0986851047	0.0801597316	-0.1246801533	0.0677443988	-0.0463233776	-0.106266115	0.101023218	0.0242277974	0.1213123955	-0.0452370699	-0.0254451757	0.0892863342	-0.0062885713	0.0278340844	0.0368378086	-0.0095504847	0.0708103271	-0.0006002857	0.1165855373	0.0063469034	0.0718317889	0.0811569985	-0.0371311238	-0.0132936815	0.0260359205	-0.1419770212	-0.1011540337	0.0533600544	-0.0531918129	0.0878142136	-0.0592334218	0.0584605478	0.0402154787	0.0185984227	0.074242269	0.101649559	0.106523811	-0.0652779281	-0.0323299275	0.076019279	0.0745270674	0.0229042071	-0.0360777752	0.0279853844	-0.0033092183	-0.1150193902	-0.0767605513	-0.1020580481	0.0905259858	-0.0722612707	0.048622297	0.0	0.0	-0.0360829949067209	-0.0184352025732863	0.0013019825214384	0.0003398566939181	0.1236899557672188	-0.0036956258713871	1.3657650581266346e-05	0.0152992051576965	0.3856545935871764	-0.0004562074292238	2.0812521847904773e-07	0.1487294655548902	0.0001640007834121	0.0002710316512903	7.345815600114678e-08	2.6896256959782532e-08	5.999786641464056e-05	-0.0003839946581939	3.5997439743090542e-09	1.4745189752149573e-07	-2.600492067366036e-05	-0.0001650281889087	6.76255899243368e-10	2.7234303134505505e-08	0.0	0.0	0.0
52.83449208757237	0.1309600751693338	0.0171505412883575	2791.483554151748	61.82981026256001	-0.2982625461124897	3822.925437104171	0.088960546413505	53.350059339986046	0.0641158854467676	2846.2288315800324	0.004110846766623	54.61829287545723	51.3909202354052	0.993372	33.00872	0.0704648094644172	0.0365792493612297	0.0264034411	-0.1047385661	-0.0459722218	-0.0255293797	-0.082524417	-0.039814147	-0.0610330405	0.1004634829	0.0826267722	-0.0415074281	0.0660690946	0.005113694	0.0254644878	-0.0888534785	-0.1329855203	0.1022434326	0.0334653177	-0.0177899004	0.0063199444	-0.1048634508	-0.1147500318	-0.0778936303	-0.0166246184	-0.2162098175	-0.0501938075	-0.0117932365	-0.0332705521	-0.0651877265	-0.0097814723	-0.0894993256	-0.0839246795	0.0130577861	0.0344737707	-0.0993300808	-0.0493165588	-0.1293072754	0.0191070701	-0.0219322407	-0.0039589131	-0.1730580163	-0.0912683016	0.1084118512	0.1016622646	-0.0309964271	-0.0342640383	-0.0135467123	-0.0536533812	0.0554888343	0.0931754366	-0.0930344587	0.0007887799	0.0356282214	-0.052446422	0.1151500904	0.0218252529	-0.063624479	-0.0253802995	0.0274268936	-0.0263632171	0.0871584404	-0.0447940961	0.065121281	0.0096026033	-0.0001336384	0.0262788007	-0.2017786322	-0.0076456021	-0.0254344209	-0.0134365548	0.0144877858	-0.0600081852	-0.0197234465	0.0346386795	-7.94549e-05	0.081431427	-0.1713616428	0.0848961431	-0.1205779823	0.064939148	-0.0428071706	0.1489341746	0.0952042241	-0.0038412141	0.0253659058	-0.1276746834	0.0614271465	0.0533825924	0.0243451751	-0.0101186185	0.0327128098	-0.0448567588	-0.1146316561	-0.0507354584	0.0291681163	-0.0748631326	0.1534378357	0.0375030253	-0.1462310914	0.0130729939	0.0649062082	-0.0940868658	0.0728224333	-0.1550790639	0.0361392294	0.0051841703	-0.0430002976	0.0224351399	-0.0446819229	-0.1215953551	0.0026384253	0.1447859064	0.0643819814	-0.0220249533	0.0166297196	0.0175294893	0.1338978589	-0.1628521576	-0.0449117265	0.0509653149	-0.0484270164	-0.0097305653	0.148926413	0.0863922412	0.014682532	-0.0115943364	-0.0859692892	0.1413619779	0.0183816552	-0.0424072007	0.046976225	0.0388107136	-0.0932900311	-0.0693585556	0.0409768161	0.030973987	0.0266404775	-0.0048493569	0.0186206806	0.1834172944	-0.025315257	0.0170967316	-0.037141087	0.0561885641	-0.120355843	-0.0646642327	-0.0402179023	-0.1040414441	0.0339904529	0.0784173526	0.0396679359	0.0536686757	0.1214604687	0.0351548655	-0.0956895881	0.1568221307	-0.1187535146	-0.0653651473	-0.0584861034	-0.0669267439	-0.0386965763	-0.1358905529	0.1037553983	0.0091791904	-0.0543940179	0.0212492963	-0.1025475623	0.0924157511	-0.0762643048	0.0551452713	0.0	0.0	-0.0239093652532176	0.0121736296535032	0.0005716577468117	0.0001481972589406	0.1186127265272318	-0.005077229239987	2.5778256755379025e-05	0.0140689788942238	0.3687868226569506	-0.0168677709302257	0.0002845216961545	0.1360037205654091	0.0002089792636111	4.497848019899999e-05	2.0230636810118343e-09	4.3672332619437625e-08	0.0006540063888678	0.0005940085224531	4.277243566799e-07	3.528461247469856e-07	6.193166948820257e-05	8.793659016186293e-05	3.8355316855959616e-09	7.732843889295451e-09	0.0	0.0	0.0
52.7541394274856	-0.0803526600867741	0.0064565499830206	2782.9992267345906	61.80365526426088	-0.0261549982991269	3819.691804023602	0.0006840839360273	53.30832432854105	-0.0417350114449988	2841.777442716921	0.0017418111803141	54.60646012939044	51.73946954875706	0.974366	32.377163	0.1058377725008795	0.0563998443120253	-0.0052210092	-0.0559846936	-0.0963156222	-0.0830201745	-0.083820099	-0.0285388232	-0.0896651278	0.1391485034	0.1000568705	-0.0208490849	-0.0565013502	-0.0118390602	0.0495666241	-0.114165652	-0.0581998326	0.0783447178	0.0195049186	0.072156011	-0.0185772641	-0.175130416	-0.0438157624	-0.1511419671	0.0459855534	0.048407433	-0.0506880521	0.0435919215	0.0098570972	0.1116463335	-0.1563920971	0.0696512025	-0.0943346186	-0.0591660049	-0.0380538391	-0.0478057835	0.004900237	0.0403967127	-0.0510512945	0.0244686764	-0.0665151743	0.0241029939	-0.1282260663	-0.0804140083	0.0018224301	-0.0198645893	0.102260534	-0.0550405142	0.0256501405	0.0080384346	-0.0796824601	0.0514498639	-0.098753685	-0.0214366226	0.0763690072	-0.0861328226	0.1768292888	0.0651010363	0.0164256833	0.0161333362	-0.0343394741	0.0341020775	-0.0252259911	-0.0483517272	0.163750314	0.2004755563	-0.105278207	-0.03350937	0.1451618981	-0.1465800027	0.0360099696	-0.0166408977	0.0525297263	-0.1121017546	-0.0590496247	-0.0070692777	0.0422112356	-0.0012056674	-0.0208399904	0.1138649269	0.0575957763	-0.0302024072	0.0546767828	-0.0633212396	-0.1147233607	-0.0137898867	0.0206162302	0.0012234514	-0.0040610865	-0.0350201415	0.0609766056	0.0264973495	-0.0189679194	-0.0592083047	-0.0670609312	0.0748982634	-0.1073448974	0.0178562665	0.0291963181	0.0209533113	-0.0005752306	-0.0636640149	0.0284854838	0.1146649698	0.1422533164	0.0133998202	0.0424836826	0.0683226849	0.0619331952	0.0038282185	0.0953728072	0.1071287616	-0.0508940698	-0.0470346371	-0.1294888348	0.1129924233	0.0376937487	0.0135332621	-0.047659391	0.0387223158	-0.1859998928	-0.0293094473	-0.1131101758	-0.1479580803	-0.011201838	-0.0007505059	0.0028045524	-0.0818929706	0.0986606566	0.0166473037	0.1683688911	0.0891343747	0.0583317839	-0.0910469662	0.1573944732	-0.0436643294	-0.0035999436	0.0156760317	0.0160060421	-0.095548072	-0.0258480374	-0.0293341037	0.0720544957	-0.0159702974	0.0077890048	-0.1146174407	-0.0253805466	-0.0285574292	-0.0618544855	0.0737729074	0.0905280318	0.0413180641	0.0733238949	0.1000521119	0.0536829363	0.0064046195	0.07064247	-0.1464533388	-0.0351004841	-0.0139623954	-0.0441608709	0.1292574049	-0.165149019	-0.0027220534	0.0634641766	-0.015457778	0.0540907742	-0.1030051337	0.0941903779	-0.080053581	0.0613935146	0.0	0.0	-0.0211098840445913	0.0027994812086263	0.000445627204376	7.837095037451788e-06	0.111399732014064	-0.0072129945131678	5.202728984698879e-05	0.0124099002928052	0.3924855284247712	0.0236987057678205	0.0005616286550697	0.1540448900228718	-0.0001749730419871	-0.0003839523055981	1.4741937297417358e-07	3.0615565422219466e-08	-0.0002085225735013	-0.0008625289623691	4.3481663659605064e-08	7.439562109255163e-07	0.0002579822217462	0.0001960505522579	6.65548267371055e-08	3.843581904066577e-08	0.0	0.0	0.0
52.76222930464268	0.0080898771570829	6.544611241669302e-05	2783.852841195695	61.82975710688771	0.0261018426268293	3822.918863896732	0.0006813061885157	53.37889820302026	0.0705738744792157	2849.3067733684	0.004980671759008	54.63937698183168	51.1211549265712	0.9790660000000002	32.533356	0.0906079025817297	0.0413675849078677	0.0217152759	-0.0903488961	-0.0821264313	0.016227793	-0.1167067251	-0.0521751243	-0.1137659769	0.0598110412	0.0002771641	-0.0437088189	-0.0762430846	-0.0398469915	0.1300075649	-0.0136806459	-0.0224126669	-0.0016005141	-0.1022767368	-0.0041047932	-0.0669644161	-0.0436469745	0.0964215022	-0.1785767898	-0.0002062344	0.0710376321	0.0856690152	-0.0028100037	-0.092448641	-0.1015024257	0.1108928266	0.0654742952	-0.024966268	0.1066738152	0.0684055371	-0.122668159	0.0087960711	-0.1030019867	-0.0041846705	0.0285257303	-0.0572348084	0.1525496219	-0.0927242457	0.0092901058	-0.0212716907	-0.0199688497	0.0365875333	0.0298080688	-0.0625909993	0.0916064742	-0.1549957018	-0.0242291563	0.0805859983	-0.0763795411	-0.0409004146	0.0777156915	0.0097248251	-0.0023132009	0.0142316275	0.0155177172	0.1679505635	0.0508511507	-0.0154290888	-0.0460241112	0.02092884	-0.036988097	0.0631306724	-0.020787823	0.0053574494	-0.0858805164	0.0223335256	-0.0829606606	0.0096483888	-0.1310263855	0.0703374161	0.0362719389	0.0186595361	0.0840144054	-0.0494555919	-0.1625311256	-0.0648262114	0.0350203915	-0.1874754121	0.0214108676	-0.0154584922	-0.0186880998	0.0338658639	0.0232677378	-0.0579735253	-0.1001819941	0.0028905668	0.0865992468	-0.0490895653	0.0892386732	-0.1230727127	0.0295195416	0.0269310965	0.0527388958	-0.0413274161	0.0493278242	0.0118656533	0.0560892128	0.1042554222	-0.021109789	0.0091911946	0.0421998603	0.0850052423	0.1296900409	-0.0001628602	-0.0591683819	0.0752778397	-0.0211406497	-0.1939007057	0.0136517266	-0.0716400027	0.048002148	0.0820706107	0.0055997762	0.0401865119	-0.0614049364	0.0736551568	-0.0063203439	0.0289897659	0.130350798	0.1454576814	-0.0175042046	0.0495379693	0.0349101234	-0.0155343996	-0.1599084836	-0.0221232334	-0.0130755397	0.1072418957	0.0693351848	0.0214577251	0.0825403549	-0.0613695798	0.0948414853	0.0427121192	0.0221253238	0.0506803129	-0.0134932193	0.1089763043	-0.0182859225	0.0150380877	-0.0917355715	-0.1106672877	0.0795909049	-0.0345315504	-0.0076421568	0.0658120886	0.1062797855	0.0257401782	0.0728804144	-0.0948868106	-0.0085738183	0.0765489793	-0.00915191	0.0320819959	-0.0010626356	0.0463291044	0.1076110862	-0.0045746596	0.0358127949	0.0772243917	0.1193914052	0.0027923089	-0.1034306197	0.0958476552	-0.0836184785	0.0673358985	0.0	0.0	0.0014843765734724	0.0225942606180637	2.203373811873663e-06	0.0005105006128769	0.1156159503735523	0.0042162183594882	1.7776497254886163e-05	0.0133670479807797	0.4076581244673889	0.0151725960426177	0.0002302076706724	0.1661851464442691	-0.0001219754822138	5.29975597733e-05	2.808741341924506e-09	1.4878018261289041e-08	0.0002740109030088	0.0004825334765101	7.5081974967698e-08	2.3283855595292322e-07	-0.0001789832932016	-0.0004369655149478	3.2035019245289913e-08	1.90938861253596e-07	0.0	0.0	0.0
52.802293286797735	0.0400639821550541	0.0016051226661204	2788.0821763450053	62.13590329510349	0.3061461882157772	3860.870478298453	0.0937254885590501	53.27217687798675	-0.1067213250335115	2837.9248293195064	0.0113894412169084	54.59262192729088	51.69256790136959	0.971192	32.271694	0.0906155349087596	0.045214928485245	0.0004302387	-0.020237235	-0.1093112372	0.0387503446	-0.1181765279	-0.1109612175	-0.0999004576	0.0068402561	-0.0297514686	0.0137842846	-0.0955758544	-0.0032409456	-0.0130291372	0.0789640482	0.1057583358	0.0199616222	0.0875041979	0.0114563427	-0.0451000807	-0.0198706069	-0.0346156773	-0.1120222137	0.0496806577	0.1055865206	0.1005429245	0.0115991254	0.1197042121	-0.0591937435	-0.022881378	0.0397414256	-0.0323024679	0.026959611	0.0387506799	0.1066245167	-0.0511571647	-0.0993301974	0.0476680675	-0.0226968215	-0.0371983958	0.116248719	0.0817331031	0.0985898088	-0.0083349004	-0.0643237585	-0.112237158	-0.0727535938	0.0731179071	-0.1491330321	-0.0835791552	-0.0877367785	0.1213470391	-0.0580298417	0.0515522982	-0.0106034523	0.0039642555	-0.0007002974	0.0329924225	-0.0347190093	-0.0647320982	-0.0502119381	-0.0304314465	0.0996214151	-0.0539168573	-0.0191122106	0.0194509414	0.0142865685	-0.0376239363	0.0504325396	0.0096927967	0.1018859095	0.1264871048	0.0963203058	-0.0124360235	0.0932334993	0.0359530862	-0.0174949334	-0.1705997121	-0.0475001254	-0.0206857702	0.0741366477	-0.0211220808	-0.107988367	0.0592689961	-0.0557518819	-0.0986488531	-0.0230259971	0.023188191	-0.0786205939	-0.1285983792	0.0812597552	0.0522660027	0.0154345143	0.0089622505	-0.0696621029	-0.0110544777	-0.0377038738	-0.1593410465	-0.0448972205	0.0256802735	0.0105851536	0.0058668072	-0.1042580477	0.0572439715	-0.0055503726	-0.0486055575	0.0622078846	0.0087004071	0.0425278769	-0.1531854903	-0.0761736925	-0.1366234532	-0.0219060951	-0.153341597	0.0295737269	-0.0889616562	0.0169613529	-0.0586109139	-0.0109278731	-0.0847866235	-0.1312695143	-0.0167754559	0.005297225	-0.104774159	0.0177174458	-0.011712597	-0.0111020038	-0.046866886	-0.0761753521	-0.0778010305	0.1120021493	-0.0434206432	0.0977692445	-0.0712943194	-0.001805985	0.0307520544	-0.065230041	-0.0076786039	0.0538603256	0.0054117913	0.0463964063	-0.005722034	-0.0243486227	-0.0186287806	-0.0868788054	-0.0216609761	-0.0192642674	-0.0560764711	-0.1265076039	0.0954944052	0.0871453872	0.0372206941	0.0760121432	-0.0229048948	-0.0599993017	-0.0401267312	0.0566328306	0.1419009136	-0.1593396829	0.022092404	0.1097211953	-0.033779018	0.0920573662	0.0569470599	0.0641363673	-0.0537326668	-0.1038238878	0.0973855183	-0.0869490055	0.0729428184	0.0	0.0	0.0051374867632318	0.0036531101897594	2.639377024238196e-05	1.3345214058523962e-05	0.1011616073540295	-0.0144543430195227	0.000208928032126	0.0102336708024508	0.3782675227486365	-0.0293906017187524	0.0008638074693903	0.1430863187663902	-0.000438386970178	-0.0003164114879642	1.0011622971571906e-07	1.9218313562184665e-07	0.0006540756327986	0.0003800647297898	4.278149334208891e-07	1.4444919883019372e-07	-0.0003448566750621	-0.0001658733818605	1.1892612633488685e-07	2.751397880983925e-08	0.0	0.0	0.0
52.77110305647691	-0.0311902303208242	0.000972830467466	2784.789317797307	62.09661150978995	-0.0392917853135372	3855.989160997778	0.0015438443931251	53.35492981115036	0.0827529331636114	2846.7485351527816	0.0068480479471811	54.636084229830495	51.6902998985985	0.914352	30.382967	0.0480401922608824	0.0314569686973703	-0.0074731657	0.0074317204	-0.0918573798	0.0502312019	-0.065297034	-0.0781770017	-0.1580691405	0.0148387271	-0.1202499176	0.0046713901	-0.0257059001	0.0326681701	-0.0358608205	0.0183921539	0.0755005623	-0.089855578	0.0212227544	-0.0371607032	-0.1588188513	-0.125372438	0.0229193218	-0.0169815448	0.0739785544	0.0251659571	-0.0551420645	0.0109903582	-0.0330406988	-0.1360816571	0.0676207683	-0.0303645358	0.0392887787	-0.0438888721	-0.0889714211	-0.0091491529	-0.0275816046	0.0506761024	-0.0055446528	-0.0624444886	-0.1386365049	0.0372413693	-0.0039662382	0.0924647154	-0.0159274644	0.1204489178	-0.0085831297	-0.0694440755	0.0189395699	0.0050714173	-0.0247914119	0.0571919483	0.0266271852	-0.1228269722	-0.0315189546	0.0487112518	0.1049412948	-0.0055482402	-0.0054008792	-0.037013785	0.0784778369	0.1105338803	0.105593175	-0.0655795087	0.1473821337	-0.0464515806	0.0416169168	0.1016423672	0.045982083	-0.0187927417	-0.0055345498	0.0380576248	-0.0558743175	-0.0038093067	-0.1358675558	-0.0209004099	0.0168424468	-0.0351307308	-0.0010033937	-0.04416829	0.1401573474	-0.0624061265	0.0317378646	0.0052139731	0.0585706289	0.1099669682	0.0233282766	-0.0401488787	0.0065125016	-0.0497444901	-0.0027777797	-0.0022398041	-0.0216512686	-0.0142426907	-0.0093889557	-0.0265255796	-0.0911339387	-0.0903030346	-0.0534118781	-0.0300858991	-0.0568986092	-0.0032885114	0.1921346039	0.0264804086	-0.0020750852	0.0290289543	-0.0049363381	0.0141848034	0.0223053406	-0.0732920589	0.0031279974	0.0462606853	-0.0457059707	-0.0604415466	0.0216014285	-0.0303902822	-0.0078649618	0.0712885956	-0.1119796395	-0.0795308359	0.0031851429	0.113394458	-0.0118463215	-0.0231380756	0.0077394351	0.0493727631	-0.0751129648	-0.0131876834	0.0735016016	0.0547111113	-0.0819116104	-0.0421292424	-0.0806767067	0.095006531	0.1331107081	-0.1258007693	-0.080850031	-0.0997747734	-0.0768799408	0.0607524087	0.0825376646	-0.0519022349	0.1286642785	0.0252181392	-0.0834418109	-0.1003143265	0.0555801858	0.0404139615	-0.0009084547	-0.0911503696	0.1526640081	0.1166883385	0.001861767	0.0598849702	0.0037041633	-0.0215072937	-0.1268469363	0.032885932	0.0995793955	-0.0959058296	0.1233863313	0.1582563352	0.0288436974	-0.022420299	-0.0322236066	0.031935683	0.1042372344	-0.1041848154	0.0988020511	-0.0900358269	0.0781863408	0.0	0.0	0.0082644880937436	0.0031270013305118	6.830176345162972e-05	9.778137321022568e-06	0.1078124149917272	0.0066508076376976	4.423324223365799e-05	0.0116235168263484	0.4087270752523295	0.0304595525036929	0.0009277843387252	0.1670578220443234	-0.0005199117121047	-8.152474192670006e-05	6.646283546215047e-09	2.703081883836405e-07	0.0006540702778623	-5.354936300047859e-09	4.278079283828663e-07	2.8675342777570255e-17	-0.0002703301561455	7.452651891660001e-05	7.307839332165042e-08	5.554202021826339e-09	0.0	0.0	0.0
52.72533191649174	-0.0457711399851703	0.002094997255542	2779.9606257042224	62.038480348520345	-0.0581311612696069	3848.773043953745	0.003379231910553	53.29204108447013	-0.0628887266802351	2840.041642948852	0.0039549919434613	54.61800703889199	51.77145493660063	0.965633	32.086971	0.0562802267800571	0.0295262764540055	-0.0244664457	0.0267394091	-0.0562974139	0.113748944	0.0841066924	-0.1239069736	-0.0909148546	0.0659207072	0.0131446478	-0.0808604956	-0.0951879351	0.0405917644	-0.1292445671	-0.0886296693	-0.0610496961	-0.1126123054	-0.023439216	0.1486408894	0.0498128271	0.0500476372	0.0968460604	-0.0537760329	-0.1556055562	0.1209054706	0.0416703009	-0.0477109668	-0.1631990435	-0.0076604337	-0.078587836	-0.09160482	0.1316305997	0.0077571425	-0.0207137161	0.0131506636	-0.0587117146	-0.0445361348	-0.0035955849	-0.0069872327	-0.0365349462	-0.0629342986	-0.1009887693	-0.1453362572	-0.1539215518	-0.0073189085	0.0140196578	0.0037912803	-0.1099356136	-0.0033634212	-0.1155607413	0.1425472668	-0.0654243171	0.0281605535	0.0232923809	0.1099989835	-0.0410199231	0.0172684245	0.0225260483	0.0387890865	0.0538014256	-0.0943073376	-0.0554054424	0.0450977682	-0.0037090428	0.0013461855	-0.1280854004	0.0279223572	-0.0872465867	0.0549144719	-0.0525936787	0.0513341233	0.0712731029	-0.0703218286	0.0514097929	0.0821201969	0.0132212479	-0.0240733248	0.0204139505	0.0432851163	-0.0376258353	-0.0366126391	-0.1910421137	-0.0017935845	0.0854346485	-0.0405566281	-0.0983991843	0.0093292168	0.0149229848	-0.0996753999	-0.0558695736	-0.1356516209	-0.0127602216	-0.0396103662	-0.0799306048	0.0106154814	-0.0472990921	0.1224536787	0.1080336178	0.0801579745	-0.1041485634	-0.0064348421	-0.0012153055	0.0002258782	0.0268217621	-0.0706971233	0.0420412229	-0.0054381173	0.1436856057	0.0756775686	0.1556066583	-0.0313688566	0.0412511915	-0.0405757097	-0.0779299043	0.0930219885	0.0572329251	0.0084954615	0.0064709403	-0.0989251594	0.0348337885	-0.0312033313	0.1452448639	-0.066365308	0.0123043038	-0.0345013346	-0.0727028556	0.0478554089	-0.0999556616	-0.1122885115	0.0694782035	-0.1442790468	0.0308833723	0.04389846	0.0583891003	0.1382387531	0.0544599723	0.046851549	-0.0302103286	0.1219882375	-0.0956157469	-0.0256816449	-0.1265845155	-0.0178367383	-0.012785112	-0.1086322005	-0.0267474859	0.072772041	0.0689049367	-0.0976813024	-0.0634400579	0.1365911047	0.0751238379	0.0191721339	-0.1024772152	0.1175761036	0.0213502244	-0.0854310445	0.1505647438	-0.0084991519	0.0238995457	0.094189173	0.1295360516	0.1035377119	-0.0739195125	-0.1260826594	0.1093960073	-0.1045132902	0.1000954889	-0.0928702909	0.0830403428	0.0	0.0	0.0055066329511106	-0.002757855142633	3.032300645825704e-05	7.605764987747285e-06	0.1071752598553956	-0.0006371551363315	4.059666677537387e-07	0.0114865363250715	0.3849981714475419	-0.0237289038047875	0.0005630608757768	0.1482235920179508	-0.0002409453619395	0.0002789663501652	7.782222452449303e-08	5.8054667440156657e-08	0.0003725352880372	-0.0002815349898251	1.3878254083295958e-07	7.926195049581917e-08	-0.0002929550700813	-2.2624913935799984e-05	8.582267308633938e-08	5.118867306023562e-10	0.0	0.0	0.0
52.80356357354133	0.0782316570495922	0.006120192164725	2788.216326065021	61.824126283605615	-0.2143540649147297	3822.2225907312154	0.0459476651454681	53.300449862282655	0.0084087778125265	2840.937955521707	7.07075443004393e-05	54.56850113243757	51.4505270216448	1.009159	33.533306	0.0464140987245303	0.0252515472310149	-0.0234322525	-0.0094647929	0.0954345257	0.099040322	-0.1001592224	-0.103056793	0.0046462895	0.0170715546	0.089905343	-0.070639667	0.0964676439	-0.0152999229	-0.0195063611	0.0680657635	-0.0432227241	0.0028360391	0.1474881139	-0.0527586296	-0.0173262604	-0.090818504	0.0148980929	-0.1247742196	-0.0070359681	0.0548493356	0.0008954054	-0.0135670465	-0.0503481097	-0.0232161032	-0.016992118	0.0125322394	-0.1007748625	-0.066768309	-0.0658964217	-0.0031154065	-0.046473579	0.0030600873	0.0379233425	0.1226250026	0.0114655712	0.0176772444	0.0753265136	-0.0723593758	0.0608975037	0.1127245951	0.0160454275	0.033075448	-0.0572210335	-0.010294539	0.0668155801	-0.0027291272	-0.1342779942	0.1113309947	0.009064501	0.0731601687	-0.0617155344	0.0168677015	0.0302209054	0.0570121252	0.0164505553	0.0115841693	-0.0214565379	-0.096145583	0.0166790208	-0.0597977858	-0.068786838	0.0688250043	0.0504586016	0.0532007109	0.0138867435	0.0655039559	-0.0013266259	0.0972953206	-0.0393644563	-0.0166641474	0.1129283623	0.0023539985	0.0364165527	-0.1016736334	-0.0327862982	-0.000353773	0.0350354906	0.2570555504	-0.0828817509	-0.1244769665	-0.0071579574	-0.0616702504	0.116903534	0.1042905457	-0.0297184447	0.0709044031	0.0437771144	-0.1130646504	0.0401323827	0.0575160156	-0.0112608343	-0.0102537308	-0.0426417317	0.0548016824	-0.0025151284	-0.0833588923	-0.0615560714	0.1702425506	-0.0856607787	-0.0389969474	-0.0181437491	-0.0631159557	0.009461787	-0.027756693	0.0083661883	0.0345084885	-0.0774060532	-0.0115929363	0.0660756705	-0.0541274067	-0.0526400217	0.0687015211	0.0221481514	0.048969325	-0.0494685283	0.077849922	-0.0122169731	-0.0970029498	0.0381365867	0.0900746167	-0.0117815685	0.1328640845	-0.0059295118	0.0103507578	-0.0472905938	-0.0197061906	-0.0534792989	-0.0150071514	-0.0720908094	0.150549057	-0.0025699735	0.0620175615	-0.0167142803	0.0362799229	-0.0304957485	0.0515597234	-0.212335001	-0.027031603	0.0268648765	-0.086086625	-0.0428426312	-0.0778345732	0.0220814134	-0.0547227767	-0.1007681907	0.1328549014	0.0274539466	0.0083680007	-0.0183808368	-0.1250328687	-0.0429638381	-0.0489892245	0.0329862476	0.002788664	-0.1763221868	0.0118252846	0.023092539	-0.0238448726	0.0296722822	-0.0255194366	-0.0812564261	-0.1048092098	0.1012642201	-0.0954444529	0.087480642	0.0	0.0	0.007466683138233	0.0019600501871223	5.5751357086773e-05	3.841796736038554e-06	0.0928877394503473	-0.0142875204050482	0.0002041332393246	0.0086281321401956	0.3673083096037572	-0.0176898618437846	0.0003129312120521	0.1349153943039695	-0.0002029183841328	3.802697780670001e-05	1.446051041111255e-09	4.117587061906657e-08	0.0005750282515126	0.0002024929634754	3.30657490037638e-07	4.1003400257049686e-08	-0.0002839416855919	9.013384489399998e-06	8.06228808167694e-08	8.124109995375645e-11	0.0	0.0	0.0
52.8499031800203	0.0463396064789662	0.0021473591286254	2793.11226613752	62.38255454777004	0.5584282641644265	3891.5831119055047	0.3118421262176944	53.32448118537136	0.0240313230887068	2843.500293689024	0.0005775044893938	54.63443143842636	51.73440446214561	0.991712	32.953571	0.1042960877511337	0.0464408673647141	0.0022919191	-0.0679264805	0.0914614842	-0.0494244328	0.021344217	-0.0977857406	-0.0853357147	0.038610584	-0.0702762547	0.0433028343	0.1033196901	0.1115896486	0.0281227361	0.0409774081	0.1785385196	-0.0552892847	0.1566670315	0.1712210144	-0.048830171	-0.0022453883	0.0463366179	-0.0191990284	-0.0023007156	0.1282934122	-0.0712119985	0.0557396575	-0.1457832476	0.1191071412	0.0370882573	0.0610695992	0.1702768341	0.0153209447	0.0871536801	0.0216195065	0.0234551977	0.0995020731	-0.0195845848	-0.0142045146	0.0043108099	-0.092025806	-0.1629580307	0.0495426018	0.0672534047	0.0233105135	-0.0828513128	0.0458330307	-0.0200322092	0.1372207413	0.0203432537	-0.0655781609	0.1120769057	-0.1610335581	-0.0044935754	-0.1250094406	-0.1038717919	-0.0212833038	0.0698067137	-0.0830023009	-0.0515267261	0.0719447236	-0.0909156628	-0.0204612226	-0.0241099311	0.0236549434	0.1685381194	-0.0161652709	0.074227908	0.0503573964	0.0341586291	-0.115061804	0.0087608582	0.1444006205	0.07033556	-0.0434519953	0.0480383107	-0.0103621301	-0.0101784681	0.149279321	0.1126883775	0.0106268097	-0.0679818309	0.0558941246	0.1064995609	0.0036826414	0.0519705322	-0.1665186429	0.0238414736	-0.0267087455	0.1735471462	0.0038912169	0.047456319	0.1254172238	0.0388273416	0.0709143297	-0.0969630092	-0.0956776874	-0.0054026565	-0.0706673187	-0.0522711334	0.009275582	0.1360681547	-0.0258761132	-0.0992242381	0.1510456518	-0.0625769818	-0.012743908	-0.0591964639	-0.1081286113	-0.0371572919	-0.0411437108	0.0133519261	0.0355378721	0.0447541858	-0.0232627131	-0.0067790705	0.063330556	-0.0356184156	0.166047368	0.0144110894	-0.106883923	0.17526956	0.0184299161	0.0495820609	0.0571656546	-0.0365023614	-0.2131948621	0.0098504561	-0.0657069221	0.0321984096	-0.0080211784	-0.0488534656	0.0711493242	0.0654516125	-0.0234155853	-0.020421709	0.0392786993	0.0015715543	0.1246258064	-0.1124792913	-0.0646504066	-0.0333546646	-0.0302557864	-0.0330315373	-0.0701074447	-0.0453205145	-0.1025895736	-0.1035005437	0.0246806183	0.037955493	0.061476525	0.0208595923	0.0788797899	-0.130007656	0.1184626357	-0.1963135484	-0.0480045606	-0.0759736175	0.0557488199	0.0180012471	-0.1429443942	0.0834269811	-0.0611984018	0.0948695798	0.0711110932	-0.0205161107	-0.1050724821	0.1023067888	-0.0977510977	0.091485117	0.0	0.0	-0.0026769749125463	-0.0101436580507793	7.166194682402271e-06	0.0001028937986511	0.106201036525519	0.0133132970751717	0.0001772438790117	0.0112786601590946	0.3758933858989408	0.0085850762951835	7.370353499412284e-05	0.14129583756257	-0.0008729998783486	-0.0006700814942158	4.4900920889047923e-07	7.621287875966703e-07	7.60034796885023e-05	-0.000499024771824	5.776528924760581e-09	2.490257228940928e-07	-7.966825031814932e-06	0.00027597486056	6.347030108755297e-11	7.61621236611584e-08	0.0	0.0	0.0
52.826643727401546	-0.0232594526187526	0.0005410021361239	2790.654287501813	61.98242719023378	-0.4001273575362631	3841.821280392632	0.1601019022489525	53.36895163948014	0.0444704541087759	2848.244999097169	0.0019776212886407	54.6845148296179	51.515533894061406	1.000934	33.259991	0.0713675175238744	0.0295609335357982	0.0299154121	-0.0945158799	-0.0204720902	-0.0505542456	0.0206604979	-0.0119134875	-0.0042728561	0.1187428155	0.0320013482	-0.0367804065	-0.0177119905	0.0197302346	0.0125182843	-0.1013997311	-0.0250587607	0.0121673169	-0.1287227799	0.0582435114	0.0590498008	-0.0645005042	-0.0566853698	-0.0317548416	0.0389193191	-0.1346102232	-0.1653968863	0.0203541138	-0.0360949847	-0.0375039481	-0.1208375325	-0.0413233506	0.0572364202	0.0831244131	-0.0163741655	0.1166956499	0.0850253171	-0.0389200102	0.0380212349	-0.0533196873	-0.0443367759	-0.0812113798	-0.0827524841	0.0358497266	-0.0548863894	-0.1540915483	0.0620201676	-0.0359806343	-0.1211796197	-0.0214473163	0.0051874423	0.0403274129	-0.0489951194	-0.0395544758	-0.121666448	-0.0838658391	-0.0343497031	0.0427578693	0.0543191182	0.0271515057	-0.0425322853	-0.0039062547	0.0054569001	-0.0652106342	-0.0839392661	-0.0753506178	0.0141695076	0.0791605218	0.1020605047	-0.009861743	-0.0847054186	0.2448440333	0.1358038544	0.0094550004	0.0063211822	-0.0718870217	-0.0761092365	0.1315838083	0.0308073999	0.0445721352	-0.0035103353	0.0073558192	0.021944706	0.1293099265	-0.015599908	0.0172571368	0.032250073	-0.1124103291	-0.0424544009	-0.0138521938	0.0334192473	-0.0418285074	-0.0735016013	-0.0213506761	-0.0404741986	0.023254063	-0.0671293337	0.0871698281	0.1059461964	-0.1308087616	-8.95304e-05	0.0704297086	-0.0174223955	-0.042964682	0.0415081569	-0.0252641561	-0.0322351659	-0.0601910921	-0.1092546925	0.1555313487	0.1139748779	-0.0397947739	-0.0916093507	-0.057900904	0.0928390215	-0.0537575094	-0.0309735984	0.0283876494	0.0875994663	0.0252083559	0.050458884	-0.1274170782	0.0892166656	0.0846325242	-0.1071950364	0.0430290669	0.0602098275	0.1542165622	-0.0081045321	0.1381594963	-0.0104859712	-0.06233277	-0.129361199	-0.1663547205	0.0585620642	0.0400795044	0.006423442	0.033641769	-0.0310747918	0.0579564678	-0.0619105361	-0.0282763705	-0.0493193395	0.0188803636	0.0189204224	0.0055801209	-0.0771393978	0.0571647455	-0.0778787922	0.0882159218	0.0455012056	-0.0274765555	-0.0451531226	-0.1022470309	-0.1066816327	0.0887301505	-0.0792657561	-0.0507611517	-0.0578793006	0.1748360374	0.0388458724	0.0002845702	-0.0917559903	0.0590584778	-0.049812654	0.0279954587	0.1198257377	-0.105303025	0.1032218959	-0.0997837604	0.0950338178	0.0	0.0	-0.0135573055006688	-0.0108803305881225	0.0001838005324384	0.0001183815937068	0.0982032543788165	-0.0079977821467025	6.396451926611334e-05	0.0096438791705905	0.3624025405273272	-0.0134908453716136	0.0001820029088407	0.131335601380661	-0.0004389915364281	0.0004340083419205	1.8836324085658166e-07	1.9271356905550386e-07	-0.0001480250283785	-0.000224028508067	2.1911409026455732e-08	5.0188772426726914e-08	0.0001139675133294	0.0001219343383612	1.2988594094486966e-08	1.4867982871587252e-08	0.0	0.0	0.0
52.86892387063847	0.0422801432369226	0.0017876105121346	2795.123111239366	62.25343073998298	0.2710035497492029	3875.489638897858	0.0734429239766687	53.3760646504058	0.0071130109256642	2849.0042775643	5.059492442861968e-05	54.676070193142095	51.776014421394166	1.003617	33.349136	0.0391391455798919	0.0196844604357703	0.030680246	-0.0174767526	-0.0752628118	0.0894977658	0.0017847659	-0.0732155455	0.0120572499	-0.0473013105	-0.0353915896	-0.0022719185	-0.0955484243	-0.0017181314	0.0340460005	0.0175002398	0.0998948893	0.047821446	-0.0439831243	0.1296694348	0.0131704557	-0.0254922036	-0.0031941923	0.0476371052	0.010163493	0.0452263095	0.0733819733	-0.0676202559	6.42553e-05	-0.0239546388	-0.0276476549	0.0747022432	0.0900529961	0.1190007297	-0.0818871808	-0.0012826974	0.0706321104	0.0131268306	-0.1262754637	0.0458548446	-0.0615005553	0.0608192711	-0.0569369674	-0.1177676571	-0.0027973151	-0.007085383	-0.0209545691	0.0330425241	-0.1026115429	0.0389092112	0.0319284133	-0.1024439489	-0.040467735	0.0687113485	-0.1169172056	-0.0109677576	0.0397399885	0.0837905164	0.0506326075	0.0962548675	-0.0429756876	0.0119177182	-0.1200259102	-0.0339695766	-0.1384686836	0.0424690622	0.0421907057	-0.0022389029	0.006222961	0.0422898592	-0.0292116263	-0.06635067	0.0152745187	-0.0389734869	-0.0642863669	0.1209367692	-0.1424859767	-0.0857850296	0.0845865455	0.0188029714	-0.0532193243	0.0050667918	0.0739674374	-0.0320409241	0.1479186379	-0.0260081157	-0.0375655696	0.0450822394	-0.0815565262	-0.0676403402	0.024213024	0.050895412	0.1387941526	0.1103419737	-0.0683304759	-0.0622785578	-0.0591447696	-0.0338681659	0.0847978999	0.0952005886	0.0694182425	-0.0015898775	-0.0767915536	0.0288659734	-0.0156006266	-0.0562049648	-0.0127608447	-0.1870742808	0.048139647	-0.0177024511	0.1282103169	-0.0855372217	0.0176377352	0.0938989937	0.0669376177	0.0682336603	0.0618197257	0.0214485021	0.0542743576	0.0406884775	-0.0824314676	-0.0476615874	-0.0733339115	0.0655430315	0.0363718182	-0.0039020992	0.0309918185	-0.0798888314	0.0848577432	-0.1258034073	0.0155029885	0.0252362596	-0.0422730372	-0.0423763374	-0.1739635488	-0.0214746538	0.0481509502	-0.0063597691	-0.1015199005	0.0624150045	0.0409609719	-0.0484046155	0.0794679738	-0.0448927303	0.0108656359	0.0192629542	-0.0086407402	0.0613437079	-0.0337861148	-0.1693637553	-0.0124634855	-0.0379300026	0.0403195904	-0.0592777991	-0.0501327052	0.0742334854	-0.0568475127	0.038708539	-0.0903593645	0.1626147373	0.1019175721	-0.1198015545	0.0004048259	-0.056103166	0.0481373405	-0.0119833899	-0.0277896562	-0.1055007667	0.1040084014	-0.1015367435	0.0981090648	0.0	0.0	-0.0050478280209347	0.0085094774797341	2.548056772893353e-05	7.241120697810183e-05	0.1002282936319147	0.0020250392530982	4.100783976588521e-06	0.0100457108443653	0.3562976515693066	-0.0061048889580205	3.726966918976163e-05	0.126948016513803	-0.0001550024548969	0.0002839890815312	8.064979842893455e-08	2.402576102406552e-08	-0.0001329971330872	1.5027895291300004e-05	1.7688237409414386e-08	2.2583763688627677e-10	-3.701030762888072e-05	-0.0001509778209582	1.3697628707843864e-09	2.279430242131067e-08	0.0	0.0	0.0
52.97456117222979	0.1056373015913223	0.0111592394874959	2806.3041313903163	62.3139282039829	0.0604974639999156	3883.025648211136	0.003659943150421	53.37171211468397	-0.0043525357218285	2848.539654052704	1.8944567209793904e-05	54.67419319428404	52.13234792971144	1.014137	33.698723	0.0669994985478904	0.0383395649260821	0.0149426298	0.0598195304	0.0798087942	0.0399234525	-0.0178749277	0.0953953484	0.0001349657	0.060724734	0.0242882814	0.0461869494	0.0213596086	-0.0935216406	-0.0314948181	0.0434293631	-0.0771204457	0.0216825401	-0.0032575454	0.0607161796	0.0375572157	0.0179421936	-0.1000386767	0.0047591607	0.077800915	0.0289033262	0.0826677846	0.0274052271	-0.0711066381	-0.150944985	0.0860912535	-0.0382877006	0.0196117722	0.0118648881	0.0030986381	0.0275517969	-0.0387398412	0.1272184945	-0.1125639005	-0.099296293	0.0661206884	-0.1227049922	0.0718697893	-0.035618105	0.1497954748	0.0374677596	-0.0236853885	-0.0196592848	0.0549512899	-0.0156496436	0.0156862418	-0.0824716334	0.1212236905	0.0665808052	-0.1684415445	-0.086918132	0.0096110314	-0.1250071517	0.1060098953	-0.0300824257	0.0588438958	-0.0965578513	0.0867353352	-0.0239113312	0.0054302075	-0.096900526	0.0624155897	-0.0440965422	-0.0130158577	0.1119516481	0.0498021686	0.0714212567	-0.0575645941	-0.0440994222	0.0305737499	-0.0100889108	0.1321822872	-0.0793572508	-0.150066222	0.0784937874	-0.1027457285	-0.0990392521	-0.012404752	0.066091442	0.0106272732	-0.0767958552	-0.0693113112	-0.0318356262	0.065393889	0.0673895461	0.0224205485	0.0640375008	0.0008752978	-0.0654498626	0.0886701714	-0.1232320455	-0.0601545183	-0.0180688336	-0.0053933975	0.0580161515	0.068422375	-0.1005029991	-0.0328609603	-0.0439308577	-0.0330928381	0.0242409481	0.0679827153	0.048020444	0.1152128373	0.00461707	-0.0758032095	0.1054737119	0.0226597512	0.0393236769	0.0302975523	-0.2102379669	0.0964833098	0.0292968308	0.1071386292	0.0623084903	0.135954291	0.0181296075	0.0613247093	0.0546559416	-0.0898183348	0.0161026625	0.060163479	-0.0837955586	-0.0763572562	0.1850061475	-0.1312422664	0.0032848563	0.0593699947	0.1329174867	0.0269962431	-0.0126252658	0.0012000303	-0.0313903411	-0.0744855534	-0.0316457638	-0.0257995651	-0.1625524263	-0.0237794204	0.0047548804	-0.0529130456	0.052640543	0.0752669847	-0.0446911074	-0.0396326227	0.0400614481	-0.0771907985	0.008233038	-0.04172459	-0.0902209089	0.0021147208	-0.0537607891	0.0224707847	-0.0439626348	-0.0717918082	0.1130905021	-0.039957373	-0.1428111363	0.0239165962	0.0626396468	-0.0137895994	0.076692502	0.0623234714	-0.1056656457	0.1046653254	-0.1030051337	0.1006955375	0.0	0.0	-0.0240740022619121	-0.0190261742409774	0.0005795575849065	0.000361995306248	0.1007346062749263	0.0005063126430115	2.5635249247338906e-07	0.0101474609013644	0.3867162365456238	0.0304185849763172	0.0009252903119614	0.1495494476080108	-0.0002129924127995	-5.79899579026e-05	3.3628352175453206e-09	4.536576791015261e-08	-7.902044911589634e-05	5.397668397130365e-05	6.244231378477963e-09	2.9134824125379886e-09	0.0001919915842489	0.0002290018918777	3.686076842240246e-08	5.244186648360277e-08	0.0	0.0	0.0
52.94360486286033	-0.0309563093694578	0.0009582930897775	2803.0252958746883	62.25818027483	-0.0557479291528935	3876.081011133232	0.003107831604836	53.45331938026925	0.0816072655852764	2857.2573527690683	0.0066597457963058	54.765069176169	51.934492617792415	1.014511	33.711143	0.0530498844356417	0.0275670919577854	0.0470335753	-0.0523133266	0.0555542623	-0.1055162601	0.1247749872	0.0626437842	0.0504999101	-0.0233815949	-0.0111623261	0.016423242	0.0227919302	0.067695545	0.0047483247	-0.0617727025	0.0079887875	-0.0075730365	-0.1136175808	-0.0665819719	-0.0027376793	0.0095496747	-0.0679868713	-0.0880370614	-0.0637173736	-0.056774641	-0.0298164166	-0.0807853709	0.1539716125	-0.0855222363	0.0172780033	-0.1980740402	0.0978765627	0.0572493629	-0.0221734842	-0.0456318201	0.106094713	-0.0079538199	-0.178443577	0.0298068538	-0.0081843862	-0.0644889985	-0.0135657613	-0.0180244814	-0.092640468	0.1070611926	0.0200598198	0.0391042535	-0.0474083561	-0.0132952439	-0.1065890723	0.0288526785	-0.0339676339	0.0244121344	0.1156356166	0.009217712	0.0386551983	-0.0202310344	-0.0362630785	-0.0446255306	-0.1055343653	-0.0515509395	0.0161325563	0.0497228731	-0.1319029092	-0.0343785825	-0.0290907846	0.0794173799	0.0421397407	0.0151035697	0.0255972637	0.0099777633	-0.0332958288	0.0549935069	-0.0972466594	0.1096156828	0.0587109771	-0.0615983916	-0.0210967059	0.101208078	-0.0020183448	0.0001801616	0.1514645284	-0.0283051791	-0.1062023452	0.1976040314	0.1206672561	-0.0649935148	-0.056867397	-0.0643730886	0.0895220618	-0.0575937241	-0.0068196372	-0.0324784134	-0.0654368944	0.0275517932	-0.0431478404	0.0223181098	0.0261628877	0.1672982632	-0.0646096755	-0.0247240721	-0.0085120467	-0.0277706939	-0.1103101539	-0.0778589303	0.0278496456	0.065582249	0.0282263536	-0.0090307085	0.0135896079	-0.1055158031	0.0786980092	-0.0117070073	0.0566015357	-0.0498052172	0.0068368867	-0.1633651121	-0.1543220449	0.0156276039	-0.0659987146	-0.0333510675	-0.0835600808	-0.088990949	-0.0080876715	-0.0509101157	-0.0755070815	0.1013846686	0.0186087638	0.1146808599	0.0391563901	0.1002483739	0.1139559837	0.0358241062	-0.0779174381	-0.0131996432	0.0638620553	0.0860722983	-0.1748570557	-0.099520447	-0.0355557523	-0.0599969915	0.0022700268	-0.0007326555	0.0203158429	0.1132494659	-0.0531910007	0.0367093347	-0.1001236691	0.1340476467	0.0076271325	-0.0895591724	-0.0213840467	-0.0011420507	-0.0661679735	0.0418363333	-0.1059865071	-0.0542147515	0.1636455319	0.0140527502	-0.0109433212	-0.0482481858	-0.0152297463	0.0372433166	0.0192644652	-0.0578085881	-0.1358962152	-0.1057976105	0.1051918494	-0.1041848154	0.10278035	0.0	0.0	-0.0049224175675277	0.0191515846943844	2.423019470910532e-05	0.0003667831963061	0.1145064085313976	0.0137718022564713	0.0001896625373913	0.0131117175947593	0.3805403906403199	-0.0061758459053039	3.814107264605896e-05	0.1448109889086873	-0.0001850014034114	2.7991009388099995e-05	7.83496606564702e-10	3.4225519264187565e-08	-6.399592975148138e-05	1.5024519364414957e-05	4.095479024756541e-09	2.2573618213168e-10	-4.400591858822898e-05	-0.0002359975028371	1.9365208707938368e-09	5.56948213453607e-08	0.0	0.0	0.0
52.92493020007705	-0.0186746627832832	0.0003487430300693	2801.048236683028	62.16793457444731	-0.0902457003826953	3864.852089252761	0.0081442864375632	53.44430591086664	-0.0090134694026104	2856.293834294295	8.124263067179562e-05	54.75895094846916	52.601521028368445	1.039743	34.549591	0.056262250793471	0.0331022519956555	0.0398857527	0.0592229699	-0.0965731702	-0.0566586753	-0.0544220626	0.0945480288	0.0813719379	-0.0763740444	-0.0638694605	0.0205327414	-0.0776945797	-0.0457277915	0.0254860181	0.0046914351	0.0408605373	0.0462266894	-0.0760221407	-0.039845377	-0.0319372419	0.1132515016	-0.0505031888	-0.0159387771	0.0487372944	0.0243669979	0.0544153608	-0.1013773456	-0.0089714019	0.1841475766	0.0589266682	0.0232851924	0.0786812949	-0.1174342112	0.0331158348	0.0856492152	0.1156873397	-0.0231325798	0.1684569943	-0.05126458	-0.0733162928	0.1546757856	-0.0090440143	-0.0192934405	0.1517417921	-0.0053853774	-0.038410685	0.0004076634	0.106374274	0.0959895386	-0.0836882734	-0.0189178751	0.0526408762	-0.038472482	0.025664748	0.0877458226	0.1021825652	0.0539267058	-0.2320644903	-0.0213331445	0.0193932893	-0.0567654073	0.0873022742	-0.12030789	0.0167601674	0.1027630118	-0.0543584957	-0.0088254686	-0.1112639145	0.0797104137	0.1675489415	-0.0713944315	-0.0941384761	0.0202927094	0.0493346335	-0.0529130749	-0.0073187388	0.0193106869	-0.1037302812	0.0302314915	-3.91283e-05	0.0779010988	0.0952879987	0.0487424667	-0.1066548919	-0.0790866025	0.0385526054	-0.0444500917	-0.093311653	-0.0267342358	-0.0128677286	0.0585330625	0.0627740817	0.0130195039	0.0053047388	0.0096010263	0.1134021301	-0.1654869477	-0.0434111816	-0.2081453417	0.0494491068	-0.0657542464	-0.0046085416	0.066296199	0.0887989387	0.1351666616	-0.0505106939	0.1135781818	0.0255079241	-0.0032386718	0.0671929423	0.1281298544	-0.0025914456	0.0297192813	-0.0993027457	-0.1080090991	0.0596104034	-0.14631706	0.1483178054	-0.1213989854	-0.0214165875	0.0582080864	0.062960175	-0.0266485327	0.1361450325	0.0292924553	-0.1873949416	-0.0187472055	0.0761801333	0.040449092	-0.0743198068	0.056254377	-0.022484866	-0.0762021698	0.0010482495	-0.0127654448	-0.0076672311	0.0136986627	0.0409555982	-0.087336128	-0.0129175512	0.1335002597	-0.0710089469	-0.0262362723	-0.0155957924	0.127443166	0.0592761799	-0.0195777983	-0.0005939405	-0.0817988343	0.0511129443	-0.1576999516	-0.0594579969	0.0372519188	-0.0188329109	-0.1325946553	-0.1221838525	-0.0292602716	0.0795166026	0.112848876	0.1230655266	0.0850605681	0.1010897755	-0.0807964847	-0.1047714469	0.0102743225	0.0138659753	-0.1058966202	0.1055873175	-0.1050724821	0.104353116	0.0	0.0	-0.0009268267077686	0.0039955908597591	8.590077462331818e-07	1.5964746318590466e-05	0.1036173860688904	-0.0108890224625071	0.0001185708101889	0.0107365626957494	0.3499625420119798	-0.0305778486283401	0.0009350048267376	0.1224737808114867	-0.0001079986078165	7.70027955949e-05	5.929430529429951e-09	1.1663699290302175e-08	3.2004697920307024e-05	9.60006276717884e-05	1.0243006889701048e-09	9.216120513377348e-09	-8.699827217883253e-05	-4.299235359060355e-05	7.568699362102226e-09	1.848342467259482e-09	0.0	0.0	0.0
52.80235875374071	-0.1225714463363374	0.0150237594569816	2788.0890899587384	62.13952807779912	-0.0284064966481878	3861.320949731585	0.0008069290518235	53.36284394236006	-0.0814619685065807	2847.5931136166737	0.0066360523129671	54.67428119312991	52.59832709294589	1.004049	33.363514	0.0698724255744702	0.0346145705570372	-0.0402748656	0.1294190816	-0.064657812	-0.0297754416	0.0775444871	-0.0074200449	0.066157923	-0.0282157041	-0.1013834368	0.0191528472	-0.0188351094	-0.0840652642	-0.0824396062	0.0013338676	0.1006308518	-0.0475932438	-0.0675476525	-0.0560968343	-0.0209497463	0.0079193093	-0.0168260991	0.0334638227	0.0099645074	-0.0245141376	-0.0803548451	0.0240257416	0.0045983807	0.002239171	-0.0829239234	0.0556346168	0.1031479945	-0.1973733846	-0.069858468	0.0358200126	0.096105963	-0.0588787609	0.1598053008	-0.0745104338	-0.0254323242	0.0207656238	-0.018032045	0.0853266337	0.0210997549	-0.0417900292	0.1006645893	0.1257397863	0.1021259653	-0.0170303527	-0.0892385484	0.0413795845	0.0173122178	0.0207356419	0.041572	-0.0002909289	0.0330270019	-0.105582293	-0.0207121433	-0.0468288533	-0.0036349409	-0.0295511859	0.0123771186	0.0285153923	0.0702231114	0.0132198686	-0.0157653012	-0.0500014648	-0.0623488016	0.0880470354	-0.0408646272	-0.1087560519	0.0162347508	-0.0097647035	-0.0098164394	0.0642386948	-0.032425638	-0.1266436145	0.2110434139	0.005912792	0.1052050982	0.1444254858	0.173897583	0.034125016	0.065780532	0.0080325193	-0.0428581985	0.1052847995	-0.0555778846	0.0519204761	-0.101986885	-0.0415848748	-0.0499511151	-0.0094523163	0.0024238906	0.0987889004	0.1004043175	-0.0117851959	0.0904673633	-0.0924561439	0.0170079019	0.0564707193	0.0281892964	0.0408074985	0.0672271357	0.0230315803	0.0517265339	0.2028078591	0.0045152398	0.0268272897	-0.1274115346	-0.0686585698	0.1606707273	-0.0309333191	-0.0444622289	-0.1463385207	0.0274551583	0.0302525776	0.0236644747	0.0342389801	-0.1221702724	0.0437297482	-0.0215368321	-0.0492337743	-0.0543780576	-0.0397187824	-0.0898579568	-0.0661826466	0.0557951692	0.0065818737	0.017169935	-0.0705299243	-0.0426136937	-0.0714948725	-0.1713997768	-0.0344014009	-0.012832425	0.10283694	-0.0969873454	0.0322019474	0.0207202522	0.0282816448	0.0564026235	0.032997193	0.0095807825	0.0755824225	0.1094686375	0.0339160761	0.1236026779	-0.0252595248	0.1565545838	-0.0695896476	0.0005673921	-0.0351373127	0.0620665942	0.0609992625	-0.0486174513	0.0155373794	0.0018537358	0.0622327909	0.0212524261	-0.1010791135	-0.0442450168	-0.0173306341	-0.1948969913	0.162278738	-0.0470160045	-0.1059626437	0.1058512369	-0.1056656457	0.1054060001	0.0	0.0	-0.00225066839306	-0.0013238416852913	5.065508215519282e-06	1.752556807715174e-06	0.1176495926858933	0.0140322066170028	0.0001969028225422	0.0138414266591565	0.378879342116285	0.0289168001043051	0.0008361813282723	0.1435495558824689	-0.0003669981913014	-0.0002589995834849	6.708078424535171e-08	1.34687672418499e-07	-9.700678929913664e-05	-0.0001290114872194	9.410317170127092e-09	1.6643963834572677e-08	3.698220047423988e-05	0.000123980472653	1.3676831519168684e-09	1.5371157599279234e-08	0.0	0.0	0.0
52.683346140433024	-0.1190126133076887	0.0141640021263254	2775.534960552679	62.010607502677225	-0.1289205751218958	3845.315442851089	0.0166205146897603	53.2792207390599	-0.0836232033001564	2838.6753625614706	0.0069928401301793	54.67334320375425	52.28198404076265	0.990144	32.90147	0.0996991372703325	0.0521294676052628	-0.1334545841	0.0954231551	-0.0365854826	0.0167763082	0.0569048745	0.0184325829	0.114435593	0.0439721141	0.0806630346	-0.0626473429	0.0156038278	-0.0548336504	-0.1171323444	-0.0663436987	-0.0157382387	0.0748443826	0.0761090482	-0.0671852486	-0.038870633	0.0677019341	0.0262976559	0.1464302017	-0.1064583056	-0.1340009289	-0.0046331199	0.0939946448	0.2132670667	-0.0053851655	-0.0204994815	-0.079749853	0.0131973149	-0.0361156608	-0.0700823868	-0.0893231189	-0.0719091115	0.0496069596	0.1115935843	0.1461996372	0.0299350446	-0.1500243828	0.1856502668	-0.0097223515	-0.0453306354	0.0494717704	-0.0295832283	-0.0171978738	-0.0031216509	-0.0633211071	-0.0111226708	0.1307113697	-0.0121509624	0.0605436566	0.1170799335	0.1085165204	0.0249168048	0.0785064655	-0.0194720998	0.0275586582	0.0133120325	0.0499571156	0.0126398668	-0.0851455832	-0.0943870412	0.0416062301	-0.1021347485	0.0493076565	0.0201873182	0.002785827	0.0516848318	-0.1187732705	0.0549691525	0.0598102623	-0.0012029882	-0.0070251313	-0.0177170815	-0.0058213682	-0.0171807149	-0.0721415023	-0.0299117874	-0.0740334103	-0.0034806175	0.0836583174	-0.0263043059	0.0655286376	0.0861962625	0.0216023683	0.0503991865	0.0884628856	-0.1175379217	-0.1474065667	-0.0609313877	-0.1367370823	0.0142184768	0.0413402971	0.0378845948	0.0004744458	-0.0509316316	0.0475570222	-0.0857836325	-0.0932406177	-0.0242297795	-0.0156324818	0.0101808459	0.0430948827	-0.0275894965	-0.1691651838	-0.0123692132	-0.0653362269	0.0009543496	0.0420734026	0.0099709727	0.0640634776	-0.0182917257	-0.0755283166	0.0334905703	-0.1301898501	0.0151691432	0.000570316	-0.0789293746	-0.0351816615	-0.0235499196	-0.0383086602	0.0951130553	0.0054419711	-0.0506406264	0.1810872023	-0.0715239855	-0.0716205168	0.0188886248	0.0101058266	0.0329688069	-0.024126683	0.0507141963	0.1131680144	-0.0225577213	-0.0175783905	-0.0155606965	0.0203132055	0.1101675773	0.0112011852	0.0558954694	0.0367134206	0.1176718227	0.0732418807	0.0359864773	0.0319548491	0.140789727	-0.0124521175	-0.0765998906	-0.1155292187	0.0200805591	0.003689307	-0.0472527495	0.0825985712	-0.0704347804	-0.0009533593	0.0625151261	-0.0363153474	0.0089845775	-0.1233552502	-0.0665228126	-0.0535842037	-0.0342821789	0.0840850283	0.0931239468	-0.1059956606	0.1059832789	-0.1059626437	0.1059337567	0.0	0.0	0.0003777425659023	0.0026284109589622	1.4268944609445348e-07	6.908544169193116e-06	0.1325783540275011	0.0149287613416077	0.0002228679151946	0.0175770199566414	0.3861194701596986	0.0072401280434136	5.241945408502431e-05	0.1490882452364063	0.0004040436988305	0.0007710418901319	5.94505596338173e-07	1.632513105646318e-07	0.0003114430259909	0.00040844981529	9.69967584383684e-08	1.6683125161046507e-07	-0.0002815628326308	-0.000318545033105	7.92776287190799e-08	1.0147093811589095e-07	0.0	0.0	0.0
