#!ascii label  , from subject sub-v2s9x29150_ses-1 vox2ras=TkReg
5212
25618  -5.066  -51.485  48.624 0.1000000015
25633  -6.092  -51.336  47.119 0.1000000015
26535  -3.915  -50.420  48.758 0.1000000015
26536  -4.774  -50.813  48.069 0.1000000015
95150  -5.506  -50.748  47.126 0.1000000015
26552  -5.141  -50.015  46.549 0.1000000015
26543  -4.682  -50.106  47.320 0.1000000015
27504  -5.856  -49.559  45.233 0.1000000015
27505  -6.394  -49.633  44.714 0.1000000015
28393  -5.775  -48.923  44.788 0.1000000015
28394  -6.230  -48.888  44.285 0.1000000015
27520  -6.772  -49.305  43.995 0.1000000015
28399  -6.481  -48.521  43.708 0.1000000015
28400  -7.117  -48.940  43.354 0.1000000015
25770  -15.823  -51.067  37.573 0.2000000030
27626  -14.854  -48.793  37.889 0.2000000030
28485  -14.415  -48.191  38.634 0.2000000030
31593  -0.707  -44.883  51.874 0.2000000030
30832  -2.148  -45.215  50.276 0.3000000119
29230  -1.638  -47.078  49.338 0.1000000015
30054  -2.152  -46.426  49.184 0.1000000015
30835  -1.497  -45.481  50.615 0.2000000030
31594  -2.103  -44.735  51.019 0.3000000119
29232  -2.505  -47.270  48.071 0.1000000015
28378  -2.867  -47.980  47.437 0.1000000015
30057  -2.972  -46.567  47.853 0.1000000015
30837  -2.847  -45.837  48.816 0.2000000030
27486  -3.496  -49.675  48.364 0.1000000015
27490  -3.097  -48.842  47.903 0.1000000015
29233  -3.115  -47.250  47.115 0.1000000015
27491  -3.903  -49.406  47.475 0.2000000030
108678  -3.435  -48.624  47.232 0.2000000030
27495  -5.532  -49.813  45.817 0.1000000015
100978  -4.866  -49.309  46.037 0.1000000015
29247  -5.727  -48.002  44.213 0.3000000119
29255  -6.287  -47.624  43.451 0.1000000015
28410  -6.851  -48.153  43.068 0.1000000015
29262  -6.682  -47.173  42.757 0.1000000015
98244  -7.146  -47.874  42.538 0.1000000015
29263  -7.202  -47.226  42.076 0.1000000015
26711  -16.970  -50.773  37.108 0.2000000030
26725  -15.890  -50.054  36.572 0.2000000030
26710  -16.145  -50.712  37.067 0.2000000030
108251  -14.990  -48.567  37.198 0.2000000030
26709  -15.592  -50.399  37.296 0.2000000030
32366  -2.879  -43.833  53.352 0.3000000119
112383  -3.307  -45.287  48.897 0.3000000119
31595  -3.457  -44.537  50.358 0.3000000119
97652  -3.788  -44.210  51.569 0.3000000119
30838  -3.669  -45.489  47.938 0.2000000030
31607  -3.344  -44.902  49.549 0.3000000119
31608  -4.263  -44.578  48.985 0.3000000119
32377  -4.493  -44.349  49.921 0.3000000119
28379  -3.464  -48.051  46.633 0.2000000030
31609  -5.058  -44.361  48.623 0.3000000119
28380  -3.914  -48.879  46.855 0.2000000030
29235  -3.506  -47.163  46.248 0.2000000030
30839  -4.318  -45.100  47.408 0.2000000030
31623  -4.737  -44.609  47.881 0.3000000119
28384  -4.258  -48.697  46.296 0.2000000030
29236  -4.022  -47.903  45.856 0.2000000030
30061  -3.893  -46.212  46.085 0.2000000030
31655  -4.993  -44.797  46.070 0.3000000119
31656  -5.655  -44.554  45.648 0.3000000119
28387  -4.699  -48.525  45.616 0.2000000030
105197  -4.433  -47.008  44.956 0.3000000119
30851  -4.683  -45.739  45.054 0.3000000119
29241  -5.207  -48.291  44.994 0.3000000119
107467  -5.282  -47.048  44.225 0.3000000119
30068  -5.283  -46.183  43.986 0.3000000119
29254  -5.749  -46.981  43.749 0.3000000119
31674  -5.800  -45.166  43.948 0.3000000119
30074  -6.325  -46.165  42.794 0.2000000030
30090  -7.371  -46.410  41.452 0.3000000119
30091  -7.986  -46.883  40.939 0.2000000030
30102  -7.943  -45.932  40.669 0.3000000119
30104  -9.514  -46.401  39.871 0.2000000030
30114  -11.007  -46.707  39.534 0.1000000015
105551  -12.171  -46.855  39.444 0.1000000015
29337  -13.668  -46.950  38.138 0.1000000015
29327  -14.114  -47.530  38.218 0.1000000015
27627  -15.317  -49.435  36.982 0.2000000030
28494  -14.630  -48.062  37.730 0.2000000030
32379  -6.178  -44.496  52.019 0.3000000119
32378  -4.910  -44.274  51.340 0.3000000119
94432  -5.922  -44.322  48.526 0.3000000119
32395  -5.458  -44.300  49.888 0.3000000119
98975  -22.631  -40.767  54.395 0.6000000238
34681  -23.419  -40.016  54.457 0.5000000000
35518  -23.796  -39.473  53.764 0.4000000060
105919  -24.297  -39.351  53.548 0.4000000060
31640  -4.921  -44.652  46.913 0.3000000119
31624  -5.548  -44.387  47.461 0.3000000119
34682  -24.253  -39.393  54.169 0.4000000060
35519  -25.002  -39.406  53.653 0.4000000060
31641  -5.593  -44.457  46.451 0.3000000119
33885  -23.135  -42.818  53.137 0.8999999762
112069  -23.499  -41.318  54.350 0.8000000119
33857  -23.950  -40.367  54.529 0.6000000238
30848  -5.074  -45.077  45.304 0.3000000119
100237  -23.007  -42.888  51.300 0.8999999762
33869  -23.519  -42.498  53.602 0.8000000119
33858  -24.634  -41.581  54.058 0.6999999881
34674  -24.821  -40.073  54.317 0.5000000000
34683  -25.269  -39.487  53.917 0.4000000060
31667  -5.712  -44.736  44.855 0.4000000060
31657  -6.381  -44.339  45.265 0.4000000060
94397  -23.645  -42.991  51.764 0.8999999762
33870  -24.409  -43.010  52.706 0.8000000119
33114  -24.821  -42.761  53.232 0.8000000119
30855  -6.281  -45.295  43.121 0.3000000119
31675  -6.621  -44.533  43.601 0.4000000060
110310  -22.626  -42.162  49.896 0.8999999762
33887  -24.831  -42.589  51.421 0.8999999762
33871  -25.117  -42.844  52.350 0.8999999762
33129  -25.440  -42.790  52.953 0.8999999762
30859  -6.666  -45.468  42.406 0.3000000119
30860  -7.128  -44.950  41.988 0.4000000060
113218  -23.023  -41.566  49.281 0.8999999762
33906  -23.888  -42.072  50.415 0.8999999762
33907  -24.554  -42.038  50.358 0.8999999762
30872  -7.401  -45.391  41.324 0.3000000119
31698  -7.680  -44.604  41.510 0.3000000119
34714  -23.620  -41.397  49.326 0.8999999762
34702  -24.330  -41.332  49.403 0.8999999762
34703  -25.124  -41.415  49.424 0.8999999762
30883  -9.129  -45.316  39.951 0.3000000119
94111  -24.094  -40.883  48.426 0.8999999762
34704  -25.939  -41.584  49.549 1.0000000000
30890  -10.643  -45.882  39.336 0.1000000015
34715  -24.915  -40.887  48.564 1.0000000000
99809  -26.509  -41.022  48.039 1.0000000000
30115  -11.560  -46.122  39.132 0.1000000015
34730  -24.711  -40.622  47.652 1.0000000000
110964  -25.975  -40.870  47.915 1.0000000000
34732  -26.851  -40.894  47.360 1.0000000000
29308  -12.886  -47.264  39.506 0.1000000015
30133  -13.091  -46.616  38.577 0.1000000015
26695  -18.555  -50.494  38.338 0.2000000030
95583  -25.353  -40.548  47.035 1.0000000000
34750  -25.936  -40.468  46.565 1.0000000000
34751  -26.777  -40.597  46.552 1.0000000000
94546  -14.486  -47.519  37.433 0.1000000015
28500  -15.295  -48.654  36.489 0.2000000030
27628  -17.602  -50.134  36.771 0.2000000030
26712  -17.892  -50.493  37.476 0.2000000030
34779  -25.288  -40.278  46.214 1.0000000000
27640  -15.741  -49.294  36.182 0.2000000030
26726  -16.632  -50.220  36.537 0.2000000030
108102  -26.129  -40.202  45.718 1.0000000000
35619  -26.699  -39.999  44.951 1.0000000000
32368  -6.594  -44.251  53.245 0.4000000060
31580  -7.046  -44.735  52.846 0.4000000060
33109  -19.410  -42.035  54.415 0.4000000060
31596  -7.153  -44.881  51.610 0.5000000000
32350  -19.937  -43.020  53.808 0.5000000000
31610  -6.550  -44.547  49.777 0.5000000000
33856  -21.209  -41.513  54.586 0.5000000000
33868  -21.602  -40.495  54.561 0.5000000000
35517  -22.893  -40.000  53.746 0.3000000119
33111  -21.544  -42.691  53.801 0.6999999881
33112  -22.290  -42.297  53.943 0.6999999881
35532  -23.209  -39.648  52.299 0.3000000119
35522  -28.298  -39.223  52.967 0.4000000060
35523  -29.258  -38.791  52.754 0.5000000000
106997  -6.200  -44.301  46.784 0.3000000119
31643  -7.063  -44.235  46.566 0.4000000060
106234  -21.454  -42.989  50.175 0.8000000119
33147  -21.724  -43.322  51.297 0.8000000119
33859  -25.472  -41.869  53.760 0.8000000119
34675  -25.879  -40.161  53.985 0.5000000000
34684  -26.392  -39.692  53.596 0.5000000000
31658  -7.256  -44.112  44.935 0.4000000060
33172  -22.215  -42.820  50.648 0.8000000119
34676  -26.904  -40.258  53.672 0.6000000238
31686  -6.876  -44.685  42.767 0.4000000060
31669  -7.235  -44.105  44.108 0.4000000060
112971  -7.668  -44.009  44.415 0.4000000060
33115  -26.255  -42.588  53.036 0.8999999762
33116  -27.201  -42.786  53.209 0.8999999762
31687  -7.570  -44.289  42.334 0.4000000060
32472  -8.047  -43.851  43.856 0.4000000060
33931  -22.376  -41.600  48.791 0.8999999762
33908  -25.332  -42.009  50.345 0.8999999762
33889  -26.438  -42.411  51.300 1.0000000000
33873  -27.034  -42.814  52.469 0.8999999762
30882  -8.385  -45.138  40.418 0.3000000119
31711  -8.258  -44.417  40.976 0.3000000119
33956  -22.301  -41.219  47.731 0.8999999762
100487  -27.340  -42.449  51.177 1.0000000000
31719  -9.696  -44.501  39.791 0.4000000060
100148  -22.972  -40.664  47.125 0.8999999762
33932  -27.334  -41.520  48.922 1.0000000000
102674  -10.281  -45.040  39.383 0.3000000119
34748  -23.667  -40.328  46.348 0.8999999762
34718  -27.337  -41.123  47.956 1.0000000000
109890  -12.127  -45.605  38.615 0.2000000030
34778  -24.509  -40.149  45.873 1.0000000000
29338  -14.132  -46.958  37.506 0.1000000015
101851  -24.165  -39.485  44.211 1.0000000000
35617  -24.419  -39.818  45.065 1.0000000000
35618  -25.221  -39.944  45.345 1.0000000000
34733  -27.534  -40.882  47.076 1.0000000000
29354  -15.670  -47.768  35.448 0.2000000030
27642  -17.215  -49.634  36.108 0.2000000030
27643  -18.183  -49.398  36.515 0.2000000030
36495  -25.121  -38.983  43.069 1.0000000000
94095  -24.893  -39.263  43.770 1.0000000000
93656  -27.099  -40.291  45.659 1.0000000000
27653  -16.806  -49.044  35.609 0.2000000030
36537  -24.246  -38.443  41.506 1.0000000000
110754  -24.805  -38.554  41.917 1.0000000000
97554  -25.894  -39.763  44.737 1.0000000000
35634  -26.535  -39.618  44.159 1.0000000000
28517  -18.178  -48.174  35.477 0.2000000030
28502  -18.634  -48.609  36.225 0.2000000030
36538  -25.211  -38.565  41.381 1.0000000000
95964  -25.977  -38.871  41.896 1.0000000000
35656  -26.451  -39.361  43.448 1.0000000000
96887  -25.386  -38.529  40.338 1.0000000000
36539  -26.190  -38.746  40.931 0.8999999762
36590  -25.449  -38.536  39.177 0.8999999762
36561  -26.192  -38.640  39.881 1.0000000000
36632  -25.658  -39.028  37.777 0.8999999762
36591  -26.331  -38.727  38.895 0.8999999762
36616  -26.445  -39.069  37.997 0.8999999762
96248  -25.606  -40.785  37.287 0.8000000119
35771  -26.254  -40.161  37.340 0.8000000119
30909  -23.769  -45.584  37.745 0.3000000119
34099  -25.705  -41.127  37.044 0.8000000119
31581  -7.569  -44.840  53.064 0.5000000000
110312  -19.541  -43.462  53.100 0.5000000000
31611  -7.528  -44.865  49.882 0.5000000000
95096  -7.960  -44.764  48.627 0.5000000000
101485  -19.685  -44.041  51.935 0.5000000000
32351  -21.016  -43.252  53.153 0.6000000238
34680  -21.889  -39.861  54.030 0.4000000060
95097  -7.116  -44.514  48.573 0.5000000000
31626  -7.540  -44.391  47.580 0.5000000000
32374  -20.308  -44.121  51.050 0.6000000238
33128  -21.881  -43.286  52.736 0.6999999881
34693  -22.309  -39.750  52.621 0.3000000119
31644  -8.142  -44.364  46.758 0.4000000060
32388  -20.783  -43.576  50.342 0.6999999881
35552  -23.670  -39.369  50.718 0.3000000119
35533  -24.071  -39.704  52.020 0.3000000119
105059  -24.872  -39.830  51.977 0.3000000119
35535  -26.753  -39.665  51.958 0.2000000030
106741  -6.976  -44.182  45.703 0.4000000060
98698  -22.755  -39.485  50.956 0.3000000119
35553  -24.680  -39.376  50.507 0.3000000119
35554  -25.418  -39.556  50.898 0.2000000030
34685  -27.469  -39.546  53.314 0.4000000060
34686  -28.436  -39.317  53.183 0.5000000000
34687  -29.396  -39.371  53.068 0.6000000238
32455  -8.178  -43.990  44.748 0.4000000060
31659  -8.695  -44.172  45.377 0.5000000000
33192  -20.962  -42.505  48.656 0.8000000119
101009  -24.987  -38.858  49.372 0.2000000030
33861  -27.452  -41.830  53.527 0.8000000119
34677  -27.872  -40.397  53.508 0.8000000119
33864  -29.560  -41.358  53.104 0.8000000119
32456  -8.887  -43.818  44.162 0.4000000060
33204  -20.697  -42.410  47.782 0.8000000119
33131  -28.692  -43.305  53.056 0.8000000119
33863  -28.957  -42.465  53.255 0.8000000119
31688  -8.214  -43.954  41.766 0.4000000060
32492  -8.286  -43.758  42.813 0.4000000060
33150  -28.640  -43.402  52.590 0.8000000119
31712  -8.904  -44.415  40.392 0.4000000060
31699  -8.840  -43.800  41.103 0.4000000060
33979  -22.163  -40.955  46.776 0.8999999762
33910  -27.711  -41.951  50.034 1.0000000000
33890  -28.278  -42.654  51.179 1.0000000000
32521  -9.484  -43.745  40.442 0.5000000000
97509  -22.751  -40.488  46.178 0.8999999762
93799  -28.134  -41.714  49.161 1.0000000000
33911  -28.381  -42.060  50.031 1.0000000000
30891  -11.621  -45.028  38.665 0.4000000060
101612  -23.226  -40.162  45.534 0.8999999762
34734  -28.244  -41.136  47.632 1.0000000000
30907  -12.805  -45.695  38.121 0.1000000015
35615  -22.945  -39.945  44.828 0.8999999762
34777  -23.887  -40.068  45.548 0.8999999762
30160  -14.770  -46.395  36.232 0.1000000015
36493  -23.070  -39.006  42.787 1.0000000000
35616  -23.660  -39.845  44.925 0.8999999762
34752  -27.799  -40.598  46.222 1.0000000000
30161  -15.283  -46.390  35.544 0.1000000015
27619  -19.790  -49.241  38.912 0.2000000030
36494  -23.794  -38.895  42.871 1.0000000000
34803  -27.885  -40.091  44.644 1.0000000000
28515  -16.381  -48.327  35.287 0.2000000030
28495  -19.037  -48.891  37.147 0.2000000030
27630  -19.401  -49.082  38.080 0.2000000030
28486  -19.910  -48.664  38.441 0.2000000030
109562  -24.475  -38.676  42.454 1.0000000000
35635  -27.237  -39.874  44.398 1.0000000000
29369  -17.377  -47.111  34.613 0.2000000030
28503  -19.337  -48.099  36.733 0.2000000030
36560  -24.571  -38.432  40.628 1.0000000000
35677  -26.515  -39.144  42.285 1.0000000000
100795  -26.813  -39.322  42.866 1.0000000000
35657  -27.207  -39.610  43.588 1.0000000000
29347  -18.960  -47.846  35.857 0.2000000030
111090  -24.237  -38.397  40.119 0.8999999762
35700  -26.699  -39.108  41.631 1.0000000000
36589  -24.706  -38.454  39.797 0.8999999762
35701  -27.413  -39.374  41.515 1.0000000000
36613  -23.801  -38.464  38.486 0.8999999762
36631  -24.405  -38.675  37.923 0.8999999762
106143  -26.775  -38.898  40.304 0.8999999762
35719  -27.025  -39.141  40.920 1.0000000000
34924  -23.764  -40.298  37.763 0.8000000119
98608  -24.319  -39.278  37.615 0.8000000119
112855  -24.965  -38.948  37.722 0.8000000119
31724  -24.924  -44.388  40.412 0.3000000119
34086  -24.158  -41.802  38.542 0.6000000238
34908  -24.203  -41.127  38.126 0.8000000119
34925  -24.850  -40.492  37.641 0.8000000119
30894  -24.803  -44.647  39.546 0.3000000119
112503  -24.497  -43.694  38.378 0.5000000000
32551  -24.532  -43.087  38.219 0.6000000238
33354  -24.599  -42.571  37.831 0.6999999881
101169  -24.824  -42.052  37.472 0.8000000119
106219  -25.200  -41.570  37.203 0.8000000119
34926  -26.118  -40.810  37.014 0.8999999762
30910  -24.430  -45.074  38.601 0.3000000119
31745  -24.111  -44.500  37.930 0.3000000119
32550  -24.163  -43.725  37.610 0.6000000238
32564  -24.282  -43.074  37.344 0.6000000238
33369  -24.523  -42.476  37.013 0.6000000238
34116  -24.832  -41.847  36.744 0.6999999881
101039  -23.526  -45.147  37.158 0.4000000060
32563  -23.685  -43.608  36.811 0.5000000000
33368  -23.811  -42.893  36.571 0.5000000000
34115  -23.904  -42.118  36.172 0.5000000000
34135  -24.549  -41.431  35.989 0.6000000238
34117  -25.356  -41.247  36.505 0.8999999762
31768  -23.190  -44.256  36.142 0.4000000060
32575  -22.763  -44.025  35.232 0.4000000060
33379  -22.840  -43.113  35.216 0.4000000060
34133  -23.030  -42.174  35.127 0.4000000060
34134  -23.634  -41.411  35.344 0.5000000000
32584  -22.491  -43.626  34.318 0.4000000060
33389  -22.505  -42.726  34.384 0.5000000000
93388  -17.647  -42.975  54.075 0.3000000119
32349  -18.799  -42.899  54.055 0.3000000119
33866  -19.326  -41.318  54.369 0.3000000119
31598  -8.871  -45.274  51.752 0.6000000238
32361  -18.706  -43.482  53.141 0.4000000060
99924  -8.396  -45.091  49.917 0.6999999881
33855  -20.105  -41.125  54.762 0.4000000060
109592  -8.685  -45.022  48.708 0.6999999881
31605  -19.189  -44.498  49.320 0.6000000238
32386  -19.349  -44.362  49.246 0.5000000000
33867  -20.142  -40.578  54.304 0.2000000030
94426  -9.080  -44.655  47.047 0.6000000238
31617  -19.142  -44.373  48.724 0.6999999881
32387  -19.818  -44.147  49.617 0.6999999881
34692  -21.454  -39.842  52.754 0.2000000030
35538  -29.820  -38.471  51.975 0.4000000060
106070  -30.549  -38.018  51.825 0.4000000060
35524  -30.208  -38.386  52.487 0.5000000000
97776  -8.852  -44.379  46.118 0.5000000000
31635  -19.017  -44.282  48.201 0.8000000119
32402  -19.728  -43.813  48.708 0.8000000119
36404  -25.582  -38.985  49.880 0.2000000030
36394  -26.205  -39.392  50.702 0.2000000030
35536  -27.827  -39.319  51.945 0.2000000030
35537  -28.818  -38.841  51.976 0.3000000119
35525  -30.928  -38.420  52.350 0.6999999881
34690  -31.734  -39.039  52.166 0.6000000238
31660  -9.553  -44.285  45.512 0.4000000060
95498  -19.148  -43.901  47.455 0.8000000119
32417  -19.646  -43.583  47.962 0.8000000119
36402  -23.139  -38.917  49.506 0.3000000119
36403  -24.177  -38.892  49.480 0.2000000030
34688  -30.221  -39.802  52.804 0.8000000119
34689  -30.943  -40.212  52.545 0.8000000119
102901  -9.031  -44.065  44.861 0.4000000060
32457  -9.788  -43.904  44.592 0.5000000000
32435  -19.511  -43.488  47.197 0.8000000119
32473  -8.751  -43.638  43.461 0.4000000060
33223  -19.587  -42.725  45.659 0.8999999762
110440  -20.795  -42.013  46.978 0.8000000119
33132  -29.492  -43.189  52.966 0.8000000119
97198  -30.194  -43.772  52.541 0.8999999762
33875  -31.309  -41.944  52.277 0.8000000119
32493  -9.023  -43.454  42.055 0.4000000060
32494  -9.687  -43.289  42.653 0.4000000060
33891  -29.192  -43.481  51.821 0.8999999762
110811  -30.004  -44.109  51.984 0.8999999762
33152  -30.702  -44.214  52.075 0.8999999762
104058  -9.798  -43.200  41.941 0.5000000000
33997  -21.070  -41.178  45.701 0.8999999762
94456  -28.895  -41.953  49.573 1.0000000000
97158  -28.874  -42.504  50.568 1.0000000000
31721  -11.243  -44.247  38.944 0.4000000060
32527  -10.195  -43.605  39.894 0.5000000000
34747  -21.924  -40.736  45.953 0.8999999762
33933  -28.644  -41.523  48.509 1.0000000000
31726  -11.970  -44.129  38.504 0.4000000060
32528  -11.060  -43.433  39.419 0.5000000000
34802  -22.225  -40.106  44.634 0.8999999762
34735  -28.897  -41.052  47.027 1.0000000000
94931  -28.231  -40.879  46.843 1.0000000000
30906  -12.342  -44.844  38.212 0.1000000015
35630  -21.925  -39.798  43.924 0.8999999762
34753  -28.690  -40.805  46.288 1.0000000000
30153  -13.858  -45.682  37.056 0.1000000015
35652  -22.501  -39.421  43.369 0.8999999762
35632  -23.369  -39.626  44.346 0.8999999762
110168  -28.428  -40.532  45.688 1.0000000000
28455  -20.803  -48.652  39.628 0.2000000030
112009  -22.587  -38.580  41.422 0.8999999762
36514  -22.826  -38.709  42.062 0.8999999762
34781  -28.564  -40.356  44.980 1.0000000000
34780  -27.853  -40.294  45.387 1.0000000000
107172  -16.242  -47.458  34.897 0.2000000030
110304  -19.725  -48.282  37.714 0.2000000030
27620  -20.353  -48.610  38.963 0.2000000030
36536  -23.302  -38.451  41.399 1.0000000000
36515  -23.636  -38.598  42.193 1.0000000000
110988  -28.735  -40.153  43.271 1.0000000000
34804  -28.542  -40.189  44.061 1.0000000000
28487  -20.318  -48.086  38.383 0.2000000030
34844  -28.372  -39.914  42.685 1.0000000000
96128  -27.575  -39.584  42.808 1.0000000000
29356  -18.495  -47.396  35.182 0.2000000030
110393  -19.122  -47.182  35.540 0.2000000030
36559  -23.637  -38.350  40.397 0.8999999762
35679  -27.878  -39.642  42.077 1.0000000000
95009  -23.224  -38.330  39.220 0.8999999762
106142  -28.302  -39.612  40.525 1.0000000000
36630  -23.602  -38.776  37.774 0.8999999762
110403  -27.676  -39.383  40.900 1.0000000000
32524  -23.691  -43.620  40.327 0.3000000119
35769  -23.252  -39.292  37.534 0.8999999762
35743  -26.964  -38.910  39.503 0.8999999762
35720  -27.555  -39.227  40.157 1.0000000000
31723  -24.641  -43.790  39.847 0.3000000119
35772  -27.253  -40.006  37.468 1.0000000000
32538  -24.455  -43.166  39.235 0.3000000119
34943  -26.290  -40.751  36.851 0.8999999762
34927  -26.758  -40.592  37.000 0.8999999762
31729  -24.679  -44.045  38.951 0.3000000119
110586  -25.897  -40.868  36.591 0.8999999762
34962  -24.938  -40.792  35.691 0.8999999762
34144  -22.490  -41.914  34.217 0.5000000000
31585  -10.966  -45.055  53.163 0.6000000238
92823  -17.884  -43.839  52.159 0.4000000060
108476  -17.159  -43.242  53.592 0.2000000030
93286  -17.925  -43.479  53.129 0.3000000119
31589  -17.870  -44.143  50.810 0.5000000000
108692  -17.566  -42.677  54.114 0.2000000030
33127  -18.354  -42.286  54.122 0.3000000119
99922  -10.187  -45.346  50.055 0.6999999881
93299  -18.831  -44.027  51.802 0.4000000060
31628  -9.923  -44.949  47.373 0.6999999881
95095  -9.273  -45.011  48.106 0.6999999881
31604  -18.623  -44.531  49.446 0.6000000238
32414  -18.091  -44.056  47.156 0.6999999881
98949  -20.377  -40.100  52.540 0.2000000030
31634  -18.767  -44.221  47.861 0.6999999881
35531  -21.088  -39.763  51.121 0.2000000030
102573  -21.903  -39.622  51.148 0.2000000030
35539  -31.012  -37.879  52.102 0.4000000060
108506  -10.260  -44.520  45.978 0.6000000238
32432  -18.275  -43.854  46.349 0.8000000119
32415  -18.907  -44.039  47.428 0.8000000119
36414  -21.618  -38.773  48.419 0.2000000030
35571  -21.739  -39.021  49.176 0.2000000030
36415  -22.336  -38.755  48.864 0.2000000030
36405  -26.457  -38.858  49.585 0.2000000030
35555  -28.112  -38.953  50.610 0.2000000030
35556  -29.102  -38.731  50.581 0.4000000060
32433  -18.666  -43.808  46.492 0.8000000119
97653  -22.333  -38.266  47.947 0.2000000030
96663  -22.984  -38.462  48.523 0.2000000030
36416  -23.828  -38.409  48.542 0.2000000030
36417  -24.750  -38.531  48.653 0.2000000030
36418  -25.703  -38.597  48.762 0.2000000030
36419  -26.720  -38.517  48.599 0.2000000030
36406  -27.379  -38.759  49.483 0.2000000030
33876  -32.199  -41.414  51.793 0.8000000119
32474  -9.561  -43.538  43.555 0.4000000060
32475  -10.450  -43.573  44.003 0.4000000060
32448  -18.285  -43.639  45.603 0.8000000119
94278  -18.615  -43.650  45.826 0.8000000119
37302  -24.490  -38.099  48.091 0.2000000030
37303  -25.221  -38.115  48.008 0.2000000030
101145  -26.145  -38.119  47.814 0.1000000015
104367  -18.176  -43.497  44.940 0.8000000119
32449  -18.555  -43.452  45.167 0.8000000119
37309  -24.658  -37.832  47.380 0.2000000030
37310  -25.500  -37.887  47.349 0.1000000015
33133  -30.924  -43.924  52.345 0.8999999762
33892  -32.650  -43.415  51.532 0.8999999762
32495  -10.397  -43.093  42.300 0.5000000000
32465  -18.259  -43.373  44.526 0.8000000119
97425  -19.085  -43.179  45.188 0.8999999762
33912  -29.669  -42.904  50.606 1.0000000000
33173  -30.730  -44.157  51.515 0.8999999762
33153  -31.983  -44.850  51.761 0.8999999762
103782  -33.034  -44.933  51.129 0.8999999762
32522  -10.140  -43.185  40.609 0.6000000238
34008  -19.477  -41.926  44.185 0.8999999762
33996  -20.273  -41.787  45.341 0.8999999762
33934  -29.577  -41.860  48.910 1.0000000000
33193  -31.166  -43.626  50.421 1.0000000000
33174  -31.621  -44.757  51.636 1.0000000000
34774  -20.878  -40.934  44.923 0.8999999762
33957  -29.122  -41.351  47.812 1.0000000000
33958  -29.869  -41.535  47.858 1.0000000000
101080  -30.323  -41.955  48.600 1.0000000000
31740  -12.685  -43.921  37.946 0.3000000119
32533  -11.682  -43.540  38.872 0.4000000060
34801  -21.426  -40.307  44.430 0.8999999762
34754  -29.584  -41.053  46.450 1.0000000000
106679  -29.520  -41.242  47.226 1.0000000000
30924  -13.041  -44.720  37.590 0.2000000030
35651  -21.698  -39.607  43.132 0.8999999762
34826  -21.118  -40.078  43.660 0.8999999762
31755  -13.798  -44.783  36.963 0.2000000030
35675  -21.492  -39.364  42.351 0.8999999762
35650  -20.922  -39.873  42.819 0.8999999762
34782  -29.235  -40.693  45.529 1.0000000000
30931  -14.428  -45.507  36.471 0.1000000015
36534  -21.926  -38.599  41.009 1.0000000000
36513  -22.063  -38.890  41.858 0.8999999762
34805  -29.416  -40.549  44.575 1.0000000000
111557  -29.772  -40.720  45.128 1.0000000000
103773  -15.654  -47.008  35.115 0.2000000030
34827  -29.389  -40.449  43.590 1.0000000000
30171  -16.512  -46.112  34.538 0.1000000015
29370  -18.044  -46.750  34.620 0.2000000030
30173  -18.540  -45.914  34.537 0.2000000030
36535  -22.743  -38.404  40.749 1.0000000000
36558  -22.196  -38.409  40.301 1.0000000000
34845  -29.299  -40.369  42.595 1.0000000000
30162  -18.869  -46.650  34.950 0.2000000030
30155  -20.105  -46.444  36.314 0.2000000030
36587  -22.344  -38.334  38.948 1.0000000000
103968  -22.064  -38.350  39.681 1.0000000000
34879  -28.925  -40.052  40.987 1.0000000000
34864  -28.682  -40.042  41.885 1.0000000000
34096  -21.897  -40.739  37.135 0.8000000119
36612  -22.922  -38.494  38.241 0.8999999762
35702  -28.155  -39.636  41.329 1.0000000000
31728  -22.373  -43.905  39.191 0.3000000119
31727  -21.905  -44.254  38.659 0.3000000119
99729  -22.901  -38.853  37.664 0.8999999762
35721  -28.374  -39.633  39.679 1.0000000000
32523  -23.060  -43.545  39.781 0.3000000119
110891  -23.240  -40.787  37.878 0.6999999881
107595  -27.997  -39.822  38.064 0.8999999762
32530  -23.812  -43.167  39.908 0.3000000119
32531  -24.202  -43.358  39.970 0.3000000119
34085  -23.603  -41.520  38.412 0.6000000238
95579  -27.423  -40.546  36.949 0.8999999762
33330  -24.057  -42.839  39.524 0.4000000060
33343  -23.841  -42.334  39.062 0.5000000000
107971  -25.987  -40.181  35.727 0.8999999762
34963  -26.282  -40.561  36.274 0.8999999762
108983  -24.157  -40.880  35.377 0.5000000000
93571  -17.059  -43.623  52.561 0.4000000060
103329  -11.495  -45.299  52.378 0.6000000238
102626  -16.504  -43.796  52.105 0.4000000060
31600  -10.730  -45.440  51.635 0.6999999881
99921  -11.727  -45.323  50.587 0.6000000238
32384  -16.493  -44.037  50.154 0.5000000000
92821  -17.149  -44.015  50.728 0.6000000238
92822  -17.229  -42.822  54.010 0.2000000030
31612  -11.034  -45.251  49.213 0.6999999881
94804  -12.036  -45.121  48.948 0.6000000238
32399  -16.729  -43.918  48.594 0.6000000238
95094  -10.096  -45.253  48.570 0.6999999881
31630  -11.590  -45.072  47.866 0.8000000119
32413  -17.061  -43.840  47.432 0.6999999881
32385  -17.358  -44.147  49.222 0.6000000238
33883  -18.778  -41.303  52.525 0.2000000030
31646  -10.498  -44.779  46.705 0.6999999881
32426  -11.257  -44.804  46.921 0.6999999881
32400  -17.759  -44.213  48.069 0.6999999881
34691  -19.608  -40.620  51.655 0.2000000030
35558  -31.379  -37.841  51.588 0.3000000119
35559  -32.255  -37.672  51.546 0.3000000119
31662  -11.006  -44.501  46.006 0.6999999881
95945  -16.550  -43.652  45.052 0.8000000119
32431  -17.416  -43.826  46.370 0.8000000119
35549  -20.817  -39.590  49.872 0.2000000030
35530  -20.556  -39.914  50.800 0.2000000030
36408  -29.052  -38.685  49.235 0.1000000015
35557  -29.932  -38.422  51.074 0.4000000060
35540  -31.688  -37.711  52.025 0.5000000000
34694  -32.742  -38.931  51.726 0.5000000000
31661  -10.403  -44.199  45.335 0.5000000000
93678  -11.150  -44.040  45.190 0.6999999881
94321  -17.385  -43.699  44.881 0.8000000119
32447  -17.795  -43.743  45.558 0.8000000119
35570  -21.133  -39.199  49.023 0.2000000030
36420  -27.597  -38.474  48.520 0.1000000015
36407  -28.260  -38.695  49.414 0.2000000030
34695  -33.639  -39.429  51.280 0.5000000000
32458  -10.601  -43.868  44.713 0.5000000000
94882  -11.203  -43.634  44.432 0.6999999881
32464  -17.545  -43.566  44.189 0.8000000119
37307  -22.825  -37.751  47.231 0.2000000030
36433  -23.275  -37.995  47.924 0.2000000030
37311  -26.694  -37.927  47.233 0.1000000015
36434  -27.057  -38.220  47.798 0.1000000015
32476  -11.167  -43.289  43.607 0.6999999881
111367  -17.131  -43.444  43.131 0.8000000119
95299  -17.742  -43.610  44.919 0.8000000119
37323  -22.447  -37.389  46.530 0.2000000030
37301  -23.991  -37.934  47.869 0.2000000030
94752  -26.090  -37.807  46.962 0.1000000015
33893  -33.411  -42.222  50.944 0.8999999762
109405  -32.890  -41.050  51.326 0.8000000119
106780  -10.387  -43.266  43.142 0.5000000000
32496  -11.117  -43.034  42.731 0.5000000000
95782  -17.900  -43.454  44.168 0.8000000119
37324  -23.351  -37.389  46.587 0.1000000015
37308  -23.734  -37.727  47.242 0.1000000015
37326  -25.316  -37.616  46.590 0.1000000015
33155  -33.156  -44.487  51.246 0.8999999762
33914  -33.726  -43.980  50.829 0.8999999762
32510  -10.367  -42.989  41.424 0.5000000000
33279  -11.046  -42.844  41.890 0.5000000000
110728  -17.786  -43.330  43.497 0.6999999881
33252  -18.200  -43.189  43.800 0.8000000119
33235  -18.926  -42.843  44.460 0.8999999762
37325  -24.307  -37.473  46.568 0.1000000015
106839  -24.854  -37.142  45.757 0.1000000015
33175  -32.595  -44.954  51.260 0.8999999762
33176  -33.584  -44.860  50.716 0.8999999762
33320  -10.743  -42.946  40.088 0.6000000238
33303  -11.341  -42.598  40.513 0.6000000238
107396  -11.998  -42.377  40.768 0.6000000238
32499  -17.623  -43.229  42.841 0.6999999881
96606  -18.288  -42.813  43.005 0.8999999762
33253  -18.835  -42.443  43.638 0.8999999762
33935  -31.172  -42.460  49.004 1.0000000000
33195  -32.826  -44.444  49.890 1.0000000000
33196  -33.684  -44.648  49.458 1.0000000000
33321  -11.392  -42.779  39.766 0.4000000060
32529  -11.902  -42.879  39.114 0.4000000060
93938  -12.066  -42.486  39.898 0.5000000000
34032  -18.378  -42.499  42.153 0.8999999762
34824  -19.469  -41.439  43.446 0.8999999762
33959  -30.601  -41.701  47.853 1.0000000000
33936  -32.117  -42.766  48.731 1.0000000000
33961  -32.168  -42.138  47.461 1.0000000000
33205  -32.961  -43.091  48.387 1.0000000000
32418  -34.497  -45.088  49.165 1.0000000000
32534  -12.378  -43.225  38.459 0.4000000060
111242  -12.466  -42.798  38.736 0.3000000119
34044  -18.947  -41.513  41.972 0.8999999762
34021  -19.981  -41.127  43.971 0.8999999762
33980  -30.138  -41.343  47.130 1.0000000000
104998  -30.774  -41.531  47.117 1.0000000000
33213  -32.984  -42.413  47.124 1.0000000000
31741  -13.470  -43.743  37.380 0.3000000119
32546  -13.006  -43.189  37.900 0.3000000119
34862  -19.545  -40.603  41.815 0.8999999762
33981  -30.478  -41.277  46.448 1.0000000000
33998  -30.900  -41.267  45.876 1.0000000000
33999  -31.600  -41.512  45.607 1.0000000000
33983  -32.178  -41.906  46.357 1.0000000000
106835  -14.475  -44.598  36.459 0.1000000015
34863  -20.091  -39.905  41.560 0.8999999762
34010  -30.906  -41.097  45.156 1.0000000000
34011  -31.545  -41.365  44.719 1.0000000000
31762  -15.072  -44.936  35.851 0.1000000015
34920  -18.872  -39.917  37.076 0.8000000119
35741  -19.835  -39.427  39.661 0.8999999762
35698  -20.637  -39.303  41.172 0.8999999762
96656  -30.147  -40.771  43.966 1.0000000000
34033  -30.879  -41.016  43.455 1.0000000000
30940  -15.794  -44.981  35.131 0.1000000015
30947  -16.506  -45.184  34.655 0.1000000015
34940  -19.724  -40.272  35.985 0.6999999881
35765  -19.736  -39.425  37.258 0.6999999881
35718  -20.616  -38.946  40.166 0.8999999762
36533  -21.163  -38.797  40.847 0.8999999762
99994  -30.152  -40.710  43.046 1.0000000000
96710  -17.880  -45.974  34.382 0.1000000015
35780  -20.260  -39.759  36.570 0.6999999881
36585  -20.997  -38.543  39.407 0.8999999762
36557  -21.490  -38.507  40.103 1.0000000000
34865  -29.554  -40.470  41.533 1.0000000000
30163  -19.328  -45.873  34.890 0.2000000030
30942  -20.273  -45.144  35.752 0.3000000119
30932  -20.411  -45.642  36.382 0.2000000030
100639  -20.794  -41.817  36.199 0.4000000060
34941  -20.472  -40.380  36.160 0.8000000119
36611  -21.759  -38.518  38.232 1.0000000000
36586  -21.594  -38.395  39.144 1.0000000000
34880  -29.760  -40.570  40.512 1.0000000000
31757  -20.614  -44.719  36.518 0.3000000119
30926  -20.688  -45.398  37.095 0.2000000030
34113  -20.688  -41.065  35.997 0.6999999881
35767  -21.283  -39.381  37.166 0.8000000119
36629  -22.332  -38.692  37.807 1.0000000000
34894  -29.070  -40.124  39.964 1.0000000000
31758  -21.065  -43.990  37.165 0.3000000119
31744  -21.555  -44.154  38.013 0.3000000119
34922  -21.669  -39.916  37.003 0.8000000119
35768  -22.278  -39.240  37.451 0.8999999762
34929  -28.737  -40.481  37.618 0.8999999762
35745  -28.632  -40.002  38.721 1.0000000000
33341  -22.303  -42.626  38.418 0.4000000060
32537  -22.729  -43.093  39.176 0.4000000060
33353  -22.796  -41.864  38.407 0.5000000000
34097  -22.738  -41.133  37.847 0.6000000238
34923  -22.690  -40.087  37.414 0.8999999762
33342  -23.226  -42.370  38.946 0.5000000000
34928  -28.044  -40.528  37.153 0.8999999762
33329  -23.518  -42.862  39.484 0.4000000060
31577  -11.165  -44.514  53.669 0.6000000238
31586  -11.785  -44.940  53.283 0.5000000000
92820  -16.718  -43.254  53.003 0.3000000119
31602  -13.237  -44.877  51.313 0.6000000238
32372  -14.890  -44.151  51.935 0.6000000238
32383  -15.675  -44.019  51.081 0.5000000000
108763  -12.735  -44.913  48.763 0.6000000238
31613  -13.456  -44.786  49.379 0.6000000238
32382  -14.913  -44.292  50.015 0.6000000238
32396  -13.976  -44.427  48.204 0.6999999881
31614  -14.254  -44.482  49.249 0.6999999881
32398  -15.732  -44.048  49.285 0.5000000000
95879  -16.775  -42.984  53.617 0.2000000030
32409  -12.777  -44.439  47.066 0.8000000119
31632  -13.178  -44.626  47.995 0.6999999881
32412  -15.942  -43.837  47.920 0.6999999881
33882  -18.192  -41.891  51.603 0.2000000030
33865  -17.788  -42.170  53.777 0.2000000030
94720  -15.355  -43.602  46.497 0.8000000119
32430  -16.270  -43.641  46.776 0.8000000119
33903  -19.018  -41.193  50.663 0.2000000030
36409  -30.435  -38.520  50.526 0.3000000119
101497  -31.820  -37.909  50.907 0.3000000119
94161  -12.526  -43.885  45.555 0.8000000119
32427  -12.303  -44.291  46.323 0.8000000119
107658  -15.626  -43.444  45.236 0.8000000119
32445  -16.084  -43.510  45.872 0.8000000119
34700  -19.708  -40.459  50.107 0.2000000030
107371  -29.657  -38.710  50.078 0.3000000119
35560  -33.284  -37.430  51.214 0.3000000119
35541  -32.536  -37.718  51.738 0.4000000060
32442  -11.759  -44.189  45.723 0.6999999881
32462  -15.912  -43.391  44.565 0.8000000119
35569  -20.442  -39.483  48.954 0.2000000030
36421  -28.396  -38.479  48.390 0.1000000015
32477  -11.949  -43.357  44.104 0.6999999881
106905  -11.900  -43.777  44.942 0.6999999881
32479  -16.285  -43.366  43.774 0.8000000119
37312  -27.382  -37.940  47.085 0.1000000015
34696  -34.403  -39.728  50.761 0.6999999881
33247  -11.924  -43.056  43.187 0.6000000238
33248  -12.713  -43.107  43.718 0.8000000119
32480  -17.011  -43.612  43.721 0.8000000119
36452  -21.937  -37.835  47.121 0.2000000030
111031  -33.887  -40.866  50.747 0.8000000119
33263  -12.770  -42.753  42.708 0.8000000119
32497  -16.725  -43.367  42.898 0.6999999881
106671  -26.058  -37.617  46.296 0.1000000015
37327  -26.794  -37.742  46.452 0.1000000015
33177  -34.329  -44.380  50.296 0.8000000119
33281  -12.478  -42.458  41.583 0.5000000000
100741  -13.270  -42.507  42.037 0.6000000238
33282  -13.364  -42.417  41.277 0.6999999881
33267  -16.873  -43.401  41.888 0.6999999881
33286  -17.586  -43.232  41.991 0.6999999881
37339  -22.975  -36.944  45.966 0.1000000015
99380  -23.842  -36.992  45.938 0.1000000015
37340  -25.665  -37.384  45.894 0.1000000015
32389  -33.574  -44.970  50.544 0.8999999762
32390  -34.168  -45.094  50.125 0.8999999762
33304  -12.698  -42.376  40.637 0.6000000238
107609  -13.460  -42.396  40.516 0.6999999881
108747  -17.330  -43.370  41.647 0.6999999881
33287  -17.977  -43.109  41.545 0.6999999881
38228  -24.201  -36.810  45.119 0.1000000015
32403  -34.236  -45.200  49.958 1.0000000000
32404  -34.790  -45.192  49.522 0.8999999762
33322  -12.589  -42.605  39.086 0.4000000060
94798  -12.998  -42.433  39.815 0.6000000238
33323  -13.407  -42.444  38.989 0.5000000000
33305  -14.020  -42.369  39.858 0.6000000238
33310  -17.888  -43.088  40.757 0.6999999881
33206  -33.867  -43.543  47.959 1.0000000000
32419  -34.840  -44.619  48.029 1.0000000000
32420  -35.669  -45.331  47.913 0.8999999762
33336  -14.018  -42.534  38.191 0.4000000060
33337  -14.999  -42.472  38.649 0.6000000238
34058  -18.424  -42.198  41.194 0.6999999881
34877  -19.029  -40.996  41.157 0.8000000119
33224  -32.924  -42.148  46.033 1.0000000000
33215  -34.412  -43.212  46.211 1.0000000000
32450  -35.271  -44.069  45.915 1.0000000000
31663  -36.534  -45.388  46.493 1.0000000000
94418  -14.220  -43.868  36.798 0.3000000119
33348  -14.384  -42.855  37.379 0.4000000060
93664  -15.024  -42.594  37.740 0.4000000060
102496  -19.565  -40.259  41.126 0.8000000119
109784  -32.083  -41.665  45.046 1.0000000000
34001  -32.812  -42.043  45.015 1.0000000000
33225  -33.651  -42.537  45.580 1.0000000000
32466  -35.337  -44.070  44.834 1.0000000000
31756  -14.898  -43.993  36.250 0.1000000015
105248  -18.455  -40.348  37.831 0.6999999881
34906  -18.413  -40.653  38.794 0.6999999881
34878  -19.243  -40.327  40.299 0.8000000119
35697  -19.965  -39.638  40.698 0.8999999762
34023  -31.586  -41.339  43.856 1.0000000000
34013  -32.973  -42.194  44.015 1.0000000000
33237  -33.686  -42.580  44.580 1.0000000000
33255  -33.780  -42.716  43.659 1.0000000000
32483  -35.415  -43.922  43.810 1.0000000000
31763  -15.611  -44.197  35.603 0.1000000015
31764  -16.337  -44.378  34.968 0.3000000119
32580  -16.866  -43.859  34.871 0.1000000015
34907  -19.030  -39.808  38.054 0.8000000119
34034  -31.599  -41.367  42.941 1.0000000000
33269  -32.890  -42.359  42.356 1.0000000000
33254  -33.151  -42.418  43.189 1.0000000000
32500  -35.003  -43.394  42.889 1.0000000000
111721  -17.720  -44.915  34.330 0.1000000015
31771  -18.180  -44.365  34.313 0.2000000030
34960  -19.193  -40.800  35.481 0.6000000238
34939  -18.816  -40.348  36.174 0.6999999881
35742  -20.435  -38.831  39.068 0.8000000119
34846  -30.232  -40.793  42.054 1.0000000000
107952  -31.627  -41.536  41.985 1.0000000000
112145  -32.146  -41.784  42.459 1.0000000000
30948  -17.322  -45.484  34.376 0.1000000015
30950  -19.002  -44.985  34.421 0.2000000030
31772  -19.094  -43.930  34.405 0.3000000119
32573  -19.791  -43.575  34.810 0.3000000119
34131  -19.468  -41.550  35.021 0.5000000000
35756  -20.344  -39.042  37.671 0.8000000119
34866  -30.417  -40.965  41.014 1.0000000000
34059  -31.138  -41.460  40.549 1.0000000000
34046  -31.710  -41.765  41.055 1.0000000000
30941  -19.782  -45.097  35.077 0.4000000060
31766  -20.236  -44.296  35.407 0.4000000060
33377  -19.951  -42.557  34.958 0.3000000119
33378  -20.292  -41.704  35.505 0.3000000119
107714  -20.776  -39.582  36.841 0.8000000119
36610  -21.024  -38.528  38.568 0.8000000119
34895  -29.959  -40.730  39.461 1.0000000000
32561  -20.640  -43.702  36.239 0.3000000119
33366  -20.605  -42.653  35.997 0.3000000119
36628  -21.740  -38.874  37.584 0.8999999762
107672  -29.312  -40.378  39.013 1.0000000000
32562  -21.135  -43.133  36.910 0.4000000060
33367  -21.263  -42.260  36.794 0.4000000060
34114  -21.299  -41.349  36.656 0.5000000000
34909  -29.224  -40.616  38.170 0.8999999762
32549  -21.617  -43.360  37.777 0.3000000119
99764  -21.658  -42.656  37.527 0.4000000060
33352  -22.003  -41.794  37.615 0.5000000000
35796  -26.548  -40.021  35.857 0.8000000119
33123  -12.081  -43.534  53.757 0.2000000030
31578  -12.199  -44.061  53.626 0.4000000060
32359  -13.588  -43.754  53.510 0.4000000060
31587  -12.822  -44.621  53.114 0.5000000000
32373  -15.725  -43.558  53.132 0.4000000060
93285  -16.315  -43.381  53.196 0.4000000060
93133  -16.380  -42.992  53.409 0.3000000119
32397  -14.884  -44.168  48.422 0.6999999881
32410  -13.689  -44.172  47.092 0.8000000119
32411  -14.437  -44.110  47.504 0.8000000119
94252  -15.193  -43.834  47.291 0.8000000119
92824  -17.043  -42.439  53.235 0.2000000030
32428  -13.082  -44.014  46.252 0.8000000119
94425  -13.894  -43.707  46.124 0.8000000119
32429  -14.534  -43.807  46.720 0.8000000119
36423  -30.654  -38.972  49.091 0.2000000030
35572  -31.167  -38.447  50.460 0.3000000119
97777  -14.053  -43.435  45.410 0.8000000119
36422  -29.800  -38.810  49.154 0.2000000030
35542  -33.660  -37.545  51.294 0.3000000119
32459  -12.780  -43.431  44.676 0.8000000119
32460  -13.696  -43.277  44.783 0.8000000119
32461  -14.716  -43.266  44.862 0.8000000119
34712  -19.786  -39.995  48.992 0.2000000030
98669  -29.195  -38.567  48.072 0.1000000015
35543  -34.459  -37.762  51.150 0.5000000000
33234  -14.104  -43.048  44.109 0.8000000119
32478  -15.124  -43.093  43.986 0.8000000119
36431  -20.660  -38.666  47.247 0.2000000030
37313  -28.192  -38.038  46.975 0.1000000015
107381  -28.519  -38.328  47.598 0.1000000015
33233  -13.350  -43.151  44.148 0.8000000119
33264  -13.773  -42.687  42.670 0.8000000119
33251  -15.516  -43.003  43.145 0.8000000119
36451  -21.151  -38.075  46.831 0.2000000030
37328  -27.723  -37.798  46.291 0.1000000015
34705  -35.018  -40.529  50.137 0.6999999881
33249  -13.505  -42.935  43.454 0.8000000119
33265  -14.772  -42.731  42.507 0.6999999881
33266  -15.881  -42.998  42.248 0.6999999881
37341  -26.420  -37.398  45.582 0.1000000015
33178  -35.141  -44.387  49.644 0.8000000119
104648  -14.079  -42.521  41.864 0.6999999881
105024  -15.118  -42.701  41.635 0.6999999881
98905  -16.455  -43.173  40.592 0.6999999881
37338  -21.347  -37.206  45.600 0.2000000030
37322  -21.629  -37.513  46.353 0.2000000030
101944  -22.150  -36.994  45.840 0.1000000015
32405  -35.313  -45.205  49.152 0.8000000119
33197  -35.898  -44.372  48.868 0.8000000119
33283  -14.344  -42.480  40.908 0.6999999881
99375  -15.527  -42.751  40.803 0.6999999881
33309  -17.368  -43.300  40.443 0.6999999881
38227  -23.442  -36.805  45.343 0.1000000015
38229  -24.959  -36.862  44.940 0.1000000015
31636  -35.760  -45.392  48.400 0.8999999762
32421  -36.759  -45.155  47.786 0.8999999762
33324  -14.225  -42.388  39.017 0.6000000238
33306  -14.969  -42.501  40.237 0.6000000238
112523  -16.554  -42.965  39.663 0.6000000238
95141  -17.205  -43.078  39.734 0.6999999881
102109  -18.141  -42.393  40.374 0.6999999881
38225  -21.877  -36.779  45.040 0.1000000015
31649  -36.230  -45.512  47.577 1.0000000000
33338  -16.029  -42.629  38.445 0.5000000000
33339  -16.712  -42.619  38.462 0.6000000238
33327  -17.409  -42.617  39.275 0.6999999881
34072  -18.036  -41.809  39.536 0.6999999881
32467  -36.110  -44.731  44.682 1.0000000000
31670  -36.638  -45.166  45.437 1.0000000000
32548  -15.179  -42.883  36.924 0.4000000060
33349  -16.113  -42.718  37.506 0.5000000000
97839  -16.761  -42.504  37.765 0.5000000000
33340  -17.135  -42.408  38.387 0.6000000238
34071  -17.638  -41.902  38.688 0.6999999881
112608  -17.991  -41.320  38.832 0.6999999881
100706  -18.638  -40.781  39.687 0.6999999881
32485  -36.707  -44.503  43.137 1.0000000000
111065  -16.047  -43.252  35.983 0.4000000060
32560  -16.625  -42.885  35.927 0.4000000060
33351  -17.112  -42.212  37.309 0.6000000238
34094  -17.519  -41.687  37.729 0.6000000238
34084  -17.946  -41.019  38.182 0.6999999881
105027  -35.933  -44.160  42.962 1.0000000000
32501  -36.505  -44.136  42.301 1.0000000000
32571  -16.262  -43.609  35.494 0.2000000030
32572  -17.074  -43.187  35.133 0.3000000119
33375  -17.447  -42.403  35.387 0.4000000060
34111  -17.862  -41.487  35.626 0.5000000000
34095  -18.095  -40.682  37.059 0.6999999881
34112  -18.100  -40.861  36.121 0.6000000238
34035  -32.290  -42.023  41.631 1.0000000000
33270  -33.902  -42.812  42.788 1.0000000000
100831  -34.530  -42.936  42.170 1.0000000000
33291  -36.317  -43.546  41.469 1.0000000000
33387  -18.554  -42.479  34.625 0.3000000119
33376  -18.106  -41.970  34.964 0.4000000060
34047  -32.319  -42.047  40.857 1.0000000000
33288  -32.990  -42.186  40.869 1.0000000000
33289  -33.956  -42.465  41.431 1.0000000000
33290  -35.159  -42.837  41.535 1.0000000000
93826  -35.809  -42.822  40.769 1.0000000000
32583  -19.227  -43.004  34.553 0.3000000119
33388  -19.227  -42.250  34.682 0.4000000060
34130  -18.583  -41.335  35.171 0.4000000060
34881  -30.565  -41.149  40.010 1.0000000000
34060  -31.737  -41.762  40.306 1.0000000000
33311  -33.204  -41.721  40.332 1.0000000000
33312  -33.795  -42.070  40.810 1.0000000000
33313  -34.752  -42.236  40.877 1.0000000000
34896  -30.668  -41.119  39.171 1.0000000000
34073  -31.208  -41.456  39.764 1.0000000000
34074  -31.704  -41.586  39.757 1.0000000000
34061  -32.300  -41.835  40.312 1.0000000000
34910  -29.961  -40.733  38.459 1.0000000000
34087  -31.213  -41.285  39.219 1.0000000000
34897  -31.738  -41.340  39.323 1.0000000000
34930  -29.349  -40.535  37.699 1.0000000000
34946  -28.663  -40.462  37.152 0.8999999762
35782  -27.632  -39.952  36.371 0.8000000119
93241  -15.892  -43.232  53.535 0.4000000060
107342  -31.626  -38.861  49.691 0.2000000030
101834  -29.963  -38.781  48.186 0.1000000015
99749  -32.583  -37.900  50.548 0.3000000119
35561  -34.197  -37.038  50.978 0.3000000119
36396  -34.543  -37.003  51.034 0.3000000119
36397  -35.020  -37.055  50.840 0.3000000119
36436  -29.009  -38.289  47.013 0.1000000015
36438  -30.495  -38.843  47.689 0.1000000015
36439  -31.285  -39.110  48.231 0.1000000015
34697  -35.165  -38.282  50.721 0.6000000238
95713  -29.741  -38.271  46.150 0.1000000015
113383  -35.522  -41.208  49.553 0.6999999881
94121  -27.249  -37.585  45.697 0.1000000015
109385  -35.651  -42.715  49.156 0.6999999881
37321  -20.865  -37.736  46.099 0.2000000030
33198  -36.670  -44.349  48.180 0.8000000119
31650  -36.882  -45.374  47.086 0.8999999762
32422  -37.204  -45.000  47.244 0.8999999762
31665  -37.203  -45.051  45.388 1.0000000000
31651  -37.200  -45.216  46.239 0.8999999762
31678  -36.884  -44.823  44.056 1.0000000000
32502  -37.050  -44.344  42.532 1.0000000000
32511  -36.937  -44.038  41.871 1.0000000000
34062  -34.287  -41.646  40.289 1.0000000000
34063  -35.482  -42.030  40.053 1.0000000000
34075  -32.480  -41.434  39.682 1.0000000000
34899  -33.030  -40.751  39.232 1.0000000000
34076  -33.617  -41.213  39.729 1.0000000000
96868  -30.035  -40.659  37.905 1.0000000000
34911  -30.698  -40.849  38.558 1.0000000000
34932  -31.179  -40.545  38.238 1.0000000000
34898  -32.211  -41.063  39.127 1.0000000000
34915  -34.287  -40.160  38.226 0.8999999762
35773  -29.477  -40.357  37.411 1.0000000000
34931  -30.650  -40.552  37.980 1.0000000000
35774  -30.333  -40.179  37.565 0.8999999762
35758  -31.991  -40.055  38.220 0.8999999762
35759  -32.863  -39.865  38.321 0.8999999762
35783  -28.358  -40.102  36.658 0.8000000119
99003  -29.099  -40.018  36.858 0.8000000119
35784  -29.963  -39.497  37.041 0.8000000119
36633  -30.902  -39.230  37.290 0.8999999762
36634  -31.619  -39.086  37.416 0.8999999762
36641  -28.859  -39.055  36.433 0.8000000119
106931  -33.597  -37.370  50.647 0.2000000030
35574  -34.348  -37.390  50.217 0.2000000030
36424  -35.307  -36.999  50.396 0.2000000030
94809  -32.215  -39.161  48.926 0.1000000015
35573  -33.209  -38.452  49.657 0.1000000015
35589  -33.841  -39.040  48.814 0.1000000015
35563  -35.698  -37.240  50.434 0.2000000030
34706  -35.969  -39.077  50.135 0.5000000000
34721  -36.809  -39.330  49.468 0.4000000060
100772  -36.964  -41.156  48.528 0.6999999881
33938  -37.069  -42.789  47.829 0.6999999881
33208  -37.148  -44.239  47.479 0.6999999881
32452  -37.446  -44.639  45.737 1.0000000000
32438  -37.354  -44.918  46.624 0.8999999762
31672  -37.182  -44.757  44.378 1.0000000000
32468  -37.538  -44.403  44.726 1.0000000000
32503  -37.387  -44.206  42.864 1.0000000000
112490  -37.880  -43.719  43.506 0.8999999762
32512  -37.329  -43.945  42.132 1.0000000000
33272  -37.746  -43.697  42.835 0.8999999762
33314  -36.476  -42.757  40.133 1.0000000000
33292  -37.094  -43.523  41.262 1.0000000000
34077  -34.776  -41.260  39.478 1.0000000000
34078  -35.787  -41.787  38.969 1.0000000000
34088  -35.147  -40.847  38.448 0.8999999762
34914  -33.389  -40.236  38.601 0.8999999762
34933  -35.000  -40.304  37.536 0.8999999762
35776  -32.827  -39.282  37.722 0.8999999762
35777  -33.829  -39.186  37.035 0.8999999762
35761  -34.318  -39.754  37.519 0.8999999762
110093  -29.467  -39.056  36.631 0.8000000119
109889  -29.982  -38.540  36.593 0.8999999762
36635  -32.326  -38.758  37.243 0.8999999762
36636  -33.057  -38.717  36.986 0.8999999762
102723  -30.702  -38.467  36.719 0.8999999762
37484  -31.227  -37.715  36.085 0.8999999762
98151  -29.983  -37.417  35.719 0.8000000119
35562  -34.859  -36.962  50.722 0.2000000030
35575  -35.347  -36.931  50.122 0.1000000015
34707  -36.553  -37.274  50.133 0.1000000015
34722  -37.507  -39.588  48.871 0.3000000119
33939  -37.597  -41.160  47.854 0.4000000060
33962  -37.579  -42.552  47.103 0.8000000119
33217  -37.748  -42.747  46.319 0.6000000238
34002  -38.455  -41.735  45.517 0.6000000238
33239  -37.858  -43.536  45.109 0.8999999762
101897  -38.229  -42.510  45.117 0.8000000119
34024  -38.119  -43.048  43.540 0.8000000119
34025  -38.408  -41.994  44.100 0.8000000119
110145  -37.976  -42.926  42.666 0.8999999762
33316  -37.302  -42.958  40.869 0.8999999762
95355  -37.617  -43.194  41.813 0.8999999762
108442  -36.914  -42.699  39.689 1.0000000000
34079  -37.022  -42.432  38.920 1.0000000000
97963  -36.569  -42.136  38.630 0.8999999762
34934  -35.652  -41.007  37.469 0.8999999762
35786  -34.819  -39.940  36.517 0.8999999762
36643  -32.642  -38.374  36.411 0.8999999762
36644  -33.477  -38.761  36.127 0.8999999762
36651  -32.123  -37.896  35.768 0.8999999762
38370  -28.488  -36.733  34.746 0.6999999881
37502  -29.977  -36.945  34.998 0.6999999881
37491  -30.671  -37.366  35.460 0.8000000119
37492  -31.512  -37.563  35.124 0.8999999762
38371  -29.316  -36.678  34.331 0.8999999762
38372  -30.199  -36.949  33.915 0.8000000119
37503  -30.863  -37.276  34.494 0.8999999762
93670  -37.239  -37.908  49.683 0.1000000015
107519  -38.120  -39.733  48.279 0.3000000119
96857  -38.408  -38.517  48.753 0.2000000030
33963  -38.199  -40.907  47.310 0.5000000000
35606  -39.361  -39.633  47.219 0.2000000030
34755  -38.817  -40.914  46.217 0.5000000000
34756  -39.622  -40.261  46.056 0.5000000000
34014  -38.561  -41.828  44.873 0.6999999881
34828  -38.623  -41.101  43.718 0.8000000119
34807  -38.953  -41.104  44.552 0.6999999881
34847  -37.891  -42.102  42.164 0.8999999762
34048  -37.678  -42.281  41.065 0.8999999762
34867  -37.955  -40.919  41.589 0.8999999762
34064  -37.326  -42.359  39.899 1.0000000000
34882  -37.846  -41.294  40.410 1.0000000000
34090  -36.945  -42.064  38.000 0.8999999762
34091  -37.327  -41.809  37.983 0.8999999762
34080  -37.399  -42.015  38.806 1.0000000000
34101  -36.745  -41.744  37.182 0.8999999762
34100  -36.252  -41.409  36.763 0.8999999762
97772  -35.578  -40.855  36.522 0.8999999762
34948  -36.103  -41.252  35.788 0.8999999762
35785  -34.304  -39.467  35.736 0.8999999762
36652  -33.032  -38.578  35.103 0.8999999762
36653  -33.827  -39.222  34.900 0.8999999762
37493  -32.350  -38.139  34.482 0.8999999762
111521  -33.571  -38.931  34.365 0.8999999762
37504  -31.696  -37.882  33.834 0.8999999762
38384  -28.523  -36.459  33.762 0.6999999881
37515  -31.082  -37.596  33.256 0.8999999762
38402  -28.972  -36.506  32.686 0.8000000119
38386  -30.449  -37.233  32.733 0.8000000119
35576  -36.149  -36.811  49.948 0.1000000015
35623  -40.266  -39.797  45.636 0.4000000060
35641  -40.172  -39.885  44.618 0.5000000000
34829  -39.447  -40.429  44.151 0.6000000238
35662  -38.997  -40.137  43.155 0.8999999762
34901  -37.777  -41.360  39.356 1.0000000000
34102  -37.157  -41.783  37.099 0.8999999762
34118  -36.701  -41.514  36.382 0.8999999762
34949  -36.530  -41.198  35.729 0.8999999762
34947  -35.563  -40.674  35.454 0.8999999762
35799  -35.291  -40.245  35.001 0.8999999762
101481  -34.992  -40.117  35.303 0.8999999762
35798  -34.644  -39.674  34.851 0.8999999762
35814  -33.968  -39.092  34.298 0.8999999762
36662  -32.448  -38.333  33.316 0.8999999762
36663  -33.128  -38.718  33.877 0.8999999762
37526  -31.339  -37.646  32.297 0.8999999762
37516  -31.869  -38.139  32.733 0.8999999762
105579  -28.299  -36.225  31.934 0.8000000119
113357  -29.830  -36.902  32.360 0.8000000119
38403  -29.555  -36.680  31.716 0.8999999762
107482  -27.669  -35.936  31.359 0.6999999881
38421  -28.430  -36.049  30.920 0.6999999881
39408  -27.521  -35.625  30.270 0.5000000000
35663  -39.904  -39.676  43.735 0.6000000238
35703  -38.592  -39.889  41.403 0.8999999762
106083  -39.616  -39.303  42.925 0.8999999762
101420  -38.210  -40.443  39.858 0.8999999762
35722  -38.976  -39.626  40.498 0.8999999762
34935  -37.828  -41.291  37.308 0.8999999762
34950  -37.294  -41.370  36.334 0.8999999762
34951  -37.996  -40.857  36.740 0.8999999762
34964  -35.901  -40.874  35.190 0.8999999762
34966  -37.026  -41.092  35.750 0.8999999762
35815  -34.780  -39.635  34.649 0.8999999762
36678  -33.322  -38.579  33.708 0.8999999762
36677  -32.862  -38.401  33.264 0.8999999762
37517  -32.396  -38.170  32.813 0.8999999762
38404  -30.547  -37.139  31.786 0.8000000119
38422  -29.255  -36.388  31.024 0.8000000119
38423  -30.089  -36.625  31.163 0.6999999881
39409  -28.329  -35.726  30.313 0.6999999881
36524  -40.022  -38.666  42.146 0.8000000119
35723  -39.891  -38.943  40.058 0.8999999762
110064  -38.915  -39.917  37.953 0.8999999762
35788  -38.365  -40.067  36.853 0.8999999762
35802  -37.029  -40.334  35.734 0.8999999762
97305  -37.646  -40.650  36.255 0.8999999762
35801  -36.236  -40.173  35.101 0.8999999762
35816  -35.707  -39.502  34.839 0.8999999762
36665  -35.078  -39.306  34.538 0.8999999762
36664  -34.190  -38.861  34.164 0.8999999762
103612  -33.541  -38.167  33.539 0.8999999762
37528  -32.440  -37.840  32.544 0.8999999762
37527  -31.951  -37.908  32.211 0.8999999762
38387  -33.192  -37.365  33.034 0.8000000119
37533  -31.401  -37.341  31.840 0.8999999762
105638  -31.405  -36.807  31.653 0.8000000119
38424  -30.810  -36.796  31.396 0.6999999881
39399  -31.067  -36.076  31.347 0.8000000119
38437  -29.066  -36.044  30.403 0.6999999881
38438  -29.662  -36.200  30.723 0.6999999881
38439  -30.270  -36.101  30.901 0.6999999881
102895  -28.161  -35.449  29.687 0.4000000060
108494  -28.881  -35.558  29.858 0.6000000238
39410  -29.532  -35.534  30.278 0.6999999881
40431  -29.129  -34.983  29.589 0.6999999881
39423  -28.628  -35.182  29.396 0.5000000000
113106  -29.188  -34.249  29.331 0.5000000000
40440  -28.239  -34.443  28.421 0.5000000000
40449  -27.695  -34.137  27.659 0.3000000119
36546  -41.027  -38.158  41.569 0.8000000119
35747  -39.862  -39.012  39.063 0.8000000119
35763  -39.336  -39.269  38.356 0.8999999762
35748  -40.387  -38.541  39.198 0.8999999762
36638  -39.316  -38.763  37.941 0.8999999762
36617  -39.924  -38.733  38.751 0.8999999762
36656  -36.972  -39.167  35.759 0.8999999762
35787  -37.792  -39.416  36.408 0.8999999762
36655  -36.280  -38.825  35.258 0.8999999762
36645  -37.481  -38.382  36.289 0.8999999762
39349  -38.885  -35.566  37.590 0.8999999762
40362  -39.233  -34.040  37.734 0.8999999762
36654  -35.641  -38.467  34.848 0.8999999762
39357  -38.163  -35.438  37.137 0.8000000119
40361  -38.553  -34.544  37.356 0.8000000119
37506  -34.988  -38.208  34.393 0.8999999762
39356  -37.505  -35.303  36.598 0.8000000119
98628  -37.886  -34.652  36.870 0.8000000119
37505  -34.358  -37.749  34.030 0.8999999762
39361  -36.792  -35.327  36.092 0.8000000119
112250  -37.526  -34.676  36.591 0.8000000119
40370  -37.563  -34.144  36.549 0.8000000119
40371  -38.087  -33.851  36.885 0.8000000119
39360  -36.171  -35.386  35.440 0.8000000119
39362  -37.146  -34.595  36.316 0.8000000119
40375  -37.098  -33.777  36.132 0.8000000119
38405  -32.039  -37.225  31.978 0.8000000119
38406  -32.689  -36.944  32.588 0.8000000119
99270  -36.506  -34.404  35.704 0.8000000119
41267  -36.631  -33.381  35.546 0.6999999881
39398  -30.779  -35.297  31.082 0.6999999881
40384  -35.951  -33.785  35.129 0.8000000119
41276  -36.166  -32.942  34.915 0.6999999881
40419  -30.276  -34.920  30.628 0.6999999881
41275  -35.485  -33.369  34.478 0.6999999881
40432  -29.742  -34.305  29.949 0.5000000000
41283  -35.029  -33.042  33.777 0.6999999881
42172  -35.615  -32.553  34.306 0.6999999881
41335  -28.162  -33.340  27.456 0.4000000060
41340  -27.531  -33.600  26.808 0.3000000119
41350  -27.548  -33.488  25.980 0.3000000119
105280  -30.210  -34.076  23.898 0.3000000119
41365  -30.462  -33.269  24.381 0.3000000119
40482  -31.792  -33.956  24.120 0.3000000119
40483  -32.681  -34.200  24.265 0.3000000119
108614  -40.649  -38.465  40.196 0.6999999881
43121  -44.271  -31.121  40.338 0.3000000119
36618  -40.501  -38.321  39.040 0.8999999762
42080  -43.427  -32.090  40.057 0.5000000000
36637  -38.835  -38.104  37.366 0.8999999762
40315  -41.283  -34.355  39.446 0.6999999881
41210  -41.753  -33.526  39.529 0.6999999881
41227  -41.536  -32.561  39.066 0.6999999881
36646  -38.145  -38.235  36.782 0.8999999762
37473  -39.594  -37.354  38.148 0.8999999762
39328  -39.614  -35.736  38.239 0.8999999762
40339  -40.530  -34.268  38.822 0.8000000119
41209  -41.061  -33.540  39.163 0.8999999762
42097  -42.508  -32.060  39.412 0.5000000000
96922  -43.157  -31.172  39.559 0.4000000060
37496  -36.878  -38.010  35.883 0.8999999762
37485  -38.314  -37.247  37.068 0.8999999762
38351  -39.247  -36.493  37.825 0.8999999762
101488  -39.208  -34.892  37.806 0.8999999762
41225  -39.858  -33.640  38.212 0.8999999762
42112  -39.970  -32.732  38.060 0.8999999762
37495  -36.226  -37.711  35.359 0.8999999762
38363  -36.736  -37.017  35.905 0.8999999762
112941  -37.518  -37.314  36.462 0.8999999762
38358  -37.851  -36.289  36.838 0.8999999762
41248  -39.342  -33.135  37.622 0.8000000119
37494  -35.631  -37.284  34.870 0.8999999762
105786  -36.230  -36.855  35.395 0.8999999762
38357  -37.133  -36.207  36.324 0.8000000119
41247  -38.684  -33.508  37.269 0.8000000119
38388  -33.941  -37.052  33.650 0.8000000119
100901  -35.010  -37.241  34.399 0.8000000119
38373  -34.640  -36.683  34.128 0.8000000119
38374  -35.323  -36.421  34.598 0.8000000119
38361  -35.897  -36.248  35.170 0.8000000119
41260  -37.676  -33.356  36.421 0.8000000119
41261  -38.259  -33.010  36.737 0.8000000119
39376  -33.704  -36.384  33.342 0.8000000119
39366  -34.945  -35.762  34.235 0.8000000119
39367  -35.547  -35.519  34.814 0.8000000119
42145  -37.834  -32.560  36.232 0.6999999881
39386  -33.231  -36.200  32.901 0.8000000119
40374  -35.752  -34.645  35.069 0.8000000119
41268  -37.251  -32.937  35.901 0.6999999881
99181  -31.877  -35.818  31.933 0.8000000119
40399  -32.654  -35.222  32.194 0.8000000119
40390  -34.471  -34.548  33.540 0.6999999881
40383  -35.095  -34.797  34.304 0.6999999881
99745  -35.412  -34.083  34.620 0.6999999881
42173  -36.327  -32.158  34.711 0.6999999881
42157  -36.809  -32.533  35.324 0.6999999881
40409  -31.462  -34.990  31.471 0.6999999881
40391  -34.917  -33.877  34.031 0.6999999881
41310  -30.596  -33.869  30.428 0.5000000000
41282  -34.457  -33.632  33.180 0.6999999881
42183  -35.113  -32.235  33.629 0.6999999881
42223  -28.705  -33.083  28.109 0.4000000060
41320  -29.509  -33.517  29.314 0.5000000000
42182  -34.607  -32.774  33.070 0.6999999881
41328  -28.848  -33.788  28.736 0.4000000060
41341  -28.164  -32.932  26.601 0.3000000119
41351  -28.259  -33.123  25.636 0.3000000119
41363  -28.514  -33.480  24.784 0.3000000119
41352  -29.073  -32.901  25.223 0.3000000119
44921  -36.782  -29.437  26.664 0.3000000119
41364  -29.457  -33.482  24.400 0.3000000119
40481  -31.001  -33.771  24.074 0.3000000119
42263  -32.006  -32.550  24.591 0.3000000119
42264  -33.479  -32.587  24.496 0.3000000119
43290  -33.560  -31.536  24.644 0.3000000119
43983  -44.377  -30.187  40.294 0.3000000119
98800  -39.348  -37.957  37.861 0.8999999762
43982  -43.264  -30.066  39.534 0.3000000119
38341  -39.829  -36.710  38.360 0.8999999762
39329  -40.349  -35.408  38.753 0.8999999762
43120  -42.154  -31.670  39.067 0.6000000238
43994  -42.246  -30.892  38.934 0.6000000238
44769  -43.169  -28.837  39.792 0.4000000060
42113  -40.695  -32.252  38.427 0.8000000119
43139  -41.441  -31.617  38.649 0.6999999881
42134  -39.461  -32.337  37.510 0.8000000119
42133  -38.835  -32.662  37.124 0.8000000119
43154  -38.989  -31.912  37.020 0.8000000119
39377  -34.309  -36.068  33.721 0.8000000119
42146  -38.416  -32.232  36.585 0.8000000119
39387  -33.910  -35.422  33.242 0.8000000119
40382  -34.568  -35.284  33.812 0.8000000119
42158  -37.417  -32.161  35.668 0.6999999881
102219  -32.340  -34.716  31.750 0.6999999881
40400  -33.265  -35.268  32.578 0.8000000119
40420  -31.058  -34.427  30.944 0.6999999881
40410  -33.234  -34.434  31.931 0.6999999881
40401  -33.875  -34.405  32.689 0.6999999881
43172  -36.916  -31.850  35.168 0.6999999881
41312  -32.482  -33.603  30.789 0.6000000238
41290  -33.714  -33.920  32.012 0.6999999881
41291  -34.025  -33.695  32.461 0.6999999881
43186  -35.665  -31.699  34.210 0.6999999881
43187  -36.352  -31.494  34.770 0.6999999881
41321  -30.238  -33.273  29.773 0.5000000000
41322  -31.132  -33.100  30.119 0.5000000000
42205  -33.006  -33.295  30.374 0.6999999881
41313  -33.378  -33.495  30.773 0.6999999881
41301  -33.948  -33.377  31.876 0.6999999881
42189  -34.274  -32.729  32.336 0.6999999881
43201  -34.589  -31.972  32.942 0.6999999881
43202  -35.020  -31.550  33.586 0.6999999881
41329  -29.298  -32.924  28.706 0.4000000060
42215  -29.904  -32.805  29.202 0.4000000060
42224  -29.883  -32.246  28.644 0.5000000000
107138  -30.854  -32.367  29.374 0.5000000000
103162  -32.832  -32.901  29.987 0.6999999881
42206  -33.812  -33.113  30.260 0.6999999881
42207  -34.209  -32.987  30.513 0.6999999881
42197  -34.150  -32.992  31.426 0.6999999881
43209  -34.130  -32.014  32.055 0.6999999881
44072  -34.298  -31.238  32.793 0.6999999881
42230  -28.637  -32.617  27.399 0.4000000060
99071  -29.192  -32.363  28.035 0.4000000060
42217  -34.476  -32.641  29.863 0.6000000238
43218  -34.209  -32.625  31.126 0.6999999881
43225  -34.049  -31.845  31.317 0.6999999881
44071  -33.704  -30.905  32.169 0.6999999881
42237  -28.742  -32.352  26.790 0.4000000060
42231  -29.171  -32.011  27.288 0.4000000060
43251  -29.837  -31.685  27.893 0.4000000060
43226  -34.605  -32.479  30.210 0.6000000238
44086  -34.087  -31.214  30.740 0.6999999881
42244  -28.769  -32.521  26.087 0.3000000119
43267  -30.034  -31.781  26.157 0.4000000060
43235  -35.173  -32.137  29.357 0.6000000238
44087  -35.131  -31.879  29.821 0.6000000238
42245  -29.563  -32.319  25.698 0.3000000119
42246  -30.355  -32.144  25.369 0.3000000119
43268  -30.762  -31.587  25.770 0.3000000119
44138  -31.843  -30.730  26.019 0.4000000060
44139  -32.716  -30.481  25.690 0.3000000119
44140  -33.547  -30.246  25.415 0.3000000119
99266  -37.595  -29.334  27.066 0.3000000119
42260  -29.947  -32.740  24.914 0.3000000119
42261  -30.753  -32.556  24.754 0.3000000119
43288  -31.763  -31.843  24.885 0.3000000119
43270  -32.207  -31.147  25.211 0.3000000119
43271  -33.047  -30.914  24.939 0.3000000119
44918  -34.190  -29.679  26.017 0.3000000119
44919  -35.040  -29.534  26.154 0.3000000119
44906  -37.220  -30.008  27.973 0.3000000119
44897  -37.755  -29.761  29.141 0.3000000119
42262  -31.376  -32.382  24.714 0.3000000119
44159  -33.883  -30.732  24.827 0.3000000119
44890  -38.149  -29.129  29.736 0.3000000119
45616  -38.857  -28.818  29.948 0.3000000119
44760  -45.010  -28.473  41.220 0.4000000060
45525  -44.398  -28.006  40.813 0.4000000060
44788  -42.197  -29.946  38.915 0.6999999881
100943  -42.538  -28.095  39.878 0.4000000060
43138  -40.678  -31.442  38.224 0.6999999881
43156  -40.099  -31.315  37.841 0.6999999881
104833  -40.428  -29.726  38.197 0.6999999881
45542  -40.803  -28.850  38.704 0.5000000000
44786  -39.864  -29.177  38.111 0.6000000238
43155  -39.574  -31.601  37.474 0.8000000119
44004  -39.720  -30.814  37.594 0.6999999881
44805  -39.871  -30.022  37.803 0.5000000000
108195  -39.157  -29.149  37.708 0.4000000060
45551  -38.654  -28.380  37.753 0.6999999881
43164  -38.488  -31.443  36.604 0.6999999881
44019  -37.899  -30.945  36.238 0.6999999881
43173  -37.329  -31.356  35.638 0.6999999881
43163  -37.949  -31.794  36.095 0.6999999881
44044  -35.773  -30.867  34.567 0.6999999881
44045  -36.391  -30.993  34.980 0.6999999881
44043  -34.991  -30.448  34.260 0.6999999881
42216  -31.790  -32.684  29.911 0.6000000238
44059  -33.933  -30.494  33.060 0.6999999881
44060  -34.674  -30.897  33.521 0.6999999881
43233  -33.679  -32.650  29.655 0.6999999881
43244  -31.567  -31.646  28.818 0.5000000000
43245  -32.942  -31.829  28.996 0.5000000000
44080  -33.465  -30.722  31.372 0.6999999881
43259  -29.806  -31.574  27.009 0.4000000060
43252  -30.420  -31.327  27.517 0.4000000060
113108  -30.421  -31.403  28.037 0.4000000060
44100  -32.112  -31.084  28.280 0.4000000060
43234  -34.439  -32.251  29.228 0.5000000000
43253  -31.029  -31.151  28.088 0.4000000060
98859  -31.905  -30.605  26.865 0.4000000060
44112  -32.447  -30.571  27.564 0.4000000060
44101  -33.535  -31.206  28.358 0.4000000060
43246  -35.104  -31.946  28.831 0.4000000060
44092  -35.642  -31.909  29.201 0.5000000000
44879  -34.436  -30.818  30.321 0.6000000238
43260  -30.622  -31.320  26.636 0.4000000060
44123  -31.323  -30.910  26.722 0.4000000060
44125  -33.338  -29.986  26.335 0.3000000119
97508  -34.468  -30.832  28.064 0.3000000119
44103  -36.049  -31.652  28.979 0.3000000119
44886  -35.358  -31.028  29.759 0.5000000000
108900  -34.750  -29.763  26.762 0.3000000119
44904  -35.531  -29.882  27.139 0.3000000119
110153  -36.519  -30.957  29.068 0.3000000119
44896  -37.035  -30.451  29.001 0.3000000119
44888  -36.596  -29.930  29.413 0.3000000119
44889  -37.424  -29.488  29.496 0.3000000119
45615  -37.584  -28.339  29.938 0.3000000119
46360  -37.891  -27.376  30.077 0.3000000119
46358  -36.000  -27.721  29.387 0.3000000119
46378  -37.207  -27.043  29.530 0.3000000119
104265  -37.885  -26.803  29.321 0.3000000119
93957  -36.888  -26.807  28.585 0.3000000119
95959  -37.023  -26.625  27.485 0.3000000119
44003  -39.082  -31.102  37.115 0.6000000238
44804  -39.159  -30.097  37.427 0.6000000238
44803  -38.354  -29.325  37.227 0.6999999881
45540  -38.854  -27.884  38.368 0.4000000060
44020  -38.457  -30.494  36.858 0.6000000238
44802  -37.483  -28.886  36.866 0.6999999881
45550  -37.887  -28.262  37.376 0.6999999881
45558  -37.231  -27.920  37.053 0.6000000238
44018  -37.185  -30.425  35.994 0.6000000238
44033  -36.734  -30.761  35.431 0.6999999881
95791  -36.464  -29.969  35.751 0.6999999881
44839  -35.378  -30.045  34.886 0.6999999881
44032  -36.072  -30.392  35.189 0.6000000238
44850  -34.229  -30.104  33.862 0.6999999881
44873  -32.552  -29.373  31.770 0.6999999881
113393  -33.311  -30.126  32.652 0.6999999881
44079  -32.946  -29.979  31.233 0.6999999881
44862  -32.978  -30.110  31.953 0.6999999881
44878  -33.359  -30.023  30.654 0.6999999881
44885  -33.959  -29.664  29.972 0.6000000238
44887  -35.861  -30.395  29.493 0.3000000119
102926  -34.907  -29.701  29.673 0.5000000000
45613  -35.426  -28.810  29.491 0.3000000119
45614  -36.672  -28.658  29.626 0.3000000119
46376  -35.420  -27.199  28.862 0.3000000119
47119  -35.772  -26.878  28.275 0.3000000119
47136  -36.080  -26.652  27.421 0.3000000119
44820  -37.722  -29.940  36.588 0.6999999881
44819  -36.932  -29.470  36.342 0.6999999881
44831  -36.171  -29.068  36.041 0.8000000119
45557  -36.725  -28.387  36.576 0.6999999881
46297  -36.357  -27.430  36.661 0.6999999881
44830  -35.737  -29.595  35.479 0.6000000238
45566  -35.401  -28.659  35.665 0.8999999762
99992  -35.566  -27.696  36.058 0.8999999762
47052  -35.629  -26.217  36.302 0.8000000119
46307  -35.876  -26.734  36.566 0.6000000238
44838  -34.583  -29.564  34.613 0.6999999881
45565  -34.624  -28.737  35.120 0.8000000119
103839  -34.831  -27.928  35.457 0.8999999762
46306  -35.204  -27.092  35.794 0.8999999762
108953  -34.059  -28.853  34.644 0.6999999881
45571  -34.012  -28.078  34.867 0.8999999762
46313  -33.787  -27.315  34.544 0.8999999762
105217  -33.446  -29.766  33.385 0.6999999881
44849  -33.025  -29.009  33.663 0.6999999881
45570  -33.472  -28.561  34.285 0.6999999881
104459  -33.385  -27.919  34.351 0.8000000119
45589  -32.319  -28.606  32.444 0.6999999881
44861  -32.766  -29.419  32.753 0.6999999881
45581  -32.583  -28.600  33.218 0.6999999881
45582  -32.870  -28.216  33.839 0.6999999881
45605  -32.862  -29.039  30.267 0.6999999881
44877  -32.602  -29.281  30.952 0.6999999881
45598  -32.188  -28.618  31.507 0.6999999881
45597  -31.820  -27.945  31.145 0.6999999881
45611  -33.175  -28.576  29.655 0.5000000000
45612  -34.203  -28.746  29.524 0.5000000000
112441  -34.549  -28.069  29.276 0.4000000060
47118  -34.655  -26.947  28.010 0.3000000119
47135  -35.049  -26.584  27.252 0.4000000060
47156  -35.471  -26.240  26.535 0.4000000060
47044  -36.135  -25.715  37.547 0.6999999881
109765  -34.997  -26.598  35.469 1.0000000000
47866  -36.088  -25.292  37.198 0.6999999881
47060  -34.421  -26.476  34.747 0.8999999762
47051  -35.331  -25.865  35.633 0.8999999762
47875  -35.753  -24.993  35.902 0.8999999762
46321  -33.087  -27.444  33.986 0.8000000119
47874  -34.846  -25.561  34.656 1.0000000000
48657  -36.335  -24.466  36.478 0.8999999762
46320  -32.441  -27.691  33.135 0.6999999881
108691  -32.918  -26.935  33.587 0.6999999881
47059  -33.569  -26.713  34.045 0.8999999762
47873  -34.081  -25.947  33.964 0.8999999762
47068  -32.603  -26.809  33.046 0.6999999881
46325  -31.793  -27.296  31.449 0.6999999881
102354  -32.191  -27.080  32.352 0.6999999881
45610  -32.323  -28.243  29.989 0.6000000238
45603  -31.870  -27.910  30.457 0.6999999881
46334  -31.652  -27.376  30.609 0.6999999881
46355  -32.549  -27.708  29.312 0.6000000238
46341  -31.795  -27.458  29.808 0.6000000238
46356  -33.620  -27.968  29.211 0.5000000000
46373  -32.321  -27.027  28.828 0.4000000060
46375  -34.313  -27.470  28.773 0.4000000060
47116  -32.765  -26.613  28.231 0.4000000060
47134  -34.046  -26.383  27.288 0.4000000060
47154  -33.747  -25.758  26.944 0.4000000060
47975  -34.694  -25.113  25.979 0.4000000060
47976  -35.163  -25.644  26.048 0.4000000060
47882  -34.468  -25.229  33.750 1.0000000000
48670  -35.886  -24.436  34.954 0.8999999762
49421  -36.457  -24.037  35.623 0.6999999881
47881  -33.271  -26.189  33.352 0.8999999762
104668  -33.877  -25.534  33.340 0.8999999762
48679  -35.466  -24.228  33.790 1.0000000000
49435  -36.685  -23.479  34.767 0.8999999762
47888  -32.656  -26.232  32.545 0.6999999881
47889  -33.392  -25.444  32.628 0.8999999762
48677  -34.127  -24.950  33.006 0.8999999762
48689  -34.502  -24.372  32.558 1.0000000000
49446  -35.769  -23.631  33.294 1.0000000000
49447  -36.396  -23.284  33.685 0.8999999762
47075  -32.132  -26.500  31.706 0.6999999881
97081  -32.659  -25.687  31.854 0.6999999881
110499  -33.695  -24.635  31.763 0.8000000119
49458  -35.550  -23.432  32.426 1.0000000000
50186  -36.779  -22.781  33.157 0.8999999762
47095  -31.555  -26.836  30.036 0.6999999881
47896  -32.071  -25.972  31.052 0.6999999881
106320  -33.407  -24.586  31.157 0.8000000119
49467  -34.627  -23.602  31.172 1.0000000000
49468  -35.344  -23.249  31.546 1.0000000000
50197  -36.581  -22.628  32.393 0.8000000119
50198  -37.161  -22.344  32.655 0.8000000119
46354  -31.789  -26.764  29.241 0.6000000238
47931  -31.701  -26.218  29.593 0.6000000238
48711  -32.567  -24.897  29.683 0.6999999881
48712  -33.235  -24.370  30.209 0.8000000119
49475  -34.422  -23.419  30.250 0.8000000119
49476  -35.133  -23.061  30.653 1.0000000000
50208  -36.404  -22.410  31.368 1.0000000000
102576  -36.478  -22.522  31.899 1.0000000000
108034  -31.808  -26.111  28.921 0.5000000000
47932  -32.026  -25.557  29.197 0.6000000238
48727  -32.465  -24.961  28.748 0.5000000000
49484  -33.698  -23.809  29.777 0.8000000119
50218  -34.924  -22.883  29.750 0.8999999762
97323  -35.607  -22.484  30.147 1.0000000000
50220  -36.286  -22.200  30.533 1.0000000000
47132  -32.579  -26.084  28.020 0.4000000060
47956  -32.784  -25.540  27.688 0.5000000000
49506  -33.451  -23.961  27.786 0.5000000000
49496  -34.032  -23.298  28.281 0.6999999881
50237  -34.721  -22.780  28.800 0.8000000119
102033  -35.436  -22.385  29.259 0.8000000119
48751  -33.089  -24.754  27.419 0.5000000000
49507  -33.990  -23.499  27.288 0.6000000238
50262  -34.573  -23.059  26.801 0.6000000238
50252  -35.216  -22.415  27.368 0.6000000238
47957  -33.373  -25.357  27.101 0.4000000060
48765  -33.712  -24.682  26.726 0.4000000060
49533  -34.664  -24.022  25.800 0.6000000238
50263  -35.242  -22.640  26.406 0.6000000238
48766  -34.370  -24.564  26.144 0.4000000060
50163  -37.360  -23.179  35.296 0.6999999881
50175  -36.991  -22.866  34.073 0.8999999762
50187  -37.420  -22.437  33.408 0.6999999881
50969  -36.892  -21.964  30.965 0.8999999762
50957  -36.935  -22.216  31.847 0.8000000119
50987  -35.877  -22.018  28.825 0.6999999881
50227  -36.186  -21.980  29.598 0.8000000119
97241  -36.838  -21.770  30.132 0.8999999762
51004  -35.992  -21.926  28.002 0.6000000238
50988  -36.504  -21.724  28.817 0.8000000119
49534  -35.229  -23.738  25.373 0.5000000000
51015  -35.841  -22.011  26.976 0.6000000238
49535  -35.827  -23.364  24.886 0.5000000000
51016  -36.607  -21.723  26.698 0.5000000000
50177  -38.153  -22.709  35.325 0.6000000238
50164  -37.716  -23.214  36.527 0.6000000238
50176  -37.780  -22.548  34.272 0.6999999881
50923  -38.179  -22.042  33.475 0.6999999881
50924  -38.681  -22.123  34.364 0.6999999881
104199  -37.700  -22.079  32.884 0.8000000119
50958  -37.499  -21.750  31.394 0.8999999762
50945  -38.129  -21.530  31.822 0.6999999881
50959  -38.067  -21.385  31.017 0.8999999762
51708  -38.627  -21.248  31.450 0.8000000119
50989  -37.360  -21.493  28.854 0.8000000119
50978  -37.449  -21.499  29.752 0.8000000119
105511  -36.442  -21.728  27.463 0.6999999881
51006  -37.560  -21.489  27.929 0.8000000119
108952  -36.986  -21.563  27.447 0.6000000238
101528  -37.530  -21.490  26.929 0.6000000238
50271  -36.868  -22.130  24.935 0.5000000000
51021  -37.635  -21.593  25.781 0.5000000000
51022  -38.287  -21.474  25.189 0.5000000000
51023  -39.186  -21.233  25.113 0.5000000000
51031  -38.995  -21.198  24.204 0.4000000060
50912  -38.940  -22.376  35.567 0.6000000238
50925  -39.687  -21.816  34.748 0.6000000238
113131  -38.726  -21.847  33.674 0.6999999881
50934  -39.250  -21.642  33.761 0.6999999881
50933  -38.782  -21.626  33.136 0.6999999881
51674  -39.483  -21.302  33.002 0.6999999881
51659  -40.144  -21.283  33.700 0.6999999881
51691  -38.889  -21.306  32.261 0.6999999881
51692  -39.723  -20.975  32.294 0.8000000119
109667  -40.102  -21.008  32.887 0.6999999881
51722  -38.735  -21.132  30.754 0.8999999762
51710  -40.150  -20.661  31.088 0.6999999881
50979  -38.152  -21.321  29.387 0.8000000119
51734  -38.838  -21.112  29.932 0.6999999881
51723  -39.503  -20.901  30.521 0.6999999881
51724  -40.296  -20.696  30.239 0.6999999881
51745  -38.984  -21.191  29.077 0.6999999881
51736  -40.494  -20.785  29.354 0.6000000238
51007  -38.390  -21.410  27.598 0.6000000238
51008  -39.307  -21.371  27.275 0.6000000238
51766  -40.061  -21.266  27.848 0.6000000238
51017  -38.506  -21.416  26.663 0.6000000238
51767  -40.946  -21.194  27.538 0.5000000000
109107  -38.724  -21.439  25.858 0.5000000000
96331  -40.005  -21.272  25.976 0.5000000000
112165  -40.599  -21.237  26.371 0.5000000000
51781  -40.125  -20.951  25.261 0.4000000060
51782  -40.726  -20.552  24.997 0.4000000060
51792  -41.262  -20.109  24.697 0.4000000060
50158  -38.991  -22.689  36.919 0.6000000238
50913  -39.693  -22.244  36.041 0.6000000238
50904  -40.440  -22.204  36.640 0.6000000238
108201  -40.495  -21.890  35.506 0.6999999881
50926  -40.701  -21.497  34.598 0.6999999881
51646  -41.505  -21.329  34.621 0.6999999881
95131  -41.126  -21.081  33.893 0.6999999881
51676  -41.608  -20.649  33.262 0.6999999881
101885  -40.089  -20.719  31.781 0.6999999881
51694  -41.185  -20.486  32.474 0.6999999881
52572  -41.611  -20.203  31.892 0.6999999881
52585  -40.874  -20.400  30.815 0.6999999881
105484  -41.379  -20.252  31.270 0.6000000238
96557  -42.040  -20.100  31.301 0.6000000238
51725  -41.108  -20.492  29.972 0.6000000238
52587  -42.506  -20.096  30.569 0.6000000238
52588  -43.279  -19.812  30.836 0.6000000238
98307  -41.347  -20.644  29.062 0.6000000238
51737  -42.215  -20.569  28.738 0.6999999881
52599  -42.941  -20.296  29.310 0.6999999881
95021  -43.124  -20.022  30.085 0.6999999881
51768  -41.798  -21.025  27.245 0.6000000238
51748  -42.376  -20.692  27.828 0.6000000238
51749  -43.029  -20.485  27.549 0.6000000238
99088  -43.837  -20.097  28.736 0.6000000238
52614  -44.488  -19.784  28.072 0.6000000238
52635  -45.082  -19.352  27.633 0.6000000238
51776  -40.903  -20.975  25.892 0.4000000060
51777  -41.921  -20.796  26.334 0.4000000060
51770  -43.313  -20.382  27.105 0.6000000238
52633  -43.841  -20.099  26.884 0.6000000238
52613  -43.743  -20.227  27.677 0.6000000238
51784  -42.392  -20.314  25.790 0.5000000000
52642  -43.078  -20.074  26.022 0.6999999881
52643  -43.715  -19.859  26.290 0.6000000238
51783  -41.587  -20.482  25.492 0.4000000060
52647  -42.064  -19.954  25.116 0.4000000060
50905  -41.412  -22.096  37.550 0.6999999881
95335  -43.005  -21.887  38.112 0.6000000238
50915  -42.146  -21.753  36.344 0.6000000238
51647  -42.279  -21.376  35.288 0.6000000238
51660  -43.041  -20.998  35.080 0.6999999881
52519  -43.340  -20.551  34.435 0.6999999881
52542  -44.725  -20.143  34.955 0.6999999881
94388  -45.045  -19.664  34.035 0.6999999881
53355  -46.107  -19.176  33.931 0.6000000238
52541  -42.561  -20.407  33.422 0.6999999881
52558  -42.903  -20.057  32.700 0.6999999881
52559  -43.828  -19.743  32.795 0.6999999881
52560  -44.730  -19.459  32.771 0.6999999881
53368  -45.483  -19.289  32.372 0.6000000238
97570  -42.386  -19.979  31.997 0.6999999881
52574  -43.918  -19.547  32.038 0.6999999881
52575  -44.613  -19.398  31.902 0.6000000238
112033  -43.430  -19.701  31.506 0.6999999881
52576  -45.199  -19.354  31.184 0.6000000238
53381  -46.203  -19.151  31.723 0.6000000238
109312  -43.822  -19.754  30.253 0.6000000238
52589  -44.659  -19.547  30.297 0.6000000238
112168  -43.594  -19.987  29.579 0.6000000238
52600  -44.275  -19.749  29.511 0.6000000238
50887  -43.269  -21.505  40.720 0.4000000060
50896  -43.925  -21.663  39.846 0.5000000000
51637  -44.804  -21.256  37.549 0.6999999881
52590  -45.452  -19.396  30.249 0.6000000238
52601  -45.179  -19.474  29.394 0.6000000238
53369  -46.487  -18.989  32.973 0.6000000238
53392  -46.057  -19.229  29.728 0.6000000238
52648  -42.817  -19.770  25.433 0.4000000060
52649  -43.526  -19.582  25.694 0.6000000238
52634  -44.435  -19.769  27.257 0.6000000238
52645  -44.966  -19.286  26.925 0.6000000238
105096  -44.596  -19.707  28.810 0.6000000238
53419  -45.740  -19.036  28.032 0.6000000238
104068  -46.172  -18.687  27.749 0.6000000238
96247  -46.125  -19.220  30.667 0.6000000238
53420  -46.350  -18.714  28.409 0.6000000238
25610  -4.853  -51.908  49.567 0.1000000015
112754  -6.113  -51.013  46.644 0.1000000015
26544  -5.670  -51.508  47.852 0.1000000015
26531  -4.407  -51.114  49.143 0.1000000015
27487  -4.180  -50.106  47.970 0.1000000015
26553  -5.830  -50.482  46.281 0.1000000015
26562  -6.232  -50.250  45.497 0.1000000015
26575  -6.839  -50.397  44.936 0.1000000015
27521  -7.355  -49.686  43.639 0.1000000015
28411  -7.399  -48.570  42.710 0.1000000015
103877  -2.170  -44.295  52.134 0.3000000119
98201  -4.482  -49.424  46.768 0.1000000015
28388  -5.314  -49.086  45.396 0.1000000015
29246  -5.004  -47.451  44.680 0.3000000119
30080  -6.799  -46.336  42.167 0.2000000030
29276  -7.756  -47.456  41.491 0.2000000030
25771  -16.423  -51.348  37.669 0.2000000030
102743  -3.408  -46.024  47.635 0.2000000030
31622  -4.026  -44.972  48.373 0.3000000119
30058  -3.441  -46.471  46.942 0.2000000030
30842  -3.844  -45.739  47.036 0.2000000030
29239  -3.938  -47.069  45.458 0.3000000119
30843  -4.419  -45.292  46.527 0.2000000030
29240  -4.567  -47.737  45.232 0.3000000119
30847  -4.529  -45.540  45.703 0.3000000119
30064  -4.313  -46.308  45.274 0.3000000119
30067  -4.787  -46.451  44.608 0.3000000119
30073  -5.822  -46.066  43.393 0.3000000119
30852  -5.148  -45.493  44.598 0.3000000119
104698  -6.176  -46.807  43.232 0.3000000119
30089  -6.998  -45.675  41.822 0.3000000119
98008  -8.710  -45.936  40.203 0.3000000119
30881  -7.806  -45.019  40.865 0.3000000119
30113  -10.295  -46.408  39.590 0.1000000015
30132  -12.414  -46.379  38.912 0.1000000015
28499  -14.865  -47.968  36.944 0.1000000015
32367  -4.751  -43.814  53.188 0.3000000119
35520  -26.107  -39.628  53.544 0.4000000060
33148  -22.576  -43.281  52.242 0.6999999881
33113  -24.115  -42.175  53.774 0.8000000119
31642  -6.302  -44.285  46.047 0.4000000060
31668  -6.459  -44.411  44.449 0.4000000060
33886  -24.126  -42.882  51.662 0.8000000119
33905  -23.313  -42.111  50.272 0.8999999762
31676  -7.437  -44.143  43.266 0.4000000060
96538  -26.022  -42.030  50.434 1.0000000000
34713  -23.162  -41.025  48.283 0.8999999762
34729  -23.850  -40.589  47.418 0.8999999762
34717  -26.549  -41.356  48.882 1.0000000000
34716  -25.787  -41.055  48.583 1.0000000000
30889  -9.891  -45.612  39.589 0.3000000119
99074  -25.479  -40.737  47.834 1.0000000000
102859  -10.920  -45.125  39.061 0.1000000015
34749  -24.556  -40.386  46.755 1.0000000000
27629  -18.609  -49.753  37.546 0.2000000030
29346  -15.207  -47.905  36.150 0.2000000030
28514  -15.699  -48.569  35.793 0.2000000030
27641  -16.339  -49.591  36.066 0.2000000030
106690  -27.348  -40.101  45.022 1.0000000000
32362  -20.375  -43.712  52.463 0.5000000000
33110  -20.574  -42.340  54.257 0.6999999881
31625  -6.539  -44.294  47.632 0.4000000060
105849  -20.739  -40.521  54.681 0.5000000000
35534  -25.727  -39.799  52.021 0.2000000030
33904  -21.726  -42.358  49.367 0.8000000119
33171  -20.844  -42.988  49.382 0.8000000119
33860  -26.527  -41.693  53.655 0.8000000119
33930  -21.552  -41.848  48.272 0.8999999762
33888  -25.592  -42.440  51.324 0.8999999762
33872  -25.925  -42.707  52.325 0.8999999762
33117  -27.904  -42.961  53.236 0.8000000119
33149  -27.841  -43.076  52.274 0.8999999762
33909  -26.771  -41.854  49.988 1.0000000000
31720  -10.514  -44.271  39.394 0.5000000000
34719  -27.936  -41.372  48.389 1.0000000000
30145  -13.574  -46.257  37.647 0.1000000015
30154  -14.227  -46.335  36.928 0.1000000015
35633  -25.061  -39.545  44.491 1.0000000000
35653  -23.410  -39.300  43.583 1.0000000000
35654  -24.321  -39.080  43.325 1.0000000000
27652  -16.150  -49.024  35.726 0.2000000030
29353  -15.167  -47.130  35.823 0.1000000015
26696  -19.188  -49.708  38.457 0.2000000030
35655  -25.713  -39.332  43.786 1.0000000000
28516  -17.320  -48.353  35.239 0.2000000030
28528  -16.973  -47.694  34.796 0.2000000030
108844  -25.265  -38.731  42.268 1.0000000000
36516  -25.977  -39.088  42.810 1.0000000000
36614  -24.588  -38.470  38.793 0.8999999762
109944  -25.134  -38.636  38.176 0.8999999762
36615  -25.792  -38.708  38.356 0.8999999762
35770  -25.338  -39.719  37.543 0.8000000119
106852  -25.243  -41.239  37.393 0.8000000119
35757  -27.143  -39.178  38.522 0.8999999762
31591  -19.562  -44.379  50.366 0.5000000000
32375  -21.123  -43.700  51.830 0.6999999881
34679  -21.080  -40.176  54.133 0.2000000030
31627  -8.455  -44.655  47.737 0.6999999881
35521  -27.282  -39.610  53.286 0.3000000119
93693  -7.868  -44.169  45.728 0.4000000060
33170  -20.208  -43.669  49.268 0.8000000119
34678  -28.786  -40.784  53.328 0.8000000119
33191  -20.242  -43.255  48.478 0.8000000119
33862  -28.292  -42.135  53.396 0.8000000119
33874  -30.342  -42.236  52.734 0.8999999762
33955  -21.479  -41.569  47.319 0.8999999762
33130  -27.956  -43.171  52.943 0.8999999762
33978  -21.308  -41.365  46.493 0.8999999762
33151  -29.682  -43.674  52.492 0.8999999762
34776  -22.484  -40.328  45.370 0.8999999762
30925  -13.400  -45.436  37.434 0.1000000015
35631  -22.716  -39.673  44.128 0.8999999762
29345  -14.685  -47.165  36.716 0.1000000015
30938  -14.990  -45.783  35.900 0.1000000015
35636  -27.778  -39.908  44.012 1.0000000000
30172  -17.315  -46.405  34.433 0.1000000015
29368  -16.763  -46.961  34.576 0.2000000030
36588  -24.033  -38.376  39.479 0.8999999762
93740  -24.572  -42.011  38.233 0.6000000238
33344  -24.348  -42.441  38.804 0.6000000238
34098  -24.749  -41.463  37.870 0.6999999881
31759  -23.574  -44.386  37.022 0.6000000238
30934  -23.376  -45.990  36.811 0.3000000119
32576  -23.269  -43.424  36.006 0.4000000060
33380  -23.374  -42.733  35.856 0.4000000060
110336  -22.996  -45.672  35.502 0.4000000060
32587  -22.410  -43.619  33.499 0.4000000060
112500  -18.680  -41.534  53.915 0.2000000030
99923  -9.321  -45.258  49.728 0.6999999881
31590  -18.758  -44.377  50.553 0.5000000000
31616  -18.823  -44.437  48.483 0.6999999881
32401  -19.261  -44.247  48.731 0.6999999881
31645  -9.720  -44.612  46.431 0.6000000238
32416  -19.171  -44.076  48.079 0.8000000119
35551  -22.227  -39.224  49.855 0.2000000030
36395  -27.153  -39.211  50.618 0.2000000030
32434  -19.025  -43.790  46.624 0.8000000119
33203  -19.966  -43.154  47.716 0.8000000119
33222  -19.028  -43.536  45.780 0.8000000119
33212  -19.546  -43.146  46.422 0.8000000119
33954  -20.119  -42.730  47.062 0.8000000119
95263  -9.029  -43.441  42.910 0.4000000060
33977  -20.370  -42.112  46.238 0.8999999762
33236  -19.571  -42.390  44.912 0.8999999762
112536  -31.212  -44.538  51.819 0.8999999762
34775  -21.706  -40.571  45.161 0.8999999762
30170  -15.789  -46.286  34.920 0.2000000030
107185  -19.838  -47.645  37.161 0.2000000030
35658  -28.042  -39.856  43.406 1.0000000000
29349  -20.223  -46.995  37.072 0.2000000030
94287  -22.704  -38.322  39.883 1.0000000000
29348  -19.620  -47.274  36.320 0.2000000030
35744  -27.796  -39.335  39.128 1.0000000000
97468  -25.713  -40.710  35.960 0.8999999762
31629  -10.747  -45.106  47.699 0.6999999881
31615  -18.294  -44.445  48.693 0.6000000238
33884  -19.408  -40.770  53.469 0.2000000030
31633  -18.586  -44.284  47.854 0.6999999881
104576  -20.138  -40.161  50.932 0.2000000030
31648  -18.685  -44.011  47.184 0.8000000119
35550  -21.472  -39.405  49.953 0.2000000030
36432  -21.420  -38.449  47.592 0.2000000030
33134  -31.843  -44.141  52.039 0.8999999762
105817  -31.318  -44.573  51.729 0.8999999762
32482  -18.037  -43.084  43.143 0.8000000119
33913  -30.451  -42.680  49.789 1.0000000000
33302  -10.703  -42.821  40.744 0.5000000000
98925  -18.835  -41.890  42.837 0.8999999762
34009  -20.156  -41.441  44.601 0.8999999762
33194  -31.929  -43.996  50.224 1.0000000000
34800  -20.626  -40.673  44.175 0.8999999762
35674  -20.760  -39.602  42.004 0.8999999762
34843  -20.199  -40.248  42.375 0.8999999762
34806  -30.225  -40.821  44.793 1.0000000000
34783  -30.163  -40.967  45.620 1.0000000000
30939  -15.468  -45.667  35.335 0.1000000015
30949  -18.114  -45.270  34.323 0.1000000015
30164  -19.973  -45.830  35.613 0.3000000119
34942  -21.128  -40.528  36.547 0.6999999881
32536  -22.065  -43.548  38.599 0.3000000119
111497  -28.840  -40.009  39.384 1.0000000000
34944  -26.966  -40.421  36.642 0.8999999762
31631  -12.390  -44.863  47.877 0.8000000119
31647  -12.003  -44.686  47.041 0.8000000119
113451  -11.666  -44.512  46.385 0.6999999881
111195  -16.765  -43.687  46.129 0.8000000119
32446  -17.080  -43.746  45.591 0.8000000119
34701  -20.282  -39.927  49.852 0.2000000030
32463  -16.911  -43.681  44.315 0.8000000119
35586  -20.767  -39.001  48.118 0.2000000030
36435  -27.848  -38.247  47.702 0.1000000015
32481  -17.573  -43.396  43.429 0.8000000119
32498  -17.357  -43.346  42.528 0.6999999881
33915  -34.225  -42.129  50.438 0.8000000119
33280  -11.595  -42.545  41.363 0.6000000238
33268  -17.929  -43.114  42.413 0.6999999881
96056  -17.551  -43.340  41.167 0.6999999881
33960  -31.369  -41.909  47.753 1.0000000000
34842  -19.511  -40.978  42.631 0.8999999762
33335  -13.019  -42.711  38.368 0.3000000119
34825  -20.264  -40.582  43.305 0.8999999762
33982  -31.341  -41.606  46.621 1.0000000000
34000  -32.293  -41.835  45.588 1.0000000000
33214  -33.714  -42.691  46.657 1.0000000000
32535  -13.621  -42.923  37.680 0.4000000060
35755  -19.816  -39.213  38.405 0.8000000119
34132  -20.019  -40.869  35.532 0.6000000238
30146  -20.528  -46.161  37.104 0.2000000030
35781  -20.935  -39.904  36.649 0.8000000119
32574  -20.290  -43.356  35.377 0.4000000060
31743  -21.058  -44.808  37.491 0.3000000119
30147  -21.091  -45.700  37.844 0.2000000030
31601  -12.304  -45.183  51.946 0.6000000238
98873  -12.618  -45.153  50.078 0.6000000238
31588  -13.912  -44.299  52.673 0.5000000000
31603  -14.128  -44.569  50.717 0.6000000238
32444  -14.847  -43.486  45.825 0.8000000119
100284  -19.046  -40.849  49.144 0.2000000030
35568  -19.980  -39.491  48.177 0.2000000030
105101  -11.809  -42.728  42.252 0.6000000238
33284  -16.190  -43.091  41.350 0.6999999881
33916  -34.950  -42.653  49.833 0.6999999881
33285  -17.052  -43.476  40.955 0.6999999881
32391  -34.690  -45.107  49.815 0.8000000119
33308  -16.902  -43.279  40.085 0.6999999881
110158  -35.258  -45.365  48.828 0.8999999762
33328  -17.670  -42.891  40.020 0.6999999881
33207  -34.406  -43.422  47.132 1.0000000000
31637  -36.208  -45.436  48.054 0.8999999762
32437  -35.926  -45.227  46.779 1.0000000000
31742  -14.063  -43.229  37.165 0.4000000060
95093  -15.004  -42.466  39.508 0.6000000238
34892  -18.564  -41.375  40.405 0.8000000119
33226  -34.487  -43.224  45.150 1.0000000000
32451  -36.072  -44.932  45.667 1.0000000000
31664  -36.967  -45.336  45.995 0.8999999762
32547  -14.672  -43.276  36.755 0.3000000119
34012  -32.224  -41.696  44.330 1.0000000000
33238  -34.534  -43.252  44.188 1.0000000000
32559  -15.490  -43.451  36.198 0.4000000060
34893  -19.142  -39.987  39.174 0.8000000119
97908  -32.359  -41.837  43.314 1.0000000000
33256  -34.520  -43.193  43.437 1.0000000000
32484  -36.338  -44.561  43.864 1.0000000000
106144  -30.921  -41.078  42.512 1.0000000000
33386  -17.806  -42.767  34.767 0.3000000119
32582  -18.402  -43.335  34.454 0.2000000030
34045  -31.025  -41.282  41.501 1.0000000000
34945  -27.844  -40.520  36.890 0.8999999762
32443  -13.329  -43.616  45.453 0.8000000119
36437  -29.781  -38.576  47.268 0.1000000015
33250  -14.426  -42.874  43.332 0.8000000119
33307  -15.982  -42.813  40.007 0.6999999881
32406  -36.093  -45.218  48.467 0.8999999762
38238  -22.515  -36.558  44.419 0.1000000015
33325  -15.966  -42.671  39.255 0.6000000238
33326  -16.783  -42.882  39.303 0.6999999881
109847  -17.064  -42.806  39.097 0.6999999881
33364  -16.034  -43.000  36.549 0.4000000060
33350  -16.629  -42.578  36.907 0.5000000000
31679  -37.147  -44.519  43.399 1.0000000000
33365  -17.161  -42.186  36.258 0.5000000000
96831  -17.572  -41.470  36.620 0.6000000238
33271  -35.583  -43.563  42.193 1.0000000000
97635  -32.976  -42.369  41.476 1.0000000000
34720  -36.222  -41.051  49.161 0.6000000238
36450  -20.406  -38.357  46.516 0.2000000030
33937  -36.410  -42.752  48.524 0.6999999881
33216  -37.427  -44.061  46.839 0.8000000119
34913  -32.486  -40.505  38.714 0.8999999762
34900  -34.071  -40.630  39.028 1.0000000000
35760  -33.612  -39.652  37.967 0.8999999762
35775  -31.217  -39.939  37.764 0.8999999762
33227  -37.622  -43.833  46.049 0.8000000119
32486  -37.596  -44.226  43.650 1.0000000000
33257  -37.937  -43.687  44.133 0.8999999762
33315  -37.029  -43.027  40.374 1.0000000000
33331  -36.444  -42.400  39.364 1.0000000000
37483  -30.340  -37.806  36.208 0.8000000119
100525  -38.185  -41.860  45.998 0.6000000238
33984  -38.178  -41.549  46.579 0.5000000000
33228  -37.966  -42.684  45.649 0.6999999881
33240  -38.215  -42.792  44.472 0.8000000119
34036  -38.137  -42.032  43.187 0.8999999762
108538  -37.130  -42.143  38.448 1.0000000000
95484  -38.721  -39.681  47.799 0.2000000030
34736  -38.750  -40.582  46.962 0.3000000119
34784  -39.022  -41.007  45.361 0.6000000238
34808  -39.626  -40.461  45.018 0.5000000000
34848  -38.125  -40.985  42.742 0.8999999762
35681  -38.397  -40.205  42.254 0.8999999762
34916  -37.843  -41.275  38.398 0.8999999762
38385  -29.546  -36.710  33.306 0.8000000119
35682  -39.100  -39.501  42.199 0.8999999762
34883  -38.322  -40.336  40.670 0.8999999762
34902  -38.319  -40.445  38.953 0.8999999762
34965  -36.471  -40.920  35.431 0.8999999762
35800  -35.425  -40.125  34.898 0.8999999762
35704  -39.493  -39.177  41.180 0.8999999762
35746  -38.978  -39.651  39.532 1.0000000000
34917  -38.412  -40.502  38.084 0.8999999762
34936  -38.453  -40.393  37.381 0.8999999762
37518  -32.896  -38.282  33.048 0.8999999762
35683  -40.363  -38.896  43.296 0.5000000000
35762  -39.007  -39.729  38.587 0.8999999762
36545  -40.430  -38.574  40.870 0.8000000119
35778  -38.869  -39.608  37.619 0.8999999762
40430  -28.707  -34.669  29.044 0.5000000000
107964  -28.343  -33.772  28.084 0.4000000060
96363  -38.645  -39.068  37.132 0.8999999762
39385  -32.586  -36.055  32.449 0.8000000119
41367  -32.273  -33.356  24.386 0.3000000119
104167  -33.094  -33.503  24.438 0.3000000119
41226  -40.593  -33.152  38.616 0.8999999762
37472  -38.994  -37.256  37.562 0.8999999762
38350  -38.548  -36.374  37.350 0.8999999762
38362  -36.500  -36.160  35.723 0.8000000119
97695  -34.253  -33.225  32.589 0.6999999881
41366  -31.373  -33.102  24.414 0.3000000119
111331  -32.689  -32.784  24.502 0.3000000119
43289  -32.651  -31.880  24.675 0.3000000119
44768  -41.903  -28.999  39.122 0.6999999881
43993  -41.371  -30.751  38.488 0.6999999881
42135  -40.068  -31.961  37.911 0.6999999881
103103  -36.784  -31.347  35.195 0.6999999881
41298  -31.894  -34.140  31.264 0.6999999881
41299  -32.921  -34.020  31.260 0.6999999881
41311  -31.501  -33.648  30.682 0.6000000238
42204  -32.083  -33.120  30.363 0.6999999881
41300  -33.534  -33.765  31.388 0.6999999881
44061  -35.262  -31.091  34.013 0.6999999881
42196  -33.880  -33.332  30.932 0.6999999881
113143  -34.655  -31.409  33.212 0.6999999881
43232  -32.283  -32.305  29.493 0.5000000000
43243  -30.548  -31.682  28.492 0.5000000000
42238  -29.284  -32.027  26.521 0.4000000060
43236  -35.742  -31.942  29.004 0.6000000238
42247  -31.059  -31.949  25.097 0.3000000119
43261  -31.178  -31.153  26.094 0.4000000060
43269  -31.451  -31.379  25.483 0.3000000119
44124  -32.545  -30.353  26.598 0.3000000119
110613  -37.365  -30.219  28.770 0.3000000119
44907  -37.900  -29.693  28.439 0.3000000119
44116  -36.809  -30.603  28.637 0.3000000119
44898  -38.368  -29.344  29.255 0.3000000119
105355  -38.298  -28.319  30.121 0.3000000119
44787  -41.188  -29.852  38.510 0.8000000119
44005  -40.474  -30.590  38.069 0.6999999881
110857  -39.509  -29.618  37.735 0.5000000000
44785  -39.366  -28.433  38.199 0.6000000238
44111  -31.587  -30.802  27.524 0.4000000060
111496  -33.362  -30.433  30.977 0.6999999881
44110  -30.974  -31.065  27.313 0.4000000060
44113  -33.346  -30.306  27.378 0.3000000119
44102  -35.598  -31.501  28.624 0.3000000119
44126  -34.120  -29.955  27.057 0.3000000119
44114  -35.155  -30.489  27.737 0.3000000119
44115  -36.115  -30.938  28.405 0.3000000119
44093  -36.135  -31.614  29.039 0.3000000119
44094  -36.424  -31.230  28.977 0.3000000119
113064  -37.390  -27.541  29.914 0.3000000119
47106  -38.476  -26.844  30.028 0.3000000119
46359  -36.857  -27.644  29.677 0.3000000119
46377  -36.391  -27.056  29.103 0.3000000119
104381  -37.603  -26.660  28.331 0.3000000119
46357  -35.175  -27.743  29.205 0.3000000119
45556  -36.010  -28.254  36.206 0.8000000119
109429  -35.116  -29.333  35.186 0.8000000119
46314  -34.493  -27.259  35.150 0.8999999762
44837  -33.748  -29.327  34.136 0.6999999881
45604  -32.214  -28.524  30.704 0.6999999881
47155  -34.524  -25.853  26.559 0.4000000060
48651  -36.452  -24.525  38.350 0.6999999881
48669  -35.184  -24.854  34.314 1.0000000000
45588  -32.002  -27.884  32.036 0.6999999881
47082  -31.658  -26.748  30.849 0.6999999881
111559  -32.020  -27.264  29.248 0.5000000000
46374  -33.109  -27.333  28.642 0.4000000060
47115  -32.193  -26.367  28.588 0.4000000060
47133  -33.162  -26.097  27.517 0.4000000060
47117  -33.589  -26.845  27.999 0.4000000060
47974  -34.002  -25.203  26.528 0.4000000060
48678  -34.802  -24.587  33.367 1.0000000000
49434  -36.074  -23.838  34.273 0.8999999762
49422  -36.923  -23.736  36.259 0.6999999881
47897  -33.302  -25.023  31.832 0.8999999762
48688  -33.859  -24.753  32.274 0.8999999762
49445  -35.167  -24.012  32.900 1.0000000000
50185  -36.183  -23.110  32.805 0.8999999762
102937  -32.710  -25.234  31.136 0.6999999881
48699  -34.134  -24.242  31.690 0.8999999762
49457  -34.865  -23.783  32.068 1.0000000000
50207  -36.024  -22.837  31.939 1.0000000000
47912  -31.701  -26.301  30.334 0.6999999881
47913  -32.149  -25.532  30.228 0.6999999881
48698  -32.789  -24.871  30.508 0.6999999881
49466  -33.925  -23.976  30.730 0.8999999762
50219  -35.792  -22.687  31.032 1.0000000000
49485  -34.216  -23.298  29.294 0.8000000119
47943  -32.281  -25.677  28.399 0.4000000060
48740  -32.912  -24.432  28.274 0.5000000000
48728  -32.987  -24.301  29.244 0.6000000238
49495  -33.511  -23.795  28.774 0.6999999881
50251  -34.584  -22.832  27.791 0.6000000238
50238  -35.306  -22.360  28.353 0.6999999881
49520  -33.611  -24.175  27.046 0.5000000000
49521  -34.165  -23.925  26.437 0.6000000238
48780  -35.108  -24.465  25.488 0.4000000060
49522  -34.816  -23.398  25.979 0.6000000238
50269  -35.456  -22.975  25.570 0.5000000000
50944  -37.593  -21.928  32.211 0.6999999881
50970  -37.459  -21.592  30.563 0.8999999762
109551  -36.857  -21.656  29.430 0.8000000119
51005  -36.808  -21.617  28.108 0.8000000119
50264  -35.919  -22.234  26.058 0.5000000000
50270  -36.141  -22.577  25.213 0.5000000000
111849  -37.090  -21.637  26.290 0.5000000000
51020  -36.651  -21.909  25.778 0.5000000000
50165  -38.357  -22.885  36.574 0.6000000238
50971  -38.096  -21.309  30.219 0.8000000119
96099  -38.263  -21.372  28.512 0.6999999881
51030  -38.396  -21.519  24.476 0.5000000000
112362  -39.344  -21.371  25.857 0.5000000000
51709  -39.375  -20.955  31.452 0.6999999881
51693  -40.428  -20.707  32.369 0.6999999881
52571  -40.802  -20.448  31.674 0.6999999881
51735  -39.665  -20.969  29.653 0.6999999881
99395  -39.855  -21.095  28.766 0.6999999881
50990  -39.153  -21.306  28.186 0.6000000238
51746  -40.719  -20.988  28.450 0.6000000238
51018  -39.379  -21.396  26.428 0.5000000000
51775  -40.243  -21.352  26.874 0.5000000000
51747  -41.570  -20.881  28.141 0.4000000060
95390  -41.109  -21.182  26.706 0.5000000000
51791  -40.573  -20.251  24.249 0.4000000060
106755  -41.164  -21.964  36.142 0.6999999881
50914  -41.366  -21.661  35.337 0.6000000238
51677  -42.160  -20.909  34.234 0.6999999881
105065  -42.014  -20.262  32.601 0.6999999881
52586  -41.652  -20.277  30.621 0.6000000238
94700  -43.178  -19.793  32.068 0.6000000238
52573  -42.786  -19.896  31.392 0.6000000238
52598  -42.066  -20.394  29.747 0.6000000238
111039  -42.656  -20.211  29.926 0.6000000238
52612  -43.019  -20.420  28.313 0.6999999881
51769  -42.651  -20.666  26.968 0.6999999881
52615  -45.169  -19.412  28.447 0.6000000238
53403  -45.863  -19.094  28.859 0.6000000238
51778  -42.671  -20.456  26.333 0.6000000238
52644  -44.348  -19.615  26.589 0.6999999881
50895  -42.287  -22.033  39.657 0.6000000238
50906  -43.374  -21.551  36.980 0.6000000238
107053  -42.722  -21.511  36.015 0.6999999881
94156  -43.647  -20.082  33.619 0.6999999881
97066  -44.105  -19.563  31.150 0.6000000238
53404  -46.566  -18.809  29.237 0.6000000238
53393  -46.817  -19.000  30.117 0.6000000238
52650  -44.214  -19.392  25.967 0.6999999881
24826  -15.907  -51.557  43.512 0.1000000015
24814  -15.841  -51.332  44.611 0.1000000015
112270  -15.853  -56.887  44.066 0.1000000015
23985  -16.483  -53.535  47.313 0.1000000015
21544  -15.915  -56.639  41.309 0.1000000015
24774  -15.882  -52.442  47.304 0.1000000015
21553  -15.848  -56.466  40.397 0.1000000015
24799  -16.172  -52.413  44.955 0.1000000015
24798  -15.614  -51.464  45.499 0.1000000015
20659  -14.683  -57.600  41.627 0.1000000015
24018  -15.952  -52.827  42.514 0.1000000015
21509  -16.778  -56.674  46.066 0.1000000015
108542  -17.836  -56.425  47.230 0.1000000015
21538  -16.068  -56.741  42.411 0.1000000015
101143  -16.988  -54.680  48.619 0.1000000015
20653  -15.582  -57.131  43.016 0.1000000015
24762  -15.780  -52.630  47.981 0.1000000015
23978  -16.299  -53.187  48.328 0.1000000015
20660  -15.470  -57.023  41.871 0.1000000015
20652  -14.887  -57.960  43.399 0.1000000015
98695  -14.984  -57.606  42.365 0.1000000015
24029  -15.791  -53.008  41.537 0.1000000015
20633  -15.724  -56.908  45.272 0.1000000015
22394  -16.679  -55.140  49.861 0.1000000015
20643  -15.453  -57.274  44.009 0.1000000015
20632  -15.010  -57.779  44.961 0.1000000015
24783  -15.389  -51.874  46.386 0.1000000015
24030  -16.317  -53.580  41.130 0.1000000015
109389  -16.417  -56.559  47.207 0.1000000015
21491  -16.214  -55.546  49.600 0.1000000015
20621  -15.267  -57.000  46.872 0.1000000015
23192  -15.657  -54.647  50.197 0.1000000015
104496  -16.388  -53.898  49.834 0.1000000015
20620  -14.741  -57.578  46.786 0.1000000015
105550  -14.379  -58.506  46.497 0.1000000015
21502  -15.357  -56.490  48.413 0.1000000015
22398  -14.787  -55.656  49.481 0.1000000015
20610  -14.495  -57.020  48.167 0.1000000015
20609  -13.983  -57.643  48.206 0.1000000015
21500  -13.703  -57.468  48.259 0.1000000015
24761  -15.418  -52.707  48.108 0.1000000015
25657  -15.152  -50.862  45.040 0.1000000015
19708  -14.140  -59.452  44.824 0.1000000015
19697  -14.145  -59.255  46.082 0.1000000015
24840  -15.659  -51.961  42.300 0.1000000015
24041  -17.083  -53.621  40.528 0.1000000015
21508  -13.774  -56.600  47.773 0.1000000015
22406  -13.968  -55.083  46.982 0.1000000015
22403  -14.224  -55.807  48.629 0.1000000015
23201  -14.277  -54.094  47.849 0.1000000015
21501  -14.226  -56.677  48.327 0.1000000015
23198  -14.600  -54.687  49.040 0.1000000015
23970  -14.883  -53.243  48.308 0.1000000015
23977  -14.461  -52.658  47.179 0.1000000015
23984  -14.197  -52.159  46.227 0.1000000015
19688  -13.667  -58.305  48.281 0.1000000015
21507  -13.339  -57.415  47.877 0.1000000015
19687  -13.204  -58.443  48.491 0.1000000015
18780  -13.675  -59.952  46.434 0.1000000015
24852  -15.523  -52.312  41.168 0.1000000015
18792  -13.776  -59.935  44.386 0.1000000015
24052  -16.191  -52.998  39.926 0.1000000015
24863  -16.458  -52.792  39.455 0.1000000015
24865  -17.921  -52.418  39.726 0.1000000015
25740  -19.081  -51.183  40.007 0.1000000015
26677  -18.846  -50.859  39.267 0.1000000015
26678  -19.397  -50.061  39.233 0.1000000015
27606  -20.057  -49.574  39.623 0.1000000015
112549  -20.486  -49.227  39.822 0.1000000015
27591  -21.062  -49.300  40.795 0.1000000015
28472  -21.012  -47.808  38.995 0.1000000015
23207  -14.041  -53.473  46.552 0.1000000015
25643  -14.911  -51.282  45.684 0.1000000015
19680  -13.341  -58.068  48.445 0.1000000015
19696  -13.473  -59.095  47.959 0.1000000015
25686  -15.615  -50.640  43.257 0.1000000015
25673  -15.419  -50.575  44.277 0.1000000015
24039  -15.913  -53.123  40.644 0.1000000015
101172  -15.668  -52.500  40.127 0.1000000015
24878  -16.514  -52.371  38.825 0.1000000015
24864  -17.060  -52.778  39.415 0.1000000015
25738  -17.481  -52.140  38.981 0.1000000015
28431  -21.680  -48.839  41.174 0.1000000015
28473  -21.376  -48.059  39.740 0.1000000015
28456  -21.384  -48.593  40.345 0.1000000015
28413  -21.985  -49.069  42.018 0.1000000015
29293  -21.904  -47.794  40.249 0.1000000015
28432  -22.450  -48.261  41.515 0.1000000015
28414  -22.689  -48.583  42.491 0.1000000015
29294  -22.502  -47.593  40.850 0.1000000015
107187  -13.731  -55.705  46.113 0.1000000015
22405  -13.517  -56.519  46.138 0.1000000015
22414  -13.695  -55.666  44.790 0.1000000015
21519  -13.407  -56.452  44.611 0.1000000015
23213  -13.881  -54.516  45.342 0.1000000015
97636  -13.160  -57.196  46.171 0.1000000015
103161  -13.922  -53.056  45.577 0.1000000015
20619  -12.951  -57.919  48.108 0.1000000015
24797  -14.334  -51.379  45.725 0.1000000015
23993  -13.925  -51.988  45.367 0.1000000015
20631  -12.741  -57.797  46.191 0.1000000015
19686  -13.172  -59.090  47.912 0.1000000015
24862  -15.922  -52.524  39.317 0.1000000015
26694  -17.461  -51.150  37.804 0.1000000015
28402  -23.659  -48.389  44.124 0.1000000015
97506  -20.652  -47.465  38.332 0.1000000015
29264  -23.194  -47.771  42.104 0.1000000015
28415  -23.405  -48.099  43.022 0.1000000015
29328  -21.058  -47.046  38.539 0.1000000015
29310  -21.721  -47.321  39.623 0.1000000015
29329  -21.529  -46.819  39.056 0.1000000015
29311  -22.461  -46.816  40.247 0.1000000015
29278  -22.982  -47.483  41.426 0.1000000015
30135  -21.335  -46.288  38.509 0.1000000015
96394  -22.033  -46.516  39.608 0.1000000015
30117  -22.536  -45.813  39.989 0.1000000015
22424  -13.527  -55.747  43.622 0.1000000015
23222  -13.782  -54.840  43.910 0.1000000015
22437  -13.075  -55.832  42.755 0.1000000015
21527  -12.556  -56.501  42.845 0.1000000015
23223  -13.841  -53.474  44.367 0.1000000015
20642  -12.948  -57.093  44.518 0.1000000015
98668  -13.670  -54.180  43.196 0.1000000015
20618  -12.853  -58.453  47.983 0.1000000015
24006  -13.791  -52.297  44.347 0.1000000015
25672  -14.468  -50.526  44.554 0.1000000015
24813  -13.996  -51.095  44.972 0.1000000015
26591  -14.958  -50.023  43.880 0.1000000015
25704  -15.480  -50.922  41.999 0.1000000015
24877  -15.858  -52.043  38.659 0.1000000015
25754  -16.248  -51.872  38.259 0.1000000015
29256  -24.004  -47.701  43.571 0.1000000015
29248  -25.469  -47.500  45.177 0.1000000015
29279  -23.556  -46.829  41.797 0.1000000015
29265  -23.998  -47.116  42.697 0.1000000015
29249  -26.278  -47.699  45.782 0.1000000015
29250  -27.071  -47.647  45.608 0.1000000015
30092  -23.111  -46.731  41.041 0.1000000015
30075  -25.403  -46.635  43.976 0.1000000015
30076  -26.173  -46.376  43.766 0.1000000015
30908  -21.583  -45.499  38.595 0.1000000015
30116  -21.913  -45.801  39.242 0.1000000015
30093  -23.673  -45.752  41.477 0.1000000015
30081  -24.252  -45.897  42.178 0.1000000015
30082  -25.509  -45.850  42.984 0.1000000015
30893  -22.541  -44.972  39.764 0.1000000015
30862  -24.879  -45.357  42.311 0.1000000015
30885  -23.641  -44.866  41.160 0.1000000015
30861  -24.269  -44.974  41.691 0.1000000015
22445  -11.218  -55.180  41.933 0.1000000015
103683  -10.412  -54.975  42.418 0.1000000015
22435  -11.609  -55.926  42.169 0.1000000015
22436  -12.340  -55.884  42.264 0.1000000015
95120  -13.505  -55.099  42.884 0.1000000015
20651  -12.154  -57.200  43.120 0.1000000015
24017  -13.415  -53.689  42.576 0.1000000015
109879  -12.656  -56.987  43.519 0.1000000015
19695  -12.442  -59.325  47.268 0.1000000015
20630  -12.479  -58.416  45.934 0.1000000015
20641  -12.478  -57.767  44.245 0.1000000015
25671  -13.833  -50.586  44.197 0.1000000015
24812  -13.691  -51.859  43.793 0.1000000015
26590  -14.080  -50.012  43.966 0.1000000015
109374  -12.989  -59.791  47.889 0.1000000015
25737  -15.451  -51.753  39.495 0.1000000015
25753  -15.824  -51.548  38.072 0.1000000015
29258  -27.407  -47.271  44.566 0.1000000015
30077  -26.757  -46.454  43.651 0.1000000015
29251  -28.100  -48.303  45.600 0.1000000015
29267  -27.469  -46.899  43.517 0.1000000015
30884  -23.084  -44.945  40.469 0.1000000015
30863  -25.517  -45.291  42.159 0.1000000015
30084  -26.673  -46.130  42.765 0.1000000015
31700  -24.128  -44.399  41.201 0.1000000015
30873  -24.889  -44.897  41.822 0.1000000015
30094  -25.784  -45.248  41.609 0.1000000015
22434  -9.754  -54.638  42.941 0.1000000015
23245  -10.686  -54.382  41.978 0.1000000015
100891  -10.832  -55.854  42.358 0.1000000015
23247  -12.047  -55.273  41.725 0.1000000015
23234  -12.873  -55.137  42.071 0.1000000015
98322  -11.758  -57.921  43.559 0.1000000015
21537  -11.875  -56.598  42.544 0.1000000015
108836  -12.423  -53.849  41.492 0.1000000015
23248  -12.961  -54.236  41.946 0.1000000015
19707  -12.073  -58.593  44.793 0.1000000015
24028  -12.995  -53.157  41.972 0.1000000015
24825  -13.485  -52.628  42.811 0.1000000015
110118  -13.213  -52.185  42.371 0.1000000015
26608  -15.340  -49.889  42.992 0.1000000015
26607  -14.613  -49.680  43.391 0.1000000015
26632  -15.310  -49.771  42.186 0.1000000015
96964  -15.288  -50.441  41.330 0.1000000015
25724  -15.333  -51.526  40.705 0.1000000015
106006  -15.519  -51.457  38.675 0.1000000015
29259  -28.341  -47.870  44.560 0.1000000015
28404  -28.982  -48.922  45.551 0.1000000015
29268  -28.216  -47.667  43.439 0.1000000015
30095  -26.362  -45.930  41.861 0.2000000030
28433  -27.731  -47.922  42.083 0.2000000030
28434  -28.928  -48.574  43.175 0.2000000030
31713  -23.067  -44.206  40.203 0.1000000015
31701  -24.629  -44.568  41.396 0.1000000015
31702  -25.240  -44.795  41.455 0.1000000015
111973  -26.612  -46.607  41.631 0.2000000030
29296  -26.721  -47.390  41.203 0.2000000030
30886  -25.428  -44.826  40.951 0.1000000015
30107  -25.841  -45.534  41.038 0.1000000015
105842  -26.216  -46.484  41.072 0.2000000030
29295  -25.925  -47.351  40.354 0.2000000030
21518  -8.402  -56.148  44.505 0.1000000015
21525  -8.912  -56.130  43.735 0.1000000015
22422  -8.739  -55.286  44.168 0.1000000015
22423  -9.317  -55.195  43.459 0.1000000015
20648  -9.762  -57.123  43.071 0.1000000015
21526  -9.592  -56.225  43.168 0.1000000015
23233  -10.096  -54.273  42.545 0.1000000015
20649  -10.564  -57.282  42.870 0.1000000015
21535  -10.359  -56.495  42.733 0.1000000015
101852  -10.027  -55.549  42.803 0.1000000015
20650  -11.396  -57.291  42.896 0.1000000015
21536  -11.139  -56.614  42.536 0.1000000015
23246  -11.627  -54.395  41.544 0.1000000015
24026  -11.782  -53.394  41.205 0.1000000015
24027  -12.375  -52.926  41.307 0.1000000015
25685  -13.575  -50.283  43.499 0.1000000015
26606  -13.795  -49.740  43.354 0.1000000015
26656  -15.092  -49.561  41.325 0.1000000015
26657  -15.164  -50.660  40.344 0.1000000015
26676  -15.185  -50.769  39.260 0.1000000015
28435  -29.830  -49.444  44.350 0.2000000030
27570  -29.676  -49.646  42.949 0.2000000030
25713  -30.636  -52.299  43.783 0.2000000030
31722  -22.587  -44.272  39.629 0.1000000015
28459  -27.253  -48.414  40.902 0.2000000030
27595  -28.928  -49.871  41.392 0.2000000030
26642  -30.013  -50.614  42.489 0.2000000030
112171  -24.502  -44.304  41.068 0.2000000030
27594  -27.742  -49.285  40.562 0.2000000030
28458  -26.391  -48.176  40.263 0.2000000030
27593  -26.843  -48.926  40.015 0.2000000030
22413  -8.261  -55.281  44.974 0.1000000015
23206  -8.235  -54.262  45.193 0.1000000015
23992  -8.424  -53.611  44.757 0.1000000015
24003  -8.765  -53.811  44.062 0.1000000015
23232  -9.590  -53.816  42.924 0.1000000015
23221  -9.229  -54.183  43.478 0.1000000015
24016  -10.134  -53.645  42.294 0.1000000015
24025  -10.932  -53.613  41.573 0.1000000015
24837  -11.139  -52.744  41.156 0.1000000015
24838  -12.324  -52.146  41.018 0.1000000015
25703  -13.206  -50.114  42.716 0.1000000015
27544  -15.071  -49.529  42.749 0.1000000015
27543  -14.406  -49.388  42.816 0.1000000015
26631  -14.967  -49.292  42.192 0.1000000015
26675  -14.972  -49.763  40.120 0.1000000015
26692  -14.979  -49.835  39.004 0.1000000015
26693  -15.390  -50.814  38.149 0.1000000015
25763  -29.815  -51.771  40.733 0.2000000030
107122  -30.746  -52.772  42.743 0.2000000030
30895  -25.232  -45.303  40.186 0.2000000030
27610  -27.270  -49.620  39.667 0.2000000030
26665  -29.713  -51.177  41.449 0.2000000030
30119  -25.574  -46.406  40.324 0.2000000030
29312  -24.744  -47.430  38.958 0.2000000030
28475  -25.738  -48.086  39.630 0.2000000030
110487  -26.231  -48.665  39.592 0.2000000030
29313  -25.300  -47.328  39.651 0.2000000030
23205  -7.934  -54.091  45.783 0.1000000015
23983  -8.078  -53.461  45.436 0.1000000015
23220  -8.906  -54.567  43.910 0.1000000015
24781  -8.182  -52.866  45.024 0.1000000015
95948  -8.530  -52.986  44.310 0.1000000015
24004  -8.945  -53.225  43.473 0.1000000015
24810  -8.555  -52.355  43.801 0.1000000015
24015  -9.454  -53.014  42.701 0.1000000015
24811  -8.902  -52.485  43.118 0.1000000015
24823  -9.284  -52.182  42.493 0.1000000015
24824  -10.145  -52.766  41.879 0.1000000015
108286  -10.512  -52.159  41.255 0.1000000015
24038  -12.001  -52.498  40.775 0.1000000015
25701  -10.325  -51.413  41.066 0.1000000015
24851  -12.168  -51.620  40.731 0.1000000015
25702  -12.634  -51.175  41.501 0.1000000015
25721  -11.007  -50.893  40.574 0.1000000015
25723  -12.288  -50.674  40.911 0.1000000015
26629  -12.773  -49.862  41.850 0.1000000015
26630  -13.586  -49.417  42.605 0.1000000015
27564  -13.216  -48.969  41.957 0.1000000015
27565  -14.209  -48.996  42.090 0.1000000015
28430  -13.675  -48.648  41.484 0.1000000015
103309  -14.756  -49.063  41.644 0.1000000015
28454  -14.387  -48.607  40.655 0.1000000015
27605  -14.714  -48.958  39.939 0.1000000015
28471  -14.237  -48.292  39.786 0.1000000015
27618  -15.116  -49.752  37.951 0.1000000015
46298  -36.754  -27.094  37.347 0.3000000119
26685  -28.581  -50.832  39.820 0.2000000030
25747  -30.784  -52.427  40.998 0.2000000030
26684  -27.697  -50.179  39.398 0.2000000030
26703  -28.733  -51.057  39.109 0.2000000030
25765  -30.764  -51.739  39.481 0.2000000030
98485  -24.649  -45.726  39.164 0.2000000030
111220  -25.181  -48.503  38.606 0.2000000030
26683  -27.001  -49.876  38.825 0.2000000030
26717  -27.214  -50.178  38.089 0.2000000030
29330  -24.289  -47.520  38.258 0.2000000030
27621  -25.205  -48.839  38.211 0.2000000030
27632  -25.947  -49.441  37.558 0.2000000030
27633  -26.729  -49.685  37.424 0.2000000030
111854  -31.364  -49.749  37.513 0.2000000030
28505  -24.858  -48.605  36.631 0.2000000030
27645  -26.230  -49.278  36.865 0.2000000030
28522  -29.073  -47.953  35.772 0.2000000030
28523  -29.934  -47.882  35.693 0.2000000030
29364  -29.397  -47.530  35.356 0.2000000030
31799  -26.781  -44.179  31.526 0.2000000030
35844  -24.041  -39.754  27.927 0.2000000030
111379  -23.515  -38.793  27.929 0.3000000119
37559  -23.834  -37.500  27.325 0.3000000119
25764  -29.705  -51.471  39.398 0.2000000030
26704  -29.950  -50.978  38.429 0.2000000030
27634  -27.634  -49.848  37.363 0.2000000030
26719  -29.251  -50.419  37.771 0.2000000030
27636  -29.748  -49.524  37.141 0.2000000030
103298  -24.253  -48.086  37.726 0.2000000030
28496  -24.071  -48.106  36.917 0.2000000030
27646  -27.136  -49.350  36.756 0.2000000030
27647  -28.093  -49.302  36.682 0.2000000030
27648  -29.142  -49.082  36.628 0.2000000030
27649  -30.175  -48.818  36.642 0.2000000030
28518  -25.195  -48.368  35.882 0.2000000030
28519  -26.167  -48.368  35.776 0.2000000030
28521  -28.117  -48.162  35.703 0.2000000030
39407  -26.635  -35.620  30.205 0.4000000060
29373  -26.210  -47.341  34.725 0.2000000030
29374  -27.210  -47.284  34.711 0.2000000030
30179  -27.759  -46.680  34.277 0.2000000030
30961  -27.837  -45.659  33.220 0.2000000030
39405  -24.927  -35.828  29.744 0.4000000060
31786  -26.481  -44.674  32.077 0.2000000030
111503  -27.276  -44.557  31.939 0.2000000030
32597  -26.195  -43.682  31.082 0.2000000030
38450  -23.757  -36.851  29.109 0.4000000060
32606  -25.501  -43.190  30.608 0.2000000030
33406  -25.884  -42.605  30.081 0.2000000030
34169  -24.861  -41.187  28.813 0.2000000030
35843  -23.460  -39.260  28.356 0.2000000030
36702  -23.351  -38.444  28.406 0.3000000119
33405  -24.838  -42.597  30.255 0.2000000030
33409  -25.152  -42.104  29.709 0.2000000030
35607  -40.116  -39.292  46.760 0.2000000030
30149  -23.984  -46.943  38.096 0.2000000030
30148  -23.618  -46.686  37.405 0.2000000030
29350  -23.648  -47.584  36.206 0.2000000030
29340  -23.606  -47.428  36.872 0.2000000030
39397  -27.766  -35.786  30.798 0.6000000238
29358  -23.860  -47.536  35.518 0.2000000030
29360  -25.698  -47.867  35.288 0.2000000030
39395  -25.960  -35.800  30.858 0.4000000060
39396  -26.939  -35.794  31.031 0.4000000060
29372  -25.189  -47.378  34.769 0.2000000030
30177  -25.729  -46.792  34.262 0.2000000030
30187  -26.243  -46.286  33.710 0.2000000030
107551  -24.455  -36.217  30.155 0.4000000060
30960  -26.759  -45.715  33.179 0.2000000030
31798  -25.827  -44.239  31.591 0.2000000030
32596  -25.169  -43.740  31.152 0.2000000030
34993  -24.030  -40.812  29.081 0.2000000030
34997  -24.399  -40.495  28.377 0.2000000030
34166  -24.507  -41.490  29.422 0.2000000030
34996  -23.661  -40.078  28.711 0.2000000030
36470  -41.340  -38.772  45.765 0.2000000030
35608  -40.813  -39.089  46.272 0.3000000119
36484  -41.790  -38.407  45.231 0.2000000030
36569  -41.187  -38.185  40.571 0.5000000000
30157  -23.360  -46.879  36.442 0.2000000030
30933  -23.178  -45.245  36.272 0.3000000119
30156  -23.133  -46.218  35.952 0.2000000030
30166  -23.357  -46.945  35.602 0.2000000030
29371  -24.166  -47.307  34.895 0.2000000030
29359  -24.706  -47.815  35.391 0.2000000030
30959  -25.699  -45.770  33.229 0.2000000030
98959  -24.257  -36.491  30.796 0.5000000000
38436  -25.024  -35.998  30.668 0.4000000060
31785  -25.473  -44.770  32.150 0.2000000030
37543  -23.444  -37.485  29.593 0.3000000119
38435  -23.831  -36.765  30.051 0.5000000000
32605  -24.447  -43.225  30.754 0.2000000030
34163  -24.134  -41.934  29.994 0.2000000030
34165  -23.621  -41.191  29.747 0.2000000030
35839  -23.166  -39.662  29.250 0.2000000030
36471  -41.591  -38.129  46.191 0.2000000030
37362  -42.260  -37.973  44.695 0.1000000015
37379  -42.664  -37.458  44.065 0.1000000015
36506  -41.937  -38.414  44.270 0.1000000015
37396  -43.046  -37.409  43.043 0.2000000030
37397  -43.656  -36.997  42.538 0.3000000119
100164  -43.133  -37.201  42.127 0.4000000060
38293  -44.238  -36.410  41.556 0.3000000119
38306  -43.937  -36.288  40.939 0.3000000119
101104  -44.066  -32.817  40.603 0.3000000119
96190  -42.416  -32.803  39.649 0.4000000060
37446  -41.683  -37.592  39.933 0.5000000000
37462  -39.876  -38.177  38.470 0.8000000119
39300  -40.962  -35.249  39.327 0.6000000238
38320  -41.150  -37.058  39.341 0.8000000119
111290  -36.825  -27.687  36.856 0.4000000060
98534  -40.831  -36.074  39.199 0.8000000119
36640  -28.119  -38.987  36.174 0.6999999881
35794  -25.174  -39.907  35.336 0.6000000238
102090  -26.682  -39.018  35.536 0.6999999881
36650  -28.686  -38.059  35.980 0.6000000238
34974  -24.279  -40.221  35.009 0.5000000000
35795  -25.872  -39.240  35.321 0.6000000238
36661  -25.518  -38.451  34.859 0.5000000000
34961  -23.516  -40.675  34.782 0.4000000060
31767  -22.857  -44.935  35.362 0.3000000119
96592  -28.130  -36.339  32.994 0.6000000238
30943  -22.861  -45.552  34.838 0.3000000119
95995  -25.912  -36.219  32.196 0.5000000000
38420  -26.956  -36.076  31.995 0.6000000238
30165  -23.101  -46.226  35.234 0.2000000030
30175  -23.629  -46.668  34.522 0.2000000030
30957  -23.609  -45.725  33.393 0.2000000030
103970  -26.217  -35.981  31.544 0.6000000238
30184  -23.212  -46.066  33.967 0.2000000030
30971  -23.979  -45.358  32.763 0.2000000030
37538  -23.442  -37.467  30.307 0.4000000060
30958  -24.629  -45.807  33.274 0.2000000030
31784  -24.425  -44.837  32.220 0.2000000030
31797  -24.760  -44.312  31.638 0.2000000030
33404  -23.637  -42.545  30.617 0.2000000030
34992  -23.316  -40.413  29.511 0.2000000030
107409  -22.727  -40.027  29.980 0.2000000030
35842  -23.047  -38.968  29.068 0.2000000030
38244  -42.650  -36.636  44.663 0.1000000015
38261  -43.907  -36.584  42.730 0.2000000030
39256  -45.035  -35.336  42.073 0.3000000119
40285  -45.483  -34.089  41.898 0.3000000119
39285  -44.813  -34.641  41.315 0.3000000119
42082  -45.419  -32.656  41.462 0.1000000015
41197  -44.508  -33.665  40.919 0.3000000119
97740  -27.890  -38.011  35.637 0.6000000238
37490  -29.325  -37.361  35.595 0.6999999881
35812  -24.394  -39.390  34.626 0.4000000060
96678  -24.498  -38.648  34.363 0.5000000000
37487  -26.990  -37.896  35.261 0.5000000000
37489  -28.521  -37.295  35.404 0.6000000238
34973  -22.803  -40.589  34.116 0.4000000060
35811  -23.471  -39.789  34.258 0.4000000060
36659  -23.854  -38.854  34.035 0.4000000060
101270  -24.966  -38.163  34.445 0.5000000000
37499  -24.999  -37.449  34.062 0.5000000000
109422  -26.398  -36.909  34.250 0.6000000238
36660  -24.317  -38.056  33.839 0.5000000000
38367  -25.735  -37.089  34.176 0.5000000000
38368  -26.920  -36.638  34.017 0.5000000000
112730  -22.367  -43.095  33.748 0.4000000060
34981  -22.401  -40.813  33.269 0.4000000060
96174  -22.428  -40.111  32.846 0.4000000060
38381  -24.706  -36.773  32.854 0.5000000000
38382  -26.129  -36.624  33.651 0.5000000000
33393  -22.313  -43.004  33.098 0.3000000119
34155  -22.317  -41.541  32.605 0.3000000119
34984  -22.328  -40.706  32.245 0.4000000060
36687  -23.376  -38.061  32.587 0.5000000000
38399  -25.535  -36.488  32.928 0.5000000000
38401  -27.357  -36.286  32.822 0.6000000238
112472  -22.465  -44.042  33.873 0.3000000119
103049  -22.513  -44.239  33.445 0.3000000119
31795  -22.933  -44.057  32.155 0.3000000119
110317  -22.373  -42.160  32.216 0.3000000119
34158  -22.401  -41.597  31.706 0.2000000030
37532  -23.614  -37.391  31.799 0.4000000060
38398  -24.306  -36.772  32.104 0.5000000000
31776  -22.659  -44.940  33.551 0.2000000030
31783  -23.417  -44.730  32.438 0.3000000119
100134  -23.681  -37.091  30.899 0.5000000000
38418  -24.674  -36.405  31.463 0.5000000000
31796  -23.755  -44.289  31.792 0.2000000030
32595  -24.136  -43.752  31.283 0.2000000030
35836  -22.557  -39.485  30.566 0.2000000030
36695  -23.149  -37.951  30.907 0.4000000060
101086  -23.115  -38.087  30.013 0.3000000119
34162  -23.223  -41.611  30.427 0.2000000030
35838  -22.789  -39.288  29.784 0.2000000030
40257  -42.993  -34.699  44.201 0.1000000015
40258  -43.808  -34.654  43.206 0.1000000015
40272  -45.650  -33.549  42.031 0.3000000119
43100  -45.675  -31.545  41.696 0.2000000030
35828  -23.199  -39.174  33.492 0.4000000060
35810  -22.732  -39.941  33.513 0.4000000060
36676  -23.586  -38.407  33.371 0.4000000060
37512  -23.890  -37.747  33.217 0.5000000000
37513  -24.494  -37.313  33.386 0.5000000000
37514  -25.226  -36.882  33.557 0.5000000000
36675  -23.060  -38.768  32.912 0.4000000060
35831  -22.414  -39.793  32.229 0.3000000119
36686  -22.705  -38.909  32.173 0.4000000060
37525  -23.996  -37.263  32.708 0.4000000060
33399  -22.559  -42.469  31.766 0.2000000030
34987  -22.350  -40.263  31.634 0.2000000030
33403  -22.780  -42.084  31.067 0.2000000030
34161  -22.569  -41.234  30.903 0.2000000030
96348  -22.455  -40.344  30.837 0.2000000030
36691  -22.676  -38.798  31.194 0.3000000119
32594  -23.290  -43.576  31.575 0.2000000030
33400  -23.028  -42.859  31.332 0.2000000030
36694  -22.776  -38.723  30.341 0.3000000119
32604  -23.652  -43.221  31.058 0.2000000030
96536  -43.066  -33.538  44.104 0.1000000015
41168  -44.642  -33.554  42.866 0.1000000015
43078  -45.414  -30.499  41.687 0.2000000030
43099  -45.364  -30.485  41.141 0.2000000030
43964  -45.285  -29.503  41.469 0.2000000030
39227  -42.044  -34.999  46.613 0.1000000015
41158  -42.552  -33.453  45.836 0.1000000015
42042  -44.101  -32.862  43.166 0.1000000015
43060  -45.542  -32.085  42.345 0.1000000015
45508  -44.742  -27.946  41.497 0.2000000030
45523  -41.636  -27.975  39.627 0.3000000119
98657  -40.046  -28.380  38.599 0.5000000000
42053  -44.394  -32.249  42.874 0.1000000015
43945  -42.850  -30.685  42.261 0.1000000015
106150  -43.665  -28.304  42.283 0.1000000015
43059  -45.305  -31.461  42.271 0.1000000015
44748  -44.624  -28.138  42.078 0.2000000030
109211  -43.699  -27.240  41.847 0.2000000030
46256  -42.410  -26.774  41.688 0.2000000030
45524  -43.526  -27.477  40.695 0.2000000030
45541  -39.647  -27.835  38.858 0.5000000000
46273  -42.588  -27.163  40.706 0.2000000030
46290  -38.099  -27.730  37.953 0.3000000119
45491  -43.637  -27.321  42.152 0.2000000030
46272  -41.560  -27.082  40.611 0.2000000030
45522  -40.606  -27.715  39.438 0.4000000060
46271  -39.853  -27.378  39.925 0.3000000119
46289  -37.347  -27.452  37.659 0.3000000119
43960  -41.123  -29.715  42.210 0.1000000015
46234  -41.971  -26.753  42.144 0.2000000030
46255  -41.339  -26.713  41.576 0.1000000015
94784  -40.711  -27.074  40.554 0.1000000015
45489  -41.092  -26.709  41.916 0.1000000015
52520  -46.094  -19.810  36.879 0.6000000238
98353  -46.000  -19.588  35.674 0.5000000000
47045  -36.289  -26.394  37.469 0.5000000000
51661  -44.425  -20.685  35.986 0.6000000238
51649  -45.848  -20.466  37.960 0.5000000000
50907  -44.493  -21.471  38.673 0.5000000000
51638  -45.372  -20.860  38.761 0.5000000000
50897  -44.661  -21.175  39.710 0.4000000060
50885  -41.000  -22.097  40.234 0.6000000238
50886  -41.889  -21.721  40.904 0.4000000060
104723  -43.976  -21.259  40.600 0.3000000119
111561  -43.272  -20.883  40.706 0.3000000119
52454  -44.017  -20.746  40.420 0.3000000119
52468  -44.714  -20.199  39.359 0.3000000119
51627  -45.037  -20.489  38.983 0.5000000000
51639  -46.025  -20.029  38.653 0.5000000000
52498  -46.453  -19.614  38.161 0.5000000000
52543  -46.610  -19.080  35.602 0.5000000000
52478  -41.894  -19.701  37.330 0.3000000119
102061  -40.754  -19.691  36.457 0.3000000119
98703  -43.695  -19.462  38.066 0.3000000119
52479  -45.432  -19.298  38.451 0.5000000000
52499  -46.762  -19.132  37.613 0.5000000000
52480  -46.189  -19.452  38.441 0.5000000000
37429  -42.493  -37.204  40.490 0.4000000060
40316  -42.044  -34.383  39.857 0.5000000000
38292  -43.449  -36.923  41.169 0.5000000000
106938  -41.939  -37.007  39.809 0.5000000000
103744  -41.789  -37.919  41.096 0.4000000060
36483  -41.380  -38.923  44.751 0.3000000119
36505  -41.274  -38.677  43.850 0.3000000119
35664  -40.715  -39.320  44.265 0.3000000119
37395  -42.560  -37.512  42.718 0.3000000119
112522  -43.294  -37.117  41.601 0.3000000119
37410  -42.758  -37.415  41.157 0.4000000060
97179  -41.079  -38.173  39.964 0.5000000000
27617  -14.742  -48.920  38.867 0.1000000015
30136  -24.136  -46.118  38.304 0.2000000030
100559  -20.826  -49.100  40.176 0.1000000015
30137  -24.467  -46.706  38.720 0.2000000030
31773  -22.601  -44.632  34.325 0.3000000119
31715  -24.391  -43.964  40.616 0.1000000015
34145  -22.924  -41.322  34.589 0.4000000060
31714  -23.623  -44.239  40.760 0.1000000015
96662  -21.544  -44.877  38.287 0.1000000015
35797  -27.092  -39.801  35.984 0.6999999881
36649  -27.405  -38.936  35.803 0.6999999881
37482  -29.501  -38.078  36.247 0.6999999881
38369  -27.680  -36.642  34.366 0.6000000238
35642  -40.861  -39.395  45.186 0.3000000119
36525  -40.957  -38.190  42.736 0.6000000238
35724  -40.529  -38.483  39.565 0.6999999881
36597  -40.799  -38.209  39.536 0.6999999881
36570  -41.610  -37.926  40.434 0.5000000000
101814  -45.496  -30.707  41.626 0.2000000030
42081  -44.938  -31.727  40.867 0.2000000030
37445  -40.975  -37.782  39.427 0.6999999881
111813  -43.062  -32.981  40.128 0.5000000000
37463  -40.412  -37.516  38.768 0.8000000119
44749  -45.068  -28.431  41.613 0.2000000030
25755  -17.002  -51.810  38.264 0.1000000015
24772  -14.904  -52.388  47.428 0.1000000015
99780  -14.617  -56.136  49.061 0.1000000015
24053  -16.772  -53.202  39.920 0.1000000015
24782  -14.722  -51.855  46.559 0.1000000015
25739  -18.391  -51.644  39.465 0.1000000015
25756  -18.010  -51.384  38.642 0.1000000015
25656  -14.523  -50.942  45.236 0.1000000015
28457  -21.992  -48.243  40.807 0.1000000015
30106  -23.127  -45.791  40.730 0.1000000015
30892  -22.054  -44.795  39.064 0.1000000015
21528  -13.096  -56.431  43.529 0.1000000015
24005  -13.704  -53.081  43.439 0.1000000015
113269  -24.961  -47.154  44.389 0.1000000015
29257  -24.587  -47.045  43.692 0.1000000015
30069  -26.215  -47.045  44.799 0.1000000015
29266  -24.809  -46.139  43.020 0.1000000015
30083  -26.148  -45.872  42.895 0.1000000015
23235  -13.338  -54.518  42.460 0.1000000015
102876  -13.474  -51.470  43.171 0.1000000015
29280  -27.144  -46.799  42.390 0.2000000030
111118  -12.421  -54.642  41.651 0.1000000015
24839  -12.778  -52.200  41.712 0.1000000015
28416  -29.190  -48.623  44.565 0.1000000015
28417  -29.573  -49.566  45.181 0.1000000015
27569  -28.376  -48.859  41.723 0.2000000030
31716  -24.963  -44.361  40.991 0.1000000015
104510  -9.129  -56.873  43.423 0.1000000015
95722  -13.136  -51.232  42.485 0.1000000015
27530  -29.738  -50.352  44.887 0.2000000030
99381  -30.222  -50.271  44.167 0.2000000030
27571  -30.519  -50.891  43.731 0.2000000030
26615  -30.827  -51.847  44.238 0.2000000030
26666  -30.763  -51.749  43.384 0.2000000030
26664  -28.239  -50.145  40.231 0.2000000030
30118  -24.924  -46.495  39.538 0.2000000030
23212  -8.595  -54.449  44.514 0.1000000015
24850  -11.338  -51.808  40.705 0.1000000015
27587  -14.318  -48.752  41.322 0.1000000015
27588  -14.750  -49.011  40.922 0.1000000015
27608  -25.749  -48.784  38.880 0.2000000030
28488  -24.708  -48.239  38.356 0.2000000030
28474  -25.162  -48.103  39.043 0.2000000030
107746  -9.760  -51.832  41.767 0.1000000015
25722  -11.748  -51.075  40.566 0.1000000015
26654  -11.691  -50.296  40.622 0.1000000015
26655  -12.356  -49.500  41.102 0.1000000015
24872  -31.398  -53.696  42.282 0.2000000030
26702  -27.808  -50.479  38.842 0.2000000030
27622  -25.782  -49.314  38.191 0.2000000030
26701  -26.435  -49.756  38.124 0.2000000030
100893  -29.045  -50.901  38.511 0.2000000030
29341  -23.865  -47.525  37.567 0.2000000030
28497  -24.767  -48.672  37.520 0.2000000030
27644  -25.422  -49.100  37.083 0.2000000030
106117  -30.780  -49.277  37.102 0.2000000030
27637  -31.611  -49.395  37.126 0.2000000030
28504  -24.278  -48.134  36.055 0.2000000030
28506  -25.739  -48.780  36.408 0.2000000030
29362  -27.663  -47.719  35.237 0.2000000030
28511  -30.482  -48.336  36.151 0.2000000030
29363  -28.621  -47.566  35.320 0.2000000030
29375  -28.196  -47.186  34.773 0.2000000030
29376  -29.150  -47.097  34.909 0.2000000030
35851  -23.822  -38.994  27.478 0.2000000030
26720  -30.414  -50.078  37.628 0.2000000030
27635  -28.655  -49.807  37.238 0.2000000030
28507  -26.660  -48.786  36.280 0.2000000030
28508  -27.614  -48.722  36.210 0.2000000030
28509  -28.611  -48.555  36.201 0.2000000030
28520  -27.143  -48.289  35.709 0.2000000030
29361  -26.681  -47.815  35.238 0.2000000030
30178  -26.743  -46.746  34.246 0.2000000030
30188  -27.278  -46.235  33.709 0.2000000030
30974  -27.286  -45.123  32.528 0.2000000030
38462  -24.249  -36.365  28.561 0.3000000119
38451  -24.316  -36.253  29.433 0.4000000060
30973  -26.136  -45.265  32.619 0.2000000030
32607  -26.542  -43.179  30.497 0.2000000030
95457  -25.330  -41.697  29.240 0.2000000030
36698  -23.184  -38.222  29.244 0.2000000030
30176  -24.668  -46.823  34.315 0.2000000030
30186  -25.190  -46.328  33.742 0.2000000030
30972  -25.074  -45.326  32.698 0.2000000030
37346  -41.925  -37.779  45.731 0.2000000030
103548  -23.271  -46.646  35.012 0.2000000030
38419  -25.450  -36.124  31.504 0.4000000060
30185  -24.077  -46.332  33.804 0.2000000030
37378  -42.451  -37.832  43.677 0.2000000030
38260  -43.227  -36.999  43.339 0.1000000015
36526  -41.880  -38.001  43.300 0.2000000030
39244  -44.385  -35.688  42.575 0.3000000119
39270  -44.564  -35.662  41.406 0.3000000119
38277  -44.336  -36.336  42.179 0.3000000119
38278  -44.735  -35.777  41.836 0.3000000119
104120  -43.250  -35.069  40.456 0.3000000119
38322  -42.390  -36.267  40.109 0.4000000060
38305  -43.168  -36.629  40.635 0.4000000060
40317  -42.830  -34.381  40.277 0.5000000000
36598  -41.371  -37.965  39.945 0.4000000060
39302  -42.522  -35.214  40.164 0.5000000000
38321  -41.484  -36.169  39.595 0.6000000238
35813  -25.061  -38.943  34.843 0.5000000000
36648  -26.135  -38.247  35.081 0.5000000000
30174  -23.081  -46.126  34.618 0.2000000030
38400  -26.433  -36.333  32.866 0.5000000000
30951  -22.816  -45.498  34.138 0.3000000119
30970  -23.114  -45.196  33.025 0.3000000119
101770  -25.057  -36.411  32.201 0.5000000000
34989  -22.899  -40.795  30.230 0.2000000030
39243  -43.249  -35.838  43.589 0.1000000015
40271  -45.451  -34.336  42.045 0.2000000030
40270  -45.074  -34.550  42.417 0.2000000030
42056  -45.768  -32.885  42.012 0.2000000030
39257  -45.176  -35.053  41.858 0.3000000119
37500  -26.296  -37.449  34.669 0.5000000000
98637  -25.587  -37.759  34.561 0.5000000000
37488  -27.721  -37.167  35.103 0.6000000238
34151  -22.347  -41.696  33.438 0.4000000060
96148  -22.336  -42.454  33.611 0.4000000060
95209  -26.862  -36.457  33.417 0.5000000000
38383  -27.566  -36.437  33.594 0.6000000238
98461  -22.321  -42.277  32.860 0.4000000060
33396  -22.431  -42.812  32.412 0.3000000119
32590  -22.492  -43.661  32.735 0.3000000119
36692  -23.076  -38.213  31.740 0.3000000119
32593  -22.670  -43.270  31.950 0.3000000119
101472  -22.388  -40.847  31.427 0.2000000030
35834  -22.426  -39.586  31.436 0.3000000119
40240  -42.651  -34.184  45.189 0.1000000015
41178  -45.541  -33.383  42.223 0.1000000015
42055  -45.782  -32.445  42.099 0.2000000030
43079  -45.762  -31.627  41.940 0.2000000030
35827  -22.675  -39.423  32.873 0.4000000060
42054  -45.220  -32.683  42.591 0.1000000015
43946  -44.660  -30.553  42.070 0.2000000030
41148  -42.282  -33.493  46.621 0.1000000015
42020  -42.325  -32.919  46.407 0.1000000015
40228  -42.391  -34.169  46.235 0.1000000015
42041  -43.038  -32.545  43.922 0.1000000015
43058  -43.633  -31.482  42.662 0.1000000015
45492  -44.520  -27.779  41.744 0.2000000030
43944  -41.579  -30.427  42.518 0.1000000015
43962  -43.862  -29.680  41.959 0.1000000015
52467  -43.230  -20.268  39.368 0.3000000119
52496  -41.265  -19.254  35.923 0.3000000119
37428  -41.995  -37.699  40.471 0.5000000000
36547  -41.736  -37.738  42.183 0.4000000060
31576  -10.555  -44.664  53.516 0.5000000000
31584  -10.153  -45.078  53.009 0.4000000060
31599  -9.727  -45.404  51.759 0.6000000238
32360  -14.708  -43.565  53.379 0.3000000119
33126  -15.301  -43.245  53.558 0.3000000119
31583  -9.311  -45.109  52.968 0.4000000060
40429  -28.045  -35.152  28.928 0.4000000060
40439  -27.521  -34.862  28.220 0.4000000060
47096  -41.278  -26.379  31.217 0.2000000030
47914  -40.870  -25.980  30.871 0.2000000030
47123  -41.204  -25.713  29.244 0.2000000030
47944  -42.786  -25.525  28.713 0.2000000030
47121  -39.502  -26.291  29.594 0.3000000119
96045  -40.758  -26.155  27.608 0.2000000030
97177  -41.649  -26.043  27.197 0.2000000030
47141  -42.197  -25.755  27.962 0.2000000030
94376  -39.749  -26.425  27.249 0.3000000119
111878  -41.120  -26.223  26.892 0.2000000030
105927  -42.415  -25.950  27.093 0.2000000030
47163  -42.173  -26.208  26.352 0.2000000030
94377  -37.869  -26.601  27.436 0.3000000119
47160  -39.046  -26.523  26.294 0.2000000030
47187  -40.248  -26.471  25.439 0.2000000030
109848  -40.653  -26.414  24.808 0.2000000030
47190  -42.657  -26.370  25.518 0.2000000030
47188  -41.021  -26.443  25.546 0.2000000030
47858  -36.257  -24.734  38.802 0.4000000060
48658  -36.637  -24.118  37.542 0.5000000000
48000  -35.808  -24.777  24.929 0.4000000060
98457  -37.267  -25.421  24.297 0.3000000119
100491  -38.024  -25.599  24.002 0.3000000119
47220  -43.412  -26.145  23.820 0.2000000030
47157  -36.354  -26.411  26.520 0.3000000119
47183  -36.605  -26.148  25.667 0.3000000119
47184  -37.443  -26.308  25.503 0.3000000119
47185  -38.371  -26.408  25.389 0.2000000030
48003  -38.850  -25.729  23.788 0.2000000030
47217  -40.653  -26.173  23.894 0.2000000030
48644  -36.124  -24.339  38.650 0.4000000060
48645  -36.310  -24.030  39.041 0.3000000119
49409  -36.783  -23.502  39.071 0.4000000060
49415  -36.865  -23.832  38.105 0.4000000060
97284  -38.383  -23.050  37.885 0.4000000060
49423  -37.245  -23.527  36.734 0.5000000000
49539  -35.707  -24.070  24.838 0.4000000060
48788  -36.991  -24.718  24.094 0.3000000119
47219  -42.529  -26.164  23.814 0.2000000030
50277  -36.514  -22.950  24.511 0.4000000060
48795  -37.526  -24.236  23.594 0.2000000030
103209  -39.334  -25.298  23.265 0.2000000030
48016  -41.131  -25.700  23.183 0.2000000030
48032  -41.580  -25.267  22.689 0.2000000030
49548  -37.905  -23.430  23.386 0.3000000119
48796  -38.364  -24.087  23.097 0.2000000030
48797  -39.061  -24.573  22.930 0.2000000030
48031  -40.714  -25.160  22.695 0.2000000030
50155  -35.653  -22.719  37.452 0.2000000030
50157  -37.816  -23.290  37.980 0.4000000060
49410  -37.220  -23.314  39.137 0.4000000060
51037  -38.993  -22.047  23.006 0.2000000030
50286  -39.510  -22.451  22.373 0.2000000030
50278  -37.231  -22.524  24.245 0.3000000119
51034  -38.605  -21.718  23.729 0.2000000030
49553  -39.427  -23.376  22.421 0.2000000030
49561  -40.957  -23.569  21.845 0.2000000030
48804  -40.399  -24.520  22.403 0.2000000030
47852  -35.973  -24.687  38.919 0.2000000030
49407  -35.828  -23.946  38.577 0.2000000030
49408  -36.464  -23.618  38.674 0.2000000030
50902  -36.511  -22.062  37.774 0.2000000030
50156  -36.340  -22.715  38.262 0.2000000030
49402  -36.965  -23.247  39.186 0.3000000119
50141  -37.089  -22.907  39.285 0.3000000119
107983  -37.379  -22.953  39.183 0.4000000060
50150  -39.418  -22.424  39.252 0.4000000060
50149  -38.700  -22.761  38.556 0.4000000060
51029  -37.662  -21.831  24.721 0.4000000060
51038  -39.546  -21.550  22.622 0.2000000030
100256  -41.106  -22.879  21.652 0.2000000030
50294  -42.516  -22.703  21.365 0.2000000030
51790  -39.801  -20.724  24.215 0.2000000030
51796  -39.746  -20.740  23.032 0.2000000030
51039  -40.070  -20.991  22.187 0.2000000030
51044  -41.371  -21.612  21.341 0.2000000030
53494  -41.329  -18.926  21.943 0.2000000030
52672  -41.725  -19.093  21.091 0.2000000030
51794  -40.283  -20.200  23.461 0.2000000030
51797  -40.331  -20.283  22.556 0.2000000030
52671  -41.207  -19.809  21.382 0.2000000030
51809  -41.681  -20.388  20.848 0.2000000030
52659  -42.482  -19.418  24.711 0.3000000119
53482  -41.570  -18.754  22.927 0.3000000119
53502  -42.287  -18.593  20.726 0.2000000030
52657  -40.876  -19.790  23.852 0.3000000119
52663  -41.234  -19.285  23.429 0.3000000119
52481  -46.494  -19.047  37.859 0.4000000060
55102  -50.848  -15.690  31.393 0.4000000060
55109  -50.145  -16.335  30.546 0.4000000060
105539  -49.363  -16.726  29.705 0.4000000060
54308  -47.409  -17.930  28.003 0.4000000060
55118  -48.616  -17.226  29.129 0.4000000060
53466  -45.359  -18.691  26.056 0.5000000000
53450  -45.976  -18.473  26.492 0.5000000000
96582  -47.321  -17.659  27.082 0.4000000060
55126  -48.571  -17.049  28.132 0.4000000060
53479  -44.598  -18.441  24.844 0.6000000238
54342  -46.011  -17.898  25.243 0.5000000000
53477  -42.901  -18.851  24.275 0.4000000060
54357  -42.937  -17.863  22.913 0.4000000060
54358  -43.519  -17.403  22.400 0.3000000119
52521  -46.901  -19.072  36.870 0.4000000060
98139  -46.947  -18.888  31.133 0.5000000000
54286  -47.781  -18.034  30.060 0.5000000000
112655  -48.957  -17.075  29.923 0.4000000060
54309  -48.006  -17.322  27.490 0.4000000060
54318  -47.264  -17.495  26.402 0.5000000000
53464  -43.996  -19.015  25.343 0.5000000000
54204  -46.851  -17.833  37.191 0.4000000060
53340  -47.471  -18.524  36.975 0.4000000060
53356  -47.371  -18.511  35.892 0.4000000060
53370  -47.376  -18.448  33.753 0.4000000060
53382  -47.070  -18.730  32.333 0.4000000060
53383  -47.804  -18.220  31.889 0.4000000060
54273  -48.084  -17.743  31.007 0.4000000060
54287  -48.520  -17.481  30.179 0.4000000060
55136  -48.973  -16.296  26.841 0.4000000060
97713  -48.546  -16.785  27.422 0.4000000060
55119  -49.156  -16.613  28.696 0.4000000060
55149  -48.321  -16.615  26.096 0.5000000000
94060  -47.004  -17.539  25.868 0.5000000000
54319  -47.762  -17.156  26.631 0.4000000060
55159  -47.160  -17.054  24.624 0.5000000000
108540  -47.321  -18.101  37.174 0.4000000060
54217  -48.046  -17.302  36.346 0.4000000060
55101  -50.360  -16.163  31.779 0.4000000060
97162  -48.514  -17.314  35.830 0.4000000060
54260  -48.625  -17.614  32.110 0.4000000060
54274  -49.041  -17.292  31.511 0.4000000060
55108  -49.505  -16.899  30.813 0.4000000060
55959  -49.985  -16.068  29.289 0.4000000060
98519  -49.640  -16.099  28.277 0.4000000060
55968  -49.746  -15.834  27.453 0.4000000060
55150  -49.184  -15.975  25.875 0.4000000060
55982  -49.921  -15.613  26.495 0.4000000060
55100  -49.822  -16.580  32.232 0.4000000060
97255  -50.523  -15.447  28.295 0.4000000060
107598  -45.013  -25.883  26.960 0.2000000030
47164  -43.083  -26.112  26.492 0.2000000030
105926  -44.343  -26.332  25.689 0.2000000030
47189  -41.803  -26.398  25.529 0.2000000030
47192  -45.006  -26.347  25.387 0.2000000030
47182  -35.815  -25.904  25.836 0.3000000119
49540  -36.361  -23.718  24.417 0.4000000060
50282  -37.901  -22.090  23.966 0.3000000119
50903  -39.599  -22.542  37.496 0.5000000000
111883  -40.301  -22.362  37.893 0.4000000060
52658  -41.646  -19.579  24.316 0.3000000119
53449  -45.358  -18.883  26.619 0.5000000000
53435  -45.672  -18.884  27.230 0.5000000000
53436  -46.368  -18.432  27.224 0.5000000000
53437  -46.712  -18.384  27.905 0.5000000000
53421  -47.014  -18.369  28.710 0.5000000000
53405  -47.231  -18.462  29.617 0.5000000000
47991  -35.394  -25.212  25.497 0.3000000119
53394  -47.411  -18.417  30.580 0.5000000000
53465  -44.719  -18.838  25.674 0.6000000238
109414  -40.010  -22.189  40.440 0.4000000060
53321  -46.994  -18.530  37.394 0.4000000060
47108  -40.118  -26.272  30.404 0.3000000119
47109  -40.670  -25.833  29.921 0.2000000030
47122  -40.689  -25.908  28.805 0.2000000030
47140  -41.412  -25.841  28.285 0.2000000030
47124  -41.935  -25.576  29.282 0.2000000030
47142  -42.977  -25.745  27.582 0.2000000030
111061  -40.155  -26.017  29.495 0.2000000030
47138  -39.160  -26.435  28.468 0.3000000119
47139  -39.978  -26.168  28.549 0.3000000119
94220  -38.747  -26.549  27.388 0.3000000119
47161  -40.602  -26.401  26.444 0.2000000030
47162  -41.407  -26.314  26.325 0.2000000030
47159  -38.134  -26.520  26.409 0.3000000119
47158  -37.227  -26.476  26.465 0.3000000119
94718  -39.814  -26.507  26.118 0.2000000030
47186  -39.334  -26.433  25.190 0.2000000030
47204  -39.979  -26.328  24.516 0.2000000030
47205  -41.328  -26.400  24.699 0.2000000030
47206  -42.170  -26.392  24.658 0.2000000030
47992  -36.138  -25.520  25.181 0.3000000119
48001  -36.531  -25.155  24.575 0.3000000119
47200  -36.883  -25.873  24.870 0.3000000119
47201  -37.699  -26.048  24.650 0.3000000119
47202  -38.566  -26.149  24.465 0.3000000119
48002  -37.606  -25.005  23.835 0.3000000119
47207  -43.055  -26.391  24.623 0.2000000030
99474  -43.913  -26.356  24.558 0.2000000030
48015  -38.369  -24.947  23.455 0.2000000030
47203  -39.265  -26.179  24.257 0.2000000030
47216  -39.700  -25.931  23.732 0.2000000030
47218  -41.635  -26.171  23.825 0.2000000030
97299  -40.215  -25.567  23.175 0.2000000030
49416  -37.264  -23.540  38.046 0.4000000060
48787  -36.349  -24.395  24.461 0.3000000119
48794  -36.812  -24.083  24.028 0.2000000030
48018  -42.917  -25.754  23.187 0.2000000030
48017  -42.031  -25.740  23.180 0.2000000030
49541  -37.081  -23.396  23.909 0.2000000030
48805  -41.191  -24.703  22.362 0.2000000030
48806  -42.014  -24.759  22.305 0.2000000030
107753  -37.654  -22.807  23.724 0.3000000119
107548  -38.981  -23.939  22.716 0.2000000030
111775  -39.858  -24.937  22.739 0.2000000030
48803  -39.616  -24.209  22.498 0.2000000030
49552  -38.634  -23.395  22.891 0.2000000030
50147  -36.905  -23.217  39.125 0.2000000030
50148  -37.824  -23.005  39.104 0.4000000060
50285  -38.954  -22.800  22.735 0.2000000030
51035  -39.235  -21.273  23.470 0.2000000030
50283  -38.354  -22.611  23.311 0.2000000030
102498  -40.245  -22.891  21.891 0.2000000030
49554  -40.211  -23.802  22.129 0.2000000030
48819  -40.860  -24.174  22.123 0.2000000030
48820  -41.552  -24.163  21.981 0.2000000030
48643  -35.552  -24.570  38.588 0.2000000030
50891  -36.843  -22.614  38.711 0.2000000030
50883  -37.332  -22.571  39.078 0.3000000119
50142  -38.337  -22.393  39.626 0.4000000060
50143  -39.196  -22.206  40.313 0.4000000060
50287  -40.068  -21.883  21.946 0.2000000030
50293  -41.669  -22.436  21.447 0.2000000030
50292  -40.822  -22.140  21.626 0.2000000030
51043  -40.631  -21.265  21.648 0.2000000030
51801  -40.629  -20.417  21.829 0.2000000030
51802  -41.160  -20.748  21.295 0.2000000030
51049  -41.814  -21.206  20.956 0.2000000030
53489  -42.068  -18.245  22.419 0.2000000030
52668  -41.010  -19.200  22.628 0.2000000030
52678  -41.762  -19.742  20.760 0.2000000030
53495  -42.052  -18.332  21.541 0.2000000030
52662  -40.639  -19.669  22.948 0.2000000030
52667  -40.790  -19.684  22.164 0.2000000030
52660  -43.266  -19.251  25.023 0.4000000060
52664  -42.034  -19.033  23.876 0.3000000119
53483  -42.450  -18.462  23.386 0.3000000119
54364  -42.629  -17.685  21.976 0.2000000030
54373  -42.663  -17.883  21.088 0.2000000030
54298  -48.101  -17.568  28.345 0.4000000060
54297  -47.804  -17.912  29.119 0.4000000060
107198  -46.910  -18.101  27.369 0.5000000000
112901  -45.835  -18.304  25.810 0.5000000000
53480  -45.345  -18.370  25.379 0.5000000000
54307  -46.729  -17.960  26.618 0.5000000000
101359  -46.386  -17.956  25.881 0.5000000000
53478  -43.711  -18.677  24.608 0.5000000000
54351  -44.721  -17.824  24.085 0.5000000000
54341  -45.426  -17.899  24.657 0.6000000238
53485  -44.089  -18.201  24.167 0.5000000000
55135  -48.284  -16.825  26.880 0.4000000060
53484  -43.368  -18.313  23.810 0.4000000060
54350  -43.952  -17.689  23.373 0.4000000060
102413  -44.763  -17.422  23.406 0.5000000000
54359  -44.413  -17.188  22.714 0.4000000060
54353  -46.294  -17.395  24.401 0.5000000000
54343  -46.723  -17.515  25.216 0.5000000000
53357  -48.032  -17.998  35.732 0.4000000060
110772  -47.001  -18.649  34.333 0.4000000060
54232  -48.401  -17.891  34.654 0.4000000060
53371  -47.821  -18.208  33.125 0.4000000060
55127  -49.064  -16.456  27.785 0.4000000060
55148  -47.591  -17.092  25.918 0.5000000000
54331  -47.377  -17.134  25.286 0.5000000000
53322  -47.684  -17.970  36.802 0.4000000060
54247  -48.730  -17.599  33.468 0.4000000060
112618  -44.381  -25.931  26.843 0.2000000030
47166  -44.731  -26.197  26.232 0.2000000030
33125  -14.387  -43.332  53.568 0.2000000030
33900  -14.523  -41.871  50.086 0.2000000030
33166  -15.425  -42.158  50.560 0.2000000030
34727  -17.986  -41.051  46.938 0.1000000015
34745  -17.838  -40.819  46.147 0.1000000015
31582  -8.280  -44.879  53.144 0.4000000060
109795  -8.807  -44.480  52.994 0.3000000119
33124  -13.197  -43.418  53.711 0.2000000030
33144  -13.796  -42.823  53.194 0.2000000030
102751  -15.520  -42.917  53.375 0.2000000030
33879  -13.149  -42.087  51.740 0.1000000015
33880  -14.141  -42.216  51.866 0.2000000030
33145  -14.844  -42.882  53.270 0.2000000030
33146  -15.924  -42.667  52.437 0.2000000030
93594  -16.533  -42.626  52.771 0.2000000030
99401  -9.911  -42.772  49.425 0.1000000015
33187  -11.033  -42.244  49.057 0.1000000015
33897  -11.847  -41.886  49.705 0.1000000015
33898  -12.644  -41.744  50.098 0.1000000015
33899  -13.472  -41.723  50.044 0.1000000015
109793  -15.892  -42.356  50.775 0.2000000030
33186  -10.214  -42.405  48.511 0.1000000015
111213  -12.922  -41.512  49.345 0.1000000015
33169  -17.561  -42.215  50.967 0.2000000030
33944  -9.768  -41.738  46.991 0.1000000015
33202  -10.171  -41.984  47.649 0.1000000015
33922  -11.627  -41.698  48.418 0.1000000015
100951  -12.810  -41.333  48.027 0.1000000015
33925  -14.514  -41.656  48.601 0.1000000015
33902  -18.372  -41.679  49.908 0.1000000015
33945  -10.640  -41.717  47.120 0.1000000015
33947  -12.165  -41.347  47.811 0.1000000015
33948  -13.491  -41.354  47.640 0.1000000015
33929  -18.274  -41.446  48.686 0.1000000015
33971  -12.040  -41.263  46.926 0.1000000015
105483  -12.762  -41.256  47.259 0.1000000015
33972  -13.329  -41.224  46.854 0.1000000015
107661  -18.683  -40.949  48.160 0.1000000015
34741  -11.874  -41.063  46.107 0.1000000015
34742  -12.746  -41.094  46.363 0.1000000015
34746  -18.519  -40.410  46.661 0.1000000015
34728  -19.027  -40.075  47.224 0.1000000015
35585  -20.181  -39.108  47.575 0.1000000015
34770  -15.742  -41.060  45.208 0.1000000015
110665  -15.975  -40.925  44.557 0.1000000015
34772  -17.563  -40.666  45.309 0.1000000015
34773  -18.414  -40.028  45.744 0.1000000015
36449  -19.695  -38.780  46.138 0.1000000015
93737  -19.918  -38.951  46.932 0.1000000015
34796  -14.787  -40.696  43.823 0.1000000015
34769  -14.802  -40.943  45.330 0.1000000015
34771  -16.659  -41.020  45.021 0.1000000015
34799  -17.227  -40.511  44.477 0.1000000015
35613  -17.974  -39.969  44.809 0.1000000015
35598  -19.075  -39.238  45.758 0.1000000015
36462  -20.149  -38.063  45.768 0.1000000015
32371  -9.906  -43.923  53.084 0.2000000030
32357  -10.724  -44.197  53.778 0.3000000119
31572  -7.366  -44.556  53.396 0.3000000119
31574  -8.212  -44.388  53.620 0.1000000015
32370  -8.944  -44.069  53.234 0.1000000015
33122  -11.358  -43.696  53.744 0.2000000030
32358  -11.388  -43.983  53.844 0.1000000015
107452  -8.221  -43.065  51.406 0.1000000015
32381  -9.288  -43.502  52.010 0.1000000015
33141  -10.834  -43.381  52.930 0.1000000015
33143  -12.727  -42.825  53.168 0.1000000015
33161  -8.408  -42.778  49.992 0.1000000015
33162  -9.216  -42.972  50.023 0.1000000015
33163  -10.083  -43.067  51.016 0.1000000015
33164  -11.151  -42.618  50.832 0.1000000015
33142  -11.717  -42.963  53.004 0.1000000015
33183  -7.756  -42.139  49.025 0.1000000015
33184  -8.696  -42.445  48.669 0.1000000015
98636  -10.484  -42.642  49.598 0.1000000015
33165  -12.221  -42.270  51.428 0.1000000015
33167  -16.337  -42.513  51.191 0.2000000030
33920  -8.070  -41.845  48.159 0.1000000015
33185  -9.484  -42.596  48.776 0.1000000015
33188  -15.931  -42.092  49.728 0.1000000015
33168  -17.067  -42.331  50.222 0.1000000015
33942  -7.848  -41.347  47.427 0.1000000015
110272  -8.806  -41.549  46.941 0.1000000015
33201  -9.370  -42.128  47.837 0.1000000015
33926  -16.024  -41.837  48.317 0.1000000015
33190  -17.193  -41.996  48.939 0.1000000015
33967  -7.282  -41.012  46.934 0.1000000015
33968  -9.436  -41.375  46.355 0.1000000015
33973  -14.047  -41.304  46.879 0.1000000015
33949  -14.360  -41.487  47.667 0.1000000015
95257  -15.162  -41.651  47.931 0.1000000015
33927  -16.896  -41.869  48.142 0.1000000015
103759  -8.768  -41.023  46.059 0.1000000015
33969  -10.305  -41.355  46.290 0.1000000015
33970  -11.244  -41.388  46.598 0.1000000015
34743  -13.601  -41.107  46.216 0.1000000015
33974  -15.035  -41.437  46.911 0.1000000015
33951  -16.475  -41.682  47.317 0.1000000015
33952  -17.337  -41.519  47.300 0.1000000015
103956  -7.924  -40.889  46.456 0.1000000015
33991  -9.554  -40.992  45.632 0.1000000015
34740  -11.063  -41.075  45.846 0.1000000015
34768  -13.873  -40.928  45.471 0.1000000015
109744  -17.410  -41.250  46.519 0.1000000015
33953  -18.095  -41.261  47.758 0.1000000015
34710  -18.615  -40.710  47.438 0.1000000015
33990  -8.182  -40.714  45.702 0.1000000015
33992  -10.366  -41.000  45.583 0.1000000015
34766  -11.651  -40.889  45.343 0.1000000015
34767  -12.460  -40.918  45.532 0.1000000015
33994  -16.321  -41.301  45.836 0.1000000015
33995  -17.126  -41.206  45.842 0.1000000015
34765  -10.848  -40.849  45.119 0.1000000015
104335  -11.906  -40.643  44.158 0.1000000015
34764  -10.013  -40.793  44.958 0.1000000015
34793  -11.397  -40.718  44.591 0.1000000015
98168  -5.727  -43.451  53.549 0.3000000119
32355  -7.017  -44.063  53.499 0.2000000030
32356  -7.771  -43.979  53.498 0.1000000015
32380  -8.728  -43.286  51.506 0.1000000015
33159  -6.983  -42.551  51.480 0.1000000015
33160  -7.691  -42.644  50.504 0.1000000015
33894  -4.847  -41.769  49.341 0.1000000015
33895  -5.472  -41.723  49.992 0.1000000015
33919  -6.913  -41.618  48.622 0.1000000015
105194  -6.232  -41.441  48.225 0.1000000015
112978  -7.488  -41.606  48.141 0.1000000015
95967  -6.919  -41.264  47.650 0.1000000015
33966  -6.584  -41.185  46.820 0.1000000015
33965  -5.801  -41.583  46.645 0.1000000015
108247  -7.050  -40.852  46.232 0.1000000015
98405  -6.791  -40.943  45.378 0.1000000015
33989  -7.535  -40.674  45.620 0.1000000015
34790  -7.842  -40.359  44.266 0.1000000015
105918  -8.626  -40.435  44.438 0.1000000015
106204  -9.277  -40.701  44.893 0.1000000015
34814  -8.326  -40.169  43.606 0.1000000015
34791  -9.518  -40.469  44.202 0.1000000015
32347  -3.473  -43.128  54.397 0.1000000015
32348  -4.270  -43.047  54.001 0.1000000015
94643  -5.971  -43.246  53.591 0.2000000030
33139  -6.147  -42.540  52.613 0.2000000030
33121  -6.964  -43.311  53.209 0.2000000030
94748  -6.221  -41.630  49.255 0.1000000015
33896  -6.227  -41.953  50.723 0.1000000015
35590  -36.032  -36.965  49.434 0.1000000015
111668  -34.968  -38.357  48.936 0.1000000015
33120  -5.033  -42.969  53.920 0.2000000030
32365  -1.624  -43.700  53.219 0.2000000030
32345  -2.479  -43.256  54.281 0.2000000030
33119  -3.909  -42.785  54.239 0.1000000015
33138  -5.170  -42.515  53.481 0.1000000015
103001  -3.653  -42.029  51.947 0.1000000015
33877  -4.621  -41.834  50.908 0.1000000015
39406  -25.719  -35.671  30.029 0.3000000119
39421  -26.438  -35.508  29.389 0.3000000119
38461  -23.760  -37.069  28.223 0.2000000030
39435  -25.407  -35.568  28.329 0.3000000119
39420  -25.557  -35.591  29.178 0.3000000119
37549  -23.530  -37.774  28.044 0.2000000030
38474  -24.235  -36.604  27.631 0.2000000030
39450  -24.713  -36.104  27.033 0.2000000030
39422  -27.336  -35.473  29.532 0.3000000119
39451  -25.291  -35.594  27.441 0.2000000030
39466  -25.269  -35.678  26.470 0.2000000030
41369  -34.659  -33.757  24.485 0.2000000030
40506  -33.068  -35.063  24.113 0.2000000030
111459  -34.112  -34.093  24.488 0.2000000030
39437  -27.117  -35.309  28.755 0.3000000119
39452  -26.004  -35.320  27.813 0.3000000119
106009  -26.429  -35.019  27.438 0.3000000119
103459  -27.074  -34.166  26.997 0.2000000030
96634  -25.860  -35.210  26.989 0.3000000119
39467  -25.864  -35.145  26.024 0.2000000030
40458  -26.972  -34.017  26.259 0.2000000030
43294  -37.051  -31.375  24.301 0.2000000030
107454  -36.950  -29.965  24.686 0.2000000030
40469  -26.489  -34.571  25.697 0.2000000030
40477  -26.753  -34.669  24.833 0.2000000030
40470  -27.110  -34.071  25.416 0.2000000030
43292  -35.625  -31.043  24.472 0.2000000030
44162  -36.451  -30.567  24.519 0.2000000030
38535  -25.570  -36.818  24.594 0.2000000030
39480  -26.129  -35.213  25.087 0.2000000030
39492  -27.166  -34.896  24.125 0.2000000030
40478  -27.422  -34.265  24.606 0.2000000030
95310  -34.378  -32.827  24.435 0.2000000030
108568  -34.910  -32.231  24.403 0.2000000030
39507  -29.187  -35.359  23.397 0.2000000030
111923  -30.397  -34.822  23.597 0.2000000030
40504  -31.176  -34.580  23.741 0.2000000030
40505  -32.184  -34.794  23.867 0.2000000030
45637  -41.793  -28.203  28.083 0.2000000030
107375  -40.349  -28.497  27.581 0.2000000030
45651  -39.628  -28.634  27.073 0.2000000030
44940  -37.928  -29.228  25.389 0.2000000030
44957  -36.303  -29.745  24.910 0.2000000030
101953  -37.050  -29.466  25.131 0.2000000030
41362  -27.766  -33.690  25.134 0.2000000030
44161  -35.582  -30.181  24.762 0.2000000030
97494  -28.011  -33.942  24.431 0.2000000030
40480  -29.333  -34.148  23.894 0.2000000030
97420  -34.245  -31.258  24.615 0.2000000030
43291  -34.925  -31.527  24.480 0.2000000030
40502  -28.811  -34.635  23.694 0.2000000030
40503  -29.660  -34.725  23.626 0.2000000030
46379  -40.975  -27.904  30.082 0.2000000030
45624  -39.580  -28.612  29.480 0.2000000030
45625  -40.306  -28.189  29.995 0.2000000030
46363  -40.106  -27.524  30.679 0.2000000030
45635  -39.624  -28.667  28.295 0.2000000030
44923  -38.312  -29.166  27.515 0.2000000030
95647  -37.250  -29.150  25.947 0.2000000030
44937  -34.770  -29.707  25.490 0.2000000030
44938  -35.527  -29.594  25.391 0.2000000030
44939  -36.425  -29.381  25.657 0.2000000030
44142  -34.955  -29.956  24.977 0.2000000030
46362  -39.538  -27.301  30.532 0.2000000030
46342  -40.002  -26.778  30.803 0.2000000030
47107  -39.253  -26.694  30.300 0.2000000030
45623  -38.989  -29.079  29.051 0.2000000030
44920  -35.892  -29.494  26.349 0.2000000030
47137  -38.331  -26.584  28.456 0.2000000030
44905  -36.465  -30.073  27.600 0.2000000030
54352  -45.459  -17.432  23.844 0.4000000060
54360  -45.254  -17.018  23.034 0.5000000000
55172  -46.097  -16.948  23.415 0.5000000000
56857  -51.706  -14.423  20.196 0.1000000015
56858  -52.567  -14.382  20.344 0.1000000015
57623  -51.279  -14.148  19.612 0.1000000015
55949  -51.316  -15.169  30.790 0.3000000119
55940  -51.369  -14.861  31.996 0.3000000119
55173  -46.956  -16.789  23.777 0.5000000000
55174  -47.742  -16.534  24.145 0.5000000000
100642  -53.191  -14.498  20.972 0.2000000030
57624  -52.114  -14.191  19.752 0.1000000015
56859  -53.604  -14.321  20.395 0.1000000015
57625  -53.133  -14.074  19.803 0.1000000015
57660  -51.144  -13.388  18.119 0.1000000015
57637  -51.700  -13.781  18.979 0.1000000015
111989  -38.140  -27.430  39.708 0.1000000015
46269  -37.333  -27.193  39.590 0.2000000030
46281  -37.277  -27.332  38.529 0.2000000030
54234  -49.173  -16.322  35.129 0.3000000119
54218  -48.737  -16.622  35.789 0.3000000119
54248  -49.381  -16.694  34.147 0.3000000119
54261  -49.346  -17.011  32.873 0.3000000119
55090  -50.547  -15.643  33.080 0.3000000119
55081  -50.875  -14.913  33.316 0.3000000119
55925  -50.541  -14.836  33.530 0.2000000030
55941  -51.923  -14.228  31.434 0.2000000030
55091  -50.996  -15.291  32.614 0.3000000119
55950  -51.728  -14.570  30.003 0.2000000030
55984  -52.016  -14.623  26.532 0.1000000015
94570  -48.010  -16.697  25.347 0.4000000060
56791  -52.326  -14.580  24.911 0.2000000030
94283  -52.516  -14.562  24.161 0.2000000030
55160  -47.748  -16.749  24.832 0.4000000060
55162  -49.425  -15.775  24.989 0.3000000119
55995  -50.135  -15.453  25.621 0.3000000119
56807  -53.378  -14.404  24.025 0.1000000015
56808  -54.294  -14.210  23.822 0.1000000015
104740  -53.372  -14.443  23.289 0.3000000119
56826  -53.914  -14.400  22.691 0.2000000030
110924  -54.799  -14.017  23.295 0.2000000030
56840  -52.979  -14.498  21.738 0.2000000030
56841  -54.001  -14.445  21.667 0.2000000030
56849  -54.072  -14.439  20.959 0.2000000030
56860  -54.566  -14.205  20.521 0.2000000030
57626  -54.251  -14.068  19.830 0.1000000015
57638  -52.699  -13.735  19.117 0.1000000015
57661  -52.326  -13.226  18.036 0.1000000015
98786  -48.377  -16.698  36.094 0.3000000119
110060  -48.604  -16.245  35.886 0.3000000119
54219  -48.827  -15.968  35.590 0.3000000119
54233  -48.922  -17.212  34.998 0.3000000119
55070  -49.153  -15.594  35.024 0.2000000030
55924  -49.707  -15.042  34.391 0.2000000030
55933  -51.194  -14.569  32.817 0.1000000015
56719  -51.329  -14.260  32.454 0.2000000030
56735  -51.117  -13.154  31.086 0.1000000015
56729  -52.043  -13.507  31.527 0.1000000015
57520  -52.012  -12.514  30.813 0.1000000015
102602  -52.500  -14.093  28.990 0.1000000015
58315  -52.287  -12.424  29.140 0.1000000015
110236  -52.968  -13.777  28.054 0.1000000015
56772  -52.833  -14.288  26.540 0.1000000015
58326  -52.598  -12.253  28.306 0.1000000015
57541  -53.178  -12.801  28.014 0.1000000015
56773  -53.551  -13.668  26.581 0.1000000015
56784  -53.977  -13.977  25.413 0.1000000015
56793  -54.095  -14.122  24.647 0.1000000015
56842  -54.952  -14.047  22.392 0.1000000015
56850  -54.779  -14.202  21.326 0.2000000030
103808  -55.069  -13.886  19.929 0.2000000030
110692  -53.869  -13.819  19.203 0.1000000015
58432  -51.313  -12.917  17.164 0.1000000015
113300  -53.388  -13.468  18.560 0.1000000015
46280  -36.607  -26.658  39.495 0.2000000030
46288  -36.614  -26.811  38.437 0.2000000030
47038  -36.258  -26.288  38.433 0.3000000119
54216  -47.371  -17.415  36.813 0.3000000119
55057  -47.588  -16.711  36.136 0.3000000119
55906  -48.684  -15.880  35.599 0.2000000030
55919  -48.981  -15.475  35.146 0.2000000030
55097  -45.041  -16.633  31.215 0.2000000030
105295  -45.835  -16.417  31.139 0.2000000030
111992  -49.213  -14.914  33.695 0.2000000030
55098  -45.488  -16.519  30.534 0.1000000015
55099  -46.185  -16.324  30.482 0.1000000015
55938  -46.949  -15.975  30.393 0.1000000015
101056  -49.964  -14.730  33.435 0.2000000030
99411  -45.653  -16.551  29.699 0.1000000015
101832  -46.449  -16.274  29.738 0.1000000015
97033  -47.676  -15.717  30.184 0.1000000015
93948  -48.632  -15.267  30.830 0.1000000015
111248  -49.607  -14.771  32.135 0.1000000015
55932  -50.752  -14.301  32.722 0.1000000015
55945  -47.100  -15.952  29.363 0.1000000015
55946  -48.037  -15.487  29.569 0.1000000015
56726  -49.713  -14.580  31.231 0.1000000015
56727  -50.704  -13.830  31.660 0.1000000015
55967  -48.110  -15.040  28.024 0.1000000015
56745  -49.275  -14.392  29.221 0.1000000015
56734  -49.938  -14.105  30.385 0.1000000015
56744  -48.790  -14.458  28.340 0.1000000015
113277  -49.482  -13.902  28.631 0.1000000015
57519  -51.609  -12.503  30.402 0.1000000015
56756  -49.207  -13.765  27.881 0.1000000015
58313  -51.826  -12.138  28.634 0.1000000015
57553  -53.907  -12.809  26.459 0.1000000015
57570  -54.524  -13.454  25.133 0.1000000015
56794  -54.650  -13.753  24.487 0.1000000015
101049  -49.805  -13.107  27.450 0.1000000015
57540  -50.865  -12.426  28.032 0.1000000015
58325  -52.384  -11.867  28.022 0.1000000015
58334  -53.430  -11.729  26.689 0.1000000015
57562  -54.290  -13.088  25.822 0.1000000015
57617  -55.269  -13.894  20.789 0.2000000030
108853  -54.925  -13.758  19.195 0.1000000015
57627  -55.487  -13.481  19.284 0.1000000015
57662  -53.743  -13.160  17.818 0.1000000015
58467  -50.883  -12.868  15.296 0.1000000015
58449  -51.560  -12.607  16.058 0.1000000015
57639  -54.535  -13.518  18.482 0.1000000015
58448  -50.619  -12.923  16.370 0.1000000015
100753  -35.988  -25.370  39.175 0.2000000030
47037  -36.096  -25.228  38.819 0.3000000119
53308  -46.034  -18.820  38.002 0.3000000119
54203  -45.180  -17.844  36.356 0.3000000119
54215  -45.749  -17.334  35.865 0.3000000119
54231  -46.572  -16.939  35.969 0.3000000119
106271  -44.528  -16.963  32.517 0.2000000030
55058  -48.245  -16.131  35.771 0.3000000119
54259  -44.328  -16.886  31.714 0.2000000030
55086  -45.121  -16.766  32.244 0.2000000030
55076  -45.973  -16.607  33.130 0.2000000030
55077  -46.566  -16.237  32.791 0.2000000030
55069  -48.325  -15.624  34.972 0.2000000030
55087  -45.836  -16.444  31.952 0.2000000030
55078  -47.550  -15.815  33.375 0.2000000030
109476  -46.775  -15.982  31.678 0.2000000030
55088  -48.161  -15.476  32.711 0.2000000030
55107  -46.306  -16.393  29.021 0.1000000015
55939  -47.824  -15.665  31.233 0.1000000015
55957  -47.627  -15.573  28.624 0.1000000015
57539  -49.009  -13.625  27.044 0.1000000015
56809  -55.031  -13.549  24.025 0.1000000015
57551  -50.497  -12.482  26.878 0.1000000015
96680  -53.014  -11.164  26.758 0.1000000015
58342  -53.955  -11.930  26.022 0.1000000015
57571  -54.883  -12.858  24.702 0.1000000015
56827  -55.290  -13.385  23.343 0.1000000015
57618  -55.554  -13.384  20.249 0.2000000030
57640  -55.510  -13.389  18.431 0.1000000015
58433  -52.941  -12.772  17.185 0.1000000015
109348  -52.123  -12.706  16.921 0.1000000015
47032  -35.964  -25.804  39.435 0.1000000015
50884  -38.915  -22.133  40.130 0.3000000119
50137  -39.845  -22.066  40.599 0.2000000030
51607  -41.443  -21.753  40.999 0.2000000030
50876  -42.812  -21.298  40.963 0.2000000030
109906  -44.899  -18.630  37.338 0.3000000119
53336  -40.958  -18.532  34.428 0.2000000030
105319  -45.304  -18.338  37.058 0.3000000119
53354  -42.260  -17.891  33.917 0.2000000030
54213  -43.174  -17.784  34.264 0.2000000030
103360  -44.621  -17.338  34.405 0.2000000030
54228  -42.745  -17.652  33.337 0.2000000030
54229  -43.700  -17.512  33.771 0.2000000030
54230  -45.420  -17.051  34.642 0.3000000119
107224  -43.831  -17.143  32.249 0.2000000030
55075  -45.212  -16.874  33.358 0.2000000030
55067  -46.270  -16.747  34.642 0.2000000030
55068  -47.118  -16.241  34.390 0.2000000030
55956  -46.749  -16.042  28.319 0.1000000015
55966  -47.362  -15.465  27.709 0.1000000015
56755  -48.533  -14.331  27.509 0.1000000015
57549  -48.909  -13.415  26.204 0.1000000015
105581  -52.464  -11.364  26.614 0.1000000015
58341  -53.416  -11.140  26.151 0.1000000015
58343  -54.402  -12.298  25.329 0.1000000015
57581  -55.126  -12.245  24.021 0.1000000015
57592  -55.463  -13.263  22.586 0.1000000015
107116  -55.641  -13.037  21.942 0.1000000015
58434  -54.070  -12.893  16.872 0.1000000015
58450  -52.807  -12.443  16.060 0.1000000015
51615  -39.591  -21.705  40.389 0.2000000030
51616  -40.933  -21.480  40.795 0.2000000030
96401  -40.401  -20.838  39.315 0.2000000030
52497  -42.435  -19.024  36.401 0.2000000030
53318  -42.836  -18.498  35.498 0.3000000119
53317  -41.678  -18.769  35.240 0.2000000030
53339  -43.644  -17.962  35.281 0.3000000119
54214  -44.275  -17.610  34.914 0.3000000119
55117  -46.070  -16.456  28.389 0.1000000015
98047  -45.577  -16.682  28.800 0.1000000015
56754  -47.858  -14.792  27.148 0.1000000015
56771  -48.381  -14.111  26.635 0.1000000015
57561  -50.419  -12.376  26.029 0.1000000015
58351  -52.332  -11.665  25.252 0.1000000015
58362  -54.016  -11.133  24.507 0.1000000015
95159  -54.505  -11.155  23.772 0.1000000015
108189  -55.404  -12.425  23.312 0.1000000015
57607  -55.727  -13.285  21.188 0.1000000015
57663  -55.262  -13.289  17.509 0.1000000015
111113  -52.074  -12.490  15.530 0.1000000015
95517  -55.312  -13.090  16.574 0.1000000015
58485  -52.381  -12.608  13.213 0.1000000015
57715  -51.368  -12.777  10.553 0.1000000015
58500  -51.994  -12.578  11.477 0.1000000015
51636  -39.852  -20.554  37.807 0.2000000030
55125  -46.093  -16.331  27.762 0.1000000015
55124  -45.489  -16.571  27.366 0.1000000015
55981  -47.171  -15.187  26.770 0.1000000015
101081  -49.567  -12.875  26.028 0.1000000015
109020  -51.075  -12.378  24.989 0.1000000015
58352  -53.394  -11.283  24.986 0.1000000015
58375  -55.121  -11.099  23.381 0.1000000015
58388  -55.628  -11.956  21.749 0.1000000015
58451  -54.429  -12.610  15.846 0.1000000015
58469  -53.696  -12.339  14.716 0.1000000015
58486  -53.369  -12.177  13.040 0.1000000015
58511  -51.683  -12.160  10.401 0.1000000015
58501  -52.641  -12.092  11.752 0.1000000015
58502  -53.141  -11.626  12.108 0.1000000015
55134  -45.975  -16.093  26.990 0.1000000015
55965  -46.630  -15.799  27.347 0.1000000015
56770  -47.689  -14.482  26.214 0.1000000015
58360  -51.880  -12.605  23.464 0.1000000015
58361  -53.244  -11.624  23.913 0.1000000015
58374  -54.822  -10.346  23.086 0.1000000015
58373  -53.287  -11.811  22.819 0.1000000015
58410  -55.751  -12.705  19.761 0.1000000015
58422  -55.982  -13.227  17.613 0.1000000015
58387  -54.316  -10.514  22.787 0.1000000015
101367  -54.247  -10.896  23.599 0.1000000015
59152  -54.973  -9.815  22.477 0.1000000015
96693  -55.021  -12.379  14.671 0.1000000015
58503  -53.987  -11.629  12.661 0.1000000015
58487  -54.472  -12.038  13.504 0.1000000015
58349  -50.127  -12.820  24.180 0.1000000015
58350  -51.404  -12.560  24.206 0.1000000015
58359  -50.671  -12.746  23.217 0.1000000015
58401  -55.681  -12.194  20.851 0.1000000015
59166  -55.429  -10.471  21.662 0.1000000015
58435  -56.014  -13.093  16.728 0.1000000015
59158  -55.098  -9.662  22.192 0.1000000015
57641  -55.838  -13.174  18.596 0.1000000015
58452  -55.793  -12.753  15.786 0.1000000015
59245  -54.900  -11.470  12.899 0.1000000015
59246  -55.806  -11.427  13.382 0.1000000015
58488  -55.368  -11.954  13.681 0.1000000015
59176  -55.334  -10.700  20.697 0.1000000015
96604  -55.673  -11.786  19.319 0.1000000015
58423  -56.099  -12.802  18.055 0.1000000015
58436  -56.120  -13.007  16.791 0.1000000015
112210  -56.041  -12.863  16.234 0.1000000015
59216  -56.162  -12.001  16.442 0.1000000015
58470  -55.875  -12.176  14.492 0.1000000015
103011  -56.102  -11.715  14.269 0.1000000015
108463  -52.334  -12.508  22.827 0.1000000015
59194  -55.565  -11.002  18.967 0.1000000015
59210  -55.711  -11.110  17.980 0.1000000015
59227  -56.118  -11.207  15.380 0.1000000015
59951  -55.208  -9.585  20.232 0.1000000015
59967  -55.412  -9.468  19.521 0.1000000015
59979  -55.375  -8.978  19.147 0.1000000015
59990  -55.754  -10.175  17.266 0.1000000015
94338  -15.255  -41.871  49.083 0.1000000015
97118  -13.908  -41.582  49.066 0.1000000015
33950  -15.748  -41.641  47.370 0.1000000015
33975  -15.994  -41.504  46.618 0.1000000015
33976  -16.808  -41.479  46.519 0.1000000015
55996  -50.983  -15.073  25.433 0.2000000030
55960  -50.890  -15.368  29.507 0.3000000119
55997  -51.951  -14.637  25.721 0.2000000030
56009  -51.368  -14.933  24.884 0.2000000030
55969  -50.715  -15.251  27.196 0.3000000119
56806  -51.891  -14.711  23.672 0.2000000030
56757  -51.677  -14.750  27.937 0.2000000030
56823  -51.418  -14.597  22.167 0.2000000030
56024  -51.678  -14.803  24.242 0.2000000030
99851  -52.506  -14.565  23.319 0.2000000030
107832  -43.094  -17.279  31.993 0.2000000030
54245  -43.327  -17.411  32.790 0.2000000030
55106  -44.808  -16.690  30.243 0.1000000015
54227  -41.826  -17.738  33.094 0.2000000030
53337  -41.952  -18.326  34.511 0.2000000030
53316  -40.867  -18.922  35.149 0.2000000030
52465  -40.689  -20.166  37.522 0.2000000030
53353  -41.376  -18.005  33.761 0.2000000030
54257  -42.512  -17.208  31.288 0.2000000030
31579  -0.785  -44.285  52.371 0.2000000030
31597  -7.978  -45.076  51.524 0.4000000060
40448  -26.995  -34.682  27.526 0.3000000119
40484  -33.590  -34.376  24.398 0.2000000030
40479  -28.632  -33.988  24.111 0.2000000030
42265  -34.224  -31.985  24.500 0.2000000030
44141  -34.311  -30.085  25.135 0.2000000030
44908  -38.506  -29.295  28.503 0.2000000030
44160  -34.771  -30.637  24.712 0.2000000030
46361  -38.802  -27.603  30.310 0.2000000030
96309  -38.164  -27.600  38.729 0.2000000030
46282  -38.993  -27.608  39.235 0.1000000015
34711  -19.258  -40.224  48.050 0.1000000015
47120  -38.733  -26.576  29.525 0.2000000030
105273  -24.322  -36.893  26.681 0.2000000030
39419  -24.805  -35.812  28.895 0.3000000119
50875  -40.608  -21.962  40.996 0.2000000030
52466  -41.586  -20.284  38.563 0.2000000030
51626  -41.959  -20.787  40.023 0.2000000030
53307  -43.798  -18.785  36.935 0.3000000119
39434  -24.737  -35.911  28.001 0.2000000030
31575  -9.882  -44.566  53.332 0.2000000030
53320  -46.399  -18.410  37.454 0.3000000119
96471  -48.663  -16.290  25.370 0.4000000060
111422  -51.436  -14.857  28.898 0.3000000119
55983  -51.028  -15.023  26.245 0.2000000030
55179  -44.877  -16.736  22.172 0.4000000060
33881  -15.082  -42.433  52.018 0.2000000030
31573  -7.762  -44.528  53.561 0.2000000030
33923  -12.443  -41.483  48.827 0.1000000015
33921  -10.854  -41.926  47.988 0.1000000015
33924  -13.253  -41.424  48.702 0.1000000015
33946  -11.429  -41.570  47.444 0.1000000015
96035  -13.897  -41.486  48.282 0.1000000015
104945  -13.155  -40.957  45.691 0.1000000015
35584  -19.593  -39.550  47.417 0.1000000015
33993  -15.410  -41.254  45.985 0.1000000015
35614  -18.683  -39.291  45.058 0.1000000015
35599  -19.160  -39.549  46.563 0.1000000015
32369  -8.275  -43.733  52.990 0.1000000015
33943  -8.571  -41.879  47.768 0.1000000015
33189  -16.623  -42.111  49.276 0.1000000015
33928  -17.589  -41.687  48.289 0.1000000015
33901  -17.700  -41.913  49.366 0.1000000015
34744  -14.462  -41.167  46.119 0.1000000015
34763  -8.726  -40.741  45.279 0.1000000015
34762  -8.003  -40.469  45.044 0.1000000015
34792  -10.526  -40.610  44.366 0.1000000015
33140  -7.688  -43.176  52.468 0.1000000015
33182  -6.976  -41.999  49.814 0.1000000015
33918  -5.586  -41.594  48.740 0.1000000015
33941  -6.112  -41.377  47.433 0.1000000015
33988  -6.245  -41.325  45.970 0.1000000015
105036  -6.046  -41.503  45.051 0.1000000015
34007  -7.349  -40.641  44.821 0.1000000015
34789  -7.161  -40.678  43.975 0.1000000015
113098  -8.894  -40.288  43.878 0.1000000015
34815  -9.203  -40.133  43.327 0.1000000015
94873  -3.424  -42.390  53.447 0.1000000015
32352  -1.879  -43.426  53.705 0.2000000030
33878  -5.384  -41.930  51.754 0.1000000015
33137  -4.378  -41.960  52.830 0.2000000030
39436  -26.238  -35.405  28.588 0.3000000119
39479  -25.448  -35.953  25.380 0.2000000030
38492  -24.814  -36.402  26.072 0.2000000030
41368  -33.876  -33.543  24.465 0.2000000030
40438  -26.765  -35.152  28.054 0.3000000119
40457  -26.471  -34.648  26.713 0.2000000030
44163  -37.391  -30.585  24.464 0.2000000030
44958  -37.649  -29.850  24.728 0.2000000030
39491  -26.568  -35.346  24.334 0.2000000030
95056  -35.693  -32.003  24.320 0.2000000030
39490  -26.045  -35.950  24.509 0.2000000030
39504  -27.028  -35.597  23.797 0.2000000030
93729  -40.999  -28.218  29.095 0.2000000030
96478  -40.304  -28.453  28.752 0.2000000030
45634  -38.959  -28.883  27.847 0.2000000030
107143  -38.391  -28.903  25.859 0.2000000030
44922  -38.041  -28.973  26.333 0.2000000030
108554  -40.738  -27.593  30.670 0.2000000030
45617  -39.522  -28.120  30.296 0.2000000030
56736  -52.331  -13.691  30.541 0.1000000015
55934  -51.602  -14.077  32.182 0.2000000030
57636  -50.816  -13.769  18.867 0.1000000015
55089  -50.003  -16.119  33.565 0.3000000119
55079  -49.671  -15.730  34.434 0.3000000119
55080  -50.338  -15.220  33.801 0.3000000119
55926  -50.993  -14.652  33.065 0.2000000030
56720  -51.719  -13.554  31.795 0.2000000030
56758  -52.515  -14.394  27.336 0.1000000015
55970  -51.604  -14.829  27.007 0.1000000015
56783  -53.180  -14.277  25.740 0.1000000015
56792  -53.281  -14.361  24.823 0.1000000015
55161  -48.474  -16.284  24.665 0.3000000119
56008  -50.441  -15.300  24.905 0.3000000119
55923  -48.793  -15.214  34.296 0.2000000030
56728  -51.437  -13.609  31.962 0.1000000015
57512  -51.898  -12.772  31.284 0.1000000015
57518  -50.324  -13.425  29.564 0.1000000015
56730  -52.276  -13.003  30.790 0.1000000015
58307  -51.944  -12.313  29.946 0.1000000015
57521  -52.300  -12.661  29.902 0.1000000015
56737  -52.586  -13.248  29.621 0.2000000030
57529  -52.675  -12.753  28.882 0.1000000015
58314  -52.117  -12.230  28.928 0.1000000015
58306  -51.910  -12.255  29.741 0.1000000015
56746  -52.884  -13.340  28.663 0.2000000030
56759  -53.266  -13.661  27.316 0.1000000015
110904  -52.576  -14.251  28.055 0.1000000015
57552  -53.541  -12.679  27.160 0.1000000015
107829  -53.868  -13.685  26.057 0.1000000015
57606  -55.359  -13.715  21.689 0.2000000030
108308  -49.957  -13.181  16.712 0.1000000015
55931  -48.876  -15.065  32.352 0.2000000030
55947  -48.923  -14.876  29.941 0.1000000015
55958  -48.422  -15.044  28.909 0.1000000015
96021  -50.089  -13.193  28.405 0.1000000015
57528  -51.165  -12.500  29.168 0.1000000015
58324  -51.737  -11.890  27.642 0.1000000015
58333  -52.955  -11.779  27.451 0.1000000015
57550  -49.543  -13.093  26.640 0.1000000015
58332  -52.525  -11.533  27.212 0.1000000015
57684  -49.956  -13.232  15.736 0.1000000015
54246  -44.336  -17.201  33.320 0.2000000030
54258  -43.483  -17.017  31.428 0.2000000030
58331  -51.575  -11.836  26.718 0.1000000015
58340  -52.830  -11.119  26.157 0.1000000015
96607  -53.844  -11.299  25.388 0.1000000015
51606  -40.291  -21.967  40.960 0.3000000119
53319  -44.169  -18.329  36.306 0.3000000119
53338  -42.724  -18.062  34.637 0.2000000030
56782  -48.259  -13.868  25.771 0.1000000015
58339  -51.573  -11.842  25.930 0.1000000015
96658  -53.306  -11.073  25.694 0.1000000015
58363  -54.385  -11.709  24.681 0.1000000015
58376  -55.506  -11.807  22.636 0.1000000015
51625  -39.236  -21.151  38.913 0.1000000015
55116  -45.549  -16.707  28.063 0.1000000015
106850  -52.591  -12.429  14.700 0.1000000015
57560  -49.433  -12.951  25.384 0.1000000015
58338  -50.213  -12.585  25.258 0.1000000015
100747  -52.413  -12.104  24.323 0.1000000015
59153  -55.119  -10.128  22.754 0.1000000015
107296  -55.402  -10.474  22.309 0.1000000015
58510  -51.098  -12.265  10.408 0.1000000015
58512  -51.994  -11.977  10.806 0.1000000015
58453  -56.023  -12.535  15.545 0.1000000015
54375  -43.692  -17.056  20.099 0.2000000030
55187  -43.777  -16.965  20.980 0.2000000030
55180  -45.789  -16.605  22.490 0.4000000060
56021  -49.208  -15.556  23.331 0.3000000119
55181  -47.694  -16.288  23.113 0.3000000119
56007  -49.257  -15.680  24.163 0.3000000119
55182  -48.502  -15.865  22.989 0.3000000119
105220  -49.994  -15.405  24.398 0.2000000030
50893  -38.096  -22.401  39.499 0.2000000030
51614  -38.574  -21.821  39.628 0.2000000030
52494  -39.287  -19.725  35.573 0.1000000015
52517  -39.632  -19.190  34.793 0.1000000015
52477  -39.823  -19.971  36.589 0.1000000015
52495  -40.278  -19.409  35.534 0.1000000015
54366  -44.043  -16.978  21.861 0.2000000030
53352  -40.512  -18.202  33.599 0.1000000015
52518  -40.345  -18.907  34.796 0.1000000015
54244  -42.351  -17.471  32.325 0.1000000015
51635  -39.108  -20.590  37.419 0.1000000015
54256  -41.651  -17.397  31.566 0.1000000015
55189  -45.354  -16.331  21.559 0.3000000119
55175  -48.465  -16.051  23.755 0.3000000119
54374  -43.221  -17.533  20.559 0.2000000030
108612  -44.195  -16.647  20.583 0.2000000030
55188  -44.486  -16.596  21.310 0.2000000030
55190  -46.345  -16.173  21.842 0.4000000060
56022  -50.166  -15.252  23.649 0.2000000030
56032  -49.028  -15.400  22.467 0.3000000119
27481  -2.057  -49.453  50.190 0.1000000015
26529  -2.624  -50.491  51.132 0.1000000015
30828  -0.458  -44.658  51.722 0.1000000015
30831  -0.471  -44.842  51.903 0.1000000015
27482  -3.073  -50.002  49.451 0.1000000015
30830  -0.381  -44.716  51.517 0.1000000015
30833  -0.376  -45.430  49.603 0.1000000015
32364  -0.999  -43.796  52.519 0.1000000015
33135  -1.512  -43.251  52.676 0.1000000015
32393  -2.014  -43.781  49.388 0.1000000015
33156  -1.511  -43.499  51.506 0.1000000015
109089  -0.869  -43.798  51.867 0.1000000015
31621  -1.755  -44.535  48.189 0.1000000015
33136  -2.541  -42.686  53.000 0.1000000015
35578  -37.817  -37.798  49.364 0.1000000015
35592  -38.942  -37.884  48.681 0.1000000015
94007  -39.757  -38.116  47.986 0.1000000015
35593  -40.562  -38.360  47.297 0.1000000015
36442  -40.184  -37.040  48.095 0.1000000015
36444  -41.440  -37.622  47.027 0.1000000015
101448  -41.681  -37.561  46.516 0.1000000015
37332  -41.573  -36.999  47.170 0.1000000015
31592  -0.499  -44.592  51.082 0.1000000015
31606  -1.031  -44.606  49.626 0.1000000015
30834  -0.480  -44.893  50.475 0.1000000015
32392  -1.111  -44.217  50.287 0.1000000015
32363  -0.832  -43.935  51.705 0.1000000015
32376  -1.258  -43.844  50.837 0.1000000015
36456  -41.196  -38.288  46.835 0.1000000015
108497  -40.806  -37.854  47.457 0.1000000015
56048  -45.844  -15.594  19.756 0.2000000030
50892  -37.007  -21.846  38.147 0.1000000015
56039  -46.934  -15.701  21.214 0.2000000030
51633  -37.337  -21.058  37.242 0.1000000015
94574  -46.708  -16.495  22.797 0.3000000119
55191  -47.302  -16.063  22.101 0.3000000119
56031  -48.168  -15.766  22.267 0.3000000119
56040  -47.825  -15.562  21.428 0.3000000119
105161  -47.572  -15.358  20.656 0.2000000030
49414  -35.509  -23.347  37.875 0.1000000015
51632  -36.684  -21.417  36.932 0.1000000015
51623  -37.804  -21.696  38.593 0.1000000015
50901  -35.971  -21.878  36.853 0.1000000015
50154  -34.951  -22.855  36.650 0.1000000015
55195  -44.846  -16.258  20.679 0.2000000030
55196  -45.868  -15.850  20.788 0.2000000030
56041  -48.779  -15.188  21.510 0.2000000030
56042  -49.759  -14.942  21.891 0.2000000030
56847  -51.261  -14.451  20.515 0.1000000015
56052  -49.713  -14.696  21.065 0.2000000030
56837  -50.575  -14.508  20.756 0.2000000030
56838  -51.359  -14.508  21.250 0.2000000030
56848  -52.133  -14.520  20.900 0.2000000030
100248  -50.550  -14.604  21.433 0.2000000030
56839  -52.093  -14.533  21.798 0.2000000030
56033  -49.926  -15.149  22.736 0.1000000015
56043  -50.617  -14.744  22.134 0.2000000030
56825  -52.788  -14.513  22.548 0.2000000030
56034  -50.830  -14.892  22.904 0.1000000015
56824  -52.058  -14.586  22.541 0.2000000030
56805  -51.643  -14.716  23.029 0.1000000015
56023  -51.163  -14.909  23.630 0.1000000015
104560  -50.801  -15.112  24.271 0.1000000015
112498  -51.054  -14.553  21.708 0.2000000030
26661  -23.649  -50.314  40.312 0.1000000015
26662  -24.358  -50.264  40.288 0.1000000015
26663  -25.195  -50.461  40.470 0.1000000015
27592  -24.733  -50.015  41.185 0.1000000015
26682  -24.836  -50.968  39.422 0.1000000015
25728  -25.852  -51.313  39.845 0.1000000015
25729  -26.185  -50.751  40.918 0.1000000015
26639  -25.513  -50.061  41.501 0.1000000015
26640  -26.660  -50.239  42.235 0.1000000015
25710  -27.129  -51.110  41.586 0.1000000015
25730  -26.968  -51.811  40.517 0.1000000015
26613  -27.798  -50.239  43.622 0.1000000015
25745  -26.401  -52.223  39.339 0.1000000015
111237  -27.877  -52.592  40.851 0.1000000015
25746  -27.350  -52.685  39.855 0.1000000015
24883  -27.429  -53.006  38.626 0.1000000015
26641  -27.949  -50.996  42.816 0.1000000015
25711  -28.185  -51.973  41.939 0.1000000015
26595  -30.231  -51.433  44.458 0.1000000015
25691  -29.370  -51.771  43.552 0.1000000015
25712  -29.570  -52.525  42.950 0.1000000015
24870  -27.788  -53.267  39.524 0.1000000015
94900  -28.243  -53.484  39.307 0.1000000015
45619  -46.750  -27.647  30.458 0.1000000015
27550  -30.047  -50.368  44.629 0.1000000015
25692  -30.419  -52.171  44.023 0.1000000015
24858  -29.445  -53.348  41.667 0.1000000015
108760  -26.941  -52.524  37.808 0.1000000015
24893  -27.656  -52.731  38.008 0.1000000015
44892  -46.903  -28.722  30.180 0.1000000015
24830  -30.400  -52.472  43.520 0.1000000015
24045  -30.331  -53.684  41.857 0.1000000015
25779  -28.248  -52.509  37.708 0.1000000015
108233  -31.078  -53.526  42.478 0.1000000015
25801  -28.091  -51.284  36.273 0.1000000015
43237  -45.584  -31.352  29.374 0.1000000015
44096  -46.324  -30.089  29.635 0.1000000015
45606  -47.329  -28.264  30.887 0.1000000015
25791  -28.783  -51.846  36.978 0.1000000015
44088  -46.543  -30.524  30.421 0.1000000015
44880  -46.779  -29.693  30.240 0.1000000015
44881  -47.190  -29.301  30.844 0.1000000015
43228  -46.276  -31.183  30.543 0.1000000015
46369  -46.128  -27.343  30.245 0.1000000015
45618  -46.417  -28.109  29.580 0.1000000015
45629  -45.773  -27.779  29.304 0.1000000015
24871  -28.925  -53.673  40.472 0.1000000015
44900  -46.008  -28.607  28.807 0.1000000015
24064  -29.919  -54.035  40.921 0.1000000015
44105  -45.984  -29.601  28.816 0.1000000015
44891  -46.497  -29.136  29.456 0.1000000015
46347  -45.834  -26.452  31.269 0.1000000015
46349  -47.166  -27.061  31.360 0.1000000015
111681  -47.165  -26.328  31.906 0.1000000015
24884  -28.969  -53.750  39.736 0.1000000015
110041  -28.962  -52.543  37.803 0.1000000015
43247  -44.813  -31.527  28.091 0.1000000015
44104  -45.539  -30.102  28.206 0.1000000015
46348  -46.420  -26.675  31.163 0.1000000015
45599  -47.775  -27.906  31.673 0.1000000015
92835  -47.737  -26.692  32.224 0.1000000015
93780  -29.138  -51.161  35.992 0.1000000015
105733  -45.353  -31.010  28.525 0.1000000015
108896  -29.991  -51.383  35.650 0.1000000015
26756  -30.196  -51.322  34.286 0.1000000015
112895  -35.583  -42.547  24.081 0.1000000015
33457  -35.042  -42.941  25.261 0.1000000015
46368  -45.575  -27.118  30.366 0.1000000015
24894  -28.484  -53.282  38.644 0.1000000015
44899  -45.576  -29.069  27.999 0.1000000015
24895  -29.700  -53.082  38.455 0.1000000015
47100  -45.143  -25.861  31.817 0.1000000015
47102  -46.712  -26.092  31.832 0.1000000015
24046  -31.289  -53.911  42.127 0.1000000015
24065  -30.824  -54.328  41.136 0.1000000015
96908  -29.643  -53.912  39.807 0.1000000015
96046  -44.443  -31.194  27.325 0.1000000015
47110  -44.456  -26.019  32.061 0.1000000015
47101  -46.022  -25.831  31.639 0.1000000015
47084  -46.713  -25.812  31.769 0.1000000015
24057  -31.859  -54.260  41.993 0.1000000015
25780  -29.799  -52.263  37.366 0.1000000015
43254  -43.875  -31.742  26.923 0.1000000015
96037  -43.954  -25.324  29.767 0.1000000015
47935  -43.427  -25.397  30.860 0.1000000015
47918  -44.406  -25.779  31.852 0.1000000015
25748  -31.747  -52.684  41.050 0.1000000015
24873  -32.831  -53.533  41.519 0.1000000015
92832  -48.093  -28.737  32.249 0.1000000015
25749  -32.903  -52.850  41.045 0.1000000015
108434  -30.601  -51.677  34.989 0.1000000015
40460  -40.744  -34.464  26.968 0.1000000015
25809  -31.355  -52.360  34.174 0.1000000015
108373  -40.166  -34.601  26.521 0.1000000015
98751  -32.049  -52.866  33.551 0.1000000015
36768  -38.617  -38.263  23.848 0.1000000015
38515  -38.618  -36.965  26.106 0.1000000015
37611  -38.671  -37.743  24.463 0.1000000015
34259  -37.593  -41.058  22.928 0.1000000015
35907  -38.272  -39.525  23.162 0.1000000015
34258  -36.659  -41.116  22.783 0.1000000015
34236  -35.191  -41.517  23.116 0.1000000015
34237  -36.179  -41.791  23.206 0.1000000015
32649  -33.674  -43.773  26.519 0.1000000015
31832  -33.215  -44.766  27.576 0.1000000015
31852  -33.497  -44.290  27.076 0.1000000015
32650  -34.436  -43.782  26.420 0.1000000015
31039  -33.994  -45.171  27.812 0.1000000015
31853  -34.709  -44.807  27.527 0.1000000015
30264  -33.870  -46.262  28.929 0.1000000015
46383  -45.196  -27.543  29.285 0.1000000015
46367  -44.707  -26.784  30.969 0.1000000015
45641  -45.139  -28.517  27.832 0.1000000015
44909  -44.462  -29.354  26.948 0.1000000015
44128  -44.023  -30.025  26.445 0.1000000015
47917  -43.724  -25.753  31.810 0.1000000015
47083  -45.996  -25.825  31.682 0.1000000015
93361  -47.272  -25.721  32.211 0.1000000015
24066  -31.781  -54.339  40.763 0.1000000015
24886  -31.835  -53.743  39.137 0.1000000015
24896  -30.924  -52.858  37.988 0.1000000015
25792  -29.890  -51.650  36.446 0.1000000015
42241  -43.189  -32.177  26.544 0.1000000015
106053  -44.723  -25.345  31.223 0.1000000015
47919  -45.194  -25.600  31.447 0.1000000015
92848  -48.307  -27.669  32.504 0.1000000015
24067  -32.841  -54.135  40.064 0.1000000015
24887  -32.920  -53.851  38.830 0.1000000015
24897  -32.242  -53.357  37.900 0.1000000015
25803  -30.878  -51.948  35.776 0.1000000015
42240  -42.449  -32.483  26.152 0.1000000015
25750  -33.592  -53.133  40.664 0.1000000015
97345  -32.029  -52.779  34.936 0.1000000015
41343  -41.298  -33.512  26.235 0.1000000015
42239  -41.732  -32.770  25.797 0.1000000015
44874  -47.700  -29.681  32.084 0.1000000015
26705  -31.481  -50.631  38.309 0.1000000015
25768  -33.994  -52.661  39.546 0.1000000015
25810  -32.751  -53.379  34.053 0.1000000015
39468  -39.296  -36.268  27.158 0.1000000015
24914  -33.548  -53.349  33.862 0.1000000015
24918  -33.743  -53.396  33.177 0.1000000015
97108  -38.187  -36.534  25.856 0.1000000015
39482  -38.257  -35.825  25.925 0.1000000015
26773  -33.927  -52.557  33.123 0.1000000015
26766  -33.530  -52.235  33.941 0.1000000015
97336  -38.150  -38.650  23.479 0.1000000015
37642  -37.899  -37.782  24.045 0.1000000015
38540  -38.154  -36.905  25.662 0.1000000015
35925  -37.415  -39.688  22.843 0.1000000015
36767  -37.414  -38.364  23.471 0.1000000015
35079  -36.147  -40.444  22.565 0.1000000015
33472  -34.958  -42.546  24.372 0.1000000015
32635  -32.910  -43.796  26.703 0.1000000015
33455  -33.328  -42.886  25.497 0.1000000015
33456  -34.207  -42.825  25.203 0.1000000015
46382  -44.487  -27.454  29.371 0.1000000015
47111  -45.150  -26.282  31.627 0.1000000015
45639  -43.728  -28.371  27.377 0.1000000015
46391  -44.120  -27.881  28.230 0.1000000015
45654  -43.223  -28.765  26.597 0.1000000015
45655  -44.011  -28.817  26.840 0.1000000015
105608  -43.482  -29.919  26.111 0.1000000015
44127  -43.470  -30.523  26.173 0.1000000015
47898  -47.314  -25.544  32.115 0.1000000015
92841  -48.094  -25.647  32.952 0.1000000015
25793  -30.855  -52.268  36.737 0.1000000015
43262  -42.771  -31.627  25.951 0.1000000015
111765  -43.293  -25.383  29.494 0.1000000015
101248  -45.451  -25.255  30.395 0.1000000015
109955  -47.033  -25.499  31.689 0.1000000015
93446  -48.476  -26.663  33.106 0.1000000015
92840  -48.639  -28.403  33.141 0.1000000015
24888  -34.205  -53.121  39.182 0.1000000015
24898  -33.380  -53.480  37.895 0.1000000015
24904  -31.920  -52.846  36.976 0.1000000015
25804  -32.132  -52.794  35.886 0.1000000015
47945  -44.502  -25.353  28.736 0.1000000015
47946  -45.235  -25.318  29.060 0.1000000015
26707  -33.552  -51.639  38.701 0.1000000015
24910  -33.204  -53.365  34.768 0.1000000015
41342  -40.620  -33.837  25.998 0.1000000015
41355  -41.030  -33.051  25.523 0.1000000015
47143  -43.746  -25.827  27.172 0.1000000015
44863  -48.409  -29.520  33.013 0.1000000015
26721  -32.203  -50.041  37.686 0.1000000015
26706  -32.802  -51.009  38.523 0.1000000015
107597  -39.313  -34.658  25.846 0.1000000015
26765  -32.612  -50.709  33.367 0.1000000015
37610  -37.221  -37.152  24.696 0.1000000015
27684  -32.226  -49.875  32.531 0.1000000015
28553  -31.327  -48.942  32.499 0.1000000015
94266  -36.157  -39.101  22.739 0.1000000015
107238  -36.764  -38.182  23.422 0.1000000015
27691  -31.860  -49.330  31.897 0.1000000015
34257  -35.722  -41.046  22.709 0.1000000015
35923  -35.612  -39.653  22.515 0.1000000015
33471  -34.035  -42.313  24.231 0.1000000015
33492  -34.629  -41.971  23.617 0.1000000015
31831  -32.403  -44.794  27.785 0.1000000015
30247  -33.297  -46.657  29.335 0.1000000015
31027  -32.995  -45.342  28.135 0.1000000015
46381  -43.451  -27.543  29.513 0.1000000015
46366  -43.886  -27.129  30.798 0.1000000015
45638  -42.842  -28.213  27.561 0.1000000015
46390  -43.381  -27.939  28.175 0.1000000015
45666  -41.127  -28.713  25.940 0.1000000015
95822  -42.251  -28.477  26.804 0.1000000015
44943  -41.035  -29.361  25.302 0.1000000015
44945  -42.391  -29.594  25.646 0.1000000015
44144  -42.921  -30.234  25.727 0.1000000015
44166  -40.617  -30.075  24.785 0.1000000015
44143  -41.412  -30.208  25.025 0.1000000015
104098  -42.142  -30.288  25.367 0.1000000015
47076  -47.948  -25.268  32.770 0.1000000015
44167  -40.981  -30.900  24.724 0.1000000015
107279  -46.291  -25.305  30.816 0.1000000015
47920  -47.429  -25.108  30.817 0.1000000015
105923  -47.668  -25.256  32.301 0.1000000015
24899  -34.083  -52.985  38.143 0.1000000015
24907  -33.701  -52.929  37.223 0.1000000015
24905  -32.811  -53.245  36.244 0.1000000015
41374  -40.627  -32.444  24.936 0.1000000015
47960  -45.128  -25.537  27.877 0.1000000015
95327  -45.902  -25.353  29.090 0.1000000015
47937  -46.422  -25.278  29.594 0.1000000015
47938  -47.169  -25.141  29.874 0.1000000015
109115  -48.740  -27.506  33.301 0.1000000015
25781  -33.605  -51.459  37.929 0.1000000015
25795  -33.798  -52.470  37.570 0.1000000015
25806  -33.530  -52.870  36.587 0.1000000015
24911  -33.233  -53.163  35.697 0.1000000015
40472  -39.929  -34.200  25.834 0.1000000015
41353  -39.377  -33.744  25.196 0.1000000015
47959  -44.408  -25.638  27.606 0.1000000015
26722  -32.977  -50.570  37.961 0.1000000015
26733  -32.945  -50.703  37.216 0.1000000015
25794  -33.524  -51.946  36.852 0.1000000015
25805  -33.455  -52.854  35.840 0.1000000015
109894  -33.505  -52.844  35.152 0.1000000015
25811  -33.673  -53.103  34.237 0.1000000015
40471  -38.700  -34.713  25.540 0.1000000015
27638  -32.295  -49.818  37.273 0.1000000015
27650  -31.652  -49.237  36.645 0.1000000015
27654  -31.645  -49.185  35.922 0.1000000015
26743  -32.299  -50.305  35.424 0.1000000015
26758  -33.241  -51.944  34.894 0.1000000015
38513  -36.868  -36.110  25.243 0.1000000015
39481  -37.455  -35.839  25.497 0.1000000015
28525  -31.113  -48.460  35.377 0.1000000015
28530  -31.115  -48.540  34.448 0.1000000015
105006  -31.682  -49.539  33.110 0.1000000015
38539  -36.700  -36.551  24.907 0.1000000015
29377  -30.003  -47.414  35.012 0.1000000015
29380  -30.242  -47.194  34.230 0.1000000015
28565  -31.385  -48.603  31.680 0.1000000015
37640  -36.296  -37.674  23.674 0.1000000015
97473  -35.960  -36.587  24.499 0.1000000015
30222  -30.840  -46.781  30.252 0.1000000015
35078  -35.251  -40.369  22.514 0.1000000015
109998  -35.516  -38.733  22.763 0.1000000015
29419  -31.223  -47.489  30.597 0.1000000015
30245  -31.288  -46.480  29.654 0.1000000015
31025  -31.384  -45.312  28.613 0.1000000015
105120  -33.465  -42.506  24.828 0.1000000015
34256  -34.813  -40.858  22.712 0.1000000015
35077  -34.398  -40.234  22.508 0.1000000015
30223  -31.764  -47.080  29.890 0.1000000015
31010  -32.082  -45.804  28.703 0.1000000015
31850  -31.846  -44.264  27.485 0.1000000015
33454  -32.519  -42.870  25.705 0.1000000015
34218  -33.105  -42.030  24.053 0.1000000015
34234  -33.342  -41.217  23.218 0.1000000015
29420  -32.219  -47.702  30.333 0.1000000015
30246  -32.208  -46.464  29.286 0.1000000015
113423  -32.559  -45.605  28.456 0.1000000015
46346  -43.725  -26.369  31.812 0.1000000015
46380  -42.397  -27.527  30.260 0.1000000015
46365  -43.057  -27.060  31.206 0.1000000015
45626  -41.682  -27.903  29.528 0.1000000015
47099  -43.941  -25.967  32.125 0.1000000015
45652  -40.407  -28.575  26.438 0.1000000015
45653  -41.246  -28.454  26.949 0.1000000015
44941  -38.843  -29.058  25.438 0.1000000015
45664  -39.658  -28.745  25.828 0.1000000015
97239  -42.671  -25.434  30.119 0.1000000015
44959  -38.448  -29.698  24.801 0.1000000015
44960  -39.280  -29.665  24.811 0.1000000015
47899  -48.502  -24.736  32.696 0.1000000015
44164  -38.198  -30.451  24.498 0.1000000015
101682  -38.822  -30.935  24.384 0.1000000015
94914  -40.169  -30.758  24.582 0.1000000015
43297  -40.458  -31.584  24.637 0.1000000015
107399  -48.275  -24.721  30.642 0.1000000015
93903  -48.512  -25.171  33.497 0.1000000015
43295  -38.051  -31.355  24.288 0.1000000015
42268  -39.300  -32.223  24.421 0.1000000015
99091  -39.983  -32.119  24.568 0.1000000015
92847  -48.837  -25.628  34.014 0.1000000015
95928  -33.406  -53.150  34.763 0.1000000015
110926  -38.489  -33.020  24.490 0.1000000015
94917  -37.415  -34.016  24.626 0.1000000015
93663  -39.014  -32.983  24.587 0.1000000015
27676  -31.645  -49.565  33.892 0.1000000015
26757  -32.404  -50.589  34.364 0.1000000015
39494  -35.552  -35.332  24.670 0.1000000015
40488  -37.203  -34.982  25.078 0.1000000015
28538  -30.683  -47.860  33.947 0.1000000015
101828  -36.153  -35.949  24.900 0.1000000015
30180  -28.756  -46.612  34.361 0.1000000015
29379  -29.591  -46.800  34.335 0.1000000015
28564  -30.839  -48.233  32.208 0.1000000015
36793  -34.877  -38.388  22.799 0.1000000015
37608  -35.300  -36.860  24.063 0.1000000015
30962  -28.775  -45.782  33.251 0.1000000015
30190  -29.822  -46.575  33.531 0.1000000015
30244  -30.513  -46.148  29.898 0.1000000015
31024  -30.652  -45.340  29.014 0.1000000015
95408  -34.028  -39.489  22.432 0.1000000015
31849  -30.980  -44.205  27.745 0.1000000015
33431  -31.046  -42.835  26.250 0.1000000015
35059  -33.221  -40.559  22.792 0.1000000015
35076  -33.538  -40.103  22.537 0.1000000015
32647  -31.599  -43.301  26.572 0.1000000015
33469  -31.795  -42.370  25.192 0.1000000015
34233  -32.415  -41.350  23.596 0.1000000015
35058  -32.569  -40.689  23.058 0.1000000015
35075  -32.714  -40.101  22.668 0.1000000015
46344  -42.256  -26.992  31.353 0.1000000015
46345  -42.948  -26.473  31.659 0.1000000015
47098  -43.340  -26.075  31.899 0.1000000015
110960  -41.065  -27.226  30.976 0.1000000015
47916  -42.753  -25.749  31.419 0.1000000015
47934  -42.023  -25.604  30.693 0.1000000015
100971  -50.089  -24.320  33.245 0.1000000015
48700  -48.119  -24.820  31.638 0.1000000015
48713  -49.179  -24.184  31.028 0.1000000015
105463  -48.804  -24.823  33.556 0.1000000015
42266  -37.517  -32.191  24.245 0.1000000015
94040  -45.854  -25.506  28.119 0.1000000015
47947  -46.558  -25.427  28.433 0.1000000015
48741  -47.815  -25.043  29.203 0.1000000015
48729  -48.017  -24.888  29.912 0.1000000015
95055  -36.621  -32.130  24.261 0.1000000015
47165  -43.987  -26.149  26.310 0.1000000015
47977  -45.774  -25.784  27.162 0.1000000015
47961  -46.558  -25.644  27.461 0.1000000015
41371  -36.467  -33.800  24.479 0.1000000015
94237  -37.024  -32.987  24.300 0.1000000015
47191  -43.629  -26.368  25.463 0.1000000015
107060  -44.332  -26.404  25.115 0.1000000015
106140  -35.927  -34.556  24.640 0.1000000015
28552  -30.692  -48.128  32.983 0.1000000015
38538  -35.243  -36.087  24.521 0.1000000015
30195  -30.038  -46.791  32.672 0.1000000015
104313  -30.405  -47.574  32.450 0.1000000015
30221  -30.107  -46.276  30.737 0.1000000015
37664  -34.402  -37.711  23.043 0.1000000015
38564  -34.581  -36.496  24.043 0.1000000015
30963  -29.365  -46.027  33.220 0.1000000015
30194  -29.653  -46.102  32.689 0.1000000015
31818  -29.960  -45.007  29.249 0.1000000015
32624  -30.072  -44.077  28.051 0.1000000015
33422  -29.793  -43.132  27.130 0.1000000015
36791  -33.496  -38.857  22.438 0.1000000015
31787  -28.071  -44.673  32.046 0.1000000015
31800  -28.454  -44.420  31.396 0.1000000015
32632  -30.449  -43.517  27.334 0.1000000015
33452  -30.406  -42.368  25.775 0.1000000015
34215  -30.503  -41.539  24.493 0.1000000015
35057  -31.674  -40.747  23.377 0.1000000015
35921  -31.951  -39.569  22.634 0.1000000015
34205  -30.898  -42.095  25.125 0.1000000015
34232  -31.704  -41.398  23.863 0.1000000015
110365  -41.507  -26.863  31.206 0.1000000015
47097  -42.309  -26.334  31.540 0.1000000015
46343  -40.734  -26.962  31.025 0.1000000015
47915  -41.724  -25.902  31.196 0.1000000015
47933  -41.350  -25.672  30.286 0.1000000015
48681  -50.304  -24.725  34.350 0.1000000015
47962  -47.425  -25.397  27.803 0.1000000015
47167  -45.607  -26.202  26.185 0.1000000015
47978  -46.476  -25.969  26.558 0.1000000015
41370  -35.590  -33.736  24.472 0.1000000015
40485  -34.357  -34.612  24.491 0.1000000015
39511  -33.365  -35.922  23.860 0.1000000015
39512  -34.064  -36.044  24.097 0.1000000015
108314  -29.361  -45.131  31.481 0.1000000015
30207  -29.883  -46.346  31.766 0.1000000015
103150  -30.216  -47.156  31.863 0.1000000015
37661  -31.517  -37.474  22.654 0.1000000015
108791  -32.732  -37.899  22.564 0.1000000015
37638  -34.275  -37.010  23.540 0.1000000015
31801  -29.094  -44.685  31.187 0.1000000015
31808  -28.681  -44.199  30.737 0.1000000015
31007  -29.607  -45.085  30.043 0.1000000015
32623  -29.260  -43.826  28.414 0.1000000015
32631  -29.584  -43.499  27.691 0.1000000015
35056  -29.517  -40.174  23.585 0.1000000015
35919  -30.052  -39.000  22.849 0.1000000015
95029  -32.249  -38.956  22.423 0.1000000015
32598  -27.141  -43.691  31.010 0.1000000015
32599  -27.983  -43.849  30.917 0.1000000015
32609  -28.198  -43.642  30.277 0.1000000015
32615  -28.387  -43.536  29.566 0.1000000015
32630  -28.803  -43.307  27.974 0.1000000015
33429  -29.468  -42.685  26.706 0.1000000015
34214  -29.568  -41.325  24.594 0.1000000015
98333  -30.736  -40.497  23.443 0.1000000015
35905  -31.263  -40.033  23.012 0.1000000015
106943  -40.569  -26.407  30.974 0.1000000015
49497  -50.904  -23.030  30.024 0.1000000015
49486  -51.402  -22.913  31.038 0.1000000015
94582  -49.631  -23.810  29.525 0.1000000015
48714  -50.576  -23.506  31.529 0.1000000015
48702  -51.426  -23.575  32.609 0.1000000015
48752  -48.865  -24.556  28.239 0.1000000015
95382  -51.751  -24.013  33.283 0.1000000015
94034  -47.261  -25.704  26.874 0.1000000015
113413  -47.969  -25.417  27.087 0.1000000015
47948  -48.061  -25.039  28.450 0.1000000015
93494  -51.032  -25.024  34.407 0.1000000015
47208  -44.712  -26.303  24.570 0.1000000015
101422  -45.762  -26.345  25.335 0.1000000015
47193  -46.409  -26.263  25.679 0.1000000015
47221  -44.284  -26.120  23.849 0.1000000015
39510  -32.558  -35.588  23.685 0.1000000015
39509  -31.734  -35.419  23.515 0.1000000015
103397  -32.147  -36.119  23.324 0.1000000015
38579  -31.015  -36.797  22.898 0.1000000015
38580  -31.831  -36.727  22.935 0.1000000015
33410  -26.025  -42.123  29.448 0.1000000015
33411  -26.774  -42.133  28.994 0.1000000015
34170  -27.044  -42.049  28.169 0.1000000015
112122  -26.749  -41.487  27.002 0.1000000015
34183  -27.325  -41.530  26.347 0.1000000015
35030  -27.989  -40.856  24.766 0.1000000015
35902  -28.658  -39.710  23.641 0.1000000015
32608  -27.436  -43.333  30.397 0.1000000015
33412  -27.363  -42.654  29.316 0.1000000015
33413  -27.941  -42.990  29.110 0.1000000015
33420  -28.391  -42.706  27.558 0.1000000015
34184  -29.076  -42.230  26.198 0.1000000015
35041  -28.742  -40.767  24.365 0.1000000015
106651  -50.881  -23.347  28.610 0.1000000015
48743  -50.366  -23.431  29.070 0.1000000015
49498  -51.884  -22.616  29.539 0.1000000015
49477  -52.396  -22.743  31.377 0.1000000015
48753  -49.815  -24.041  28.163 0.1000000015
49469  -52.051  -22.925  31.982 0.1000000015
47964  -48.869  -25.153  26.786 0.1000000015
106937  -51.811  -24.356  33.432 0.1000000015
47194  -47.069  -26.247  25.139 0.1000000015
92844  -51.568  -25.172  33.850 0.1000000015
47209  -45.487  -26.299  24.669 0.1000000015
47210  -46.267  -26.309  24.838 0.1000000015
38512  -25.010  -36.791  25.318 0.1000000015
37558  -23.919  -38.305  26.928 0.1000000015
37569  -24.199  -37.711  26.437 0.1000000015
38491  -24.581  -37.231  25.829 0.1000000015
38557  -27.683  -36.008  23.417 0.1000000015
34174  -25.956  -41.319  27.908 0.1000000015
36763  -26.773  -37.872  23.763 0.1000000015
37633  -27.497  -37.503  23.453 0.1000000015
103279  -29.257  -36.857  22.941 0.1000000015
38578  -30.147  -36.824  22.888 0.1000000015
34167  -25.845  -41.580  28.734 0.1000000015
34175  -26.609  -41.621  27.667 0.1000000015
34182  -26.440  -41.056  26.456 0.1000000015
112709  -26.688  -40.895  25.788 0.1000000015
35040  -27.236  -40.241  24.663 0.1000000015
37634  -28.344  -38.012  23.220 0.1000000015
36787  -29.901  -38.187  22.750 0.1000000015
49508  -51.911  -22.924  28.571 0.1000000015
48768  -50.801  -24.159  26.914 0.1000000015
48754  -50.728  -23.696  27.835 0.1000000015
49478  -52.730  -22.726  30.986 0.1000000015
48704  -52.513  -23.048  31.755 0.1000000015
47979  -49.822  -24.800  26.435 0.1000000015
48767  -49.817  -24.435  27.277 0.1000000015
48715  -52.537  -23.334  32.095 0.1000000015
47921  -52.499  -23.980  31.621 0.1000000015
110684  -48.437  -25.935  25.111 0.1000000015
94217  -49.285  -25.322  25.981 0.1000000015
47901  -52.313  -23.884  32.745 0.1000000015
48004  -46.837  -26.133  24.259 0.1000000015
48005  -47.790  -26.105  24.554 0.1000000015
108240  -48.604  -25.654  25.833 0.1000000015
48808  -43.790  -24.823  22.213 0.1000000015
48021  -45.611  -25.804  23.306 0.1000000015
47223  -45.981  -26.136  24.054 0.1000000015
93528  -51.262  -26.292  33.042 0.1000000015
48034  -43.337  -25.342  22.660 0.1000000015
48019  -43.810  -25.759  23.214 0.1000000015
48033  -42.449  -25.314  22.670 0.1000000015
35002  -24.695  -40.271  27.603 0.1000000015
35852  -24.416  -39.555  27.126 0.1000000015
36720  -24.290  -38.330  26.324 0.1000000015
37584  -24.995  -37.610  25.025 0.1000000015
38536  -26.287  -36.554  23.995 0.1000000015
39505  -27.583  -35.239  23.714 0.1000000015
35003  -25.409  -40.734  27.356 0.1000000015
35862  -24.704  -39.449  26.289 0.1000000015
36734  -24.944  -38.504  25.217 0.1000000015
36746  -26.112  -38.115  24.189 0.1000000015
35011  -25.677  -40.593  26.582 0.1000000015
96541  -25.748  -39.784  25.280 0.1000000015
35888  -26.412  -39.514  24.625 0.1000000015
49499  -53.025  -22.403  29.334 0.1000000015
49500  -53.376  -22.797  28.806 0.1000000015
48769  -52.143  -23.566  27.080 0.1000000015
49509  -52.997  -22.688  28.262 0.1000000015
48781  -51.435  -24.308  26.104 0.1000000015
48755  -51.668  -23.418  27.702 0.1000000015
108974  -53.087  -22.496  29.671 0.1000000015
48732  -53.015  -22.591  30.358 0.1000000015
48007  -49.531  -25.652  24.337 0.1000000015
47996  -49.903  -25.161  25.635 0.1000000015
48716  -52.786  -23.082  31.309 0.1000000015
107747  -48.097  -25.782  23.238 0.1000000015
48006  -48.693  -25.926  24.424 0.1000000015
48037  -46.160  -25.420  22.598 0.1000000015
48023  -47.407  -25.891  23.562 0.1000000015
47900  -51.499  -25.034  31.741 0.1000000015
48822  -43.383  -24.197  21.805 0.1000000015
48809  -44.670  -24.869  22.187 0.1000000015
48036  -45.146  -25.396  22.646 0.1000000015
48022  -46.480  -25.855  23.418 0.1000000015
92837  -50.348  -26.640  31.885 0.1000000015
47085  -51.496  -25.334  32.671 0.1000000015
48821  -42.439  -24.173  21.862 0.1000000015
48756  -53.905  -23.330  27.976 0.1000000015
47951  -53.675  -23.617  28.430 0.1000000015
49510  -53.672  -23.011  27.979 0.1000000015
49523  -53.196  -23.150  27.391 0.1000000015
48009  -51.180  -24.789  24.464 0.1000000015
106991  -51.800  -24.387  25.258 0.1000000015
48041  -50.254  -24.950  22.885 0.1000000015
48026  -50.706  -24.944  23.672 0.1000000015
112691  -52.613  -23.712  30.880 0.1000000015
48812  -47.826  -25.073  22.106 0.1000000015
48039  -48.419  -25.469  22.673 0.1000000015
48025  -49.880  -25.380  23.560 0.1000000015
50295  -43.359  -22.774  21.225 0.1000000015
98689  -44.764  -23.767  21.495 0.1000000015
48825  -45.874  -24.289  21.646 0.1000000015
108621  -46.380  -24.816  21.954 0.1000000015
48038  -47.603  -25.556  22.741 0.1000000015
49563  -43.992  -23.460  21.441 0.1000000015
48824  -45.082  -24.319  21.750 0.1000000015
47939  -51.244  -25.161  30.647 0.1000000015
96380  -41.895  -23.362  21.644 0.1000000015
49562  -42.947  -23.455  21.542 0.1000000015
97155  -50.486  -27.376  32.292 0.1000000015
92836  -51.307  -27.277  33.257 0.1000000015
93251  -49.915  -28.272  31.809 0.1000000015
92842  -51.361  -28.088  33.375 0.1000000015
49511  -54.047  -23.452  27.445 0.1000000015
49524  -53.775  -23.339  27.108 0.1000000015
48789  -52.890  -23.881  25.090 0.1000000015
48770  -52.896  -23.629  26.236 0.1000000015
48744  -53.411  -23.117  29.471 0.1000000015
49581  -48.364  -23.022  20.689 0.1000000015
96254  -49.681  -23.367  21.227 0.1000000015
48815  -51.499  -24.080  22.819 0.1000000015
110529  -51.973  -24.311  24.539 0.1000000015
50309  -46.800  -22.681  20.372 0.1000000015
49580  -47.461  -23.160  20.751 0.1000000015
49567  -48.155  -23.587  21.151 0.1000000015
48814  -49.729  -24.613  22.167 0.1000000015
48798  -50.949  -24.605  23.080 0.1000000015
47941  -52.891  -23.456  30.285 0.1000000015
47940  -51.744  -24.705  30.046 0.1000000015
110917  -44.641  -22.386  20.505 0.1000000015
50308  -45.913  -22.723  20.475 0.1000000015
49566  -47.143  -23.794  21.285 0.1000000015
48827  -48.000  -24.350  21.590 0.1000000015
48040  -49.360  -25.282  22.735 0.1000000015
51050  -42.666  -21.614  20.737 0.1000000015
50307  -43.450  -22.179  20.777 0.1000000015
49578  -45.710  -23.227  20.933 0.1000000015
112777  -46.536  -24.240  21.566 0.1000000015
48826  -47.140  -24.608  21.762 0.1000000015
51045  -42.160  -21.983  21.155 0.1000000015
50306  -42.850  -22.265  21.075 0.1000000015
47112  -50.149  -25.988  30.431 0.1000000015
47103  -50.302  -26.170  31.294 0.1000000015
99167  -49.851  -27.529  31.500 0.1000000015
111863  -54.005  -23.407  26.362 0.1000000015
49525  -54.270  -23.505  26.720 0.1000000015
48758  -54.372  -23.686  26.941 0.1000000015
50327  -47.050  -22.200  19.818 0.1000000015
50311  -48.657  -22.456  20.250 0.1000000015
49583  -50.172  -22.803  20.851 0.1000000015
49556  -52.232  -23.362  22.471 0.1000000015
48800  -52.746  -23.793  24.226 0.1000000015
48783  -54.794  -23.180  25.126 0.1000000015
48771  -54.670  -23.677  26.286 0.1000000015
107553  -45.492  -21.682  19.479 0.1000000015
50310  -47.718  -22.589  20.287 0.1000000015
50297  -51.196  -22.687  21.029 0.1000000015
49570  -51.695  -23.083  21.686 0.1000000015
49542  -53.859  -23.046  23.907 0.1000000015
49543  -54.853  -22.960  24.340 0.1000000015
48784  -54.980  -23.477  25.507 0.1000000015
47949  -52.223  -24.665  29.256 0.1000000015
51811  -42.886  -20.916  20.186 0.1000000015
51052  -45.146  -22.169  20.160 0.1000000015
50314  -51.939  -22.043  20.515 0.1000000015
49571  -52.964  -22.642  22.032 0.1000000015
49558  -54.811  -22.748  22.950 0.1000000015
47981  -54.690  -24.961  26.320 0.1000000015
110373  -42.192  -20.833  20.588 0.1000000015
51055  -54.628  -21.197  19.384 0.1000000015
102617  -54.168  -21.807  20.935 0.1000000015
50289  -55.092  -22.441  21.472 0.1000000015
47113  -50.612  -25.678  29.762 0.1000000015
102130  -49.727  -26.614  30.555 0.1000000015
47125  -49.884  -26.372  29.320 0.1000000015
46351  -49.561  -27.112  30.834 0.1000000015
46371  -49.286  -26.963  29.918 0.1000000015
48757  -54.327  -23.868  27.342 0.1000000015
51082  -45.852  -21.259  18.785 0.1000000015
51072  -48.530  -21.685  19.381 0.1000000015
50312  -49.685  -22.250  20.225 0.1000000015
51822  -44.029  -20.669  19.170 0.1000000015
51081  -44.958  -21.078  18.943 0.1000000015
51085  -48.538  -21.298  18.819 0.1000000015
108400  -54.685  -24.135  26.696 0.1000000015
47967  -54.473  -24.650  26.998 0.1000000015
52679  -42.180  -19.307  20.417 0.1000000015
51821  -43.177  -20.165  19.536 0.1000000015
108928  -50.282  -21.332  19.063 0.1000000015
50330  -50.525  -21.721  19.773 0.1000000015
47982  -55.076  -24.104  25.980 0.1000000015
47171  -53.979  -25.626  26.662 0.1000000015
51810  -42.303  -20.089  20.261 0.1000000015
51074  -51.661  -21.253  19.060 0.1000000015
47126  -50.844  -25.770  28.897 0.1000000015
51839  -45.904  -20.322  17.786 0.1000000015
107739  -46.590  -20.489  17.712 0.1000000015
53526  -44.194  -18.224  17.919 0.1000000015
51831  -47.188  -20.808  18.044 0.1000000015
47965  -53.376  -24.864  27.975 0.1000000015
47950  -52.934  -24.644  28.612 0.1000000015
52694  -43.531  -19.010  18.644 0.1000000015
51829  -44.519  -20.218  18.508 0.1000000015
51833  -48.899  -20.915  18.262 0.1000000015
53503  -42.797  -18.221  20.245 0.1000000015
52687  -43.182  -19.261  19.156 0.1000000015
107210  -50.333  -20.972  18.346 0.1000000015
47146  -52.448  -25.676  27.639 0.1000000015
47147  -53.257  -25.666  27.227 0.1000000015
47127  -51.652  -25.666  28.222 0.1000000015
47170  -53.108  -26.305  26.506 0.1000000015
47145  -50.795  -26.354  27.960 0.1000000015
47168  -51.407  -26.540  27.220 0.1000000015
46395  -50.371  -26.985  27.409 0.1000000015
47144  -50.031  -26.678  28.304 0.1000000015
53527  -44.723  -17.941  17.418 0.1000000015
52702  -45.645  -19.434  17.349 0.1000000015
55204  -44.529  -16.426  19.008 0.1000000015
53535  -45.496  -18.508  17.037 0.1000000015
54394  -43.616  -17.762  18.757 0.1000000015
98321  -47.274  -20.350  17.233 0.1000000015
51840  -46.417  -19.918  17.212 0.1000000015
54365  -43.291  -17.353  21.484 0.1000000015
54385  -43.278  -17.817  19.573 0.1000000015
51843  -49.812  -20.548  17.151 0.1000000015
51842  -48.772  -20.627  17.558 0.1000000015
56051  -48.893  -14.816  20.658 0.1000000015
56049  -46.728  -15.463  20.307 0.1000000015
56055  -46.577  -15.186  19.449 0.1000000015
56056  -47.446  -15.097  19.896 0.1000000015
108422  -45.191  -15.830  19.182 0.1000000015
55226  -45.074  -16.222  17.646 0.1000000015
51855  -47.002  -19.621  16.637 0.1000000015
52708  -46.239  -19.048  16.755 0.1000000015
110397  -47.696  -20.061  16.579 0.1000000015
53536  -46.235  -18.118  16.395 0.1000000015
51858  -49.988  -20.444  16.216 0.1000000015
56845  -48.839  -14.654  20.092 0.1000000015
56069  -45.674  -15.516  18.028 0.1000000015
56853  -47.260  -14.723  19.089 0.1000000015
55233  -45.381  -16.798  16.899 0.1000000015
53537  -46.981  -18.710  16.128 0.1000000015
52709  -47.608  -19.383  16.004 0.1000000015
51870  -49.260  -20.233  15.743 0.1000000015
51871  -50.231  -20.280  15.344 0.1000000015
51873  -52.944  -20.510  14.778 0.1000000015
51886  -50.341  -20.045  14.533 0.1000000015
51888  -52.445  -20.619  13.799 0.1000000015
51124  -52.971  -21.210  13.534 0.1000000015
50399  -51.450  -21.823  12.789 0.1000000015
50398  -50.339  -22.382  13.417 0.1000000015
56846  -49.714  -14.553  20.312 0.1000000015
56844  -48.219  -14.630  19.523 0.1000000015
56078  -46.389  -15.079  17.580 0.1000000015
54411  -46.269  -17.222  16.212 0.1000000015
56872  -47.106  -14.611  18.140 0.1000000015
52710  -48.368  -20.054  16.036 0.1000000015
53544  -47.203  -17.644  15.618 0.1000000015
56086  -46.625  -15.484  16.543 0.1000000015
52723  -48.788  -19.626  15.238 0.1000000015
52722  -48.206  -19.131  15.380 0.1000000015
54417  -47.128  -16.750  15.625 0.1000000015
53546  -48.294  -18.342  14.922 0.1000000015
52724  -49.530  -19.872  14.921 0.1000000015
52735  -49.951  -19.484  14.048 0.1000000015
52734  -49.133  -19.150  14.527 0.1000000015
51887  -51.163  -19.963  13.537 0.1000000015
52746  -50.622  -19.079  12.856 0.1000000015
51144  -52.161  -20.687  11.920 0.1000000015
52747  -51.610  -19.634  12.113 0.1000000015
53574  -51.077  -18.874  11.348 0.1000000015
50381  -49.014  -22.828  13.756 0.1000000015
50408  -51.165  -21.468  12.046 0.1000000015
52766  -51.672  -20.037  11.100 0.1000000015
56854  -49.196  -14.422  19.672 0.1000000015
99288  -50.564  -14.455  20.268 0.1000000015
56873  -47.891  -14.378  18.589 0.1000000015
56093  -47.210  -15.953  15.760 0.1000000015
97449  -47.694  -17.055  15.223 0.1000000015
54419  -48.573  -17.695  14.444 0.1000000015
53572  -49.355  -17.755  13.396 0.1000000015
53573  -50.293  -18.205  12.287 0.1000000015
99307  -49.968  -17.448  11.823 0.1000000015
24859  -30.435  -52.874  42.704 0.1000000015
28524  -30.581  -48.046  35.549 0.1000000015
97242  -27.649  -44.216  31.471 0.1000000015
103461  -31.026  -48.873  36.612 0.1000000015
30189  -28.297  -46.178  33.777 0.1000000015
25676  -30.704  -51.760  44.321 0.1000000015
106970  -24.284  -38.888  26.671 0.1000000015
47958  -43.661  -25.484  28.356 0.1000000015
53513  -42.546  -18.842  20.117 0.1000000015
94380  -35.239  -32.878  24.371 0.1000000015
39493  -33.960  -35.353  24.310 0.1000000015
43293  -36.297  -31.425  24.351 0.1000000015
37606  -25.617  -37.632  24.457 0.1000000015
39506  -28.283  -35.282  23.509 0.1000000015
38558  -28.689  -36.080  23.189 0.1000000015
38559  -29.644  -36.095  23.125 0.1000000015
39508  -30.054  -35.408  23.378 0.1000000015
110344  -30.882  -35.396  23.428 0.1000000015
45636  -40.942  -28.390  28.083 0.1000000015
45650  -38.833  -28.791  26.526 0.1000000015
46364  -41.450  -27.449  30.709 0.1000000015
38556  -26.908  -36.296  23.660 0.1000000015
100029  -44.326  -16.550  19.896 0.1000000015
55205  -45.069  -16.027  19.889 0.1000000015
109837  -48.242  -15.215  20.873 0.1000000015
26681  -23.835  -50.550  39.365 0.1000000015
26614  -29.264  -50.853  44.281 0.1000000015
24857  -28.325  -53.186  40.603 0.1000000015
24844  -28.837  -52.890  41.721 0.1000000015
43238  -46.071  -30.897  29.886 0.1000000015
44095  -45.817  -30.535  29.085 0.1000000015
45628  -45.449  -28.182  28.454 0.1000000015
43255  -44.983  -30.649  27.760 0.1000000015
44118  -45.055  -29.723  27.523 0.1000000015
33493  -35.438  -42.184  23.639 0.1000000015
24885  -30.698  -53.851  39.527 0.1000000015
44910  -45.027  -29.014  27.482 0.1000000015
42234  -44.287  -32.076  27.657 0.1000000015
43264  -44.000  -30.841  26.640 0.1000000015
44117  -44.526  -30.288  27.056 0.1000000015
43263  -43.386  -31.308  26.338 0.1000000015
47936  -44.174  -25.364  31.201 0.1000000015
25766  -32.193  -51.867  39.566 0.1000000015
39469  -39.901  -35.593  27.440 0.1000000015
40459  -39.533  -35.158  26.551 0.1000000015
37586  -39.005  -37.255  25.838 0.1000000015
38493  -38.858  -36.641  26.565 0.1000000015
95261  -37.974  -37.213  25.008 0.1000000015
37585  -38.613  -37.287  25.352 0.1000000015
35080  -37.061  -40.439  22.690 0.1000000015
35906  -37.646  -39.052  23.164 0.1000000015
32681  -33.919  -43.326  25.961 0.1000000015
32680  -33.124  -43.336  26.127 0.1000000015
31866  -34.127  -44.178  26.818 0.1000000015
32682  -34.724  -43.337  25.856 0.1000000015
100802  -33.684  -45.717  28.425 0.1000000015
31851  -32.662  -44.280  27.263 0.1000000015
105589  -34.174  -44.567  27.264 0.1000000015
31867  -34.880  -44.345  26.959 0.1000000015
46392  -44.851  -27.938  28.299 0.1000000015
45640  -44.512  -28.515  27.476 0.1000000015
24068  -33.589  -53.767  39.306 0.1000000015
42232  -42.791  -33.127  26.998 0.1000000015
42249  -42.028  -31.882  25.443 0.1000000015
96318  -44.679  -25.254  30.155 0.1000000015
96092  -33.070  -53.320  35.534 0.1000000015
42248  -41.353  -32.374  25.296 0.1000000015
39483  -38.902  -35.613  26.340 0.1000000015
38514  -37.488  -36.606  25.358 0.1000000015
36794  -36.889  -38.940  23.008 0.1000000015
35924  -36.559  -39.738  22.635 0.1000000015
33491  -33.886  -41.766  23.613 0.1000000015
33470  -32.721  -42.437  24.968 0.1000000015
44926  -43.743  -29.384  26.443 0.1000000015
44924  -42.469  -28.945  26.040 0.1000000015
44925  -43.080  -29.470  26.022 0.1000000015
112240  -43.036  -30.931  25.874 0.1000000015
43273  -42.477  -30.998  25.523 0.1000000015
93248  -49.113  -26.821  34.006 0.1000000015
24072  -33.635  -53.111  37.469 0.1000000015
42269  -41.239  -31.724  24.953 0.1000000015
41354  -40.266  -33.328  25.315 0.1000000015
40489  -37.901  -34.854  25.254 0.1000000015
37641  -37.034  -37.660  23.892 0.1000000015
36766  -36.172  -38.380  23.135 0.1000000015
34235  -34.308  -41.312  23.137 0.1000000015
32634  -32.120  -43.780  26.937 0.1000000015
32648  -32.347  -43.327  26.341 0.1000000015
45627  -42.593  -27.896  28.806 0.1000000015
45667  -41.795  -28.673  26.202 0.1000000015
45665  -40.448  -28.850  25.655 0.1000000015
44944  -41.780  -29.089  25.701 0.1000000015
44942  -40.059  -29.334  25.093 0.1000000015
108015  -41.764  -29.685  25.375 0.1000000015
100377  -39.917  -30.043  24.670 0.1000000015
43272  -41.754  -31.022  25.107 0.1000000015
41373  -39.798  -32.809  24.755 0.1000000015
26744  -33.015  -51.492  35.986 0.1000000015
41372  -38.444  -33.760  24.787 0.1000000015
28512  -31.142  -48.571  36.099 0.1000000015
27655  -32.346  -49.903  36.534 0.1000000015
27666  -31.587  -49.394  34.910 0.1000000015
28529  -30.642  -47.827  34.811 0.1000000015
28539  -31.148  -48.742  33.469 0.1000000015
37609  -36.492  -37.116  24.347 0.1000000015
109482  -36.183  -35.227  24.822 0.1000000015
29401  -30.798  -47.804  31.495 0.1000000015
113002  -35.886  -37.169  23.996 0.1000000015
100714  -34.819  -39.813  22.430 0.1000000015
96548  -34.841  -39.136  22.517 0.1000000015
31008  -30.241  -45.540  29.612 0.1000000015
31009  -31.197  -45.864  29.234 0.1000000015
31829  -30.607  -44.749  28.506 0.1000000015
31830  -31.580  -44.754  28.074 0.1000000015
34255  -33.940  -40.700  22.765 0.1000000015
31026  -32.166  -45.271  28.276 0.1000000015
32633  -31.344  -43.694  27.177 0.1000000015
111402  -39.439  -29.130  25.260 0.1000000015
105894  -38.830  -30.247  24.564 0.1000000015
44165  -39.428  -30.512  24.530 0.1000000015
43296  -39.577  -31.406  24.444 0.1000000015
106649  -38.847  -31.642  24.301 0.1000000015
47883  -49.150  -24.896  34.180 0.1000000015
42267  -38.465  -32.341  24.320 0.1000000015
93812  -47.229  -25.255  28.857 0.1000000015
94160  -37.922  -33.045  24.391 0.1000000015
40487  -36.654  -34.676  24.773 0.1000000015
98611  -29.175  -46.247  33.800 0.1000000015
29389  -30.322  -47.275  33.377 0.1000000015
36792  -34.193  -38.611  22.582 0.1000000015
95578  -34.790  -37.152  23.625 0.1000000015
37639  -35.409  -37.736  23.356 0.1000000015
30975  -28.392  -45.267  32.631 0.1000000015
30993  -29.862  -45.627  30.379 0.1000000015
31828  -29.656  -44.436  28.819 0.1000000015
33453  -31.187  -42.502  25.678 0.1000000015
32646  -30.946  -43.264  26.769 0.1000000015
33432  -31.759  -42.865  25.970 0.1000000015
35922  -32.960  -39.422  22.450 0.1000000015
34216  -31.339  -41.762  24.482 0.1000000015
34217  -32.166  -41.918  24.356 0.1000000015
35074  -32.032  -40.223  22.910 0.1000000015
48701  -49.602  -24.152  32.135 0.1000000015
48680  -49.730  -24.588  34.035 0.1000000015
48730  -48.897  -24.271  30.059 0.1000000015
94238  -36.117  -32.892  24.315 0.1000000015
40486  -35.130  -34.572  24.565 0.1000000015
38537  -34.521  -35.884  24.343 0.1000000015
94277  -34.778  -35.341  24.512 0.1000000015
29418  -30.393  -47.048  31.064 0.1000000015
30985  -29.665  -45.611  31.237 0.1000000015
37637  -33.713  -37.191  23.192 0.1000000015
30976  -29.171  -45.587  32.647 0.1000000015
30206  -29.484  -45.565  32.000 0.1000000015
30984  -28.964  -44.957  31.972 0.1000000015
32616  -28.978  -44.010  29.226 0.1000000015
31817  -29.344  -44.544  29.669 0.1000000015
33421  -29.131  -42.987  27.315 0.1000000015
36790  -32.824  -38.591  22.437 0.1000000015
37663  -33.489  -38.017  22.640 0.1000000015
33451  -29.752  -42.415  26.158 0.1000000015
33430  -30.281  -42.876  26.598 0.1000000015
35043  -30.088  -40.860  23.843 0.1000000015
34231  -30.984  -41.173  23.828 0.1000000015
34204  -30.173  -41.869  25.106 0.1000000015
35904  -30.291  -39.814  23.203 0.1000000015
48731  -50.005  -23.588  30.463 0.1000000015
48690  -50.769  -24.437  33.910 0.1000000015
48691  -51.335  -24.571  33.847 0.1000000015
47963  -48.373  -25.042  27.640 0.1000000015
48742  -48.624  -24.522  29.111 0.1000000015
102231  -33.215  -36.632  23.383 0.1000000015
38563  -33.881  -36.528  23.694 0.1000000015
37660  -30.617  -37.648  22.674 0.1000000015
36789  -31.517  -38.822  22.511 0.1000000015
96326  -32.050  -38.199  22.466 0.1000000015
37662  -32.286  -37.364  22.712 0.1000000015
37636  -33.003  -37.287  22.885 0.1000000015
31809  -29.183  -44.586  30.485 0.1000000015
30992  -29.470  -45.061  30.858 0.1000000015
31816  -28.819  -44.072  30.040 0.1000000015
35903  -29.371  -39.367  23.280 0.1000000015
111517  -30.151  -40.337  23.502 0.1000000015
35042  -29.330  -40.689  23.995 0.1000000015
36788  -30.705  -38.554  22.631 0.1000000015
32614  -27.711  -43.106  29.786 0.1000000015
32622  -28.573  -43.446  28.776 0.1000000015
33416  -28.131  -42.888  28.330 0.1000000015
33428  -28.715  -42.471  26.844 0.1000000015
34203  -29.496  -41.922  25.514 0.1000000015
49487  -52.257  -22.526  30.623 0.1000000015
98890  -49.413  -24.100  28.776 0.1000000015
106652  -49.117  -24.639  27.596 0.1000000015
47993  -47.184  -26.058  26.024 0.1000000015
38561  -31.371  -36.091  23.219 0.1000000015
38562  -32.550  -36.704  23.110 0.1000000015
38560  -30.528  -36.097  23.151 0.1000000015
33407  -26.877  -42.653  29.848 0.1000000015
33415  -27.490  -42.505  28.654 0.1000000015
96786  -26.468  -41.743  28.328 0.1000000015
108616  -26.157  -41.150  27.173 0.1000000015
33419  -27.684  -42.395  27.850 0.1000000015
33427  -27.929  -42.182  27.041 0.1000000015
104774  -28.310  -41.953  26.299 0.1000000015
35039  -26.531  -40.334  25.197 0.1000000015
34201  -27.294  -40.941  25.355 0.1000000015
34202  -28.063  -41.450  25.577 0.1000000015
34213  -28.753  -41.385  25.059 0.1000000015
35890  -28.043  -40.127  24.117 0.1000000015
94084  -28.489  -38.894  23.415 0.1000000015
35055  -28.840  -40.302  23.884 0.1000000015
37635  -29.109  -37.690  22.910 0.1000000015
36765  -29.212  -38.543  23.039 0.1000000015
112768  -28.743  -41.799  25.736 0.1000000015
48703  -52.319  -23.394  32.457 0.1000000015
104432  -47.960  -25.686  26.360 0.1000000015
47994  -47.847  -26.007  25.508 0.1000000015
48020  -44.700  -25.768  23.255 0.1000000015
47222  -45.146  -26.101  23.940 0.1000000015
37583  -24.531  -38.023  25.734 0.1000000015
100727  -27.390  -36.748  23.441 0.1000000015
96080  -28.242  -36.980  23.141 0.1000000015
34998  -25.184  -40.924  28.138 0.1000000015
36747  -26.815  -38.791  24.038 0.1000000015
35889  -27.256  -39.573  24.237 0.1000000015
36764  -27.591  -38.396  23.588 0.1000000015
35901  -27.778  -39.266  23.779 0.1000000015
37659  -29.801  -37.462  22.794 0.1000000015
35029  -26.029  -40.455  25.846 0.1000000015
49488  -52.932  -22.387  30.170 0.1000000015
47980  -50.488  -24.686  26.063 0.1000000015
47995  -49.221  -25.661  25.187 0.1000000015
48035  -44.235  -25.362  22.666 0.1000000015
48807  -42.892  -24.795  22.239 0.1000000015
35010  -24.952  -40.134  26.777 0.1000000015
35876  -24.585  -38.747  25.920 0.1000000015
36745  -25.482  -38.279  24.649 0.1000000015
35028  -25.277  -39.984  25.993 0.1000000015
35877  -25.052  -39.269  25.527 0.1000000015
35887  -25.531  -39.041  24.874 0.1000000015
101272  -26.046  -38.744  24.455 0.1000000015
107298  -50.717  -24.933  25.250 0.1000000015
48008  -50.341  -25.263  24.377 0.1000000015
96431  -49.969  -25.435  24.963 0.1000000015
48024  -48.913  -25.756  23.507 0.1000000015
102722  -48.191  -25.964  23.857 0.1000000015
48810  -45.561  -24.883  22.104 0.1000000015
106254  -46.920  -25.631  22.872 0.1000000015
48811  -47.002  -25.215  22.310 0.1000000015
48823  -44.269  -24.261  21.789 0.1000000015
48813  -48.753  -24.863  22.054 0.1000000015
50296  -44.236  -22.668  20.897 0.1000000015
49577  -44.909  -23.252  21.132 0.1000000015
49564  -45.449  -23.717  21.379 0.1000000015
48782  -54.018  -23.371  25.606 0.1000000015
49568  -48.904  -23.374  21.048 0.1000000015
49582  -49.240  -22.890  20.709 0.1000000015
48829  -50.148  -23.924  21.742 0.1000000015
49569  -50.645  -23.299  21.414 0.1000000015
48828  -49.053  -24.019  21.532 0.1000000015
49555  -51.127  -23.753  22.030 0.1000000015
102290  -50.626  -24.352  22.407 0.1000000015
48816  -52.552  -23.602  23.364 0.1000000015
48799  -51.620  -24.383  23.728 0.1000000015
50326  -46.127  -22.234  19.932 0.1000000015
51051  -44.155  -21.952  20.323 0.1000000015
96944  -45.108  -22.761  20.659 0.1000000015
49579  -46.544  -23.223  20.828 0.1000000015
111079  -43.394  -21.600  20.391 0.1000000015
49565  -46.216  -23.705  21.279 0.1000000015
107413  -54.554  -23.410  25.939 0.1000000015
47966  -54.026  -24.521  27.613 0.1000000015
51070  -46.406  -21.733  19.344 0.1000000015
50329  -48.957  -21.964  19.764 0.1000000015
50328  -48.020  -22.063  19.709 0.1000000015
48790  -54.015  -23.186  24.747 0.1000000015
51069  -44.543  -21.469  19.633 0.1000000015
50298  -52.371  -22.412  21.229 0.1000000015
50313  -50.774  -22.208  20.396 0.1000000015
49549  -54.692  -22.849  23.594 0.1000000015
49557  -53.754  -22.800  22.976 0.1000000015
51068  -43.675  -21.164  19.813 0.1000000015
50315  -53.425  -21.730  20.557 0.1000000015
51054  -52.999  -21.435  19.676 0.1000000015
51053  -51.616  -21.631  19.836 0.1000000015
50288  -54.417  -22.425  22.126 0.1000000015
50299  -53.633  -22.151  21.405 0.1000000015
47997  -54.814  -24.897  25.391 0.1000000015
51830  -45.460  -20.672  18.356 0.1000000015
99024  -46.268  -20.830  18.223 0.1000000015
51071  -47.291  -21.695  19.267 0.1000000015
51083  -46.727  -21.284  18.680 0.1000000015
108926  -47.988  -21.602  19.202 0.1000000015
51828  -43.679  -19.724  18.828 0.1000000015
51086  -49.460  -21.152  18.640 0.1000000015
51073  -49.218  -21.520  19.266 0.1000000015
51084  -47.630  -21.282  18.692 0.1000000015
51832  -48.142  -20.890  18.186 0.1000000015
113007  -49.695  -21.749  19.659 0.1000000015
52686  -42.695  -19.404  19.795 0.1000000015
105341  -52.792  -21.187  19.058 0.1000000015
46385  -49.239  -27.151  28.829 0.1000000015
52701  -44.823  -18.860  17.577 0.1000000015
52695  -45.043  -19.834  17.888 0.1000000015
53522  -43.739  -18.393  18.424 0.1000000015
101205  -44.105  -19.146  18.221 0.1000000015
105761  -43.960  -17.775  18.270 0.1000000015
53521  -43.307  -18.487  18.933 0.1000000015
51098  -49.666  -20.769  17.966 0.1000000015
53514  -42.935  -18.677  19.587 0.1000000015
51087  -51.596  -20.905  18.279 0.1000000015
47169  -52.364  -26.408  26.775 0.1000000015
54400  -44.360  -17.401  17.862 0.1000000015
54395  -44.092  -17.169  18.508 0.1000000015
54386  -43.839  -17.099  19.249 0.1000000015
51856  -48.171  -20.410  16.931 0.1000000015
51841  -47.870  -20.608  17.585 0.1000000015
51857  -49.017  -20.424  16.608 0.1000000015
56050  -48.207  -14.995  20.261 0.1000000015
56054  -45.746  -15.451  18.897 0.1000000015
55219  -45.037  -15.941  18.442 0.1000000015
54401  -44.823  -17.327  17.358 0.1000000015
55225  -44.732  -16.882  17.560 0.1000000015
56070  -46.437  -15.002  18.579 0.1000000015
54410  -45.417  -17.643  16.849 0.1000000015
55227  -45.789  -15.862  17.032 0.1000000015
53545  -47.725  -18.424  15.440 0.1000000015
51859  -51.495  -20.417  15.708 0.1000000015
51872  -51.387  -20.345  14.599 0.1000000015
51135  -52.862  -20.979  13.315 0.1000000015
51896  -52.218  -20.457  12.619 0.1000000015
50400  -52.479  -21.479  13.159 0.1000000015
51134  -52.546  -20.961  12.704 0.1000000015
50409  -52.099  -21.223  12.338 0.1000000015
55234  -46.363  -16.359  16.272 0.1000000015
56890  -47.073  -14.707  17.077 0.1000000015
54418  -47.987  -17.643  15.067 0.1000000015
109314  -48.594  -18.918  14.881 0.1000000015
53557  -48.858  -18.406  14.362 0.1000000015
53558  -49.647  -18.655  13.670 0.1000000015
110468  -51.861  -20.936  11.733 0.1000000015
51906  -51.907  -20.268  11.511 0.1000000015
52748  -52.034  -20.187  11.746 0.1000000015
51897  -52.268  -20.658  12.192 0.1000000015
52758  -51.583  -19.721  11.180 0.1000000015
95965  -48.849  -22.522  12.684 0.1000000015
103126  -50.143  -22.006  12.430 0.1000000015
51152  -51.787  -20.402  11.428 0.1000000015
51915  -51.256  -20.282  11.042 0.1000000015
55241  -47.805  -16.415  15.271 0.1000000015
55218  -44.545  -16.647  18.120 0.1000000015
21490  -15.235  -55.656  49.634 0.1000000015
21495  -15.945  -56.013  48.962 0.1000000015
21496  -17.078  -55.559  48.861 0.1000000015
21503  -17.556  -56.185  48.196 0.1000000015
21545  -16.481  -56.831  41.772 0.1000000015
22389  -16.156  -55.028  50.329 0.1000000015
22392  -15.405  -55.316  49.979 0.1000000015
22393  -15.891  -55.317  50.037 0.1000000015
22399  -17.125  -55.478  49.158 0.1000000015
23190  -16.242  -54.558  50.271 0.1000000015
23191  -16.535  -54.804  50.192 0.1000000015
23193  -16.750  -54.664  49.847 0.1000000015
23960  -16.450  -54.363  50.110 0.1000000015
23965  -15.231  -54.001  49.531 0.1000000015
23966  -16.031  -53.769  49.974 0.1000000015
23971  -15.581  -53.251  49.016 0.1000000015
23972  -16.024  -53.151  49.054 0.1000000015
24047  -31.890  -53.969  42.305 0.1000000015
24048  -32.360  -53.906  41.971 0.1000000015
24049  -33.148  -53.694  41.234 0.1000000015
24058  -32.635  -54.138  41.333 0.1000000015
24059  -33.456  -53.842  40.475 0.1000000015
24060  -34.003  -53.496  39.750 0.1000000015
24069  -33.984  -53.345  38.665 0.1000000015
24076  -33.396  -53.041  36.621 0.1000000015
24773  -15.324  -52.257  47.260 0.1000000015
24845  -29.776  -52.924  42.590 0.1000000015
24874  -34.072  -53.235  40.008 0.1000000015
24906  -33.207  -53.204  36.508 0.1000000015
25693  -30.743  -52.160  44.088 0.2000000030
25767  -33.347  -52.220  39.666 0.1000000015
25782  -34.012  -52.423  38.582 0.1000000015
26718  -28.226  -50.487  38.114 0.2000000030
27531  -30.305  -51.091  44.482 0.1000000015
27551  -30.531  -51.134  44.394 0.1000000015
27607  -20.291  -49.071  39.393 0.1000000015
27609  -26.541  -49.236  39.252 0.2000000030
27623  -26.303  -49.414  38.631 0.2000000030
27631  -25.382  -49.125  37.722 0.2000000030
28403  -24.520  -47.821  44.615 0.1000000015
28501  -17.736  -48.929  35.784 0.2000000030
28510  -29.612  -48.344  36.207 0.2000000030
29339  -20.255  -47.554  37.775 0.2000000030
29355  -17.734  -47.613  34.917 0.2000000030
29357  -19.534  -46.573  35.570 0.2000000030
29367  -16.159  -46.788  34.724 0.2000000030
30070  -26.732  -46.870  44.471 0.1000000015
30134  -20.729  -46.755  37.890 0.2000000030
30864  -26.125  -45.597  42.264 0.1000000015
30956  -22.983  -45.485  33.622 0.2000000030
31618  -35.346  -45.283  48.897 0.8999999762
31619  -35.684  -45.320  48.592 0.8999999762
31671  -36.959  -45.138  44.997 1.0000000000
31677  -36.664  -44.929  44.622 1.0000000000
31765  -19.616  -44.371  34.743 0.4000000060
31770  -17.212  -44.541  34.508 0.1000000015
31782  -22.715  -44.510  32.846 0.3000000119
32346  -2.957  -43.158  54.446 0.2000000030
32353  -2.385  -43.364  54.173 0.2000000030
32354  -3.328  -43.322  54.230 0.1000000015
32436  -35.169  -44.192  46.985 1.0000000000
32509  -9.576  -43.333  41.251 0.5000000000
32581  -17.569  -43.644  34.581 0.2000000030
33118  -2.691  -42.922  54.282 0.1000000015
33154  -32.496  -44.779  51.504 0.8999999762
34022  -30.880  -41.042  44.324 1.0000000000
34089  -36.226  -41.625  37.918 0.8999999762
34143  -18.733  -41.842  34.786 0.4000000060
34176  -27.218  -41.897  27.353 0.1000000015
34731  -26.125  -40.729  47.312 1.0000000000
34912  -31.581  -40.906  38.764 1.0000000000
34921  -19.473  -39.883  36.559 0.6999999881
34959  -18.491  -40.905  35.650 0.6000000238
35676  -22.268  -39.171  42.603 0.8999999762
35678  -27.143  -39.347  42.202 1.0000000000
35699  -21.319  -39.060  41.576 0.8999999762
35766  -20.567  -39.310  37.157 0.8000000119
35920  -30.949  -39.319  22.756 0.1000000015
36627  -21.021  -38.803  37.714 0.8000000119
36642  -31.675  -38.368  36.785 0.8999999762
37409  -42.391  -37.510  41.658 0.4000000060
37411  -43.788  -36.917  41.901 0.3000000119
37501  -26.985  -37.058  34.639 0.6000000238
37607  -26.132  -37.342  24.027 0.1000000015
37632  -26.779  -37.044  23.650 0.1000000015
38342  -40.400  -36.459  38.752 0.8999999762
38360  -29.157  -36.869  35.066 0.6999999881
39283  -43.261  -35.873  40.488 0.3000000119
39284  -44.040  -35.422  40.803 0.3000000119
39301  -41.739  -35.268  39.741 0.6000000238
39495  -36.726  -35.515  25.075 0.1000000015
40301  -43.777  -34.476  40.652 0.3000000119
40338  -39.749  -34.647  38.298 0.8999999762
40501  -27.929  -34.530  23.921 0.2000000030
41189  -45.698  -33.151  41.913 0.3000000119
41196  -43.359  -33.650  40.432 0.5000000000
41198  -45.304  -33.656  41.549 0.3000000119
41211  -42.501  -33.603  39.973 0.5000000000
42067  -45.875  -32.337  41.950 0.2000000030
43961  -42.353  -29.869  42.061 0.1000000015
43963  -45.157  -29.258  41.774 0.2000000030
43972  -45.280  -29.280  41.009 0.4000000060
44750  -45.207  -28.668  41.440 0.2000000030
44770  -44.392  -29.108  40.372 0.4000000060
45490  -42.336  -26.825  42.265 0.1000000015
45493  -44.998  -28.223  41.558 0.2000000030
45507  -44.159  -27.431  41.498 0.2000000030
46235  -42.955  -26.878  42.099 0.2000000030
46257  -43.343  -26.987  41.598 0.2000000030
48739  -32.577  -25.054  28.023 0.5000000000
50877  -43.581  -21.230  40.868 0.2000000030
50894  -40.686  -22.240  39.125 0.4000000060
51617  -42.423  -21.234  41.029 0.2000000030
51618  -43.596  -21.113  40.880 0.3000000119
51619  -44.280  -20.898  40.229 0.3000000119
51628  -45.732  -19.810  38.762 0.5000000000
51648  -43.371  -21.253  36.035 0.6999999881
51675  -40.747  -20.833  33.092 0.6999999881
51779  -43.218  -20.282  26.596 0.6000000238
53335  -40.049  -18.673  34.173 0.1000000015
55948  -50.608  -15.787  30.251 0.3000000119
57513  -52.031  -12.938  31.369 0.1000000015
94832  -36.628  -43.182  40.765 1.0000000000
96864  -22.482  -41.241  33.973 0.4000000060
97616  -10.996  -42.697  41.183 0.5000000000
98036  -31.274  -38.156  22.530 0.1000000015
99427  -38.192  -21.714  32.641 0.6999999881
100350  -31.989  -39.384  37.725 0.8999999762
102199  -26.526  -35.931  23.978 0.2000000030
102367  -51.959  -12.356  30.573 0.1000000015
103403  -23.583  -47.086  35.078 0.2000000030
103524  -23.454  -37.623  28.766 0.3000000119
103803  -32.251  -53.705  42.003 0.1000000015
103840  -20.518  -38.784  38.206 0.8000000119
104105  -16.549  -53.826  49.312 0.1000000015
105176  -32.807  -53.275  37.014 0.1000000015
107505  -33.741  -44.685  27.423 0.1000000015
107973  -6.537  -44.392  48.527 0.4000000060
108303  -33.600  -42.655  42.020 1.0000000000
108766  -15.002  -54.986  49.838 0.1000000015
108877  -38.580  -39.960  40.155 0.8999999762
109014  -44.825  -19.118  26.315 0.5000000000
110030  -23.600  -38.321  27.643 0.3000000119
110453  -33.751  -53.499  40.492 0.1000000015
110974  -32.844  -53.320  35.197 0.1000000015
110993  -40.454  -22.196  40.697 0.2000000030
111243  -22.328  -38.488  38.300 1.0000000000
111300  -32.773  -36.194  23.485 0.1000000015
111318  -22.933  -38.686  29.675 0.2000000030
111470  -18.372  -43.540  45.377 0.8000000119
111642  -42.151  -37.728  40.886 0.4000000060
112376  -15.974  -45.643  34.828 0.1000000015
113220  -26.933  -41.256  48.419 1.0000000000
113253  -24.061  -36.774  31.433 0.5000000000
113486  -17.854  -44.361  49.682 0.6000000238
