global_signal	global_signal_derivative1	global_signal_power2	global_signal_derivative1_power2	csf	csf_derivative1	csf_power2	csf_derivative1_power2	white_matter	white_matter_derivative1	white_matter_derivative1_power2	white_matter_power2	csf_wm	tcompcor	std_dvars	dvars	framewise_displacement	rmsd	t_comp_cor_00	t_comp_cor_01	t_comp_cor_02	t_comp_cor_03	t_comp_cor_04	t_comp_cor_05	c_comp_cor_00	c_comp_cor_01	c_comp_cor_02	c_comp_cor_03	c_comp_cor_04	c_comp_cor_05	c_comp_cor_06	c_comp_cor_07	c_comp_cor_08	c_comp_cor_09	c_comp_cor_10	c_comp_cor_11	c_comp_cor_12	c_comp_cor_13	c_comp_cor_14	c_comp_cor_15	c_comp_cor_16	c_comp_cor_17	c_comp_cor_18	c_comp_cor_19	c_comp_cor_20	c_comp_cor_21	c_comp_cor_22	c_comp_cor_23	c_comp_cor_24	c_comp_cor_25	c_comp_cor_26	c_comp_cor_27	c_comp_cor_28	c_comp_cor_29	c_comp_cor_30	c_comp_cor_31	c_comp_cor_32	c_comp_cor_33	c_comp_cor_34	c_comp_cor_35	w_comp_cor_00	w_comp_cor_01	w_comp_cor_02	w_comp_cor_03	w_comp_cor_04	w_comp_cor_05	w_comp_cor_06	w_comp_cor_07	w_comp_cor_08	w_comp_cor_09	w_comp_cor_10	w_comp_cor_11	w_comp_cor_12	w_comp_cor_13	w_comp_cor_14	w_comp_cor_15	w_comp_cor_16	w_comp_cor_17	w_comp_cor_18	w_comp_cor_19	w_comp_cor_20	w_comp_cor_21	w_comp_cor_22	w_comp_cor_23	w_comp_cor_24	w_comp_cor_25	w_comp_cor_26	w_comp_cor_27	w_comp_cor_28	w_comp_cor_29	w_comp_cor_30	w_comp_cor_31	w_comp_cor_32	w_comp_cor_33	w_comp_cor_34	w_comp_cor_35	w_comp_cor_36	w_comp_cor_37	w_comp_cor_38	w_comp_cor_39	w_comp_cor_40	w_comp_cor_41	w_comp_cor_42	w_comp_cor_43	w_comp_cor_44	w_comp_cor_45	w_comp_cor_46	w_comp_cor_47	w_comp_cor_48	w_comp_cor_49	w_comp_cor_50	w_comp_cor_51	w_comp_cor_52	w_comp_cor_53	w_comp_cor_54	w_comp_cor_55	w_comp_cor_56	w_comp_cor_57	w_comp_cor_58	w_comp_cor_59	a_comp_cor_00	a_comp_cor_01	a_comp_cor_02	a_comp_cor_03	a_comp_cor_04	a_comp_cor_05	a_comp_cor_06	a_comp_cor_07	a_comp_cor_08	a_comp_cor_09	a_comp_cor_10	a_comp_cor_11	a_comp_cor_12	a_comp_cor_13	a_comp_cor_14	a_comp_cor_15	a_comp_cor_16	a_comp_cor_17	a_comp_cor_18	a_comp_cor_19	a_comp_cor_20	a_comp_cor_21	a_comp_cor_22	a_comp_cor_23	a_comp_cor_24	a_comp_cor_25	a_comp_cor_26	a_comp_cor_27	a_comp_cor_28	a_comp_cor_29	a_comp_cor_30	a_comp_cor_31	a_comp_cor_32	a_comp_cor_33	a_comp_cor_34	a_comp_cor_35	a_comp_cor_36	a_comp_cor_37	a_comp_cor_38	a_comp_cor_39	a_comp_cor_40	a_comp_cor_41	a_comp_cor_42	a_comp_cor_43	a_comp_cor_44	a_comp_cor_45	a_comp_cor_46	a_comp_cor_47	a_comp_cor_48	a_comp_cor_49	a_comp_cor_50	a_comp_cor_51	a_comp_cor_52	a_comp_cor_53	a_comp_cor_54	a_comp_cor_55	a_comp_cor_56	a_comp_cor_57	a_comp_cor_58	a_comp_cor_59	a_comp_cor_60	a_comp_cor_61	a_comp_cor_62	a_comp_cor_63	a_comp_cor_64	a_comp_cor_65	a_comp_cor_66	a_comp_cor_67	a_comp_cor_68	edge_comp_00	edge_comp_01	edge_comp_02	edge_comp_03	edge_comp_04	edge_comp_05	edge_comp_06	edge_comp_07	edge_comp_08	edge_comp_09	edge_comp_10	edge_comp_11	edge_comp_12	edge_comp_13	edge_comp_14	edge_comp_15	edge_comp_16	edge_comp_17	edge_comp_18	edge_comp_19	edge_comp_20	edge_comp_21	edge_comp_22	edge_comp_23	cosine00	cosine01	cosine02	cosine03	non_steady_state_outlier00	non_steady_state_outlier01	trans_x	trans_x_derivative1	trans_x_power2	trans_x_derivative1_power2	trans_y	trans_y_derivative1	trans_y_derivative1_power2	trans_y_power2	trans_z	trans_z_derivative1	trans_z_derivative1_power2	trans_z_power2	rot_x	rot_x_derivative1	rot_x_derivative1_power2	rot_x_power2	rot_y	rot_y_derivative1	rot_y_power2	rot_y_derivative1_power2	rot_z	rot_z_derivative1	rot_z_power2	rot_z_derivative1_power2	motion_outlier00	motion_outlier01	motion_outlier02	motion_outlier03
78.53772233928659	n/a	6168.173830242876	n/a	89.61739160057316	n/a	8031.27687729048	n/a	69.85850908235929	n/a	n/a	4880.211291210076	81.36218670917431	68.4539153026476	n/a	n/a	n/a	n/a	0.0	0.0	0.0	0.0	0.0	0.0	0.0	0.0	0.0	0.0	0.0	0.0	0.0	0.0	0.0	0.0	0.0	0.0	0.0	0.0	0.0	0.0	0.0	0.0	0.0	0.0	0.0	0.0	0.0	0.0	0.0	0.0	0.0	0.0	0.0	0.0	0.0	0.0	0.0	0.0	0.0	0.0	0.0	0.0	0.0	0.0	0.0	0.0	0.0	0.0	0.0	0.0	0.0	0.0	0.0	0.0	0.0	0.0	0.0	0.0	0.0	0.0	0.0	0.0	0.0	0.0	0.0	0.0	0.0	0.0	0.0	0.0	0.0	0.0	0.0	0.0	0.0	0.0	0.0	0.0	0.0	0.0	0.0	0.0	0.0	0.0	0.0	0.0	0.0	0.0	0.0	0.0	0.0	0.0	0.0	0.0	0.0	0.0	0.0	0.0	0.0	0.0	0.0	0.0	0.0	0.0	0.0	0.0	0.0	0.0	0.0	0.0	0.0	0.0	0.0	0.0	0.0	0.0	0.0	0.0	0.0	0.0	0.0	0.0	0.0	0.0	0.0	0.0	0.0	0.0	0.0	0.0	0.0	0.0	0.0	0.0	0.0	0.0	0.0	0.0	0.0	0.0	0.0	0.0	0.0	0.0	0.0	0.0	0.0	0.0	0.0	0.0	0.0	0.0	0.0	0.0	0.0	0.0	0.0	0.0	0.0	0.0	0.0	0.0	0.0	0.0	0.0	0.0	0.0	0.0	0.0	0.0	0.0	0.0	0.0	0.0	0.0	0.0	0.0	0.0	0.0	0.0	0.0	0.0	0.0	0.0	0.0	0.0	0.0	0.0	0.0	0.0	0.0	0.0	0.0	0.0	0.0	0.0	0.0	1.0	0.0	-0.0311623499122362	n/a	0.0009710920520526	n/a	-0.0164862215819141	n/a	n/a	0.0002717955020479	0.0276120490660645	n/a	n/a	0.0007624252536267	-0.0020230183697587	n/a	n/a	4.092603324381148e-06	-0.000310389540209	n/a	9.634166667115441e-08	n/a	-0.0001098146819239	n/a	1.2059264366047332e-08	n/a	0.0	0.0	0.0	0.0
60.2085097356908	-18.329212603595792	3625.064644592773	335.96003466781485	65.94089615553098	-23.67649544504218	4348.20178579452	560.5764365591031	58.54394203832173	-11.31456704403756	128.01942739402085	3427.3931493863743	63.7852305949327	48.34737345771608	10.325523	336.857025	0.4349797930178647	0.2068432043395388	0.0	0.0	0.0	0.0	0.0	0.0	0.0	0.0	0.0	0.0	0.0	0.0	0.0	0.0	0.0	0.0	0.0	0.0	0.0	0.0	0.0	0.0	0.0	0.0	0.0	0.0	0.0	0.0	0.0	0.0	0.0	0.0	0.0	0.0	0.0	0.0	0.0	0.0	0.0	0.0	0.0	0.0	0.0	0.0	0.0	0.0	0.0	0.0	0.0	0.0	0.0	0.0	0.0	0.0	0.0	0.0	0.0	0.0	0.0	0.0	0.0	0.0	0.0	0.0	0.0	0.0	0.0	0.0	0.0	0.0	0.0	0.0	0.0	0.0	0.0	0.0	0.0	0.0	0.0	0.0	0.0	0.0	0.0	0.0	0.0	0.0	0.0	0.0	0.0	0.0	0.0	0.0	0.0	0.0	0.0	0.0	0.0	0.0	0.0	0.0	0.0	0.0	0.0	0.0	0.0	0.0	0.0	0.0	0.0	0.0	0.0	0.0	0.0	0.0	0.0	0.0	0.0	0.0	0.0	0.0	0.0	0.0	0.0	0.0	0.0	0.0	0.0	0.0	0.0	0.0	0.0	0.0	0.0	0.0	0.0	0.0	0.0	0.0	0.0	0.0	0.0	0.0	0.0	0.0	0.0	0.0	0.0	0.0	0.0	0.0	0.0	0.0	0.0	0.0	0.0	0.0	0.0	0.0	0.0	0.0	0.0	0.0	0.0	0.0	0.0	0.0	0.0	0.0	0.0	0.0	0.0	0.0	0.0	0.0	0.0	0.0	0.0	0.0	0.0	0.0	0.0	0.0	0.0	0.0	0.0	0.0	0.0	0.0	0.0	0.0	0.0	0.0	0.0	0.0	0.0	0.0	0.0	0.0	0.0	0.0	1.0	-0.0939208180999315	-0.0627584681876953	0.0088211200725604	0.0039386253292659	0.0071163118037844	0.0236025333856985	0.000557079582223	5.064189368868118e-05	-0.0582708827310014	-0.0858829317970659	0.0073758779740594	0.0033954957742501	0.0009635776565668	0.0029865960263255	8.919755824463267e-06	9.28481900234766e-07	0.0010119036511746	0.0013222931913836	1.0239489992604864e-06	1.7484592839794255e-06	0.0008360132933151	0.000945827975239	6.989182265995594e-07	8.945905587447064e-07	1.0	0.0	0.0	0.0
58.91993389147172	-1.288575844219075	3471.558609775398	1.6604277063049016	64.21263076896382	-1.7282653865671591	4123.261950271279	2.986901246406132	58.13214574186344	-0.4117962964582915	0.1695761897767651	3379.3463685532515	62.72129735969207	46.39256397664673	1.223931	39.929176	0.1342232987368824	0.0634921730464717	-0.0583895364	-0.0197093646	0.0098953938	-0.0753019943	0.0017476263	-0.1109094026	-0.1110023961	0.1420742819	-0.0024790309	0.0539975884	-0.0122492353	0.0473700696	0.1117471625	-0.0647388223	0.0369541403	-0.0351658561	0.0277061321	-0.0676903578	0.0141956297	-0.0016486663	0.1204192993	-0.1120429057	0.0153426808	-0.0740973813	0.0870736599	-0.0070132031	0.0471640068	-0.0268835241	0.0517876606	-0.0754651511	0.1313903351	-0.0768682099	0.0187910121	-0.0542571225	0.0005893346	-0.0394014451	0.0859614166	-0.0031337638	0.097602356	-0.002885528	-0.0789838307	0.0797369471	-0.0202544437	0.1394341836	-0.0244390251	0.0696579375	-0.0203159177	0.0607866924	-0.058609536	0.0311061558	-0.1104233824	0.0787228553	-0.013344086	0.0259997073	-0.0799850118	0.0537651655	-0.0525264188	0.0267803019	-0.1372758201	0.0369649918	-0.0437256621	0.0792120083	-0.0525801526	0.0111082958	-0.0009882007	-0.0546099732	0.1001152079	-0.0333253729	0.0209703875	-0.1759344134	0.1759088514	0.1038939391	-0.1494343903	0.031860067	0.0301193364	-0.1696597488	0.0142331991	0.0169656073	0.0772613028	-0.0320343468	-0.0059375432	-0.0435140544	0.0107680645	0.0357623963	-0.0112038844	-0.1840112406	0.0812761252	-0.0511993297	-0.0124818995	-0.0066137615	0.1109980499	0.0068851273	0.0291476893	-0.009948623	-0.0585975835	0.1080642103	0.0343411005	-0.047167481	-0.0371263038	-0.0244064171	-0.1003384267	0.130755568	-0.0480383983	0.0421853847	-0.1098410699	0.164338873	-0.013086002	0.0383113019	-0.0598762049	0.0517920396	-0.0303217951	0.0649126212	-0.0443173059	0.0224434312	-0.0129304928	0.0253523148	-0.1411031745	0.1283928683	-0.0192736547	0.0267670099	-0.0828441488	0.0636216209	-0.0249391939	0.2031681217	-0.1472400785	0.035795897	-0.0062312243	0.0998299772	-0.1586710378	0.1078432816	-0.0330105616	0.0832877839	-0.0332403537	0.0418503806	-4.69641e-05	-0.0007482382	0.0779235279	-0.0611045396	0.0534961157	-0.0799117667	0.0521223066	0.0256729905	-0.0476357203	0.1336743654	-0.1754428029	-0.0073907213	-0.0184593073	-0.1328989956	0.0543400176	-0.0580789706	-0.0459600657	0.1222233282	0.0969637215	0.0446594041	0.0668660232	-0.1128949552	-0.136625055	-0.0564606211	-0.0650139874	0.075230645	0.0586570826	0.0380742166	-0.16230318	-0.0308495607	-0.0047120688	0.1079019026	0.0927363699	0.0434611998	-0.0585496007	-0.1759693821	0.1821148864	-0.043725723	0.0566385982	0.0325389823	-0.0066302225	0.0107426194	-0.0442799817	0.0823941765	-0.0562472892	0.0660229682	-0.0530189606	0.0556585334	-0.062469078	0.1264637008	-0.0121217484	0.06506194	-0.117215118	0.0426026659	-0.1129957807	0.1367307287	-0.100000502	0.0435744732	-0.0856989897	0.0153988752	-0.0402385097	0.1059956606	0.1059832789	0.1059626437	0.1059337567	0.0	0.0	-0.0895287768396144	0.0043920412603171	0.0080154018823974	1.9290026432327823e-05	0.0298487151503792	0.0227324033465948	0.0005167621619122	0.0008909457961284	-0.0102386682221009	0.0480322145089005	0.002307093630629	0.0001048303269622	0.0002493302700053	-0.0007142473865615	5.101493292099329e-07	6.21655835409158e-08	0.0011521454924865	0.0001402418413119	1.3274392358569597e-06	1.9667774054552163e-08	0.0011628568578631	0.000326843564548	1.3522360718792425e-06	1.068267156864427e-07	0.0	0.0	0.0	0.0
58.69962293469555	-0.2203109567761743	3445.6457326754357	0.0485369176756333	64.00537840921683	-0.2072523597469882	4096.68846530704	0.042953540620695	58.14300854897266	0.0108628071092198	0.0001180005782921	3380.6094431259075	62.552515717047726	46.145899778440686	0.946422	30.875824	0.0368968397064106	0.025305419432816	-0.0567390501	-0.0818973275	0.0629683696	0.0198666262	-0.0429408146	-0.0862725984	-0.0906552108	0.1062672236	0.0534649149	-0.0307678321	-0.0618663971	0.0084772534	0.0859220646	-0.062596983	0.0633140565	-0.0104987561	0.0261118021	0.0293243531	0.0253436953	0.0276094749	0.018657404	-0.0320454882	0.0542764478	-0.1256408235	-0.0659963576	-0.0680374747	-0.0744701246	-0.0031783286	0.1855163096	-0.0833929385	-0.0521322497	-8.57477e-05	0.0101733483	-0.0368608542	0.0043103526	-0.1426350037	-0.0535716095	0.0991316035	-0.0677992283	0.0212894196	0.0801258193	-0.1146702232	-0.0954034467	0.07635936	0.0592418587	0.0419183196	0.012298555	-0.1323170008	0.1108142693	-0.0157385575	-0.0168908116	0.0113916116	0.0627061315	0.0736820259	0.1042691192	-0.0770329967	0.1083355044	0.1081618861	0.0677405411	0.0320574844	0.0342835325	0.0485013456	0.0038000404	-0.1023061809	-0.0123849992	-0.1015849882	0.0086594409	0.0400907583	-0.0699448384	0.1685627522	-0.0044238453	0.0435416394	0.0324966339	-0.023104496	0.0033803923	-0.1366970744	0.0423336191	0.1144486649	0.1773952588	0.0591847064	-0.018159005	0.0689251404	-0.0514838273	0.0623638808	-0.0160348774	0.0077172604	0.092779167	-0.0801420988	-0.0855182705	-0.1176845597	-0.0772247566	-0.0729723242	-0.01204407	-0.0044377875	-0.1323738898	0.0736570703	0.0357493679	0.0785785671	-0.038012431	0.1516499532	0.0251857547	-0.0335676563	-0.0462759307	-0.0106322249	-0.080646436	0.097671484	0.0351119734	-0.0635045124	-0.0359172825	0.0196024232	-0.0839274229	0.0348512028	-0.0223984261	-0.0119612185	-0.0134147165	0.0699882117	-0.1191015726	0.1140370906	-0.0460263379	0.0779396527	-0.1695158157	-0.0083550035	-0.0647968033	0.0859204911	-0.1353757978	-0.0052358072	0.0420409627	0.029349807	-0.0832092141	-0.028607672	0.048078866	0.0479882464	0.0112977826	-0.0161247652	-0.0853824787	0.0163075011	0.0742897431	0.0184657427	-0.0064888085	0.0540816765	0.1217503638	0.041522796	0.0337130679	0.082076534	-0.1346326648	-0.0103502555	0.0302457459	-0.0253071529	-0.039589757	0.1332995102	0.0482448989	-0.0611043815	0.0131416578	0.1339078657	-0.0596518044	0.0994546808	0.1887692086	0.0297820632	0.0553455673	0.1358177692	-0.0687493997	0.1403045314	0.0587036698	0.0812888058	-0.0112859773	-0.0961714015	-0.0491842484	0.0271283502	-0.0208810998	0.0796437951	-0.1109789905	-0.0485720715	0.0631002787	0.0149075055	-0.0546889181	-0.0009674759	0.0574632588	0.104780675	0.0211020943	0.0556832586	-0.0608825131	-0.0626850995	-0.0594321251	0.0832099188	-0.0496611078	0.0252337155	-0.0523969453	0.1205105734	-0.0632573767	0.1397963558	-0.1274735651	0.010358173	-0.1024533854	-0.005434597	0.0804969865	0.1059626437	0.1058512369	0.1056656457	0.1054060001	0.0	0.0	-0.0893526615307394	0.0001761153088749	0.0079838981226268	3.101660202013647e-08	0.0330954982142941	0.0032467830639148	1.0541600264124608e-05	0.0010953120020523	0.0124864289820649	0.0227250972041658	0.0005164300429387	0.0001559109087241	0.0004188039181677	0.0001694736481624	2.8721317421472952e-08	1.7539672187261756e-07	0.0011732498892078	2.11043967213e-05	1.376515302526115e-06	4.4539556097001806e-10	0.0011872556955685	2.4398837705399967e-05	1.4095760866598428e-06	5.953032813744472e-10	0.0	0.0	0.0	0.0
58.55808997019759	-0.141532964497955	3429.049900957756	0.0200315800395794	63.79576399558203	-0.209614413634803	4069.89950378	0.0439382024034623	58.19993376964855	0.0569252206758932	0.0032404807489991	3387.232290791478	62.49228293581724	45.88251030520707	0.920454	30.028643	0.088748351398293	0.0421695889963552	-0.0319033357	-0.1204457375	0.0978425082	0.0719025277	-0.0275696187	-0.044530333	-0.088501774	0.0417274611	0.0507188176	-0.0178107305	-0.101330552	-0.0369798652	0.0522098677	-0.0593510456	-0.0106174013	-0.1453180787	0.0427398353	-0.0324367053	-0.0901357839	0.0765928948	0.0702458077	0.0610050338	-0.0462637672	-0.1225731883	0.0092993609	0.0476928105	-0.0537538021	0.1584912185	-0.1098210586	0.0069558427	0.0491952166	0.0143595127	-0.0142266831	0.020205299	-0.005365891	-0.1439954422	0.0318351587	-0.1337439307	0.0690377729	-0.0896810392	0.0236481363	0.0085692163	-0.0134913688	-0.0208346443	-0.0519593522	-0.1908714677	0.0636226224	0.2389899512	-0.1007860505	-0.1070310302	0.0446342472	-0.0038345546	0.0361212235	0.0162927849	0.0060758901	-0.1114983872	0.028353942	-0.1307720334	0.0985416381	0.1140636743	-0.006328973	0.1318329674	0.1274089122	0.0899144777	-0.0794758404	-0.0087835818	0.0886577101	-0.0538847554	0.0606562464	0.0105287956	0.0299174911	-0.0806892305	0.047459679	0.0058885639	-0.0958065331	0.0138478433	0.0115660263	0.0842873069	-0.0090040003	-0.0597022029	0.0222607494	0.1494116707	-0.1119371977	0.0623507208	0.0419689251	-0.0332919486	-0.0732288675	-0.1158446861	-0.0414135462	-0.0414226001	0.0513399674	-0.0456776715	0.0091943752	0.0098846259	0.0452429431	-0.0543659724	-0.0974919167	0.0813294603	0.0486342983	0.111392444	0.1057834512	0.0404255798	-0.0319047142	-0.0372168899	-0.0472560857	0.0672143119	0.11234129	-0.0720539563	0.0109681542	0.0019056995	-0.044150155	-0.0343276499	-0.0133707725	0.1088833244	-0.0297437305	0.0535535969	-0.010820082	0.0871093067	-0.0343314838	0.0863133485	-0.1986509045	-0.051784918	-0.0602640201	0.0983871681	0.0277988089	-0.046239114	-0.0973494343	-0.1212062342	0.0601951193	-0.1283486494	0.0931355592	-0.0239953809	-0.0284095888	0.0447636399	0.0122785731	0.0677658108	0.0141960799	0.0417855369	-0.0261929849	0.031412826	-0.0075925138	0.1429392308	-0.1508232558	0.0091773125	0.0689235085	0.1057611874	0.0320318954	-0.0135012564	0.122210327	0.0020881369	-0.0203179178	0.0057115033	-0.1318748632	-0.0514779192	0.0215185905	0.0819380481	0.0804169378	0.0444656479	0.0827122997	-0.0293526179	0.1786941762	0.0186823752	0.1491804817	0.0144957153	-0.0289285698	-0.1540769306	-0.0132530124	0.0385963942	-0.107602377	0.0488362697	-0.025238672	-0.0378275826	0.0610824767	-0.0081307013	-0.0440871636	0.0136399395	0.1217447439	0.1342868217	0.0372350115	0.0284601282	-0.0792608434	0.0169319177	0.0307339562	-0.0337868062	-0.0622200965	0.0682128949	-0.0955634083	0.0549220238	-0.0221794244	0.0632733102	-0.0091737448	0.0819577631	-0.0982304512	0.0326276181	-0.0033415815	0.1058966202	0.1055873175	0.1050724821	0.104353116	0.0	0.0	-0.0678279086605329	0.0215247528702065	0.0046006251932615	0.0004633149861234	0.0555915446991548	0.0224960464848607	0.000506072107449	0.0030904198420381	0.0291232892094157	0.0166368602273508	0.0002767851182244	0.0008481659743752	0.0005510427216326	0.0001322388034649	1.7487101141828446e-08	3.036480810642631e-07	0.0010942312727699	-7.90186164379e-05	1.1973420783076353e-06	6.24394174375996e-09	0.0008366992791538	-0.0003505564164147	7.000656837364886e-07	1.228898010895166e-07	0.0	0.0	0.0	0.0
58.5412746774975	-0.0168152927000946	3427.0808408662097	0.0002827540685898	63.79118025629895	-0.0045837392830776	4069.314678491625	2.101066581522919e-05	58.17377385565047	-0.0261599139980859	0.0006843411003872	3384.1879646083617	62.47734588670002	46.3536990358638	0.893142	29.137619	0.0770668943060635	0.0401612726554998	-0.0196041938	-0.0811008519	0.1162787184	0.0961041192	-0.0056422933	-0.0659876401	-0.0810667709	0.0331551258	0.0525669649	-0.0955924096	-0.1105156614	0.0607725889	-0.0083684409	0.023510303	0.0244746667	-0.1131669365	-0.0516869426	0.0472905312	-0.0478930563	0.0653729966	-0.115451613	-0.0035861746	-0.0107179841	-0.0458594358	-0.0879141702	-0.000306017	-0.0447982479	0.0621780991	0.0078383976	0.0276401251	-0.1064665364	-0.0978983679	-0.0555179598	-0.1179590342	0.0283803345	-0.0322972796	-0.0318153618	-0.073510012	-0.0348394259	-0.0360263633	-0.1008032413	0.0534696475	-0.0590147125	0.088224994	0.0375378853	0.0470911439	-0.0979368006	-0.0115302777	-0.0895041217	0.0866739214	0.0450511781	0.0089941967	0.0448081114	-0.0819910543	-0.0205246121	0.0161244214	-0.161493532	0.0126578692	-0.0958575018	0.1059593703	-0.0113051156	-0.118886477	-0.0664838383	0.0296386284	-0.0520860774	-0.0011224559	-0.019119023	-0.0005117394	0.012697936	-0.0882142263	-0.0365804215	-0.14819687	-0.0372119174	-0.0828374702	0.0851747445	0.073682638	0.0303483101	-0.0797897985	0.0660234933	-0.0768318345	-0.0263458241	0.1602207438	0.021815901	0.0805259046	0.0122704139	0.0388270434	0.0185629931	-0.021920902	0.0314602629	0.1343328852	0.0241882954	-0.0117307927	0.0210963525	0.0140090982	-0.0350533659	0.0718324002	0.0754126549	-0.0794716141	0.0246934535	-0.0395671775	-0.0428759026	-0.1100045441	-0.027905563	-0.0300126168	-0.0443774625	0.0233571992	0.1636184542	-0.0802973933	0.0656265544	-0.0161355129	-0.0135077954	-0.0033345256	-0.0421202028	0.1527494088	-0.0099441343	0.0478845062	0.0821348968	-0.0078547394	-0.0345951326	0.0753483025	-0.0799645436	0.0473804349	-0.0607055001	-0.0985374032	0.1325551395	0.0600238506	0.0548002987	-0.0838196162	0.0834980842	-0.067350486	-0.0316215638	-0.1691203749	-0.0872134995	0.0237896006	-0.1317764491	-0.0583904042	-0.0103786641	0.0027518289	0.0444653619	0.161815204	-0.021460003	0.0703715376	0.123952461	0.06014003	0.2533297955	0.0446213577	-0.0875107278	-0.0634715867	-0.0091441748	0.0119508849	-0.0042893378	0.172435524	0.047926599	-0.0700945461	-0.0502331771	0.0400467117	-0.0991298931	0.0901639496	0.0617307431	0.053890329	0.0701660951	-0.0486875876	0.0048395399	-0.0705422606	-0.0185507733	0.0297537088	-0.1035093306	-0.0464541496	-0.1520825409	-0.0081008046	0.0781993222	-0.0233060645	0.04271447	0.0066406784	-0.0643389767	0.0065252537	0.1013167556	0.0828811712	0.0343522199	0.0525845645	-0.0291373807	0.0808470011	0.0389582046	-0.0293584372	0.0058458917	-0.0432497942	-0.0049326522	0.0295157545	0.0260937017	-0.1397583404	-0.0633290789	0.0600197248	-0.0987735946	0.0344009794	-0.0760816958	0.1057976105	0.1051918494	0.1041848154	0.10278035	0.0	0.0	-0.0829667502321456	-0.0151388415716127	0.0068834816440832	0.0002291845241303	0.0484781107259237	-0.0071134339732311	5.060094289151843e-05	0.0023501272195549	0.0290439841109559	-7.930509845980108e-05	6.2892986417187435e-09	0.0008435530130374	0.0006699552527585	0.0001189125311258	1.414019005876813e-08	4.488400406987056e-07	0.0007449905988121	-0.0003492406739577	5.550109923184114e-07	1.2196904834649832e-07	0.0014632523473253	0.0006265530681715	2.141107431953e-06	3.925687472351203e-07	0.0	0.0	0.0	0.0
58.48475065375078	-0.0565240237467179	3420.4660590314024	0.0031949652605195	63.79287125166515	0.0016909953661965	4069.530422531526	2.859465328498191e-06	58.24421887289041	0.0704450172399404	0.0049625004539355	3392.389032113163	62.46408929186425	46.28480560198647	0.946756	30.886707	0.0736805996574715	0.0348868890550363	0.007310258	-0.0704960724	0.1466553128	0.0422585553	0.022519949	0.036438081	-0.0802605218	0.0033734071	0.0189576398	-0.0031241982	-0.1703221601	0.0083241694	-0.0522945916	-0.001928711	-0.0174735926	-0.0368908598	-0.0669291506	0.0246209429	0.1077017556	0.0186901243	0.0308747212	-0.1822461987	0.0702393543	0.0272657944	-0.0180464552	-0.1585718303	-0.0641228384	0.0054829488	-0.1343879031	0.0189408803	-0.0245209768	-0.0215353787	-0.0573430965	0.0831014737	0.0001868909	0.0434074483	0.2237252025	0.0491501367	0.00074237	-0.0437719271	-0.0797037639	-0.0279976542	0.1245280395	0.015722676	0.0121974778	0.0231750195	-0.1341132609	0.0063734285	0.0013340464	-0.0458891737	-0.0223468567	-0.0983307571	0.0958391421	-0.1161534705	0.0310003777	-0.0997498101	-0.0293494904	0.0247380176	0.0644657738	0.0327429078	0.0981027709	-0.0046712483	-0.078452712	0.0286869825	0.0217989807	0.1660447052	-0.0158306046	0.0340735457	-0.048950264	-0.0858976163	-0.052989461	0.0417464425	-0.1146876019	-0.1234829341	-0.0499222017	0.1230503247	0.0832441938	-0.1001065264	-0.0553947572	-0.1265708877	0.0003205245	-0.0106349477	-0.0308658176	0.0860384327	0.0124283319	-0.0889957586	-0.0189647711	-0.0795048942	-0.1932593529	0.0172734466	-0.011852202	0.0976352147	0.0880371206	-0.0359740232	0.0461604694	-0.0420169625	0.0084964394	-0.0899146896	-0.0773603361	-0.050537163	0.0281928643	0.0292352797	0.0191828799	-0.0318033201	0.0003061936	0.0091879638	0.2009771874	0.0588391815	0.0203671895	0.0490103007	0.088676741	-0.0020970349	-0.1087026894	0.0135607163	-0.1000491774	-0.0125301921	0.0653424138	-0.0639905905	-0.0207533602	-0.0170050173	-0.037889675	0.1901048725	0.0205432272	-0.1178433679	0.0583481011	0.0733837101	0.1181566854	0.006861761	0.0385333491	0.0331889418	-0.0924611037	-0.2328824492	0.0894693313	0.0856563587	0.0174781297	0.0317688005	-0.0073869718	0.169311967	0.1304302651	0.0664421622	-0.0892718665	-0.0139925009	-0.1139153653	-0.002327222	-0.065936274	-0.007385533	0.0760903574	0.071457107	0.1031173938	-0.0446632107	-0.1668614378	0.0028263553	0.0348028284	0.0272684513	0.063226726	0.0083749484	0.0014603516	0.0113736914	-0.0351282491	0.0559723638	-0.0044981112	-0.142444614	0.0629629829	-0.1797906451	0.014578868	0.0467196848	0.0462817426	-0.052066927	0.0062679651	0.0575835999	-0.0616414025	-0.0072920016	0.0274972453	-0.0365475961	-0.084430764	-0.0329388262	0.0902079011	0.0867819734	-0.0418050532	0.0326617131	0.1152630252	0.0481238808	-0.0259047658	0.1136281993	-0.0577763555	0.0501987221	0.063813271	0.0597122465	0.0174948265	0.0022420558	-0.1033183824	-0.0679726275	0.0349157727	-0.0021628497	-0.1151183056	0.1056656457	0.1046653254	0.1030051337	0.1006955375	0.0	0.0	-0.0858509829945433	-0.0028842327623977	0.0073703912811293	8.318798627688274e-06	0.0495017776366211	0.0010236669106973	1.0478939440567563e-06	0.0024504259891854	0.0531992848660323	0.0241553007550764	0.0005834785545681	0.0028301639102572	0.0003087312849539	-0.0003612239678045	1.304827549164987e-07	9.53150063092862e-08	0.0004446869502123	-0.0003003036485998	1.9774648368911653e-07	9.018228136235219e-08	0.0012124319791437	-0.0002508203681815	1.4699913040503096e-06	6.291085709475335e-08	0.0	0.0	0.0	0.0
58.41936681032247	-0.0653838434283073	3412.822418519007	0.0042750469814574	63.55019602216687	-0.2426752294982748	4038.627414455834	0.0588912670120403	58.21823176343589	-0.0259871094545189	0.0006753298578011	3389.3625096611354	62.40329350087066	45.76824882714743	0.961199	31.357878	0.0865327824036872	0.0435974496134932	-0.0013830236	-0.0260591682	0.0955634929	-0.0652173549	0.0718182642	0.0641135898	-0.0207651211	-0.0592944506	0.0108430357	-0.0134953284	0.0435716347	0.1378511714	0.0437897017	0.0244029768	-0.0406617355	0.0116561998	-0.0436715372	0.0455347175	-0.077232886	-0.0778566869	-0.1794684935	0.1003513144	0.0778533325	-0.0412462101	-0.0019276831	0.0467663227	-0.1217062537	0.0862236794	-0.0270051292	-0.0321982079	-0.0544109265	0.0281298588	-0.0270587961	0.0983009917	-0.0375367118	-0.054058674	-0.0062416907	0.2099482942	-0.1104382266	-0.0325073088	-0.0781699213	0.0367387918	0.0081995083	-0.0176536854	0.0688267147	0.1325753906	-0.1576040557	0.0006410324	-0.1143136645	0.0408687551	0.1062538309	0.1022300279	-0.0711541416	0.0866856753	-0.0979979817	-0.0896432146	0.0773697279	-0.0400017186	0.0042962557	-0.1293396507	0.0906879317	-0.0145592675	-0.0547044269	0.002264916	-0.0274896297	0.0239125621	-0.0552899923	-0.0086359153	-0.0066750785	-0.0171157707	-0.0109441869	-0.1146953819	-0.0610932973	0.0348849586	0.0391459779	-0.0347550567	0.0066857238	-3.54891e-05	-0.1225355462	-0.0196788631	-0.0823026833	-0.0682547828	0.0316242863	-0.0361997682	0.0505449001	-0.0795941151	0.0730086234	0.1599835822	0.0395384885	0.0732400629	-0.0356466305	0.1280806021	-0.1370781328	-0.162229159	-0.0080651252	-0.0582223078	-0.1183598052	0.0021820551	0.0035759395	0.0082872092	0.001282705	-0.1094819594	0.0075823522	-0.0140246607	0.0114782108	-0.0528602507	0.1128894647	0.0751151801	-0.0374720452	0.0652449956	0.089792287	-0.0244195983	-0.1885169081	0.0513773971	-0.0453923083	0.0484446107	0.0011924004	-0.2037619736	-0.0710878854	-0.0297830448	-0.0130884137	0.0590629294	0.1771965572	-0.2700445126	0.0067909364	0.0535044195	-0.0239365937	-0.0386285245	-0.0385077111	-0.0011137876	0.0627901856	-0.055748453	0.0146262059	0.0534714252	0.124429033	0.0013027377	0.0056690798	-0.0435228306	-0.0276748485	0.0138606547	-0.0565120667	0.0817826475	0.0933136887	0.0446810512	-0.0593714647	0.124748867	0.0841072051	0.0238611506	-0.0843129528	-0.0131172217	0.0441997631	0.0762061228	0.0061374502	0.0120216739	-0.0548671923	0.0066806607	-0.0146002203	-0.0602970887	0.0078630423	-0.0446863326	-0.0231338763	0.125102774	-0.0468854326	0.071417911	0.010603848	-0.1216739742	0.0333554348	-0.009347598	0.0775813608	-0.1056858073	0.0950250314	-0.0090308067	0.0472854643	-0.0140289791	-0.0330104665	-0.0473082108	0.0215653709	0.0644894887	-0.1195024894	-0.0231373293	0.0410727737	0.0459823049	-0.0264002034	0.0645687403	-0.0246149964	0.134944538	0.0505716284	-0.003570545	-0.0205835488	-0.0187208757	-0.012700495	0.1170050328	-0.0416426012	-0.0998167915	0.0268189872	0.1055007667	0.1040084014	0.1015367435	0.0981090648	0.0	0.0	-0.0875549787422045	-0.0017039957476611	0.0076658743025478	2.9036015080474406e-06	0.0596246304579608	0.0101228528213397	0.0001024721492425	0.0035550965572483	0.0212755332939167	-0.0319237515721156	0.0010191259144381	0.0004526483169405	-6.904568281211436e-05	-0.000377776967766	1.427154373744843e-07	4.767306314991104e-09	0.000847955755828	0.0004032688056157	7.190289638418347e-07	1.6262572958271326e-07	0.0012870298510134	7.459787186969995e-05	1.6564458373995747e-06	5.564842487488171e-09	0.0	0.0	0.0	0.0
58.3246460203077	-0.0947207900147688	3401.764333394195	0.0089720280610219	63.38235061245963	-0.1678454097072403	4017.322369160762	0.0281720815597913	58.2150651919337	-0.0031665715021915	1.0027175078491797e-05	3388.9938153010903	62.33893448072471	45.213341962459474	0.937807	30.594746	0.0391563074568891	0.0232890757698958	-0.0481534504	0.0072628961	-0.0036786945	-0.1153079968	0.0523464579	0.0634002857	0.0166288463	-0.0732545307	0.0074017164	0.0477767426	0.0986801899	0.1663742461	0.0450101992	0.0874809746	-0.0402703086	-0.1411465453	0.073090572	0.0153359272	0.0379648299	-0.2230458383	-0.0961509139	-0.1309659525	-0.0403112692	0.0267064319	-0.0409263891	0.1176777243	-0.0179061812	0.1028123764	0.0331258326	0.0919408659	-0.0282569799	0.0265560076	0.1143117883	0.0222848462	0.1454794005	0.0024345719	0.0559815169	-0.0854201125	0.0368564675	-0.1031560524	-0.0131390617	0.0169751551	0.0605947634	-0.008162163	0.0029498043	-0.0893650876	0.001262183	-0.0528350668	0.0219573319	-0.0564142302	0.0211188013	0.0390212927	0.0587152139	0.0869071924	-0.0482130955	0.0782687767	-0.0726939217	-0.0626078142	0.0077689027	-0.0321221988	-0.0742463974	-0.0446985817	0.0963265056	-0.0048515227	0.0896540958	-0.0230229627	0.1308310767	-0.0195088285	-0.0713836126	-0.0320471652	-0.1711462919	0.029836328	0.0134901171	0.0948453069	-0.0187732851	-0.0207284782	-0.0711388343	-0.0022216038	0.1953343116	0.1507136879	-0.0296133817	0.018305258	0.1644403807	-0.01988987	0.0511955417	0.0437612152	0.0167161012	0.0206515253	-0.0570595417	0.149983182	0.0179304407	0.078943992	0.0764212051	0.0990444463	-0.0221036587	-0.0568642063	-0.1021929291	-0.1166324141	-0.0508275557	-0.0878231869	0.0257171174	0.0156008716	-0.0347792487	-0.0312247297	0.0016803761	-0.0926253663	0.0111318506	0.1016784608	-0.0367789162	-0.0063001695	0.0575754815	-0.0812731737	-0.0854230228	0.1441558378	0.0067702776	0.0023827085	0.0439750202	-0.2031044202	0.0013143072	-0.0621227334	-0.0912187802	0.0040538979	-0.0600648576	-0.1670886467	-0.0210771555	0.0468982772	-0.0833971977	0.065162729	-0.0207148121	0.0304949958	0.0020655109	0.0598018091	0.0239126756	-0.0416329934	0.131360881	-0.0114475751	-0.0160452133	-0.0950446451	-0.0895477029	0.0961353699	-0.0556730561	-0.0242954849	-0.1021936986	0.053951098	-0.0061788212	0.0191417919	-0.1265497749	-0.0252192272	-0.0614480996	0.0691050703	-0.1335904398	-0.03004908	0.0110536003	-0.0562936111	0.093858065	0.0193977809	0.1674044111	0.0770217363	-0.1057389004	-0.0367423939	-0.0799397751	0.1089597924	0.0353910074	0.0444406295	-0.0784114656	0.0462468756	-0.0711498855	0.0183447059	0.0886614333	-0.0816997781	-0.0771920763	-0.0365291075	0.0501343228	0.001861567	-0.0175141022	-0.0296746999	-0.0624513322	0.0476410978	-0.0834521211	-0.0436173288	0.006141171	0.0448534195	0.030217949	-0.0432431885	0.0302538982	0.0499483271	-0.0356042205	-0.0360179409	-0.0594672212	-8.07e-08	-0.022583484	0.1288949718	-0.0395131256	0.0088649059	0.056645402	0.105303025	0.1032218959	0.0997837604	0.0950338178	0.0	0.0	-0.087700336345037	-0.0001453576028325	0.0076913489950326	2.1128832701212228e-08	0.05892150339983	-0.0007031270581307	4.943876598756687e-07	0.0034717435628961	0.0011743583748113	-0.0201011749191054	0.0004040572331284	1.3791175924894378e-06	1.0120785206948254e-06	7.005776133280918e-05	4.908089922964854e-09	1.024302932051826e-12	0.0009180007142346	7.004495840660008e-05	8.427253113352359e-07	4.9062961981823355e-09	0.0010629996132164	-0.000224030237797	1.129968177698216e-06	5.018954744738038e-08	0.0	0.0	0.0	0.0
58.394199140041465	0.0695531197337615	3409.882493206819	0.0048376364646989	63.54968201787097	0.167331405411339	4038.562084572513	0.0279997992369339	58.2424357597525	0.0273705678188065	0.0007491479827238	3392.1813232288973	62.38079929731148	45.40785424950007	0.8855349999999999	28.889446	0.0966207215836697	0.0523186765453199	-0.0293226795	0.0059202541	-0.0341659862	-0.0916767608	0.0147045379	0.0394590847	-0.0129424017	-0.042836227	-0.0225075512	0.0665429774	0.0809472208	0.0815678399	0.0728881262	-0.0455279141	-0.0517583383	-0.0058688743	0.0336718926	0.0195945405	-0.0187668469	-0.1227281877	-0.0185933609	0.0543210423	0.0794102008	-0.0484044538	0.0024742064	-0.0510508527	-0.0163212428	-0.0251059967	-0.0418635211	0.0968645363	0.1513201198	0.0612078693	-0.0161444799	-0.0033426785	0.0777871605	0.086221656	-0.0712391667	-0.0129243201	0.0049363644	0.0267714596	-0.0845115875	-0.0556069888	0.0446389175	-0.0822484876	0.0064922539	-0.0109139851	-0.0161606555	-0.0428882193	0.1327469318	0.1227897486	-0.0303707003	-0.0239878352	-0.1117278556	-0.0743084953	0.070662941	0.07440271	0.0057554799	-0.0278168288	0.0817995742	0.1285345683	0.0501897022	0.1374386523	-0.0777483289	0.074804666	0.0474772087	0.091342925	0.1482665482	-0.0222601087	0.0714276072	0.0300755496	0.0048964899	0.0070105045	0.0884524664	-0.1103949942	0.115160541	0.0875734141	-0.0576980431	-0.0466202113	0.0223777008	0.0933728315	0.00671257	0.0389021795	-0.0458851108	-0.0464474488	-0.1383503355	-0.0105439681	-0.045065019	0.0179978244	0.010503848	-0.0764901042	0.0192411766	-0.0058798654	-0.0432352926	0.0810142061	0.0628895727	-0.024560328	-0.094739707	0.1362812516	-0.0668104391	0.0367897645	-0.0876527898	-0.0684281863	-0.0339961684	-0.0328417955	0.022978128	-0.0418705155	-0.02336887	0.090289762	-0.0620518089	0.0081003967	-0.0002124785	-0.0481054308	-0.0211907663	0.071543708	-0.0146180731	-0.0386746479	-0.0300894342	-0.0932972297	0.0083474429	-0.1396792929	0.02338579	-0.0229563275	-0.2257128241	-0.0777062865	0.0678715612	0.0526229145	-0.1091653537	0.1362671202	-0.0568594351	0.1301998086	0.076881146	0.1024915301	-0.0987794635	-0.0153256183	-0.0225329252	-0.0104670439	0.047911156	0.0772835023	-0.2155086943	-0.0939888751	-0.037676584	0.0873517307	0.0742771305	-0.0155830451	0.0626107333	0.1167713171	-0.0719231393	-0.0969114844	0.0530577506	-0.0331591216	-0.0015075545	-0.1064251503	-0.0903099664	0.0183844014	0.0953392981	-0.0474750095	-0.0382233227	0.0299472501	-0.0046758749	-0.0538490619	-0.0901466636	-0.1772884253	-0.1336436042	-0.049333476	-0.0379868497	-0.0258047067	0.0242409122	0.0046223953	0.0162070965	0.0045841429	0.0281924535	-0.0419699416	0.0404493672	-0.0234658347	-0.0198279374	-0.0079588403	-0.0466031398	-0.026062355	-0.1032204967	-0.0546497652	-0.0033764397	0.0651325769	0.0074164897	0.0299131706	0.1193790932	-0.0021548762	-0.0141900314	-0.0411913625	-0.0905362588	0.0142785429	-0.0925522536	0.0747451893	-0.0335170894	0.055142947	0.0338438919	0.1050724821	0.1023067888	0.0977510977	0.091485117	0.0	0.0	-0.0933200386305372	-0.0056197022855001	0.0087086296100049	3.158105377765614e-05	0.058013346247506	-0.000908157152324	8.247494133172376e-07	0.003365548342833	0.0316696926444066	0.0304953342695952	0.0009299654122143	0.0010029694321911	0.0003480148481255	0.0003470027696048	1.2041092211340552e-07	1.2111433451581485e-07	0.0015707202881003	0.0006527195738656	2.467162223449889e-06	4.260428421074209e-07	0.0012552278272709	0.0001922282140545	1.5755968983552244e-06	3.6951686278582696e-08	0.0	0.0	0.0	0.0
58.399531849223095	0.0053327091816299	3410.5053202084227	2.843778721584069e-05	63.55378080068384	0.0040987828128677	4039.0830540613697	1.6800020547060444e-05	58.23759790662834	-0.0048378531241652	2.340482285099588e-05	3391.6178099341214	62.38647066537194	45.531732779728685	0.8577559999999999	27.983192	0.0619256641486605	0.0271508911884761	-0.0173825584	-0.0041966235	-0.0644761044	-0.0661356847	0.0105743957	0.0600543897	-0.0193214119	-0.0319783122	-0.0139540291	0.0315924142	-0.0417216352	0.1052999581	0.1053249752	-0.0421532981	-0.1062211143	0.2314840715	0.0368488561	0.0475128415	0.1034693082	0.0078966115	-0.1009958059	-0.1185166248	-0.0343700596	-0.044720061	-0.0177277351	0.0859308442	-0.0074712715	-0.1019769948	0.1262325887	-0.0070912934	0.0659154022	0.0979796239	0.0816540412	0.0177037843	-0.1204182526	0.1028508629	0.0224158351	-0.0534657241	-0.044703139	-0.0689897332	0.1007496301	-0.0258431157	0.0745397609	0.0675843256	0.0393462811	0.0065286157	-0.0296805006	-0.0184619636	-0.0312523465	0.0991920776	-0.0960500462	-0.0198945157	0.0736966463	0.0113655671	0.048191113	0.0482915927	-0.0327249743	0.0319932989	0.1670914309	-0.2152020811	-0.1333544334	-0.0235308189	-0.0323783964	-0.0866923753	-0.0633389493	0.0497960149	-0.030032458	0.0261402952	-0.044722328	0.003223688	0.1165471852	-0.0484533133	0.0498367811	-0.0172199889	0.0736211441	0.0263208593	0.1767948537	-0.1477722336	0.0858106028	-0.0140590925	-0.0159669952	-0.0204020302	-0.0076742396	-0.1131773056	0.005651446	0.0622113821	0.0246514988	0.0244068598	0.1355473736	-0.1631221381	0.1586526477	-0.0313100401	0.0104313454	-0.0545282352	0.0487937286	-0.2205087173	0.0057259965	0.002051189	0.0703669974	-0.0518499878	-0.1129535504	0.0307343701	-0.0229182645	-0.0617556691	0.0185338265	-0.0337101332	0.0075357114	0.055647563	-0.0488747953	0.0321209318	0.0018080722	-0.0255796566	0.0036918575	-0.0732807962	-0.0102089667	-0.0678021912	-0.0540927979	-0.0319748297	0.0195692124	-0.0394051464	0.0326723284	-0.0886075654	-0.2128457613	0.0340338958	0.0104896641	0.0457055487	0.0648117424	0.0794970749	-0.1329023298	0.1047085297	-0.0082485304	0.0840607885	-0.0155543939	-0.0503969346	-0.0297501693	-0.0580840835	-0.0874336454	-0.0353738781	0.0108418275	-0.0683518117	0.0333497619	-0.0975937478	0.1348526725	-0.047394522	0.1293538195	0.067854499	-0.0136127967	0.0191352589	0.0731429498	-0.1261067637	0.1074944519	-0.0158969578	0.0550661095	-0.0286735505	0.1253007494	-0.08612757	0.0735132117	-0.0049129289	-0.0089510578	0.0522266933	-0.0907578813	-0.0084324511	-0.1017220995	0.0773790172	-0.1290294768	-0.1151336308	0.066479862	-0.1515166858	0.0451259562	0.0543252588	-0.0524548277	-0.0340904958	0.033062708	-0.0460851949	-0.0675158912	0.004530898	-0.025125935	-0.0206544088	-0.0960942395	-0.0616377363	0.0426582265	0.0221142573	-0.0155570204	0.1038144496	0.1118436075	0.0458892137	-0.0265086321	-0.0139222741	-0.0544868815	-0.0058815352	0.0115593078	0.0310283102	-0.0284078788	0.0558164167	0.0090900707	0.1048092098	0.1012642201	0.0954444529	0.087480642	0.0	0.0	-0.1036444509952616	-0.0103244123647243	0.0107421722221091	0.0001065934906768	0.0604246224496733	0.0024112762021673	5.814252923138361e-06	0.0036511349981855	0.0446201113456155	0.0129504187012089	0.0001677133445366	0.0019909543364951	0.0005643306315633	0.0002163157834377	4.679251816430917e-08	3.184690617206331e-07	0.0012108134426691	-0.0003599068454312	1.4660691929481978e-06	1.295329373882377e-07	0.0011066593185287	-0.0001485685087422	1.2246948472864068e-06	2.207260178988117e-08	0.0	0.0	0.0	0.0
58.32771873317349	-0.0718131160496042	3402.122772616198	0.0051571236367539	63.363345876298936	-0.1904349243849026	4014.913600639489	0.0362654604254835	58.14737508196008	-0.0902228246682597	0.0081401580911195	3381.117228922152	62.31853179700335	45.8906655639221	0.887138	28.941744	0.0969432726971143	0.050846374837786	-0.0162719264	0.002188082	-0.1081198049	-0.0517626255	0.0075061091	0.0032741282	0.0341252216	-0.07488925	0.055828173	0.0179388631	-0.0076922893	-0.0104012528	0.065873688	-0.049132356	-0.0402830125	0.112160626	-0.0118143604	0.0622912819	-0.0429408175	0.0399485601	-0.108657852	-0.0094375578	-0.0341666175	0.046136921	0.0788450831	0.0499272331	0.0319479062	-0.0305159992	-0.0094625857	0.0908698946	0.0375648037	-0.1462222186	0.0496833967	-0.1121662188	-0.1553572578	0.0772585579	0.0461815005	0.0581008265	-0.0161581335	0.0264208957	0.1648451104	0.0581331277	-0.0598645576	0.0111620411	0.0313141944	-0.0595567227	0.0104796763	-0.0660090001	0.0300785699	-0.0303627569	0.069084138	-0.0520446835	0.0109536332	-0.1019817472	-0.0588037886	0.058542512	0.1833755127	0.0927296837	-0.0015925494	-0.1037696162	0.0048387684	-0.0634682921	-0.0681741545	-0.0405557145	-0.0012037004	-0.0127645122	0.0146406954	-0.0005141058	0.0273616034	-0.0776674892	-0.0260542754	0.0376245905	-0.0500905514	0.0808810921	-0.0455675761	0.1434674726	-0.0027872384	0.0384641609	0.0842020725	-0.0367283722	-0.1037617138	-0.0774030202	-0.1396938222	-0.1084456201	-0.0887104374	0.1037657878	-0.0001402306	-0.0310117879	0.0254866103	-0.045839155	-0.040190413	-0.018237125	0.0042256135	0.0484861802	0.1540088319	-0.0356134674	0.0291583	-0.0331028173	-0.0460641017	-0.0076612984	0.0844448713	0.0588931483	-0.0231314702	-0.0688148072	0.0375009244	-0.0581417949	-0.0027257948	0.0067840181	-0.0489101702	0.0017661849	-0.0149602559	-0.1002713582	0.0159991626	-0.0399055439	0.0181722566	-0.0056417327	-0.0938403938	-0.0535044142	-0.0939806905	-0.0322894346	-0.0284909147	-0.0534821594	-0.0097482381	0.0502936274	-0.0591971386	-0.036931349	0.2485157277	-0.1060181253	-0.162272762	0.0453862796	-0.0241737597	0.0462608651	-0.0458496071	-0.0322768128	-0.0303495733	0.0527707531	0.0319805285	-0.0530228074	0.0610748899	0.0898872097	0.0269344202	-0.0130304087	0.2602831579	-0.0043467165	0.0223086531	-0.0433007619	-0.0417584712	-0.0495451721	-0.0269328633	-0.0569549807	0.0858105155	-0.0147552195	-0.1639740219	0.0433715189	-0.0914132872	0.0383404307	-0.0847762314	0.1876886233	-0.0242811787	-0.0931241993	-0.0563802477	0.0034612701	-0.0414356998	0.0244131452	-0.0063901786	0.0966664765	0.1290022806	-0.1204367937	0.0918476711	0.037525079	-0.0404524141	-0.0390012845	0.0409114935	-0.0271526985	-0.080739726	0.0575143265	-0.0125418446	-0.093100694	-0.0510262303	-0.1042919682	-0.0697739411	0.0375323015	-0.05835653	0.0143925582	0.0940998229	0.1244081321	0.0712346674	0.021759578	-0.116097466	-0.1782915883	-0.0143027286	0.0395938876	0.0726435619	0.0213945253	-0.0411220261	0.1045132902	0.1000954889	0.0928702909	0.0830403428	0.0	0.0	-0.0674586573671547	0.0361857936281068	0.0045506704537791	0.0013094116604959	0.0642005020984015	0.0037758796487281	1.4257267121679787e-05	0.0041217044696868	0.0415217614094913	-0.0030983499361241	9.599772326680829e-06	0.0017240566705467	0.0007550342115055	0.0001907035799422	3.6367855402771084e-08	5.70076660543732e-07	0.0019718727040527	0.0007610592613836	3.8882819609881074e-06	5.792111993377512e-07	0.0009807571701714	-0.0001259021483572	9.618846268426125e-07	1.585135096098357e-08	0.0	0.0	0.0	0.0
58.1817005552467	-0.1460181779267912	3385.110279500394	0.02132130828506	62.96271405493529	-0.4006318213636461	3964.303361163546	0.1605058562891524	58.14822645839728	0.000851376437204	7.248418378261936e-07	3381.216240257054	62.21885222762411	45.25537279582175	0.995693	32.483231	0.0859082854091585	0.0408628979794789	-0.0629052387	-0.075728281	-0.08729375	0.0080728873	-0.0214813291	0.101067895	0.1617665032	-0.0618120033	0.0559420913	-0.0587453622	-0.0741840362	0.0080175726	-0.0016580478	-0.0899610354	-0.0007731573	-0.0238128312	-0.005750369	0.0325646359	-0.0243819916	0.0853439494	-0.0874160735	-0.0358091202	0.0946434931	0.0814339522	-0.0210942086	0.1113213118	0.1360291466	-0.1215354177	-0.0156007168	-0.131396776	0.0715613506	-0.0302187285	-0.0439653348	-0.0234761003	0.0584243429	-0.059851512	-0.1691748109	0.0063301145	0.1154127076	-0.0105488359	-0.0890730042	-0.0205824638	-0.005229203	0.0215878996	-0.0661123459	-0.0080684556	-0.0533120302	-0.1264044991	-0.0046559324	-0.1181302991	0.0081745809	0.1436460435	0.0259651657	0.1488230767	0.021404432	0.0360153435	-0.0493269872	-0.0944994383	0.1344068958	-0.0527634644	0.0204021285	-0.1304259745	0.0672842027	0.0198282665	0.1066305403	0.1051016884	-0.0383976176	0.0296372832	-0.056733006	0.2136933613	0.0904027165	0.0347394638	0.0696620712	0.0427446643	-0.0199542474	0.0281542297	-0.0491689433	-0.0428495445	0.0807369135	-0.0118950692	0.0755416361	-0.0784264225	-0.0430117139	0.0236146004	0.0031431542	0.0399682866	0.0617281914	-0.1033365601	-0.0305828224	0.035110418	-0.0974578065	-0.022433979	0.1198242086	-0.1615286209	-0.1002204269	0.0582479374	0.0427033616	-0.0113926248	-0.0051740727	-0.0490080105	0.0873147696	-0.0657615005	-0.0414553277	-0.093513727	0.0433567297	-0.1608818219	-0.0216264032	-0.1117582035	-0.0070473646	-0.0038249937	-0.0341323502	-0.1210717095	0.0168084705	-0.020186653	0.0570681536	-0.011669964	-0.0018858716	-0.0023394203	0.0281224731	-0.0142969862	-0.1088734571	-0.0488563544	-0.0284793506	0.1993452259	-0.0060563034	-0.0125563647	0.0471376495	-0.0987488039	-0.0605122963	0.0952798097	0.014817088	-0.0259907157	0.0280930249	-0.0539069295	-0.0470280823	0.0450256868	-0.0009619778	-0.0151319238	0.0680267162	0.0633747876	0.1075281673	-0.1717759375	-0.0921440086	0.0050681636	-0.0177553841	-0.0515110461	-0.0587011258	0.1007245124	-0.1823387126	0.2518334788	-0.0215421238	-0.1029926395	0.0317911581	0.0469914115	-0.0463382297	0.0103028616	-0.1366216543	-0.0771562756	-0.0478164664	0.0580548699	-0.0316758561	0.0308942554	-0.00152049	0.0656092157	-0.0293993303	-0.1097434728	0.0008023181	0.1977769003	-0.0313668082	-0.0891801008	-0.0033478542	-0.0569321718	0.0487922625	-0.0324828443	-0.0944082308	0.0212765991	0.0198495586	-0.0132407056	-0.0977536555	-0.0832438578	-0.0282725576	-0.0305672831	0.0478100144	-0.0333523473	0.1207455215	-0.041295353	0.0012272807	-0.0065074687	-0.0918714771	-0.1170807198	-0.0342403563	0.0537859914	-0.0729363131	-0.1332128264	0.1069710601	0.1041848154	0.0988020511	0.0900358269	0.0781863408	0.0	0.0	-0.0933449248865514	-0.0258862675193966	0.0087132750020759	0.0006700988460857	0.0768098201005784	0.0126093180021768	0.00015899490048	0.0058997484638832	0.0399826852509264	-0.0015390761585648	2.368755421862882e-06	0.0015986151198746	0.0008100246428265	5.499043132100006e-05	3.0239475368696246e-09	6.56139921986199e-07	0.0014630422115486	-0.0005088304925041	2.1404925127730184e-06	2.589084701019653e-07	0.0013344087209267	0.0003536515507553	1.7806466344852318e-06	1.2506941935162858e-07	0.0	0.0	0.0	0.0
58.13565853495884	-0.0460420202878566	3379.754793293333	0.0021198676321874	62.89580778469171	-0.066906270243578	3955.882636888887	0.0044764489979067	58.15279365440145	0.0045671960041673	2.085927934048201e-05	3381.747409811393	62.22000460404954	44.66920834666327	0.99057	32.316078	0.1200788505475706	0.0615906912101358	-0.0621285857	-0.1040148604	-0.0410205403	0.0645590686	0.0489842997	0.1333733538	0.175305639	-0.0530063327	0.0946958266	-0.1117849262	-0.1431305079	-0.0120401443	-0.1710065207	-0.0290096643	-0.0637415481	0.1826708728	0.0034373179	0.0497872389	0.019090868	0.0567803531	-0.0245738726	0.0063072837	0.03420362	0.0013983731	0.0265586039	0.0281762504	0.0590936762	0.0564508521	-0.0242878789	0.0533696235	-0.0566226019	0.0635056543	-0.0885861346	0.0511019878	0.0340101005	0.0227584676	-0.1137531503	-0.1409388116	-0.010427108	-0.0627861766	0.1393628955	-0.0962349312	-0.0670741024	0.0436747705	0.0901975068	0.0494751169	0.0766658936	0.0063562292	0.0373139142	-0.0196364385	-0.0715807559	0.1050415583	0.0658454722	-0.1457812227	-0.12912169	0.0366201135	-0.0149656722	-0.136083131	0.0498995724	-0.0004720964	-0.0463920843	0.0291967881	0.0394006628	0.1230001218	-0.0657028354	0.0346494091	-0.0455587982	-0.063338655	-0.1131705486	-0.0001779334	-0.067553586	0.0489238141	0.0318715336	0.0263208655	-0.1250595159	-0.0996094152	0.0371263559	0.014491715	-0.1248229982	0.063403413	-0.0356412485	0.0483371861	0.0366186047	0.0221261988	-0.0348160104	0.0429509077	-0.06597711	0.0736452904	0.0665189706	-0.0720060166	0.0658109639	0.1954303927	-0.0126091199	0.0905727617	-0.1042816291	0.1213100411	0.0312854304	0.1350681425	0.1309673736	0.1702119441	-0.0071364644	-0.0238629211	-0.060593457	-0.0710858641	0.0170014709	-0.1919045797	0.0751713821	-0.0907738437	0.0446280987	0.071344273	-0.0499146764	-0.0512380615	0.0710390074	-0.1359033944	-0.0236420847	-0.0948518168	-0.0617367972	0.0477407868	0.0538703768	-0.0043138435	0.019850001	0.078547494	-0.0263732851	0.0064516406	-0.1354538554	0.0811711095	-0.0438731417	-0.175000267	0.0516399321	-0.1004745177	0.0673373443	0.0935197665	0.1676475501	-0.0505732629	0.0084609048	-0.0392168776	0.1001024027	-0.0543056887	-0.0159325801	0.0007320849	0.0343932786	-0.0021473267	-0.1163650377	-0.0590007005	0.0279794801	-0.2200469253	-0.0254224693	0.0157316921	0.0105854296	-0.1535485611	-0.098014686	-0.0857966115	-0.0176359554	-0.0045337309	-0.057841511	0.0614434065	0.0099804323	-0.0763188338	-0.0049857546	0.0747106981	0.1129470472	0.0603965659	-0.208544471	-0.0934341617	0.1102553627	0.0692585189	-0.1324266303	-0.0430518187	-0.0681980485	-0.0032721331	-0.0596156615	-0.0839862441	0.0466851807	-0.0012613101	-0.1352595384	0.031653017	0.1254967601	-0.1032367893	-0.1628921823	-0.0758360634	0.0064813741	-0.1056240073	-0.0187904703	-0.0357607877	0.0639760417	-0.0866752537	0.0869518076	-0.0651058898	-0.0298361775	-0.1866384182	0.1086938401	-0.1189814408	0.1167076705	0.012717883	0.0078627223	0.1038238878	0.0973855183	0.0869490055	0.0729428184	0.0	0.0	-0.0950320025817177	-0.0016870776951663	0.0090310815146916	2.846231149527664e-06	0.0975224223115134	0.020712602210935	0.0004290118903484	0.0095106228535051	0.0074666509278671	-0.0325160343230593	0.0010572924880983	5.575087607861863e-05	0.0016181865973833	0.0008081619545567	6.53125744793067e-07	2.618527863950942e-06	0.001926608447784	0.0004635662362354	3.7118201110726737e-06	2.1489365537745478e-07	0.0013659432565027	3.1534535575999945e-05	1.865800979985201e-06	9.94426933994006e-10	0.0	0.0	0.0	0.0
58.133332482787694	-0.0023260521711492	3379.4843455543387	5.410518702908041e-06	62.939500090487286	0.0436923057955738	3961.380671640449	0.0019090175857339	58.07488453271723	-0.0779091216842218	0.0060698312416068	3372.6922134884385	62.25398275447996	44.060192117101295	0.948265	30.935953	0.0864328223797908	0.0383769357932403	-0.0543241216	-0.1522828682	-0.072067309	0.0380484983	0.1166846738	0.1949066634	0.1734741966	-0.0614015663	0.0897720703	-0.034493594	-0.1737658261	-0.0817858285	-0.0495532247	-0.0435551423	-0.0558189224	-0.0392536495	-0.0473609059	0.0791203893	0.0506745615	0.1080126584	0.031431451	0.0862804643	-0.0446408314	-0.0238426634	0.1437215897	-0.0668258222	0.1169062683	0.0259761895	0.0090285657	0.0360905323	-0.0317700566	-0.0055094651	0.1512231859	0.0191602565	0.1199771305	0.0447167773	0.0224095739	0.0335268047	0.0814619148	-0.0818434319	0.0596233945	0.0596133425	-0.1009788051	0.1705908429	-0.1450940145	0.0779623301	0.0386875139	-0.0382632745	-0.0612701613	0.0146779552	-0.0028439941	-0.0471584307	0.0010509041	-0.0900125277	0.0606819129	-0.0693674416	0.1404276757	-0.0517133492	-0.0631068865	0.0152145545	0.0206003042	-0.0687399508	-0.0121195008	0.0313072831	-0.0179606786	-0.0225138403	0.0429326916	-0.0900325825	-0.0784403209	0.0042104863	-0.0057079011	-0.0342872513	0.0407829097	0.0241406339	-0.0014048363	0.0186957606	0.0422936407	-0.0501875695	0.0246207895	0.0763997476	-0.0750268068	0.019682939	0.1190131293	-0.0681581449	0.1048686883	-0.1088143037	-0.0023465188	0.0482177412	-0.1268185894	-0.0440184902	0.113454453	-0.0906221304	-0.1289785185	-0.0769623551	0.1133133133	-0.0477923481	-0.0211023697	0.106029905	0.0591853911	-0.1930258981	-0.1264602498	0.1065559749	-0.059188383	-0.0539664647	-0.0076522876	-0.1598734692	0.0909893045	-0.1191593271	-0.0589968581	0.0289995676	0.0700758377	-0.0768165532	0.154343924	-0.0434450369	0.026673022	0.022875814	-0.0718248782	0.0387856908	0.0240808865	0.0055186154	0.0767816695	-0.0095081666	0.0017269546	-0.0913805754	-0.1454447549	0.0306146555	-0.0469337211	-0.0059132217	0.0113209471	-0.0833285222	0.1133200804	0.0435961774	-0.0096678462	-0.0264928477	0.0962344985	-0.0214934671	-0.1056703759	0.0994801242	0.1113060612	-0.0571912437	-0.1398065106	0.1052821336	-0.0046795399	-0.011552992	-0.0278188572	0.047956021	-0.0682798575	0.1270883412	-0.0059990627	0.0246451737	0.0085123786	0.0211759262	0.1008045117	0.0198754335	0.0167226998	-0.0748335114	0.0233460329	-0.0442131484	0.1246347851	-0.0956122862	-0.0246899701	0.0120460736	-0.0386085367	0.1142332407	0.0992980487	0.2154874631	0.1274412585	0.1533531167	0.0420057426	0.122714463	0.0526888488	-0.0621962761	0.0577029659	-0.0186544934	-0.1470080685	0.0695923849	0.0926310722	0.0286978452	-0.0785282596	-0.1516907082	0.0278587192	-0.0231376375	0.0386986321	-0.0501752318	-0.0176974893	-0.0118287427	0.0075044405	-0.1293233899	-0.0764827691	0.0968362728	0.186490441	-0.0972426902	0.0570711603	-0.0289107204	0.0026489395	0.1034306197	0.0958476552	0.0836184785	0.0673358985	0.0	0.0	-0.0792536175685398	0.0157783850131779	0.0062811358977003	0.000248957433624	0.0892380436344382	-0.0082843786770751	6.863093006517818e-05	0.0079634284317018	0.0181395245894648	0.0106728736615977	0.0001139102321964	0.0003290423523317	0.0012066501125806	-0.0004115364848026	1.693622783237628e-07	1.4560044941907748e-06	0.0016331277190766	-0.0002934807287074	2.667106146816338e-06	8.613093812262654e-08	0.001037016769454	-0.0003289264870487	1.075403780128811e-06	1.081926338821986e-07	0.0	0.0	0.0	0.0
58.21984451441865	0.0865120316309528	3389.550295283083	0.0074843316169149	63.17378058873507	0.2342804982477844	3990.92655387364	0.0548873518592301	58.02302105496683	-0.0518634777503947	0.0026898203243656	3366.6709723451245	62.3211781418695	44.13807433301752	0.8704349999999998	28.396841	0.0950958798948531	0.0464873430184903	-0.0396983615	-0.1306650644	-0.0611114475	0.018246794	0.1232442668	0.1847949479	0.1193367749	-0.0288769245	0.054851438	-0.0382948238	-0.1340320003	0.0061764931	-0.0254325915	-0.0222029068	-0.1355798659	-0.0748554794	-0.0791490352	-0.017703379	0.104650886	-0.0022788592	0.0398657631	-0.0056614545	0.0559563809	0.0567391815	-0.0125638668	0.0261615887	0.0064559447	-0.1835723086	0.0213134111	0.0429378189	-0.0222789901	0.0155378864	0.0798910649	-0.1525094756	0.1796744362	0.0366601404	0.0267770753	0.0204632665	-0.135839662	-0.00832615	0.032281566	-0.0562180884	-0.1068659406	0.1358070247	-0.0208490738	-0.1035420755	0.1220076785	0.0130028663	-0.0248781921	0.0041391803	0.0589441474	-0.1279913159	0.1364313069	-0.0498021788	-0.0384690877	-0.0054392	-0.1563730379	-0.0674965569	0.0450695074	0.0958029755	-0.0312501919	-0.0143707192	-0.099668243	0.014923338	0.0742398982	-0.0919329301	-0.1450084366	-0.1044277154	-0.0666005585	0.06442707	-0.1396185351	-0.072468811	0.0530466883	-0.040005187	-0.1105293458	0.0050525509	-0.0974834126	-0.0934240774	-0.0340884303	-0.0225238996	0.0701823923	-0.1511323671	-0.0053760837	-0.0603092245	-0.0033899752	0.1132581951	-0.0245592977	0.0486290269	-0.0773379426	-0.0474157802	-0.0007992385	0.1638801921	0.0153945625	-0.0042932304	-0.0544682487	0.0950124285	0.1017555571	0.0242056001	-0.1243703943	-0.0712922437	0.0568344362	0.1197074991	-0.0547333435	-0.0183127255	-0.0253772133	-0.1103306398	0.0987044847	-0.0765930243	-0.0592790864	0.0394634339	0.0644116418	-0.0556795792	0.178636592	0.0146422238	0.0142356332	0.0986556708	-0.1115922431	-0.0208121472	0.0718290884	-0.0230755539	0.0816398448	-0.0628387454	0.0524471254	0.1071124677	-0.091864875	0.0369604638	0.0364440338	0.0111203877	0.0169787492	-0.0162602481	-0.0186349655	-0.0930150909	0.0096064056	0.01164226	0.0119903222	-0.0695556918	-0.0483384938	-0.04415838	-0.0057228057	-0.2209559359	-0.0074652952	-0.1043379509	-0.0522064306	0.0247158115	0.035765229	0.0230515328	-0.0476164555	0.0432252723	0.023813414	0.0347018813	0.0346938813	-0.0675669995	0.1451849173	0.031317561	0.092006583	-0.0476467386	-0.1251258753	-0.0392895706	0.1038433825	0.0001409404	0.1387919043	-0.1643332526	0.0945497321	0.050636028	-0.0084611444	-0.0010918703	-0.1195598439	-0.0756002128	-0.0047136623	0.1311910286	-0.0746348508	-0.0548392494	0.0507851424	-0.0258752064	-0.1068586907	0.0706552612	0.0570984983	0.0296819812	-0.0528327801	-0.1256555605	0.0302435666	0.0229101596	0.1422045967	-0.0114791121	0.0433663019	-0.0584103802	-0.0760343235	-0.131222792	0.0680922183	0.0735514732	0.1844552898	-0.0428781454	0.0068358302	0.1461865397	-0.0656916203	0.1030051337	0.0941903779	0.080053581	0.0613935146	0.0	0.0	-0.1072890420781647	-0.0280354245096249	0.0115109385500501	0.0007859850274348	0.093144657851127	0.0039066142166887	1.5261634638035004e-05	0.0086759272862035	0.0284856077391992	0.0103460831497344	0.0001070414365412	0.0008114298482715	0.0013046344596	9.798434701939994e-05	9.600932260818187e-09	1.702071073175784e-06	0.0008760452158971	-0.0007570825031795	7.674552202961966e-07	5.731739166205376e-07	0.0008359284592768	-0.0002010883101772	6.987763890288847e-07	4.043650848992184e-08	0.0	0.0	0.0	0.0
58.418144757754106	0.1983002433354599	3412.679636937913	0.0393229865069026	63.33242297469826	0.1586423859631907	4010.995799846088	0.0251674066240939	58.18804270902752	0.1650216540606877	0.0272321463089252	3385.848314307611	62.38687793271159	45.86789010430491	1.057454	34.498096	0.2954550680407578	0.1531730714629309	0.0592305636	-0.0193449322	0.089012825	0.048570385	0.0261119357	0.1335101742	0.0653375274	-0.0425239063	-0.0404295018	0.0238069482	-0.1320754833	-0.109549401	0.0101101559	0.0176456213	-0.0543845414	0.0340492742	-0.0290273763	0.0685880601	-0.0203737121	0.0002763328	0.0511994788	-0.0304365841	-0.0021053865	0.0331973899	0.1184059821	-0.0278988874	-0.0142810031	0.2280951409	0.0390782694	-0.0072404316	0.0469278939	0.1300189145	-0.1532282827	-0.0849201318	0.0223600957	0.0199723444	-0.0280254654	0.1773031687	0.0373642856	0.0965823401	0.0051966105	0.0046675091	0.0917081287	0.0398838766	-0.0034623169	0.0141957103	0.0463515929	-0.0612210131	-0.0840669236	-0.0709636096	-0.1216316638	-0.0567275038	-0.030845054	0.0418572988	0.1127568621	0.0269289996	0.043230956	-0.1043961692	0.0325837618	-0.1238095446	0.03067121	-0.083086764	0.1580249518	-0.0506585828	0.0309920951	-0.0975757774	0.0641777794	-0.0001526227	-0.003843264	0.1422372386	0.0601569785	-0.0663418562	-0.0805633998	0.0727777588	-0.01601891	-0.0670585251	-0.0781524785	-0.0902135051	-0.1460655048	0.0326902467	-0.0246850993	0.1283065946	-0.0607945784	0.0219113307	0.0179134396	-0.1461112301	-0.1647772432	0.0628536343	0.1038171519	0.0795133696	-0.0644156718	0.0113306738	0.1091267367	0.0872523822	0.0298262083	0.0570488194	0.0220248929	0.1479872679	-0.1955735656	-0.0006173081	-0.0194397218	-0.0028313228	0.0214485927	-0.006704321	0.0384021959	-0.0251561214	0.1412350879	-0.019780944	-0.0738570476	0.0536988013	-0.0738003486	0.0426265116	0.0689258504	-0.019195975	0.0055288876	-0.065441852	-0.152099481	-0.0634727062	0.0668438916	0.0383331844	0.1111094267	0.129432573	0.1541112944	0.1194414082	0.0699018116	-0.1274283496	-0.0696533124	0.1636219295	-0.0135416642	-0.0524803698	-0.1087800934	-0.0615764991	0.0914037146	0.0877447767	-0.2018549816	-0.0830867521	-0.149315154	0.0141803091	-0.0019473722	-0.0050322357	-0.0254119903	-0.1081006576	0.0347830184	-0.1515270872	-0.0760241372	-0.0120813084	0.0810701869	-0.0306078184	-0.0883001731	-0.034278982	0.0712715864	0.1142588192	-0.0283130916	-0.0632934878	0.1092031194	0.0429942745	0.194884094	-0.0299527531	-0.0319243862	-0.1798262109	0.0095822213	0.1063900921	-0.0071820005	-0.1141029834	-0.0547721905	-0.1482109624	0.0326854151	-0.0869494089	-0.0891615466	-0.0696263902	0.031159213	0.0294763505	-0.029582419	-0.0726911511	-0.0510521861	-0.0420581292	0.0714539668	0.0436108523	-0.0148035293	0.0176095286	0.056892837	-0.0822106494	0.0249830306	0.0028132705	-0.0149881945	-0.1233039915	0.3116341966	0.0763683596	0.3473955864	0.3233008828	-0.0986535954	-0.0249148329	-0.0168896419	0.0115840382	0.0453660917	0.1025475623	0.0924157511	0.0762643048	0.0551452713	0.0	0.0	-0.1309846081113335	-0.0236955660331688	0.0171569675620796	0.0005614798496322	0.0630122006958799	-0.030132457155247	0.0009079649742128	0.0039705374365378	0.1369805779081261	0.1084949701689269	0.0117711585519563	0.0187636787240442	-0.0006440681202672	-0.0019487025798672	3.797441744781081e-06	4.148237435445244e-07	0.0001632305681962	-0.0007128146477009	2.6644218393654298e-08	5.081047219769583e-07	0.000837052725377	1.1242661002000597e-06	7.006572650610635e-07	1.2639742640590506e-12	0.0	0.0	0.0	0.0
58.54593292817524	0.1277881704211338	3427.626262430394	0.0163298164995807	63.671690091825184	0.3392671171269228	4054.084119149429	0.1151021767636131	58.25619281930333	0.068150110275809	0.0046444375306049	3393.7840017998487	62.54712821581744	45.35293643370302	1.04057	33.947277	0.0999691533952228	0.0497827023959491	0.0297820107	-0.0096041226	-0.0318055229	-0.0278377264	-0.0617089687	0.0616497884	-0.0069311922	0.0757159903	-0.0630828917	0.0211805911	-0.0234560128	-0.1258638223	0.0214099854	-0.1281027305	0.0183345424	-0.0463884728	0.0233647672	-0.1005048251	0.1154593881	-0.1340647182	0.120308565	0.0187821241	0.0422473469	0.1345199929	-0.089303403	0.1147723631	0.0340410763	0.0227187003	0.0030514796	-0.0256824681	0.030633387	0.0019251243	0.1108707698	0.0070436187	-0.06185577	0.0242071933	0.0234334789	0.0239049275	-0.009978909	0.0074204351	-0.0775285846	-0.0121378726	0.1299947003	-0.0541700452	0.1050754606	-0.0443278839	-0.0530998297	0.0289593835	0.0419116339	0.1280420958	0.0292271377	-0.0029784796	0.1268218844	0.038975564	-0.002505495	-0.0208192737	0.0654506001	0.0662031662	-0.1328611769	0.0692083748	0.0823328995	-0.09211503	0.1207826391	-0.0172888957	0.0016513699	0.0261151319	-0.0155402081	0.0028939134	-0.0481722322	-0.0892870073	0.0506597604	0.043897326	0.0993300048	-0.0229072375	0.0811648125	0.2107719318	-0.130172938	0.1311442744	-0.107335913	0.1062014429	-0.0018569213	0.0293102171	0.0800914843	0.0726891618	-0.0529951181	-0.0151035477	-0.034838611	-0.1146908656	0.1077549375	-0.1639325648	-0.008948851	-0.0817862719	0.0304609664	-0.1034279123	-0.077007297	0.0633648535	-0.0338802702	-0.0812082026	0.0780336145	-0.1412391333	0.0637960868	0.0941293104	0.0290352923	0.0144627891	-0.0288397956	0.0907439354	0.0120298317	-0.014338079	-0.062582258	-0.0709819781	0.0139433147	-0.0176084707	0.045212014	0.0135185127	-0.0186318158	-0.0017169397	-0.0750957017	0.088883841	0.0307856988	-0.007782928	0.0326888525	-0.031759175	-0.0250069844	0.0244609021	0.1109016703	-0.146219885	-0.0311832936	0.1450594759	-0.0119565497	-0.0768768669	0.0398902344	0.0580406472	-0.0254806782	-0.033966545	0.0377295954	-0.003688542	-0.0695557841	-0.0013974605	-0.1197002068	-0.0999087095	-0.1096582526	-0.0571616367	-0.1550709127	-0.0213153433	-0.0287286574	-0.0276783876	0.1377767974	0.0263705444	0.0573115099	0.0047291974	-0.0892079357	-0.0204483264	-0.1239179744	0.0235374596	-0.0960364128	0.160881562	-0.0894941191	0.0465798307	-0.021930979	-0.1085916186	-0.1368959534	0.0675564339	0.0445770324	0.0574369437	0.028889154	0.0139945243	-0.0666193157	-0.0228708492	-0.0225097651	0.0794201393	0.0717180175	0.0285171435	-0.0146447736	-0.0487083064	0.0437283706	-0.0228233244	-0.0627838426	0.0260539954	0.0827370807	-0.0315498994	0.0132144757	-0.0424021312	0.0710781452	-0.0835039627	-0.0339046345	-0.0505245052	-0.0604781206	0.0488087772	0.0597646156	0.0800504454	0.0542790034	-0.0256646722	0.0333317143	-0.02700607	0.0144329479	0.1020580481	0.0905259858	0.0722612707	0.048622297	0.0	0.0	-0.1236922243939488	0.0072923837173847	0.0152997663755229	5.31788602815776e-05	0.0820437492268126	0.0190315485309326	0.0003621998394852	0.0067311767871921	0.1019618506025707	-0.0350187273055554	0.0012263112621008	0.0103962189783009	-0.0012031581015024	-0.0005590899812352	3.125816071175763e-07	1.4475894172108597e-06	0.000375996803084	0.0002127662348878	1.4137359592938826e-07	4.5269470708330486e-08	0.000837726386081	6.736607039999455e-07	7.017854979363326e-07	4.5381874411370235e-13	0.0	0.0	0.0	0.0
58.5383173236652	-0.0076156045100432	3426.734595086121	5.79974320533916e-05	63.623161777296566	-0.0485283145286175	4047.906714540051	0.0023549973109884	58.22747803045018	-0.0287147888531507	0.000824539098881	3390.4391977865585	62.50695669599566	45.7182503428318	0.900771	29.386513	0.2187668204808217	0.096998953711788	0.0713606333	0.0546982807	-0.0204773435	-0.0219684285	-0.0675440541	0.0368521707	0.0263941795	0.015038164	-0.0081105791	0.0498128869	-0.0374703307	-0.1226524881	0.0537330517	0.0193967128	0.108605225	-0.0036536689	-0.0087478571	-0.03959616	-0.0356747392	-0.0338706764	-0.024418924	0.1537540241	0.0248163415	0.0796622707	-0.110016004	0.0150510178	-0.0139845877	0.0277566939	-0.0413817952	-0.1402589477	-0.0045375685	0.0542291423	-0.046341191	-0.1096108164	-0.0636977361	0.0278342296	0.0810238876	-0.0549144048	-0.0880059963	-0.0911244609	-0.0118425904	0.0722733629	0.0041341604	-0.0284801205	-0.1072196443	-0.0900632128	0.0399348612	0.0920480942	0.1555485088	0.0290040537	0.0433872891	0.0040440393	0.021335681	0.01515814	-0.0462906427	-0.0901045515	-0.0314097648	-0.0332746134	-0.0398530931	-0.0030702332	0.0194211931	0.0282590562	0.0192400752	-0.0040219238	0.1837369992	0.0307949831	0.0157477194	0.0635353633	0.1224960837	-0.0510938312	-0.1106608449	0.0387064659	0.0078288755	-0.0260824459	0.03854801	-0.0303086261	0.0973469034	0.0211005537	-0.0618739299	-0.0614511552	-0.0039196295	2.47074e-05	0.0362445473	0.0412228328	-0.0616887998	0.1061338529	0.0030105642	0.0258392552	-0.0606677564	-0.0201499683	-0.0050470988	-0.1267463838	-0.002155488	0.0958225809	0.0669191744	-0.0916377915	0.1169102531	-0.093523892	0.0437387647	0.1434815919	-0.0781295716	-0.0447223304	0.0621180729	0.0144369512	0.0370070713	0.0766106103	-0.0372261195	0.0065783985	-0.0037293469	-0.1065068131	-0.0287220273	-0.0295032847	-0.0152802205	0.0384643354	0.0062646205	-0.0460691646	-0.0098920047	0.1458806916	0.024843255	-0.0638676146	0.0632683958	-0.0899536145	-0.0145260439	-0.0279238039	0.0695668606	-0.0804184731	-0.0258342476	0.0530499224	0.0716188507	0.0169830371	-0.1047511846	0.0031075962	-0.0834735249	-0.0453326526	0.0294813283	0.030231761	-0.0784216807	2.76637e-05	-0.0360419241	-0.0191339738	-0.0428101732	-0.0133768859	-0.1719238876	0.007467048	-0.0472626878	-0.0952979708	0.0436917205	0.0260255095	0.0168119489	-0.0076288657	0.1696367694	0.0740139533	-0.0313462508	-0.1026921077	-0.0647186817	-0.0516986782	-0.0720652176	0.027574257	-0.1257322016	-0.0037815566	0.0829332578	0.01518502	-0.0190472357	-0.0471978232	0.0993509673	0.1090979906	-0.0604793846	-0.0378556121	-0.0016674832	-0.0645141061	0.0578524516	0.0676782418	-0.0475585576	-0.0551477058	0.0711215538	-0.0304028378	-0.0612258661	0.0092981852	0.0648631677	-0.0072790985	-0.0041598354	-0.0269198867	0.0003540164	-0.1028744212	0.0361315942	0.0026211105	-0.0481661707	0.0071247539	0.07340937	0.1282226283	0.056655726	-0.0520710079	0.079637545	-0.025361819	-0.0199362939	0.1015367435	0.0885234364	0.0680556987	0.0418570888	0.0	0.0	-0.0964021738919171	0.0272900505020316	0.0092933791310874	0.0007447468564034	0.0639197344192155	-0.018124014807597	0.0003284799127459	0.004085732448223	0.1503905133172836	0.0484286627147129	0.0023453353723354	0.022617306495836	-0.0022090876090966	-0.0010059295075942	1.01189417424871e-06	4.880068064664133e-06	-0.0006249697467375	-0.0010009665498215	3.90587184337135e-07	1.0019340338615574e-06	0.0013293121777949	0.0004915857917139	1.7670708660338197e-06	2.4165659061498184e-07	0.0	0.0	0.0	0.0
58.47103940326786	-0.0672779203973377	3418.8624488985024	0.0045263185729905	63.403930626010656	-0.2192311512859106	4020.058418827972	0.0480622976941458	58.261768856732	0.0342908262818184	0.0011758607670898	3394.4337103152666	62.4392943175707	45.72244485727576	0.860755	28.081022	0.156428372229679	0.0803635631955372	0.0428907494	0.0334842822	-0.0377096456	-0.0453057049	-0.0334103138	-0.0016225191	0.0358823491	-0.0411197771	-0.0130432089	-0.0117656534	0.042193677	-0.0380938196	-0.0822669219	0.0730579238	0.0413228111	-0.0178642094	-0.0701716856	-0.0652363439	0.0393394445	-0.0022354928	-0.045166691	-0.0587633244	0.07167438	0.1952792798	-0.1016050062	-0.0382450074	0.0424818548	-0.0068926679	-0.0242007901	-0.1034774759	0.022506964	-0.1208694445	-0.0264510935	0.0058889062	-0.0817932642	0.0293740851	0.0135561852	-0.0288578332	-0.1198859866	0.067944799	-0.0672667399	-0.088882998	0.1838761327	0.0102555173	-0.0303184296	0.0684335161	-0.1090057355	-0.0818445882	-0.0774249809	0.1032865912	0.0133661407	0.0356674485	0.061721275	0.0983411943	0.0360501533	0.0745040327	-0.0556245497	0.0005605117	-0.0204582651	0.0690934921	-0.0429240562	-0.0298737705	0.0512833872	0.0756290241	-0.1212467203	0.0943688075	-0.047033838	0.0192224359	0.0097210179	-0.0560260179	-0.0011388237	-0.0220679771	-0.0786114458	0.0713688791	0.0678183844	-0.0830228999	0.1227893539	-0.0095380924	-0.0620439322	-0.0013585313	0.1604354015	0.0399604697	-0.0844827922	-0.0573686772	-0.0029994952	0.001406326	0.059840433	-0.0287680506	-0.0036588497	-0.0196978063	0.035403098	-0.0134163378	0.0304493038	0.0533205904	-0.0162242776	-0.0324829301	-0.0998640519	0.0093587046	-0.0454056064	0.0415980618	-0.0202793955	-0.1327865951	0.0310855465	-0.0215144312	0.0163109042	0.0295822781	-0.0769966262	0.0407127936	0.0527948297	-0.0422420831	0.0091074323	-0.05734872	-0.0278874402	0.0136577668	-0.0080019833	0.0268263741	0.0133493539	0.0821920261	0.0927057862	0.0368423865	0.0791877624	-0.0080840776	-0.0374158356	-0.0493990048	0.0731649666	0.0972766988	-0.0509981063	0.0583118444	0.0465098817	0.0731715551	-0.1045408469	-0.0757893914	-0.0547346133	-0.0871431783	-0.1492226831	0.0136085666	0.0049629792	-0.0541153129	0.0841212767	0.0704462257	-0.0507073932	-0.0795666412	-0.0125571576	-0.0025613651	0.0037643468	0.0569644943	0.0953752161	-0.0569277997	-0.025404938	0.0140544079	0.1319783783	0.0032548215	-0.0582442847	-0.0460592949	0.0168438702	-0.0413499498	-0.0257710949	-0.1025330358	-0.1234461191	0.1327970579	0.0333521338	-0.0579145023	0.0317747897	0.0725548943	0.1529487912	0.0919565635	0.0597843566	-0.017075977	-0.0722676859	0.0111570904	-0.0083786661	0.0418794837	-0.0153535228	-0.0288263535	0.0732252472	-0.0145020957	-0.0574220666	-0.0368510916	-0.0218008393	0.0148829438	0.0460553191	-0.0384220109	0.0203412971	-0.0168348448	0.0598039626	-0.0862092069	-0.0337902025	0.0031852207	0.0431340089	0.0271305516	-0.0070794962	-0.0525448599	-0.0018038345	0.0587581611	-0.0386044191	0.1009838109	0.0864105979	0.0636593764	0.0348833508	0.0	0.0	-0.1081586280663202	-0.0117564541744031	0.0116982888251885	0.0001382142147548	0.0726398221964643	0.0087200877772487	7.603993084292383e-05	0.0052765437687339	0.1033145694810215	-0.047075943836262	0.0022161444880749	0.0106739002670488	-0.0010389122172555	0.0011701753918411	1.3693104476704724e-06	1.079338595162739e-06	-0.0001292486618846	0.0004957210848529	1.670521659895965e-08	2.4573939396773615e-07	0.0014409334299362	0.0001116212521413	2.076289149507702e-06	1.2459303929591702e-08	0.0	0.0	0.0	0.0
58.42637855905503	-0.044660844212828	3413.6417115260056	0.0019945910058024	63.51253977559154	0.1086091495808858	4033.8427087460977	0.0117959473726832	58.207558358531045	-0.0542104982009519	0.0029387781151954	3388.119850061797	62.43497022678052	46.13166236096154	0.925381	30.189367	0.2662781157499278	0.1386759280850664	0.0985268333	0.0854506437	-0.019463778	0.0147899857	-0.1193948041	0.0447408964	-0.0097581859	-0.041313087	-0.0808128251	0.0305752524	0.0957312947	-0.0883084264	-0.1256207822	0.0867388295	0.0369827371	0.0009407958	-0.0081026546	0.0433709611	-0.0181214969	-0.0532332501	-0.0902909392	-0.0489511141	-0.0647412261	-0.0839703339	0.0334528651	-0.0619865539	0.0768489665	-0.0325279301	0.0508605476	-0.0169473235	-0.0184141919	-0.1613916704	0.0109312706	0.1108639896	0.0347642314	0.0404328016	-0.0283307868	-0.1710520552	0.0334758066	0.1071961445	-0.0289083457	-0.076017447	0.0203020278	-0.0687282092	0.0261419664	-0.0783846802	0.036473991	-0.0618885846	0.0188632026	-0.1054045657	0.105675178	0.0700175291	-0.1783787138	-0.0369116686	0.1246599625	0.0276246324	-0.0451142489	0.0328210886	-0.0326570472	-0.0064722023	-0.1123993799	0.0620198397	-0.1445582544	0.0193910527	-0.144320059	0.0449076922	-0.0360635915	-0.027935599	0.0498035114	0.0800100801	0.026568007	-0.0400376762	-0.1507048378	0.1010731811	0.0441661603	-0.0381762713	0.0159785419	-0.0783873123	-0.0613897822	0.0366285825	0.0627070344	0.0215027229	-0.1613551211	0.1403029491	0.0820078597	0.0292277087	0.2009161844	0.0894941087	-0.1107715527	-0.0916468389	-0.0304851898	-0.1874470559	0.021865412	0.1562488938	-0.039422019	0.057294959	0.0469216051	0.0761670792	0.0726510459	-0.118632702	0.0927096692	-0.0465157733	0.1040228804	0.002246783	0.0783842907	0.0572001033	-0.0140038093	0.0215204673	0.0147183565	-0.1185577317	-0.0449976673	0.0493097212	-0.0686801442	-0.1017411447	0.0194863485	0.0286218677	0.002979694	0.0455847981	0.0700039077	0.1609834645	0.1389646314	-0.0232873185	0.0081490609	-0.0205767454	-0.0670326225	0.0325427446	-0.0583548187	0.0156934711	0.0556651356	0.0509663552	-0.1309702594	-0.138863327	0.0157652289	-0.0419899729	0.0347625823	0.0446439523	-0.0468358817	0.0421018948	-0.0667552274	0.0205342335	0.0324655483	-0.043729256	-0.0125888341	-0.0374557006	-0.0707075165	0.0599183965	0.03287234	-0.0378829599	-0.0035282666	-0.0725772278	-0.1009890334	-0.0477099031	-0.0417806262	-0.0965983829	-0.0267501667	-0.1231391477	0.0291602552	-0.0646476702	-0.172204151	-0.0371800338	-0.1443823113	-0.0091986664	0.1224724038	0.0140114616	-0.042280905	0.1391679859	-0.1975046276	0.1247260482	0.0634294271	0.0262418946	-0.124816409	0.1002032097	-0.0886149017	-0.0576981063	0.0505640981	-0.0449394876	-0.0492448165	-0.0327010882	0.0339061456	0.037315378	0.0259386286	-0.1364140568	-0.076505887	0.0277049171	-0.0446147464	0.0022773501	-0.0202038066	0.0287090865	0.0655465167	-0.0415421888	-0.0536398088	-0.0994820754	0.0659009522	0.128438044	0.0228649103	0.1003994225	0.0841901024	0.059084626	0.0277358257	0.0	0.0	-0.1108618422264839	-0.0027032141601636	0.0122903480618498	7.307366795709523e-06	0.0836305027340529	0.0109906805375886	0.0001207950586793	0.0069940609875504	0.184426553864327	0.0811119843833055	0.0065791540105975	0.0340131537702715	-0.0031790109229797	-0.0021400987057242	4.580022470242396e-06	1.0106110448424244e-05	-0.0009846032876299	-0.0008553546257453	9.694436340116076e-07	7.316315357838824e-07	0.0010069420280283	-0.0004339914019079	1.0139322478097456e-06	1.8834853692998444e-07	0.0	0.0	0.0	0.0
58.41357247444112	-0.0128060846139135	3412.145449226785	0.0001639958031387	63.62888315253127	0.1163433769397315	4048.634771238478	0.0135357813577404	58.19703605974925	-0.0105222987817938	0.0001107187716533	3386.8950061397545	62.45073353272748	45.78215800644731	0.8836359999999999	28.827513	0.1249610345472751	0.0613901456573896	0.0716419846	0.0654760939	-0.0169494532	-0.0144734542	-0.1040030892	0.01600074	-0.047124702	-0.0758939597	-0.0317745147	0.0222275372	0.0610095874	-0.093462536	0.0987723137	0.1479991909	0.130273643	0.0157936238	-0.0439456531	-0.0166697124	-0.0544217473	0.0847991513	0.0394025663	0.0661280494	0.0357957227	0.041554767	-0.030951482	0.1062360176	-0.0329622459	-0.0167510619	0.0836074644	0.1453006859	-0.0134928264	-0.0063710209	0.0023997895	0.0786651501	-0.2325821981	-0.0308601525	0.0543128855	0.0519661507	-0.0443329567	0.1310962898	-0.0162271723	-0.1248193708	0.0025333666	-0.0052153092	-0.0086131415	-0.031218557	-0.0203464785	-0.0082517179	0.146241102	0.1678091776	0.0234677556	0.146442203	-0.0859824276	0.0041418712	-0.0950618279	-0.0118545185	0.0731793425	0.1336144843	-0.0254249752	-0.0638662273	0.0789904549	0.0118649623	0.052322483	0.0582730361	0.0203113549	-0.0848049468	-0.1487578858	0.1256314801	0.0426212924	-0.0227170679	-0.1036217873	0.0876362051	0.1618072314	-0.0059940431	0.1048400179	-0.0854006267	0.0358083911	0.088236609	0.0424836157	-0.0497653927	0.1028128741	-0.0200115875	-0.0095412253	0.0438278398	0.1694309168	-0.0570857125	-0.04875938	0.0035980382	-0.1015061224	-0.076343369	-0.0973572275	-0.022793792	0.0179292689	-0.1043148748	0.0197774907	0.079711146	-0.0968256226	-0.0847915081	-0.1511683445	0.0293520144	-0.0229163338	0.0792329718	0.0735091002	-0.0219796601	0.0473719221	0.0670205062	-0.0138945435	0.0330538617	0.0041113875	-0.1239179081	-0.0637104529	-0.029774129	-0.0220075456	0.0410957827	0.0536858481	0.0669286927	0.0260599241	-0.0060348994	-0.0064817425	0.0281143234	0.0952989948	0.0266631986	0.0530605319	0.0333351914	-0.0153128843	-0.0559346398	0.0689946727	-0.0500214349	0.0426175664	0.12142078	-0.0712385948	0.0252293875	0.0043503741	-0.0272575507	0.0956682535	0.1364440444	-0.0298851533	0.0528950704	-0.1011000643	0.0383151509	-0.0686818185	-0.0109732847	0.040248769	-0.0219525947	0.03445781	-0.2008955461	0.0622680031	0.0033394666	0.0560863235	0.0625877993	0.08654008	-0.0236709937	0.0058353822	0.0773268156	0.0609920386	0.0210575394	-0.1173164738	-0.0492752645	0.0059092284	-0.0222751415	0.0262442444	0.0088756228	0.109093586	0.0365654887	0.1140491201	0.030827811	0.120714346	0.1110272724	0.0423973042	0.0434608038	-0.079927116	0.0688359047	-0.064053071	-0.0673592445	0.0884669565	-0.0515945729	-0.0304381082	0.011508677	0.0348922161	-0.034210234	-0.0498967402	-0.0687191275	-0.0543381234	-0.1285900566	-0.047550711	0.0543867367	0.0297928369	-0.0018153864	0.0346974529	-0.0087685388	-0.0581696291	-0.099152113	-0.0167548019	0.0105581088	0.0024126878	0.0997837604	0.0818647166	0.0543442699	0.020450122	0.0	0.0	-0.0731868130799568	0.0376750291465271	0.0053563096088005	0.0014194078211916	0.0785723610117656	-0.0050581417222873	2.558479768274355e-05	0.0061736159149632	0.1838011517567963	-0.0006254021075307	3.9112779610384585e-07	0.0337828633871248	-0.0025388949950177	0.0006401159279619	4.0974840123065226e-07	6.445987795725927e-06	-0.0001740089219093	0.0008105943657206	3.0279104904036864e-08	6.570632257379819e-07	0.0011882809657643	0.000181338937736	1.4120116535977376e-06	3.28838103392209e-08	0.0	0.0	0.0	0.0
58.47934723715051	0.0657747627093954	3419.8340532832235	0.0043263194094772	63.71414612653547	0.0852629740041948	4059.4924166335145	0.0072697747360399	58.15341633849501	-0.0436197212542381	0.0019026800822974	3381.819831838339	62.49222922366769	45.83642723475904	0.916729	29.907106	0.051068092047431	0.0304705295153142	0.077724919	0.0623917117	0.0196184799	-0.0165618354	-0.076595628	0.0106380801	-0.0319611359	-0.0105386219	-0.0102781078	0.0432533858	0.0136553995	-0.0969123214	0.1127526496	0.0800930928	-0.0175034551	0.0300789962	0.0327396597	-0.0692815738	0.0557836482	-0.0619219416	-0.0149816319	-0.0197368181	-0.0372567041	-0.1069244405	-0.018102589	-0.077956061	0.0240957791	0.0185401115	0.0209570945	0.1527081859	-0.0414788987	0.0535474196	-0.031980402	0.0940212673	-0.023473668	-0.1591129585	0.0944166713	-0.0576720961	0.0088783102	0.0135472627	0.1022359659	0.0796788001	0.0023498947	-0.0852995694	-0.1100245081	0.0138720147	0.1035706391	-0.0018137336	0.1870436726	-0.0039168301	0.074855153	-0.0241104582	0.0983714595	0.0179464284	0.0731888864	0.0522881606	0.2297424353	0.0131326844	0.0957999801	0.0895151371	-0.0851276834	-0.0103750386	-0.0715019778	-0.0976293336	0.1552213921	0.02178114	-0.1625336482	0.0099729958	0.0516555099	0.0167690741	0.0887566528	-0.012372759	-0.0562484673	0.0928284059	0.0062255956	0.0690138118	-0.0263416123	0.0018891106	-0.2051976953	-0.0432887589	0.0393088902	-0.0824852502	-0.0173012725	-0.1291831271	0.1146297747	-0.026461175	-0.0705239558	0.1201494674	0.0474243308	0.0568996188	0.0734375414	0.020312921	-0.0163254385	-0.0854656684	0.0079722372	0.0710983252	-0.0428820062	0.0962659821	0.0480704011	0.0276442285	0.0047172575	0.0430841683	0.0671837202	0.0151224612	0.0389422588	0.0766891397	-0.0223401515	0.0456127781	-0.0184805379	-0.1322349534	0.0007505689	-0.0829579632	-0.0435027821	0.008957704	0.0584039762	0.0390444279	0.045936131	0.0490907141	-0.0986586201	0.0560754633	0.1985842507	-0.0069879408	-0.068564935	-0.0108254311	-0.0839828877	-0.0081267543	-0.0845302243	-0.0929695528	0.0905532269	0.0822412755	0.0923364415	-0.0851591724	-0.1236013172	0.0729519196	0.1224529665	0.0267242942	0.0353054874	-0.1219701232	0.0072552926	-0.0733044302	0.0670626139	0.1267918392	0.0443482539	0.1568209732	0.0087780652	-0.1578467708	0.0068766519	0.1428670072	0.0707792579	-0.0776280166	0.1592359323	-0.0657492786	0.1039531723	-0.2342552503	-0.0776743734	0.1038086599	0.0574139829	-0.0560608954	0.0777405209	0.0457842587	0.0433369585	-0.0556299673	0.0448726227	-0.1124441074	0.0405169424	-0.1690022735	0.0445042227	-0.0100291626	0.1073322052	-0.014230578	0.0785415375	0.0645849796	-0.0464357642	-0.043592316	0.0874071634	-0.0557127615	-0.031431017	0.0302927266	0.0151757193	-0.0786458238	-0.0551756719	-0.0625626626	-0.1379681593	-0.1036907666	0.0547299442	0.0625804331	-0.0904736702	0.0059220974	0.0592207677	-0.0099164527	0.0545898165	-0.1052290518	0.0685671884	0.1298539286	-0.1021353297	0.0991370163	0.0794373376	0.0494515946	0.0130625369	0.0	0.0	-0.0730165515918628	0.000170261488094	0.0053314168063671	2.898897432798353e-08	0.103153025004417	0.0245806639926514	0.0006042090423196	0.0106405465675618	0.1838734516792257	7.229992242940853e-05	5.22727878329849e-09	0.0338094462324325	-0.0025530025742501	-1.4107579232400072e-05	1.9902379179844583e-10	6.517822144127638e-06	2.0558824225247463e-06	0.0001760648043318	4.2266525352462194e-12	3.0998815324403735e-08	0.0015230059150852	0.0003347249493208	2.319547017384507e-06	1.12040791697879e-07	0.0	0.0	0.0	0.0
58.54183632801493	0.0624890908644175	3427.1466006560886	0.0039048864770614	63.61567607128115	-0.0984700552543174	4046.954242006173	0.0096963517817883	58.22378641308713	0.0703700745921196	0.0049519473981004	3390.00930427679	62.50092350768719	46.41355966412744	1.055789	34.443775	0.154595703862244	0.0920853432009723	0.1531709066	0.0935598909	-0.1111833786	0.1371947563	0.0786883579	-0.1698277941	-0.0340525061	-0.0114499519	-0.1295296696	0.0376426657	0.0141744859	-0.0326119845	0.0011425981	0.0773954899	0.1206697367	0.116578177	0.0975614292	0.0485438354	0.0464658166	-0.0078504083	0.0025302862	0.0478582469	-0.1350037509	-0.0451413405	-0.0436743958	0.0207928906	-0.0029907597	-0.0188847391	-0.0191692873	0.1004085814	-0.0467597505	-0.0266731657	0.0232713298	0.0860090696	-0.0775278544	-0.027400667	-0.0789826475	0.0437370756	-0.069591874	0.0008742501	-0.1660871269	-0.0563482985	0.1009349237	-0.1823343576	0.0632779938	-0.0003563697	0.0224067016	-0.1482394398	-0.0678181306	-0.004961668	0.0702575552	-0.001604176	-0.059469807	0.02383661	0.0370791644	0.0055879087	-0.0235118658	0.0990260672	0.0366314894	-0.1524064236	0.1253893467	0.0268163342	0.0082519723	-0.0158111408	-0.0339484521	0.0767905537	-0.0024433503	-0.0869426453	0.0021079537	-0.066140812	-0.0397894529	0.0013375658	0.1386283869	0.0551936622	-0.0855516376	0.025989368	0.0155612315	0.0437398505	0.093421311	-0.0578091884	-0.0023346406	-0.0757183246	0.0878937037	0.0444546713	-0.0417163421	0.0962915601	0.0015930665	0.0890798894	0.1271486192	0.1801562523	-0.0388785755	-0.1273237772	-0.0054034036	-0.0654516997	0.0446049787	0.0751891487	0.0253096455	-0.1038859051	0.0071928634	-0.0484882024	0.0294695392	-0.0472106412	0.1102010775	0.070246114	0.0503882911	0.0668996127	-0.0337568159	0.0253410142	0.0375528551	-0.1068997574	0.0161561085	0.1292403231	0.0523451835	-0.1475534807	-0.1862216093	0.0647968666	0.1635049024	-0.0537277945	-0.0034190635	-0.0039473509	0.1388891196	-0.0577577648	-0.0326290879	0.0970981296	-0.0482324309	-0.0438640633	-0.0942968038	0.079027646	0.0314746036	0.070737606	0.0281036483	0.0241757587	-0.1053233386	0.11886332	0.0546083997	-0.0512734244	0.0104022847	-0.0374379115	-0.024819341	0.111356465	0.0401278574	-0.0929343592	0.057301987	-0.0302775774	0.0631791131	-0.0411179674	-0.0268350989	0.0633453079	-0.0917485266	0.019374806	-0.0733865992	0.0363689033	0.0270860148	0.12045479	0.079211433	0.1331803997	0.0887055533	0.0549751467	0.090547115	0.0558439469	0.0175753716	-0.0066057385	0.0092060948	-0.085136235	0.0633860232	-0.0147325981	0.0538039365	0.0639686832	-0.0092035725	-0.0151500113	-0.0038504633	0.1229749009	-0.1151870781	0.0043249852	-0.0039936107	0.0559033685	0.0360267828	-0.2020480054	0.1674675084	0.1111970592	0.0323582566	0.0449707111	-0.2028999556	0.0467219516	0.0400326777	-0.0161861752	-0.0480905276	-0.0782563421	0.0689559651	0.0596679874	-0.0049011695	-0.0004988906	0.0282243634	0.0551689635	0.0045680162	0.0984593917	0.0769109895	0.0444203137	0.0056098749	0.0	0.0	-0.103387351765491	-0.0303708001736282	0.0106889445050813	0.0009223855031864	0.0971565373243237	-0.0059964876800933	3.5957864497510844e-05	0.0094393927448527	0.184859972222867	0.0009865205436412	9.73222783026305e-07	0.0341732093302391	-0.0031967937288103	-0.0006437911545602	4.1446705068995537e-07	1.0219490144560864e-05	-0.0016468581136928	-0.0016489139961153	2.712141646635807e-06	2.718917366585009e-06	0.0014708731564631	-5.213275862209991e-05	2.163467842403723e-06	2.717824521550132e-09	0.0	0.0	0.0	0.0
58.455718752739415	-0.0861175752755158	3417.0710548993707	0.0074162367713341	63.52216344819104	-0.0935126230901133	4035.065249138697	0.0087446106771935	58.14217850129069	-0.0816079117964463	0.0066598512677765	3380.512920875949	62.42773431664152	46.468022312094746	0.9518390000000002	31.052538	0.1214177545981319	0.07132853529197	0.1253403974	0.1035785442	-0.0631380126	0.0672642422	0.0003997385	-0.1698299431	-0.0256578573	-0.0619190421	-0.1225990351	0.0416657859	0.072220001	-0.0996226028	0.0036143561	0.1065285886	0.0308896762	-0.0518731014	-0.0195616515	0.0150245287	-0.1244339517	0.0108348354	0.0603480606	-0.0511989736	-0.0483814002	-0.0748922546	-0.0321137932	-0.0973725704	-0.0123960204	-0.0219544732	0.0607651492	0.0767513425	-0.0313366759	0.0810701287	0.1847576766	-0.0883052753	-0.0380687779	-0.0244287998	0.0503808884	0.0189423845	-0.0321838608	-0.005195655	-0.2058154488	-0.0168508191	-0.0655384301	-0.1558717642	-0.0041748655	-0.0091237404	0.0953242591	-0.0203947216	-0.0365605458	0.0214361349	0.02763286	0.040591383	-0.1150165188	0.052880577	0.0626786279	-0.1892855219	0.1108654807	-0.0405459475	-0.0237308403	-0.0578315247	-0.0530099468	0.0154134191	0.0647515226	0.1783029346	0.0653407079	-0.110730152	-0.0399898756	0.1819772637	-0.0106859247	-0.0796344259	0.0157785371	0.0442736194	-0.1464290782	-0.1952873647	0.021379954	0.0737755787	-0.0834817621	0.0658024285	-0.0676775258	-0.0285438314	-0.0904377727	-0.0560242555	-0.0166230038	-0.0450006455	0.0166883578	0.0081799765	-0.1311833077	-0.0498518606	-0.0024530313	0.1388003333	0.0969545172	-0.0446154731	0.0383390389	0.1052875821	0.0257145593	-0.0566786623	0.0073058405	-0.0880907522	0.0267085861	0.0442176537	0.0225791561	-0.001647632	0.109751104	0.0349168965	0.0901608461	0.0479605029	-0.0615798561	0.0079510134	-0.0120954857	-0.0734174153	-0.0398399055	0.059864949	0.0007210063	-0.022004311	-0.1182840846	0.1139552606	0.178568206	-0.0073032378	-0.0962848816	0.0407739617	0.0479381449	-0.1155428314	0.0586053773	0.0907212558	0.0683443588	-0.0227368601	0.0713963292	-0.0741034581	0.0616445433	-0.0174729834	-0.0054532248	0.1736459075	-0.0282829682	0.0949781552	0.0345656215	-0.0711847538	0.0621376407	-0.0033480832	0.0935143082	-0.0346609088	0.101784946	-0.0053422882	-0.0036461571	-0.1947631091	-0.025046484	0.031122417	0.0144485196	0.0366915203	0.082333535	-0.0228997796	-0.0922390233	0.125096611	-0.07383634	-0.0098657484	0.0192855762	-0.1098287739	-0.0090164185	0.0259762553	0.1909111938	0.0634853704	-0.091917815	-0.05100014	-0.0792070477	0.0982741216	-0.0265693195	0.0273421377	-0.0634653323	-0.0112836881	-0.0976710022	-0.1460819926	-0.082096697	0.1047421537	-0.0922776643	-0.0259091396	0.0146621649	0.0379013736	-0.0125216906	-0.0851069034	0.0949275846	0.1449300284	-0.1105978279	0.1001584235	-0.1152941451	-0.087399863	-0.1924187147	-0.0653474778	-0.0345610189	-0.1596484337	0.1020837782	-0.0480807837	-0.0253297896	0.1134704093	-0.0184869563	0.0643321247	-0.0465810581	0.0977510977	0.0742888199	0.039264529	-0.0018707352	0.0	0.0	-0.0915258494440252	0.0118615023214658	0.0083769811164503	0.0001406952373221	0.093760706562179	-0.0033958307621446	1.1531666565128236e-05	0.008791070095039	0.1840960996720255	-0.0007638725508414	5.83501273929073e-07	0.0338913739144523	-0.0024591637306876	0.0007376299981227	5.440980141304944e-07	6.047486254329356e-06	-0.001904444561549	-0.0002575864478562	3.6269090880135626e-06	6.635077811917486e-08	0.0003581586231684	-0.0011127145332947	1.2827759934988393e-07	1.238133632605242e-06	0.0	0.0	0.0	0.0
58.484765275539885	0.0290465228004705	3420.467769334996	0.0008437004867982	63.54796090922748	0.0257974610364399	4038.343335720704	0.0006655089959266	58.288595401502974	0.1464169002122872	0.0214379086677748	3397.560353880114	62.42254505303193	46.76222573469608	1.023896	33.403301	0.1505112264738386	0.0767713870680401	0.0654364975	0.1279559359	0.0732122292	0.0061302758	-0.10473912	-0.0355350306	-0.0042539627	-0.0290373509	-0.0681365337	0.0589462296	0.0525467411	-0.0353292002	-0.0361961373	0.1116019546	0.0691009458	-0.0590455355	-0.0408721123	-0.079865439	0.0311927363	0.0104998887	-0.0758509711	0.0712500404	-0.0613541029	0.0834473471	0.154966394	-0.1143634703	-0.0604363403	-0.0081856271	0.0134094188	-0.0458450695	-0.0347296713	-0.0010780231	0.06898764	0.0390939312	0.0587398859	-0.0652204535	-0.1013693154	0.088529715	0.0898115335	-0.0303938596	-0.0441785716	0.0128180214	0.1479454814	0.0381874829	0.1148825969	-0.1043608377	0.0090677356	0.0146755742	0.1812920581	-0.0116320377	-0.0487857615	-0.0426824899	-0.1003936705	0.0519362346	0.0081132011	0.0224717441	-0.0631803972	-0.0104475856	-0.1993793465	0.0830470318	-0.0078555967	0.0032439589	0.0508438307	-0.0962036243	-0.0055390055	0.0089480637	-0.0899799352	0.1415388855	-0.0028900409	0.0530748342	0.0560685163	-0.1484826635	-0.0465520367	0.0075244524	-0.0840143173	-0.0293393346	-0.0333660773	0.1262493294	0.0463929455	-0.0454587083	0.0753507362	-0.0443089919	0.1011249888	-0.0201063709	-0.0544215563	0.1053540426	0.1850241866	-0.0986865769	0.0114630019	0.1011946889	0.0755096866	0.0845176434	0.0028115194	-0.0403766785	0.1117496229	-0.0125647234	-0.0568383489	-0.0002735067	0.0575490026	0.1111482838	0.1067539289	0.0133764683	0.0767657008	0.0249439881	0.0760383181	0.0225325456	-0.0876458892	0.0705820491	0.0068790625	0.0228534377	-0.0167941896	0.0650949528	0.0004023136	0.0251898783	-7.99688e-05	-0.104205003	0.2322028582	0.0181288676	-0.0589549523	0.0332844679	-0.0462986708	-0.0802310083	0.0771746268	0.0396093927	0.0300456236	-0.0294718282	-0.0719343605	0.0594668886	0.0965430029	-0.1372128443	-0.0343824815	-0.0243528524	0.1016711198	0.0398362798	-0.0210704842	-0.056635683	-0.0524828684	0.0517895325	-0.0895635033	-0.1616209671	0.0520717842	0.0551477457	-0.02632717	0.0842137408	0.0220804147	-0.1488944118	-0.0104304698	0.0047538835	0.0416476229	0.1198923957	-0.0368258018	0.1177395298	-0.1005908453	0.0563775364	0.0203797996	-0.1675803842	0.0408852994	0.0341167877	0.1546919661	0.0164533233	-0.1005824018	-0.0183569543	-0.0462990518	0.0517855107	-0.0862484945	0.0451828824	0.071616174	0.0535644682	0.0597845244	-0.0545947244	0.08365268	0.0756335139	-0.0965816535	-0.0348173036	0.0797189282	-0.0950716209	-0.1178653071	-0.0324226777	0.1093993087	0.109058525	0.0413085224	0.0300415641	0.0317046806	-0.0471236481	-0.0008057951	-0.0875400371	0.0578843283	0.0098844888	-0.0241014872	-0.0998612714	-0.0163692592	0.0002853137	-0.0216633826	-0.0665834778	0.0921280839	0.0970123549	0.0715740957	0.0339986915	-0.0093420254	0.0	0.0	-0.1450869515190476	-0.0535611020750224	0.0210502235010904	0.0028687916554909	0.0638196875967764	-0.0299410189654025	0.0008964646166865	0.0040729525249501	0.1728820670504518	-0.0112140326215736	0.0001257545276377	0.0298882091076369	-0.0029478278632722	-0.0004886641325845	2.387926344746593e-07	8.689689111483943e-06	-0.0013733901310863	0.0005310544304627	1.8862004521652445e-06	2.820188081140627e-07	0.0002619757299789	-9.61828931895e-05	6.863128309797751e-08	9.251148942302768e-09	0.0	0.0	0.0	0.0
58.489661222924326	0.0048959473844405	3421.0404699724577	2.397030079121023e-05	63.52536474974673	-0.0225961594807486	4035.471966588364	0.0005105864232794	58.24092882075605	-0.0476665807469274	0.0022721029201033	3392.0057899043723	62.42967601224921	46.73575205215692	0.899698	29.3515	0.0605763847872174	0.0307813314711287	0.0910109134	0.1120751753	0.0038609888	0.0145311291	-0.0310825197	-0.0424601644	-0.0063828627	-0.0600723255	-0.0798587144	0.0678287984	0.0674846568	0.0582421149	-0.0455691438	-0.0268537736	0.0537289707	0.0917103402	-0.0775229579	-0.1378993539	0.0792488166	-0.0198414824	-0.0192362901	0.1003937898	-0.0859186763	-0.0811833383	0.052913909	-0.0867933472	0.0087608626	0.0133983225	0.0145988801	-0.0585841767	-0.0103267107	-0.0480897776	-0.1935362263	0.0334885567	-0.0198201487	-0.030948405	-0.0771748309	0.0621504306	0.171240364	0.092552137	0.0133609381	0.1292593302	0.0634981967	-0.0725160268	0.0231169608	0.0605574216	-0.0797919763	0.0245865107	-0.1106809425	-0.0084833124	0.0712550849	-0.124845385	-0.176973102	-0.0078366133	0.0520146553	0.0906175662	-0.0405079543	-0.0013025166	0.0101348268	0.0186914645	-0.0335416509	-0.0756172461	-0.0001022733	-0.0466855284	-0.0315948724	0.0007521436	0.0277738206	-0.0460738577	0.080788504	0.0240538298	0.0778902079	-0.1026369247	0.078204305	-0.0707101749	-0.0350719631	-0.0295159582	-0.0207664792	0.1772285668	-0.0619781185	-0.0513241335	0.0363986594	0.0224470511	0.0009297532	-0.0779956321	0.0060167817	-0.0338900192	-0.0453601023	0.0309652273	0.0778740699	0.0165735026	-0.099319218	0.0139574536	0.1057771839	0.0475729304	0.0157688527	0.0125668008	-0.0461484512	-0.0656974619	0.0806852721	-0.0232044776	0.1157950855	-0.0109083064	0.0961684592	0.0193559437	0.0878970535	0.0176152004	-0.0914173502	0.0628835913	-0.0154387778	0.0675206339	0.0271014959	0.094226589	0.016592567	-0.1026377963	-0.0433617348	-0.0855104935	0.0954306687	0.0260464996	-0.0237591069	-0.0092787363	-0.113996665	-0.0095714431	0.0619474449	-0.0557002702	0.128380564	-0.0357690796	-0.0065948804	0.071124772	-0.0383744883	-0.2263534537	0.0420185611	-0.0332853828	0.0323909924	0.0166510336	-0.0357164907	-0.0324834354	-0.1004022228	-0.0177498304	-0.0685524824	0.0108658767	0.0065179518	0.0667053969	0.0303188605	-0.0752454909	0.0286449339	-0.164022846	-0.0194821074	0.1156997039	-0.0364999157	0.1076461957	0.0310266511	-0.0780005277	0.0796290935	-0.0031464863	-0.0537367012	-0.0440759271	0.02622792	-0.0070538809	0.0876912265	0.0358806406	-0.0169161903	0.0993880571	0.0287521933	-0.0141405824	-0.0032387566	0.0227426231	0.1217061993	-0.0672854975	0.0006625604	0.0857879193	0.0683114281	0.0876726279	-0.1078967455	-0.0568382784	0.0366351073	-0.043251613	-0.097712321	-0.1059898837	0.1151044655	0.0922612431	0.0752615992	0.0404081168	0.032720458	0.0656999945	-0.0194802662	-0.0540763158	0.0463103314	-0.0259706123	-0.023228171	0.0034625626	0.0622744976	0.0545262885	0.0209787804	-0.2015580325	0.1732880831	0.0962433935	0.068770199	0.0286375605	-0.0167667741	0.0	0.0	-0.1453613126098503	-0.0002743610908026	0.0211299112036586	7.527400814644709e-08	0.0800247148790447	0.0162050272822682	0.000262602909219	0.0064039549914723	0.1839415206559849	0.011059453605533	0.0001223115140529	0.0338344830212361	-0.0029570588529245	-9.230989652300042e-06	8.521116996087044e-11	8.74419705965916e-06	-0.0017029164824802	-0.0003295263513939	2.899924546302737e-06	1.0858761626297607e-07	-6.0017785147166566e-05	-0.000321993515126	3.602134533971447e-09	1.0367982378324045e-07	0.0	0.0	0.0	0.0
58.41730878224958	-0.0723524406747486	3412.5819653606936	0.005234875671593	63.44996908478012	-0.0753956649666065	4025.898576859553	0.0056845062957567	58.13737578811397	-0.1035530326420755	0.0107232305693707	3379.9544635283805	62.37472908156837	46.32168646745904	0.925762	30.201817	0.1103890702471911	0.0526865221067696	0.0850513804	0.101701523	0.0166508529	-0.0314917344	0.008122907	-0.0084033239	0.0003765965	-0.1089307426	-0.0357250825	0.0460206619	0.0856427161	-0.0233987475	0.0223931947	0.0281415963	-0.0396301772	0.0511935126	-0.0575241306	-0.1863180803	0.0068927065	-0.050525443	-0.0057125968	0.0766354609	-0.0552254634	0.0479473037	-0.0806065722	0.0044663712	-0.0515289689	0.0546383655	-0.0378537367	-0.0315022329	0.0115505848	-0.0671280878	-0.0407242332	-0.0313870035	0.1033598898	0.12597608	-0.1706554136	-0.0031047492	-0.0736901128	0.0546739074	0.1659428926	0.1140517302	0.037081266	-0.0306883429	-0.1530933436	0.0860922104	-0.0429380413	-0.0075003294	-0.1435902565	0.0981561158	-0.042583598	0.02503645	-0.022665295	0.1574363211	-0.0643200078	0.1065651753	0.0710122153	-0.0129787885	-0.0070249918	0.0833181876	-0.0399749946	0.1226057986	0.0216009196	-0.1226774272	-0.0592081	-0.0641778344	0.03977233	-0.0350472925	0.1581788326	0.05595793	0.0577556231	0.0961280954	-0.0937132248	-0.1577933287	0.0289366432	-0.0081070051	-0.0189757504	-0.0662014464	0.0398677943	-0.0289618145	-0.139169538	-0.0420111356	0.1206086428	0.0049300739	0.015785225	0.074092528	0.0159784929	0.0751831198	-0.0494797948	0.1285536476	-0.1015999335	-0.029538688	-0.0945034514	0.1007860556	0.0091002501	0.034830186	0.1149223893	0.0668219191	-0.1020828205	-0.0596920351	-0.0320361863	0.0630586158	0.0817636158	0.0032239978	0.0772267619	-0.0002407769	-0.0766001297	0.0817666492	-0.0156691541	0.0496851099	0.0490777108	0.0172967567	0.0585891989	-0.0277314397	0.0391421875	-0.0281644353	0.0484244718	0.0555010767	-0.1129679602	-0.063594186	-0.1132829517	-0.0336229941	0.1314977202	-0.1271635672	0.0840093605	-0.0267248439	0.0256335036	0.0211353267	0.0345899827	-0.158338802	-0.025454776	0.1344168334	0.0383468303	-0.0625643971	0.0173688193	0.0670125515	0.0530498382	-0.0225745136	-0.0080334579	0.0823782168	-0.016621256	-0.1234214544	0.0250609164	-0.0175885397	-0.0111779848	0.045181309	-0.0163634267	-0.0863889868	-0.0454935125	0.0901507532	0.0650556293	0.0609886117	0.0542179152	-0.0998797697	-0.0651427449	-0.0383456786	0.0034514482	-0.0322907061	-0.0145679319	-0.0392051916	0.1239647195	-0.0148001585	-0.0846736705	0.0003119349	-0.0903412072	-0.0474165296	-0.0707590029	-0.0880013454	0.0770461927	-0.034056397	-0.1904295021	0.0774488903	-0.0752967875	-0.0516264773	0.0371300658	-0.0322225005	-0.0839769502	-0.0562161889	0.035430064	0.032849124	-0.015235712	0.0964335673	0.0044631929	-0.0954621444	-0.0948930067	-0.0294882551	0.0074331091	-0.0870029599	0.0144152277	-0.0949820177	0.0853107643	0.0236330057	0.0061961916	-0.1418666049	-0.0241127308	0.0954444529	0.0658806233	0.0231961626	-0.0241079916	0.0	0.0	-0.1099837703348214	0.0353775422750289	0.0120964297370627	0.0012515704974214	0.0872356117651662	0.0072108968861215	5.19970339022768e-05	0.0076100519600428	0.1838766652398575	-6.485541612741286e-05	4.206225001059883e-09	0.0338106280197306	-0.0023477645230992	0.0006092943298253	3.712395803572616e-07	5.511998255923213e-06	-0.0013659104095131	0.000337006072967	1.8657112468162445e-06	1.135730932167063e-07	0.0003483973254587	0.0004084151106058	1.2138069638677536e-07	1.668029025712022e-07	0.0	0.0	0.0	0.0
58.32973341919604	-0.0875753630535385	3402.357800754475	0.007669444213959	63.28487244984158	-0.1650966349385427	4004.9750809927177	0.0272568988680304	58.19545116486689	0.0580753767529174	0.0033727493849932	3386.710536282407	62.29890317757848	46.49802035310682	0.949614	30.97995	0.1015372438949756	0.047325925151913	0.0357593722	0.0979522731	0.0002243654	-0.0605239961	-0.094075498	0.0443397253	0.0473524224	-0.0726064804	-0.0068106119	0.0114166221	0.0705195076	-0.0198359549	-0.0404741204	0.0326588649	0.0812903849	0.0676147067	0.005132466	-0.0531719251	-0.0270514016	0.1249322227	0.1009855666	0.0410568549	0.0470318126	0.0427701763	0.112708806	-0.0262236415	-0.073395949	-0.0808464487	0.0077755907	-0.0536543735	-0.0967612858	0.0783253851	0.1227924248	-0.0074957614	0.1554064215	0.1751266763	0.0289787379	-0.0075767658	0.0718153533	0.0114907477	0.1340721734	0.1565606717	-0.0126224365	-0.1348790528	-0.0054807942	-0.0800017404	0.0910000598	0.0029575786	0.0416549447	0.0294785325	0.0866296964	-0.0952532112	0.1351894674	-0.0652186314	-0.0148563405	0.0038257928	-0.0782151499	-0.0109192331	-0.041106986	-0.0754111179	-0.0544504066	0.08750625	-0.0872999321	-0.0947774748	0.0080187723	-0.0189117968	0.0620646315	-0.1036219854	-0.0353397499	-0.0619255001	-0.0035884934	0.0534299189	0.0510219817	0.0876069316	0.064852184	-0.0531898755	0.0324435103	-0.0684358634	-0.0144337642	-0.0883074569	0.0116986652	-0.0378278389	0.0392397925	0.1543292835	0.0565826097	0.0103732673	-0.0032870138	-0.002965466	0.04046532	-0.0854983513	-0.0303244553	0.1137471202	-0.0262452827	-0.037593221	0.1160406608	-0.0649421465	0.0012793242	0.0678220144	-0.0180918315	0.0811931439	0.0192787056	-0.0116866125	0.0600041884	-0.0290956833	0.0792306189	-0.0505945742	-0.1245874723	0.0435303036	0.0014135357	0.0145722905	-0.0208456687	0.0346833146	0.0116896328	-0.0387839624	0.0900308824	-0.1226821842	0.0940869976	0.037701267	0.0292135441	-0.0710157459	0.0213280694	-0.0074689525	0.0547837752	-0.0372448907	0.0539085246	0.0374627967	0.0485081207	-0.0541338927	0.0689910927	-0.0052059097	0.0445791409	0.0132335524	0.1588864285	0.0541750758	-0.0243109072	-0.0507092801	0.0131008408	0.0137500676	-0.0469258112	0.0273762014	-0.0813059181	-0.1397614686	0.0105205246	0.0695860455	-0.0685771316	0.0474634142	-0.0663323863	-0.1462542567	-0.0164103266	-0.1630260864	-0.1023067168	-0.1316325239	-0.0074123383	0.0626808528	-0.1397543493	-0.0594397189	-0.0447367581	0.166460141	0.0385271577	-0.120834311	0.1659719002	0.0081428402	-0.022685746	-0.0764480059	0.0294366795	-0.0391443508	-0.116777923	0.05076655	-0.0008352997	-0.0203118732	0.064497532	0.0461338116	-0.0573220461	-0.0474228966	0.0626578044	-0.0635344039	-0.101260267	-0.0633035457	0.0362757961	0.0037248748	0.0038152175	-0.0347064016	0.0311636564	-0.0131980356	0.0699225412	-0.0723774679	-0.0185015289	-0.0071957444	-0.0106881295	-0.1205701283	0.0498704001	-0.0120285449	0.1099652453	-0.0429139016	0.0510957263	0.0946157819	0.0629089685	0.0176897492	-0.0313291043	0.0	0.0	-0.1278572227704018	-0.0178734524355803	0.0163474694145601	0.0003194603019669	0.103929879784971	0.0166942680198047	0.000278698584717	0.0108014199121185	0.159664901541717	-0.0242117636981404	0.0005862095013745	0.0254928807843261	-0.0018332979115743	0.0005144666115248	2.646758943739122e-07	3.36098123258269e-06	-0.0010608526564055	0.0003050577531076	1.1254083586026058e-06	9.306023273105744e-08	0.0003840281556552	3.5630830196500016e-05	1.4747762433593454e-07	1.2695560604918171e-09	0.0	0.0	0.0	0.0
58.31791181870795	-0.0118216004880906	3400.9788388945963	0.0001397502381	63.36090715746035	0.0760347076187741	4014.6045558163114	0.0057812767626724	58.13516632042801	-0.0602848444388754	0.0036342624690194	3379.697563103828	62.3268086948182	46.191147194368014	0.890092	29.038103	0.1119398848088666	0.0501624849179626	0.0616243773	0.0885676739	-0.0464619865	-0.0296551527	-0.1111742674	0.0305573853	0.0293776052	-0.1191791457	-0.0377337151	0.01457128	0.0908400848	-0.0155215444	-0.0360480696	0.0079379084	-0.0432886924	0.0599862247	0.0823600727	-0.0473623518	-0.0683244799	-0.052974863	0.1591573512	-0.0507754858	0.002855642	-0.0391673279	0.0568049468	-0.0209698396	-0.09903754	-0.2432256108	-0.1324697686	-0.0336224166	0.0780532549	-0.0427932598	0.0333182431	0.0850192136	-0.0821493152	0.102547591	-0.00397505	-0.0695058382	-0.0801362947	0.0330800407	0.0929910542	0.0252036851	0.018559465	-0.141841753	0.059285431	0.2042227208	0.1955938421	0.0280017686	-0.0463700633	-0.155957393	-0.1345087003	0.0879955225	-0.0202348205	0.0163800089	-0.079638404	-0.0617297177	0.0966466238	-0.0893690425	-0.0563299667	0.0808846907	0.0613890988	-0.0017475268	-0.0423429876	-0.0123280925	-0.0495423869	-0.0717352997	0.0971638192	-0.0552335193	-0.0170041679	0.0193531313	-0.0029224869	0.0435940903	-0.0600912426	0.1121650647	-0.0695874261	-0.0627166051	0.0855413534	0.0386526837	-0.0391941705	-0.0553105004	0.0817688999	0.018724869	0.0407165459	-0.0335279062	-0.0496191191	-0.0012729015	-0.061088821	-0.1106910045	0.1474439353	-0.0299681376	-0.0164395324	0.0132621868	-0.090812798	0.1279971095	0.029643231	0.1322314517	0.0371582639	-0.0897538628	-0.0040210818	-0.0530794806	-0.124120985	-0.0468206517	0.0731430588	-0.0305718309	0.0747498866	-0.014559442	-0.1114496039	0.02191332	-0.0344095332	-0.0476422806	-0.0010665933	0.0969933317	-0.0077264996	-0.0598756109	0.0874300034	-0.0601552752	0.0497426241	0.0266935086	-0.0112355954	-0.029434727	0.0745862234	0.0479747748	0.0852913439	-0.0595876224	-0.1014051549	-0.0633402204	0.0327349633	-0.0585959065	0.0859316596	0.0625567174	0.0391529638	0.0252813046	0.1059886893	0.0821650493	-0.0721373275	-0.0518207012	0.0132699376	0.0126676531	0.0515252455	0.0537662435	0.0222137303	-0.0449531401	-0.0119881983	0.1026319223	-0.1090188477	0.1045901126	0.0188055261	-0.0409618572	-0.0345067867	-0.0937341536	-0.0055162121	-0.0609637264	0.0759495743	0.036920241	-0.138821908	-0.0272510407	0.0442576289	-0.0435305549	-0.0458481166	0.0044892219	0.119589974	-0.1072698492	0.1920062166	0.0312852723	-0.0835057144	-0.1252428462	-0.0361635549	-0.031008322	0.0643251017	-0.032750623	0.0502924921	0.0647999288	-0.056472233	-0.0595446877	0.0716492441	-0.018846685	-0.0604604187	-0.0692137685	0.0842406438	-0.0221870736	-0.0350081883	-0.0640646198	-0.0028844952	-0.0231281743	-0.0243464428	0.0856862005	0.0147704474	-0.012707285	-0.0159205158	-0.0425345409	0.0265532144	-0.1229078118	-0.0486878893	-0.0323346289	0.0927227088	0.0937576389	0.059858937	0.012133754	-0.038394137	0.0	0.0	-0.0986812513411194	0.0291759714292823	0.0097379893662491	0.0008512373088423	0.0835327679398574	-0.0203971118451136	0.000416042171622	0.006977723319694	0.1829610166231177	0.0232961150814006	0.0005427089778858	0.0334747336037647	-0.0022641970604527	-0.0004308991488784	1.856740765041296e-07	5.126588328562648e-06	-0.0009622215996782	9.86310567273e-05	9.25870406887274e-07	9.728085351143873e-09	0.0006359116791109	0.0002518835234556	4.043836636296442e-07	6.344530938845817e-08	0.0	0.0	0.0	0.0
58.38513258605797	0.0672207673500224	3408.8237070915684	0.0045186315631258	63.48854310851442	0.1276359510540672	4030.795106041694	0.0162909360014762	58.08952894738909	-0.0456373730389216	0.0020827698178936	3374.3933733295557	62.38703632343171	45.81293881393134	0.889355	29.014074	0.0288034128376842	0.0172441894179091	0.0610935676	0.0723790031	-0.0324808898	-0.0317671127	-0.0382374998	0.0222801257	-0.0332019052	-0.0838025696	-0.0100113959	0.0060853843	0.0525740638	0.0061891242	0.0795134096	-0.0813443028	0.0014466595	-0.0331148912	-0.0721225558	0.0221888377	-0.1022389546	-0.0511436748	0.092629499	0.1520220379	0.0358069144	0.0594978391	0.0784866791	-0.02431011	-0.0660366072	-2.64645e-05	-0.1195279151	-0.0728033081	-0.0012570788	0.0899309128	-0.127737177	0.0272306044	-0.0986907795	-0.103901341	0.0039217701	0.0281325028	0.0653919675	0.0572983835	0.0681750586	-0.0113183752	-0.090830285	-0.1661412484	0.0629725428	0.1438490611	0.0535640676	-0.1054861906	-0.0236233188	-0.0932632374	0.0680741846	-0.0833977116	-0.0398330387	-0.0026192087	0.0185222704	-0.0607234772	-0.0616211306	0.1271446633	-0.0521932333	-0.05351619	-0.0570382697	0.0403676848	0.0223010173	-0.074758653	0.0083536669	0.0005557894	-0.0701901591	-0.0488935113	0.0666855445	0.0672963713	-0.1564583189	0.0071190849	0.0647144671	-0.0257043038	-0.0643382623	0.0919196027	-0.0012109834	0.1558686834	0.1237920665	0.003873606	-0.0357815046	0.0327919548	0.1206988848	-0.004646497	-0.0124962836	-0.0153571656	-0.0950670409	0.0540437512	0.022664316	-0.0680342572	0.0613022191	-0.0387393984	-0.0660252874	-0.0537338288	-0.064577877	-0.0456884213	0.0061345992	0.0466557481	-0.0333545067	0.0951361296	-0.0043151192	-0.04691385	0.0545453068	-0.0061305124	0.0591446003	0.0080977825	-0.1133577313	0.0694458189	-0.0070348216	-0.0321681528	0.009459154	0.036212748	0.0800282243	0.0420541814	0.0599863425	-0.0091692062	0.071832878	-0.0063843819	-0.0148715632	-0.0190153618	0.0107243925	0.0106612273	0.1281708047	0.0308254637	0.0159745219	-0.0123006667	-0.0235391068	0.0277522137	-0.0227074875	0.0338122792	0.0154470069	0.0994434774	-0.0402901486	-0.0038208136	-0.0091184343	-0.0658263878	0.0773537308	-0.002865778	0.2265029551	-0.0254653159	0.0091520385	-0.0059415188	0.012645911	-0.0119434679	-0.0540915451	0.1190228113	0.0073238422	-0.0308041137	-0.0628357163	0.036785268	-0.0034877843	-0.0912448823	-0.0554865746	-0.1425389101	0.135502201	0.0826090244	0.0492973508	-0.1436237608	-0.0100605197	-0.0689583415	-0.1452328454	0.0056037639	0.0082188508	-0.1112010866	-0.0636347554	0.0544694179	0.0168641	0.06856323	-0.0907058063	0.1492093173	-0.0277995176	0.0501028149	-0.0511396558	-0.0619398806	0.0739308688	-0.0162915597	-0.0611842823	-0.0409530124	0.0328037556	-0.0078202834	-0.0280401237	0.0370772371	0.0906350422	-0.0896118437	-0.0354104793	-0.0017908752	0.0505739519	-0.0285559644	-0.0159879262	-0.0163233768	0.0168034829	-0.0508845336	0.0616514845	-0.036430518	0.0347619355	0.0928702909	0.0567343287	0.0065437496	-0.045267892	0.0	0.0	-0.0987189882125534	-3.773687143400484e-05	0.0097454386337102	1.42407146562661e-09	0.0876220623291317	0.0040892943892743	1.6722328602150275e-05	0.0076776258068102	0.1756945713172868	-0.0072664453058308	5.28012273826319e-05	0.0308685823903651	-0.0019771671086267	0.000287029951826	8.238619324523603e-08	3.9091897754352645e-06	-0.0009621901374226	3.1462255599954726e-08	9.25809860553322e-07	9.898735274368825e-16	0.0006970489904522	6.113731134130003e-05	4.858772950904312e-07	3.737770838043053e-09	0.0	0.0	0.0	0.0
58.4041323128435	0.0189997267855304	3411.04267121613	0.0003609896179248	63.45409593082723	-0.0344471776871913	4026.4222903986247	0.0011866080506129	58.09442976165672	0.0049008142676285	2.401798048579168e-05	3374.962769332066	62.3788757272811	46.50572261806522	0.901036	29.395159	0.1110908780028817	0.0492954416706842	0.0551225599	0.1080538258	-0.0139515396	-0.027657755	-0.1118991437	0.0174421898	0.0109297797	-0.0225992493	-0.0169736542	0.0289547174	0.0282974373	-0.0473506438	-0.0231156915	0.0439386254	0.1780702146	-0.0064828313	0.1928216556	-0.0460436994	-0.0976317218	0.0806834411	0.1279265412	-0.0482616243	-0.0441873721	0.0760872462	-0.0270526542	0.0151123437	-0.0561814773	-0.1571544943	-0.0031963355	-0.0113987751	-0.1437080822	-0.0118424536	-0.0717110892	0.0882678783	0.0227520525	-0.0558526155	-0.0433440101	-0.0462676064	0.0997971548	0.1031657044	0.0314221169	0.0223991591	-0.0327678126	-0.1384469398	0.0189348442	0.0934560221	0.1419551071	0.1021905925	-0.0498906324	-0.0419382427	-0.1139447433	-0.0137685101	0.0446697552	-0.2118357977	-0.0893451644	0.0630455377	0.0853171262	-0.032731199	-0.0907798257	0.0689610038	-0.090883485	-0.1005016663	0.1194141984	0.0386914347	-0.0845614651	0.0399339536	-0.084534075	-0.0135497949	0.0472845883	0.0352018943	-0.0704672885	0.0886603849	-0.0718988102	0.0343251285	0.1968884191	-0.0954976875	-0.0710930677	0.0380697245	0.1759410108	0.1219650539	0.0244638599	-0.1414311835	-0.0494784458	0.0180098007	-0.1916292852	0.0462038553	0.0077953681	-0.0261927886	-0.0199202436	0.0415878924	-0.0362115575	-0.0029553343	-0.0996574594	-0.0813661237	-0.0792103066	-0.0826383001	-0.0563194679	-0.0533228531	-0.0062945589	0.0908948388	0.0886261527	0.0703817547	0.0639262612	0.0095852147	0.0786977437	-0.0063632354	-0.1137318371	0.0562358812	-0.0065272525	-0.0316672854	-0.0164080042	0.0860861881	0.0182626506	-0.0275578605	0.0347087963	-0.1132067773	0.0936179102	0.1204734124	0.058064271	-0.0539522846	0.0347017012	0.0779215203	0.0283883524	0.0664997518	-0.0092092336	-0.0644964672	-0.110122322	-0.0063022268	-0.0153901191	0.047931282	0.1260973279	0.0377286556	-0.0413089244	-0.0236615178	0.0005452179	-0.010296292	0.0828296013	-0.0492069919	0.0633334773	-0.0820282236	0.0144253538	0.0538846265	-0.0454627396	-0.0277921525	0.0882754633	0.1385482524	-0.0797344178	-0.10430775	-0.0888418999	0.094677388	-0.0670413571	-0.0365216707	-0.0374544189	0.1980677032	-0.0489955184	-0.0100711476	-0.0047648107	-0.012792031	-0.1533735627	0.025156049	0.0423878116	0.0301685349	0.0790630103	0.0918792699	0.0529984341	0.0165631176	0.0738617493	-0.1229917392	-0.0179023031	0.0024119375	0.1043337951	0.0605793455	-0.0654922059	-0.0572634745	0.0860628584	-0.0546261614	-0.0976988359	-0.0454593666	0.0729664219	0.0425620999	-0.0019206881	-0.0133544364	0.0405500543	0.0371992372	-0.0227344795	-0.0557092035	0.0474142594	-0.0513908607	-0.0436566417	-0.0431856585	-0.0358693294	-0.0967326359	0.0355826845	-0.0332349175	0.0625178627	0.0919540145	0.0535390365	0.000935404	-0.0519161246	0.0	0.0	-0.1252868304033825	-0.0265678421908291	0.0156967898725259	0.0007058502386767	0.0835510358846534	-0.0040710264444782	1.657325631164157e-05	0.0069807755973986	0.1846908137233711	0.0089962424060842	8.09323774290293e-05	0.0341106966738009	-0.0026158232596423	-0.0006386561510156	4.078816792300612e-07	6.842531325685668e-06	-0.0013298616076204	-0.0003676714701978	1.7685318954227148e-06	1.3518230999741177e-07	0.0002742612724358	-0.0004227877180164	7.52192455581041e-08	1.7874945450551497e-07	0.0	0.0	0.0	0.0
58.412348650332746	0.0082163374892445	3412.0024748480296	6.750820173716547e-05	63.676495392720895	0.2223994618936657	4054.696065499205	0.049461520650592	58.061493438695855	-0.0329363229608645	0.0010848013701823	3371.137020331722	62.3811652288083	46.217480752735256	0.909401	29.668058	0.1137202364220828	0.0520264126169568	0.0606901998	0.084968369	-0.0595780141	0.0022122409	-0.0320620577	-0.0500263848	-0.0354882984	-0.0256042173	-0.035358921	0.0583597491	0.0530792816	0.0373124603	0.0573334901	0.007881904	0.0079267025	0.0110043383	-0.0115412402	0.0526688699	-0.1013331718	-0.0231602882	0.0454979077	-0.0314943712	0.0150495099	-0.0799264913	-0.0378770256	-0.0788226271	0.1359524469	-0.1392414012	-0.1603208469	0.0364462873	-0.0862835009	0.1259600327	-0.0754295977	-0.0748545388	0.0414391095	-0.0269312573	0.0087394837	-0.054374894	0.0697191837	0.0080228936	0.0484200468	-0.0793551387	-0.0504728398	-0.0428849329	-0.040050226	-0.064014092	0.166622412	-0.0753803319	-0.0332940958	-0.0248111062	-0.1028086308	-0.0441579774	0.0420931244	-0.0648678096	-0.0067648254	-0.0337937189	-0.0315981296	0.0588671196	-0.0137473415	0.0105474417	0.0076422669	-0.1157526704	-0.091091697	0.0082934822	-0.0102796007	0.0086507491	0.0719911781	0.0521328845	-0.0084821763	-0.0504473404	0.1196544506	-0.0113163732	-0.0753128223	-0.0811936862	-0.0086447947	0.0250068072	0.0722410005	0.0854546378	-0.0599606628	-0.0667914255	-0.0283684119	-0.0402476821	0.0018745829	0.024517378	-0.0102960541	-0.0340802534	0.0168065619	0.0622681464	-0.0193163802	0.0159914564	-0.1815190745	0.0495929717	0.0131109784	-0.1590450341	0.0102288838	-0.0700353354	0.1583496766	-0.0072637876	0.0590314508	0.0448709931	0.0219258306	-0.0395137855	0.0490459259	-0.003278052	0.0427250963	0.0196122435	-0.1077708041	0.0342846189	-0.0146819567	-0.0539995136	-0.0086073247	0.0697585942	0.0462232599	-0.0440965496	0.0661971665	0.0145766503	0.0260872443	-0.0095312992	-0.0388714153	-0.0879602134	0.0596039173	-0.0126452215	0.0891925905	-0.0729966571	-0.0573405072	-0.0358860445	0.0676995779	-0.0295018637	0.0258127645	-0.017827942	0.078816517	-0.0172465668	-0.140927906	-0.0193310717	-0.1182130462	0.0872357162	0.0574149983	0.1006918167	0.1261887438	-0.0849431858	0.0930349636	0.1748390143	0.049120516	-0.0072751955	0.1156532362	0.0425340373	-0.0511920936	-0.0172440116	0.1013942766	-0.0020236633	-0.1417196738	0.0352282344	0.0020663315	0.0416353349	-0.0644098406	0.1086337172	-0.0011692733	0.0429727758	-0.1837003235	0.1307993742	-0.0509334614	0.0744627962	0.0076870652	0.0451808739	-0.067956827	-0.0204310186	-0.0459430043	0.0458460742	-0.0011295548	0.0948359418	0.0993886796	0.0517400394	-0.0436805946	-0.0193964494	0.0680085783	-0.0030778868	-0.0439002627	-0.1559090282	0.1163350381	-0.018454994	-0.0480191186	0.042374623	0.0227485517	-0.0256252434	0.0566784241	0.0804755009	0.0559145416	0.0534643346	-0.0393441195	-0.0341438591	0.0318160337	-0.0880119188	0.0521122584	-0.0516815056	-0.0291775545	0.0910090951	0.0502770413	-0.0046755634	-0.0583057138	0.0	0.0	-0.0933458842468297	0.0319409461565528	0.0087134541058225	0.0010202240413758	0.0856632262864849	0.0021121904018314	4.461348293589107e-06	0.0073381883378095	0.1671458416283826	-0.0175449720949884	0.0003078260458139	0.0279377323736603	-0.0020718759553233	0.000543947304319	2.958786698759069e-07	4.292669974246837e-06	-0.0007118680662556	0.0006179935413648	5.067561437544873e-07	3.819160171686069e-07	0.0003547629821262	8.05017096904e-05	1.258567734870745e-07	6.480525263077441e-09	0.0	0.0	0.0	0.0
58.61943199985747	0.2070833495247228	3436.2378079859136	0.0428835136503785	63.79927184754179	0.1227764548208938	4070.347088276538	0.0150740578583869	58.09822694175795	0.0367335030620949	0.0013493502472129	3375.403973776009	62.48873890941073	46.52217961769024	1.078559	35.18663	0.3583300825343308	0.2095472047083381	-0.0379216501	0.0422871231	0.0371915159	-0.0484427766	0.0677613106	-0.1195114524	-0.060411988	0.0780079429	-0.0022550162	-0.0314875873	0.1555656754	0.1388135776	-0.041721454	0.0148707133	0.0035748839	-0.0112025087	0.015186663	0.0422048215	0.0154103689	0.1182816055	0.15542202	-0.0087607966	-0.0688750123	-0.0300827596	0.0051761313	0.0851654724	0.233246239	-0.0231523195	-0.0276513128	-0.1346325354	0.0429243115	-0.0369004246	0.0801401395	0.0620357812	-0.0023873789	0.0551685615	-0.0225293707	0.0518878668	0.0905006178	0.0086511043	0.0153509071	-0.1623049081	-0.1401596832	0.0723335821	-0.0327579238	0.0198154256	0.0705841994	0.1496632997	-0.1116787743	0.0466069061	0.0444521238	-0.0603281863	-0.1529881075	0.0834642411	-0.1012623094	0.095025181	0.0516946587	-0.0242547163	0.056398326	-0.0679313249	0.1235667398	0.0908798188	0.0193023141	0.0505162167	0.0385151197	-0.0822849132	-0.0501486537	0.1176364956	-0.0955871637	-0.0788406662	0.0303786779	-0.1210038639	0.0266014946	-0.0388768953	0.0676192864	-0.0664373549	-0.095502915	-0.0181515389	0.0284069681	-0.0672129525	-0.0541209395	0.063161732	-0.0208685949	0.1100082555	-0.0096900458	0.0907031084	0.0231806597	0.078013392	-0.0649949633	-0.0181595288	-0.0244525606	-0.0166462191	-0.16289799	0.1046053996	-0.1531892291	-0.119032599	0.0286417151	-0.1044279473	0.1388304448	-0.0637250694	0.0473363558	0.1231586823	-0.0576456246	0.030142855	-0.1063193365	0.0027021256	-0.157179575	0.0870084831	0.2265842562	0.090097582	0.0561768354	0.1245833557	0.0891220337	0.1161315833	0.0029386554	0.027749778	0.0673053263	0.0895450078	0.1859185429	-0.1068821239	0.0167964393	0.1349909149	0.0982351227	0.0166972827	0.0030074004	0.0422872327	-0.0125152594	-0.2250165927	-0.1745942452	-0.0353026849	-0.1075765759	-0.026947828	0.1022950841	-0.1065769246	-0.1704233799	-0.081494058	-0.0895271097	0.0306897217	-0.1499168599	-0.0478982251	0.0102982859	0.137739147	-0.0060179035	-0.1124956247	0.111887565	-0.0517300441	-0.1643165544	0.1601309725	0.188772305	0.0787767219	0.0779396897	-0.0372010637	0.0156750641	-0.004814509	0.0759157777	0.0205266285	-0.0553287467	-0.0122083643	-0.0682072279	-0.0114602394	0.0176459258	-0.176357501	0.0236134284	-0.0105594165	0.0142147145	-0.0387442977	0.0906290623	-0.0420410477	0.0874514713	-0.0715876892	-0.0406626268	-0.0247110414	0.0331284772	0.1079158721	0.163038494	-0.0464476677	0.0021023429	-0.0120065852	0.0486323933	0.0703008837	0.0976833434	0.1558394171	0.2572763593	0.05762876	-0.0578328581	-0.1509234568	0.0829908892	-0.074571463	0.0066847317	-0.0221472671	0.0097031507	0.2158802493	-0.034201628	0.0166825501	-0.0052255576	0.0900358269	0.0469524072	-0.0102734258	-0.0644048267	0.0	0.0	-0.1306195960474525	-0.0372737118006227	0.0170614788715996	0.0013893295913958	0.0630354253150642	-0.0226278009714206	0.0005120173768022	0.003973464844651	-0.0295413613202697	-0.1966872029486523	0.0386858558037643	0.0008726920286547	-0.0007449290475099	0.0013269469078134	1.760788096155544e-06	5.549192858240068e-07	-0.0011845447435006	-0.0004726766772449	1.403146249354902e-06	2.234232412113738e-07	0.0001195592309119	-0.0002352037512142	1.4294409696245026e-08	5.5320804585278326e-08	0.0	0.0	0.0	0.0
58.65757142978542	0.038139429927952	3440.7106860403787	0.0014546161152291	63.97332527750448	0.1740534299626901	4092.5863470613936	0.030294596481777	58.31556632076102	0.2173393790030715	0.0472364056654407	3400.705275311077	62.57551767379081	46.37008584301769	1.037904	33.860291	0.1804380555029777	0.0813143631807498	-0.0837478416	-0.0761070028	0.0638811474	0.0410952862	0.0216698388	-0.1154354981	-0.1529709115	0.068984347	0.0535664325	-0.0832501786	0.0343933787	0.0808125162	-0.014125052	-0.0722720895	0.0235386271	0.0826577662	-0.0981007075	0.0387814008	-0.0109111654	-0.0573258997	0.1517797708	0.0402719684	-0.0365348591	0.0100006628	0.1542430931	0.0678135865	-0.0254275095	-0.005161647	0.0395117135	0.0354874806	0.0653418719	-0.0206643303	-0.1070024418	0.0745252214	-0.0570021921	-0.0820337537	-0.0831230713	-0.1295346707	-0.0529691881	0.1681970228	0.0344471114	0.0742068541	-0.0986181991	-0.0019297819	0.0564255978	0.0134176388	-0.1853254503	-0.0303785372	-0.0205220991	-0.0606228743	-0.0918006809	-0.0539528514	-0.0137849387	-0.0969244463	0.0039625944	-0.0603468	-0.0290711209	-0.0122307548	0.0468216405	0.1381626538	0.041671324	0.1464590053	-0.0042780484	0.0288937094	0.0497906541	-0.0386544661	0.0801132105	0.1268202178	0.0892845764	-0.0854055183	0.0432245297	-0.06326386	0.1232236059	0.0381900029	-0.1672165699	-0.0730744177	-0.0415628891	-0.0995397817	-0.0530978551	0.0999848212	-0.1393109212	-0.0618538654	0.0064016447	0.023311751	0.0742302933	0.0084466008	-0.1470077711	0.0429209312	0.072543537	-0.0155631751	-0.1033699206	-0.0242271929	-0.1288293994	-0.0701310106	0.003243561	0.0740064158	0.0852405242	-0.0558544328	0.1091184154	0.018938027	0.035812639	-0.0890530627	-0.0888914654	-0.0208382939	-0.1124251266	0.0891839395	-0.04111639	-0.0401266195	0.0895337669	0.0352158251	0.0452342076	0.1323157651	0.0696387459	-0.0606122881	0.0385427873	0.0089146155	-0.0416721835	-0.0269777915	0.0262392869	-0.0828096819	-0.1262233115	0.1009969797	0.0369720923	-0.0241243054	-0.0677893707	-0.1828411111	0.0110219087	-0.0112016198	0.0698823625	-0.1052837644	0.1096271794	0.0220812807	0.0549361673	-0.0439348002	-0.0695086203	0.2136693624	0.2024035781	0.1204381587	0.0499230706	0.0685531893	0.0090462036	-0.0804158536	0.1731289354	0.0721656796	0.0580972734	0.1098243905	0.1146153332	0.0021745094	0.0748671339	0.001565599	0.0824696124	0.0509068241	0.0217247927	-0.0979922432	0.0076878017	-0.0857544077	-0.0189986769	-0.0980997204	-0.0270721695	0.0208746123	-0.0206767267	-0.0541220894	0.0452450393	-0.0046464381	-0.0983392767	0.1572264445	0.0793005333	0.0035865077	-0.0446191729	-0.1568107003	-0.0791305427	-0.0638329497	0.0762594572	0.06778013	0.0881298649	0.0501827683	0.0676615814	0.0393847823	0.103716538	0.0373700604	0.0200018183	0.0019202323	0.0811428852	0.1780255951	-0.0561252987	-0.0798168155	0.0454093703	-0.0056022061	-0.0807765101	0.0025533672	0.0036611964	-0.0119385549	0.0336336242	-0.0472819476	-0.0612721322	0.0890345132	0.0435692762	-0.0158424933	-0.0701830781	0.0	0.0	-0.0966103066484294	0.034009289399023	0.0093335513507035	0.0011566317654265	0.0606593242928283	-0.0023761010222359	5.645856067870518e-06	0.0036795536236625	-0.0045346129099499	0.0250067484103197	0.000625337466057	2.0562714243084297e-05	-8.695819236452127e-05	0.0006579708551453	4.329256462207409e-07	7.561727219305086e-09	-0.0001090334198361	0.0010755113236644	1.1888286641155244e-08	1.1567246073305646e-06	0.00076699538553	0.000647436154618	5.882819214243133e-07	4.191735743066722e-07	0.0	0.0	0.0	0.0
58.61939880540034	-0.0381726243850835	3436.2339163065703	0.0014571492524446	63.91340260493785	-0.0599226725666284	4084.923032540876	0.0035907266875273	58.21274493649262	-0.1028213842684024	0.0105722370628704	3388.723673041147	62.57294274230562	45.88052819546383	0.966913	31.544315	0.158927321771128	0.082419353000194	-0.0733244463	-0.0480158821	-0.05245796	-0.0393526662	-0.0026422238	-0.1209071122	-0.1147208996	0.0303564656	0.0198368487	-0.0524207341	0.1303336523	-0.021568375	-0.005046071	0.02272433	0.0270149099	0.0050209335	-0.0090021559	0.0203431739	0.0123079671	0.0826407204	0.0493366854	-0.055614108	0.0137469692	0.064594942	0.0013424565	-0.0296131281	0.0211419553	0.0535960246	0.0385182918	-0.1448612729	0.0138892263	0.0416232008	-0.0184556933	0.0471898927	0.1956762022	0.0376228957	-0.0238999825	-0.0826856786	0.0561614051	0.0097550244	-0.0393015881	-0.0604260763	-0.0749097742	0.0880297661	0.0365034793	-0.1185304962	-0.0731349668	0.0602880475	0.0173827461	-0.0333011153	0.0216504478	-0.0059758586	-0.0591362436	-0.0641125428	0.0318758884	0.0671410666	-0.0195207879	0.0998259747	-0.0800499102	-0.0219414441	0.0583790844	0.0912783503	-0.0106485408	0.0372967296	-0.0505596307	-0.0977993369	-0.0167407595	-0.0607931825	-0.1313509216	0.0138591826	-0.0573103449	0.0593289938	-0.0335341292	-0.0896568088	0.0318331509	0.0399404592	0.0663545518	-0.0147217163	-0.1714366718	0.13899747	0.0155703415	-0.0322339961	0.0039281596	-0.1180859731	-0.0756544108	0.0607007538	-0.0607414148	-0.0282868498	0.097850404	0.1162707389	-0.1191358407	0.0587191795	0.0317996319	-0.011803475	-0.0140964008	0.0609138802	0.0175088353	0.0919257804	-0.0013867669	0.00114972	-0.0168438404	-0.1290334503	-0.0656232596	-0.0023987417	-0.0979364017	0.085570916	-0.1246935693	-0.065201308	0.0285482602	0.0134967883	0.0573301403	0.0411714977	-0.0220528437	0.0208592688	0.0602278122	0.1044542715	-0.0337479726	0.0271071471	0.0536297623	0.0058592978	-0.0678081963	0.0025192127	0.0795041284	0.0574651311	-0.0109976983	0.046519416	-0.0064973051	-0.0176864958	0.0701227115	0.0859415779	0.1456724961	-0.0015188096	0.0642935658	0.0226711347	0.1175779505	-0.0177561044	0.1227777196	0.1143151316	-0.0558168078	0.1444150458	-0.0069760277	-0.0574223853	0.1044250439	-0.036660623	0.008611939	-0.0598136884	0.0801534927	0.0851389527	-0.0780358501	-0.1846953349	0.0057897495	-0.1374012465	0.0472083825	0.0912524455	-0.0172609565	-0.0397057255	-0.1075815861	0.1165649293	-0.0134537731	-0.2411612176	-0.0012747357	-0.0617047796	-0.0232104422	-0.0939058892	0.1392154829	-0.0027570535	-0.0853157206	0.0475545349	-0.1033662941	-0.0732478364	-0.0653621306	-0.0483969819	0.0739300673	0.0727662788	0.0997217203	0.0969276325	-0.0326115499	0.0219289247	0.0547631658	-0.0164484982	-0.0170655822	-0.0187560351	0.0548730268	0.059704819	-0.0818720075	0.1062421906	-0.0258072407	0.074294523	-0.1232721853	0.0776237851	0.082496804	0.0202093425	0.1201409916	0.0160683664	-0.0155355849	0.0880054659	0.0401318633	-0.0213671566	-0.0756116809	0.0	0.0	-0.0453032227326559	0.0513070839157735	0.0020523819899646	0.0026324168599402	0.0823023671714793	0.021643042878651	0.0004684213050471	0.0067736796420289	-0.0042582380562024	0.0002763748537475	7.638305978395204e-08	1.813259134329039e-05	0.0003011045024744	0.0003880626948389	1.5059265512564574e-07	9.066392141035597e-08	-0.0010418255302238	-0.0009327921103877	1.0854004354261025e-06	8.701011212015392e-07	0.0011601569827625	0.0003931615972324	1.3459642246525876e-06	1.5457604153841052e-07	0.0	0.0	0.0	0.0
58.52084955652086	-0.098549248879479	3424.6898328169477	0.0097119544547094	63.70460375169864	-0.2087988532392088	4058.276539160937	0.0435969611140086	58.21071287397453	-0.00203206251809	4.1292780774265645e-06	3388.487093296304	62.51111534126979	45.82645894150716	0.958914	31.283354	0.2753269088088519	0.1399102327871192	-0.0652935837	-0.0448504577	-0.0889704586	-0.0050533041	0.0632381075	-0.1101352542	-0.0306954328	0.0556820888	0.0365131444	-0.0789996831	0.1329349891	0.0344561871	-0.1669161817	-0.0249679343	-0.0055735105	0.0312971733	0.0401160896	0.0564264118	-0.1332619497	0.1364586127	0.1271914375	0.0474403958	-0.0524526466	-0.0020251375	-0.2579418758	-0.061136693	-0.073235468	0.1084587766	0.0564554311	-0.1172942652	-0.0122799854	0.0197382098	0.0176098016	-0.0448989547	0.0801733783	0.0042216035	-0.0885846961	-0.0869310213	0.023703649	0.0056539583	-0.0205159795	0.0408876402	0.1048446185	0.0397311326	-0.108597711	0.0283500029	0.0931270246	0.172287249	-0.1117468034	-0.0105954923	-0.0739236008	-0.0207317506	-0.0213246184	-0.0678696549	-0.0216090005	0.0491839004	-0.0861233999	0.1221182486	-0.0934354789	-0.0632317916	0.0358056601	0.0296297798	0.1276149161	-0.0558149439	-0.0553153857	0.0722521746	-0.012798808	-0.1156121416	-0.0596574683	0.0284084725	-0.0242288952	0.0139945873	0.1583826291	-0.0068280831	-0.0309141581	0.0061163791	-0.2051685241	0.0790394463	-0.0862277834	0.0208531335	0.0075314225	0.0873272855	-0.0162385381	0.0266839928	0.0888283395	0.0325095641	0.1199592705	0.069012703	-0.0471548232	0.0008635197	-0.0620860061	-0.1085315476	0.112110951	-0.0564722321	0.0505533816	-0.0043281702	-0.017425213	0.0898875553	-0.0339782801	0.0950460919	-0.1019529094	-0.0226611568	-0.0517037152	0.0538027226	-0.0792966155	0.0001685163	-0.1912925831	-0.1106450542	0.1687820205	0.1090069485	-0.0019420897	0.0121692546	-0.0833808546	-0.0063062797	-0.0090605486	0.1648878013	-0.0654938011	0.1374078713	0.194359927	0.1069285924	-0.1019202527	0.0571757596	0.0033609983	0.0383066529	0.0753347188	0.1156612896	-0.1457240592	0.0409687277	-0.0213661358	0.0523638483	-0.0094238087	0.0161106671	0.0689551689	0.0415595557	0.0196311543	0.0459529295	-0.0045405993	0.0447787134	-0.0737939835	-0.0138880881	0.0435528795	-0.0776029824	0.0044170554	-0.0383837584	0.0227592091	0.0925732509	-0.0273654373	0.1226252501	0.0589659996	-0.0857056279	0.0300386193	0.1278200348	0.0340962388	0.129308094	-0.0683452525	0.0530688248	0.015733141	0.0277033372	0.1250726494	-0.0479127356	-0.0863932599	0.1747194361	0.0570584605	-0.0003929977	-0.0608228761	-0.0606391582	-0.0226680006	-0.0662574459	0.1557491778	0.0799085179	0.0192457107	-0.0252043499	0.0301598003	0.1548048956	0.0657351134	0.1727954774	-0.061126079	-0.0378748799	-0.0865964904	0.125665849	0.0626373634	-0.0537971442	0.1940338328	0.1403788056	-0.1138647551	-0.0562222254	-0.1333056267	0.0774160232	-0.0303797665	0.0714123296	-0.0647263175	-0.0393674358	0.2121813727	0.0283598227	-0.1640684071	0.0869490055	0.0366444511	-0.0268319309	-0.0806635902	0.0	0.0	-0.1243601048298472	-0.0790568820971913	0.0154654356732905	0.0062499906069292	0.0884131567301693	0.00611078955869	3.734174903059475e-05	0.0078168862829934	-0.0432116660089931	-0.0389534279527907	0.0015173695492732	0.0018672480792727	0.0006161988573851	0.0003150943549107	9.928445249659017e-08	3.797010318427028e-07	-0.0032529974179913	-0.0022111718877674	1.0581992201458063e-05	4.889281117253288e-06	0.0016580069240879	0.0004978499413254	2.74898696032342e-06	2.478545640777043e-07	0.0	0.0	0.0	0.0
58.60004430367231	0.0791947471514546	3433.965192392358	0.0062718079763828	63.970534650464906	0.2659308987662641	4092.229303466331	0.0707192429186329	58.22999728075456	0.0192844067800308	0.0003718883448576	3390.7325833166838	62.588057127445325	45.87627161122528	0.936752	30.560337	0.1424349139348535	0.0778728276782855	-0.0526853883	-0.0215878515	-0.11718606	-0.0179743162	0.0534124236	-0.196741188	-0.0606473241	0.1189618817	0.0300100026	-0.0387779414	0.1786768647	-0.0049301268	-0.1460658663	-0.0624928882	-0.0060632659	-0.1392391423	-0.0244632935	0.0222901353	0.0008608689	0.0257295245	0.0308746004	-0.0857099664	0.0770991238	-0.1709480736	-0.1507090555	-0.1358757615	-0.0223527945	0.0874587286	0.1268445891	0.0753173054	0.0147922758	-0.1226252527	0.0243478093	-0.0761811714	-0.0948161592	0.026704623	-0.0198246462	0.0923168736	-0.0075312807	-0.0631083703	0.0962525572	-0.0620133602	-0.001172611	0.0699483278	0.0404087502	0.0732566529	0.0101501156	0.1633231232	0.1394781065	0.0795738216	0.1130115102	0.0813267477	-0.077149874	0.0102265618	-0.0125412524	0.0215913953	-0.0689215174	0.02966665	0.0992073552	0.1065361486	0.0811108315	0.0139344531	-0.0526322012	-0.0656879816	-0.0275973453	-0.0757303829	0.0366761245	0.0363171804	-0.0251801359	0.0273389408	-0.1479430724	0.1567004176	0.0490029712	-0.0725309835	-0.1067726922	0.0686168925	-0.0479664889	0.0079255785	0.0054141427	0.1402566258	0.0652122792	0.0726928677	-0.0699519952	-0.0239334352	-0.0716010915	-0.0792004946	0.0845751623	0.0894404007	0.077666447	0.0680355758	-0.0420767312	-0.0398847919	0.0346645241	0.0743233737	-0.0032143724	-0.1572009103	0.177423118	-0.0179385098	-0.0272493933	-0.1386310327	0.0161993641	0.1100846604	-0.0463478775	0.0660322145	-0.1120855587	0.0708254325	-0.1724517352	-0.1057404611	0.0884572762	0.0323857799	0.0092109697	0.0537327695	-0.0852408788	0.0433230657	0.0060994373	0.1808051338	-0.1294106651	0.034440688	0.0358863269	0.0499037339	-0.0712719851	0.0035671544	0.1353121683	-0.0254836586	0.0371588929	0.1525564272	0.0796194777	0.0381012731	0.1061042621	0.1525338562	-0.0270101819	-0.0130670375	-0.1399794117	-0.061842543	0.0662011559	-0.0045538859	-0.0413712691	0.0043876654	0.0076659271	-0.0779582972	-0.085471875	0.0745101051	0.034002024	-0.1083590472	-0.0485305557	-0.0826809214	-0.0226015758	-0.0631358659	-0.1429071091	-0.0478045166	0.037931312	0.0738721263	-0.0462076436	-0.076866583	0.1532135841	0.1132988717	0.1215042546	-0.0646815519	0.0678000788	0.1129761831	0.0350059328	0.0641894123	-0.0548379062	0.0120315811	-0.0671046668	0.0538188353	-0.0681132105	-0.0121544905	0.0730231902	0.0837427931	0.1103294621	-0.0196734117	0.0527676343	0.1539047538	0.0607441287	0.2069066065	-0.0093934484	-0.0401166749	-0.0029391828	0.0637637038	-0.1016629287	0.0018761629	0.0821297113	0.0037385803	-0.1277112756	0.0873635027	-0.0545562279	0.1438953434	-0.0218525944	0.0033228711	-0.0605770149	0.0192398833	0.0773239523	0.0357119952	-0.1231754653	0.085865461	0.0331113845	-0.032221499	-0.0853136375	0.0	0.0	-0.055973153888928	0.0683869509409192	0.0031329939562736	0.0046767750589956	0.0892574792817697	0.0008443225516003	7.128805711410081e-07	0.0079668976077355	-0.0270959968668691	0.016115669142124	0.0002597147918984	0.0007341930462093	0.0008161330663202	0.0001999342089351	3.997368790250424e-08	6.66073181941212e-07	-0.0028070311182617	0.0004459662997296	7.87942369888953e-06	1.988859404945114e-07	0.0011621480067484	-0.0004958589173395	1.3505879895892791e-06	2.458760659051011e-07	0.0	0.0	0.0	0.0
58.53958943003268	-0.0604548736396353	3426.8835306367937	0.0036547917467842	63.77404697637011	-0.1964876740947971	4067.129067744261	0.0386074060711832	58.17718978658173	-0.052807494172832	0.0027886314408136	3384.585411463949	62.49169279382323	46.34753825800615	0.988305	32.242199	0.1270531101966713	0.0780182277939132	-0.0335012843	-0.0807391645	-0.0965195623	0.1363142148	0.0844022947	-0.1882721619	-0.0447191141	0.0803766107	0.0617428915	-0.0784941996	0.1181975659	-0.0196876055	-0.1489943791	-0.0110616371	0.1266150139	-0.1256303193	-0.0118274486	-0.0528094468	0.1262571599	-0.0404679338	-0.0356795333	-0.0505454081	-0.0948559682	-0.0432078031	-0.0584854166	-0.0779450462	-0.0056171535	-0.0521674822	-0.1787502533	0.0028235626	-0.0380671721	0.0655448006	-0.0112228024	-0.0948345211	0.0098811441	0.0326101753	-0.0133743267	0.0372245697	-0.1911670305	0.0186648192	-0.0928189605	0.1340412595	-0.0577303578	0.0647596356	-0.0965070133	-0.0169480561	-0.1096860034	-0.0192375538	0.1244905885	-0.2457614769	-0.0084432884	0.033171443	-0.0413313303	-0.0752362223	0.0230267648	-0.1037621567	-0.1573782243	0.0804476651	0.0346853998	-0.0260974508	-0.0360407848	0.0319784199	-0.0570636518	-0.0883166661	0.0634039514	-0.0429484311	0.0336573998	-0.1210174348	0.0546108385	-0.0431652794	0.0313576219	-0.1303504452	-0.0790474174	-0.1577306904	-0.0052850965	0.0031315187	0.0286502907	-0.049515634	0.1664618414	0.0905712454	0.080337505	-0.0185115064	-0.220982077	-0.2050121501	-0.0914126972	-0.0704897054	-0.0496177118	-0.0147349689	-0.0127897899	-0.0683754659	0.0172396986	-0.0387494462	-0.0683390231	-0.1371686401	-0.0759108059	0.0235492844	-0.0143828482	-0.0161929135	0.0399411003	0.0192713549	-0.1058420507	0.01121206	-0.0446088399	0.0566355288	-0.0994968638	0.0024793818	-0.0910570479	-0.148494571	0.1332225017	0.0303883308	0.017320966	0.2151243308	-0.0239788817	-0.0809778634	-0.0672914789	0.1131581045	-0.1037240168	-0.0785601889	0.0015029876	0.0336922597	-0.0539152267	-0.025322775	0.0155939389	-0.0831446209	0.0406857583	0.0007959913	0.0355406947	0.0230899754	0.0842306667	0.0362301126	-0.1233923138	-0.1692846553	-0.0688899578	-0.0351542873	0.1490229452	-0.0333669658	-0.1591449494	-0.0381445769	0.0494108293	-0.1025779135	0.0002986459	0.0847809063	-0.0286495413	0.0596119119	0.1346638486	-0.0293989067	-0.0359909509	-0.1042131042	-0.1476570185	0.0380837996	0.0543774177	-0.1672222839	0.0783095859	0.0033234441	-0.1307508667	-0.0997110879	0.0450418093	0.1201330894	-0.061850798	-0.0799847303	-0.0531985315	-0.0674622497	-0.1408976641	-0.0121765045	-0.0876491433	-0.0387267328	0.0827358234	0.0282489499	-0.1600935694	0.061140038	-0.0620133098	0.0028886394	0.0445098794	0.1808054699	-0.0196287386	0.1785280564	0.1326161832	-0.1724634897	0.1271316659	0.1028264709	-0.0073304089	-0.046234568	0.0162763125	0.1070443492	-0.0689430975	0.0963355333	-0.0081205623	0.2567180143	-0.0795560132	-0.0332827229	-0.0328568222	0.0546143894	-0.0571424673	-0.0732402638	0.1045664009	0.0847551701	0.0295370653	-0.037520755	-0.0895386565	0.0	0.0	-0.0562194325947729	-0.0002462787058448	0.0031606246012782	6.065320095263828e-08	0.0853819600327341	-0.0038755192490356	1.5019649449645504e-05	0.0072900790990314	-0.0044360849770583	0.0226599118898108	0.0005134716068539	1.9678849923682334e-05	-0.0005150761521448	-0.0013312092184649	1.7721179833261956e-06	2.653034425082931e-07	-0.0027409626676044	6.606845065729996e-05	7.512876345201029e-06	4.3650401722560795e-09	0.0017702983446657	0.0006081503379173	3.1339562291261176e-06	3.698468335089263e-07	0.0	0.0	0.0	0.0
58.44611531642597	-0.0934741136067103	3415.948395580962	0.0087374099145601	63.75072149148309	-0.0233254848870174	4064.154490684644	0.0005440782452144	58.1901756559987	0.0129858694169726	0.0001686328045146	3386.096542875984	62.43807809004181	45.95220397299365	0.982396	32.049408	0.1258209218274364	0.0643136038087393	-0.0789802927	-0.0864166609	0.0061079398	0.0589816737	0.0040183114	-0.0941835978	-0.0222608113	0.0729601137	0.0355824646	-0.0916533604	0.0840400304	0.118302403	-0.1071940663	0.009784711	0.0628043179	-0.1281751175	0.1152502012	0.0858732799	0.0550105761	-0.0119793773	-0.0452545885	-0.0012707152	-0.0414619252	0.0524187339	-0.0282022685	0.0775044465	-0.0204078515	-0.0631838263	-0.0326835973	0.005192988	-0.0090075825	0.09455978	-0.0381753783	-0.0340032016	-0.0331530343	-0.0308494763	0.044204432	0.1344228328	-0.0709765438	-0.152975691	0.0342899413	-0.0185049947	-0.0018960403	0.1643056326	0.0052558546	0.0353990247	0.0084136431	0.062500994	0.0148570819	-0.0441696114	-0.178431026	0.0336944524	0.0416765159	0.0122730964	-0.0287766942	-0.063351627	-0.0943252287	0.1105552863	-0.0225973246	-0.0144214895	-0.0288962004	0.0264809748	0.0476061728	0.0788972662	0.1064793833	0.0163246568	-0.1277944258	0.0800319213	0.0633123116	0.0588245918	0.0665286598	0.1955465456	0.1430717781	-0.0173152898	0.0827401563	0.1182954989	0.0199547895	-0.0983728135	0.0112846576	0.0009407715	-0.0247308173	-0.0389980561	0.1119202135	-0.0561069804	-0.0228420241	-0.1762994331	0.0155327586	-0.0615659868	-0.1730311362	0.1000091656	-0.0049526919	0.0162989485	-0.0807072551	0.1173240898	-0.09158545	0.0253097644	-0.0733708431	0.0310961445	0.0919033127	-0.1001942039	0.071364867	-0.1834225989	-0.0782838674	0.0340588576	-0.1078566046	-0.0586201759	-0.0329250621	-0.1092890115	0.1356344866	0.0103990644	0.0274156419	0.0895197378	-0.0341726978	0.1378623395	-0.0551555993	-0.0433361474	0.0255151397	-0.2252748088	-0.0800586631	-0.0181003519	-0.045365408	-0.0173251968	0.0666906807	0.0232285561	0.0536327799	0.0755864866	-7.96471e-05	0.0063535127	0.0094632328	0.0104357424	-0.0214878113	-0.0082136893	0.044743616	-0.1579353351	0.0792034759	-0.0253701923	-0.0257049433	-0.0613230945	0.1567980319	-0.0053100779	0.0233841561	0.0399985779	-0.0893230722	0.0203183846	0.0072605416	0.0059372422	0.1704418331	-0.105122766	0.0150677625	0.0015111074	-0.015839175	0.0315062459	-0.1556378857	-0.1058356816	-0.11644737	-0.0166407924	-0.0242443782	-0.0657188416	-0.0928373769	-0.0180669383	-0.0422814288	0.0442918636	-0.0699676608	0.0518777797	0.1031507493	-0.0189222213	-0.0274511245	0.0143470387	0.0532860881	0.0059703704	-0.0295400586	-0.0485269404	0.0728560538	0.1400461121	0.0499359631	0.0945760934	0.0720649898	0.010428234	0.0045024989	0.0597065866	-0.0166574275	-0.0017280995	0.1115303498	-0.0381181751	-0.1994960559	0.0348235273	0.0694201252	-0.0532205147	-0.0136100513	-0.0463280006	0.0233269259	0.1156489272	-0.136347216	-0.1068808623	0.0912462667	0.0836184785	0.0259259465	-0.0427148457	-0.0933175984	0.0	0.0	-0.0562916627335852	-7.223013881230145e-05	0.0031687512933117	5.217192952844336e-09	0.0967269885756678	0.0113450285429337	0.0001287096726399	0.0093561103189173	-0.0178169143786277	-0.0133808294015694	0.0001790465954739	0.0003174424379753	7.11433994877213e-05	0.0005862195516325	3.436533627162343e-07	5.061383290669503e-09	-0.0018219570895618	0.0009190055780426	3.3195276362045047e-06	8.445712524734137e-07	0.0012550667994584	-0.0005152315452073	1.5751926711027518e-06	2.65463545176702e-07	0.0	0.0	0.0	0.0
58.38750592594593	-0.0586093904800364	3409.100848252371	0.0034350606524413	63.67557484729034	-0.075146644192749	4054.5788321328746	0.0056470181334316	58.21863477004856	0.0284591140498591	0.0008099211725028	3389.409434488307	62.415885425383046	45.577810070321874	0.975168	31.813602	0.2159172213092254	0.1065289548445191	-0.0451008306	-0.0908046193	0.0196384864	0.0689941522	-0.0020966162	0.0099886099	-0.0137435399	0.0839138523	0.0070627464	-0.1482436015	0.0276073415	0.1579103339	-0.0825233378	-0.0335844933	0.0343236995	-0.047428203	0.0576133292	0.0569776035	0.0888169142	0.0176738734	-0.0371005428	0.0442532231	-0.0509783398	-0.0954807177	0.0568106507	0.0962435436	0.0904828074	0.0186905296	-0.1139171334	-0.0385808195	0.0407617492	-0.0130841436	-0.109927022	-0.0134776349	-0.0006941438	0.0780681358	0.0098299831	-0.0018249072	-0.0235363269	0.1365042585	0.006375209	-0.0246768625	-0.0458974837	0.0560425565	-0.0819471128	-0.0115308075	-0.0012000873	-0.0658894416	-0.0080384823	0.0022494531	-0.0925647963	0.0402846946	-0.0492915091	-0.0884001159	0.0940561037	-0.106396138	-0.0828431124	0.0030754961	0.0302797534	-0.0913253532	-0.1087109087	-0.2173189741	-0.0552101307	-0.058417476	-0.2136396679	-0.0322454955	0.0312788126	-0.0286368701	0.0095773893	-0.0765804149	-0.1559736605	0.1790572471	0.0466928212	0.0898740131	-0.0422153593	0.0062818005	-0.0869895112	-0.012803239	-0.0802879425	-0.077850486	0.0386278968	-0.0080983236	0.091471805	-0.1069296983	0.0799244891	0.1134036915	-0.1168152733	-0.1382292325	-0.0128104005	0.0230619617	-0.0069212783	-0.0869365354	0.1094304759	0.0889619091	-0.0326561905	-0.1361020995	0.0367669045	-0.0883025207	0.169004629	-0.0486019422	0.0367262226	0.0284801174	-0.0570450524	0.037137558	-0.102431596	-0.0912160499	-0.0076370279	-0.0975072742	0.1094661925	-0.0809804486	0.0829288743	0.0312874683	0.0403714852	0.1311378616	0.0314892385	-0.2011259447	0.0335674125	-0.1863777971	-0.0822915987	-0.0466993359	-0.0138513003	-0.0868225148	-0.1376442208	0.0945248472	0.1481074447	0.0226195376	-0.0763315119	0.0180054858	0.0037768139	-0.0229808398	0.0184273511	-0.0059962192	0.0607075564	-0.0243329254	0.0669519717	0.0005771855	-0.0399667221	-0.2724636661	0.1703375749	-0.0516641366	-0.0724794745	0.0299215786	0.041297981	-0.0506674937	-0.1414132889	-0.0678502236	0.152934407	0.1163750925	-0.0523905056	-0.1042858345	0.0043571427	0.034184467	-0.0814066987	0.0758610136	-0.0716794402	0.1009268013	-0.1055538538	-0.0691438964	0.0209447331	0.1026383171	0.0887099601	0.0690730011	0.0362201092	0.0621158517	-0.0768042104	0.1646941499	-0.0514157922	-0.0534333397	0.1016644818	0.0010470166	-0.0010853808	-0.0123163866	0.0529973824	0.0972623902	0.0976755537	0.0458346083	0.0746234101	0.0644305944	0.0863347413	-0.0590972382	0.0338578784	-0.0651905482	0.1298060095	-0.0349553688	0.0264423812	-0.0230576819	-0.149411648	0.057533487	0.0870012124	-0.0234981586	0.0912931384	-0.1271070821	-0.149691827	0.0892127967	0.1020541698	0.0824557403	0.0222825273	-0.0477892128	-0.0966316368	0.0	0.0	-0.0813010863183336	-0.0250094235847484	0.0066098666365411	0.0006254712680413	0.1022597027568821	0.0055327141812143	3.061092621100984e-05	0.0104570468079258	0.0584513304290439	0.0762682448076716	0.0058168451660429	0.0034165580289252	-0.0011568651818084	-0.0012280085812961	1.508005075736912e-06	1.338337048880582e-06	-0.0013259928001496	0.0004959642894121	1.758256906048577e-06	2.459805763721485e-07	0.0017132307034619	0.0004581639040035	2.935159443284557e-06	2.099141629317284e-07	0.0	0.0	0.0	0.0
58.51278260253946	0.1252766765935291	3423.7457278920447	0.0156942456983196	63.65406313204112	-0.0215117152492254	4051.839753217876	0.0004627538929637	58.20387791500029	-0.0147568550482688	0.0002177647709156	3387.6914043442584	62.50643149597276	46.56592293471161	1.173936	38.298164	0.2477134569987284	0.1474405993750859	0.0326887326	0.0756950213	0.0778630485	0.0601333852	-0.0444687863	-0.1333268662	0.0111148997	0.1406732165	-0.1393148731	-0.1516286423	0.1423536435	0.0863160425	0.0099636968	0.0254488858	-0.0984460094	0.0829725318	0.1126001803	0.0672755487	-0.0700708971	-0.0807173211	-0.021605606	0.1959899533	-0.0729725967	0.1778012879	0.151303315	-0.0854117003	0.0383119265	0.02726952	0.1451252965	-0.032808294	-0.1021989483	0.1126644559	0.1517777123	-0.2587653585	-0.0453746174	-0.0511842132	-0.0274365542	-0.0971288347	-0.0750583791	-0.0258645313	0.0047641851	-0.0620060387	-0.1096453571	-0.1441879273	-0.0172809667	-0.0233346976	-0.1093296105	-0.0524274038	0.1736661205	0.0384548945	-0.0468010694	-0.0361165834	0.1083012837	-0.0096549825	-0.0173294326	0.057878287	-0.0851136018	0.0434984428	0.0298963121	-0.1174076726	-0.0729443573	0.1911245155	0.0075997408	0.0395848273	-0.1684359857	-0.0224891288	0.0689207697	-0.0900768119	0.0735346973	-0.0083613369	0.080126686	-0.0328131378	-0.02202471	0.0260152168	-0.0829144161	-0.025522979	-0.1416321246	-0.1032098657	-0.0333571337	-0.167551745	0.0022455162	-0.0665759922	-0.1284484036	0.0805556909	0.0450574378	-0.0647847287	0.018740571	-0.1650850151	0.0600046185	0.1979307901	-0.0386258659	0.0620851546	-0.0787080691	0.0629954562	-0.1294852683	-0.0958228324	0.0228725034	-0.0064584106	0.0316933484	-0.027938932	-0.0626592686	0.18078263	-0.0077256746	0.1214612373	-0.120261672	-0.0108668433	-0.0185909566	0.0712709091	0.1533758253	-0.1568912779	-0.0265162861	0.0163742941	0.0620660137	-0.0233048616	0.0166788695	-0.1803155022	-0.0906909222	-0.3063310098	-0.0406517935	0.1921876016	0.0957737599	-0.1120503511	-0.0827966473	0.039972775	0.0712452951	0.0687036568	0.0211139216	-0.0642764538	-0.0572344886	-0.0493033427	0.1401944199	-0.0710026393	-0.0965225653	0.0813431504	-0.1791351099	0.2136870004	-0.0142027832	0.037721223	-0.0689398454	-0.0125139162	-0.0852063457	0.0279324951	-0.0829325182	-0.1679313945	-0.1589120999	0.1098146939	0.0347860671	-0.025495761	-0.0039494721	0.0766124369	0.0423167806	0.0204329981	0.2314702804	0.0724709291	0.0238222186	0.0099777041	-0.0710020434	0.1423806238	0.029815953	0.0614510949	0.0428091791	-0.017332772	-0.0424948259	-0.083713749	0.0622495758	-0.1140692497	0.0138324373	-0.0011237261	-0.0078942031	-0.108316221	-0.0609116172	0.0505204013	0.002205547	0.1111808923	0.2801905861	-0.0278840427	0.0871704226	0.0311905438	-0.0481261016	-0.0424774926	-0.0144256722	-0.0876389012	-0.2046819393	-0.0583112633	0.0146930441	-0.0159120506	0.0011525214	-0.1135693777	0.0021485111	-0.1057952416	-0.0675737128	-0.0424589329	-0.0784096691	0.0081069306	-0.0044986227	0.0812673177	0.0186113467	-0.0527296337	-0.0994642612	0.0	0.0	-0.0385384171967473	0.0427626691215863	0.0014852096000305	0.0018286458704022	0.1110559345249413	0.0087962317680591	7.737369331741366e-05	0.012333420593208	0.0811296196715218	0.0226782892424778	0.0005143048029654	0.0065820151880457	-0.0038153351708835	-0.0026584699890751	7.067462682812963e-06	1.4556782466180629e-05	-0.0013333084213775	-7.315621227899994e-06	1.7777113465161611e-06	5.351831395010101e-11	0.002516970430491	0.000803739727029	6.335140147966049e-06	6.459975488048119e-07	0.0	0.0	0.0	0.0
58.71604864372923	0.2032660411897708	3447.5743683327773	0.0413170835009616	64.08102037425053	0.4269572422094114	4106.377172205112	0.182292486675066	58.33054132492612	0.1266634099258325	0.0160436194140395	3402.4520512589143	62.65684827812777	46.23169367888009	1.101281	35.927902	0.1621345175012606	0.1015718867807272	-0.005223965	-0.0063557308	0.0773811156	-0.023232217	0.0725691853	-0.0655472352	-0.0156967435	0.2201306874	-0.0814995161	-0.0554992836	-0.003416743	0.0566982552	0.091716238	0.011036595	-0.0881787239	-0.0467456089	-0.0703981513	-0.0194843522	0.0009268307	-0.0363967013	-0.0865044546	0.1685756948	-0.0906539847	0.1463890291	-0.07445783	-0.0661827542	0.1473231305	-0.084525208	-0.0682670598	0.0370850754	-0.0001199138	-0.0822694595	-0.0262506313	-0.0039914896	-0.0854890497	0.1141114187	0.1867803993	-0.0124748714	0.1280883479	0.0101648843	0.0096231058	-0.0608748066	-0.0581301794	-0.0010797803	-0.0595407262	-0.0224863456	-0.101904541	0.0250175175	-0.0662584842	-0.0373524857	0.004830083	0.0575743873	-0.0790637108	0.1845345962	0.0323341995	-0.0243961214	-0.014594337	-0.0794482688	-0.0899844174	-0.0667116133	0.078212275	0.015461923	-0.0897276822	0.0110157074	0.0594574518	0.029833204	0.0120668182	0.1062602833	-0.0228724631	-0.0716101828	-0.0579399247	0.0496341039	0.0500893592	0.0696658522	-0.1114914008	-0.0385519824	0.1163214591	-0.062862753	-0.037118573	0.1192521845	-0.0300431452	0.0213650436	0.0740955052	-0.0586206347	-0.0713953136	0.0031248068	0.0283872082	-0.004624195	0.1081182459	-0.1649420269	-0.0677690889	0.0917376261	0.1976679553	0.0931619296	-0.0756410433	-0.0239180128	-0.0474368854	0.0257664651	0.0223990029	0.1036910365	-0.0030667783	0.1261500622	-0.0145593313	0.1159682438	-0.1646954136	0.0703047815	0.0307885602	0.067268345	0.0856838548	-0.003180203	0.1188301696	-0.0315138488	0.010614805	0.0250648163	0.0141713852	-0.0788535903	-0.0775919526	0.0725918137	-0.0603110729	-0.0070338075	0.0576124181	-0.0938605181	-0.0540373811	-0.0299797026	-0.0236520243	-0.0391390295	0.1228615452	-0.0236694239	-0.0715511307	-0.1401399941	0.0661758837	-0.0032552708	0.075448628	-0.1263955409	0.1351911065	0.015704509	-0.0030958317	0.0839708409	-0.0499196088	-0.0488560181	0.0603475921	-0.0004862068	-0.068694069	-0.0770455446	-0.2098372674	-0.0238346023	-0.1476699703	-0.1494731859	-0.0405776346	0.120467612	-0.0108065082	-0.0527473919	0.0461784389	-0.0353151784	0.0110973651	0.0498732032	-0.0551615278	-0.0760895416	0.1479450619	-0.0031453111	-0.153832535	-0.0599715746	0.0566338324	0.0059250892	0.0773902524	-0.1314765129	-0.0274151249	-0.0771698724	0.0442053071	-0.0113479688	0.0474882309	0.0182331211	0.0565666685	0.1116806976	0.1839824481	-0.0300862908	0.0798939631	0.0834440443	0.0165406085	-0.0497480291	0.0621549381	0.068090407	-0.0429734236	-0.0573474789	-0.0441779077	0.1058353892	-0.005814808	-0.0020425979	0.0422918542	0.0282094296	0.0631476148	-0.0178460792	-0.1087959265	0.0026688858	-0.082486222	0.080053581	0.0149169788	-0.057522261	-0.1018013597	0.0	0.0	-0.0373080446103983	0.0012303725863489	0.0013918901926514	1.5138167012391214e-06	0.095605241344046	-0.0154506931808953	0.0002387239197701	0.0091403621724532	0.0570656695132854	-0.0240639501582363	0.000579073697218	0.0032564906369995	-0.0019046718091537	0.0019106633617298	3.650634481856621e-06	3.627774700584828e-06	-0.001327912338803	5.396082574499932e-06	1.7633511795452537e-06	2.9117707150821805e-11	0.0020052398432797	-0.0005117305872112	4.020986829076397e-06	2.618681938876216e-07	0.0	0.0	0.0	0.0
58.62523280177224	-0.0908158419569886	3436.917921061992	0.0082475171503567	63.799413809455245	-0.2816065647952825	4070.3652024301086	0.0793022573357996	58.2768528127515	-0.0536885121746237	0.0028824563395247	3396.1915737591025	62.57560755581408	46.35457307780772	0.923043	30.113096	0.1247910066458285	0.0689102938169375	-0.0263991569	-0.0066243348	0.099844101	-0.0330123956	0.1080844455	-0.0117615548	0.0367079497	0.1650442777	-0.0234314314	-0.0650621155	-0.0221098588	0.0089296655	0.0450511947	-0.0402550272	-0.0733758901	0.033110312	0.0066646995	-0.0089818039	0.0039912207	-0.0778907348	-0.0170693954	-0.0345673522	0.1169344938	0.0919227116	-0.0342820593	-0.0245728015	0.0595921876	0.0066148555	0.1278850495	0.0453309329	-0.0155091392	-0.0065711189	-0.0595527594	-0.0333809903	-0.0946567565	-0.0303387191	0.1456812517	-0.022498399	0.126305638	0.0234803939	0.0401073595	0.0583731757	0.0005928759	0.0145487146	0.0691866899	-0.1333822005	-0.0620049423	-0.0075014448	-0.0226045369	0.0352469075	-0.0229705964	-0.0525032071	-0.0374334683	0.0535158718	0.0313548783	-0.0552616527	-0.0199591932	0.1046342628	0.0175393462	0.062589248	0.027985291	-0.0266741469	0.0285344567	-0.1298406504	0.0176301707	-0.075959346	0.1408136482	0.0972722214	-0.1302637316	-0.0227414992	-0.0264113372	-0.0430091889	0.0252376391	0.0996347995	0.0518134984	-0.0064901173	-0.0827211932	-0.1466463659	0.0386696754	-0.0762680228	0.0315059572	0.0611991692	0.1395587675	-0.0376343081	-0.0084761441	-0.0019726866	0.0735747415	0.009371902	0.0589017808	-0.0132530296	0.1396295345	0.1633002359	-0.0828487257	0.0748422779	0.0509186701	0.0388296047	-0.1199658903	0.0232309582	-0.03725494	0.070786545	-0.0347419652	0.0258824624	-0.0425474886	0.0573528726	-0.1098746882	0.0408286441	0.0809122476	0.0867088073	0.1126037477	0.0145577301	0.0625863861	-0.1189507604	0.0348497262	-0.0238390027	-0.0474029995	-0.1052115568	-0.0393182462	0.0459502636	-0.0217977819	0.0011925005	0.0968155292	-0.0252497688	-0.0996629454	0.0177359059	0.0727071485	-0.0359567043	0.0707013876	-0.0242230092	0.0175085694	-0.0271654883	-0.0920311992	-0.0109633128	0.1489895932	-0.0221676669	0.1041619205	-0.0466748575	0.1147049703	-0.0310193572	-0.0438267776	0.1648590182	0.0523164859	-0.0677679292	-0.0674600051	0.0190054158	0.0534832004	0.0033613073	-0.0169190604	-0.004969798	-0.0836024794	-0.0751622812	-0.112001713	0.0647649997	-0.0938437682	-0.0438947435	0.0072982414	-0.0953069171	0.1141246289	-0.1618620933	0.0834354493	-0.0794129189	-0.0894772149	-0.2418138769	0.0599518064	0.0932662232	0.058213857	-0.0153712536	0.0646846083	0.0196181708	0.0896151449	0.0668396376	0.1438337126	-0.024908425	0.0537567186	0.0851087028	0.1310939206	-0.029336321	0.0819006328	0.0005551986	-0.0513062025	-0.0300443895	0.1042568344	0.0539855215	-0.0827919211	-0.0446572116	0.0469506166	0.0494478937	0.0390784726	0.0698802017	0.1057482946	-0.1349846379	-0.0644882422	-0.0494518796	-0.0767191166	0.0164374498	-0.1199162896	0.078814908	0.0112040262	-0.0621536617	-0.1036312889	0.0	0.0	-0.065600530830153	-0.0282924862197547	0.0043034296451978	0.000800464776495	0.1170542485684507	0.0214490072244047	0.0004600599109125	0.0137016971079246	0.0584342782540545	0.001368608740769	1.8730898853095797e-06	0.0034145648750722	-0.0010567946758781	0.0008478771332755	7.188956331316494e-07	1.1168149869642985e-06	-0.000704061983902	0.000623850354901	4.957032771760201e-07	3.891892653101038e-07	0.0020071304443211	1.8906010413998612e-06	4.028572620520617e-06	3.5743722977422404e-12	0.0	0.0	0.0	0.0
58.563848992218205	-0.0613838095540373	3429.7244087833374	0.0037679720753663	63.69502651186061	-0.1043872975946342	4057.0564023466254	0.0108967078991107	58.15526939292684	-0.1215834198246597	0.0147825279762594	3382.0353581638933	62.53343295465822	46.176829205002896	0.943881	30.792917	0.130947100971102	0.0733482397578274	-0.0529223904	-0.0133081958	0.0930614551	-0.0080941415	0.1231744701	0.0104460068	0.0237099688	0.0963484704	0.0143947999	-0.0498643094	-0.0200677132	0.0987756451	-0.0077369942	0.0377953784	-0.0300416571	0.0982690197	-0.0166672328	-0.0436080827	0.1018190721	-0.0225146073	0.013912401	0.0527299844	0.0468797611	0.0409806851	-0.1222762943	0.1418230505	-0.0518948532	0.0702252448	0.0941800293	-0.0294310109	-0.0372671589	-0.0370470642	-0.0748237006	0.1612328157	0.0354430276	0.0116564141	0.0010776214	-0.0003497782	0.0375275729	-0.0933903249	-0.0943779384	0.1214886053	-0.0396157083	-0.0551969607	0.0900461539	0.0223095175	-0.0462444085	0.0961050748	-0.0744624363	-0.0070967293	0.0369459721	0.0355358944	-0.0032550855	0.1185198388	0.0135213258	0.0665237683	-0.0641198058	-0.0863022193	-0.0513370935	-0.0086365948	-0.053752267	-0.0322543045	-0.1182420278	-0.0192168341	0.0339284514	-0.0802889415	-0.0049075629	0.1259332799	-0.0611497297	0.1504860176	-0.0567248922	-0.0984540462	0.0478414718	-0.1060750321	0.041906012	-0.0040659934	0.0664886283	0.0958437818	0.027490309	0.0261879235	-0.0450901425	-0.0922278506	0.0385177072	0.0456092193	0.0398681401	-0.0584110814	-0.1292040657	-0.0627855086	-0.1133986132	-0.101111294	0.0566964932	-0.0682640709	0.0392696214	0.0127254967	0.0238174643	0.0024450588	0.0471021947	0.0031967147	-0.0018307632	-0.0362397434	-0.1916763457	-0.1273686021	-0.0708823022	0.0456248641	-0.0999115529	0.0041128354	0.0930478031	0.1168852656	0.0781672272	0.0198019905	0.0814339163	-0.0733215475	-0.0533697601	-0.1281585133	0.0298771749	-0.0562004543	-0.032500009	-0.0113198617	-0.0615994425	-0.0334119566	0.095883843	0.1348477136	-0.0553429725	-0.0151339944	0.1129767563	-0.1193156579	0.1256841432	0.0163438299	-0.0639943862	0.0161436024	-0.1762260191	-0.018128093	-0.1099458553	0.0710849011	0.0055406335	-0.0339126999	0.1526386924	0.052082637	-0.0725080105	0.0633992241	0.0384343022	-0.049772574	0.0582034456	-0.0261819313	0.1570190138	-0.0624629954	-0.0574374142	-0.0312801531	0.1466763074	0.0354811423	-0.0380779363	-0.0412193789	0.0173022754	0.0413121226	-0.0353711265	0.0779671632	0.0678509959	-0.1360175634	0.1009787062	0.0165925666	0.0238099716	0.11850418	-0.0501879665	-0.0563222531	0.1323647946	0.0911963143	-0.0073586671	0.2482591221	0.0203225003	0.0957346091	0.0418812407	-0.0654149649	0.0486898005	0.0969161301	0.06696669	-0.0841933221	0.0696522473	-0.0231103968	-0.0578822523	-0.0285158323	0.1929370425	-0.0495042966	-0.1155745762	0.0328146029	0.0731711386	0.0641084565	0.0103800743	0.0387513134	0.1461660851	-0.1815766299	-0.107914283	0.0106559518	-0.1167246384	0.1370998547	-0.1499238332	0.0775516848	0.0074771147	-0.0666108546	-0.1049449322	0.0	0.0	-0.0874839306105883	-0.0218833997804352	0.0076534381150782	0.0004788831859503	0.144366387402627	0.0273121388341762	0.0007459529276973	0.0208416538116853	0.0576124880071873	-0.0008217902468671	6.753392098460472e-07	0.0033191987743783	-0.0001369941166875	0.0009198005591906	8.460330686873405e-07	1.876738800698837e-08	-6.137539227735189e-06	0.0006979244446742	3.7669387771988265e-11	4.870985304738809e-07	0.0020080008826487	8.704383275999483e-07	4.032067544717959e-06	7.576628821549949e-13	0.0	0.0	0.0	0.0
58.50310096730907	-0.0607480249091381	3422.612822791159	0.0036903225303612	63.69774393666712	0.0027174248065122	4057.402582621213	7.384397579048247e-06	58.16959248458912	0.0143230916622769	0.0002051509547659	3383.701489823167	62.4493209446688	46.42486386067267	0.998464	32.573608	0.0903640838375019	0.048902216221732	-0.0964076099	0.0264702193	0.0476027348	-0.1227296103	0.0868728408	-0.0354379383	0.0171802874	0.0791772854	0.0438309601	-0.0027237639	0.08830671	-0.0213265523	0.097176267	0.0482598929	-0.1166575656	0.1738085852	-0.0937788071	-0.0115161941	0.0499967857	-0.1110578427	0.0156060908	-0.051671376	-0.0002654363	-0.0111593515	-0.007770586	0.0920296316	0.0359167907	0.0484786911	0.0117919011	0.180395202	0.018714362	0.013756672	-0.033821809	0.0023984971	-0.107558433	-0.0032106624	0.0296750168	0.0556885961	0.0861908685	-0.096723533	-0.1194235026	0.0268185543	-0.0542919725	0.0734930694	0.0691857362	-0.0116025691	-0.1177299994	-0.0424850159	-0.0258509821	0.0105548764	0.0398329686	-0.140984556	0.0183599097	-0.025966618	-0.1015653808	0.0619299234	0.0015199149	-0.086236043	0.0320238537	-0.0042986206	0.0255612669	0.0395018694	0.0499270837	-0.1288384932	0.1600473072	0.1520925367	0.1245305692	0.1572022077	0.0051401766	0.0554311037	0.1022951925	0.0736464884	-0.0640474481	-0.0063336748	-0.0257965769	-0.0070172822	0.0285237338	-0.0007801025	-0.0128159853	0.0672357374	0.1214424129	-0.0462486584	-0.1432376769	0.1159453696	0.0129211482	-0.001516629	0.0876009979	0.0444191082	0.0548624317	-0.0631822535	0.1036416127	-0.0201217445	0.0265293092	0.0307894584	-0.0123873668	-0.0224546531	0.0197525498	0.0106736282	-0.0071189045	-0.1225460823	-0.0170234848	0.0123958905	-0.0955276414	0.0238711817	-0.0708288875	-0.0062838504	-0.0127139129	0.1096238809	-0.0015315543	-0.0155990474	0.0234511052	-0.1386818251	-0.0100968228	-0.1466765613	0.0026147306	-0.0474557339	-0.0435986373	-0.043383349	-0.1063272957	-0.0152920686	0.0545589535	0.0409854866	-0.058587286	-0.1507107684	0.0126130574	-0.0420942472	-0.022224391	0.0125495011	-0.0599633822	-0.0754650786	-0.2255686877	0.2055920201	0.009210248	-0.0160746802	-0.025459912	0.0574753219	-0.0080392014	-0.0705298247	0.0450649223	-0.0404417343	0.2039447161	0.0521582446	0.0004997375	0.0904187145	0.0516338728	0.0613327739	-0.0400977145	0.1212311822	0.0433556253	-0.0926347684	-0.0966115403	0.1458173339	0.1269961047	0.0153938318	-0.0082374965	0.0187635084	0.0308053742	-0.0464720672	-0.0131623064	-0.0289880337	0.0059519228	0.0977861363	0.0536324596	-0.0245741295	0.0479430387	-0.1255081226	-0.0697599448	-0.0896150598	-0.16027024	0.0070536613	-0.0075062938	-0.0955406285	0.0566879321	0.0518650914	0.0945205233	-0.0553588483	-0.0485879205	-0.0417518507	-0.0714520881	-0.0686954906	0.0108900183	-0.0171596636	-0.1924280748	0.0405582523	0.0696844425	-0.0400077678	0.0889214675	0.009416433	0.0549152603	-0.0121932624	0.0298966529	-0.0261531203	0.0179758799	-0.1640609473	-0.1465821833	0.0762643048	0.0037408877	-0.0708813468	-0.1057357452	0.0	0.0	-0.0874586155396599	2.531507092840002e-05	0.007649009432114	6.408528161099237e-10	0.1344292457463183	-0.0099371416563087	9.874678429754586e-05	0.018071222111924	0.0394373846649642	-0.0181751033422231	0.0003303343815004	0.0015553073092123	0.0006770757934962	0.0008140699101837	6.627098186664975e-07	4.584316301385089e-07	0.0004236799944812	0.0004298175337089	1.795047377235897e-07	1.847431122836317e-07	0.0020073578511805	-6.430314681998318e-07	4.029485542695996e-06	4.134894690952314e-13	0.0	0.0	0.0	0.0
58.392495063900974	-0.1106059034080928	3409.6834797876995	0.0122336658687203	63.47679019271584	-0.2209537439512843	4029.3028931700655	0.0488205569660897	58.12132301703338	-0.048269467555734	0.002329941498114	3378.0881892503344	62.42020396432222	44.878493921827314	1.025945	33.470165	0.2529465714656366	0.1183578315316273	-0.2352570581	0.0185380551	-0.0075779594	-0.1313946117	0.0835028828	-0.0050637875	0.0724056865	0.066129481	0.1306709539	0.0002690388	0.1811957744	0.0037853939	-0.1130074364	0.0600489327	-0.1300070871	-0.0242078942	-0.1999579985	0.006413678	-0.0117545194	0.0267004523	0.0090128741	0.0007593291	0.0945317615	-0.0002570754	0.1118853589	0.0659443573	-0.0621585689	0.0892584733	-0.0068987149	0.0534506017	0.0941203029	-0.0186438435	0.0452410377	0.0158599832	0.0591491616	0.043939231	0.1477664284	0.1156645337	-0.0788740492	-0.1750203895	-0.0986820451	-0.0053045731	-0.1464696297	0.0554931135	-0.0741349263	0.0592755518	-0.004496053	0.0033534851	0.0204869004	-0.0617335401	0.0007682788	-0.1351337524	0.0086926453	0.1486927144	0.0061982259	0.0907126904	0.062421221	0.1071294077	0.0330583519	0.0822081086	0.0312817053	-0.063398524	0.2032088335	-0.0795687103	0.0167036969	0.019916366	-0.0260111245	-0.0354258694	0.051780023	-0.0009208046	0.1421915212	-0.1109034514	-0.0097567712	0.1421700224	-0.0417465331	0.0027130683	0.0179930671	-0.0451811695	-0.1143665847	0.1437823833	0.0547123595	0.0044187256	0.0586682826	-0.0667953975	-0.0876298642	0.006351897	0.067294524	-0.0271060821	-0.0375072921	0.0299768566	0.0620190176	0.0730894186	-0.0243429853	-0.0224861175	0.1358890854	-0.0870564031	0.0453367213	-0.0957450998	-0.0283287577	-0.0704114855	0.0524336073	-0.174711332	-0.1869129052	0.070513823	-0.0737249369	-0.0701278136	-0.080666252	0.0056439782	-0.0079372436	0.0428636089	-0.0130289952	-0.1135891307	-0.0911514302	-0.0302793844	0.0659584897	0.0428922723	0.0540080491	-0.0081035515	0.0493061459	0.0548565717	0.0847265149	-0.0470529559	-0.0889135983	-0.0525709854	-0.0406132623	0.0698107438	0.0205966723	0.0975997263	-0.0018753791	0.0081195485	-0.2056007323	0.2173974497	0.0202282291	0.127854861	-0.1374361729	-0.1097929647	-0.0383904168	0.091719263	0.0565157612	0.064053305	0.07208237	0.1160105926	0.0099962599	0.1449602116	-0.1675777658	0.0507910196	-0.0713489049	0.1706619047	-0.102828004	0.0040189093	-0.0276844017	0.0509858424	-0.0698299808	-0.0484448854	0.0522924292	-0.0229467162	-0.0929592753	0.130047941	-0.0116589784	-0.0218907257	0.1988116564	0.0068419039	0.0711163447	0.0745129919	-0.0321630421	0.028132384	0.0008939778	0.0844412599	-0.0436532653	0.0130844033	-0.076391283	-0.177162711	0.0337932064	0.1468897977	0.0007097132	-0.0358703873	-0.1108379466	-0.0140647612	-0.07724839	0.0162911387	0.0613077435	-0.0679307163	-0.0946875527	-0.0797368324	0.0355558034	-0.1272141295	-0.1970857332	0.0646144457	0.0265353313	0.1769170147	0.052751093	0.0251989587	0.0911528135	-0.1933747358	-0.116071837	0.0749531689	0.0	-0.0749531689	-0.105999788	0.0	0.0	-0.11223938225055	-0.02478076671089	0.012597678927985	0.0006140863987795	0.155879781254498	0.0214505355081797	0.0004601254735876	0.0242985062039501	-0.0252288462624576	-0.0646662309274218	0.0041817214223586	0.0006364946837347	0.0022438959754895	0.0015668201819933	2.4549254827015177e-06	5.035069148817975e-06	-0.0004801647190701	-0.0009038447135513	2.3055815743966805e-07	8.169352662146317e-07	0.0016370419803422	-0.0003703158708383	2.6799064454027124e-06	1.3713384419472857e-07	0.0	0.0	0.0	0.0
58.45182949205378	0.0593344281528089	3416.616370968128	0.0035205743642208	63.57204204188321	0.0952518491673686	4041.404529374966	0.0090729147698031	58.17953257917969	0.0582095621463096	0.003388353125265	3384.858011131831	62.4165014979737	45.737442698778615	1.085924	35.426903	0.1418700458380911	0.0640364125150073	-0.2379664321	-0.0034348655	-0.0197448522	0.0055256514	0.0010025023	-0.089075489	0.0867036579	0.1091560545	0.1555291762	-0.0069921477	0.0549253252	-0.0005978471	-0.0087400466	0.0231724491	0.004869898	-0.045414696	0.1165334543	-0.0308014504	0.0166616948	0.0176345365	-0.126115279	0.0386950278	0.074740807	0.1007489662	0.0982475957	0.0518936789	0.0630584509	0.024112306	-0.0651329329	0.149812378	-0.1050159861	-0.1604212809	-0.128694158	0.0348972012	0.0677695492	-0.089199954	0.0042744725	0.0243437287	-0.1054530785	-0.0414270816	0.092209285	-0.0134462377	-0.0457283061	-0.0833971855	0.041168517	0.1254812332	0.0316602104	0.1699244579	-0.0069373006	-0.0737274001	0.1283968114	-0.0678634901	0.0972594105	-0.0262058291	-0.069203736	0.0944713105	-0.0006504802	-0.0872904024	0.0680541139	-0.0732447494	0.0754334574	-0.0707227052	-0.0272734982	0.1356434874	0.0151327541	-0.0710988864	-0.0826897727	0.0269236067	-0.0329090669	0.0390838993	0.2092858635	0.0228560756	0.0338320612	0.1137371917	0.0869125273	0.0129422126	0.0390583944	-0.0288780793	0.1350186281	0.095115407	-0.0206344705	0.0467334702	-0.0881408246	0.0158483587	0.1283930383	0.0919984996	-0.1099369028	-0.1388463439	0.0850213245	-0.0023595429	0.0389474336	-0.0506475786	0.04350206	0.0300380843	-0.0052190341	0.0678162363	0.0438630586	0.0019745257	-0.0327624284	0.0636715631	-0.020930663	0.0269257002	-0.1959438059	0.0436092627	-0.0406466761	-0.0514825059	-0.0133824955	-0.050891838	-0.0756617118	0.0695674396	-0.1171607834	-0.0144118664	-0.1002427677	-0.1267002524	-0.0184633513	0.0522352766	0.0593748904	0.0377624782	-0.048372882	0.148688485	0.1326488095	0.0947062708	-0.0213792084	0.0489126598	-0.107654714	-0.1653273329	0.149973957	-0.0125337026	0.050894089	0.0011558706	0.0377217084	0.0368029123	0.099115098	-0.0431518565	-0.1247878383	0.0426241194	-0.153499276	-0.1625677626	-0.1091291912	0.0799493288	-0.0099630247	0.0850712752	0.0648204651	-0.0061063882	0.0024020748	0.0547426372	0.1895117154	-0.0184250716	0.0267602795	-0.0232659413	-0.065962089	-0.1396859008	-0.0413975988	-0.0799325827	0.1398477619	-0.0551861978	-0.0315291674	0.1872461291	0.0508137723	0.0756378663	-0.0054275931	0.0047778913	0.0428202386	-0.0074165423	-0.1829543355	0.0378302506	-0.0434778836	-0.0243098374	0.0974929699	0.0195445289	0.0175692451	-0.2053437883	0.0228352974	0.1196278132	-0.0783092661	-0.1006679594	-0.0360884437	-0.0474336442	0.0549147518	0.0249647758	-0.0326508802	-0.2323554015	-0.1931108438	-0.0989423029	-0.0206119004	-0.1474641548	0.2082860205	0.1103917603	-0.0920237594	0.1250165592	0.1443476669	0.2051519543	0.1027030922	0.0871171617	-0.1916315362	0.0736186857	-0.0037408877	-0.078814908	-0.1057357452	0.0	0.0	-0.1292371157533409	-0.0169977335027909	0.0167022320882424	0.0002889229442319	0.1611796877275111	0.005299906473013	2.8089008622686093e-05	0.0259788917359379	0.0124136452820806	0.0376424915445382	0.0014169571696806	0.0001540985891893	0.0017779658261872	-0.0004659301493022	2.170909040288635e-07	3.161162479089533e-06	6.890132601777843e-05	0.0005490660450878	4.747392727008191e-09	3.014735218684442e-07	0.0010134398883774	-0.0006236020919648	1.0270604073543968e-06	3.8887956910287517e-07	0.0	0.0	0.0	0.0
58.40429168142799	-0.0475378106257906	3411.061286809319	0.0022598434390935	63.36218424866027	-0.2098577932229375	4014.766392761172	0.0440402933764011	58.17802936168758	-0.0015032174921145	2.259662828599225e-06	3384.683100409382	62.40640072642152	45.68624993787003	1.051689	34.310024	0.2375559031262662	0.1219756234148107	-0.2725360735	-0.0426081333	0.0441835244	0.0878316684	0.0107161	-0.0363931142	0.1091874693	0.0516092728	0.2588433612	0.0029549391	-0.0294015015	-0.0616733833	-0.024683213	-0.0685397225	-0.1501387936	-0.0776540571	0.1599886749	0.0375898373	-0.0357360999	0.0449476121	-0.0922134863	0.0672011672	0.0638816153	-0.0116984968	0.022763084	-0.0328768989	-0.0795080549	-0.0686541182	0.0567095389	0.0218997506	0.1511542849	-0.0214026525	-0.0546820179	0.2119505639	-0.0899134083	-0.0339034744	-0.0329336344	-0.0170816301	0.0201331868	0.006661983	-0.0019336304	0.0162055505	-0.1881217798	0.1297825932	0.0454507578	-0.0684436056	-0.1133593844	0.1439590734	0.0355791129	0.0114086286	-0.0257044003	0.1980332339	0.10777291	0.0191681227	-0.0358012465	0.0385976442	-0.0334720373	-0.0417144019	-0.1132272387	0.0582785894	0.0217887014	0.0192865398	0.0467640692	0.0005311434	-0.0937852686	0.0247790099	-0.0884203915	0.0333312405	0.0021607877	-0.0187115764	-0.0836860651	0.0290932188	-0.068433545	0.0468006187	-0.0033302353	0.0279072147	0.0933873352	-0.0512861509	-0.059434158	-0.1246522069	-0.055124035	-0.0106379897	-0.0139449459	0.0033312077	0.0131137362	0.1113103579	0.0661479664	0.0625786938	0.0792697121	0.1383373624	0.1323506008	-0.0710827587	-0.024173303	-0.075383809	0.0766879999	0.0690677202	0.0070377925	0.0254613245	0.0321430933	0.01614799	0.0493580378	-0.09990604	-0.2514993675	0.0241980042	-0.0216636222	-0.0812889068	0.0938810143	-0.0823085995	-0.0884141464	0.0969997478	-0.187796448	-0.0347023876	0.0482916617	0.054596027	0.0325090727	0.0658011569	0.2012740121	0.0153055542	-0.0923254917	0.0812056046	0.0087184978	0.0300002494	-0.0140790029	0.0131767867	-0.0906143719	-0.1408973686	0.0859033887	-0.0059537937	0.0907325003	-0.0307199681	0.0423538717	0.0678285522	-0.1001297347	0.010459513	0.095222849	-0.0043349345	-0.0567040223	-0.0749594519	-0.0807250016	0.0141934693	0.0133883214	-0.0144914826	-0.0646039552	-0.080054011	0.0878715793	0.1133918209	0.0013180658	-0.0195989358	0.0413303316	0.1790905514	0.069482774	0.0265695517	-0.1344977842	0.108351094	0.030689013	-0.1466235836	-0.0332036457	-0.0343869339	-0.1241300875	-0.078049349	-0.0004509115	0.106747618	-0.0538065992	-0.2580043153	0.1205641936	-0.0082317316	-0.0047412277	0.0042729053	0.1302863216	-0.0691786897	-0.0138860719	-0.2623231243	0.0003137482	0.1551890987	-0.2070014635	-0.1213100104	-0.0186081322	0.007683998	0.0566403439	0.0168432333	-0.1098273189	-0.0441200571	0.0277551113	-0.1833084824	-0.0128511452	-0.0902693533	0.1598251569	-0.0548174683	-0.1193905787	-0.017671274	0.0400397449	0.1893708588	0.0468209262	0.0879148763	0.1858512204	0.0722612707	-0.0074771147	-0.0824557403	-0.1049449322	0.0	0.0	-0.1317338902667444	-0.0024967745134034	0.0173538178448106	6.233882970781252e-06	0.1824170665889255	0.0212373788614144	0.0004510262609032	0.0332759861829084	-0.0244783908347088	-0.0368920361167894	0.0013610223288424	0.0005991916178567	0.0034334287853362	0.0016554629591489	2.7405576091143625e-06	1.1788433223975212e-05	-0.000462582524314	-0.0005314838503317	2.139825918007124e-07	2.8247508316349226e-07	-0.000338207574835	-0.0013516474632124	1.1438436367577213e-07	1.826950864808516e-06	0.0	0.0	0.0	0.0
58.35875213602251	-0.0455395454054823	3405.743950873712	0.0020738501957379	63.43768117433771	0.0754969256774416	4024.339392776921	0.0056997857867451	58.09586990617385	-0.0821594555137252	0.0067501761303118	3375.130100155077	62.3956377538292	44.53171395108765	1.109249	36.187836	0.1306590372704827	0.0617572478985167	-0.2777794267	-0.0710522761	0.0106096375	0.0509069352	0.0481366772	0.0219985316	0.0905553597	0.0769704445	0.2251818451	-0.0514784812	-0.0409908275	-0.0473680246	-0.0362036214	-0.074052489	-0.1434479161	-0.0639497332	0.0051931522	0.0323594227	0.0094524532	0.0481475841	-0.0782312758	-0.0577220885	-0.1414791779	0.0534797492	0.0029025833	0.013888707	-0.212134803	0.0233728081	-0.0373134709	0.1251437594	-0.0112944131	0.0363375263	0.0209559565	-0.0614222662	0.0171044447	0.0173042166	-0.0044521283	0.0275533473	-0.053477964	0.1844959883	-0.0326590752	0.0345768954	-0.0686415882	0.1409434947	0.092486759	0.0470002842	-0.0360408456	0.0192332711	-0.0120062589	-0.1033483884	0.0986160124	-0.0746541754	-0.1116808528	-0.0319435497	0.0575633183	-0.0021434456	0.0532618546	-0.1301961498	0.0904973545	0.0525609007	-0.1520308273	0.0107162565	-0.0345793524	0.182540219	0.055143762	0.1057292326	0.1055245832	-0.1451891807	0.0633971662	0.0722706815	-0.0928234221	-0.0178539802	0.1057196899	-0.0071730662	-0.0646086083	-0.0796998285	-0.0045203213	0.0126862235	-0.0290839943	-0.0729498984	0.0400345663	0.1532068005	0.0579087474	-0.0763215336	0.0621637648	-0.0444368389	0.1045379672	0.002797407	0.0579273453	0.0490640912	-0.0371431282	-0.143078509	-0.1403759714	-0.0825547756	0.0661209168	-0.0051234615	-0.1416445608	-0.0273709426	-0.0795073172	0.0490891213	0.0691297689	-0.0771618605	-0.2358426423	0.0242280719	-0.0443513077	-0.0912839916	0.0656794161	-0.1505738273	-0.1431332064	0.0827602586	-0.0582713903	-0.0726944176	0.0624924497	-0.0745250487	0.0589852419	0.0311242591	0.1249724086	-0.0584734751	0.0968662224	-0.0498627888	-0.0775208471	-0.0122608286	0.0358839251	-0.0201152084	-0.0117815717	-0.049568801	-0.161576694	0.0379728761	0.1291620637	-0.0533988201	-0.0784625573	-0.0382896723	-0.1362002109	0.2015707437	0.0227725063	0.0318947176	0.1516878565	-0.042202111	0.0713641627	-0.056958521	-0.0985166951	-0.0915895246	-0.0642519033	0.1005367121	0.1020091906	-0.1154833287	-0.137047008	-0.2207777217	0.0847311352	0.0207201446	0.0615572222	-0.0591291208	0.0285514079	-0.0476556739	-0.0561356021	0.0199141606	0.1580132674	-0.0386922278	0.069982635	0.0577831568	-0.0324821533	-0.0351943368	0.0989054457	0.1124433548	0.0311069877	-3.89e-05	-0.009317733	-0.0751756929	0.0608768806	-0.1298123805	0.0381617675	-0.2466415281	0.0183365836	0.1525270453	-0.2143824237	-0.0244957022	0.0108241729	0.0418428864	0.0283100384	-0.0482467976	-0.0491334973	-0.0644141948	-0.0628940318	-0.0334371801	0.0606429278	-0.1386770864	-0.3401152543	-0.0786455506	0.200323087	0.0008159511	-0.1086004751	-0.235222944	-0.02407017	-0.1281893866	0.3500563976	0.0708813468	-0.0112040262	-0.085865461	-0.1036312889	0.0	0.0	-0.1167771614787085	0.0149567287880359	0.0136369054430243	0.0002237037360388	0.1932028493006754	0.0107857827117499	0.000116333108705	0.0373273409778994	-0.0143939820428542	0.0100844087918546	0.0001016953006812	0.00020718671905	0.0040930343364155	0.0006596055510793	4.350794830146276e-07	1.6752930079076274e-05	-8.593136567225379e-05	0.0003766511586417	7.384199606298596e-09	1.4186609530616986e-07	0.0005221780550208	0.0008603856298558	2.726699211453056e-07	7.402634320623617e-07	0.0	0.0	0.0	0.0
58.52139391034844	0.1626417743259338	3424.753545210168	0.0264523467558879	63.55073142111153	0.1130502467738168	4038.695464158252	0.0127803582956208	58.15714515847569	0.06127525230184	0.0037546565446541	3382.2535329840125	62.49725167794682	45.6542389717969	1.153239	37.622952	0.3197574602760804	0.1682096888896938	-0.1603071218	0.0011592289	0.0676820978	-0.069793868	-0.0555925683	-0.0935673873	0.0783287053	0.0968995848	0.1218366165	0.063013935	-0.0280923317	-0.1217602836	0.0922854274	-0.0256922112	-0.1324625623	0.0322384395	0.2028036012	-0.0157152161	-0.0656822168	0.0068550291	-0.1174595207	-0.1052480902	0.0069334974	-0.1126324035	0.0812538109	-0.1198791707	-0.0285406069	0.0237110768	0.0269657697	-0.1392209372	0.0290657499	0.0389707026	0.134733977	-0.0239361395	-0.0325451516	0.0040548798	-0.0052873845	-0.0850697788	0.1644624935	0.08226636	0.0557365078	0.0341151824	-0.0816512092	0.1208253224	0.0633607794	0.0059934894	-0.0093322051	0.0375781364	0.1199340992	0.0255951384	0.0343493185	-0.1135870755	0.0124185107	0.1758483292	0.0708352415	-0.1715660401	-0.070674147	0.0115973658	-0.1177796582	-0.0473609417	0.0223039714	-0.0927454804	-0.0045485797	0.0716738332	-0.0504818065	0.0436709387	0.0998881203	-0.1279566129	0.1000042615	0.0037673592	0.1333157594	-0.0915355005	-0.0250243143	0.0394301709	0.1589164364	0.1172299074	-0.0489182329	0.1136518971	-0.0191116479	0.0405731001	0.0259984949	-0.0323761064	0.00253241	0.0120672523	-0.0906596169	0.1235495222	0.0119419162	-0.0630671302	-0.017734358	-0.0893878922	-0.0036596647	0.0301791824	0.0350088332	-0.1064300943	0.0624535781	0.0111708031	0.0142935963	-0.0239594753	-0.0486202012	0.0630427741	-0.1218012217	0.0732035981	-0.1437581412	0.0467634603	-0.0463962173	0.0259001272	0.0884415473	0.0615423829	-0.2104982894	0.0613033269	-0.2527612928	-0.0173098284	0.0858749368	-0.120361543	0.0052348877	-0.0055524176	0.1210025426	-0.1012240362	0.0305973161	-0.0241116176	0.0524742824	0.0416093312	0.0281551083	-0.0464839721	0.0351396701	0.1389758259	-0.0958495981	-0.0201627391	-0.0108038142	0.0336694086	0.1039860036	-0.1247310595	-0.1082187527	-0.0204793223	-0.0722408836	-0.062303853	0.1194749137	0.0834571601	-0.1278421749	-0.0761499479	0.0059340796	0.0100730893	-0.0068061735	0.0176509874	-0.1125830915	-0.1342804708	0.100727791	0.0049887976	-0.1646847593	-0.066513215	0.1053467145	0.0926124942	0.0272200001	0.0856533689	-0.0575278247	0.1490931125	-0.0363017135	0.011835849	-0.0705551648	-0.1470102176	-0.1004687297	-0.1560997386	-0.0248280789	0.0416888174	-0.1662640751	0.1511778435	0.0455253455	-0.0683862872	-0.1540937189	0.0278621825	0.0471690099	-0.1658569547	0.0321273909	0.0408159028	-0.1456765967	-0.0722946443	-0.1225945327	0.0015556195	-0.0276640697	0.0014674544	-0.2422895632	0.117958001	-0.1313625514	0.1336499183	0.0659721932	-0.1112356166	0.1365612238	-0.1060138952	-0.0299117116	0.0360135473	-0.0751139021	-0.168248264	-0.0020349032	0.127372675	-0.0420115836	0.0694793439	-0.0149169788	-0.0890345132	-0.1018013597	0.0	0.0	-0.1024029273713864	0.014374234107322	0.0104863595342294	0.0002066186061721	0.1430378749215464	-0.050164974379129	0.0025165246544586	0.0204598336620719	0.1104115151430278	0.124805497185882	0.0155764121278152	0.012190702676179	0.002163022794568	-0.0019300115418475	3.7249445516645647e-06	4.678667609820761e-06	-0.0003538793880888	-0.0002679480224165	1.2523062131410353e-07	7.179614271693795e-08	0.0001118825272099	-0.0004102955278109	1.2517699894874012e-08	1.6834242014162502e-07	0.0	0.0	0.0	0.0
58.54407471547845	0.0226808051300082	3427.4086842915235	0.0005144189213454	63.64072179913224	0.0899903780207083	4050.141471114545	0.0080982681363099	58.22193284609418	0.0647876876184838	0.0041974444669502	3389.7934643351	62.506840623156585	46.01188691814153	1.170781	38.19524	0.2302961737551441	0.1234461072460898	-0.0921872751	0.0022581476	0.0338780378	-0.058930401	-0.0248893488	0.0087954533	0.0544195426	0.0931350855	0.0662900849	0.1039813254	-0.127121452	-0.1067752188	0.1583464838	-0.138333676	-0.0432394188	0.0352519761	0.0108125478	-0.0485894626	-0.0160899634	0.1109207435	-0.0710525553	-0.0967648866	-0.0391621657	-0.036002085	-0.0953501337	0.0683628634	0.0623667222	0.050803866	-0.1746065008	-0.1632421968	0.0268263469	0.0370112686	0.0331531785	0.0961698884	-0.0450726332	-0.0012581099	-0.0383874341	-0.0041415417	-0.0100977696	-0.0678163544	0.0432707921	-0.0611429028	-0.0113882153	-0.0490852342	0.046310128	-0.0723308417	-0.0893961675	0.1241620872	0.1492496089	0.0378836227	0.0515450459	0.0611139043	0.0631309106	-0.0122162346	0.1915583516	0.1068714561	0.0141692635	0.0520697383	0.0375397341	0.0226174456	-0.1299366459	-0.0054123319	0.0297552047	0.0716895854	0.0113928235	0.2207957941	-0.082070994	-0.1072915277	0.0608398985	0.0057407078	0.1039346332	0.090378171	-0.0735236488	0.0583938582	-0.002147902	-0.0214172249	-0.045603729	0.0713694074	0.057795766	-0.0271577658	-0.1312774219	0.0463207351	0.0596478865	-0.0219331605	0.0601409741	0.0864408493	-0.0500763944	0.2148351248	-0.0641669495	-0.0478255443	-0.0554374813	0.0482871902	0.0297355273	0.057955637	0.0908902097	0.0668647723	-0.0676569807	0.0635581977	0.0551089746	-0.1185406425	-0.1132344231	0.0392929105	-0.071452142	0.0735324589	-0.0136903184	0.0601111089	0.1325366627	0.0258696306	-0.32876955	-0.0576008992	0.0244786793	0.057241738	0.1392511669	-0.056061913	0.1840877446	0.0244375347	0.1508278435	0.1037717669	0.2109754967	-0.2400735951	-0.1991660641	-0.0670753581	-0.0172529219	-0.0479112489	0.2206749345	0.0649512914	0.0841869041	0.0373298429	-0.193088991	0.0296837041	0.0641676214	-0.139752247	-0.0042669243	-0.0839028254	0.0978904873	0.0910072745	-0.1020836517	-0.0791312127	0.0409093356	0.0239916675	0.1584848975	-0.0281770393	0.0392114713	-0.0403778547	-0.1010344732	-0.0623609566	0.0254963351	-0.0185306135	0.0562194039	-0.0725807472	-0.0447583405	0.0170432976	-0.0089421706	-0.0198059995	0.0526861602	-0.0036428537	0.0593143238	0.1095777519	-0.0327038349	0.1654866176	-0.0038436544	-0.0469424238	0.0482115223	-0.0386067189	0.0923430251	-0.0697306492	0.0297515469	0.067372052	0.0112886281	0.0615911347	-0.1318733169	-0.0909111301	-0.0062386769	0.0232548686	-0.2134029668	-0.085868507	-0.1657763992	0.1258278796	0.2385296663	-0.1610511113	-0.0955107268	0.2659225311	0.0874384904	0.2803902517	0.0742898249	0.1661640624	0.0236429588	-0.0859084271	0.3041714994	-0.1283926256	-0.016809374	0.0421299932	0.1613480262	-0.0777013165	-0.0924694927	0.0680556987	-0.0186113467	-0.0919540145	-0.0994642612	0.0	0.0	-0.1234359399672087	-0.0210330125958222	0.0152364312755883	0.000442387618856	0.1379614506863191	-0.0050764242352273	2.577008301600314e-05	0.0190333618754736	0.1178915812632723	0.0074800661202445	5.595138916322964e-05	0.0138984249327547	0.001201758156707	-0.000961264637861	9.240297040020396e-07	1.4442226672118066e-06	-0.0013096461086956	-0.0009557667206068	1.7151729300215275e-06	9.134900242194772e-07	-0.0019052195303993	-0.0020171020576092	3.6298614590149296e-06	4.0687007108112695e-06	0.0	0.0	0.0	0.0
58.62623682906701	0.0821621135885593	3437.035644737853	0.0067506129093393	63.65380022234453	0.013078423212292	4051.806282746149	0.0001710451537198	58.2628027515225	0.0408699054283232	0.00167034916972	3394.554184462818	62.6208740118722	46.51261679780912	1.174977	38.332115	0.6838807041127766	0.311498049462972	0.0760162359	0.0405722961	0.0688998459	0.0541058975	0.0320244116	0.0136985977	0.0431156218	0.0987811522	-0.1135245063	0.1214701825	-0.2190780697	-0.0115421596	0.1354516153	-0.0093923423	-0.0370421002	-0.077002655	0.024012428	0.0798742971	-0.1725973918	-0.0709228494	0.0744296824	-0.1301053059	-0.0688258074	-0.0507254604	-0.1025347201	-0.0335527612	0.0459479532	0.0910872891	-0.0316386188	-0.0252653422	0.016533791	0.102063717	0.0083748676	0.0686411016	0.093577119	0.0303942284	-0.0961570758	-0.000163403	-0.1103577103	-0.0042975216	0.0084913609	0.1727627236	0.0438811692	0.0310776297	0.0448489216	-0.0873566474	-0.0122130308	0.0320126618	-0.1260458404	0.0301467926	-0.1802433887	-0.1353863522	-0.0221472202	-0.0066492684	-0.0612430415	0.0013532492	0.0088481156	-0.0012057412	-0.0732597449	0.0142056005	0.1266402236	0.1343159703	-0.0789439456	0.0668438604	-0.1203144206	0.0634619685	-0.0398432915	0.0541438885	-0.0368479385	0.0889101025	0.0523299661	0.117035062	-0.1367346777	0.0065414129	-0.0390717022	0.0890828535	0.0135795114	0.1111877688	0.0725250476	-0.0943389088	0.1180305466	-0.0574272278	0.0198484082	-0.0405495037	-0.1081628952	-0.1333940166	-0.0574684706	0.1051817104	-0.1179001503	-0.0147585882	0.0122636782	0.1248275248	0.0337024063	-0.0293766077	0.0704263698	0.0753757717	0.0128391635	-0.0646741452	-0.0154062951	0.0229010447	0.0691932296	0.0861353373	0.0866069893	0.1327267277	0.0175428071	0.1244033921	0.151986927	-0.0553505395	-0.1499937195	0.0182872308	-0.0080282864	-0.023741813	0.0542659175	0.0877202607	-0.0328184074	-0.0123689648	-0.0091547455	0.0711526096	0.054996458	-0.0003245263	-0.0529733046	-0.124464595	0.1228473619	0.0304606331	-0.0929131136	0.0482509067	-0.0175542172	-0.0765217871	-0.0366004989	0.0410633179	0.012592963	-0.1426813263	0.0905868314	-0.0409346654	0.1873945847	-0.1726984856	0.1145460545	0.0096484548	-0.0728817429	0.0253905583	0.0553255687	0.1264657253	0.1080297122	0.0350105055	-0.0077251499	0.1927514594	0.0690800628	0.1769363327	0.0377915111	-0.0140364571	-0.0773229415	0.0964351359	0.0002480228	0.0300081952	-0.0207536818	-0.0527830081	-0.0506873297	-0.0721208191	-0.0483154201	0.1148888153	0.0497437885	-0.0664825906	-0.1911534715	0.0562602495	0.0106352961	-0.0935522035	-0.080962938	-0.0792636187	0.0129222806	0.050306756	-0.0063025352	0.0763326045	-0.0857920822	0.0006761538	-0.0843209791	-0.0143245134	0.0458900794	0.1832640098	0.0198677124	0.0324875911	-0.0120927283	0.092148201	0.0126981661	0.0243933471	0.028301935	0.1433296907	-0.0386698631	0.043089869	-0.0212879212	0.0847721843	0.0003251056	-0.0566466756	-0.0258516774	0.0923507907	-0.0320301993	0.0666108546	-0.0222825273	-0.0946157819	-0.0966316368	0.0	0.0	-0.0529117298967207	0.070524210070488	0.0027996511606635	0.0049736642060663	0.1255967153314401	-0.012364735354879	0.0001528866803961	0.0157745349020467	0.2662694252937569	0.1483778440304846	0.0220159845991348	0.0708994068462676	-0.0022152060367401	-0.0034169641934471	1.167564429929959e-05	4.907137785209781e-06	-0.00445216815282	-0.0031425220441244	1.982180126098465e-05	9.875444797807798e-06	0.0005875725251677	0.002492792055567	3.452414723319475e-07	6.214012232297949e-06	0.0	1.0	0.0	0.0
58.637271860412085	0.0110350313450737	3438.329651231875	0.0001217719167867	63.78459704011456	0.1307968177700331	4068.474819569791	0.0171078075387672	58.31912230824026	0.0563195567177601	0.0031718924688849	3401.120026803487	62.60926760293719	47.22482267897931	0.938726	30.624739	0.2569451661831931	0.1303048082339687	0.0984783837	0.0695104325	0.1261118681	0.1449342949	-0.0275374973	0.0212937867	-0.0059079224	0.11187261	-0.1723103226	0.0923040841	-0.1879793933	-0.045983733	-0.0051398324	0.0667874247	0.1642598592	-0.0093287603	0.0600317758	-0.0248188394	-0.1290303253	0.1251002283	-0.0288875344	0.0865610376	-0.0238987558	-0.0626166229	0.1698518516	0.0577485354	0.0810320726	0.0812981598	-0.0489472502	-0.075551489	0.1602065988	-0.0276972067	0.0417278132	0.0554482094	0.1134790334	-0.1017849035	-0.0312862159	0.1461858302	-0.0696855526	0.0179922846	-0.0746281526	-0.0308248424	0.1642004631	-0.0637637807	0.0061144208	-0.1446915705	0.0176487226	0.0305730509	-0.099717092	-0.0183941447	-0.0380117536	-0.0608081751	-0.0907333406	0.0299593578	-0.0414545372	-0.0584909785	0.0757801221	0.0260606223	-0.1116433921	-0.0290671345	0.0411740889	-0.07536694	-0.164111548	-0.091883717	0.1580082898	-0.0024980968	-0.0251866628	-0.112337362	0.0785824662	0.0386865684	0.0199679523	-0.0342151991	0.0104092276	-0.0575255022	0.0135550971	0.0389518449	0.1155845125	-0.0420334785	-0.0555972739	-0.0646922733	0.0398154148	0.0849318804	-0.0140723483	0.0365267137	-0.0519664415	-0.0450126696	-0.0032886679	-0.0811711556	0.0466238631	0.0013504033	0.0858144208	-0.0498347081	-0.0648876868	0.1005873243	-0.0317691446	-0.1292003251	0.024715619	0.0475699498	0.055333675	0.0508782967	0.0428275239	-0.025801482	0.1193403018	0.1632193824	0.0724213394	0.1090387414	0.1553129996	-0.0941955107	-0.0397073912	-0.0189854127	-0.0962155529	-0.0362128734	-0.007926834	0.1093800964	-0.1040988357	-0.1266754582	-0.0465752134	0.0571309804	0.019263089	0.0155926777	-0.0381727208	-0.0763446985	0.0637326849	0.0651499965	-0.050046233	-0.0196257339	-0.1029376984	-0.0208763781	-0.0241358634	0.0257073584	-0.0991933991	0.0227716006	0.1039475463	0.0086001895	0.0721881966	-0.0698272617	-0.0130990011	-0.0548310464	-0.0446153437	0.0016787784	-0.1151956789	0.0622103923	0.2088596855	0.0159413304	0.0392633252	0.0720593428	-0.0172654389	0.0190730505	-0.0034805779	0.0899524626	0.0114256041	-0.0297679695	0.1216289914	-0.050707542	-0.0414176293	-0.0188119373	0.1058951631	0.0979109964	-0.0010828283	-0.0606800507	0.0346030867	0.0343027994	0.0348363576	0.0206122938	-0.0852406865	0.0902001447	0.1064315388	0.0424551984	-0.0073876668	-0.0015013097	0.0315840211	0.1137262945	-0.1615376002	-0.0191678268	-0.0646702845	-0.023837117	0.0928688202	0.2340119242	-0.0256180186	0.1184306678	0.0043931571	-0.0004181251	-0.0400713787	-0.0219565078	0.0800676503	0.0528808784	-0.0673782327	-0.0415891345	-0.0686561739	0.0571957719	-0.0047528866	0.0346079738	-0.1035940265	-0.0006266433	0.0890122757	0.0651452616	-0.0259259465	-0.0970123549	-0.0933175984	0.0	0.0	-0.0681704710510615	-0.0152587411543407	0.0046472131233236	0.0002328291816151	0.1240452948931079	-0.0015514204383322	2.4069053764748808e-06	0.015387235185118	0.321493764351267	0.05522433905751	0.0030497276243388	0.1033582405167479	-0.0040602265496066	-0.0018450205128664	3.404100692898162e-06	1.6485439634130314e-05	-0.0059439873446747	-0.0014918191918546	3.5330985553652986e-05	2.2255245011860097e-06	0.0009489461311067	0.000361373605939	9.004987597423743e-07	1.305908830693557e-07	0.0	0.0	0.0	0.0
58.49170470088298	-0.1455671595291079	3421.279518815296	0.0211897979333727	63.68931137237168	-0.0952856677428855	4056.328383086912	0.0090793584772075	58.30910832097554	-0.0100139872647204	0.0001002799409379	3399.952113187259	62.47959958371855	47.194443354816286	0.90154	29.411596	0.1201647991863549	0.0598401648996356	0.0910375671	0.0703024087	0.0903606936	0.1335635665	-0.0322973223	0.0615182837	-0.0007405008	0.0764071575	-0.1414268771	0.0674467299	-0.1302870745	0.0823641778	-0.0011545013	0.0541576746	0.1859005288	0.1377142739	-0.0448260546	-0.0818720771	0.007529925	0.1131039755	-0.0452839288	-0.0665326537	0.0395984838	-0.0184596031	0.0208296112	0.0620878813	0.0157637822	-0.0536740154	0.0535650972	0.1119460353	0.0696578316	-0.0851762088	0.0427968555	0.0873997484	0.1566525381	-0.0912388488	-0.0252857888	0.0672440235	-0.004548946	-0.0146167914	0.0332570859	0.0684407995	0.1500468786	-0.088638686	-0.1378448757	-0.0367337579	-0.0304398182	-0.1488320806	-0.060546459	-0.0470591457	-0.0135792921	0.0451707224	0.0096827655	0.0339792532	-0.1123488621	0.0944829641	0.0812139534	0.0377292618	-0.0844297344	0.0491105382	0.1229474255	-0.063816949	0.0114259243	0.0375131028	-0.0227915881	-0.0065933022	-0.041606104	0.0424917733	0.0526385083	-0.1450618241	-0.047388964	-0.0429901825	-0.0224978402	0.0232481409	-0.058433735	-0.0298687335	-0.0228828121	-0.1104128546	0.0534253016	-0.0679393494	-0.0586527641	0.0423125709	-0.0081135127	-0.0039407712	-0.0225496877	-0.1176003071	0.0488515005	0.0433531002	0.0052373051	-0.0777834821	0.0491749564	0.0602544406	0.0290840577	-0.0210425231	-0.0455638254	-0.0265845187	-0.1064692774	0.0061011689	0.1025654689	0.016386145	-0.0814979734	-0.0248543032	0.118063154	0.1257717071	0.1106073104	0.0473638276	0.1384180496	-0.033430482	0.0120607662	-0.0030537801	0.0158382141	-0.0134880418	-0.1203759844	-0.0016583556	-0.0706205588	-0.10993901	-0.043113712	0.0576728392	-0.0486425571	-0.032124505	0.0054156882	-0.0883534251	-0.0056070401	0.0681186718	-0.0752573387	0.0200537747	-0.0862482157	-0.064894122	-0.144836638	-0.0012911212	-0.0555266037	0.0654673938	0.1082232983	0.0926553402	-0.00183669	0.0028145905	0.0072286677	0.0448705024	0.0495718112	0.0322725935	-0.0479050446	0.0440445689	-0.038166103	-0.1060444862	0.2021681233	-0.041637334	-0.0150225816	-0.1408742103	-0.0204328582	0.0595682035	0.0720629984	0.0044778279	0.0580183965	0.0593021535	0.0861197733	0.0672199089	-0.0890323434	0.0350190527	-0.0947626574	-0.1335709657	0.0520267779	0.0859222569	0.010551135	-0.0324038064	-0.0231465228	0.1027827904	0.0831103013	0.0273816919	0.0079517096	0.1087620189	-0.1552038961	0.1148918734	-0.1374337657	-0.0104164322	-0.0275608076	-0.0329998394	0.0826906486	0.1645348497	-0.0334514939	0.061642469	0.1049209827	-0.0387861763	-0.0879894459	0.0416367826	0.0848193471	0.0466726784	-0.0206134867	-0.074445854	-0.0557752146	-0.0255195569	0.0489893647	0.0055483772	-0.0619325453	-0.007993619	0.0285000711	0.0636593764	-0.0295370653	-0.0991370163	-0.0895386565	0.0	0.0	-0.0535690584774215	0.0146014125736399	0.0028696440261574	0.0002132012491456	0.1513797765064453	0.0273344816133374	0.0007471738850698	0.0229158367351413	0.2922654512048694	-0.0292283131463975	0.0008542942893838	0.0854190939679859	-0.0040613560061236	-1.1294565170003046e-06	1.2756720237944593e-12	1.649461260847624e-05	-0.0050502973892554	0.0008936899554192	2.550550371991991e-05	7.986817364173499e-07	0.0008637537059834	-8.519242512330005e-05	7.460704646000578e-07	7.257749298389086e-09	0.0	0.0	0.0	0.0
58.35304919850444	-0.1386555023785334	3405.07835076308	0.0192253483398434	63.48573933456306	-0.2035720378086196	4030.439098856087	0.041441574577554	58.27158954322144	-0.0375187777541015	0.0014076586841616	3395.578147893674	62.394529407891206	46.72319839248949	0.951795	31.051115	0.1527525202730466	0.0761053840390988	0.1430543486	0.0618535537	0.0052825937	0.1376205064	0.0793462651	0.0365454295	-0.0173847124	-0.0186439971	-0.1395765478	0.0538242958	-0.0608082979	-0.014555276	-0.1012129312	0.1032899911	0.0309717348	0.0994520734	0.0751187202	0.1053369588	-0.04593272	0.0109512623	0.0159798489	0.036139907	0.2139666035	-0.1970976646	-0.0253554587	0.2045123019	-0.0540844586	0.0686973939	0.0379303369	-0.0529106316	-0.1128004478	-0.0227655257	0.046320646	-0.0678300866	0.0360730975	0.122447455	0.0118060899	0.0027038124	-0.0882340971	0.0056752884	0.0276095487	0.0830787049	0.0976699772	-0.0208772786	-0.067944924	-0.1307000798	0.0091381662	0.0608419046	-0.0319361617	0.1093002644	-0.1128305693	-0.0773717449	-0.0495229839	-0.0826155249	-0.1078438917	-0.0531936119	0.0356862736	-0.0626755074	0.1025538764	0.0105374987	-0.0490878718	-0.0767926703	-0.07088969	-0.0085544132	-0.060368963	-0.167935842	0.0055867802	0.027664089	0.0513310863	-0.0677757417	0.0132798219	0.1573629042	0.0321510598	-0.0077971581	0.0574251601	-0.1169918266	0.03377664	-0.0204494735	0.0511485539	0.2081920064	-0.0657415783	0.0021707932	-0.0818165993	0.0182176406	0.067134427	-0.0649361005	0.0354789547	0.1595810731	0.0924539789	-0.0466308481	0.0264186235	-0.0306130906	0.0055761009	-0.0999844316	0.0971233217	-0.0277747848	-0.0400752865	-0.1171798321	-0.0360465506	0.0822741663	0.0038542672	-0.109855812	0.1428807509	0.0855969912	0.1448584178	0.005545921	0.1197842114	-0.0411033065	0.0505535198	0.0280245418	0.075886	-0.0747884971	-0.1208083454	0.0360844297	-0.0843887178	0.0884600971	0.0385675835	-0.0334706212	-0.0436432367	-0.0104177136	-0.0553156523	-0.1571907783	-0.0558599818	0.0026588202	-0.0258444639	0.0268201665	0.0344380064	-0.1823376433	-0.0574954984	-0.022990014	0.0274168534	0.1190899276	-0.0403577636	-0.0132543321	0.036003745	0.1145779928	0.024578188	0.1350389289	0.0144443385	-0.0875495971	-0.0613384574	-0.0873765885	-0.0138826052	0.0423080852	0.0680785862	-0.0094797363	-0.0679330754	-0.0075632121	-0.109690416	-0.0915592657	0.1597374774	-0.0260365171	-0.0604004512	0.117925949	0.0434721517	-0.019375538	0.0783085286	0.0257376658	-0.0554922055	0.0440217107	0.0086755369	0.0319325736	0.091863269	-0.045068985	-0.0545219447	0.0105142699	-0.0476794881	-0.0629934048	-0.0148360744	0.0509648366	-0.0386579431	0.1341053084	-0.1454943277	0.0047959496	-0.0840271356	0.0717443986	0.0845731248	0.090950983	-0.0499274561	0.0361130346	-0.0190359556	0.0704450982	-0.0973074521	-0.0654222301	0.0147946554	0.0892830717	-0.047634744	-0.1628193723	-0.0381653426	-0.0377356923	0.0420058767	0.1231102059	-0.0284169377	0.0306698921	-0.0887306084	0.0621536617	-0.0331113845	-0.1009838109	-0.0853136375	0.0	0.0	-0.0105011089753475	0.043067949502074	0.0001102732897121	0.0018548482743131	0.1409620741855377	-0.0104177023209076	0.000108528521647	0.019870306358689	0.3050464723073744	0.012781021102505	0.0001633545004226	0.0930533502671737	-0.0031220646008105	0.0009392914053131	8.822683440950592e-07	9.747287371634024e-06	-0.0056706250977596	-0.0006203277085042	3.2155988999341074e-05	3.848064659380719e-07	0.0006936558728495	-0.0001700978331339	4.811584699386017e-07	2.893327283684809e-08	0.0	0.0	0.0	0.0
58.24396224922825	-0.1090869492761967	3392.3591384895253	0.0118999625023875	63.28109204679951	-0.2046472877635494	4004.496610635512	0.041880512388977	58.206871977069866	-0.0647175661515717	0.004188363368583	3388.039945355001	62.323629733193656	46.54514904329691	0.967406	31.560387	0.1941749425718725	0.0863546252855447	0.0974657681	0.1252525322	-0.0016962522	0.0295846303	0.0567880311	0.0827201755	-0.0132263873	-0.1621686565	-0.1315893534	0.213335401	-0.1247803331	0.0501385423	-0.1879289222	0.0559120965	-0.0117313816	-0.0181592738	0.0407246389	0.0547349717	-0.0178836299	-0.0034134588	0.0296108164	-0.1076431935	-0.0149996082	0.0075010873	0.0802196558	0.1071521669	0.0439297508	0.0958299143	0.0526118291	-0.0395915712	0.0512322722	-0.1270250776	-0.1192487753	-0.0342133129	-0.121508198	0.0250007219	0.1227688397	-0.0961803731	-0.0735949741	-0.0499327493	-0.0004154269	0.0177408106	0.0419492684	-0.0631176073	-0.232699001	-0.0085348406	0.0833115261	-0.044209237	0.0142733827	0.1179088854	0.0811837621	0.0837070671	-0.045171888	-0.1392218388	0.0800456515	-0.0306448167	-0.0472044081	0.0992712169	-0.0106953361	-0.0464032234	0.0086627313	-0.117938245	0.0470947107	0.0120910611	0.038147686	0.005654405	-0.0604438888	0.020439403	0.089448448	0.0520416375	0.0154126368	-0.0206081747	-0.00019652	0.0616128311	-0.0495624637	-0.0763360703	0.0738830703	-0.0758102313	-0.0042371219	0.1062014451	0.0866770423	0.0853826722	0.0144442621	0.0544264669	-0.0045185781	0.0002859842	-0.0726424703	-0.0242915475	-0.0870983864	0.0480733644	-0.0051040779	0.1195855839	0.0422666511	0.1063459978	-0.1055876354	0.062162764	-0.0389166499	0.0147284817	0.1533399158	-0.0421825923	0.0260632454	-0.0046398199	0.1434247167	0.0349483987	0.2106194066	-0.0284515307	0.0587967084	-0.0200245452	0.0353863964	0.1157397533	0.0293636269	-0.0709886838	-0.1234807096	0.0755542718	-0.079007695	0.0372830121	-0.0427514866	-0.0500168309	0.1046649807	0.0439704492	-0.0489387008	0.0130217024	-0.1915996982	-0.0054770942	-0.0608645443	0.1030323695	-0.0488603247	-0.1550811205	0.0060985392	-0.0942526134	-0.0025955752	0.0027125448	-0.096012875	0.0111035745	-0.2003099813	0.0978183443	-0.0440012065	-0.0261880133	-0.0108457474	0.0070812949	0.0923649355	0.0169721331	-0.0110083987	0.0049849279	-0.1725122712	-0.1275714451	0.0652934475	-0.0255253833	0.107876944	-0.029113511	0.0335669812	0.0098553237	-0.0369384766	0.0113833684	-0.0362138037	-0.212208201	0.0660911524	0.0321556931	0.0172201625	0.0871281154	-0.0805102322	-0.0400180058	0.0437901546	-0.0136746886	-0.0230131844	0.089240056	-0.0680349647	0.0897924386	-0.101619936	-0.0165198861	0.06672899	0.1051164417	-0.1547646547	-0.0570997833	-0.1016788594	0.0527513219	0.0144599131	0.1043234384	-0.1940494674	0.0502693476	0.0658862506	0.0124882969	-0.0517513981	-0.0137964838	0.094247298	0.0012545179	-0.0614987914	0.0037613563	-0.0031095095	0.0207375943	0.0226856121	0.1305137943	-0.098879237	0.0822578801	-0.012336535	0.0606285865	-0.0366444511	-0.1025475623	-0.0806635902	0.0	0.0	-0.0495194218423051	-0.0390183128669576	0.0024521731395961	0.0015224287389837	0.1602336258367813	0.0192715516512436	0.0003713927030465	0.0256748148488016	0.3371326478960057	0.0320861755886313	0.0010295226639044	0.1136584222773721	-0.0021138919069074	0.001008172693903	1.0164121807318331e-06	4.468538994088604e-06	-0.0060699866951103	-0.0003993615973507	3.6844738478816064e-05	1.5948968543850277e-07	0.0013620996308965	0.000668443758047	1.8553154044883816e-06	4.468170576719964e-07	0.0	0.0	0.0	0.0
58.31542485406536	0.0714626048371158	3400.688775910144	0.0051069038901057	63.47086800363593	0.1897759568364208	4028.551085134975	0.036014913793179	58.22898301239511	0.0221110353252456	0.0004888978831542	3390.6144626577984	62.375078159930666	46.27730752978214	0.934171	30.476128	0.1375195225745999	0.0734301242414583	0.1005012544	0.0957102815	-0.0097670573	0.0024767146	0.0191436514	0.1282741509	-0.0775055214	-0.1262246524	-0.1092617681	0.1231479829	-0.0132738497	0.0018562437	-0.1636602391	-0.0203690596	-0.0291248048	0.0136663388	-0.0020705746	-0.0179727023	0.0870885268	-0.0358269531	-0.0797311897	0.0307720017	0.0188820565	-0.0961300074	0.0896418283	0.0022804412	-0.1212576887	-0.121479032	0.0189381033	-0.1065729488	-0.0520519109	0.0378554591	0.0517515812	-0.0174385591	-0.0704874821	-0.1627107529	0.1318397716	-0.0317382912	-0.0126075033	-0.0952862902	-0.0654600325	-0.1364741494	0.0843278054	-0.0026202836	-0.0340393294	-0.0624360397	0.0856046924	-0.0709230517	0.0298125302	0.0775005367	0.0585920518	0.1137980288	-0.076070894	-0.1138366854	0.0228475504	0.0676188864	0.0826702516	0.1460047637	-0.0430201633	0.1122148819	-0.020164289	-0.0132834212	0.1485813781	0.0744304527	0.0963482468	-0.0259227461	0.1345383945	-0.1434744035	-0.0684304693	0.2115316354	0.0696071434	0.0180042396	-0.0489553248	-0.1869814223	0.0099678061	-0.0850570365	0.0376294204	-0.0134878819	0.0554261698	-0.0684670405	-0.1195497042	-0.023503907	-0.037207963	-0.0180715648	-0.0029305835	-0.0357175662	-0.0775750917	-0.0599096987	0.0621210292	-0.0070970407	-0.0038587165	0.0346686367	0.0785672368	-0.0335712312	-0.0435919715	-0.0948551621	-0.1024174898	-0.0149680896	-0.0254743513	0.0821441103	-0.1164571793	-0.0442811822	0.1375662455	0.0129624687	0.1395740941	-0.0066738801	-0.006396118	-0.0312850533	0.024411151	0.12931215	0.0597581954	0.0221685132	-0.1508189977	-0.0068616328	0.0299083474	-0.0224816464	-0.0834720651	-0.1033248011	0.0116500126	0.059544946	-0.0723029864	0.0372846899	0.0207290689	-0.0270799419	-0.0636040108	-0.0082101812	-0.0870371217	-0.0178406057	0.0270513598	-0.1121345984	0.0668872497	0.0749148841	-0.1379631271	0.0224196232	0.0578359225	-0.0469132032	-0.1238341334	0.0091753635	-0.0919537079	0.0410780655	0.1388014249	-0.0839000959	-0.0114907866	0.20650785	-0.0239070316	-0.0420223648	0.0335796323	-0.0985432462	-0.0322593695	0.0268464208	-0.0342871358	-0.0609104474	-0.1376881397	0.0327689564	0.122800097	0.0417874133	-0.0877418824	-0.0149916441	-0.1038785375	0.0331017317	0.1225387818	-0.0977335872	0.036211764	0.0472471797	0.1489427325	-0.0733414842	0.0303751133	-0.0160513104	-0.0326005297	-0.0316756965	0.0505649962	0.1095959013	-0.1287789714	-0.0507307987	-0.0544788723	0.0138288646	-0.0252263087	0.06475215	-0.1562292428	0.0132604153	0.0722722804	-0.0889174103	-0.0497445394	0.0602904748	-0.0124247413	0.0719472995	-0.0330529545	0.0102803127	-0.1423154092	0.0498684962	0.1313962137	0.090435569	0.0373045863	-0.1154625291	0.1135861863	0.059084626	-0.0401318633	-0.1038238878	-0.0756116809	0.0	0.0	-0.0551307748803111	-0.005611353038006	0.0030394023389035	3.148728291713917e-05	0.1640468576738953	0.0038132318371139	1.454073704357973e-05	0.0269113715126792	0.2901607405318458	-0.0469719073641599	0.0022063600814272	0.0841932553459891	-0.0028516443171467	-0.0007377524102392	5.442786188138963e-07	8.131875311515068e-06	-0.0052623682348775	0.0008076184602328	2.7692519439447732e-05	6.522475773087991e-07	0.0012850098946622	-7.708973623430011e-05	1.6512504293797582e-06	5.942827432673963e-09	0.0	0.0	0.0	0.0
58.25367535087839	-0.0617495031869737	3393.4906918855363	0.003813001143838	63.39523237423409	-0.0756356294018374	4018.9554877831374	0.005720748435012	58.10753453903944	-0.1214484733556702	0.0147497316804229	3376.4855702056616	62.33837660251241	45.86921064174452	0.921805	30.072727	0.1358398529338458	0.060144369371926	0.0936031139	0.0535883044	-0.010262825	0.0042163241	0.0569135362	0.1202838366	-0.0504609723	-0.1283585323	-0.1097755421	0.1050862135	-0.0884782682	0.035250185	-0.1051897505	-0.0668727253	-0.1322903396	-0.1621205199	-0.0744132728	-0.0196627263	0.0180159075	-0.0243808794	-0.0022304125	0.0231467646	0.105809321	-0.11848108	-0.0471421446	0.0409907657	-0.0671610158	-0.0682595148	-0.2038912035	0.1478367877	-0.0372359856	0.0303537082	0.0740217734	-0.1772284247	0.0959219169	-0.0684724182	-0.0402505301	-0.0813510804	0.0641969524	0.0061582687	0.0988847217	0.0270044535	0.0162539361	-0.0668095133	-0.0177549228	-0.0222850896	0.0519107838	-0.0497974382	-0.1118997383	0.0073131591	0.0140496258	0.0253596982	0.0858071585	0.04809176	0.0731116488	0.0604949457	-0.0959802396	-0.1336880633	0.1483920235	-0.0269365791	-0.0068725576	-0.1622638589	-0.0480092955	-0.1307527559	0.0752765519	-0.0449721987	-0.0593764296	0.0087184281	0.0316201592	0.0074139002	0.0030745443	0.0373384959	-0.0020302738	-0.0064881142	0.0024230388	0.0160789413	-0.1126099436	-0.0413753515	-0.0382262119	-0.0467812831	0.0036774892	-0.1601116409	-0.0816229064	0.0150507789	-0.0738885816	-0.0184166312	-0.0496665505	-0.0505704653	-0.0074792229	-0.0187391207	0.0656438488	-0.1480625181	-0.0809042095	0.0356024607	0.0161621542	0.1771467663	-0.117679433	-0.0021256203	-0.1358359748	-0.0696841848	0.0072498014	0.0330047815	0.116327593	-0.033422246	0.1170967515	-0.0150133928	-0.0191210636	-0.0292087439	0.0277207446	0.1557157042	0.030936684	-0.0789256619	0.0534624022	0.1037467318	0.0788877833	0.0196238764	-0.0949219299	-0.0796344776	0.0444400124	-0.0015283829	0.0066879831	0.0241162829	0.0274769713	-0.007735245	-0.1439421415	-0.0059158115	-0.0162493009	0.0256899082	0.0812569823	-0.0025178682	0.0110078287	0.0438872336	-0.0208328959	-0.0907041897	0.0085601338	-0.0089954527	0.022372661	-0.0833797408	-0.0906567129	0.035099505	-0.0150399414	-0.0636965669	-0.0546762884	0.0671823456	0.0840797603	-0.0427674436	0.1273239512	0.0323434951	-0.0255517246	-0.0079392403	-0.1348694605	0.0342139927	0.0812210231	0.0135127814	0.07165481	0.0431343211	0.0257500792	0.0145232098	0.0234817389	0.0952574375	-0.0750984401	0.0193282275	-0.0730008646	-0.036124485	0.1092784707	-0.1091946276	0.1573142067	0.0951829998	-0.0136598063	0.0147548439	-0.0180079157	0.086015379	-0.0793381418	-0.0603590248	-0.0720531953	0.0194186099	0.0246635657	0.0669316205	-0.147123048	0.0110039603	0.021319075	0.0429358783	0.1001152921	-0.0700495425	-0.0316119938	0.0291782462	-0.0157346086	0.000361838	-0.058293178	0.0641040067	0.087717302	0.069430726	0.0398625491	0.0323427799	-0.0378390022	0.057522261	-0.0435692762	-0.1048092098	-0.0701830781	0.0	0.0	-0.0644520986722199	-0.0093213237919088	0.0041540730232535	8.688707723360509e-05	0.1465508163904445	-0.0174960412834507	0.0003061114605922	0.0214771417847057	0.2674111719464846	-0.0227495685853612	0.00051754287082	0.0715087348817923	-0.0019107270772712	0.0009409172398755	8.853252522949292e-07	3.650877963817342e-06	-0.004814931057669	0.0004474371772084	2.318356109010552e-05	2.0020002754831044e-07	0.0009479059262837	-0.0003371039683784	8.985256450837593e-07	1.1363908549653269e-07	0.0	0.0	0.0	0.0
58.431824123480986	0.1781487726025972	3414.2780703974145	0.0317369851798118	63.60794582509638	0.2127134508622887	4045.970772088396	0.0452470121777433	58.16432482256563	0.0567902835261904	0.003225136302985	3383.0886820649243	62.442762886237496	46.04736457768253	0.919622	30.001501	0.1883389952510098	0.098090656422834	0.0715946857	-0.0095501267	-0.0131015521	0.0399666613	0.0117588267	0.0944838056	-0.0868059942	-0.0643123584	-0.028708034	0.0347810142	-0.0082719957	0.0042915358	-0.04005629	-0.094521863	0.0050403241	-0.1311758448	-0.0253439132	-0.0078848719	-0.0334368805	-0.0238410563	0.0028062412	0.0145884486	0.0265176092	0.0883114049	-0.0375066923	0.0407958839	0.0592488402	0.0263367568	-0.0304410617	0.0397911234	-0.037246231	0.1097278105	-0.0292408978	-0.0053891263	-0.0298458911	0.0695393586	-0.0569172046	0.1615800049	0.0961706029	-0.0320756128	-0.0113589009	0.0370554728	0.0307080141	-0.0644058135	0.078898924	0.0780895725	0.0656948177	0.0292764009	0.0372056963	0.103888846	0.0502536334	-0.1188197163	0.0583220672	-0.0721198521	-0.0004475929	0.0538185057	0.0140535134	-0.0700160697	0.0191265438	-0.0765425286	-0.0489893135	0.0557686274	0.0279270893	-0.0233607233	0.1953988031	-0.0229516738	0.0231976651	0.0947365395	-0.0089995894	0.0449126721	-0.1665699394	0.0215288516	-0.0407768183	0.0801264097	-0.0233410217	0.1737431493	0.0302531635	-0.0335045623	0.018453875	-0.1399844317	0.0100975226	0.0318023695	0.0162284325	0.0386688828	0.0226943763	-0.2503062237	0.0845954532	-0.0998724414	-0.02549526	0.0487846694	0.051850015	0.0704295038	-0.0304486682	-0.0264482473	0.0203733849	-0.0342314982	0.0622372647	0.0044011934	-0.0989695723	0.097021094	0.0108230445	-0.1465124591	0.0642384352	-0.0489630673	0.0373354274	0.0385406961	-0.0255874934	-0.0630878878	0.0602173028	0.0691667717	-0.0066472104	0.0219819619	0.0852398805	0.1258195897	0.0781901723	-0.0841472545	-0.0839788992	0.0107112768	0.0659819815	-0.0335897892	0.0329611085	-0.0064937573	-0.034044863	-0.0502500293	-0.0535376075	-0.0551125695	-0.0057606873	0.1995079887	0.061910241	0.0351643898	0.0031491962	0.0953666537	-0.0886953801	0.0619965004	0.0614137065	0.032054527	0.0250402543	-0.1011751472	0.0475949142	0.0533987573	-0.1940872734	-0.0676166751	0.0443501758	0.0229424891	0.1068304583	0.0289337754	0.0524170261	-0.0235276016	0.1524035944	-0.0478732387	-0.0027968712	0.0545375774	0.1360983036	-0.009069587	0.0975701641	0.0035889521	-0.0574355681	0.0332390981	-0.0025963142	0.0391120201	0.0131406358	-0.0262388458	0.0078961967	-0.0682205776	0.0034132284	-0.1700768963	0.0061920363	0.0120953809	-0.1030956536	-0.0057921166	-0.1247413312	0.0588054269	-0.0330882742	-0.0540553125	-0.0260402661	0.0247623651	0.0406722064	0.0122527632	-0.0434266148	0.0160877269	0.0256475223	-0.0181802008	0.1364776082	-0.0399954943	0.0054953197	-0.0828462137	-0.027660113	-0.0030118895	-0.0289929213	-0.0453482098	0.0157176565	0.0091998501	0.0782851008	0.0482573165	0.0195440793	0.0559419782	-0.0469524072	-0.1055007667	-0.0644048267	0.0	0.0	-0.0981276526062941	-0.0336755539340741	0.0096290362060215	0.0011340429327667	0.1465689872328113	1.8170842366799222e-05	3.3017951231906555e-10	0.021482468018452	0.1992958546038608	-0.0681153173426238	0.0046396964566863	0.0397188376622832	-0.0013648902662127	0.0005458368110584	2.979378243065126e-07	1.862925438802175e-06	-0.0037061009406582	0.0011088301170108	1.3735184182347596e-05	1.229504228390185e-06	0.0008719737917141	-7.593213456959995e-05	7.603382934362647e-07	5.7656890602958355e-09	0.0	0.0	0.0	0.0
58.3780757982693	-0.0537483252116857	3407.999733908476	0.0028888824630611	63.66234404547256	0.0543982203761785	4052.8940493641153	0.0029591663800952	58.21483358265135	0.0505087600857194	0.0025511348453967	3388.9668490557915	62.41700530828216	46.04803181705843	0.903492	29.475277	0.0951955878693366	0.0497873010111671	0.0757866299	-0.0321922232	-0.0134916979	0.054503524	0.0014556003	0.1329106729	-0.0848855406	-0.0209154843	-0.0196972598	0.0283144806	-0.120571736	0.0386199566	-0.076519363	-0.1452742477	0.0225772708	-0.0071137772	0.0090202251	-0.1336522458	0.0114500045	0.0139657041	0.0363594917	-0.056185715	0.0055426905	0.1052456418	-0.0876121597	-0.000779501	0.071934258	-0.1325889334	-0.0370012298	0.0750970281	0.0335236766	0.0220725029	0.0687783061	0.0513570304	0.0351373282	0.1734693915	-0.0397890992	0.0726950086	-0.0165917215	-0.0202207996	0.0090834864	0.0979799197	0.0456196904	0.0997097447	0.010967919	0.0406215369	-0.0035871028	-0.0332320133	-0.0523958635	0.0283330248	0.0407994941	0.0913909402	-0.0235272511	-0.0221040767	-0.0622178797	-0.1169316387	-0.0125302892	-0.0477944618	-0.0256161394	0.0080128796	0.0341290011	0.0172240506	-0.0427666987	0.0417010816	0.0612801195	0.0544714247	-0.0526630457	-0.034790889	-0.0456419528	-0.1261129851	0.0419317488	-0.1508578512	-0.052519943	0.0085937288	-0.0183562546	0.0683179151	-0.0630360724	-0.0416356688	0.0441986726	0.0922104171	0.0220313173	0.0033869834	-0.0171568081	0.122618276	0.0390320648	0.1223019808	-0.0319429355	-0.1591261987	-0.0134511272	-0.0550287413	-0.141819868	0.0635523509	0.0010078356	0.1479709811	0.0741931443	-0.0653535634	-0.0437628377	0.0421118642	-0.184752623	-0.0701303813	-0.0508610779	0.0153191016	0.0716894388	-0.0488873395	0.0610600966	0.0190845972	0.0260116136	-0.0359393286	0.0294208633	0.0988733465	0.0664751241	0.0018042468	0.0402446556	-0.0476465481	0.0569383017	-0.1055379573	-0.153004303	0.018568019	0.0095812105	0.0152557599	0.0430097883	0.0195151406	-0.0460440584	-0.0016520441	-0.0721329317	-0.0791867748	0.0618915506	0.0754264021	0.0162309034	-0.0061218897	0.0548325013	-0.0536580336	-0.0431102961	-0.0770538662	0.0490681216	-0.0765800712	0.0648512536	-0.0176029854	0.0983760133	-0.0313988874	-0.0756308879	-0.043480768	0.0168036524	-0.0812292087	-0.0550803633	-0.0905149995	0.0221161611	-0.0702163087	0.0319144929	-0.0301160801	0.0099619868	0.0651138126	-0.0679016469	0.0277872437	0.0615797307	0.1458194576	0.0021874281	0.0230375004	0.0268936975	-0.0451469145	0.0872797257	-0.0864801852	0.0441140825	0.0863570273	-0.1058464215	0.0013996253	-0.0919846285	0.0091381828	-0.0548604695	-0.088489216	0.0895504861	0.0604973842	-0.0471037291	-0.0965962782	-0.0664570957	0.0195768142	0.0280622244	0.0170866079	-0.0717982804	-0.0120206476	0.062124591	-0.047671982	0.0558610338	0.0706768361	0.0158734298	-0.0468600226	0.0122028464	0.0011705307	-0.0351285447	-0.0130277937	0.0600860966	-0.0878901821	0.0225930027	0.0871875121	-0.0887780245	0.0543442699	-0.0502770413	-0.1058966202	-0.0583057138	0.0	0.0	-0.0893449777940702	0.0087826748122238	0.0079825250570228	7.713537685727194e-05	0.1739226666534961	0.0273536794206847	0.0007482237778495	0.0302490939758631	0.2298593440847938	0.030563489480933	0.0009341268892511	0.0528353180630916	-0.0009709603651163	0.0003939299010964	1.5518076697781948e-07	9.427640306267786e-07	-0.003531930907838	0.0001741700328202	1.247453593774136e-05	3.0335200332589575e-08	0.0008737887409074	1.8149491932999617e-06	7.635067637365395e-07	3.2940405742601818e-12	0.0	0.0	0.0	0.0
58.29778026732102	-0.0802955309482769	3398.6311840968447	0.0064473722902656	63.5423328941897	-0.1200111512828598	4037.6280696360222	0.0144026764322374	58.19255311015375	-0.0222804724975986	0.0004964194547162	3386.373237478065	62.3648484282201	46.08234873369935	0.870635	28.403357	0.1055782558602627	0.0527035076102721	0.0831792431	-0.0117783015	-0.0092088185	0.0645698581	0.0207926852	0.1282560098	-0.0324657254	-0.0455776756	-0.0370234592	0.0701060518	-0.1031235813	-0.001702005	-0.0972971534	-0.0935203154	0.0346636674	-0.0519501981	-0.1532410543	-0.0612640127	-0.0152421108	0.0043318254	-0.0807976906	0.01773578	-0.0291006652	0.1618801281	-0.079001031	-0.0718519463	0.0472894583	0.031917643	0.0826574263	0.0568442339	-0.116514794	0.0462498984	0.1045430784	-0.0467632075	-0.1448448086	-0.1473165844	-0.0640245382	-0.1448655881	-0.0461885411	-0.1288856994	0.1228851877	-0.0089082915	-0.0451664395	-0.0298649898	0.0296960766	-0.0134613325	0.1321215008	-0.0029955472	-0.013339989	0.0123358647	0.0466774875	-0.0207275943	0.0044191194	-0.006960442	0.1094427731	-0.0833282103	0.0140570556	-0.0019742989	0.1583888491	0.0025181915	-0.0284952876	0.0619002817	0.0079354683	-0.0913858933	0.0598892725	-0.0122191685	-0.1768996465	-0.0464809032	-0.0982908182	-0.0552479071	0.0355586121	-0.0145595882	-0.0097926507	0.0673387262	-0.110112813	-0.1456450188	-0.0019472086	0.1149269534	-0.0366168461	-0.0250452973	-0.1660593195	0.1156364899	0.083585694	0.0922641025	-0.1373371778	-0.0309767106	-0.0262890964	-0.0477675057	0.0265195207	-0.0694214309	0.0010164051	0.058831426	0.1147571609	-0.1757401664	-0.0606085146	0.0554664879	0.0314103942	-0.0863525981	-0.0407449462	-0.2044479804	0.0181826943	-0.0467905116	0.0816307208	-0.0524685799	0.1050758398	-0.0089539706	0.0810604576	-0.0205601763	-0.0225290968	0.0766273789	0.0157722247	-0.0355645782	0.0034682879	0.0055794563	0.0370877535	-0.00635072	-0.0681210555	0.0698772092	-0.0317698388	0.0371179345	0.0438337307	0.0101942788	-0.0584649463	0.0076215772	0.0058130972	-0.0884029631	0.2208397563	-0.0226230277	0.0673893729	0.0661470332	0.0529139713	-0.0700197687	-0.1315523331	-0.1359724248	-0.0884608766	-0.0101874137	-0.0556246929	0.113237213	0.0625811704	-0.1358435683	0.0327270363	0.0061577216	0.0261545354	-0.0443369257	-0.106012679	-0.0408106974	-0.0134140489	0.1163562129	0.0515059202	0.0834149702	-0.0807033274	-0.0511746377	0.0502031438	-0.0435295298	-0.0412374874	-0.0342544224	0.1826350939	-0.0391354086	-0.0064522548	-0.1013024931	0.0542142976	-0.0121246353	-0.009801003	-0.0302147746	-0.0414143971	0.0037325792	-0.1567657793	-0.0496350058	0.1505421554	-0.070933919	-0.0475896057	0.0538084555	-0.0482711341	-0.1097255319	-0.113613131	0.0480446849	0.0460724036	-0.0237414222	-0.0628215039	-0.004069928	-0.0119056718	0.0197104496	0.052650028	-0.0400733616	0.0236174665	0.0492896673	0.0580882837	0.1183806822	-0.0112828319	-0.0952475919	0.0571374617	-0.0581482452	0.0928645849	0.0023998688	-0.0623919183	0.0527296337	-0.0535390365	-0.1059956606	-0.0519161246	0.0	0.0	-0.0555182770883391	0.0338267007057311	0.0030822790908575	0.0011442456806351	0.1760781487705003	0.0021554821170041	4.6461031567249e-06	0.0310035144744464	0.2577500412463962	0.0278906971616024	0.0007778909881602	0.0664350837625189	-0.0005171752133415	0.0004537851517748	2.0592096397127834e-07	2.674702012948261e-07	-0.0031957212990347	0.0003362096088032	1.0212634621104031e-05	1.1303690105166798e-07	0.000829675983967	-4.411275694040002e-05	6.883622383716096e-07	1.94593532488281e-09	0.0	0.0	0.0	0.0
58.20792126255916	-0.0898590047618626	3388.162097708286	0.0080746407367924	63.0758548555826	-0.4664780386071001	3978.563465762523	0.2176017605027272	58.11824894262059	-0.0743041675331639	0.0055211093127964	3377.730860156419	62.28220057305913	46.318748897528295	0.924725	30.167982	0.1471148867756984	0.0834074280205274	0.0478693679	-0.0001367272	-0.0116353649	-0.0197944761	0.071680309	0.1338460537	0.0787510978	-0.1281525388	0.01852028	0.0767565752	-0.130663981	-0.0682056303	-0.0188120932	0.0238989295	-0.1240014663	-0.0693128454	0.024252186	-0.0225616145	0.0198618814	0.0186180241	-0.0717562576	-0.0938269022	-0.0140273888	0.1113633998	0.0527535274	0.0155369242	-0.039093778	-0.0984484253	0.1117290885	-0.0472778044	0.0241628173	0.0282569749	-0.201365062	0.0054927213	0.0260665103	-0.0301726197	-0.0044398072	-0.0333835298	-0.05235598	0.0070752844	-0.0961815828	-0.0863393919	-0.0308412838	-0.0607523581	0.127832679	0.0361497558	0.0286056768	0.0158801377	-0.0714128146	0.0377861966	-0.0853632619	0.116716949	-0.0266055259	0.0322692692	0.0890901376	0.0944008717	0.0382272022	-0.0693665723	0.0608846415	-0.0286259676	0.0535003664	-0.0173866129	-0.0150208181	-0.0567819254	-0.0189252401	0.1049074634	0.0853707152	0.0981555169	-0.054227879	0.0059065397	-0.0293951243	-0.0271320664	-0.0559992927	0.0377590459	0.0472155585	-0.0639046548	0.0861293478	0.0200274773	0.0250611951	0.0127117077	0.107309315	0.0662477044	-0.1152899377	0.0903628393	-0.0040796673	-0.0136548743	0.0581516664	-0.0980474345	0.0051152291	0.0464561734	0.0526733047	-0.0937102337	0.0145091831	-0.072444084	0.0421255495	0.0066797931	0.0860821248	0.0360209997	-0.0256151314	-0.015765555	0.0410875012	0.0964307771	0.0524867013	-0.0532184564	0.1016913512	-0.0639414778	0.0813123368	0.001572764	-0.0593379595	0.1115353875	0.0104671977	-0.099853839	0.0004136192	0.0214234265	-0.0094604788	0.0671033832	-0.0705096578	-0.0044459483	0.022568495	-0.0086525332	-0.00658916	0.0327141667	-0.0236094661	0.0533853944	0.1077924036	0.0059760102	0.0810792389	0.007423953	0.0556281688	0.1110756932	-0.0432085727	-0.0173959587	-0.0504506383	-0.0748030002	-0.1278189277	-0.0112315396	0.037351299	0.0696201094	0.1417640767	-0.0252666576	0.0023493977	0.139200594	0.0008203021	-0.0153142882	0.0285824003	-0.0449194569	-0.0488714034	0.031624862	-0.109586226	0.0618105766	-0.0961384348	-0.0117151356	-0.0098908843	-0.0543809642	-0.0387222634	-0.0246653116	-0.1212199289	-0.0668302654	-0.0664757503	-0.0906069472	-0.0781489435	0.0647058006	-0.0108749364	-0.0281758039	-0.0023386249	-0.1594836851	0.0484512368	0.0006489197	-0.0257327191	-0.000848312	0.2196351406	0.0185619639	-0.0413432507	-0.0667202491	-0.1713874326	0.0420430717	0.0233558924	-0.0645420731	-0.1278659918	-0.0112534347	0.0036861646	0.0532098887	0.0381568219	-0.1333592166	-0.0313203594	0.0699959783	0.0691997627	0.2938810374	0.1119903898	-0.1780075363	-0.0212889206	-0.0601775547	0.0427865619	-0.0687085058	0.0477807675	0.0510985726	-0.0567343287	-0.1057976105	-0.045267892	0.0	0.0	-0.0405769244432576	0.0149413526450815	0.0016464867972738	0.0002232440188646	0.1899786539078718	0.0139005051373715	0.000193224043074	0.0360918889406469	0.2225947140985908	-0.0351553271478054	0.0012358970268692	0.0495484067446333	0.0009042099161933	0.0014213851295348	2.0203356864626604e-06	8.175955725422947e-07	-0.0031940235475853	1.6977514494002574e-06	1.0201786422529383e-05	2.8823599839406748e-12	0.0010689471398916	0.0002392711559246	1.142647987882432e-06	5.7250686057494274e-08	0.0	0.0	0.0	0.0
58.231905912183656	0.023984649624495	3390.95486616541	0.0005752634176097	63.10077312402892	0.0249182684463207	3981.7075688501695	0.0006209201023629	58.25285912491988	0.1346101822992906	0.0181199011786482	3393.3955962277614	62.31553052054023	46.13978893673697	0.921882	30.075224	0.1323405282034848	0.0634577436182465	0.0884801713	-0.0174823881	-0.0644638818	0.0585830607	0.0784171419	0.1013321948	0.0673799307	-0.1219430225	-0.0415947318	0.0186576821	-0.1372469017	-0.0700254526	-0.0375458172	0.0536534934	0.0095634709	0.0172239244	-0.076436216	-0.0733170518	0.0189769176	0.0567211461	-0.0251933514	0.1287072482	-0.0781519043	0.0214140007	0.0172255198	-0.0311831207	-0.0685384848	0.1239829657	0.0838415487	0.0526610731	0.0918914036	-0.0045591734	0.0895632393	0.0122788768	-0.1392051167	0.1380791557	0.0532318427	0.0875040569	0.0170755639	0.0006301369	-0.0259659008	-0.100898192	0.1243978974	-0.0310081705	0.003034729	0.0023746599	-0.0455609567	0.0177480092	-0.0484979998	0.0122290024	0.0717967846	0.0778152539	-0.0755270914	-0.0313259175	0.0176389941	0.0384252709	0.0450224914	0.0323373335	-0.0662406926	-0.0154455735	0.0195639479	0.0134684913	-0.08170152	0.085060366	-0.0810574796	0.0838534486	-0.0269492346	-0.0762536784	-0.1049157208	0.0155511641	0.0228953985	-0.0439251386	0.0639050227	-0.0924352273	0.0168830366	-0.0818510497	-0.0831842168	0.0146388939	-0.0834012379	-0.0663926325	-0.118828211	-0.0292912821	-0.024067164	0.0418757358	-0.0462586209	-0.0033734621	0.0470053517	-0.0090369399	-0.1480783948	-0.0586620874	0.0089385955	0.0554453346	0.0227299389	-0.0561038726	0.0739986769	0.0172516209	-0.1031540924	0.0124914456	0.0072739307	0.0099151585	-0.0951800062	0.0976989402	0.0716822801	-0.0441980638	0.0869773953	-0.0870290841	0.0520062705	-0.0785402862	-0.0225433654	0.0657110446	-0.0263341269	-0.0096622863	-0.0162205047	-0.0297125823	-0.0974041812	0.0282859367	-0.0816790998	0.0563655636	0.0676616997	-0.0151591127	-0.034985231	0.0614853351	-0.0305730542	0.0195678727	0.1825821451	0.0053235829	-0.0271291968	0.1150867597	0.0589975853	0.0318345315	-0.0408425457	-0.0322714027	0.0384280666	-0.0366227016	-0.0023497533	0.0488672391	-0.0769473664	0.0734118029	-0.0298161119	0.0798287668	0.0640427495	-0.0002288133	0.0898342132	-0.1248150014	-0.0929912191	0.0452025239	-0.0607069377	0.0557051892	0.017922915	0.0992248951	-0.1014844847	-0.0168363295	0.0508512664	-0.1966082171	0.0240630366	0.0601093461	-0.0122918398	-0.0198104663	-0.0379081637	0.0480926928	0.0157667154	0.0165700396	-0.0090962985	0.0634507197	0.1253458305	0.1367068246	0.0204882438	-0.0597591967	-0.0331568862	-0.1214114295	0.0226571446	0.054649791	-0.0448650928	-0.0631824714	-0.1622982739	0.0822512462	0.0555188399	-0.116060573	-0.0625749085	0.0429227957	0.0022965508	-0.0177103294	0.0555648863	0.0621036482	-0.0075247801	-0.0452441044	0.0350683165	0.1713155786	0.0682506472	-0.0670282319	-0.0852845164	-0.0071273711	0.0152801062	-0.0497669071	0.0616495987	0.0494515946	-0.059858937	-0.105303025	-0.038394137	0.0	0.0	-0.0666060215416877	-0.0260290970984301	0.0044363621056117	0.0006775138957595	0.1730554029010704	-0.0169232510068013	0.0002863964246392	0.0299481724732518	0.2097891592115246	-0.0128055548870661	0.0001639822359656	0.0440114913226784	9.322225763825818e-05	-0.000810987658555	6.577009823285892e-07	8.690389319173786e-09	-0.0038209529446504	-0.0006269293970651	1.459968140523256e-05	3.930404689044098e-07	0.0011626825884952	9.373544860359996e-05	1.3518308015898989e-06	8.786334324918132e-09	0.0	0.0	0.0	0.0
58.27989669644941	0.0479907842657567	3396.5463589488154	0.0023031153744424	63.2832797614119	0.1825066373829784	4004.773497361125	0.0333086726888419	58.19999470539901	-0.0528644195208727	0.0027946468512788	3387.2393837084724	62.365065868312	45.45495082220618	0.998973	32.590214	0.0580185164784854	0.0306998273100525	0.0258844738	-0.0262100559	-0.0886038216	-0.0311366668	-0.1025925848	0.0706725274	0.0546409592	-0.0659278233	0.0261373345	0.0139816188	0.00741507	-0.0862861728	-0.0311399004	-0.0727856253	0.0824752158	0.0422386134	-0.0273344466	-0.0470423152	0.083904072	-0.1083016146	-0.0243549235	0.0393768553	0.0198576637	0.0789090748	0.0936881685	0.0087268228	-0.1505052651	-0.0257940818	0.1034239341	-0.0521917762	-0.015006524	0.0657094173	0.1204187297	0.0369077481	0.0664448927	0.0315613756	0.0078355451	0.0172566604	-0.014934657	-0.1149441303	-0.0975335222	-0.2539252766	0.1070297404	-0.0911602474	-0.0737866857	-0.0368273409	-0.1132128805	-0.0420458066	0.0547842738	0.0334081598	-0.0519172839	-0.1296405265	0.0827144594	0.1294274673	-0.1245886827	-0.0862881178	-0.161496821	-0.0220397983	0.0347483326	0.0809765235	-0.0417184862	0.0122181054	-0.0486674804	-0.0077300418	-0.0720184484	-0.021722419	0.1250521663	-0.1724606553	-0.1177028765	0.0513629506	-0.0371722931	0.0293248625	0.0543087577	0.0039473776	0.1190590655	0.0238086396	-0.0811826133	0.0595820987	-0.0810528216	0.0130201658	-0.0716188254	0.0875133752	-0.0594891618	-0.0314386586	0.0985284838	0.0406923683	-0.0459729926	-0.0021262169	-0.0867814488	0.0519425388	0.0820922633	-0.0358719578	-0.0325793528	-0.1002753907	-0.114646701	0.1589122637	0.0882085185	-0.015590627	0.046989598	0.0359449977	0.0273498517	0.101617986	0.0180193423	-0.0401862384	0.051401145	-0.0390225521	-0.0237332385	-0.0379916949	-0.1469023193	0.0001285855	-0.0718369011	0.0669459761	-0.026944829	-0.0373373086	-0.0503188287	0.0032602361	-0.1117482901	0.004739692	-0.0633469646	0.0010041048	0.0162798845	-0.0063895997	-0.070293929	-0.0857797697	0.0323544257	0.1640264262	-0.1180654906	0.1197445522	0.0566034521	0.0572710618	0.028029661	-0.0414451484	0.1161425377	0.0550952276	-0.0470600323	0.0095443679	0.0786849318	0.1651842299	-0.1282134502	0.1282031622	-0.0531127909	-0.09234456	-0.1443035315	-0.0568518324	0.0157065567	0.0760163707	-0.00088131	0.1166183078	-0.0163467498	0.0714340563	0.0117816549	-0.0650287562	-0.0233618807	-0.1036543504	-0.0847890494	0.005176272	-0.1033598302	0.0747877976	0.0558056603	0.0434562474	0.1015366401	0.0885159938	-0.0132338238	-0.0039367474	-0.0093599774	0.0373280937	0.0906152353	-0.0665752969	0.058286324	0.1104426515	0.0123651638	0.0205913644	-0.0007484606	-0.0972364776	-0.087426858	0.0447031195	-0.0759544715	0.0028833332	-0.0089503135	0.0060033745	-0.0671490634	-0.0841936806	0.0345903638	0.1185998946	-0.0376675735	-0.0645367919	0.043825592	0.0335556952	0.0080433516	0.1383437589	0.0131553934	-0.0724257911	-0.0593850543	0.0011932904	-0.0315539753	0.0477892128	-0.0629089685	-0.1045132902	-0.0313291043	0.0	0.0	-0.0663837769649973	0.0002222445766904	0.0044068058441385	4.9392651868295184e-08	0.165097947490338	-0.0079574554107324	6.332109661379471e-05	0.0272573322655223	0.1925736089231691	-0.0172155502883555	0.0002963751717308	0.0370845948536936	0.000127210749528	3.3988491889741816e-05	1.155217580939045e-09	1.618257479547555e-08	-0.0033409426026735	0.0004800103419768	1.116189747435878e-05	2.304099284047803e-07	0.0010242160983077	-0.0001384664901875	1.049018616032648e-06	1.917296890484504e-08	0.0	0.0	0.0	0.0
58.33688776956704	0.0569910731176293	3403.192474639061	0.0032479824150989	63.35076406293379	0.067484301521894	4013.319307357504	0.0045541309518979	58.072390624676935	-0.1276040807220724	0.0162828014169251	3372.402552865065	62.38854021529911	45.46497582748186	0.920434	30.028	0.0386484096355489	0.0238302418475345	0.0422505907	0.024711939	-0.0845377755	-0.0921047342	-0.0769944049	0.0488238912	0.0420713942	-0.0756662305	-0.0453764154	0.1064221255	0.0661044841	-0.0782785424	0.1111245604	-0.1090994161	0.0289098869	-0.0241101806	-0.0682891081	-0.0295665489	0.0657374594	-0.0007532572	-0.004793863	0.003965381	-0.0233386652	-0.0590389641	0.059726374	-0.1365081512	0.0216613823	-0.0265949743	0.0805659124	0.0370712286	0.00831877	0.0291280739	0.0524577329	-0.0081173572	0.0849259457	0.0381171112	-0.0152114645	-0.0027244475	-0.1066471062	0.0876683072	0.1491197304	-0.1034530317	-0.0348220934	0.0021857361	0.0190124519	0.0791022556	-0.0088482415	-0.0359798209	0.0460585349	0.0347986702	-0.0129560136	0.0717909401	0.0794317635	0.1212120947	0.0706696053	-0.1029027538	-0.0113458852	0.1246321441	-0.020202389	-0.0728314314	-0.1268536601	-0.0079932911	-0.0148113121	-0.0293840285	-0.1239565999	-0.0225674852	-0.0360774701	0.0863485796	-0.0668860012	-0.0265075668	-0.0255456623	-0.0748960315	-0.0185263195	-0.0764004133	0.0236406282	0.0860831557	-0.1347254829	0.1247918063	-0.0860205051	-0.0227718412	0.0806707733	-0.0663313949	0.002408231	-0.0618298108	0.0725238802	-0.0152225767	0.0276037078	0.1799458506	0.1422929966	-0.1106978005	-0.0569196569	-0.0303558653	-0.0540574826	-0.0519337694	-0.1078747757	0.040682438	-0.033346693	0.094567566	-0.0499818748	-0.0209665999	0.1602867406	-0.0486015041	0.034221782	-0.016272624	0.0584638719	-0.0160831882	-0.0762733512	0.0500547422	-0.1493064625	-0.0054727215	-0.072795645	-0.0085019532	0.0350975738	0.0300878171	-0.0694138744	0.0634510736	-0.0808710568	-0.0016285625	-0.0462331976	0.0429380262	0.0332953235	0.0050202133	0.0208223277	-0.1179617663	0.0416314943	0.0867547802	0.0756133509	0.0332369696	-0.0697771039	0.0336721417	0.0474030809	-0.0055958417	0.0125257361	-0.0098911571	-0.0793367975	-0.0868632634	-0.0230718342	-0.0047478482	-0.003972292	-0.0800584203	-0.0119795948	-0.0836880111	-0.0800916301	-0.0989640875	0.027659161	-0.0515773994	-0.0259088728	-0.1267262219	0.0489733837	-0.1031065924	-0.0208966588	0.0717601573	0.0493828469	0.0294926629	-0.1186826694	0.0873063401	-0.1677337745	-0.0153175774	0.0946649258	0.0354466309	-0.0389824011	0.1388323393	0.0658077949	0.0271109642	0.0154716433	-0.0330255811	-0.0323347996	0.0316601179	0.0953142777	-0.1041792805	-0.1201626167	0.0253130486	-0.0117523765	-0.0791474482	-0.0238767444	0.0195087695	-0.1187463715	0.0131794289	-0.0607954041	-0.040025523	-0.0621254879	-0.0037451592	0.0206827479	0.0029498701	-0.0187617581	0.0322120192	0.0047150216	0.0140249679	-0.0583643468	0.132386025	0.0172913233	-0.0250049429	0.0102284793	-0.0386188524	0.0375776	0.046111945	-0.0658806233	-0.1034306197	-0.0241079916	0.0	0.0	-0.0595520792252983	0.0068316977396989	0.0035464501400562	4.667209400660835e-05	0.1541746782651358	-0.0109232692252021	0.0001193178105662	0.0237698314181581	0.1927239451089519	0.0001503361857828	2.2600968755722582e-08	0.0371425190183583	-0.0002303724887031	-0.000357583238231	1.278657722638396e-07	5.3071483551259945e-08	-0.0033471228475967	-6.180244923199938e-06	1.1203231356903842e-05	3.819542731073861e-11	0.0009731174517647	-5.109864654299998e-05	9.469575749290232e-07	2.611071678526444e-09	0.0	0.0	0.0	0.0
58.43281402076556	0.0959262511985201	3414.3937543853763	0.0092018456690015	63.4977797748442	0.1470157119104058	4031.968036334613	0.0216136195485234	58.1406470867244	0.068256462047465	0.004658944611237	3380.3348436630345	62.45203512584067	45.43868025104037	0.920502	30.030209	0.0982213347725032	0.059167160381827	0.0002060992	0.0468339677	-0.0021167585	-0.1477067746	-0.0803449952	0.0460715681	0.005511766	-0.0045980207	0.0076106194	0.0714291119	0.0464989518	-0.0289727336	0.1513254261	-0.0797182047	-0.0045514283	-0.0740200587	0.0383441455	-0.0224917158	0.0442518274	0.0107878131	0.1091010498	0.0569564598	0.0007540362	-0.0471381803	0.0403015135	0.0090253539	-0.1141430548	0.0585174064	0.1305510143	0.0249139249	0.0306004889	0.0465710519	0.0066783551	-0.0798223715	0.016708616	0.0023979765	-0.031430946	0.0844553379	0.1372714437	-0.0203664706	-0.0153109364	-0.0135371464	0.079509299	0.0333898937	-0.0275830532	-0.0463013033	0.1128437358	-0.044431325	0.1434751515	-0.1142177324	0.0995974377	-0.0170178424	-0.0833964013	0.0741659625	-0.1620529645	0.0008302767	0.1398710136	-0.0611795789	0.0807315528	0.1167949026	0.0492704885	-0.1423149755	-0.1095394145	0.0443416317	-0.1908644407	0.0617301505	-0.0333474578	0.1179182563	0.0629555849	0.0359932584	0.0874178594	0.0817574208	0.0716081231	-0.132451948	-0.0356323896	0.1386264312	0.0385748337	-0.0518415434	0.0541204381	-0.0466909514	0.0460208539	0.0423624461	0.0631251899	-0.1178592009	0.040922758	-0.0194993545	0.0428931354	0.0727595849	-0.0126260721	0.0967061204	-0.0397606411	-0.0355054083	0.0499280127	0.1172383924	-0.0344694	0.1123536582	-0.0418264715	0.0959606039	-0.0466497529	0.0289696019	-0.024070022	0.0539286305	0.0078895203	-0.0035516173	-0.0189515223	0.0024510366	-0.090360722	0.1022940129	-0.0963484344	0.0032701065	-0.0426469514	-0.0350143243	0.0256586688	0.0998078696	0.0450264513	0.0494294243	-0.0207994379	0.0217252365	-0.1193876548	0.1004976022	0.0920469296	0.0316243545	0.1160819753	-0.0397331983	-0.0147347167	-0.0002668325	-0.0115001411	0.0121411525	-0.0142742753	-0.0428465394	-0.0280159466	-0.0239937726	0.1381240986	0.0385314334	0.0080399646	-0.0028770006	-0.1392072941	-0.1327931045	0.0456342836	0.0325063688	-0.0915701805	-0.0683956645	-0.1540218828	0.0666029223	0.0623122216	0.0253753894	-0.102832382	-0.0146323065	0.1412683151	-0.0569668209	0.1363652683	-0.0752429325	-0.0842368066	-0.059978278	0.0406269917	0.1021857662	-0.0865840991	0.0957018185	0.05366858	0.089505466	-0.1861103251	-0.0664100938	-0.1407866827	0.1834079371	0.033374246	-0.0315235857	0.0734712903	0.0813115867	-0.2392829679	0.1105465845	0.001135461	0.0021470964	0.0096974389	-0.0330782129	0.038109314	-0.0859284622	-0.1473261355	0.0197841784	-0.0079059951	-0.0537297916	-0.0594364466	0.0642872709	-0.0567424897	-0.1112313256	-0.0047838102	-0.0791425259	0.0128022564	0.0468292218	-0.0246375107	0.0742191646	-0.0974789073	-0.0109183356	-0.0804058116	0.0424439676	-0.0242739281	0.0444203137	-0.068770199	-0.1020580481	-0.0167667741	0.0	0.0	-0.0569891506592625	0.0025629285660358	0.0032477632928641	6.568602834602325e-06	0.154548293472132	0.0003736152069961	1.3958832289880722e-07	0.0238851750151482	0.1391733509847057	-0.0535505941242462	0.0028676661310597	0.019369221624312	-0.0003599377592953	-0.0001295652705921	1.678715934363e-08	1.295551905665213e-07	-0.0028761380463846	0.000470984801212	8.272170061861023e-06	2.218266829728013e-07	0.0007389835860645	-0.0002341338657001	5.460967404727483e-07	5.4818667067719284e-08	0.0	0.0	0.0	0.0
58.54263535626868	0.1098213355031205	3427.2401544570403	0.0120607257316889	63.56548706016636	0.0677072853221645	4040.571145196177	0.0045842764856969	58.15293258331498	0.0122854965905787	0.0001509334264771	3381.763568039577	62.46211343622312	46.806053369859306	0.9676610000000002	31.568724	0.0404401864306856	0.0202456320466439	0.0381549027	0.0677706048	-0.0339150255	-0.0910277252	-0.0403105006	-0.0519445356	-0.0033062999	-0.0143860884	0.032224386	0.1007708839	0.0858835555	0.0568156053	0.0786117539	-0.0923438718	0.051444058	0.0920794187	0.0329394301	0.0708200522	0.0571863664	-0.0187641477	0.0255867932	0.021416854	0.1445244101	0.0636844217	-0.0386061635	-0.0996374485	-0.0198991104	-0.0629581578	-0.0868002361	-0.0372536861	0.1107865466	0.0682100951	-0.1488401235	-0.0251039187	-0.0333528546	-0.0458165836	-0.1448123251	-0.0593017924	0.0607282392	-0.0447015842	-0.0044201407	-0.0068001237	-0.0019838539	-0.0445654177	0.003061603	0.0379344639	-0.0451492017	-0.0728922105	0.0773156889	0.0492932641	-0.0665740913	-0.0604000157	0.1354546809	0.0624213388	0.0371485248	-0.0259114962	0.07156871	-0.0434885074	0.0417242356	0.0209630226	0.0510821959	0.1344422441	0.0686748586	0.1855028892	-0.0899216904	-0.0398606327	-0.0779367558	0.0267865046	-0.0247704188	0.004519826	-0.1606253516	-0.1226471063	-0.0640020902	-0.02973408	-0.0614571274	-0.1445257086	0.0478776226	-0.0494717771	0.0097194481	-0.0062179198	0.0160079753	-0.0421300784	0.0096052929	0.0237981588	-0.0873184331	0.1345740706	0.04323034	-0.0553630803	-0.0340305346	-0.0157621605	0.0278485283	0.0144186792	0.0403372257	-0.0071508576	-0.0169175169	-0.1590948929	-0.0145719754	-0.050597705	-0.1851286122	-0.0098572246	0.0073239378	0.0299892371	0.0211889209	-0.0167937581	0.013962785	0.0440721357	-0.094595606	0.1148215167	-0.0461935659	-0.0557431577	-0.0576508565	0.0259552043	0.0498866957	0.008303849	-0.0214462507	-0.0008365633	-0.0228050417	0.0919502574	-0.0075629517	-0.0804697487	0.067425124	0.081196449	-0.1240711598	-0.0067173399	0.0684049513	-0.0366011711	-0.0529644637	-0.0297103642	-0.0472506825	-0.0785345023	0.1403673868	-0.1188314798	-0.0580960252	0.0959622196	-0.0483146598	0.1112021297	0.0976928714	-0.0749001001	0.103368944	0.0602732298	-0.2167472613	0.1921633472	0.060777627	0.1629009985	-0.1099705568	0.0770582413	-0.0529063055	0.1158928956	-0.099680025	0.1054897515	0.0401777532	-0.0769691941	-0.0954977631	0.0130130685	0.1651657835	-0.1676148229	0.0097951551	-0.1278151615	0.0156400708	-0.0498383299	-0.0318800478	0.1501394816	-0.107876856	-0.0105345321	0.0583338904	0.0103771302	-0.1299031899	0.0092020511	0.0265929571	0.0555387368	-0.1012409485	0.0190234695	0.0173844209	-0.0560204129	0.0437116268	-0.0506083298	-0.1201964373	-0.0944222088	-0.0308294704	-0.0070352759	0.0126774262	0.0310138039	-0.0078236893	0.035607032	0.1500172409	-0.0347426271	-0.0234265956	0.0067878425	-0.0229839925	-0.025601706	-0.0665930123	0.0149878562	0.0198946575	-0.0033809693	0.0101760531	0.0427148457	-0.0715740957	-0.1003994225	-0.0093420254	0.0	0.0	-0.0597819806235122	-0.0027928299642496	0.0035738852072699	7.799899209210967e-06	0.1548725144160272	0.0003242209438951	1.0511922046029325e-07	0.0239854957215425	0.133568568519955	-0.0056047824647507	3.141358647717708e-05	0.0178405624964699	-0.0005807118520034	-0.0002207740927081	4.8741200011084767e-08	3.372262550572188e-07	-0.0026847833958927	0.0001913546504918	7.2080618828611395e-06	3.661660226487714e-08	0.0009612219040203	0.0002222383179557	9.239475487684108e-07	4.938986996782324e-08	0.0	0.0	0.0	0.0
58.50606996416757	-0.0365653921011102	3422.960222652071	0.0013370278995079	63.76795743528447	0.2024703751181107	4066.352395468252	0.0409942528004684	58.15421513237472	0.001282549059745	1.6449320906528052e-06	3381.912737662521	62.478223646540044	46.16513938089758	0.912663	29.774471	0.1326758233609987	0.0639871352898097	0.0148598036	0.0135135316	-0.0670014912	-0.1235168953	-0.0336861381	-0.0700648049	-0.0566848089	0.0012032683	-0.0318723725	0.0546768989	0.1213588609	-0.1031530095	0.1355235766	-0.0174080964	0.0348413996	0.0562817962	-0.0305601977	0.0565522541	0.0426361904	0.038388042	-0.097571062	-0.035116066	-0.03282196	-0.0559336349	-0.0168172385	0.019074864	-0.062164414	0.0170967753	-0.0927853659	0.0442430091	-0.0482749629	-0.0534167515	0.0633887299	0.1242591431	0.0277558126	-0.0700974822	-0.0144887211	-0.1288118416	-0.0051936693	-0.085986624	0.0422616221	0.0158819217	0.076315294	-0.0039191637	-0.1431109433	0.1537323865	0.0505682731	0.0143865107	0.032631486	0.0088214928	0.0287041152	-0.0469126185	0.1033267694	-0.0418948797	0.0147950167	0.0124799236	0.0596430599	-0.1185694892	0.0333005798	-0.0313718096	-0.0410910982	0.2209626343	-0.0333810301	-0.0284884018	0.075715555	0.1343755749	-0.0483526419	0.1197833435	-0.0912849452	-0.1396882824	0.0073298479	-0.0398511561	-0.011315025	-0.0165197228	-0.000139513	-0.115705121	-0.0092790452	0.0579609349	-0.0236497447	-0.0606004633	0.0235019802	-0.135208938	0.0362231724	-0.0245017515	0.0331555595	0.0830223318	0.0587227442	0.067508293	-0.0059173334	-0.0845767941	0.0299908724	-0.0468095966	-0.0099543386	0.0304177896	-0.1448934471	-0.0037939567	-0.0235855969	-0.012036954	-0.0099004806	-0.0599186553	-0.0266353511	-0.0819832512	0.0217309097	-0.0448816963	-0.0168645045	0.0645305536	-0.1007659704	0.0382964101	-0.074197752	-0.0398990476	0.0020193016	-0.0018466761	-0.0355912601	0.004063202	0.0399671852	0.169331121	-0.102025882	0.0457177424	-0.1335925131	-0.0618354339	-0.0985557802	0.0141610655	-0.0935593555	-0.007616409	-0.084074608	0.0172599626	0.0101886964	0.0004175167	-0.0134002122	-0.1111428315	0.0493716166	0.025307571	0.0953611065	0.0964428537	-0.03984521	0.0152735512	0.0025909057	-0.0045145395	0.0472393365	-0.0415282536	-0.1448802604	0.0662388043	-0.0234467213	-0.0403033935	0.1113222929	0.0168446612	-0.1336908121	0.0294466753	0.0118934881	-0.1828964906	-0.1036550145	-0.1131600589	-0.0361851222	-0.0600022139	-0.0513893504	0.0261248115	0.0035335822	-0.1286153285	-0.029652174	0.0590790658	-0.0170439896	0.0338749329	-0.0373727978	-0.0522381853	-0.0343219194	0.1517401601	0.063807432	-0.0228609158	-0.0162838309	-0.113021513	0.0341911873	0.0096869689	0.0476104632	-0.0524932374	0.0344801288	0.0136080983	-0.1059904614	-0.0181029352	-0.014273699	-0.0815185053	-0.0621447834	0.0614794597	0.0084524636	0.0048985039	-0.0244602088	0.0506457784	-0.0062202363	-0.0065299578	-0.0390346809	0.1396797068	0.006705286	-0.0491676596	-0.0051502575	0.0407695092	-0.0121085411	0.0409960724	-0.0742888199	-0.0984593917	-0.0018707352	0.0	0.0	-0.0185918035317484	0.0411901770917638	0.0003456551585631	0.0016966306888508	0.1474836125079974	-0.0073889019080297	5.4595871406486325e-05	0.0217514159584091	0.1141299353990348	-0.0194386331209202	0.0003778604576097	0.0130256421541878	0.0001127280144512	0.0006934398664546	4.808588483885735e-07	1.2707605242109957e-08	-0.0031119610204202	-0.0004271776245274	9.684301392614734e-06	1.8248072289695773e-07	0.0007886771701967	-0.0001725447338235	6.220116787894746e-07	2.9771685170256953e-08	0.0	0.0	0.0	0.0
58.421415867068085	-0.084654097099488	3413.0618319129144	0.0071663161557295	63.50476482324767	-0.2631926120368035	4032.8551552559943	0.0692703510307553	58.1341755770705	-0.0200395553042227	0.000401583776791	3379.58237002566	62.41900077871174	46.26125623928639	0.879283	28.685482	0.0552826856204207	0.0300485728831131	0.0260504874	0.0085261743	-0.0678934528	-0.1069485052	-0.0730223327	-0.0822865637	-0.0221589802	-0.0425886305	0.015740116	-0.0201004901	0.0980603314	-0.069324054	0.1085643544	0.0536609202	0.0202320804	0.0751530515	-0.04031459	0.0561050582	0.0482132509	0.0624789545	0.0251210863	-0.1017046573	-0.0809826739	0.058638019	-0.1187848039	-0.0683607425	0.0050258869	0.0426682484	-0.03624173	0.0594877442	0.1110312708	-0.0835310605	-0.0502040139	-0.0547353092	0.0806460771	0.1844309378	-0.0198077977	-0.0970980045	0.05605239	0.0861870681	-0.0651720534	-0.1050747962	-0.0048072356	0.0503537011	-0.0251428112	0.0698699441	-0.0303874097	-0.0650970897	-0.0156673699	-0.0310299397	-0.0333075598	0.0222786468	0.1021657053	-0.0059950073	-0.030852189	-0.0659636318	0.1068519116	0.0031220108	-0.0424517762	-0.1627573928	0.0328765817	0.007106751	0.1429176178	0.0139899295	0.0345264396	-0.0836968074	0.1092460714	-0.0198987189	0.1076166539	0.0462810194	-0.076597194	-0.0328678612	0.0242590931	-0.09270633	0.0685276032	-0.0052668346	0.0625604709	0.0508733114	0.0460680756	-0.0689458812	-0.0088632558	0.107113238	-0.0104698011	-0.0302766588	0.0082070607	-0.0006175049	0.1530422256	0.008465766	-0.0082883143	-0.0866355098	-0.0510241584	0.0537200707	-0.0429730957	-0.0360545329	-0.022668784	-0.083491324	-0.074730943	0.0191627202	0.0136749602	-0.1929668344	0.0506067849	0.0534271859	0.0301414828	-0.0850749356	0.0084039435	0.0374803936	-0.0963367543	0.0018729759	-0.0127349733	-0.0800486927	-0.0596625114	-0.0821418891	-0.0651510711	0.057254568	0.0089749238	0.1156275027	0.0326894421	-0.0071088852	-0.0631224069	-0.0803249839	-0.079158105	-0.0709752343	-0.0928325269	0.03810937	0.0766635699	0.0645259691	0.1112004149	-0.0137643433	-0.0208550118	0.0409385273	0.0118312136	-0.0315766679	0.1382011214	0.0449203135	-0.0674043337	-0.0148306604	-0.0113734205	-0.0032880165	0.0080790831	-0.0783661527	-0.0945542587	-0.0290653451	-0.0573662473	0.0713540045	0.0822600201	0.0681632516	0.0197109979	0.048499454	-0.0198439663	0.0202312692	0.0043497979	-0.0278793715	0.0404021012	0.1136122848	-0.0537168931	0.0466994389	0.1335683987	-0.06416657	-0.0151626449	-0.0749559557	-0.0370505538	-0.0279866914	-0.1140951063	-0.0755167985	-0.0272145136	0.0293968586	-0.0742977275	0.0691709051	-0.0762302362	-0.0124919837	0.0430337507	0.0205664843	0.0406140266	-0.0490854065	0.0584143615	0.0197692243	-0.109058387	0.0113331941	0.0070984337	-0.0190448896	-0.0921457973	0.0297304306	0.0390148808	-0.0279399569	0.0089444333	0.0534910419	-0.0401500738	-0.0210092909	-0.0628222514	0.0729180058	-0.1164365389	0.04070542	0.0062463964	0.1346371523	-0.0435844376	0.039264529	-0.0769109895	-0.0962433935	0.0056098749	0.0	0.0	-0.0261716237672686	-0.0075798202355202	0.0006849538906154	5.745367480280152e-05	0.1403455489392371	-0.0071380635687603	5.095195151166327e-05	0.0196968731070557	0.114366373016665	0.0002364376176302	5.5902747030646085e-08	0.0130796672769869	-0.0003448473046056	-0.0004575753190567	2.093751726099323e-07	1.1891966349374747e-07	-0.0032236835756609	-0.0001117225552407	1.0392135795985848e-05	1.248192934951128e-08	0.0010259465798694	0.0002372694096726	1.052566384745719e-06	5.629677276643149e-08	0.0	0.0	0.0	0.0
58.36799458282429	-0.0534212842437966	3406.8227916206056	0.0028538336102565	63.57737301472119	0.0726081914735203	4042.082359452998	0.0052719494690553	58.22984715005086	0.0956715729803576	0.0091530498765359	3390.715099118286	62.3791414671201	46.37039384126159	0.931074	30.375088	0.1526728557466259	0.0863067678741969	0.052482231	-0.0081583866	-0.0213579631	0.0077498133	-0.1391597788	-0.039447615	-0.0923454684	-0.0798232874	-0.0468317414	-0.0223500864	0.0215887485	-0.0613754602	0.093048435	0.0864985183	0.0194974545	0.1078303543	-0.0387278974	0.0907033516	-0.1191799389	0.0478840344	-0.0909904689	-0.1143517562	-0.1006435407	-0.02260457	0.0165156622	-0.0274476856	-0.1076450259	0.0870237599	-0.029677387	0.0002862445	-0.0171938508	-0.0154386904	-0.0481557556	-0.1591620354	-4.93269e-05	-0.0062852913	0.0710934331	-0.0696373776	0.0709991451	0.0404791268	-0.0208380441	-0.0212408935	0.0331742793	0.0643678168	-0.1429920015	0.0973933107	-0.053812013	-0.1196682597	0.0592996999	-0.0268062127	0.1250327588	0.0147212535	0.0498316176	0.1517561724	-0.0973467065	-0.1533036431	0.0517433001	-0.1422388832	0.0549147788	-0.030201335	-0.1274631883	-0.064516776	0.0498615796	0.0743571181	-0.102317614	0.0280598933	0.0908636164	0.0025830037	0.0726007872	-0.1454394832	-0.063436624	0.0868767537	0.0113352274	-0.0983678727	0.0657922006	-0.0282052807	-0.0659563681	-0.0304115798	0.0597328222	-0.0685245475	0.0885536494	0.0716217526	0.0035064191	0.2182444288	-0.1165583535	-0.0166042001	-0.0588203483	-0.0793360042	0.0413397387	-0.0366442411	0.0709480398	0.061192049	-0.0110028422	-0.0067958248	0.1308441844	0.1663626902	0.0297706969	0.0668103646	-0.0214346509	0.060802237	-0.0298350669	-0.0763193519	0.0585107719	-0.1227282158	0.0379270235	0.0243810798	-0.0231553833	-0.0108709274	0.0242406561	-0.1419780671	-0.0842937167	0.0116423117	-0.0750533235	-0.0561328693	0.0224976862	0.063631037	0.0735426403	-0.0643308095	-0.0868785406	-0.0181342121	-0.0863598926	0.0761821671	-0.1204098189	0.1035384821	-0.0474463577	0.0663945589	0.1632896997	-0.0389230728	-0.0506332427	0.0677838596	-0.0804231319	-0.1202563539	0.1695616866	0.067102853	0.0022649762	-0.0465435374	0.0439322524	0.0292832037	-0.0936720636	-0.0061540903	-0.0335609413	-0.0832195368	-0.1392686728	0.0673791418	-0.0847896873	0.1905293984	0.0860929423	-0.0691369572	0.077280634	0.0990624498	0.1519719759	-0.0171674984	0.0378608598	0.0025521877	0.0072291648	0.1498899682	0.061973573	-0.0582463416	-0.0104344065	0.0541401232	-0.017862965	-0.0458873255	-0.0696857832	0.0313268854	-0.04453398	-0.0875599389	0.0716300297	-0.0133761746	0.0907898243	0.0341268469	0.1396860135	0.0453451986	0.0285404563	-0.1011840155	0.0329594077	-0.0325003343	0.0117304187	0.0006525164	0.0468753854	-0.0057159352	-0.0792768228	-0.1167857676	-0.0156654996	0.0823615551	-0.0208186326	-0.0251268563	0.035610238	-0.0367434448	-0.0497247376	0.0399242288	-0.137787724	0.0089000052	-0.0243823423	0.0653574403	0.0750893769	0.037520755	-0.0794373376	-0.0937576389	0.0130625369	0.0	0.0	-0.0352846943731748	-0.0091130706059062	0.0012450096570083	8.304805586823161e-05	0.138013694916836	-0.0023318540224011	5.437543181788204e-06	0.0190477799845974	0.1626478251895236	0.0482814521728585	0.00233109862392	0.0264543150388818	-0.001678663643756	-0.0013338163391504	1.7790660265845752e-06	2.817911628868171e-06	-0.0027488211633281	0.0004748624123328	7.556017787960449e-06	2.254943106465264e-07	0.0009756957524434	-5.025082742599995e-05	9.519822013360924e-07	2.525145656997629e-09	0.0	0.0	0.0	0.0
58.28833776085972	-0.0796568219645692	3397.530318924065	0.006345209285495	63.306045798589466	-0.2713272161317235	4007.655434653107	0.073618458213791	58.20030952975494	-0.0295376202959189	0.0008724710127458	3387.276029359284	62.3171270618906	46.48702679533535	0.917407	29.92922	0.1162835305705312	0.0536440439579156	0.0715122876	-0.0730717123	0.0033991196	0.0486586781	-0.1348154102	0.0249396719	-0.0453881473	-0.1326896131	0.0057710134	-0.1517982785	-0.0564411235	-0.0173589006	0.0385020465	0.0950833687	0.1290939854	0.0838357768	-0.0021363481	0.0360325901	-0.0606713748	-0.0574848915	0.0030159981	-0.1515876105	-0.0352351515	0.0293503222	0.0742558633	0.1203677099	0.0405627043	-0.0491732099	0.0489864517	-0.0624834555	-0.0422476427	-0.1267844092	-0.05683743	0.0111116678	0.0425266648	0.0771321608	0.0614808223	0.0056600459	0.0918525947	-0.0750738842	-0.0791187764	0.1390086969	0.1200350889	0.1956900049	0.0589164775	0.1075195673	0.1214397233	-0.1551147557	0.1173698299	-0.0565703493	-0.0040674584	0.0398564032	-0.0019203723	-0.0141507876	0.0626793104	0.030340705	0.0112006177	0.0842926258	-0.100478214	0.0640623753	-0.0181106571	0.1917802021	-0.1806049531	0.0589290734	0.1008601602	-0.063074114	0.1244819006	0.006394338	0.1100386617	0.0646818535	-0.0102026546	-0.0403727036	0.0318600747	0.1358777978	-0.0193641226	0.0676368394	-0.0638805449	-0.0972070635	0.112185544	-0.0086139853	-0.0873025373	-0.0431560274	0.0016040338	0.0096745651	0.121834634	0.122791302	-0.1319646461	-0.0143172116	-0.1008163385	-0.0051422333	0.0384468058	-0.0170764824	0.1518309993	-0.0168047569	0.0053543492	0.0221227105	0.0076157573	-0.0753218304	0.0163773659	-0.0162664466	0.1195252188	-0.0501904528	0.0486026964	-0.1522224931	0.0280660327	-0.0384930994	0.0501265874	-0.0448697707	0.0637206419	-0.1684098227	-0.0167196464	-0.0067325805	-0.0641804478	-0.0334089969	0.0487671643	-0.0217244322	0.1822583395	-0.0939350912	-0.0963719254	-0.0213949779	-0.0769190493	0.1517556231	0.0194641933	0.0687842429	-0.0515656117	-0.0629649145	0.0193197605	0.1288280372	-0.2306037997	0.0172990065	-0.0904464624	-0.0052828815	-0.0504936725	-0.0878374251	0.081980651	-0.0758933362	0.0503069954	0.0780058877	-0.0107662953	0.0118701368	0.0649031671	0.0501630675	0.0569184247	0.0090706123	0.0296269289	-0.020716693	0.1756582617	-0.0296152358	0.0500925954	0.0530523332	0.1253685679	-0.0813291936	0.0847822658	0.0370458607	-0.0056669416	-0.0622359623	-0.1151493332	0.0263470066	0.1822078663	-0.1267386228	0.128305295	-0.0361564138	-0.0382574191	0.0796200122	0.0429629214	0.1518211654	-0.1423906408	0.0037225324	-0.0409878998	0.1149776796	0.0368471924	0.0402339043	0.0451787044	-0.114781231	0.0015298135	-0.0185139084	0.0470108792	-0.0285267049	0.1267215484	-0.0632074425	-0.0418085856	-0.0485154206	0.0674095817	0.016138262	-0.0288276997	0.0220297276	0.1078836811	-0.0421701091	-0.0607267637	-0.0337608265	-0.044445324	0.0244678007	-0.0612974191	0.0121446059	0.067373642	0.0357652936	-0.0818647166	-0.0910090951	0.020450122	0.0	0.0	-0.0444488145639212	-0.0091641201907463	0.0019756971161378	8.398109887044576e-05	0.1542265631859436	0.0162128682691076	0.0002628570975114	0.0237858327921478	0.1308144419111414	-0.0318333832783822	0.0010133642909483	0.0171124182125233	-0.0010240980456337	0.0006545655981223	4.284561222452045e-07	1.0487768070707635e-06	-0.002463879430999	0.0002849417323291	6.070701850499956e-06	8.119179082270851e-08	0.0007337399062489	-0.0002419558461944	5.383742500221446e-07	5.854263150769652e-08	0.0	0.0	0.0	0.0
58.26882767994324	-0.0195100809164756	3395.25627919492	0.0003806432573674	63.04115388161524	-0.2648919169742285	3974.187082725492	0.0701677276782815	58.17913892603076	-0.0211706037241796	0.0004481944620462	3384.8122061743875	62.31616895999719	46.177907263123714	0.901356	29.40559	0.1640111586035978	0.0871619326749581	0.0221808695	-0.1137713723	-0.0044672349	0.0284445158	-0.0355795243	0.0121240921	0.0338540867	-0.130420313	0.0246154925	-0.1795213185	-0.0624650057	0.0591408479	-0.0349234243	0.1018518122	0.0321817012	-0.0864053958	0.0039741957	0.0275690358	-0.011650515	-0.0822448141	0.0530822815	-0.1194911131	0.1477451693	0.0171256143	0.0452255975	-0.0620394343	0.0463791714	0.0497918655	0.0148929753	0.0004688541	-0.1432854329	-0.0751637641	-0.0342456507	0.0320589191	-0.1100172948	-0.025260587	0.0256270695	-0.1004280562	-0.0059157323	0.0903273242	-0.0156718145	-0.0642785774	0.0345926217	0.0560869318	-0.0978965915	0.0110564551	0.0290998746	-0.0077112587	0.0983129903	-0.0121180932	-0.0431572146	0.0908888314	-0.0134107361	-0.0562458566	-0.0124908397	0.1052350193	-0.0698114847	0.0453229765	0.0756977334	-0.0644413372	0.0773651694	-0.018463694	-0.0005563056	-0.0551670555	-0.067637629	-0.1369779162	0.0760156802	0.1663528	-0.0983353177	-0.097527356	0.0307109214	-0.1601389972	-0.0891316735	0.0331204722	-0.0739571949	0.0861204337	0.1083656171	0.1639190929	-0.1757363746	0.157524476	0.0032881171	0.0127375279	-0.0255105866	0.020003449	-0.0720397806	-0.0284435784	-0.0704758397	0.0389272788	-0.1353501296	0.0685878192	-0.0168013266	0.0467687971	-0.0219774535	-0.0105413008	-0.0294595463	0.0588270386	0.0128878818	-0.0163935832	-0.0488313526	0.0920445477	0.0556663314	0.1475379561	-0.0020975247	-0.1386759732	-0.0213361725	-0.0900079495	0.0363612443	0.0038968038	0.124615122	-0.1437230665	0.0249959419	-0.0558467684	0.0390427171	0.0669275633	0.0045738923	-0.0027782505	0.1395807218	0.000796396	-0.0588660963	0.0723681726	0.0089517524	0.1024047023	0.0038586688	0.0656743442	-0.038905523	0.0296242867	-0.0304403688	0.0446572556	-0.0782746131	-0.0094623256	-0.0039614954	-0.0518427551	-0.0562565925	-0.1507614599	0.0331528616	-0.065818972	0.1018889727	0.0441852769	-0.0156014394	0.0854380722	-0.0596038248	0.1298482182	-0.0647733933	-0.0379427819	-0.0896517297	0.00803593	-0.220797351	0.0007427262	-0.0007191036	-0.071923747	-0.114386353	-0.0628000953	-0.0043288164	-0.0829753764	0.0611708853	-0.0323575568	0.0900187357	0.1253991497	0.0133797107	0.0546422665	-0.0030149794	0.0488351453	-0.002057417	0.0619116663	-0.1189472686	-0.0281068344	0.1181403343	-0.1810270785	-0.1063279992	-0.1365464332	-0.0750419833	0.0030000531	0.0998538349	-0.0618515304	0.0607159121	0.0144531367	0.0790675299	-0.0408446906	0.0419563133	-0.0300750942	-0.0008389506	0.0086315965	0.1202933141	-0.0576117542	0.0083345019	-0.0350031145	0.0461969618	-0.0874945754	-0.043415132	-0.0599607923	-0.0280767871	0.0220361654	-0.0008711859	0.0089523062	0.0273713815	0.0339986915	-0.0841901024	-0.0880054659	0.0277358257	0.0	0.0	-0.0289192428008533	0.0155295717630678	0.0008363226041747	0.0002411675991442	0.1565723121382518	0.0023457489523081	5.502538147254949e-06	0.0245148889283181	0.0583711763676646	-0.0724432655434768	0.0052480267226026	0.003407194230545	-0.0001047059143582	0.0009193921312754	8.452818910513061e-07	1.0963328501586714e-08	-0.0023010618700987	0.0001628175609002	5.294885730022128e-06	2.650955813752281e-08	0.001125381660968	0.000391641754719	1.2664838828430945e-06	1.533832640394556e-07	0.0	0.0	0.0	0.0
58.30887911156589	0.0400514316226505	3399.925383247205	0.0016041171750238	63.264667092416055	0.2235132108008173	4002.418102314231	0.0499581554024906	58.18566495976153	0.0065260337307719	4.258911625517372e-05	3385.571606809621	62.35626520337973	45.84387822975316	0.878266	28.652302	0.0839155907531783	0.0462594849781284	0.0407371878	-0.1147367535	-0.0162315607	0.0276124092	-0.0492753607	0.0545760206	-0.0082228733	-0.1002500806	0.0474326938	-0.1277112579	-0.0967529751	-0.0195883948	-0.0355815833	0.0615344212	-0.0010733509	0.0897123655	0.0516816065	-0.0123224242	0.0109104939	-0.2547115904	0.155922237	0.0369067744	-0.0156194653	-0.1303291159	-0.1442328567	0.0501174655	0.1160557272	0.0290747865	0.077538618	-0.023595261	0.0717847426	0.0704941591	0.0095353655	0.0905896311	0.1056468356	-0.025965328	0.0077272174	-0.0014946178	0.0074621591	0.0497198705	0.0873482461	-0.0565426558	0.0171358137	0.1354243934	-0.0629306791	-0.0303629571	0.0222198634	-0.0478037526	-0.039485997	0.0725163074	-0.0087346619	0.0213504786	0.0504316629	-0.084985646	-0.0789805974	0.0629974254	0.0965291989	-0.0119611949	0.057595368	-0.0948742618	0.0098915315	-0.000700893	-0.1137676605	-0.0767081339	0.0725286535	-0.0428348059	-0.0138095733	-0.0599908558	0.0953247866	0.0316829313	-0.0328228389	-0.0416239727	0.0362303246	-0.0615922984	0.1263737287	-0.0249869346	0.0001790827	0.030925306	-0.0014769231	0.0092229891	0.0124481983	-0.060151497	0.0370941151	0.0103201572	-0.0563931355	0.0063664604	-0.0103966157	-0.0085829575	0.1156682497	0.1683478141	-0.0981555486	-0.0272970694	-0.0478508458	-0.1330210364	0.0391870271	0.0306302793	0.1044357913	-0.0389901477	0.0324998552	0.1030554605	0.0510319942	0.1787874297	0.0085096835	-0.117917104	-0.0157602343	-0.0577504857	0.0612545998	-0.0217513571	0.0405748075	-0.1486177862	0.0208940462	0.0597700779	-0.0371618383	-0.0540640077	0.010120791	-0.0608446452	0.079634111	0.0611089041	-0.0172481513	0.0374474593	-0.006854906	0.0750735054	-0.0542686473	0.0582667497	-0.0667696008	0.0201434203	-0.0765575433	-0.000220526	0.0470124539	-0.0111470351	0.0094444765	-0.0083153707	-0.1075297031	-0.0804668715	0.0926291761	-0.072287144	-0.0855563815	0.0560624895	-0.0503810896	0.078594819	-0.0702157096	-0.0203020079	0.1377956271	-0.0548476905	-0.0484445354	-0.0444968077	-0.1414571479	0.0990532813	0.0077359728	-0.0721217604	0.0802219923	0.0913225251	-0.0055572147	0.0153514775	-0.0400964233	0.0337997937	0.1345456673	-0.0159699398	0.0385323894	-0.0480777082	-0.024641388	0.0941316491	0.0772382446	0.1186143701	0.0226906565	-0.1036828367	-0.0083114157	-0.1209137252	0.0110683366	0.0113170931	-0.0328376146	0.012875783	0.0810394307	-0.0899642642	0.0096739886	0.0143218732	0.0644683381	-0.0394767397	0.0426329076	-0.0329945879	0.0065632136	-0.0535029063	0.0225824156	0.1096585755	-0.0472661249	-0.1117010732	0.0040659232	-0.0817851739	-0.006572059	-0.0319621204	-0.0480834642	-0.0320416024	0.029762009	0.0689877948	0.0176531057	0.032221499	-0.0864105979	-0.0847551701	0.0348833508	0.0	0.0	-0.0457644282733724	-0.016845185472519	0.0020943828951886	0.0002837602736035	0.1612213129832014	0.0046490008449495	2.1613208856342063e-05	0.0259923117600273	0.0797287688485042	0.0213575924808396	0.0004561467565776	0.0063566765820982	0.00056240129143	0.0006671072057882	4.450320240145398e-07	3.1629521260213173e-07	-0.0022606498905508	4.04119795479e-05	5.110537927647345e-06	1.633128090979888e-09	0.0012391387147293	0.0001137570537613	1.5354647543409814e-06	1.2940667280451305e-08	0.0	0.0	0.0	0.0
58.325929125722745	0.017050014156851	3401.914008378833	0.0002907029827488	63.34476615544269	0.0800990630266369	4012.559399287718	0.0064158598977451	58.11383155735774	-0.0718334024037901	0.0051600377009048	3377.2174182769486	62.373309404387975	45.7425129873556	0.86223	28.129158	0.0709439492550585	0.040147912719108	0.0326858439	-0.1078028177	-0.0136449253	0.0151173311	-0.0892283638	0.0756649479	-0.0033538256	-0.074529398	0.0663492844	-0.1041989438	-0.0778331495	-0.0347736706	0.0444515379	0.0508002509	0.0373354284	-0.0425018712	0.0074486855	0.0249998899	-0.030477394	-0.064402465	-0.0670042432	-0.0387051182	-0.0062287036	-0.0334587704	-0.170351343	-0.0938484413	0.0348515293	-0.1182309695	0.084768352	-0.0050961	-0.0190932678	0.1227403672	0.011552853	0.0142033125	-0.0377665802	0.011599366	0.0650208657	0.0440745002	-0.1095275647	0.1225932067	-0.0490916453	-0.0396379496	0.0086105631	-0.0191416004	0.0772488036	0.0670373124	0.0283266245	-0.1735335138	0.0194180829	0.0494834766	-0.1825288877	0.1334588151	0.0850733917	-0.054879657	0.030576982	-0.0177477442	-0.0340063152	0.1093419529	-0.0782354723	-0.0065954228	0.0087280593	-0.1514111812	0.0142015413	0.0947073211	0.0150948824	-0.0688276054	0.0435205272	0.0671250153	0.1159233261	0.0042887095	-0.0251725438	0.0398035591	0.0743572969	0.0648180797	-0.1035778223	-0.0556300681	0.0008779542	0.0126004155	-0.0696368872	0.0386471954	-0.0355967603	0.0241427435	-0.1050025708	0.0698300153	0.1068129919	0.0776095105	0.0769961096	0.0500850207	0.046858695	-0.0941667425	0.0398031915	0.0302826059	-0.2311793954	0.0659468743	-0.0399562625	-0.0884547068	0.0272271305	0.0607237833	-0.0479388261	-0.0198795135	0.1332167155	-0.0543325095	0.0058139687	-0.1293724404	-0.0141410041	-0.0093094174	0.0641764279	-0.0193820715	0.0145579014	-0.1223677065	0.0124993625	0.0700612779	0.0180077632	0.0001248326	0.0018149449	0.0090702452	0.0292115894	0.0189111951	0.0198053432	0.0353421021	0.0152879534	0.0835477256	0.0076918954	0.0229473257	-0.1057756224	0.1205200277	-0.0084072743	0.0910790573	-0.0319982174	-0.078927027	-0.1271708175	-0.0171024588	-0.130558222	-0.1186175111	0.0087731235	-0.0447807154	0.0219047752	-0.0023386235	0.0177207278	-0.0411183441	0.0518847479	-0.1416475522	-0.1166813691	0.0693740355	0.0792856469	0.0943867713	0.0078836627	0.0638186802	0.0241064947	-0.0435407632	-0.0052207535	0.0535072759	-0.0302177331	0.1661119458	-0.1036004703	-0.1539856734	-0.0777275716	-0.13973985	-0.0068844236	-0.0877452877	-0.1863751865	0.043241901	0.1005209308	-0.1043440416	-0.034515541	-0.0437553075	0.0294901377	-0.0290738999	0.0088650586	-0.0725423961	-0.1567868328	0.0111273227	0.0753810945	-0.1052157354	-0.0012629015	-0.0207768167	0.0451519369	0.0033349983	0.0793767895	-0.0570556586	0.0323150525	-0.0838768891	0.0735884073	0.0092745083	-0.0463416595	-0.0524031465	0.0737110615	-0.0199074531	-0.0288090625	0.0219616782	0.028218686	-0.0162599423	0.0343494633	0.1158067318	0.0695730352	0.0304342698	-0.0885234364	-0.0812673177	0.0418570888	0.0	0.0	-0.0458006395249555	-3.621125158310285e-05	0.0020976985808949	1.311254741214768e-09	0.1616247374729624	0.000403424489761	1.6275131893894162e-07	0.026122555763204	0.0963429457111786	0.0166141768626744	0.0002760308728242	0.0092819631883071	-0.0001216971185783	-0.0006840984100082	4.679906345758841e-07	1.4810188670260811e-08	-0.0024700667577299	-0.000209416867179	6.101229787642301e-06	4.3855424259108736e-08	0.0010548512588959	-0.0001842874558333	1.112711178394265e-06	3.3961866377547314e-08	0.0	0.0	0.0	0.0
58.33075904760252	0.0048299218797751	3402.4774510694638	2.3328145364730785e-05	63.23625910371319	-0.1085070517295037	3998.824465431949	0.0117737802750291	58.13974214920392	0.025910591846177	0.0006713587698191	3380.2296171759185	62.36706004335902	45.76862522132742	0.858186	27.997227	0.0422936120041995	0.0254832536233458	0.0531590444	-0.0967828098	-0.0099892709	0.006507414	-0.0757184409	0.0784376777	0.028756174	-0.0893415148	0.0285776254	-0.1176090397	-0.058438339	0.0008533416	0.0669298114	0.0411889583	-0.0101109566	-0.1352008411	0.1082315718	-0.0020249881	-0.0811156219	-0.0390098805	0.1236232594	0.0048190865	-0.0861879789	-0.0581322443	-0.0754829763	0.037788969	0.1032992108	0.0165424971	0.0340856541	0.0425809386	-0.043941285	-0.0101577041	-0.0050164781	-0.0264518448	-0.0472751934	0.0507202645	0.0485126583	0.0608760654	-0.0030070507	-0.0374601766	-0.0926493777	0.0145812994	-0.0257167256	0.0013304057	-0.0169792205	-0.0882444894	0.060420409	-0.0140305906	-0.020888829	0.0048793778	-0.0033905251	0.0846266597	-0.0471473928	-0.0077324916	0.0651859099	-0.0039349944	0.101704525	0.061383032	-0.0214937263	0.1988614591	-0.090456563	0.0035837911	0.0953687986	-0.1208799911	0.0322331778	-0.0367766257	-0.0537226942	-0.0988710425	-0.0590099848	-0.0750769326	0.0281704477	0.0450557111	0.0078924488	0.0086008805	-0.0191722126	-0.0622775854	0.1636780812	-0.1774306444	0.0118613214	-0.0577922828	0.036829584	-0.0306506879	0.0434361934	0.0202698138	0.0921879003	0.0856616354	0.0673606642	0.0143336362	-0.0678654598	0.0600081402	0.0362432073	-0.0301512336	0.0052073738	-0.030076081	-0.0191594791	-0.0252820679	0.0798406391	-0.0695971673	-0.1364484408	0.2128998509	-0.0311120523	-0.0113445976	0.0371450715	-0.1056502369	-0.02021537	-0.0415792836	0.0437494831	-0.018522162	0.0376045736	-0.1021384873	0.0029792459	-0.0042243969	0.0300786288	0.1127903519	0.0069824405	-0.0212015542	0.0217380852	0.0629851254	-0.0221099927	0.0096764729	0.0199338115	0.0536101614	0.1207612816	0.0192010021	-0.0007336966	0.0304556265	-0.0757693815	0.0318129618	-0.0096155209	0.0149319507	0.018746235	-0.0140801404	-0.0815661399	-0.0537181358	-0.0318452144	-0.007930303	-0.0107920494	0.0161085199	0.0542851782	-0.0100445794	0.0935771624	-0.1210404075	0.0119170701	0.1379605504	0.0080142858	-0.0152992714	-0.0645718838	-0.0189242498	0.0298759547	-0.0722891036	0.0066807638	0.0156402867	0.0311926406	-0.0279910848	0.0414309781	0.0281757476	-0.0952436226	-0.0416600128	0.0440402179	0.0413584506	0.0971926869	0.0294064332	0.0105444413	-0.0722911212	-0.2331654326	0.0025976235	0.0798075022	0.0650276351	0.0994588097	-0.0456785239	0.0177680526	0.0348347028	0.0772749595	-0.0993477308	0.019542291	-0.0249265232	0.0507082717	0.0182849055	0.0238976139	-0.0540037555	0.0163970288	-0.0281966122	0.1178179269	-0.0793075715	-0.0159229511	-0.0284747039	0.0178538169	-0.0906780535	-0.0396444319	-0.0307625874	-0.060292889	0.0504619117	-0.0362823964	0.0734166133	0.0811256173	0.0286375605	-0.0905259858	-0.0775516848	0.048622297	0.0	0.0	-0.045864647702956	-6.400817800050057e-05	0.0021035659089162	4.097046850943765e-09	0.1599502025080141	-0.0016745349649483	2.8040673488344745e-06	0.0255840672823547	0.0998260975550593	0.0034831518438807	1.2132346767529555e-05	0.0099652497530722	-0.0004149116088912	-0.0002932144903129	8.597473732945374e-08	1.721516431926841e-07	-0.0028632339669074	-0.0003931672091774	8.198108749252284e-06	1.545804543724239e-07	0.0011099078997529	5.5056640857e-05	1.2318955459338937e-06	3.031233702456682e-09	0.0	0.0	0.0	0.0
58.29980453697862	-0.0309545106238999	3398.867209049913	0.0009581817279651	63.19007621441696	-0.0461828892962259	3992.985731983824	0.0021328592637474	58.06431036896348	-0.0754317802404358	0.0056899534702414	3371.46413862332	62.34797531176967	45.8741558755553	0.867398	28.297752	0.0950514322680052	0.04364446531396	0.058282603	-0.0837866838	0.0191635127	-0.0003152536	-0.0398128944	0.0947140849	0.0528415944	-0.0834656795	0.0017788987	-0.0559185529	-0.0831456366	0.0084950058	0.0830826134	-0.0073207103	0.0760103575	-0.0241028939	0.0254025333	0.0669437641	0.029988791	-0.0134112242	-0.0261037524	-0.0096976879	0.0412906714	0.0923832151	-0.0004463609	0.023214907	-0.0122282276	-0.0765220406	-0.0365240307	-0.009669086	-0.054814776	0.0143442461	-0.0149445778	-0.1090026605	-0.0223223545	-0.1600870713	-0.0393269164	0.031627395	0.0658329827	0.118839976	-0.0825359092	0.0759266903	0.0703175842	-0.0456498621	0.0501881069	0.1197216955	0.0811305573	0.0931306731	0.0136984531	0.1390459085	0.0798244082	-0.034380472	0.1085795954	-0.0139916269	0.0235172675	-0.0389103176	0.0283412632	0.0078864401	-0.0362146115	0.0791114211	0.0340622737	-0.0724200403	-0.0314448783	0.1490545986	0.0285172553	-0.0893402912	-0.0367933755	-0.1069924384	-0.1295815372	0.1029371195	-0.0729503352	-0.1105219298	-0.1311136659	0.1477645458	0.0154113785	0.1011098391	0.0410336412	-0.03758225	0.0287077674	0.0785095724	-0.0485080246	0.0941740209	0.0435486774	-0.1002818151	0.0100283181	-0.0511611346	-0.0155196769	0.053844985	-0.0087794109	0.0348594185	0.014903515	0.0060762415	0.0348738414	0.0431904383	-0.0435704594	-0.0321371384	-0.0206960544	0.0696346908	-3.76084e-05	-0.0512457281	0.0624013803	0.107033153	0.0474067739	-0.0953881136	0.0002976098	-0.0478148635	0.0828626796	0.0152383867	0.0385043082	-0.0467868645	-0.0271960674	-0.0227260996	0.0587670016	0.0565445267	-0.054773838	-0.0547487919	-0.0476080333	0.1238875893	0.0814932363	-0.0763893734	0.0877882519	0.1791150468	0.0623315216	0.0037182447	0.1077219228	0.0556212361	-0.0545465762	0.0392417408	-0.0596050259	0.122138522	0.0688832775	0.0423001595	0.0208631607	0.0834807314	-0.0286688849	0.0258170746	-0.0453287183	-0.1289202829	0.0019766925	0.020876731	-0.0046612089	0.0850349955	0.0206593416	-0.0233217457	0.0688085039	-0.0789979767	0.0434258803	-0.035172221	-0.0250937288	-0.0584968765	-0.0267013142	0.0646931881	-0.1470469666	0.0048144226	-0.1017000816	-0.0759694056	-0.0073704249	0.0695194664	0.0760339767	0.0783905164	0.13642296	-0.0310662487	-0.1414874237	-0.1096753459	0.0099042956	-0.0416853199	-0.0168547502	0.0724889965	0.1736949711	-0.0437247042	-0.0321300347	0.0328555311	0.0542867396	-0.1010241156	-0.0067549653	-0.031161887	0.0148767932	-0.0378128939	-0.015033942	-0.0122241707	0.0186630477	-0.0191282921	0.1388863666	0.0275666428	0.0096938597	-0.081425266	0.0076983191	-0.0559799412	0.061061155	0.0072028004	-0.088534034	-0.0225992816	0.0232887933	0.0435199012	0.0112543511	0.0268319309	-0.0924157511	-0.0736186857	0.0551452713	0.0	0.0	-0.0681994092483933	-0.0223347615454372	0.0046511594218298	0.0004988415732915	0.1800521912312405	0.0201019887232264	0.0004040899506287	0.0324187915671712	0.0927473050520859	-0.0070787925029734	5.01093033001526e-05	0.0086020625944246	1.9916171489861947e-05	0.000434827780381	1.8907519859112105e-07	3.9665388681358973e-10	-0.0032809963687576	-0.0004177624018502	1.0764937171800556e-05	1.7452542439964813e-07	0.001168035507449	5.812760769609987e-05	1.3643069466616426e-06	3.378818776471689e-09	0.0	0.0	0.0	0.0
58.46537030569361	0.1655657687149911	3418.19952498188	0.0274120237701859	63.3238807116958	0.1338044972788381	4009.913868389079	0.0179036434920426	58.0656069653042	0.0012965963407154	1.681162070756667e-06	3371.6147122491834	62.44541022039113	46.49773221918191	1.031965	33.666531	0.2075875872446147	0.1043887471662974	0.0460471806	-0.0728993478	0.0277911769	-0.0408172262	-0.1180448829	-0.0331465566	0.0058532791	-0.0231315649	-0.0151457768	-0.1342045865	-0.0144778087	0.013894711	0.0554621948	0.0928965128	0.0692110533	-0.0465088096	-0.0200826177	0.0597111428	0.1335887935	-0.0157300918	0.0168014982	-0.0572234064	0.0058993326	0.0240844767	0.0988714862	0.0253149574	0.0001382251	0.0706004332	-0.1130753613	0.0822753429	-0.131304879	-0.0958622111	0.1030297896	0.0294132283	-0.1012330584	-0.1114848733	-0.3198059182	-0.0160480467	0.0376882548	-0.0926963258	-0.0507679104	-0.0561002462	-0.083011626	0.0204283797	0.1441506386	-0.1563021017	0.0859843483	-0.0810809691	-0.0609024351	-0.0366358737	0.0525662866	-0.0525902577	-0.071398927	-0.0337274525	0.0264029778	-0.0156221333	0.0276049019	-0.0506785533	0.0174670357	-0.0868980654	0.0704340811	0.0399306391	-0.0044744228	0.0033630251	-0.0420152513	0.0586505236	-0.2112076738	-0.0318827759	-0.0178331481	-0.0256606724	-0.1095423211	0.0965967653	0.0012744239	0.0886137247	0.1819350277	-0.0662818545	0.0682492865	0.0179741972	0.0823242016	0.0912871915	-0.0399172557	0.0071369451	-0.0460324443	-0.0373294471	0.0366243438	-0.0024240232	0.1048199076	-0.05606566	-0.0206289523	0.0289512794	0.005038207	-0.0024913727	0.0530304446	-0.0514522548	0.0693407615	-0.0184435657	0.0375946975	0.0275405995	0.1621838687	-0.0276854644	-0.0603148062	-0.0021568349	-0.0008485362	-0.0481558773	-0.0818033834	-0.0005670816	0.0324188626	-0.0048094713	-0.001288689	-0.1111231322	-0.0406363021	0.0057480486	-0.0092784763	0.0950763755	0.0146236942	0.0343666066	-0.0647660701	-0.0476177546	0.0429801818	-0.061052831	-0.0212764797	0.1247170668	0.1978095993	-0.0717381197	0.097268866	-0.1478129144	-0.0891340719	-0.0862231334	-0.1741908086	0.0284975942	0.1232173376	0.2510647257	-0.035795251	0.053476976	0.0308000989	0.0835542802	-0.3142570828	0.1278853424	0.0388892392	0.0504696148	0.0676346509	-0.0520088327	-0.0536625772	0.1046820683	-0.0036832651	0.0461243951	-0.0386757439	0.1241370244	-0.1541290331	0.035073701	0.0225092565	-0.0399670378	0.0872054381	-0.0064436521	-0.0301922297	0.1177532746	0.1059758741	-0.0017183186	0.0782058278	0.0820816965	0.0266653439	-0.1245558603	0.0110765157	-0.0826929975	0.0055047103	0.2237216006	-0.0807228722	0.0246063911	0.0345052608	-0.0457073075	0.0896447755	0.0356756616	0.0841448457	-0.0216450465	0.0603682787	-0.0417810669	0.0469885516	0.0983964463	0.0579921843	-0.0453743648	-0.1582308309	-0.0544675872	0.0362686698	-0.046719416	0.0485225223	0.0922408322	0.0308983968	-0.0653448757	0.0820923296	0.1301044092	-0.1966992363	0.0790566902	-0.0312262382	-0.2879267626	0.0019153272	0.0250179432	-0.0941903779	-0.0694793439	0.0613935146	0.0	0.0	0.0122062161091349	0.0804056253575282	0.0001489917117029	0.0064650645891351	0.1805253789207483	0.0004731876895077	2.2390658950172825e-07	0.0325894124344797	0.0478249521082503	-0.0449223529438355	0.0020180177940105	0.0022872260441564	-0.000728153010491	-0.0007480691819808	5.59607501029516e-07	5.302068066871064e-07	-0.0030771864199741	0.0002038099487834	9.46907626327302e-06	4.153849522313281e-08	0.0018518848017595	0.0006838492943105	3.4294773189878226e-06	4.67649857328969e-07	0.0	0.0	0.0	0.0
58.65780460250434	0.1924342968107311	3440.7380407855794	0.0370309585890405	63.67931500099544	0.3554342892996374	4055.0551589960014	0.1263335340099383	58.18304288348468	0.1174359181804831	0.0137911948788931	3385.2664791814173	62.59079293988441	46.19895731394689	1.114936	36.37336	0.3741215700395843	0.1785280857890526	-0.0638530881	-0.0598246664	-0.0146490627	-0.0904604015	0.0224353474	-0.0817426733	-0.040748583	0.0762770912	0.0799330963	-0.0885209994	0.0835459652	0.1209816374	0.0428000869	-0.0093163573	-0.045866479	-0.0350850872	-0.0266845502	0.0362548783	-0.039284315	0.0423872405	0.1741736306	-0.0990881344	0.0353558503	-0.0929374348	0.2023046962	0.0393271289	-0.1008428104	-0.0380319131	-0.0662630708	0.001831946	0.0404255006	-0.0183989772	0.0626039429	0.0524557664	-0.0209371271	0.0219879765	0.0408192697	0.032620075	-0.0319902872	0.0071194462	0.0595717535	-0.0215506979	-0.097807575	0.055387492	0.0631758672	-0.0548591553	-0.0947919721	-0.0496645334	-0.1112159894	-0.0321821304	0.1190063814	-0.0362185546	-0.1108931259	0.0417385596	0.0590618408	-0.024076729	-0.051728282	0.0692739667	-0.0795392127	0.0106651167	0.0260091329	0.167763698	0.0941877319	-0.0498229735	0.0846634501	-0.0539734549	0.0149984391	-0.0025277492	0.0164371906	-0.1024404674	-0.0381948768	0.0191170189	0.0301570931	0.0611856003	-0.0602547516	0.0239116138	-0.0311204982	-0.0985003747	0.0104795678	0.0234674539	-0.1059870564	-0.0645998221	0.0606071697	-0.0268473753	-0.0575552793	-0.0775829779	-0.0339826894	-0.0501999386	-0.0129956506	0.0633036814	0.0460238616	-0.1121662493	0.0330907641	0.0267350367	0.0790010633	0.0227737815	-0.074634734	0.1600829599	0.1119262013	0.0477034923	0.061085243	0.0214129538	-0.0969366721	-0.0025606847	-0.1709674851	0.0342798223	-0.0179517009	0.1128089976	0.0483967609	-0.0917842445	0.1101029956	-0.0378285601	0.0230166577	0.0852935985	-0.0703677046	-0.0975024757	0.0404961681	-0.0287521297	0.1581448746	-0.0641629763	0.0684863143	-0.056768838	-0.0101880609	-0.0685300006	-0.1927768779	0.0153232761	-0.0436859685	-0.0897403969	0.0153474323	0.0197659691	0.050329009	0.0101494956	-0.1185793525	0.1529440738	-0.019175351	-0.1665101675	-0.0237364469	0.1941342311	-0.023278495	-0.0744345262	-0.0287002702	-0.1758258969	0.0965845729	0.044657645	-0.0646849957	-0.1214806546	0.1030831396	-0.0355819782	0.0060994769	0.1791866831	0.0094560595	0.0094333047	-0.1394842695	-0.1309132897	-0.0762606567	-0.023855045	-0.0068885346	0.0268444465	-0.1094350938	0.040040521	-0.0547339833	0.0632177489	-0.0077717593	-0.1077568076	-0.0377309428	0.0266357605	0.017796635	-0.0768394768	-0.0259925271	0.0353003352	0.0185679626	-0.058389114	0.139652197	0.0608544579	0.1556524749	0.009136998	0.0400095393	-0.024197698	-0.0009547396	0.0037094804	0.0850721975	0.0867940707	-0.012199346	-0.0105431033	0.1416592217	0.019306905	-0.0736732644	-0.0723499057	0.010032229	0.0201377105	0.1124152349	0.0124578072	-0.079896546	0.0645290515	0.0693561851	0.0231961626	-0.0958476552	-0.0651452616	0.0673358985	0.0	0.0	-0.0054988830482756	-0.0177050991574105	3.0237714778612755e-05	0.0003134705361737	0.1529676765501193	-0.0275577023706289	0.0007594269599481	0.0233991100691419	-0.0950426688817245	-0.1428676209899748	0.020411157127335	0.0090331089081611	0.0009950733686624	0.0017232263791534	2.9695091538101376e-06	9.90171009021137e-07	-0.0019146649608443	0.0011625214591298	3.665941912284905e-06	1.35145614293728e-06	0.0026859599139077	0.0008340751121481	7.214380659119058e-06	6.956812927050322e-07	0.0	0.0	0.0	0.0
58.59879251017225	-0.0590120923320895	3433.81848365022	0.003482427041411	63.514844927704544	-0.164470073290893	4034.135526190356	0.0270504050083117	58.26446106379506	0.0814181803103792	0.0066289200850534	3394.747423054491	62.52335480705153	46.218639883380106	0.956509	31.204897	0.0513625210794412	0.023372731963242	-0.0596139236	-0.1105119518	0.0179956172	-0.0264446502	0.0706401082	0.0319826872	0.0354359868	0.1312910805	0.0586078508	-0.1438428552	-0.0407417054	0.1318039213	0.0501223018	0.0354840069	0.0404108285	0.0545292047	-0.1237776666	0.0038201846	-0.0081298315	-0.0365806284	0.0204356425	-0.050416921	-0.0102834142	0.0093535292	-0.0465190804	-0.0016220434	-0.0201394095	0.059794839	-0.0479297616	-0.0346193575	0.1217144632	-0.0543536272	0.1669472642	0.0253391863	0.0388235892	0.0386238961	-0.0234182485	-0.0933900387	-0.1286970999	0.0916548582	0.0300784946	-0.0213216274	0.0080299561	-0.0942255532	0.058315786	0.033456062	-0.1267612003	0.0424589438	-0.0432522387	-0.0574936983	-0.1092948038	0.099821352	0.0367674358	-0.0548878029	-0.1013878332	0.040905525	-0.011675676	-0.0787463832	-0.0065054363	0.0615014776	0.1113829377	-0.0440831726	0.0773743971	-0.0808954939	-0.0309093274	0.1725252536	0.0756335079	0.0109387985	-0.0923734294	-0.0209074799	-0.0819050517	-0.0058407319	-0.0460683849	0.03602544	-0.0491733527	0.054054189	-0.0718236619	-0.0394976951	0.0672428957	-0.0372295976	-0.074652786	0.0489093584	0.0364676582	-0.1151082363	0.0204390666	-0.0874707501	0.0642355341	0.0469456596	0.0504782372	-0.0090319842	-0.0013130952	-0.1330735931	0.088662254	-0.045021932	-0.0857662744	-0.0417439534	0.2057195735	0.1236761699	0.0044781302	-0.0794145284	-0.0531286954	0.0438493837	-0.0777323005	-0.01587857	-0.1439526623	-0.0267306472	0.0689279603	0.0687847039	0.0603521935	-0.0550210467	0.1268654222	0.0237703859	-0.0694958235	-0.1285911265	-0.1303204432	-0.0858628236	-0.1119465344	0.0389759606	0.0823797751	-0.0543652826	0.0076735393	-0.1112584043	0.0103532921	-0.0883778101	-0.0888295727	-0.0927447692	-0.0222106029	-0.0310293287	-0.0323669848	0.0854510207	0.0909430551	-0.0835694625	0.1485756251	0.125315801	0.0398173823	-0.0100489783	0.0914589824	0.0335706666	0.0231059183	-0.0857280844	-0.0542995821	-0.1159305006	-0.0541010412	-0.0530312183	0.034174488	-0.0116814126	0.0098799895	0.0188637163	-0.0001302032	0.113992834	0.00625955	0.0446461384	-0.0619563539	0.0544441491	0.0137109131	-0.1781294143	0.0646907905	0.1027952541	-0.02287634	0.0970266165	0.0207545478	0.0291405105	0.029194838	-0.0227183389	-0.0931405075	0.001114374	0.0868195557	0.0066307859	-0.0023500889	0.0626172278	0.0720056423	-0.0456700306	0.1409137416	0.0233788692	0.0931897857	0.0310561647	0.0591214639	-0.013294404	-0.044731352	0.0254013396	0.2014751723	-0.0248026189	-0.0534251451	0.136658185	0.0472171338	-0.0082234221	0.0445704725	-0.0681490258	0.0136997945	-0.0591200499	0.1648324856	0.0377115988	-0.0553873968	0.0131957914	0.1020633003	0.0213671566	-0.0973855183	-0.0606285865	0.0729428184	0.0	0.0	-0.0149942625968577	-0.0094953795485821	0.0002248279108235	9.01622327716312e-05	0.1581336980145238	0.0051660214644044	2.6687777770687807e-05	0.0250062664477486	-0.0974593961250391	-0.0024167272433145	5.840570568578976e-06	0.0094983338930572	0.0006679895731091	-0.0003270837955533	1.0698380931355297e-07	4.462100697824777e-07	-0.0020640354119794	-0.0001493704511351	4.260242181904971e-06	2.2311531672303296e-08	0.0028951935236821	0.0002092336097744	8.382145539570776e-06	4.377870345922603e-08	0.0	0.0	0.0	0.0
58.43729119246159	-0.161501317710659	3414.917001912549	0.0260826756222792	63.243822445001385	-0.2710224827031595	3999.781077454861	0.0734531861305844	58.20408553952891	-0.0603755242661492	0.0036452039304123	3387.7155734927987	62.441403266489	45.85481512155896	0.952757	31.082483	0.1460181487158864	0.0669591269062939	-0.0188235178	-0.095316888	-0.0218204394	-0.0634041385	0.0363174698	0.0238162694	0.1152754701	0.0539486505	-0.0103658775	-0.0958431374	0.056833759	0.0226922891	0.0456737885	0.0723171036	0.0377296813	0.0494612538	-0.0921412218	-0.1462046231	-0.0546831917	-0.0881437474	-0.1074055808	0.191654828	0.0740402709	-0.2205172353	-0.0066481188	-0.0166587398	0.033391722	0.0598218113	-0.0192604168	-0.0069569021	0.0188682183	0.0256068795	-0.081220746	0.0088576649	0.0457210467	-0.0109970882	0.028891473	0.0136539488	-0.0206723679	0.0214103526	-0.0720194968	0.056620336	0.035634097	0.0649656487	-0.0851774166	-0.0431254864	-0.008262367	0.1522548151	-0.0734379982	-0.0561867705	0.092227584	0.0164461701	0.0510545719	-0.1175598286	0.2550045483	0.257675629	0.0221100087	-0.0577613804	-0.0136043741	-0.0234481309	-0.0640751844	-0.0555875082	-0.077839127	0.023799947	-0.0647085543	-0.0197777422	0.010608065	0.078976224	0.0061495934	-0.0146386069	0.0682016079	-0.0321631629	0.0724591245	0.0417875752	-0.0280816897	0.0671712093	0.0125407145	0.1322181939	0.1086958768	0.0183347816	0.0345895056	-0.0853742066	0.0285503953	0.1083009113	0.0125917586	-0.0708549583	-0.0182176429	-0.0572202399	-0.0368028408	-0.0295761759	-0.0979201321	0.055071036	-0.0427561837	0.028240795	0.0198517988	0.0390226953	0.0299469183	-0.0674428122	0.0692102516	0.0483810351	-0.0485474788	-0.0790513285	-0.0219395147	-0.0032547929	-0.1014146676	-0.0791177083	-0.0020556922	0.0927847752	0.0059988175	-0.0736340602	0.0982589378	-0.1313578194	-0.1333460139	-0.1084183857	-0.0197876553	-0.0357498294	-0.0360711485	0.0362560099	-0.014295336	0.0955069646	-0.1111199278	-0.0836340396	0.1845613534	-0.032567896	-0.0079942474	-0.1191183002	-0.0705618306	-0.0287798904	-0.0440455936	0.0226481092	0.0699213533	-0.0619953637	-0.0583031638	0.0199114178	-0.0974760482	0.0064500156	-0.0413446589	-0.0182145731	0.0735461768	-0.1303501714	0.0507174145	-0.0217993804	-0.0433933883	-0.1125596016	0.0901347893	-0.0574172118	0.016752752	-0.0169156997	0.1055866942	-0.0404748406	-0.0325860682	-0.0679401431	0.0008653647	0.0534397834	-0.0258008585	-0.0463824489	0.0219828066	0.0554704075	-0.1058238162	-0.0440702045	0.031495869	-0.0185208223	-0.0863763052	0.1987427594	0.023049841	-0.0295380606	-0.0379029472	0.0176385136	-0.025736634	-0.0510265999	-0.0659268519	-0.01130559	0.1338626884	0.0205084478	0.0963353708	0.0236259433	0.0431446886	-0.0411242466	-0.0572556016	-0.0724810851	0.0508322389	-0.01350646	-0.0667982549	0.0103471765	0.0256307437	0.118950059	0.0897634608	-0.0592058806	0.0102433713	-0.1093675872	0.077483205	-0.025081155	-0.0275590421	-0.1575895702	-0.0153096216	0.0195314949	-0.0988020511	-0.0559419782	0.0781863408	0.0	0.0	0.0263299250459425	0.0413241876428002	0.0006932649529249	0.0017076884843373	0.1896621427955125	0.0315284447809887	0.0009940428303078	0.0359717284097853	-0.0649655151334016	0.0324938809916375	0.0010558523018987	0.0042205181565482	0.0004770374448705	-0.0001909521282386	3.646271527885074e-08	2.2756472380857534e-07	-0.0023618931112339	-0.0002978576992545	5.578539068894152e-06	8.871920900518424e-08	0.002570570645166	-0.0003246228785161	6.607833441789145e-06	1.0538001325607877e-07	0.0	0.0	0.0	0.0
58.35777250808167	-0.07951868437992	3405.629612105013	0.0063232211655133	63.10564731302998	-0.1381751319714013	3982.322722796529	0.0190923670953141	58.1437142182639	-0.0603713212650092	0.0036446964312829	3380.691503095144	62.37389031541368	45.93395476304703	0.99214	32.367317	0.1109041820877049	0.0592596562436026	-0.0208611505	-0.0173093725	-0.1238015549	-0.1627801157	0.0352769326	-0.0113966286	0.1299810409	-0.0199899631	0.023628746	-0.0506117497	0.1214641909	-0.0879656617	0.0826849849	0.113585356	-0.076856678	-0.0412000447	-0.1425723553	0.0103671501	-0.0011838274	-0.0160301163	0.008134416	0.0639755525	0.0409344023	-0.0346141714	-0.0124832611	0.0397230425	0.2152176245	-0.1307751852	0.1024185468	-0.0925305042	0.0257476155	0.0641163089	-0.0613834818	0.1317716227	0.0463550278	-0.0046253541	0.0722785097	-0.0410227876	-0.0056557327	-0.0120866209	0.0575357376	0.0509025465	0.0081035656	0.0343661148	0.117106542	0.0505684835	-0.1250968009	-0.0436817438	-0.0930742109	-0.0162773055	-0.0466266929	-0.015063486	0.1260789625	-0.0345664951	0.0486378894	-0.0586192598	-0.0680102239	-0.0530340918	0.0312757059	0.0416032003	-0.002670333	0.013685211	-0.0078741552	-0.0374781461	0.0841665454	0.0121563098	-0.0585191441	-0.1244564839	0.0938479713	0.0364177233	-0.0261228206	0.1278818501	-0.0944013036	-0.0271387207	-0.0405995076	0.0714650812	-0.0361232526	0.1133758064	0.0005270967	0.065106552	0.0667783648	0.0063346969	0.104104072	-0.0320951479	0.0450657624	0.0263394441	0.0045890007	0.10549139	-0.01811033	-0.1034725733	-0.1024214043	0.0128523873	0.0239400753	0.1791097771	-0.0382442606	-0.1320851117	-0.0102151256	-0.1111323373	-0.0199290605	0.024610713	0.0451084754	-0.0076756489	-0.0423352646	-0.05427603	-0.0643068487	-0.0787813708	-0.1171565425	0.0621083813	-0.0215580551	-0.1208291737	0.0737017831	-0.1725290401	-0.0629904419	-0.0095045949	0.0111442653	0.0241096636	-0.0031817327	0.1052222207	0.0631190554	0.0613090111	-0.1008808527	-0.1118741124	0.0280594139	-0.0734727544	0.0094379158	-0.1230281498	-0.0561690047	0.0340618154	0.0005398038	0.0501002993	0.0521155833	-0.029851663	0.0733692354	0.0226521972	-0.0524584856	-0.020486043	0.0126249645	-0.0753036939	-0.0592103167	0.0172776652	0.0383254831	-0.0260359589	0.0601489093	-0.0944210922	-0.0016994974	-0.0429078608	0.1090810602	0.0162691202	-0.0361205096	-0.0103645285	0.066551963	0.089257405	-0.0815124982	-0.0864015959	-0.0217130187	-0.0637395132	0.0172748565	-0.0424511618	0.0104944999	0.0707701181	-0.0729650778	0.0569258214	-0.0181558862	-0.1126632904	-0.0273059241	-0.0805849082	-0.0774068913	0.0710548673	-0.120557762	0.0784871428	-0.0463631458	-0.0214496672	0.1181212801	-0.009535518	0.1232011892	0.0598105881	-0.1138002132	-0.0587015731	-0.0506044464	-0.0849832879	0.017857581	0.005884655	0.0089436316	-0.0227854716	0.043057287	0.0186113315	-0.0904554193	-0.0987681463	0.0079758928	0.0793440778	0.0133067591	0.0222778291	-0.0258250359	-0.0440352202	-0.0218223583	0.0176897492	-0.1000954889	-0.0510985726	0.0830403428	0.0	0.0	-0.0091050146998838	-0.0354349397458263	8.290129268510009e-05	0.0012556349547903	0.1794692593034739	-0.0101928834920385	0.0001038948738822	0.0322092150349375	-0.0622516868251565	0.002713828308245	7.364864086632448e-06	0.0038752725125773	0.0014081295945165	0.0009310921496459	8.669325911324091e-07	1.9828289549532027e-06	-0.0025557891905718	-0.0001938960793378	6.532058386643655e-06	3.759568958260913e-08	0.002444308263318	-0.000126262381848	5.974642886124656e-06	1.5942189069930182e-08	0.0	0.0	0.0	0.0
58.38907376220552	0.0313012541238464	3409.283934808277	0.0009797685097256	63.317585828595625	0.2119385155656417	4009.1166751615738	0.0449179343801677	58.04850187208443	-0.0952123461794727	0.0090653908649997	3369.6285695933893	62.39592647346628	46.15165030118275	0.983603	32.088779	0.2120512938548504	0.1028772665847486	0.016572699	-0.0819632575	-0.0625077763	-0.0478639801	-0.1037774273	-0.0139934919	0.0343465165	-0.0358642267	0.0450639827	-0.1183089442	0.0263556445	-0.0557181387	-0.027108926	0.0140451115	0.0342552733	0.1043199316	-0.0843643455	0.0349548475	0.0839704299	-0.0168143075	-0.0734742017	-0.1058769577	0.0584443138	-0.0999181953	-0.0759589133	-0.1192641455	0.0625786554	-0.003301582	0.0767384681	-0.0186250763	-0.0677860216	0.0738980333	-0.1010013617	-0.0994581555	0.005322229	-0.0635530079	-0.0209366872	0.1043610555	0.0460126016	-0.0229445814	0.0800717051	-0.0247833864	-0.0736253526	0.0246266327	0.0504318447	-0.0593170582	0.0338369365	-0.1375480127	-0.0140678091	-0.1153138166	0.1381064896	0.1044971154	-0.1014010803	-0.1444659038	0.0260944968	-0.0828849977	-0.0341709377	-0.0592712212	-0.0234784594	0.0011098563	-0.091055837	0.0676303801	0.2235893109	-0.0029432917	0.058187456	0.082528228	0.0101140496	-0.0418180671	-0.0847216871	0.0202279209	0.0524653985	-0.0184789876	-0.1281611662	-0.014840978	0.0366444329	0.0799658075	0.0717660721	-0.0090101975	0.0599376581	-0.0226392418	0.0321337779	-0.0033644666	-0.0498600015	-0.0492535427	-0.073483223	-0.0081447592	-0.0404438315	0.1605961309	0.0811909896	0.0402601663	-0.071140962	0.0226439401	-0.0506128897	0.0317486928	-0.11345666	0.0630753292	-0.0236233557	-0.1946012664	-0.0343139135	0.0158872435	-0.130457378	0.1002673781	0.0073559747	-0.0999744227	-0.076113753	-0.0347228286	-0.0410538084	-0.0358239594	-0.0143407916	-0.136424804	-0.0109272878	-0.0029602509	-0.0554658451	-0.0946960496	-0.0128121709	-0.0405301794	-0.0952683433	0.078362364	-0.0052201026	0.0604864193	-0.072902633	-0.0823893179	-0.0210981627	-0.0278862221	-0.053640705	-0.1634020881	-0.0793619411	-0.1040981257	0.0609316484	0.0107614449	0.0211169339	-0.0845221059	-0.0102331031	0.0295493732	0.0356197494	0.0019111519	-0.0617211892	-0.0289767054	-0.0290457948	0.0460891084	0.2070641401	0.081814641	-0.0490358321	-0.0603940976	-0.0539844455	0.0390964432	-0.0275450794	-0.080939437	-0.0593580668	-0.121296321	-0.049748038	0.1188681064	-0.0462346661	-0.0578579732	0.0744383725	0.0090054964	-0.0200274128	-0.0307916551	-1.54675e-05	-0.0564641147	0.0911739843	-0.0548259884	-0.0821736458	-0.0603939885	0.0126443702	-0.0187651364	0.1249900907	0.0359918847	-0.0701785932	0.0323953102	0.0769702084	0.0233886494	0.1138135912	-0.057272958	0.0631849535	0.039886477	0.0124790876	0.0043881119	0.0111941611	-0.0589558867	-0.0609313568	-0.156019377	-0.095537528	0.0535818313	0.0266474282	0.0449275312	-0.023385849	-0.0448923922	0.042647119	0.0489165974	0.0535341271	-0.0002914577	-0.0661060718	0.0027753109	0.0089183223	0.0158424933	-0.1012642201	-0.046111945	0.087480642	0.0	0.0	0.0346885398996761	0.0437935545995599	0.0012032948003714	0.0019178754244646	0.1706985474855287	-0.0087707118179451	7.692538579344356e-05	0.0291379941136693	0.0077038850958288	0.0699555719209853	0.0048937820427921	5.9349845569733126e-05	0.0002489563004839	-0.0011591732940326	1.3436827255983886e-06	6.197923955062991e-08	-0.0029486765618389	-0.0003928873712671	8.694693466338076e-06	1.543604865011722e-07	0.0026828767083455	0.0002385684450275	7.197827432182786e-06	5.6914902962839436e-08	0.0	0.0	0.0	0.0
58.37116129425702	-0.0179124679484985	3407.192470840169	0.0003208565080059	63.58208102181071	0.2644951932150832	4042.681027064101	0.0699577072338841	58.0462126778469	-0.0022891942375267	5.240410257125518e-06	3369.3628062418343	62.36986253494607	45.8976376611864	0.941663	30.720568	0.0822015931751001	0.0379179502679534	0.0168331308	-0.1128951609	-0.0222849468	0.0238948005	-0.0601891738	-0.0234379578	-0.0609578141	-0.0622620467	0.014581649	-0.0872120076	0.0082106712	-0.0340571673	0.0222885233	-0.0740409716	0.0484365001	-0.0208318382	-0.0622616018	0.0273212394	-0.0626079078	-0.0113570726	-0.0137148668	0.1852715523	-0.0137638668	-0.0447100517	-0.0455937458	-0.1110940043	0.0833551577	0.0737626623	-0.0433787807	0.0353695888	-0.0179069334	-0.0394278374	-0.189950046	-0.0189607978	0.0851402753	0.0185443229	0.1746748958	-0.0011238618	0.094561902	-0.0726705317	-0.0021498074	0.0077272562	-0.0412139967	0.0221536314	0.0190648488	0.0774280974	0.0413359681	-0.0205409821	-0.0593847976	0.0908443118	-0.017066159	0.1078206258	-0.1102247145	-0.1764244595	-0.1791882992	-0.0014892844	-0.1828553796	0.0287328297	0.082108452	0.0248961394	-0.0182507931	-0.0402358835	-0.0025917	-0.0722212983	-0.0083261569	-0.0199146507	0.0991154824	0.0490143325	-0.0423623123	0.0488123561	-0.0164478932	-0.0627268457	-0.0704336431	0.0723441311	-0.0095130925	0.0513373349	-0.029220264	-0.0363386593	-0.1136902826	-0.0225236761	0.0748104403	-0.1394636047	0.0587342589	-0.0529081766	0.0773590803	0.0897140168	0.0416124982	0.0496287136	-0.076498295	-0.1000747055	0.0860244771	-0.1207509885	0.0816084698	0.0064443936	0.1377207274	0.0055615022	-0.051310669	-0.0252249809	0.1024361649	0.0541077233	-0.0818437916	0.0396148003	0.0075857313	-0.1175798703	-0.0551714631	-0.0328759055	-0.0020777923	-0.0720255884	-0.0056229877	-0.0025991696	-0.0336933977	0.0529257867	0.0533449909	0.0154159724	-0.0743913726	0.0462575867	0.0721766402	0.0123398817	-0.0519778268	-0.0485257522	-0.0729224711	-0.1272558238	-0.0365166352	-0.0658550244	-0.024048856	-0.1135446699	-0.0172954012	-0.1040355619	0.041209004	0.0503381826	-0.0451560007	-0.0952504821	0.0366100873	-0.128651635	-0.1044928912	0.0701708126	-0.1030261715	0.019315922	-0.1779522058	-0.059402256	0.0520345119	0.0801142547	0.1378809015	0.0569161673	0.026601966	0.023255156	-0.0153853871	-0.2085513492	-0.1158963789	-0.183444694	-0.0096689157	0.051470014	-0.0258226167	0.0478226767	0.1200819246	0.0118572494	-0.0815590626	0.0217903672	0.0924910562	-0.0996248815	-0.0685949544	0.0015360779	0.1108844879	0.0018347221	0.1690726782	-0.0778997766	-0.0350886803	0.013612452	-0.0005185277	-0.0058553435	0.0856458259	0.0163127266	0.1159962529	-0.0400241194	-0.0173330849	0.0312312167	0.0767452637	-0.0620740831	0.0651703121	-0.0271610749	-0.0456761036	0.0012852728	-0.0358571259	-0.1003440128	0.0836695593	0.1016252357	0.0599020668	0.0921830747	-0.046578652	-0.0415272537	-0.0009533898	0.0176084627	-0.058266108	-0.0961172724	0.0854936744	0.0139903026	-0.1023067888	-0.0409960724	0.091485117	0.0	0.0	0.0343739139011347	-0.0003146259985414	0.0011815659568826	9.898951895817385e-08	0.1571445153262516	-0.0135540321592771	0.0001837117877747	0.0246943986971225	0.0251904431949654	0.0174865580991366	0.0003057797141544	0.0006345584283587	0.0004729162799924	0.0002239599795085	5.015807242144774e-08	2.2364980788185009e-07	-0.0025749716985064	0.0003737048633325	6.630479248108935e-06	1.396553248783625e-07	0.0022636140128236	-0.0004192626955219	5.123948399051361e-06	1.757812078562896e-07	0.0	0.0	0.0	0.0
58.39731481900284	0.0261535247458155	3410.2463780697285	0.0006840068566299	63.34023255421931	-0.2418484675913959	4011.985060022584	0.0584906812763064	58.10016459051872	0.0539519126718204	0.0029108088809477	3375.629125445366	62.399076596920914	45.88307181769395	0.991373	32.342274	0.1136544847511974	0.0587879881611767	0.0904621337	-0.1352720564	-0.083875532	0.1248903148	0.1207670861	-0.1326524108	0.0039335204	-0.0672195149	0.0348680744	-0.1103733505	0.0273337709	0.0111074915	0.0611738112	-0.1707502468	0.071074029	0.0219219436	-0.0234927382	0.0409135648	0.0107015986	0.0714880084	0.1118221846	0.059845447	-0.0040879673	-0.0097617582	0.0776626935	-0.0197066725	0.0650343192	0.0094488769	0.0257675789	0.0881368999	0.038631893	-0.0701671388	0.1561708534	-0.0019916128	-0.032485044	-0.0856260608	0.0756028653	0.0815149668	-0.128215877	0.010606853	-0.047318749	0.0347259076	0.0260874113	-0.0991183337	0.1799277534	-0.0657718563	0.0361233993	-0.0437244301	0.0150911846	-0.0909544184	-0.0874261532	0.0457232909	0.1222845736	-0.0585977334	0.0248177723	-0.0386525906	-0.0293925249	-0.1363943392	0.0513901677	0.0702260319	-0.0145177074	-0.0076464047	-0.0743502358	0.0041191845	0.001378686	-0.105434794	0.1660304672	0.0647860034	-0.0310045151	-0.0464817382	0.072546082	0.0168622779	0.0019683995	-0.123597966	0.0460815286	-0.0773381598	-0.0129298385	0.085106809	-0.0081294527	0.0207459371	0.0073502612	-0.0421444557	0.0776519145	-0.0071208304	-0.0241448849	-0.0028300369	-0.0640983268	0.1142167183	-0.1034544282	0.0831628907	-0.0339136827	-0.0282714016	0.0100355802	0.0190249483	0.0842253181	-0.0769082885	-0.0078443876	0.1360676884	0.013963897	-0.1297706988	-0.0139923062	-0.0489618922	0.0580974928	-0.1001155179	-0.0417444845	-0.0452662647	-0.0106062895	-0.0293161268	0.0504436601	0.0570496057	0.0651690551	0.1039219783	0.1689224034	-0.1786683192	-0.2537749585	0.154532899	0.1074748188	-0.0744808248	-0.0663527748	-0.0477701015	0.023270141	-0.0576500403	0.0055230189	0.0298904335	0.0056032953	-0.1574549517	-0.0072650673	0.051129188	0.0112822129	0.1135028211	-0.0845040015	-0.0489058083	0.0526465184	-0.0054421024	0.0067560966	0.0164816286	0.014891706	-0.1001246615	-0.0857474494	-0.104005517	-0.0536417011	0.0149654176	-0.0302364891	0.0202776183	-0.0427013435	0.0551510928	0.0081831139	-0.0064267547	-0.1590353223	0.004146985	-0.0774036026	0.0086793441	0.064960731	-0.0192396605	0.0139757188	0.0412848886	0.020873327	-0.0438874937	-0.0877568633	0.1223975809	0.1359294037	0.0106718994	0.0285452895	0.0737901451	0.0678732039	0.0216577026	-0.0405242233	0.0150550742	-0.0479948128	-0.0008068311	-0.1328005873	0.0687817507	0.0678692078	-0.0127769712	-0.0966754561	0.0761444659	0.1412945778	-0.2642394548	0.1079852747	0.0747348274	0.0455554135	0.0634302378	-0.1251767902	0.000235133	0.0080533969	-0.0347274764	-0.0593941622	-0.0637164297	-0.0472587772	0.1205567578	0.0481863852	-0.0441419602	-0.0279066997	-0.0437678912	-0.094885955	0.012133754	-0.1032218959	-0.0357652936	0.0950338178	0.0	0.0	0.0097696791045933	-0.0246042347965414	9.544662980672692e-05	0.0006053683699233	0.168348603680613	0.0112040883543614	0.0001255315958523	0.0283412523612121	0.02601952717729	0.0008290839823245	6.873802497472143e-07	0.0006770157945297	0.0002801602383399	-0.0001927560416525	3.7154891593540324e-08	7.848975914666957e-08	-0.0035931553282491	-0.0010181836297427	1.2910765212924895e-05	1.0366979038760196e-06	0.0025930158937878	0.0003294018809642	6.723731425436144e-06	1.08505599182753e-07	0.0	0.0	0.0	0.0
58.3850164811547	-0.0122983378481364	3408.810149504706	0.0001512491138269	63.41346119526318	0.0732286410438689	4021.267060763149	0.0053624338691318	58.119871661406776	0.0197070708880531	0.0003883686429867	3377.9194819383943	62.38383418177333	45.816142799549326	0.982183	32.042473	0.2389125911153792	0.1289557283003084	0.0313404278	-0.1185669791	0.0119467567	0.0220964106	0.1309304602	-0.0885839278	-0.0586666912	-0.1161218448	-0.0012087726	-0.0590610663	-0.0181507094	0.0439389057	0.0489657793	-0.0788630481	-0.0634455977	0.0709763689	-0.0064700922	0.0018807022	0.0750284315	0.0545913355	-0.0007730357	0.1032917553	0.0025805127	-0.0401234231	-0.0337023833	-0.02093321	-0.097617601	-0.0530745076	0.043036753	0.0041564204	0.0448571924	-0.0503168442	-0.0147593974	0.0895285496	0.0213329678	-0.0231788259	-0.0415527768	0.0096601892	-0.0420016188	0.0158385623	-0.084184694	-0.0380117526	-0.0662230648	-0.0720396416	0.0033988605	-0.1209458666	-0.0553394196	0.0288015272	-0.0129426828	0.0074180333	0.0495286796	0.035926589	0.125824449	0.0320667921	-0.0189922353	-0.0069021294	0.0163435001	0.1174710067	0.0127879288	-0.1008644478	0.0604839074	0.0396131234	0.1126879667	-0.037313971	0.0321352703	-0.0010817885	0.0260892447	-0.1041457916	-0.0363226006	-0.1695118234	-0.0084491272	-0.0426554477	-0.0931281345	-0.2127423067	-0.0262237089	-0.0533441463	0.0458907731	0.0746648881	0.0535176445	0.218955627	0.0822573697	0.0199720418	-0.0481373474	-0.0430869868	0.0926587699	-0.0397307017	-0.0399356909	-0.1116457926	-0.0474282564	-0.098701032	0.0101634385	-0.02209534	0.023283065	0.0518267292	0.0719914432	0.0237396665	0.094483876	0.0672578578	0.0508419899	0.0536868326	0.0991151271	-0.1058486144	0.0219253392	-0.1065223912	-0.012111286	-0.0321071788	-0.0255002899	0.0073478347	-0.0075504036	0.1953831432	0.0641314561	0.0491944293	0.12010833	-0.0358990323	-0.1288798091	0.1687173067	0.0372176208	-0.0727872998	-0.124922687	-0.0942134961	0.029946829	-0.1288748457	0.0012267695	0.0702862707	0.1397986571	-0.0014922382	-0.0630239015	-0.0705627007	0.0115824573	0.1006897162	0.0323734055	0.0998597481	0.0660966044	0.0721299316	0.0173164983	-0.0611823438	0.0675807483	0.0290829201	-0.0208896731	0.039826653	0.0121971801	0.101647369	0.0258750159	-0.0037648353	-0.1501019072	-0.0408209475	0.0989446914	-0.0819625495	0.1857681092	0.0316579119	0.0086409954	0.0030099519	-0.0030490468	-0.0335414067	0.0770564397	0.0185288204	-0.0521083885	-0.0196928869	-0.0056143911	-0.0897435489	0.0250379434	0.0803857112	0.1412944319	0.0377404749	0.0495313547	0.0371991784	0.0553247519	-0.0857532488	0.1015577431	-0.0093414791	0.0499500787	0.0102597746	0.0833963009	-0.0295315258	-0.0945170269	0.0951067988	0.0704580919	-0.0662987298	-0.080725698	0.1003316143	-0.0446010776	0.1422549092	-0.0697101555	-0.1414470982	-0.2294983166	-0.0055943632	-0.0990617824	-0.1519796214	0.0886613851	0.0170914421	0.1068062135	-0.0569778034	0.0525629591	-0.1058422756	-0.1168538173	0.0102734258	-0.1040084014	-0.0304342698	0.0981090648	0.0	0.0	0.057033992165401	0.0472643130608076	0.003252876262323	0.00223391528911	0.1965204282744537	0.0281718245938407	0.0007936517009461	0.0386202787291747	0.0009357710030641	-0.0250837561742259	0.000629194823808	8.756673701755919e-07	0.0022990629820113	0.0020189027436714	4.0759682884039066e-06	5.285690595254692e-06	-0.0043180718481166	-0.0007249165198675	1.864574448549711e-05	5.255039607768077e-07	0.0025689812115966	-2.4034682191199832e-05	6.599664465536336e-06	5.776659480319784e-10	0.0	0.0	0.0	0.0
58.38818100400504	0.0031645228503407	3409.1796809564557	1.0014204870328714e-05	63.48168680852191	0.0682256132587255	4029.924560055265	0.0046547343045291	58.19290016683771	0.0730285054309334	0.0053331626054758	3386.4136298275403	62.37459744229757	46.18927576211744	1.00764	32.872974	0.0650641029334218	0.0302172278038274	0.0297059563	-0.100590391	0.0182513636	-0.0593872272	0.1490081101	-0.0101825582	-0.0553864577	-0.0974490445	-0.0227178869	-0.0469034319	0.0676425159	0.0237431618	-0.0044663781	-0.0867425108	-0.0736237956	-0.0888681857	-0.0413050051	0.1587920435	0.1246553073	0.1198940912	-0.0883110059	0.0905098458	0.0827353808	0.0398237519	-0.0148157675	-0.0367204681	0.0635438615	0.0311161065	-0.0721489469	-0.1394559489	0.0647557664	-0.197854597	0.0654579204	0.0083822977	0.0310102488	0.0497335864	-0.0431369338	-0.0596768978	0.0477096587	0.0020395683	-0.0367890062	0.0649777544	0.0546812842	0.0241525391	-0.048492833	-0.0535282916	0.029591277	0.0451469259	-0.0766309026	-0.0673488576	0.0043539147	0.1215749993	0.0080970789	0.0660852566	0.0979740011	-0.0401182367	-0.1400865075	-0.0808239768	0.1380399842	-0.0056694493	0.0710018028	-0.0010464255	-0.0195414507	0.0496025033	0.012475185	0.0202194987	-0.0981023193	-0.1031600437	-0.0321126236	-0.0525560276	0.025439969	-0.0488369948	0.1076347108	-0.1103241109	0.0079214756	-0.062457962	0.0980872561	0.0549791872	0.0874551991	-0.0170158092	-0.0494011179	0.1030738154	0.0205856501	-0.0687141369	0.1622992181	-0.0661243511	-0.0181937463	-0.0048178612	0.1148589461	0.1464021644	-0.0319795592	0.0362756692	-0.1336652198	0.0255254455	0.1376365869	0.0052357144	-0.009838526	-0.0711126686	-0.108226487	0.0148376647	0.0190446213	0.0381815704	0.0254668815	-0.1077801448	-0.0267420723	-0.0424517991	-0.0301857815	-0.0086378686	0.034680247	0.1408031813	0.0839517947	-0.0267583853	0.1455154268	0.0359949045	0.0184331637	0.1069217427	-0.0218874287	-0.0101806432	0.027657307	-0.0040198329	0.0576060375	-0.0855264526	-0.043944461	0.0844625171	0.0585948086	0.0800637528	0.0088304335	0.0438179303	0.0086368812	0.0396439307	-0.0028978026	0.0215206434	0.0549248998	0.1434660061	0.0363735395	0.0417154952	0.0101635927	-0.0754314157	0.0411009586	0.0134839452	0.0344288328	0.1816604306	-0.0837009734	0.0465594641	0.0390038962	0.0149906994	0.0262937179	0.0203075027	0.0253337531	0.1789299198	0.091724905	-0.0324792927	-0.0173952511	-0.0251452878	-0.079173801	-0.0295971961	0.0807958588	-0.0049495491	0.0357639653	-0.1251086447	-0.0006656127	-0.1109787766	0.1576837433	-0.0768240216	-0.00414874	-0.0067803856	-0.0306326933	-0.0342120593	-0.0531533327	-0.0377202982	-0.0823942495	0.0186361891	0.0778189533	-0.0051777286	-0.0154851414	0.0518416658	0.0638102294	-0.0679256503	-0.0744545621	0.0176575773	0.0169920079	0.1172028864	0.0338240334	-0.1021804149	-0.0117228719	0.0286293063	-0.0347384734	0.0466168249	0.0444786846	0.0869330616	-0.0613286632	-0.0116015929	0.0372539773	-0.1171074431	-0.0294454197	0.0084098975	-0.1046653254	-0.0250179432	0.1006955375	0.0	0.0	0.0444572729352614	-0.0125767192301395	0.0019764491168403	0.0001581738665937	0.186041634479821	-0.0104787937946327	0.0001098051193904	0.0346114897599233	-0.0138718244379205	-0.0148075954409846	0.0002192648827438	0.0001924275132364	0.0023229012877524	2.383830574109996e-05	5.68264820606159e-10	5.395870392641758e-06	-0.004099691595911	0.0002183802522055	1.6807471181583283e-05	4.7689934553381445e-08	0.0028707825430032	0.0003018013314065	8.241392409211919e-06	9.108404363879619e-08	0.0	0.0	0.0	0.0
58.479372249717294	0.0911912457122525	3419.836978721005	0.0083158432945524	63.662770563824814	0.1810837553029074	4052.948355862199	0.0327913264346032	58.15264411391964	-0.0402560529180675	0.0016205497965422	3381.730017440193	62.48760530906426	46.17205059931596	1.023845	33.401653	0.1271277047609476	0.0669833176259426	0.0369992081	-0.1011463785	0.0038811219	0.0031749269	-0.0331747763	-0.095377032	-0.1243234562	-0.0654272145	0.0069492525	-0.0405048707	0.0169936801	-0.0119600512	0.0383261851	-0.1099683643	-0.0321359132	0.0921911846	0.1329791976	0.092635276	0.1247938668	0.0696382909	-0.0276120776	-0.004868263	0.0431747992	0.0495607283	0.0091376316	0.0296339656	-0.0135375442	-0.00681822	-0.0378677149	-0.085151151	-0.120944833	0.0008519213	0.055527085	-0.0824116192	-0.071757103	0.0065710265	0.0406158497	0.0664975106	0.0351991449	0.0088420351	-0.0758405894	0.2692750666	0.0931597257	-0.0011346541	-0.0073254598	-0.0224228961	0.0547554462	-0.0957744632	0.021427753	-0.0358856078	0.064385665	-0.0275091551	-0.0620837306	0.0221478888	-0.0517082026	0.0206776015	0.0451072697	0.0314312839	0.006616621	-0.033345224	0.1637436138	0.0459280997	0.0659915303	-0.1304668103	0.0045020432	0.1968026211	0.0237917863	0.0828686753	-0.1615096149	0.083195557	-0.0649136876	0.0107140677	-0.0197740746	0.0114348915	-0.0026170705	-0.0120726265	0.0497324359	-0.0803394031	-0.0605269268	-0.068485282	-0.0143653104	0.0443521382	-0.0619809346	-0.0370555389	0.0476608609	0.0921677113	-0.1518681431	-0.1407372604	0.0100143537	0.0072345261	-0.0857778569	-0.0325493745	-0.0343715525	0.0053044159	-0.1006389755	-0.0887177321	0.0522275329	-0.0453498354	0.0662744599	-0.0079328451	0.0573562262	-0.059497934	0.037168156	-0.1165336148	-0.0663555807	0.0712312019	-0.0358016188	-0.0463283413	-0.015693732	2.60774e-05	-0.0254619064	0.064338461	0.0802428395	-0.0339466292	0.0126689204	0.0075888299	-0.1178883508	-0.0638121289	-0.0653186546	0.0041187706	0.0201109807	-0.0440977189	-0.0815506177	0.0044797919	0.0385562064	0.1190437362	0.001759832	-0.0388141057	0.1266817214	-0.078734049	-0.0083628234	0.0914964724	0.0281887733	0.0397361427	0.17759578	0.1302762456	-0.0327153464	0.0446981719	0.0802920842	0.1237351366	0.0960009857	-0.0471045021	0.0512803146	-0.0304221417	-0.0529975505	-0.0390542958	-0.0798337872	0.0194344162	0.1805565518	-0.0101760304	0.059641877	0.1300544859	-0.0385775041	0.1020991967	-0.0238550962	0.0288864459	0.1251854035	0.0873360861	-0.2053061257	-0.1301404151	0.0021311838	-0.1670472965	-0.008503402	0.0061031699	-0.1056510306	0.0443209128	-0.027900169	0.096067851	0.0301226487	-0.0017825763	-0.0767377776	0.0320811409	0.1134465497	-0.0499059956	-0.0080424703	0.0277506985	0.0945339769	-0.0225878592	0.0471311029	-0.0099197722	-0.1033236403	-0.0358206249	-0.0839566426	0.0336932867	-0.0299882643	0.0383468073	-0.0675817837	0.0397875813	0.0515169304	-0.0066513506	-0.0193248109	-0.0977465946	0.0162452687	0.0553101742	-0.067024741	0.0065437496	-0.1051918494	-0.0195314949	0.10278035	0.0	0.0	0.0510488173896703	0.0065915444544088	0.0026059817568839	4.344845829444869e-05	0.1653417803358081	-0.0206998541440129	0.0004284839615834	0.0273379043246146	0.0055627861843703	0.0194346106222908	0.00037770409004	3.0944590133021084e-05	0.0013415558144639	-0.0009813454732885	9.6303893794383e-07	1.7997720033218984e-06	-0.0034925779643033	0.0006071136316077	1.2198100836736983e-05	3.685869616838901e-07	0.0028903573489117	1.957480590850016e-05	8.35416560440787e-06	3.8317302635545265e-10	0.0	0.0	0.0	0.0
58.59188030066656	0.1125080509492661	3433.008437167638	0.0126580615284026	63.766172718228844	0.10340215440403	4066.124783130993	0.0106920055353948	58.18585507333861	0.033210959418966	0.0011029678255282	3385.5937306155643	62.55437072771948	46.14960945017998	0.998764	32.583408	0.0985839667695368	0.0445301268018727	0.0346008287	-0.0070559249	0.0716732676	-0.1169130878	-0.0711929977	-0.0774182988	-0.1280066844	-0.0354899596	-0.0341980499	0.0493224156	0.0353808747	-0.0533028503	0.0096041074	-0.1126729067	-0.1914860581	0.1226604543	0.0540666535	-0.0850243053	0.086390593	0.0302693615	-0.0112582679	-0.0277700861	-0.1017513977	0.0089371718	-0.064301485	-0.0641111763	0.0734862754	0.0042273875	-0.057236511	-0.0247241762	-0.1402955931	-0.0660881788	-0.0229362817	-0.1148699208	0.0230511395	-0.0045283139	0.0539439254	0.0824546293	-0.0654413319	0.1245682836	-0.0320587027	0.0425966724	0.0791595686	0.0322967962	0.0795006424	0.115516175	-0.0191585609	-0.04131511	0.0233533083	0.0365610934	0.0789546494	-0.0052551246	-0.1359537404	0.0603018801	-0.0794606188	0.0382534244	-0.0616128465	-0.0943132327	-0.0558596803	0.0005648557	-0.0018408797	-0.0268003675	0.053092355	-0.014429101	-0.1049496315	-0.0053484029	-0.1087155829	0.0201753879	-0.0857336053	-0.0718207446	0.1441999056	-0.0881012149	0.0942374766	0.0219156217	0.0702106099	0.0068279731	0.014853324	0.0129801671	0.018128187	-0.0834895274	-0.0770631886	-0.0684920888	0.0609316191	-0.1989648698	-0.0210542299	0.0453297329	-0.1467378527	-0.0140587153	-0.0818993844	0.0244975561	0.049239575	0.1067502041	0.0172747794	-0.0092406525	0.0843917505	-0.0549003711	0.1389142413	0.0188029356	0.0581454681	0.0424110767	0.0058088663	-0.0418524644	0.0453824143	-0.0676615115	-0.053310523	0.0957944386	-0.0509105126	0.1086663944	-0.0686992848	0.0964509769	-0.0614254728	0.0873289254	0.0211192575	-0.0524698933	0.0543553043	-0.0277306478	0.0033388025	-0.0015802843	0.0688579456	0.051317369	0.0943362591	-0.0027322013	-0.018002888	0.0188936405	-0.0544624365	0.1877562183	0.0607520882	-0.0973683162	0.0479713289	-0.1012327065	-0.0529044594	-0.0944343736	-0.0800095817	0.0186363449	0.0780901748	0.0188480373	-0.0663678627	-0.157991965	0.0481018485	0.0919081625	0.1080671621	-0.0662136372	0.0551585059	0.0642637111	0.0176127087	-0.0333242515	-0.046573857	-0.012460322	-0.1051646158	0.1518919167	0.0071175575	0.0621172575	-0.043129154	-0.1166222576	-0.0456092784	-0.0372842718	-0.0454375126	0.0845387065	0.0190967976	-0.0236344502	-0.0514377908	0.0476100302	-0.0952453469	0.1070634713	0.0249530101	0.0137500457	0.0797966268	0.036761266	0.0495557606	-0.0211379592	-0.0463193938	0.0299559765	0.0806172904	-0.0417481589	-0.0242161754	-0.0661837426	-0.0870176471	-0.0305030412	-0.0501990789	0.0628402088	-0.0434450656	0.0317649413	-0.1569230476	0.0887986693	-0.084086454	-0.043400022	-0.040136048	0.0837620326	-0.0374453943	-0.115793665	-0.0743406296	0.0268832002	-0.01232561	0.1804455457	-0.0119446048	0.0046755634	-0.1055873175	-0.0139903026	0.104353116	0.0	0.0	0.0166414445790366	-0.0344073728106337	0.0002769376776771	0.0011838673037299	0.1637183606641059	-0.0016234196717022	2.635491430469707e-06	0.0268037016185422	0.0181717284556413	0.012608942271271	0.0001589854252002	0.0003302117150655	0.0010721193308136	-0.0002694364836503	7.259601872183839e-08	1.1494398595042017e-06	-0.0037757041248196	-0.0002831261605162	1.425594163817974e-05	8.016042276870154e-08	0.0024440353527597	-0.0004463219961519	5.973308805539232e-06	1.9920332424910574e-07	0.0	0.0	0.0	0.0
58.639377093761816	0.0474967930952558	3438.576545944398	0.0022559453543335	63.92896226992334	0.1627895516944946	4086.912216909282	0.0265004381408945	58.178582188360856	-0.0072728849777519	5.2894855899609466e-05	3384.747425447859	62.5866533318394	46.54034042692336	0.948451	30.941996	0.0700248225845692	0.0317266485403502	0.0097150623	-0.0196316752	0.1490490638	-0.1181643935	-0.0032042737	0.0063467696	-0.1447913571	-0.0017154861	-0.0248680973	0.0520924096	0.0219102456	0.0807598177	0.0385671096	-0.0676264797	-0.1187483599	-0.0763676575	0.070083126	-0.186666195	0.1235307654	-0.0112796873	-0.0227590992	0.0460919613	-0.0550880077	0.0299153102	0.0891362537	0.0302449808	0.0071622159	0.0819958084	0.0463714875	-0.1399107871	0.0310203555	-0.0957719555	0.0561281785	-0.0266443603	0.0361625456	-0.0365740418	0.0418679307	-0.0567967536	-0.0031462999	0.071065001	0.0746413566	-0.0931638592	0.0192098424	0.1284986368	0.1545220943	-0.129709559	0.0049851579	0.0823819408	0.0033476375	-0.0668875729	0.0604373722	-0.0419374923	0.0827720312	0.0261462413	-0.1426506918	-0.0582793332	0.0177804353	0.0409316107	0.0528338837	-0.0016704566	-0.007850636	0.0686501026	0.1209545047	-0.1613712097	-0.1386681234	0.0023665354	-0.0494935992	0.0394011875	0.1267709106	0.1264667516	-0.0003057425	-0.0359014974	0.0121435896	0.0157053765	-0.0780364957	0.1161191103	-0.0363155144	-0.0983809374	-0.0432201416	0.0202880559	0.0518540704	-0.0700435301	0.0136524605	0.1539988899	-0.0737272276	-0.1140950896	-0.1440405359	0.0513525303	-0.0180613493	-0.0568842231	-0.159541678	-0.1091864118	-0.0405421567	-0.0323239902	-0.012765054	-0.0259656667	-0.1552202407	-0.0388474286	0.0123467482	0.0238195833	-0.0752980888	0.0537835432	0.0361735576	-0.0798228548	-0.0725154852	0.1073225498	0.0593387726	0.1067011886	-0.064320229	0.1870493914	-0.020018029	0.0635528776	0.0028827987	0.0329544128	0.0498524477	-0.0137622042	-0.0117823274	-0.1098297868	0.0247882011	0.0438772491	0.0964440216	0.0116296625	0.1710784748	0.1261687828	-0.0198163981	0.0948589992	-0.0540440014	-0.0535233109	-0.0278293548	-0.0204732456	-0.0146639049	-0.0543516651	0.0399823998	0.0774935847	-0.0152314185	0.1134080012	0.047438107	-0.0690843545	0.0172788072	0.0675601055	0.0380685566	0.0634265785	-0.0819065228	0.0029225826	-0.0711446706	-0.047628474	-0.0989373949	0.0033374431	0.0100252864	-0.0175590446	-0.0661967565	-0.0015272051	-0.0215684019	0.1648546034	-0.0063737127	-0.0195110581	-0.0960061033	-0.0648592575	0.0819283928	-0.0411703628	-0.0842948797	0.0474162139	0.0426218588	-0.0619788103	-0.0290219982	0.0091067758	-0.0012674578	0.0656072377	0.0361096028	0.0618415949	0.001696359	0.0074475927	0.0848104059	-0.0603853908	-0.0253842355	-0.0944117066	-0.0335092035	0.0561770264	-0.0540505798	0.069420221	0.0542582499	0.1080434904	-0.0321947892	0.0435042462	-0.0644032202	0.059241834	0.0184072547	0.1299546226	-0.0122914188	-0.0221740539	-0.0920177641	-0.0086559957	-0.019709051	-0.0721938378	-0.0527937101	0.0028059207	-0.1058512369	-0.0084098975	0.1054060001	0.0	0.0	0.0166702862378258	2.884165878919848e-05	0.000277898443251	8.318412817125498e-10	0.152920795148816	-0.0107975655152898	0.0001165874210569	0.0233847695889461	0.0063904189283761	-0.0117813095272652	0.0001387992541772	4.083745408014754e-05	0.0015182823967889	0.0004461630659752	1.9906148144047985e-07	2.305181436399047e-06	-0.0039808822691569	-0.0002051781443372	1.5847423640887787e-05	4.2098070913697835e-08	0.0021470344454078	-0.0002970009073519	4.609756909767579e-06	8.820953896785199e-08	0.0	0.0	0.0	0.0
58.61551820015537	-0.0238588936064445	3435.7789738727456	0.0005692468041236	63.80503981250183	-0.1239224574215072	4071.083105474944	0.0153567754533852	58.1567504770981	-0.0218317112627559	0.0004766236166603	3382.20762605545	62.56855702896359	46.40280862842504	0.944879	30.82547	0.1077574765046328	0.0650128744184917	-0.0082170173	-0.0884573874	0.1249628945	-0.0629509002	0.0021165992	-0.0266812952	-0.1370732451	-0.0145428663	0.014788271	-0.0405454785	0.0200319397	-0.0092283051	0.0711671843	-0.0257362878	-0.1360423521	-0.1602480739	0.1138470882	0.001196754	-0.0445584554	-0.031800139	0.0482894964	-0.0072913638	0.0130159244	-0.0661271452	-0.035099545	0.0669724632	-0.0023654692	-0.1042119634	0.0847125563	-0.0108090198	-0.0020094159	0.0487596845	-0.0416222739	0.027223447	0.0486653071	-0.0731257451	-0.09113434	0.1619623317	-0.0600064544	0.0532164588	0.0878153481	0.0134061315	-0.0028809599	0.0656249149	0.1253987823	0.1338736824	-0.0409645661	-0.0307267957	-0.0492656883	0.0532617912	0.042122888	-0.0806728255	0.0508767841	0.010515403	0.0060718699	0.046559192	0.043577784	0.1123753501	0.1082736742	-0.0714067644	-0.0129612537	0.0232398416	0.0197956099	0.0377501459	-0.0498473805	-0.0981775018	-0.1769323424	-0.0285614541	0.150177962	-0.0271357036	0.1356018502	0.0005463361	0.0970502042	-0.104307391	0.0502085102	-0.0538797734	0.0486936366	-0.1276282937	0.0589224134	-0.0212145929	0.0112790983	-0.0029121512	0.090097252	0.080099447	-0.002858096	-0.0266919115	0.0594617909	0.0076927622	0.0392064841	0.1172117764	0.0320669335	-0.1174272637	0.0296476525	0.114824528	-0.1476050909	0.0161921549	0.0372212757	0.1727161359	0.164000928	0.0892386291	0.0827389911	0.0688900133	-0.0091719219	-0.103058255	-0.0969981022	0.0952410322	0.0336883089	0.0359704528	-0.0110777944	0.0265442816	-0.0084463061	0.0445579558	0.0391453821	0.1272454762	0.0605673427	-0.0972502185	-0.0521922063	-0.0866984113	-0.0999683248	0.0492382907	0.0354193456	-0.0556068011	0.1543666004	0.0961494533	-0.0093716062	0.0456303671	-0.0187864802	0.0877739801	0.0630710256	-0.0668260041	-0.0230120933	0.0227529782	-0.0049672379	-0.0151501454	-0.115902569	-0.0088138915	0.095670068	-0.1128159578	-0.0182774018	0.0037554652	0.1003496935	-0.0455039511	0.1165123933	-0.023127588	0.0688019407	0.0428942041	-0.0619258793	0.0435998814	-0.0143860447	0.0332908841	-0.0693276239	0.0179586876	0.0966578505	0.0291892651	0.0476896437	0.0093384705	0.0576062783	0.2615987617	-0.0510836391	0.0803881306	-0.1454677498	-0.0375218763	0.0736713972	0.0271800365	0.1803078024	0.08659286	-0.1957023901	-0.0272371785	0.0821648357	0.0914240056	0.1363838302	-0.0197238734	0.1159419249	-0.0569751063	0.0366772263	-0.0636130827	0.0483180315	0.0803676188	0.0401317044	0.1070666119	-0.0355077186	0.0681873432	-0.0012487122	-0.0088571396	-0.0470172474	-0.0109345688	-0.0161851232	0.0555931788	-0.0481383672	0.0363880342	-0.0563599059	-0.0039591314	0.0380859341	-0.0376319364	-0.0332258428	0.000935404	-0.1059832789	-0.0028059207	0.1059337567	0.0	0.0	0.0057437337245147	-0.0109265525133111	3.2990477098127506e-05	0.0001193895498261	0.1527653738383492	-0.0001554213104668	2.4155783747219877e-08	0.0233372594439705	-0.0508726995103288	-0.0572631184387049	0.0032790647333251	0.0025880315554682	0.0014638903798109	-5.4392016978000064e-05	2.958491510935047e-09	2.142975044102901e-06	-0.0034080585290998	0.000572823740057	1.161486293776989e-05	3.28127037173004e-07	0.0019860025175999	-0.0001610319278078	3.944205999913142e-06	2.593128177352865e-08	0.0	0.0	0.0	0.0
58.684905753862665	0.0693875537072941	3443.9181633397434	0.0048146326094826	63.79066534827178	-0.0143744642300518	4069.248985575202	0.000206625221901	58.17648584446612	0.0197353673680211	0.0003894847251507	3384.503505211367	62.56613754800532	46.64519177153549	1.028801	33.563324	0.2967432686307697	0.1289162922364405	-0.0253935571	-0.0501342538	0.0412306481	-0.0894332027	-0.0238839783	-0.0797717257	-0.1199459812	0.0165780335	0.0500465693	-0.0051318444	0.0462127897	0.1077225896	0.1479799454	0.1422343875	0.0227048215	0.0735493368	0.0259633683	-0.2265822773	-0.0203341592	0.1442093061	0.0208074078	-0.019191712	0.1045523457	0.1295130566	0.1519197649	0.0314415039	0.0229939684	-0.0107886656	-0.0778334509	-0.0062192314	-0.1345397458	0.1449300851	-0.0003880442	-0.0302498859	0.0175743505	-0.0456824759	-0.0246121271	-0.0283264167	-0.1124526036	-0.0571104372	0.0953706673	-0.0094242363	0.0474472289	0.0998741034	-0.0274465293	0.0734980829	-0.0659959185	0.0253393308	0.0143398134	0.0777335728	0.0209256332	-0.1239197009	-0.1414049226	0.0078357106	-0.021535742	0.0175002627	0.0577741432	-0.0716925032	0.030128916	0.0225751372	-0.0634137635	0.0804710807	0.1012435393	0.1309310325	0.0376753681	-0.0997074718	0.0256131234	-0.1119812034	-0.0313042712	0.0522577332	-0.0168240199	0.0347833821	0.0001902938	0.0875346654	0.137549345	-0.057564274	0.015151954	0.0711412879	0.0009567923	-0.1243817802	0.1783882599	-0.0601675765	-0.0228978215	0.0417229562	-0.0966004388	-0.057625191	-0.0320500755	0.023696799	0.0277953445	-0.1343508864	0.0143333674	-0.0454791154	0.0514310244	-0.0222191902	-0.0109613248	0.0352284066	0.1821588528	0.0948069306	0.0290785191	-0.1089797459	0.1558134603	-0.0177778759	-0.0524969973	-0.0892655065	-0.0833410091	0.1303377664	-0.0086409071	0.1275072231	-0.060057998	-0.0623291731	0.0691805644	0.1605199729	0.0128350471	0.0061812247	-0.0136191049	-0.0610568708	0.0411743314	0.0264930062	0.1376012398	-0.0768451198	-0.0736028929	0.0124685128	-0.1058480472	0.0158160522	-0.0916154076	0.2188268944	0.0709889175	0.0665742936	0.109697554	-0.2629445061	-0.0639570099	0.1017621708	-0.0016492592	-0.1017985468	-0.0916400681	0.0311931548	-0.0050252089	0.0484214319	-0.0625421221	0.0054307298	-0.1121817177	0.0357902882	0.0549527659	-0.0460032709	0.1089777927	-0.0986970486	0.1728163922	-0.0348892267	-0.0424710361	0.0255760298	-0.0650960042	-0.144052551	0.0840837735	-0.0582930229	0.1046946643	0.0655650278	0.0666386435	-0.0501393525	-0.040723581	-0.1104451391	0.1551758683	0.1236381625	-0.0482515954	0.1270630989	0.0085047356	-0.0969420846	-0.0998944438	0.0708680654	0.0111361234	-0.012272263	0.1034201139	-0.0577674837	0.1011332743	-0.0984578219	0.0727178534	-0.0750671141	-0.0594823384	0.0158660181	0.1406634292	0.0284420178	0.0918120584	0.1933953898	-0.0051537585	0.1702330654	0.0383008926	-0.0992906438	-0.0675071503	0.0411604201	0.0490724669	-0.0122981614	0.1783107741	0.1378095618	0.1309060829	0.1721071667	0.1295362301	-0.000935404	-0.1059832789	0.0028059207	0.1059337567	0.0	0.0	-0.0541264042031031	-0.0598701379276178	0.0029296676319576	0.0035844334154719	0.1324460071643756	-0.0203193666739736	0.0004128766620313	0.0175419448137858	-0.0955660160405571	-0.0446933165302283	0.0019974925424711	0.009132863421864	0.0025360704718395	0.0010721800920285	1.1495701497424568e-06	6.431653438136224e-06	-0.001920094107126	0.0014879644219738	3.686761380219991e-06	2.2140381210598247e-06	0.0011089380816233	-0.0008770644359766	1.2297436688743649e-06	7.692420248549518e-07	0.0	0.0	0.0	0.0
58.6235339473789	-0.0613718064837627	3436.718732479487	0.0037664986310804	63.72378231343486	-0.0668830348369198	4060.7204323300334	0.0044733403489966	58.22765124504264	0.0511654005765151	0.0026178982161552	3390.4593695143158	62.56341337030037	46.13804714120216	1.053678	34.374912	0.1571374156000468	0.0805431562774546	-0.0854369987	-0.0431016405	0.2000465047	-0.0907303278	-0.0508026092	0.0829868631	-0.0584252669	-0.0113741152	0.0052353064	-0.0442796828	-0.0731010472	0.0849198211	0.1901199562	0.1187415669	0.0778873391	-0.0706934704	-0.0126982307	-0.1541640798	-0.0981258059	-0.0183035515	-0.0635465119	0.0417811071	0.0837448993	0.0688520231	-0.1051487214	-0.049346362	-0.1359074556	-0.0189389841	-0.033031798	0.0232386423	0.1504674111	-0.1197636184	-0.050969506	-0.0288610697	0.061182692	0.0550662011	-0.068746895	-0.083838781	-0.0349618724	-0.1637134603	0.064877648	-0.0750254601	0.0277915598	0.0452697749	0.0649623734	0.0076293162	-0.0654204802	0.190028728	0.0028206696	0.0739721624	-0.1916870056	-0.0312698259	-0.1025631072	-0.0379796952	0.1250275697	-0.1635851736	0.0684835066	-0.0527540747	-0.0334215977	0.0507644136	-0.0321752096	-0.0927029152	0.0989264681	-0.0037231669	-0.0809949083	-0.0027246117	-0.0831099166	-0.0161180829	-0.0044181721	0.0205156015	-0.0483350596	0.0593174634	-0.0496422832	-0.033713597	-0.0148898442	0.1054928235	-0.0582747085	-0.0704660169	0.0272775315	-0.131646535	-0.094912805	-0.039420021	-0.0516585485	0.0393252952	0.0502335836	0.1458131926	0.0991399957	0.0177370054	0.0941936921	-0.0597206791	-0.0520243873	0.1311967324	0.0102717685	-0.0415476468	-0.0028438064	0.0757197909	-0.0462907759	0.0425975801	-0.105293401	0.030408763	-0.0738038486	-0.1272962758	-0.0433216667	-0.0512014398	-0.0495052285	0.0694805083	0.1497291706	0.1659524385	-0.0714245856	0.0582099496	-0.0128058247	0.0942040519	-0.1446699698	0.1165586255	-0.0022550642	-0.0373287978	0.0942561233	0.122072078	0.0211178976	0.0999241824	0.005341926	-0.0428912808	-0.0370561211	-0.1147804781	0.0609911901	-0.0134335556	0.086038417	-0.0302895274	0.1680372587	-0.0201659458	0.0043315087	0.2154467673	0.0795872406	-0.0969918856	0.0309642292	0.1046060416	0.0580588697	-0.0654075904	0.1056628919	-0.1924882037	-0.0151935147	0.0022439578	-0.0042574108	-0.0967889892	0.082326018	-0.0367697734	0.0963878628	0.0856161398	-0.1983441776	-0.0149971502	0.061310902	0.0096257303	0.1054722481	0.0958302224	0.0819525864	0.0292659294	-0.1192337785	-0.0980716724	0.0625533433	0.0875829861	0.0429071668	-0.1578803814	0.0377966514	-0.0471694345	-0.0311714747	-0.0080769979	0.0635363128	-0.0880291244	-0.0787597756	-0.0277293726	-0.0271151252	-0.0765366532	0.0737578804	-0.0764903201	-0.0373991754	-0.2350136545	-0.0142424091	0.0458061961	0.1277039084	0.0728358665	0.1097742816	0.0653305522	-0.0631928745	-0.1889395698	-0.0601765862	-0.0461122651	-0.0431290925	0.1276020555	-0.1130746755	-0.0154243806	0.0074203889	0.0181748992	0.0860749577	-0.0522338621	-0.0752945801	-0.0028059207	-0.1058512369	0.0084098975	0.1054060001	0.0	0.0	-0.038431503551692	0.015694900651411	0.0014769804652437	0.0002463299064576	0.1792360966967265	0.0467900895323508	0.0021893124784454	0.0321255783590782	-0.0352552106415373	0.0603108053990198	0.0036373932478784	0.0012429298773791	0.0018990395110294	-0.00063703096081	4.0580844503063917e-07	3.6063510644507823e-06	-0.0018714513358903	4.864277123569987e-05	3.502330102605589e-06	2.36611919348863e-09	0.0011077794133238	-1.1586682994999594e-06	1.2271752285840229e-06	1.3425122282661277e-12	0.0	0.0	0.0	0.0
58.406840616177846	-0.216693331201057	3411.359030763602	0.046955999787011	63.40713718347716	-0.3166451299576991	4020.465045804292	0.1002641383259281	58.15153141208114	-0.0761198329614956	0.0057942289700859	3381.60060557026	62.38464513055162	46.06881640804242	1.110156	36.217442	0.325531285592536	0.1512769416045583	-0.17371713	0.1080584896	0.1651765305	-0.0962024317	0.0539664867	0.1447143646	0.055952562	-0.0328090731	0.0484678498	0.1020624335	-0.0036904231	0.2058685928	0.036946116	0.186670653	-0.0674767306	-0.0784636483	0.0720770742	-0.186922795	-0.0390402534	0.0066967271	0.0273088998	-0.096672093	0.0103539243	0.0006762162	0.0005241499	-0.0827622599	-0.1234972479	0.1067234032	-0.0235254434	0.006417188	0.0526091288	0.0437981397	-0.0009726504	-0.0243645483	-0.0568507224	0.1808122178	0.0067306894	-0.0013768413	0.0803659166	0.004304893	-0.0362210948	0.0066098673	-0.0966908538	-0.0068608216	0.1202881034	-0.019328913	-0.0386905587	0.1462288344	0.0289540711	0.0296480054	-0.0139711036	0.0098282885	0.0159404342	-0.1382902156	0.0506137559	0.0203611825	0.1340934154	-0.0893893564	-0.0397715835	-0.1153014243	-0.0509888685	-0.0950711503	0.0230265221	-0.1348347526	0.0064262478	0.0455718865	0.0974558005	-0.0189444627	0.0333122391	-0.0337121143	-0.0427147109	-0.0693323328	0.0600179044	-0.0819447465	0.1223804236	-0.038740463	-0.1055501999	-0.0411365952	-0.0690138149	-0.0252908504	0.0636958617	-0.0036593473	-0.0002541187	-0.1078903941	0.1074031061	-0.0150086103	0.0807618263	-0.0592759406	-0.112294759	-0.0091087483	0.0052953371	0.0202497707	0.1005073953	0.1008677255	-0.0118448757	0.1407691826	-0.0277393935	-0.1515767301	-0.014050498	0.068761863	0.0874088526	-0.0366648043	-0.127441247	0.0015904838	0.0507923019	-0.0855397798	0.1143088077	0.2117656944	0.0212700941	0.0623731912	-0.0818470357	0.0686645185	-0.1861815736	0.1241343467	0.0095245683	0.0558719427	0.0858063519	0.0474190498	0.1918534412	0.2440613325	-0.0438039885	-0.0586566142	-0.0262473099	0.0894973772	0.1101341524	-0.1053065294	0.0684769644	-0.0250226875	0.13231924	0.0094548231	-0.1111630097	0.1054797719	-0.0397189418	0.0466479415	0.1122159381	-0.0336039423	0.0049923249	-0.0012651931	-0.0184222197	-0.0310867558	-0.1043375644	-0.0373752004	0.087372842	-0.0768237298	-0.1222082879	0.0815927825	-0.0384191321	-0.0534645117	0.0688352424	-0.0508110751	0.0038556786	-0.1210533681	0.1395978967	0.0189250444	-0.1532810883	0.0745916817	0.0165272164	-0.0503700257	-0.1215360527	0.0694135467	0.0201460297	0.0218221288	-0.0385104284	0.0976356525	0.0735800361	0.0923646126	0.1121557158	-0.0309341152	0.0774684445	0.0837548924	-0.0045797708	-0.1469280719	-0.0368276669	0.0094739741	-0.0752811828	-0.3007331364	-0.0689550437	-0.0865541819	-0.0033656597	0.1660914844	0.1903289022	-0.0626269093	-0.0108823003	-0.2256113041	-0.056813843	0.0430256947	-0.2453884935	0.0482452732	0.0801375834	-0.1087574407	-0.0472702509	0.0396618982	0.0012342543	0.0611606205	-5.50962e-05	-0.0046755634	-0.1055873175	0.0139903026	0.104353116	0.0	0.0	-0.0619614183116112	-0.0235299147599191	0.0038392173591864	0.000553656888609	0.2416621291297787	0.0624260324330522	0.0038970095253324	0.0584005846555378	-0.1083725988836619	-0.0731173882421246	0.0053461524633495	0.011744620188799	0.0036482392711052	0.0017491997600758	3.059699800649237e-06	1.3309649779234202e-05	-0.0031469409155122	-0.0012754895796218	9.903237125724765e-06	1.6268736677240509e-06	0.0014122490767749	0.000304469663451	1.9944474548515573e-06	9.270177596202608e-08	0.0	0.0	0.0	0.0
58.19581622218161	-0.211024393996233	3386.7530257659364	0.0445312948614774	63.255722668997365	-0.1514145144797964	4001.286450377107	0.0229263551951524	57.84206352482401	-0.3094678872571279	0.0957703732433904	3345.7043128097766	62.08356315547218	46.837833174974925	1.41503	46.163536	0.8666621030193443	0.5364015286170559	-0.2344120649	0.3563351882	0.1826215962	0.1691867809	0.0222781137	0.1057976166	0.1049190328	0.0490704812	0.1784285948	0.1855533565	-0.0123231622	0.2210321291	-0.1372512241	0.1612968075	0.0715270962	0.1913249246	0.0610660797	0.0993403239	-0.028975311	-0.0214770547	0.1637370985	0.0569495467	0.1300527977	0.1589280171	-0.0421675976	-0.19069167	0.031964982	0.0217173202	0.0253201156	-0.0039451323	0.0313036683	-0.0030096541	0.0064593442	-0.0019284104	0.0541364309	-0.1314447085	0.0299451907	0.0983928557	0.0548386408	-0.0711979162	-0.0006362399	-0.0322192037	-0.3141299995	-0.2099279156	-0.0805611427	-0.0155144281	0.0431738625	-0.1143664589	-0.0055873462	0.0432279639	-0.1917356682	-0.0342640952	-0.0177618639	0.1085078486	-0.2155193993	0.0879154985	0.0518149939	-0.0358766052	-0.0818183906	-0.0194852818	-0.0441064761	-0.0026083858	0.0311547971	-0.0830725367	0.0439644868	0.0835802121	-0.0849205354	-0.1626099435	0.0926891067	0.0180253362	-0.0063675598	-0.0751361821	0.0009170959	-0.072357748	-0.0586819191	0.0832089149	-0.0080005433	-0.020656979	-0.0732873186	0.0219121926	0.0088625001	0.0128560069	-0.0742674594	-0.0287205723	0.0517069192	-0.065783993	-0.0587429351	-0.0445582587	-0.0265811999	-0.044607284	0.0659259301	0.0370545872	0.1477422144	0.0530202853	0.0025984463	0.0429974074	-0.1724874309	0.0256738794	-0.0095699064	-0.0654558956	-0.0418161148	-0.039859474	-0.2760763098	0.1566077883	0.3475921681	-0.1441345939	0.1125917079	0.2717296093	0.3504887425	-0.0299825244	-0.3151843229	0.2726106457	0.0093434215	-0.0660719548	0.1707112791	0.0957203268	-0.1870052482	0.0084420069	-0.0523743685	-0.1074684968	-0.0723493609	-0.2445227962	0.0255948795	0.0104143326	0.0070654834	-0.0182914538	-0.0516092266	0.0080286329	-0.0810213751	0.0032687568	0.0208415483	-0.0657046853	-0.0370126133	-0.0163727752	0.0396426592	-0.0887248796	0.0277052744	0.0179897289	0.0480927673	0.0335475159	-0.0050363427	-0.0206921179	0.0085451202	0.1069934424	0.0203053911	-0.0628323158	0.0325979581	0.0844329	-0.0060212315	-0.0279815061	-0.0857567735	0.0404323573	-0.0058451092	-0.0700005213	0.0174286955	0.0238192412	-0.0442352238	-0.042017416	0.0694303356	-0.0446432549	-0.0312991709	-0.0128366677	0.0253423921	-0.0356297008	0.0236030911	-0.0339673764	-0.0468383308	0.0161606349	0.0012746974	-0.0230294127	-0.0056319389	-0.2902562319	-0.3354445282	0.0215259636	0.0928030494	-0.3498308258	0.1973129086	-0.2647641492	-0.0909705641	0.1589922284	-0.1445772429	-0.1646753122	0.2305300908	0.1771460653	-0.0438273035	0.4210332812	-0.0389809823	-0.1570202478	0.0360541894	0.1078791244	0.0828820172	-0.0066924923	0.0152984709	0.0596357563	-0.0200338993	-0.0065437496	-0.1051918494	0.0195314949	0.10278035	0.0	0.0	-0.0780036994498516	-0.0160422811382403	0.0060845771278627	0.0002573547841183	0.3083413665262355	0.0666792373964568	0.004446120699773	0.0950743983112663	-0.4332138155596041	-0.3248412166759422	0.1055218160515064	0.1876742099917106	0.0120746734545114	0.0084264341834062	7.100479304727652e-05	0.000145797739033	-0.0033032202566019	-0.0001562793410896	1.091126406362512e-05	2.4423232451430776e-08	0.0008129752450967	-0.0005992738316782	6.609287491400393e-07	3.591291253342716e-07	0.0	0.0	1.0	0.0
58.62406860991663	0.4282523877350144	3436.781420380212	0.1834001076007411	63.94313027436596	0.6874076053685982	4088.723909284537	0.4725292159185905	58.216360834600096	0.3742973097760824	0.1400984761056126	3389.14466882436	62.57288860660602	47.307242645773776	1.468167	47.897076	0.7507671192236192	0.3880656988098923	-0.096095181	0.3151190306	0.0428304539	0.2084056197	-0.026037411	0.0641898057	-0.0283590662	0.1642031864	0.1124184411	0.2469352026	-0.051222992	0.0115213264	-0.035197277	0.110490166	0.004245181	0.018116521	-0.1221381813	0.1826452968	-0.0263350593	-0.0777166767	0.0606055967	0.1123122413	-0.0991126904	-0.0096782192	0.0152573197	-0.0127523482	0.0462855499	-0.1408235215	0.0114474412	-0.0577486974	-0.236590801	-0.0131467296	0.0665035829	0.0014991607	-0.0951398894	0.1408053386	-0.085425106	-0.1266292978	0.0216772715	0.0229794549	0.0963855945	-0.0782537656	-0.0348730297	-0.1918201853	-0.0593247951	0.0735762504	-0.1803283107	0.1021376749	0.0455151768	-0.0797179465	-0.0197751784	-0.0705014145	-0.0654615837	0.0226927827	-0.0541769088	-0.0421016349	-0.0284401032	-0.0118351883	-0.1558419888	0.0649866616	-0.0658379721	-0.0066343353	-0.016310675	0.0662078178	0.1131897638	-0.0468861973	-0.0409556338	-0.0187315702	0.0326785	0.0171003554	-0.0980426833	0.035088152	0.1296119182	0.0332214228	-0.0182685101	0.0660274872	0.1447597976	-0.0736674209	-0.0198707522	0.0850043814	0.0593643073	0.0086100793	-0.1953138627	0.0518132598	-0.0999614609	0.1686739749	-0.0297319949	0.0737253243	0.0467413257	0.032246883	-0.0603849513	0.0806097699	0.0442395596	-0.0244294098	0.0576784788	0.0036092158	-0.0245578604	-0.0159089797	0.0427305801	-0.0811313206	0.0968867885	0.0700092193	-0.1981520899	0.153737795	0.2958406145	0.2098798202	0.0040322512	0.0133606239	0.042220872	-0.1499250396	0.1832208263	-0.0717216408	0.255896985	-0.0717280697	0.0619103236	0.0072666919	-0.0668192116	-0.0500680587	-0.0334835501	0.1325653077	-0.1838361491	0.2622080974	-0.0336750056	-0.0337137282	0.1388151381	-0.0496692165	-0.0364776694	-0.06466817	0.2063661232	0.057235277	-0.0104073792	0.0774390923	0.0618599517	-0.0579612647	0.0181323086	-0.0407191625	0.0693125393	-0.0416493405	-0.0499315929	-0.0566824146	0.0651659169	0.0243453335	-0.0954359951	-0.0325196992	-0.0530247461	0.0635733993	-0.0070187696	0.0235212144	-0.0005485044	0.0021082504	0.0564994481	-0.0026655843	-0.0067875718	0.0097196598	0.017845527	-0.0701040263	-0.0264189605	0.1586905407	-0.0204876596	0.0031809454	-0.0043287811	-0.0527600501	-0.0305828677	0.029105847	-0.0480045124	0.0278436682	0.1001528043	0.0594316789	0.0605899588	0.0560988094	0.0209972995	-0.2220758978	-0.3708866961	-0.075541973	0.1669861208	0.00328794	0.1737036568	-0.026750834	-0.0147638945	-0.3397261382	-0.1114741337	0.0983082332	-0.0351536765	0.0374678892	-0.1864543432	-0.2446853571	0.0252067871	0.2485636882	-0.0010587979	-0.0532168416	0.0626168478	0.1169227769	-0.1008865397	-0.0256182139	-0.0459392269	-0.0084098975	-0.1046653254	0.0250179432	0.1006955375	0.0	0.0	-0.0136391852105219	0.0643645142393296	0.0001860273732069	0.0041427906932648	0.3701399515793184	0.0617985850530828	0.0038190651145631	0.1370035837551401	-0.6039767699355707	-0.1707629543759666	0.0291599865872084	0.3647879386218053	0.0185228992385798	0.0064482257840684	4.157961576232454e-05	0.0003430977962025	-0.002675676500522	0.0006275437560799	7.159244735445656e-06	3.9381116579486905e-07	0.0028140270160532	0.0020010517709565	7.918748047077279e-06	4.004208190048146e-06	0.0	0.0	0.0	1.0
58.54080452791288	-0.083264082003744	3427.0257947753053	0.0069329073519262	63.70512222708609	-0.2380080472798695	4058.3425979679782	0.0566478305699766	58.17632826143445	-0.0400325731656465	0.0016026069142628	3384.485169982177	62.51706232590899	46.717665113934	1.030832	33.629574	0.4951042346048214	0.2415501108331355	-0.0965791911	0.2241550267	-0.0890399019	0.1818325895	0.0169186869	0.0491675661	-0.0016441813	0.0663998687	0.1355049055	0.2448207251	-0.0408332238	0.0061801944	-0.0407276148	0.1076944973	0.0185876959	-0.0123671287	-0.0769954638	0.1288849888	-0.0303368574	-0.0999420846	0.0759986105	0.0900110415	-0.0332643209	0.0379619241	-0.0183046345	0.0411634433	-0.0367631985	-0.0105410849	0.0535593536	-0.0560273583	0.0330606912	-0.023061816	0.0152219894	-0.0185015507	-0.0044103799	-0.0798003008	0.0370128005	0.0121438384	0.0897919427	-0.0097436715	0.0169016348	0.0799372014	-0.1065526659	-0.0708068549	-0.1160992603	0.095856435	-0.0892167758	0.0098481541	0.0355911929	-0.0636881541	-0.0305526312	0.0050141742	-0.0503140673	-0.0145017861	0.1197936857	-0.0555109414	-0.033235906	0.057703402	-0.0277642768	0.1427474836	-0.1008134493	-0.059017785	-0.1072404991	0.0550465959	0.0612991091	0.0690333938	-0.1171000597	0.0369619996	-0.0442985126	-0.0589621043	0.0828323673	0.046825407	0.0734814382	-9.79292e-05	-0.0864153679	-0.0136277205	-0.0679331329	-0.0366704934	-0.004694	-0.0357454887	0.0160752335	-0.0753312173	0.0025308177	0.0730814988	-0.0600337116	-0.1273445891	-0.0617714112	-0.0182673614	0.1261863163	-0.0276997989	3.17892e-05	0.0414528895	0.0748970167	-0.0012604006	0.0882812941	-0.0915330686	0.0064472135	-0.0642130252	0.0399386144	-0.0475986124	-0.0229250441	-0.0345903084	-0.1720831822	0.109192771	0.2480654948	0.1514389899	-0.053710785	-0.0541449589	0.0212944875	-0.0964164319	0.1969640092	-0.1442522031	0.1730017456	0.0237007748	-0.0227809199	-0.0157253446	-0.0108640472	-0.0360292779	-0.0018897652	0.0034219779	-0.039028667	0.0549298549	-0.0230350414	-0.0684468869	-0.0528285732	0.0481995336	0.0073702899	-0.0079005776	-0.0062769602	0.0129764224	0.0085360009	-0.0190590848	0.0022563097	-0.019449203	-0.0141503994	-0.0252043911	-0.0541814523	-0.0024270505	-0.03190498	-0.018462143	0.0372921505	0.0415002936	-0.0359223847	-0.0211606257	-0.0236239976	-0.0215399557	0.0306643376	-0.0409001891	-0.0036533006	-0.0312079201	0.0401812818	-0.0278586885	0.0251281366	0.0205509069	0.0076074687	0.0391187359	-0.0317110376	-0.0058171836	0.008436996	-0.0102869558	0.012186212	0.0688303439	0.0354712207	0.009867267	0.0455274626	-0.0020335202	-0.0360046082	-0.0235140565	-0.0178441326	0.0115680562	0.0108768416	-0.1768489742	-0.289225225	-0.0834097858	0.1401377705	0.2109192865	0.034659733	0.0854097619	0.0028534122	-0.1790845852	-0.04321363	0.1746532831	-0.0336385889	0.0452646196	0.0143621894	-0.1647568834	-0.0711315393	0.0225745643	-0.0062241218	0.0191374944	-0.0193448605	-0.0108505327	-0.0546791736	-0.088317347	-0.0295672269	-0.0102734258	-0.1040084014	0.0304342698	0.0981090648	0.0	0.0	0.0339007503428376	0.0475399355533595	0.0011492608738074	0.0022600454724175	0.3101975217570185	-0.0599424298222999	0.0035930948930013	0.0962225025041959	-0.4658624224498737	0.138114347485697	0.0190755729813998	0.2170277966508645	0.015288438047152	-0.0032344611914278	1.0461739198852545e-05	0.0002337363379216	-0.0042923237293204	-0.0016166472287984	1.8424042997286987e-05	2.6135482623815464e-06	0.0026749850014101	-0.0001390420146431	7.155544757768992e-06	1.933268183601213e-08	0.0	0.0	0.0	0.0
58.572982767272514	0.0321782393596308	3430.794310255203	0.0010354390882856	63.77199800829043	0.0668757812043381	4066.867729969399	0.0044723701116905	58.17953398949937	0.0032057280649198	1.0276692426214512e-05	3384.8581752353125	62.56327541772527	46.11631017142068	0.950312	31.002707	0.3509164923536136	0.1995326370131071	-0.1253720995	0.1889083778	-0.1577156512	0.195362544	0.0809760216	-0.0019374207	-0.040343949	0.0621125937	0.1677896247	0.1899309409	-0.0227582831	-0.0627982586	-0.096919041	0.0501680584	0.0326715507	0.0816913897	-0.1422291556	0.0648512528	-0.0921527827	-0.0981074714	-0.0156547831	0.1101512854	-0.1170995345	-0.0172435659	-0.1207716633	0.10895655	0.0480158153	0.0446808831	-0.0679546911	0.0419837873	0.0157907164	0.0776489493	0.0365815908	-0.0668667388	0.018937801	-0.0074802112	-0.0126358839	0.0692851276	-0.0274978625	0.0628746392	0.0095524518	0.0499742757	-0.0700861752	-0.1633398105	-0.1230251409	0.0671445668	-0.0521047364	0.0270649906	-0.0625286938	0.0048916116	-0.0547588963	-0.0402209912	0.0326451542	-0.0506666416	0.0141602274	0.0050996952	0.0298953438	0.0762008015	0.0664749897	0.0417443326	0.125834122	-0.0019941739	-0.1026579849	0.1586213712	0.0410478992	0.0422913376	0.0397783166	0.0134988153	-0.003441799	0.037825078	0.0849777286	0.0219537509	-0.0130280783	-0.0119299483	0.0259336578	0.0743456312	0.0204980222	0.0695768527	0.0052962778	0.0207779202	-0.0277577474	0.0284078513	0.0427542892	0.0568140872	-0.0729034942	0.0764833922	0.0947698801	-0.0099557334	-0.0247601406	0.0528117654	-0.0935675426	-0.0484415748	-0.032970409	-0.0513915429	-0.048125556	-0.0484004358	0.0718567471	0.0737948132	-0.0074224343	0.1131719236	-0.1219699184	0.0146496319	-0.1519846013	0.121407858	0.1829810241	0.1362396633	-0.0751832676	-0.0771118579	0.0609726218	0.0105903385	0.1344741877	-0.0940975933	-0.0132422918	-0.0409583641	-0.0914431648	-0.0189793488	0.0671587705	-0.0413963943	0.0131685848	-0.0251970571	0.0901962031	0.0587439599	-0.0240373636	0.0290555147	-0.0400962243	0.0441365682	0.0598890915	0.0036368004	-0.0521096745	0.0265986925	0.0061401112	-0.0803292339	-0.0002236237	0.0687903789	0.0079702963	0.0456666653	-0.0506455406	-0.0546760798	0.027706522	-0.0876525385	-0.0246365662	-0.0286323707	0.0517497191	0.0376427019	0.0904753917	0.0441209439	-0.0915206549	-0.0327478307	-0.0529473881	0.0336211713	-0.042749238	0.0129501942	-0.0033368035	0.0888282796	-0.0311727905	0.0887319997	0.0324940679	-0.0152192756	-0.009317883	-0.025398107	0.00089891	0.0119305886	-0.0869024952	0.0036099499	0.0204437383	0.0315044714	-0.0793157405	-0.0155446218	-0.015728127	-0.068103315	0.0385671499	-0.1656156476	-0.2540616665	0.0217438163	0.0667382146	0.2009299237	-0.0181312804	-0.0009803541	0.0484678855	-0.0204910321	0.1643629211	0.0024704749	-0.0427675543	-0.0227431151	0.0527024362	0.0542043424	0.0071420665	-0.0347049714	-0.0823343177	0.0112640467	-0.2772724986	-0.0469336759	0.0191601207	0.0541503838	0.0277832803	-0.012133754	-0.1032218959	0.0357652936	0.0950338178	0.0	0.0	0.0233262050468852	-0.0105745452959524	0.0005441118418893	0.0001118210082161	0.2996405762800975	-0.0105569454769209	0.0001114490978026	0.0897844749534689	-0.4127713828537835	0.0530910395960901	0.0028186584853936	0.1703802145030247	0.0120167911450496	-0.0032716469021024	1.0703673452036236e-05	0.0001444032694237	-0.0062473613750044	-0.001955037645684	3.902952414989687e-05	3.8221721960416376e-06	0.0029821796933167	0.0003071946919065	8.893395723230486e-06	9.436857873559084e-08	0.0	0.0	0.0	0.0
58.52989557956848	-0.0430871877040317	3425.7486765551903	0.0018565057442424	63.68064529342842	-0.0913527148620119	4055.224584987447	0.00834531851266	58.16452235740637	-0.0150116320929996	0.0002253490980955	3383.111661065225	62.51834980422017	46.47826398256969	0.932519	30.422256	0.2308409824046681	0.1207995267155788	-0.1507101558	0.161248329	-0.1123864753	0.1188168354	-0.0434082461	0.0231786793	-0.0454504732	0.0281519938	0.1376643827	0.1779950511	0.0110157086	-0.0418087383	-0.1540272978	0.0379791326	0.0360334747	-0.0021726574	-0.0133037626	0.0532629502	0.0622577267	-0.0143445626	0.0280601579	0.0205783599	-0.0929023395	0.0502854589	-0.0356273597	0.1045551539	0.0301304312	-0.0409374013	-0.0761631156	-0.0325832837	0.1626118759	0.0496215957	0.0285747396	-0.100008193	-0.1339301288	-0.0182724823	-0.0483260032	-0.0042005395	-0.0024418269	-0.0099712688	-0.0543682079	0.0377113222	-0.0792273981	-0.0238977027	-0.2252175506	-0.0954691507	-0.1116620037	-0.065570666	-0.1106618107	0.0174364927	0.010231517	-0.0394995145	-0.104702911	-0.0138748522	-0.0167616218	-0.0408845021	-0.0138115654	0.0185922434	0.0148792876	-0.0232462497	-0.0369001523	-0.0278680494	-0.040532416	0.1159599877	-0.0102262279	-0.0286193037	-0.019718589	0.1019164957	-0.0533904157	0.0693261985	0.096703299	-0.013300945	0.0236837188	0.1006197473	-0.1245612548	0.0078722289	-0.1188361326	0.0670542368	0.0804626778	-0.0875339364	-0.0537265665	-0.0520778972	-0.1081152496	-0.0650819926	0.0548138608	0.0721828151	0.0796138412	-0.0448546685	-0.0303003435	-0.05648508	-0.0519515411	0.0539919019	-0.1477715947	-0.0070873502	-0.0662581812	-0.0585379699	-0.0413079797	0.0755824758	-0.0331487621	0.013755963	0.0430110617	0.0462103953	-0.1356981504	0.1016346487	0.1567226689	0.1096471639	-0.0673832031	-0.1187639488	-0.0135152814	0.0176350056	0.0892995029	-0.0210475001	-0.0851125924	-0.0513242188	-0.0017634015	-0.0230767578	0.0676145492	-0.0958444888	0.0416851984	0.0039595566	0.1099128502	0.0715175851	0.1086052548	0.0321461888	-0.0887759039	0.0542595934	0.0474952739	0.0176702666	-0.0700159152	0.0089679817	0.001930354	-0.0311799983	0.1203684213	-0.0121098896	-0.0241939638	0.0781033713	-0.0150215213	0.000694042	0.0368609833	0.1004904648	-0.0089939529	-0.00075655	0.0198405679	-0.0385347235	0.0103784407	-0.0775330217	-0.0075793355	-0.0360266809	-0.0135032129	0.0031469493	0.0616505907	0.0734469741	-0.0469839137	-0.0133790339	0.0376714176	0.0464717196	0.0387411705	-0.1147697387	0.040455842	0.0230885845	-0.0255091814	0.0770435121	0.0510814968	0.0562448599	0.032074633	0.0181751304	0.0353313167	-0.1588006655	-0.0932523571	-0.0983772291	-0.072933739	-0.1428825088	-0.1872925632	0.0231912182	0.0250265444	0.1912187876	-0.1363071103	0.1261335199	0.0291992177	0.0120876811	0.1027937896	-0.0214790542	-0.0860929345	0.0301810676	-0.099638919	0.0079341933	0.062602908	-0.0447424196	0.0271905415	-0.0633630804	-0.0037804644	-0.0396721476	-0.0262888451	-0.0557574831	0.0127984936	-0.0139903026	-0.1023067888	0.0409960724	0.091485117	0.0	0.0	0.0495939373947038	0.0262677323478186	0.0024595586263098	0.0006899937626966	0.2570762076981623	-0.0425643685819351	0.0018117254727788	0.0660881765644686	-0.3720271175100791	0.0407442653437044	0.0016600951583981	0.1384041761628582	0.0101414171816679	-0.0018753739633817	3.517027502529988e-06	0.0001028483424526	-0.0067911495709547	-0.0005437881959503	4.6119712495078206e-05	2.9570560205488204e-07	0.0029760495300245	-6.130163292199665e-06	8.856870805159048e-06	3.7578901989032225e-11	0.0	0.0	0.0	0.0
58.47046624905558	-0.0594293305128985	3418.795423381948	0.0035318453252113	63.575658346352135	-0.1049869470762843	4041.864334172094	0.0110222590563985	58.220187025660415	0.055664668254046	0.003098555291833	3389.590177302877	62.48624402141502	45.51047357255258	1.022731	33.365303	0.3145576226462859	0.1953040836164873	-0.1185630134	0.0294539857	-0.2092419173	0.1445655311	0.0346397588	-0.0156892696	0.0276873306	0.0398916924	0.1011727614	0.0883768228	0.0688597508	-0.1054895923	-0.0985079197	-0.0018827774	0.0783039278	-0.0450729205	0.2161426448	0.0299541646	-0.0275610412	0.0936148165	-0.0993220833	0.0423969806	-0.1285639846	-0.0100929786	-0.0073963166	0.0190806828	0.0007509075	-0.0291198116	0.0282413748	0.0551929488	-0.0001328048	-0.1891387619	-0.0550072181	-0.0044358435	0.0618553781	-0.079833806	0.0362898595	-0.0502573294	0.0812229192	0.005728195	0.0499299454	-0.0713799885	0.0005643179	-0.0249499811	-0.0366156866	-0.0966822018	-0.1047369219	0.0192688242	-0.0083056978	-0.114703386	-0.096244482	0.007003541	0.0190041767	0.0749459715	-0.0464891863	0.0279316967	0.0088902593	0.1520190546	0.1115175881	0.0201314986	-0.0174980648	-0.0218853352	-0.0938791951	0.0110538608	0.0814515419	-0.0004607453	-0.0284197564	0.065477474	-0.0182516886	0.013449861	-0.046970741	0.0811969494	0.0792035071	0.1033234907	0.0761294405	-0.0485115835	0.0576636119	-0.0001500282	0.0229553581	-0.0333413328	0.0411606729	0.1689456725	-0.0767040179	-0.031258034	-0.0741860616	-0.0114151665	0.0572143472	0.033909791	-0.0390656463	0.0725138773	0.0302279714	0.0856141134	0.0683583595	-0.0862243119	0.0587258094	0.0075663743	-0.0593048481	0.0238168776	0.0180672266	0.0262214385	-0.0307486962	0.0552009142	-0.0925119267	0.0982312929	0.0684381506	0.0007406756	-0.0666668086	-0.1750876084	-0.0288171189	0.0039746834	0.0132000118	-0.0689250934	-0.1117475847	0.0963490277	-0.0736577542	-0.0565723508	0.0772475843	-0.0057622384	0.0314277196	0.0311184206	0.127946985	-0.0218064694	0.1031027368	0.1206522449	-0.0191892425	0.0557871252	0.1020257139	0.132893347	4.25237e-05	-0.0599736317	0.1118664659	-0.0041280499	0.0230143515	0.0436888439	0.0218057023	0.1608346084	0.0398933852	0.07462885	-0.0869760149	0.0269063598	0.0897640242	-0.0009708932	0.0592731189	-0.0300996716	0.0631364884	-0.0486866866	0.0593163966	0.0869764249	-0.0237194029	0.0206280441	-0.1505593571	-0.1151099289	-0.0427505116	-0.0339963424	-0.0181611244	0.0028348919	0.0197728522	-0.0837243327	0.019399526	0.0053724165	-0.0524457236	-0.1327806768	-0.061145022	-0.0688535297	-0.0803395668	-0.0376874175	-0.0541271305	-0.0874562871	-0.0323890249	0.0677411551	0.0244161775	-0.0833632031	-0.0920258841	0.0830238308	-0.023983899	0.2048031899	-0.1073688344	0.0382888422	0.1057377548	0.044411828	0.1120244869	-0.068529843	0.0205352287	-0.1361626019	0.1196842864	0.096225025	0.1285269121	-0.0652443498	-0.0911330176	-0.0114994136	-0.1340859653	0.0175942024	0.0618106072	0.1021072145	-0.0459403499	-0.0158424933	-0.1012642201	0.046111945	0.087480642	0.0	0.0	0.0578269547436747	0.0082330173489708	0.003343956694927	6.778257466845576e-05	0.2548546510567746	-0.0022215566413877	4.935313910893949e-06	0.0649508931652703	-0.2696714784151268	0.1023556390949523	0.0104766768545361	0.0727227062706002	0.0068144152182955	-0.0033270019633723	1.1068942064283802e-05	4.64362547673373e-05	-0.0065199816951668	0.0002711678757878	4.2510161305310144e-05	7.353201685932185e-08	0.0025392711779653	-0.0004367783520592	6.447898115245283e-06	1.9077532882755049e-07	0.0	0.0	0.0	0.0
58.41308134070211	-0.0573849083534767	3412.0880717154805	0.0032930277067369	63.37649185104561	-0.1991664953065282	4016.57971934565	0.0396672928526853	58.0264349325472	-0.1937520931132184	0.0375398735857532	3367.0671509811336	62.40034651574712	45.83250730561908	1.019936	33.274124	0.0708693657736	0.039379144529462	-0.1331011446	-0.0029598196	-0.0551893792	0.1270122407	-0.0528551686	0.0557926011	0.1149098836	0.055199816	0.100235138	0.0058759223	-0.0498270423	0.0703145333	-0.1500890859	-0.0204806246	0.1109366155	-0.0778293266	0.1191990918	-0.0830370781	0.029072479	-0.0048475972	-0.0279430625	-0.0234696321	-0.2105057752	-0.0711893885	0.1098335143	-0.1193171387	-0.1153848409	0.0577508788	-0.0189062861	0.0188587187	0.0029755993	-0.0306852402	0.057668706	-0.0454557115	-0.0673206531	0.0194856532	-0.0226599245	0.0552618451	-0.0236620331	0.0810751364	0.0069702309	0.0524164886	-0.1620887334	-0.0425587892	0.0526892318	-0.0421076257	0.0892407112	-0.0167804861	0.0516558389	-0.0292799492	-0.0527610041	0.0299864066	-0.0024320406	0.0108743691	-0.0114790877	0.0483703625	-0.0787070783	0.1583159227	-0.0294031888	0.0272510893	0.0690221893	0.0951661576	-0.1098225567	0.1097575034	-0.0203074659	0.030711401	0.1096444276	0.1715649968	0.046625902	0.0886772348	0.1198139938	0.0686303265	0.1235027096	0.0127093266	-0.0025962427	-0.0341450006	-0.0498279769	0.0500935101	0.0030322996	0.02194763	-0.0492511284	0.0624695809	0.1176683878	-0.0517480084	-0.0161571349	-0.0391372586	0.0906457683	-0.0931889431	0.1051646922	-0.0589502189	0.003588333	0.0139299985	0.1017707638	0.085585436	0.0328105032	0.0834163985	-0.0501033663	0.0129615243	-0.1302778378	-0.0342155385	-0.0353262818	-0.0257778366	-0.0895245609	0.1092538532	0.0567243615	-0.1110696261	0.0121092051	-0.1367016145	0.0074040072	0.0625539927	-0.0245212257	0.0042276574	-0.0915574948	0.0542585495	-0.1339977272	-0.1243907687	0.0892866579	0.0888533761	0.0196251631	-0.0190976209	0.053765806	0.0199884618	0.0780911217	-0.0041876529	0.0257648665	0.0290465723	-0.092845354	0.1143866671	-0.0551501004	-0.01611992	0.1202073286	0.034335211	0.0751608533	0.0581069222	-0.0135988096	0.035673646	-0.0751993035	0.1307187494	0.1445905775	0.0429054327	0.0463179453	0.1003216671	0.0416308695	-0.0252107725	-0.060439032	0.0617848226	-0.0824546466	-0.2493548036	0.0730766773	-0.0819245963	0.0562518314	0.0122369586	0.1811784725	-0.0767129973	-0.015407363	-0.1133564817	-0.0936207805	-0.0920047263	0.0171317954	0.0186790985	-0.1362448834	-0.0321222893	0.004228596	0.0237009967	0.0080830341	-0.1240593573	-0.0745147921	0.0597053894	0.0449356313	0.1268917886	-0.077155534	-0.0760043145	-0.0746054877	0.0629401893	-0.0163545847	0.1463516397	-0.0450769978	0.0616989672	-0.0451369083	0.1571900947	0.0773710705	-0.1189784423	0.0616806868	-0.0432247884	0.1111366386	-0.0104741886	0.0717278182	-0.1386216505	0.0466532455	-0.0242847395	0.0211916741	-0.1483877352	-0.0080743264	-0.1225089134	-0.081226705	-0.0176897492	-0.1000954889	0.0510985726	0.0830403428	0.0	0.0	0.0482146973098878	-0.0096122574337869	0.0023246570366841	9.239549297339154e-05	0.2495051023245764	-0.0053495487321981	2.861767163816308e-05	0.0622527960859973	-0.2695154787933518	0.0001559996217749	2.4335881993937632e-08	0.0726385933092096	0.0063163316211897	-0.0004980835971057	2.4808726970585245e-07	3.98960451488409e-05	-0.0063990339924648	0.000120947702702	4.094763603672e-05	1.4628346788891494e-08	0.0030352710778743	0.0004959998999089	9.212870516180214e-06	2.460159007097378e-07	0.0	0.0	0.0	0.0
58.194527999769946	-0.2185533409321607	3386.603089116008	0.0477655628326092	63.166678007701385	-0.2098138433442216	3990.0292105286258	0.0440218488588735	57.97417440010593	-0.0522605324412666	0.0027311632510446	3361.0048973738976	62.26385048934045	43.98870724735754	1.261375	41.150761	0.3875782303447885	0.1966416392641583	-0.0191821673	-0.092667705	-0.1995390928	0.1620685558	0.1169837974	0.1460515423	0.1491423247	0.0586847028	-0.031508428	-0.0946995596	0.0245305669	0.0441727075	-0.0952892996	-0.0248833359	0.141112011	-0.1047326064	-0.0197377882	-0.1548970342	0.1493671768	0.1266662577	-0.0169838124	0.0012968406	-0.1316876424	-0.0671095022	0.0018479379	0.0810398708	0.0600708418	-0.0400578284	0.00334666	0.0890700274	0.0791905099	0.3030383265	-0.0013854374	0.0519110315	-0.1544022652	0.0086788698	0.0096790868	-0.2254645888	0.0623160554	-0.1573069331	-0.0056820421	0.130797328	-0.1761469531	0.0204024429	-0.073145948	-0.0480705619	0.1184979997	0.0489519561	-0.0727127843	0.0385815374	-0.0828842318	-0.0323765902	0.0018546406	0.1325952051	-0.0192420607	-0.0325058168	0.0180230545	0.0620725581	-0.0368224705	-0.1105640111	-0.0591635482	-0.0749367207	-0.1583094343	-0.0063762277	0.0362545563	0.0811595656	0.0856615282	-0.003267783	0.0088125631	0.0746322501	-0.0267985677	-0.1456771613	0.0253135296	0.0472333519	-0.0195501189	-0.0223383229	-0.0653557077	-0.0313839121	-0.0115275705	0.0080388149	-0.0473848729	0.151120988	0.0481771842	0.0398143503	-0.1724291958	0.0758640366	0.1437859902	0.0873550497	-0.1250968179	0.0916668957	-0.0513236197	-0.0573147837	-0.0081818858	-0.0833445387	0.0081591572	0.0574577582	0.1163132291	-0.0727563801	0.0420989223	-0.0124554032	-0.1177761496	-0.1375541284	-0.0142209336	0.1938009063	-0.0080168156	-0.2310863812	0.0690292539	-0.2350846507	-0.1283233129	-0.0870127043	0.2957270704	0.2817470836	-0.1156867958	0.0255361759	0.1705140992	0.0671709452	0.0280849302	0.1037807921	-0.0804394077	-0.04706905	0.2294982325	-0.1171222946	0.0025089678	0.062570972	0.0530566378	0.0029611515	0.0546297854	0.0055651362	-0.1066800672	-0.0672300143	0.0042398308	0.0546556243	-0.0234226541	-0.1470987366	-0.1241473423	0.0590770183	0.1869045599	-0.0976559075	-0.2039670013	0.0500537055	-0.116594279	0.007515093	-0.0736543851	0.1128674608	-0.028142544	0.0042356507	-0.0582345536	0.0251097153	-0.0071742026	-0.0173089662	0.0495329275	0.1002312485	0.0009786124	-0.0726230982	-0.0266647512	0.0429331889	0.060688485	0.0443979643	-0.1281981919	0.0064763165	0.0356888454	-0.0344491714	-0.0192232292	-0.054431022	-0.0449140571	0.0034991495	0.0976734502	0.0795824626	-0.0154132846	-0.0256851546	0.0777341326	0.0494938621	-0.0402825117	0.1617613031	-0.1707633864	0.101027875	-0.0648982648	0.0942467832	0.2926508053	-0.1990019127	0.281231706	-0.1352848955	-0.0265696852	-0.0798744134	-0.142330292	0.1182325028	0.0666925913	-0.1174305535	0.0202672831	-0.0155585153	-0.0998453847	0.1037614118	0.1693850464	0.110638162	0.021295111	-0.0195314949	-0.0988020511	0.0559419782	0.0781863408	0.0	0.0	0.078837968275863	0.0306232709659751	0.0062154252418659	0.0009377847246555	0.2450489497607719	-0.0044561525638044	1.9857295671901367e-05	0.0600489877788573	-0.205324676204988	0.0641908025883638	0.0041204591369382	0.0421582226586831	0.0032119589923443	-0.0031043726288454	9.6371294187245e-06	1.0316680568501412e-05	-0.0076904290917663	-0.0012913950993015	5.914269961548544e-05	1.6677013024999311e-06	0.0016648787214883	-0.001370392356386	2.7718211572645164e-06	1.8779752104411732e-06	0.0	0.0	0.0	0.0
58.46444979042659	0.269921790656646	3418.091889297312	0.0728577730712902	63.223264998628615	0.0565869909272294	3997.1812370868174	0.0032020875421983	58.22072531113019	0.2465509110242578	0.0607873517268915	3389.6528557540755	62.48006723995149	45.63158173843368	1.282837	41.850914	0.2922514692047322	0.1460844201961906	0.1013213454	0.0332939117	-0.0726994473	0.0045743004	0.2764097578	-0.0353467219	0.2035512037	0.0637169031	-0.1597370088	0.019114414	0.0286199243	0.1245524213	-0.0751102662	-0.0339052222	0.0493076323	-0.1438632876	-0.0642381195	0.054046363	-0.0015189735	0.0056472736	0.0065008663	-0.0728077899	0.0297336032	0.0803731254	0.0298656954	-0.0381257685	-0.085388436	0.0022254531	0.0232705307	-0.0093286881	-0.0362730945	0.0202962726	-0.1468712235	0.0721137827	-0.0715684494	0.0598593433	0.0987476763	-0.0275323567	-0.1244762653	0.1154555375	0.006103164	0.0979130176	0.0970699099	0.0445562112	-0.0087801178	-0.0300455735	0.0356787792	0.1781750852	0.0784761647	0.0305835685	0.1024079275	-0.0338931227	-0.0344664807	0.0282090257	-0.114845326	0.0387117154	-0.0760752442	-0.0022407691	-0.0041580225	-0.1017747059	-0.0570885681	-0.0648836461	0.0297415492	0.0429664246	-0.0046972521	0.0587026387	0.1850396448	0.001574622	0.1277335825	0.0256844217	0.093203453	0.2446565676	-0.0025450025	-0.1124239652	-0.1071566554	-0.0919213407	0.1529961305	-0.0498758027	-0.1324225574	0.0685295624	-0.102543941	-0.0946483619	-0.0111144567	-0.0034512165	0.0075182208	0.1092468671	-0.0175758164	-0.078667488	-0.0742623521	0.040638553	0.0672237104	0.0624509699	0.0452333329	-0.1572363116	-0.0529904591	-0.0332679024	0.0293728692	0.0409194787	-0.0333739554	-0.1466714667	0.1273915033	-0.0542179481	0.1216125919	0.2427516536	-0.0889735377	-0.2062354449	-0.0290147051	0.0104208877	0.0517806242	0.070065018	0.0483468271	0.0572098849	-0.0362172018	0.0555413013	-0.0709157683	0.036974741	0.0615535453	0.1150596838	-0.0664007512	-0.1061939817	-0.0011205766	0.2149186	-0.0297076816	0.0192614122	0.0014983307	-0.047520019	0.1100919321	0.0810993204	0.0911027221	-0.0796530287	-0.0758465942	-0.0868969366	-0.1463523175	0.121209653	0.0476836456	0.1686609937	0.0702087183	-0.0066321758	-0.0504428411	-0.0975397042	0.1061289282	-0.0529385206	-0.0504334584	0.0575610151	-0.0854298165	-0.0275906528	0.029538418	0.1146879699	-0.056264794	-0.099555609	-0.0394361341	-0.0226508425	0.0270361264	0.0349541942	-0.0409458116	-0.0278998239	-0.0860542764	0.1058961079	-0.0126488927	-0.0690282518	-0.0017268545	0.1041083446	-0.0243402994	0.0726936606	0.02236749	-0.0299723947	0.012578839	-0.0135719124	-0.0763919726	0.1399122384	-0.0445831785	0.1426551275	-0.0484187933	0.2513086265	-0.101072152	0.0125011714	-0.0231382575	-0.1606390952	0.0112282218	-0.0592434473	0.1170109983	0.0098338517	0.1683493029	-0.0092814078	0.0850059191	-0.0203913684	0.0306262147	0.0297284733	-0.0163557483	0.0130278236	-0.1126212583	-0.0654559585	-0.0712801553	0.0422523135	-0.0623011867	-0.0213671566	-0.0973855183	0.0606285865	0.0729428184	0.0	0.0	0.0639531648835998	-0.0148848033922631	0.0040900072986289	0.0002215573720263	0.1913937307612769	-0.053655218999495	0.0028788825258837	0.0366315601747201	-0.151196709529124	0.054127966675864	0.0029298367764634	0.0228604449724342	0.0010572421632908	-0.0021547168290535	4.6428046134063695e-06	1.117760991839811e-06	-0.008703121766513	-0.0010126926747467	7.574432848275236e-05	1.025546453485626e-06	0.0018891388204303	0.000224260098942	3.568845482856785e-06	5.029259197747562e-08	0.0	0.0	0.0	0.0
58.42922716264957	-0.0352226277770242	3413.974586824506	0.0012406335075187	63.29429528481348	0.0710302861848646	4006.1678156011617	0.0050453015555037	58.07348599263045	-0.1472393184997358	0.0216794169122666	3372.529775336245	62.43724065434144	45.88287540268444	1.030861	33.630539	0.1558381837598552	0.0654121999229884	0.0445631715	0.0865746969	-0.0263855426	-0.1225108409	0.136089954	-0.0683206172	0.1650067733	0.0567421575	-0.1458277606	0.0508497287	0.1281888545	0.0109327523	0.0537213343	-0.034294432	0.0466820174	-0.0254281207	-0.1013834356	0.0370535122	0.0225424955	-0.0388584858	-0.0331869994	-0.0579140369	-0.0129587909	0.0178550016	0.0573422608	0.05528898	-0.0675272155	0.0554220271	0.0376793963	-0.0605030189	0.0826928659	-0.0276219223	-0.0447368939	0.0237859424	0.0648888153	0.0056609358	0.0105766236	-0.0688725309	-0.1373057272	0.0540632723	0.0386550023	0.0797854829	0.0154677851	0.0719948554	-0.0889892703	-0.0389722763	0.0350644215	0.0536224994	0.0670354773	0.0049547557	-0.0761920085	-0.0174897113	-0.1149658377	0.1411322492	0.0552199249	0.1295359841	0.1208907968	0.021196866	0.0331494323	-0.042478933	-0.1594467274	0.0534330653	-0.0729119962	-0.0909019993	-0.0980149999	0.0221135728	0.0031762548	0.0197269619	-0.0020458621	0.0486046844	-0.1076471518	0.003626787	-0.0965003179	-0.0126938068	0.047148446	0.0876858183	-0.0820512507	0.0609872098	-0.0433670379	0.0605967299	0.008975976	0.0199629748	0.0443103397	0.0977117341	0.0657157826	-0.0403497125	-0.055599887	0.0712085396	-0.0125682083	0.0080574693	0.0776021101	0.1125464369	-0.0727753043	0.0580970278	-0.0874183607	-0.1276267091	-0.0151313747	-0.0616702382	-0.003416219	-0.0600581626	-0.1022164485	-0.0008061778	0.0822608453	0.1958991281	-0.0623390539	-0.1377866871	-0.0913252653	0.0534462555	-0.0607361394	0.0272377109	0.0022364534	-0.0014228698	-0.0245450976	0.0031514291	0.0079224044	0.1277142408	0.0215407178	-0.0511634661	-0.1119627781	0.0088961196	-0.0923945334	0.0573743022	-0.0134112298	-0.0307555566	0.0141250024	-0.0216693116	-0.0956960344	0.0510016306	-0.0348560699	-0.0105277261	-0.0462139176	0.0096265744	0.0160462181	-0.0545122162	-0.0199997555	-0.0734118174	0.0525073066	0.0713716462	0.0781687674	0.0151662969	-0.0490188259	-0.0757712903	0.0350490405	-0.0689994099	-0.0275774649	-0.043472793	0.0010424941	-0.020279603	0.0401193519	-0.012706784	0.0674543497	0.1015982507	-0.0202848669	0.0943146333	0.0685823442	-0.0708091424	0.0363846239	-0.0326837325	-0.0329577961	0.0317320283	0.0636691863	-0.0525003317	-0.0822422373	-0.1417497001	-0.0488680229	-0.1230676725	-0.0613994109	0.1125464103	0.1529362782	0.104236133	0.0418538991	0.0982513033	-0.018545999	0.2018799576	-0.0532190075	-0.0089511064	-0.1581870999	-0.0344342085	-0.0793423184	-0.0591080582	-0.0351228443	0.0123983581	0.0552600447	0.0037082255	-0.1242885119	0.021888905	0.1033687136	-0.0378970824	0.0041304549	-0.0144343149	0.1185400001	-0.0919750471	-0.1882583438	-0.0311724295	-0.031319694	-0.0231961626	-0.0958476552	0.0651452616	0.0673358985	0.0	0.0	0.1116275049874815	0.0476743401038817	0.0124606998697302	0.0022728427043405	0.169594898289759	-0.0217988324715179	0.0004751890971213	0.0287624295259136	-0.1755034037213647	-0.0243066941922406	0.0005908153825551	0.0308014447177843	0.0013078103010218	0.0002505681377309	6.27843916459813e-08	1.710367783458731e-06	-0.0080161675637118	0.0006869542028011	6.425894240950519e-05	4.719060767462316e-07	0.0021927828197424	0.0003036439993121	4.808296494557431e-06	9.219967831824673e-08	0.0	0.0	0.0	0.0
58.470854838801074	0.0416276761515064	3418.840865580147	0.0017328634217746	63.36035228548502	0.0660570006715417	4014.534241740767	0.00436352733772	58.091338431019736	0.0178524383892835	0.0003187095564431	3374.6036007072703	62.46821784476993	45.52784160126088	0.970245	31.653	0.1049302652646913	0.0469010345165672	-0.0204333647	0.0868940548	0.0135133817	-0.1620543111	-0.0118345474	0.0014184933	0.1211215331	0.0545575882	-0.1304079194	0.0579564837	0.0990520476	0.0135502966	0.0310407851	-0.09515684	0.059329618	-0.0454746555	0.0051428062	0.2110505605	0.0803125535	0.1412757289	0.039780915	-0.068809143	0.0036109334	-0.0455597941	0.0421295092	0.030569554	-0.0606669915	0.0849541849	0.0233496287	0.0724216131	-0.0103835477	0.0867411349	-0.0007051944	0.0546968978	0.0929323629	-0.0820641957	-0.0115923106	0.0155790539	-0.0042929956	-0.0769011447	-0.0053276863	-0.0524910398	-0.0354798472	0.0050328971	-0.0613722312	0.0836380769	-0.0058953603	-0.0342002153	-0.0547412883	-0.0280573023	0.0935633407	-0.137548335	-0.0006563869	0.0155258526	0.157267497	0.0606978673	0.0773637823	-0.0406941187	-0.0134393362	-0.0118844761	0.0194878583	-0.0146827455	0.0453659013	-0.0584366423	-0.1078070941	-0.0968254551	0.127620637	0.0799140837	0.0599347067	-0.0450777411	-0.0788615718	0.0714676623	-0.0994526493	0.0420977221	-0.0276977108	0.0737207418	-0.0594646581	0.001440322	0.1233692181	0.0972564931	0.1748774724	0.0518729981	0.0104022702	-0.0157788765	-0.0006353321	0.0258519957	-0.0532243888	-0.0613417963	0.0088562897	0.1154296308	0.0287028505	0.1031711555	0.0142287319	-0.0240512249	0.0282321098	0.0326169489	-0.1018012834	0.094007483	0.10233434	0.0159830184	-0.040697635	-0.0077124123	0.0515408358	0.1770592505	-0.0638043597	-0.1058010207	-0.1397497997	0.0230957921	-0.0660703535	0.0595542169	-0.0472345519	-0.04807637	-0.044520625	0.0982733335	0.1081719242	0.0116829037	0.0842119304	-0.0016527995	-0.0469030513	0.0116420601	0.0134630956	0.1077850718	-0.1432788359	0.0158471215	-0.0512591289	0.0271876681	-0.0821972968	-0.0218851044	-0.0188959169	0.0508695954	0.0066991615	0.0311976693	0.104903409	-0.0427192013	-0.0712133167	-0.1350703131	-0.0732996555	-0.0160282478	0.1396887383	-0.0212007224	0.049729433	0.0288657322	0.1114994412	-0.071983216	0.0081605503	-0.0559116834	0.1487855557	0.0363259824	0.0261135146	0.0469331796	0.0355543782	-0.0326222361	-0.0408615219	0.1220416766	-0.0409869402	0.1168473318	0.1725126754	-0.0511157584	-0.0155809366	-0.0963513865	-0.0091830372	-0.1327278159	-0.0169836903	-0.0042663281	0.0670099355	0.0018999694	0.0473156576	-0.0154909887	-0.0863379082	-0.0473341767	-0.0420038937	0.0738411818	-0.009789553	0.1932524416	-0.0156772663	-0.0764230616	-0.2125366925	0.1030609589	-0.0840790605	0.0042439638	7.78494e-05	-0.0751773206	0.0712885122	-0.0335134412	-0.0740551044	-0.0661232269	0.0470694044	0.0092363891	-0.0684426539	0.0042873209	0.0073083489	-0.02791752	-0.0810629227	-0.0239362002	0.0219875157	-0.0250179432	-0.0941903779	0.0694793439	0.0613935146	0.0	0.0	0.0786667686122797	-0.0329607363752018	0.0061884604838979	0.0010864101423955	0.1659615360768356	-0.0036333622129234	1.3201320970299644e-05	0.0275432314569828	-0.1526412252536886	0.0228621784676761	0.0005226792042878	0.0232993436469472	0.0009203229144266	-0.0003874873865951	1.5014647477037792e-07	8.469942668186708e-07	-0.0083950398914407	-0.0003788723277289	7.047669477888069e-05	1.4354424071871513e-07	0.0023359028695961	0.0001431200498536	5.456442216187294e-06	2.048334867012551e-08	0.0	0.0	0.0	0.0
58.60657580059095	0.1357209617898789	3434.730727070413	0.0184201794691697	63.64611444925132	0.2857621637663001	4050.827884487198	0.0816600142403977	58.13601432638759	0.0446758953678525	0.0019959356269193	3379.796161757943	62.5961441842208	45.916210192958594	1.124882	36.697842	0.1024510146873479	0.0467125163714855	0.1007965466	0.0717000771	-0.0244843644	-0.0470891999	0.1497129884	-0.1455443066	0.0339065322	0.0687829557	-0.174293397	0.0248727632	0.0420232525	0.0232379866	-0.0153315721	-0.066724003	-0.0236998407	0.0588858894	0.0656528313	0.0988682178	0.0737423473	0.0536655186	-0.0344443224	0.0236808855	-0.1315685363	0.007925833	-0.0242195849	-0.0926736993	-0.098374635	-0.1779544153	-0.090289256	-0.0543009824	-0.1145156375	0.044732781	-0.1161585817	0.0608008229	0.0547739535	0.1167071418	0.1295624594	0.0861603966	0.0143691929	-0.0424227445	0.0047446925	0.0283221287	0.0333560997	0.0377621125	0.059008252	-0.0689652728	0.057039955	-0.0910204617	0.0425503122	-0.0088764421	0.020744097	-0.1257709924	0.0814560746	0.0726476252	0.0330057355	0.2113469685	-0.0082204264	-0.0163012825	-0.1617909141	0.0061739278	0.0596858187	-0.0280806841	-0.0181276139	0.0564746165	0.0938205359	0.0700793248	0.0291731748	-0.0367124454	-0.0551086399	-0.1271850334	-0.0484922345	0.0828341724	-0.1491219164	-0.0248381358	0.0974303235	-0.0625512002	-0.0499035134	-0.0619513528	-0.0319604811	-0.0195292142	-0.1627973662	-0.0570316997	-0.0341274825	-0.0644020496	0.0725605079	0.0313155381	-0.0444339204	-0.0252750279	0.0581967904	0.0196439284	-0.0054447155	-0.0543421543	-0.1232368006	0.060681341	0.0005592861	0.0905922832	-0.0581309278	-0.0638253959	-0.0340091283	-0.0447485494	0.1244055732	-0.0167383518	0.1308378325	0.2044090131	-0.1142876918	-0.0436982545	-0.0315344568	0.0193273584	-0.0803005258	0.0434863089	0.0023075013	0.0348893799	0.067892497	-0.0532412428	0.0563884617	0.1026228812	0.0912916686	-0.0665127259	-0.0385479433	-0.0647808073	-0.1078940011	0.0931425073	-0.2269248942	0.0306689803	-0.1101265541	-0.1340449504	-0.0742799431	0.0125901615	0.0133149917	-0.0586295532	-0.0278616363	-0.0198944428	-0.0696881879	0.0154891089	0.1097856655	-0.0588371976	-0.0851602634	0.1820709927	0.1546081312	0.1394360962	-0.0287605004	-0.0375137035	-0.0571121686	-0.1288109147	0.0200917658	-0.0060792288	0.0643947677	0.0653046483	-0.0103220761	0.01228253	-0.0413938365	-0.0377396476	0.0056832333	-0.0669416649	0.03612327	0.0500710764	-0.1927839616	0.0693510493	0.0270978105	0.0908380645	-0.0757614052	-0.0585658004	0.0265628336	-0.0337542395	-0.0312748437	-0.0567971772	-0.0245081327	-0.0766151674	-0.0143332737	-0.0945167835	0.1227545505	0.1472002674	-0.043219977	0.2525664337	-0.1268838182	-0.0777561291	-0.0539840362	-0.1132401452	0.0905922767	-0.058207134	-0.0310503988	0.1101011673	0.0492149259	0.0692572793	0.0032983006	-0.043067413	0.0627504022	0.084345863	0.0026803299	0.1019253363	0.1889776975	-0.2280886557	-0.3658093598	0.1096067978	-0.0241949654	-0.0268319309	-0.0924157511	0.0736186857	0.0551452713	0.0	0.0	0.0877606285559124	0.0090938599436327	0.0077019279245288	8.269828867440751e-05	0.1734168408976018	0.0074553048207662	5.558156997053976e-05	0.0300734007069041	-0.1193377172773395	0.033303507976349	0.0011091236435307	0.0142414907649662	0.0006607303044158	-0.0002595926100108	6.738832317221931e-08	4.365645351733957e-07	-0.0088269710377113	-0.0004319311462705	7.791541770059411e-05	1.8656451511863426e-07	0.0019754597869455	-0.0003604430826506	3.90244136983876e-06	1.2991921583066734e-07	0.0	0.0	0.0	0.0
58.57015670258355	-0.0364190980073999	3430.463256165193	0.0013263506996726	63.6059640137632	-0.0401504354881225	4045.718658120139	0.0016120574698858	58.10995782547742	-0.0260565009101654	0.0006789412396814	3376.767198478765	62.51879317999291	47.188106194737095	1.225144	39.968761	0.4450809747458055	0.2309112225747334	0.2329168198	0.0733389045	0.1320758391	0.0307310495	0.0443946304	-0.0260621565	0.0563250807	0.1049638681	-0.321276821	-0.096082492	-0.0797348864	0.0302787438	-0.0734373119	-0.0498443961	-0.0787237515	0.0211470296	0.0534118816	0.0899782434	0.0088845788	-0.1321558886	0.0777885736	-0.0070865689	0.0588672776	0.0019197528	-0.0337525469	-0.0629622711	0.0076148928	0.0806145971	-0.0808251261	0.0433187693	-0.0047654768	-0.122427623	0.1546096432	0.0783698075	0.0373070673	-0.0344558472	-0.0889226436	0.0867258312	0.0347741491	-0.0734757935	0.1518780654	-0.0235259197	0.0293113886	-0.0778888483	0.0015948759	-0.1590078195	0.2130244559	-0.0451764155	-0.0345839059	-0.0322059834	-0.0339755138	-0.0291430403	0.0254128365	-0.034231739	0.0546844011	-0.0662873083	-0.1335334021	-0.0645723997	-0.0517764131	0.0857703367	-0.0064918182	0.1306637169	0.0709801167	0.0548016921	-0.0873924162	-0.1374270709	-0.0349385207	0.0713731457	0.0756033822	0.0031803702	0.0660733734	0.0034386058	0.0963776318	0.0503694122	0.1301996127	0.0007578834	0.0894637915	0.0234667191	-0.0422629804	-0.1009337968	0.0239906402	0.0258567434	-0.0679299633	-0.0917010547	-0.0216459315	-0.0193567114	0.1198531283	-0.0077756348	-0.0073528525	-0.1127690202	0.1234257387	0.0180837438	-0.0262171181	-0.0200298047	-0.0088704368	-0.011959594	-0.0519919872	-0.1132574016	0.0312438695	-0.226639929	-0.0605177498	0.0034462707	0.2506616494	0.2211801399	-0.1039285319	-0.0325595729	0.0796782326	-0.0154969384	0.0679955568	-0.06630447	-0.1496948296	0.0019686609	0.2635606106	0.0086327681	0.160503913	-0.0097721698	0.079774393	-0.133578075	0.2492506042	0.2223677423	-0.0926664601	-0.0879700593	-0.0688604715	-0.118249279	-0.1237841063	-0.052687238	0.131982428	0.1499975078	-0.0732855384	0.0989730396	-0.0040604932	0.0229939385	0.1565181351	0.0992162466	-0.1232397188	0.0694087889	-0.0105401615	0.0801504244	0.0092858787	0.0718579098	-0.0090179354	0.1129179428	-0.0514797403	0.0984994263	0.1151532911	0.005795721	-0.0435865497	-0.0535896611	-0.0433364976	-0.0359262712	-0.0257096942	0.0855899331	-0.0726446567	-0.0025009217	-0.0710942123	0.0148151882	0.0718728708	-0.076083818	-0.026301258	0.0109369709	0.0276680363	0.0322044016	-0.0260459042	0.1030435643	0.1017511617	0.0416954705	-0.0255954189	-0.0117608346	0.0395132203	-0.0760305009	0.0112825094	0.2397269067	-0.0947977517	0.2309622799	-0.0650060351	-0.1871155592	0.08633149	-0.0114382103	0.1320503063	-0.1624996404	-0.0269791228	-0.0157510889	0.0048665331	0.071763036	0.2285220241	-0.0714014112	-0.1192306848	0.0550945936	-0.0878265651	0.0348651658	0.0124165185	0.1123358075	0.0688433237	-0.1760880101	-0.072028667	-0.0286375605	-0.0905259858	0.0775516848	0.048622297	0.0	0.0	0.1037215675329008	0.0159609389769883	0.0107581635714821	0.0002547515730271	0.1485338053694676	-0.0248830355281342	0.0006191654570943	0.0220622913375348	-0.0144195552737116	0.1049181620036279	0.0110078207182195	0.0002079235742916	-0.0030450097738862	-0.0037057400783019	1.3732509527933712e-05	9.272084523062486e-06	-0.0102330652649516	-0.0014060942272402	0.0001047156247167	1.977100975878495e-06	0.0028500022461443	0.0008745424591988	8.122512803027556e-06	7.648245129414854e-07	0.0	0.0	0.0	0.0
58.60378470784616	0.0336280052626065	3434.4035820835834	0.0011308427379418	63.75608022789705	0.1501162141338525	4064.837766026045	0.0225348777458806	58.2860768936356	0.1761190681581794	0.0310179261689054	3397.266759650802	62.57630886858654	46.82341188330983	1.137857	37.121128	0.2281586149433971	0.1310961019578293	0.1704300161	0.0022862129	0.1174363028	0.0234565493	0.0554590592	-0.1304276719	0.0398683691	0.1603465078	-0.191870518	-0.0990297093	-0.0983750106	-0.0296314603	-0.1321449015	-0.0944050502	-0.033468714	0.1341363109	0.0487710946	-0.0225287139	-0.0771862647	-0.1080347033	-0.1134529526	0.0999195918	0.0066886992	0.0020325613	-0.0136028283	-0.0913409564	-0.094856873	-0.0286173746	-0.0556935322	-0.0036326434	0.1365917256	0.0653346569	0.002863432	0.0465468246	-0.022040291	0.0467339015	0.0611272951	-0.0266100013	0.0601340022	0.0011334298	-0.0899836934	-0.0862502693	0.1306991173	-0.0242010291	0.0373129247	-0.0440586407	0.0301741687	0.0824887084	0.0932925962	0.0576528486	0.023663701	-0.1121281555	-0.104558689	0.0847992651	-0.0560047301	0.0292590783	-0.0293872195	0.1435029121	0.1547657176	-0.0530465984	0.0330248283	-0.032335348	0.0368551457	0.0431870405	-0.0468306473	0.0657942918	0.1425404638	-0.0929413354	0.1353508322	0.0032637279	-0.1786900917	-0.191262865	0.0216286193	0.0757926201	-0.1455138689	-0.1425603003	0.0599823883	0.0931131084	0.0375805005	-0.0466040347	0.0024829685	-0.1566688715	0.031525327	0.0136332312	0.0412984113	-0.0079395702	-0.0760867702	0.0072359862	0.014760492	-0.0391725649	0.101925677	0.1208450571	-0.1455399544	0.0326325373	-0.0553074164	0.1762210439	0.0571447729	-0.0585726256	0.0546086132	-0.0648022633	-0.0777621757	0.0180745774	0.1788742084	0.1806108578	-0.1203535571	-0.0400490964	0.0792601337	-0.0291238632	0.0499265944	-0.0069639024	-0.1781869456	-0.0377555069	0.0154612168	-0.1701126917	-0.0277343334	-0.019190967	-0.0186096771	0.0338997021	-0.0361419764	-0.0147261628	-0.0795136071	0.1453017688	0.0906285515	-0.0659379202	0.0217767594	0.1831484874	0.0534422434	-0.070768861	0.0767194075	0.1214269224	0.0221530257	0.126038173	0.0479121423	-0.103720052	-0.015764134	-0.0068154025	0.174369167	-0.1158019882	-0.0155846796	-0.101374679	-0.0604329432	-0.1238115142	0.0819254964	0.0015329185	-0.0168366111	-0.0276803843	-0.1285557163	-0.0180294856	0.0323223488	0.0862239823	0.1219128974	-0.0564757031	-0.0191625008	-0.1023241242	0.1591658529	0.0013759055	0.0459414723	0.0589592334	0.0733005228	0.0074680072	0.0049805902	0.0051178855	0.093430028	-0.0330220666	0.0665242424	-0.0088723234	-0.1153155865	0.0368730351	0.0215239659	-0.0416257641	0.0145107271	0.1981812852	-0.0278489343	0.2060937011	-0.0319577143	-0.0890363687	0.0717424447	0.0119045872	-0.1170304216	-0.0288038073	-0.1932097852	0.0003296782	-0.0369435725	0.1010042986	-0.1361784993	-0.2102735578	-0.0685698405	-0.1788390184	-0.0335901513	-0.1553896034	-0.1276222884	0.0750539791	0.0799463608	0.0223756117	0.0165058521	-0.0304342698	-0.0885234364	0.0812673177	0.0418570888	0.0	0.0	0.1049439558254476	0.0012223882925468	0.0110132338642934	1.494233137755508e-06	0.1483885449600137	-0.0001452604094538	2.1100586554713412e-08	0.02201916027535	-0.103562351373533	-0.0891427960998214	0.0079464380964943	0.0107251606220151	-0.0012111317813463	0.0018338779925399	3.3631084915221734e-06	1.4668401917870618e-06	-0.00933389664998	0.0008991686149716	8.712162667250787e-05	8.085041981499459e-07	0.0028699190414643	1.9916795319999996e-05	8.236435304559367e-06	3.966787358187736e-10	0.0	0.0	0.0	0.0
58.70317187023642	0.0993871623902578	3446.0623876265163	0.0098778080479874	63.72824618465585	-0.0278340432411994	4061.2893617721033	0.0007747339631529	58.2194633514951	-0.0666135421405016	0.0044373639965043	3389.505912936081	62.66983916038395	46.533783508657656	1.040666	33.950394	0.3294034801099441	0.1415609955325334	0.094052715	0.0276756789	0.0689110329	-0.1126426743	-0.0621925335	-0.125647724	0.1029725278	0.1975329814	-0.1603856203	-0.0986793733	0.083566867	-0.2239484593	0.0312190331	0.0807607243	-0.0771310211	0.008421246	0.0833938597	-0.0707667953	-0.0456067048	-0.0465277892	-0.0862530907	-0.0512176883	-0.03326365	0.0448880043	-0.0442624033	0.0614606633	-0.0529895891	-0.0907858892	-0.0026476507	-0.0924213118	-0.1103878387	-0.0255445669	-0.0532225805	-0.0014698837	-0.0156293072	-0.1147275462	-0.0006686694	0.0363642551	-0.0396775683	-0.0341775509	0.0065507346	-0.0510084202	0.0418338587	0.012304917	-0.1229411585	0.0150620039	0.0278846355	0.0498776492	0.0661743865	0.0877443741	0.0953160871	-0.04355472	0.0808170592	-0.0725674214	0.0405443548	-0.1739768507	-0.0083307725	-0.0220755671	-0.207651663	0.0489900107	0.0176822461	0.0481781442	-0.0536632548	-0.165611972	-0.0333071442	-0.0161576119	0.0524396995	0.034118787	-0.0320134967	-0.0384304598	0.0454675532	-0.0280256861	0.1170611865	0.1270531923	-0.0409547735	-0.1157383454	-0.0619219528	0.0845624117	-0.0167875074	-0.065866544	-0.0064967712	-0.1157068901	-0.1166764366	-0.0391235874	0.0817527765	-0.1699756407	0.0115049658	-0.008646067	-0.0194000116	0.1113443213	-0.0346277302	-0.1036977979	0.0488021686	0.0015320252	-0.1170269787	-0.1358153464	0.0188330391	0.0804306767	-0.038793708	0.093745814	-0.099890013	-0.0758398513	0.1018944982	0.1625707472	-0.163168655	0.0252787502	-0.0307859134	-0.0276925904	-0.0298761826	-0.0839956033	-0.112082016	-0.1509360641	-0.0404537092	-0.0982811282	0.093198132	-0.0588235252	0.0081301194	0.0210795488	-0.0402352793	0.0949772211	-0.0131410852	-0.0089357207	0.0465460271	-0.0208873699	0.1041638397	0.1235229874	-0.1137111092	-0.11262943	-0.009744864	0.1125946805	0.0295466275	0.0194038149	-0.0911300866	-0.1072487889	0.0670312228	-0.025963322	-0.0171319797	-0.1009107549	-0.0418241649	-0.0478914035	0.029203478	0.0226780451	-0.1083425568	0.0500398079	0.0672163519	-0.0053574415	0.0477599179	-0.037463366	0.1016560966	0.0214603021	-0.1069638243	-0.1747509873	0.1153710514	-0.0627015331	0.0511405896	-0.1426667516	-0.0404627675	-0.087994175	-0.0048666205	-0.1562681536	0.0469739024	0.0889046839	0.0224071907	0.0387017403	-0.0370372203	0.0431410729	-0.0106041613	-0.1178289829	0.065938625	-0.0699566791	-0.0236032504	0.1393906317	0.0314200362	0.18379631	0.0758173191	-0.0694854717	-0.0485045199	0.1306059161	-0.0972479019	-0.1023507989	-0.1978627356	-0.045146215	-0.0595288794	0.0449887149	-0.0351280074	0.0394483874	-0.004737879	-0.0165269508	-0.0520740614	-0.0445668012	-0.0268855468	0.0100270451	0.2088769463	0.0398497132	0.1358741115	-0.032221499	-0.0864105979	0.0847551701	0.0348833508	0.0	0.0	0.1511711782580818	0.0462272224326341	0.0228527251359367	0.0021369560938362	0.1635237359549535	0.0151351909949398	0.0002290740064533	0.0267400122206653	-0.1480529789498632	-0.0444906275763302	0.0019794159421357	0.0219196845759286	0.0003797325378294	0.0015908643191757	2.5308492820263637e-06	1.441968002863567e-07	-0.0075938428148814	0.0017400538350985	5.766644869712587e-05	3.0277873490413447e-06	0.0040100096693108	0.0011400906278464	1.6080177547966108e-05	1.2998066397034254e-06	0.0	0.0	0.0	0.0
58.61340691999375	-0.0897649502426674	3435.531470768771	0.0080577462920685	63.698158868233165	-0.0300873164226871	4057.455443202671	0.0009052466095188	58.145976532554	-0.0734868189410988	0.0054003125580818	3380.9545869243207	62.50555834187312	46.50898837486782	1.178237	38.438473	0.4157617071166297	0.2399979085486731	-0.0326419511	0.0738418408	0.1130983884	-0.0055346685	0.1165477786	-0.1649409154	0.1192136135	0.2010114535	-0.0470832288	0.0159364301	-0.024834037	-0.081198462	-0.0356779489	0.0441779113	-0.0105539069	0.0017282196	0.0680264479	-0.0812569117	-0.0407296851	-0.0666736483	-0.0059509817	-0.0793645215	0.1028600264	-0.0839057231	-0.0036573892	0.0338866189	0.0659508673	-0.1569136338	-0.0847672953	0.055299089	0.0389840881	-0.1659053282	-0.0134821804	-0.1186591148	0.0115346089	-0.0667518539	-0.0209913674	0.1512253508	0.0922559087	-0.0579126522	0.0331810131	-0.0675141623	-0.0357248858	0.0083335866	-0.0701778863	-0.0356769009	-0.0242193069	-0.0765850359	0.0613668459	-0.0285703989	-0.0339386053	-0.0027368785	0.0098731494	0.0703042274	-0.076659392	-0.0142105664	-0.0151826561	-0.0513396769	-0.0250309249	0.1340927988	0.0642409759	-0.1470635006	0.1077766608	-0.026892875	0.0055215561	-0.0497148504	0.0067745003	-0.0590380135	-0.0509469515	0.1666878815	0.0585521331	0.0712369837	-0.0448229192	0.0381132738	-0.1108879998	0.0768924665	0.0606735383	0.1352079191	0.0768564751	-0.0912502247	-0.0126350552	-0.0201748147	0.1554929266	0.0404861104	0.0948588041	-0.0630069362	0.0341962509	-0.0669142837	0.0189506024	0.0374419167	0.0321573891	0.0278092974	-0.0571651091	0.0010605149	-0.0382549368	-0.0877254454	0.0514450582	-0.0224465428	0.0627945486	0.0418777216	-0.0497350362	0.0879426497	-0.0289291104	0.1190166923	-0.0575655292	-0.0154910043	0.0056145591	0.0429918087	0.1242280065	0.0556121607	-0.2111876687	-0.1936669122	0.0851427064	-0.0128421929	-0.1242610527	-0.1303674069	-0.089083572	0.1436814137	-0.2479230892	-0.3132139978	-0.0027334685	-0.0704352147	0.1606597085	-0.0128094449	-0.1137807144	0.1359767124	0.0545479284	0.1410252743	0.1376796216	-0.0411641589	-0.0049392408	-0.0643255216	-0.1166016225	-0.0886606659	-0.0079667213	0.0731396783	-0.1396810549	0.0073132547	-0.0566310629	0.1003871418	0.0055755983	0.0284628358	-0.0455112268	-0.0302621235	0.0020081437	0.1268529354	0.133802898	0.0330056977	0.0550095172	-0.0298716997	0.0369829142	-0.0356938432	-0.0906942343	0.1193407729	-0.0447756707	-0.0104597897	0.1105701633	-0.0144665425	-0.0023889473	0.0981927174	0.077299324	-0.0028822149	0.1203787134	0.0451793377	-0.0470818367	0.0554503136	0.1365165306	-0.0061798344	-0.0297096954	-0.0134210022	0.0773391936	-0.0001794009	-0.0189154459	0.1514329642	0.1634480859	0.0206995742	0.1067682367	0.0380875331	-0.2031890846	0.1828055503	-0.1916872205	0.0998704677	0.0637265961	-0.0685193258	0.2111274007	-0.017923803	0.2042813985	0.0237727184	0.0341814348	0.0221199636	-0.0143242541	-0.098338324	0.2494687558	0.0419362334	0.0940213838	-0.0339986915	-0.0841901024	0.0880054659	0.0277358257	0.0	0.0	0.1213373239703941	-0.0298338542876877	0.0147227461882963	0.0008900588616589	0.1710658967680416	0.007542160813088	5.688418973048158e-05	0.0292635410370542	-0.2744233195942271	-0.1263703406443639	0.0159694629945725	0.0753081583371153	0.0043480779019583	0.0039683453641289	1.5747764929003334e-05	1.890578144149809e-05	-0.0065800136157787	0.0010138291991027	4.329657918383308e-05	1.027849644953223e-06	0.0039518772051126	-5.8132464198199646e-05	1.5617333444288575e-05	3.3793833937549636e-09	0.0	0.0	0.0	0.0
58.88676015611232	0.2733532361185666	3467.650521683497	0.0747219916964928	64.18176721396887	0.4836083457357034	4119.299242708089	0.2338770320652236	58.34253572408073	0.196559191526731	0.0386355157736421	3403.8514747156364	62.78455123756801	46.29931441081754	1.178196	38.437153	0.1817582324087666	0.0961119571057352	-0.0710542065	0.0494658617	0.0097926322	0.0159952455	-0.0052092117	-0.0901394457	-0.0563462337	0.1983104755	0.0552503372	0.0755092111	-0.0071864485	-0.0567679477	-0.0496565062	-0.0019000817	-0.0415799923	0.1820468255	-0.0266771405	-0.1178314473	0.0492057587	0.1369214936	0.0885457485	-0.1068642477	0.020192726	-0.0310801632	0.0065171776	0.0317351941	-0.0081013012	0.0803216396	-0.0146442457	0.0816658066	-0.1242874029	0.0484214946	-0.0588730547	0.0222630061	0.0544685852	0.0034931229	0.048719981	-0.0977563051	-0.022471187	0.0440661138	-0.0576537353	-0.0501414471	0.066695106	-0.0678573807	-0.1042694263	-0.0507798578	-0.1517113526	0.0631618972	-0.0222064415	0.1188267707	-0.0060581329	-0.036895472	0.0336913137	0.0277320197	0.044241742	-0.0557733262	-0.1002078652	-0.0005988244	-0.0883857371	0.0012443033	0.1301013118	0.0449827067	-0.0185990124	-0.0792231211	0.0022678146	-0.0976742772	-0.2031742546	-0.0077501794	0.0096740471	0.0711794483	-0.0144273842	0.0729605232	-0.0731307101	0.1695116447	0.0881409287	-0.1060223708	0.0092458067	-0.013972202	0.0658484327	0.0066076521	0.0701612488	0.0618821736	0.0171384251	0.0531449066	0.0122632353	0.0393206652	-0.2105634078	0.0229067953	0.0666221865	0.0395550568	-0.0093421787	-0.1150195708	-0.0517861327	-0.002568207	0.0577294764	0.0940977251	-0.054987801	-0.0201768522	0.0280860759	0.0065317202	-0.0582667605	-0.0562322089	-0.0586400915	0.0947109974	-0.0476063914	0.2024119485	-0.0011184309	-0.0353436987	-0.0917183283	0.0496752877	0.1136569065	0.022844755	-0.0840576141	-0.1446667043	0.0029810138	-0.0596736009	-0.0113917157	0.0561366538	0.0345291718	-0.0912903738	0.0318199819	-0.0822068118	-0.0831453812	0.063843828	0.0548063677	-0.0117647178	-0.0033034497	-0.1152940057	-0.0111499856	0.0141931101	-0.0463653376	-0.0348822293	-0.0724482699	-0.0475645769	-0.0088108647	-0.1124583862	-0.2330300353	-0.025248946	0.0428801586	0.1394925331	-0.1414933441	-0.0174115124	0.0468287493	0.067324546	0.0270661816	0.0823541758	-0.047410855	-0.0187319749	-0.0109957748	-0.0239729784	0.0077371319	-0.0166709868	0.0286514099	0.011199586	-0.0249208489	-0.0599870075	-0.0410177345	-0.06057518	0.0677397763	0.0166394901	-0.0144400086	0.1035494629	0.0513746405	-0.0712560111	0.0014815344	0.0555831973	-0.0750505295	0.0938740286	0.0069136456	-0.1329153281	-0.0546451402	-0.0385706183	-0.0370729356	0.0413053832	0.0599027736	0.083530624	-0.0346885464	0.1357325818	-0.0009485877	0.114734918	0.0595871816	0.0556799786	-0.1802448312	0.1240049517	0.0353781561	0.0395099511	0.008754788	0.0332738915	0.041517135	0.0429279448	0.1986451782	-0.0596505371	0.1066839484	0.0610902822	0.2061309044	-0.0357652936	-0.0818647166	0.0910090951	0.020450122	0.0	0.0	0.0869145633024572	-0.0344227606679369	0.0075541413140568	0.001184926452002	0.1947403727030945	0.0236744759350528	0.0005604808107993	0.0379238127605401	-0.2608234234870252	0.0135998961072019	0.0001849571741266	0.068028858239492	0.005733117788375	0.0013850398864166	1.918335486965185e-06	3.286863957538185e-05	-0.005889920492587	0.0006900931231917	3.4691163408996285e-05	4.762285186764749e-07	0.0040779661894757	0.000126088984363	1.662980824250696e-05	1.5898431977717978e-08	0.0	0.0	0.0	0.0
58.75307470691942	-0.133685449192896	3451.923787516854	0.0178717993259063	64.00548696161208	-0.1762802523567899	4096.702361193094	0.0310747273709735	58.2318611393534	-0.1106745847273344	0.0122488637045679	3390.9496517529365	62.66287907589531	46.787393487911146	0.990024	32.29826	0.2950469137794463	0.1713395898360387	-0.0034599853	-0.0075925924	0.1021331565	-0.0389307188	0.0264587261	-0.0218822149	-0.045962488	0.1368062751	-0.0588721218	0.042696495	-0.0207607134	-0.0392383355	0.0523512141	0.038414187	-0.1097209824	-0.0375834591	-0.1064447242	-0.1709400778	-0.0524148349	0.1334897925	-0.0903258364	-0.1181312232	0.0045986313	0.0056974902	0.0258702851	0.0221231787	0.0191023868	0.0304604119	0.0927287701	0.050204445	0.0453944544	0.0032410734	0.0045269488	-0.0871959672	-0.0466304277	0.0685416285	-0.1804080843	-0.079862796	-0.0511421429	0.0614151041	-0.1282491213	0.0377527875	0.1058385357	-0.04128861	0.0836124711	-0.1201187068	0.0718128625	0.0211312507	0.0268983796	-0.0312345552	-0.0267520174	-0.0464041828	0.0035338329	0.1060135004	-0.0141636514	-0.0266645312	0.0345507018	-0.0138986049	-0.0428764848	0.0050704144	-0.0890567099	-0.1359031463	0.0199389102	0.044244154	0.0498568519	-0.0108271673	-0.0695241422	-0.0554333424	-0.2078795714	0.0110165398	0.0827623839	0.0413823463	-0.0283605047	-0.0994605713	-0.1576894397	-0.0946615647	-0.1436287435	-0.1137069463	-0.009958188	0.1426027129	-0.0963944234	-0.0732241737	0.0498016979	0.2134185779	-0.1490620679	-0.0105276245	0.0395285244	0.0642134993	-0.014399857	0.0513287031	-0.0273724924	-0.1299413704	-0.0210655155	-0.0427497535	0.0221712677	-0.0758782442	-0.0829649152	-0.0044213494	0.0225638479	0.020090116	0.0509417358	0.0385389903	0.0440515257	0.0386431903	-0.068584831	0.1197175845	0.0332864845	0.0199295124	-0.0403160969	0.1423665758	0.0670604376	-0.0485292581	-0.1045847984	-0.0765393223	0.0977252833	-0.0188586673	-0.0097701315	-0.0494342563	-0.0577229969	-0.0238690762	-0.0031859557	-0.1105334862	0.0444789101	0.1452029496	0.1600635978	-0.0694542412	-0.0152544842	-0.0115305427	0.0085370066	0.0164277686	-0.0471136426	-0.0336699217	-0.1157748875	-0.0663923438	-0.1388702028	-0.0999840752	-0.0675215249	0.0850667935	0.0183216068	-0.0174447602	-0.0830381608	0.0145631748	-0.0832591191	0.0363935207	0.0270692462	0.0463074519	-0.0568412905	0.0166730265	0.0055713388	-0.0962696314	-0.0736207261	-0.0722850094	-0.1474061547	0.0312670308	-0.1344182688	0.0366277549	0.0915746304	0.0288261694	0.0919285661	-0.0581865305	0.0382377512	-0.0699028589	-0.0047593296	-0.0037070642	-0.0162033833	-0.0076397015	0.079399796	0.0825058116	0.0040191921	-0.0245938423	-0.1445968833	0.0309941618	0.0221012699	0.0477598757	0.0425665429	-0.0260275973	-0.0386511542	0.1107575658	-0.0206055401	0.0641465654	0.0594389037	0.0905029668	-0.0709394165	0.0153485592	-0.0665436399	0.068636261	0.0193746815	0.1107527048	0.0081878895	-0.0054861386	0.0970497612	-0.0201519907	0.0804222886	-0.045710952	0.1169598361	-0.037520755	-0.0794373376	0.0937576389	0.0130625369	0.0	0.0	0.085521714886525	-0.0013928484159321	0.007313963717132	1.940026709764821e-06	0.1940509022980734	-0.000689470405021	4.7536943939995634e-07	0.0376557526826964	-0.1600412193186571	0.100782204168368	0.0101570526770346	0.0256131918810025	0.0029812145544389	-0.0027519032339361	7.572971408947966e-06	8.887640219598329e-06	-0.0065940805887045	-0.0007041600961174	4.348189881032948e-05	4.958414409642068e-07	0.0036903817037268	-0.0003875844857488	1.3618917119201518e-05	1.5022173359323905e-07	0.0	0.0	0.0	0.0
58.633862582225305	-0.1192121246941155	3437.9298413112806	0.0142115306740853	63.79676491601806	-0.2087220455940155	4070.027213749673	0.0435648923169502	58.28878779520041	0.0569266558470147	0.0032406441459244	3397.582782633905	62.56840475091881	46.99763242815312	0.935325	30.51379	0.1107387457352368	0.0623738692249518	0.002266837	-0.0317885701	0.0962880813	0.0239246929	0.0095209478	-0.0353749555	-0.0730073056	0.0044395287	-0.0490947978	-0.0247377704	0.0041438661	-0.0393951328	-0.0616284803	0.0312833086	-0.2059372079	0.0241011862	-0.103494996	-0.0269632891	-0.1374730204	0.1103512508	-0.0827776993	0.0281921519	0.0736209339	-0.0734073238	0.1115761387	-0.0003060123	-0.0015879874	-0.0374022053	0.0132636815	0.0857952552	-0.0507199264	0.022903114	-0.0079271147	0.1095216287	-0.1161502525	0.0998067439	-0.1343149591	0.0311371441	0.0997222172	0.1163252936	-0.1922081691	-0.0701688344	0.0544194342	0.0689475643	0.0640758162	-0.1095409106	-0.0014088582	-0.0547834556	0.04496753	-0.0737721822	-0.036185195	0.0661808995	0.1280932211	-0.0233553797	0.0359347009	0.0004012734	0.018756631	-0.0161332178	0.0784354325	0.0065092078	0.1147615592	0.1251856684	-0.0439818137	-0.0573621493	-0.0921256873	-0.046732447	-0.0462678895	-0.0116643519	0.0133072952	-0.0090016491	0.0286690108	0.0680846864	0.0511252852	0.0637500443	-0.0123820512	-0.0040423065	-0.1112268005	0.0438083772	-0.0577840254	0.027240816	0.0364691613	0.0317834492	-0.0692428725	0.0227404345	-0.0669294747	0.056509591	-0.0493657374	0.0455802028	0.0564609904	0.0262654023	0.0523331294	-0.0042631517	-0.0084721985	0.1071738768	0.0287760247	-0.1261754378	-0.0232062178	0.0001851418	-0.0412978446	-0.0092921546	-0.1281638375	0.0333960694	0.0305938192	-0.0701924877	-0.0257479943	0.0925084395	-0.040153825	-0.0681112069	0.0897966402	0.083402548	-0.0493161222	-0.1113018591	0.0085900694	0.0247760952	0.0356041909	-0.0557211711	0.0222320045	-0.0662898657	0.0178526742	-0.0397342393	0.0058843905	-0.0946603487	-0.009903211	0.0724440058	0.0476605796	-0.1207674591	-0.0799383668	-0.0242225367	-0.0005623687	0.0150236701	0.0044722896	-0.0051737857	-0.0033536633	-0.1208580098	-0.0997809294	-0.0556177873	0.040630722	-0.0086308822	-0.0245008749	0.0774008336	-0.0801325655	-0.0368398618	0.037696819	-0.0224850202	0.0175623856	0.0636114944	-0.0407757485	0.1052972889	-0.0406144656	-0.0571474155	0.0129000317	-0.0028685299	-0.0305760879	-0.0633274923	-0.1618985271	-0.10502547	-0.0631182248	-0.0075239744	-0.0342917494	0.056986158	-0.024646699	-0.0325858689	0.0371051223	-0.0321857866	0.0095779484	-0.0034499036	-0.0498079544	-0.0576557596	-0.0436307093	0.0526234291	0.0368809794	0.0166452896	0.0271230776	0.0124630851	0.0570080821	0.0102792881	0.046062916	0.1071756093	-0.0206355836	0.1084590626	-0.0437699757	0.0519231995	0.0421682592	-0.0435781777	0.0491220191	-0.0309098942	0.0569822017	0.0490754783	0.0267108136	-0.0501943444	0.0617345828	-0.0225877382	0.0665779768	0.0657749841	0.0090505836	-0.039264529	-0.0769109895	0.0962433935	0.0056098749	0.0	0.0	0.086730574075986	0.0012088591894609	0.00752219247955	1.4613405399442942e-06	0.1960929651418581	0.0020420628437846	4.170020657966024e-06	0.0384524509781259	-0.1678985845164433	-0.0078573651977861	6.173818785138147e-05	0.0281899346826252	0.0039398309850311	0.0009586164305922	9.189454610013304e-07	1.552226819061113e-05	-0.0059821340364862	0.0006119465522182	3.5785927630486683e-05	3.744785827718637e-07	0.0032683355164532	-0.0004220461872736	1.0682017048109403e-05	1.7812298419218262e-07	0.0	0.0	0.0	0.0
58.64214876976716	0.0082861875418558	3438.901612335504	6.86609039788069e-05	63.94581805678674	0.1490531407686788	4089.0676469516734	0.0222168387730075	58.286336861526536	-0.0024509336738773	6.007075873746104e-06	3397.297064735347	62.60078958173183	46.61188829474419	0.932262	30.413862	0.1019316381996355	0.0483258048883246	0.00665642	-0.0277716396	0.0364630909	0.0226976914	-0.0853330954	-0.0963070925	-0.1380757436	-0.0121152397	-0.0071953069	-0.0571376496	0.0116589801	-0.0559429194	-0.1060824059	-0.0717686084	-0.091535444	-0.0209490864	-0.0737507842	0.0617939309	-0.2348367599	-0.0955947618	-0.0735196518	-0.0284752024	0.0331092707	0.0584086421	0.1491019479	0.076686352	0.1001408123	0.066145545	-0.0011120416	-0.020618636	0.0282588112	0.079165622	0.0290844836	0.0232845235	0.046920813	-0.0598993466	0.1183054778	0.0635050491	-0.0126861356	0.1466104658	0.1055820888	0.0372663553	0.043347556	0.0287628136	0.0483717491	0.0477152351	-0.0514587008	0.0563765605	0.1035067206	-0.0615955725	0.0239210997	0.0236743175	-0.0258710077	-0.0051885807	-0.0689269152	0.0809697114	0.0853332672	0.0080701021	0.0050277364	0.0894771329	0.0887295137	-0.066602153	-0.0839097635	0.0400189813	0.0225355424	-0.1011163202	0.014285776	-0.0712476718	-0.075312492	-0.0710496719	-0.0245043306	-0.0887544963	0.0437684109	-0.0261445549	0.0991925942	0.0850884984	-0.0175590529	-0.0547322568	-0.0732335021	0.076543059	0.0887486728	0.0001551046	-0.1202562096	0.0427263685	-0.0023096181	-0.0832191303	0.1244575773	0.0688023795	0.1835316485	0.0281400681	0.0802875174	0.0268326827	0.0065146037	0.0278058576	-0.1772515137	0.040287906	-0.0021874669	-0.0872359891	0.038477173	0.0368137909	-0.021667149	-0.1223949236	0.0376066602	-0.0849417345	-0.0057284951	0.1122979245	-0.0529897958	-0.0953463892	0.0589425682	0.0784834891	-0.0763815375	-0.0756571326	-0.0520535106	-0.0515564882	0.0772001084	-0.0380326607	0.026226584	-0.104613125	0.0533302621	-0.1281626322	-0.0478866983	0.0384292846	0.0097597382	0.0894977622	0.0142997314	-0.1446938197	-0.0692995157	-0.0308895155	0.0257962498	0.0156546402	0.0270830624	0.0164732821	-0.0845930054	0.0924527728	-0.0861035918	0.0144903583	0.0203139438	-0.0825685096	0.0018303635	0.0051539349	-0.1076534029	-0.0895070509	0.0122651242	-0.0129118085	-0.0749581387	0.0103922478	-0.0719296775	0.0800706206	0.082033792	-0.0129804822	-0.0052698982	-0.0144917343	0.076821639	-0.0777676963	0.0332301542	-0.032408038	-0.0544073832	0.019481071	-0.0442784037	0.0595673951	-0.0155239835	-0.0394427301	-0.0414741807	-0.0396615724	0.1016695075	-0.0561744635	0.0829973993	-0.055611681	0.0156325794	0.1779665917	-0.0211469305	0.0214184626	0.0189241393	-0.0320957533	0.0060185716	0.0254306195	0.0148520522	0.0714011041	0.0024827671	0.1424226498	-0.0749512259	-0.0519906525	0.0482409778	0.0503819325	0.0625421387	-0.0890331997	-0.0505080722	0.0780699024	0.0778616967	-0.0743971304	0.0125049225	0.0199225091	0.0256777891	-0.0044401543	-0.0759630009	-0.0409960724	-0.0742888199	0.0984593917	-0.0018707352	0.0	0.0	0.0510344885648521	-0.0356960855111339	0.002604519023076	0.0012742105208181	0.2108292124603963	0.0147362473185382	0.0002171569850331	0.0444489568266709	-0.1390800696515199	0.0288185148649234	0.0008305067990198	0.0193432657742716	0.0037741030379295	-0.0001657279471016	2.746575245051084e-08	1.424385374090868e-05	-0.0062279925817692	-0.000245858545283	3.8787891598572194e-05	6.044642428867297e-08	0.003226306198737	-4.202931771619999e-05	1.040905168800879e-05	1.766463547689282e-09	0.0	0.0	0.0	0.0
58.60139628413251	-0.0407524856346483	3434.12364644994	0.0016607650854022	63.98987573637927	0.0440576795925267	4094.70419675726	0.0019410791310777	58.30427778970923	0.0179409281826963	0.0003218769040566	3399.388808579581	62.55182328647472	46.69708254624623	0.859966	28.055304	0.0362211084511706	0.0175802657285004	-0.0023926861	-0.0138106993	0.0110528832	0.0029417319	-0.1314989101	-0.0752329523	-0.1360226493	-0.0183078448	-0.0004977673	0.0117873388	0.0844440373	-0.1010699492	-0.1401597653	-0.0577960036	-0.0066714475	-0.0340299626	-0.0152215276	-0.0644724917	-0.1560411646	-0.1037317154	-0.0376853804	-0.094128257	0.1926509869	0.1338881893	0.146740141	-0.0771564048	0.0684863838	0.0549596466	-0.1478936274	0.0661315393	0.0543981851	0.080092932	-0.0366895694	0.024120887	0.0191046846	0.0004185334	0.0452679031	-0.1724469272	0.0093664574	-0.0941580356	-0.0038333896	-0.0049585469	0.0265581673	-0.0386108835	-0.0208077851	0.145102481	0.0005993247	0.0402733933	0.1561562203	0.0884769214	0.002857017	0.0674415588	-0.1056511211	-0.0654830469	-0.0740604308	0.0140396484	-0.1084255615	-0.1438845772	-0.0020439829	-0.1326829569	0.0333253738	0.058000616	-0.0551593596	-0.0573730315	-0.0248543255	-0.1225802535	-0.0478951065	-0.0692666528	-0.0083921535	0.0516066568	0.0408722819	0.0411160886	-0.030703307	-0.0839142948	-0.0657523327	-0.1240982962	-0.1046429594	-0.0699901726	0.0177328674	-0.0856332783	0.002873569	0.1589644517	0.0852044507	-0.0698973921	-0.2354226094	-0.0244076543	0.0383618291	-0.0519506216	-0.0225867795	-0.1119675563	-0.1139872678	-0.0465638867	0.0240088063	-0.017818765	0.0943366881	0.0862422019	-0.0738006033	-0.0303247364	0.0453265228	-0.0908520975	0.0540305273	0.0162980564	0.028462548	-0.0903708816	0.0183228977	0.0898928182	-0.080872251	-0.094878278	0.0246621519	0.0619945471	-0.0914265831	0.0258831312	-0.1505212769	-0.0992512468	0.0775191271	-0.0689739922	0.0169323929	-0.0795435141	0.1048449183	-0.0844781304	-0.0529312217	0.0540034725	0.0144050228	-0.0710046262	-0.0822352171	-0.1112060242	0.0844617665	-0.0826996786	0.0560892026	0.0273901518	0.036629177	0.0902132872	-0.1297799582	-0.0250544968	0.0051824504	-0.0788531184	0.0522117506	-0.0432861354	-0.0304216885	-0.0462887616	-0.1129701238	0.1159147542	-0.1206006371	-0.0721711634	-0.1567631042	-0.0058615362	-0.0534270502	-0.0180724596	-0.0077380585	0.0117954397	0.0013608069	0.1904084528	0.0216986688	-0.0197154678	-0.0315804408	0.0260831845	0.0067700691	0.0245428928	0.0380552219	-0.0504663061	-0.0543418833	-0.0738368741	-0.0309764907	-0.0033161426	0.0334462824	0.0022426741	0.0568025088	-0.0939785778	0.0795891819	0.160118654	-0.0994587692	0.0160590932	0.0187010694	-0.0402532856	-0.0063994154	0.0259133038	-0.039249817	0.0647161219	0.0427052228	0.1164741285	-0.0517286132	-0.0719405168	-0.0131149215	0.0869379197	-0.0104895916	-0.034956923	-0.0059565809	0.0612664226	0.0648462376	-0.0416149572	0.0267207303	0.0496268194	0.0006135976	-0.0115767944	-0.0482812435	-0.0427148457	-0.0715740957	0.1003994225	-0.0093420254	0.0	0.0	0.0549785521811969	0.0039440636163447	0.0030226411999405	1.5555637809774816e-05	0.2003193060616013	-0.0105099063987949	0.0001104581325114	0.0401278243810015	-0.135270748854154	0.0038093207973659	1.451092493724438e-05	0.0182981754955636	0.0035652208306324	-0.000208882207297	4.363177652530854e-08	1.271079957117518e-05	-0.0061689875232278	5.900505854140002e-05	3.805640706174027e-05	3.4815969334740434e-09	0.0031350371118022	-9.12690869347998e-05	9.82845769237708e-06	8.330046229912043e-09	0.0	0.0	0.0	0.0
58.50210661291008	-0.0992896712224293	3422.4964781482977	0.0098584388114581	63.85208432394965	-0.1377914124296211	4077.088672512776	0.0189864733393499	58.23917912970925	-0.0650986599999825	0.0042378355337933	3391.801985702361	62.46819607745436	46.76288577744119	0.917382	29.928411	0.0734239180941902	0.0416898792362106	0.0006756331	-0.0386291427	-0.0399337341	0.0365088508	-0.0915935851	-0.0086334859	-0.0834671234	-0.0380688556	0.0354221354	-0.0469761347	-0.0084364606	0.0555584229	-0.0446046134	0.0199407516	0.0704751875	-0.0885425644	-0.0276288624	-0.0454533603	-0.0923310326	-0.025454049	0.0222276812	-0.1651668875	-0.0729132561	0.0596999655	0.0520674859	0.0920164754	0.0492130064	-0.0262895877	0.0745007796	0.0647834241	-0.1123536748	0.1038590197	-0.0531555487	0.066606652	0.0937464113	0.1414750341	0.0010591352	0.1007097238	0.1621468922	0.0800988521	0.0468494019	-0.1016337814	0.102649662	-0.0157340908	-0.1025341855	0.1472988905	0.0695249796	0.0522840052	0.0278881695	-0.1352657595	0.1206100755	0.0929063058	0.0863732657	0.0203215939	0.0271108695	-0.0090914075	-0.0164021752	0.1084084879	-0.0198296438	0.0540356231	-0.067728481	0.0165805452	0.0275793822	-0.0670796768	-0.0280844681	-0.0321882534	-0.0147396709	-0.0137823577	-0.1363963537	-0.0175477909	-0.007076972	-0.0081327895	0.0592770709	-0.0838453247	-0.0672106322	0.0410819421	0.0429701606	-0.0347337339	-0.029503428	0.0599351839	0.0548923332	-0.0141203027	-0.0136643104	-0.0718705289	-0.0418794849	-0.0572971248	0.1103303085	0.0493815368	0.022172489	0.0117031886	0.0877224192	-0.0205576289	-0.2026197056	0.0414411876	0.2340325617	0.0003197425	0.0678503405	-0.0100008019	0.0300296632	0.0377841272	0.0914551652	0.0685720207	0.0287271739	-0.0847649175	0.0231475867	0.0096803955	-0.0907662631	-0.0917216164	0.0392521765	0.0606789239	-0.0205689874	-0.0293939212	-0.0562430727	0.0063124063	0.0159589942	-0.0739764875	0.0545828944	0.0303236926	0.1083917127	-0.0813557852	-0.0399243904	-0.0604133185	-0.0117250944	-0.095123026	-0.1052705428	0.0212193661	0.1845371689	-0.0466775014	-0.0172699419	0.0974229072	0.0778828142	0.0100888272	-0.073291423	-0.0524500993	0.026954845	-0.1760776675	0.0315776061	0.0206243694	0.0511692854	0.03005161	-0.0310619427	0.0051078715	-0.1503899477	0.0069641209	0.0586694914	-0.0224923831	0.1132596312	0.0360655422	0.0134841714	0.0873298883	-0.1065317989	0.1387768634	0.1386818389	-0.0760257835	-0.0149619575	0.0405496141	0.0004837293	0.1116335562	0.1398786642	-0.0209776859	-0.0288942439	0.0667155046	-0.0106137259	-0.0092278462	-0.0554510475	0.0228973046	0.0205596244	0.0521542404	-0.0105623008	0.0022296774	-0.0202293349	0.0211069102	0.0167427782	-0.0430183816	-0.0113604698	0.040426209	-0.0198109102	0.0422242966	-0.0005391688	0.0589309383	-0.0277605157	-0.0298133526	0.0506727891	-0.0337208606	0.0037732774	0.0120331416	0.0541478692	-0.0055853969	-0.0339665181	-0.0236312044	0.0904299601	0.0485887705	-0.0123376346	-0.0109109846	-0.0260772155	-0.0444203137	-0.068770199	0.1020580481	-0.0167667741	0.0	0.0	0.0886543750423669	0.03367582286117	0.0078595982141526	0.0011340610453768	0.2062110913093988	0.0058917852477974	3.4713133406164104e-05	0.0425230141790132	-0.1325589887319012	0.0027117601222527	7.353642960640514e-06	0.0175718854936243	0.0038748983848123	0.0003096775541798	9.59001875628448e-08	1.501483749262097e-05	-0.0064151407257855	-0.0002461532025576	4.115403053163171e-05	6.05913991294119e-08	0.0030679768712804	-6.706024052180026e-05	9.41248208271147e-06	4.497075858841701e-09	0.0	0.0	0.0	0.0
58.28890856661478	-0.2131980462953038	3397.596861887178	0.0454534069441345	63.33493673652782	-0.5171475874218245	4011.314211419981	0.2674416271762136	58.20521870342839	-0.0339604262808563	0.0011533105531774	3387.84748431393	62.31982897320853	46.675346455664766	1.04584	34.119183	0.0896374891298893	0.0439785226947387	0.0371524377	0.0197679506	-0.0586630771	-0.0828752387	0.0515269093	0.0912344966	0.028452204	-0.1575248018	-0.0204778025	0.0029147958	0.0992371237	0.1459831609	-0.1206235287	-0.1201422415	-0.0573182922	0.0757672516	0.0513151941	-0.1195223331	-0.1642194585	0.1046477414	-0.081317722	-0.0431503662	0.0490285008	-0.08688944	-0.2067885522	0.0591828723	0.0391555461	-0.0580920186	0.0360006366	0.0110394619	0.0946879653	0.0423935259	0.2137242799	0.1064036323	-0.0030737425	-0.1352026768	0.1360073068	-0.0806328499	0.0332132464	0.090731531	-0.0283482523	0.0354223569	-0.0023985868	0.0058886486	0.0585910087	-0.0263200265	-0.1156350739	-0.0682852491	-0.0061986449	-0.0073594192	0.037745485	-0.1211639419	-0.0110118036	-0.1690623604	-0.031663206	0.0223767584	0.0176136036	-0.0373653082	-0.0294157149	-0.0925766368	-0.0433476997	-0.0200729431	-0.0283821871	0.1210778567	0.0309740297	-0.0268737794	-0.2422919598	0.0573441321	0.1311034828	-0.0530399802	-0.020561697	-0.0890030372	0.0117265002	-0.0208316595	-0.0913947024	0.0578564088	-0.0651643984	0.0383926535	-0.0360389233	0.1196644751	-0.0055350519	0.0016946019	0.0925617888	-0.1117800864	-0.0300693318	-0.1206589459	0.1039219891	-0.1358382761	-0.0322813445	-0.0122848123	0.1461281685	-0.0874171172	0.0179263766	-0.0059040044	-0.0767121017	0.0022816474	0.0706683167	-0.0327119848	-0.2245984992	0.0848838417	-0.1508095399	0.0681617428	0.0598731121	-0.0801979766	0.0641732963	-0.1351659387	-0.0914727795	0.0378527115	0.0024988242	0.1015257193	0.0678885974	-0.0322292119	-0.0827187035	-0.0974114599	0.0623451376	-0.1264739716	-0.0115170563	-0.0461640797	0.1464393144	0.0075162294	-0.0393030763	-0.0049375325	0.0690187329	-0.0636725487	0.0119052676	-0.0777717527	0.0912212617	0.0473880157	-0.0352548927	0.0048407305	0.0028976619	-0.1100280156	-0.0331523574	0.030388979	0.1389083534	0.0274826781	0.0854196709	-0.030903983	-0.0710205845	-0.0021584153	-0.0054672025	0.1831553443	-0.0467241462	-0.031791449	0.0172018801	0.0520839921	0.0363617791	-0.0116238389	0.0878582906	0.0604276004	0.0587813681	0.0481609664	0.0012029293	0.070261762	0.1615023505	-0.0024956712	-0.0358188449	-0.0158931076	-0.0098135051	-0.0290610551	0.0455024024	-0.0043497246	0.0219905195	0.076270407	-0.1222517801	0.1084951516	-0.0679729295	0.1203341086	-0.1033427447	-0.0475061449	0.0227938934	0.0435193435	0.0033899868	-0.0482026768	-0.0407181344	9.68322e-05	-0.0912565168	-0.0828783495	-0.1136067975	-0.0324670661	0.085086884	-0.0732582445	0.0089796751	0.1036740904	-0.0183697122	0.0091083303	-0.0304170558	0.0332741579	0.1154202255	-0.0573920105	0.0518250362	0.1106857958	0.0511314579	-0.1004829429	0.0137435481	-0.046111945	-0.0658806233	0.1034306197	-0.0241079916	0.0	0.0	0.0581491977154513	-0.0305051773269155	0.0033813291949506	0.0009305658437465	0.2214182266240953	0.0152071353146965	0.0002312569644794	0.0490260310813592	-0.1211689608353339	0.0113900278965672	0.0001297327354845	0.0146819170699146	0.0035833337950524	-0.0002915645897599	8.500991000185878e-08	1.2840281086764635e-05	-0.0060590851559261	0.0003560555698594	3.671251292676401e-05	1.2677556882790222e-07	0.0030648940590655	-3.082812214899675e-06	9.393575593294998e-06	9.50373115233464e-12	0.0	0.0	0.0	0.0
58.27721158122906	-0.0116969853857185	3396.2333896833384	0.0001368194671137	63.24200838997477	-0.0929283465530517	3999.551625197639	0.008635677593084	58.14905600594387	-0.0561626974845239	0.0031542485887381	3381.3127143823967	62.33729324917928	45.81965968592474	0.986808	32.193344	0.0631770423802308	0.0424904070213332	0.0117773834	0.0627821887	-0.159021022	-0.131782752	-0.017611779	0.0283399188	0.0691301751	-0.1687582591	-0.0072498926	-0.0119486248	0.1339618892	0.0075804691	-0.0179960235	-0.0244388818	0.0555719179	0.0424317258	0.048987127	0.0292492493	-0.0839628983	0.0487474043	-0.1049489466	-0.0203726397	-0.0595576044	-0.0329546402	-0.0667205495	0.1587058411	-0.0162563517	0.014226115	-0.0514985177	-0.0328284362	0.0354122207	-0.0281202578	0.0634784619	0.0434620765	-0.0941547155	0.0685567687	0.0551462045	0.1617500926	-0.0607869024	-0.0896527022	0.165319786	-0.0474897615	-0.0824136908	-0.0259568046	0.055648256	0.0119459686	-0.0121932743	-0.0147043613	0.0402688543	0.1539443852	0.1753260621	0.0996784878	0.0260818023	-0.0046433881	-0.0455210935	0.0937517607	-0.1623596845	-0.1485023466	-0.1246055862	-0.0240854057	-0.0740824334	-0.0499280431	0.0413927387	-0.1402967689	0.0218616848	-0.0247798473	0.0145217394	0.1888853134	0.1184871502	0.0444152912	0.0563005164	0.0156537317	-0.0304815364	-0.0430256007	-0.0417563971	0.0117640235	0.0035658198	0.0051772512	0.0829526875	0.0315763146	-0.1539771885	0.1701946108	-0.0392590633	0.0438565909	-0.0137787927	0.0231755346	-0.0786476268	0.0532194218	-0.0269308584	-0.0711948946	-0.0313702063	0.0982300852	-0.1667886677	-0.1080290342	0.0900956545	-0.0737998181	0.0738004616	0.063568367	-0.0781485507	0.0585272203	0.0388275438	-0.037991821	0.0268607837	-0.0668431677	0.0576702646	-0.115617645	-0.1441861612	0.0146099404	-0.0682966251	0.0296156707	-0.0179313	-0.0577538493	0.0468117456	0.0162771318	0.0654428458	-0.0273038599	-0.070119252	-0.0639664808	0.0396205601	0.002292029	-0.0142191652	-0.0538953523	0.0479055764	-0.0667428999	0.0231376123	-0.0234388819	0.1668883081	-0.0073884936	-0.058218136	-0.0193301153	-0.1103114465	0.0426420011	0.0781244851	0.0813778026	0.1914951204	-0.0058809303	-0.0268744971	-0.0244271921	-0.1509696095	0.0118084295	0.0116175016	0.0960198676	0.0404413932	-0.0472665948	0.0066772266	-0.0801145783	-0.0357364158	-0.012390072	-0.0552285593	-0.010278574	0.0377243745	0.057868381	-0.0019718912	0.0341046561	-0.0710472553	-0.0068114349	0.0291045527	-0.0410155008	-0.0522895332	0.1269062015	0.024668923	0.0625350564	0.0947646443	-0.2017726768	-0.0588323115	-0.0170986096	0.045681932	0.0088352187	-0.0246079619	-0.0635950583	0.0422724318	0.0265442164	0.0128107705	-0.0452465001	0.0157970037	0.0595520666	-0.1312514083	-0.0551711587	-0.0496394901	-0.0612148677	-0.0673435254	-0.0627695357	0.0075417468	-0.0196573582	0.0079642925	0.0433548315	-0.0164211355	-0.0120691256	0.0534703663	-0.0013113598	0.1170386546	0.0549749181	0.0121831454	-0.0538941951	-0.0457997621	-0.0477892128	-0.0629089685	0.1045132902	-0.0313291043	0.0	0.0	0.0990669652969984	0.0409177675815471	0.0098142636131566	0.0016742637038575	0.2219015330849458	0.0004833064608505	2.3358513509984882e-07	0.0492402903854493	-0.1257851524843971	-0.0046161916490631	2.1309225340880675e-05	0.015821904585523	0.0036729503986247	8.961660357230004e-05	8.03113563583478e-09	1.3490564630757342e-05	-0.0061686825456168	-0.0001095973896907	3.805264434859736e-05	1.2011587827015196e-08	0.0032088755995779	0.0001439815405123	1.0296882613566429e-05	2.0730684008323784e-08	0.0	0.0	0.0	0.0
58.256539712416725	-0.0206718688123359	3393.824419264387	0.0004273261601944	63.147928404391855	-0.0940799855829155	3987.6608617662	0.0088510436872815	58.11122607252885	-0.0378299334150185	0.0014311038621847	3376.9145956525567	62.29469117633701	45.70385266459265	1.002526	32.706146	0.0897769226215265	0.0457536088788656	0.0373842174	-0.0359753657	-0.1079415689	0.0292321151	-0.0741146588	0.0611528594	0.0824297569	-0.1556242043	-0.0046110973	-0.0722831261	0.0802748935	0.0209112779	-0.0363087438	-0.1100241059	0.0190153526	0.0219051544	0.1383300253	-0.0846381611	-0.0759539847	-0.013697763	0.0366620137	0.0454765451	-0.1335908428	0.1061694188	-0.0755575459	-0.0510036367	0.00672481	0.1312120989	0.0566349633	0.1175526474	0.0296743282	0.0496520718	-0.1143627207	0.053790844	-0.0897622198	-0.0809304614	-0.1182036607	-0.0001909232	0.0068713104	-0.0285733434	0.029407809	0.0181700288	-0.0246618541	0.0719493504	0.0587597398	0.1286037442	0.1308297517	-0.0712822948	-0.0750037013	0.0069493347	0.008291329	-0.0575265962	-0.0708982682	-0.0623164859	0.0962148736	-0.0045271779	-0.100451313	-0.0544547291	-0.1064141671	0.0579680501	-0.0885387576	0.0404573593	-0.0171197566	-0.0029194279	-0.023183914	0.1554552351	-0.0124923265	0.0046465455	0.0545371941	0.0452282249	-0.0701492651	0.0197250766	-0.0049797981	0.0104359022	0.0996938812	-0.1185131982	0.0757980484	0.0369010902	-0.2470308996	0.1080177458	-0.0219880028	0.0107492493	-0.0301869136	0.0318937464	-0.0089649049	-0.0836226937	-0.0223242637	-0.0606933097	0.1041364508	0.0362268576	-0.0450034211	0.0687292402	0.0027246492	-0.1122496934	-0.0225775341	-0.1345467035	-0.1042874101	0.150809981	-0.0030941756	0.0730101584	0.0406062593	0.1492867627	0.0322163757	-0.0690410128	0.0395923757	-0.1625142207	-0.0883769243	-0.0649780693	-0.0071084673	-0.0138841574	-0.0469798745	0.070970096	0.0662138558	0.0156005487	-0.0143716113	-0.1274149387	-0.1029197096	0.0233919636	0.0203341569	0.1043420481	0.0782536798	0.0639561071	-0.1026835267	0.0293810581	0.1213348792	0.0260595411	0.0051521993	-0.0376951342	-0.003121163	-0.0395372671	0.0268635704	-0.0265422189	-0.0598278932	0.0020931846	0.1369033926	-0.041239094	-0.0295878651	0.0670283991	-0.0896340953	-0.0348224525	0.0055028417	0.0314339188	0.1208934411	0.0140887123	0.0193604225	0.0850155759	0.028133545	0.014233664	0.0067513503	-0.0131721514	0.0260714391	-0.0885744067	-0.0172971408	0.1068896088	-0.0130320738	-0.0044173083	0.0371708904	-0.0411691519	0.0946284606	0.1481937657	-0.0754327354	-0.0568334755	-0.018145443	0.0726874747	-0.0095067024	0.0486661535	0.0366395116	0.055420167	-0.0506850399	-0.1680559177	-0.0357683958	0.044863763	0.0034566145	-0.0531826171	-0.0356884692	0.0647173717	-0.0401096024	-0.0581072034	-0.0716043462	-0.0094306794	0.0021253545	-0.1601303018	0.0394339808	0.0517213002	0.054695227	-0.0789479461	0.0114677474	-0.003290966	0.066824443	-0.0275103339	-0.0007468403	0.0039314534	-0.0145726534	-0.0347904551	-0.0906291791	-0.0494515946	-0.059858937	0.105303025	-0.038394137	0.0	0.0	0.0683254011380825	-0.0307415641589159	0.0046683604406798	0.0009450437669367	0.2174590248254588	-0.0044425082594869	1.9735879635610208e-05	0.0472884274780395	-0.0993592922137835	0.0264258602706135	0.0006983260910419	0.009872268949224	0.0034528171226288	-0.0002201332759959	4.845865920068714e-08	1.1921946082318624e-05	-0.0059188641348759	0.0002498184107409	3.503295264712023e-05	6.240923834510915e-08	0.0033022637114913	9.338811191340024e-05	1.0904945620232296e-05	8.721339446749765e-09	0.0	0.0	0.0	0.0
58.39187980654499	0.1353400941282672	3409.6116273419966	0.0183169410786482	63.57454314196199	0.4266147375701337	4041.722535709186	0.182000134312034	58.12192010102909	0.0106940285002394	0.0001143622455639	3378.1575962304096	62.45026851886978	45.25677919110586	0.889333	29.013363	0.078247533566463	0.0393116326009269	0.0372507407	-0.062058814	-0.0508108464	0.0223388442	-0.059932437	0.0565318837	0.0184786713	-0.0497719856	-0.0298502871	-0.078593912	-0.0283254113	-0.0642995131	0.053214562	-0.0884542685	0.0198787121	0.0212541954	0.0850840991	0.0878100772	-0.0572324352	0.1629592101	0.0434343616	0.158436714	0.0082680736	0.0187031831	0.1247622427	0.0021345299	-0.0419434733	-0.0134839182	0.1033356817	0.0486773693	0.0622133845	0.0420171954	-0.011263594	-0.0218221122	-0.0617905232	0.0418096625	0.0011008128	-0.036352557	-0.0223457969	-0.0511326956	0.041668522	0.1257414703	-0.1047897831	-0.0172568093	0.1078380341	0.0631182211	0.144929253	0.0168602964	0.0079181306	0.013132448	0.0763117866	0.0412170156	-0.0297190088	0.031114154	0.0482459745	-0.0048258907	-0.0645805926	0.0519511629	0.033701807	0.0103109271	0.1622971844	-0.0540355227	-0.0975424322	-0.0676288814	0.0116717384	0.0621051997	0.0522267973	0.0139134462	0.0486750669	-0.0081329334	-0.0708790517	0.0172236499	0.0446911806	-0.0412831016	0.0872803821	-0.011026677	-0.029445412	-0.0624611973	-0.0319786621	-0.0146012727	-0.0269481883	-0.0753131952	0.1374789077	0.0571791977	-0.0615262616	0.0874116941	-0.0636410671	-0.06185676	0.0685194844	-0.0506562088	0.1325331763	-0.0116568472	-0.020688286	-0.0052354889	-0.1205788644	0.0154401456	-0.0324771078	0.0183090743	-0.0230674582	0.0637084414	-0.0573867079	-0.0330433177	0.0179856469	-0.037602926	0.0010755053	-0.0572650904	-0.0315223755	-0.0702265138	-0.0324911975	-0.0047633536	-0.0263571489	0.0898573333	0.1009967737	0.0187506801	-0.0204987659	-0.0553133501	-0.1042477433	-0.0041523601	-0.0119401493	0.1458521944	0.0328704355	0.0278494952	0.0054500238	-0.0900741167	0.0357395586	0.045258147	0.0499238508	-0.0394756098	-0.1018964745	-0.1045266989	0.0062782887	0.0500468987	-0.0825052141	0.0856574441	0.0303075532	-0.1254768094	-0.008708364	0.0550913341	-0.1285069956	-0.1202017623	-0.0018602879	-0.0350418299	0.1195191512	0.0256929123	0.0520471539	0.1217659135	0.0606837505	-0.0141210267	0.0161735595	-0.0252309492	0.01568217	-0.09310987	-0.1304691903	-0.0560620139	0.020892719	0.0046703311	-0.0576337507	-0.1111933467	0.0285937954	0.137032434	-0.0508828764	-0.0004310301	0.1635479396	-0.0697327337	0.0743485011	0.0259686757	-0.0250986531	0.0571360693	-0.101823658	0.0230822723	0.0111919074	0.0315967805	0.0213020154	-0.0456158231	-0.0079166254	0.0419441714	0.0223905331	0.0019708184	-0.017777351	-0.0236601404	-0.0434478912	-0.1022804669	-0.0096916687	-0.0080852491	-0.0582408331	-0.0207021241	0.0150425458	-0.0083838201	0.0296461939	0.0411480904	-0.0013778896	0.008987921	-0.0060923011	-0.0142816389	0.0070124009	-0.0510985726	-0.0567343287	0.1057976105	-0.045267892	0.0	0.0	0.0888153382771861	0.0204899371391036	0.0078881643132909	0.0004198375239644	0.2175355949574395	7.657013198067442e-05	5.862985111537899e-09	0.0473217350734871	-0.1213994801670423	-0.0220401879532587	0.0004857698850149	0.014737833784828	0.0035840636045459	0.0001312464819171	1.7225639015615713e-08	1.284551192143055e-05	-0.0063148325728084	-0.0003959684379325	3.987711042260196e-05	1.5679100383870426e-07	0.0034878655584841	0.0001856018469927	1.2165206154059602e-05	3.4448045607138655e-08	0.0	0.0	0.0	0.0
58.55637917295563	0.164499366410638	3428.849541846952	0.0270600415495013	63.77517324433362	0.2006301023716332	4067.2727223447673	0.040252437977652	58.20890959078015	0.0869894897510619	0.0075671713271501	3388.2771557476176	62.56083679205001	45.42214050958323	0.890868	29.063442	0.1202534887276363	0.0682903988105224	0.0039842889	-0.0198987729	-0.0739116102	0.0214428639	-0.0558017288	-0.0150081858	0.0172241429	0.0132662147	0.0115950485	0.031381223	-0.0191073866	-0.0605253807	0.0420221554	-0.1299172577	0.1297534873	-0.0667769984	-0.0337371154	0.0643787573	0.046635322	0.0352542325	0.0387025305	0.0057552767	0.1520626841	-0.0312291635	0.0648683423	0.032338728	0.0481870596	0.0089465364	0.0298532726	-0.0491958147	-0.057528245	0.0043539964	-0.0130454254	-0.0164026559	-0.189154076	0.1716583857	-0.0095001174	-0.0219523005	-0.0055736889	0.0572523817	-0.0435254646	-0.0957957276	0.0308064567	0.0099578818	-0.0744553174	0.0324154186	0.0816367519	0.09854361	-0.0425650694	-0.0078932379	0.0433838302	-0.0469351214	0.0571842456	0.1072349995	0.1524710293	-0.0151285289	-0.0093682631	0.1166433704	-0.055520575	0.0023024361	-0.0341694565	-0.0249945738	0.0290509223	0.0497209814	-0.0025016123	0.0956921353	0.0891227171	0.045605256	0.1008656156	-0.1283903598	-0.1173345471	0.1049454146	-0.0996300497	0.0074052849	0.0030636014	0.0280362383	0.1779639098	0.0457621691	0.0283873087	-0.0628681626	-0.005942008	0.0131731351	-0.0058697035	-0.0959479379	-0.1076848425	-0.0106697847	-0.0795802393	0.0647854878	0.0155748241	0.0551289726	-0.0635674914	-0.1124554992	0.0332247071	-0.049044889	-0.139950794	0.0425910226	0.0826701559	-0.0206994504	-0.1159626998	-0.0784501034	-0.1066829129	-0.0313177788	-0.013335257	0.0166359918	-0.0034321936	0.0112824303	-0.0339759758	-0.0488174944	-0.0589927505	-0.0384168726	-0.0531621758	0.0214656678	0.1067508021	0.1391765938	-0.0762835135	0.0091779138	-0.1228591383	0.0373787313	0.0018565189	0.1053761846	0.0288102723	0.0614367108	-0.0038121035	-0.0768924449	0.0936188189	-0.0199212821	0.1261036784	-0.0839643773	-0.0726570999	-0.1176268277	0.0212446637	-0.0321993992	-0.0685582065	0.1026271123	0.0408012337	-0.0379737034	0.0213297785	0.0435571861	-0.030811014	-0.044339744	0.0761026031	-0.0941355429	0.0251410385	0.019874938	-0.0152829836	0.0459448797	0.0632873985	-0.0507920347	0.0461342407	0.0294213697	-0.051789527	0.0097480066	-0.0571794083	-0.0593557671	-0.0702505212	-0.0050174694	0.0169598829	-0.0091434099	-0.0583339595	-0.0865489887	0.0941568541	-0.0099393439	-0.0573835113	0.0757017269	-0.096208484	-0.0364975776	0.0329430771	-0.00024308	0.0434911205	-0.0016161025	-0.0531621527	0.0016165191	0.0125580084	-0.0273576265	-0.0125895903	0.0630423888	-0.0020040559	0.0100899952	0.0216657364	-0.002828393	-0.0931560752	-0.0419889324	0.00764117	-0.095612675	0.1076392465	0.0231000938	0.0087740994	0.0628962273	0.0932530006	-0.0077309361	0.0034778964	0.0533769213	-0.039678547	0.0734728232	0.0481015932	-0.0527296337	-0.0535390365	0.1059956606	-0.0519161246	0.0	0.0	0.083245748421973	-0.005569589855213	0.0069298546303344	3.102033115529262e-05	0.2353724708528233	0.0178368758953838	0.0003181541417073	0.0554002000353631	-0.1564094379789367	-0.0350099578118943	0.0012256971459906	0.0244639122888868	0.0046638486017162	0.0010797849971703	1.165935640114065e-06	2.175148377973016e-05	-0.0061639429509969	0.0001508896218115	3.7994192703144365e-05	2.2767677970417572e-08	0.0034939322428052	6.066684321100104e-06	1.2207562517313774e-05	3.680465865188184e-11	0.0	0.0	0.0	0.0
58.64473728450311	0.0883581115474783	3439.205211168389	0.0078071558762366	64.00440629402598	0.2292330496923611	4096.564025050753	0.0525477910712605	58.204159065644205	-0.0047505251359467	2.2567489067261972e-05	3387.7241325388127	62.62516963775084	45.755298517943686	0.917943	29.946712	0.1198894377986472	0.0594115433481403	0.0547750932	-0.063725732	-0.1140709363	0.0803425339	-0.005299731	-0.0622445721	-0.0294669089	0.0509072577	-0.02083515	0.0425237044	0.0170537934	-0.1069409681	0.0460258476	-0.0702179757	0.125279292	-0.090008833	-0.0100934757	0.0884161014	0.0803992931	-0.0316715424	-0.0583059688	-0.0104794101	0.1477619031	0.0184568232	-0.0185648618	-0.0259493068	-0.0092390721	-0.0782573887	0.1176862675	-0.0606317525	-0.0449138142	0.1247243035	-0.0289831584	0.1130363395	0.1101192848	0.1650981584	-0.0660063544	0.0098418221	0.0240335275	-0.1189547637	-0.0093224119	0.0358429369	-0.0475874801	0.0521676801	-0.0959175784	-0.0224372135	-0.0463330457	0.0362401382	-0.0492240672	-0.0173337971	-0.0240926969	0.050110384	-0.0243219277	-0.036537184	0.1642495157	0.0182905407	0.0663446085	0.0590130043	0.0925032743	-0.0334481352	0.1512236357	-0.0443967834	0.0649168161	0.0701154808	0.1273498036	0.0023969266	0.0737453822	0.0116729655	-0.1089858385	-0.1069898532	0.0328465589	0.1082645783	0.0845723989	-0.0630580381	0.021031939	-0.0891472841	-0.1289637918	0.0677692632	-0.0339295077	-0.0266063903	0.0463842464	-0.0594788335	-0.0006720326	-0.0297842044	0.0805515239	-0.0578039117	-0.0048774324	0.02759623	0.0476687016	-0.0859679377	0.1071151518	0.0630576333	0.0153544454	0.0682547253	0.0613118131	-0.0267850241	0.089267527	-0.0518305755	-0.0776528413	-0.0519412007	0.0723469954	-0.0242393461	0.01366474	0.0154268616	-0.0237580535	0.0494197708	0.0096339084	-0.0669682872	-0.0621860099	-0.0579928658	-0.0209120568	0.0329401097	0.0680484359	0.0323352842	-0.1640296345	0.0990252918	-0.1004366325	0.0056376899	-0.0948845978	0.0926586435	0.0394977007	0.0309367795	-0.0155162282	-0.0708122079	0.1001507406	-0.0454884182	0.0291067688	-0.0959731024	-0.0949561912	-0.0519353348	-0.0020885407	0.0197852575	-0.0322989825	0.0780931045	-0.010105524	-0.0946067374	0.1036753865	-0.0886546733	0.1542647569	-0.0359414667	-0.0430175664	-0.1164162358	0.0679144747	-0.0288387122	0.0199079759	-0.0697652493	0.0335440137	0.0365463624	-0.0159325873	-0.0035649786	-0.0857017446	-0.030440765	0.0300744664	-0.0453755406	0.0298457947	-0.074597466	0.019772325	0.0002872703	-0.0787118034	-0.0846338673	-0.0023813779	-0.0295532431	0.101813465	0.0322445755	-0.0607340411	-0.0311635327	0.085100126	0.0585866288	0.0105973093	0.0264923388	0.0041315607	0.0346414779	0.0001221007	-0.0061595803	-0.0430994096	0.1118370149	0.0544871808	-0.0977181552	0.0429945076	0.0004426462	-0.114708478	-0.0134690213	-0.1319412119	-0.1058815557	-0.0459071819	0.049284077	-0.0334537352	-0.0491842369	0.1206035416	0.0069430062	0.0437956123	0.1284734519	-0.0052548212	0.0768944684	0.04395496	-0.0543442699	-0.0502770413	0.1058966202	-0.0583057138	0.0	0.0	0.1216800718124631	0.03843432339049	0.0148060398762861	0.0014771972144847	0.2341977293475423	-0.001174741505281	1.380017604229913e-06	0.0548485764315446	-0.1259091289357456	0.030500309043191	0.0009302688517301	0.0158531087493582	0.0040871267210916	-0.0005767218806246	3.326081275911762e-07	1.670460483426097e-05	-0.0061645937244632	-6.507734663001655e-07	3.800221578769107e-05	4.2350610444033264e-13	0.003912160865908	0.0004182286231028	1.5305002640742036e-05	1.7491518118246426e-07	0.0	0.0	0.0	0.0
58.56738736602054	-0.0773499184825681	3430.1388628815025	0.0059830098892599	63.70304477244541	-0.3013615215805743	4058.077913280185	0.0908187666893589	58.242707196586686	0.0385481309424804	0.0014859583991586	3392.2129415873305	62.57078400608871	45.94964994600409	0.965955	31.513062	0.0951626833176542	0.0451442794383209	-0.007375789	0.0134405604	-0.0515154157	-0.0406764033	-0.1106453054	-0.0211897053	0.0395512756	0.0161666568	0.0264993251	0.0482527849	0.0517284426	-0.1559649248	-0.007273439	-0.0478427656	0.08104103	-0.0197478132	-0.066299506	0.0149234426	0.024661568	0.0171198915	0.1369399149	-0.044350611	0.1694325552	0.010123509	-0.1324722114	0.0851172901	0.0776991758	0.1678821138	-0.0525659764	-0.0470562506	-0.0838127955	-0.0136595475	0.0936716982	-0.0007739991	-0.0776400275	-0.0182034701	-0.1131201417	0.0228988662	-0.0138465264	0.1502746732	-0.0098926715	-0.0534263247	0.0634837392	-0.099044723	0.0176589947	0.1018164077	0.0666942386	0.1453535151	0.027150506	-0.0266669787	-0.1074003975	0.0256074021	-0.0539890078	-0.0407212175	-0.0676214094	-0.2017525126	-0.0058958044	0.0370500436	0.1235573041	-0.0480550929	-0.0269746548	0.0717290215	0.1625845814	-0.0530744711	0.0452843974	0.054347583	0.0500519398	0.0110768903	0.0459488895	-0.0606439571	0.1423020975	-0.043593304	-0.0879281224	0.1239076518	0.0671656324	0.0705810739	0.0301938691	0.0366628502	0.0221801227	0.1197066279	-0.0046446497	-0.0669830861	0.0298808899	-0.0376148734	0.0381262235	0.0687842587	0.1330603619	-0.0449287458	-0.0501688162	0.1227688289	-0.0279112316	-0.0638330261	0.0226450918	0.0440992271	-0.0072295175	0.0441749913	-0.0906687181	-0.019828304	0.0613567568	-0.0189404962	0.0850612674	-0.0078957736	-0.0037059523	0.0049356345	0.0016359757	0.0286740896	-0.031638856	-0.0295478803	-0.0291413359	-0.0737343046	-0.1034570856	-0.0651385608	-0.0514153457	0.1101021292	-0.0235703747	0.0080537571	-0.067161555	0.0136869558	0.0123520242	-0.0164301066	0.0416709606	-0.0071728709	-0.0112457894	-0.0593013798	0.0829976267	-0.0578801799	-0.0203584614	-0.085321769	-0.0349775679	-0.0259798368	0.0078744669	0.0074851403	0.1043655903	-0.050207739	-0.0260021539	0.0870942218	0.0975267909	0.0234691567	0.0387957937	-0.0637750492	-0.0063724793	-0.0525881733	-0.0193098634	0.1635699648	0.0473370618	-0.0505552905	-0.0679243415	-0.0043740701	-0.0798925299	0.1137057689	-0.2117766154	-0.0006133506	-0.0284335123	0.0252129874	0.0159872331	0.080572155	-0.0598464384	0.1256131508	0.0218022507	0.0229598974	-0.0289422099	0.0279061649	0.0531353086	0.0015971168	-0.0263966922	0.0634383751	-0.0310241093	-0.1363969075	0.0469153203	0.0772681731	0.0117791585	0.008064046	0.0169840835	-0.0224277193	0.0153480272	-0.0081493811	-0.0384058903	0.0272970478	-0.0166466896	0.0579492733	-0.0948347588	-0.0643747873	-0.0016896852	-0.1055150914	0.0606380685	0.0311354462	-0.0242421063	0.0555835687	0.0442834163	0.0250461192	-0.0671978663	0.0656247484	-0.0783240003	-0.0149113961	-0.0314980158	-0.0559419782	-0.0469524072	0.1055007667	-0.0644048267	0.0	0.0	0.0963789438001896	-0.0253011280122734	0.0092889008080401	0.0006401470786934	0.2333166129737236	-0.0008811163738186	7.763660642113897e-07	0.0544366418895303	-0.1348219022647327	-0.0089127733289871	7.94375284139038e-05	0.0181769453302811	0.003502131621221	-0.0005849950998705	3.422192668726129e-07	1.2264925892356029e-05	-0.0063559749438337	-0.0001913812193705	4.03984174866418e-05	3.662677112773948e-08	0.0034871838730976	-0.0004249769928104	1.2160451364791978e-05	1.806054444181711e-07	0.0	0.0	0.0	0.0
58.524795897209536	-0.042591468811004	3425.151734810034	0.0018140332154787	63.6229316159674	-0.0801131564780064	4047.8774274100647	0.0064181178408695	58.2770485707137	0.0343413741270168	0.0011793299769317	3396.214390113324	62.53952012939879	45.8152006396504	0.920837	30.041126	0.0840782438394672	0.0431577513947369	0.0018590744	-0.0351256019	-0.0169762589	0.0170085443	-0.1124963923	0.0238851112	0.007239916	-0.0567394762	0.0457641657	-0.045917744	-0.0369245772	-0.026786834	-0.0600099605	0.0021413541	-0.0370539866	0.1309068574	0.0883272174	-0.1083253243	0.0123725655	0.0142023855	0.0905113927	-0.0167037011	0.0068734696	0.0145773792	0.0027433821	0.0969518884	0.1056718984	0.0999470602	0.0022722367	-0.1012153909	-0.0010246452	0.1195270716	-0.0841745412	-0.0784972923	0.0922063212	-0.0175087254	-0.0309625935	0.1128792938	-0.0740785359	-0.0085991957	-0.0718701594	-0.0094567627	0.0315962403	0.0006007595	0.0405324512	-0.0136993761	-0.1102990166	0.0456863576	0.0091834658	0.0457778629	-0.0490260377	0.1367946734	-0.0679114368	-0.1332681703	0.0242247268	0.0161514441	0.0169488053	0.0889539664	0.1132425359	-0.0935630612	0.0795831957	-0.0468527467	-0.064364451	0.1141003897	-0.0136844033	-0.0235222049	0.0280905018	-0.1278224558	0.0010914845	0.133276144	0.0002272824	-0.0083629494	-0.1683103342	0.0669237804	-0.0553027206	0.0336594009	-0.0090148184	-0.0811156965	-0.0110952939	-0.0973103414	-0.0073397169	-0.1231714889	-0.0125725618	0.0996513942	-0.0601832991	0.0633027143	-0.1139962883	-0.1013486223	0.0539888251	0.0008119607	0.0121357192	-0.0406529947	-0.0347202114	-0.0075085791	0.0646789806	-0.0499463294	0.0196820253	-0.0273511235	-0.0121174088	0.0294073958	-0.0115723531	-0.1091569168	0.0056530082	-0.0319605389	0.0091952806	-0.0081094414	0.0309015393	-0.0759076368	0.0029491734	-0.0279510046	-0.0556056258	0.0300732435	-0.0999286633	-0.0416962328	-0.0594776763	-0.0267915917	-0.0402401948	0.0127775814	0.0498610862	-0.0698489847	0.0226497274	0.0416831105	-0.1133299973	-0.0890717557	0.0366653376	-0.0272603722	-0.0871744885	-0.0634354788	0.0248792401	-0.0853952178	0.0273624253	-0.1353162272	0.0695704378	0.0213894928	-0.0327192819	0.0371270389	0.0440016334	-0.0085383882	0.0480204571	-0.0756305966	0.0727897246	-0.0582390499	0.0938826468	-0.035744945	0.0104856532	0.023132193	-0.0696308747	0.0548300503	-0.0006302338	0.0778171949	0.0573055329	0.015862442	-0.0969897827	0.0411806568	0.0023297295	0.1241700856	-0.1339533377	-0.0133915723	-0.0676085805	-0.0393812394	0.0118775026	0.0377399205	-0.0944464275	0.0511617926	0.1657185619	-0.045606559	0.0883101649	-0.0308636213	0.0997578935	-0.0574439839	-0.0154124017	0.0044394701	0.0170879656	-0.051046812	0.0080625456	-0.0010704951	-0.0336463188	0.0007439292	0.0128031698	0.0408529484	-0.0113400676	-0.1491763484	0.0113129345	0.0782616025	0.0597580089	-0.0455350036	-0.0285387687	-0.0309099633	0.062231225	-0.0576903568	0.0502461202	0.0475097629	-0.0522615597	-0.0442677347	-0.0351395146	-0.057522261	-0.0435692762	0.1048092098	-0.0701830781	0.0	0.0	0.0619830357164516	-0.034395908083738	0.0038418967166269	0.0011830784929049	0.2317120246064377	-0.0016045883672859	2.5747038284292755e-06	0.0536904623472143	-0.1295006318410543	0.0053212704236784	2.831591892191465e-05	0.0167704136472322	0.0031802291571582	-0.0003219024640627	1.0362119636970204e-07	1.0113857492039156e-05	-0.0061700771159471	0.0001858978278865	3.8069851616734086e-05	3.4558002412955784e-08	0.0031398546257517	-0.0003473292473458	9.858687070854349e-06	1.2063760606186924e-07	0.0	0.0	0.0	0.0
58.51852556386024	-0.006270333349299	3424.417834168164	3.9317080311331854e-05	63.61207415040889	-0.0108574655585158	4046.4959777171184	0.0001178845583543	58.28398874450584	0.0069401737921381	4.816601226508168e-05	3397.0233439696835	62.56248083607306	45.74970244340614	0.8874729999999998	28.952688	0.0323034314458727	0.0145855554360113	0.0255882102	-0.0615528875	0.0089666823	0.0185854797	-0.0826655025	0.0696346007	-0.0233335537	-0.0656194204	0.0329211492	-0.0578082926	-0.0413794643	-0.1029132655	0.0117595508	0.0388740238	0.0050298114	-0.0627874553	0.0080983225	0.0264299492	0.1265270836	-0.0908034297	-0.0203357827	0.0944216719	-0.1072898219	0.0548976529	-0.0464592902	0.0333606773	-0.0318568226	0.0869873831	-0.0127037318	-0.0802000243	0.086943383	-0.0160219856	0.1049318873	-0.0199933347	0.1172000073	-0.0511207958	0.0629878755	-0.0700040396	0.1676239737	0.0464972075	-0.0129338926	-0.0604730985	0.0578695995	0.0865787323	-0.0358668292	0.026983995	0.0554635119	-0.0511956458	-0.1324134114	-0.0396009227	0.0126552494	-0.0824092502	-0.0141828808	-0.0454586962	-0.0472653641	-0.0764366136	0.0851262332	0.0110922251	-0.0275597064	-0.0623059482	-0.0486819414	0.163330244	0.019423521	0.0557855798	-0.0260187871	0.09416824	0.0226112906	0.0731832346	0.0619825681	0.0099972761	0.0632266611	0.0323315137	0.031987786	0.0667467568	-0.0710724218	0.1468583405	0.1248457172	-0.1059372832	-0.0515608591	0.0578684701	0.0085804753	0.1694571487	0.07351783	0.1144462429	0.1827413207	0.0555298442	-0.0740703902	0.1120528751	0.067206478	-0.117751381	0.0003046935	-0.0102859893	0.1187289998	-0.0551206918	0.0560265774	0.0608562364	0.0866859914	-0.1560418114	-0.0085381556	0.0840258779	-0.0157192397	0.1368300893	0.031522768	-0.038214549	-0.0092722722	0.0094032914	0.0442669595	-0.0300479105	-0.0347997374	-0.0147387979	0.0482068156	-0.0045780292	-0.0175659386	-0.0217202233	0.0429116869	0.0102744599	-0.0512341661	-0.0459547141	0.0342989389	0.0130228241	0.0895907589	-0.0166876163	-0.0151497045	-0.0856491817	-0.0073182418	-0.0497442569	-0.121468653	-0.0143668406	0.0813454118	0.0027594235	-0.045735482	-0.0526658352	0.0738058986	-0.0914296259	-0.0212424062	0.0224438358	0.0587384375	0.0508667229	0.1297130604	0.0396350712	0.0976031705	-0.0090046142	0.0413033694	0.0654027917	-0.0064654942	0.0053643392	0.0022314453	0.0159123689	0.0681868078	-0.103581908	0.0719701755	0.0389160974	-0.0136911704	0.0806714766	0.034804201	0.0404568308	0.0098574869	0.0786860477	0.0987057427	-0.0702473796	-0.0691211844	0.0997426208	-0.0629233806	0.0332938362	0.0578429633	0.0391611754	0.0893749651	-0.0148162095	0.0849123465	-0.0672582236	0.0412738582	0.0237442606	0.023555316	-0.0408469308	-0.0319240024	-0.0063461044	0.0224512961	0.0144617171	0.0278867692	-0.019944706	0.0601319811	-0.086715213	0.00908472	-0.0152008735	-0.0701229805	0.0055478931	0.0164329497	-0.0029908567	0.0183900613	0.0555791058	0.0746857321	0.0096215419	0.007224914	-0.0009465811	-0.0072237501	-0.059084626	-0.0401318633	0.1038238878	-0.0756116809	0.0	0.0	0.0717645875487136	0.0097815518322619	0.0051501560260369	9.5678756247228e-05	0.2393410243179943	0.0076289997115566	5.820163659893094e-05	0.0572841259215867	-0.1240090665771802	0.005491565263874	3.0157289047388536e-05	0.0153782485933435	0.003119617444674	-6.061171248420002e-05	3.6737796902673292e-09	9.732013001114338e-06	-0.0061699761381805	1.009777666005976e-07	3.806860554571676e-05	1.0196509347644763e-14	0.0032671682282645	0.0001273136025128	1.0674388231780992e-05	1.6208753384787252e-08	0.0	0.0	0.0	0.0
58.49058021965613	-0.0279453442041059	3421.147974432029	0.0007809422626859	63.4547635789524	-0.1573105714564846	4026.507020860744	0.0247466158919657	58.08271653489104	-0.2012722096147996	0.0405105023632238	3373.6019600725053	62.504366674707725	45.842542514488514	0.913982	29.817499	0.0975556679832932	0.051283097204728	0.0460705995	-0.0227553683	0.0527786245	-0.0591341453	0.0285734413	0.0781802204	0.0343182665	-0.0637781877	-0.0423545448	0.0022850727	0.0013123389	-0.0172372671	-0.0372740148	0.0007450366	-0.0876824627	-0.1019274353	-0.0050451047	-0.0418088045	0.0554092996	-0.0239421783	0.061652046	0.0665619136	0.1088974626	-0.1107083316	0.0227705367	0.1320940468	-0.1021512906	-0.053047604	-0.0154757105	0.0730884179	-0.0946097136	-0.0678496001	-0.0619952694	-0.0639977321	0.11403271	-0.0536016591	0.0759583445	-0.0971163964	0.1427724586	0.0095986641	-0.023260953	-0.0200973916	0.0214039619	-0.0406336685	0.1521086156	0.029162875	0.073279341	0.0126589061	-0.2800798635	0.1172444701	-0.0010528521	-0.0230847996	0.0092533981	0.0298088681	-0.0193134368	0.0349081021	-0.0065187086	0.093207869	0.1052444264	0.1631591266	-0.1784059337	0.0255157813	-0.0663004018	-0.0138991977	-0.0476039146	-0.0476476395	-0.0137441056	0.0995065093	-0.0360206	0.0265455541	0.0576214047	-0.0815080685	0.0454178234	-0.0957870924	-0.0344644092	0.0662856461	-0.0446958485	-0.0693818148	0.0067111758	-0.0856560793	0.0895697574	0.0495996753	-0.1370852731	-0.0758801367	0.0248451937	0.0214525772	-0.0048726865	-0.089843789	-0.0205561686	0.0437428511	-0.1662511398	0.1123033923	0.0367490047	-0.0095622207	-0.0612225354	-0.0419547314	0.0015050102	-0.1506156253	-0.0191538548	-0.0279741618	0.0596699892	-0.088176535	0.0512828728	-0.03898942	0.0019790991	-0.0093916886	0.0286289039	0.0419714439	0.0073658771	0.0837247626	0.0242915427	-0.0901978962	0.0331553676	0.0261132948	0.0994841896	0.0965411363	-0.0252600599	-0.0167770425	0.0318890822	0.0134066243	0.1231280045	-0.0547299423	0.0509576154	0.0345077456	0.049553631	-0.0965705005	-0.0937113955	0.0096804124	0.0635793659	-0.0129366938	-0.0771542594	-0.0599405979	0.0313988081	-0.1301717921	0.0225484996	0.0006038063	0.0569341998	0.069858846	0.0096419769	-0.04153489	0.1469788831	-0.0408986665	-0.068178802	0.0525178812	0.0762340645	0.1235377046	0.0461277749	-0.0391549453	-0.0438707323	0.0293112488	0.11027361	-0.0576073195	0.0267990765	0.0358901493	0.1216088379	0.0493362272	0.0464998833	-0.0009091484	-0.0399248975	0.0423821883	0.0459668097	0.0348969015	-0.1569493937	-0.0812954763	-0.0488803153	0.0594739243	-0.0457688051	-0.1799229633	0.0373381786	-0.0343121997	-0.0316100521	0.0413251965	0.0112682505	-0.0428726173	-0.0230096591	-0.0477992577	-0.0037457624	0.0412836176	-0.0556538762	-0.0306047313	0.0484436041	0.0191119155	0.0507388211	-0.0692015705	-0.0468622157	-0.0241460039	-0.0004425882	0.0411889385	0.0072441172	0.0485303852	-0.05098811	0.0004840336	0.0487511524	0.0063985568	-0.0436325186	-0.0606285865	-0.0366444511	0.1025475623	-0.0806635902	0.0	0.0	0.07209589879551	0.0003313112467964	0.0051978186231324	1.0976714225378743e-07	0.2233246111995726	-0.0160164131184217	0.0002565254891799	0.0498738819674402	-0.0834640981843151	0.040544968392865	0.0016438944619784	0.0069662556857209	0.0027293370080463	-0.0003902804366277	1.5231881921430845e-07	7.449280503491128e-06	-0.0065770997423455	-0.0004071236041649	4.325824102076124e-05	1.6574962906829949e-07	0.003283023691976	1.5855463711499703e-05	1.0778244562075726e-05	2.5139572950668394e-10	0.0	0.0	0.0	0.0
58.53123532132511	0.0406551016689817	3425.9055082403365	0.0016528372917152	63.67837092525644	0.2236073463040355	4054.934923694545	0.0500002453211328	58.17432127402737	0.0916047391363292	0.0083914282322349	3384.251655693753	62.54202948275799	46.184550739746015	0.911583	29.739227	0.0994544073670955	0.0560039035249863	0.0274504297	0.0534865274	0.0226886531	-0.1110826052	0.0927266747	-0.007926472	-0.0038130961	-0.0779366963	-0.0557963469	0.0657790371	0.0287069747	0.0264237586	0.0624741088	0.0229031231	-0.1606480743	-0.0645240497	0.0938283056	0.0752406212	0.0523586817	0.0317869736	0.1316914522	-0.0005785204	-0.0802675777	0.0925794462	-0.0415295419	0.0587352376	-0.008608632	-0.0090877398	-0.0298455319	0.020434641	0.0258741557	-0.1136289567	-0.0642213544	-0.0308381801	-0.0650502515	0.0593144485	-0.0574979297	0.0925975291	-0.0342798768	-0.0951446195	0.0043347625	-0.0662704482	0.0916198152	0.0391432858	-0.0712348928	-0.0562762758	0.1045433006	-0.0632605735	-0.0461818281	0.0230539027	0.0372504035	-0.0052812692	-0.0057057523	0.012895587	-0.1101166069	0.0114049908	-0.1010543243	0.0160822282	0.0505806475	-0.0595545486	-0.0116267523	-0.0305062014	-0.0964168753	0.0316217458	0.0138489457	-0.033046955	-0.0471547507	-0.1154663084	0.1386067462	-0.1721935175	-0.0271850561	-0.049399831	-0.1162288896	-0.0021684398	-0.0097151168	-0.008244453	-0.1331636394	-0.022719116	0.0212058645	0.0438173255	0.0452853506	0.0575431101	0.0630342492	0.0053035891	-0.0321263167	-0.052596212	0.0486827439	0.1259083547	-0.0739931114	-0.0621488741	-0.0930082137	0.0419142346	0.1421642937	0.085739205	0.0053835955	-0.0141590439	0.0581077251	0.0499601152	-0.1003524078	0.118719273	0.1206599202	-0.1431667783	0.0368563945	-0.01966135	0.0023234054	0.0110865232	-0.0251183352	0.1096130138	0.0549460641	0.0357106748	0.0080510482	-0.0962630047	0.0547864494	0.0751961914	0.0609767783	0.0912035663	-0.0224351506	-0.0182154231	0.0530342415	-0.0855727443	0.0845430454	-0.04778466	-0.0759080329	0.043329823	0.0115382462	-0.056215891	-0.0885016498	0.0235830526	0.0050073567	-0.0721576959	-0.1005222018	-0.1426331745	0.0298988622	0.0286737553	0.0897671233	0.0852901681	0.0005769592	0.0500023364	-0.0397779321	0.0445178518	0.1118308309	-0.0178930186	0.0321953884	0.0232319109	-0.0553376715	-0.091491427	-0.0720289427	-0.0868566352	-0.0542067998	-0.0513873744	0.053287539	-0.0569708516	0.08191952	0.0320913151	0.0580491443	0.019878714	-0.0312247072	0.001362603	0.0617358862	0.025591622	0.0120751188	0.0955207484	-0.0912536785	-0.0298005663	-0.2467415105	0.0562609776	-0.1514419771	-0.0738061492	-0.002957159	0.0294190185	-0.0271819527	0.0259594379	0.0024753531	-0.0001216115	0.029240801	-0.0400878722	0.0099855234	-0.0520858931	-0.0752133664	-0.0432593632	0.0183423857	0.087819139	0.0609130983	-0.0502362928	0.0775382951	0.0066151005	-0.0666802558	0.1239189485	0.0501822774	-0.0136129299	-0.0144182085	-0.0043135441	0.0243600227	0.0225652078	-0.0238395107	-0.0621536617	-0.0331113845	0.1009838109	-0.0853136375	0.0	0.0	0.0724308692676629	0.0003349704721529	0.0052462308228692	1.1220521721433943e-07	0.2271906414207336	0.003866030221161	1.4946189670930375e-05	0.0516155875491643	-0.1303898947597517	-0.0469257965754366	0.0022020303842392	0.0170015246554591	0.0030128736478914	0.0002835366398451	8.039302613465002e-08	9.07740761815843e-06	-0.0064393176949826	0.0001377820473628	4.146481237691602e-05	1.8983892575512296e-08	0.0038282572067349	0.0005452335147589	1.4655553240917696e-05	2.972795856163437e-07	0.0	0.0	0.0	0.0
58.701153317761	0.1699179964358848	3445.825400835283	0.0288721255127853	64.1013367098763	0.4229657846198691	4108.981367992936	0.1789000549591015	58.20645507849777	0.0321338044703978	0.0010325813897417	3387.9914128051787	62.66797957588046	46.59617579084118	1.014653	33.101761	0.1159827699794739	0.058492305643889	-0.0139940145	0.0082051464	0.1395124159	-0.0244363388	-0.0206611566	-0.0076388101	-0.1174160411	0.0096044769	0.0031803928	-0.0051962248	-0.06491781	-0.0546237126	-0.0016404732	-0.0106153438	-0.1110871616	0.0594888903	0.0494716921	0.0452125612	0.163596906	-0.0881494362	0.0333400664	0.1174295999	-0.0618673077	0.0433974639	-0.0349197223	0.0948669522	-0.011835814	0.0366459755	0.0268181243	0.1208544077	-0.1050857181	-0.0361553982	0.0023788685	0.0495795763	0.1333677238	0.0316189993	0.0508177175	-0.0456397501	-0.1246102946	-0.0102442417	-0.0809912153	-0.0796762285	-0.0500832154	0.0494014088	0.0348990959	-0.0063592732	0.0302899003	0.0620919399	0.088684379	-0.0269723071	-0.14886376	0.0989077529	-0.052194022	0.1217541447	0.0638061797	-0.0723529983	0.0336352643	-0.1515477273	-0.0771218501	-0.1336277873	-0.0272288992	0.0335179027	0.0166884044	0.0259876147	0.0470240966	-0.0519209978	-0.0442302634	-0.0070818713	-0.0015053618	-0.0351587407	-0.0665785395	0.0678798347	-0.1014232313	-0.0185971358	-0.017817246	0.0802296113	-0.037019679	0.0035165877	0.059669661	-0.0264571532	-0.0361336083	0.0553290293	-0.0889161393	-0.0849969102	0.1374202382	0.0233681506	-0.0361431605	0.0553587606	-0.0255857555	-0.054747302	-0.0884298988	0.0145883089	-0.0609969682	0.0443680909	-0.0329797813	0.0116365825	0.0885609788	-0.0354511812	0.108989433	0.1135913067	-0.0486386073	0.0486654196	-0.0100343562	-0.0394268911	-0.0324580518	0.1184044919	0.0746573964	0.0362084769	-0.0357723823	0.0358103776	-0.0359418699	0.0466438481	0.0137857842	-0.0467854594	0.0550170323	0.0991507157	-0.0263826762	-0.1034352977	-0.072637993	-0.0089066982	0.1087107241	0.0083557459	-0.0485963684	-0.0507461148	-0.0438193997	-0.0502869355	-0.1028233271	-0.0075484235	0.0357233596	0.0472494338	0.0041584514	0.0364595429	0.1017726732	-0.1117345498	0.0161533443	0.0386856944	-0.0494744626	0.0015914955	-0.0336917139	0.1101257312	0.036404015	0.0794578239	0.0299862465	-0.0877360882	0.0498074582	-0.1035822143	0.0353800709	-0.0395170277	0.0227868726	0.0817351633	0.0152453107	-0.0718899883	0.071784025	-0.0157175126	-0.1208123694	-0.1025693115	-0.1276058858	-0.0536954153	-0.0523613556	0.1508436399	0.1094071269	0.1261451234	-0.0087667718	0.0377337656	-0.1902042055	-0.0411725642	0.0248566339	0.0458903406	-0.0474981218	0.1028610882	-0.0429987565	-0.0119194869	0.0320129798	-0.0300098267	-0.0111021984	-0.0832237678	0.0248691122	0.0204704604	0.0516268697	0.0663229739	0.0162608437	-0.0032367376	-0.0792702035	0.0028413269	-0.0576499033	-0.0217173605	0.0874706651	0.0767039195	-0.0376793618	-0.0076108291	0.0755662111	-0.1297786441	-0.0767840602	-0.0062824569	-0.0017330948	-0.0636593764	-0.0295370653	0.0991370163	-0.0895386565	0.0	0.0	0.0714532195457167	-0.0009776497219461	0.0051055625834483	9.55798978821471e-07	0.1912629176884053	-0.0359277237323283	0.0012908013325865	0.0365815036826817	-0.1324488477272112	-0.0020589529674594	4.239287322210183e-06	0.0175426972642659	0.0025752420519629	-0.0004376315959285	1.91521413754926e-07	6.631871626198087e-06	-0.0058397780394188	0.0005995396555637	3.410300754967809e-05	3.594477985935599e-07	0.0033250595870724	-0.0005031976196625	1.105602125758208e-05	2.532078444340061e-07	0.0	0.0	0.0	0.0
58.69649844128	-0.0046548764809983	3445.278929267185	2.1667875053351883e-05	64.03683062622375	-0.0645060836525601	4100.715676651667	0.004161034828191	58.22197678966709	0.0155217111693204	0.0002409235176238	3389.798581296533	62.68274221423758	46.702320030451325	0.959814	31.312723	0.1552294379463509	0.0957079006056426	-0.021577894	-0.0128616724	0.0888681859	0.0241031468	-0.1015808227	-0.0353920708	-0.120077686	0.0112013108	0.006230416	-0.0380445209	-0.0613384805	-0.0192579585	0.0265771165	0.0210397568	-0.00315432	-0.0199947728	0.0102174119	0.0267079526	0.056821184	-0.0029423119	0.0514965591	0.0297074221	-0.0196335684	0.1040693641	0.0171920377	0.0542918593	-0.0716811708	0.0169604306	0.0942914331	0.0288995764	-0.014157184	0.0044064856	-0.094954478	-0.0307693223	0.0047767203	0.1328909282	-0.0548257903	-0.1145506891	0.0421754626	-0.1109453425	0.0323087451	-0.0043248568	0.0153626759	-0.0382971231	0.018804579	0.0104152514	-0.0644593218	-0.0691052892	0.0941649162	-0.0091784559	0.0147560401	-0.0187890599	-0.0674878505	0.0143546141	-0.0808870897	-0.056579433	-0.0223536086	0.0343690857	-0.0139416256	-0.0122312732	-0.047925792	0.01779322	-0.0550481961	0.0967312402	0.1062001757	0.0066262309	0.0625890824	0.0430166912	-0.1366269022	0.0392606283	0.0256879815	-0.0327196273	-0.0358819211	-0.0626912242	0.163806989	-0.0109120335	-0.0608127954	-0.0437903869	-0.0139247611	-0.0274430333	0.0035386881	0.0223498907	0.0741917051	0.0313995044	0.0897544067	-0.0770688487	-0.0355510527	-0.0070074537	0.0630215548	0.0194459045	-0.0332107721	-0.0568135564	0.0003945124	-0.0196767298	0.1406181859	-0.1567820885	-0.0346775088	0.0222501383	0.0438025343	-0.060016651	0.0421202609	0.0508290241	-0.0233518773	-0.0379959573	-0.0265215481	0.1332342832	0.0688429023	-0.0371757409	0.009868628	-0.0585114856	-0.0676196242	0.0041693002	0.0045523867	0.1170306774	0.0065249691	0.0336510069	0.0248550822	-0.0836503002	-0.0199460192	-0.1028854767	0.0165779891	-0.014549898	-0.0426460347	-0.0367161092	-0.0149830748	-0.0288718671	0.0047741125	0.0409657831	0.0558743966	-0.0508503349	-0.0330675639	0.0499097199	0.0799822904	0.1029864929	-0.0045804686	-0.068234286	-0.0435408121	0.0140385988	-0.0505150341	-0.1753387832	0.0130600037	0.0388769534	-0.0064786056	-0.0103827638	-0.1151795756	-0.0030508566	-0.1197126684	-0.0328184089	0.0325702306	-0.0070630268	-0.037825063	-0.0884673669	-0.0047290246	-0.0325787477	0.0578057493	-0.0062696427	-0.04940467	-0.0459738255	-0.0489595568	-0.0809076929	0.047052847	0.0747743551	0.0426548646	0.0123164155	-0.0326606607	-0.0343444131	0.0232072343	0.0694179334	-0.1246080759	-0.019716494	0.023290382	-0.033484124	0.0160968107	-0.045574508	0.0316035117	-0.0245403058	0.052786742	0.0565453634	0.1296029114	0.0288018663	-0.0523456396	0.0128421893	0.0129870929	-0.0410317442	0.0962523478	-0.0137145715	-0.041773999	0.083190375	-0.0240310327	0.0065516333	0.0169736624	-0.0162762193	-0.0446875912	-0.0293810075	-0.003910536	-0.0651452616	-0.0259259465	0.0970123549	-0.0933175984	0.0	0.0	0.0718724940382316	0.0004192744925148	0.0051656553992756	1.7579110007361625e-07	0.2294734021381259	0.0382104844497205	0.0014600411218823	0.052658042288846	-0.1558558417396867	-0.0234069940124755	0.0005478873687	0.0242910434043862	0.0041491093329123	0.0015738672809494	2.477058218043058e-06	1.721510825645995e-05	-0.0056989833325935	0.0001407947068253	3.247841102517852e-05	1.982314947002223e-08	0.0031758678750143	-0.000149191712058	1.0086136759547846e-05	2.2258166946826987e-08	0.0	0.0	0.0	0.0
58.63283886216392	-0.0636595791160772	3437.80979303648	0.004052542013236	63.89576131387839	-0.1410693123453583	4082.668313880118	0.0199005508855922	58.34429615716593	0.1223193674988394	0.0149620276653161	3404.056894075087	62.63014565471767	46.31358452780806	0.8732999999999999	28.490307	0.1233725427569299	0.059964511035984	-0.007409789	-0.0293540592	0.0568670728	0.026862778	-0.0882303124	-0.0349851833	-0.067418879	0.0028955593	0.0055341099	-0.0689440256	-0.0369194599	0.0076677925	0.055737127	0.0731039106	0.012348255	0.0088958696	0.0578175518	0.065510665	-0.0625218969	0.0251483445	0.0132162451	-0.0131398271	-0.1268012156	0.0583295076	0.0034408512	-0.0383439571	0.0295396351	-0.0217451877	0.0245361209	0.044362349	0.1138940967	0.0014748872	-0.0368592266	-0.0078535283	0.1302711682	0.0047955568	-0.0363831475	-0.0281388214	-0.1045221237	-0.0054357671	-0.043396611	-0.0643909307	0.1272557309	0.0131636494	0.0449423719	0.018070433	-0.0506912474	0.0773353048	-0.0288178145	-0.1425717625	-0.0202875834	0.0538320974	0.146504356	-0.0058611797	-0.1069530879	-0.034204708	0.0793714643	-0.0008862959	0.0002708003	-0.1388522084	-0.0328729607	0.1620360977	-0.154473705	-0.1211243573	0.1640229508	-0.0547294789	-0.0216231425	0.00956127	-0.0288671752	0.1069161942	0.0435589158	0.0270749336	-0.0800490437	0.0106954806	0.0073501706	-0.086049292	-0.0040576698	0.0585206421	-0.0192327163	-0.0490636362	0.0859955961	-0.0094595568	0.1022397639	-0.0873334173	0.0844947939	0.0772706364	0.0849824308	-0.0575136456	0.1186882713	0.0530420204	-0.1505807067	0.1039361906	0.0114250101	-0.0278074935	0.046626795	0.1257040145	-0.0506973589	0.0512808418	0.0349398183	-0.039173445	-0.1335391881	-0.0205615668	-0.0073841238	-0.0515794924	-0.0010645361	0.0708510939	0.0654412071	-0.0220847111	0.0542951277	-0.0689307674	-0.1139017352	0.0088906714	-0.0670294946	0.0282590461	-0.0526308102	0.0063090689	0.0679671615	-0.0335808192	0.0525319081	-0.0833241262	0.0519693809	0.0192387181	0.027581719	-0.0094755568	-0.0334688314	-0.0378949453	0.0066879588	0.0054444649	-0.014801224	-0.1209539186	-0.025440551	-0.0208107722	0.1280205159	-0.0229781078	0.0081586583	-0.0999062198	0.048022142	-0.0862372638	-0.0155580863	-0.0536700466	0.0884692462	0.0417886167	0.00483527	0.027414431	-0.1383204027	-0.0137217047	-0.0356619941	0.0102704899	0.0503215448	-0.0438811864	0.0853959138	-0.0914940693	0.0608228104	-0.0396892611	-0.1042904113	-0.0074750901	0.1713091165	0.0301768569	-0.0648976806	-0.025587866	0.008195504	0.0048249662	-0.1413713261	-0.1162897961	0.090086651	-0.0246170646	-0.0672374346	0.047011689	-0.1386550184	0.0161017844	0.0192072098	-0.0157477335	0.0152681156	-0.055812891	0.0184072189	-0.0308660655	0.0257396713	0.041617556	0.0325383387	0.090786913	-0.0131256726	-0.0573397213	0.003034731	0.0762258384	0.0692241514	-0.0627958647	-0.0657283222	0.0157480978	0.0072723766	-0.0154583152	-0.0275779369	0.085055824	0.0047794961	-0.0265823355	-0.006229865	-0.0666108546	-0.0222825273	0.0946157819	-0.0966316368	0.0	0.0	0.055860506480684	-0.0160119875575475	0.0031203961842785	0.000256383745543	0.2065363125583417	-0.0229370895797841	0.000526110078391	0.042657248405197	-0.1414141097181485	0.0144417320215382	0.0002085636237819	0.0199979504273765	0.0032860501291252	-0.000863059203787	7.448711892416228e-07	1.0798125451123745e-05	-0.0061697438556957	-0.0004707605231022	3.806573924489485e-05	2.2161547011145723e-07	0.0032416828200862	6.581494507190006e-05	1.0508507506042018e-05	4.331606994817221e-09	0.0	0.0	0.0	0.0
58.58701948160684	-0.0458193805570843	3432.438851738179	0.0020994156346349	63.95145229805735	0.055690984178959	4089.788251030705	0.003101485718821	58.301026092678406	-0.0432700644875225	0.0018722984807543	3399.0096434591683	62.61090112454158	46.07537205551946	0.895579	29.217112	0.0832751819787535	0.0399977177923968	0.0089897036	-0.0772191333	-0.0033431717	0.075265861	-0.0698291687	0.0031785012	-0.0958635975	-0.0279896772	0.0548884828	-0.0666726089	-0.0056232982	-0.0909215901	0.0358203055	0.0375354171	0.011815676	0.0751046287	0.063298352	0.0895278295	0.0478066136	0.0049734433	0.0960898431	-0.0138433405	0.0831706062	-0.0809807239	-0.0135494253	-0.0026956751	-0.0712093826	-0.0631378313	0.0091688117	0.0050365623	0.0925349304	0.0787978566	-0.0816767372	-0.1574474482	-0.0438612832	-0.0835580463	0.0294043713	-0.0839688811	-0.0275074609	-0.1416599734	-0.0014430314	-0.0114705653	-0.0195425435	0.053339821	0.0206578776	-0.0285872766	-0.0780629452	-0.1214943846	-0.0437965941	-0.0620033005	0.0452878498	0.174662687	-0.03190863	0.0780073908	-0.0403309636	-0.0076956506	0.066868737	0.0705595584	0.0888312303	0.0627745551	-0.0833141046	-0.0710862318	0.0582456776	0.0433361115	-0.0520857453	-0.0743675623	-0.0039359865	0.0583001021	0.0452495752	-0.0001869267	-0.0611242287	0.0321320159	-0.0285247512	0.1285382008	0.0519746807	0.0678825875	-0.0054155113	0.0177400474	-0.1138542643	-0.002748429	-0.1708849913	-0.0484674373	-0.1432809086	0.1366820666	0.0287266509	-0.1176824364	-0.0024432988	-0.0356045241	-0.0392384239	-0.071683238	-0.0195321098	-0.0367304172	-0.0017056219	-0.0555281788	0.0882755453	0.1641157203	-0.0010981205	-0.0783895226	-0.0183483276	0.0237002429	0.0171135876	0.0334358223	-0.0091232361	-0.0740031956	0.0099659616	0.0635314739	0.0769719846	-0.0723508266	0.024689036	-0.0693301665	-0.0109929318	0.003163011	-0.0448513845	-0.0356502447	-0.0409032605	0.0468486488	0.0375203844	-0.0128223279	0.030195567	0.0821358259	-0.0765032674	-0.0286197614	0.0991536151	-0.0311145946	-0.0298443214	-0.0112678671	0.0031432404	0.0990280984	-0.1220621678	-0.1124968878	-0.0063290776	-0.0019137604	-0.0141532996	-0.0541769581	-0.0423536475	0.0249960845	0.0468914105	0.0531152414	0.0397389267	0.0169933049	0.0304237122	0.0408781041	-0.025512776	0.040067793	-0.0718054325	0.0231865019	0.0213280728	-0.0014137678	-0.0326045187	-0.0283899258	0.0937885448	-0.127430304	-0.063568337	-0.0592864773	0.0894715298	-0.0037853936	-0.0787853511	-0.0146606473	0.0999275212	-0.0393187285	0.004057735	0.008708791	0.0500613906	-0.0296362808	0.0031147884	-0.0397561565	0.1214912582	0.0674891792	0.0766533051	-0.0998207266	-0.00275	-0.0162360216	0.0331041208	-0.0680834361	-0.0287629763	0.0248579461	0.0785833287	0.0234970943	0.0676617507	0.0258365588	-0.0392416896	-0.0175645186	-0.0335305554	0.0345256916	-0.0198697467	0.0063814943	-0.0490240774	0.0081986105	-0.0565762719	0.0585044526	0.0129409611	-0.0158627744	-0.0333272343	-0.0378782983	0.1096727516	-0.0680556987	-0.0186113467	0.0919540145	-0.0994642612	0.0	0.0	0.0717534718524461	0.0158929653717621	0.0051485607228797	0.000252586348308	0.2210230857150037	0.0144867731566619	0.0002098665964925	0.0488512044189818	-0.1359779069957341	0.0054362027224144	2.9552300039185813e-05	0.0184899911909405	0.003740174134603	0.0004541240054777	2.062286123512008e-07	1.39889025571533e-05	-0.0057301081099792	0.0004396357457165	3.2834138952049395e-05	1.9327958891170352e-07	0.0031862577567222	-5.5425063363999817e-05	1.0152238492272387e-05	3.0719376489033944e-09	0.0	0.0	0.0	0.0
58.52661163148463	-0.0604078501222105	3425.364269062632	0.0036491083563874	63.79922786912419	-0.1522244289331595	4070.341476696432	0.0231722767640265	58.254780564323696	-0.04624552835471	0.0021386488928062	3393.619458597506	62.54914021682832	46.0666280289281	0.8618759999999999	28.117605	0.0717785506518798	0.0343362641965194	0.0199348673	-0.0903957386	-0.0262749308	0.0783185241	-0.005390022	-0.0030754061	-0.0585360071	-0.0342853391	0.0071866663	-0.0860837902	-0.0930966361	-0.0717069195	0.0045320268	0.1083926995	0.0050020323	-0.1105788717	-0.0509979284	-0.0126208896	-0.0029198593	0.0024499939	-0.0091703754	0.1131515897	0.0234152487	-0.1487776955	-0.0068317734	-0.0556103082	0.0956533807	0.022027643	-0.0519411244	-0.0979256058	0.0744804922	0.0275260699	0.0045277354	-0.0216568412	-0.0446878582	0.0533123626	0.0361736129	-0.0898842489	-0.0598451242	-0.025495784	-0.0334678943	0.0475498049	0.0445393726	0.0914114066	-0.0641907838	0.0149841113	0.0610713845	-0.13498162	-0.0315091296	0.0804644408	-0.1074501811	0.1694338904	0.0666779803	0.0379661343	0.0111950795	0.1347423809	0.0052035618	-0.0436506422	-0.0347702657	0.0332835149	-0.0763828533	0.1391042644	-0.0227950805	0.0147763471	-0.0274636136	0.1687071285	-0.0669650179	-0.0433501078	-0.0690043102	0.0107750684	-0.0447483861	-0.015526276	0.0067920158	-0.1000281208	-0.0811798676	0.0653797153	-0.0119013307	0.0962466546	0.0456126721	0.039274342	0.1024636324	0.0237019853	0.0191325646	0.0365509927	-0.1293122945	-0.0680061009	-0.0550503796	-0.1109885149	-0.0395030255	-0.0404900969	0.1010909936	-0.0926625211	-0.0575798419	-0.018534674	0.1029949663	0.0692913997	-0.0236929057	-0.0432381775	0.2191529283	0.0816100819	0.0709227921	-0.0234148962	-0.0033689301	-0.0979791436	0.0227841254	0.0213997513	0.0420035199	-0.0801092603	0.070983174	-0.0485825856	0.0023356917	-0.0782796455	0.0160528255	0.0060324751	-0.0248614237	0.0747405934	0.0599710325	0.066887412	-0.0070444483	0.0502615725	-0.079474616	-0.0909167768	0.0353203731	0.0065480368	0.0399890042	0.0558518567	-0.0551828068	0.0828575746	-0.1923592442	-0.1803256262	-0.0603996977	0.0332208863	-0.0870123504	0.0180136279	-0.0181363732	-0.080959071	0.1227580181	-0.0492974182	-0.0283657034	0.0171871121	-0.0011349101	0.0282105038	-0.0703668136	-0.0753276867	0.0031699667	-0.0951431919	0.0769543028	0.0325290434	0.0398767292	-0.0271062687	-0.0401536428	0.0151914726	-0.0103839243	0.0047750942	0.0314383548	0.1162986271	0.0211308792	0.0791884741	-0.1443527865	0.0423799525	-0.0246284262	-0.011139707	0.0076371353	-0.032704657	-0.0060505819	0.0292018985	0.0419594466	0.0493946694	0.0552644981	0.0187027052	-0.0967645605	-0.0133663857	0.0241323493	-0.061128164	-0.0050536547	0.0351669984	0.0952629785	-0.0150615773	0.019022219	-0.0391566156	-0.0168275991	0.0200863098	0.0254036726	-0.1253069035	0.0080537073	-0.0071401078	-0.0587552936	-0.0322281624	-0.0530939089	0.0532611635	-0.0137378723	0.0024179496	0.0524821568	-0.0202962798	-0.0168351904	-0.0694793439	-0.0149169788	0.0890345132	-0.1018013597	0.0	0.0	0.0804578643038951	0.0087043924514489	0.0064734679283439	7.576644794884224e-05	0.2285713695341797	0.0075482838191759	5.6976588614834125e-05	0.0522448709707305	-0.1244225737669992	0.0115553332287348	0.0001335257260271	0.0154809768628043	0.0033179287245697	-0.0004222454100332	1.7829118629418945e-07	1.1008651021324718e-05	-0.0061697523285961	-0.0004396442186169	3.8065843796217e-05	1.9328703896326467e-07	0.0032037789511224	1.7521194400199874e-05	1.0264199567654943e-05	3.069922532095954e-10	0.0	0.0	0.0	0.0
58.52143298062253	-0.0051786508620992	3424.7581181054943	2.681842475152112e-05	63.77348888901404	-0.0257389801101481	4067.057885077197	0.0006624950971106	58.28980249224734	0.0350219279236441	0.0012265354354889	3397.701074585204	62.55740020517409	45.89080729242611	0.886264	28.913246	0.0601166451539391	0.0312998846034482	0.017838647	-0.0761132563	0.022112032	0.0326448041	0.0253372449	0.0508142746	-0.0561499291	-0.0349799867	0.0093385719	-0.0384581564	-0.0553080255	-0.035878645	-0.0498489511	0.1271933856	-0.0073089254	0.0027913466	-0.0262731179	-0.0356106447	0.1291618016	0.0363827221	-0.0359798714	0.0315820581	0.0010842917	-0.0724088488	-0.0029126892	-0.0885424518	0.0650073815	-0.1201518096	0.1031806239	-0.0202862234	0.1573799629	-0.1274667106	0.0064995521	-0.0708851186	-0.0123511828	-0.0736956419	-0.0745986827	-0.0474304927	-0.1381205227	0.0115676976	0.0543526305	0.1058468014	0.0156069955	0.0061542651	0.0712588302	0.0928717714	0.0117290757	-0.0606142535	-0.0316157584	0.0006881741	-0.0018946075	-0.0414305864	0.1207919138	-0.0322149386	0.0630420925	-0.0363684549	0.0667466894	0.0690915901	0.0120051196	-0.0340263409	0.1932855539	-0.0776979524	-0.0157674827	0.03278339	-0.0529961903	-0.1177491001	0.0183292499	0.0601160495	0.0784924468	0.0655460802	0.0340354239	-0.0615154865	-0.1227593694	-0.0678307194	-0.0045783293	-0.06619879	-0.0656439773	-0.0134575415	-0.0183611274	-0.041770961	-0.0515232798	0.0599028522	-0.1284252956	-0.0966915088	0.0290842637	0.1338011567	-0.0379474293	0.0529050504	-0.1146609494	-0.0194844079	0.1381404472	-0.0400734074	0.1248506841	-0.0293933173	0.1162497401	0.0176257467	-0.0677910998	0.0652451165	0.0903979027	0.0141425002	-0.0118926728	0.0102795814	0.007534804	-0.1025842803	0.0308550824	0.0366015057	0.0701037684	-0.0076446979	0.0908544642	0.0384956704	0.0234741286	-0.054356392	0.0014246613	-0.1399072095	-0.0270958028	0.0969876791	0.0323796931	0.1150729155	-0.0308078532	0.0489890592	0.0333320094	-0.0022750061	-0.0512515664	-0.0913375519	-0.0140591795	0.0687027764	-0.0546594898	0.1021839238	-0.048116499	-0.0814139453	0.0434297174	0.0356758397	-0.023245394	0.1047237435	0.0118786268	0.0387376029	0.0175686827	-0.0650492161	0.0895910816	0.0027569711	-0.0289255889	0.0663281122	0.0247628534	-0.0386821968	0.0111886948	-0.0229759606	0.057517956	-0.0600594601	-0.1329801778	0.0381521523	0.1002053249	0.0403059353	0.0303215512	0.0025820876	-0.0668688917	-0.0082706028	0.0295067829	0.0646081904	0.0867507221	0.0571950869	-0.0573074346	-0.1329148988	-0.090383843	-0.0016030496	0.0401849731	-0.0243992756	-0.0799240626	0.0769421067	0.0658209742	0.0176422125	0.0155245186	-0.0093316587	0.0129751191	-0.0808563247	-0.0435590823	-0.0258356113	0.0699000467	-0.0231542658	-0.022347454	0.0107215535	0.0733284409	-0.0046620657	-0.0144589981	0.0577277763	-0.0916674483	-0.0682296952	-0.0714878477	-0.0380020701	-0.0821097915	0.0795963348	-0.0657367401	-0.0916105317	0.0599604456	0.0168903314	-0.0831133726	-0.0708813468	-0.0112040262	0.085865461	-0.1036312889	0.0	0.0	0.0566798365134957	-0.0237780277903993	0.0032126038671966	0.000565394605601	0.2328500064475207	0.004278636913341	1.8306733836204335e-05	0.0542191255026104	-0.1058505423215905	0.0185720314454087	0.0003449203520092	0.0112043373097748	0.0032069397389284	-0.0001109889856413	1.2318554933684732e-08	1.0284462489118154e-05	-0.0061706824334599	-9.301048638004836e-07	3.8077321694610594e-05	8.650950576653161e-13	0.0030459390615317	-0.0001578398895907	9.277744766564614e-06	2.491343074600438e-08	0.0	0.0	0.0	0.0
58.550538785221896	0.0291058045993679	3428.1655920397734	0.0008471478613765	63.91001276125635	0.1365238722423072	4084.489731143949	0.0186387676920338	58.24225653421607	-0.0475459580312715	0.0022606181251114	3392.1604461974343	62.5731841368378	46.01140930536685	0.862704	28.144627	0.0933792391828163	0.0425817325019621	0.0044316113	-0.0602805544	0.0556303272	0.0227499405	-0.0021171882	0.0314209177	-0.0859796009	-0.0441522688	0.0264293889	-0.0028732662	-0.0082642904	-0.027865581	0.0500151331	0.1068579061	-0.127598737	-0.0275945404	-0.1075810542	0.0856095044	0.0420399871	0.0260442899	-0.0241639343	-0.1419502412	-0.1106852784	-0.0084018189	-0.0369186306	-0.0995208371	0.0015413494	-0.0097206987	0.0645305806	-0.1314846909	-0.0216923535	-0.0795462284	0.0420735097	0.0604108469	-0.0421198603	-0.0502147644	0.000499846	0.060256885	0.0179665837	-0.1574089387	0.1448389193	0.1127047987	-0.0026109357	0.0117347631	-0.1100076089	-0.0764111463	-0.0298770036	-0.0944938628	-0.0234743156	0.1370983988	0.0121245792	0.1047599969	0.0794148754	-0.0577865343	0.0864564551	-0.00978164	0.059048803	-0.2280406183	-0.0228054187	0.0874242815	0.0348392169	-0.0250176323	0.0187603321	-0.0450150533	-0.0059866992	-0.0190741895	0.107022496	-0.0698913178	0.0346624995	-0.0318801562	0.1098539853	-0.1009817263	0.0944461783	0.0270765471	0.0217248722	0.0994227441	0.1711466337	-0.0707352914	-0.0499568057	0.0193634324	-0.0106046504	-0.0677760212	0.1449566995	-0.096089605	-0.0373910503	0.0669140868	0.1072461949	-0.1065341648	-0.0207936835	-0.1117368289	-0.1491439346	-0.0603560378	-0.0514449828	-0.0601230402	-0.1160308777	0.0814356471	-0.0225297238	-0.003642544	-0.0336794378	0.0237053983	0.0812647667	0.0277875774	-0.004368328	-0.1015671395	0.0198070711	0.0506464665	0.0648040634	0.0151170065	0.0597809285	0.0371892057	0.0608021602	-0.0007773521	-0.005260716	-0.0581504483	0.0840475995	0.1008043589	0.02962495	0.0801014608	-0.0327777169	0.0183174249	0.0322053351	-0.0036289451	-0.0395894046	-0.0502257987	-0.0176381247	0.0261682281	-0.0125745042	0.1147013918	-0.0446806004	-0.019697399	-0.0241390499	0.0222989954	0.053735265	-0.0450737931	-0.0687328527	0.1060937347	-0.0288239294	0.0526978339	0.0353872844	-0.05152814	-0.050586123	0.0065280062	-0.081327333	-0.0408325634	0.026005289	-0.006886308	0.1040290094	-0.0999934378	-0.0024789066	-0.0303584447	0.0281233437	-0.0331604241	-0.0366504219	0.0726583982	-0.1209365517	-0.0505154424	0.0645606699	0.0090542043	0.0336498216	0.083522559	-0.0452462334	-0.0545879876	0.0017442782	0.0063606535	0.0599064693	0.0382884975	0.0093049098	-0.027533179	0.1405054927	-0.0526707052	0.1497839715	-0.0259386022	0.0264344816	-0.086391866	-0.0083721379	-0.0248008216	0.0792253178	0.0118382749	0.0274682693	-0.0073720624	0.0359647218	0.0405086283	0.0151916772	-0.0032560907	-0.0753965259	-0.0204518243	-0.0017553979	-0.0516402363	-0.0859411385	0.0441555712	0.0337279622	-0.0545150353	0.0322278469	-0.0571225373	-0.0518048589	-0.0722612707	-0.0074771147	0.0824557403	-0.1049449322	0.0	0.0	0.0622603680240416	0.0055805315105458	0.0038763534264891	3.114233194019567e-05	0.2274147138643201	-0.0054352925832006	2.954240546499553e-05	0.0517174520819905	-0.1290719857415254	-0.0232214434199349	0.0005392354345052	0.0166595775032605	0.0034591236123342	0.0002521838734057	6.359670600595254e-08	1.1965536165408004e-05	-0.0055528299763158	0.000617852457144	3.083392074587133e-05	3.817416587990017e-07	0.0027331359586989	-0.0003128031028327	7.470032168732956e-06	9.784578114182722e-08	0.0	0.0	0.0	0.0
58.59613122197713	0.0455924367552356	3433.506594183163	0.0020786702892801	63.87939740416415	-0.0306153570921949	4080.577412719134	0.0009373000898826	58.22434382485256	-0.0179127093635074	0.0003208651567414	3390.0742138346463	62.61408123731787	46.23619199504812	0.890742	29.059328	0.1055765478603421	0.0492709085135761	-0.0172835087	-0.0376961819	0.0654598584	0.0175484008	0.0379089134	0.0146710093	-0.0763448443	-0.0146922858	0.0191130293	0.0006865954	0.0030827013	-0.0247370062	-0.005014247	0.0933680066	-0.0680784967	-0.0469956537	-0.0611529323	-0.0105893953	0.0424827493	-0.0116982251	0.1177928815	0.0675872657	-0.0424816192	0.0861729479	-0.0214971492	-0.1078940623	-0.0094869536	-0.1084672229	0.0167549296	0.0904646956	0.0421298925	-0.0036648006	0.0172363294	0.1111670105	0.052353508	-0.0769297841	-0.0604225576	0.1350632897	-0.0891979657	0.0615039604	-0.0395686521	0.0717811328	0.0356161646	0.0357510461	0.0021657169	0.0564593	-0.03895156	0.0915787443	-0.0958523596	-0.0028015036	-0.0888471347	0.0111845249	-0.0674495348	-0.0204400473	-0.0374036927	0.0988924899	0.0203244781	0.1070350464	-0.0636482391	0.0542331884	-0.0311855986	-0.0181079357	0.020746503	-0.0242847335	0.052099134	0.0734077942	0.0014819287	-0.0304055068	-0.1128690374	0.0089858783	-0.0083337647	-0.0275894995	0.1596818838	0.0075919573	0.0137944166	0.0005111098	0.0090844334	-0.0224674013	0.0492444466	0.094229278	0.1133167553	0.0487108534	-0.0191623189	0.0730369768	0.0562503994	0.2116344886	-0.1314586382	-0.0164509972	-0.1478541214	-0.0018969063	0.0975970046	0.0257421244	-0.109460415	0.0341853032	-0.1229305908	0.0248655251	-0.0425737327	0.1094946006	-0.1820676182	-0.0040356566	-0.0485713912	0.0531286177	-0.0338280008	-0.0812021354	0.0081138801	0.0690507688	0.0217007972	-0.0107564526	0.1013689249	0.0083660413	0.052579048	-0.0583741579	0.0348229414	0.0478908027	0.0491590489	0.0996397925	0.0709714824	0.1124605724	-0.014475088	0.0454197859	0.0395571032	0.034701404	0.0284854316	-0.0947053221	0.023726915	0.05225775	-0.0347607004	0.0762372637	-0.0789500873	0.0176275313	-0.0428466499	0.0129512172	-0.0392501066	-0.0282564376	-0.003837535	-0.0333615752	-0.0462561987	-0.0310253801	0.0159385819	0.0319231958	-0.1051242135	-0.1114731971	0.0778333393	0.0246097093	-0.1084376153	0.0650699571	0.0051069249	0.0074531099	-0.1608658071	0.1076564276	-0.1027794581	0.0326384172	-0.0512430286	0.1478419618	0.0675180645	-0.1548591032	-0.0204112861	0.0637962703	-0.0166854585	-0.0157849525	0.0642481108	-0.0762374906	-0.0259735042	0.0523188584	0.0314550798	-0.1412037241	0.005285016	-0.0235326615	0.0254352525	-0.0247865662	0.0771645158	-0.0324937233	0.017619075	-0.0434053418	0.0195773569	-0.0138396429	0.0532636389	0.0262104342	0.0466141027	0.0317798011	0.0484018512	0.0784436268	0.0702727519	-0.0262987962	0.0170604313	-0.0789747076	-0.0327473549	-0.0064004984	-0.0929300443	0.0028203192	-0.0051789456	-0.0853569572	0.0017742167	0.0134598538	-0.0514657006	-0.0736186857	-0.0037408877	0.078814908	-0.1057357452	0.0	0.0	0.0502053154691708	-0.0120550525548707	0.0025205737013589	0.0001453242921006	0.2143046356828648	-0.0131100781814552	0.0001718741499238	0.0459264768751654	-0.1550754968331915	-0.0260035110916661	0.0006761825890944	0.0240484097180611	0.0035650695635263	0.0001059459511921	1.1224544573998836e-08	1.2709720992781604e-05	-0.0061940929638051	-0.0006412629874892	3.836678764425985e-05	4.1121821912370164e-07	0.0030740851406645	0.0003409491819655	9.449999452054276e-06	1.162463446830117e-07	0.0	0.0	0.0	0.0
58.67727813363884	0.0811469116617118	3443.022969172411	0.0065848212722336	64.09761612433151	0.2182187201673571	4108.504392822163	0.0476194098314793	58.27775216180261	0.0534083369500493	0.00285245045577	3396.2963970324886	62.638848595604166	46.54169293576517	0.976663	31.862398	0.0934739929754415	0.0475526690941332	-0.0475802205	-0.009784254	0.1301458614	0.0247374188	-0.0541074423	0.0016061904	-0.1414651242	-0.0200956356	0.0657162102	0.0029787161	-0.0198370305	-0.0233826095	-0.0075534705	0.017128914	0.0280120433	0.072908848	-0.037717262	-0.0657870456	0.1001677585	0.0210927811	0.0039542409	0.0117198439	-0.0593029333	-0.0866646817	0.0009413165	-0.0624359529	0.0508762078	-0.0237596428	-0.1366333454	-0.0175967109	0.084865901	-0.0258215054	0.0161727028	0.0949565665	-0.0505374436	0.0146615078	0.0027512346	0.0967326622	0.0385094927	-0.0900481918	0.041645702	0.0118465596	-0.0586795159	0.1021343432	-0.0701814599	-0.1073117555	0.0019711472	0.0804137923	0.0753560579	-0.0875359027	0.1355980875	-0.0186172355	0.0299136106	-0.1081067892	-0.1874116403	0.0013030558	0.0303282379	0.0244390235	0.0027199672	-0.0098163649	0.0114576166	-0.1652991358	-0.016181513	-0.050433067	-0.0956712146	0.0380575892	0.0158216809	0.0551040608	0.033784253	0.0483882577	-0.061753536	-0.1248589283	-0.017888494	-0.0031335124	0.0634439346	-0.117632109	0.0759874199	0.0623535736	0.0512053314	-0.0213507842	-0.1896042117	-0.0035617215	-0.0409001104	-0.070432265	0.0422316625	-0.0835171251	-0.0209748257	-0.0526290353	0.1131439177	-0.019053238	-0.0548125962	-0.0083125623	0.1082649914	0.1103861012	-0.0923533213	-0.0563831679	-0.1208667846	0.0049509616	-0.0522561256	-0.0945868898	0.0143394119	-0.0352471408	-0.0526861046	-0.0742801108	0.0205092435	0.0647849827	0.0692814724	0.0358126601	0.0780014961	0.1459932871	-0.0589744952	0.0696910934	-0.0708305862	-0.0402237744	0.0878741064	0.0432941877	0.0858933809	0.1145347497	-0.1134154111	0.0573914986	0.0780430239	0.0699146867	-0.041690849	-0.036961408	-0.0034841063	0.0538809041	-0.0333070537	-0.023698818	-0.2429817402	0.135683426	0.1785251388	-0.0409498182	0.062021478	0.0554845136	0.147441574	0.1515771329	-0.0749541399	-0.0078065994	-0.0217610392	-0.0977484893	-0.0725936869	-0.0972680686	-0.0747300864	-0.0907355626	0.0235291175	-0.01737926	0.011352943	0.0925723941	0.0801934032	-0.0563097044	-0.0472186969	0.0980297986	0.0202325068	-0.1289718297	0.0598036083	-0.0472643002	0.0687663125	0.0893095328	-0.12301677	-0.0585819622	-0.0240505635	0.0478131731	0.0984477777	0.0563050783	0.062513071	0.0154393043	-0.0557802808	-0.0248328728	-0.1930488597	-0.1460223398	0.0932219464	-0.0583356539	0.0143570395	-0.0481307633	-0.0687857703	-0.1047526697	0.0083017727	0.0596800968	0.0261663159	0.0582207243	0.0423024541	0.0532881709	-0.077492439	0.0760719585	-0.0557838395	0.0159324718	0.1150996408	-0.2056599154	-0.2031678543	-0.0353637692	-0.1756322689	-0.1326299941	-0.0195146225	-0.2012836506	-0.2139807646	-0.0749531689	-0.0	0.0749531689	-0.105999788	0.0	0.0	0.062333082154268	0.0121277666850972	0.0038854131308507	0.0001470827247681	0.2011245561066204	-0.0131800795762444	0.0001737144976361	0.040451087069085	-0.1470585379030566	0.0080169589301349	6.427163048746979e-05	0.0216262135701847	0.003280973649339	-0.0002840959141872	8.071048845791768e-08	1.0764788087656876e-05	-0.0060643135378546	0.0001297794259504	3.6775898685406575e-05	1.6842699400041237e-08	0.002284976725123	-0.0007891084155414	5.22111863435383e-06	6.226920914784164e-07	0.0	0.0	0.0	0.0
58.64812892125957	-0.0291492123792735	3439.603025964683	0.0008496765823319	64.04498320505803	-0.0526329192734777	4101.759873736165	0.0027702241912484	58.234192090236405	-0.0435600715662047	0.0018974798348528	3391.2211284025525	62.623781797731496	46.56261101031152	0.955392	31.168459	0.2628448586663359	0.1173724804429305	-0.0881669577	-0.016630709	0.0922767247	0.0653912071	-0.0409550123	0.0233597901	-0.1304500077	0.0123616608	0.0841240827	-0.0152234283	-0.0546347067	-0.0318185773	-0.0651289206	0.0829896769	-0.0103312764	0.000799294	-0.080790642	-0.0492268407	0.0581714595	0.0661969227	-0.1291427898	0.0613504568	0.084304655	0.0384444489	-0.0045054882	0.0636717293	-0.0286338581	0.0094075226	0.0494973683	0.0385453361	-0.0942186206	-0.0384757185	0.053013833	0.1247945859	0.0032123527	-0.0633051164	-0.0090643591	0.0904733559	0.0090936861	0.0952962867	0.0763787633	0.0994366198	-0.0991111081	0.0241669444	0.0716656901	0.0873102711	-0.1112598998	0.1367553837	-0.0101769715	-0.0084055125	-0.0658426118	0.0319925197	0.0600781056	0.0483578605	0.0107807541	0.0085748349	0.0598989321	0.0727706478	0.1003130446	0.1390529239	-0.0978829687	-0.09609204	-0.0600039113	-0.0830888475	0.1347248894	-0.0178125587	-0.0172819395	-0.0035418517	-0.0004370368	-0.0258273596	-0.0219803067	-0.0481890109	-0.0365893223	0.0843949958	0.0006631158	-0.0931551353	0.0951960987	0.0562860815	0.0618376578	-0.1668602838	-0.0308980518	0.0201471858	-0.020989185	-0.0744412559	-0.0865403544	-0.0695459091	-0.1785821733	0.0048767183	-0.1620532029	-0.009087775	0.0418018712	-0.0337250168	0.0233800801	0.0179004248	0.030870701	-0.040273714	-0.071294835	0.0574369057	0.0287766812	0.0179472669	0.1533097307	0.1422791434	-0.0845292092	-0.0597477777	-0.0001922883	0.0646592019	0.0348308934	-0.0259095849	0.0361546688	0.0329054486	0.0534227935	0.0166475202	0.0038633672	0.0149355609	0.0936970769	-0.0543349101	0.1139241752	0.0226248352	-0.1364643344	0.0672048783	0.0140582793	-0.0840274197	0.0553462954	-0.0732458776	-0.044885629	0.0752995878	-0.0385606732	0.0407558762	-0.0127797276	0.1764176276	0.0186597888	0.0195578772	-0.0524000474	0.11486884	-0.0530508436	0.0430929579	-0.0333819988	0.1161705207	-0.024340626	0.0357460981	0.0354461856	-0.0918650473	0.0503817234	-0.0811057295	0.0109158334	-0.0636862024	-0.0575742824	0.0731418585	-0.0128235078	-0.0069701375	-0.1049586589	-0.0510522223	-0.1073292241	0.0152364202	0.0935051379	0.1430365837	-0.002284278	-0.0920933461	-0.0364176252	-0.0075401309	0.1558420155	-0.0553522685	-0.0969086464	0.1810588853	-0.0521541441	-0.1086969855	0.0037389992	0.111114457	0.0425444008	0.0748165559	-0.057459187	-0.0921343814	0.0210543703	-0.0376402845	0.0341835604	-0.0053853967	0.0459332784	0.0657470862	0.0747963535	0.0096383212	0.0227323608	0.0707257109	-0.0402335003	-0.0392690878	0.0439189803	0.054974535	0.0896518672	-0.0709990027	-0.0426851245	-0.021416399	0.045647697	-0.1511324292	0.0202508697	-0.0595226553	0.0574695678	-0.0762643048	0.0037408877	0.0708813468	-0.1057357452	0.0	0.0	0.0745673492637024	0.0122342671094343	0.0055602895762149	0.0001496772917049	0.218555442552244	0.0174308864456236	0.0003038358022802	0.0477664814692072	-0.2074452701438645	-0.0603867322408079	0.003646557430723	0.0430335401050609	0.0045410553774541	0.001260081728115	1.5878059615295358e-06	2.0621183941104798e-05	-0.004745875089696	0.0013184384481586	2.252333036699701e-05	1.7382799415828583e-06	0.0031623160062587	0.0008773392811356	1.0000242523439972e-05	7.697242142237065e-07	0.0	0.0	0.0	0.0
58.65058461910018	0.0024556978406096	3439.8910761622305	6.030451884374733e-06	64.0025428429506	-0.0424403621074276	4096.325490363727	0.0018011843358095	58.293900070438944	0.059707980202539	0.0035650428998668	3398.1787854223217	62.617322439896434	46.49789583304972	0.892413	29.113825	0.0973444133054529	0.0487508653647888	-0.0690175786	-0.0296479253	0.0179883887	0.0720999809	-0.0688995858	-0.0130737111	-0.1042458485	0.0010502281	0.0789718919	-0.0089996734	0.0124400844	0.0403694653	-0.007013767	-0.0394067434	0.1089405773	-0.0322390837	-0.0578120928	-0.0479759126	-0.1652273412	-0.0608446543	-0.0869732838	-0.0740870989	0.0046158994	0.1098046528	0.0044764517	-0.140631182	-0.0167443745	-0.0131192822	0.0630689228	-0.0957493023	-0.0215713935	-0.0798472758	0.1071765703	0.068335308	0.0080098643	-0.1241888542	0.1025399707	0.0475195569	0.0912497087	-0.0833302672	0.0223274275	0.0268063874	-0.0170461655	0.0482973476	-0.0710406365	-0.0203013672	-0.102969874	0.0037129257	0.0119683456	-0.0677636943	0.0260805492	0.1070887324	-0.0517989909	-0.0660195837	0.0442332668	-0.1001587758	0.0259911601	0.0585916627	-0.0369231812	-0.015523032	0.1253185682	0.0367173099	0.0034221605	-0.0694311026	0.0050827821	0.11961508	-0.0582159872	-0.0554570334	-0.0539453034	0.0983184666	-0.0295762829	-0.0261348879	-0.0194382873	-0.0688081885	0.1046446032	0.0277645074	-0.0231132014	0.0487115735	-0.0263350319	-0.0952288817	-0.0088149066	0.0116958028	0.0682482532	0.0803295629	-0.0471933838	-0.0083311587	-0.000417987	0.0417468041	0.0065871777	-0.0300668197	0.0746207365	-0.0254210987	0.0593561623	0.0553052668	-0.0838071755	-0.0045739719	0.1286771175	0.0742972157	-0.1274347168	0.002566114	0.1509827452	0.0485249875	-0.0669819291	-0.0547607384	0.0091105203	0.0250830478	-0.0311427125	-0.0574689354	0.0026959529	-0.0106313062	-0.000100907	0.0496042637	0.061559449	0.0579298149	-0.0484416621	-0.1823208541	0.0832066546	0.088383415	-0.0623132275	0.0478978908	-0.112780853	-0.0981986168	-0.0959868715	0.0238485271	-0.0313256677	0.0537606819	0.0429740338	0.0781884487	0.0744149989	0.167266996	-0.055403988	-0.0048045417	-0.0119816094	0.0867815469	0.0383093549	0.1433173744	-0.0460096815	-0.0147962846	0.0096573098	0.0484676256	0.0349765132	0.0073108109	0.020916634	-0.0582609376	-0.0445500977	0.0324854755	-0.1431868285	0.033806414	0.0837350282	0.0615610318	-0.0094013044	0.0371343113	-0.0114427867	0.0117621193	-0.0664397772	0.0615540847	-0.0680912685	-0.1580945494	-0.0518418194	-0.0656430318	0.044265525	-0.0064548556	-0.016898671	-0.0539745347	0.0053910265	-0.0134047622	-0.0832007931	-0.0335576787	-0.0105501006	0.0479704548	0.0919585979	-0.0749469294	0.0124997414	-0.0501661335	0.0232314902	0.0394874874	0.0501539835	0.0384700334	0.0866423381	0.0433013334	-0.0272619452	0.034916086	0.0635770315	-0.0144604066	0.1214827855	-0.0244538698	-0.0468539051	-0.0608484028	-0.0813053314	-0.0269752768	-0.0302359705	-0.0714009992	-0.0413904749	0.0351117866	-0.0154374874	-0.0775516848	0.0074771147	0.0666108546	-0.1049449322	0.0	0.0	0.0519155000541218	-0.0226518492095805	0.0026952191458695	0.0005131062726135	0.2209936063128168	0.0024381637605728	5.944642523370596e-06	0.0488381740311442	-0.201166014128745	0.0062792560151195	3.942905610341442e-05	0.0404677652404464	0.0042867561489593	-0.0002542992284947	6.466809761305042e-08	1.8376278280640368e-05	-0.0055847740503962	-0.0008388989607002	3.118970119397878e-05	7.03751466263876e-07	0.0029360113090501	-0.0002263046972085	8.620162406870081e-06	5.121381597867612e-08	0.0	0.0	0.0	0.0
58.60295414402572	-0.047630475074456	3434.3062344067816	0.0022686621558183	63.92921317426344	-0.0733296686871654	4086.944297080418	0.0053772403097694	58.32288787419322	0.0289878037542763	0.0008402927664964	3401.559249985715	62.59582875456707	46.045468130272994	0.878445	28.658144	0.1228118329453593	0.0673404652529555	-0.0476789551	-0.0591912955	-0.0270747595	0.0601361357	-0.1071817695	0.0163562871	-0.0289262362	0.0311304909	0.0785377453	-0.0351217913	-0.102772092	0.0706137648	-0.0036557752	-0.2442324146	0.1675625124	0.0999888181	-0.1058425245	-0.0164518547	-0.1294142543	-0.2367528674	0.0400590162	-0.0558475512	-0.0082482135	-0.0510267642	0.0060871996	-0.0362464899	-0.137218827	-0.1244676405	-0.0478401568	0.110120523	0.0173244941	-0.0701900099	-0.0298576201	-0.0242074566	-0.0777596873	0.0243527204	-0.1132421144	-0.0599341777	-0.0136289845	0.0063541695	-0.0500832432	0.0287274274	0.049914439	-0.0402785183	0.0311091616	0.0605436942	-0.0327823628	-0.0603471985	0.0340030896	-0.1061837486	-0.0696530142	-0.0185901974	0.1241226635	-0.0057025078	0.1060863518	-0.0098381754	0.0173594021	0.0118903315	0.098134641	0.1842377713	0.0570837511	0.0131812431	-0.0125620339	-0.0119232681	-0.1650009071	0.0147917322	0.0077829239	0.0576589775	0.0684282508	0.0055138035	-0.1101818791	-0.1151982495	0.0303928254	-0.1270290257	0.1006568766	-0.0357156393	0.0452806785	-0.0992507884	0.1026308041	0.1060487319	-0.0462457707	-0.0374585613	0.0567457495	0.0290553738	-0.0572167333	0.0174431984	0.0012346901	0.0887242046	0.0326722175	-0.0100993749	-0.0487657903	0.141347742	0.0720839267	-0.0908570923	0.0082465807	-0.0410859705	-0.024398138	-0.0837668423	0.0919675428	-0.0094175598	-0.0064574379	0.0206234696	-0.0539678632	-0.0618367734	0.0003597191	-0.0239862582	-0.0169244704	-0.0153149164	-0.1021351985	0.0084648402	0.0368094157	0.1470181793	0.0289823182	-0.0648080144	-0.0795127259	-0.2541623449	0.0190075197	0.0098743091	-0.0813357408	0.1306373442	-0.1247774138	-0.0192572539	0.0011929231	0.007369971	0.0602116069	0.0535404077	0.029534321	-0.0195150908	0.0831147583	0.1322312137	-0.0100473106	-0.0161123165	0.0164943221	-0.062141715	-0.0463381496	-0.041525074	0.0497373124	0.065530806	0.0550333918	0.0139314912	0.0107954839	-0.0309526461	-0.0674761965	0.1183497144	-0.0004260127	-0.0059714846	-0.0849011204	0.0200680643	-0.0453283497	-0.0585860526	0.0562194832	-0.0198772545	-0.0136651353	-0.0016684589	0.0933358711	0.0710263583	0.0414680414	-0.0456261663	0.055390164	0.1002236199	-0.1018608578	0.0637648953	0.0291898338	-0.2027643576	0.0137492309	0.1020325894	-0.0161081523	0.0031097578	-0.0685071078	0.0639532585	0.0052747816	-0.061501069	0.0430632436	-0.0734741684	-0.0149668354	0.0437460804	0.0309479471	0.0166908195	0.0679374101	0.0301078309	-0.008723755	-0.042319944	-0.0322830856	0.0803272601	0.0407295113	0.0114915301	0.0292861811	-0.0257229366	-0.0160956315	-0.0946653033	0.0674806799	0.0324465811	-0.0277268286	0.0228323794	-0.0257227998	-0.078814908	0.0112040262	0.0621536617	-0.1036312889	0.0	0.0	0.0624848574951215	0.0105693574409996	0.0039043574161856	0.0001117113167156	0.2170752105987219	-0.0039183957140949	1.5353824972237384e-05	0.0471216470564794	-0.1593504313435403	0.0418155827852047	0.0017485429636663	0.0253925599693723	0.0032639929859348	-0.0010227631630245	1.04604448763988e-06	1.065365021223157e-05	-0.0056689004455665	-8.41263951702996e-05	3.213643226174406e-05	7.077250364349408e-09	0.0031592916909565	0.0002232803819064	9.981123988546782e-06	4.9854128944268e-08	0.0	0.0	0.0	0.0
58.54868048599875	-0.0542736580269718	3427.9479866515712	0.0029456299556286	63.63219634077496	-0.2970168334884775	4049.0564111509343	0.0882189993755219	58.347329922530086	0.0244420483368656	0.0005974137269016	3404.410909088575	62.54617795303496	46.26732211334761	0.8979439999999999	29.294291	0.0411755407249888	0.0258229597709802	-0.0328547219	-0.0684709139	-0.0288329675	0.045453075	-0.0675375561	0.0417029754	0.0602619791	-0.0002365437	0.1213990048	-0.0057542367	-0.0491120365	0.0752041403	0.0779802004	-0.1135110666	0.0837498082	-0.0190836435	0.0248210106	-0.0462586141	-0.1870631133	-0.1303806123	-0.1005971003	0.0051157842	-0.1063314358	-0.0755346446	0.0382479379	-0.0141405037	-0.0370602487	-0.061080826	0.0947067687	-0.2108651772	-0.2175299659	-0.0262107521	0.0143402528	-0.0953931951	0.0203754175	0.1187739449	-0.0559697937	0.0426789008	-0.0979336793	-0.0821219082	-0.0447950121	-0.019026963	0.0299908509	0.057393989	-0.0734386211	0.0461431663	-0.0450867566	0.005953615	-0.0248939261	-0.1255347038	0.0434279894	-0.0663113056	0.0238389952	-0.0693314495	0.0084143115	0.1178089294	0.0468705085	-0.0640568126	-0.0360863924	-0.0250111431	-0.1055208349	0.0189871468	0.1216995028	-0.013792791	-0.0200066237	-0.1392927311	0.012158075	0.1022575137	-0.0817091744	-0.0437221512	-0.1504238579	0.0232605691	0.1189176678	-0.0631450928	-0.0822413742	0.0133419678	-0.0505159216	0.0772568661	0.0096879253	-0.098580783	-0.0545142243	0.0019969077	-0.0191010194	0.0893233102	-0.0516055531	0.1262975262	0.0895439037	-0.0286155326	0.0633684877	0.0553257695	0.0357414864	-0.1169964561	0.0975006713	0.0003632698	-0.0122807208	-0.0016910651	-0.1260324727	-0.0505318091	0.0574139218	-0.0563346782	-0.1097714775	-0.0005593466	-0.0350255067	-0.0474519135	0.0120384906	-0.0654471368	-0.0291186361	0.027777969	-0.0609269662	0.0192785278	0.0512369382	0.0736984655	0.071541803	0.0918065611	-0.033760635	-0.1908702972	0.0439481746	0.0602295976	-0.0860549147	0.0845675514	-0.0971746322	-0.0640337579	0.0386114413	0.0973638808	-0.0004347007	0.0118428411	0.056777455	-0.1094002202	0.0101983173	0.0971323183	-0.0635699221	0.0422501819	0.004967562	0.1007784393	-0.0470589257	-0.00126757	-0.0524585408	0.1055570887	0.034641525	0.1066120054	-0.0292066701	0.0270432741	-0.1476607025	0.1218388791	0.0938468248	-0.1365968338	0.1339269835	0.0642271357	-0.0631252865	-0.1187271435	0.0917547987	-0.0038941623	0.0897897563	-0.1442121781	0.1287415011	-0.0802371639	0.0256557887	0.0315227304	-0.0284762574	-0.0887349939	-0.0983324211	0.0369428148	-0.0844905929	0.0490790182	0.0287402813	-0.0649348315	0.0280817271	-0.0477635105	0.0910517017	-0.0167555407	0.0104095245	-0.0439262548	0.0338265944	-0.0331218228	-0.0105762175	0.0391787481	0.0216651587	-0.0050448008	0.0400224544	-0.0477239346	-0.0078730772	0.04528274	0.036768111	-0.0952928934	0.0569896405	0.0652110535	0.0393228607	-0.0248457947	-0.0687774909	-0.1050551262	0.0375054938	-0.0063640108	-0.1063357749	0.0175236318	0.0364898594	-0.080053581	0.0149169788	0.057522261	-0.1018013597	0.0	0.0	0.0846353388794511	0.0221504813843296	0.0071631405872395	0.0004906438255575	0.2130721524310956	-0.0040030581676263	1.6024474693399674e-05	0.04539974214162	-0.1477777560173123	0.0115726753262279	0.0001339268142062	0.0218382651735122	0.0032490803165206	-1.4912669414199591e-05	2.22387709057204e-10	1.0556522903201604e-05	-0.0057229285995401	-5.40281539736006e-05	3.2751911755434016e-05	2.919041421795094e-09	0.0031593373845048	4.569354829968633e-08	9.98141270912963e-06	2.087900356215768e-15	0.0	0.0	0.0	0.0
58.37999528899519	-0.1686851970035618	3408.2238499431005	0.0284546956881304	63.26407694638221	-0.3681193943927496	4002.343431877769	0.1355118885280847	58.28350098824268	-0.0638289342874074	0.0040741328522661	3396.966487446485	62.42624544388399	45.9305525859365	1.036269	33.80695	0.1703228368292127	0.0743527059556606	-0.0211303949	0.03362479	-0.0509774308	-0.1198693348	0.0686802362	0.1218046078	0.1521587222	-0.0798457401	0.0291157259	0.0561233895	-0.0461215508	0.1080701211	0.0825826031	-0.0706462958	0.0169668691	0.0174504295	0.0832242682	-0.0404729799	-0.0858612226	0.1025964216	0.09293099	0.0167589463	0.0820969201	0.0722950365	-0.0610612716	-0.0989315077	0.0967668049	0.063187107	0.0135968203	0.0040399325	-0.1244845576	-0.1917976901	0.0783891914	0.0038675498	0.0217351249	0.0498608311	0.1003068743	-0.0478879206	0.0018116026	-0.071130565	-0.1912556167	0.1182933984	0.0014978768	0.0756970081	0.0562623564	0.1181668594	0.0520595365	-0.0396284881	0.0941546596	-0.0628308619	-0.1416977712	-0.0899644713	-0.0352284896	0.0190746959	0.0444797005	-0.0027833433	-0.0586981201	-0.0702175929	0.044794784	-0.1634983355	0.1054437972	-0.0765658654	0.0418070952	0.038431374	0.0145734677	-0.0152878269	-0.0509890758	-0.161739598	-0.0199360064	-0.1677802028	0.1554088791	-0.0196890039	0.0983896063	-0.0098593667	-0.076254884	0.1406854651	0.1560580257	0.1102168107	-0.015353002	0.0274087421	-0.026388386	-0.0457620114	-0.0071736107	0.1624528535	0.0610144761	0.0105856488	0.0216646728	-0.029857339	-0.0622576472	0.0811114837	0.0015102828	0.0309352182	-0.0568835941	0.0526188189	0.0176077297	-0.0676819911	-0.0878207017	0.0305734711	-0.0225109321	-0.0212368639	-0.0708497997	0.0007113102	-0.0089017404	-0.0323458138	0.0493960239	-0.1586950472	-0.0410059725	0.114632723	-0.0832524809	0.0405498451	0.0829029678	0.0155780408	0.0683043641	-0.0368096843	-0.0279989369	-0.1221362305	-0.021501157	0.0467137461	0.0253922069	0.0330393604	-0.1499247975	0.0310614678	0.025494323	0.1088690798	-0.0333238952	0.0378452051	-0.046627837	-0.1014516933	-0.0239734335	0.0056553107	-0.178902908	-0.006995898	-0.0284365878	0.0619862957	0.0716088786	0.1167242579	-0.0205106845	-0.0257354846	0.0992719111	-0.0791322335	-0.110979904	-0.0044327067	0.0391975137	0.0002898744	-0.020302085	0.0618718001	0.0282118524	0.0713777292	-0.0055301066	-0.0563011583	0.025042782	-0.0347902191	-0.0305138941	0.0453492091	-0.0295122549	-0.0774590301	0.0546246216	0.1630666007	-0.0019921452	-0.0399196847	0.0151272448	0.031990034	0.0180982072	0.024875451	-0.0335047175	-0.0594917027	-0.0215459639	-0.0006843779	-0.0369911603	-0.0104207	0.1657615804	-0.0237099704	0.0222137937	-0.0427679038	-0.0349618188	-0.0385576514	-0.0875471764	-0.0697115384	-0.0986056817	-0.0697833918	0.0666060767	0.0210414929	0.0331845886	0.0546628553	-0.0184260723	0.0228734209	-0.075056	-0.0238408553	-0.0405958129	-0.0554385352	-0.0184717411	0.0293344422	-0.1077092945	-0.0287687965	0.0092666539	-0.0812673177	0.0186113467	0.0527296337	-0.0994642612	0.0	0.0	0.0557524871872914	-0.0288828516921597	0.003108339827569	0.0008342191218712	0.2232770387039693	0.0102048862728737	0.0001041397038422	0.0498526360124138	-0.110447622153643	0.0373301338636693	0.0013935388942794	0.0121986772393938	0.0021543963308923	-0.0010946839856283	1.1983330283910607e-06	4.641423550562204e-06	-0.0060941000621894	-0.0003711714626492	3.713805556797685e-05	1.3776825468522068e-07	0.0027470935327722	-0.0004122438517325	7.5465228777988465e-06	1.699449932913298e-07	0.0	0.0	0.0	0.0
58.45675055444187	0.0767552654466783	3417.1916853842395	0.00589137077379	63.38586541839371	0.1217884720115023	4017.76793483872	0.0148324319148964	58.24558461838514	-0.0379163698575411	0.0014376511031738	3392.548127537463	62.512215605482965	45.87435785698336	0.939515	30.650478	0.1277935551505795	0.0697871369695717	0.002545319	0.0568529729	-0.103734938	-0.1162284841	0.0280810356	0.0167109188	0.1052409075	-0.0865552809	0.0269163576	0.055418405	0.0742969325	-0.0138292345	0.157515264	-0.0385951966	0.0026700517	-0.0530280468	0.012992322	-0.0249073912	0.0181099966	-0.1331063868	0.1289604143	0.0472279395	0.0506769482	-0.0266951343	0.0564645956	-0.0462214832	-0.0477276802	0.0454058993	-0.0984964178	-0.0731305643	0.0126164562	-0.0266556441	0.085008726	0.0529117739	-0.0264497569	-0.0516939427	-0.0137837782	-0.0196462748	-0.1157746468	-0.0265862021	-0.0864881938	0.0020716181	-0.053361857	-0.0557954711	0.1252683461	0.02560126	-0.0232660281	-0.0719977195	0.0092068237	0.0856558286	0.0645560039	-0.0236519131	0.0231957815	-0.0358663451	-0.0035788692	0.1211939811	-0.0194533328	-0.0902641456	-0.0397991319	-0.0245566799	0.1075405274	-0.0760379888	0.0330530807	-0.0447613115	0.0467824305	0.10642176	0.0534801639	-0.1125567833	0.036770647	-0.0065959837	0.0898012888	0.1318578696	0.0750131932	0.0184859323	-0.1506376872	0.0145172205	0.0317037754	-0.0021447848	0.0411176556	-0.0873712879	0.0171075446	0.0579835725	-0.0969160554	-0.0344545919	-0.0633245286	-0.0200205271	0.0437276948	0.2383979442	-0.1085973032	-0.0561350586	0.003440488	-0.0197775961	-0.0763250803	0.0993275506	-0.04059543	-0.0022621765	-0.1022279322	-0.0937908483	0.0230902317	0.0833095816	-0.0124904394	0.0483911374	-0.017593522	-0.0254887356	0.0217901394	-0.0711915675	-0.0604269785	0.1187250771	-0.1141780694	-0.0657464273	0.0113103549	-0.0191704065	0.0886929711	0.0200337018	-0.0560837001	0.0396151886	-0.0459362611	-0.0224753425	-0.0725997563	0.018231779	-0.0390736818	0.055044527	0.0486589076	0.0239484948	-0.1336150471	0.0938806862	-0.0762955421	-0.0846920727	-0.0329845971	0.0494628934	-0.0927644059	-0.0126635102	-0.09636728	0.0001320337	-0.0661041792	0.1375822813	0.0239277178	0.0520112281	-0.0914507664	0.0101299876	0.0298933409	0.1339359325	0.0136347748	-0.1284879284	0.0503334102	-0.008907315	-0.0373332595	0.007844874	-0.1471977504	-0.0361885739	-0.0015627663	0.0866019136	0.0220326687	-0.0730695419	-0.0917296479	-0.0333645315	0.0238530841	-0.0676980599	-0.0516076808	-0.057058236	0.0392648788	-0.0541219081	0.1091102491	-0.0174140212	0.0878091657	0.0154826595	0.0846844108	-0.0540729061	0.0185460013	0.1226572645	-0.0669182186	-0.0235374759	0.0159476602	-0.0488720318	-0.0169071246	0.0259259591	-0.0901195479	-0.1333027845	-0.0306594921	-0.114588399	-0.0630985533	0.0852349628	-0.051441716	-0.0220219266	0.0502510937	0.0942661976	0.0461659562	0.0204972889	-0.0399739324	-0.0128508647	-0.0343620151	-0.0445321845	0.0071485847	0.0341510689	-0.0098388277	-0.0824557403	0.0222825273	0.0477892128	-0.0966316368	0.0	0.0	0.0832172977649321	0.0274648105776407	0.0069251186472973	0.0007543158200656	0.2252925237658587	0.0020154850618893	4.0621800346992935e-06	0.05075672126479	-0.1311074989420575	-0.0206598767884145	0.0004268305089124	0.0171891762788416	0.0033532515769361	0.0011988552460437	1.43725390096674e-06	1.124429613822444e-05	-0.0058501402157478	0.0002439598464416	3.422414054390972e-05	5.951640667580913e-08	0.0026368409708049	-0.0001102525619672	6.952930305315328e-06	1.21556274203533e-08	0.0	0.0	0.0	0.0
58.633853193176336	0.1771026387344676	3437.9287402789546	0.0313653446467113	63.46938325401553	0.0835178356218193	4028.362610645108	0.0069752288669532	58.19975860421743	-0.0458260141677087	0.002100023574499	3387.211901589181	62.62418707015588	45.444746031002566	0.962234	31.391647	0.1227149131063466	0.0635484221669636	-0.009567905	0.0337347993	-0.1001344879	-0.0293894773	0.1517025347	-0.0736786605	0.096437771	-0.0346085822	0.038804663	0.0781140045	0.0014631741	0.0652028689	0.1351108543	-0.0115679802	-0.0699299854	-0.0207134076	0.0012134543	-0.0370336834	-0.0275205903	-0.0417474024	0.0554032871	-0.0053071096	-0.0269174793	-0.1134769813	0.089566868	-0.0332206637	0.0825125101	-0.0379191966	-0.1171501888	0.0002275507	-0.0839015663	-0.064721943	-0.0588172963	0.0241680341	0.0134169622	-0.0049839355	0.059933094	-0.0159236506	-0.0814447478	-0.0325059487	-0.0668926785	-0.1294801271	-0.0915578244	0.0934613122	-0.0602075006	0.0045873177	0.0295821719	-0.018630815	-0.0455008286	0.0427075256	0.0216153485	-0.0803986649	0.0814946788	0.1264270123	-0.0778406252	0.0329502042	-0.0336021425	-0.0572075623	0.0968449672	0.0996048242	0.154110707	0.0483689793	0.0695099501	0.067766204	0.0425934692	-0.0132208745	-0.004213612	-0.0770719877	0.0347654171	-0.0185026484	-0.0553051447	0.0635741782	0.0305889078	-0.0001345556	0.0854463513	-0.0661925847	-0.0103853315	-0.019357613	-0.0971793771	-0.0293253923	0.0638692985	-0.1984838658	-0.0369824719	-0.0230561606	0.0065775092	-0.0341006369	-0.0056151619	0.0590738877	-0.074065089	-0.0256146069	-0.1087244332	-0.0858175444	0.0193391503	-0.0268040778	-0.02893047	-0.0967486273	-0.0947074303	-0.108583422	0.0490143518	0.0653230811	0.000467138	-0.0663523215	-0.0463700878	0.0199607693	0.0203207369	-0.0247712027	-0.0301014469	0.1034076799	-0.0962965114	0.0422017018	0.0485335627	0.0175164237	0.1222858887	0.0903925256	-0.1934734136	0.1094811754	0.0123919646	-0.0180549746	-0.0102640885	-0.0693187401	0.0339374853	0.0079253563	0.0158971912	0.0504325601	-0.107893127	-0.0058478889	-0.037868048	-0.1854039575	-0.0611896279	0.0045756117	-0.0232451841	0.0928645164	-0.0905652535	-0.0787538659	-0.0151947173	-0.0673404051	-0.0113406476	0.0357687837	-0.0857095517	0.1257060879	-0.068048882	-0.1011028776	-0.0670930612	-0.0480470261	-0.0267476454	0.0580005652	0.0598951369	-0.0663545358	0.0232100751	-0.043213276	0.0079312324	0.0931780587	0.1892722144	0.0035891123	-0.1598645343	-0.0202312095	0.0371317872	-0.052806355	0.0173796984	0.0588331422	0.0021741287	-0.0053594409	-0.0977085611	0.0709373693	0.0578553626	0.0049009996	-0.1189057634	-0.0368757847	-0.059748452	-0.027902323	0.0780011046	-0.0357774663	-0.0090549248	-0.0053587414	-0.0460418725	0.042294674	-0.0472237364	-0.0933600524	-0.0502655803	0.0661589396	-0.0050665331	0.2242294687	-0.0110757179	-0.0221228533	-0.100718653	-0.0037415103	-0.0537643845	-0.1660712125	0.0629356172	0.0789854154	0.0111092313	0.0527676591	-0.0763555022	0.0627570516	-0.0169707699	-0.0836184785	0.0259259465	0.0427148457	-0.0933175984	0.0	0.0	0.0917244225500439	0.0085071247851118	0.008413369692139	7.237117210946348e-05	0.2027431398652055	-0.0225493839006531	0.000508474714299	0.0411047807624022	-0.1486017830325892	-0.0174942840905316	0.0003060499758402	0.0220824899204647	0.0029369645211843	-0.0004162870557517	1.7329491278650216e-07	8.625760598695323e-06	-0.0067709922251895	-0.0009208520094416	4.5846335713576656e-05	8.479684232928164e-07	0.0027829843122124	0.0001461433414074	7.745001682020325e-06	2.1357876237749097e-08	0.0	0.0	0.0	0.0
58.66501690610461	0.0311637129282758	3441.58420859354	0.0009711770034759	63.61096237068462	0.1415791166690851	4046.354533724655	0.0200446462767984	58.24969804248126	0.0499394382638342	0.0024939474941073	3393.027322040245	62.6247870215449	45.88501655677408	0.956342	31.19943	0.1098385896962948	0.0508286694967218	-0.0328567954	0.0348419007	-0.041379043	-0.0878431143	0.0844779361	0.0587544112	0.0607235156	0.0010738802	0.0545055296	0.1076700529	-0.0265148162	0.1394937982	0.1595913372	-0.10777494	0.0450213149	0.0777384242	-0.0102553254	0.0227543127	0.024666878	0.0521600547	-0.015759052	0.0159250512	-0.0377958351	-0.0264268374	-0.0341589594	0.0434817502	0.1104108391	0.004030927	-0.0130161846	0.1765250213	-0.0890667153	0.0550980343	0.0332394577	-0.0711269783	0.1086837438	-0.0673465706	0.1522074035	-0.0594521378	-0.0501671655	0.0520469147	-0.0724759359	-0.0617104372	-0.0978527722	-0.141416368	-0.035947127	0.0498213012	0.0599550295	0.0472143195	0.0592101092	-0.0322826261	0.1208538113	-0.0923995201	0.0087260845	-0.023748458	0.0184848009	-0.0367960493	0.1344347321	0.011614794	-0.0663807365	0.0531408439	0.143045364	0.0434797923	0.0490439693	-0.0347743826	-0.0961749321	0.0589494628	-0.0050686948	-0.0360014107	-0.1051236717	0.0195869417	-0.006516683	-0.06048658	-0.0671053446	-0.0388195588	-0.0064733225	-0.0246504884	-0.081544918	-0.1527203224	0.1277774634	0.0478728329	-0.0112816376	-0.0230917531	-0.0157689132	0.0614275989	0.1516235826	-0.0472121136	0.0955993962	0.0366272673	-0.1185784033	-0.094729726	-0.0763488544	0.0688054282	-0.0250459915	0.0138831023	0.1372885693	0.0829645383	0.1061830904	-0.0175892979	0.0858301603	-0.0673127243	0.0120976568	-0.0869513263	-0.0443954049	0.0287445349	0.0077522691	-0.0281895022	0.0117951981	0.136828105	-0.1010574905	-0.0150490767	0.0877060341	0.0781152567	-0.0715733769	0.0178108779	-0.1330860322	-0.025361283	-0.075563543	0.0210522873	0.0148007557	-0.0419244207	-0.0280838566	0.0453362414	0.01385234	0.0904255095	-0.093940334	-0.0406573891	-0.08625947	-0.0373649762	-0.0154277359	0.0792590501	-0.0942196625	-0.0024302465	-0.0224132689	-0.0447321928	-0.0158836628	0.1008412107	-0.073153249	-0.0343028941	-0.0197108836	-0.0102832323	0.0107614169	0.0345444791	-0.0397055242	0.157975336	-0.0436167888	0.0855833124	0.0641880956	-0.0700480752	0.0798556965	0.1145317119	-0.1069488882	0.0553355759	0.0479361263	-0.0474187633	0.0446671859	0.1561491909	0.0345200676	0.0611527077	0.086816992	-0.0246533004	-0.0011754481	-0.1450431112	-0.0770999497	-0.0119824683	0.0115936048	0.0377996753	-0.0608417547	0.0923688882	0.0999722826	-0.0761048836	-0.1182559826	-0.0368407679	0.0082085603	-0.0474737139	-0.0283914729	0.0009914608	-0.0864125801	-0.042132197	-0.0477792683	0.0244845868	0.1279759674	0.0511670584	0.0115292194	0.1011490268	-0.0058804757	0.0307845829	-0.0406799117	0.0303164164	-0.028500986	-0.0369967375	-0.0590042907	0.0685270842	-0.0849681647	0.0571590785	0.0860909607	-0.0847551701	0.0295370653	0.037520755	-0.0895386565	0.0	0.0	0.0592392266366204	-0.0324851959134235	0.0035092859725048	0.0010552879535335	0.2204311895903998	0.0176880497251943	0.0003128671030809	0.0485899093442387	-0.1290063099617171	0.019595473070872	0.0003839825648712	0.0166426280099386	0.0025842544604437	-0.0003527100607406	1.2440438694763778e-07	6.6783711163231584e-06	-0.0063650285531557	0.0004059636720337	4.051358848248735e-05	1.6480650301116657e-07	0.0027402606252507	-4.272368696169992e-05	7.509028294299358e-06	1.8253134276013278e-09	0.0	0.0	0.0	0.0
58.60857386872045	-0.0564430373841631	3434.9649309252613	0.00318581646915	63.62101976294768	0.0100573922630644	4047.63415567738	0.0001011511391331	58.321988596590025	0.0722905541087612	0.0052259242133517	3401.454353860777	62.62357182864741	45.745176477487696	0.8649299999999999	28.217253	0.0626890687652191	0.0483340093847411	-0.0095658052	0.0471280947	-0.0652654253	-0.1239587167	0.0656609133	0.0692565087	0.036695911	-0.0300074005	-0.0158094385	0.0652488678	0.0838891038	0.0927260922	0.0788494411	-0.0267388298	0.0104305418	0.0847337129	0.0242906577	0.0771557158	0.0214240548	-0.0481544791	-0.1698710317	-0.0071642756	0.0380503835	0.0402898425	0.0236905606	0.111240815	0.1299932209	0.0423785551	0.0250579536	0.0755851136	0.1032527764	-0.0263572332	-0.0443231198	-0.1872508942	0.0135836717	0.0012229557	-0.0803002263	0.0092105491	0.1045116601	-0.0177924559	-0.0976380147	0.0684245549	0.0273003109	-0.0645798088	0.0402079271	-0.0926847208	0.053217143	-0.0619009285	0.1685433724	-0.1271840593	-0.0762210249	0.0678188366	-0.1933362522	0.003885994	-0.043210124	0.0739831307	-0.0762827337	-0.1557431379	0.0475673544	0.064712141	0.0289181943	0.0462509331	-0.0110504515	0.0275284472	0.0445859291	-0.0010504432	-0.072770945	0.0227176796	0.0463955576	-0.1722158193	0.0617530063	-0.0566168136	-0.00722805	0.0777720288	0.115711043	0.0453985981	-0.0936277508	0.0258580513	0.1055367994	-0.0479500514	0.1227456899	0.1408400034	0.0202729548	-0.0188714018	0.0943558003	0.0727747215	-0.1119902566	0.0920269042	-0.0726725506	0.0846315231	0.0598147262	-0.0538282222	0.0004832324	-0.2160492895	-0.1334958926	-0.1064215064	-0.011160231	0.100270303	-0.1091472573	-0.061660157	0.0700041376	-0.0842936077	-0.0301585959	0.0192183126	0.0178466472	-0.0290691345	-0.028383195	0.1023425646	-0.1296522574	-0.0798149659	0.0255449014	-0.0029772984	-0.0764374594	0.0126267109	-0.0903088249	0.0248643781	-0.0893894253	-0.118832902	0.0371372183	-0.0190045876	-0.0720793081	-0.025128351	0.0434627051	0.0543177904	-0.110760524	-0.0430842728	-0.0871060545	0.0866198309	0.0725955542	0.0758841817	-0.0317712794	-0.027962856	0.0748083418	-0.1064280337	-0.0310232531	0.131412145	0.0465797089	0.0066848713	-0.0374302518	-0.1830879008	-0.105916329	0.0580696139	0.0685586705	0.0027919172	0.0677350037	-0.0034091939	0.0175206332	0.1245732935	0.0066084672	0.1076612632	-0.0145862604	0.0770275731	-0.1547090643	-0.0876647754	-0.0769298902	0.0234989283	0.0029579208	0.0086888182	0.1411472818	-0.073789357	0.018494715	-0.0747423767	0.0129434524	-0.0205258888	0.0803465583	-0.0648299197	-0.0773769275	0.0458316789	-0.0151340524	-0.1319831442	-0.1650212233	-0.0225738236	0.0223691735	-0.0446602571	0.0051275027	-0.0206920691	-0.1274270146	-0.0791841382	-0.0439019994	-0.0631423621	0.0429243404	0.016980278	-0.0168964404	0.0740384167	-0.0270824887	0.0446805447	-0.0448547683	0.0044905009	-0.0825963983	0.024863832	0.0157290017	0.0712507434	-0.0428723785	-0.0050203776	0.0796455305	-0.085865461	0.0331113845	0.032221499	-0.0853136375	0.0	0.0	0.0616261913424125	0.002386964705792	0.0037977874593716	5.697600506697151e-06	0.2148366315167038	-0.005594558073696	3.1299080039957334e-05	0.0461547782414439	-0.1288777821700861	0.000128527791631	1.6519393221541792e-08	0.0166094827370801	0.0016704314162748	-0.0009138230441688	8.350725560541152e-07	2.790341116477834e-06	-0.0062253000518264	0.0001397285013292	3.875436073526978e-05	1.9524054083732106e-08	0.0027022318068669	-3.802881838380024e-05	7.302056738043151e-06	1.4461910276680635e-09	0.0	0.0	0.0	0.0
58.507469153421845	-0.1011047152986037	3423.1239467386085	0.0102221634556117	63.4284066939889	-0.192613068958785	4023.162775738056	0.0370997943337216	58.25409109817654	-0.0678974984134868	0.0046100702908094	3393.539129674651	62.54129879384431	46.13670829681967	0.945832	30.856556	0.0839466150422034	0.0505055256251843	-0.0144760609	0.0510327546	-0.1293794842	-0.0968982768	-0.0142712903	0.0121359681	0.0739137177	-0.0458988067	-0.0023115378	0.0616032637	0.1075347626	-0.023246184	-0.0310060146	0.0434414811	0.0470955589	0.0294939618	0.0474783425	0.0673654748	-0.0186515073	0.0312288835	-0.1539900338	-0.0343524244	0.1650745184	-0.0250551622	-0.0425812485	-0.139315823	-0.001022814	0.0249234102	0.0745087002	0.0831065433	0.0593340913	-0.0297495786	0.0436685468	-0.1293027534	0.0890853233	0.0022848166	-0.0930050286	0.0159645991	0.0077214205	0.1290642928	-0.0390817219	0.0501774707	-0.0682569453	-0.0451318189	0.0384535806	-0.1976045695	-0.0155770802	-0.0951674423	-0.0332847038	-0.027854213	-0.0061825141	-0.0980362372	-0.0441475213	-0.0371061802	0.040867248	0.1399799744	-0.0284253217	0.0765256449	-0.0129898612	-0.0420260633	-0.0616653127	-0.0007318739	0.0163461774	0.1080790163	0.0697503844	-0.1264590853	0.0458719266	0.0045473079	-0.1017605455	-0.0820228022	-0.0376118472	0.0326590293	-0.1120974657	-0.0093140754	-0.027624552	0.0231762513	0.1075655913	0.0762461675	-0.0805660987	-0.0816752891	0.0758900109	0.0222079665	0.0820989378	-0.0130049737	-0.0093466181	0.0836972825	0.1496117286	-0.0299499502	0.0338011099	0.0160487532	-0.0545490442	-0.0173489669	-0.0513362124	-0.0112405949	0.0604408507	0.1043249998	0.0064132769	0.098718276	-0.0306607551	0.0041617966	0.0712186097	0.1075914571	-0.021995026	0.0022928356	0.0379302803	-0.0824707322	-0.0699137491	0.0318119011	-0.0228312408	-0.13500548	-0.0491200924	-0.0628048513	-0.0382211217	0.1044031249	-0.1049166035	0.037751496	0.0060360454	-0.0135392234	0.0688888846	-0.1026602328	-0.018809354	0.0153263711	-0.0046291214	0.1594459718	-0.0492987031	-0.0155152944	0.0187301218	0.0791209768	0.1169276836	-0.035369035	-0.0369637784	-0.0084134157	0.0447934681	-0.0595767079	0.0371696795	0.0480794196	0.0028833453	0.0535364861	0.0506648934	-0.0624854082	-0.0014679486	-0.0643531986	0.0667523771	-0.0568009393	-0.0100439732	-0.0216184769	-0.0979167036	-0.0939373254	0.071406911	-0.0274440649	-0.088991444	0.0713922969	-0.0345513422	-0.0781591794	0.0613247584	0.0444886113	-0.0891667995	0.0625924799	0.0383930717	-0.0086072318	-0.0353497856	0.0059447433	0.0199912184	-0.0375576797	0.0221835449	0.0640718154	-0.0147587579	0.0558550835	0.0173107708	-0.0031200619	-0.0222309158	-0.0230686342	0.0070884813	-0.0382426208	0.0231971473	0.0442246638	-0.1008966489	-0.0761531699	-0.0524664512	-0.0134365802	-0.0397550307	-0.0096324355	0.0876488364	-0.0509697086	0.0686193834	0.0238538258	-0.0864022073	0.0028357072	-0.0768273725	0.024619913	-0.1115816992	0.0429403625	-0.0296930137	0.0768671142	-0.0059617289	-0.0869490055	0.0366444511	0.0268319309	-0.0806635902	0.0	0.0	0.0627920435731397	0.0011658522307271	0.003942840736091	1.3592114238915796e-06	0.2336522995117178	0.0188156679950139	0.0003540293620985	0.0545933970671134	-0.1284735321578338	0.0004042500122523	1.6341807240598888e-07	0.0165054484651099	0.0023543020280522	0.0006838706117773	4.6767901365279525e-07	5.542738039290701e-06	-0.0067818555866756	-0.0005565555348491	4.599356519852305e-05	3.0975406337127895e-07	0.0027330225563245	3.079074945759987e-05	7.469412293378504e-06	9.480702521606864e-10	0.0	0.0	0.0	0.0
58.50413010356304	-0.0033390498588019	3422.7332391746318	1.1149253959565369e-05	63.72803182435452	0.2996251303656194	4061.262040205942	0.0897752187466144	58.22705846656029	-0.027032631616251	0.0007307631720999	3390.39033766823	62.53174976343788	45.92161325911891	0.953011	31.090775	0.1049193931346628	0.0469907970071563	-0.0453563226	-0.0159217492	-0.0753549863	0.011022765	-0.09662593	0.0343753545	-0.0013423105	-0.0514195266	0.0629804202	-0.0107356357	-0.0103855105	0.0575323876	-0.0058475387	0.0692266772	0.0833767007	-0.0240491335	0.1107920885	0.0080264175	0.1134342804	0.0310582712	-0.0983163561	-0.0648572897	0.0398417318	0.0332978886	0.0814853163	-0.0061839622	0.0111319977	0.1308668246	-0.0852124606	-0.0256730083	-0.010066039	0.1776190104	0.0693537264	-0.0014090682	0.1042541648	-0.0035723505	0.073621923	-0.0254395653	-0.0535213099	0.1967503862	0.0507949774	-0.1546923943	0.0294654715	-0.0028681243	-0.0556557145	0.0439073019	0.0670488191	0.0010844917	-0.0520211971	0.0584117002	-0.0482278485	0.0231284179	-0.0935753567	-0.0889055923	-0.0866272162	-0.1436537426	-0.0973090465	0.0083197413	0.1460352406	0.0063980273	-0.0994646207	0.0059222133	0.1020268128	0.0149358575	0.0801235596	0.1201682208	0.0350301762	0.0650757694	0.0168067795	0.0036499081	-0.1203258338	-0.0482367998	-0.0731353586	0.1073268314	-0.0012417707	0.008721091	-0.1148050041	-0.0088346733	0.1291495736	0.1113101393	-0.0273303185	-0.128495579	-0.0090465464	0.0236689306	-0.0268421445	-0.0782706812	0.0716375458	-0.0251370431	0.0472515577	0.0702200461	0.0656942273	0.0265585967	0.04869135	-0.0166196895	0.0796057596	0.0281534466	0.0640486354	0.1247476966	-0.0225887576	-0.0004650898	0.0080939824	-0.0241497512	-0.0419403813	-0.0400451515	0.0487797165	-0.0573981284	-0.0036476527	-0.0275884749	-0.0185609257	-0.0722365827	-0.079618817	0.1128219931	-0.1011996709	0.052395832	-0.0453424174	0.0064338177	-0.0334940214	-0.0496841345	0.1106017597	-0.1240950196	0.0557596641	0.0893230428	-0.0821252202	0.0280763416	-0.0412388943	-0.0184293079	-0.0196479074	-0.0612327706	0.0543282666	-0.0057301352	0.06923785	-0.0028581388	0.0925509374	-0.0168175702	-0.0397278688	-0.0026066522	-0.0344668113	-0.0321321152	0.0790452993	0.0146179481	0.0489766957	-0.0306679629	-0.013239757	0.0458423222	0.045778584	0.0302149451	0.0568289136	0.0307657279	0.0340879429	-0.0660548754	0.0663812295	-0.0391692256	-0.0618860365	0.0244098049	-0.0136602598	-0.0182931205	0.0666166282	-0.0179851136	0.0610969782	0.0630161602	0.0195598241	-0.0016930409	0.0738601172	0.2078110221	0.0123332427	-0.0669136813	0.0210107063	-0.0043335169	0.0704528582	0.0865219182	-0.0534546721	-0.0416518757	0.0127964385	-0.0596531086	-0.0448612775	0.0391903159	-0.0423309705	-0.0413171562	0.0203179519	0.046831066	0.0114659123	-0.1061052791	0.0532291648	0.0405956226	-0.0084294086	-0.0136096208	-0.0026816639	0.0313327202	-0.0524892002	-0.0295548805	-0.0492531898	0.0559041633	-0.097797035	0.0071182824	0.0279769333	-0.0880054659	0.0401318633	0.0213671566	-0.0756116809	0.0	0.0	0.0389545933230124	-0.0238374502501272	0.0015174603409612	0.0005682240344272	0.2133095153374427	-0.020342784174275	0.0004138288679611	0.0455009493334946	-0.1144122599234833	0.0140612722343504	0.0001977193768485	0.0130901652207987	0.0018943761445504	-0.0004599258835017	2.1153181831491123e-07	3.588660977041638e-06	-0.0064521071665564	0.0003297484201192	4.1629686888728456e-05	1.0873402057110857e-07	0.0025891391304273	-0.0001438834258971	6.703641436709834e-06	2.0702440247915023e-08	0.0	0.0	0.0	0.0
58.46854221198196	-0.0355878915810805	3418.5704283943164	0.0012664980271867	63.80866541113342	0.0806335867789016	4071.5457815499744	0.0065017753168306	58.184332978065314	-0.0427254884949732	0.001825467367134	3385.416604102378	62.55580971371107	45.77508147145931	0.985961	32.16571	0.1348207939720911	0.0675512129300214	0.0126012068	-0.0206620463	-0.0937919644	-0.0078782466	-0.0954023948	0.0015705575	-0.0182921808	-0.0185420876	0.0294331052	0.0255557615	0.0132224921	0.0149057524	0.0668635069	0.0540312048	0.1115360253	-0.0083532695	0.0472598597	0.0911425154	0.1989607472	-0.1489338652	-0.1332039592	-0.0181597063	0.0285575633	-0.0171493646	-0.0068415221	0.0024762877	-0.1013123604	0.1199529626	-0.0790736706	0.062681182	-0.0180780338	0.0057749442	0.0209603599	0.0784594766	0.0121746978	0.0337229513	-0.0345668417	-0.0385251868	0.0939059202	0.1113355044	0.0855254963	0.0376499193	-0.0849492801	-0.0485585107	-0.0018097634	-0.0089337224	0.0373707654	-0.0496935181	0.0284171647	0.2279917745	-0.0770020065	0.0284844251	-0.0357517262	0.138015334	0.1033363947	-0.0106510554	-0.0498968849	-0.1015296193	-0.0798268746	-0.1077919863	-0.0216460403	0.0175173319	0.0191636649	0.0891497429	0.0216891643	0.0325841978	0.0515129335	0.0276218863	-0.0925549085	0.1148299991	-0.08575081	-0.0660983582	0.1553813058	-0.1036986373	0.0090379122	-0.013612399	0.1197651638	-0.0654830226	0.1026770781	0.0808782219	0.133156629	-0.2345366021	-0.0823107086	-0.0611324716	0.1172075797	-0.0711740647	-0.0041695873	0.0765834896	0.0389315045	0.132747266	-0.12806187	0.0615257332	0.1602720319	0.039847819	0.0867334752	0.0665448169	-0.0378629429	0.0396414702	0.0571844534	0.0141448937	-0.0397828516	0.0883250232	-0.0012593193	0.0034984521	0.0165948241	-0.0200556932	0.0249841258	-0.0365667728	-0.0964553937	-0.2181596474	0.0025442881	0.1602666717	-0.0891424615	0.0691370611	0.1092530615	0.1131185657	-0.1227753156	-0.1618300385	0.0670767534	-0.0658346778	0.0320847257	-0.0082636493	-0.0147923783	0.0299165326	0.0339797346	0.0414352438	0.0555691599	0.04954927	0.0522593053	0.0745616373	0.0742209377	0.1063722448	-0.0453557856	-0.0195486892	0.0172390703	0.0633292351	-0.0613377264	-0.0562964973	0.0170790529	0.0932160158	0.1122879991	-0.0456203751	-0.0748572032	-0.1073471982	0.0557456188	-0.0528383734	-0.0708447077	-0.0782833154	0.1092479225	0.1016630547	-0.0820706768	0.0488838151	-0.0405960235	0.0692416082	0.0163452605	-0.2613038447	0.1393365315	-0.0585230745	0.1699087706	-0.0798642427	0.1314661077	0.0109891801	-0.0190662501	-0.0164533367	0.04243616	0.0306566313	0.0743350767	-0.1453444621	-0.1462794718	0.1665427514	0.1391991339	-0.0014987519	0.0147083626	-0.0116580308	-0.0301533886	0.0549543948	-0.0397915596	-0.0054795011	0.0999514404	-0.1037762884	-0.1247072827	-0.0227232552	0.0027234141	-0.0316722341	-0.0448007739	0.1585591695	-0.0721757655	0.077853073	0.0724835663	-0.0229065799	0.0047488453	-0.0278698151	-0.0087921404	0.1357739276	-0.0091791469	-0.0890345132	0.0435692762	0.0158424933	-0.0701830781	0.0	0.0	0.0968035470586556	0.0578489537356432	0.0093709267231373	0.0033465014483085	0.231297052355643	0.0179875370182003	0.0003235514879811	0.053498326428409	-0.1015343159738506	0.0128779439496327	0.0001658414403698	0.0103092173202777	0.001458963383062	-0.0004354127614883	1.8958427286695426e-07	2.128574153115716e-06	-0.0067150213258242	-0.0002629141592677	4.5091511406273793e-05	6.912385514349402e-08	0.0028129393950434	0.0002238002646161	7.912628040187129e-06	5.0086558442236387e-08	0.0	0.0	0.0	0.0
58.79228825637958	0.3237460443976161	3456.533158421228	0.1048115012631032	63.92300475922011	0.1143393480866947	4086.150537447277	0.0130734865208903	58.374875975742405	0.1905429976770918	0.0363066339637722	3407.626145183308	62.77567538762885	46.47960747422426	1.081817	35.292912	0.1205526179837915	0.0571132802363609	0.02192094	0.0237723559	0.0103902945	-0.0344803088	0.0697433635	-0.0190845992	-0.0271782982	0.0372716029	-0.0209952963	0.0496132013	-0.0685823644	0.1317887946	0.0603305353	0.0990676898	0.0512985502	-0.0908730216	0.1535755807	0.0956373114	0.0564200986	-0.0427868951	-0.0629745313	0.0744768205	0.039339086	-0.1569152341	0.0421209643	0.0166122205	0.0604748138	-0.0455807348	0.086110118	-0.0099413411	0.0816426718	0.0277974456	-0.0648237787	-0.0475154143	-0.1411128244	0.0894538536	0.050331939	-0.0270128174	0.0094768991	0.1228435085	0.0999208279	-0.0025303637	0.0297396471	-0.1717104596	0.0552863471	-0.0647250332	-0.0843906343	0.030802007	-0.0068179909	0.0638277634	0.163093449	0.0016088711	-0.0096526361	-0.0290439621	0.0869747457	-0.1029352029	0.0395062649	-0.061038261	0.0680795559	-0.0152712068	-0.0217688427	-0.0076788603	-0.0767760575	0.0043836316	-0.0061663482	-0.0622530212	0.0103471222	0.0117580562	0.02417564	0.0601373186	0.0273030901	0.1652675276	-0.0437255917	-0.0500860936	-0.0824864418	0.0872848342	-0.0517211723	-0.0863820307	-0.0293391145	0.0627757684	0.0742268098	-0.0241691839	0.0804904567	-0.003001057	0.0402595244	-0.0090939266	0.1434335785	-0.0876042476	-0.0595727084	-0.0131717714	0.1443640862	0.0925666529	-0.0800858759	-0.0805017336	-0.17488378	0.0787162091	0.0279599338	0.0354880532	0.0928692377	0.0223037286	-0.0349599128	-0.0170352401	0.0033274748	0.0567301644	-0.0433672757	0.0344636627	0.0387080252	0.1272447073	0.0407472761	-0.0082617111	-0.0377673466	-0.0128979723	-0.0233961446	0.1596863032	-0.1382222369	0.0209106438	-0.0144124542	-0.0517729106	0.0953123599	-0.0937826668	0.0107444428	0.1179555318	-0.0362830675	0.0578536522	-0.0527281347	-0.0019840237	0.1639396048	0.0505947588	-0.0251674162	0.0276224893	0.0990444685	-0.0307855872	-0.0331619995	0.0345548676	0.002255585	-0.1900452392	0.054198568	-0.1193828956	0.0137154109	0.0474388932	0.0387850704	0.0710900624	-0.1130160569	-0.0723132642	0.0102903487	0.0134099057	-0.0739528699	-0.0713460658	-0.1520530718	-0.1656960688	0.0826562509	-0.0187122483	-0.067075051	0.0195616785	0.0575251883	-0.0768664508	0.0134260964	0.0763613273	-0.0431717661	0.0357799306	0.0786013293	-0.0060217518	0.2315063831	0.0269655242	0.0308130062	0.0534428238	-0.0157148169	0.1074006308	0.0185680983	0.0128361937	-0.0829410097	0.0102047002	0.0054958492	0.0303048597	0.0328071302	-0.0445883357	0.0387811509	-0.0073077103	-0.1022790102	0.0170300882	0.0456544203	0.1054312927	0.0292931977	-0.0232868813	0.0972475132	-0.0403762694	0.1938028949	-0.0719412937	0.2183593302	0.1487961271	-0.1302541459	0.1235983924	-0.0494841477	0.0189312437	0.0562146771	-0.0900358269	0.0469524072	0.0102734258	-0.0644048267	0.0	0.0	0.0827982216784164	-0.0140053253802392	0.0068555455131081	0.0001961491390063	0.2077287958812661	-0.0235682564743768	0.000555462713242	0.0431512526382807	-0.1266681019866311	-0.0251337860127804	0.0006317071993362	0.0160448080608955	0.0008269513199111	-0.0006320120631509	3.994392479682573e-07	6.838484855027105e-07	-0.0071208645700515	-0.0004058432442273	5.0706712225014736e-05	1.6470873888494005e-07	0.0029319890899931	0.0001190496949497	8.596560023838567e-06	1.4172829867616672e-08	0.0	0.0	0.0	0.0
58.72217089593166	-0.0701173604479166	3448.2933547310035	0.004916444236183	63.83531786854428	-0.0876868906758332	4074.947807378089	0.0076889907963955	58.42561356796116	0.050737592218752	0.0025743032641563	3413.5523207927267	62.71779230057889	46.44042763901563	0.969283	31.621637	0.0963062579859493	0.0445360551159582	0.0301992796	-0.0434993846	0.0263902223	-0.0008003608	0.0854914038	0.0774062462	-0.0096538077	0.032749417	0.0022707363	-0.0060686426	-0.0582972622	0.0816873893	0.0190144817	0.1437484625	0.063578304	-0.0201368333	0.0929709411	0.0028974259	0.1413889702	-0.0088634053	-0.0468986938	0.0259908386	0.0662008666	-0.0048835549	-0.0093613102	-0.1264654695	0.0215831395	-0.0054800183	-0.0121740826	-0.045916419	0.1166632111	0.087985973	0.0619789076	0.0255736062	-0.0414056192	0.0462586926	0.0447311368	0.0354438875	-0.014776734	0.047070942	0.0040881728	-0.0307844725	0.0892734398	0.0321300175	0.1191257236	0.0057213703	-0.0314151697	-0.0509096208	-0.0058134412	-0.09312599	-0.0356400455	-0.077646532	-0.0757089294	0.085203709	0.0914427177	0.0735437691	-0.0609428997	0.0446523376	-0.0150471547	-0.0172171682	-0.0693817727	-0.1105222676	0.0889876021	-0.0185879819	0.0230751476	-0.038119064	-0.0448573451	-0.0396002607	0.0932623236	-0.0151211863	-0.0241218701	0.0244997166	-0.0230584398	0.0124990751	0.0496052345	-0.0901061653	-0.0471838266	-0.0938706947	-0.0111235478	-0.0035353726	-0.0109185405	-0.0899820729	-0.0322841818	-0.0165319508	0.0283368292	-0.0397961616	0.0669149216	-0.0254994051	0.0208811303	-0.0770976024	-0.0187209802	0.0465840574	-0.0151865475	-0.0074906659	0.0046220036	-0.0484676967	0.2179348913	0.0413074198	0.0130297858	0.0241723043	-0.1861957809	0.1560965791	0.0084175554	0.0061819093	-0.0284357434	0.0086455769	0.0902695248	0.0757006479	-0.0205929204	-0.0193809594	0.0973646136	0.0736750609	-0.055877394	-0.0657379778	-0.078784209	0.00523679	-0.0923184975	-0.0528857502	0.0613234466	-0.0141399119	0.0087783728	0.0598663511	0.0171221192	0.1178719122	0.0533515815	-0.0565170407	0.0048286594	0.1163371987	0.0621847895	0.0830959075	0.1509124264	0.0271796669	0.043077295	-0.0068164841	0.0187250479	-0.1652424115	0.0244004848	-0.0254617456	0.0358411814	0.0748540568	0.1650969364	0.1209183893	-0.0572566302	-0.0430018618	0.1725376248	-0.0414044112	-0.0168812838	0.0676117562	-0.0412032162	0.0316647507	0.0768717537	-0.0852194226	0.0709978853	0.0249297952	-0.0352244249	0.0348095889	-0.0200324785	0.0340933346	-0.1621252579	-0.0098010297	-0.1016630114	0.0697346814	0.0910025852	0.0131488527	-0.0351050868	-0.0517039913	-0.0504349973	0.0253565111	0.0637800287	-0.0905412095	0.1266974879	0.0148395997	0.0315862483	0.0004312079	0.000245695	-0.0189337641	0.0662417762	-0.0003739891	-0.0442843255	-0.0418737263	0.1056306143	-0.0019404348	-0.0832452961	0.0889065802	-0.0439504628	0.0502400343	0.1494750672	0.0195074588	0.1863558023	0.0825107688	-0.0591430404	0.0985695726	0.0244087857	-0.0396794555	0.0603682989	-0.0910090951	0.0502770413	0.0046755634	-0.0583057138	0.0	0.0	0.0948909977866208	0.0120927761082044	0.0090043014609404	0.0001462352340031	0.2080399427909185	0.0003111469096523	9.681239938623463e-08	0.0432806177964486	-0.1074552777348785	0.0192128242517525	0.0003691326157287	0.0115466367130798	0.0005618252002612	-0.0002651261196499	7.029185932061308e-08	3.156475556485375e-07	-0.0065931060767825	0.000527758493269	4.346904773970633e-05	2.785290272175652e-07	0.003432894691401	0.0005009056014078	1.1784765962249166e-05	2.509064215218099e-07	0.0	0.0	0.0	0.0
58.58913853122654	-0.133032364705123	3432.6871538312544	0.0176976100590368	63.58513878230145	-0.2501790862428308	4043.069873964536	0.0625895751932977	58.32705590313343	-0.0985576648277302	0.0097136132962952	3402.045450327252	62.61773130801763	45.94300171512378	0.899632	29.349335	0.0553393088392415	0.0314543266749529	0.0004519959	-0.0535449546	0.0114421267	-0.006949541	0.0756282874	0.0848244399	0.0457199084	0.0120315056	0.0292261278	-0.0221089351	-0.0690234008	0.0874049186	0.0516040369	0.0438244223	-0.0163471849	-0.0309360007	-0.0848440117	-0.1721317826	0.0052562924	0.1349925152	0.0541518968	0.1260105256	0.1004546749	-0.0649426298	0.0145578189	-0.0040719583	-0.0064280095	-0.0172899827	0.0481794276	-0.0739688544	-0.0716694697	-0.0279341744	-0.0043582766	-0.1053526463	-0.0911129844	-0.033453406	0.013497734	0.0166676952	0.0718583007	-0.0149291233	0.0385835549	-0.0999889006	-0.0521725308	-0.1201897336	-0.0664072423	-0.0150126558	-0.1887673694	-0.0579048985	0.0498613545	0.0208603421	0.0057558742	-0.0027328579	0.0432506856	-0.0510026258	0.0375077423	0.0310534022	0.0252256019	-0.1058514133	0.0828798369	0.0178557311	-0.0543783794	0.0773942102	0.0598697406	-0.0789567835	-0.1538557775	-0.013683088	-0.015188009	-0.008343215	0.0083753048	0.0280803764	0.0607500561	-0.0398849812	0.0226314762	-0.0225337381	-0.0535438138	-0.0992975835	0.0645854657	0.068969954	-0.0964676385	-0.0012160639	-0.051657232	0.0177706885	0.1075513791	-0.0147472445	-0.0231913046	0.0810482764	0.0311560383	0.0326578933	-0.0576956441	0.0960925424	0.1461943488	-0.0448140325	0.2215352973	0.0573049677	0.0031996724	-0.0646520616	0.0687415948	-0.0295482762	-0.0969345431	0.0615848425	0.0245830497	-0.0435902957	-0.0102870338	0.0005329945	-0.0112420497	-0.0357096657	0.0574483637	0.0803022615	-0.0071247236	-0.0026799612	0.0867983216	-0.0289677491	-0.0145133571	0.0586846935	-0.0269717975	0.0256489618	0.0202277475	0.0281594828	0.0212839567	0.002220721	0.0183139848	-0.0725742052	-0.0045853764	-0.0310449515	0.052884369	0.0395574897	0.0128267476	0.0471197325	0.1854916746	-0.0054901448	0.1870866264	-0.0467960752	-0.0719659265	0.0281197783	-0.1029363035	-0.0843937961	0.0124702422	0.0028418033	-0.0501942949	0.0621105042	0.079543126	-0.0150384732	-0.1336063045	0.0311296007	0.0024623273	0.0245875037	-0.0279020296	0.123901874	0.0385303615	-0.0428594511	0.1514337789	-0.0207835716	0.0143266209	0.1765543709	0.0960485882	-0.0101574139	0.0142843935	0.0130611165	0.0357820277	0.0495005685	-0.0035809912	0.0845789761	-0.0337259524	-0.0078543953	0.0042710094	0.0372694116	0.0003268282	-0.0048655315	-0.0276089361	-0.1029957212	-0.1184504906	-0.005966893	0.036856709	-0.0097986778	-0.0006257809	-0.0095995706	0.0397654843	0.0276305998	-0.0370984429	-0.0337605439	0.0541510134	0.0304398119	0.0145255808	-0.0601514685	-0.0444424807	0.0516925306	0.1040474543	0.0165215459	0.1030055031	0.0658094752	-0.0327686117	0.0015384094	0.016647351	0.0503276458	0.04746047	-0.0919540145	0.0535390365	-0.000935404	-0.0519161246	0.0	0.0	0.1013824447147158	0.006491446928095	0.0102784000963324	4.213888322027403e-05	0.2191580168515798	0.0111180740606612	0.0001236115708183	0.0480302363503173	-0.1071049237284782	0.0003503540064002	1.2274792980073734e-07	0.0114714646868831	0.0009698111474224	0.0004079859471612	1.664525330810215e-07	9.405336616647522e-07	-0.0066140603168096	-2.095424002709987e-05	4.3745793874395504e-05	4.390801751133144e-10	0.0031142462017076	-0.0003186484896933	9.698529404850212e-06	1.0153685998388481e-07	0.0	0.0	0.0	0.0
58.59800548585272	0.0088669546261783	3433.726246920025	7.862288434270599e-05	63.41104128354803	-0.1740974987534187	4020.960156663833	0.0303099390721966	58.32333994067065	-0.0037159624627776	1.380837702477225e-05	3401.6119818350285	62.59673287412249	46.39452281134325	0.934351	30.482021	0.1189326465204513	0.0549869131022093	0.0427953764	-0.002727931	0.0129936651	-0.0112686367	0.16247856	0.0337589037	0.1377865681	0.0130819966	-0.1066214382	-0.0104196507	-0.0350905647	0.0678360527	0.018119995	0.0131529244	-0.0074222486	-0.031647184	-0.1413442196	-0.0767480706	0.0097280542	-0.0209075215	0.0958851469	0.0555338114	-0.0938382369	0.0381892661	-0.0232987499	0.0393486208	-0.0857933182	0.0443019867	0.0006159624	-0.0166157539	0.0019769789	-0.0917017989	-0.0393581748	-0.1105745747	0.0503399475	0.0690077796	-0.0229431295	0.0218340723	0.0647065545	0.0709374707	0.1688413235	0.0102695359	0.0542304667	-0.0424731664	-0.0008346415	0.0147108281	-0.0365793669	0.0300864482	-0.0622605267	-0.0182459366	0.1035161755	0.0250845527	0.0615132417	0.0856481231	-0.0998463436	0.0335710894	0.0257251204	0.0319415292	0.0015725759	-0.0231340099	-0.0340935109	0.1351780325	-0.0071449973	0.1344953964	-0.2141557982	0.0768560781	-0.0087250676	-0.0135597358	0.0261439746	0.1085832244	-0.0322377455	0.0771570143	0.0317619691	0.14551603	-0.0030579646	0.0572195369	-3.82154e-05	0.0449608844	0.0262494044	0.0987248155	-0.1591557347	-0.0714584833	-0.0026129502	-0.2092625336	0.0095679398	-0.0428782224	0.0413106163	-0.1092453548	-0.0395054776	-0.0098434514	-0.0242892696	-0.0173759254	-0.0697416185	0.030034879	0.0884625857	-0.0666395912	0.0599132305	0.0066996096	-0.1329511244	0.020169522	0.1066773707	-0.0096279272	0.0290089635	0.0331467896	-0.0118922583	-0.0778605012	0.0469629723	0.0938008941	0.0409984588	0.005546728	0.0694051883	-0.0340050227	0.0398491078	0.0019418786	-0.0842613763	0.0835854344	-0.0004620853	0.1109947271	-0.0154545079	0.0032267312	0.022675916	-0.0223952927	0.0339911088	-0.0442423336	0.0874103509	-0.0450967851	0.1362619616	0.0323270561	0.075907462	0.0322002932	0.1957644729	0.0620413596	-0.0032801335	-0.0009059893	-0.1037467314	-0.070340436	0.0354722807	-0.026713176	-0.0535256036	0.1713650761	0.0277298641	-0.0577487688	0.0120175889	0.0548930469	-0.0294142145	0.0489461531	-0.0748402391	-0.020761265	0.0239844671	0.1172594577	0.1071411488	0.0701810191	-0.0058054793	-0.085420397	-0.0658805901	0.0366966338	-0.0573526516	-0.0266529204	0.0512784477	-0.1492844088	-0.030411886	0.0359125085	-0.1229666582	0.1703711805	0.0212336214	0.0702070494	-0.0388711802	-0.0145811079	-0.1423723179	-0.0041995629	-0.0130199628	0.0187934185	0.0018642469	0.0349070801	-0.0053508992	-0.0187168511	0.0557736078	-0.0579019455	-0.0813257206	-0.0203290784	0.063429173	0.0768616252	-0.0067631475	-0.0649512999	-0.0528749303	-0.0154093215	-0.0146827219	-0.0825976463	0.1139532307	0.0303775805	-0.032420026	0.0327894057	0.0620077794	0.0749802499	-0.0204057721	-0.0928702909	0.0567343287	-0.0065437496	-0.045267892	0.0	0.0	0.0827325373828955	-0.0186499073318203	0.0068446727418122	0.0003478190434854	0.2214041022050992	0.0022460853535194	5.044899415294445e-06	0.049019776473246	-0.0937911037257066	0.0133138200027715	0.0001772578030662	0.0087967711380862	0.0001880207435827	-0.0007817904038397	6.111962355358413e-07	3.5351800017391426e-08	-0.0071287520052003	-0.0005146916883906	5.081910515164729e-05	2.649075340984692e-07	0.003512220786124	0.0003979745844164	1.233569485048149e-05	1.583837698414063e-07	0.0	0.0	0.0	0.0
58.5812097299439	-0.0167957559088165	3431.758133423674	0.0002820974165485	63.42954483888393	0.0185035553358972	4023.3071584679865	0.0003423815600686	58.324186697844965	0.0008467571743153	7.16997712254552e-07	3401.710753965076	62.60222003713789	46.70433077247652	0.999015	32.591602	0.0846019366470796	0.0436331654645398	0.0211699502	0.0556301939	-0.059222997	-0.1198787914	0.035007623	0.0241746883	0.108076607	-0.0222766214	-0.0090950445	-0.0258277901	0.0918615695	0.0029341744	0.0315074721	0.0125834477	0.0224706094	0.077894146	-0.1282299849	-0.0702920871	0.0338654037	-0.0430299233	-0.011515519	-0.0707527844	-0.131292888	-0.007253919	0.0005075993	0.101867244	-0.0066681252	0.0413698036	-0.1267415701	-0.0847883106	0.0033671375	0.0710391131	0.0192542995	-0.0737969524	-0.0482088202	-0.0985660007	0.0857362605	0.0682162361	-0.0187648567	0.0021312076	0.1087240323	0.0539129244	-0.0171824528	0.1064333202	-0.01437445	0.0360669988	0.0254054809	-0.0389339753	0.0909874402	0.0761276255	-0.0844669207	-0.1938013442	-0.0673709265	-0.0655021459	-0.0487920939	-0.0511782291	0.0627265658	0.0204309083	-0.0378767878	0.0210876278	0.0021447173	-0.0481845467	-0.0245086441	-0.1375338639	-0.1171165606	-0.0576025578	-0.0424055492	-0.024497765	-0.1023255598	-0.0800491156	-0.0279843042	0.0446168274	0.0126282134	-0.0515831241	-0.1355219481	0.0029698353	0.1552929666	0.04299965	0.1378316414	-0.166529466	0.0378341965	0.0558641247	-0.0772054002	-0.0024543416	-0.0155716323	0.0274672177	-0.0274531928	-0.050096233	0.0677489505	-0.0529629202	-0.1134765025	-0.0354309963	-0.0269358367	0.0729954353	0.0485454752	0.0283673325	-0.0355035624	0.1568527786	-0.0315565542	-0.0771483135	0.0704257832	-0.1157598315	0.0078393272	0.0209928019	-0.0059512125	-0.0450571236	-0.0268552986	0.0962698048	-0.049558377	-0.0796757747	0.0167606793	-0.0575029405	-0.0741390492	-0.1131213742	-0.0288500768	0.0315968751	-0.0827733674	0.0081228491	-0.0098966583	0.1107319317	-0.084179886	0.0265382451	0.090731517	0.0104589806	-0.019193959	-0.0274908664	0.0771936848	0.1061433511	0.0334443084	-0.0629057005	0.0562168328	-0.0477478434	0.0062959006	0.0051363623	-0.0303689569	-0.0513195357	-0.0717757795	-0.0743596676	-0.0582542612	0.1402915071	-0.1802427018	0.0809573853	0.0340400894	0.1486133898	-0.0018644613	-0.079567229	-0.0712509147	0.0137467385	0.1413010594	0.0131639799	0.0302839737	0.0621035943	0.0420758197	0.1219839239	-0.0458177369	0.0836354717	-0.1033853383	-0.0832461461	-0.0989273161	0.0277942675	-0.0401217166	-0.1788695377	0.0541290105	0.0033715338	-0.0811717124	0.0154090832	-0.1131215181	-0.1297393165	0.0564495585	0.1106106748	-0.0113212794	0.0138542622	0.0147824696	-0.0162884385	0.0460491798	-0.0180886112	-0.0840484489	-0.0672987247	-0.0678932829	-0.0887726341	0.0074923212	-0.0599064328	-0.0664751175	0.0236661122	-0.0538049603	0.0923814678	0.0247232732	0.0540887461	0.0324584642	0.0730773413	-0.024379693	0.0828252287	-0.0189535583	-0.0621815172	0.0690399537	-0.0937576389	0.059858937	-0.012133754	-0.038394137	0.0	0.0	0.0874793918099499	0.0047468544270544	0.0076526439914387	2.253262695164596e-05	0.225185818105956	0.0037817159008567	1.4301375154793137e-05	0.0507086526760487	-0.0827017692767881	0.0110893344489185	0.0001229733385199	0.006839582641511	-0.0001380732935213	-0.0003260940371039	1.0633732103478492e-07	1.9064234383819063e-08	-0.006417288902641	0.0007114631025592	4.1181596859959335e-05	5.061797463033042e-07	0.0032500972883823	-0.0002621234977416	1.056313238394998e-05	6.870872806834292e-08	0.0	0.0	0.0	0.0
58.52080073112402	-0.0604089988198808	3424.6841182119256	0.0036492471384203	63.23458809032108	-0.1949567485628449	3998.6131309525767	0.0380081338101963	58.30529845421012	-0.0188882436348478	0.0003567657476093	3399.507827834517	62.57609239479248	46.47857003156529	0.92278	30.104521	0.0802195266213528	0.0362913045420338	-0.0088606657	0.0350901409	-0.0947891897	-0.0738412156	-0.0212752203	-0.0384714556	0.1931434693	-0.0393494086	0.0111305117	-0.0022309804	0.0918938462	-0.1182424788	0.0442736552	0.0080296067	-0.0397041259	-0.0391088071	-0.1362833662	-0.0681491189	-0.0322267516	0.0069230357	0.0587806564	-0.0805326248	-0.1063110648	0.0183581041	-0.0333058679	0.0061149073	-0.0584249251	-0.0458533443	0.0822210213	0.0072527566	0.0115962402	-0.0310620856	-0.0692771424	0.0529614392	0.0781810911	-0.0737889558	0.0605413016	0.0201616189	0.0510443434	0.0110014234	0.0650894264	0.0053446306	-0.0939534174	0.0656442468	-0.0695442172	-0.1154605927	-0.0502654683	-0.0327456925	-0.0425781905	0.0761182199	0.0789936973	-0.001507121	0.0627533831	-0.1129560776	-0.0931592962	0.0454247546	-0.0069672797	0.0642346272	0.0527822006	-0.0420894587	-0.115387272	0.0192855863	0.0791192665	0.1171686037	-0.0185381419	0.0152771268	0.0392711819	0.068568869	-0.0885149792	-0.0287702724	0.0691019747	-0.0024306083	-0.1474398058	0.0036622937	0.1011314077	0.0854772786	0.0293867111	0.0437504159	0.0458588985	-0.0098181454	0.0619666216	0.0423663242	0.1642032529	0.0782166265	-0.0389833087	0.030376929	-0.119850154	0.0627176124	0.0883757728	0.0131687165	-0.0305053998	0.0682257838	-0.0137879347	-0.0413086609	-0.1190920754	-0.0120656516	-0.0741677627	0.147603781	0.0830660729	-0.0723212723	-0.0592686723	-0.1079774123	-0.0162564246	-0.0005731724	-0.0125952588	-0.0525457646	-0.0481616446	0.0330265906	-0.0203554292	-0.1320467109	0.0073487736	-0.1014856627	0.0036990684	0.019110139	0.0577432754	0.1002943365	-0.029433971	0.0304173112	-0.0477098259	0.0332513805	-0.030688079	-0.0372615196	0.0386711584	0.0981396903	0.0393568971	-0.0203702418	0.0856191708	-0.0172277325	0.063952723	-0.0606174385	0.0280472176	-0.1239420778	0.073618492	0.0498373401	0.0050260361	-0.0737695122	-0.045630179	0.0263011056	0.0484403365	0.0394871591	-0.1563481194	-0.0130085606	0.1551890484	0.0717835551	-0.0002309782	-0.1851566209	0.0072908226	-0.0464891224	0.0068120244	0.0239664077	-0.0823191259	0.033459388	0.0615825873	0.1168665886	0.1402278848	-0.09803835	-0.0383522106	-0.0044983551	-0.0156173717	0.0154149339	0.0251876372	0.0360307027	0.0419790912	-0.0160481672	0.0237069701	-0.0375162005	0.0434718008	-0.1005500018	-0.0063425058	-0.0664852334	0.03649242	-0.0057773256	0.0267632645	0.0015908234	0.0605484993	0.0414589957	-0.0585409664	-0.0415204926	-0.0042358004	-0.0892678446	-0.0644553208	-0.0134248409	0.0068614536	-0.0414464847	-0.0352185161	0.0314111392	-0.0641955639	-0.0068423688	0.0208840215	0.0175027016	-0.0665921151	0.0215943021	0.0050534034	0.0196880613	-0.0051875078	-0.0946157819	0.0629089685	-0.0176897492	-0.0313291043	0.0	0.0	0.0882898270224501	0.0008104352125001	0.0077950935556541	6.568052336602382e-07	0.2199940284940709	-0.0051917896118851	2.695467937407804e-05	0.04839737257305	-0.1012291599714956	-0.0185273906947075	0.0003432642059543	0.0102473428285346	0.0002638252969035	0.0004018985904248	1.6152247698544116e-07	6.960378728621995e-08	-0.0060281592358784	0.0003891296667626	3.633870377310606e-05	1.514218975547723e-07	0.0029273273235245	-0.0003227699648578	8.569245259053113e-06	1.041804502143055e-07	0.0	0.0	0.0	0.0
58.572047595934606	0.0512468648105866	3430.684759580429	0.0026262411529145	63.57122353722627	0.3366354469051842	4041.300462019991	0.1133234241130531	58.325641684889405	0.0203432306792876	0.0004138470344707	3401.8804779541088	62.59921399616599	46.55321488975218	0.939179	30.639517	0.113750767682077	0.0617753504719704	0.0212634284	-0.0300500613	-0.0321199641	0.0232284881	-0.0683778297	-0.0342621313	0.0643806059	0.0228110344	0.0224056413	-0.0893075863	-0.0136780859	-0.0260911073	0.0207330484	-0.00214931	0.0343974354	0.0662571296	-0.0702877956	0.0195276088	0.0307195602	0.1171359051	0.0669704687	-0.1150421496	-0.0004748235	-0.0916576184	-0.1341711985	-0.019077488	-0.1983516336	0.0073659843	-0.0596614497	-0.0062969309	-0.0535507845	-0.0208092601	-0.0139026299	-0.0187609884	-0.0630962157	-0.0074958829	0.0376903305	0.0460307415	0.0603607313	-0.0249030195	-0.0690155666	-0.0402972998	-0.036399751	0.0071946542	-0.0327340257	-0.0374757452	0.03604475	-0.0455227467	-0.0385116511	0.080903461	0.0118685751	0.0054892736	0.1734759175	-0.0714446041	0.0555907042	-0.1012628535	0.0143030375	-0.0526106661	-0.0399974483	-0.0770529699	0.1117901024	-0.0266465606	-0.0418252989	0.0531951766	0.0117610102	0.0333302371	0.0801593117	0.0104025985	-0.02662356	0.0406250987	-0.0802190357	-0.025003277	0.1296187677	0.1306758148	0.0483478711	0.0328328136	-0.0120609655	-0.0420655061	-0.0809374646	-0.0315128746	-0.0485559576	0.137748681	-0.0616129107	0.018199041	-0.1045067225	-0.0752001864	-0.0112263381	0.0833381802	-0.0361297589	0.1703864531	0.0308991665	0.029848397	-0.0185897401	-0.0103076781	6.65551e-05	0.0334183053	-0.0258176132	0.0364821616	0.0355744564	-0.0453295047	0.0368876139	0.0046187624	0.0134061947	-0.010803023	-0.0167956186	-0.0592004995	0.0091190538	-0.0618247968	0.0323242658	-0.1232041195	-0.0509490472	-0.0365932672	-0.0008816182	-0.0337163999	-0.0086262374	0.0305746649	-0.0190224722	0.085785862	-0.0382740936	-0.0068462221	-0.0456905734	0.1061941492	-0.013507406	0.0598450506	0.0440362179	-0.0081271235	-0.043212992	-0.0483620306	-0.019283041	-0.0620604634	-0.0127338892	-0.0302336003	-0.0141189176	0.0854004242	-0.0221490344	0.0109057829	-0.0889661279	-0.1435536178	-0.0081917065	0.0309801013	-0.0881434349	0.0041927121	-0.0195614537	0.0302670925	0.0089107526	-0.0840212635	0.0399652288	-0.0906356509	-0.0522488743	0.121374135	-0.1163889245	0.1185536445	0.1077281906	0.0693875877	-0.0472243733	0.0680497425	0.0053798534	-0.0570562608	-0.0338316171	-0.0366316362	-0.0416792602	-0.091636924	-0.0103175271	-0.0463700561	-0.0263202504	-0.0308668398	0.0439098972	-0.0695994348	-0.0170410054	-0.0674356932	-0.0431092896	0.0221490843	0.0216499049	3.3018e-05	0.0277918637	-0.0118593281	0.0422756292	-0.0203314712	0.0099267757	-0.0434691571	-0.0372169131	-0.122016441	0.0086722351	0.0480437047	-0.0175627348	-0.0646025569	-0.0702957514	-0.0280104516	-0.0395640233	0.0034136721	-0.0537494024	0.022178688	-0.0296148828	0.0208263372	-0.0615367464	-0.0954444529	0.0658806233	-0.0231961626	-0.0241079916	0.0	0.0	0.0812009521191328	-0.0070888749033173	0.0065935946250536	5.025214739488193e-05	0.2074308571018832	-0.0125631713921877	0.0001578332754294	0.0430275604780218	-0.0850685555696486	0.016160604401847	0.0002611651346329	0.0072366591467063	-0.0007108610278681	-0.0009746863247716	9.500134316967688e-07	5.053234009416917e-07	-0.0066060959631777	-0.0005779367272993	4.364050387471271e-05	3.340108607614255e-07	0.0029211880359009	-6.139287623600342e-06	8.533339541090556e-06	3.7690852525292326e-11	0.0	0.0	0.0	0.0
58.51607440472925	-0.0559731912053536	3424.13096373981	0.003132998133711	63.53446651277994	-0.0367570244463237	4036.628435063556	0.0013510788461476	58.25386953819847	-0.0717721466909324	0.0051512410406247	3393.513316173448	62.55400088956973	46.323437527798696	0.928532	30.292185	0.0588763615554399	0.0274303032625711	0.0321840269	-0.0814759515	0.0354471757	0.0733928864	-0.0477627182	0.0351569364	0.0480587072	0.0030087749	0.000888794	-0.1189099748	-0.0868035713	-0.0184171357	0.0181310759	-0.0137454272	0.045029675	0.0473283643	-0.1373638556	0.1692302422	0.0202310216	0.0433794186	0.0519287193	0.0035185404	-0.0493196856	0.0192598492	0.0662043158	-0.0942369816	0.0050794275	0.0576141999	0.0018545745	-0.0581194977	-0.0309585722	-0.0535719149	-0.0049420473	0.0995088018	-0.0076437142	-0.0150227995	0.1346183464	-0.1067007807	-0.0438092651	0.0680643272	0.0295823736	0.0658167754	-0.0921911762	-0.0405951766	0.054963459	-0.0315118882	-0.075471406	-0.0765712017	0.0306895038	-0.0294700914	0.0153664504	-0.0365436442	-0.0203022102	-0.0948417528	0.0182017937	-0.0880841338	0.0693654579	0.0089793684	-0.1346724362	-0.0722085256	-0.0828565857	0.0226919263	-0.0275947096	-0.0628030684	-0.1560485298	0.0069080337	0.0625318085	-0.0573521759	-0.0882355105	0.0627584432	0.0967359306	0.0221583242	0.0940417165	-0.0204069324	0.136896166	-0.0550952429	-0.019416055	-0.0472757897	-0.0793250206	0.0703161699	0.1138605938	0.0665322329	0.0258512636	0.057379182	0.004765269	-0.0970815218	-0.1276055176	-0.0119143041	-0.1038653425	0.1303528097	0.0658302129	0.0058202568	-0.1345861513	0.0722748203	0.0060709927	0.0222140288	0.0984695671	-0.2124405706	-0.1209247502	-0.0807356205	0.0318536872	-0.0303297684	0.0175048685	-0.0189224536	-0.0241859285	-0.0760854862	0.0893777856	-0.079576486	0.029181226	-0.0784554093	0.0585974625	0.0223646497	0.0355381705	-0.0883479867	0.0974125801	0.0396943155	0.0008382844	0.0252514823	-0.0423994302	-0.0003370599	0.0180143643	-0.0218503016	-0.0123863707	-0.1022178455	-0.0446208276	0.0798214121	-0.0767651638	-0.0293269343	0.1225499776	0.0003577488	0.0197882217	0.0661169089	0.0852139257	-0.0478566992	-0.0906541381	-0.1468524544	-0.0555290671	0.0133711002	0.0196813635	-0.0604764887	-0.0497335025	0.0965542192	0.1191654563	0.0166852014	-0.12692751	0.0573396106	0.0714056627	0.003188096	0.055105071	0.0264199905	-0.2165216696	-0.0103103065	0.1048057025	0.1070673271	-0.0241124996	-0.0030933437	-0.0056107353	-0.0309240824	-0.0229300248	0.0105291928	-0.1225615375	0.0189958697	-0.0058082591	-0.0816863453	0.0089299928	0.0186452758	0.1300831734	0.0907741918	-0.044660331	0.0613511819	-0.0959621845	0.0254933479	0.0229496631	-0.0121512913	0.0100515951	-0.0428241358	0.0998113626	0.0112366932	0.0114682784	-0.1046578657	0.0482161907	-0.0582875728	0.0085386923	-0.0027951957	-0.1109821079	-0.0186642338	0.0287368969	-0.0662676457	0.0077842486	0.0689892803	0.0528449127	-0.0409429106	0.0366987543	-0.0181325045	0.0157322503	-0.0962433935	0.068770199	-0.0286375605	-0.0167667741	0.0	0.0	0.0925309865899635	0.0113300344708307	0.008561983479312	0.0001283696811102	0.2042039408682967	-0.0032269162335864	1.0412988378583951e-05	0.0416992494661428	-0.0683993155846209	0.0166692399850277	0.0002778635616784	0.0046784663724445	-0.001053030777898	-0.0003421697500299	1.170801378355243e-07	1.1088738192004672e-06	-0.0065311734060071	7.492255717060029e-05	4.265622605933439e-05	5.613389572981869e-09	0.0030570991460203	0.0001359111101194	9.345855188598049e-06	1.8471829853887783e-08	0.0	0.0	0.0	0.0
58.4869931893192	-0.0290812154100521	3420.7283723274704	0.0008457170897258	63.19396597845596	-0.3405005343239864	3993.477336086249	0.1159406138749202	58.22800762101959	-0.0258619171788794	0.0006688387601672	3390.500871513516	62.544213237300994	46.347126602118415	0.899965	29.360224	0.0848966402064917	0.0451708025901429	0.0298754488	-0.0593933738	0.0835425106	0.0348743949	0.0719934089	0.0541968085	0.0970090982	-0.0581432585	0.0045046287	-0.0765431021	-0.0390546434	0.042887832	0.0207295385	0.0988951218	-0.0824287973	0.0857713751	-0.0896779609	0.0871920165	-0.0676258507	0.0244207587	0.0094290352	0.041120302	-0.0427974542	0.0085162553	0.0317612391	0.0068512387	-0.0759144966	-0.0839866925	-0.2579773332	-0.0638014089	-0.0212050171	0.0052054255	0.0264463026	0.0081054498	-0.0454865788	-0.0798079348	-0.0964361033	0.0295409032	0.0669903814	0.0140129461	-0.0360640405	-0.1149460324	-0.0170412987	0.0260287639	-0.0260025063	-0.0894604234	0.0434118149	-0.0339490086	-0.0349175303	0.0616010638	-0.0111899138	-0.017800568	0.1024640723	0.0203192662	-0.0797252849	0.0230345278	-0.0616553596	0.0114923728	-0.1034479774	0.1854823273	0.0110891612	-0.0637079375	-0.0238494266	0.0067050776	0.0216822058	0.0921794728	-0.1575145993	0.0204649195	0.1138531781	0.0560120213	-0.0156209594	-0.0584002791	-0.0990141572	-0.0523715948	-0.0775512952	-0.0949343038	-0.048235519	0.081399518	-0.0082636634	0.0959555796	0.1234290954	0.0527511984	-0.0100019475	0.0342070969	0.1887451076	0.0196197664	-0.0105459597	-0.1053985659	0.1684526103	0.0325483119	-0.0459690911	-0.1068100107	-0.0610002207	0.0304049581	0.1092702793	-0.0064420302	0.1186378832	0.0459760598	0.0167892523	-0.1886273768	-0.0690368729	0.0169025637	0.0195396505	-0.0165245327	-0.0302599207	-0.0894367282	0.0793136273	0.0064705573	0.1041691196	-0.0369161118	0.0956159862	-0.0424291643	0.0756835541	-0.0222388483	0.0976714269	0.0615376318	0.0849753571	0.0726702387	-0.0237953475	-0.0636376397	0.0889416105	-0.006818005	0.0240764854	-0.0133744427	0.0208667804	0.0970368476	-0.0131896176	-0.1055154226	0.1089906833	0.0470822958	0.0452438886	0.0561371008	0.1053251791	-0.0129417541	0.0290282369	-0.0120749204	-0.1254010878	0.0450700114	0.0327039474	-0.0259744239	0.0084899309	0.0381872947	0.0679441628	0.066525959	-0.0409998682	-0.0181085131	0.0807489339	-0.1207360081	0.1135503172	0.0964309699	0.0538324522	0.0273660583	-0.0559780106	-0.0049803551	0.0609980951	0.0978937826	-0.0315072628	0.0903710717	-0.1248699459	0.0035459993	-0.1133929338	0.090918834	0.094650698	-0.0587572538	0.0030780784	-0.0287338875	-0.0698110839	0.0437122122	-0.0271653687	0.0447124173	0.0366967792	0.0206821328	0.02703022	0.0299842505	0.0461998695	-0.053342278	0.0848125621	0.0182052633	-0.0166554069	-0.0908161267	0.0707830764	0.0068096814	0.0541682434	-0.0446866293	-0.0519623579	-0.0031992025	-0.0029987499	-0.0378186808	-0.0321821622	0.0313743652	-0.0116536885	-0.0728028819	0.121977196	0.0230061723	0.0644081166	-0.0970123549	0.0715740957	-0.0339986915	-0.0093420254	0.0	0.0	0.0858899012726936	-0.0066410853172699	0.007377075140633	4.410401419125797e-05	0.1877732151535127	-0.016430725714784	0.0002699687475144	0.0352587803290873	-0.1040844798420437	-0.0356851642574228	0.0012734309480792	0.0108335789439888	-0.0013618841581327	-0.0003088533802346	9.539041048240009e-08	1.8547284601728128e-06	-0.0066050489552103	-7.387554920320043e-05	4.362667170072468e-05	5.4575967700744886e-09	0.0029170347771179	-0.0001400643689024	8.509091890915278e-06	1.9618027436027603e-08	0.0	0.0	0.0	0.0
58.575713073907394	0.088719884588194	3431.1141621167258	0.0078712179213424	63.429769444644	0.2358034661880452	4023.335651800694	0.0556032746662966	58.30672218123942	0.0787145602198293	0.0061959819906011	3399.6738515202373	62.63712942272374	46.73465712377939	0.885841	28.899429	0.0678737003057306	0.0338821932042946	0.0420722287	-0.0170665704	0.089930588	-0.0039199807	0.1072547154	0.0447574317	0.0384393013	-0.0121098208	-0.0626617595	-0.0045775912	-0.0346682286	0.101942379	0.0050571166	0.0174326131	-0.1389726587	0.0364477149	-0.0037673164	0.0774033229	-0.039188638	-0.0049633372	0.0418205924	-0.0764612981	-0.0422204817	0.1232688094	-0.0251884318	0.0415463022	0.0037577778	-0.1332365179	0.1120780087	0.0008340294	0.1042956468	0.0386966874	0.0818168369	0.0639895287	-0.0213381949	-0.1773717946	-0.0715526666	-0.1112444883	-0.027671371	0.0732021905	-0.0496699749	0.0508795641	0.0032834918	0.0023086811	0.0902339561	-0.0795183297	0.0835019519	9.16124e-05	0.0019078104	0.137664076	-0.0873498291	0.0114841218	-0.0075607149	0.132969355	0.0089676214	0.0258954891	0.1067812096	0.0382872831	0.075089866	0.0046662174	-0.1161731731	0.1010172217	0.0826041664	-0.0501515941	0.0020973053	-0.0577647781	0.0045476797	-0.0617957194	-0.044711834	-0.0597426476	0.0502159103	-0.0556282257	0.0950073048	0.0208482991	0.031530039	0.0906936734	0.0255106317	0.0120881126	-0.0207776924	-0.0035715881	-0.1809088042	0.0162784211	-0.1345858174	-0.0213978234	-0.1168548333	-0.0024770966	-0.0352709597	0.0203720167	0.0501725217	-0.0118530832	0.0385776352	-0.0399579164	0.092072024	0.0739823846	-0.019625309	0.0222716696	0.1532766825	0.068112897	-0.0127994897	0.0281914492	-0.0391240172	-0.1116755318	0.0417273725	-0.0049400658	-0.0191830683	-0.0416349677	0.088582906	0.0509530754	0.0965352966	0.0265682169	0.0506973495	-0.0239238515	0.02116915	-0.1336954755	0.0582733015	0.0211501752	0.0447492556	-0.0156139109	0.0168064264	-0.0326880059	0.003207449	0.0255686943	0.0107288942	0.1311259082	0.0274961995	0.1174166762	-0.0269521609	-0.0521415858	0.0108938079	0.053847138	-0.0437252817	0.0466396254	0.0163655205	0.0415249454	0.0544948793	0.034765669	0.013895364	0.0449151348	-0.0309641131	-0.0369616946	-0.0230993052	-0.0333877533	0.0400973582	0.0250550645	0.033524381	0.0566728986	0.0336962353	-0.0843652709	-0.057666819	0.0312375811	-0.0532421314	-0.0861043641	-0.1087527552	-0.1560115067	-0.0768960591	-0.0007835009	-0.0159241245	0.1145552987	0.1050023104	0.1499992049	-0.0150750363	0.0020753768	-0.0676197289	-0.0385900207	-0.0317916988	-0.0388454356	0.0487720619	-0.0520273436	-0.1039954408	0.0799735507	-0.0243765869	0.033028031	0.0089510554	0.0224190345	0.0477582197	-0.0640696474	0.06857836	-0.0180279719	-0.0662262445	-0.0736144254	0.0929782669	-0.0043487123	-0.0203362768	0.0846536325	-0.0218125568	-0.0298339987	-0.0139798725	-0.0067158292	-0.0356140769	0.0188492221	-0.0864594131	-0.0461781269	0.0389406364	-0.0067773903	0.028373121	-0.0977510977	0.0742888199	-0.039264529	-0.0018707352	0.0	0.0	0.0836448718712006	-0.002245029401493	0.0069964645903495	5.040157013568023e-06	0.1805725446470774	-0.0072006705064353	5.184965574224724e-05	0.0326064438803207	-0.0905060680927363	0.0135784117493074	0.0001843732656337	0.008191348361607	-0.0015058732736137	-0.000143989115481	2.07328653770008e-08	2.2676543161840414e-06	-0.0071609316137379	-0.0005558826585275	5.127894157663088e-05	3.0900553005171165e-07	0.0031141547760792	0.0001971199989612	9.697959969376892e-06	3.885629399050288e-08	0.0	0.0	0.0	0.0
58.56802269157067	-0.007690382336726	3430.2132820003367	5.914198048502774e-05	63.60652652940251	0.1767570847585062	4045.790217135585	0.0312430670123257	58.29315820812014	-0.0135639731192824	0.0001839813667806	3398.0922938769245	62.630304351097	46.492797564754525	0.8652659999999999	28.228212	0.0727432235157212	0.0327348450142851	0.041642642	-0.0031129346	0.0894083036	-0.0326390018	0.1141676961	0.0454739183	-0.0111808961	0.0203343026	-0.0456549874	0.0232805205	-0.0043745981	0.118315301	-0.0301965381	0.1242506257	-0.1642507181	-0.0799340837	0.0264752582	-0.0037772444	0.0422940457	-0.0013790044	-0.0183386388	-0.0123259539	-0.044257807	-0.0205455997	-0.0426446046	0.1118939305	-0.081808893	0.0582283147	-0.0168070124	-0.2032367699	-0.0992222901	0.067306449	-0.0593117346	0.0883823328	-0.0573016267	-0.1018602629	-0.066642415	-0.0429247489	0.0514921416	0.0050952552	-0.0952010727	0.1348105076	-0.0112014316	0.0016577748	0.0945300871	-0.0098286196	0.0909869735	0.0315706439	-0.0521272176	0.0156919336	0.0895217301	0.0861180211	-0.0536587969	0.0040465543	-0.0252612589	-0.0639820705	0.0529755401	0.003576349	-0.1324170312	0.000669741	0.0272514806	-0.0198665465	0.0176178612	0.058332744	-0.0225786544	-0.0949462986	-0.0158295148	-0.0295851527	0.0149433965	-0.0221462644	0.0906491158	0.0237385774	0.0418911843	-0.037284361	-0.192245073	-0.047978714	0.028959537	-0.1170305407	0.0943294072	-0.0319323283	0.0888797592	-0.0358594615	0.0168822263	0.026106724	0.0300505779	-0.0709629787	-0.0464556676	0.1108389265	0.0528587902	-0.0209458392	0.1492753883	0.0438566726	0.1653715878	-0.1823553787	-0.0735194591	0.0233138731	0.0971316739	0.0119160513	-0.0409424494	-0.0966009456	0.0579314788	0.1017743525	0.0339119046	0.0115312217	-0.0097092452	-0.0136551324	0.0785211917	0.0668784637	0.0144578633	0.0019157249	0.0886233031	-0.0268230168	0.0164056075	-0.0645424843	0.1367630794	0.0524242895	0.0271241554	-0.08337796	0.0113604878	0.0477149086	-0.0452939716	0.0015202119	0.1475646332	0.1084200231	0.026715382	0.0860581254	-0.0028937236	-0.0740707056	0.0094786938	-0.0312270647	0.0753116813	-0.0095627873	-0.1220967541	0.1089305177	-0.0117091696	0.0250324867	-0.0196560483	-0.0115411873	-0.0165191338	-0.0020624387	-0.0198039686	0.0230883358	0.0973814291	-0.1036371917	0.0085142481	0.1238458325	0.0703113642	-0.0647967241	0.0495564509	-0.0630627742	-0.0686105694	-0.0938821343	-0.0455603926	0.0237876569	0.0147469504	0.0110873851	0.0316488424	-0.1011751716	0.0002394304	0.0530030105	0.0608279308	0.0659927721	-0.1012375128	-0.0045807976	0.0656043222	0.0243964438	-0.0312932601	-0.0232677716	-0.0043098532	0.0019697792	0.0120954866	0.0277147386	0.0084447033	0.0318394742	0.0247342244	-0.051559864	0.0490812731	0.0097179929	-0.0352425571	-0.132633177	0.0389328738	0.0183954811	-0.0113035172	-0.020796035	-0.0900897474	0.0606080796	-0.0198923692	-0.0003839945	-0.0120104918	-0.0106479991	0.0001519223	-0.0204352874	0.0646002967	0.0210203528	0.0076509209	-0.0984593917	0.0769109895	-0.0444203137	0.0056098749	0.0	0.0	0.1054143110408887	0.0217694391696881	0.0111121769722252	0.0004739084817627	0.1906869545592115	0.0101144099121341	0.0001023012878706	0.0363615146390667	-0.0791829820899323	0.011323086002804	0.0001282122766268	0.0062699446526545	-0.0015620734929144	-5.620021930069995e-05	3.158464649446767e-09	2.4400735972657943e-06	-0.0068253481476117	0.0003355834661261	4.658537733610646e-05	1.1261626273727421e-07	0.0029152126928842	-0.000198942083195	8.49846504475315e-06	3.9577952465966334e-08	0.0	0.0	0.0	0.0
58.631957328882976	0.0639346373123075	3437.706420215954	0.0040876378482563	63.76979567701383	0.1632691476113237	4066.586840688092	0.0266568145617282	58.38467499487563	0.0915167867554913	0.00837532225805	3408.770274257256	62.66647589239657	47.11593055422664	0.879399	28.689257	0.1560822791046761	0.077810562029205	0.0692746256	0.0306594071	0.095642315	-0.0107011227	0.0892045427	0.0290559643	-0.0107920254	0.0558366189	-0.1224241787	-0.0075017074	-0.0280598178	0.040134206	0.0122322314	0.0458905728	0.0056558285	-0.0652887803	-0.0521698733	0.0583858532	0.0117738411	0.081023476	0.0736217215	-0.053485454	0.0797580036	0.125232065	-0.129353294	0.0605513956	-0.0850537813	-0.0294541643	0.0463180437	0.0053614527	0.0832624328	0.0797853809	0.0203339363	-0.1608456876	-0.050625648	-0.0985362996	0.1353824149	-0.0147852202	0.0841848539	0.0861148569	0.1001387526	-0.0073495646	0.0958075319	-0.0518194768	0.1452268096	-0.0885590272	-0.0381612968	-0.0317747482	-0.0504074726	-0.0432725668	0.0741306802	0.0506710828	0.0806840848	0.0063041779	-0.0901635566	-0.0357083952	-0.0357774719	0.0699822515	0.0213912295	0.0026837491	-0.0391786886	-0.0628228762	0.1404948405	0.1523620174	0.077043208	-0.0611623688	-0.0031414143	-0.0136700643	-0.0184944727	0.00230989	-0.000597018	-0.0262027087	0.0722767708	0.0759415863	0.0046227898	-0.1108860917	-0.003671259	0.0663029693	-0.0643385341	-0.0570406412	0.095873435	0.0509772471	0.025810867	-0.126878733	-0.0481427068	-0.0668455615	-0.0304557075	0.0296629357	-0.1459480243	-0.075763499	-0.1094887	0.0418556116	-0.0514497631	0.1016026304	-0.0287761114	-0.0156213589	0.1520053732	0.0148495038	0.1269654665	0.0196818275	-0.157362163	-0.1082613901	0.0695466746	0.0366446774	-0.0072946293	-0.0063627188	0.0713262889	0.0369228699	0.0805675079	0.0015281503	0.0741898546	-0.0901260304	0.0279855465	0.0134064662	0.1235041051	0.0198260296	0.0461778255	0.0405002926	0.1170275537	-0.0159007665	-0.0335193088	-0.0088205808	0.020537568	0.0802541628	-0.0451247549	0.039931236	0.0281209659	-0.0359305411	0.0019079638	-0.0248568599	-0.0217289986	0.0204570382	0.0010815522	0.01833124	-0.0193017754	0.1045982691	0.0016152914	-0.1060767835	-0.0571809116	-0.0745215945	-0.0280748738	-0.0487384819	0.0274315738	-0.0097169361	-0.0533746873	0.1513384073	0.0911934917	0.016083273	-0.0280633048	-0.0576455135	0.0455062107	0.1096573444	-0.0106687547	-0.0462737089	-0.040730114	0.0770695737	-0.0420367927	-0.0021388973	0.094762249	-0.1443980034	-0.0344264385	0.125053252	0.0076945431	-0.0708529384	-0.0585718104	0.1192680046	0.0954852518	-0.0062445452	-0.0696597864	0.0742070943	0.0508124992	0.0561685555	-0.0333085382	0.0491779423	0.0345285871	-0.0829248594	0.0570490296	0.0262896227	-0.0318420477	-0.1091894282	0.0727989016	0.0397637674	0.0346369425	-0.0296177086	-0.0058665809	-0.0326150862	-0.0670041848	0.0070114204	-0.0366782438	0.0025715086	-0.0533968296	-0.0171860051	0.0949446093	0.0534512748	0.0221307409	-0.0991370163	0.0794373376	-0.0494515946	0.0130625369	0.0	0.0	0.0805568211244605	-0.0248574899164282	0.0064894014296783	0.0006178948049453	0.180725747566683	-0.0099612069925285	9.922564474799876e-05	0.0326617958335364	-0.0603345823807828	0.0188483997091494	0.0003552621715958	0.0036402618310634	-0.0025691363383342	-0.0010070628454198	1.0141755746250242e-06	6.600461524949262e-06	-0.0078568409145176	-0.0010314927669058	6.172994915603775e-05	1.0639773281791875e-06	0.0029054646554785	-9.748037405700028e-06	8.441724864234799e-06	9.502423326292691e-11	0.0	0.0	0.0	0.0
58.65361360843002	0.0216562795470451	3440.246389327008	0.0004689944438197	63.84058226016989	0.0707865831560567	4075.6199433175184	0.0050107403549093	58.377935527590274	-0.0067394672853566	4.542041929039296e-05	3407.983356463487	62.708309978135375	46.89460548512779	0.864066	28.189047	0.0416460924272103	0.0240616234175226	0.0671124738	-0.0046322692	0.1131416601	-0.0004474177	0.0866483472	0.0534144894	-0.0231407794	0.0303055506	-0.035467878	-0.0249705549	-0.0607891119	0.0100605539	-0.0546486402	0.0314526091	-0.0659058905	0.0777729884	0.0753557392	-0.001693161	0.0306890961	-0.0356189515	-0.0077377326	-0.036177012	0.0813166118	0.0305383024	0.0302586415	-0.0946266173	-0.0533335869	-0.0398096194	-0.1160476959	-0.0170463837	-0.0799278136	0.0041657857	-0.0092505663	0.0168122156	-0.026351084	8.79844e-05	0.0167175329	0.0882831957	0.0047414337	0.0597303222	-0.0323937291	0.0568176384	0.0668115354	0.0216489117	-0.0450673472	-0.1203665288	0.0552826646	0.062941765	-0.0532948321	0.2191717045	0.0190182403	0.0522433775	-0.0304896525	0.065520828	0.0694860765	-0.1174614933	-0.0290050047	-0.0520781306	0.0734050613	0.0094034636	0.0153365755	0.0615442677	-0.0763921959	-0.0347174293	0.0152831822	0.0935538627	0.0058972714	-0.0076348902	-0.0342164043	-0.0527622509	0.030463465	-0.0114799291	-0.0054398131	0.0358362617	-0.0676988461	0.1054148373	-0.0499178697	-0.0207030999	0.0955828219	0.0626964351	-0.0488609967	0.0366201523	-0.1334475094	-0.1724311399	-0.1303658078	0.0135357987	-0.0068445442	-0.0564129503	0.1311982819	-0.0326008038	0.0649730542	-0.0253273609	-0.1262599155	0.0496001001	-0.0724427402	0.0106495283	-0.0549014456	-0.0306745066	0.0222836587	-0.0196025987	0.0024747188	0.0465335723	0.0625719904	0.021142793	-0.023263253	0.0065350529	0.1159134139	0.0435265398	0.0653436724	-0.0006890583	0.0550805166	-0.0162518537	-0.0068592969	-0.1211772053	0.0563143587	0.0061629064	0.0056130266	0.0231208379	0.0877994105	-0.0513338276	-0.0106673204	0.0624149272	-0.0126403162	0.0983924686	-0.0252449835	0.0683546966	0.061150198	-0.0011902222	0.0459585218	-0.0438502825	0.0588402914	0.1012869138	-0.0081338143	0.0782929638	0.031790639	0.0147646728	-0.0567015632	-0.034971357	0.0012371393	-0.0432236631	0.0459160232	0.0306062517	-0.0301445447	-0.0166850508	0.0328516061	0.0577920538	-0.0242299605	-0.0915576523	-0.1048796179	-0.0283073984	-0.0348741639	0.0052531885	-0.1181411702	-0.1146737531	-0.0690312468	0.0684231989	-0.0982732807	-0.0976415812	-0.0143639873	-0.0206178633	-0.0441830581	-0.0638982236	0.0191808945	-0.0116945228	-0.1619252571	-0.0442791705	0.0714190504	-0.0954741494	0.0331074804	-0.0327546739	-0.0961611474	0.0476177062	-0.0218397902	0.010725529	0.0227407677	-0.0917117049	0.0856939064	0.0292045683	-0.0327305181	-0.1032794578	0.0842121358	-0.0209496679	-0.0368218367	0.0643857252	-0.0368719068	-0.0189246474	-0.0187988671	0.0503891928	-0.0414121204	-0.0183123822	-0.0076825487	-0.0221840194	0.0633102905	0.0397989813	0.0230679819	-0.0997837604	0.0818647166	-0.0543442699	0.020450122	0.0	0.0	0.0879159033547836	0.007359082230323	0.0077292060626876	5.4156091272657165e-05	0.1803121669999967	-0.0004135805666863	1.7104888514056577e-07	0.0325124775682346	-0.0588557416048018	0.0014788407759809	2.186970040704077e-06	0.0034639983198511	-0.0021536844312201	0.0004154519071141	1.72600287124743e-07	4.638356629279845e-06	-0.0077181264732448	0.0001387144412727	5.956947625700221e-05	1.9241696217624916e-08	0.002811739226781	-9.372542869750004e-05	7.905877479419015e-06	8.784455984530163e-09	0.0	0.0	0.0	0.0
58.68815699465781	0.0345433862277886	3444.2997714296025	0.0011932455320821	63.65369665949719	-0.1868856006726957	4051.793098419284	0.0349262277387943	58.33820302012689	-0.039732507463384	0.0015786721493278	3403.345931617542	62.71845768154925	46.99750614544302	1.015343	33.124271	0.1242818404899908	0.0578648647660878	0.0950750792	-0.0485342076	0.0464672113	0.174216298	0.0775487868	-0.0607497695	-0.0186282701	-0.0203321785	-0.0521611279	-0.0964394189	-0.018787532	-0.0081186002	-0.0287545525	0.0650943571	-0.0605154255	-0.0213144679	-0.0204768315	0.0369484021	-0.019119258	0.0583011972	0.0601704002	-0.0278040226	-0.1589607731	-0.065882685	0.0929462232	-0.1328083866	0.1187050808	0.0554147347	0.0009934991	0.1336707656	-0.0509493841	0.087143056	0.1061562098	-0.0478986209	-0.0281650546	0.0265084049	-0.1070780839	0.0104817235	0.1233803876	-0.1325268727	-0.0366650393	0.0513689029	0.1082286211	0.0107131607	-0.0440521536	-0.0249750655	0.018295202	0.0277949779	-0.0163339377	-0.0788958176	0.0180981733	0.0763247386	0.0606189744	0.0064718223	-0.0378408882	-0.0823817282	0.0081521537	-0.0280721777	-0.0153924955	0.0583771718	-0.0670890798	0.0478417292	-0.0018606692	-0.0107844667	0.1060439068	-0.146788956	-0.0127288666	-0.0344693775	0.0194282154	0.0406286809	-0.0294384102	-0.0893094537	0.0548607345	-0.0716415964	0.0305219691	0.129260772	0.0736198266	-0.0183275553	-0.0457348292	-0.0141399126	-0.0935707818	-0.0901169545	0.0154141651	0.1095192852	0.0186496886	0.1078372099	0.0732130388	-0.0325046751	-0.0289722079	-0.0063545679	0.006214525	-0.0105079501	0.0176696957	0.0720474326	0.0164393221	-0.0161012245	-0.0198322726	0.104679615	0.0839187825	-0.1038258093	-0.0517859079	-0.002323197	0.0732075956	0.0213162143	-0.0188175781	0.0260782093	0.1199655973	-0.0686394014	0.0528944985	-0.0113388015	-0.0021022416	0.008769804	0.0979404951	-0.0170201272	-0.0331145997	0.0354989908	0.0700155835	-0.0662480639	0.0182228753	-0.0288476748	-0.0392535661	-0.0534764576	-0.0149066575	0.0120193768	-0.1110258472	-0.0760264594	0.1039909485	0.1312623387	0.0210358388	-0.0413311045	0.0626416493	0.0419356248	0.0079562949	0.0130519237	0.030191098	0.088497629	-0.1519099927	0.012196748	0.006513556	-0.0935466814	-0.0107127048	-0.0385972419	-0.0028376823	0.0694361852	0.0286179559	-0.0100809733	-0.1236746073	0.1729789286	-0.0396843483	-0.1488957596	0.0636859	-0.0080868501	0.0627697158	-0.0575662199	-0.0376158768	-0.0447423417	-0.0514474379	0.0431985725	-0.111712943	-0.0461934132	-0.0853896782	0.0131157957	-0.093674782	0.0535861217	0.007249474	0.0127220484	-0.0130712417	0.0715053905	0.1343834661	0.031349982	0.0413975237	0.0695222434	-0.0504282739	0.0569118247	-0.0675637401	-0.0274944203	0.1767902113	-0.0958002476	0.1578818524	-0.0556978363	0.0012790984	0.0617857693	-0.0432723145	-0.0083789561	0.1833825667	0.0194511808	0.0368194888	0.0793622748	-0.1458258209	0.1206928265	-0.0097050883	0.0034774329	0.1217872874	-0.076064699	0.0022004611	-0.1003994225	0.0841901024	-0.059084626	0.0277358257	0.0	0.0	0.1271539347816173	0.0392380314268337	0.0161681231304477	0.0015396231102531	0.1925514411878879	0.0122392741878911	0.0001497998326463	0.0370760575035326	-0.0270724569637508	0.031783284641051	0.001010177182574	0.0007329179260541	-0.0025959246950237	-0.0004422402638036	1.9557645092907777e-07	6.73882502223389e-06	-0.0080028832109424	-0.0002847567376975	6.404613968798373e-05	8.108639966417965e-08	0.0029051672299641	9.342800318310004e-05	8.439996634057281e-06	8.728791778781353e-09	0.0	0.0	0.0	0.0
58.6991874124066	0.0110304177487918	3445.594602876833	0.0001216701157128	63.586661493391766	-0.0670351661054269	4043.263519875192	0.0044937134947821	58.41183417627788	0.0736311561509879	0.0054215471561311	3411.9423718369844	62.69621403237555	47.685310046718186	1.011068	32.984814	0.2185019474263165	0.1256698156537267	0.0262966388	-0.031919108	0.0380994923	0.1159996573	0.001834974	-0.1541830352	-0.0288263769	-0.0387121345	0.0045870511	-0.0586054933	-0.0374665779	-0.0132218051	-0.1353390883	0.0038560443	-0.0059015579	0.1341500024	0.0171607418	-0.0554407291	-0.0286324772	-0.0379307	-0.0390400431	-0.0984287516	-0.0287197581	-0.0924104596	0.030898462	0.0064878413	0.0333495402	0.0535347069	0.0074663097	-0.1150161037	0.0490291434	0.0088131402	-0.106147931	-0.0996539508	0.0187130008	-0.00284892	-0.0762148603	-0.0461625252	-0.0854054584	-0.204282502	0.0860307955	-0.1376245839	0.0918943367	0.0729722276	-0.0057622339	0.0314404723	-0.019001317	-0.0069203216	0.1082754958	-0.0097452759	0.0368374062	0.0180286547	0.0512998026	0.0484423554	0.025229045	-0.0388203292	0.048159234	-0.0647839703	-0.0403102306	-0.0746526014	-0.052537449	-0.0519497265	0.0434961975	0.0202805498	0.1064647855	0.1026787147	-0.0781717762	0.1104532863	0.0828345586	0.1174987658	0.0128195394	-0.0264242657	0.0067558172	-0.0269725537	-0.0193096725	-0.0809939491	-0.0787801111	0.0325304161	-0.0946539096	-0.0182942913	0.0015335302	0.134768333	-0.1244624105	0.0118441773	-0.0578125308	0.0403364305	0.0268606427	-0.0258390227	-0.0321259355	0.0586326707	-0.0054611676	0.1619900591	-0.0129117127	0.0628454427	0.0062893651	-0.073400346	0.1003548803	-0.0902935354	0.1160229876	0.0533617641	-0.0240053809	0.0283695794	0.0117117073	0.0019403525	-0.0094253973	0.0128229122	-0.0024225442	-0.0731456024	0.0344813767	0.0324775227	-0.0682464599	-0.0481011892	-0.0311065856	-0.1065325132	-0.0605467886	-0.0085382614	0.0154989136	-0.1707817679	-0.0403197463	-0.0294814471	-0.1090805761	0.0428495254	0.0321341767	0.0951659164	0.0999548017	0.051724446	-0.0084469587	-0.0493977091	0.0104055692	-0.1133392411	0.0424877503	0.0455556407	0.0379665784	-0.0331050664	-0.0349287297	-0.0395861122	-0.0567168501	-0.0086358338	-0.1528649012	-0.0483574361	-0.0158250872	-0.0890487609	0.0157369625	0.0484611558	-0.0127921057	-0.0758389749	-0.0877232197	0.1150616329	-0.0088841262	-0.0288662086	0.0515181354	0.131269578	-0.0321840847	-0.0437044402	0.1459544826	-0.1033402792	-0.0267808869	-0.1943743383	-0.1623378299	0.0626245327	-0.0110955952	-0.0572967855	-0.0559673433	0.081758293	-0.0652513781	-0.0214364958	-0.0649997216	0.1383495992	-0.0007528618	0.0359444244	0.0827558218	0.0140936668	-0.015377373	0.0679896565	-0.0695924234	0.0635194229	0.1166179331	-0.0711435679	-0.0023314835	0.1029778177	-0.1219647865	0.0357606896	-0.0812973523	-0.0044078169	-0.1902801594	-0.0078837537	-0.0068753888	-0.0319501681	0.056420202	-0.1626175366	-0.0520444081	-0.0128207048	0.0333537839	-0.0496202193	0.1466259352	-0.1009838109	0.0864105979	-0.0636593764	0.0348833508	0.0	0.0	0.1111834733151937	-0.0159704614664236	0.0123617647384303	0.0002550556394505	0.1961492714403334	0.0035978302524455	1.2944382525412088e-05	0.0384745366865735	-0.1005591040133282	-0.0734866470495774	0.0054002872945891	0.0101121333999633	-0.0005970422590011	0.0019988824360226	3.995530993039644e-06	3.564594590331365e-07	-0.0075089588005765	0.0004939244103658	5.638446226875527e-05	2.4396132315530185e-07	0.002921300556733	1.6133326768899905e-05	8.533996942768535e-06	2.602842326321023e-10	0.0	0.0	0.0	0.0
58.72656137238364	0.0273739599770408	3448.8090106243426	0.0007493336848246	63.74540470246959	0.1587432090778264	4063.476620681633	0.0251994064283265	58.37280930758299	-0.0390248686948879	0.0015229403766532	3407.3848664594475	62.72484267955552	46.97407572440819	0.988073	32.234634	0.0251427722036846	0.0126648605569999	-0.0233750679	0.0245946084	-0.0032076435	-0.0257170243	-0.0121224407	-0.108533999	-0.0490084798	-0.0114025339	0.0083623085	0.0074147622	0.0293289212	0.0078590294	-0.0112781015	0.0523830499	0.0080499905	-0.045032816	-0.047138338	0.0750274387	-0.0711323871	-0.0007966144	-0.0485547866	-0.0813256539	-0.0361434784	-0.0199835246	0.0614973609	0.0293715508	0.030360205	-0.0777714329	0.0438924289	0.1658535915	0.0956215671	0.0170205035	-0.0091838843	-0.0009321461	0.007807684	0.0884237905	-0.0352217653	0.1147179367	0.0791319478	-0.1323203296	0.0337801207	-0.0120736699	0.0483775205	-0.1206477995	-0.077864378	0.0803533975	-0.0128694435	0.005375668	0.1477859109	-0.0626330846	-0.0967635015	-0.1053162412	-0.0249174355	-0.0623341304	-0.0089322851	0.1092368021	-0.1824718719	0.0559198675	0.0670100244	-0.0212196144	-0.0682067971	-0.0018759218	0.086733414	-0.0984557685	-0.0280979894	0.0305856456	-0.0511851983	0.0708929939	-0.1418001041	-0.0544964282	0.0090509392	0.0417142442	0.0615698162	0.0266973406	0.1343025289	0.0565948589	0.0677909438	-0.1267977795	-0.0285314037	-0.0201987352	-0.1509370006	0.0543890252	0.0551412646	0.0169367409	0.0415653799	-0.0941421256	0.0049137363	-0.0498395039	0.0248134293	-0.1501201239	-0.1618582466	0.0332731305	-0.0449298355	0.0318219279	0.021686301	0.0815649411	0.0290959213	-0.0085627449	-0.0194211636	0.0490529826	0.04247596	0.0256546797	-0.0097889775	-0.0005117499	-0.0122342722	0.0434896177	-0.0979644682	-0.0001485574	-0.0134755239	0.039806425	-0.0177339549	-0.095821135	-0.0650459664	-0.0311554396	0.0267987292	-0.0068987254	0.0074285665	-0.065414358	-0.0658767043	-0.0446728745	-0.0464343903	-0.0216852044	-0.0335223993	-0.0032206461	0.0502418529	0.0270149179	0.0585934849	0.0692585592	-0.0065530663	-0.0072409111	0.0884880277	-0.0312286982	0.0413763587	0.0220194232	-0.0205099366	0.091503406	0.0278724341	0.0054910102	-0.0829234919	-0.0241403557	0.0299115061	-0.0690233913	0.0290038782	0.0407674784	0.0411705442	-0.0503486902	0.0763560732	-0.0069924977	-0.0631236043	-0.0829690078	-0.1197947851	-0.0195280944	0.1525761416	-0.0974734094	-0.0194940266	-0.107809204	0.0675910303	-0.022146159	0.0227166535	-0.0056193184	-0.0513743862	-0.0480803982	0.0589672673	0.0426488571	0.0780500688	0.0553332601	0.1641513803	0.020442965	0.0699319796	-0.0625870202	-0.0698670604	-0.0134294829	0.0153100476	0.0385564416	0.0467974314	0.0241845951	-0.0340787648	0.0459278843	-0.0321398115	0.0144134773	-0.0655328927	0.039290414	-0.0431582614	-0.0138214823	-0.0158805975	0.0364773634	0.0261369239	0.0455307381	-0.0142823164	-0.0191202741	0.036561947	-0.0488459496	0.0960115884	0.0710190078	0.1060808986	-0.1015367435	0.0885234364	-0.0680556987	0.0418570888	0.0	0.0	0.1139458175128282	0.0027623441976345	0.0129836493286667	7.630545466205022e-06	0.2040603387320061	0.0079110672916727	6.258498569337375e-05	0.041640621843421	-0.1008513357518907	-0.0002922317385625	8.53993890232653e-08	0.0101709919229405	-0.000792177418526	-0.0001951351595249	3.8077730482808196e-08	6.275450624225174e-07	-0.0074217480141227	8.721078645379955e-05	5.508234358513424e-05	7.605721273890227e-09	0.0029201039231954	-1.1966335375997346e-06	8.527006922261168e-06	1.4319318233084554e-12	0.0	0.0	0.0	0.0
58.70813494763463	-0.0184264247490091	3446.645109029679	0.0003395331290308	63.64767996390859	-0.0977247385610056	4051.0271647881295	0.0095501245268168	58.42746137563103	0.0546520680480426	0.0029868485419278	3413.768242800856	62.7142100999866	46.91612597121749	0.895907	29.227821	0.0677804379446348	0.0400398927744665	-0.0201107125	0.0374619766	0.0035128616	-0.0330141909	0.0392143588	-0.0410275702	-0.0089874823	-0.0072536141	-0.0049129975	0.029207594	0.0402501691	0.120635131	-0.0695867311	-0.030804772	-0.0089735491	0.0015717674	-0.0474762425	-0.0734564639	-0.0242885474	0.1271195686	0.0126323059	0.1583711451	0.0458890523	-0.0883081356	-0.1344900803	0.0224048763	-0.0810399611	-0.0414073418	0.0843405742	0.0229707378	-0.0748505593	0.0026562451	-0.0201965184	-0.0144566943	0.0450502738	0.0400786733	-0.0403364647	0.0193858455	0.0559547781	0.0211749018	0.0411174685	-0.1298018663	0.0686421672	-0.0407175211	0.0326971858	0.0404461458	-0.0826119386	-0.0449085894	-0.1128219416	-0.0949902076	0.0446227972	-0.0269817745	-0.0227087914	0.0685091995	0.0111096464	-0.0810910022	0.0874977972	-0.0040385639	-0.0995279765	-0.0371185311	-0.1374920594	-0.0288002407	-0.112319451	-0.0892721132	0.0166487248	-0.0639870223	0.0349139142	0.0264503901	-0.1104867753	-0.0775407705	0.0112496654	0.0789727455	-0.0536916248	0.0737252915	0.0079257007	-0.1036880239	0.001189295	-0.0812601519	-0.0156924481	0.1280681892	-0.0068010541	0.0169395925	0.0280585323	-0.088158332	-0.0790716465	0.0636804935	-0.0452525006	-0.0468107812	-0.1498832221	-0.0439463313	-0.1115971703	-0.0591460119	-0.0285861597	-0.0238788007	-0.0938650129	-0.0174199995	-0.0949337726	0.0196973693	-0.0642760568	0.0110133774	-0.0260450017	0.041757391	0.0008632617	0.0120510074	0.0046396066	-0.0051869503	-0.1180993203	0.0211367567	0.0147152077	0.0940436819	0.0428910344	-0.0520876589	-0.0720169153	0.0459636964	0.0333784783	-0.046958833	0.0640332618	0.025923141	-0.0164112373	0.0158998806	-0.060910837	-0.0470746504	-0.1175745342	-0.0143069167	0.0362552539	0.012389417	-0.0539906922	0.0608947332	-0.0079138222	-0.0435510188	0.0877536741	-0.0895134388	0.016830113	0.0263940074	0.0191909734	-0.0887097103	-0.035890519	-0.0855101265	-0.0553084834	-0.0412149867	0.1785728281	-0.1109616009	0.0871437743	0.0377242236	0.0280425858	0.0985553131	-0.0119365249	-0.0391226232	-0.0388188097	0.0276052174	-0.0129446482	0.027410257	0.1807288121	-0.0015099036	-0.0184251912	0.0947294482	0.0235530562	-0.0680784844	0.0390984718	-0.0873685509	0.1251400897	0.0112472995	0.119375718	-0.0349140394	0.0102332916	0.088610372	0.1284890612	0.0405888047	-0.0205342019	0.0156185299	-0.0169026253	-0.0065091784	-0.013600007	0.0525318183	0.0434838493	0.0102558714	-0.0487622126	0.0099812309	-0.0384001741	0.0467954581	-0.0009836208	0.0529301381	0.0223168817	-0.0188292427	0.0258876799	-0.0342730605	-0.0499365135	0.029865825	-0.0489840787	-0.0140351451	0.03643655	-0.0211535696	0.0819608639	0.0351747015	-0.0163868039	-0.1020580481	0.0905259858	-0.0722612707	0.048622297	0.0	0.0	0.0779203703686732	-0.0360254471441549	0.0060715841183912	0.0012978328419363	0.2132413767726149	0.0091810380406087	8.429145950310581e-05	0.0454718847678803	-0.1036384841874067	-0.002787148435516	7.768196401599295e-06	0.0107409354046633	-0.0010176376701556	-0.0002254602516295	5.08323250648825e-08	1.0355864277197176e-06	-0.0074041461589813	1.76018551414003e-05	5.4821380343557534e-05	3.098253044188402e-10	0.0030727779029115	0.000152673979716	9.441964040621197e-06	2.3309344082352048e-08	0.0	0.0	0.0	0.0
58.66972369074068	-0.0384112568939514	3442.1364779478586	0.0014754246561731	63.72900968061718	0.0813297167085949	4061.3866748721994	0.0066145228199003	58.38134714990175	-0.0461142257292834	0.0021265218146113	3408.381695037341	62.66763475326956	47.0902575735814	0.915771	29.875864	0.0489093087873765	0.0312112578390559	-0.0081634925	0.021876992	-0.0720203137	-0.0530094682	0.0231430572	-0.0430975618	-0.0177284958	-0.0274790957	-0.0178184462	0.1061081969	0.1261290149	-0.023751764	-0.0297504983	-0.1312211567	0.0419613875	-0.0171342487	-0.0850291831	0.0168555961	0.0676659128	0.0183356494	0.0038158944	-0.1121294334	-0.0084489024	-0.034606221	0.0854382098	-0.0809946366	0.1055404704	0.0402350668	0.0342794614	-0.0697164011	0.0771719709	-0.0352799879	-0.1395357849	-0.1201731649	-0.002629579	-0.0539193154	0.0021474387	0.0586961055	-0.1234792402	-0.0257394947	-0.0189642738	0.0430332013	0.049545833	0.0579655587	-0.036903851	-0.0290204736	-0.0473804258	0.0117926821	-0.0862274047	-0.0375046547	-0.0958265168	-0.0392202265	0.088766247	-0.0317824676	-0.0532954454	-0.0359012066	0.0281518739	0.0318309615	-0.0971033656	-0.0796822982	-0.0776716235	0.0300272437	-0.108734452	-0.0390638642	0.0272511651	0.0742581399	0.0552148053	-0.0633854735	-0.0073764431	0.0815522939	0.08798839	-0.0171385722	0.0034052329	-0.0623073614	-0.0262256025	-0.0625420018	-0.057357256	0.1209816196	0.1731438961	0.0570907692	-0.0984840408	-0.0013635335	-0.0128671977	0.0064785892	0.0972951479	0.0209353097	-0.0319832721	0.056837128	0.1343936226	-0.0025986356	0.2075604298	0.0645784921	0.052021299	-0.0259112736	-0.0893100268	0.0152843517	-0.0369405442	-0.1198686505	0.0505727925	0.0946659248	0.2020528589	-0.0591332444	-0.0002177999	-0.0048143366	0.0309830469	0.0005272556	-0.1268063148	0.02031597	-0.0174102447	0.0655242777	0.0403155937	0.0495650813	-0.0411338132	-0.0774836327	-0.0084137364	0.0090929838	-0.0480028631	0.00572246	-0.105924119	0.1009184004	-0.0183871214	-0.0774415367	-0.0359229432	0.0035927497	-0.0731869135	0.1055420224	0.0250547367	0.1329150202	-0.0834539463	-0.1075380541	0.0513012504	-0.0769906787	0.0229444698	0.0027684005	-0.0314346813	-0.1193581509	-0.0315100971	0.0188058295	0.132459207	-0.1081630758	0.1184788297	0.0061991099	-0.0342282917	0.0492460142	0.0223630097	0.0424805238	-0.0048839998	-0.0248164135	0.0359372547	0.0491663422	0.0506150838	0.013927651	0.0112611536	-0.1150136121	0.0419377783	-0.0523718691	0.0166403908	0.0977260485	-0.0745452172	0.0077206339	0.1414366715	-0.0425535373	-0.0099763033	-0.1556351001	0.2030183225	0.1367126304	-0.0161368476	-0.2005643514	0.0926471705	0.0963351806	-0.0303280533	0.0035281399	-0.0103059521	-0.0071572309	-0.0110578405	0.0629491809	-0.0485484173	-0.024816769	-0.049692749	0.0189831825	-0.0107660532	-0.006845092	-0.0762934051	0.0520785674	-0.0454406116	0.014457191	-0.0345689945	0.0172129467	-0.0186266533	0.0255984475	0.0140414655	-0.0094741333	0.0511425201	0.0767684811	0.0697669617	-0.1025475623	0.0924157511	-0.0762643048	0.0551452713	0.0	0.0	0.077565112359025	-0.0003552580096482	0.0060163466552681	1.2620825341920765e-07	0.2131630535513409	-7.832322127399038e-05	6.13452699073446e-09	0.0454384873993318	-0.0763615078607173	0.0272769763266894	0.0007440334375267	0.0058310798827623	-0.0010650368163342	-4.739914617860009e-05	2.2466790584603e-09	1.1343034201472884e-06	-0.0071821300001457	0.0002220161588355	5.158299133899288e-05	4.9291174784114106e-08	0.0029182181833304	-0.000154559719581	8.515997365520182e-06	2.3888706916988226e-08	0.0	0.0	0.0	0.0
58.745639930568494	0.0759162398278121	3451.050210852004	0.0057632754695938	63.84216427981408	0.1131545991968963	4075.8219399307686	0.0128039633194102	58.35015296314749	-0.0311941867542628	0.0009730772872598	3404.7403508227094	62.74051891843179	47.28630396125181	1.052289	34.329597	0.1471311547091109	0.0807666985186708	-0.0413096197	0.09041221	0.1179931332	-0.0627793341	-0.0204235118	-0.0036415931	-0.0463519658	-0.0066110806	-0.0282779798	0.1553497334	0.0200439459	0.1688695958	-0.0098545233	-0.1377572878	-0.0924459088	-0.0084529462	-0.0845315474	0.0148991163	0.0081054665	0.021728804	-0.1036990471	0.0259963458	-0.0453123238	-0.0857653466	-0.0209479158	-0.1212494484	0.1386404071	0.056446798	0.0739932939	-0.0386708954	-0.1267637667	0.0756376533	-0.0372250063	0.1846281072	0.0185843639	-0.0004541856	-0.0673689171	-0.0374795209	-0.0704328635	-0.0355080809	-0.11267096	-0.0303484081	-0.0071173111	-0.0590236714	0.0725262492	0.0473170203	-0.0272285754	0.0321741833	-0.0099926734	-0.0366175882	0.0204891022	-0.0438406263	-0.0178321683	0.039549939	0.0116753122	-0.0032052449	-0.0639986859	-0.0266303358	-0.0094255094	0.1551801179	-0.0457799427	-0.0545459847	-0.0821451023	0.0362080881	0.0627708021	0.0507553853	0.0881498603	0.0137115707	0.0499983262	-0.1150143962	-0.0646471347	-0.0773253985	-0.0359547644	0.0125636822	0.079371335	-0.002016997	0.0232223455	0.1353833535	-0.0003465582	-0.0659600826	-0.1505923851	-0.0174424135	0.0011033888	0.1146884526	0.0833171148	-0.0484876487	0.0528722212	-0.0094581171	0.0442953285	-0.013292322	-0.0424768849	-0.0605424674	0.0837887186	0.1097276692	-0.0657936177	0.0714003648	-0.0284468237	-0.0023446862	0.0872126766	0.0763996671	0.0192492015	0.1473484762	-0.0004787304	0.0356067369	0.0179732411	0.0235068048	-0.0299743112	0.0800657104	-0.0402532539	0.1563747204	0.0335549837	0.0711602283	0.0285123696	0.1107529186	0.0837312552	-0.0105189621	0.0770564662	-0.032181116	-0.1250616422	0.149364559	-0.024485234	0.0976805949	-0.0780291417	-0.0354330141	-0.1757431629	-0.1110453792	-0.0678540943	-0.0255631787	-0.0682914115	-0.0275601927	0.1002684871	-0.1718129576	0.0282026753	-0.127066768	0.0435915104	-0.0118961859	-0.0116201464	-0.1278522995	-0.0091321421	0.0074317934	-0.0147651088	-0.1253380893	0.0100637813	-0.1553695863	0.0254755565	0.0723611485	-0.0956307594	0.0567486548	0.0082566115	0.0074832345	-0.0284160708	0.009154128	-0.1041403757	-0.1003155721	-0.0451692859	0.0508465645	0.0202250006	-0.0025296156	0.0508164549	-0.0336608381	0.0450195662	0.0550462049	0.0582029316	-0.0771031126	-0.057512498	0.0420805646	-0.0396945116	0.0879931833	0.0371333597	0.0627827918	0.0217836086	-0.021003362	-0.0334483759	0.0287937035	-0.0443241967	-0.1106629664	-0.0854483773	0.0802532642	-0.0161523794	0.0358948721	-0.0064375273	0.0772188864	-0.0135495897	-0.0649891246	-0.0905391578	0.0258694944	0.1473730157	0.0839779762	-0.1269937328	0.0079763077	0.1103990499	-0.0901143367	-0.1188574091	0.0906610568	-0.026934996	-0.1030051337	0.0941903779	-0.080053581	0.0613935146	0.0	0.0	0.0773694335546082	-0.0001956788044168	0.0059860292485609	3.829019449798895e-08	0.1935642100909973	-0.0195988434603436	0.000384114664983	0.0374671034281517	-0.0603910739663717	0.0159704338943455	0.0002550547587736	0.0036470818148117	-0.0011550175259658	-8.998070963159993e-05	8.096528105806301e-09	1.3340654852881571e-06	-0.0081250930942189	-0.0009429630940731	6.601713778972366e-05	8.891793967841018e-07	0.0017238380160351	-0.0011943801672953	2.9716175055278298e-06	1.426543984028349e-06	0.0	0.0	0.0	0.0
58.85062888661489	0.1049889560463981	3463.396520350071	0.0110226808917125	64.0273209379201	0.1851566581060169	4099.497826487421	0.0342829880409884	58.27444979266934	-0.0757031704781496	0.0057309700204437	3395.9114986383397	62.814078983146246	47.546812626826586	1.032152	33.672646	0.0474017734369469	0.0357771806966721	-0.0049738627	-0.0066789385	0.1271424056	0.0329251235	0.0493192876	0.0408796463	-0.0946998929	0.0466689238	-0.055091301	0.0329770076	-0.1013828369	0.029351798	-0.0014313121	-0.1155424491	0.0705477018	-0.1101732653	-0.0310895919	-0.0218117822	0.0250649541	0.0691651635	0.0095507139	-0.0138199462	-0.051481355	0.0743821621	0.0108720672	0.0395564201	0.038165496	0.0069629628	0.0348259614	0.0748342601	0.0187394556	-0.0540268167	-0.1394455024	0.0320303496	0.008033949	-0.1136835837	-0.0208127359	0.0122282203	-0.0917294257	0.0083790013	0.094450699	-0.1247039777	-0.0682166992	0.00279638	0.0078793962	0.0242428587	-0.0001157645	0.0140896028	-0.0725665351	-0.0318103386	0.0543396446	0.0782082466	-0.1340374645	0.0406234793	0.0053556931	-0.0502182859	0.0380644516	0.0215460955	0.0122622438	0.0964086743	0.1140369821	0.0359156196	0.0040316693	-0.0848221955	-0.011802567	0.0367850448	0.0157481006	-0.0207220875	0.1529282688	-0.0460518162	0.0213558694	0.0771511108	-0.038909653	-0.0250451862	0.0222293426	-0.1165142028	-0.0567949823	0.0478949839	-0.1289166884	0.0133503062	0.0886513932	-0.0336056613	0.1013019683	-0.0666903676	0.0117283772	0.0891173527	-0.0203698783	-0.0794012677	0.0280496816	-0.0377821321	-0.0083574467	0.1273653141	-0.1056738274	-0.0372764937	-0.0094024391	-0.0327400369	-0.0307918678	0.0242737741	0.0101476803	-0.0226140945	0.0002905719	-0.0109034697	0.016541808	0.0244554607	-0.0304711776	0.0660344564	0.0308057106	-0.009719984	0.0557458315	0.1274556456	0.0464539801	0.0782036232	0.0930883111	0.1723145938	0.0385447767	-0.0286562155	-0.0060041898	0.0457699828	-0.0932639859	0.0664407825	-0.0189251308	0.0321281735	-0.0619034666	-0.0380080276	0.000155204	-0.1142008323	-0.068335197	0.0647776759	-0.0497287212	0.1273480449	0.0145068284	-0.0315393426	-0.0180790365	0.0452410764	-0.1002763011	-0.0524054962	0.0679768205	0.0358682045	-0.0871838654	-0.0776674208	0.011386365	0.0363884549	0.0437706135	0.0807864301	-0.0558454493	-0.2135042066	-0.0074334097	-0.0916542818	0.0070720338	-0.0308063278	-0.0138736063	-0.0016597211	-0.0287464101	0.006810143	-0.119163532	-0.0774226591	0.0550126795	-0.0483517122	0.0748419643	0.0291590443	0.0569585959	0.0012090627	-0.0596215841	0.0502066589	-0.0660298131	0.0700265949	0.0194103172	0.0067047198	0.0650632816	0.0082511189	-0.0677340778	0.0079915567	-0.0316668687	0.0253082043	-0.0392424879	-0.0347912019	0.0160189221	0.076108392	0.0225292033	0.0315454296	0.066153163	0.0807004	0.126273953	-0.0544265066	0.0086775894	0.0190756302	-0.0692060476	0.087298223	0.0528928688	0.0057566259	-0.0389296218	-0.1006195728	0.0021218221	-0.094321118	-0.016103545	-0.1034306197	0.0958476552	-0.0836184785	0.0673358985	0.0	0.0	0.0777582468750068	0.0003888133203986	0.0060463449570745	1.5117579811939386e-07	0.1844389908460471	-0.0091252192449502	8.32696262684098e-05	0.0340177413443082	-0.0594625181479386	0.0009285558184331	8.622159079459708e-07	0.0035357910644939	-0.0011482218589716	6.795666994199867e-06	4.618108989605746e-11	1.318413437420197e-06	-0.0081879762488303	-6.288315461139976e-05	6.70429550514091e-05	3.954291133881207e-09	0.0023933428954928	0.0006695048794576	5.728090215405859e-06	4.4823678361766926e-07	0.0	0.0	0.0	0.0
58.81047692819613	-0.040151958418761	3458.6721965218894	0.0016121797648619	63.84207099572084	-0.1852499421992561	4075.81002902266	0.0343175410848277	58.34437897772276	0.0699291850534251	0.0048900909222361	3404.066558296138	62.77849185127325	47.70983185097733	0.997282	32.535053	0.065763571509975	0.0566675120071855	0.0136565335	-0.028349678	0.1107715661	0.092935291	-0.0763571136	0.0036425707	-0.0935090902	0.0143894484	-0.0348340039	-0.0232033723	-0.0630077538	0.0281827763	-0.0152909406	-0.0930762141	0.0604208537	0.0595627835	0.0118905846	0.0209932632	-0.0393447763	0.063305081	-0.0603783969	0.020449884	-0.0235276642	0.0027926297	-0.0619164568	0.0524086718	-0.0843901877	-0.0071821298	0.0658972969	0.0687628772	0.0117825513	-0.0215132853	-0.0580169901	0.0529209482	0.0538417005	0.0427048291	0.0865412494	0.0375793064	0.0558713962	0.0325198384	0.0431347046	-0.0627246657	-0.0366714207	0.0900758698	-0.0196110124	0.0094397719	0.0246015501	-0.0153796086	0.0437768189	0.057055513	-0.0586382578	-0.0334572214	-0.1284221619	-0.0116051475	0.1235559045	-0.0030818548	-0.039778655	-0.0482006091	0.1361823707	0.0817117696	0.1582152999	0.0418540172	-0.0365397932	-0.1180286268	-0.0171086679	-0.0107060773	-0.0960099568	-0.0762505916	0.0610600694	0.0249763577	-0.0423294214	0.0552558995	-0.1033313888	-0.0137749313	0.0563730201	-0.0259567936	0.0097877771	0.0190768395	0.0031307099	0.0787439324	-0.1800304811	0.0700552033	0.0169195205	0.0676469755	0.04068138	-0.0739977485	0.0987122111	-0.1379078881	-0.0552588569	0.0519244368	-0.0291458862	0.1363021545	0.0174377679	-0.003376478	-0.030993654	0.0411717395	-0.0584198588	-0.0519202963	0.0522992876	-0.0129884804	0.0535870224	0.0219687615	0.0308959385	0.0072467942	-0.010329048	0.0520221309	0.0725262445	-0.0476461582	0.0521774478	0.08942351	-0.0269023931	0.0974473255	-0.0206164289	0.0197404774	-0.0139698564	-0.1206874312	-0.0429118076	0.0710498268	-0.1197542996	0.0027102451	-0.072858097	0.1274335581	-0.0633892491	-0.0981739169	-0.0033402701	-0.0392265578	-0.0386700111	0.0535919405	0.0059282167	0.1759981498	-0.0531943137	0.0766386471	0.0140452365	-0.0860077643	0.0194272884	0.0320784207	-0.0544337728	0.0096048385	-0.0862083879	0.0086606123	-0.0011635618	0.0226948969	0.0428687868	0.063604799	-0.0423422633	-0.1253137552	-0.0430745563	-0.0341675702	0.0116917862	0.0948217631	0.0003453249	-0.0252535828	-0.0604670825	0.1352248407	-0.047128621	-0.0111501336	-0.0303593709	0.0333522642	-0.0338437973	0.0495315797	-0.0667018594	0.0096672638	-0.0387389308	-0.0194634672	0.0024734911	-0.0016317652	-0.0598321361	-0.0980909607	-0.1646168092	-0.0084999637	-0.1385336103	0.0160295061	-0.0272323135	-0.0014745275	-0.0557853146	-0.0318015827	0.0726703931	0.0931130744	-0.0011783136	0.0765829312	-0.0017997544	-0.0522641265	0.0058164941	0.0583374711	-0.0227999568	-0.0976738405	-0.005561876	0.0196416562	-0.0214989503	-0.0967654557	0.0276560263	-0.0367253428	-0.0258046874	-0.0186041899	-0.0501997798	-0.1038238878	0.0973855183	-0.0869490055	0.0729428184	0.0	0.0	0.0770052332138817	-0.0007530136611251	0.0059298059423243	5.670295738410417e-07	0.1848371050605948	0.0003981142145477	1.5849492782494634e-07	0.0341647554071813	-0.0586915644455814	0.0007709537023571	5.943696111782711e-07	0.0034446997370698	-0.0022369897877136	-0.001088767928742	1.1854156026571449e-06	5.004123310334937e-06	-0.0081944959298678	-6.519681037500669e-06	6.714976354461995e-05	4.25062408307458e-11	0.0025748850843522	0.0001815421888594	6.630033197619436e-06	3.295756633586211e-08	0.0	0.0	0.0	0.0
58.58549764613412	-0.2249792820620086	3432.2605344451867	0.0506156773571368	63.86400938628618	0.0219383905653387	4078.6116948916488	0.0004812929805973	58.18304772951704	-0.1613312482057196	0.0260277716476155	3385.2670430952585	62.65296286912962	46.65442196082867	1.02162	33.32906	0.0624391524343535	0.0318788600572708	-0.0062200249	-0.0392347895	-0.0028440016	0.0596081761	-0.0787789306	0.0290597998	-0.0819221653	0.0123907053	-0.0047434427	-0.0593359467	-0.0157191051	-0.0276685556	0.0822527519	0.0336837485	0.0797918825	-0.0249542122	-0.0167772066	0.0520718344	-0.0519660331	0.1268495924	-0.1829401486	0.0565948219	0.0174326524	0.1447257757	-0.0690714822	0.0575565827	0.0148708614	-0.1109787181	-0.195532985	-0.0254971353	0.0716880963	0.1031814427	0.1031289396	-0.0175616426	0.0675367591	0.0457920549	-0.009025779	0.0518694748	0.0173566395	0.0324244201	-0.0072978069	-0.0025499261	-0.0841982574	0.0015987436	-0.0034532528	0.099878891	0.0188346275	-0.1191307242	-0.0999230844	0.0128609521	0.1579411845	0.0408827089	-0.035870872	-0.0310769251	-0.1391936826	-0.073670979	-0.0281899406	0.0797390118	0.0992727315	0.0369310236	-0.0182787466	-0.0011099792	-0.0831107531	-0.1208484929	0.0250507972	0.0021367854	-0.0553844263	-0.0531861468	-0.0638782608	0.0232340844	-0.0022979016	0.158326183	0.0580105309	-0.0183903834	0.1056974705	0.0596223879	0.0896175875	0.2118721824	-0.0192402123	-0.0201390799	-0.0033425781	-0.0556881142	-0.1238839713	0.088370028	-0.040164106	0.10291673	0.055599332	0.0719268838	-0.0156722917	0.0742259505	0.1129738238	0.1266758393	0.0298965132	0.1239444258	0.1103289496	0.0009776598	-0.0379024078	-0.0052157318	-0.0825881989	-0.0438129898	-0.0757229191	0.0093216059	0.0344332841	0.0218801981	0.0276055125	0.0055293438	0.0512427832	-0.1654893626	-0.002859647	-0.0636224044	0.0372592545	0.1240279675	-0.0438664871	0.0914603705	0.1004071328	-0.0010322063	-0.0616670439	0.0487397524	-0.0414732191	-0.1931082387	-0.0844030877	-0.0801001814	0.0529945021	-0.2400064336	-0.0937307402	-0.038208197	0.014347239	-0.0914547314	0.0183219138	0.0866824385	-0.2578942909	-0.0444289189	-0.0584697579	0.28501153	-0.1613503028	-0.0245389617	0.0521864073	-0.2026245038	-0.049589841	0.0531151089	0.1168690993	-0.0194575905	-0.0313417438	-0.2034757235	-0.0508409931	0.0385038633	0.0426212143	0.1064697457	0.0210084726	0.0208547526	0.0203207487	-0.2128244202	0.0118309377	0.0215379557	0.0776034775	0.0106858857	-0.0624927273	-0.0512157464	0.0699572753	-0.0225547154	-0.170688508	-0.046022829	-0.0063562497	0.0663821531	-0.0455068266	0.0570223319	-0.1015783969	-0.1055394365	0.0564537037	-0.1221167693	0.0395055919	0.0165480759	-0.02558136	0.010716917	-0.0435126494	0.0087995673	0.0480532512	0.1584347105	0.1368794857	-0.0351605989	-0.1232182793	-0.1158028391	0.0649051475	0.024610848	0.1101202201	0.0379649018	-0.0675437207	-0.0107751857	0.1300211196	-0.1072632128	0.1516889739	0.1943754832	-0.0233404936	-0.0077432743	-0.2440183236	-0.1041848154	0.0988020511	-0.0900358269	0.0781863408	0.0	0.0	0.093789054808056	0.0167838215941742	0.0087963868017885	0.000281696667305	0.204973292281366	0.0201361872207711	0.0004054660357899	0.0420140505486622	-0.0476304264176334	0.011061138027948	0.0001223487744733	0.0022686575207255	-0.0021583375471296	7.8652240584e-05	6.186174948883417e-09	4.6584209673494185e-06	-0.0081901673653623	4.328564505500995e-06	6.707884147264563e-05	1.873647067828308e-11	0.0023687057776125	-0.0002061793067396	5.610767060894839e-06	4.250990652766328e-08	0.0	0.0	0.0	0.0
58.72243818114707	0.1369405350129469	3448.324745938639	0.0187527101296321	63.64049186611413	-0.2235175201720451	4050.112204960939	0.0499600818238606	58.44067959676736	0.2576318672503177	0.0663741790228853	3415.313031732021	62.71996625977293	46.7075704978838	1.183261	38.602367	0.1140156813555421	0.0578497888232106	0.0401075582	0.0006288793	-0.1145103738	0.1175023788	0.1542151473	-0.1301156584	-0.0181242151	0.0089821099	-0.0193373718	-0.0116465933	-0.0075466705	-0.0588289333	-0.0436582757	-0.0226484036	-0.0922426814	0.1141580971	0.1863497334	-0.133049558	0.0387572738	-0.0490316761	0.0586313524	-0.0166335275	0.0989373734	0.0796396678	-0.0199385633	-0.1284442541	0.050973695	0.1574035292	-0.0538795142	0.0282731251	-0.0097696828	-0.0438652961	0.0260453101	0.0230343148	-0.0976760028	0.0969303746	0.0062438485	0.0424989217	-0.0140018471	0.0130980906	0.1331424475	0.0301222017	0.089603336	-0.0845053013	-0.125325196	-0.0458570907	-0.0242857822	0.073530244	-0.1194966265	-0.1398112409	-0.0687686737	-0.0008553011	-0.0307717604	-0.0734104675	0.1346727453	0.0528530163	-0.1238544581	-0.0488456902	-0.0964245096	-0.0892604851	0.134782973	0.0247373738	0.1286986986	-0.0452805918	0.0115853581	-0.0862548297	-0.015482311	0.0861525169	0.1872640467	0.159375185	-0.0597010656	-0.1100152902	0.0058352095	-0.0885446946	0.0822213772	0.0656142451	0.0355538992	-0.014190165	0.0075036804	-0.0485222993	-0.0375398882	-0.1062759583	0.0245172971	0.0393580803	-0.0604334528	-0.0105183744	-0.0238239048	0.1397528093	-0.0026050721	-0.056157786	0.0891552438	-0.0002915755	-0.0469774785	0.0306368526	0.0160398291	0.0610091014	0.0089053157	0.0421439587	-0.0811306674	-0.0282681941	0.0983752195	0.0041777676	0.0040578666	0.0283558301	0.0135115043	0.0140622492	-0.0543326095	0.0008370679	0.041913286	0.0362364187	-0.0668364316	0.0259131176	0.1188415453	-0.08808921	-0.3492095861	0.0427529727	0.1197321078	-0.0472169166	0.245730662	0.1206668102	0.0304135632	-0.1378058825	0.0042133748	-0.1918508747	0.0120994396	-0.0231060247	0.0230052284	-0.019372275	-0.1059269183	0.0228246063	-0.0032213635	0.0433374769	-0.0778157577	-0.1813628519	-0.0174834784	0.1255193696	0.0030618289	-0.143977963	0.0884791077	0.1184482229	-0.0195901312	-0.0529789124	-0.0226845656	0.1088083071	-0.0444126382	-0.0260661178	0.0178677785	0.050116584	0.199093651	-0.0513495007	-0.09237657	-0.1743619222	-0.0858074859	0.0842169433	0.0531815638	0.0959945045	0.0106424927	-0.0297939362	0.0407219177	-0.1069153575	0.0641758927	0.0014960053	-0.064705193	-0.1319205774	-0.1010842116	-0.0288983946	0.1040131888	-0.0699092341	-0.0115133345	0.0352791793	0.1464357663	0.0302067835	-0.0470342298	0.0503609443	-0.048275475	0.0873435699	0.0502918042	-0.2027757251	0.0385128233	0.1360023607	0.0256542726	0.1239186671	-0.1515678842	0.0022444012	0.2108672613	-0.0840111291	0.0150713786	-0.0092817682	-0.0484691543	0.1498895515	0.0331405755	0.1316730506	-0.0158534985	0.0252121419	0.0144498038	-0.1045132902	0.1000954889	-0.0928702909	0.0830403428	0.0	0.0	0.0880677015375681	-0.0057213532704878	0.0077559200541101	3.2733883245722525e-05	0.2090957041045555	0.0041224118231895	1.6994279239972654e-05	0.0437210134749798	-0.0675126344961682	-0.0198822080785348	0.0003953021980781	0.0045579558166132	-0.0018837343664207	0.0002746031807089	7.540690685544484e-08	3.548455163234396e-06	-0.0076326339996981	0.0005575333656641	5.825710177334741e-05	3.108434538288497e-07	0.003222363394906	0.0008536576172935	1.0383625848830124e-05	7.287313275632157e-07	0.0	0.0	0.0	0.0
58.673785351523726	-0.048652829623343	3442.61308747668	0.002367097830358	63.74572121770007	0.1052293515859403	4063.516973564737	0.0110732164351974	58.404705296121904	-0.0359743006454564	0.0012941503069296	3411.1096007268497	62.712736173153736	46.79488748639633	1.068116	34.845932	0.1297084800842382	0.0624942325744424	-0.0266734937	0.0297065683	-0.0540501456	-0.0739578772	0.0404140514	0.0567049023	-0.0028533984	0.0169686323	-0.0011998728	0.0490376109	0.0323206728	-0.090894252	0.058509048	0.0074129497	0.043108277	-0.0363779152	0.0985678878	-0.0319857303	-0.0005520296	-0.0432084949	-0.0164370279	-0.021020113	0.0004821625	0.0798672612	-0.0179189276	-0.0272878572	0.0653881152	0.124331415	0.0410554187	-0.0053330614	-0.0198488637	0.0594697261	0.0148695048	0.1382119608	-0.1113213144	0.0288268809	0.0750702114	0.0453731749	0.0120258336	-0.0565502265	0.0258051861	-0.0487765694	0.0229196328	0.0312956437	0.0016814543	-0.0172550119	-0.0587359818	-0.0139681093	0.0131101027	0.0102610657	-0.0113840446	0.1441940655	-0.0321043976	-0.0627284673	-0.0128622911	0.14150591	0.1793160179	-0.0873674936	-0.0878720614	0.05236799	0.0439072018	0.0156236861	-0.0387937918	-0.0400090945	0.0369771824	-0.0878941899	0.079482889	-0.1210804416	0.102989658	-0.1051235452	0.0226355964	-0.0001842066	0.1174809359	0.2007219542	0.0090543226	0.0980139507	-0.1355944093	0.0699625257	0.0713519524	0.0065113205	0.0334276746	-0.0971085175	-0.0278400457	0.0351603781	-0.0817338389	-0.0166443592	-0.0018469342	-0.026701522	0.0118606089	0.0295811938	-0.1137461896	0.1003587268	0.0754564937	-0.067872049	0.0512126304	-0.1131902125	0.0958729098	0.0455855327	0.0315628251	-0.0380480078	-0.03748474	-0.0623123493	-0.0166044155	0.0303338139	0.0136751466	0.0130311055	-0.0202331857	0.0090212707	-0.0770534919	0.0130905896	0.02796422	-0.0201149231	-0.0315740429	-0.0101124179	-0.0090955675	-0.0183319576	-0.0725224396	-0.0593968051	0.02855521	0.027495176	-0.0416097505	-0.0418097001	0.1060346283	-0.0291240852	-0.0160761766	0.0031208348	-0.0418182347	0.0933799155	-0.0985095463	-0.0207779159	-0.0839502619	0.0554649036	-0.0435747196	-0.0937595812	0.0497861555	0.0183395456	0.0893679204	0.0009949761	0.0799791676	0.0676196275	-0.0743568422	0.0161347347	0.0185743888	-0.0501370594	-0.1207205557	-0.0449925744	-0.0770747008	0.0357464385	0.0014949612	0.0498911499	0.1265638741	-0.1787690217	-0.0260961127	-0.0041733852	-0.1811525068	-0.0189420882	-0.0368335024	0.008459831	0.0688542908	-0.0044868468	0.0168639047	-0.0768923413	0.0929031816	-0.0586049136	0.0417872681	-0.1515582269	-0.0255797126	0.0652982721	-0.0829908798	-0.021881888	0.0990989159	-0.0174511573	0.000693249	-0.0153202697	-0.0276547429	0.035417178	-0.0955934638	-0.0266696792	-0.042095328	0.0155269212	0.0489184669	0.0151934321	-0.0370562813	-0.0086263001	-0.0463790328	0.0455843595	-0.0075037849	-0.012044067	0.0213538814	0.0117434511	0.0539265409	0.0457361397	-0.0241123632	-0.0772805015	-0.0119978594	-0.1048092098	0.1012642201	-0.0954444529	0.087480642	0.0	0.0	0.0773799313698475	-0.0106877701677206	0.0059876537788023	0.000114228431158	0.2143194639742631	0.0052237598697076	2.7287667176367624e-05	0.0459328326382154	-0.0841888174619782	-0.01667618296581	0.0002780950783091	0.0070877569856462	-0.0010149096452101	0.0008688247212106	7.548563961866767e-07	1.030041587940491e-06	-0.0070624532106082	0.0005701807890899	4.987824535203008e-05	3.251061322471813e-07	0.0027189535635865	-0.0005034098313195	7.392708480939728e-06	2.5342145826912746e-07	0.0	0.0	0.0	0.0
58.58517638159827	-0.0886089699254597	3432.2228916629792	0.007851549551251	63.32623937421309	-0.4194818434869845	4010.212593280136	0.1759650170152389	58.32492346872336	-0.0797818273985413	0.0063651399830506	3401.7966976324374	62.63926203903746	46.86329202949371	0.8937819999999999	29.158512	0.0856031199507567	0.0624895420704961	-0.0260588042	0.0441277142	-0.0889731475	-0.0684406412	0.0145853661	0.062797031	0.1079398391	-0.0113433529	-0.027915106	0.0328476323	0.0500948447	-0.0680016517	-0.0137074597	0.0581616096	-0.0159774638	-0.0982278653	0.098571996	0.0070191451	-0.006026894	-0.0549770889	-0.008495403	0.0427443726	0.0551082307	-0.0258211634	-0.0610804018	-0.0303930285	0.2050862582	-0.0233673692	-0.0522126713	0.135155309	-0.0749850213	0.0059347918	-0.0185542291	0.0378612418	-0.0345209747	-0.0073568674	-0.10042927	-0.0283418649	-0.0282835982	0.0313458098	0.0309958859	0.0657177515	0.0257193674	0.0521323101	-0.0618540107	-0.0132581521	0.04368329	-0.0325188361	-0.0208221021	-0.1027804681	-0.1095353831	-0.1346729379	-0.035583876	-0.0787322237	-0.0463610937	0.0605611979	0.0931987078	-0.052057589	0.037141056	-0.0069847003	0.020756467	-0.0426155072	0.0138146312	0.0686578733	0.0203178585	0.1135040415	-0.0427244535	0.1123398447	0.0029844204	0.0125463219	-0.0855325897	0.0623985812	0.075824072	-0.1206818978	0.0178276654	-0.0051135465	-0.1324900662	-0.0693312387	-0.0928172961	-0.0092822296	-0.0170860072	0.0254748628	-0.0229633216	-0.1403746486	-0.030516089	0.1073262231	-0.0836142207	-0.0598251006	0.0031118183	-0.0393428214	0.0424548537	-0.053789717	-0.0717990355	-0.0843146724	0.0446962557	0.0961234883	0.0997553842	0.0532747062	0.0478792531	0.0479817825	-0.0692428409	0.0080130945	-0.0190669873	0.02651554	0.0102940464	-0.0400031452	-0.0920393863	-0.0235448963	-0.0008621284	-0.0222610807	-0.0281863634	-0.1277807276	-0.020067874	0.0580875013	0.0344907075	0.0121559887	-0.0255946754	0.0779975651	0.0449547776	0.0367942667	0.0330536557	-0.0777757501	0.0229344963	-0.0061244284	-0.0300082513	-0.041648673	-0.0880913939	0.0305728485	0.013224337	-0.0209365095	-0.0544953624	-0.022906496	0.0020567647	-0.0526517377	0.1029125417	0.0097595472	0.1631305813	0.0546943465	0.0248257485	0.1379467592	-0.0110088968	0.0463809933	0.0206466624	-0.0617683614	-0.0512110975	-0.036948816	0.0315313107	-0.0049692991	-0.0580310166	0.0066786264	-0.0364028978	-0.0584951846	0.0373156204	0.0139509802	0.0691646241	-0.0080734147	0.0521132134	0.0395963586	-0.1079606849	0.0696485209	-0.0530794024	-0.0714939305	0.0258308251	0.0488869243	0.0686576563	0.0594322745	0.0529465631	-0.0033830313	-0.0275581642	-0.0908056952	0.0035643533	0.004861373	-0.0048018675	0.0240961838	0.0370568141	0.042479169	-0.0906990042	0.0084680508	-0.0393735549	-0.0383188038	-0.0313673009	-0.0177049724	0.0080588357	-0.0592008053	0.0515824448	0.0015078865	-0.0158966617	-0.0291595612	0.0157735066	0.0499429018	0.0530084995	0.0687105924	0.018653925	-0.113477814	0.0034568814	-0.1050724821	0.1023067888	-0.0977510977	0.091485117	0.0	0.0	0.0957954483975527	0.0184155170277052	0.0091767679336881	0.0003391312673977	0.209115494958155	-0.005203969016108	2.7081293520613e-05	0.0437292902315941	-0.0833228834604398	0.0008659340015384	7.498416950203179e-07	0.006942702908162	-0.0021492751365788	-0.0011343654913686	1.286785068008152e-06	4.619383612715819e-06	-0.0071340213969735	-7.156818636530008e-05	5.089426129247573e-05	5.122005299618324e-09	0.0027353738839606	1.6420320374100142e-05	7.482270285053699e-06	2.6962692118808816e-10	0.0	0.0	0.0	0.0
58.59352905199246	0.0083526703941956	3433.2016467666845	6.976710271407214e-05	63.48316530812709	0.1569259339140032	4030.1122775389913	0.0246257487347821	58.24497222900391	-0.079951239719449	0.0063922007326768	3392.476789957437	62.59629462414681	47.23314564575857	0.949417	30.973524	0.0816316695251147	0.0454501261693554	-0.037927842	0.0282363907	-0.0496861397	0.0136530273	-0.0999276373	0.0016319566	0.0515655168	0.0044218173	0.0307044414	-0.0277436905	0.013257898	-0.0544094483	-0.0962866958	-0.0644265414	0.0721896288	-0.0037969448	-0.0084110081	-0.1539605144	0.1220067091	-0.1259355821	0.0636071984	-0.0588562906	-0.0841408603	-0.0185653811	0.0886152398	0.1095143295	0.1007166365	-0.1182037977	0.0500646504	-0.0746815461	0.0324854422	-0.0656180097	0.054151596	-0.0834222437	0.0050374973	-0.0386354873	0.0215797634	0.0156057563	0.1269276988	0.0842875195	-0.2001692897	-0.0343674647	-0.0850953745	-0.0523033651	-0.0933090149	0.084990119	0.1108172496	0.1357074927	0.0135639908	-0.0973312268	0.0385518516	0.1636378411	0.0971347337	0.0673995817	-0.0094131989	0.1565978639	-0.0818364072	0.1167883127	-0.0520025792	-0.088758051	-0.035630515	0.0639241437	0.0198460506	0.0497986184	0.0063173653	-0.0792217053	-0.0093821595	-0.105166183	0.0484676386	0.0014529836	0.0104696304	-0.0039113871	-0.0442500012	-0.0161116528	0.0429625998	0.0734807398	-0.0677572342	-0.1645977876	-0.0492869498	-0.1058592942	0.0641413624	0.0999665324	0.0451139995	-0.0513884861	-0.0321800906	-0.0237734377	0.015028849	-0.0702493965	0.0967788087	-0.0720336793	0.0238218838	0.0094556626	0.0673560847	-0.042715867	0.0182045149	-0.0898693252	-0.0440078539	-0.1150735271	-0.0659479356	0.0256274534	0.0586631598	0.0567973792	-0.0245721559	-0.0032943273	0.0326317442	-0.0396225476	-0.0407935769	-0.0460179207	0.029320562	0.0033841369	-0.1330237079	-0.0313121221	0.0074396275	0.0228826487	-0.0081470291	-0.0562526635	0.0255209221	0.0694717813	0.0193908069	-0.0138603175	0.067734677	-0.0165470639	-0.077566428	-0.0445688752	0.0294379545	0.0009221287	-0.0913737919	-0.0742886691	0.0173731269	-0.0630310806	0.0005661238	-0.0227645419	-0.0419012374	-0.0790418923	-0.0513393157	0.0621919062	0.0377626511	-0.0089153327	0.055270516	0.0480343158	-0.0083101206	0.0242996901	-0.067975816	-0.2000228938	0.0639469687	0.0602535947	-0.0024902609	-0.1217547153	-0.1260627451	0.022954584	0.024072645	0.0239282288	0.1108399912	-0.0207918633	0.0371824932	0.0248589444	0.0287502281	0.0393739114	-0.0110643646	-0.0717024958	-0.0073286145	-0.0850310562	-0.0350572302	-0.0300758386	-0.1191903469	-0.0242654208	-0.0393933142	0.2292484809	0.0779583815	0.0283036263	0.0669152075	-0.0131462465	-0.0109830507	-0.0169893725	0.0028442005	0.018185552	-0.0098785551	-0.0004056775	-0.0317689178	0.0672186067	-0.0199128678	-0.0917084776	0.053353623	-0.0271903731	0.0566368451	-0.1459735589	0.039226811	-0.0394028759	0.0331601306	-0.0629627947	0.0085402992	-0.0028124037	-0.1294988594	0.04853426	-0.0208482325	-0.105303025	0.1032218959	-0.0997837604	0.0950338178	0.0	0.0	0.0635753505267331	-0.0322200978708196	0.0040418251945969	0.0010381347068051	0.2179618594828269	0.0088463645246718	7.825816530337323e-05	0.0475073721892115	-0.0718974016926665	0.0114254817677733	0.0001305416336257	0.0051692363701566	-0.0016389315577988	0.00051034357878	2.6045056840197804e-07	2.686096651148801e-06	-0.0071532763633344	-1.9254966360899958e-05	5.116936273023862e-05	3.7075372955938876e-10	0.0026821779218645	-5.319596209610008e-05	7.194078404537368e-06	2.829810383329716e-09	0.0	0.0	0.0	0.0
58.67836366257922	0.0848346105867605	3443.1503621178977	0.0071969111534073	63.71849217022447	0.2353268620973807	4060.046244446957	0.0553787320245996	58.288126597575335	0.0431543685714217	0.0018622995267981	3397.505702254969	62.69443911265147	46.89184390490453	0.926886	30.238482	0.0518289066624039	0.0289780264253893	-0.0245772347	0.0053124357	-0.0198110992	-0.009069868	-0.1404717817	0.0366133559	-0.000970931	0.0300584921	0.0274136168	0.0107449166	0.005386386	-0.1516918576	-0.0481853242	0.0028926482	-0.0123849198	-0.0004577492	-0.0051499915	-0.0378316009	0.108672831	-0.0267706308	0.0661845136	0.0440446602	0.1356685156	-0.0245867908	0.031437156	-0.0410879508	-0.097000454	-0.0613124111	0.0300763988	0.0169019065	0.0294261698	0.1065461258	0.0387386858	0.0373237782	0.0500102346	0.0300182269	-0.011056072	-0.0087885002	0.0514017323	-0.0128029422	-0.0198718306	0.1188457756	-0.0550342342	0.1075027641	-0.0607729466	0.0142363162	0.0377637856	0.0039011106	0.091522583	0.0077713702	0.0273313799	-0.1148067065	0.0545762927	0.0256109187	0.0268530274	-0.108766367	-0.0749921294	0.0210531062	-0.009630304	0.0264424163	0.0455238316	-0.1036966724	0.0287594831	0.0891551366	-0.0108566229	0.053078425	0.0398443882	0.1201926104	-0.0631875635	0.0713158773	0.1786541605	-0.0223273913	-0.0427636539	0.0823775718	0.049163801	-0.1119074096	-0.0609605803	-0.0763189439	0.056913327	-0.0451158745	0.0652750432	-0.0678609387	0.0646929816	-0.0055161005	-0.1409103158	0.0315937004	0.0056241797	0.1230405059	0.1242374802	0.0027330699	-0.0189398996	-0.1001655686	0.0010762762	0.1651515956	0.0552341213	0.0281164169	-0.0158986144	-0.0755696522	-0.041255462	0.1364858308	0.0294981686	0.0163806943	-0.0151301372	0.0056188488	0.0033625944	0.0357484449	-0.0279549951	-0.0653771878	-0.083079045	0.0133901075	-0.0315055764	0.0641065074	-0.0092913619	-0.0840077366	0.0901282734	-0.0217350354	-0.039540558	0.0027147102	0.03755977	0.0277297881	0.0950571374	-0.0069163118	-0.0533783149	-0.0383758855	0.0371925065	-0.0285903702	-0.073416356	-0.1057119493	-0.0636460035	-0.0839431474	-0.0944532852	0.0123786125	0.002065455	0.0098246231	0.0543997961	-0.0468392339	0.004654012	0.0694750242	-0.0102366991	0.0362709177	-0.0845459276	0.0006098341	-0.1047101361	-0.0061409884	0.0759381544	0.0282070797	0.0209644225	0.0042263227	-0.0683593859	0.0037082087	-0.0420925248	0.1071444577	-0.0931592585	0.0669923581	0.1116741548	-0.0365671892	-0.0331335967	-0.0225403652	0.0680705304	0.0263922774	0.0378378214	-0.0223130059	0.0551915704	0.1097139741	0.0051131994	0.0444473396	-0.1741725997	-0.0933723387	0.019673946	0.1235015168	0.0157329648	-0.0083326898	-0.0127814026	-0.0093676161	-0.0174209517	0.0082616411	-0.0639252016	0.0394682872	0.0566433694	0.0155544672	0.0018280756	-0.0976219798	-0.0065308901	0.0604637751	-0.040055979	-0.0121658818	-0.0120401485	-0.0011174756	0.0328182325	0.0035728341	0.0158941104	-0.069792191	-0.0056496894	-0.0968507695	-0.0137407968	-0.1055007667	0.1040084014	-0.1015367435	0.0981090648	0.0	0.0	0.0645682890132803	0.0009929384865471	0.0041690639461024	9.859268380666243e-07	0.2076283790126609	-0.0103334804701659	0.0001067808186273	0.0431095437714251	-0.0679519569635758	0.0039454447290906	1.5566534110309562e-05	0.0046174684551796	-0.0020828658996907	-0.0004439343418919	1.9707769991099453e-07	4.338330356094349e-06	-0.0071111160934942	4.216026984019995e-05	5.056797209515221e-05	1.7774883529984734e-09	0.0024371316740646	-0.0002450462477999	5.93961079672892e-06	6.004766356081001e-08	0.0	0.0	0.0	0.0
58.73347819540867	0.0551145328294495	3449.621460930546	0.0030376117290084	63.74722941676875	0.0287372465442743	4063.7092583141466	0.0008258293389464	58.26506683337184	-0.023059764203495	0.0005317527251207	3394.818013097288	62.74516755674696	46.99711080056164	0.8813729999999999	28.753677	0.0463202515871786	0.0253603670281931	-0.0273004999	0.0092721428	-0.0254076881	0.0075522279	-0.0925903203	-0.0158213312	-0.0325363837	0.0658876978	0.0136709165	-0.047458354	0.0417629469	-0.0177668289	-0.0319430491	-0.0449108863	-0.0373838196	-0.0136508934	-0.0606834243	0.0766316457	-0.0642708041	-0.0755550782	-0.0001193345	-0.0353302304	0.05768724	0.0318329123	0.0553130079	0.0505056577	-0.0580996686	0.0060522123	0.121185163	-0.0724862069	0.0403173804	0.0147811302	0.0168650652	0.0228082707	-0.0068959355	0.0869381647	-0.1213991385	0.0374102245	-0.0308566156	0.0023861185	-0.0207304147	-0.001471105	-0.0521231502	-0.0150601158	-0.0536413216	0.0101363023	0.0073011678	0.0316633082	0.029255182	-0.0591321912	0.0066281371	-0.0565528832	-0.0538677102	0.1318530446	0.0077480906	0.0904473486	-0.0740386724	-0.1004362938	0.0626744264	-0.0254934095	0.0690616365	-0.0249814972	-0.1213948336	0.0492631204	-0.0786211741	-0.1293886531	0.037107846	-0.0531586267	-0.1261229085	0.1399484741	-0.0593051703	0.0557701867	-0.1357664597	0.0369747357	-0.0354999286	0.0860326377	0.075876343	0.0135848171	-0.0444970205	0.0355053631	0.0465199215	-0.0301189051	0.0673886437	0.0588400664	0.1043544829	-0.0399311465	0.0103331015	0.0284854092	0.009177526	-0.1335366891	0.0476813654	-0.1050035114	-0.0124575612	-0.0916904811	-0.0292191099	-0.17633261	-0.0628518234	-0.0740812966	0.0319971091	0.1068167428	0.0125499549	-0.1422107735	-0.0127550199	0.0220922481	-0.0191728321	0.050928339	-0.0467200164	-0.0179297809	-0.0106035693	0.0255713132	-0.0722779527	0.0001792911	0.0569607902	0.0683767782	0.0289258402	-0.042529779	-0.0285591003	0.0373820446	-0.0375972126	-0.0461930733	0.1038940232	0.0218800258	0.0461464932	-0.01800599	0.0469973478	-0.1113175444	0.1159996797	-0.0857899929	-0.010492685	-0.0352157582	-0.050730286	-0.0534567642	0.0229059212	-0.0104035705	0.0596257842	0.044133797	-0.0267434099	0.1345373505	0.0868586467	0.0110346704	-0.0419494247	0.0240026188	-0.0787042384	-0.0015969218	-0.081170156	0.008999036	-0.0119836584	-0.0348053011	-0.0769682797	-0.0653259359	0.0480083779	-0.0406788411	-0.0287666599	0.0795218746	0.1174803727	0.0242040351	0.128681723	-0.0283816052	-0.0046395623	0.0162229768	0.0532635456	0.082167756	-0.1095809857	0.0261286469	0.1245141253	-0.07903868	0.0856242037	-0.0230855876	-0.0316697241	0.0379029829	-0.1307088527	-0.0066128585	0.0031835446	-0.0031739938	0.0250135344	0.0139352081	-0.0265472214	0.0384808693	0.0403214118	0.030283741	-0.0585962691	-0.0704348774	0.0184366505	-0.0343972334	0.0040393034	-0.0225731275	0.0219190845	-0.0340795241	-0.0215805007	-0.0009639114	-0.0352150382	0.0386050706	-0.0984893529	-0.0195018178	-0.0373313978	-0.1056656457	0.1046653254	-0.1030051337	0.1006955375	0.0	0.0	0.0846770039837849	0.0201087149705046	0.0071701950036699	0.0004043604177649	0.202835898080778	-0.0047924809318828	2.2967873482461117e-05	0.0411424015502357	-0.073155688559332	-0.0052037315957561	2.707882252067134e-05	0.0053517547685899	-0.0020703211055172	1.254479417350015e-05	1.5737186085548328e-10	4.2862294799499615e-06	-0.0070984152644295	1.2700829064699742e-05	5.038749926628573e-05	1.6131105893072174e-10	0.0027361925326071	0.0002990608585425	7.486749575494856e-06	8.94373971121772e-08	0.0	0.0	0.0	0.0
58.7079973918123	-0.0254808035963733	3446.62895775704	0.0006492713519169	63.75054449333514	0.0033150765663947	4064.131923196704	1.098973264105952e-05	58.27862375178632	0.0135569184144799	0.0001837900368968	3396.3979864022726	62.72660789315111	46.90128792680595	0.8786739999999998	28.665617	0.0747638715587236	0.0354671642163197	-0.0342650794	0.0056856819	-0.037070857	0.0185906067	-0.0387174114	-0.0478575157	-0.0242351427	0.0374621587	0.062768632	-0.0179667097	0.0367871891	-0.0510595942	0.0052243372	-0.1010910488	0.0871403349	0.0080153985	0.034125639	-0.0576927987	-0.0620392103	-0.1069736992	-0.0483460983	0.0327205783	0.0362204516	-0.0303406959	0.0517374585	0.2130234133	-0.0431450434	0.0198858198	0.0260651265	0.0236944727	-0.1021271385	-0.1152993472	0.1289830048	0.0236512878	-0.0154233679	0.0564793948	0.007541263	-0.0803786087	0.0494043393	-0.0219491494	0.0534004755	0.0645664325	-0.0372232517	0.0069441905	0.0899023084	0.0245204208	0.1181351713	0.106509826	-0.0538723474	-0.095903339	0.055772702	0.051629983	0.0912104193	0.0822098288	0.0352148193	-0.0095345269	-0.1033254333	0.0765789512	-0.0058146077	-0.0750061208	0.0722583125	-0.0248328599	0.0092718793	-0.0026115283	-0.0811697112	0.1086074345	0.026439722	0.0469420412	-0.0161620526	-0.167463424	0.006897738	0.0580690732	0.0011868696	-0.0385928821	-0.0809181305	0.001304863	-0.0494414692	-0.0561336795	0.0363850965	-0.0985567849	0.0870475536	-0.0487749353	-0.1085524876	0.0470978613	0.0612077493	-0.037062781	-0.0236657661	-0.0140918099	-0.076647583	0.0639814153	-0.038925543	0.0343158389	0.0006875858	-0.1097720862	-0.0153003706	-0.0415551357	-0.115317125	0.1523262445	-0.0217498197	0.0673270579	-0.0298606135	-0.010750431	-0.0394763798	-0.0114322366	-0.0096523603	0.0241626863	-0.0597832084	-0.0436873777	0.0074415962	0.0100478328	-0.0579241425	-0.0181097813	0.038307271	0.0731811578	0.0214404967	-0.0243613838	-0.0038893548	-0.0452094349	0.0046841922	-0.0186209942	0.0643857172	0.0462464315	0.0256551063	0.0239388227	0.112912752	-0.0706529868	0.0246413315	-0.0886983476	-0.0276228575	0.0333358225	-0.0386716401	0.0232759475	-0.045227089	-0.0025507398	0.0391147592	0.017902211	0.0711045291	0.1429804656	-0.0391479447	-0.0336353616	-0.0210723316	0.0027678728	-0.016405602	0.0552262465	0.0640294016	0.0120317319	0.1276207726	0.0008622861	0.0067319316	0.0038058997	0.0012758631	0.016029368	0.0648709759	0.0085454394	-0.0194934774	-0.0460151532	0.078879955	0.0368034573	-0.0331328434	0.0901971385	-0.0806472726	0.1201307005	0.0152438609	0.0324639958	-0.0103440847	-0.034104864	-0.0176617917	0.004578291	0.0393829556	0.0310536885	-0.0064655271	-0.0210310385	0.0025507795	0.0149658365	0.041170151	0.0484738602	-0.0306556128	0.0217786084	0.0138330898	0.0673136939	-0.0313735631	0.0068089681	0.0669178224	-0.0660756001	0.0466303	-0.0076023282	-0.0024618978	0.0046323837	0.0518822944	-0.0315997457	-0.0124610222	1.83197e-05	-0.004376221	-0.0087126826	0.0066811858	-0.1057976105	0.1051918494	-0.1041848154	0.10278035	0.0	0.0	0.0767810978630763	-0.0078959061207086	0.0058953369890593	6.23453334670436e-05	0.1848948519032944	-0.0179410461774836	0.0003218811379425	0.0341861062603411	-0.0999471166966685	-0.0267914281373365	0.000717780621638	0.0099894261359774	-0.0017831024233939	0.0002872186821233	8.249457136064527e-08	3.1794542523131988e-06	-0.0072530232100869	-0.0001546079456573	5.260634568605928e-05	2.390361686040149e-08	0.0027370757272903	8.831946831998165e-07	7.491583536921724e-06	7.800328484324244e-13	0.0	0.0	0.0	0.0
58.73522112742294	0.0272237356106401	3449.82620088727	0.000741131780598	63.86285328092123	0.1123087875860875	4078.4640291804712	0.0126132637690569	58.340948664015976	0.0623249122296556	0.0038843946844342	3403.6662910173472	62.764612686116514	46.94302551413691	0.8710639999999998	28.417364	0.0754543130639908	0.0357449321036445	-0.0053259048	0.0117483695	-0.0344559078	0.0193057023	-0.0774572576	-0.0337063571	-0.0587399559	0.0286944748	0.0035193721	0.0161657434	0.0055454435	-0.0293101634	-0.0372460751	-0.0242215504	0.0005640077	0.0557565557	0.0907318512	-0.0058681059	-0.0579750207	-0.0696028053	0.0567050345	0.0709508704	-0.09156593	0.0305493668	0.0691064426	-0.0532779246	-0.0859883754	-0.0046267522	0.0272775991	0.0242597629	0.0429406086	-0.0517998941	-0.0354473551	-0.0221596232	0.1320876605	-0.0011920361	0.0284164912	-0.0607962481	-0.005805754	-0.0231669977	-0.0890098616	0.0476526627	0.0239633195	0.0113806305	0.0187573131	0.1328906833	-0.0325127415	-0.0187122809	0.03853398	0.2124173645	-0.0011025304	-0.0687266577	-0.0075465695	-0.0601595077	0.0258087171	0.0394610287	-0.0367149332	0.1094495331	0.0927883435	0.0788472722	0.0105603731	0.0308306239	0.1044687782	-0.0118416784	0.1067323465	-0.1099018526	0.0444696294	0.0237741189	0.0245561513	-0.0222922847	0.0088087552	0.0351680275	-0.0842449699	-0.0617759529	-0.1032654248	0.0046279676	-0.0873567155	0.029575553	-0.0290502997	0.0101083617	0.053621044	0.1853002887	-0.0155796435	-0.0618823008	0.1250765375	0.0782034823	0.0225063406	-0.0144219011	-0.0121686657	0.0549532235	-0.0505952055	-0.1239328312	0.0309331754	-0.1521431016	0.0424515707	0.025951984	-0.0955771164	-0.1062267487	0.0191741553	0.0232333816	-0.1123592138	0.045534361	9.79379e-05	0.0070244408	-0.0014992973	0.0599501037	-0.0312037221	-0.0387491802	-0.0002476295	-0.0017247819	-0.0564512066	-0.0128173914	-0.0370862248	-0.0673611672	-0.025017024	-0.0647754145	-0.0329125048	0.0060315914	0.0477682967	-0.0270987304	0.0472571051	0.0850465311	-0.0756604798	0.066058837	0.1407925845	-0.0136524118	-0.0190293384	0.0202081139	-0.0692818854	-0.0244958311	-0.0049673634	0.0996752471	-0.0284306991	0.0730325331	0.0867932643	-0.0111218387	0.0963644141	0.0380888245	-0.012388073	-0.0273864	0.0377327097	0.1275841178	-0.0083875815	0.104193377	0.0620018412	0.0318827249	0.1335897861	0.0366277993	0.0032635039	-0.0437469918	-0.0043757185	0.0506249995	-0.015177524	-0.0577590386	-0.0233621407	0.0344750848	-0.0374474285	0.0325605932	-0.0283285355	-0.0362100615	-0.0340817591	0.0132940877	0.0199850855	0.0299625086	0.0061606329	-0.1387160969	-0.0892593138	-0.0200835571	0.0262269687	-0.0089849718	-0.0195755296	-0.0025759493	-0.0209325433	-0.0158894979	0.0032598817	0.0379539523	-0.0320093701	-0.0157712704	0.0144969058	0.070989111	0.0065532639	-0.0881498719	-0.0116542085	0.093430758	0.0476123388	-0.0177374064	0.0006908731	0.0346527113	0.0274052846	-0.0646972807	-0.0144000266	-0.0674091122	0.0094500196	0.0166780587	-0.0055831053	-0.1058966202	0.1055873175	-0.1050724821	0.104353116	0.0	0.0	0.0653325023587143	-0.011448595504362	0.0042683358644514	0.0001310703390224	0.2054832646081337	0.0205884127048393	0.0004238827377047	0.0422233720340162	-0.072993215335714	0.0269539013609545	0.000726512798576	0.0053280094850459	-0.001947883168814	-0.0001647807454201	2.7152694061203808e-08	3.79424883934887e-06	-0.007416250005729	-0.000163226795642	5.500076414747539e-05	2.66429868155878e-08	0.0027358151984758	-1.2605288144998917e-06	7.484684800211181e-06	1.588932892184502e-12	0.0	0.0	0.0	0.0
58.73059452940826	-0.0046265980146813	3449.282733777759	2.14054091894534e-05	63.82145868334687	-0.0413945975743601	4073.178588470151	0.0017135127083432	58.37593171806211	0.0349830540461368	0.0012238140703949	3407.74940395185	62.76355316720482	47.0608879552079	0.854379	27.873037	0.0681024257076167	0.0286697213534564	-0.0148339153	0.0213241734	-0.0321251028	-0.0096444404	-0.0547201393	-0.0509475049	-0.0357758114	0.0368593735	0.0406200988	0.0109656124	0.0541221617	-0.1189994517	-0.0211067714	0.1341629632	-0.015923687	0.0023130388	0.0902617228	-0.0161825117	-0.0831201342	0.0948047041	0.0606604917	0.0889428204	0.0462671525	-0.0277716127	0.0434025422	0.0393335809	0.0103458166	-0.0958555549	0.0104599035	0.0941502569	-0.0250284278	-0.0420653322	-0.01672987	-0.0271894849	0.0304435358	0.0617961864	0.0805091575	-0.0678922535	-0.2235381772	-0.0574376471	-0.0242147978	0.1211453802	0.0479507737	0.0676194434	0.0328674493	0.0773889643	-0.0309590325	-0.0105120911	0.1048068223	0.0081559218	-0.0456023937	-0.0242454392	-0.0514418961	-0.0322430706	-0.0162168733	0.0272972467	-0.0173642933	0.0144498127	-0.1193246193	-0.052869266	0.0033631937	0.0449433575	-0.0516229034	0.082436894	0.0052227929	-0.0032488702	-0.0581662791	0.0104901063	-0.0452527848	0.023641743	-0.0082823386	-0.0246173168	-0.0646926639	0.0031460069	-0.1667556961	-0.0262173405	0.1150003963	0.0364234309	-0.0511261122	0.093603843	-0.0683127823	-0.0502371629	-0.0891759992	3.23707e-05	-0.0500988781	-0.06689993	0.0261544163	0.0192150245	-0.0511687787	0.1016104591	0.0219701273	-0.1141782101	-0.0338328303	-0.0119309734	-0.0431965267	0.1190334486	-0.0792845344	-0.0823151373	-0.051924613	-0.0798278893	-0.0821228357	-0.1241131604	-0.0144183745	0.0105501303	-0.006987414	0.0581715456	-0.0201626515	-0.0653166718	-0.0418699887	-0.036179852	-0.0797228618	-0.0013144576	-0.0485436334	-0.0699177345	-0.0001271406	-0.0185447603	-0.013495588	-0.0091037266	-0.0154467769	-0.021943891	0.0814544756	-0.0385232651	0.048694124	0.0064542865	-0.0293962393	0.0524820807	0.0521457818	0.0184316046	0.0821208879	-0.0873910613	-0.092288694	0.0702428164	0.0094621052	0.0363562303	0.0725251343	-0.0939612233	0.0088507314	0.1163490635	-0.0073519228	-0.0464164149	-0.0210542394	0.074147699	-0.0201605026	-0.089760266	-0.0023530713	0.0402011765	-0.0934946236	0.0301723163	0.01594442	-0.0062488689	0.0411024459	0.0167696427	-0.0666222089	0.0262461451	-0.0223425989	0.0390473043	-0.0676581892	0.1150581385	0.0367212029	0.062758913	0.0461394672	0.0041720813	-0.1003726436	-0.0834638366	0.0109287277	-0.0142077783	0.031308588	0.0297673528	0.0922612569	-0.2116628073	0.020218698	-0.006206722	-0.003140655	0.0052476972	0.0392863177	0.0213546742	-0.049429559	0.020719617	0.0108733273	0.0441527749	-0.0372220623	-0.0552026089	-0.0317237998	0.0421490026	-0.0440792431	0.0207177316	0.0288182558	0.000154031	-0.0511730203	-0.0159622092	0.0102949055	-0.0469824951	-0.0001595398	0.0145595061	-0.0022115469	-0.1059626437	0.1058512369	-0.1056656457	0.1054060001	0.0	0.0	0.0763485523960554	0.0110160500373411	0.0058291014529732	0.0001213533584252	0.2105039101461159	0.0050206455379822	2.520688161806062e-05	0.044311896186804	-0.0873241864977174	-0.0143309711620033	0.0002053767344461	0.0076255135474881	-0.0021287214765181	-0.000180838307704	3.270249353328269e-08	4.531455124589399e-06	-0.0070942254691841	0.0003220245365449	5.032803500762036e-05	1.0369980213695781e-07	0.002483982863319	-0.0002518323351567	6.1701708652624586e-06	6.34195250305268e-08	0.0	0.0	0.0	0.0
58.689581914426384	-0.0410126149818736	3444.4670252901647	0.0016820345876514	63.55986537600396	-0.2615933073429062	4039.856486615747	0.0684310584466001	58.37603916329747	0.0001074452353577	1.1544478601087153e-08	3407.76194839484	62.70580708428317	47.29597516342147	0.879279	28.685343	0.0936355941289346	0.0505961123106312	-0.0601278227	0.0373446193	0.0175223411	-0.028822689	-0.0825545672	-0.0508868289	0.0097062	0.0108625112	0.0113347383	0.0290066992	0.0604023759	-0.1014753349	-0.0446998485	-0.0001813526	-0.0611077389	-0.0778378664	0.0525764234	0.0974236723	-0.1394441938	0.0659262413	0.0562011007	0.0423153354	-0.0184348692	0.0366978587	-0.0915534929	0.06891019	-0.0699804919	0.0857867326	-0.114870379	-0.0385848231	0.0748927735	-0.0149022941	-0.0351509977	0.0404513195	0.00299369	0.0398625474	0.0292174285	-0.0616161427	-0.0450041599	-0.009074584	-0.0305313321	-0.1072714084	-0.0287649694	-0.0858142784	0.06531204	-0.1178109082	-0.026854045	0.1089999591	0.0991319494	0.0711515164	-0.1111045516	0.0695658072	-0.0217937062	-0.0300006679	-0.0221236882	-0.0370300211	0.1912352285	0.043748931	0.0663411366	-0.0626874437	-0.0749351164	-0.0550544481	-0.091272305	0.028933214	-0.0308428485	0.1010209957	0.0072045858	0.0664163343	0.0756394487	-0.0435738785	-0.0625863107	-0.1448262013	0.0513464272	0.0193820657	-0.0554132833	-0.0620928239	0.0950678876	-0.0698528496	0.009789066	0.0201952738	0.1285971949	-0.0122772508	0.2028622205	0.0525518555	-0.0039076313	-0.0627392257	-0.0736492019	-0.0026939036	-0.0105063991	-0.0365359197	-0.05812102	-0.108748601	-0.0755510313	0.0069445868	0.0562097964	-0.0365579995	-0.0300085918	0.000261912	-0.0578716555	-0.0690565508	0.0459399317	0.1044290552	-0.0467218011	0.0123249706	-0.0027241987	0.0295203	-0.0423324114	-0.0288519172	-0.0360415013	0.0099007784	-0.0718604015	-0.033231994	-0.0331042082	0.0089796621	0.015739939	-0.0011418216	0.065549018	-0.0634755633	0.0320864914	-0.0177440774	0.0995597617	-0.0300768822	0.0476013708	-0.02972283	0.0656429711	0.0263041659	0.0522682096	-0.0072087226	-0.0143896353	0.0465715954	-0.0553768132	-0.0852221399	0.041008484	-0.0931026836	-0.010144367	0.0418657428	0.0331639083	0.0937876957	0.113891259	-0.1551336514	0.0181260117	-0.0391403828	0.0346028916	0.0403817313	0.0300488257	0.0172168973	-0.0311107329	0.0743254786	0.1093190045	0.0442755449	0.0505383507	0.1177673699	0.0455030669	-0.0119330204	-0.0697731938	-0.0442088566	-0.0280301875	0.0359494641	0.0176078603	0.0675242239	0.1557977897	0.050923064	0.1034241369	0.0821114809	-0.024774146	-0.0407294704	0.0233643932	0.1250831389	-0.1139375038	-0.055513921	0.0512564572	-0.03980332	8.64812e-05	0.0041660268	0.0320589107	0.0023776416	-0.1016719565	0.0522652244	0.0631107205	0.096671451	-0.0689696878	0.0247591629	0.0792778627	-0.0345486995	0.053870177	0.0213332131	0.0141252585	-0.0169193582	0.0540587938	-0.0803463565	0.0763897199	-0.0441854557	0.0004409292	-0.0563053922	-0.0798032635	-0.1059956606	0.1059832789	-0.1059626437	0.1059337567	0.0	0.0	0.0809522425340532	0.0046036901379978	0.0065532655712921	2.1193962886698213e-05	0.2051409880034924	-0.0053629221426235	2.8760933907841606e-05	0.042082824959049	-0.1035971183607458	-0.0162729318630284	0.0002648083114187	0.0107323629326503	-0.0012112046063442	0.0009175168701738	8.418372070537091e-07	1.4670165984294082e-06	-0.0068749381795258	0.0002192872896582	4.726477497230152e-05	4.80869154056829e-08	0.0022728660234455	-0.0002111168398735	5.16591996053296e-06	4.457032007817307e-08	0.0	0.0	0.0	0.0
