#!ascii label  , from subject sub-v2s9x29170_ses-1 vox2ras=TkReg
5372
58231  -22.372  -21.753  43.525 0.0000000000
67363  -36.004  -11.670  21.693 0.0000000000
50013  -31.921  -29.370  40.818 0.0000000000
69906  -33.508  -8.495  34.044 0.0000000000
74443  -59.467  -2.819  10.920 0.0000000000
59132  -15.759  -21.071  38.436 0.0000000000
75009  -16.389  -2.278  37.856 0.0000000000
59160  -37.965  -19.857  35.885 0.0000000000
128199  -41.456  -13.592  31.028 0.0000000000
60925  -34.982  -18.704  35.215 0.0000000000
48149  -38.678  -31.321  38.387 0.0000000000
119662  -30.634  -21.693  30.069 0.0000000000
72759  -57.396  -4.941  17.085 0.0000000000
57309  -13.329  -23.059  46.012 0.0000000000
65407  -24.572  -13.731  36.749 0.0000000000
71624  -31.642  -6.554  40.839 0.0000000000
131085  -19.466  -9.423  43.534 0.0000000000
67194  -12.765  -11.909  44.590 0.0000000000
70888  -53.017  -7.125  26.931 0.0000000000
64622  -49.651  -14.673  28.628 0.0000000000
56303  -28.962  -23.005  44.057 0.0000000000
45091  -23.842  -34.776  41.410 0.0000000000
46098  -28.443  -33.218  42.187 0.0000000000
69170  -31.953  -9.080  25.086 0.0000000000
120070  -25.386  -19.347  32.406 0.0000000000
61924  -13.197  -17.092  30.940 0.0000000000
76685  -9.924  -0.877  38.441 0.0000000000
67258  -16.510  -10.867  36.769 0.0000000000
70846  -9.741  -7.431  28.199 0.0000000000
56373  -39.726  -22.797  38.722 0.0000000000
61830  -38.319  -16.932  40.406 0.0000000000
57383  -37.057  -22.636  41.415 0.0000000000
49062  -41.820  -30.347  39.373 0.0000000000
55252  -35.341  -24.436  37.817 0.0000000000
73511  -59.226  -4.457  19.751 0.0000000000
71851  -59.177  -6.963  22.449 0.0000000000
57322  -18.666  -23.526  43.807 0.0000000000
53026  -14.602  -26.029  39.636 0.0000000000
53043  -19.481  -26.414  37.678 0.0000000000
61821  -22.029  -17.721  41.393 0.0000000000
67237  -22.399  -11.769  39.843 0.0000000000
61811  -19.341  -18.015  43.172 0.0000000000
61806  -18.156  -16.077  48.195 0.0000000000
61936  -53.732  -16.899  30.893 0.0000000000
61870  -49.549  -17.839  34.935 0.0000000000
118377  -39.061  -13.399  26.050 0.0000000000
65559  -43.498  -13.267  24.337 0.0000000000
69179  -39.903  -9.081  22.758 0.0000000000
53015  -29.480  -26.589  42.029 0.0000000000
50906  -29.066  -28.983  46.091 0.0000000000
49026  -31.916  -30.478  44.243 0.0000000000
114566  -31.064  -27.894  35.162 0.0000000000
58340  -26.778  -21.994  29.165 0.0000000000
132123  -27.134  -25.674  35.871 0.0000000000
56366  -25.682  -22.884  38.183 0.0000000000
78726  -59.167  0.514  8.552 0.0000000000
115302  -15.716  -20.009  33.856 0.0000000000
57434  -11.516  -22.725  32.437 0.0000000000
73358  -25.296  -4.614  35.317 0.0000000000
75835  -27.878  -1.674  41.874 0.0000000000
77520  -21.131  0.042  40.763 0.0000000000
77478  -15.138  0.670  44.241 0.0000000000
75815  -10.307  -1.880  42.738 0.0000000000
63608  -16.609  -15.619  41.380 0.0000000000
67215  -12.017  -12.109  40.230 0.0000000000
64528  -17.873  -14.656  37.268 0.0000000000
66377  -18.241  -12.996  31.787 0.0000000000
74271  -17.192  -3.240  27.625 0.0000000000
63657  -43.815  -14.602  35.475 0.0000000000
63644  -40.895  -14.329  37.144 0.0000000000
113940  -37.622  -16.211  33.260 0.0000000000
63721  -35.877  -16.241  27.829 0.0000000000
49073  -34.732  -30.583  39.116 0.0000000000
47106  -34.430  -32.853  42.349 0.0000000000
63758  -32.089  -15.730  26.422 0.0000000000
60057  -32.746  -19.617  32.352 0.0000000000
53079  -33.930  -26.792  35.189 0.0000000000
74402  -58.716  -2.828  14.417 0.0000000000
131147  -58.324  2.652  15.045 0.0000000000
124834  -59.202  -0.151  18.151 0.0000000000
112679  -12.432  -21.287  42.183 0.0000000000
54111  -10.518  -26.680  38.219 0.0000000000
53011  -9.761  -27.665  42.015 0.0000000000
67254  -29.331  -12.065  37.254 0.0000000000
70753  -35.296  -7.640  39.917 0.0000000000
66329  -31.005  -13.636  42.600 0.0000000000
69040  -25.654  -9.787  38.405 0.0000000000
71623  -19.707  -6.704  40.550 0.0000000000
71610  -14.626  -6.171  42.007 0.0000000000
122448  -17.209  -9.266  48.386 0.0000000000
62726  -16.022  -15.864  45.648 0.0000000000
68277  -56.528  -11.100  24.292 0.0000000000
64647  -55.834  -14.404  26.731 0.0000000000
67310  -51.819  -9.939  30.058 0.0000000000
69954  -48.155  -8.742  28.897 0.0000000000
132500  -46.162  -14.877  30.262 0.0000000000
57316  -26.114  -21.799  45.129 0.0000000000
50973  -24.461  -28.385  38.274 0.0000000000
121881  -25.869  -27.967  43.605 0.0000000000
45078  -26.429  -35.521  45.515 0.0000000000
69943  -32.511  -8.711  29.348 0.0000000000
64651  -29.039  -14.456  26.444 0.0000000000
66400  -26.346  -12.318  28.597 0.0000000000
67280  -27.107  -11.156  33.075 0.0000000000
61851  -25.697  -17.562  34.849 0.0000000000
59128  -24.188  -20.565  39.735 0.0000000000
61971  -12.258  -17.809  27.724 0.0000000000
76745  -12.193  -0.851  33.603 0.0000000000
71620  -10.349  -6.585  41.778 0.0000000000
72502  -14.060  -5.401  37.387 0.0000000000
73380  -18.462  -4.643  32.370 0.0000000000
69106  -15.071  -9.175  31.863 0.0000000000
66398  -13.560  -12.518  28.337 0.0000000000
57385  -40.659  -22.107  41.199 0.0000000000
129168  -40.190  -24.470  41.707 0.0000000000
50978  -42.285  -28.822  39.006 0.0000000000
53035  -39.995  -26.347  40.515 0.0000000000
70064  -59.253  -8.472  21.251 0.0000000000
69206  -58.176  -9.965  22.121 0.0000000000
57324  -20.310  -22.990  44.199 0.0000000000
56330  -18.637  -23.297  39.809 0.0000000000
134462  -20.890  -23.622  38.727 0.0000000000
59965  -22.851  -18.695  45.367 0.0000000000
61815  -20.370  -17.728  42.215 0.0000000000
59084  -21.459  -20.346  46.332 0.0000000000
120122  -19.107  -21.078  46.573 0.0000000000
61933  -47.425  -17.805  30.913 0.0000000000
114196  -45.498  -17.709  32.986 0.0000000000
65553  -37.702  -13.276  24.507 0.0000000000
66455  -39.888  -12.762  23.001 0.0000000000
68301  -38.185  -10.798  21.571 0.0000000000
50939  -30.104  -28.026  41.265 0.0000000000
50916  -31.972  -27.184  44.415 0.0000000000
50927  -32.931  -28.131  44.415 0.0000000000
67374  -34.049  -11.334  21.414 0.0000000000
50976  -31.031  -29.085  38.079 0.0000000000
52052  -28.792  -27.261  34.886 0.0000000000
52015  -29.215  -28.159  37.895 0.0000000000
53032  -27.801  -26.013  39.065 0.0000000000
133917  -59.223  -1.202  9.849 0.0000000000
126424  -16.715  -20.640  36.368 0.0000000000
59152  -13.206  -21.284  34.581 0.0000000000
57401  -13.829  -22.944  36.342 0.0000000000
71694  -29.143  -6.358  32.921 0.0000000000
72532  -29.898  -5.073  35.283 0.0000000000
127456  -20.940  -3.593  35.332 0.0000000000
75862  -23.223  -2.333  37.256 0.0000000000
77567  -18.869  0.360  37.633 0.0000000000
112005  -18.153  1.656  41.125 0.0000000000
77532  -14.803  0.010  39.913 0.0000000000
77498  -12.323  -0.082  42.781 0.0000000000
75841  -13.502  -2.027  39.300 0.0000000000
60898  -17.845  -18.925  40.111 0.0000000000
63615  -17.438  -15.174  39.279 0.0000000000
116752  -18.749  -18.773  37.858 0.0000000000
60932  -19.449  -17.646  34.789 0.0000000000
62800  -40.132  -17.083  34.360 0.0000000000
61855  -39.173  -16.958  36.740 0.0000000000
131012  -36.103  -18.053  37.554 0.0000000000
62770  -36.928  -16.147  36.463 0.0000000000
62781  -35.887  -16.697  34.642 0.0000000000
62862  -37.270  -16.282  30.533 0.0000000000
119528  -34.653  -16.567  32.328 0.0000000000
49075  -36.451  -31.121  38.488 0.0000000000
47121  -37.727  -33.449  41.991 0.0000000000
62842  -33.554  -16.493  31.033 0.0000000000
126714  -33.552  -19.471  33.555 0.0000000000
50992  -37.961  -28.202  36.988 0.0000000000
54130  -34.685  -25.297  36.397 0.0000000000
50060  -36.428  -29.416  36.373 0.0000000000
50058  -34.842  -29.682  36.571 0.0000000000
74389  -58.156  -3.391  15.536 0.0000000000
76043  -60.144  -1.181  16.734 0.0000000000
74367  -60.656  -3.311  17.757 0.0000000000
72714  -56.300  -5.297  19.777 0.0000000000
73548  -56.065  -3.982  17.888 0.0000000000
72778  -56.649  -5.429  13.187 0.0000000000
58220  -12.173  -21.475  45.381 0.0000000000
56305  -9.518  -23.894  43.083 0.0000000000
56314  -12.037  -24.165  42.853 0.0000000000
134776  -15.896  -28.136  42.593 0.0000000000
116378  -13.895  -29.330  44.063 0.0000000000
64524  -28.709  -15.633  37.840 0.0000000000
65395  -30.957  -13.584  40.067 0.0000000000
65386  -27.820  -14.156  40.677 0.0000000000
114416  -20.851  -10.607  41.421 0.0000000000
68111  -25.508  -10.963  43.420 0.0000000000
69849  -24.029  -8.661  43.533 0.0000000000
69874  -22.877  -8.194  38.808 0.0000000000
70721  -22.167  -6.939  45.057 0.0000000000
71581  -19.414  -6.395  45.080 0.0000000000
68988  -19.610  -8.589  47.330 0.0000000000
59074  -16.117  -20.284  48.920 0.0000000000
135084  -16.540  -15.941  48.137 0.0000000000
59081  -14.589  -20.266  46.234 0.0000000000
59960  -14.651  -19.650  44.278 0.0000000000
65540  -54.657  -14.075  25.522 0.0000000000
64663  -52.733  -14.892  27.103 0.0000000000
63708  -52.465  -15.160  30.415 0.0000000000
65464  -53.295  -12.692  30.200 0.0000000000
66401  -51.650  -10.935  30.434 0.0000000000
68228  -50.627  -9.514  29.578 0.0000000000
67322  -49.239  -10.954  27.491 0.0000000000
65431  -42.875  -13.685  33.666 0.0000000000
64563  -45.436  -14.462  33.950 0.0000000000
64587  -43.809  -14.321  30.406 0.0000000000
127751  -27.827  -21.594  45.612 0.0000000000
54061  -26.511  -25.319  43.712 0.0000000000
55179  -27.451  -24.868  45.526 0.0000000000
47083  -29.788  -32.915  45.247 0.0000000000
48055  -27.077  -31.673  46.458 0.0000000000
45080  -28.321  -34.988  45.213 0.0000000000
47135  -32.696  -32.251  38.589 0.0000000000
48108  -31.577  -31.958  40.590 0.0000000000
69962  -32.623  -9.100  27.302 0.0000000000
61012  -30.908  -17.888  28.899 0.0000000000
63756  -30.428  -15.358  26.857 0.0000000000
61978  -29.426  -17.356  27.962 0.0000000000
59203  -25.628  -20.594  30.546 0.0000000000
61938  -26.393  -17.060  29.109 0.0000000000
63686  -25.567  -15.526  30.494 0.0000000000
67293  -26.352  -11.158  30.715 0.0000000000
64567  -25.739  -14.545  32.449 0.0000000000
64546  -27.435  -14.893  34.726 0.0000000000
134508  -25.743  -18.206  33.866 0.0000000000
57380  -27.224  -23.057  40.243 0.0000000000
58269  -24.508  -21.506  38.392 0.0000000000
58248  -26.789  -21.235  41.919 0.0000000000
59107  -25.826  -19.967  43.015 0.0000000000
113729  -54.723  -9.811  25.453 0.0000000000
70921  -56.042  -6.910  25.283 0.0000000000
61937  -12.026  -17.811  29.278 0.0000000000
60072  -12.225  -18.633  30.599 0.0000000000
48102  -24.627  -31.722  40.026 0.0000000000
49055  -22.299  -30.490  39.340 0.0000000000
70734  -35.200  -7.768  42.611 0.0000000000
74144  -33.642  -3.855  40.735 0.0000000000
74132  -34.769  -3.374  43.317 0.0000000000
77504  -24.926  -0.453  42.805 0.0000000000
78397  -10.701  1.754  41.074 0.0000000000
119395  -11.326  -0.908  35.701 0.0000000000
69830  -12.547  -8.196  45.249 0.0000000000
71607  -10.442  -6.255  43.123 0.0000000000
69843  -11.301  -7.994  43.450 0.0000000000
67243  -15.293  -11.765  38.967 0.0000000000
69863  -14.504  -8.607  39.496 0.0000000000
70758  -16.588  -8.331  38.113 0.0000000000
73352  -15.992  -4.792  35.247 0.0000000000
69895  -18.345  -8.006  34.756 0.0000000000
70809  -18.774  -7.391  31.649 0.0000000000
68185  -15.937  -10.035  33.796 0.0000000000
62837  -16.964  -15.897  30.446 0.0000000000
67292  -16.217  -11.901  29.980 0.0000000000
134852  -14.781  -14.852  28.479 0.0000000000
63711  -11.613  -16.031  27.208 0.0000000000
69136  -10.876  -9.724  27.488 0.0000000000
58280  -38.453  -21.520  37.676 0.0000000000
119012  -39.183  -18.012  39.137 0.0000000000
59131  -39.920  -19.543  40.695 0.0000000000
59121  -37.334  -19.698  41.325 0.0000000000
59142  -35.159  -20.533  37.990 0.0000000000
48150  -39.716  -31.143  38.539 0.0000000000
58277  -34.171  -21.600  37.116 0.0000000000
56371  -36.179  -23.589  39.362 0.0000000000
52005  -38.964  -27.200  38.479 0.0000000000
73524  -60.533  -4.445  18.400 0.0000000000
71886  -60.116  -6.461  19.737 0.0000000000
72696  -59.126  -5.652  21.594 0.0000000000
115778  -56.074  -5.695  21.489 0.0000000000
130493  -16.206  -23.502  45.116 0.0000000000
56316  -14.373  -23.606  41.410 0.0000000000
127688  -16.297  -23.698  39.614 0.0000000000
53029  -17.135  -26.759  38.960 0.0000000000
50935  -18.480  -28.145  41.467 0.0000000000
63622  -21.549  -15.077  37.961 0.0000000000
115936  -24.706  -12.483  38.766 0.0000000000
64499  -20.334  -14.604  39.053 0.0000000000
133498  -18.899  -13.922  40.605 0.0000000000
65360  -18.082  -13.658  42.691 0.0000000000
66298  -17.815  -12.562  45.058 0.0000000000
121332  -18.265  -17.758  45.151 0.0000000000
59078  -17.287  -21.462  47.752 0.0000000000
62901  -51.315  -16.509  28.151 0.0000000000
61021  -49.511  -18.353  29.702 0.0000000000
60973  -51.826  -18.404  33.157 0.0000000000
62830  -50.038  -16.282  32.008 0.0000000000
65475  -40.340  -13.502  28.700 0.0000000000
64635  -42.748  -14.290  28.218 0.0000000000
125337  -41.362  -13.792  25.079 0.0000000000
55191  -28.833  -24.121  42.765 0.0000000000
125454  -30.430  -25.384  45.697 0.0000000000
53006  -31.010  -25.970  44.756 0.0000000000
128989  -30.583  -29.357  45.410 0.0000000000
48069  -30.833  -32.537  44.024 0.0000000000
69178  -31.487  -9.395  23.600 0.0000000000
54172  -30.349  -25.776  32.178 0.0000000000
57463  -28.602  -22.308  28.862 0.0000000000
54185  -27.960  -25.577  31.532 0.0000000000
130804  -26.052  -24.506  31.681 0.0000000000
56414  -24.937  -23.396  33.193 0.0000000000
58302  -24.007  -21.138  34.266 0.0000000000
55260  -26.413  -24.469  36.781 0.0000000000
55219  -27.584  -24.359  39.862 0.0000000000
70857  -51.931  -6.007  29.076 0.0000000000
131374  -15.190  -18.264  32.373 0.0000000000
60061  -10.461  -18.410  32.560 0.0000000000
60026  -10.616  -19.166  34.079 0.0000000000
56411  -10.037  -22.842  33.378 0.0000000000
72509  -29.083  -5.661  38.153 0.0000000000
74142  -30.172  -3.549  40.521 0.0000000000
74164  -26.779  -3.463  38.207 0.0000000000
124651  -24.154  -1.844  40.513 0.0000000000
78366  -10.062  0.912  44.025 0.0000000000
76649  -8.469  -1.443  42.377 0.0000000000
66307  -14.722  -13.065  43.242 0.0000000000
67199  -10.668  -13.012  42.895 0.0000000000
65365  -11.942  -14.713  41.086 0.0000000000
65388  -13.950  -14.974  38.658 0.0000000000
65405  -13.965  -13.935  36.514 0.0000000000
66365  -14.518  -12.708  34.593 0.0000000000
135028  -18.653  -14.333  34.670 0.0000000000
62809  -18.628  -16.708  32.101 0.0000000000
72590  -13.831  -5.772  27.903 0.0000000000
61883  -43.836  -17.927  33.538 0.0000000000
61881  -42.055  -17.563  33.642 0.0000000000
123600  -42.037  -14.119  36.170 0.0000000000
64558  -41.118  -13.765  34.639 0.0000000000
62756  -39.748  -14.983  38.562 0.0000000000
120449  -39.096  -15.053  34.952 0.0000000000
64576  -39.530  -14.627  31.977 0.0000000000
64594  -38.954  -14.602  29.453 0.0000000000
64633  -37.710  -14.490  27.317 0.0000000000
65523  -36.017  -14.017  24.960 0.0000000000
131720  -33.456  -30.028  40.581 0.0000000000
49035  -35.085  -29.942  43.444 0.0000000000
49037  -35.713  -31.299  42.645 0.0000000000
46107  -35.629  -33.978  41.332 0.0000000000
64710  -33.896  -14.124  23.746 0.0000000000
62912  -33.695  -16.194  26.874 0.0000000000
62840  -32.226  -16.519  29.948 0.0000000000
59195  -31.798  -20.655  31.323 0.0000000000
57416  -32.838  -22.442  35.397 0.0000000000
56408  -32.397  -23.481  34.508 0.0000000000
55286  -31.641  -24.559  33.136 0.0000000000
52056  -32.414  -27.198  34.525 0.0000000000
50047  -33.169  -29.671  37.547 0.0000000000
74419  -59.199  -3.787  12.057 0.0000000000
76924  -60.114  1.016  13.281 0.0000000000
126357  -59.272  -0.938  14.602 0.0000000000
77790  -58.238  1.645  17.244 0.0000000000
74366  -58.759  -2.619  18.076 0.0000000000
119796  -55.763  -2.585  16.915 0.0000000000
72790  -58.044  -5.992  11.819 0.0000000000
58251  -14.343  -21.055  40.714 0.0000000000
56358  -12.625  -23.362  38.555 0.0000000000
131150  -11.257  -22.641  40.708 0.0000000000
129353  -9.652  -27.169  40.590 0.0000000000
53018  -12.448  -26.443  40.856 0.0000000000
69071  -32.811  -10.409  35.291 0.0000000000
70783  -33.492  -7.807  36.286 0.0000000000
68163  -32.873  -10.342  37.838 0.0000000000
68132  -34.551  -11.194  41.865 0.0000000000
69033  -32.113  -9.943  40.456 0.0000000000
66313  -27.000  -12.444  43.448 0.0000000000
67247  -28.571  -11.443  39.704 0.0000000000
68160  -29.248  -9.597  37.814 0.0000000000
69898  -25.864  -8.053  35.411 0.0000000000
71670  -21.805  -6.116  35.448 0.0000000000
73321  -18.176  -4.706  38.205 0.0000000000
73310  -15.724  -4.301  39.450 0.0000000000
129706  -17.469  -6.035  41.627 0.0000000000
70710  -16.456  -7.320  44.654 0.0000000000
68986  -14.311  -9.510  47.401 0.0000000000
65344  -17.910  -13.940  48.484 0.0000000000
65343  -15.554  -13.844  48.844 0.0000000000
66297  -14.830  -12.678  45.353 0.0000000000
63603  -16.138  -15.332  43.217 0.0000000000
117570  -16.000  -19.536  42.052 0.0000000000
67370  -55.925  -11.664  22.645 0.0000000000
66444  -55.816  -12.969  24.152 0.0000000000
66434  -56.352  -12.974  25.500 0.0000000000
66433  -53.958  -12.063  25.931 0.0000000000
63729  -54.566  -15.513  29.094 0.0000000000
66412  -53.615  -12.759  27.929 0.0000000000
69155  -51.826  -9.486  26.391 0.0000000000
121061  -50.806  -8.177  29.178 0.0000000000
62776  -46.222  -16.187  35.644 0.0000000000
63673  -47.674  -15.535  32.677 0.0000000000
63724  -47.891  -15.152  28.918 0.0000000000
64658  -44.595  -14.318  26.840 0.0000000000
65492  -46.840  -14.094  26.909 0.0000000000
65514  -48.253  -13.008  26.509 0.0000000000
58241  -24.042  -21.608  43.112 0.0000000000
55203  -23.763  -24.183  40.049 0.0000000000
55198  -25.278  -24.578  41.805 0.0000000000
131598  -25.823  -28.418  40.882 0.0000000000
48088  -25.538  -31.428  41.648 0.0000000000
50904  -26.304  -28.319  45.374 0.0000000000
48068  -25.937  -31.694  44.210 0.0000000000
45085  -25.471  -35.030  43.765 0.0000000000
48081  -33.277  -31.730  43.240 0.0000000000
48092  -31.024  -31.720  42.029 0.0000000000
47116  -28.414  -32.072  40.782 0.0000000000
112739  -33.333  -8.791  31.540 0.0000000000
64708  -32.160  -14.238  23.819 0.0000000000
65549  -30.512  -12.878  24.292 0.0000000000
67331  -29.752  -11.496  25.324 0.0000000000
61976  -27.720  -17.766  27.949 0.0000000000
65485  -27.216  -13.277  27.420 0.0000000000
68245  -29.531  -10.770  26.516 0.0000000000
68217  -30.211  -10.346  29.037 0.0000000000
69121  -31.191  -10.333  30.948 0.0000000000
69090  -32.126  -10.430  33.134 0.0000000000
68172  -28.703  -10.762  35.231 0.0000000000
64541  -28.476  -15.485  36.168 0.0000000000
63632  -26.267  -16.122  36.176 0.0000000000
59156  -23.413  -20.273  35.401 0.0000000000
60011  -23.078  -18.942  36.798 0.0000000000
61838  -22.572  -17.408  37.814 0.0000000000
60896  -23.122  -18.645  40.968 0.0000000000
59975  -25.023  -18.584  44.546 0.0000000000
70018  -57.349  -8.935  23.694 0.0000000000
72678  -56.452  -5.451  23.587 0.0000000000
53056  -22.192  -26.653  37.317 0.0000000000
49997  -20.678  -29.361  41.281 0.0000000000
73324  -31.658  -4.279  37.854 0.0000000000
76645  -31.709  0.116  42.320 0.0000000000
73307  -12.521  -4.200  39.962 0.0000000000
73293  -9.189  -4.600  42.214 0.0000000000
73317  -9.630  -4.688  39.354 0.0000000000
69852  -11.524  -8.466  40.603 0.0000000000
71639  -11.814  -6.350  38.861 0.0000000000
74171  -10.944  -3.907  37.096 0.0000000000
119450  -13.257  -3.100  35.014 0.0000000000
75056  -16.242  -2.397  33.247 0.0000000000
73408  -19.282  -4.370  29.436 0.0000000000
71726  -16.606  -6.930  28.811 0.0000000000
69939  -12.831  -8.393  29.829 0.0000000000
67276  -13.188  -11.478  33.355 0.0000000000
67288  -11.909  -10.747  31.726 0.0000000000
68203  -10.281  -10.046  30.075 0.0000000000
66405  -9.745  -12.796  26.632 0.0000000000
55242  -41.433  -24.733  39.947 0.0000000000
53024  -41.315  -26.334  40.368 0.0000000000
69204  -56.332  -9.917  21.510 0.0000000000
112069  -56.197  -10.671  21.839 0.0000000000
57325  -20.818  -22.643  43.496 0.0000000000
57349  -20.676  -22.697  41.913 0.0000000000
57350  -21.538  -22.597  41.598 0.0000000000
59093  -23.178  -20.858  45.554 0.0000000000
59957  -22.131  -19.528  46.371 0.0000000000
58222  -21.604  -21.623  45.448 0.0000000000
58221  -21.038  -21.832  45.849 0.0000000000
66452  -36.714  -12.711  23.114 0.0000000000
67365  -38.035  -11.917  21.926 0.0000000000
67364  -37.041  -11.961  21.880 0.0000000000
118020  -37.424  -8.979  21.601 0.0000000000
68300  -36.405  -10.326  21.205 0.0000000000
50950  -30.554  -28.566  40.806 0.0000000000
50941  -31.767  -28.371  42.394 0.0000000000
50001  -32.212  -28.906  41.910 0.0000000000
118579  -34.979  -11.358  21.412 0.0000000000
50024  -31.501  -29.422  39.748 0.0000000000
123666  -30.429  -28.820  38.044 0.0000000000
117482  -30.248  -28.775  39.188 0.0000000000
50949  -29.855  -28.228  40.327 0.0000000000
76115  -59.684  -1.343  10.405 0.0000000000
76963  -60.473  -0.215  10.990 0.0000000000
76090  -60.030  -0.518  11.847 0.0000000000
75269  -58.378  -2.567  10.312 0.0000000000
75284  -57.790  -1.955  9.940 0.0000000000
59143  -16.271  -21.003  36.972 0.0000000000
58281  -14.885  -22.186  36.316 0.0000000000
58274  -14.813  -22.181  37.139 0.0000000000
70804  -31.325  -7.598  33.399 0.0000000000
71682  -29.694  -6.102  34.221 0.0000000000
70792  -31.251  -7.176  34.982 0.0000000000
130770  -18.140  -2.516  36.617 0.0000000000
131615  -19.601  -1.140  36.310 0.0000000000
121785  -17.381  -0.873  37.389 0.0000000000
77535  -16.957  0.596  38.753 0.0000000000
76689  -15.452  -0.747  38.659 0.0000000000
76678  -14.389  -0.715  39.383 0.0000000000
75850  -14.661  -1.785  38.717 0.0000000000
59126  -16.945  -20.198  39.294 0.0000000000
60899  -18.310  -18.574  39.322 0.0000000000
60005  -17.682  -19.740  38.060 0.0000000000
120416  -17.772  -19.748  37.038 0.0000000000
60038  -37.811  -19.925  34.907 0.0000000000
127554  -38.307  -18.493  34.951 0.0000000000
118310  -38.271  -18.849  36.413 0.0000000000
60926  -35.436  -18.037  35.705 0.0000000000
61845  -35.964  -17.436  36.219 0.0000000000
61863  -35.307  -17.224  34.346 0.0000000000
62814  -34.990  -16.563  33.027 0.0000000000
61878  -34.747  -17.194  33.547 0.0000000000
48147  -37.245  -31.296  38.444 0.0000000000
47138  -38.359  -32.603  40.393 0.0000000000
47139  -39.286  -33.115  40.155 0.0000000000
61877  -34.046  -17.603  33.081 0.0000000000
60936  -34.127  -18.969  34.004 0.0000000000
50049  -37.837  -29.887  37.022 0.0000000000
51012  -37.439  -28.650  36.597 0.0000000000
49100  -37.057  -30.062  36.782 0.0000000000
49086  -36.828  -30.741  37.562 0.0000000000
73565  -57.910  -4.241  16.611 0.0000000000
74380  -59.975  -3.389  16.715 0.0000000000
73550  -59.665  -4.475  17.483 0.0000000000
73563  -56.130  -4.660  15.919 0.0000000000
117131  -12.824  -22.510  46.114 0.0000000000
56286  -11.029  -23.014  44.816 0.0000000000
56297  -12.603  -23.603  44.240 0.0000000000
50921  -16.867  -28.658  43.403 0.0000000000
50911  -15.785  -29.585  44.237 0.0000000000
64522  -27.081  -15.313  37.491 0.0000000000
64500  -28.648  -14.740  39.692 0.0000000000
65392  -26.671  -13.784  38.718 0.0000000000
69012  -19.923  -9.912  42.068 0.0000000000
69007  -22.752  -9.543  43.647 0.0000000000
68996  -21.401  -8.721  44.211 0.0000000000
69844  -23.035  -7.822  43.443 0.0000000000
69839  -21.492  -8.088  45.348 0.0000000000
69829  -20.716  -7.389  46.754 0.0000000000
68990  -19.328  -9.162  45.355 0.0000000000
57292  -14.921  -22.704  47.353 0.0000000000
134874  -15.058  -20.310  47.142 0.0000000000
58204  -14.376  -22.230  47.043 0.0000000000
59079  -13.214  -21.024  45.543 0.0000000000
63765  -50.709  -15.456  27.140 0.0000000000
63707  -51.086  -15.437  29.924 0.0000000000
64624  -52.069  -13.201  29.762 0.0000000000
64623  -50.849  -14.047  28.752 0.0000000000
65496  -50.814  -12.270  28.678 0.0000000000
65495  -50.018  -13.054  27.722 0.0000000000
65439  -42.390  -13.653  32.472 0.0000000000
64578  -43.781  -14.114  32.030 0.0000000000
65453  -42.906  -14.037  30.697 0.0000000000
57318  -28.523  -22.324  45.271 0.0000000000
124530  -28.240  -23.427  45.940 0.0000000000
55178  -28.861  -23.756  45.714 0.0000000000
47088  -29.934  -33.542  44.317 0.0000000000
46078  -28.596  -34.292  45.620 0.0000000000
45087  -28.493  -34.823  44.089 0.0000000000
70879  -30.956  -7.497  26.462 0.0000000000
69979  -32.485  -9.161  26.606 0.0000000000
60090  -30.789  -19.626  28.887 0.0000000000
61958  -30.305  -17.339  28.469 0.0000000000
59221  -30.096  -20.042  28.455 0.0000000000
60977  -25.578  -19.118  31.807 0.0000000000
61925  -25.906  -17.746  30.438 0.0000000000
61915  -25.717  -17.807  31.333 0.0000000000
134262  -25.560  -14.840  31.908 0.0000000000
62811  -25.865  -16.554  32.424 0.0000000000
62795  -26.248  -17.065  33.306 0.0000000000
113782  -25.860  -18.091  32.936 0.0000000000
57356  -28.297  -22.991  42.366 0.0000000000
57354  -27.181  -21.921  41.535 0.0000000000
57341  -28.079  -21.750  43.351 0.0000000000
58243  -27.603  -20.995  43.535 0.0000000000
69995  -53.978  -8.382  25.844 0.0000000000
69996  -54.768  -7.930  25.878 0.0000000000
119504  -12.698  -16.883  30.230 0.0000000000
117282  -12.027  -17.976  29.511 0.0000000000
130985  -11.886  -17.832  30.587 0.0000000000
46104  -24.113  -33.311  40.678 0.0000000000
71617  -33.421  -6.581  42.382 0.0000000000
72451  -35.208  -5.532  43.150 0.0000000000
72462  -33.392  -5.063  42.641 0.0000000000
133950  -10.141  0.443  39.440 0.0000000000
78425  -11.453  1.134  39.188 0.0000000000
77547  -10.834  0.498  38.715 0.0000000000
68989  -12.585  -8.595  45.435 0.0000000000
69838  -11.881  -8.184  44.909 0.0000000000
69002  -12.360  -9.821  43.299 0.0000000000
68146  -16.403  -10.885  38.371 0.0000000000
69037  -16.302  -9.553  38.998 0.0000000000
69048  -17.119  -9.669  37.724 0.0000000000
112877  -17.701  -7.894  36.284 0.0000000000
69068  -17.740  -9.416  35.417 0.0000000000
69074  -17.658  -9.501  34.384 0.0000000000
68170  -16.187  -10.739  35.308 0.0000000000
62821  -15.091  -16.685  30.669 0.0000000000
117012  -16.041  -15.419  29.642 0.0000000000
115145  -14.520  -16.353  30.109 0.0000000000
63695  -14.051  -15.874  28.879 0.0000000000
72585  -9.370  -6.396  27.107 0.0000000000
71789  -9.980  -6.748  25.999 0.0000000000
69969  -9.166  -7.747  27.036 0.0000000000
56372  -38.800  -22.696  38.286 0.0000000000
58273  -39.503  -21.016  38.737 0.0000000000
122096  -40.113  -21.516  39.371 0.0000000000
56337  -38.330  -22.682  42.052 0.0000000000
58257  -39.101  -20.612  41.924 0.0000000000
59130  -36.405  -20.486  40.612 0.0000000000
59129  -35.860  -20.295  39.599 0.0000000000
58263  -35.726  -21.170  39.776 0.0000000000
132669  -40.452  -30.126  38.794 0.0000000000
48138  -41.176  -32.248  38.873 0.0000000000
48139  -41.668  -31.798  38.660 0.0000000000
58272  -35.357  -21.715  39.123 0.0000000000
56355  -36.575  -23.176  40.361 0.0000000000
51992  -40.336  -27.302  40.145 0.0000000000
53051  -39.470  -26.800  39.529 0.0000000000
52006  -39.718  -27.714  39.063 0.0000000000
50994  -39.291  -28.829  37.894 0.0000000000
71885  -59.071  -6.435  19.264 0.0000000000
70995  -59.030  -7.127  19.870 0.0000000000
70035  -59.843  -8.067  21.574 0.0000000000
70968  -60.222  -7.503  21.252 0.0000000000
71861  -59.587  -6.374  21.960 0.0000000000
72704  -57.129  -5.551  21.205 0.0000000000
72694  -57.003  -5.579  22.092 0.0000000000
57321  -17.841  -23.611  44.292 0.0000000000
57346  -16.815  -23.358  42.514 0.0000000000
57347  -17.663  -23.278  41.983 0.0000000000
56378  -19.124  -24.273  37.736 0.0000000000
55228  -17.446  -24.578  38.080 0.0000000000
51996  -18.039  -26.639  38.514 0.0000000000
129914  -18.153  -27.562  39.814 0.0000000000
51975  -18.802  -27.785  39.917 0.0000000000
61827  -21.568  -16.714  39.705 0.0000000000
63621  -20.896  -15.044  38.542 0.0000000000
62742  -21.103  -16.748  40.399 0.0000000000
60883  -19.904  -18.283  42.881 0.0000000000
127899  -19.302  -15.955  41.249 0.0000000000
62735  -18.927  -15.878  41.977 0.0000000000
65361  -18.307  -13.927  41.897 0.0000000000
121195  -18.519  -15.570  42.637 0.0000000000
63604  -18.140  -15.137  43.944 0.0000000000
60876  -18.846  -18.224  44.117 0.0000000000
126715  -19.351  -23.189  46.647 0.0000000000
121316  -18.331  -21.584  46.982 0.0000000000
119274  -18.639  -23.290  46.511 0.0000000000
57300  -17.639  -23.180  46.845 0.0000000000
61919  -48.704  -18.030  32.987 0.0000000000
118135  -50.058  -18.547  32.603 0.0000000000
60953  -50.663  -18.324  34.047 0.0000000000
62819  -51.759  -17.201  33.221 0.0000000000
130961  -50.242  -16.712  34.060 0.0000000000
113544  -40.001  -13.434  27.491 0.0000000000
116204  -40.712  -13.728  27.185 0.0000000000
119183  -39.895  -13.570  26.066 0.0000000000
67367  -39.743  -11.533  22.206 0.0000000000
66476  -41.115  -12.096  22.756 0.0000000000
69192  -41.011  -10.294  22.825 0.0000000000
70001  -39.873  -8.151  23.890 0.0000000000
54065  -28.946  -24.981  42.528 0.0000000000
113742  -30.432  -25.596  44.129 0.0000000000
53008  -30.090  -26.195  43.291 0.0000000000
128936  -31.888  -28.133  45.451 0.0000000000
50908  -30.983  -28.274  45.729 0.0000000000
49977  -30.926  -30.081  44.775 0.0000000000
49025  -30.566  -31.368  44.461 0.0000000000
130307  -31.167  -31.221  44.108 0.0000000000
116855  -31.598  -9.852  22.753 0.0000000000
53100  -30.445  -26.808  33.339 0.0000000000
54171  -29.414  -26.047  32.012 0.0000000000
53099  -29.542  -26.913  33.342 0.0000000000
116781  -27.642  -26.435  34.988 0.0000000000
53098  -27.806  -26.408  33.479 0.0000000000
54156  -26.471  -25.269  34.086 0.0000000000
55294  -25.332  -23.892  32.701 0.0000000000
55278  -26.073  -24.747  34.612 0.0000000000
55270  -25.743  -24.241  35.261 0.0000000000
54127  -26.681  -25.050  36.189 0.0000000000
53021  -28.472  -26.384  40.490 0.0000000000
54092  -27.639  -25.129  39.445 0.0000000000
54080  -28.354  -25.507  40.748 0.0000000000
55207  -28.305  -24.649  40.939 0.0000000000
76986  -57.609  -0.273  8.660 0.0000000000
60943  -15.767  -19.079  33.109 0.0000000000
60942  -12.924  -18.571  33.022 0.0000000000
60044  -14.246  -19.580  33.551 0.0000000000
57409  -11.304  -22.449  34.395 0.0000000000
58289  -10.727  -21.387  34.454 0.0000000000
72519  -27.530  -5.709  36.417 0.0000000000
73335  -28.300  -4.712  37.807 0.0000000000
74188  -25.875  -3.886  36.643 0.0000000000
76693  -22.176  -1.157  38.721 0.0000000000
75854  -23.776  -2.139  38.809 0.0000000000
126993  -22.234  -0.924  40.135 0.0000000000
76656  -22.796  -0.954  42.533 0.0000000000
76640  -21.763  -0.054  42.763 0.0000000000
78389  -20.314  1.154  41.839 0.0000000000
120028  -16.483  1.129  42.744 0.0000000000
77472  -14.098  0.648  45.765 0.0000000000
76653  -11.844  -0.570  42.249 0.0000000000
77484  -10.766  0.174  44.326 0.0000000000
76651  -9.317  -1.336  43.626 0.0000000000
77482  -8.848  0.049  43.159 0.0000000000
75814  -9.015  -2.431  43.210 0.0000000000
65368  -15.770  -13.988  41.997 0.0000000000
65357  -12.786  -13.697  42.462 0.0000000000
65378  -15.871  -14.131  41.042 0.0000000000
128086  -17.373  -14.754  38.477 0.0000000000
64506  -15.810  -14.624  38.679 0.0000000000
113804  -15.331  -14.863  37.813 0.0000000000
65396  -14.012  -14.636  37.692 0.0000000000
64526  -15.811  -14.569  36.688 0.0000000000
65413  -16.798  -13.914  35.316 0.0000000000
64538  -18.601  -14.591  35.526 0.0000000000
60930  -17.887  -19.107  33.985 0.0000000000
61874  -19.240  -17.221  33.394 0.0000000000
60945  -17.547  -18.658  33.193 0.0000000000
61896  -17.141  -17.726  32.055 0.0000000000
125350  -15.041  -3.014  27.393 0.0000000000
73438  -15.670  -4.329  27.567 0.0000000000
61903  -41.647  -18.157  32.943 0.0000000000
61902  -40.702  -18.021  32.837 0.0000000000
62784  -40.720  -15.893  35.452 0.0000000000
62785  -41.443  -15.428  35.504 0.0000000000
63655  -41.668  -14.055  36.626 0.0000000000
64548  -41.754  -13.898  36.068 0.0000000000
64547  -41.241  -13.840  35.984 0.0000000000
60909  -39.240  -17.547  40.316 0.0000000000
129636  -39.394  -16.296  38.730 0.0000000000
62750  -38.722  -15.825  39.059 0.0000000000
62783  -37.596  -15.840  35.062 0.0000000000
63653  -38.741  -15.024  35.996 0.0000000000
119246  -38.518  -15.500  33.690 0.0000000000
64568  -39.591  -14.599  33.148 0.0000000000
63671  -38.933  -15.181  32.309 0.0000000000
132274  -39.500  -14.384  30.463 0.0000000000
122737  -38.440  -15.526  31.003 0.0000000000
62877  -36.476  -16.450  28.995 0.0000000000
63700  -37.256  -16.063  28.939 0.0000000000
63740  -36.618  -15.547  27.544 0.0000000000
64654  -36.689  -14.551  26.378 0.0000000000
64653  -35.869  -14.884  26.123 0.0000000000
134388  -34.399  -30.479  39.768 0.0000000000
115729  -34.740  -30.426  41.780 0.0000000000
48123  -35.929  -31.156  40.737 0.0000000000
117394  -37.527  -34.473  41.805 0.0000000000
46108  -36.742  -34.185  42.023 0.0000000000
63783  -35.057  -15.216  25.800 0.0000000000
63739  -35.186  -16.261  27.307 0.0000000000
60964  -32.958  -18.667  32.147 0.0000000000
62841  -32.821  -16.540  30.482 0.0000000000
60068  -32.522  -19.225  31.626 0.0000000000
60067  -32.113  -19.767  31.016 0.0000000000
59196  -32.297  -20.160  31.828 0.0000000000
57398  -34.371  -22.705  37.701 0.0000000000
118254  -33.683  -22.083  36.701 0.0000000000
56392  -34.078  -23.774  36.916 0.0000000000
54141  -34.292  -25.865  35.627 0.0000000000
55273  -33.234  -24.314  35.451 0.0000000000
55280  -33.025  -24.766  34.826 0.0000000000
55287  -32.029  -23.935  33.787 0.0000000000
54150  -32.655  -25.322  34.211 0.0000000000
53102  -32.158  -25.948  33.696 0.0000000000
52057  -33.204  -27.043  34.762 0.0000000000
49085  -34.926  -30.535  38.147 0.0000000000
50048  -34.059  -29.771  37.050 0.0000000000
49084  -34.058  -30.217  38.132 0.0000000000
50038  -33.252  -29.961  38.674 0.0000000000
129161  -58.881  -2.848  13.644 0.0000000000
75210  -59.163  -2.312  13.138 0.0000000000
75195  -59.006  -2.094  14.209 0.0000000000
76881  -59.777  -0.256  18.059 0.0000000000
76897  -59.752  -0.080  17.186 0.0000000000
76880  -59.192  0.487  18.063 0.0000000000
74341  -60.545  -4.074  19.185 0.0000000000
124726  -60.436  -3.290  18.690 0.0000000000
73523  -58.717  -3.996  19.091 0.0000000000
74364  -55.545  -3.436  17.227 0.0000000000
73593  -57.580  -4.780  13.373 0.0000000000
72779  -57.483  -5.407  12.780 0.0000000000
73601  -58.328  -5.038  12.513 0.0000000000
125271  -58.986  -4.713  11.815 0.0000000000
58246  -13.579  -21.139  41.244 0.0000000000
57359  -12.015  -22.165  40.663 0.0000000000
57345  -11.296  -22.109  41.411 0.0000000000
54067  -8.980  -25.498  42.510 0.0000000000
54073  -8.801  -25.305  42.029 0.0000000000
135220  -9.489  -27.449  41.521 0.0000000000
115592  -10.243  -28.621  40.517 0.0000000000
50942  -10.004  -29.004  41.719 0.0000000000
127949  -14.788  -24.774  39.580 0.0000000000
55214  -13.415  -25.060  40.360 0.0000000000
53019  -13.611  -26.187  40.211 0.0000000000
49980  -13.318  -29.314  43.258 0.0000000000
68167  -30.659  -10.484  36.347 0.0000000000
69057  -32.726  -10.209  36.884 0.0000000000
68162  -31.762  -10.551  37.480 0.0000000000
65383  -31.247  -14.474  42.740 0.0000000000
67242  -32.602  -12.631  40.942 0.0000000000
67230  -33.466  -12.150  42.580 0.0000000000
69023  -33.432  -11.213  42.087 0.0000000000
68129  -31.978  -11.904  41.806 0.0000000000
66347  -22.659  -12.152  39.145 0.0000000000
119957  -25.422  -12.482  40.998 0.0000000000
66324  -24.848  -12.090  41.435 0.0000000000
68137  -26.110  -10.405  40.462 0.0000000000
67225  -27.124  -11.393  42.507 0.0000000000
68139  -27.199  -10.883  39.329 0.0000000000
68150  -29.247  -10.372  38.526 0.0000000000
69052  -27.106  -9.939  37.436 0.0000000000
69063  -27.875  -9.012  36.626 0.0000000000
69061  -26.075  -9.198  36.577 0.0000000000
70760  -21.598  -7.477  38.738 0.0000000000
70771  -22.385  -7.536  37.456 0.0000000000
71651  -20.384  -6.353  37.764 0.0000000000
72506  -20.077  -5.773  37.130 0.0000000000
72482  -19.042  -5.794  38.964 0.0000000000
72480  -17.770  -5.208  39.770 0.0000000000
71621  -18.512  -6.232  41.090 0.0000000000
69822  -18.832  -7.751  47.790 0.0000000000
70711  -17.560  -7.076  45.070 0.0000000000
69827  -17.355  -7.889  47.128 0.0000000000
69826  -15.724  -8.290  46.440 0.0000000000
68982  -15.745  -9.327  47.926 0.0000000000
64473  -18.019  -15.144  46.247 0.0000000000
66295  -17.833  -12.795  46.411 0.0000000000
133513  -18.293  -15.113  47.727 0.0000000000
62724  -16.151  -15.232  48.114 0.0000000000
63597  -16.967  -15.460  49.317 0.0000000000
65347  -15.849  -14.374  47.083 0.0000000000
65345  -15.414  -13.599  47.336 0.0000000000
127111  -15.637  -13.939  46.143 0.0000000000
65353  -15.640  -13.850  44.012 0.0000000000
121038  -16.071  -16.731  44.336 0.0000000000
116397  -13.647  -20.441  43.459 0.0000000000
59969  -15.301  -19.342  43.367 0.0000000000
59105  -14.844  -20.259  42.135 0.0000000000
116272  -15.117  -20.547  41.266 0.0000000000
64691  -55.564  -14.475  26.306 0.0000000000
65541  -55.878  -13.964  25.611 0.0000000000
66419  -55.967  -13.399  26.113 0.0000000000
114023  -55.478  -12.375  25.727 0.0000000000
128604  -55.035  -12.831  26.296 0.0000000000
61969  -52.082  -17.159  29.307 0.0000000000
63727  -53.357  -16.297  28.831 0.0000000000
62864  -54.363  -16.018  29.629 0.0000000000
66403  -52.682  -11.262  30.459 0.0000000000
66404  -53.479  -12.386  29.616 0.0000000000
66411  -52.866  -11.413  29.468 0.0000000000
67324  -52.175  -11.216  26.795 0.0000000000
67323  -51.664  -10.287  27.767 0.0000000000
69145  -51.405  -9.229  27.281 0.0000000000
121780  -51.179  -9.462  28.796 0.0000000000
69132  -49.993  -9.345  29.542 0.0000000000
69956  -50.292  -8.761  29.892 0.0000000000
62804  -43.382  -17.032  34.482 0.0000000000
61866  -45.293  -17.394  34.897 0.0000000000
62775  -45.412  -15.778  35.595 0.0000000000
64589  -45.544  -14.725  30.894 0.0000000000
64573  -46.176  -14.854  33.187 0.0000000000
63688  -46.509  -15.066  30.950 0.0000000000
63689  -47.384  -15.370  30.823 0.0000000000
64601  -47.072  -15.012  29.244 0.0000000000
65530  -43.267  -14.147  25.871 0.0000000000
64657  -43.835  -14.367  27.126 0.0000000000
65531  -44.002  -13.807  25.304 0.0000000000
65513  -47.312  -13.244  26.185 0.0000000000
58235  -25.202  -21.452  44.587 0.0000000000
56310  -24.679  -23.157  42.357 0.0000000000
56311  -25.396  -23.540  42.760 0.0000000000
115650  -26.230  -26.677  43.320 0.0000000000
53013  -26.094  -26.540  42.338 0.0000000000
50938  -26.019  -28.342  41.790 0.0000000000
50011  -25.821  -29.792  41.262 0.0000000000
49042  -25.830  -30.012  42.212 0.0000000000
128959  -29.663  -27.167  46.157 0.0000000000
51945  -28.306  -27.058  46.210 0.0000000000
50905  -27.354  -28.805  46.223 0.0000000000
46076  -26.615  -34.000  45.981 0.0000000000
48060  -26.032  -31.681  45.497 0.0000000000
47087  -26.149  -33.328  45.098 0.0000000000
46089  -25.857  -33.650  44.163 0.0000000000
46083  -25.872  -34.800  44.653 0.0000000000
44103  -25.446  -37.084  44.705 0.0000000000
131935  -34.990  -31.149  43.320 0.0000000000
48073  -34.616  -30.555  43.679 0.0000000000
48095  -33.870  -32.300  42.828 0.0000000000
48107  -30.796  -31.655  40.522 0.0000000000
115043  -31.362  -31.821  41.279 0.0000000000
121372  -30.551  -31.602  41.287 0.0000000000
48091  -30.040  -31.633  41.819 0.0000000000
48105  -28.782  -31.479  40.338 0.0000000000
70837  -30.504  -7.808  29.400 0.0000000000
69923  -31.207  -7.966  31.027 0.0000000000
69933  -32.759  -8.766  30.085 0.0000000000
63794  -33.106  -15.176  24.651 0.0000000000
64709  -33.007  -14.237  23.699 0.0000000000
63792  -31.815  -15.313  25.052 0.0000000000
63755  -29.604  -15.134  27.065 0.0000000000
64679  -30.381  -14.720  25.294 0.0000000000
65521  -29.515  -13.438  25.339 0.0000000000
66438  -30.089  -12.202  24.712 0.0000000000
65520  -28.870  -12.991  25.751 0.0000000000
58341  -27.498  -22.072  28.789 0.0000000000
60107  -28.027  -19.364  27.810 0.0000000000
60099  -27.417  -19.435  28.321 0.0000000000
65472  -26.189  -13.824  28.581 0.0000000000
64612  -26.748  -15.182  28.278 0.0000000000
66406  -26.799  -12.596  27.837 0.0000000000
113408  -27.976  -11.624  26.945 0.0000000000
67307  -27.978  -11.188  27.467 0.0000000000
68223  -28.862  -10.474  28.098 0.0000000000
67302  -27.563  -10.842  28.685 0.0000000000
68191  -26.877  -10.839  32.305 0.0000000000
69118  -28.290  -9.704  30.936 0.0000000000
69099  -28.830  -9.807  32.390 0.0000000000
69111  -31.370  -10.347  31.788 0.0000000000
69087  -28.967  -9.971  33.213 0.0000000000
69077  -29.709  -10.288  34.238 0.0000000000
68180  -28.295  -10.665  34.356 0.0000000000
63652  -27.576  -16.628  35.165 0.0000000000
64540  -27.999  -14.733  35.454 0.0000000000
62759  -27.872  -16.681  35.876 0.0000000000
63634  -28.086  -16.464  36.605 0.0000000000
62766  -25.190  -16.841  35.316 0.0000000000
118705  -24.436  -22.470  35.812 0.0000000000
58295  -23.588  -21.058  35.112 0.0000000000
58284  -23.873  -21.562  36.488 0.0000000000
59136  -24.045  -20.830  38.731 0.0000000000
59140  -23.476  -20.398  37.313 0.0000000000
60002  -23.280  -19.570  38.348 0.0000000000
60917  -22.899  -18.128  37.167 0.0000000000
60001  -23.015  -18.765  38.584 0.0000000000
59995  -22.947  -18.463  39.415 0.0000000000
59990  -23.567  -19.460  40.670 0.0000000000
59096  -26.935  -19.964  45.149 0.0000000000
59982  -25.422  -19.129  43.741 0.0000000000
59088  -25.717  -19.914  45.540 0.0000000000
59095  -24.881  -19.704  45.632 0.0000000000
123203  -60.124  2.130  13.770 0.0000000000
67357  -56.538  -11.671  23.894 0.0000000000
68284  -57.291  -10.496  23.076 0.0000000000
69183  -57.058  -9.874  23.726 0.0000000000
72661  -54.775  -5.324  24.890 0.0000000000
72663  -56.207  -5.429  24.272 0.0000000000
72676  -54.968  -5.162  23.942 0.0000000000
71848  -54.643  -5.940  22.418 0.0000000000
60075  -15.549  -19.709  30.585 0.0000000000
59179  -10.356  -20.013  32.701 0.0000000000
59181  -12.680  -20.701  32.125 0.0000000000
57435  -12.521  -22.376  32.418 0.0000000000
55225  -11.641  -24.508  38.665 0.0000000000
55244  -12.243  -24.409  37.798 0.0000000000
54104  -24.117  -25.895  38.451 0.0000000000
54103  -23.348  -25.541  38.075 0.0000000000
52013  -23.312  -27.639  37.507 0.0000000000
48086  -21.515  -31.376  41.675 0.0000000000
49054  -21.491  -29.987  39.968 0.0000000000
49985  -20.886  -30.148  42.484 0.0000000000
49984  -20.481  -29.672  42.871 0.0000000000
70764  -33.904  -7.633  38.028 0.0000000000
71655  -32.065  -6.098  37.537 0.0000000000
71636  -32.935  -6.069  38.764 0.0000000000
118964  -28.801  -2.379  40.742 0.0000000000
131276  -30.804  -1.466  41.791 0.0000000000
128572  -29.428  -0.921  41.980 0.0000000000
122532  -11.478  0.136  33.744 0.0000000000
77621  -11.464  0.109  33.264 0.0000000000
77623  -14.055  -0.058  33.025 0.0000000000
72468  -14.696  -5.294  40.614 0.0000000000
73308  -13.757  -4.101  39.462 0.0000000000
72467  -13.529  -5.330  40.731 0.0000000000
71606  -10.259  -6.083  42.965 0.0000000000
72465  -10.580  -5.522  42.414 0.0000000000
72464  -9.913  -5.394  42.424 0.0000000000
73305  -9.261  -4.848  41.211 0.0000000000
71628  -10.206  -5.963  39.942 0.0000000000
67206  -9.927  -12.429  40.995 0.0000000000
68102  -10.452  -11.327  41.171 0.0000000000
68121  -11.458  -10.500  40.680 0.0000000000
70756  -14.646  -7.326  38.744 0.0000000000
70746  -13.067  -7.609  39.454 0.0000000000
72491  -12.787  -5.895  38.287 0.0000000000
72499  -11.202  -5.257  37.947 0.0000000000
73329  -12.748  -4.860  37.129 0.0000000000
74191  -12.213  -3.469  35.778 0.0000000000
73340  -14.080  -4.617  36.375 0.0000000000
73364  -17.229  -4.876  34.191 0.0000000000
74209  -16.217  -3.948  34.212 0.0000000000
74218  -17.365  -3.632  33.084 0.0000000000
75905  -17.051  -1.505  32.354 0.0000000000
74224  -18.356  -3.212  31.792 0.0000000000
75919  -18.711  -1.987  30.326 0.0000000000
73398  -19.220  -4.489  30.616 0.0000000000
123537  -17.404  -8.526  31.194 0.0000000000
70816  -18.009  -7.518  30.090 0.0000000000
130673  -16.732  -8.004  29.919 0.0000000000
70832  -14.509  -7.697  29.270 0.0000000000
69929  -14.644  -8.558  30.483 0.0000000000
66371  -17.097  -12.754  33.214 0.0000000000
67272  -14.022  -11.979  33.586 0.0000000000
67278  -15.935  -11.842  31.979 0.0000000000
130936  -14.405  -12.299  28.614 0.0000000000
113758  -13.796  -11.340  30.996 0.0000000000
67296  -12.914  -11.567  29.795 0.0000000000
68205  -10.883  -10.683  30.931 0.0000000000
67300  -11.158  -11.638  28.665 0.0000000000
118493  -10.297  -11.679  27.813 0.0000000000
66396  -11.305  -12.479  27.885 0.0000000000
62884  -11.349  -17.298  26.736 0.0000000000
62882  -10.058  -16.597  26.131 0.0000000000
62903  -11.124  -17.285  26.394 0.0000000000
57394  -40.452  -22.184  39.747 0.0000000000
56375  -41.125  -23.324  40.237 0.0000000000
56339  -40.783  -22.945  41.282 0.0000000000
131133  -38.192  -23.673  41.652 0.0000000000
50028  -41.980  -29.850  39.581 0.0000000000
113961  -41.993  -31.221  38.671 0.0000000000
55221  -37.802  -24.270  40.692 0.0000000000
54081  -39.424  -24.785  41.452 0.0000000000
53036  -40.658  -26.725  40.555 0.0000000000
70978  -57.295  -8.169  20.311 0.0000000000
70062  -57.148  -8.767  20.768 0.0000000000
70048  -58.395  -9.500  21.763 0.0000000000
133288  -59.230  -8.982  21.984 0.0000000000
57323  -19.696  -23.313  44.453 0.0000000000
132211  -18.333  -23.240  41.996 0.0000000000
57348  -19.566  -22.949  41.446 0.0000000000
56347  -19.620  -23.355  39.191 0.0000000000
120415  -20.200  -25.080  37.377 0.0000000000
60886  -22.728  -18.014  43.032 0.0000000000
131339  -21.596  -17.655  41.694 0.0000000000
60873  -22.103  -18.755  45.096 0.0000000000
60878  -20.202  -18.811  43.581 0.0000000000
59971  -19.836  -19.218  44.118 0.0000000000
60872  -19.253  -19.147  44.563 0.0000000000
59083  -20.684  -20.995  46.400 0.0000000000
57303  -20.129  -22.432  46.591 0.0000000000
120000  -47.563  -17.844  34.211 0.0000000000
132819  -38.167  -13.393  25.147 0.0000000000
65555  -39.242  -13.348  24.477 0.0000000000
65582  -38.990  -13.051  23.602 0.0000000000
67366  -38.868  -11.756  22.012 0.0000000000
69190  -39.416  -9.671  22.226 0.0000000000
70011  -38.869  -8.152  22.933 0.0000000000
51967  -29.785  -27.330  41.653 0.0000000000
51955  -30.344  -26.942  42.769 0.0000000000
50925  -30.603  -27.611  42.263 0.0000000000
50926  -32.364  -27.727  43.794 0.0000000000
49969  -32.589  -28.167  44.966 0.0000000000
51007  -31.121  -28.685  36.593 0.0000000000
52053  -29.646  -27.508  34.757 0.0000000000
51006  -30.250  -28.470  36.732 0.0000000000
52022  -28.806  -27.559  36.421 0.0000000000
53060  -28.313  -27.159  36.926 0.0000000000
53047  -27.732  -26.236  38.080 0.0000000000
51990  -28.625  -27.394  39.224 0.0000000000
51978  -28.756  -27.170  40.164 0.0000000000
76974  -58.979  -0.708  9.417 0.0000000000
76973  -57.955  -0.721  9.203 0.0000000000
59167  -16.371  -20.668  34.948 0.0000000000
59165  -14.444  -20.793  34.373 0.0000000000
58301  -14.969  -21.432  34.867 0.0000000000
116047  -13.827  -22.227  35.140 0.0000000000
56397  -12.837  -23.533  35.289 0.0000000000
74211  -22.943  -4.046  34.712 0.0000000000
74186  -24.342  -3.285  36.366 0.0000000000
75027  -22.278  -2.479  35.979 0.0000000000
76702  -21.161  -0.837  37.552 0.0000000000
130181  -19.861  0.426  38.603 0.0000000000
78402  -19.241  1.440  40.648 0.0000000000
78415  -18.183  1.259  39.536 0.0000000000
133080  -16.404  1.060  40.521 0.0000000000
77501  -15.288  0.585  41.581 0.0000000000
77487  -14.444  0.521  43.390 0.0000000000
77515  -13.889  0.067  41.192 0.0000000000
76667  -12.392  -0.714  41.193 0.0000000000
75829  -12.110  -1.456  40.734 0.0000000000
61818  -17.105  -17.073  41.006 0.0000000000
63610  -16.636  -15.130  40.574 0.0000000000
61825  -18.042  -17.028  39.763 0.0000000000
62744  -18.581  -16.940  38.996 0.0000000000
62752  -19.293  -16.495  37.530 0.0000000000
114001  -19.427  -15.809  36.075 0.0000000000
60916  -19.466  -17.999  36.640 0.0000000000
60019  -18.153  -19.493  35.593 0.0000000000
61879  -39.715  -17.651  33.580 0.0000000000
61864  -39.262  -17.590  34.261 0.0000000000
112422  -38.870  -17.555  35.284 0.0000000000
62772  -40.151  -15.403  37.826 0.0000000000
60913  -36.646  -17.352  38.752 0.0000000000
62754  -37.737  -15.909  38.281 0.0000000000
61846  -36.452  -16.802  36.806 0.0000000000
62769  -36.337  -16.588  35.500 0.0000000000
134120  -37.072  -16.438  32.741 0.0000000000
63677  -37.771  -16.014  31.201 0.0000000000
123250  -36.449  -16.416  32.355 0.0000000000
62844  -35.406  -16.531  30.961 0.0000000000
112579  -34.997  -16.562  30.166 0.0000000000
49074  -35.576  -30.861  38.731 0.0000000000
118974  -36.688  -31.676  40.890 0.0000000000
48124  -37.408  -32.046  40.576 0.0000000000
46110  -38.198  -34.195  41.650 0.0000000000
132857  -34.473  -16.508  29.828 0.0000000000
62826  -34.196  -16.555  31.713 0.0000000000
60965  -33.492  -18.096  32.606 0.0000000000
60050  -33.025  -20.017  33.080 0.0000000000
53061  -36.738  -26.187  37.369 0.0000000000
55263  -34.999  -24.840  37.119 0.0000000000
112847  -36.376  -26.704  36.595 0.0000000000
52025  -35.887  -27.349  36.049 0.0000000000
52041  -35.403  -27.925  35.728 0.0000000000
51030  -34.923  -28.364  35.694 0.0000000000
50059  -35.629  -29.531  36.296 0.0000000000
117262  -35.702  -30.599  37.593 0.0000000000
74401  -58.145  -3.384  14.540 0.0000000000
75186  -59.128  -2.424  15.300 0.0000000000
74391  -59.840  -2.768  16.279 0.0000000000
75179  -60.534  -2.081  17.017 0.0000000000
76020  -60.208  -1.267  18.174 0.0000000000
73510  -58.032  -4.654  19.587 0.0000000000
73522  -57.534  -4.243  18.812 0.0000000000
73520  -55.569  -4.678  18.536 0.0000000000
74388  -57.260  -3.667  15.015 0.0000000000
58230  -12.097  -21.296  44.252 0.0000000000
58237  -10.984  -22.029  42.234 0.0000000000
57319  -10.542  -22.836  44.152 0.0000000000
55182  -9.940  -24.103  43.407 0.0000000000
55194  -10.106  -25.275  42.863 0.0000000000
51972  -16.063  -27.399  40.541 0.0000000000
51961  -14.675  -27.743  41.709 0.0000000000
50932  -14.743  -28.735  43.640 0.0000000000
49982  -14.678  -30.038  44.296 0.0000000000
66356  -29.283  -13.401  37.827 0.0000000000
67249  -30.714  -11.938  38.504 0.0000000000
65394  -30.077  -14.168  39.500 0.0000000000
64502  -30.252  -14.845  41.128 0.0000000000
64482  -30.227  -14.829  43.018 0.0000000000
68126  -21.397  -11.092  41.040 0.0000000000
124116  -24.262  -11.569  42.223 0.0000000000
68117  -23.153  -10.780  42.921 0.0000000000
69015  -24.913  -9.496  42.861 0.0000000000
69030  -24.755  -9.401  40.707 0.0000000000
69876  -24.211  -8.924  38.758 0.0000000000
115758  -23.356  -8.538  40.403 0.0000000000
70739  -21.811  -7.803  40.585 0.0000000000
70731  -20.608  -7.302  42.043 0.0000000000
71601  -19.538  -6.702  43.236 0.0000000000
70720  -20.823  -6.736  44.171 0.0000000000
70707  -20.150  -6.754  47.100 0.0000000000
68984  -19.028  -8.517  48.060 0.0000000000
59951  -17.036  -18.727  50.044 0.0000000000
61803  -17.747  -16.114  49.317 0.0000000000
60863  -16.000  -18.479  49.009 0.0000000000
60865  -15.561  -18.052  47.150 0.0000000000
60868  -15.350  -18.584  45.662 0.0000000000
60869  -15.674  -18.017  44.971 0.0000000000
59961  -14.882  -19.505  45.312 0.0000000000
115393  -13.806  -20.212  44.348 0.0000000000
65566  -52.632  -13.310  24.315 0.0000000000
65515  -52.770  -14.333  26.309 0.0000000000
64665  -55.180  -14.961  26.942 0.0000000000
63682  -53.585  -16.183  31.278 0.0000000000
63694  -53.960  -15.767  30.672 0.0000000000
63709  -53.205  -14.587  30.377 0.0000000000
65463  -52.827  -12.539  30.352 0.0000000000
67303  -51.826  -10.281  30.520 0.0000000000
68238  -51.042  -9.683  29.825 0.0000000000
66410  -51.007  -10.721  29.768 0.0000000000
68237  -50.142  -10.045  29.224 0.0000000000
64550  -43.915  -13.915  35.173 0.0000000000
64551  -44.511  -14.496  35.365 0.0000000000
64571  -44.544  -14.194  33.577 0.0000000000
64579  -44.477  -14.310  32.425 0.0000000000
113250  -44.719  -14.547  30.167 0.0000000000
57317  -26.867  -22.081  45.532 0.0000000000
56302  -26.383  -23.741  44.034 0.0000000000
56291  -26.849  -23.528  45.018 0.0000000000
54058  -26.814  -25.585  44.752 0.0000000000
53001  -26.624  -26.571  44.931 0.0000000000
49017  -28.400  -30.454  46.108 0.0000000000
49016  -27.047  -30.145  46.484 0.0000000000
48056  -28.031  -31.707  46.222 0.0000000000
46073  -27.714  -33.463  46.166 0.0000000000
45072  -27.455  -35.233  45.728 0.0000000000
128815  -33.339  -32.813  40.414 0.0000000000
47105  -33.349  -32.560  41.786 0.0000000000
47117  -32.118  -32.252  40.178 0.0000000000
122643  -31.074  -31.610  39.020 0.0000000000
69951  -32.753  -9.092  28.075 0.0000000000
63719  -31.308  -15.945  28.703 0.0000000000
63757  -31.261  -15.555  26.676 0.0000000000
63718  -30.722  -15.831  28.218 0.0000000000
62894  -30.009  -15.978  28.076 0.0000000000
113445  -29.139  -16.366  27.837 0.0000000000
59204  -25.928  -20.905  29.834 0.0000000000
129277  -26.508  -18.395  29.379 0.0000000000
60993  -26.153  -18.491  30.075 0.0000000000
62853  -25.771  -15.919  29.748 0.0000000000
65457  -25.626  -13.424  29.948 0.0000000000
67298  -26.379  -11.382  29.726 0.0000000000
66387  -25.649  -12.818  30.730 0.0000000000
66383  -25.790  -12.660  31.568 0.0000000000
66379  -26.367  -12.419  32.825 0.0000000000
66372  -26.704  -12.813  33.646 0.0000000000
64556  -26.307  -14.660  33.386 0.0000000000
62796  -26.663  -16.712  33.931 0.0000000000
61861  -25.895  -17.874  34.219 0.0000000000
57390  -26.176  -22.794  39.095 0.0000000000
57388  -24.985  -22.199  38.212 0.0000000000
57378  -25.982  -22.341  39.573 0.0000000000
58254  -25.780  -21.388  40.601 0.0000000000
59120  -25.330  -20.751  41.031 0.0000000000
59113  -24.711  -20.201  41.612 0.0000000000
59115  -26.331  -20.638  42.392 0.0000000000
59103  -27.471  -20.500  44.620 0.0000000000
68266  -55.765  -10.196  25.313 0.0000000000
69998  -56.040  -8.775  25.297 0.0000000000
69997  -55.498  -8.123  25.608 0.0000000000
71788  -54.823  -5.709  26.166 0.0000000000
126750  -12.127  -17.785  28.417 0.0000000000
61007  -13.326  -18.376  29.259 0.0000000000
60074  -14.300  -19.293  30.435 0.0000000000
59200  -14.888  -20.123  31.096 0.0000000000
56432  -11.339  -23.716  32.034 0.0000000000
50021  -24.831  -29.744  38.973 0.0000000000
50033  -23.553  -29.376  38.290 0.0000000000
70742  -35.865  -7.553  41.373 0.0000000000
72487  -34.006  -5.832  40.270 0.0000000000
72463  -35.450  -5.136  42.812 0.0000000000
74137  -35.500  -3.410  43.024 0.0000000000
75813  -35.084  -0.735  42.820 0.0000000000
76659  -26.355  -1.308  43.169 0.0000000000
76660  -27.717  -0.732  42.991 0.0000000000
126723  -11.481  -0.865  34.454 0.0000000000
71586  -14.330  -6.933  43.575 0.0000000000
71609  -13.388  -6.187  42.249 0.0000000000
71584  -11.514  -7.071  44.103 0.0000000000
70714  -10.922  -7.046  43.955 0.0000000000
70729  -10.606  -7.065  42.533 0.0000000000
67216  -13.532  -11.712  40.243 0.0000000000
68123  -13.917  -10.719  40.390 0.0000000000
68134  -14.919  -10.432  40.125 0.0000000000
69871  -15.243  -8.057  38.924 0.0000000000
71649  -15.537  -6.628  37.703 0.0000000000
72514  -15.341  -5.487  36.683 0.0000000000
71658  -16.732  -6.624  36.493 0.0000000000
72525  -17.188  -5.889  35.142 0.0000000000
71684  -18.283  -6.513  33.876 0.0000000000
72547  -18.822  -5.695  32.223 0.0000000000
70801  -18.609  -7.874  33.364 0.0000000000
69912  -17.825  -8.859  32.398 0.0000000000
69096  -16.088  -9.377  32.407 0.0000000000
123465  -18.336  -14.021  30.478 0.0000000000
135481  -17.184  -12.234  30.895 0.0000000000
65456  -16.993  -13.518  29.492 0.0000000000
120835  -15.915  -13.075  28.591 0.0000000000
65469  -14.215  -13.858  27.828 0.0000000000
124968  -12.218  -14.018  27.400 0.0000000000
64609  -13.687  -14.806  27.810 0.0000000000
63712  -12.532  -16.062  27.805 0.0000000000
68242  -12.184  -10.274  26.849 0.0000000000
132208  -38.241  -21.025  37.118 0.0000000000
60014  -38.384  -19.690  37.020 0.0000000000
58287  -38.748  -20.504  37.787 0.0000000000
60004  -39.543  -18.754  39.861 0.0000000000
59998  -39.322  -18.294  40.831 0.0000000000
58258  -40.222  -20.491  41.177 0.0000000000
59992  -39.273  -18.952  41.418 0.0000000000
131120  -37.824  -18.213  41.228 0.0000000000
60908  -36.539  -18.169  39.392 0.0000000000
60009  -35.567  -19.631  38.086 0.0000000000
114275  -35.021  -19.702  36.412 0.0000000000
120800  -39.818  -32.066  39.151 0.0000000000
120065  -40.049  -33.133  39.632 0.0000000000
48137  -40.577  -32.368  39.158 0.0000000000
46137  -40.302  -33.692  38.787 0.0000000000
59158  -34.485  -20.270  35.973 0.0000000000
59141  -34.705  -20.830  37.232 0.0000000000
57391  -34.722  -22.401  38.220 0.0000000000
55236  -35.706  -24.043  38.568 0.0000000000
54094  -38.036  -24.946  40.022 0.0000000000
54107  -37.557  -25.296  39.012 0.0000000000
54122  -37.142  -25.698  38.121 0.0000000000
52017  -38.469  -27.659  37.666 0.0000000000
50050  -38.916  -29.354  37.487 0.0000000000
72749  -57.968  -5.444  17.789 0.0000000000
72750  -59.090  -5.085  17.827 0.0000000000
118789  -59.418  -5.443  18.359 0.0000000000
72716  -60.401  -5.717  19.420 0.0000000000
72707  -60.608  -5.449  20.002 0.0000000000
70980  -59.656  -7.758  20.718 0.0000000000
72697  -60.491  -6.056  21.047 0.0000000000
73503  -59.789  -4.849  20.438 0.0000000000
72715  -57.336  -5.247  20.264 0.0000000000
113856  -56.274  -5.576  20.572 0.0000000000
71869  -54.432  -6.304  20.831 0.0000000000
56290  -15.317  -23.490  45.050 0.0000000000
56298  -13.892  -23.544  44.071 0.0000000000
56308  -15.230  -23.425  42.653 0.0000000000
56317  -15.075  -23.605  40.651 0.0000000000
55215  -15.456  -24.466  39.344 0.0000000000
123251  -17.796  -23.505  39.421 0.0000000000
56360  -16.804  -24.315  38.586 0.0000000000
53028  -16.212  -26.358  39.018 0.0000000000
134935  -16.660  -27.430  40.377 0.0000000000
51963  -17.565  -27.867  41.366 0.0000000000
50922  -17.952  -28.677  43.160 0.0000000000
64529  -22.931  -14.180  36.887 0.0000000000
66355  -24.981  -12.786  37.876 0.0000000000
66352  -22.689  -13.078  37.664 0.0000000000
66346  -22.046  -12.863  38.166 0.0000000000
66337  -21.093  -12.423  39.021 0.0000000000
62741  -20.310  -16.267  40.401 0.0000000000
65384  -19.649  -13.429  39.630 0.0000000000
67234  -20.101  -11.845  39.931 0.0000000000
67219  -19.438  -11.723  40.551 0.0000000000
67207  -18.574  -11.622  41.746 0.0000000000
67197  -18.198  -11.296  43.204 0.0000000000
67193  -18.246  -10.903  44.389 0.0000000000
66302  -17.949  -12.733  43.859 0.0000000000
128134  -17.894  -15.224  45.030 0.0000000000
60870  -18.007  -17.573  46.612 0.0000000000
133534  -18.667  -19.388  45.356 0.0000000000
60867  -17.997  -19.112  46.229 0.0000000000
59955  -17.503  -19.138  47.825 0.0000000000
58203  -16.524  -21.496  48.357 0.0000000000
57293  -15.723  -22.847  47.700 0.0000000000
61967  -50.398  -17.701  28.809 0.0000000000
61023  -51.337  -18.208  30.461 0.0000000000
61001  -49.028  -18.427  30.302 0.0000000000
60988  -51.109  -18.610  31.629 0.0000000000
61005  -52.719  -17.876  31.835 0.0000000000
62820  -52.476  -17.231  32.672 0.0000000000
62847  -51.561  -16.170  31.444 0.0000000000
120166  -50.116  -15.590  29.827 0.0000000000
65461  -41.140  -13.547  29.682 0.0000000000
112048  -41.760  -13.776  29.411 0.0000000000
65490  -41.288  -13.915  27.752 0.0000000000
125559  -41.563  -14.030  26.854 0.0000000000
65529  -42.236  -13.835  24.948 0.0000000000
65583  -40.509  -13.187  23.583 0.0000000000
65584  -41.364  -13.161  23.560 0.0000000000
66458  -42.556  -12.439  23.469 0.0000000000
55185  -29.253  -23.775  43.808 0.0000000000
55181  -29.722  -24.101  45.315 0.0000000000
54060  -30.389  -24.790  45.133 0.0000000000
53003  -30.983  -26.006  45.806 0.0000000000
132969  -29.746  -28.064  46.030 0.0000000000
50915  -31.873  -26.671  44.997 0.0000000000
51949  -31.517  -27.197  45.750 0.0000000000
112106  -29.260  -29.940  45.676 0.0000000000
49018  -29.620  -30.900  45.159 0.0000000000
47089  -30.369  -33.177  44.520 0.0000000000
47094  -29.208  -32.886  42.926 0.0000000000
70000  -31.695  -8.863  24.305 0.0000000000
56457  -30.384  -23.057  30.809 0.0000000000
57464  -29.498  -22.201  29.317 0.0000000000
56456  -29.443  -23.457  30.171 0.0000000000
56455  -28.394  -23.643  29.827 0.0000000000
56454  -27.388  -23.878  30.029 0.0000000000
52069  -28.639  -26.795  33.530 0.0000000000
54184  -27.296  -25.577  32.007 0.0000000000
123384  -26.210  -23.168  30.073 0.0000000000
57448  -25.364  -22.508  30.889 0.0000000000
57438  -25.028  -22.425  31.710 0.0000000000
58316  -24.563  -21.358  32.878 0.0000000000
59172  -24.369  -20.809  33.526 0.0000000000
56413  -24.619  -22.808  33.702 0.0000000000
57415  -24.754  -23.021  35.465 0.0000000000
134003  -25.450  -23.445  36.659 0.0000000000
54119  -27.336  -25.535  37.546 0.0000000000
55250  -27.019  -24.714  37.997 0.0000000000
56368  -26.881  -23.717  38.996 0.0000000000
56335  -27.651  -23.744  40.352 0.0000000000
56324  -28.417  -23.625  42.049 0.0000000000
70868  -52.899  -6.210  27.847 0.0000000000
128022  -14.648  -17.719  31.867 0.0000000000
61911  -12.689  -17.521  31.523 0.0000000000
60957  -12.014  -18.078  32.628 0.0000000000
60940  -10.309  -18.167  33.046 0.0000000000
59178  -9.792  -19.958  33.105 0.0000000000
59163  -12.474  -20.311  34.316 0.0000000000
59161  -9.779  -20.422  34.173 0.0000000000
57432  -10.148  -22.220  32.953 0.0000000000
44116  -23.953  -36.230  42.353 0.0000000000
71634  -30.518  -6.408  39.540 0.0000000000
73302  -31.158  -4.871  40.888 0.0000000000
73314  -29.984  -4.788  39.625 0.0000000000
74154  -29.011  -3.490  39.461 0.0000000000
116384  -26.781  -2.564  39.902 0.0000000000
75019  -25.019  -2.999  37.767 0.0000000000
74999  -25.052  -2.335  39.611 0.0000000000
125022  -25.766  -2.112  41.391 0.0000000000
75817  -24.735  -1.602  43.039 0.0000000000
79208  -19.283  1.685  42.326 0.0000000000
77476  -12.672  0.639  44.654 0.0000000000
78360  -11.893  1.052  44.748 0.0000000000
78373  -9.670  1.444  42.988 0.0000000000
77529  -9.052  0.341  40.743 0.0000000000
115897  -8.969  -0.600  40.281 0.0000000000
66299  -12.525  -12.828  44.331 0.0000000000
68104  -11.839  -11.641  43.358 0.0000000000
66305  -11.768  -13.446  43.551 0.0000000000
65356  -11.104  -14.274  42.387 0.0000000000
65374  -11.209  -14.595  40.772 0.0000000000
64486  -15.401  -14.539  39.996 0.0000000000
64485  -13.967  -14.977  39.464 0.0000000000
66333  -12.832  -14.778  39.727 0.0000000000
66335  -14.193  -12.914  38.989 0.0000000000
66343  -14.751  -12.716  38.257 0.0000000000
66359  -14.326  -12.986  36.853 0.0000000000
67262  -14.223  -12.138  35.556 0.0000000000
65416  -13.948  -13.126  35.626 0.0000000000
65418  -16.176  -13.439  34.770 0.0000000000
65425  -18.782  -13.722  33.221 0.0000000000
128767  -19.562  -15.981  35.223 0.0000000000
120241  -19.488  -15.150  33.212 0.0000000000
64575  -19.312  -14.710  31.830 0.0000000000
112000  -18.373  -16.234  31.485 0.0000000000
61914  -16.517  -17.248  31.477 0.0000000000
73417  -11.518  -5.036  27.362 0.0000000000
71738  -12.591  -6.468  28.242 0.0000000000
61882  -42.938  -17.899  33.585 0.0000000000
62803  -42.556  -16.654  34.376 0.0000000000
62801  -40.903  -16.683  34.373 0.0000000000
62802  -41.741  -16.310  34.505 0.0000000000
63656  -42.775  -14.302  35.480 0.0000000000
64549  -42.384  -13.965  35.622 0.0000000000
65430  -42.123  -13.582  33.694 0.0000000000
65438  -41.465  -13.564  32.663 0.0000000000
60920  -38.829  -17.553  37.351 0.0000000000
61847  -39.699  -15.936  38.237 0.0000000000
62763  -40.245  -14.777  37.782 0.0000000000
63635  -38.911  -14.975  37.975 0.0000000000
63643  -40.059  -14.460  37.461 0.0000000000
63654  -40.135  -14.366  36.550 0.0000000000
64557  -40.320  -14.235  34.725 0.0000000000
120371  -40.383  -14.103  33.608 0.0000000000
65443  -40.695  -13.671  31.226 0.0000000000
65449  -40.085  -13.651  29.906 0.0000000000
65474  -39.655  -13.584  28.495 0.0000000000
65473  -39.031  -13.869  28.153 0.0000000000
63702  -38.300  -15.293  29.479 0.0000000000
64634  -38.376  -14.211  27.719 0.0000000000
65486  -38.155  -13.912  26.984 0.0000000000
65525  -37.587  -13.544  25.436 0.0000000000
126558  -37.087  -13.427  24.808 0.0000000000
65580  -36.123  -13.221  23.725 0.0000000000
50025  -32.270  -29.726  40.017 0.0000000000
121721  -34.024  -29.321  42.884 0.0000000000
49050  -34.023  -29.924  41.670 0.0000000000
49044  -35.301  -30.376  42.914 0.0000000000
47097  -35.597  -32.387  42.911 0.0000000000
47109  -37.000  -32.936  42.322 0.0000000000
46099  -36.025  -33.610  42.346 0.0000000000
47120  -34.977  -33.424  41.802 0.0000000000
47128  -33.723  -33.029  40.044 0.0000000000
66450  -34.749  -12.854  22.820 0.0000000000
64703  -35.194  -14.275  24.665 0.0000000000
63782  -34.227  -15.431  25.565 0.0000000000
63737  -32.807  -16.038  26.967 0.0000000000
133977  -33.637  -16.381  29.049 0.0000000000
62873  -32.419  -15.947  29.058 0.0000000000
63720  -31.828  -15.762  28.609 0.0000000000
61940  -31.409  -17.536  29.463 0.0000000000
60091  -31.341  -19.117  29.396 0.0000000000
58334  -31.407  -21.041  30.823 0.0000000000
59157  -33.862  -20.887  35.675 0.0000000000
58303  -33.462  -20.752  34.746 0.0000000000
117510  -32.645  -21.544  34.106 0.0000000000
55261  -33.686  -24.236  36.148 0.0000000000
56401  -32.705  -23.165  35.278 0.0000000000
58308  -32.362  -21.700  33.541 0.0000000000
57428  -31.951  -22.289  33.208 0.0000000000
57439  -31.477  -22.622  32.528 0.0000000000
56441  -31.016  -23.015  31.777 0.0000000000
54173  -31.129  -25.275  32.542 0.0000000000
53101  -31.359  -26.523  33.512 0.0000000000
52037  -31.998  -27.844  35.028 0.0000000000
51009  -33.768  -28.799  35.927 0.0000000000
51008  -32.971  -28.818  36.146 0.0000000000
121487  -32.086  -28.867  36.512 0.0000000000
50046  -32.274  -29.330  37.445 0.0000000000
116626  -32.705  -29.804  39.270 0.0000000000
74427  -59.460  -3.339  11.329 0.0000000000
75250  -59.681  -2.189  11.504 0.0000000000
119807  -59.550  -1.594  12.448 0.0000000000
76914  -59.678  0.521  14.110 0.0000000000
77801  -59.574  1.676  15.521 0.0000000000
76052  -59.447  -0.816  15.789 0.0000000000
77792  -59.339  1.163  16.661 0.0000000000
78666  -58.695  2.169  16.342 0.0000000000
78664  -56.858  1.860  16.214 0.0000000000
73552  -60.685  -3.916  18.030 0.0000000000
75147  -60.343  -2.465  18.391 0.0000000000
75166  -59.728  -1.744  18.367 0.0000000000
74365  -57.592  -3.111  17.739 0.0000000000
117266  -57.583  -2.419  17.478 0.0000000000
75178  -57.513  -1.655  17.410 0.0000000000
72795  -58.517  -5.497  10.938 0.0000000000
115797  -14.510  -21.474  39.243 0.0000000000
113105  -14.306  -21.874  38.665 0.0000000000
57374  -12.804  -22.249  39.788 0.0000000000
56342  -11.953  -23.288  39.522 0.0000000000
55224  -10.764  -24.813  39.577 0.0000000000
57357  -10.035  -23.139  41.803 0.0000000000
55212  -10.077  -24.514  40.508 0.0000000000
53038  -10.105  -26.891  39.433 0.0000000000
50952  -10.477  -28.310  39.078 0.0000000000
56315  -12.959  -23.923  42.133 0.0000000000
55200  -12.645  -25.121  40.859 0.0000000000
53017  -10.957  -26.944  41.759 0.0000000000
51960  -13.683  -28.179  42.286 0.0000000000
50929  -11.890  -29.395  42.794 0.0000000000
131956  -10.901  -29.620  42.407 0.0000000000
69080  -34.334  -10.193  34.167 0.0000000000
70794  -33.778  -8.363  35.102 0.0000000000
69893  -35.061  -9.551  35.604 0.0000000000
117145  -35.224  -9.481  36.347 0.0000000000
69047  -35.392  -9.257  38.189 0.0000000000
67250  -31.701  -11.770  39.167 0.0000000000
68154  -34.205  -10.480  39.578 0.0000000000
69870  -35.966  -9.410  40.570 0.0000000000
69859  -35.432  -9.491  42.075 0.0000000000
69858  -33.896  -9.121  41.597 0.0000000000
69869  -31.722  -8.891  40.093 0.0000000000
66340  -26.023  -13.096  39.254 0.0000000000
65380  -27.197  -13.448  41.638 0.0000000000
66315  -29.017  -13.486  43.239 0.0000000000
66309  -26.269  -12.048  43.456 0.0000000000
67226  -27.807  -11.958  42.892 0.0000000000
131400  -29.030  -12.212  40.874 0.0000000000
68140  -29.813  -10.950  39.511 0.0000000000
69043  -30.494  -9.313  38.727 0.0000000000
70751  -30.652  -7.313  39.364 0.0000000000
70774  -29.191  -7.793  37.282 0.0000000000
70781  -27.885  -7.282  36.227 0.0000000000
71674  -26.020  -6.619  35.154 0.0000000000
130548  -24.335  -8.543  36.981 0.0000000000
70787  -23.619  -7.370  35.474 0.0000000000
122312  -23.644  -5.938  34.611 0.0000000000
73355  -21.227  -4.718  35.256 0.0000000000
73343  -19.432  -4.282  36.270 0.0000000000
74163  -17.141  -3.757  38.103 0.0000000000
117895  -15.743  -3.287  38.499 0.0000000000
73311  -16.633  -4.368  39.316 0.0000000000
72470  -16.689  -5.270  40.633 0.0000000000
71611  -15.700  -6.140  41.937 0.0000000000
71600  -18.421  -6.520  42.716 0.0000000000
71588  -16.650  -6.712  43.297 0.0000000000
71587  -15.557  -6.870  43.497 0.0000000000
70709  -14.061  -7.835  45.148 0.0000000000
69824  -13.371  -8.826  46.373 0.0000000000
129036  -13.403  -9.661  46.178 0.0000000000
68097  -18.474  -10.555  45.936 0.0000000000
68095  -18.349  -10.299  47.825 0.0000000000
129268  -17.715  -10.787  48.500 0.0000000000
64471  -18.097  -15.199  48.614 0.0000000000
129928  -16.839  -13.863  49.341 0.0000000000
68088  -15.929  -10.794  48.947 0.0000000000
67184  -14.774  -11.360  47.958 0.0000000000
67187  -14.571  -11.678  46.969 0.0000000000
67190  -14.063  -11.710  45.380 0.0000000000
133649  -14.848  -12.722  44.726 0.0000000000
65359  -15.674  -13.905  42.971 0.0000000000
63606  -16.364  -15.370  42.232 0.0000000000
61809  -16.163  -17.491  43.536 0.0000000000
61812  -16.467  -17.505  42.495 0.0000000000
126368  -16.727  -17.884  41.782 0.0000000000
133658  -16.805  -19.216  41.301 0.0000000000
117701  -16.072  -20.483  40.138 0.0000000000
67382  -55.469  -11.214  21.903 0.0000000000
66478  -54.724  -12.491  22.448 0.0000000000
66479  -55.548  -12.208  22.972 0.0000000000
66463  -56.428  -12.332  24.375 0.0000000000
118833  -54.790  -13.510  24.813 0.0000000000
66445  -56.351  -13.038  24.742 0.0000000000
67339  -56.497  -11.707  24.936 0.0000000000
135337  -55.499  -11.593  25.486 0.0000000000
67337  -54.305  -11.490  25.634 0.0000000000
69163  -52.569  -9.695  25.759 0.0000000000
63744  -51.483  -15.770  27.653 0.0000000000
64644  -53.950  -15.335  27.638 0.0000000000
63747  -55.015  -15.050  28.196 0.0000000000
64606  -54.314  -15.251  29.792 0.0000000000
65482  -54.913  -14.537  28.177 0.0000000000
65516  -55.123  -13.556  27.016 0.0000000000
126469  -53.794  -12.574  26.708 0.0000000000
68263  -52.425  -10.705  25.779 0.0000000000
69985  -52.476  -8.539  26.326 0.0000000000
69984  -51.772  -8.704  26.768 0.0000000000
70866  -51.265  -7.599  28.541 0.0000000000
70856  -51.064  -7.098  29.500 0.0000000000
69957  -50.646  -8.830  29.555 0.0000000000
69948  -50.498  -8.262  29.905 0.0000000000
61905  -44.443  -17.839  32.683 0.0000000000
61885  -45.864  -17.648  34.290 0.0000000000
61869  -47.836  -17.446  35.726 0.0000000000
64553  -45.913  -14.665  34.847 0.0000000000
63660  -47.320  -15.661  35.149 0.0000000000
63665  -48.594  -16.239  34.874 0.0000000000
63674  -48.635  -15.865  32.828 0.0000000000
63690  -48.443  -15.646  30.653 0.0000000000
63725  -48.725  -15.038  28.715 0.0000000000
64616  -43.386  -14.326  28.851 0.0000000000
64617  -44.249  -14.470  28.572 0.0000000000
64618  -45.096  -14.542  28.300 0.0000000000
65532  -44.959  -13.541  25.310 0.0000000000
64660  -45.906  -14.165  26.695 0.0000000000
64619  -46.503  -14.742  28.680 0.0000000000
64640  -47.521  -14.364  27.614 0.0000000000
64641  -48.318  -14.129  27.565 0.0000000000
64642  -49.123  -13.659  27.560 0.0000000000
66408  -49.188  -12.733  27.050 0.0000000000
58240  -23.265  -21.722  43.020 0.0000000000
57352  -23.086  -22.840  41.602 0.0000000000
57353  -23.841  -22.789  42.040 0.0000000000
55204  -24.316  -24.334  40.623 0.0000000000
54091  -24.986  -25.950  39.972 0.0000000000
135023  -25.734  -24.976  42.159 0.0000000000
53012  -25.732  -26.028  41.471 0.0000000000
50956  -25.404  -28.507  39.457 0.0000000000
49058  -25.281  -30.268  39.774 0.0000000000
47114  -25.060  -31.990  40.914 0.0000000000
47101  -24.832  -32.841  41.209 0.0000000000
54055  -28.228  -25.185  46.143 0.0000000000
53002  -27.255  -26.812  45.751 0.0000000000
50914  -25.923  -28.067  44.544 0.0000000000
135291  -26.409  -29.741  45.958 0.0000000000
113472  -25.834  -30.868  44.928 0.0000000000
49034  -25.804  -30.218  43.109 0.0000000000
48075  -25.787  -31.812  42.879 0.0000000000
47092  -25.713  -32.912  42.950 0.0000000000
45093  -25.080  -34.269  42.424 0.0000000000
44117  -24.729  -36.216  43.307 0.0000000000
49988  -33.697  -28.723  43.787 0.0000000000
114905  -33.577  -28.845  44.196 0.0000000000
48071  -32.667  -31.035  43.666 0.0000000000
48094  -32.793  -32.201  42.399 0.0000000000
48080  -32.275  -31.908  42.994 0.0000000000
48070  -31.755  -31.537  43.504 0.0000000000
48078  -30.825  -32.093  43.082 0.0000000000
48077  -29.611  -32.136  42.361 0.0000000000
47103  -28.062  -32.813  41.183 0.0000000000
70810  -29.226  -7.065  31.297 0.0000000000
116665  -30.860  -7.728  31.906 0.0000000000
69914  -32.952  -8.458  32.405 0.0000000000
65598  -33.816  -13.005  22.755 0.0000000000
66468  -33.329  -12.435  22.368 0.0000000000
116515  -32.290  -11.815  22.393 0.0000000000
64680  -31.151  -15.090  25.072 0.0000000000
121186  -31.008  -13.580  24.077 0.0000000000
67352  -31.325  -11.930  23.358 0.0000000000
67351  -30.947  -11.183  23.878 0.0000000000
68270  -30.895  -10.539  24.479 0.0000000000
68256  -31.170  -10.061  25.216 0.0000000000
59220  -29.298  -20.337  28.087 0.0000000000
61977  -28.481  -17.371  27.759 0.0000000000
63732  -28.503  -15.723  27.662 0.0000000000
61956  -26.891  -17.197  28.609 0.0000000000
133043  -27.287  -15.425  27.957 0.0000000000
64650  -28.250  -14.345  27.076 0.0000000000
66414  -28.322  -12.633  26.319 0.0000000000
67319  -29.158  -11.311  26.067 0.0000000000
68257  -31.392  -10.049  26.161 0.0000000000
68247  -31.593  -10.217  27.012 0.0000000000
68233  -32.000  -10.374  27.864 0.0000000000
68226  -32.146  -10.443  28.738 0.0000000000
68215  -27.693  -10.382  29.475 0.0000000000
68209  -30.606  -10.364  29.735 0.0000000000
68220  -33.087  -10.039  29.805 0.0000000000
69112  -33.638  -9.715  31.139 0.0000000000
68202  -34.050  -10.071  32.303 0.0000000000
69091  -34.233  -10.133  33.369 0.0000000000
112565  -31.909  -10.418  33.971 0.0000000000
68174  -30.438  -10.354  35.584 0.0000000000
67259  -28.847  -11.692  36.475 0.0000000000
66367  -27.531  -12.699  34.988 0.0000000000
66362  -27.916  -12.986  35.817 0.0000000000
66360  -28.782  -12.709  36.908 0.0000000000
64534  -28.614  -15.750  36.977 0.0000000000
63627  -27.739  -16.237  37.122 0.0000000000
64532  -25.544  -14.972  36.424 0.0000000000
59169  -24.230  -20.385  34.029 0.0000000000
60934  -24.420  -18.830  34.642 0.0000000000
60933  -23.656  -18.858  35.367 0.0000000000
58275  -23.644  -21.048  36.930 0.0000000000
60012  -23.179  -19.281  36.235 0.0000000000
60923  -23.465  -18.222  35.780 0.0000000000
62765  -24.261  -16.573  35.583 0.0000000000
63630  -23.832  -15.776  35.920 0.0000000000
64530  -23.461  -14.515  36.505 0.0000000000
62749  -22.181  -16.812  38.346 0.0000000000
62746  -22.100  -17.080  39.218 0.0000000000
60895  -22.580  -18.058  41.274 0.0000000000
59987  -24.187  -19.449  42.128 0.0000000000
59980  -23.675  -18.639  42.575 0.0000000000
130319  -23.812  -18.168  43.405 0.0000000000
59966  -23.841  -18.729  45.671 0.0000000000
59094  -24.020  -20.036  45.817 0.0000000000
68291  -56.460  -11.063  22.364 0.0000000000
69193  -58.360  -9.790  22.259 0.0000000000
70938  -57.974  -8.289  23.233 0.0000000000
116592  -56.717  -8.113  24.399 0.0000000000
71822  -56.775  -6.184  24.024 0.0000000000
71849  -57.226  -5.873  23.272 0.0000000000
72693  -56.280  -5.551  22.354 0.0000000000
71859  -54.509  -6.243  21.725 0.0000000000
60063  -11.763  -18.791  31.299 0.0000000000
129857  -13.201  -20.250  31.579 0.0000000000
56377  -13.261  -23.150  37.600 0.0000000000
56387  -12.925  -23.828  36.289 0.0000000000
56350  -22.391  -23.624  39.633 0.0000000000
55248  -21.751  -24.964  37.703 0.0000000000
52010  -20.853  -27.078  37.457 0.0000000000
50031  -21.836  -29.187  38.607 0.0000000000
114210  -21.210  -28.909  38.994 0.0000000000
51988  -19.887  -27.934  39.048 0.0000000000
123309  -19.814  -28.525  41.331 0.0000000000
134348  -19.625  -29.112  43.101 0.0000000000
49963  -18.497  -29.874  44.957 0.0000000000
128544  -31.747  -6.850  36.324 0.0000000000
72522  -31.076  -5.102  36.699 0.0000000000
74169  -32.386  -3.693  39.108 0.0000000000
74980  -31.735  -3.033  41.752 0.0000000000
134334  -33.455  -0.802  42.763 0.0000000000
77495  -33.880  1.437  42.241 0.0000000000
77509  -29.327  0.574  41.928 0.0000000000
78393  -31.366  1.291  41.614 0.0000000000
124327  -13.962  -3.372  39.101 0.0000000000
74997  -12.718  -2.668  39.678 0.0000000000
74986  -10.928  -3.159  41.207 0.0000000000
72466  -12.132  -5.374  41.265 0.0000000000
73306  -11.244  -4.344  40.883 0.0000000000
74985  -9.661  -3.397  42.378 0.0000000000
74134  -8.850  -3.396  42.519 0.0000000000
74995  -8.579  -2.719  40.757 0.0000000000
75005  -9.733  -2.475  38.538 0.0000000000
68103  -11.418  -10.615  42.074 0.0000000000
69000  -11.449  -8.584  41.971 0.0000000000
116883  -11.112  -7.816  41.065 0.0000000000
69853  -12.496  -8.883  40.173 0.0000000000
70745  -11.946  -7.482  39.659 0.0000000000
71629  -10.858  -6.525  39.683 0.0000000000
72489  -10.596  -5.676  38.809 0.0000000000
73326  -10.230  -4.176  38.064 0.0000000000
75015  -10.272  -2.458  37.687 0.0000000000
75023  -11.040  -2.419  36.005 0.0000000000
75046  -12.027  -2.126  34.705 0.0000000000
75888  -12.564  -1.804  34.200 0.0000000000
74193  -14.909  -3.939  35.008 0.0000000000
75048  -14.412  -2.693  34.195 0.0000000000
75895  -14.172  -1.508  33.614 0.0000000000
76758  -15.716  -0.422  32.787 0.0000000000
122918  -18.774  -1.854  28.778 0.0000000000
74257  -18.460  -3.871  28.222 0.0000000000
71728  -19.068  -6.227  29.784 0.0000000000
72574  -18.377  -5.458  28.608 0.0000000000
116006  -17.237  -4.800  27.909 0.0000000000
134287  -15.215  -5.920  28.167 0.0000000000
71724  -14.085  -7.009  28.645 0.0000000000
70829  -11.309  -7.991  29.116 0.0000000000
67267  -13.699  -11.567  34.746 0.0000000000
68183  -13.438  -10.528  34.057 0.0000000000
69083  -13.637  -9.947  33.400 0.0000000000
67284  -15.232  -11.577  31.469 0.0000000000
67282  -12.558  -11.059  32.025 0.0000000000
69104  -12.419  -9.774  32.441 0.0000000000
69117  -12.429  -9.297  31.485 0.0000000000
69926  -11.131  -9.225  30.607 0.0000000000
69936  -9.650  -8.603  29.023 0.0000000000
135224  -9.935  -10.120  28.762 0.0000000000
68240  -10.294  -11.507  27.511 0.0000000000
65466  -10.751  -13.890  27.048 0.0000000000
131651  -21.641  -22.294  43.042 0.0000000000
57336  -21.147  -22.536  42.509 0.0000000000
132927  -21.827  -22.418  42.305 0.0000000000
114061  -22.371  -21.438  44.867 0.0000000000
58223  -22.366  -20.927  46.108 0.0000000000
123395  -21.564  -22.006  44.118 0.0000000000
66471  -36.250  -12.295  22.311 0.0000000000
67376  -36.701  -11.184  21.471 0.0000000000
50000  -31.360  -28.805  41.298 0.0000000000
67375  -35.772  -10.876  21.239 0.0000000000
50023  -30.783  -29.122  39.442 0.0000000000
50012  -31.022  -29.096  40.329 0.0000000000
50958  -30.338  -28.716  39.914 0.0000000000
76103  -59.265  -2.295  10.533 0.0000000000
76104  -59.913  -1.674  10.962 0.0000000000
59138  -15.697  -21.317  37.753 0.0000000000
123952  -14.948  -21.814  37.819 0.0000000000
69905  -32.081  -7.781  33.945 0.0000000000
70799  -31.039  -7.293  34.227 0.0000000000
70800  -32.223  -7.660  34.673 0.0000000000
75016  -17.028  -2.317  37.434 0.0000000000
75867  -18.136  -1.814  36.639 0.0000000000
75858  -16.829  -1.549  37.592 0.0000000000
76698  -16.700  -0.813  37.860 0.0000000000
75852  -16.146  -1.552  38.051 0.0000000000
76688  -14.841  -1.114  38.818 0.0000000000
75851  -15.359  -1.539  38.457 0.0000000000
118102  -16.226  -20.670  38.906 0.0000000000
59134  -17.032  -20.266  38.460 0.0000000000
59133  -16.456  -20.731  37.904 0.0000000000
59139  -17.191  -20.209  37.709 0.0000000000
122894  -38.059  -19.113  35.376 0.0000000000
60023  -35.243  -18.864  36.094 0.0000000000
60938  -35.157  -17.897  34.854 0.0000000000
61862  -34.867  -17.769  34.166 0.0000000000
132551  -37.628  -21.178  35.958 0.0000000000
59159  -37.661  -20.672  35.341 0.0000000000
48148  -37.671  -31.166  38.099 0.0000000000
48135  -38.254  -31.845  39.141 0.0000000000
48136  -39.291  -32.284  39.386 0.0000000000
60950  -34.370  -18.079  33.756 0.0000000000
60937  -34.672  -18.467  34.441 0.0000000000
49088  -38.577  -30.417  37.675 0.0000000000
49087  -37.744  -30.580  37.500 0.0000000000
73566  -59.132  -3.967  16.802 0.0000000000
73549  -58.488  -4.675  17.300 0.0000000000
72758  -56.457  -5.142  16.759 0.0000000000
73564  -56.962  -4.470  16.286 0.0000000000
57308  -12.244  -22.782  45.760 0.0000000000
56288  -12.914  -23.322  45.204 0.0000000000
50912  -17.173  -29.228  44.071 0.0000000000
49972  -16.705  -29.868  44.377 0.0000000000
65402  -26.352  -14.125  37.793 0.0000000000
65401  -25.316  -13.515  37.254 0.0000000000
69004  -19.684  -9.630  42.864 0.0000000000
69005  -20.707  -9.564  43.127 0.0000000000
68995  -20.257  -9.057  43.815 0.0000000000
69840  -22.760  -7.943  45.144 0.0000000000
68991  -19.809  -8.857  44.516 0.0000000000
57297  -14.039  -22.750  46.615 0.0000000000
58210  -13.381  -22.020  46.463 0.0000000000
64602  -50.388  -15.008  29.242 0.0000000000
65478  -50.583  -13.286  28.342 0.0000000000
128361  -49.850  -13.892  28.110 0.0000000000
65444  -42.274  -13.719  31.362 0.0000000000
65452  -42.127  -13.750  30.625 0.0000000000
56293  -28.985  -22.840  44.940 0.0000000000
56285  -28.512  -22.925  45.613 0.0000000000
55180  -29.183  -23.407  45.254 0.0000000000
46091  -28.864  -33.774  43.430 0.0000000000
46085  -29.245  -34.315  44.768 0.0000000000
69989  -32.294  -8.826  25.872 0.0000000000
59212  -30.592  -20.541  29.093 0.0000000000
58342  -30.176  -21.461  29.329 0.0000000000
121648  -25.692  -18.434  31.798 0.0000000000
62824  -25.740  -17.130  31.806 0.0000000000
61899  -25.784  -17.923  32.213 0.0000000000
124174  -25.946  -17.425  32.708 0.0000000000
60963  -25.632  -18.666  32.564 0.0000000000
57342  -28.453  -22.567  43.204 0.0000000000
57355  -27.847  -22.354  42.207 0.0000000000
57329  -28.574  -22.156  44.375 0.0000000000
69986  -53.407  -7.863  26.285 0.0000000000
62835  -13.876  -16.701  30.497 0.0000000000
61923  -12.270  -17.386  30.630 0.0000000000
45098  -23.991  -34.090  41.005 0.0000000000
46103  -23.523  -33.555  40.779 0.0000000000
71625  -32.618  -7.068  41.612 0.0000000000
126917  -32.984  -5.790  42.338 0.0000000000
71616  -32.259  -6.137  41.581 0.0000000000
76676  -10.080  -0.144  38.805 0.0000000000
76687  -10.611  -0.130  38.023 0.0000000000
76686  -10.384  -0.860  37.670 0.0000000000
68099  -13.203  -9.825  45.129 0.0000000000
68993  -12.234  -8.969  44.814 0.0000000000
115554  -12.845  -10.419  44.072 0.0000000000
67253  -16.098  -11.326  37.593 0.0000000000
68155  -16.766  -10.492  37.659 0.0000000000
68156  -17.162  -10.084  36.981 0.0000000000
69049  -17.432  -9.257  37.036 0.0000000000
68164  -17.054  -10.298  36.359 0.0000000000
68171  -17.119  -10.206  35.699 0.0000000000
120544  -16.634  -10.662  36.026 0.0000000000
62836  -15.440  -16.052  29.989 0.0000000000
62851  -13.534  -16.410  29.641 0.0000000000
132052  -9.767  -6.737  27.665 0.0000000000
71751  -9.066  -6.813  26.920 0.0000000000
70858  -9.122  -7.444  27.256 0.0000000000
69958  -9.243  -8.064  27.719 0.0000000000
128643  -9.478  -8.071  28.549 0.0000000000
56386  -38.688  -23.418  38.132 0.0000000000
57393  -39.782  -22.190  38.802 0.0000000000
57371  -37.991  -21.683  42.089 0.0000000000
57370  -36.859  -21.824  41.402 0.0000000000
58264  -36.317  -21.476  40.642 0.0000000000
57382  -36.358  -22.374  40.538 0.0000000000
50040  -41.244  -30.538  39.329 0.0000000000
49077  -41.666  -31.248  38.939 0.0000000000
57381  -35.767  -22.024  39.751 0.0000000000
50027  -41.600  -29.714  39.774 0.0000000000
50959  -40.614  -28.324  39.878 0.0000000000
50039  -40.774  -29.471  39.556 0.0000000000
70994  -57.569  -7.360  19.601 0.0000000000
70034  -59.514  -8.327  22.058 0.0000000000
70954  -59.968  -7.437  21.805 0.0000000000
72689  -58.614  -5.974  22.317 0.0000000000
72688  -57.635  -5.748  22.618 0.0000000000
57332  -17.716  -23.439  43.103 0.0000000000
128209  -18.861  -25.523  37.554 0.0000000000
132298  -18.628  -26.271  37.908 0.0000000000
51986  -18.476  -27.348  39.171 0.0000000000
51987  -19.183  -27.590  39.148 0.0000000000
61823  -21.734  -17.273  40.532 0.0000000000
62733  -19.223  -16.789  42.198 0.0000000000
61813  -18.998  -17.113  42.995 0.0000000000
62732  -18.689  -16.286  42.822 0.0000000000
62730  -18.395  -16.596  43.843 0.0000000000
61810  -18.765  -17.449  43.665 0.0000000000
57312  -18.874  -23.444  45.305 0.0000000000
57311  -17.817  -23.490  45.557 0.0000000000
61888  -49.116  -18.134  34.839 0.0000000000
60970  -49.381  -18.360  34.092 0.0000000000
60952  -49.903  -18.238  34.496 0.0000000000
61889  -50.371  -17.943  34.522 0.0000000000
62807  -50.034  -17.293  34.702 0.0000000000
65505  -39.410  -13.460  26.904 0.0000000000
65506  -40.148  -13.561  26.785 0.0000000000
69191  -40.192  -9.976  22.522 0.0000000000
68289  -40.423  -10.941  22.378 0.0000000000
116645  -40.137  -8.652  23.348 0.0000000000
53007  -29.160  -25.822  42.328 0.0000000000
49978  -31.996  -29.036  45.038 0.0000000000
49968  -31.217  -28.733  45.442 0.0000000000
52072  -30.902  -27.179  33.902 0.0000000000
53112  -29.919  -26.467  32.658 0.0000000000
52071  -30.041  -27.294  33.958 0.0000000000
54128  -27.618  -26.323  35.905 0.0000000000
130046  -27.327  -26.133  34.763 0.0000000000
54139  -27.239  -25.985  35.243 0.0000000000
54138  -26.780  -25.438  35.359 0.0000000000
55271  -26.300  -24.836  35.408 0.0000000000
53014  -28.793  -26.111  41.357 0.0000000000
54072  -28.645  -25.254  41.569 0.0000000000
76987  -58.584  -0.164  8.895 0.0000000000
77875  -58.046  0.320  8.378 0.0000000000
77891  -58.455  0.913  8.068 0.0000000000
60046  -16.147  -19.529  33.555 0.0000000000
60045  -15.145  -19.441  33.415 0.0000000000
57421  -10.593  -22.729  34.130 0.0000000000
73359  -26.099  -4.844  35.630 0.0000000000
73346  -26.481  -4.412  36.429 0.0000000000
73345  -25.674  -4.182  35.965 0.0000000000
77538  -21.064  -0.085  39.760 0.0000000000
76680  -21.736  -0.687  39.381 0.0000000000
76670  -21.721  -0.503  40.430 0.0000000000
76655  -21.874  -0.429  41.698 0.0000000000
77503  -21.263  0.160  41.672 0.0000000000
77502  -21.040  0.581  42.337 0.0000000000
77519  -20.649  0.612  41.202 0.0000000000
78375  -15.928  0.836  43.500 0.0000000000
78368  -15.899  0.900  45.282 0.0000000000
77473  -14.917  0.573  45.865 0.0000000000
76666  -11.494  -1.265  41.809 0.0000000000
76652  -10.750  -1.022  43.080 0.0000000000
119240  -16.247  -14.619  41.398 0.0000000000
64518  -18.011  -14.895  37.940 0.0000000000
114988  -16.521  -14.607  38.203 0.0000000000
64517  -17.237  -14.573  37.696 0.0000000000
64516  -16.180  -14.672  37.358 0.0000000000
64527  -17.063  -14.461  36.795 0.0000000000
64537  -17.482  -14.328  35.864 0.0000000000
113947  -18.182  -14.643  36.529 0.0000000000
60047  -17.048  -19.410  33.709 0.0000000000
60946  -18.453  -18.409  33.612 0.0000000000
60944  -16.549  -18.973  33.113 0.0000000000
75101  -16.590  -2.421  27.488 0.0000000000
126069  -15.593  -2.378  27.375 0.0000000000
74270  -15.981  -3.331  27.480 0.0000000000
122368  -15.165  -3.754  27.473 0.0000000000
62773  -40.678  -15.079  37.055 0.0000000000
62774  -41.289  -14.358  36.770 0.0000000000
63646  -41.499  -14.034  36.710 0.0000000000
63645  -41.277  -14.071  36.901 0.0000000000
61831  -38.883  -16.894  40.157 0.0000000000
61836  -38.527  -16.511  39.719 0.0000000000
116894  -38.080  -15.715  34.446 0.0000000000
63670  -38.302  -15.698  32.682 0.0000000000
134964  -38.909  -15.181  33.128 0.0000000000
63678  -38.969  -15.134  31.387 0.0000000000
115492  -38.318  -15.631  31.768 0.0000000000
62876  -35.803  -16.534  28.637 0.0000000000
63722  -36.578  -16.118  28.326 0.0000000000
63762  -36.260  -15.225  26.786 0.0000000000
122756  -35.883  -15.811  27.183 0.0000000000
49061  -34.995  -30.660  40.450 0.0000000000
46115  -36.470  -34.539  40.824 0.0000000000
63761  -35.358  -15.642  26.562 0.0000000000
62898  -35.061  -16.558  28.175 0.0000000000
131026  -32.689  -18.367  31.540 0.0000000000
59185  -32.502  -20.549  32.602 0.0000000000
56383  -34.482  -23.395  37.570 0.0000000000
56382  -33.898  -23.048  37.143 0.0000000000
55251  -34.699  -24.127  37.388 0.0000000000
53080  -34.604  -26.753  35.540 0.0000000000
54140  -33.631  -25.115  35.424 0.0000000000
121032  -33.753  -25.983  35.097 0.0000000000
54151  -33.246  -25.684  34.702 0.0000000000
53092  -33.386  -26.419  34.771 0.0000000000
53091  -32.725  -26.362  34.344 0.0000000000
49072  -33.926  -30.320  39.261 0.0000000000
114939  -58.594  -3.457  13.596 0.0000000000
76879  -58.390  0.500  18.079 0.0000000000
76018  -57.964  -0.599  17.807 0.0000000000
73512  -60.173  -4.448  19.742 0.0000000000
74340  -59.942  -3.778  19.376 0.0000000000
73594  -58.186  -4.196  13.487 0.0000000000
74418  -58.772  -4.139  12.767 0.0000000000
58245  -13.301  -20.959  41.956 0.0000000000
126224  -12.698  -21.413  41.355 0.0000000000
129700  -11.797  -21.660  41.734 0.0000000000
129024  -9.096  -26.267  42.264 0.0000000000
53010  -9.411  -26.973  41.985 0.0000000000
51956  -9.869  -28.227  41.870 0.0000000000
54087  -14.350  -25.369  39.729 0.0000000000
67261  -30.145  -10.846  36.753 0.0000000000
68161  -30.820  -10.713  37.130 0.0000000000
67255  -30.162  -11.444  37.453 0.0000000000
66317  -31.093  -14.373  43.034 0.0000000000
66330  -31.865  -13.466  42.362 0.0000000000
67229  -32.970  -12.689  42.626 0.0000000000
67228  -31.839  -12.882  42.335 0.0000000000
67238  -23.204  -11.893  39.779 0.0000000000
67224  -24.005  -11.862  40.411 0.0000000000
67223  -23.247  -11.586  40.750 0.0000000000
69031  -25.525  -9.956  39.525 0.0000000000
68147  -26.364  -10.392  39.092 0.0000000000
68157  -27.090  -10.424  38.285 0.0000000000
69041  -26.409  -9.989  37.900 0.0000000000
129415  -26.499  -9.604  37.141 0.0000000000
69051  -25.796  -9.493  37.421 0.0000000000
71633  -20.189  -6.824  39.799 0.0000000000
70759  -20.976  -7.007  38.275 0.0000000000
71644  -20.280  -6.629  38.777 0.0000000000
71643  -19.646  -6.048  38.354 0.0000000000
71632  -19.590  -6.317  39.255 0.0000000000
72473  -18.968  -6.036  39.721 0.0000000000
71622  -19.028  -6.302  40.453 0.0000000000
133065  -17.919  -8.180  47.852 0.0000000000
69821  -16.804  -8.616  47.594 0.0000000000
62725  -18.194  -15.421  48.330 0.0000000000
122996  -15.935  -16.520  45.899 0.0000000000
120687  -16.182  -15.179  47.283 0.0000000000
63599  -16.010  -15.202  45.912 0.0000000000
64472  -15.902  -14.624  46.150 0.0000000000
64474  -15.858  -14.587  44.761 0.0000000000
58239  -12.985  -20.945  43.080 0.0000000000
59104  -13.954  -20.546  42.554 0.0000000000
59110  -14.210  -20.748  41.634 0.0000000000
64666  -55.843  -14.520  26.770 0.0000000000
64667  -56.002  -14.229  26.498 0.0000000000
65517  -56.083  -13.922  26.456 0.0000000000
61950  -52.935  -17.309  30.261 0.0000000000
62880  -53.053  -16.759  29.444 0.0000000000
62863  -54.080  -16.398  30.197 0.0000000000
67304  -52.199  -10.449  30.518 0.0000000000
67311  -52.233  -10.592  29.018 0.0000000000
68239  -51.214  -9.706  29.399 0.0000000000
69131  -48.927  -9.338  28.818 0.0000000000
62788  -44.050  -15.994  35.349 0.0000000000
62789  -44.900  -16.454  35.408 0.0000000000
63658  -44.656  -15.293  35.570 0.0000000000
64581  -46.145  -14.876  31.999 0.0000000000
63703  -46.834  -15.107  30.103 0.0000000000
127498  -46.313  -14.844  29.531 0.0000000000
126249  -43.060  -13.828  24.968 0.0000000000
57327  -25.549  -22.322  44.122 0.0000000000
51954  -26.069  -27.281  43.059 0.0000000000
116476  -26.010  -27.907  42.663 0.0000000000
49999  -25.949  -29.224  42.031 0.0000000000
50924  -25.908  -28.642  42.882 0.0000000000
51948  -28.460  -28.041  46.226 0.0000000000
49966  -27.995  -29.616  46.478 0.0000000000
45071  -26.764  -35.058  45.919 0.0000000000
46084  -26.289  -34.500  45.410 0.0000000000
45077  -25.995  -35.875  45.121 0.0000000000
126333  -26.431  -36.321  45.441 0.0000000000
47096  -34.917  -32.274  43.025 0.0000000000
48106  -29.760  -31.447  40.683 0.0000000000
69942  -31.533  -8.229  29.118 0.0000000000
69932  -31.583  -8.255  30.041 0.0000000000
69934  -33.084  -9.269  29.765 0.0000000000
113648  -32.747  -15.836  26.115 0.0000000000
63793  -32.451  -15.282  24.827 0.0000000000
63780  -32.304  -15.573  25.551 0.0000000000
64678  -29.628  -14.262  25.595 0.0000000000
65502  -29.033  -13.754  25.839 0.0000000000
58346  -27.189  -21.380  28.749 0.0000000000
59218  -27.568  -20.782  28.376 0.0000000000
59217  -26.955  -20.560  28.805 0.0000000000
122981  -26.305  -13.050  28.364 0.0000000000
67306  -27.399  -11.846  27.462 0.0000000000
67301  -26.875  -11.770  28.218 0.0000000000
68222  -28.075  -10.758  28.074 0.0000000000
134846  -27.067  -11.297  28.618 0.0000000000
68199  -27.394  -10.211  32.024 0.0000000000
69098  -27.974  -9.921  32.419 0.0000000000
68193  -28.266  -10.005  32.903 0.0000000000
68187  -28.230  -10.306  33.514 0.0000000000
68186  -27.643  -10.850  33.653 0.0000000000
61852  -26.626  -17.326  34.716 0.0000000000
62768  -27.269  -17.043  35.256 0.0000000000
63640  -27.010  -16.942  35.784 0.0000000000
62767  -26.456  -17.270  35.210 0.0000000000
56380  -25.498  -23.248  37.236 0.0000000000
57403  -24.394  -22.212  36.525 0.0000000000
57396  -24.946  -22.589  37.350 0.0000000000
59127  -23.614  -20.113  39.007 0.0000000000
59996  -23.303  -19.280  39.197 0.0000000000
59118  -23.929  -20.089  40.422 0.0000000000
58216  -26.408  -20.313  45.463 0.0000000000
59959  -26.273  -19.717  45.330 0.0000000000
58225  -25.879  -20.822  45.362 0.0000000000
58224  -25.039  -20.566  45.205 0.0000000000
78681  -59.274  2.838  14.616 0.0000000000
77818  -59.949  2.658  13.958 0.0000000000
131435  -56.814  -10.515  23.777 0.0000000000
69175  -56.494  -10.105  24.446 0.0000000000
72662  -55.605  -5.316  24.635 0.0000000000
71835  -54.342  -5.606  23.166 0.0000000000
61972  -13.562  -17.508  27.492 0.0000000000
58313  -11.212  -21.042  32.634 0.0000000000
58314  -12.208  -21.298  32.439 0.0000000000
123062  -11.702  -21.870  32.577 0.0000000000
54099  -11.119  -25.516  38.485 0.0000000000
54112  -11.169  -25.981  37.349 0.0000000000
53045  -24.347  -26.765  38.178 0.0000000000
53058  -23.837  -27.226  37.656 0.0000000000
50988  -23.961  -27.965  37.721 0.0000000000
130714  -21.268  -30.567  41.632 0.0000000000
132003  -21.198  -30.868  42.378 0.0000000000
49033  -20.933  -30.735  43.197 0.0000000000
70765  -34.934  -8.017  38.784 0.0000000000
71656  -32.802  -6.723  38.005 0.0000000000
71647  -33.938  -6.937  38.934 0.0000000000
74990  -28.180  -2.333  40.772 0.0000000000
75836  -28.687  -1.490  41.727 0.0000000000
112379  -11.539  -0.415  33.647 0.0000000000
77622  -12.447  -0.237  33.214 0.0000000000
125619  -13.421  0.494  32.736 0.0000000000
72457  -15.218  -5.696  41.296 0.0000000000
72456  -14.108  -5.731  41.384 0.0000000000
71605  -10.061  -5.695  42.588 0.0000000000
71619  -10.133  -6.121  41.204 0.0000000000
72479  -9.677  -5.395  41.405 0.0000000000
67214  -10.509  -12.573  40.578 0.0000000000
122478  -10.557  -11.431  40.918 0.0000000000
132506  -11.296  -11.433  40.523 0.0000000000
71641  -14.553  -6.584  38.252 0.0000000000
71640  -13.569  -6.353  38.460 0.0000000000
71648  -13.872  -5.870  37.923 0.0000000000
72501  -13.245  -5.365  37.570 0.0000000000
72512  -13.675  -4.937  37.009 0.0000000000
73339  -13.163  -4.483  36.516 0.0000000000
72513  -14.525  -5.149  36.885 0.0000000000
73372  -17.557  -4.682  33.640 0.0000000000
117848  -17.264  -4.117  33.494 0.0000000000
75064  -17.551  -2.917  32.492 0.0000000000
74223  -18.038  -3.780  32.447 0.0000000000
74231  -18.876  -3.578  31.098 0.0000000000
123410  -18.706  -4.093  31.689 0.0000000000
69920  -16.352  -8.860  31.333 0.0000000000
69931  -16.876  -8.443  30.672 0.0000000000
69919  -15.384  -8.747  30.930 0.0000000000
69930  -15.603  -8.341  30.109 0.0000000000
69918  -14.269  -9.007  31.405 0.0000000000
66376  -17.499  -12.591  32.211 0.0000000000
66375  -16.532  -12.300  32.571 0.0000000000
66380  -16.933  -12.162  31.629 0.0000000000
123551  -13.848  -11.853  29.052 0.0000000000
130006  -12.987  -11.903  28.952 0.0000000000
127143  -11.994  -11.566  29.387 0.0000000000
66397  -12.317  -12.206  28.438 0.0000000000
61970  -11.849  -17.570  27.519 0.0000000000
61987  -11.685  -17.580  26.998 0.0000000000
62885  -12.695  -17.478  27.039 0.0000000000
55240  -40.598  -23.755  39.162 0.0000000000
55257  -40.830  -24.603  38.747 0.0000000000
55223  -41.312  -24.081  40.557 0.0000000000
55209  -39.815  -23.879  41.875 0.0000000000
56338  -39.458  -23.119  41.954 0.0000000000
54082  -40.247  -25.036  41.438 0.0000000000
51994  -41.884  -27.588  39.765 0.0000000000
51980  -41.121  -27.098  40.496 0.0000000000
50961  -41.734  -28.460  39.999 0.0000000000
50951  -41.302  -27.951  40.286 0.0000000000
69205  -57.472  -9.793  21.662 0.0000000000
70047  -57.550  -9.198  21.266 0.0000000000
69194  -58.858  -9.346  22.035 0.0000000000
57334  -20.060  -23.076  43.293 0.0000000000
132179  -19.590  -23.105  42.678 0.0000000000
127874  -19.962  -22.917  42.246 0.0000000000
57363  -20.703  -22.747  40.898 0.0000000000
57376  -20.187  -23.047  40.013 0.0000000000
56348  -20.569  -23.325  39.295 0.0000000000
123889  -20.166  -23.639  38.544 0.0000000000
56363  -20.704  -23.971  38.153 0.0000000000
59973  -23.409  -18.378  44.565 0.0000000000
60880  -22.612  -18.201  44.075 0.0000000000
59964  -21.504  -19.266  45.857 0.0000000000
59972  -20.348  -19.369  44.592 0.0000000000
59963  -20.544  -20.063  45.944 0.0000000000
59962  -19.786  -19.682  45.027 0.0000000000
57315  -20.846  -22.409  44.841 0.0000000000
57314  -20.502  -22.427  45.828 0.0000000000
131321  -20.239  -22.943  45.057 0.0000000000
134601  -47.067  -17.759  33.076 0.0000000000
61906  -46.518  -17.699  33.673 0.0000000000
65554  -38.483  -13.284  24.504 0.0000000000
66440  -38.196  -13.066  23.849 0.0000000000
67378  -38.341  -11.424  21.740 0.0000000000
66473  -38.602  -12.264  22.381 0.0000000000
68302  -38.943  -11.116  21.798 0.0000000000
69203  -38.822  -10.259  21.765 0.0000000000
69189  -38.683  -9.342  21.988 0.0000000000
49987  -32.759  -28.399  43.168 0.0000000000
68299  -34.935  -10.525  20.967 0.0000000000
68297  -33.652  -10.652  21.140 0.0000000000
50991  -31.483  -29.073  37.357 0.0000000000
50990  -30.710  -28.811  37.392 0.0000000000
50974  -29.884  -28.557  38.518 0.0000000000
50989  -29.961  -28.528  37.575 0.0000000000
52014  -28.720  -27.629  37.331 0.0000000000
123407  -28.192  -27.010  37.708 0.0000000000
52003  -28.628  -27.564  38.269 0.0000000000
51991  -29.238  -27.815  39.775 0.0000000000
51979  -29.404  -27.628  40.720 0.0000000000
76975  -60.150  -0.595  9.885 0.0000000000
76114  -58.312  -1.286  9.643 0.0000000000
59154  -16.852  -20.456  35.609 0.0000000000
59166  -15.691  -21.156  34.968 0.0000000000
59153  -16.159  -21.102  35.885 0.0000000000
57413  -14.318  -22.592  35.941 0.0000000000
57412  -13.784  -22.823  35.718 0.0000000000
57411  -13.290  -22.818  35.251 0.0000000000
56398  -13.412  -23.286  35.904 0.0000000000
115861  -21.615  -3.369  35.253 0.0000000000
74197  -22.475  -3.451  35.130 0.0000000000
75039  -21.545  -2.590  35.649 0.0000000000
76712  -19.139  -0.643  36.654 0.0000000000
76714  -20.739  -0.955  36.737 0.0000000000
76701  -20.326  -0.284  37.374 0.0000000000
77569  -20.364  0.026  38.312 0.0000000000
77568  -19.676  0.279  37.853 0.0000000000
78416  -18.965  1.104  39.261 0.0000000000
78429  -18.339  0.921  38.718 0.0000000000
77533  -15.606  0.284  39.654 0.0000000000
132941  -16.848  0.818  39.374 0.0000000000
77518  -16.086  0.749  40.210 0.0000000000
78399  -16.020  1.049  41.062 0.0000000000
77500  -14.424  0.352  42.068 0.0000000000
77516  -14.630  0.227  40.900 0.0000000000
113733  -13.592  -1.160  39.577 0.0000000000
76677  -12.968  -0.860  40.333 0.0000000000
75840  -12.794  -1.720  39.882 0.0000000000
60893  -17.478  -18.298  40.663 0.0000000000
61822  -17.553  -17.445  40.534 0.0000000000
60894  -18.098  -18.027  40.010 0.0000000000
60905  -18.742  -18.342  38.584 0.0000000000
61826  -18.513  -17.749  39.219 0.0000000000
61832  -18.966  -17.561  38.507 0.0000000000
62747  -18.988  -16.765  38.317 0.0000000000
61833  -19.322  -17.368  37.805 0.0000000000
61837  -19.550  -17.280  37.044 0.0000000000
60910  -19.130  -18.455  37.214 0.0000000000
59155  -17.306  -20.189  36.267 0.0000000000
113113  -17.854  -19.763  36.115 0.0000000000
60018  -17.532  -19.913  35.391 0.0000000000
132934  -38.621  -18.654  33.392 0.0000000000
60939  -38.542  -18.381  34.087 0.0000000000
60927  -38.443  -18.146  35.902 0.0000000000
61856  -39.742  -16.340  36.469 0.0000000000
134439  -36.386  -17.425  37.760 0.0000000000
61840  -36.731  -16.719  37.869 0.0000000000
61839  -36.218  -17.461  37.085 0.0000000000
62798  -36.179  -16.483  33.987 0.0000000000
62782  -36.748  -16.292  34.986 0.0000000000
62816  -36.547  -16.425  33.217 0.0000000000
132310  -35.930  -16.356  32.812 0.0000000000
62815  -35.448  -16.422  32.466 0.0000000000
62827  -34.954  -16.442  31.743 0.0000000000
62843  -34.461  -16.441  31.060 0.0000000000
48133  -36.391  -31.301  39.728 0.0000000000
48134  -37.336  -31.636  39.384 0.0000000000
47131  -38.962  -33.998  40.937 0.0000000000
46117  -38.690  -34.605  41.029 0.0000000000
60949  -33.788  -18.528  33.312 0.0000000000
61900  -33.774  -17.230  32.387 0.0000000000
60058  -33.280  -19.083  32.820 0.0000000000
53072  -37.084  -27.011  36.891 0.0000000000
52027  -37.284  -27.891  36.619 0.0000000000
51011  -36.678  -28.558  36.285 0.0000000000
128321  -36.062  -28.090  35.970 0.0000000000
51010  -35.758  -28.710  35.944 0.0000000000
49099  -36.190  -30.170  36.706 0.0000000000
74390  -58.852  -2.887  15.397 0.0000000000
74379  -59.055  -3.267  16.187 0.0000000000
74381  -60.464  -3.071  17.096 0.0000000000
75180  -60.621  -2.544  17.682 0.0000000000
76035  -60.515  -1.787  17.817 0.0000000000
73509  -56.941  -4.792  19.392 0.0000000000
73508  -56.166  -4.894  19.140 0.0000000000
73579  -57.477  -3.855  15.845 0.0000000000
73588  -56.483  -4.308  14.677 0.0000000000
58229  -11.517  -21.766  43.815 0.0000000000
58219  -11.388  -21.963  45.097 0.0000000000
56296  -11.238  -23.482  44.509 0.0000000000
56295  -10.576  -23.481  44.043 0.0000000000
55189  -10.760  -24.095  43.758 0.0000000000
55188  -9.913  -24.723  43.224 0.0000000000
55195  -11.104  -24.769  42.810 0.0000000000
118569  -16.584  -27.681  41.310 0.0000000000
51962  -15.410  -27.823  41.916 0.0000000000
49970  -14.959  -30.041  44.388 0.0000000000
49019  -15.269  -30.244  44.193 0.0000000000
49996  -15.245  -30.330  43.443 0.0000000000
65403  -29.027  -14.991  37.705 0.0000000000
65404  -29.517  -14.424  38.638 0.0000000000
64525  -29.100  -15.140  38.516 0.0000000000
64501  -29.442  -14.785  40.273 0.0000000000
64490  -28.793  -14.532  41.279 0.0000000000
64491  -29.815  -14.837  41.862 0.0000000000
68125  -20.454  -11.003  40.897 0.0000000000
67209  -22.335  -10.856  41.841 0.0000000000
68116  -21.529  -10.466  41.952 0.0000000000
68999  -23.972  -8.717  44.033 0.0000000000
68101  -24.062  -9.330  43.922 0.0000000000
69014  -24.430  -9.086  43.244 0.0000000000
69021  -24.646  -9.246  41.610 0.0000000000
69020  -24.325  -8.945  42.103 0.0000000000
69856  -24.080  -8.930  40.737 0.0000000000
69855  -23.631  -8.598  41.475 0.0000000000
70727  -22.657  -7.495  44.236 0.0000000000
69847  -22.319  -7.894  41.873 0.0000000000
70732  -21.872  -7.538  42.687 0.0000000000
113154  -21.280  -7.548  41.299 0.0000000000
70726  -21.460  -7.168  43.567 0.0000000000
70725  -20.341  -7.027  42.977 0.0000000000
71592  -21.098  -6.576  45.202 0.0000000000
69828  -20.234  -7.798  47.360 0.0000000000
70708  -20.601  -6.927  46.839 0.0000000000
69823  -19.711  -7.739  47.717 0.0000000000
68092  -18.977  -9.361  47.871 0.0000000000
59950  -16.684  -19.460  49.581 0.0000000000
59949  -16.532  -18.604  49.876 0.0000000000
59952  -16.216  -19.342  49.248 0.0000000000
120747  -15.602  -18.562  47.835 0.0000000000
129109  -15.188  -19.301  46.633 0.0000000000
58209  -12.518  -21.879  46.039 0.0000000000
59098  -12.898  -20.736  44.390 0.0000000000
127929  -51.802  -14.546  26.689 0.0000000000
64664  -54.134  -14.911  26.957 0.0000000000
62848  -52.844  -15.991  31.520 0.0000000000
63693  -53.373  -15.438  30.817 0.0000000000
64603  -52.649  -13.953  30.037 0.0000000000
65480  -52.224  -11.536  30.478 0.0000000000
66409  -50.109  -12.056  27.912 0.0000000000
67308  -50.114  -10.825  28.734 0.0000000000
69143  -49.493  -9.768  28.789 0.0000000000
68236  -48.937  -10.302  27.780 0.0000000000
129585  -43.385  -13.724  34.650 0.0000000000
64561  -43.970  -13.802  34.337 0.0000000000
133026  -43.473  -13.781  33.714 0.0000000000
121292  -43.594  -14.180  31.191 0.0000000000
64588  -44.453  -14.403  31.257 0.0000000000
57304  -27.611  -21.913  45.716 0.0000000000
56283  -27.296  -22.756  45.625 0.0000000000
56292  -27.541  -23.722  45.700 0.0000000000
48061  -28.959  -31.553  45.596 0.0000000000
47082  -28.758  -32.349  45.769 0.0000000000
45073  -27.953  -34.849  45.796 0.0000000000
46077  -27.333  -34.457  46.101 0.0000000000
45079  -27.775  -35.593  44.935 0.0000000000
47127  -32.885  -32.508  39.712 0.0000000000
47118  -32.946  -32.618  40.738 0.0000000000
69978  -32.418  -8.739  26.635 0.0000000000
69961  -32.434  -8.629  27.448 0.0000000000
70850  -31.764  -8.139  27.618 0.0000000000
61939  -31.026  -16.932  29.026 0.0000000000
62871  -30.672  -16.343  28.557 0.0000000000
61032  -29.790  -18.229  28.121 0.0000000000
62870  -29.916  -16.584  28.200 0.0000000000
63733  -29.367  -15.586  27.616 0.0000000000
60078  -25.964  -19.966  30.096 0.0000000000
124641  -26.006  -19.198  30.379 0.0000000000
62838  -25.646  -16.301  30.399 0.0000000000
62839  -25.916  -16.865  29.846 0.0000000000
63698  -25.684  -14.968  29.699 0.0000000000
119727  -25.554  -14.185  30.038 0.0000000000
65448  -25.516  -13.785  30.737 0.0000000000
65442  -25.618  -13.375  31.515 0.0000000000
65435  -25.680  -13.771  32.141 0.0000000000
66378  -25.903  -13.014  32.296 0.0000000000
65436  -25.977  -13.765  32.817 0.0000000000
116651  -26.235  -13.114  33.028 0.0000000000
61875  -26.023  -17.831  33.551 0.0000000000
61876  -26.457  -17.339  34.110 0.0000000000
57379  -26.559  -22.627  39.866 0.0000000000
58255  -26.521  -21.627  41.044 0.0000000000
58247  -26.075  -21.031  41.469 0.0000000000
58236  -28.064  -21.287  44.426 0.0000000000
58226  -27.750  -21.104  45.255 0.0000000000
58218  -27.414  -21.134  45.539 0.0000000000
69166  -55.545  -9.209  25.421 0.0000000000
70907  -55.106  -6.987  26.026 0.0000000000
61006  -12.215  -18.058  29.057 0.0000000000
127853  -12.497  -18.538  30.081 0.0000000000
60073  -13.070  -19.089  30.479 0.0000000000
60065  -13.800  -19.764  31.099 0.0000000000
55305  -11.575  -24.229  31.213 0.0000000000
49057  -24.539  -30.567  39.196 0.0000000000
49056  -23.748  -30.804  38.984 0.0000000000
48116  -24.194  -31.328  39.462 0.0000000000
71627  -35.662  -7.143  42.398 0.0000000000
71626  -35.178  -6.457  41.358 0.0000000000
72478  -35.400  -6.108  42.427 0.0000000000
73288  -35.103  -4.205  43.276 0.0000000000
73289  -35.419  -4.358  43.059 0.0000000000
74133  -35.439  -3.422  43.100 0.0000000000
118924  -35.340  -1.529  42.979 0.0000000000
126671  -35.277  -1.926  43.149 0.0000000000
76658  -25.395  -1.277  43.269 0.0000000000
79211  -11.426  2.139  41.502 0.0000000000
76710  -11.876  -0.336  35.996 0.0000000000
76723  -11.582  -0.622  35.122 0.0000000000
76722  -11.404  -1.190  34.977 0.0000000000
70716  -13.393  -7.499  44.479 0.0000000000
71585  -12.961  -7.085  43.806 0.0000000000
70715  -11.891  -7.653  44.523 0.0000000000
68992  -11.705  -8.429  44.185 0.0000000000
69837  -11.387  -7.544  44.221 0.0000000000
69836  -10.933  -7.248  43.857 0.0000000000
70724  -10.670  -6.966  43.632 0.0000000000
69842  -11.025  -7.654  42.883 0.0000000000
67233  -14.876  -11.762  39.578 0.0000000000
67217  -14.656  -11.314  40.135 0.0000000000
68135  -15.554  -11.033  39.617 0.0000000000
69873  -16.758  -9.170  38.331 0.0000000000
69872  -16.123  -8.660  38.713 0.0000000000
70757  -15.976  -7.932  38.403 0.0000000000
71642  -15.423  -7.298  38.335 0.0000000000
70767  -16.292  -7.444  37.783 0.0000000000
71650  -16.274  -6.649  37.130 0.0000000000
70785  -17.945  -7.494  35.457 0.0000000000
71659  -17.372  -7.014  36.086 0.0000000000
70795  -18.192  -7.098  34.581 0.0000000000
121992  -17.748  -6.132  34.597 0.0000000000
71685  -18.640  -7.042  33.157 0.0000000000
70796  -18.482  -7.743  34.107 0.0000000000
69073  -16.813  -9.906  34.006 0.0000000000
69907  -18.027  -8.968  33.070 0.0000000000
69085  -16.509  -9.660  33.272 0.0000000000
69097  -17.251  -9.303  32.717 0.0000000000
63684  -17.748  -15.334  30.487 0.0000000000
65446  -17.734  -13.526  30.067 0.0000000000
63697  -16.901  -15.033  29.806 0.0000000000
63715  -15.970  -14.677  29.091 0.0000000000
64611  -15.227  -14.456  28.506 0.0000000000
65470  -15.105  -13.580  28.244 0.0000000000
64610  -14.584  -14.429  28.159 0.0000000000
114142  -14.317  -15.161  28.387 0.0000000000
62834  -12.296  -17.203  29.442 0.0000000000
62867  -12.954  -16.443  28.660 0.0000000000
62866  -12.061  -17.508  28.348 0.0000000000
69137  -11.847  -9.651  27.198 0.0000000000
68230  -11.233  -10.336  27.165 0.0000000000
58265  -40.252  -20.641  40.047 0.0000000000
59137  -39.651  -20.008  39.280 0.0000000000
56357  -40.905  -22.608  40.319 0.0000000000
57384  -40.600  -21.316  40.557 0.0000000000
59122  -38.554  -19.742  41.760 0.0000000000
59991  -38.208  -18.880  41.490 0.0000000000
130842  -37.313  -18.904  41.070 0.0000000000
60902  -36.990  -18.295  40.510 0.0000000000
59997  -36.568  -19.496  40.413 0.0000000000
127504  -35.578  -20.183  38.719 0.0000000000
60013  -35.534  -19.026  37.154 0.0000000000
59147  -35.176  -20.056  37.209 0.0000000000
57399  -38.280  -22.401  37.866 0.0000000000
57407  -37.548  -22.337  37.131 0.0000000000
58286  -37.839  -21.400  36.719 0.0000000000
47148  -40.833  -33.032  38.501 0.0000000000
47162  -41.576  -32.023  37.646 0.0000000000
132791  -34.750  -20.374  36.639 0.0000000000
57392  -35.251  -22.449  38.869 0.0000000000
56370  -35.469  -23.284  38.775 0.0000000000
56369  -34.845  -23.004  38.224 0.0000000000
54095  -38.849  -25.262  40.534 0.0000000000
53050  -38.702  -26.349  38.920 0.0000000000
54108  -38.362  -25.613  39.464 0.0000000000
53049  -37.906  -26.022  38.498 0.0000000000
54106  -36.750  -25.014  38.624 0.0000000000
53062  -37.482  -26.497  37.673 0.0000000000
53063  -38.244  -26.802  38.017 0.0000000000
50051  -39.778  -29.643  38.293 0.0000000000
49089  -39.217  -30.153  37.823 0.0000000000
134363  -58.667  -5.503  18.124 0.0000000000
71903  -58.416  -6.051  18.541 0.0000000000
71904  -59.773  -5.912  18.988 0.0000000000
72717  -60.558  -5.238  19.456 0.0000000000
71887  -60.618  -5.926  19.943 0.0000000000
70979  -58.457  -7.923  20.463 0.0000000000
130672  -60.013  -5.924  21.515 0.0000000000
70969  -60.493  -6.793  20.903 0.0000000000
72705  -60.046  -5.390  20.999 0.0000000000
119420  -59.206  -5.274  20.924 0.0000000000
73502  -58.659  -5.018  20.349 0.0000000000
114408  -58.210  -5.422  21.030 0.0000000000
72703  -55.370  -5.927  20.726 0.0000000000
56282  -15.671  -23.500  46.120 0.0000000000
56300  -16.109  -23.504  44.183 0.0000000000
56318  -16.644  -23.312  41.298 0.0000000000
111966  -15.945  -23.345  42.056 0.0000000000
112289  -15.940  -23.511  40.320 0.0000000000
132205  -15.370  -23.736  40.059 0.0000000000
56344  -15.650  -23.890  39.645 0.0000000000
57361  -18.948  -23.102  40.814 0.0000000000
56329  -18.009  -23.294  40.412 0.0000000000
54101  -17.346  -25.278  38.021 0.0000000000
54100  -16.693  -24.930  38.363 0.0000000000
53039  -16.015  -25.417  38.765 0.0000000000
53040  -16.752  -25.738  38.466 0.0000000000
51985  -16.523  -27.137  39.708 0.0000000000
51974  -18.268  -27.847  40.571 0.0000000000
50934  -17.761  -28.232  42.344 0.0000000000
116649  -18.711  -28.464  42.288 0.0000000000
63625  -22.125  -15.108  37.416 0.0000000000
65398  -22.468  -13.820  37.344 0.0000000000
64519  -21.897  -14.360  37.595 0.0000000000
64508  -20.672  -14.201  38.552 0.0000000000
64509  -21.245  -14.266  38.099 0.0000000000
65390  -20.960  -13.535  38.421 0.0000000000
66345  -21.381  -12.918  38.478 0.0000000000
65389  -20.288  -13.677  39.031 0.0000000000
61816  -21.384  -17.831  42.267 0.0000000000
62737  -20.562  -16.864  40.982 0.0000000000
61820  -20.865  -17.414  41.586 0.0000000000
63612  -19.137  -14.674  40.605 0.0000000000
62740  -19.530  -15.632  40.565 0.0000000000
64489  -19.281  -14.075  40.031 0.0000000000
66323  -19.617  -12.530  39.889 0.0000000000
66322  -18.987  -12.498  40.698 0.0000000000
121638  -18.202  -13.024  42.029 0.0000000000
66312  -18.530  -12.402  41.499 0.0000000000
67202  -18.211  -12.084  42.391 0.0000000000
124645  -18.402  -11.296  42.366 0.0000000000
66308  -18.013  -12.844  42.907 0.0000000000
67201  -18.026  -12.153  43.236 0.0000000000
62729  -18.094  -15.819  44.575 0.0000000000
62727  -18.115  -16.421  45.315 0.0000000000
61807  -18.189  -16.874  46.071 0.0000000000
59091  -19.183  -19.916  45.558 0.0000000000
59082  -17.823  -20.380  46.907 0.0000000000
125000  -17.177  -20.120  48.300 0.0000000000
59076  -16.752  -20.627  48.602 0.0000000000
57310  -16.801  -23.496  45.879 0.0000000000
57294  -16.773  -22.796  47.550 0.0000000000
57299  -16.279  -23.302  47.005 0.0000000000
61044  -49.976  -18.121  29.248 0.0000000000
61948  -50.817  -18.006  29.562 0.0000000000
60985  -48.511  -18.302  31.057 0.0000000000
60972  -51.011  -18.650  33.233 0.0000000000
60987  -50.704  -18.697  32.107 0.0000000000
126829  -51.540  -18.665  32.471 0.0000000000
61004  -51.826  -18.430  31.577 0.0000000000
60974  -52.243  -18.318  32.493 0.0000000000
61909  -52.711  -17.610  32.472 0.0000000000
61908  -52.186  -17.785  33.048 0.0000000000
62818  -50.713  -16.643  33.227 0.0000000000
62831  -51.176  -16.488  32.266 0.0000000000
62846  -50.443  -16.182  31.162 0.0000000000
63692  -50.743  -15.837  30.490 0.0000000000
130477  -49.987  -15.906  30.418 0.0000000000
65460  -40.513  -13.536  29.488 0.0000000000
65476  -41.092  -13.590  29.040 0.0000000000
112978  -41.008  -13.700  28.400 0.0000000000
65507  -40.845  -13.801  26.154 0.0000000000
122691  -41.856  -14.043  25.871 0.0000000000
65557  -41.819  -13.559  24.187 0.0000000000
135079  -39.747  -13.225  23.755 0.0000000000
131160  -40.074  -13.473  24.393 0.0000000000
66457  -41.668  -12.563  23.226 0.0000000000
65585  -42.187  -13.102  23.646 0.0000000000
55186  -29.864  -24.262  44.557 0.0000000000
55192  -29.455  -24.597  43.535 0.0000000000
120407  -30.842  -25.362  45.026 0.0000000000
131067  -30.907  -27.082  46.008 0.0000000000
129984  -31.344  -27.043  43.602 0.0000000000
51952  -31.163  -26.560  44.161 0.0000000000
49967  -30.092  -29.267  45.647 0.0000000000
50907  -30.453  -28.260  45.851 0.0000000000
49976  -30.114  -30.194  45.099 0.0000000000
48062  -30.186  -32.197  44.747 0.0000000000
47095  -30.414  -32.873  43.734 0.0000000000
55310  -30.259  -24.461  31.380 0.0000000000
56439  -29.886  -23.994  30.797 0.0000000000
54186  -28.839  -25.483  31.423 0.0000000000
128626  -28.526  -24.928  30.870 0.0000000000
134353  -28.276  -25.292  31.170 0.0000000000
55326  -28.031  -24.433  30.411 0.0000000000
55308  -27.845  -25.044  30.936 0.0000000000
52035  -29.270  -27.658  35.650 0.0000000000
52070  -29.215  -27.181  34.109 0.0000000000
132222  -28.694  -27.009  34.245 0.0000000000
130242  -26.783  -25.436  32.647 0.0000000000
54169  -27.489  -25.985  32.719 0.0000000000
54183  -26.589  -25.055  31.850 0.0000000000
55324  -26.504  -24.563  31.121 0.0000000000
56438  -25.831  -24.010  31.101 0.0000000000
56452  -25.761  -23.282  30.613 0.0000000000
55284  -25.416  -24.091  33.440 0.0000000000
56422  -25.025  -23.162  32.329 0.0000000000
57437  -24.713  -22.252  32.521 0.0000000000
58317  -24.878  -21.547  31.994 0.0000000000
56421  -24.689  -22.765  32.999 0.0000000000
57427  -24.483  -22.131  33.305 0.0000000000
55259  -26.064  -24.348  36.119 0.0000000000
56400  -25.118  -23.636  34.971 0.0000000000
56389  -25.438  -23.643  35.994 0.0000000000
56390  -25.919  -23.858  36.893 0.0000000000
55235  -27.227  -24.402  38.962 0.0000000000
55234  -26.708  -23.981  38.314 0.0000000000
56353  -27.240  -23.725  39.630 0.0000000000
55199  -28.537  -24.398  41.768 0.0000000000
56336  -28.154  -23.831  41.082 0.0000000000
70867  -52.022  -6.921  28.066 0.0000000000
71762  -52.644  -5.289  28.564 0.0000000000
61894  -13.556  -17.775  32.047 0.0000000000
60959  -14.320  -18.278  32.465 0.0000000000
60042  -12.157  -19.071  33.714 0.0000000000
60941  -12.035  -18.513  33.289 0.0000000000
60929  -11.020  -18.561  33.590 0.0000000000
60041  -9.830  -18.808  33.330 0.0000000000
60025  -9.787  -19.248  34.026 0.0000000000
59164  -13.503  -20.610  34.321 0.0000000000
59151  -12.165  -20.973  34.496 0.0000000000
57420  -10.065  -22.224  33.964 0.0000000000
58288  -10.093  -21.063  34.297 0.0000000000
134416  -9.915  -21.870  33.768 0.0000000000
58306  -9.734  -21.074  33.721 0.0000000000
122617  -9.947  -22.808  32.976 0.0000000000
56431  -10.642  -23.879  32.205 0.0000000000
43227  -23.565  -37.094  42.792 0.0000000000
71645  -29.534  -6.121  38.417 0.0000000000
72483  -29.916  -5.365  39.299 0.0000000000
72495  -29.436  -5.212  38.790 0.0000000000
74165  -27.607  -3.707  38.363 0.0000000000
74166  -28.277  -4.076  38.408 0.0000000000
74153  -28.176  -3.430  39.119 0.0000000000
75001  -27.730  -2.753  39.874 0.0000000000
75012  -27.212  -3.176  39.068 0.0000000000
75028  -23.661  -2.804  36.666 0.0000000000
74174  -24.850  -3.243  37.037 0.0000000000
75029  -24.189  -2.766  37.321 0.0000000000
75843  -23.526  -1.704  39.831 0.0000000000
75010  -24.540  -2.400  38.990 0.0000000000
75844  -24.295  -2.097  39.682 0.0000000000
75845  -25.541  -2.248  40.288 0.0000000000
114970  -24.913  -2.041  40.677 0.0000000000
75832  -25.279  -1.865  42.217 0.0000000000
75831  -24.451  -1.813  41.663 0.0000000000
77490  -22.693  -0.188  44.029 0.0000000000
76641  -23.239  -0.867  43.856 0.0000000000
78401  -18.493  1.524  40.461 0.0000000000
78388  -19.612  1.470  41.536 0.0000000000
79207  -18.316  1.750  42.210 0.0000000000
135255  -13.789  0.369  42.918 0.0000000000
121931  -13.613  0.473  44.030 0.0000000000
77486  -12.934  0.271  43.406 0.0000000000
77475  -11.524  0.734  44.434 0.0000000000
77474  -10.592  0.532  44.348 0.0000000000
78367  -10.943  1.125  44.329 0.0000000000
78374  -10.498  1.643  43.363 0.0000000000
76650  -8.574  -0.634  42.701 0.0000000000
77513  -8.704  0.408  41.969 0.0000000000
76665  -8.613  -0.513  41.481 0.0000000000
75826  -8.508  -1.705  41.247 0.0000000000
66300  -13.430  -12.584  44.506 0.0000000000
66306  -13.178  -13.126  43.908 0.0000000000
65366  -13.907  -13.986  41.301 0.0000000000
65364  -10.858  -14.568  41.409 0.0000000000
63611  -17.170  -15.571  40.098 0.0000000000
64487  -16.272  -14.554  40.394 0.0000000000
64488  -16.760  -14.832  39.810 0.0000000000
64496  -14.685  -14.888  38.948 0.0000000000
64494  -13.518  -14.873  39.495 0.0000000000
130364  -13.454  -13.627  39.414 0.0000000000
66334  -13.655  -14.653  39.132 0.0000000000
64514  -14.137  -14.491  37.070 0.0000000000
66351  -14.058  -13.681  37.306 0.0000000000
67252  -15.155  -12.349  37.587 0.0000000000
123068  -13.975  -13.635  36.502 0.0000000000
66358  -13.921  -12.877  36.130 0.0000000000
65411  -14.260  -13.639  35.863 0.0000000000
64543  -17.919  -14.091  35.023 0.0000000000
65419  -17.335  -13.615  34.503 0.0000000000
65424  -17.777  -13.343  33.653 0.0000000000
65420  -18.318  -13.878  34.177 0.0000000000
61848  -19.608  -17.320  35.466 0.0000000000
122883  -19.642  -16.837  34.956 0.0000000000
62794  -19.450  -16.449  33.567 0.0000000000
62810  -19.219  -16.413  32.729 0.0000000000
63666  -19.393  -15.446  32.521 0.0000000000
62823  -19.069  -15.753  31.776 0.0000000000
61895  -15.954  -17.902  32.040 0.0000000000
61913  -15.419  -17.263  31.372 0.0000000000
73419  -13.470  -5.108  27.593 0.0000000000
73418  -12.617  -5.094  27.528 0.0000000000
72588  -12.156  -5.806  27.762 0.0000000000
72589  -13.048  -5.798  27.821 0.0000000000
117135  -42.391  -18.211  33.085 0.0000000000
119430  -40.381  -17.518  33.545 0.0000000000
130008  -42.042  -14.886  35.748 0.0000000000
62786  -42.473  -15.258  35.328 0.0000000000
64559  -41.936  -13.693  34.848 0.0000000000
65429  -41.457  -13.610  33.780 0.0000000000
119186  -38.661  -18.485  37.676 0.0000000000
116609  -39.637  -15.336  38.659 0.0000000000
62762  -40.069  -14.942  38.432 0.0000000000
62760  -37.038  -16.224  37.373 0.0000000000
130599  -37.933  -15.377  37.025 0.0000000000
63642  -38.886  -14.873  37.222 0.0000000000
126976  -39.920  -14.462  35.334 0.0000000000
64569  -40.207  -14.184  32.567 0.0000000000
65437  -40.735  -13.693  32.144 0.0000000000
64577  -40.127  -14.123  31.570 0.0000000000
65450  -40.746  -13.569  30.299 0.0000000000
64586  -40.015  -13.945  30.615 0.0000000000
64585  -38.936  -14.944  30.371 0.0000000000
64595  -39.536  -14.115  29.858 0.0000000000
64615  -39.282  -14.037  28.971 0.0000000000
63701  -37.617  -15.969  29.698 0.0000000000
134719  -37.323  -15.060  27.593 0.0000000000
63723  -37.869  -15.373  28.723 0.0000000000
64613  -37.870  -14.875  28.007 0.0000000000
65503  -37.886  -13.690  26.270 0.0000000000
64655  -37.456  -14.223  26.644 0.0000000000
64684  -36.361  -14.293  25.674 0.0000000000
65524  -36.785  -13.739  25.264 0.0000000000
65552  -36.445  -13.538  24.520 0.0000000000
65551  -35.642  -13.702  24.231 0.0000000000
50026  -32.911  -29.943  40.109 0.0000000000
50014  -32.995  -29.626  41.210 0.0000000000
49051  -35.503  -31.011  41.851 0.0000000000
48083  -35.791  -31.818  42.858 0.0000000000
48111  -37.285  -32.474  41.588 0.0000000000
48110  -36.386  -31.798  41.900 0.0000000000
46100  -36.837  -33.564  42.420 0.0000000000
47129  -34.575  -33.550  40.629 0.0000000000
46126  -40.039  -33.826  39.558 0.0000000000
46118  -39.659  -33.992  40.248 0.0000000000
46125  -39.571  -34.305  39.749 0.0000000000
63738  -34.516  -16.116  26.754 0.0000000000
63760  -33.918  -15.842  26.184 0.0000000000
63759  -33.287  -15.941  26.303 0.0000000000
115192  -33.928  -16.431  29.558 0.0000000000
62858  -33.251  -16.367  30.186 0.0000000000
61928  -32.479  -16.935  30.599 0.0000000000
62857  -32.542  -16.307  29.746 0.0000000000
62872  -31.851  -16.040  29.313 0.0000000000
62856  -31.617  -16.625  29.517 0.0000000000
61927  -31.932  -17.194  30.038 0.0000000000
60079  -31.772  -19.398  30.175 0.0000000000
59206  -31.590  -20.331  30.495 0.0000000000
59213  -31.257  -20.036  29.612 0.0000000000
59146  -34.285  -20.938  36.475 0.0000000000
60021  -34.128  -20.104  35.176 0.0000000000
116739  -33.312  -22.235  36.083 0.0000000000
58298  -33.218  -21.628  35.385 0.0000000000
59173  -33.011  -21.009  34.151 0.0000000000
58297  -32.665  -21.978  34.744 0.0000000000
54131  -35.346  -25.573  36.726 0.0000000000
55262  -34.374  -24.530  36.688 0.0000000000
55272  -32.773  -23.912  35.066 0.0000000000
57423  -32.461  -22.705  34.653 0.0000000000
57429  -32.329  -22.214  34.033 0.0000000000
56415  -31.638  -23.626  33.184 0.0000000000
116076  -31.638  -22.961  33.110 0.0000000000
56424  -31.326  -23.364  32.539 0.0000000000
57450  -31.328  -22.266  31.926 0.0000000000
56423  -30.895  -23.934  31.900 0.0000000000
55297  -31.261  -24.260  32.522 0.0000000000
54159  -31.560  -25.591  33.182 0.0000000000
53090  -31.972  -26.757  34.012 0.0000000000
132577  -31.448  -26.995  33.926 0.0000000000
50070  -35.017  -29.052  35.974 0.0000000000
134243  -34.449  -28.736  35.822 0.0000000000
115176  -34.252  -29.270  36.277 0.0000000000
50057  -33.470  -29.318  36.592 0.0000000000
50056  -32.765  -29.260  36.819 0.0000000000
51027  -32.483  -28.314  35.630 0.0000000000
123083  -33.353  -30.118  39.675 0.0000000000
75230  -59.366  -2.794  12.202 0.0000000000
76063  -59.419  -0.943  13.476 0.0000000000
76904  -59.479  0.424  15.098 0.0000000000
77812  -59.962  2.073  14.506 0.0000000000
75187  -59.743  -1.964  16.012 0.0000000000
127817  -59.267  -1.777  15.122 0.0000000000
76896  -59.343  0.728  17.666 0.0000000000
77791  -59.015  1.527  17.017 0.0000000000
77800  -59.250  2.096  15.887 0.0000000000
78665  -57.753  2.001  16.605 0.0000000000
77789  -57.148  1.522  17.140 0.0000000000
72751  -60.085  -4.836  18.056 0.0000000000
73551  -60.399  -4.295  17.827 0.0000000000
74347  -59.386  -3.269  18.707 0.0000000000
75146  -59.980  -2.410  18.638 0.0000000000
74345  -57.021  -3.738  18.171 0.0000000000
118218  -56.618  -3.109  17.361 0.0000000000
75164  -56.692  -2.128  17.082 0.0000000000
76017  -56.746  -0.865  17.516 0.0000000000
72794  -58.093  -6.184  11.061 0.0000000000
73605  -58.967  -5.003  11.113 0.0000000000
73606  -59.245  -4.276  11.199 0.0000000000
58252  -14.838  -21.088  39.812 0.0000000000
58266  -13.665  -21.855  39.465 0.0000000000
58260  -13.933  -21.450  39.992 0.0000000000
57373  -11.966  -22.684  40.053 0.0000000000
56341  -11.236  -23.221  40.248 0.0000000000
55213  -11.243  -23.923  39.673 0.0000000000
131987  -10.620  -23.778  40.402 0.0000000000
57330  -10.354  -22.655  42.946 0.0000000000
57344  -10.447  -22.503  41.986 0.0000000000
56313  -9.322  -23.874  42.487 0.0000000000
54074  -9.258  -25.498  41.169 0.0000000000
121728  -9.322  -24.564  41.421 0.0000000000
53025  -9.721  -26.186  40.336 0.0000000000
54085  -10.045  -25.327  40.179 0.0000000000
51995  -10.270  -27.666  38.562 0.0000000000
51982  -10.102  -27.818  39.852 0.0000000000
114756  -11.531  -28.855  38.913 0.0000000000
56307  -14.491  -23.500  42.309 0.0000000000
114989  -13.753  -23.610  43.104 0.0000000000
112583  -13.709  -23.652  42.162 0.0000000000
54076  -13.039  -25.628  40.490 0.0000000000
54075  -11.979  -25.863  41.083 0.0000000000
126459  -14.290  -28.474  42.973 0.0000000000
50930  -12.865  -29.226  43.039 0.0000000000
51958  -11.419  -28.686  42.431 0.0000000000
49979  -11.605  -30.067  42.769 0.0000000000
49991  -11.217  -29.985  42.454 0.0000000000
69072  -34.271  -10.268  34.922 0.0000000000
69902  -34.849  -9.800  34.810 0.0000000000
113802  -33.911  -10.360  35.531 0.0000000000
69058  -34.201  -10.076  37.011 0.0000000000
114336  -35.003  -9.859  36.114 0.0000000000
69059  -35.134  -9.542  37.276 0.0000000000
69884  -35.353  -9.193  37.269 0.0000000000
69045  -34.223  -10.102  38.233 0.0000000000
66349  -30.524  -12.706  38.941 0.0000000000
66350  -31.443  -12.645  39.776 0.0000000000
66332  -33.529  -12.443  41.935 0.0000000000
68143  -33.672  -11.378  40.630 0.0000000000
68144  -34.479  -11.010  40.990 0.0000000000
69036  -35.504  -9.895  40.159 0.0000000000
68133  -35.083  -10.477  41.104 0.0000000000
119013  -35.707  -9.632  41.643 0.0000000000
69025  -34.902  -10.331  41.721 0.0000000000
69024  -34.467  -10.514  41.943 0.0000000000
69034  -33.038  -9.641  41.051 0.0000000000
69857  -32.423  -8.490  40.891 0.0000000000
66354  -24.133  -12.579  37.917 0.0000000000
128070  -25.373  -12.770  38.665 0.0000000000
118346  -26.211  -12.964  40.883 0.0000000000
66326  -26.860  -12.948  42.841 0.0000000000
65371  -28.682  -13.620  43.254 0.0000000000
65370  -27.625  -13.167  43.304 0.0000000000
67204  -25.212  -11.336  43.432 0.0000000000
67205  -25.816  -11.661  43.413 0.0000000000
68112  -26.112  -11.564  43.363 0.0000000000
67239  -27.530  -11.401  40.743 0.0000000000
67227  -28.262  -11.803  40.857 0.0000000000
66327  -28.569  -12.508  42.896 0.0000000000
67240  -29.361  -11.614  40.067 0.0000000000
69055  -29.880  -9.177  38.038 0.0000000000
69868  -30.794  -8.382  39.149 0.0000000000
69056  -30.134  -8.514  38.224 0.0000000000
70763  -30.173  -7.633  38.523 0.0000000000
69883  -29.418  -8.689  37.504 0.0000000000
69890  -27.243  -8.573  36.156 0.0000000000
112738  -27.966  -8.189  36.351 0.0000000000
69899  -26.754  -8.066  35.661 0.0000000000
71675  -26.753  -6.613  35.499 0.0000000000
70790  -26.384  -7.381  35.365 0.0000000000
69875  -23.590  -8.484  38.357 0.0000000000
69881  -24.345  -8.807  37.807 0.0000000000
69880  -23.684  -8.315  37.442 0.0000000000
70779  -22.444  -7.241  36.455 0.0000000000
70780  -23.321  -7.642  36.125 0.0000000000
70786  -22.872  -7.089  35.636 0.0000000000
71680  -24.059  -6.408  34.701 0.0000000000
71671  -22.632  -6.392  35.088 0.0000000000
72528  -22.206  -5.548  34.892 0.0000000000
72527  -21.469  -5.352  35.286 0.0000000000
72504  -18.769  -5.093  37.880 0.0000000000
72515  -19.697  -5.138  36.652 0.0000000000
73331  -18.457  -4.451  37.374 0.0000000000
74183  -18.338  -3.753  36.810 0.0000000000
73330  -17.764  -3.962  37.564 0.0000000000
73320  -17.574  -4.409  38.535 0.0000000000
72471  -17.489  -5.429  40.504 0.0000000000
72459  -17.104  -5.679  41.191 0.0000000000
72458  -16.229  -5.679  41.271 0.0000000000
71612  -16.748  -6.101  41.925 0.0000000000
114149  -18.861  -6.574  42.001 0.0000000000
71590  -18.920  -6.568  43.889 0.0000000000
70719  -17.160  -6.972  44.022 0.0000000000
70718  -16.281  -7.049  43.917 0.0000000000
70717  -14.640  -7.285  44.162 0.0000000000
126926  -15.463  -7.344  44.387 0.0000000000
69825  -14.181  -8.868  46.727 0.0000000000
69832  -14.144  -8.372  46.077 0.0000000000
68985  -13.508  -9.309  46.610 0.0000000000
68093  -13.811  -10.087  46.611 0.0000000000
67196  -18.032  -11.863  44.103 0.0000000000
67192  -18.046  -11.522  45.240 0.0000000000
116141  -17.811  -12.814  47.680 0.0000000000
133575  -17.895  -12.047  46.912 0.0000000000
67185  -17.751  -11.523  47.892 0.0000000000
66292  -17.468  -12.754  48.551 0.0000000000
62723  -17.191  -15.326  48.925 0.0000000000
112049  -17.062  -15.385  48.714 0.0000000000
64465  -16.065  -14.832  49.167 0.0000000000
134857  -17.002  -15.010  49.510 0.0000000000
65340  -16.074  -13.820  49.250 0.0000000000
66291  -16.746  -12.814  49.208 0.0000000000
66290  -15.737  -12.692  48.996 0.0000000000
67181  -15.446  -11.521  48.580 0.0000000000
66294  -14.862  -12.583  46.594 0.0000000000
67186  -14.240  -11.121  46.132 0.0000000000
67191  -14.439  -12.021  45.842 0.0000000000
66296  -14.298  -12.358  44.959 0.0000000000
64476  -15.897  -14.592  43.595 0.0000000000
64478  -16.031  -14.550  42.519 0.0000000000
128273  -16.312  -16.001  42.900 0.0000000000
60874  -15.351  -18.873  44.350 0.0000000000
60875  -15.856  -18.155  43.917 0.0000000000
59970  -15.750  -18.754  43.427 0.0000000000
59979  -15.999  -19.064  42.652 0.0000000000
60882  -16.170  -18.259  43.026 0.0000000000
60888  -16.465  -18.410  42.206 0.0000000000
60889  -16.909  -18.544  41.393 0.0000000000
131389  -16.458  -19.095  41.866 0.0000000000
59111  -16.085  -20.282  40.904 0.0000000000
59116  -15.352  -20.719  40.400 0.0000000000
59124  -15.684  -20.759  39.635 0.0000000000
66461  -55.161  -12.640  23.335 0.0000000000
66462  -56.055  -12.588  23.878 0.0000000000
123403  -53.504  -13.505  24.880 0.0000000000
65543  -56.339  -13.155  25.317 0.0000000000
65569  -56.200  -13.453  25.298 0.0000000000
66435  -56.520  -12.553  25.033 0.0000000000
125648  -56.324  -12.133  25.278 0.0000000000
67338  -56.069  -11.195  25.242 0.0000000000
68264  -53.616  -10.491  25.515 0.0000000000
67336  -53.097  -11.358  25.757 0.0000000000
62900  -50.506  -16.839  27.945 0.0000000000
63743  -50.600  -16.223  27.572 0.0000000000
63728  -54.339  -15.951  28.960 0.0000000000
63745  -53.632  -15.751  28.286 0.0000000000
63746  -54.636  -15.369  28.330 0.0000000000
64645  -55.043  -15.082  27.554 0.0000000000
64590  -53.783  -14.964  30.310 0.0000000000
129891  -54.206  -15.612  30.198 0.0000000000
64605  -53.782  -14.185  29.890 0.0000000000
65481  -53.834  -13.511  29.443 0.0000000000
65497  -54.427  -13.703  28.266 0.0000000000
67335  -51.927  -10.689  26.334 0.0000000000
129147  -52.361  -11.257  25.987 0.0000000000
68262  -51.882  -10.246  26.113 0.0000000000
131774  -51.102  -9.027  28.227 0.0000000000
69968  -51.451  -8.305  27.626 0.0000000000
69133  -50.571  -9.312  29.723 0.0000000000
115422  -43.544  -18.193  32.448 0.0000000000
61884  -44.854  -17.714  33.825 0.0000000000
62790  -45.764  -16.817  35.533 0.0000000000
61867  -46.275  -17.504  35.222 0.0000000000
61868  -47.198  -17.519  35.509 0.0000000000
61857  -47.259  -17.142  35.751 0.0000000000
64552  -45.228  -14.526  35.143 0.0000000000
63672  -46.849  -15.208  32.776 0.0000000000
63663  -47.072  -15.159  34.368 0.0000000000
125719  -47.432  -15.322  33.593 0.0000000000
63664  -47.853  -15.561  34.531 0.0000000000
115062  -48.335  -15.622  33.782 0.0000000000
63704  -47.671  -15.310  29.855 0.0000000000
63705  -48.550  -15.429  29.521 0.0000000000
64596  -42.533  -14.095  29.121 0.0000000000
64636  -43.612  -14.433  27.957 0.0000000000
64637  -44.449  -14.458  27.682 0.0000000000
65511  -45.502  -13.836  26.012 0.0000000000
132946  -46.144  -14.404  27.349 0.0000000000
64639  -46.712  -14.526  27.813 0.0000000000
65493  -47.790  -13.778  26.962 0.0000000000
65494  -48.505  -13.497  27.121 0.0000000000
66416  -48.552  -12.154  26.438 0.0000000000
58233  -23.737  -21.420  43.696 0.0000000000
115475  -23.739  -22.077  42.566 0.0000000000
56322  -25.007  -23.912  42.092 0.0000000000
56321  -24.341  -23.523  41.732 0.0000000000
55205  -24.976  -24.824  41.093 0.0000000000
54077  -24.716  -25.127  40.272 0.0000000000
54078  -25.235  -25.584  40.848 0.0000000000
55184  -26.288  -24.483  43.415 0.0000000000
55183  -25.956  -23.868  43.204 0.0000000000
54064  -26.137  -25.110  42.790 0.0000000000
51977  -25.849  -27.747  41.118 0.0000000000
51964  -25.811  -26.908  41.338 0.0000000000
51976  -25.545  -27.276  40.447 0.0000000000
50947  -25.628  -28.087  40.262 0.0000000000
50022  -25.393  -29.334  39.525 0.0000000000
119936  -25.697  -28.847  40.217 0.0000000000
49041  -25.697  -30.571  41.408 0.0000000000
48103  -25.310  -31.057  40.529 0.0000000000
47102  -25.423  -32.353  41.929 0.0000000000
54057  -29.910  -24.827  45.695 0.0000000000
118033  -29.087  -24.570  45.995 0.0000000000
54056  -29.271  -25.391  46.163 0.0000000000
51947  -27.244  -27.777  45.916 0.0000000000
51946  -26.419  -27.444  45.143 0.0000000000
131612  -25.896  -28.616  44.807 0.0000000000
49009  -26.536  -30.908  46.309 0.0000000000
49024  -25.724  -29.942  44.281 0.0000000000
48076  -25.850  -30.886  43.595 0.0000000000
46088  -25.566  -33.951  43.255 0.0000000000
45084  -24.901  -35.250  42.823 0.0000000000
43219  -25.732  -37.496  44.842 0.0000000000
49989  -34.486  -29.504  43.750 0.0000000000
48072  -33.850  -30.686  43.819 0.0000000000
49028  -34.379  -29.676  43.988 0.0000000000
49027  -33.170  -29.484  44.379 0.0000000000
48109  -32.254  -32.248  41.264 0.0000000000
48093  -31.863  -31.898  42.066 0.0000000000
48079  -31.496  -31.980  42.830 0.0000000000
48090  -29.116  -31.641  41.338 0.0000000000
47104  -28.728  -32.307  41.792 0.0000000000
69924  -32.428  -8.491  30.831 0.0000000000
70811  -32.014  -8.233  31.733 0.0000000000
70808  -31.667  -7.914  32.587 0.0000000000
65578  -34.333  -13.487  23.316 0.0000000000
65576  -32.567  -13.603  23.355 0.0000000000
65597  -32.956  -13.054  22.812 0.0000000000
66467  -32.582  -12.405  22.560 0.0000000000
66449  -32.224  -12.944  23.044 0.0000000000
63778  -30.746  -15.286  25.869 0.0000000000
129890  -30.480  -13.604  24.501 0.0000000000
65574  -31.107  -12.775  23.749 0.0000000000
66448  -31.642  -12.696  23.291 0.0000000000
114487  -31.389  -11.023  23.144 0.0000000000
66439  -30.675  -12.035  24.085 0.0000000000
66427  -29.515  -12.524  25.279 0.0000000000
67343  -30.415  -11.340  24.611 0.0000000000
67332  -30.414  -10.786  25.112 0.0000000000
58349  -29.275  -21.606  28.736 0.0000000000
124981  -28.682  -20.764  28.120 0.0000000000
61047  -28.233  -18.440  27.757 0.0000000000
62893  -28.273  -16.466  27.756 0.0000000000
62892  -27.757  -16.944  27.892 0.0000000000
61011  -26.681  -17.829  28.956 0.0000000000
115716  -26.928  -18.718  28.779 0.0000000000
62868  -26.631  -16.470  28.677 0.0000000000
120014  -27.176  -14.058  27.646 0.0000000000
64629  -27.212  -14.783  27.820 0.0000000000
133808  -27.639  -14.422  27.450 0.0000000000
64649  -27.712  -13.788  27.128 0.0000000000
65500  -27.719  -13.006  26.813 0.0000000000
68231  -28.668  -11.094  26.856 0.0000000000
67318  -28.415  -11.831  26.424 0.0000000000
128381  -30.192  -10.650  25.828 0.0000000000
68246  -30.475  -10.445  26.680 0.0000000000
68224  -29.892  -10.373  28.183 0.0000000000
68232  -30.796  -10.398  27.531 0.0000000000
68225  -31.096  -10.450  28.415 0.0000000000
68234  -32.530  -10.129  28.452 0.0000000000
68206  -26.883  -10.669  30.014 0.0000000000
69119  -29.274  -9.864  30.691 0.0000000000
69120  -30.373  -10.229  30.446 0.0000000000
68210  -31.685  -10.472  30.119 0.0000000000
68212  -33.318  -10.079  30.570 0.0000000000
68200  -32.515  -10.401  30.953 0.0000000000
69100  -31.046  -10.281  32.624 0.0000000000
118143  -32.672  -10.481  31.941 0.0000000000
68194  -32.729  -10.510  32.597 0.0000000000
68189  -34.159  -10.148  32.808 0.0000000000
68188  -33.491  -10.427  33.017 0.0000000000
112765  -33.436  -10.474  33.692 0.0000000000
68181  -29.170  -10.395  34.689 0.0000000000
69069  -30.090  -10.295  34.843 0.0000000000
68173  -29.503  -10.514  35.428 0.0000000000
68165  -29.055  -10.921  35.996 0.0000000000
67265  -28.454  -11.431  35.727 0.0000000000
65421  -26.962  -13.720  34.196 0.0000000000
131242  -27.140  -12.967  34.373 0.0000000000
65422  -27.430  -13.731  34.871 0.0000000000
65414  -27.761  -13.618  35.457 0.0000000000
65415  -28.291  -14.219  36.013 0.0000000000
118780  -28.445  -13.446  36.485 0.0000000000
65409  -28.666  -14.749  36.745 0.0000000000
64533  -26.658  -15.693  36.804 0.0000000000
64539  -25.090  -15.361  35.912 0.0000000000
60048  -24.651  -19.940  33.451 0.0000000000
59168  -23.776  -20.370  34.637 0.0000000000
60034  -23.703  -19.574  34.968 0.0000000000
60020  -23.343  -19.500  35.660 0.0000000000
58270  -25.023  -21.872  38.927 0.0000000000
58276  -24.324  -21.733  37.384 0.0000000000
60008  -23.245  -19.680  36.835 0.0000000000
129002  -23.284  -18.896  35.862 0.0000000000
61849  -23.807  -17.381  35.653 0.0000000000
61844  -23.217  -17.554  36.383 0.0000000000
61843  -22.798  -17.274  37.096 0.0000000000
116186  -23.003  -16.767  36.701 0.0000000000
124526  -23.004  -15.937  36.586 0.0000000000
129792  -23.420  -15.193  36.322 0.0000000000
62753  -22.501  -16.558  37.385 0.0000000000
124664  -22.420  -15.728  37.220 0.0000000000
60900  -22.673  -18.100  40.289 0.0000000000
118299  -22.509  -17.743  39.461 0.0000000000
61828  -22.147  -17.388  40.020 0.0000000000
59106  -24.949  -19.765  42.657 0.0000000000
59981  -24.516  -18.699  43.341 0.0000000000
59974  -24.160  -18.282  44.380 0.0000000000
119300  -24.639  -18.675  45.252 0.0000000000
58234  -24.362  -21.317  44.240 0.0000000000
59100  -24.444  -20.611  45.229 0.0000000000
59099  -23.823  -21.053  44.731 0.0000000000
76079  -59.782  -0.265  12.693 0.0000000000
69184  -57.813  -9.960  22.912 0.0000000000
68293  -57.712  -10.244  22.415 0.0000000000
70019  -58.192  -9.400  22.770 0.0000000000
70909  -56.211  -7.917  25.226 0.0000000000
121335  -56.522  -9.033  24.584 0.0000000000
70922  -56.532  -7.088  24.664 0.0000000000
71836  -57.658  -6.872  23.475 0.0000000000
72687  -56.784  -5.531  22.903 0.0000000000
72686  -56.036  -5.325  23.037 0.0000000000
119601  -53.787  -6.296  22.318 0.0000000000
71858  -53.675  -6.564  21.388 0.0000000000
61892  -11.228  -17.912  31.973 0.0000000000
60975  -11.209  -18.159  31.825 0.0000000000
58315  -13.104  -21.581  32.303 0.0000000000
59190  -13.472  -20.957  32.044 0.0000000000
59191  -14.243  -20.761  31.654 0.0000000000
56359  -13.325  -22.752  38.324 0.0000000000
55258  -12.426  -24.499  36.869 0.0000000000
57366  -23.109  -23.203  41.027 0.0000000000
56332  -22.773  -23.390  40.411 0.0000000000
56351  -23.149  -23.861  39.850 0.0000000000
54117  -22.755  -26.089  37.532 0.0000000000
54102  -22.493  -25.231  37.821 0.0000000000
54116  -21.744  -25.759  37.398 0.0000000000
53055  -21.279  -26.476  37.303 0.0000000000
52011  -21.690  -27.245  37.364 0.0000000000
49067  -23.086  -30.196  38.670 0.0000000000
50032  -22.672  -29.379  38.338 0.0000000000
49066  -22.059  -29.877  38.938 0.0000000000
50009  -20.916  -29.355  40.398 0.0000000000
50020  -21.347  -29.382  39.463 0.0000000000
50946  -20.749  -28.886  39.773 0.0000000000
50969  -20.695  -28.355  38.816 0.0000000000
50945  -20.337  -28.799  40.786 0.0000000000
50944  -19.851  -28.370  40.610 0.0000000000
112218  -20.064  -29.506  43.618 0.0000000000
49983  -20.155  -29.221  42.630 0.0000000000
49974  -18.991  -29.281  44.022 0.0000000000
69892  -34.673  -8.826  35.600 0.0000000000
70793  -32.064  -7.423  35.550 0.0000000000
72510  -31.647  -5.197  37.488 0.0000000000
71666  -31.566  -6.011  36.918 0.0000000000
73336  -31.186  -4.298  37.113 0.0000000000
74179  -31.301  -3.475  37.486 0.0000000000
72476  -33.484  -4.812  40.314 0.0000000000
73315  -32.674  -4.570  39.324 0.0000000000
74156  -32.851  -3.906  39.925 0.0000000000
74143  -30.745  -4.156  40.740 0.0000000000
73290  -31.636  -4.100  41.489 0.0000000000
74135  -30.862  -3.362  41.148 0.0000000000
75823  -31.173  -0.656  42.087 0.0000000000
75824  -31.801  -1.838  42.010 0.0000000000
75811  -32.294  -0.817  42.378 0.0000000000
76646  -32.991  -0.032  42.584 0.0000000000
74151  -15.291  -3.756  38.930 0.0000000000
74161  -15.025  -3.060  38.589 0.0000000000
74150  -14.533  -3.583  39.008 0.0000000000
73296  -12.996  -4.806  40.227 0.0000000000
74149  -13.236  -3.355  39.404 0.0000000000
74148  -12.142  -3.556  40.050 0.0000000000
74996  -11.791  -3.076  40.309 0.0000000000
71608  -11.830  -6.186  42.847 0.0000000000
72455  -12.758  -5.779  41.743 0.0000000000
72454  -11.070  -5.740  42.647 0.0000000000
73294  -10.134  -5.093  42.115 0.0000000000
126718  -9.830  -4.495  42.034 0.0000000000
74140  -9.672  -4.000  42.099 0.0000000000
74139  -8.987  -3.990  42.347 0.0000000000
73316  -9.145  -4.227  40.092 0.0000000000
74146  -8.797  -3.567  40.455 0.0000000000
75004  -9.138  -2.563  39.537 0.0000000000
74157  -9.345  -3.392  39.205 0.0000000000
135460  -10.888  -11.858  42.169 0.0000000000
68120  -11.065  -10.331  41.059 0.0000000000
69011  -11.182  -9.906  41.292 0.0000000000
69017  -11.239  -9.133  41.018 0.0000000000
69846  -11.226  -8.138  41.598 0.0000000000
69027  -13.699  -9.144  39.974 0.0000000000
68122  -12.754  -9.870  40.380 0.0000000000
69862  -13.374  -8.348  39.683 0.0000000000
71631  -12.728  -7.078  39.266 0.0000000000
71630  -11.829  -6.888  39.371 0.0000000000
70744  -10.954  -7.042  40.303 0.0000000000
71638  -10.923  -6.159  39.030 0.0000000000
73328  -11.800  -4.802  37.288 0.0000000000
73327  -10.931  -4.602  37.582 0.0000000000
74170  -10.539  -3.258  37.373 0.0000000000
75022  -10.654  -2.461  36.813 0.0000000000
74180  -11.029  -3.158  36.519 0.0000000000
121646  -13.014  -3.537  35.531 0.0000000000
75036  -12.354  -2.887  35.225 0.0000000000
75047  -12.979  -2.490  34.628 0.0000000000
72523  -15.792  -5.249  35.873 0.0000000000
73351  -15.303  -4.568  35.469 0.0000000000
74216  -16.006  -3.158  33.750 0.0000000000
74208  -15.432  -3.589  34.392 0.0000000000
75055  -15.505  -2.402  33.564 0.0000000000
75054  -14.674  -2.257  33.777 0.0000000000
75896  -15.145  -1.665  33.408 0.0000000000
76747  -14.837  -0.756  33.193 0.0000000000
75903  -15.767  -1.145  33.036 0.0000000000
75912  -17.733  -1.548  31.770 0.0000000000
76760  -17.350  -0.775  31.909 0.0000000000
134693  -17.569  -0.191  31.467 0.0000000000
77652  -17.392  0.472  31.367 0.0000000000
76775  -17.936  0.078  30.819 0.0000000000
77665  -18.078  0.594  29.960 0.0000000000
75076  -19.025  -2.732  29.885 0.0000000000
116614  -18.881  -2.131  29.524 0.0000000000
75083  -19.060  -2.683  28.981 0.0000000000
75090  -18.650  -2.596  28.348 0.0000000000
73424  -18.987  -4.165  28.664 0.0000000000
71701  -19.049  -6.570  31.500 0.0000000000
72553  -19.183  -5.890  31.288 0.0000000000
70817  -18.762  -7.215  30.757 0.0000000000
70834  -17.287  -7.271  29.328 0.0000000000
70835  -18.254  -6.705  29.354 0.0000000000
71727  -17.945  -6.105  28.715 0.0000000000
72593  -17.587  -5.450  28.325 0.0000000000
71742  -16.855  -6.134  28.469 0.0000000000
72592  -15.963  -5.693  28.133 0.0000000000
71741  -15.735  -6.494  28.507 0.0000000000
70831  -13.506  -7.758  29.221 0.0000000000
71723  -13.059  -7.139  28.677 0.0000000000
70830  -12.472  -7.869  29.182 0.0000000000
66364  -13.993  -12.647  35.192 0.0000000000
68169  -14.800  -11.275  35.221 0.0000000000
112199  -13.775  -12.123  34.888 0.0000000000
67271  -13.039  -11.559  34.148 0.0000000000
68175  -13.102  -11.168  34.342 0.0000000000
68182  -12.682  -10.973  34.034 0.0000000000
122287  -14.204  -10.085  33.743 0.0000000000
69082  -12.824  -10.526  33.657 0.0000000000
66385  -16.905  -12.283  30.269 0.0000000000
67285  -16.383  -11.778  30.932 0.0000000000
67291  -15.537  -11.580  30.533 0.0000000000
67289  -12.788  -11.254  30.876 0.0000000000
67281  -12.224  -10.574  32.569 0.0000000000
69093  -12.227  -10.241  32.647 0.0000000000
68197  -11.781  -10.246  32.018 0.0000000000
69103  -11.772  -9.917  32.050 0.0000000000
68204  -10.613  -10.151  30.841 0.0000000000
69115  -10.878  -9.758  31.077 0.0000000000
69114  -10.534  -9.602  30.373 0.0000000000
69937  -10.538  -8.802  29.653 0.0000000000
69124  -9.935  -9.450  29.465 0.0000000000
69128  -9.759  -9.627  28.853 0.0000000000
68213  -10.053  -10.265  29.233 0.0000000000
128765  -10.115  -12.270  27.291 0.0000000000
67305  -10.005  -12.242  26.997 0.0000000000
67312  -10.115  -11.980  26.680 0.0000000000
66413  -9.693  -12.667  26.319 0.0000000000
64607  -11.483  -14.914  27.061 0.0000000000
62917  -10.191  -16.849  25.884 0.0000000000
63767  -9.643  -15.611  25.966 0.0000000000
63788  -10.019  -15.334  25.674 0.0000000000
55211  -41.263  -24.839  40.697 0.0000000000
54083  -40.777  -25.211  41.069 0.0000000000
53037  -41.684  -26.592  39.919 0.0000000000
57335  -20.517  -22.763  42.703 0.0000000000
57364  -21.533  -22.837  40.767 0.0000000000
59085  -23.054  -20.109  46.316 0.0000000000
59958  -22.874  -19.341  46.361 0.0000000000
58215  -22.280  -20.207  46.412 0.0000000000
58214  -21.607  -21.110  46.295 0.0000000000
66453  -37.562  -12.882  23.554 0.0000000000
66472  -37.610  -12.420  22.537 0.0000000000
67377  -37.613  -11.372  21.621 0.0000000000
69202  -37.950  -9.808  21.562 0.0000000000
122421  -37.313  -10.552  21.412 0.0000000000
69201  -36.973  -9.663  21.321 0.0000000000
50940  -30.919  -28.239  41.764 0.0000000000
50036  -31.260  -29.279  38.846 0.0000000000
50975  -30.581  -28.997  38.676 0.0000000000
50957  -29.754  -28.383  39.425 0.0000000000
75285  -58.776  -1.789  10.102 0.0000000000
58282  -15.503  -21.659  36.797 0.0000000000
57402  -14.262  -22.612  36.885 0.0000000000
70803  -30.348  -7.120  33.499 0.0000000000
70802  -29.640  -6.531  33.518 0.0000000000
71687  -30.197  -6.768  34.063 0.0000000000
71683  -30.514  -6.671  34.692 0.0000000000
72538  -30.169  -5.940  35.015 0.0000000000
75026  -19.203  -2.786  36.043 0.0000000000
75879  -20.253  -2.171  35.763 0.0000000000
75869  -19.557  -1.927  35.993 0.0000000000
76711  -18.185  -0.913  36.842 0.0000000000
76699  -18.595  -0.161  37.142 0.0000000000
77551  -17.757  0.633  38.317 0.0000000000
77550  -16.692  -0.103  38.237 0.0000000000
77549  -15.991  0.000  38.832 0.0000000000
76679  -15.159  -0.356  39.165 0.0000000000
75842  -14.184  -1.540  39.045 0.0000000000
59993  -17.485  -19.650  39.725 0.0000000000
59994  -17.962  -19.215  39.342 0.0000000000
59999  -17.580  -19.718  38.900 0.0000000000
60000  -18.256  -19.135  38.553 0.0000000000
60006  -18.252  -19.317  37.721 0.0000000000
127496  -18.623  -19.109  37.082 0.0000000000
59144  -16.956  -20.439  37.055 0.0000000000
60039  -38.075  -19.209  34.429 0.0000000000
60919  -35.723  -18.154  36.609 0.0000000000
61853  -35.714  -17.213  35.314 0.0000000000
62797  -35.445  -16.722  33.761 0.0000000000
119939  -35.673  -16.441  33.193 0.0000000000
62812  -34.107  -16.742  32.196 0.0000000000
62813  -34.354  -16.895  32.771 0.0000000000
50062  -38.087  -29.147  36.912 0.0000000000
50061  -37.239  -29.325  36.585 0.0000000000
74378  -58.271  -3.670  16.246 0.0000000000
73567  -60.296  -3.804  17.351 0.0000000000
72727  -55.588  -5.233  19.300 0.0000000000
131688  -55.978  -4.385  15.198 0.0000000000
57296  -11.937  -22.248  45.833 0.0000000000
57307  -11.532  -22.637  45.329 0.0000000000
56287  -11.717  -23.130  45.221 0.0000000000
116738  -11.794  -23.829  43.882 0.0000000000
50920  -15.700  -28.756  43.645 0.0000000000
49971  -15.555  -30.103  44.290 0.0000000000
64523  -28.120  -15.887  37.734 0.0000000000
64511  -28.520  -15.243  38.487 0.0000000000
64510  -27.439  -14.819  38.243 0.0000000000
65393  -27.688  -14.385  39.244 0.0000000000
69013  -20.707  -10.099  42.055 0.0000000000
69006  -21.674  -9.957  43.003 0.0000000000
68997  -22.259  -8.870  44.019 0.0000000000
69841  -23.612  -8.335  44.288 0.0000000000
69845  -23.627  -8.225  43.935 0.0000000000
70723  -23.322  -7.918  44.465 0.0000000000
70722  -22.830  -7.666  44.972 0.0000000000
69835  -22.099  -7.293  45.520 0.0000000000
125640  -21.671  -6.853  45.647 0.0000000000
69834  -21.287  -7.443  46.054 0.0000000000
69833  -20.437  -8.240  46.277 0.0000000000
68096  -19.048  -9.646  46.387 0.0000000000
58205  -15.332  -22.120  47.935 0.0000000000
116704  -15.419  -20.970  48.142 0.0000000000
59077  -14.727  -21.273  47.183 0.0000000000
59080  -14.042  -21.214  46.293 0.0000000000
63766  -51.620  -15.079  27.178 0.0000000000
123532  -51.664  -15.700  30.719 0.0000000000
118372  -51.533  -14.598  29.579 0.0000000000
65479  -51.450  -12.624  29.269 0.0000000000
65440  -43.236  -13.871  32.730 0.0000000000
65445  -43.035  -13.927  31.704 0.0000000000
58227  -28.219  -21.704  45.256 0.0000000000
56284  -27.958  -22.733  45.950 0.0000000000
55177  -28.238  -24.234  46.057 0.0000000000
46079  -29.760  -33.770  45.086 0.0000000000
70880  -31.939  -8.115  25.856 0.0000000000
120993  -30.869  -18.757  28.830 0.0000000000
61033  -30.415  -18.278  28.531 0.0000000000
60101  -30.174  -19.090  28.363 0.0000000000
60109  -29.427  -19.027  27.873 0.0000000000
124718  -25.630  -19.744  31.025 0.0000000000
60992  -25.764  -18.642  30.984 0.0000000000
118679  -25.668  -17.005  30.816 0.0000000000
114450  -25.623  -16.157  31.361 0.0000000000
63676  -25.525  -15.149  31.360 0.0000000000
63667  -25.706  -15.492  32.239 0.0000000000
120756  -26.000  -15.284  32.991 0.0000000000
60948  -25.583  -18.515  33.442 0.0000000000
57369  -27.487  -22.665  41.138 0.0000000000
58249  -27.444  -21.488  42.510 0.0000000000
69165  -54.694  -8.824  25.615 0.0000000000
70906  -54.336  -7.349  26.268 0.0000000000
129623  -12.112  -17.381  29.893 0.0000000000
61922  -11.932  -17.776  29.955 0.0000000000
60990  -12.037  -18.118  30.194 0.0000000000
47113  -24.337  -32.497  40.379 0.0000000000
47123  -23.912  -32.081  39.790 0.0000000000
47112  -23.577  -32.752  40.331 0.0000000000
70733  -34.021  -7.547  42.420 0.0000000000
71603  -35.172  -6.256  43.045 0.0000000000
71602  -34.285  -5.904  43.005 0.0000000000
73287  -33.895  -4.132  43.067 0.0000000000
78396  -10.108  1.348  40.653 0.0000000000
78410  -11.051  1.498  40.115 0.0000000000
77531  -10.532  0.976  39.717 0.0000000000
76709  -11.305  -0.647  36.474 0.0000000000
68145  -15.989  -11.176  38.925 0.0000000000
68136  -16.287  -10.486  39.094 0.0000000000
69878  -17.120  -8.809  37.669 0.0000000000
70768  -16.923  -8.070  37.531 0.0000000000
70769  -17.402  -8.372  37.004 0.0000000000
69885  -17.759  -8.830  36.321 0.0000000000
69894  -18.068  -8.407  35.532 0.0000000000
69903  -18.180  -8.811  34.675 0.0000000000
68178  -17.012  -10.149  34.827 0.0000000000
68177  -15.881  -10.425  34.492 0.0000000000
121059  -16.109  -16.342  30.515 0.0000000000
63683  -16.282  -15.769  30.077 0.0000000000
63696  -15.419  -15.501  29.422 0.0000000000
62852  -14.665  -15.967  29.509 0.0000000000
72604  -9.289  -6.160  26.522 0.0000000000
130982  -9.574  -6.077  25.866 0.0000000000
71765  -9.244  -6.555  26.499 0.0000000000
70870  -9.460  -7.288  26.546 0.0000000000
57400  -39.196  -21.901  38.392 0.0000000000
134591  -39.625  -22.336  41.934 0.0000000000
57372  -39.734  -21.531  41.797 0.0000000000
58256  -37.425  -20.766  41.622 0.0000000000
58279  -35.284  -21.022  38.802 0.0000000000
56385  -37.783  -23.179  37.660 0.0000000000
116594  -40.175  -30.579  38.569 0.0000000000
49076  -40.945  -31.537  39.026 0.0000000000
47140  -41.383  -32.341  38.414 0.0000000000
56354  -35.923  -22.827  39.592 0.0000000000
53034  -39.203  -25.948  40.021 0.0000000000
52018  -39.177  -28.067  38.117 0.0000000000
50977  -39.869  -28.677  38.748 0.0000000000
71884  -58.197  -6.684  19.222 0.0000000000
70065  -59.885  -8.036  21.296 0.0000000000
72695  -57.972  -5.602  21.887 0.0000000000
57320  -16.977  -23.576  44.707 0.0000000000
57331  -16.923  -23.535  43.612 0.0000000000
56361  -18.589  -23.916  38.161 0.0000000000
56346  -18.654  -23.541  38.897 0.0000000000
55229  -18.250  -24.364  37.863 0.0000000000
53042  -18.014  -25.788  37.878 0.0000000000
53041  -17.416  -26.053  38.280 0.0000000000
114036  -17.831  -27.227  39.299 0.0000000000
128856  -19.152  -28.191  40.771 0.0000000000
114915  -21.722  -16.381  38.814 0.0000000000
129275  -21.447  -15.686  38.455 0.0000000000
63619  -21.172  -15.940  39.091 0.0000000000
62745  -20.816  -16.155  39.779 0.0000000000
63618  -20.555  -15.440  39.299 0.0000000000
61819  -19.872  -17.131  41.616 0.0000000000
62736  -19.403  -16.470  41.579 0.0000000000
63609  -18.997  -15.219  41.283 0.0000000000
65369  -18.584  -13.321  41.111 0.0000000000
118925  -18.482  -14.912  42.041 0.0000000000
64479  -18.209  -14.379  42.579 0.0000000000
64477  -18.082  -14.352  43.455 0.0000000000
63605  -18.317  -15.745  43.427 0.0000000000
61808  -18.342  -17.252  44.586 0.0000000000
57302  -19.673  -22.841  46.899 0.0000000000
58211  -19.222  -22.475  47.040 0.0000000000
57301  -18.813  -22.977  47.040 0.0000000000
58208  -18.079  -22.457  47.222 0.0000000000
58207  -17.059  -22.300  47.727 0.0000000000
61918  -48.057  -18.027  31.948 0.0000000000
60986  -49.037  -18.376  32.081 0.0000000000
117622  -49.464  -18.284  33.066 0.0000000000
60971  -50.198  -18.496  33.759 0.0000000000
60954  -51.211  -18.329  33.666 0.0000000000
61891  -51.491  -17.923  33.609 0.0000000000
61890  -50.961  -18.065  34.102 0.0000000000
62817  -49.670  -16.240  33.056 0.0000000000
133811  -39.981  -13.395  28.096 0.0000000000
65489  -40.524  -13.585  27.966 0.0000000000
65528  -40.442  -13.667  25.191 0.0000000000
66475  -40.298  -12.178  22.585 0.0000000000
67368  -40.572  -11.656  22.505 0.0000000000
68290  -41.277  -11.311  22.727 0.0000000000
54066  -29.657  -25.409  43.315 0.0000000000
51953  -32.101  -27.235  45.354 0.0000000000
51950  -31.847  -27.101  45.609 0.0000000000
50909  -31.703  -27.745  45.616 0.0000000000
54187  -29.856  -25.316  31.581 0.0000000000
53111  -29.018  -26.552  32.634 0.0000000000
53078  -28.179  -26.869  35.356 0.0000000000
53089  -28.164  -26.743  34.395 0.0000000000
53088  -27.478  -26.257  34.269 0.0000000000
54157  -27.046  -25.800  33.555 0.0000000000
54168  -26.432  -25.209  33.313 0.0000000000
55295  -25.971  -24.671  32.634 0.0000000000
55285  -25.956  -24.721  33.730 0.0000000000
55277  -25.526  -24.180  34.349 0.0000000000
56407  -24.980  -23.537  34.038 0.0000000000
53033  -28.221  -26.630  39.618 0.0000000000
54093  -27.966  -25.789  39.977 0.0000000000
54079  -27.930  -24.937  40.263 0.0000000000
55206  -27.931  -24.279  40.503 0.0000000000
71749  -52.188  -4.819  28.930 0.0000000000
122048  -15.071  -18.768  32.846 0.0000000000
125049  -14.045  -18.880  33.051 0.0000000000
60043  -13.180  -19.225  33.504 0.0000000000
58291  -12.886  -21.975  34.720 0.0000000000
58290  -11.817  -21.708  34.483 0.0000000000
72520  -28.155  -5.817  36.895 0.0000000000
72494  -28.828  -5.147  38.188 0.0000000000
72507  -27.929  -5.180  37.083 0.0000000000
73333  -27.003  -4.309  37.061 0.0000000000
74176  -26.406  -3.798  37.302 0.0000000000
118500  -22.531  -1.517  38.236 0.0000000000
114157  -23.135  -1.908  38.099 0.0000000000
75853  -22.941  -1.571  38.958 0.0000000000
133447  -22.948  -1.446  39.652 0.0000000000
76682  -22.924  -1.302  40.430 0.0000000000
76672  -23.280  -1.339  41.934 0.0000000000
76671  -22.454  -0.890  41.120 0.0000000000
130860  -22.429  -0.534  42.989 0.0000000000
78386  -17.459  1.537  41.463 0.0000000000
113108  -17.268  1.510  42.734 0.0000000000
78362  -13.756  0.790  45.711 0.0000000000
77485  -11.840  0.288  43.991 0.0000000000
76639  -11.261  -0.309  43.550 0.0000000000
76638  -10.104  -0.431  44.037 0.0000000000
76634  -9.995  0.178  44.238 0.0000000000
77483  -9.357  0.590  43.641 0.0000000000
76637  -9.343  -0.381  43.934 0.0000000000
76636  -8.873  -1.060  43.493 0.0000000000
74972  -8.579  -2.051  43.035 0.0000000000
65358  -15.281  -13.469  42.577 0.0000000000
66311  -14.414  -13.278  42.450 0.0000000000
65367  -15.212  -13.726  41.650 0.0000000000
64507  -16.722  -14.590  39.008 0.0000000000
64505  -14.660  -15.033  38.208 0.0000000000
64504  -14.354  -14.895  37.702 0.0000000000
64515  -14.986  -14.765  37.100 0.0000000000
64535  -14.832  -14.322  36.366 0.0000000000
64536  -16.201  -14.298  36.061 0.0000000000
60931  -18.624  -18.705  34.408 0.0000000000
61858  -19.185  -17.961  33.990 0.0000000000
61873  -18.863  -17.795  33.331 0.0000000000
61872  -18.293  -18.016  32.928 0.0000000000
61897  -18.070  -17.490  32.328 0.0000000000
60962  -17.609  -18.090  32.594 0.0000000000
60961  -16.824  -18.378  32.564 0.0000000000
74269  -14.458  -3.633  27.425 0.0000000000
73436  -13.926  -4.366  27.485 0.0000000000
73420  -14.286  -5.146  27.662 0.0000000000
61880  -41.167  -17.423  33.596 0.0000000000
131186  -41.760  -14.082  36.675 0.0000000000
60914  -39.134  -17.184  38.760 0.0000000000
127438  -39.139  -16.909  39.862 0.0000000000
61841  -39.060  -16.150  39.227 0.0000000000
130583  -39.458  -15.458  38.730 0.0000000000
62771  -37.586  -15.664  36.028 0.0000000000
63662  -39.310  -14.824  34.079 0.0000000000
117032  -39.512  -14.548  31.046 0.0000000000
62861  -36.693  -16.447  29.789 0.0000000000
63741  -37.276  -15.525  28.175 0.0000000000
64632  -37.022  -14.837  27.034 0.0000000000
49060  -34.095  -30.296  40.427 0.0000000000
46109  -37.530  -33.926  42.263 0.0000000000
46114  -35.260  -33.962  40.238 0.0000000000
47137  -34.441  -33.320  39.360 0.0000000000
64683  -35.540  -14.578  25.396 0.0000000000
62897  -34.217  -16.426  27.655 0.0000000000
61916  -32.966  -16.826  31.226 0.0000000000
60978  -32.616  -17.617  31.151 0.0000000000
60995  -32.240  -17.741  30.522 0.0000000000
60080  -32.302  -18.675  30.827 0.0000000000
57397  -33.959  -22.357  37.220 0.0000000000
58285  -33.725  -21.574  36.258 0.0000000000
57405  -33.538  -22.664  36.624 0.0000000000
53070  -34.981  -26.162  36.031 0.0000000000
54129  -34.111  -24.997  36.097 0.0000000000
56416  -32.014  -23.009  33.825 0.0000000000
55279  -32.490  -24.350  34.345 0.0000000000
122874  -32.142  -24.955  33.634 0.0000000000
49097  -34.786  -30.192  37.355 0.0000000000
74410  -59.012  -3.263  12.929 0.0000000000
76034  -60.323  -1.075  17.711 0.0000000000
77776  -58.742  1.088  17.837 0.0000000000
77775  -57.703  1.041  17.804 0.0000000000
72729  -60.655  -4.631  18.987 0.0000000000
73525  -60.661  -4.037  18.679 0.0000000000
73547  -55.153  -4.185  17.676 0.0000000000
120906  -57.118  -5.080  13.322 0.0000000000
72791  -58.589  -5.507  11.429 0.0000000000
58250  -13.345  -21.433  40.686 0.0000000000
58259  -13.024  -21.797  40.208 0.0000000000
129570  -12.593  -21.717  40.799 0.0000000000
58244  -12.048  -21.810  41.176 0.0000000000
133621  -11.306  -22.337  41.022 0.0000000000
55187  -9.219  -24.635  42.982 0.0000000000
55193  -8.923  -24.651  42.296 0.0000000000
53009  -8.888  -26.082  42.114 0.0000000000
53016  -9.216  -26.595  41.412 0.0000000000
51968  -9.757  -28.148  41.128 0.0000000000
50943  -10.519  -29.276  41.226 0.0000000000
128398  -11.467  -29.354  40.499 0.0000000000
56328  -14.201  -24.037  40.568 0.0000000000
56327  -13.518  -23.948  41.367 0.0000000000
55202  -14.095  -24.740  40.013 0.0000000000
54086  -13.731  -25.379  40.086 0.0000000000
49981  -14.084  -29.676  44.085 0.0000000000
50931  -13.507  -29.108  43.538 0.0000000000
49994  -13.601  -29.777  42.972 0.0000000000
69064  -31.507  -10.305  35.815 0.0000000000
69065  -32.718  -10.311  36.065 0.0000000000
68168  -31.588  -10.360  36.638 0.0000000000
126309  -31.555  -14.139  41.827 0.0000000000
127558  -32.226  -13.399  41.653 0.0000000000
66331  -33.055  -12.906  42.461 0.0000000000
67231  -34.116  -11.939  42.286 0.0000000000
68131  -34.256  -11.593  42.150 0.0000000000
122864  -33.725  -12.106  42.577 0.0000000000
68130  -33.195  -12.103  42.619 0.0000000000
68142  -32.014  -10.900  41.120 0.0000000000
133765  -23.688  -12.203  38.972 0.0000000000
66339  -25.385  -12.644  39.662 0.0000000000
66338  -24.667  -12.285  39.968 0.0000000000
66325  -26.111  -12.494  42.607 0.0000000000
68127  -26.109  -10.411  41.794 0.0000000000
68119  -26.524  -11.082  42.795 0.0000000000
68128  -26.602  -10.761  41.638 0.0000000000
68138  -26.823  -10.891  40.487 0.0000000000
67246  -27.854  -11.263  39.496 0.0000000000
68148  -27.636  -10.750  38.650 0.0000000000
68159  -28.471  -10.086  37.795 0.0000000000
69054  -28.572  -9.291  37.229 0.0000000000
69053  -27.772  -9.697  37.227 0.0000000000
69062  -27.018  -9.316  36.614 0.0000000000
69889  -26.430  -8.710  35.966 0.0000000000
70761  -22.214  -7.876  39.170 0.0000000000
117873  -22.291  -7.724  38.336 0.0000000000
119470  -21.701  -7.287  37.871 0.0000000000
70770  -21.838  -7.099  37.072 0.0000000000
71661  -21.578  -6.588  36.329 0.0000000000
72517  -21.078  -5.826  35.864 0.0000000000
71660  -20.742  -6.160  36.735 0.0000000000
134343  -19.883  -5.940  37.731 0.0000000000
72492  -18.568  -5.280  38.652 0.0000000000
73313  -17.975  -4.961  39.019 0.0000000000
72481  -18.422  -5.507  39.421 0.0000000000
72472  -18.278  -5.778  40.290 0.0000000000
72460  -17.830  -5.864  41.064 0.0000000000
70712  -18.753  -6.711  45.673 0.0000000000
71580  -18.272  -6.700  44.440 0.0000000000
70705  -18.055  -7.286  46.369 0.0000000000
70704  -16.764  -7.608  45.756 0.0000000000
125760  -15.473  -7.800  45.322 0.0000000000
68987  -15.299  -8.839  47.205 0.0000000000
119184  -17.815  -14.398  45.290 0.0000000000
65348  -17.798  -13.651  45.871 0.0000000000
113822  -18.004  -13.881  47.389 0.0000000000
61805  -16.132  -16.258  47.925 0.0000000000
63598  -16.937  -15.177  48.583 0.0000000000
116310  -16.222  -15.213  48.072 0.0000000000
64470  -16.093  -15.093  47.785 0.0000000000
126736  -15.809  -14.859  48.790 0.0000000000
65346  -15.263  -13.335  45.764 0.0000000000
65350  -15.661  -13.860  45.119 0.0000000000
63601  -15.994  -15.336  44.404 0.0000000000
62728  -16.135  -16.057  43.871 0.0000000000
121570  -14.519  -19.983  43.193 0.0000000000
59978  -15.403  -19.702  42.502 0.0000000000
59983  -15.674  -20.045  41.733 0.0000000000
65592  -54.711  -12.972  23.885 0.0000000000
65542  -56.122  -13.623  25.867 0.0000000000
62879  -51.490  -16.984  28.688 0.0000000000
63726  -52.231  -16.606  28.728 0.0000000000
62881  -53.971  -16.356  29.549 0.0000000000
66395  -53.248  -12.042  30.261 0.0000000000
66418  -52.759  -11.930  27.400 0.0000000000
68251  -51.508  -9.991  27.113 0.0000000000
69967  -50.986  -8.619  28.744 0.0000000000
62805  -44.319  -17.273  34.636 0.0000000000
64572  -45.586  -14.673  32.745 0.0000000000
63679  -47.065  -15.306  31.785 0.0000000000
63680  -47.993  -15.605  31.730 0.0000000000
65508  -42.545  -14.203  26.552 0.0000000000
64656  -43.039  -14.325  27.343 0.0000000000
129815  -43.335  -14.284  26.644 0.0000000000
65509  -43.976  -14.232  26.282 0.0000000000
57339  -24.330  -22.233  42.693 0.0000000000
57326  -24.697  -21.851  43.521 0.0000000000
57340  -25.100  -22.690  43.092 0.0000000000
114148  -26.280  -25.928  43.026 0.0000000000
51965  -26.086  -27.443  42.031 0.0000000000
50948  -25.856  -29.043  41.077 0.0000000000
48089  -25.785  -30.830  42.418 0.0000000000
53000  -29.531  -26.191  46.210 0.0000000000
47077  -26.904  -32.572  46.352 0.0000000000
48054  -26.413  -31.743  46.153 0.0000000000
47081  -26.443  -32.737  45.952 0.0000000000
115137  -26.063  -32.421  44.900 0.0000000000
47093  -25.897  -32.610  43.947 0.0000000000
44118  -25.496  -36.133  44.457 0.0000000000
44104  -25.990  -36.690  45.101 0.0000000000
49029  -34.952  -30.041  43.647 0.0000000000
48082  -34.288  -31.556  43.360 0.0000000000
70819  -29.534  -7.332  30.642 0.0000000000
70820  -30.377  -7.698  30.364 0.0000000000
113098  -33.408  -9.205  30.681 0.0000000000
64701  -33.471  -14.683  24.234 0.0000000000
64700  -32.628  -14.762  24.251 0.0000000000
64652  -29.928  -14.951  26.105 0.0000000000
65522  -30.088  -13.972  24.926 0.0000000000
65548  -29.989  -13.104  24.800 0.0000000000
57470  -28.036  -22.052  28.577 0.0000000000
58348  -28.490  -21.464  28.411 0.0000000000
58347  -27.824  -21.480  28.432 0.0000000000
59226  -27.835  -20.155  28.003 0.0000000000
61031  -27.550  -18.605  28.131 0.0000000000
64593  -26.138  -14.822  28.805 0.0000000000
63716  -26.400  -15.707  28.718 0.0000000000
65484  -26.662  -13.547  27.954 0.0000000000
67317  -27.802  -12.244  26.811 0.0000000000
66407  -27.361  -12.582  27.244 0.0000000000
124122  -28.576  -10.764  27.548 0.0000000000
113339  -29.494  -10.544  27.307 0.0000000000
112060  -29.160  -10.259  28.854 0.0000000000
68198  -26.794  -10.624  31.466 0.0000000000
131502  -26.922  -10.460  30.749 0.0000000000
126161  -27.447  -10.034  31.219 0.0000000000
69109  -29.046  -9.744  31.533 0.0000000000
69110  -30.176  -10.081  31.376 0.0000000000
128245  -30.418  -10.134  32.132 0.0000000000
112495  -29.920  -10.022  32.781 0.0000000000
69089  -30.852  -10.290  33.381 0.0000000000
69088  -29.817  -10.173  33.614 0.0000000000
69076  -28.996  -10.230  33.947 0.0000000000
67269  -28.059  -11.270  34.995 0.0000000000
128842  -27.579  -16.006  34.822 0.0000000000
119003  -28.112  -16.005  35.504 0.0000000000
63641  -28.321  -16.209  36.382 0.0000000000
63639  -25.745  -16.507  35.624 0.0000000000
57414  -24.267  -22.337  35.059 0.0000000000
116685  -23.928  -21.676  34.825 0.0000000000
58296  -23.893  -21.769  35.656 0.0000000000
58283  -23.420  -20.919  36.001 0.0000000000
58261  -24.690  -21.313  39.291 0.0000000000
58268  -23.874  -21.013  37.823 0.0000000000
134575  -23.306  -19.796  37.613 0.0000000000
60007  -23.035  -19.019  37.597 0.0000000000
60912  -22.766  -18.160  38.119 0.0000000000
61834  -22.484  -17.529  38.671 0.0000000000
131840  -22.759  -18.108  38.873 0.0000000000
60901  -23.269  -18.917  40.041 0.0000000000
59102  -26.864  -19.880  44.411 0.0000000000
59101  -26.212  -19.465  44.102 0.0000000000
59977  -26.367  -19.405  44.957 0.0000000000
59968  -25.840  -19.161  45.215 0.0000000000
59087  -25.421  -19.276  45.461 0.0000000000
59967  -25.267  -18.856  45.311 0.0000000000
67371  -56.487  -11.353  23.057 0.0000000000
68283  -56.752  -11.010  23.395 0.0000000000
71820  -55.328  -5.643  25.433 0.0000000000
71821  -56.129  -5.992  24.977 0.0000000000
72677  -55.795  -5.126  23.806 0.0000000000
72685  -55.217  -5.404  23.095 0.0000000000
60055  -10.532  -19.263  32.432 0.0000000000
60062  -11.137  -18.994  31.950 0.0000000000
59180  -11.522  -20.210  32.303 0.0000000000
113265  -11.949  -23.815  39.014 0.0000000000
55226  -12.243  -23.967  38.325 0.0000000000
55243  -11.853  -25.095  37.618 0.0000000000
55218  -24.139  -24.738  39.733 0.0000000000
55217  -23.468  -24.438  39.356 0.0000000000
54089  -23.820  -25.093  38.852 0.0000000000
53057  -23.071  -26.910  37.403 0.0000000000
52012  -22.537  -27.424  37.387 0.0000000000
48099  -21.792  -31.146  40.614 0.0000000000
117431  -21.805  -30.647  40.025 0.0000000000
49048  -21.380  -30.283  40.824 0.0000000000
49998  -21.005  -29.887  41.576 0.0000000000
114463  -20.598  -29.505  42.115 0.0000000000
49032  -20.563  -30.046  43.472 0.0000000000
49023  -20.520  -30.531  44.296 0.0000000000
70776  -33.258  -7.402  37.351 0.0000000000
71667  -32.350  -6.845  37.122 0.0000000000
72511  -32.312  -5.689  38.079 0.0000000000
72497  -32.046  -4.935  38.123 0.0000000000
124749  -33.667  -2.892  40.892 0.0000000000
74141  -29.383  -2.940  40.316 0.0000000000
74979  -30.887  -2.413  41.505 0.0000000000
74978  -30.119  -1.689  41.555 0.0000000000
75822  -30.194  -0.617  42.027 0.0000000000
76663  -30.522  0.171  42.242 0.0000000000
78454  -12.354  0.667  34.810 0.0000000000
119526  -11.211  0.438  33.049 0.0000000000
73298  -15.252  -4.781  40.016 0.0000000000
73309  -14.787  -4.248  39.424 0.0000000000
73297  -14.180  -4.802  39.975 0.0000000000
72453  -10.157  -5.746  42.760 0.0000000000
118075  -9.494  -5.000  42.272 0.0000000000
72488  -9.844  -5.343  39.816 0.0000000000
67198  -10.037  -12.616  41.643 0.0000000000
69018  -11.558  -9.450  40.711 0.0000000000
70747  -14.141  -7.786  39.248 0.0000000000
70755  -13.683  -7.012  38.920 0.0000000000
114542  -12.788  -6.560  38.874 0.0000000000
72490  -11.613  -5.788  38.389 0.0000000000
72500  -12.250  -5.329  37.736 0.0000000000
73338  -12.223  -4.396  36.669 0.0000000000
74181  -11.667  -3.780  36.361 0.0000000000
74182  -12.626  -4.004  36.081 0.0000000000
73349  -13.547  -4.123  35.864 0.0000000000
73363  -16.531  -4.685  34.636 0.0000000000
73362  -15.708  -4.262  34.815 0.0000000000
73371  -16.902  -4.327  33.966 0.0000000000
74217  -16.742  -3.707  33.624 0.0000000000
75057  -16.785  -3.033  33.173 0.0000000000
75904  -16.381  -1.637  32.863 0.0000000000
75063  -16.889  -2.285  32.735 0.0000000000
118156  -17.447  -2.122  32.238 0.0000000000
75913  -18.369  -1.748  31.126 0.0000000000
117477  -18.722  -2.702  30.949 0.0000000000
74240  -19.144  -3.543  30.225 0.0000000000
69921  -18.245  -7.985  31.072 0.0000000000
135344  -17.502  -8.132  30.552 0.0000000000
119898  -16.431  -7.451  29.245 0.0000000000
129729  -15.884  -7.201  28.877 0.0000000000
70833  -15.588  -7.731  29.402 0.0000000000
69941  -14.873  -8.177  29.792 0.0000000000
69940  -13.893  -8.342  29.949 0.0000000000
66366  -15.727  -12.866  34.213 0.0000000000
66368  -13.676  -12.143  34.512 0.0000000000
66369  -14.855  -12.463  33.875 0.0000000000
66374  -15.379  -12.131  32.962 0.0000000000
67277  -14.625  -11.730  32.519 0.0000000000
67297  -14.864  -11.839  29.194 0.0000000000
124993  -14.790  -11.533  30.195 0.0000000000
115071  -13.911  -11.527  29.956 0.0000000000
112421  -11.714  -11.122  30.686 0.0000000000
129180  -11.388  -10.585  31.476 0.0000000000
67295  -10.955  -11.152  29.921 0.0000000000
68214  -10.494  -10.612  30.090 0.0000000000
67294  -10.441  -11.092  28.888 0.0000000000
112180  -10.435  -11.981  27.993 0.0000000000
65465  -10.214  -12.837  27.265 0.0000000000
63731  -10.750  -15.867  26.620 0.0000000000
62883  -10.889  -16.929  26.601 0.0000000000
115675  -10.533  -17.201  26.038 0.0000000000
130604  -11.183  -17.177  26.041 0.0000000000
55239  -39.747  -23.521  38.524 0.0000000000
56374  -40.451  -22.996  39.459 0.0000000000
55241  -41.204  -24.175  39.706 0.0000000000
49090  -42.080  -30.973  37.990 0.0000000000
56356  -37.324  -23.502  41.094 0.0000000000
55222  -38.546  -24.703  40.901 0.0000000000
54096  -39.731  -25.492  40.972 0.0000000000
53023  -40.874  -26.047  40.683 0.0000000000
53022  -40.374  -25.710  40.887 0.0000000000
51993  -40.979  -27.775  40.422 0.0000000000
50960  -41.328  -28.765  40.112 0.0000000000
70063  -58.190  -8.775  21.068 0.0000000000
69213  -56.548  -9.161  21.021 0.0000000000
121969  -58.927  -9.030  21.696 0.0000000000
70049  -59.361  -8.637  21.804 0.0000000000
57333  -18.424  -23.306  42.647 0.0000000000
112973  -19.231  -23.254  43.131 0.0000000000
114633  -19.028  -23.139  42.030 0.0000000000
132727  -20.125  -22.782  41.441 0.0000000000
57362  -19.812  -22.924  40.744 0.0000000000
133577  -19.080  -23.327  39.464 0.0000000000
56362  -19.323  -23.746  38.323 0.0000000000
55246  -19.823  -24.551  37.578 0.0000000000
54114  -19.852  -25.656  37.367 0.0000000000
60890  -22.111  -17.901  42.292 0.0000000000
60885  -21.954  -18.041  43.093 0.0000000000
60884  -20.931  -18.220  42.927 0.0000000000
60879  -21.317  -18.605  44.117 0.0000000000
60877  -19.615  -18.665  43.651 0.0000000000
59092  -19.868  -20.628  46.206 0.0000000000
58212  -20.100  -21.943  46.774 0.0000000000
58213  -20.786  -21.555  46.375 0.0000000000
57313  -19.891  -23.082  46.069 0.0000000000
127588  -47.833  -17.837  33.016 0.0000000000
61907  -48.527  -18.111  34.151 0.0000000000
61887  -48.365  -18.003  34.965 0.0000000000
65526  -38.772  -13.368  25.273 0.0000000000
65527  -39.553  -13.495  25.263 0.0000000000
124544  -39.088  -12.595  22.823 0.0000000000
66454  -38.346  -12.712  23.087 0.0000000000
66474  -39.448  -12.186  22.429 0.0000000000
68288  -39.607  -10.626  22.063 0.0000000000
70012  -39.553  -8.406  23.143 0.0000000000
70041  -38.088  -9.009  21.872 0.0000000000
129940  -31.478  -27.695  42.908 0.0000000000
50917  -32.408  -27.502  44.935 0.0000000000
51026  -30.641  -28.279  35.929 0.0000000000
52036  -30.145  -27.861  35.363 0.0000000000
52024  -29.806  -28.091  36.126 0.0000000000
52023  -29.392  -28.109  36.894 0.0000000000
52034  -28.638  -27.297  35.708 0.0000000000
53069  -28.212  -26.969  36.220 0.0000000000
53059  -27.765  -26.460  36.999 0.0000000000
53048  -28.145  -26.839  38.666 0.0000000000
51966  -29.039  -26.917  41.075 0.0000000000
76988  -59.700  -0.070  9.197 0.0000000000
76113  -57.215  -1.351  9.416 0.0000000000
76972  -57.184  -0.749  8.934 0.0000000000
60031  -16.505  -20.056  34.227 0.0000000000
60030  -14.923  -20.246  33.926 0.0000000000
126242  -15.759  -20.562  34.355 0.0000000000
121146  -15.178  -20.875  34.475 0.0000000000
58292  -14.144  -21.461  34.735 0.0000000000
58294  -15.359  -21.651  35.694 0.0000000000
58293  -14.644  -22.004  35.405 0.0000000000
57410  -12.525  -22.688  34.666 0.0000000000
119482  -12.227  -23.297  34.597 0.0000000000
73357  -24.390  -4.399  34.954 0.0000000000
74200  -24.857  -3.916  35.702 0.0000000000
74199  -24.027  -3.652  35.474 0.0000000000
74185  -23.524  -3.109  35.955 0.0000000000
75872  -22.370  -2.119  36.741 0.0000000000
75880  -20.883  -2.076  35.850 0.0000000000
75871  -21.644  -2.008  36.215 0.0000000000
75860  -21.629  -1.467  36.975 0.0000000000
77554  -20.984  -0.292  38.860 0.0000000000
121370  -20.394  0.230  39.159 0.0000000000
77537  -20.357  0.564  40.111 0.0000000000
78417  -19.525  1.089  39.985 0.0000000000
115443  -18.889  1.351  39.938 0.0000000000
78400  -17.584  1.423  40.368 0.0000000000
78428  -17.691  0.914  38.907 0.0000000000
78414  -17.332  1.037  39.451 0.0000000000
115246  -16.771  1.335  40.831 0.0000000000
78385  -16.652  1.264  41.793 0.0000000000
78384  -15.922  0.939  42.190 0.0000000000
77488  -15.230  0.632  42.773 0.0000000000
77499  -13.337  0.083  42.082 0.0000000000
76669  -13.890  -0.302  40.246 0.0000000000
76668  -13.170  -0.263  41.025 0.0000000000
76654  -12.636  -0.288  41.766 0.0000000000
75828  -11.003  -2.303  41.625 0.0000000000
62734  -16.821  -16.465  41.223 0.0000000000
133393  -16.887  -15.874  40.744 0.0000000000
62739  -17.358  -16.503  40.462 0.0000000000
62743  -17.728  -16.081  39.692 0.0000000000
130762  -18.184  -16.404  39.273 0.0000000000
133495  -18.000  -15.807  39.132 0.0000000000
63616  -18.487  -16.130  38.685 0.0000000000
63623  -18.520  -15.537  38.073 0.0000000000
130950  -18.960  -15.766  37.633 0.0000000000
63624  -19.217  -15.741  36.947 0.0000000000
62757  -19.543  -16.529  36.619 0.0000000000
61842  -19.635  -17.328  36.205 0.0000000000
60922  -19.405  -18.093  35.632 0.0000000000
60010  -18.416  -19.345  36.262 0.0000000000
60915  -19.040  -18.712  36.363 0.0000000000
60921  -18.770  -18.928  35.385 0.0000000000
60033  -18.087  -19.361  34.836 0.0000000000
60032  -17.355  -19.705  34.476 0.0000000000
61865  -39.858  -16.595  35.407 0.0000000000
129574  -37.675  -16.717  39.767 0.0000000000
61835  -37.612  -16.345  39.010 0.0000000000
61854  -36.267  -16.870  36.020 0.0000000000
132519  -36.832  -16.197  35.704 0.0000000000
62799  -37.166  -16.327  34.127 0.0000000000
63669  -37.499  -16.193  32.183 0.0000000000
62829  -36.902  -16.429  31.441 0.0000000000
62828  -35.910  -16.491  31.642 0.0000000000
62845  -36.352  -16.545  30.777 0.0000000000
113787  -35.850  -16.612  30.242 0.0000000000
62860  -35.805  -16.618  29.480 0.0000000000
112328  -35.504  -30.885  39.703 0.0000000000
47130  -38.129  -33.189  41.367 0.0000000000
112801  -34.919  -16.639  29.186 0.0000000000
62859  -34.059  -16.407  30.366 0.0000000000
62825  -33.606  -16.819  31.754 0.0000000000
60979  -33.147  -17.629  31.847 0.0000000000
54120  -35.629  -25.147  37.505 0.0000000000
54132  -36.044  -25.851  37.024 0.0000000000
53071  -35.645  -26.440  36.342 0.0000000000
52026  -36.577  -27.610  36.343 0.0000000000
53081  -35.208  -27.086  35.733 0.0000000000
52040  -34.558  -27.571  35.507 0.0000000000
49098  -35.416  -30.101  36.800 0.0000000000
76019  -59.899  -0.949  18.312 0.0000000000
73521  -56.524  -4.418  18.637 0.0000000000
72773  -56.070  -5.024  14.027 0.0000000000
73592  -56.864  -4.771  13.814 0.0000000000
73589  -57.445  -4.181  14.170 0.0000000000
131771  -12.229  -21.438  43.136 0.0000000000
58238  -11.696  -21.691  42.674 0.0000000000
58228  -10.950  -22.187  43.356 0.0000000000
56294  -10.024  -23.415  43.467 0.0000000000
54063  -9.399  -25.228  42.903 0.0000000000
54068  -9.585  -25.922  42.537 0.0000000000
121331  -9.524  -26.801  42.168 0.0000000000
51984  -15.730  -26.954  39.731 0.0000000000
51983  -14.957  -26.825  39.939 0.0000000000
51971  -15.261  -27.385  40.680 0.0000000000
50919  -14.543  -29.678  44.359 0.0000000000
66357  -29.910  -12.405  38.104 0.0000000000
66348  -29.999  -13.382  38.764 0.0000000000
64512  -29.088  -15.147  38.905 0.0000000000
64513  -29.602  -14.731  39.619 0.0000000000
65387  -30.588  -14.488  40.737 0.0000000000
64503  -31.027  -14.786  42.044 0.0000000000
64493  -31.080  -14.924  42.879 0.0000000000
65373  -30.666  -14.721  43.363 0.0000000000
67222  -22.360  -11.334  40.869 0.0000000000
127872  -23.180  -11.210  41.874 0.0000000000
67210  -23.793  -11.124  43.005 0.0000000000
68110  -24.973  -10.549  43.609 0.0000000000
68107  -22.398  -10.399  42.890 0.0000000000
68109  -24.173  -10.211  43.603 0.0000000000
69010  -25.104  -10.159  43.489 0.0000000000
69022  -25.182  -9.634  41.837 0.0000000000
117451  -25.454  -9.903  40.844 0.0000000000
131520  -24.963  -9.578  39.887 0.0000000000
69039  -24.878  -9.433  38.894 0.0000000000
69867  -24.382  -9.151  39.715 0.0000000000
69866  -23.602  -8.633  39.476 0.0000000000
69865  -22.816  -8.237  39.745 0.0000000000
69848  -23.410  -8.262  42.597 0.0000000000
69854  -22.713  -8.279  40.887 0.0000000000
70750  -22.221  -7.939  39.958 0.0000000000
70749  -21.605  -7.622  39.615 0.0000000000
70738  -20.991  -7.392  40.179 0.0000000000
71615  -19.901  -6.947  41.296 0.0000000000
70730  -19.682  -6.903  42.108 0.0000000000
71591  -20.065  -6.423  44.576 0.0000000000
71583  -21.048  -6.649  45.815 0.0000000000
71582  -20.373  -6.364  45.575 0.0000000000
71578  -19.826  -6.395  46.247 0.0000000000
70706  -19.330  -6.873  46.989 0.0000000000
68983  -18.195  -8.571  48.216 0.0000000000
60862  -17.223  -17.876  49.916 0.0000000000
61799  -16.867  -17.261  49.872 0.0000000000
61801  -16.102  -17.286  49.222 0.0000000000
59954  -15.540  -19.651  48.121 0.0000000000
61804  -15.892  -16.938  48.111 0.0000000000
60866  -15.688  -17.555  46.401 0.0000000000
123123  -15.799  -17.198  45.775 0.0000000000
116343  -15.913  -17.399  44.598 0.0000000000
59090  -14.186  -20.289  45.291 0.0000000000
129100  -52.542  -13.438  24.993 0.0000000000
65539  -53.218  -13.880  25.544 0.0000000000
64690  -54.377  -14.530  26.244 0.0000000000
61921  -53.633  -16.671  31.408 0.0000000000
62849  -53.964  -16.328  30.821 0.0000000000
64604  -53.328  -13.724  30.180 0.0000000000
66394  -52.757  -11.493  30.426 0.0000000000
66402  -52.195  -10.697  30.685 0.0000000000
67309  -51.202  -9.900  29.912 0.0000000000
64562  -44.571  -14.084  34.760 0.0000000000
64570  -43.892  -14.034  33.113 0.0000000000
114569  -45.032  -14.493  32.878 0.0000000000
64580  -45.217  -14.559  31.975 0.0000000000
64600  -45.571  -14.704  29.842 0.0000000000
66441  -44.021  -12.691  24.152 0.0000000000
58217  -26.840  -21.165  45.574 0.0000000000
57328  -26.391  -22.814  44.787 0.0000000000
116513  -26.793  -24.480  44.600 0.0000000000
53005  -26.493  -26.245  43.953 0.0000000000
51951  -26.133  -27.209  44.130 0.0000000000
49010  -27.611  -30.985  46.392 0.0000000000
124121  -28.917  -33.290  45.716 0.0000000000
47078  -27.888  -32.458  46.204 0.0000000000
46072  -26.860  -33.487  46.262 0.0000000000
44094  -26.933  -35.826  45.587 0.0000000000
47119  -33.859  -33.067  41.138 0.0000000000
47126  -31.958  -31.897  39.047 0.0000000000
48122  -31.300  -31.796  39.806 0.0000000000
69950  -32.274  -8.502  28.380 0.0000000000
69944  -32.839  -9.161  28.935 0.0000000000
63736  -31.818  -15.713  27.574 0.0000000000
119002  -31.311  -15.719  28.210 0.0000000000
63735  -30.945  -15.582  27.597 0.0000000000
63734  -30.150  -15.596  27.651 0.0000000000
64631  -28.784  -14.992  27.305 0.0000000000
58332  -26.090  -21.823  29.699 0.0000000000
59211  -26.522  -21.162  29.237 0.0000000000
60089  -26.437  -20.240  29.392 0.0000000000
114122  -26.425  -19.230  29.559 0.0000000000
61926  -26.276  -17.734  29.618 0.0000000000
62854  -26.147  -16.266  29.178 0.0000000000
63699  -25.992  -15.544  29.199 0.0000000000
65471  -25.795  -14.053  29.325 0.0000000000
65458  -25.914  -13.042  29.099 0.0000000000
115182  -26.559  -11.615  28.933 0.0000000000
66392  -25.760  -12.653  29.867 0.0000000000
66388  -25.892  -11.958  30.245 0.0000000000
67286  -25.937  -11.987  31.179 0.0000000000
64566  -25.527  -14.284  31.543 0.0000000000
67287  -26.363  -11.365  31.723 0.0000000000
67279  -26.576  -11.621  32.558 0.0000000000
67274  -27.301  -11.444  33.696 0.0000000000
65427  -26.450  -13.711  33.521 0.0000000000
64545  -26.786  -14.439  34.019 0.0000000000
63661  -26.577  -15.781  33.663 0.0000000000
63651  -26.983  -15.369  34.180 0.0000000000
120427  -27.171  -16.381  34.441 0.0000000000
62780  -27.087  -17.049  34.667 0.0000000000
57389  -25.550  -22.337  38.950 0.0000000000
57368  -26.894  -22.299  40.648 0.0000000000
57367  -26.198  -22.034  40.248 0.0000000000
58262  -25.432  -21.817  39.705 0.0000000000
58253  -24.997  -21.073  40.174 0.0000000000
59119  -24.538  -20.446  40.659 0.0000000000
59114  -25.512  -20.461  42.016 0.0000000000
59108  -26.599  -20.186  43.370 0.0000000000
58242  -27.041  -20.794  42.840 0.0000000000
59109  -27.184  -20.411  43.713 0.0000000000
59097  -27.318  -20.593  45.286 0.0000000000
59089  -26.926  -20.439  45.456 0.0000000000
68267  -56.278  -10.674  24.967 0.0000000000
69167  -56.160  -9.645  25.126 0.0000000000
70908  -55.694  -7.268  25.593 0.0000000000
71807  -55.559  -6.363  25.625 0.0000000000
61024  -12.604  -18.063  28.522 0.0000000000
60084  -14.193  -18.738  29.812 0.0000000000
60991  -12.427  -18.291  29.592 0.0000000000
60083  -13.261  -18.672  29.943 0.0000000000
59192  -15.474  -21.129  31.474 0.0000000000
50035  -24.989  -28.894  38.811 0.0000000000
50034  -24.342  -29.183  38.453 0.0000000000
49068  -24.071  -30.054  38.615 0.0000000000
115131  -23.029  -30.878  39.136 0.0000000000
48101  -23.340  -32.181  39.904 0.0000000000
71637  -34.642  -6.710  40.133 0.0000000000
72477  -34.697  -5.463  41.422 0.0000000000
73303  -34.538  -4.525  41.627 0.0000000000
72452  -35.428  -5.191  43.052 0.0000000000
73292  -35.400  -4.189  42.801 0.0000000000
74145  -34.748  -3.560  41.975 0.0000000000
74982  -35.129  -2.419  42.452 0.0000000000
120305  -35.123  -1.286  42.357 0.0000000000
76664  -34.986  0.726  42.260 0.0000000000
75819  -26.760  -1.508  42.976 0.0000000000
75821  -28.037  -0.835  42.760 0.0000000000
128081  -27.036  -1.174  43.113 0.0000000000
77606  -11.540  -0.341  34.350 0.0000000000
76734  -11.550  -0.870  33.914 0.0000000000
71596  -13.899  -6.551  42.902 0.0000000000
71595  -12.469  -6.609  43.290 0.0000000000
71594  -11.028  -6.696  43.680 0.0000000000
132845  -11.319  -7.304  44.116 0.0000000000
71593  -10.580  -6.677  43.462 0.0000000000
116741  -12.584  -11.008  40.469 0.0000000000
69019  -14.098  -9.930  40.236 0.0000000000
69028  -14.792  -9.489  39.799 0.0000000000
69029  -15.712  -9.996  39.626 0.0000000000
69864  -15.531  -9.030  39.310 0.0000000000
72503  -14.825  -5.840  37.453 0.0000000000
112952  -15.644  -6.081  37.102 0.0000000000
71657  -16.163  -5.951  36.452 0.0000000000
132995  -16.331  -5.658  35.856 0.0000000000
70778  -16.988  -7.428  36.929 0.0000000000
71668  -16.820  -6.154  35.787 0.0000000000
72524  -16.542  -5.375  35.312 0.0000000000
72533  -17.192  -5.380  34.646 0.0000000000
72539  -17.861  -5.515  33.909 0.0000000000
73373  -18.221  -5.120  33.094 0.0000000000
72540  -18.508  -6.087  33.127 0.0000000000
71692  -18.836  -6.730  32.368 0.0000000000
70805  -18.686  -7.595  32.483 0.0000000000
69908  -18.375  -8.506  33.387 0.0000000000
69913  -18.388  -8.348  32.617 0.0000000000
121184  -17.995  -8.493  31.815 0.0000000000
69107  -17.213  -9.006  31.918 0.0000000000
69095  -14.686  -9.512  32.714 0.0000000000
65441  -18.669  -13.475  31.381 0.0000000000
66381  -17.693  -12.589  31.317 0.0000000000
65447  -18.300  -13.459  30.744 0.0000000000
66391  -17.135  -12.843  29.795 0.0000000000
122341  -16.532  -12.914  29.170 0.0000000000
64591  -16.731  -14.236  29.373 0.0000000000
65455  -16.378  -13.670  28.937 0.0000000000
66389  -15.903  -12.275  29.119 0.0000000000
66399  -15.163  -12.589  28.533 0.0000000000
123684  -14.430  -13.015  28.103 0.0000000000
65468  -13.737  -13.329  27.829 0.0000000000
65467  -12.702  -13.136  27.752 0.0000000000
121607  -13.346  -14.003  27.577 0.0000000000
64608  -12.635  -14.919  27.455 0.0000000000
63713  -13.553  -15.617  28.276 0.0000000000
62865  -11.572  -17.214  27.319 0.0000000000
59148  -38.015  -20.648  36.505 0.0000000000
114877  -39.013  -19.315  38.384 0.0000000000
60904  -38.850  -17.423  40.763 0.0000000000
59123  -39.602  -19.826  41.501 0.0000000000
60897  -38.736  -18.045  41.305 0.0000000000
60903  -38.018  -17.506  40.956 0.0000000000
61829  -37.309  -17.323  40.134 0.0000000000
60907  -36.070  -18.622  38.312 0.0000000000
60003  -36.160  -19.286  39.242 0.0000000000
46127  -40.647  -33.081  39.143 0.0000000000
46147  -39.690  -33.908  38.193 0.0000000000
48151  -41.870  -31.714  38.226 0.0000000000
60022  -34.735  -19.506  35.587 0.0000000000
58278  -34.714  -21.326  37.937 0.0000000000
117006  -34.396  -22.033  37.822 0.0000000000
56384  -35.100  -23.710  38.042 0.0000000000
55253  -35.999  -24.731  38.235 0.0000000000
55220  -36.889  -23.940  40.019 0.0000000000
55238  -37.218  -24.635  39.564 0.0000000000
55237  -36.450  -24.314  39.038 0.0000000000
54121  -36.376  -25.408  37.798 0.0000000000
52016  -37.755  -27.340  37.278 0.0000000000
50993  -38.649  -28.521  37.443 0.0000000000
135170  -38.480  -29.785  37.324 0.0000000000
72728  -60.404  -5.190  18.784 0.0000000000
73513  -60.538  -4.733  19.468 0.0000000000
70996  -60.024  -7.112  20.369 0.0000000000
70981  -60.278  -7.379  20.879 0.0000000000
71871  -60.404  -6.614  20.465 0.0000000000
72706  -60.473  -5.586  20.574 0.0000000000
73504  -60.380  -5.045  20.232 0.0000000000
117330  -55.556  -5.625  19.989 0.0000000000
72713  -54.798  -5.925  20.049 0.0000000000
56281  -14.503  -23.355  46.184 0.0000000000
56289  -14.163  -23.469  45.111 0.0000000000
128768  -14.534  -23.507  43.145 0.0000000000
56309  -16.025  -23.395  43.105 0.0000000000
112370  -15.156  -23.420  41.680 0.0000000000
56343  -14.909  -24.140  39.867 0.0000000000
54088  -15.237  -25.228  39.272 0.0000000000
56319  -17.501  -23.282  41.021 0.0000000000
112867  -16.966  -23.401  40.110 0.0000000000
122762  -17.728  -23.925  38.471 0.0000000000
125504  -16.910  -23.767  39.128 0.0000000000
55227  -16.045  -24.711  38.818 0.0000000000
53027  -15.418  -26.087  39.279 0.0000000000
51973  -17.348  -27.496  40.140 0.0000000000
50933  -16.777  -28.116  42.453 0.0000000000
49973  -17.818  -29.539  44.477 0.0000000000
65406  -23.862  -13.510  36.867 0.0000000000
65400  -24.408  -13.072  37.227 0.0000000000
131256  -23.159  -13.551  37.100 0.0000000000
65399  -23.582  -13.008  37.373 0.0000000000
66353  -23.330  -12.598  37.963 0.0000000000
65397  -21.785  -13.506  37.912 0.0000000000
115105  -22.682  -12.513  38.377 0.0000000000
67245  -21.891  -12.431  38.764 0.0000000000
134663  -22.139  -12.085  39.255 0.0000000000
67236  -21.642  -12.022  39.394 0.0000000000
62738  -21.348  -17.285  41.056 0.0000000000
63614  -20.126  -15.608  39.893 0.0000000000
114233  -19.777  -16.456  41.009 0.0000000000
63613  -19.565  -14.897  39.957 0.0000000000
64498  -19.793  -14.280  39.495 0.0000000000
132347  -20.116  -12.963  39.361 0.0000000000
66336  -20.416  -12.424  39.444 0.0000000000
67235  -20.879  -11.923  39.617 0.0000000000
67220  -20.689  -11.454  40.274 0.0000000000
116056  -20.005  -11.346  40.421 0.0000000000
68124  -19.717  -11.004  40.984 0.0000000000
67218  -18.892  -11.895  41.148 0.0000000000
68114  -19.412  -10.504  41.588 0.0000000000
68113  -18.760  -10.863  41.937 0.0000000000
68105  -18.561  -10.613  42.697 0.0000000000
69003  -18.966  -9.899  43.074 0.0000000000
68100  -18.522  -10.369  43.622 0.0000000000
65351  -17.845  -13.472  44.581 0.0000000000
134877  -17.958  -14.072  44.222 0.0000000000
132757  -17.842  -14.869  45.168 0.0000000000
119472  -18.248  -16.173  46.917 0.0000000000
60871  -18.475  -18.613  45.135 0.0000000000
134273  -18.407  -20.772  46.538 0.0000000000
119254  -17.716  -17.872  47.923 0.0000000000
60864  -17.471  -17.969  49.451 0.0000000000
59953  -17.272  -18.818  49.584 0.0000000000
126132  -16.888  -19.611  49.437 0.0000000000
59075  -16.458  -20.359  48.825 0.0000000000
58206  -16.217  -22.276  48.175 0.0000000000
58202  -16.010  -21.387  48.612 0.0000000000
57298  -15.104  -23.205  47.032 0.0000000000
61986  -50.067  -17.376  28.150 0.0000000000
62878  -50.809  -17.162  28.435 0.0000000000
61968  -51.205  -17.508  29.065 0.0000000000
61949  -51.755  -17.704  29.893 0.0000000000
61934  -52.330  -17.883  30.898 0.0000000000
131332  -49.791  -18.525  30.448 0.0000000000
113442  -49.646  -18.574  31.343 0.0000000000
61002  -50.420  -18.566  31.052 0.0000000000
61022  -50.409  -18.406  30.123 0.0000000000
61003  -51.004  -18.459  30.923 0.0000000000
61935  -53.148  -17.443  31.223 0.0000000000
61920  -53.316  -17.189  31.740 0.0000000000
62833  -53.113  -16.793  31.994 0.0000000000
62832  -52.372  -16.689  32.392 0.0000000000
65451  -41.602  -13.630  30.160 0.0000000000
65477  -41.796  -13.986  28.500 0.0000000000
65491  -42.161  -14.182  27.541 0.0000000000
134316  -42.600  -14.060  25.634 0.0000000000
65558  -42.633  -13.471  24.227 0.0000000000
65556  -40.952  -13.547  24.257 0.0000000000
66456  -40.845  -12.669  23.031 0.0000000000
65586  -42.874  -13.026  23.805 0.0000000000
70928  -39.194  -7.835  23.677 0.0000000000
56304  -29.443  -23.518  44.723 0.0000000000
54062  -30.221  -24.988  44.349 0.0000000000
53004  -31.618  -26.427  45.431 0.0000000000
57457  -30.552  -22.240  30.447 0.0000000000
57465  -30.146  -22.061  29.815 0.0000000000
57456  -29.867  -22.680  29.967 0.0000000000
56470  -29.005  -22.915  29.503 0.0000000000
55309  -29.404  -24.777  31.041 0.0000000000
55327  -28.950  -24.263  30.448 0.0000000000
134521  -28.279  -22.949  29.279 0.0000000000
56469  -27.641  -23.200  29.473 0.0000000000
57461  -27.173  -22.641  29.289 0.0000000000
56468  -26.835  -23.286  29.752 0.0000000000
53110  -28.210  -26.375  32.701 0.0000000000
55325  -27.200  -24.532  30.655 0.0000000000
56453  -26.462  -23.873  30.418 0.0000000000
57455  -26.442  -22.616  29.656 0.0000000000
57454  -25.825  -22.538  30.183 0.0000000000
120620  -25.532  -21.576  30.494 0.0000000000
55306  -25.527  -23.985  31.920 0.0000000000
58327  -25.153  -21.774  31.266 0.0000000000
59194  -25.248  -20.816  31.356 0.0000000000
60066  -25.290  -19.910  31.913 0.0000000000
59183  -24.893  -20.665  32.278 0.0000000000
60056  -25.013  -19.917  32.655 0.0000000000
59182  -24.675  -20.533  32.951 0.0000000000
58307  -24.328  -21.504  33.632 0.0000000000
57422  -24.264  -22.077  34.168 0.0000000000
56399  -24.623  -22.924  34.563 0.0000000000
57404  -24.959  -22.985  36.450 0.0000000000
118320  -27.254  -25.645  36.603 0.0000000000
54118  -26.892  -24.912  37.111 0.0000000000
54105  -27.446  -25.331  38.510 0.0000000000
55249  -26.510  -24.241  37.498 0.0000000000
56381  -26.130  -23.586  37.799 0.0000000000
56367  -26.403  -23.355  38.635 0.0000000000
56352  -26.760  -23.209  39.414 0.0000000000
126975  -27.718  -23.282  40.850 0.0000000000
56323  -27.998  -23.124  41.571 0.0000000000
56312  -28.688  -23.341  43.025 0.0000000000
124668  -13.691  -17.436  31.522 0.0000000000
130697  -12.619  -17.791  32.130 0.0000000000
61871  -10.951  -17.960  32.548 0.0000000000
126226  -11.072  -18.057  33.038 0.0000000000
60955  -10.092  -18.345  32.889 0.0000000000
60054  -9.819  -18.960  32.884 0.0000000000
58312  -10.261  -20.992  32.947 0.0000000000
60029  -13.859  -20.061  33.922 0.0000000000
60028  -12.820  -19.784  33.989 0.0000000000
60027  -11.726  -19.427  34.054 0.0000000000
59150  -11.109  -20.725  34.508 0.0000000000
60016  -10.444  -19.875  34.337 0.0000000000
60015  -9.845  -19.926  34.223 0.0000000000
59177  -9.637  -20.118  33.575 0.0000000000
58311  -9.936  -20.993  33.320 0.0000000000
57433  -10.807  -21.968  32.689 0.0000000000
57443  -10.636  -23.047  32.479 0.0000000000
55304  -10.881  -24.451  31.451 0.0000000000
44132  -24.247  -35.416  42.002 0.0000000000
44131  -23.577  -35.462  41.715 0.0000000000
72485  -30.965  -6.072  40.205 0.0000000000
72475  -31.427  -5.686  40.887 0.0000000000
72474  -30.799  -5.336  40.305 0.0000000000
134068  -30.426  -5.095  39.949 0.0000000000
135024  -30.225  -4.221  40.175 0.0000000000
73322  -28.818  -4.560  38.536 0.0000000000
73323  -29.307  -4.278  39.142 0.0000000000
74155  -29.698  -3.856  39.825 0.0000000000
75002  -28.558  -2.848  39.956 0.0000000000
74989  -27.436  -2.321  40.840 0.0000000000
74187  -25.204  -3.651  36.459 0.0000000000
74175  -25.538  -3.464  37.205 0.0000000000
75020  -25.881  -3.227  38.022 0.0000000000
114135  -24.428  -2.544  38.238 0.0000000000
75011  -25.284  -2.707  38.726 0.0000000000
123856  -26.280  -2.952  38.925 0.0000000000
75000  -25.841  -2.504  39.623 0.0000000000
75846  -26.195  -2.311  40.582 0.0000000000
75833  -26.497  -2.033  41.841 0.0000000000
112203  -26.100  -1.713  42.757 0.0000000000
75818  -25.463  -1.416  43.196 0.0000000000
75810  -24.712  -1.308  43.681 0.0000000000
76657  -23.752  -1.361  43.649 0.0000000000
76642  -24.200  -1.224  44.202 0.0000000000
77493  -24.182  -0.392  43.825 0.0000000000
78403  -19.970  1.137  40.838 0.0000000000
78378  -20.017  1.513  42.538 0.0000000000
77477  -14.272  0.566  44.809 0.0000000000
129086  -13.538  0.648  45.098 0.0000000000
77471  -13.259  0.821  45.327 0.0000000000
77470  -12.446  0.925  44.903 0.0000000000
79204  -11.213  2.220  42.599 0.0000000000
78383  -10.457  1.929  42.168 0.0000000000
78382  -9.733  1.578  41.725 0.0000000000
77497  -9.025  1.053  42.489 0.0000000000
77514  -9.275  1.064  41.257 0.0000000000
77530  -9.742  0.775  40.236 0.0000000000
121355  -9.531  0.091  39.737 0.0000000000
76675  -9.476  -0.730  39.271 0.0000000000
67200  -11.719  -13.095  43.800 0.0000000000
66304  -10.769  -13.767  42.980 0.0000000000
66303  -10.068  -13.555  42.128 0.0000000000
133602  -9.858  -13.861  41.467 0.0000000000
66319  -10.686  -14.063  40.610 0.0000000000
121022  -11.601  -13.302  40.230 0.0000000000
65377  -14.757  -14.363  40.548 0.0000000000
64497  -16.083  -14.493  39.509 0.0000000000
65376  -13.198  -15.030  40.129 0.0000000000
65375  -12.329  -14.743  40.160 0.0000000000
66320  -11.792  -14.519  40.266 0.0000000000
66321  -12.786  -13.220  39.872 0.0000000000
67232  -14.020  -12.300  39.747 0.0000000000
66342  -13.915  -14.208  38.267 0.0000000000
67244  -15.697  -11.581  38.283 0.0000000000
67257  -15.261  -12.013  36.739 0.0000000000
67263  -15.741  -11.313  35.978 0.0000000000
66361  -13.958  -12.797  35.606 0.0000000000
65417  -14.753  -13.234  35.089 0.0000000000
65412  -15.465  -13.863  35.550 0.0000000000
65423  -16.804  -13.124  34.013 0.0000000000
65432  -18.097  -13.108  32.720 0.0000000000
63629  -18.969  -15.116  36.323 0.0000000000
63637  -19.255  -15.201  35.428 0.0000000000
64544  -19.122  -14.725  34.702 0.0000000000
61859  -19.505  -17.121  34.125 0.0000000000
114502  -19.501  -15.646  33.804 0.0000000000
114279  -19.373  -14.881  33.938 0.0000000000
64555  -19.305  -14.439  33.247 0.0000000000
65426  -19.283  -14.104  32.449 0.0000000000
65434  -19.142  -13.938  31.701 0.0000000000
64574  -18.922  -14.139  31.036 0.0000000000
63685  -18.466  -15.543  31.067 0.0000000000
63675  -17.714  -16.133  30.967 0.0000000000
62822  -17.653  -16.922  31.594 0.0000000000
129898  -16.843  -16.597  30.982 0.0000000000
134107  -15.981  -16.848  30.996 0.0000000000
72587  -11.170  -5.887  27.668 0.0000000000
71736  -10.581  -6.643  27.981 0.0000000000
71737  -11.623  -6.530  28.178 0.0000000000
61904  -42.898  -18.356  32.792 0.0000000000
62787  -43.186  -15.575  35.171 0.0000000000
61901  -39.874  -17.957  32.869 0.0000000000
127126  -43.153  -13.984  35.278 0.0000000000
64560  -42.689  -13.698  34.782 0.0000000000
133591  -41.728  -13.565  31.829 0.0000000000
62755  -38.849  -15.315  38.495 0.0000000000
63636  -39.913  -14.733  38.185 0.0000000000
64542  -40.977  -13.964  36.564 0.0000000000
65428  -40.854  -13.742  33.210 0.0000000000
127887  -41.188  -13.518  31.766 0.0000000000
65459  -39.866  -13.634  29.253 0.0000000000
65488  -39.480  -13.495  27.759 0.0000000000
65487  -38.824  -13.657  27.371 0.0000000000
63687  -38.084  -15.703  30.373 0.0000000000
132480  -37.782  -15.682  29.202 0.0000000000
64614  -38.548  -14.607  28.630 0.0000000000
65504  -38.619  -13.553  26.592 0.0000000000
130653  -38.347  -13.455  25.841 0.0000000000
64685  -37.136  -13.962  25.963 0.0000000000
65581  -36.939  -13.177  24.059 0.0000000000
66451  -35.705  -12.753  22.950 0.0000000000
130089  -32.547  -29.247  41.568 0.0000000000
49043  -34.866  -29.730  43.017 0.0000000000
49036  -35.394  -30.734  43.126 0.0000000000
130640  -35.419  -31.710  43.070 0.0000000000
48096  -36.217  -32.127  42.518 0.0000000000
47108  -36.195  -32.794  42.639 0.0000000000
47107  -35.416  -33.001  42.706 0.0000000000
65579  -35.231  -13.335  23.488 0.0000000000
65550  -34.784  -13.913  23.958 0.0000000000
64702  -34.334  -14.516  24.402 0.0000000000
64682  -34.706  -14.861  25.108 0.0000000000
64681  -33.846  -15.126  24.837 0.0000000000
63781  -33.229  -15.586  25.447 0.0000000000
62875  -34.199  -16.522  28.671 0.0000000000
62874  -33.340  -16.271  28.513 0.0000000000
118774  -33.114  -16.255  29.411 0.0000000000
62896  -33.346  -16.229  27.592 0.0000000000
62895  -32.565  -15.934  28.106 0.0000000000
62855  -31.304  -16.286  29.059 0.0000000000
60994  -31.784  -18.322  29.931 0.0000000000
133785  -31.277  -18.357  29.276 0.0000000000
59205  -31.052  -21.007  29.978 0.0000000000
58333  -31.063  -21.650  30.686 0.0000000000
60037  -34.440  -19.294  34.764 0.0000000000
60036  -33.808  -19.828  34.353 0.0000000000
59174  -33.265  -20.346  33.871 0.0000000000
118370  -32.708  -20.949  33.455 0.0000000000
56391  -33.518  -23.361  36.455 0.0000000000
57417  -33.074  -22.912  35.987 0.0000000000
56402  -33.131  -23.619  35.747 0.0000000000
58319  -32.221  -21.433  32.873 0.0000000000
59184  -31.976  -21.051  32.103 0.0000000000
58318  -31.696  -21.876  32.393 0.0000000000
58328  -31.462  -21.550  31.530 0.0000000000
57449  -31.025  -22.309  31.206 0.0000000000
56440  -30.526  -23.685  31.330 0.0000000000
55296  -30.711  -24.907  31.914 0.0000000000
54158  -30.835  -26.149  32.826 0.0000000000
52039  -33.675  -27.586  35.273 0.0000000000
51028  -33.339  -28.232  35.544 0.0000000000
125339  -31.569  -28.341  35.770 0.0000000000
50037  -32.513  -29.598  38.335 0.0000000000
50045  -31.760  -29.308  38.180 0.0000000000
115823  -32.003  -29.510  39.040 0.0000000000
77811  -59.611  2.565  14.807 0.0000000000
125415  -59.411  0.425  16.055 0.0000000000
78676  -59.056  2.685  15.359 0.0000000000
78671  -57.888  2.319  15.768 0.0000000000
126935  -60.622  -3.504  18.267 0.0000000000
75148  -60.594  -2.857  18.191 0.0000000000
75167  -60.153  -1.766  18.400 0.0000000000
75165  -58.708  -1.476  17.842 0.0000000000
74346  -58.123  -3.509  18.380 0.0000000000
73616  -59.262  -3.771  10.934 0.0000000000
121291  -15.331  -21.085  39.077 0.0000000000
58267  -15.086  -21.448  38.507 0.0000000000
115010  -13.522  -22.334  38.945 0.0000000000
57386  -12.718  -22.783  39.258 0.0000000000
57358  -10.771  -22.582  41.285 0.0000000000
56326  -10.456  -23.200  40.954 0.0000000000
56325  -9.596  -23.821  41.635 0.0000000000
115730  -10.020  -23.906  40.957 0.0000000000
54098  -10.403  -25.893  39.365 0.0000000000
50963  -10.529  -28.172  37.759 0.0000000000
50964  -10.866  -28.541  38.329 0.0000000000
56306  -12.877  -23.816  43.031 0.0000000000
55196  -12.454  -24.491  41.648 0.0000000000
54069  -11.341  -25.404  41.808 0.0000000000
131486  -10.763  -26.218  41.915 0.0000000000
128701  -14.259  -26.772  40.200 0.0000000000
51970  -13.575  -27.347  40.922 0.0000000000
134681  -12.788  -27.050  40.902 0.0000000000
51959  -12.568  -28.236  42.089 0.0000000000
51969  -11.745  -27.538  41.658 0.0000000000
51957  -10.347  -28.508  42.278 0.0000000000
49990  -10.510  -29.581  42.124 0.0000000000
50003  -10.937  -29.836  41.859 0.0000000000
69081  -34.434  -9.667  33.703 0.0000000000
69901  -34.547  -9.252  34.589 0.0000000000
132470  -34.792  -9.274  35.149 0.0000000000
69066  -34.193  -10.251  36.077 0.0000000000
70784  -35.029  -8.961  36.246 0.0000000000
70777  -34.524  -8.266  37.102 0.0000000000
134881  -35.064  -8.501  37.874 0.0000000000
67256  -31.144  -11.194  37.975 0.0000000000
68152  -32.101  -10.981  38.518 0.0000000000
67251  -32.770  -11.674  40.033 0.0000000000
68153  -33.138  -10.711  39.044 0.0000000000
69046  -35.141  -9.791  38.892 0.0000000000
131002  -35.538  -9.425  39.216 0.0000000000
70766  -35.791  -8.598  39.747 0.0000000000
70754  -36.199  -8.591  41.135 0.0000000000
70743  -36.116  -8.264  42.125 0.0000000000
69851  -35.788  -8.592  42.320 0.0000000000
69850  -34.830  -8.551  42.361 0.0000000000
70741  -33.172  -8.054  41.629 0.0000000000
70740  -31.933  -7.487  40.847 0.0000000000
65391  -25.774  -13.230  38.181 0.0000000000
65385  -26.887  -13.578  39.955 0.0000000000
65381  -28.172  -13.943  42.443 0.0000000000
65372  -29.843  -14.292  43.285 0.0000000000
66316  -30.171  -13.901  43.219 0.0000000000
67211  -25.471  -12.019  43.064 0.0000000000
67212  -26.727  -11.882  43.454 0.0000000000
67213  -27.215  -12.165  43.408 0.0000000000
66314  -27.845  -12.789  43.423 0.0000000000
66328  -29.705  -12.994  42.440 0.0000000000
66341  -30.116  -12.445  41.348 0.0000000000
67241  -30.597  -11.779  40.763 0.0000000000
68141  -30.885  -10.891  40.118 0.0000000000
67248  -29.004  -11.073  39.169 0.0000000000
68151  -30.217  -10.200  39.021 0.0000000000
69032  -31.144  -10.053  39.594 0.0000000000
69044  -31.211  -9.279  39.467 0.0000000000
70752  -31.331  -7.895  40.079 0.0000000000
71635  -31.133  -6.930  40.115 0.0000000000
71646  -30.075  -6.720  38.802 0.0000000000
71654  -29.036  -6.275  37.747 0.0000000000
69891  -28.639  -8.453  36.859 0.0000000000
70782  -28.545  -7.604  36.722 0.0000000000
71653  -28.529  -6.321  37.100 0.0000000000
71663  -27.428  -6.548  35.976 0.0000000000
72531  -27.035  -5.954  35.783 0.0000000000
72529  -25.552  -5.926  34.936 0.0000000000
69050  -25.037  -9.311  37.909 0.0000000000
69882  -25.113  -8.952  36.937 0.0000000000
69888  -25.536  -8.663  35.970 0.0000000000
70772  -23.106  -7.817  37.006 0.0000000000
69896  -24.119  -7.956  35.791 0.0000000000
69897  -24.954  -8.111  35.526 0.0000000000
70798  -24.557  -6.919  34.888 0.0000000000
72536  -24.958  -5.989  34.710 0.0000000000
116868  -24.159  -5.053  34.608 0.0000000000
73367  -23.564  -4.599  34.638 0.0000000000
74210  -22.151  -4.089  34.831 0.0000000000
74196  -21.395  -4.121  35.117 0.0000000000
72526  -20.780  -5.087  35.602 0.0000000000
73344  -20.115  -4.732  35.925 0.0000000000
74194  -19.616  -3.449  35.843 0.0000000000
75025  -18.499  -3.003  36.436 0.0000000000
75024  -17.871  -3.155  36.880 0.0000000000
74172  -16.697  -3.040  37.820 0.0000000000
118727  -16.161  -2.921  38.141 0.0000000000
74162  -16.500  -3.685  38.485 0.0000000000
73312  -17.381  -4.660  39.292 0.0000000000
73300  -17.089  -4.901  39.985 0.0000000000
73299  -16.269  -4.762  40.065 0.0000000000
72469  -15.741  -5.253  40.647 0.0000000000
71613  -18.076  -6.273  41.747 0.0000000000
71599  -17.551  -6.332  42.282 0.0000000000
71589  -17.716  -6.602  43.279 0.0000000000
126079  -16.964  -6.421  42.660 0.0000000000
71598  -16.136  -6.457  42.649 0.0000000000
71597  -15.094  -6.479  42.750 0.0000000000
69831  -13.061  -8.535  45.935 0.0000000000
126670  -13.079  -9.008  46.152 0.0000000000
67189  -13.778  -10.852  45.359 0.0000000000
68098  -18.695  -10.032  44.809 0.0000000000
131077  -17.897  -12.028  45.944 0.0000000000
67188  -18.121  -11.312  46.586 0.0000000000
133151  -18.784  -9.965  47.105 0.0000000000
115451  -18.389  -9.308  48.266 0.0000000000
68091  -17.540  -10.038  48.500 0.0000000000
63600  -18.157  -15.367  48.007 0.0000000000
64469  -17.734  -15.309  49.225 0.0000000000
120776  -17.916  -14.828  49.068 0.0000000000
67183  -17.263  -11.597  48.800 0.0000000000
68089  -16.861  -10.731  48.871 0.0000000000
68090  -16.161  -9.996  48.770 0.0000000000
68981  -14.951  -9.916  48.225 0.0000000000
68094  -14.366  -10.599  47.508 0.0000000000
66293  -15.086  -12.448  48.048 0.0000000000
67195  -13.380  -12.122  44.833 0.0000000000
66301  -14.579  -12.878  44.222 0.0000000000
65349  -15.265  -13.224  44.597 0.0000000000
65352  -15.282  -13.345  43.519 0.0000000000
123654  -16.296  -16.733  43.172 0.0000000000
62731  -16.531  -16.427  42.144 0.0000000000
61817  -16.779  -17.185  41.645 0.0000000000
118863  -17.090  -17.740  41.171 0.0000000000
59985  -17.265  -19.039  40.798 0.0000000000
59984  -16.344  -19.686  41.477 0.0000000000
59988  -16.805  -19.676  40.856 0.0000000000
59117  -16.780  -20.102  40.150 0.0000000000
59125  -16.353  -20.454  39.611 0.0000000000
67369  -55.156  -12.005  22.185 0.0000000000
67356  -56.238  -12.001  23.489 0.0000000000
67348  -56.569  -11.951  24.596 0.0000000000
65567  -53.603  -13.172  24.098 0.0000000000
65568  -55.885  -13.413  24.783 0.0000000000
68265  -55.004  -10.799  25.432 0.0000000000
69164  -53.722  -9.343  25.579 0.0000000000
69994  -53.127  -8.789  25.809 0.0000000000
64643  -52.597  -15.467  27.678 0.0000000000
115819  -52.375  -16.013  28.233 0.0000000000
64646  -55.430  -14.637  27.147 0.0000000000
62850  -54.295  -16.010  30.238 0.0000000000
63710  -54.395  -15.766  29.789 0.0000000000
64625  -54.552  -14.815  29.125 0.0000000000
65498  -55.514  -14.305  27.180 0.0000000000
66432  -52.902  -11.777  26.248 0.0000000000
70887  -52.181  -7.700  27.109 0.0000000000
115581  -51.603  -5.581  29.567 0.0000000000
69144  -50.873  -9.391  29.471 0.0000000000
61886  -46.857  -17.784  34.894 0.0000000000
123707  -47.777  -17.810  35.354 0.0000000000
112172  -48.592  -17.679  35.284 0.0000000000
63647  -45.103  -14.987  35.523 0.0000000000
63648  -45.856  -15.231  35.425 0.0000000000
63649  -46.736  -15.847  35.510 0.0000000000
64564  -46.339  -14.793  34.195 0.0000000000
63659  -46.561  -15.104  35.032 0.0000000000
62778  -47.515  -16.646  35.596 0.0000000000
62792  -48.341  -17.003  35.530 0.0000000000
62793  -49.176  -17.165  35.175 0.0000000000
62806  -49.369  -16.315  34.232 0.0000000000
63681  -48.985  -15.967  31.831 0.0000000000
120321  -49.485  -16.025  30.952 0.0000000000
63691  -49.296  -15.702  30.053 0.0000000000
63706  -49.402  -15.340  29.268 0.0000000000
65462  -42.357  -13.906  29.955 0.0000000000
64597  -43.162  -14.224  29.751 0.0000000000
64598  -44.038  -14.419  29.484 0.0000000000
64599  -44.912  -14.543  29.219 0.0000000000
113688  -45.725  -14.652  28.954 0.0000000000
65560  -44.411  -13.154  24.637 0.0000000000
65510  -44.725  -14.063  26.033 0.0000000000
64659  -45.215  -14.203  26.586 0.0000000000
64638  -45.327  -14.419  27.353 0.0000000000
116322  -45.914  -14.569  28.072 0.0000000000
64620  -47.302  -14.765  28.393 0.0000000000
64621  -48.108  -14.675  28.192 0.0000000000
115815  -48.932  -14.399  28.097 0.0000000000
66417  -49.314  -11.735  27.131 0.0000000000
67321  -48.551  -11.446  26.567 0.0000000000
57337  -22.410  -22.187  42.612 0.0000000000
57338  -23.120  -22.369  42.254 0.0000000000
56320  -23.682  -23.309  41.381 0.0000000000
56334  -24.139  -23.786  41.160 0.0000000000
54090  -24.455  -25.494  39.354 0.0000000000
53030  -24.723  -26.330  39.026 0.0000000000
53046  -24.888  -27.207  38.837 0.0000000000
56301  -25.802  -23.192  43.621 0.0000000000
55190  -25.709  -24.353  42.553 0.0000000000
54071  -25.949  -25.626  42.202 0.0000000000
54070  -25.500  -25.252  41.587 0.0000000000
53020  -25.427  -26.428  40.637 0.0000000000
53031  -25.174  -26.807  39.745 0.0000000000
52002  -25.000  -28.065  38.757 0.0000000000
48117  -24.854  -31.019  39.741 0.0000000000
49049  -25.605  -30.269  40.637 0.0000000000
46095  -24.614  -33.707  41.451 0.0000000000
52999  -28.263  -26.103  46.170 0.0000000000
54059  -27.348  -25.873  45.607 0.0000000000
121557  -25.715  -28.836  44.110 0.0000000000
49965  -26.911  -29.497  46.270 0.0000000000
49964  -26.049  -29.226  45.381 0.0000000000
113654  -26.003  -31.062  45.811 0.0000000000
49015  -26.024  -30.220  45.723 0.0000000000
49986  -25.825  -29.480  43.102 0.0000000000
46096  -25.267  -33.285  42.156 0.0000000000
45092  -24.423  -34.569  41.713 0.0000000000
43228  -24.500  -37.149  43.742 0.0000000000
50002  -33.129  -28.975  42.498 0.0000000000
117021  -31.155  -31.981  43.669 0.0000000000
71703  -28.959  -6.583  32.108 0.0000000000
119244  -30.139  -7.511  31.224 0.0000000000
70806  -29.842  -7.241  32.042 0.0000000000
128277  -29.697  -6.893  32.826 0.0000000000
70807  -30.570  -7.418  32.731 0.0000000000
69909  -32.571  -8.152  33.255 0.0000000000
69910  -33.954  -8.889  33.022 0.0000000000
66470  -35.195  -12.215  22.101 0.0000000000
67362  -34.430  -11.867  21.766 0.0000000000
66469  -34.199  -12.390  22.265 0.0000000000
65577  -33.433  -13.600  23.261 0.0000000000
67361  -33.667  -11.881  21.849 0.0000000000
114028  -32.858  -11.830  22.048 0.0000000000
67360  -32.340  -11.102  21.954 0.0000000000
63779  -31.548  -15.471  25.719 0.0000000000
64699  -31.763  -14.780  24.474 0.0000000000
64707  -31.490  -14.141  24.046 0.0000000000
64698  -30.875  -14.338  24.556 0.0000000000
65575  -31.714  -13.481  23.563 0.0000000000
66466  -31.930  -12.251  22.818 0.0000000000
67359  -31.818  -11.492  22.643 0.0000000000
68286  -31.741  -10.684  22.515 0.0000000000
133871  -31.467  -10.478  22.989 0.0000000000
68279  -31.291  -10.315  23.613 0.0000000000
68271  -31.385  -9.670  24.373 0.0000000000
58350  -29.781  -20.863  28.632 0.0000000000
60100  -29.642  -19.640  28.083 0.0000000000
59227  -28.529  -20.089  27.829 0.0000000000
60108  -28.746  -19.183  27.715 0.0000000000
61048  -29.032  -18.286  27.724 0.0000000000
60098  -26.884  -19.697  28.858 0.0000000000
61030  -27.190  -17.897  28.447 0.0000000000
61957  -27.357  -17.291  28.225 0.0000000000
63717  -26.972  -15.914  28.299 0.0000000000
62869  -27.196  -16.640  28.264 0.0000000000
130803  -27.671  -16.032  27.903 0.0000000000
64630  -27.859  -15.099  27.578 0.0000000000
65501  -28.384  -13.577  26.446 0.0000000000
66426  -28.923  -12.130  25.796 0.0000000000
69159  -32.139  -9.371  25.911 0.0000000000
69150  -32.171  -9.737  26.693 0.0000000000
69151  -32.468  -9.537  27.160 0.0000000000
69138  -32.218  -10.021  27.300 0.0000000000
69139  -32.616  -9.716  27.824 0.0000000000
69129  -32.798  -9.587  28.666 0.0000000000
68227  -32.784  -10.085  29.096 0.0000000000
67299  -26.979  -11.013  29.226 0.0000000000
68216  -28.576  -10.175  29.373 0.0000000000
68208  -28.441  -9.915  30.081 0.0000000000
69125  -29.479  -10.110  29.750 0.0000000000
68218  -31.390  -10.490  29.255 0.0000000000
68219  -32.424  -10.390  29.501 0.0000000000
69126  -32.997  -9.612  29.456 0.0000000000
69122  -33.300  -9.661  30.224 0.0000000000
68201  -33.589  -10.210  31.566 0.0000000000
69925  -33.848  -9.378  31.703 0.0000000000
69916  -34.172  -9.554  32.321 0.0000000000
69911  -34.312  -9.578  32.804 0.0000000000
69079  -33.190  -10.475  34.478 0.0000000000
69078  -30.594  -10.317  34.150 0.0000000000
69070  -31.429  -10.325  34.896 0.0000000000
68166  -29.813  -10.635  36.152 0.0000000000
67260  -29.525  -11.247  36.660 0.0000000000
68179  -27.660  -11.320  34.287 0.0000000000
67268  -27.647  -11.837  34.778 0.0000000000
67264  -27.915  -12.035  35.444 0.0000000000
66363  -28.318  -12.310  36.172 0.0000000000
129841  -28.808  -13.897  37.182 0.0000000000
63628  -28.363  -16.204  37.126 0.0000000000
64521  -25.962  -14.560  37.047 0.0000000000
65408  -25.182  -14.134  36.694 0.0000000000
60049  -25.270  -19.248  33.078 0.0000000000
60947  -24.959  -19.126  33.838 0.0000000000
60035  -24.304  -19.700  34.260 0.0000000000
60935  -25.318  -18.471  34.090 0.0000000000
61860  -24.982  -18.004  34.677 0.0000000000
126896  -23.383  -20.404  36.588 0.0000000000
59145  -23.226  -20.037  36.090 0.0000000000
60924  -24.139  -18.108  35.239 0.0000000000
61850  -24.649  -17.401  35.205 0.0000000000
63638  -24.699  -15.885  35.669 0.0000000000
62758  -23.519  -16.621  36.073 0.0000000000
63631  -24.209  -14.947  36.088 0.0000000000
64531  -24.739  -14.470  36.362 0.0000000000
124410  -24.043  -14.124  36.494 0.0000000000
63626  -22.762  -15.002  36.798 0.0000000000
62748  -21.929  -15.930  37.918 0.0000000000
61824  -22.211  -17.678  40.716 0.0000000000
60891  -22.590  -18.063  42.196 0.0000000000
59112  -23.987  -19.903  41.192 0.0000000000
59986  -23.560  -19.138  41.586 0.0000000000
60892  -23.087  -18.385  41.945 0.0000000000
60887  -23.210  -18.127  42.878 0.0000000000
60881  -23.419  -18.062  43.653 0.0000000000
59086  -24.583  -19.036  45.842 0.0000000000
130132  -23.664  -19.364  46.190 0.0000000000
58232  -23.135  -21.333  44.092 0.0000000000
68306  -57.241  -10.501  22.113 0.0000000000
68292  -57.019  -10.777  22.653 0.0000000000
70033  -58.874  -9.080  22.270 0.0000000000
70953  -58.585  -7.645  22.837 0.0000000000
70937  -57.126  -7.565  23.941 0.0000000000
71850  -58.170  -6.325  22.906 0.0000000000
71860  -55.407  -5.778  22.174 0.0000000000
71870  -55.146  -6.068  21.372 0.0000000000
61910  -11.879  -17.741  31.289 0.0000000000
60976  -11.850  -18.221  30.969 0.0000000000
59189  -12.165  -19.794  31.713 0.0000000000
60064  -12.704  -19.411  31.114 0.0000000000
57387  -14.163  -22.355  37.930 0.0000000000
57395  -13.758  -22.760  37.549 0.0000000000
131459  -13.712  -22.957  36.996 0.0000000000
56376  -12.751  -23.783  37.434 0.0000000000
56388  -13.345  -23.348  36.720 0.0000000000
55269  -12.526  -24.422  35.783 0.0000000000
57351  -22.399  -22.562  41.893 0.0000000000
56331  -21.945  -23.223  40.231 0.0000000000
56349  -21.517  -23.467  39.322 0.0000000000
55216  -22.734  -24.129  39.077 0.0000000000
55232  -22.151  -24.417  38.289 0.0000000000
56364  -21.467  -23.913  38.510 0.0000000000
55247  -21.022  -25.071  37.492 0.0000000000
54115  -20.731  -25.733  37.321 0.0000000000
52009  -20.156  -26.929  37.676 0.0000000000
50972  -23.868  -28.655  37.974 0.0000000000
50986  -22.824  -28.149  37.543 0.0000000000
115982  -22.354  -28.704  37.935 0.0000000000
50970  -21.546  -28.534  38.252 0.0000000000
52000  -21.188  -27.829  37.803 0.0000000000
51999  -20.376  -27.583  38.106 0.0000000000
51998  -19.620  -27.264  38.267 0.0000000000
50955  -19.516  -28.069  39.935 0.0000000000
127947  -19.213  -28.407  41.611 0.0000000000
50937  -20.224  -28.975  41.756 0.0000000000
50936  -19.623  -28.740  42.253 0.0000000000
50923  -18.893  -28.869  43.065 0.0000000000
50913  -18.175  -29.034  43.830 0.0000000000
71676  -30.981  -6.576  35.500 0.0000000000
125629  -30.483  -5.713  35.634 0.0000000000
71665  -31.005  -5.900  36.209 0.0000000000
72521  -30.480  -5.070  36.046 0.0000000000
74202  -30.269  -3.514  36.121 0.0000000000
72486  -33.062  -5.477  39.460 0.0000000000
72498  -32.525  -5.170  38.660 0.0000000000
73325  -32.183  -4.342  38.531 0.0000000000
75003  -32.391  -2.240  39.247 0.0000000000
72461  -32.128  -5.145  41.661 0.0000000000
73291  -32.636  -4.406  42.209 0.0000000000
74131  -33.754  -3.244  43.045 0.0000000000
74981  -32.845  -2.650  42.506 0.0000000000
74973  -34.420  -2.422  43.229 0.0000000000
75812  -34.536  -1.299  43.101 0.0000000000
129298  -34.781  0.224  42.657 0.0000000000
78381  -34.475  1.718  41.913 0.0000000000
128260  -28.714  -0.341  42.569 0.0000000000
123095  -29.450  -0.043  42.472 0.0000000000
117341  -29.799  0.291  42.230 0.0000000000
111922  -30.261  0.894  41.743 0.0000000000
78394  -32.617  1.757  41.584 0.0000000000
78395  -33.793  1.930  41.703 0.0000000000
75007  -14.850  -2.351  38.594 0.0000000000
75006  -14.127  -2.340  38.883 0.0000000000
74998  -13.522  -2.675  39.207 0.0000000000
74987  -11.925  -2.356  40.425 0.0000000000
73295  -11.593  -4.892  40.945 0.0000000000
74147  -11.007  -3.768  40.998 0.0000000000
75827  -9.721  -2.742  42.677 0.0000000000
74977  -8.962  -3.253  42.791 0.0000000000
74976  -8.750  -2.622  42.898 0.0000000000
74984  -8.493  -2.842  42.029 0.0000000000
73304  -8.908  -4.276  41.539 0.0000000000
74138  -8.688  -3.605  41.740 0.0000000000
75839  -9.011  -1.621  39.902 0.0000000000
75848  -9.531  -1.613  38.886 0.0000000000
69001  -11.755  -9.149  42.544 0.0000000000
70736  -10.868  -7.312  41.067 0.0000000000
69861  -12.210  -8.138  39.888 0.0000000000
70737  -11.411  -7.752  40.325 0.0000000000
73318  -10.283  -5.055  38.459 0.0000000000
131174  -9.561  -4.031  38.887 0.0000000000
74158  -9.998  -3.296  38.249 0.0000000000
75849  -10.051  -1.636  38.041 0.0000000000
75857  -10.462  -1.688  37.212 0.0000000000
75866  -10.799  -1.739  36.397 0.0000000000
75878  -11.160  -1.641  35.595 0.0000000000
74190  -11.543  -3.039  35.801 0.0000000000
75035  -11.533  -2.335  35.319 0.0000000000
75886  -11.543  -1.750  34.927 0.0000000000
75887  -11.732  -1.394  34.342 0.0000000000
75893  -12.089  -1.268  33.870 0.0000000000
75894  -13.041  -1.392  33.788 0.0000000000
73341  -14.941  -4.864  36.187 0.0000000000
73350  -14.455  -4.301  35.664 0.0000000000
74192  -13.972  -3.585  35.189 0.0000000000
74207  -14.622  -3.273  34.551 0.0000000000
74206  -13.848  -2.880  34.599 0.0000000000
75889  -13.688  -2.153  34.083 0.0000000000
76746  -13.492  -0.779  33.434 0.0000000000
76757  -15.194  0.098  32.765 0.0000000000
129301  -15.496  0.717  32.444 0.0000000000
76759  -16.507  -0.709  32.507 0.0000000000
129285  -16.159  0.296  32.412 0.0000000000
75089  -17.735  -2.337  27.704 0.0000000000
73387  -19.040  -5.046  31.502 0.0000000000
72563  -19.294  -5.592  30.563 0.0000000000
72575  -19.282  -5.316  29.623 0.0000000000
134624  -18.761  -6.897  30.049 0.0000000000
127921  -18.762  -5.861  29.052 0.0000000000
73407  -18.994  -5.042  28.804 0.0000000000
73423  -18.264  -4.699  28.280 0.0000000000
73440  -17.729  -3.997  27.854 0.0000000000
73439  -16.697  -4.137  27.627 0.0000000000
73422  -16.251  -4.967  27.759 0.0000000000
73421  -15.223  -5.215  27.763 0.0000000000
72591  -14.560  -5.797  28.010 0.0000000000
71725  -15.097  -7.138  28.785 0.0000000000
71740  -14.782  -6.428  28.398 0.0000000000
131751  -14.136  -6.270  28.253 0.0000000000
71739  -13.464  -6.401  28.268 0.0000000000
71722  -12.049  -7.219  28.663 0.0000000000
71721  -10.930  -7.307  28.535 0.0000000000
135464  -15.327  -10.811  34.968 0.0000000000
67266  -13.233  -11.599  34.363 0.0000000000
68176  -14.273  -10.848  34.622 0.0000000000
68184  -14.790  -10.231  34.073 0.0000000000
69084  -15.109  -9.784  33.358 0.0000000000
67283  -13.712  -11.425  32.073 0.0000000000
67290  -14.696  -11.423  31.018 0.0000000000
67275  -12.550  -11.051  33.094 0.0000000000
68190  -12.602  -10.729  33.366 0.0000000000
69094  -12.653  -10.151  33.132 0.0000000000
69105  -13.583  -9.496  32.486 0.0000000000
69917  -13.236  -9.270  31.785 0.0000000000
69928  -13.600  -8.837  30.943 0.0000000000
126387  -12.985  -8.725  30.570 0.0000000000
68196  -11.172  -10.119  31.481 0.0000000000
69927  -12.045  -8.930  30.685 0.0000000000
69938  -11.748  -8.542  29.809 0.0000000000
70828  -10.106  -8.060  28.890 0.0000000000
69127  -9.659  -8.896  28.298 0.0000000000
124106  -10.015  -9.899  28.441 0.0000000000
68221  -10.198  -10.718  28.401 0.0000000000
68229  -10.397  -10.467  27.786 0.0000000000
68241  -10.734  -11.063  26.987 0.0000000000
128763  -11.444  -13.287  27.530 0.0000000000
65483  -9.635  -13.769  26.414 0.0000000000
63730  -9.881  -15.654  26.198 0.0000000000
64626  -9.512  -14.922  26.059 0.0000000000
48114  -22.463  -31.129  39.690 0.0000000000
49992  -11.840  -30.144  42.779 0.0000000000
50004  -11.646  -30.129  41.968 0.0000000000
50010  -25.662  -29.603  40.382 0.0000000000
50910  -32.096  -27.602  45.376 0.0000000000
50928  -10.160  -29.182  42.162 0.0000000000
50953  -10.742  -28.827  39.762 0.0000000000
50962  -42.066  -28.432  39.596 0.0000000000
50971  -23.145  -28.770  37.865 0.0000000000
50985  -22.030  -28.010  37.577 0.0000000000
50987  -23.458  -28.230  37.659 0.0000000000
51029  -34.153  -28.206  35.569 0.0000000000
51981  -41.530  -27.374  40.186 0.0000000000
51989  -25.321  -27.668  39.551 0.0000000000
51997  -18.884  -26.930  38.403 0.0000000000
52001  -24.464  -27.609  38.132 0.0000000000
52004  -29.153  -28.055  38.846 0.0000000000
52038  -32.882  -27.697  35.066 0.0000000000
52054  -30.560  -27.554  34.578 0.0000000000
52055  -31.501  -27.378  34.407 0.0000000000
53044  -23.622  -26.394  37.766 0.0000000000
53054  -20.416  -26.367  37.410 0.0000000000
54084  -41.126  -25.510  40.639 0.0000000000
54113  -18.047  -24.983  37.665 0.0000000000
54148  -26.498  -25.222  34.807 0.0000000000
54149  -26.959  -25.756  34.573 0.0000000000
54170  -28.532  -26.073  32.035 0.0000000000
55197  -24.674  -24.169  41.428 0.0000000000
55201  -13.397  -24.549  40.699 0.0000000000
55208  -38.733  -24.189  41.597 0.0000000000
55210  -40.872  -24.536  41.296 0.0000000000
55230  -20.491  -24.497  37.691 0.0000000000
55231  -21.274  -24.424  37.902 0.0000000000
55233  -23.037  -24.765  38.526 0.0000000000
55245  -19.417  -24.952  37.401 0.0000000000
55307  -27.211  -25.097  31.321 0.0000000000
55321  -11.685  -24.435  30.282 0.0000000000
56299  -15.078  -23.500  43.851 0.0000000000
56333  -23.590  -23.692  40.649 0.0000000000
56340  -40.941  -23.714  41.304 0.0000000000
56345  -16.164  -24.114  39.110 0.0000000000
56365  -22.095  -23.836  38.915 0.0000000000
56379  -19.928  -24.042  37.915 0.0000000000
56437  -25.363  -23.265  31.388 0.0000000000
57295  -17.712  -22.740  47.246 0.0000000000
57305  -28.075  -22.160  45.756 0.0000000000
57306  -11.052  -22.577  44.855 0.0000000000
57343  -9.843  -23.220  42.638 0.0000000000
57360  -18.248  -23.230  41.371 0.0000000000
57365  -22.351  -22.915  41.067 0.0000000000
57375  -19.382  -23.140  39.990 0.0000000000
57377  -21.072  -23.043  40.078 0.0000000000
57408  -10.313  -21.829  34.252 0.0000000000
57426  -9.926  -21.992  33.348 0.0000000000
57442  -10.222  -23.278  32.711 0.0000000000
57462  -27.866  -22.592  28.950 0.0000000000
58271  -34.890  -21.828  38.481 0.0000000000
58300  -9.848  -21.220  34.091 0.0000000000
58323  -13.927  -21.658  32.126 0.0000000000
59135  -23.560  -20.330  38.145 0.0000000000
59149  -10.259  -20.552  34.373 0.0000000000
59162  -11.402  -20.012  34.377 0.0000000000
59171  -9.574  -20.284  33.995 0.0000000000
59219  -28.137  -20.826  28.099 0.0000000000
59228  -29.137  -19.685  27.797 0.0000000000
59956  -18.486  -20.099  46.055 0.0000000000
59976  -25.756  -18.962  44.756 0.0000000000
59989  -17.310  -19.500  40.357 0.0000000000
60017  -16.966  -20.219  34.890 0.0000000000
60024  -9.624  -19.810  34.059 0.0000000000
60040  -9.600  -19.521  33.785 0.0000000000
60053  -9.664  -19.363  33.353 0.0000000000
60861  -16.808  -17.969  50.056 0.0000000000
60906  -19.191  -18.112  37.928 0.0000000000
60911  -19.406  -17.868  37.342 0.0000000000
60918  -23.166  -18.528  36.356 0.0000000000
60928  -10.132  -18.684  33.592 0.0000000000
60956  -10.626  -18.125  32.588 0.0000000000
60958  -13.276  -18.237  32.548 0.0000000000
60960  -15.908  -18.588  32.657 0.0000000000
60989  -11.656  -18.013  31.135 0.0000000000
61798  -16.436  -17.769  49.777 0.0000000000
61800  -17.364  -16.830  49.494 0.0000000000
61802  -16.903  -16.155  49.644 0.0000000000
61814  -19.636  -17.578  42.452 0.0000000000
61893  -11.726  -17.742  31.987 0.0000000000
61898  -18.813  -17.304  32.782 0.0000000000
61912  -14.326  -17.130  31.160 0.0000000000
62751  -18.895  -16.116  38.099 0.0000000000
62761  -37.819  -15.595  37.592 0.0000000000
62764  -19.639  -16.621  35.772 0.0000000000
62777  -46.902  -16.600  35.681 0.0000000000
62779  -19.573  -16.242  34.378 0.0000000000
62791  -46.621  -17.052  35.663 0.0000000000
62808  -50.901  -17.439  34.130 0.0000000000
62902  -10.590  -17.220  26.145 0.0000000000
62916  -9.883  -16.427  25.972 0.0000000000
62918  -10.930  -16.801  25.776 0.0000000000
62926  -9.964  -16.153  25.830 0.0000000000
63595  -17.022  -15.342  49.523 0.0000000000
63596  -17.084  -15.469  49.500 0.0000000000
63602  -18.121  -15.618  46.280 0.0000000000
63607  -18.278  -15.025  42.983 0.0000000000
63617  -20.027  -14.997  39.499 0.0000000000
63620  -18.003  -15.359  38.618 0.0000000000
63633  -27.406  -16.506  36.421 0.0000000000
63650  -19.433  -15.393  34.596 0.0000000000
63668  -26.135  -16.156  33.115 0.0000000000
63714  -14.952  -15.248  28.860 0.0000000000
63748  -9.659  -15.735  25.972 0.0000000000
63768  -10.607  -16.018  25.601 0.0000000000
64466  -16.650  -15.242  49.443 0.0000000000
64467  -17.427  -15.188  49.382 0.0000000000
64468  -16.539  -15.255  49.377 0.0000000000
64475  -17.955  -14.666  44.463 0.0000000000
64480  -30.641  -14.695  43.331 0.0000000000
64481  -18.648  -14.332  41.206 0.0000000000
64483  -30.940  -14.895  43.195 0.0000000000
64484  -30.970  -14.867  43.208 0.0000000000
64492  -30.680  -14.975  42.438 0.0000000000
64495  -13.878  -14.980  38.890 0.0000000000
64520  -22.424  -14.482  37.189 0.0000000000
64554  -18.977  -14.307  33.989 0.0000000000
64565  -19.433  -14.756  32.634 0.0000000000
64582  -17.787  -14.492  30.150 0.0000000000
64583  -18.464  -14.742  30.675 0.0000000000
64584  -25.503  -14.650  30.628 0.0000000000
64592  -17.292  -14.203  29.691 0.0000000000
64627  -10.271  -14.806  26.568 0.0000000000
64628  -26.649  -14.386  28.155 0.0000000000
64648  -9.422  -14.307  25.952 0.0000000000
65341  -16.563  -14.572  49.372 0.0000000000
65342  -17.317  -14.514  49.336 0.0000000000
65354  -17.973  -13.513  43.577 0.0000000000
65355  -10.370  -14.224  41.972 0.0000000000
65362  -30.830  -14.837  43.313 0.0000000000
65363  -10.308  -14.344  41.111 0.0000000000
65379  -19.126  -13.265  40.278 0.0000000000
65382  -29.212  -14.405  42.765 0.0000000000
65410  -13.874  -13.334  36.016 0.0000000000
65433  -18.808  -13.492  32.196 0.0000000000
65454  -15.793  -13.839  28.551 0.0000000000
66289  -17.519  -13.804  49.083 0.0000000000
66310  -9.771  -13.200  41.335 0.0000000000
66318  -9.895  -13.456  40.946 0.0000000000
66344  -20.681  -12.947  38.904 0.0000000000
66370  -16.063  -12.543  33.421 0.0000000000
66373  -27.236  -12.102  34.159 0.0000000000
66382  -18.191  -13.017  31.097 0.0000000000
66384  -26.096  -12.157  32.043 0.0000000000
66386  -17.654  -12.799  30.550 0.0000000000
66390  -16.561  -12.432  29.637 0.0000000000
66393  -26.055  -12.110  29.377 0.0000000000
67182  -16.299  -11.601  49.036 0.0000000000
67203  -24.517  -11.007  43.417 0.0000000000
67208  -19.078  -11.259  41.304 0.0000000000
67221  -21.551  -11.565  40.107 0.0000000000
67270  -12.836  -11.276  34.153 0.0000000000
67273  -26.859  -11.905  33.331 0.0000000000
67373  -33.185  -11.231  21.533 0.0000000000
68087  -15.144  -10.621  48.464 0.0000000000
68106  -19.146  -10.151  42.287 0.0000000000
68108  -23.350  -9.977  43.584 0.0000000000
68115  -20.150  -10.406  41.433 0.0000000000
68118  -25.980  -10.668  42.966 0.0000000000
68149  -28.327  -10.781  38.666 0.0000000000
68158  -27.740  -10.337  37.911 0.0000000000
68192  -27.575  -10.432  32.864 0.0000000000
68195  -33.531  -10.379  32.379 0.0000000000
68207  -27.551  -10.077  30.387 0.0000000000
68211  -32.758  -10.327  30.130 0.0000000000
68298  -34.360  -10.826  21.101 0.0000000000
68994  -19.048  -9.641  44.027 0.0000000000
68998  -23.654  -9.071  44.127 0.0000000000
69008  -24.276  -9.212  43.765 0.0000000000
69009  -24.702  -9.718  43.607 0.0000000000
69016  -25.475  -10.113  42.999 0.0000000000
69026  -35.592  -9.986  41.137 0.0000000000
69035  -34.886  -10.291  40.065 0.0000000000
69038  -16.760  -10.062  38.435 0.0000000000
69042  -29.809  -9.728  38.379 0.0000000000
69060  -17.462  -9.699  36.321 0.0000000000
69067  -34.792  -10.062  35.430 0.0000000000
69075  -18.167  -8.998  33.847 0.0000000000
69086  -17.483  -9.444  33.532 0.0000000000
69092  -34.424  -9.878  33.019 0.0000000000
69101  -31.920  -10.434  32.435 0.0000000000
69102  -34.323  -9.841  32.586 0.0000000000
69108  -28.137  -9.733  31.760 0.0000000000
69113  -34.046  -9.789  32.003 0.0000000000
69116  -11.468  -9.595  31.351 0.0000000000
69123  -9.579  -8.959  28.848 0.0000000000
69860  -36.114  -9.115  41.900 0.0000000000
69877  -35.594  -9.051  38.710 0.0000000000
69879  -22.972  -8.020  37.914 0.0000000000
69886  -23.861  -8.162  36.552 0.0000000000
69887  -24.653  -8.463  36.208 0.0000000000
69900  -27.424  -7.926  35.955 0.0000000000
69904  -18.435  -8.345  34.026 0.0000000000
69915  -33.973  -9.092  32.269 0.0000000000
69922  -18.519  -8.010  31.893 0.0000000000
69949  -9.435  -8.332  28.438 0.0000000000
70702  -19.769  -7.214  47.591 0.0000000000
70703  -20.221  -7.250  47.392 0.0000000000
70713  -21.263  -6.945  46.204 0.0000000000
70728  -35.382  -6.954  42.653 0.0000000000
70735  -35.697  -7.809  42.391 0.0000000000
70748  -20.899  -7.217  39.207 0.0000000000
70762  -29.543  -7.053  37.966 0.0000000000
70773  -28.883  -6.991  37.259 0.0000000000
70775  -29.773  -7.928  37.813 0.0000000000
70788  -24.377  -7.500  35.267 0.0000000000
70789  -25.134  -7.469  35.142 0.0000000000
70791  -27.133  -7.343  35.691 0.0000000000
70797  -23.865  -6.951  34.967 0.0000000000
70845  -9.219  -7.781  27.976 0.0000000000
70869  -9.115  -7.062  26.737 0.0000000000
70891  -9.323  -6.589  26.299 0.0000000000
71579  -20.581  -6.624  46.356 0.0000000000
71604  -35.402  -6.033  42.891 0.0000000000
71614  -19.255  -6.602  41.214 0.0000000000
71618  -34.710  -6.869  42.857 0.0000000000
71652  -21.187  -6.762  37.329 0.0000000000
71662  -22.218  -6.723  35.732 0.0000000000
71664  -28.020  -6.416  36.523 0.0000000000
71669  -17.581  -6.602  35.299 0.0000000000
71672  -23.256  -6.865  35.165 0.0000000000
71673  -25.247  -6.665  34.889 0.0000000000
71677  -18.478  -7.262  33.810 0.0000000000
71678  -22.998  -5.748  34.658 0.0000000000
71679  -23.394  -6.398  34.804 0.0000000000
71681  -24.636  -6.349  34.720 0.0000000000
71686  -29.037  -5.928  33.448 0.0000000000
71735  -9.235  -7.151  27.497 0.0000000000
71862  -60.290  -6.713  21.429 0.0000000000
72450  -34.641  -4.972  43.235 0.0000000000
72484  -30.372  -5.560  39.699 0.0000000000
72493  -19.082  -5.561  38.308 0.0000000000
72496  -29.974  -5.889  39.079 0.0000000000
72505  -19.437  -5.510  37.608 0.0000000000
72508  -28.574  -5.573  37.557 0.0000000000
72516  -20.385  -5.465  36.267 0.0000000000
72518  -26.838  -5.228  36.003 0.0000000000
72530  -26.322  -5.767  35.398 0.0000000000
72534  -23.549  -5.325  34.570 0.0000000000
72535  -24.286  -5.761  34.607 0.0000000000
72586  -10.193  -6.041  27.432 0.0000000000
72605  -9.729  -5.525  26.665 0.0000000000
72616  -9.332  -6.059  26.155 0.0000000000
72698  -60.567  -6.097  20.486 0.0000000000
73301  -30.547  -4.742  40.268 0.0000000000
73319  -17.077  -4.203  38.788 0.0000000000
73332  -19.062  -4.818  37.083 0.0000000000
73334  -27.613  -4.517  37.321 0.0000000000
73337  -11.467  -4.313  36.943 0.0000000000
73342  -18.814  -4.188  36.720 0.0000000000
73347  -27.254  -4.876  36.691 0.0000000000
73348  -30.617  -4.294  36.447 0.0000000000
73353  -19.990  -4.037  35.715 0.0000000000
73354  -20.659  -4.254  35.445 0.0000000000
73356  -23.638  -4.005  34.908 0.0000000000
73365  -21.843  -4.766  34.908 0.0000000000
73366  -22.725  -4.851  34.613 0.0000000000
73368  -24.931  -5.271  34.806 0.0000000000
73379  -17.817  -4.306  33.050 0.0000000000
73437  -14.764  -4.438  27.547 0.0000000000
74136  -32.664  -3.604  42.302 0.0000000000
74152  -15.999  -3.898  38.932 0.0000000000
74159  -13.849  -2.943  39.005 0.0000000000
74160  -14.365  -2.944  38.785 0.0000000000
74167  -28.756  -3.940  38.889 0.0000000000
74173  -17.302  -3.123  37.415 0.0000000000
74177  -27.235  -3.969  37.647 0.0000000000
74178  -27.839  -4.166  37.860 0.0000000000
74184  -18.969  -3.567  36.326 0.0000000000
74195  -20.310  -3.458  35.546 0.0000000000
74198  -23.242  -3.494  35.232 0.0000000000
74248  -19.205  -3.476  29.225 0.0000000000
74258  -18.865  -3.325  28.525 0.0000000000
74272  -18.218  -3.140  27.941 0.0000000000
74974  -35.248  -2.746  43.238 0.0000000000
74975  -35.338  -2.592  43.141 0.0000000000
74983  -8.462  -2.231  42.456 0.0000000000
74988  -26.814  -2.292  40.970 0.0000000000
74991  -29.391  -2.040  41.231 0.0000000000
74992  -30.133  -2.695  41.013 0.0000000000
75008  -15.648  -2.408  38.289 0.0000000000
75017  -17.610  -2.415  36.955 0.0000000000
75018  -23.761  -2.311  37.924 0.0000000000
75037  -19.938  -2.720  35.680 0.0000000000
75038  -20.749  -2.839  35.520 0.0000000000
75040  -22.799  -2.974  35.682 0.0000000000
75049  -15.110  -2.916  34.006 0.0000000000
75070  -18.047  -2.362  31.758 0.0000000000
75100  -14.804  -2.264  27.301 0.0000000000
75808  -8.739  -1.923  43.308 0.0000000000
75809  -24.335  -1.465  43.709 0.0000000000
75816  -24.053  -1.663  42.690 0.0000000000
75820  -27.384  -1.241  42.940 0.0000000000
75825  -35.092  -0.306  42.478 0.0000000000
75830  -23.715  -1.593  41.120 0.0000000000
75834  -27.158  -1.827  41.977 0.0000000000
75838  -34.616  -0.613  41.542 0.0000000000
75859  -17.494  -1.614  37.095 0.0000000000
75861  -22.466  -1.764  37.537 0.0000000000
75868  -18.894  -1.402  36.416 0.0000000000
75870  -20.287  -1.423  36.127 0.0000000000
75897  -15.828  -1.842  33.238 0.0000000000
76001  -60.425  -2.084  18.147 0.0000000000
76635  -8.624  -1.537  43.167 0.0000000000
76643  -24.647  -1.191  43.787 0.0000000000
76647  -34.327  -0.280  42.868 0.0000000000
76648  -34.967  0.230  42.547 0.0000000000
76662  -29.006  0.084  42.574 0.0000000000
76681  -22.473  -1.192  39.522 0.0000000000
76690  -16.039  -0.789  38.324 0.0000000000
76691  -20.870  -0.422  38.097 0.0000000000
76692  -21.482  -0.760  38.404 0.0000000000
76700  -19.449  -0.087  37.112 0.0000000000
76703  -21.906  -1.249  37.896 0.0000000000
76713  -19.946  -0.633  36.582 0.0000000000
76769  -18.487  -1.281  30.513 0.0000000000
77496  -34.753  1.023  42.324 0.0000000000
77511  -32.905  1.453  41.960 0.0000000000
77512  -34.723  1.515  41.898 0.0000000000
77517  -15.405  0.476  40.565 0.0000000000
77534  -16.366  0.588  39.454 0.0000000000
77536  -19.705  0.711  39.255 0.0000000000
77552  -18.393  0.637  38.086 0.0000000000
77553  -19.113  0.720  38.432 0.0000000000
77565  -17.311  -0.198  37.734 0.0000000000
77566  -18.000  0.260  37.680 0.0000000000
78387  -18.865  1.678  41.336 0.0000000000
78413  -16.765  1.024  40.014 0.0000000000
112923  -12.661  -11.157  33.913 0.0000000000
113511  -28.289  -10.463  28.752 0.0000000000
114639  -14.068  -15.057  38.298 0.0000000000
114961  -15.507  -11.760  29.740 0.0000000000
115122  -29.682  -9.922  32.045 0.0000000000
115494  -22.159  -2.933  35.503 0.0000000000
115680  -22.991  -2.610  36.387 0.0000000000
116070  -25.667  -5.266  35.163 0.0000000000
116330  -19.497  -6.442  39.942 0.0000000000
116570  -20.412  -7.141  40.808 0.0000000000
117222  -22.250  -19.035  46.143 0.0000000000
117400  -16.212  -8.495  30.558 0.0000000000
117445  -17.423  -6.683  28.876 0.0000000000
117532  -34.020  0.639  42.640 0.0000000000
118225  -23.996  -8.669  42.596 0.0000000000
118301  -31.832  1.099  41.982 0.0000000000
118508  -18.158  -14.907  47.150 0.0000000000
118948  -18.160  -14.931  48.491 0.0000000000
119265  -34.614  -15.667  26.177 0.0000000000
119775  -9.493  -15.083  25.969 0.0000000000
119897  -18.598  -15.127  37.276 0.0000000000
119976  -41.776  -29.284  39.902 0.0000000000
120909  -23.335  -8.049  44.661 0.0000000000
121141  -25.734  -7.275  35.159 0.0000000000
121554  -29.109  -21.032  28.357 0.0000000000
121583  -33.167  -1.658  42.672 0.0000000000
122137  -25.666  -10.091  42.091 0.0000000000
122207  -27.882  -25.969  32.167 0.0000000000
122838  -23.855  -1.057  44.365 0.0000000000
123305  -14.318  -2.826  27.323 0.0000000000
123501  -19.117  -6.448  30.612 0.0000000000
123583  -18.114  -16.418  48.869 0.0000000000
123673  -18.990  -14.970  31.201 0.0000000000
123695  -23.629  -19.775  39.837 0.0000000000
123852  -18.711  -24.771  37.550 0.0000000000
124333  -21.050  -1.550  36.339 0.0000000000
125863  -11.024  -1.186  36.178 0.0000000000
125994  -20.165  -28.412  39.897 0.0000000000
126022  -28.414  -6.914  36.720 0.0000000000
126047  -17.883  -0.332  37.322 0.0000000000
126554  -18.727  -2.220  36.323 0.0000000000
126559  -35.273  -4.868  43.196 0.0000000000
126855  -13.867  -14.186  36.931 0.0000000000
126876  -17.329  0.289  38.105 0.0000000000
127489  -14.451  -27.378  40.849 0.0000000000
128385  -27.460  -11.254  28.072 0.0000000000
128539  -52.321  -18.100  32.869 0.0000000000
128628  -24.592  -9.128  38.333 0.0000000000
129214  -19.441  -15.830  33.153 0.0000000000
130435  -27.323  -20.112  28.466 0.0000000000
130453  -53.737  -16.765  30.109 0.0000000000
130814  -46.766  -15.058  33.609 0.0000000000
131161  -32.701  -3.028  39.799 0.0000000000
131199  -47.955  -16.208  35.190 0.0000000000
131324  -33.617  -6.192  39.454 0.0000000000
131436  -15.750  -23.375  41.180 0.0000000000
131637  -11.014  -22.327  44.386 0.0000000000
132293  -29.313  -27.862  36.275 0.0000000000
132365  -10.258  -0.500  38.231 0.0000000000
132428  -32.981  -21.397  34.629 0.0000000000
132839  -16.475  -12.807  33.710 0.0000000000
133248  -10.686  -24.212  40.062 0.0000000000
133283  -10.265  -17.012  25.886 0.0000000000
133844  -43.318  -18.202  33.110 0.0000000000
133868  -21.082  -29.753  40.861 0.0000000000
134035  -19.149  -18.307  34.793 0.0000000000
134188  -25.454  -12.289  42.019 0.0000000000
134339  -16.755  -5.417  28.106 0.0000000000
134396  -23.487  -13.931  36.730 0.0000000000
134471  -33.085  -3.424  40.280 0.0000000000
134755  -36.900  -12.361  22.414 0.0000000000
135090  -23.286  -8.724  44.284 0.0000000000
135123  -18.312  -2.530  27.953 0.0000000000
135186  -41.002  -32.672  38.820 0.0000000000
135401  -60.635  -4.362  19.061 0.0000000000
