#!ascii label  , from subject sub-v2s9x29170_ses-1 vox2ras=TkReg
2495
34169  -29.976  -46.323  -34.405 0.5000000000
34168  -28.694  -46.306  -34.956 0.5000000000
36166  -28.098  -44.887  -35.946 0.4000000060
36177  -28.211  -44.768  -36.064 0.5000000000
117165  -28.627  -43.938  -36.246 0.5000000000
37229  -30.380  -43.233  -36.679 0.5000000000
55100  -31.108  -25.168  -36.239 0.5000000000
56211  -31.303  -24.275  -36.383 0.4000000060
56212  -32.253  -24.068  -36.162 0.4000000060
57215  -31.506  -23.403  -36.878 0.4000000060
57216  -32.594  -23.279  -36.829 0.6000000238
57232  -31.787  -22.621  -37.605 0.5000000000
57217  -33.683  -23.031  -36.975 0.5000000000
58154  -32.147  -21.896  -38.280 0.5000000000
57233  -32.792  -22.616  -37.552 0.4000000060
59036  -32.591  -21.296  -38.575 0.5000000000
58136  -33.403  -22.096  -37.967 0.5000000000
57218  -34.630  -23.134  -36.549 0.4000000060
124277  -30.317  -47.807  -34.117 0.5000000000
34178  -28.017  -46.229  -35.796 0.4000000060
35146  -28.017  -45.535  -35.968 0.5000000000
35147  -28.610  -45.445  -36.281 0.5000000000
36179  -30.348  -44.647  -36.542 0.5000000000
119671  -30.850  -43.923  -36.658 0.5000000000
117576  -31.244  -43.311  -36.799 0.5000000000
38291  -31.632  -42.109  -37.037 0.5000000000
53972  -30.134  -26.368  -36.483 0.5000000000
55099  -30.272  -25.389  -36.473 0.5000000000
56188  -31.944  -24.932  -35.878 0.5000000000
56213  -33.271  -23.887  -36.165 0.6000000238
112797  -37.420  -22.058  -34.078 0.3000000119
58983  -36.983  -21.962  -34.676 0.3000000119
132930  -35.478  -21.918  -36.520 0.4000000060
58138  -35.104  -22.511  -36.663 0.3000000119
58121  -35.716  -22.398  -35.953 0.4000000060
33225  -29.582  -47.090  -34.590 0.5000000000
116430  -29.732  -43.898  -36.537 0.5000000000
36178  -29.144  -44.664  -36.393 0.5000000000
38280  -30.766  -42.005  -36.800 0.5000000000
119814  -32.877  -24.762  -35.778 0.6000000238
58984  -37.530  -21.370  -34.249 0.3000000119
59005  -36.674  -21.528  -35.254 0.3000000119
26362  -37.166  -55.005  -36.634 0.3000000119
25548  -36.764  -55.038  -36.317 0.3000000119
116660  -36.237  -57.602  -35.314 0.4000000060
23823  -35.930  -58.735  -35.327 0.4000000060
22905  -35.516  -59.323  -34.745 0.4000000060
22891  -35.303  -59.007  -33.827 0.4000000060
22015  -35.190  -60.085  -35.158 0.4000000060
22002  -34.168  -59.932  -34.001 0.4000000060
22890  -33.882  -59.422  -33.515 0.4000000060
25536  -37.277  -55.043  -35.697 0.3000000119
120263  -37.137  -55.343  -34.702 0.3000000119
120517  -37.091  -55.312  -34.446 0.4000000060
24655  -36.733  -55.775  -35.242 0.4000000060
24643  -36.593  -56.206  -34.002 0.4000000060
23804  -35.801  -58.455  -34.401 0.4000000060
23788  -35.551  -58.122  -33.575 0.4000000060
126611  -34.634  -59.261  -33.574 0.4000000060
23785  -32.699  -58.668  -33.435 0.4000000060
22889  -33.072  -59.456  -33.628 0.4000000060
25480  -37.973  -56.005  -30.765 0.3000000119
25501  -37.546  -55.664  -31.850 0.3000000119
26320  -37.340  -55.207  -31.197 0.3000000119
25526  -36.623  -55.791  -33.202 0.4000000060
25516  -36.575  -55.367  -32.493 0.4000000060
24642  -35.925  -57.001  -33.394 0.4000000060
24632  -35.603  -56.832  -32.797 0.4000000060
131456  -34.751  -58.136  -32.799 0.4000000060
23787  -34.354  -58.721  -33.094 0.4000000060
130203  -33.397  -57.432  -32.494 0.4000000060
23771  -33.101  -58.033  -32.854 0.4000000060
26334  -32.629  -55.343  -32.398 0.4000000060
26335  -33.096  -55.954  -31.956 0.4000000060
24629  -32.703  -57.233  -32.771 0.4000000060
26291  -38.676  -55.685  -29.235 0.3000000119
117359  -38.373  -56.667  -31.270 0.3000000119
26299  -37.666  -55.430  -30.202 0.3000000119
26319  -36.530  -54.984  -31.966 0.3000000119
25515  -35.585  -56.103  -32.315 0.3000000119
24631  -34.845  -57.286  -32.416 0.4000000060
25514  -34.563  -56.520  -31.914 0.4000000060
25513  -33.789  -56.349  -31.832 0.4000000060
23772  -34.035  -58.004  -32.593 0.4000000060
26315  -32.974  -55.228  -31.701 0.4000000060
27919  -32.690  -53.856  -31.607 0.4000000060
26275  -38.369  -55.281  -28.801 0.3000000119
27060  -37.778  -54.847  -28.690 0.3000000119
27077  -37.372  -54.853  -29.634 0.3000000119
27076  -36.768  -54.173  -30.087 0.3000000119
27089  -36.465  -54.208  -30.926 0.4000000060
27106  -36.137  -54.506  -31.423 0.4000000060
27105  -35.205  -54.656  -31.056 0.4000000060
25500  -35.076  -55.866  -31.688 0.4000000060
122973  -34.476  -51.814  -30.178 0.3000000119
27904  -34.441  -53.325  -30.476 0.4000000060
26317  -34.683  -55.375  -31.330 0.4000000060
27903  -33.604  -53.243  -30.665 0.3000000119
27103  -33.280  -54.583  -31.237 0.4000000060
27104  -34.208  -54.778  -30.954 0.4000000060
27920  -32.950  -53.164  -31.089 0.4000000060
131414  -41.001  -52.412  -26.846 0.3000000119
27870  -39.955  -53.629  -27.161 0.3000000119
30391  -41.146  -50.485  -26.601 0.3000000119
26276  -38.966  -55.366  -28.657 0.3000000119
27869  -39.106  -53.822  -27.057 0.3000000119
27061  -38.512  -54.894  -28.276 0.3000000119
27043  -38.024  -54.394  -27.888 0.3000000119
27866  -37.048  -53.053  -27.436 0.3000000119
114346  -37.451  -54.208  -28.310 0.3000000119
122870  -36.885  -53.520  -28.438 0.3000000119
27890  -35.993  -52.910  -30.020 0.3000000119
27891  -36.550  -53.515  -29.589 0.3000000119
28768  -35.764  -52.248  -29.532 0.3000000119
27906  -36.189  -53.621  -30.422 0.3000000119
28784  -35.078  -52.536  -30.157 0.3000000119
27905  -35.395  -53.387  -30.406 0.4000000060
29574  -33.688  -51.746  -30.555 0.3000000119
28794  -33.279  -52.483  -30.804 0.4000000060
29591  -32.980  -51.657  -31.138 0.4000000060
29590  -32.640  -51.645  -32.001 0.4000000060
28732  -40.518  -52.121  -26.463 0.3000000119
27847  -39.488  -53.181  -26.595 0.3000000119
29530  -39.888  -51.719  -26.068 0.3000000119
27846  -38.586  -53.220  -26.554 0.3000000119
134207  -38.083  -52.874  -26.417 0.3000000119
29551  -36.299  -51.755  -27.900 0.3000000119
28751  -36.714  -52.283  -27.192 0.3000000119
29550  -35.833  -51.313  -28.556 0.3000000119
28759  -36.124  -52.052  -28.788 0.3000000119
28760  -36.550  -52.609  -28.127 0.3000000119
29560  -35.341  -51.048  -29.197 0.3000000119
29576  -35.109  -51.677  -29.725 0.3000000119
29559  -34.733  -50.952  -29.697 0.3000000119
30410  -34.381  -50.307  -29.853 0.3000000119
124878  -33.372  -50.929  -30.772 0.3000000119
30424  -33.278  -50.109  -31.015 0.3000000119
29603  -32.709  -50.975  -32.685 0.4000000060
30390  -40.423  -50.415  -26.369 0.3000000119
134953  -40.873  -49.822  -26.601 0.3000000119
122769  -38.987  -52.054  -25.800 0.3000000119
29511  -39.293  -51.168  -25.795 0.3000000119
33164  -41.540  -47.474  -27.383 0.3000000119
34081  -41.323  -46.716  -27.539 0.3000000119
28718  -38.057  -51.969  -25.801 0.3000000119
30365  -37.912  -50.734  -25.646 0.3000000119
35040  -41.757  -45.301  -27.618 0.3000000119
30395  -35.819  -50.073  -27.492 0.3000000119
30396  -36.193  -50.540  -26.987 0.3000000119
29543  -36.469  -51.369  -26.861 0.3000000119
30403  -35.516  -50.408  -28.442 0.3000000119
29542  -36.027  -50.902  -27.711 0.3000000119
31311  -35.142  -49.614  -28.743 0.3000000119
30411  -34.978  -50.296  -29.279 0.3000000119
31324  -33.729  -49.536  -30.560 0.3000000119
122216  -33.062  -49.924  -31.712 0.4000000060
31343  -33.207  -49.313  -32.276 0.4000000060
30446  -33.166  -49.986  -34.058 0.5000000000
30389  -39.621  -50.337  -26.063 0.3000000119
116232  -40.873  -48.156  -27.164 0.3000000119
31287  -39.153  -49.570  -26.097 0.3000000119
32196  -40.128  -48.667  -26.978 0.3000000119
30388  -37.227  -50.533  -25.821 0.3000000119
31285  -37.434  -49.699  -25.891 0.3000000119
35057  -41.237  -45.017  -27.923 0.3000000119
37117  -41.954  -43.074  -28.391 0.3000000119
123631  -36.274  -49.743  -26.725 0.3000000119
127617  -36.834  -49.907  -26.121 0.3000000119
119781  -41.739  -42.562  -29.590 0.3000000119
31292  -35.771  -49.265  -27.374 0.3000000119
38169  -42.278  -42.184  -29.310 0.3000000119
32213  -34.698  -48.178  -29.191 0.3000000119
31301  -34.889  -48.857  -28.895 0.3000000119
37172  -43.594  -42.910  -32.204 0.3000000119
124365  -34.502  -48.814  -29.509 0.3000000119
32221  -34.281  -48.354  -29.924 0.3000000119
32231  -33.827  -48.676  -30.707 0.3000000119
31335  -33.382  -49.357  -31.280 0.3000000119
32252  -33.601  -48.520  -32.600 0.4000000060
120378  -33.520  -49.260  -33.835 0.5000000000
32194  -38.669  -48.784  -26.322 0.3000000119
32195  -39.362  -48.329  -26.947 0.3000000119
35039  -41.028  -46.069  -27.738 0.3000000119
114895  -36.903  -48.964  -26.278 0.3000000119
33143  -38.566  -47.945  -26.741 0.3000000119
33162  -39.238  -47.662  -27.344 0.3000000119
112129  -39.876  -47.416  -27.760 0.3000000119
31293  -36.184  -48.909  -26.823 0.3000000119
36081  -40.875  -44.683  -28.561 0.3000000119
32214  -35.210  -48.033  -28.276 0.3000000119
38189  -41.472  -42.804  -30.127 0.3000000119
37152  -40.917  -43.501  -30.149 0.3000000119
38210  -41.944  -42.816  -30.844 0.3000000119
36149  -41.581  -45.931  -33.166 0.3000000119
36138  -41.367  -45.367  -32.465 0.3000000119
33185  -34.535  -47.579  -29.655 0.3000000119
33200  -34.202  -47.740  -30.516 0.3000000119
115197  -33.895  -48.057  -31.227 0.3000000119
32244  -33.874  -47.902  -32.022 0.3000000119
33142  -37.749  -47.549  -26.630 0.3000000119
34079  -39.162  -46.994  -27.675 0.3000000119
32202  -35.802  -48.331  -27.308 0.3000000119
33159  -36.376  -47.580  -26.873 0.3000000119
32192  -37.011  -47.924  -26.454 0.3000000119
33160  -37.754  -46.918  -26.885 0.3000000119
34078  -38.273  -46.598  -27.321 0.3000000119
34103  -39.685  -46.751  -28.206 0.3000000119
34104  -40.221  -46.752  -28.197 0.3000000119
33176  -34.933  -47.364  -28.842 0.3000000119
34075  -35.733  -46.589  -27.700 0.3000000119
34076  -36.394  -46.643  -27.158 0.3000000119
34077  -37.364  -46.264  -27.084 0.3000000119
118043  -38.326  -45.633  -27.915 0.3000000119
35072  -39.974  -46.673  -29.670 0.3000000119
37151  -40.583  -44.588  -30.253 0.3000000119
34100  -34.779  -46.746  -29.350 0.3000000119
34153  -39.969  -47.249  -30.722 0.3000000119
35087  -40.073  -47.019  -30.367 0.3000000119
35099  -39.788  -47.126  -31.124 0.3000000119
35100  -40.017  -47.233  -30.973 0.3000000119
36121  -40.477  -45.771  -30.858 0.3000000119
34172  -39.817  -47.869  -33.172 0.3000000119
35113  -40.011  -47.592  -31.965 0.3000000119
34152  -34.366  -46.618  -31.119 0.4000000060
34173  -40.002  -48.044  -33.024 0.3000000119
120905  -34.326  -46.741  -31.796 0.4000000060
35152  -40.741  -47.904  -36.253 0.3000000119
33222  -34.203  -47.191  -32.306 0.3000000119
32253  -34.027  -47.738  -33.036 0.4000000060
35164  -41.833  -47.359  -37.457 0.3000000119
32258  -34.222  -47.966  -34.022 0.5000000000
32264  -34.359  -48.243  -34.916 0.5000000000
34101  -35.261  -46.425  -28.459 0.3000000119
120189  -35.863  -45.840  -27.784 0.3000000119
35036  -37.000  -44.810  -27.727 0.3000000119
36090  -38.746  -44.836  -29.107 0.3000000119
36107  -39.516  -46.270  -30.601 0.3000000119
34138  -34.481  -46.562  -30.515 0.4000000060
35112  -39.597  -47.200  -31.999 0.3000000119
35128  -39.594  -47.155  -33.720 0.3000000119
121150  -34.435  -46.097  -31.605 0.4000000060
119881  -34.377  -46.380  -32.473 0.5000000000
34180  -39.960  -48.054  -33.726 0.3000000119
35139  -40.368  -47.166  -35.396 0.4000000060
35140  -41.128  -46.197  -36.166 0.4000000060
123219  -34.290  -46.975  -33.000 0.5000000000
33228  -34.346  -47.132  -33.711 0.6000000238
35153  -41.508  -46.749  -36.803 0.3000000119
33233  -34.484  -47.279  -34.664 0.6000000238
35069  -35.542  -45.456  -28.427 0.3000000119
37114  -36.917  -43.711  -28.659 0.3000000119
126508  -38.010  -43.301  -29.514 0.3000000119
34120  -35.019  -45.835  -29.128 0.3000000119
37115  -37.582  -43.729  -28.832 0.3000000119
37129  -38.642  -44.192  -29.676 0.3000000119
37150  -38.998  -44.590  -30.429 0.3000000119
112857  -39.174  -44.919  -31.211 0.4000000060
35085  -34.551  -45.846  -30.722 0.4000000060
36147  -39.451  -45.576  -33.623 0.4000000060
133721  -39.659  -44.435  -33.687 0.4000000060
35098  -34.463  -45.533  -32.109 0.5000000000
36156  -39.790  -45.687  -34.391 0.4000000060
36157  -41.098  -44.538  -34.867 0.4000000060
36158  -41.991  -44.266  -35.102 0.4000000060
35111  -34.445  -45.640  -32.939 0.5000000000
35120  -34.506  -45.678  -33.743 0.6000000238
36168  -40.297  -45.690  -35.008 0.4000000060
36169  -41.074  -45.286  -35.517 0.4000000060
36170  -42.133  -44.803  -35.752 0.4000000060
37233  -43.829  -43.886  -36.277 0.4000000060
34179  -34.503  -46.416  -34.173 0.6000000238
35154  -42.599  -45.793  -37.077 0.3000000119
36185  -43.308  -44.701  -36.641 0.4000000060
34188  -34.601  -46.410  -34.966 0.6000000238
123884  -34.697  -47.016  -35.384 0.6000000238
33247  -35.006  -47.245  -36.167 0.6999999881
36088  -35.484  -44.408  -29.253 0.3000000119
37127  -36.526  -43.353  -29.230 0.3000000119
38167  -38.030  -42.604  -30.221 0.3000000119
35068  -34.909  -45.182  -29.816 0.3000000119
36106  -35.155  -44.200  -30.133 0.3000000119
37149  -38.605  -43.342  -30.314 0.3000000119
117060  -39.394  -43.067  -32.350 0.4000000060
121700  -34.566  -44.766  -31.655 0.5000000000
37185  -39.537  -43.621  -32.886 0.4000000060
37206  -40.862  -43.992  -34.292 0.4000000060
130927  -34.906  -43.478  -31.782 0.5000000000
114203  -41.803  -43.770  -34.487 0.4000000060
36135  -34.571  -44.141  -32.905 0.5000000000
119159  -34.503  -44.939  -33.315 0.6000000238
37208  -43.237  -43.441  -35.114 0.4000000060
37221  -44.208  -43.216  -35.857 0.4000000060
36155  -34.652  -44.585  -34.517 0.6000000238
37234  -44.637  -43.366  -36.639 0.4000000060
38283  -45.296  -42.605  -36.567 0.4000000060
35150  -35.074  -45.676  -35.972 0.6999999881
34213  -35.647  -46.522  -37.350 0.6999999881
33248  -35.422  -47.093  -36.919 0.6999999881
37147  -35.519  -43.342  -30.417 0.4000000060
38165  -36.836  -42.857  -29.573 0.4000000060
38208  -38.562  -42.449  -30.948 0.4000000060
38225  -39.544  -42.190  -32.516 0.4000000060
37166  -35.294  -43.061  -31.254 0.4000000060
116736  -36.666  -41.872  -30.781 0.4000000060
38240  -39.802  -42.883  -32.943 0.4000000060
38206  -35.575  -42.363  -31.570 0.4000000060
37197  -40.586  -43.501  -33.697 0.4000000060
38242  -41.185  -42.830  -33.159 0.4000000060
37198  -41.548  -43.346  -33.807 0.4000000060
38243  -42.112  -42.697  -33.373 0.4000000060
37199  -42.449  -43.180  -34.080 0.4000000060
38257  -43.983  -42.504  -34.794 0.4000000060
127128  -34.860  -42.855  -33.938 0.6000000238
38268  -43.805  -43.036  -35.232 0.4000000060
38270  -45.157  -42.183  -35.874 0.4000000060
37205  -34.752  -43.596  -34.318 0.6000000238
117781  -34.816  -44.086  -35.018 0.6999999881
37231  -35.124  -43.953  -35.757 0.6999999881
38284  -46.038  -42.287  -37.181 0.4000000060
116850  -35.371  -44.121  -36.525 0.6999999881
33259  -35.783  -47.376  -37.859 0.6999999881
39171  -37.653  -41.368  -31.311 0.4000000060
115477  -35.305  -42.366  -32.208 0.4000000060
39170  -36.941  -41.315  -31.206 0.4000000060
38226  -39.982  -42.157  -32.748 0.4000000060
37195  -34.736  -43.347  -33.347 0.6000000238
38224  -35.290  -41.988  -32.731 0.5000000000
38228  -41.696  -42.180  -32.637 0.4000000060
38239  -35.102  -42.164  -34.088 0.6999999881
38244  -42.998  -42.499  -33.720 0.4000000060
38266  -35.128  -42.635  -35.119 0.6999999881
39218  -44.412  -41.884  -34.677 0.4000000060
37218  -35.225  -42.960  -35.704 0.6999999881
39228  -45.508  -41.577  -35.730 0.4000000060
39219  -45.587  -40.950  -35.193 0.4000000060
37245  -35.619  -43.806  -37.155 0.6999999881
40160  -47.072  -41.028  -37.154 0.4000000060
36183  -35.512  -44.642  -37.026 0.6999999881
35162  -36.021  -45.926  -37.814 0.6999999881
40161  -47.587  -40.560  -37.712 0.4000000060
41219  -48.530  -39.664  -39.121 0.4000000060
40107  -36.797  -40.384  -32.453 0.4000000060
40096  -37.289  -40.787  -31.825 0.4000000060
39187  -38.832  -41.206  -32.549 0.4000000060
39173  -39.038  -41.708  -32.327 0.4000000060
38238  -35.027  -42.442  -33.380 0.6999999881
40118  -35.827  -40.663  -33.269 0.5000000000
38227  -40.832  -42.264  -32.553 0.4000000060
39216  -35.375  -41.382  -34.351 0.6999999881
39204  -42.609  -42.017  -32.963 0.4000000060
39206  -44.284  -41.332  -33.863 0.4000000060
38267  -35.320  -42.107  -35.526 0.6999999881
40122  -43.814  -40.963  -33.020 0.4000000060
40123  -44.507  -40.547  -33.364 0.4000000060
39251  -35.789  -41.862  -36.856 0.6999999881
129155  -44.840  -40.737  -33.986 0.4000000060
37232  -35.416  -43.343  -36.452 0.6999999881
40141  -46.322  -40.428  -35.587 0.4000000060
40147  -46.712  -40.709  -36.388 0.4000000060
41165  -46.990  -39.919  -35.988 0.4000000060
36195  -36.000  -44.442  -37.704 0.6999999881
40148  -47.407  -40.111  -36.856 0.4000000060
41207  -48.400  -39.321  -38.335 0.4000000060
42207  -48.743  -38.850  -39.024 0.4000000060
40109  -38.568  -40.730  -32.916 0.4000000060
39189  -40.493  -41.538  -32.350 0.4000000060
41124  -36.779  -39.738  -33.527 0.6000000238
41115  -36.960  -39.938  -32.925 0.5000000000
40111  -40.392  -40.915  -32.255 0.5000000000
39174  -40.986  -40.959  -31.709 0.4000000060
40156  -32.734  -40.588  -37.444 0.4000000060
40157  -33.527  -40.585  -37.804 0.5000000000
40133  -36.091  -40.134  -33.925 0.6000000238
40100  -42.590  -40.866  -31.948 0.4000000060
40139  -35.785  -40.596  -35.442 0.6000000238
40113  -44.145  -40.247  -32.602 0.4000000060
39237  -35.970  -40.611  -36.136 0.6000000238
41130  -45.388  -39.445  -33.409 0.4000000060
115948  -36.087  -41.063  -36.856 0.6999999881
41143  -45.659  -39.822  -34.139 0.4000000060
39252  -36.384  -41.804  -37.622 0.6999999881
41152  -46.591  -39.598  -35.160 0.4000000060
36196  -36.568  -44.279  -38.407 0.6999999881
121039  -47.680  -38.762  -36.271 0.4000000060
42194  -48.492  -38.158  -37.527 0.4000000060
43158  -49.084  -37.248  -38.572 0.4000000060
44056  -50.044  -36.428  -39.831 0.4000000060
40121  -39.129  -40.386  -33.345 0.5000000000
41126  -38.073  -39.614  -33.901 0.6000000238
40120  -38.335  -40.153  -33.351 0.5000000000
40098  -40.818  -40.220  -31.693 0.5000000000
41180  -32.244  -39.775  -37.325 0.3000000119
41181  -33.218  -39.742  -37.620 0.5000000000
114625  -36.230  -39.994  -35.744 0.6000000238
41139  -36.723  -39.556  -34.335 0.6000000238
130369  -42.222  -40.443  -31.541 0.4000000060
40145  -36.444  -40.260  -36.569 0.6000000238
41118  -43.704  -39.893  -31.909 0.5000000000
112915  -37.602  -40.944  -38.278 0.6999999881
39253  -36.820  -40.754  -37.520 0.6000000238
41119  -44.415  -39.489  -32.266 0.4000000060
112874  -37.028  -41.460  -38.168 0.6999999881
42142  -45.606  -38.673  -33.153 0.4000000060
120476  -46.429  -39.069  -34.577 0.4000000060
42163  -46.935  -38.756  -34.981 0.4000000060
43129  -47.992  -37.870  -36.223 0.4000000060
43145  -48.599  -37.396  -37.435 0.4000000060
44050  -49.290  -36.541  -38.510 0.4000000060
45037  -50.127  -35.670  -39.716 0.4000000060
41140  -37.661  -39.188  -34.729 0.6000000238
116075  -38.628  -39.368  -34.359 0.6000000238
41127  -39.124  -39.824  -33.832 0.5000000000
114104  -40.333  -40.118  -32.485 0.5000000000
121531  -32.643  -38.972  -37.434 0.4000000060
123995  -33.351  -38.938  -37.654 0.4000000060
41162  -37.564  -39.294  -36.585 0.6000000238
41150  -37.411  -39.055  -35.738 0.6000000238
41104  -41.652  -39.086  -30.904 0.5000000000
41182  -33.945  -39.290  -37.897 0.5000000000
40159  -38.421  -40.309  -38.239 0.6999999881
40158  -37.542  -40.293  -37.691 0.6999999881
115942  -42.249  -39.764  -31.202 0.5000000000
42200  -34.644  -39.009  -38.141 0.5000000000
41201  -39.453  -39.981  -38.410 0.6999999881
42129  -43.430  -38.759  -30.984 0.5000000000
128889  -36.054  -38.640  -38.402 0.6999999881
42201  -35.423  -38.842  -38.341 0.6000000238
40171  -40.253  -40.415  -39.103 0.6999999881
115955  -39.376  -40.790  -39.072 0.6999999881
42130  -44.191  -38.398  -31.289 0.5000000000
115053  -38.434  -37.696  -38.278 0.6999999881
42202  -36.722  -38.648  -38.554 0.6999999881
39278  -39.567  -41.715  -39.760 0.6999999881
42137  -45.281  -38.272  -32.411 0.4000000060
40180  -40.556  -41.307  -40.053 0.6999999881
38319  -40.106  -42.766  -40.700 0.8000000119
42143  -46.029  -38.316  -33.593 0.4000000060
111972  -46.511  -38.335  -34.232 0.4000000060
43114  -47.591  -37.451  -35.408 0.4000000060
43130  -48.389  -37.150  -36.699 0.4000000060
44040  -48.653  -36.618  -37.283 0.4000000060
45031  -49.432  -35.575  -38.407 0.4000000060
41142  -39.972  -38.902  -34.397 0.6000000238
132989  -40.236  -39.005  -33.442 0.6000000238
41117  -40.330  -39.305  -32.843 0.6000000238
125506  -41.046  -38.881  -31.211 0.5000000000
42187  -33.045  -38.290  -37.448 0.4000000060
42188  -33.968  -38.495  -37.639 0.6999999881
120043  -39.717  -38.581  -36.419 0.6999999881
42159  -38.126  -38.780  -36.171 0.6000000238
41151  -38.114  -38.818  -35.501 0.6000000238
42127  -40.564  -38.456  -32.159 0.5000000000
42189  -34.912  -38.418  -37.768 0.6999999881
41202  -40.316  -39.686  -38.458 0.6999999881
41185  -39.802  -39.306  -37.792 0.6999999881
41164  -39.285  -38.933  -37.116 0.6999999881
41163  -38.388  -39.094  -36.934 0.6999999881
42119  -41.238  -38.300  -30.878 0.5000000000
42120  -41.969  -38.339  -30.605 0.5000000000
115378  -36.122  -37.815  -37.528 0.6999999881
42122  -43.667  -38.052  -30.760 0.5000000000
42191  -36.522  -38.222  -37.991 0.6999999881
41216  -41.621  -39.909  -39.482 0.6999999881
41203  -41.109  -39.430  -38.609 0.6999999881
42131  -44.845  -37.813  -31.646 0.4000000060
43152  -37.514  -38.073  -38.175 0.6999999881
41217  -42.348  -39.623  -40.112 0.6999999881
40181  -41.245  -40.666  -39.963 0.6999999881
43162  -42.918  -37.607  -40.457 0.6000000238
41227  -42.552  -39.148  -41.245 0.6000000238
41226  -42.445  -39.890  -41.137 0.6999999881
43087  -45.493  -37.404  -32.279 0.4000000060
43088  -46.017  -37.051  -32.926 0.4000000060
43153  -39.056  -37.126  -38.224 0.6999999881
43166  -42.771  -37.698  -41.142 0.6000000238
43104  -46.779  -37.527  -34.146 0.4000000060
42227  -42.286  -38.760  -41.549 0.6000000238
43105  -47.263  -36.970  -34.584 0.4000000060
44007  -48.016  -36.172  -35.553 0.4000000060
44023  -48.406  -36.203  -36.433 0.4000000060
130906  -49.044  -35.543  -37.723 0.4000000060
46030  -49.516  -34.480  -38.735 0.4000000060
42135  -40.357  -38.491  -33.052 0.6000000238
43138  -32.619  -37.538  -37.205 0.6000000238
43139  -33.495  -37.716  -37.266 0.6000000238
43140  -34.429  -37.817  -37.281 0.6999999881
43127  -41.035  -37.586  -36.317 0.6000000238
42162  -40.634  -37.903  -35.599 0.6999999881
42161  -40.061  -38.377  -35.629 0.6999999881
42153  -40.245  -38.290  -34.799 0.6000000238
41187  -41.312  -38.737  -38.163 0.6000000238
125502  -40.926  -38.430  -37.403 0.6000000238
42192  -40.196  -38.750  -37.168 0.6999999881
43141  -35.356  -37.812  -37.361 0.6999999881
43155  -42.077  -37.729  -38.371 0.6000000238
43073  -42.323  -37.640  -30.495 0.5000000000
43142  -37.061  -37.481  -37.376 0.6999999881
43126  -36.098  -37.192  -36.859 0.6999999881
43156  -42.620  -37.671  -39.371 0.6000000238
42206  -42.371  -38.409  -39.036 0.6000000238
43075  -43.865  -37.362  -30.707 0.4000000060
43143  -38.303  -37.181  -37.637 0.6999999881
44037  -37.720  -36.685  -37.001 0.6999999881
41218  -42.703  -39.119  -40.573 0.6999999881
44038  -38.379  -36.426  -37.311 0.6999999881
43082  -45.131  -36.880  -31.647 0.4000000060
44066  -42.403  -37.141  -41.354 0.6000000238
43983  -46.222  -36.177  -32.851 0.4000000060
43997  -46.656  -36.758  -33.638 0.4000000060
44047  -39.385  -36.485  -38.721 0.6999999881
45034  -39.635  -35.876  -39.812 0.6999999881
43161  -40.472  -37.473  -40.089 0.6999999881
43165  -41.069  -37.734  -41.108 0.6000000238
131526  -47.461  -35.662  -34.501 0.4000000060
44989  -48.241  -35.388  -35.770 0.4000000060
45009  -48.527  -35.288  -36.600 0.4000000060
46009  -48.620  -34.517  -36.845 0.4000000060
45023  -49.200  -34.881  -37.912 0.4000000060
130922  -49.211  -33.759  -38.649 0.3000000119
42141  -40.238  -38.583  -33.930 0.6000000238
126453  -32.761  -36.386  -36.768 0.5000000000
44022  -41.429  -36.619  -36.983 0.6000000238
43113  -41.185  -36.899  -36.282 0.6000000238
43112  -40.889  -37.251  -35.599 0.6000000238
113943  -40.391  -37.876  -34.216 0.6000000238
43093  -40.402  -37.792  -33.472 0.6000000238
115632  -40.515  -37.062  -32.133 0.6000000238
44035  -33.060  -37.005  -37.005 0.6000000238
43124  -34.009  -37.167  -36.858 0.5000000000
112161  -42.020  -37.028  -38.010 0.6000000238
43144  -41.670  -37.437  -37.570 0.6000000238
43128  -41.407  -37.217  -36.925 0.6000000238
43079  -40.657  -37.634  -31.684 0.4000000060
43961  -41.919  -36.939  -30.481 0.5000000000
43125  -35.006  -37.254  -36.751 0.6999999881
43973  -40.729  -36.708  -31.362 0.5000000000
43962  -42.561  -36.412  -30.438 0.4000000060
43963  -43.301  -36.849  -30.515 0.4000000060
44018  -36.523  -36.394  -36.263 0.8000000119
44048  -42.061  -36.399  -38.753 0.6000000238
44921  -43.381  -36.087  -30.521 0.4000000060
43975  -44.657  -36.339  -31.178 0.4000000060
44061  -42.753  -36.860  -40.996 0.6000000238
45035  -41.931  -35.446  -40.473 0.6000000238
43976  -45.262  -35.991  -31.639 0.4000000060
44046  -38.907  -36.489  -37.880 0.6999999881
45041  -41.892  -35.510  -41.113 0.6000000238
44951  -46.330  -35.310  -32.798 0.4000000060
43989  -46.747  -35.787  -33.425 0.4000000060
45029  -39.097  -35.849  -38.378 0.6999999881
134382  -39.327  -35.862  -38.955 0.6999999881
44058  -40.439  -36.025  -40.788 0.6999999881
45040  -40.791  -35.211  -41.375 0.6999999881
45966  -47.210  -34.552  -33.888 0.4000000060
44974  -47.555  -35.024  -34.468 0.4000000060
46034  -39.348  -35.080  -40.300 0.6999999881
46970  -47.022  -33.815  -33.692 0.4000000060
47968  -47.590  -32.912  -35.075 0.3000000119
45993  -48.350  -34.557  -36.013 0.4000000060
47993  -48.001  -32.663  -36.585 0.4000000060
47028  -48.660  -33.756  -37.292 0.3000000119
44021  -41.038  -36.135  -36.371 0.6000000238
44005  -40.858  -36.449  -35.597 0.6000000238
112677  -40.684  -36.791  -34.853 0.6000000238
43996  -40.554  -36.194  -34.121 0.6000000238
120582  -40.528  -36.113  -33.228 0.5000000000
44015  -33.613  -36.438  -36.601 0.6000000238
44016  -34.614  -36.558  -36.442 0.6000000238
45008  -41.320  -35.913  -37.187 0.6000000238
44936  -40.685  -35.654  -31.579 0.5000000000
44017  -35.575  -36.576  -36.356 0.6999999881
44039  -41.734  -36.475  -37.698 0.6000000238
45921  -41.436  -34.556  -30.757 0.5000000000
121635  -41.028  -35.931  -30.877 0.4000000060
44920  -42.549  -35.493  -30.436 0.4000000060
44019  -37.369  -36.157  -36.347 0.6999999881
45003  -36.010  -35.918  -35.827 0.6999999881
45030  -41.768  -35.522  -39.256 0.6000000238
46020  -41.156  -34.852  -38.613 0.6000000238
45923  -43.061  -34.815  -30.452 0.5000000000
128884  -43.541  -35.354  -30.564 0.5000000000
45005  -37.561  -35.402  -36.191 0.8000000119
45004  -36.880  -35.678  -35.834 0.8000000119
45924  -43.797  -34.688  -30.642 0.4000000060
44938  -44.682  -35.527  -31.195 0.4000000060
45006  -38.002  -35.172  -36.857 0.8000000119
46042  -41.539  -34.746  -40.987 0.6000000238
45931  -44.500  -34.751  -31.083 0.4000000060
46018  -38.201  -34.862  -37.919 0.6999999881
46049  -41.315  -34.876  -41.221 0.6999999881
49877  -44.763  -30.402  -31.935 0.5000000000
48896  -45.102  -31.907  -31.815 0.5000000000
46935  -44.663  -33.426  -31.245 0.4000000060
118013  -45.482  -34.268  -31.863 0.4000000060
46028  -38.410  -34.509  -39.060 0.6999999881
46033  -38.880  -34.574  -40.121 0.6999999881
45045  -40.130  -34.674  -41.376 0.6999999881
46048  -40.666  -34.385  -41.387 0.6999999881
50802  -44.851  -29.602  -32.292 0.5000000000
49856  -45.241  -31.189  -32.232 0.5000000000
48919  -45.662  -32.085  -32.577 0.4000000060
47941  -45.832  -33.070  -32.470 0.4000000060
46951  -46.427  -33.626  -33.062 0.4000000060
134516  -45.744  -29.069  -33.689 0.4000000060
49878  -45.319  -30.402  -32.634 0.5000000000
49882  -45.723  -30.504  -33.460 0.4000000060
115275  -46.560  -31.886  -34.080 0.4000000060
47967  -47.035  -32.578  -34.239 0.4000000060
46983  -47.284  -33.366  -34.234 0.4000000060
50813  -46.046  -29.148  -34.582 0.4000000060
50812  -45.829  -29.856  -34.005 0.4000000060
49887  -46.319  -30.710  -34.947 0.4000000060
47983  -47.080  -31.949  -34.881 0.4000000060
47984  -47.634  -32.473  -35.876 0.4000000060
44988  -40.635  -35.469  -35.542 0.6000000238
44973  -40.541  -35.395  -34.515 0.6000000238
45001  -33.100  -35.648  -36.469 0.5000000000
46008  -40.539  -34.454  -37.028 0.6000000238
45992  -40.447  -34.489  -36.006 0.6000000238
45978  -40.400  -34.497  -34.835 0.6000000238
45945  -40.501  -34.607  -33.197 0.5000000000
122765  -40.517  -34.110  -32.490 0.5000000000
44949  -40.537  -35.336  -32.585 0.5000000000
45002  -34.314  -35.718  -36.150 0.6000000238
44985  -35.385  -35.407  -35.705 0.6999999881
46019  -40.690  -34.489  -37.833 0.6000000238
45020  -40.939  -35.147  -37.551 0.6000000238
47911  -40.735  -32.862  -31.775 0.5000000000
45930  -41.010  -34.192  -31.160 0.5000000000
44984  -34.737  -34.970  -35.672 0.6000000238
46036  -41.473  -34.755  -39.984 0.6000000238
112994  -40.661  -34.174  -38.415 0.6000000238
47901  -41.859  -32.977  -30.774 0.5000000000
46925  -41.638  -33.840  -30.734 0.5000000000
44987  -37.068  -34.919  -35.708 0.8000000119
48895  -43.975  -31.292  -30.956 0.5000000000
127843  -43.412  -33.273  -30.576 0.5000000000
46927  -43.205  -34.109  -30.498 0.5000000000
46007  -37.531  -34.580  -36.256 0.8000000119
46035  -41.177  -34.014  -40.719 0.6000000238
51809  -43.034  -28.849  -31.841 0.5000000000
50800  -41.570  -29.501  -32.257 0.5000000000
49854  -43.389  -30.555  -31.164 0.5000000000
48878  -43.443  -31.927  -30.705 0.5000000000
47903  -43.612  -32.574  -30.646 0.5000000000
47904  -44.167  -32.976  -30.802 0.4000000060
46017  -37.796  -34.295  -37.165 0.8000000119
46041  -41.056  -34.116  -41.212 0.6999999881
50782  -42.925  -29.447  -31.594 0.5000000000
50783  -43.535  -29.861  -31.448 0.5000000000
116472  -44.653  -31.164  -31.578 0.5000000000
48879  -44.129  -32.171  -30.824 0.5000000000
47032  -37.838  -33.671  -39.335 0.8000000119
133054  -39.403  -34.042  -41.332 0.6999999881
47051  -40.483  -33.680  -41.354 0.6999999881
51822  -42.722  -28.388  -32.209 0.5000000000
124584  -44.391  -28.230  -32.320 0.4000000060
46039  -38.879  -34.047  -40.986 0.6999999881
51825  -44.930  -28.730  -32.540 0.4000000060
112465  -40.483  -34.800  -34.027 0.5000000000
46005  -32.438  -34.427  -36.216 0.5000000000
47019  -40.136  -33.585  -36.517 0.6000000238
47002  -40.193  -33.660  -35.401 0.6000000238
116646  -40.457  -33.855  -33.153 0.5000000000
114511  -32.974  -34.865  -36.238 0.5000000000
46969  -40.379  -33.310  -33.557 0.5000000000
48892  -40.855  -32.148  -31.769 0.5000000000
47015  -31.809  -33.980  -36.192 0.5000000000
113219  -33.445  -34.131  -35.739 0.5000000000
46006  -33.802  -34.955  -35.954 0.5000000000
47034  -40.438  -33.552  -38.729 0.6000000238
47027  -40.352  -33.756  -37.670 0.6000000238
49875  -40.744  -30.815  -32.509 0.5000000000
48893  -41.388  -31.612  -31.485 0.5000000000
47912  -41.297  -32.508  -31.291 0.5000000000
46029  -40.878  -34.124  -39.411 0.6000000238
47033  -40.103  -32.822  -38.924 0.6000000238
50799  -40.864  -29.996  -32.762 0.5000000000
49852  -41.748  -30.764  -31.517 0.5000000000
134911  -42.728  -31.826  -30.760 0.5000000000
47016  -36.698  -33.374  -35.865 0.6999999881
47045  -40.745  -33.410  -41.119 0.6000000238
122788  -42.910  -30.040  -31.345 0.5000000000
48894  -42.238  -31.343  -31.095 0.5000000000
47017  -37.257  -33.600  -36.488 0.6999999881
51821  -41.876  -28.720  -32.518 0.5000000000
47025  -37.524  -33.490  -37.558 0.6999999881
52884  -43.226  -27.573  -32.559 0.4000000060
46027  -37.870  -34.060  -38.287 0.8000000119
47044  -38.442  -33.399  -41.063 0.6999999881
52885  -44.155  -27.580  -32.445 0.5000000000
52898  -44.572  -27.064  -32.753 0.5000000000
130305  -37.573  -33.352  -38.502 0.6999999881
47039  -38.302  -33.936  -40.169 0.8000000119
117238  -45.500  -27.709  -33.224 0.4000000060
51844  -45.850  -28.308  -33.810 0.5000000000
52931  -47.572  -27.191  -36.243 0.4000000060
52938  -47.762  -27.517  -37.075 0.5000000000
52939  -48.277  -27.057  -37.689 0.5000000000
52953  -47.371  -28.078  -39.648 0.5000000000
52945  -47.806  -27.704  -38.633 0.5000000000
54003  -48.577  -26.585  -39.313 0.5000000000
46982  -40.279  -33.531  -34.434 0.5000000000
129387  -39.722  -32.777  -36.516 0.6000000238
47001  -39.841  -32.910  -35.767 0.6000000238
47982  -40.077  -32.875  -34.883 0.6000000238
121201  -40.317  -32.074  -33.748 0.5000000000
47956  -40.412  -32.522  -33.230 0.5000000000
48917  -40.756  -31.544  -32.123 0.5000000000
45988  -32.659  -33.642  -35.739 0.5000000000
45989  -34.579  -34.248  -35.540 0.6999999881
47026  -40.072  -33.108  -38.093 0.6000000238
47992  -39.552  -32.205  -36.983 0.6000000238
113160  -39.623  -32.157  -36.087 0.6000000238
50808  -40.625  -29.765  -33.622 0.5000000000
48925  -40.458  -31.608  -33.052 0.5000000000
113220  -32.009  -33.157  -35.659 0.5000000000
46997  -34.452  -33.320  -35.417 0.6000000238
47040  -40.599  -33.267  -40.049 0.6000000238
49881  -40.449  -30.659  -33.481 0.5000000000
46998  -35.446  -33.544  -35.417 0.6999999881
48965  -39.547  -31.604  -38.495 0.6000000238
50809  -41.108  -29.191  -33.018 0.5000000000
47981  -36.128  -32.928  -35.603 0.6999999881
48012  -40.142  -32.399  -39.928 0.6000000238
51834  -42.235  -27.971  -32.866 0.5000000000
52896  -42.551  -27.272  -33.356 0.6000000238
52895  -41.836  -27.759  -33.807 0.4000000060
47050  -39.516  -33.407  -41.433 0.6999999881
48024  -40.252  -32.904  -41.284 0.6999999881
53925  -43.946  -26.908  -32.717 0.5000000000
55087  -46.751  -25.549  -34.911 0.4000000060
55104  -47.811  -25.528  -35.861 0.4000000060
122300  -38.721  -32.861  -41.358 0.6999999881
53977  -47.756  -26.368  -35.953 0.4000000060
118854  -37.534  -32.497  -40.390 0.6999999881
53986  -48.115  -26.720  -36.713 0.4000000060
48003  -37.204  -32.794  -38.074 0.6999999881
52954  -47.966  -27.420  -39.485 0.5000000000
52958  -47.202  -27.968  -40.517 0.5000000000
54013  -48.503  -26.415  -40.291 0.5000000000
47965  -39.890  -32.190  -35.252 0.5000000000
48932  -40.263  -31.457  -33.983 0.5000000000
48951  -39.560  -31.332  -36.547 0.6000000238
116129  -39.704  -30.872  -35.892 0.5000000000
49886  -40.190  -30.828  -34.411 0.5000000000
46995  -32.795  -32.822  -35.492 0.6000000238
46996  -33.526  -33.066  -35.453 0.6000000238
48958  -39.493  -31.528  -37.551 0.6000000238
118093  -40.349  -30.225  -34.169 0.5000000000
47980  -34.323  -32.355  -35.489 0.6000000238
112775  -39.508  -30.842  -39.094 0.5000000000
113042  -39.467  -30.994  -38.095 0.5000000000
51832  -40.846  -28.986  -33.957 0.5000000000
51843  -41.249  -28.258  -34.368 0.5000000000
113053  -35.265  -32.626  -35.518 0.6999999881
48004  -39.728  -31.654  -39.596 0.6000000238
51833  -41.483  -28.459  -33.389 0.5000000000
52906  -41.600  -27.666  -34.652 0.6000000238
52907  -42.156  -27.099  -34.457 0.5000000000
47990  -35.771  -32.137  -35.938 0.6999999881
48977  -39.689  -31.298  -41.204 0.6999999881
55071  -43.941  -25.185  -34.574 0.5000000000
56180  -45.001  -24.306  -34.872 0.4000000060
47991  -36.563  -32.669  -36.317 0.6999999881
48984  -39.370  -31.594  -41.422 0.6999999881
48023  -38.497  -32.029  -41.380 0.6999999881
53935  -42.923  -26.605  -33.753 0.5000000000
55061  -44.306  -25.728  -33.678 0.5000000000
55072  -44.761  -24.995  -34.239 0.4000000060
56181  -45.612  -24.700  -34.636 0.4000000060
55088  -47.134  -25.213  -35.295 0.4000000060
47997  -37.108  -32.912  -37.097 0.6999999881
48016  -38.003  -32.718  -41.078 0.6999999881
56220  -48.056  -24.866  -36.121 0.4000000060
55105  -48.374  -25.376  -36.525 0.4000000060
128556  -36.457  -32.180  -37.516 0.6999999881
48009  -36.997  -31.887  -39.862 0.6999999881
53978  -48.215  -26.030  -36.389 0.4000000060
55118  -48.804  -25.086  -37.169 0.4000000060
48002  -36.688  -32.101  -38.805 0.6999999881
53987  -48.565  -26.032  -37.162 0.4000000060
55129  -49.227  -25.146  -38.376 0.4000000060
112187  -49.335  -25.175  -39.965 0.4000000060
115613  -47.556  -27.036  -41.269 0.5000000000
49903  -39.710  -30.420  -36.513 0.5000000000
50828  -39.917  -30.266  -35.696 0.5000000000
49909  -39.547  -30.707  -37.349 0.5000000000
50838  -40.028  -29.631  -36.320 0.5000000000
50829  -40.259  -29.573  -35.416 0.5000000000
51861  -40.689  -28.768  -35.052 0.5000000000
47979  -33.386  -32.099  -35.434 0.6000000238
49915  -39.521  -30.276  -38.217 0.5000000000
50811  -40.463  -29.603  -34.509 0.5000000000
48942  -34.860  -31.778  -35.796 0.6999999881
49920  -39.567  -29.924  -39.306 0.5000000000
51862  -41.196  -27.927  -35.234 0.6000000238
53946  -41.702  -27.292  -35.325 0.5000000000
135139  -39.635  -30.414  -39.915 0.6000000238
49925  -39.592  -30.557  -41.263 0.6999999881
53947  -42.668  -26.347  -34.788 0.5000000000
56179  -44.507  -24.458  -35.209 0.4000000060
48950  -34.925  -31.380  -36.778 0.6999999881
114466  -39.292  -30.627  -41.581 0.8000000119
55070  -43.202  -25.625  -35.226 0.5000000000
56196  -46.212  -24.144  -35.231 0.4000000060
56197  -46.835  -24.545  -35.311 0.4000000060
57204  -47.812  -23.999  -36.124 0.4000000060
125349  -35.957  -31.904  -36.648 0.6999999881
50867  -37.747  -29.156  -41.670 0.6000000238
56221  -48.471  -24.558  -36.627 0.4000000060
48976  -37.530  -31.771  -40.812 0.6999999881
118986  -37.208  -30.797  -40.766 0.6999999881
49931  -37.442  -30.123  -41.179 0.6000000238
51910  -37.153  -27.966  -41.608 0.6000000238
56231  -49.325  -24.172  -37.888 0.4000000060
48964  -35.673  -31.457  -38.659 0.6999999881
121712  -36.028  -31.266  -39.523 0.6000000238
48975  -36.442  -30.837  -40.233 0.6999999881
50860  -35.752  -28.909  -40.580 0.6000000238
134995  -36.900  -28.584  -41.397 0.6000000238
56237  -49.419  -24.473  -38.524 0.4000000060
48957  -35.325  -31.452  -37.702 0.6999999881
51902  -36.065  -28.293  -40.789 0.6000000238
51903  -36.779  -27.521  -41.229 0.6000000238
55141  -49.032  -25.358  -40.822 0.5000000000
51895  -36.196  -28.014  -40.697 0.6000000238
55140  -48.412  -26.143  -41.035 0.5000000000
54035  -47.013  -26.936  -42.794 0.5000000000
50839  -40.402  -28.890  -36.031 0.6000000238
48939  -31.407  -31.630  -35.413 0.5000000000
50845  -39.783  -29.728  -37.355 0.5000000000
51873  -40.275  -28.906  -36.939 0.6000000238
51874  -40.599  -28.337  -36.606 0.6000000238
48940  -33.005  -31.000  -35.645 0.6000000238
48941  -33.927  -31.452  -35.720 0.6000000238
50850  -39.705  -29.408  -38.467 0.6000000238
51881  -40.118  -28.747  -37.916 0.6000000238
52918  -41.335  -27.464  -36.054 0.5000000000
53961  -41.862  -26.774  -36.111 0.5000000000
129040  -42.154  -26.750  -35.346 0.5000000000
48948  -33.158  -30.429  -36.766 0.6000000238
118095  -39.688  -29.106  -39.450 0.6000000238
124110  -39.842  -28.115  -40.209 0.6000000238
53975  -42.176  -26.103  -37.078 0.5000000000
55103  -43.483  -24.463  -37.409 0.5000000000
56195  -44.994  -23.679  -35.857 0.4000000060
57183  -45.534  -23.842  -35.400 0.4000000060
48949  -34.020  -31.007  -36.562 0.6000000238
127727  -39.440  -29.756  -41.620 0.6999999881
50856  -39.724  -28.910  -40.474 0.6000000238
53962  -42.528  -26.086  -35.987 0.5000000000
55085  -43.130  -25.316  -36.316 0.5000000000
55086  -43.773  -24.641  -35.945 0.5000000000
57203  -46.924  -23.758  -35.671 0.4000000060
57223  -48.456  -23.634  -36.697 0.4000000060
49932  -38.460  -30.347  -41.670 0.6999999881
50869  -39.388  -28.926  -41.971 0.6999999881
54020  -38.524  -25.988  -41.787 0.6999999881
118269  -41.852  -25.964  -38.002 0.5000000000
53976  -42.820  -25.281  -37.276 0.5000000000
57234  -48.919  -23.239  -37.271 0.4000000060
49908  -33.674  -30.036  -39.241 0.6000000238
54009  -38.142  -26.239  -41.724 0.6000000238
53991  -38.657  -25.414  -41.489 0.6999999881
57235  -49.304  -23.578  -37.772 0.4000000060
48963  -34.524  -30.743  -38.941 0.6999999881
49918  -34.685  -29.810  -39.942 0.6000000238
49919  -35.418  -29.798  -40.247 0.6000000238
52950  -37.858  -26.092  -41.205 0.6000000238
130308  -49.465  -23.817  -38.265 0.4000000060
50854  -35.003  -29.278  -40.116 0.6000000238
51897  -37.706  -26.894  -40.175 0.6000000238
52943  -38.542  -25.958  -39.227 0.6000000238
57253  -49.597  -23.702  -39.852 0.4000000060
51888  -37.258  -27.974  -39.557 0.6000000238
51889  -37.953  -27.087  -39.160 0.6000000238
55146  -49.109  -24.943  -41.380 0.5000000000
56242  -49.462  -24.467  -40.546 0.4000000060
128078  -47.777  -25.867  -42.727 0.5000000000
56248  -48.091  -25.194  -43.268 0.5000000000
116390  -40.583  -28.007  -37.464 0.6000000238
51890  -40.039  -28.491  -39.024 0.6000000238
52929  -41.523  -26.866  -37.059 0.5000000000
112511  -32.239  -30.591  -35.622 0.6000000238
51891  -40.215  -27.270  -40.016 0.6000000238
124944  -41.003  -27.254  -37.509 0.5000000000
129406  -44.012  -23.815  -37.399 0.5000000000
57201  -45.495  -23.023  -36.513 0.4000000060
49902  -33.011  -29.999  -38.338 0.6000000238
52952  -40.159  -25.621  -41.327 0.6000000238
53993  -40.813  -25.612  -39.911 0.5000000000
55127  -40.909  -23.335  -40.466 0.5000000000
55117  -42.217  -23.282  -39.667 0.5000000000
55116  -42.393  -25.059  -38.389 0.5000000000
58128  -46.688  -22.734  -36.141 0.4000000060
134138  -47.289  -23.351  -36.025 0.4000000060
51898  -39.889  -26.780  -41.390 0.6999999881
53985  -41.595  -24.807  -39.491 0.5000000000
49907  -33.154  -29.673  -38.993 0.6000000238
55114  -39.624  -24.453  -39.072 0.6000000238
119691  -49.280  -22.908  -37.730 0.4000000060
49913  -33.517  -29.286  -39.357 0.6000000238
50844  -36.103  -29.163  -38.258 0.6000000238
53984  -39.249  -25.882  -38.090 0.6000000238
57239  -49.529  -23.092  -38.375 0.4000000060
50849  -34.920  -28.857  -39.677 0.6000000238
114685  -49.596  -23.513  -40.728 0.4000000060
57246  -49.626  -23.020  -39.323 0.4000000060
51887  -36.082  -28.732  -39.654 0.6000000238
115714  -37.781  -28.194  -38.224 0.6000000238
55153  -48.689  -25.013  -42.179 0.5000000000
56243  -49.387  -24.143  -41.629 0.4000000060
56259  -48.679  -24.071  -43.266 0.5000000000
57273  -48.236  -23.756  -44.357 0.4000000060
51882  -40.421  -27.805  -38.605 0.6000000238
52936  -40.759  -27.069  -38.422 0.5000000000
132799  -42.827  -22.621  -39.205 0.5000000000
56228  -43.034  -22.851  -39.228 0.5000000000
56218  -44.201  -22.773  -37.961 0.5000000000
56219  -44.916  -22.679  -37.358 0.4000000060
49901  -32.663  -29.311  -38.473 0.6000000238
134655  -32.980  -29.126  -39.058 0.6000000238
52944  -40.568  -26.764  -39.543 0.6000000238
56235  -41.176  -22.800  -40.051 0.5000000000
121894  -43.119  -23.920  -38.676 0.5000000000
57202  -46.055  -23.103  -36.022 0.4000000060
58143  -47.674  -22.952  -36.323 0.4000000060
54002  -40.176  -23.484  -41.063 0.5000000000
58144  -48.430  -22.705  -36.796 0.4000000060
50842  -33.232  -28.940  -39.190 0.6000000238
50843  -34.050  -28.743  -39.156 0.6000000238
50836  -35.476  -29.088  -37.552 0.6000000238
119286  -49.608  -22.275  -39.865 0.4000000060
51879  -37.311  -28.975  -37.462 0.6000000238
52935  -38.817  -27.128  -37.465 0.6000000238
113548  -49.631  -23.040  -40.095 0.4000000060
132243  -37.039  -28.779  -38.520 0.6000000238
117630  -38.180  -28.264  -37.051 0.6000000238
51880  -38.326  -27.427  -38.116 0.6000000238
57261  -49.561  -23.067  -41.596 0.4000000060
113367  -49.279  -23.573  -42.443 0.4000000060
58181  -49.114  -22.167  -42.811 0.3000000119
56249  -48.910  -24.367  -42.505 0.5000000000
57274  -48.962  -22.998  -43.375 0.4000000060
58185  -47.949  -22.565  -44.660 0.3000000119
56229  -43.325  -22.668  -38.672 0.5000000000
133773  -44.363  -22.432  -37.782 0.5000000000
57222  -45.327  -22.223  -37.059 0.5000000000
58127  -46.230  -21.942  -36.417 0.5000000000
56227  -41.751  -22.639  -39.413 0.5000000000
57219  -42.510  -22.470  -38.938 0.6000000238
58126  -45.911  -22.251  -36.525 0.4000000060
58142  -47.025  -22.104  -36.281 0.5000000000
113139  -47.833  -22.070  -36.520 0.4000000060
50835  -33.740  -28.689  -38.712 0.6000000238
50826  -35.518  -29.123  -36.433 0.6000000238
56226  -40.989  -22.868  -39.316 0.6000000238
122344  -48.380  -21.919  -36.856 0.4000000060
58156  -48.878  -22.297  -37.361 0.4000000060
132815  -34.215  -28.698  -38.674 0.6000000238
50827  -36.576  -29.268  -36.151 0.6000000238
55115  -40.267  -24.123  -38.361 0.6999999881
59041  -49.333  -21.422  -38.380 0.3000000119
51871  -37.402  -29.048  -36.346 0.6000000238
55101  -39.849  -25.528  -37.248 0.6000000238
59048  -49.519  -21.445  -39.315 0.3000000119
50837  -36.678  -29.263  -36.947 0.6000000238
118981  -39.791  -26.520  -35.884 0.6000000238
58174  -49.514  -22.199  -41.321 0.3000000119
129578  -49.448  -22.387  -42.016 0.3000000119
59056  -49.209  -21.485  -42.115 0.3000000119
59059  -48.464  -21.081  -43.349 0.3000000119
119894  -47.338  -21.406  -45.012 0.3000000119
57220  -43.221  -22.408  -38.059 0.6000000238
58140  -45.006  -21.822  -37.224 0.5000000000
58141  -45.465  -21.888  -36.781 0.5000000000
56216  -41.574  -22.804  -38.462 0.6000000238
57199  -42.139  -22.909  -37.379 0.6000000238
59009  -46.519  -21.405  -36.106 0.4000000060
59027  -48.006  -21.265  -36.609 0.4000000060
50825  -34.194  -28.764  -36.832 0.6000000238
56215  -40.836  -23.756  -37.725 0.6000000238
125231  -48.559  -21.278  -37.142 0.3000000119
59915  -48.902  -20.951  -37.723 0.3000000119
51858  -36.450  -28.980  -35.403 0.6000000238
51859  -37.350  -28.798  -35.355 0.6000000238
51842  -37.715  -28.280  -34.691 0.6000000238
51872  -38.048  -28.497  -35.914 0.6000000238
59050  -49.486  -21.412  -40.213 0.3000000119
52927  -38.735  -27.818  -36.196 0.6000000238
128015  -39.190  -27.470  -35.420 0.6000000238
59053  -49.401  -21.403  -41.082 0.3000000119
59935  -48.477  -20.418  -42.750 0.3000000119
128617  -47.677  -20.132  -43.789 0.3000000119
57200  -42.788  -22.700  -36.677 0.6000000238
58123  -43.690  -22.218  -37.240 0.6000000238
58139  -44.488  -21.963  -37.365 0.5000000000
58125  -44.760  -21.667  -36.564 0.5000000000
59007  -45.244  -21.652  -36.525 0.4000000060
56194  -42.093  -23.514  -35.829 0.6000000238
122507  -46.412  -20.709  -35.668 0.4000000060
59893  -47.460  -20.666  -36.311 0.4000000060
56193  -41.450  -24.048  -36.065 0.6000000238
59907  -48.108  -20.388  -36.725 0.4000000060
128334  -48.529  -20.488  -37.268 0.3000000119
51857  -35.512  -28.777  -35.603 0.6000000238
55069  -41.098  -25.096  -35.107 0.6000000238
59922  -48.721  -20.203  -37.813 0.3000000119
51841  -37.027  -28.504  -34.720 0.6000000238
55084  -40.616  -25.575  -35.433 0.6000000238
60845  -48.739  -19.257  -38.909 0.3000000119
53959  -39.632  -27.085  -34.768 0.6000000238
59926  -49.305  -20.663  -39.785 0.3000000119
119674  -38.949  -27.648  -34.436 0.6000000238
60851  -48.755  -19.765  -41.326 0.3000000119
59931  -48.402  -19.674  -42.360 0.3000000119
129999  -43.162  -22.602  -35.992 0.6000000238
58124  -43.872  -22.175  -35.913 0.5000000000
116100  -44.910  -21.454  -35.634 0.5000000000
58987  -45.394  -21.158  -35.445 0.4000000060
59892  -45.997  -21.092  -35.724 0.4000000060
57181  -42.614  -23.237  -35.291 0.6000000238
120574  -46.962  -20.176  -35.819 0.4000000060
60812  -47.280  -19.450  -36.049 0.4000000060
56178  -42.039  -24.091  -34.475 0.6000000238
60830  -47.844  -19.532  -36.595 0.4000000060
60838  -48.380  -19.657  -37.195 0.3000000119
56177  -41.507  -25.003  -34.178 0.6000000238
61778  -48.338  -18.801  -37.512 0.3000000119
52903  -36.721  -27.774  -34.446 0.6000000238
52904  -37.522  -27.835  -34.232 0.6000000238
117046  -41.011  -25.611  -34.202 0.6000000238
55059  -40.658  -26.233  -33.680 0.6000000238
52905  -38.265  -27.836  -34.262 0.6000000238
52894  -38.827  -27.429  -33.717 0.6000000238
53933  -39.513  -26.987  -33.250 0.6000000238
57182  -43.140  -22.857  -34.840 0.6000000238
58986  -44.649  -21.214  -34.527 0.4000000060
59875  -45.219  -20.571  -34.593 0.4000000060
59877  -46.302  -20.028  -35.238 0.4000000060
57170  -42.628  -23.576  -34.016 0.5000000000
61771  -47.571  -18.823  -36.434 0.4000000060
133091  -41.823  -24.674  -33.751 0.5000000000
61772  -48.077  -18.972  -36.912 0.3000000119
62700  -47.755  -17.438  -37.548 0.3000000119
53943  -37.111  -26.992  -33.889 0.6000000238
53924  -40.608  -26.238  -32.829 0.5000000000
52893  -38.071  -27.397  -33.638 0.6000000238
53934  -40.196  -26.653  -33.193 0.6000000238
117927  -37.813  -26.467  -33.206 0.6000000238
53932  -38.672  -27.014  -33.104 0.6000000238
55047  -38.136  -25.745  -32.705 0.5000000000
55048  -38.875  -25.958  -32.310 0.5000000000
58970  -43.750  -21.673  -33.037 0.4000000060
58971  -44.198  -21.071  -33.498 0.3000000119
59864  -44.628  -20.503  -33.878 0.4000000060
60796  -45.701  -19.946  -34.658 0.4000000060
60797  -46.080  -19.312  -34.877 0.3000000119
57160  -42.719  -23.756  -32.880 0.5000000000
57171  -43.133  -23.032  -33.591 0.4000000060
61740  -45.733  -18.543  -34.646 0.3000000119
61753  -46.394  -18.665  -35.229 0.3000000119
61754  -47.018  -18.742  -35.806 0.3000000119
56168  -41.645  -25.167  -33.164 0.5000000000
117118  -46.647  -18.025  -35.665 0.3000000119
55051  -41.127  -25.694  -32.488 0.5000000000
61777  -47.889  -18.199  -36.993 0.3000000119
55050  -40.427  -26.010  -32.130 0.5000000000
62703  -47.856  -17.188  -39.042 0.3000000119
55049  -39.706  -26.101  -32.084 0.5000000000
58963  -43.945  -20.921  -32.656 0.3000000119
59857  -44.223  -20.327  -33.134 0.3000000119
60783  -44.579  -19.891  -33.526 0.3000000119
57154  -42.990  -23.097  -31.471 0.3000000119
58095  -43.478  -22.411  -33.174 0.4000000060
123034  -45.437  -19.226  -34.279 0.3000000119
62664  -46.033  -17.947  -35.085 0.3000000119
56146  -41.349  -24.724  -31.324 0.4000000060
62679  -46.880  -17.333  -36.116 0.3000000119
62695  -47.418  -17.396  -36.776 0.3000000119
55040  -40.936  -25.412  -31.706 0.5000000000
135396  -46.905  -16.201  -38.841 0.3000000119
55039  -40.133  -25.498  -31.553 0.5000000000
63571  -46.416  -15.938  -39.788 0.3000000119
123959  -38.486  -25.226  -32.349 0.4000000060
55038  -39.176  -25.202  -31.806 0.5000000000
59856  -44.033  -20.085  -32.190 0.3000000119
60772  -44.230  -19.425  -32.989 0.3000000119
58083  -43.210  -22.356  -31.104 0.3000000119
58089  -43.427  -22.274  -32.114 0.3000000119
60784  -44.782  -19.241  -33.689 0.3000000119
61739  -44.940  -18.354  -34.036 0.3000000119
57146  -42.648  -22.882  -30.710 0.3000000119
129587  -45.642  -17.378  -35.081 0.3000000119
125381  -46.218  -17.333  -35.533 0.3000000119
57145  -41.592  -23.660  -30.603 0.3000000119
117107  -42.059  -23.159  -30.475 0.3000000119
63549  -46.268  -16.551  -36.066 0.3000000119
63560  -46.605  -16.149  -36.996 0.3000000119
57144  -40.863  -23.506  -30.414 0.3000000119
56145  -40.599  -24.814  -31.154 0.4000000060
64438  -45.987  -15.506  -37.821 0.3000000119
56144  -39.771  -24.626  -31.200 0.4000000060
64443  -45.677  -15.364  -39.949 0.3000000119
56155  -38.418  -24.397  -32.279 0.4000000060
64445  -45.833  -15.143  -40.080 0.3000000119
117115  -47.156  -15.512  -40.199 0.3000000119
59846  -43.753  -20.242  -31.204 0.3000000119
58955  -43.539  -21.634  -31.470 0.3000000119
60771  -44.044  -19.249  -32.221 0.3000000119
61725  -44.411  -18.577  -33.313 0.3000000119
62662  -44.720  -17.389  -34.196 0.3000000119
129304  -43.221  -21.658  -30.714 0.3000000119
117048  -45.071  -17.020  -34.810 0.3000000119
63529  -44.919  -16.313  -35.124 0.3000000119
58070  -41.436  -22.940  -30.199 0.3000000119
58071  -42.110  -22.398  -30.093 0.3000000119
63548  -45.334  -16.067  -35.770 0.3000000119
64432  -45.496  -15.136  -37.493 0.3000000119
56138  -40.317  -24.073  -30.728 0.4000000060
64437  -45.509  -15.145  -38.590 0.3000000119
65313  -45.378  -14.661  -39.135 0.3000000119
123749  -38.917  -23.126  -31.654 0.4000000060
65316  -45.342  -14.942  -39.930 0.3000000119
66267  -45.751  -13.899  -40.019 0.3000000119
65320  -46.503  -14.592  -40.215 0.3000000119
122806  -48.620  -13.196  -40.245 0.3000000119
60760  -43.870  -19.408  -31.457 0.3000000119
62629  -44.059  -17.953  -32.276 0.3000000119
116187  -44.194  -18.067  -32.956 0.3000000119
62647  -44.438  -17.779  -33.527 0.3000000119
60749  -43.475  -19.538  -30.597 0.3000000119
63513  -44.369  -16.968  -33.616 0.3000000119
123756  -42.260  -21.003  -29.677 0.3000000119
59831  -42.776  -20.682  -29.953 0.3000000119
63528  -44.620  -16.562  -34.356 0.3000000119
122867  -44.940  -15.553  -35.452 0.3000000119
118312  -45.281  -15.062  -36.578 0.3000000119
58048  -41.260  -22.160  -29.715 0.3000000119
65289  -45.133  -14.916  -35.800 0.3000000119
57143  -40.081  -23.184  -30.492 0.4000000060
65306  -45.542  -14.360  -37.015 0.3000000119
58082  -39.398  -22.639  -30.979 0.4000000060
65310  -45.520  -14.520  -38.029 0.3000000119
66268  -46.385  -13.597  -40.172 0.3000000119
58081  -38.478  -22.600  -32.336 0.4000000060
66269  -47.660  -13.804  -40.178 0.3000000119
67155  -48.582  -12.345  -40.329 0.3000000119
62617  -44.061  -17.141  -32.004 0.3000000119
62630  -44.202  -17.412  -32.881 0.3000000119
61700  -43.693  -18.658  -30.834 0.3000000119
62616  -43.904  -17.836  -31.304 0.3000000119
116929  -44.435  -16.104  -33.595 0.3000000119
60748  -42.886  -19.800  -29.934 0.3000000119
65275  -45.030  -14.777  -34.993 0.3000000119
59817  -41.301  -20.378  -29.314 0.3000000119
66255  -45.703  -13.620  -37.472 0.3000000119
66256  -45.900  -13.008  -38.069 0.3000000119
66262  -45.775  -13.318  -39.013 0.3000000119
67147  -45.847  -13.200  -39.758 0.3000000119
67152  -46.196  -12.970  -40.131 0.3000000119
67153  -46.654  -12.614  -40.234 0.3000000119
58094  -38.133  -22.093  -33.020 0.3000000119
67154  -47.521  -12.702  -40.306 0.3000000119
68065  -49.053  -11.608  -40.435 0.3000000119
68069  -49.951  -11.549  -40.882 0.3000000119
62604  -43.466  -17.791  -30.401 0.3000000119
63498  -44.266  -16.593  -32.769 0.3000000119
64384  -44.643  -15.150  -33.404 0.3000000119
64397  -44.682  -15.588  -34.494 0.3000000119
60738  -42.292  -19.266  -29.492 0.3000000119
61688  -43.063  -18.742  -29.943 0.3000000119
112730  -45.441  -14.072  -35.310 0.3000000119
66230  -45.634  -13.382  -35.659 0.3000000119
66249  -45.687  -13.452  -36.518 0.3000000119
66250  -45.829  -12.691  -37.011 0.3000000119
67139  -45.953  -12.213  -37.900 0.3000000119
67144  -45.977  -12.596  -38.908 0.3000000119
68062  -46.550  -12.022  -40.193 0.3000000119
68063  -47.052  -11.816  -40.407 0.3000000119
125219  -46.720  -11.259  -40.326 0.3000000119
68064  -47.996  -11.682  -40.393 0.3000000119
68956  -48.480  -10.826  -40.493 0.3000000119
69804  -50.115  -9.927  -41.011 0.3000000119
129105  -50.732  -10.175  -41.533 0.3000000119
63487  -43.873  -16.839  -30.904 0.3000000119
64372  -44.398  -15.688  -32.613 0.3000000119
62603  -42.792  -17.741  -29.667 0.3000000119
63476  -43.257  -16.930  -30.013 0.3000000119
64360  -44.019  -15.832  -30.974 0.3000000119
64361  -44.290  -15.320  -31.657 0.3000000119
128039  -44.910  -14.200  -33.172 0.3000000119
65260  -45.319  -13.543  -33.882 0.3000000119
135007  -41.707  -18.235  -29.135 0.3000000119
67117  -45.738  -12.733  -36.066 0.3000000119
61678  -40.576  -18.699  -29.141 0.3000000119
68052  -46.098  -11.794  -38.844 0.3000000119
68057  -46.172  -12.315  -39.769 0.3000000119
134807  -46.495  -10.941  -40.110 0.3000000119
69799  -47.504  -9.686  -40.437 0.3000000119
117584  -49.611  -9.313  -40.673 0.3000000119
65220  -43.538  -14.941  -30.404 0.3000000119
64340  -42.601  -15.328  -29.621 0.3000000119
63475  -42.894  -16.129  -29.727 0.3000000119
114209  -41.713  -16.815  -29.089 0.3000000119
62591  -41.885  -17.625  -29.145 0.3000000119
119690  -42.452  -16.897  -29.450 0.3000000119
62589  -40.249  -17.758  -29.180 0.3000000119
124211  -41.160  -18.046  -28.957 0.3000000119
52937  -41.314  -26.407  -38.333 0.5000000000
54000  -39.485  -24.808  -41.606 0.6999999881
53994  -40.739  -24.099  -40.749 0.5000000000
53992  -39.030  -24.639  -40.967 0.6000000238
48955  -33.658  -30.573  -37.870 0.6000000238
47038  -37.835  -33.208  -40.337 0.6999999881
24700  -37.746  -56.678  -38.099 0.3000000119
25560  -37.294  -55.294  -37.099 0.3000000119
24683  -36.370  -56.605  -38.305 0.3000000119
24668  -36.373  -56.383  -36.890 0.3000000119
124311  -36.064  -58.202  -36.584 0.4000000060
22014  -34.455  -60.367  -34.668 0.4000000060
22013  -33.702  -60.527  -34.476 0.4000000060
123408  -32.879  -60.648  -34.470 0.4000000060
22000  -32.725  -59.998  -34.082 0.4000000060
24641  -32.464  -57.852  -33.288 0.4000000060
22888  -32.197  -59.368  -34.053 0.4000000060
133014  -32.349  -57.343  -33.232 0.4000000060
29602  -32.635  -51.750  -32.979 0.4000000060
134651  -41.537  -48.232  -27.204 0.3000000119
117574  -41.747  -46.020  -27.526 0.3000000119
37103  -42.315  -43.406  -27.904 0.3000000119
130983  -32.703  -51.157  -33.451 0.5000000000
39159  -43.542  -41.342  -30.268 0.3000000119
38212  -43.291  -42.391  -31.472 0.3000000119
29613  -32.842  -50.875  -34.213 0.5000000000
31355  -33.657  -49.516  -34.640 0.5000000000
35177  -43.123  -46.954  -38.589 0.3000000119
35165  -42.857  -46.369  -37.781 0.3000000119
35166  -43.750  -45.520  -38.086 0.3000000119
32268  -34.496  -48.554  -35.762 0.6000000238
37247  -44.793  -43.822  -37.463 0.4000000060
118078  -34.891  -48.112  -36.309 0.6000000238
113905  -45.395  -43.103  -37.310 0.4000000060
38307  -46.720  -42.572  -38.504 0.4000000060
39255  -47.291  -41.288  -37.906 0.4000000060
40184  -48.345  -40.361  -39.205 0.4000000060
130841  -48.941  -39.484  -40.395 0.4000000060
39248  -31.277  -41.345  -36.981 0.4000000060
39249  -32.291  -41.465  -37.310 0.5000000000
39250  -33.214  -41.275  -37.642 0.5000000000
35175  -36.558  -46.224  -38.705 0.6999999881
133126  -50.273  -37.230  -40.612 0.4000000060
36210  -37.038  -44.963  -39.239 0.6999999881
44062  -50.437  -36.665  -40.519 0.4000000060
41197  -34.009  -40.019  -38.073 0.5000000000
40169  -34.708  -40.224  -38.542 0.5000000000
41200  -36.096  -39.167  -38.802 0.6000000238
41199  -35.246  -39.572  -38.621 0.6000000238
42209  -36.943  -39.105  -38.986 0.8000000119
38317  -38.044  -42.870  -39.370 0.8000000119
38306  -37.194  -42.757  -38.736 0.6999999881
38318  -39.071  -43.200  -40.249 0.8000000119
36211  -37.928  -44.690  -39.859 0.6999999881
45043  -50.507  -35.826  -40.338 0.4000000060
39277  -38.763  -42.237  -39.530 0.8000000119
42203  -38.136  -38.319  -38.716 0.8000000119
39280  -41.314  -41.689  -41.560 0.8000000119
39279  -40.650  -42.109  -40.772 0.8000000119
132583  -50.178  -34.389  -40.186 0.4000000060
42204  -39.009  -37.767  -38.731 0.6999999881
39288  -41.545  -41.147  -41.934 0.8000000119
43154  -39.529  -37.134  -38.841 0.6999999881
42212  -39.599  -38.596  -39.770 0.6999999881
41232  -41.663  -40.442  -41.814 0.8000000119
42213  -40.345  -38.215  -40.195 0.6999999881
42220  -41.613  -38.464  -41.484 0.6000000238
47041  -49.056  -33.174  -39.980 0.3000000119
114972  -46.083  -30.074  -34.872 0.4000000060
124079  -47.700  -32.181  -37.111 0.4000000060
48000  -48.342  -32.849  -37.458 0.4000000060
126457  -48.784  -33.402  -38.157 0.3000000119
50830  -46.175  -29.626  -35.563 0.4000000060
49898  -46.277  -30.382  -35.717 0.4000000060
48953  -47.178  -31.595  -36.687 0.4000000060
48945  -47.204  -31.778  -35.806 0.4000000060
115793  -46.376  -28.834  -35.413 0.4000000060
50846  -46.200  -29.651  -37.824 0.4000000060
119465  -46.621  -28.976  -38.067 0.5000000000
51845  -46.311  -28.016  -34.577 0.5000000000
52920  -47.215  -26.770  -35.433 0.4000000060
114852  -47.732  -27.764  -37.811 0.5000000000
118631  -46.750  -28.886  -38.956 0.5000000000
133909  -46.264  -29.234  -40.321 0.4000000060
121858  -46.767  -28.487  -40.536 0.5000000000
53937  -44.516  -26.491  -33.101 0.5000000000
53938  -45.064  -26.079  -33.497 0.5000000000
54021  -46.596  -27.928  -42.611 0.5000000000
129641  -46.824  -26.814  -43.883 0.5000000000
55169  -46.947  -26.239  -45.269 0.5000000000
48938  -30.661  -31.245  -35.399 0.5000000000
56268  -47.410  -24.834  -45.229 0.5000000000
57279  -47.465  -23.271  -45.642 0.4000000060
113482  -31.517  -29.558  -35.817 0.6000000238
49894  -32.129  -29.407  -36.685 0.6000000238
49895  -32.394  -29.566  -37.380 0.6000000238
50823  -32.287  -28.913  -38.480 0.6000000238
58192  -47.136  -22.021  -45.738 0.3000000119
114073  -32.360  -28.998  -38.338 0.6000000238
50824  -32.793  -28.796  -38.524 0.6000000238
59065  -47.295  -21.225  -45.211 0.3000000119
116945  -47.629  -20.682  -44.676 0.3000000119
51840  -36.218  -28.410  -34.941 0.6000000238
131643  -35.844  -27.471  -34.765 0.6000000238
130535  -36.367  -26.967  -34.392 0.6000000238
55057  -36.921  -25.771  -33.757 0.6000000238
118291  -36.352  -26.112  -34.264 0.6000000238
55058  -37.428  -25.268  -33.256 0.5000000000
56154  -37.883  -24.769  -32.767 0.5000000000
57159  -38.405  -23.473  -32.304 0.4000000060
58088  -37.995  -22.943  -32.979 0.4000000060
125035  -46.392  -10.085  -40.260 0.3000000119
128511  -47.009  -10.217  -40.476 0.3000000119
70678  -49.749  -8.590  -40.547 0.3000000119
130878  -50.265  -8.870  -40.846 0.3000000119
69805  -50.850  -9.656  -41.497 0.3000000119
62590  -41.004  -17.144  -28.876 0.3000000119
62588  -39.612  -17.076  -29.474 0.3000000119
119927  -49.333  -38.746  -40.346 0.4000000060
51906  -46.279  -28.867  -41.738 0.5000000000
22904  -34.915  -59.703  -34.239 0.4000000060
25502  -38.049  -56.586  -32.167 0.3000000119
123427  -37.150  -55.552  -33.311 0.3000000119
26346  -37.011  -55.424  -33.021 0.3000000119
115078  -35.011  -58.574  -33.209 0.4000000060
27107  -36.797  -54.692  -31.446 0.3000000119
125877  -32.763  -52.421  -31.430 0.4000000060
27871  -40.666  -53.415  -27.358 0.3000000119
27087  -34.739  -54.068  -30.622 0.4000000060
128420  -37.191  -52.630  -26.792 0.3000000119
31349  -33.128  -49.692  -33.218 0.4000000060
38211  -42.592  -42.449  -30.995 0.3000000119
37130  -40.631  -44.377  -29.393 0.3000000119
36108  -40.176  -46.186  -29.902 0.3000000119
35114  -40.536  -47.194  -32.602 0.3000000119
34189  -40.370  -48.158  -34.506 0.3000000119
35038  -38.038  -45.992  -27.482 0.3000000119
35037  -37.491  -45.459  -27.525 0.3000000119
35071  -39.917  -46.717  -29.857 0.3000000119
35070  -39.528  -46.003  -29.123 0.3000000119
34215  -42.171  -48.083  -38.160 0.3000000119
35052  -36.265  -45.051  -27.905 0.3000000119
120628  -38.240  -43.985  -29.102 0.3000000119
118455  -34.555  -45.020  -33.996 0.6000000238
36197  -43.531  -45.094  -37.350 0.4000000060
36167  -34.851  -44.936  -35.346 0.6000000238
34202  -35.257  -46.430  -36.461 0.6999999881
37126  -35.814  -43.644  -29.556 0.3000000119
117797  -46.527  -42.275  -37.866 0.4000000060
121049  -35.815  -45.152  -37.536 0.6999999881
39157  -37.930  -41.944  -30.778 0.4000000060
112788  -35.701  -41.754  -32.049 0.4000000060
39227  -44.997  -41.687  -35.250 0.4000000060
121279  -35.617  -40.802  -33.918 0.6000000238
38281  -35.480  -42.395  -36.319 0.6999999881
38294  -35.812  -42.774  -37.227 0.6999999881
35163  -36.460  -45.287  -38.364 0.6999999881
39191  -42.167  -41.503  -32.262 0.4000000060
40140  -36.138  -39.981  -34.883 0.6000000238
41188  -47.839  -39.261  -36.914 0.4000000060
37246  -36.203  -43.579  -37.840 0.6999999881
123051  -48.606  -38.478  -38.278 0.4000000060
130087  -49.022  -37.966  -38.966 0.4000000060
40155  -31.779  -40.591  -37.184 0.3000000119
41149  -36.731  -39.441  -35.265 0.6000000238
38305  -36.499  -42.731  -38.088 0.6999999881
125087  -37.049  -44.139  -39.056 0.6999999881
41111  -43.980  -39.154  -31.572 0.5000000000
39264  -36.896  -42.097  -38.348 0.6999999881
41183  -37.909  -39.660  -37.416 0.6999999881
39266  -38.509  -41.270  -38.938 0.6999999881
39265  -37.686  -41.916  -38.753 0.8000000119
134135  -47.696  -36.746  -35.286 0.4000000060
42205  -41.855  -38.411  -38.417 0.6000000238
120770  -41.768  -41.018  -41.255 0.6999999881
44054  -42.662  -36.768  -39.922 0.6000000238
40195  -41.751  -40.731  -41.819 0.6999999881
42226  -41.724  -39.427  -41.640 0.8000000119
43171  -41.912  -37.623  -41.561 0.6000000238
46043  -49.787  -33.785  -40.467 0.4000000060
47042  -49.456  -33.751  -39.393 0.3000000119
113125  -40.479  -37.100  -34.030 0.6999999881
44049  -42.321  -37.131  -38.812 0.6000000238
44052  -40.134  -36.849  -39.599 0.6999999881
44064  -41.214  -36.119  -41.335 0.6999999881
42219  -40.964  -38.774  -41.211 0.8000000119
45046  -41.595  -35.730  -41.289 0.6999999881
43988  -40.486  -36.945  -33.049 0.4000000060
45932  -45.252  -35.016  -31.642 0.3000000119
45947  -46.376  -34.492  -32.840 0.3000000119
46984  -47.687  -33.840  -34.733 0.3000000119
128951  -48.345  -33.227  -36.730 0.3000000119
44959  -40.524  -35.404  -33.627 0.5000000000
44937  -41.008  -35.039  -31.086 0.5000000000
44986  -36.306  -35.173  -35.578 0.6999999881
46928  -44.134  -33.904  -30.800 0.4000000060
118015  -44.894  -34.141  -31.413 0.4000000060
50803  -45.465  -29.504  -33.037 0.4000000060
48926  -45.686  -31.232  -33.014 0.4000000060
47915  -45.396  -32.620  -31.960 0.4000000060
51824  -44.281  -28.910  -32.011 0.5000000000
133383  -46.542  -32.417  -33.693 0.4000000060
47957  -46.783  -33.077  -33.656 0.4000000060
48944  -46.667  -31.182  -35.341 0.4000000060
45964  -40.404  -34.100  -33.878 0.5000000000
46934  -41.142  -33.349  -31.197 0.5000000000
45990  -35.637  -34.517  -35.474 0.6999999881
49876  -41.283  -30.285  -32.021 0.5000000000
48018  -40.435  -32.635  -40.973 0.6999999881
52908  -45.862  -27.382  -33.765 0.5000000000
48010  -37.399  -32.785  -39.319 0.6999999881
54004  -49.043  -25.816  -39.597 0.5000000000
53996  -49.023  -25.769  -38.714 0.4000000060
51892  -47.284  -28.310  -38.312 0.5000000000
47977  -31.315  -32.668  -35.592 0.5000000000
49896  -39.937  -30.871  -35.202 0.5000000000
53936  -43.725  -26.378  -33.286 0.5000000000
48971  -39.713  -30.953  -40.494 0.6999999881
53950  -46.524  -26.247  -34.630 0.4000000060
53963  -47.251  -25.943  -35.306 0.4000000060
55073  -45.547  -25.596  -34.076 0.4000000060
48983  -38.737  -31.184  -41.582 0.8000000119
47978  -32.318  -32.057  -35.410 0.5000000000
53948  -43.387  -25.882  -34.072 0.5000000000
48982  -37.963  -31.124  -41.349 0.6000000238
49924  -36.433  -29.949  -40.676 0.6000000238
56240  -49.505  -24.456  -39.479 0.4000000060
55145  -48.334  -25.808  -41.794 0.5000000000
135095  -39.633  -29.472  -39.913 0.6000000238
52965  -38.713  -27.204  -42.039 0.6999999881
48970  -34.997  -30.584  -39.471 0.6000000238
51896  -37.117  -27.066  -40.961 0.6000000238
55164  -47.102  -25.890  -44.610 0.5000000000
112596  -31.488  -30.405  -35.530 0.5000000000
52928  -40.953  -27.683  -36.733 0.6000000238
122417  -44.538  -23.660  -36.776 0.4000000060
50862  -39.666  -28.931  -41.598 0.6999999881
51912  -39.445  -28.011  -42.019 0.6999999881
52951  -39.557  -25.686  -41.778 0.6999999881
49914  -34.156  -29.924  -39.582 0.6000000238
122079  -38.201  -25.851  -40.490 0.6000000238
115448  -39.156  -24.875  -39.624 0.6000000238
116711  -34.514  -29.256  -39.609 0.6000000238
54001  -40.204  -24.232  -41.429 0.5000000000
55134  -39.872  -23.760  -41.207 0.6000000238
58157  -49.386  -22.281  -38.023 0.4000000060
55125  -39.633  -23.742  -40.676 0.6999999881
58163  -49.586  -22.257  -38.848 0.4000000060
55126  -40.245  -23.224  -40.280 0.6999999881
56234  -40.034  -23.323  -40.963 0.6000000238
118010  -39.346  -26.794  -36.674 0.6000000238
58186  -48.430  -21.870  -43.928 0.3000000119
57221  -44.071  -22.312  -37.990 0.5000000000
112222  -44.589  -22.198  -37.493 0.5000000000
59008  -45.839  -21.586  -36.193 0.4000000060
59026  -47.302  -21.392  -36.322 0.4000000060
55102  -40.407  -24.847  -37.073 0.6000000238
130598  -49.049  -20.663  -38.275 0.3000000119
59923  -49.283  -20.686  -38.929 0.3000000119
56192  -40.801  -24.678  -36.301 0.6000000238
53974  -40.317  -25.658  -36.144 0.6000000238
53960  -40.255  -26.377  -35.124 0.6000000238
59062  -47.623  -20.744  -44.456 0.3000000119
115878  -41.339  -23.684  -37.116 0.6000000238
51860  -38.359  -28.188  -35.060 0.6000000238
59929  -49.218  -20.614  -40.709 0.3000000119
59932  -48.967  -20.579  -41.673 0.3000000119
128855  -41.618  -24.370  -35.110 0.6000000238
60842  -48.653  -19.412  -38.007 0.3000000119
60846  -48.977  -19.950  -39.385 0.3000000119
53945  -40.108  -26.797  -34.029 0.6000000238
60849  -48.929  -19.866  -40.321 0.3000000119
58107  -44.326  -21.834  -35.091 0.5000000000
60811  -46.695  -19.402  -35.470 0.4000000060
55060  -41.143  -25.722  -33.401 0.5000000000
58985  -44.020  -21.705  -33.960 0.4000000060
132905  -43.729  -22.034  -33.591 0.4000000060
132029  -45.078  -19.902  -34.074 0.4000000060
62680  -47.256  -18.088  -36.285 0.3000000119
56169  -42.175  -24.426  -33.210 0.5000000000
63572  -47.511  -16.786  -38.280 0.3000000119
57161  -43.135  -23.114  -32.481 0.4000000060
116828  -42.663  -23.802  -31.880 0.4000000060
56147  -42.023  -24.331  -31.561 0.4000000060
62663  -45.352  -17.762  -34.615 0.3000000119
57153  -42.305  -23.684  -30.998 0.3000000119
57152  -41.667  -24.186  -30.978 0.3000000119
63566  -46.804  -16.149  -37.991 0.3000000119
64442  -45.920  -15.495  -38.919 0.3000000119
65321  -47.972  -14.689  -40.168 0.3000000119
58942  -42.627  -21.532  -30.080 0.3000000119
64416  -45.692  -15.624  -36.647 0.3000000119
58069  -40.677  -22.677  -30.097 0.3000000119
65319  -45.694  -14.532  -40.026 0.3000000119
57151  -39.535  -23.654  -31.027 0.4000000060
59832  -43.302  -20.392  -30.475 0.3000000119
129687  -45.260  -15.485  -36.050 0.3000000119
66264  -45.517  -14.107  -39.595 0.3000000119
67159  -49.496  -12.604  -40.527 0.3000000119
59818  -42.164  -20.235  -29.535 0.3000000119
65274  -45.012  -14.528  -34.091 0.3000000119
60737  -41.612  -19.656  -29.305 0.3000000119
68957  -49.505  -10.734  -40.704 0.3000000119
63488  -44.172  -16.228  -31.802 0.3000000119
66216  -45.554  -13.379  -34.824 0.3000000119
61679  -41.501  -18.846  -29.151 0.3000000119
68932  -45.914  -11.406  -37.933 0.3000000119
115670  -46.341  -11.373  -39.860 0.3000000119
68955  -47.324  -10.918  -40.474 0.3000000119
124736  -48.478  -9.582  -40.467 0.3000000119
69800  -50.459  -9.256  -41.095 0.3000000119
69806  -51.520  -9.556  -41.872 0.3000000119
117634  -43.519  -16.106  -30.353 0.3000000119
117055  -44.571  -14.685  -32.373 0.3000000119
65231  -44.523  -13.977  -31.906 0.3000000119
116202  -39.691  -18.548  -29.512 0.3000000119
61685  -39.025  -18.518  -30.129 0.3000000119
70677  -48.836  -8.899  -40.364 0.3000000119
124154  -40.258  -16.936  -29.147 0.3000000119
116215  -32.127  -60.270  -34.438 0.4000000060
37262  -37.507  -43.588  -39.235 0.6999999881
38327  -40.909  -43.123  -42.323 0.8000000119
41225  -40.870  -39.772  -41.493 0.8000000119
50851  -46.270  -29.566  -38.740 0.4000000060
51863  -46.687  -28.082  -35.338 0.4000000060
51883  -46.576  -28.987  -37.045 0.4000000060
54025  -51.318  -26.137  -41.975 0.3000000119
54046  -48.689  -27.006  -43.877 0.4000000060
55155  -51.813  -25.437  -42.331 0.3000000119
52967  -46.490  -28.759  -42.583 0.4000000060
52991  -46.850  -28.297  -44.157 0.4000000060
52980  -46.453  -28.438  -43.395 0.4000000060
55167  -51.524  -25.064  -43.257 0.3000000119
114619  -48.022  -27.316  -45.211 0.4000000060
55165  -49.287  -26.175  -44.671 0.3000000119
52930  -47.069  -27.666  -35.766 0.3000000119
54045  -46.477  -27.823  -44.483 0.4000000060
52992  -47.318  -27.924  -44.681 0.4000000060
55173  -48.019  -26.105  -46.295 0.3000000119
54051  -47.149  -27.454  -45.387 0.4000000060
56274  -49.551  -25.043  -46.355 0.3000000119
55174  -48.713  -25.782  -46.258 0.3000000119
54053  -46.887  -26.813  -45.529 0.4000000060
55163  -46.550  -27.038  -44.947 0.4000000060
56280  -49.716  -24.369  -46.770 0.3000000119
57288  -48.734  -24.131  -46.779 0.3000000119
57283  -47.592  -23.842  -46.228 0.3000000119
118998  -32.168  -29.059  -38.015 0.5000000000
58198  -48.198  -23.071  -46.648 0.3000000119
56273  -47.487  -24.151  -45.935 0.3000000119
117586  -31.469  -28.726  -36.094 0.5000000000
118773  -30.930  -27.833  -36.303 0.5000000000
51853  -32.082  -28.987  -36.697 0.5000000000
133596  -32.083  -28.759  -36.242 0.5000000000
51855  -32.736  -28.752  -37.288 0.5000000000
59072  -48.034  -22.028  -46.358 0.3000000119
57284  -47.318  -22.946  -46.106 0.3000000119
52915  -32.802  -28.233  -35.913 0.5000000000
112693  -34.508  -28.446  -35.747 0.5000000000
53956  -33.045  -26.415  -35.592 0.5000000000
116717  -33.798  -26.169  -35.468 0.5000000000
113496  -33.596  -27.165  -35.524 0.5000000000
53957  -34.456  -26.471  -35.315 0.4000000060
55080  -32.506  -25.686  -35.689 0.5000000000
55079  -31.640  -25.870  -35.892 0.5000000000
126836  -35.168  -26.829  -35.051 0.5000000000
55081  -33.426  -25.510  -35.592 0.4000000060
53958  -35.095  -25.911  -35.052 0.5000000000
56189  -33.826  -24.635  -35.736 0.4000000060
55066  -35.714  -25.509  -34.670 0.5000000000
55082  -34.357  -25.436  -35.412 0.4000000060
56214  -34.195  -23.794  -36.119 0.4000000060
56190  -34.639  -24.462  -35.579 0.5000000000
56175  -35.770  -24.632  -34.783 0.4000000060
57196  -34.941  -23.724  -35.867 0.5000000000
55083  -35.137  -25.004  -35.115 0.4000000060
56191  -35.314  -24.201  -35.313 0.4000000060
56166  -36.816  -24.689  -33.817 0.4000000060
56176  -36.352  -24.211  -34.429 0.3000000119
129894  -35.502  -23.583  -35.518 0.3000000119
57168  -36.895  -23.734  -33.989 0.3000000119
56167  -37.348  -24.222  -33.367 0.3000000119
57180  -36.483  -23.382  -34.651 0.3000000119
57197  -35.329  -23.091  -36.013 0.3000000119
57198  -36.040  -23.057  -35.382 0.3000000119
57158  -37.861  -23.822  -32.859 0.3000000119
58105  -37.074  -22.791  -34.197 0.3000000119
57169  -37.463  -23.305  -33.518 0.3000000119
58122  -36.392  -22.225  -35.357 0.3000000119
58104  -36.604  -22.688  -34.850 0.3000000119
58093  -37.640  -22.470  -33.586 0.3000000119
52926  -30.187  -27.340  -36.458 0.5000000000
54026  -52.634  -26.542  -41.550 0.3000000119
52981  -47.265  -28.472  -43.272 0.4000000060
53971  -29.055  -26.586  -36.512 0.4000000060
112275  -30.817  -27.045  -36.329 0.5000000000
53973  -30.897  -26.102  -36.288 0.4000000060
53949  -45.753  -26.508  -33.861 0.4000000060
51876  -47.220  -28.058  -36.612 0.4000000060
131617  -35.384  -28.135  -35.202 0.5000000000
50840  -46.331  -29.323  -36.255 0.4000000060
52909  -46.300  -27.059  -34.322 0.3000000119
51905  -46.175  -29.154  -41.085 0.4000000060
54034  -46.388  -28.025  -43.678 0.4000000060
55168  -47.307  -25.645  -45.755 0.3000000119
50821  -31.914  -29.020  -36.490 0.5000000000
50822  -32.192  -29.163  -37.575 0.5000000000
51856  -33.300  -28.690  -36.946 0.5000000000
134034  -35.260  -27.463  -35.085 0.5000000000
126644  -35.738  -26.436  -34.674 0.5000000000
55067  -36.301  -25.127  -34.278 0.4000000060
55147  -52.148  -25.902  -41.688 0.3000000119
54037  -50.519  -26.362  -42.400 0.4000000060
55154  -50.941  -25.743  -42.745 0.3000000119
52982  -48.034  -28.017  -43.583 0.4000000060
54036  -49.559  -27.052  -42.625 0.4000000060
54047  -49.966  -26.248  -43.270 0.3000000119
51914  -46.395  -29.377  -42.367 0.4000000060
55170  -49.368  -25.653  -45.811 0.3000000119
55166  -50.532  -25.454  -43.778 0.3000000119
54052  -48.183  -26.613  -45.905 0.4000000060
56279  -48.678  -25.156  -46.510 0.3000000119
55175  -47.583  -24.997  -46.171 0.3000000119
115314  -49.552  -23.590  -46.932 0.3000000119
51852  -30.409  -28.567  -36.081 0.5000000000
51869  -30.612  -28.158  -36.287 0.5000000000
51870  -31.604  -28.553  -36.116 0.5000000000
52913  -31.518  -27.743  -36.119 0.5000000000
51854  -32.389  -28.985  -37.031 0.5000000000
52914  -32.101  -28.099  -36.021 0.5000000000
52916  -33.601  -28.239  -35.834 0.5000000000
129417  -34.598  -27.539  -35.347 0.5000000000
114355  -32.716  -27.310  -35.683 0.5000000000
53955  -32.088  -26.811  -35.765 0.5000000000
52968  -48.079  -28.706  -42.393 0.4000000060
40185  -36.820  -40.894  -39.928 0.6999999881
40194  -41.508  -41.226  -41.980 0.6999999881
41231  -40.953  -40.744  -41.841 0.6999999881
40187  -38.958  -40.734  -40.912 0.6999999881
41222  -37.702  -39.923  -39.874 0.6999999881
40179  -37.062  -40.133  -39.709 0.6999999881
41224  -39.729  -40.085  -40.889 0.6999999881
41223  -38.447  -39.968  -40.296 0.6999999881
41214  -38.117  -39.378  -39.657 0.6999999881
42210  -37.714  -38.909  -39.173 0.6999999881
48960  -47.204  -31.584  -37.542 0.3000000119
48967  -47.182  -31.597  -38.459 0.3000000119
48966  -46.533  -30.995  -37.993 0.3000000119
48973  -47.032  -31.583  -39.500 0.3000000119
48972  -46.295  -30.727  -39.397 0.3000000119
117315  -46.538  -31.085  -38.873 0.3000000119
42218  -40.095  -39.121  -40.470 0.6999999881
41215  -39.048  -39.300  -40.026 0.6999999881
48959  -46.616  -30.966  -37.096 0.3000000119
49916  -46.152  -30.346  -38.527 0.3000000119
129292  -46.318  -30.343  -41.362 0.3000000119
118438  -47.848  -30.464  -41.853 0.3000000119
50873  -48.843  -29.810  -41.623 0.3000000119
43160  -39.781  -37.761  -39.381 0.6000000238
130557  -46.127  -29.874  -36.275 0.3000000119
49910  -46.168  -30.301  -37.522 0.3000000119
133631  -46.519  -30.179  -41.972 0.3000000119
50872  -47.160  -29.859  -42.147 0.3000000119
52969  -49.434  -28.325  -41.689 0.3000000119
50857  -46.248  -29.476  -39.717 0.3000000119
54023  -49.868  -27.510  -41.876 0.3000000119
51875  -46.710  -28.532  -36.078 0.3000000119
38326  -40.827  -43.459  -42.037 0.6999999881
130485  -40.057  -43.597  -41.268 0.6999999881
37288  -40.653  -43.638  -42.211 0.6999999881
39276  -36.217  -41.509  -39.729 0.6999999881
38333  -40.921  -43.075  -42.293 0.6999999881
39292  -40.792  -42.567  -42.271 0.6999999881
40192  -39.780  -41.619  -41.659 0.6999999881
40186  -37.778  -40.568  -40.339 0.6999999881
111942  -36.046  -40.837  -39.536 0.6999999881
40193  -41.003  -41.643  -42.171 0.6999999881
41212  -36.568  -39.643  -39.286 0.6999999881
48005  -47.771  -32.190  -38.996 0.3000000119
48985  -47.191  -31.465  -41.482 0.3000000119
49934  -47.585  -31.139  -41.847 0.3000000119
50874  -50.058  -29.432  -41.541 0.3000000119
120768  -49.501  -29.000  -41.481 0.3000000119
51918  -51.196  -28.281  -41.501 0.3000000119
54024  -50.720  -26.917  -41.749 0.3000000119
47999  -47.821  -32.191  -37.994 0.3000000119
50870  -46.136  -29.757  -41.720 0.3000000119
49933  -46.844  -30.730  -41.713 0.3000000119
27950  -32.393  -53.331  -35.694 0.4000000060
114846  -32.457  -52.966  -36.284 0.4000000060
134733  -32.559  -52.310  -35.035 0.4000000060
28816  -32.540  -52.531  -34.306 0.4000000060
28821  -32.630  -52.329  -36.446 0.4000000060
31356  -34.121  -49.053  -35.183 0.5000000000
31358  -33.797  -49.759  -35.437 0.4000000060
29616  -32.918  -50.971  -35.153 0.4000000060
123269  -32.991  -51.034  -35.954 0.4000000060
29612  -32.652  -51.684  -34.682 0.4000000060
129552  -33.936  -49.986  -36.278 0.5000000000
29618  -32.929  -51.568  -36.630 0.4000000060
28825  -32.895  -52.295  -37.444 0.4000000060
30450  -33.290  -50.241  -34.868 0.4000000060
115431  -34.255  -49.312  -35.990 0.5000000000
30454  -33.500  -50.754  -36.749 0.5000000000
31366  -34.365  -49.551  -36.749 0.5000000000
30455  -34.166  -50.144  -37.270 0.5000000000
123861  -33.912  -51.631  -38.566 0.5000000000
28828  -32.982  -52.975  -39.349 0.5000000000
27964  -32.182  -53.067  -39.712 0.5000000000
30461  -33.937  -50.891  -37.926 0.5000000000
31375  -34.834  -49.522  -37.748 0.6000000238
28829  -33.513  -52.401  -38.707 0.5000000000
31381  -35.316  -50.032  -39.251 0.5000000000
29627  -34.189  -51.926  -39.536 0.5000000000
29635  -34.026  -51.504  -40.888 0.6000000238
28833  -33.642  -52.367  -39.869 0.5000000000
131066  -33.954  -50.618  -41.152 0.5000000000
33258  -35.337  -47.879  -37.085 0.6000000238
30462  -34.596  -50.393  -38.439 0.6000000238
32285  -35.227  -48.662  -37.531 0.6000000238
30467  -35.115  -50.824  -39.738 0.5000000000
30470  -35.294  -50.893  -40.818 0.6000000238
30474  -35.192  -50.736  -41.203 0.6000000238
32307  -34.788  -49.796  -41.342 0.5000000000
122892  -33.530  -47.662  -38.639 0.5000000000
31380  -33.356  -49.033  -39.822 0.5000000000
32299  -34.228  -48.901  -40.710 0.5000000000
33279  -34.150  -47.793  -39.827 0.5000000000
36193  -32.606  -44.481  -37.153 0.4000000060
32294  -35.543  -49.202  -38.810 0.6000000238
133774  -33.911  -43.112  -38.353 0.5000000000
33269  -36.536  -47.859  -39.375 0.6000000238
32295  -36.195  -49.100  -39.704 0.5000000000
37259  -33.953  -43.910  -38.446 0.5000000000
122304  -36.480  -48.643  -39.833 0.6000000238
32301  -36.713  -49.225  -40.816 0.6000000238
36208  -33.753  -44.794  -38.165 0.5000000000
32309  -36.356  -49.503  -41.368 0.6000000238
33288  -36.855  -48.779  -41.502 0.6000000238
30471  -35.514  -50.146  -41.312 0.5000000000
33267  -33.794  -47.050  -38.675 0.5000000000
33287  -36.056  -48.873  -41.644 0.5000000000
33280  -35.198  -47.786  -40.889 0.5000000000
34245  -36.483  -48.228  -41.649 0.5000000000
37243  -32.668  -43.577  -37.329 0.4000000060
37244  -33.403  -43.329  -37.816 0.5000000000
36180  -31.362  -44.689  -36.606 0.4000000060
126430  -34.211  -42.527  -38.515 0.5000000000
34223  -36.267  -46.813  -38.358 0.6000000238
37260  -34.465  -43.284  -38.863 0.5000000000
34224  -36.946  -47.119  -39.693 0.6000000238
37272  -35.135  -43.463  -39.429 0.5000000000
33270  -37.590  -48.199  -40.841 0.6000000238
32302  -36.976  -48.919  -41.337 0.6000000238
115752  -37.824  -47.822  -41.405 0.6000000238
33268  -34.409  -46.910  -39.674 0.5000000000
122863  -37.171  -48.325  -41.571 0.6000000238
34234  -35.462  -46.868  -40.714 0.5000000000
118330  -35.140  -45.833  -40.013 0.5000000000
117533  -32.834  -42.777  -37.471 0.4000000060
123164  -33.545  -42.586  -37.935 0.5000000000
37230  -31.840  -43.921  -36.875 0.4000000060
114630  -35.141  -41.732  -39.022 0.5000000000
39275  -35.534  -41.230  -39.314 0.5000000000
38315  -35.634  -42.031  -39.476 0.5000000000
125901  -35.699  -42.897  -39.717 0.5000000000
36223  -37.814  -45.621  -40.120 0.6000000238
35176  -37.297  -46.225  -39.751 0.6000000238
36221  -34.672  -44.223  -39.267 0.5000000000
35188  -38.487  -46.704  -41.183 0.6000000238
34236  -38.708  -47.126  -41.921 0.6000000238
34222  -34.557  -46.056  -39.492 0.5000000000
34247  -38.341  -47.193  -41.997 0.5000000000
35186  -34.631  -45.177  -39.371 0.5000000000
36233  -35.931  -44.644  -40.401 0.5000000000
34235  -35.861  -46.195  -40.793 0.5000000000
128174  -34.251  -41.327  -38.403 0.5000000000
39284  -36.930  -41.776  -40.365 0.6000000238
38316  -36.321  -42.347  -40.039 0.5000000000
37275  -38.450  -43.876  -40.050 0.6000000238
37274  -36.496  -43.372  -40.474 0.5000000000
36222  -35.351  -44.204  -39.768 0.5000000000
35199  -39.354  -46.623  -41.958 0.6000000238
37284  -36.356  -44.197  -40.569 0.5000000000
35209  -38.635  -46.700  -42.194 0.5000000000
36234  -36.758  -45.117  -41.198 0.5000000000
36245  -37.918  -45.609  -41.926 0.5000000000
38293  -33.027  -42.028  -37.571 0.4000000060
120749  -34.874  -41.066  -38.741 0.4000000060
37242  -31.977  -42.924  -37.028 0.4000000060
121670  -37.537  -41.329  -40.526 0.6000000238
38324  -37.175  -42.708  -40.701 0.6000000238
36236  -40.063  -45.305  -42.108 0.6000000238
124771  -39.430  -45.021  -42.394 0.6000000238
37285  -37.137  -44.402  -41.266 0.5000000000
39262  -33.804  -41.153  -38.072 0.5000000000
41211  -35.904  -39.773  -39.119 0.5000000000
39286  -38.492  -41.423  -41.031 0.6000000238
39285  -38.026  -42.224  -41.139 0.6000000238
38325  -38.065  -43.124  -41.436 0.5000000000
38331  -39.158  -43.249  -41.939 0.5000000000
36209  -34.205  -44.665  -38.812 0.5000000000
35174  -34.098  -45.412  -38.732 0.5000000000
34221  -33.969  -46.263  -38.676 0.5000000000
38292  -32.348  -42.257  -37.288 0.4000000060
29607  -32.617  -51.749  -33.842 0.4000000060
129049  -35.077  -48.374  -36.835 0.6000000238
36225  -39.120  -45.039  -41.027 0.6000000238
37287  -40.443  -44.210  -42.124 0.6000000238
36237  -40.295  -44.534  -42.120 0.6000000238
37276  -39.532  -44.207  -41.122 0.6000000238
38332  -40.465  -43.319  -42.323 0.6000000238
39291  -39.444  -42.391  -41.774 0.6000000238
29623  -33.381  -51.547  -37.645 0.5000000000
30466  -34.441  -51.208  -39.060 0.5000000000
28834  -33.581  -51.978  -40.494 0.5000000000
31385  -35.730  -50.301  -41.111 0.6000000238
31382  -36.107  -49.845  -40.489 0.6000000238
38314  -34.980  -42.533  -39.075 0.5000000000
33281  -37.146  -48.691  -40.784 0.6000000238
34246  -37.032  -47.346  -41.750 0.5000000000
118524  -38.037  -47.656  -41.166 0.6000000238
35198  -37.570  -46.406  -41.808 0.5000000000
36224  -38.775  -45.830  -41.006 0.6000000238
35210  -39.136  -46.745  -42.074 0.6000000238
36246  -39.212  -45.972  -42.339 0.6000000238
37293  -38.328  -44.797  -42.010 0.5000000000
37248  -45.487  -43.659  -38.151 0.3000000119
36213  -45.200  -44.395  -38.664 0.3000000119
37277  -46.143  -43.939  -39.335 0.3000000119
38320  -47.009  -42.876  -39.281 0.3000000119
36228  -46.290  -44.298  -39.951 0.3000000119
37279  -47.235  -43.176  -40.056 0.3000000119
38329  -48.056  -42.251  -40.750 0.3000000119
39268  -47.535  -41.465  -38.608 0.3000000119
39281  -47.820  -41.558  -39.381 0.3000000119
39289  -48.140  -41.564  -40.217 0.3000000119
40196  -48.665  -40.753  -41.463 0.3000000119
39282  -48.277  -40.891  -39.690 0.3000000119
40190  -48.486  -40.802  -40.545 0.3000000119
45051  -51.554  -35.495  -42.466 0.3000000119
45048  -51.208  -35.319  -41.689 0.3000000119
132565  -51.406  -34.393  -43.202 0.3000000119
46050  -50.809  -34.544  -41.560 0.3000000119
46051  -50.440  -33.915  -42.450 0.3000000119
46052  -51.231  -34.613  -42.491 0.3000000119
47053  -50.166  -33.901  -41.488 0.3000000119
28824  -32.830  -53.123  -38.256 0.4000000060
36227  -45.593  -44.609  -39.469 0.3000000119
36239  -46.382  -44.688  -40.779 0.3000000119
27961  -32.310  -53.677  -38.912 0.4000000060
37296  -47.535  -43.766  -41.666 0.3000000119
125769  -48.319  -42.242  -41.617 0.3000000119
41229  -49.254  -39.413  -41.036 0.3000000119
42222  -49.705  -38.728  -41.221 0.3000000119
44068  -51.332  -36.032  -41.923 0.3000000119
44070  -51.583  -36.438  -42.630 0.3000000119
44072  -51.925  -36.609  -43.585 0.3000000119
45054  -52.003  -35.718  -43.228 0.3000000119
46054  -51.734  -34.174  -43.872 0.3000000119
47057  -50.807  -33.767  -43.367 0.3000000119
37290  -47.440  -43.503  -40.804 0.3000000119
40199  -48.811  -40.740  -42.281 0.3000000119
26333  -29.377  -55.152  -33.260 0.4000000060
27122  -29.347  -54.631  -32.723 0.3000000119
27129  -29.568  -54.361  -33.299 0.3000000119
27936  -29.690  -53.649  -33.480 0.3000000119
116387  -32.013  -49.092  -37.423 0.4000000060
31374  -32.359  -49.372  -38.349 0.4000000060
30460  -31.093  -50.241  -37.646 0.4000000060
30463  -30.867  -51.062  -38.222 0.4000000060
33257  -33.294  -47.247  -37.862 0.4000000060
134248  -32.493  -48.735  -37.857 0.4000000060
32293  -33.477  -48.317  -39.229 0.4000000060
31378  -32.214  -50.038  -38.813 0.4000000060
30465  -32.346  -50.560  -39.757 0.4000000060
31383  -33.161  -50.513  -40.558 0.4000000060
29626  -31.356  -51.542  -39.202 0.4000000060
30468  -31.950  -51.333  -39.831 0.4000000060
119624  -29.419  -46.236  -36.402 0.3000000119
31384  -33.784  -49.828  -40.840 0.4000000060
131361  -30.527  -45.936  -36.414 0.3000000119
35148  -29.838  -45.370  -36.446 0.3000000119
30469  -32.718  -51.232  -40.432 0.4000000060
36194  -33.198  -45.087  -37.478 0.4000000060
29622  -29.977  -51.236  -37.839 0.4000000060
30464  -31.648  -50.663  -38.796 0.4000000060
21162  -32.121  -60.997  -34.798 0.3000000119
22903  -31.460  -59.823  -34.582 0.3000000119
23784  -31.927  -58.287  -33.903 0.3000000119
24654  -31.601  -57.510  -34.259 0.3000000119
24667  -30.690  -57.459  -35.541 0.3000000119
24682  -30.246  -57.202  -36.316 0.3000000119
24681  -29.489  -57.747  -36.515 0.3000000119
25558  -31.047  -56.085  -36.293 0.3000000119
25557  -30.478  -56.480  -36.786 0.3000000119
25556  -29.795  -56.886  -37.119 0.3000000119
27145  -31.735  -54.917  -36.073 0.3000000119
26370  -31.343  -55.484  -36.464 0.3000000119
27150  -31.474  -54.965  -37.019 0.3000000119
127001  -31.907  -54.376  -36.488 0.3000000119
27151  -31.882  -54.294  -37.271 0.3000000119
24640  -32.028  -57.449  -33.652 0.3000000119
115571  -32.526  -52.992  -37.118 0.3000000119
23803  -31.411  -58.897  -34.447 0.3000000119
21163  -34.003  -60.985  -35.064 0.4000000060
22001  -33.406  -60.043  -33.990 0.4000000060
23773  -35.266  -57.783  -32.924 0.4000000060
23786  -33.534  -58.767  -33.140 0.4000000060
23789  -36.198  -57.314  -34.233 0.4000000060
24630  -33.979  -57.095  -32.197 0.4000000060
24669  -38.207  -55.224  -36.917 0.3000000119
24684  -37.611  -55.867  -37.776 0.3000000119
25470  -38.347  -55.944  -29.903 0.3000000119
25481  -38.759  -56.554  -30.405 0.3000000119
25499  -34.342  -55.999  -31.593 0.4000000060
25512  -32.646  -56.329  -32.603 0.4000000060
25517  -37.352  -55.667  -32.699 0.3000000119
25525  -32.216  -56.772  -33.327 0.3000000119
25527  -37.064  -55.555  -33.768 0.3000000119
25546  -30.794  -56.746  -35.975 0.3000000119
25549  -37.308  -54.948  -36.395 0.3000000119
25559  -36.848  -55.538  -37.340 0.3000000119
25569  -36.904  -56.128  -38.133 0.3000000119
26290  -38.002  -55.412  -29.348 0.3000000119
26316  -33.734  -55.522  -31.442 0.4000000060
26318  -35.631  -55.083  -31.631 0.4000000060
26336  -35.841  -55.401  -32.081 0.3000000119
26337  -37.030  -55.168  -32.435 0.3000000119
26353  -37.279  -54.915  -36.348 0.3000000119
26360  -31.510  -55.626  -35.725 0.3000000119
26369  -30.851  -55.758  -37.214 0.3000000119
27044  -38.771  -54.396  -27.648 0.3000000119
27046  -40.441  -54.016  -27.795 0.3000000119
27062  -39.277  -54.866  -28.155 0.3000000119
27086  -33.860  -54.025  -30.685 0.4000000060
27088  -35.773  -54.011  -30.864 0.3000000119
27090  -37.077  -54.691  -30.658 0.3000000119
27102  -32.704  -54.665  -31.851 0.4000000060
27146  -32.149  -54.165  -35.665 0.4000000060
27867  -37.539  -53.749  -27.635 0.3000000119
27868  -38.294  -53.828  -27.220 0.3000000119
27880  -37.080  -54.265  -29.071 0.3000000119
27943  -32.469  -53.462  -34.319 0.4000000060
27953  -32.229  -53.676  -36.596 0.3000000119
28728  -36.983  -52.023  -26.427 0.3000000119
28729  -37.665  -52.461  -26.299 0.3000000119
28730  -38.407  -52.553  -26.140 0.3000000119
28731  -39.048  -52.727  -26.198 0.3000000119
28752  -37.722  -53.182  -26.821 0.3000000119
28753  -40.397  -52.917  -26.779 0.3000000119
28769  -36.356  -52.772  -29.148 0.3000000119
28783  -34.088  -52.533  -30.438 0.3000000119
28819  -32.526  -52.606  -35.655 0.4000000060
29509  -37.598  -51.296  -25.757 0.3000000119
29510  -38.409  -51.290  -25.669 0.3000000119
29529  -36.935  -51.304  -26.056 0.3000000119
29531  -40.675  -51.254  -26.409 0.3000000119
29575  -34.133  -51.050  -30.195 0.3000000119
29608  -32.868  -50.468  -33.385 0.4000000060
29615  -32.695  -51.759  -35.630 0.4000000060
29628  -34.775  -51.420  -40.221 0.5000000000
29632  -34.220  -51.769  -40.393 0.5000000000
29633  -34.753  -51.225  -40.923 0.6000000238
30366  -38.658  -50.385  -25.722 0.3000000119
30387  -36.612  -50.569  -26.340 0.3000000119
30425  -33.814  -50.274  -30.398 0.3000000119
30436  -32.866  -50.750  -31.648 0.4000000060
30443  -32.896  -50.169  -32.502 0.4000000060
30452  -33.404  -50.435  -35.707 0.4000000060
30473  -34.474  -51.015  -41.239 0.6000000238
31272  -37.870  -50.177  -25.698 0.3000000119
31286  -38.280  -49.574  -25.852 0.3000000119
31288  -40.103  -49.534  -26.524 0.3000000119
31289  -41.023  -48.983  -26.846 0.3000000119
31302  -35.349  -48.952  -28.102 0.3000000119
31310  -34.581  -49.535  -29.483 0.3000000119
31325  -34.144  -49.108  -30.026 0.3000000119
31373  -31.803  -49.824  -37.966 0.4000000060
31379  -32.757  -49.679  -39.627 0.4000000060
31386  -34.701  -50.442  -41.343 0.5000000000
32193  -37.797  -48.333  -26.345 0.3000000119
32203  -36.444  -48.323  -26.705 0.3000000119
32204  -40.001  -48.017  -27.463 0.3000000119
32243  -33.560  -48.630  -31.653 0.3000000119
32257  -33.786  -48.546  -33.510 0.5000000000
32263  -33.962  -48.773  -34.360 0.5000000000
32277  -34.718  -48.851  -36.670 0.6000000238
32284  -32.916  -48.054  -38.039 0.4000000060
32286  -35.824  -48.332  -38.511 0.6000000238
32292  -32.835  -48.819  -38.788 0.4000000060
32300  -35.026  -48.566  -41.118 0.5000000000
32308  -35.450  -49.394  -41.429 0.5000000000
33141  -37.082  -47.085  -26.689 0.3000000119
33158  -35.750  -47.377  -27.518 0.3000000119
33161  -38.464  -47.256  -27.097 0.3000000119
33163  -40.724  -47.455  -27.505 0.3000000119
33177  -35.337  -47.155  -28.133 0.3000000119
33214  -34.160  -47.339  -31.379 0.3000000119
33236  -34.646  -47.747  -35.528 0.6000000238
33289  -37.379  -48.431  -41.346 0.6000000238
34080  -40.550  -46.935  -27.791 0.3000000119
34102  -38.813  -46.377  -27.850 0.3000000119
34121  -40.024  -47.001  -30.259 0.3000000119
34163  -39.916  -47.691  -32.414 0.3000000119
34164  -39.949  -47.349  -31.467 0.3000000119
34171  -34.411  -46.383  -33.358 0.5000000000
34174  -40.240  -48.155  -33.941 0.3000000119
34190  -40.772  -48.406  -35.466 0.3000000119
34201  -34.869  -46.426  -35.683 0.6000000238
34203  -40.961  -48.007  -37.072 0.3000000119
34255  -38.794  -47.033  -42.088 0.6000000238
35035  -36.650  -45.670  -27.414 0.3000000119
35053  -37.771  -44.878  -28.005 0.3000000119
35054  -39.339  -46.278  -28.454 0.3000000119
35055  -39.974  -46.547  -28.882 0.3000000119
35056  -40.542  -46.005  -28.327 0.3000000119
35086  -39.981  -47.130  -30.519 0.3000000119
35121  -39.511  -47.174  -32.914 0.3000000119
35122  -40.671  -47.676  -33.427 0.3000000119
35126  -28.296  -45.593  -35.355 0.4000000060
35127  -34.598  -45.559  -34.593 0.6000000238
35136  -28.035  -45.560  -35.934 0.5000000000
35137  -34.754  -45.803  -35.304 0.6000000238
35138  -39.894  -47.197  -34.476 0.3000000119
35151  -35.458  -45.591  -36.906 0.6999999881
35173  -33.655  -45.674  -37.961 0.5000000000
35187  -35.369  -45.105  -40.057 0.5000000000
35197  -36.407  -45.822  -41.071 0.5000000000
35200  -39.664  -46.129  -41.980 0.6000000238
36063  -41.650  -43.966  -28.089 0.3000000119
36077  -35.851  -44.674  -28.552 0.3000000119
36078  -36.616  -44.371  -28.277 0.3000000119
36079  -37.284  -44.253  -28.292 0.3000000119
36080  -38.050  -44.406  -28.594 0.3000000119
36089  -36.217  -43.933  -28.797 0.3000000119
36091  -39.276  -45.564  -29.741 0.3000000119
36092  -40.208  -46.005  -29.001 0.3000000119
36105  -34.683  -44.862  -30.777 0.4000000060
36119  -34.639  -44.083  -32.067 0.5000000000
36120  -39.284  -45.956  -31.777 0.3000000119
36136  -39.388  -44.703  -32.972 0.4000000060
36137  -40.532  -46.452  -31.766 0.3000000119
36146  -34.588  -44.266  -33.737 0.6000000238
36148  -39.941  -44.360  -34.122 0.4000000060
36171  -43.055  -44.348  -35.969 0.4000000060
36182  -35.242  -44.831  -36.226 0.6999999881
36184  -42.347  -45.303  -36.399 0.3000000119
36186  -44.131  -44.239  -36.956 0.4000000060
36198  -44.309  -44.592  -37.681 0.4000000060
36199  -44.875  -44.238  -38.054 0.3000000119
36212  -44.512  -44.903  -38.396 0.3000000119
36235  -39.752  -46.065  -41.958 0.6000000238
36240  -47.036  -44.263  -41.180 0.3000000119
36247  -39.914  -45.321  -42.229 0.6000000238
37116  -41.262  -43.523  -28.788 0.3000000119
37128  -37.196  -43.197  -29.179 0.3000000119
37146  -34.872  -43.932  -31.126 0.5000000000
37148  -36.245  -42.976  -29.909 0.4000000060
37167  -39.054  -43.477  -31.308 0.3000000119
37168  -39.281  -44.229  -32.120 0.4000000060
37171  -42.622  -43.118  -31.721 0.3000000119
37184  -34.783  -43.446  -32.464 0.5000000000
37196  -39.856  -43.671  -33.486 0.4000000060
37207  -42.630  -43.593  -34.769 0.4000000060
37217  -34.972  -43.330  -35.078 0.6999999881
37219  -42.792  -43.978  -35.382 0.4000000060
37220  -43.507  -43.632  -35.643 0.4000000060
37249  -46.068  -42.864  -37.962 0.4000000060
37261  -36.777  -43.472  -38.559 0.6999999881
37263  -45.766  -43.970  -38.875 0.3000000119
37264  -46.284  -43.347  -38.808 0.3000000119
37273  -35.769  -43.752  -40.027 0.5000000000
37278  -46.665  -43.584  -39.615 0.3000000119
37286  -37.567  -43.678  -41.319 0.5000000000
37289  -46.901  -43.927  -40.354 0.3000000119
37294  -38.800  -44.059  -42.059 0.5000000000
37295  -40.067  -44.298  -42.421 0.6000000238
37297  -47.976  -43.364  -42.077 0.3000000119
38152  -41.732  -42.729  -28.997 0.3000000119
38166  -37.410  -42.710  -29.764 0.3000000119
38168  -41.222  -43.124  -29.503 0.3000000119
38187  -36.009  -42.475  -30.729 0.4000000060
38188  -36.835  -42.360  -30.191 0.4000000060
38190  -42.173  -42.231  -30.160 0.3000000119
38191  -42.991  -41.899  -30.661 0.3000000119
38205  -35.098  -42.906  -31.991 0.4000000060
38207  -36.210  -41.753  -31.337 0.4000000060
38209  -39.050  -42.337  -31.859 0.4000000060
38223  -35.001  -42.756  -32.690 0.6000000238
38241  -40.272  -42.910  -33.141 0.4000000060
38254  -34.984  -42.765  -34.554 0.6999999881
38255  -35.194  -42.051  -34.801 0.6999999881
38256  -43.293  -42.923  -34.559 0.4000000060
38269  -44.481  -42.470  -35.397 0.4000000060
38279  -30.138  -42.567  -36.678 0.5000000000
38282  -44.741  -42.750  -36.086 0.4000000060
38304  -33.798  -41.818  -38.138 0.5000000000
38308  -47.326  -42.146  -38.958 0.3000000119
38321  -47.590  -42.328  -39.885 0.3000000119
38328  -47.654  -42.831  -40.541 0.3000000119
38334  -47.975  -42.993  -41.301 0.3000000119
39156  -37.281  -41.787  -30.710 0.4000000060
39158  -42.836  -41.666  -29.770 0.3000000119
39172  -38.398  -41.631  -31.633 0.4000000060
39175  -41.741  -40.953  -31.731 0.4000000060
39185  -35.725  -41.208  -32.668 0.5000000000
39186  -36.399  -41.040  -31.965 0.4000000060
39188  -39.616  -41.433  -32.651 0.4000000060
39190  -41.288  -41.575  -32.111 0.4000000060
39192  -43.033  -41.316  -32.582 0.4000000060
39203  -35.366  -41.494  -33.482 0.6999999881
39205  -43.426  -41.706  -33.407 0.4000000060
39217  -43.753  -42.139  -34.179 0.4000000060
39226  -35.446  -41.318  -35.145 0.6999999881
39229  -46.051  -41.185  -35.998 0.4000000060
39236  -35.611  -41.372  -36.072 0.6999999881
39238  -45.732  -41.881  -36.363 0.4000000060
39239  -46.398  -41.484  -36.761 0.4000000060
39254  -46.729  -41.719  -37.513 0.4000000060
39263  -34.562  -41.839  -38.637 0.5000000000
39267  -47.051  -41.933  -38.207 0.3000000119
39287  -41.127  -42.761  -41.907 0.6999999881
39293  -41.088  -42.318  -42.146 0.6999999881
39294  -48.395  -41.514  -41.107 0.3000000119
39296  -48.583  -41.484  -42.152 0.3000000119
40097  -38.046  -40.976  -32.081 0.4000000060
40099  -41.518  -40.232  -31.428 0.4000000060
40101  -42.929  -40.240  -31.608 0.5000000000
40106  -36.193  -40.636  -32.671 0.5000000000
40108  -37.614  -40.383  -32.679 0.5000000000
40110  -39.578  -40.759  -32.924 0.5000000000
40112  -43.387  -40.600  -32.273 0.4000000060
40119  -36.416  -40.178  -33.094 0.6000000238
40124  -45.117  -40.157  -33.696 0.4000000060
40132  -35.683  -40.642  -34.615 0.6999999881
40134  -45.361  -40.505  -34.397 0.4000000060
40135  -45.948  -40.155  -34.835 0.4000000060
40146  -37.083  -39.867  -37.041 0.6000000238
40168  -34.189  -40.727  -38.300 0.4000000060
40170  -35.492  -40.396  -39.101 0.4000000060
40172  -40.861  -40.004  -39.072 0.6999999881
40173  -48.128  -40.229  -38.435 0.4000000060
40178  -36.289  -40.260  -39.469 0.6999999881
40182  -42.108  -40.374  -40.687 0.6999999881
40183  -48.032  -40.925  -38.909 0.4000000060
40188  -40.057  -40.968  -41.536 0.6999999881
40189  -41.982  -40.563  -41.586 0.6999999881
40191  -48.815  -40.079  -40.867 0.3000000119
40200  -49.161  -40.405  -42.849 0.3000000119
41105  -42.533  -38.989  -30.799 0.5000000000
41108  -40.717  -39.265  -31.806 0.5000000000
41109  -41.151  -39.537  -31.318 0.5000000000
41110  -43.170  -39.504  -31.293 0.5000000000
41116  -39.843  -40.055  -33.281 0.5000000000
41120  -45.070  -39.084  -32.655 0.4000000060
41125  -37.448  -39.815  -33.341 0.5000000000
41128  -40.011  -39.379  -33.800 0.6000000238
41129  -44.778  -39.825  -32.998 0.4000000060
41131  -45.961  -39.037  -33.960 0.4000000060
41141  -39.404  -39.212  -34.400 0.6000000238
41144  -46.112  -39.552  -34.546 0.4000000060
41153  -47.227  -39.151  -35.695 0.4000000060
41161  -36.804  -39.539  -36.174 0.6000000238
41166  -47.441  -39.440  -36.345 0.4000000060
41184  -38.841  -39.509  -37.700 0.6999999881
41186  -40.609  -39.033  -37.915 0.6999999881
41189  -48.281  -38.930  -37.571 0.4000000060
41198  -34.502  -39.609  -38.276 0.5000000000
41204  -41.945  -39.118  -38.975 0.6999999881
41205  -42.508  -38.976  -39.663 0.6000000238
41206  -47.970  -39.750  -37.620 0.4000000060
41213  -37.331  -39.509  -39.443 0.6999999881
41220  -48.852  -39.208  -39.751 0.4000000060
41228  -48.598  -40.056  -39.948 0.3000000119
41233  -42.165  -39.997  -41.633 0.6999999881
42121  -42.849  -38.259  -30.594 0.5000000000
42128  -40.850  -38.331  -31.387 0.5000000000
42136  -44.668  -38.708  -31.951 0.4000000060
42151  -38.700  -38.924  -34.984 0.6000000238
42152  -39.561  -38.648  -34.990 0.6000000238
42154  -47.114  -37.905  -34.797 0.4000000060
42160  -38.940  -38.555  -35.774 0.6000000238
42164  -47.434  -38.320  -35.563 0.4000000060
42173  -40.613  -38.222  -36.473 0.6999999881
42174  -41.207  -37.830  -37.055 0.6000000238
42175  -48.165  -38.501  -36.876 0.4000000060
42176  -48.378  -37.846  -36.927 0.4000000060
42190  -35.710  -38.324  -37.920 0.6999999881
42193  -41.532  -38.101  -37.779 0.6000000238
42211  -38.716  -38.587  -39.339 0.6999999881
42214  -42.817  -38.393  -39.981 0.6999999881
42215  -49.080  -38.535  -39.588 0.4000000060
42221  -42.860  -38.414  -40.866 0.6000000238
42228  -42.627  -38.407  -41.269 0.6000000238
43072  -41.502  -37.604  -30.655 0.5000000000
43074  -43.139  -37.561  -30.523 0.5000000000
43080  -40.928  -37.565  -31.011 0.5000000000
43081  -44.504  -37.147  -31.133 0.4000000060
43086  -40.470  -37.732  -32.562 0.6000000238
43094  -45.777  -37.877  -32.997 0.4000000060
43095  -46.301  -37.644  -33.578 0.4000000060
43103  -40.578  -37.563  -34.848 0.6999999881
43115  -48.066  -36.937  -35.926 0.4000000060
43146  -48.870  -36.942  -37.981 0.4000000060
43157  -48.767  -37.689  -38.144 0.4000000060
43163  -49.511  -37.075  -39.261 0.4000000060
43167  -49.458  -37.909  -39.824 0.4000000060
43168  -49.933  -37.204  -40.114 0.4000000060
43170  -41.433  -36.929  -41.328 0.6000000238
43172  -42.455  -37.929  -41.421 0.6000000238
43174  -51.159  -36.749  -41.865 0.3000000119
43964  -44.030  -36.620  -30.709 0.4000000060
43974  -41.184  -36.811  -30.755 0.4000000060
43981  -40.526  -36.295  -32.281 0.4000000060
43982  -45.673  -36.518  -32.242 0.4000000060
43998  -47.180  -36.137  -34.131 0.4000000060
44006  -47.562  -36.209  -34.872 0.4000000060
44020  -38.041  -35.930  -36.745 0.6999999881
44036  -36.985  -36.812  -36.708 0.6999999881
44041  -49.019  -36.194  -37.837 0.4000000060
44053  -42.267  -36.019  -39.866 0.6000000238
44055  -49.729  -36.090  -39.139 0.4000000060
44059  -40.791  -36.816  -40.829 0.6999999881
44060  -42.239  -36.284  -41.233 0.6000000238
44065  -41.868  -36.605  -41.441 0.6999999881
44067  -50.987  -36.139  -41.136 0.3000000119
44919  -41.702  -36.131  -30.524 0.4000000060
44922  -44.135  -35.857  -30.753 0.4000000060
44950  -45.782  -35.634  -32.229 0.4000000060
44960  -46.793  -34.968  -33.346 0.4000000060
44961  -47.183  -35.361  -33.935 0.4000000060
45007  -40.753  -35.288  -36.620 0.6000000238
45019  -38.573  -35.753  -37.557 0.6999999881
45021  -41.590  -35.712  -38.100 0.6000000238
45022  -48.808  -35.126  -37.295 0.4000000060
45028  -39.099  -35.258  -39.241 0.6999999881
45036  -49.868  -35.176  -39.272 0.4000000060
45039  -39.873  -35.228  -40.996 0.6999999881
45042  -42.441  -36.097  -40.795 0.6000000238
45047  -50.810  -35.193  -40.867 0.4000000060
45055  -52.330  -35.060  -43.915 0.3000000119
45922  -42.241  -34.501  -30.497 0.5000000000
45929  -40.641  -34.662  -31.808 0.5000000000
45946  -45.862  -34.781  -32.280 0.3000000119
45965  -46.778  -34.292  -33.347 0.3000000119
45979  -47.560  -34.408  -34.457 0.3000000119
45991  -36.514  -34.488  -35.573 0.6999999881
46021  -48.861  -34.487  -37.475 0.4000000060
46022  -49.098  -34.110  -38.022 0.3000000119
46037  -49.903  -34.395  -39.663 0.4000000060
46040  -39.448  -34.536  -41.094 0.6999999881
46044  -50.353  -34.981  -40.067 0.4000000060
46047  -39.955  -34.108  -41.497 0.6999999881
46926  -42.499  -33.537  -30.555 0.5000000000
46933  -40.677  -33.723  -31.773 0.5000000000
46949  -40.500  -33.221  -32.601 0.5000000000
46950  -45.891  -33.951  -32.375 0.4000000060
46971  -47.381  -33.994  -34.171 0.4000000060
46999  -36.294  -33.785  -35.534 0.6999999881
47000  -36.968  -34.104  -35.811 0.6999999881
47003  -48.105  -33.784  -35.507 0.3000000119
47004  -48.406  -33.809  -36.378 0.4000000060
47018  -39.823  -32.989  -37.281 0.6000000238
47020  -48.087  -33.133  -35.992 0.3000000119
47035  -48.945  -33.227  -39.009 0.3000000119
47049  -39.473  -32.474  -41.416 0.6999999881
47060  -51.124  -33.300  -44.135 0.3000000119
47902  -42.786  -32.590  -30.622 0.5000000000
47913  -42.018  -32.123  -30.916 0.5000000000
47914  -44.772  -32.623  -31.385 0.4000000060
47940  -40.569  -32.300  -32.399 0.5000000000
47942  -46.221  -32.689  -33.143 0.4000000060
47966  -40.157  -32.130  -34.446 0.5000000000
47998  -39.672  -32.370  -38.008 0.6000000238
48006  -48.414  -32.745  -38.494 0.3000000119
48011  -40.023  -31.860  -40.753 0.6999999881
48017  -39.948  -32.116  -41.208 0.6999999881
48918  -41.108  -30.971  -31.877 0.5000000000
48920  -46.102  -31.923  -33.398 0.4000000060
48927  -46.078  -31.254  -33.804 0.4000000060
48931  -40.043  -31.496  -34.807 0.5000000000
48933  -46.455  -31.272  -34.548 0.4000000060
48943  -39.747  -31.488  -35.613 0.5000000000
48952  -46.662  -31.037  -36.215 0.4000000060
48956  -34.069  -30.670  -38.371 0.6000000238
48978  -46.516  -31.156  -40.085 0.3000000119
48979  -47.011  -31.642  -40.685 0.3000000119
49853  -42.575  -30.620  -31.237 0.5000000000
49855  -44.122  -30.461  -31.386 0.5000000000
49883  -46.054  -30.636  -34.283 0.4000000060
49897  -40.168  -30.241  -34.892 0.5000000000
49904  -46.252  -30.354  -36.644 0.4000000060
49921  -46.065  -30.107  -39.317 0.3000000119
49926  -46.173  -30.415  -40.255 0.3000000119
49927  -46.562  -31.045  -41.056 0.3000000119
50781  -42.173  -29.926  -31.640 0.5000000000
50784  -44.206  -29.689  -31.712 0.5000000000
50801  -42.378  -29.099  -31.932 0.5000000000
50855  -35.403  -28.851  -40.272 0.6000000238
50861  -36.648  -29.121  -41.156 0.6000000238
50863  -46.084  -29.725  -40.768 0.3000000119
50866  -36.323  -28.241  -41.180 0.6000000238
50868  -39.013  -29.555  -41.977 0.6999999881
50871  -46.499  -29.775  -42.204 0.3000000119
51810  -43.592  -29.154  -31.741 0.5000000000
51823  -43.626  -28.340  -32.082 0.4000000060
51835  -45.443  -28.466  -33.077 0.4000000060
51884  -47.260  -28.273  -37.471 0.5000000000
51899  -46.725  -28.746  -39.861 0.4000000060
51904  -39.778  -27.919  -41.502 0.6999999881
51911  -38.533  -28.237  -42.015 0.6999999881
51913  -46.128  -29.380  -42.020 0.4000000060
51915  -46.789  -28.810  -42.751 0.4000000060
51916  -48.332  -29.186  -41.832 0.3000000119
51917  -50.331  -28.605  -41.483 0.3000000119
51926  -46.588  -28.349  -43.670 0.4000000060
52886  -44.944  -27.747  -32.704 0.4000000060
52897  -43.299  -26.908  -33.025 0.5000000000
52899  -45.204  -26.910  -33.131 0.5000000000
52917  -40.813  -28.166  -35.935 0.6000000238
52919  -46.750  -27.288  -34.972 0.3000000119
52946  -48.359  -27.038  -38.627 0.5000000000
52957  -37.727  -26.550  -41.440 0.6000000238
52959  -47.843  -27.218  -40.374 0.5000000000
52964  -37.783  -26.969  -41.786 0.6000000238
52966  -39.252  -26.622  -41.968 0.6999999881
52970  -50.543  -27.790  -41.545 0.3000000119
52971  -51.453  -27.483  -41.508 0.3000000119
52973  -53.192  -27.178  -41.635 0.3000000119
52990  -46.546  -28.179  -44.038 0.4000000060
52998  -46.667  -27.960  -44.671 0.4000000060
53921  -38.544  -26.423  -32.747 0.5000000000
53922  -39.246  -26.580  -32.635 0.5000000000
53923  -39.984  -26.519  -32.606 0.6000000238
53944  -39.413  -27.300  -33.956 0.6000000238
53995  -48.676  -26.330  -38.193 0.4000000060
54010  -38.342  -25.907  -41.613 0.6999999881
54011  -38.943  -25.520  -41.754 0.6999999881
54012  -46.742  -28.072  -41.650 0.5000000000
54022  -47.574  -26.714  -41.858 0.5000000000
54050  -46.624  -27.550  -44.985 0.4000000060
54054  -47.445  -26.695  -45.849 0.4000000060
55068  -40.653  -25.984  -34.597 0.6000000238
55074  -46.212  -25.397  -34.562 0.4000000060
55119  -49.175  -24.773  -37.805 0.4000000060
55128  -48.921  -25.514  -37.867 0.4000000060
55135  -49.340  -25.156  -39.094 0.4000000060
55172  -47.430  -26.072  -46.089 0.4000000060
55176  -47.903  -25.489  -46.379 0.3000000119
56139  -41.073  -24.241  -30.768 0.4000000060
56156  -41.725  -24.982  -32.177 0.5000000000
56157  -42.310  -24.324  -32.288 0.4000000060
56182  -46.455  -24.893  -34.909 0.4000000060
56198  -47.479  -24.678  -35.675 0.4000000060
56217  -43.610  -23.263  -38.448 0.5000000000
56230  -48.982  -24.172  -37.283 0.4000000060
56236  -42.294  -22.648  -39.395 0.5000000000
56239  -40.318  -23.265  -40.681 0.5000000000
56278  -48.027  -24.599  -46.528 0.3000000119
57150  -39.008  -24.082  -31.674 0.4000000060
57179  -35.912  -23.839  -35.020 0.4000000060
57269  -49.379  -22.863  -42.417 0.4000000060
57287  -47.934  -23.749  -46.550 0.3000000119
58072  -42.802  -22.191  -30.513 0.3000000119
58106  -43.642  -22.325  -34.290 0.6000000238
58170  -49.603  -22.695  -40.694 0.3000000119
58195  -47.489  -23.095  -46.301 0.3000000119
58199  -49.194  -22.720  -46.629 0.3000000119
58925  -41.051  -21.281  -29.400 0.3000000119
58926  -41.832  -21.580  -29.645 0.3000000119
58943  -43.560  -21.007  -30.956 0.3000000119
58962  -43.711  -21.486  -32.216 0.3000000119
59040  -49.056  -21.658  -37.697 0.3000000119
59876  -45.837  -20.592  -35.190 0.4000000060
60843  -48.877  -20.042  -38.552 0.3000000119
61677  -39.342  -17.839  -29.684 0.3000000119
61687  -42.249  -18.407  -29.380 0.3000000119
61709  -43.945  -18.630  -31.788 0.3000000119
61710  -44.126  -18.648  -32.614 0.3000000119
62678  -45.576  -16.782  -35.383 0.3000000119
62694  -47.015  -16.787  -36.603 0.3000000119
63466  -40.561  -16.455  -29.061 0.3000000119
63467  -42.036  -16.028  -29.289 0.3000000119
63567  -47.293  -16.737  -37.298 0.3000000119
64350  -43.238  -15.422  -30.052 0.3000000119
64441  -45.320  -15.091  -39.603 0.3000000119
65315  -45.311  -14.770  -39.737 0.3000000119
66178  -44.617  -13.336  -32.143 0.3000000119
66261  -45.601  -13.870  -38.553 0.3000000119
68949  -46.215  -10.532  -39.897 0.3000000119
68954  -46.676  -10.650  -40.315 0.3000000119
68961  -50.349  -10.703  -41.271 0.3000000119
112340  -51.772  -34.928  -43.146 0.3000000119
112512  -40.661  -36.051  -34.915 0.6000000238
113467  -39.674  -29.907  -40.738 0.6000000238
113522  -49.569  -23.759  -38.944 0.4000000060
113605  -40.270  -32.727  -34.044 0.5000000000
113990  -41.183  -16.283  -29.001 0.3000000119
114134  -44.916  -41.170  -34.566 0.4000000060
114251  -34.680  -46.205  -29.930 0.4000000060
114781  -43.811  -20.910  -31.764 0.3000000119
115045  -46.169  -29.744  -36.952 0.3000000119
116991  -37.377  -38.630  -38.735 0.6999999881
117583  -34.506  -44.846  -32.505 0.5000000000
117635  -45.332  -33.441  -31.771 0.4000000060
117881  -33.240  -56.744  -32.266 0.4000000060
118188  -50.426  -34.449  -40.722 0.3000000119
118247  -41.382  -43.270  -30.659 0.3000000119
118270  -41.724  -20.908  -29.471 0.3000000119
119187  -49.550  -22.017  -40.620 0.3000000119
119669  -30.934  -45.364  -36.485 0.3000000119
119890  -45.494  -14.189  -36.132 0.3000000119
120318  -47.253  -28.329  -39.058 0.5000000000
120878  -48.263  -42.851  -42.036 0.3000000119
121202  -42.653  -37.070  -30.457 0.4000000060
121324  -39.738  -52.477  -26.270 0.3000000119
121337  -35.179  -36.052  -36.063 0.6999999881
121637  -47.963  -34.630  -35.109 0.4000000060
121890  -38.622  -45.322  -28.538 0.3000000119
121907  -32.623  -53.046  -31.706 0.4000000060
122242  -37.817  -49.038  -26.059 0.3000000119
122246  -47.893  -10.204  -40.518 0.3000000119
122645  -35.609  -50.461  -40.477 0.6000000238
122674  -35.667  -51.676  -29.192 0.3000000119
123004  -47.285  -16.559  -39.330 0.3000000119
123039  -34.492  -47.002  -30.109 0.3000000119
123130  -31.372  -58.119  -34.482 0.3000000119
123239  -34.516  -45.416  -31.369 0.4000000060
123330  -47.804  -35.520  -35.054 0.4000000060
123573  -47.008  -30.366  -42.064 0.3000000119
123581  -39.494  -48.960  -26.567 0.3000000119
124111  -37.274  -39.493  -33.914 0.6000000238
124147  -47.703  -40.900  -38.307 0.4000000060
124194  -40.006  -50.998  -26.103 0.3000000119
124212  -49.029  -10.045  -40.583 0.3000000119
124380  -38.716  -35.242  -38.408 0.6999999881
124931  -38.841  -38.706  -36.485 0.6999999881
125160  -33.298  -44.183  -37.680 0.4000000060
125340  -41.575  -35.262  -30.624 0.4000000060
125576  -35.490  -49.652  -28.031 0.3000000119
125752  -33.224  -53.803  -30.959 0.4000000060
125827  -32.477  -28.828  -38.349 0.6000000238
126230  -48.755  -27.935  -42.399 0.3000000119
126572  -40.331  -44.745  -34.594 0.4000000060
127638  -47.991  -24.724  -44.088 0.5000000000
127970  -39.752  -32.183  -38.936 0.6000000238
128071  -35.295  -45.087  -28.995 0.3000000119
128198  -45.458  -14.579  -39.866 0.3000000119
128805  -43.677  -15.469  -30.537 0.3000000119
128933  -47.534  -32.138  -36.416 0.4000000060
129092  -31.051  -42.679  -36.821 0.5000000000
130065  -31.349  -26.714  -36.091 0.5000000000
130492  -43.082  -31.222  -30.868 0.5000000000
130520  -48.704  -35.846  -37.215 0.4000000060
130750  -41.720  -36.958  -37.411 0.6000000238
130855  -37.401  -51.839  -25.999 0.3000000119
130871  -48.934  -25.755  -40.319 0.5000000000
131009  -34.608  -51.367  -29.961 0.3000000119
131167  -34.329  -47.068  -30.718 0.4000000060
131262  -34.118  -49.748  -30.058 0.3000000119
131472  -35.422  -30.431  -39.893 0.6000000238
131501  -45.359  -14.025  -34.598 0.3000000119
131625  -37.084  -54.986  -31.914 0.3000000119
131661  -41.862  -44.581  -27.715 0.3000000119
132113  -39.860  -47.057  -28.010 0.3000000119
132221  -37.744  -48.152  -41.262 0.6000000238
132411  -37.496  -42.265  -30.316 0.4000000060
132982  -43.144  -21.066  -30.401 0.3000000119
133027  -44.546  -31.820  -31.284 0.5000000000
133253  -44.175  -35.232  -30.794 0.5000000000
133271  -44.263  -37.781  -31.045 0.5000000000
133303  -33.404  -49.049  -33.106 0.4000000060
133332  -39.336  -46.126  -32.687 0.4000000060
133449  -40.530  -34.671  -32.511 0.5000000000
133725  -46.919  -20.881  -36.024 0.4000000060
133952  -36.142  -46.172  -27.481 0.3000000119
134090  -40.506  -36.574  -33.620 0.6999999881
134411  -38.402  -26.462  -41.917 0.6999999881
134494  -41.359  -41.248  -40.740 0.6999999881
134556  -44.906  -25.548  -33.754 0.5000000000
134839  -47.530  -20.027  -36.296 0.4000000060
135131  -47.402  -32.271  -35.392 0.4000000060
135137  -46.547  -31.150  -39.443 0.3000000119
135353  -41.645  -39.662  -31.182 0.5000000000
