#!ascii label  , from subject sub-v2s9x29170_ses-1 vox2ras=TkReg
3518
732  -13.119  -93.104  -29.742 0.8999999762
475  -13.141  -94.013  -29.339 0.8000000119
262  -13.246  -94.725  -28.981 0.8000000119
104  -13.412  -95.356  -28.780 0.8000000119
120179  -12.774  -93.097  -30.303 0.8999999762
267  -13.368  -94.290  -30.341 0.8000000119
105  -13.887  -95.757  -29.202 0.8000000119
43  -14.345  -95.652  -29.952 0.8000000119
129830  -13.412  -93.739  -31.445 0.8000000119
273  -14.026  -94.035  -32.129 0.8000000119
110  -13.913  -94.961  -30.314 0.8000000119
2974  -15.539  -86.849  -25.644 0.6999999881
2562  -16.106  -87.710  -26.558 0.8000000119
2159  -15.806  -88.558  -27.157 0.6999999881
125929  -16.345  -90.211  -26.224 0.6000000238
2  -16.608  -97.114  -27.911 0.5000000000
45  -16.192  -96.739  -30.071 0.6999999881
16  -17.716  -97.188  -29.759 0.6000000238
120839  -16.683  -95.699  -31.663 0.8000000119
129  -15.818  -95.243  -32.239 0.8000000119
114278  -16.741  -95.483  -32.558 0.8000000119
2535  -14.488  -87.693  -25.424 0.8000000119
2546  -15.072  -87.841  -26.180 0.8000000119
2114  -12.646  -90.075  -24.024 0.8000000119
2171  -15.183  -89.341  -27.817 1.0000000000
1739  -14.786  -90.238  -28.933 0.8999999762
130192  -15.433  -90.624  -29.087 0.8999999762
110942  -14.515  -91.268  -30.237 0.8999999762
110946  -15.037  -91.468  -30.104 0.8999999762
737  -12.624  -92.284  -30.376 0.8999999762
28  -15.533  -97.009  -28.475 0.5000000000
10  -16.788  -97.375  -28.622 0.5000000000
15  -16.871  -97.257  -29.549 0.6999999881
17  -18.584  -97.081  -29.733 0.6000000238
13  -19.413  -97.058  -29.183 0.6000000238
46  -17.114  -96.755  -30.389 0.6999999881
58  -19.074  -95.982  -30.958 0.6999999881
736  -11.449  -92.020  -31.241 0.8999999762
484  -12.447  -93.159  -31.811 0.8999999762
492  -13.101  -93.586  -32.876 1.0000000000
114556  -12.123  -92.986  -32.957 0.8999999762
130  -16.023  -95.111  -33.343 0.8000000119
120  -18.669  -95.891  -31.873 0.6999999881
131958  -15.630  -94.629  -35.068 1.0000000000
153  -16.922  -95.110  -34.570 0.8000000119
142  -17.690  -95.382  -33.733 0.8000000119
2903  -14.265  -86.681  -18.435 0.6999999881
2963  -14.385  -87.155  -24.244 0.6999999881
2561  -15.445  -88.197  -26.667 0.8000000119
1685  -12.073  -90.998  -23.873 0.8999999762
123169  -13.371  -90.684  -29.918 1.0000000000
110937  -11.858  -91.323  -30.386 0.8999999762
120306  -20.102  -96.387  -29.582 0.6000000238
50  -21.347  -96.132  -30.487 0.6000000238
279  -14.173  -94.142  -33.162 0.8000000119
283  -14.492  -94.220  -34.255 1.0000000000
112  -19.979  -95.799  -30.567 0.6000000238
133  -19.398  -95.727  -32.468 0.6999999881
123  -21.324  -95.850  -31.427 0.6000000238
500  -14.054  -93.818  -35.102 1.0000000000
126315  -19.415  -95.239  -35.335 0.6999999881
2947  -13.647  -87.540  -23.532 0.8000000119
2534  -13.596  -88.058  -24.803 0.8000000119
2923  -13.937  -87.547  -19.677 0.8000000119
130498  -16.549  -88.504  -26.072 0.6000000238
133713  -14.154  -88.579  -26.388 0.8000000119
2560  -14.374  -88.918  -27.042 0.8999999762
2170  -13.594  -89.834  -28.234 1.0000000000
1367  -15.875  -90.020  -28.482 0.8999999762
116052  -15.792  -90.681  -28.619 0.8000000119
114822  -15.515  -91.503  -28.511 0.8000000119
734  -15.122  -91.854  -29.919 0.8999999762
112892  -11.856  -90.452  -29.903 1.0000000000
112158  -11.358  -91.308  -30.798 0.8999999762
483  -11.739  -92.535  -31.973 0.8999999762
275  -14.803  -94.641  -32.208 0.8000000119
56  -17.425  -96.088  -31.134 0.6999999881
143  -18.530  -95.426  -34.021 0.8000000119
132  -18.461  -95.679  -32.916 0.6999999881
117073  -20.886  -95.651  -32.067 0.6000000238
499  -13.217  -93.323  -34.885 1.0000000000
303  -15.584  -94.241  -35.730 1.0000000000
120851  -19.353  -95.432  -34.320 0.6999999881
144  -19.320  -95.621  -33.373 0.8000000119
122483  -19.995  -95.622  -32.919 0.6000000238
2634  -18.145  -88.103  -35.274 0.8000000119
295  -16.948  -94.897  -35.661 1.0000000000
154  -17.728  -95.175  -34.825 0.8000000119
145  -20.085  -95.541  -33.651 0.6999999881
118637  -21.745  -95.565  -33.076 0.6000000238
507  -14.157  -93.412  -35.439 1.0000000000
306  -21.397  -94.918  -36.199 0.8000000119
528  -20.210  -93.968  -38.528 0.8999999762
315  -21.740  -94.537  -37.012 0.8000000119
533  -21.379  -93.584  -39.315 0.8999999762
322  -22.139  -94.272  -37.858 0.8000000119
2948  -14.279  -86.665  -23.189 0.6000000238
2132  -12.961  -89.729  -25.478 1.0000000000
2142  -12.427  -90.384  -27.283 1.0000000000
2476  -12.126  -88.199  -18.226 0.8999999762
123842  -12.027  -89.689  -20.522 0.8999999762
120759  -12.107  -90.181  -27.970 0.8999999762
2559  -11.161  -89.541  -28.143 1.0000000000
2997  -12.338  -87.927  -27.722 1.0000000000
123234  -13.212  -89.878  -27.530 1.0000000000
2157  -13.084  -89.916  -27.959 1.0000000000
2573  -12.808  -88.276  -28.842 1.0000000000
2574  -13.750  -87.386  -29.246 1.0000000000
1315  -11.966  -90.765  -23.389 0.8999999762
1728  -12.975  -89.940  -28.460 1.0000000000
3011  -14.433  -86.704  -28.776 1.0000000000
1677  -11.703  -90.276  -22.846 0.8999999762
1738  -13.277  -90.009  -28.973 1.0000000000
2177  -12.480  -89.547  -28.944 1.0000000000
2185  -14.320  -87.690  -29.844 1.0000000000
2194  -14.436  -88.301  -30.402 1.0000000000
111679  -11.898  -89.362  -29.667 1.0000000000
127257  -12.631  -88.772  -30.056 1.0000000000
110941  -11.230  -89.649  -30.108 1.0000000000
110947  -15.060  -88.947  -30.808 1.0000000000
111802  -11.058  -90.951  -31.666 1.0000000000
110945  -12.381  -89.429  -32.045 1.0000000000
739  -11.222  -91.738  -31.953 0.8999999762
3502  -13.171  -85.707  -32.344 0.5000000000
1388  -11.562  -91.007  -33.114 1.0000000000
111924  -11.565  -92.206  -32.871 1.0000000000
3503  -14.420  -85.382  -32.488 0.6999999881
763  -12.374  -92.574  -34.379 1.0000000000
127170  -12.553  -93.253  -34.014 1.0000000000
3047  -16.489  -86.182  -33.913 0.8000000119
508  -15.367  -93.815  -35.964 1.0000000000
304  -16.443  -94.400  -36.034 1.0000000000
120853  -20.851  -95.579  -32.989 0.6000000238
3059  -16.099  -86.776  -34.357 0.8000000119
3072  -17.983  -87.396  -34.827 0.8000000119
131318  -20.711  -95.475  -33.908 0.6000000238
305  -17.196  -94.482  -36.378 1.0000000000
158  -22.160  -95.231  -34.416 0.6999999881
2258  -18.619  -89.269  -36.958 0.8000000119
311  -18.264  -94.350  -37.054 1.0000000000
165  -19.563  -94.975  -36.329 0.8000000119
307  -22.690  -94.902  -35.050 0.8000000119
134211  -23.683  -94.407  -35.491 0.6999999881
116480  -22.368  -94.829  -35.979 0.8000000119
309  -24.197  -93.910  -35.474 0.6999999881
325  -21.504  -93.961  -38.935 0.8999999762
534  -21.988  -93.862  -39.679 0.8999999762
327  -23.604  -94.154  -38.215 0.8000000119
535  -25.025  -94.132  -39.217 0.8000000119
538  -23.177  -93.682  -40.951 0.8000000119
4295  -13.993  -83.305  -18.948 0.6000000238
2475  -11.618  -87.694  -17.983 0.8999999762
2115  -13.229  -88.613  -24.165 0.8000000119
113623  -11.397  -90.684  -26.929 0.8999999762
3365  -11.175  -85.841  -18.645 0.8999999762
2511  -12.520  -89.715  -21.917 0.8999999762
1328  -11.846  -91.216  -24.925 0.8999999762
2998  -13.114  -86.794  -27.862 1.0000000000
2999  -14.028  -86.193  -28.133 1.0000000000
2482  -11.293  -88.318  -18.765 0.8999999762
2082  -11.329  -88.862  -19.291 0.8999999762
2101  -12.098  -90.024  -21.282 0.8999999762
1670  -11.336  -89.604  -21.355 0.8999999762
2497  -10.846  -88.706  -19.775 0.8999999762
2503  -10.615  -88.368  -21.058 0.8999999762
2193  -13.295  -88.571  -29.907 1.0000000000
2592  -13.690  -88.144  -29.951 1.0000000000
127250  -12.711  -88.688  -31.247 1.0000000000
2195  -15.627  -88.521  -30.446 1.0000000000
112941  -12.107  -85.211  -30.317 0.5000000000
110944  -14.927  -90.249  -32.550 1.0000000000
3492  -11.972  -85.590  -30.986 0.5000000000
112008  -13.483  -90.041  -32.875 1.0000000000
132451  -13.759  -85.413  -32.031 0.5000000000
1390  -12.865  -90.656  -33.851 1.0000000000
111801  -14.393  -90.637  -33.528 1.0000000000
3501  -12.129  -85.687  -31.971 0.5000000000
1069  -12.498  -91.545  -34.340 1.0000000000
1071  -15.013  -91.260  -34.067 1.0000000000
125616  -16.682  -92.402  -33.020 1.0000000000
120869  -18.118  -92.686  -34.088 0.8999999762
1080  -13.167  -92.285  -34.930 1.0000000000
781  -15.029  -93.248  -35.778 1.0000000000
765  -16.529  -92.053  -34.381 1.0000000000
123761  -17.276  -92.360  -34.578 1.0000000000
777  -19.943  -92.788  -34.197 0.8999999762
122787  -17.552  -92.411  -35.475 1.0000000000
3513  -12.545  -86.055  -33.057 0.5000000000
3515  -14.921  -85.639  -33.351 0.6999999881
782  -15.869  -93.188  -35.890 1.0000000000
3043  -12.259  -86.840  -33.772 0.5000000000
509  -16.108  -93.811  -36.150 1.0000000000
312  -18.976  -94.541  -37.134 1.0000000000
3044  -12.944  -86.768  -33.611 0.5000000000
2633  -17.425  -87.855  -34.861 0.8000000119
310  -17.619  -94.131  -36.883 1.0000000000
163  -21.095  -95.178  -35.411 0.8000000119
286  -23.879  -94.910  -33.847 0.6000000238
121781  -14.559  -88.143  -34.874 0.4000000060
2619  -15.686  -87.549  -34.820 0.8000000119
2246  -18.289  -88.996  -35.997 0.8000000119
2259  -19.355  -88.269  -37.529 0.8000000119
520  -18.907  -93.425  -37.458 0.8999999762
308  -23.267  -94.623  -35.740 0.6999999881
527  -19.473  -93.882  -37.989 0.8999999762
529  -20.859  -93.914  -38.852 0.8999999762
321  -20.894  -94.144  -38.192 0.8999999762
317  -23.830  -94.398  -36.397 0.8000000119
116816  -23.111  -94.117  -39.271 0.8999999762
323  -23.297  -94.253  -37.503 0.8000000119
324  -24.295  -94.160  -37.384 0.6999999881
799  -25.123  -93.102  -36.794 0.6000000238
127393  -25.325  -93.919  -38.305 0.6999999881
810  -25.492  -92.954  -37.594 0.6000000238
537  -21.920  -93.387  -39.969 0.8999999762
828  -24.442  -92.878  -42.560 0.8000000119
542  -23.941  -93.584  -41.422 0.8000000119
823  -26.125  -93.472  -39.692 0.6999999881
1454  -27.025  -91.597  -41.247 0.5000000000
134081  -13.425  -82.568  -18.676 0.6000000238
4284  -11.700  -83.609  -17.285 0.8000000119
3836  -11.620  -84.461  -17.415 0.8999999762
2937  -13.700  -87.281  -21.861 0.8000000119
2484  -12.935  -88.250  -18.939 0.8999999762
127165  -10.985  -90.049  -24.505 0.8999999762
2140  -10.653  -89.704  -26.746 0.8999999762
2987  -12.001  -87.315  -26.888 1.0000000000
3012  -15.580  -86.694  -28.846 1.0000000000
3013  -16.586  -86.724  -28.566 1.0000000000
2576  -16.251  -87.129  -29.251 1.0000000000
2510  -10.774  -88.028  -22.323 0.8999999762
2186  -15.343  -87.868  -30.158 1.0000000000
2584  -16.033  -87.522  -29.805 1.0000000000
111601  -13.835  -88.601  -30.731 1.0000000000
2196  -16.508  -88.692  -30.241 1.0000000000
111563  -14.528  -89.202  -31.333 1.0000000000
1747  -16.067  -89.264  -30.653 1.0000000000
740  -15.782  -90.917  -31.954 1.0000000000
111696  -13.920  -84.892  -30.745 0.5000000000
1050  -16.762  -90.960  -31.139 1.0000000000
755  -18.121  -92.772  -32.336 0.8999999762
766  -17.415  -92.688  -33.261 0.8999999762
3500  -11.692  -85.237  -32.337 0.5000000000
125146  -19.080  -92.750  -32.752 0.8999999762
767  -18.408  -92.870  -33.105 0.8999999762
774  -15.708  -92.402  -35.408 1.0000000000
775  -16.595  -92.463  -35.495 1.0000000000
778  -20.784  -92.559  -34.715 0.8999999762
776  -18.755  -92.525  -35.117 0.8999999762
785  -19.045  -92.377  -36.348 0.8999999762
795  -18.431  -92.920  -36.988 0.8999999762
2646  -19.475  -87.311  -36.765 0.8000000119
797  -19.936  -92.433  -37.570 0.8999999762
296  -23.436  -94.661  -34.813 0.6999999881
2645  -18.848  -87.882  -35.886 0.8000000119
297  -24.152  -94.312  -34.610 0.6000000238
2631  -15.282  -88.407  -35.433 0.4000000060
2234  -17.330  -88.765  -35.509 0.8000000119
2244  -15.635  -89.443  -36.580 0.5000000000
2245  -17.383  -89.405  -36.190 0.5000000000
2266  -18.814  -89.249  -37.898 0.6999999881
2260  -20.129  -87.748  -38.386 0.8999999762
326  -22.549  -94.110  -38.679 0.8999999762
800  -25.699  -92.539  -36.630 0.5000000000
115061  -22.573  -93.683  -40.295 0.8000000119
531  -25.848  -93.530  -38.766 0.6999999881
818  -26.038  -92.459  -38.040 0.5000000000
824  -23.685  -92.756  -42.011 0.8000000119
1441  -27.054  -91.133  -39.873 0.6000000238
1463  -27.146  -90.657  -41.793 0.5000000000
3838  -13.443  -85.000  -18.041 0.6999999881
2930  -14.388  -86.779  -20.621 0.6000000238
2499  -13.293  -88.147  -20.010 0.8999999762
112249  -11.260  -87.792  -24.751 1.0000000000
2973  -11.810  -86.491  -26.150 1.0000000000
3455  -13.687  -85.662  -27.213 1.0000000000
3000  -15.041  -86.065  -28.239 1.0000000000
2922  -10.745  -87.568  -19.470 0.8999999762
3001  -16.070  -86.163  -28.120 1.0000000000
1748  -17.042  -89.496  -30.473 1.0000000000
1376  -16.450  -90.104  -30.880 1.0000000000
743  -18.338  -92.266  -31.744 0.8999999762
752  -15.699  -91.151  -32.873 1.0000000000
111666  -15.554  -83.963  -30.613 0.8000000119
127737  -16.182  -91.798  -31.998 1.0000000000
768  -19.862  -92.603  -33.274 0.8999999762
3505  -16.533  -85.100  -32.949 0.8000000119
3517  -17.454  -85.577  -33.864 0.8000000119
3090  -19.222  -86.941  -35.988 0.8000000119
121156  -20.561  -92.148  -36.590 0.8999999762
808  -20.553  -92.548  -38.300 0.8999999762
816  -21.116  -92.710  -38.992 0.8999999762
532  -20.697  -93.569  -38.759 0.8999999762
1797  -17.993  -90.027  -37.815 0.6999999881
536  -21.560  -92.892  -39.553 0.8999999762
1796  -16.642  -90.148  -38.138 0.5000000000
1803  -18.407  -89.916  -38.706 0.6000000238
1804  -18.828  -90.027  -39.398 0.6999999881
2274  -19.573  -89.326  -39.559 0.6999999881
822  -22.529  -92.869  -40.545 0.8000000119
1814  -19.078  -90.521  -40.165 0.6000000238
2283  -20.265  -89.537  -40.626 0.6999999881
121408  -16.312  -90.544  -39.290 0.5000000000
1813  -17.909  -90.819  -39.639 0.6000000238
543  -25.346  -93.822  -40.689 0.8000000119
1131  -26.542  -92.576  -41.821 0.6999999881
1455  -27.354  -90.314  -40.409 0.4000000060
112034  -13.818  -84.871  -26.495 1.0000000000
3443  -14.413  -84.860  -26.762 1.0000000000
3457  -15.604  -85.588  -27.575 1.0000000000
126943  -15.646  -87.134  -29.500 1.0000000000
2577  -17.043  -87.326  -28.846 1.0000000000
2585  -17.419  -87.806  -29.257 1.0000000000
125889  -16.704  -87.618  -29.365 1.0000000000
2189  -17.819  -88.230  -29.712 1.0000000000
2188  -16.823  -88.137  -29.737 1.0000000000
130850  -17.855  -89.197  -30.393 1.0000000000
1749  -17.966  -89.996  -30.829 1.0000000000
1057  -18.838  -91.628  -31.625 0.8999999762
1377  -17.560  -90.964  -31.124 1.0000000000
744  -19.028  -92.357  -32.081 0.8999999762
128287  -19.687  -92.263  -32.573 0.8999999762
3964  -15.265  -84.842  -31.955 0.8000000119
125397  -16.054  -91.681  -33.593 1.0000000000
769  -20.663  -92.469  -33.761 0.8999999762
126403  -16.208  -84.640  -32.327 0.8000000119
117869  -16.855  -85.629  -33.522 0.8000000119
3525  -17.615  -86.222  -34.254 0.8000000119
3073  -18.641  -87.069  -35.311 0.8000000119
3048  -17.084  -86.254  -34.032 0.8000000119
124666  -22.064  -91.954  -35.643 0.8999999762
798  -20.888  -91.995  -37.390 0.8999999762
1104  -22.487  -91.745  -38.033 0.8999999762
817  -21.714  -92.120  -39.255 0.8999999762
5385  -11.855  -81.038  -18.395 0.8000000119
5374  -12.697  -81.958  -18.332 0.6999999881
4790  -11.531  -82.596  -17.480 0.8000000119
6696  -14.918  -80.042  -22.553 1.0000000000
4294  -11.104  -83.329  -17.768 0.8999999762
4283  -11.386  -83.678  -17.524 0.8000000119
126590  -11.268  -84.034  -18.472 0.8999999762
3844  -11.335  -84.843  -18.314 0.8999999762
3855  -11.298  -84.756  -19.486 0.8999999762
115811  -11.383  -84.650  -20.977 0.8999999762
3378  -11.049  -85.506  -20.162 0.8999999762
3387  -10.988  -85.332  -21.516 1.0000000000
3897  -13.997  -83.735  -26.092 1.0000000000
3909  -15.762  -84.271  -26.546 1.0000000000
3445  -16.208  -85.131  -26.963 1.0000000000
121153  -10.718  -86.402  -20.464 0.8999999762
3397  -10.971  -85.908  -22.263 0.8999999762
3398  -11.505  -85.441  -22.765 1.0000000000
3406  -11.977  -85.950  -23.743 1.0000000000
3422  -12.890  -85.181  -25.232 1.0000000000
3892  -13.622  -84.792  -24.380 1.0000000000
3459  -17.480  -85.713  -27.433 1.0000000000
3405  -11.313  -86.324  -23.151 1.0000000000
3472  -17.934  -86.235  -27.837 1.0000000000
3474  -19.490  -85.709  -28.322 1.0000000000
2578  -17.903  -87.316  -28.802 1.0000000000
3015  -18.341  -86.658  -28.406 1.0000000000
113264  -19.715  -85.975  -28.965 1.0000000000
111717  -14.830  -82.486  -27.349 0.6999999881
111606  -15.936  -82.058  -27.938 0.6999999881
111904  -16.120  -82.412  -28.963 0.8999999762
113249  -19.686  -87.086  -30.024 1.0000000000
4370  -12.089  -83.139  -27.054 0.6999999881
111806  -13.573  -83.437  -27.131 0.6999999881
2593  -18.674  -88.040  -29.973 1.0000000000
2594  -19.481  -87.751  -30.328 1.0000000000
110954  -10.911  -81.255  -30.195 0.4000000060
4911  -10.990  -82.156  -27.972 0.6000000238
110957  -11.175  -83.216  -29.144 0.5000000000
111640  -11.605  -83.978  -28.766 0.6000000238
127215  -13.169  -84.090  -28.964 0.6000000238
110963  -13.936  -83.598  -28.311 0.6999999881
113696  -15.672  -83.037  -29.332 0.8000000119
113504  -16.495  -82.824  -29.799 0.8999999762
4407  -17.431  -83.156  -31.112 0.8999999762
4947  -19.516  -82.017  -32.721 0.8999999762
4961  -19.998  -82.516  -33.281 0.8999999762
2199  -19.043  -88.473  -30.464 0.8999999762
115695  -19.735  -89.978  -31.438 0.8999999762
127238  -12.308  -84.629  -29.541 0.6000000238
127216  -14.178  -83.899  -29.508 0.6000000238
110964  -15.103  -83.496  -29.901 0.6999999881
4400  -16.784  -83.320  -30.523 0.8999999762
1752  -18.973  -89.988  -31.066 0.8999999762
6113  -10.393  -80.329  -29.199 0.6000000238
110969  -13.039  -84.966  -30.150 0.6000000238
111796  -16.283  -83.783  -30.761 0.8000000119
4946  -18.750  -82.343  -32.307 0.8999999762
1380  -19.297  -90.791  -31.524 0.8999999762
1381  -19.963  -90.656  -31.918 0.8999999762
1384  -20.548  -90.394  -32.372 0.8999999762
111571  -14.624  -84.151  -30.377 0.6000000238
4406  -16.842  -83.784  -31.265 0.8000000119
4417  -17.532  -83.622  -31.995 0.8000000119
3967  -17.955  -83.751  -32.752 0.8999999762
4427  -18.733  -83.464  -33.262 0.8999999762
4428  -19.726  -83.245  -33.716 0.8999999762
128869  -20.410  -91.942  -32.948 0.8999999762
3954  -16.024  -84.261  -31.431 0.8000000119
4416  -16.822  -84.222  -32.029 0.8000000119
3966  -17.372  -84.249  -32.641 0.8000000119
3983  -18.993  -84.001  -33.897 0.8999999762
3527  -19.199  -84.696  -34.610 0.8999999762
122849  -19.901  -83.892  -34.431 0.8999999762
1391  -21.501  -90.808  -33.427 0.8999999762
3974  -17.302  -84.923  -33.193 0.8000000119
3518  -18.125  -84.806  -33.875 0.8000000119
3996  -20.538  -84.738  -35.685 0.8999999762
3075  -21.841  -85.599  -35.313 0.8999999762
3062  -21.781  -86.324  -34.538 0.8999999762
770  -21.342  -92.205  -34.137 0.8999999762
1400  -21.903  -91.512  -34.147 0.8999999762
3526  -18.212  -85.602  -34.364 0.8000000119
3539  -19.752  -85.034  -35.459 0.8999999762
4006  -21.057  -84.761  -36.128 0.8999999762
3076  -22.246  -85.778  -36.125 0.8999999762
1082  -21.740  -92.178  -34.812 0.8999999762
3074  -19.324  -86.064  -35.666 0.8999999762
3091  -19.802  -86.226  -36.530 0.8999999762
116038  -22.658  -86.808  -36.136 0.8999999762
1776  -23.067  -89.883  -34.808 0.8999999762
1083  -22.525  -91.648  -34.965 0.8999999762
3103  -20.160  -86.431  -37.214 0.8999999762
3562  -21.241  -85.493  -37.302 0.8999999762
1787  -23.970  -89.485  -35.919 0.8999999762
1095  -22.128  -91.823  -36.869 0.8999999762
2656  -20.131  -87.046  -37.745 0.8999999762
3105  -21.839  -86.157  -37.920 0.8999999762
2658  -22.815  -87.234  -37.878 0.8999999762
1421  -24.241  -90.289  -36.281 0.8999999762
2657  -20.714  -86.849  -38.319 0.8999999762
3113  -22.119  -86.770  -38.240 0.8999999762
2261  -23.818  -88.171  -37.315 0.8999999762
1096  -23.277  -91.489  -36.846 0.8999999762
1105  -23.572  -91.396  -37.905 0.8000000119
2665  -20.901  -87.487  -38.843 0.8999999762
2667  -22.659  -87.580  -38.505 0.8999999762
2262  -24.318  -88.551  -37.741 0.8000000119
1113  -22.606  -91.706  -39.190 0.8999999762
1812  -17.128  -90.914  -40.018 0.5000000000
2673  -21.460  -88.037  -39.292 0.8000000119
131181  -21.944  -88.295  -39.692 0.8000000119
2276  -21.926  -88.591  -40.398 0.8000000119
1440  -25.183  -89.805  -39.749 0.8000000119
1123  -24.004  -91.233  -40.104 0.8000000119
1801  -15.394  -90.222  -38.989 0.5000000000
1438  -18.419  -90.936  -40.124 0.5000000000
2286  -24.175  -88.490  -40.511 0.6999999881
1462  -26.580  -92.139  -42.406 0.6999999881
1824  -19.288  -90.684  -41.080 0.5000000000
2284  -21.075  -89.283  -40.895 0.6999999881
2294  -22.645  -88.778  -41.966 0.6999999881
1452  -24.313  -91.353  -42.270 0.8000000119
1130  -23.961  -92.202  -42.543 0.8000000119
1459  -18.423  -90.788  -40.840 0.5000000000
116167  -21.835  -88.969  -41.326 0.6999999881
2305  -24.398  -89.089  -42.601 0.8000000119
1132  -25.085  -92.584  -43.160 0.8000000119
1466  -27.003  -90.555  -42.728 0.4000000060
123595  -21.067  -89.786  -41.663 0.6000000238
123401  -21.014  -90.691  -43.482 0.5000000000
1854  -22.442  -89.675  -43.876 0.5000000000
2310  -23.858  -89.208  -43.565 0.6999999881
1855  -24.773  -89.870  -43.220 0.6999999881
1464  -25.177  -92.074  -43.472 0.6000000238
1856  -25.539  -91.351  -43.541 0.6000000238
1465  -26.270  -91.795  -43.159 0.6000000238
135221  -23.292  -89.595  -44.459 0.4000000060
1881  -25.017  -90.009  -45.075 0.4000000060
1869  -25.406  -90.552  -44.279 0.4000000060
6661  -11.796  -79.183  -19.531 0.6000000238
5988  -11.170  -80.350  -18.806 0.8000000119
5978  -10.929  -81.324  -18.248 0.8000000119
6039  -13.805  -80.024  -23.347 1.0000000000
4818  -10.765  -82.020  -18.879 0.8999999762
6711  -12.936  -80.095  -24.486 1.0000000000
6026  -13.235  -81.279  -22.944 1.0000000000
124423  -15.715  -80.499  -22.283 1.0000000000
131808  -11.544  -81.964  -20.224 0.8999999762
5423  -12.888  -81.970  -22.421 1.0000000000
6028  -15.173  -81.095  -22.428 1.0000000000
113386  -11.682  -83.883  -19.933 0.8999999762
5411  -12.334  -81.886  -22.001 1.0000000000
4846  -12.426  -83.363  -21.665 1.0000000000
4313  -12.023  -84.037  -21.299 0.8999999762
4314  -12.002  -84.100  -21.737 1.0000000000
119466  -14.422  -83.491  -22.176 1.0000000000
4323  -13.779  -84.105  -22.251 1.0000000000
3862  -11.465  -84.626  -21.868 0.8999999762
3871  -11.245  -85.056  -22.187 1.0000000000
4322  -12.586  -84.081  -21.999 1.0000000000
3873  -13.078  -84.613  -22.593 1.0000000000
3874  -13.995  -84.430  -22.745 1.0000000000
3883  -14.248  -84.411  -23.522 1.0000000000
4338  -14.753  -83.007  -25.433 1.0000000000
117898  -15.091  -83.231  -26.293 1.0000000000
4356  -16.290  -83.678  -26.133 1.0000000000
3920  -18.772  -85.052  -26.929 1.0000000000
3933  -19.990  -85.155  -27.924 1.0000000000
3872  -11.767  -84.705  -22.289 1.0000000000
3919  -17.839  -85.170  -26.915 1.0000000000
3460  -18.347  -85.607  -27.426 1.0000000000
5503  -17.093  -81.625  -28.810 1.0000000000
2586  -18.296  -87.706  -29.395 1.0000000000
2587  -19.107  -87.428  -29.674 1.0000000000
7433  -13.370  -78.248  -27.606 0.8999999762
5496  -10.654  -81.126  -28.865 0.6999999881
6088  -11.158  -80.751  -27.305 0.6999999881
120721  -11.501  -82.455  -26.958 0.6999999881
111587  -12.174  -84.017  -28.592 0.6000000238
4919  -16.975  -82.246  -29.368 0.8999999762
4933  -17.881  -82.545  -31.059 1.0000000000
5539  -20.896  -81.952  -32.830 0.8999999762
2597  -20.112  -87.805  -30.908 0.8999999762
4408  -18.086  -82.838  -31.740 0.8999999762
1753  -19.516  -89.097  -30.974 0.8999999762
1754  -20.193  -89.240  -31.615 0.8999999762
133437  -20.256  -89.945  -31.906 0.8999999762
2207  -21.081  -88.649  -32.654 0.8999999762
123943  -20.731  -83.858  -33.429 0.8999999762
1759  -21.257  -89.317  -32.914 0.8999999762
1385  -21.137  -90.108  -32.867 0.8999999762
3975  -18.020  -84.207  -33.269 0.8000000119
3986  -21.343  -84.816  -35.130 0.8999999762
4455  -20.981  -84.371  -34.988 0.8999999762
2610  -21.596  -86.985  -33.821 0.8999999762
1764  -21.673  -89.716  -33.500 0.8999999762
128519  -21.999  -90.546  -33.909 0.8999999762
3998  -21.273  -84.755  -35.723 0.8999999762
3063  -22.230  -86.601  -35.297 0.8999999762
2621  -22.066  -87.329  -34.490 0.8999999762
1401  -22.588  -90.808  -34.477 0.8999999762
3541  -22.025  -85.451  -36.592 0.8999999762
2248  -22.993  -87.849  -36.029 0.8999999762
1412  -23.228  -90.996  -35.192 0.8999999762
3104  -20.831  -86.098  -37.851 0.8999999762
2648  -23.304  -87.728  -37.389 0.8999999762
2250  -24.253  -88.727  -36.976 0.8999999762
1097  -24.090  -90.954  -36.937 0.8999999762
2666  -21.767  -87.379  -38.754 0.8999999762
1798  -24.722  -89.337  -37.570 0.8999999762
1114  -23.833  -91.255  -38.983 0.8000000119
2278  -24.096  -88.359  -39.380 0.8000000119
2279  -24.890  -88.723  -39.094 0.8000000119
1425  -24.632  -90.623  -38.935 0.8000000119
2285  -22.911  -88.519  -40.906 0.8000000119
135164  -24.728  -88.678  -39.814 0.8000000119
1439  -24.788  -90.503  -39.942 0.8000000119
2287  -24.895  -88.929  -40.469 0.8000000119
1453  -24.821  -90.354  -41.034 0.8000000119
116057  -24.815  -89.664  -42.217 0.8000000119
1852  -19.936  -91.036  -43.215 0.4000000060
1870  -25.852  -90.694  -44.234 0.5000000000
1857  -26.269  -90.903  -43.509 0.5000000000
1871  -26.883  -89.939  -43.962 0.4000000060
1882  -25.583  -90.066  -45.102 0.4000000060
122913  -10.648  -80.733  -18.789 0.8000000119
7365  -17.036  -77.823  -21.711 1.0000000000
5397  -10.648  -81.074  -19.365 0.8999999762
120266  -14.402  -78.981  -22.943 1.0000000000
7377  -15.711  -78.009  -22.206 1.0000000000
114912  -16.886  -78.967  -22.018 1.0000000000
6712  -13.576  -79.057  -23.767 1.0000000000
114750  -15.829  -79.731  -22.200 1.0000000000
6699  -17.642  -79.369  -22.150 1.0000000000
6030  -17.336  -80.295  -22.319 1.0000000000
6031  -18.285  -80.075  -22.443 1.0000000000
5427  -16.913  -81.177  -22.447 1.0000000000
4833  -12.206  -82.292  -21.296 0.8999999762
5437  -17.583  -81.691  -22.992 1.0000000000
5438  -18.464  -81.493  -23.282 1.0000000000
5439  -19.309  -81.354  -23.573 1.0000000000
114760  -12.347  -83.243  -21.477 1.0000000000
113151  -13.695  -82.752  -22.051 1.0000000000
4847  -14.896  -82.783  -22.093 1.0000000000
4848  -15.633  -82.555  -22.407 1.0000000000
4852  -16.360  -82.340  -23.164 1.0000000000
118601  -17.845  -83.067  -24.907 1.0000000000
4345  -17.435  -83.360  -25.403 1.0000000000
122394  -13.191  -83.439  -22.006 1.0000000000
4324  -14.694  -83.950  -22.605 1.0000000000
4328  -14.800  -83.403  -24.256 1.0000000000
4343  -15.091  -82.874  -25.732 1.0000000000
4872  -16.768  -82.850  -25.073 1.0000000000
4357  -17.526  -83.872  -25.950 1.0000000000
4358  -18.669  -83.995  -26.004 1.0000000000
3911  -19.179  -84.427  -26.528 1.0000000000
4371  -20.076  -84.195  -26.744 1.0000000000
3016  -19.137  -86.365  -28.656 1.0000000000
6128  -18.125  -80.782  -29.864 1.0000000000
3021  -18.765  -87.085  -29.008 1.0000000000
3484  -20.097  -85.851  -29.585 1.0000000000
3025  -20.079  -86.444  -30.163 1.0000000000
6087  -10.340  -80.528  -27.906 0.6999999881
123229  -11.814  -81.907  -26.842 0.6999999881
116096  -11.444  -82.961  -27.691 0.6000000238
4927  -17.362  -82.582  -30.306 1.0000000000
5512  -18.180  -81.261  -30.440 1.0000000000
2595  -20.075  -87.121  -30.589 0.8999999762
115580  -20.389  -87.160  -31.314 0.8999999762
4934  -18.380  -82.056  -31.524 0.8999999762
3035  -20.633  -87.219  -31.969 0.8999999762
6785  -10.454  -80.034  -30.351 0.4000000060
4441  -20.591  -83.957  -34.101 0.8999999762
3519  -21.066  -85.241  -33.771 0.8999999762
116351  -21.526  -88.765  -33.295 0.8999999762
134310  -21.317  -88.108  -33.052 0.8999999762
3049  -21.362  -86.071  -33.842 0.8999999762
2214  -21.732  -87.975  -33.736 0.8999999762
2215  -22.026  -88.904  -33.908 0.8999999762
3984  -20.238  -84.416  -35.081 0.8999999762
2223  -22.557  -89.063  -34.447 0.8999999762
1392  -22.313  -89.791  -34.143 0.8999999762
2222  -22.325  -88.254  -34.469 0.8999999762
2235  -23.409  -89.382  -35.415 0.8999999762
3555  -21.877  -85.690  -37.316 0.8999999762
113061  -23.530  -88.156  -36.697 0.8999999762
3106  -22.350  -86.385  -37.652 0.8999999762
2270  -24.895  -88.905  -38.370 0.8000000119
116108  -24.891  -90.171  -38.122 0.8000000119
2288  -25.148  -89.131  -39.709 0.8000000119
1864  -20.257  -90.912  -44.265 0.4000000060
1868  -24.799  -89.998  -44.563 0.6000000238
1880  -24.295  -89.690  -45.246 0.5000000000
133009  -23.731  -89.661  -45.600 0.4000000060
6659  -10.775  -79.417  -19.926 0.8000000119
8051  -18.187  -77.223  -21.582 1.0000000000
8062  -14.795  -77.892  -22.710 1.0000000000
8063  -15.563  -77.188  -22.484 1.0000000000
7366  -17.808  -77.946  -21.672 1.0000000000
130607  -19.260  -78.873  -22.131 1.0000000000
6687  -10.587  -79.802  -20.780 0.8000000119
112709  -10.698  -78.926  -20.676 0.8000000119
130367  -14.144  -78.342  -23.372 1.0000000000
113263  -10.848  -80.119  -22.531 0.8999999762
6700  -18.530  -79.344  -22.247 1.0000000000
6701  -19.994  -79.498  -22.612 1.0000000000
6025  -11.341  -81.220  -23.397 1.0000000000
6051  -12.032  -80.982  -25.421 1.0000000000
6038  -13.110  -81.064  -24.163 1.0000000000
6041  -19.798  -80.224  -23.046 1.0000000000
6713  -20.581  -80.020  -23.105 1.0000000000
6043  -21.184  -80.501  -23.563 1.0000000000
5435  -12.362  -81.548  -24.085 1.0000000000
6040  -18.975  -80.686  -22.921 1.0000000000
5424  -14.288  -81.880  -22.274 1.0000000000
5425  -15.411  -81.915  -22.304 1.0000000000
5449  -21.338  -81.428  -24.756 1.0000000000
5457  -20.904  -82.029  -25.328 1.0000000000
5436  -16.869  -81.865  -22.872 1.0000000000
4853  -17.152  -82.223  -23.552 1.0000000000
4854  -18.003  -82.166  -23.697 1.0000000000
4855  -18.902  -82.098  -23.853 1.0000000000
4867  -20.164  -82.465  -24.722 1.0000000000
4875  -20.389  -82.755  -25.383 1.0000000000
4347  -19.204  -83.552  -25.561 1.0000000000
4863  -16.552  -82.554  -24.233 1.0000000000
3921  -19.654  -84.818  -27.160 1.0000000000
3934  -20.388  -84.684  -28.413 1.0000000000
5485  -14.271  -82.116  -26.963 0.6999999881
5488  -17.268  -81.147  -28.110 1.0000000000
6790  -18.719  -79.339  -29.304 1.0000000000
126460  -18.993  -79.431  -30.191 1.0000000000
5487  -17.080  -81.128  -27.355 1.0000000000
6116  -17.562  -80.903  -29.069 1.0000000000
3949  -20.657  -84.628  -30.117 1.0000000000
127264  -16.776  -81.594  -27.958 1.0000000000
6804  -19.480  -79.205  -30.706 1.0000000000
3488  -20.453  -85.556  -30.443 1.0000000000
6755  -10.535  -79.968  -27.743 0.6999999881
134015  -12.450  -80.266  -27.493 0.6999999881
6089  -12.729  -81.144  -27.202 0.6999999881
111733  -13.736  -82.976  -26.689 0.6999999881
4920  -17.624  -81.657  -29.790 1.0000000000
5519  -18.495  -81.241  -31.198 1.0000000000
6147  -19.480  -80.781  -32.100 1.0000000000
5538  -20.290  -81.921  -32.907 0.8999999762
3493  -20.584  -85.703  -31.429 0.8999999762
7431  -10.498  -79.250  -27.925 0.6999999881
5529  -19.786  -81.308  -32.535 1.0000000000
3026  -20.379  -86.418  -30.955 1.0000000000
3036  -20.900  -86.772  -32.571 0.8999999762
4974  -20.561  -83.223  -33.485 0.8999999762
3968  -20.812  -84.008  -32.894 0.8999999762
2604  -20.891  -87.785  -32.444 0.8999999762
7460  -10.682  -79.287  -31.557 0.4000000060
3976  -20.782  -84.276  -34.231 0.8999999762
3506  -20.810  -85.008  -32.820 0.8999999762
2605  -21.277  -87.387  -33.151 0.8999999762
7364  -10.696  -78.541  -21.537 0.6999999881
8037  -11.138  -77.084  -19.877 0.6000000238
8083  -15.023  -77.079  -24.178 1.0000000000
8775  -16.279  -76.528  -22.306 1.0000000000
8762  -16.897  -76.354  -21.823 1.0000000000
7367  -18.744  -78.041  -21.701 1.0000000000
8072  -14.912  -77.183  -22.980 1.0000000000
8784  -15.636  -76.680  -23.185 1.0000000000
7369  -20.716  -78.084  -21.803 1.0000000000
8071  -14.292  -77.682  -23.671 1.0000000000
7381  -20.304  -78.727  -22.212 1.0000000000
6703  -21.686  -79.236  -22.797 1.0000000000
112155  -11.152  -80.530  -21.832 1.0000000000
6037  -11.090  -80.742  -24.092 1.0000000000
6722  -11.861  -80.174  -25.616 1.0000000000
6714  -21.344  -79.819  -23.231 1.0000000000
6715  -22.532  -79.765  -23.863 1.0000000000
6044  -21.906  -80.138  -23.764 1.0000000000
127861  -11.567  -81.271  -24.373 1.0000000000
6054  -21.850  -80.965  -24.108 1.0000000000
4884  -20.100  -83.324  -25.742 1.0000000000
4372  -20.614  -83.707  -27.132 1.0000000000
4886  -21.331  -82.259  -26.739 1.0000000000
4902  -21.066  -82.980  -27.082 1.0000000000
8115  -13.257  -77.468  -27.331 1.0000000000
6093  -17.523  -80.632  -27.566 1.0000000000
6759  -15.374  -80.128  -26.937 0.8999999762
6091  -15.847  -80.884  -26.955 0.8999999762
6104  -17.719  -80.448  -28.356 1.0000000000
6791  -19.382  -78.869  -29.911 1.0000000000
7478  -20.021  -78.547  -30.454 1.0000000000
4921  -21.292  -82.640  -29.570 1.0000000000
4373  -20.920  -83.536  -27.857 1.0000000000
3944  -20.566  -84.521  -29.212 1.0000000000
121942  -20.102  -79.659  -31.732 1.0000000000
4393  -20.987  -83.396  -29.718 1.0000000000
3945  -20.791  -84.028  -29.757 1.0000000000
135370  -11.397  -78.796  -27.715 0.6999999881
6756  -11.434  -79.604  -27.575 0.6999999881
128949  -13.726  -80.469  -27.449 0.8000000119
6090  -14.792  -81.040  -27.190 0.8000000119
6129  -18.524  -80.554  -30.687 1.0000000000
6817  -20.442  -80.083  -32.101 1.0000000000
6149  -20.933  -80.662  -32.359 1.0000000000
3955  -20.744  -84.733  -31.146 1.0000000000
7450  -10.389  -79.245  -29.657 0.6999999881
4948  -21.037  -82.274  -32.642 1.0000000000
113254  -21.078  -81.332  -32.514 1.0000000000
118414  -20.736  -85.134  -31.946 0.8999999762
3494  -20.755  -85.846  -32.282 0.8999999762
8147  -10.594  -78.382  -31.325 0.6000000238
124296  -20.983  -85.929  -33.104 0.8999999762
129855  -21.214  -86.622  -33.294 0.8999999762
8044  -11.011  -76.900  -20.834 0.6000000238
8798  -16.371  -76.219  -24.282 1.0000000000
8053  -20.478  -77.531  -21.643 1.0000000000
132422  -10.634  -79.303  -21.539 0.8999999762
8082  -14.300  -77.188  -24.821 1.0000000000
124987  -11.415  -79.142  -25.343 1.0000000000
115417  -10.665  -79.161  -22.623 0.8999999762
8092  -12.788  -77.405  -25.558 1.0000000000
8081  -13.539  -77.696  -24.927 1.0000000000
7370  -21.829  -78.062  -21.811 1.0000000000
7382  -21.247  -78.591  -22.209 1.0000000000
126501  -11.957  -79.034  -25.880 1.0000000000
7401  -12.700  -79.123  -24.997 1.0000000000
117160  -23.060  -80.288  -25.199 1.0000000000
6064  -22.272  -81.010  -25.114 1.0000000000
5458  -21.651  -81.530  -25.486 1.0000000000
5459  -22.171  -81.293  -26.014 1.0000000000
5467  -21.941  -81.635  -26.892 1.0000000000
127956  -17.011  -76.353  -26.583 1.0000000000
4903  -21.300  -82.808  -28.018 1.0000000000
8837  -14.017  -76.991  -26.631 1.0000000000
119464  -17.951  -76.430  -26.445 1.0000000000
121197  -19.547  -77.394  -25.922 1.0000000000
6773  -18.287  -79.730  -28.253 1.0000000000
6774  -19.039  -79.164  -28.311 1.0000000000
7464  -19.909  -78.262  -29.620 1.0000000000
5468  -22.663  -80.902  -26.704 1.0000000000
5490  -22.475  -81.090  -27.530 1.0000000000
116489  -21.512  -82.269  -27.446 1.0000000000
8836  -13.048  -76.783  -26.990 1.0000000000
114333  -16.216  -80.344  -26.631 0.8999999762
6760  -18.129  -80.046  -27.228 1.0000000000
7480  -21.705  -78.334  -30.772 1.0000000000
4912  -21.444  -82.464  -28.762 1.0000000000
4382  -21.095  -83.253  -28.809 1.0000000000
122247  -17.391  -80.546  -27.016 0.8999999762
123125  -20.821  -78.357  -30.770 1.0000000000
7488  -22.167  -79.007  -31.191 1.0000000000
6743  -16.892  -80.083  -26.587 1.0000000000
3950  -20.880  -83.811  -30.556 1.0000000000
7432  -12.584  -78.869  -27.801 0.8000000119
6757  -13.076  -79.578  -27.750 0.8000000119
133934  -14.608  -80.309  -27.267 0.8000000119
6138  -21.840  -80.507  -31.587 1.0000000000
4401  -21.071  -83.148  -31.397 1.0000000000
125547  -20.867  -83.910  -31.475 1.0000000000
113998  -11.408  -77.560  -27.776 0.8000000119
4935  -21.146  -82.622  -32.205 1.0000000000
3956  -20.800  -84.380  -32.081 0.8999999762
8846  -10.728  -77.167  -29.630 0.8000000119
4409  -20.939  -83.480  -32.223 0.8999999762
8132  -10.577  -78.205  -29.552 0.6999999881
8162  -11.093  -78.204  -32.615 0.5000000000
8043  -11.124  -76.379  -19.962 0.5000000000
123567  -11.061  -77.162  -22.036 0.6000000238
9504  -15.811  -75.694  -24.915 1.0000000000
8786  -17.452  -75.966  -23.326 1.0000000000
9469  -18.145  -75.980  -21.886 1.0000000000
8061  -10.889  -77.309  -23.363 0.8000000119
7376  -10.729  -78.116  -22.671 0.6999999881
9503  -15.082  -76.080  -25.499 1.0000000000
8797  -15.540  -76.464  -24.641 1.0000000000
8785  -16.629  -76.248  -23.206 1.0000000000
8070  -10.761  -78.035  -23.975 1.0000000000
8809  -13.138  -76.719  -25.405 1.0000000000
8796  -14.218  -76.561  -25.483 1.0000000000
8763  -17.679  -76.403  -21.691 1.0000000000
8765  -19.354  -76.479  -21.647 1.0000000000
8766  -20.756  -76.847  -21.540 1.0000000000
7392  -10.874  -78.359  -24.951 1.0000000000
8080  -11.956  -77.853  -25.806 1.0000000000
8054  -22.243  -77.397  -21.597 1.0000000000
7400  -11.482  -78.198  -25.473 1.0000000000
115603  -23.165  -78.554  -22.428 1.0000000000
8066  -25.506  -77.181  -22.803 1.0000000000
7384  -24.174  -78.377  -22.592 1.0000000000
6705  -23.589  -78.954  -23.166 1.0000000000
134377  -24.299  -77.729  -22.149 1.0000000000
7395  -25.173  -78.683  -23.782 1.0000000000
122059  -23.240  -79.432  -23.815 1.0000000000
6725  -24.617  -79.426  -24.894 1.0000000000
7386  -25.549  -77.960  -23.412 1.0000000000
6716  -24.661  -79.171  -24.131 1.0000000000
6056  -23.805  -79.754  -25.141 1.0000000000
9530  -17.451  -75.568  -26.625 1.0000000000
9531  -18.336  -75.597  -26.588 1.0000000000
8084  -25.906  -77.688  -24.245 1.0000000000
6066  -23.712  -80.052  -25.907 1.0000000000
6065  -22.899  -80.685  -25.898 1.0000000000
8093  -25.563  -77.882  -25.661 1.0000000000
6717  -25.280  -78.957  -24.650 1.0000000000
6075  -23.410  -80.382  -26.572 1.0000000000
120700  -21.755  -76.115  -25.817 1.0000000000
8829  -25.148  -76.967  -26.236 1.0000000000
129398  -24.643  -77.111  -26.702 1.0000000000
6764  -25.013  -78.914  -26.906 1.0000000000
6076  -23.976  -79.959  -26.555 1.0000000000
132730  -21.592  -82.235  -28.141 1.0000000000
8819  -14.356  -76.474  -26.195 1.0000000000
8107  -20.233  -77.968  -26.105 1.0000000000
122541  -19.925  -79.014  -27.770 1.0000000000
126060  -19.966  -78.251  -28.765 1.0000000000
122284  -24.159  -77.648  -28.367 1.0000000000
115348  -24.285  -79.292  -27.785 1.0000000000
6094  -23.257  -80.490  -27.396 1.0000000000
5489  -21.932  -81.730  -27.824 1.0000000000
6119  -23.371  -79.661  -29.002 1.0000000000
5498  -22.320  -81.198  -28.353 1.0000000000
5504  -21.621  -81.914  -29.372 1.0000000000
119579  -17.178  -79.220  -26.458 1.0000000000
7420  -17.993  -78.978  -26.370 1.0000000000
6761  -19.110  -79.310  -27.364 1.0000000000
6805  -22.652  -79.155  -30.626 1.0000000000
117824  -21.153  -82.857  -30.459 1.0000000000
8835  -11.968  -76.640  -27.166 1.0000000000
8116  -14.119  -77.737  -27.209 0.8999999762
6139  -22.322  -79.852  -31.069 1.0000000000
126808  -21.522  -81.895  -30.334 1.0000000000
126476  -12.392  -77.310  -27.235 0.8000000119
124001  -14.313  -78.562  -27.367 0.8999999762
5520  -21.681  -81.299  -31.329 1.0000000000
114742  -11.205  -76.997  -28.334 0.8000000119
4928  -21.339  -82.253  -31.336 1.0000000000
135196  -11.146  -76.365  -28.639 0.8000000119
8855  -10.575  -77.266  -31.060 0.6000000238
8877  -10.677  -76.584  -32.937 0.5000000000
8870  -10.556  -76.292  -31.356 0.6999999881
8750  -11.159  -75.926  -19.562 0.5000000000
8761  -11.336  -76.295  -21.520 0.6000000238
8774  -11.308  -76.534  -22.704 0.6999999881
113288  -15.125  -75.201  -25.324 1.0000000000
9492  -17.265  -75.860  -24.055 1.0000000000
9494  -19.527  -75.252  -23.751 1.0000000000
8783  -11.198  -76.615  -23.893 0.8999999762
115576  -13.449  -76.062  -25.386 1.0000000000
127251  -19.896  -75.895  -22.088 1.0000000000
8794  -11.213  -76.476  -24.935 1.0000000000
8808  -12.451  -76.048  -25.338 1.0000000000
111600  -20.684  -76.064  -21.730 1.0000000000
8079  -11.490  -77.193  -25.348 1.0000000000
8055  -23.165  -77.307  -21.645 1.0000000000
127252  -21.288  -76.141  -21.628 1.0000000000
7371  -22.740  -78.021  -21.829 1.0000000000
8777  -24.406  -76.477  -21.929 1.0000000000
8073  -25.986  -77.102  -23.609 1.0000000000
8778  -25.243  -76.423  -22.473 1.0000000000
7402  -25.604  -78.387  -24.155 1.0000000000
6746  -24.344  -79.694  -26.256 1.0000000000
119089  -19.206  -75.623  -26.542 1.0000000000
9496  -26.324  -75.545  -24.366 1.0000000000
9520  -26.220  -75.612  -25.243 1.0000000000
8110  -25.264  -77.746  -26.472 1.0000000000
6095  -23.860  -80.089  -27.027 1.0000000000
9529  -16.521  -75.554  -26.639 1.0000000000
8838  -23.014  -76.910  -26.228 1.0000000000
8839  -24.048  -76.935  -26.635 1.0000000000
6105  -22.867  -80.724  -28.093 1.0000000000
7436  -19.965  -79.105  -27.116 1.0000000000
8117  -21.073  -77.865  -27.498 1.0000000000
8134  -21.984  -77.306  -28.303 1.0000000000
8154  -22.706  -77.515  -29.342 1.0000000000
7466  -23.382  -78.296  -29.545 1.0000000000
6118  -22.756  -80.539  -28.926 1.0000000000
8102  -14.939  -77.164  -26.545 1.0000000000
8105  -18.230  -78.185  -26.003 1.0000000000
7422  -19.460  -79.044  -26.725 1.0000000000
7451  -20.432  -78.094  -28.163 1.0000000000
8133  -21.043  -77.430  -28.625 1.0000000000
8153  -21.535  -77.471  -29.486 1.0000000000
8167  -22.935  -77.973  -29.960 1.0000000000
7482  -22.967  -78.674  -30.109 1.0000000000
117515  -22.285  -80.705  -29.768 1.0000000000
7434  -15.004  -78.040  -26.900 1.0000000000
8104  -17.319  -78.354  -26.198 1.0000000000
6130  -22.369  -80.284  -30.436 1.0000000000
9541  -12.107  -75.683  -26.996 1.0000000000
120267  -11.584  -76.110  -27.755 0.8999999762
118489  -11.315  -75.731  -28.348 0.8000000119
9552  -10.858  -75.923  -29.572 0.8000000119
10352  -10.924  -74.641  -29.434 0.8000000119
9439  -12.338  -75.548  -18.759 0.5000000000
9440  -13.950  -75.855  -19.057 0.5000000000
114188  -12.816  -75.592  -20.303 0.5000000000
9456  -11.757  -75.791  -21.265 0.6000000238
10309  -15.996  -74.643  -24.820 1.0000000000
9464  -11.833  -75.909  -22.348 0.6999999881
115260  -15.113  -74.297  -24.965 1.0000000000
9506  -17.786  -75.046  -24.381 1.0000000000
9507  -19.122  -74.688  -24.231 1.0000000000
110978  -20.543  -75.231  -23.458 1.0000000000
9489  -11.428  -75.883  -24.333 0.8999999762
9517  -11.826  -75.194  -25.286 1.0000000000
9505  -16.727  -75.377  -24.523 1.0000000000
9502  -11.358  -75.498  -24.987 1.0000000000
9516  -11.438  -75.109  -25.029 1.0000000000
9493  -18.232  -75.529  -23.861 1.0000000000
8807  -11.550  -76.060  -25.182 1.0000000000
9472  -23.028  -75.820  -21.703 1.0000000000
8768  -22.634  -76.623  -21.558 1.0000000000
8056  -24.006  -77.229  -21.763 1.0000000000
8074  -26.183  -76.837  -24.465 1.0000000000
9532  -22.378  -75.862  -25.842 1.0000000000
9534  -24.279  -75.749  -25.864 1.0000000000
7439  -25.045  -78.230  -27.136 1.0000000000
128665  -20.595  -76.662  -25.878 1.0000000000
7438  -24.668  -78.674  -27.673 1.0000000000
6106  -23.392  -80.159  -28.238 1.0000000000
8820  -15.173  -76.451  -26.326 1.0000000000
8821  -16.078  -76.335  -26.651 1.0000000000
8109  -22.130  -77.297  -26.183 1.0000000000
8119  -22.632  -77.284  -27.213 1.0000000000
8136  -23.501  -77.584  -28.809 1.0000000000
8137  -23.830  -77.936  -28.995 1.0000000000
6776  -24.260  -78.829  -28.261 1.0000000000
121831  -17.467  -77.367  -26.228 1.0000000000
8106  -19.318  -78.256  -26.121 1.0000000000
7423  -20.112  -78.636  -26.633 1.0000000000
8108  -20.875  -78.058  -26.577 1.0000000000
124109  -15.812  -77.096  -26.657 1.0000000000
10340  -12.118  -74.719  -27.043 1.0000000000
9540  -11.664  -75.282  -27.648 1.0000000000
10343  -11.243  -74.285  -28.592 1.0000000000
10362  -10.554  -75.024  -30.673 0.6999999881
9565  -10.382  -75.323  -32.176 0.6000000238
9573  -10.652  -75.530  -33.614 0.4000000060
11242  -10.590  -73.885  -33.268 0.5000000000
9466  -13.872  -75.270  -21.850 0.6000000238
9477  -11.653  -75.937  -23.296 0.8000000119
9478  -12.534  -75.424  -22.919 0.6000000238
10310  -17.053  -74.378  -24.460 1.0000000000
10312  -19.590  -73.899  -24.087 1.0000000000
11138  -20.552  -73.824  -23.817 1.0000000000
111805  -21.395  -74.040  -23.697 1.0000000000
10293  -11.539  -75.019  -24.572 1.0000000000
10311  -18.255  -74.064  -24.297 1.0000000000
127308  -21.367  -75.295  -22.089 1.0000000000
110979  -21.141  -75.416  -22.676 1.0000000000
110975  -21.035  -75.687  -21.778 1.0000000000
9473  -23.934  -75.730  -21.865 1.0000000000
126394  -23.487  -75.151  -21.917 1.0000000000
9484  -24.829  -75.651  -22.400 1.0000000000
9485  -25.686  -75.683  -22.970 1.0000000000
110986  -26.400  -74.551  -24.731 1.0000000000
10333  -24.000  -73.803  -26.455 1.0000000000
111704  -26.355  -74.633  -25.079 1.0000000000
130025  -26.024  -74.986  -25.405 1.0000000000
118699  -20.985  -75.746  -26.002 1.0000000000
119887  -21.671  -75.187  -26.292 1.0000000000
10335  -25.950  -73.998  -25.393 1.0000000000
9526  -13.678  -75.803  -26.170 1.0000000000
119087  -19.107  -74.029  -26.684 1.0000000000
8822  -18.886  -76.442  -26.314 1.0000000000
119088  -20.046  -75.678  -26.420 1.0000000000
118694  -22.831  -76.296  -25.836 1.0000000000
9542  -12.852  -76.078  -26.667 1.0000000000
10328  -16.085  -74.790  -26.584 1.0000000000
11165  -19.515  -73.316  -26.809 1.0000000000
8826  -22.243  -76.611  -25.852 1.0000000000
114826  -21.472  -77.549  -26.237 1.0000000000
116759  -12.803  -75.284  -26.636 1.0000000000
133394  -14.266  -75.115  -26.147 1.0000000000
125001  -15.060  -74.837  -26.272 1.0000000000
10339  -11.579  -74.456  -27.814 1.0000000000
11181  -11.323  -73.596  -28.171 0.8999999762
10361  -10.372  -74.070  -31.810 0.8000000119
10351  -10.586  -73.902  -30.448 0.8000000119
9450  -15.077  -75.310  -19.127 0.5000000000
9448  -14.063  -75.605  -20.051 0.5000000000
9458  -14.017  -75.406  -21.006 0.6000000238
115021  -14.667  -75.176  -20.526 0.6000000238
10262  -14.334  -74.566  -21.537 0.6000000238
9479  -13.453  -75.147  -22.491 0.6000000238
9467  -14.520  -75.061  -21.397 0.6000000238
9491  -12.770  -75.014  -23.125 0.8000000119
11149  -15.590  -73.619  -24.597 1.0000000000
11150  -17.268  -73.463  -24.218 1.0000000000
112979  -11.443  -74.108  -24.722 1.0000000000
11147  -13.268  -73.682  -25.120 1.0000000000
10278  -20.610  -73.600  -23.194 1.0000000000
12014  -14.234  -72.545  -24.400 1.0000000000
12016  -16.276  -72.924  -24.154 1.0000000000
11136  -17.281  -72.849  -23.738 1.0000000000
111983  -19.420  -73.334  -23.421 1.0000000000
110984  -21.774  -74.672  -22.835 1.0000000000
110977  -21.571  -74.961  -21.819 1.0000000000
11999  -11.709  -72.028  -24.139 1.0000000000
12001  -14.582  -72.049  -24.016 1.0000000000
11991  -15.727  -72.011  -22.959 1.0000000000
11992  -16.597  -72.298  -22.669 1.0000000000
11125  -18.469  -72.827  -22.696 1.0000000000
111670  -21.651  -75.393  -21.640 1.0000000000
12940  -14.883  -71.613  -22.419 1.0000000000
11110  -17.619  -72.812  -21.688 1.0000000000
10279  -22.181  -74.875  -21.422 1.0000000000
9482  -22.715  -75.182  -21.670 1.0000000000
10329  -17.008  -74.811  -26.639 1.0000000000
9483  -24.198  -74.808  -22.470 1.0000000000
110987  -24.133  -73.895  -22.607 1.0000000000
111913  -24.668  -74.095  -23.104 1.0000000000
111761  -25.556  -73.728  -23.789 1.0000000000
118880  -22.174  -73.503  -26.893 1.0000000000
111565  -24.816  -73.225  -23.321 1.0000000000
116949  -26.214  -72.834  -24.758 1.0000000000
111570  -24.919  -72.099  -23.454 1.0000000000
12034  -23.419  -72.306  -26.374 1.0000000000
110989  -25.976  -72.116  -24.667 1.0000000000
127245  -24.730  -71.299  -23.706 1.0000000000
114821  -13.146  -74.144  -26.621 1.0000000000
119086  -19.969  -73.996  -26.819 1.0000000000
11168  -22.754  -72.898  -26.840 1.0000000000
132755  -25.030  -71.395  -25.204 1.0000000000
127229  -24.102  -70.813  -23.666 1.0000000000
114608  -13.853  -73.990  -26.519 1.0000000000
119171  -18.154  -73.995  -26.613 1.0000000000
11166  -20.426  -73.167  -27.018 1.0000000000
12032  -21.244  -72.576  -26.881 1.0000000000
12033  -22.302  -72.461  -26.732 1.0000000000
110994  -24.542  -70.987  -25.093 1.0000000000
111788  -23.904  -70.684  -24.495 1.0000000000
121207  -14.743  -73.938  -26.487 1.0000000000
11163  -17.373  -73.546  -26.580 1.0000000000
12976  -22.663  -71.869  -26.048 1.0000000000
12977  -23.501  -71.473  -25.638 1.0000000000
121193  -16.137  -73.250  -26.525 1.0000000000
12028  -17.343  -72.636  -26.525 1.0000000000
123205  -19.770  -72.701  -26.744 1.0000000000
12963  -22.514  -71.203  -25.404 1.0000000000
13826  -22.838  -70.644  -24.691 1.0000000000
11177  -12.525  -73.885  -26.875 1.0000000000
11176  -11.848  -73.848  -27.370 1.0000000000
124402  -11.190  -72.823  -28.153 1.0000000000
11204  -10.498  -73.233  -31.504 0.6999999881
11190  -10.676  -72.916  -30.358 0.8999999762
11191  -10.980  -73.708  -29.279 0.8999999762
11220  -10.831  -73.334  -33.013 0.6000000238
12072  -10.756  -72.649  -31.735 0.6000000238
10223  -15.223  -75.136  -18.687 0.5000000000
11124  -13.886  -74.368  -22.050 0.6000000238
11135  -11.940  -73.640  -23.238 0.8000000119
11108  -12.843  -73.712  -22.406 0.8000000119
11151  -18.352  -73.327  -23.868 1.0000000000
11145  -11.426  -73.683  -24.859 1.0000000000
12002  -15.535  -72.269  -23.799 1.0000000000
110981  -20.726  -73.972  -22.428 1.0000000000
132289  -20.415  -73.976  -18.498 1.0000000000
12939  -13.642  -71.392  -22.960 1.0000000000
124477  -21.313  -74.859  -21.034 1.0000000000
10253  -22.241  -74.383  -20.706 1.0000000000
111011  -21.453  -73.809  -19.713 1.0000000000
10265  -23.051  -74.266  -21.157 1.0000000000
111000  -22.112  -73.761  -20.282 1.0000000000
127291  -21.272  -72.895  -19.422 1.0000000000
11112  -23.867  -73.567  -21.668 1.0000000000
11099  -23.440  -73.204  -20.922 1.0000000000
127204  -23.910  -72.442  -21.551 1.0000000000
127331  -24.344  -72.758  -22.451 1.0000000000
111594  -24.097  -71.556  -22.605 1.0000000000
12031  -20.308  -72.496  -26.675 1.0000000000
111566  -23.355  -70.788  -22.932 1.0000000000
127863  -15.837  -72.632  -26.509 1.0000000000
12027  -16.512  -72.550  -26.499 1.0000000000
127340  -22.624  -70.693  -22.402 1.0000000000
11161  -14.376  -73.190  -26.620 1.0000000000
12975  -21.684  -71.823  -25.956 1.0000000000
127207  -23.170  -70.537  -23.855 1.0000000000
11160  -13.314  -73.334  -26.678 1.0000000000
12025  -13.975  -72.392  -26.667 1.0000000000
11162  -15.317  -73.207  -26.563 1.0000000000
12029  -18.223  -72.536  -26.541 1.0000000000
12973  -19.606  -72.001  -26.257 1.0000000000
13794  -21.550  -70.461  -23.311 1.0000000000
12042  -12.603  -73.134  -26.905 1.0000000000
11175  -11.667  -73.078  -27.602 1.0000000000
116263  -10.778  -72.185  -30.879 0.8999999762
12057  -10.828  -72.194  -29.708 0.8999999762
12058  -11.033  -72.915  -29.011 1.0000000000
12073  -10.913  -72.191  -31.575 0.6000000238
10222  -15.037  -74.671  -18.557 0.5000000000
121107  -14.808  -74.504  -20.149 0.5000000000
11096  -14.305  -73.925  -20.958 0.6000000238
133780  -14.746  -74.294  -19.662 0.5000000000
11109  -13.556  -73.776  -21.796 0.6000000238
11071  -17.508  -74.020  -18.070 1.0000000000
11054  -17.510  -73.980  -17.067 1.0000000000
11121  -11.028  -72.255  -23.184 1.0000000000
11979  -11.364  -72.516  -22.106 0.8000000119
10205  -18.815  -74.478  -17.448 1.0000000000
10263  -19.695  -73.801  -22.117 1.0000000000
116528  -18.820  -74.761  -18.933 1.0000000000
10226  -20.201  -74.593  -18.879 1.0000000000
10185  -19.053  -74.274  -17.064 1.0000000000
12944  -11.515  -71.664  -23.305 1.0000000000
11111  -18.515  -73.490  -21.607 1.0000000000
110976  -19.913  -74.560  -21.221 1.0000000000
11098  -17.668  -73.420  -20.516 1.0000000000
10251  -19.812  -74.852  -20.130 1.0000000000
9451  -20.581  -74.773  -20.208 1.0000000000
16396  -12.540  -67.937  -20.505 1.0000000000
15569  -12.463  -68.611  -21.945 1.0000000000
111629  -21.916  -72.855  -20.062 1.0000000000
111621  -21.608  -71.953  -19.883 1.0000000000
111854  -22.491  -71.892  -20.446 1.0000000000
111007  -21.866  -71.194  -20.388 1.0000000000
127206  -23.283  -71.098  -22.021 1.0000000000
111804  -22.952  -71.319  -21.145 1.0000000000
124521  -13.599  -69.565  -23.755 1.0000000000
127219  -22.614  -70.849  -21.710 1.0000000000
13817  -13.574  -70.229  -25.844 1.0000000000
12974  -20.606  -71.930  -26.092 1.0000000000
13782  -21.942  -70.528  -21.951 1.0000000000
126838  -16.871  -71.801  -26.384 1.0000000000
12972  -18.617  -71.841  -26.271 1.0000000000
12960  -18.970  -71.278  -25.726 1.0000000000
12961  -19.927  -71.291  -25.565 1.0000000000
12962  -20.987  -71.170  -25.370 1.0000000000
13825  -21.846  -70.749  -25.015 1.0000000000
117887  -21.126  -70.477  -23.954 1.0000000000
12024  -13.001  -72.458  -26.780 1.0000000000
12040  -11.363  -72.273  -27.774 1.0000000000
115369  -10.987  -70.739  -30.716 0.8999999762
12989  -10.960  -71.332  -28.134 1.0000000000
12045  -10.965  -72.185  -28.585 1.0000000000
10166  -13.887  -74.276  -16.015 0.5000000000
10182  -14.388  -74.409  -16.835 0.5000000000
11931  -12.147  -72.665  -19.008 0.6999999881
11067  -12.858  -73.274  -18.225 0.6000000238
11051  -13.609  -73.840  -17.493 0.6000000238
11085  -14.236  -73.750  -19.971 0.6999999881
11950  -11.210  -71.900  -19.838 0.8000000119
11968  -11.304  -72.180  -20.828 0.8000000119
11095  -12.458  -73.056  -21.310 0.8000000119
11084  -13.221  -73.311  -20.574 0.8000000119
11915  -15.449  -72.343  -17.067 1.0000000000
132501  -16.881  -73.597  -16.885 1.0000000000
122254  -10.936  -71.538  -21.562 0.8000000119
134997  -11.110  -72.219  -21.507 0.8000000119
127939  -15.285  -72.052  -17.799 1.0000000000
11934  -16.356  -72.711  -18.372 1.0000000000
11053  -16.761  -73.377  -17.648 1.0000000000
10184  -18.402  -74.255  -16.940 1.0000000000
12937  -11.328  -71.487  -22.560 1.0000000000
11989  -10.781  -71.831  -22.553 0.8999999762
11137  -18.072  -72.780  -23.306 1.0000000000
121500  -19.292  -73.564  -16.808 1.0000000000
12938  -12.131  -71.214  -22.909 1.0000000000
11993  -17.478  -72.537  -22.626 1.0000000000
128303  -16.839  -72.880  -19.530 1.0000000000
11070  -16.953  -73.315  -18.740 1.0000000000
111019  -19.541  -74.060  -17.462 1.0000000000
119581  -12.833  -71.159  -22.162 1.0000000000
11980  -15.884  -71.935  -21.832 1.0000000000
10238  -18.065  -74.238  -19.517 1.0000000000
111015  -20.127  -73.506  -18.000 1.0000000000
110990  -19.828  -73.090  -17.363 1.0000000000
114219  -14.005  -71.344  -22.032 1.0000000000
10249  -18.368  -74.044  -20.474 1.0000000000
132337  -19.450  -74.809  -19.322 1.0000000000
111017  -20.214  -72.495  -18.015 1.0000000000
127274  -20.964  -71.990  -19.256 1.0000000000
16408  -13.630  -67.993  -20.976 1.0000000000
15572  -15.110  -68.139  -21.327 1.0000000000
15584  -13.188  -68.818  -22.521 1.0000000000
121205  -12.797  -68.245  -21.292 1.0000000000
15585  -14.190  -68.724  -22.313 1.0000000000
15586  -15.243  -68.644  -22.060 1.0000000000
124950  -15.846  -68.241  -21.445 1.0000000000
14674  -12.881  -69.252  -23.251 1.0000000000
14676  -14.890  -69.282  -22.808 1.0000000000
14677  -15.865  -69.396  -22.652 1.0000000000
111001  -22.071  -70.792  -21.108 1.0000000000
111668  -21.271  -70.586  -20.550 1.0000000000
14693  -14.556  -69.752  -23.509 1.0000000000
14694  -15.496  -69.972  -23.307 1.0000000000
15588  -17.101  -68.882  -21.968 1.0000000000
13767  -21.114  -70.262  -21.459 1.0000000000
132112  -15.080  -70.716  -25.550 1.0000000000
13803  -15.721  -70.696  -24.939 1.0000000000
13788  -16.058  -70.585  -23.843 1.0000000000
14695  -16.444  -70.085  -23.155 1.0000000000
13781  -21.128  -70.309  -22.505 1.0000000000
13789  -17.044  -70.494  -23.744 1.0000000000
13808  -20.378  -70.541  -24.148 1.0000000000
13834  -13.851  -70.866  -26.282 1.0000000000
12970  -14.481  -71.541  -26.447 1.0000000000
13818  -14.360  -70.533  -25.687 1.0000000000
13820  -16.550  -70.878  -25.634 1.0000000000
13822  -18.360  -70.797  -25.255 1.0000000000
13823  -19.262  -70.785  -25.103 1.0000000000
13824  -20.183  -70.740  -24.922 1.0000000000
13807  -19.513  -70.589  -24.307 1.0000000000
113872  -13.071  -71.070  -26.619 1.0000000000
12968  -12.615  -71.703  -26.861 1.0000000000
12982  -11.763  -71.586  -27.306 1.0000000000
13849  -10.705  -70.703  -29.095 0.8999999762
123452  -10.791  -70.963  -29.879 0.8999999762
13016  -11.132  -71.566  -31.078 0.5000000000
11029  -12.019  -73.254  -16.501 0.5000000000
11930  -11.479  -72.380  -18.249 0.6999999881
121407  -14.114  -73.951  -18.335 0.5000000000
11951  -12.635  -72.956  -19.853 0.6000000238
11068  -13.489  -73.445  -19.065 0.6000000238
124572  -13.596  -70.986  -17.336 1.0000000000
11052  -16.292  -73.028  -16.776 1.0000000000
11031  -16.267  -73.069  -15.823 1.0000000000
11967  -10.612  -71.195  -20.497 0.8999999762
11932  -14.691  -71.559  -18.255 1.0000000000
11916  -16.008  -72.540  -17.710 1.0000000000
11032  -16.973  -73.598  -16.241 1.0000000000
11033  -17.838  -73.844  -16.319 1.0000000000
11978  -11.210  -71.207  -21.716 0.8999999762
11952  -14.715  -71.476  -19.093 1.0000000000
11034  -18.670  -73.756  -16.444 1.0000000000
11953  -15.511  -71.807  -19.722 1.0000000000
112149  -18.971  -72.794  -16.164 1.0000000000
121275  -14.780  -71.462  -21.351 1.0000000000
12904  -14.976  -71.459  -20.468 1.0000000000
121315  -16.427  -72.367  -20.153 1.0000000000
11097  -17.092  -72.898  -20.091 1.0000000000
134676  -19.494  -72.705  -16.818 1.0000000000
17164  -10.725  -66.994  -20.319 1.0000000000
16397  -13.733  -67.720  -20.128 1.0000000000
124145  -19.358  -71.430  -17.191 1.0000000000
16398  -14.816  -67.726  -20.156 1.0000000000
12861  -19.628  -71.248  -17.833 1.0000000000
16410  -15.411  -67.876  -20.747 1.0000000000
16399  -15.715  -67.766  -20.136 1.0000000000
13742  -20.084  -71.052  -18.608 1.0000000000
15570  -13.449  -68.424  -21.770 1.0000000000
16400  -16.405  -67.853  -20.143 1.0000000000
15583  -12.066  -69.130  -22.679 1.0000000000
15573  -16.652  -68.406  -21.424 1.0000000000
14649  -20.017  -69.650  -20.732 1.0000000000
130581  -20.705  -70.456  -20.070 1.0000000000
14678  -17.499  -69.411  -22.362 1.0000000000
14679  -18.850  -69.356  -21.917 1.0000000000
14661  -20.235  -69.839  -21.418 1.0000000000
13760  -20.598  -70.082  -20.687 1.0000000000
14708  -13.383  -69.753  -24.558 1.0000000000
14696  -17.462  -70.025  -22.974 1.0000000000
114190  -16.776  -69.468  -22.530 1.0000000000
14680  -19.661  -69.736  -22.154 1.0000000000
14681  -20.472  -70.029  -22.063 1.0000000000
14709  -14.241  -70.102  -24.221 1.0000000000
13787  -15.134  -70.432  -24.009 1.0000000000
14698  -19.322  -70.074  -22.955 1.0000000000
13780  -20.181  -70.149  -22.762 1.0000000000
13802  -14.740  -70.474  -24.901 1.0000000000
13804  -16.768  -70.672  -24.697 1.0000000000
13805  -17.710  -70.616  -24.547 1.0000000000
13791  -18.929  -70.393  -23.648 1.0000000000
13792  -19.816  -70.370  -23.535 1.0000000000
13833  -12.918  -70.370  -26.383 1.0000000000
13832  -11.988  -70.204  -26.763 1.0000000000
13842  -11.534  -70.695  -27.384 1.0000000000
13850  -10.900  -70.139  -28.147 1.0000000000
13863  -10.558  -70.303  -30.237 0.8999999762
13871  -10.679  -70.077  -31.800 0.8000000119
11897  -14.914  -72.039  -16.551 1.0000000000
11949  -10.337  -71.010  -19.861 0.8000000119
12879  -10.396  -70.889  -19.948 0.8000000119
12839  -13.752  -71.034  -18.013 1.0000000000
11015  -16.799  -73.314  -15.497 1.0000000000
12900  -10.724  -70.968  -20.704 0.8999999762
12860  -13.849  -71.030  -18.766 1.0000000000
11954  -16.297  -72.495  -19.179 1.0000000000
11017  -18.178  -73.326  -15.770 1.0000000000
12901  -11.314  -70.688  -20.891 1.0000000000
12902  -12.580  -70.716  -20.834 1.0000000000
12882  -14.468  -71.253  -19.896 1.0000000000
111022  -18.310  -72.463  -15.411 1.0000000000
111021  -18.730  -71.684  -15.812 1.0000000000
12922  -11.926  -70.838  -21.597 1.0000000000
12923  -13.394  -71.068  -21.428 1.0000000000
13724  -18.896  -71.214  -16.607 1.0000000000
17165  -11.616  -67.540  -19.857 1.0000000000
116565  -12.630  -67.775  -19.506 1.0000000000
17169  -10.506  -67.077  -21.289 1.0000000000
13732  -18.955  -70.869  -17.416 1.0000000000
16386  -14.997  -68.162  -19.433 1.0000000000
13741  -19.278  -70.636  -18.192 1.0000000000
16406  -11.015  -67.957  -21.699 1.0000000000
16387  -16.039  -68.016  -19.708 1.0000000000
16419  -11.530  -68.543  -22.218 1.0000000000
14631  -18.830  -70.097  -18.487 1.0000000000
135428  -17.515  -68.260  -20.083 1.0000000000
14640  -20.114  -69.909  -19.889 1.0000000000
14639  -19.243  -69.680  -19.331 1.0000000000
13753  -20.386  -70.679  -19.432 1.0000000000
15606  -11.795  -69.334  -23.624 1.0000000000
14658  -17.966  -69.044  -21.731 1.0000000000
14660  -19.509  -69.414  -21.317 1.0000000000
14707  -12.521  -69.536  -25.044 1.0000000000
14722  -13.192  -69.816  -25.369 1.0000000000
13790  -18.008  -70.429  -23.692 1.0000000000
14697  -18.451  -70.092  -23.036 1.0000000000
13816  -12.953  -69.909  -25.940 1.0000000000
133566  -11.425  -69.944  -27.316 1.0000000000
14789  -10.161  -69.367  -30.538 0.8000000119
127844  -11.481  -72.733  -16.940 0.6000000238
12837  -11.720  -69.630  -17.569 0.8999999762
12821  -12.884  -70.378  -17.090 1.0000000000
11913  -10.849  -71.902  -17.483 0.6000000238
11929  -10.036  -71.046  -18.409 0.8000000119
12858  -11.574  -69.983  -18.867 0.8999999762
12822  -13.987  -71.371  -16.444 1.0000000000
11898  -15.567  -72.577  -16.195 1.0000000000
12857  -10.287  -70.746  -19.237 0.8000000119
11880  -15.616  -72.642  -15.304 1.0000000000
11000  -16.341  -72.995  -15.039 1.0000000000
13739  -10.542  -70.290  -19.053 0.8999999762
12859  -12.919  -70.490  -18.590 1.0000000000
11001  -17.002  -73.147  -14.950 1.0000000000
11016  -17.380  -73.437  -15.638 1.0000000000
13751  -10.822  -70.535  -20.198 0.8999999762
12880  -11.884  -70.407  -20.222 1.0000000000
114414  -17.837  -72.361  -14.822 1.0000000000
12881  -12.686  -70.467  -19.372 1.0000000000
11867  -17.249  -72.639  -14.535 1.0000000000
110991  -18.246  -71.603  -14.866 1.0000000000
111025  -18.373  -70.868  -14.295 1.0000000000
12903  -13.996  -71.068  -20.668 1.0000000000
13714  -18.629  -70.698  -15.005 1.0000000000
13715  -19.026  -69.947  -14.759 1.0000000000
17928  -10.404  -66.168  -19.956 1.0000000000
17159  -11.787  -67.436  -18.818 1.0000000000
17153  -12.712  -67.655  -18.409 1.0000000000
16384  -13.328  -67.954  -19.187 1.0000000000
16376  -13.635  -68.044  -18.414 1.0000000000
13731  -18.250  -70.575  -16.785 1.0000000000
14616  -17.914  -70.146  -16.059 1.0000000000
14617  -18.727  -69.581  -15.493 1.0000000000
17163  -10.292  -66.138  -20.866 1.0000000000
16385  -14.098  -68.003  -19.469 1.0000000000
16377  -14.230  -68.249  -18.064 1.0000000000
115551  -10.007  -64.420  -22.033 1.0000000000
17175  -10.438  -67.298  -22.288 1.0000000000
14625  -17.610  -70.220  -16.986 1.0000000000
111062  -18.008  -69.150  -15.848 1.0000000000
113485  -18.960  -68.079  -15.971 1.0000000000
14624  -17.070  -69.891  -17.279 1.0000000000
14630  -17.894  -70.013  -17.887 1.0000000000
16418  -10.751  -68.153  -22.719 1.0000000000
16407  -11.876  -68.300  -21.333 1.0000000000
16388  -16.818  -68.074  -19.820 1.0000000000
15540  -15.874  -69.299  -17.114 1.0000000000
15554  -17.285  -68.612  -19.432 1.0000000000
14638  -18.369  -69.564  -18.769 1.0000000000
14647  -18.706  -69.053  -19.603 1.0000000000
14648  -19.388  -69.262  -20.323 1.0000000000
14659  -18.738  -69.049  -21.112 1.0000000000
131719  -18.651  -68.826  -20.343 1.0000000000
117918  -18.192  -69.596  -22.455 1.0000000000
133975  -18.912  -69.741  -22.510 1.0000000000
14721  -12.366  -69.566  -25.739 1.0000000000
15636  -11.459  -68.843  -25.934 1.0000000000
14749  -11.145  -69.263  -27.641 1.0000000000
14769  -10.849  -69.052  -28.594 0.8999999762
14768  -10.576  -69.770  -29.337 0.8999999762
15686  -10.429  -68.076  -31.750 0.8000000119
11896  -11.053  -72.243  -16.503 0.6000000238
12836  -10.100  -70.314  -17.731 0.8000000119
11895  -10.305  -70.975  -17.296 0.6999999881
13722  -10.945  -69.479  -17.391 0.8999999762
12806  -13.922  -71.445  -15.188 1.0000000000
117463  -10.064  -70.539  -18.424 0.8000000119
11879  -14.823  -72.103  -15.684 1.0000000000
11865  -15.775  -72.559  -14.490 1.0000000000
11864  -14.929  -72.175  -14.745 1.0000000000
11851  -16.102  -72.283  -13.849 1.0000000000
11852  -16.921  -72.261  -13.925 1.0000000000
12777  -14.724  -71.533  -13.866 1.0000000000
13695  -17.214  -70.985  -13.448 1.0000000000
12780  -17.384  -71.585  -13.760 1.0000000000
111026  -17.889  -70.957  -13.741 1.0000000000
124234  -18.374  -70.338  -13.798 1.0000000000
13706  -18.797  -70.151  -14.285 1.0000000000
14609  -19.222  -69.397  -14.994 1.0000000000
14608  -18.707  -70.180  -15.361 1.0000000000
131978  -13.253  -67.529  -17.775 1.0000000000
111054  -19.243  -68.645  -15.412 1.0000000000
111092  -16.098  -66.737  -16.847 1.0000000000
14615  -17.208  -69.691  -16.416 1.0000000000
17941  -9.899  -64.765  -22.808 1.0000000000
15552  -15.456  -68.672  -19.013 1.0000000000
111069  -16.918  -68.928  -15.930 1.0000000000
111063  -17.973  -68.126  -16.102 1.0000000000
129845  -18.791  -67.490  -16.402 1.0000000000
16409  -14.562  -67.876  -20.780 1.0000000000
14623  -16.541  -69.571  -17.645 1.0000000000
15553  -16.233  -68.794  -19.010 1.0000000000
115438  -16.871  -69.211  -18.588 1.0000000000
15547  -17.395  -69.608  -18.193 1.0000000000
17144  -17.748  -66.492  -17.329 1.0000000000
15555  -17.869  -69.038  -19.085 1.0000000000
16435  -10.542  -68.141  -24.028 1.0000000000
15605  -10.971  -68.657  -24.608 1.0000000000
15582  -11.229  -68.782  -23.200 1.0000000000
15621  -11.641  -69.202  -24.893 1.0000000000
15662  -11.297  -68.601  -27.318 1.0000000000
14720  -11.507  -68.976  -26.516 1.0000000000
15670  -10.480  -68.806  -29.613 0.8999999762
15679  -10.341  -68.060  -30.573 0.6999999881
16497  -11.881  -67.100  -31.633 0.6000000238
121730  -10.840  -71.733  -15.106 0.6000000238
127965  -10.603  -71.222  -16.710 0.6000000238
12819  -10.528  -70.412  -16.928 0.8000000119
12792  -13.638  -71.049  -14.558 1.0000000000
12805  -13.071  -70.480  -16.224 1.0000000000
12793  -14.375  -71.624  -14.309 1.0000000000
13692  -14.673  -70.899  -13.714 1.0000000000
13693  -15.570  -70.541  -13.541 1.0000000000
12778  -15.623  -71.505  -13.611 1.0000000000
12779  -16.631  -71.660  -13.585 1.0000000000
131030  -17.782  -70.339  -13.467 1.0000000000
132490  -18.311  -69.840  -13.498 1.0000000000
111027  -18.742  -69.776  -13.779 1.0000000000
114828  -16.269  -70.167  -13.456 1.0000000000
14585  -16.635  -69.508  -13.410 1.0000000000
14601  -19.194  -69.373  -14.194 1.0000000000
111051  -19.721  -67.851  -15.176 1.0000000000
17927  -10.227  -65.352  -20.461 1.0000000000
17152  -11.908  -67.299  -17.962 1.0000000000
111104  -13.413  -66.915  -17.193 1.0000000000
111096  -15.275  -66.455  -16.979 1.0000000000
131909  -19.491  -67.782  -15.723 1.0000000000
114453  -14.559  -68.064  -17.365 1.0000000000
111085  -16.927  -67.004  -16.711 1.0000000000
116772  -15.003  -68.468  -17.287 1.0000000000
111070  -16.869  -67.924  -16.070 1.0000000000
111071  -18.011  -67.151  -16.691 1.0000000000
125401  -10.226  -66.611  -23.009 1.0000000000
17893  -17.442  -65.912  -17.878 1.0000000000
17894  -18.507  -66.193  -18.015 1.0000000000
17189  -10.353  -67.385  -23.432 1.0000000000
17913  -18.041  -65.549  -18.555 1.0000000000
16434  -10.383  -67.147  -24.994 1.0000000000
125391  -10.686  -67.645  -25.880 1.0000000000
134913  -11.181  -68.203  -26.772 1.0000000000
15648  -11.318  -67.954  -27.227 1.0000000000
16482  -11.896  -67.218  -28.591 0.8000000119
112749  -12.106  -67.208  -29.403 0.6999999881
12803  -10.711  -70.462  -15.957 0.6000000238
13713  -11.257  -69.258  -16.736 0.6999999881
13705  -12.070  -69.062  -16.308 0.8000000119
131239  -13.034  -70.077  -14.848 0.8999999762
14599  -11.835  -68.530  -15.817 0.8000000119
12776  -13.902  -71.071  -14.006 1.0000000000
13691  -13.856  -70.142  -14.005 1.0000000000
119736  -14.793  -70.134  -13.674 1.0000000000
14584  -15.566  -69.580  -13.599 1.0000000000
114611  -16.628  -68.130  -13.675 1.0000000000
111031  -17.094  -68.753  -13.342 1.0000000000
122404  -18.007  -68.550  -13.133 1.0000000000
15497  -18.709  -69.126  -13.397 1.0000000000
111046  -19.616  -67.768  -14.376 1.0000000000
129871  -19.092  -66.718  -13.720 1.0000000000
111050  -19.507  -68.592  -14.648 1.0000000000
17933  -10.099  -64.904  -21.204 1.0000000000
17922  -11.111  -66.794  -18.249 1.0000000000
17154  -13.934  -67.629  -17.445 1.0000000000
16348  -19.851  -67.083  -15.707 1.0000000000
17892  -16.352  -65.747  -17.593 1.0000000000
16361  -19.951  -66.698  -16.259 1.0000000000
111055  -19.506  -67.271  -16.266 1.0000000000
111099  -14.598  -67.246  -16.944 1.0000000000
17131  -18.970  -66.931  -16.787 1.0000000000
116456  -16.924  -66.314  -17.271 1.0000000000
17895  -19.563  -66.158  -17.833 1.0000000000
17956  -9.835  -64.330  -24.047 1.0000000000
19427  -11.400  -61.921  -25.232 0.6999999881
15539  -15.376  -69.052  -17.662 1.0000000000
17969  -10.149  -65.407  -25.243 1.0000000000
17200  -10.435  -66.326  -25.747 1.0000000000
16446  -11.111  -66.449  -27.249 1.0000000000
16473  -11.543  -67.789  -28.255 0.8999999762
16465  -11.852  -67.092  -27.700 0.6999999881
12790  -10.704  -70.865  -14.760 0.6000000238
127738  -10.698  -69.463  -15.851 0.6999999881
13690  -10.673  -70.057  -13.715 0.5000000000
13704  -10.696  -68.979  -15.304 0.6000000238
14607  -11.231  -68.701  -16.195 0.6999999881
14600  -12.950  -68.976  -14.927 0.8999999762
14582  -13.769  -69.104  -14.242 1.0000000000
15494  -14.179  -68.528  -14.132 1.0000000000
118657  -10.524  -67.863  -13.904 0.6000000238
119974  -11.085  -68.145  -15.319 0.6999999881
116552  -11.856  -67.873  -15.237 0.6999999881
15493  -13.096  -68.135  -14.719 0.8000000119
14583  -14.518  -69.392  -13.809 1.0000000000
15495  -15.081  -68.731  -13.811 1.0000000000
16318  -15.875  -67.734  -14.177 1.0000000000
15511  -11.002  -67.235  -14.551 0.6000000238
117267  -11.998  -67.209  -14.858 0.6999999881
16319  -16.763  -67.393  -13.919 1.0000000000
111107  -12.480  -66.551  -14.572 0.8000000119
16317  -14.763  -67.843  -14.271 1.0000000000
120685  -18.777  -68.115  -13.226 1.0000000000
111036  -18.501  -67.061  -13.414 1.0000000000
18605  -10.446  -65.150  -17.654 0.8999999762
115943  -10.581  -66.028  -17.948 0.8999999762
111038  -19.534  -66.918  -14.234 1.0000000000
18623  -10.337  -65.134  -18.808 0.8999999762
16332  -19.827  -67.077  -14.945 1.0000000000
17103  -19.897  -66.474  -15.419 1.0000000000
17920  -10.274  -65.165  -19.758 0.8999999762
17921  -10.510  -66.103  -19.002 0.8999999762
132462  -11.031  -66.332  -17.650 1.0000000000
111108  -12.695  -66.228  -17.115 1.0000000000
111105  -14.424  -65.204  -17.422 1.0000000000
111100  -14.352  -66.390  -17.017 1.0000000000
111101  -15.315  -65.394  -17.517 1.0000000000
17116  -20.083  -66.257  -15.956 1.0000000000
17910  -12.584  -67.149  -17.547 1.0000000000
17911  -16.153  -64.742  -17.907 1.0000000000
17133  -20.138  -66.172  -16.662 1.0000000000
18612  -21.608  -64.098  -19.091 1.0000000000
19393  -10.497  -61.307  -21.918 0.8999999762
17896  -20.152  -65.835  -17.434 1.0000000000
18648  -9.878  -62.914  -22.803 1.0000000000
18607  -16.744  -64.240  -18.404 1.0000000000
18611  -20.687  -64.782  -18.883 1.0000000000
19403  -10.269  -61.435  -22.623 0.8999999762
18610  -19.789  -65.313  -19.112 1.0000000000
17915  -20.092  -65.596  -18.307 1.0000000000
18669  -9.921  -62.731  -24.682 1.0000000000
20209  -10.519  -61.123  -22.910 0.8999999762
18608  -17.642  -64.650  -19.010 1.0000000000
18626  -20.242  -64.560  -19.650 1.0000000000
19366  -21.014  -64.061  -20.145 1.0000000000
20187  -22.159  -63.124  -21.015 1.0000000000
116604  -10.285  -62.531  -26.255 1.0000000000
20234  -10.853  -61.602  -25.232 0.8000000119
19414  -11.612  -61.572  -23.817 0.6000000238
18625  -19.291  -64.785  -19.569 1.0000000000
19384  -20.685  -63.373  -20.628 1.0000000000
120498  -22.473  -62.548  -21.565 1.0000000000
18678  -10.880  -63.398  -27.446 1.0000000000
19441  -11.077  -62.251  -26.403 0.8000000119
19405  -12.143  -62.472  -23.487 0.6999999881
18624  -18.429  -64.342  -19.548 1.0000000000
19365  -20.045  -63.800  -20.310 1.0000000000
20186  -21.208  -62.854  -21.012 1.0000000000
17980  -11.547  -64.427  -28.197 1.0000000000
111342  -11.913  -63.472  -27.777 0.6999999881
19415  -11.986  -62.640  -25.186 0.6000000238
19364  -19.125  -64.017  -20.058 1.0000000000
19383  -19.896  -63.030  -20.702 1.0000000000
20196  -20.960  -62.067  -21.340 1.0000000000
20197  -21.643  -62.287  -21.419 1.0000000000
17210  -11.892  -65.316  -28.309 1.0000000000
15512  -13.582  -67.570  -14.545 0.8000000119
16329  -13.776  -66.542  -14.710 0.8999999762
111838  -17.588  -67.121  -13.562 1.0000000000
15482  -10.530  -67.825  -12.966 0.6000000238
15492  -10.496  -67.185  -13.498 0.6000000238
111106  -11.780  -65.670  -14.089 0.6000000238
16330  -15.096  -66.808  -14.683 0.8999999762
17089  -16.973  -66.492  -14.284 1.0000000000
111044  -18.580  -66.164  -13.906 1.0000000000
111930  -19.210  -66.122  -14.150 1.0000000000
17102  -19.702  -66.172  -14.843 1.0000000000
17861  -19.919  -65.760  -15.619 1.0000000000
17909  -11.683  -66.579  -17.434 1.0000000000
113525  -13.522  -65.209  -17.197 1.0000000000
18591  -15.215  -64.387  -17.706 1.0000000000
18592  -21.293  -63.906  -18.389 1.0000000000
18640  -10.085  -63.006  -21.419 0.8999999762
18627  -21.320  -64.273  -19.587 1.0000000000
18606  -16.062  -63.985  -18.000 1.0000000000
19385  -21.644  -63.533  -20.513 1.0000000000
19386  -22.927  -63.365  -20.560 1.0000000000
128148  -17.186  -62.989  -18.759 1.0000000000
20198  -23.350  -62.707  -21.785 1.0000000000
20168  -17.922  -62.756  -19.620 1.0000000000
19346  -17.700  -63.564  -19.272 1.0000000000
20999  -23.428  -61.839  -22.248 1.0000000000
116674  -18.519  -63.172  -20.161 1.0000000000
21848  -23.011  -61.075  -22.307 1.0000000000
21858  -23.634  -60.881  -22.461 1.0000000000
111909  -12.184  -64.231  -28.346 0.6000000238
20185  -20.284  -62.414  -21.104 1.0000000000
111110  -11.416  -66.476  -14.306 0.6000000238
17100  -14.487  -65.588  -15.154 0.8000000119
17101  -15.421  -65.740  -15.297 0.8999999762
111035  -17.818  -66.236  -13.917 1.0000000000
111102  -11.700  -65.572  -13.431 0.6000000238
114796  -13.620  -65.366  -14.806 0.6999999881
113164  -18.747  -65.429  -14.403 1.0000000000
115845  -19.044  -64.809  -14.918 1.0000000000
18590  -10.786  -64.748  -16.750 0.8999999762
17908  -11.010  -65.772  -17.197 1.0000000000
111088  -14.309  -64.501  -13.695 0.6999999881
111049  -17.140  -64.366  -15.338 0.8999999762
17860  -19.600  -65.209  -15.193 1.0000000000
18563  -19.925  -64.692  -16.022 1.0000000000
17859  -15.405  -63.849  -15.899 0.6999999881
18604  -10.283  -64.024  -18.721 0.8999999762
18589  -10.329  -64.135  -17.430 0.8999999762
111113  -11.397  -65.072  -16.580 1.0000000000
111111  -12.359  -65.255  -16.776 1.0000000000
122817  -13.242  -64.462  -16.929 1.0000000000
17875  -20.121  -65.567  -16.344 1.0000000000
19347  -22.583  -63.266  -18.984 1.0000000000
118052  -10.305  -63.809  -19.744 0.8999999762
18576  -20.263  -64.655  -16.863 1.0000000000
20163  -10.591  -61.760  -19.415 0.8999999762
17916  -20.422  -64.844  -17.808 1.0000000000
18628  -22.555  -63.487  -19.636 1.0000000000
19378  -10.605  -61.634  -20.614 0.8999999762
19367  -22.105  -63.758  -20.106 1.0000000000
19397  -23.316  -63.186  -21.190 1.0000000000
114139  -24.099  -61.638  -22.485 1.0000000000
21859  -24.323  -60.790  -22.711 1.0000000000
21860  -25.087  -60.822  -23.083 1.0000000000
20169  -18.457  -62.277  -20.275 1.0000000000
20990  -21.953  -61.532  -21.820 1.0000000000
21847  -22.360  -60.777  -22.182 1.0000000000
20184  -19.328  -62.313  -20.808 1.0000000000
20988  -20.472  -61.425  -21.416 1.0000000000
20989  -21.224  -61.367  -21.584 1.0000000000
115153  -12.273  -65.142  -13.753 0.6000000238
111103  -12.702  -65.498  -14.417 0.6999999881
111090  -17.003  -65.405  -14.920 1.0000000000
111098  -13.180  -64.855  -14.366 0.6999999881
111043  -17.997  -65.343  -14.412 1.0000000000
116149  -18.118  -64.366  -15.123 1.0000000000
18562  -19.338  -64.189  -15.584 1.0000000000
19297  -19.707  -63.324  -16.205 1.0000000000
116261  -20.227  -63.734  -16.639 1.0000000000
19324  -10.562  -63.720  -16.270 0.8999999762
111114  -11.848  -64.328  -16.114 1.0000000000
111109  -14.236  -64.457  -17.385 1.0000000000
19327  -22.071  -62.695  -18.165 1.0000000000
19343  -10.288  -63.020  -18.580 0.8999999762
111112  -13.938  -63.861  -17.104 1.0000000000
19325  -14.748  -63.727  -17.426 1.0000000000
19360  -10.405  -62.517  -19.665 0.8999999762
19344  -15.598  -63.506  -17.805 1.0000000000
19368  -24.003  -63.119  -20.125 1.0000000000
20956  -10.647  -60.872  -18.205 0.8000000119
115139  -15.216  -62.925  -17.214 1.0000000000
19345  -16.483  -63.338  -18.285 1.0000000000
19398  -24.668  -63.241  -21.438 1.0000000000
21801  -10.312  -60.154  -17.489 0.8000000119
20151  -16.719  -62.378  -18.303 1.0000000000
20205  -25.359  -62.601  -22.671 1.0000000000
133397  -26.345  -62.504  -23.383 1.0000000000
20203  -24.066  -62.599  -22.179 1.0000000000
113781  -26.449  -61.772  -23.628 1.0000000000
20152  -17.382  -62.152  -18.984 1.0000000000
132278  -17.576  -62.835  -19.108 1.0000000000
21010  -25.827  -61.276  -23.361 1.0000000000
129883  -17.819  -61.879  -19.645 1.0000000000
20981  -18.747  -61.462  -20.696 1.0000000000
21873  -25.843  -60.422  -23.430 1.0000000000
124516  -25.263  -60.053  -23.222 1.0000000000
23591  -12.529  -58.091  -19.689 0.4000000060
20982  -19.605  -61.515  -21.202 1.0000000000
21845  -20.770  -60.620  -21.606 1.0000000000
21857  -23.045  -60.050  -22.391 1.0000000000
124130  -24.591  -60.042  -22.910 1.0000000000
22745  -25.831  -59.512  -23.445 1.0000000000
21874  -26.428  -60.012  -23.678 1.0000000000
24507  -24.469  -57.146  -20.759 1.0000000000
24508  -24.420  -57.293  -22.488 1.0000000000
17845  -14.199  -64.801  -15.109 0.6999999881
17846  -14.952  -64.763  -15.656 0.8000000119
111941  -15.804  -64.930  -15.682 0.8000000119
18554  -14.407  -64.234  -14.844 0.6999999881
110997  -17.073  -63.539  -15.580 0.8999999762
111084  -16.373  -63.689  -15.817 0.8000000119
111061  -17.756  -63.251  -15.550 1.0000000000
131072  -18.621  -63.946  -15.467 1.0000000000
117469  -18.556  -62.985  -15.896 1.0000000000
124435  -19.250  -62.098  -16.136 1.0000000000
19308  -20.354  -62.294  -16.636 1.0000000000
19307  -11.055  -63.630  -15.854 1.0000000000
21774  -19.588  -60.002  -16.388 0.8999999762
19309  -21.603  -61.737  -17.356 1.0000000000
19323  -10.222  -63.240  -17.341 0.8999999762
111949  -11.915  -63.402  -15.893 1.0000000000
118534  -13.045  -63.615  -16.577 1.0000000000
19328  -23.692  -62.081  -18.913 1.0000000000
19387  -25.228  -63.024  -20.209 1.0000000000
20114  -10.018  -61.952  -15.964 0.8999999762
117528  -10.369  -61.968  -15.845 0.8999999762
20134  -14.250  -63.046  -16.830 1.0000000000
19399  -25.460  -63.468  -21.611 1.0000000000
111122  -10.134  -59.597  -16.534 0.8999999762
20969  -11.038  -61.167  -19.301 0.6000000238
20928  -13.182  -61.727  -16.380 1.0000000000
111117  -13.157  -62.700  -16.536 1.0000000000
20206  -26.048  -63.018  -22.800 1.0000000000
20216  -26.942  -62.443  -23.966 0.8999999762
129874  -12.679  -60.759  -18.921 0.6000000238
111004  -25.392  -63.639  -18.714 0.8000000119
111974  -25.818  -62.500  -18.861 0.8999999762
21028  -27.943  -61.461  -24.588 0.8999999762
116940  -27.176  -61.539  -24.162 0.8999999762
21011  -26.628  -60.816  -23.815 1.0000000000
21012  -27.541  -60.737  -24.343 0.8999999762
20973  -17.985  -61.299  -20.068 1.0000000000
21875  -27.142  -59.986  -24.060 1.0000000000
21832  -19.058  -60.783  -21.157 1.0000000000
21846  -21.523  -60.494  -21.915 1.0000000000
22747  -27.503  -59.179  -24.173 1.0000000000
120362  -20.912  -59.880  -21.817 1.0000000000
22733  -24.066  -58.904  -22.655 1.0000000000
22734  -24.932  -59.315  -23.121 1.0000000000
22746  -26.703  -59.294  -23.740 1.0000000000
24518  -26.863  -57.403  -23.715 1.0000000000
130365  -14.917  -63.839  -15.342 0.6999999881
111053  -16.135  -63.389  -15.474 0.6999999881
121483  -18.346  -61.821  -15.754 1.0000000000
129449  -17.012  -62.568  -14.467 0.6999999881
112904  -17.754  -61.152  -14.775 0.6999999881
20107  -19.707  -60.610  -16.341 1.0000000000
20927  -10.090  -61.239  -15.960 0.8999999762
20119  -22.228  -60.220  -17.415 1.0000000000
20137  -22.984  -61.328  -18.041 1.0000000000
111074  -19.000  -61.066  -14.112 0.8000000119
20946  -23.629  -60.510  -17.653 1.0000000000
19369  -25.880  -62.794  -19.599 1.0000000000
19348  -24.847  -62.416  -19.570 1.0000000000
112086  -12.656  -61.025  -16.156 1.0000000000
116392  -12.181  -62.487  -16.120 1.0000000000
21768  -21.686  -59.849  -14.422 0.8000000119
20947  -24.793  -60.778  -17.730 0.8999999762
20138  -24.739  -61.194  -18.502 1.0000000000
20153  -25.347  -61.786  -19.050 1.0000000000
111118  -11.577  -61.669  -15.912 0.8999999762
20116  -14.229  -62.147  -16.610 1.0000000000
118451  -14.916  -62.405  -16.784 1.0000000000
20150  -15.966  -62.687  -17.813 1.0000000000
20108  -24.653  -60.703  -15.904 0.8999999762
111042  -25.457  -62.455  -17.175 0.8999999762
19422  -26.693  -63.942  -23.539 0.8000000119
117925  -10.285  -58.774  -16.587 0.8999999762
126466  -13.606  -60.933  -16.133 1.0000000000
20929  -14.496  -61.292  -16.250 1.0000000000
21790  -15.732  -60.813  -16.629 1.0000000000
20135  -15.616  -62.094  -16.947 1.0000000000
127268  -25.220  -64.734  -19.936 0.8000000119
19370  -25.998  -63.290  -19.703 1.0000000000
20228  -27.604  -62.084  -24.459 0.8999999762
113618  -9.934  -58.949  -17.277 0.8999999762
111125  -10.151  -59.308  -17.800 0.8999999762
21804  -16.743  -60.594  -17.853 1.0000000000
20958  -16.956  -61.361  -18.263 1.0000000000
20972  -17.406  -61.116  -19.245 1.0000000000
18645  -25.853  -64.839  -21.522 0.8000000119
114242  -28.362  -60.775  -24.694 0.8999999762
125545  -17.039  -60.557  -18.613 1.0000000000
127302  -25.156  -66.408  -21.563 0.6999999881
21889  -28.046  -59.883  -24.500 0.8999999762
21817  -17.242  -60.401  -19.238 1.0000000000
22760  -28.159  -59.071  -24.454 1.0000000000
21818  -17.615  -60.583  -19.833 1.0000000000
21831  -18.255  -60.745  -20.525 1.0000000000
22706  -18.575  -60.235  -21.082 1.0000000000
125074  -21.463  -59.654  -22.107 1.0000000000
22720  -20.319  -59.480  -21.691 1.0000000000
22731  -22.932  -58.932  -22.403 1.0000000000
130610  -23.421  -57.987  -22.205 1.0000000000
23644  -25.268  -58.554  -23.278 1.0000000000
23646  -27.041  -58.363  -23.826 1.0000000000
111060  -16.238  -63.205  -14.815 0.6999999881
117828  -16.643  -63.258  -15.509 0.6999999881
18548  -15.640  -63.827  -14.124 0.6999999881
111736  -16.252  -63.550  -13.964 0.6000000238
111849  -17.575  -61.804  -15.029 0.8000000119
111075  -18.062  -61.072  -15.376 1.0000000000
111076  -18.326  -60.353  -15.263 0.8000000119
20919  -19.078  -59.830  -16.226 1.0000000000
20118  -20.888  -59.853  -17.171 1.0000000000
21783  -22.767  -59.853  -16.203 1.0000000000
120910  -10.791  -60.229  -15.742 0.8999999762
20932  -24.023  -60.276  -16.705 0.8999999762
20139  -25.485  -61.377  -18.263 0.8999999762
21780  -12.920  -60.232  -16.009 0.8999999762
20930  -15.383  -61.354  -16.493 1.0000000000
21769  -22.857  -59.742  -14.851 0.8000000119
111946  -26.016  -63.133  -19.523 0.8999999762
18636  -25.893  -64.269  -20.861 0.8000000119
19409  -26.107  -64.147  -22.140 0.8000000119
129509  -25.989  -63.691  -22.271 0.8000000119
20229  -28.362  -62.227  -24.924 0.8000000119
22658  -13.686  -59.568  -16.158 0.8999999762
21782  -15.149  -60.627  -16.208 1.0000000000
20945  -16.022  -61.365  -16.971 1.0000000000
132647  -16.466  -61.177  -17.569 1.0000000000
130497  -24.325  -62.527  -16.069 0.8000000119
127269  -25.479  -65.344  -21.182 0.8000000119
21042  -29.335  -61.884  -25.306 0.8000000119
22673  -11.311  -59.401  -18.377 0.6999999881
23565  -14.240  -58.878  -16.616 0.8999999762
22666  -16.377  -59.878  -17.638 1.0000000000
128167  -16.909  -60.053  -18.172 1.0000000000
117143  -24.106  -64.092  -17.702 0.6000000238
113194  -24.049  -65.081  -18.957 0.6999999881
112200  -24.371  -65.422  -19.592 0.6999999881
127236  -27.062  -67.209  -24.448 0.6000000238
120551  -26.331  -65.294  -23.256 0.8000000119
131765  -9.996  -58.515  -17.773 0.8000000119
112429  -9.992  -57.853  -18.109 0.8000000119
22674  -12.638  -59.457  -18.806 0.6000000238
21890  -28.937  -60.155  -24.824 0.8999999762
22762  -29.628  -59.584  -24.861 0.8000000119
22730  -22.013  -58.984  -22.317 1.0000000000
111869  -31.060  -65.957  -25.678 0.5000000000
22690  -17.302  -59.890  -19.641 1.0000000000
22691  -17.848  -60.168  -20.411 1.0000000000
23635  -23.874  -57.830  -22.245 1.0000000000
23645  -26.191  -58.618  -23.537 1.0000000000
23660  -28.607  -58.538  -24.524 0.8999999762
22705  -18.240  -59.708  -21.053 1.0000000000
21844  -19.565  -60.024  -21.431 1.0000000000
121576  -26.394  -57.902  -23.568 1.0000000000
23659  -27.882  -58.440  -24.314 1.0000000000
24532  -28.335  -57.931  -24.412 1.0000000000
26190  -23.821  -56.449  -22.468 1.0000000000
128464  -26.013  -57.145  -23.456 1.0000000000
24516  -24.896  -56.341  -20.827 1.0000000000
123638  -11.633  -60.606  -15.827 0.8999999762
20920  -20.045  -59.659  -16.819 1.0000000000
111072  -20.767  -60.089  -14.073 0.8000000119
20931  -21.448  -59.679  -17.122 1.0000000000
21781  -14.203  -60.427  -16.070 1.0000000000
22657  -12.562  -59.372  -15.924 0.8999999762
18675  -27.311  -65.044  -24.869 0.8000000119
19444  -28.265  -64.197  -25.337 0.8000000119
23564  -12.995  -58.688  -16.225 0.8999999762
17975  -27.105  -65.765  -24.696 0.8000000119
18681  -29.091  -64.990  -25.765 0.8000000119
19446  -29.876  -63.482  -25.691 0.8000000119
21044  -30.912  -61.489  -25.510 0.8000000119
111128  -10.246  -57.147  -17.255 0.8999999762
111755  -27.429  -66.569  -24.954 0.6999999881
19437  -28.334  -63.221  -25.138 0.8000000119
21029  -29.139  -60.984  -25.051 0.8000000119
21891  -29.765  -60.439  -25.144 0.8000000119
111129  -10.706  -57.940  -18.700 0.6999999881
22664  -15.265  -59.112  -16.938 1.0000000000
22675  -16.686  -59.532  -18.345 1.0000000000
22676  -16.985  -59.955  -18.861 1.0000000000
111592  -24.592  -67.233  -21.103 0.5000000000
111130  -11.182  -57.501  -19.287 0.6000000238
22689  -16.874  -59.328  -19.097 1.0000000000
23661  -29.403  -58.713  -24.660 0.8999999762
22704  -17.629  -59.544  -20.456 1.0000000000
129208  -18.946  -59.696  -21.344 1.0000000000
23632  -21.769  -58.319  -22.327 1.0000000000
23633  -23.212  -58.100  -22.357 1.0000000000
118979  -25.542  -57.746  -23.338 1.0000000000
24533  -29.068  -57.789  -24.527 0.8999999762
22718  -18.869  -59.107  -21.385 1.0000000000
23622  -20.259  -58.713  -21.857 1.0000000000
24505  -23.880  -56.993  -22.246 1.0000000000
24531  -27.711  -57.561  -24.158 1.0000000000
122542  -28.439  -57.353  -24.364 1.0000000000
25375  -25.636  -56.292  -23.342 1.0000000000
25376  -27.333  -56.713  -23.857 1.0000000000
128840  -26.619  -56.598  -23.616 1.0000000000
25374  -25.063  -56.092  -21.434 1.0000000000
26199  -25.199  -55.976  -23.239 1.0000000000
20921  -21.257  -59.806  -15.988 0.8999999762
111052  -24.159  -60.706  -14.895 0.8000000119
111123  -11.420  -58.763  -15.975 0.8999999762
22665  -15.691  -60.001  -16.784 1.0000000000
118363  -24.572  -61.355  -15.635 0.8000000119
126772  -10.653  -57.872  -16.605 0.8999999762
23570  -12.038  -57.829  -16.355 0.8999999762
118650  -15.911  -59.327  -17.327 1.0000000000
111040  -23.278  -64.355  -16.907 0.6000000238
115073  -30.708  -66.523  -26.405 0.6999999881
18684  -31.134  -63.989  -25.327 0.6999999881
20238  -30.066  -62.618  -25.621 0.8000000119
21901  -31.239  -60.735  -25.309 0.8000000119
22775  -31.608  -60.071  -25.073 0.8000000119
23574  -16.254  -59.192  -17.883 1.0000000000
21043  -29.982  -61.241  -25.406 0.8000000119
22763  -31.255  -59.266  -24.906 0.8000000119
24456  -11.122  -57.134  -16.651 0.8999999762
131507  -10.195  -56.966  -18.645 0.8999999762
23583  -16.371  -58.766  -18.535 1.0000000000
23609  -18.102  -59.074  -21.123 1.0000000000
18677  -31.427  -64.341  -24.628 0.6000000238
22774  -30.619  -59.967  -25.128 0.8000000119
112443  -30.293  -58.996  -24.801 0.8000000119
25319  -10.151  -56.542  -17.893 0.8999999762
23582  -15.834  -58.123  -18.354 1.0000000000
23595  -17.174  -59.142  -19.906 1.0000000000
24493  -20.184  -57.934  -22.097 1.0000000000
24503  -20.165  -57.153  -22.283 1.0000000000
119766  -30.678  -57.528  -24.474 0.8999999762
111132  -11.647  -56.867  -20.440 0.5000000000
127469  -18.649  -58.533  -21.475 1.0000000000
23621  -19.443  -58.405  -21.729 1.0000000000
26188  -21.385  -55.982  -22.747 1.0000000000
119706  -29.786  -57.219  -24.456 0.8999999762
25361  -23.204  -56.864  -22.484 1.0000000000
26988  -23.422  -54.702  -23.367 1.0000000000
25394  -28.098  -56.739  -24.199 1.0000000000
25395  -28.967  -56.776  -24.381 0.8999999762
135236  -24.973  -56.197  -20.829 1.0000000000
134091  -27.738  -56.109  -23.963 1.0000000000
126797  -24.716  -56.341  -21.874 1.0000000000
119778  -27.044  -55.905  -23.678 1.0000000000
128178  -27.802  -55.323  -23.845 1.0000000000
19438  -31.499  -63.309  -24.726 0.6000000238
19448  -31.289  -62.859  -25.229 0.8000000119
21030  -32.274  -60.638  -24.443 0.8000000119
22765  -32.434  -59.839  -24.365 0.8000000119
23571  -13.575  -57.865  -16.777 0.8999999762
23573  -15.722  -58.631  -17.698 1.0000000000
132048  -31.957  -61.511  -24.675 0.6999999881
24534  -31.662  -57.816  -24.504 0.8000000119
25311  -11.042  -56.327  -17.047 0.8999999762
24458  -14.392  -57.433  -17.440 0.8999999762
23572  -14.816  -58.263  -17.201 0.8999999762
23608  -17.519  -58.932  -20.676 1.0000000000
111586  -26.269  -67.083  -23.785 0.6000000238
111005  -27.973  -67.219  -25.028 0.5000000000
23663  -31.891  -58.683  -24.691 0.8000000119
23662  -30.948  -58.395  -24.669 0.8000000119
25331  -10.324  -55.935  -18.623 0.8999999762
133945  -10.359  -56.344  -19.058 0.8000000119
23594  -16.669  -58.612  -19.491 1.0000000000
23607  -17.059  -58.338  -20.494 1.0000000000
25396  -30.420  -56.697  -24.299 0.8999999762
134395  -10.697  -55.775  -17.780 0.8999999762
111133  -11.019  -55.968  -20.152 0.5000000000
115485  -18.763  -57.848  -21.776 1.0000000000
119681  -19.524  -57.536  -22.067 1.0000000000
126986  -21.861  -56.750  -22.567 1.0000000000
126110  -20.792  -57.522  -22.321 1.0000000000
128229  -21.398  -57.274  -22.421 1.0000000000
26219  -29.283  -55.930  -24.202 0.8999999762
126414  -24.415  -54.892  -23.365 1.0000000000
26200  -26.290  -55.523  -23.514 1.0000000000
26202  -28.799  -55.204  -23.986 0.8999999762
26201  -27.022  -55.174  -23.635 1.0000000000
119226  -25.799  -54.828  -23.508 1.0000000000
119195  -26.610  -54.639  -23.567 1.0000000000
21003  -32.173  -61.491  -22.851 0.6999999881
21876  -32.594  -60.290  -23.791 0.6999999881
24457  -12.384  -57.034  -16.747 0.8999999762
24465  -16.134  -57.999  -19.065 1.0000000000
23664  -32.540  -59.015  -24.367 0.8000000119
21013  -31.921  -62.211  -23.215 0.6000000238
25398  -32.389  -57.238  -24.213 0.8000000119
131881  -10.557  -55.064  -18.892 0.8999999762
23620  -17.917  -58.267  -21.300 1.0000000000
25397  -31.374  -56.964  -24.265 0.8000000119
26221  -31.038  -56.140  -23.967 0.8000000119
26151  -10.930  -55.046  -18.155 0.8999999762
26162  -11.276  -54.281  -18.769 0.8000000119
111131  -10.465  -55.782  -19.339 0.6999999881
26161  -10.754  -54.760  -19.597 0.6000000238
26189  -22.480  -56.134  -22.810 1.0000000000
129025  -28.453  -56.001  -24.147 1.0000000000
26198  -24.034  -55.942  -22.962 1.0000000000
132504  -24.855  -55.289  -23.341 1.0000000000
24459  -15.234  -57.816  -17.901 0.8999999762
22722  -31.906  -59.896  -21.218 0.6000000238
23637  -33.020  -59.199  -22.402 0.6000000238
23625  -33.385  -57.905  -21.637 0.6000000238
115599  -13.514  -57.036  -17.109 0.8999999762
25313  -13.942  -56.634  -17.635 0.8999999762
116054  -16.422  -57.835  -19.974 1.0000000000
24491  -17.312  -57.580  -21.267 1.0000000000
25379  -33.441  -56.921  -23.375 0.6000000238
25322  -14.329  -56.226  -18.321 0.8999999762
24464  -15.526  -57.463  -18.633 0.8999999762
130108  -16.782  -57.577  -20.670 1.0000000000
24502  -19.579  -56.857  -22.242 1.0000000000
25359  -19.225  -56.267  -22.262 1.0000000000
23647  -33.028  -58.489  -23.782 0.6000000238
25364  -33.671  -55.735  -23.363 0.6000000238
25378  -33.046  -56.564  -23.869 0.6999999881
25320  -11.806  -55.569  -17.521 0.8999999762
25321  -13.256  -55.779  -17.788 0.8999999762
24463  -14.810  -57.051  -18.132 0.8999999762
25323  -15.108  -56.690  -18.873 0.8999999762
24492  -18.084  -57.306  -21.770 1.0000000000
25377  -32.107  -56.390  -23.878 0.8000000119
26204  -30.659  -55.331  -23.732 0.8000000119
26152  -12.290  -54.851  -18.016 0.8999999762
24469  -15.769  -57.135  -19.586 0.8999999762
25360  -20.007  -56.400  -22.412 1.0000000000
26187  -20.505  -55.846  -22.666 1.0000000000
26987  -22.449  -54.523  -23.372 1.0000000000
26950  -11.330  -54.040  -19.463 0.6999999881
26170  -11.273  -54.260  -19.953 0.6000000238
26173  -15.961  -55.876  -21.271 0.8999999762
26186  -19.671  -55.703  -22.563 1.0000000000
26195  -20.993  -55.221  -23.137 1.0000000000
26196  -21.935  -55.288  -23.168 1.0000000000
123144  -22.959  -53.799  -23.447 1.0000000000
127063  -25.243  -54.261  -23.491 1.0000000000
26991  -29.276  -54.455  -23.750 0.8999999762
26203  -29.722  -55.214  -23.928 0.8999999762
130643  -21.449  -52.830  -23.432 1.0000000000
122496  -22.215  -52.627  -23.429 1.0000000000
27798  -23.428  -53.245  -23.466 1.0000000000
128093  -25.447  -53.539  -23.525 1.0000000000
119078  -26.127  -53.898  -23.549 1.0000000000
26990  -28.271  -54.412  -23.759 0.8999999762
118108  -28.873  -53.691  -23.656 0.8999999762
120009  -27.384  -54.594  -23.657 1.0000000000
132778  -22.856  -52.400  -23.450 1.0000000000
27800  -25.115  -53.065  -23.529 1.0000000000
27802  -26.811  -53.316  -23.576 1.0000000000
126482  -27.437  -53.605  -23.606 0.8999999762
127348  -23.381  -51.875  -23.485 1.0000000000
119882  -27.593  -53.038  -23.587 1.0000000000
23610  -31.896  -58.716  -20.533 0.3000000119
132974  -32.243  -58.173  -20.466 0.4000000060
129667  -32.609  -57.597  -20.397 0.5000000000
22693  -31.128  -58.942  -20.049 0.3000000119
25351  -34.256  -56.083  -21.568 0.5000000000
121548  -34.354  -55.404  -22.431 0.6000000238
24482  -16.322  -57.071  -20.457 1.0000000000
25338  -16.328  -56.498  -20.981 0.8999999762
25347  -17.379  -56.752  -21.716 1.0000000000
26191  -34.246  -54.385  -23.059 0.6000000238
25332  -14.655  -55.854  -19.045 0.8999999762
25348  -18.289  -56.255  -21.990 1.0000000000
26185  -18.849  -55.571  -22.367 1.0000000000
26993  -32.374  -54.857  -23.272 0.6000000238
116633  -12.798  -54.253  -18.637 0.8999999762
24481  -15.740  -56.269  -20.355 0.8999999762
26178  -17.371  -55.831  -21.825 1.0000000000
26977  -19.287  -55.060  -22.875 1.0000000000
26992  -30.202  -54.519  -23.587 0.8999999762
26951  -12.049  -53.711  -19.292 0.8000000119
26164  -15.020  -55.521  -19.785 0.8999999762
26959  -11.845  -53.713  -19.835 0.6999999881
27771  -12.219  -53.288  -20.377 0.6000000238
27785  -12.573  -52.343  -21.498 0.6000000238
27795  -19.232  -53.595  -23.420 1.0000000000
29469  -21.713  -52.073  -23.418 1.0000000000
119883  -23.455  -52.615  -23.478 1.0000000000
27799  -24.280  -52.947  -23.501 1.0000000000
27801  -25.922  -52.945  -23.552 1.0000000000
119779  -28.441  -52.980  -23.589 0.8999999762
125613  -21.097  -50.781  -23.427 0.8999999762
28682  -26.851  -52.416  -23.538 1.0000000000
25336  -32.409  -56.492  -19.610 0.3000000119
25339  -33.428  -55.542  -19.787 0.4000000060
26179  -34.470  -55.008  -22.178 0.5000000000
26979  -32.106  -54.520  -22.888 0.5000000000
26163  -14.123  -54.844  -19.156 0.8999999762
27804  -30.592  -53.780  -23.258 0.8000000119
132124  -31.269  -53.924  -22.981 0.6999999881
26171  -14.522  -54.476  -19.946 0.8999999762
26172  -15.345  -55.271  -20.694 0.8999999762
26176  -15.625  -55.010  -21.416 0.8999999762
26968  -17.223  -54.969  -21.941 1.0000000000
26184  -18.047  -55.322  -22.121 1.0000000000
26976  -18.501  -54.956  -22.631 1.0000000000
27796  -20.180  -53.649  -23.436 1.0000000000
117613  -29.733  -53.737  -23.503 0.8999999762
26960  -12.603  -53.034  -19.805 0.6999999881
27778  -12.709  -52.557  -20.337 0.6000000238
28678  -18.494  -52.967  -23.500 1.0000000000
119084  -20.185  -52.247  -23.442 1.0000000000
125450  -29.280  -52.995  -23.503 0.8000000119
28681  -22.541  -51.790  -23.437 1.0000000000
29468  -20.588  -51.545  -23.440 1.0000000000
130333  -21.866  -51.278  -23.415 1.0000000000
119165  -25.136  -52.281  -23.547 1.0000000000
119074  -25.659  -51.474  -23.522 1.0000000000
28683  -27.894  -52.300  -23.524 0.8000000119
27789  -30.905  -53.099  -22.821 0.6999999881
26967  -16.239  -54.580  -21.839 0.8999999762
27788  -18.175  -54.428  -23.068 1.0000000000
26983  -18.883  -54.397  -23.247 1.0000000000
27803  -30.088  -53.021  -23.262 0.6999999881
28685  -29.591  -52.340  -23.275 0.6999999881
26965  -14.271  -53.295  -20.750 0.8000000119
26966  -15.174  -53.848  -21.447 0.8999999762
27793  -16.933  -52.785  -23.540 0.8999999762
29473  -28.343  -51.549  -23.414 0.8000000119
27779  -13.115  -52.324  -20.307 0.6999999881
28665  -12.865  -51.963  -20.665 0.6000000238
111154  -12.832  -50.949  -21.921 0.6000000238
111162  -12.944  -49.696  -22.964 0.5000000000
119085  -19.226  -52.337  -23.492 1.0000000000
122585  -20.151  -50.794  -23.492 0.8000000119
29470  -22.671  -50.878  -23.450 1.0000000000
129197  -23.222  -51.259  -23.484 1.0000000000
124189  -20.488  -50.024  -23.504 0.8000000119
26975  -17.753  -54.703  -22.427 1.0000000000
26952  -13.323  -53.761  -19.331 0.8999999762
26961  -13.773  -53.404  -20.061 0.8999999762
26974  -16.886  -54.317  -22.300 1.0000000000
27786  -16.339  -53.441  -22.576 0.8999999762
27787  -17.382  -53.974  -23.219 1.0000000000
27794  -18.312  -53.805  -23.406 1.0000000000
28679  -19.792  -52.941  -23.443 1.0000000000
111170  -15.091  -52.635  -21.792 0.8000000119
115310  -17.658  -53.314  -23.523 0.8999999762
29472  -27.382  -51.582  -23.472 0.6999999881
28666  -13.011  -51.489  -20.777 0.6000000238
27780  -14.083  -52.476  -21.002 0.8999999762
29466  -18.732  -51.552  -23.584 0.8999999762
29467  -19.717  -51.548  -23.488 0.8999999762
30333  -25.364  -50.669  -23.521 0.8999999762
30325  -12.987  -49.026  -23.017 0.6000000238
122586  -19.250  -50.818  -23.566 0.8000000119
31233  -18.825  -49.441  -23.808 0.8000000119
31235  -20.588  -49.198  -23.583 0.8000000119
126481  -26.989  -50.937  -23.441 0.6999999881
121885  -15.032  -48.794  -22.907 0.6999999881
30328  -16.883  -49.678  -23.717 0.6999999881
125175  -22.829  -50.028  -23.471 0.8999999762
118876  -26.502  -51.564  -23.483 0.8999999762
133784  -16.043  -53.726  -21.935 0.8999999762
28667  -13.733  -51.550  -21.235 0.8000000119
118701  -18.295  -52.212  -23.588 0.8999999762
122587  -18.279  -50.805  -23.698 0.8000000119
31236  -21.302  -49.799  -23.466 0.8999999762
124753  -21.490  -48.966  -23.553 0.8000000119
124188  -22.972  -49.077  -23.531 0.8999999762
30334  -26.262  -50.775  -23.465 0.8999999762
118426  -27.879  -50.699  -23.366 0.6999999881
28673  -12.996  -50.708  -21.331 0.6000000238
111169  -14.109  -51.174  -21.644 0.8000000119
111656  -15.037  -51.226  -22.448 0.8000000119
115050  -13.060  -49.380  -22.510 0.6999999881
29465  -17.443  -51.584  -23.672 0.8000000119
30330  -18.828  -50.219  -23.700 0.8000000119
31237  -23.668  -49.776  -23.534 0.8999999762
30327  -14.594  -49.463  -22.608 0.6999999881
30329  -17.997  -50.012  -23.856 0.8000000119
122584  -24.469  -49.517  -23.523 0.8000000119
130180  -26.047  -50.012  -23.471 0.8999999762
28677  -17.385  -52.590  -23.626 0.8999999762
111767  -16.188  -51.986  -23.353 0.8000000119
29464  -16.156  -50.831  -23.389 0.8000000119
122574  -17.209  -50.568  -23.709 0.8000000119
33082  -19.468  -47.861  -24.016 0.8000000119
32145  -20.913  -48.354  -23.686 0.8000000119
124187  -23.892  -48.970  -23.546 0.8000000119
30335  -27.022  -50.122  -23.413 0.6999999881
33096  -18.741  -47.080  -24.204 0.8000000119
122583  -25.200  -49.869  -23.504 0.8000000119
33084  -21.219  -47.578  -23.886 0.6999999881
124074  -23.463  -48.251  -23.589 0.5000000000
134910  -22.201  -48.787  -23.555 0.6000000238
111167  -14.550  -50.226  -22.390 0.6999999881
33097  -19.766  -47.107  -24.232 0.6999999881
34019  -19.202  -46.405  -24.377 0.6000000238
33098  -20.619  -46.974  -24.218 0.6000000238
32146  -22.606  -48.191  -23.604 0.5000000000
32147  -24.332  -48.241  -23.540 0.6000000238
121299  -22.135  -47.341  -23.796 0.5000000000
33085  -23.978  -47.447  -23.623 0.5000000000
34021  -20.844  -46.165  -24.434 0.5000000000
131797  -21.091  -45.379  -24.563 0.4000000060
34020  -20.005  -46.282  -24.430 0.6000000238
133860  -22.061  -46.560  -24.154 0.5000000000
34986  -20.223  -45.431  -24.576 0.5000000000
34022  -22.364  -45.954  -24.297 0.4000000060
36020  -21.398  -44.566  -24.628 0.3000000119
2160  -16.282  -88.466  -26.811 0.6999999881
2141  -12.026  -90.938  -26.600 0.8999999762
2988  -12.745  -86.400  -27.057 1.0000000000
127255  -15.245  -90.005  -31.717 1.0000000000
522  -25.261  -92.904  -35.986 0.5000000000
2962  -12.053  -86.013  -25.028 1.0000000000
3429  -13.038  -84.980  -25.962 1.0000000000
3002  -17.035  -86.268  -27.918 1.0000000000
2198  -18.250  -88.624  -30.179 1.0000000000
1061  -20.869  -91.053  -32.887 0.8999999762
1121  -22.184  -92.192  -39.865 0.8999999762
121968  -12.817  -79.912  -19.661 0.6000000238
1090  -22.937  -91.578  -35.846 0.8999999762
4835  -12.649  -82.621  -21.910 1.0000000000
3473  -18.757  -86.014  -27.999 1.0000000000
114543  -24.974  -89.875  -41.332 0.8000000119
6698  -16.124  -78.913  -22.090 1.0000000000
6017  -10.858  -80.584  -20.601 0.8999999762
3554  -21.495  -85.121  -36.564 0.8999999762
1098  -24.639  -90.244  -37.146 0.8999999762
7380  -18.242  -78.698  -21.942 1.0000000000
4360  -20.427  -83.462  -26.468 1.0000000000
3528  -21.448  -85.389  -34.553 0.8999999762
8050  -17.266  -77.142  -21.633 1.0000000000
6695  -10.747  -79.886  -23.678 1.0000000000
6704  -22.592  -79.195  -23.120 1.0000000000
120438  -16.478  -78.706  -26.502 1.0000000000
5513  -21.945  -81.001  -30.478 1.0000000000
6735  -25.024  -79.289  -25.344 1.0000000000
10295  -20.611  -74.480  -24.097 1.0000000000
127222  -21.290  -74.800  -23.634 1.0000000000
10320  -11.544  -74.423  -25.120 1.0000000000
119888  -20.384  -74.803  -26.625 1.0000000000
134012  -21.049  -74.745  -26.576 1.0000000000
9527  -14.814  -75.809  -26.015 1.0000000000
10330  -18.704  -74.798  -26.644 1.0000000000
10281  -25.275  -74.772  -23.220 1.0000000000
10331  -19.571  -74.808  -26.660 1.0000000000
126480  -21.559  -74.197  -26.737 1.0000000000
11170  -24.674  -73.221  -26.246 1.0000000000
11122  -11.313  -72.690  -22.814 0.8000000119
12000  -13.545  -71.949  -24.217 1.0000000000
12971  -17.724  -71.793  -26.325 1.0000000000
10250  -19.045  -74.210  -20.952 1.0000000000
111016  -20.696  -72.942  -18.657 1.0000000000
13835  -14.840  -70.981  -26.081 1.0000000000
12956  -15.443  -71.422  -26.269 1.0000000000
12957  -16.319  -71.297  -26.154 1.0000000000
12959  -18.060  -71.217  -25.883 1.0000000000
10225  -18.834  -74.671  -18.090 1.0000000000
132604  -16.388  -72.206  -21.049 1.0000000000
10239  -18.936  -74.575  -19.941 1.0000000000
13793  -20.682  -70.378  -23.384 1.0000000000
13821  -17.461  -70.821  -25.427 1.0000000000
13806  -18.621  -70.599  -24.430 1.0000000000
120135  -21.075  -70.605  -24.660 1.0000000000
13723  -18.500  -70.799  -15.940 1.0000000000
15696  -12.341  -68.826  -33.071 0.6000000238
12820  -12.081  -69.565  -17.049 0.8000000119
12804  -12.267  -69.542  -16.530 0.8000000119
20210  -11.216  -60.949  -22.891 0.8000000119
131143  -12.834  -67.398  -14.686 0.8000000119
112396  -16.258  -65.911  -15.105 0.8999999762
111048  -16.248  -64.331  -15.833 0.8999999762
23636  -24.477  -58.383  -22.834 1.0000000000
19400  -25.957  -63.879  -21.442 0.8000000119
111119  -10.562  -60.991  -15.746 0.8999999762
23634  -23.763  -58.026  -21.366 1.0000000000
18666  -27.169  -64.200  -24.370 0.8000000119
22659  -14.768  -59.776  -16.378 1.0000000000
22719  -19.609  -59.222  -21.549 1.0000000000
24506  -24.340  -57.385  -20.738 1.0000000000
130150  -24.196  -57.615  -20.830 1.0000000000
20918  -18.706  -60.237  -15.599 0.8999999762
111086  -19.598  -60.360  -14.588 0.8000000119
20922  -23.930  -59.969  -15.287 0.8999999762
127299  -25.786  -67.089  -23.133 0.6999999881
24494  -20.873  -58.243  -22.215 1.0000000000
25362  -24.310  -56.446  -21.029 1.0000000000
111065  -18.219  -61.752  -13.822 0.6999999881
20239  -30.931  -62.378  -25.570 0.8000000119
111881  -25.490  -66.719  -22.386 0.6000000238
26220  -30.116  -55.948  -24.129 0.8999999762
26197  -23.020  -55.508  -23.098 1.0000000000
22723  -32.568  -59.451  -21.663 0.6000000238
117588  -32.843  -59.845  -23.052 0.6000000238
20992  -31.624  -61.504  -21.370 0.4000000060
22748  -32.807  -59.416  -23.819 0.6999999881
25312  -12.747  -56.348  -17.221 0.8999999762
125434  -22.054  -53.552  -23.435 1.0000000000
22708  -32.288  -59.099  -21.086 0.5000000000
123899  -32.966  -55.755  -23.784 0.6000000238
128807  -16.793  -56.990  -21.197 1.0000000000
26985  -20.599  -54.422  -23.364 1.0000000000
23611  -32.799  -58.188  -20.929 0.5000000000
23596  -31.546  -58.139  -20.067 0.3000000119
119306  -24.171  -52.046  -23.533 1.0000000000
28686  -30.287  -52.374  -22.925 0.6000000238
30331  -19.642  -50.013  -23.615 0.8000000119
30332  -23.469  -50.595  -23.510 1.0000000000
127630  -21.988  -50.379  -23.431 0.8999999762
33081  -18.495  -47.938  -23.986 0.6999999881
119033  -29.193  -51.633  -23.275 0.6000000238
121241  -24.397  -50.443  -23.549 0.8999999762
128382  -24.588  -48.855  -23.507 0.6000000238
32148  -25.244  -49.095  -23.464 0.6999999881
122582  -26.608  -49.329  -23.437 0.6999999881
123344  -21.611  -46.033  -24.394 0.6000000238
1719  -16.323  -89.100  -27.271 0.6999999881
1731  -16.202  -89.537  -27.810 0.8000000119
1031  -15.844  -91.235  -27.724 0.8000000119
733  -14.359  -91.896  -30.181 0.8999999762
115252  -14.324  -92.516  -29.427 0.8000000119
726  -13.390  -93.620  -28.834 0.8000000119
463  -13.409  -94.402  -27.493 0.8000000119
114705  -13.104  -94.090  -29.709 0.8000000119
133857  -14.523  -96.055  -29.456 0.6000000238
3358  -12.845  -85.826  -17.615 0.8000000119
13015  -11.063  -71.589  -30.929 0.6999999881
133010  -12.745  -65.985  -27.830 0.6000000238
16474  -12.420  -66.598  -28.278 0.6999999881
20194  -10.981  -60.746  -22.156 0.8000000119
19404  -11.564  -61.139  -22.536 0.5000000000
20180  -10.958  -61.250  -20.149 0.8000000119
19394  -11.180  -60.802  -21.474 0.8000000119
20957  -11.661  -60.692  -18.766 0.8000000119
21802  -10.912  -60.158  -18.253 0.8000000119
21803  -12.221  -60.155  -18.565 0.6999999881
111077  -15.481  -64.413  -13.475 0.6999999881
23580  -11.713  -58.726  -18.680 0.6000000238
23581  -12.779  -58.801  -19.155 0.6000000238
23592  -13.616  -58.765  -19.686 0.5000000000
19329  -25.824  -62.111  -18.011 0.8999999762
130300  -11.860  -58.208  -19.047 0.6000000238
130009  -11.706  -57.326  -19.914 0.5000000000
19282  -16.842  -63.047  -13.935 0.6999999881
111030  -25.693  -63.982  -19.514 0.8000000119
17964  -26.624  -66.183  -24.096 0.6999999881
111142  -12.365  -53.393  -21.874 0.6000000238
116063  -22.794  -53.051  -23.451 1.0000000000
27790  -31.758  -53.886  -22.502 0.4000000060
119075  -24.772  -51.364  -23.554 1.0000000000
30326  -13.403  -48.663  -22.661 0.6000000238
31231  -16.583  -48.806  -23.775 0.6999999881
111161  -12.841  -49.938  -22.045 0.6000000238
30336  -28.874  -50.855  -23.198 0.6000000238
113877  -13.163  -49.931  -21.597 0.6999999881
30314  -28.664  -50.060  -23.101 0.6000000238
124186  -25.201  -48.352  -23.460 0.6000000238
32149  -26.085  -48.635  -23.440 0.6000000238
34985  -19.118  -45.409  -24.554 0.5000000000
34010  -23.574  -46.626  -23.784 0.5000000000
34987  -21.902  -45.302  -24.484 0.3000000119
16466  -12.170  -66.606  -27.645 0.6999999881
34018  -18.098  -45.906  -24.277 0.5000000000
469  -13.468  -93.835  -28.045 0.8000000119
255  -13.312  -95.098  -28.435 0.8000000119
250  -13.385  -95.160  -27.710 0.8000000119
109  -13.441  -95.005  -29.540 0.8000000119
92  -13.608  -95.696  -27.477 0.6999999881
99  -13.911  -95.993  -28.458 0.6999999881
478  -12.901  -93.386  -30.665 0.8000000119
477  -12.090  -92.727  -31.050 0.8999999762
117  -15.165  -95.215  -31.381 0.8000000119
118  -15.986  -95.601  -31.321 0.8000000119
111  -15.448  -95.835  -30.574 0.6999999881
274  -14.206  -94.569  -31.214 0.8000000119
2547  -15.854  -87.110  -26.230 0.6999999881
2143  -16.525  -87.748  -26.183 0.6000000238
1730  -15.599  -89.588  -28.193 1.0000000000
1350  -16.184  -90.888  -26.792 0.8000000119
1358  -16.213  -90.253  -27.870 0.8000000119
37  -16.000  -97.190  -29.139 0.6000000238
55  -16.518  -96.064  -30.860 0.6999999881
134838  -15.383  -96.810  -29.058 0.6000000238
47  -17.957  -96.719  -30.471 0.6999999881
131927  -18.187  -97.388  -29.167 0.5000000000
117128  -18.001  -95.839  -32.255 0.6999999881
141  -16.859  -95.288  -33.511 0.8000000119
2545  -13.473  -88.974  -26.162 0.8999999762
2518  -13.036  -88.893  -22.959 0.8000000119
1729  -14.180  -89.961  -28.454 1.0000000000
1745  -13.248  -90.211  -29.323 1.0000000000
27  -14.822  -96.570  -27.985 0.6000000238
57  -18.256  -96.122  -31.113 0.6999999881
121  -19.628  -95.700  -31.537 0.6999999881
495  -13.467  -93.718  -34.248 1.0000000000
294  -16.198  -94.823  -35.392 0.8999999762
284  -15.409  -94.639  -34.230 0.8999999762
501  -14.786  -93.906  -35.603 1.0000000000
131  -17.545  -95.582  -32.788 0.8000000119
155  -18.540  -95.227  -35.139 0.8000000119
2902  -13.367  -86.945  -17.754 0.8000000119
3359  -13.967  -86.007  -18.195 0.6000000238
2924  -14.673  -86.885  -19.563 0.6999999881
2909  -13.960  -87.369  -18.660 0.8999999762
1678  -12.053  -90.538  -22.772 0.8999999762
110943  -12.131  -89.956  -29.488 1.0000000000
125093  -11.218  -90.489  -30.399 1.0000000000
49  -20.678  -96.115  -30.077 0.6000000238
113  -20.726  -95.840  -30.777 0.6000000238
280  -15.145  -94.666  -33.217 0.8000000119
134  -20.217  -95.614  -32.189 0.6000000238
135  -21.556  -95.711  -32.347 0.6000000238
161  -18.528  -94.925  -36.363 0.8000000119
162  -20.282  -95.211  -35.408 0.6999999881
166  -20.469  -94.965  -36.311 0.8000000119
2505  -13.164  -88.181  -20.912 0.8999999762
719  -15.122  -92.275  -27.736 0.8000000119
773  -14.730  -92.490  -35.415 1.0000000000
510  -16.954  -93.908  -36.450 1.0000000000
160  -17.717  -94.942  -35.964 0.8999999762
157  -20.888  -95.363  -34.632 0.6999999881
316  -22.847  -94.471  -36.707 0.8000000119
164  -21.892  -95.098  -35.283 0.6999999881
319  -19.316  -94.270  -37.660 0.8999999762
313  -19.754  -94.589  -37.196 0.8999999762
314  -20.654  -94.577  -37.210 0.8999999762
2483  -11.839  -88.782  -19.074 0.8999999762
2901  -12.318  -87.424  -17.663 0.8999999762
2100  -11.085  -89.254  -20.663 0.8999999762
2498  -12.401  -89.034  -19.913 0.8999999762
2168  -12.233  -89.745  -28.444 1.0000000000
2156  -11.484  -90.589  -27.731 1.0000000000
118120  -12.631  -88.287  -28.372 1.0000000000
2155  -10.743  -90.189  -27.593 1.0000000000
2544  -10.737  -89.375  -27.378 1.0000000000
2169  -12.672  -89.907  -28.472 1.0000000000
2582  -13.140  -88.297  -29.438 1.0000000000
1327  -11.240  -90.903  -25.150 0.8999999762
2184  -12.551  -89.453  -29.240 1.0000000000
2517  -11.170  -88.635  -23.691 0.8999999762
124494  -10.814  -89.043  -21.602 0.8999999762
125680  -11.505  -89.184  -31.164 1.0000000000
110938  -11.055  -90.124  -31.098 1.0000000000
111649  -15.592  -89.735  -31.076 1.0000000000
111916  -12.052  -90.355  -32.855 1.0000000000
127256  -13.986  -89.478  -32.018 1.0000000000
3514  -13.691  -85.935  -33.152 0.6000000238
110949  -12.908  -85.350  -30.773 0.5000000000
127217  -14.950  -84.505  -31.155 0.6999999881
3504  -15.604  -85.121  -32.770 0.6999999881
1070  -13.683  -91.281  -34.428 1.0000000000
3046  -15.461  -86.199  -33.918 0.8000000119
3516  -16.063  -85.598  -33.404 0.8000000119
3060  -17.392  -86.952  -34.458 0.8000000119
2620  -16.739  -87.346  -34.588 0.8000000119
3061  -18.226  -86.522  -34.706 0.8999999762
511  -24.890  -93.372  -35.381 0.6000000238
521  -24.546  -93.630  -36.388 0.6999999881
530  -24.436  -94.172  -38.492 0.8000000119
115463  -23.708  -94.116  -39.901 0.8000000119
4285  -12.944  -83.967  -17.921 0.6999999881
130774  -12.344  -86.541  -17.423 0.8999999762
2908  -11.155  -87.205  -18.528 0.8999999762
3356  -11.594  -85.221  -17.701 0.8999999762
2512  -13.124  -88.495  -21.857 0.8999999762
2928  -10.555  -87.455  -20.607 0.8999999762
2936  -10.665  -87.097  -21.737 0.8999999762
1081  -14.293  -91.851  -35.003 1.0000000000
764  -15.444  -91.803  -34.726 1.0000000000
754  -16.984  -92.678  -32.315 1.0000000000
120616  -19.869  -92.637  -35.123 0.8999999762
784  -17.971  -92.607  -36.322 0.8999999762
783  -16.900  -93.125  -36.160 1.0000000000
3045  -14.221  -86.440  -33.771 0.6999999881
3058  -14.751  -87.101  -34.366 0.8000000119
794  -17.722  -93.441  -36.691 1.0000000000
2618  -12.567  -88.740  -34.081 0.5000000000
3057  -13.359  -87.522  -33.969 0.5000000000
2632  -16.543  -88.138  -35.122 0.6000000238
2267  -19.344  -88.857  -38.666 0.8000000119
131017  -19.433  -93.147  -37.772 0.8999999762
829  -25.579  -93.038  -42.187 0.8000000119
1460  -24.387  -92.041  -43.018 0.8000000119
825  -24.962  -93.371  -41.753 0.8000000119
133966  -26.484  -92.918  -39.708 0.6999999881
1129  -26.797  -92.408  -40.836 0.6999999881
119455  -26.259  -93.222  -40.599 0.6999999881
132444  -12.023  -82.264  -17.607 0.8000000119
3837  -12.222  -84.750  -17.396 0.8000000119
2533  -10.936  -89.095  -25.290 0.8999999762
118421  -10.977  -88.489  -26.253 1.0000000000
3441  -12.264  -86.022  -26.388 1.0000000000
2945  -11.143  -87.322  -23.424 1.0000000000
127297  -16.059  -90.587  -31.330 1.0000000000
1055  -17.043  -91.809  -31.310 1.0000000000
741  -16.645  -92.263  -31.791 1.0000000000
786  -20.248  -92.396  -35.821 0.8999999762
796  -19.166  -92.636  -37.242 0.8999999762
1103  -21.336  -91.955  -38.229 0.8999999762
2233  -16.118  -88.849  -35.802 0.5000000000
1785  -15.271  -89.707  -37.534 0.5000000000
1786  -16.488  -89.757  -36.958 0.5000000000
2257  -17.692  -89.780  -36.871 0.6000000238
2268  -20.160  -88.350  -39.111 0.6999999881
127587  -26.404  -92.509  -38.897 0.5000000000
1127  -23.208  -92.203  -41.072 0.8000000119
2946  -11.545  -86.735  -24.266 1.0000000000
3428  -12.345  -85.503  -25.975 1.0000000000
3456  -14.648  -85.537  -27.533 1.0000000000
1379  -18.465  -90.847  -31.265 0.8999999762
132122  -21.401  -92.011  -36.377 0.8999999762
1802  -17.289  -90.568  -38.980 0.5000000000
2275  -20.275  -88.947  -39.804 0.6999999881
1122  -22.808  -91.800  -40.152 0.8999999762
1825  -20.275  -90.287  -41.559 0.6999999881
133901  -17.524  -91.008  -40.269 0.5000000000
119910  -25.915  -92.446  -43.094 0.6999999881
3907  -14.238  -83.849  -26.314 1.0000000000
3896  -13.616  -84.535  -25.594 1.0000000000
3444  -15.223  -84.943  -26.948 1.0000000000
1750  -18.614  -89.192  -30.644 1.0000000000
1058  -19.615  -91.558  -32.044 0.8999999762
4801  -10.842  -82.346  -17.921 0.8000000119
6697  -15.176  -78.845  -22.327 1.0000000000
124848  -11.103  -83.041  -18.634 0.8999999762
117369  -16.009  -81.151  -22.304 1.0000000000
6027  -14.160  -80.941  -22.858 1.0000000000
117872  -17.005  -84.599  -26.512 1.0000000000
3881  -12.465  -85.228  -23.185 1.0000000000
3461  -19.186  -85.415  -27.598 1.0000000000
110966  -14.459  -83.223  -27.435 0.6999999881
110973  -15.321  -82.785  -28.218 0.6999999881
5486  -15.313  -81.595  -27.395 0.6999999881
2201  -19.676  -88.319  -30.760 0.8999999762
111775  -14.835  -83.332  -28.713 0.6999999881
4960  -19.224  -82.764  -33.008 0.8999999762
4440  -20.314  -83.580  -34.028 0.8999999762
3538  -18.951  -85.730  -34.935 0.8999999762
3552  -20.354  -85.280  -36.242 0.8999999762
3553  -21.028  -85.097  -36.767 0.8999999762
2622  -22.572  -87.610  -35.239 0.8999999762
2647  -22.940  -87.124  -37.011 0.8999999762
1091  -23.738  -91.046  -36.013 0.8999999762
2675  -23.289  -88.094  -38.822 0.8000000119
1106  -24.382  -90.822  -37.939 0.8999999762
2674  -22.317  -87.979  -39.109 0.8000000119
2269  -24.242  -88.405  -38.516 0.8000000119
2277  -22.942  -88.281  -39.789 0.8000000119
1841  -24.921  -89.346  -41.067 0.8000000119
1128  -23.943  -91.555  -41.450 0.8000000119
2296  -24.639  -88.917  -41.373 0.8000000119
1839  -19.630  -90.958  -42.265 0.5000000000
1853  -21.531  -89.627  -42.288 0.6000000238
1461  -24.641  -90.909  -42.638 0.8000000119
119026  -25.025  -91.210  -43.359 0.6999999881
1840  -20.481  -90.703  -42.483 0.5000000000
2303  -22.245  -89.322  -42.859 0.6999999881
2304  -23.433  -88.879  -42.730 0.6999999881
2311  -24.485  -89.607  -43.744 0.6000000238
122687  -25.081  -90.791  -43.990 0.6000000238
1867  -24.081  -89.488  -44.409 0.5000000000
5987  -10.836  -79.878  -19.312 0.8000000119
5384  -10.710  -81.522  -18.368 0.8000000119
6029  -16.429  -80.431  -22.244 1.0000000000
5410  -11.680  -81.444  -20.941 0.8999999762
5422  -11.951  -81.739  -23.285 1.0000000000
4325  -15.234  -83.316  -22.331 1.0000000000
4344  -15.893  -83.041  -25.694 1.0000000000
3910  -18.194  -84.519  -26.445 1.0000000000
3475  -20.114  -85.298  -28.864 1.0000000000
3922  -20.404  -84.343  -27.636 1.0000000000
2202  -20.133  -88.491  -31.263 0.8999999762
115211  -20.823  -84.495  -33.640 0.8999999762
4429  -20.643  -83.509  -33.469 0.8999999762
124990  -22.963  -88.647  -35.122 0.8999999762
7346  -11.211  -78.276  -20.147 0.6000000238
6002  -10.584  -80.229  -19.569 0.8000000119
8049  -16.402  -77.211  -21.904 1.0000000000
7393  -13.501  -78.326  -24.281 1.0000000000
5428  -17.932  -80.932  -22.634 1.0000000000
6032  -19.155  -79.778  -22.545 1.0000000000
5447  -19.777  -82.030  -24.020 1.0000000000
5440  -20.126  -81.327  -23.777 1.0000000000
4329  -15.448  -83.352  -23.149 1.0000000000
4862  -15.886  -82.610  -23.993 1.0000000000
4873  -18.815  -83.170  -24.937 1.0000000000
4866  -19.323  -82.645  -24.454 1.0000000000
7357  -10.924  -77.958  -20.754 0.6999999881
8052  -19.083  -77.256  -21.589 1.0000000000
6702  -20.856  -79.347  -22.668 1.0000000000
6042  -20.368  -80.650  -23.494 1.0000000000
6053  -20.969  -81.215  -23.901 1.0000000000
4876  -21.471  -81.882  -26.110 1.0000000000
4874  -19.747  -83.140  -25.046 1.0000000000
4381  -20.745  -84.042  -28.511 1.0000000000
6136  -19.029  -80.468  -31.498 1.0000000000
6724  -23.154  -79.823  -24.528 1.0000000000
8165  -21.277  -77.854  -30.241 1.0000000000
6818  -21.088  -80.025  -32.107 1.0000000000
129872  -21.456  -81.097  -32.117 1.0000000000
8756  -11.252  -76.016  -20.483 0.6000000238
8091  -12.070  -76.921  -25.574 1.0000000000
121830  -18.573  -77.379  -25.958 1.0000000000
6742  -16.073  -79.538  -26.494 1.0000000000
116135  -11.334  -75.697  -19.151 0.5000000000
112690  -10.925  -77.463  -24.787 1.0000000000
9519  -14.107  -75.476  -25.527 1.0000000000
8767  -21.717  -76.756  -21.515 1.0000000000
9495  -26.104  -75.825  -23.583 1.0000000000
8094  -25.974  -77.361  -25.000 1.0000000000
8810  -25.731  -76.534  -25.571 1.0000000000
7424  -25.254  -78.522  -26.337 1.0000000000
8825  -21.479  -76.862  -25.826 1.0000000000
8827  -23.570  -76.339  -25.920 1.0000000000
114744  -25.372  -75.927  -25.716 1.0000000000
8121  -24.400  -77.414  -27.550 1.0000000000
8120  -23.659  -77.233  -27.781 1.0000000000
6762  -23.879  -79.857  -27.617 1.0000000000
6792  -22.790  -79.896  -29.757 1.0000000000
7419  -15.744  -78.653  -26.725 1.0000000000
9446  -11.628  -75.573  -20.143 0.6000000238
9465  -12.876  -75.537  -22.202 0.6000000238
10308  -14.240  -74.455  -25.155 1.0000000000
10322  -13.182  -74.500  -25.231 1.0000000000
8118  -21.727  -77.598  -26.897 1.0000000000
8135  -22.975  -77.337  -28.435 1.0000000000
9457  -12.767  -75.598  -21.235 0.6000000238
11148  -14.433  -73.432  -24.764 1.0000000000
10294  -11.749  -74.407  -23.948 0.8000000119
11156  -12.418  -73.856  -25.329 1.0000000000
9533  -23.257  -75.582  -25.883 1.0000000000
126721  -24.149  -74.807  -26.032 1.0000000000
123732  -23.360  -74.482  -26.356 1.0000000000
130099  -26.019  -74.325  -24.051 1.0000000000
111816  -26.327  -73.653  -24.948 1.0000000000
10332  -22.472  -74.626  -26.445 1.0000000000
10334  -25.001  -73.988  -26.125 1.0000000000
11169  -23.726  -73.001  -26.593 1.0000000000
111760  -26.001  -72.928  -25.112 1.0000000000
128257  -18.674  -73.286  -26.670 1.0000000000
10276  -12.580  -74.561  -23.187 0.8000000119
12015  -15.163  -72.736  -24.298 1.0000000000
11134  -11.328  -73.161  -24.109 1.0000000000
12021  -12.231  -73.233  -25.202 1.0000000000
12013  -13.168  -72.733  -24.754 1.0000000000
121391  -19.444  -73.233  -22.779 1.0000000000
12011  -11.468  -72.797  -24.437 1.0000000000
11998  -11.226  -72.280  -23.553 1.0000000000
12945  -12.647  -71.454  -23.814 1.0000000000
11981  -16.804  -72.402  -21.770 1.0000000000
10280  -23.613  -74.540  -21.936 1.0000000000
120925  -17.412  -74.237  -26.602 1.0000000000
127210  -25.931  -72.526  -24.247 1.0000000000
11167  -21.348  -73.311  -27.068 1.0000000000
127244  -25.541  -71.583  -24.310 1.0000000000
110993  -25.377  -72.039  -25.353 1.0000000000
13809  -22.007  -70.504  -24.141 1.0000000000
10207  -19.802  -74.361  -18.203 1.0000000000
11970  -16.992  -72.668  -20.850 1.0000000000
10264  -21.756  -74.755  -20.889 1.0000000000
110982  -20.491  -74.766  -20.857 1.0000000000
111923  -22.777  -73.769  -20.648 1.0000000000
10240  -20.032  -74.865  -19.398 1.0000000000
111817  -22.748  -72.947  -20.493 1.0000000000
111013  -23.364  -72.200  -20.919 1.0000000000
12026  -15.089  -72.288  -26.552 1.0000000000
12041  -12.104  -72.525  -27.122 1.0000000000
10224  -18.228  -74.422  -17.645 1.0000000000
129310  -19.369  -74.568  -20.506 1.0000000000
11086  -17.346  -73.491  -19.536 1.0000000000
16395  -11.302  -67.727  -20.756 1.0000000000
13754  -21.097  -71.109  -19.783 1.0000000000
13801  -13.926  -70.152  -25.076 1.0000000000
12958  -17.183  -71.199  -26.054 1.0000000000
12969  -13.522  -71.641  -26.642 1.0000000000
11030  -13.172  -73.754  -16.653 0.5000000000
11050  -12.139  -73.143  -17.348 0.6000000238
11933  -15.570  -72.096  -18.590 1.0000000000
11914  -14.580  -71.649  -17.346 1.0000000000
111018  -19.787  -72.055  -17.399 1.0000000000
111014  -20.503  -71.874  -18.619 1.0000000000
111887  -20.106  -71.702  -18.086 1.0000000000
12883  -20.615  -71.316  -19.147 1.0000000000
15571  -14.379  -68.276  -21.547 1.0000000000
14675  -13.900  -69.189  -23.030 1.0000000000
15587  -16.278  -68.754  -22.074 1.0000000000
16411  -16.205  -67.976  -20.763 1.0000000000
13819  -15.692  -70.926  -25.901 1.0000000000
13843  -12.285  -70.949  -26.837 1.0000000000
14820  -11.180  -69.946  -32.953 0.6000000238
111020  -19.302  -71.970  -16.637 1.0000000000
17158  -10.937  -66.910  -19.365 1.0000000000
13752  -19.688  -70.321  -19.000 1.0000000000
15561  -17.018  -68.208  -20.625 1.0000000000
15574  -17.349  -68.609  -21.341 1.0000000000
14734  -12.275  -69.753  -26.292 1.0000000000
14733  -11.626  -69.440  -26.886 1.0000000000
12838  -12.507  -70.210  -17.966 1.0000000000
125635  -10.931  -71.620  -19.060 0.8000000119
127996  -13.881  -70.993  -19.422 1.0000000000
13740  -18.419  -70.396  -17.656 1.0000000000
15575  -17.937  -68.626  -20.747 1.0000000000
15562  -18.104  -68.587  -19.875 1.0000000000
13730  -10.717  -69.788  -18.176 0.8999999762
111024  -17.948  -71.420  -14.136 1.0000000000
121664  -14.300  -68.345  -18.692 1.0000000000
17174  -10.081  -65.968  -22.059 1.0000000000
16378  -14.841  -68.664  -18.247 1.0000000000
111091  -15.476  -68.556  -16.743 1.0000000000
116935  -16.088  -68.745  -16.167 1.0000000000
15541  -16.492  -69.456  -16.666 1.0000000000
114419  -11.261  -68.283  -28.142 0.8999999762
111028  -17.037  -70.270  -13.330 1.0000000000
13694  -16.425  -70.894  -13.432 1.0000000000
123865  -16.032  -67.703  -16.331 1.0000000000
111095  -15.218  -67.584  -16.760 1.0000000000
118837  -10.032  -65.687  -23.462 1.0000000000
15546  -15.549  -68.976  -18.421 1.0000000000
126824  -15.991  -69.316  -18.081 1.0000000000
17145  -18.752  -66.594  -17.322 1.0000000000
123243  -17.687  -69.500  -13.288 1.0000000000
111045  -19.333  -68.455  -13.828 1.0000000000
15496  -16.057  -68.681  -13.719 1.0000000000
121919  -13.702  -65.969  -17.119 1.0000000000
17914  -19.197  -65.809  -18.584 1.0000000000
17188  -10.221  -66.496  -24.193 1.0000000000
16447  -11.491  -66.740  -27.329 1.0000000000
111037  -19.288  -67.532  -13.675 1.0000000000
18631  -10.210  -64.002  -20.521 0.8999999762
17912  -17.068  -65.088  -18.198 1.0000000000
17132  -19.804  -66.711  -16.624 1.0000000000
17146  -19.769  -66.463  -17.109 1.0000000000
125534  -9.998  -63.767  -25.857 1.0000000000
128905  -10.559  -64.659  -26.777 1.0000000000
16331  -16.111  -66.749  -14.622 1.0000000000
130681  -20.234  -65.487  -17.002 1.0000000000
122333  -17.124  -63.775  -18.795 1.0000000000
18609  -18.744  -65.212  -19.201 1.0000000000
19363  -18.260  -63.587  -19.809 1.0000000000
20170  -19.189  -63.129  -20.485 1.0000000000
20991  -22.713  -61.781  -22.033 1.0000000000
111097  -12.853  -64.821  -13.460 0.6000000238
111116  -11.052  -64.323  -16.158 0.8999999762
111094  -13.494  -64.794  -13.299 0.6000000238
133615  -10.689  -61.506  -19.258 0.8000000119
20204  -24.846  -63.037  -22.190 1.0000000000
120037  -24.659  -61.423  -22.764 1.0000000000
21001  -25.216  -61.736  -22.962 1.0000000000
21000  -24.657  -62.215  -22.551 1.0000000000
120710  -23.872  -59.983  -22.578 1.0000000000
133620  -19.818  -62.703  -16.360 1.0000000000
20115  -10.455  -62.802  -15.917 0.8999999762
19326  -20.842  -63.428  -17.442 1.0000000000
20149  -10.303  -62.204  -18.200 0.8999999762
132808  -10.576  -61.426  -18.606 0.8000000119
20944  -10.285  -60.865  -17.146 0.8999999762
20214  -25.859  -62.143  -23.158 1.0000000000
20215  -26.550  -63.146  -23.391 0.8999999762
21833  -19.978  -60.721  -21.434 1.0000000000
24517  -24.788  -56.742  -22.862 1.0000000000
111059  -17.155  -62.733  -15.145 0.8999999762
111066  -17.775  -62.238  -15.475 1.0000000000
20133  -10.147  -62.684  -16.447 0.8999999762
111935  -11.087  -62.814  -15.747 1.0000000000
20943  -10.230  -61.631  -17.310 0.8999999762
21779  -10.107  -60.428  -16.550 0.8999999762
19388  -25.867  -63.400  -20.078 1.0000000000
19408  -25.576  -63.389  -22.206 1.0000000000
111115  -10.620  -59.567  -15.958 0.8999999762
119296  -12.279  -61.262  -19.241 0.6000000238
20136  -16.317  -61.844  -17.618 1.0000000000
111034  -25.657  -62.995  -17.896 0.8000000119
20154  -25.636  -61.766  -18.624 1.0000000000
133210  -28.612  -61.456  -24.911 0.8999999762
22761  -28.798  -59.316  -24.653 0.8999999762
22721  -22.151  -59.822  -22.268 1.0000000000
135238  -20.345  -60.109  -21.581 1.0000000000
22732  -23.401  -58.877  -22.451 1.0000000000
20106  -18.582  -60.720  -15.974 1.0000000000
19283  -17.618  -62.528  -13.598 0.5000000000
111876  -17.375  -61.988  -14.497 0.6999999881
111087  -20.383  -60.714  -13.501 0.6999999881
111064  -22.600  -60.199  -13.890 0.8000000119
20120  -25.233  -61.627  -16.554 0.8999999762
20121  -25.465  -61.430  -17.469 0.8999999762
125811  -22.711  -60.095  -17.128 0.8999999762
19410  -26.296  -63.720  -22.804 0.8999999762
19423  -27.070  -63.341  -24.099 0.8000000119
19436  -27.655  -63.650  -24.787 0.8000000119
115718  -27.644  -62.802  -24.558 0.8000000119
127290  -24.551  -65.797  -20.178 0.8000000119
111653  -24.811  -66.111  -20.835 0.8000000119
17929  -25.379  -64.966  -20.475 0.8000000119
19389  -25.882  -63.710  -20.663 1.0000000000
18635  -25.992  -63.867  -20.025 0.8999999762
116791  -9.952  -57.317  -17.943 0.8999999762
17951  -26.082  -64.932  -22.282 0.8000000119
110999  -25.673  -65.690  -21.972 0.8000000119
23623  -21.041  -59.055  -22.100 1.0000000000
111067  -16.512  -64.373  -13.054 0.5000000000
111056  -23.462  -60.271  -14.327 0.6999999881
129588  -25.978  -64.329  -21.542 0.8000000119
18654  -26.360  -64.453  -22.951 0.8000000119
111877  -24.204  -63.492  -16.987 0.8000000119
111047  -23.785  -61.794  -14.965 0.6999999881
129763  -30.268  -61.926  -25.543 0.8000000119
20237  -29.136  -62.845  -25.418 0.8000000119
111127  -10.343  -58.580  -18.202 0.8000000119
127242  -24.210  -66.898  -20.386 0.6000000238
111002  -27.685  -67.779  -24.269 0.5000000000
18665  -26.763  -64.966  -23.957 0.8000000119
17206  -31.332  -66.565  -26.158 0.6000000238
132874  -31.564  -66.512  -25.305 0.5000000000
111010  -30.167  -66.229  -26.281 0.6999999881
111009  -30.099  -66.665  -25.269 0.5000000000
111768  -28.982  -66.492  -25.646 0.6999999881
113720  -30.007  -58.101  -24.602 0.8999999762
25373  -24.599  -56.048  -21.002 1.0000000000
25363  -24.654  -56.472  -20.922 1.0000000000
20098  -22.147  -61.049  -13.254 0.6000000238
133340  -27.631  -64.407  -25.046 0.8000000119
19445  -29.033  -63.813  -25.562 0.8000000119
111006  -28.258  -66.408  -25.508 0.8000000119
17976  -27.686  -65.886  -25.341 0.8000000119
18676  -27.992  -65.091  -25.476 0.8000000119
115444  -30.530  -64.226  -25.706 0.8000000119
19447  -30.775  -63.250  -25.602 0.8000000119
21045  -31.564  -61.314  -25.202 0.8000000119
116979  -10.782  -56.619  -19.533 0.5000000000
134156  -26.467  -56.064  -23.548 1.0000000000
17982  -28.683  -65.901  -25.706 0.8000000119
120334  -30.185  -65.203  -26.013 0.6999999881
18683  -30.915  -65.197  -25.786 0.6999999881
128272  -31.462  -66.242  -26.024 0.6999999881
20240  -31.464  -62.012  -25.209 0.8000000119
126323  -32.129  -60.170  -24.783 0.8000000119
22764  -32.069  -59.518  -24.785 0.8000000119
111008  -28.738  -67.455  -24.476 0.4000000060
19424  -31.646  -63.684  -23.878 0.6000000238
122881  -31.598  -63.855  -23.046 0.5000000000
17977  -31.415  -65.701  -24.648 0.6000000238
128988  -20.856  -56.692  -22.465 1.0000000000
115907  -22.355  -57.535  -22.444 1.0000000000
127003  -29.704  -56.502  -24.323 0.8999999762
24504  -21.384  -57.800  -22.350 1.0000000000
120920  -23.843  -53.797  -23.470 1.0000000000
20217  -31.817  -62.825  -24.041 0.6999999881
121734  -32.042  -62.073  -24.159 0.6999999881
21014  -32.324  -61.298  -23.791 0.6999999881
113532  -31.685  -63.111  -23.124 0.5000000000
21861  -32.065  -61.119  -22.118 0.6000000238
21862  -32.495  -60.741  -22.943 0.6999999881
24519  -33.055  -57.509  -23.911 0.8000000119
21002  -31.790  -61.902  -22.201 0.4000000060
26205  -31.894  -55.512  -23.476 0.8000000119
22707  -31.553  -59.488  -20.563 0.3000000119
21849  -31.771  -60.679  -21.324 0.4000000060
21850  -32.482  -60.180  -22.081 0.6000000238
126447  -33.326  -58.409  -22.259 0.6000000238
24509  -33.564  -57.599  -22.644 0.6000000238
24495  -33.809  -57.103  -21.838 0.6000000238
23638  -33.325  -58.447  -23.019 0.6000000238
24484  -33.586  -57.053  -20.912 0.6000000238
25365  -33.884  -56.464  -22.595 0.6000000238
25349  -18.904  -57.007  -22.070 1.0000000000
26153  -13.700  -55.267  -18.423 0.8999999762
25333  -15.302  -56.315  -19.532 0.8999999762
117333  -31.246  -54.646  -23.304 0.8000000119
26986  -21.512  -54.440  -23.383 1.0000000000
26177  -16.427  -55.505  -21.708 1.0000000000
25346  -16.660  -56.290  -21.545 1.0000000000
26978  -20.127  -55.132  -23.003 1.0000000000
27797  -21.076  -53.626  -23.441 1.0000000000
121196  -20.628  -52.906  -23.440 1.0000000000
118878  -24.727  -53.693  -23.493 1.0000000000
119077  -26.996  -54.009  -23.591 1.0000000000
26989  -27.645  -54.046  -23.647 1.0000000000
119076  -28.068  -53.625  -23.647 0.8999999762
28680  -20.986  -52.207  -23.428 1.0000000000
24472  -32.047  -57.265  -19.813 0.3000000119
24483  -33.108  -56.659  -20.145 0.4000000060
25340  -34.342  -55.637  -20.621 0.3000000119
25350  -34.845  -54.879  -21.560 0.4000000060
126666  -33.851  -54.445  -23.248 0.5000000000
26206  -33.316  -54.868  -23.538 0.6000000238
26980  -33.525  -54.149  -23.394 0.5000000000
26984  -19.721  -54.389  -23.324 1.0000000000
27777  -12.403  -52.798  -20.931 0.6000000238
111139  -11.973  -53.754  -21.255 0.6000000238
134734  -19.209  -52.952  -23.449 1.0000000000
119194  -25.999  -52.144  -23.524 1.0000000000
26962  -14.858  -54.280  -20.840 0.8999999762
28684  -28.816  -52.282  -23.494 0.8000000119
113225  -12.792  -49.757  -22.215 0.6000000238
29471  -23.920  -51.252  -23.540 1.0000000000
134525  -20.117  -49.604  -23.587 0.8000000119
127858  -18.416  -48.733  -23.936 0.8000000119
32143  -19.200  -48.621  -23.864 0.8000000119
31234  -19.746  -49.224  -23.690 0.8000000119
131236  -16.154  -50.066  -23.413 0.6999999881
116276  -15.154  -48.107  -23.320 0.6999999881
31232  -17.742  -49.221  -23.943 0.8000000119
130591  -22.136  -49.502  -23.491 0.8999999762
111828  -15.704  -52.344  -23.019 0.8000000119
32144  -20.055  -48.502  -23.798 0.8000000119
124000  -27.935  -49.880  -23.312 0.6999999881
32142  -17.592  -48.384  -23.953 0.8000000119
132341  -25.838  -49.382  -23.461 0.6999999881
33083  -20.352  -47.747  -23.985 0.6999999881
126646  -21.768  -48.200  -23.646 0.6000000238
34008  -21.422  -46.790  -24.179 0.6000000238
122873  -23.083  -47.432  -23.686 0.5000000000
34009  -22.750  -46.654  -23.959 0.5000000000
34988  -23.178  -45.919  -24.105 0.4000000060
33080  -17.453  -47.382  -23.913 0.6000000238
111791  -25.968  -66.129  -23.036 0.8000000119
32150  -27.158  -48.561  -23.389 0.6000000238
2929  -13.727  -87.307  -20.850 0.6999999881
2938  -14.203  -86.517  -22.279 0.6000000238
20164  -10.976  -61.310  -19.890 0.6999999881
19379  -11.173  -60.990  -20.692 0.5000000000
31238  -27.578  -49.277  -23.359 0.5000000000
32151  -28.174  -48.510  -23.155 0.5000000000
123938  -27.674  -47.809  -23.214 0.5000000000
33087  -25.847  -47.876  -23.435 0.5000000000
33086  -25.062  -47.413  -23.490 0.5000000000
33088  -26.695  -47.872  -23.391 0.5000000000
124590  -13.853  -86.998  -22.722 0.6999999881
29474  -29.862  -51.756  -22.915 0.4000000060
34011  -24.449  -46.553  -23.619 0.4000000060
29459  -29.562  -51.070  -22.805 0.5000000000
34013  -26.225  -47.104  -23.376 0.5000000000
1007  -15.450  -91.565  -24.601 0.5000000000
1002  -15.289  -91.399  -23.753 0.5000000000
1001  -14.514  -92.200  -23.131 0.6000000238
684  -13.972  -92.854  -22.438 0.5000000000
704  -15.314  -92.098  -25.145 0.6000000238
116571  -14.450  -92.955  -24.922 0.6000000238
444  -13.908  -93.894  -24.365 0.5000000000
126302  -14.246  -94.190  -23.803 0.5000000000
710  -14.733  -92.735  -26.593 0.6000000238
449  -13.783  -93.913  -25.765 0.6000000238
86  -14.106  -95.303  -25.410 0.5000000000
457  -14.017  -93.460  -26.510 0.6000000238
456  -13.570  -94.127  -26.617 0.6999999881
85  -13.734  -95.251  -26.257 0.5000000000
16448  -12.564  -66.641  -27.074 0.5000000000
17970  -12.544  -64.750  -27.141 0.5000000000
18670  -12.237  -63.597  -26.942 0.5000000000
112314  -11.652  -54.116  -20.579 0.5000000000
27792  -12.875  -52.315  -22.833 0.5000000000
111155  -12.784  -50.220  -22.547 0.5000000000
16467  -13.059  -66.709  -27.194 0.5000000000
119056  -11.430  -55.241  -20.776 0.4000000060
112891  -12.699  -53.130  -22.670 0.5000000000
132089  -12.735  -51.935  -21.976 0.5000000000
20165  -11.711  -61.540  -19.787 0.4000000060
111134  -11.671  -56.361  -20.921 0.4000000060
28672  -12.839  -51.306  -21.070 0.5000000000
1023  -15.676  -91.715  -26.001 0.5000000000
711  -15.511  -91.918  -26.759 0.6999999881
727  -14.172  -93.001  -28.234 0.6999999881
718  -14.315  -93.030  -27.244 0.6999999881
90  -14.091  -95.779  -26.245 0.5000000000
691  -14.223  -92.918  -23.369 0.6000000238
698  -14.110  -93.332  -24.177 0.6000000238
126438  -14.272  -93.260  -25.712 0.6000000238
241  -13.835  -94.301  -25.125 0.6000000238
111925  -14.513  -47.608  -23.501 0.5000000000
32140  -15.348  -47.328  -23.419 0.5000000000
123830  -15.220  -46.097  -23.053 0.5000000000
119433  -16.873  -46.334  -23.605 0.5000000000
34007  -15.945  -45.459  -22.904 0.4000000060
34017  -16.674  -45.394  -23.459 0.4000000060
34975  -15.657  -44.733  -22.881 0.4000000060
134780  -18.160  -47.310  -24.088 0.5000000000
33095  -17.719  -46.607  -24.041 0.4000000060
34983  -16.525  -44.544  -24.035 0.4000000060
134574  -17.279  -45.222  -24.209 0.4000000060
34984  -17.765  -44.614  -24.525 0.4000000060
121614  -19.508  -44.532  -24.782 0.3000000119
36019  -20.497  -44.604  -24.708 0.3000000119
36018  -18.578  -44.334  -24.773 0.3000000119
31230  -13.913  -48.154  -23.007 0.5000000000
32141  -16.480  -47.923  -23.770 0.5000000000
128822  -14.698  -46.754  -23.341 0.5000000000
33079  -16.279  -46.811  -23.482 0.5000000000
121136  -14.445  -45.739  -23.159 0.5000000000
128726  -17.768  -43.523  -24.802 0.3000000119
112208  -13.365  -51.834  -23.415 0.4000000060
111160  -13.986  -51.400  -24.110 0.4000000060
111166  -14.258  -50.719  -24.398 0.4000000060
111168  -13.494  -49.374  -23.498 0.4000000060
111175  -14.683  -50.144  -24.799 0.3000000119
130335  -14.673  -48.582  -24.617 0.4000000060
31250  -13.284  -48.713  -23.118 0.4000000060
111176  -14.188  -49.066  -24.137 0.4000000060
111181  -14.178  -48.070  -23.565 0.4000000060
111189  -14.506  -46.905  -25.556 0.3000000119
111185  -14.475  -46.931  -23.699 0.4000000060
111858  -14.073  -46.196  -24.155 0.4000000060
111198  -14.375  -45.723  -25.194 0.3000000119
111780  -14.313  -45.146  -24.185 0.3000000119
111824  -15.040  -44.893  -24.660 0.3000000119
34006  -14.994  -45.009  -22.743 0.3000000119
111950  -14.410  -44.814  -23.216 0.3000000119
34982  -15.710  -44.487  -23.381 0.3000000119
134337  -16.080  -44.621  -25.055 0.3000000119
111192  -14.255  -45.278  -23.650 0.4000000060
111184  -14.424  -47.427  -24.729 0.4000000060
111193  -14.202  -46.257  -25.392 0.3000000119
33111  -14.807  -46.535  -25.774 0.3000000119
129452  -16.612  -45.413  -25.887 0.3000000119
131207  -15.856  -44.378  -24.262 0.3000000119
111700  -16.672  -44.167  -24.465 0.3000000119
0  -15.823  -97.036  -27.537 0.5000000000
1  -16.197  -97.251  -28.297 0.5000000000
11  -17.554  -97.470  -28.912 0.6000000238
12  -18.794  -97.289  -28.907 0.5000000000
36  -14.738  -96.387  -28.923 0.6000000238
38  -20.913  -96.621  -29.237 0.6000000238
44  -15.233  -96.386  -29.630 0.6000000238
48  -19.276  -96.542  -30.038 0.6999999881
82  -14.152  -94.646  -24.542 0.5000000000
89  -13.642  -95.515  -26.921 0.6999999881
119  -17.407  -95.806  -32.007 0.6999999881
122  -20.450  -95.666  -31.406 0.6000000238
146  -21.477  -95.436  -33.880 0.6999999881
156  -20.141  -95.398  -34.525 0.6999999881
159  -22.968  -95.101  -34.160 0.6999999881
240  -13.679  -94.620  -25.975 0.5000000000
247  -13.508  -94.863  -26.823 0.6999999881
285  -16.137  -95.018  -34.401 0.8999999762
293  -14.926  -94.241  -35.162 1.0000000000
318  -18.805  -94.079  -37.520 0.8999999762
320  -19.934  -94.208  -37.957 0.8999999762
438  -14.155  -93.464  -23.673 0.5000000000
464  -13.732  -93.611  -27.332 0.6999999881
468  -13.288  -94.516  -28.430 0.8000000119
491  -11.983  -92.639  -33.667 0.8999999762
502  -24.661  -93.755  -34.831 0.6000000238
519  -18.274  -93.754  -37.147 1.0000000000
539  -24.425  -94.063  -40.418 0.8000000119
540  -25.530  -93.948  -39.709 0.8000000119
541  -23.253  -93.058  -41.309 0.8000000119
692  -14.749  -92.433  -24.110 0.6000000238
728  -15.151  -92.133  -29.119 0.8999999762
742  -17.447  -92.428  -31.688 0.8999999762
753  -16.398  -92.178  -32.438 1.0000000000
762  -11.760  -91.737  -33.642 1.0000000000
787  -21.238  -92.297  -35.548 0.8999999762
807  -19.992  -93.390  -38.251 0.8999999762
809  -24.994  -93.929  -37.546 0.6999999881
821  -21.907  -92.688  -39.918 0.8999999762
826  -26.193  -93.077  -41.459 0.6999999881
827  -24.415  -92.553  -42.952 0.8000000119
830  -25.035  -92.854  -42.806 0.8000000119
1014  -15.939  -91.059  -25.502 0.5000000000
1040  -15.412  -91.298  -29.541 0.8999999762
1053  -11.146  -91.347  -31.319 0.8999999762
1054  -16.416  -91.511  -31.556 1.0000000000
1056  -17.968  -91.716  -31.391 0.8999999762
1060  -20.244  -91.229  -32.424 0.8999999762
1072  -21.171  -91.741  -33.517 0.8999999762
1124  -26.730  -92.237  -39.737 0.6000000238
1133  -25.912  -92.725  -42.627 0.6999999881
1301  -11.944  -90.469  -22.691 0.8999999762
1340  -11.391  -90.870  -25.976 0.8999999762
1341  -11.638  -91.091  -25.450 0.8999999762
1351  -16.396  -89.844  -27.110 0.6000000238
1389  -11.966  -90.979  -33.751 1.0000000000
1426  -25.112  -89.999  -38.980 0.8000000119
1437  -17.891  -90.980  -40.370 0.5000000000
1451  -18.503  -90.891  -40.562 0.5000000000
1663  -11.759  -89.758  -20.872 0.8999999762
1671  -11.868  -90.187  -21.921 0.8999999762
1684  -11.466  -90.622  -23.912 0.8999999762
1709  -10.894  -90.432  -26.485 1.0000000000
1710  -11.843  -91.088  -25.833 0.8999999762
1746  -14.822  -90.793  -29.906 0.8999999762
1758  -20.732  -89.443  -32.330 0.8999999762
1777  -23.675  -90.245  -35.557 0.8999999762
1788  -24.392  -89.492  -36.648 0.8999999762
1795  -15.418  -89.890  -38.153 0.5000000000
1805  -25.038  -89.535  -38.411 0.8000000119
1806  -25.211  -89.323  -39.023 0.8000000119
1815  -19.699  -89.733  -40.264 0.6999999881
1826  -25.106  -89.560  -40.471 0.8000000119
2095  -11.580  -89.244  -19.949 0.8999999762
2107  -11.309  -89.638  -22.140 0.8999999762
2108  -12.095  -90.252  -22.093 0.8999999762
2113  -11.296  -89.689  -23.239 0.8999999762
2130  -10.783  -90.160  -25.724 0.8999999762
2131  -12.181  -91.121  -25.104 0.8999999762
2158  -14.676  -89.124  -27.441 1.0000000000
2172  -16.071  -88.958  -27.625 0.8000000119
2187  -16.082  -88.055  -30.142 1.0000000000
2197  -17.379  -88.739  -30.040 1.0000000000
2206  -20.584  -88.555  -32.011 0.8999999762
2247  -18.981  -88.461  -36.519 0.8000000119
2249  -24.024  -88.863  -36.349 0.8999999762
2295  -23.895  -88.592  -41.697 0.8000000119
2504  -12.495  -89.341  -20.981 0.8999999762
2575  -14.855  -87.124  -29.359 1.0000000000
2583  -15.287  -87.400  -29.797 1.0000000000
2598  -20.457  -87.831  -31.672 0.8999999762
2659  -23.497  -87.983  -37.998 0.8999999762
2672  -20.784  -88.275  -39.393 0.8000000119
2900  -11.669  -86.572  -17.723 0.8999999762
2910  -14.685  -86.724  -18.971 0.6999999881
2925  -15.206  -86.304  -19.524 0.6999999881
2931  -15.233  -86.386  -20.326 0.6000000238
2961  -11.447  -87.141  -25.612 1.0000000000
2972  -11.212  -88.019  -26.782 1.0000000000
3010  -13.365  -87.080  -28.659 1.0000000000
3014  -17.479  -86.792  -28.353 1.0000000000
3022  -19.542  -86.617  -29.433 1.0000000000
3029  -20.589  -86.524  -31.767 0.8999999762
3092  -20.623  -85.644  -37.084 0.8999999762
3093  -22.463  -86.037  -36.903 0.8999999762
3112  -21.356  -86.547  -38.284 0.8999999762
3357  -11.892  -85.579  -17.370 0.8999999762
3366  -14.774  -86.130  -18.879 0.6999999881
3407  -12.863  -85.429  -24.103 1.0000000000
3442  -13.059  -85.384  -26.411 1.0000000000
3458  -16.572  -85.694  -27.510 1.0000000000
3485  -20.400  -85.164  -29.642 1.0000000000
3540  -21.780  -85.139  -35.965 0.8999999762
3835  -11.355  -84.200  -17.666 0.8999999762
3882  -13.490  -84.844  -23.355 1.0000000000
3893  -14.224  -83.856  -25.110 1.0000000000
3906  -13.654  -84.515  -26.153 1.0000000000
3908  -14.819  -83.963  -26.584 1.0000000000
3963  -14.189  -85.136  -31.586 0.5000000000
3965  -16.875  -84.649  -32.603 0.8000000119
3985  -20.579  -84.150  -34.684 0.8999999762
3997  -20.927  -84.467  -35.422 0.8999999762
4339  -15.268  -82.812  -24.755 1.0000000000
4342  -14.506  -83.184  -26.138 1.0000000000
4346  -18.246  -83.543  -25.463 1.0000000000
4359  -19.642  -83.892  -26.125 1.0000000000
4392  -20.854  -83.844  -29.208 1.0000000000
4418  -18.388  -83.130  -32.529 0.8999999762
4419  -20.901  -83.114  -32.912 0.8999999762
4789  -11.235  -82.905  -17.574 0.8000000119
4791  -12.582  -82.866  -17.938 0.8000000119
4834  -12.496  -82.619  -21.679 1.0000000000
4864  -17.439  -82.576  -24.309 1.0000000000
4865  -18.391  -82.643  -24.341 1.0000000000
4871  -15.806  -82.681  -25.032 1.0000000000
4885  -20.823  -82.635  -26.147 1.0000000000
4901  -12.524  -82.719  -26.789 0.6999999881
4962  -20.551  -82.551  -33.178 0.8999999762
4973  -20.279  -82.999  -33.538 0.8999999762
5372  -10.884  -81.915  -17.874 0.8000000119
5373  -11.425  -81.934  -17.724 0.8000000119
5421  -11.811  -81.550  -24.143 1.0000000000
5426  -16.208  -81.786  -22.496 1.0000000000
5445  -11.980  -81.399  -24.867 1.0000000000
5446  -12.274  -81.166  -24.764 1.0000000000
5448  -20.558  -81.769  -24.394 1.0000000000
5483  -10.809  -81.472  -27.249 0.6999999881
5484  -13.186  -82.204  -26.742 0.6999999881
5497  -21.805  -81.814  -28.603 1.0000000000
5505  -22.070  -81.243  -29.147 1.0000000000
5518  -18.048  -81.949  -30.682 1.0000000000
5521  -22.061  -80.568  -31.043 1.0000000000
5528  -19.008  -81.413  -32.038 1.0000000000
5530  -20.557  -81.296  -32.617 1.0000000000
6018  -11.701  -81.177  -22.021 0.8999999762
6050  -11.692  -80.946  -25.104 1.0000000000
6052  -12.437  -80.726  -24.874 1.0000000000
6055  -22.505  -80.356  -24.421 1.0000000000
6092  -16.705  -80.825  -26.851 0.8999999762
6117  -18.091  -80.133  -29.191 1.0000000000
6137  -19.711  -80.183  -31.909 1.0000000000
6148  -20.128  -80.676  -32.353 1.0000000000
6150  -21.484  -80.390  -32.047 1.0000000000
6710  -11.146  -80.024  -24.752 1.0000000000
6723  -12.135  -80.167  -25.529 1.0000000000
6734  -24.464  -79.588  -25.632 1.0000000000
6744  -17.821  -79.860  -26.740 1.0000000000
6745  -18.619  -79.389  -26.804 1.0000000000
6747  -24.941  -79.257  -26.150 1.0000000000
6758  -14.313  -79.574  -27.429 0.8000000119
6763  -24.472  -79.522  -27.015 1.0000000000
6772  -10.264  -79.857  -28.564 0.6999999881
6775  -23.882  -79.457  -28.319 1.0000000000
6793  -23.291  -79.087  -29.655 1.0000000000
6794  -23.814  -78.739  -28.932 1.0000000000
6809  -18.958  -79.839  -30.802 1.0000000000
6810  -19.529  -79.699  -31.348 1.0000000000
6811  -20.782  -79.511  -31.795 1.0000000000
6812  -21.667  -79.698  -31.732 1.0000000000
7368  -19.783  -77.981  -21.730 1.0000000000
7378  -16.550  -78.252  -21.911 1.0000000000
7379  -17.370  -78.546  -21.852 1.0000000000
7383  -22.198  -78.623  -22.332 1.0000000000
7385  -24.894  -77.829  -22.650 1.0000000000
7394  -24.456  -78.819  -23.414 1.0000000000
7411  -25.333  -78.791  -25.486 1.0000000000
7421  -18.746  -78.780  -26.352 1.0000000000
7435  -15.194  -79.064  -27.003 1.0000000000
7437  -20.362  -78.604  -27.199 1.0000000000
7452  -24.318  -78.171  -28.428 1.0000000000
7465  -20.521  -77.665  -29.283 1.0000000000
7479  -20.537  -77.975  -30.104 1.0000000000
7481  -22.493  -78.471  -30.514 1.0000000000
7486  -20.245  -79.049  -31.236 1.0000000000
7487  -21.263  -78.895  -31.386 1.0000000000
8064  -23.637  -77.912  -21.925 1.0000000000
8065  -24.745  -77.161  -22.208 1.0000000000
8103  -15.776  -77.893  -26.733 1.0000000000
8113  -10.779  -78.422  -28.003 0.6999999881
8114  -12.099  -78.079  -27.446 0.8000000119
8122  -24.877  -77.583  -27.079 1.0000000000
8155  -23.321  -77.815  -29.393 1.0000000000
8166  -22.168  -77.817  -30.140 1.0000000000
8764  -18.523  -76.404  -21.678 1.0000000000
8769  -23.539  -76.536  -21.664 1.0000000000
8776  -16.988  -75.993  -22.189 1.0000000000
8787  -25.905  -76.428  -23.122 1.0000000000
8788  -26.198  -76.315  -23.952 1.0000000000
8795  -13.656  -77.138  -25.352 1.0000000000
8799  -26.363  -76.083  -24.640 1.0000000000
8811  -26.240  -76.373  -25.077 1.0000000000
8818  -13.605  -76.417  -26.382 1.0000000000
8823  -19.728  -76.490  -26.139 1.0000000000
8824  -20.890  -77.504  -25.953 1.0000000000
8828  -24.498  -76.461  -26.068 1.0000000000
9447  -11.898  -75.397  -19.416 0.5000000000
9449  -14.733  -75.435  -19.585 0.5000000000
9459  -15.016  -75.050  -19.971 0.5000000000
9468  -17.406  -76.025  -21.911 1.0000000000
9470  -18.935  -76.068  -21.873 1.0000000000
9471  -22.118  -75.945  -21.602 1.0000000000
9480  -18.018  -75.909  -22.527 1.0000000000
9481  -19.296  -75.828  -22.770 1.0000000000
9490  -11.865  -75.335  -23.674 0.8000000119
9518  -12.870  -75.280  -25.231 1.0000000000
9528  -15.634  -75.634  -26.470 1.0000000000
9546  -11.281  -75.044  -28.505 1.0000000000
9581  -11.159  -75.723  -34.054 0.4000000060
9594  -11.023  -75.210  -33.980 0.4000000060
9595  -11.423  -75.593  -34.051 0.4000000060
10203  -14.823  -74.547  -17.710 0.5000000000
10206  -19.233  -74.498  -17.767 1.0000000000
10237  -15.062  -74.806  -19.376 0.5000000000
10241  -20.720  -74.556  -19.598 1.0000000000
10248  -14.702  -74.787  -20.802 0.6000000238
10252  -21.446  -74.483  -20.307 1.0000000000
10277  -14.125  -74.880  -22.007 0.6000000238
10307  -11.368  -74.600  -24.982 1.0000000000
10321  -12.136  -74.425  -25.387 1.0000000000
10327  -13.487  -74.792  -26.418 1.0000000000
10341  -12.777  -74.578  -26.704 1.0000000000
10369  -10.344  -74.286  -33.144 0.5000000000
10381  -10.778  -74.724  -33.659 0.4000000060
11069  -14.546  -74.121  -19.154 0.5000000000
11087  -17.563  -74.020  -18.871 1.0000000000
11123  -13.317  -74.572  -22.627 0.8000000119
11146  -11.635  -73.165  -25.007 1.0000000000
11155  -11.785  -73.734  -25.244 1.0000000000
11164  -17.939  -73.194  -26.602 1.0000000000
11171  -25.485  -73.358  -25.763 1.0000000000
11219  -10.579  -73.261  -32.638 0.6000000238
11850  -15.218  -72.096  -14.026 1.0000000000
11866  -16.567  -72.699  -14.409 1.0000000000
11881  -17.629  -72.965  -15.155 1.0000000000
11969  -15.727  -71.815  -20.749 1.0000000000
11990  -14.776  -71.739  -23.406 1.0000000000
12003  -16.450  -72.468  -23.495 1.0000000000
12012  -11.952  -72.585  -24.793 1.0000000000
12030  -19.068  -72.593  -26.601 1.0000000000
12035  -24.496  -72.516  -26.100 1.0000000000
12085  -10.834  -72.701  -32.356 0.6000000238
12791  -13.041  -70.355  -15.434 1.0000000000
12794  -17.627  -72.011  -14.288 1.0000000000
12936  -10.896  -71.756  -22.276 0.8000000119
12943  -10.889  -71.932  -22.830 0.8999999762
12946  -13.889  -71.587  -23.779 1.0000000000
12952  -12.537  -72.035  -24.403 1.0000000000
12988  -10.792  -71.508  -29.225 0.8999999762
13003  -10.864  -71.544  -30.254 0.8999999762
13750  -10.552  -70.540  -19.651 0.8999999762
13872  -11.154  -70.676  -31.267 0.5000000000
13884  -11.547  -70.195  -32.579 0.6000000238
14581  -10.613  -68.935  -14.045 0.6000000238
14692  -12.589  -69.576  -24.086 1.0000000000
14805  -10.056  -69.052  -31.473 0.8000000119
14819  -10.529  -69.314  -32.567 0.8000000119
14821  -11.813  -69.586  -33.164 0.6000000238
14836  -11.344  -69.471  -33.217 0.6000000238
14837  -11.929  -68.577  -33.393 0.6000000238
15620  -10.906  -68.124  -26.248 1.0000000000
15635  -11.044  -67.910  -26.771 1.0000000000
15671  -11.169  -67.854  -29.329 0.8000000119
15694  -11.135  -68.022  -32.958 0.8000000119
15695  -12.068  -67.648  -33.064 0.6000000238
16315  -10.805  -66.535  -13.580 0.6000000238
16316  -11.307  -65.986  -13.642 0.6000000238
16443  -30.860  -66.207  -24.860 0.5000000000
16456  -11.547  -66.935  -26.819 1.0000000000
16475  -13.211  -66.707  -28.343 0.5000000000
16483  -12.584  -66.715  -28.482 0.6999999881
16489  -11.466  -67.285  -30.478 0.6999999881
16496  -11.052  -67.366  -31.237 0.6000000238
16506  -11.300  -67.283  -32.007 0.6000000238
16507  -12.047  -67.270  -32.527 0.6000000238
16508  -12.320  -67.847  -32.844 0.6000000238
17209  -10.970  -65.564  -27.349 1.0000000000
17211  -12.461  -65.242  -28.354 0.6000000238
17218  -31.099  -66.587  -26.399 0.6999999881
17219  -31.254  -66.744  -26.376 0.6000000238
17847  -19.299  -65.547  -14.615 1.0000000000
17858  -14.731  -64.167  -15.570 0.6999999881
17891  -11.758  -65.863  -16.919 1.0000000000
17983  -29.863  -66.222  -26.312 0.8000000119
17984  -30.778  -66.095  -26.303 0.6999999881
18547  -14.945  -63.935  -14.512 0.6999999881
18555  -15.510  -63.514  -15.067 0.6999999881
18682  -29.727  -64.319  -25.767 0.8000000119
18686  -10.877  -62.656  -27.048 1.0000000000
19310  -25.640  -62.008  -17.307 0.8999999762
19413  -10.196  -61.761  -23.639 1.0000000000
19426  -10.358  -61.843  -25.101 0.8000000119
19428  -11.702  -62.867  -26.599 0.6000000238
19440  -10.612  -62.047  -26.145 0.8000000119
20117  -14.983  -61.859  -16.570 1.0000000000
20201  -10.583  -60.958  -22.323 0.8999999762
20207  -31.632  -62.680  -22.282 0.5000000000
20219  -10.677  -61.345  -23.973 0.8999999762
20230  -31.677  -62.420  -24.696 0.8000000119
20933  -25.051  -60.762  -16.843 0.8999999762
20997  -10.826  -60.848  -22.567 0.8000000119
21005  -10.883  -60.948  -23.190 0.8999999762
21766  -18.767  -59.773  -15.788 0.8999999762
21767  -20.297  -59.949  -15.187 0.8000000119
21791  -16.193  -60.646  -17.231 1.0000000000
21892  -31.905  -60.757  -24.987 0.8000000119
21900  -30.501  -60.773  -25.356 0.8000000119
22735  -33.114  -59.096  -23.263 0.6999999881
23624  -32.924  -58.728  -21.627 0.6000000238
24520  -33.307  -57.795  -23.396 0.6000000238
24535  -32.526  -58.121  -24.342 0.8000000119
34973  -14.460  -44.884  -22.922 0.4000000060
34974  -14.881  -44.801  -22.863 0.3000000119
110936  -11.023  -90.772  -31.001 1.0000000000
110939  -11.576  -89.890  -31.800 1.0000000000
110940  -13.349  -91.370  -30.244 0.8999999762
110958  -11.151  -82.801  -28.515 0.6000000238
110959  -11.488  -84.076  -29.343 0.6000000238
110974  -16.024  -83.424  -30.155 0.8000000119
110980  -21.705  -74.947  -21.476 1.0000000000
110983  -21.099  -74.629  -21.966 1.0000000000
110985  -21.419  -73.905  -22.896 1.0000000000
110988  -26.220  -73.503  -24.616 1.0000000000
110992  -24.843  -70.999  -24.408 1.0000000000
110995  -17.369  -67.976  -13.375 1.0000000000
110996  -22.450  -70.535  -23.214 1.0000000000
111012  -20.871  -73.885  -19.068 1.0000000000
111029  -23.910  -66.549  -19.753 0.6000000238
111032  -18.089  -67.784  -13.178 1.0000000000
111058  -16.637  -62.985  -15.000 0.6999999881
111073  -21.533  -60.445  -13.529 0.6000000238
111093  -13.487  -64.584  -13.826 0.6999999881
111120  -10.337  -60.371  -15.976 0.8999999762
111121  -11.583  -59.748  -15.771 0.8999999762
111126  -9.924  -58.047  -17.431 0.8999999762
111210  -14.965  -44.618  -23.573 0.3000000119
111214  -14.031  -45.794  -24.746 0.3000000119
111343  -11.652  -63.588  -27.986 1.0000000000
111556  -13.338  -84.420  -29.662 0.6000000238
111688  -12.631  -83.482  -27.542 0.6000000238
111689  -11.308  -90.626  -32.171 1.0000000000
111750  -11.331  -91.347  -32.607 1.0000000000
111829  -29.278  -66.260  -26.035 0.8000000119
111837  -26.487  -75.428  -24.940 1.0000000000
111844  -11.427  -83.450  -28.594 0.6000000238
111875  -23.532  -70.849  -25.086 1.0000000000
111885  -25.416  -71.373  -24.820 1.0000000000
111915  -31.049  -66.583  -26.362 0.6000000238
111944  -14.117  -46.422  -25.073 0.3000000119
112013  -11.408  -63.077  -27.409 0.6999999881
112103  -11.897  -92.159  -30.684 0.8999999762
112232  -10.915  -86.847  -22.583 0.8999999762
112342  -11.551  -75.564  -18.776 0.5000000000
113072  -21.312  -81.818  -32.096 1.0000000000
113117  -13.974  -93.689  -24.940 0.6000000238
113121  -12.530  -78.187  -25.512 1.0000000000
113174  -11.905  -82.906  -20.297 0.8999999762
113273  -25.652  -78.223  -24.865 1.0000000000
113639  -10.837  -79.909  -31.635 0.4000000060
113805  -18.618  -96.495  -30.498 0.6000000238
114102  -23.921  -79.505  -24.401 1.0000000000
114297  -12.351  -90.262  -22.851 0.8999999762
114407  -16.454  -89.282  -26.344 0.6999999881
114439  -25.285  -72.804  -25.771 1.0000000000
114589  -18.523  -79.976  -30.046 1.0000000000
114969  -31.127  -65.036  -25.322 0.6999999881
115318  -13.551  -78.947  -27.725 0.8000000119
115332  -11.790  -91.053  -24.275 0.8999999762
115385  -21.513  -95.288  -34.715 0.6999999881
115536  -19.380  -78.681  -28.947 1.0000000000
115559  -18.164  -74.472  -18.494 1.0000000000
115810  -25.480  -77.240  -25.887 1.0000000000
116012  -16.432  -73.770  -24.471 1.0000000000
116064  -16.577  -77.732  -26.541 1.0000000000
116105  -11.161  -70.207  -19.637 0.8999999762
116836  -16.038  -71.927  -26.430 1.0000000000
116906  -10.064  -59.618  -17.164 0.8999999762
117026  -10.711  -78.979  -24.079 1.0000000000
117175  -13.052  -75.674  -19.562 0.5000000000
117617  -13.502  -87.712  -22.606 0.6999999881
117722  -16.715  -79.634  -22.148 1.0000000000
118284  -21.092  -84.785  -34.361 0.8999999762
118575  -21.127  -88.728  -39.976 0.8000000119
118643  -13.299  -70.768  -20.070 1.0000000000
118778  -25.820  -77.076  -25.423 1.0000000000
118862  -14.876  -76.703  -25.008 1.0000000000
119170  -20.776  -73.995  -26.849 1.0000000000
120199  -16.762  -83.380  -25.639 1.0000000000
120228  -20.808  -82.728  -33.067 0.8999999762
120302  -12.280  -66.583  -27.974 0.6999999881
120475  -16.338  -81.349  -27.401 0.8999999762
120529  -11.147  -61.279  -23.997 0.8000000119
120924  -23.062  -73.666  -26.677 1.0000000000
120976  -10.711  -86.349  -21.378 0.8999999762
121273  -12.136  -73.322  -27.140 1.0000000000
121506  -25.167  -74.948  -25.795 1.0000000000
121867  -17.941  -95.972  -31.696 0.6999999881
121943  -16.687  -89.350  -36.090 0.5000000000
121975  -17.846  -74.825  -26.638 1.0000000000
122182  -12.214  -65.907  -28.111 1.0000000000
122379  -16.641  -73.974  -26.586 1.0000000000
122591  -24.411  -71.764  -25.672 1.0000000000
123483  -13.480  -95.570  -28.100 0.8000000119
123736  -26.040  -75.116  -23.805 1.0000000000
124075  -19.910  -77.139  -21.587 1.0000000000
124242  -11.084  -82.299  -17.626 0.8000000119
124628  -12.993  -87.786  -18.067 0.8999999762
124800  -19.102  -92.832  -33.637 0.8999999762
124828  -19.474  -74.705  -18.630 1.0000000000
125009  -14.112  -86.692  -21.496 0.6999999881
125674  -13.988  -64.936  -12.957 0.6000000238
125926  -24.663  -77.885  -27.842 1.0000000000
125935  -21.439  -85.921  -37.783 0.8999999762
125937  -10.971  -88.990  -22.500 0.8999999762
126051  -10.771  -71.474  -16.094 0.6000000238
126136  -13.860  -64.534  -14.459 0.6999999881
126274  -17.798  -94.573  -36.638 1.0000000000
126356  -15.091  -92.504  -25.825 0.6000000238
126406  -10.660  -70.168  -14.566 0.5000000000
126458  -11.693  -71.155  -22.235 1.0000000000
126530  -15.666  -73.989  -26.537 1.0000000000
127119  -21.280  -77.548  -21.627 1.0000000000
127142  -22.625  -79.709  -30.400 1.0000000000
127152  -20.095  -76.503  -21.637 1.0000000000
127293  -11.723  -84.334  -29.220 0.6000000238
127300  -11.795  -88.927  -30.511 1.0000000000
127316  -13.102  -83.730  -28.135 0.6000000238
127317  -13.865  -84.426  -30.124 0.5000000000
127318  -11.855  -83.466  -28.080 0.6000000238
127360  -14.627  -95.266  -30.707 0.8000000119
128147  -19.716  -92.272  -36.786 0.8999999762
128151  -13.823  -81.454  -27.084 0.8000000119
128271  -21.967  -72.874  -27.090 1.0000000000
128348  -11.437  -67.423  -27.231 0.8999999762
128424  -14.894  -47.701  -25.693 0.3000000119
128717  -21.314  -96.433  -29.768 0.6000000238
128859  -13.810  -92.717  -35.299 1.0000000000
128911  -10.020  -61.255  -16.182 0.8999999762
129067  -16.796  -73.185  -26.541 1.0000000000
129156  -16.846  -86.759  -34.189 0.8000000119
129250  -10.885  -86.528  -19.420 0.8999999762
129400  -22.874  -79.300  -30.123 1.0000000000
129879  -15.731  -82.919  -22.844 1.0000000000
129956  -17.876  -80.238  -27.804 1.0000000000
130187  -24.895  -78.371  -23.140 1.0000000000
130629  -14.252  -74.511  -26.346 1.0000000000
131121  -19.693  -80.784  -23.424 1.0000000000
131159  -23.425  -88.685  -35.894 0.8999999762
131644  -17.141  -90.337  -30.845 1.0000000000
131764  -16.586  -81.977  -28.615 1.0000000000
131984  -10.721  -77.465  -32.499 0.5000000000
131986  -17.207  -72.528  -23.229 1.0000000000
132183  -22.395  -71.252  -20.752 1.0000000000
132280  -21.255  -78.075  -21.804 1.0000000000
132355  -16.562  -76.969  -26.583 1.0000000000
132368  -21.726  -71.234  -25.421 1.0000000000
132403  -13.758  -88.070  -34.339 0.4000000060
132685  -20.246  -77.292  -25.906 1.0000000000
132726  -21.253  -51.598  -23.424 1.0000000000
132832  -13.568  -85.255  -31.155 0.5000000000
133030  -24.607  -89.750  -45.483 0.4000000060
133075  -16.627  -79.380  -26.458 1.0000000000
133173  -21.841  -81.342  -29.822 1.0000000000
133325  -18.808  -86.372  -35.105 0.8999999762
133390  -9.890  -70.802  -17.909 0.6999999881
133639  -19.991  -91.754  -32.498 0.8999999762
133644  -21.975  -79.627  -23.417 1.0000000000
133759  -14.614  -83.404  -26.346 1.0000000000
133837  -24.005  -79.230  -23.768 1.0000000000
133914  -17.044  -85.299  -27.035 1.0000000000
133976  -13.043  -85.530  -31.521 0.5000000000
134399  -21.949  -70.509  -22.661 1.0000000000
134506  -11.243  -63.185  -27.609 0.6999999881
134611  -20.938  -77.653  -29.831 1.0000000000
134654  -23.616  -71.710  -21.573 1.0000000000
134690  -14.567  -77.427  -26.810 1.0000000000
134788  -12.952  -83.226  -26.874 0.6999999881
134914  -10.850  -77.751  -21.492 0.6999999881
135231  -15.447  -68.275  -13.938 1.0000000000
135489  -21.143  -81.664  -32.462 1.0000000000
