#!ascii label  , from subject sub-v2s9x29151_ses-1 vox2ras=TkReg
4570
987  32.907  -85.663  -22.085 0.0000000000
18347  17.988  -60.805  -34.158 0.0000000000
9368  12.339  -71.081  -12.265 0.0000000000
7389  21.683  -73.203  -46.427 0.0000000000
29121  18.833  -49.076  -27.485 0.0000000000
3548  39.926  -79.258  -33.148 0.0000000000
8741  7.031  -72.776  -24.884 0.0000000000
19174  10.695  -59.652  -28.936 0.0000000000
30018  15.653  -47.771  -30.214 0.0000000000
1018  19.782  -85.801  -24.573 0.0000000000
274  16.264  -89.293  -23.237 0.0000000000
2023  15.560  -82.552  -16.287 0.0000000000
18213  9.313  -60.022  -20.975 0.0000000000
3116  24.242  -80.845  -36.295 0.0000000000
123823  17.999  -65.923  -38.879 0.0000000000
3413  37.943  -80.072  -20.414 0.0000000000
4515  43.749  -76.316  -25.793 0.0000000000
106458  38.027  -80.560  -25.388 0.0000000000
30877  13.944  -47.012  -28.329 0.0000000000
805  18.389  -86.351  -28.238 0.0000000000
110648  16.784  -84.712  -6.507 0.0000000000
2827  10.589  -80.859  -8.792 0.0000000000
120518  7.729  -74.151  -16.114 0.0000000000
17279  16.789  -60.856  -18.741 0.0000000000
15623  19.171  -63.550  -24.197 0.0000000000
18220  22.862  -60.133  -24.933 0.0000000000
119928  17.629  -79.448  -40.463 0.0000000000
102657  19.453  -86.059  -40.220 0.0000000000
106164  23.279  -75.958  -41.110 0.0000000000
8110  27.406  -72.479  -38.845 0.0000000000
6016  29.799  -76.944  -46.626 0.0000000000
13269  10.086  -65.849  -32.395 0.0000000000
9631  14.100  -70.193  -29.589 0.0000000000
120596  17.627  -62.613  -35.841 0.0000000000
29099  28.287  -48.428  -26.759 0.0000000000
107986  37.407  -80.526  -38.609 0.0000000000
8127  15.681  -71.769  -41.394 0.0000000000
13982  5.009  -64.979  -26.573 0.0000000000
18310  11.533  -60.533  -31.659 0.0000000000
113685  13.145  -53.768  -32.016 0.0000000000
263  24.528  -89.883  -21.891 0.0000000000
1036  28.777  -85.530  -25.945 0.0000000000
15  20.919  -92.126  -28.005 0.0000000000
1545  20.695  -83.103  -13.676 0.0000000000
357  17.056  -89.080  -16.391 0.0000000000
13866  5.033  -64.921  -17.349 0.0000000000
23366  26.724  -54.399  -20.157 0.0000000000
29024  22.141  -49.062  -20.641 0.0000000000
121771  23.464  -86.093  -22.237 0.0000000000
108270  28.732  -84.307  -22.433 0.0000000000
2250  30.641  -82.899  -39.024 0.0000000000
3135  28.730  -80.818  -38.613 0.0000000000
7223  7.131  -74.707  -28.830 0.0000000000
106860  9.924  -67.934  -36.589 0.0000000000
11588  20.415  -68.545  -38.079 0.0000000000
14986  25.262  -64.529  -43.086 0.0000000000
1608  35.719  -82.710  -19.781 0.0000000000
2939  39.112  -80.968  -22.387 0.0000000000
118979  35.570  -82.949  -23.868 0.0000000000
6286  10.364  -74.882  -8.990 0.0000000000
3786  12.266  -79.238  -7.807 0.0000000000
5642  11.167  -75.501  -11.101 0.0000000000
4993  8.175  -76.495  -12.163 0.0000000000
7774  10.085  -72.068  -14.712 0.0000000000
16412  17.469  -62.124  -22.382 0.0000000000
17340  19.654  -61.511  -21.901 0.0000000000
16472  21.937  -62.112  -26.091 0.0000000000
5366  20.228  -76.095  -42.905 0.0000000000
4153  20.932  -79.826  -41.807 0.0000000000
4738  23.266  -79.105  -46.087 0.0000000000
5993  27.443  -77.109  -42.414 0.0000000000
6019  25.524  -77.661  -46.758 0.0000000000
16588  11.817  -62.487  -35.241 0.0000000000
14883  13.474  -64.916  -34.023 0.0000000000
17507  14.951  -61.234  -38.016 0.0000000000
29929  25.690  -47.799  -24.044 0.0000000000
29102  25.126  -49.078  -26.059 0.0000000000
4024  42.781  -78.233  -29.763 0.0000000000
4572  43.571  -76.541  -30.904 0.0000000000
118128  42.208  -77.831  -34.170 0.0000000000
4114  40.678  -77.669  -38.566 0.0000000000
117291  39.006  -78.907  -35.940 0.0000000000
107538  7.346  -61.173  -27.416 0.0000000000
16537  7.228  -62.439  -30.540 0.0000000000
19196  8.249  -59.061  -30.989 0.0000000000
27274  20.265  -50.908  -24.834 0.0000000000
27276  18.314  -50.435  -25.198 0.0000000000
30022  11.654  -46.936  -30.044 0.0000000000
27297  12.298  -49.515  -29.306 0.0000000000
281  19.597  -89.710  -24.338 0.0000000000
77  23.196  -91.236  -25.194 0.0000000000
300  19.586  -90.164  -26.882 0.0000000000
112632  16.428  -87.887  -26.749 0.0000000000
211  15.608  -90.656  -30.874 0.0000000000
110812  13.400  -91.243  -28.968 0.0000000000
92  13.315  -90.588  -26.060 0.0000000000
1524  17.565  -83.782  -11.841 0.0000000000
676  19.528  -86.428  -11.660 0.0000000000
924  15.220  -86.301  -14.292 0.0000000000
108241  12.353  -63.625  -17.812 0.0000000000
14678  9.728  -64.824  -16.895 0.0000000000
15597  6.954  -62.700  -19.264 0.0000000000
106954  5.028  -66.234  -20.603 0.0000000000
102699  6.094  -63.336  -22.938 0.0000000000
23369  22.565  -54.170  -20.986 0.0000000000
24346  28.684  -53.413  -20.575 0.0000000000
27162  26.067  -50.649  -20.420 0.0000000000
28102  27.699  -48.265  -21.033 0.0000000000
973  20.980  -85.447  -20.097 0.0000000000
515  22.314  -88.324  -18.374 0.0000000000
395  20.090  -88.324  -22.101 0.0000000000
573  23.205  -87.679  -25.174 0.0000000000
1425  23.683  -83.956  -42.045 0.0000000000
102715  19.823  -88.135  -41.016 0.0000000000
103036  22.857  -85.480  -39.888 0.0000000000
1415  26.128  -84.565  -39.888 0.0000000000
2654  26.417  -81.822  -35.814 0.0000000000
105411  26.877  -77.015  -33.390 0.0000000000
7189  8.750  -74.668  -24.459 0.0000000000
107260  16.427  -68.461  -34.733 0.0000000000
9683  11.896  -70.160  -33.314 0.0000000000
12480  13.814  -67.160  -38.640 0.0000000000
10675  15.921  -69.299  -38.550 0.0000000000
12531  17.190  -67.138  -42.429 0.0000000000
4480  42.221  -77.904  -21.283 0.0000000000
123568  41.010  -79.036  -24.970 0.0000000000
104365  39.956  -80.058  -29.121 0.0000000000
30901  18.489  -46.391  -29.515 0.0000000000
115695  13.541  -43.947  -30.520 0.0000000000
32870  13.807  -44.303  -32.476 0.0000000000
804  21.131  -86.324  -28.016 0.0000000000
2122  20.147  -82.488  -25.676 0.0000000000
1668  17.705  -83.752  -24.344 0.0000000000
984  16.929  -85.199  -21.685 0.0000000000
2345  16.618  -82.022  -4.565 0.0000000000
2347  13.004  -82.442  -4.127 0.0000000000
1944  13.868  -83.279  -7.992 0.0000000000
1163  12.878  -85.321  -11.411 0.0000000000
2400  9.959  -81.885  -11.174 0.0000000000
18210  13.134  -59.910  -19.980 0.0000000000
16440  9.821  -62.136  -22.731 0.0000000000
16437  14.057  -62.258  -23.557 0.0000000000
103544  16.087  -64.460  -23.410 0.0000000000
18205  24.099  -60.664  -20.975 0.0000000000
102754  19.744  -81.067  -37.290 0.0000000000
2687  22.851  -80.986  -39.566 0.0000000000
113638  24.432  -78.727  -38.679 0.0000000000
5928  25.294  -75.477  -36.156 0.0000000000
114580  26.094  -74.652  -39.419 0.0000000000
7367  28.972  -73.662  -43.006 0.0000000000
11457  8.385  -68.244  -28.142 0.0000000000
9585  11.624  -70.422  -26.193 0.0000000000
12378  12.402  -67.436  -29.423 0.0000000000
13263  16.740  -67.021  -32.500 0.0000000000
14918  19.297  -65.105  -35.117 0.0000000000
27272  25.576  -51.156  -26.582 0.0000000000
28190  23.172  -49.858  -27.396 0.0000000000
29143  21.352  -48.191  -28.376 0.0000000000
3628  37.922  -78.349  -41.096 0.0000000000
3167  35.173  -80.296  -42.187 0.0000000000
108634  16.667  -76.017  -41.343 0.0000000000
7355  19.333  -73.512  -41.207 0.0000000000
119912  5.493  -68.332  -25.686 0.0000000000
13238  7.130  -66.501  -30.354 0.0000000000
15728  9.720  -63.716  -32.638 0.0000000000
17429  14.621  -62.147  -31.713 0.0000000000
21774  14.717  -56.730  -30.375 0.0000000000
24458  13.726  -53.193  -30.179 0.0000000000
22618  11.258  -56.614  -31.609 0.0000000000
20905  11.562  -57.593  -33.502 0.0000000000
20059  14.755  -58.315  -33.275 0.0000000000
20898  17.973  -57.852  -33.215 0.0000000000
391  28.332  -88.573  -21.408 0.0000000000
1011  31.397  -85.776  -24.151 0.0000000000
277  28.162  -88.951  -24.431 0.0000000000
190  25.385  -89.518  -27.277 0.0000000000
209  17.901  -90.885  -29.085 0.0000000000
126  19.522  -91.542  -31.976 0.0000000000
712  17.203  -86.466  -18.278 0.0000000000
107289  21.143  -84.547  -8.575 0.0000000000
689  19.893  -87.554  -14.983 0.0000000000
156  17.001  -89.990  -21.086 0.0000000000
115841  8.209  -68.136  -15.851 0.0000000000
9444  7.481  -69.882  -17.469 0.0000000000
112511  6.645  -72.462  -18.934 0.0000000000
20803  25.360  -57.608  -22.246 0.0000000000
21669  25.141  -55.998  -22.415 0.0000000000
20780  27.130  -57.262  -19.267 0.0000000000
112889  28.608  -56.882  -21.830 0.0000000000
30807  26.832  -46.688  -22.243 0.0000000000
112258  25.355  -85.827  -18.415 0.0000000000
108960  25.412  -85.090  -25.185 0.0000000000
549  27.001  -87.401  -21.447 0.0000000000
1238  30.087  -85.313  -19.680 0.0000000000
2521  32.591  -81.695  -24.885 0.0000000000
3469  35.919  -79.882  -27.308 0.0000000000
3110  35.367  -80.036  -36.039 0.0000000000
2669  33.980  -81.883  -38.775 0.0000000000
2703  31.497  -82.048  -42.858 0.0000000000
2275  28.430  -82.561  -42.135 0.0000000000
3618  31.097  -79.132  -40.299 0.0000000000
107856  10.404  -72.489  -29.162 0.0000000000
115733  6.948  -70.142  -32.708 0.0000000000
8095  13.808  -73.135  -37.414 0.0000000000
8092  18.434  -72.190  -36.871 0.0000000000
8952  22.012  -71.062  -41.872 0.0000000000
17503  21.414  -61.224  -37.304 0.0000000000
14939  23.360  -64.701  -37.234 0.0000000000
15804  27.009  -63.658  -39.317 0.0000000000
14965  21.893  -64.894  -41.614 0.0000000000
118886  22.276  -66.965  -42.359 0.0000000000
9781  25.162  -69.843  -40.794 0.0000000000
7369  25.972  -73.013  -44.050 0.0000000000
7399  27.987  -73.946  -48.476 0.0000000000
7402  33.313  -74.089  -49.161 0.0000000000
1249  33.969  -84.731  -20.430 0.0000000000
115970  35.977  -83.381  -21.893 0.0000000000
1275  34.266  -84.479  -22.758 0.0000000000
7734  11.655  -72.357  -10.556 0.0000000000
6302  12.058  -74.999  -9.869 0.0000000000
6996  12.498  -72.682  -11.943 0.0000000000
7005  10.807  -73.542  -12.773 0.0000000000
8566  11.823  -71.357  -13.892 0.0000000000
17293  19.003  -61.217  -19.875 0.0000000000
18208  20.788  -60.610  -20.614 0.0000000000
121534  21.360  -75.415  -45.390 0.0000000000
4740  21.663  -77.887  -45.391 0.0000000000
5386  22.921  -77.401  -47.377 0.0000000000
110770  24.829  -77.190  -47.213 0.0000000000
6667  24.117  -75.672  -47.079 0.0000000000
16586  15.036  -62.063  -34.230 0.0000000000
17474  13.503  -61.513  -36.253 0.0000000000
18358  16.069  -60.822  -36.315 0.0000000000
29943  24.237  -48.088  -24.769 0.0000000000
3523  41.776  -78.968  -31.415 0.0000000000
4056  42.607  -78.174  -32.350 0.0000000000
4065  40.820  -78.834  -33.256 0.0000000000
106851  40.476  -78.445  -34.743 0.0000000000
4070  39.539  -78.619  -34.377 0.0000000000
18261  8.373  -59.802  -28.104 0.0000000000
18284  7.345  -59.907  -29.049 0.0000000000
20028  8.705  -58.213  -30.078 0.0000000000
28192  19.961  -49.947  -27.467 0.0000000000
27275  19.347  -50.886  -24.681 0.0000000000
28194  18.230  -49.493  -26.105 0.0000000000
30020  13.680  -47.105  -30.143 0.0000000000
119354  18.910  -87.569  -25.009 0.0000000000
287  19.176  -90.199  -25.375 0.0000000000
426  19.318  -88.367  -26.358 0.0000000000
104594  15.988  -89.147  -25.776 0.0000000000
302  15.902  -90.383  -27.676 0.0000000000
89  15.436  -91.056  -26.406 0.0000000000
100  13.409  -91.056  -27.510 0.0000000000
72  15.419  -90.773  -24.959 0.0000000000
1993  16.748  -82.929  -14.047 0.0000000000
1188  17.599  -84.477  -14.199 0.0000000000
1199  15.801  -84.919  -15.756 0.0000000000
16382  10.865  -61.874  -19.448 0.0000000000
16373  9.576  -62.823  -19.219 0.0000000000
17325  7.584  -60.802  -20.382 0.0000000000
16418  5.315  -61.608  -21.627 0.0000000000
102188  7.490  -59.683  -22.912 0.0000000000
26240  25.930  -52.050  -21.075 0.0000000000
106209  20.141  -85.413  -22.205 0.0000000000
740  19.525  -87.339  -21.291 0.0000000000
761  19.225  -87.226  -23.380 0.0000000000
404  19.668  -88.433  -23.731 0.0000000000
2675  24.154  -81.999  -38.368 0.0000000000
1426  23.127  -84.855  -41.767 0.0000000000
113519  23.361  -83.348  -37.106 0.0000000000
1799  24.465  -83.476  -36.709 0.0000000000
2646  24.899  -81.584  -35.217 0.0000000000
3563  26.593  -79.892  -34.502 0.0000000000
117432  25.599  -79.169  -34.394 0.0000000000
7937  7.836  -74.419  -24.121 0.0000000000
12477  17.026  -66.980  -37.200 0.0000000000
12466  15.520  -67.956  -36.621 0.0000000000
13334  15.409  -66.654  -38.751 0.0000000000
13357  14.946  -66.642  -41.181 0.0000000000
114209  17.275  -65.733  -41.312 0.0000000000
3951  39.866  -77.812  -21.401 0.0000000000
3946  39.873  -78.898  -20.421 0.0000000000
2953  38.422  -81.125  -23.675 0.0000000000
3435  40.214  -79.874  -23.423 0.0000000000
2961  39.509  -79.837  -25.600 0.0000000000
3466  40.334  -79.496  -26.776 0.0000000000
2990  38.998  -79.916  -27.283 0.0000000000
30902  17.581  -46.148  -29.412 0.0000000000
31860  18.006  -45.079  -30.441 0.0000000000
33821  15.428  -43.277  -31.304 0.0000000000
32857  12.960  -43.433  -31.446 0.0000000000
2083  18.013  -81.872  -22.130 0.0000000000
1284  17.046  -84.608  -23.297 0.0000000000
2055  17.747  -82.933  -21.058 0.0000000000
2787  11.059  -80.574  -4.493 0.0000000000
108991  12.469  -80.134  -8.934 0.0000000000
2375  13.636  -81.421  -8.122 0.0000000000
1946  12.733  -82.556  -8.508 0.0000000000
1513  13.231  -84.435  -10.081 0.0000000000
1959  11.244  -82.896  -9.500 0.0000000000
1981  11.170  -83.196  -11.146 0.0000000000
2833  9.230  -80.702  -10.096 0.0000000000
5688  7.603  -75.266  -13.887 0.0000000000
111606  7.601  -77.829  -13.508 0.0000000000
17297  14.826  -60.765  -19.635 0.0000000000
17343  13.385  -61.846  -21.094 0.0000000000
16396  15.277  -62.170  -21.031 0.0000000000
16459  18.135  -62.882  -25.427 0.0000000000
118545  16.555  -62.955  -25.503 0.0000000000
14773  17.484  -63.698  -24.456 0.0000000000
17351  23.319  -61.613  -25.138 0.0000000000
16410  22.495  -62.814  -22.880 0.0000000000
110026  23.747  -61.816  -23.811 0.0000000000
17312  23.797  -61.247  -21.539 0.0000000000
18228  24.624  -60.674  -24.144 0.0000000000
3153  18.532  -80.759  -39.614 0.0000000000
4722  22.483  -78.486  -41.950 0.0000000000
3613  21.297  -79.087  -38.574 0.0000000000
4135  22.467  -78.115  -39.234 0.0000000000
3622  24.123  -79.525  -39.510 0.0000000000
4703  23.608  -77.172  -39.066 0.0000000000
120841  23.946  -75.715  -38.217 0.0000000000
6612  24.026  -74.713  -40.405 0.0000000000
6011  28.702  -77.585  -44.833 0.0000000000
5991  28.239  -76.887  -42.197 0.0000000000
7383  30.518  -74.288  -45.826 0.0000000000
115344  9.679  -67.003  -30.449 0.0000000000
12364  11.026  -67.735  -28.776 0.0000000000
13234  11.140  -66.739  -30.887 0.0000000000
14919  15.177  -63.914  -35.135 0.0000000000
14040  15.337  -65.258  -33.245 0.0000000000
14899  16.813  -64.332  -34.304 0.0000000000
14058  18.124  -65.417  -34.184 0.0000000000
120539  18.716  -63.897  -34.664 0.0000000000
112726  26.913  -50.316  -26.598 0.0000000000
29104  23.288  -48.906  -26.461 0.0000000000
28168  23.831  -49.562  -26.938 0.0000000000
29118  23.036  -49.270  -27.124 0.0000000000
29119  22.426  -49.165  -27.603 0.0000000000
29967  22.049  -48.382  -27.467 0.0000000000
5933  41.410  -75.435  -37.372 0.0000000000
118859  39.346  -79.099  -38.210 0.0000000000
4126  39.466  -77.855  -39.919 0.0000000000
3617  38.086  -79.384  -40.617 0.0000000000
3630  36.576  -79.422  -41.546 0.0000000000
3156  36.164  -80.833  -40.648 0.0000000000
7365  14.929  -72.461  -44.774 0.0000000000
5986  15.736  -75.029  -45.237 0.0000000000
6641  16.197  -73.487  -42.618 0.0000000000
6640  18.652  -74.722  -40.936 0.0000000000
7346  17.760  -72.682  -40.592 0.0000000000
13981  6.358  -64.677  -26.307 0.0000000000
13191  6.213  -65.643  -25.946 0.0000000000
11394  6.002  -67.745  -24.784 0.0000000000
103297  5.114  -66.630  -26.356 0.0000000000
12369  5.705  -67.728  -28.238 0.0000000000
13996  6.162  -65.748  -29.000 0.0000000000
17435  8.427  -61.838  -31.297 0.0000000000
15720  8.101  -63.724  -31.360 0.0000000000
118883  10.811  -62.317  -31.224 0.0000000000
16561  12.705  -63.080  -32.222 0.0000000000
18309  13.545  -61.288  -31.484 0.0000000000
121713  15.564  -47.747  -27.367 0.0000000000
28172  15.507  -49.002  -26.496 0.0000000000
26365  12.353  -51.155  -31.035 0.0000000000
120348  12.802  -51.648  -29.827 0.0000000000
24465  12.911  -53.467  -31.037 0.0000000000
104781  13.092  -55.284  -31.298 0.0000000000
23505  12.414  -54.986  -31.879 0.0000000000
21794  10.960  -56.426  -32.419 0.0000000000
23534  12.306  -54.819  -33.063 0.0000000000
123787  15.967  -54.692  -32.463 0.0000000000
121811  14.957  -56.124  -33.493 0.0000000000
118981  16.006  -56.034  -32.931 0.0000000000
20057  16.735  -58.615  -33.217 0.0000000000
110251  26.745  -89.368  -21.680 0.0000000000
110991  28.749  -88.652  -22.657 0.0000000000
167  26.085  -90.057  -23.001 0.0000000000
5  22.119  -91.701  -26.279 0.0000000000
185  24.607  -90.322  -25.972 0.0000000000
94  23.055  -91.098  -27.690 0.0000000000
306  24.306  -89.252  -28.696 0.0000000000
109989  22.709  -90.881  -29.668 0.0000000000
816  20.223  -86.348  -29.147 0.0000000000
448  20.189  -88.426  -29.702 0.0000000000
456  18.619  -88.902  -30.685 0.0000000000
127  15.242  -91.282  -32.207 0.0000000000
37  17.432  -92.050  -31.021 0.0000000000
1223  18.380  -84.116  -18.219 0.0000000000
1195  19.556  -84.625  -15.546 0.0000000000
1131  17.408  -83.889  -5.257 0.0000000000
1924  18.497  -83.207  -6.410 0.0000000000
894  19.426  -85.026  -7.482 0.0000000000
493  17.964  -88.328  -14.232 0.0000000000
487  19.966  -87.588  -13.823 0.0000000000
355  19.007  -89.004  -15.975 0.0000000000
361  18.439  -89.453  -17.713 0.0000000000
246  17.740  -90.066  -18.428 0.0000000000
46  15.626  -90.393  -20.920 0.0000000000
120855  14.888  -89.808  -19.462 0.0000000000
14680  6.509  -64.636  -16.737 0.0000000000
13845  8.588  -65.460  -15.746 0.0000000000
115974  5.684  -65.552  -15.769 0.0000000000
12154  5.345  -67.384  -14.504 0.0000000000
12163  6.982  -67.197  -16.944 0.0000000000
10332  9.279  -68.618  -17.078 0.0000000000
12189  7.590  -67.174  -18.367 0.0000000000
11318  5.675  -68.226  -21.368 0.0000000000
10377  5.828  -69.443  -19.070 0.0000000000
15643  10.725  -63.795  -23.403 0.0000000000
14763  9.248  -64.155  -22.917 0.0000000000
19968  25.086  -58.394  -24.152 0.0000000000
122569  24.734  -56.759  -23.030 0.0000000000
23396  24.443  -54.380  -21.516 0.0000000000
105646  23.762  -54.894  -21.604 0.0000000000
23367  25.786  -54.853  -21.093 0.0000000000
21650  26.021  -56.223  -19.741 0.0000000000
22479  27.353  -55.903  -19.250 0.0000000000
21648  28.093  -57.100  -20.346 0.0000000000
22494  28.404  -55.722  -20.394 0.0000000000
25312  29.514  -52.257  -21.331 0.0000000000
110065  29.222  -54.732  -22.315 0.0000000000
24416  29.567  -53.130  -23.360 0.0000000000
29874  27.475  -47.471  -21.336 0.0000000000
29043  25.143  -47.642  -21.038 0.0000000000
29060  24.575  -47.495  -21.743 0.0000000000
930  23.903  -86.206  -15.412 0.0000000000
727  22.917  -87.425  -20.475 0.0000000000
523  23.767  -87.462  -19.153 0.0000000000
725  24.098  -86.594  -19.928 0.0000000000
990  24.335  -85.150  -22.473 0.0000000000
394  23.864  -89.123  -22.810 0.0000000000
551  25.625  -87.732  -23.037 0.0000000000
393  25.667  -88.425  -21.755 0.0000000000
532  27.398  -87.980  -20.726 0.0000000000
1626  29.861  -83.227  -20.849 0.0000000000
1613  31.056  -83.956  -19.919 0.0000000000
1252  29.155  -84.759  -21.297 0.0000000000
1025  30.481  -85.989  -25.072 0.0000000000
1661  32.172  -83.582  -24.002 0.0000000000
1674  30.503  -83.022  -25.172 0.0000000000
3007  36.087  -80.314  -28.774 0.0000000000
2693  32.803  -82.131  -41.452 0.0000000000
2258  31.553  -82.923  -40.598 0.0000000000
102980  15.732  -86.926  -40.115 0.0000000000
2673  27.864  -81.900  -38.908 0.0000000000
1811  27.332  -83.787  -40.827 0.0000000000
2683  27.966  -81.396  -40.722 0.0000000000
3159  29.254  -80.610  -41.341 0.0000000000
3620  29.780  -79.958  -39.452 0.0000000000
4120  31.369  -78.065  -38.987 0.0000000000
4122  30.170  -79.045  -38.032 0.0000000000
7299  26.662  -73.745  -37.825 0.0000000000
9603  13.190  -70.404  -27.918 0.0000000000
7965  12.040  -71.912  -26.997 0.0000000000
8796  12.347  -71.568  -29.294 0.0000000000
10611  11.071  -69.062  -34.853 0.0000000000
9674  9.735  -70.503  -32.643 0.0000000000
111244  8.842  -69.162  -34.916 0.0000000000
9697  6.869  -69.530  -34.399 0.0000000000
9731  8.931  -69.257  -36.129 0.0000000000
8077  11.000  -72.049  -36.731 0.0000000000
118410  11.767  -70.507  -37.788 0.0000000000
10673  17.996  -68.999  -38.113 0.0000000000
9749  17.410  -70.486  -36.936 0.0000000000
9747  19.736  -70.801  -37.010 0.0000000000
8936  20.982  -71.585  -38.917 0.0000000000
9765  22.231  -70.325  -38.365 0.0000000000
18394  22.553  -59.901  -38.742 0.0000000000
106878  23.880  -60.147  -37.264 0.0000000000
16601  23.428  -62.563  -36.201 0.0000000000
16621  24.694  -62.404  -37.030 0.0000000000
110431  26.931  -63.598  -41.074 0.0000000000
108115  24.576  -64.425  -40.137 0.0000000000
14988  23.630  -64.704  -42.674 0.0000000000
13377  21.120  -66.433  -43.153 0.0000000000
13396  23.918  -66.279  -43.328 0.0000000000
114495  28.284  -68.765  -42.644 0.0000000000
11633  26.472  -68.050  -41.598 0.0000000000
9802  26.968  -70.369  -41.964 0.0000000000
8959  25.488  -71.670  -42.374 0.0000000000
119479  27.783  -71.932  -43.536 0.0000000000
7375  27.550  -73.494  -45.447 0.0000000000
2903  37.134  -81.227  -19.764 0.0000000000
104170  39.096  -80.242  -20.069 0.0000000000
2476  37.612  -81.668  -20.175 0.0000000000
2499  37.449  -81.859  -22.928 0.0000000000
2516  37.124  -81.483  -24.609 0.0000000000
3773  10.701  -79.498  -6.611 0.0000000000
4941  11.415  -76.323  -8.954 0.0000000000
4335  11.405  -77.433  -9.324 0.0000000000
3830  10.349  -78.120  -9.933 0.0000000000
4350  8.801  -77.852  -10.834 0.0000000000
108112  9.935  -75.307  -11.834 0.0000000000
6342  9.157  -74.378  -13.090 0.0000000000
7042  8.564  -73.274  -15.287 0.0000000000
17278  17.771  -61.060  -18.835 0.0000000000
17317  16.680  -61.815  -20.144 0.0000000000
17294  18.128  -61.387  -19.663 0.0000000000
17341  18.778  -61.685  -21.645 0.0000000000
16432  19.438  -62.043  -24.484 0.0000000000
15637  20.757  -63.106  -25.015 0.0000000000
17352  21.025  -61.489  -24.852 0.0000000000
118750  22.205  -60.576  -24.273 0.0000000000
18221  22.159  -60.250  -23.414 0.0000000000
4724  19.583  -78.312  -41.560 0.0000000000
4144  19.567  -79.824  -40.950 0.0000000000
4164  20.982  -79.394  -43.103 0.0000000000
4167  22.430  -79.616  -44.070 0.0000000000
5365  23.834  -77.092  -43.081 0.0000000000
5982  24.226  -75.325  -41.776 0.0000000000
6006  24.977  -76.506  -44.261 0.0000000000
5377  26.562  -77.503  -45.622 0.0000000000
5382  27.957  -78.306  -46.858 0.0000000000
14905  10.519  -63.573  -34.475 0.0000000000
14043  12.062  -65.297  -33.607 0.0000000000
14922  11.771  -63.590  -35.705 0.0000000000
111550  13.288  -62.549  -36.962 0.0000000000
106326  15.434  -62.591  -37.406 0.0000000000
29940  26.873  -47.195  -25.413 0.0000000000
29101  26.002  -48.853  -26.248 0.0000000000
29085  25.598  -48.467  -25.602 0.0000000000
29087  23.542  -48.396  -25.517 0.0000000000
4012  43.560  -77.296  -28.403 0.0000000000
4530  43.754  -76.645  -28.168 0.0000000000
4557  43.872  -76.827  -30.009 0.0000000000
4617  43.695  -76.571  -32.974 0.0000000000
5271  43.507  -75.667  -35.037 0.0000000000
5292  42.457  -75.951  -37.338 0.0000000000
4640  41.650  -77.496  -36.628 0.0000000000
4095  39.619  -78.860  -36.927 0.0000000000
3121  37.742  -79.994  -37.299 0.0000000000
104398  5.571  -62.853  -26.755 0.0000000000
105204  6.318  -63.838  -28.836 0.0000000000
17407  6.813  -61.538  -28.836 0.0000000000
18314  7.639  -60.859  -30.733 0.0000000000
18331  9.832  -59.731  -32.396 0.0000000000
26320  22.230  -52.034  -24.714 0.0000000000
25406  18.916  -51.827  -25.688 0.0000000000
28226  11.949  -49.446  -30.744 0.0000000000
26382  12.982  -51.427  -31.832 0.0000000000
171  22.276  -90.652  -22.838 0.0000000000
56  23.629  -90.989  -23.480 0.0000000000
59  21.318  -91.274  -23.595 0.0000000000
2  20.886  -92.039  -25.006 0.0000000000
8  19.380  -92.140  -26.266 0.0000000000
591  16.792  -87.605  -27.334 0.0000000000
450  17.489  -88.386  -30.234 0.0000000000
309  16.296  -89.202  -28.914 0.0000000000
107871  14.558  -90.923  -29.410 0.0000000000
226  13.442  -90.987  -32.468 0.0000000000
1148  17.431  -85.188  -9.466 0.0000000000
902  18.966  -85.556  -8.767 0.0000000000
1158  18.849  -84.662  -11.465 0.0000000000
916  16.644  -86.361  -13.281 0.0000000000
110102  15.541  -87.419  -14.206 0.0000000000
363  14.684  -88.598  -17.521 0.0000000000
14718  8.609  -63.796  -18.166 0.0000000000
119158  5.518  -63.712  -18.506 0.0000000000
13886  5.668  -64.935  -19.198 0.0000000000
15599  4.997  -63.582  -19.973 0.0000000000
13935  5.040  -64.899  -22.065 0.0000000000
13933  6.994  -65.443  -22.485 0.0000000000
24372  25.906  -53.260  -21.273 0.0000000000
108608  28.186  -54.016  -20.017 0.0000000000
25293  27.247  -52.776  -20.667 0.0000000000
106741  27.758  -52.026  -20.582 0.0000000000
115752  28.798  -50.432  -20.590 0.0000000000
105343  29.657  -49.747  -21.338 0.0000000000
122830  26.809  -49.862  -20.363 0.0000000000
28083  24.205  -49.997  -20.253 0.0000000000
28085  22.455  -49.817  -20.396 0.0000000000
1227  21.978  -85.132  -18.877 0.0000000000
703  22.539  -87.337  -17.104 0.0000000000
716  20.472  -87.315  -19.323 0.0000000000
374  20.961  -88.499  -20.194 0.0000000000
552  21.648  -87.501  -22.444 0.0000000000
110160  22.722  -86.745  -24.503 0.0000000000
104378  21.204  -87.749  -23.598 0.0000000000
107907  21.501  -88.939  -24.333 0.0000000000
802  26.781  -86.301  -27.396 0.0000000000
119822  20.765  -84.598  -42.004 0.0000000000
102960  19.190  -87.570  -40.633 0.0000000000
893  21.431  -85.893  -43.040 0.0000000000
672  21.934  -87.286  -41.298 0.0000000000
102729  23.218  -87.359  -39.924 0.0000000000
102177  24.518  -87.091  -40.068 0.0000000000
102977  24.077  -85.476  -39.181 0.0000000000
2244  26.365  -82.874  -37.648 0.0000000000
3128  28.018  -81.079  -37.048 0.0000000000
122035  29.212  -79.347  -36.967 0.0000000000
3592  27.969  -80.118  -35.703 0.0000000000
4627  28.142  -77.822  -34.306 0.0000000000
6495  7.795  -75.771  -26.576 0.0000000000
10582  15.546  -69.323  -32.523 0.0000000000
9656  13.391  -70.381  -31.737 0.0000000000
10608  14.311  -69.190  -34.300 0.0000000000
10625  12.563  -68.770  -35.474 0.0000000000
119988  11.652  -67.572  -38.095 0.0000000000
112885  12.492  -69.068  -39.025 0.0000000000
11612  14.023  -67.784  -40.277 0.0000000000
11609  16.437  -68.423  -40.270 0.0000000000
11607  19.116  -68.209  -39.562 0.0000000000
108406  38.394  -75.805  -23.387 0.0000000000
5111  39.898  -75.871  -22.703 0.0000000000
5115  42.530  -76.399  -22.548 0.0000000000
118377  44.049  -76.927  -23.679 0.0000000000
3422  41.140  -79.260  -21.366 0.0000000000
3433  42.271  -78.383  -22.813 0.0000000000
3992  42.506  -78.024  -25.952 0.0000000000
3477  41.673  -78.983  -27.738 0.0000000000
3500  40.893  -79.618  -29.461 0.0000000000
3513  39.843  -79.924  -31.172 0.0000000000
30002  18.845  -47.061  -29.162 0.0000000000
29147  17.849  -48.127  -27.662 0.0000000000
30888  17.787  -46.902  -28.789 0.0000000000
30904  14.978  -45.851  -28.858 0.0000000000
32844  16.540  -44.143  -30.912 0.0000000000
32824  14.776  -44.648  -29.953 0.0000000000
31843  13.431  -45.364  -29.254 0.0000000000
31862  12.146  -44.786  -30.321 0.0000000000
31881  13.002  -45.104  -31.496 0.0000000000
30946  14.324  -46.315  -31.506 0.0000000000
124039  20.781  -84.418  -24.262 0.0000000000
784  20.490  -85.919  -26.304 0.0000000000
120188  21.528  -83.897  -25.698 0.0000000000
1698  20.794  -84.107  -27.148 0.0000000000
1326  19.096  -84.751  -27.550 0.0000000000
1667  18.383  -83.049  -24.771 0.0000000000
1315  17.479  -85.128  -26.376 0.0000000000
1031  16.697  -85.716  -25.336 0.0000000000
103938  16.405  -86.774  -24.320 0.0000000000
556  16.408  -87.518  -22.701 0.0000000000
1891  14.742  -82.735  -2.984 0.0000000000
110792  15.004  -83.699  -5.121 0.0000000000
2796  13.080  -81.275  -6.216 0.0000000000
2358  14.044  -82.372  -6.655 0.0000000000
1496  15.002  -84.109  -7.127 0.0000000000
1503  14.985  -84.033  -9.544 0.0000000000
1161  14.753  -84.301  -11.615 0.0000000000
122899  14.683  -83.447  -13.962 0.0000000000
2013  14.290  -82.148  -16.011 0.0000000000
1551  12.702  -84.376  -13.592 0.0000000000
3844  8.323  -78.922  -11.678 0.0000000000
17322  11.262  -60.601  -20.424 0.0000000000
103327  9.880  -59.060  -23.336 0.0000000000
17345  11.578  -61.171  -21.074 0.0000000000
107344  11.928  -62.752  -23.425 0.0000000000
15663  12.656  -63.539  -24.568 0.0000000000
16436  15.514  -62.537  -23.110 0.0000000000
15661  14.234  -63.290  -25.000 0.0000000000
14758  14.297  -64.669  -23.537 0.0000000000
15612  21.658  -63.323  -23.118 0.0000000000
1255  21.313  -84.074  -21.259 0.0000000000
116770  20.053  -84.241  -38.980 0.0000000000
3151  20.020  -80.068  -38.421 0.0000000000
2256  21.212  -81.826  -38.303 0.0000000000
102155  21.120  -83.730  -40.967 0.0000000000
2271  23.753  -82.532  -41.232 0.0000000000
2685  24.562  -80.956  -39.813 0.0000000000
3129  24.564  -80.382  -37.871 0.0000000000
4087  24.782  -78.766  -35.391 0.0000000000
4662  24.560  -77.527  -36.777 0.0000000000
5938  25.199  -75.236  -37.164 0.0000000000
122722  27.356  -74.073  -38.964 0.0000000000
5980  26.494  -75.631  -41.438 0.0000000000
6623  27.501  -74.810  -40.227 0.0000000000
120610  28.234  -73.326  -40.971 0.0000000000
8965  30.139  -72.063  -43.226 0.0000000000
10503  7.723  -69.685  -26.464 0.0000000000
9569  8.970  -71.369  -25.505 0.0000000000
108498  10.014  -69.783  -26.447 0.0000000000
11430  12.180  -68.790  -27.527 0.0000000000
11471  14.080  -68.359  -29.004 0.0000000000
112553  13.100  -66.011  -31.846 0.0000000000
12407  14.504  -66.961  -30.564 0.0000000000
115197  15.855  -68.067  -31.061 0.0000000000
12426  17.075  -67.753  -32.848 0.0000000000
12439  18.365  -66.857  -34.879 0.0000000000
14084  18.949  -66.085  -36.408 0.0000000000
26334  24.356  -52.221  -25.763 0.0000000000
27284  25.683  -49.931  -26.788 0.0000000000
27286  24.371  -50.500  -27.156 0.0000000000
26346  23.241  -51.255  -26.918 0.0000000000
27289  22.275  -51.097  -26.989 0.0000000000
111700  20.932  -49.737  -27.927 0.0000000000
28212  20.420  -49.145  -28.309 0.0000000000
110806  21.650  -47.086  -27.610 0.0000000000
5317  40.163  -76.545  -39.165 0.0000000000
3641  35.082  -79.451  -42.682 0.0000000000
3646  33.440  -79.450  -43.383 0.0000000000
7723  10.080  -72.846  -9.494 0.0000000000
5357  16.337  -77.445  -44.316 0.0000000000
4714  17.183  -77.847  -40.944 0.0000000000
5355  18.748  -76.296  -40.984 0.0000000000
5997  20.043  -75.069  -42.648 0.0000000000
7381  20.834  -73.279  -44.750 0.0000000000
18335  19.342  -60.080  -34.021 0.0000000000
112423  18.832  -60.193  -35.978 0.0000000000
8705  5.849  -71.783  -23.532 0.0000000000
10443  5.799  -69.545  -23.824 0.0000000000
10484  6.103  -70.036  -25.241 0.0000000000
11413  6.996  -69.104  -26.885 0.0000000000
12382  8.205  -67.620  -29.472 0.0000000000
116332  8.162  -66.301  -31.431 0.0000000000
14855  6.994  -64.401  -30.999 0.0000000000
14026  7.806  -64.948  -31.781 0.0000000000
14046  9.310  -64.614  -33.100 0.0000000000
15726  11.674  -63.383  -32.867 0.0000000000
105121  14.284  -62.790  -33.037 0.0000000000
17461  16.672  -61.821  -33.110 0.0000000000
20034  12.283  -58.515  -30.198 0.0000000000
28171  17.399  -49.656  -25.680 0.0000000000
26349  16.732  -50.702  -26.690 0.0000000000
25414  15.822  -51.505  -28.100 0.0000000000
25418  14.620  -52.033  -28.994 0.0000000000
24456  15.475  -53.428  -29.569 0.0000000000
23487  14.590  -54.968  -30.505 0.0000000000
121160  12.519  -56.839  -31.315 0.0000000000
20035  11.114  -58.253  -30.684 0.0000000000
20883  9.734  -57.670  -31.331 0.0000000000
20047  10.215  -58.430  -32.677 0.0000000000
19222  11.658  -58.879  -33.270 0.0000000000
19205  12.911  -59.780  -32.236 0.0000000000
19203  14.760  -59.858  -32.256 0.0000000000
19201  16.858  -60.444  -32.432 0.0000000000
19216  18.272  -60.225  -33.324 0.0000000000
20897  20.040  -57.996  -33.284 0.0000000000
744  31.433  -86.731  -21.823 0.0000000000
998  32.205  -85.751  -23.022 0.0000000000
559  31.066  -86.954  -23.536 0.0000000000
571  29.841  -87.763  -24.391 0.0000000000
579  29.324  -87.245  -25.738 0.0000000000
177  25.249  -90.256  -24.613 0.0000000000
286  27.294  -89.021  -25.871 0.0000000000
424  28.061  -87.893  -26.621 0.0000000000
431  26.711  -88.201  -27.185 0.0000000000
433  20.873  -88.312  -28.247 0.0000000000
195  18.800  -90.943  -27.316 0.0000000000
17  19.077  -92.258  -28.151 0.0000000000
217  17.190  -90.356  -31.116 0.0000000000
23  18.269  -92.130  -29.548 0.0000000000
112  20.808  -91.767  -29.780 0.0000000000
1596  18.032  -83.761  -19.120 0.0000000000
729  16.969  -85.826  -20.106 0.0000000000
544  16.506  -87.849  -21.343 0.0000000000
1522  21.034  -83.837  -10.947 0.0000000000
104650  20.745  -85.649  -9.568 0.0000000000
908  21.016  -85.828  -11.974 0.0000000000
108718  20.290  -84.975  -13.945 0.0000000000
698  18.064  -86.657  -16.787 0.0000000000
371  17.281  -88.878  -19.834 0.0000000000
265  16.436  -89.838  -22.468 0.0000000000
118507  15.074  -90.773  -23.968 0.0000000000
64  13.216  -90.184  -24.158 0.0000000000
9370  8.738  -70.086  -11.962 0.0000000000
119770  10.116  -69.247  -14.143 0.0000000000
10306  10.715  -69.538  -15.540 0.0000000000
8616  9.064  -71.168  -15.963 0.0000000000
8617  7.628  -71.965  -16.383 0.0000000000
122900  5.893  -68.149  -19.217 0.0000000000
8629  6.273  -70.811  -18.185 0.0000000000
7071  6.879  -73.462  -18.014 0.0000000000
6415  7.101  -75.311  -19.752 0.0000000000
15625  8.119  -62.660  -23.147 0.0000000000
13932  7.880  -64.678  -22.496 0.0000000000
19100  22.617  -59.294  -24.509 0.0000000000
118373  25.189  -59.694  -24.074 0.0000000000
19099  25.053  -59.466  -22.194 0.0000000000
19949  25.587  -58.670  -19.687 0.0000000000
22520  22.081  -55.873  -21.561 0.0000000000
103291  23.138  -56.170  -22.008 0.0000000000
20815  25.260  -56.854  -22.699 0.0000000000
20782  26.062  -57.902  -19.454 0.0000000000
22516  28.753  -54.994  -20.811 0.0000000000
29083  29.668  -48.669  -25.961 0.0000000000
29058  29.673  -48.285  -22.416 0.0000000000
29925  29.798  -46.956  -23.775 0.0000000000
29926  28.319  -46.257  -24.993 0.0000000000
29912  26.523  -47.021  -23.309 0.0000000000
926  26.970  -85.423  -16.279 0.0000000000
501  23.850  -87.447  -16.815 0.0000000000
708  25.061  -86.525  -17.730 0.0000000000
1302  25.920  -83.744  -25.297 0.0000000000
1000  27.575  -85.134  -23.878 0.0000000000
770  24.442  -86.565  -25.330 0.0000000000
757  26.517  -86.333  -24.160 0.0000000000
989  27.863  -85.754  -22.922 0.0000000000
971  29.206  -86.262  -20.424 0.0000000000
529  30.070  -87.049  -20.466 0.0000000000
719  32.202  -85.964  -20.239 0.0000000000
2925  35.698  -80.406  -22.331 0.0000000000
2478  35.307  -81.915  -20.293 0.0000000000
2050  34.420  -83.184  -19.946 0.0000000000
1234  33.357  -84.479  -20.117 0.0000000000
1277  32.980  -84.252  -23.643 0.0000000000
105616  34.290  -82.640  -24.336 0.0000000000
2537  35.675  -81.079  -25.349 0.0000000000
109377  37.002  -80.132  -26.567 0.0000000000
124164  37.811  -80.004  -28.211 0.0000000000
3020  38.248  -80.374  -29.798 0.0000000000
3048  38.995  -80.353  -31.625 0.0000000000
118676  38.623  -79.799  -33.025 0.0000000000
3557  38.065  -78.738  -34.387 0.0000000000
105870  37.062  -79.561  -36.061 0.0000000000
3122  36.638  -80.880  -37.862 0.0000000000
2667  35.397  -81.659  -38.952 0.0000000000
2691  34.363  -81.556  -40.514 0.0000000000
2705  33.645  -81.218  -42.275 0.0000000000
3648  31.858  -80.368  -43.046 0.0000000000
1128  25.955  -85.982  -40.543 0.0000000000
1422  27.918  -84.834  -41.233 0.0000000000
1822  29.479  -84.053  -41.450 0.0000000000
123552  29.706  -82.328  -42.594 0.0000000000
3643  31.155  -80.329  -42.380 0.0000000000
103541  31.858  -78.888  -41.772 0.0000000000
4702  31.596  -77.442  -39.742 0.0000000000
5276  25.477  -77.112  -34.154 0.0000000000
7936  10.096  -72.959  -25.045 0.0000000000
7213  10.260  -73.721  -26.663 0.0000000000
7230  8.572  -73.419  -28.959 0.0000000000
8836  10.957  -71.312  -31.116 0.0000000000
8814  9.569  -71.697  -30.782 0.0000000000
8816  7.509  -72.066  -30.795 0.0000000000
7319  14.476  -73.845  -38.188 0.0000000000
9752  14.449  -70.434  -37.848 0.0000000000
8076  16.438  -72.677  -36.790 0.0000000000
105635  17.038  -72.054  -38.993 0.0000000000
8938  18.884  -71.664  -39.396 0.0000000000
8954  20.674  -71.348  -42.066 0.0000000000
8979  21.844  -71.014  -44.989 0.0000000000
18369  17.035  -60.114  -37.251 0.0000000000
18397  17.289  -60.815  -39.026 0.0000000000
17506  17.923  -61.660  -38.574 0.0000000000
17516  20.789  -60.928  -38.585 0.0000000000
16605  19.851  -62.306  -36.140 0.0000000000
16590  21.216  -63.214  -35.483 0.0000000000
14082  21.719  -65.235  -36.502 0.0000000000
14102  20.713  -65.624  -38.597 0.0000000000
15796  25.344  -63.730  -38.353 0.0000000000
14108  22.149  -65.209  -39.471 0.0000000000
104780  19.837  -65.576  -40.559 0.0000000000
14140  18.739  -66.162  -42.496 0.0000000000
12529  19.777  -67.390  -42.169 0.0000000000
12500  21.353  -67.677  -39.802 0.0000000000
13361  25.058  -66.673  -42.223 0.0000000000
12511  23.719  -67.289  -40.190 0.0000000000
10671  23.200  -68.929  -38.521 0.0000000000
9783  23.650  -70.624  -40.405 0.0000000000
118691  23.365  -71.306  -43.694 0.0000000000
7379  23.865  -72.958  -45.716 0.0000000000
6657  25.865  -74.653  -45.459 0.0000000000
6672  27.387  -75.414  -47.030 0.0000000000
6029  29.499  -76.607  -48.307 0.0000000000
7404  31.292  -74.385  -49.132 0.0000000000
6678  31.511  -76.173  -48.181 0.0000000000
7392  32.972  -74.609  -47.383 0.0000000000
978  33.336  -85.452  -20.920 0.0000000000
1263  34.558  -84.558  -21.403 0.0000000000
1264  33.774  -85.098  -21.998 0.0000000000
7742  12.268  -72.033  -11.219 0.0000000000
7733  12.392  -72.797  -11.031 0.0000000000
7747  12.628  -72.012  -12.177 0.0000000000
7748  12.293  -72.323  -12.616 0.0000000000
8564  12.444  -70.944  -12.866 0.0000000000
6668  21.628  -74.196  -46.239 0.0000000000
107446  21.703  -75.394  -46.125 0.0000000000
6027  22.311  -75.292  -46.911 0.0000000000
6026  23.326  -76.074  -47.388 0.0000000000
6674  22.562  -74.074  -46.952 0.0000000000
117016  16.617  -61.518  -34.135 0.0000000000
107546  15.637  -61.457  -34.833 0.0000000000
17465  17.143  -61.075  -34.597 0.0000000000
3524  41.016  -79.235  -32.027 0.0000000000
4057  41.462  -78.820  -32.585 0.0000000000
3547  40.171  -78.738  -33.830 0.0000000000
122887  39.513  -78.982  -33.558 0.0000000000
18260  9.387  -60.083  -27.894 0.0000000000
19175  9.475  -59.248  -29.392 0.0000000000
20010  8.109  -58.312  -29.550 0.0000000000
28213  19.612  -49.324  -27.849 0.0000000000
28193  19.039  -49.808  -26.710 0.0000000000
30019  14.763  -47.315  -30.253 0.0000000000
30003  13.498  -47.716  -29.934 0.0000000000
29161  14.704  -47.933  -29.805 0.0000000000
773  19.280  -86.700  -24.832 0.0000000000
582  19.033  -87.681  -25.782 0.0000000000
785  19.492  -86.822  -25.778 0.0000000000
413  16.182  -89.212  -24.365 0.0000000000
294  15.933  -89.980  -26.209 0.0000000000
288  16.073  -90.106  -25.059 0.0000000000
81  15.504  -90.794  -25.462 0.0000000000
181  15.971  -90.380  -24.318 0.0000000000
2011  15.997  -82.478  -15.283 0.0000000000
1569  16.710  -83.276  -15.308 0.0000000000
1578  16.220  -83.251  -16.071 0.0000000000
17302  9.571  -60.905  -19.937 0.0000000000
16383  10.038  -61.992  -19.585 0.0000000000
18214  8.121  -59.673  -21.008 0.0000000000
17326  6.953  -60.269  -21.208 0.0000000000
18223  8.972  -59.191  -22.403 0.0000000000
1005  19.508  -86.112  -23.431 0.0000000000
117697  19.653  -86.011  -22.607 0.0000000000
111521  19.291  -86.650  -24.070 0.0000000000
117447  19.129  -87.438  -24.192 0.0000000000
2664  23.743  -81.902  -37.289 0.0000000000
2246  23.468  -82.700  -37.509 0.0000000000
2655  23.821  -81.764  -36.385 0.0000000000
116047  23.935  -82.253  -35.957 0.0000000000
2647  24.282  -81.641  -35.695 0.0000000000
3102  25.277  -80.832  -34.855 0.0000000000
113811  24.904  -80.203  -34.948 0.0000000000
7920  6.478  -73.873  -23.689 0.0000000000
7918  7.313  -74.792  -23.728 0.0000000000
7938  7.237  -74.240  -24.147 0.0000000000
13332  17.650  -66.505  -37.507 0.0000000000
13333  16.455  -66.515  -38.407 0.0000000000
104986  17.304  -66.163  -38.614 0.0000000000
13341  16.317  -66.125  -39.614 0.0000000000
119960  17.855  -65.838  -40.104 0.0000000000
122291  37.950  -79.531  -21.352 0.0000000000
3423  38.767  -79.456  -20.946 0.0000000000
118694  38.523  -80.653  -24.640 0.0000000000
2952  39.181  -80.215  -24.700 0.0000000000
2962  38.709  -80.206  -25.489 0.0000000000
2975  38.889  -79.967  -26.345 0.0000000000
2976  38.196  -80.200  -26.197 0.0000000000
2473  18.204  -81.530  -20.793 0.0000000000
2067  17.701  -82.895  -21.856 0.0000000000
115010  10.785  -79.958  -9.119 0.0000000000
2825  12.906  -80.792  -8.923 0.0000000000
2381  11.843  -81.967  -8.497 0.0000000000
1958  11.824  -83.063  -8.866 0.0000000000
2382  10.922  -82.338  -8.821 0.0000000000
2383  10.219  -81.852  -9.167 0.0000000000
2828  9.789  -80.589  -9.140 0.0000000000
6365  7.955  -74.678  -14.736 0.0000000000
5689  7.148  -76.040  -14.172 0.0000000000
6377  7.599  -74.985  -15.786 0.0000000000
114414  7.452  -74.799  -16.874 0.0000000000
18177  16.207  -59.906  -18.028 0.0000000000
17319  14.630  -61.507  -20.261 0.0000000000
17318  15.636  -61.678  -20.015 0.0000000000
15639  18.664  -63.045  -25.240 0.0000000000
15640  17.865  -63.058  -25.523 0.0000000000
14772  18.338  -63.628  -24.318 0.0000000000
14755  17.900  -64.325  -23.136 0.0000000000
14754  18.788  -64.165  -23.102 0.0000000000
15622  19.618  -63.907  -23.159 0.0000000000
18230  22.905  -60.495  -25.173 0.0000000000
18229  23.795  -60.930  -24.664 0.0000000000
17336  24.191  -61.397  -23.278 0.0000000000
106752  17.925  -80.557  -40.000 0.0000000000
5342  22.817  -76.970  -41.042 0.0000000000
4711  22.115  -77.930  -40.555 0.0000000000
4704  22.769  -77.452  -39.674 0.0000000000
4124  23.536  -77.861  -39.107 0.0000000000
5329  23.314  -76.593  -39.592 0.0000000000
112636  23.530  -75.851  -39.449 0.0000000000
5964  23.628  -75.251  -40.720 0.0000000000
6010  29.432  -76.438  -45.339 0.0000000000
6656  28.989  -76.115  -44.167 0.0000000000
6662  29.919  -75.297  -45.666 0.0000000000
6661  30.597  -75.886  -46.666 0.0000000000
13235  10.122  -66.750  -31.044 0.0000000000
12397  10.631  -67.111  -30.177 0.0000000000
13251  10.618  -66.387  -31.683 0.0000000000
15770  16.453  -63.133  -35.550 0.0000000000
14900  15.847  -64.318  -34.406 0.0000000000
15756  17.231  -63.610  -34.766 0.0000000000
15755  18.125  -63.978  -34.546 0.0000000000
15769  18.092  -63.232  -35.002 0.0000000000
28164  27.429  -49.679  -26.699 0.0000000000
29088  22.681  -48.305  -26.059 0.0000000000
29105  22.601  -48.678  -26.911 0.0000000000
5890  41.192  -75.242  -34.884 0.0000000000
5907  41.822  -74.935  -35.831 0.0000000000
116139  38.147  -79.991  -39.357 0.0000000000
119887  38.629  -79.267  -39.879 0.0000000000
113435  37.545  -80.332  -39.838 0.0000000000
3142  37.469  -79.953  -40.821 0.0000000000
3143  36.941  -80.674  -40.298 0.0000000000
7358  15.478  -71.869  -43.419 0.0000000000
7364  15.729  -72.425  -44.712 0.0000000000
8142  16.008  -71.909  -42.075 0.0000000000
7347  16.957  -72.523  -40.939 0.0000000000
8137  16.495  -71.937  -41.047 0.0000000000
14807  5.244  -64.209  -26.303 0.0000000000
13964  5.384  -64.993  -26.145 0.0000000000
12333  5.604  -66.310  -25.622 0.0000000000
13208  5.135  -66.171  -26.928 0.0000000000
13991  5.418  -65.799  -27.818 0.0000000000
105037  5.139  -64.742  -27.195 0.0000000000
17433  10.156  -61.565  -31.360 0.0000000000
17434  9.441  -62.064  -31.225 0.0000000000
113436  11.183  -61.555  -31.287 0.0000000000
17432  12.155  -61.667  -31.249 0.0000000000
112977  12.713  -60.711  -31.536 0.0000000000
29972  14.149  -47.773  -27.742 0.0000000000
29958  14.919  -48.016  -27.152 0.0000000000
25430  12.647  -51.935  -31.148 0.0000000000
25423  12.641  -51.972  -30.484 0.0000000000
24478  12.891  -52.930  -31.225 0.0000000000
111062  12.954  -54.077  -31.682 0.0000000000
23523  12.446  -54.669  -32.457 0.0000000000
22640  11.861  -55.125  -32.765 0.0000000000
109523  13.000  -54.259  -32.768 0.0000000000
22639  15.656  -55.354  -32.873 0.0000000000
118342  16.467  -55.696  -32.600 0.0000000000
21793  16.882  -56.294  -32.695 0.0000000000
262  25.316  -89.709  -21.767 0.0000000000
269  26.759  -89.687  -22.705 0.0000000000
159  25.512  -90.098  -22.360 0.0000000000
96  21.709  -91.806  -27.774 0.0000000000
95  22.325  -91.496  -27.556 0.0000000000
103  22.385  -91.387  -28.230 0.0000000000
102  23.133  -90.909  -28.737 0.0000000000
104  21.646  -91.687  -28.588 0.0000000000
817  19.303  -86.645  -29.102 0.0000000000
606  19.103  -87.529  -29.671 0.0000000000
122060  20.578  -83.640  -14.092 0.0000000000
1135  17.232  -84.406  -5.806 0.0000000000
1134  18.027  -84.214  -5.932 0.0000000000
895  18.542  -85.248  -7.422 0.0000000000
353  17.213  -88.787  -15.618 0.0000000000
350  18.757  -88.798  -15.217 0.0000000000
356  18.331  -89.221  -16.514 0.0000000000
241  18.309  -89.537  -17.413 0.0000000000
242  17.842  -89.842  -17.715 0.0000000000
148  15.928  -90.186  -19.586 0.0000000000
243  16.594  -89.783  -18.055 0.0000000000
14702  5.673  -64.400  -17.289 0.0000000000
13855  6.156  -65.143  -16.190 0.0000000000
14703  4.944  -65.202  -16.859 0.0000000000
13043  4.945  -66.315  -16.280 0.0000000000
13051  4.958  -65.564  -16.918 0.0000000000
12173  7.609  -67.038  -17.880 0.0000000000
13064  5.791  -65.541  -17.992 0.0000000000
11317  6.815  -68.357  -21.695 0.0000000000
14761  11.674  -64.576  -23.388 0.0000000000
14762  10.810  -64.226  -23.333 0.0000000000
105144  21.615  -57.204  -22.497 0.0000000000
117346  23.618  -57.132  -22.966 0.0000000000
21671  22.658  -56.780  -22.472 0.0000000000
23394  25.807  -53.975  -21.255 0.0000000000
23395  25.251  -54.657  -21.669 0.0000000000
22495  26.341  -55.363  -19.821 0.0000000000
23354  27.084  -55.254  -19.345 0.0000000000
22478  27.941  -55.794  -19.701 0.0000000000
23353  27.642  -55.301  -19.521 0.0000000000
26259  29.775  -51.491  -21.917 0.0000000000
24403  29.452  -53.165  -22.124 0.0000000000
29023  22.984  -49.178  -20.853 0.0000000000
29044  24.351  -48.255  -21.074 0.0000000000
29045  23.433  -48.382  -21.225 0.0000000000
737  23.110  -86.588  -21.660 0.0000000000
726  23.568  -87.142  -19.991 0.0000000000
736  23.688  -86.508  -20.747 0.0000000000
981  23.901  -85.785  -21.689 0.0000000000
991  23.685  -85.752  -22.941 0.0000000000
264  23.700  -89.942  -22.204 0.0000000000
257  24.969  -88.933  -21.832 0.0000000000
120929  24.931  -89.426  -21.722 0.0000000000
255  26.058  -89.273  -21.407 0.0000000000
1638  28.826  -83.145  -22.162 0.0000000000
1250  30.371  -83.857  -20.187 0.0000000000
1026  29.811  -86.364  -25.625 0.0000000000
1300  30.038  -84.785  -25.089 0.0000000000
1301  29.279  -84.340  -25.741 0.0000000000
2249  31.413  -82.156  -38.859 0.0000000000
2259  30.924  -83.279  -40.230 0.0000000000
102851  16.723  -85.469  -40.409 0.0000000000
2660  28.238  -81.243  -38.120 0.0000000000
105399  28.063  -81.457  -39.790 0.0000000000
2672  28.364  -81.299  -39.024 0.0000000000
3147  28.492  -80.925  -39.829 0.0000000000
3134  29.173  -80.424  -39.090 0.0000000000
3610  29.709  -79.775  -38.466 0.0000000000
3126  29.154  -80.205  -38.026 0.0000000000
7317  27.229  -73.591  -38.603 0.0000000000
7298  27.034  -72.805  -37.932 0.0000000000
121264  27.191  -71.984  -38.091 0.0000000000
9617  13.822  -70.184  -28.990 0.0000000000
8795  12.979  -71.145  -28.957 0.0000000000
8810  12.909  -71.121  -29.770 0.0000000000
10627  9.908  -67.914  -35.753 0.0000000000
10612  9.958  -68.621  -35.256 0.0000000000
10628  9.091  -67.837  -35.696 0.0000000000
10629  8.847  -68.747  -35.605 0.0000000000
10642  9.420  -68.174  -36.461 0.0000000000
9730  10.056  -69.619  -36.627 0.0000000000
10660  11.314  -69.011  -38.105 0.0000000000
11574  18.958  -68.956  -37.847 0.0000000000
115264  19.438  -69.597  -37.297 0.0000000000
10654  20.155  -69.907  -37.195 0.0000000000
9745  21.165  -70.417  -37.641 0.0000000000
10652  21.759  -69.782  -37.720 0.0000000000
19265  24.960  -59.703  -37.988 0.0000000000
17500  24.391  -61.449  -36.742 0.0000000000
18379  25.297  -60.504  -37.580 0.0000000000
106801  27.452  -63.422  -41.277 0.0000000000
115409  25.919  -64.019  -42.525 0.0000000000
15828  25.589  -64.170  -41.581 0.0000000000
14973  25.077  -64.415  -42.246 0.0000000000
15006  23.245  -65.041  -43.212 0.0000000000
15004  24.701  -65.001  -43.398 0.0000000000
10714  27.940  -69.558  -42.517 0.0000000000
9812  27.860  -71.161  -43.056 0.0000000000
8978  28.745  -71.810  -45.131 0.0000000000
108440  36.553  -82.091  -19.654 0.0000000000
2467  37.078  -81.646  -19.702 0.0000000000
2057  36.536  -82.635  -19.993 0.0000000000
2074  36.099  -82.987  -22.900 0.0000000000
116281  36.875  -82.411  -22.594 0.0000000000
2088  36.221  -82.483  -23.817 0.0000000000
2500  36.970  -82.075  -23.879 0.0000000000
118873  35.692  -82.380  -24.320 0.0000000000
113670  10.547  -76.856  -8.274 0.0000000000
117315  10.699  -76.086  -8.601 0.0000000000
106296  11.936  -74.840  -10.621 0.0000000000
5613  11.764  -75.943  -9.703 0.0000000000
4966  11.533  -76.413  -10.132 0.0000000000
4348  11.190  -77.291  -10.014 0.0000000000
4967  10.598  -76.797  -10.624 0.0000000000
4984  9.979  -76.226  -11.303 0.0000000000
7018  10.622  -73.042  -13.509 0.0000000000
7019  9.788  -73.647  -13.433 0.0000000000
7773  9.994  -72.927  -14.062 0.0000000000
6355  8.910  -74.102  -13.766 0.0000000000
7041  9.261  -73.021  -14.660 0.0000000000
18163  19.330  -60.473  -17.724 0.0000000000
17277  18.684  -60.981  -19.060 0.0000000000
17314  19.310  -61.369  -20.813 0.0000000000
17354  19.137  -61.795  -22.991 0.0000000000
16431  20.131  -61.869  -24.950 0.0000000000
17339  20.457  -61.306  -22.168 0.0000000000
18189  21.222  -59.984  -20.096 0.0000000000
18222  21.247  -60.865  -22.072 0.0000000000
18207  21.609  -60.192  -21.336 0.0000000000
5367  19.850  -76.751  -42.253 0.0000000000
4732  19.861  -77.780  -42.079 0.0000000000
5374  20.629  -77.207  -43.529 0.0000000000
4741  22.901  -78.665  -46.730 0.0000000000
4169  22.380  -79.628  -45.064 0.0000000000
4166  22.936  -79.672  -45.097 0.0000000000
4729  23.530  -78.749  -43.743 0.0000000000
5372  24.215  -77.875  -44.427 0.0000000000
6007  24.444  -76.485  -43.639 0.0000000000
5371  24.811  -77.390  -45.247 0.0000000000
6020  25.236  -77.265  -46.914 0.0000000000
5378  25.634  -77.521  -46.227 0.0000000000
122463  25.857  -77.884  -46.592 0.0000000000
5383  27.262  -78.220  -46.748 0.0000000000
5389  26.578  -78.052  -47.199 0.0000000000
16578  11.129  -62.841  -35.008 0.0000000000
14904  11.109  -63.763  -35.095 0.0000000000
15774  11.425  -62.808  -35.548 0.0000000000
17490  13.787  -61.720  -37.067 0.0000000000
16628  13.430  -62.040  -37.177 0.0000000000
16627  14.325  -61.805  -37.627 0.0000000000
16609  14.718  -62.338  -37.692 0.0000000000
16626  15.114  -61.798  -38.176 0.0000000000
29941  26.046  -47.797  -25.108 0.0000000000
29942  25.166  -48.228  -24.837 0.0000000000
113855  23.372  -47.665  -24.681 0.0000000000
29932  22.719  -47.300  -24.710 0.0000000000
29944  22.754  -47.786  -25.315 0.0000000000
4013  42.733  -78.247  -28.975 0.0000000000
4023  43.747  -77.171  -29.307 0.0000000000
104514  43.604  -77.359  -30.128 0.0000000000
4064  42.181  -78.168  -33.297 0.0000000000
4055  43.426  -77.311  -32.751 0.0000000000
4063  43.392  -77.063  -33.824 0.0000000000
112790  43.604  -76.091  -33.990 0.0000000000
4626  42.803  -77.153  -34.841 0.0000000000
4638  43.269  -76.245  -35.753 0.0000000000
4639  42.193  -77.364  -35.755 0.0000000000
4094  40.644  -78.182  -36.605 0.0000000000
16489  7.619  -61.687  -27.164 0.0000000000
106352  6.749  -62.271  -26.793 0.0000000000
16491  5.900  -62.056  -26.966 0.0000000000
111593  6.342  -61.893  -27.792 0.0000000000
118026  6.831  -61.317  -28.161 0.0000000000
19187  7.562  -58.358  -29.999 0.0000000000
19188  7.383  -59.443  -29.764 0.0000000000
18300  7.717  -59.790  -30.595 0.0000000000
113930  8.330  -60.029  -31.333 0.0000000000
19195  9.016  -59.658  -31.882 0.0000000000
26338  20.966  -51.418  -24.793 0.0000000000
26322  20.505  -51.491  -24.553 0.0000000000
117438  18.783  -50.742  -24.828 0.0000000000
26339  19.345  -51.175  -24.645 0.0000000000
26340  18.361  -51.014  -25.165 0.0000000000
26348  17.579  -51.280  -26.584 0.0000000000
30924  11.632  -46.463  -29.578 0.0000000000
30004  11.415  -47.085  -29.363 0.0000000000
27305  12.218  -50.050  -31.436 0.0000000000
27311  12.447  -50.643  -31.455 0.0000000000
27310  12.635  -50.615  -31.652 0.0000000000
26371  13.880  -51.330  -31.595 0.0000000000
272  21.025  -90.150  -23.612 0.0000000000
172  21.552  -90.800  -23.118 0.0000000000
173  20.773  -90.950  -23.544 0.0000000000
186  19.297  -90.968  -25.457 0.0000000000
70  19.770  -91.488  -24.664 0.0000000000
80  19.436  -91.598  -25.352 0.0000000000
3  20.051  -92.191  -25.520 0.0000000000
87  19.097  -91.925  -26.206 0.0000000000
598  17.167  -88.170  -28.091 0.0000000000
435  16.552  -88.590  -27.303 0.0000000000
107  14.635  -91.175  -28.173 0.0000000000
203  15.064  -90.522  -29.032 0.0000000000
115  14.021  -91.199  -29.553 0.0000000000
109525  14.022  -91.209  -30.293 0.0000000000
116  13.149  -91.244  -29.966 0.0000000000
117  12.391  -90.873  -29.994 0.0000000000
109096  12.992  -90.671  -27.012 0.0000000000
204  12.337  -90.534  -28.467 0.0000000000
121138  16.878  -84.861  -10.029 0.0000000000
1152  17.758  -84.819  -10.289 0.0000000000
121195  18.378  -83.974  -11.923 0.0000000000
923  16.173  -85.888  -13.925 0.0000000000
922  17.338  -85.365  -13.776 0.0000000000
686  15.778  -86.804  -13.736 0.0000000000
495  14.945  -86.946  -14.391 0.0000000000
505  14.189  -87.652  -15.576 0.0000000000
122370  10.997  -63.831  -17.971 0.0000000000
15596  8.451  -62.812  -19.254 0.0000000000
15586  9.059  -63.388  -18.739 0.0000000000
15587  7.879  -63.331  -18.707 0.0000000000
15588  6.411  -63.319  -18.555 0.0000000000
107188  5.550  -63.010  -19.228 0.0000000000
15598  5.289  -63.650  -19.138 0.0000000000
15607  5.042  -62.663  -20.279 0.0000000000
102183  5.464  -61.654  -22.233 0.0000000000
15615  4.647  -62.820  -21.927 0.0000000000
14766  5.461  -64.198  -22.555 0.0000000000
13934  5.843  -65.263  -22.510 0.0000000000
14765  6.572  -64.459  -22.789 0.0000000000
24349  24.013  -53.143  -20.706 0.0000000000
24374  24.616  -53.619  -21.222 0.0000000000
25316  24.821  -52.891  -21.019 0.0000000000
25315  25.578  -52.756  -21.205 0.0000000000
26218  26.387  -51.316  -20.872 0.0000000000
25313  26.731  -52.006  -21.038 0.0000000000
26217  27.339  -51.181  -20.830 0.0000000000
26216  28.564  -51.359  -20.550 0.0000000000
27160  27.694  -50.343  -20.794 0.0000000000
27161  26.834  -50.485  -20.683 0.0000000000
28084  23.320  -49.948  -20.451 0.0000000000
958  21.304  -85.717  -19.210 0.0000000000
950  21.572  -86.228  -18.348 0.0000000000
959  20.777  -86.310  -19.458 0.0000000000
543  19.575  -88.020  -21.330 0.0000000000
535  19.945  -88.328  -20.128 0.0000000000
385  20.426  -88.384  -21.259 0.0000000000
542  21.295  -88.114  -21.299 0.0000000000
553  20.696  -88.101  -22.277 0.0000000000
554  20.167  -88.306  -23.111 0.0000000000
411  19.713  -88.931  -24.226 0.0000000000
410  20.874  -88.636  -24.259 0.0000000000
280  20.431  -89.387  -24.131 0.0000000000
271  21.934  -90.030  -23.190 0.0000000000
1836  22.519  -84.603  -42.827 0.0000000000
121383  20.992  -85.925  -42.985 0.0000000000
1431  22.429  -85.078  -42.992 0.0000000000
102172  22.992  -84.859  -40.234 0.0000000000
102169  22.657  -85.760  -41.070 0.0000000000
102168  22.603  -86.821  -40.596 0.0000000000
103063  23.039  -86.410  -39.882 0.0000000000
104121  23.552  -86.000  -39.602 0.0000000000
103284  23.478  -84.994  -38.543 0.0000000000
2237  25.074  -82.774  -36.052 0.0000000000
2245  25.454  -83.251  -37.100 0.0000000000
104699  25.956  -82.719  -36.675 0.0000000000
2662  26.739  -82.248  -36.855 0.0000000000
2653  27.254  -81.504  -36.440 0.0000000000
3114  28.304  -80.384  -36.630 0.0000000000
3115  27.641  -80.803  -36.039 0.0000000000
4073  26.638  -78.505  -33.972 0.0000000000
4072  27.538  -78.506  -34.278 0.0000000000
4628  27.188  -77.818  -33.679 0.0000000000
5273  28.268  -76.382  -33.772 0.0000000000
5274  27.474  -76.277  -33.390 0.0000000000
6484  8.223  -75.585  -24.670 0.0000000000
10591  15.758  -69.102  -33.342 0.0000000000
123004  14.874  -69.637  -32.747 0.0000000000
118946  15.142  -69.105  -34.006 0.0000000000
12467  14.660  -67.563  -37.552 0.0000000000
108329  13.887  -68.449  -36.185 0.0000000000
11558  13.247  -68.006  -37.045 0.0000000000
11541  12.914  -68.426  -36.344 0.0000000000
11576  12.397  -67.558  -38.030 0.0000000000
12491  12.939  -67.660  -39.264 0.0000000000
12490  13.496  -67.126  -39.463 0.0000000000
12518  15.365  -66.737  -41.764 0.0000000000
11624  15.430  -67.544  -41.397 0.0000000000
11623  16.737  -68.076  -41.289 0.0000000000
11608  17.557  -68.411  -39.980 0.0000000000
111458  18.215  -67.948  -41.639 0.0000000000
4499  37.800  -77.029  -23.331 0.0000000000
4498  38.955  -76.435  -22.817 0.0000000000
4481  41.488  -77.890  -20.962 0.0000000000
4489  40.875  -77.115  -21.415 0.0000000000
4487  42.670  -77.272  -21.798 0.0000000000
4486  43.190  -76.839  -22.367 0.0000000000
3949  42.960  -77.344  -22.149 0.0000000000
2923  38.973  -81.018  -20.922 0.0000000000
2912  39.873  -79.807  -20.105 0.0000000000
2922  39.784  -80.374  -20.955 0.0000000000
3449  40.597  -79.367  -24.240 0.0000000000
3434  41.154  -79.267  -22.812 0.0000000000
3448  41.540  -78.706  -24.004 0.0000000000
3975  42.925  -77.775  -23.926 0.0000000000
3459  41.863  -78.318  -25.031 0.0000000000
113147  42.043  -78.502  -26.847 0.0000000000
104400  41.099  -79.019  -26.008 0.0000000000
3490  39.660  -79.975  -28.157 0.0000000000
3478  40.579  -79.568  -27.661 0.0000000000
3489  40.604  -79.708  -28.532 0.0000000000
3512  40.725  -79.610  -30.460 0.0000000000
3501  39.925  -80.068  -30.050 0.0000000000
29985  18.313  -47.635  -28.477 0.0000000000
30903  16.745  -45.819  -29.420 0.0000000000
113448  16.843  -46.436  -28.849 0.0000000000
122144  16.097  -46.014  -28.991 0.0000000000
31842  15.761  -45.402  -29.522 0.0000000000
33822  14.193  -43.274  -31.090 0.0000000000
32845  15.201  -44.067  -30.626 0.0000000000
32825  13.259  -44.631  -29.819 0.0000000000
31844  12.061  -44.980  -29.743 0.0000000000
32826  12.399  -44.364  -30.401 0.0000000000
32871  13.205  -43.396  -32.076 0.0000000000
31896  13.138  -44.295  -31.742 0.0000000000
31895  13.689  -45.060  -32.148 0.0000000000
30947  13.132  -45.783  -31.211 0.0000000000
30963  14.130  -45.794  -31.968 0.0000000000
1652  21.066  -83.699  -23.199 0.0000000000
1294  21.374  -83.956  -24.998 0.0000000000
1666  21.610  -83.157  -24.765 0.0000000000
1686  21.445  -83.445  -25.968 0.0000000000
2131  20.622  -82.981  -26.218 0.0000000000
1313  19.585  -84.090  -27.123 0.0000000000
1678  19.610  -83.026  -26.084 0.0000000000
1653  17.954  -82.957  -23.961 0.0000000000
113719  18.502  -82.392  -24.241 0.0000000000
1680  17.989  -83.883  -25.170 0.0000000000
1304  18.311  -83.990  -25.892 0.0000000000
1305  17.696  -84.510  -25.740 0.0000000000
1039  16.869  -85.669  -26.149 0.0000000000
1295  17.338  -84.546  -24.798 0.0000000000
992  16.946  -84.945  -22.495 0.0000000000
1020  16.610  -85.848  -24.364 0.0000000000
762  16.512  -86.347  -23.628 0.0000000000
567  16.401  -87.119  -23.477 0.0000000000
751  16.528  -86.523  -22.772 0.0000000000
2339  12.386  -81.808  -3.528 0.0000000000
2770  13.647  -82.000  -2.695 0.0000000000
1901  13.464  -82.667  -3.378 0.0000000000
122067  15.299  -83.382  -3.880 0.0000000000
1913  14.024  -83.182  -4.633 0.0000000000
3787  11.583  -78.780  -7.627 0.0000000000
3285  11.679  -80.363  -6.312 0.0000000000
3297  12.600  -79.855  -7.478 0.0000000000
2368  13.943  -82.234  -7.610 0.0000000000
2369  13.854  -81.561  -7.155 0.0000000000
1935  14.180  -83.153  -7.177 0.0000000000
113808  14.601  -83.694  -6.722 0.0000000000
1497  14.495  -83.760  -7.767 0.0000000000
1145  15.700  -84.433  -8.775 0.0000000000
112003  14.731  -83.968  -8.672 0.0000000000
1155  12.564  -84.959  -10.603 0.0000000000
106490  14.459  -84.419  -10.952 0.0000000000
1162  13.772  -84.999  -11.579 0.0000000000
1536  14.940  -83.936  -12.569 0.0000000000
1537  13.954  -84.604  -12.909 0.0000000000
1550  13.751  -83.986  -13.664 0.0000000000
120684  12.828  -85.268  -12.722 0.0000000000
106440  11.503  -83.923  -11.640 0.0000000000
4969  8.486  -77.315  -11.395 0.0000000000
3832  8.565  -78.647  -10.803 0.0000000000
4358  8.056  -77.302  -11.891 0.0000000000
114133  13.952  -59.590  -18.629 0.0000000000
18195  12.717  -59.860  -19.434 0.0000000000
18181  12.523  -59.986  -19.026 0.0000000000
18211  12.370  -59.827  -19.959 0.0000000000
17346  10.766  -60.498  -21.899 0.0000000000
17321  12.029  -60.442  -20.380 0.0000000000
16415  13.930  -62.463  -22.074 0.0000000000
16416  12.911  -62.392  -21.913 0.0000000000
16463  12.601  -62.221  -24.003 0.0000000000
15664  12.331  -62.846  -24.107 0.0000000000
16475  13.009  -62.443  -24.387 0.0000000000
16394  17.076  -62.035  -21.092 0.0000000000
120406  15.933  -62.310  -21.653 0.0000000000
109156  16.106  -62.461  -22.693 0.0000000000
14793  16.200  -63.200  -25.412 0.0000000000
15660  15.676  -62.954  -25.314 0.0000000000
14776  14.667  -64.015  -24.764 0.0000000000
109040  13.796  -64.360  -24.285 0.0000000000
112195  15.187  -64.543  -23.529 0.0000000000
15656  21.645  -62.702  -25.426 0.0000000000
15621  20.603  -63.600  -23.439 0.0000000000
15636  21.690  -63.077  -24.523 0.0000000000
113587  22.313  -62.678  -21.687 0.0000000000
18188  24.223  -60.522  -19.977 0.0000000000
120544  24.398  -60.197  -20.644 0.0000000000
1269  20.615  -84.550  -22.635 0.0000000000
116701  18.960  -81.522  -37.716 0.0000000000
116699  20.583  -82.495  -38.058 0.0000000000
3644  20.284  -80.031  -41.315 0.0000000000
3626  19.734  -80.272  -39.815 0.0000000000
3634  20.172  -80.095  -40.400 0.0000000000
3137  22.000  -79.639  -38.423 0.0000000000
106493  21.371  -80.294  -37.963 0.0000000000
2688  21.924  -81.352  -38.851 0.0000000000
1820  21.538  -82.912  -40.169 0.0000000000
2264  22.597  -81.732  -39.897 0.0000000000
1828  21.996  -83.338  -41.455 0.0000000000
2698  23.504  -81.670  -40.543 0.0000000000
3621  24.354  -79.698  -39.388 0.0000000000
3148  24.311  -80.230  -39.792 0.0000000000
3136  24.590  -80.188  -39.131 0.0000000000
2674  24.591  -81.128  -38.680 0.0000000000
105889  24.623  -79.708  -38.279 0.0000000000
4111  24.589  -78.220  -37.255 0.0000000000
6598  24.649  -74.597  -38.803 0.0000000000
5939  24.413  -75.719  -37.525 0.0000000000
5944  25.090  -74.828  -37.968 0.0000000000
6596  26.970  -74.258  -38.636 0.0000000000
6609  26.773  -74.560  -39.179 0.0000000000
111869  26.336  -75.982  -42.431 0.0000000000
5981  25.143  -75.358  -42.012 0.0000000000
103945  27.432  -76.437  -41.694 0.0000000000
7368  28.754  -74.596  -42.908 0.0000000000
5978  28.039  -76.250  -41.553 0.0000000000
6635  28.196  -74.959  -41.492 0.0000000000
6622  28.014  -74.326  -40.709 0.0000000000
8144  28.806  -73.191  -42.289 0.0000000000
8139  29.073  -72.323  -42.089 0.0000000000
8143  29.450  -72.692  -42.912 0.0000000000
8174  30.946  -73.233  -45.326 0.0000000000
10526  8.383  -69.127  -27.021 0.0000000000
113885  8.955  -69.730  -26.527 0.0000000000
11433  9.015  -68.627  -27.535 0.0000000000
12363  12.032  -67.757  -28.719 0.0000000000
11454  11.605  -68.176  -28.077 0.0000000000
11453  12.594  -68.364  -28.155 0.0000000000
11452  13.425  -68.664  -28.353 0.0000000000
12377  13.467  -67.582  -29.423 0.0000000000
114338  12.506  -65.027  -34.101 0.0000000000
14020  12.615  -65.611  -32.619 0.0000000000
14042  13.262  -65.308  -33.122 0.0000000000
14018  15.217  -65.707  -32.544 0.0000000000
13265  15.023  -66.159  -31.852 0.0000000000
13246  15.638  -66.902  -31.507 0.0000000000
12406  15.439  -67.445  -30.800 0.0000000000
12405  16.043  -67.642  -31.484 0.0000000000
11492  16.218  -68.202  -31.667 0.0000000000
124015  17.244  -67.247  -32.927 0.0000000000
14057  18.732  -65.678  -34.627 0.0000000000
13297  18.299  -66.363  -34.208 0.0000000000
14071  18.998  -65.889  -35.088 0.0000000000
104546  19.295  -65.710  -35.692 0.0000000000
26333  25.051  -51.764  -26.235 0.0000000000
122462  26.224  -49.209  -26.524 0.0000000000
28166  25.629  -49.473  -26.538 0.0000000000
118038  23.930  -50.056  -27.250 0.0000000000
28189  24.537  -49.948  -27.070 0.0000000000
27287  23.637  -50.570  -27.285 0.0000000000
26345  24.142  -51.377  -26.808 0.0000000000
27288  22.950  -50.542  -27.386 0.0000000000
29120  21.786  -48.657  -28.061 0.0000000000
28191  21.774  -49.407  -27.936 0.0000000000
28211  21.230  -48.896  -28.342 0.0000000000
29983  20.301  -47.655  -28.990 0.0000000000
5197  43.467  -76.465  -29.874 0.0000000000
4654  41.998  -76.774  -37.585 0.0000000000
5302  41.571  -76.261  -38.188 0.0000000000
4682  41.060  -76.953  -38.649 0.0000000000
4138  38.492  -77.891  -40.697 0.0000000000
4699  38.862  -77.445  -40.028 0.0000000000
4700  37.964  -77.785  -40.614 0.0000000000
3166  36.041  -80.146  -41.528 0.0000000000
3640  35.700  -79.526  -41.972 0.0000000000
3645  34.370  -79.371  -43.259 0.0000000000
3172  34.624  -80.010  -42.832 0.0000000000
115484  16.034  -74.888  -43.519 0.0000000000
118575  16.274  -76.328  -44.763 0.0000000000
5985  16.252  -76.123  -42.657 0.0000000000
4715  16.501  -78.100  -41.797 0.0000000000
5345  17.062  -76.668  -40.959 0.0000000000
5344  17.877  -76.935  -40.595 0.0000000000
5965  17.806  -75.962  -40.616 0.0000000000
6626  18.855  -73.827  -40.901 0.0000000000
6648  19.577  -74.814  -41.977 0.0000000000
7363  19.632  -73.922  -41.919 0.0000000000
111833  20.291  -74.293  -43.148 0.0000000000
7362  20.124  -73.424  -42.645 0.0000000000
108333  5.444  -67.676  -25.363 0.0000000000
11373  5.800  -68.472  -24.370 0.0000000000
11395  5.677  -68.487  -24.846 0.0000000000
10485  5.503  -69.723  -24.483 0.0000000000
10505  5.722  -69.042  -25.451 0.0000000000
10504  6.433  -69.462  -26.092 0.0000000000
11414  5.826  -68.806  -26.371 0.0000000000
13220  6.663  -67.003  -29.669 0.0000000000
12368  6.549  -68.066  -28.782 0.0000000000
13219  7.650  -67.094  -29.960 0.0000000000
13237  7.941  -66.702  -30.801 0.0000000000
115431  6.539  -63.142  -29.281 0.0000000000
15712  6.713  -63.691  -30.178 0.0000000000
15711  7.102  -63.429  -30.691 0.0000000000
15719  8.898  -63.450  -31.400 0.0000000000
14869  8.053  -64.465  -31.768 0.0000000000
15730  8.610  -64.135  -32.017 0.0000000000
14868  8.623  -64.641  -32.278 0.0000000000
14867  9.025  -64.431  -32.680 0.0000000000
15743  9.738  -63.532  -33.925 0.0000000000
15727  10.605  -63.526  -32.792 0.0000000000
16545  13.433  -62.622  -31.843 0.0000000000
16560  13.721  -62.868  -32.477 0.0000000000
16559  14.687  -62.603  -32.436 0.0000000000
16575  14.977  -62.551  -33.168 0.0000000000
17451  15.767  -62.031  -32.161 0.0000000000
20878  14.121  -57.460  -30.297 0.0000000000
29969  17.115  -47.908  -27.421 0.0000000000
29123  17.431  -48.509  -26.717 0.0000000000
29124  16.682  -48.396  -26.658 0.0000000000
27279  15.358  -49.475  -26.758 0.0000000000
27278  16.223  -49.492  -26.303 0.0000000000
123880  16.274  -51.173  -27.490 0.0000000000
106701  15.869  -50.727  -27.388 0.0000000000
25422  13.234  -52.361  -29.924 0.0000000000
25419  13.582  -51.680  -29.288 0.0000000000
25421  14.150  -52.585  -29.605 0.0000000000
24452  15.084  -52.769  -29.353 0.0000000000
24457  14.653  -53.502  -29.864 0.0000000000
121193  14.808  -54.287  -30.190 0.0000000000
23477  14.133  -54.087  -30.431 0.0000000000
23489  12.486  -55.405  -31.624 0.0000000000
22616  12.748  -55.991  -31.373 0.0000000000
114741  11.805  -56.938  -31.426 0.0000000000
20880  12.188  -57.706  -31.031 0.0000000000
20881  11.184  -57.264  -31.318 0.0000000000
20882  10.358  -57.498  -31.279 0.0000000000
21777  10.631  -56.854  -31.651 0.0000000000
21810  11.508  -56.802  -33.413 0.0000000000
20890  10.246  -57.489  -32.476 0.0000000000
20062  10.874  -58.028  -33.137 0.0000000000
20046  10.967  -58.844  -33.130 0.0000000000
20061  11.928  -58.257  -33.580 0.0000000000
23522  13.697  -54.150  -32.983 0.0000000000
115643  14.591  -56.948  -33.581 0.0000000000
111917  13.840  -56.982  -33.671 0.0000000000
20060  13.707  -58.091  -33.455 0.0000000000
19221  13.081  -58.993  -33.044 0.0000000000
19220  14.227  -59.016  -32.882 0.0000000000
19204  13.812  -59.702  -32.307 0.0000000000
19219  15.263  -59.198  -32.766 0.0000000000
20056  17.592  -58.591  -33.281 0.0000000000
19218  16.289  -59.428  -32.764 0.0000000000
121699  17.378  -59.138  -33.180 0.0000000000
18324  17.598  -60.626  -32.830 0.0000000000
122352  18.468  -59.723  -33.378 0.0000000000
19215  18.994  -59.756  -33.585 0.0000000000
111036  19.012  -57.950  -33.235 0.0000000000
539  30.571  -87.255  -21.583 0.0000000000
117337  31.106  -87.019  -22.632 0.0000000000
548  29.880  -87.787  -21.965 0.0000000000
399  28.558  -88.816  -23.574 0.0000000000
398  29.241  -88.299  -23.512 0.0000000000
407  28.890  -88.348  -24.626 0.0000000000
416  29.254  -87.730  -25.301 0.0000000000
122013  28.262  -88.602  -25.157 0.0000000000
66  23.007  -91.310  -24.078 0.0000000000
112697  24.480  -90.639  -23.992 0.0000000000
65  23.857  -90.988  -24.608 0.0000000000
108931  25.027  -90.016  -26.610 0.0000000000
189  25.908  -89.610  -26.368 0.0000000000
291  26.727  -89.067  -26.472 0.0000000000
290  27.383  -88.583  -26.368 0.0000000000
296  26.833  -88.669  -26.914 0.0000000000
297  26.070  -88.673  -27.426 0.0000000000
205  23.891  -89.656  -29.175 0.0000000000
305  24.777  -88.863  -28.415 0.0000000000
105156  21.148  -85.502  -27.179 0.0000000000
119998  20.663  -86.991  -27.548 0.0000000000
589  21.122  -87.346  -28.269 0.0000000000
315  19.607  -89.230  -29.780 0.0000000000
111796  19.877  -89.529  -28.973 0.0000000000
208  18.868  -90.370  -28.594 0.0000000000
196  18.278  -91.696  -27.553 0.0000000000
105  17.961  -91.845  -28.246 0.0000000000
327  16.171  -89.236  -30.585 0.0000000000
223  16.914  -89.710  -31.250 0.0000000000
218  16.311  -90.180  -31.221 0.0000000000
30  17.973  -92.121  -30.387 0.0000000000
112559  18.790  -92.129  -30.573 0.0000000000
29  19.394  -92.127  -29.993 0.0000000000
34  19.712  -91.921  -31.009 0.0000000000
119  21.179  -91.348  -30.660 0.0000000000
1215  17.986  -84.911  -17.881 0.0000000000
1224  17.812  -84.616  -18.739 0.0000000000
116923  17.252  -85.630  -18.925 0.0000000000
730  16.728  -86.365  -20.698 0.0000000000
104613  16.783  -86.851  -19.802 0.0000000000
2357  16.724  -81.534  -5.666 0.0000000000
1494  20.124  -83.981  -7.562 0.0000000000
1933  18.854  -82.966  -7.378 0.0000000000
1511  21.221  -83.913  -10.049 0.0000000000
1150  19.516  -85.559  -10.696 0.0000000000
905  19.638  -85.628  -9.721 0.0000000000
907  19.866  -86.084  -11.146 0.0000000000
491  19.868  -87.910  -14.629 0.0000000000
110017  20.542  -86.621  -12.729 0.0000000000
681  20.532  -86.601  -13.287 0.0000000000
920  20.567  -85.626  -13.290 0.0000000000
931  19.701  -86.226  -14.690 0.0000000000
118084  19.337  -85.436  -15.218 0.0000000000
697  19.017  -87.352  -16.172 0.0000000000
366  18.226  -89.635  -18.432 0.0000000000
518  18.199  -88.805  -18.240 0.0000000000
377  17.474  -89.782  -20.146 0.0000000000
119068  17.166  -89.735  -20.880 0.0000000000
111145  16.817  -89.866  -21.620 0.0000000000
52  16.123  -90.041  -22.624 0.0000000000
157  16.623  -89.857  -21.706 0.0000000000
50  14.076  -90.146  -22.110 0.0000000000
55  13.862  -90.201  -22.710 0.0000000000
13834  8.327  -65.824  -14.817 0.0000000000
11215  6.866  -68.180  -15.348 0.0000000000
11207  6.318  -68.552  -14.360 0.0000000000
11206  7.792  -68.633  -14.891 0.0000000000
120568  9.119  -69.138  -14.153 0.0000000000
11205  9.117  -68.704  -14.865 0.0000000000
10293  10.813  -69.364  -14.670 0.0000000000
11213  9.917  -68.747  -15.481 0.0000000000
10333  8.659  -68.921  -17.558 0.0000000000
111517  9.490  -69.364  -16.757 0.0000000000
10319  8.501  -69.948  -17.061 0.0000000000
120094  8.154  -71.215  -16.214 0.0000000000
124016  7.549  -70.536  -17.033 0.0000000000
13887  5.501  -65.541  -19.792 0.0000000000
12209  6.436  -66.796  -19.165 0.0000000000
12210  5.330  -66.862  -19.859 0.0000000000
9481  6.086  -70.361  -19.138 0.0000000000
9460  6.115  -70.184  -18.518 0.0000000000
7825  6.603  -72.557  -18.019 0.0000000000
114649  6.758  -73.176  -18.745 0.0000000000
7090  7.144  -74.070  -19.096 0.0000000000
7114  7.199  -73.589  -19.415 0.0000000000
104999  10.376  -60.535  -23.193 0.0000000000
102998  9.443  -59.566  -23.443 0.0000000000
108054  9.132  -62.328  -22.976 0.0000000000
14743  9.240  -64.689  -22.292 0.0000000000
14764  8.389  -63.888  -22.941 0.0000000000
14744  8.753  -65.067  -21.971 0.0000000000
13913  8.102  -65.564  -22.000 0.0000000000
13116  9.242  -66.571  -21.442 0.0000000000
19969  23.783  -58.843  -24.836 0.0000000000
19104  25.070  -59.610  -24.855 0.0000000000
124226  25.260  -57.745  -23.187 0.0000000000
19963  25.327  -58.660  -23.033 0.0000000000
19950  24.969  -58.557  -21.026 0.0000000000
19087  25.085  -59.353  -19.893 0.0000000000
22518  24.670  -55.261  -22.022 0.0000000000
103328  22.833  -55.082  -21.321 0.0000000000
22519  23.543  -55.526  -21.801 0.0000000000
122910  22.720  -55.794  -21.642 0.0000000000
21670  24.299  -55.976  -22.327 0.0000000000
21689  24.858  -56.358  -22.785 0.0000000000
21626  26.512  -56.982  -19.246 0.0000000000
20792  25.608  -57.110  -20.012 0.0000000000
20781  26.755  -57.935  -19.272 0.0000000000
19948  26.372  -58.740  -19.358 0.0000000000
106456  27.165  -57.996  -19.449 0.0000000000
19956  27.491  -58.455  -19.969 0.0000000000
20801  28.375  -57.441  -21.221 0.0000000000
19962  28.260  -58.359  -21.492 0.0000000000
117518  28.133  -53.117  -20.178 0.0000000000
123847  28.561  -54.296  -20.430 0.0000000000
23363  29.007  -54.112  -20.969 0.0000000000
103764  29.368  -54.759  -23.219 0.0000000000
27255  29.967  -50.303  -25.351 0.0000000000
28139  30.113  -49.287  -25.427 0.0000000000
28101  28.413  -48.923  -21.295 0.0000000000
29041  29.236  -48.862  -21.619 0.0000000000
29042  28.345  -48.171  -21.709 0.0000000000
30806  27.545  -46.921  -22.129 0.0000000000
30805  28.857  -46.927  -22.871 0.0000000000
30823  28.523  -46.639  -23.240 0.0000000000
30842  28.908  -46.465  -23.961 0.0000000000
30843  28.057  -46.528  -23.956 0.0000000000
29911  27.304  -46.849  -23.886 0.0000000000
113245  26.159  -85.950  -15.951 0.0000000000
510  22.054  -87.696  -17.643 0.0000000000
502  23.276  -87.491  -16.944 0.0000000000
509  23.005  -88.154  -18.021 0.0000000000
714  24.775  -86.463  -18.679 0.0000000000
709  24.309  -87.289  -17.950 0.0000000000
949  25.810  -85.690  -17.816 0.0000000000
1220  25.797  -84.976  -18.648 0.0000000000
119021  25.257  -84.697  -25.044 0.0000000000
1280  25.368  -83.994  -24.710 0.0000000000
1292  25.709  -84.226  -25.196 0.0000000000
1012  26.858  -84.601  -24.874 0.0000000000
1013  26.046  -84.813  -25.237 0.0000000000
124326  23.191  -87.152  -25.302 0.0000000000
581  23.511  -86.741  -25.330 0.0000000000
580  23.822  -87.097  -25.425 0.0000000000
550  26.268  -87.617  -22.170 0.0000000000
562  26.147  -87.065  -23.599 0.0000000000
747  26.830  -86.847  -22.823 0.0000000000
756  27.269  -86.052  -23.510 0.0000000000
746  27.558  -86.510  -22.064 0.0000000000
745  28.290  -85.861  -21.922 0.0000000000
123470  27.940  -86.511  -21.305 0.0000000000
382  28.197  -88.045  -20.516 0.0000000000
531  28.541  -87.623  -20.487 0.0000000000
540  29.746  -87.566  -20.989 0.0000000000
733  30.978  -86.731  -20.586 0.0000000000
2075  34.441  -82.366  -20.743 0.0000000000
111268  34.218  -82.903  -20.157 0.0000000000
106344  31.451  -84.696  -19.603 0.0000000000
1611  32.748  -84.420  -19.988 0.0000000000
1236  32.229  -84.777  -19.734 0.0000000000
1235  32.794  -84.963  -19.859 0.0000000000
968  32.025  -85.413  -19.690 0.0000000000
1010  31.993  -85.363  -23.593 0.0000000000
108477  32.887  -85.103  -23.112 0.0000000000
1289  32.189  -84.553  -23.753 0.0000000000
2103  32.339  -82.613  -24.406 0.0000000000
2102  33.374  -82.632  -24.287 0.0000000000
2520  33.588  -81.788  -24.701 0.0000000000
2519  34.513  -81.813  -24.702 0.0000000000
2539  33.785  -81.044  -25.290 0.0000000000
2979  34.077  -80.109  -26.824 0.0000000000
2980  33.239  -80.243  -26.689 0.0000000000
106318  34.767  -79.993  -27.030 0.0000000000
2966  34.918  -80.297  -26.211 0.0000000000
2977  36.328  -80.075  -26.632 0.0000000000
106959  37.603  -80.029  -26.907 0.0000000000
3468  36.682  -79.893  -27.339 0.0000000000
3021  37.276  -80.418  -29.624 0.0000000000
3038  38.510  -80.577  -30.838 0.0000000000
3549  38.114  -79.506  -33.362 0.0000000000
3558  37.575  -79.239  -33.690 0.0000000000
3574  35.653  -79.602  -35.072 0.0000000000
3573  36.610  -79.203  -34.904 0.0000000000
3589  36.307  -79.760  -36.014 0.0000000000
3109  36.995  -80.214  -36.940 0.0000000000
104035  36.084  -80.577  -36.943 0.0000000000
2656  33.256  -81.442  -38.267 0.0000000000
120558  35.349  -81.556  -38.182 0.0000000000
2680  34.612  -81.802  -39.340 0.0000000000
2690  35.354  -81.434  -39.987 0.0000000000
2681  33.741  -81.877  -39.731 0.0000000000
109703  33.065  -81.696  -42.138 0.0000000000
113328  32.371  -81.935  -42.508 0.0000000000
2706  32.857  -81.207  -42.804 0.0000000000
2707  32.081  -81.469  -42.990 0.0000000000
116732  19.125  -87.797  -40.594 0.0000000000
117119  24.892  -86.109  -40.204 0.0000000000
102925  25.237  -86.458  -40.234 0.0000000000
1419  26.176  -85.424  -40.516 0.0000000000
1824  27.802  -83.566  -41.451 0.0000000000
115499  27.640  -84.425  -41.204 0.0000000000
1823  28.106  -84.188  -41.661 0.0000000000
1421  28.805  -84.519  -41.148 0.0000000000
1830  28.969  -83.498  -42.151 0.0000000000
1829  29.914  -83.531  -41.921 0.0000000000
2274  29.322  -82.876  -42.488 0.0000000000
3145  29.913  -80.076  -40.569 0.0000000000
3158  30.200  -80.525  -41.847 0.0000000000
3632  30.697  -79.774  -41.023 0.0000000000
3631  31.350  -79.399  -41.413 0.0000000000
4142  31.570  -78.596  -40.908 0.0000000000
4132  31.416  -78.329  -39.925 0.0000000000
4096  29.464  -78.735  -36.776 0.0000000000
4661  24.773  -77.207  -35.868 0.0000000000
113264  25.046  -77.359  -34.878 0.0000000000
5290  25.108  -76.654  -35.106 0.0000000000
9568  10.078  -71.134  -25.544 0.0000000000
124273  10.497  -71.741  -25.400 0.0000000000
8738  11.100  -71.707  -25.575 0.0000000000
7981  11.355  -72.414  -28.204 0.0000000000
7967  10.931  -72.953  -27.565 0.0000000000
7982  10.592  -72.722  -28.470 0.0000000000
7220  10.015  -73.401  -27.862 0.0000000000
7229  9.639  -72.954  -28.835 0.0000000000
9671  12.693  -70.420  -32.084 0.0000000000
105254  12.125  -70.682  -31.694 0.0000000000
9672  11.804  -70.440  -32.493 0.0000000000
9675  8.414  -70.194  -32.898 0.0000000000
9660  9.199  -70.906  -31.989 0.0000000000
9661  8.072  -70.847  -31.938 0.0000000000
8815  8.507  -71.888  -30.712 0.0000000000
9662  7.089  -70.883  -31.718 0.0000000000
8840  6.833  -71.471  -31.400 0.0000000000
9712  7.492  -70.449  -35.337 0.0000000000
8909  12.369  -72.081  -37.479 0.0000000000
110080  12.322  -72.941  -37.490 0.0000000000
7304  13.253  -73.591  -37.689 0.0000000000
6599  13.414  -73.945  -38.401 0.0000000000
7303  14.190  -73.682  -37.739 0.0000000000
9767  14.042  -69.409  -38.901 0.0000000000
9768  13.261  -69.739  -38.620 0.0000000000
10659  15.145  -69.723  -38.220 0.0000000000
9726  18.000  -71.331  -36.437 0.0000000000
9727  17.065  -71.375  -36.494 0.0000000000
8074  17.771  -72.409  -36.679 0.0000000000
7300  16.760  -73.020  -37.789 0.0000000000
8112  17.681  -72.490  -38.125 0.0000000000
8925  18.330  -71.755  -38.955 0.0000000000
8924  19.115  -71.882  -38.298 0.0000000000
8943  21.353  -71.371  -40.421 0.0000000000
8944  20.608  -71.416  -40.998 0.0000000000
111239  21.256  -70.959  -42.314 0.0000000000
8159  20.774  -71.476  -43.663 0.0000000000
8962  21.765  -70.737  -42.999 0.0000000000
117272  19.322  -59.615  -36.485 0.0000000000
18368  17.818  -60.411  -36.161 0.0000000000
19251  18.703  -59.459  -37.265 0.0000000000
17533  18.066  -60.929  -39.308 0.0000000000
17519  17.723  -61.357  -38.989 0.0000000000
17531  19.126  -61.108  -39.470 0.0000000000
18381  22.196  -60.396  -38.018 0.0000000000
18395  21.529  -60.373  -39.248 0.0000000000
112809  19.726  -61.467  -37.852 0.0000000000
17487  21.105  -61.774  -36.589 0.0000000000
16604  20.737  -62.373  -35.984 0.0000000000
16603  21.649  -62.443  -35.865 0.0000000000
14931  23.099  -64.395  -36.387 0.0000000000
105340  22.616  -63.762  -35.786 0.0000000000
14940  22.642  -65.112  -36.785 0.0000000000
14094  21.379  -65.532  -37.147 0.0000000000
14093  22.080  -65.444  -37.332 0.0000000000
16639  25.966  -63.190  -38.105 0.0000000000
103223  26.160  -63.781  -38.777 0.0000000000
14964  22.567  -64.725  -41.243 0.0000000000
14956  22.912  -64.788  -40.023 0.0000000000
14116  22.042  -65.005  -40.620 0.0000000000
14109  21.382  -65.315  -40.151 0.0000000000
105034  20.631  -65.401  -40.965 0.0000000000
110029  19.001  -65.595  -41.476 0.0000000000
14126  19.830  -65.458  -41.998 0.0000000000
12539  21.629  -66.861  -43.033 0.0000000000
12540  20.857  -66.964  -42.937 0.0000000000
120882  21.155  -67.345  -41.797 0.0000000000
12514  20.550  -67.524  -41.090 0.0000000000
12513  21.605  -67.395  -40.782 0.0000000000
13394  25.617  -65.969  -43.384 0.0000000000
13372  26.355  -66.556  -42.747 0.0000000000
11619  25.319  -68.877  -40.671 0.0000000000
12509  25.358  -68.006  -40.766 0.0000000000
11620  24.841  -68.251  -40.124 0.0000000000
12498  23.576  -67.768  -39.258 0.0000000000
10686  24.190  -68.955  -39.436 0.0000000000
10697  24.072  -69.802  -39.782 0.0000000000
9782  24.424  -70.215  -40.544 0.0000000000
8146  25.005  -72.078  -43.044 0.0000000000
8960  24.585  -71.651  -42.481 0.0000000000
8156  24.574  -72.213  -43.874 0.0000000000
8157  23.727  -71.628  -44.358 0.0000000000
8165  24.192  -72.342  -44.810 0.0000000000
7378  24.763  -73.479  -44.970 0.0000000000
7377  25.545  -73.630  -44.725 0.0000000000
7385  27.649  -73.921  -46.579 0.0000000000
116131  27.200  -74.494  -46.136 0.0000000000
110695  27.547  -74.220  -48.147 0.0000000000
6671  27.789  -76.124  -47.920 0.0000000000
6684  28.655  -74.729  -48.667 0.0000000000
7403  32.410  -74.405  -49.160 0.0000000000
6682  31.079  -75.626  -48.781 0.0000000000
6681  32.186  -75.489  -48.598 0.0000000000
6677  32.564  -75.483  -48.186 0.0000000000
7398  33.585  -74.908  -48.147 0.0000000000
1621  35.305  -83.555  -20.135 0.0000000000
1607  36.008  -83.298  -20.404 0.0000000000
115246  35.127  -84.155  -20.942 0.0000000000
1636  34.977  -84.140  -22.268 0.0000000000
1646  34.572  -83.867  -23.422 0.0000000000
6979  10.971  -73.588  -9.548 0.0000000000
6978  11.919  -74.201  -9.904 0.0000000000
6989  11.953  -73.356  -10.294 0.0000000000
6315  12.356  -73.497  -11.004 0.0000000000
6327  12.115  -74.094  -11.136 0.0000000000
6328  11.198  -74.685  -11.571 0.0000000000
7004  11.947  -73.123  -12.343 0.0000000000
7017  11.472  -72.693  -13.106 0.0000000000
7757  11.085  -72.205  -13.939 0.0000000000
107428  19.172  -60.682  -18.544 0.0000000000
18209  19.875  -60.946  -20.167 0.0000000000
17313  20.232  -61.173  -21.151 0.0000000000
111251  20.407  -60.414  -19.680 0.0000000000
113250  20.645  -76.116  -43.770 0.0000000000
5373  21.091  -76.820  -44.530 0.0000000000
112161  21.579  -76.464  -45.670 0.0000000000
4742  22.278  -77.825  -46.666 0.0000000000
5385  23.689  -78.337  -47.123 0.0000000000
5379  24.776  -78.077  -47.126 0.0000000000
6021  24.015  -77.283  -47.430 0.0000000000
6666  24.948  -75.895  -46.475 0.0000000000
17466  13.694  -61.793  -35.193 0.0000000000
17475  12.515  -61.798  -35.917 0.0000000000
103726  14.548  -61.422  -35.561 0.0000000000
17473  15.296  -61.075  -36.011 0.0000000000
18359  15.160  -60.974  -37.342 0.0000000000
29930  24.791  -47.932  -24.082 0.0000000000
3511  41.705  -79.094  -30.081 0.0000000000
4035  42.595  -78.366  -30.668 0.0000000000
3536  41.958  -78.790  -31.994 0.0000000000
4081  41.622  -78.020  -34.877 0.0000000000
4071  38.868  -78.667  -34.958 0.0000000000
18242  9.788  -60.672  -27.535 0.0000000000
18243  8.817  -60.419  -27.607 0.0000000000
18244  7.922  -60.348  -27.690 0.0000000000
17388  7.238  -60.659  -28.101 0.0000000000
18245  7.721  -59.743  -28.518 0.0000000000
19176  7.757  -58.258  -29.765 0.0000000000
20029  7.933  -57.901  -29.946 0.0000000000
27290  20.470  -50.653  -26.882 0.0000000000
27291  19.464  -50.473  -25.680 0.0000000000
28169  18.591  -50.310  -25.199 0.0000000000
28170  17.975  -49.925  -25.413 0.0000000000
30922  12.033  -46.272  -30.575 0.0000000000
30021  12.092  -47.278  -30.505 0.0000000000
412  18.988  -89.001  -24.589 0.0000000000
282  19.227  -89.916  -24.769 0.0000000000
103296  18.734  -89.369  -24.994 0.0000000000
104938  18.903  -89.188  -25.594 0.0000000000
107639  19.712  -89.618  -26.584 0.0000000000
427  16.175  -88.559  -26.367 0.0000000000
117000  16.221  -89.392  -26.849 0.0000000000
123310  16.057  -89.223  -26.276 0.0000000000
109641  15.734  -90.950  -27.118 0.0000000000
98  15.134  -91.282  -27.219 0.0000000000
109  12.929  -91.096  -28.307 0.0000000000
90  14.827  -91.216  -26.625 0.0000000000
82  14.647  -90.967  -26.013 0.0000000000
107629  14.551  -90.869  -25.355 0.0000000000
1535  17.057  -83.356  -12.660 0.0000000000
1534  18.036  -83.717  -12.562 0.0000000000
1559  17.523  -83.728  -14.307 0.0000000000
1197  17.186  -84.060  -14.921 0.0000000000
933  16.063  -85.392  -15.014 0.0000000000
691  13.718  -86.638  -15.103 0.0000000000
15584  11.578  -63.192  -18.469 0.0000000000
15585  10.921  -63.402  -18.451 0.0000000000
16372  10.488  -62.779  -19.100 0.0000000000
16384  9.053  -62.004  -19.665 0.0000000000
16385  7.766  -61.935  -19.813 0.0000000000
16399  5.424  -61.789  -20.725 0.0000000000
17327  5.938  -60.984  -21.330 0.0000000000
102184  5.908  -60.929  -22.054 0.0000000000
117404  6.405  -60.979  -22.707 0.0000000000
25294  25.096  -52.150  -20.730 0.0000000000
26221  23.686  -51.881  -20.142 0.0000000000
26220  24.484  -51.622  -20.239 0.0000000000
26219  25.377  -51.227  -20.379 0.0000000000
982  20.271  -85.634  -21.379 0.0000000000
106108  20.461  -85.792  -20.665 0.0000000000
983  19.630  -86.473  -21.820 0.0000000000
750  19.438  -87.487  -21.934 0.0000000000
555  19.608  -88.058  -21.969 0.0000000000
396  19.754  -88.167  -22.637 0.0000000000
566  19.369  -87.984  -23.609 0.0000000000
110152  19.285  -88.429  -24.148 0.0000000000
1818  24.272  -83.189  -40.566 0.0000000000
1420  23.863  -83.995  -41.106 0.0000000000
1813  23.624  -83.309  -39.197 0.0000000000
1819  23.356  -84.024  -39.681 0.0000000000
1807  23.148  -83.804  -37.974 0.0000000000
106168  23.135  -84.137  -38.014 0.0000000000
1800  23.687  -83.633  -36.787 0.0000000000
2238  24.132  -82.900  -36.148 0.0000000000
123396  25.833  -81.968  -35.488 0.0000000000
2644  26.764  -81.173  -35.415 0.0000000000
3101  26.148  -80.675  -34.711 0.0000000000
107435  26.204  -79.207  -34.266 0.0000000000
7917  7.844  -75.155  -23.129 0.0000000000
106243  8.264  -74.811  -23.854 0.0000000000
106618  17.198  -67.795  -35.657 0.0000000000
11539  15.613  -68.584  -35.184 0.0000000000
12465  16.516  -67.601  -36.630 0.0000000000
120771  15.563  -67.489  -37.369 0.0000000000
12479  14.835  -67.014  -38.437 0.0000000000
13351  14.042  -66.884  -40.004 0.0000000000
13350  14.628  -66.607  -40.428 0.0000000000
13356  15.652  -66.233  -41.586 0.0000000000
12532  16.376  -66.463  -42.178 0.0000000000
3945  40.722  -78.293  -20.632 0.0000000000
3944  41.313  -78.575  -20.758 0.0000000000
2938  39.702  -80.366  -22.786 0.0000000000
111260  39.563  -80.180  -23.927 0.0000000000
3450  39.869  -79.862  -24.584 0.0000000000
3460  40.278  -79.406  -25.289 0.0000000000
115879  40.114  -79.518  -26.075 0.0000000000
3479  39.813  -79.782  -27.299 0.0000000000
115323  19.036  -45.939  -29.982 0.0000000000
31839  18.284  -45.737  -29.959 0.0000000000
31840  17.396  -45.519  -29.916 0.0000000000
31841  16.650  -45.316  -29.889 0.0000000000
34767  13.458  -42.544  -31.545 0.0000000000
32846  12.678  -43.652  -30.999 0.0000000000
34783  13.022  -42.034  -31.820 0.0000000000
33844  13.275  -42.527  -32.315 0.0000000000
2095  17.784  -82.916  -23.273 0.0000000000
104994  17.278  -84.330  -23.975 0.0000000000
1641  17.559  -83.326  -22.655 0.0000000000
120857  17.409  -83.728  -22.045 0.0000000000
117427  17.173  -84.416  -21.861 0.0000000000
3265  10.843  -79.920  -3.886 0.0000000000
2786  11.654  -81.264  -3.937 0.0000000000
3308  12.574  -79.718  -8.475 0.0000000000
3307  13.106  -80.245  -8.216 0.0000000000
2819  12.921  -80.394  -8.726 0.0000000000
2376  13.262  -81.484  -8.576 0.0000000000
1945  13.457  -82.507  -8.215 0.0000000000
1501  13.938  -83.626  -8.692 0.0000000000
1957  12.734  -83.421  -8.722 0.0000000000
1506  12.237  -83.977  -9.425 0.0000000000
1514  12.001  -84.634  -10.247 0.0000000000
1164  12.044  -85.142  -11.126 0.0000000000
1971  11.172  -83.099  -10.333 0.0000000000
2391  9.954  -81.975  -10.131 0.0000000000
2392  9.588  -81.433  -10.540 0.0000000000
5672  7.806  -75.447  -13.107 0.0000000000
4378  7.693  -76.903  -12.679 0.0000000000
5006  7.307  -76.649  -13.627 0.0000000000
115384  14.474  -59.348  -18.146 0.0000000000
17298  13.976  -60.256  -19.900 0.0000000000
17320  12.836  -60.827  -20.407 0.0000000000
107951  13.722  -61.227  -20.399 0.0000000000
16397  14.304  -62.019  -21.055 0.0000000000
115486  14.760  -62.360  -21.734 0.0000000000
16434  17.963  -62.354  -24.192 0.0000000000
16435  16.955  -62.388  -23.443 0.0000000000
15659  17.435  -63.000  -25.595 0.0000000000
15641  17.102  -63.083  -25.625 0.0000000000
14774  16.585  -63.745  -24.599 0.0000000000
16454  22.680  -61.807  -25.787 0.0000000000
16430  22.599  -62.713  -24.235 0.0000000000
16409  23.333  -62.249  -24.180 0.0000000000
107474  23.143  -62.288  -22.682 0.0000000000
17337  23.495  -61.811  -22.109 0.0000000000
18219  24.419  -60.851  -22.411 0.0000000000
113661  19.618  -80.684  -37.884 0.0000000000
120515  21.636  -79.305  -41.812 0.0000000000
3624  20.842  -79.063  -39.371 0.0000000000
4136  21.595  -78.572  -39.074 0.0000000000
3612  22.248  -78.748  -38.835 0.0000000000
3623  23.299  -79.272  -39.119 0.0000000000
2686  23.867  -80.778  -40.286 0.0000000000
108250  23.479  -78.534  -39.124 0.0000000000
4134  24.203  -78.870  -39.106 0.0000000000
4123  24.151  -77.985  -38.782 0.0000000000
121470  24.303  -77.754  -38.326 0.0000000000
5321  23.730  -76.288  -38.782 0.0000000000
5946  23.768  -75.380  -38.876 0.0000000000
6611  24.255  -74.564  -39.577 0.0000000000
5370  28.020  -77.834  -43.440 0.0000000000
5992  27.972  -77.169  -41.858 0.0000000000
6003  28.360  -77.335  -43.386 0.0000000000
6654  28.706  -75.801  -43.072 0.0000000000
108787  29.545  -73.334  -43.609 0.0000000000
7372  30.312  -73.473  -44.848 0.0000000000
119060  31.590  -73.118  -45.648 0.0000000000
12381  9.131  -67.572  -29.452 0.0000000000
11456  9.502  -68.172  -28.156 0.0000000000
12380  10.565  -67.481  -29.446 0.0000000000
12379  11.386  -67.425  -29.466 0.0000000000
12396  11.724  -67.074  -30.140 0.0000000000
14920  14.385  -64.093  -35.189 0.0000000000
14882  14.548  -64.773  -33.903 0.0000000000
14901  14.886  -64.389  -34.547 0.0000000000
14881  15.529  -64.744  -33.814 0.0000000000
14039  16.874  -65.628  -33.408 0.0000000000
114013  17.254  -66.588  -33.132 0.0000000000
14879  17.358  -65.092  -33.849 0.0000000000
14897  18.655  -64.725  -34.573 0.0000000000
14896  19.314  -64.152  -34.823 0.0000000000
26332  26.913  -51.074  -26.430 0.0000000000
27271  26.127  -50.529  -26.633 0.0000000000
29103  24.171  -49.040  -26.179 0.0000000000
28167  24.743  -49.556  -26.651 0.0000000000
104346  22.387  -50.041  -27.623 0.0000000000
4106  40.124  -78.440  -38.160 0.0000000000
4115  40.004  -78.060  -39.198 0.0000000000
3606  39.232  -78.634  -39.709 0.0000000000
3616  38.631  -78.521  -40.542 0.0000000000
3629  37.400  -79.240  -41.253 0.0000000000
3155  36.900  -80.053  -41.195 0.0000000000
3157  35.306  -80.965  -41.120 0.0000000000
6642  15.834  -73.340  -44.615 0.0000000000
5967  16.574  -74.861  -41.598 0.0000000000
6628  17.349  -74.408  -40.878 0.0000000000
6629  16.839  -73.495  -41.356 0.0000000000
6627  18.131  -73.929  -40.722 0.0000000000
7345  18.562  -72.919  -40.621 0.0000000000
119038  7.480  -65.492  -26.584 0.0000000000
13207  7.763  -66.114  -26.413 0.0000000000
13171  6.756  -66.438  -25.637 0.0000000000
115941  7.194  -67.167  -25.319 0.0000000000
12309  5.906  -66.964  -25.266 0.0000000000
12334  5.222  -67.117  -25.812 0.0000000000
12350  5.251  -67.729  -27.126 0.0000000000
119714  5.249  -67.061  -27.401 0.0000000000
13221  5.966  -66.691  -29.015 0.0000000000
13239  6.583  -66.259  -29.799 0.0000000000
17436  7.688  -61.855  -30.934 0.0000000000
16550  7.586  -63.093  -30.861 0.0000000000
16549  8.267  -62.861  -31.097 0.0000000000
16548  9.250  -62.800  -31.136 0.0000000000
16563  10.718  -63.141  -31.612 0.0000000000
16562  11.764  -63.210  -31.933 0.0000000000
120765  11.613  -62.539  -31.314 0.0000000000
17431  13.101  -61.933  -31.387 0.0000000000
17430  13.935  -62.092  -31.565 0.0000000000
21773  15.284  -55.837  -30.306 0.0000000000
29125  15.726  -48.363  -26.744 0.0000000000
26359  12.390  -51.034  -30.307 0.0000000000
26358  12.716  -50.956  -29.474 0.0000000000
24459  13.018  -52.887  -30.525 0.0000000000
23478  13.366  -53.802  -30.759 0.0000000000
111049  13.033  -54.509  -31.350 0.0000000000
115201  11.831  -55.651  -31.849 0.0000000000
21783  10.638  -56.540  -31.938 0.0000000000
121071  11.478  -55.734  -32.602 0.0000000000
22656  11.429  -56.186  -33.129 0.0000000000
21809  11.968  -56.153  -33.503 0.0000000000
23531  14.773  -55.057  -33.243 0.0000000000
21805  15.491  -56.285  -33.321 0.0000000000
113542  15.668  -56.937  -33.450 0.0000000000
20058  15.718  -58.441  -33.235 0.0000000000
20900  16.106  -57.646  -33.398 0.0000000000
21802  18.449  -57.177  -32.884 0.0000000000
260  27.485  -89.026  -21.435 0.0000000000
390  29.248  -88.270  -22.278 0.0000000000
259  28.129  -89.050  -22.472 0.0000000000
124224  27.249  -89.485  -23.398 0.0000000000
113830  26.703  -89.722  -23.763 0.0000000000
107427  22.581  -91.471  -25.692 0.0000000000
76  23.952  -90.775  -25.755 0.0000000000
118130  22.770  -91.356  -26.396 0.0000000000
93  23.761  -90.650  -27.221 0.0000000000
119692  24.561  -90.086  -27.531 0.0000000000
199  24.901  -89.510  -28.008 0.0000000000
200  24.284  -89.894  -28.399 0.0000000000
122058  23.749  -90.254  -28.791 0.0000000000
206  23.443  -90.270  -29.507 0.0000000000
114689  21.042  -86.444  -28.788 0.0000000000
594  21.242  -87.110  -29.080 0.0000000000
823  20.698  -86.960  -29.376 0.0000000000
455  19.348  -88.877  -30.211 0.0000000000
324  18.720  -89.405  -30.450 0.0000000000
33  15.661  -90.937  -31.124 0.0000000000
121551  16.282  -91.483  -31.292 0.0000000000
38  16.935  -91.886  -31.604 0.0000000000
1577  19.697  -83.569  -16.546 0.0000000000
1205  19.331  -84.329  -16.465 0.0000000000
946  18.095  -85.301  -17.057 0.0000000000
1912  16.768  -82.862  -4.403 0.0000000000
1925  17.875  -82.874  -5.679 0.0000000000
1491  18.024  -83.593  -5.727 0.0000000000
1133  18.692  -84.012  -6.421 0.0000000000
1138  20.131  -84.625  -7.690 0.0000000000
680  18.026  -87.064  -12.470 0.0000000000
485  19.605  -87.406  -12.899 0.0000000000
488  19.058  -87.725  -13.328 0.0000000000
492  19.328  -88.452  -14.776 0.0000000000
497  19.664  -88.251  -15.319 0.0000000000
503  19.331  -88.500  -15.996 0.0000000000
360  18.758  -89.080  -16.826 0.0000000000
111255  18.200  -89.828  -18.060 0.0000000000
250  17.619  -90.211  -19.000 0.0000000000
45  16.681  -90.193  -21.027 0.0000000000
152  16.472  -90.348  -20.291 0.0000000000
154  14.661  -90.111  -20.480 0.0000000000
14679  7.827  -64.645  -16.906 0.0000000000
13853  9.518  -65.361  -16.152 0.0000000000
13854  7.527  -65.171  -16.163 0.0000000000
13846  6.695  -65.500  -15.554 0.0000000000
13835  7.067  -65.828  -14.817 0.0000000000
13039  5.088  -66.455  -15.395 0.0000000000
12159  5.204  -67.267  -15.375 0.0000000000
12157  7.759  -67.701  -16.404 0.0000000000
11225  8.945  -68.136  -16.722 0.0000000000
12162  8.274  -67.604  -17.366 0.0000000000
11255  8.238  -67.607  -18.011 0.0000000000
11236  8.273  -68.139  -18.134 0.0000000000
13120  5.070  -66.587  -21.365 0.0000000000
11284  5.180  -67.797  -20.038 0.0000000000
11307  5.404  -68.469  -20.470 0.0000000000
9498  6.320  -70.019  -20.007 0.0000000000
8663  6.667  -71.217  -19.485 0.0000000000
16465  10.480  -63.039  -22.999 0.0000000000
15644  9.831  -63.317  -23.075 0.0000000000
14780  9.964  -63.968  -23.261 0.0000000000
14742  10.019  -64.557  -22.634 0.0000000000
20816  23.743  -57.942  -23.765 0.0000000000
20804  24.939  -57.353  -23.502 0.0000000000
23368  23.406  -54.268  -21.197 0.0000000000
22517  25.330  -55.430  -21.830 0.0000000000
21668  25.366  -56.168  -21.872 0.0000000000
22496  25.647  -55.661  -20.924 0.0000000000
21649  26.733  -56.019  -19.168 0.0000000000
21625  27.074  -56.527  -19.111 0.0000000000
20791  27.570  -57.571  -19.790 0.0000000000
120435  27.610  -56.629  -19.573 0.0000000000
21624  28.163  -56.348  -20.130 0.0000000000
107273  28.493  -56.512  -20.933 0.0000000000
105029  29.175  -52.621  -20.842 0.0000000000
109712  29.261  -53.991  -21.786 0.0000000000
23420  29.416  -53.987  -22.767 0.0000000000
23440  29.538  -54.366  -24.674 0.0000000000
29020  26.459  -48.083  -20.087 0.0000000000
29019  27.183  -47.810  -20.468 0.0000000000
29855  26.766  -47.361  -20.698 0.0000000000
29875  26.335  -47.076  -21.188 0.0000000000
30785  26.335  -46.818  -21.736 0.0000000000
30808  25.950  -46.944  -22.411 0.0000000000
688  24.046  -86.708  -15.803 0.0000000000
105925  22.464  -88.218  -19.526 0.0000000000
524  22.915  -88.218  -18.729 0.0000000000
533  23.183  -87.799  -19.534 0.0000000000
957  24.645  -86.035  -19.660 0.0000000000
119535  25.204  -85.390  -19.279 0.0000000000
121093  24.344  -85.826  -20.617 0.0000000000
1002  24.307  -85.276  -23.886 0.0000000000
1293  24.776  -85.391  -25.113 0.0000000000
402  23.292  -88.510  -24.332 0.0000000000
401  24.345  -88.277  -23.824 0.0000000000
400  25.024  -88.329  -22.695 0.0000000000
541  26.517  -88.258  -21.203 0.0000000000
392  27.586  -88.461  -20.848 0.0000000000
2061  31.343  -82.898  -21.267 0.0000000000
2060  32.423  -83.201  -21.010 0.0000000000
1625  30.743  -83.320  -20.662 0.0000000000
979  29.491  -85.390  -20.372 0.0000000000
1024  31.026  -86.012  -24.666 0.0000000000
1290  31.601  -85.065  -23.940 0.0000000000
1299  30.935  -85.259  -24.448 0.0000000000
2104  31.335  -82.730  -24.702 0.0000000000
2993  35.918  -79.947  -28.059 0.0000000000
2658  31.478  -81.436  -37.853 0.0000000000
2671  32.254  -81.669  -38.756 0.0000000000
2670  33.091  -81.926  -39.264 0.0000000000
2682  32.922  -82.183  -40.282 0.0000000000
2257  32.226  -82.647  -40.975 0.0000000000
2267  31.951  -82.512  -42.047 0.0000000000
2253  26.742  -83.109  -38.726 0.0000000000
1812  26.736  -83.797  -39.847 0.0000000000
2252  27.312  -82.867  -39.683 0.0000000000
2684  27.771  -82.179  -40.215 0.0000000000
2260  27.881  -82.435  -41.401 0.0000000000
2695  28.182  -81.553  -41.608 0.0000000000
3160  28.404  -80.873  -40.968 0.0000000000
3146  29.075  -80.433  -40.184 0.0000000000
3619  30.489  -79.524  -39.844 0.0000000000
4133  30.984  -78.878  -39.324 0.0000000000
3609  30.371  -79.343  -38.879 0.0000000000
4121  30.828  -78.596  -38.457 0.0000000000
6577  25.723  -74.804  -36.813 0.0000000000
103949  26.459  -72.888  -37.023 0.0000000000
9584  12.229  -70.376  -26.583 0.0000000000
7934  11.852  -71.763  -26.303 0.0000000000
8782  12.425  -71.407  -27.670 0.0000000000
8000  11.838  -72.024  -28.786 0.0000000000
8797  11.596  -71.850  -29.567 0.0000000000
123449  11.832  -69.535  -34.257 0.0000000000
105325  11.191  -70.254  -33.282 0.0000000000
116928  10.679  -69.941  -33.860 0.0000000000
9685  9.224  -69.964  -33.536 0.0000000000
121816  8.187  -69.474  -33.772 0.0000000000
9686  7.201  -69.368  -33.720 0.0000000000
10598  7.468  -69.239  -34.198 0.0000000000
9711  8.619  -69.885  -35.483 0.0000000000
112297  8.717  -70.675  -36.094 0.0000000000
8887  9.502  -71.123  -36.348 0.0000000000
8886  10.525  -71.182  -36.596 0.0000000000
8910  11.486  -71.512  -37.122 0.0000000000
9754  12.526  -71.135  -37.741 0.0000000000
10674  17.015  -69.153  -38.336 0.0000000000
10657  16.750  -69.747  -37.653 0.0000000000
10656  17.689  -69.674  -37.496 0.0000000000
9748  18.402  -70.505  -36.842 0.0000000000
8904  19.381  -71.409  -37.035 0.0000000000
116181  19.866  -71.603  -37.763 0.0000000000
8923  20.819  -71.152  -38.005 0.0000000000
8922  21.707  -71.112  -38.772 0.0000000000
8935  22.038  -71.220  -39.781 0.0000000000
108704  23.149  -59.465  -39.913 0.0000000000
19282  23.489  -59.612  -38.114 0.0000000000
17502  22.398  -60.948  -37.050 0.0000000000
17485  23.032  -61.755  -36.310 0.0000000000
17501  23.582  -60.963  -36.734 0.0000000000
15777  23.983  -62.968  -36.588 0.0000000000
15787  24.412  -63.411  -37.307 0.0000000000
15815  26.641  -63.837  -40.359 0.0000000000
15805  26.095  -64.076  -39.665 0.0000000000
15816  25.795  -64.100  -40.675 0.0000000000
110455  23.892  -64.549  -41.585 0.0000000000
14976  22.233  -64.834  -42.300 0.0000000000
14125  21.419  -65.130  -42.452 0.0000000000
14990  22.030  -65.162  -42.956 0.0000000000
13398  22.075  -66.349  -43.226 0.0000000000
13376  22.612  -66.640  -43.075 0.0000000000
12536  27.857  -67.952  -42.439 0.0000000000
12538  26.671  -67.332  -42.104 0.0000000000
114486  27.618  -68.789  -42.190 0.0000000000
10705  26.699  -69.639  -41.621 0.0000000000
9789  26.311  -70.381  -41.606 0.0000000000
9790  25.567  -70.515  -41.335 0.0000000000
8948  26.551  -70.933  -41.995 0.0000000000
8967  26.987  -71.924  -42.965 0.0000000000
8154  26.419  -72.532  -43.501 0.0000000000
111170  27.043  -73.447  -44.781 0.0000000000
8163  27.566  -72.917  -44.533 0.0000000000
7374  28.061  -73.058  -46.082 0.0000000000
8186  27.825  -72.749  -47.521 0.0000000000
2914  37.502  -80.734  -19.988 0.0000000000
112330  38.821  -80.069  -20.016 0.0000000000
2466  37.549  -81.098  -19.915 0.0000000000
2475  38.321  -80.954  -20.096 0.0000000000
119926  38.206  -81.432  -20.967 0.0000000000
2072  37.124  -82.382  -20.866 0.0000000000
2484  37.663  -81.946  -21.642 0.0000000000
2498  38.226  -81.461  -22.381 0.0000000000
2515  37.664  -81.556  -23.781 0.0000000000
2954  37.867  -81.126  -24.620 0.0000000000
2963  37.345  -80.882  -25.308 0.0000000000
4314  9.607  -77.839  -7.574 0.0000000000
4313  11.112  -77.796  -8.095 0.0000000000
4326  11.427  -77.057  -8.821 0.0000000000
3800  11.614  -78.355  -8.541 0.0000000000
3815  11.477  -78.216  -9.147 0.0000000000
3816  10.862  -78.604  -9.552 0.0000000000
3322  10.232  -79.541  -9.387 0.0000000000
3817  9.588  -79.017  -9.715 0.0000000000
4349  9.888  -77.614  -10.462 0.0000000000
4968  9.316  -77.093  -11.038 0.0000000000
5644  8.914  -75.956  -11.941 0.0000000000
122421  10.293  -74.755  -12.041 0.0000000000
5643  8.983  -75.378  -12.337 0.0000000000
5657  8.235  -75.710  -12.515 0.0000000000
6356  8.308  -74.787  -13.414 0.0000000000
114524  8.246  -74.519  -14.054 0.0000000000
6376  8.141  -74.068  -15.407 0.0000000000
18164  18.481  -60.524  -17.115 0.0000000000
17296  16.314  -61.286  -19.403 0.0000000000
17295  17.225  -61.444  -19.485 0.0000000000
17316  17.579  -61.727  -20.337 0.0000000000
17342  17.929  -61.852  -21.386 0.0000000000
17315  18.441  -61.559  -20.564 0.0000000000
16411  18.316  -61.960  -22.748 0.0000000000
16458  18.996  -62.703  -25.107 0.0000000000
15638  19.703  -63.023  -25.092 0.0000000000
108719  19.955  -63.459  -24.219 0.0000000000
16457  19.820  -62.364  -25.442 0.0000000000
16456  20.665  -61.948  -25.901 0.0000000000
17338  21.163  -61.211  -23.390 0.0000000000
107709  22.356  -61.014  -25.378 0.0000000000
4145  18.350  -79.059  -40.555 0.0000000000
3636  18.697  -79.971  -40.222 0.0000000000
4723  20.366  -79.148  -42.269 0.0000000000
4154  20.977  -79.765  -42.517 0.0000000000
4736  21.258  -78.192  -44.347 0.0000000000
4168  21.697  -79.407  -44.080 0.0000000000
118941  21.327  -79.662  -42.521 0.0000000000
4730  22.823  -79.290  -43.313 0.0000000000
4721  23.209  -78.073  -42.575 0.0000000000
113491  23.355  -76.562  -41.915 0.0000000000
5983  23.693  -75.514  -41.519 0.0000000000
5996  23.954  -75.866  -42.482 0.0000000000
5995  24.565  -75.796  -42.869 0.0000000000
5994  25.255  -75.898  -43.391 0.0000000000
6013  25.298  -77.576  -46.300 0.0000000000
6005  25.535  -76.760  -44.811 0.0000000000
5364  27.426  -77.456  -43.784 0.0000000000
5376  27.601  -77.908  -45.248 0.0000000000
5375  28.144  -78.208  -45.733 0.0000000000
6017  28.862  -77.856  -46.148 0.0000000000
14022  10.325  -65.316  -33.083 0.0000000000
13268  11.052  -65.938  -32.319 0.0000000000
114684  11.105  -64.913  -33.961 0.0000000000
14884  11.539  -64.677  -34.459 0.0000000000
14903  12.336  -64.509  -35.010 0.0000000000
16612  12.380  -61.975  -36.305 0.0000000000
122490  12.326  -63.302  -36.131 0.0000000000
112370  13.692  -63.891  -35.587 0.0000000000
15772  14.345  -63.556  -35.833 0.0000000000
15771  15.322  -63.239  -35.921 0.0000000000
16594  16.753  -62.672  -36.144 0.0000000000
29955  27.252  -47.414  -26.167 0.0000000000
29100  27.422  -48.155  -26.605 0.0000000000
29084  26.548  -48.077  -25.995 0.0000000000
29086  24.615  -48.608  -25.459 0.0000000000
4001  43.787  -76.978  -27.525 0.0000000000
117726  43.682  -76.515  -27.372 0.0000000000
122104  43.923  -76.859  -28.710 0.0000000000
4034  43.679  -77.192  -30.986 0.0000000000
4584  43.827  -76.717  -31.737 0.0000000000
5223  43.534  -76.282  -31.719 0.0000000000
5251  43.385  -75.999  -33.100 0.0000000000
5888  43.137  -75.204  -35.385 0.0000000000
5922  42.743  -75.379  -36.715 0.0000000000
5291  43.063  -75.781  -36.602 0.0000000000
4653  42.578  -76.546  -36.719 0.0000000000
4655  41.251  -77.576  -37.314 0.0000000000
4082  41.014  -78.087  -35.678 0.0000000000
4105  40.651  -78.074  -37.643 0.0000000000
3600  38.444  -79.689  -37.683 0.0000000000
3608  37.971  -80.120  -38.188 0.0000000000
14819  7.318  -63.908  -26.800 0.0000000000
14820  5.826  -63.774  -26.312 0.0000000000
112110  5.116  -63.900  -26.712 0.0000000000
14833  5.524  -64.214  -27.701 0.0000000000
15689  5.463  -63.225  -27.367 0.0000000000
16520  6.528  -62.407  -28.780 0.0000000000
17422  6.966  -61.945  -29.827 0.0000000000
17406  7.071  -60.730  -28.851 0.0000000000
111843  7.150  -61.037  -29.618 0.0000000000
17421  7.348  -61.428  -30.400 0.0000000000
18313  7.999  -60.834  -31.213 0.0000000000
105210  8.906  -60.933  -31.677 0.0000000000
18312  9.799  -60.476  -32.004 0.0000000000
26323  19.914  -51.183  -24.492 0.0000000000
30891  12.393  -46.365  -28.781 0.0000000000
27299  12.231  -50.055  -29.987 0.0000000000
27306  12.023  -50.358  -31.039 0.0000000000
26373  12.659  -51.241  -31.533 0.0000000000
25440  12.909  -51.988  -31.644 0.0000000000
24497  13.326  -52.812  -31.714 0.0000000000
25455  13.418  -52.290  -31.789 0.0000000000
162  23.306  -90.359  -22.478 0.0000000000
51  23.409  -90.696  -22.752 0.0000000000
170  22.773  -90.735  -22.684 0.0000000000
67  22.144  -91.375  -23.677 0.0000000000
104746  21.500  -91.659  -24.350 0.0000000000
179  20.072  -91.088  -24.133 0.0000000000
68  20.791  -91.664  -24.295 0.0000000000
1  21.743  -91.828  -25.333 0.0000000000
6  21.077  -92.109  -26.101 0.0000000000
7  20.104  -92.313  -26.552 0.0000000000
12  20.268  -92.304  -27.413 0.0000000000
590  17.576  -87.195  -27.981 0.0000000000
607  18.036  -87.803  -29.565 0.0000000000
441  17.350  -88.211  -29.184 0.0000000000
317  16.680  -88.703  -29.832 0.0000000000
318  15.592  -89.678  -29.761 0.0000000000
310  15.681  -89.960  -28.587 0.0000000000
114  15.114  -90.793  -30.574 0.0000000000
121  14.599  -91.107  -30.913 0.0000000000
115750  12.523  -91.031  -29.140 0.0000000000
104161  17.354  -85.324  -8.615 0.0000000000
898  18.272  -85.518  -8.157 0.0000000000
118584  18.036  -85.459  -8.900 0.0000000000
1151  18.774  -85.014  -10.550 0.0000000000
909  18.648  -85.914  -11.944 0.0000000000
1546  18.364  -84.027  -13.073 0.0000000000
914  18.247  -85.486  -12.544 0.0000000000
910  17.983  -86.443  -12.328 0.0000000000
683  17.270  -86.904  -12.754 0.0000000000
494  16.511  -87.770  -13.875 0.0000000000
354  15.965  -88.373  -15.627 0.0000000000
362  15.590  -88.933  -17.327 0.0000000000
112621  15.016  -88.096  -15.772 0.0000000000
359  14.587  -88.237  -16.511 0.0000000000
109610  10.268  -64.417  -17.399 0.0000000000
15574  10.352  -63.916  -17.986 0.0000000000
14699  9.397  -64.247  -17.648 0.0000000000
113900  8.841  -64.619  -17.138 0.0000000000
14700  8.193  -64.211  -17.563 0.0000000000
107030  5.936  -63.816  -17.842 0.0000000000
14720  5.300  -64.369  -17.808 0.0000000000
13877  5.427  -64.737  -18.194 0.0000000000
14727  5.345  -64.164  -18.705 0.0000000000
114301  5.288  -64.461  -19.740 0.0000000000
14735  4.714  -64.471  -20.758 0.0000000000
16400  4.834  -62.361  -21.297 0.0000000000
120816  4.597  -64.471  -21.544 0.0000000000
13916  4.813  -65.473  -21.361 0.0000000000
13915  5.397  -65.938  -22.003 0.0000000000
13118  6.684  -66.933  -22.100 0.0000000000
12254  7.343  -67.555  -21.815 0.0000000000
24375  23.897  -53.767  -21.040 0.0000000000
109763  25.141  -54.020  -21.498 0.0000000000
23365  27.655  -54.598  -19.663 0.0000000000
24348  26.537  -53.433  -20.873 0.0000000000
123069  27.977  -52.563  -20.318 0.0000000000
25292  28.564  -52.420  -20.481 0.0000000000
25291  29.305  -51.820  -20.730 0.0000000000
26215  29.294  -51.030  -20.626 0.0000000000
27175  29.490  -50.442  -20.838 0.0000000000
27183  29.844  -50.579  -21.491 0.0000000000
28079  28.162  -49.642  -20.935 0.0000000000
28080  27.783  -49.038  -20.948 0.0000000000
113455  25.259  -50.077  -20.000 0.0000000000
28081  26.643  -49.119  -20.019 0.0000000000
28082  25.765  -49.024  -19.954 0.0000000000
111120  24.773  -49.118  -20.232 0.0000000000
29022  23.800  -49.203  -20.783 0.0000000000
945  22.545  -86.345  -17.079 0.0000000000
711  21.437  -87.392  -18.093 0.0000000000
365  21.059  -88.381  -19.002 0.0000000000
728  19.917  -87.637  -19.973 0.0000000000
525  20.419  -88.166  -19.475 0.0000000000
122392  21.309  -88.495  -19.274 0.0000000000
534  21.939  -88.132  -20.397 0.0000000000
738  22.235  -87.434  -21.433 0.0000000000
749  22.455  -86.896  -22.372 0.0000000000
759  23.139  -86.294  -23.769 0.0000000000
760  22.317  -86.955  -23.557 0.0000000000
564  22.094  -87.498  -24.589 0.0000000000
574  22.609  -87.518  -25.058 0.0000000000
565  20.777  -88.388  -24.199 0.0000000000
105988  21.791  -88.108  -24.721 0.0000000000
409  22.439  -88.219  -24.857 0.0000000000
403  22.376  -89.131  -23.943 0.0000000000
124044  22.502  -89.815  -23.021 0.0000000000
118341  28.028  -86.023  -26.356 0.0000000000
123011  28.998  -84.846  -25.798 0.0000000000
1037  27.811  -84.942  -26.732 0.0000000000
107975  30.149  -82.592  -38.006 0.0000000000
116834  20.141  -85.483  -40.976 0.0000000000
116723  18.572  -86.735  -39.962 0.0000000000
116684  20.021  -86.758  -41.280 0.0000000000
116588  20.629  -86.877  -42.205 0.0000000000
114346  20.747  -87.110  -42.229 0.0000000000
119583  22.387  -85.551  -42.616 0.0000000000
890  21.751  -86.591  -42.341 0.0000000000
116665  20.533  -87.699  -41.688 0.0000000000
117243  21.217  -87.793  -41.421 0.0000000000
670  21.790  -87.743  -40.532 0.0000000000
102176  23.307  -87.455  -39.756 0.0000000000
102858  23.889  -87.243  -40.097 0.0000000000
102180  24.473  -86.673  -40.124 0.0000000000
1416  25.270  -84.492  -38.920 0.0000000000
102175  23.946  -84.565  -37.827 0.0000000000
1804  24.897  -83.931  -37.658 0.0000000000
1803  25.943  -83.665  -38.502 0.0000000000
2243  27.127  -82.424  -38.205 0.0000000000
2661  27.595  -81.732  -37.596 0.0000000000
3127  28.585  -80.597  -37.574 0.0000000000
3590  28.912  -79.883  -37.069 0.0000000000
3591  28.495  -79.797  -36.313 0.0000000000
4097  28.920  -78.566  -35.880 0.0000000000
3576  27.533  -79.717  -34.870 0.0000000000
4084  28.363  -78.560  -34.923 0.0000000000
4643  28.915  -77.841  -35.149 0.0000000000
5288  28.772  -77.005  -34.475 0.0000000000
6504  7.947  -74.865  -27.628 0.0000000000
9655  14.742  -69.814  -31.123 0.0000000000
107839  13.882  -70.387  -31.094 0.0000000000
9669  14.063  -70.140  -31.826 0.0000000000
9670  13.461  -70.171  -32.468 0.0000000000
9681  13.236  -69.863  -33.316 0.0000000000
104024  14.920  -68.902  -34.788 0.0000000000
10609  13.320  -69.216  -34.550 0.0000000000
110836  13.005  -69.510  -33.965 0.0000000000
113546  11.509  -68.193  -36.641 0.0000000000
103474  11.311  -67.854  -37.708 0.0000000000
10679  11.372  -68.168  -38.491 0.0000000000
119901  11.627  -67.998  -38.748 0.0000000000
10690  13.787  -68.549  -39.738 0.0000000000
10689  14.419  -68.484  -39.940 0.0000000000
11626  14.335  -67.210  -40.708 0.0000000000
11610  15.362  -68.287  -40.453 0.0000000000
11592  16.264  -68.794  -39.345 0.0000000000
11591  17.324  -68.710  -39.080 0.0000000000
11590  18.415  -68.558  -38.911 0.0000000000
11606  20.050  -68.142  -39.133 0.0000000000
15837  26.617  -63.657  -43.369 0.0000000000
15003  25.480  -64.909  -43.530 0.0000000000
12552  29.059  -67.126  -43.247 0.0000000000
5764  38.877  -74.582  -23.693 0.0000000000
5118  39.453  -75.427  -23.341 0.0000000000
5117  40.318  -75.668  -23.074 0.0000000000
4490  39.873  -76.681  -22.146 0.0000000000
5110  40.637  -76.126  -22.281 0.0000000000
5116  41.369  -76.038  -22.685 0.0000000000
5124  43.625  -76.312  -23.244 0.0000000000
4505  44.124  -76.267  -23.872 0.0000000000
3974  44.027  -76.554  -24.722 0.0000000000
3412  39.571  -79.742  -20.047 0.0000000000
3411  40.427  -79.254  -20.361 0.0000000000
3409  41.604  -78.527  -21.173 0.0000000000
2937  40.522  -79.950  -21.871 0.0000000000
3421  41.779  -78.705  -21.873 0.0000000000
3950  42.468  -78.023  -21.845 0.0000000000
3961  43.272  -77.466  -22.796 0.0000000000
121925  43.775  -77.132  -24.307 0.0000000000
3982  43.683  -76.931  -25.904 0.0000000000
3991  43.227  -77.437  -26.794 0.0000000000
4002  42.930  -77.954  -27.606 0.0000000000
107011  42.483  -78.373  -28.288 0.0000000000
3465  41.114  -79.208  -27.004 0.0000000000
3488  41.599  -79.143  -28.650 0.0000000000
3499  41.947  -79.000  -29.387 0.0000000000
114462  41.470  -79.169  -30.784 0.0000000000
110386  40.759  -79.480  -31.339 0.0000000000
3525  39.979  -79.743  -32.030 0.0000000000
29984  19.259  -47.739  -28.823 0.0000000000
29146  18.633  -48.378  -28.111 0.0000000000
29986  17.556  -47.581  -28.140 0.0000000000
108349  16.782  -47.229  -28.169 0.0000000000
31861  17.072  -44.920  -30.386 0.0000000000
32823  16.086  -44.784  -30.203 0.0000000000
113684  14.513  -45.200  -29.441 0.0000000000
30923  11.904  -45.501  -30.008 0.0000000000
31882  12.455  -44.325  -30.880 0.0000000000
30948  12.170  -45.207  -30.747 0.0000000000
30921  13.909  -46.640  -30.708 0.0000000000
30038  15.291  -46.928  -31.059 0.0000000000
102421  15.184  -46.461  -31.910 0.0000000000
105699  20.192  -85.143  -23.927 0.0000000000
1029  19.847  -86.099  -25.394 0.0000000000
1028  20.553  -85.330  -25.543 0.0000000000
1027  21.213  -84.938  -26.433 0.0000000000
1312  21.300  -84.730  -26.959 0.0000000000
106847  21.327  -84.038  -26.583 0.0000000000
1324  20.958  -84.748  -27.570 0.0000000000
1053  20.717  -85.149  -28.074 0.0000000000
1044  19.811  -85.104  -28.237 0.0000000000
1045  18.741  -85.472  -27.938 0.0000000000
2528  19.014  -81.685  -24.142 0.0000000000
2123  19.210  -82.704  -25.363 0.0000000000
1689  19.093  -83.726  -26.346 0.0000000000
1314  18.397  -84.478  -26.598 0.0000000000
117659  17.887  -85.806  -27.603 0.0000000000
795  17.220  -85.833  -26.997 0.0000000000
796  16.690  -86.343  -26.507 0.0000000000
583  16.385  -86.835  -25.945 0.0000000000
1285  16.895  -84.996  -24.071 0.0000000000
774  16.469  -86.434  -25.175 0.0000000000
103571  16.241  -87.651  -26.093 0.0000000000
105564  16.266  -87.397  -25.163 0.0000000000
576  16.304  -87.655  -24.152 0.0000000000
405  16.307  -88.075  -23.330 0.0000000000
2346  15.737  -81.606  -3.981 0.0000000000
3263  12.684  -80.830  -3.439 0.0000000000
2337  14.586  -81.740  -3.080 0.0000000000
103972  16.118  -82.520  -3.773 0.0000000000
1478  15.783  -83.316  -3.808 0.0000000000
1132  16.608  -84.083  -5.125 0.0000000000
1136  16.220  -84.432  -5.966 0.0000000000
2798  10.777  -80.474  -5.436 0.0000000000
2797  11.713  -81.036  -5.224 0.0000000000
2348  12.326  -81.807  -4.562 0.0000000000
2807  13.471  -80.763  -7.665 0.0000000000
2359  13.455  -82.032  -5.716 0.0000000000
1927  13.746  -82.698  -5.408 0.0000000000
1493  14.585  -83.596  -5.783 0.0000000000
1492  15.198  -84.119  -6.172 0.0000000000
1141  15.834  -84.519  -6.996 0.0000000000
106206  16.000  -84.643  -7.878 0.0000000000
108347  16.524  -84.905  -9.310 0.0000000000
1153  16.132  -84.551  -10.193 0.0000000000
1504  13.987  -83.921  -9.450 0.0000000000
115835  15.576  -84.298  -10.965 0.0000000000
1525  16.057  -83.937  -11.862 0.0000000000
115777  16.005  -83.466  -12.852 0.0000000000
1549  15.461  -83.274  -13.607 0.0000000000
106264  15.565  -82.446  -15.048 0.0000000000
2024  14.843  -82.058  -16.693 0.0000000000
1562  14.252  -83.190  -14.488 0.0000000000
1563  13.152  -83.636  -14.369 0.0000000000
1538  12.001  -84.785  -12.613 0.0000000000
114775  8.820  -79.414  -10.185 0.0000000000
2834  8.878  -80.276  -10.816 0.0000000000
2843  8.950  -80.554  -12.024 0.0000000000
4377  7.993  -78.306  -12.166 0.0000000000
17299  11.691  -60.340  -19.513 0.0000000000
18198  10.838  -60.558  -20.288 0.0000000000
105127  10.041  -59.380  -22.375 0.0000000000
17323  10.471  -60.270  -21.478 0.0000000000
102191  10.902  -60.178  -22.919 0.0000000000
109379  10.444  -61.882  -22.503 0.0000000000
17344  12.470  -61.484  -21.048 0.0000000000
16417  12.006  -62.161  -21.788 0.0000000000
114618  11.019  -62.567  -22.785 0.0000000000
16464  11.503  -63.365  -23.610 0.0000000000
15642  11.996  -63.617  -24.155 0.0000000000
14760  12.549  -64.671  -23.597 0.0000000000
16395  16.207  -62.136  -20.894 0.0000000000
16414  15.410  -62.424  -22.081 0.0000000000
107660  14.797  -62.521  -22.693 0.0000000000
110697  16.160  -62.512  -24.393 0.0000000000
110270  14.987  -62.206  -24.230 0.0000000000
16461  14.158  -62.139  -24.368 0.0000000000
15662  13.412  -63.266  -24.821 0.0000000000
14777  13.037  -64.271  -24.346 0.0000000000
15613  20.687  -63.695  -22.052 0.0000000000
15604  21.525  -63.226  -21.636 0.0000000000
1241  20.850  -84.973  -20.959 0.0000000000
1256  20.735  -84.718  -21.778 0.0000000000
1004  20.074  -85.269  -23.029 0.0000000000
116778  19.652  -85.191  -39.738 0.0000000000
3162  19.132  -80.358  -40.003 0.0000000000
3152  19.271  -80.588  -39.176 0.0000000000
3130  20.255  -80.702  -37.422 0.0000000000
3138  20.927  -79.786  -37.958 0.0000000000
2665  20.794  -80.485  -37.651 0.0000000000
121582  20.667  -80.870  -37.509 0.0000000000
102159  20.728  -83.366  -39.394 0.0000000000
102678  20.385  -84.365  -40.322 0.0000000000
1834  22.324  -83.884  -42.403 0.0000000000
1833  23.703  -83.368  -41.707 0.0000000000
2697  24.071  -81.615  -40.693 0.0000000000
2270  24.233  -82.289  -41.020 0.0000000000
1825  24.331  -82.803  -41.085 0.0000000000
2254  24.578  -81.874  -39.651 0.0000000000
2663  24.143  -81.169  -37.203 0.0000000000
110936  24.565  -80.269  -35.704 0.0000000000
3593  24.652  -78.879  -36.576 0.0000000000
4098  24.681  -78.093  -36.191 0.0000000000
4675  24.370  -77.448  -37.665 0.0000000000
5310  24.506  -76.622  -36.894 0.0000000000
5309  24.806  -75.857  -36.731 0.0000000000
6585  25.840  -74.589  -37.639 0.0000000000
7328  27.603  -73.579  -39.372 0.0000000000
6638  23.956  -74.969  -41.093 0.0000000000
6637  24.588  -74.799  -40.991 0.0000000000
6625  25.536  -74.689  -40.232 0.0000000000
114147  27.771  -76.290  -41.496 0.0000000000
5961  27.255  -75.254  -40.574 0.0000000000
6624  26.817  -74.923  -39.893 0.0000000000
7343  27.961  -73.403  -40.243 0.0000000000
8132  27.776  -72.480  -39.810 0.0000000000
110912  28.714  -72.077  -41.434 0.0000000000
8956  29.730  -71.828  -42.477 0.0000000000
9570  6.614  -71.258  -25.230 0.0000000000
115571  7.798  -71.400  -25.454 0.0000000000
9588  8.369  -70.405  -25.988 0.0000000000
9587  9.472  -70.378  -25.989 0.0000000000
10502  10.951  -70.034  -26.271 0.0000000000
11432  10.136  -68.637  -27.491 0.0000000000
10524  10.779  -69.301  -26.887 0.0000000000
10501  11.732  -69.785  -26.607 0.0000000000
10522  12.464  -69.575  -27.171 0.0000000000
10540  13.684  -69.818  -28.379 0.0000000000
10539  14.187  -69.616  -29.054 0.0000000000
13250  11.617  -66.404  -31.530 0.0000000000
13249  12.626  -66.401  -31.343 0.0000000000
13232  13.152  -66.724  -30.641 0.0000000000
14019  14.244  -65.637  -32.409 0.0000000000
13248  13.725  -66.485  -31.121 0.0000000000
12394  13.886  -67.159  -30.068 0.0000000000
11481  14.331  -67.804  -29.564 0.0000000000
11480  14.857  -68.415  -29.640 0.0000000000
10561  14.928  -69.528  -30.279 0.0000000000
10575  15.478  -69.287  -31.567 0.0000000000
11503  16.282  -68.772  -32.759 0.0000000000
11523  16.769  -68.418  -33.923 0.0000000000
13285  17.812  -66.745  -33.665 0.0000000000
110368  17.872  -67.302  -34.189 0.0000000000
11522  17.260  -68.041  -34.671 0.0000000000
12464  17.626  -67.276  -36.216 0.0000000000
110067  18.435  -66.249  -37.133 0.0000000000
13331  18.202  -66.147  -37.959 0.0000000000
112601  26.809  -48.874  -26.636 0.0000000000
28165  26.400  -49.676  -26.672 0.0000000000
27285  25.167  -50.356  -26.929 0.0000000000
26344  24.851  -51.011  -26.897 0.0000000000
26335  23.597  -51.937  -25.704 0.0000000000
26336  22.763  -51.771  -25.583 0.0000000000
26337  21.806  -51.578  -25.169 0.0000000000
27273  21.176  -51.133  -26.117 0.0000000000
109561  21.511  -50.378  -27.476 0.0000000000
29145  19.681  -48.551  -28.464 0.0000000000
29968  21.638  -47.887  -27.970 0.0000000000
29144  20.758  -48.287  -28.640 0.0000000000
30001  19.854  -47.039  -29.333 0.0000000000
5167  43.276  -76.269  -27.582 0.0000000000
5932  42.039  -75.581  -37.465 0.0000000000
5934  40.676  -75.761  -37.935 0.0000000000
5304  39.968  -76.131  -38.495 0.0000000000
4698  39.829  -77.259  -39.677 0.0000000000
5327  39.433  -76.877  -39.467 0.0000000000
3639  36.043  -79.162  -41.665 0.0000000000
4150  34.822  -78.554  -43.088 0.0000000000
104991  33.132  -78.666  -43.286 0.0000000000
6287  8.707  -74.806  -8.953 0.0000000000
6304  9.926  -74.192  -9.142 0.0000000000
7735  10.872  -72.623  -9.916 0.0000000000
8530  11.384  -71.655  -10.895 0.0000000000
8542  10.530  -70.898  -11.149 0.0000000000
4146  16.559  -79.783  -41.078 0.0000000000
5368  15.899  -76.842  -44.743 0.0000000000
4156  16.023  -79.424  -43.514 0.0000000000
106229  17.313  -78.784  -40.708 0.0000000000
5343  18.822  -77.438  -40.901 0.0000000000
5354  19.370  -77.043  -41.522 0.0000000000
5998  19.688  -75.697  -42.109 0.0000000000
120421  18.476  -75.481  -40.842 0.0000000000
6009  20.463  -75.218  -43.496 0.0000000000
6660  20.671  -74.338  -44.137 0.0000000000
7380  21.153  -73.171  -45.811 0.0000000000
18346  18.703  -60.441  -34.169 0.0000000000
18356  18.385  -60.484  -35.074 0.0000000000
18345  19.293  -60.261  -34.825 0.0000000000
19240  20.671  -59.538  -35.211 0.0000000000
7891  6.768  -73.438  -23.148 0.0000000000
7941  5.428  -72.623  -24.134 0.0000000000
11372  6.664  -68.376  -24.473 0.0000000000
11352  6.017  -68.861  -23.989 0.0000000000
8724  5.198  -71.813  -24.008 0.0000000000
119850  7.136  -70.311  -25.793 0.0000000000
11434  7.780  -68.628  -27.509 0.0000000000
12349  6.115  -68.247  -27.985 0.0000000000
11458  7.213  -68.315  -28.064 0.0000000000
12366  8.811  -67.939  -28.870 0.0000000000
12398  8.792  -67.143  -30.136 0.0000000000
13236  8.998  -66.701  -31.137 0.0000000000
13252  9.651  -66.303  -31.779 0.0000000000
14841  6.327  -64.854  -28.963 0.0000000000
14007  6.842  -65.300  -30.883 0.0000000000
15721  7.521  -64.017  -31.157 0.0000000000
14864  7.503  -64.606  -31.470 0.0000000000
13254  7.309  -66.012  -31.196 0.0000000000
14014  8.020  -65.577  -31.779 0.0000000000
13271  8.676  -65.409  -32.173 0.0000000000
14023  9.554  -65.174  -32.948 0.0000000000
14886  9.797  -63.958  -34.119 0.0000000000
15742  10.658  -63.183  -34.311 0.0000000000
16577  11.464  -62.893  -34.283 0.0000000000
15725  12.690  -63.221  -33.052 0.0000000000
16576  13.457  -62.844  -33.456 0.0000000000
104262  14.139  -62.492  -33.918 0.0000000000
17462  16.019  -61.863  -33.848 0.0000000000
17460  17.386  -61.305  -33.557 0.0000000000
20026  11.590  -59.186  -29.368 0.0000000000
29122  18.105  -48.717  -26.946 0.0000000000
28195  17.691  -49.201  -26.034 0.0000000000
27277  17.772  -50.132  -25.454 0.0000000000
119873  16.818  -49.474  -25.921 0.0000000000
26342  16.951  -50.015  -25.795 0.0000000000
26341  17.724  -50.427  -25.616 0.0000000000
25413  16.706  -51.683  -27.700 0.0000000000
113308  16.171  -52.219  -28.476 0.0000000000
26353  15.075  -51.600  -28.490 0.0000000000
25417  15.451  -52.210  -28.739 0.0000000000
24451  16.045  -52.929  -29.125 0.0000000000
23476  15.423  -54.092  -29.889 0.0000000000
22614  14.284  -55.843  -30.736 0.0000000000
23488  13.680  -54.889  -30.891 0.0000000000
22615  13.485  -55.866  -31.099 0.0000000000
21775  13.853  -56.671  -30.839 0.0000000000
20027  10.236  -58.874  -30.010 0.0000000000
20873  9.765  -58.102  -30.724 0.0000000000
20036  8.919  -58.162  -30.624 0.0000000000
107238  9.172  -58.016  -31.268 0.0000000000
21795  10.274  -56.855  -32.082 0.0000000000
20048  9.495  -57.977  -32.022 0.0000000000
20041  8.929  -58.554  -31.489 0.0000000000
19208  9.561  -58.899  -32.287 0.0000000000
19207  10.409  -59.342  -32.724 0.0000000000
19206  11.313  -59.537  -32.735 0.0000000000
23533  13.163  -54.806  -33.254 0.0000000000
22654  12.636  -55.540  -33.444 0.0000000000
111916  12.999  -56.687  -33.675 0.0000000000
20904  12.336  -57.494  -33.658 0.0000000000
120060  12.248  -58.751  -33.355 0.0000000000
112087  12.177  -59.301  -32.934 0.0000000000
18329  12.100  -59.840  -32.124 0.0000000000
18328  13.603  -60.460  -31.749 0.0000000000
18327  14.318  -60.359  -31.868 0.0000000000
112132  15.089  -60.824  -31.801 0.0000000000
19202  15.850  -60.298  -32.210 0.0000000000
18326  15.895  -61.346  -31.999 0.0000000000
17450  16.531  -61.574  -32.493 0.0000000000
17449  17.282  -61.279  -32.852 0.0000000000
18337  17.919  -60.739  -33.387 0.0000000000
18336  18.574  -60.316  -33.697 0.0000000000
19214  19.903  -59.532  -33.833 0.0000000000
21801  19.542  -57.200  -32.868 0.0000000000
743  32.144  -86.180  -22.038 0.0000000000
755  31.627  -86.464  -23.101 0.0000000000
111415  31.275  -86.459  -23.898 0.0000000000
561  29.963  -87.913  -23.201 0.0000000000
560  30.499  -87.348  -23.870 0.0000000000
766  31.097  -86.258  -24.403 0.0000000000
780  30.755  -86.279  -24.883 0.0000000000
781  30.265  -86.531  -25.253 0.0000000000
782  29.691  -86.850  -25.787 0.0000000000
168  25.210  -90.346  -23.267 0.0000000000
176  26.002  -90.045  -24.139 0.0000000000
279  26.606  -89.612  -24.760 0.0000000000
184  25.229  -90.101  -25.690 0.0000000000
115498  25.956  -89.896  -25.253 0.0000000000
105370  27.104  -89.271  -25.184 0.0000000000
418  27.916  -88.626  -25.797 0.0000000000
423  28.674  -87.707  -26.100 0.0000000000
585  28.923  -87.180  -26.179 0.0000000000
792  27.916  -86.906  -26.581 0.0000000000
122056  26.991  -86.979  -27.203 0.0000000000
586  19.801  -87.222  -26.653 0.0000000000
434  20.453  -87.844  -27.409 0.0000000000
299  20.285  -89.238  -27.609 0.0000000000
440  20.883  -88.314  -29.082 0.0000000000
307  20.511  -89.005  -28.564 0.0000000000
88  18.598  -91.786  -26.921 0.0000000000
13  19.313  -92.277  -27.234 0.0000000000
16  20.024  -92.326  -28.083 0.0000000000
457  17.742  -88.782  -30.973 0.0000000000
326  17.800  -89.527  -31.068 0.0000000000
210  17.286  -91.142  -29.821 0.0000000000
25  16.790  -91.615  -30.815 0.0000000000
106  17.318  -91.662  -29.701 0.0000000000
202  17.729  -91.493  -28.875 0.0000000000
18  18.261  -92.074  -28.485 0.0000000000
22  19.102  -92.194  -29.032 0.0000000000
20  20.736  -92.023  -28.906 0.0000000000
111  21.684  -91.405  -29.608 0.0000000000
1604  18.034  -83.128  -19.796 0.0000000000
104504  17.467  -84.184  -20.423 0.0000000000
1229  17.544  -84.527  -19.591 0.0000000000
975  16.922  -85.477  -20.895 0.0000000000
117347  16.603  -86.414  -22.002 0.0000000000
117508  16.422  -87.957  -22.029 0.0000000000
106641  16.390  -88.555  -22.483 0.0000000000
119478  17.788  -82.482  -6.529 0.0000000000
1934  17.937  -82.511  -7.352 0.0000000000
104987  20.724  -83.099  -11.882 0.0000000000
897  19.278  -85.481  -8.012 0.0000000000
896  20.185  -85.255  -8.048 0.0000000000
899  21.300  -85.385  -9.644 0.0000000000
678  20.157  -86.862  -12.336 0.0000000000
906  21.156  -85.573  -11.178 0.0000000000
903  21.495  -85.196  -10.272 0.0000000000
1156  21.435  -84.869  -10.955 0.0000000000
105150  20.759  -84.488  -12.400 0.0000000000
118463  20.562  -84.307  -13.398 0.0000000000
1187  19.813  -85.011  -14.654 0.0000000000
1196  18.953  -85.231  -15.888 0.0000000000
118349  17.816  -85.911  -16.845 0.0000000000
504  18.872  -88.116  -16.794 0.0000000000
103157  17.692  -87.696  -18.019 0.0000000000
519  17.179  -87.516  -18.829 0.0000000000
527  16.963  -87.909  -19.552 0.0000000000
387  16.651  -88.934  -21.538 0.0000000000
113297  16.650  -89.497  -21.891 0.0000000000
61  15.890  -90.201  -23.668 0.0000000000
62  15.485  -90.613  -24.328 0.0000000000
74  13.975  -90.710  -24.845 0.0000000000
53  15.497  -90.426  -22.466 0.0000000000
112821  13.866  -90.411  -23.469 0.0000000000
188  13.130  -90.286  -25.367 0.0000000000
248  14.916  -89.512  -18.863 0.0000000000
103057  10.070  -70.333  -11.963 0.0000000000
10272  9.298  -69.527  -13.460 0.0000000000
9369  11.231  -70.166  -12.803 0.0000000000
10292  11.532  -69.949  -14.324 0.0000000000
9399  11.297  -70.372  -14.741 0.0000000000
8602  10.576  -71.010  -15.171 0.0000000000
11224  9.797  -68.780  -16.364 0.0000000000
9412  9.985  -70.613  -15.871 0.0000000000
108222  9.518  -71.547  -15.440 0.0000000000
7792  9.010  -72.421  -15.246 0.0000000000
7793  8.233  -72.624  -15.848 0.0000000000
7053  7.968  -73.424  -15.950 0.0000000000
13078  6.285  -65.886  -19.036 0.0000000000
12208  6.986  -66.756  -18.742 0.0000000000
11256  7.175  -68.338  -18.547 0.0000000000
11283  5.626  -68.468  -19.549 0.0000000000
10354  6.215  -69.436  -18.505 0.0000000000
9445  6.381  -70.104  -17.914 0.0000000000
8618  6.862  -71.767  -17.189 0.0000000000
7809  7.132  -72.697  -17.081 0.0000000000
7054  7.405  -73.695  -16.853 0.0000000000
5739  6.988  -76.286  -19.713 0.0000000000
102189  8.444  -59.362  -23.341 0.0000000000
102976  8.046  -59.977  -23.449 0.0000000000
104858  6.860  -62.461  -23.100 0.0000000000
15624  9.117  -63.474  -23.078 0.0000000000
106467  7.305  -63.620  -23.033 0.0000000000
18206  22.011  -59.753  -22.558 0.0000000000
19105  24.039  -60.242  -25.576 0.0000000000
123629  24.772  -60.309  -24.801 0.0000000000
18218  24.953  -60.277  -22.965 0.0000000000
19108  25.184  -59.284  -23.951 0.0000000000
19103  25.239  -59.619  -23.428 0.0000000000
18204  24.559  -60.180  -21.617 0.0000000000
19094  24.650  -59.592  -20.843 0.0000000000
19086  25.895  -59.478  -19.330 0.0000000000
21672  21.440  -56.879  -22.128 0.0000000000
22497  21.312  -56.201  -21.645 0.0000000000
118358  22.210  -56.429  -21.978 0.0000000000
21690  23.822  -56.552  -22.517 0.0000000000
115759  25.540  -56.372  -20.790 0.0000000000
20802  25.369  -56.883  -21.580 0.0000000000
20793  25.258  -57.592  -20.924 0.0000000000
19955  28.001  -57.997  -20.574 0.0000000000
23364  28.204  -54.947  -19.957 0.0000000000
107717  28.705  -55.796  -21.095 0.0000000000
21667  28.731  -56.203  -21.615 0.0000000000
23393  29.074  -54.659  -21.502 0.0000000000
22515  28.955  -55.475  -21.783 0.0000000000
29098  29.017  -48.845  -26.491 0.0000000000
28108  30.057  -49.880  -22.287 0.0000000000
103567  30.175  -48.991  -22.788 0.0000000000
120635  30.161  -48.256  -23.173 0.0000000000
29059  29.019  -48.026  -22.130 0.0000000000
29910  29.827  -47.582  -23.130 0.0000000000
29909  30.347  -47.828  -23.820 0.0000000000
113839  30.225  -47.585  -24.662 0.0000000000
29937  29.747  -47.682  -25.662 0.0000000000
29938  28.692  -46.940  -25.801 0.0000000000
29939  27.717  -46.358  -25.898 0.0000000000
29928  26.643  -47.258  -24.434 0.0000000000
29913  25.601  -47.395  -23.206 0.0000000000
28086  21.545  -49.601  -20.156 0.0000000000
696  23.072  -86.867  -16.546 0.0000000000
695  23.705  -87.116  -16.344 0.0000000000
694  24.407  -87.002  -16.489 0.0000000000
514  23.610  -87.778  -18.245 0.0000000000
702  24.387  -87.238  -17.208 0.0000000000
693  25.291  -86.491  -16.586 0.0000000000
936  26.212  -85.912  -16.647 0.0000000000
1279  27.487  -84.328  -24.341 0.0000000000
1278  28.117  -84.380  -23.546 0.0000000000
771  23.379  -86.344  -24.751 0.0000000000
1015  24.372  -86.176  -25.292 0.0000000000
1014  24.953  -85.892  -25.336 0.0000000000
563  25.468  -87.156  -24.348 0.0000000000
758  25.860  -86.544  -24.580 0.0000000000
768  25.752  -85.719  -25.086 0.0000000000
1001  26.698  -85.446  -24.606 0.0000000000
988  28.331  -85.140  -22.904 0.0000000000
106602  28.728  -85.147  -22.024 0.0000000000
970  29.759  -85.975  -19.991 0.0000000000
724  28.141  -87.479  -20.563 0.0000000000
722  29.578  -86.659  -20.254 0.0000000000
721  30.379  -86.219  -19.850 0.0000000000
720  31.426  -86.129  -19.880 0.0000000000
732  31.858  -86.386  -20.867 0.0000000000
731  32.648  -85.990  -21.017 0.0000000000
5129  37.540  -75.499  -23.627 0.0000000000
4500  37.389  -76.557  -23.633 0.0000000000
106124  37.224  -79.646  -21.677 0.0000000000
2924  36.572  -80.312  -21.509 0.0000000000
2485  35.486  -81.221  -21.418 0.0000000000
2915  36.781  -80.920  -20.207 0.0000000000
2477  36.069  -81.442  -20.149 0.0000000000
2469  35.934  -82.062  -19.695 0.0000000000
1609  34.818  -83.229  -19.881 0.0000000000
2059  33.567  -83.437  -20.279 0.0000000000
1622  33.348  -84.049  -20.077 0.0000000000
966  33.300  -85.044  -20.200 0.0000000000
1276  33.576  -84.642  -23.115 0.0000000000
1647  33.784  -84.063  -23.600 0.0000000000
2089  34.842  -83.228  -23.958 0.0000000000
1659  34.048  -83.382  -23.978 0.0000000000
2101  35.072  -82.540  -24.339 0.0000000000
2517  36.263  -81.869  -24.614 0.0000000000
2536  36.574  -81.088  -25.300 0.0000000000
1675  29.758  -83.501  -25.701 0.0000000000
105643  32.944  -81.082  -25.294 0.0000000000
2538  34.719  -81.005  -25.333 0.0000000000
2965  35.975  -80.435  -26.022 0.0000000000
104649  37.517  -80.355  -26.052 0.0000000000
2991  38.113  -79.984  -27.532 0.0000000000
104291  38.592  -80.025  -28.184 0.0000000000
3006  37.049  -80.095  -28.723 0.0000000000
3005  37.996  -80.149  -28.914 0.0000000000
106144  39.014  -80.160  -29.086 0.0000000000
3019  39.097  -80.263  -29.993 0.0000000000
123495  39.422  -80.045  -31.815 0.0000000000
3063  39.000  -80.131  -32.241 0.0000000000
110799  39.205  -79.515  -33.060 0.0000000000
3556  38.796  -78.903  -33.685 0.0000000000
3571  38.350  -78.942  -35.670 0.0000000000
3572  37.600  -79.087  -35.490 0.0000000000
117500  37.337  -80.417  -37.715 0.0000000000
3123  35.717  -81.207  -37.635 0.0000000000
3133  36.033  -81.391  -38.490 0.0000000000
121269  36.851  -81.021  -39.072 0.0000000000
3144  36.141  -81.259  -39.546 0.0000000000
2702  34.440  -81.115  -41.711 0.0000000000
115966  33.460  -81.846  -40.632 0.0000000000
2692  33.606  -81.597  -41.433 0.0000000000
3168  34.266  -80.641  -42.559 0.0000000000
119974  33.542  -80.736  -42.838 0.0000000000
3647  32.565  -79.721  -43.145 0.0000000000
4151  32.429  -78.680  -42.616 0.0000000000
102145  17.603  -87.061  -40.053 0.0000000000
102144  16.819  -87.945  -39.664 0.0000000000
1808  30.105  -83.613  -39.328 0.0000000000
1127  26.535  -86.076  -40.484 0.0000000000
1817  26.876  -84.739  -40.748 0.0000000000
1423  27.283  -85.050  -40.862 0.0000000000
1125  27.613  -85.360  -40.690 0.0000000000
1418  28.514  -85.082  -40.361 0.0000000000
1816  29.797  -84.164  -40.299 0.0000000000
1815  30.435  -83.617  -39.912 0.0000000000
2269  30.854  -83.254  -41.481 0.0000000000
2273  31.136  -82.755  -42.326 0.0000000000
2704  30.519  -82.270  -42.768 0.0000000000
3171  29.663  -81.429  -42.335 0.0000000000
3170  30.767  -81.389  -42.777 0.0000000000
3642  31.854  -79.588  -42.477 0.0000000000
4152  32.063  -78.022  -41.781 0.0000000000
3601  29.526  -79.410  -37.518 0.0000000000
4674  30.115  -78.058  -37.003 0.0000000000
3577  25.054  -79.419  -34.727 0.0000000000
4630  25.342  -77.916  -34.254 0.0000000000
4629  26.167  -77.721  -33.667 0.0000000000
5917  25.621  -75.409  -35.090 0.0000000000
5901  26.120  -75.407  -34.022 0.0000000000
109239  26.518  -76.202  -33.465 0.0000000000
8740  8.178  -72.781  -24.905 0.0000000000
7188  10.197  -73.297  -25.230 0.0000000000
7953  11.400  -72.581  -26.255 0.0000000000
7201  10.503  -73.524  -25.882 0.0000000000
7202  9.602  -74.342  -25.640 0.0000000000
7214  9.082  -74.390  -27.187 0.0000000000
7221  8.897  -73.796  -28.175 0.0000000000
111645  7.668  -73.839  -29.176 0.0000000000
116176  12.716  -71.030  -30.495 0.0000000000
8835  11.956  -71.132  -30.990 0.0000000000
8813  10.468  -71.676  -30.559 0.0000000000
9673  10.796  -70.538  -32.510 0.0000000000
8837  10.213  -71.402  -31.130 0.0000000000
8020  9.977  -72.007  -30.189 0.0000000000
8021  9.202  -72.241  -30.177 0.0000000000
8022  8.170  -72.624  -30.139 0.0000000000
8004  7.598  -73.413  -29.835 0.0000000000
6613  12.618  -73.600  -39.502 0.0000000000
9769  12.310  -69.855  -38.385 0.0000000000
9753  13.453  -71.001  -37.771 0.0000000000
107315  14.475  -71.592  -37.352 0.0000000000
9751  15.591  -70.557  -37.453 0.0000000000
116199  15.269  -71.527  -37.092 0.0000000000
8094  14.705  -73.195  -37.370 0.0000000000
7318  15.790  -73.380  -37.716 0.0000000000
7329  15.403  -73.408  -38.412 0.0000000000
8126  15.941  -71.990  -39.945 0.0000000000
8124  17.603  -71.795  -39.619 0.0000000000
8136  18.019  -71.898  -40.176 0.0000000000
121737  19.554  -72.673  -41.045 0.0000000000
103470  20.222  -71.668  -39.427 0.0000000000
8133  20.060  -71.676  -40.404 0.0000000000
8149  20.258  -72.054  -42.297 0.0000000000
116957  20.422  -72.377  -43.127 0.0000000000
8168  20.937  -72.236  -45.360 0.0000000000
8178  21.401  -72.260  -46.122 0.0000000000
18357  17.502  -60.662  -35.271 0.0000000000
118961  16.893  -60.583  -36.316 0.0000000000
18370  16.135  -60.528  -37.338 0.0000000000
19269  18.095  -59.623  -38.010 0.0000000000
119325  16.930  -60.270  -38.424 0.0000000000
16642  15.776  -61.399  -38.509 0.0000000000
16641  16.329  -61.901  -38.631 0.0000000000
16625  16.419  -62.180  -38.194 0.0000000000
105222  17.068  -62.403  -37.049 0.0000000000
18396  19.954  -61.040  -39.503 0.0000000000
17517  19.356  -61.287  -38.950 0.0000000000
16623  18.409  -61.897  -37.486 0.0000000000
16606  18.961  -62.257  -36.346 0.0000000000
16592  19.456  -62.814  -35.440 0.0000000000
15767  19.804  -63.540  -35.102 0.0000000000
14917  19.994  -64.367  -35.263 0.0000000000
15779  22.027  -63.200  -35.613 0.0000000000
117247  21.200  -64.037  -35.447 0.0000000000
14070  20.119  -65.122  -35.835 0.0000000000
104760  20.701  -65.449  -36.670 0.0000000000
14095  19.958  -65.676  -37.421 0.0000000000
14103  19.420  -65.796  -38.242 0.0000000000
17498  26.153  -61.806  -37.757 0.0000000000
15786  25.110  -63.143  -37.725 0.0000000000
14938  24.018  -64.118  -37.849 0.0000000000
14954  24.420  -64.428  -39.319 0.0000000000
106205  24.002  -64.401  -38.634 0.0000000000
14946  23.457  -64.714  -38.245 0.0000000000
109202  21.432  -65.496  -39.021 0.0000000000
14111  19.805  -65.667  -39.192 0.0000000000
107774  18.942  -65.712  -40.221 0.0000000000
14118  18.172  -65.688  -41.212 0.0000000000
14119  17.601  -65.758  -42.100 0.0000000000
12543  17.997  -66.949  -42.584 0.0000000000
13378  20.254  -66.524  -42.877 0.0000000000
12542  18.957  -67.155  -42.485 0.0000000000
12530  18.108  -67.508  -42.255 0.0000000000
12502  19.658  -67.846  -40.518 0.0000000000
12501  20.538  -67.819  -39.818 0.0000000000
11605  21.074  -68.107  -38.750 0.0000000000
14152  25.051  -65.604  -43.459 0.0000000000
13374  24.392  -66.393  -43.160 0.0000000000
13363  23.298  -66.681  -42.429 0.0000000000
12524  25.926  -67.066  -41.964 0.0000000000
106693  24.721  -66.932  -41.494 0.0000000000
117556  23.206  -66.918  -41.327 0.0000000000
110383  23.064  -67.464  -39.682 0.0000000000
12487  22.527  -68.175  -38.573 0.0000000000
11587  21.895  -68.492  -38.147 0.0000000000
10688  22.986  -69.864  -38.718 0.0000000000
9784  22.840  -70.946  -40.154 0.0000000000
8941  23.003  -71.132  -41.245 0.0000000000
8951  24.238  -71.263  -41.836 0.0000000000
120489  23.501  -71.206  -41.880 0.0000000000
107984  22.751  -71.073  -42.357 0.0000000000
8968  22.803  -70.983  -44.568 0.0000000000
121446  22.523  -71.129  -45.393 0.0000000000
8176  22.997  -72.538  -46.523 0.0000000000
7387  23.520  -73.866  -46.617 0.0000000000
6658  25.151  -74.650  -45.522 0.0000000000
6664  26.067  -76.002  -46.335 0.0000000000
7386  26.695  -74.376  -45.561 0.0000000000
6663  26.747  -75.847  -46.528 0.0000000000
6025  26.913  -77.394  -47.246 0.0000000000
6024  28.568  -76.953  -47.956 0.0000000000
6023  29.701  -77.144  -47.716 0.0000000000
104377  28.507  -72.324  -48.227 0.0000000000
8197  30.330  -73.054  -49.005 0.0000000000
7406  28.907  -73.934  -48.763 0.0000000000
6683  29.722  -75.129  -48.876 0.0000000000
6031  30.371  -76.213  -48.505 0.0000000000
6670  31.179  -76.354  -47.671 0.0000000000
7394  31.219  -75.110  -46.930 0.0000000000
7393  32.108  -74.923  -47.274 0.0000000000
8185  32.122  -73.645  -46.443 0.0000000000
8183  33.915  -73.383  -46.635 0.0000000000
0  20.314  -91.966  -24.753 0.0000000000
4  19.528  -92.034  -25.593 0.0000000000
9  18.720  -92.060  -26.924 0.0000000000
10  21.828  -91.821  -26.999 0.0000000000
11  20.994  -92.157  -27.153 0.0000000000
14  18.464  -92.090  -27.677 0.0000000000
19  17.734  -91.940  -29.035 0.0000000000
21  20.056  -92.097  -29.470 0.0000000000
24  17.349  -91.991  -29.963 0.0000000000
26  15.839  -90.975  -31.037 0.0000000000
27  14.750  -90.916  -30.404 0.0000000000
28  20.304  -91.871  -30.317 0.0000000000
31  16.942  -91.887  -30.733 0.0000000000
32  16.435  -91.716  -31.044 0.0000000000
35  19.032  -91.996  -31.359 0.0000000000
39  15.995  -91.279  -31.540 0.0000000000
40  18.743  -91.690  -32.060 0.0000000000
43  16.802  -91.661  -32.330 0.0000000000
44  16.137  -91.512  -32.272 0.0000000000
47  16.167  -90.290  -21.747 0.0000000000
48  15.274  -90.365  -21.694 0.0000000000
49  14.444  -90.122  -21.269 0.0000000000
54  14.554  -90.277  -22.182 0.0000000000
57  22.844  -91.121  -23.146 0.0000000000
58  22.117  -91.070  -22.990 0.0000000000
60  20.628  -91.330  -23.950 0.0000000000
63  14.662  -90.578  -23.167 0.0000000000
69  20.225  -91.604  -24.401 0.0000000000
71  15.731  -90.567  -24.686 0.0000000000
73  14.923  -90.900  -24.716 0.0000000000
75  13.365  -90.297  -24.722 0.0000000000
78  22.354  -91.527  -24.702 0.0000000000
79  19.800  -91.940  -24.943 0.0000000000
83  13.941  -90.804  -25.712 0.0000000000
84  13.517  -90.463  -25.351 0.0000000000
85  23.701  -90.805  -26.509 0.0000000000
86  23.256  -91.134  -26.087 0.0000000000
91  13.906  -91.019  -26.616 0.0000000000
97  18.312  -91.944  -27.424 0.0000000000
99  14.356  -91.260  -27.338 0.0000000000
101  12.770  -90.765  -27.816 0.0000000000
108  13.827  -91.250  -28.144 0.0000000000
110  12.460  -90.691  -28.458 0.0000000000
113  16.086  -91.019  -30.888 0.0000000000
120  15.187  -91.130  -31.468 0.0000000000
122  13.608  -91.191  -30.900 0.0000000000
123  12.724  -91.050  -30.912 0.0000000000
125  20.494  -91.562  -31.038 0.0000000000
129  13.274  -91.065  -31.615 0.0000000000
139  13.595  -90.909  -33.057 0.0000000000
147  16.942  -90.261  -18.903 0.0000000000
149  17.138  -90.305  -19.618 0.0000000000
150  14.910  -90.041  -19.944 0.0000000000
151  17.146  -90.183  -20.414 0.0000000000
153  15.484  -90.266  -20.201 0.0000000000
160  24.781  -90.202  -22.241 0.0000000000
161  23.955  -90.210  -22.318 0.0000000000
163  22.787  -90.245  -22.613 0.0000000000
164  16.394  -89.804  -22.416 0.0000000000
166  13.361  -90.088  -23.380 0.0000000000
169  24.215  -90.571  -22.879 0.0000000000
174  16.142  -89.973  -23.287 0.0000000000
178  24.576  -90.485  -25.140 0.0000000000
180  19.455  -90.897  -24.786 0.0000000000
182  13.038  -90.156  -24.637 0.0000000000
183  26.584  -89.396  -25.709 0.0000000000
187  15.686  -90.700  -25.769 0.0000000000
191  24.266  -90.412  -26.602 0.0000000000
192  15.833  -90.793  -26.574 0.0000000000
194  23.808  -90.495  -28.108 0.0000000000
197  16.071  -90.321  -27.063 0.0000000000
201  18.140  -91.344  -28.160 0.0000000000
212  15.142  -90.464  -30.064 0.0000000000
213  12.190  -90.599  -29.201 0.0000000000
224  16.263  -89.620  -31.154 0.0000000000
225  15.638  -89.861  -30.788 0.0000000000
240  16.842  -89.386  -17.149 0.0000000000
244  15.276  -89.306  -18.166 0.0000000000
245  17.972  -90.029  -18.719 0.0000000000
247  15.695  -89.798  -18.852 0.0000000000
249  17.538  -90.088  -19.633 0.0000000000
251  17.206  -90.077  -20.724 0.0000000000
252  17.028  -89.903  -21.363 0.0000000000
256  25.466  -89.088  -21.513 0.0000000000
261  26.093  -89.782  -22.047 0.0000000000
268  27.856  -89.217  -23.492 0.0000000000
270  23.058  -89.527  -23.021 0.0000000000
273  20.257  -90.345  -23.987 0.0000000000
278  27.356  -89.336  -24.344 0.0000000000
283  16.149  -89.976  -24.044 0.0000000000
285  27.731  -89.023  -25.171 0.0000000000
292  26.132  -89.127  -27.076 0.0000000000
293  20.355  -88.796  -27.349 0.0000000000
298  25.483  -89.094  -27.700 0.0000000000
301  16.325  -89.560  -27.762 0.0000000000
308  19.759  -89.842  -27.924 0.0000000000
314  20.355  -88.889  -29.292 0.0000000000
316  18.739  -89.990  -29.720 0.0000000000
325  17.975  -90.242  -30.505 0.0000000000
331  17.205  -89.185  -31.183 0.0000000000
351  17.446  -88.541  -14.850 0.0000000000
352  18.334  -88.985  -15.670 0.0000000000
358  15.790  -88.642  -16.459 0.0000000000
364  21.690  -88.453  -18.771 0.0000000000
368  22.041  -88.529  -18.939 0.0000000000
369  20.558  -88.400  -19.729 0.0000000000
370  17.874  -89.722  -19.249 0.0000000000
373  28.693  -87.813  -20.532 0.0000000000
375  20.131  -88.428  -20.501 0.0000000000
376  19.825  -88.281  -20.767 0.0000000000
378  16.899  -88.841  -20.679 0.0000000000
381  29.057  -88.039  -20.980 0.0000000000
383  26.777  -88.783  -20.992 0.0000000000
384  26.076  -88.796  -21.246 0.0000000000
386  19.873  -88.275  -21.449 0.0000000000
408  23.872  -87.760  -24.967 0.0000000000
417  28.524  -88.197  -25.582 0.0000000000
419  18.735  -88.492  -25.179 0.0000000000
420  16.105  -88.989  -25.109 0.0000000000
425  27.484  -88.224  -26.747 0.0000000000
430  27.372  -87.717  -26.972 0.0000000000
442  16.863  -88.612  -28.785 0.0000000000
449  18.382  -88.286  -30.315 0.0000000000
458  16.899  -88.760  -30.870 0.0000000000
486  18.613  -87.374  -12.668 0.0000000000
489  17.993  -87.509  -12.896 0.0000000000
490  17.321  -87.647  -13.318 0.0000000000
498  16.178  -88.072  -14.785 0.0000000000
499  15.007  -87.661  -14.909 0.0000000000
508  23.548  -87.696  -17.482 0.0000000000
511  18.546  -88.622  -17.490 0.0000000000
516  21.715  -88.168  -18.297 0.0000000000
517  20.920  -87.935  -18.722 0.0000000000
522  24.203  -87.220  -18.622 0.0000000000
526  17.700  -88.822  -19.018 0.0000000000
530  29.171  -87.432  -20.510 0.0000000000
536  19.643  -87.855  -20.667 0.0000000000
537  16.658  -87.620  -20.445 0.0000000000
547  30.539  -87.409  -22.842 0.0000000000
569  30.890  -86.817  -24.233 0.0000000000
570  30.402  -87.130  -24.515 0.0000000000
572  24.621  -87.306  -24.959 0.0000000000
575  18.989  -88.173  -24.439 0.0000000000
578  29.984  -87.136  -25.172 0.0000000000
587  16.507  -87.135  -26.669 0.0000000000
588  21.236  -87.029  -28.701 0.0000000000
595  21.225  -87.587  -28.857 0.0000000000
596  18.353  -87.157  -28.867 0.0000000000
597  17.698  -87.667  -28.690 0.0000000000
604  20.887  -87.626  -29.332 0.0000000000
605  20.116  -87.593  -29.728 0.0000000000
614  19.330  -88.290  -30.125 0.0000000000
673  21.145  -87.315  -42.098 0.0000000000
674  20.833  -85.920  -11.176 0.0000000000
675  20.339  -86.296  -11.533 0.0000000000
677  20.782  -86.239  -11.989 0.0000000000
679  18.858  -86.915  -12.195 0.0000000000
682  20.305  -87.068  -13.242 0.0000000000
684  16.567  -87.099  -13.273 0.0000000000
685  20.253  -87.202  -14.059 0.0000000000
690  19.593  -87.810  -15.612 0.0000000000
701  24.987  -86.735  -17.053 0.0000000000
704  17.799  -87.191  -17.406 0.0000000000
710  21.915  -86.834  -17.534 0.0000000000
715  24.346  -86.769  -19.203 0.0000000000
717  17.010  -86.211  -19.263 0.0000000000
723  28.807  -87.050  -20.427 0.0000000000
734  28.388  -86.603  -20.789 0.0000000000
735  27.686  -87.117  -20.889 0.0000000000
739  19.821  -86.727  -20.788 0.0000000000
741  16.562  -86.834  -21.353 0.0000000000
748  23.043  -86.382  -22.744 0.0000000000
767  30.604  -86.620  -24.790 0.0000000000
769  25.156  -86.460  -25.152 0.0000000000
772  22.838  -86.916  -25.097 0.0000000000
783  23.869  -86.320  -25.240 0.0000000000
786  16.583  -86.169  -25.844 0.0000000000
791  29.041  -86.692  -26.050 0.0000000000
793  27.236  -85.717  -27.064 0.0000000000
794  20.678  -86.385  -27.088 0.0000000000
806  17.521  -86.349  -27.601 0.0000000000
807  16.914  -86.671  -27.226 0.0000000000
824  19.948  -86.942  -29.532 0.0000000000
891  21.236  -86.590  -42.678 0.0000000000
892  21.797  -86.050  -42.926 0.0000000000
900  20.993  -85.310  -8.754 0.0000000000
901  20.068  -85.622  -8.705 0.0000000000
904  21.116  -85.620  -10.355 0.0000000000
913  20.766  -86.185  -12.607 0.0000000000
915  17.484  -85.940  -12.832 0.0000000000
921  20.324  -86.101  -13.920 0.0000000000
925  14.388  -86.513  -14.722 0.0000000000
932  19.169  -86.499  -15.493 0.0000000000
934  15.001  -85.731  -15.094 0.0000000000
935  13.953  -85.964  -15.161 0.0000000000
938  18.293  -85.927  -16.302 0.0000000000
943  25.694  -86.202  -17.197 0.0000000000
944  23.087  -85.865  -16.606 0.0000000000
947  17.497  -85.919  -17.417 0.0000000000
951  20.975  -86.848  -18.755 0.0000000000
952  17.492  -85.380  -18.412 0.0000000000
960  17.225  -85.346  -19.564 0.0000000000
967  32.770  -85.501  -20.242 0.0000000000
969  30.954  -85.404  -19.536 0.0000000000
974  20.363  -86.487  -20.032 0.0000000000
980  28.884  -85.686  -21.036 0.0000000000
985  16.742  -85.976  -21.496 0.0000000000
993  16.725  -85.758  -22.286 0.0000000000
999  31.642  -86.021  -23.822 0.0000000000
1003  23.681  -85.838  -24.048 0.0000000000
1006  16.709  -85.562  -23.264 0.0000000000
1017  20.623  -84.844  -24.826 0.0000000000
1019  16.879  -85.229  -24.817 0.0000000000
1030  17.106  -85.119  -25.556 0.0000000000
1038  18.066  -85.229  -27.185 0.0000000000
1043  21.128  -85.402  -27.627 0.0000000000
1054  20.453  -85.733  -28.559 0.0000000000
1055  19.490  -85.876  -28.595 0.0000000000
1123  27.292  -85.925  -40.311 0.0000000000
1126  27.006  -85.578  -40.691 0.0000000000
1129  22.254  -86.518  -41.663 0.0000000000
1130  22.042  -85.526  -43.053 0.0000000000
1137  20.532  -84.290  -7.833 0.0000000000
1139  19.456  -84.333  -7.158 0.0000000000
1140  17.801  -84.828  -6.679 0.0000000000
1142  20.728  -84.693  -8.091 0.0000000000
1143  17.556  -85.297  -7.688 0.0000000000
1144  16.627  -84.995  -8.268 0.0000000000
1146  21.506  -84.754  -9.453 0.0000000000
1147  18.435  -85.323  -9.631 0.0000000000
1149  21.488  -84.621  -10.298 0.0000000000
1154  13.455  -84.864  -10.846 0.0000000000
1157  19.300  -85.578  -11.306 0.0000000000
1159  18.166  -84.312  -11.249 0.0000000000
1160  16.868  -84.334  -10.855 0.0000000000
1167  21.112  -85.159  -11.725 0.0000000000
1168  18.944  -84.829  -11.928 0.0000000000
1169  14.094  -84.775  -12.191 0.0000000000
1170  13.306  -85.280  -12.368 0.0000000000
1171  12.381  -85.275  -12.164 0.0000000000
1172  11.786  -84.764  -11.798 0.0000000000
1177  20.786  -85.348  -12.527 0.0000000000
1178  18.613  -84.706  -12.546 0.0000000000
1179  18.117  -84.761  -13.304 0.0000000000
1180  13.151  -85.005  -13.131 0.0000000000
1181  12.492  -84.984  -12.985 0.0000000000
1186  20.420  -84.099  -14.510 0.0000000000
1189  16.967  -84.897  -14.694 0.0000000000
1194  20.107  -84.197  -15.220 0.0000000000
1198  16.510  -84.309  -15.578 0.0000000000
1206  18.646  -84.984  -16.604 0.0000000000
1207  15.876  -84.180  -16.322 0.0000000000
1214  18.707  -84.434  -17.316 0.0000000000
1233  34.672  -84.024  -20.170 0.0000000000
1237  30.569  -84.550  -19.669 0.0000000000
1242  17.182  -84.993  -20.282 0.0000000000
1251  29.769  -84.336  -20.307 0.0000000000
1257  17.168  -84.672  -21.069 0.0000000000
1270  17.239  -84.135  -22.625 0.0000000000
1282  21.187  -83.729  -24.106 0.0000000000
1283  20.626  -84.463  -23.508 0.0000000000
1291  26.263  -84.067  -25.291 0.0000000000
1303  21.237  -84.494  -25.680 0.0000000000
1309  28.662  -84.342  -26.378 0.0000000000
1311  21.414  -84.216  -26.264 0.0000000000
1325  20.204  -84.561  -27.745 0.0000000000
1412  24.341  -84.600  -38.226 0.0000000000
1417  29.218  -84.623  -40.138 0.0000000000
1424  26.676  -85.488  -40.608 0.0000000000
1427  23.145  -83.969  -42.380 0.0000000000
1428  22.879  -84.592  -42.599 0.0000000000
1429  21.679  -84.520  -42.740 0.0000000000
1430  21.189  -85.338  -42.921 0.0000000000
1432  21.970  -85.184  -43.099 0.0000000000
1468  14.888  -83.161  -3.357 0.0000000000
1486  16.627  -83.478  -4.514 0.0000000000
1487  15.745  -83.681  -4.506 0.0000000000
1488  14.818  -83.400  -4.097 0.0000000000
1495  19.269  -83.696  -7.050 0.0000000000
1498  20.798  -84.098  -8.075 0.0000000000
1500  19.555  -83.384  -7.628 0.0000000000
1502  20.969  -83.865  -9.016 0.0000000000
1505  13.077  -83.985  -9.241 0.0000000000
1507  11.621  -83.688  -9.848 0.0000000000
1512  14.207  -84.197  -10.261 0.0000000000
1523  18.588  -84.219  -12.288 0.0000000000
1526  11.587  -84.225  -10.864 0.0000000000
1533  20.907  -84.171  -11.699 0.0000000000
1547  17.496  -83.376  -13.510 0.0000000000
1548  16.513  -83.065  -13.525 0.0000000000
1560  17.060  -83.338  -14.730 0.0000000000
1561  15.227  -82.794  -14.481 0.0000000000
1576  20.081  -83.222  -15.922 0.0000000000
1579  15.564  -83.359  -16.664 0.0000000000
1584  19.301  -83.844  -17.084 0.0000000000
1610  34.046  -83.823  -20.020 0.0000000000
1612  31.947  -84.221  -19.975 0.0000000000
1616  17.737  -83.385  -20.479 0.0000000000
1623  32.650  -83.863  -20.258 0.0000000000
1624  31.665  -83.574  -20.541 0.0000000000
1629  17.472  -83.766  -21.258 0.0000000000
1635  35.555  -83.766  -21.447 0.0000000000
1645  35.386  -83.526  -22.972 0.0000000000
1649  27.746  -83.612  -24.205 0.0000000000
1651  21.472  -82.933  -23.912 0.0000000000
1654  17.475  -83.723  -23.443 0.0000000000
1660  33.143  -83.458  -23.921 0.0000000000
1662  31.247  -83.997  -24.269 0.0000000000
1679  18.698  -83.389  -25.599 0.0000000000
1687  20.906  -83.557  -26.590 0.0000000000
1688  20.105  -83.469  -26.703 0.0000000000
1805  24.038  -84.191  -37.159 0.0000000000
1806  23.264  -83.437  -37.883 0.0000000000
1809  29.483  -83.992  -39.137 0.0000000000
1814  23.116  -83.947  -38.608 0.0000000000
1821  30.318  -83.771  -40.889 0.0000000000
1826  24.112  -83.318  -41.411 0.0000000000
1827  22.954  -83.280  -41.789 0.0000000000
1831  28.236  -83.385  -41.883 0.0000000000
1832  24.101  -82.833  -41.371 0.0000000000
1835  21.492  -83.914  -42.079 0.0000000000
1892  14.067  -82.791  -2.931 0.0000000000
1893  13.420  -82.320  -2.845 0.0000000000
1898  16.228  -83.068  -3.874 0.0000000000
1899  15.514  -82.891  -3.420 0.0000000000
1900  14.143  -83.109  -3.520 0.0000000000
1911  17.423  -83.256  -5.040 0.0000000000
1926  14.249  -83.163  -6.085 0.0000000000
1943  18.013  -82.505  -8.315 0.0000000000
1960  10.592  -82.421  -9.713 0.0000000000
1972  10.557  -82.461  -10.674 0.0000000000
1985  20.645  -82.598  -12.762 0.0000000000
1987  11.332  -83.154  -11.905 0.0000000000
1992  17.089  -83.100  -14.231 0.0000000000
2000  16.577  -82.805  -14.616 0.0000000000
2001  16.079  -82.653  -14.390 0.0000000000
2002  14.821  -82.480  -15.183 0.0000000000
2003  13.785  -82.800  -15.154 0.0000000000
2012  15.215  -82.309  -15.742 0.0000000000
2049  37.053  -82.149  -19.759 0.0000000000
2058  35.019  -82.652  -19.855 0.0000000000
2066  17.925  -82.133  -21.303 0.0000000000
2073  36.504  -82.930  -21.442 0.0000000000
2084  17.877  -82.465  -22.728 0.0000000000
2094  18.272  -82.134  -23.537 0.0000000000
2110  19.758  -82.169  -25.175 0.0000000000
2111  19.108  -82.283  -24.729 0.0000000000
2230  25.273  -82.089  -35.422 0.0000000000
2231  24.549  -82.224  -35.643 0.0000000000
2236  25.910  -82.335  -35.940 0.0000000000
2239  23.593  -82.667  -36.634 0.0000000000
2255  23.818  -82.663  -38.686 0.0000000000
2261  27.640  -82.985  -40.845 0.0000000000
2262  24.420  -82.435  -40.505 0.0000000000
2263  24.406  -82.658  -39.866 0.0000000000
2265  21.830  -82.154  -39.459 0.0000000000
2266  21.184  -82.577  -39.002 0.0000000000
2268  31.579  -82.887  -41.523 0.0000000000
2272  22.664  -82.526  -40.739 0.0000000000
2333  15.234  -82.325  -3.137 0.0000000000
2334  14.233  -82.344  -2.735 0.0000000000
2338  12.903  -82.217  -3.219 0.0000000000
2344  17.225  -82.438  -5.166 0.0000000000
2356  17.262  -81.995  -6.192 0.0000000000
2384  9.737  -81.335  -9.600 0.0000000000
2468  36.659  -81.589  -19.687 0.0000000000
2518  35.369  -81.839  -24.740 0.0000000000
2542  20.487  -82.037  -25.134 0.0000000000
2645  25.733  -81.481  -35.111 0.0000000000
2668  34.725  -81.725  -38.442 0.0000000000
2676  22.035  -80.532  -38.498 0.0000000000
2677  21.248  -80.970  -37.840 0.0000000000
2694  28.874  -81.894  -42.281 0.0000000000
2696  24.384  -81.644  -40.439 0.0000000000
2775  13.649  -81.384  -3.252 0.0000000000
2776  12.855  -81.856  -3.093 0.0000000000
2778  11.345  -80.545  -3.713 0.0000000000
2808  13.044  -80.285  -7.609 0.0000000000
2818  13.328  -80.802  -8.570 0.0000000000
2826  11.915  -80.796  -8.894 0.0000000000
2842  9.334  -81.115  -11.396 0.0000000000
2907  18.560  -81.050  -20.236 0.0000000000
2911  40.501  -79.608  -20.592 0.0000000000
2913  38.225  -80.530  -20.058 0.0000000000
2916  36.150  -80.891  -21.164 0.0000000000
2964  36.812  -80.478  -25.954 0.0000000000
2978  35.507  -79.988  -26.795 0.0000000000
2992  37.314  -79.917  -27.801 0.0000000000
3037  39.296  -80.244  -30.757 0.0000000000
3091  25.654  -79.934  -34.552 0.0000000000
3100  27.150  -80.460  -35.050 0.0000000000
3103  24.627  -80.927  -35.317 0.0000000000
3124  34.151  -81.555  -38.084 0.0000000000
3139  20.322  -80.275  -37.734 0.0000000000
3149  24.040  -80.072  -39.942 0.0000000000
3150  23.048  -80.121  -39.233 0.0000000000
3161  24.211  -80.842  -40.235 0.0000000000
3169  31.590  -81.136  -43.057 0.0000000000
3173  33.901  -80.134  -43.130 0.0000000000
3174  33.038  -80.327  -43.220 0.0000000000
3175  32.266  -80.716  -43.118 0.0000000000
3286  10.008  -80.157  -5.724 0.0000000000
3298  11.804  -79.480  -6.974 0.0000000000
3320  12.138  -79.421  -8.954 0.0000000000
3321  11.438  -79.157  -9.214 0.0000000000
3323  9.237  -79.928  -9.630 0.0000000000
3330  8.615  -79.612  -11.236 0.0000000000
3410  41.071  -79.103  -20.605 0.0000000000
3414  37.262  -80.370  -20.752 0.0000000000
3467  39.580  -79.737  -26.583 0.0000000000
3480  36.607  -79.935  -28.157 0.0000000000
3537  40.408  -79.314  -32.637 0.0000000000
3538  39.509  -79.690  -32.631 0.0000000000
3539  38.729  -80.064  -32.645 0.0000000000
3562  27.041  -79.173  -34.338 0.0000000000
3575  28.340  -79.327  -35.548 0.0000000000
3578  24.681  -79.542  -35.617 0.0000000000
3587  38.639  -79.233  -36.486 0.0000000000
3602  24.640  -78.980  -37.919 0.0000000000
3607  38.658  -79.554  -38.792 0.0000000000
3611  24.516  -79.378  -38.894 0.0000000000
3625  20.441  -79.527  -38.926 0.0000000000
3633  20.712  -79.755  -40.757 0.0000000000
3635  19.733  -80.167  -40.610 0.0000000000
3788  9.944  -78.847  -7.064 0.0000000000
3799  12.092  -79.019  -8.414 0.0000000000
3814  11.806  -78.826  -8.861 0.0000000000
3831  9.125  -78.443  -10.216 0.0000000000
3983  43.150  -77.428  -25.036 0.0000000000
4043  43.583  -77.312  -31.954 0.0000000000
4044  42.777  -78.168  -31.563 0.0000000000
4074  25.849  -78.547  -34.099 0.0000000000
4085  27.810  -79.074  -34.743 0.0000000000
4086  25.195  -78.664  -34.529 0.0000000000
4110  29.967  -78.722  -37.394 0.0000000000
4127  39.031  -77.987  -40.385 0.0000000000
4143  21.388  -79.059  -40.647 0.0000000000
4155  19.983  -79.589  -41.620 0.0000000000
4162  22.016  -79.534  -42.886 0.0000000000
4163  21.569  -79.574  -43.173 0.0000000000
4336  11.165  -77.884  -9.599 0.0000000000
4357  8.259  -77.978  -11.337 0.0000000000
4488  41.917  -77.201  -21.457 0.0000000000
4497  43.836  -76.819  -22.975 0.0000000000
4520  43.770  -76.608  -26.726 0.0000000000
4601  43.826  -76.833  -32.308 0.0000000000
4625  43.487  -76.362  -34.683 0.0000000000
4644  24.878  -77.997  -35.127 0.0000000000
4667  41.287  -77.185  -38.103 0.0000000000
4683  40.515  -77.174  -39.106 0.0000000000
4690  24.062  -77.193  -38.461 0.0000000000
4705  21.887  -78.246  -39.612 0.0000000000
4710  31.726  -77.699  -40.713 0.0000000000
4712  19.097  -78.695  -40.945 0.0000000000
4713  18.049  -77.987  -40.586 0.0000000000
4725  16.322  -78.470  -43.865 0.0000000000
4731  20.353  -78.006  -42.825 0.0000000000
4734  23.539  -79.262  -45.007 0.0000000000
4735  23.083  -79.582  -44.290 0.0000000000
4737  20.905  -78.577  -43.602 0.0000000000
4739  22.336  -78.894  -45.878 0.0000000000
4952  11.514  -76.707  -9.539 0.0000000000
4983  11.157  -76.117  -10.695 0.0000000000
4985  8.750  -76.686  -11.590 0.0000000000
4994  7.602  -76.054  -12.842 0.0000000000
5108  42.463  -76.789  -21.945 0.0000000000
5109  41.629  -76.431  -21.938 0.0000000000
5233  43.691  -76.348  -32.293 0.0000000000
5272  28.969  -76.062  -34.277 0.0000000000
5275  26.085  -76.856  -33.588 0.0000000000
5281  43.369  -75.351  -36.026 0.0000000000
5289  25.654  -76.202  -34.304 0.0000000000
5300  24.907  -76.269  -36.028 0.0000000000
5303  40.815  -76.111  -38.519 0.0000000000
5316  40.849  -76.576  -38.780 0.0000000000
5318  39.453  -76.583  -38.923 0.0000000000
5320  24.103  -76.459  -37.875 0.0000000000
5330  22.826  -76.942  -40.184 0.0000000000
5341  23.245  -76.043  -40.269 0.0000000000
5356  16.424  -77.166  -42.217 0.0000000000
5362  27.998  -77.589  -42.534 0.0000000000
5363  28.013  -77.663  -42.589 0.0000000000
5369  15.356  -77.461  -44.577 0.0000000000
5380  24.194  -78.448  -46.041 0.0000000000
5381  28.823  -77.775  -47.253 0.0000000000
5384  26.295  -78.054  -46.757 0.0000000000
5387  27.683  -77.620  -47.466 0.0000000000
5388  27.081  -78.177  -47.212 0.0000000000
5614  11.339  -75.509  -9.184 0.0000000000
5627  11.784  -75.627  -10.266 0.0000000000
5673  7.352  -75.806  -13.442 0.0000000000
5752  6.966  -76.202  -20.857 0.0000000000
5906  42.805  -74.922  -36.050 0.0000000000
5918  25.240  -75.958  -35.352 0.0000000000
5923  42.145  -75.098  -36.749 0.0000000000
5945  24.246  -75.073  -38.274 0.0000000000
5952  24.004  -74.760  -39.007 0.0000000000
5953  23.708  -75.071  -39.747 0.0000000000
5962  26.580  -75.247  -40.667 0.0000000000
5963  25.584  -75.021  -41.089 0.0000000000
5966  17.170  -75.499  -40.823 0.0000000000
5979  27.314  -75.778  -41.117 0.0000000000
5984  19.116  -75.381  -41.370 0.0000000000
6004  26.278  -76.489  -43.629 0.0000000000
6008  20.979  -75.506  -44.588 0.0000000000
6012  26.250  -76.941  -44.804 0.0000000000
6014  21.187  -74.440  -45.292 0.0000000000
6015  30.435  -76.699  -47.451 0.0000000000
6018  26.029  -77.681  -47.020 0.0000000000
6022  22.199  -76.609  -46.781 0.0000000000
6028  30.577  -76.737  -48.055 0.0000000000
6030  28.525  -76.131  -48.356 0.0000000000
6032  29.111  -75.733  -48.629 0.0000000000
6303  11.369  -74.583  -9.438 0.0000000000
6316  12.156  -74.199  -10.432 0.0000000000
6329  9.575  -74.748  -12.447 0.0000000000
6340  11.550  -73.856  -11.926 0.0000000000
6341  10.579  -74.299  -12.285 0.0000000000
6343  8.579  -75.060  -12.793 0.0000000000
6364  8.646  -73.876  -14.577 0.0000000000
6366  7.442  -75.551  -14.914 0.0000000000
6584  26.132  -74.266  -37.320 0.0000000000
6586  13.702  -73.971  -37.921 0.0000000000
6597  25.993  -74.536  -38.574 0.0000000000
6608  27.317  -74.424  -39.418 0.0000000000
6610  25.081  -74.453  -39.430 0.0000000000
6636  27.748  -75.444  -41.003 0.0000000000
6639  19.177  -74.412  -41.359 0.0000000000
6646  28.417  -75.436  -42.233 0.0000000000
6647  19.938  -74.320  -42.456 0.0000000000
6659  24.443  -74.446  -45.827 0.0000000000
6665  25.395  -76.214  -46.462 0.0000000000
6669  31.900  -76.006  -47.854 0.0000000000
6673  23.200  -74.647  -47.141 0.0000000000
6675  22.018  -73.982  -46.722 0.0000000000
6679  28.094  -75.106  -48.415 0.0000000000
6680  33.135  -75.040  -48.515 0.0000000000
6997  12.247  -73.361  -11.593 0.0000000000
7006  9.935  -74.096  -12.791 0.0000000000
7028  9.294  -73.485  -14.073 0.0000000000
7212  11.157  -73.054  -26.674 0.0000000000
7222  7.901  -74.286  -28.501 0.0000000000
7231  7.227  -74.228  -29.509 0.0000000000
7301  16.516  -72.973  -37.152 0.0000000000
7302  15.059  -73.593  -37.749 0.0000000000
7305  12.230  -73.489  -37.862 0.0000000000
7344  19.132  -72.896  -40.711 0.0000000000
7353  28.402  -73.772  -41.576 0.0000000000
7354  19.816  -72.882  -41.843 0.0000000000
7356  16.359  -72.469  -41.883 0.0000000000
7357  15.854  -72.343  -43.476 0.0000000000
7361  28.579  -74.192  -42.293 0.0000000000
7370  25.081  -72.857  -44.212 0.0000000000
7371  20.476  -73.333  -43.668 0.0000000000
7376  26.354  -73.601  -44.705 0.0000000000
7382  31.317  -73.892  -46.252 0.0000000000
7388  22.356  -73.287  -46.794 0.0000000000
7391  33.761  -74.251  -47.377 0.0000000000
7395  22.986  -73.395  -46.950 0.0000000000
7405  30.080  -74.148  -49.022 0.0000000000
7741  12.527  -72.375  -11.650 0.0000000000
7755  12.458  -71.552  -12.789 0.0000000000
7756  12.064  -71.840  -13.349 0.0000000000
7808  7.673  -72.840  -16.380 0.0000000000
7892  6.046  -72.752  -23.471 0.0000000000
7893  5.547  -72.282  -23.726 0.0000000000
7903  6.281  -73.508  -23.570 0.0000000000
7904  5.593  -72.856  -23.805 0.0000000000
7905  5.300  -72.290  -23.936 0.0000000000
7919  6.929  -74.480  -23.652 0.0000000000
7921  5.760  -73.202  -23.889 0.0000000000
7922  5.359  -72.604  -23.960 0.0000000000
7935  11.276  -72.170  -25.655 0.0000000000
7939  6.512  -73.781  -24.176 0.0000000000
7940  5.872  -73.338  -24.099 0.0000000000
7966  11.593  -72.481  -27.257 0.0000000000
7980  12.017  -72.011  -27.901 0.0000000000
8001  11.120  -72.320  -29.035 0.0000000000
8002  9.834  -72.402  -29.616 0.0000000000
8003  8.946  -72.764  -29.530 0.0000000000
8023  7.321  -72.872  -30.489 0.0000000000
8075  17.048  -72.615  -36.649 0.0000000000
8078  10.256  -72.013  -36.667 0.0000000000
8091  19.046  -71.895  -37.264 0.0000000000
8093  15.701  -73.029  -37.212 0.0000000000
8096  13.028  -72.853  -37.448 0.0000000000
8097  11.587  -72.314  -37.222 0.0000000000
8111  18.484  -72.259  -37.689 0.0000000000
8113  16.256  -72.725  -38.682 0.0000000000
8123  18.281  -71.688  -39.718 0.0000000000
8125  16.698  -71.802  -40.071 0.0000000000
8131  28.257  -72.433  -40.729 0.0000000000
8134  19.541  -72.045  -40.529 0.0000000000
8135  18.811  -71.929  -40.149 0.0000000000
8138  16.221  -71.776  -40.983 0.0000000000
8140  28.573  -72.819  -41.553 0.0000000000
8141  20.012  -71.852  -41.339 0.0000000000
8145  25.946  -72.101  -42.912 0.0000000000
8147  24.097  -71.766  -43.364 0.0000000000
8148  20.951  -70.972  -42.987 0.0000000000
8152  28.150  -72.322  -44.288 0.0000000000
8153  27.302  -72.490  -43.754 0.0000000000
8155  25.486  -72.492  -43.542 0.0000000000
8158  21.362  -70.978  -43.916 0.0000000000
8162  28.219  -72.681  -45.220 0.0000000000
8164  26.811  -73.019  -44.137 0.0000000000
8166  23.238  -71.657  -45.521 0.0000000000
8167  22.187  -71.597  -46.021 0.0000000000
8169  20.669  -72.303  -44.247 0.0000000000
8177  22.210  -72.508  -46.572 0.0000000000
8184  32.998  -73.466  -46.518 0.0000000000
8198  29.230  -73.019  -48.696 0.0000000000
8540  12.550  -71.727  -11.884 0.0000000000
8541  11.903  -71.317  -11.546 0.0000000000
8565  12.337  -71.012  -13.422 0.0000000000
8585  11.880  -70.631  -14.055 0.0000000000
8586  11.265  -71.249  -14.497 0.0000000000
8603  8.532  -71.834  -15.774 0.0000000000
8628  6.419  -71.681  -18.044 0.0000000000
8644  6.384  -71.494  -18.761 0.0000000000
8645  6.193  -70.790  -18.694 0.0000000000
8704  6.586  -72.115  -23.317 0.0000000000
8712  5.375  -71.664  -23.842 0.0000000000
8737  11.810  -71.171  -25.982 0.0000000000
8739  9.330  -72.598  -24.922 0.0000000000
8742  5.938  -72.463  -24.629 0.0000000000
8755  12.335  -71.109  -26.858 0.0000000000
8768  12.725  -70.854  -27.594 0.0000000000
8781  12.902  -71.016  -28.199 0.0000000000
8798  10.691  -72.043  -29.782 0.0000000000
8811  12.167  -71.423  -30.105 0.0000000000
8812  11.317  -71.583  -30.359 0.0000000000
8838  8.825  -71.369  -31.333 0.0000000000
8839  7.791  -71.408  -31.244 0.0000000000
8841  6.069  -71.614  -31.787 0.0000000000
8847  6.199  -70.811  -32.076 0.0000000000
8881  18.906  -71.240  -36.622 0.0000000000
8882  18.294  -71.869  -36.425 0.0000000000
8883  17.514  -72.020  -36.320 0.0000000000
8884  16.700  -72.172  -36.460 0.0000000000
8885  15.931  -72.358  -36.759 0.0000000000
8903  20.057  -71.134  -37.355 0.0000000000
8905  18.817  -71.751  -36.718 0.0000000000
8906  15.073  -72.491  -37.087 0.0000000000
8907  14.146  -72.354  -37.324 0.0000000000
8908  13.235  -72.135  -37.470 0.0000000000
8937  19.692  -71.698  -38.867 0.0000000000
8942  22.114  -71.225  -40.812 0.0000000000
8945  19.476  -71.715  -39.853 0.0000000000
8949  25.913  -71.113  -41.848 0.0000000000
8950  25.108  -71.233  -41.778 0.0000000000
8953  21.272  -71.168  -41.439 0.0000000000
8957  27.075  -71.092  -42.405 0.0000000000
8958  26.332  -71.515  -42.379 0.0000000000
8961  22.690  -70.954  -43.406 0.0000000000
8964  30.859  -71.626  -43.627 0.0000000000
8969  22.057  -70.761  -44.004 0.0000000000
9351  11.463  -70.685  -12.077 0.0000000000
9385  11.993  -70.394  -13.452 0.0000000000
9386  10.905  -69.638  -13.691 0.0000000000
9410  11.193  -69.826  -15.002 0.0000000000
9411  10.802  -70.190  -15.439 0.0000000000
9427  10.437  -69.947  -15.965 0.0000000000
9428  9.973  -69.929  -16.309 0.0000000000
9429  8.063  -70.688  -16.630 0.0000000000
9430  7.348  -71.166  -16.704 0.0000000000
9567  11.046  -70.874  -25.720 0.0000000000
9571  5.757  -70.936  -24.600 0.0000000000
9572  5.269  -70.785  -24.067 0.0000000000
9586  10.334  -70.367  -25.971 0.0000000000
9604  12.763  -70.340  -27.266 0.0000000000
9618  13.400  -70.561  -28.620 0.0000000000
9632  13.494  -70.667  -29.374 0.0000000000
9639  14.387  -70.098  -30.318 0.0000000000
9657  12.914  -70.711  -31.214 0.0000000000
9658  11.326  -70.802  -31.738 0.0000000000
9659  10.294  -70.963  -31.774 0.0000000000
9682  12.585  -70.207  -32.951 0.0000000000
9684  10.285  -70.217  -33.358 0.0000000000
9728  16.157  -71.460  -36.734 0.0000000000
9729  10.949  -70.010  -37.273 0.0000000000
9746  20.509  -70.541  -37.364 0.0000000000
9750  16.497  -70.548  -37.151 0.0000000000
9766  21.565  -70.626  -38.064 0.0000000000
9777  23.361  -70.281  -39.513 0.0000000000
9778  22.586  -70.699  -39.183 0.0000000000
9791  24.754  -70.701  -41.198 0.0000000000
9792  23.933  -70.908  -41.185 0.0000000000
9801  27.577  -70.355  -42.467 0.0000000000
10255  9.681  -69.922  -12.719 0.0000000000
10294  8.149  -69.061  -14.251 0.0000000000
10318  10.197  -69.440  -16.161 0.0000000000
10334  7.339  -69.107  -18.052 0.0000000000
10396  5.817  -69.215  -20.131 0.0000000000
10464  5.413  -70.012  -24.003 0.0000000000
10521  13.194  -69.684  -27.670 0.0000000000
10523  11.723  -69.207  -27.079 0.0000000000
10525  9.574  -69.157  -26.969 0.0000000000
10541  12.984  -68.990  -27.721 0.0000000000
10552  15.113  -69.027  -29.895 0.0000000000
10553  14.627  -69.568  -29.680 0.0000000000
10560  15.381  -69.137  -30.663 0.0000000000
10583  14.180  -69.845  -32.929 0.0000000000
10592  14.842  -69.452  -33.394 0.0000000000
10593  13.811  -69.506  -33.745 0.0000000000
10594  12.342  -69.771  -33.742 0.0000000000
10595  11.408  -69.808  -33.960 0.0000000000
10596  10.427  -69.401  -34.528 0.0000000000
10597  9.701  -69.657  -34.244 0.0000000000
10599  6.391  -69.119  -34.091 0.0000000000
10610  12.258  -69.270  -34.623 0.0000000000
10613  9.345  -68.855  -35.168 0.0000000000
10614  8.160  -69.528  -34.759 0.0000000000
10626  11.247  -68.524  -35.666 0.0000000000
10641  10.539  -68.584  -37.106 0.0000000000
10651  22.091  -69.054  -37.795 0.0000000000
10653  20.990  -69.742  -37.396 0.0000000000
10655  18.624  -69.624  -37.367 0.0000000000
10658  15.990  -69.890  -37.761 0.0000000000
10672  22.504  -69.438  -38.131 0.0000000000
10676  14.756  -69.134  -39.230 0.0000000000
10677  13.063  -68.843  -39.437 0.0000000000
10678  11.822  -68.636  -38.760 0.0000000000
10687  23.666  -69.367  -39.096 0.0000000000
10696  24.677  -69.164  -40.093 0.0000000000
10704  26.991  -68.847  -41.767 0.0000000000
10706  25.954  -69.557  -41.186 0.0000000000
10715  27.327  -69.606  -42.047 0.0000000000
11204  10.007  -68.922  -14.740 0.0000000000
11208  5.511  -68.051  -13.902 0.0000000000
11212  10.457  -69.001  -15.251 0.0000000000
11214  9.135  -68.424  -15.748 0.0000000000
11216  5.672  -67.927  -14.828 0.0000000000
11223  10.364  -69.019  -15.840 0.0000000000
11235  8.746  -68.132  -17.533 0.0000000000
11257  5.989  -68.641  -18.943 0.0000000000
11319  5.117  -67.884  -20.750 0.0000000000
11415  5.312  -68.112  -26.297 0.0000000000
11431  11.189  -68.679  -27.496 0.0000000000
11435  6.234  -68.640  -27.332 0.0000000000
11451  14.036  -69.106  -28.595 0.0000000000
11455  10.573  -68.140  -28.124 0.0000000000
11470  14.630  -69.031  -29.231 0.0000000000
11472  13.068  -67.949  -28.759 0.0000000000
11493  15.772  -68.619  -31.197 0.0000000000
11502  16.563  -68.248  -32.391 0.0000000000
11509  17.337  -67.921  -33.634 0.0000000000
11510  16.834  -68.300  -33.102 0.0000000000
11524  15.870  -68.792  -34.197 0.0000000000
11525  13.830  -68.801  -35.304 0.0000000000
11538  16.322  -68.194  -35.645 0.0000000000
11540  14.702  -68.564  -35.668 0.0000000000
11542  10.205  -67.840  -36.364 0.0000000000
11543  9.288  -67.428  -36.256 0.0000000000
11544  8.750  -68.028  -36.094 0.0000000000
11557  14.460  -68.122  -36.662 0.0000000000
11559  12.035  -67.802  -37.392 0.0000000000
11560  10.714  -68.167  -37.040 0.0000000000
11571  21.488  -69.089  -37.599 0.0000000000
11572  20.743  -69.158  -37.469 0.0000000000
11573  19.901  -69.074  -37.543 0.0000000000
11575  13.556  -67.588  -37.802 0.0000000000
11577  11.441  -67.802  -38.338 0.0000000000
11585  23.152  -68.190  -38.704 0.0000000000
11586  22.582  -68.697  -38.266 0.0000000000
11589  19.476  -68.537  -38.433 0.0000000000
11593  15.242  -68.742  -39.650 0.0000000000
11594  12.319  -68.213  -39.224 0.0000000000
11595  11.972  -67.679  -38.654 0.0000000000
11603  24.396  -68.396  -39.566 0.0000000000
11604  23.877  -68.359  -39.016 0.0000000000
11611  14.632  -68.192  -40.367 0.0000000000
11613  13.180  -68.024  -39.816 0.0000000000
11621  18.715  -68.072  -40.766 0.0000000000
11622  17.845  -68.217  -40.923 0.0000000000
11625  14.632  -67.534  -40.829 0.0000000000
11634  25.914  -68.559  -41.138 0.0000000000
11638  27.177  -68.009  -42.022 0.0000000000
12158  6.163  -67.610  -15.843 0.0000000000
12160  4.997  -66.864  -15.317 0.0000000000
12164  5.381  -67.018  -16.229 0.0000000000
12190  6.884  -67.524  -18.866 0.0000000000
12255  6.183  -67.621  -21.852 0.0000000000
12256  5.365  -67.449  -21.347 0.0000000000
12365  9.936  -67.761  -28.953 0.0000000000
12367  7.663  -68.097  -28.906 0.0000000000
12383  7.059  -67.722  -29.406 0.0000000000
12384  6.101  -67.540  -29.045 0.0000000000
12392  15.426  -68.354  -30.407 0.0000000000
12393  14.865  -67.652  -30.073 0.0000000000
12395  12.778  -67.049  -30.050 0.0000000000
12408  13.829  -66.795  -30.582 0.0000000000
12417  16.544  -67.736  -32.127 0.0000000000
12425  17.501  -67.330  -33.376 0.0000000000
12450  18.275  -67.001  -35.598 0.0000000000
12451  17.869  -67.453  -35.169 0.0000000000
12478  16.018  -67.064  -37.765 0.0000000000
12481  12.878  -67.408  -38.757 0.0000000000
12488  22.025  -67.886  -38.930 0.0000000000
12489  13.983  -66.857  -39.338 0.0000000000
12497  24.269  -67.811  -39.603 0.0000000000
12499  22.270  -67.526  -39.758 0.0000000000
12503  13.838  -67.311  -40.052 0.0000000000
12510  24.653  -67.466  -40.576 0.0000000000
12512  22.579  -67.209  -40.770 0.0000000000
12515  18.994  -67.689  -41.756 0.0000000000
12516  17.368  -67.798  -41.955 0.0000000000
12517  16.281  -67.258  -42.049 0.0000000000
12519  14.734  -66.979  -41.224 0.0000000000
12520  14.420  -66.926  -40.693 0.0000000000
12525  25.273  -67.346  -41.339 0.0000000000
12526  24.024  -66.860  -41.268 0.0000000000
12527  21.317  -67.158  -42.661 0.0000000000
12528  20.603  -67.233  -42.481 0.0000000000
12537  27.211  -67.208  -42.471 0.0000000000
12541  20.007  -67.004  -42.682 0.0000000000
12544  17.280  -66.548  -42.487 0.0000000000
12553  27.997  -67.015  -42.861 0.0000000000
13032  5.374  -66.734  -14.723 0.0000000000
13040  4.854  -66.375  -15.819 0.0000000000
13042  6.098  -66.369  -17.376 0.0000000000
13063  6.869  -66.520  -18.380 0.0000000000
13094  4.967  -67.220  -20.592 0.0000000000
13117  8.315  -66.350  -21.684 0.0000000000
13119  5.717  -66.856  -21.997 0.0000000000
13137  6.251  -66.182  -22.346 0.0000000000
13192  5.224  -65.733  -26.092 0.0000000000
13213  5.509  -66.932  -28.156 0.0000000000
13233  12.155  -66.726  -30.768 0.0000000000
13245  16.189  -67.173  -31.943 0.0000000000
13247  14.803  -66.611  -31.192 0.0000000000
13253  8.783  -66.069  -31.840 0.0000000000
13264  15.872  -66.477  -32.165 0.0000000000
13266  14.070  -66.038  -31.733 0.0000000000
13267  12.099  -65.985  -32.110 0.0000000000
13270  9.278  -65.652  -32.344 0.0000000000
13296  18.685  -66.284  -34.823 0.0000000000
13310  18.743  -66.392  -35.495 0.0000000000
13319  18.254  -66.649  -36.437 0.0000000000
13342  15.346  -66.398  -39.643 0.0000000000
13343  14.559  -66.656  -39.519 0.0000000000
13348  16.446  -65.860  -40.827 0.0000000000
13349  15.346  -66.203  -40.730 0.0000000000
13355  16.593  -65.897  -41.892 0.0000000000
13362  24.212  -66.614  -42.370 0.0000000000
13364  17.093  -66.103  -42.287 0.0000000000
13373  25.307  -66.348  -42.965 0.0000000000
13375  23.559  -66.486  -43.168 0.0000000000
13379  19.356  -66.638  -42.669 0.0000000000
13380  18.586  -66.658  -42.619 0.0000000000
13395  24.691  -66.130  -43.345 0.0000000000
13397  23.097  -66.366  -43.233 0.0000000000
13836  5.815  -65.986  -15.121 0.0000000000
13847  5.010  -65.902  -15.810 0.0000000000
13856  5.188  -65.402  -16.333 0.0000000000
13857  4.905  -65.798  -16.344 0.0000000000
13898  5.037  -65.263  -20.515 0.0000000000
13912  9.551  -65.291  -21.690 0.0000000000
13931  10.956  -64.818  -22.579 0.0000000000
14008  6.592  -65.487  -29.996 0.0000000000
14015  7.314  -65.150  -31.447 0.0000000000
14017  16.258  -65.948  -32.822 0.0000000000
14021  11.381  -65.461  -33.081 0.0000000000
14024  8.901  -64.992  -32.696 0.0000000000
14025  8.332  -64.997  -32.148 0.0000000000
14038  17.689  -65.978  -33.666 0.0000000000
14041  14.336  -65.224  -33.188 0.0000000000
14044  10.321  -64.685  -33.846 0.0000000000
14045  9.682  -64.558  -33.518 0.0000000000
14083  19.695  -65.621  -36.532 0.0000000000
14092  22.816  -65.170  -37.730 0.0000000000
14096  19.053  -65.931  -37.401 0.0000000000
14100  22.152  -65.369  -38.364 0.0000000000
14101  21.427  -65.547  -37.985 0.0000000000
14104  18.700  -65.934  -38.288 0.0000000000
14110  20.653  -65.536  -39.705 0.0000000000
14112  18.795  -65.770  -39.097 0.0000000000
14117  21.337  -65.151  -41.318 0.0000000000
14127  18.918  -65.751  -42.247 0.0000000000
14128  18.278  -65.864  -42.310 0.0000000000
14129  17.911  -66.226  -42.482 0.0000000000
14137  21.483  -65.647  -43.103 0.0000000000
14138  20.586  -65.698  -42.717 0.0000000000
14139  19.578  -65.998  -42.579 0.0000000000
14153  24.270  -65.688  -43.490 0.0000000000
14154  23.483  -65.692  -43.451 0.0000000000
14155  22.628  -65.557  -43.322 0.0000000000
14677  10.719  -64.795  -16.903 0.0000000000
14681  5.343  -64.836  -16.780 0.0000000000
14697  11.974  -64.237  -17.424 0.0000000000
14701  6.883  -64.187  -17.389 0.0000000000
14717  9.521  -63.775  -18.245 0.0000000000
14719  7.287  -63.719  -18.021 0.0000000000
14745  4.698  -63.843  -22.044 0.0000000000
14759  13.398  -64.719  -23.569 0.0000000000
14775  15.655  -63.852  -24.711 0.0000000000
14778  12.165  -64.181  -24.110 0.0000000000
14779  11.443  -64.025  -23.870 0.0000000000
14794  15.466  -63.348  -25.124 0.0000000000
14795  13.713  -63.976  -24.777 0.0000000000
14856  6.626  -64.607  -30.131 0.0000000000
14880  16.442  -64.843  -33.781 0.0000000000
14885  10.559  -64.149  -34.448 0.0000000000
14887  9.441  -64.103  -33.320 0.0000000000
14898  17.775  -64.536  -34.309 0.0000000000
14902  13.750  -64.458  -34.889 0.0000000000
14916  20.743  -64.513  -35.600 0.0000000000
14921  12.807  -63.901  -35.661 0.0000000000
14923  11.275  -63.169  -35.582 0.0000000000
14932  22.289  -64.627  -36.062 0.0000000000
14933  21.485  -64.620  -35.846 0.0000000000
14934  20.991  -65.037  -36.082 0.0000000000
14944  25.325  -64.218  -39.150 0.0000000000
14945  24.643  -64.142  -38.538 0.0000000000
14947  22.873  -65.057  -38.812 0.0000000000
14953  25.288  -64.306  -40.029 0.0000000000
14955  23.586  -64.670  -39.181 0.0000000000
14961  24.829  -64.345  -41.130 0.0000000000
14962  24.095  -64.472  -40.755 0.0000000000
14963  23.378  -64.561  -40.924 0.0000000000
14974  24.376  -64.552  -42.125 0.0000000000
14975  23.049  -64.631  -41.958 0.0000000000
14987  24.446  -64.665  -42.927 0.0000000000
14989  22.757  -64.889  -42.830 0.0000000000
15005  23.916  -65.001  -43.313 0.0000000000
15572  12.040  -63.270  -18.266 0.0000000000
15573  11.577  -63.717  -17.988 0.0000000000
15608  4.485  -63.438  -21.139 0.0000000000
15657  21.137  -62.425  -25.888 0.0000000000
15658  20.424  -62.595  -25.489 0.0000000000
15671  5.376  -63.527  -26.449 0.0000000000
15718  9.711  -63.253  -31.476 0.0000000000
15729  9.142  -63.888  -32.317 0.0000000000
15757  16.154  -63.748  -34.983 0.0000000000
15758  11.005  -63.133  -35.076 0.0000000000
15765  21.840  -63.938  -35.586 0.0000000000
15766  20.565  -63.749  -35.297 0.0000000000
15768  19.050  -63.349  -34.941 0.0000000000
15773  11.714  -62.811  -36.078 0.0000000000
15778  23.352  -63.435  -36.142 0.0000000000
15780  15.844  -62.815  -36.535 0.0000000000
15781  15.037  -62.807  -37.023 0.0000000000
15782  14.190  -62.907  -36.940 0.0000000000
15783  12.527  -62.761  -36.500 0.0000000000
15788  23.767  -63.921  -36.859 0.0000000000
15795  27.484  -63.087  -38.793 0.0000000000
15825  27.842  -63.255  -42.072 0.0000000000
15826  26.918  -63.608  -42.167 0.0000000000
15827  26.290  -63.869  -41.390 0.0000000000
15844  27.160  -63.220  -43.926 0.0000000000
15846  26.006  -64.246  -43.413 0.0000000000
16371  11.271  -62.652  -18.911 0.0000000000
16386  5.957  -62.254  -19.854 0.0000000000
16398  6.575  -61.426  -20.346 0.0000000000
16413  16.624  -62.245  -21.937 0.0000000000
16429  23.182  -62.188  -25.197 0.0000000000
16433  18.714  -62.186  -24.232 0.0000000000
16438  13.200  -62.521  -23.102 0.0000000000
16439  12.349  -62.587  -22.832 0.0000000000
16441  7.536  -61.373  -23.173 0.0000000000
16442  4.935  -62.119  -21.913 0.0000000000
16455  22.498  -62.374  -25.414 0.0000000000
16460  17.265  -62.680  -25.064 0.0000000000
16462  13.408  -62.052  -24.234 0.0000000000
16473  14.844  -62.654  -24.761 0.0000000000
16474  13.819  -62.411  -24.521 0.0000000000
16490  6.494  -61.798  -26.976 0.0000000000
16502  5.775  -62.466  -27.405 0.0000000000
16538  6.792  -62.825  -30.065 0.0000000000
16543  15.064  -62.316  -31.994 0.0000000000
16544  14.310  -62.495  -31.940 0.0000000000
16546  12.536  -62.672  -31.584 0.0000000000
16547  10.086  -62.589  -31.199 0.0000000000
16557  16.112  -62.069  -32.623 0.0000000000
16558  15.455  -62.349  -32.505 0.0000000000
16574  15.804  -62.231  -33.167 0.0000000000
16587  12.972  -62.332  -34.685 0.0000000000
16591  20.304  -62.954  -35.419 0.0000000000
16593  18.566  -62.697  -35.571 0.0000000000
16595  11.899  -62.249  -35.977 0.0000000000
16602  22.652  -62.665  -35.848 0.0000000000
16607  18.023  -62.307  -36.701 0.0000000000
16608  16.159  -62.545  -37.302 0.0000000000
16610  13.948  -62.271  -37.381 0.0000000000
16611  12.730  -62.195  -36.727 0.0000000000
16620  25.610  -62.428  -37.622 0.0000000000
16622  19.335  -61.822  -37.112 0.0000000000
16624  17.443  -62.038  -37.868 0.0000000000
16638  26.462  -62.597  -38.021 0.0000000000
16640  17.001  -61.830  -38.668 0.0000000000
17301  10.417  -60.886  -19.852 0.0000000000
17324  8.577  -60.810  -20.133 0.0000000000
17353  20.124  -61.600  -23.351 0.0000000000
17355  9.628  -60.853  -23.153 0.0000000000
17356  8.619  -61.099  -23.192 0.0000000000
17360  21.756  -61.705  -26.032 0.0000000000
17361  10.065  -59.911  -23.425 0.0000000000
17389  6.662  -61.570  -27.494 0.0000000000
17428  15.196  -61.797  -31.763 0.0000000000
17472  16.254  -61.092  -35.231 0.0000000000
17484  23.912  -61.985  -36.450 0.0000000000
17486  22.055  -61.730  -36.356 0.0000000000
17488  20.215  -61.792  -36.830 0.0000000000
17489  14.505  -61.487  -37.480 0.0000000000
17491  12.956  -61.838  -36.605 0.0000000000
17499  25.168  -61.336  -37.257 0.0000000000
17504  20.553  -61.380  -37.594 0.0000000000
17505  18.860  -61.548  -38.224 0.0000000000
17518  18.568  -61.336  -39.080 0.0000000000
17520  16.731  -61.512  -38.788 0.0000000000
17532  18.490  -61.103  -39.322 0.0000000000
18180  13.249  -59.834  -18.580 0.0000000000
18193  14.865  -59.936  -18.924 0.0000000000
18194  13.478  -59.764  -19.320 0.0000000000
18196  12.100  -59.967  -19.601 0.0000000000
18197  11.531  -60.141  -19.867 0.0000000000
18199  10.042  -60.453  -20.537 0.0000000000
18212  11.868  -59.947  -19.956 0.0000000000
18227  25.071  -60.125  -24.102 0.0000000000
18301  7.394  -60.432  -30.120 0.0000000000
18308  14.347  -61.298  -31.589 0.0000000000
18311  10.666  -60.852  -31.649 0.0000000000
18325  17.068  -61.090  -32.471 0.0000000000
18330  10.552  -60.091  -32.327 0.0000000000
18380  24.650  -60.303  -37.357 0.0000000000
18382  21.629  -60.750  -37.998 0.0000000000
18383  16.426  -60.143  -38.005 0.0000000000
18384  15.640  -60.660  -38.084 0.0000000000
18398  16.374  -60.707  -38.500 0.0000000000
18414  18.772  -60.687  -39.520 0.0000000000
18415  18.071  -60.381  -39.237 0.0000000000
19085  26.481  -59.599  -19.451 0.0000000000
19150  10.002  -59.903  -28.291 0.0000000000
19151  8.891  -59.530  -28.763 0.0000000000
19152  7.973  -59.043  -29.060 0.0000000000
19177  7.569  -59.042  -29.384 0.0000000000
19217  17.208  -59.710  -32.825 0.0000000000
19241  19.827  -59.900  -35.545 0.0000000000
19252  17.971  -59.758  -37.053 0.0000000000
19253  17.237  -59.860  -37.889 0.0000000000
19268  18.886  -59.330  -38.230 0.0000000000
19957  25.399  -57.973  -20.074 0.0000000000
20037  8.390  -58.234  -30.498 0.0000000000
20054  19.524  -58.860  -33.490 0.0000000000
20055  18.548  -58.899  -33.386 0.0000000000
20879  13.231  -57.438  -30.848 0.0000000000
20887  9.804  -57.442  -31.800 0.0000000000
20901  15.200  -57.499  -33.462 0.0000000000
20902  14.403  -57.545  -33.521 0.0000000000
20906  10.994  -57.297  -33.086 0.0000000000
20907  10.676  -56.945  -32.603 0.0000000000
21776  13.187  -56.583  -31.166 0.0000000000
21778  10.156  -57.230  -31.550 0.0000000000
21784  10.134  -57.043  -31.744 0.0000000000
21804  16.337  -56.827  -33.218 0.0000000000
21806  14.475  -56.231  -33.585 0.0000000000
21808  12.622  -56.257  -33.619 0.0000000000
22554  29.339  -55.419  -23.671 0.0000000000
22617  11.873  -56.161  -31.597 0.0000000000
22630  11.702  -55.475  -32.205 0.0000000000
22631  11.202  -56.153  -31.861 0.0000000000
22641  11.159  -56.044  -32.099 0.0000000000
22651  14.995  -55.755  -33.408 0.0000000000
22655  11.824  -55.460  -33.167 0.0000000000
24345  29.237  -53.266  -21.196 0.0000000000
24347  27.565  -53.700  -20.052 0.0000000000
24373  25.322  -53.415  -21.372 0.0000000000
25314  26.293  -52.717  -21.185 0.0000000000
26239  29.628  -51.239  -20.969 0.0000000000
26364  12.930  -50.546  -31.673 0.0000000000
26372  13.048  -51.026  -31.853 0.0000000000
28100  29.147  -49.670  -20.925 0.0000000000
28113  30.414  -48.783  -23.835 0.0000000000
28121  30.382  -48.923  -24.743 0.0000000000
28188  25.148  -49.843  -26.847 0.0000000000
29074  30.422  -48.300  -24.463 0.0000000000
29075  30.213  -48.425  -25.233 0.0000000000
29106  17.077  -48.972  -26.027 0.0000000000
29107  16.347  -48.943  -26.237 0.0000000000
29873  28.360  -47.403  -22.280 0.0000000000
29892  29.214  -47.483  -22.651 0.0000000000
29927  27.485  -46.363  -24.929 0.0000000000
29953  29.028  -47.963  -26.419 0.0000000000
29954  28.058  -47.433  -26.499 0.0000000000
29959  14.323  -48.342  -27.302 0.0000000000
30804  29.144  -46.706  -23.324 0.0000000000
30824  27.646  -46.657  -22.967 0.0000000000
30878  13.185  -47.421  -28.380 0.0000000000
33823  13.156  -43.231  -31.161 0.0000000000
33824  13.065  -42.941  -31.571 0.0000000000
33833  13.041  -42.469  -31.794 0.0000000000
102171  23.039  -84.533  -39.120 0.0000000000
102179  22.964  -84.936  -39.009 0.0000000000
102181  5.843  -62.156  -22.749 0.0000000000
102182  6.677  -61.492  -23.011 0.0000000000
102185  7.371  -59.993  -23.158 0.0000000000
102186  6.802  -60.351  -22.485 0.0000000000
102187  6.452  -60.488  -21.820 0.0000000000
102190  10.278  -59.504  -23.322 0.0000000000
102192  10.760  -59.326  -22.883 0.0000000000
102768  20.109  -87.609  -41.568 0.0000000000
102831  25.500  -85.869  -40.402 0.0000000000
102833  15.974  -85.993  -40.588 0.0000000000
102864  5.190  -63.097  -22.446 0.0000000000
102891  20.440  -81.405  -37.392 0.0000000000
102914  24.856  -85.316  -39.550 0.0000000000
102972  7.755  -59.461  -22.206 0.0000000000
103010  16.831  -87.227  -40.143 0.0000000000
103056  22.530  -87.541  -39.718 0.0000000000
103078  23.635  -84.106  -37.170 0.0000000000
103159  27.848  -73.027  -48.148 0.0000000000
103306  27.811  -77.076  -33.703 0.0000000000
103332  22.544  -87.370  -40.197 0.0000000000
103435  24.596  -79.759  -36.921 0.0000000000
103479  16.732  -88.867  -28.087 0.0000000000
103577  12.496  -84.444  -9.942 0.0000000000
103700  14.420  -61.338  -36.686 0.0000000000
103705  20.731  -71.554  -39.974 0.0000000000
103715  22.563  -91.413  -26.987 0.0000000000
103718  25.795  -67.776  -41.325 0.0000000000
103788  20.709  -83.549  -12.633 0.0000000000
103957  16.191  -88.304  -24.721 0.0000000000
103961  5.999  -62.941  -26.456 0.0000000000
104292  29.440  -46.653  -24.968 0.0000000000
104337  20.736  -65.621  -37.638 0.0000000000
104948  17.473  -85.076  -19.066 0.0000000000
105040  16.110  -88.297  -25.551 0.0000000000
105139  28.893  -79.278  -36.464 0.0000000000
105474  16.540  -61.011  -32.216 0.0000000000
105604  14.336  -90.666  -24.055 0.0000000000
105754  17.952  -72.551  -37.228 0.0000000000
105801  12.728  -80.553  -6.817 0.0000000000
105816  12.453  -62.772  -34.108 0.0000000000
105822  29.604  -85.404  -25.480 0.0000000000
105949  24.459  -89.434  -22.054 0.0000000000
105987  16.355  -68.697  -33.439 0.0000000000
106097  16.086  -68.762  -31.964 0.0000000000
106192  18.493  -62.528  -24.925 0.0000000000
106289  6.999  -59.976  -22.113 0.0000000000
106434  21.767  -67.218  -41.695 0.0000000000
106443  24.516  -88.836  -22.473 0.0000000000
106547  17.922  -59.655  -33.180 0.0000000000
106564  20.707  -65.256  -42.086 0.0000000000
106623  11.096  -61.680  -21.926 0.0000000000
106678  21.044  -71.461  -44.720 0.0000000000
106698  10.030  -63.401  -18.657 0.0000000000
106758  19.807  -92.213  -28.736 0.0000000000
107180  16.757  -84.941  -7.312 0.0000000000
107312  13.593  -90.363  -24.113 0.0000000000
107366  13.539  -70.661  -30.273 0.0000000000
107378  27.348  -49.643  -20.628 0.0000000000
107492  5.993  -62.933  -28.255 0.0000000000
107800  5.933  -62.276  -26.728 0.0000000000
107876  5.674  -69.115  -24.100 0.0000000000
108034  17.189  -71.981  -40.373 0.0000000000
108133  23.830  -64.561  -40.048 0.0000000000
108143  15.764  -84.081  -5.365 0.0000000000
108149  19.311  -90.467  -26.054 0.0000000000
108339  27.234  -48.569  -20.319 0.0000000000
108390  23.208  -91.092  -26.839 0.0000000000
108734  12.887  -58.107  -30.505 0.0000000000
108810  28.684  -67.950  -42.867 0.0000000000
109117  10.693  -81.637  -8.675 0.0000000000
109175  20.704  -83.258  -10.652 0.0000000000
109361  28.201  -46.884  -22.707 0.0000000000
109422  15.366  -90.829  -27.905 0.0000000000
109537  15.183  -73.716  -37.933 0.0000000000
109549  15.833  -90.644  -25.024 0.0000000000
109731  39.060  -80.605  -23.761 0.0000000000
109747  23.326  -83.781  -37.334 0.0000000000
109767  21.166  -68.625  -37.861 0.0000000000
109935  11.726  -79.972  -9.111 0.0000000000
109942  15.537  -62.269  -38.050 0.0000000000
110069  43.716  -76.722  -29.038 0.0000000000
110171  16.486  -87.134  -22.049 0.0000000000
110260  38.362  -80.014  -26.857 0.0000000000
110262  20.437  -85.859  -10.605 0.0000000000
110287  11.468  -77.693  -8.800 0.0000000000
110508  27.675  -48.881  -26.815 0.0000000000
110898  9.806  -67.350  -29.775 0.0000000000
110930  23.580  -71.369  -42.722 0.0000000000
110955  6.680  -70.845  -17.388 0.0000000000
111012  5.712  -65.096  -28.123 0.0000000000
111032  22.837  -67.757  -39.041 0.0000000000
111054  21.068  -85.801  -28.217 0.0000000000
111126  12.117  -56.818  -33.634 0.0000000000
111167  8.918  -65.739  -21.573 0.0000000000
111175  9.138  -70.394  -16.463 0.0000000000
111288  27.725  -74.180  -39.950 0.0000000000
111477  30.421  -84.071  -24.800 0.0000000000
111519  21.351  -71.570  -45.586 0.0000000000
111668  19.307  -70.376  -36.992 0.0000000000
111785  24.604  -74.538  -40.132 0.0000000000
111787  12.133  -70.602  -12.740 0.0000000000
111788  10.052  -81.332  -8.899 0.0000000000
111838  24.480  -78.221  -38.161 0.0000000000
111978  14.793  -80.957  -4.157 0.0000000000
112173  26.453  -68.954  -41.398 0.0000000000
112184  5.393  -71.737  -24.250 0.0000000000
112223  17.914  -75.029  -40.666 0.0000000000
112362  19.694  -90.435  -24.388 0.0000000000
112507  14.743  -69.758  -32.153 0.0000000000
112643  11.762  -47.470  -29.952 0.0000000000
112669  12.436  -71.561  -28.479 0.0000000000
112684  29.826  -49.131  -21.976 0.0000000000
112759  14.938  -47.427  -27.835 0.0000000000
112776  15.069  -56.630  -33.503 0.0000000000
113138  26.396  -74.261  -38.036 0.0000000000
113162  14.320  -72.005  -43.581 0.0000000000
113218  12.720  -52.620  -30.873 0.0000000000
113416  23.115  -84.121  -38.514 0.0000000000
113444  5.697  -67.659  -19.452 0.0000000000
113641  15.790  -61.998  -38.486 0.0000000000
113656  18.768  -84.690  -6.864 0.0000000000
113705  18.359  -65.627  -42.027 0.0000000000
113941  8.578  -69.461  -34.318 0.0000000000
113964  19.431  -87.744  -22.661 0.0000000000
113999  26.198  -49.844  -20.066 0.0000000000
114094  28.093  -87.493  -26.557 0.0000000000
114172  15.027  -63.258  -25.114 0.0000000000
114289  17.294  -72.829  -37.170 0.0000000000
114290  15.254  -84.246  -7.897 0.0000000000
114674  23.015  -60.278  -37.528 0.0000000000
114702  15.126  -90.886  -25.440 0.0000000000
114878  17.738  -83.791  -19.882 0.0000000000
114910  19.532  -88.010  -14.165 0.0000000000
115260  15.154  -90.988  -26.030 0.0000000000
115397  14.192  -59.888  -19.356 0.0000000000
115456  11.115  -68.136  -37.891 0.0000000000
115465  16.644  -90.928  -30.885 0.0000000000
115524  28.157  -77.933  -44.442 0.0000000000
115591  21.243  -78.782  -39.646 0.0000000000
115683  34.412  -73.982  -47.384 0.0000000000
115697  18.509  -87.993  -13.769 0.0000000000
116088  26.758  -63.225  -38.495 0.0000000000
116153  30.272  -82.958  -42.446 0.0000000000
116239  13.470  -65.693  -32.307 0.0000000000
116244  6.746  -70.649  -19.984 0.0000000000
116246  8.738  -65.060  -16.524 0.0000000000
116273  19.321  -86.871  -22.614 0.0000000000
116489  15.636  -62.648  -25.007 0.0000000000
116505  9.649  -71.288  -31.403 0.0000000000
116512  7.706  -65.538  -15.406 0.0000000000
116619  20.651  -85.945  -42.394 0.0000000000
116779  20.939  -86.442  -42.738 0.0000000000
116889  17.983  -84.045  -13.763 0.0000000000
116922  11.404  -58.346  -33.362 0.0000000000
116982  22.342  -91.292  -28.971 0.0000000000
117153  15.345  -68.330  -35.947 0.0000000000
117177  12.185  -62.350  -36.359 0.0000000000
117204  14.565  -83.821  -13.329 0.0000000000
117334  5.099  -62.336  -22.259 0.0000000000
117870  12.447  -72.927  -11.438 0.0000000000
117880  21.349  -61.983  -26.288 0.0000000000
117906  7.253  -60.225  -29.463 0.0000000000
118032  12.694  -58.199  -33.540 0.0000000000
118318  16.251  -88.482  -23.952 0.0000000000
118382  14.113  -70.015  -32.347 0.0000000000
118405  10.864  -80.206  -6.201 0.0000000000
118921  25.584  -85.166  -39.953 0.0000000000
118950  15.225  -84.185  -10.306 0.0000000000
119107  16.649  -89.246  -31.140 0.0000000000
119121  41.377  -75.766  -37.992 0.0000000000
119333  7.854  -67.672  -18.369 0.0000000000
119334  22.726  -72.847  -46.766 0.0000000000
119342  39.507  -80.161  -29.549 0.0000000000
119413  21.847  -79.125  -45.036 0.0000000000
119594  28.692  -81.161  -41.724 0.0000000000
119742  27.409  -89.365  -22.499 0.0000000000
119762  24.018  -86.632  -25.426 0.0000000000
119766  28.665  -83.992  -41.821 0.0000000000
119809  4.897  -66.785  -15.766 0.0000000000
119869  11.100  -56.745  -32.986 0.0000000000
119876  8.694  -64.513  -22.501 0.0000000000
119939  6.792  -71.995  -19.409 0.0000000000
119952  13.248  -63.313  -36.337 0.0000000000
119977  6.839  -65.949  -30.561 0.0000000000
119983  18.355  -68.280  -39.946 0.0000000000
120014  15.547  -90.438  -23.401 0.0000000000
120047  20.405  -71.594  -38.499 0.0000000000
120053  8.320  -76.961  -11.743 0.0000000000
120093  18.367  -84.458  -6.418 0.0000000000
120141  7.780  -77.735  -12.607 0.0000000000
120271  14.125  -91.221  -28.780 0.0000000000
120276  13.185  -56.023  -33.649 0.0000000000
120292  13.501  -83.485  -8.570 0.0000000000
120357  26.902  -46.884  -21.450 0.0000000000
120364  19.377  -76.190  -41.605 0.0000000000
120494  25.050  -87.768  -23.791 0.0000000000
120509  28.036  -88.190  -26.249 0.0000000000
120570  8.176  -73.214  -29.543 0.0000000000
120580  17.469  -73.412  -40.871 0.0000000000
120649  19.304  -88.653  -15.510 0.0000000000
120797  18.342  -60.578  -33.773 0.0000000000
120939  20.069  -61.234  -38.558 0.0000000000
120973  29.400  -47.056  -23.116 0.0000000000
121004  28.370  -73.164  -48.450 0.0000000000
121012  13.212  -63.901  -24.740 0.0000000000
121280  19.086  -91.259  -26.192 0.0000000000
121531  22.822  -79.314  -45.783 0.0000000000
121552  22.944  -77.517  -41.807 0.0000000000
121637  20.237  -83.368  -38.319 0.0000000000
121694  8.979  -80.046  -10.042 0.0000000000
121789  11.653  -62.481  -22.568 0.0000000000
122045  17.177  -65.947  -39.556 0.0000000000
122085  20.110  -86.594  -26.462 0.0000000000
122138  9.906  -60.118  -21.272 0.0000000000
122221  16.070  -90.055  -23.154 0.0000000000
122320  7.617  -76.203  -23.145 0.0000000000
122484  24.682  -63.701  -37.974 0.0000000000
122522  16.763  -60.808  -35.523 0.0000000000
122554  17.236  -62.970  -35.378 0.0000000000
122669  8.415  -74.393  -24.200 0.0000000000
122716  28.118  -50.802  -20.693 0.0000000000
122724  20.245  -76.945  -42.857 0.0000000000
122867  15.514  -55.833  -33.158 0.0000000000
122902  7.174  -60.640  -23.094 0.0000000000
122947  20.161  -72.685  -42.477 0.0000000000
122995  22.015  -65.636  -43.249 0.0000000000
123029  17.674  -66.856  -36.832 0.0000000000
123037  12.067  -71.316  -37.603 0.0000000000
123057  20.575  -71.559  -42.847 0.0000000000
123079  16.141  -89.172  -29.790 0.0000000000
123097  20.139  -65.696  -38.200 0.0000000000
123151  17.878  -89.567  -17.067 0.0000000000
123221  21.397  -71.443  -39.526 0.0000000000
123224  19.724  -67.627  -41.442 0.0000000000
123300  24.345  -60.778  -36.954 0.0000000000
123331  16.086  -65.282  -33.391 0.0000000000
123332  21.704  -88.451  -19.556 0.0000000000
123339  6.833  -62.126  -19.784 0.0000000000
123516  24.920  -64.367  -39.639 0.0000000000
123555  20.616  -79.774  -41.947 0.0000000000
123598  18.697  -59.735  -36.692 0.0000000000
123650  22.644  -87.949  -17.668 0.0000000000
123789  12.487  -71.470  -12.389 0.0000000000
123881  15.739  -84.421  -9.660 0.0000000000
123947  19.293  -89.771  -29.321 0.0000000000
124018  9.807  -70.392  -36.395 0.0000000000
124118  12.709  -50.904  -31.732 0.0000000000
124165  8.755  -68.767  -35.909 0.0000000000
124286  41.068  -79.402  -28.146 0.0000000000
124301  24.682  -75.226  -37.695 0.0000000000
124331  13.521  -69.212  -28.084 0.0000000000
124378  5.082  -64.785  -17.241 0.0000000000
124392  26.965  -86.277  -39.878 0.0000000000
