#!ascii label  , from subject sub-v2s9x29168_ses-1 vox2ras=TkReg
2670
38099  7.116  -39.299  43.168 0.1111110002
37219  6.204  -39.488  43.425 0.1111110002
37220  5.284  -39.603  43.778 0.2222220004
146134  4.631  -39.590  43.394 0.4444440007
38975  10.854  -37.943  43.810 0.1111110002
38089  9.232  -38.576  44.464 0.1111110002
38097  8.638  -38.863  43.648 0.1111110002
134942  11.311  -37.841  43.014 0.1111110002
38095  10.170  -38.386  43.396 0.1111110002
38111  8.888  -38.867  42.639 0.1111110002
38098  7.785  -39.030  43.838 0.1111110002
140110  12.523  -37.263  42.340 0.2222220004
38985  11.798  -37.660  42.438 0.2222220004
38109  10.600  -38.251  42.834 0.1111110002
38096  9.483  -38.648  43.499 0.1111110002
37233  4.517  -39.419  42.796 0.4444440007
37222  3.602  -39.535  43.700 0.4444440007
37223  1.994  -39.569  44.809 0.4444440007
38101  1.380  -39.174  44.559 0.2222220004
126700  7.323  -39.130  42.266 0.1111110002
38992  12.090  -37.539  41.655 0.2222220004
38986  11.068  -38.033  42.202 0.2222220004
38118  10.331  -38.440  41.983 0.2222220004
128889  8.107  -38.991  42.207 0.1111110002
37231  6.290  -39.325  42.395 0.2222220004
39014  12.487  -37.310  40.100 0.2222220004
139899  11.497  -37.846  41.717 0.2222220004
38994  10.866  -38.074  41.281 0.2222220004
38119  9.482  -38.679  41.851 0.2222220004
38113  5.244  -39.234  42.055 0.4444440007
39869  12.579  -37.007  39.360 0.2222220004
38115  3.468  -38.742  42.481 0.4444440007
38100  2.805  -39.160  43.656 0.4444440007
37215  0.986  -39.811  44.770 0.2222220004
38103  0.125  -38.564  44.340 0.3333329856
37240  0.438  -38.848  42.993 0.2222220004
38112  8.000  -39.109  42.956 0.1111110002
38122  6.634  -38.886  41.422 0.4444440007
39003  11.764  -37.671  40.268 0.2222220004
39004  10.404  -38.014  40.419 0.2222220004
128661  9.539  -38.187  40.369 0.2222220004
38120  8.588  -38.799  41.664 0.2222220004
143273  6.063  -38.469  40.844 0.4444440007
39888  13.357  -36.399  38.164 0.2222220004
39879  12.560  -36.756  38.572 0.2222220004
39015  11.883  -37.403  39.518 0.2222220004
39017  9.884  -37.792  39.546 0.3333329856
129431  8.986  -37.975  39.785 0.3333329856
39006  7.467  -38.235  40.232 0.3333329856
38124  4.666  -38.633  41.488 0.5555559993
38125  3.863  -38.245  41.702 0.5555559993
130023  13.086  -36.225  37.372 0.2222220004
39890  11.641  -36.357  37.293 0.2222220004
39023  11.320  -37.267  38.908 0.2222220004
39024  10.491  -37.381  38.895 0.3333329856
38997  4.448  -37.807  41.116 0.5555559993
38987  3.076  -37.975  42.372 0.4444440007
137047  12.560  -35.757  36.320 0.4444440007
38977  0.928  -38.524  44.473 0.4444440007
40766  13.878  -35.464  36.038 0.2222220004
132179  1.533  -39.360  41.454 0.1111110002
38132  7.334  -38.582  40.900 0.4444440007
38134  6.077  -37.940  40.327 0.5555559993
39018  8.408  -37.747  39.431 0.3333329856
39007  6.798  -37.832  39.919 0.5555559993
39009  4.900  -37.295  40.555 0.5555559993
39880  11.654  -36.833  38.175 0.3333329856
39891  10.745  -36.639  37.631 0.2222220004
39025  9.647  -37.286  38.724 0.3333329856
39871  8.223  -37.247  38.941 0.5555559993
39873  6.556  -36.547  39.209 0.5555559993
39856  4.257  -36.997  40.994 0.6666669846
38998  3.708  -37.469  41.559 0.5555559993
39892  9.793  -36.500  37.652 0.3333329856
39893  8.833  -36.306  37.838 0.5555559993
40739  7.914  -35.864  37.909 0.6666669846
40721  4.159  -36.136  41.155 0.6666669846
39849  2.354  -36.783  43.107 0.6666669846
39839  1.239  -36.925  44.222 0.5555559993
41699  13.642  -35.011  35.385 0.3333329856
40768  12.214  -35.304  35.792 0.4444440007
39848  3.089  -37.000  42.227 0.7777780294
38126  1.009  -38.762  41.728 0.1111110002
145296  13.969  -34.124  34.068 0.6666669846
41708  13.384  -34.571  34.635 0.3333329856
38979  -0.032  -37.796  44.390 0.2222220004
38127  0.402  -38.161  42.565 0.2222220004
39863  6.133  -37.194  39.777 0.5555559993
39864  5.378  -36.787  40.093 0.5555559993
39884  6.901  -35.997  38.683 0.5555559993
39874  5.843  -36.269  39.577 0.5555559993
40725  5.187  -35.838  40.095 0.5555559993
130991  10.808  -35.446  36.417 0.5555559993
40760  9.547  -35.097  36.604 0.6666669846
40750  8.418  -35.417  37.361 0.6666669846
40733  5.716  -35.423  39.535 0.7777780294
40726  4.648  -35.778  40.659 0.7777780294
40714  3.839  -35.393  41.798 0.6666669846
40716  2.228  -36.287  43.526 0.5555559993
41690  11.176  -35.009  35.792 0.5555559993
41691  10.139  -34.891  36.121 0.7777780294
40761  8.833  -34.903  36.792 0.8888890147
40715  3.029  -36.027  42.570 0.6666669846
39840  0.140  -37.237  44.570 0.4444440007
42652  14.263  -33.308  32.880 0.6666669846
41709  12.487  -34.444  34.524 0.7777780294
41702  11.056  -34.372  35.078 0.7777780294
38989  -0.020  -37.615  43.405 0.2222220004
41684  8.051  -34.572  37.055 0.8888890147
40751  7.612  -35.050  37.605 0.7777780294
41678  6.986  -34.675  38.008 0.8888890147
42624  10.275  -33.783  35.015 0.8888890147
42613  8.909  -33.738  35.866 0.8888890147
42604  7.283  -33.278  37.365 0.8888890147
134613  6.887  -33.797  37.945 0.8888890147
132391  13.043  -34.051  33.932 0.6666669846
42646  11.753  -33.248  33.462 0.7777780294
42614  8.273  -33.313  36.263 0.8888890147
41693  8.458  -34.149  36.446 0.8888890147
41694  7.815  -33.727  36.848 0.8888890147
43561  14.983  -33.165  32.804 0.6666669846
42654  12.968  -33.066  32.665 0.6666669846
42645  12.603  -33.503  33.302 0.7777780294
43530  9.202  -32.459  35.025 0.8888890147
42625  9.384  -33.343  35.265 0.8888890147
43531  8.715  -32.871  35.645 0.8888890147
43514  7.766  -32.824  36.807 0.7777780294
42635  10.605  -33.310  34.339 0.8888890147
43586  15.840  -32.433  31.780 0.7777780294
43588  13.918  -32.260  31.494 0.7777780294
44572  17.035  -31.449  30.703 0.7777780294
44573  16.328  -31.530  30.396 0.7777780294
44556  14.483  -31.856  30.930 0.7777780294
43513  8.299  -32.391  36.280 0.6666669846
42647  10.997  -32.936  33.756 0.8888890147
43550  9.734  -32.166  34.464 0.8888890147
44507  9.354  -31.565  34.941 0.7777780294
44495  8.816  -31.782  35.669 0.6666669846
43589  12.916  -31.942  31.453 0.7777780294
43579  11.690  -32.085  32.508 0.8888890147
46850  18.826  -30.036  30.880 0.5555559993
45706  18.184  -30.464  30.420 0.5555559993
45707  17.520  -30.902  30.326 0.7777780294
145532  16.280  -31.160  29.824 0.7777780294
44589  15.654  -31.321  30.035 0.7777780294
46863  18.375  -30.022  29.681 0.6666669846
45725  17.243  -30.660  29.579 0.7777780294
45726  16.605  -30.783  29.403 0.7777780294
45743  16.273  -30.388  28.815 0.7777780294
50007  23.582  -27.496  33.093 0.3333329856
50019  24.041  -27.397  32.368 0.4444440007
44540  11.394  -31.144  32.351 0.8888890147
44521  10.910  -31.508  33.076 0.8888890147
44522  10.399  -31.375  33.821 0.8888890147
132283  19.459  -29.313  30.808 0.4444440007
46837  19.394  -29.631  31.581 0.3333329856
44557  13.600  -31.666  30.948 0.7777780294
44558  12.342  -31.139  31.207 0.8888890147
44559  11.762  -30.749  31.708 0.8888890147
45674  10.864  -30.285  33.028 0.8888890147
46849  18.995  -29.634  30.153 0.4444440007
45744  15.315  -30.229  28.899 0.7777780294
45728  14.364  -30.194  29.312 0.8888890147
46864  17.704  -30.194  29.142 0.7777780294
46862  19.002  -29.392  29.333 0.7777780294
134838  18.305  -29.728  28.806 0.7777780294
147276  18.244  -29.463  28.139 0.7777780294
50008  23.236  -27.305  33.141 0.3333329856
50009  22.501  -27.478  33.407 0.2222220004
130522  21.937  -27.381  32.757 0.3333329856
50020  22.440  -27.241  32.663 0.3333329856
49045  24.654  -27.308  30.872 0.4444440007
50031  23.766  -27.112  31.505 0.4444440007
49013  20.982  -27.869  31.972 0.3333329856
49029  20.948  -27.712  31.034 0.4444440007
46831  11.339  -29.490  32.728 0.7777780294
45664  10.801  -29.822  34.201 0.7777780294
45665  10.287  -30.533  34.438 0.6666669846
125352  23.852  -26.771  29.563 0.5555559993
131527  19.927  -28.720  30.807 0.5555559993
47942  20.397  -28.326  31.277 0.3333329856
49047  20.885  -27.663  30.147 0.5555559993
44576  12.699  -30.638  30.669 0.8888890147
45693  12.129  -30.222  31.167 0.8888890147
45683  11.390  -30.316  32.299 0.7777780294
50068  24.501  -26.825  28.964 0.5555559993
47959  19.657  -28.872  30.022 0.6666669846
47974  20.234  -28.147  29.647 0.6666669846
45729  13.669  -30.092  29.604 0.8888890147
45710  13.175  -30.306  30.089 0.8888890147
47975  19.614  -28.657  28.983 0.6666669846
46895  17.130  -29.442  27.588 0.7777780294
46896  16.342  -29.354  27.736 0.8888890147
46880  15.928  -29.810  28.304 0.7777780294
46865  14.501  -29.453  28.922 0.8888890147
46877  18.889  -29.199  28.479 0.7777780294
47992  19.312  -28.622  28.076 0.7777780294
46894  17.884  -29.309  27.568 0.7777780294
48014  16.696  -28.832  27.087 0.7777780294
147520  22.618  -27.119  32.202 0.3333329856
50034  21.923  -26.972  31.415 0.5555559993
50021  22.002  -27.170  32.293 0.4444440007
50051  23.148  -26.740  30.040 0.4444440007
50033  22.323  -26.867  31.174 0.5555559993
50053  21.957  -26.848  30.591 0.5555559993
49028  21.569  -27.302  31.648 0.4444440007
47945  12.351  -28.363  31.947 0.7777780294
50087  22.667  -26.592  28.844 0.5555559993
144696  22.083  -26.796  29.925 0.5555559993
50072  21.343  -27.260  29.780 0.5555559993
46851  13.236  -29.404  29.921 0.8888890147
47961  12.546  -28.655  31.202 0.7777780294
46840  11.700  -29.826  31.875 0.7777780294
50086  24.260  -26.548  28.266 0.5555559993
126797  23.543  -26.558  28.666 0.5555559993
51057  22.832  -26.370  27.970 0.5555559993
50089  21.812  -26.742  28.258 0.5555559993
50090  21.414  -27.099  28.941 0.5555559993
49056  20.789  -27.591  29.301 0.5555559993
47995  14.487  -28.568  28.717 0.8888890147
47977  13.544  -28.573  29.745 0.8888890147
46852  12.617  -29.562  30.641 0.8888890147
147226  25.206  -26.332  27.388 0.5555559993
51070  24.131  -25.930  27.112 0.6666669846
51071  23.250  -26.018  27.187 0.6666669846
51089  22.020  -25.943  26.556 0.6666669846
50105  21.613  -26.573  27.465 0.7777780294
49079  20.327  -27.337  27.386 0.7777780294
49080  19.746  -27.995  27.714 0.7777780294
48015  15.776  -28.478  27.459 0.8888890147
46866  13.858  -29.432  29.377 0.8888890147
51105  25.180  -25.409  25.857 0.6666669846
51106  24.458  -25.119  25.529 0.6666669846
51087  23.624  -25.716  26.565 0.6666669846
127817  22.162  -25.435  25.823 0.6666669846
125875  20.920  -26.731  27.004 0.7777780294
129746  19.515  -27.833  26.793 0.7777780294
48031  18.712  -28.227  26.467 0.7777780294
48032  17.924  -28.409  26.413 0.7777780294
53166  30.907  -24.021  26.038 0.5555559993
52126  30.114  -24.184  25.595 0.5555559993
52127  29.298  -24.372  25.240 0.7777780294
52128  28.466  -24.709  25.292 0.6666669846
52129  27.112  -24.832  25.085 0.6666669846
52150  25.956  -24.618  24.535 0.6666669846
52131  25.383  -24.958  25.195 0.6666669846
52133  23.708  -24.755  25.004 0.6666669846
134412  23.036  -24.511  24.673 0.7777780294
52149  27.353  -24.511  24.342 0.7777780294
52172  26.554  -24.346  24.001 0.6666669846
52173  25.689  -24.133  23.793 0.7777780294
52174  24.727  -23.994  23.708 0.7777780294
139528  13.175  -27.530  31.135 0.8888890147
47960  12.979  -28.418  30.599 0.8888890147
49058  13.947  -27.809  29.389 0.8888890147
50113  21.462  -26.276  26.713 0.6666669846
51108  20.979  -25.778  25.517 0.7777780294
49070  15.119  -27.790  27.821 0.8888890147
47994  15.085  -28.489  28.127 0.8888890147
53179  32.069  -23.175  25.928 0.5555559993
127511  31.587  -23.671  26.186 0.5555559993
142188  21.484  -25.476  25.481 0.7777780294
50123  20.358  -26.044  24.963 0.7777780294
50124  19.122  -26.958  25.103 0.7777780294
49091  18.272  -27.832  25.886 0.7777780294
146426  16.566  -26.974  26.136 0.8888890147
49094  16.147  -26.973  26.624 0.8888890147
53181  30.648  -23.652  25.223 0.5555559993
53182  29.910  -23.819  24.826 0.8888890147
53198  28.492  -23.952  23.858 0.8888890147
52151  25.084  -24.492  24.422 0.6666669846
52175  23.763  -23.908  23.712 0.7777780294
52177  22.004  -24.167  23.885 0.8888890147
52155  21.677  -24.628  24.344 0.8888890147
51123  19.886  -25.744  24.147 0.8888890147
51125  18.059  -25.840  24.374 0.8888890147
50125  17.656  -26.553  25.050 0.8888890147
51110  16.809  -26.042  25.504 0.8888890147
53212  28.947  -23.476  23.539 0.8888890147
53213  28.231  -23.626  23.186 0.8888890147
148997  27.147  -24.104  23.642 0.8888890147
53217  24.326  -23.527  23.015 0.8888890147
53218  23.148  -23.610  23.413 0.8888890147
53219  22.448  -23.608  23.356 0.8888890147
53214  27.457  -23.699  23.031 0.8888890147
53216  25.345  -23.534  22.874 0.8888890147
128175  13.828  -26.769  30.163 0.8888890147
50092  14.549  -26.260  28.734 0.8888890147
50107  15.622  -26.472  27.188 0.8888890147
137397  14.917  -27.040  27.982 0.8888890147
52156  21.089  -24.985  24.417 0.8888890147
51122  20.561  -25.467  24.451 0.8888890147
51092  15.922  -26.037  26.763 0.8888890147
54240  32.734  -22.582  25.539 0.8888890147
54241  31.888  -22.784  25.072 0.8888890147
54252  31.108  -23.068  24.718 0.8888890147
53211  29.813  -23.306  23.921 0.8888890147
52178  21.109  -24.425  23.762 0.8888890147
52179  20.177  -24.361  23.281 0.8888890147
137361  18.889  -25.079  23.618 0.7777780294
145339  18.378  -25.273  23.931 0.8888890147
51109  17.312  -25.528  24.920 0.7777780294
141820  31.638  -22.304  23.938 0.8888890147
54253  30.656  -22.813  23.955 0.8888890147
54264  30.117  -22.551  23.199 0.8888890147
146121  28.962  -22.437  22.508 0.8888890147
133308  25.890  -22.400  21.792 0.7777780294
143364  25.390  -22.991  22.015 0.7777780294
54291  24.226  -22.444  22.224 0.8888890147
53244  23.046  -23.102  22.858 0.8888890147
53239  27.883  -23.098  22.473 0.8888890147
53240  27.027  -23.154  22.343 0.7777780294
53241  26.143  -23.114  22.212 0.8888890147
51044  14.750  -25.316  29.509 0.7777780294
51032  14.695  -25.287  30.498 0.4444440007
50073  14.262  -25.979  29.846 0.7777780294
52097  15.528  -24.755  27.834 0.7777780294
145829  35.265  -21.323  27.097 0.4444440007
54215  34.809  -21.763  27.189 0.5555559993
54228  33.526  -22.364  26.175 0.5555559993
51074  15.493  -25.680  27.509 0.8888890147
55296  34.146  -21.727  25.825 0.5555559993
52135  17.227  -24.524  25.091 0.7777780294
52113  16.830  -24.094  25.952 0.7777780294
52114  16.336  -24.604  26.469 0.7777780294
124081  34.118  -21.454  25.128 0.7777780294
129204  32.551  -22.208  24.632 0.8888890147
53245  22.063  -23.018  22.800 0.8888890147
53247  20.184  -22.849  22.629 0.8888890147
53223  18.953  -23.572  23.293 0.7777780294
53200  17.744  -23.968  24.540 0.7777780294
55311  33.053  -21.692  24.251 0.8888890147
127821  32.085  -21.479  23.343 0.8888890147
54285  30.319  -21.825  22.716 0.8888890147
54286  29.568  -22.147  22.560 0.7777780294
55350  28.094  -21.645  22.070 0.7777780294
56470  27.011  -20.887  22.256 0.7777780294
55353  25.585  -21.625  21.899 0.7777780294
127308  23.141  -21.770  22.360 0.7777780294
54294  21.703  -22.279  22.476 0.7777780294
54288  27.436  -22.325  21.991 0.8888890147
54289  26.626  -22.563  21.926 0.7777780294
129396  15.172  -24.676  29.277 0.5555559993
52060  15.324  -24.254  29.814 0.4444440007
55263  35.800  -20.968  27.412 0.2222220004
52078  15.388  -24.517  28.548 0.5555559993
56386  35.484  -20.892  26.630 0.2222220004
55279  34.840  -21.404  26.412 0.5555559993
53156  16.221  -23.365  27.666 0.4444440007
52096  15.959  -24.193  27.328 0.6666669846
55294  35.183  -20.919  25.993 0.6666669846
53184  17.325  -23.561  25.438 0.6666669846
53168  16.508  -23.685  26.849 0.7777780294
55310  33.753  -21.363  24.473 0.7777780294
55324  33.308  -21.162  23.728 0.8888890147
55359  19.979  -22.077  22.646 0.7777780294
54266  18.799  -22.702  23.565 0.7777780294
53199  18.305  -23.375  24.050 0.6666669846
53183  17.851  -23.040  24.941 0.6666669846
56442  32.661  -20.811  23.054 0.8888890147
55347  31.056  -20.735  22.593 0.8888890147
125850  29.941  -20.541  22.496 0.7777780294
127251  28.670  -21.001  22.238 0.7777780294
142400  26.657  -20.312  22.646 0.7777780294
56472  25.257  -20.698  22.355 0.7777780294
55355  23.720  -21.072  22.367 0.7777780294
124155  22.896  -20.811  22.449 0.7777780294
55357  21.435  -21.434  22.465 0.6666669846
125810  21.985  -19.521  29.263 0.3333329856
146850  20.840  -19.497  28.878 0.2222220004
56332  19.453  -19.583  28.998 0.1111110002
56333  18.531  -19.843  29.003 0.1111110002
55234  17.222  -20.937  29.009 0.1111110002
55235  16.538  -21.334  29.650 0.2222220004
56349  24.986  -19.821  28.841 0.1111110002
56372  22.930  -19.483  28.127 0.3333329856
56374  21.309  -19.425  28.141 0.3333329856
124140  20.472  -19.482  27.478 0.2222220004
56376  19.705  -19.661  27.890 0.2222220004
56377  18.817  -20.104  27.996 0.2222220004
55266  17.578  -21.364  27.841 0.1111110002
54207  16.923  -21.864  28.199 0.2222220004
54208  16.330  -22.445  28.672 0.2222220004
53144  15.532  -23.903  29.014 0.3333329856
53134  15.517  -23.687  29.627 0.2222220004
130760  37.155  -19.503  27.816 0.2222220004
56385  36.126  -20.320  26.852 0.2222220004
124943  25.587  -19.761  28.322 0.1111110002
56392  24.080  -19.508  27.410 0.2222220004
56394  22.401  -19.404  27.443 0.3333329856
56395  21.414  -19.381  27.356 0.2222220004
56396  19.631  -19.962  26.984 0.2222220004
56397  18.971  -20.396  27.315 0.2222220004
55265  18.261  -20.860  27.561 0.2222220004
54218  17.168  -22.104  27.545 0.2222220004
54219  16.534  -22.591  27.949 0.3333329856
53143  15.983  -23.189  28.442 0.3333329856
57463  37.032  -19.191  27.102 0.3333329856
57474  36.227  -19.850  26.095 0.4444440007
57475  35.672  -20.420  26.029 0.4444440007
56389  27.579  -19.646  26.946 0.1111110002
57480  25.168  -19.533  26.565 0.2222220004
57481  24.387  -19.397  26.579 0.2222220004
57504  22.958  -18.973  25.623 0.3333329856
57485  20.929  -19.264  26.331 0.2222220004
133628  20.198  -19.599  26.584 0.2222220004
55281  19.031  -20.752  26.454 0.2222220004
55282  18.423  -21.205  26.817 0.2222220004
54230  17.402  -22.401  26.790 0.3333329856
53155  16.785  -22.850  27.201 0.4444440007
57495  35.813  -19.936  25.249 0.5555559993
56407  35.184  -20.629  25.352 0.6666669846
57519  29.496  -19.300  24.062 0.5555559993
148015  28.592  -19.526  25.363 0.4444440007
57499  27.295  -19.668  25.262 0.4444440007
57500  26.443  -19.598  25.439 0.4444440007
57502  24.734  -19.308  25.615 0.4444440007
57525  23.444  -19.059  24.652 0.5555559993
57527  21.954  -19.105  24.943 0.4444440007
56427  20.335  -20.150  24.395 0.4444440007
56428  19.626  -20.519  24.904 0.3333329856
55313  18.645  -21.782  24.948 0.5555559993
54243  17.584  -22.707  25.886 0.5555559993
53167  17.045  -23.192  26.339 0.6666669846
56426  34.014  -20.831  23.915 0.7777780294
57518  30.426  -19.104  23.698 0.7777780294
57521  27.755  -19.804  24.325 0.6666669846
57522  26.857  -19.711  24.235 0.5555559993
136675  25.075  -19.355  24.533 0.6666669846
133181  23.741  -19.293  23.850 0.6666669846
57550  22.246  -19.532  23.751 0.5555559993
56451  20.460  -20.625  23.313 0.5555559993
56452  19.743  -20.935  23.795 0.4444440007
54242  18.148  -22.254  25.446 0.5555559993
57516  35.649  -19.651  24.295 0.7777780294
57517  35.017  -20.013  23.751 0.7777780294
124766  31.408  -20.066  22.510 0.8888890147
123893  30.768  -19.785  22.685 0.7777780294
57563  29.076  -19.868  22.958 0.7777780294
57544  28.231  -19.889  23.341 0.7777780294
57545  27.431  -19.877  23.485 0.6666669846
56447  25.919  -19.970  22.784 0.6666669846
57564  24.923  -19.852  22.782 0.7777780294
56449  22.724  -19.925  22.905 0.7777780294
56450  21.871  -20.024  23.061 0.5555559993
56440  34.265  -20.242  23.411 0.8888890147
57540  33.698  -19.755  22.722 0.8888890147
56466  32.996  -20.151  22.658 0.8888890147
58513  37.526  -19.013  27.868 0.1111110002
58521  37.605  -18.511  27.285 0.3333329856
58529  36.708  -19.243  26.224 0.4444440007
147906  36.394  -19.405  25.569 0.5555559993
58551  36.609  -18.469  24.501 0.5555559993
57515  36.278  -19.225  24.827 0.5555559993
58555  31.081  -18.703  24.106 0.7777780294
57538  35.384  -19.330  23.457 0.7777780294
57541  31.448  -19.375  22.664 0.7777780294
58568  31.748  -18.783  23.225 0.7777780294
58566  35.011  -18.927  22.706 0.8888890147
57539  34.613  -19.589  23.035 0.8888890147
144863  33.518  -19.099  22.397 0.8888890147
57561  32.202  -19.470  22.496 0.8888890147
58581  32.271  -18.914  22.606 0.7777780294
149194  37.909  -18.507  27.931 0.2222220004
59631  37.790  -17.851  26.728 0.4444440007
58528  37.221  -18.569  26.440 0.4444440007
58542  31.336  -18.704  25.139 0.3333329856
126626  37.444  -17.871  25.840 0.4444440007
143843  32.342  -18.407  25.070 0.5555559993
58554  32.137  -18.384  24.197 0.6666669846
58553  32.947  -17.938  23.488 0.5555559993
58564  36.377  -18.241  23.627 0.6666669846
58552  36.077  -18.979  23.947 0.6666669846
58567  32.994  -18.236  22.711 0.6666669846
58565  35.752  -18.639  23.146 0.6666669846
58579  33.821  -18.442  22.161 0.8888890147
58580  33.184  -18.657  22.479 0.7777780294
59665  33.323  -17.568  22.076 1.0000000000
58578  34.556  -18.367  22.161 0.8888890147
59663  34.106  -17.735  21.732 1.0000000000
59664  33.584  -17.720  21.879 1.0000000000
58522  32.745  -17.989  26.981 0.2222220004
60693  38.760  -16.488  27.404 0.2222220004
129180  32.978  -18.192  25.566 0.3333329856
59635  38.329  -17.180  27.072 0.2222220004
141021  32.604  -18.506  26.334 0.3333329856
59643  33.403  -17.512  25.696 0.4444440007
60699  37.997  -17.008  26.141 0.3333329856
125524  32.108  -18.651  25.888 0.3333329856
136413  33.449  -17.480  24.982 0.4444440007
59641  37.563  -17.116  25.320 0.4444440007
58541  33.010  -17.858  24.523 0.5555559993
59647  33.356  -17.140  24.087 0.6666669846
58550  36.833  -17.688  24.157 0.5555559993
59655  33.065  -17.425  22.927 0.6666669846
60735  32.848  -17.093  22.410 0.8888890147
139751  32.186  -16.624  22.999 1.0000000000
59653  36.570  -17.446  23.370 0.7777780294
59654  36.104  -17.928  22.831 0.7777780294
58577  35.353  -18.219  22.438 0.8888890147
125199  32.878  -16.904  21.661 1.0000000000
60736  32.219  -16.798  21.908 1.0000000000
144175  35.656  -17.587  22.282 1.0000000000
127949  34.926  -17.598  21.794 1.0000000000
59676  34.262  -16.986  21.381 1.0000000000
59677  33.625  -17.080  21.417 1.0000000000
59678  33.299  -17.139  21.610 1.0000000000
59626  32.661  -17.236  28.253 0.1111110002
58514  32.554  -17.747  27.857 0.2222220004
144117  32.730  -17.406  27.225 0.2222220004
59636  33.071  -17.488  26.435 0.3333329856
60708  33.294  -16.789  25.815 0.4444440007
60716  33.240  -16.447  24.513 0.6666669846
60698  38.426  -16.486  26.695 0.2222220004
59642  33.531  -16.849  25.036 0.4444440007
60717  32.784  -16.219  24.136 0.6666669846
60707  37.822  -16.417  25.536 0.3333329856
60706  38.211  -15.949  26.063 0.3333329856
60725  33.024  -16.779  23.508 0.6666669846
60715  37.516  -16.384  24.911 0.5555559993
59646  37.243  -17.074  24.590 0.6666669846
60726  30.803  -16.511  23.065 1.0000000000
60724  36.829  -16.062  23.714 0.8888890147
130970  31.316  -16.734  22.076 1.0000000000
136976  36.654  -16.703  23.275 0.8888890147
59661  36.262  -17.044  22.608 1.0000000000
59662  35.541  -16.951  21.921 1.0000000000
59675  34.902  -16.824  21.505 1.0000000000
133513  32.333  -16.603  21.322 1.0000000000
60749  31.596  -16.532  21.314 1.0000000000
60688  32.568  -16.690  28.796 0.1111110002
61671  32.470  -16.275  28.270 0.1111110002
60694  32.667  -16.813  27.721 0.2222220004
60700  32.800  -16.762  26.680 0.3333329856
60709  33.293  -16.285  25.228 0.6666669846
60710  33.109  -15.999  24.824 0.6666669846
60718  31.647  -16.132  24.018 0.6666669846
129578  38.429  -15.083  26.418 0.2222220004
60719  30.559  -16.157  24.134 1.0000000000
61683  37.934  -15.124  25.743 0.2222220004
62732  37.472  -15.031  25.114 0.3333329856
61700  37.239  -15.660  24.531 0.6666669846
61701  36.674  -15.089  23.876 0.7777780294
61709  36.503  -15.562  23.248 0.8888890147
135740  36.212  -14.908  23.119 1.0000000000
60737  30.408  -16.769  22.081 1.0000000000
61717  36.176  -15.536  22.686 1.0000000000
61726  35.191  -15.074  21.869 1.0000000000
60734  35.975  -16.226  22.292 1.0000000000
60745  35.272  -16.099  21.621 1.0000000000
60746  34.451  -16.231  21.172 1.0000000000
60747  33.556  -16.285  20.913 1.0000000000
60760  32.026  -16.203  20.825 1.0000000000
60750  30.648  -16.619  21.379 1.0000000000
133467  32.232  -15.717  28.797 0.2222220004
61679  31.754  -15.531  27.795 0.2222220004
62710  31.273  -15.310  27.463 0.1111110002
61678  32.255  -15.941  27.764 0.3333329856
124618  31.979  -15.810  26.990 0.2222220004
62711  30.568  -15.073  27.017 0.2222220004
138019  32.474  -16.249  26.719 0.3333329856
143834  32.556  -15.986  26.215 0.4444440007
61684  31.325  -15.516  26.812 0.2222220004
61685  30.859  -15.470  26.284 0.4444440007
61691  32.841  -15.929  25.514 0.6666669846
61692  32.160  -15.880  24.977 0.6666669846
129926  31.180  -15.719  25.574 0.5555559993
61702  30.889  -15.904  24.886 0.5555559993
62721  36.991  -14.146  25.139 0.3333329856
60727  29.751  -16.354  23.731 0.7777780294
62733  36.552  -14.221  24.357 0.5555559993
62740  35.574  -14.205  23.050 0.6666669846
62748  34.841  -14.063  22.458 0.6666669846
60728  29.000  -16.458  23.243 1.0000000000
62747  35.700  -14.872  22.524 0.7777780294
62757  34.298  -14.521  21.654 0.8888890147
129936  33.242  -13.895  21.531 1.0000000000
62766  31.933  -14.351  20.668 1.0000000000
141884  32.880  -15.103  20.684 1.0000000000
60738  29.723  -16.671  22.625 1.0000000000
61718  28.352  -16.132  22.754 1.0000000000
61727  34.659  -15.508  21.353 1.0000000000
61736  32.169  -15.505  20.583 1.0000000000
60761  30.990  -16.196  20.778 1.0000000000
60762  30.030  -16.399  20.769 1.0000000000
60752  28.710  -16.626  21.296 1.0000000000
60740  28.316  -16.362  21.889 1.0000000000
60763  29.134  -16.491  20.729 1.0000000000
61719  27.637  -15.659  22.124 1.0000000000
61693  30.198  -15.495  25.649 0.4444440007
61703  29.737  -15.908  24.775 0.5555559993
63818  35.833  -13.499  24.248 0.5555559993
61710  28.974  -16.118  24.197 1.0000000000
61711  28.488  -15.980  23.612 0.8888890147
63819  35.344  -13.525  23.638 0.5555559993
63834  34.169  -13.192  23.031 0.6666669846
62749  33.747  -13.373  22.382 0.6666669846
62758  32.446  -13.552  21.196 0.8888890147
61738  30.441  -15.483  20.268 1.0000000000
61739  29.535  -15.920  20.246 1.0000000000
61740  28.729  -16.042  20.104 1.0000000000
60764  28.340  -16.314  20.589 1.0000000000
61729  27.216  -15.566  21.177 1.0000000000
62722  30.163  -15.152  26.370 0.4444440007
62723  29.547  -14.976  26.086 0.4444440007
62713  29.172  -14.403  26.479 0.4444440007
61694  29.260  -15.282  25.403 0.4444440007
135411  28.919  -15.606  24.818 0.4444440007
134988  28.402  -14.937  24.971 0.6666669846
61704  27.857  -14.925  24.181 0.8888890147
63820  34.714  -13.123  23.497 0.5555559993
61712  27.859  -15.366  23.341 1.0000000000
66059  35.102  -11.968  23.187 0.2222220004
66060  34.712  -12.014  23.061 0.3333329856
63821  34.159  -12.965  23.178 0.5555559993
63843  32.894  -13.047  21.962 0.6666669846
64985  34.434  -12.576  21.915 0.3333329856
64964  34.172  -12.580  22.690 0.3333329856
63835  33.794  -12.932  22.756 0.4444440007
64987  32.748  -13.215  21.563 0.6666669846
63844  32.496  -13.387  21.237 0.7777780294
62767  31.513  -14.060  20.473 1.0000000000
62750  27.194  -14.797  22.646 1.0000000000
65015  34.937  -13.101  20.033 0.3333329856
65003  34.083  -12.761  21.087 0.3333329856
65004  33.107  -12.913  21.124 0.3333329856
64986  33.432  -12.847  22.041 0.4444440007
65005  32.457  -13.300  20.983 0.7777780294
63852  31.541  -13.974  20.346 1.0000000000
62768  30.937  -14.446  20.082 1.0000000000
61748  30.016  -15.093  19.859 1.0000000000
61749  29.246  -15.468  19.751 1.0000000000
61720  26.919  -14.955  21.785 0.8888890147
65016  33.866  -13.057  20.184 0.3333329856
63861  32.082  -13.517  20.119 0.8888890147
63862  31.645  -13.882  20.303 0.8888890147
63863  31.008  -14.124  19.898 1.0000000000
62775  29.491  -14.878  19.245 1.0000000000
139315  27.284  -15.717  19.856 1.0000000000
61742  26.789  -15.354  20.340 1.0000000000
131221  26.504  -14.377  21.379 0.8888890147
139892  34.491  -13.377  19.402 0.3333329856
65017  33.147  -13.191  20.057 0.5555559993
138334  31.456  -13.931  19.550 1.0000000000
62783  30.277  -14.409  18.999 1.0000000000
62784  29.279  -14.426  18.356 1.0000000000
61755  27.844  -15.190  18.793 1.0000000000
62769  26.376  -14.659  19.817 1.0000000000
62760  26.378  -14.573  20.636 0.8888890147
63845  26.506  -13.563  21.580 0.8888890147
63860  33.746  -13.495  19.277 0.7777780294
63873  32.057  -13.888  18.707 1.0000000000
63874  31.282  -14.004  18.516 0.8888890147
63875  29.934  -14.096  18.139 1.0000000000
63888  29.095  -14.051  17.452 1.0000000000
62792  27.492  -14.102  17.639 1.0000000000
62786  26.944  -14.392  18.263 1.0000000000
65018  26.320  -13.214  19.138 1.0000000000
63872  33.614  -13.764  18.265 0.8888890147
146931  32.829  -13.861  18.157 0.8888890147
133739  31.654  -13.963  17.889 1.0000000000
63887  29.913  -13.980  17.256 1.0000000000
62791  28.285  -14.373  17.785 1.0000000000
63891  26.881  -13.678  17.818 1.0000000000
62724  28.838  -14.654  25.782 0.4444440007
62734  27.691  -14.314  24.566 0.7777780294
62741  27.386  -14.402  23.548 0.8888890147
126245  37.148  -12.999  20.796 0.2222220004
127609  36.232  -12.905  21.018 0.2222220004
64984  35.441  -12.626  21.778 0.2222220004
64963  34.864  -12.363  22.542 0.2222220004
62751  26.724  -14.221  22.133 0.8888890147
124062  35.813  -13.076  20.257 0.3333329856
65002  35.157  -12.783  20.984 0.2222220004
63836  26.774  -13.534  22.438 0.8888890147
125903  36.758  -13.104  19.989 0.2222220004
63858  35.906  -13.280  19.344 0.3333329856
143098  36.215  -13.239  18.561 0.3333329856
63859  35.138  -13.416  19.132 0.3333329856
136885  26.432  -12.658  19.731 1.0000000000
65006  26.483  -12.665  20.462 0.8888890147
64988  26.591  -12.778  21.291 0.8888890147
63870  35.549  -13.408  18.495 0.4444440007
63871  34.614  -13.597  18.487 0.4444440007
63883  34.279  -13.717  17.296 0.6666669846
63885  32.310  -13.955  17.401 1.0000000000
63886  31.466  -14.014  17.048 1.0000000000
63901  30.128  -13.858  16.292 1.0000000000
63903  28.587  -13.276  16.186 1.0000000000
63889  28.203  -13.783  16.951 1.0000000000
66109  26.797  -12.269  18.059 1.0000000000
66099  26.611  -12.281  19.048 1.0000000000
63884  33.270  -13.852  17.333 1.0000000000
63898  32.830  -13.847  16.434 1.0000000000
63900  31.039  -13.919  16.229 1.0000000000
63917  29.514  -13.310  15.716 1.0000000000
65035  27.319  -12.590  16.716 1.0000000000
144965  27.285  -12.119  24.820 0.5555559993
64926  27.289  -12.823  24.448 0.7777780294
63822  27.347  -13.619  24.066 0.7777780294
64982  37.910  -12.974  21.216 0.1111110002
63823  27.054  -13.588  23.217 0.8888890147
65001  37.743  -12.940  20.230 0.2222220004
64965  27.165  -12.238  22.788 0.7777780294
64945  26.916  -13.007  22.824 0.8888890147
64966  26.768  -12.884  22.116 0.8888890147
125328  36.785  -13.076  18.963 0.3333329856
66074  26.849  -12.066  20.980 0.8888890147
66062  26.976  -12.190  21.803 0.8888890147
63882  35.273  -13.481  17.632 0.6666669846
66086  27.219  -11.016  20.005 0.8888890147
66087  26.762  -11.884  20.073 0.8888890147
63869  36.066  -13.250  17.857 0.4444440007
148593  27.660  -10.693  17.579 1.0000000000
137769  27.217  -11.469  17.687 1.0000000000
67094  27.337  -10.810  19.226 1.0000000000
63896  35.097  -13.425  16.703 0.6666669846
140943  33.639  -13.747  16.583 0.8888890147
63914  32.386  -13.580  15.603 1.0000000000
63915  31.471  -13.583  15.593 1.0000000000
63916  30.519  -13.445  15.568 1.0000000000
65058  28.792  -12.625  15.587 1.0000000000
67120  27.620  -11.124  16.892 1.0000000000
63913  33.430  -13.511  15.732 1.0000000000
128862  31.078  -13.105  15.146 1.0000000000
149164  30.003  -13.058  15.343 1.0000000000
65057  29.593  -12.476  15.184 1.0000000000
138169  27.400  -11.315  24.706 0.5555559993
138478  27.290  -11.929  23.914 0.6666669846
65000  38.606  -12.837  20.504 0.1111110002
65014  37.571  -12.873  19.324 0.2222220004
66061  27.288  -11.412  22.218 0.7777780294
67084  27.664  -10.529  20.627 0.7777780294
66073  27.219  -11.312  20.778 0.8888890147
143259  27.184  -11.565  21.457 0.7777780294
67105  27.478  -10.732  18.374 0.7777780294
65025  36.748  -12.951  18.127 0.2222220004
67137  28.302  -10.920  16.180 1.0000000000
65034  35.898  -13.168  17.033 0.4444440007
65044  34.936  -13.131  15.914 0.5555559993
66137  29.480  -11.503  15.014 1.0000000000
66138  28.864  -11.224  15.418 1.0000000000
66128  28.352  -11.864  15.665 1.0000000000
143373  34.242  -13.216  15.635 0.8888890147
65054  32.833  -12.928  14.938 0.8888890147
65055  31.824  -13.079  15.013 1.0000000000
65074  30.199  -11.904  14.769 1.0000000000
132000  27.499  -11.000  23.952 0.5555559993
67056  28.106  -9.669  22.893 0.3333329856
66046  27.414  -11.225  23.155 0.3333329856
64999  39.409  -12.689  20.752 0.1111110002
67072  28.036  -9.821  22.022 0.3333329856
139236  27.644  -10.501  22.552 0.6666669846
65013  38.410  -12.676  19.618 0.1111110002
67083  28.068  -9.909  21.180 0.3333329856
67073  27.568  -10.724  21.542 0.4444440007
65023  38.236  -12.444  18.761 0.2222220004
68077  28.386  -9.529  19.698 0.4444440007
68058  28.497  -9.346  20.861 0.3333329856
68039  28.528  -9.259  21.584 0.3333329856
65024  37.461  -12.699  18.445 0.3333329856
68115  28.688  -9.592  17.470 0.7777780294
68094  28.660  -9.329  18.535 0.5555559993
65033  36.627  -12.869  17.325 0.3333329856
65043  35.719  -12.970  16.227 0.3333329856
67136  29.093  -10.372  15.798 1.0000000000
65053  33.849  -12.866  15.088 0.8888890147
65072  32.061  -12.377  14.524 1.0000000000
68149  29.836  -9.930  15.469 1.0000000000
66085  39.982  -12.167  20.203 0.1111110002
65012  39.216  -12.461  19.905 0.1111110002
68982  29.656  -8.333  22.104 0.2222220004
68015  29.097  -8.699  21.913 0.3333329856
66098  39.028  -12.136  19.070 0.1111110002
68997  29.593  -8.331  21.459 0.3333329856
68038  28.959  -8.751  21.160 0.3333329856
65032  37.348  -12.564  17.623 0.3333329856
68076  29.130  -8.808  19.357 0.4444440007
65052  35.454  -12.556  15.514 0.5555559993
68114  29.414  -8.951  17.793 0.6666669846
68093  29.481  -8.753  18.600 0.5555559993
65071  33.484  -12.267  14.506 0.8888890147
140124  32.792  -12.215  14.402 1.0000000000
66151  30.730  -11.455  14.505 1.0000000000
140811  29.441  -9.711  16.173 0.7777780294
66149  33.066  -11.595  14.043 0.8888890147
132808  32.239  -11.148  13.923 1.0000000000
68167  30.496  -9.931  14.814 1.0000000000
69010  30.204  -7.906  20.954 0.2222220004
137411  29.556  -8.396  19.895 0.4444440007
68131  29.440  -9.302  16.888 0.7777780294
69038  30.186  -8.455  18.198 0.5555559993
69027  30.054  -8.280  19.139 0.4444440007
37232  5.387  -39.518  42.921 0.3333329856
37234  3.790  -39.277  42.869 0.4444440007
145755  5.956  -39.109  41.772 0.4444440007
38114  4.338  -39.021  42.229 0.4444440007
136746  3.026  -39.681  44.883 0.4444440007
38116  2.214  -38.589  43.466 0.4444440007
143786  11.134  -37.876  40.527 0.2222220004
38130  9.109  -38.501  41.031 0.2222220004
38995  9.975  -38.372  41.146 0.2222220004
38121  7.695  -38.857  41.526 0.2222220004
38123  5.637  -38.793  41.332 0.5555559993
39870  11.998  -37.053  38.899 0.2222220004
127350  13.205  -36.869  39.941 0.2222220004
36313  1.129  -40.391  44.729 0.2222220004
38102  0.512  -39.078  44.459 0.2222220004
38978  0.138  -38.244  44.499 0.4444440007
37225  0.343  -39.185  43.915 0.2222220004
38117  0.009  -38.450  43.817 0.2222220004
37235  0.754  -39.894  43.562 0.2222220004
37239  0.911  -39.542  42.603 0.2222220004
36333  1.315  -40.351  42.767 0.2222220004
39016  11.007  -37.718  39.696 0.2222220004
143328  8.814  -38.299  40.366 0.2222220004
38131  8.175  -38.507  40.802 0.3333329856
38996  5.296  -38.101  40.772 0.5555559993
39889  12.457  -36.489  37.739 0.2222220004
40746  12.458  -36.127  36.953 0.2222220004
143605  9.005  -37.545  39.121 0.3333329856
39005  8.236  -38.133  39.969 0.3333329856
39019  7.617  -37.656  39.501 0.5555559993
40757  13.316  -35.882  36.645 0.2222220004
130608  10.872  -37.079  38.327 0.3333329856
147993  9.457  -36.854  38.160 0.3333329856
39881  10.171  -37.017  38.196 0.3333329856
38988  1.938  -37.687  43.473 0.5555559993
129379  0.586  -37.808  44.448 0.5555559993
40767  13.097  -35.481  35.852 0.3333329856
38133  6.721  -38.356  40.583 0.5555559993
39008  5.546  -37.479  40.280 0.5555559993
39020  6.888  -37.230  39.434 0.5555559993
39865  4.728  -36.485  40.528 0.5555559993
39026  8.872  -36.979  38.514 0.5555559993
39872  7.382  -36.791  38.903 0.5555559993
39882  8.107  -36.573  38.393 0.4444440007
39883  7.484  -36.157  38.382 0.5555559993
40732  6.287  -35.735  39.087 0.5555559993
39857  3.724  -36.771  41.473 0.6666669846
40747  10.878  -35.997  36.954 0.4444440007
40749  9.395  -35.702  37.159 0.6666669846
40748  10.197  -36.101  37.209 0.5555559993
137972  4.416  -35.401  41.121 0.7777780294
40722  3.548  -36.251  41.767 0.5555559993
41700  12.797  -34.934  35.216 0.4444440007
41701  11.895  -34.747  35.128 0.5555559993
38136  0.948  -37.912  41.312 0.1111110002
42644  13.604  -33.609  33.241 0.6666669846
42632  14.749  -34.063  34.314 0.5555559993
123826  -0.111  -37.056  43.969 0.5555559993
40741  6.618  -35.203  38.550 0.6666669846
41665  4.917  -35.043  40.639 0.7777780294
40759  10.162  -35.542  36.740 0.6666669846
40758  11.680  -35.743  36.494 0.4444440007
40740  7.225  -35.500  38.161 0.7777780294
41672  6.111  -34.941  39.068 0.7777780294
40707  2.585  -35.558  43.571 0.4444440007
145205  10.442  -34.460  35.515 0.7777780294
41692  9.227  -34.493  36.210 0.8888890147
41703  9.697  -34.132  35.642 0.8888890147
142715  0.227  -36.682  44.650 0.5555559993
43576  14.343  -32.799  32.234 0.6666669846
42643  14.680  -33.686  33.517 0.4444440007
42653  13.700  -33.094  32.622 0.6666669846
42633  12.152  -33.870  33.942 0.7777780294
41710  11.651  -34.186  34.525 0.7777780294
41711  10.967  -33.860  34.577 0.7777780294
41685  7.366  -34.187  37.413 0.8888890147
41679  6.451  -34.273  38.592 0.7777780294
42596  6.638  -33.441  38.514 0.8888890147
42636  9.850  -32.975  34.644 0.8888890147
42634  11.342  -33.588  34.066 0.7777780294
43587  14.893  -32.373  31.551 0.6666669846
43577  13.391  -32.617  32.084 0.7777780294
43562  12.143  -32.837  32.850 0.7777780294
43563  11.367  -32.508  33.172 0.8888890147
43549  10.329  -32.604  34.128 0.8888890147
133047  15.511  -31.875  30.852 0.7777780294
43578  12.504  -32.414  32.191 0.7777780294
45708  16.845  -31.108  30.024 0.7777780294
44574  14.803  -31.408  30.275 0.7777780294
43564  10.660  -32.177  33.602 0.8888890147
44506  9.916  -31.389  34.397 0.8888890147
140072  10.164  -31.963  34.030 0.8888890147
45666  9.722  -30.781  35.012 0.6666669846
140263  9.339  -31.089  35.525 0.6666669846
136217  12.949  -31.341  30.899 0.8888890147
44539  12.049  -31.641  31.836 0.8888890147
45724  17.796  -30.476  29.814 0.6666669846
45727  15.877  -30.862  29.385 0.7777780294
44590  15.029  -30.851  29.615 0.8888890147
129083  14.027  -31.409  30.470 0.8888890147
45742  17.024  -30.333  28.879 0.7777780294
140450  22.831  -26.981  31.710 0.3333329856
50032  23.050  -26.855  30.889 0.4444440007
45675  10.567  -30.688  33.657 0.8888890147
44575  13.373  -31.087  30.440 0.8888890147
45709  14.028  -30.814  29.911 0.8888890147
46878  17.557  -29.793  28.306 0.7777780294
46879  16.728  -29.896  28.254 0.7777780294
47993  18.618  -29.050  27.711 0.7777780294
49012  21.656  -27.444  32.333 0.3333329856
123834  23.904  -26.928  30.464 0.4444440007
49046  21.534  -27.172  30.660 0.5555559993
45654  10.289  -30.102  35.432 0.6666669846
47958  20.333  -28.229  30.485 0.6666669846
46839  12.169  -29.260  31.471 0.7777780294
50067  25.513  -26.965  29.122 0.5555559993
51056  23.763  -26.237  27.826 0.6666669846
49057  20.187  -27.997  28.954 0.7777780294
49069  19.852  -28.143  28.426 0.6666669846
138781  15.633  -29.139  27.960 0.8888890147
46881  15.132  -29.312  28.445 0.8888890147
48012  18.299  -28.813  26.999 0.7777780294
48011  19.062  -28.524  27.227 0.7777780294
48013  17.519  -28.923  26.966 0.7777780294
48033  17.127  -28.314  26.518 0.7777780294
50070  22.521  -26.688  29.612 0.5555559993
50071  21.789  -26.968  29.854 0.5555559993
46830  11.847  -28.900  32.342 0.5555559993
47944  12.789  -27.903  31.526 0.6666669846
127870  22.048  -26.755  29.129 0.5555559993
50088  22.268  -26.621  28.375 0.5555559993
50103  24.654  -26.381  27.649 0.5555559993
51072  22.454  -26.169  27.162 0.6666669846
50104  22.129  -26.454  27.736 0.6666669846
50106  21.131  -26.960  27.922 0.5555559993
49068  20.494  -27.552  28.383 0.7777780294
47976  14.043  -28.772  29.191 0.8888890147
49071  14.520  -27.536  28.522 0.8888890147
51086  24.470  -25.626  26.324 0.5555559993
51088  22.806  -25.719  26.409 0.6666669846
51090  21.478  -25.854  26.031 0.6666669846
50114  20.743  -26.351  26.019 0.7777780294
49089  20.094  -27.091  26.408 0.7777780294
51104  26.083  -25.427  25.864 0.6666669846
52132  24.563  -24.751  24.909 0.6666669846
51107  23.492  -25.266  25.869 0.6666669846
52134  22.754  -24.923  25.292 0.6666669846
125262  19.827  -26.768  25.446 0.7777780294
49090  19.164  -27.530  25.812 0.7777780294
49105  17.688  -27.355  25.587 0.7777780294
49093  16.822  -27.518  26.208 0.7777780294
49081  16.316  -27.962  26.794 0.8888890147
128385  29.636  -24.589  25.875 0.6666669846
146324  28.789  -24.369  24.855 0.8888890147
53197  29.091  -23.986  24.388 0.8888890147
52148  28.281  -24.393  24.468 0.8888890147
125062  27.782  -24.722  24.972 0.7777780294
135898  26.851  -25.174  25.608 0.6666669846
134781  26.670  -24.664  24.635 0.6666669846
52152  24.210  -24.401  24.337 0.6666669846
52153  23.507  -24.339  24.350 0.6666669846
52176  22.899  -24.068  24.029 0.7777780294
52154  22.369  -24.550  24.556 0.7777780294
52171  27.847  -24.117  23.715 0.8888890147
53215  26.486  -23.748  23.120 0.8888890147
49049  13.457  -27.611  30.360 0.8888890147
49048  13.637  -26.740  31.260 0.7777780294
137136  14.122  -26.809  29.310 0.8888890147
124111  21.025  -25.420  24.989 0.7777780294
49082  15.535  -27.309  27.321 0.8888890147
53180  31.365  -23.409  25.536 0.7777780294
51121  21.782  -25.011  25.017 0.7777780294
50133  19.452  -26.381  24.637 0.7777780294
49104  18.453  -27.198  25.296 0.7777780294
50134  18.604  -26.521  24.665 0.8888890147
50126  16.963  -26.934  25.695 0.7777780294
50115  16.430  -26.429  26.130 0.8888890147
53196  30.438  -23.351  24.538 0.8888890147
143709  23.629  -23.439  23.082 0.8888890147
51138  19.583  -25.148  23.621 0.8888890147
51124  18.931  -25.820  23.975 0.8888890147
52158  17.760  -24.966  24.317 0.7777780294
53238  28.639  -23.004  22.757 0.8888890147
53243  23.908  -23.035  22.646 0.8888890147
53242  24.681  -23.048  22.316 0.8888890147
50054  14.161  -25.922  30.858 0.7777780294
50091  15.170  -26.338  27.827 0.8888890147
129767  15.106  -25.336  28.461 0.8888890147
51137  20.394  -25.087  23.854 0.8888890147
52136  16.749  -25.072  25.636 0.7777780294
51091  16.306  -25.551  26.219 0.8888890147
51073  15.813  -25.081  27.001 0.7777780294
53237  29.361  -22.836  23.043 0.8888890147
53220  21.450  -23.693  23.198 0.8888890147
53221  20.506  -23.563  22.877 0.8888890147
53222  19.696  -23.599  22.893 0.8888890147
52180  19.265  -24.398  23.336 0.7777780294
52157  18.416  -24.415  23.774 0.7777780294
125181  30.813  -22.226  23.299 0.8888890147
141376  28.878  -21.819  22.258 0.8888890147
54287  28.323  -22.396  22.272 0.7777780294
54290  25.042  -22.368  21.853 0.7777780294
54292  23.471  -22.502  22.473 0.8888890147
141839  23.810  -21.902  22.231 0.7777780294
54293  22.634  -22.435  22.527 0.7777780294
52077  15.691  -23.934  28.139 0.5555559993
55280  34.248  -21.982  26.643 0.4444440007
54239  33.428  -21.930  25.129 0.6666669846
54263  32.441  -21.865  23.943 0.8888890147
53246  21.079  -22.925  22.642 0.7777780294
54295  20.799  -22.172  22.486 0.7777780294
54265  19.443  -22.791  22.876 0.7777780294
55325  32.726  -21.434  23.652 0.7777780294
55326  31.185  -21.513  22.934 0.8888890147
55348  30.457  -21.050  22.506 0.8888890147
55349  29.592  -21.250  22.360 0.7777780294
55351  27.391  -21.479  21.983 0.7777780294
56471  26.171  -20.859  22.271 0.7777780294
55352  26.587  -21.737  21.844 0.7777780294
55354  24.565  -21.515  22.144 0.7777780294
55356  22.297  -21.573  22.400 0.7777780294
55295  34.675  -21.193  25.563 0.6666669846
55309  34.519  -20.923  24.720 0.6666669846
56441  33.487  -20.505  23.212 0.8888890147
55358  20.602  -21.354  22.654 0.6666669846
55327  19.936  -21.344  22.978 0.6666669846
55328  19.298  -21.867  23.277 0.6666669846
55329  18.798  -22.036  24.074 0.5555559993
54254  18.378  -22.531  24.487 0.5555559993
56443  31.755  -20.760  22.728 0.8888890147
56468  30.574  -20.328  22.562 0.7777780294
56469  29.232  -20.373  22.537 0.7777780294
56444  28.405  -20.315  22.643 0.7777780294
56445  27.474  -20.238  22.754 0.7777780294
124071  27.835  -20.871  22.253 0.7777780294
56446  26.761  -19.853  23.141 0.7777780294
56473  24.365  -20.480  22.494 0.7777780294
56448  23.570  -20.221  22.633 0.7777780294
56474  22.050  -20.664  22.578 0.6666669846
56475  21.238  -20.579  22.843 0.5555559993
56352  22.679  -19.579  29.103 0.3333329856
56330  22.806  -19.569  29.685 0.2222220004
124647  21.203  -19.492  28.772 0.2222220004
57433  21.970  -19.455  29.862 0.2222220004
56353  20.369  -19.509  28.612 0.2222220004
56331  20.400  -19.480  29.097 0.1111110002
56375  20.600  -19.468  28.215 0.2222220004
56355  18.665  -19.966  28.524 0.1111110002
56354  19.532  -19.636  28.543 0.1111110002
56356  17.917  -20.440  28.665 0.1111110002
56334  17.691  -20.234  29.243 0.1111110002
55250  16.728  -21.680  28.862 0.1111110002
56370  24.667  -19.626  28.128 0.1111110002
56350  24.276  -19.685  28.841 0.1111110002
56371  23.770  -19.550  28.158 0.3333329856
56326  25.578  -20.055  29.309 0.1111110002
56351  23.371  -19.596  28.835 0.2222220004
143601  22.624  -19.527  28.602 0.3333329856
56393  23.253  -19.441  27.450 0.3333329856
56373  22.122  -19.439  28.097 0.3333329856
55248  18.081  -20.624  28.158 0.1111110002
55283  17.795  -21.644  27.172 0.2222220004
55249  17.394  -21.161  28.430 0.1111110002
53133  15.821  -23.120  29.178 0.2222220004
136754  36.542  -19.694  26.723 0.3333329856
56391  25.451  -19.630  27.393 0.2222220004
56390  26.032  -19.697  27.580 0.1111110002
130391  24.813  -19.563  27.338 0.2222220004
57482  23.563  -19.294  26.620 0.3333329856
57484  21.881  -19.247  26.675 0.3333329856
146881  20.734  -19.433  26.982 0.2222220004
56409  26.934  -19.599  26.292 0.3333329856
56410  26.032  -19.638  26.616 0.2222220004
57501  25.577  -19.493  25.574 0.2222220004
57503  23.911  -19.075  25.668 0.3333329856
57483  22.727  -19.257  26.690 0.3333329856
57528  20.962  -19.392  25.139 0.4444440007
57505  21.554  -19.060  25.863 0.3333329856
56411  20.189  -19.750  25.553 0.2222220004
56412  19.590  -20.211  26.007 0.2222220004
55297  19.084  -21.033  25.448 0.3333329856
55298  18.540  -21.519  25.925 0.3333329856
54229  17.985  -21.959  26.363 0.3333329856
56425  34.621  -20.501  24.062 0.7777780294
56424  35.166  -20.310  24.559 0.6666669846
57497  29.271  -19.373  25.078 0.4444440007
57496  30.224  -18.989  24.789 0.4444440007
57520  28.596  -19.619  24.390 0.7777780294
56408  27.614  -19.550  25.993 0.3333329856
56388  28.190  -19.479  26.107 0.4444440007
57498  28.023  -19.682  25.236 0.5555559993
57523  25.943  -19.566  24.495 0.5555559993
57524  24.232  -19.144  24.623 0.5555559993
129556  23.066  -19.405  23.722 0.5555559993
57526  22.739  -19.158  24.508 0.5555559993
131988  21.252  -19.830  23.839 0.4444440007
55312  19.163  -21.351  24.383 0.4444440007
57542  30.631  -19.428  23.084 0.7777780294
57543  29.742  -19.540  23.332 0.6666669846
125049  29.019  -19.632  23.541 0.7777780294
57546  26.195  -19.673  23.595 0.5555559993
57548  24.439  -19.442  23.504 0.6666669846
57547  25.418  -19.560  23.537 0.6666669846
57549  23.602  -19.619  23.111 0.6666669846
57565  24.176  -19.828  22.791 0.6666669846
56467  32.292  -20.102  22.485 0.8888890147
57562  29.942  -19.884  22.793 0.7777780294
57560  32.922  -19.547  22.466 0.8888890147
58540  36.834  -18.679  25.482 0.5555559993
57559  34.190  -19.060  22.462 0.8888890147
58539  37.152  -17.846  24.966 0.5555559993
58530  33.053  -18.177  26.343 0.3333329856
60748  32.943  -16.615  21.117 1.0000000000
60701  32.974  -16.253  25.957 0.4444440007
61690  37.726  -15.749  25.301 0.3333329856
60733  36.470  -16.189  22.932 1.0000000000
61677  32.497  -16.428  27.379 0.2222220004
142649  37.008  -14.869  24.596 0.3333329856
140982  35.720  -15.552  22.184 1.0000000000
60751  29.626  -16.760  21.519 1.0000000000
60739  28.916  -16.698  22.199 1.0000000000
60759  32.732  -16.053  20.710 1.0000000000
132556  31.895  -15.747  26.079 0.4444440007
63833  34.930  -13.582  23.111 0.6666669846
61737  31.348  -15.291  20.420 1.0000000000
62759  31.919  -13.691  20.958 1.0000000000
147402  30.987  -14.668  20.208 1.0000000000
127404  27.952  -15.995  19.890 1.0000000000
61741  27.568  -15.960  20.469 1.0000000000
61730  26.658  -15.013  21.082 1.0000000000
64943  34.265  -12.615  23.164 0.3333329856
63851  32.058  -13.717  20.744 0.8888890147
62774  30.477  -14.594  19.650 1.0000000000
61750  28.462  -15.445  19.377 1.0000000000
140456  30.863  -14.178  18.973 1.0000000000
62776  28.485  -14.851  18.601 1.0000000000
61752  26.827  -15.256  19.460 1.0000000000
124966  32.855  -13.653  19.134 0.6666669846
62777  27.145  -15.030  18.766 1.0000000000
62778  26.574  -14.584  18.990 1.0000000000
134641  26.220  -13.318  19.935 1.0000000000
63853  26.314  -13.368  20.741 0.8888890147
136781  30.587  -13.983  18.066 1.0000000000
135118  30.706  -13.987  17.051 1.0000000000
63902  29.205  -13.744  16.548 1.0000000000
63890  27.372  -13.431  17.119 1.0000000000
63899  31.929  -13.927  16.315 1.0000000000
63904  27.856  -13.212  16.555 1.0000000000
66108  27.051  -11.505  18.664 1.0000000000
65045  28.038  -12.594  16.085 1.0000000000
64944  27.145  -12.858  23.561 0.7777780294
63897  34.284  -13.541  16.278 0.7777780294
67119  28.133  -10.344  17.092 1.0000000000
67104  27.982  -10.013  17.970 1.0000000000
65073  31.120  -12.369  14.695 1.0000000000
125042  27.868  -10.077  18.959 0.5555559993
67093  27.746  -10.291  19.835 0.5555559993
68132  28.834  -9.999  16.579 1.0000000000
67151  29.435  -10.728  15.234 1.0000000000
65031  38.081  -12.231  17.927 0.3333329856
68057  28.857  -8.860  20.306 0.4444440007
63912  34.675  -12.704  15.265 0.8888890147
66150  31.535  -11.512  14.254 1.0000000000
67150  30.091  -10.831  14.791 1.0000000000
67993  29.328  -8.540  22.724 0.2222220004
68996  30.161  -7.971  21.783 0.2222220004
69011  29.554  -8.340  20.651 0.4444440007
65070  34.320  -12.200  14.669 0.8888890147
139128  32.318  -11.784  14.206 1.0000000000
67169  30.876  -10.696  14.384 1.0000000000
123984  30.021  -9.172  16.241 0.7777780294
66148  33.955  -11.623  14.128 0.8888890147
69026  30.339  -7.956  20.017 0.4444440007
40708  1.534  -36.006  44.435 0.4444440007
39830  0.547  -36.319  44.755 0.4444440007
41647  1.966  -35.231  44.653 0.2222220004
41636  2.432  -34.480  44.866 0.2222220004
41637  1.242  -34.808  45.197 0.2222220004
41646  2.983  -34.750  43.830 0.2222220004
41653  3.429  -35.057  42.804 0.3333329856
41658  4.492  -34.705  41.410 0.6666669846
41652  4.088  -34.458  42.218 0.3333329856
135335  5.340  -35.066  39.998 0.6666669846
41673  5.696  -34.658  39.628 0.6666669846
42565  4.495  -33.718  42.675 0.3333329856
41657  5.067  -34.175  41.025 0.6666669846
42587  5.797  -33.883  39.849 0.6666669846
42586  6.273  -33.410  39.253 0.7777780294
42558  3.437  -34.023  44.257 0.2222220004
41645  3.811  -34.239  43.208 0.3333329856
42570  5.341  -33.435  41.400 0.6666669846
42578  6.030  -33.018  40.188 0.6666669846
43443  5.954  -32.928  41.052 0.6666669846
43442  6.547  -32.177  40.770 0.6666669846
43459  6.603  -32.401  39.799 0.5555559993
42595  6.962  -32.900  38.076 0.6666669846
43476  6.789  -32.679  38.911 0.4444440007
43496  7.502  -32.208  37.591 0.4444440007
43475  7.284  -32.036  38.553 0.5555559993
43458  7.166  -31.819  39.435 0.3333329856
44475  7.779  -31.453  38.299 0.4444440007
44487  8.559  -31.415  36.647 0.5555559993
43495  7.973  -31.984  36.921 0.4444440007
44443  8.271  -30.548  39.560 0.3333329856
44458  8.349  -30.771  38.712 0.2222220004
44459  7.713  -31.181  39.102 0.3333329856
44473  9.165  -30.580  37.308 0.3333329856
44486  9.249  -30.867  36.301 0.4444440007
45636  9.847  -29.938  37.938 0.2222220004
44457  9.075  -30.369  38.301 0.2222220004
45645  10.018  -30.090  36.973 0.2222220004
46809  10.629  -29.784  35.007 0.4444440007
133820  10.622  -29.610  37.076 0.1111110002
46808  11.164  -29.257  35.144 0.1111110002
46792  10.779  -29.506  35.858 0.1111110002
45644  10.455  -29.821  36.373 0.2222220004
149132  11.214  -29.268  34.435 0.4444440007
46821  11.182  -29.340  33.706 0.4444440007
52094  30.470  -24.843  27.185 0.2222220004
52111  29.465  -24.871  26.349 0.5555559993
47915  12.173  -28.173  33.901 0.2222220004
46820  11.615  -28.803  34.463 0.3333329856
130368  11.646  -28.705  33.341 0.3333329856
52075  31.569  -24.837  28.186 0.3333329856
52093  31.297  -24.524  27.375 0.2222220004
52109  30.872  -24.407  26.728 0.2222220004
47931  12.714  -27.651  32.436 0.4444440007
55174  25.435  -20.442  32.497 0.1111110002
145485  24.163  -20.042  31.628 0.1111110002
56296  24.641  -20.223  31.375 0.1111110002
56329  23.585  -19.709  29.842 0.1111110002
127479  24.435  -20.001  30.066 0.1111110002
125715  23.292  -19.622  29.398 0.1111110002
49015  13.241  -27.097  32.884 0.2222220004
53165  31.428  -24.023  26.724 0.4444440007
50011  14.387  -26.196  33.732 0.2222220004
49014  13.810  -26.607  33.309 0.2222220004
50022  14.338  -26.066  32.813 0.3333329856
49030  13.739  -26.571  32.362 0.3333329856
50035  14.236  -25.964  31.865 0.3333329856
49031  13.203  -27.204  31.945 0.4444440007
51020  14.729  -25.323  31.439 0.3333329856
57456  31.698  -18.235  28.488 0.1111110002
128874  31.007  -18.592  28.284 0.2222220004
57466  30.308  -18.894  28.171 0.1111110002
57467  29.882  -19.049  27.581 0.2222220004
57465  31.754  -18.331  27.439 0.2222220004
125202  30.932  -18.704  27.195 0.2222220004
58523  32.254  -18.023  27.559 0.2222220004
57476  31.243  -18.905  26.234 0.2222220004
136186  30.584  -19.015  25.783 0.2222220004
58531  31.921  -18.578  26.623 0.2222220004
56366  28.875  -19.490  27.962 0.2222220004
56387  28.473  -19.442  26.990 0.3333329856
57479  28.944  -19.298  26.040 0.3333329856
57478  29.371  -19.159  26.866 0.3333329856
57477  30.328  -18.991  26.573 0.2222220004
125860  29.796  -19.155  25.878 0.2222220004
129849  32.478  -18.329  26.826 0.2222220004
125487  31.090  -10.013  14.344 0.8888890147
68180  32.610  -9.605  13.592 0.7777780294
62712  29.820  -14.703  26.737 0.3333329856
68165  31.691  -9.622  14.075 0.7777780294
63788  28.462  -14.029  26.210 0.3333329856
62725  28.020  -14.227  25.461 0.4444440007
70009  32.266  -7.742  15.362 0.7777780294
69074  31.538  -8.874  14.612 0.6666669846
68148  30.504  -9.207  15.494 0.6666669846
70978  33.361  -6.535  14.419 0.6666669846
70021  32.948  -7.203  13.981 0.6666669846
68166  31.012  -9.313  14.758 0.6666669846
71937  34.444  -5.422  13.220 0.7777780294
69088  32.856  -8.027  13.553 0.7777780294
69073  32.195  -8.711  13.977 0.7777780294
72905  35.116  -5.163  12.719 0.7777780294
63768  28.836  -13.748  26.956 0.3333329856
63769  28.163  -13.396  26.511 0.3333329856
64910  27.423  -12.770  25.362 0.4444440007
136800  34.515  -5.993  15.921 0.3333329856
70956  34.126  -6.715  16.676 0.4444440007
69996  33.322  -7.129  16.418 0.4444440007
69063  31.921  -8.043  15.988 0.7777780294
69056  30.740  -8.653  16.347 0.5555559993
72873  35.472  -4.628  15.276 0.4444440007
71910  34.485  -5.464  15.098 0.5555559993
70008  32.818  -7.144  15.194 0.5555559993
71926  34.827  -4.945  14.749 0.5555559993
70977  33.862  -5.987  13.749 0.6666669846
72904  35.348  -4.459  12.810 0.7777780294
72895  34.913  -4.803  13.209 0.7777780294
149010  36.449  -3.813  11.973 0.7777780294
141852  35.926  -4.087  12.397 0.7777780294
64898  27.682  -12.633  26.230 0.3333329856
66010  27.378  -11.873  25.515 0.4444440007
71884  36.647  -6.117  17.698 0.1111110002
144784  31.034  -8.312  17.095 0.4444440007
70954  35.774  -6.164  17.337 0.2222220004
70944  34.497  -6.887  17.614 0.3333329856
69995  33.724  -7.159  17.399 0.2222220004
134885  32.717  -7.493  17.786 0.3333329856
138428  31.589  -7.938  17.504 0.3333329856
68113  30.277  -8.684  17.187 0.5555559993
73814  39.770  -3.667  16.840 0.1111110002
73815  38.662  -3.744  16.481 0.1111110002
73816  37.867  -3.944  16.302 0.3333329856
72871  37.053  -4.156  16.042 0.5555559993
71897  35.433  -5.734  16.503 0.3333329856
70955  34.962  -6.379  16.978 0.3333329856
69054  32.211  -7.739  17.102 0.5555559993
69055  31.461  -8.202  16.608 0.5555559993
74769  38.931  -3.047  16.209 0.1111110002
73826  38.160  -3.227  15.937 0.2222220004
73828  36.521  -3.622  15.337 0.4444440007
71909  35.107  -5.306  15.624 0.4444440007
74784  39.233  -2.327  15.943 0.1111110002
74786  37.589  -2.661  15.317 0.3333329856
73835  36.091  -3.212  14.536 0.6666669846
72885  35.757  -3.914  14.890 0.6666669846
74805  36.339  -2.430  13.223 0.7777780294
73844  35.892  -3.032  13.578 0.7777780294
73836  35.468  -3.654  13.980 0.7777780294
73853  36.195  -3.227  12.545 0.7777780294
149090  28.235  -9.668  24.349 0.2222220004
67020  27.768  -10.330  24.397 0.2222220004
70943  35.949  -6.547  17.979 0.1111110002
128851  30.952  -8.184  17.820 0.3333329856
130034  35.272  -6.664  17.828 0.2222220004
69981  33.324  -7.345  17.975 0.2222220004
69046  32.219  -7.605  18.003 0.3333329856
67035  28.209  -9.633  23.750 0.2222220004
69979  34.791  -6.932  18.386 0.1111110002
69047  31.563  -7.750  18.300 0.2222220004
69037  30.850  -8.001  18.639 0.3333329856
69980  34.042  -7.164  18.184 0.2222220004
69045  32.845  -7.335  18.377 0.2222220004
69035  32.230  -7.328  18.756 0.2222220004
69963  34.290  -6.996  18.825 0.1111110002
126023  30.793  -7.844  19.302 0.3333329856
69023  33.041  -7.101  18.940 0.1111110002
69036  31.435  -7.573  19.016 0.2222220004
124030  30.965  -7.562  20.484 0.3333329856
69024  31.910  -7.246  19.438 0.2222220004
137596  31.200  -7.567  19.720 0.3333329856
149267  32.585  -7.063  19.280 0.2222220004
69025  31.716  -7.244  20.134 0.2222220004
52110  30.178  -24.583  26.381 0.4444440007
52112  29.020  -24.832  25.884 0.4444440007
138815  32.134  -23.593  26.751 0.4444440007
51031  15.119  -24.765  31.031 0.3333329856
63807  27.521  -13.595  24.988 0.5555559993
67036  27.742  -10.349  23.471 0.2222220004
135122  6.050  -34.258  39.246 0.6666669846
40698  0.686  -35.526  44.897 0.4444440007
45655  9.859  -30.427  35.919 0.4444440007
47932  12.178  -28.144  32.892 0.2222220004
56311  23.678  -19.807  30.383 0.1111110002
40697  1.069  -35.611  45.009 0.4444440007
42571  4.744  -33.927  41.798 0.3333329856
41664  5.371  -34.396  40.279 0.6666669846
42579  5.562  -33.632  40.617 0.6666669846
42557  4.256  -33.511  43.670 0.2222220004
44474  8.289  -31.216  37.658 0.4444440007
63789  27.781  -13.491  25.865 0.4444440007
69997  32.585  -7.565  16.243 0.5555559993
131023  31.837  -8.253  14.931 0.7777780294
69064  31.221  -8.607  15.496 0.5555559993
70963  33.932  -5.922  14.838 0.5555559993
70022  32.388  -7.799  14.471 0.6666669846
72887  34.739  -4.822  13.844 0.7777780294
71015  35.322  -6.244  12.414 0.7777780294
65992  27.635  -11.681  26.250 0.3333329856
70964  33.650  -6.558  15.587 0.4444440007
69982  32.979  -7.429  17.213 0.5555559993
72886  35.177  -4.333  14.379 0.6666669846
71927  34.303  -5.381  14.209 0.5555559993
136945  35.771  -4.860  12.352 0.7777780294
73845  35.543  -3.717  13.081 0.7777780294
72894  35.156  -4.272  13.531 0.7777780294
73865  36.826  -3.216  11.873 0.7777780294
132243  39.290  -3.537  16.589 0.1111110002
72855  37.555  -4.694  16.674 0.5555559993
72872  36.240  -4.378  15.685 0.5555559993
72856  36.721  -4.898  16.422 0.5555559993
71896  36.298  -5.586  16.860 0.3333329856
126004  35.887  -5.082  16.097 0.3333329856
73827  37.332  -3.404  15.658 0.4444440007
73834  36.797  -2.882  14.978 0.5555559993
74796  36.404  -2.524  14.141 0.5555559993
74814  36.695  -2.472  12.362 0.7777780294
69964  33.551  -7.159  18.589 0.2222220004
37238  1.768  -39.997  41.717 0.1111110002
37213  2.062  -39.822  45.576 0.3333329856
38999  0.413  -37.241  41.972 0.1111110002
40717  -0.061  -36.153  43.721 0.2222220004
39850  0.007  -36.740  42.952 0.1111110002
40709  0.093  -35.992  44.422 0.2222220004
39831  0.315  -36.189  44.622 0.3333329856
38984  12.242  -37.307  43.113 0.1111110002
39847  12.892  -36.850  43.059 0.1111110002
40711  15.370  -35.339  42.426 0.1111110002
40704  14.882  -35.438  43.069 0.1111110002
40713  14.220  -35.900  42.977 0.1111110002
39846  13.562  -36.400  43.012 0.1111110002
39845  13.959  -36.386  42.186 0.1111110002
39853  14.252  -36.258  41.338 0.1111110002
39854  13.514  -36.723  41.449 0.1111110002
131113  13.231  -36.842  42.263 0.1111110002
39855  12.778  -37.139  41.554 0.1111110002
43427  6.223  -32.079  42.161 0.4444440007
39861  13.761  -36.575  40.611 0.1111110002
40712  14.766  -35.860  42.102 0.1111110002
133610  15.506  -35.446  41.525 0.1111110002
44401  7.185  -30.727  42.106 0.2222220004
44390  7.198  -30.635  43.066 0.2222220004
44415  6.774  -31.557  41.607 0.3333329856
39860  14.561  -36.053  40.471 0.1111110002
39868  13.949  -36.441  39.746 0.1111110002
42563  16.847  -33.934  42.639 0.1111110002
41651  15.958  -34.888  42.223 0.1111110002
41650  16.644  -34.379  42.020 0.1111110002
42569  16.822  -34.174  41.154 0.1111110002
41656  16.229  -34.852  41.325 0.1111110002
132498  15.211  -35.667  40.789 0.1111110002
144655  7.313  -30.855  41.333 0.1111110002
42577  16.864  -33.904  40.263 0.1111110002
41662  16.342  -34.627  40.449 0.1111110002
41671  15.780  -35.035  39.708 0.1111110002
40730  15.182  -35.508  39.343 0.1111110002
40737  15.460  -35.149  38.815 0.1111110002
125011  14.761  -35.724  38.608 0.1111110002
40745  13.797  -36.049  37.425 0.1111110002
139548  17.937  -32.630  39.771 0.1111110002
43440  17.947  -32.822  40.634 0.1111110002
43473  17.508  -32.883  38.461 0.1111110002
42576  17.432  -33.265  40.030 0.1111110002
41670  16.404  -34.356  39.604 0.1111110002
131337  17.229  -33.022  37.822 0.1111110002
42585  16.894  -33.659  39.396 0.1111110002
141452  15.982  -34.663  39.022 0.1111110002
129293  16.798  -33.486  37.718 0.1111110002
42593  16.379  -33.949  37.942 0.1111110002
41683  15.348  -34.925  37.406 0.1111110002
40756  14.183  -35.651  36.786 0.1111110002
42611  16.600  -33.452  36.479 0.1111110002
41689  15.327  -34.689  36.535 0.1111110002
40765  14.588  -35.178  36.241 0.1111110002
42622  16.131  -33.624  35.615 0.1111110002
41698  14.941  -34.677  35.666 0.2222220004
129783  14.290  -35.004  35.644 0.2222220004
42623  15.311  -34.079  35.024 0.1111110002
44442  18.388  -32.122  39.556 0.1111110002
48995  21.721  -27.553  33.324 0.2222220004
130025  18.616  -31.833  38.966 0.1111110002
139300  18.437  -31.890  37.660 0.1111110002
44456  17.880  -32.481  37.912 0.1111110002
49041  28.177  -27.510  30.638 0.2222220004
44485  18.123  -32.010  36.423 0.1111110002
43493  17.472  -32.763  37.143 0.1111110002
49042  27.333  -27.529  30.509 0.3333329856
136283  17.989  -32.027  35.733 0.1111110002
50049  25.721  -27.186  29.903 0.4444440007
43548  16.137  -33.286  34.048 0.2222220004
43547  16.618  -33.039  34.875 0.2222220004
145497  16.381  -32.843  33.265 0.3333329856
42631  15.927  -33.565  34.738 0.1111110002
43560  15.583  -33.318  33.388 0.4444440007
48971  22.164  -27.896  35.228 0.2222220004
134423  20.968  -28.909  36.288 0.1111110002
46755  20.513  -29.551  37.565 0.1111110002
48983  21.523  -28.117  33.867 0.2222220004
47881  21.392  -28.518  35.702 0.2222220004
47868  20.943  -28.943  37.112 0.1111110002
48996  21.421  -27.828  32.890 0.2222220004
134134  20.936  -28.738  34.188 0.2222220004
46788  20.702  -29.253  35.668 0.1111110002
46772  19.992  -29.958  36.055 0.1111110002
140163  19.382  -30.787  37.051 0.1111110002
140091  19.181  -31.063  38.205 0.1111110002
49006  29.707  -28.163  32.112 0.1111110002
49022  29.350  -27.732  31.470 0.2222220004
47912  20.871  -28.562  33.400 0.2222220004
46818  20.390  -29.212  33.796 0.2222220004
46789  20.019  -29.875  35.114 0.1111110002
45652  19.526  -30.516  35.468 0.1111110002
45634  18.962  -31.254  37.491 0.1111110002
134391  20.355  -28.545  31.922 0.2222220004
47913  20.323  -29.043  33.065 0.2222220004
46806  19.926  -29.803  34.208 0.1111110002
45662  19.490  -30.413  34.582 0.1111110002
44493  18.487  -31.555  35.314 0.1111110002
50047  27.892  -27.235  29.904 0.3333329856
141719  16.716  -32.849  34.033 0.2222220004
44494  17.856  -31.989  34.882 0.1111110002
137710  26.337  -27.083  29.533 0.4444440007
43559  17.122  -32.425  33.603 0.2222220004
50085  25.014  -26.784  28.331 0.4444440007
43575  15.721  -32.866  32.648 0.5555559993
49004  31.373  -27.775  32.432 0.1111110002
49003  32.186  -27.572  32.634 0.1111110002
49005  30.543  -27.960  32.272 0.1111110002
50030  29.853  -27.178  30.975 0.1111110002
49040  29.011  -27.336  30.814 0.2222220004
47929  20.648  -28.493  32.592 0.2222220004
47930  19.929  -29.176  32.324 0.2222220004
46819  19.791  -29.732  33.242 0.1111110002
45673  18.886  -30.872  33.933 0.1111110002
44504  18.376  -31.480  34.433 0.2222220004
44505  17.738  -31.958  34.008 0.2222220004
50046  28.708  -27.082  30.088 0.3333329856
46829  19.313  -30.026  32.367 0.3333329856
45681  18.621  -30.771  32.291 0.3333329856
45682  17.912  -31.294  31.839 0.4444440007
44520  17.601  -31.911  33.152 0.2222220004
130042  27.168  -26.688  28.439 0.4444440007
45692  18.291  -30.719  31.265 0.4444440007
44538  16.738  -32.174  31.974 0.6666669846
145506  25.747  -26.814  28.367 0.4444440007
51069  25.774  -26.123  27.220 0.4444440007
130867  15.164  -32.741  32.205 0.5555559993
50029  30.693  -27.016  31.143 0.1111110002
50028  31.525  -26.848  31.324 0.1111110002
50045  29.536  -26.895  30.272 0.2222220004
143241  17.909  -30.830  30.761 0.4444440007
50062  30.056  -26.453  29.736 0.2222220004
50064  28.417  -26.862  29.342 0.4444440007
51055  27.771  -26.292  27.840 0.4444440007
51068  26.594  -26.028  27.261 0.4444440007
51084  26.291  -25.771  26.674 0.4444440007
51085  25.470  -25.745  26.478 0.4444440007
50006  32.976  -27.331  32.874 0.1111110002
50018  31.860  -27.206  31.976 0.1111110002
50044  30.372  -26.717  30.450 0.1111110002
51054  28.614  -26.161  28.032 0.4444440007
149064  26.802  -25.790  26.849 0.4444440007
51067  28.277  -25.811  27.256 0.4444440007
129273  27.347  -25.869  27.107 0.4444440007
50004  34.538  -26.588  33.329 0.1111110002
50026  33.113  -26.418  31.798 0.1111110002
51018  31.996  -26.286  30.882 0.1111110002
51030  30.860  -26.186  29.961 0.1111110002
51042  29.747  -26.216  28.993 0.1111110002
133172  27.930  -25.493  26.459 0.4444440007
51083  27.002  -25.543  26.300 0.5555559993
50995  35.817  -25.870  34.254 0.1111110002
49991  35.382  -26.484  34.622 0.1111110002
51011  14.786  -25.428  32.343 0.2222220004
50003  35.232  -26.271  33.834 0.1111110002
51002  35.109  -26.012  33.188 0.1111110002
51009  33.871  -26.191  32.088 0.1111110002
51016  33.574  -25.834  31.384 0.1111110002
51028  32.469  -25.715  30.422 0.1111110002
51040  31.377  -25.679  29.439 0.1111110002
54195  16.059  -22.323  29.481 0.1111110002
54183  15.653  -22.608  30.357 0.1111110002
51052  30.287  -25.713  28.447 0.1111110002
51066  29.138  -25.635  27.472 0.3333329856
51065  29.981  -25.408  27.706 0.2222220004
51081  28.836  -25.260  26.625 0.4444440007
51082  28.384  -25.085  25.980 0.4444440007
53076  37.730  -23.666  34.168 0.1111110002
51999  37.194  -24.195  33.823 0.1111110002
51990  36.794  -24.796  34.277 0.1111110002
50989  36.331  -25.503  35.582 0.1111110002
51010  15.262  -24.977  32.801 0.2222220004
51004  14.816  -25.596  33.258 0.2222220004
54151  37.978  -23.016  33.615 0.1111110002
53087  37.473  -23.580  33.339 0.1111110002
52000  36.604  -24.643  33.482 0.1111110002
52014  15.319  -24.513  32.232 0.2222220004
54159  37.658  -22.934  32.688 0.1111110002
53098  37.191  -23.545  32.706 0.1111110002
53088  36.912  -24.033  33.085 0.1111110002
52001  35.992  -25.049  33.137 0.1111110002
51007  35.400  -25.496  32.781 0.1111110002
51008  34.656  -25.978  32.527 0.1111110002
53112  15.359  -23.734  31.582 0.1111110002
52027  15.294  -24.432  31.615 0.2222220004
51019  15.178  -24.897  31.915 0.2222220004
55197  37.799  -21.878  31.388 0.1111110002
54171  36.825  -22.937  31.266 0.1111110002
53110  36.482  -23.600  31.609 0.1111110002
53100  36.089  -24.205  32.001 0.1111110002
52013  35.065  -25.238  32.046 0.1111110002
51015  34.335  -25.573  31.704 0.1111110002
53123  15.413  -23.441  30.708 0.1111110002
127645  15.336  -24.159  30.956 0.1111110002
55212  37.515  -21.589  30.557 0.1111110002
54179  37.180  -22.263  30.904 0.1111110002
53111  35.811  -23.933  31.224 0.1111110002
52041  35.131  -24.271  30.862 0.1111110002
52025  34.729  -24.891  31.295 0.1111110002
51027  33.246  -25.463  30.679 0.1111110002
54196  15.603  -23.199  29.900 0.1111110002
126548  15.402  -23.901  30.250 0.1111110002
51043  15.056  -24.779  30.138 0.2222220004
56342  37.425  -20.071  28.883 0.1111110002
55229  37.231  -21.329  29.877 0.1111110002
55213  36.876  -21.920  30.096 0.1111110002
54192  36.187  -22.283  29.600 0.1111110002
52042  34.430  -24.586  30.529 0.1111110002
52043  33.686  -24.848  30.239 0.1111110002
51039  32.154  -25.385  29.695 0.1111110002
52059  31.846  -25.081  28.961 0.1111110002
56320  37.322  -20.726  29.405 0.1111110002
56343  36.837  -20.638  28.642 0.1111110002
56321  36.631  -21.433  29.230 0.1111110002
55230  35.790  -21.910  28.759 0.1111110002
52074  32.326  -24.554  28.455 0.1111110002
51051  31.089  -25.425  28.682 0.1111110002
57455  37.005  -19.997  28.178 0.1111110002
56364  36.419  -20.493  27.788 0.1111110002
55246  36.151  -21.185  28.273 0.1111110002
55264  35.403  -21.654  27.834 0.1111110002
52095  29.658  -25.053  26.986 0.2222220004
54181  35.817  -22.983  30.028 0.1111110002
53120  36.168  -23.288  30.825 0.1111110002
53121  35.499  -23.648  30.445 0.1111110002
54193  35.365  -22.720  29.175 0.1111110002
53122  34.803  -23.962  30.129 0.1111110002
52056  34.113  -24.267  29.805 0.1111110002
54204  35.101  -22.339  28.372 0.2222220004
54206  34.164  -23.112  28.257 0.1111110002
53141  33.556  -23.607  28.243 0.1111110002
52073  33.087  -24.261  28.723 0.1111110002
57464  36.689  -19.862  27.401 0.1111110002
148093  34.836  -22.121  27.751 0.1111110002
128094  34.487  -22.630  28.011 0.2222220004
53152  32.958  -23.414  27.336 0.1111110002
53164  32.799  -22.984  26.433 0.3333329856
64925  34.756  -12.348  23.959 0.1111110002
66058  35.796  -11.986  23.196 0.1111110002
141005  36.728  -12.583  22.642 0.1111110002
66136  35.916  -11.877  15.129 0.6666669846
65069  35.120  -12.034  14.894 0.7777780294
67167  36.030  -10.760  14.050 0.6666669846
66172  34.434  -10.975  13.773 0.7777780294
67189  36.490  -10.172  13.613 0.6666669846
133680  34.873  -10.322  13.443 0.6666669846
66173  33.622  -11.001  13.747 0.6666669846
66174  32.319  -10.380  13.755 0.6666669846
68177  36.122  -9.671  13.122 0.6666669846
135674  35.297  -9.676  13.112 0.6666669846
68178  34.473  -9.671  13.167 0.6666669846
68179  33.584  -9.657  13.315 0.6666669846
69086  34.036  -8.953  12.985 0.6666669846
127731  33.078  -8.871  13.309 0.6666669846
69107  36.206  -8.420  12.568 0.6666669846
69109  34.527  -8.268  12.728 0.6666669846
69087  33.687  -8.195  12.987 0.6666669846
68197  34.898  -9.002  12.845 0.6666669846
69080  42.153  -8.206  13.721 0.5555559993
69082  40.454  -8.719  13.523 0.5555559993
69084  38.696  -8.944  12.953 0.6666669846
70997  34.066  -6.192  12.983 0.6666669846
70037  42.387  -7.581  13.255 0.5555559993
126142  41.551  -7.782  13.116 0.5555559993
69105  39.351  -8.330  12.783 0.6666669846
69106  38.427  -8.143  12.545 0.6666669846
134050  36.892  -8.544  12.581 0.6666669846
70063  35.874  -7.661  12.405 0.6666669846
70065  34.219  -7.523  12.763 0.6666669846
70039  33.480  -7.426  13.185 0.5555559993
70060  39.195  -7.537  12.425 0.5555559993
147170  38.453  -7.333  12.271 0.6666669846
71013  37.176  -6.933  12.140 0.6666669846
70062  36.827  -7.783  12.365 0.6666669846
70996  42.625  -6.902  12.960 0.5555559993
70057  41.801  -6.988  12.761 0.5555559993
70058  40.828  -7.190  12.600 0.5555559993
71010  39.881  -6.955  12.325 0.5555559993
137106  35.535  -6.879  12.349 0.6666669846
71016  34.673  -6.732  12.592 0.6666669846
70059  40.016  -7.756  12.690 0.5555559993
71011  38.915  -6.628  12.097 0.6666669846
71012  37.976  -6.772  12.071 0.6666669846
127087  36.365  -6.958  12.206 0.6666669846
71947  35.562  -5.603  12.377 0.6666669846
71014  36.082  -6.149  12.174 0.6666669846
71023  37.394  -6.200  11.905 0.6666669846
71024  36.759  -6.379  12.051 0.6666669846
71895  37.178  -5.435  17.101 0.1111110002
71936  43.814  -6.037  12.962 0.4444440007
71942  42.459  -5.519  12.298 0.4444440007
71007  42.921  -6.161  12.726 0.5555559993
71008  42.146  -6.259  12.488 0.5555559993
71009  41.265  -6.250  12.255 0.5555559993
140839  40.460  -6.452  12.224 0.6666669846
71946  36.267  -5.296  12.054 0.6666669846
71945  39.750  -6.121  12.045 0.6666669846
71955  37.525  -5.440  11.671 0.6666669846
72915  36.929  -4.933  11.699 0.6666669846
71022  38.172  -5.991  11.807 0.6666669846
71956  36.809  -5.720  11.889 0.6666669846
142446  43.841  -5.172  12.678 0.3333329856
71941  43.208  -5.378  12.509 0.4444440007
126596  41.805  -5.663  12.157 0.5555559993
72903  36.394  -4.505  11.950 0.6666669846
71943  41.191  -5.323  11.947 0.5555559993
71952  40.448  -4.807  11.627 0.6666669846
143304  38.990  -5.026  11.505 0.6666669846
71954  38.296  -5.191  11.543 0.6666669846
72914  37.675  -4.629  11.519 0.6666669846
72893  45.056  -4.554  12.950 0.3333329856
72900  44.288  -4.520  12.565 0.3333329856
72901  43.540  -4.594  12.283 0.3333329856
127890  37.057  -4.036  11.634 0.6666669846
73850  44.882  -3.740  12.411 0.3333329856
73851  43.997  -3.896  12.042 0.3333329856
72902  42.781  -4.724  12.074 0.4444440007
72911  40.894  -4.121  11.361 0.6666669846
135996  37.820  -3.900  11.470 0.6666669846
139008  40.108  -3.997  11.241 0.6666669846
72912  39.511  -4.536  11.405 0.6666669846
72913  38.545  -4.322  11.383 0.6666669846
143864  36.695  -1.894  12.960 0.6666669846
76704  37.727  -1.043  11.910 0.5555559993
74813  37.147  -1.675  12.286 0.6666669846
74838  39.873  -1.969  10.707 0.6666669846
74826  38.414  -2.294  11.273 0.6666669846
75761  37.739  -1.923  11.610 0.5555559993
74812  45.164  -3.060  11.968 0.2222220004
73858  44.419  -3.263  11.768 0.4444440007
74821  43.204  -2.821  10.947 0.5555559993
74823  41.220  -2.920  10.861 0.6666669846
144773  39.903  -3.317  11.066 0.6666669846
73864  37.516  -3.263  11.570 0.6666669846
73852  43.173  -3.984  11.832 0.3333329856
145527  41.264  -3.651  11.163 0.6666669846
73861  40.614  -3.456  11.072 0.6666669846
73862  39.265  -3.698  11.196 0.6666669846
147254  37.846  -2.652  11.498 0.6666669846
73863  38.374  -3.267  11.338 0.6666669846
76703  37.954  -0.240  12.324 0.5555559993
75751  47.422  -1.817  12.651 0.2222220004
75743  47.144  -2.281  12.946 0.2222220004
74810  46.505  -2.548  12.501 0.2222220004
76728  38.890  -0.841  11.004 0.5555559993
75750  48.034  -1.448  13.077 0.1111110002
75753  46.050  -2.350  11.880 0.2222220004
74820  44.741  -2.798  11.499 0.4444440007
74836  41.519  -2.161  10.493 0.6666669846
75774  40.407  -1.392  10.308 0.6666669846
75775  39.598  -1.124  10.584 0.6666669846
75758  46.361  -1.891  11.448 0.2222220004
75759  45.572  -2.081  11.155 0.3333329856
141116  44.664  -2.269  10.960 0.4444440007
74834  43.691  -2.194  10.671 0.5555559993
75773  41.708  -1.522  10.133 0.5555559993
77609  38.439  0.291  11.881 0.5555559993
76701  49.356  -0.734  12.832 0.1111110002
76692  48.676  -1.092  13.460 0.1111110002
76712  38.834  0.052  11.210 0.5555559993
76719  50.134  -0.216  11.197 0.1111110002
76711  48.524  -0.908  11.464 0.1111110002
142716  47.133  -1.654  11.779 0.1111110002
76725  41.061  -0.901  9.849 0.5555559993
76726  40.164  -0.535  10.154 0.5555559993
77625  50.696  0.227  10.472 0.2222220004
75768  46.851  -1.392  10.836 0.2222220004
75770  45.073  -1.559  10.432 0.4444440007
128955  44.169  -1.595  10.287 0.5555559993
75783  42.901  -0.936  9.791 0.5555559993
77634  51.229  0.643  9.885 0.2222220004
77635  50.440  0.454  9.680 0.2222220004
76733  48.976  -0.184  9.969 0.1111110002
76734  48.118  -0.406  9.709 0.2222220004
76723  46.545  -0.959  10.014 0.2222220004
76724  45.579  -0.945  9.888 0.4444440007
75782  43.762  -0.970  9.796 0.5555559993
75784  42.022  -0.895  9.774 0.5555559993
76740  41.578  -0.131  9.563 0.5555559993
76738  43.346  -0.296  9.465 0.5555559993
77616  39.040  0.731  11.519 0.4444440007
77628  39.294  0.485  10.906 0.5555559993
76741  40.716  0.082  9.748 0.5555559993
78569  51.752  1.062  9.320 0.1111110002
77636  49.569  0.359  9.386 0.2222220004
76736  46.187  -0.302  9.316 0.3333329856
128856  45.153  -0.346  9.358 0.5555559993
76737  44.231  -0.318  9.386 0.5555559993
76739  42.480  -0.247  9.502 0.5555559993
77644  41.241  0.647  9.594 0.4444440007
79568  53.656  1.971  8.548 0.1111110002
78576  52.362  1.397  8.733 0.1111110002
77649  50.976  0.870  9.179 0.1111110002
77652  49.041  0.612  8.762 0.2222220004
77653  47.692  0.565  8.528 0.3333329856
77641  44.736  0.321  8.954 0.5555559993
129337  42.900  0.304  9.292 0.5555559993
77643  42.076  0.693  9.374 0.4444440007
78593  52.206  1.671  7.960 0.1111110002
130211  50.719  1.082  8.644 0.2222220004
78580  48.487  0.995  8.134 0.2222220004
77654  46.868  0.729  8.404 0.3333329856
140586  46.133  0.929  8.401 0.4444440007
79577  53.767  2.258  7.779 0.1111110002
79542  40.545  2.138  10.854 0.3333329856
78549  39.961  1.779  11.372 0.3333329856
78550  39.514  1.138  11.022 0.3333329856
78560  40.717  1.803  10.234 0.4444440007
79561  41.766  2.432  9.741 0.4444440007
78572  41.338  1.629  9.699 0.4444440007
77627  39.919  0.494  10.313 0.4444440007
78571  42.288  1.834  9.280 0.5555559993
141495  45.311  1.024  8.508 0.5555559993
77656  43.902  1.485  8.756 0.5555559993
140490  42.814  0.980  9.125 0.5555559993
80587  54.905  3.234  7.129 0.1111110002
79591  54.185  2.749  7.191 0.1111110002
128809  52.822  2.144  7.466 0.1111110002
78594  51.391  1.743  7.685 0.2222220004
78579  49.419  1.061  8.219 0.2222220004
78582  46.655  1.324  8.010 0.5555559993
79576  54.717  2.828  7.865 0.1111110002
79541  41.100  2.655  11.204 0.3333329856
79536  40.575  2.298  11.794 0.3333329856
127691  41.600  2.895  10.776 0.3333329856
79560  42.366  2.784  9.471 0.4444440007
79570  44.348  2.946  8.431 0.4444440007
78585  43.608  2.445  8.732 0.5555559993
128731  42.833  2.411  9.041 0.5555559993
78583  45.355  1.899  8.170 0.5555559993
78584  44.565  1.880  8.445 0.5555559993
78570  43.154  1.643  8.918 0.5555559993
79592  53.392  2.643  6.916 0.1111110002
79578  51.976  2.151  7.269 0.2222220004
78595  49.933  1.542  7.633 0.2222220004
78596  49.112  1.522  7.539 0.2222220004
78581  47.472  1.240  7.881 0.4444440007
78599  46.550  1.938  7.660 0.5555559993
142449  55.363  4.083  5.946 0.1111110002
80598  54.080  3.204  6.430 0.1111110002
79594  51.605  2.601  6.578 0.2222220004
79595  50.607  2.539  6.541 0.2222220004
79580  49.886  2.079  6.959 0.3333329856
78597  48.254  1.680  7.351 0.4444440007
140820  47.004  1.620  7.662 0.5555559993
81676  55.644  4.917  4.867 0.2222220004
80609  55.031  4.305  5.301 0.2222220004
80611  53.529  3.632  5.635 0.2222220004
80599  53.020  3.128  6.200 0.2222220004
80600  52.097  3.113  6.051 0.2222220004
82754  54.220  5.037  3.967 0.4444440007
81678  53.614  4.585  4.424 0.3333329856
81661  54.015  4.133  5.087 0.3333329856
81662  53.095  4.102  4.945 0.4444440007
79569  45.096  2.643  8.091 0.4444440007
79584  46.565  2.781  7.261 0.4444440007
78600  45.873  2.434  7.776 0.4444440007
79582  48.087  2.408  6.790 0.4444440007
79583  47.340  2.934  6.803 0.4444440007
80612  52.598  3.602  5.491 0.3333329856
80601  51.153  3.154  5.934 0.3333329856
79597  48.650  2.892  6.354 0.3333329856
81679  52.705  4.695  4.336 0.4444440007
80613  51.688  3.647  5.378 0.3333329856
80602  50.096  3.350  5.779 0.4444440007
80603  49.111  3.458  5.902 0.4444440007
82755  53.290  5.165  3.888 0.4444440007
81656  47.808  4.675  6.575 0.4444440007
144286  46.845  3.604  6.945 0.4444440007
80616  48.828  4.169  5.769 0.4444440007
80604  48.236  3.850  6.110 0.4444440007
79598  47.936  3.154  6.476 0.4444440007
81663  52.190  4.146  4.830 0.4444440007
139371  51.315  4.287  4.829 0.4444440007
80614  50.790  3.793  5.306 0.4444440007
144442  50.090  4.061  5.297 0.4444440007
82756  52.403  5.520  3.953 0.4444440007
81680  51.836  4.855  4.385 0.4444440007
83779  52.172  7.134  4.211 0.4444440007
137392  52.012  6.241  4.030 0.4444440007
139816  48.536  5.691  10.050 0.1111110002
82714  48.679  5.845  8.517 0.2222220004
82715  47.689  5.453  8.054 0.3333329856
82724  48.418  5.658  7.512 0.2222220004
82725  47.769  5.229  7.134 0.4444440007
82736  48.336  5.337  6.690 0.4444440007
80588  47.002  4.665  7.255 0.4444440007
81666  49.097  4.815  5.673 0.4444440007
81655  48.457  4.777  6.081 0.4444440007
81681  51.017  5.144  4.604 0.4444440007
81664  50.487  4.555  4.960 0.4444440007
81665  49.760  4.772  5.292 0.4444440007
84787  51.876  7.776  5.043 0.3333329856
83780  51.607  6.658  4.523 0.4444440007
82757  51.603  5.722  4.297 0.4444440007
82707  49.338  6.064  10.352 0.1111110002
82708  49.158  6.023  9.438 0.1111110002
83745  50.194  6.509  8.220 0.1111110002
128262  49.335  6.133  8.050 0.2222220004
83753  49.911  6.344  7.351 0.2222220004
82723  49.018  5.887  6.984 0.3333329856
83752  50.497  6.705  6.681 0.2222220004
82734  49.620  6.017  6.412 0.2222220004
83762  50.660  6.579  5.667 0.2222220004
82733  50.035  6.162  5.851 0.3333329856
82742  49.559  5.503  5.703 0.4444440007
84770  52.320  8.946  5.741 0.3333329856
84771  51.754  8.117  6.066 0.1111110002
83761  51.317  7.144  5.403 0.2222220004
82758  50.983  6.143  4.798 0.4444440007
82741  50.258  5.587  5.133 0.4444440007
83729  50.216  6.372  10.689 0.1111110002
83732  50.054  6.386  9.884 0.1111110002
83738  49.953  6.394  8.991 0.1111110002
146076  49.282  6.109  8.775 0.1111110002
83743  51.228  7.531  7.361 0.2222220004
83751  51.228  7.382  6.393 0.2222220004
83715  51.063  6.751  11.041 0.1111110002
83728  50.972  6.790  10.206 0.1111110002
83731  51.251  7.187  9.534 0.1111110002
140767  50.653  6.699  9.500 0.1111110002
84734  51.704  7.802  9.515 0.1111110002
83730  51.441  7.507  9.017 0.1111110002
83737  50.861  6.914  8.799 0.1111110002
85739  51.604  8.267  9.038 0.1111110002
142464  51.668  7.951  8.743 0.1111110002
145194  51.526  8.347  8.348 0.1111110002
83736  51.327  7.532  8.313 0.1111110002
83744  50.720  6.921  7.824 0.2222220004
85748  51.469  8.865  7.607 0.1111110002
84750  51.506  8.262  7.801 0.2222220004
84761  51.639  8.260  6.898 0.2222220004
81653  56.691  5.656  7.510 0.1111110002
81659  56.749  5.692  6.512 0.1111110002
81677  54.575  4.603  4.600 0.3333329856
81660  55.984  4.739  5.708 0.1111110002
39862  12.987  -36.971  40.756 0.1111110002
130316  13.297  -36.630  39.115 0.1111110002
39878  14.050  -36.249  38.873 0.1111110002
40738  14.136  -36.086  38.117 0.1111110002
41707  14.342  -34.548  34.927 0.2222220004
44554  17.238  -31.678  31.488 0.5555559993
134433  17.663  -31.177  31.047 0.5555559993
44555  16.467  -31.901  31.169 0.6666669846
46838  18.889  -30.255  31.673 0.4444440007
47943  19.890  -28.936  31.453 0.2222220004
51103  27.654  -25.091  25.663 0.4444440007
52130  26.350  -24.937  25.165 0.5555559993
54216  34.336  -22.298  27.359 0.2222220004
126277  33.351  -22.815  26.931 0.2222220004
125753  33.840  -22.446  26.949 0.2222220004
64983  36.981  -12.896  21.594 0.1111110002
139142  36.238  -12.692  21.874 0.1111110002
142237  32.911  -10.923  13.753 0.6666669846
67168  31.593  -10.577  14.044 0.6666669846
42642  15.425  -33.715  34.154 0.2222220004
66147  34.783  -11.535  14.280 0.7777780294
43428  5.759  -32.770  41.805 0.4444440007
136051  6.279  -32.306  41.479 0.4444440007
52058  32.628  -24.816  29.207 0.1111110002
53154  31.813  -24.010  27.230 0.2222220004
67192  33.202  -10.349  13.560 0.6666669846
70998  33.542  -6.668  13.512 0.5555559993
71948  34.816  -5.877  12.648 0.6666669846
74804  36.727  -1.905  13.729 0.6666669846
53153  32.320  -23.847  27.420 0.1111110002
74827  37.261  -2.525  11.798 0.6666669846
40720  14.876  -35.871  41.240 0.1111110002
43414  6.092  -31.902  43.002 0.2222220004
44402  6.665  -31.313  42.570 0.2222220004
44429  7.048  -31.416  40.944 0.2222220004
40731  14.623  -35.936  39.518 0.1111110002
41663  15.759  -35.251  40.644 0.1111110002
40744  15.187  -35.274  38.014 0.1111110002
128790  14.571  -35.663  37.618 0.1111110002
129073  17.992  -32.404  38.893 0.1111110002
42584  17.427  -33.020  39.180 0.1111110002
41677  16.428  -34.137  38.771 0.1111110002
43474  16.926  -33.422  38.481 0.1111110002
132667  15.795  -34.613  38.186 0.1111110002
42603  16.455  -33.760  37.176 0.1111110002
42594  15.873  -34.311  37.292 0.1111110002
40755  14.858  -35.282  36.991 0.1111110002
42612  15.969  -33.984  36.494 0.1111110002
41697  15.555  -34.229  35.847 0.1111110002
48982  22.218  -27.722  34.256 0.2222220004
44472  17.993  -32.210  37.059 0.1111110002
44471  18.533  -31.714  36.891 0.1111110002
44455  18.805  -31.575  38.263 0.1111110002
44484  18.564  -31.634  36.122 0.1111110002
133510  17.587  -32.530  36.307 0.1111110002
43512  17.059  -32.956  36.601 0.1111110002
50048  27.077  -27.192  29.779 0.4444440007
43546  17.246  -32.481  34.449 0.1111110002
43529  17.374  -32.525  35.349 0.1111110002
42621  16.868  -32.989  35.878 0.1111110002
43574  16.333  -32.565  32.467 0.5555559993
148777  21.318  -28.480  34.410 0.2222220004
48958  22.003  -27.802  36.124 0.2222220004
46771  20.546  -29.509  36.631 0.1111110002
47897  21.049  -28.747  34.920 0.2222220004
46756  19.897  -30.154  37.068 0.1111110002
46805  20.530  -29.321  34.656 0.1111110002
45643  18.981  -31.180  36.613 0.1111110002
45642  19.500  -30.642  36.335 0.1111110002
136593  19.458  -30.290  33.810 0.2222220004
45663  18.940  -30.960  34.928 0.1111110002
45653  19.012  -31.097  35.795 0.1111110002
50065  27.603  -26.921  29.210 0.4444440007
50084  26.347  -26.864  28.762 0.4444440007
43573  16.952  -32.325  32.780 0.3333329856
45672  19.132  -30.482  33.120 0.3333329856
126329  18.599  -31.013  33.119 0.3333329856
44536  18.074  -31.391  32.705 0.4444440007
44537  17.437  -31.820  32.314 0.5555559993
50100  27.039  -26.306  27.698 0.4444440007
50043  31.195  -26.518  30.643 0.1111110002
50063  29.237  -26.697  29.521 0.3333329856
50082  28.931  -26.473  28.771 0.1111110002
50017  32.647  -26.973  32.219 0.1111110002
51017  32.770  -26.029  31.145 0.1111110002
51029  31.670  -25.948  30.182 0.1111110002
50994  36.374  -25.426  34.689 0.1111110002
51000  36.240  -25.266  33.876 0.1111110002
53099  36.699  -23.856  32.368 0.1111110002
52011  36.348  -24.441  32.746 0.1111110002
54160  37.096  -23.276  32.051 0.1111110002
54170  37.466  -22.593  31.749 0.1111110002
52012  35.728  -24.834  32.394 0.1111110002
148298  15.340  -24.187  31.967 0.1111110002
54180  36.526  -22.621  30.434 0.1111110002
52024  35.450  -24.583  31.622 0.1111110002
52026  33.998  -25.187  30.975 0.1111110002
52044  32.912  -25.087  29.978 0.1111110002
52057  33.391  -24.555  29.480 0.1111110002
53130  35.151  -23.385  29.710 0.1111110002
54205  34.697  -22.911  28.633 0.1111110002
53131  34.512  -23.714  29.420 0.1111110002
53132  33.808  -23.946  29.089 0.1111110002
54217  33.798  -22.907  27.602 0.1111110002
66146  35.576  -11.389  14.480 0.7777780294
66171  35.237  -10.896  13.873 0.6666669846
67190  35.672  -10.259  13.505 0.6666669846
67191  34.061  -10.354  13.461 0.6666669846
68196  35.737  -9.046  12.807 0.6666669846
68176  36.972  -9.645  13.123 0.6666669846
69108  35.366  -8.336  12.608 0.6666669846
69081  41.316  -8.466  13.623 0.5555559993
69104  40.041  -8.405  13.036 0.6666669846
70038  40.720  -8.089  13.047 0.5555559993
69083  39.585  -8.984  13.359 0.6666669846
71017  33.964  -6.909  12.905 0.5555559993
136568  37.534  -8.324  12.538 0.6666669846
70061  37.735  -7.556  12.306 0.6666669846
70064  35.007  -7.568  12.517 0.6666669846
71944  40.481  -5.715  11.981 0.6666669846
71953  39.702  -5.317  11.731 0.6666669846
71021  38.964  -5.702  11.804 0.6666669846
72910  41.925  -4.855  11.910 0.5555559993
71951  41.220  -4.634  11.683 0.5555559993
72909  42.360  -4.084  11.656 0.4444440007
73860  41.604  -4.136  11.501 0.5555559993
75737  37.359  -1.514  14.173 0.4444440007
75745  37.052  -1.343  13.270 0.6666669846
74837  40.717  -2.147  10.546 0.6666669846
74824  40.263  -2.746  10.874 0.6666669846
74825  39.283  -2.721  11.047 0.6666669846
75760  38.324  -1.401  11.353 0.5555559993
74839  39.039  -1.739  10.967 0.6666669846
74811  45.845  -2.774  12.171 0.2222220004
74819  45.350  -2.575  11.600 0.3333329856
73849  45.690  -3.273  12.518 0.2222220004
131699  44.059  -2.794  11.227 0.4444440007
73859  43.607  -3.358  11.529 0.4444440007
129537  42.755  -3.429  11.310 0.4444440007
74822  42.228  -2.731  10.779 0.6666669846
145125  41.914  -3.520  11.176 0.5555559993
76713  38.293  -0.497  11.570 0.5555559993
75742  47.730  -1.918  13.408 0.2222220004
75757  47.878  -1.365  12.130 0.1111110002
75752  46.755  -2.129  12.236 0.2222220004
74835  42.832  -2.122  10.529 0.4444440007
145116  42.150  -1.992  10.434 0.6666669846
149002  41.069  -1.639  10.220 0.5555559993
76727  39.415  -0.242  10.625 0.5555559993
75769  45.969  -1.488  10.607 0.3333329856
75771  43.294  -1.556  10.194 0.5555559993
75772  42.480  -1.510  10.137 0.5555559993
76700  50.060  -0.496  13.231 0.1111110002
76710  49.361  -0.668  11.812 0.1111110002
76702  48.609  -1.009  12.477 0.1111110002
76720  49.223  -0.476  10.834 0.1111110002
141450  47.702  -1.184  11.137 0.1111110002
77626  49.852  0.012  10.232 0.2222220004
76721  48.354  -0.706  10.516 0.1111110002
76722  47.478  -0.898  10.233 0.2222220004
75781  44.647  -0.971  9.821 0.5555559993
76735  47.209  -0.435  9.524 0.2222220004
77642  43.701  0.596  9.048 0.5555559993
77645  40.610  1.073  9.928 0.4444440007
78568  52.556  1.272  9.547 0.1111110002
77650  50.267  0.751  9.016 0.2222220004
142551  48.356  0.453  8.758 0.2222220004
77637  48.660  0.145  9.277 0.2222220004
77639  47.013  0.135  8.932 0.3333329856
77638  47.860  0.038  9.099 0.2222220004
142891  45.569  0.244  8.894 0.5555559993
79567  54.385  2.416  8.573 0.1111110002
78575  53.157  1.605  9.002 0.1111110002
78577  51.452  1.295  8.508 0.1111110002
77651  49.700  0.759  8.771 0.2222220004
77640  46.256  0.374  8.761 0.4444440007
78592  53.014  1.731  8.192 0.1111110002
78578  50.143  1.083  8.397 0.2222220004
134898  50.734  1.411  8.018 0.2222220004
147757  45.806  0.623  8.637 0.4444440007
78561  40.138  1.469  10.564 0.4444440007
79552  41.222  2.439  10.320 0.4444440007
132405  45.973  1.604  8.110 0.5555559993
77655  44.449  1.014  8.721 0.5555559993
80586  55.567  3.853  7.132 0.1111110002
80597  55.097  3.666  6.466 0.1111110002
79593  52.490  2.613  6.720 0.2222220004
143921  51.245  2.172  7.041 0.2222220004
79571  43.730  3.375  8.826 0.4444440007
79559  43.016  3.097  9.105 0.3333329856
79579  50.639  1.910  7.288 0.2222220004
147946  49.498  1.806  7.226 0.3333329856
78598  47.320  2.033  7.270 0.4444440007
146352  46.030  3.042  7.486 0.4444440007
80610  54.487  3.788  5.781 0.1111110002
81654  55.982  4.473  6.628 0.1111110002
79596  49.560  2.706  6.369 0.3333329856
79581  49.011  2.099  6.871 0.4444440007
80589  46.209  3.769  7.398 0.4444440007
80615  49.459  4.060  5.523 0.4444440007
80605  47.449  3.838  6.578 0.4444440007
81646  46.301  4.548  7.869 0.4444440007
82709  48.219  5.614  9.168 0.1111110002
141699  46.827  5.106  8.299 0.4444440007
82735  48.936  5.455  6.208 0.4444440007
85759  51.791  9.004  6.886 0.1111110002
39841  0.042  -36.798  44.505 0.2222220004
37214  1.272  -40.131  45.345 0.1111110002
42564  5.120  -33.227  42.202 0.2222220004
133449  5.483  -32.389  43.473 0.1111110002
43415  5.605  -32.573  42.603 0.1111110002
53089  15.825  -23.073  34.006 0.1111110002
53078  15.662  -23.875  34.196 0.1111110002
52002  15.396  -24.488  33.561 0.1111110002
51003  15.211  -25.188  33.805 0.1111110002
53090  15.479  -23.746  33.380 0.1111110002
53101  15.378  -23.809  32.472 0.1111110002
49027  24.690  -27.522  31.700 0.3333329856
49044  25.488  -27.377  30.569 0.3333329856
51981  16.147  -24.362  35.951 0.1111110002
51991  16.040  -24.131  35.054 0.1111110002
51982  15.726  -24.853  35.388 0.1111110002
53077  16.191  -23.319  34.780 0.1111110002
51992  15.525  -24.659  34.458 0.1111110002
49999  14.482  -26.387  34.624 0.1111110002
48997  13.920  -26.748  34.210 0.1111110002
54153  15.569  -22.944  33.165 0.1111110002
51973  15.830  -24.968  36.197 0.1111110002
50991  15.448  -25.534  35.850 0.1111110002
49998  14.983  -26.014  35.141 0.1111110002
48985  13.465  -27.344  34.714 0.1111110002
47898  12.781  -27.718  34.332 0.1111110002
47882  12.927  -27.910  35.289 0.1111110002
66115  39.565  -11.386  17.635 0.3333329856
66133  38.168  -11.424  16.072 0.3333329856
66134  37.576  -11.464  15.648 0.4444440007
66135  36.723  -11.691  15.391 0.5555559993
67118  39.780  -10.971  16.931 0.3333329856
66124  39.159  -11.285  16.800 0.3333329856
130470  40.268  -10.559  16.680 0.2222220004
131307  39.042  -10.693  15.543 0.4444440007
67148  38.315  -11.015  15.571 0.5555559993
66144  37.156  -11.034  14.983 0.5555559993
67166  37.644  -10.499  14.527 0.5555559993
67132  40.749  -10.135  16.486 0.2222220004
68145  41.564  -9.393  15.804 0.2222220004
68146  40.803  -9.709  15.430 0.3333329856
68147  40.066  -10.010  15.185 0.3333329856
67165  38.503  -10.496  14.863 0.4444440007
68160  41.317  -9.219  14.918 0.2222220004
68161  40.515  -9.531  14.689 0.4444440007
68163  39.018  -9.917  14.344 0.5555559993
68164  38.197  -9.970  14.073 0.5555559993
69062  42.069  -8.860  15.138 0.2222220004
69070  42.652  -8.412  14.511 0.3333329856
69071  41.777  -8.725  14.319 0.4444440007
69072  40.921  -9.012  14.167 0.4444440007
68174  38.819  -9.494  13.613 0.5555559993
68194  37.321  -9.025  12.787 0.5555559993
70019  43.456  -7.971  14.426 0.2222220004
70020  42.934  -7.913  13.777 0.4444440007
146911  44.245  -7.282  13.894 0.4444440007
70994  44.123  -6.856  13.480 0.3333329856
71934  45.216  -5.377  13.403 0.1111110002
72891  46.318  -3.896  13.557 0.1111110002
72892  45.774  -4.608  13.503 0.2222220004
73841  46.836  -3.268  13.576 0.1111110002
73842  46.287  -3.322  13.061 0.1111110002
74803  46.263  -2.928  12.660 0.1111110002
75744  37.674  -0.881  13.700 0.4444440007
76695  37.478  -0.813  12.761 0.4444440007
76694  38.020  -0.254  13.203 0.3333329856
77608  38.923  0.862  12.304 0.2222220004
37224  0.741  -39.754  44.287 0.1111110002
50050  24.818  -27.064  29.912 0.3333329856
65051  36.238  -12.363  15.801 0.5555559993
36304  1.474  -40.942  45.339 0.1111110002
43416  4.987  -33.064  43.109 0.1111110002
43441  7.088  -31.611  40.287 0.3333329856
47914  12.705  -27.603  33.387 0.1111110002
48998  13.310  -27.164  33.802 0.1111110002
50997  14.864  -25.795  34.198 0.1111110002
49043  26.392  -27.423  30.372 0.3333329856
146462  15.377  -24.359  32.850 0.1111110002
66145  36.370  -11.215  14.723 0.5555559993
129389  36.834  -10.602  14.286 0.5555559993
68195  36.550  -9.089  12.791 0.5555559993
70995  43.386  -6.855  13.165 0.4444440007
124764  43.034  -7.411  13.341 0.4444440007
71935  44.470  -5.312  12.980 0.2222220004
73843  45.674  -3.887  12.974 0.1111110002
78542  39.419  1.361  11.865 0.3333329856
44391  6.581  -31.274  43.640 0.1111110002
67188  37.337  -10.055  13.790 0.5555559993
68173  39.469  -9.479  13.976 0.5555559993
68172  40.113  -9.246  14.042 0.5555559993
69085  37.985  -8.816  12.773 0.5555559993
50996  15.287  -25.380  34.792 0.1111110002
66126  37.737  -11.905  16.379 0.3333329856
66127  37.013  -12.138  16.082 0.4444440007
67135  38.774  -11.118  16.142 0.3333329856
67134  39.562  -10.737  16.226 0.3333329856
148213  39.660  -10.393  15.571 0.2222220004
67149  37.842  -10.912  15.123 0.5555559993
67133  40.279  -10.215  15.939 0.2222220004
68128  42.033  -9.397  16.630 0.2222220004
69061  42.377  -8.914  15.953 0.2222220004
68130  40.907  -9.849  16.042 0.2222220004
68162  39.763  -9.775  14.531 0.5555559993
67147  39.358  -10.259  14.986 0.3333329856
68175  37.914  -9.475  13.217 0.5555559993
145994  42.698  -8.610  15.338 0.2222220004
69069  43.261  -8.290  15.169 0.1111110002
124944  43.836  -7.935  15.075 0.1111110002
70018  44.246  -7.568  14.484 0.2222220004
70976  44.801  -6.970  13.992 0.2222220004
70975  45.380  -6.230  13.845 0.1111110002
74802  46.854  -2.757  13.140 0.1111110002
45590  21.570  -30.262  40.505 0.1111110002
47909  28.721  -29.036  33.331 0.1111110002
47894  28.376  -29.283  34.080 0.1111110002
46770  27.404  -29.076  35.867 0.1111110002
49906  24.374  -26.373  42.769 0.1111110002
49023  28.498  -27.845  31.349 0.1111110002
49008  27.989  -28.314  31.943 0.1111110002
47911  27.042  -28.689  33.437 0.2222220004
48968  25.906  -28.130  35.598 0.2222220004
48956  25.327  -27.508  36.376 0.1111110002
49960  25.158  -26.877  37.860 0.1111110002
49949  24.653  -26.511  38.597 0.1111110002
49925  24.732  -25.974  41.121 0.1111110002
49024  27.655  -27.851  31.260 0.2222220004
124251  27.146  -28.151  31.934 0.2222220004
49010  25.745  -28.103  32.626 0.2222220004
48980  25.050  -27.924  34.175 0.2222220004
48970  24.369  -27.475  35.212 0.1111110002
49970  24.827  -26.971  36.982 0.1111110002
49026  25.984  -27.633  31.188 0.2222220004
49011  24.890  -27.800  32.474 0.2222220004
44444  7.620  -31.025  39.918 0.1111110002
46645  22.330  -28.180  43.815 0.1111110002
129861  23.084  -27.787  43.160 0.1111110002
49907  23.575  -26.373  42.921 0.1111110002
133236  23.174  -26.235  37.857 0.1111110002
49938  23.312  -25.990  40.077 0.1111110002
49995  23.220  -27.565  34.493 0.1111110002
49983  23.340  -27.166  35.725 0.1111110002
49963  23.000  -26.674  37.056 0.1111110002
129762  23.145  -27.556  33.921 0.2222220004
140469  23.153  -27.452  35.036 0.1111110002
44428  7.497  -30.917  40.660 0.1111110002
48895  21.646  -27.021  43.502 0.1111110002
48883  21.741  -27.261  44.108 0.1111110002
47774  22.066  -27.587  44.122 0.1111110002
48882  22.367  -27.055  43.790 0.1111110002
48894  23.163  -26.976  43.334 0.1111110002
49908  22.667  -26.634  43.161 0.1111110002
126697  22.630  -26.196  41.638 0.1111110002
50949  23.008  -25.923  41.375 0.1111110002
49927  22.602  -26.306  40.761 0.1111110002
49939  22.766  -26.320  39.933 0.1111110002
147284  22.754  -26.528  37.796 0.1111110002
138583  22.658  -27.560  34.384 0.1111110002
48903  21.606  -26.995  42.554 0.1111110002
49928  22.101  -26.651  41.102 0.1111110002
48912  21.587  -27.417  40.459 0.1111110002
48924  21.660  -27.503  39.574 0.1111110002
49940  22.099  -26.801  39.953 0.1111110002
49952  22.328  -26.838  38.283 0.1111110002
48946  21.855  -27.701  37.064 0.1111110002
58515  32.215  -17.874  28.826 0.1111110002
66107  38.861  -11.896  18.228 0.2222220004
66116  38.691  -11.764  17.390 0.2222220004
66117  37.934  -12.130  17.103 0.2222220004
66125  38.424  -11.623  16.634 0.2222220004
65041  37.213  -12.449  16.817 0.3333329856
68129  41.306  -9.814  16.562 0.1111110002
67116  40.915  -10.303  17.166 0.1111110002
63767  29.486  -14.219  27.054 0.2222220004
64897  28.238  -12.833  26.992 0.2222220004
67005  27.594  -10.816  25.485 0.2222220004
70993  44.662  -6.185  13.385 0.1111110002
128212  23.359  -27.609  33.812 0.2222220004
48994  24.298  -27.723  33.013 0.2222220004
129692  24.189  -27.690  33.825 0.2222220004
49997  22.395  -27.519  33.704 0.1111110002
49996  22.753  -27.584  34.265 0.1111110002
135482  25.506  -27.768  31.848 0.2222220004
65042  36.478  -12.720  16.531 0.2222220004
74795  37.084  -2.189  14.582 0.3333329856
49964  22.530  -27.259  36.538 0.1111110002
49985  22.621  -27.606  34.896 0.1111110002
47926  29.207  -28.682  32.677 0.1111110002
49025  26.810  -27.750  31.198 0.2222220004
48993  25.109  -27.992  33.359 0.2222220004
129766  26.316  -27.949  31.922 0.2222220004
139298  21.922  -29.747  41.013 0.1111110002
47927  28.357  -28.685  32.646 0.1111110002
47928  27.492  -28.580  32.660 0.1111110002
47895  27.549  -28.981  34.190 0.1111110002
47878  28.061  -29.339  35.007 0.1111110002
47880  26.694  -28.670  35.527 0.1111110002
47896  26.662  -28.656  34.250 0.2222220004
47879  27.121  -28.890  34.967 0.1111110002
133817  27.307  -28.796  36.800 0.1111110002
48893  24.042  -26.827  43.083 0.1111110002
48892  24.839  -26.938  42.953 0.1111110002
49918  23.897  -25.940  42.397 0.1111110002
49009  26.620  -28.383  32.671 0.2222220004
125075  26.067  -28.380  33.516 0.2222220004
48979  25.819  -28.270  34.467 0.2222220004
48969  25.120  -27.829  34.940 0.1111110002
47866  26.685  -28.536  36.244 0.1111110002
148990  25.038  -27.578  35.629 0.1111110002
48955  26.157  -27.910  36.691 0.1111110002
136979  25.653  -27.354  37.289 0.1111110002
48957  24.394  -27.126  36.057 0.1111110002
49961  24.348  -26.612  37.599 0.1111110002
143942  23.965  -26.190  38.905 0.1111110002
49937  24.536  -26.212  39.764 0.1111110002
136687  23.799  -26.292  38.137 0.1111110002
50965  23.977  -25.924  40.467 0.1111110002
49917  24.669  -25.970  42.213 0.1111110002
50947  24.067  -25.848  41.519 0.1111110002
148605  25.516  -28.176  33.873 0.2222220004
48981  24.464  -27.696  34.575 0.1111110002
49982  23.653  -27.289  35.353 0.1111110002
49994  23.800  -27.532  34.586 0.1111110002
144290  23.736  -26.949  36.089 0.1111110002
49971  24.057  -26.739  36.751 0.1111110002
46662  22.032  -29.233  43.024 0.1111110002
47802  23.029  -28.566  42.234 0.1111110002
46661  22.512  -28.772  42.618 0.1111110002
127484  22.603  -27.416  43.774 0.1111110002
47788  23.722  -27.312  43.089 0.1111110002
50948  23.506  -25.866  41.754 0.1111110002
49962  23.626  -26.490  37.305 0.1111110002
49950  23.356  -26.097  38.645 0.1111110002
49926  22.992  -25.983  40.606 0.1111110002
129920  23.651  -26.047  39.483 0.1111110002
136122  23.016  -26.066  39.231 0.1111110002
49984  22.966  -27.419  35.146 0.1111110002
49972  23.463  -26.807  36.502 0.1111110002
49973  23.078  -27.119  36.088 0.1111110002
49900  22.067  -26.870  43.642 0.1111110002
49909  22.077  -26.704  43.174 0.1111110002
49919  22.285  -26.489  42.322 0.1111110002
134468  23.088  -26.028  42.350 0.1111110002
127828  22.504  -26.594  39.112 0.1111110002
131315  22.335  -27.047  37.448 0.1111110002
49951  22.849  -26.288  38.448 0.1111110002
131019  21.626  -27.106  41.494 0.1111110002
146653  21.325  -27.586  41.005 0.1111110002
127649  21.928  -27.186  38.957 0.1111110002
48935  21.764  -27.613  38.056 0.1111110002
62709  37.908  -14.356  26.170 0.1111110002
63785  37.283  -13.724  25.897 0.1111110002
63806  35.065  -12.785  24.183 0.2222220004
72854  38.379  -4.470  16.850 0.1111110002
77601  38.444  0.323  12.730 0.2222220004
78540  40.828  2.238  12.806 0.1111110002
79551  41.983  3.025  10.143 0.2222220004
131999  41.794  3.014  11.578 0.1111110002
80566  42.627  3.499  10.584 0.2222220004
80565  43.294  3.852  10.170 0.2222220004
80573  42.709  3.394  9.745 0.2222220004
80564  43.944  4.137  9.735 0.2222220004
80580  44.325  3.679  8.637 0.2222220004
80579  44.948  3.628  8.240 0.2222220004
81639  44.661  4.197  8.782 0.2222220004
81624  44.748  4.405  10.121 0.1111110002
81630  45.278  4.565  9.340 0.1111110002
81647  45.641  4.147  7.977 0.2222220004
82753  56.021  5.541  4.259 0.2222220004
132319  55.114  5.056  4.229 0.2222220004
81622  46.639  4.927  10.772 0.1111110002
81629  46.330  4.829  9.823 0.1111110002
81637  46.025  4.755  8.682 0.2222220004
82767  55.087  5.631  3.623 0.2222220004
83794  54.467  6.447  3.182 0.3333329856
84807  54.027  7.427  2.936 0.3333329856
140477  53.368  7.704  3.360 0.3333329856
143800  46.932  5.143  9.330 0.1111110002
82768  53.891  5.694  3.549 0.2222220004
82769  53.100  5.816  3.663 0.3333329856
83795  53.394  6.657  3.404 0.3333329856
83796  52.601  6.415  3.767 0.3333329856
84808  52.783  7.463  3.797 0.3333329856
84828  53.732  8.553  3.017 0.2222220004
81636  47.474  5.368  8.955 0.3333329856
85790  53.031  8.863  3.837 0.3333329856
84786  52.470  8.336  4.602 0.3333329856
124976  52.405  9.826  5.630 0.1111110002
85772  52.672  9.661  5.091 0.1111110002
85765  52.122  9.467  6.158 0.1111110002
85766  52.001  8.841  6.463 0.1111110002
141627  51.853  10.071  5.918 0.1111110002
86695  51.922  9.698  6.353 0.1111110002
86703  51.325  10.040  5.722 0.1111110002
86710  50.619  9.676  5.328 0.1111110002
86704  50.437  9.598  5.938 0.1111110002
86701  52.266  10.163  5.652 0.1111110002
147079  50.828  9.524  6.879 0.1111110002
85760  49.680  9.204  6.795 0.1111110002
141410  51.274  9.706  6.471 0.1111110002
86696  50.327  9.480  6.582 0.1111110002
129433  49.519  9.023  6.110 0.1111110002
78541  40.062  1.858  12.347 0.1111110002
79540  42.090  3.203  10.908 0.2222220004
80590  45.591  3.265  7.756 0.3333329856
76693  38.790  0.099  13.676 0.2222220004
80572  43.405  3.682  9.388 0.3333329856
80555  43.424  3.802  11.237 0.2222220004
80554  44.114  4.146  10.721 0.2222220004
80571  44.014  4.025  9.028 0.2222220004
81631  44.489  4.309  9.345 0.2222220004
81638  45.275  4.352  8.566 0.2222220004
81628  47.210  5.144  10.243 0.1111110002
142408  55.076  7.394  2.752 0.2222220004
86680  51.627  9.313  6.869 0.1111110002
38068  6.903  -38.592  48.374 0.1111110002
36268  6.228  -39.472  48.576 0.1111110002
38077  6.813  -38.420  47.574 0.1111110002
38078  6.144  -38.809  46.806 0.1111110002
38085  6.422  -38.886  45.816 0.1111110002
37210  5.983  -39.479  44.219 0.1111110002
38073  5.085  -39.319  47.925 0.1111110002
37195  4.596  -39.732  47.729 0.1111110002
36279  4.854  -40.111  48.073 0.1111110002
36286  4.213  -40.470  47.549 0.1111110002
37203  4.593  -39.424  46.234 0.1111110002
37204  3.520  -39.800  46.494 0.1111110002
36296  2.614  -40.946  46.464 0.1111110002
37221  4.240  -39.706  44.204 0.1111110002
37205  2.401  -40.098  46.199 0.1111110002
61672  31.839  -15.378  28.481 0.1111110002
63804  36.282  -13.399  24.903 0.1111110002
143360  29.495  -8.402  24.328 0.1111110002
69853  30.806  -7.566  25.128 0.1111110002
68933  30.036  -7.979  24.783 0.1111110002
140159  28.761  -9.048  24.303 0.1111110002
67973  29.347  -8.517  23.626 0.1111110002
69913  31.571  -7.215  20.922 0.1111110002
75736  38.156  -1.256  14.538 0.1111110002
75735  38.983  -1.038  14.897 0.1111110002
76685  38.443  -0.560  14.110 0.1111110002
83778  57.888  8.034  4.829 0.1111110002
82766  56.126  6.217  3.651 0.1111110002
84805  58.138  8.372  3.675 0.1111110002
83792  56.332  7.614  3.020 0.1111110002
83793  55.570  6.543  3.199 0.1111110002
37211  5.102  -39.492  44.896 0.1111110002
37212  3.839  -39.661  45.427 0.1111110002
62695  31.291  -15.039  28.176 0.1111110002
67994  28.688  -9.018  23.234 0.1111110002
68016  28.600  -9.116  22.360 0.1111110002
69009  30.826  -7.579  21.332 0.1111110002
37187  6.953  -39.048  48.725 0.1111110002
38072  5.882  -38.902  47.982 0.1111110002
36278  5.503  -39.829  48.400 0.1111110002
38079  5.247  -39.160  47.099 0.1111110002
38086  5.603  -39.078  45.960 0.1111110002
37198  4.489  -39.629  47.200 0.1111110002
37199  3.802  -39.939  47.188 0.1111110002
36287  3.468  -40.716  47.023 0.1111110002
37200  3.095  -40.197  46.713 0.1111110002
68950  29.964  -8.096  23.975 0.1111110002
68949  30.620  -7.713  24.328 0.1111110002
146570  30.300  -7.829  25.305 0.1111110002
68966  29.839  -8.203  23.306 0.1111110002
144071  56.792  7.306  3.765 0.1111110002
84785  58.506  8.125  4.611 0.1111110002
84806  57.777  8.364  3.676 0.1111110002
85787  58.023  8.715  3.188 0.1111110002
147201  56.185  6.765  3.325 0.1111110002
40699  0.436  -35.294  44.674 0.1111110002
43398  3.971  -32.872  45.773 0.1111110002
43399  3.304  -33.252  45.659 0.1111110002
43390  3.083  -32.719  46.256 0.1111110002
42541  2.415  -33.290  45.819 0.1111110002
42549  2.932  -33.791  45.243 0.1111110002
42550  1.804  -33.934  45.470 0.1111110002
63747  29.484  -13.771  27.671 0.1111110002
64888  29.042  -13.078  28.139 0.1111110002
64876  28.755  -12.226  28.289 0.1111110002
63731  29.714  -13.498  28.494 0.1111110002
64889  28.496  -12.473  27.650 0.1111110002
66106  39.649  -11.631  18.558 0.1111110002
65991  28.052  -11.781  26.978 0.1111110002
66105  40.267  -11.414  18.917 0.1111110002
67117  40.298  -10.855  17.432 0.1111110002
67091  41.487  -10.965  19.637 0.1111110002
66114  40.289  -11.162  18.205 0.1111110002
148961  28.802  -13.241  27.533 0.1111110002
140199  27.854  -12.223  26.636 0.1111110002
123856  40.895  -10.679  17.957 0.1111110002
62697  30.049  -14.428  27.406 0.1111110002
136705  3.944  -33.307  44.848 0.1111110002
70017  45.011  -7.213  14.907 0.1111110002
82798  50.384  5.914  0.652 0.1111110002
83842  50.619  6.802  -0.075 0.1111110002
86733  55.855  10.275  2.146 0.1111110002
126377  55.234  10.501  2.336 0.1111110002
85842  54.212  9.498  0.403 0.1111110002
87636  54.424  11.016  2.537 0.1111110002
86714  54.344  10.892  2.720 0.1111110002
86772  53.925  10.156  0.638 0.1111110002
135014  53.069  9.381  0.114 0.1111110002
84854  51.966  7.855  0.139 0.1111110002
83841  51.443  6.926  0.441 0.1111110002
82799  49.703  5.672  0.385 0.1111110002
82800  49.037  5.508  -0.050 0.1111110002
86773  52.946  9.919  0.454 0.1111110002
84853  52.857  8.411  0.217 0.1111110002
84865  51.363  8.454  -0.528 0.1111110002
84855  51.075  7.689  -0.456 0.1111110002
84826  55.741  8.641  2.548 0.1111110002
86734  54.302  10.606  2.810 0.1111110002
85813  55.123  9.649  2.489 0.1111110002
85814  54.217  9.424  2.765 0.1111110002
87665  54.577  10.775  1.404 0.1111110002
87649  54.300  11.158  2.093 0.1111110002
133466  53.834  11.019  3.145 0.1111110002
86715  53.526  10.975  3.572 0.1111110002
85789  53.624  9.939  3.421 0.1111110002
81730  47.857  4.472  0.274 0.1111110002
87650  53.631  11.058  2.063 0.1111110002
130923  53.749  11.154  2.931 0.1111110002
87624  53.320  11.119  3.745 0.1111110002
130604  49.559  6.231  -0.591 0.1111110002
86783  52.084  9.293  -0.217 0.1111110002
84866  50.617  8.299  -0.901 0.1111110002
86774  52.002  9.634  0.168 0.1111110002
86784  51.437  9.126  -0.394 0.1111110002
139932  47.749  5.366  9.764 0.1111110002
87666  53.746  10.675  1.281 0.1111110002
87637  53.075  10.995  2.555 0.1111110002
86707  52.614  10.388  5.068 0.1111110002
86755  52.797  10.409  1.256 0.1111110002
125493  52.270  10.270  1.964 0.1111110002
86735  52.226  10.509  3.121 0.1111110002
86756  51.703  9.794  0.969 0.1111110002
84827  54.593  8.426  2.660 0.1111110002
87635  55.216  10.722  2.218 0.1111110002
84864  52.080  8.873  -0.381 0.1111110002
83840  52.865  7.390  0.636 0.1111110002
85849  51.343  8.832  -0.571 0.1111110002
87621  52.978  10.944  4.423 0.1111110002
85771  53.074  10.455  4.463 0.1111110002
126149  53.114  11.187  3.650 0.1111110002
35298  5.503  -40.925  48.033 0.1111110002
36269  5.614  -39.293  48.408 0.1111110002
37188  6.227  -39.047  48.473 0.1111110002
37194  5.144  -39.455  48.219 0.1111110002
38110  9.838  -38.607  42.689 0.1111110002
38993  11.611  -37.764  41.043 0.2222220004
39002  12.300  -37.438  40.882 0.2222220004
43494  16.924  -33.222  37.162 0.1111110002
44519  18.221  -31.446  33.556 0.2222220004
45633  19.538  -30.693  37.750 0.1111110002
47910  27.904  -28.910  33.389 0.1111110002
48972  21.670  -28.279  34.715 0.2222220004
49007  28.849  -28.303  31.998 0.1111110002
49020  31.035  -27.387  31.789 0.1111110002
49021  30.199  -27.567  31.621 0.1111110002
49092  17.516  -27.851  26.046 0.7777780294
49106  17.232  -27.434  25.861 0.7777780294
49974  22.641  -27.482  35.654 0.1111110002
50010  22.204  -27.344  33.021 0.3333329856
50015  34.065  -26.525  32.690 0.1111110002
50016  33.414  -26.754  32.455 0.1111110002
50027  32.329  -26.643  31.547 0.1111110002
50052  22.430  -26.768  30.378 0.5555559993
50066  26.911  -26.925  29.165 0.4444440007
50069  23.133  -26.632  29.348 0.5555559993
50083  28.099  -26.638  28.585 0.4444440007
50101  26.316  -26.550  27.902 0.4444440007
50102  25.459  -26.568  27.776 0.5555559993
50955  23.477  -25.882  40.950 0.1111110002
51001  35.659  -25.683  33.498 0.1111110002
51041  30.562  -25.930  29.223 0.1111110002
51053  29.450  -25.956  28.239 0.1111110002
52076  30.796  -25.138  27.924 0.1111110002
52092  31.996  -24.266  27.783 0.2222220004
53140  34.272  -23.432  28.785 0.1111110002
53142  32.705  -23.982  27.996 0.1111110002
54194  34.803  -23.229  29.140 0.1111110002
56297  23.937  -19.960  31.044 0.1111110002
56328  23.978  -19.726  29.433 0.2222220004
56335  17.027  -20.642  29.587 0.1111110002
59652  36.929  -16.876  23.887 0.8888890147
60723  37.176  -16.392  24.321 0.5555559993
60753  27.953  -16.242  21.209 1.0000000000
61728  33.898  -15.343  20.992 1.0000000000
61751  27.561  -15.508  19.321 1.0000000000
62720  37.572  -14.499  25.575 0.1111110002
62739  36.099  -14.243  23.669 0.5555559993
62742  26.941  -14.111  22.808 0.8888890147
62785  27.649  -14.706  18.248 1.0000000000
63805  35.551  -12.708  24.808 0.2222220004
63864  26.219  -13.967  19.415 1.0000000000
63876  26.492  -13.855  18.601 1.0000000000
64942  34.455  -12.678  23.435 0.3333329856
64962  35.693  -12.399  22.499 0.2222220004
65026  26.524  -13.079  18.279 1.0000000000
65036  26.869  -12.920  17.459 1.0000000000
65056  30.421  -12.768  15.075 1.0000000000
66045  34.609  -12.324  23.482 0.3333329856
66118  26.974  -12.220  17.305 1.0000000000
66129  27.689  -11.778  16.304 1.0000000000
67092  40.941  -10.925  18.837 0.1111110002
69060  43.100  -8.542  15.939 0.2222220004
70036  43.676  -7.489  13.744 0.4444440007
85788  57.832  8.840  3.044 0.1111110002
87664  55.171  10.708  1.535 0.1111110002
124701  21.995  -19.510  28.698 0.3333329856
124956  21.250  -19.457  29.290 0.2222220004
128916  22.288  -27.041  31.938 0.3333329856
129625  15.205  -35.594  40.076 0.1111110002
133792  28.932  -11.960  15.229 1.0000000000
133854  46.844  -3.755  13.998 0.1111110002
134037  28.385  -15.503  24.242 0.8888890147
138005  28.169  -10.984  27.075 0.1111110002
138370  27.232  -11.801  16.874 1.0000000000
139460  26.150  -13.990  20.237 0.8888890147
140104  26.426  -28.557  34.959 0.1111110002
141004  26.979  -11.488  19.418 1.0000000000
141475  23.156  -27.191  32.412 0.3333329856
141501  24.960  -26.027  27.014 0.5555559993
141855  5.521  -39.264  48.311 0.1111110002
142504  26.260  -13.967  20.926 0.8888890147
142917  28.152  -9.851  20.437 0.3333329856
143125  25.283  -27.554  31.220 0.2222220004
143644  21.921  -26.300  27.131 0.6666669846
144130  18.342  -32.029  38.343 0.1111110002
145554  15.010  -35.317  37.500 0.1111110002
145708  20.839  -24.020  23.280 0.8888890147
146308  30.432  -14.162  18.543 1.0000000000
146489  18.592  -30.068  30.279 0.5555559993
146673  15.257  -24.411  30.459 0.2222220004
146801  23.242  -19.639  30.033 0.1111110002
146932  4.089  -38.659  41.893 0.4444440007
146970  28.453  -9.415  20.345 0.3333329856
147016  31.130  -13.957  17.736 1.0000000000
147737  20.980  -28.880  35.900 0.1111110002
147800  22.799  -25.302  25.855 0.6666669846
147976  25.126  -19.621  27.815 0.1111110002
148667  2.861  -39.783  45.805 0.2222220004
149055  22.208  -18.988  26.018 0.3333329856
