#!ascii label  , from subject sub-v2s9x29168_ses-1 vox2ras=TkReg
4887
8693  16.346  -72.167  -27.809 0.0000000000
25099  26.461  -53.381  -23.935 0.0000000000
144186  20.279  -81.818  -25.448 0.0000000000
3878  9.122  -81.907  -23.950 0.0000000000
1102  15.264  -89.431  -35.150 0.0000000000
138079  9.572  -76.093  -34.185 0.0000000000
15222  18.341  -64.539  -27.761 0.0000000000
410  16.227  -91.727  -28.121 0.0000000000
6878  11.111  -74.314  -18.465 0.0000000000
15051  17.986  -64.515  -13.853 0.0000000000
21593  25.661  -57.697  -14.818 0.0000000000
146284  22.213  -85.578  -43.604 0.0000000000
6422  14.019  -76.892  -25.157 0.0000000000
4504  12.846  -80.319  -31.719 0.0000000000
6987  10.891  -75.920  -31.152 0.0000000000
142635  21.897  -60.140  -26.714 0.0000000000
18750  11.750  -59.910  -23.498 0.0000000000
142800  17.472  -55.469  -25.411 0.0000000000
125705  9.042  -79.995  -21.182 0.0000000000
16016  14.327  -64.094  -20.183 0.0000000000
16765  21.774  -61.736  -14.214 0.0000000000
1348  20.187  -86.781  -27.110 0.0000000000
142676  19.847  -89.628  -35.977 0.0000000000
3043  23.707  -83.614  -34.470 0.0000000000
28595  22.128  -49.477  -21.585 0.0000000000
3416  15.874  -82.166  -26.335 0.0000000000
5049  20.858  -79.852  -32.042 0.0000000000
142415  14.093  -84.626  -29.539 0.0000000000
3087  10.975  -83.783  -37.164 0.0000000000
10818  17.954  -69.671  -24.457 0.0000000000
9312  9.646  -71.492  -23.618 0.0000000000
15166  8.841  -64.853  -22.069 0.0000000000
27737  15.441  -50.474  -23.477 0.0000000000
354  20.071  -91.628  -19.632 0.0000000000
752  16.801  -89.690  -20.631 0.0000000000
567  14.480  -90.805  -26.188 0.0000000000
145037  14.402  -87.182  -20.224 0.0000000000
3806  14.066  -81.175  -15.793 0.0000000000
6864  18.438  -75.825  -17.355 0.0000000000
11567  6.858  -68.564  -16.554 0.0000000000
10694  14.839  -69.983  -14.389 0.0000000000
8639  22.598  -72.389  -22.360 0.0000000000
12464  23.111  -67.568  -24.600 0.0000000000
16893  25.363  -62.792  -22.866 0.0000000000
22518  27.913  -56.824  -20.369 0.0000000000
126615  19.481  -93.445  -37.102 0.0000000000
891  19.942  -89.662  -44.830 0.0000000000
3557  20.806  -83.216  -39.177 0.0000000000
7497  14.804  -74.647  -26.698 0.0000000000
6974  14.106  -74.914  -30.626 0.0000000000
8724  12.906  -72.420  -30.788 0.0000000000
22582  24.482  -56.724  -25.742 0.0000000000
21725  19.822  -57.809  -26.331 0.0000000000
24276  22.054  -54.687  -25.462 0.0000000000
2517  20.649  -84.688  -26.631 0.0000000000
2573  20.382  -84.575  -31.087 0.0000000000
3464  22.026  -81.925  -30.784 0.0000000000
2954  10.937  -83.558  -25.147 0.0000000000
3941  14.524  -81.004  -27.976 0.0000000000
2980  9.875  -83.118  -27.260 0.0000000000
4532  10.699  -79.721  -34.281 0.0000000000
3039  13.663  -83.517  -33.666 0.0000000000
138821  10.350  -79.924  -36.933 0.0000000000
148872  11.357  -79.520  -40.132 0.0000000000
6535  9.542  -76.169  -37.972 0.0000000000
13380  17.965  -67.018  -26.720 0.0000000000
12468  12.775  -67.453  -24.487 0.0000000000
14275  13.145  -64.756  -25.448 0.0000000000
21653  11.533  -57.153  -19.801 0.0000000000
18707  9.021  -59.740  -19.928 0.0000000000
146901  18.733  -50.885  -21.009 0.0000000000
741  18.994  -89.477  -18.410 0.0000000000
137855  11.059  -92.274  -21.323 0.0000000000
144114  10.454  -90.512  -21.660 0.0000000000
784  13.441  -89.096  -24.163 0.0000000000
1287  11.140  -88.277  -19.058 0.0000000000
5914  10.468  -77.149  -19.667 0.0000000000
3820  11.082  -80.755  -16.996 0.0000000000
5887  12.613  -77.869  -16.302 0.0000000000
5439  15.573  -78.361  -16.795 0.0000000000
6853  14.481  -74.938  -15.866 0.0000000000
14185  16.059  -65.203  -18.267 0.0000000000
12382  13.603  -67.372  -17.601 0.0000000000
11524  16.914  -67.781  -13.631 0.0000000000
145026  19.002  -70.813  -16.928 0.0000000000
11590  20.312  -68.915  -17.758 0.0000000000
10796  22.891  -69.400  -23.119 0.0000000000
13285  21.659  -66.587  -18.373 0.0000000000
18617  23.898  -59.823  -14.608 0.0000000000
15975  24.368  -62.679  -18.695 0.0000000000
18685  25.626  -60.444  -18.210 0.0000000000
19733  26.663  -59.547  -21.547 0.0000000000
128954  27.318  -57.537  -17.577 0.0000000000
148307  17.657  -94.083  -28.832 0.0000000000
141299  19.982  -93.279  -33.363 0.0000000000
93  16.472  -93.553  -33.509 0.0000000000
145010  21.368  -87.950  -40.044 0.0000000000
636  17.958  -90.412  -40.703 0.0000000000
131946  19.157  -87.454  -44.641 0.0000000000
1860  21.570  -86.125  -48.090 0.0000000000
2699  21.331  -84.331  -47.614 0.0000000000
3038  18.969  -83.724  -33.028 0.0000000000
126517  21.492  -81.578  -35.240 0.0000000000
140038  19.103  -87.414  -36.164 0.0000000000
11627  5.108  -68.800  -21.313 0.0000000000
8072  7.119  -74.556  -23.931 0.0000000000
5483  12.195  -79.296  -24.759 0.0000000000
145439  8.914  -80.275  -27.379 0.0000000000
5516  12.334  -78.324  -28.308 0.0000000000
125612  12.936  -77.087  -33.726 0.0000000000
5546  8.480  -79.319  -31.380 0.0000000000
16952  19.640  -62.307  -27.880 0.0000000000
16930  14.243  -62.477  -25.664 0.0000000000
18784  16.166  -60.212  -25.918 0.0000000000
124326  13.985  -57.808  -24.476 0.0000000000
23395  13.791  -55.662  -23.218 0.0000000000
2911  7.749  -82.983  -19.665 0.0000000000
148526  6.624  -76.642  -17.329 0.0000000000
8006  6.993  -74.168  -17.277 0.0000000000
146651  19.194  -63.140  -19.202 0.0000000000
15909  19.846  -62.798  -14.038 0.0000000000
17689  21.271  -61.422  -18.117 0.0000000000
20687  23.500  -58.983  -18.628 0.0000000000
804  18.372  -89.217  -28.002 0.0000000000
603  17.042  -90.088  -32.447 0.0000000000
1390  18.930  -87.682  -32.075 0.0000000000
1415  22.169  -87.217  -35.430 0.0000000000
2214  23.099  -85.409  -38.870 0.0000000000
2228  14.252  -86.446  -40.883 0.0000000000
2207  15.505  -86.565  -37.633 0.0000000000
28590  27.703  -48.968  -21.618 0.0000000000
26835  24.305  -51.274  -22.923 0.0000000000
3927  18.243  -80.924  -26.716 0.0000000000
5510  22.780  -78.020  -29.538 0.0000000000
128673  18.230  -78.425  -29.078 0.0000000000
3976  17.534  -81.670  -31.239 0.0000000000
1763  15.310  -86.793  -31.570 0.0000000000
133380  10.570  -83.416  -30.288 0.0000000000
1395  12.539  -86.319  -31.827 0.0000000000
1427  12.588  -87.497  -35.977 0.0000000000
3114  12.418  -83.529  -41.273 0.0000000000
10064  18.098  -70.708  -26.595 0.0000000000
129656  12.411  -70.568  -26.986 0.0000000000
10000  13.146  -70.257  -23.904 0.0000000000
12438  7.993  -67.785  -22.844 0.0000000000
15151  4.586  -65.509  -19.177 0.0000000000
16894  10.255  -62.167  -22.896 0.0000000000
16860  6.039  -62.750  -18.677 0.0000000000
25973  20.623  -52.253  -23.832 0.0000000000
25105  16.633  -53.003  -24.061 0.0000000000
4  19.627  -93.702  -24.221 0.0000000000
235  18.307  -92.577  -23.944 0.0000000000
129476  19.653  -89.561  -23.087 0.0000000000
1674  19.998  -86.994  -21.795 0.0000000000
2061  17.123  -85.507  -21.710 0.0000000000
191  13.230  -92.392  -19.512 0.0000000000
552  16.140  -90.954  -23.684 0.0000000000
2090  16.760  -85.729  -24.836 0.0000000000
143119  15.672  -86.445  -27.748 0.0000000000
1719  12.838  -86.422  -25.206 0.0000000000
2481  11.767  -84.643  -22.453 0.0000000000
2449  10.396  -84.366  -18.316 0.0000000000
128349  13.603  -84.374  -17.877 0.0000000000
3857  13.737  -82.038  -21.407 0.0000000000
5458  14.733  -78.746  -20.624 0.0000000000
6900  16.730  -76.711  -21.314 0.0000000000
6919  18.952  -75.926  -23.381 0.0000000000
135479  8.569  -72.392  -14.672 0.0000000000
130545  10.638  -69.595  -15.774 0.0000000000
123914  12.970  -72.677  -16.099 0.0000000000
7997  17.358  -72.864  -17.125 0.0000000000
125296  21.828  -74.711  -19.894 0.0000000000
7483  21.399  -74.448  -24.975 0.0000000000
9344  22.000  -72.479  -26.964 0.0000000000
10867  23.343  -70.823  -29.402 0.0000000000
12508  23.365  -66.527  -29.059 0.0000000000
14200  22.688  -65.311  -18.923 0.0000000000
14251  23.757  -65.594  -23.415 0.0000000000
130287  24.246  -64.726  -27.948 0.0000000000
17813  24.936  -61.826  -26.389 0.0000000000
123107  26.279  -58.523  -24.127 0.0000000000
123117  27.730  -54.913  -22.448 0.0000000000
25943  28.940  -52.307  -18.367 0.0000000000
123129  28.857  -50.363  -19.503 0.0000000000
458  23.013  -90.675  -39.876 0.0000000000
448  16.853  -91.950  -36.931 0.0000000000
297  19.799  -92.124  -41.104 0.0000000000
1149  23.610  -88.963  -43.685 0.0000000000
5057  24.470  -79.216  -33.310 0.0000000000
148284  24.348  -81.912  -37.696 0.0000000000
138737  22.173  -82.625  -42.126 0.0000000000
2630  17.487  -85.232  -37.897 0.0000000000
3120  18.079  -83.866  -41.695 0.0000000000
3604  18.242  -82.714  -45.644 0.0000000000
4645  19.371  -80.495  -45.790 0.0000000000
8090  9.897  -73.967  -27.897 0.0000000000
6453  7.280  -77.448  -27.419 0.0000000000
125698  7.451  -73.803  -31.029 0.0000000000
8151  6.264  -72.568  -34.626 0.0000000000
8079  15.791  -73.748  -26.985 0.0000000000
8093  14.586  -73.136  -28.624 0.0000000000
8714  14.506  -71.725  -29.498 0.0000000000
124295  25.271  -55.022  -25.173 0.0000000000
23427  23.342  -55.670  -25.729 0.0000000000
25111  24.224  -53.600  -24.717 0.0000000000
2961  20.787  -82.838  -26.684 0.0000000000
2988  20.839  -82.931  -28.476 0.0000000000
143120  21.399  -81.510  -28.365 0.0000000000
2944  8.501  -83.711  -24.478 0.0000000000
3404  9.872  -83.220  -25.921 0.0000000000
125087  8.310  -82.896  -26.041 0.0000000000
5583  8.792  -79.070  -34.271 0.0000000000
4021  10.707  -80.457  -35.395 0.0000000000
5591  9.779  -78.322  -35.744 0.0000000000
5608  11.050  -77.932  -37.282 0.0000000000
7027  10.395  -75.710  -35.939 0.0000000000
13396  17.793  -66.155  -27.073 0.0000000000
14272  15.936  -66.554  -25.733 0.0000000000
14286  15.554  -64.833  -26.392 0.0000000000
22539  9.850  -56.693  -22.239 0.0000000000
21655  9.430  -56.879  -20.039 0.0000000000
748  9.207  -89.928  -19.789 0.0000000000
1004  10.021  -88.770  -19.103 0.0000000000
1003  11.226  -89.357  -20.368 0.0000000000
1288  10.151  -87.138  -18.801 0.0000000000
6890  10.212  -75.687  -19.083 0.0000000000
5447  11.663  -78.169  -18.209 0.0000000000
6384  12.319  -76.188  -18.082 0.0000000000
6365  13.221  -76.703  -16.137 0.0000000000
6866  12.645  -75.148  -18.055 0.0000000000
15082  16.528  -64.399  -16.137 0.0000000000
14149  15.601  -65.721  -15.536 0.0000000000
14132  16.896  -65.733  -13.766 0.0000000000
11551  19.038  -68.550  -14.848 0.0000000000
13247  19.702  -66.691  -15.308 0.0000000000
12393  20.814  -67.699  -18.238 0.0000000000
13246  19.976  -65.864  -15.604 0.0000000000
19661  25.109  -59.048  -15.127 0.0000000000
18659  24.923  -60.945  -16.700 0.0000000000
144320  25.870  -59.132  -16.483 0.0000000000
20685  26.676  -58.930  -18.487 0.0000000000
21599  26.719  -57.818  -16.363 0.0000000000
135607  16.582  -93.579  -28.971 0.0000000000
30  16.902  -93.905  -30.929 0.0000000000
148231  16.115  -92.751  -30.942 0.0000000000
147725  21.400  -87.071  -41.842 0.0000000000
1455  19.862  -88.132  -42.130 0.0000000000
1837  21.026  -86.891  -43.899 0.0000000000
1850  20.894  -86.139  -45.908 0.0000000000
2266  22.309  -84.502  -46.190 0.0000000000
147826  17.173  -87.431  -33.752 0.0000000000
2184  19.261  -85.761  -34.428 0.0000000000
1417  18.017  -88.223  -35.647 0.0000000000
12441  4.305  -67.449  -22.094 0.0000000000
11658  4.878  -69.351  -22.677 0.0000000000
5948  13.045  -78.242  -24.920 0.0000000000
5498  11.512  -78.365  -25.867 0.0000000000
6443  13.154  -77.208  -26.934 0.0000000000
7532  12.321  -74.328  -32.357 0.0000000000
127964  13.770  -76.114  -31.704 0.0000000000
7010  12.011  -75.962  -33.302 0.0000000000
6036  10.999  -78.199  -32.852 0.0000000000
6017  10.141  -77.569  -30.376 0.0000000000
17829  21.190  -61.133  -27.525 0.0000000000
18814  18.564  -61.329  -27.332 0.0000000000
145178  19.214  -60.080  -26.942 0.0000000000
134629  18.069  -56.994  -25.704 0.0000000000
134006  17.353  -58.112  -25.518 0.0000000000
125995  15.325  -56.846  -25.030 0.0000000000
22549  14.483  -56.280  -22.697 0.0000000000
22567  15.429  -55.870  -24.985 0.0000000000
6833  6.402  -75.136  -14.384 0.0000000000
6857  5.961  -75.718  -16.684 0.0000000000
16012  18.105  -63.192  -20.829 0.0000000000
16868  20.375  -62.207  -20.889 0.0000000000
16854  20.576  -62.254  -19.601 0.0000000000
17729  21.620  -61.173  -21.341 0.0000000000
1046  19.429  -88.315  -27.402 0.0000000000
1366  18.519  -87.845  -30.012 0.0000000000
1365  18.960  -87.165  -29.741 0.0000000000
2581  22.336  -84.174  -32.819 0.0000000000
2176  21.608  -85.569  -33.438 0.0000000000
2182  23.105  -85.067  -34.659 0.0000000000
1804  22.995  -86.263  -37.300 0.0000000000
129285  23.413  -84.882  -36.249 0.0000000000
3131  14.203  -83.426  -42.315 0.0000000000
3113  15.061  -84.341  -41.637 0.0000000000
30458  28.614  -47.249  -22.117 0.0000000000
29514  26.616  -48.433  -22.051 0.0000000000
3929  17.399  -81.518  -27.119 0.0000000000
136528  18.663  -78.898  -27.464 0.0000000000
4983  17.271  -79.213  -27.499 0.0000000000
127258  14.822  -82.437  -29.203 0.0000000000
4490  16.662  -80.791  -29.947 0.0000000000
3010  16.086  -83.341  -30.373 0.0000000000
3020  16.647  -83.839  -31.078 0.0000000000
2145  15.150  -85.522  -30.478 0.0000000000
4480  10.500  -80.393  -29.478 0.0000000000
3956  9.248  -81.900  -29.223 0.0000000000
3980  10.783  -82.033  -31.055 0.0000000000
2601  11.843  -84.341  -35.089 0.0000000000
2170  13.264  -85.282  -32.762 0.0000000000
2186  12.532  -86.003  -34.239 0.0000000000
1404  13.156  -87.886  -33.656 0.0000000000
2198  12.113  -85.945  -36.771 0.0000000000
2219  12.538  -85.789  -38.713 0.0000000000
3097  11.498  -83.669  -39.344 0.0000000000
10030  18.487  -70.284  -25.179 0.0000000000
138801  15.498  -69.481  -25.402 0.0000000000
10799  15.887  -69.576  -23.948 0.0000000000
13345  10.458  -66.139  -23.975 0.0000000000
128582  10.169  -67.145  -23.897 0.0000000000
13336  8.667  -66.114  -22.705 0.0000000000
13329  6.532  -66.705  -21.079 0.0000000000
14226  6.491  -65.418  -20.266 0.0000000000
17781  12.814  -61.178  -24.451 0.0000000000
16917  11.697  -62.496  -24.304 0.0000000000
17762  11.062  -60.746  -23.322 0.0000000000
136073  7.560  -60.935  -18.763 0.0000000000
27717  23.530  -50.193  -22.007 0.0000000000
26847  21.882  -51.712  -23.424 0.0000000000
27731  20.980  -50.493  -22.318 0.0000000000
142918  17.042  -50.148  -22.083 0.0000000000
26842  17.927  -51.692  -22.509 0.0000000000
25978  15.390  -52.049  -23.933 0.0000000000
136103  13.888  -53.499  -24.565 0.0000000000
25987  13.340  -51.765  -24.652 0.0000000000
199  20.551  -92.664  -20.100 0.0000000000
51  19.666  -93.125  -22.373 0.0000000000
367  19.155  -92.197  -21.859 0.0000000000
551  18.547  -90.998  -23.722 0.0000000000
538  19.525  -90.540  -21.589 0.0000000000
746  17.554  -89.363  -19.228 0.0000000000
142484  20.047  -88.010  -20.391 0.0000000000
1295  18.438  -87.214  -20.226 0.0000000000
2058  19.049  -85.818  -21.658 0.0000000000
1307  17.160  -87.002  -21.019 0.0000000000
148614  13.097  -92.221  -24.113 0.0000000000
223  14.052  -92.537  -22.642 0.0000000000
561  15.938  -90.936  -24.568 0.0000000000
1322  16.424  -87.919  -23.859 0.0000000000
1034  16.235  -88.241  -25.473 0.0000000000
2104  16.897  -85.612  -27.206 0.0000000000
1041  15.216  -88.666  -26.686 0.0000000000
1016  13.755  -88.615  -22.630 0.0000000000
1043  12.871  -87.495  -25.121 0.0000000000
1317  12.630  -87.047  -22.880 0.0000000000
1700  11.963  -85.563  -23.017 0.0000000000
1680  13.294  -86.015  -21.868 0.0000000000
148455  8.533  -81.205  -20.967 0.0000000000
2900  9.721  -83.147  -19.783 0.0000000000
3346  10.048  -82.291  -19.574 0.0000000000
3785  12.028  -81.891  -14.637 0.0000000000
137415  11.622  -83.011  -15.125 0.0000000000
3318  13.476  -82.555  -16.056 0.0000000000
2898  14.123  -83.462  -19.112 0.0000000000
3338  14.079  -81.996  -18.623 0.0000000000
4352  14.229  -80.657  -20.937 0.0000000000
4333  14.486  -80.214  -18.108 0.0000000000
5892  16.544  -77.070  -16.557 0.0000000000
5907  15.997  -76.994  -18.842 0.0000000000
6399  17.241  -76.214  -19.983 0.0000000000
140741  17.211  -76.273  -22.299 0.0000000000
6898  18.362  -75.857  -20.393 0.0000000000
10708  5.752  -69.008  -15.828 0.0000000000
9225  6.460  -71.727  -14.781 0.0000000000
9925  7.591  -70.355  -15.849 0.0000000000
14204  12.868  -64.972  -19.520 0.0000000000
11553  14.147  -68.347  -14.854 0.0000000000
11565  12.424  -68.290  -16.567 0.0000000000
10696  12.457  -70.039  -14.865 0.0000000000
132867  11.878  -71.757  -14.582 0.0000000000
9231  14.399  -71.759  -15.079 0.0000000000
8597  14.957  -72.205  -17.164 0.0000000000
9240  16.062  -71.218  -16.442 0.0000000000
143671  21.317  -71.600  -18.981 0.0000000000
8610  20.550  -72.158  -18.163 0.0000000000
8042  22.331  -73.573  -20.330 0.0000000000
6910  21.450  -75.263  -22.361 0.0000000000
8059  22.821  -73.521  -23.906 0.0000000000
8074  21.770  -73.525  -26.064 0.0000000000
141173  23.293  -72.233  -24.348 0.0000000000
11649  22.873  -68.500  -23.191 0.0000000000
10816  23.609  -70.335  -25.616 0.0000000000
11691  24.383  -69.544  -27.493 0.0000000000
12538  22.358  -68.128  -30.267 0.0000000000
137595  24.730  -67.212  -27.788 0.0000000000
16766  20.922  -61.838  -14.085 0.0000000000
15079  21.325  -64.473  -16.124 0.0000000000
15939  22.271  -63.435  -15.897 0.0000000000
131142  24.857  -63.096  -21.125 0.0000000000
16026  24.414  -64.445  -21.251 0.0000000000
16045  24.790  -64.205  -23.613 0.0000000000
15207  25.277  -65.441  -26.796 0.0000000000
16070  25.528  -64.260  -26.383 0.0000000000
123098  24.442  -62.936  -27.307 0.0000000000
123101  25.992  -62.813  -25.631 0.0000000000
20721  27.107  -58.660  -21.292 0.0000000000
19750  26.520  -59.632  -23.122 0.0000000000
20729  27.323  -57.680  -22.157 0.0000000000
123113  27.095  -56.775  -23.121 0.0000000000
143225  27.905  -55.747  -21.407 0.0000000000
123128  28.972  -51.154  -18.796 0.0000000000
123133  29.225  -48.435  -19.183 0.0000000000
101  19.288  -93.542  -35.637 0.0000000000
267  21.251  -92.539  -34.444 0.0000000000
276  21.355  -92.782  -36.934 0.0000000000
284  21.599  -92.233  -38.573 0.0000000000
841  18.398  -89.618  -33.850 0.0000000000
612  17.189  -90.599  -34.492 0.0000000000
619  17.979  -90.817  -36.465 0.0000000000
651  18.219  -90.490  -43.421 0.0000000000
467  18.021  -91.696  -41.858 0.0000000000
648  19.906  -90.844  -43.720 0.0000000000
644  21.820  -90.794  -42.803 0.0000000000
888  22.223  -89.819  -44.006 0.0000000000
1466  23.701  -87.885  -44.777 0.0000000000
1159  22.259  -88.171  -45.627 0.0000000000
3165  22.834  -83.241  -49.257 0.0000000000
6023  22.282  -77.672  -30.790 0.0000000000
5540  24.095  -78.011  -31.354 0.0000000000
5564  23.382  -78.358  -33.244 0.0000000000
3530  21.048  -82.800  -36.715 0.0000000000
4562  23.521  -80.775  -36.772 0.0000000000
4061  22.191  -81.793  -39.130 0.0000000000
4067  23.325  -82.299  -40.007 0.0000000000
134345  21.126  -82.787  -41.048 0.0000000000
125519  15.336  -84.364  -36.889 0.0000000000
2197  16.062  -86.349  -36.636 0.0000000000
4590  17.379  -79.373  -40.298 0.0000000000
4062  17.403  -81.541  -40.078 0.0000000000
4079  17.010  -81.235  -42.818 0.0000000000
3597  17.853  -82.823  -44.282 0.0000000000
127628  16.757  -79.801  -44.697 0.0000000000
4102  17.393  -80.709  -47.064 0.0000000000
5165  18.051  -79.020  -44.145 0.0000000000
9331  11.365  -71.191  -24.998 0.0000000000
9365  10.780  -72.049  -27.000 0.0000000000
8683  9.591  -73.463  -25.214 0.0000000000
8684  6.627  -73.012  -25.781 0.0000000000
6950  7.340  -76.751  -25.412 0.0000000000
7513  6.735  -74.466  -27.791 0.0000000000
6962  6.841  -76.739  -28.933 0.0000000000
8103  6.691  -73.506  -29.450 0.0000000000
6938  14.995  -75.777  -25.234 0.0000000000
6960  14.136  -75.765  -27.845 0.0000000000
6959  14.275  -74.515  -28.697 0.0000000000
8109  13.759  -73.453  -30.966 0.0000000000
8118  11.174  -73.762  -31.107 0.0000000000
20778  23.393  -58.361  -26.503 0.0000000000
19804  20.566  -59.103  -26.590 0.0000000000
22606  22.211  -56.910  -26.435 0.0000000000
128435  20.830  -56.020  -25.939 0.0000000000
24278  19.684  -55.019  -25.395 0.0000000000
2102  20.586  -85.627  -26.443 0.0000000000
2123  19.804  -85.720  -29.082 0.0000000000
2552  20.313  -84.213  -29.227 0.0000000000
124561  21.207  -83.051  -30.854 0.0000000000
3484  22.993  -82.730  -32.335 0.0000000000
2952  13.233  -82.940  -24.969 0.0000000000
4435  15.693  -80.441  -26.347 0.0000000000
3920  13.462  -81.429  -25.987 0.0000000000
3430  13.310  -82.152  -27.118 0.0000000000
2990  12.535  -83.783  -28.131 0.0000000000
127023  13.452  -79.990  -33.814 0.0000000000
3989  13.309  -81.783  -32.424 0.0000000000
4018  12.901  -81.396  -34.749 0.0000000000
3512  11.509  -82.126  -35.744 0.0000000000
4048  10.615  -81.576  -37.085 0.0000000000
124477  11.247  -82.197  -39.038 0.0000000000
5101  11.427  -79.300  -38.483 0.0000000000
6114  10.320  -77.658  -39.704 0.0000000000
135858  8.072  -76.151  -39.452 0.0000000000
12478  18.129  -68.538  -25.270 0.0000000000
12448  15.469  -68.315  -24.283 0.0000000000
13354  15.429  -67.326  -24.873 0.0000000000
14262  12.960  -65.802  -25.181 0.0000000000
15174  10.539  -64.378  -23.726 0.0000000000
134413  12.454  -58.480  -21.496 0.0000000000
19737  10.786  -59.185  -20.797 0.0000000000
20700  10.508  -58.226  -19.610 0.0000000000
148460  8.182  -58.053  -19.432 0.0000000000
28597  20.283  -49.413  -21.140 0.0000000000
28586  19.610  -48.747  -20.028 0.0000000000
526  20.319  -90.742  -18.920 0.0000000000
337  18.619  -91.711  -17.263 0.0000000000
346  17.522  -91.755  -18.196 0.0000000000
355  16.650  -91.928  -19.488 0.0000000000
124271  9.295  -91.525  -19.300 0.0000000000
147829  10.634  -91.330  -22.232 0.0000000000
383  12.320  -91.374  -23.852 0.0000000000
568  13.475  -90.399  -25.556 0.0000000000
546  11.757  -90.434  -22.989 0.0000000000
754  12.952  -89.592  -21.212 0.0000000000
1285  13.340  -88.050  -19.101 0.0000000000
5459  9.583  -78.445  -20.369 0.0000000000
4335  10.650  -80.611  -18.541 0.0000000000
4898  11.046  -78.971  -18.940 0.0000000000
4870  11.899  -79.848  -15.878 0.0000000000
4859  13.268  -80.103  -14.733 0.0000000000
4878  14.822  -79.875  -16.375 0.0000000000
5877  14.701  -78.468  -14.814 0.0000000000
132399  15.491  -77.180  -15.092 0.0000000000
6351  16.988  -75.881  -15.443 0.0000000000
145094  15.339  -64.815  -19.871 0.0000000000
13299  14.193  -65.839  -19.746 0.0000000000
13274  15.022  -66.238  -17.717 0.0000000000
13249  14.814  -66.815  -15.610 0.0000000000
11540  15.672  -68.951  -14.037 0.0000000000
10717  17.373  -70.448  -15.461 0.0000000000
10703  18.676  -69.503  -15.327 0.0000000000
123762  19.838  -69.413  -17.196 0.0000000000
9963  21.468  -70.589  -19.855 0.0000000000
9985  22.650  -70.931  -22.361 0.0000000000
11619  21.490  -69.050  -20.281 0.0000000000
148464  22.026  -68.454  -21.129 0.0000000000
12419  22.312  -67.245  -20.907 0.0000000000
17631  22.934  -60.861  -14.336 0.0000000000
16799  23.441  -62.687  -16.381 0.0000000000
17666  24.411  -61.722  -16.626 0.0000000000
17705  24.794  -61.964  -18.540 0.0000000000
17728  25.486  -61.474  -20.586 0.0000000000
17754  25.628  -61.825  -22.383 0.0000000000
18714  26.127  -60.427  -20.472 0.0000000000
20695  26.965  -58.879  -19.485 0.0000000000
144580  27.711  -57.112  -18.898 0.0000000000
83  19.650  -93.047  -31.321 0.0000000000
31  18.645  -93.400  -31.220 0.0000000000
38  17.783  -94.098  -32.955 0.0000000000
103  17.409  -93.710  -35.410 0.0000000000
1130  20.903  -88.863  -37.905 0.0000000000
628  18.949  -90.294  -38.250 0.0000000000
149058  19.456  -89.221  -40.375 0.0000000000
1146  18.227  -89.135  -42.746 0.0000000000
898  18.789  -88.868  -44.816 0.0000000000
1165  20.772  -88.272  -46.368 0.0000000000
1482  19.762  -87.118  -46.064 0.0000000000
133164  20.921  -85.623  -47.833 0.0000000000
3627  21.403  -82.647  -48.297 0.0000000000
3985  20.216  -81.355  -32.553 0.0000000000
5074  21.930  -79.982  -34.090 0.0000000000
3036  20.248  -83.073  -33.914 0.0000000000
3056  20.482  -83.964  -35.643 0.0000000000
128505  20.409  -84.847  -37.202 0.0000000000
9986  7.255  -70.864  -22.545 0.0000000000
134103  7.843  -73.185  -23.904 0.0000000000
9304  6.342  -71.530  -22.607 0.0000000000
9335  6.357  -71.679  -24.499 0.0000000000
4390  10.470  -80.867  -24.283 0.0000000000
4418  8.800  -80.413  -25.606 0.0000000000
4953  10.197  -79.311  -25.379 0.0000000000
4999  10.481  -79.545  -28.255 0.0000000000
5024  12.088  -79.488  -30.159 0.0000000000
5988  13.626  -77.192  -28.830 0.0000000000
6025  13.642  -77.920  -31.483 0.0000000000
5038  13.496  -79.145  -32.164 0.0000000000
5569  12.541  -78.341  -34.002 0.0000000000
5053  9.347  -79.816  -32.661 0.0000000000
127198  8.160  -77.539  -33.025 0.0000000000
124715  19.017  -63.971  -28.112 0.0000000000
16086  16.108  -63.445  -26.832 0.0000000000
16954  17.665  -62.672  -27.464 0.0000000000
17799  15.213  -61.385  -25.804 0.0000000000
19791  14.756  -60.210  -25.197 0.0000000000
19787  18.227  -58.895  -26.093 0.0000000000
19773  14.687  -59.401  -24.910 0.0000000000
19775  12.606  -59.126  -23.929 0.0000000000
20722  14.274  -57.614  -21.326 0.0000000000
22526  12.601  -56.288  -21.010 0.0000000000
22552  11.392  -56.194  -23.246 0.0000000000
5455  7.521  -78.872  -20.183 0.0000000000
5901  8.132  -77.498  -17.649 0.0000000000
5918  7.381  -77.284  -19.615 0.0000000000
6894  7.689  -76.055  -19.211 0.0000000000
7455  8.726  -75.296  -18.829 0.0000000000
127762  8.792  -73.827  -17.883 0.0000000000
16000  16.467  -63.781  -20.636 0.0000000000
144404  17.728  -63.940  -18.221 0.0000000000
15941  17.843  -63.195  -16.131 0.0000000000
15050  18.695  -63.963  -13.957 0.0000000000
16801  19.125  -62.376  -16.400 0.0000000000
17669  19.709  -61.743  -15.785 0.0000000000
18661  20.934  -60.838  -15.913 0.0000000000
18668  22.420  -60.323  -18.356 0.0000000000
141954  22.095  -59.814  -16.273 0.0000000000
19671  22.441  -59.252  -15.555 0.0000000000
136097  23.338  -58.190  -15.112 0.0000000000
584  17.318  -90.355  -28.056 0.0000000000
595  16.351  -91.034  -30.170 0.0000000000
828  17.331  -89.551  -30.162 0.0000000000
141965  18.024  -88.877  -31.896 0.0000000000
1100  19.792  -88.697  -34.293 0.0000000000
1760  19.864  -86.062  -31.777 0.0000000000
1399  20.418  -87.377  -33.738 0.0000000000
1107  21.223  -88.318  -35.675 0.0000000000
1430  22.141  -87.788  -37.734 0.0000000000
135972  22.312  -87.006  -39.347 0.0000000000
2672  22.628  -85.392  -41.497 0.0000000000
1131  14.498  -88.360  -38.342 0.0000000000
1116  16.017  -89.124  -37.182 0.0000000000
1818  15.060  -87.218  -39.780 0.0000000000
2641  15.255  -84.449  -38.835 0.0000000000
26834  26.878  -51.722  -23.293 0.0000000000
25968  25.236  -52.483  -23.917 0.0000000000
27715  26.052  -50.688  -22.577 0.0000000000
139608  25.453  -49.509  -21.957 0.0000000000
4416  19.588  -80.590  -25.708 0.0000000000
4446  21.268  -80.068  -27.206 0.0000000000
5501  20.667  -78.268  -27.395 0.0000000000
6001  20.887  -77.404  -29.066 0.0000000000
5019  20.162  -79.114  -30.623 0.0000000000
5010  16.481  -79.232  -29.123 0.0000000000
5021  18.193  -79.614  -30.015 0.0000000000
4501  19.543  -80.592  -31.447 0.0000000000
3018  17.874  -82.838  -32.154 0.0000000000
2168  16.844  -85.863  -32.249 0.0000000000
1392  15.584  -87.806  -32.778 0.0000000000
3933  7.778  -81.923  -27.540 0.0000000000
2546  10.152  -83.455  -28.560 0.0000000000
2556  11.860  -85.033  -29.393 0.0000000000
3021  11.522  -83.646  -31.662 0.0000000000
2160  11.705  -85.224  -31.117 0.0000000000
1741  12.654  -86.552  -30.218 0.0000000000
136575  13.962  -87.223  -31.683 0.0000000000
131490  13.946  -88.282  -33.179 0.0000000000
853  13.743  -89.492  -35.563 0.0000000000
1441  13.238  -87.502  -38.572 0.0000000000
2676  13.354  -84.024  -41.881 0.0000000000
4082  12.782  -81.831  -43.511 0.0000000000
124254  11.388  -81.461  -41.639 0.0000000000
127145  17.193  -71.417  -27.692 0.0000000000
147343  14.311  -69.994  -28.376 0.0000000000
10874  14.707  -69.397  -27.391 0.0000000000
10032  12.772  -70.447  -24.890 0.0000000000
10002  11.266  -70.758  -23.751 0.0000000000
12451  13.088  -68.450  -24.229 0.0000000000
137465  11.364  -69.503  -23.663 0.0000000000
11657  8.687  -69.511  -23.145 0.0000000000
12440  6.303  -68.358  -21.605 0.0000000000
13331  4.908  -67.635  -20.378 0.0000000000
16073  13.384  -63.326  -25.489 0.0000000000
16047  11.178  -63.036  -24.032 0.0000000000
15165  9.612  -63.590  -22.413 0.0000000000
17750  9.051  -61.156  -20.809 0.0000000000
127896  8.489  -62.715  -20.377 0.0000000000
16018  7.533  -63.726  -19.952 0.0000000000
16861  5.352  -63.593  -18.746 0.0000000000
25970  23.508  -52.472  -23.858 0.0000000000
25114  21.379  -53.342  -24.675 0.0000000000
24257  18.380  -54.132  -24.907 0.0000000000
26840  19.494  -51.159  -22.726 0.0000000000
25103  18.198  -52.767  -24.045 0.0000000000
24259  16.635  -54.315  -24.714 0.0000000000
131043  14.718  -54.608  -24.296 0.0000000000
23414  11.751  -55.404  -24.604 0.0000000000
13  18.607  -94.147  -26.345 0.0000000000
65  17.490  -93.967  -26.475 0.0000000000
49  21.387  -93.068  -22.315 0.0000000000
57  18.731  -93.666  -24.175 0.0000000000
243  16.958  -91.968  -25.912 0.0000000000
572  17.664  -91.103  -25.790 0.0000000000
789  19.098  -89.813  -25.524 0.0000000000
1033  19.835  -88.680  -25.520 0.0000000000
761  19.992  -89.607  -21.020 0.0000000000
1019  20.311  -88.135  -23.031 0.0000000000
1334  20.346  -87.199  -25.199 0.0000000000
2088  20.417  -85.831  -24.512 0.0000000000
2488  20.033  -84.811  -23.842 0.0000000000
2930  18.869  -83.563  -23.629 0.0000000000
201  15.731  -92.345  -20.164 0.0000000000
192  12.262  -92.493  -20.105 0.0000000000
214  14.530  -92.449  -21.637 0.0000000000
131050  16.496  -90.113  -22.089 0.0000000000
1315  16.509  -87.786  -22.988 0.0000000000
2083  16.608  -85.443  -23.563 0.0000000000
2941  18.107  -83.105  -24.318 0.0000000000
130437  17.803  -83.547  -26.028 0.0000000000
2975  17.409  -83.457  -27.362 0.0000000000
2519  15.750  -84.181  -27.411 0.0000000000
1050  13.978  -88.007  -26.576 0.0000000000
2115  14.123  -86.260  -27.199 0.0000000000
2521  13.966  -84.627  -26.130 0.0000000000
2098  11.904  -85.224  -24.804 0.0000000000
2076  10.310  -84.123  -23.207 0.0000000000
2924  10.874  -83.427  -22.771 0.0000000000
2044  9.087  -85.766  -20.078 0.0000000000
128875  10.165  -86.224  -18.870 0.0000000000
1649  12.454  -86.886  -18.106 0.0000000000
133848  10.795  -83.260  -16.806 0.0000000000
2011  12.042  -85.087  -16.794 0.0000000000
2042  14.067  -85.552  -19.000 0.0000000000
2465  14.201  -84.542  -20.090 0.0000000000
2916  13.348  -83.382  -21.662 0.0000000000
3868  11.761  -81.789  -23.104 0.0000000000
4377  13.091  -80.636  -23.364 0.0000000000
4927  14.101  -79.337  -23.200 0.0000000000
5931  14.665  -77.860  -23.540 0.0000000000
5446  15.049  -78.560  -18.531 0.0000000000
5921  15.139  -78.016  -20.847 0.0000000000
5939  15.169  -77.102  -23.306 0.0000000000
6922  16.158  -75.797  -23.668 0.0000000000
7478  16.875  -75.291  -25.133 0.0000000000
7486  17.466  -74.890  -25.886 0.0000000000
7963  7.624  -73.279  -14.957 0.0000000000
7985  9.524  -73.598  -16.399 0.0000000000
12384  9.447  -67.649  -17.294 0.0000000000
130592  12.618  -67.339  -18.755 0.0000000000
11579  10.498  -68.398  -17.700 0.0000000000
131538  8.704  -69.221  -17.009 0.0000000000
9923  9.746  -70.393  -15.473 0.0000000000
7960  10.909  -73.083  -14.770 0.0000000000
8601  12.094  -72.970  -18.037 0.0000000000
8001  13.505  -73.326  -17.692 0.0000000000
7415  15.662  -74.033  -16.032 0.0000000000
147111  18.862  -75.207  -16.431 0.0000000000
131685  19.117  -72.333  -17.405 0.0000000000
7995  19.594  -73.364  -17.163 0.0000000000
6874  20.073  -75.395  -18.201 0.0000000000
6903  20.488  -75.951  -21.297 0.0000000000
7477  20.004  -75.309  -24.768 0.0000000000
126903  19.144  -73.855  -26.701 0.0000000000
140889  19.640  -73.244  -26.574 0.0000000000
9346  20.008  -71.802  -26.470 0.0000000000
10852  20.426  -70.763  -26.990 0.0000000000
10015  23.516  -71.056  -25.271 0.0000000000
10851  22.914  -71.628  -28.432 0.0000000000
10869  20.853  -70.074  -27.862 0.0000000000
11704  19.568  -68.260  -27.579 0.0000000000
129510  19.853  -66.926  -28.318 0.0000000000
13412  19.986  -66.006  -28.580 0.0000000000
14155  20.837  -65.157  -16.285 0.0000000000
14184  22.181  -66.025  -18.878 0.0000000000
14234  22.930  -66.291  -21.191 0.0000000000
15111  23.514  -64.158  -18.940 0.0000000000
14233  23.334  -65.900  -21.777 0.0000000000
126115  23.118  -66.477  -23.955 0.0000000000
13379  25.039  -65.990  -27.287 0.0000000000
123091  23.175  -64.936  -28.431 0.0000000000
15229  20.595  -64.521  -28.573 0.0000000000
16097  21.116  -63.263  -28.430 0.0000000000
16949  22.708  -62.400  -27.759 0.0000000000
126782  23.173  -60.983  -26.798 0.0000000000
124011  26.210  -60.950  -23.865 0.0000000000
123103  25.563  -60.257  -25.354 0.0000000000
142845  24.386  -59.510  -26.106 0.0000000000
20753  25.497  -58.005  -25.256 0.0000000000
23406  26.587  -55.821  -24.370 0.0000000000
24241  26.972  -54.012  -23.658 0.0000000000
22460  26.362  -56.462  -14.516 0.0000000000
23335  27.527  -55.928  -15.427 0.0000000000
23343  28.249  -55.307  -16.726 0.0000000000
23369  28.428  -55.334  -18.443 0.0000000000
25936  28.953  -53.020  -17.061 0.0000000000
24231  28.496  -54.686  -19.606 0.0000000000
143462  28.688  -53.393  -19.791 0.0000000000
139136  28.423  -53.005  -21.721 0.0000000000
25955  28.332  -52.160  -22.024 0.0000000000
136649  28.400  -49.835  -20.871 0.0000000000
30444  29.046  -47.472  -20.281 0.0000000000
136565  20.955  -92.512  -32.834 0.0000000000
265  22.839  -91.568  -34.935 0.0000000000
424  16.044  -91.481  -32.486 0.0000000000
272  16.352  -92.887  -35.553 0.0000000000
114  17.086  -93.026  -37.654 0.0000000000
629  17.938  -91.099  -38.734 0.0000000000
292  17.604  -92.190  -39.320 0.0000000000
119  19.638  -92.870  -39.109 0.0000000000
460  21.390  -91.626  -40.599 0.0000000000
642  23.299  -90.032  -41.895 0.0000000000
1854  23.593  -86.028  -47.230 0.0000000000
128192  22.719  -79.489  -29.477 0.0000000000
3972  23.498  -81.019  -31.799 0.0000000000
148075  24.407  -81.718  -33.973 0.0000000000
5085  23.271  -79.633  -35.086 0.0000000000
4549  24.517  -80.622  -35.285 0.0000000000
3054  24.016  -83.133  -35.956 0.0000000000
132787  23.666  -83.726  -38.611 0.0000000000
2661  23.481  -83.740  -40.626 0.0000000000
3135  23.204  -83.699  -43.394 0.0000000000
1424  17.791  -88.329  -36.754 0.0000000000
1806  18.455  -87.358  -37.800 0.0000000000
2226  19.004  -86.023  -39.400 0.0000000000
3094  17.653  -83.231  -38.219 0.0000000000
3102  18.111  -84.750  -40.539 0.0000000000
3111  19.584  -84.414  -41.385 0.0000000000
147054  19.359  -83.750  -42.609 0.0000000000
134932  20.427  -83.065  -44.137 0.0000000000
3601  22.227  -83.369  -44.948 0.0000000000
3617  19.097  -82.557  -47.498 0.0000000000
4117  19.258  -81.988  -48.027 0.0000000000
137603  12.744  -71.094  -29.194 0.0000000000
128879  10.659  -72.786  -29.147 0.0000000000
7518  10.156  -74.931  -29.184 0.0000000000
6940  8.280  -75.790  -24.376 0.0000000000
6954  9.202  -76.145  -26.764 0.0000000000
6460  9.516  -77.507  -29.013 0.0000000000
5525  7.929  -78.717  -29.671 0.0000000000
141696  7.320  -77.482  -31.104 0.0000000000
7546  8.595  -74.726  -32.997 0.0000000000
8733  6.562  -72.200  -31.353 0.0000000000
8132  7.372  -73.205  -32.730 0.0000000000
7565  8.967  -74.429  -34.343 0.0000000000
136270  7.966  -75.060  -36.191 0.0000000000
8086  16.467  -73.108  -27.455 0.0000000000
8087  15.517  -73.057  -27.695 0.0000000000
145136  15.667  -71.810  -28.243 0.0000000000
24242  26.238  -54.054  -24.232 0.0000000000
24251  24.669  -54.443  -25.093 0.0000000000
25110  25.218  -53.761  -24.570 0.0000000000
3412  20.687  -82.041  -26.081 0.0000000000
142719  21.188  -81.638  -27.684 0.0000000000
130308  21.272  -81.035  -27.486 0.0000000000
131680  8.951  -82.670  -23.798 0.0000000000
2957  8.238  -83.543  -25.107 0.0000000000
3879  8.313  -82.477  -24.338 0.0000000000
6061  8.922  -78.321  -34.566 0.0000000000
127495  9.191  -78.956  -35.084 0.0000000000
6518  10.243  -76.555  -35.396 0.0000000000
6526  10.676  -76.363  -36.162 0.0000000000
6517  10.385  -75.852  -35.526 0.0000000000
14298  18.397  -65.445  -27.659 0.0000000000
147187  16.259  -65.600  -26.401 0.0000000000
15208  16.966  -64.946  -27.015 0.0000000000
983  9.597  -88.213  -18.138 0.0000000000
1276  9.589  -87.298  -18.182 0.0000000000
1289  9.983  -88.010  -18.343 0.0000000000
1652  9.142  -86.410  -18.710 0.0000000000
140759  10.369  -74.920  -18.600 0.0000000000
6385  11.653  -76.095  -18.888 0.0000000000
6877  11.813  -75.185  -18.542 0.0000000000
137717  12.058  -74.249  -18.316 0.0000000000
15052  17.131  -64.213  -14.301 0.0000000000
15053  16.588  -65.005  -14.235 0.0000000000
147707  18.082  -65.253  -13.743 0.0000000000
13233  19.093  -66.725  -14.426 0.0000000000
14131  18.620  -65.910  -13.978 0.0000000000
13257  20.115  -66.611  -16.258 0.0000000000
13232  19.385  -65.705  -14.630 0.0000000000
19639  24.905  -58.124  -14.675 0.0000000000
19670  25.476  -59.471  -15.996 0.0000000000
20659  25.801  -58.787  -15.806 0.0000000000
20658  26.316  -58.522  -16.587 0.0000000000
20651  26.206  -57.983  -15.593 0.0000000000
135212  16.087  -92.958  -28.829 0.0000000000
76  16.406  -93.251  -29.582 0.0000000000
251  15.990  -92.492  -29.544 0.0000000000
1835  22.057  -85.990  -42.895 0.0000000000
144783  21.498  -86.602  -43.172 0.0000000000
1836  21.748  -86.175  -43.759 0.0000000000
1845  21.325  -85.968  -45.192 0.0000000000
2257  22.101  -85.436  -44.502 0.0000000000
1402  16.783  -88.100  -34.107 0.0000000000
1410  17.568  -87.817  -34.503 0.0000000000
1411  17.150  -88.592  -35.147 0.0000000000
6423  13.485  -77.645  -25.004 0.0000000000
5956  12.870  -77.894  -25.339 0.0000000000
6434  13.246  -77.164  -26.264 0.0000000000
6986  11.291  -75.182  -31.890 0.0000000000
6998  11.764  -75.469  -32.731 0.0000000000
6479  11.235  -76.277  -32.007 0.0000000000
136894  10.683  -77.057  -31.159 0.0000000000
143848  10.519  -76.613  -30.540 0.0000000000
18797  21.256  -60.351  -27.035 0.0000000000
18812  20.405  -60.609  -27.320 0.0000000000
18798  20.508  -59.875  -26.896 0.0000000000
22589  17.586  -56.268  -25.584 0.0000000000
143077  17.463  -57.046  -25.547 0.0000000000
22590  16.004  -56.325  -25.262 0.0000000000
22566  15.915  -55.618  -25.192 0.0000000000
17730  20.923  -61.587  -21.835 0.0000000000
1349  19.824  -87.444  -27.446 0.0000000000
1056  19.218  -87.859  -28.246 0.0000000000
129030  19.662  -87.128  -28.219 0.0000000000
3035  23.036  -83.857  -33.259 0.0000000000
2598  22.810  -84.983  -34.023 0.0000000000
2189  23.193  -85.474  -35.504 0.0000000000
2606  23.448  -84.599  -35.380 0.0000000000
4080  13.946  -82.070  -42.789 0.0000000000
4075  14.696  -81.951  -41.807 0.0000000000
135908  29.004  -46.761  -21.811 0.0000000000
31374  28.618  -47.020  -22.633 0.0000000000
3415  16.690  -81.884  -27.000 0.0000000000
133693  17.217  -80.524  -27.088 0.0000000000
3917  16.530  -80.814  -26.522 0.0000000000
3000  14.583  -83.356  -29.349 0.0000000000
3454  15.675  -82.417  -29.824 0.0000000000
2554  14.805  -84.116  -29.720 0.0000000000
146974  15.613  -83.978  -30.029 0.0000000000
2567  14.609  -85.080  -29.896 0.0000000000
4479  11.577  -80.295  -30.548 0.0000000000
3967  11.161  -81.139  -30.827 0.0000000000
4505  11.997  -80.684  -31.279 0.0000000000
2611  11.519  -84.356  -35.830 0.0000000000
127433  12.211  -85.120  -34.707 0.0000000000
147637  11.787  -84.936  -35.347 0.0000000000
124869  12.211  -86.427  -34.872 0.0000000000
2209  11.615  -85.174  -36.852 0.0000000000
2631  11.838  -85.000  -38.221 0.0000000000
144181  11.125  -83.337  -38.604 0.0000000000
10835  18.292  -70.036  -24.750 0.0000000000
10837  17.053  -70.065  -24.450 0.0000000000
10797  16.828  -69.417  -24.084 0.0000000000
14244  9.223  -65.346  -22.801 0.0000000000
13346  9.235  -66.115  -23.188 0.0000000000
14245  8.596  -65.497  -22.264 0.0000000000
14246  8.056  -66.049  -21.989 0.0000000000
15159  7.674  -64.826  -20.816 0.0000000000
18749  12.582  -60.168  -24.063 0.0000000000
17761  11.895  -61.025  -23.975 0.0000000000
18751  10.959  -59.578  -22.841 0.0000000000
28594  22.990  -49.500  -21.686 0.0000000000
27730  21.952  -50.587  -22.375 0.0000000000
27719  21.578  -50.023  -21.783 0.0000000000
133883  16.375  -50.727  -22.763 0.0000000000
26852  14.906  -51.165  -23.877 0.0000000000
143787  14.623  -51.819  -24.178 0.0000000000
26854  14.167  -51.367  -24.485 0.0000000000
176  20.902  -91.346  -18.605 0.0000000000
175  21.327  -91.350  -18.447 0.0000000000
188  20.408  -92.079  -19.668 0.0000000000
43  19.769  -92.787  -21.054 0.0000000000
200  19.834  -92.324  -20.320 0.0000000000
366  19.360  -91.522  -21.195 0.0000000000
359  19.634  -91.687  -20.364 0.0000000000
747  16.984  -89.960  -19.760 0.0000000000
988  18.014  -88.397  -19.486 0.0000000000
998  17.419  -88.155  -20.205 0.0000000000
1296  17.646  -87.335  -20.427 0.0000000000
999  16.936  -88.776  -20.790 0.0000000000
145100  13.637  -91.703  -25.292 0.0000000000
389  14.258  -92.113  -24.846 0.0000000000
396  15.265  -91.077  -25.525 0.0000000000
791  15.937  -89.737  -25.543 0.0000000000
566  15.299  -90.345  -25.963 0.0000000000
1040  16.044  -87.970  -26.521 0.0000000000
573  14.547  -90.073  -26.548 0.0000000000
1309  14.360  -87.889  -21.289 0.0000000000
1316  13.800  -87.795  -22.422 0.0000000000
1310  14.117  -87.466  -21.751 0.0000000000
1691  12.596  -86.344  -22.558 0.0000000000
1679  14.017  -86.151  -21.128 0.0000000000
4355  8.449  -80.501  -21.129 0.0000000000
3841  9.632  -81.599  -20.201 0.0000000000
4345  9.876  -80.902  -20.208 0.0000000000
3783  13.155  -81.646  -14.947 0.0000000000
3309  13.062  -82.367  -15.231 0.0000000000
133140  13.928  -82.470  -17.874 0.0000000000
3328  14.047  -81.820  -17.628 0.0000000000
3829  14.248  -81.071  -18.229 0.0000000000
3819  14.250  -81.147  -17.332 0.0000000000
6375  16.975  -76.577  -17.307 0.0000000000
6383  16.785  -76.560  -18.368 0.0000000000
6389  17.428  -76.144  -18.969 0.0000000000
6889  17.975  -75.893  -19.612 0.0000000000
6875  18.440  -75.866  -18.464 0.0000000000
11556  5.839  -68.238  -15.210 0.0000000000
10722  6.205  -68.942  -16.429 0.0000000000
9936  6.242  -69.433  -16.250 0.0000000000
10721  6.941  -69.151  -16.703 0.0000000000
15134  13.155  -64.764  -20.011 0.0000000000
11542  14.232  -69.187  -14.577 0.0000000000
11554  13.386  -68.662  -15.162 0.0000000000
126251  13.970  -70.055  -14.535 0.0000000000
9910  13.691  -70.756  -14.566 0.0000000000
9909  14.530  -70.726  -14.563 0.0000000000
9230  15.147  -71.287  -15.441 0.0000000000
9920  15.918  -70.939  -15.893 0.0000000000
131245  22.026  -71.344  -20.288 0.0000000000
8633  22.306  -72.331  -20.271 0.0000000000
8640  22.444  -72.884  -21.120 0.0000000000
8048  22.432  -73.240  -22.021 0.0000000000
8054  22.644  -73.186  -23.006 0.0000000000
147519  23.107  -72.996  -24.373 0.0000000000
137116  22.798  -72.345  -23.069 0.0000000000
11667  23.101  -68.425  -24.273 0.0000000000
11678  23.486  -68.333  -25.366 0.0000000000
124042  24.310  -68.091  -26.721 0.0000000000
12477  23.792  -67.303  -25.571 0.0000000000
15927  22.025  -63.108  -15.067 0.0000000000
16786  22.372  -62.427  -14.737 0.0000000000
16882  25.006  -63.244  -22.040 0.0000000000
16037  24.786  -63.889  -22.704 0.0000000000
16059  25.435  -64.608  -25.263 0.0000000000
16058  25.355  -63.997  -24.545 0.0000000000
16069  25.885  -63.648  -25.620 0.0000000000
16914  25.783  -63.151  -24.765 0.0000000000
21647  27.701  -57.407  -20.787 0.0000000000
20720  27.501  -57.730  -21.491 0.0000000000
125836  27.788  -56.939  -21.237 0.0000000000
123114  27.661  -57.111  -21.965 0.0000000000
22517  27.974  -56.112  -20.784 0.0000000000
107  19.590  -93.450  -36.300 0.0000000000
132502  20.425  -93.162  -36.030 0.0000000000
106  20.427  -93.176  -36.840 0.0000000000
141550  21.068  -92.654  -38.258 0.0000000000
285  20.280  -92.953  -38.362 0.0000000000
852  19.066  -89.790  -34.931 0.0000000000
615  18.431  -90.336  -35.536 0.0000000000
146947  19.024  -90.246  -36.423 0.0000000000
654  19.303  -90.376  -44.440 0.0000000000
649  18.899  -91.017  -44.025 0.0000000000
653  20.359  -90.253  -44.334 0.0000000000
142451  20.848  -90.604  -43.850 0.0000000000
889  21.641  -89.527  -44.733 0.0000000000
133993  22.586  -88.522  -45.012 0.0000000000
894  21.211  -89.302  -45.267 0.0000000000
5542  21.775  -78.115  -31.254 0.0000000000
5551  23.115  -77.972  -32.372 0.0000000000
5047  22.374  -78.628  -32.928 0.0000000000
3548  20.960  -82.861  -38.262 0.0000000000
3537  21.358  -82.265  -37.667 0.0000000000
3547  21.368  -82.277  -38.676 0.0000000000
3556  21.414  -82.323  -39.608 0.0000000000
3567  20.833  -83.151  -40.301 0.0000000000
3072  15.586  -83.772  -36.121 0.0000000000
2610  15.989  -84.771  -35.720 0.0000000000
5147  17.339  -78.955  -41.122 0.0000000000
129781  17.059  -79.686  -41.593 0.0000000000
146924  16.949  -79.382  -42.346 0.0000000000
4086  16.747  -80.491  -43.709 0.0000000000
4624  16.859  -79.449  -43.768 0.0000000000
148280  17.002  -79.432  -45.040 0.0000000000
135028  17.625  -78.779  -43.382 0.0000000000
144187  10.440  -71.769  -24.164 0.0000000000
9332  10.627  -71.793  -24.806 0.0000000000
8660  9.888  -72.418  -24.348 0.0000000000
129240  6.487  -72.653  -27.299 0.0000000000
7506  6.717  -74.852  -26.601 0.0000000000
8095  6.514  -73.254  -28.090 0.0000000000
128119  6.711  -73.961  -28.754 0.0000000000
6946  14.578  -75.408  -26.183 0.0000000000
7498  14.282  -74.997  -26.983 0.0000000000
7503  14.503  -74.269  -27.451 0.0000000000
8722  14.359  -72.545  -29.856 0.0000000000
8108  14.260  -73.312  -30.209 0.0000000000
8731  13.185  -72.918  -31.149 0.0000000000
8732  12.423  -73.052  -31.322 0.0000000000
8110  11.636  -73.059  -31.011 0.0000000000
21721  23.554  -57.529  -26.392 0.0000000000
21722  22.663  -57.770  -26.580 0.0000000000
22605  22.997  -56.979  -26.411 0.0000000000
24275  22.986  -54.844  -25.479 0.0000000000
23428  22.391  -55.481  -25.723 0.0000000000
23429  21.459  -55.339  -25.652 0.0000000000
139635  20.557  -55.196  -25.544 0.0000000000
24277  21.158  -54.539  -25.401 0.0000000000
124971  20.441  -84.956  -27.952 0.0000000000
2529  20.628  -84.447  -27.432 0.0000000000
132806  21.347  -81.930  -29.340 0.0000000000
3007  20.791  -83.156  -30.098 0.0000000000
3475  21.720  -82.554  -31.015 0.0000000000
3016  22.400  -83.096  -32.014 0.0000000000
3973  22.770  -81.526  -31.295 0.0000000000
2942  12.402  -82.891  -25.036 0.0000000000
3904  13.547  -81.863  -25.446 0.0000000000
3402  12.083  -82.524  -25.568 0.0000000000
2965  9.940  -83.108  -26.413 0.0000000000
3418  11.359  -82.628  -26.002 0.0000000000
3432  11.699  -82.710  -26.461 0.0000000000
3444  12.940  -82.972  -27.578 0.0000000000
2979  10.740  -83.402  -27.555 0.0000000000
5077  12.689  -79.923  -34.489 0.0000000000
4541  13.410  -80.833  -34.213 0.0000000000
4543  11.691  -80.344  -34.755 0.0000000000
4556  10.325  -80.562  -35.610 0.0000000000
4020  11.250  -81.083  -35.539 0.0000000000
4040  10.480  -81.099  -36.287 0.0000000000
125980  10.786  -81.912  -36.379 0.0000000000
4573  10.417  -80.772  -36.958 0.0000000000
4578  10.775  -81.100  -37.820 0.0000000000
4572  10.851  -80.199  -37.668 0.0000000000
6550  10.377  -76.666  -38.299 0.0000000000
6104  10.972  -77.398  -38.725 0.0000000000
6105  9.819  -77.015  -39.194 0.0000000000
6115  9.238  -77.311  -40.112 0.0000000000
6552  8.428  -76.084  -38.573 0.0000000000
12496  17.638  -67.771  -25.799 0.0000000000
12480  16.433  -67.706  -24.838 0.0000000000
13367  16.337  -67.188  -25.396 0.0000000000
13369  14.545  -65.836  -25.566 0.0000000000
13370  13.713  -65.509  -25.454 0.0000000000
14264  11.390  -65.342  -24.501 0.0000000000
15186  11.703  -64.702  -24.773 0.0000000000
20715  12.139  -58.034  -19.752 0.0000000000
20725  11.671  -58.890  -20.151 0.0000000000
20699  11.087  -57.776  -19.632 0.0000000000
21656  8.415  -56.937  -20.120 0.0000000000
21642  8.123  -57.352  -19.812 0.0000000000
29520  20.003  -48.747  -20.514 0.0000000000
29521  17.361  -48.534  -20.948 0.0000000000
336  19.442  -91.449  -17.086 0.0000000000
143899  16.475  -92.920  -17.420 0.0000000000
177  16.652  -92.359  -18.468 0.0000000000
166  15.955  -92.842  -18.023 0.0000000000
515  8.890  -90.149  -17.618 0.0000000000
540  10.160  -90.199  -20.861 0.0000000000
535  10.024  -90.857  -21.226 0.0000000000
548  10.491  -90.947  -22.145 0.0000000000
377  10.954  -91.263  -22.750 0.0000000000
547  10.958  -90.810  -22.630 0.0000000000
145872  12.061  -90.693  -23.561 0.0000000000
775  10.909  -90.227  -22.120 0.0000000000
992  11.250  -88.813  -19.621 0.0000000000
755  12.113  -89.551  -20.925 0.0000000000
125147  12.119  -89.073  -20.078 0.0000000000
1001  13.609  -89.045  -20.307 0.0000000000
1286  12.118  -88.486  -19.221 0.0000000000
5915  9.785  -77.630  -20.099 0.0000000000
129072  10.319  -78.990  -19.737 0.0000000000
5453  11.086  -77.906  -19.132 0.0000000000
5440  12.264  -77.934  -17.281 0.0000000000
5433  11.938  -78.760  -17.206 0.0000000000
4879  12.179  -79.131  -16.312 0.0000000000
4302  12.451  -80.197  -15.024 0.0000000000
4869  12.963  -79.393  -14.909 0.0000000000
4858  13.682  -79.401  -14.704 0.0000000000
5424  13.405  -78.711  -14.913 0.0000000000
137218  13.581  -76.037  -16.074 0.0000000000
5885  14.675  -77.538  -14.927 0.0000000000
6354  14.968  -76.553  -15.003 0.0000000000
5883  16.114  -76.830  -15.282 0.0000000000
6840  15.883  -75.381  -15.002 0.0000000000
14201  15.749  -65.104  -19.283 0.0000000000
14186  15.304  -65.758  -18.638 0.0000000000
14174  15.700  -65.734  -17.544 0.0000000000
14134  15.810  -66.005  -14.525 0.0000000000
13248  15.272  -66.361  -15.052 0.0000000000
13235  15.692  -66.792  -14.238 0.0000000000
12344  15.151  -67.760  -14.411 0.0000000000
11539  16.487  -68.500  -13.772 0.0000000000
10691  17.325  -69.319  -14.060 0.0000000000
11538  17.494  -68.420  -13.766 0.0000000000
11562  19.801  -68.467  -16.334 0.0000000000
11576  19.534  -69.227  -16.529 0.0000000000
10741  20.143  -69.589  -17.838 0.0000000000
9959  20.819  -70.301  -19.135 0.0000000000
10753  20.706  -69.561  -19.244 0.0000000000
138131  21.650  -69.825  -20.555 0.0000000000
11602  20.971  -68.987  -19.607 0.0000000000
13286  21.036  -66.981  -17.935 0.0000000000
12404  20.953  -67.859  -18.874 0.0000000000
12403  21.510  -67.634  -19.474 0.0000000000
11626  22.080  -67.923  -21.086 0.0000000000
13316  22.128  -67.075  -20.085 0.0000000000
18618  23.189  -60.113  -14.348 0.0000000000
17653  23.547  -61.500  -14.921 0.0000000000
127020  24.326  -61.140  -15.619 0.0000000000
18667  25.423  -60.325  -17.238 0.0000000000
17687  25.202  -60.930  -17.636 0.0000000000
17704  25.210  -61.241  -18.383 0.0000000000
16852  25.154  -61.888  -20.028 0.0000000000
148098  25.506  -61.087  -19.480 0.0000000000
18715  25.737  -60.964  -20.343 0.0000000000
18701  25.799  -60.703  -19.731 0.0000000000
20665  27.059  -58.151  -17.999 0.0000000000
20684  27.187  -58.178  -18.899 0.0000000000
20694  27.383  -58.166  -19.788 0.0000000000
21625  27.511  -57.433  -18.389 0.0000000000
125928  18.556  -93.514  -28.974 0.0000000000
27  18.528  -93.151  -30.398 0.0000000000
24  18.226  -93.491  -29.803 0.0000000000
34  16.711  -93.836  -31.719 0.0000000000
36  17.432  -94.112  -32.187 0.0000000000
39  16.988  -94.055  -32.891 0.0000000000
96  17.795  -93.955  -34.602 0.0000000000
98  16.567  -93.516  -34.482 0.0000000000
130047  21.044  -88.652  -38.699 0.0000000000
869  20.302  -89.052  -39.167 0.0000000000
1137  20.617  -88.405  -40.438 0.0000000000
1151  19.403  -87.927  -43.117 0.0000000000
1145  18.967  -88.570  -42.463 0.0000000000
1464  18.831  -87.885  -43.978 0.0000000000
1157  18.526  -88.484  -44.059 0.0000000000
1469  18.801  -87.757  -44.724 0.0000000000
1167  19.455  -87.744  -45.744 0.0000000000
1473  19.074  -87.196  -45.286 0.0000000000
2274  21.368  -85.035  -47.120 0.0000000000
2269  20.627  -86.137  -46.721 0.0000000000
2707  21.100  -84.865  -48.074 0.0000000000
3162  21.590  -83.906  -48.202 0.0000000000
3634  21.119  -83.259  -48.287 0.0000000000
3028  19.174  -82.982  -32.854 0.0000000000
3497  19.851  -82.673  -33.213 0.0000000000
3037  19.626  -83.437  -33.487 0.0000000000
133776  19.722  -85.632  -35.158 0.0000000000
2593  19.729  -84.819  -34.533 0.0000000000
2607  20.169  -84.959  -35.595 0.0000000000
2617  20.439  -84.527  -36.381 0.0000000000
2618  20.242  -85.468  -36.672 0.0000000000
10787  5.742  -70.263  -21.850 0.0000000000
9987  6.302  -70.984  -22.267 0.0000000000
9989  5.215  -70.029  -21.916 0.0000000000
10824  5.821  -68.988  -24.459 0.0000000000
132545  5.892  -69.947  -24.301 0.0000000000
9334  6.673  -71.463  -25.448 0.0000000000
10036  7.316  -70.373  -25.138 0.0000000000
4936  11.813  -79.882  -24.534 0.0000000000
4946  10.517  -79.738  -24.923 0.0000000000
5489  11.100  -79.179  -25.107 0.0000000000
5506  11.844  -78.297  -27.394 0.0000000000
140748  11.064  -78.653  -26.632 0.0000000000
5517  11.695  -78.735  -28.219 0.0000000000
131364  11.609  -79.394  -29.353 0.0000000000
5011  12.238  -78.976  -29.540 0.0000000000
135642  14.214  -75.531  -28.843 0.0000000000
6450  13.941  -76.437  -28.308 0.0000000000
6458  14.003  -76.513  -29.397 0.0000000000
6485  13.492  -76.429  -32.578 0.0000000000
6478  13.780  -76.930  -31.473 0.0000000000
6035  13.614  -77.469  -32.421 0.0000000000
5544  13.624  -78.361  -32.260 0.0000000000
137299  13.535  -78.113  -33.208 0.0000000000
5568  13.208  -78.359  -33.902 0.0000000000
6051  13.010  -77.857  -34.035 0.0000000000
5545  9.502  -79.254  -31.517 0.0000000000
5556  9.881  -79.490  -32.382 0.0000000000
5557  9.015  -79.658  -32.120 0.0000000000
5572  8.245  -79.107  -33.177 0.0000000000
139304  7.836  -78.691  -31.748 0.0000000000
127942  19.219  -63.108  -28.034 0.0000000000
16099  18.294  -63.478  -27.738 0.0000000000
16953  18.643  -62.329  -27.643 0.0000000000
18801  17.498  -60.516  -26.640 0.0000000000
17818  17.210  -61.268  -26.874 0.0000000000
17798  15.894  -61.019  -26.155 0.0000000000
18786  14.719  -60.978  -25.393 0.0000000000
18785  15.401  -60.582  -25.622 0.0000000000
20781  20.362  -58.332  -26.471 0.0000000000
20783  19.044  -58.935  -26.355 0.0000000000
20765  18.918  -58.185  -26.060 0.0000000000
21695  15.733  -57.927  -25.091 0.0000000000
20768  16.121  -58.805  -25.321 0.0000000000
19772  15.259  -58.753  -25.015 0.0000000000
137637  13.930  -59.006  -24.529 0.0000000000
20755  13.251  -58.459  -24.174 0.0000000000
20737  12.830  -58.071  -23.362 0.0000000000
20736  13.517  -57.280  -23.791 0.0000000000
22550  14.365  -55.917  -22.238 0.0000000000
22535  14.830  -56.428  -21.575 0.0000000000
22536  13.908  -56.017  -21.400 0.0000000000
22537  12.259  -56.153  -21.934 0.0000000000
22551  13.312  -55.817  -22.512 0.0000000000
125772  7.364  -79.385  -19.450 0.0000000000
5449  7.776  -78.438  -18.298 0.0000000000
6358  6.556  -76.195  -15.966 0.0000000000
6369  7.229  -76.622  -16.574 0.0000000000
6378  7.015  -77.051  -17.367 0.0000000000
5910  7.273  -77.843  -19.124 0.0000000000
5903  6.932  -77.089  -18.849 0.0000000000
6395  7.992  -76.780  -19.778 0.0000000000
6386  6.807  -76.577  -18.462 0.0000000000
7988  6.379  -74.232  -16.581 0.0000000000
7446  7.734  -74.846  -18.366 0.0000000000
7430  7.683  -74.195  -17.975 0.0000000000
7444  9.099  -74.525  -18.566 0.0000000000
125517  7.314  -73.968  -17.312 0.0000000000
16014  16.201  -63.161  -21.111 0.0000000000
16013  17.177  -63.266  -21.003 0.0000000000
16856  19.004  -63.031  -20.473 0.0000000000
15998  18.357  -63.489  -19.789 0.0000000000
15978  18.432  -63.497  -18.345 0.0000000000
15962  17.836  -63.607  -17.292 0.0000000000
15961  18.510  -63.043  -16.928 0.0000000000
16802  18.443  -62.648  -15.635 0.0000000000
16825  19.261  -62.875  -17.796 0.0000000000
16823  20.661  -62.013  -18.366 0.0000000000
16824  20.033  -62.183  -17.276 0.0000000000
142194  20.714  -61.659  -17.455 0.0000000000
17668  20.455  -61.448  -16.457 0.0000000000
18670  21.142  -61.160  -17.052 0.0000000000
19677  22.772  -59.647  -17.618 0.0000000000
144504  22.133  -60.261  -17.307 0.0000000000
20668  23.234  -58.807  -17.287 0.0000000000
21600  23.529  -57.526  -16.048 0.0000000000
21582  23.914  -57.487  -14.782 0.0000000000
805  17.914  -89.893  -27.788 0.0000000000
587  17.139  -90.217  -28.903 0.0000000000
818  17.609  -89.470  -29.394 0.0000000000
138679  18.500  -87.861  -30.821 0.0000000000
832  18.215  -88.433  -31.315 0.0000000000
1085  18.545  -88.373  -32.241 0.0000000000
1091  18.809  -88.684  -33.147 0.0000000000
1084  19.160  -88.058  -32.855 0.0000000000
2143  19.882  -85.121  -30.511 0.0000000000
2157  19.618  -85.890  -30.869 0.0000000000
2156  20.126  -85.340  -31.407 0.0000000000
1786  21.730  -86.534  -34.404 0.0000000000
1780  20.656  -86.645  -33.420 0.0000000000
1398  21.033  -86.927  -34.168 0.0000000000
1409  20.778  -87.674  -34.441 0.0000000000
1416  21.710  -87.784  -35.534 0.0000000000
144149  21.524  -88.375  -36.785 0.0000000000
1422  22.278  -87.545  -36.131 0.0000000000
2204  22.887  -86.194  -38.334 0.0000000000
125385  22.643  -87.047  -37.963 0.0000000000
1811  22.687  -86.199  -39.164 0.0000000000
1817  22.403  -86.329  -40.088 0.0000000000
2225  22.905  -85.428  -39.711 0.0000000000
1446  14.369  -87.484  -39.866 0.0000000000
1439  14.602  -87.675  -39.028 0.0000000000
1450  14.785  -86.940  -40.534 0.0000000000
3105  15.234  -83.658  -40.272 0.0000000000
3086  15.174  -82.792  -38.080 0.0000000000
27713  27.675  -50.637  -21.931 0.0000000000
26829  26.646  -51.147  -22.855 0.0000000000
28591  27.094  -49.800  -21.768 0.0000000000
30460  26.918  -48.054  -23.140 0.0000000000
129192  25.840  -48.736  -21.964 0.0000000000
30461  25.821  -48.201  -22.457 0.0000000000
29515  25.024  -48.639  -22.079 0.0000000000
4417  18.836  -80.860  -25.876 0.0000000000
4965  20.255  -79.539  -26.444 0.0000000000
4966  19.760  -79.301  -26.620 0.0000000000
5513  18.673  -78.274  -28.553 0.0000000000
5512  19.626  -77.819  -28.345 0.0000000000
6002  20.032  -77.577  -28.994 0.0000000000
5530  20.508  -78.070  -30.080 0.0000000000
5531  19.611  -78.693  -29.960 0.0000000000
4451  14.883  -80.386  -27.084 0.0000000000
4996  15.767  -79.467  -27.855 0.0000000000
4478  15.765  -79.634  -28.726 0.0000000000
3966  16.850  -81.662  -30.542 0.0000000000
4489  17.541  -80.269  -30.208 0.0000000000
3964  17.980  -80.874  -31.018 0.0000000000
4487  19.151  -80.158  -30.922 0.0000000000
4502  18.792  -80.757  -31.260 0.0000000000
3974  19.193  -81.198  -31.787 0.0000000000
3477  17.336  -82.501  -31.584 0.0000000000
2158  16.296  -85.471  -31.533 0.0000000000
129252  17.001  -84.293  -31.761 0.0000000000
1762  16.167  -86.340  -31.858 0.0000000000
1771  16.671  -86.649  -32.658 0.0000000000
1772  16.013  -87.177  -32.259 0.0000000000
4437  8.716  -80.289  -26.568 0.0000000000
3921  7.689  -81.702  -26.718 0.0000000000
4454  8.034  -81.045  -27.418 0.0000000000
3011  9.985  -82.888  -29.695 0.0000000000
3456  9.425  -82.383  -29.180 0.0000000000
2557  10.520  -83.594  -29.417 0.0000000000
2545  10.834  -84.050  -28.852 0.0000000000
139337  11.127  -84.287  -29.426 0.0000000000
3488  13.638  -82.441  -32.809 0.0000000000
3489  13.263  -82.783  -32.368 0.0000000000
3030  13.623  -83.425  -32.783 0.0000000000
1773  13.004  -86.036  -32.834 0.0000000000
2171  11.964  -85.201  -31.844 0.0000000000
135805  12.127  -85.914  -31.666 0.0000000000
1754  12.321  -86.352  -30.369 0.0000000000
1375  12.694  -86.209  -30.913 0.0000000000
1752  13.215  -86.597  -30.594 0.0000000000
1386  13.245  -86.342  -31.635 0.0000000000
1412  12.765  -87.865  -34.429 0.0000000000
130218  13.580  -88.109  -33.452 0.0000000000
1105  12.876  -88.713  -34.971 0.0000000000
1104  13.327  -89.117  -34.739 0.0000000000
1120  12.810  -88.589  -36.221 0.0000000000
1127  13.017  -88.616  -37.265 0.0000000000
1435  12.857  -87.688  -37.615 0.0000000000
3106  12.132  -84.011  -40.266 0.0000000000
2229  12.855  -85.659  -39.902 0.0000000000
2666  13.016  -84.505  -41.209 0.0000000000
3123  13.054  -83.318  -42.243 0.0000000000
3590  12.298  -82.058  -42.821 0.0000000000
4583  11.533  -80.681  -39.641 0.0000000000
4064  11.470  -81.622  -39.859 0.0000000000
130956  11.203  -80.662  -41.436 0.0000000000
10065  17.162  -70.378  -27.403 0.0000000000
10066  16.190  -69.951  -27.777 0.0000000000
10872  16.671  -69.552  -26.993 0.0000000000
134364  14.262  -70.132  -24.285 0.0000000000
10840  14.363  -69.595  -25.520 0.0000000000
10017  13.417  -70.352  -24.123 0.0000000000
10018  12.599  -70.636  -24.022 0.0000000000
10001  12.286  -70.491  -23.825 0.0000000000
138142  13.798  -67.690  -24.494 0.0000000000
12449  14.668  -68.245  -24.340 0.0000000000
148571  9.482  -67.349  -23.567 0.0000000000
12452  10.742  -67.925  -24.031 0.0000000000
11656  9.732  -69.136  -23.410 0.0000000000
11636  7.903  -68.891  -22.910 0.0000000000
14237  5.990  -66.382  -20.417 0.0000000000
13330  5.580  -67.267  -20.604 0.0000000000
13320  5.014  -66.946  -19.881 0.0000000000
13321  4.513  -66.907  -20.237 0.0000000000
14206  4.000  -65.473  -19.459 0.0000000000
16944  15.491  -62.747  -26.481 0.0000000000
16087  15.399  -63.533  -26.523 0.0000000000
16931  13.563  -62.667  -25.367 0.0000000000
16903  11.193  -62.345  -23.878 0.0000000000
16904  10.712  -62.653  -23.461 0.0000000000
16048  10.628  -63.507  -23.587 0.0000000000
16895  9.788  -62.530  -22.311 0.0000000000
19728  9.706  -59.424  -20.276 0.0000000000
139529  9.460  -60.507  -21.241 0.0000000000
142234  9.156  -60.282  -20.411 0.0000000000
17721  7.456  -61.630  -18.927 0.0000000000
147213  8.525  -61.557  -19.841 0.0000000000
142595  7.155  -62.496  -19.148 0.0000000000
16874  7.807  -63.048  -19.737 0.0000000000
16003  6.716  -63.464  -19.366 0.0000000000
25961  24.754  -51.916  -23.462 0.0000000000
25969  24.274  -52.461  -23.795 0.0000000000
26845  23.658  -51.916  -23.432 0.0000000000
25972  21.446  -52.275  -23.818 0.0000000000
25983  21.867  -52.774  -24.281 0.0000000000
25984  21.010  -52.770  -24.255 0.0000000000
137084  20.176  -53.811  -24.896 0.0000000000
25985  20.177  -52.728  -24.224 0.0000000000
27722  19.055  -50.370  -20.804 0.0000000000
27732  19.960  -50.478  -22.172 0.0000000000
27733  19.004  -50.952  -21.458 0.0000000000
25976  17.050  -52.568  -23.488 0.0000000000
25975  17.701  -52.455  -23.406 0.0000000000
25104  17.378  -52.933  -24.049 0.0000000000
124265  17.864  -53.488  -24.474 0.0000000000
25118  16.222  -53.737  -24.241 0.0000000000
24260  15.835  -54.475  -24.511 0.0000000000
25119  15.266  -53.692  -24.300 0.0000000000
127528  12.319  -53.976  -25.057 0.0000000000
127916  12.524  -54.972  -24.741 0.0000000000
24264  11.555  -54.549  -25.115 0.0000000000
23397  10.875  -55.758  -24.341 0.0000000000
8  19.208  -94.035  -25.689 0.0000000000
14  17.932  -94.143  -26.283 0.0000000000
9  18.448  -94.062  -25.416 0.0000000000
186  21.901  -92.155  -19.344 0.0000000000
44  22.073  -92.858  -21.573 0.0000000000
125776  18.935  -93.057  -22.937 0.0000000000
1  19.060  -93.472  -23.420 0.0000000000
58  18.278  -93.270  -24.472 0.0000000000
61  17.719  -93.323  -25.313 0.0000000000
387  17.813  -92.564  -24.736 0.0000000000
406  17.261  -91.120  -26.584 0.0000000000
395  17.554  -91.813  -25.158 0.0000000000
550  19.203  -90.298  -23.320 0.0000000000
781  18.725  -90.321  -24.953 0.0000000000
780  19.367  -89.757  -24.794 0.0000000000
788  19.591  -89.327  -25.327 0.0000000000
1027  19.840  -88.964  -24.607 0.0000000000
519  19.429  -90.111  -18.129 0.0000000000
532  20.314  -90.075  -19.693 0.0000000000
981  20.168  -88.854  -19.031 0.0000000000
1306  19.786  -87.297  -21.085 0.0000000000
125651  20.273  -88.002  -21.240 0.0000000000
1314  20.270  -87.323  -22.489 0.0000000000
1026  20.156  -88.109  -23.976 0.0000000000
1321  20.362  -87.330  -23.430 0.0000000000
133549  20.427  -86.669  -24.658 0.0000000000
1698  20.239  -86.562  -23.012 0.0000000000
2059  18.391  -85.479  -21.626 0.0000000000
2082  19.577  -85.098  -22.974 0.0000000000
2478  18.724  -84.597  -22.647 0.0000000000
2499  19.622  -83.843  -23.896 0.0000000000
2479  17.791  -84.381  -22.667 0.0000000000
134496  14.132  -92.289  -19.120 0.0000000000
190  15.397  -92.400  -19.489 0.0000000000
202  14.916  -92.395  -20.179 0.0000000000
146571  10.742  -92.445  -19.997 0.0000000000
193  11.452  -92.460  -19.563 0.0000000000
146357  11.760  -92.552  -20.966 0.0000000000
381  15.392  -91.988  -23.231 0.0000000000
222  14.995  -92.318  -22.477 0.0000000000
376  15.799  -91.804  -22.368 0.0000000000
375  16.296  -91.025  -22.101 0.0000000000
544  16.365  -90.408  -22.984 0.0000000000
771  16.575  -89.289  -22.496 0.0000000000
1021  16.503  -88.623  -23.242 0.0000000000
1705  16.506  -86.776  -24.914 0.0000000000
127375  16.453  -86.323  -23.925 0.0000000000
2501  16.864  -84.873  -24.112 0.0000000000
2500  17.271  -84.184  -24.047 0.0000000000
2089  17.250  -84.740  -25.226 0.0000000000
131473  17.678  -83.688  -24.866 0.0000000000
1717  16.319  -86.445  -27.244 0.0000000000
2103  17.130  -84.775  -27.438 0.0000000000
2113  16.538  -85.034  -27.884 0.0000000000
2531  16.534  -84.326  -27.833 0.0000000000
135413  16.078  -84.903  -28.067 0.0000000000
792  13.507  -89.267  -25.162 0.0000000000
576  13.806  -89.479  -25.797 0.0000000000
125855  13.583  -88.607  -25.451 0.0000000000
1344  12.860  -86.996  -25.148 0.0000000000
1726  13.266  -87.083  -26.607 0.0000000000
138876  13.056  -86.465  -25.909 0.0000000000
2106  13.626  -85.601  -26.384 0.0000000000
2107  12.853  -85.812  -25.777 0.0000000000
2522  13.097  -84.839  -25.560 0.0000000000
1712  12.411  -85.739  -24.796 0.0000000000
2074  11.629  -84.915  -22.743 0.0000000000
2084  11.302  -84.631  -23.093 0.0000000000
2075  11.019  -84.431  -22.745 0.0000000000
2483  9.962  -84.006  -22.985 0.0000000000
2918  11.682  -84.012  -22.439 0.0000000000
2901  7.735  -83.591  -19.360 0.0000000000
2052  8.657  -84.973  -20.156 0.0000000000
141592  8.607  -83.991  -20.161 0.0000000000
2458  10.012  -83.797  -19.317 0.0000000000
134796  9.841  -84.732  -19.470 0.0000000000
144879  10.735  -85.867  -17.981 0.0000000000
1641  11.079  -86.517  -17.952 0.0000000000
2023  11.496  -85.747  -17.350 0.0000000000
3821  10.788  -81.112  -17.707 0.0000000000
130006  10.595  -81.957  -17.810 0.0000000000
3809  10.901  -81.545  -16.844 0.0000000000
2875  12.535  -83.785  -16.001 0.0000000000
2420  11.970  -84.016  -15.884 0.0000000000
2010  12.612  -84.790  -16.938 0.0000000000
2021  13.131  -85.743  -17.958 0.0000000000
2448  13.734  -85.082  -18.353 0.0000000000
2041  14.242  -85.259  -19.662 0.0000000000
123955  13.980  -84.254  -18.672 0.0000000000
124962  14.180  -82.907  -19.888 0.0000000000
2908  13.942  -83.193  -20.766 0.0000000000
3361  13.694  -82.747  -21.301 0.0000000000
3369  12.453  -82.431  -22.586 0.0000000000
3858  13.222  -82.008  -22.230 0.0000000000
3867  12.941  -81.521  -22.943 0.0000000000
3866  13.653  -81.402  -22.053 0.0000000000
136988  14.340  -80.269  -20.352 0.0000000000
4364  14.387  -80.035  -21.174 0.0000000000
4916  14.588  -79.267  -21.370 0.0000000000
141011  14.679  -78.527  -22.955 0.0000000000
5465  14.879  -78.386  -21.774 0.0000000000
4888  15.198  -79.129  -16.554 0.0000000000
4889  14.804  -79.646  -17.360 0.0000000000
4896  15.138  -78.871  -17.573 0.0000000000
5912  16.149  -76.901  -19.853 0.0000000000
5913  15.610  -77.460  -19.574 0.0000000000
6406  16.143  -77.076  -21.769 0.0000000000
6407  15.571  -77.023  -22.566 0.0000000000
6410  16.112  -76.583  -22.585 0.0000000000
142850  15.770  -76.099  -23.534 0.0000000000
6914  16.167  -76.197  -23.135 0.0000000000
125886  17.890  -76.112  -22.106 0.0000000000
6921  16.932  -75.994  -23.657 0.0000000000
6920  17.936  -76.062  -23.557 0.0000000000
6937  17.754  -75.372  -25.302 0.0000000000
6927  18.627  -75.778  -24.192 0.0000000000
9224  7.647  -71.723  -14.805 0.0000000000
8575  7.377  -72.647  -14.741 0.0000000000
7962  8.469  -73.073  -14.831 0.0000000000
140173  8.328  -73.522  -15.613 0.0000000000
7971  9.371  -73.378  -15.083 0.0000000000
13288  13.692  -67.029  -18.666 0.0000000000
12405  13.260  -66.543  -19.146 0.0000000000
12383  12.877  -67.746  -18.257 0.0000000000
143948  11.217  -68.907  -16.569 0.0000000000
11578  11.481  -68.341  -17.683 0.0000000000
10731  10.289  -68.661  -17.416 0.0000000000
10732  9.382  -68.888  -17.321 0.0000000000
10719  9.446  -69.321  -16.808 0.0000000000
9933  9.106  -69.810  -16.243 0.0000000000
9922  10.541  -70.222  -15.377 0.0000000000
8572  12.367  -72.525  -14.732 0.0000000000
135506  11.266  -72.397  -14.608 0.0000000000
7982  12.422  -73.025  -15.253 0.0000000000
8588  11.883  -72.975  -17.114 0.0000000000
8600  12.761  -72.752  -17.492 0.0000000000
8019  12.920  -73.249  -17.789 0.0000000000
8018  13.457  -72.923  -17.601 0.0000000000
7998  16.393  -72.839  -16.989 0.0000000000
7980  15.995  -73.313  -16.630 0.0000000000
7979  17.017  -73.348  -16.639 0.0000000000
7405  17.884  -74.646  -15.758 0.0000000000
7414  18.158  -73.932  -16.165 0.0000000000
9931  17.602  -70.647  -16.040 0.0000000000
9941  18.017  -71.055  -16.496 0.0000000000
9249  18.470  -71.636  -17.051 0.0000000000
8032  21.505  -73.172  -18.819 0.0000000000
8017  20.092  -72.593  -17.707 0.0000000000
7439  21.036  -74.611  -18.677 0.0000000000
6861  20.555  -74.653  -17.931 0.0000000000
6886  20.717  -75.559  -19.505 0.0000000000
144341  20.461  -75.871  -20.260 0.0000000000
6896  21.263  -75.526  -20.661 0.0000000000
7472  21.330  -74.845  -24.152 0.0000000000
6917  21.184  -75.268  -23.204 0.0000000000
140696  20.734  -74.914  -24.807 0.0000000000
7492  19.433  -74.565  -26.148 0.0000000000
8069  20.415  -74.258  -25.956 0.0000000000
8681  18.955  -72.975  -27.018 0.0000000000
124499  19.972  -73.818  -26.330 0.0000000000
8669  22.469  -72.971  -26.310 0.0000000000
9345  20.830  -72.403  -26.687 0.0000000000
145043  20.622  -71.855  -26.741 0.0000000000
136513  20.097  -71.249  -26.572 0.0000000000
10048  21.054  -71.554  -27.089 0.0000000000
127773  22.753  -70.053  -22.551 0.0000000000
10016  23.357  -71.151  -24.193 0.0000000000
10817  23.404  -70.187  -24.557 0.0000000000
10850  24.094  -71.094  -27.972 0.0000000000
141161  23.716  -70.858  -26.640 0.0000000000
10063  21.639  -71.201  -27.731 0.0000000000
10868  21.915  -70.714  -29.242 0.0000000000
10870  20.064  -69.012  -27.865 0.0000000000
134555  20.732  -69.163  -29.700 0.0000000000
12526  21.904  -67.314  -30.087 0.0000000000
126138  20.841  -67.556  -30.101 0.0000000000
146227  20.881  -66.987  -28.935 0.0000000000
123090  20.673  -66.648  -28.749 0.0000000000
123087  21.846  -66.334  -29.236 0.0000000000
15049  19.571  -63.595  -14.130 0.0000000000
15068  20.211  -64.242  -14.658 0.0000000000
15098  22.223  -64.590  -17.467 0.0000000000
15099  21.726  -64.681  -16.884 0.0000000000
14183  22.241  -65.281  -18.172 0.0000000000
13297  22.413  -66.441  -19.786 0.0000000000
14220  22.947  -66.029  -20.321 0.0000000000
16838  23.936  -63.023  -18.022 0.0000000000
15959  23.388  -63.211  -17.317 0.0000000000
15976  23.953  -63.406  -18.811 0.0000000000
15164  23.928  -65.355  -22.118 0.0000000000
15156  23.954  -65.248  -21.248 0.0000000000
14242  23.584  -65.685  -22.643 0.0000000000
14243  23.118  -66.136  -22.470 0.0000000000
14252  23.423  -65.978  -23.757 0.0000000000
13365  24.416  -66.620  -25.752 0.0000000000
14261  23.908  -66.236  -24.793 0.0000000000
14284  24.804  -65.457  -27.604 0.0000000000
14308  21.854  -65.200  -28.702 0.0000000000
123094  22.774  -64.302  -28.427 0.0000000000
16105  21.306  -64.006  -28.550 0.0000000000
16096  22.170  -63.607  -28.404 0.0000000000
145170  24.893  -62.500  -26.743 0.0000000000
16941  23.456  -62.354  -27.447 0.0000000000
17814  23.934  -61.867  -26.948 0.0000000000
17815  22.884  -61.656  -27.339 0.0000000000
18794  24.138  -61.062  -26.434 0.0000000000
18740  26.017  -61.059  -21.898 0.0000000000
17760  25.780  -61.867  -23.404 0.0000000000
18748  26.293  -60.438  -23.177 0.0000000000
123106  26.253  -59.363  -24.137 0.0000000000
123104  26.109  -60.209  -24.537 0.0000000000
19784  25.735  -59.489  -25.029 0.0000000000
19785  25.032  -59.554  -25.691 0.0000000000
19771  25.278  -58.788  -25.449 0.0000000000
132583  24.627  -58.868  -26.017 0.0000000000
20752  26.092  -57.918  -24.577 0.0000000000
123116  27.219  -56.141  -23.152 0.0000000000
22548  26.959  -56.310  -23.773 0.0000000000
23392  27.036  -55.476  -23.675 0.0000000000
132538  26.836  -54.665  -23.843 0.0000000000
23385  27.289  -54.786  -23.219 0.0000000000
22459  27.028  -55.880  -14.590 0.0000000000
137297  28.340  -54.753  -16.279 0.0000000000
23357  28.366  -55.292  -17.585 0.0000000000
24197  28.521  -54.489  -17.061 0.0000000000
25923  29.107  -52.298  -16.506 0.0000000000
25935  29.102  -52.269  -17.391 0.0000000000
128121  28.665  -54.043  -18.392 0.0000000000
25080  28.775  -53.312  -18.406 0.0000000000
25081  28.629  -53.876  -19.148 0.0000000000
25944  28.756  -52.941  -19.174 0.0000000000
123127  28.818  -51.192  -19.892 0.0000000000
123124  28.781  -52.688  -20.076 0.0000000000
125630  28.752  -51.921  -20.420 0.0000000000
123125  28.576  -51.238  -20.896 0.0000000000
26827  28.199  -51.351  -21.868 0.0000000000
27710  28.635  -50.480  -20.427 0.0000000000
29499  29.051  -48.196  -19.898 0.0000000000
31351  29.210  -46.805  -20.207 0.0000000000
132122  20.087  -93.058  -32.039 0.0000000000
84  20.752  -92.392  -32.068 0.0000000000
85  20.421  -93.016  -32.783 0.0000000000
450  22.842  -91.327  -38.788 0.0000000000
627  23.656  -90.269  -39.358 0.0000000000
634  23.442  -90.134  -40.262 0.0000000000
599  16.971  -90.022  -31.534 0.0000000000
604  16.483  -90.793  -31.965 0.0000000000
147880  16.543  -90.768  -32.690 0.0000000000
442  16.755  -91.691  -36.121 0.0000000000
436  16.714  -91.312  -35.227 0.0000000000
277  16.636  -92.556  -36.349 0.0000000000
110  16.617  -93.141  -36.060 0.0000000000
282  16.904  -92.596  -37.292 0.0000000000
871  18.481  -90.165  -39.963 0.0000000000
632  18.697  -90.266  -39.169 0.0000000000
633  17.785  -90.950  -39.847 0.0000000000
466  18.606  -92.027  -41.992 0.0000000000
296  17.793  -92.002  -40.478 0.0000000000
295  18.520  -92.299  -40.510 0.0000000000
291  18.089  -92.476  -39.704 0.0000000000
294  19.450  -92.327  -40.491 0.0000000000
289  20.050  -92.439  -39.778 0.0000000000
461  20.515  -91.824  -41.280 0.0000000000
647  22.435  -90.186  -43.148 0.0000000000
643  22.610  -90.434  -42.337 0.0000000000
882  23.198  -89.859  -42.680 0.0000000000
880  24.037  -89.053  -42.514 0.0000000000
1148  24.054  -88.701  -43.191 0.0000000000
1479  21.534  -87.187  -47.140 0.0000000000
1476  22.375  -87.093  -46.676 0.0000000000
1859  22.833  -86.053  -47.668 0.0000000000
5511  21.953  -78.440  -28.332 0.0000000000
4993  22.283  -79.246  -28.701 0.0000000000
137325  22.844  -78.707  -29.445 0.0000000000
5033  24.458  -78.919  -32.499 0.0000000000
136008  24.154  -79.327  -31.301 0.0000000000
4513  24.482  -79.782  -32.819 0.0000000000
3984  23.901  -81.342  -32.557 0.0000000000
3999  24.536  -80.928  -33.871 0.0000000000
128304  21.705  -80.855  -34.662 0.0000000000
4538  22.425  -80.042  -34.972 0.0000000000
4568  24.042  -81.129  -37.174 0.0000000000
4561  24.216  -80.796  -36.432 0.0000000000
4035  24.300  -81.282  -36.787 0.0000000000
3518  24.498  -81.927  -35.290 0.0000000000
3528  24.338  -82.402  -36.626 0.0000000000
3080  23.928  -83.271  -36.841 0.0000000000
3536  24.065  -82.662  -38.431 0.0000000000
3564  23.346  -82.750  -40.860 0.0000000000
3110  23.580  -83.036  -40.846 0.0000000000
3573  23.406  -82.969  -41.609 0.0000000000
2671  23.339  -84.078  -42.061 0.0000000000
131566  23.266  -83.385  -42.797 0.0000000000
142934  15.279  -88.342  -38.022 0.0000000000
1425  16.817  -88.704  -36.974 0.0000000000
1808  15.807  -87.646  -37.480 0.0000000000
2206  17.324  -86.166  -37.738 0.0000000000
147916  17.221  -86.877  -37.739 0.0000000000
1812  17.979  -86.807  -38.175 0.0000000000
2215  19.033  -86.409  -38.671 0.0000000000
2639  18.379  -85.697  -39.318 0.0000000000
3083  17.899  -82.910  -37.157 0.0000000000
3539  17.892  -82.133  -37.856 0.0000000000
3577  17.550  -82.974  -41.333 0.0000000000
3568  17.519  -82.798  -40.456 0.0000000000
3112  17.842  -83.879  -40.867 0.0000000000
2664  18.705  -85.014  -40.998 0.0000000000
3119  18.742  -84.491  -41.562 0.0000000000
3118  19.095  -84.286  -42.020 0.0000000000
3129  18.595  -83.950  -42.255 0.0000000000
3144  18.335  -83.025  -44.490 0.0000000000
3138  18.835  -83.360  -43.774 0.0000000000
3603  20.205  -82.958  -44.974 0.0000000000
3602  21.211  -83.037  -44.724 0.0000000000
136961  20.511  -82.950  -45.558 0.0000000000
3610  20.252  -82.822  -46.571 0.0000000000
3618  18.184  -82.333  -46.923 0.0000000000
4646  18.227  -80.018  -46.469 0.0000000000
4110  18.629  -81.421  -47.564 0.0000000000
4101  19.014  -80.833  -47.122 0.0000000000
4108  20.547  -81.677  -47.795 0.0000000000
124779  13.289  -70.255  -28.095 0.0000000000
10080  12.981  -70.652  -28.689 0.0000000000
10068  12.558  -70.669  -27.831 0.0000000000
8695  10.385  -72.643  -27.497 0.0000000000
8706  10.558  -72.641  -28.426 0.0000000000
8094  10.295  -73.290  -28.683 0.0000000000
7511  10.178  -74.095  -28.903 0.0000000000
7512  9.860  -74.935  -28.327 0.0000000000
8065  7.333  -74.002  -24.059 0.0000000000
8064  8.150  -73.919  -24.381 0.0000000000
8071  7.725  -75.185  -24.066 0.0000000000
6437  7.684  -77.231  -25.886 0.0000000000
6949  8.100  -77.093  -25.414 0.0000000000
6445  8.191  -77.630  -26.824 0.0000000000
6451  9.415  -77.048  -28.223 0.0000000000
6452  8.575  -77.789  -27.658 0.0000000000
146016  9.043  -78.253  -29.064 0.0000000000
5991  8.056  -78.306  -28.082 0.0000000000
7528  7.272  -74.613  -30.423 0.0000000000
136920  6.990  -76.718  -29.975 0.0000000000
6989  7.643  -75.754  -31.346 0.0000000000
132170  7.728  -76.521  -31.760 0.0000000000
7535  8.171  -74.442  -32.246 0.0000000000
8752  6.426  -72.205  -33.284 0.0000000000
8143  7.081  -73.049  -33.702 0.0000000000
133536  7.981  -73.677  -33.348 0.0000000000
7566  7.779  -74.077  -34.552 0.0000000000
7572  8.343  -74.584  -35.230 0.0000000000
7573  7.207  -74.213  -35.202 0.0000000000
7496  15.451  -74.371  -26.401 0.0000000000
129361  14.532  -73.620  -28.028 0.0000000000
8088  14.820  -73.535  -27.685 0.0000000000
124920  14.698  -72.469  -29.103 0.0000000000
8715  14.033  -72.008  -30.080 0.0000000000
23426  24.356  -55.905  -25.605 0.0000000000
144214  24.698  -55.203  -25.376 0.0000000000
24252  23.623  -54.209  -25.179 0.0000000000
127995  20.669  -84.010  -25.972 0.0000000000
2974  20.754  -83.552  -27.699 0.0000000000
3427  20.909  -82.678  -27.565 0.0000000000
126758  21.103  -82.254  -28.730 0.0000000000
3953  21.775  -81.093  -29.152 0.0000000000
147166  9.507  -84.069  -25.170 0.0000000000
3403  10.964  -82.993  -25.664 0.0000000000
2956  8.971  -83.696  -25.468 0.0000000000
2966  9.070  -83.106  -26.532 0.0000000000
4533  9.970  -79.629  -34.055 0.0000000000
4544  10.707  -80.026  -34.918 0.0000000000
5078  9.330  -79.549  -34.287 0.0000000000
5597  9.647  -79.060  -35.814 0.0000000000
5096  9.968  -79.476  -36.339 0.0000000000
5095  10.706  -78.927  -37.057 0.0000000000
6078  10.942  -77.180  -36.726 0.0000000000
137981  10.847  -76.574  -36.864 0.0000000000
7038  9.849  -75.764  -37.134 0.0000000000
13382  16.594  -66.704  -26.073 0.0000000000
14285  17.119  -65.940  -26.702 0.0000000000
14273  15.383  -65.759  -25.943 0.0000000000
138047  14.739  -64.952  -26.082 0.0000000000
21665  11.099  -56.750  -20.161 0.0000000000
21654  10.449  -56.905  -19.923 0.0000000000
126263  9.153  -88.911  -18.205 0.0000000000
758  9.589  -89.298  -19.470 0.0000000000
757  9.892  -89.630  -20.102 0.0000000000
767  10.637  -90.069  -21.158 0.0000000000
127756  10.532  -89.034  -19.625 0.0000000000
1298  10.559  -88.168  -18.809 0.0000000000
993  10.760  -88.489  -19.126 0.0000000000
6392  9.939  -76.426  -19.599 0.0000000000
5909  11.451  -77.065  -18.919 0.0000000000
5899  12.158  -77.220  -18.089 0.0000000000
133830  12.625  -77.025  -16.996 0.0000000000
140665  12.954  -77.353  -16.027 0.0000000000
6376  13.034  -75.904  -17.049 0.0000000000
6854  13.736  -75.291  -16.448 0.0000000000
138452  16.778  -64.428  -17.090 0.0000000000
14173  16.221  -65.049  -17.082 0.0000000000
14156  16.000  -65.058  -15.868 0.0000000000
14133  16.302  -65.662  -14.162 0.0000000000
13234  17.296  -66.561  -13.611 0.0000000000
12341  17.695  -67.489  -13.656 0.0000000000
12340  18.766  -67.581  -14.143 0.0000000000
12356  19.454  -67.586  -15.020 0.0000000000
12380  20.230  -67.935  -16.908 0.0000000000
11574  20.450  -68.182  -17.693 0.0000000000
12364  20.254  -67.201  -16.807 0.0000000000
13273  20.645  -66.568  -17.094 0.0000000000
19662  24.525  -59.588  -14.898 0.0000000000
18643  24.413  -60.275  -15.108 0.0000000000
18642  24.943  -59.849  -15.535 0.0000000000
18658  25.221  -60.141  -16.359 0.0000000000
19692  25.865  -59.764  -17.630 0.0000000000
19691  26.151  -59.707  -18.416 0.0000000000
19675  26.092  -59.177  -17.163 0.0000000000
20666  26.552  -58.677  -17.546 0.0000000000
21611  26.856  -57.983  -17.152 0.0000000000
21  17.355  -94.107  -28.475 0.0000000000
130613  17.090  -93.969  -30.112 0.0000000000
26  16.862  -93.835  -29.485 0.0000000000
80  16.473  -93.302  -31.101 0.0000000000
256  16.303  -93.198  -31.976 0.0000000000
1448  21.556  -87.383  -40.775 0.0000000000
1449  20.948  -87.843  -40.944 0.0000000000
1458  21.072  -87.310  -42.150 0.0000000000
1462  20.280  -87.444  -43.479 0.0000000000
1467  20.028  -87.223  -44.356 0.0000000000
1468  19.481  -86.961  -45.140 0.0000000000
1841  20.554  -86.633  -44.915 0.0000000000
2261  21.205  -85.792  -46.022 0.0000000000
2694  21.853  -84.433  -46.924 0.0000000000
2178  18.113  -85.626  -33.105 0.0000000000
2594  19.084  -85.049  -33.784 0.0000000000
2177  18.692  -85.762  -33.699 0.0000000000
143711  18.662  -86.621  -34.349 0.0000000000
1793  18.739  -87.462  -35.393 0.0000000000
12431  4.538  -67.914  -21.224 0.0000000000
11639  4.894  -69.252  -21.682 0.0000000000
12455  4.565  -67.755  -22.873 0.0000000000
5487  12.612  -78.791  -24.866 0.0000000000
5488  11.899  -79.004  -24.998 0.0000000000
5949  12.368  -78.443  -25.160 0.0000000000
5965  11.887  -78.064  -26.407 0.0000000000
5975  12.691  -77.771  -27.617 0.0000000000
143631  13.411  -74.834  -31.986 0.0000000000
6975  13.883  -75.396  -31.314 0.0000000000
7543  12.731  -74.922  -32.561 0.0000000000
6996  12.968  -75.731  -33.014 0.0000000000
6501  12.280  -76.677  -33.543 0.0000000000
135434  11.809  -77.387  -33.408 0.0000000000
6486  11.628  -76.699  -32.958 0.0000000000
6487  10.872  -77.561  -31.974 0.0000000000
6027  9.185  -79.158  -30.820 0.0000000000
17830  20.201  -61.520  -27.682 0.0000000000
17831  19.295  -61.663  -27.586 0.0000000000
18800  18.437  -60.435  -26.921 0.0000000000
21708  19.180  -57.296  -26.106 0.0000000000
20766  18.083  -58.172  -25.732 0.0000000000
21710  17.760  -57.596  -25.590 0.0000000000
21711  17.032  -57.473  -25.426 0.0000000000
20754  14.842  -57.790  -24.831 0.0000000000
21697  14.017  -56.785  -24.137 0.0000000000
21696  14.537  -56.858  -24.612 0.0000000000
22569  14.396  -55.969  -24.014 0.0000000000
23394  14.283  -55.736  -23.358 0.0000000000
6359  6.092  -76.055  -16.290 0.0000000000
133084  6.398  -76.318  -17.238 0.0000000000
6847  5.996  -75.303  -15.740 0.0000000000
7989  6.010  -74.446  -15.807 0.0000000000
132841  17.844  -62.820  -21.278 0.0000000000
16884  18.320  -61.973  -21.429 0.0000000000
16869  19.571  -62.494  -21.143 0.0000000000
16855  19.902  -62.862  -20.077 0.0000000000
16839  20.002  -62.666  -18.705 0.0000000000
17718  21.166  -61.810  -20.556 0.0000000000
17717  21.799  -61.193  -20.248 0.0000000000
20667  23.935  -58.145  -18.157 0.0000000000
130838  18.908  -88.579  -27.903 0.0000000000
812  18.061  -89.066  -28.793 0.0000000000
1057  18.602  -88.537  -28.616 0.0000000000
147665  19.000  -86.907  -30.835 0.0000000000
2582  21.530  -84.484  -32.416 0.0000000000
2165  21.212  -85.224  -32.733 0.0000000000
2592  21.953  -84.880  -33.117 0.0000000000
1778  21.961  -85.897  -34.050 0.0000000000
2190  22.735  -86.010  -34.998 0.0000000000
146312  22.505  -87.104  -35.795 0.0000000000
1790  22.964  -86.200  -35.685 0.0000000000
1796  23.178  -85.819  -36.347 0.0000000000
2203  23.234  -85.353  -38.045 0.0000000000
3121  14.449  -84.278  -42.028 0.0000000000
2674  14.756  -85.140  -41.618 0.0000000000
3578  14.745  -83.584  -42.108 0.0000000000
4070  14.966  -82.308  -40.825 0.0000000000
29512  28.020  -48.079  -21.716 0.0000000000
29513  27.386  -48.503  -21.866 0.0000000000
124037  28.226  -47.783  -23.036 0.0000000000
3428  17.866  -81.895  -27.027 0.0000000000
4967  19.094  -79.644  -26.968 0.0000000000
4982  18.180  -79.458  -27.291 0.0000000000
5504  17.830  -78.831  -27.739 0.0000000000
5514  17.705  -78.556  -28.450 0.0000000000
3955  14.775  -81.554  -28.754 0.0000000000
123711  15.439  -80.363  -29.027 0.0000000000
125102  15.331  -81.408  -29.315 0.0000000000
3954  16.148  -81.612  -29.913 0.0000000000
3467  16.441  -82.400  -30.477 0.0000000000
3009  16.795  -82.981  -31.028 0.0000000000
2144  15.915  -85.142  -30.767 0.0000000000
2159  15.760  -86.014  -31.009 0.0000000000
4464  9.847  -80.332  -28.769 0.0000000000
4465  9.085  -81.217  -28.755 0.0000000000
4481  9.906  -81.188  -29.536 0.0000000000
3968  10.416  -81.653  -30.320 0.0000000000
3480  10.710  -82.618  -31.047 0.0000000000
3047  13.180  -83.635  -34.481 0.0000000000
2596  13.662  -84.084  -33.154 0.0000000000
2600  12.731  -84.450  -34.593 0.0000000000
2179  13.250  -85.680  -33.267 0.0000000000
1782  12.993  -86.614  -33.397 0.0000000000
1394  13.359  -86.539  -32.847 0.0000000000
1788  12.583  -86.914  -34.301 0.0000000000
1794  12.229  -86.375  -35.760 0.0000000000
1802  12.528  -86.946  -36.776 0.0000000000
1809  12.611  -86.551  -37.832 0.0000000000
2208  12.057  -85.492  -37.600 0.0000000000
2656  11.894  -84.295  -39.423 0.0000000000
3107  11.663  -83.271  -40.191 0.0000000000
5647  10.363  -78.574  -41.037 0.0000000000
5646  10.748  -79.182  -41.714 0.0000000000
5656  10.400  -78.478  -42.272 0.0000000000
10854  18.149  -70.406  -25.510 0.0000000000
10856  16.110  -69.290  -26.307 0.0000000000
10838  16.471  -69.808  -24.836 0.0000000000
10821  15.783  -70.002  -24.174 0.0000000000
10800  14.844  -69.749  -24.143 0.0000000000
13358  11.402  -66.148  -24.440 0.0000000000
12469  11.851  -67.147  -24.413 0.0000000000
13344  10.976  -67.007  -24.227 0.0000000000
133884  9.647  -66.533  -23.580 0.0000000000
13347  8.828  -66.955  -23.196 0.0000000000
12439  7.225  -67.566  -22.108 0.0000000000
13338  7.265  -66.702  -21.765 0.0000000000
14236  7.228  -65.893  -21.135 0.0000000000
17800  13.864  -61.930  -25.244 0.0000000000
16915  13.043  -62.078  -24.914 0.0000000000
128912  12.236  -61.887  -24.404 0.0000000000
144223  11.361  -61.355  -23.705 0.0000000000
17755  10.336  -61.256  -22.818 0.0000000000
19717  7.692  -59.249  -18.832 0.0000000000
18709  7.938  -60.251  -18.834 0.0000000000
144370  23.628  -50.786  -22.557 0.0000000000
26836  23.247  -51.259  -22.976 0.0000000000
27729  22.873  -50.674  -22.455 0.0000000000
26838  21.438  -51.126  -22.898 0.0000000000
26848  21.011  -51.717  -23.398 0.0000000000
27723  18.215  -50.641  -21.383 0.0000000000
27734  18.515  -51.015  -21.912 0.0000000000
130493  17.556  -50.942  -22.331 0.0000000000
25964  16.801  -52.097  -23.264 0.0000000000
25977  16.302  -52.401  -23.707 0.0000000000
25107  14.917  -52.651  -24.256 0.0000000000
25121  13.521  -52.632  -24.532 0.0000000000
146164  21.528  -91.833  -18.937 0.0000000000
198  21.297  -92.718  -19.937 0.0000000000
45  21.112  -93.041  -21.357 0.0000000000
42  20.139  -92.979  -20.737 0.0000000000
47  19.515  -92.880  -22.004 0.0000000000
229  18.664  -92.558  -23.158 0.0000000000
386  18.098  -91.690  -24.318 0.0000000000
374  18.742  -92.003  -22.610 0.0000000000
543  18.800  -91.187  -22.902 0.0000000000
542  19.316  -90.493  -22.490 0.0000000000
742  17.964  -89.789  -18.567 0.0000000000
982  19.512  -88.760  -18.832 0.0000000000
987  18.944  -88.307  -19.158 0.0000000000
1294  19.364  -87.470  -20.207 0.0000000000
1668  18.980  -86.718  -20.710 0.0000000000
1675  19.447  -86.453  -21.510 0.0000000000
1669  17.969  -86.512  -20.758 0.0000000000
1677  17.212  -86.221  -21.314 0.0000000000
181  12.354  -92.395  -18.887 0.0000000000
225  12.094  -92.229  -22.769 0.0000000000
216  12.772  -92.532  -21.879 0.0000000000
135445  13.524  -92.461  -23.692 0.0000000000
382  14.880  -92.171  -24.126 0.0000000000
560  16.287  -90.389  -23.879 0.0000000000
778  16.427  -89.609  -23.559 0.0000000000
782  16.256  -89.913  -24.598 0.0000000000
128159  16.359  -88.387  -24.662 0.0000000000
1336  16.366  -87.381  -25.771 0.0000000000
2096  17.110  -85.539  -26.096 0.0000000000
139306  16.303  -87.120  -26.688 0.0000000000
1350  15.159  -87.404  -27.509 0.0000000000
1022  13.501  -88.814  -23.414 0.0000000000
1029  13.146  -88.502  -24.640 0.0000000000
1023  13.194  -88.322  -23.899 0.0000000000
1024  12.444  -87.463  -24.105 0.0000000000
1031  12.474  -86.873  -24.111 0.0000000000
1713  12.222  -85.753  -24.298 0.0000000000
1318  11.976  -86.212  -23.108 0.0000000000
125688  11.966  -85.605  -22.702 0.0000000000
149211  13.071  -85.386  -21.898 0.0000000000
3355  8.005  -82.380  -20.056 0.0000000000
2909  9.143  -83.225  -20.201 0.0000000000
3347  9.417  -82.417  -20.158 0.0000000000
2891  10.352  -83.386  -18.475 0.0000000000
3797  11.542  -81.513  -15.069 0.0000000000
3798  11.075  -81.970  -15.827 0.0000000000
3311  12.027  -82.581  -14.785 0.0000000000
2862  12.868  -83.094  -15.612 0.0000000000
132517  13.279  -83.457  -16.637 0.0000000000
2890  13.845  -83.674  -18.189 0.0000000000
126468  13.753  -83.153  -17.586 0.0000000000
143705  14.110  -82.658  -19.166 0.0000000000
3345  14.155  -82.004  -19.741 0.0000000000
143108  14.038  -81.263  -21.155 0.0000000000
3839  14.217  -81.177  -19.200 0.0000000000
4343  14.331  -80.446  -19.578 0.0000000000
126701  14.497  -79.792  -19.067 0.0000000000
5898  15.961  -77.649  -17.167 0.0000000000
5908  15.813  -77.497  -18.076 0.0000000000
5897  16.317  -77.050  -17.740 0.0000000000
6390  16.696  -76.537  -19.430 0.0000000000
6400  16.756  -76.626  -20.374 0.0000000000
6907  16.999  -76.364  -21.781 0.0000000000
6899  17.185  -76.347  -20.888 0.0000000000
149288  18.204  -76.002  -21.625 0.0000000000
125592  18.790  -76.025  -21.950 0.0000000000
9227  5.325  -70.741  -14.397 0.0000000000
9927  5.527  -70.151  -15.087 0.0000000000
9233  6.812  -70.864  -15.315 0.0000000000
9232  7.941  -71.062  -15.276 0.0000000000
14205  12.449  -65.385  -19.050 0.0000000000
12368  13.623  -67.530  -16.582 0.0000000000
12369  12.979  -67.852  -17.149 0.0000000000
11564  13.103  -68.046  -16.088 0.0000000000
10706  12.609  -69.200  -15.265 0.0000000000
127146  11.900  -69.464  -15.402 0.0000000000
9921  11.381  -70.014  -15.219 0.0000000000
9911  12.874  -70.796  -14.588 0.0000000000
9221  12.613  -71.583  -14.594 0.0000000000
144676  13.713  -72.217  -15.045 0.0000000000
9243  14.129  -71.956  -17.081 0.0000000000
9242  14.695  -71.612  -16.334 0.0000000000
9252  15.513  -71.710  -16.762 0.0000000000
8595  16.868  -72.375  -16.958 0.0000000000
9263  20.061  -71.458  -17.870 0.0000000000
8611  19.978  -71.944  -17.800 0.0000000000
8622  21.275  -72.228  -18.749 0.0000000000
123995  21.979  -72.730  -19.459 0.0000000000
128260  21.952  -73.656  -19.463 0.0000000000
7460  21.952  -74.734  -20.950 0.0000000000
8049  22.329  -73.906  -21.373 0.0000000000
7470  22.328  -74.060  -23.361 0.0000000000
7475  22.143  -74.211  -24.301 0.0000000000
7482  21.991  -73.910  -25.305 0.0000000000
8063  22.686  -73.513  -24.787 0.0000000000
8659  23.067  -72.827  -25.256 0.0000000000
145721  23.126  -72.439  -25.943 0.0000000000
130212  23.151  -69.309  -23.907 0.0000000000
123876  23.442  -69.346  -24.968 0.0000000000
10834  23.896  -69.656  -26.318 0.0000000000
11703  24.304  -69.937  -28.627 0.0000000000
10896  23.032  -69.667  -29.954 0.0000000000
10866  24.158  -69.296  -28.974 0.0000000000
12524  23.948  -67.854  -29.044 0.0000000000
128433  24.577  -66.483  -28.149 0.0000000000
15908  20.625  -62.576  -14.112 0.0000000000
15067  20.971  -64.015  -15.063 0.0000000000
15928  21.260  -63.274  -14.654 0.0000000000
15078  22.112  -64.015  -16.587 0.0000000000
15960  22.770  -63.862  -17.423 0.0000000000
134309  24.375  -63.023  -19.509 0.0000000000
15997  24.036  -63.877  -19.634 0.0000000000
128752  24.560  -63.877  -20.966 0.0000000000
16038  24.398  -64.666  -21.993 0.0000000000
138439  24.265  -65.264  -23.891 0.0000000000
15195  24.934  -65.772  -25.449 0.0000000000
15183  24.836  -65.282  -24.793 0.0000000000
15194  25.423  -65.148  -26.007 0.0000000000
15206  25.030  -64.510  -27.284 0.0000000000
123096  24.306  -63.657  -27.586 0.0000000000
123095  25.082  -63.796  -27.144 0.0000000000
123099  25.956  -63.111  -26.026 0.0000000000
123100  25.694  -62.608  -26.195 0.0000000000
19743  26.654  -59.465  -22.326 0.0000000000
134046  26.886  -58.960  -21.969 0.0000000000
135672  26.778  -58.855  -22.621 0.0000000000
123110  26.948  -58.013  -22.788 0.0000000000
123109  26.561  -57.833  -23.734 0.0000000000
123112  27.255  -57.257  -22.557 0.0000000000
123115  27.526  -56.467  -22.447 0.0000000000
123692  27.801  -55.729  -22.084 0.0000000000
26817  29.206  -51.408  -17.776 0.0000000000
123130  29.070  -50.224  -18.774 0.0000000000
123131  29.024  -49.467  -19.174 0.0000000000
133501  19.802  -93.395  -34.086 0.0000000000
94  20.390  -93.140  -34.657 0.0000000000
100  20.038  -93.306  -35.486 0.0000000000
105  21.102  -92.892  -36.150 0.0000000000
144946  22.040  -92.398  -36.961 0.0000000000
279  21.715  -92.425  -37.712 0.0000000000
283  22.379  -91.892  -38.262 0.0000000000
451  22.119  -91.735  -39.000 0.0000000000
837  17.789  -89.654  -33.090 0.0000000000
128841  16.984  -90.335  -33.217 0.0000000000
130273  18.224  -90.062  -34.572 0.0000000000
616  17.385  -90.928  -35.867 0.0000000000
440  17.468  -91.408  -37.173 0.0000000000
641  17.820  -90.570  -42.065 0.0000000000
637  17.638  -90.862  -41.218 0.0000000000
473  17.914  -91.138  -42.367 0.0000000000
471  18.990  -91.709  -42.670 0.0000000000
470  20.033  -91.341  -42.711 0.0000000000
137683  20.534  -91.607  -41.970 0.0000000000
645  20.936  -90.990  -43.227 0.0000000000
141381  21.612  -90.462  -43.567 0.0000000000
1150  22.897  -89.144  -43.977 0.0000000000
1153  23.912  -88.389  -44.074 0.0000000000
1154  23.250  -88.534  -44.430 0.0000000000
1158  23.104  -87.970  -45.144 0.0000000000
1475  23.290  -86.817  -46.381 0.0000000000
2281  22.330  -84.798  -48.386 0.0000000000
2705  22.899  -84.620  -48.483 0.0000000000
6013  22.926  -77.606  -30.323 0.0000000000
5006  23.404  -78.294  -30.052 0.0000000000
6021  23.511  -77.705  -30.774 0.0000000000
147662  24.123  -77.906  -31.937 0.0000000000
5563  24.092  -78.471  -33.481 0.0000000000
3529  21.315  -82.211  -35.922 0.0000000000
4028  21.878  -81.303  -36.130 0.0000000000
4037  21.624  -81.850  -36.805 0.0000000000
4044  22.839  -81.308  -37.826 0.0000000000
4051  23.222  -81.618  -38.676 0.0000000000
3546  24.006  -82.205  -38.860 0.0000000000
4060  23.120  -81.870  -39.460 0.0000000000
3565  22.761  -82.391  -40.739 0.0000000000
3575  22.025  -82.491  -41.360 0.0000000000
135207  15.298  -85.226  -38.032 0.0000000000
131499  15.886  -86.496  -36.756 0.0000000000
2192  15.950  -85.442  -36.171 0.0000000000
2609  16.129  -85.213  -36.018 0.0000000000
2619  16.815  -85.031  -36.672 0.0000000000
124287  17.659  -80.477  -38.917 0.0000000000
3558  17.569  -81.433  -39.226 0.0000000000
4591  17.236  -80.337  -40.707 0.0000000000
4069  17.335  -81.761  -40.955 0.0000000000
3586  17.415  -82.516  -42.766 0.0000000000
136889  18.440  -83.415  -42.905 0.0000000000
129053  17.008  -81.859  -43.654 0.0000000000
3598  17.104  -82.176  -44.670 0.0000000000
3606  16.943  -82.028  -45.739 0.0000000000
3612  17.339  -82.182  -46.455 0.0000000000
4638  16.914  -79.821  -45.670 0.0000000000
146698  17.779  -79.632  -45.946 0.0000000000
4636  18.440  -79.650  -45.277 0.0000000000
10054  11.953  -70.916  -26.376 0.0000000000
10069  11.915  -71.070  -27.222 0.0000000000
9349  11.344  -71.467  -26.532 0.0000000000
8682  10.093  -72.823  -26.281 0.0000000000
8081  9.556  -73.905  -25.870 0.0000000000
8082  6.738  -74.387  -24.721 0.0000000000
127201  7.119  -75.491  -24.224 0.0000000000
7500  6.699  -75.309  -25.156 0.0000000000
127906  6.763  -76.145  -25.779 0.0000000000
132659  6.803  -76.833  -27.781 0.0000000000
6461  7.183  -77.593  -28.314 0.0000000000
128021  6.813  -75.394  -28.543 0.0000000000
7519  6.888  -74.437  -29.535 0.0000000000
8112  6.987  -73.655  -30.172 0.0000000000
6939  14.277  -76.130  -25.649 0.0000000000
6427  13.759  -76.605  -26.012 0.0000000000
6947  14.056  -75.828  -26.514 0.0000000000
7510  14.289  -75.006  -27.928 0.0000000000
6965  14.283  -74.816  -29.725 0.0000000000
127085  14.369  -73.763  -28.626 0.0000000000
7517  14.333  -73.950  -29.528 0.0000000000
8116  12.368  -73.759  -31.951 0.0000000000
7533  11.406  -74.296  -31.802 0.0000000000
7534  10.841  -74.774  -31.003 0.0000000000
19802  22.229  -59.454  -26.520 0.0000000000
19803  21.304  -59.694  -26.670 0.0000000000
20779  21.957  -58.490  -26.595 0.0000000000
20780  21.092  -58.391  -26.544 0.0000000000
21724  20.696  -57.640  -26.443 0.0000000000
22584  22.754  -56.241  -26.139 0.0000000000
22607  21.227  -56.845  -26.354 0.0000000000
22586  20.105  -56.821  -26.252 0.0000000000
22587  19.244  -56.472  -25.942 0.0000000000
23431  19.082  -55.679  -25.616 0.0000000000
23432  18.245  -55.549  -25.505 0.0000000000
1722  20.387  -86.101  -27.214 0.0000000000
1734  19.753  -86.479  -28.605 0.0000000000
1733  20.181  -85.735  -28.089 0.0000000000
2130  19.910  -84.997  -29.612 0.0000000000
2564  20.198  -84.383  -30.188 0.0000000000
2999  20.640  -83.416  -29.298 0.0000000000
3008  20.469  -83.777  -29.926 0.0000000000
149129  21.292  -83.523  -31.400 0.0000000000
3027  21.879  -83.696  -32.079 0.0000000000
3026  22.709  -83.457  -32.584 0.0000000000
3025  23.372  -83.062  -33.030 0.0000000000
2951  15.038  -82.576  -25.752 0.0000000000
3918  15.859  -81.220  -26.021 0.0000000000
3400  14.359  -82.184  -25.321 0.0000000000
4436  14.710  -80.755  -26.193 0.0000000000
3930  14.199  -80.927  -26.954 0.0000000000
3932  13.006  -81.833  -26.272 0.0000000000
3942  13.906  -81.646  -27.549 0.0000000000
3443  13.641  -82.541  -27.976 0.0000000000
127898  13.334  -83.307  -28.227 0.0000000000
2989  13.317  -83.916  -28.704 0.0000000000
4503  13.387  -79.953  -32.338 0.0000000000
3978  12.593  -81.171  -31.907 0.0000000000
3988  13.655  -81.439  -32.901 0.0000000000
4004  13.762  -82.106  -33.509 0.0000000000
3509  13.482  -82.729  -34.245 0.0000000000
125237  11.339  -80.585  -35.072 0.0000000000
4019  11.871  -81.870  -35.249 0.0000000000
3510  12.447  -82.914  -34.925 0.0000000000
3524  11.514  -82.762  -35.811 0.0000000000
3063  11.301  -83.015  -36.061 0.0000000000
3088  10.820  -83.120  -37.207 0.0000000000
3542  10.861  -83.278  -37.821 0.0000000000
4056  10.764  -81.942  -38.037 0.0000000000
4055  11.264  -81.339  -38.827 0.0000000000
5124  11.540  -79.748  -39.505 0.0000000000
5607  11.249  -78.577  -37.823 0.0000000000
134809  11.355  -78.837  -39.546 0.0000000000
5637  10.732  -78.345  -40.120 0.0000000000
6120  9.905  -77.966  -40.540 0.0000000000
7080  8.009  -75.791  -40.673 0.0000000000
11668  18.069  -68.906  -24.708 0.0000000000
11669  17.476  -69.028  -24.302 0.0000000000
130150  17.105  -68.226  -24.680 0.0000000000
133582  15.277  -67.780  -24.527 0.0000000000
143143  14.090  -67.033  -24.882 0.0000000000
13368  15.300  -66.616  -25.432 0.0000000000
13355  14.668  -66.797  -25.148 0.0000000000
130084  13.309  -66.813  -24.859 0.0000000000
14253  10.433  -65.212  -23.822 0.0000000000
15175  9.915  -64.831  -23.252 0.0000000000
19744  11.455  -58.866  -22.151 0.0000000000
19745  10.730  -59.303  -21.809 0.0000000000
20732  11.703  -58.953  -20.855 0.0000000000
19727  10.699  -59.077  -20.292 0.0000000000
19715  9.253  -58.979  -19.677 0.0000000000
21640  10.189  -57.578  -19.684 0.0000000000
20702  8.845  -58.065  -19.526 0.0000000000
137410  8.377  -58.707  -19.232 0.0000000000
29518  21.780  -48.862  -21.463 0.0000000000
28596  21.205  -49.441  -21.426 0.0000000000
29519  20.853  -48.907  -21.183 0.0000000000
28598  19.566  -49.464  -20.619 0.0000000000
28587  19.153  -49.354  -20.378 0.0000000000
29502  19.220  -48.327  -19.735 0.0000000000
28599  18.666  -50.159  -20.814 0.0000000000
28600  17.723  -49.650  -21.257 0.0000000000
27724  16.688  -49.241  -21.891 0.0000000000
27735  16.082  -49.768  -22.739 0.0000000000
127194  20.796  -91.000  -17.494 0.0000000000
335  20.366  -90.911  -17.571 0.0000000000
353  20.619  -91.167  -18.725 0.0000000000
144660  20.279  -90.807  -18.133 0.0000000000
513  19.778  -90.826  -17.820 0.0000000000
514  19.027  -90.919  -17.690 0.0000000000
338  17.956  -91.960  -17.550 0.0000000000
520  18.544  -90.330  -18.143 0.0000000000
521  17.700  -90.748  -18.435 0.0000000000
528  17.284  -90.291  -19.035 0.0000000000
128381  16.916  -90.993  -19.646 0.0000000000
207  10.525  -92.221  -20.718 0.0000000000
529  9.067  -90.872  -19.810 0.0000000000
362  9.911  -91.679  -20.730 0.0000000000
370  10.934  -91.825  -22.137 0.0000000000
226  11.375  -91.877  -22.633 0.0000000000
237  12.897  -91.823  -24.331 0.0000000000
390  13.185  -91.549  -25.012 0.0000000000
574  14.044  -90.320  -26.500 0.0000000000
399  13.157  -91.065  -25.249 0.0000000000
562  13.249  -90.417  -24.875 0.0000000000
553  13.244  -89.921  -24.245 0.0000000000
766  11.179  -89.826  -21.237 0.0000000000
774  12.698  -89.831  -22.740 0.0000000000
773  13.386  -89.309  -22.862 0.0000000000
772  13.895  -89.065  -22.128 0.0000000000
1000  14.122  -88.820  -20.704 0.0000000000
1284  14.188  -87.658  -19.675 0.0000000000
4909  9.071  -79.153  -21.098 0.0000000000
4353  9.725  -80.125  -20.446 0.0000000000
4903  10.281  -79.671  -19.732 0.0000000000
4899  10.683  -79.813  -19.028 0.0000000000
4323  11.251  -80.020  -17.315 0.0000000000
4890  11.399  -79.212  -17.773 0.0000000000
4311  11.394  -80.299  -16.383 0.0000000000
4303  11.661  -80.662  -15.403 0.0000000000
4290  12.799  -80.762  -14.747 0.0000000000
3796  13.691  -81.198  -15.208 0.0000000000
4310  14.487  -80.552  -16.054 0.0000000000
4301  14.188  -80.506  -15.166 0.0000000000
4868  14.638  -79.623  -14.962 0.0000000000
5431  15.493  -78.490  -15.707 0.0000000000
5886  13.634  -77.368  -15.386 0.0000000000
5884  15.263  -78.088  -15.113 0.0000000000
147755  15.818  -77.596  -15.449 0.0000000000
144357  16.321  -77.201  -15.762 0.0000000000
133022  17.112  -76.467  -16.445 0.0000000000
6374  17.706  -76.156  -16.868 0.0000000000
14221  14.506  -64.621  -20.108 0.0000000000
14222  14.038  -65.214  -20.063 0.0000000000
14203  14.343  -65.566  -19.767 0.0000000000
13287  14.520  -66.362  -18.604 0.0000000000
13275  14.303  -66.809  -17.741 0.0000000000
130471  15.371  -66.136  -16.967 0.0000000000
13259  14.757  -66.635  -16.770 0.0000000000
12381  14.125  -67.109  -16.964 0.0000000000
12357  14.513  -67.593  -14.961 0.0000000000
11541  14.914  -68.473  -14.398 0.0000000000
10693  15.646  -69.789  -14.273 0.0000000000
9919  16.534  -70.636  -15.069 0.0000000000
10705  17.016  -70.082  -14.551 0.0000000000
10704  17.909  -69.899  -14.859 0.0000000000
10729  18.485  -70.356  -16.278 0.0000000000
10715  18.924  -69.730  -16.080 0.0000000000
10728  19.228  -69.923  -16.707 0.0000000000
9948  20.408  -70.833  -18.316 0.0000000000
9273  21.557  -71.287  -19.502 0.0000000000
9295  22.222  -71.154  -21.162 0.0000000000
9294  22.465  -71.553  -21.832 0.0000000000
9976  21.929  -70.549  -20.840 0.0000000000
133552  22.049  -69.906  -21.206 0.0000000000
10773  22.424  -69.509  -21.733 0.0000000000
11603  20.910  -68.317  -19.261 0.0000000000
10774  21.968  -69.085  -21.060 0.0000000000
10784  22.713  -69.011  -22.402 0.0000000000
11635  22.690  -68.190  -22.301 0.0000000000
12437  22.815  -67.560  -22.724 0.0000000000
17632  22.077  -61.022  -14.179 0.0000000000
16785  23.169  -62.256  -15.278 0.0000000000
16798  24.032  -62.270  -16.687 0.0000000000
16837  24.384  -62.378  -17.899 0.0000000000
17688  24.768  -61.638  -17.590 0.0000000000
16867  24.780  -62.626  -20.197 0.0000000000
16866  25.177  -62.197  -20.877 0.0000000000
16881  25.247  -62.464  -21.795 0.0000000000
17743  25.554  -61.657  -21.437 0.0000000000
18729  25.873  -60.984  -20.997 0.0000000000
18728  26.285  -60.366  -21.325 0.0000000000
19707  26.462  -59.569  -19.230 0.0000000000
19721  26.677  -59.506  -20.119 0.0000000000
140946  26.827  -59.268  -20.832 0.0000000000
20709  27.134  -58.780  -20.376 0.0000000000
21635  27.704  -57.476  -20.053 0.0000000000
22510  27.904  -56.819  -19.414 0.0000000000
86  19.195  -93.420  -32.040 0.0000000000
32  17.831  -94.027  -31.407 0.0000000000
35  18.307  -93.924  -32.110 0.0000000000
87  18.747  -93.783  -32.862 0.0000000000
127372  18.850  -93.764  -34.382 0.0000000000
102  18.492  -93.768  -35.333 0.0000000000
132053  18.525  -93.622  -36.892 0.0000000000
861  20.417  -89.320  -37.321 0.0000000000
856  19.805  -89.745  -36.862 0.0000000000
867  19.703  -89.611  -38.640 0.0000000000
870  19.380  -89.550  -39.666 0.0000000000
875  18.778  -89.705  -40.482 0.0000000000
1141  20.249  -88.247  -41.259 0.0000000000
1142  19.452  -88.681  -41.589 0.0000000000
1143  18.575  -89.143  -41.851 0.0000000000
1147  18.159  -89.406  -43.224 0.0000000000
893  18.583  -89.559  -44.387 0.0000000000
892  19.053  -89.577  -44.857 0.0000000000
895  20.545  -89.225  -45.359 0.0000000000
900  19.718  -88.398  -45.723 0.0000000000
1169  20.814  -87.933  -46.818 0.0000000000
1484  20.895  -86.687  -47.428 0.0000000000
1851  19.856  -86.779  -45.992 0.0000000000
1857  20.516  -86.771  -47.119 0.0000000000
1863  21.415  -85.648  -48.146 0.0000000000
128553  22.216  -84.618  -48.341 0.0000000000
3626  22.362  -82.512  -48.702 0.0000000000
4516  20.616  -80.666  -32.480 0.0000000000
4515  21.207  -80.029  -32.669 0.0000000000
4001  20.725  -81.375  -33.262 0.0000000000
142619  21.338  -80.933  -33.893 0.0000000000
3506  20.667  -82.600  -34.317 0.0000000000
3045  19.991  -83.870  -34.225 0.0000000000
3044  20.521  -83.342  -34.810 0.0000000000
3519  20.985  -82.453  -35.037 0.0000000000
3070  20.664  -83.696  -36.504 0.0000000000
3082  20.593  -83.977  -37.362 0.0000000000
2628  20.285  -84.998  -38.293 0.0000000000
5155  17.879  -78.469  -42.514 0.0000000000
10005  7.846  -71.362  -22.974 0.0000000000
8650  8.688  -72.305  -23.789 0.0000000000
9313  7.318  -72.081  -23.081 0.0000000000
141447  7.087  -72.523  -23.242 0.0000000000
8652  6.896  -72.515  -23.238 0.0000000000
10807  5.184  -70.244  -22.476 0.0000000000
9325  6.248  -71.999  -23.434 0.0000000000
8664  6.563  -72.564  -23.892 0.0000000000
138038  6.511  -72.203  -24.840 0.0000000000
9351  6.648  -72.119  -25.784 0.0000000000
4391  9.464  -81.066  -24.267 0.0000000000
3889  8.612  -81.540  -24.585 0.0000000000
4403  9.968  -80.355  -24.646 0.0000000000
4947  9.635  -79.951  -25.118 0.0000000000
4986  9.469  -79.672  -26.864 0.0000000000
5494  10.869  -78.777  -25.665 0.0000000000
4985  10.287  -79.259  -27.283 0.0000000000
4452  9.602  -79.876  -27.825 0.0000000000
5012  10.812  -79.796  -29.073 0.0000000000
142073  11.195  -79.982  -29.821 0.0000000000
4491  12.392  -79.884  -31.005 0.0000000000
6442  13.774  -76.407  -27.406 0.0000000000
5974  13.367  -77.129  -27.880 0.0000000000
5989  13.005  -77.782  -28.509 0.0000000000
6469  13.941  -76.742  -30.426 0.0000000000
6003  13.728  -77.341  -29.758 0.0000000000
5523  13.315  -78.093  -29.918 0.0000000000
5533  13.309  -78.412  -30.692 0.0000000000
5023  12.846  -79.154  -30.787 0.0000000000
5039  13.095  -79.526  -31.546 0.0000000000
5051  13.596  -79.405  -32.741 0.0000000000
5076  13.152  -79.274  -34.071 0.0000000000
5065  11.512  -79.753  -34.289 0.0000000000
5570  11.668  -78.263  -33.598 0.0000000000
5571  10.626  -79.276  -33.236 0.0000000000
5066  10.515  -79.687  -33.630 0.0000000000
5079  8.756  -79.345  -33.548 0.0000000000
6053  8.298  -78.222  -33.475 0.0000000000
6502  8.778  -76.992  -33.803 0.0000000000
15223  17.608  -64.278  -27.472 0.0000000000
16100  17.462  -63.470  -27.471 0.0000000000
16942  16.827  -62.980  -27.307 0.0000000000
16943  16.231  -62.408  -26.800 0.0000000000
17832  17.811  -61.769  -27.287 0.0000000000
17820  15.681  -61.854  -26.333 0.0000000000
126186  14.556  -61.710  -25.525 0.0000000000
17779  14.174  -61.305  -25.222 0.0000000000
18773  13.441  -60.487  -24.535 0.0000000000
19805  19.663  -59.464  -26.698 0.0000000000
19806  18.733  -59.578  -26.559 0.0000000000
19807  17.853  -59.739  -26.412 0.0000000000
141372  17.609  -58.617  -25.740 0.0000000000
19789  16.536  -59.435  -25.689 0.0000000000
19790  15.567  -59.653  -25.384 0.0000000000
125228  14.067  -59.932  -24.699 0.0000000000
19774  13.294  -59.565  -24.309 0.0000000000
19751  12.036  -58.953  -23.452 0.0000000000
20738  12.144  -58.498  -22.678 0.0000000000
20723  13.542  -58.133  -20.993 0.0000000000
20714  13.234  -57.772  -20.297 0.0000000000
21671  14.485  -57.250  -22.030 0.0000000000
21662  14.701  -57.102  -21.144 0.0000000000
21664  12.168  -56.668  -20.231 0.0000000000
22527  11.216  -56.630  -21.264 0.0000000000
22538  10.949  -56.434  -22.387 0.0000000000
129112  10.253  -56.499  -23.112 0.0000000000
3842  7.268  -81.482  -19.866 0.0000000000
4911  7.832  -80.160  -20.811 0.0000000000
5462  7.919  -79.200  -20.745 0.0000000000
6368  8.581  -76.352  -16.583 0.0000000000
5448  8.479  -78.018  -17.841 0.0000000000
5917  7.466  -78.037  -20.006 0.0000000000
5461  8.396  -78.695  -20.967 0.0000000000
5923  8.417  -77.757  -20.586 0.0000000000
6402  8.734  -77.107  -20.214 0.0000000000
6394  8.593  -76.740  -19.845 0.0000000000
7447  7.161  -75.354  -18.044 0.0000000000
6893  8.310  -76.039  -19.396 0.0000000000
6892  9.096  -75.874  -19.334 0.0000000000
7454  9.616  -75.042  -18.675 0.0000000000
7443  10.049  -74.267  -18.521 0.0000000000
16873  14.903  -62.972  -20.494 0.0000000000
15132  15.342  -64.269  -20.340 0.0000000000
15131  16.048  -64.449  -19.998 0.0000000000
15114  16.518  -64.741  -18.995 0.0000000000
15999  17.484  -63.683  -20.298 0.0000000000
15130  16.919  -64.178  -19.668 0.0000000000
15113  17.160  -64.297  -18.630 0.0000000000
15100  17.223  -64.112  -17.623 0.0000000000
15081  17.162  -63.789  -16.437 0.0000000000
15931  17.541  -63.535  -14.661 0.0000000000
15910  18.281  -63.333  -14.311 0.0000000000
16789  18.640  -62.700  -14.630 0.0000000000
16788  19.043  -62.093  -15.102 0.0000000000
17656  19.788  -61.725  -14.638 0.0000000000
17634  20.619  -61.356  -14.416 0.0000000000
18646  20.929  -60.618  -14.828 0.0000000000
18703  22.143  -60.718  -21.182 0.0000000000
17706  21.935  -60.910  -19.038 0.0000000000
18669  21.753  -60.803  -17.728 0.0000000000
127098  21.581  -60.539  -16.631 0.0000000000
18645  21.492  -60.129  -14.863 0.0000000000
19643  21.985  -59.872  -14.609 0.0000000000
19663  22.393  -59.347  -14.854 0.0000000000
20638  22.983  -58.971  -14.687 0.0000000000
20660  23.572  -58.061  -16.952 0.0000000000
20661  23.063  -58.588  -15.991 0.0000000000
19641  23.450  -59.381  -14.510 0.0000000000
20637  23.658  -58.537  -14.645 0.0000000000
20636  24.195  -58.095  -14.567 0.0000000000
585  16.745  -90.948  -28.441 0.0000000000
412  16.094  -91.697  -29.469 0.0000000000
588  16.614  -90.913  -29.265 0.0000000000
594  16.890  -90.095  -30.613 0.0000000000
1065  17.731  -89.012  -30.086 0.0000000000
833  17.594  -89.203  -31.011 0.0000000000
132646  17.637  -89.466  -32.116 0.0000000000
143557  18.479  -89.211  -33.357 0.0000000000
840  19.097  -89.110  -33.878 0.0000000000
844  20.102  -88.925  -34.917 0.0000000000
1740  19.442  -86.474  -29.463 0.0000000000
1749  19.217  -86.565  -30.364 0.0000000000
1769  19.644  -86.738  -32.182 0.0000000000
2166  20.518  -85.631  -32.272 0.0000000000
1768  20.282  -86.352  -32.618 0.0000000000
1388  20.012  -87.033  -33.005 0.0000000000
1089  20.110  -88.050  -34.042 0.0000000000
1099  20.452  -88.346  -34.661 0.0000000000
850  20.339  -89.124  -35.583 0.0000000000
1123  21.033  -88.766  -37.030 0.0000000000
148806  21.324  -88.523  -38.143 0.0000000000
1129  21.684  -88.180  -38.399 0.0000000000
126834  22.547  -87.296  -37.029 0.0000000000
141556  22.177  -87.533  -38.621 0.0000000000
1444  21.859  -87.686  -39.345 0.0000000000
1822  21.973  -86.822  -40.678 0.0000000000
1831  22.156  -86.105  -41.927 0.0000000000
2247  22.551  -85.355  -42.323 0.0000000000
1118  14.201  -89.539  -37.027 0.0000000000
125215  15.849  -89.533  -36.415 0.0000000000
1125  14.870  -88.839  -37.998 0.0000000000
1438  14.818  -87.621  -38.879 0.0000000000
2218  15.294  -86.604  -39.141 0.0000000000
2665  15.062  -85.498  -41.208 0.0000000000
2653  15.273  -85.514  -39.960 0.0000000000
130715  15.210  -83.904  -37.903 0.0000000000
3085  15.272  -83.308  -37.045 0.0000000000
25959  26.711  -52.356  -23.618 0.0000000000
25967  26.192  -52.701  -23.909 0.0000000000
25960  25.860  -51.917  -23.634 0.0000000000
26830  25.972  -51.297  -23.076 0.0000000000
27727  25.162  -50.792  -22.626 0.0000000000
28592  26.357  -49.244  -21.811 0.0000000000
137865  25.519  -50.242  -22.261 0.0000000000
27716  24.643  -50.041  -22.045 0.0000000000
142550  24.624  -49.307  -21.849 0.0000000000
28593  23.857  -49.480  -21.757 0.0000000000
132516  23.362  -48.844  -21.709 0.0000000000
30463  22.282  -48.194  -21.957 0.0000000000
3900  19.971  -81.063  -25.391 0.0000000000
3914  20.864  -80.758  -26.657 0.0000000000
4430  20.684  -79.952  -26.607 0.0000000000
4964  20.964  -79.125  -27.007 0.0000000000
142225  21.556  -77.909  -28.304 0.0000000000
5502  19.854  -78.155  -27.439 0.0000000000
5972  21.013  -77.770  -27.998 0.0000000000
6000  21.688  -77.546  -29.342 0.0000000000
6015  21.235  -77.513  -29.695 0.0000000000
5529  21.507  -77.795  -30.462 0.0000000000
5036  20.528  -79.527  -31.320 0.0000000000
4434  16.070  -79.753  -27.073 0.0000000000
5515  16.795  -78.837  -28.537 0.0000000000
5522  17.321  -78.718  -29.100 0.0000000000
4477  16.016  -79.985  -29.388 0.0000000000
5009  17.301  -79.263  -29.592 0.0000000000
5008  18.050  -78.806  -29.483 0.0000000000
5020  19.430  -79.517  -30.486 0.0000000000
5037  19.869  -79.943  -31.052 0.0000000000
4500  20.233  -80.326  -31.680 0.0000000000
4517  19.926  -80.998  -32.007 0.0000000000
3487  18.632  -82.517  -32.364 0.0000000000
139540  18.483  -83.253  -32.539 0.0000000000
3019  17.186  -83.397  -31.833 0.0000000000
3029  17.629  -84.108  -32.236 0.0000000000
2584  18.070  -84.815  -32.716 0.0000000000
1770  17.505  -86.262  -32.985 0.0000000000
1391  16.472  -87.485  -33.183 0.0000000000
1403  15.893  -88.346  -33.575 0.0000000000
3906  7.849  -81.596  -25.864 0.0000000000
3420  7.826  -82.365  -26.905 0.0000000000
2981  9.166  -82.949  -27.525 0.0000000000
3943  8.616  -81.787  -28.456 0.0000000000
2992  9.469  -82.904  -28.231 0.0000000000
2535  9.812  -83.241  -27.963 0.0000000000
2533  10.922  -83.987  -28.270 0.0000000000
2543  12.379  -84.550  -28.838 0.0000000000
2555  13.354  -84.664  -29.184 0.0000000000
3478  12.346  -82.117  -32.049 0.0000000000
3479  11.330  -82.616  -31.524 0.0000000000
137634  10.880  -84.007  -30.991 0.0000000000
2586  12.839  -84.870  -32.356 0.0000000000
2576  11.474  -84.533  -31.365 0.0000000000
2577  11.185  -84.621  -30.827 0.0000000000
2135  11.997  -85.128  -29.806 0.0000000000
2134  12.326  -85.648  -29.905 0.0000000000
2132  13.559  -85.457  -29.734 0.0000000000
2146  14.288  -85.980  -30.146 0.0000000000
1751  13.955  -86.608  -30.622 0.0000000000
1384  14.491  -87.308  -31.840 0.0000000000
1088  13.664  -87.305  -32.994 0.0000000000
1081  14.090  -87.767  -32.297 0.0000000000
1393  14.715  -87.835  -32.517 0.0000000000
1086  14.933  -88.368  -33.202 0.0000000000
1103  14.482  -89.198  -34.342 0.0000000000
140906  14.421  -89.571  -35.450 0.0000000000
858  13.627  -89.508  -36.285 0.0000000000
1434  13.581  -88.257  -38.127 0.0000000000
1814  13.654  -87.305  -39.507 0.0000000000
1815  12.945  -86.788  -38.916 0.0000000000
1821  13.181  -86.549  -39.729 0.0000000000
2236  13.573  -85.531  -40.977 0.0000000000
3122  13.862  -83.844  -42.218 0.0000000000
3588  13.391  -82.240  -42.886 0.0000000000
133163  11.276  -82.947  -39.248 0.0000000000
3561  11.494  -82.510  -40.047 0.0000000000
3570  11.717  -82.866  -40.934 0.0000000000
5149  11.098  -80.075  -42.592 0.0000000000
4076  11.690  -81.888  -42.305 0.0000000000
8692  17.344  -72.440  -27.522 0.0000000000
9362  15.823  -70.684  -28.205 0.0000000000
10077  15.404  -70.027  -28.201 0.0000000000
10885  14.784  -69.748  -28.044 0.0000000000
10067  13.154  -70.017  -27.147 0.0000000000
10857  15.072  -69.209  -26.594 0.0000000000
10052  13.377  -69.872  -25.952 0.0000000000
10053  12.574  -70.396  -26.146 0.0000000000
130235  12.013  -70.826  -25.416 0.0000000000
9323  11.149  -71.310  -24.210 0.0000000000
147940  10.512  -71.100  -23.680 0.0000000000
11650  16.115  -68.903  -23.957 0.0000000000
11652  13.991  -68.873  -24.059 0.0000000000
11653  13.372  -69.267  -24.002 0.0000000000
133870  12.168  -68.150  -24.241 0.0000000000
11654  12.360  -69.227  -23.878 0.0000000000
10803  11.925  -70.082  -23.663 0.0000000000
140122  11.097  -70.202  -23.586 0.0000000000
10003  10.248  -70.694  -23.494 0.0000000000
10004  9.003  -71.048  -23.281 0.0000000000
10806  8.337  -70.554  -23.013 0.0000000000
139750  7.135  -69.447  -22.250 0.0000000000
11638  5.554  -68.948  -21.337 0.0000000000
12428  6.388  -67.447  -21.357 0.0000000000
12429  5.356  -68.175  -20.948 0.0000000000
12430  4.899  -68.127  -20.879 0.0000000000
12422  4.652  -67.650  -20.615 0.0000000000
15209  16.282  -64.476  -26.720 0.0000000000
15197  14.201  -64.076  -26.138 0.0000000000
136714  13.558  -64.006  -25.717 0.0000000000
134922  12.921  -62.984  -25.193 0.0000000000
16061  12.340  -63.457  -25.026 0.0000000000
128504  11.834  -63.905  -24.821 0.0000000000
15173  11.204  -63.936  -24.283 0.0000000000
16049  10.073  -63.979  -23.049 0.0000000000
15157  9.013  -63.996  -21.741 0.0000000000
18741  10.363  -60.236  -22.511 0.0000000000
18742  9.804  -60.826  -22.076 0.0000000000
143587  9.392  -61.367  -21.570 0.0000000000
18722  8.778  -61.099  -20.022 0.0000000000
17734  8.787  -61.860  -20.373 0.0000000000
16886  9.408  -62.156  -21.703 0.0000000000
16887  9.016  -62.477  -21.070 0.0000000000
16030  8.757  -63.289  -21.064 0.0000000000
15158  8.335  -64.059  -20.974 0.0000000000
15149  6.886  -64.406  -19.950 0.0000000000
15150  5.701  -65.052  -19.511 0.0000000000
15135  4.900  -64.596  -18.919 0.0000000000
135535  3.754  -64.735  -19.006 0.0000000000
14207  3.378  -64.982  -19.498 0.0000000000
25101  24.748  -53.026  -24.248 0.0000000000
25102  23.808  -52.946  -24.249 0.0000000000
25112  23.239  -53.478  -24.729 0.0000000000
139573  22.980  -52.243  -23.730 0.0000000000
25113  22.272  -53.390  -24.719 0.0000000000
24254  21.724  -53.943  -25.174 0.0000000000
24255  20.884  -53.860  -25.076 0.0000000000
24256  19.409  -54.125  -24.996 0.0000000000
24280  17.910  -54.805  -25.226 0.0000000000
27720  20.617  -50.004  -21.602 0.0000000000
26839  20.464  -51.036  -22.899 0.0000000000
26849  20.118  -51.689  -23.419 0.0000000000
26841  18.591  -51.589  -22.507 0.0000000000
128086  18.449  -52.207  -23.358 0.0000000000
25986  19.203  -52.589  -24.061 0.0000000000
137510  18.793  -53.392  -24.519 0.0000000000
24258  17.477  -54.191  -24.830 0.0000000000
23409  17.053  -54.871  -25.177 0.0000000000
23410  16.240  -54.992  -25.085 0.0000000000
23412  15.083  -55.229  -24.310 0.0000000000
143313  14.474  -55.030  -24.181 0.0000000000
24262  14.018  -54.184  -24.551 0.0000000000
23413  13.574  -55.304  -24.148 0.0000000000
23396  12.265  -55.878  -23.877 0.0000000000
23398  10.067  -56.171  -23.890 0.0000000000
19  18.911  -93.702  -28.086 0.0000000000
12  19.442  -93.748  -26.653 0.0000000000
144153  18.288  -94.137  -27.671 0.0000000000
17  17.570  -94.189  -27.669 0.0000000000
70  17.065  -93.967  -27.295 0.0000000000
247  16.512  -93.124  -27.300 0.0000000000
220  22.433  -92.727  -22.457 0.0000000000
56  20.324  -93.349  -23.749 0.0000000000
128431  20.460  -93.202  -21.840 0.0000000000
54  20.064  -93.436  -23.010 0.0000000000
6  18.692  -93.944  -24.590 0.0000000000
131530  18.289  -93.768  -24.936 0.0000000000
62  17.025  -92.957  -25.885 0.0000000000
129092  16.340  -92.103  -27.321 0.0000000000
407  16.842  -91.157  -27.481 0.0000000000
581  17.681  -90.470  -27.260 0.0000000000
571  18.078  -90.461  -26.468 0.0000000000
394  18.018  -90.985  -25.000 0.0000000000
565  18.411  -90.402  -25.683 0.0000000000
580  18.431  -89.761  -27.112 0.0000000000
144615  19.019  -89.302  -26.673 0.0000000000
139348  19.780  -88.539  -26.192 0.0000000000
1335  20.070  -87.813  -25.882 0.0000000000
527  19.929  -91.069  -19.763 0.0000000000
148669  20.150  -89.856  -20.331 0.0000000000
770  19.736  -89.673  -22.191 0.0000000000
760  20.314  -88.672  -20.684 0.0000000000
769  20.215  -88.798  -21.645 0.0000000000
1013  20.000  -88.862  -22.616 0.0000000000
1329  20.041  -87.992  -24.921 0.0000000000
132191  20.425  -86.922  -25.946 0.0000000000
130058  20.566  -86.245  -25.982 0.0000000000
2094  20.550  -85.653  -25.520 0.0000000000
2507  20.606  -84.836  -25.789 0.0000000000
2069  19.838  -85.868  -22.640 0.0000000000
125516  20.463  -84.888  -24.876 0.0000000000
128644  20.502  -84.056  -25.138 0.0000000000
2938  20.004  -83.277  -24.523 0.0000000000
3386  20.097  -82.453  -24.992 0.0000000000
178  15.774  -92.560  -18.737 0.0000000000
149284  16.256  -92.140  -20.070 0.0000000000
360  16.517  -91.590  -20.302 0.0000000000
182  11.441  -92.394  -18.770 0.0000000000
215  13.678  -92.550  -21.854 0.0000000000
130551  13.517  -92.550  -21.041 0.0000000000
203  14.365  -92.473  -20.849 0.0000000000
134601  15.171  -92.350  -20.871 0.0000000000
368  16.395  -91.276  -21.140 0.0000000000
539  16.567  -90.370  -21.334 0.0000000000
1007  16.751  -88.519  -21.621 0.0000000000
1308  16.776  -87.604  -21.631 0.0000000000
1689  16.633  -86.257  -22.148 0.0000000000
1699  16.464  -86.951  -23.174 0.0000000000
2073  16.728  -85.369  -22.538 0.0000000000
2491  17.657  -83.991  -23.396 0.0000000000
2931  18.179  -83.486  -23.722 0.0000000000
3387  19.261  -82.468  -24.527 0.0000000000
3888  18.966  -81.774  -24.899 0.0000000000
2949  18.477  -82.020  -25.465 0.0000000000
3413  18.135  -82.337  -26.700 0.0000000000
2095  17.370  -84.884  -26.662 0.0000000000
2518  17.595  -84.077  -27.082 0.0000000000
3414  17.721  -82.774  -27.107 0.0000000000
145474  17.255  -82.665  -27.322 0.0000000000
3429  16.591  -82.894  -27.301 0.0000000000
2963  15.764  -83.138  -26.904 0.0000000000
797  14.311  -89.603  -26.566 0.0000000000
1048  14.729  -88.143  -27.195 0.0000000000
1351  14.277  -87.627  -27.352 0.0000000000
1042  13.377  -87.931  -25.535 0.0000000000
1352  13.624  -87.656  -26.919 0.0000000000
136803  15.170  -85.956  -27.703 0.0000000000
2532  15.520  -85.121  -27.746 0.0000000000
2520  14.822  -84.424  -26.740 0.0000000000
2964  14.956  -83.512  -26.256 0.0000000000
2510  13.492  -83.815  -25.274 0.0000000000
2953  12.692  -83.550  -24.980 0.0000000000
2512  11.353  -84.600  -24.995 0.0000000000
1714  11.815  -84.932  -24.266 0.0000000000
2091  10.942  -84.387  -24.184 0.0000000000
144102  9.980  -83.987  -24.367 0.0000000000
2493  9.217  -83.906  -24.115 0.0000000000
3379  9.000  -83.023  -23.334 0.0000000000
3378  9.719  -82.465  -23.300 0.0000000000
2045  8.735  -85.813  -20.008 0.0000000000
1662  9.405  -86.049  -19.655 0.0000000000
1661  9.622  -86.370  -19.437 0.0000000000
135191  9.278  -84.990  -20.130 0.0000000000
2043  9.568  -85.659  -19.868 0.0000000000
1274  11.197  -87.712  -18.613 0.0000000000
1273  12.240  -87.710  -18.563 0.0000000000
138252  13.853  -87.209  -19.167 0.0000000000
3840  10.244  -81.295  -19.349 0.0000000000
3340  10.345  -82.570  -18.615 0.0000000000
2882  10.618  -83.688  -17.558 0.0000000000
2865  11.089  -82.916  -15.829 0.0000000000
2877  11.051  -83.725  -16.275 0.0000000000
2012  11.464  -85.047  -16.854 0.0000000000
2022  12.370  -85.647  -17.398 0.0000000000
1638  13.189  -86.378  -18.306 0.0000000000
1659  14.238  -86.811  -19.639 0.0000000000
132090  14.282  -85.988  -19.627 0.0000000000
125452  13.627  -85.399  -21.427 0.0000000000
2062  13.739  -84.705  -21.096 0.0000000000
135874  14.200  -83.688  -20.024 0.0000000000
2471  13.822  -83.942  -20.910 0.0000000000
2917  12.460  -83.741  -22.077 0.0000000000
2923  11.873  -83.239  -22.433 0.0000000000
3370  11.348  -82.563  -22.802 0.0000000000
3869  10.651  -81.978  -23.062 0.0000000000
3876  11.100  -81.405  -23.742 0.0000000000
4378  12.125  -81.056  -23.604 0.0000000000
4388  12.414  -80.270  -24.023 0.0000000000
4365  14.057  -80.605  -21.847 0.0000000000
125694  13.829  -80.192  -22.877 0.0000000000
4935  12.670  -79.577  -24.338 0.0000000000
5482  13.433  -78.850  -24.302 0.0000000000
5940  14.085  -77.962  -24.215 0.0000000000
6416  14.087  -77.437  -24.572 0.0000000000
4322  14.520  -80.464  -17.097 0.0000000000
4897  14.743  -79.340  -18.294 0.0000000000
147724  14.705  -78.997  -19.059 0.0000000000
130576  15.461  -77.798  -18.760 0.0000000000
142567  14.975  -78.239  -19.661 0.0000000000
5930  15.087  -77.734  -22.659 0.0000000000
6421  14.620  -76.768  -24.476 0.0000000000
6931  15.116  -76.203  -24.487 0.0000000000
148108  15.465  -75.729  -24.562 0.0000000000
7480  15.632  -75.286  -25.060 0.0000000000
137537  16.731  -76.230  -23.074 0.0000000000
6929  16.443  -75.519  -24.310 0.0000000000
7488  15.808  -74.687  -25.642 0.0000000000
7487  16.433  -74.678  -25.692 0.0000000000
7494  17.089  -74.287  -26.461 0.0000000000
8078  16.708  -73.754  -27.010 0.0000000000
7973  6.372  -73.637  -15.204 0.0000000000
9226  5.681  -71.673  -14.514 0.0000000000
140172  6.771  -73.216  -14.845 0.0000000000
7986  7.649  -73.743  -16.606 0.0000000000
127246  8.614  -73.692  -17.010 0.0000000000
8004  9.519  -73.690  -17.690 0.0000000000
8022  10.334  -73.780  -18.261 0.0000000000
12385  8.490  -67.978  -16.954 0.0000000000
13328  13.478  -65.123  -20.027 0.0000000000
14225  12.793  -65.739  -19.363 0.0000000000
13319  11.648  -66.739  -18.646 0.0000000000
11591  12.064  -68.108  -18.288 0.0000000000
11605  11.322  -67.902  -18.450 0.0000000000
12407  10.898  -67.129  -18.378 0.0000000000
11594  9.758  -68.269  -17.591 0.0000000000
11580  9.150  -68.708  -17.289 0.0000000000
11582  7.795  -69.019  -16.895 0.0000000000
9934  8.174  -69.818  -16.455 0.0000000000
9924  8.739  -70.592  -15.547 0.0000000000
127203  9.538  -72.117  -14.612 0.0000000000
9913  10.434  -70.930  -14.919 0.0000000000
9223  10.398  -71.791  -14.609 0.0000000000
8574  9.447  -72.917  -14.730 0.0000000000
136239  10.223  -73.504  -15.604 0.0000000000
8002  11.415  -73.206  -17.856 0.0000000000
7441  11.752  -73.514  -18.197 0.0000000000
144804  12.366  -73.578  -18.105 0.0000000000
7428  13.501  -73.865  -17.764 0.0000000000
7417  14.027  -74.428  -16.923 0.0000000000
8000  14.378  -72.864  -17.429 0.0000000000
7416  14.826  -74.187  -16.436 0.0000000000
7408  15.322  -74.736  -15.469 0.0000000000
6839  16.631  -75.288  -15.181 0.0000000000
6838  17.443  -75.330  -15.522 0.0000000000
6362  18.344  -75.618  -16.550 0.0000000000
9932  16.744  -70.841  -15.968 0.0000000000
9250  17.436  -71.722  -16.787 0.0000000000
8594  17.925  -72.357  -17.155 0.0000000000
7977  18.845  -73.655  -16.630 0.0000000000
7413  19.475  -74.215  -16.655 0.0000000000
6862  19.876  -75.113  -17.293 0.0000000000
131325  19.268  -75.601  -17.736 0.0000000000
6888  18.948  -75.781  -19.425 0.0000000000
6904  19.592  -76.081  -21.283 0.0000000000
6912  19.853  -76.024  -22.111 0.0000000000
6911  20.764  -75.702  -22.297 0.0000000000
6918  20.048  -75.728  -23.113 0.0000000000
6926  19.606  -75.627  -24.036 0.0000000000
6935  19.258  -75.525  -24.695 0.0000000000
7493  18.282  -74.401  -26.575 0.0000000000
8085  18.006  -73.095  -27.296 0.0000000000
8691  18.341  -72.273  -27.253 0.0000000000
9348  18.561  -71.367  -26.836 0.0000000000
8679  20.384  -73.030  -26.466 0.0000000000
8680  19.706  -72.403  -26.545 0.0000000000
9347  19.039  -71.134  -26.254 0.0000000000
10050  18.857  -70.616  -25.729 0.0000000000
10049  19.312  -70.525  -26.133 0.0000000000
10029  18.660  -70.187  -25.280 0.0000000000
9310  23.067  -71.824  -23.515 0.0000000000
9322  23.397  -71.902  -25.170 0.0000000000
9330  23.352  -71.870  -26.087 0.0000000000
10028  23.515  -71.311  -26.303 0.0000000000
10047  22.178  -71.830  -27.386 0.0000000000
11679  19.067  -69.718  -25.794 0.0000000000
11693  18.682  -68.793  -25.974 0.0000000000
12494  18.917  -68.088  -27.018 0.0000000000
11713  21.500  -68.464  -30.462 0.0000000000
123088  20.233  -67.806  -28.457 0.0000000000
12510  18.664  -67.191  -27.234 0.0000000000
13394  19.218  -66.574  -27.947 0.0000000000
14297  19.098  -65.686  -28.129 0.0000000000
14130  19.421  -64.560  -14.318 0.0000000000
141528  20.371  -65.309  -15.782 0.0000000000
14172  21.008  -65.700  -16.950 0.0000000000
14154  21.311  -65.052  -16.750 0.0000000000
13327  22.693  -66.776  -21.416 0.0000000000
13335  22.908  -66.741  -22.327 0.0000000000
16800  22.699  -62.901  -15.646 0.0000000000
15112  22.841  -64.506  -18.318 0.0000000000
16011  24.165  -64.463  -20.474 0.0000000000
15128  23.631  -64.688  -19.669 0.0000000000
15129  23.128  -65.366  -19.620 0.0000000000
124807  23.040  -66.281  -23.148 0.0000000000
141813  22.932  -67.049  -24.063 0.0000000000
13353  23.385  -66.834  -24.719 0.0000000000
12492  24.879  -66.674  -27.124 0.0000000000
12493  24.147  -65.883  -28.402 0.0000000000
14271  25.091  -66.074  -26.284 0.0000000000
13393  24.205  -65.415  -28.229 0.0000000000
123089  22.700  -65.492  -28.637 0.0000000000
123092  21.238  -65.792  -28.779 0.0000000000
14309  20.807  -65.219  -28.693 0.0000000000
15221  19.013  -64.826  -28.184 0.0000000000
15230  19.728  -64.304  -28.381 0.0000000000
16106  20.410  -63.787  -28.440 0.0000000000
124120  20.170  -62.984  -28.241 0.0000000000
124835  22.738  -63.097  -28.093 0.0000000000
16950  21.822  -62.643  -28.181 0.0000000000
126002  21.081  -61.956  -27.930 0.0000000000
17828  21.980  -61.734  -27.703 0.0000000000
17816  22.153  -60.848  -27.165 0.0000000000
18796  22.634  -60.265  -26.631 0.0000000000
16901  25.703  -62.565  -24.012 0.0000000000
17778  25.967  -61.693  -24.394 0.0000000000
146485  25.956  -61.544  -25.153 0.0000000000
135676  26.332  -60.148  -23.770 0.0000000000
132933  26.058  -60.936  -24.871 0.0000000000
138725  25.032  -61.190  -26.041 0.0000000000
18781  24.613  -60.319  -26.028 0.0000000000
18795  23.521  -60.354  -26.450 0.0000000000
126403  23.022  -59.826  -26.445 0.0000000000
19786  23.941  -58.954  -26.369 0.0000000000
20764  24.147  -58.191  -26.323 0.0000000000
21694  25.000  -57.324  -25.580 0.0000000000
21692  26.339  -57.153  -24.408 0.0000000000
21693  25.755  -57.191  -25.129 0.0000000000
22565  25.169  -56.512  -25.444 0.0000000000
23407  25.947  -55.375  -24.855 0.0000000000
23393  26.436  -54.979  -24.310 0.0000000000
21579  25.722  -56.994  -14.485 0.0000000000
21592  26.338  -57.215  -14.936 0.0000000000
22476  27.404  -56.604  -16.019 0.0000000000
129720  27.709  -56.524  -16.790 0.0000000000
23344  27.868  -55.948  -16.342 0.0000000000
22488  27.750  -56.795  -17.610 0.0000000000
22487  28.144  -56.028  -18.052 0.0000000000
22501  28.223  -56.065  -18.927 0.0000000000
23376  28.417  -55.385  -19.270 0.0000000000
25055  28.713  -53.678  -16.850 0.0000000000
25070  28.745  -53.727  -17.655 0.0000000000
24223  28.573  -54.664  -18.800 0.0000000000
23380  28.295  -55.394  -20.104 0.0000000000
24233  28.382  -54.679  -20.399 0.0000000000
123120  28.266  -54.536  -21.190 0.0000000000
123126  28.851  -52.040  -19.412 0.0000000000
123122  28.611  -53.346  -20.719 0.0000000000
123119  28.070  -54.292  -22.015 0.0000000000
25093  28.112  -53.500  -22.303 0.0000000000
25095  27.719  -53.175  -22.955 0.0000000000
25958  27.428  -52.497  -23.231 0.0000000000
26833  27.811  -52.008  -22.837 0.0000000000
138055  27.984  -49.875  -21.499 0.0000000000
28584  28.861  -48.896  -19.891 0.0000000000
143746  28.556  -49.172  -20.532 0.0000000000
28585  28.175  -49.053  -21.158 0.0000000000
127175  28.513  -47.546  -21.095 0.0000000000
32289  28.785  -46.875  -20.922 0.0000000000
146378  21.105  -91.871  -31.810 0.0000000000
262  22.181  -91.599  -33.077 0.0000000000
139797  21.886  -92.022  -33.916 0.0000000000
418  16.030  -91.584  -30.783 0.0000000000
421  15.969  -91.688  -31.561 0.0000000000
145006  15.903  -92.117  -33.077 0.0000000000
131904  16.290  -91.241  -33.360 0.0000000000
428  15.962  -92.101  -33.918 0.0000000000
264  16.108  -92.959  -34.240 0.0000000000
104  16.660  -93.388  -35.350 0.0000000000
108  17.420  -93.391  -36.925 0.0000000000
112  18.840  -93.459  -37.730 0.0000000000
623  19.089  -90.290  -37.390 0.0000000000
446  17.756  -91.404  -37.910 0.0000000000
452  17.339  -91.828  -38.527 0.0000000000
136478  17.608  -91.063  -40.575 0.0000000000
630  17.522  -91.722  -39.210 0.0000000000
453  17.310  -92.164  -38.513 0.0000000000
118  17.424  -92.947  -38.206 0.0000000000
117  18.174  -93.196  -38.395 0.0000000000
116  19.222  -93.221  -38.438 0.0000000000
126108  20.771  -92.514  -39.011 0.0000000000
288  21.030  -92.100  -39.801 0.0000000000
459  22.313  -91.113  -40.236 0.0000000000
464  21.314  -91.417  -41.556 0.0000000000
463  22.151  -91.087  -41.108 0.0000000000
128034  22.872  -90.603  -40.686 0.0000000000
877  23.778  -89.539  -41.472 0.0000000000
1470  24.056  -87.223  -45.177 0.0000000000
1164  21.540  -88.174  -46.219 0.0000000000
4462  21.740  -80.346  -28.217 0.0000000000
4475  22.232  -80.195  -29.214 0.0000000000
3952  22.162  -80.836  -29.778 0.0000000000
5007  23.351  -79.148  -30.007 0.0000000000
4485  23.630  -79.690  -30.729 0.0000000000
4499  23.171  -80.640  -30.978 0.0000000000
3473  23.205  -81.904  -32.064 0.0000000000
3483  23.661  -82.229  -32.795 0.0000000000
3505  23.995  -82.949  -34.236 0.0000000000
5058  22.616  -78.982  -33.767 0.0000000000
5578  23.560  -78.783  -34.041 0.0000000000
5577  24.182  -78.941  -34.163 0.0000000000
4551  23.076  -80.095  -35.619 0.0000000000
5084  24.046  -79.756  -35.351 0.0000000000
4537  24.547  -80.312  -34.492 0.0000000000
4012  24.567  -81.252  -34.715 0.0000000000
3494  24.349  -82.227  -34.460 0.0000000000
3042  24.182  -82.888  -35.048 0.0000000000
3069  23.646  -83.983  -36.114 0.0000000000
125024  23.546  -84.190  -36.993 0.0000000000
2213  23.384  -84.642  -38.624 0.0000000000
3092  23.895  -82.911  -39.200 0.0000000000
2649  23.599  -83.758  -39.351 0.0000000000
2234  23.216  -84.620  -40.231 0.0000000000
2662  23.175  -84.499  -41.204 0.0000000000
2680  23.005  -84.587  -42.615 0.0000000000
2682  23.048  -84.345  -43.480 0.0000000000
146232  16.574  -89.160  -36.563 0.0000000000
1418  17.245  -88.822  -36.206 0.0000000000
1423  18.547  -87.948  -36.441 0.0000000000
1801  16.260  -87.705  -37.270 0.0000000000
1431  18.197  -87.900  -37.299 0.0000000000
1799  18.920  -87.587  -37.062 0.0000000000
2205  19.435  -86.527  -38.104 0.0000000000
2638  19.578  -86.029  -38.687 0.0000000000
2637  20.338  -84.515  -39.197 0.0000000000
3084  17.600  -84.300  -38.153 0.0000000000
3559  17.513  -82.522  -39.570 0.0000000000
3095  17.585  -84.272  -39.104 0.0000000000
2640  17.840  -85.260  -38.932 0.0000000000
2651  18.637  -85.422  -40.189 0.0000000000
2663  19.405  -85.046  -40.680 0.0000000000
3101  20.381  -84.187  -39.971 0.0000000000
138791  20.392  -83.534  -41.242 0.0000000000
3576  20.990  -82.897  -41.935 0.0000000000
3127  20.265  -83.174  -42.715 0.0000000000
3128  18.882  -83.713  -42.917 0.0000000000
3585  20.664  -83.022  -43.372 0.0000000000
3584  21.569  -82.808  -42.861 0.0000000000
130589  22.353  -82.980  -43.431 0.0000000000
3143  22.904  -83.760  -44.594 0.0000000000
133291  22.788  -84.503  -44.371 0.0000000000
2689  22.730  -84.049  -45.816 0.0000000000
3149  21.956  -83.689  -46.650 0.0000000000
3616  20.066  -83.144  -47.781 0.0000000000
147847  17.640  -81.948  -47.279 0.0000000000
3623  18.475  -82.057  -47.650 0.0000000000
3154  20.491  -83.098  -47.566 0.0000000000
4116  19.961  -81.934  -48.215 0.0000000000
4115  20.947  -82.031  -48.103 0.0000000000
5164  19.301  -79.279  -43.278 0.0000000000
4622  19.153  -79.602  -44.204 0.0000000000
9375  14.825  -71.057  -29.123 0.0000000000
9385  13.763  -71.425  -29.765 0.0000000000
8716  12.546  -71.984  -30.179 0.0000000000
9377  11.612  -71.587  -28.436 0.0000000000
8705  11.181  -72.171  -29.052 0.0000000000
8717  11.731  -72.240  -29.936 0.0000000000
8111  11.047  -73.214  -30.413 0.0000000000
7527  10.669  -74.010  -30.328 0.0000000000
123829  10.468  -74.900  -29.993 0.0000000000
8671  9.234  -73.320  -24.610 0.0000000000
8070  8.791  -74.590  -24.517 0.0000000000
124757  9.580  -74.391  -26.677 0.0000000000
6941  8.053  -76.627  -24.774 0.0000000000
7499  9.216  -75.439  -26.201 0.0000000000
7505  9.573  -75.080  -27.313 0.0000000000
6961  9.536  -75.996  -27.774 0.0000000000
6968  9.814  -75.826  -28.709 0.0000000000
6459  10.132  -76.831  -29.750 0.0000000000
6470  9.559  -77.950  -29.651 0.0000000000
6005  8.709  -78.584  -29.645 0.0000000000
5535  8.325  -79.040  -30.430 0.0000000000
6471  7.119  -77.664  -29.366 0.0000000000
133722  7.172  -77.643  -30.344 0.0000000000
6029  7.460  -78.373  -30.866 0.0000000000
6028  7.573  -77.746  -31.726 0.0000000000
6503  8.557  -76.442  -33.203 0.0000000000
7011  8.968  -75.422  -33.476 0.0000000000
8720  6.378  -71.786  -29.153 0.0000000000
142457  6.460  -72.111  -30.540 0.0000000000
134912  6.937  -72.940  -30.726 0.0000000000
8734  6.064  -71.257  -32.004 0.0000000000
8743  6.517  -72.251  -32.340 0.0000000000
8119  7.815  -73.840  -31.946 0.0000000000
8131  8.234  -73.947  -32.807 0.0000000000
7557  9.259  -74.705  -33.880 0.0000000000
7564  9.706  -74.995  -34.601 0.0000000000
7571  9.531  -74.857  -35.125 0.0000000000
7577  9.055  -74.971  -35.770 0.0000000000
7039  8.636  -75.698  -37.603 0.0000000000
137362  7.090  -74.442  -36.878 0.0000000000
7066  7.792  -75.374  -39.880 0.0000000000
7631  7.965  -74.720  -40.963 0.0000000000
0  19.486  -93.394  -23.069 0.0000000000
2  19.590  -93.590  -23.552 0.0000000000
3  19.079  -93.856  -23.898 0.0000000000
5  19.073  -94.082  -24.740 0.0000000000
10  17.870  -93.925  -25.728 0.0000000000
15  18.843  -94.057  -27.215 0.0000000000
16  18.057  -94.225  -26.980 0.0000000000
18  17.058  -94.078  -28.067 0.0000000000
20  18.064  -94.112  -28.432 0.0000000000
22  16.949  -93.982  -28.736 0.0000000000
23  19.053  -92.919  -29.689 0.0000000000
25  17.295  -94.050  -29.257 0.0000000000
28  18.032  -93.729  -30.604 0.0000000000
29  17.367  -94.041  -30.765 0.0000000000
33  17.085  -94.097  -31.529 0.0000000000
37  16.893  -94.054  -32.165 0.0000000000
41  20.778  -92.988  -20.605 0.0000000000
46  19.929  -93.130  -21.590 0.0000000000
48  19.297  -93.116  -22.735 0.0000000000
50  19.995  -93.335  -22.361 0.0000000000
52  21.948  -92.950  -23.233 0.0000000000
53  20.964  -93.239  -23.155 0.0000000000
55  18.695  -93.184  -23.684 0.0000000000
66  16.965  -93.501  -26.558 0.0000000000
69  19.494  -93.517  -27.458 0.0000000000
73  16.571  -93.573  -28.180 0.0000000000
88  16.591  -93.724  -32.529 0.0000000000
89  20.665  -92.960  -33.642 0.0000000000
90  19.228  -93.603  -33.535 0.0000000000
91  18.249  -94.006  -33.721 0.0000000000
92  17.170  -94.009  -33.875 0.0000000000
95  19.496  -93.492  -34.939 0.0000000000
97  17.046  -93.764  -34.752 0.0000000000
99  20.828  -92.959  -35.367 0.0000000000
109  17.034  -93.419  -36.144 0.0000000000
111  19.885  -93.235  -37.690 0.0000000000
113  17.821  -93.326  -37.677 0.0000000000
115  16.827  -93.090  -36.785 0.0000000000
120  18.520  -93.004  -39.142 0.0000000000
164  18.786  -91.970  -16.698 0.0000000000
174  21.984  -91.560  -18.674 0.0000000000
180  13.428  -92.304  -18.504 0.0000000000
187  21.050  -92.134  -19.302 0.0000000000
189  16.152  -92.370  -19.425 0.0000000000
194  10.613  -92.338  -19.158 0.0000000000
204  13.124  -92.502  -20.352 0.0000000000
205  12.536  -92.587  -21.028 0.0000000000
206  11.287  -92.489  -20.455 0.0000000000
211  19.457  -92.595  -21.625 0.0000000000
212  19.256  -92.644  -22.106 0.0000000000
213  15.439  -92.172  -21.626 0.0000000000
217  10.413  -91.587  -21.587 0.0000000000
221  18.972  -92.585  -22.494 0.0000000000
224  13.094  -92.449  -22.759 0.0000000000
230  14.138  -92.436  -24.208 0.0000000000
231  12.597  -92.057  -23.597 0.0000000000
232  11.672  -91.567  -23.246 0.0000000000
236  13.466  -92.185  -24.580 0.0000000000
240  17.362  -92.519  -25.393 0.0000000000
244  16.678  -92.566  -26.584 0.0000000000
249  16.055  -92.637  -28.052 0.0000000000
255  16.177  -92.819  -30.360 0.0000000000
259  21.436  -91.880  -32.370 0.0000000000
260  16.152  -92.983  -32.824 0.0000000000
263  21.399  -92.252  -33.371 0.0000000000
268  16.235  -93.125  -34.942 0.0000000000
275  21.808  -92.440  -36.261 0.0000000000
280  20.835  -92.939  -37.638 0.0000000000
281  17.181  -92.590  -37.956 0.0000000000
286  17.759  -92.733  -38.856 0.0000000000
287  17.440  -92.577  -38.381 0.0000000000
290  18.944  -92.715  -39.844 0.0000000000
293  20.410  -92.092  -40.502 0.0000000000
298  18.982  -92.205  -41.246 0.0000000000
299  18.220  -92.024  -41.264 0.0000000000
300  17.843  -91.724  -41.220 0.0000000000
345  18.238  -91.243  -17.883 0.0000000000
356  10.056  -92.240  -20.002 0.0000000000
357  9.501  -91.681  -19.966 0.0000000000
361  16.067  -92.093  -20.868 0.0000000000
363  9.545  -91.115  -20.481 0.0000000000
369  16.075  -91.736  -21.644 0.0000000000
373  19.116  -91.363  -22.092 0.0000000000
380  18.445  -91.882  -23.401 0.0000000000
388  15.126  -91.664  -24.814 0.0000000000
391  12.906  -91.236  -24.566 0.0000000000
397  14.308  -91.475  -25.579 0.0000000000
398  13.415  -91.151  -25.681 0.0000000000
402  16.704  -91.741  -26.731 0.0000000000
403  13.832  -91.023  -26.142 0.0000000000
432  16.151  -92.311  -34.864 0.0000000000
437  16.436  -92.172  -35.640 0.0000000000
441  17.215  -91.351  -36.534 0.0000000000
447  17.045  -92.038  -37.842 0.0000000000
454  23.137  -90.856  -39.231 0.0000000000
455  22.557  -91.214  -39.471 0.0000000000
456  21.829  -91.657  -39.719 0.0000000000
457  17.639  -91.584  -40.103 0.0000000000
462  17.675  -91.428  -40.869 0.0000000000
465  19.580  -91.999  -41.918 0.0000000000
468  17.762  -91.265  -41.591 0.0000000000
469  21.148  -91.252  -42.392 0.0000000000
472  18.352  -91.475  -42.530 0.0000000000
474  19.202  -91.293  -43.337 0.0000000000
475  18.616  -91.265  -43.273 0.0000000000
476  18.131  -90.993  -43.102 0.0000000000
518  20.122  -90.099  -18.405 0.0000000000
522  17.165  -91.358  -18.890 0.0000000000
523  8.997  -91.045  -18.825 0.0000000000
524  8.926  -90.546  -18.169 0.0000000000
530  8.915  -90.158  -19.037 0.0000000000
533  19.770  -90.640  -20.539 0.0000000000
534  16.693  -90.649  -20.475 0.0000000000
536  9.592  -90.411  -20.432 0.0000000000
545  16.037  -91.321  -23.053 0.0000000000
554  12.555  -90.805  -24.009 0.0000000000
555  11.608  -91.016  -23.338 0.0000000000
558  18.969  -90.282  -24.206 0.0000000000
559  18.410  -90.807  -24.425 0.0000000000
575  13.764  -90.443  -26.148 0.0000000000
600  16.410  -90.842  -31.103 0.0000000000
608  17.621  -90.131  -33.831 0.0000000000
609  16.426  -91.343  -34.293 0.0000000000
624  18.293  -90.806  -37.218 0.0000000000
635  22.760  -90.564  -41.511 0.0000000000
638  23.336  -90.075  -41.076 0.0000000000
639  22.018  -91.005  -41.978 0.0000000000
640  17.842  -90.301  -41.479 0.0000000000
646  17.970  -90.533  -42.893 0.0000000000
650  18.454  -90.764  -43.736 0.0000000000
652  21.292  -90.153  -44.272 0.0000000000
655  18.770  -90.318  -44.284 0.0000000000
656  18.367  -90.084  -43.863 0.0000000000
739  20.287  -89.405  -18.818 0.0000000000
740  19.879  -89.353  -18.534 0.0000000000
743  9.003  -89.496  -18.640 0.0000000000
744  20.385  -89.296  -19.347 0.0000000000
745  18.489  -88.938  -18.848 0.0000000000
749  9.163  -89.536  -19.209 0.0000000000
751  20.359  -89.308  -20.121 0.0000000000
753  13.620  -89.332  -20.986 0.0000000000
756  10.400  -89.741  -20.455 0.0000000000
762  16.685  -89.457  -21.501 0.0000000000
763  14.063  -89.037  -21.464 0.0000000000
764  13.387  -89.484  -21.896 0.0000000000
765  12.112  -89.861  -21.974 0.0000000000
777  19.541  -89.648  -23.956 0.0000000000
779  12.821  -90.092  -23.526 0.0000000000
783  15.844  -90.455  -25.273 0.0000000000
785  13.353  -89.452  -24.730 0.0000000000
790  16.255  -89.058  -25.086 0.0000000000
794  19.458  -89.226  -26.051 0.0000000000
795  18.767  -89.821  -26.250 0.0000000000
796  15.282  -89.531  -26.251 0.0000000000
798  14.224  -89.578  -26.366 0.0000000000
799  13.971  -88.573  -25.855 0.0000000000
806  14.471  -88.823  -26.777 0.0000000000
807  14.358  -88.820  -26.583 0.0000000000
808  14.153  -88.511  -26.311 0.0000000000
813  17.742  -89.696  -28.500 0.0000000000
819  16.932  -90.162  -29.749 0.0000000000
836  18.226  -89.040  -32.669 0.0000000000
842  13.850  -89.144  -34.225 0.0000000000
845  19.477  -89.276  -34.581 0.0000000000
846  18.902  -89.578  -34.350 0.0000000000
847  14.118  -89.391  -34.903 0.0000000000
851  19.721  -89.450  -35.225 0.0000000000
855  20.544  -89.166  -36.391 0.0000000000
857  14.627  -89.698  -36.177 0.0000000000
862  19.725  -89.758  -37.748 0.0000000000
866  20.487  -89.108  -38.499 0.0000000000
874  23.820  -89.583  -40.675 0.0000000000
876  24.180  -89.064  -41.830 0.0000000000
878  19.028  -89.167  -41.037 0.0000000000
879  18.341  -89.756  -41.265 0.0000000000
881  23.740  -89.489  -42.254 0.0000000000
883  18.036  -89.789  -42.036 0.0000000000
884  18.010  -89.880  -42.744 0.0000000000
885  23.682  -89.282  -42.975 0.0000000000
886  23.033  -89.534  -43.399 0.0000000000
887  18.160  -89.946  -43.345 0.0000000000
890  20.845  -89.772  -44.865 0.0000000000
896  19.710  -89.009  -45.331 0.0000000000
897  19.193  -88.580  -45.262 0.0000000000
899  20.310  -88.661  -45.878 0.0000000000
986  19.707  -88.211  -19.519 0.0000000000
989  17.221  -89.043  -20.002 0.0000000000
990  13.956  -88.534  -19.878 0.0000000000
991  13.080  -88.893  -19.722 0.0000000000
994  9.488  -88.916  -18.771 0.0000000000
997  20.226  -88.676  -19.782 0.0000000000
1002  12.980  -89.384  -20.489 0.0000000000
1008  14.291  -88.469  -21.179 0.0000000000
1009  10.721  -89.667  -20.554 0.0000000000
1012  20.314  -88.136  -22.136 0.0000000000
1014  16.615  -88.183  -22.386 0.0000000000
1015  14.156  -88.414  -21.860 0.0000000000
1020  19.918  -88.887  -23.553 0.0000000000
1028  16.397  -88.937  -24.162 0.0000000000
1030  12.221  -87.138  -24.181 0.0000000000
1035  15.968  -88.911  -25.971 0.0000000000
1036  13.075  -88.147  -25.107 0.0000000000
1037  12.698  -87.494  -24.497 0.0000000000
1039  19.469  -88.764  -26.725 0.0000000000
1047  18.933  -88.982  -27.288 0.0000000000
1049  14.164  -88.229  -26.905 0.0000000000
1051  13.836  -87.834  -26.015 0.0000000000
1052  13.288  -87.350  -25.652 0.0000000000
1064  18.207  -88.607  -29.503 0.0000000000
1075  18.112  -88.474  -30.441 0.0000000000
1080  14.185  -87.688  -32.255 0.0000000000
1082  14.004  -87.115  -32.160 0.0000000000
1087  14.270  -88.153  -32.859 0.0000000000
1090  19.473  -88.416  -33.609 0.0000000000
1092  15.179  -88.991  -33.968 0.0000000000
1093  14.240  -88.864  -33.554 0.0000000000
1094  13.599  -88.773  -33.840 0.0000000000
1095  13.094  -88.551  -34.126 0.0000000000
1098  21.074  -87.994  -35.072 0.0000000000
1101  16.203  -88.857  -34.567 0.0000000000
1108  20.814  -88.761  -35.835 0.0000000000
1109  16.512  -89.191  -35.702 0.0000000000
1110  13.074  -89.154  -35.742 0.0000000000
1113  22.029  -87.991  -36.890 0.0000000000
1114  21.711  -88.145  -36.202 0.0000000000
1115  21.164  -88.588  -36.303 0.0000000000
1117  15.260  -89.466  -37.149 0.0000000000
1119  13.269  -89.205  -36.739 0.0000000000
1122  21.554  -88.372  -37.554 0.0000000000
1124  15.392  -88.925  -37.768 0.0000000000
1126  13.989  -88.986  -37.683 0.0000000000
1133  21.479  -88.205  -39.160 0.0000000000
1134  20.882  -88.563  -39.582 0.0000000000
1135  20.073  -88.860  -39.966 0.0000000000
1138  19.837  -88.747  -40.766 0.0000000000
1152  18.611  -88.487  -43.327 0.0000000000
1155  22.394  -89.051  -44.562 0.0000000000
1156  21.843  -88.871  -45.293 0.0000000000
1160  21.137  -88.804  -45.822 0.0000000000
1161  18.845  -88.151  -45.255 0.0000000000
1162  18.643  -88.235  -44.769 0.0000000000
1163  22.153  -87.686  -46.197 0.0000000000
1166  20.120  -88.105  -46.224 0.0000000000
1168  21.146  -87.739  -46.777 0.0000000000
1170  20.143  -87.507  -46.391 0.0000000000
1272  13.219  -87.113  -18.641 0.0000000000
1275  10.512  -87.654  -18.620 0.0000000000
1282  18.772  -87.793  -19.666 0.0000000000
1283  18.039  -87.717  -19.935 0.0000000000
1297  17.054  -87.867  -20.918 0.0000000000
1299  10.462  -88.247  -18.752 0.0000000000
1305  20.177  -87.534  -21.740 0.0000000000
1323  13.349  -87.969  -23.141 0.0000000000
1324  11.964  -87.165  -23.432 0.0000000000
1325  12.041  -86.375  -23.345 0.0000000000
1326  12.128  -85.762  -23.216 0.0000000000
1328  20.354  -87.305  -24.317 0.0000000000
1330  16.387  -87.643  -24.786 0.0000000000
1331  12.058  -86.920  -23.750 0.0000000000
1332  12.139  -86.523  -23.594 0.0000000000
1337  12.674  -87.088  -24.648 0.0000000000
1339  20.159  -87.256  -26.607 0.0000000000
1340  19.834  -88.044  -26.717 0.0000000000
1341  15.930  -87.245  -27.265 0.0000000000
1342  15.448  -87.894  -27.115 0.0000000000
1343  13.199  -86.913  -25.825 0.0000000000
1345  12.594  -86.479  -24.509 0.0000000000
1353  13.550  -87.334  -26.360 0.0000000000
1357  19.302  -87.156  -28.930 0.0000000000
1358  18.770  -87.846  -29.182 0.0000000000
1372  18.821  -87.262  -30.489 0.0000000000
1373  13.818  -86.998  -31.106 0.0000000000
1374  13.262  -86.456  -30.913 0.0000000000
1382  18.589  -87.918  -31.532 0.0000000000
1383  15.250  -87.365  -32.213 0.0000000000
1385  13.794  -86.837  -31.620 0.0000000000
1389  19.461  -87.414  -32.552 0.0000000000
1400  19.759  -87.729  -33.335 0.0000000000
1401  17.157  -86.951  -33.253 0.0000000000
1407  22.208  -86.681  -34.934 0.0000000000
1408  21.565  -87.290  -34.844 0.0000000000
1419  12.700  -88.144  -35.350 0.0000000000
1426  15.963  -88.653  -37.472 0.0000000000
1432  17.399  -88.077  -37.367 0.0000000000
1433  14.936  -88.343  -38.252 0.0000000000
1440  14.082  -87.813  -38.960 0.0000000000
1443  21.931  -87.244  -40.054 0.0000000000
1445  14.792  -87.272  -40.027 0.0000000000
1453  21.259  -87.397  -41.483 0.0000000000
1454  20.655  -87.761  -41.748 0.0000000000
1459  20.413  -87.648  -42.592 0.0000000000
1461  21.003  -87.123  -42.936 0.0000000000
1463  19.517  -87.612  -43.927 0.0000000000
1465  24.145  -87.603  -44.420 0.0000000000
1471  23.606  -87.413  -45.393 0.0000000000
1472  22.922  -87.420  -45.843 0.0000000000
1474  19.018  -87.509  -45.358 0.0000000000
1477  21.700  -87.602  -46.641 0.0000000000
1478  19.309  -87.147  -45.815 0.0000000000
1480  20.602  -87.225  -46.975 0.0000000000
1481  20.295  -87.082  -46.636 0.0000000000
1483  21.285  -86.648  -47.605 0.0000000000
1485  20.620  -86.770  -47.111 0.0000000000
1639  12.577  -86.259  -17.846 0.0000000000
1640  11.907  -86.447  -17.668 0.0000000000
1650  11.569  -87.141  -18.090 0.0000000000
1651  10.529  -86.904  -18.550 0.0000000000
1660  13.895  -86.402  -18.947 0.0000000000
1670  14.339  -86.438  -20.327 0.0000000000
1676  18.600  -86.069  -21.193 0.0000000000
1678  14.372  -87.086  -21.005 0.0000000000
1687  19.948  -86.527  -22.253 0.0000000000
1688  19.502  -85.982  -22.034 0.0000000000
1690  13.462  -86.926  -22.134 0.0000000000
1692  11.728  -85.194  -22.959 0.0000000000
1701  11.788  -84.953  -23.123 0.0000000000
1704  20.359  -86.574  -23.873 0.0000000000
1706  12.151  -85.769  -23.811 0.0000000000
1707  11.838  -84.880  -23.653 0.0000000000
1710  20.492  -86.435  -25.334 0.0000000000
1711  16.699  -86.432  -26.163 0.0000000000
1716  20.426  -86.492  -26.547 0.0000000000
1718  13.293  -86.535  -26.620 0.0000000000
1723  19.992  -86.606  -27.770 0.0000000000
1724  14.682  -86.823  -27.593 0.0000000000
1725  13.701  -87.058  -27.210 0.0000000000
1742  12.400  -86.436  -30.127 0.0000000000
1743  12.430  -85.788  -30.150 0.0000000000
1750  14.848  -86.330  -30.802 0.0000000000
1753  12.550  -86.584  -30.336 0.0000000000
1761  19.319  -86.636  -31.284 0.0000000000
1764  14.418  -86.971  -31.162 0.0000000000
1765  12.303  -85.942  -31.126 0.0000000000
1767  20.889  -85.912  -33.098 0.0000000000
1774  12.504  -86.421  -31.991 0.0000000000
1779  21.315  -86.243  -33.783 0.0000000000
1781  18.185  -86.249  -33.551 0.0000000000
1787  18.210  -87.449  -34.684 0.0000000000
1791  22.588  -86.693  -35.492 0.0000000000
1792  19.477  -86.922  -36.575 0.0000000000
1797  22.815  -86.771  -36.225 0.0000000000
1798  19.215  -87.087  -37.608 0.0000000000
1800  16.840  -87.233  -37.404 0.0000000000
1805  18.772  -86.832  -38.250 0.0000000000
1807  17.701  -87.458  -37.741 0.0000000000
1813  15.256  -87.577  -38.585 0.0000000000
1819  14.937  -86.894  -40.493 0.0000000000
1820  14.015  -87.029  -40.374 0.0000000000
1823  15.024  -86.286  -40.833 0.0000000000
1824  14.739  -86.473  -40.794 0.0000000000
1825  14.528  -86.852  -40.642 0.0000000000
1827  22.279  -86.162  -41.040 0.0000000000
1828  21.736  -86.833  -41.436 0.0000000000
1832  21.566  -86.731  -42.338 0.0000000000
1840  21.414  -86.283  -44.464 0.0000000000
1846  19.319  -86.925  -45.637 0.0000000000
1847  19.257  -87.039  -45.744 0.0000000000
1852  19.620  -86.982  -46.011 0.0000000000
1855  23.003  -86.538  -47.075 0.0000000000
1856  22.075  -86.544  -47.536 0.0000000000
1858  19.856  -86.880  -46.288 0.0000000000
1861  21.053  -86.169  -48.010 0.0000000000
1862  20.803  -86.170  -47.588 0.0000000000
1864  21.047  -85.659  -48.040 0.0000000000
2024  10.862  -85.065  -17.504 0.0000000000
2033  13.642  -85.832  -18.498 0.0000000000
2034  10.270  -85.384  -18.703 0.0000000000
2051  14.165  -85.473  -20.470 0.0000000000
2060  17.789  -85.775  -21.303 0.0000000000
2063  13.060  -84.896  -21.826 0.0000000000
2064  12.305  -85.330  -22.179 0.0000000000
2070  19.086  -85.335  -22.176 0.0000000000
2071  18.148  -84.867  -22.041 0.0000000000
2072  17.322  -84.872  -22.183 0.0000000000
2085  10.922  -84.135  -23.520 0.0000000000
2097  12.182  -85.368  -25.079 0.0000000000
2099  11.661  -85.161  -24.605 0.0000000000
2100  10.733  -84.475  -24.693 0.0000000000
2105  14.548  -85.332  -27.049 0.0000000000
2108  12.579  -85.884  -25.222 0.0000000000
2112  20.537  -85.274  -27.297 0.0000000000
2114  15.908  -85.521  -28.016 0.0000000000
2122  20.169  -84.978  -28.703 0.0000000000
2131  19.580  -85.763  -29.978 0.0000000000
2133  12.653  -86.112  -29.941 0.0000000000
2136  11.419  -84.675  -29.301 0.0000000000
2147  13.324  -86.393  -30.123 0.0000000000
2148  12.022  -85.378  -30.455 0.0000000000
2149  11.551  -84.709  -29.922 0.0000000000
2161  11.435  -84.807  -30.557 0.0000000000
2167  17.490  -85.411  -32.523 0.0000000000
2169  13.475  -84.788  -33.225 0.0000000000
2175  22.290  -85.274  -33.735 0.0000000000
2183  22.546  -85.586  -34.323 0.0000000000
2185  13.105  -85.081  -33.917 0.0000000000
2187  11.931  -85.698  -35.109 0.0000000000
2191  19.338  -86.579  -35.380 0.0000000000
2195  19.851  -86.400  -37.159 0.0000000000
2196  16.522  -86.269  -36.858 0.0000000000
2199  11.720  -85.250  -36.021 0.0000000000
2216  18.598  -86.270  -38.658 0.0000000000
2217  17.925  -86.035  -38.569 0.0000000000
2224  23.322  -84.603  -39.371 0.0000000000
2227  15.150  -86.680  -40.247 0.0000000000
2235  22.744  -85.399  -40.615 0.0000000000
2241  14.510  -85.730  -41.286 0.0000000000
2260  22.555  -84.570  -45.275 0.0000000000
2267  21.642  -85.141  -46.566 0.0000000000
2268  20.942  -85.692  -46.823 0.0000000000
2270  20.332  -86.651  -46.424 0.0000000000
2275  20.865  -85.542  -47.455 0.0000000000
2276  20.761  -85.972  -47.305 0.0000000000
2277  23.406  -85.533  -47.703 0.0000000000
2278  22.686  -85.349  -48.122 0.0000000000
2279  22.077  -85.612  -48.177 0.0000000000
2280  20.989  -85.325  -47.793 0.0000000000
2282  21.807  -85.224  -48.183 0.0000000000
2283  21.562  -85.225  -48.104 0.0000000000
2284  21.061  -85.083  -48.072 0.0000000000
2428  13.164  -84.268  -17.161 0.0000000000
2429  12.230  -84.435  -16.373 0.0000000000
2430  11.777  -84.555  -16.395 0.0000000000
2431  11.127  -84.425  -16.687 0.0000000000
2439  13.150  -85.020  -17.564 0.0000000000
2440  10.753  -84.300  -17.331 0.0000000000
2457  14.160  -84.780  -19.172 0.0000000000
2472  13.182  -84.192  -21.739 0.0000000000
2473  12.292  -84.521  -22.053 0.0000000000
2480  16.980  -84.575  -23.119 0.0000000000
2482  10.988  -84.238  -22.875 0.0000000000
2489  19.241  -84.280  -23.274 0.0000000000
2490  18.377  -84.013  -23.169 0.0000000000
2492  9.642  -83.833  -23.423 0.0000000000
2498  20.199  -84.136  -24.396 0.0000000000
2502  11.828  -83.526  -24.948 0.0000000000
2503  8.882  -84.039  -24.787 0.0000000000
2508  17.545  -84.188  -25.998 0.0000000000
2509  14.186  -83.030  -25.248 0.0000000000
2511  12.340  -84.461  -25.019 0.0000000000
2513  10.195  -84.297  -24.926 0.0000000000
2514  9.524  -84.188  -24.929 0.0000000000
2530  17.077  -84.249  -27.690 0.0000000000
2534  10.346  -83.633  -28.103 0.0000000000
2542  20.526  -84.320  -28.275 0.0000000000
2544  11.439  -84.394  -28.781 0.0000000000
2553  15.245  -83.260  -29.762 0.0000000000
2563  20.703  -83.781  -30.756 0.0000000000
2565  16.037  -84.289  -30.583 0.0000000000
2566  15.402  -84.682  -30.219 0.0000000000
2568  11.050  -84.211  -30.206 0.0000000000
2572  20.762  -84.876  -31.951 0.0000000000
2574  16.940  -85.072  -31.876 0.0000000000
2575  16.453  -84.661  -31.264 0.0000000000
2583  18.754  -84.511  -33.169 0.0000000000
2585  13.394  -84.380  -32.742 0.0000000000
2587  11.985  -84.459  -32.030 0.0000000000
2590  23.246  -84.298  -34.000 0.0000000000
2591  22.649  -84.587  -33.489 0.0000000000
2595  18.562  -85.164  -33.278 0.0000000000
2599  13.434  -84.265  -33.834 0.0000000000
2616  23.330  -85.156  -37.175 0.0000000000
2620  15.748  -84.702  -35.997 0.0000000000
2621  11.319  -84.474  -36.590 0.0000000000
2627  23.484  -84.427  -37.882 0.0000000000
2629  20.101  -85.826  -37.740 0.0000000000
2632  11.402  -84.699  -37.448 0.0000000000
2642  12.193  -84.899  -39.083 0.0000000000
2643  11.351  -84.140  -38.381 0.0000000000
2650  19.271  -85.490  -39.965 0.0000000000
2652  17.892  -85.078  -39.820 0.0000000000
2654  15.214  -84.745  -40.869 0.0000000000
2655  12.586  -84.804  -40.153 0.0000000000
2673  19.076  -84.779  -41.359 0.0000000000
2675  14.038  -84.839  -41.830 0.0000000000
2679  23.325  -83.872  -42.785 0.0000000000
2685  23.126  -83.949  -44.156 0.0000000000
2688  22.983  -84.037  -45.009 0.0000000000
2693  22.318  -84.012  -46.499 0.0000000000
2698  22.029  -84.021  -46.860 0.0000000000
2700  21.046  -84.901  -47.807 0.0000000000
2706  21.145  -84.068  -47.878 0.0000000000
2710  21.704  -84.609  -48.188 0.0000000000
2711  21.549  -84.477  -48.090 0.0000000000
2712  22.763  -84.245  -48.649 0.0000000000
2713  22.413  -83.629  -48.666 0.0000000000
2863  12.127  -83.299  -15.290 0.0000000000
2864  11.543  -83.572  -15.663 0.0000000000
2876  11.483  -84.129  -16.091 0.0000000000
2899  10.087  -83.034  -19.220 0.0000000000
2910  8.114  -84.272  -19.794 0.0000000000
2925  9.592  -83.758  -23.214 0.0000000000
2932  9.062  -83.662  -23.760 0.0000000000
2939  19.284  -83.182  -24.063 0.0000000000
2940  18.653  -82.994  -24.115 0.0000000000
2943  11.665  -83.000  -25.178 0.0000000000
2950  18.113  -82.836  -25.305 0.0000000000
2955  9.994  -83.608  -25.480 0.0000000000
2962  17.993  -83.106  -26.776 0.0000000000
2967  8.383  -82.693  -27.113 0.0000000000
2976  16.976  -83.581  -27.746 0.0000000000
2977  16.378  -83.666  -27.501 0.0000000000
2978  12.137  -83.214  -27.294 0.0000000000
2982  8.671  -82.522  -27.867 0.0000000000
2991  11.565  -83.868  -27.905 0.0000000000
3001  14.056  -83.960  -29.190 0.0000000000
3002  9.803  -82.908  -28.971 0.0000000000
3017  21.826  -83.063  -31.503 0.0000000000
3031  12.899  -83.835  -32.252 0.0000000000
3034  23.573  -83.398  -33.738 0.0000000000
3048  12.080  -83.672  -34.963 0.0000000000
3055  23.730  -83.764  -35.261 0.0000000000
3057  20.204  -84.191  -34.949 0.0000000000
3061  15.946  -84.200  -35.456 0.0000000000
3062  11.572  -83.532  -35.608 0.0000000000
3073  11.203  -83.677  -36.281 0.0000000000
3074  10.972  -82.892  -36.597 0.0000000000
3081  23.799  -83.445  -37.750 0.0000000000
3093  20.634  -83.749  -38.298 0.0000000000
3096  15.199  -83.602  -38.940 0.0000000000
3100  23.708  -83.149  -40.017 0.0000000000
3103  17.615  -83.908  -39.981 0.0000000000
3104  15.277  -84.341  -39.742 0.0000000000
3116  23.460  -83.523  -41.459 0.0000000000
3117  19.808  -83.782  -42.031 0.0000000000
3126  23.389  -83.379  -42.215 0.0000000000
3130  17.984  -83.410  -42.559 0.0000000000
3132  13.614  -83.007  -42.526 0.0000000000
3136  23.041  -83.648  -43.866 0.0000000000
3137  19.575  -83.307  -43.452 0.0000000000
3139  18.446  -83.213  -43.606 0.0000000000
3140  17.733  -82.915  -43.514 0.0000000000
3146  22.117  -83.459  -45.954 0.0000000000
3147  21.201  -83.226  -46.706 0.0000000000
3150  21.229  -83.514  -47.188 0.0000000000
3153  20.803  -83.772  -47.928 0.0000000000
3157  21.054  -84.012  -48.149 0.0000000000
3161  21.917  -83.879  -48.396 0.0000000000
3302  12.513  -82.116  -14.757 0.0000000000
3310  12.508  -82.731  -15.017 0.0000000000
3312  11.526  -82.338  -14.990 0.0000000000
3329  13.792  -82.562  -17.031 0.0000000000
3330  10.572  -82.876  -17.664 0.0000000000
3339  13.961  -82.904  -18.444 0.0000000000
3348  7.428  -82.232  -19.613 0.0000000000
3353  14.002  -82.440  -20.597 0.0000000000
3354  8.717  -82.440  -20.281 0.0000000000
3362  13.225  -82.641  -21.961 0.0000000000
3371  10.434  -82.684  -22.884 0.0000000000
3372  9.864  -83.271  -22.965 0.0000000000
3380  8.523  -83.208  -24.079 0.0000000000
3388  18.564  -82.472  -24.675 0.0000000000
3389  8.063  -83.087  -24.709 0.0000000000
3398  19.626  -81.723  -24.998 0.0000000000
3399  15.150  -81.722  -25.627 0.0000000000
3401  12.945  -82.374  -25.235 0.0000000000
3405  7.841  -82.281  -26.011 0.0000000000
3417  12.254  -82.242  -26.042 0.0000000000
3419  10.567  -82.923  -26.030 0.0000000000
3426  20.990  -81.814  -26.972 0.0000000000
3431  12.572  -82.473  -26.730 0.0000000000
3433  10.722  -83.016  -26.545 0.0000000000
3434  7.981  -82.366  -27.584 0.0000000000
3441  21.104  -82.159  -27.961 0.0000000000
3442  14.269  -82.040  -28.411 0.0000000000
3445  9.032  -82.418  -28.548 0.0000000000
3453  20.939  -82.670  -29.388 0.0000000000
3455  14.041  -83.097  -28.723 0.0000000000
3457  8.851  -82.092  -28.719 0.0000000000
3465  21.304  -82.382  -30.230 0.0000000000
3466  16.953  -82.246  -31.017 0.0000000000
3468  10.274  -82.595  -30.388 0.0000000000
3469  9.718  -82.367  -29.679 0.0000000000
3474  22.426  -82.422  -31.581 0.0000000000
3476  18.077  -82.078  -31.885 0.0000000000
3485  20.086  -81.958  -32.891 0.0000000000
3486  19.381  -82.258  -32.611 0.0000000000
3490  12.125  -82.977  -32.116 0.0000000000
3495  23.995  -82.492  -33.612 0.0000000000
3496  20.469  -82.267  -33.616 0.0000000000
3498  13.804  -82.856  -33.322 0.0000000000
3511  11.779  -82.857  -35.424 0.0000000000
3520  20.830  -83.079  -35.757 0.0000000000
3525  11.189  -82.383  -36.084 0.0000000000
3535  24.273  -82.406  -37.582 0.0000000000
3538  20.867  -83.133  -37.535 0.0000000000
3543  10.744  -82.498  -37.322 0.0000000000
3545  24.269  -82.009  -38.170 0.0000000000
3549  17.630  -82.298  -38.713 0.0000000000
3550  17.521  -83.243  -39.111 0.0000000000
3552  10.914  -82.709  -38.328 0.0000000000
3555  23.701  -82.504  -39.586 0.0000000000
3566  21.688  -82.364  -40.499 0.0000000000
3569  15.109  -83.252  -41.250 0.0000000000
3574  23.008  -82.688  -41.711 0.0000000000
3579  12.128  -82.676  -41.975 0.0000000000
3582  23.240  -82.999  -42.377 0.0000000000
3583  22.740  -82.829  -42.629 0.0000000000
3587  13.952  -82.761  -42.573 0.0000000000
3589  12.888  -82.534  -42.716 0.0000000000
3593  23.032  -83.231  -43.200 0.0000000000
3594  22.662  -83.371  -44.006 0.0000000000
3595  21.412  -82.995  -43.754 0.0000000000
3596  19.295  -83.092  -44.649 0.0000000000
3605  17.575  -82.510  -45.215 0.0000000000
3609  21.322  -83.128  -45.733 0.0000000000
3611  19.384  -82.734  -45.976 0.0000000000
3613  16.852  -81.545  -46.374 0.0000000000
3619  17.172  -81.462  -47.036 0.0000000000
3622  19.331  -82.632  -47.938 0.0000000000
3628  20.693  -82.750  -48.235 0.0000000000
3633  21.562  -83.190  -48.422 0.0000000000
3638  22.596  -82.982  -49.081 0.0000000000
3784  12.640  -81.429  -14.745 0.0000000000
3807  13.950  -81.754  -16.562 0.0000000000
3808  11.175  -81.096  -16.006 0.0000000000
3830  10.522  -81.362  -18.407 0.0000000000
3849  14.205  -81.083  -20.207 0.0000000000
3850  8.955  -81.695  -20.593 0.0000000000
3851  8.305  -81.724  -20.475 0.0000000000
3852  7.733  -81.755  -20.112 0.0000000000
3877  10.077  -81.624  -23.778 0.0000000000
3890  7.983  -82.134  -25.110 0.0000000000
3901  19.334  -81.232  -25.309 0.0000000000
3902  18.805  -81.414  -25.424 0.0000000000
3903  15.202  -81.054  -25.806 0.0000000000
3905  12.850  -81.935  -25.755 0.0000000000
3915  20.533  -81.283  -25.995 0.0000000000
3916  18.333  -81.529  -26.299 0.0000000000
3919  13.992  -81.070  -26.279 0.0000000000
3928  17.897  -80.944  -27.065 0.0000000000
3931  13.656  -81.458  -26.659 0.0000000000
3940  15.028  -80.883  -28.659 0.0000000000
3962  22.432  -81.127  -30.480 0.0000000000
3963  21.748  -81.544  -29.985 0.0000000000
3965  17.298  -81.051  -30.651 0.0000000000
3969  9.782  -81.998  -29.884 0.0000000000
3975  18.408  -81.392  -31.572 0.0000000000
3977  13.270  -80.839  -32.385 0.0000000000
3979  11.663  -81.596  -31.464 0.0000000000
3983  24.415  -80.697  -33.080 0.0000000000
3986  19.618  -81.601  -32.324 0.0000000000
3987  18.856  -81.811  -32.125 0.0000000000
4000  24.228  -81.598  -33.295 0.0000000000
4013  21.078  -81.766  -34.266 0.0000000000
4017  13.433  -81.766  -34.268 0.0000000000
4026  24.558  -81.226  -35.527 0.0000000000
4027  22.773  -80.625  -36.247 0.0000000000
4032  10.818  -81.136  -35.838 0.0000000000
4036  22.518  -81.138  -36.975 0.0000000000
4042  24.202  -81.654  -37.646 0.0000000000
4043  23.758  -81.426  -37.883 0.0000000000
4045  21.992  -81.569  -37.510 0.0000000000
4050  24.011  -81.814  -38.451 0.0000000000
4052  22.056  -81.655  -38.271 0.0000000000
4059  23.666  -82.022  -39.195 0.0000000000
4068  22.478  -81.999  -39.965 0.0000000000
4071  11.483  -82.109  -41.075 0.0000000000
4074  17.271  -81.910  -41.911 0.0000000000
4094  16.715  -80.984  -45.529 0.0000000000
4103  16.906  -80.629  -46.520 0.0000000000
4109  19.503  -81.517  -47.884 0.0000000000
4111  17.818  -81.383  -47.331 0.0000000000
4121  22.546  -82.199  -48.814 0.0000000000
4122  21.583  -82.357  -48.216 0.0000000000
4123  20.556  -82.284  -48.186 0.0000000000
4124  19.882  -82.365  -48.215 0.0000000000
4289  13.418  -80.817  -14.851 0.0000000000
4291  12.145  -81.106  -14.768 0.0000000000
4324  11.007  -80.481  -17.751 0.0000000000
4334  11.040  -79.860  -18.217 0.0000000000
4344  10.296  -80.405  -19.549 0.0000000000
4354  9.171  -80.921  -20.933 0.0000000000
4376  13.578  -80.888  -22.663 0.0000000000
4389  11.471  -80.627  -24.221 0.0000000000
4404  9.092  -80.723  -24.842 0.0000000000
4419  8.231  -81.152  -25.322 0.0000000000
4431  20.191  -80.359  -25.972 0.0000000000
4432  19.711  -79.889  -26.178 0.0000000000
4433  18.994  -80.307  -26.400 0.0000000000
4438  8.002  -80.951  -26.250 0.0000000000
4447  18.409  -80.290  -27.003 0.0000000000
4448  17.658  -79.978  -27.151 0.0000000000
4449  16.801  -79.704  -27.186 0.0000000000
4450  15.480  -79.953  -27.221 0.0000000000
4453  8.945  -80.655  -28.078 0.0000000000
4463  15.205  -80.153  -28.122 0.0000000000
4466  8.488  -81.306  -28.141 0.0000000000
4476  16.740  -79.845  -29.675 0.0000000000
4486  22.844  -80.174  -30.067 0.0000000000
4488  18.424  -80.249  -30.669 0.0000000000
4492  10.760  -80.741  -30.123 0.0000000000
4497  24.360  -79.533  -32.005 0.0000000000
4498  23.879  -80.129  -31.511 0.0000000000
4514  24.156  -80.431  -32.301 0.0000000000
4518  13.637  -79.952  -33.072 0.0000000000
4527  24.544  -80.035  -33.643 0.0000000000
4528  21.269  -80.478  -33.243 0.0000000000
4531  13.656  -80.689  -33.378 0.0000000000
4542  12.829  -80.636  -34.680 0.0000000000
4545  10.096  -79.972  -34.921 0.0000000000
4550  24.305  -80.404  -35.698 0.0000000000
4552  22.134  -80.708  -35.507 0.0000000000
4560  24.467  -80.933  -36.025 0.0000000000
4565  10.086  -80.329  -36.241 0.0000000000
4566  9.733  -79.768  -35.444 0.0000000000
4569  23.397  -81.087  -37.367 0.0000000000
4577  11.359  -80.376  -38.658 0.0000000000
4582  17.411  -80.392  -39.757 0.0000000000
4599  16.986  -80.461  -42.124 0.0000000000
4610  16.825  -79.847  -42.960 0.0000000000
4611  13.746  -81.193  -43.350 0.0000000000
4623  17.156  -79.155  -44.224 0.0000000000
4637  17.374  -79.392  -45.308 0.0000000000
4647  17.447  -79.957  -46.417 0.0000000000
4651  17.998  -80.551  -47.211 0.0000000000
4867  15.068  -79.367  -15.565 0.0000000000
4880  11.629  -79.538  -16.820 0.0000000000
4902  14.580  -79.173  -19.772 0.0000000000
4904  7.410  -79.754  -20.214 0.0000000000
4907  14.493  -79.559  -20.491 0.0000000000
4908  9.721  -79.324  -20.378 0.0000000000
4910  8.432  -79.619  -21.155 0.0000000000
4917  14.349  -79.767  -22.119 0.0000000000
4928  13.276  -79.845  -23.688 0.0000000000
4934  13.411  -79.206  -24.051 0.0000000000
4937  10.883  -80.141  -24.670 0.0000000000
4945  11.369  -79.543  -24.854 0.0000000000
4968  10.109  -79.099  -26.218 0.0000000000
4969  9.417  -79.662  -25.879 0.0000000000
4981  19.446  -78.822  -27.133 0.0000000000
4984  16.496  -79.161  -27.747 0.0000000000
4994  21.685  -79.243  -27.759 0.0000000000
4995  16.178  -79.203  -28.461 0.0000000000
4997  11.969  -78.832  -28.897 0.0000000000
4998  11.298  -79.234  -28.601 0.0000000000
5018  23.956  -78.663  -30.753 0.0000000000
5022  13.375  -78.764  -31.449 0.0000000000
5034  24.349  -78.708  -31.662 0.0000000000
5035  21.250  -78.986  -31.679 0.0000000000
5048  21.530  -79.263  -32.449 0.0000000000
5052  9.866  -79.849  -32.952 0.0000000000
5054  8.789  -79.612  -32.820 0.0000000000
5059  21.761  -79.533  -33.232 0.0000000000
5064  13.505  -79.106  -33.441 0.0000000000
5067  9.378  -79.726  -33.216 0.0000000000
5071  24.406  -79.479  -34.161 0.0000000000
5072  23.790  -79.263  -34.672 0.0000000000
5073  22.900  -79.346  -34.517 0.0000000000
5083  24.412  -79.953  -34.982 0.0000000000
5102  10.956  -79.402  -37.560 0.0000000000
5138  11.428  -80.205  -40.337 0.0000000000
5154  18.918  -78.632  -42.516 0.0000000000
5156  17.321  -78.841  -42.054 0.0000000000
5415  15.086  -78.910  -15.020 0.0000000000
5416  14.646  -79.074  -14.784 0.0000000000
5417  14.112  -78.853  -14.696 0.0000000000
5425  12.688  -78.678  -15.608 0.0000000000
5432  12.324  -78.456  -16.570 0.0000000000
5445  15.491  -78.127  -17.821 0.0000000000
5450  7.356  -78.651  -19.420 0.0000000000
5454  10.434  -78.174  -19.705 0.0000000000
5457  15.416  -77.707  -20.224 0.0000000000
5460  8.881  -78.319  -20.842 0.0000000000
5474  14.001  -78.613  -23.876 0.0000000000
5493  11.665  -78.629  -25.311 0.0000000000
5497  20.193  -78.819  -26.895 0.0000000000
5500  21.368  -78.382  -27.720 0.0000000000
5503  19.079  -78.351  -27.795 0.0000000000
5505  17.122  -78.770  -27.930 0.0000000000
5507  11.093  -78.940  -27.762 0.0000000000
5519  20.470  -77.634  -29.431 0.0000000000
5520  19.757  -77.979  -29.444 0.0000000000
5521  18.911  -78.441  -29.419 0.0000000000
5524  12.738  -78.403  -29.204 0.0000000000
5528  23.751  -78.009  -30.562 0.0000000000
5532  18.853  -79.164  -29.939 0.0000000000
5534  12.785  -78.781  -30.036 0.0000000000
5536  7.751  -78.744  -30.395 0.0000000000
5539  24.249  -78.223  -32.163 0.0000000000
5541  22.688  -77.775  -31.493 0.0000000000
5543  20.951  -78.595  -30.901 0.0000000000
5547  7.797  -78.976  -30.951 0.0000000000
5549  24.297  -78.545  -32.957 0.0000000000
5550  24.037  -77.984  -32.571 0.0000000000
5552  22.079  -78.372  -32.072 0.0000000000
5558  8.378  -79.197  -32.347 0.0000000000
5562  24.316  -78.883  -33.640 0.0000000000
5581  13.016  -78.507  -34.120 0.0000000000
5582  12.575  -79.153  -34.195 0.0000000000
5584  8.479  -78.755  -33.882 0.0000000000
5596  10.421  -78.278  -36.460 0.0000000000
5625  11.417  -78.237  -38.682 0.0000000000
5878  13.955  -78.124  -14.854 0.0000000000
5893  16.028  -77.770  -16.147 0.0000000000
5902  7.162  -77.450  -18.362 0.0000000000
5916  9.401  -77.023  -20.013 0.0000000000
5922  9.080  -77.670  -20.427 0.0000000000
5924  7.895  -78.281  -20.581 0.0000000000
5926  15.789  -77.547  -20.968 0.0000000000
5927  15.403  -77.611  -21.779 0.0000000000
5941  13.377  -78.515  -24.519 0.0000000000
5947  13.604  -77.982  -24.643 0.0000000000
5957  12.187  -78.037  -25.670 0.0000000000
5964  12.577  -77.613  -26.270 0.0000000000
5966  7.711  -77.627  -26.767 0.0000000000
5973  20.333  -77.774  -27.867 0.0000000000
5976  12.398  -77.754  -26.863 0.0000000000
5977  7.977  -78.071  -27.353 0.0000000000
5984  22.087  -77.790  -28.920 0.0000000000
5985  21.313  -77.580  -28.669 0.0000000000
5986  20.536  -77.567  -28.487 0.0000000000
5987  19.187  -78.025  -29.036 0.0000000000
5990  8.854  -78.047  -28.436 0.0000000000
5992  7.692  -78.021  -27.724 0.0000000000
5998  23.232  -77.798  -30.138 0.0000000000
5999  22.514  -77.693  -29.745 0.0000000000
6004  13.301  -77.778  -29.247 0.0000000000
6006  8.317  -78.444  -28.919 0.0000000000
6007  7.658  -78.240  -28.826 0.0000000000
6014  22.217  -77.539  -30.115 0.0000000000
6016  13.696  -77.595  -30.629 0.0000000000
6018  9.379  -78.568  -30.266 0.0000000000
6019  7.512  -78.302  -29.927 0.0000000000
6022  22.944  -77.581  -30.817 0.0000000000
6026  10.069  -78.368  -31.068 0.0000000000
6031  23.656  -77.744  -31.624 0.0000000000
6037  10.289  -78.679  -31.884 0.0000000000
6050  13.201  -77.682  -33.764 0.0000000000
6052  8.666  -77.898  -34.112 0.0000000000
6068  10.420  -77.326  -35.987 0.0000000000
6069  9.627  -77.749  -35.264 0.0000000000
6090  11.079  -77.065  -37.601 0.0000000000
6352  16.366  -76.048  -15.146 0.0000000000
6353  15.707  -76.284  -15.019 0.0000000000
6355  14.020  -76.669  -15.413 0.0000000000
6363  17.576  -75.972  -16.017 0.0000000000
6364  16.758  -76.538  -15.730 0.0000000000
6370  6.542  -76.537  -16.774 0.0000000000
6382  17.606  -76.181  -17.874 0.0000000000
6391  10.808  -76.255  -19.241 0.0000000000
6393  9.099  -76.603  -19.760 0.0000000000
6396  7.220  -76.600  -19.222 0.0000000000
6401  16.375  -77.148  -20.806 0.0000000000
6405  16.567  -76.630  -22.065 0.0000000000
6411  15.665  -76.493  -23.167 0.0000000000
6428  13.381  -77.332  -25.601 0.0000000000
6429  7.930  -77.095  -25.224 0.0000000000
6433  13.707  -76.438  -26.739 0.0000000000
6435  8.499  -76.971  -26.307 0.0000000000
6436  8.012  -77.367  -25.934 0.0000000000
6444  8.979  -76.993  -27.232 0.0000000000
6480  7.258  -76.657  -30.875 0.0000000000
6488  7.951  -77.015  -32.485 0.0000000000
6500  13.045  -76.449  -33.387 0.0000000000
6509  10.044  -75.743  -34.792 0.0000000000
6534  10.545  -76.332  -37.400 0.0000000000
6551  9.367  -76.466  -38.743 0.0000000000
6557  8.822  -76.592  -39.409 0.0000000000
6565  8.441  -76.510  -40.225 0.0000000000
6837  18.816  -74.576  -16.227 0.0000000000
6841  15.104  -75.593  -15.159 0.0000000000
6842  14.277  -75.819  -15.561 0.0000000000
6846  6.258  -75.580  -15.403 0.0000000000
6851  19.473  -74.864  -16.679 0.0000000000
6852  18.240  -75.318  -15.992 0.0000000000
6863  19.125  -75.383  -16.919 0.0000000000
6865  13.304  -74.814  -17.468 0.0000000000
6867  6.449  -75.699  -17.474 0.0000000000
6872  21.249  -75.066  -19.261 0.0000000000
6873  20.678  -75.272  -18.788 0.0000000000
6876  12.813  -74.155  -18.037 0.0000000000
6879  10.345  -74.528  -18.511 0.0000000000
6880  8.039  -75.398  -18.839 0.0000000000
6881  7.602  -75.525  -18.685 0.0000000000
6882  7.186  -76.033  -18.681 0.0000000000
6885  21.153  -75.486  -19.899 0.0000000000
6887  20.040  -75.730  -19.283 0.0000000000
6891  9.831  -75.352  -18.830 0.0000000000
6897  19.467  -75.936  -20.366 0.0000000000
6902  21.351  -75.477  -21.594 0.0000000000
6905  18.651  -75.950  -21.166 0.0000000000
6906  17.722  -76.069  -21.333 0.0000000000
6913  16.656  -76.417  -22.553 0.0000000000
6923  15.265  -76.531  -23.851 0.0000000000
6928  17.523  -75.733  -24.461 0.0000000000
6930  15.605  -75.901  -23.996 0.0000000000
6932  14.580  -76.351  -24.952 0.0000000000
6936  18.508  -75.540  -25.019 0.0000000000
6942  7.617  -76.610  -24.808 0.0000000000
6948  8.639  -76.319  -25.788 0.0000000000
6953  14.092  -75.539  -27.241 0.0000000000
6955  7.040  -76.991  -26.527 0.0000000000
6966  14.142  -75.755  -30.207 0.0000000000
6967  10.189  -75.781  -29.499 0.0000000000
6969  6.942  -75.583  -29.695 0.0000000000
6976  10.547  -75.788  -30.311 0.0000000000
6977  7.308  -75.649  -30.631 0.0000000000
6985  13.433  -75.528  -32.248 0.0000000000
6988  8.078  -75.294  -32.069 0.0000000000
6997  12.283  -75.445  -33.026 0.0000000000
6999  8.321  -75.856  -32.681 0.0000000000
7009  12.545  -76.087  -33.377 0.0000000000
7017  9.606  -75.351  -34.142 0.0000000000
7024  10.080  -75.369  -35.281 0.0000000000
7028  9.819  -75.274  -35.827 0.0000000000
7029  9.104  -75.335  -36.588 0.0000000000
7037  10.548  -76.010  -36.622 0.0000000000
7406  17.013  -74.635  -15.448 0.0000000000
7407  16.164  -74.620  -15.299 0.0000000000
7418  6.044  -74.907  -16.435 0.0000000000
7426  20.058  -74.380  -17.069 0.0000000000
7427  14.260  -73.590  -17.392 0.0000000000
7429  8.487  -74.082  -18.277 0.0000000000
7431  6.639  -74.902  -17.210 0.0000000000
7440  12.882  -73.513  -17.910 0.0000000000
7442  10.984  -73.788  -18.343 0.0000000000
7445  8.253  -74.634  -18.514 0.0000000000
7463  22.244  -74.096  -22.102 0.0000000000
7464  21.928  -74.758  -21.849 0.0000000000
7467  22.350  -73.873  -22.634 0.0000000000
7468  21.925  -74.629  -22.745 0.0000000000
7471  21.801  -74.640  -23.562 0.0000000000
7476  20.539  -75.326  -24.025 0.0000000000
7479  16.102  -75.063  -24.962 0.0000000000
7484  19.351  -75.195  -25.374 0.0000000000
7485  18.487  -75.062  -25.799 0.0000000000
7489  15.231  -75.027  -25.862 0.0000000000
7490  7.662  -76.153  -24.275 0.0000000000
7495  16.116  -74.192  -26.290 0.0000000000
7504  14.334  -74.776  -27.491 0.0000000000
7509  14.333  -74.281  -27.954 0.0000000000
7525  14.138  -74.147  -30.449 0.0000000000
7526  13.696  -74.327  -31.362 0.0000000000
7531  12.945  -74.201  -32.081 0.0000000000
7536  7.718  -74.751  -31.390 0.0000000000
7544  12.043  -74.762  -32.659 0.0000000000
7545  11.706  -74.702  -32.352 0.0000000000
7558  8.627  -74.170  -33.573 0.0000000000
7578  7.248  -74.408  -35.907 0.0000000000
7586  7.825  -75.284  -37.112 0.0000000000
7616  7.621  -74.619  -39.322 0.0000000000
7959  11.645  -73.108  -14.871 0.0000000000
7961  10.229  -73.215  -14.870 0.0000000000
7964  6.092  -73.076  -14.677 0.0000000000
7968  17.400  -74.042  -15.900 0.0000000000
7969  16.543  -73.994  -15.873 0.0000000000
7970  10.965  -73.378  -15.176 0.0000000000
7972  7.194  -73.579  -15.531 0.0000000000
7974  5.992  -73.928  -15.117 0.0000000000
7978  17.884  -73.279  -16.841 0.0000000000
7981  15.114  -73.411  -16.969 0.0000000000
7983  11.727  -73.256  -15.715 0.0000000000
7984  10.990  -73.431  -16.432 0.0000000000
7987  6.765  -73.895  -16.402 0.0000000000
7994  20.467  -73.565  -17.661 0.0000000000
7996  18.390  -72.924  -17.211 0.0000000000
7999  15.434  -72.774  -17.113 0.0000000000
8003  10.457  -73.498  -17.530 0.0000000000
8005  8.034  -73.871  -17.621 0.0000000000
8015  21.543  -74.204  -19.021 0.0000000000
8016  21.069  -73.836  -18.347 0.0000000000
8020  12.372  -73.224  -17.998 0.0000000000
8021  11.782  -73.232  -18.262 0.0000000000
8023  9.390  -73.981  -18.324 0.0000000000
8066  7.082  -73.746  -23.874 0.0000000000
8068  22.447  -73.384  -25.601 0.0000000000
8075  20.890  -73.630  -26.216 0.0000000000
8076  18.422  -73.672  -27.016 0.0000000000
8077  17.636  -73.817  -27.063 0.0000000000
8080  15.096  -73.999  -27.162 0.0000000000
8089  9.968  -73.433  -27.081 0.0000000000
8091  6.647  -73.777  -26.241 0.0000000000
8101  14.456  -73.173  -29.365 0.0000000000
8102  10.541  -73.421  -29.592 0.0000000000
8115  13.078  -73.526  -31.588 0.0000000000
8117  11.798  -73.605  -31.675 0.0000000000
8120  7.111  -73.101  -31.690 0.0000000000
8130  11.898  -74.170  -32.256 0.0000000000
8142  8.065  -73.807  -33.903 0.0000000000
8150  6.695  -73.632  -34.913 0.0000000000
8158  6.612  -73.620  -35.694 0.0000000000
8570  13.816  -71.848  -14.783 0.0000000000
8571  13.225  -72.147  -14.758 0.0000000000
8573  10.314  -72.688  -14.646 0.0000000000
8576  6.182  -72.507  -14.656 0.0000000000
8581  14.024  -71.929  -16.046 0.0000000000
8582  13.103  -72.639  -15.068 0.0000000000
8587  13.533  -72.253  -16.915 0.0000000000
8596  15.887  -72.280  -16.857 0.0000000000
8598  14.143  -72.346  -17.349 0.0000000000
8599  13.511  -72.606  -17.477 0.0000000000
8612  12.869  -73.047  -17.806 0.0000000000
8613  12.383  -73.113  -18.064 0.0000000000
8621  21.817  -71.875  -19.502 0.0000000000
8649  23.038  -72.721  -23.709 0.0000000000
8651  7.596  -72.573  -23.491 0.0000000000
8661  8.914  -72.839  -24.212 0.0000000000
8662  7.125  -73.169  -23.609 0.0000000000
8663  6.999  -73.228  -23.552 0.0000000000
8670  10.041  -72.640  -25.094 0.0000000000
8672  6.681  -73.322  -24.402 0.0000000000
8677  22.888  -72.467  -26.611 0.0000000000
8678  21.428  -73.034  -26.559 0.0000000000
8694  14.963  -72.743  -28.254 0.0000000000
8704  15.092  -71.759  -28.872 0.0000000000
8718  11.059  -72.700  -29.789 0.0000000000
8723  13.783  -72.617  -30.573 0.0000000000
8725  12.117  -72.539  -30.644 0.0000000000
8726  6.487  -72.622  -29.828 0.0000000000
8727  6.136  -71.317  -30.997 0.0000000000
9218  14.811  -71.274  -14.808 0.0000000000
9219  14.147  -71.357  -14.673 0.0000000000
9220  13.390  -71.407  -14.616 0.0000000000
9222  11.170  -71.414  -14.659 0.0000000000
9234  5.835  -70.859  -14.981 0.0000000000
9241  15.387  -71.392  -16.504 0.0000000000
9248  19.395  -71.574  -17.449 0.0000000000
9251  16.402  -71.711  -16.666 0.0000000000
9253  14.792  -71.792  -17.004 0.0000000000
9262  20.675  -71.623  -18.374 0.0000000000
9274  21.041  -71.079  -19.011 0.0000000000
9302  22.737  -71.648  -22.702 0.0000000000
9303  6.893  -71.603  -22.681 0.0000000000
9311  10.701  -71.373  -23.911 0.0000000000
9314  6.811  -72.101  -22.891 0.0000000000
9315  6.536  -71.930  -22.843 0.0000000000
9324  9.766  -72.030  -24.022 0.0000000000
9343  22.942  -72.108  -26.984 0.0000000000
9350  10.645  -72.002  -25.914 0.0000000000
9360  17.811  -71.077  -27.290 0.0000000000
9361  16.398  -71.038  -27.982 0.0000000000
9363  11.949  -71.219  -27.929 0.0000000000
9364  11.412  -71.566  -27.544 0.0000000000
9374  15.326  -70.888  -28.656 0.0000000000
9376  12.314  -71.133  -28.588 0.0000000000
9378  10.970  -72.081  -28.014 0.0000000000
9384  14.212  -70.880  -29.305 0.0000000000
9386  12.979  -71.412  -29.761 0.0000000000
9387  12.130  -71.615  -29.347 0.0000000000
9394  13.369  -71.918  -30.285 0.0000000000
9907  16.265  -70.172  -14.456 0.0000000000
9908  15.520  -70.693  -14.683 0.0000000000
9912  11.089  -70.686  -14.900 0.0000000000
9914  9.623  -71.209  -14.923 0.0000000000
9926  6.012  -70.110  -15.597 0.0000000000
9935  7.161  -69.647  -16.534 0.0000000000
9942  17.039  -71.208  -16.337 0.0000000000
9949  19.745  -70.904  -17.628 0.0000000000
9975  22.378  -70.518  -21.651 0.0000000000
9988  5.720  -70.750  -22.316 0.0000000000
9998  15.992  -69.876  -24.294 0.0000000000
9999  15.560  -69.923  -24.278 0.0000000000
10006  5.921  -71.504  -22.794 0.0000000000
10019  11.712  -70.920  -23.966 0.0000000000
10021  6.030  -70.991  -24.075 0.0000000000
10031  13.606  -70.115  -24.863 0.0000000000
10033  11.977  -70.915  -24.357 0.0000000000
10037  6.515  -70.865  -25.053 0.0000000000
10046  23.248  -71.658  -27.337 0.0000000000
10051  18.705  -70.729  -25.862 0.0000000000
10078  14.684  -70.358  -28.704 0.0000000000
10079  13.836  -70.331  -28.694 0.0000000000
10090  13.401  -70.901  -29.303 0.0000000000
10692  16.416  -69.505  -14.070 0.0000000000
10695  13.328  -69.568  -14.791 0.0000000000
10707  9.918  -69.646  -16.002 0.0000000000
10716  18.183  -70.149  -15.710 0.0000000000
10718  11.202  -69.258  -15.869 0.0000000000
10720  7.848  -69.137  -16.886 0.0000000000
10727  19.623  -70.127  -17.376 0.0000000000
10730  10.966  -68.690  -17.242 0.0000000000
10733  8.554  -68.906  -17.157 0.0000000000
10740  20.396  -69.831  -18.546 0.0000000000
10764  21.148  -69.722  -19.794 0.0000000000
10785  7.677  -69.948  -22.657 0.0000000000
10786  6.621  -70.265  -22.072 0.0000000000
10798  16.326  -69.716  -24.002 0.0000000000
10801  13.762  -69.840  -23.886 0.0000000000
10802  12.844  -69.946  -23.764 0.0000000000
10804  10.467  -69.784  -23.476 0.0000000000
10805  9.454  -70.186  -23.285 0.0000000000
10819  17.326  -69.820  -24.309 0.0000000000
10820  16.518  -69.805  -24.344 0.0000000000
10822  14.952  -69.878  -24.324 0.0000000000
10823  14.076  -70.052  -24.102 0.0000000000
10825  5.551  -70.626  -23.179 0.0000000000
10836  17.891  -70.151  -24.633 0.0000000000
10839  15.077  -69.824  -24.820 0.0000000000
10853  19.819  -69.846  -26.833 0.0000000000
10855  17.242  -69.932  -25.434 0.0000000000
10858  14.086  -69.436  -26.829 0.0000000000
10871  17.539  -70.115  -26.521 0.0000000000
10873  15.600  -69.406  -27.402 0.0000000000
10875  14.000  -69.759  -27.862 0.0000000000
10884  22.020  -69.832  -30.203 0.0000000000
10897  22.281  -69.006  -30.415 0.0000000000
11537  18.348  -68.272  -13.995 0.0000000000
11552  18.247  -69.090  -14.356 0.0000000000
11555  12.668  -68.581  -15.741 0.0000000000
11563  19.263  -69.003  -15.831 0.0000000000
11566  11.909  -68.803  -15.966 0.0000000000
11568  6.052  -68.278  -16.051 0.0000000000
11575  20.093  -68.731  -17.053 0.0000000000
11577  12.282  -68.176  -17.531 0.0000000000
11581  8.561  -68.870  -17.117 0.0000000000
11589  20.591  -68.407  -18.503 0.0000000000
11592  11.221  -68.247  -18.119 0.0000000000
11593  10.486  -68.191  -18.002 0.0000000000
11595  9.205  -68.369  -17.374 0.0000000000
11604  12.002  -67.926  -18.619 0.0000000000
11606  10.843  -67.703  -18.373 0.0000000000
11607  10.257  -67.721  -18.102 0.0000000000
11620  11.393  -67.339  -18.575 0.0000000000
11625  22.376  -68.499  -21.619 0.0000000000
11628  4.735  -68.538  -21.438 0.0000000000
11637  7.172  -68.547  -22.251 0.0000000000
11651  15.223  -68.849  -24.100 0.0000000000
11655  10.641  -68.870  -23.672 0.0000000000
11659  4.616  -68.609  -22.269 0.0000000000
11671  5.315  -68.673  -24.014 0.0000000000
11680  18.434  -69.498  -24.958 0.0000000000
11689  24.562  -67.640  -28.266 0.0000000000
11690  24.604  -68.447  -27.886 0.0000000000
11692  19.360  -68.930  -26.825 0.0000000000
11702  24.413  -68.594  -28.486 0.0000000000
11712  24.171  -68.506  -28.881 0.0000000000
11723  23.647  -68.938  -29.478 0.0000000000
11724  22.900  -68.788  -30.158 0.0000000000
12342  16.199  -67.450  -13.785 0.0000000000
12343  15.651  -68.104  -14.028 0.0000000000
12358  13.811  -67.864  -15.591 0.0000000000
12359  6.295  -67.551  -15.535 0.0000000000
12365  19.916  -67.552  -16.045 0.0000000000
12366  19.548  -68.265  -15.633 0.0000000000
12367  14.243  -67.201  -16.067 0.0000000000
12379  20.576  -67.431  -17.477 0.0000000000
12392  21.339  -67.309  -18.675 0.0000000000
12394  13.048  -67.249  -18.863 0.0000000000
12395  12.516  -67.708  -18.601 0.0000000000
12396  10.444  -67.056  -17.884 0.0000000000
12397  9.814  -67.756  -17.677 0.0000000000
12406  11.958  -67.460  -18.756 0.0000000000
12420  21.853  -67.735  -20.379 0.0000000000
12421  12.541  -66.596  -18.977 0.0000000000
12427  22.561  -67.508  -21.719 0.0000000000
12447  22.896  -67.653  -23.686 0.0000000000
12450  13.845  -68.570  -24.242 0.0000000000
12453  9.929  -68.112  -23.714 0.0000000000
12465  16.723  -68.518  -24.317 0.0000000000
12466  15.955  -67.931  -24.480 0.0000000000
12467  14.691  -67.454  -24.685 0.0000000000
12479  17.625  -68.354  -24.880 0.0000000000
12481  15.887  -67.187  -25.142 0.0000000000
12495  18.261  -67.883  -26.348 0.0000000000
12507  24.323  -67.056  -28.620 0.0000000000
12509  19.427  -67.467  -27.725 0.0000000000
12523  24.361  -67.919  -28.585 0.0000000000
12525  23.176  -67.398  -29.561 0.0000000000
12537  23.195  -68.191  -29.787 0.0000000000
13218  16.875  -67.133  -13.605 0.0000000000
13236  15.150  -67.125  -14.712 0.0000000000
13258  15.215  -66.176  -16.094 0.0000000000
13272  21.305  -66.209  -17.644 0.0000000000
13289  11.755  -65.998  -18.202 0.0000000000
13298  21.935  -66.862  -19.202 0.0000000000
13300  13.539  -66.496  -19.272 0.0000000000
13301  12.083  -66.183  -18.901 0.0000000000
13315  22.553  -66.647  -20.657 0.0000000000
13317  13.739  -65.576  -19.966 0.0000000000
13318  13.418  -65.662  -19.536 0.0000000000
13332  4.138  -67.184  -21.050 0.0000000000
13337  8.029  -66.832  -22.500 0.0000000000
13343  22.901  -66.904  -23.305 0.0000000000
13356  13.876  -66.304  -25.217 0.0000000000
13357  12.370  -66.493  -24.729 0.0000000000
13359  10.921  -65.509  -24.202 0.0000000000
13366  16.987  -67.597  -25.398 0.0000000000
13381  17.302  -66.907  -26.326 0.0000000000
13395  18.491  -66.306  -27.466 0.0000000000
13411  24.370  -67.477  -28.559 0.0000000000
14147  20.024  -65.064  -15.048 0.0000000000
14148  15.992  -65.251  -14.845 0.0000000000
14157  15.721  -65.681  -16.584 0.0000000000
14187  15.049  -65.413  -19.585 0.0000000000
14202  14.696  -64.967  -20.018 0.0000000000
14219  23.337  -65.834  -20.987 0.0000000000
14223  13.560  -65.196  -20.017 0.0000000000
14224  13.253  -65.027  -19.863 0.0000000000
14227  5.264  -66.028  -19.684 0.0000000000
14228  4.537  -66.186  -19.675 0.0000000000
14229  3.827  -65.895  -19.993 0.0000000000
14235  8.173  -65.273  -21.618 0.0000000000
14239  3.365  -65.028  -20.326 0.0000000000
14254  9.799  -65.672  -23.479 0.0000000000
14263  12.014  -65.592  -24.831 0.0000000000
14274  13.984  -64.863  -25.745 0.0000000000
14299  17.696  -65.241  -27.326 0.0000000000
14310  19.819  -65.100  -28.497 0.0000000000
15069  16.872  -63.822  -15.291 0.0000000000
15070  16.339  -64.492  -15.065 0.0000000000
15080  20.625  -64.704  -15.504 0.0000000000
15101  16.728  -64.704  -17.962 0.0000000000
15133  13.505  -64.559  -20.076 0.0000000000
15145  15.745  -63.779  -21.038 0.0000000000
15146  13.754  -64.998  -20.078 0.0000000000
15147  13.433  -65.271  -20.208 0.0000000000
15148  7.770  -64.116  -20.406 0.0000000000
15172  24.286  -64.961  -23.026 0.0000000000
15184  24.080  -65.712  -24.277 0.0000000000
15185  12.383  -64.271  -25.182 0.0000000000
15187  11.008  -64.833  -24.240 0.0000000000
15196  15.014  -64.126  -26.411 0.0000000000
15210  15.693  -64.091  -26.580 0.0000000000
15228  21.720  -64.633  -28.623 0.0000000000
15911  17.923  -63.873  -14.088 0.0000000000
15929  20.417  -63.404  -14.306 0.0000000000
15930  17.900  -62.980  -15.027 0.0000000000
15938  22.785  -63.357  -16.563 0.0000000000
15940  21.672  -63.728  -15.574 0.0000000000
15942  17.418  -63.411  -15.469 0.0000000000
15977  23.406  -63.683  -18.139 0.0000000000
15979  17.721  -63.916  -19.202 0.0000000000
16010  24.462  -63.478  -20.329 0.0000000000
16017  8.158  -63.503  -20.405 0.0000000000
16025  24.703  -63.880  -21.679 0.0000000000
16029  9.355  -63.013  -21.804 0.0000000000
16039  10.124  -63.066  -22.866 0.0000000000
16046  24.749  -64.739  -24.162 0.0000000000
16060  12.958  -63.795  -25.375 0.0000000000
16062  11.759  -63.246  -24.559 0.0000000000
16071  14.664  -63.198  -26.243 0.0000000000
16072  13.883  -63.261  -25.805 0.0000000000
16085  16.852  -63.915  -27.223 0.0000000000
16098  19.686  -63.628  -28.261 0.0000000000
16767  19.444  -62.428  -14.348 0.0000000000
16768  19.096  -63.137  -14.087 0.0000000000
16787  21.513  -62.506  -14.352 0.0000000000
16821  24.323  -62.149  -17.235 0.0000000000
16822  23.941  -62.642  -17.271 0.0000000000
16853  24.771  -62.274  -19.374 0.0000000000
16859  8.151  -62.090  -19.634 0.0000000000
16870  18.757  -62.699  -21.235 0.0000000000
16902  25.265  -63.435  -23.733 0.0000000000
16913  25.973  -62.271  -24.981 0.0000000000
16916  12.347  -62.686  -24.730 0.0000000000
16929  14.955  -62.191  -26.013 0.0000000000
16948  23.496  -63.057  -27.741 0.0000000000
16951  20.381  -62.265  -28.000 0.0000000000
17633  21.289  -61.199  -14.200 0.0000000000
17635  20.177  -62.092  -14.098 0.0000000000
17654  22.679  -61.665  -14.472 0.0000000000
17655  20.300  -61.186  -15.213 0.0000000000
17667  23.884  -61.989  -15.883 0.0000000000
17707  21.267  -61.666  -19.261 0.0000000000
17716  25.216  -61.523  -19.253 0.0000000000
17720  8.202  -61.142  -19.348 0.0000000000
17722  6.443  -61.908  -18.558 0.0000000000
17756  9.816  -61.740  -22.245 0.0000000000
17780  13.582  -61.268  -24.889 0.0000000000
17782  11.527  -61.803  -24.013 0.0000000000
17817  17.881  -61.045  -27.059 0.0000000000
17819  16.433  -61.538  -26.617 0.0000000000
18619  22.402  -60.336  -14.332 0.0000000000
18620  21.561  -60.556  -14.448 0.0000000000
18621  21.033  -60.875  -14.401 0.0000000000
18644  23.756  -60.640  -14.684 0.0000000000
18660  21.452  -60.253  -15.540 0.0000000000
18684  25.961  -60.225  -19.075 0.0000000000
18708  8.654  -60.379  -19.593 0.0000000000
18735  10.019  -59.859  -21.572 0.0000000000
18739  26.401  -60.263  -22.333 0.0000000000
18772  14.114  -60.683  -25.013 0.0000000000
18782  23.750  -59.723  -26.300 0.0000000000
18783  16.988  -59.942  -26.213 0.0000000000
18799  19.842  -60.129  -27.112 0.0000000000
18802  16.677  -60.723  -26.426 0.0000000000
18813  19.415  -60.804  -27.323 0.0000000000
19640  24.246  -58.955  -14.609 0.0000000000
19642  22.728  -59.674  -14.478 0.0000000000
19664  21.847  -59.666  -15.180 0.0000000000
19676  25.660  -59.675  -16.822 0.0000000000
19714  10.237  -58.833  -19.855 0.0000000000
19716  8.561  -59.584  -19.247 0.0000000000
19738  9.891  -59.620  -20.798 0.0000000000
19752  11.475  -58.997  -23.017 0.0000000000
19788  17.363  -59.213  -25.925 0.0000000000
19801  23.162  -59.173  -26.440 0.0000000000
20652  25.571  -58.361  -15.135 0.0000000000
20653  22.773  -58.856  -15.114 0.0000000000
20701  9.727  -58.181  -19.600 0.0000000000
20708  27.472  -58.050  -20.653 0.0000000000
20713  14.077  -57.587  -20.847 0.0000000000
20716  11.198  -58.629  -19.780 0.0000000000
20724  12.501  -58.430  -20.489 0.0000000000
20730  27.118  -58.310  -22.058 0.0000000000
20731  13.482  -58.028  -21.944 0.0000000000
20763  24.831  -58.101  -25.821 0.0000000000
20767  16.947  -58.733  -25.560 0.0000000000
20782  19.717  -58.641  -26.428 0.0000000000
21591  26.847  -57.272  -15.761 0.0000000000
21610  27.272  -57.244  -16.749 0.0000000000
21639  10.649  -57.169  -19.787 0.0000000000
21641  9.302  -57.418  -19.758 0.0000000000
21651  13.960  -57.069  -20.475 0.0000000000
21652  12.813  -57.135  -19.965 0.0000000000
21663  13.422  -56.499  -20.538 0.0000000000
21707  24.298  -57.394  -26.055 0.0000000000
21709  18.460  -57.579  -25.806 0.0000000000
21712  16.241  -57.237  -25.236 0.0000000000
21723  21.659  -57.661  -26.555 0.0000000000
22468  26.961  -56.602  -15.127 0.0000000000
22502  27.896  -56.705  -18.547 0.0000000000
22509  28.186  -56.114  -19.809 0.0000000000
22514  9.864  -56.969  -19.909 0.0000000000
22515  9.067  -56.936  -19.962 0.0000000000
22524  27.805  -56.398  -21.685 0.0000000000
22525  14.444  -56.519  -20.940 0.0000000000
22553  9.166  -56.420  -23.353 0.0000000000
22563  26.584  -56.534  -24.285 0.0000000000
22564  26.060  -56.311  -24.944 0.0000000000
22568  14.969  -55.974  -24.534 0.0000000000
22583  23.686  -56.595  -26.060 0.0000000000
22585  21.808  -56.104  -26.092 0.0000000000
22588  18.507  -56.313  -25.747 0.0000000000
23326  26.372  -55.662  -14.150 0.0000000000
23358  28.079  -56.000  -17.186 0.0000000000
23382  28.108  -55.271  -20.887 0.0000000000
23391  27.444  -55.589  -22.824 0.0000000000
23408  25.270  -55.696  -25.316 0.0000000000
23411  15.572  -55.152  -24.783 0.0000000000
23415  10.835  -55.074  -25.008 0.0000000000
23430  19.913  -55.867  -25.782 0.0000000000
23433  16.685  -55.748  -25.380 0.0000000000
24213  28.595  -54.596  -17.997 0.0000000000
24238  27.624  -53.987  -22.917 0.0000000000
24250  25.672  -54.572  -24.727 0.0000000000
24253  22.642  -54.065  -25.196 0.0000000000
24261  14.550  -53.973  -24.468 0.0000000000
24263  13.368  -54.501  -24.625 0.0000000000
24274  23.941  -55.029  -25.450 0.0000000000
24279  18.799  -54.864  -25.280 0.0000000000
25069  28.923  -52.941  -17.764 0.0000000000
25089  28.557  -54.023  -20.032 0.0000000000
25096  27.071  -53.149  -23.540 0.0000000000
25100  25.696  -53.179  -24.167 0.0000000000
25106  15.823  -52.941  -24.116 0.0000000000
25115  20.561  -53.317  -24.597 0.0000000000
25116  19.729  -53.335  -24.551 0.0000000000
25117  17.035  -53.615  -24.389 0.0000000000
25120  14.351  -53.139  -24.426 0.0000000000
25122  13.096  -53.375  -24.727 0.0000000000
25924  28.758  -53.130  -16.089 0.0000000000
25956  28.078  -52.737  -22.585 0.0000000000
25962  18.003  -52.053  -22.857 0.0000000000
25963  17.457  -52.115  -23.033 0.0000000000
25971  22.275  -52.269  -23.799 0.0000000000
25974  19.884  -52.216  -23.831 0.0000000000
25979  14.065  -52.150  -24.354 0.0000000000
25982  22.837  -52.763  -24.224 0.0000000000
25988  12.710  -52.148  -24.716 0.0000000000
26828  27.490  -51.308  -22.655 0.0000000000
26837  22.358  -51.186  -22.955 0.0000000000
26843  16.992  -51.604  -22.807 0.0000000000
26846  22.724  -51.746  -23.421 0.0000000000
26850  19.270  -51.921  -23.345 0.0000000000
26851  15.983  -51.489  -23.383 0.0000000000
27686  29.409  -50.615  -17.166 0.0000000000
27712  28.289  -50.583  -21.339 0.0000000000
27714  26.865  -50.656  -22.371 0.0000000000
27718  22.507  -50.098  -21.899 0.0000000000
27721  19.696  -50.169  -21.207 0.0000000000
27728  24.273  -50.601  -22.410 0.0000000000
28581  28.723  -49.702  -20.057 0.0000000000
28588  18.486  -49.043  -20.380 0.0000000000
29500  28.600  -48.334  -20.626 0.0000000000
29501  19.720  -48.174  -19.807 0.0000000000
29516  24.127  -48.777  -21.857 0.0000000000
29517  22.624  -48.835  -21.594 0.0000000000
30457  28.838  -47.048  -21.077 0.0000000000
30459  27.630  -48.339  -23.017 0.0000000000
30465  20.355  -48.518  -21.272 0.0000000000
31373  29.222  -46.710  -22.129 0.0000000000
31393  28.368  -46.734  -23.101 0.0000000000
32274  29.172  -46.451  -19.930 0.0000000000
32310  29.034  -46.665  -22.403 0.0000000000
123093  23.530  -63.840  -28.048 0.0000000000
123097  25.489  -63.313  -26.556 0.0000000000
123102  25.782  -61.869  -25.756 0.0000000000
123105  25.882  -58.694  -24.769 0.0000000000
123108  26.581  -58.721  -23.426 0.0000000000
123111  26.741  -57.010  -23.750 0.0000000000
123118  27.973  -55.080  -21.656 0.0000000000
123121  28.375  -53.784  -21.467 0.0000000000
123123  28.612  -52.493  -21.044 0.0000000000
123685  23.805  -69.987  -29.369 0.0000000000
123760  17.589  -90.584  -35.135 0.0000000000
123779  19.465  -92.272  -21.026 0.0000000000
123873  6.754  -75.828  -27.161 0.0000000000
124013  19.362  -71.069  -26.313 0.0000000000
124100  23.103  -70.146  -23.554 0.0000000000
124210  15.950  -92.245  -30.879 0.0000000000
124247  13.594  -81.816  -15.572 0.0000000000
124253  16.410  -87.117  -24.112 0.0000000000
124275  13.358  -77.156  -33.297 0.0000000000
124513  13.152  -87.244  -22.669 0.0000000000
124626  29.269  -47.752  -19.574 0.0000000000
124881  20.538  -69.009  -18.978 0.0000000000
124953  11.824  -92.357  -18.010 0.0000000000
125039  6.199  -69.427  -21.701 0.0000000000
125220  17.155  -80.843  -41.414 0.0000000000
125271  6.573  -72.112  -26.715 0.0000000000
125345  16.411  -66.460  -13.820 0.0000000000
125354  20.532  -82.581  -25.708 0.0000000000
125404  20.152  -85.784  -23.452 0.0000000000
125441  14.705  -80.021  -15.574 0.0000000000
125494  22.475  -91.577  -34.026 0.0000000000
125606  14.253  -79.394  -14.716 0.0000000000
125640  16.994  -62.071  -27.142 0.0000000000
125646  21.340  -72.039  -26.972 0.0000000000
125779  11.118  -73.503  -18.250 0.0000000000
125952  23.478  -83.970  -39.915 0.0000000000
125990  19.904  -86.028  -36.044 0.0000000000
126195  21.919  -85.254  -45.649 0.0000000000
126275  14.168  -84.134  -19.416 0.0000000000
126285  21.670  -65.333  -17.411 0.0000000000
126302  17.808  -86.962  -33.819 0.0000000000
126312  15.937  -92.330  -32.239 0.0000000000
126506  21.401  -59.077  -26.553 0.0000000000
126539  22.165  -85.977  -48.050 0.0000000000
126581  23.460  -84.288  -34.709 0.0000000000
126646  22.567  -85.159  -43.110 0.0000000000
126684  9.298  -88.136  -17.830 0.0000000000
126728  11.746  -92.370  -21.851 0.0000000000
126851  14.063  -66.244  -19.323 0.0000000000
126884  14.909  -82.849  -41.851 0.0000000000
126945  16.578  -58.048  -25.316 0.0000000000
126947  14.682  -77.282  -24.006 0.0000000000
126967  11.684  -68.497  -16.958 0.0000000000
127099  27.555  -57.518  -19.241 0.0000000000
127160  17.759  -65.875  -13.670 0.0000000000
127302  24.485  -81.653  -36.191 0.0000000000
127348  14.345  -80.531  -18.842 0.0000000000
127384  15.573  -85.459  -36.711 0.0000000000
127411  14.277  -81.037  -16.574 0.0000000000
127567  22.939  -70.936  -23.141 0.0000000000
127622  15.061  -69.287  -14.310 0.0000000000
127660  8.943  -68.230  -23.294 0.0000000000
127712  11.427  -81.101  -40.604 0.0000000000
127763  22.375  -71.908  -21.081 0.0000000000
127884  7.961  -78.581  -32.720 0.0000000000
128053  10.731  -83.185  -31.076 0.0000000000
128180  20.147  -74.812  -25.451 0.0000000000
128201  9.836  -68.518  -17.457 0.0000000000
128323  9.609  -75.981  -19.384 0.0000000000
128332  16.494  -86.045  -23.037 0.0000000000
128387  20.823  -72.825  -18.247 0.0000000000
128539  15.308  -63.830  -20.445 0.0000000000
128575  13.183  -80.143  -34.274 0.0000000000
128617  20.469  -83.241  -25.345 0.0000000000
128709  12.486  -77.528  -33.777 0.0000000000
128910  13.669  -65.873  -19.535 0.0000000000
128957  20.448  -65.860  -16.374 0.0000000000
128963  10.993  -84.886  -24.857 0.0000000000
129177  18.871  -87.316  -31.258 0.0000000000
129195  8.336  -71.802  -23.390 0.0000000000
129197  11.123  -81.731  -35.919 0.0000000000
129413  14.419  -87.976  -20.545 0.0000000000
129706  7.321  -74.566  -17.808 0.0000000000
129731  18.752  -93.644  -36.082 0.0000000000
129841  10.359  -69.140  -16.710 0.0000000000
129857  28.537  -51.838  -21.254 0.0000000000
130090  21.037  -84.123  -31.654 0.0000000000
130172  20.968  -87.271  -47.228 0.0000000000
130248  12.560  -85.310  -29.492 0.0000000000
130275  21.220  -74.057  -25.731 0.0000000000
130292  22.701  -59.233  -16.520 0.0000000000
130353  20.679  -88.572  -35.275 0.0000000000
130497  28.489  -54.063  -20.771 0.0000000000
130513  25.230  -51.436  -23.168 0.0000000000
130573  23.153  -64.802  -19.093 0.0000000000
130726  16.799  -86.844  -21.639 0.0000000000
130740  16.712  -93.604  -30.270 0.0000000000
130765  25.537  -61.020  -25.541 0.0000000000
130819  18.320  -83.979  -32.620 0.0000000000
130834  11.923  -70.893  -14.664 0.0000000000
130985  20.002  -86.698  -45.638 0.0000000000
131045  16.238  -85.791  -27.833 0.0000000000
131192  26.497  -59.854  -20.771 0.0000000000
131341  12.039  -81.066  -34.985 0.0000000000
131419  17.930  -94.026  -29.224 0.0000000000
131454  14.010  -92.418  -20.093 0.0000000000
131506  16.818  -56.701  -25.418 0.0000000000
131573  15.654  -91.541  -23.913 0.0000000000
131593  26.050  -61.093  -22.838 0.0000000000
131717  17.621  -93.970  -29.971 0.0000000000
131789  18.334  -76.115  -22.745 0.0000000000
131942  20.153  -84.274  -40.696 0.0000000000
132079  24.364  -82.390  -35.816 0.0000000000
132236  10.174  -73.148  -27.962 0.0000000000
132272  20.420  -89.879  -18.982 0.0000000000
132358  13.978  -76.212  -31.019 0.0000000000
132364  10.927  -61.769  -23.461 0.0000000000
132526  10.858  -68.436  -17.675 0.0000000000
132661  17.426  -93.611  -26.005 0.0000000000
132890  17.657  -83.041  -42.070 0.0000000000
132955  20.307  -89.357  -38.041 0.0000000000
133146  9.438  -64.428  -22.581 0.0000000000
133215  17.363  -65.056  -13.806 0.0000000000
133216  20.386  -69.131  -18.343 0.0000000000
133238  24.395  -81.811  -37.141 0.0000000000
133271  26.259  -60.087  -19.815 0.0000000000
133632  18.326  -89.307  -43.814 0.0000000000
133700  12.668  -85.766  -32.258 0.0000000000
133918  20.531  -93.285  -22.519 0.0000000000
134000  19.435  -71.589  -26.471 0.0000000000
134068  10.920  -75.359  -18.712 0.0000000000
134182  9.179  -75.996  -33.739 0.0000000000
134239  5.325  -69.540  -21.556 0.0000000000
134505  17.453  -76.231  -22.900 0.0000000000
134655  9.484  -76.991  -34.576 0.0000000000
135063  12.382  -86.088  -24.157 0.0000000000
135189  15.559  -67.460  -14.177 0.0000000000
135237  13.167  -77.977  -15.446 0.0000000000
135345  16.597  -87.264  -22.309 0.0000000000
135476  18.429  -90.795  -37.894 0.0000000000
135518  8.033  -81.654  -27.992 0.0000000000
135523  20.361  -93.128  -21.154 0.0000000000
135538  9.905  -86.744  -18.578 0.0000000000
135586  19.074  -71.960  -26.748 0.0000000000
135625  7.212  -70.922  -25.449 0.0000000000
135702  13.679  -81.366  -33.654 0.0000000000
135737  7.181  -73.433  -34.228 0.0000000000
135798  12.416  -65.035  -25.182 0.0000000000
135876  12.486  -87.183  -35.076 0.0000000000
135998  5.382  -69.651  -23.601 0.0000000000
136059  18.685  -56.943  -25.913 0.0000000000
136081  20.115  -92.689  -20.360 0.0000000000
136251  9.109  -75.038  -25.338 0.0000000000
136387  26.279  -59.262  -17.852 0.0000000000
136463  24.798  -60.493  -15.848 0.0000000000
136473  26.209  -50.064  -22.084 0.0000000000
136535  7.106  -76.186  -24.723 0.0000000000
136612  15.187  -54.571  -24.335 0.0000000000
136666  13.664  -82.476  -25.154 0.0000000000
136710  8.256  -82.105  -28.143 0.0000000000
136779  6.725  -76.087  -17.988 0.0000000000
136826  20.715  -83.828  -26.766 0.0000000000
136827  23.555  -82.740  -40.277 0.0000000000
136836  5.766  -69.637  -15.670 0.0000000000
136845  11.461  -68.629  -23.968 0.0000000000
136873  8.719  -71.522  -14.867 0.0000000000
136890  21.398  -68.327  -19.945 0.0000000000
136991  12.800  -77.609  -25.822 0.0000000000
137037  12.911  -82.179  -34.781 0.0000000000
137041  18.274  -78.731  -43.140 0.0000000000
137401  14.518  -92.409  -23.405 0.0000000000
137631  10.789  -82.422  -16.769 0.0000000000
137689  5.969  -64.246  -19.248 0.0000000000
137691  14.445  -82.893  -42.360 0.0000000000
137825  19.733  -85.477  -39.319 0.0000000000
137867  9.468  -84.070  -20.010 0.0000000000
138013  13.991  -79.996  -14.739 0.0000000000
138139  10.358  -81.889  -18.759 0.0000000000
138147  15.964  -91.961  -30.190 0.0000000000
138282  12.689  -87.560  -23.635 0.0000000000
138285  23.576  -65.338  -20.365 0.0000000000
138307  16.059  -84.426  -35.530 0.0000000000
138381  23.060  -91.168  -34.129 0.0000000000
138415  18.552  -88.890  -44.344 0.0000000000
138472  22.667  -65.873  -19.493 0.0000000000
138502  7.897  -77.474  -20.283 0.0000000000
138628  11.366  -83.218  -27.109 0.0000000000
138632  12.646  -83.103  -22.155 0.0000000000
138682  20.076  -70.259  -17.914 0.0000000000
138780  17.590  -94.144  -26.923 0.0000000000
138799  7.990  -76.911  -17.126 0.0000000000
138960  6.226  -73.960  -15.876 0.0000000000
138969  12.365  -72.935  -16.317 0.0000000000
139073  13.433  -86.550  -32.234 0.0000000000
139079  8.351  -83.127  -20.089 0.0000000000
139106  10.955  -79.834  -41.038 0.0000000000
139182  18.732  -64.984  -13.939 0.0000000000
139258  19.381  -84.246  -33.702 0.0000000000
139326  25.477  -61.272  -19.907 0.0000000000
139366  20.309  -54.400  -25.255 0.0000000000
139483  13.620  -78.827  -32.775 0.0000000000
139503  14.315  -81.335  -25.673 0.0000000000
139546  8.414  -64.588  -21.457 0.0000000000
139611  22.981  -66.392  -21.805 0.0000000000
139652  25.558  -60.876  -19.025 0.0000000000
139954  9.983  -79.667  -33.392 0.0000000000
140216  29.204  -46.769  -21.899 0.0000000000
140238  17.871  -71.702  -27.398 0.0000000000
140575  6.647  -73.747  -27.271 0.0000000000
140603  11.295  -77.785  -38.023 0.0000000000
140618  22.256  -86.159  -34.537 0.0000000000
140632  6.724  -76.805  -17.930 0.0000000000
140698  20.705  -86.273  -45.593 0.0000000000
140701  12.719  -55.526  -24.190 0.0000000000
140896  14.617  -55.471  -24.149 0.0000000000
140903  20.790  -74.501  -25.407 0.0000000000
140945  7.835  -68.706  -16.833 0.0000000000
140951  22.499  -83.824  -46.096 0.0000000000
141166  22.573  -85.021  -43.805 0.0000000000
141279  14.595  -79.048  -22.301 0.0000000000
141395  10.115  -84.065  -23.746 0.0000000000
141421  7.988  -82.851  -25.356 0.0000000000
141437  18.258  -66.715  -13.762 0.0000000000
141463  10.929  -79.090  -40.518 0.0000000000
141582  17.890  -93.669  -36.159 0.0000000000
141778  10.125  -83.860  -22.950 0.0000000000
141817  19.382  -75.682  -18.573 0.0000000000
141915  11.557  -79.150  -33.890 0.0000000000
142030  17.234  -73.271  -27.329 0.0000000000
142055  8.325  -77.161  -20.208 0.0000000000
142075  12.943  -79.054  -24.566 0.0000000000
142093  27.023  -48.912  -21.756 0.0000000000
142162  13.317  -89.405  -23.698 0.0000000000
142186  4.460  -68.116  -21.920 0.0000000000
142208  19.897  -85.065  -39.983 0.0000000000
142213  16.369  -80.175  -26.721 0.0000000000
142391  22.013  -83.123  -44.144 0.0000000000
142438  17.724  -83.609  -23.968 0.0000000000
142579  28.054  -51.698  -22.448 0.0000000000
142657  14.959  -92.373  -18.846 0.0000000000
142730  20.077  -80.899  -46.239 0.0000000000
142741  13.921  -86.694  -21.611 0.0000000000
142831  19.176  -92.840  -22.464 0.0000000000
143066  14.507  -58.594  -24.730 0.0000000000
143086  13.494  -72.351  -15.769 0.0000000000
143187  23.788  -80.316  -36.100 0.0000000000
143305  19.183  -75.991  -22.662 0.0000000000
143511  23.298  -65.898  -23.076 0.0000000000
143530  9.385  -79.654  -20.968 0.0000000000
143541  12.994  -87.312  -33.660 0.0000000000
143560  17.707  -85.238  -21.690 0.0000000000
143604  18.283  -88.958  -43.449 0.0000000000
143947  10.077  -75.575  -36.418 0.0000000000
144011  14.825  -89.229  -37.632 0.0000000000
144045  12.477  -65.144  -19.076 0.0000000000
144106  21.773  -68.399  -20.673 0.0000000000
144241  22.697  -83.796  -45.443 0.0000000000
144316  19.228  -87.144  -31.849 0.0000000000
144329  17.645  -76.003  -20.457 0.0000000000
144472  13.253  -70.230  -14.638 0.0000000000
144545  14.590  -89.385  -26.673 0.0000000000
144593  9.022  -84.515  -20.249 0.0000000000
144607  20.055  -76.112  -20.799 0.0000000000
144648  19.471  -89.986  -22.786 0.0000000000
144705  11.427  -67.762  -24.219 0.0000000000
144736  19.622  -93.339  -32.776 0.0000000000
144834  11.124  -78.008  -39.382 0.0000000000
144907  7.712  -77.938  -18.199 0.0000000000
144914  17.420  -84.730  -32.200 0.0000000000
145077  24.229  -79.468  -34.657 0.0000000000
145152  18.358  -78.525  -27.987 0.0000000000
145161  13.561  -80.588  -32.813 0.0000000000
145172  23.606  -86.999  -45.836 0.0000000000
145303  17.883  -83.506  -32.294 0.0000000000
145392  26.915  -57.388  -23.176 0.0000000000
145428  16.000  -92.618  -31.438 0.0000000000
145453  15.955  -92.183  -28.792 0.0000000000
145464  18.831  -79.778  -30.406 0.0000000000
145507  15.901  -75.466  -24.347 0.0000000000
145595  20.901  -62.607  -28.227 0.0000000000
145617  22.682  -58.638  -26.538 0.0000000000
145618  6.668  -70.058  -15.944 0.0000000000
145631  12.964  -65.175  -19.543 0.0000000000
145663  11.563  -71.183  -25.815 0.0000000000
145681  7.949  -76.069  -40.012 0.0000000000
145686  14.060  -81.761  -20.594 0.0000000000
145752  20.623  -83.701  -28.606 0.0000000000
145800  11.999  -76.656  -18.612 0.0000000000
145832  20.017  -84.747  -40.367 0.0000000000
145833  13.537  -83.799  -17.457 0.0000000000
145919  12.626  -85.190  -25.351 0.0000000000
145950  12.235  -59.596  -23.735 0.0000000000
146011  10.666  -90.642  -22.150 0.0000000000
146028  20.207  -72.390  -26.501 0.0000000000
146051  21.842  -65.912  -18.083 0.0000000000
146113  14.029  -92.537  -21.324 0.0000000000
146150  9.731  -63.046  -22.345 0.0000000000
146203  10.622  -79.369  -19.325 0.0000000000
146224  14.433  -79.849  -19.839 0.0000000000
146285  8.036  -83.638  -19.838 0.0000000000
146448  22.941  -84.783  -41.930 0.0000000000
146513  23.493  -84.215  -38.978 0.0000000000
146539  19.264  -89.884  -35.589 0.0000000000
146556  15.060  -85.010  -41.547 0.0000000000
146593  21.686  -88.550  -45.776 0.0000000000
146638  14.373  -80.717  -17.722 0.0000000000
146704  21.978  -64.141  -28.537 0.0000000000
146711  14.793  -85.804  -41.166 0.0000000000
146759  22.481  -72.382  -21.668 0.0000000000
146875  15.824  -80.754  -29.530 0.0000000000
146888  18.212  -82.524  -26.121 0.0000000000
146917  12.721  -87.891  -36.794 0.0000000000
146949  14.273  -83.847  -25.829 0.0000000000
146994  9.108  -61.809  -21.121 0.0000000000
147180  6.567  -72.772  -26.583 0.0000000000
147202  11.637  -88.079  -18.872 0.0000000000
147245  20.668  -83.314  -26.105 0.0000000000
147334  26.403  -59.982  -20.298 0.0000000000
147364  11.826  -67.043  -18.774 0.0000000000
147385  14.544  -87.124  -40.348 0.0000000000
147398  13.565  -86.299  -40.469 0.0000000000
147427  13.398  -87.349  -33.282 0.0000000000
147486  20.796  -83.386  -37.005 0.0000000000
147517  15.946  -67.503  -24.810 0.0000000000
147555  10.332  -55.302  -24.783 0.0000000000
147560  16.838  -90.662  -33.845 0.0000000000
147593  12.770  -84.154  -16.601 0.0000000000
147607  12.273  -86.219  -31.769 0.0000000000
147613  17.701  -83.190  -36.321 0.0000000000
147634  10.376  -74.239  -29.618 0.0000000000
147678  12.721  -76.543  -33.570 0.0000000000
147759  12.908  -84.162  -25.129 0.0000000000
147802  13.724  -91.356  -25.719 0.0000000000
147842  20.529  -84.242  -36.836 0.0000000000
147965  11.963  -84.195  -28.411 0.0000000000
147971  13.935  -87.666  -32.895 0.0000000000
147980  22.420  -78.372  -28.946 0.0000000000
148018  22.573  -86.815  -38.706 0.0000000000
148079  21.490  -92.077  -39.221 0.0000000000
148087  11.497  -72.700  -30.396 0.0000000000
148118  15.882  -77.319  -20.277 0.0000000000
148200  22.990  -48.383  -21.928 0.0000000000
148266  16.030  -92.756  -33.530 0.0000000000
148277  11.127  -71.525  -25.633 0.0000000000
148345  19.987  -48.416  -20.349 0.0000000000
148354  17.654  -83.580  -37.628 0.0000000000
148410  12.831  -88.746  -35.562 0.0000000000
148446  16.737  -81.079  -44.450 0.0000000000
148461  14.098  -87.158  -31.422 0.0000000000
148463  9.814  -76.569  -29.056 0.0000000000
148546  14.692  -65.920  -19.249 0.0000000000
148563  10.829  -83.886  -16.900 0.0000000000
148641  18.342  -84.451  -41.115 0.0000000000
148860  7.798  -77.987  -32.353 0.0000000000
148869  21.807  -87.932  -38.874 0.0000000000
148901  9.980  -89.164  -19.606 0.0000000000
148913  17.287  -92.805  -38.014 0.0000000000
148916  8.671  -75.870  -25.224 0.0000000000
148942  16.314  -91.486  -28.820 0.0000000000
148951  6.646  -76.482  -17.899 0.0000000000
149023  13.622  -86.833  -31.157 0.0000000000
149085  16.054  -64.138  -20.600 0.0000000000
149157  14.703  -92.344  -19.554 0.0000000000
149199  17.644  -73.621  -16.378 0.0000000000
149255  10.284  -73.522  -16.490 0.0000000000
149265  12.446  -79.453  -15.499 0.0000000000
