#!ascii label  , from subject sub-v2s9x29154_ses-1 vox2ras=TkReg
5000
45739  -10.748  -30.001  48.147 0.0000000000
52199  -27.178  -22.540  26.561 0.0000000000
43099  -22.514  -32.500  42.668 0.0000000000
59674  -14.698  -14.377  38.717 0.0000000000
64622  -52.788  -7.903  20.621 0.0000000000
52929  -7.986  -20.821  37.072 0.0000000000
61884  -7.682  -12.008  54.437 0.0000000000
44003  -34.776  -31.549  36.454 0.0000000000
48617  -36.538  -26.080  32.895 0.0000000000
114722  -30.797  -32.755  36.234 0.0000000000
117482  -27.559  -39.444  42.006 0.0000000000
117363  -22.279  -30.958  32.780 0.0000000000
59843  -49.996  -15.134  17.577 0.0000000000
114103  -10.172  -25.922  43.284 0.0000000000
52050  -18.015  -22.726  44.275 0.0000000000
114179  -13.636  -11.422  49.033 0.0000000000
53758  -14.975  -21.370  50.780 0.0000000000
126584  -6.950  -19.385  48.598 0.0000000000
57967  -45.304  -16.345  31.075 0.0000000000
52988  -43.527  -21.504  30.284 0.0000000000
43987  -12.521  -31.390  37.762 0.0000000000
38145  -8.246  -37.991  46.663 0.0000000000
36169  -14.257  -38.533  43.748 0.0000000000
57988  -18.529  -16.806  28.165 0.0000000000
121070  -16.129  -25.003  35.651 0.0000000000
55999  -1.830  -18.441  34.296 0.0000000000
64337  -3.286  -8.339  49.935 0.0000000000
59619  -4.941  -14.119  43.774 0.0000000000
64389  -5.610  -9.022  39.674 0.0000000000
118570  -37.785  -36.035  36.626 0.0000000000
43115  -35.086  -32.313  41.241 0.0000000000
38253  -33.680  -37.795  38.951 0.0000000000
32192  -30.337  -43.435  39.263 0.0000000000
37241  -29.460  -38.334  36.496 0.0000000000
58148  -49.280  -16.887  19.414 0.0000000000
56119  -48.361  -18.996  22.020 0.0000000000
47554  -10.522  -27.211  46.953 0.0000000000
48473  -3.483  -26.585  47.081 0.0000000000
46624  -4.303  -28.830  48.721 0.0000000000
47559  -15.868  -28.132  46.296 0.0000000000
52850  -19.660  -22.425  49.697 0.0000000000
49424  -16.187  -26.092  47.553 0.0000000000
51188  -15.063  -22.708  44.953 0.0000000000
129268  -47.491  -24.148  30.951 0.0000000000
47676  -44.335  -27.768  32.109 0.0000000000
50441  -31.563  -24.450  29.766 0.0000000000
53006  -34.760  -21.418  27.823 0.0000000000
56070  -29.096  -18.783  28.972 0.0000000000
42217  -18.191  -33.006  38.336 0.0000000000
124913  -14.138  -35.846  42.469 0.0000000000
115836  -18.558  -36.031  45.186 0.0000000000
45822  -24.365  -29.060  38.037 0.0000000000
48582  -20.790  -26.230  33.838 0.0000000000
131609  -19.373  -28.502  38.050 0.0000000000
46681  -15.252  -28.755  39.648 0.0000000000
67963  -54.446  -4.758  18.238 0.0000000000
54940  -4.720  -19.172  36.052 0.0000000000
50398  -2.863  -24.599  33.442 0.0000000000
112705  -9.405  -11.834  50.568 0.0000000000
66830  -9.194  -5.556  50.486 0.0000000000
66805  -10.139  -5.710  55.905 0.0000000000
66819  -6.142  -5.066  52.897 0.0000000000
125104  -4.017  -10.208  54.039 0.0000000000
109882  -8.887  -18.165  42.659 0.0000000000
56790  -3.609  -18.164  46.512 0.0000000000
126831  -4.953  -17.474  40.858 0.0000000000
58837  -1.861  -16.179  39.460 0.0000000000
67727  -5.020  -4.693  42.139 0.0000000000
46754  -41.690  -27.661  34.551 0.0000000000
46694  -38.875  -27.996  39.827 0.0000000000
46742  -33.164  -28.238  35.885 0.0000000000
46799  -28.554  -28.130  29.972 0.0000000000
41251  -27.524  -33.684  44.275 0.0000000000
38153  -21.751  -37.306  45.425 0.0000000000
46832  -24.102  -28.957  26.537 0.0000000000
42266  -26.497  -33.287  33.066 0.0000000000
40277  -24.729  -34.961  38.231 0.0000000000
62189  -51.092  -11.179  19.308 0.0000000000
109214  -50.339  -9.059  26.118 0.0000000000
62172  -50.571  -12.212  21.228 0.0000000000
51214  -10.113  -23.575  39.533 0.0000000000
50368  -2.738  -24.508  39.637 0.0000000000
49465  -3.763  -25.148  42.786 0.0000000000
55917  -16.655  -18.221  41.631 0.0000000000
59613  -11.627  -14.314  44.528 0.0000000000
56783  -15.697  -17.650  47.826 0.0000000000
57771  -15.788  -14.920  52.515 0.0000000000
56756  -9.838  -18.169  51.643 0.0000000000
56751  -6.064  -17.646  53.478 0.0000000000
54833  -10.577  -19.617  49.064 0.0000000000
55896  -12.084  -18.885  43.968 0.0000000000
56085  -50.800  -17.922  26.792 0.0000000000
56051  -47.821  -18.766  30.474 0.0000000000
55019  -45.910  -18.731  34.247 0.0000000000
53891  -40.781  -20.418  36.558 0.0000000000
50430  -40.384  -25.053  30.036 0.0000000000
109100  -10.738  -29.895  42.453 0.0000000000
114230  -5.546  -32.223  43.565 0.0000000000
41263  -9.130  -34.981  40.868 0.0000000000
123265  -11.516  -39.037  44.690 0.0000000000
58875  -17.672  -15.022  34.572 0.0000000000
126736  -20.082  -24.553  28.511 0.0000000000
124896  -17.399  -21.587  31.784 0.0000000000
54943  -15.693  -19.642  36.717 0.0000000000
51217  -15.895  -23.571  39.865 0.0000000000
47574  -13.300  -27.621  42.315 0.0000000000
57917  -5.092  -17.205  33.446 0.0000000000
66842  -5.949  -5.438  48.112 0.0000000000
58740  -4.755  -15.371  50.959 0.0000000000
61158  -7.485  -12.430  47.984 0.0000000000
64354  -7.374  -8.626  44.428 0.0000000000
61977  -2.561  -10.963  41.456 0.0000000000
110847  -4.545  -14.756  37.782 0.0000000000
38239  -36.830  -37.783  39.201 0.0000000000
35194  -35.563  -40.130  38.817 0.0000000000
32219  -32.690  -43.208  37.974 0.0000000000
35204  -33.087  -40.562  38.982 0.0000000000
54134  -49.644  -20.190  20.312 0.0000000000
54110  -48.746  -20.416  22.010 0.0000000000
46614  -10.284  -28.590  49.670 0.0000000000
47541  -7.503  -27.127  49.433 0.0000000000
46642  -7.196  -28.527  47.043 0.0000000000
45731  -13.953  -30.147  47.828 0.0000000000
46620  -16.911  -28.921  49.089 0.0000000000
46617  -13.998  -29.868  49.313 0.0000000000
47557  -13.339  -27.442  47.342 0.0000000000
48640  -43.161  -26.958  29.407 0.0000000000
47685  -41.640  -27.926  30.379 0.0000000000
51317  -29.519  -23.585  27.258 0.0000000000
123584  -30.519  -21.575  27.394 0.0000000000
54027  -28.307  -20.847  26.952 0.0000000000
43111  -20.939  -32.395  40.312 0.0000000000
41265  -18.542  -34.870  41.423 0.0000000000
41257  -20.888  -34.523  43.108 0.0000000000
52197  -24.674  -22.517  26.301 0.0000000000
45784  -23.632  -29.201  41.696 0.0000000000
46704  -22.208  -27.978  38.746 0.0000000000
129970  -21.072  -29.232  41.155 0.0000000000
44914  -19.103  -30.260  40.366 0.0000000000
66294  -54.127  -6.382  19.500 0.0000000000
54941  -6.267  -19.498  36.362 0.0000000000
114799  -3.610  -22.113  35.176 0.0000000000
51250  -5.187  -22.887  36.733 0.0000000000
61279  -14.296  -12.616  37.193 0.0000000000
122192  -12.527  -11.874  39.588 0.0000000000
119182  -8.342  -11.932  52.272 0.0000000000
110906  -8.437  -8.862  52.285 0.0000000000
64327  -8.719  -8.868  55.142 0.0000000000
66807  -8.090  -5.688  54.894 0.0000000000
65168  -6.654  -8.061  55.238 0.0000000000
64329  -4.914  -8.252  54.352 0.0000000000
122303  -5.880  -11.010  55.211 0.0000000000
55927  -9.505  -18.659  39.206 0.0000000000
56838  -7.294  -17.604  41.412 0.0000000000
56867  -7.621  -17.832  38.726 0.0000000000
56874  -5.117  -17.688  37.739 0.0000000000
110642  -37.606  -29.595  36.604 0.0000000000
45825  -37.532  -30.025  38.385 0.0000000000
43141  -32.597  -32.554  39.107 0.0000000000
45815  -33.712  -29.601  38.781 0.0000000000
45829  -31.744  -29.665  36.300 0.0000000000
47658  -30.841  -27.530  33.189 0.0000000000
45858  -29.615  -29.477  33.561 0.0000000000
39225  -27.684  -36.285  43.305 0.0000000000
38179  -26.492  -38.005  44.573 0.0000000000
44982  -27.684  -30.483  31.190 0.0000000000
43187  -29.058  -32.800  34.568 0.0000000000
36218  -28.300  -39.626  39.030 0.0000000000
38277  -26.982  -37.210  36.739 0.0000000000
38221  -26.855  -37.000  40.205 0.0000000000
41269  -26.214  -33.950  41.243 0.0000000000
117216  -50.706  -13.601  18.077 0.0000000000
61395  -53.054  -13.174  21.398 0.0000000000
58980  -52.344  -15.025  20.203 0.0000000000
123679  -46.342  -16.522  19.489 0.0000000000
59826  -47.835  -13.991  18.584 0.0000000000
62229  -49.212  -11.879  17.340 0.0000000000
50347  -10.100  -25.046  41.244 0.0000000000
49485  -6.870  -25.293  41.167 0.0000000000
49467  -7.032  -26.158  42.880 0.0000000000
45733  -1.592  -29.716  47.142 0.0000000000
46655  -1.991  -28.329  45.141 0.0000000000
52874  -17.510  -21.121  42.990 0.0000000000
56806  -15.901  -17.693  44.827 0.0000000000
54861  -18.065  -19.931  46.089 0.0000000000
52841  -16.932  -21.999  50.993 0.0000000000
54814  -17.621  -19.047  51.270 0.0000000000
122104  -14.548  -19.238  51.922 0.0000000000
56765  -11.896  -17.004  51.025 0.0000000000
54803  -12.391  -20.930  52.361 0.0000000000
112857  -10.260  -21.040  52.219 0.0000000000
54824  -12.513  -20.360  49.873 0.0000000000
50328  -13.169  -24.135  43.729 0.0000000000
53778  -14.236  -20.517  44.341 0.0000000000
52053  -13.026  -22.622  42.352 0.0000000000
52888  -12.289  -21.131  40.811 0.0000000000
120682  -46.029  -18.616  27.734 0.0000000000
53997  -45.154  -20.149  28.851 0.0000000000
52152  -46.156  -23.218  31.721 0.0000000000
52976  -47.862  -21.555  32.404 0.0000000000
55067  -44.265  -19.812  32.203 0.0000000000
122886  -43.405  -19.474  34.783 0.0000000000
120433  -41.956  -19.817  32.785 0.0000000000
123387  -39.541  -26.453  35.402 0.0000000000
49541  -41.278  -25.979  33.219 0.0000000000
110577  -38.230  -25.589  31.143 0.0000000000
112363  -11.243  -30.288  40.200 0.0000000000
44905  -7.897  -30.943  39.848 0.0000000000
42209  -10.616  -33.511  38.581 0.0000000000
39200  -14.707  -36.893  45.717 0.0000000000
39211  -12.508  -36.850  43.908 0.0000000000
36165  -13.129  -38.544  44.295 0.0000000000
110545  -21.766  -36.966  41.288 0.0000000000
38198  -20.026  -37.384  42.942 0.0000000000
58904  -17.394  -15.523  31.087 0.0000000000
45003  -22.843  -30.490  29.256 0.0000000000
47737  -21.788  -26.964  26.708 0.0000000000
47692  -21.799  -28.097  29.737 0.0000000000
49515  -18.431  -25.553  34.288 0.0000000000
50411  -18.653  -24.034  32.521 0.0000000000
51269  -16.619  -22.895  34.156 0.0000000000
53897  -15.954  -20.599  34.069 0.0000000000
52126  -15.819  -22.698  35.970 0.0000000000
52917  -16.047  -21.984  38.421 0.0000000000
50377  -15.532  -24.173  37.688 0.0000000000
44893  -15.323  -30.307  40.526 0.0000000000
46672  -13.938  -27.977  40.168 0.0000000000
44875  -14.171  -30.199  41.275 0.0000000000
44862  -13.290  -30.119  42.803 0.0000000000
58924  -48.483  -15.366  29.702 0.0000000000
58029  -46.939  -16.102  26.358 0.0000000000
56937  -3.161  -17.773  33.712 0.0000000000
53911  -3.710  -20.575  32.568 0.0000000000
40208  -6.941  -35.533  44.375 0.0000000000
42154  -5.921  -33.211  46.197 0.0000000000
60412  -12.161  -13.127  46.880 0.0000000000
62678  -12.051  -9.965  45.433 0.0000000000
63494  -12.545  -9.300  47.492 0.0000000000
68467  -12.827  -3.143  54.162 0.0000000000
66827  -3.228  -5.359  51.195 0.0000000000
66000  -4.483  -6.710  48.514 0.0000000000
54812  -6.291  -19.907  50.980 0.0000000000
57765  -3.807  -16.844  52.847 0.0000000000
129643  -4.491  -19.005  50.259 0.0000000000
124998  -3.827  -16.436  45.135 0.0000000000
113261  -6.702  -15.563  47.417 0.0000000000
59601  -7.210  -14.048  45.683 0.0000000000
62666  -7.522  -10.321  46.361 0.0000000000
61216  -7.060  -11.626  43.810 0.0000000000
63518  -5.270  -9.526  42.536 0.0000000000
122215  -4.520  -12.864  42.825 0.0000000000
56883  -1.913  -17.029  36.902 0.0000000000
59671  -3.333  -14.715  38.795 0.0000000000
57876  -3.205  -15.955  36.163 0.0000000000
58866  -4.902  -15.885  35.664 0.0000000000
62027  -7.491  -11.237  38.579 0.0000000000
42243  -36.813  -34.163  36.959 0.0000000000
43143  -36.962  -32.435  39.418 0.0000000000
41319  -36.986  -34.128  38.884 0.0000000000
41306  -34.073  -34.684  40.356 0.0000000000
41324  -32.249  -34.446  37.806 0.0000000000
34138  -28.601  -41.609  40.563 0.0000000000
122525  -30.620  -35.712  35.818 0.0000000000
37230  -32.267  -38.505  37.450 0.0000000000
36221  -30.695  -40.300  38.360 0.0000000000
122218  -51.467  -17.157  19.392 0.0000000000
55190  -50.867  -19.041  19.444 0.0000000000
57123  -47.780  -17.917  19.726 0.0000000000
125888  -46.165  -17.269  21.193 0.0000000000
48497  -10.127  -26.525  45.550 0.0000000000
111429  -7.577  -26.420  45.338 0.0000000000
48477  -7.139  -26.441  47.304 0.0000000000
47539  -4.005  -27.194  48.744 0.0000000000
120876  -2.343  -30.779  48.724 0.0000000000
49437  -17.225  -25.725  45.167 0.0000000000
52040  -19.099  -22.503  46.431 0.0000000000
49426  -19.317  -26.392  47.698 0.0000000000
50307  -18.872  -25.587  49.500 0.0000000000
52036  -16.869  -22.762  48.044 0.0000000000
53764  -15.419  -20.643  47.689 0.0000000000
50313  -15.663  -24.519  46.237 0.0000000000
49435  -13.544  -25.600  45.449 0.0000000000
52177  -45.454  -22.975  28.923 0.0000000000
49602  -44.972  -25.265  28.798 0.0000000000
49584  -46.146  -25.908  31.153 0.0000000000
50433  -44.317  -24.831  31.015 0.0000000000
49572  -33.616  -25.368  31.500 0.0000000000
130252  -35.525  -25.002  29.538 0.0000000000
51304  -33.166  -23.483  28.441 0.0000000000
43153  -15.637  -32.300  37.592 0.0000000000
41295  -13.338  -34.724  39.070 0.0000000000
129421  -16.029  -34.868  40.143 0.0000000000
109184  -16.062  -35.938  43.715 0.0000000000
38170  -16.053  -37.591  45.552 0.0000000000
56089  -20.698  -18.646  26.631 0.0000000000
44949  -22.697  -30.382  35.287 0.0000000000
47663  -22.066  -27.712  32.709 0.0000000000
47636  -22.716  -27.259  35.429 0.0000000000
126981  -20.202  -27.147  36.133 0.0000000000
47615  -17.871  -27.914  36.202 0.0000000000
47613  -15.683  -27.184  36.711 0.0000000000
46700  -17.468  -28.878  38.682 0.0000000000
111887  -17.135  -30.342  39.910 0.0000000000
110228  -43.477  -17.039  33.571 0.0000000000
131366  -2.078  -18.817  35.548 0.0000000000
52964  -1.174  -21.587  32.754 0.0000000000
115109  -1.323  -21.827  33.832 0.0000000000
49507  -1.191  -25.506  34.586 0.0000000000
129149  -11.227  -11.190  49.827 0.0000000000
63488  -10.401  -8.804  48.687 0.0000000000
65182  -8.553  -7.912  50.503 0.0000000000
66816  -10.000  -6.074  53.536 0.0000000000
65979  -3.707  -6.162  53.280 0.0000000000
113567  -3.296  -9.048  51.555 0.0000000000
109764  -7.943  -18.360  45.038 0.0000000000
55843  -4.379  -19.153  46.806 0.0000000000
55876  -6.115  -18.314  44.682 0.0000000000
122201  -3.883  -18.033  44.068 0.0000000000
56821  -2.682  -16.923  42.904 0.0000000000
58807  -2.920  -15.699  42.514 0.0000000000
130697  -2.905  -17.685  40.259 0.0000000000
56872  -2.652  -17.783  38.026 0.0000000000
66064  -3.798  -6.014  40.613 0.0000000000
46768  -39.973  -28.644  32.420 0.0000000000
45853  -38.713  -29.086  34.090 0.0000000000
46726  -40.741  -27.439  37.504 0.0000000000
48554  -37.915  -26.836  36.668 0.0000000000
45796  -36.586  -29.810  40.840 0.0000000000
46724  -35.532  -28.175  38.200 0.0000000000
47652  -34.827  -27.260  35.104 0.0000000000
49534  -32.042  -25.922  32.364 0.0000000000
49569  -30.090  -26.012  30.100 0.0000000000
49607  -27.905  -26.082  27.183 0.0000000000
43916  -25.128  -31.375  44.748 0.0000000000
41241  -22.684  -34.110  45.154 0.0000000000
117882  -24.850  -35.852  46.220 0.0000000000
38192  -23.909  -37.971  43.575 0.0000000000
48686  -25.935  -26.202  26.034 0.0000000000
46812  -26.821  -28.955  28.262 0.0000000000
44996  -25.773  -31.004  29.934 0.0000000000
43205  -24.249  -32.848  32.498 0.0000000000
40318  -28.069  -35.728  34.925 0.0000000000
130978  -25.322  -34.997  34.832 0.0000000000
43174  -23.053  -32.846  35.276 0.0000000000
43139  -24.164  -32.464  38.678 0.0000000000
43935  -26.210  -30.814  41.945 0.0000000000
63831  -51.486  -9.592  20.122 0.0000000000
112399  -53.412  -9.136  24.045 0.0000000000
62152  -53.182  -11.642  22.622 0.0000000000
62947  -50.190  -10.491  22.757 0.0000000000
59807  -50.284  -14.695  19.807 0.0000000000
62187  -48.163  -11.552  19.629 0.0000000000
63854  -49.372  -9.432  17.787 0.0000000000
117875  -8.902  -22.348  38.141 0.0000000000
51238  -5.527  -23.449  38.485 0.0000000000
50371  -6.441  -24.171  39.630 0.0000000000
50343  -3.185  -24.490  41.398 0.0000000000
49440  -3.605  -25.807  44.220 0.0000000000
58831  -15.832  -15.730  40.479 0.0000000000
113729  -12.620  -14.219  40.957 0.0000000000
57834  -14.417  -16.402  43.420 0.0000000000
57804  -13.496  -16.512  46.434 0.0000000000
58752  -13.348  -15.222  48.740 0.0000000000
117697  -17.978  -19.245  48.217 0.0000000000
128568  -16.162  -16.080  51.104 0.0000000000
120283  -15.002  -12.894  50.981 0.0000000000
59572  -12.787  -13.316  51.136 0.0000000000
132194  -9.921  -15.043  50.645 0.0000000000
121506  -8.081  -15.025  52.164 0.0000000000
59558  -6.905  -15.131  53.809 0.0000000000
56753  -8.293  -17.659  52.243 0.0000000000
54799  -8.011  -20.547  51.989 0.0000000000
54831  -8.729  -19.655  49.162 0.0000000000
123364  -14.018  -19.526  47.103 0.0000000000
126762  -11.852  -18.508  46.254 0.0000000000
55847  -9.655  -18.470  46.268 0.0000000000
55894  -10.411  -18.466  43.458 0.0000000000
54895  -11.202  -19.964  39.636 0.0000000000
54052  -48.463  -20.516  24.000 0.0000000000
56109  -48.588  -19.138  25.851 0.0000000000
57031  -50.340  -17.225  29.039 0.0000000000
57955  -48.899  -16.299  31.676 0.0000000000
52990  -47.486  -21.442  30.623 0.0000000000
120502  -48.504  -19.241  32.414 0.0000000000
56965  -46.472  -16.839  33.634 0.0000000000
56922  -44.081  -17.762  36.291 0.0000000000
46770  -42.885  -28.113  32.906 0.0000000000
49580  -42.127  -25.499  31.363 0.0000000000
51295  -41.727  -23.206  29.225 0.0000000000
51309  -37.561  -23.326  28.043 0.0000000000
53011  -39.261  -21.939  28.512 0.0000000000
53958  -40.794  -20.467  30.434 0.0000000000
45755  -10.313  -29.566  44.780 0.0000000000
46657  -7.134  -28.712  44.657 0.0000000000
45778  -7.576  -29.658  41.886 0.0000000000
42178  -6.572  -33.232  41.548 0.0000000000
39218  -8.165  -36.462  42.985 0.0000000000
40248  -11.740  -35.891  41.342 0.0000000000
39209  -10.576  -37.153  43.215 0.0000000000
37142  -9.779  -38.830  45.213 0.0000000000
39190  -19.898  -36.496  45.995 0.0000000000
38187  -18.375  -37.581  44.409 0.0000000000
37175  -15.782  -38.147  41.583 0.0000000000
59686  -17.136  -14.916  36.777 0.0000000000
50482  -23.202  -24.881  25.313 0.0000000000
123109  -20.870  -23.009  26.174 0.0000000000
53984  -19.143  -20.816  28.135 0.0000000000
49568  -20.329  -25.539  30.757 0.0000000000
52157  -18.878  -22.736  30.202 0.0000000000
55073  -17.284  -19.117  30.470 0.0000000000
56020  -16.342  -18.334  32.662 0.0000000000
123724  -16.586  -16.992  35.253 0.0000000000
57866  -16.713  -16.375  38.566 0.0000000000
55929  -16.573  -18.443  39.548 0.0000000000
52880  -16.780  -21.084  41.107 0.0000000000
126131  -16.723  -23.415  42.109 0.0000000000
49495  -14.552  -25.905  39.096 0.0000000000
49489  -14.340  -25.637  40.906 0.0000000000
49462  -15.298  -25.578  43.183 0.0000000000
47568  -14.116  -27.634  44.430 0.0000000000
45747  -13.203  -29.948  44.959 0.0000000000
57098  -49.088  -17.950  24.517 0.0000000000
58085  -46.223  -16.720  23.834 0.0000000000
44833  -4.670  -30.059  45.974 0.0000000000
115145  -4.381  -32.088  48.550 0.0000000000
61960  -11.836  -11.095  42.156 0.0000000000
66006  -9.989  -5.959  47.952 0.0000000000
60370  -4.842  -14.504  54.522 0.0000000000
60375  -3.495  -13.141  52.160 0.0000000000
61891  -4.357  -11.396  50.596 0.0000000000
57779  -5.440  -17.025  49.178 0.0000000000
60389  -6.651  -13.745  49.596 0.0000000000
62656  -5.484  -10.478  49.315 0.0000000000
114882  -6.402  -8.796  47.396 0.0000000000
113247  -6.374  -6.942  46.371 0.0000000000
66041  -5.736  -6.305  42.764 0.0000000000
118373  -2.765  -7.928  41.846 0.0000000000
63539  -3.357  -9.996  40.516 0.0000000000
60458  -3.434  -13.832  41.316 0.0000000000
61264  -3.772  -12.401  40.114 0.0000000000
122003  -5.688  -11.982  39.372 0.0000000000
59682  -6.669  -14.196  37.394 0.0000000000
35214  -36.255  -39.794  37.599 0.0000000000
33152  -34.396  -42.162  38.201 0.0000000000
53111  -48.136  -20.785  20.942 0.0000000000
53091  -47.927  -20.905  21.639 0.0000000000
45729  -10.258  -29.596  49.000 0.0000000000
46629  -9.155  -28.666  49.736 0.0000000000
45727  -8.836  -29.106  48.001 0.0000000000
111730  -12.042  -30.545  47.611 0.0000000000
44820  -13.356  -30.360  49.009 0.0000000000
44819  -12.535  -30.162  49.140 0.0000000000
46615  -11.747  -29.231  49.351 0.0000000000
51330  -28.296  -23.455  26.573 0.0000000000
53048  -29.257  -21.841  26.867 0.0000000000
130773  -27.653  -21.951  26.597 0.0000000000
54003  -26.931  -20.731  27.958 0.0000000000
53045  -26.288  -21.799  27.104 0.0000000000
43104  -21.992  -32.104  41.735 0.0000000000
42180  -21.281  -33.686  41.349 0.0000000000
128195  -22.116  -33.521  42.802 0.0000000000
52198  -25.629  -22.822  26.454 0.0000000000
44879  -23.289  -29.764  42.473 0.0000000000
45783  -22.469  -29.537  41.710 0.0000000000
43933  -21.835  -31.007  41.756 0.0000000000
44877  -21.050  -30.557  41.302 0.0000000000
65472  -53.792  -6.768  20.034 0.0000000000
66245  -53.635  -6.323  21.560 0.0000000000
65426  -53.610  -7.171  22.139 0.0000000000
65492  -52.839  -7.170  18.626 0.0000000000
65503  -53.513  -6.797  18.084 0.0000000000
53855  -7.519  -20.159  36.774 0.0000000000
128375  -5.815  -21.235  36.045 0.0000000000
52121  -6.421  -21.723  36.668 0.0000000000
60500  -14.593  -13.419  37.536 0.0000000000
61278  -13.262  -12.318  38.307 0.0000000000
60492  -13.474  -13.177  38.629 0.0000000000
61138  -7.979  -12.260  53.553 0.0000000000
112898  -8.277  -10.818  53.363 0.0000000000
62642  -8.219  -10.159  55.154 0.0000000000
63463  -8.106  -9.130  55.546 0.0000000000
63467  -7.608  -10.305  55.422 0.0000000000
62640  -6.340  -10.346  55.430 0.0000000000
61881  -7.337  -11.849  54.863 0.0000000000
54907  -8.898  -19.282  37.843 0.0000000000
56868  -8.283  -18.196  38.596 0.0000000000
55951  -8.133  -18.919  37.510 0.0000000000
55950  -7.346  -18.886  37.067 0.0000000000
44944  -34.827  -30.930  36.449 0.0000000000
44946  -36.017  -30.369  37.170 0.0000000000
44937  -35.792  -30.879  37.641 0.0000000000
43157  -31.747  -32.179  37.690 0.0000000000
43993  -31.946  -31.362  37.833 0.0000000000
44001  -31.014  -30.831  36.038 0.0000000000
44957  -30.380  -29.926  34.830 0.0000000000
44950  -29.963  -30.571  34.701 0.0000000000
37181  -27.546  -38.658  42.299 0.0000000000
37170  -27.424  -38.753  42.923 0.0000000000
36181  -27.227  -40.010  42.395 0.0000000000
44024  -28.895  -31.273  33.821 0.0000000000
43175  -29.577  -32.293  34.920 0.0000000000
36206  -27.943  -39.361  40.432 0.0000000000
38236  -27.273  -38.142  39.202 0.0000000000
118227  -27.492  -38.187  40.912 0.0000000000
39232  -27.365  -36.960  41.544 0.0000000000
115559  -50.963  -14.468  18.190 0.0000000000
60638  -52.368  -14.139  19.525 0.0000000000
59828  -51.661  -15.179  18.756 0.0000000000
59850  -49.167  -14.173  17.081 0.0000000000
49470  -9.789  -25.813  42.545 0.0000000000
49469  -8.793  -26.104  42.441 0.0000000000
49457  -8.549  -26.327  43.317 0.0000000000
122623  -1.774  -31.172  47.075 0.0000000000
120162  -1.583  -30.853  45.348 0.0000000000
109056  -17.705  -21.890  43.366 0.0000000000
53779  -17.852  -20.315  44.452 0.0000000000
52863  -18.070  -21.261  44.617 0.0000000000
52844  -15.978  -21.573  50.715 0.0000000000
53741  -15.641  -21.322  51.939 0.0000000000
53740  -14.679  -21.381  52.086 0.0000000000
54804  -13.138  -21.004  52.359 0.0000000000
53748  -13.085  -21.563  51.805 0.0000000000
53747  -12.274  -21.540  51.851 0.0000000000
53756  -13.463  -21.394  50.986 0.0000000000
49459  -11.518  -25.240  43.479 0.0000000000
51190  -12.841  -23.831  43.161 0.0000000000
50336  -11.631  -24.551  42.529 0.0000000000
50349  -11.326  -24.332  41.663 0.0000000000
53032  -44.370  -21.470  28.248 0.0000000000
115291  -44.957  -22.059  31.142 0.0000000000
52984  -45.067  -21.108  31.425 0.0000000000
53962  -44.273  -20.635  31.049 0.0000000000
55066  -43.329  -19.889  32.014 0.0000000000
53940  -42.950  -20.176  31.179 0.0000000000
48589  -37.793  -26.463  34.194 0.0000000000
48603  -38.856  -26.208  33.407 0.0000000000
49538  -37.061  -25.907  32.267 0.0000000000
117555  -12.014  -30.690  38.511 0.0000000000
43969  -9.862  -31.186  38.614 0.0000000000
42223  -11.398  -32.507  37.828 0.0000000000
37155  -14.575  -38.110  44.621 0.0000000000
122897  -14.067  -37.590  45.062 0.0000000000
119353  -13.860  -38.387  44.223 0.0000000000
59739  -17.917  -14.725  30.498 0.0000000000
58917  -17.896  -15.868  29.247 0.0000000000
44980  -22.335  -30.587  31.008 0.0000000000
121136  -22.271  -29.481  28.957 0.0000000000
45880  -22.028  -29.613  31.308 0.0000000000
49506  -17.026  -25.932  35.046 0.0000000000
50395  -17.811  -24.286  33.794 0.0000000000
50394  -17.069  -24.364  34.494 0.0000000000
121934  -16.246  -22.841  34.916 0.0000000000
51256  -16.126  -23.387  35.504 0.0000000000
51255  -15.776  -23.355  36.386 0.0000000000
50384  -15.672  -24.878  36.354 0.0000000000
43974  -14.462  -31.011  39.046 0.0000000000
44892  -14.686  -30.368  40.827 0.0000000000
44925  -12.799  -30.642  38.992 0.0000000000
44889  -12.212  -30.483  40.384 0.0000000000
114190  -46.685  -15.860  30.331 0.0000000000
57999  -46.697  -15.813  28.901 0.0000000000
56936  -2.311  -18.025  33.918 0.0000000000
56015  -3.519  -18.896  32.830 0.0000000000
54998  -2.568  -19.247  33.004 0.0000000000
116850  -7.634  -36.602  46.070 0.0000000000
112322  -13.269  -11.490  48.169 0.0000000000
61906  -13.003  -10.963  47.653 0.0000000000
62665  -13.075  -10.369  47.934 0.0000000000
65994  -3.249  -6.961  50.587 0.0000000000
67656  -3.291  -4.681  50.994 0.0000000000
66833  -3.655  -6.140  49.751 0.0000000000
54829  -6.154  -19.582  49.216 0.0000000000
55808  -4.789  -19.184  50.763 0.0000000000
54818  -5.208  -19.502  49.544 0.0000000000
58785  -4.924  -15.471  44.959 0.0000000000
58775  -6.023  -15.355  45.705 0.0000000000
59612  -6.240  -14.270  44.752 0.0000000000
60428  -7.275  -12.803  44.724 0.0000000000
60439  -6.015  -12.931  43.697 0.0000000000
61214  -5.467  -12.527  43.242 0.0000000000
60437  -4.357  -13.728  43.050 0.0000000000
57882  -1.925  -17.204  35.931 0.0000000000
57875  -2.323  -16.460  36.295 0.0000000000
57899  -2.306  -17.124  35.168 0.0000000000
57900  -3.191  -16.889  34.706 0.0000000000
64390  -6.292  -8.588  39.345 0.0000000000
64407  -6.922  -8.312  38.931 0.0000000000
121717  -6.926  -9.156  39.063 0.0000000000
41331  -37.153  -34.746  36.357 0.0000000000
112996  -36.898  -34.086  38.177 0.0000000000
40287  -37.263  -34.869  38.020 0.0000000000
38237  -34.929  -37.998  40.186 0.0000000000
39233  -35.249  -35.940  40.653 0.0000000000
39240  -33.761  -36.172  39.628 0.0000000000
41318  -33.048  -34.772  38.975 0.0000000000
122385  -33.232  -36.011  38.847 0.0000000000
33133  -29.387  -42.670  39.792 0.0000000000
33132  -28.617  -42.620  39.693 0.0000000000
32215  -29.028  -43.179  38.829 0.0000000000
39273  -32.412  -36.953  37.471 0.0000000000
37231  -33.091  -38.194  38.079 0.0000000000
34149  -31.645  -42.453  39.455 0.0000000000
36222  -31.715  -40.232  38.363 0.0000000000
35189  -30.509  -41.700  39.543 0.0000000000
35188  -29.697  -41.533  39.709 0.0000000000
56152  -50.210  -18.405  18.271 0.0000000000
56137  -49.888  -19.349  18.679 0.0000000000
55185  -49.191  -20.218  20.858 0.0000000000
55186  -50.034  -19.910  20.127 0.0000000000
56128  -48.030  -18.600  20.385 0.0000000000
56127  -47.204  -18.015  20.208 0.0000000000
123586  -46.571  -17.645  21.520 0.0000000000
48480  -9.745  -26.750  46.328 0.0000000000
48479  -8.894  -26.606  46.238 0.0000000000
48465  -8.693  -26.659  47.289 0.0000000000
125595  -5.903  -27.841  49.064 0.0000000000
47528  -5.451  -27.057  48.975 0.0000000000
46608  -4.441  -28.047  49.175 0.0000000000
126665  -2.601  -29.095  48.880 0.0000000000
44823  -3.093  -29.973  48.955 0.0000000000
48501  -16.692  -26.671  45.525 0.0000000000
125679  -18.533  -26.051  46.447 0.0000000000
114019  -17.317  -27.974  47.167 0.0000000000
47549  -16.790  -27.937  49.115 0.0000000000
48457  -18.325  -27.389  49.177 0.0000000000
50311  -17.715  -25.082  48.643 0.0000000000
52034  -17.816  -23.479  49.347 0.0000000000
50310  -16.803  -24.511  47.636 0.0000000000
51182  -16.320  -23.261  46.629 0.0000000000
49431  -16.237  -25.028  47.009 0.0000000000
47555  -11.516  -27.326  47.023 0.0000000000
48483  -12.959  -26.742  46.452 0.0000000000
48482  -11.987  -26.841  46.365 0.0000000000
49433  -11.659  -25.964  45.012 0.0000000000
47703  -44.342  -27.603  30.743 0.0000000000
48642  -44.658  -26.938  30.143 0.0000000000
48626  -45.143  -26.944  31.512 0.0000000000
50419  -45.675  -25.108  31.559 0.0000000000
122461  -44.470  -26.359  31.763 0.0000000000
50427  -32.561  -24.772  30.616 0.0000000000
111848  -33.987  -24.861  29.909 0.0000000000
51294  -32.708  -24.035  29.208 0.0000000000
55123  -30.208  -19.798  27.887 0.0000000000
121612  -31.584  -20.743  27.602 0.0000000000
55095  -30.995  -18.928  29.053 0.0000000000
56034  -28.448  -18.755  31.188 0.0000000000
42229  -16.957  -32.758  37.759 0.0000000000
41314  -16.187  -34.042  38.621 0.0000000000
41299  -17.385  -34.286  39.289 0.0000000000
40239  -18.939  -35.293  43.510 0.0000000000
40237  -17.338  -35.397  42.803 0.0000000000
40221  -17.493  -35.693  44.115 0.0000000000
126658  -16.324  -36.729  45.290 0.0000000000
39202  -16.871  -36.902  45.436 0.0000000000
55134  -21.713  -19.566  26.378 0.0000000000
120955  -23.648  -29.744  36.931 0.0000000000
118182  -23.480  -28.359  35.721 0.0000000000
46732  -23.678  -28.187  36.529 0.0000000000
46718  -20.509  -28.054  37.939 0.0000000000
47601  -21.212  -27.558  37.505 0.0000000000
47617  -19.748  -27.690  36.708 0.0000000000
47633  -18.454  -27.394  35.748 0.0000000000
46731  -19.024  -28.209  37.056 0.0000000000
131672  -17.348  -28.210  36.662 0.0000000000
46701  -18.382  -28.803  38.743 0.0000000000
43978  -18.885  -31.639  38.951 0.0000000000
43958  -18.399  -30.657  39.852 0.0000000000
43135  -18.104  -32.050  38.313 0.0000000000
129552  -16.784  -31.764  37.888 0.0000000000
114656  -54.869  -5.927  16.230 0.0000000000
54939  -3.407  -19.081  35.986 0.0000000000
53872  -2.016  -20.062  34.699 0.0000000000
53873  -3.137  -20.393  35.142 0.0000000000
51253  -2.617  -23.644  35.541 0.0000000000
51252  -1.241  -24.187  34.736 0.0000000000
61895  -10.459  -11.639  50.192 0.0000000000
62657  -9.886  -10.096  49.726 0.0000000000
62654  -9.121  -10.229  50.365 0.0000000000
65175  -9.604  -7.482  54.901 0.0000000000
65984  -9.027  -7.150  53.519 0.0000000000
65986  -10.417  -6.202  54.751 0.0000000000
67631  -11.197  -4.123  55.559 0.0000000000
68456  -10.510  -3.536  55.516 0.0000000000
68459  -9.935  -3.539  55.109 0.0000000000
66820  -6.985  -5.033  52.858 0.0000000000
67638  -5.022  -5.065  53.279 0.0000000000
64328  -4.259  -8.496  53.749 0.0000000000
65980  -4.331  -6.772  53.504 0.0000000000
64332  -3.770  -8.718  53.026 0.0000000000
65176  -3.549  -7.612  52.193 0.0000000000
63473  -3.496  -9.302  52.519 0.0000000000
55877  -8.037  -18.263  44.211 0.0000000000
109472  -7.172  -18.332  44.811 0.0000000000
55891  -7.618  -18.042  43.299 0.0000000000
56836  -5.796  -17.458  41.078 0.0000000000
56824  -5.440  -17.691  42.524 0.0000000000
123006  -4.373  -17.628  42.442 0.0000000000
56811  -2.894  -17.151  43.610 0.0000000000
56823  -3.365  -17.425  42.353 0.0000000000
56833  -2.615  -17.159  42.165 0.0000000000
56846  -3.929  -17.512  40.555 0.0000000000
123895  -4.957  -18.576  36.561 0.0000000000
56873  -3.763  -17.799  37.892 0.0000000000
55972  -3.955  -18.619  36.526 0.0000000000
119488  -2.607  -18.446  36.503 0.0000000000
67743  -5.272  -4.640  41.857 0.0000000000
66899  -3.700  -5.082  41.754 0.0000000000
129266  -38.251  -28.786  32.471 0.0000000000
45862  -38.034  -29.141  33.539 0.0000000000
45826  -39.150  -29.177  38.530 0.0000000000
124462  -39.448  -29.226  36.847 0.0000000000
47594  -39.933  -27.614  38.966 0.0000000000
48546  -40.159  -27.003  38.105 0.0000000000
47607  -38.333  -27.339  38.922 0.0000000000
43117  -36.723  -32.196  40.678 0.0000000000
43965  -37.194  -31.541  40.271 0.0000000000
130332  -35.800  -31.061  41.251 0.0000000000
46721  -33.010  -29.057  37.108 0.0000000000
46709  -35.118  -28.712  38.659 0.0000000000
46735  -34.261  -28.343  36.941 0.0000000000
47624  -35.508  -27.647  36.833 0.0000000000
47651  -33.993  -27.348  34.971 0.0000000000
48614  -33.299  -26.171  33.107 0.0000000000
47649  -32.707  -27.322  34.450 0.0000000000
46773  -29.378  -27.984  31.555 0.0000000000
47674  -30.268  -26.927  31.583 0.0000000000
47695  -29.301  -26.950  30.064 0.0000000000
48649  -28.911  -26.335  28.630 0.0000000000
47710  -28.530  -27.078  28.810 0.0000000000
43091  -26.679  -32.133  44.664 0.0000000000
42157  -25.599  -33.081  46.006 0.0000000000
41234  -26.973  -34.422  45.800 0.0000000000
36179  -25.102  -39.453  42.773 0.0000000000
37152  -24.914  -38.642  43.940 0.0000000000
48658  -27.509  -26.886  27.386 0.0000000000
46798  -28.048  -28.646  29.597 0.0000000000
44034  -26.999  -31.843  32.003 0.0000000000
44997  -26.596  -30.638  30.159 0.0000000000
43217  -26.184  -32.118  31.788 0.0000000000
44046  -24.814  -32.022  31.069 0.0000000000
43206  -25.063  -32.791  32.266 0.0000000000
38280  -30.373  -37.251  35.987 0.0000000000
40320  -29.799  -35.723  35.470 0.0000000000
38292  -28.996  -37.183  35.689 0.0000000000
39271  -25.768  -36.224  37.743 0.0000000000
39289  -26.484  -36.533  36.225 0.0000000000
40295  -24.785  -35.211  36.754 0.0000000000
42247  -24.235  -34.404  35.346 0.0000000000
41328  -24.182  -34.461  36.976 0.0000000000
42230  -23.484  -33.075  37.101 0.0000000000
42219  -24.202  -33.464  38.490 0.0000000000
41258  -27.220  -33.982  42.729 0.0000000000
42182  -26.172  -32.934  41.440 0.0000000000
43101  -26.966  -32.053  43.149 0.0000000000
44855  -25.908  -30.468  43.559 0.0000000000
63002  -51.638  -10.764  20.108 0.0000000000
63821  -52.702  -10.121  21.827 0.0000000000
62173  -52.693  -11.650  20.930 0.0000000000
61383  -51.870  -12.758  21.671 0.0000000000
62160  -52.710  -12.498  22.068 0.0000000000
62158  -50.071  -11.340  21.459 0.0000000000
58149  -50.756  -16.694  19.622 0.0000000000
110300  -51.883  -16.052  19.981 0.0000000000
118981  -49.716  -15.248  19.504 0.0000000000
60636  -48.187  -13.076  18.804 0.0000000000
111028  -49.804  -11.723  17.923 0.0000000000
62221  -49.168  -10.948  17.603 0.0000000000
63016  -50.336  -10.558  18.800 0.0000000000
63846  -50.320  -9.542  18.899 0.0000000000
51242  -9.954  -22.871  38.874 0.0000000000
51240  -7.762  -23.147  38.549 0.0000000000
50372  -7.523  -24.258  39.565 0.0000000000
50334  -4.426  -24.941  42.259 0.0000000000
50344  -4.167  -24.596  41.600 0.0000000000
50333  -3.440  -24.683  42.109 0.0000000000
48527  -2.653  -26.253  41.546 0.0000000000
48524  -2.688  -26.318  42.355 0.0000000000
48492  -4.898  -26.378  46.361 0.0000000000
48507  -5.944  -26.280  45.222 0.0000000000
48504  -3.437  -26.377  45.306 0.0000000000
46661  -2.480  -28.250  44.210 0.0000000000
57852  -16.352  -16.864  41.411 0.0000000000
57851  -15.630  -16.375  41.818 0.0000000000
57845  -16.137  -17.045  42.300 0.0000000000
56793  -15.532  -17.629  46.254 0.0000000000
56804  -14.718  -17.007  45.211 0.0000000000
57805  -14.243  -16.917  46.740 0.0000000000
58760  -13.009  -15.838  47.828 0.0000000000
57786  -14.250  -16.442  48.857 0.0000000000
52854  -19.622  -22.275  48.590 0.0000000000
52856  -19.155  -21.336  47.642 0.0000000000
53762  -18.942  -20.706  49.347 0.0000000000
118418  -16.930  -16.677  52.254 0.0000000000
56768  -17.362  -17.281  51.671 0.0000000000
57778  -16.795  -15.681  52.097 0.0000000000
58749  -15.682  -14.226  51.519 0.0000000000
58739  -15.412  -13.675  52.094 0.0000000000
60379  -14.274  -13.057  51.480 0.0000000000
119000  -14.318  -14.331  52.133 0.0000000000
56764  -10.651  -17.375  51.225 0.0000000000
57775  -11.145  -16.312  50.782 0.0000000000
117728  -9.760  -16.062  51.019 0.0000000000
59563  -9.064  -14.723  51.021 0.0000000000
57768  -8.930  -16.621  51.606 0.0000000000
121552  -7.997  -16.635  52.306 0.0000000000
56755  -9.104  -17.809  51.791 0.0000000000
131895  -10.432  -21.206  51.603 0.0000000000
53735  -9.508  -20.965  52.128 0.0000000000
54821  -9.310  -20.331  50.216 0.0000000000
54820  -8.563  -20.286  50.236 0.0000000000
54832  -9.715  -19.672  49.162 0.0000000000
113356  -15.557  -21.345  45.893 0.0000000000
53763  -14.776  -20.041  47.246 0.0000000000
53771  -15.103  -20.586  45.779 0.0000000000
128081  -13.277  -19.610  43.981 0.0000000000
54857  -12.986  -19.095  45.105 0.0000000000
55881  -12.246  -18.763  44.809 0.0000000000
112157  -11.028  -18.429  46.034 0.0000000000
55880  -11.387  -18.548  44.550 0.0000000000
129820  -10.075  -18.403  44.869 0.0000000000
55895  -11.248  -18.619  43.705 0.0000000000
51230  -11.292  -22.999  40.083 0.0000000000
116723  -11.958  -20.943  40.268 0.0000000000
52901  -10.979  -21.376  38.896 0.0000000000
52916  -10.425  -20.665  38.508 0.0000000000
56072  -46.948  -18.542  28.886 0.0000000000
56073  -47.894  -18.178  28.810 0.0000000000
57013  -49.184  -17.706  29.694 0.0000000000
56999  -50.078  -16.583  30.583 0.0000000000
56052  -49.191  -17.724  31.247 0.0000000000
115777  -46.484  -23.538  29.673 0.0000000000
52166  -46.036  -22.393  29.438 0.0000000000
52159  -47.832  -22.973  30.890 0.0000000000
53925  -46.460  -19.953  32.686 0.0000000000
53927  -48.215  -20.835  32.427 0.0000000000
128127  -47.436  -18.775  33.077 0.0000000000
56024  -47.538  -17.920  33.148 0.0000000000
56949  -46.288  -17.433  34.308 0.0000000000
109391  -45.551  -17.427  34.912 0.0000000000
56003  -45.431  -17.925  35.415 0.0000000000
127308  -42.135  -19.726  35.309 0.0000000000
54949  -42.771  -19.594  37.180 0.0000000000
110457  -40.535  -28.563  33.362 0.0000000000
46769  -41.146  -28.459  32.677 0.0000000000
46762  -41.984  -27.775  33.849 0.0000000000
127208  -40.673  -25.612  31.540 0.0000000000
119470  -41.553  -25.715  31.983 0.0000000000
50431  -41.372  -24.956  30.234 0.0000000000
127904  -42.391  -24.831  30.390 0.0000000000
51311  -40.955  -23.586  29.046 0.0000000000
50458  -35.576  -24.242  28.514 0.0000000000
50445  -37.077  -24.745  28.981 0.0000000000
52188  -36.547  -22.564  27.763 0.0000000000
53976  -39.752  -20.771  29.542 0.0000000000
45764  -10.211  -29.455  43.904 0.0000000000
45763  -9.321  -29.123  43.589 0.0000000000
120688  -9.148  -29.451  41.800 0.0000000000
42195  -8.020  -32.999  39.711 0.0000000000
43109  -6.981  -32.074  40.544 0.0000000000
41261  -7.508  -34.562  41.391 0.0000000000
110108  -7.268  -34.940  42.137 0.0000000000
40230  -8.531  -36.045  42.175 0.0000000000
40263  -14.002  -35.356  40.627 0.0000000000
121080  -12.139  -34.917  39.623 0.0000000000
40249  -12.672  -35.786  41.413 0.0000000000
38185  -12.183  -37.443  44.192 0.0000000000
39210  -11.698  -37.006  43.495 0.0000000000
38164  -10.779  -38.149  44.212 0.0000000000
38163  -9.976  -38.331  44.380 0.0000000000
37138  -10.824  -39.071  44.984 0.0000000000
35144  -10.526  -39.820  45.378 0.0000000000
40193  -22.404  -35.605  46.574 0.0000000000
125658  -21.615  -35.291  46.033 0.0000000000
38152  -20.824  -36.902  45.864 0.0000000000
126318  -18.733  -37.388  41.318 0.0000000000
118685  -19.210  -37.561  43.734 0.0000000000
37178  -17.899  -37.764  42.756 0.0000000000
121902  -16.977  -37.911  43.710 0.0000000000
37187  -16.448  -37.809  40.943 0.0000000000
60521  -17.819  -13.744  34.824 0.0000000000
124897  -16.487  -13.307  35.674 0.0000000000
59699  -17.695  -14.585  35.252 0.0000000000
47740  -25.229  -27.730  26.173 0.0000000000
49624  -24.431  -25.845  25.414 0.0000000000
47753  -23.523  -27.219  25.583 0.0000000000
49606  -20.986  -26.067  27.674 0.0000000000
49613  -21.210  -25.261  26.354 0.0000000000
50465  -20.285  -24.048  27.437 0.0000000000
53018  -19.880  -21.781  27.127 0.0000000000
51315  -19.688  -23.029  28.115 0.0000000000
48597  -21.389  -26.630  33.547 0.0000000000
117911  -21.483  -26.903  32.077 0.0000000000
49532  -20.420  -25.745  32.513 0.0000000000
52146  -17.931  -22.959  32.125 0.0000000000
51287  -19.079  -23.672  31.006 0.0000000000
52983  -17.833  -21.928  31.344 0.0000000000
127888  -18.308  -21.196  30.080 0.0000000000
112358  -17.276  -20.402  31.242 0.0000000000
121214  -16.787  -18.817  31.303 0.0000000000
53931  -16.788  -19.990  31.879 0.0000000000
54955  -15.587  -19.680  35.819 0.0000000000
56000  -15.833  -18.751  34.715 0.0000000000
55976  -16.112  -18.316  36.254 0.0000000000
57877  -16.847  -16.616  37.082 0.0000000000
122681  -16.468  -17.926  37.933 0.0000000000
113523  -16.651  -17.600  39.359 0.0000000000
129540  -16.288  -19.214  38.347 0.0000000000
52087  -16.073  -22.682  38.859 0.0000000000
127097  -16.462  -21.677  39.769 0.0000000000
52074  -16.604  -22.273  40.604 0.0000000000
52063  -16.814  -22.421  41.364 0.0000000000
51206  -16.019  -23.694  40.696 0.0000000000
46714  -15.679  -28.203  37.767 0.0000000000
47597  -14.844  -27.024  37.914 0.0000000000
47586  -14.562  -27.554  38.725 0.0000000000
47576  -13.378  -27.558  41.501 0.0000000000
48533  -13.875  -26.326  40.475 0.0000000000
48529  -13.820  -26.253  41.338 0.0000000000
49474  -15.178  -25.219  42.298 0.0000000000
49461  -14.406  -26.205  42.985 0.0000000000
48522  -14.958  -26.262  43.778 0.0000000000
47572  -13.813  -27.289  43.614 0.0000000000
44860  -11.751  -30.358  42.935 0.0000000000
45756  -13.296  -29.631  44.142 0.0000000000
44850  -11.705  -30.271  43.937 0.0000000000
44842  -11.663  -30.303  44.809 0.0000000000
63787  -52.114  -8.786  25.616 0.0000000000
55140  -50.182  -19.143  25.720 0.0000000000
55165  -49.714  -19.817  24.524 0.0000000000
57082  -50.523  -18.161  25.734 0.0000000000
109590  -45.357  -16.409  25.771 0.0000000000
58069  -46.773  -16.631  24.605 0.0000000000
110122  -45.040  -16.470  25.088 0.0000000000
58084  -45.329  -16.556  23.719 0.0000000000
52969  -6.447  -21.122  32.957 0.0000000000
51272  -1.746  -23.312  32.599 0.0000000000
51273  -2.615  -22.717  32.615 0.0000000000
51263  -3.743  -23.797  33.256 0.0000000000
50369  -3.922  -24.246  39.061 0.0000000000
50380  -3.574  -24.224  38.094 0.0000000000
45759  -5.715  -30.108  43.702 0.0000000000
45752  -5.940  -29.072  44.668 0.0000000000
126419  -5.139  -31.221  44.495 0.0000000000
41226  -6.021  -34.188  47.655 0.0000000000
43081  -5.181  -33.027  47.886 0.0000000000
41221  -4.744  -34.210  48.217 0.0000000000
42146  -3.948  -33.055  48.765 0.0000000000
59633  -11.635  -14.037  43.028 0.0000000000
60459  -11.655  -13.015  41.796 0.0000000000
61217  -11.492  -12.447  43.222 0.0000000000
65186  -9.049  -7.079  49.169 0.0000000000
130325  -10.059  -7.443  48.096 0.0000000000
66843  -9.625  -5.735  48.717 0.0000000000
67667  -6.222  -4.171  49.374 0.0000000000
68525  -6.935  -3.899  48.889 0.0000000000
67680  -6.623  -4.987  47.523 0.0000000000
58732  -6.394  -16.039  53.894 0.0000000000
59552  -5.713  -14.512  54.610 0.0000000000
58730  -5.520  -16.149  54.268 0.0000000000
122264  -3.815  -16.549  51.972 0.0000000000
59557  -3.511  -15.021  52.704 0.0000000000
112893  -3.682  -14.227  51.871 0.0000000000
61142  -3.535  -12.564  51.795 0.0000000000
60380  -4.585  -13.052  51.105 0.0000000000
55842  -3.723  -18.793  46.576 0.0000000000
56780  -3.932  -18.884  48.260 0.0000000000
56781  -4.237  -17.926  47.885 0.0000000000
60392  -7.506  -13.673  47.823 0.0000000000
59574  -7.098  -14.412  49.101 0.0000000000
112909  -6.811  -12.918  49.423 0.0000000000
61153  -6.166  -12.222  49.807 0.0000000000
114012  -6.439  -10.878  48.947 0.0000000000
63485  -5.356  -9.171  48.352 0.0000000000
130936  -6.921  -10.167  47.939 0.0000000000
64352  -7.459  -9.052  45.245 0.0000000000
64348  -7.205  -8.431  46.009 0.0000000000
64351  -7.044  -7.691  45.420 0.0000000000
111906  -6.527  -5.853  45.923 0.0000000000
109900  -6.795  -7.007  44.864 0.0000000000
66023  -6.624  -6.208  44.330 0.0000000000
65205  -6.463  -7.429  43.055 0.0000000000
62699  -3.825  -10.762  42.435 0.0000000000
63517  -4.023  -9.221  42.427 0.0000000000
62698  -2.368  -9.707  41.673 0.0000000000
63526  -2.222  -9.262  41.335 0.0000000000
62729  -2.342  -10.426  41.185 0.0000000000
58818  -2.149  -16.493  41.307 0.0000000000
59645  -3.314  -14.536  41.621 0.0000000000
59654  -2.651  -15.236  40.100 0.0000000000
59680  -3.506  -14.976  38.054 0.0000000000
59663  -3.865  -14.012  39.230 0.0000000000
60488  -4.740  -13.685  38.941 0.0000000000
114153  -4.850  -12.372  39.567 0.0000000000
60489  -5.654  -13.434  38.682 0.0000000000
60490  -6.461  -13.143  38.440 0.0000000000
59681  -5.718  -14.624  37.462 0.0000000000
57902  -5.308  -16.541  34.231 0.0000000000
58867  -5.754  -15.965  35.011 0.0000000000
57903  -6.166  -16.280  34.144 0.0000000000
39258  -37.601  -36.705  38.026 0.0000000000
37218  -36.826  -38.626  38.044 0.0000000000
37206  -36.466  -38.660  39.166 0.0000000000
37204  -34.466  -39.061  39.540 0.0000000000
32206  -31.837  -43.469  38.695 0.0000000000
33166  -30.434  -43.042  37.568 0.0000000000
132334  -33.455  -39.413  38.644 0.0000000000
35192  -33.799  -40.670  39.109 0.0000000000
33136  -33.039  -42.616  39.026 0.0000000000
55199  -49.014  -19.884  18.859 0.0000000000
54150  -48.301  -20.650  19.974 0.0000000000
54133  -48.991  -20.455  20.738 0.0000000000
55182  -48.940  -20.203  21.791 0.0000000000
47533  -10.598  -28.172  49.069 0.0000000000
123280  -9.339  -27.385  48.768 0.0000000000
46612  -8.572  -28.028  49.959 0.0000000000
46611  -7.728  -27.688  49.714 0.0000000000
46626  -6.225  -28.243  48.048 0.0000000000
45741  -14.527  -29.645  47.219 0.0000000000
46634  -16.501  -29.230  48.056 0.0000000000
45732  -14.952  -30.015  48.622 0.0000000000
46618  -15.123  -29.566  49.171 0.0000000000
121383  -14.970  -28.547  48.731 0.0000000000
48485  -15.301  -26.486  47.198 0.0000000000
115700  -13.847  -28.302  48.250 0.0000000000
46630  -11.464  -28.434  48.836 0.0000000000
46791  -43.176  -28.335  31.466 0.0000000000
50455  -30.477  -24.353  28.677 0.0000000000
51302  -31.561  -23.390  28.625 0.0000000000
52182  -30.461  -22.350  27.508 0.0000000000
53022  -29.743  -21.173  27.228 0.0000000000
55108  -28.709  -19.252  28.385 0.0000000000
56058  -28.098  -18.861  29.889 0.0000000000
42200  -19.635  -33.385  39.390 0.0000000000
41282  -18.531  -34.526  40.277 0.0000000000
41267  -20.404  -34.240  41.089 0.0000000000
41256  -20.153  -34.647  42.372 0.0000000000
40223  -19.093  -35.521  44.553 0.0000000000
46690  -24.383  -28.789  39.549 0.0000000000
46706  -23.788  -28.219  38.276 0.0000000000
46677  -23.210  -28.508  40.217 0.0000000000
46687  -21.693  -28.456  39.666 0.0000000000
46686  -20.762  -28.643  39.631 0.0000000000
45802  -19.284  -29.261  40.169 0.0000000000
111332  -19.648  -29.727  40.673 0.0000000000
43942  -19.817  -30.974  40.265 0.0000000000
66318  -54.540  -6.062  18.151 0.0000000000
126512  -54.276  -6.569  16.775 0.0000000000
123633  -5.538  -19.521  36.060 0.0000000000
53874  -4.263  -20.540  35.419 0.0000000000
52125  -5.094  -21.673  35.794 0.0000000000
52119  -4.834  -22.527  36.003 0.0000000000
51248  -3.686  -23.866  36.588 0.0000000000
112477  -8.687  -11.912  51.192 0.0000000000
62653  -8.675  -10.402  51.020 0.0000000000
112607  -8.408  -10.158  52.521 0.0000000000
64330  -8.605  -8.755  54.318 0.0000000000
65166  -9.396  -6.907  55.868 0.0000000000
66808  -9.042  -5.309  55.604 0.0000000000
65971  -8.679  -6.907  55.843 0.0000000000
65169  -7.775  -7.212  55.592 0.0000000000
65174  -6.151  -7.372  54.523 0.0000000000
65981  -5.210  -7.052  53.907 0.0000000000
65167  -5.733  -8.134  54.762 0.0000000000
63465  -5.537  -9.545  55.180 0.0000000000
123178  -4.698  -10.779  54.682 0.0000000000
55913  -8.896  -18.062  40.708 0.0000000000
56827  -7.923  -17.769  41.859 0.0000000000
56849  -8.249  -17.760  40.163 0.0000000000
56857  -7.611  -17.624  39.656 0.0000000000
56855  -6.244  -17.464  39.320 0.0000000000
110641  -5.195  -17.423  39.395 0.0000000000
56875  -6.264  -17.804  37.748 0.0000000000
55948  -5.727  -18.254  37.003 0.0000000000
45851  -36.651  -29.453  34.678 0.0000000000
126553  -36.633  -29.649  35.931 0.0000000000
45833  -38.008  -29.626  37.796 0.0000000000
111979  -38.522  -29.517  39.094 0.0000000000
43127  -33.594  -32.355  40.381 0.0000000000
43946  -34.241  -30.925  40.517 0.0000000000
43963  -32.873  -31.101  39.390 0.0000000000
45823  -32.606  -29.671  37.547 0.0000000000
46733  -32.079  -29.014  35.959 0.0000000000
46750  -31.481  -28.204  34.579 0.0000000000
45850  -31.170  -28.926  34.913 0.0000000000
45870  -29.867  -28.673  33.204 0.0000000000
46766  -28.989  -28.629  31.610 0.0000000000
41259  -27.580  -34.515  43.545 0.0000000000
39197  -27.665  -35.640  45.180 0.0000000000
38180  -27.478  -37.429  44.235 0.0000000000
37160  -26.260  -39.171  43.564 0.0000000000
45881  -28.148  -29.653  30.909 0.0000000000
44972  -28.395  -30.647  32.526 0.0000000000
44023  -28.263  -31.499  33.127 0.0000000000
42268  -27.866  -33.073  33.690 0.0000000000
37240  -28.818  -38.715  37.097 0.0000000000
37239  -28.107  -38.131  36.881 0.0000000000
38252  -27.263  -38.040  38.118 0.0000000000
38251  -26.762  -37.399  38.574 0.0000000000
39238  -26.076  -36.171  39.480 0.0000000000
41303  -25.274  -34.818  39.701 0.0000000000
120936  -26.643  -35.808  40.956 0.0000000000
40256  -26.981  -35.350  41.761 0.0000000000
61426  -50.964  -12.739  18.475 0.0000000000
62191  -52.840  -12.718  20.912 0.0000000000
61407  -52.617  -13.573  19.977 0.0000000000
60608  -52.699  -13.652  20.914 0.0000000000
120524  -51.701  -13.869  20.870 0.0000000000
58147  -47.933  -17.025  19.249 0.0000000000
59014  -48.801  -15.319  19.106 0.0000000000
127591  -47.384  -15.435  18.730 0.0000000000
61437  -49.996  -12.617  17.751 0.0000000000
126355  -10.021  -24.617  40.626 0.0000000000
50360  -8.002  -24.853  40.215 0.0000000000
49487  -8.578  -25.311  40.840 0.0000000000
125105  -6.433  -25.715  42.345 0.0000000000
49466  -4.801  -25.435  42.941 0.0000000000
46638  -1.974  -27.958  47.177 0.0000000000
47562  -2.382  -27.088  46.386 0.0000000000
127756  -1.701  -28.617  46.163 0.0000000000
44839  -1.673  -30.653  44.511 0.0000000000
123811  -17.051  -19.584  42.580 0.0000000000
55897  -16.736  -18.412  43.229 0.0000000000
55898  -17.177  -18.985  43.629 0.0000000000
55868  -17.296  -18.746  45.139 0.0000000000
55834  -16.904  -18.467  46.865 0.0000000000
52843  -18.492  -21.612  51.033 0.0000000000
54816  -18.532  -20.389  50.856 0.0000000000
54808  -17.212  -20.193  51.694 0.0000000000
54807  -16.393  -19.338  51.939 0.0000000000
55805  -15.804  -17.887  52.076 0.0000000000
56759  -14.701  -16.371  52.145 0.0000000000
114404  -13.326  -18.265  51.585 0.0000000000
121137  -12.164  -18.293  51.471 0.0000000000
55803  -11.275  -19.428  51.978 0.0000000000
118722  -9.840  -19.376  52.132 0.0000000000
54802  -11.289  -20.856  52.323 0.0000000000
53746  -11.630  -21.477  51.851 0.0000000000
54823  -11.725  -20.287  49.872 0.0000000000
51187  -14.471  -23.056  44.331 0.0000000000
52862  -14.683  -21.309  44.566 0.0000000000
51192  -13.949  -22.844  43.708 0.0000000000
52867  -13.670  -21.537  43.150 0.0000000000
52873  -13.329  -21.051  42.636 0.0000000000
54879  -12.457  -19.674  42.559 0.0000000000
52062  -12.625  -22.233  41.613 0.0000000000
121143  -11.652  -23.082  40.747 0.0000000000
56093  -45.782  -18.568  26.947 0.0000000000
55115  -45.327  -19.323  28.496 0.0000000000
55101  -46.400  -19.643  29.680 0.0000000000
51284  -47.324  -23.758  31.527 0.0000000000
113338  -47.586  -23.066  31.645 0.0000000000
130285  -46.625  -22.580  31.981 0.0000000000
53943  -45.737  -20.527  32.150 0.0000000000
55046  -44.928  -19.412  33.318 0.0000000000
123980  -45.111  -19.073  34.428 0.0000000000
55045  -43.732  -19.623  32.942 0.0000000000
115592  -42.419  -19.608  34.457 0.0000000000
48592  -41.232  -26.620  34.922 0.0000000000
48606  -41.705  -26.562  34.088 0.0000000000
109835  -40.949  -26.357  34.189 0.0000000000
49540  -40.044  -25.895  32.669 0.0000000000
109969  -39.147  -25.523  30.926 0.0000000000
44871  -10.450  -29.953  41.452 0.0000000000
44887  -9.215  -30.056  40.434 0.0000000000
110813  -9.433  -30.363  39.740 0.0000000000
43122  -9.390  -32.476  38.655 0.0000000000
41291  -9.270  -33.945  39.492 0.0000000000
127782  -14.358  -36.173  43.513 0.0000000000
39224  -13.619  -36.281  43.493 0.0000000000
39199  -13.896  -36.905  45.159 0.0000000000
37146  -13.346  -37.948  44.644 0.0000000000
37145  -12.313  -38.588  44.427 0.0000000000
126023  -21.786  -37.373  43.501 0.0000000000
38190  -21.185  -37.386  44.219 0.0000000000
38207  -20.407  -37.300  41.975 0.0000000000
38216  -19.446  -37.176  40.809 0.0000000000
58898  -17.336  -15.424  32.115 0.0000000000
45024  -23.745  -30.206  27.866 0.0000000000
46831  -23.409  -28.517  26.431 0.0000000000
45924  -22.503  -29.313  28.037 0.0000000000
119438  -21.806  -27.774  27.927 0.0000000000
48637  -21.089  -26.615  29.346 0.0000000000
49516  -19.243  -25.760  34.146 0.0000000000
49531  -19.809  -25.322  32.864 0.0000000000
50406  -18.650  -24.570  33.273 0.0000000000
50405  -17.623  -23.518  33.249 0.0000000000
52139  -17.041  -22.218  32.853 0.0000000000
53903  -16.396  -20.661  33.115 0.0000000000
52959  -16.085  -21.562  34.318 0.0000000000
52958  -15.716  -21.006  34.948 0.0000000000
53856  -15.554  -20.408  36.340 0.0000000000
54925  -15.730  -20.409  37.360 0.0000000000
52931  -15.694  -21.966  37.099 0.0000000000
51243  -15.742  -23.350  38.206 0.0000000000
125001  -15.578  -23.978  38.483 0.0000000000
45798  -15.692  -29.472  40.261 0.0000000000
46680  -14.613  -28.430  39.888 0.0000000000
45788  -15.205  -29.843  40.723 0.0000000000
46669  -14.071  -29.394  41.445 0.0000000000
130949  -13.726  -29.185  41.877 0.0000000000
119694  -13.296  -28.475  42.923 0.0000000000
127734  -13.464  -30.147  42.256 0.0000000000
110345  -12.030  -30.489  41.243 0.0000000000
58943  -50.646  -16.027  28.160 0.0000000000
58031  -49.281  -16.275  26.637 0.0000000000
58941  -48.248  -15.590  28.082 0.0000000000
58013  -45.370  -16.179  27.571 0.0000000000
118421  -4.119  -17.534  33.610 0.0000000000
56016  -4.320  -18.560  32.761 0.0000000000
118754  -4.308  -19.847  32.524 0.0000000000
52968  -5.398  -21.213  32.951 0.0000000000
49520  -3.327  -25.147  33.912 0.0000000000
41237  -6.139  -33.685  44.207 0.0000000000
42161  -5.777  -32.876  44.530 0.0000000000
60411  -11.781  -13.819  46.183 0.0000000000
116011  -11.514  -11.983  44.762 0.0000000000
129862  -11.970  -11.386  45.958 0.0000000000
112781  -12.512  -9.847  46.419 0.0000000000
65194  -12.135  -7.898  47.008 0.0000000000
67650  -11.147  -4.521  52.251 0.0000000000
67654  -11.097  -4.245  51.125 0.0000000000
66841  -5.159  -5.903  48.544 0.0000000000
55799  -5.939  -19.433  52.310 0.0000000000
56750  -4.817  -18.055  53.087 0.0000000000
55794  -4.707  -18.470  52.344 0.0000000000
56754  -4.383  -18.059  51.684 0.0000000000
123425  -4.618  -17.044  51.169 0.0000000000
57800  -4.011  -17.299  46.265 0.0000000000
57801  -5.039  -16.673  46.682 0.0000000000
125739  -5.738  -15.992  46.350 0.0000000000
59592  -7.349  -14.233  46.529 0.0000000000
115324  -7.591  -12.916  46.691 0.0000000000
61905  -7.586  -11.650  46.980 0.0000000000
122115  -7.604  -11.647  45.791 0.0000000000
62676  -7.556  -10.854  44.766 0.0000000000
63508  -7.279  -9.876  43.718 0.0000000000
63507  -6.825  -9.426  43.136 0.0000000000
61958  -5.986  -10.729  42.881 0.0000000000
61957  -5.088  -11.235  42.708 0.0000000000
61228  -3.803  -12.203  42.336 0.0000000000
57865  -1.761  -16.961  38.355 0.0000000000
58844  -1.976  -16.078  37.889 0.0000000000
58852  -2.779  -15.514  37.449 0.0000000000
116803  -3.799  -15.204  37.410 0.0000000000
58853  -4.674  -15.260  36.969 0.0000000000
57884  -3.945  -16.148  35.594 0.0000000000
57901  -4.240  -16.879  34.292 0.0000000000
62041  -8.238  -11.379  37.853 0.0000000000
43168  -35.646  -32.826  37.032 0.0000000000
43159  -36.018  -32.338  37.906 0.0000000000
43160  -36.652  -32.815  38.544 0.0000000000
42221  -36.873  -33.313  38.970 0.0000000000
42193  -36.471  -33.585  40.562 0.0000000000
40275  -36.793  -35.420  39.632 0.0000000000
40268  -36.186  -35.127  40.530 0.0000000000
131421  -34.532  -33.414  40.887 0.0000000000
42204  -33.031  -33.360  39.657 0.0000000000
42233  -32.184  -33.644  37.955 0.0000000000
42240  -31.220  -33.302  36.749 0.0000000000
36189  -27.980  -40.400  41.228 0.0000000000
34128  -27.343  -41.262  41.352 0.0000000000
33119  -28.050  -42.286  40.213 0.0000000000
33147  -26.989  -42.012  38.558 0.0000000000
41329  -30.502  -34.119  35.840 0.0000000000
119798  -31.421  -34.732  36.646 0.0000000000
39291  -31.764  -36.737  36.680 0.0000000000
37242  -30.400  -38.213  36.429 0.0000000000
36235  -32.126  -39.449  37.792 0.0000000000
36234  -31.190  -39.647  37.672 0.0000000000
36233  -30.267  -39.655  37.638 0.0000000000
36219  -28.958  -40.042  38.639 0.0000000000
36207  -28.713  -40.342  39.640 0.0000000000
59028  -49.658  -15.997  17.455 0.0000000000
59015  -51.550  -15.985  18.765 0.0000000000
58168  -50.660  -17.072  18.122 0.0000000000
57127  -51.211  -18.034  19.322 0.0000000000
57126  -51.075  -18.276  19.456 0.0000000000
55189  -50.486  -19.442  19.705 0.0000000000
116123  -50.768  -18.931  19.647 0.0000000000
57124  -48.895  -17.822  19.584 0.0000000000
58146  -46.967  -17.083  19.514 0.0000000000
58130  -46.165  -16.984  20.028 0.0000000000
58129  -44.929  -16.360  20.933 0.0000000000
48511  -9.942  -26.341  44.794 0.0000000000
48518  -8.384  -26.391  44.095 0.0000000000
115572  -8.975  -26.511  45.282 0.0000000000
48494  -7.585  -26.413  46.222 0.0000000000
48475  -5.481  -26.504  47.421 0.0000000000
48463  -7.358  -26.682  48.722 0.0000000000
48462  -6.086  -26.708  48.512 0.0000000000
48461  -4.254  -26.824  47.970 0.0000000000
46623  -2.506  -28.398  48.363 0.0000000000
119638  -1.831  -30.099  48.101 0.0000000000
43909  -2.232  -31.755  47.811 0.0000000000
50324  -17.769  -24.256  44.706 0.0000000000
52043  -18.665  -22.769  45.648 0.0000000000
50319  -18.369  -24.335  45.493 0.0000000000
51180  -19.582  -23.927  47.226 0.0000000000
122938  -20.064  -24.632  49.461 0.0000000000
47551  -18.788  -27.586  48.517 0.0000000000
48459  -19.367  -26.517  49.059 0.0000000000
51173  -19.891  -23.904  50.115 0.0000000000
122764  -18.060  -23.050  49.980 0.0000000000
52033  -17.283  -22.667  49.256 0.0000000000
52847  -16.093  -21.391  49.221 0.0000000000
53761  -15.479  -20.798  48.739 0.0000000000
52852  -16.270  -21.843  47.324 0.0000000000
51181  -15.988  -22.775  46.198 0.0000000000
51184  -15.395  -23.268  45.506 0.0000000000
49429  -14.683  -26.108  46.474 0.0000000000
49436  -14.420  -25.533  45.838 0.0000000000
50317  -14.094  -24.796  45.105 0.0000000000
124281  -13.151  -25.134  44.752 0.0000000000
49446  -11.395  -25.584  44.111 0.0000000000
50463  -44.878  -24.356  28.503 0.0000000000
50451  -46.308  -24.494  29.612 0.0000000000
49601  -43.779  -26.243  28.524 0.0000000000
49595  -45.224  -26.084  29.523 0.0000000000
49585  -46.771  -25.377  30.974 0.0000000000
50420  -46.441  -24.864  31.573 0.0000000000
51282  -45.717  -24.212  31.538 0.0000000000
115314  -44.068  -23.127  30.494 0.0000000000
123905  -35.273  -25.749  32.132 0.0000000000
49554  -36.468  -25.682  31.562 0.0000000000
49574  -35.244  -25.369  30.609 0.0000000000
50457  -34.708  -24.203  28.623 0.0000000000
119063  -34.119  -22.586  27.716 0.0000000000
52184  -32.316  -22.023  27.622 0.0000000000
53025  -32.680  -21.477  27.575 0.0000000000
54010  -33.873  -20.977  27.870 0.0000000000
43151  -13.790  -32.192  37.487 0.0000000000
42211  -12.708  -33.505  37.879 0.0000000000
42213  -14.628  -33.812  37.940 0.0000000000
121079  -14.965  -34.718  39.337 0.0000000000
123494  -15.272  -35.363  41.155 0.0000000000
40265  -17.127  -34.959  40.873 0.0000000000
40253  -16.758  -35.300  41.819 0.0000000000
40236  -15.547  -35.736  42.882 0.0000000000
39214  -14.930  -36.581  45.310 0.0000000000
38146  -15.187  -37.062  46.135 0.0000000000
37156  -15.301  -38.131  44.573 0.0000000000
57036  -19.723  -17.535  27.248 0.0000000000
44956  -22.390  -30.613  34.412 0.0000000000
45868  -22.195  -29.216  32.273 0.0000000000
114217  -22.815  -28.981  34.135 0.0000000000
47647  -22.647  -27.508  34.446 0.0000000000
48568  -22.057  -26.854  34.918 0.0000000000
47602  -22.830  -27.418  37.221 0.0000000000
47619  -21.639  -26.884  36.205 0.0000000000
111258  -20.591  -26.318  34.642 0.0000000000
48565  -19.066  -26.783  35.281 0.0000000000
48564  -18.127  -26.761  35.227 0.0000000000
127327  -16.667  -26.448  35.512 0.0000000000
48552  -16.063  -26.641  36.005 0.0000000000
47614  -16.303  -27.477  36.347 0.0000000000
126493  -16.298  -28.342  37.420 0.0000000000
46699  -16.374  -28.736  38.409 0.0000000000
45801  -18.528  -29.366  40.043 0.0000000000
46682  -17.024  -29.231  39.641 0.0000000000
45799  -16.381  -29.642  40.102 0.0000000000
43955  -16.127  -31.016  39.472 0.0000000000
43975  -15.702  -31.377  38.378 0.0000000000
57936  -44.095  -16.683  32.012 0.0000000000
55993  -1.850  -18.505  35.321 0.0000000000
54996  -1.592  -19.779  33.727 0.0000000000
54973  -1.654  -19.754  34.222 0.0000000000
52956  -1.044  -21.556  33.271 0.0000000000
51260  -0.505  -23.647  32.965 0.0000000000
52957  -2.420  -22.022  34.616 0.0000000000
51257  -0.645  -24.411  33.845 0.0000000000
49519  -2.067  -25.254  33.761 0.0000000000
37131  -8.670  -38.703  46.281 0.0000000000
61900  -13.203  -11.229  49.744 0.0000000000
62662  -12.336  -10.126  48.851 0.0000000000
63483  -11.037  -9.952  49.160 0.0000000000
63487  -9.482  -8.641  49.308 0.0000000000
66829  -8.749  -6.258  50.534 0.0000000000
114662  -8.459  -8.267  51.129 0.0000000000
65992  -8.663  -6.573  51.339 0.0000000000
120496  -9.623  -5.602  52.003 0.0000000000
67642  -11.611  -4.514  53.623 0.0000000000
68464  -8.736  -3.769  53.292 0.0000000000
66811  -4.401  -5.596  53.556 0.0000000000
66810  -3.820  -5.348  53.635 0.0000000000
127260  -3.331  -5.924  52.534 0.0000000000
65179  -3.306  -7.222  51.353 0.0000000000
64335  -3.256  -8.700  50.756 0.0000000000
55845  -7.499  -18.559  46.327 0.0000000000
112700  -5.486  -19.118  47.089 0.0000000000
55844  -6.307  -18.699  46.304 0.0000000000
111557  -5.241  -18.799  46.071 0.0000000000
117480  -4.125  -18.618  45.210 0.0000000000
56815  -6.639  -17.938  43.268 0.0000000000
55889  -4.874  -18.072  43.954 0.0000000000
55858  -3.376  -17.963  45.504 0.0000000000
57810  -3.248  -17.304  45.171 0.0000000000
57821  -3.178  -16.713  44.633 0.0000000000
58795  -3.633  -15.481  43.699 0.0000000000
59617  -3.440  -15.110  42.966 0.0000000000
57842  -2.682  -16.472  42.776 0.0000000000
57850  -2.168  -16.990  41.668 0.0000000000
130529  -1.901  -17.513  39.653 0.0000000000
56854  -3.861  -17.535  39.623 0.0000000000
56853  -2.440  -17.715  39.626 0.0000000000
56862  -2.082  -17.631  38.876 0.0000000000
55945  -2.348  -17.744  37.167 0.0000000000
113413  -1.924  -17.739  36.347 0.0000000000
65228  -4.790  -6.874  40.064 0.0000000000
131586  -4.461  -7.724  40.203 0.0000000000
45864  -39.494  -28.735  32.990 0.0000000000
46760  -40.580  -28.583  34.353 0.0000000000
114174  -38.612  -29.286  35.124 0.0000000000
46743  -40.443  -28.593  35.982 0.0000000000
46744  -41.227  -27.878  35.916 0.0000000000
48557  -41.009  -26.945  36.471 0.0000000000
114593  -38.981  -26.630  36.173 0.0000000000
116621  -36.775  -26.768  34.990 0.0000000000
43983  -36.657  -31.086  38.639 0.0000000000
44919  -37.892  -30.173  40.130 0.0000000000
46693  -37.815  -28.546  40.297 0.0000000000
45806  -35.169  -29.508  40.036 0.0000000000
46692  -36.763  -28.509  39.965 0.0000000000
47591  -37.461  -27.655  39.206 0.0000000000
47606  -37.027  -27.388  38.108 0.0000000000
48569  -35.851  -27.099  35.282 0.0000000000
48600  -35.420  -26.414  33.740 0.0000000000
130781  -34.047  -26.072  33.031 0.0000000000
49551  -33.060  -25.490  31.916 0.0000000000
50417  -32.106  -25.111  31.174 0.0000000000
47666  -31.116  -26.988  32.803 0.0000000000
49548  -30.994  -26.115  31.376 0.0000000000
50440  -30.843  -24.693  29.447 0.0000000000
50454  -29.749  -24.758  28.184 0.0000000000
50466  -28.633  -24.810  27.017 0.0000000000
119012  -27.689  -23.992  26.467 0.0000000000
43094  -23.694  -31.548  44.054 0.0000000000
42171  -22.986  -33.256  43.967 0.0000000000
42164  -23.890  -32.635  45.188 0.0000000000
41228  -24.179  -34.594  46.569 0.0000000000
39193  -23.141  -36.879  45.970 0.0000000000
39195  -25.510  -36.615  45.636 0.0000000000
38155  -23.894  -37.674  44.891 0.0000000000
116856  -23.164  -37.617  43.845 0.0000000000
38209  -22.539  -37.242  42.156 0.0000000000
119616  -26.664  -24.717  26.185 0.0000000000
48670  -27.333  -26.101  26.741 0.0000000000
47741  -26.104  -27.504  26.602 0.0000000000
46822  -25.890  -29.034  27.482 0.0000000000
45909  -27.593  -29.407  29.730 0.0000000000
45017  -25.851  -30.186  28.694 0.0000000000
45016  -24.961  -30.483  28.496 0.0000000000
44070  -23.994  -31.412  29.582 0.0000000000
126743  -23.249  -31.610  30.995 0.0000000000
131511  -23.138  -32.188  32.359 0.0000000000
41338  -29.735  -34.058  35.271 0.0000000000
41349  -28.366  -34.288  34.434 0.0000000000
41348  -27.527  -34.566  34.251 0.0000000000
38290  -27.313  -36.966  35.918 0.0000000000
40333  -26.493  -35.362  34.771 0.0000000000
41361  -26.129  -34.320  33.851 0.0000000000
126279  -24.507  -34.099  34.104 0.0000000000
42263  -23.421  -33.072  33.748 0.0000000000
43184  -22.573  -32.039  34.290 0.0000000000
44009  -22.788  -31.993  35.578 0.0000000000
43992  -23.462  -31.499  37.305 0.0000000000
44927  -24.437  -30.469  38.963 0.0000000000
43125  -24.985  -32.903  39.934 0.0000000000
43962  -25.156  -31.721  40.227 0.0000000000
44915  -24.837  -30.077  39.802 0.0000000000
45786  -25.319  -29.560  41.567 0.0000000000
44863  -24.757  -29.720  43.306 0.0000000000
64602  -52.050  -8.725  20.400 0.0000000000
64587  -53.342  -8.275  22.398 0.0000000000
63814  -53.153  -9.607  22.572 0.0000000000
63807  -53.366  -10.065  23.807 0.0000000000
62933  -52.370  -10.376  23.913 0.0000000000
62161  -53.164  -12.394  22.086 0.0000000000
62948  -51.711  -10.795  23.000 0.0000000000
109261  -50.068  -10.030  24.012 0.0000000000
62932  -48.163  -10.343  23.584 0.0000000000
58995  -52.197  -15.546  20.085 0.0000000000
59808  -51.658  -15.228  20.300 0.0000000000
60605  -50.577  -13.502  20.435 0.0000000000
59806  -49.189  -14.568  19.267 0.0000000000
60618  -48.958  -13.175  19.356 0.0000000000
62188  -49.004  -11.960  19.991 0.0000000000
64642  -49.740  -8.636  17.456 0.0000000000
52930  -8.618  -21.176  37.470 0.0000000000
52110  -6.707  -22.346  37.403 0.0000000000
52097  -7.058  -22.821  38.167 0.0000000000
51226  -5.929  -23.709  39.058 0.0000000000
131083  -4.671  -24.194  39.624 0.0000000000
50359  -6.927  -24.801  40.379 0.0000000000
50357  -4.042  -24.426  40.820 0.0000000000
50356  -2.946  -24.442  40.558 0.0000000000
48530  -2.276  -25.500  41.052 0.0000000000
49443  -6.852  -26.265  43.816 0.0000000000
49454  -5.108  -25.768  43.667 0.0000000000
130214  -3.594  -25.556  43.706 0.0000000000
47566  -2.673  -26.787  44.824 0.0000000000
48516  -2.825  -26.409  43.969 0.0000000000
127414  -2.825  -26.725  43.630 0.0000000000
58839  -15.069  -15.265  39.949 0.0000000000
110416  -13.557  -14.327  39.795 0.0000000000
58829  -13.861  -15.267  41.166 0.0000000000
58809  -13.276  -15.500  42.591 0.0000000000
58787  -12.923  -15.816  43.976 0.0000000000
57824  -15.182  -16.954  43.801 0.0000000000
125598  -13.948  -16.468  44.553 0.0000000000
58777  -12.370  -15.551  45.488 0.0000000000
120802  -12.345  -14.934  47.042 0.0000000000
59585  -12.626  -14.184  47.909 0.0000000000
60393  -13.300  -13.277  48.809 0.0000000000
110303  -18.606  -21.133  46.111 0.0000000000
54843  -18.020  -19.464  47.307 0.0000000000
55821  -17.066  -18.446  48.033 0.0000000000
55813  -17.734  -18.909  50.085 0.0000000000
56772  -16.621  -17.706  50.184 0.0000000000
56776  -15.764  -17.453  49.029 0.0000000000
57782  -15.186  -15.697  50.444 0.0000000000
59575  -14.931  -13.320  50.712 0.0000000000
60391  -14.353  -12.503  50.453 0.0000000000
61151  -13.159  -11.949  50.537 0.0000000000
60386  -12.135  -12.727  50.551 0.0000000000
60385  -10.828  -13.263  50.423 0.0000000000
58744  -12.633  -15.031  51.292 0.0000000000
117241  -10.959  -14.820  50.512 0.0000000000
60384  -10.053  -13.570  50.513 0.0000000000
60378  -8.677  -13.487  51.315 0.0000000000
60374  -8.179  -13.562  52.170 0.0000000000
60373  -7.766  -13.618  53.097 0.0000000000
60371  -7.443  -13.644  53.959 0.0000000000
119279  -7.428  -15.046  52.862 0.0000000000
128730  -7.304  -16.527  52.794 0.0000000000
56752  -7.181  -17.704  52.874 0.0000000000
55801  -9.188  -19.068  52.206 0.0000000000
54796  -8.477  -19.653  52.492 0.0000000000
55796  -6.986  -19.024  52.820 0.0000000000
117345  -7.233  -20.237  51.518 0.0000000000
54819  -7.871  -19.993  49.738 0.0000000000
54830  -7.798  -19.453  48.744 0.0000000000
54836  -14.158  -20.198  49.058 0.0000000000
54835  -13.470  -19.715  48.672 0.0000000000
112406  -12.779  -19.347  48.334 0.0000000000
54859  -14.465  -19.931  45.716 0.0000000000
123684  -12.597  -18.781  46.545 0.0000000000
55820  -10.974  -19.097  48.212 0.0000000000
119647  -10.504  -18.776  47.634 0.0000000000
55830  -9.126  -18.734  47.429 0.0000000000
55829  -8.383  -18.695  47.217 0.0000000000
110254  -8.954  -18.451  45.892 0.0000000000
109763  -9.042  -18.302  44.049 0.0000000000
55893  -9.495  -18.314  43.215 0.0000000000
54878  -11.684  -19.179  42.194 0.0000000000
124749  -11.218  -19.031  41.624 0.0000000000
55914  -9.703  -18.390  41.278 0.0000000000
55928  -10.200  -18.991  39.569 0.0000000000
53824  -9.729  -20.375  38.045 0.0000000000
115009  -47.616  -20.814  22.815 0.0000000000
54051  -47.530  -20.420  23.863 0.0000000000
55154  -48.074  -19.598  25.092 0.0000000000
56096  -50.179  -18.662  26.437 0.0000000000
111009  -47.406  -18.329  27.154 0.0000000000
56083  -49.874  -18.152  27.394 0.0000000000
57052  -50.496  -17.548  27.962 0.0000000000
58926  -50.354  -15.851  29.600 0.0000000000
58914  -49.088  -15.427  30.515 0.0000000000
113337  -47.436  -15.823  31.169 0.0000000000
116962  -45.164  -21.962  28.820 0.0000000000
53981  -46.790  -20.528  30.124 0.0000000000
53963  -47.582  -20.521  30.778 0.0000000000
121354  -48.197  -21.982  31.804 0.0000000000
53945  -48.604  -20.579  31.996 0.0000000000
128147  -48.809  -18.703  31.568 0.0000000000
56968  -48.810  -17.172  32.011 0.0000000000
57940  -47.590  -16.525  32.488 0.0000000000
57938  -45.790  -16.455  32.984 0.0000000000
56964  -44.138  -16.901  33.652 0.0000000000
56933  -43.189  -17.250  34.967 0.0000000000
56920  -42.320  -17.569  35.828 0.0000000000
54971  -44.015  -18.973  36.508 0.0000000000
55991  -43.067  -18.717  37.115 0.0000000000
46789  -41.128  -28.300  31.058 0.0000000000
46790  -42.261  -28.366  31.266 0.0000000000
47675  -43.970  -28.117  32.238 0.0000000000
48619  -42.169  -26.469  33.543 0.0000000000
48620  -42.804  -26.484  33.006 0.0000000000
49561  -43.761  -26.380  31.964 0.0000000000
50432  -43.396  -24.799  30.627 0.0000000000
51288  -43.696  -24.003  30.400 0.0000000000
53000  -42.981  -21.918  29.792 0.0000000000
49575  -36.656  -25.495  30.701 0.0000000000
49592  -37.747  -25.071  29.625 0.0000000000
50447  -38.841  -24.353  28.836 0.0000000000
52173  -37.543  -21.946  28.204 0.0000000000
126650  -38.689  -22.499  28.317 0.0000000000
116885  -40.233  -23.143  28.608 0.0000000000
51312  -40.940  -22.648  28.754 0.0000000000
52998  -41.220  -21.182  29.378 0.0000000000
53979  -41.930  -20.798  29.842 0.0000000000
53938  -41.121  -20.279  31.223 0.0000000000
45746  -10.364  -29.665  45.709 0.0000000000
45744  -8.924  -28.988  45.490 0.0000000000
131988  -9.254  -29.084  44.856 0.0000000000
45761  -7.297  -29.055  43.240 0.0000000000
44858  -6.276  -30.502  42.601 0.0000000000
44885  -7.557  -30.622  40.642 0.0000000000
43932  -6.358  -31.552  41.606 0.0000000000
42175  -5.809  -32.452  42.757 0.0000000000
41253  -6.627  -34.527  42.791 0.0000000000
40218  -7.355  -36.002  43.476 0.0000000000
38161  -7.940  -37.192  45.156 0.0000000000
41310  -12.201  -34.007  38.492 0.0000000000
41275  -11.443  -34.919  39.844 0.0000000000
128716  -10.481  -35.381  40.775 0.0000000000
40234  -12.248  -36.189  42.293 0.0000000000
40232  -10.433  -36.299  42.008 0.0000000000
40231  -9.476  -36.211  41.996 0.0000000000
39219  -9.081  -36.691  42.673 0.0000000000
38162  -9.140  -38.298  44.772 0.0000000000
37141  -8.919  -38.537  45.812 0.0000000000
35138  -9.562  -39.804  46.097 0.0000000000
110370  -21.466  -34.506  44.245 0.0000000000
41239  -20.556  -35.168  45.031 0.0000000000
40211  -19.218  -35.852  45.503 0.0000000000
117124  -20.360  -37.376  44.860 0.0000000000
38173  -18.745  -37.209  45.131 0.0000000000
38150  -18.459  -36.782  45.338 0.0000000000
38171  -16.864  -37.538  45.183 0.0000000000
123386  -16.179  -38.076  44.093 0.0000000000
37163  -15.139  -38.400  43.517 0.0000000000
61295  -15.131  -12.234  35.998 0.0000000000
60507  -15.168  -13.149  36.680 0.0000000000
59684  -15.808  -14.374  37.761 0.0000000000
51339  -25.440  -24.062  25.894 0.0000000000
117789  -23.859  -23.612  25.559 0.0000000000
52206  -22.750  -22.610  25.569 0.0000000000
48682  -22.351  -26.162  25.660 0.0000000000
51335  -21.734  -24.163  25.674 0.0000000000
53058  -21.570  -21.922  25.868 0.0000000000
54022  -20.699  -20.377  26.469 0.0000000000
55117  -19.677  -19.464  27.197 0.0000000000
119151  -18.734  -18.836  28.100 0.0000000000
47672  -21.925  -28.250  31.432 0.0000000000
48630  -21.222  -26.740  30.309 0.0000000000
50424  -20.146  -25.272  29.991 0.0000000000
128027  -19.545  -24.730  31.737 0.0000000000
118461  -19.390  -23.882  30.218 0.0000000000
50437  -19.628  -24.050  29.248 0.0000000000
52994  -19.085  -21.856  29.015 0.0000000000
55089  -18.311  -19.834  29.096 0.0000000000
56056  -17.897  -18.224  29.106 0.0000000000
56988  -17.179  -17.360  30.185 0.0000000000
57945  -16.662  -16.826  32.021 0.0000000000
57922  -16.812  -16.188  33.535 0.0000000000
56008  -15.957  -18.986  33.833 0.0000000000
56926  -16.251  -17.643  33.890 0.0000000000
123239  -16.993  -16.196  35.278 0.0000000000
57887  -17.275  -15.673  36.035 0.0000000000
58855  -17.032  -15.486  37.225 0.0000000000
58846  -16.084  -15.089  38.989 0.0000000000
126971  -16.550  -16.440  39.784 0.0000000000
56859  -16.665  -17.052  39.972 0.0000000000
55922  -16.668  -18.043  40.893 0.0000000000
53825  -16.249  -20.534  38.780 0.0000000000
127709  -16.585  -19.668  40.581 0.0000000000
54884  -16.727  -19.575  41.425 0.0000000000
52881  -17.126  -21.082  41.973 0.0000000000
117941  -17.455  -21.923  42.531 0.0000000000
51193  -17.153  -23.398  42.942 0.0000000000
49500  -15.417  -25.543  36.854 0.0000000000
49498  -15.248  -25.235  37.728 0.0000000000
49493  -14.947  -25.072  39.557 0.0000000000
47582  -14.099  -27.335  39.406 0.0000000000
49492  -14.383  -25.719  40.001 0.0000000000
50364  -15.442  -24.256  40.034 0.0000000000
50350  -15.538  -24.377  41.042 0.0000000000
50339  -16.503  -24.049  42.473 0.0000000000
50330  -16.822  -24.209  43.309 0.0000000000
49449  -16.634  -25.268  44.280 0.0000000000
48514  -15.585  -26.582  44.688 0.0000000000
47564  -15.174  -27.890  45.646 0.0000000000
46659  -13.409  -28.902  43.661 0.0000000000
46660  -13.837  -28.389  44.755 0.0000000000
45748  -14.021  -29.293  46.099 0.0000000000
44838  -13.084  -30.205  45.820 0.0000000000
113209  -11.943  -30.534  46.492 0.0000000000
54086  -48.287  -20.769  22.832 0.0000000000
54088  -49.261  -20.067  23.091 0.0000000000
56118  -48.681  -18.918  22.951 0.0000000000
57097  -48.724  -17.106  25.239 0.0000000000
57096  -47.862  -17.214  24.460 0.0000000000
109254  -47.057  -17.506  23.007 0.0000000000
57112  -46.306  -17.182  22.473 0.0000000000
58098  -44.582  -16.519  22.244 0.0000000000
121046  -1.921  -21.093  32.561 0.0000000000
120512  -3.738  -22.280  32.904 0.0000000000
51245  -5.208  -23.250  37.667 0.0000000000
50379  -3.064  -24.329  37.230 0.0000000000
46650  -7.179  -28.637  45.664 0.0000000000
46641  -6.257  -28.639  46.286 0.0000000000
45734  -4.593  -29.614  46.738 0.0000000000
124747  -5.101  -32.038  46.266 0.0000000000
43910  -4.435  -31.280  47.590 0.0000000000
44824  -3.896  -30.130  48.514 0.0000000000
43905  -3.388  -31.485  48.929 0.0000000000
42147  -3.249  -33.168  47.904 0.0000000000
125633  -2.962  -33.260  46.859 0.0000000000
60480  -12.559  -13.265  40.108 0.0000000000
61979  -12.076  -11.325  41.069 0.0000000000
110866  -11.609  -10.833  43.678 0.0000000000
64343  -11.236  -8.873  48.291 0.0000000000
65192  -10.601  -7.051  47.527 0.0000000000
66012  -10.970  -5.684  47.073 0.0000000000
67670  -11.046  -4.071  49.166 0.0000000000
67676  -11.228  -4.089  48.204 0.0000000000
118725  -6.418  -13.110  54.742 0.0000000000
60364  -5.317  -13.142  54.728 0.0000000000
61136  -4.006  -12.293  53.859 0.0000000000
59553  -4.136  -15.218  53.999 0.0000000000
60369  -3.979  -14.125  53.679 0.0000000000
61883  -3.686  -11.660  53.450 0.0000000000
62646  -3.269  -10.973  52.068 0.0000000000
62649  -3.353  -10.444  51.327 0.0000000000
63478  -3.697  -9.651  49.991 0.0000000000
55815  -4.134  -19.128  48.421 0.0000000000
56770  -4.578  -17.898  49.596 0.0000000000
57774  -5.359  -16.060  50.433 0.0000000000
57784  -6.158  -16.269  48.677 0.0000000000
58746  -6.150  -15.350  49.800 0.0000000000
59567  -5.821  -14.665  50.181 0.0000000000
61146  -5.349  -12.650  50.491 0.0000000000
61897  -4.987  -10.949  49.969 0.0000000000
63481  -4.137  -9.296  49.380 0.0000000000
118536  -4.160  -8.017  48.613 0.0000000000
65188  -4.794  -7.494  48.079 0.0000000000
65189  -5.457  -7.226  47.544 0.0000000000
124292  -7.346  -9.654  46.755 0.0000000000
109165  -6.578  -8.173  46.839 0.0000000000
66850  -6.090  -5.839  47.254 0.0000000000
118790  -6.546  -5.441  46.838 0.0000000000
66875  -6.568  -5.291  43.722 0.0000000000
66040  -4.735  -5.202  42.344 0.0000000000
65212  -6.023  -8.076  42.659 0.0000000000
111325  -4.954  -7.557  42.404 0.0000000000
66039  -3.667  -5.514  42.117 0.0000000000
66053  -2.743  -6.482  41.430 0.0000000000
64381  -2.569  -8.015  40.992 0.0000000000
115339  -3.758  -9.082  40.419 0.0000000000
59632  -3.769  -14.232  42.655 0.0000000000
112382  -3.503  -13.189  41.647 0.0000000000
61237  -3.211  -12.154  41.563 0.0000000000
59662  -3.260  -14.509  39.521 0.0000000000
61263  -3.541  -13.034  40.343 0.0000000000
61250  -3.248  -12.282  40.791 0.0000000000
61996  -3.327  -11.669  40.565 0.0000000000
62731  -4.081  -10.966  40.248 0.0000000000
62750  -5.272  -10.605  39.772 0.0000000000
61265  -6.394  -11.975  39.065 0.0000000000
61277  -7.217  -12.742  38.156 0.0000000000
58861  -5.753  -15.185  36.639 0.0000000000
111065  -10.042  -29.675  48.058 0.0000000000
45728  -9.409  -29.264  48.898 0.0000000000
45737  -9.508  -29.433  47.403 0.0000000000
44829  -11.298  -30.329  47.264 0.0000000000
119819  -11.676  -30.276  48.520 0.0000000000
45730  -10.964  -29.835  49.028 0.0000000000
51329  -27.454  -23.310  26.460 0.0000000000
52200  -27.973  -22.559  26.501 0.0000000000
116070  -27.029  -21.861  26.779 0.0000000000
122738  -26.378  -22.381  26.712 0.0000000000
113506  -21.897  -33.166  41.877 0.0000000000
118168  -26.521  -23.232  26.402 0.0000000000
43927  -23.078  -30.563  42.912 0.0000000000
44878  -22.450  -30.368  42.168 0.0000000000
43934  -22.498  -31.353  42.401 0.0000000000
65471  -53.019  -7.342  19.701 0.0000000000
65446  -53.840  -6.656  21.012 0.0000000000
65445  -53.545  -7.209  20.574 0.0000000000
65470  -52.151  -7.730  19.110 0.0000000000
52945  -7.152  -21.000  36.683 0.0000000000
52928  -7.089  -21.749  37.058 0.0000000000
60494  -14.963  -14.121  37.978 0.0000000000
60493  -14.206  -13.696  38.263 0.0000000000
60482  -13.851  -14.004  39.011 0.0000000000
61885  -8.047  -11.423  54.073 0.0000000000
62641  -7.905  -11.144  54.979 0.0000000000
120391  -7.096  -11.128  55.270 0.0000000000
53838  -8.617  -20.424  37.398 0.0000000000
54923  -8.478  -19.680  37.418 0.0000000000
128564  -8.109  -20.104  37.112 0.0000000000
54922  -7.794  -19.507  37.082 0.0000000000
44945  -35.376  -30.636  36.777 0.0000000000
113071  -35.228  -31.200  37.106 0.0000000000
43166  -31.331  -32.430  36.932 0.0000000000
44002  -31.512  -31.604  37.113 0.0000000000
128208  -30.971  -31.749  36.297 0.0000000000
44011  -30.452  -31.279  35.556 0.0000000000
43167  -34.931  -32.382  36.361 0.0000000000
44013  -34.331  -31.932  35.710 0.0000000000
44953  -34.407  -31.099  35.793 0.0000000000
122430  -27.395  -39.283  42.534 0.0000000000
44010  -29.846  -31.474  34.954 0.0000000000
43176  -30.213  -32.266  35.542 0.0000000000
36196  -27.829  -39.640  41.261 0.0000000000
123564  -27.742  -38.890  40.898 0.0000000000
37192  -27.637  -38.789  41.574 0.0000000000
38211  -27.536  -37.814  41.818 0.0000000000
59844  -50.821  -15.145  18.099 0.0000000000
59040  -49.208  -14.986  17.178 0.0000000000
132212  -49.572  -14.600  17.345 0.0000000000
114516  -50.055  -14.249  17.576 0.0000000000
49471  -10.604  -25.482  42.733 0.0000000000
109983  -9.352  -26.195  43.213 0.0000000000
43912  -2.161  -32.028  46.616 0.0000000000
43082  -2.101  -32.273  45.498 0.0000000000
129921  -17.778  -22.466  43.704 0.0000000000
52869  -17.937  -21.971  44.121 0.0000000000
53750  -15.176  -21.428  51.569 0.0000000000
53749  -14.092  -21.525  51.647 0.0000000000
53739  -13.670  -21.358  52.161 0.0000000000
53757  -14.187  -20.971  50.252 0.0000000000
49458  -10.948  -25.589  43.398 0.0000000000
50326  -11.865  -24.785  43.191 0.0000000000
49472  -11.290  -25.141  42.922 0.0000000000
52158  -44.227  -22.197  30.611 0.0000000000
52989  -44.245  -21.248  30.764 0.0000000000
53961  -43.473  -20.707  30.635 0.0000000000
48602  -37.208  -26.320  33.427 0.0000000000
48618  -37.872  -26.097  32.877 0.0000000000
128123  -37.153  -26.137  32.850 0.0000000000
43971  -11.762  -31.097  37.991 0.0000000000
43149  -12.011  -31.853  37.644 0.0000000000
111985  -18.414  -16.012  28.540 0.0000000000
57976  -17.955  -16.676  28.875 0.0000000000
44970  -22.290  -30.819  32.010 0.0000000000
111858  -22.119  -30.098  31.855 0.0000000000
49513  -16.759  -25.139  35.007 0.0000000000
50388  -16.457  -24.273  35.192 0.0000000000
50385  -15.936  -24.146  35.941 0.0000000000
43973  -13.539  -30.933  38.598 0.0000000000
43972  -12.638  -30.931  38.160 0.0000000000
57968  -46.346  -16.095  31.100 0.0000000000
115952  -45.668  -16.167  30.204 0.0000000000
56924  -2.030  -17.776  34.666 0.0000000000
56005  -2.093  -18.771  33.615 0.0000000000
38144  -7.990  -37.354  46.431 0.0000000000
61159  -13.474  -12.181  48.719 0.0000000000
61904  -13.347  -10.933  48.478 0.0000000000
65183  -3.254  -7.510  50.004 0.0000000000
66832  -3.356  -6.169  50.521 0.0000000000
65996  -3.386  -6.861  49.836 0.0000000000
65184  -3.542  -7.613  49.276 0.0000000000
55827  -6.018  -19.259  48.024 0.0000000000
59610  -4.491  -15.002  44.119 0.0000000000
59611  -5.440  -14.544  44.467 0.0000000000
60427  -5.944  -13.677  44.158 0.0000000000
60438  -5.231  -13.308  43.441 0.0000000000
56904  -1.914  -17.644  35.325 0.0000000000
115382  -2.700  -17.427  34.350 0.0000000000
121271  -6.340  -9.327  39.373 0.0000000000
63557  -6.723  -9.902  39.216 0.0000000000
63556  -5.896  -9.866  39.574 0.0000000000
41332  -37.464  -35.232  36.429 0.0000000000
40288  -37.502  -35.269  37.090 0.0000000000
38254  -34.198  -37.903  39.841 0.0000000000
39241  -34.436  -36.616  40.272 0.0000000000
39256  -33.939  -37.127  39.750 0.0000000000
39255  -33.419  -36.788  38.953 0.0000000000
33134  -30.239  -43.016  39.636 0.0000000000
32191  -29.788  -43.202  39.464 0.0000000000
38269  -32.974  -37.276  38.249 0.0000000000
33135  -31.129  -43.197  39.340 0.0000000000
131132  -31.217  -41.864  39.483 0.0000000000
120378  -30.781  -42.497  39.641 0.0000000000
34148  -29.961  -42.282  39.802 0.0000000000
56151  -49.057  -18.496  17.902 0.0000000000
55213  -48.555  -19.160  18.261 0.0000000000
56125  -48.920  -19.790  21.507 0.0000000000
56129  -49.074  -19.566  20.701 0.0000000000
56124  -48.150  -18.920  21.102 0.0000000000
56123  -47.212  -18.241  20.839 0.0000000000
57116  -47.390  -18.329  21.655 0.0000000000
131263  -9.174  -26.745  46.795 0.0000000000
47553  -9.450  -27.057  47.491 0.0000000000
46625  -5.117  -28.380  48.613 0.0000000000
46609  -5.299  -27.620  49.120 0.0000000000
45716  -3.655  -28.552  49.017 0.0000000000
126022  -3.641  -29.333  48.890 0.0000000000
47560  -16.635  -27.597  46.319 0.0000000000
48486  -17.489  -27.228  46.528 0.0000000000
48467  -16.102  -27.194  48.193 0.0000000000
48468  -17.186  -26.950  48.876 0.0000000000
49425  -17.013  -25.637  48.137 0.0000000000
123844  -11.232  -26.922  46.358 0.0000000000
47688  -44.362  -27.973  31.707 0.0000000000
47677  -44.676  -27.518  31.644 0.0000000000
49562  -45.095  -26.430  31.590 0.0000000000
48625  -44.474  -27.155  31.931 0.0000000000
50442  -32.264  -24.382  29.924 0.0000000000
51293  -31.935  -23.894  29.299 0.0000000000
55109  -29.630  -19.258  28.362 0.0000000000
55110  -30.554  -19.347  28.429 0.0000000000
56071  -30.026  -18.772  29.003 0.0000000000
56060  -29.434  -18.539  29.714 0.0000000000
56047  -28.768  -18.563  30.395 0.0000000000
42216  -17.409  -33.266  38.204 0.0000000000
41315  -17.030  -33.883  38.644 0.0000000000
42198  -17.909  -33.733  38.719 0.0000000000
40222  -18.358  -35.633  44.337 0.0000000000
40238  -18.170  -35.374  43.298 0.0000000000
112779  -17.946  -36.092  44.842 0.0000000000
40210  -17.229  -36.398  44.930 0.0000000000
39188  -17.904  -36.603  45.285 0.0000000000
124672  -24.101  -29.480  37.595 0.0000000000
45821  -24.044  -28.782  37.223 0.0000000000
46702  -19.850  -28.435  38.366 0.0000000000
46717  -19.671  -28.214  37.567 0.0000000000
46716  -18.821  -28.566  37.794 0.0000000000
123953  -19.175  -28.663  38.635 0.0000000000
43136  -18.858  -32.570  38.591 0.0000000000
126932  -17.607  -32.639  38.038 0.0000000000
67111  -54.700  -5.280  17.748 0.0000000000
67119  -54.853  -5.142  16.824 0.0000000000
67978  -54.741  -4.380  16.310 0.0000000000
54953  -3.966  -19.772  35.597 0.0000000000
50387  -1.621  -24.654  35.609 0.0000000000
61894  -9.718  -10.928  50.257 0.0000000000
65977  -10.068  -6.767  55.252 0.0000000000
65978  -10.365  -6.030  55.537 0.0000000000
66806  -10.592  -5.302  55.792 0.0000000000
126705  -9.942  -4.946  55.847 0.0000000000
68455  -10.094  -4.111  55.648 0.0000000000
66813  -6.668  -5.663  53.337 0.0000000000
67647  -6.727  -4.339  52.487 0.0000000000
67646  -5.667  -4.329  52.758 0.0000000000
63469  -3.977  -9.391  53.681 0.0000000000
62647  -3.540  -10.257  52.988 0.0000000000
55892  -8.542  -18.176  43.343 0.0000000000
127129  -5.172  -17.559  41.690 0.0000000000
56835  -3.966  -17.515  41.507 0.0000000000
55947  -4.441  -18.142  37.108 0.0000000000
110060  -6.068  -4.688  42.357 0.0000000000
66900  -4.481  -4.873  41.543 0.0000000000
122321  -4.297  -4.663  42.008 0.0000000000
45819  -39.753  -28.429  38.907 0.0000000000
131767  -39.421  -27.999  39.391 0.0000000000
120062  -39.941  -27.163  38.815 0.0000000000
47593  -39.270  -27.476  39.292 0.0000000000
43116  -35.896  -32.681  41.197 0.0000000000
43948  -35.928  -31.828  41.247 0.0000000000
43947  -35.039  -31.412  41.172 0.0000000000
46734  -33.454  -28.542  36.643 0.0000000000
46722  -33.784  -28.799  37.441 0.0000000000
47622  -33.907  -28.062  36.175 0.0000000000
47639  -33.587  -27.745  35.468 0.0000000000
47650  -33.329  -27.459  34.863 0.0000000000
47638  -32.887  -27.842  35.189 0.0000000000
46783  -29.341  -27.659  31.016 0.0000000000
47682  -29.083  -27.574  30.405 0.0000000000
48638  -29.066  -26.731  29.345 0.0000000000
47694  -28.775  -27.407  29.631 0.0000000000
42166  -26.285  -32.478  45.498 0.0000000000
41243  -27.490  -33.915  45.174 0.0000000000
37169  -24.677  -39.010  42.536 0.0000000000
47693  -28.145  -27.964  29.073 0.0000000000
123820  -26.580  -32.573  32.483 0.0000000000
112625  -25.786  -32.585  32.171 0.0000000000
42279  -25.748  -33.091  32.658 0.0000000000
38279  -29.610  -37.671  36.045 0.0000000000
38293  -29.708  -37.014  35.732 0.0000000000
40278  -25.252  -35.597  38.296 0.0000000000
40285  -25.223  -35.638  37.366 0.0000000000
40284  -24.670  -35.030  37.528 0.0000000000
41322  -24.322  -34.345  37.931 0.0000000000
41316  -24.547  -34.308  38.721 0.0000000000
116196  -27.395  -33.563  43.473 0.0000000000
42176  -27.135  -33.002  42.928 0.0000000000
42173  -27.199  -32.693  43.904 0.0000000000
43096  -26.767  -31.743  43.844 0.0000000000
62190  -52.069  -11.864  20.003 0.0000000000
61393  -51.112  -13.095  21.071 0.0000000000
62171  -49.507  -11.596  20.701 0.0000000000
58993  -49.732  -16.001  19.489 0.0000000000
62214  -50.508  -11.659  18.547 0.0000000000
62213  -49.786  -10.850  18.187 0.0000000000
114803  -9.154  -23.536  39.097 0.0000000000
50373  -8.526  -24.269  39.601 0.0000000000
49464  -2.960  -24.990  42.475 0.0000000000
124965  -2.583  -25.071  42.071 0.0000000000
49463  -2.800  -25.502  42.685 0.0000000000
48506  -5.206  -26.291  45.547 0.0000000000
48491  -3.949  -26.444  46.220 0.0000000000
56840  -16.480  -17.595  41.974 0.0000000000
121071  -15.748  -17.754  46.983 0.0000000000
56792  -15.043  -17.351  47.074 0.0000000000
57795  -14.395  -16.921  47.648 0.0000000000
56782  -15.010  -17.159  48.260 0.0000000000
52853  -19.306  -21.444  48.901 0.0000000000
52849  -19.259  -21.572  49.932 0.0000000000
56760  -16.108  -16.079  52.452 0.0000000000
57773  -16.780  -15.799  52.187 0.0000000000
57772  -16.408  -15.068  52.211 0.0000000000
111170  -15.951  -14.226  52.192 0.0000000000
123132  -15.477  -14.298  52.397 0.0000000000
57770  -14.515  -15.288  52.272 0.0000000000
124848  -10.348  -16.487  50.960 0.0000000000
57769  -9.760  -17.047  51.322 0.0000000000
110949  -11.021  -20.185  49.794 0.0000000000
54813  -9.777  -20.986  51.441 0.0000000000
54822  -10.260  -20.505  50.319 0.0000000000
52042  -15.580  -22.276  45.665 0.0000000000
52044  -15.159  -21.790  45.132 0.0000000000
54873  -12.746  -19.479  43.458 0.0000000000
54865  -12.808  -19.200  44.303 0.0000000000
55865  -11.615  -18.500  45.397 0.0000000000
55907  -11.928  -19.017  43.109 0.0000000000
125711  -10.782  -23.496  39.940 0.0000000000
52086  -11.333  -22.125  39.583 0.0000000000
51229  -10.741  -22.921  39.394 0.0000000000
52085  -10.583  -22.174  38.791 0.0000000000
56064  -47.783  -18.350  29.643 0.0000000000
131069  -48.887  -18.056  30.658 0.0000000000
116900  -47.411  -23.619  30.608 0.0000000000
55047  -46.090  -19.233  33.334 0.0000000000
122502  -47.079  -19.309  33.037 0.0000000000
55020  -46.680  -18.278  33.805 0.0000000000
56014  -45.948  -17.973  34.779 0.0000000000
56013  -45.454  -18.472  35.078 0.0000000000
53892  -41.537  -20.212  36.350 0.0000000000
46761  -41.410  -28.183  34.105 0.0000000000
117703  -41.566  -28.261  33.468 0.0000000000
49578  -40.063  -25.439  30.802 0.0000000000
49579  -40.999  -25.424  30.920 0.0000000000
50449  -40.750  -24.375  29.463 0.0000000000
51320  -35.466  -23.016  27.754 0.0000000000
51307  -35.931  -23.621  28.079 0.0000000000
52187  -35.832  -22.469  27.691 0.0000000000
44859  -10.912  -29.858  43.421 0.0000000000
116100  -9.951  -29.456  42.919 0.0000000000
131503  -9.496  -29.382  42.349 0.0000000000
125336  -8.519  -34.424  40.435 0.0000000000
110676  -7.781  -34.193  40.671 0.0000000000
41262  -8.264  -34.901  41.077 0.0000000000
40244  -7.968  -35.379  41.719 0.0000000000
40245  -8.884  -35.537  41.508 0.0000000000
40250  -13.586  -35.645  41.483 0.0000000000
40262  -13.140  -35.422  40.584 0.0000000000
37144  -11.692  -38.691  44.591 0.0000000000
38165  -11.642  -38.169  44.416 0.0000000000
37143  -10.823  -38.770  44.802 0.0000000000
36160  -10.956  -39.389  44.921 0.0000000000
39192  -22.184  -37.137  46.028 0.0000000000
39191  -21.548  -36.881  46.143 0.0000000000
37189  -17.988  -37.653  41.800 0.0000000000
37177  -17.310  -37.884  42.304 0.0000000000
59711  -17.786  -14.820  33.761 0.0000000000
60522  -18.205  -13.628  34.078 0.0000000000
59705  -17.999  -14.306  34.400 0.0000000000
115935  -24.674  -28.413  26.333 0.0000000000
48684  -24.382  -26.845  25.520 0.0000000000
131333  -24.031  -28.395  26.116 0.0000000000
49598  -20.664  -25.511  27.899 0.0000000000
49605  -20.843  -25.407  27.142 0.0000000000
111379  -20.441  -24.822  27.753 0.0000000000
51316  -20.056  -23.253  27.434 0.0000000000
50453  -19.884  -23.801  28.202 0.0000000000
48596  -20.892  -26.249  33.011 0.0000000000
52149  -17.542  -22.272  32.089 0.0000000000
52150  -18.137  -22.652  31.512 0.0000000000
52982  -17.583  -21.175  31.253 0.0000000000
53918  -17.045  -20.913  31.911 0.0000000000
53917  -16.666  -20.502  32.423 0.0000000000
55975  -15.754  -19.074  36.261 0.0000000000
55952  -16.329  -18.090  37.189 0.0000000000
54944  -15.973  -18.873  36.959 0.0000000000
126256  -16.265  -18.661  37.769 0.0000000000
54926  -15.986  -19.471  37.559 0.0000000000
51232  -16.159  -23.050  39.576 0.0000000000
52088  -16.376  -22.386  39.774 0.0000000000
51218  -16.364  -23.007  40.369 0.0000000000
46698  -15.450  -28.479  38.693 0.0000000000
47587  -15.066  -27.864  38.192 0.0000000000
46697  -14.785  -28.184  38.985 0.0000000000
48528  -13.424  -26.899  41.814 0.0000000000
48525  -13.967  -26.245  42.188 0.0000000000
48520  -13.617  -26.927  42.759 0.0000000000
47571  -13.364  -27.659  43.054 0.0000000000
63786  -51.450  -9.174  25.467 0.0000000000
63774  -51.282  -8.535  26.176 0.0000000000
56097  -50.545  -18.476  26.250 0.0000000000
56110  -50.333  -18.836  25.571 0.0000000000
57067  -50.737  -17.694  26.484 0.0000000000
58067  -44.690  -16.505  24.338 0.0000000000
56938  -5.924  -17.074  32.932 0.0000000000
51262  -2.274  -23.896  32.922 0.0000000000
129176  -2.500  -23.286  32.717 0.0000000000
50376  -2.613  -24.553  38.692 0.0000000000
44847  -5.700  -30.810  43.199 0.0000000000
43918  -5.377  -31.390  43.726 0.0000000000
41222  -5.475  -34.543  47.976 0.0000000000
121736  -5.018  -35.070  48.018 0.0000000000
59620  -11.736  -14.418  43.667 0.0000000000
124608  -11.508  -13.208  43.140 0.0000000000
60440  -11.525  -13.725  43.803 0.0000000000
66835  -8.930  -5.983  49.913 0.0000000000
65999  -9.148  -6.241  49.251 0.0000000000
66836  -9.447  -5.422  49.635 0.0000000000
67673  -6.461  -4.658  48.516 0.0000000000
67674  -7.203  -4.237  48.092 0.0000000000
57764  -5.757  -16.854  53.859 0.0000000000
125570  -4.535  -16.157  51.200 0.0000000000
58736  -3.844  -15.659  51.738 0.0000000000
59561  -4.108  -14.777  51.455 0.0000000000
60377  -4.404  -13.902  51.237 0.0000000000
111414  -3.794  -18.627  47.281 0.0000000000
56791  -4.172  -17.641  47.048 0.0000000000
130919  -7.472  -13.077  48.146 0.0000000000
60390  -7.297  -13.556  48.762 0.0000000000
61155  -7.248  -12.673  48.713 0.0000000000
61154  -6.868  -12.243  49.196 0.0000000000
61157  -7.176  -11.839  48.611 0.0000000000
130202  -6.656  -10.519  48.460 0.0000000000
61902  -7.114  -11.006  48.319 0.0000000000
63501  -7.463  -9.474  44.426 0.0000000000
127792  -7.316  -8.320  45.143 0.0000000000
65199  -7.205  -7.810  44.532 0.0000000000
65198  -6.884  -7.142  43.852 0.0000000000
65206  -7.124  -8.087  43.664 0.0000000000
122572  -2.665  -10.539  41.919 0.0000000000
111053  -3.181  -9.901  42.258 0.0000000000
128856  -2.301  -10.279  41.418 0.0000000000
58827  -1.909  -16.462  40.483 0.0000000000
58828  -2.526  -15.658  40.900 0.0000000000
59672  -4.242  -14.374  38.546 0.0000000000
59673  -5.259  -14.155  38.301 0.0000000000
57918  -5.777  -16.705  33.610 0.0000000000
37245  -37.300  -37.863  36.865 0.0000000000
37232  -36.864  -38.474  37.292 0.0000000000
122120  -35.986  -40.241  38.116 0.0000000000
36211  -36.480  -39.160  38.500 0.0000000000
36210  -35.926  -39.413  39.124 0.0000000000
37205  -35.346  -38.806  39.774 0.0000000000
36209  -35.054  -39.591  39.427 0.0000000000
36208  -34.270  -39.752  39.240 0.0000000000
35193  -34.675  -40.273  39.140 0.0000000000
128198  -33.941  -42.718  38.082 0.0000000000
33151  -33.813  -42.437  38.625 0.0000000000
113208  -33.353  -43.005  38.302 0.0000000000
33150  -32.668  -43.176  38.692 0.0000000000
53092  -48.568  -20.630  21.494 0.0000000000
111926  -48.892  -20.381  21.363 0.0000000000
47532  -9.737  -27.918  49.441 0.0000000000
46613  -9.459  -28.422  49.777 0.0000000000
46628  -8.461  -28.542  49.275 0.0000000000
46627  -7.368  -28.261  48.632 0.0000000000
45742  -15.555  -29.494  47.787 0.0000000000
45722  -14.640  -30.095  49.150 0.0000000000
47534  -15.784  -28.941  49.221 0.0000000000
46633  -14.309  -29.131  49.035 0.0000000000
46632  -13.384  -28.981  48.891 0.0000000000
46606  -10.878  -29.056  49.689 0.0000000000
46631  -12.407  -28.697  48.765 0.0000000000
130766  -10.950  -28.739  49.517 0.0000000000
47686  -42.641  -28.096  30.578 0.0000000000
50468  -30.042  -23.983  27.919 0.0000000000
51318  -30.269  -23.165  27.698 0.0000000000
52181  -29.619  -22.669  27.101 0.0000000000
54005  -29.060  -20.575  27.301 0.0000000000
55122  -29.164  -19.814  27.753 0.0000000000
55121  -28.322  -20.183  27.464 0.0000000000
55107  -27.911  -19.449  28.455 0.0000000000
111942  -27.702  -19.991  27.852 0.0000000000
42201  -20.399  -33.012  39.724 0.0000000000
42187  -20.116  -33.838  39.985 0.0000000000
42188  -20.871  -33.419  40.453 0.0000000000
41268  -20.893  -34.256  41.999 0.0000000000
41247  -19.805  -35.003  43.623 0.0000000000
53043  -24.485  -21.535  26.787 0.0000000000
52196  -23.985  -22.010  26.113 0.0000000000
46678  -24.355  -28.914  40.414 0.0000000000
128871  -23.972  -28.561  40.058 0.0000000000
45793  -23.749  -28.784  40.783 0.0000000000
45791  -21.727  -29.127  41.218 0.0000000000
46676  -22.171  -28.650  40.443 0.0000000000
46675  -21.104  -28.894  40.608 0.0000000000
45803  -20.150  -29.105  40.340 0.0000000000
45790  -20.499  -29.491  41.054 0.0000000000
43943  -20.696  -31.360  40.533 0.0000000000
43960  -20.323  -32.033  39.776 0.0000000000
43123  -19.784  -32.564  39.347 0.0000000000
66307  -54.525  -5.997  19.058 0.0000000000
129786  -54.429  -5.323  19.362 0.0000000000
66271  -54.325  -5.747  19.999 0.0000000000
65507  -53.696  -6.953  17.189 0.0000000000
66306  -54.065  -6.428  18.560 0.0000000000
53853  -5.880  -20.243  35.977 0.0000000000
53875  -5.128  -20.777  35.645 0.0000000000
52120  -5.603  -22.108  36.385 0.0000000000
51249  -4.415  -23.257  36.255 0.0000000000
110468  -3.604  -23.579  35.949 0.0000000000
61889  -8.596  -11.152  51.495 0.0000000000
62648  -8.415  -11.015  52.387 0.0000000000
63471  -8.439  -9.674  54.670 0.0000000000
110466  -8.296  -10.132  53.625 0.0000000000
65170  -9.182  -8.137  55.145 0.0000000000
65165  -9.199  -7.574  55.652 0.0000000000
64324  -8.800  -8.262  55.422 0.0000000000
64322  -7.384  -8.671  55.588 0.0000000000
65163  -7.629  -7.941  55.603 0.0000000000
132292  -7.045  -7.475  55.213 0.0000000000
65974  -7.028  -6.844  54.806 0.0000000000
64326  -6.288  -8.880  55.394 0.0000000000
62639  -5.367  -10.304  55.134 0.0000000000
63464  -4.681  -9.863  54.556 0.0000000000
61879  -5.303  -11.666  54.964 0.0000000000
55919  -8.912  -18.179  39.736 0.0000000000
112263  -7.029  -17.566  39.250 0.0000000000
56856  -6.821  -17.478  39.972 0.0000000000
56866  -6.721  -17.633  38.550 0.0000000000
54942  -7.075  -19.463  36.679 0.0000000000
55974  -6.530  -18.831  36.722 0.0000000000
55973  -5.662  -18.924  36.422 0.0000000000
109161  -35.723  -29.762  35.373 0.0000000000
44938  -36.568  -30.477  37.979 0.0000000000
45832  -36.802  -29.915  37.135 0.0000000000
43126  -32.960  -31.974  39.696 0.0000000000
43982  -32.570  -31.738  39.024 0.0000000000
109613  -31.758  -30.823  37.198 0.0000000000
44936  -32.298  -30.493  37.922 0.0000000000
44935  -32.038  -30.058  37.044 0.0000000000
45830  -32.353  -29.363  36.716 0.0000000000
46740  -31.774  -28.604  35.273 0.0000000000
45840  -31.473  -29.305  35.579 0.0000000000
45848  -29.994  -29.747  34.279 0.0000000000
45859  -30.199  -28.961  33.945 0.0000000000
46767  -29.506  -28.414  32.331 0.0000000000
45869  -29.282  -29.192  32.804 0.0000000000
40241  -27.637  -35.398  43.234 0.0000000000
39216  -27.795  -36.341  44.062 0.0000000000
119329  -27.658  -37.161  43.513 0.0000000000
36173  -27.067  -39.461  42.873 0.0000000000
37161  -27.042  -38.994  43.384 0.0000000000
36172  -26.531  -39.493  43.108 0.0000000000
117819  -28.759  -29.719  32.330 0.0000000000
44963  -28.990  -30.000  33.114 0.0000000000
44016  -29.114  -31.907  34.373 0.0000000000
111583  -28.532  -31.914  33.762 0.0000000000
43197  -27.989  -32.323  33.413 0.0000000000
42258  -28.434  -33.371  34.215 0.0000000000
37215  -28.461  -39.321  38.049 0.0000000000
37226  -27.915  -38.543  37.604 0.0000000000
37214  -27.767  -38.840  38.553 0.0000000000
38222  -27.209  -37.742  40.126 0.0000000000
38235  -26.788  -37.303  39.442 0.0000000000
39253  -26.360  -36.756  38.964 0.0000000000
130137  -26.492  -36.706  39.660 0.0000000000
40266  -25.935  -35.458  40.184 0.0000000000
39239  -26.469  -36.295  40.239 0.0000000000
39228  -27.545  -36.855  42.433 0.0000000000
39227  -27.204  -36.225  41.680 0.0000000000
40257  -27.446  -35.836  42.514 0.0000000000
40240  -27.340  -34.912  42.600 0.0000000000
61427  -52.023  -13.220  19.290 0.0000000000
119141  -51.577  -13.587  18.754 0.0000000000
59809  -52.469  -14.799  20.122 0.0000000000
60619  -52.592  -14.045  20.402 0.0000000000
59797  -52.406  -14.436  20.438 0.0000000000
60607  -52.533  -13.855  20.866 0.0000000000
59796  -52.098  -14.588  20.596 0.0000000000
58158  -47.061  -16.210  18.990 0.0000000000
60648  -49.762  -13.381  17.443 0.0000000000
49488  -9.407  -25.005  40.720 0.0000000000
49480  -9.345  -25.557  41.604 0.0000000000
49468  -7.932  -26.236  42.710 0.0000000000
129154  -8.097  -26.086  42.150 0.0000000000
49455  -5.953  -25.860  43.124 0.0000000000
46637  -1.697  -28.895  47.273 0.0000000000
128546  -1.584  -29.172  46.606 0.0000000000
43914  -1.759  -31.539  44.886 0.0000000000
121531  -1.562  -30.261  45.344 0.0000000000
43917  -1.838  -31.518  43.925 0.0000000000
53788  -17.275  -20.289  42.721 0.0000000000
54875  -17.280  -19.619  43.223 0.0000000000
53772  -17.950  -20.013  45.296 0.0000000000
54868  -17.679  -19.419  44.824 0.0000000000
54860  -17.703  -19.348  45.671 0.0000000000
55851  -17.380  -18.854  46.208 0.0000000000
54851  -17.825  -19.394  46.561 0.0000000000
52026  -17.978  -22.228  50.916 0.0000000000
53743  -17.445  -20.990  51.595 0.0000000000
125953  -16.847  -21.573  51.424 0.0000000000
113438  -15.444  -20.821  52.203 0.0000000000
122785  -16.364  -20.542  52.015 0.0000000000
54806  -15.352  -19.632  52.075 0.0000000000
116606  -14.555  -17.981  51.778 0.0000000000
55804  -12.264  -19.861  52.168 0.0000000000
53755  -12.741  -21.304  50.963 0.0000000000
53754  -11.965  -21.257  50.973 0.0000000000
51186  -13.809  -23.660  44.013 0.0000000000
51197  -13.137  -23.205  42.886 0.0000000000
52048  -13.524  -22.517  43.088 0.0000000000
118079  -13.367  -21.875  42.630 0.0000000000
52872  -13.005  -21.621  42.090 0.0000000000
51205  -12.446  -23.129  41.844 0.0000000000
50348  -10.691  -24.846  41.652 0.0000000000
51204  -11.813  -23.511  41.390 0.0000000000
50363  -10.649  -24.489  41.017 0.0000000000
51216  -11.180  -23.756  40.681 0.0000000000
55114  -44.682  -19.600  28.167 0.0000000000
55100  -45.849  -19.405  29.087 0.0000000000
51283  -46.714  -24.005  31.729 0.0000000000
52153  -47.123  -23.165  31.898 0.0000000000
53942  -44.701  -20.261  31.685 0.0000000000
55068  -45.303  -19.765  32.496 0.0000000000
55044  -42.796  -19.741  32.782 0.0000000000
132272  -42.368  -19.668  33.478 0.0000000000
54992  -41.551  -19.694  34.600 0.0000000000
118975  -41.669  -19.693  33.690 0.0000000000
48591  -40.302  -26.381  34.818 0.0000000000
49539  -38.875  -25.975  32.661 0.0000000000
49527  -39.655  -26.084  33.225 0.0000000000
49556  -39.011  -25.749  31.850 0.0000000000
49557  -39.946  -25.679  31.694 0.0000000000
131308  -11.021  -30.192  40.994 0.0000000000
44888  -10.149  -30.097  40.384 0.0000000000
44906  -10.520  -30.422  39.332 0.0000000000
43134  -10.033  -31.991  38.309 0.0000000000
43133  -9.228  -31.720  38.729 0.0000000000
42196  -9.260  -33.238  38.946 0.0000000000
42197  -9.920  -33.792  38.978 0.0000000000
39213  -14.182  -36.553  44.745 0.0000000000
37154  -13.949  -38.020  44.720 0.0000000000
118956  -13.677  -37.358  44.919 0.0000000000
36164  -12.327  -39.009  44.306 0.0000000000
38208  -21.328  -37.248  42.033 0.0000000000
38199  -21.707  -37.327  42.838 0.0000000000
59731  -17.779  -14.709  31.639 0.0000000000
59723  -17.874  -14.639  32.786 0.0000000000
45014  -23.376  -30.545  28.668 0.0000000000
45925  -23.294  -29.602  27.488 0.0000000000
45013  -22.698  -30.050  28.703 0.0000000000
46797  -22.022  -29.063  29.829 0.0000000000
46811  -22.017  -28.734  28.915 0.0000000000
47708  -21.782  -27.911  28.838 0.0000000000
47707  -21.440  -27.166  28.630 0.0000000000
47691  -21.500  -27.322  29.580 0.0000000000
49524  -18.928  -25.210  33.726 0.0000000000
50396  -18.316  -24.915  33.957 0.0000000000
51259  -17.133  -23.600  33.956 0.0000000000
51277  -17.521  -22.899  32.704 0.0000000000
51270  -17.043  -22.890  33.399 0.0000000000
52138  -16.552  -22.100  33.661 0.0000000000
129133  -16.023  -22.743  35.450 0.0000000000
52127  -15.865  -22.054  35.277 0.0000000000
118909  -15.588  -21.190  35.853 0.0000000000
52946  -15.670  -21.969  36.307 0.0000000000
53840  -15.591  -21.230  36.791 0.0000000000
51251  -15.637  -24.081  36.772 0.0000000000
51247  -15.673  -23.336  37.288 0.0000000000
44894  -15.850  -30.062  40.447 0.0000000000
46674  -15.112  -29.180  40.400 0.0000000000
45781  -14.510  -29.900  41.222 0.0000000000
45780  -13.873  -29.940  41.769 0.0000000000
45773  -13.507  -29.497  42.477 0.0000000000
44874  -13.517  -30.349  41.678 0.0000000000
58934  -49.027  -15.325  28.923 0.0000000000
58942  -49.571  -15.558  28.102 0.0000000000
58933  -47.800  -15.581  28.881 0.0000000000
58014  -46.348  -15.932  27.889 0.0000000000
56951  -4.657  -17.931  32.945 0.0000000000
56007  -3.802  -18.205  33.205 0.0000000000
55022  -3.296  -19.759  32.604 0.0000000000
53912  -4.831  -20.446  32.621 0.0000000000
52967  -4.246  -21.342  32.777 0.0000000000
50391  -4.838  -25.033  34.165 0.0000000000
41246  -6.477  -34.586  43.979 0.0000000000
119675  -6.788  -34.930  45.225 0.0000000000
61175  -11.746  -12.961  46.011 0.0000000000
61176  -12.216  -12.275  46.697 0.0000000000
63496  -12.699  -9.804  47.338 0.0000000000
62667  -12.634  -10.483  47.033 0.0000000000
119122  -12.607  -9.197  46.787 0.0000000000
64350  -12.503  -8.476  46.477 0.0000000000
64347  -12.342  -8.669  47.264 0.0000000000
68476  -12.034  -3.992  52.891 0.0000000000
67652  -2.945  -4.481  51.782 0.0000000000
66834  -4.872  -5.322  49.428 0.0000000000
55795  -5.392  -18.781  52.738 0.0000000000
54797  -5.643  -19.558  51.459 0.0000000000
123620  -4.668  -18.754  51.541 0.0000000000
56762  -4.525  -18.684  50.780 0.0000000000
56763  -4.548  -17.926  50.574 0.0000000000
126936  -3.631  -17.034  45.680 0.0000000000
58774  -4.789  -16.321  45.812 0.0000000000
59600  -6.612  -14.507  45.337 0.0000000000
59591  -6.928  -14.804  46.094 0.0000000000
113245  -7.532  -13.626  46.999 0.0000000000
60410  -7.489  -13.509  46.200 0.0000000000
61174  -7.608  -12.138  46.352 0.0000000000
124865  -7.575  -12.840  46.016 0.0000000000
61201  -7.142  -12.226  44.162 0.0000000000
132066  -7.432  -12.111  44.735 0.0000000000
126077  -7.392  -11.546  44.371 0.0000000000
62687  -7.281  -10.830  43.855 0.0000000000
62686  -6.750  -10.330  43.239 0.0000000000
61941  -6.509  -11.255  43.328 0.0000000000
61940  -5.720  -11.769  43.088 0.0000000000
61229  -4.744  -12.055  42.758 0.0000000000
61956  -4.012  -11.564  42.492 0.0000000000
57870  -1.924  -16.686  37.641 0.0000000000
58859  -2.710  -15.852  36.737 0.0000000000
109198  -3.523  -15.547  36.812 0.0000000000
58860  -4.210  -15.717  36.244 0.0000000000
56925  -3.494  -17.280  34.127 0.0000000000
122495  -3.799  -16.548  35.020 0.0000000000
129800  -7.887  -11.370  38.226 0.0000000000
62040  -7.773  -11.943  38.125 0.0000000000
42242  -36.285  -33.738  36.606 0.0000000000
42234  -36.428  -33.308  37.583 0.0000000000
42206  -36.845  -33.695  39.700 0.0000000000
39257  -37.166  -36.878  38.972 0.0000000000
121391  -37.293  -35.802  38.658 0.0000000000
128605  -36.820  -36.267  39.514 0.0000000000
40273  -34.609  -35.251  40.583 0.0000000000
40267  -35.329  -35.071  40.884 0.0000000000
41288  -35.780  -34.307  40.948 0.0000000000
41287  -34.826  -34.546  40.864 0.0000000000
41286  -34.294  -33.983  40.669 0.0000000000
117039  -33.564  -34.042  40.072 0.0000000000
40279  -32.686  -35.298  38.266 0.0000000000
121418  -32.608  -34.286  38.501 0.0000000000
41323  -31.653  -34.027  37.211 0.0000000000
42252  -36.820  -34.432  36.160 0.0000000000
42251  -36.167  -34.064  35.643 0.0000000000
42241  -35.394  -33.239  36.129 0.0000000000
35178  -28.351  -40.967  40.925 0.0000000000
34137  -28.035  -41.427  40.997 0.0000000000
122609  -28.198  -41.938  40.611 0.0000000000
114114  -28.304  -42.777  38.462 0.0000000000
33148  -27.716  -42.531  38.859 0.0000000000
33165  -29.600  -42.884  37.547 0.0000000000
40286  -31.978  -35.020  37.254 0.0000000000
38282  -31.975  -37.660  36.951 0.0000000000
38281  -31.194  -37.481  36.401 0.0000000000
37243  -31.388  -38.367  36.807 0.0000000000
36224  -33.600  -39.967  38.974 0.0000000000
36236  -33.012  -39.102  38.060 0.0000000000
36223  -32.789  -39.941  38.524 0.0000000000
36232  -29.333  -39.537  37.758 0.0000000000
36220  -29.770  -40.231  38.436 0.0000000000
34147  -29.226  -41.929  40.118 0.0000000000
35200  -29.398  -40.743  39.320 0.0000000000
35179  -28.934  -41.122  40.234 0.0000000000
36197  -28.318  -40.273  40.611 0.0000000000
120233  -50.142  -17.618  17.867 0.0000000000
56138  -50.932  -19.071  19.023 0.0000000000
56153  -51.070  -18.452  18.794 0.0000000000
56139  -51.156  -18.587  19.238 0.0000000000
56133  -51.036  -18.641  19.398 0.0000000000
54170  -49.264  -20.294  19.575 0.0000000000
54171  -49.767  -19.992  19.336 0.0000000000
54152  -50.111  -20.007  19.901 0.0000000000
56132  -49.400  -18.893  20.140 0.0000000000
57125  -50.204  -18.348  19.701 0.0000000000
57119  -46.540  -17.533  20.619 0.0000000000
57122  -46.872  -17.565  19.939 0.0000000000
57118  -45.769  -16.852  20.922 0.0000000000
123472  -45.475  -16.472  20.369 0.0000000000
48478  -8.086  -26.456  46.817 0.0000000000
48493  -5.997  -26.381  46.471 0.0000000000
48476  -6.315  -26.519  47.638 0.0000000000
47542  -8.002  -26.970  49.252 0.0000000000
47527  -4.589  -27.393  49.121 0.0000000000
47540  -4.657  -26.965  48.723 0.0000000000
109842  -5.079  -26.728  48.203 0.0000000000
48460  -3.565  -27.121  47.929 0.0000000000
47538  -3.268  -27.704  48.548 0.0000000000
113101  -2.494  -29.816  48.910 0.0000000000
45725  -2.242  -29.328  48.659 0.0000000000
44822  -2.118  -30.103  48.703 0.0000000000
43906  -2.001  -30.810  48.254 0.0000000000
43907  -2.476  -31.487  48.617 0.0000000000
49450  -17.380  -24.980  44.690 0.0000000000
49438  -18.008  -25.148  45.426 0.0000000000
49432  -19.168  -25.423  46.978 0.0000000000
50316  -19.621  -24.846  47.598 0.0000000000
123129  -20.015  -24.381  48.379 0.0000000000
50312  -19.921  -25.198  48.822 0.0000000000
124839  -17.138  -28.867  48.817 0.0000000000
46636  -17.377  -28.663  48.274 0.0000000000
47550  -18.143  -28.157  48.686 0.0000000000
49421  -19.009  -26.587  49.345 0.0000000000
49422  -19.517  -25.578  49.310 0.0000000000
50308  -19.921  -24.606  49.757 0.0000000000
51176  -19.420  -24.609  50.015 0.0000000000
51172  -19.040  -23.592  50.220 0.0000000000
131607  -18.755  -24.089  49.988 0.0000000000
51179  -17.309  -23.585  48.363 0.0000000000
52845  -16.771  -22.055  49.859 0.0000000000
52848  -16.567  -21.985  48.528 0.0000000000
50314  -16.324  -24.044  46.728 0.0000000000
113661  -15.861  -23.628  46.126 0.0000000000
50318  -15.362  -24.066  45.696 0.0000000000
47558  -14.253  -27.541  47.628 0.0000000000
48484  -14.470  -26.767  47.001 0.0000000000
114220  -13.766  -26.940  46.870 0.0000000000
48500  -13.075  -26.158  45.758 0.0000000000
49428  -13.841  -26.262  46.227 0.0000000000
49434  -12.653  -25.735  45.193 0.0000000000
48498  -10.780  -26.348  45.231 0.0000000000
48512  -10.867  -26.059  44.582 0.0000000000
127015  -44.384  -24.880  28.171 0.0000000000
50464  -45.566  -24.654  29.052 0.0000000000
48654  -43.427  -26.677  28.966 0.0000000000
48643  -45.356  -26.573  30.357 0.0000000000
130555  -44.899  -26.566  29.768 0.0000000000
49596  -46.120  -25.912  30.483 0.0000000000
50421  -46.990  -24.867  31.266 0.0000000000
49564  -46.489  -25.369  31.292 0.0000000000
49583  -44.995  -25.620  31.604 0.0000000000
50434  -45.094  -24.808  31.428 0.0000000000
51289  -44.679  -24.063  30.951 0.0000000000
49552  -34.447  -25.597  31.808 0.0000000000
49553  -35.159  -25.551  31.338 0.0000000000
49573  -34.382  -25.285  30.822 0.0000000000
117600  -33.741  -24.277  28.970 0.0000000000
51305  -34.144  -23.466  28.190 0.0000000000
131055  -33.495  -22.891  27.884 0.0000000000
52183  -31.313  -21.973  27.591 0.0000000000
52171  -31.856  -22.672  28.103 0.0000000000
54008  -32.244  -20.812  27.641 0.0000000000
53990  -32.514  -20.415  27.981 0.0000000000
122957  -33.379  -21.485  27.616 0.0000000000
43152  -14.721  -32.293  37.525 0.0000000000
42226  -14.196  -33.041  37.521 0.0000000000
42227  -15.161  -33.045  37.561 0.0000000000
41297  -15.887  -34.596  39.431 0.0000000000
41313  -15.324  -34.251  38.600 0.0000000000
41279  -15.362  -35.028  40.221 0.0000000000
111755  -16.393  -35.527  42.779 0.0000000000
40252  -15.856  -35.420  41.931 0.0000000000
40219  -15.104  -36.270  43.954 0.0000000000
125163  -16.055  -36.947  45.840 0.0000000000
39201  -15.419  -36.842  45.854 0.0000000000
38147  -15.722  -37.206  46.018 0.0000000000
38169  -15.469  -37.526  45.882 0.0000000000
37149  -15.775  -37.871  45.241 0.0000000000
56078  -20.250  -18.029  26.878 0.0000000000
111184  -22.393  -29.925  33.834 0.0000000000
45846  -22.721  -29.675  34.692 0.0000000000
46739  -23.210  -27.858  35.132 0.0000000000
47646  -21.974  -26.987  34.016 0.0000000000
47589  -23.060  -27.737  38.037 0.0000000000
47588  -22.141  -27.532  37.807 0.0000000000
47618  -20.885  -27.201  36.701 0.0000000000
115707  -21.932  -27.142  36.994 0.0000000000
48553  -20.855  -26.824  35.986 0.0000000000
48567  -21.270  -26.633  35.361 0.0000000000
48566  -20.152  -26.665  35.455 0.0000000000
48581  -19.663  -26.230  34.706 0.0000000000
47632  -17.557  -27.324  35.667 0.0000000000
48563  -17.278  -26.619  35.317 0.0000000000
47631  -16.745  -27.114  35.730 0.0000000000
118295  -17.038  -27.771  36.141 0.0000000000
46715  -17.152  -28.571  37.481 0.0000000000
45789  -18.970  -29.677  40.336 0.0000000000
43957  -17.608  -30.803  39.596 0.0000000000
44913  -17.699  -30.085  40.086 0.0000000000
114796  -17.082  -29.786  40.052 0.0000000000
44912  -16.449  -30.345  40.069 0.0000000000
43956  -16.879  -30.889  39.447 0.0000000000
43991  -16.090  -31.729  37.818 0.0000000000
43990  -15.229  -31.732  37.777 0.0000000000
43989  -14.328  -31.669  37.752 0.0000000000
56963  -43.714  -16.848  32.835 0.0000000000
56981  -43.234  -16.933  31.913 0.0000000000
56962  -42.774  -17.146  32.830 0.0000000000
54951  -1.843  -19.186  34.999 0.0000000000
53894  -1.509  -20.784  33.935 0.0000000000
111724  -0.658  -22.586  33.198 0.0000000000
52130  -0.556  -23.021  32.880 0.0000000000
52128  -0.470  -23.619  33.196 0.0000000000
52952  -3.448  -21.247  35.016 0.0000000000
52123  -2.514  -22.979  34.955 0.0000000000
50386  -1.059  -25.194  34.760 0.0000000000
50390  -0.778  -24.994  33.992 0.0000000000
49518  -1.237  -25.352  34.016 0.0000000000
49508  -2.096  -25.686  34.351 0.0000000000
35137  -8.958  -39.553  46.123 0.0000000000
61899  -12.150  -11.168  49.738 0.0000000000
121108  -11.695  -10.631  49.416 0.0000000000
127562  -9.138  -9.304  49.879 0.0000000000
64339  -8.863  -8.355  49.819 0.0000000000
65185  -8.740  -7.505  49.808 0.0000000000
65995  -8.546  -7.056  50.548 0.0000000000
123643  -8.549  -9.843  51.518 0.0000000000
64334  -8.477  -8.988  51.404 0.0000000000
113482  -8.420  -8.236  51.953 0.0000000000
65990  -9.339  -6.452  53.006 0.0000000000
65989  -8.708  -6.846  52.326 0.0000000000
65993  -9.101  -6.170  52.061 0.0000000000
66822  -10.174  -5.549  52.865 0.0000000000
67649  -10.887  -5.084  53.156 0.0000000000
69313  -11.025  -2.949  55.459 0.0000000000
68460  -11.585  -3.442  55.395 0.0000000000
66815  -8.384  -5.052  54.611 0.0000000000
118011  -8.876  -4.616  54.861 0.0000000000
67639  -8.354  -4.483  53.752 0.0000000000
120854  -4.916  -6.382  53.526 0.0000000000
65988  -3.872  -7.158  53.101 0.0000000000
127830  -4.099  -6.037  53.555 0.0000000000
67636  -3.422  -4.518  53.719 0.0000000000
66818  -3.311  -5.310  53.153 0.0000000000
65987  -3.490  -6.710  52.282 0.0000000000
112054  -3.316  -8.137  51.398 0.0000000000
65181  -3.233  -7.804  50.625 0.0000000000
55862  -7.297  -18.455  45.584 0.0000000000
55861  -6.252  -18.507  45.450 0.0000000000
55860  -5.134  -18.589  45.324 0.0000000000
121450  -4.188  -18.922  45.970 0.0000000000
56826  -7.201  -17.778  42.407 0.0000000000
56825  -6.278  -17.755  42.662 0.0000000000
56813  -4.642  -17.827  43.256 0.0000000000
131922  -4.144  -18.348  44.565 0.0000000000
55874  -3.578  -18.182  44.952 0.0000000000
128254  -3.271  -17.605  44.938 0.0000000000
55873  -3.306  -17.590  44.256 0.0000000000
57820  -2.993  -17.084  44.378 0.0000000000
57832  -2.830  -16.738  43.525 0.0000000000
58783  -3.074  -16.390  44.013 0.0000000000
58794  -2.984  -15.990  43.280 0.0000000000
56844  -2.314  -17.307  41.264 0.0000000000
57857  -1.856  -17.154  40.886 0.0000000000
56852  -2.124  -17.513  40.374 0.0000000000
56864  -4.488  -17.521  38.624 0.0000000000
56863  -3.042  -17.784  38.800 0.0000000000
56871  -2.122  -17.320  37.891 0.0000000000
54938  -2.469  -18.807  35.907 0.0000000000
55971  -1.962  -18.358  35.948 0.0000000000
109896  -4.072  -5.295  41.027 0.0000000000
65237  -3.669  -6.985  40.508 0.0000000000
45863  -38.639  -28.860  33.135 0.0000000000
112253  -39.583  -28.833  33.766 0.0000000000
45841  -37.587  -29.453  35.466 0.0000000000
45842  -38.547  -29.401  36.178 0.0000000000
46725  -40.572  -28.079  37.780 0.0000000000
45835  -40.233  -28.735  36.938 0.0000000000
46736  -40.853  -27.972  36.904 0.0000000000
127389  -41.008  -27.300  36.736 0.0000000000
47627  -40.669  -27.107  37.416 0.0000000000
48555  -39.193  -26.824  37.452 0.0000000000
48571  -37.677  -26.725  35.562 0.0000000000
43142  -36.627  -31.885  38.695 0.0000000000
43984  -37.173  -31.701  39.619 0.0000000000
44901  -36.939  -30.488  40.811 0.0000000000
44918  -37.377  -30.792  40.414 0.0000000000
44902  -37.508  -30.064  40.516 0.0000000000
45809  -38.082  -29.434  40.260 0.0000000000
45808  -37.165  -29.205  40.487 0.0000000000
44917  -33.950  -30.359  39.933 0.0000000000
44899  -34.706  -30.130  40.366 0.0000000000
45805  -34.214  -29.829  39.605 0.0000000000
46691  -35.635  -28.870  39.623 0.0000000000
46710  -36.038  -28.305  39.114 0.0000000000
122393  -36.867  -28.005  39.423 0.0000000000
47590  -36.438  -27.820  38.656 0.0000000000
47605  -35.930  -27.719  37.732 0.0000000000
47641  -35.190  -27.469  35.960 0.0000000000
47642  -36.088  -27.328  36.355 0.0000000000
48587  -35.214  -26.814  34.440 0.0000000000
48615  -34.719  -26.236  33.308 0.0000000000
126284  -34.737  -26.569  33.902 0.0000000000
48613  -32.356  -26.395  33.142 0.0000000000
49535  -32.799  -25.839  32.482 0.0000000000
49550  -32.416  -25.503  31.827 0.0000000000
49549  -31.737  -25.625  31.651 0.0000000000
46759  -31.168  -27.811  33.905 0.0000000000
47659  -31.583  -27.041  33.449 0.0000000000
48631  -30.238  -26.389  30.802 0.0000000000
49570  -30.729  -25.691  30.537 0.0000000000
49589  -30.466  -25.362  29.775 0.0000000000
50439  -30.129  -25.066  28.987 0.0000000000
49588  -29.823  -25.731  29.357 0.0000000000
49599  -28.834  -25.842  28.003 0.0000000000
49609  -29.077  -25.170  27.699 0.0000000000
49608  -28.442  -25.609  27.371 0.0000000000
50475  -28.160  -24.394  26.631 0.0000000000
49615  -27.889  -25.304  26.728 0.0000000000
43095  -24.352  -31.168  44.461 0.0000000000
43089  -24.202  -31.785  44.872 0.0000000000
41233  -25.964  -34.088  46.253 0.0000000000
41232  -24.842  -33.907  46.304 0.0000000000
40204  -25.026  -34.829  46.458 0.0000000000
39183  -24.034  -35.338  46.611 0.0000000000
39194  -23.904  -36.169  46.309 0.0000000000
38158  -26.982  -37.148  44.887 0.0000000000
39196  -26.807  -36.290  45.426 0.0000000000
38157  -26.020  -37.465  45.153 0.0000000000
37151  -24.194  -38.208  43.980 0.0000000000
121695  -24.591  -38.235  44.464 0.0000000000
38177  -23.441  -37.683  44.221 0.0000000000
109177  -23.361  -37.681  43.338 0.0000000000
38201  -23.538  -37.661  42.663 0.0000000000
34135  -26.781  -41.582  40.517 0.0000000000
34127  -26.819  -41.456  41.095 0.0000000000
34134  -26.131  -41.303  40.293 0.0000000000
50474  -27.430  -24.653  26.433 0.0000000000
128951  -27.349  -27.685  27.774 0.0000000000
47726  -26.830  -27.574  27.194 0.0000000000
46823  -26.797  -28.289  27.660 0.0000000000
46834  -26.260  -28.185  27.085 0.0000000000
131256  -27.889  -29.523  30.314 0.0000000000
44998  -27.438  -30.142  30.374 0.0000000000
45006  -26.237  -30.417  29.439 0.0000000000
45005  -25.374  -30.752  29.215 0.0000000000
45004  -24.488  -31.003  29.035 0.0000000000
44071  -24.852  -31.302  29.735 0.0000000000
43215  -24.446  -32.443  31.764 0.0000000000
44045  -23.852  -32.021  31.133 0.0000000000
43214  -23.693  -32.402  32.021 0.0000000000
44033  -23.184  -31.923  31.670 0.0000000000
40298  -30.913  -34.871  36.057 0.0000000000
122451  -30.183  -34.910  35.584 0.0000000000
40319  -28.991  -35.756  35.175 0.0000000000
41336  -28.663  -35.061  34.792 0.0000000000
40335  -28.004  -35.019  34.529 0.0000000000
38267  -27.433  -37.830  37.219 0.0000000000
38278  -27.759  -37.576  36.409 0.0000000000
40315  -25.530  -35.598  35.759 0.0000000000
40316  -26.312  -35.881  35.503 0.0000000000
40332  -25.721  -35.345  35.053 0.0000000000
41347  -26.704  -34.771  34.270 0.0000000000
41346  -25.781  -34.839  34.434 0.0000000000
41360  -25.258  -34.271  33.935 0.0000000000
41345  -24.840  -34.586  34.622 0.0000000000
42246  -23.577  -33.694  35.326 0.0000000000
42255  -23.430  -33.380  34.526 0.0000000000
43185  -22.977  -32.684  34.405 0.0000000000
43173  -22.691  -32.226  34.910 0.0000000000
43165  -23.068  -32.463  36.029 0.0000000000
42218  -23.773  -32.841  37.889 0.0000000000
122552  -23.529  -32.360  37.414 0.0000000000
43138  -23.801  -31.942  38.057 0.0000000000
43980  -23.916  -30.954  38.169 0.0000000000
43981  -24.276  -31.506  38.841 0.0000000000
41284  -25.697  -34.448  40.462 0.0000000000
42203  -25.087  -33.965  39.914 0.0000000000
42189  -25.611  -33.441  40.621 0.0000000000
43105  -26.203  -31.879  41.662 0.0000000000
43113  -25.630  -32.371  40.811 0.0000000000
43945  -25.684  -31.292  41.066 0.0000000000
44916  -25.242  -30.670  40.454 0.0000000000
44897  -25.160  -29.854  40.665 0.0000000000
44898  -25.639  -30.308  41.322 0.0000000000
43921  -25.609  -30.833  44.126 0.0000000000
44864  -25.673  -29.896  43.115 0.0000000000
44853  -24.508  -30.249  43.787 0.0000000000
43919  -24.096  -30.680  43.999 0.0000000000
64603  -52.684  -8.764  21.472 0.0000000000
63820  -52.185  -9.472  20.888 0.0000000000
62968  -53.240  -11.110  22.711 0.0000000000
124793  -53.382  -10.299  23.245 0.0000000000
62950  -53.210  -10.883  23.299 0.0000000000
62934  -53.131  -10.414  23.999 0.0000000000
62949  -53.032  -11.118  23.305 0.0000000000
62174  -53.126  -12.537  21.827 0.0000000000
61385  -53.081  -12.811  21.758 0.0000000000
62967  -50.849  -11.135  22.237 0.0000000000
62151  -52.642  -11.808  22.555 0.0000000000
127424  -51.089  -10.270  23.550 0.0000000000
114419  -48.871  -10.068  24.406 0.0000000000
114188  -49.111  -10.345  23.193 0.0000000000
125989  -51.783  -16.433  19.418 0.0000000000
59016  -52.023  -15.904  19.596 0.0000000000
58150  -51.739  -16.325  19.697 0.0000000000
58994  -50.875  -15.729  19.837 0.0000000000
60606  -51.098  -14.345  20.397 0.0000000000
128003  -50.191  -13.907  19.949 0.0000000000
59013  -47.954  -14.977  18.675 0.0000000000
59827  -48.461  -14.530  18.830 0.0000000000
61404  -47.618  -12.111  18.913 0.0000000000
61405  -48.531  -12.406  19.387 0.0000000000
61406  -49.239  -12.650  19.748 0.0000000000
62170  -48.626  -11.184  20.324 0.0000000000
63025  -49.311  -10.214  17.885 0.0000000000
63830  -50.871  -9.268  19.381 0.0000000000
64621  -51.473  -8.567  19.491 0.0000000000
52113  -9.181  -21.602  37.811 0.0000000000
52112  -8.430  -21.910  37.687 0.0000000000
52098  -8.048  -22.560  38.123 0.0000000000
51227  -7.016  -23.578  38.914 0.0000000000
123773  -5.462  -24.142  39.646 0.0000000000
49486  -7.680  -25.378  40.962 0.0000000000
50346  -6.108  -24.941  41.020 0.0000000000
113533  -5.090  -24.653  41.042 0.0000000000
50342  -2.424  -24.739  41.078 0.0000000000
49484  -2.049  -25.041  40.675 0.0000000000
48509  -8.304  -26.450  44.901 0.0000000000
48517  -7.625  -26.393  44.428 0.0000000000
48508  -6.809  -26.349  44.807 0.0000000000
49441  -4.841  -26.029  44.516 0.0000000000
49453  -4.056  -25.488  43.635 0.0000000000
46647  -2.050  -27.657  45.896 0.0000000000
124730  -2.417  -27.049  45.535 0.0000000000
112789  -2.317  -27.468  44.969 0.0000000000
47570  -2.657  -27.150  44.250 0.0000000000
47573  -3.024  -26.960  42.979 0.0000000000
112390  -14.853  -15.537  40.751 0.0000000000
57843  -14.764  -16.246  42.463 0.0000000000
109232  -13.937  -15.669  42.050 0.0000000000
58810  -13.969  -15.931  42.761 0.0000000000
58797  -12.680  -15.358  43.215 0.0000000000
58798  -13.492  -15.881  43.322 0.0000000000
127276  -16.323  -17.919  44.321 0.0000000000
56816  -15.798  -17.494  44.053 0.0000000000
57813  -14.175  -16.777  45.820 0.0000000000
110115  -14.062  -16.611  45.036 0.0000000000
57812  -13.451  -16.403  45.554 0.0000000000
57811  -12.855  -16.047  45.306 0.0000000000
57803  -12.774  -16.047  46.070 0.0000000000
122564  -12.265  -15.328  46.205 0.0000000000
58767  -12.539  -15.645  46.683 0.0000000000
57785  -13.554  -15.913  48.533 0.0000000000
58759  -12.760  -15.066  47.928 0.0000000000
59577  -13.250  -14.299  48.832 0.0000000000
52859  -18.673  -21.915  45.827 0.0000000000
114691  -18.987  -21.664  46.651 0.0000000000
53765  -18.859  -20.590  48.236 0.0000000000
53768  -18.688  -20.494  47.258 0.0000000000
55835  -17.550  -18.913  47.309 0.0000000000
130897  -17.543  -18.812  48.120 0.0000000000
54815  -18.109  -19.451  50.623 0.0000000000
55810  -17.712  -18.743  50.848 0.0000000000
114949  -17.003  -16.556  51.585 0.0000000000
55812  -17.310  -18.339  50.426 0.0000000000
56771  -16.026  -17.011  50.270 0.0000000000
56775  -15.235  -16.752  49.602 0.0000000000
58745  -15.309  -13.511  51.609 0.0000000000
58748  -15.023  -13.999  50.730 0.0000000000
59578  -14.289  -13.108  49.954 0.0000000000
61152  -14.040  -12.084  50.414 0.0000000000
60388  -14.691  -12.618  51.032 0.0000000000
60387  -13.735  -12.478  50.994 0.0000000000
59571  -11.439  -13.853  50.583 0.0000000000
56758  -13.223  -16.873  51.503 0.0000000000
56766  -13.049  -15.791  51.477 0.0000000000
57776  -12.006  -15.982  50.837 0.0000000000
58742  -10.579  -15.692  50.670 0.0000000000
59570  -10.465  -14.151  50.503 0.0000000000
59569  -9.636  -14.173  50.677 0.0000000000
60383  -9.364  -13.455  50.733 0.0000000000
59568  -8.968  -14.052  50.999 0.0000000000
119701  -8.619  -15.080  51.562 0.0000000000
59562  -8.465  -14.322  51.665 0.0000000000
59560  -7.852  -14.303  52.540 0.0000000000
59559  -7.412  -14.323  53.438 0.0000000000
58734  -7.683  -15.775  52.491 0.0000000000
54801  -9.377  -20.412  52.311 0.0000000000
53734  -8.689  -20.780  52.021 0.0000000000
130775  -9.030  -20.740  52.187 0.0000000000
54800  -8.430  -20.389  52.312 0.0000000000
54795  -7.673  -19.737  52.609 0.0000000000
122853  -7.503  -20.146  52.282 0.0000000000
55817  -8.488  -19.082  48.065 0.0000000000
53760  -14.812  -20.282  48.357 0.0000000000
54842  -14.133  -19.765  48.030 0.0000000000
54841  -13.411  -19.372  47.726 0.0000000000
53770  -14.690  -20.505  45.049 0.0000000000
54867  -14.105  -19.927  44.845 0.0000000000
55866  -12.436  -18.728  45.663 0.0000000000
54848  -13.167  -19.082  45.956 0.0000000000
55849  -11.960  -18.620  47.094 0.0000000000
55832  -11.179  -18.675  47.420 0.0000000000
55848  -11.310  -18.502  46.718 0.0000000000
109765  -10.266  -18.432  45.928 0.0000000000
126984  -9.613  -18.542  46.947 0.0000000000
111365  -9.019  -18.542  46.687 0.0000000000
55846  -8.328  -18.529  46.444 0.0000000000
109593  -9.625  -18.384  44.588 0.0000000000
130250  -9.788  -18.381  43.934 0.0000000000
55905  -10.306  -18.473  42.681 0.0000000000
53793  -12.435  -20.647  41.371 0.0000000000
53792  -12.269  -19.936  41.693 0.0000000000
54889  -11.486  -19.800  40.413 0.0000000000
54888  -11.069  -19.189  40.915 0.0000000000
55915  -10.600  -18.738  41.448 0.0000000000
55921  -10.364  -18.791  40.546 0.0000000000
113316  -10.904  -19.368  40.000 0.0000000000
52099  -9.759  -22.087  38.301 0.0000000000
52915  -9.828  -21.189  38.032 0.0000000000
53839  -9.238  -20.801  37.671 0.0000000000
55153  -46.979  -19.106  25.226 0.0000000000
126309  -49.643  -19.183  25.966 0.0000000000
56094  -46.801  -18.492  26.574 0.0000000000
124490  -46.495  -18.461  27.319 0.0000000000
57030  -49.299  -17.784  28.558 0.0000000000
56082  -48.242  -18.134  27.837 0.0000000000
57032  -50.854  -17.024  28.473 0.0000000000
118503  -50.664  -16.820  29.262 0.0000000000
57970  -49.536  -15.946  31.104 0.0000000000
57969  -48.558  -15.693  31.204 0.0000000000
57954  -48.030  -16.057  31.835 0.0000000000
52176  -44.722  -22.447  28.451 0.0000000000
125789  -47.436  -22.256  30.537 0.0000000000
53001  -46.626  -21.639  29.909 0.0000000000
52154  -47.864  -22.368  32.027 0.0000000000
116107  -48.046  -19.718  32.688 0.0000000000
52978  -48.444  -20.926  32.145 0.0000000000
55070  -48.592  -20.086  32.197 0.0000000000
55069  -48.785  -19.717  31.998 0.0000000000
115726  -48.845  -19.088  32.052 0.0000000000
56039  -48.927  -17.943  31.726 0.0000000000
56026  -48.473  -18.213  32.386 0.0000000000
56950  -46.869  -17.445  33.763 0.0000000000
56966  -47.269  -16.975  33.222 0.0000000000
57939  -46.712  -16.482  32.766 0.0000000000
57937  -44.747  -16.611  33.135 0.0000000000
57927  -45.656  -16.823  33.982 0.0000000000
56935  -44.790  -17.296  35.186 0.0000000000
56934  -44.047  -17.333  35.512 0.0000000000
112139  -42.581  -17.388  35.230 0.0000000000
56921  -43.257  -17.498  35.848 0.0000000000
129684  -44.028  -19.329  35.005 0.0000000000
54995  -44.668  -19.028  35.258 0.0000000000
54994  -43.878  -19.335  35.743 0.0000000000
110400  -39.310  -28.481  31.625 0.0000000000
46775  -40.555  -28.500  31.735 0.0000000000
46776  -41.914  -28.449  32.144 0.0000000000
46777  -43.104  -28.287  32.281 0.0000000000
47668  -43.447  -27.823  32.910 0.0000000000
48605  -41.461  -26.294  33.737 0.0000000000
49559  -42.366  -25.895  32.544 0.0000000000
49560  -42.974  -26.142  32.281 0.0000000000
49581  -43.143  -25.545  31.375 0.0000000000
51296  -42.650  -23.919  29.845 0.0000000000
125630  -43.253  -22.997  29.930 0.0000000000
52165  -42.416  -22.617  29.484 0.0000000000
115962  -35.861  -25.561  30.972 0.0000000000
50460  -37.343  -24.099  28.375 0.0000000000
50446  -37.975  -24.553  28.848 0.0000000000
49593  -38.580  -24.889  29.474 0.0000000000
50461  -38.193  -23.897  28.410 0.0000000000
117779  -38.338  -21.910  28.396 0.0000000000
51310  -39.357  -22.907  28.380 0.0000000000
52175  -40.104  -22.313  28.569 0.0000000000
53977  -40.564  -20.725  29.713 0.0000000000
53978  -41.234  -20.671  29.895 0.0000000000
53959  -41.587  -20.464  30.464 0.0000000000
121072  -9.684  -29.316  45.218 0.0000000000
45754  -9.602  -29.211  44.437 0.0000000000
45770  -7.905  -29.143  42.480 0.0000000000
45762  -8.322  -28.886  43.337 0.0000000000
130537  -7.278  -29.496  42.522 0.0000000000
45768  -6.683  -29.741  42.901 0.0000000000
45769  -6.922  -30.079  42.202 0.0000000000
44886  -8.434  -30.322  40.222 0.0000000000
42185  -6.940  -32.884  40.790 0.0000000000
43940  -6.671  -31.682  40.960 0.0000000000
126882  -6.427  -32.315  41.336 0.0000000000
43103  -5.978  -32.011  42.130 0.0000000000
43098  -6.150  -32.768  42.112 0.0000000000
128989  -6.027  -33.116  42.737 0.0000000000
113394  -6.361  -33.580  42.351 0.0000000000
40229  -7.709  -35.741  42.493 0.0000000000
40228  -7.138  -35.306  42.827 0.0000000000
39206  -7.937  -36.866  43.957 0.0000000000
41311  -13.040  -34.161  38.403 0.0000000000
41294  -12.540  -34.605  39.051 0.0000000000
128967  -12.160  -35.411  40.405 0.0000000000
40261  -11.208  -35.428  40.638 0.0000000000
41274  -10.625  -34.885  40.115 0.0000000000
39223  -12.750  -36.405  43.311 0.0000000000
123908  -11.152  -37.076  43.300 0.0000000000
39221  -11.038  -36.725  42.820 0.0000000000
39220  -10.045  -36.747  42.607 0.0000000000
39208  -9.668  -37.231  43.224 0.0000000000
38182  -9.340  -37.789  43.926 0.0000000000
37136  -9.392  -39.008  45.942 0.0000000000
36158  -10.027  -39.586  45.894 0.0000000000
35150  -10.017  -40.482  45.074 0.0000000000
42163  -23.215  -33.340  44.763 0.0000000000
41250  -22.465  -33.953  44.488 0.0000000000
111076  -21.984  -34.505  44.984 0.0000000000
40202  -20.996  -35.685  46.175 0.0000000000
40213  -20.544  -35.537  45.767 0.0000000000
40201  -20.195  -35.984  46.199 0.0000000000
40212  -19.899  -35.686  45.690 0.0000000000
40200  -19.473  -36.170  45.990 0.0000000000
38189  -20.059  -37.402  44.143 0.0000000000
38188  -19.175  -37.448  44.552 0.0000000000
38172  -17.836  -37.300  45.087 0.0000000000
38149  -17.331  -37.147  45.279 0.0000000000
37158  -17.524  -37.603  44.704 0.0000000000
37165  -16.739  -38.073  42.974 0.0000000000
37164  -15.939  -38.285  42.738 0.0000000000
59692  -16.785  -14.323  36.576 0.0000000000
60508  -16.188  -13.593  36.270 0.0000000000
60502  -15.985  -14.011  37.007 0.0000000000
59685  -16.634  -14.787  37.384 0.0000000000
49626  -26.292  -25.446  26.072 0.0000000000
51328  -26.230  -24.061  26.141 0.0000000000
50484  -25.858  -24.782  25.879 0.0000000000
118338  -23.967  -25.143  25.314 0.0000000000
50483  -23.953  -24.431  25.405 0.0000000000
116604  -23.326  -24.123  25.384 0.0000000000
51337  -23.080  -23.403  25.433 0.0000000000
47738  -22.287  -27.393  26.335 0.0000000000
47752  -22.620  -26.987  25.759 0.0000000000
48667  -21.956  -26.623  26.094 0.0000000000
51326  -21.000  -23.848  26.100 0.0000000000
50480  -21.654  -25.051  25.791 0.0000000000
119088  -21.462  -23.252  25.774 0.0000000000
52205  -21.914  -22.581  25.647 0.0000000000
52195  -21.313  -22.591  25.883 0.0000000000
53040  -21.037  -21.258  26.161 0.0000000000
52194  -20.901  -22.197  26.179 0.0000000000
122633  -19.623  -20.981  27.377 0.0000000000
55104  -19.373  -20.187  27.604 0.0000000000
55103  -19.076  -19.458  27.832 0.0000000000
120935  -18.856  -20.085  28.324 0.0000000000
46765  -22.383  -28.388  32.932 0.0000000000
123888  -22.126  -28.318  32.164 0.0000000000
123992  -21.912  -27.717  31.980 0.0000000000
48622  -20.857  -26.203  31.022 0.0000000000
48623  -21.422  -26.924  31.313 0.0000000000
48629  -20.688  -25.975  29.984 0.0000000000
50412  -19.288  -24.708  32.515 0.0000000000
49546  -19.899  -25.219  32.105 0.0000000000
50416  -19.119  -24.156  31.770 0.0000000000
51286  -18.682  -23.013  30.941 0.0000000000
50423  -19.731  -24.614  30.027 0.0000000000
51292  -19.270  -23.286  29.729 0.0000000000
52163  -19.157  -22.577  29.397 0.0000000000
55088  -17.801  -19.888  30.030 0.0000000000
53948  -18.268  -20.589  29.705 0.0000000000
116840  -17.800  -19.053  29.575 0.0000000000
122041  -18.298  -18.950  28.786 0.0000000000
56055  -17.406  -18.221  29.886 0.0000000000
56032  -16.549  -18.222  31.886 0.0000000000
56971  -16.641  -17.460  31.614 0.0000000000
56954  -16.479  -17.562  32.349 0.0000000000
57931  -16.535  -16.874  32.831 0.0000000000
54999  -16.090  -19.809  33.495 0.0000000000
56905  -16.225  -17.763  34.779 0.0000000000
131312  -16.038  -18.296  34.118 0.0000000000
57904  -16.608  -16.802  34.391 0.0000000000
57886  -16.834  -16.620  36.121 0.0000000000
57871  -16.786  -16.550  37.846 0.0000000000
57872  -16.987  -16.067  37.367 0.0000000000
57867  -16.849  -15.922  37.916 0.0000000000
58854  -16.698  -15.384  37.880 0.0000000000
58847  -16.571  -15.620  38.617 0.0000000000
125629  -16.323  -15.584  39.303 0.0000000000
57862  -16.588  -16.096  39.256 0.0000000000
113917  -16.656  -17.826  40.150 0.0000000000
116088  -16.602  -18.677  40.347 0.0000000000
53841  -15.983  -20.732  38.130 0.0000000000
52918  -16.140  -21.285  38.578 0.0000000000
52889  -16.483  -21.057  39.910 0.0000000000
53800  -16.587  -20.665  40.480 0.0000000000
53794  -16.749  -20.349  41.284 0.0000000000
53795  -16.929  -19.991  42.018 0.0000000000
51207  -16.572  -23.136  41.302 0.0000000000
52064  -17.182  -21.993  41.837 0.0000000000
51198  -17.120  -22.694  42.155 0.0000000000
52054  -17.531  -22.594  43.046 0.0000000000
48551  -15.511  -26.391  36.670 0.0000000000
48541  -14.802  -26.083  38.219 0.0000000000
49496  -15.050  -25.212  38.660 0.0000000000
128984  -14.353  -27.899  39.368 0.0000000000
49490  -14.914  -25.004  40.488 0.0000000000
49483  -15.001  -25.055  41.415 0.0000000000
50329  -16.045  -24.802  42.926 0.0000000000
125806  -16.538  -24.794  43.639 0.0000000000
125028  -16.079  -25.243  43.607 0.0000000000
48513  -14.549  -26.913  44.179 0.0000000000
47569  -14.920  -27.352  44.950 0.0000000000
45765  -13.354  -29.516  43.248 0.0000000000
44844  -12.941  -30.180  44.253 0.0000000000
46652  -13.583  -29.195  45.100 0.0000000000
46653  -14.137  -28.703  45.522 0.0000000000
128103  -13.487  -29.751  45.699 0.0000000000
44841  -11.014  -29.974  45.201 0.0000000000
44836  -11.617  -30.318  45.584 0.0000000000
44835  -11.100  -30.108  46.150 0.0000000000
64588  -53.475  -7.926  22.946 0.0000000000
64564  -53.421  -8.169  23.693 0.0000000000
54066  -47.971  -20.735  23.374 0.0000000000
54067  -48.743  -20.530  23.476 0.0000000000
56116  -49.849  -19.405  24.500 0.0000000000
127948  -49.557  -19.766  23.838 0.0000000000
55173  -49.391  -18.951  23.918 0.0000000000
129553  -49.250  -19.582  23.271 0.0000000000
58030  -48.003  -16.115  26.419 0.0000000000
58050  -48.910  -16.588  25.976 0.0000000000
58049  -47.890  -16.460  25.666 0.0000000000
57105  -47.070  -17.134  23.804 0.0000000000
115794  -46.485  -17.032  23.274 0.0000000000
109589  -44.339  -16.503  23.597 0.0000000000
58083  -44.942  -16.515  22.978 0.0000000000
58082  -43.997  -16.499  22.857 0.0000000000
53902  -1.505  -20.392  33.144 0.0000000000
55021  -2.091  -20.183  32.761 0.0000000000
52132  -4.385  -22.909  33.245 0.0000000000
52141  -4.883  -22.061  33.174 0.0000000000
51246  -6.097  -22.910  37.969 0.0000000000
51244  -4.231  -23.855  37.446 0.0000000000
46658  -7.996  -28.673  45.029 0.0000000000
46651  -8.084  -28.719  46.217 0.0000000000
114348  -5.429  -29.348  45.078 0.0000000000
46648  -5.683  -28.939  45.561 0.0000000000
45735  -5.011  -29.327  45.971 0.0000000000
46640  -5.379  -28.761  46.861 0.0000000000
131590  -5.864  -33.070  45.382 0.0000000000
43085  -5.521  -32.514  45.527 0.0000000000
129187  -4.744  -32.676  48.249 0.0000000000
43080  -4.856  -32.148  47.421 0.0000000000
44828  -4.349  -30.308  47.236 0.0000000000
120234  -4.047  -31.021  48.407 0.0000000000
44818  -3.447  -30.822  48.855 0.0000000000
43075  -3.968  -32.247  48.875 0.0000000000
42148  -3.790  -33.448  48.481 0.0000000000
43077  -3.335  -32.720  48.703 0.0000000000
42151  -3.721  -33.832  47.916 0.0000000000
59656  -13.310  -14.620  40.579 0.0000000000
59664  -12.832  -13.935  40.218 0.0000000000
60469  -12.309  -13.484  40.705 0.0000000000
61978  -11.725  -12.146  41.724 0.0000000000
62702  -12.037  -10.159  42.232 0.0000000000
61918  -11.733  -11.339  45.369 0.0000000000
61927  -11.562  -11.146  44.517 0.0000000000
62677  -11.688  -10.226  44.425 0.0000000000
131749  -10.867  -9.325  48.744 0.0000000000
63489  -11.811  -9.491  48.515 0.0000000000
65191  -10.091  -6.654  47.831 0.0000000000
64345  -10.782  -7.710  47.713 0.0000000000
66008  -11.139  -6.794  47.136 0.0000000000
59556  -7.049  -14.379  54.055 0.0000000000
60367  -7.135  -13.232  54.384 0.0000000000
60366  -6.588  -13.949  54.455 0.0000000000
60365  -5.614  -13.866  54.696 0.0000000000
61131  -4.805  -12.364  54.615 0.0000000000
111914  -4.264  -13.075  54.032 0.0000000000
56747  -4.442  -17.318  53.376 0.0000000000
57762  -4.233  -16.661  53.578 0.0000000000
60372  -3.528  -13.882  52.482 0.0000000000
60368  -3.559  -13.164  52.940 0.0000000000
130703  -3.772  -12.739  53.446 0.0000000000
61139  -3.392  -12.517  52.245 0.0000000000
61882  -3.367  -11.768  52.513 0.0000000000
61888  -3.691  -11.821  51.287 0.0000000000
116466  -3.421  -11.201  51.484 0.0000000000
61890  -3.644  -10.858  50.833 0.0000000000
62651  -3.471  -9.992  50.658 0.0000000000
62652  -3.860  -10.242  50.302 0.0000000000
54839  -4.567  -19.258  47.754 0.0000000000
56774  -4.399  -17.965  48.737 0.0000000000
56773  -4.125  -18.699  49.039 0.0000000000
118972  -5.241  -17.021  50.098 0.0000000000
57780  -5.949  -16.233  49.494 0.0000000000
57802  -5.995  -16.140  47.053 0.0000000000
57792  -6.140  -16.232  47.866 0.0000000000
58757  -6.740  -15.632  48.246 0.0000000000
58747  -6.790  -15.028  49.262 0.0000000000
59573  -6.431  -14.518  49.703 0.0000000000
60382  -5.877  -13.994  50.167 0.0000000000
60381  -5.245  -13.524  50.638 0.0000000000
61147  -6.063  -13.158  50.074 0.0000000000
61898  -5.871  -11.306  49.626 0.0000000000
62655  -4.479  -10.139  49.721 0.0000000000
63484  -4.502  -8.833  48.731 0.0000000000
128192  -5.686  -8.751  47.858 0.0000000000
64340  -4.964  -8.378  48.143 0.0000000000
64344  -5.664  -8.019  47.510 0.0000000000
61908  -7.599  -11.259  46.390 0.0000000000
63492  -7.337  -10.091  47.155 0.0000000000
65195  -6.686  -7.570  46.245 0.0000000000
65190  -6.102  -7.290  46.964 0.0000000000
66005  -6.157  -6.490  46.766 0.0000000000
110099  -6.367  -5.895  46.513 0.0000000000
66018  -6.565  -6.190  45.323 0.0000000000
66862  -6.728  -5.414  45.404 0.0000000000
66856  -7.061  -4.920  45.868 0.0000000000
67695  -7.067  -4.864  45.048 0.0000000000
66029  -6.347  -6.259  43.347 0.0000000000
115722  -5.799  -5.258  42.787 0.0000000000
63519  -6.128  -9.898  42.777 0.0000000000
64366  -6.165  -9.007  42.695 0.0000000000
64364  -3.700  -8.180  42.313 0.0000000000
65211  -3.429  -6.813  42.176 0.0000000000
120881  -4.756  -6.383  42.429 0.0000000000
66038  -3.008  -5.995  41.833 0.0000000000
65210  -2.816  -6.821  41.701 0.0000000000
63537  -2.210  -9.457  41.226 0.0000000000
64380  -2.343  -8.763  41.181 0.0000000000
117636  -2.592  -9.069  40.853 0.0000000000
59631  -3.332  -14.808  42.239 0.0000000000
59655  -3.168  -14.704  40.909 0.0000000000
60445  -3.539  -13.940  41.985 0.0000000000
110389  -3.365  -13.017  41.063 0.0000000000
58845  -2.460  -15.454  38.450 0.0000000000
58838  -2.685  -15.143  39.233 0.0000000000
60478  -4.132  -13.144  39.603 0.0000000000
60477  -3.547  -13.721  39.862 0.0000000000
62011  -4.179  -11.804  40.006 0.0000000000
62012  -5.059  -11.510  39.715 0.0000000000
62013  -5.981  -11.337  39.400 0.0000000000
60491  -6.912  -13.516  37.809 0.0000000000
129139  -7.460  -13.238  37.514 0.0000000000
59683  -7.321  -13.842  37.161 0.0000000000
116593  -5.069  -15.547  36.289 0.0000000000
117964  -5.788  -15.570  35.908 0.0000000000
58868  -6.562  -15.463  35.540 0.0000000000
58862  -6.405  -15.209  36.235 0.0000000000
34165  -35.551  -40.741  38.250 0.0000000000
33168  -33.523  -42.807  37.753 0.0000000000
35205  -35.076  -40.725  38.788 0.0000000000
34164  -34.934  -41.403  38.375 0.0000000000
131956  -47.363  -20.909  21.155 0.0000000000
45718  -10.628  -29.330  49.539 0.0000000000
45717  -9.839  -29.088  49.665 0.0000000000
46643  -8.119  -28.748  47.636 0.0000000000
44830  -12.637  -30.529  47.342 0.0000000000
44826  -13.325  -30.416  48.165 0.0000000000
44825  -12.623  -30.458  48.399 0.0000000000
45720  -13.219  -30.098  49.250 0.0000000000
46616  -12.865  -29.600  49.226 0.0000000000
117705  -12.402  -29.818  49.354 0.0000000000
51331  -29.031  -23.271  26.803 0.0000000000
52201  -28.776  -22.569  26.671 0.0000000000
53047  -28.375  -21.702  26.654 0.0000000000
53046  -27.659  -21.311  26.803 0.0000000000
54004  -27.627  -20.637  27.292 0.0000000000
53020  -26.967  -21.301  27.260 0.0000000000
43112  -21.568  -32.802  40.937 0.0000000000
42181  -21.501  -33.950  42.330 0.0000000000
130934  -21.652  -34.111  43.200 0.0000000000
53044  -25.426  -22.106  26.913 0.0000000000
45792  -22.807  -28.896  41.061 0.0000000000
129908  -21.733  -29.622  41.528 0.0000000000
45782  -21.149  -29.704  41.419 0.0000000000
44876  -20.642  -29.983  41.313 0.0000000000
43944  -21.486  -31.743  40.977 0.0000000000
65493  -53.567  -6.782  19.057 0.0000000000
122198  -54.111  -6.300  20.310 0.0000000000
65502  -52.813  -7.205  17.576 0.0000000000
53854  -6.749  -20.188  36.422 0.0000000000
52944  -6.428  -20.875  36.309 0.0000000000
52109  -5.936  -22.585  37.146 0.0000000000
61287  -13.696  -12.076  37.622 0.0000000000
126866  -13.861  -12.915  37.875 0.0000000000
61267  -12.869  -12.543  39.064 0.0000000000
61887  -8.247  -11.498  53.133 0.0000000000
62645  -8.198  -10.628  54.488 0.0000000000
63468  -8.405  -9.394  55.229 0.0000000000
128091  -8.508  -8.840  55.349 0.0000000000
131708  -8.114  -9.718  55.417 0.0000000000
63462  -7.385  -9.428  55.602 0.0000000000
63466  -6.583  -9.706  55.535 0.0000000000
61880  -6.443  -11.768  55.076 0.0000000000
55934  -9.257  -18.958  38.446 0.0000000000
55926  -8.846  -18.389  38.874 0.0000000000
55933  -8.603  -18.652  38.151 0.0000000000
55932  -7.943  -18.298  37.993 0.0000000000
56876  -7.198  -17.998  37.892 0.0000000000
44954  -34.987  -30.376  35.825 0.0000000000
45831  -35.865  -30.042  36.364 0.0000000000
43158  -32.161  -32.771  38.206 0.0000000000
43140  -32.200  -31.948  38.397 0.0000000000
130883  -31.362  -31.085  36.639 0.0000000000
44943  -31.521  -30.401  36.516 0.0000000000
45839  -30.889  -29.645  35.189 0.0000000000
44951  -30.568  -30.451  35.336 0.0000000000
125928  -29.390  -30.419  33.890 0.0000000000
129687  -27.637  -37.035  43.086 0.0000000000
38202  -27.597  -37.794  42.835 0.0000000000
44017  -29.438  -31.119  34.373 0.0000000000
132135  -28.258  -39.741  39.897 0.0000000000
115619  -27.825  -39.068  39.547 0.0000000000
37202  -27.567  -38.548  40.182 0.0000000000
123473  -27.283  -37.365  40.895 0.0000000000
39231  -26.990  -36.596  40.906 0.0000000000
60637  -51.676  -14.346  18.761 0.0000000000
59829  -52.260  -15.090  19.573 0.0000000000
58992  -46.089  -15.887  19.202 0.0000000000
60654  -49.097  -13.411  17.014 0.0000000000
129741  -49.502  -13.779  17.279 0.0000000000
49481  -10.291  -25.336  41.996 0.0000000000
49456  -7.739  -26.340  43.554 0.0000000000
44827  -1.673  -30.443  47.425 0.0000000000
44832  -1.555  -30.479  46.292 0.0000000000
43911  -1.774  -31.393  45.913 0.0000000000
53784  -17.571  -20.335  43.545 0.0000000000
124823  -17.788  -21.153  43.845 0.0000000000
53780  -18.108  -20.673  45.072 0.0000000000
52840  -16.136  -21.480  51.408 0.0000000000
126558  -14.575  -21.061  52.270 0.0000000000
54805  -14.021  -20.625  52.328 0.0000000000
53738  -12.664  -21.352  52.159 0.0000000000
53737  -11.836  -21.346  52.142 0.0000000000
54825  -13.373  -20.441  49.786 0.0000000000
49460  -12.045  -25.045  43.811 0.0000000000
50327  -12.485  -24.470  43.481 0.0000000000
50337  -12.258  -24.200  42.850 0.0000000000
51196  -12.645  -23.506  42.541 0.0000000000
51195  -12.064  -23.924  42.132 0.0000000000
50335  -11.000  -24.962  42.254 0.0000000000
53014  -44.897  -21.044  28.715 0.0000000000
131473  -45.505  -22.688  31.455 0.0000000000
113637  -45.792  -22.238  31.689 0.0000000000
53941  -43.863  -20.162  31.351 0.0000000000
55065  -42.401  -19.978  31.947 0.0000000000
48590  -38.941  -26.373  34.320 0.0000000000
122723  -38.101  -26.308  33.617 0.0000000000
109339  -38.038  -25.828  32.025 0.0000000000
44907  -11.819  -30.453  39.341 0.0000000000
44923  -10.392  -30.780  38.714 0.0000000000
44924  -11.191  -30.703  38.598 0.0000000000
114314  -10.775  -31.989  37.944 0.0000000000
114145  -10.629  -32.709  38.202 0.0000000000
38168  -14.885  -37.319  45.900 0.0000000000
38167  -14.373  -37.197  45.491 0.0000000000
37147  -14.524  -37.671  45.331 0.0000000000
36168  -13.375  -38.780  43.711 0.0000000000
59745  -18.478  -14.395  29.724 0.0000000000
58909  -18.073  -15.095  29.551 0.0000000000
121884  -17.572  -15.684  30.099 0.0000000000
44994  -22.600  -30.602  29.987 0.0000000000
45907  -22.358  -30.000  29.477 0.0000000000
47681  -21.822  -28.217  30.615 0.0000000000
48579  -17.797  -26.072  34.785 0.0000000000
49514  -17.595  -25.185  34.481 0.0000000000
51258  -16.603  -23.579  34.688 0.0000000000
52122  -15.703  -22.642  36.818 0.0000000000
50381  -15.465  -24.774  37.049 0.0000000000
44910  -14.977  -30.757  40.155 0.0000000000
44909  -13.933  -30.765  39.852 0.0000000000
44891  -13.824  -30.571  40.924 0.0000000000
44890  -12.991  -30.647  41.124 0.0000000000
44908  -12.975  -30.637  40.130 0.0000000000
58923  -47.485  -15.602  29.523 0.0000000000
57985  -46.900  -15.742  29.730 0.0000000000
57984  -46.074  -15.991  29.486 0.0000000000
56006  -2.864  -18.458  33.337 0.0000000000
40209  -7.187  -35.801  45.636 0.0000000000
61165  -12.714  -12.347  47.597 0.0000000000
127702  -12.687  -11.693  47.348 0.0000000000
66828  -3.638  -5.358  50.430 0.0000000000
65187  -4.073  -7.325  48.688 0.0000000000
124453  -6.024  -19.694  50.073 0.0000000000
54811  -5.425  -19.524  50.455 0.0000000000
54810  -4.790  -19.302  49.887 0.0000000000
55811  -4.468  -19.128  49.775 0.0000000000
59599  -5.935  -14.841  45.027 0.0000000000
60417  -6.895  -13.699  44.825 0.0000000000
60418  -7.406  -13.246  45.439 0.0000000000
125461  -6.692  -12.938  44.153 0.0000000000
61215  -6.456  -12.193  43.614 0.0000000000
58851  -2.169  -16.222  37.138 0.0000000000
131365  -2.269  -16.774  35.725 0.0000000000
57883  -2.911  -16.472  35.488 0.0000000000
65239  -6.213  -7.572  39.293 0.0000000000
41325  -37.116  -34.564  37.207 0.0000000000
38238  -35.966  -38.007  40.013 0.0000000000
39243  -36.468  -37.090  39.907 0.0000000000
39242  -35.406  -37.063  40.370 0.0000000000
121852  -34.292  -35.873  40.291 0.0000000000
41305  -33.493  -34.748  39.661 0.0000000000
40280  -33.381  -35.397  39.225 0.0000000000
41340  -37.078  -34.871  35.858 0.0000000000
33120  -28.680  -42.212  40.198 0.0000000000
32190  -29.178  -43.077  39.345 0.0000000000
33164  -28.879  -42.894  38.060 0.0000000000
40300  -32.251  -36.001  37.321 0.0000000000
39254  -32.808  -36.384  38.218 0.0000000000
38268  -32.565  -37.707  37.599 0.0000000000
35190  -31.964  -41.624  39.334 0.0000000000
35203  -32.278  -40.801  38.980 0.0000000000
35202  -31.210  -41.068  39.060 0.0000000000
35201  -30.197  -40.957  39.074 0.0000000000
48496  -9.526  -26.550  45.605 0.0000000000
48464  -7.979  -26.538  48.080 0.0000000000
47529  -6.973  -27.219  49.290 0.0000000000
124303  -6.142  -27.347  49.205 0.0000000000
47526  -3.839  -27.841  49.109 0.0000000000
46607  -3.114  -28.488  48.933 0.0000000000
45715  -2.991  -29.217  48.976 0.0000000000
44817  -2.839  -30.633  48.899 0.0000000000
130618  -17.885  -25.835  45.693 0.0000000000
48502  -17.701  -26.408  45.959 0.0000000000
48487  -18.206  -26.926  46.808 0.0000000000
48488  -18.897  -27.087  47.609 0.0000000000
47535  -17.227  -28.387  49.104 0.0000000000
47536  -17.972  -28.118  49.106 0.0000000000
48456  -17.582  -27.850  49.196 0.0000000000
48469  -18.110  -26.318  49.168 0.0000000000
51175  -18.223  -24.419  49.281 0.0000000000
119404  -17.281  -24.143  48.191 0.0000000000
51178  -16.739  -23.467  47.427 0.0000000000
47556  -12.427  -27.356  47.109 0.0000000000
48499  -12.303  -26.339  45.720 0.0000000000
121574  -11.448  -26.525  45.742 0.0000000000
48481  -10.655  -26.703  45.984 0.0000000000
47702  -43.426  -27.455  30.013 0.0000000000
48641  -43.861  -27.048  29.711 0.0000000000
48632  -45.105  -27.140  31.023 0.0000000000
48627  -45.559  -26.328  31.394 0.0000000000
49563  -45.830  -25.715  31.498 0.0000000000
50428  -33.387  -24.972  30.705 0.0000000000
111440  -33.086  -24.559  29.900 0.0000000000
127218  -30.457  -20.902  27.434 0.0000000000
53023  -31.119  -21.134  27.483 0.0000000000
54007  -30.877  -20.394  27.675 0.0000000000
55124  -30.975  -19.829  28.022 0.0000000000
42228  -16.104  -32.923  37.645 0.0000000000
42214  -15.658  -33.591  37.997 0.0000000000
42215  -16.574  -33.428  38.083 0.0000000000
41298  -16.641  -34.349  39.161 0.0000000000
41280  -16.689  -34.674  39.998 0.0000000000
41254  -18.768  -35.105  42.501 0.0000000000
40255  -18.093  -35.201  42.340 0.0000000000
129990  -16.796  -35.659  43.576 0.0000000000
40220  -16.651  -36.115  44.446 0.0000000000
38148  -16.394  -37.290  45.534 0.0000000000
44940  -23.162  -30.058  36.136 0.0000000000
45838  -23.179  -29.349  35.513 0.0000000000
45828  -23.664  -28.993  36.328 0.0000000000
47637  -23.292  -27.661  35.959 0.0000000000
46719  -21.333  -27.936  38.288 0.0000000000
47600  -20.403  -27.745  37.278 0.0000000000
47634  -19.378  -27.301  35.931 0.0000000000
47616  -18.761  -27.868  36.407 0.0000000000
46730  -18.131  -28.374  37.010 0.0000000000
118805  -17.988  -28.729  37.871 0.0000000000
132048  -19.153  -31.007  39.857 0.0000000000
44895  -18.381  -29.844  40.220 0.0000000000
113302  -18.184  -31.378  38.901 0.0000000000
43977  -17.392  -31.525  38.457 0.0000000000
43154  -16.501  -32.223  37.676 0.0000000000
56946  -42.932  -17.210  33.994 0.0000000000
56945  -42.012  -17.350  33.532 0.0000000000
66332  -54.845  -6.319  15.365 0.0000000000
54952  -2.610  -19.493  35.451 0.0000000000
53895  -2.279  -21.052  34.543 0.0000000000
61156  -11.534  -11.677  50.046 0.0000000000
62658  -10.627  -10.744  49.770 0.0000000000
64336  -8.621  -8.753  50.504 0.0000000000
111868  -8.840  -7.947  53.977 0.0000000000
65178  -8.532  -7.630  52.664 0.0000000000
65985  -9.765  -6.715  54.210 0.0000000000
66817  -10.651  -5.615  53.964 0.0000000000
66809  -10.867  -5.586  55.165 0.0000000000
68457  -10.922  -3.632  55.611 0.0000000000
66814  -7.602  -5.236  53.698 0.0000000000
66821  -7.556  -4.544  52.848 0.0000000000
67645  -4.634  -4.203  53.511 0.0000000000
65172  -4.485  -7.591  53.763 0.0000000000
65177  -3.869  -8.005  53.007 0.0000000000
64331  -3.499  -8.465  52.247 0.0000000000
63472  -3.269  -9.971  51.839 0.0000000000
109037  -6.953  -18.154  44.023 0.0000000000
56837  -6.288  -17.579  41.795 0.0000000000
56812  -3.546  -17.566  43.302 0.0000000000
56822  -2.930  -17.197  42.903 0.0000000000
56834  -2.972  -17.433  41.667 0.0000000000
56845  -2.889  -17.593  40.962 0.0000000000
55946  -3.168  -18.191  37.252 0.0000000000
66910  -3.336  -5.575  41.180 0.0000000000
45875  -37.689  -29.006  32.831 0.0000000000
45834  -38.732  -29.415  37.319 0.0000000000
45827  -39.911  -28.871  37.899 0.0000000000
47609  -40.347  -27.373  38.236 0.0000000000
47608  -39.345  -27.078  38.594 0.0000000000
47626  -38.112  -27.064  37.820 0.0000000000
114067  -37.180  -32.172  40.027 0.0000000000
111808  -36.711  -31.220  40.934 0.0000000000
44900  -36.131  -30.435  41.150 0.0000000000
45824  -33.330  -29.334  37.929 0.0000000000
45816  -34.678  -29.285  39.131 0.0000000000
46708  -34.188  -29.043  38.269 0.0000000000
46723  -34.641  -28.514  37.785 0.0000000000
47604  -35.074  -28.040  37.315 0.0000000000
47623  -34.685  -27.846  36.489 0.0000000000
47640  -34.344  -27.613  35.700 0.0000000000
48586  -34.370  -26.929  34.400 0.0000000000
48585  -33.553  -27.032  34.356 0.0000000000
48598  -32.998  -26.678  33.792 0.0000000000
110668  -30.176  -27.939  32.820 0.0000000000
47665  -30.543  -27.275  32.436 0.0000000000
47673  -29.702  -27.449  31.407 0.0000000000
47683  -29.660  -27.069  30.813 0.0000000000
120844  -29.754  -26.553  30.323 0.0000000000
48650  -29.364  -26.145  29.099 0.0000000000
48648  -28.321  -26.489  27.898 0.0000000000
42165  -25.027  -32.244  45.405 0.0000000000
42158  -26.737  -33.354  45.820 0.0000000000
36170  -25.336  -39.153  43.444 0.0000000000
38178  -25.396  -38.296  44.629 0.0000000000
117940  -24.607  -38.704  43.291 0.0000000000
37159  -24.154  -38.216  42.969 0.0000000000
38210  -23.645  -37.551  41.795 0.0000000000
47709  -27.918  -27.407  28.221 0.0000000000
112665  -27.511  -28.809  28.983 0.0000000000
44049  -27.321  -31.166  31.569 0.0000000000
44981  -26.981  -30.888  30.855 0.0000000000
44048  -26.572  -31.511  31.326 0.0000000000
44059  -26.174  -31.239  30.642 0.0000000000
44047  -25.739  -31.797  31.154 0.0000000000
44058  -25.293  -31.538  30.470 0.0000000000
43216  -25.337  -32.322  31.684 0.0000000000
39306  -30.151  -36.465  35.714 0.0000000000
39305  -29.367  -36.445  35.505 0.0000000000
39304  -28.542  -36.474  35.378 0.0000000000
113083  -26.336  -36.729  37.221 0.0000000000
39288  -25.823  -36.177  36.849 0.0000000000
40296  -25.373  -35.684  36.492 0.0000000000
40314  -24.981  -35.348  36.083 0.0000000000
41335  -24.972  -35.087  35.379 0.0000000000
41334  -24.471  -34.806  36.100 0.0000000000
41327  -23.817  -34.086  36.113 0.0000000000
42238  -23.675  -33.713  36.785 0.0000000000
114676  -23.341  -33.222  36.187 0.0000000000
42231  -23.866  -33.688  37.566 0.0000000000
42183  -26.754  -33.457  42.059 0.0000000000
43106  -26.740  -32.426  42.299 0.0000000000
43936  -26.617  -31.464  42.542 0.0000000000
109578  -26.652  -31.348  43.248 0.0000000000
43922  -26.348  -31.012  43.715 0.0000000000
62983  -52.340  -10.465  20.913 0.0000000000
62984  -53.116  -11.524  21.906 0.0000000000
61384  -52.965  -12.898  21.774 0.0000000000
62159  -51.421  -11.948  21.920 0.0000000000
120019  -49.183  -10.508  22.259 0.0000000000
62966  -49.638  -10.738  21.776 0.0000000000
120358  -51.408  -17.206  19.423 0.0000000000
59825  -46.857  -13.876  18.497 0.0000000000
63015  -49.748  -9.885  18.374 0.0000000000
63001  -50.842  -10.122  19.468 0.0000000000
125310  -9.268  -22.787  38.575 0.0000000000
51241  -8.546  -23.025  38.571 0.0000000000
51228  -8.099  -23.669  38.999 0.0000000000
49477  -6.308  -25.372  41.685 0.0000000000
50345  -5.598  -25.034  41.537 0.0000000000
129369  -4.958  -24.887  41.734 0.0000000000
50332  -2.688  -24.753  41.815 0.0000000000
49475  -2.320  -25.026  41.458 0.0000000000
48526  -2.486  -25.584  42.018 0.0000000000
112969  -6.859  -26.364  45.892 0.0000000000
48505  -4.312  -26.255  45.326 0.0000000000
45750  -2.012  -29.125  44.528 0.0000000000
45758  -2.390  -29.329  43.720 0.0000000000
57858  -16.007  -16.215  41.103 0.0000000000
58821  -15.468  -15.939  41.158 0.0000000000
57844  -15.557  -16.740  42.582 0.0000000000
113397  -15.168  -16.727  43.100 0.0000000000
56801  -16.051  -17.924  45.619 0.0000000000
56800  -15.381  -17.444  45.419 0.0000000000
56799  -14.843  -17.217  46.065 0.0000000000
57793  -12.895  -16.156  46.961 0.0000000000
57794  -13.597  -16.476  47.560 0.0000000000
52857  -19.422  -22.275  47.409 0.0000000000
54837  -18.522  -19.904  48.777 0.0000000000
55807  -17.311  -18.052  51.634 0.0000000000
55809  -17.468  -18.205  51.260 0.0000000000
56761  -17.363  -16.986  52.090 0.0000000000
56767  -17.221  -16.329  52.071 0.0000000000
57777  -16.413  -14.862  52.013 0.0000000000
126840  -15.089  -13.168  51.538 0.0000000000
59565  -14.708  -13.489  51.929 0.0000000000
59564  -13.412  -13.890  51.581 0.0000000000
58738  -9.111  -15.555  51.211 0.0000000000
58737  -8.422  -15.767  51.874 0.0000000000
53745  -10.201  -21.230  52.081 0.0000000000
53744  -8.970  -20.709  51.254 0.0000000000
110543  -8.036  -20.452  51.052 0.0000000000
52855  -15.835  -21.395  46.674 0.0000000000
53767  -15.423  -20.710  46.656 0.0000000000
53766  -14.886  -20.163  46.369 0.0000000000
54850  -14.431  -19.777  46.529 0.0000000000
54866  -13.766  -19.955  44.155 0.0000000000
123233  -13.456  -19.530  44.606 0.0000000000
55879  -10.623  -18.415  45.200 0.0000000000
55864  -9.700  -18.413  45.378 0.0000000000
112109  -10.433  -18.439  44.330 0.0000000000
55906  -11.122  -18.665  42.879 0.0000000000
52072  -11.755  -22.403  40.474 0.0000000000
52887  -11.869  -21.618  40.291 0.0000000000
52902  -11.543  -21.185  39.660 0.0000000000
53809  -11.109  -20.550  39.201 0.0000000000
52100  -10.338  -21.504  38.440 0.0000000000
56108  -47.409  -18.850  25.768 0.0000000000
56081  -46.880  -18.420  28.063 0.0000000000
57014  -50.377  -17.045  29.949 0.0000000000
56998  -49.738  -17.323  30.664 0.0000000000
56982  -49.489  -16.966  31.352 0.0000000000
51313  -45.604  -23.919  28.957 0.0000000000
52167  -47.060  -22.807  30.177 0.0000000000
52991  -48.052  -22.069  30.970 0.0000000000
53926  -47.588  -20.481  32.647 0.0000000000
56025  -48.026  -18.790  32.763 0.0000000000
128899  -45.164  -17.649  35.490 0.0000000000
56923  -45.063  -17.913  35.804 0.0000000000
54993  -42.923  -19.632  35.597 0.0000000000
54970  -43.282  -19.491  36.512 0.0000000000
54969  -42.380  -19.916  36.292 0.0000000000
124944  -42.268  -28.113  33.261 0.0000000000
49558  -40.939  -25.785  32.380 0.0000000000
49542  -42.024  -25.884  33.009 0.0000000000
50450  -41.655  -24.228  29.611 0.0000000000
50444  -36.076  -24.880  29.125 0.0000000000
50459  -36.458  -24.233  28.442 0.0000000000
51308  -36.743  -23.581  28.036 0.0000000000
51322  -36.873  -23.065  27.793 0.0000000000
52996  -39.499  -21.251  28.959 0.0000000000
45771  -8.920  -29.173  42.593 0.0000000000
122405  -8.312  -29.401  41.761 0.0000000000
43121  -7.979  -32.228  39.546 0.0000000000
43952  -7.600  -31.700  39.885 0.0000000000
43110  -7.464  -32.536  40.104 0.0000000000
42179  -7.154  -33.738  41.083 0.0000000000
41260  -6.861  -34.101  41.853 0.0000000000
41277  -13.647  -35.100  39.845 0.0000000000
41276  -12.819  -35.093  39.726 0.0000000000
38184  -11.201  -37.558  43.761 0.0000000000
38183  -10.236  -37.752  43.733 0.0000000000
37137  -10.307  -39.227  45.459 0.0000000000
36159  -10.545  -39.495  45.322 0.0000000000
40203  -22.273  -35.152  46.285 0.0000000000
41230  -22.080  -34.764  45.607 0.0000000000
40192  -21.656  -35.731  46.492 0.0000000000
122731  -20.988  -36.315  46.269 0.0000000000
38197  -19.161  -37.513  42.836 0.0000000000
38205  -18.619  -37.569  42.308 0.0000000000
38196  -18.488  -37.668  43.316 0.0000000000
37167  -17.659  -37.792  43.817 0.0000000000
37166  -17.319  -37.888  43.089 0.0000000000
37176  -16.598  -38.058  41.960 0.0000000000
61302  -16.435  -12.679  35.149 0.0000000000
60516  -17.152  -13.454  35.291 0.0000000000
124411  -17.513  -14.088  35.489 0.0000000000
59693  -17.362  -14.632  36.065 0.0000000000
48668  -25.636  -26.971  26.086 0.0000000000
49625  -25.452  -25.584  25.731 0.0000000000
48685  -25.162  -26.445  25.702 0.0000000000
49623  -23.510  -25.700  25.322 0.0000000000
47724  -21.465  -26.903  27.579 0.0000000000
48657  -21.380  -26.162  26.726 0.0000000000
49612  -20.721  -24.514  26.733 0.0000000000
51325  -20.511  -23.546  26.713 0.0000000000
52180  -20.304  -22.589  26.766 0.0000000000
52179  -19.727  -22.467  27.625 0.0000000000
53017  -19.352  -21.673  28.023 0.0000000000
47656  -21.810  -27.131  33.176 0.0000000000
47662  -21.732  -27.243  32.428 0.0000000000
48610  -21.399  -26.739  32.729 0.0000000000
48609  -20.999  -26.347  32.056 0.0000000000
49547  -20.428  -25.679  31.640 0.0000000000
51278  -18.065  -23.473  32.580 0.0000000000
51281  -18.520  -23.422  31.785 0.0000000000
52156  -18.385  -22.292  30.787 0.0000000000
52162  -18.669  -21.929  29.942 0.0000000000
52986  -18.098  -21.533  30.672 0.0000000000
53947  -17.822  -20.681  30.542 0.0000000000
120579  -17.424  -19.962  30.694 0.0000000000
55053  -17.021  -19.635  31.189 0.0000000000
132297  -16.758  -19.404  31.627 0.0000000000
55052  -16.526  -19.113  32.153 0.0000000000
53896  -15.650  -20.183  34.846 0.0000000000
54975  -15.791  -19.639  34.316 0.0000000000
54974  -15.630  -19.506  35.081 0.0000000000
55995  -16.041  -18.258  35.406 0.0000000000
120619  -16.406  -17.573  35.743 0.0000000000
56884  -16.540  -17.422  36.657 0.0000000000
56877  -16.628  -17.290  37.553 0.0000000000
56869  -16.666  -17.247  38.477 0.0000000000
55935  -16.503  -18.307  38.640 0.0000000000
130118  -16.450  -19.016  39.022 0.0000000000
52101  -16.284  -21.876  39.111 0.0000000000
129579  -16.548  -21.990  40.137 0.0000000000
117801  -16.868  -21.734  41.236 0.0000000000
129178  -16.578  -22.721  40.907 0.0000000000
47598  -15.399  -27.524  37.431 0.0000000000
130191  -15.287  -26.891  37.192 0.0000000000
48540  -14.402  -26.766  38.763 0.0000000000
47579  -13.550  -27.545  40.778 0.0000000000
48536  -13.688  -27.098  40.178 0.0000000000
48532  -13.447  -26.906  40.982 0.0000000000
49482  -14.432  -25.660  41.771 0.0000000000
49473  -14.620  -25.748  42.491 0.0000000000
48521  -14.229  -26.688  43.471 0.0000000000
44861  -12.708  -30.396  42.896 0.0000000000
44852  -13.082  -30.123  43.475 0.0000000000
44851  -12.466  -30.386  43.659 0.0000000000
44843  -12.355  -30.394  44.489 0.0000000000
114599  -12.826  -30.238  44.954 0.0000000000
44849  -10.994  -29.871  44.331 0.0000000000
63788  -52.767  -9.013  25.087 0.0000000000
64563  -53.128  -8.468  24.651 0.0000000000
64537  -51.855  -8.127  26.175 0.0000000000
55164  -49.606  -20.022  24.754 0.0000000000
54053  -49.219  -20.287  24.195 0.0000000000
55156  -50.042  -19.552  25.102 0.0000000000
111167  -50.139  -19.358  24.958 0.0000000000
57099  -50.083  -18.725  24.939 0.0000000000
58028  -46.078  -16.263  26.071 0.0000000000
58048  -46.930  -16.370  25.548 0.0000000000
58047  -45.977  -16.414  25.249 0.0000000000
58068  -45.695  -16.526  24.462 0.0000000000
52140  -0.973  -22.427  32.646 0.0000000000
52965  -1.638  -21.877  32.537 0.0000000000
128737  -1.690  -22.572  32.522 0.0000000000
52131  -3.264  -23.155  32.942 0.0000000000
111178  -4.639  -23.800  38.365 0.0000000000
45760  -6.307  -29.373  43.773 0.0000000000
46656  -6.532  -28.890  44.392 0.0000000000
45751  -5.563  -29.677  44.367 0.0000000000
43915  -4.907  -30.679  45.162 0.0000000000
42152  -5.837  -33.434  47.367 0.0000000000
42150  -5.227  -33.764  48.124 0.0000000000
43078  -4.568  -32.990  48.479 0.0000000000
42149  -4.558  -33.606  48.437 0.0000000000
41220  -4.161  -34.073  48.183 0.0000000000
41225  -3.943  -34.423  47.467 0.0000000000
59634  -11.977  -14.299  42.326 0.0000000000
60460  -11.997  -13.749  41.521 0.0000000000
60447  -11.652  -13.524  42.352 0.0000000000
61230  -11.554  -12.693  42.473 0.0000000000
61959  -11.592  -11.870  42.698 0.0000000000
63498  -12.452  -9.092  45.814 0.0000000000
64341  -9.849  -8.189  48.726 0.0000000000
64342  -10.606  -8.245  48.174 0.0000000000
130825  -9.501  -7.460  48.713 0.0000000000
66002  -9.559  -6.654  48.462 0.0000000000
68516  -6.569  -3.310  49.499 0.0000000000
68517  -7.206  -3.119  49.037 0.0000000000
59555  -6.358  -14.817  54.378 0.0000000000
116518  -6.176  -15.516  54.300 0.0000000000
59554  -5.273  -15.296  54.526 0.0000000000
58735  -3.584  -16.037  52.553 0.0000000000
60376  -3.741  -13.382  51.715 0.0000000000
61143  -3.934  -12.634  51.384 0.0000000000
55826  -3.924  -19.071  47.487 0.0000000000
57783  -5.403  -17.022  48.323 0.0000000000
58758  -7.190  -15.026  47.819 0.0000000000
58751  -7.078  -15.051  48.643 0.0000000000
59576  -7.360  -14.367  48.261 0.0000000000
129012  -6.604  -11.621  49.210 0.0000000000
63482  -4.977  -9.657  48.989 0.0000000000
62661  -5.997  -10.022  48.571 0.0000000000
63486  -6.217  -9.390  47.937 0.0000000000
63497  -7.568  -10.034  45.280 0.0000000000
64349  -7.449  -9.402  46.092 0.0000000000
66011  -6.440  -6.382  46.124 0.0000000000
110152  -6.617  -6.966  45.723 0.0000000000
126820  -6.650  -5.626  44.718 0.0000000000
113295  -4.291  -9.985  42.491 0.0000000000
63516  -2.856  -8.984  42.123 0.0000000000
63515  -2.435  -8.946  41.668 0.0000000000
62712  -2.154  -9.866  41.272 0.0000000000
63538  -2.267  -9.970  41.014 0.0000000000
58819  -2.851  -15.456  41.655 0.0000000000
60479  -5.108  -13.068  39.199 0.0000000000
61275  -5.873  -12.653  39.024 0.0000000000
60499  -6.175  -13.880  38.065 0.0000000000
57885  -4.662  -16.321  34.966 0.0000000000
116772  -6.710  -15.752  34.671 0.0000000000
132096  -37.840  -36.833  36.608 0.0000000000
39274  -37.778  -36.712  37.194 0.0000000000
38270  -37.646  -37.366  37.010 0.0000000000
37219  -37.281  -37.959  37.585 0.0000000000
121592  -37.031  -38.171  38.407 0.0000000000
36225  -36.566  -39.167  37.753 0.0000000000
121132  -34.531  -38.490  39.871 0.0000000000
37217  -34.094  -38.535  39.378 0.0000000000
32193  -30.860  -43.647  38.905 0.0000000000
33167  -31.053  -42.689  37.150 0.0000000000
37216  -33.615  -38.745  38.660 0.0000000000
37203  -33.970  -39.252  39.136 0.0000000000
34152  -34.398  -41.077  38.990 0.0000000000
34151  -33.524  -41.698  39.103 0.0000000000
35191  -32.884  -41.290  39.202 0.0000000000
34150  -32.548  -42.137  39.315 0.0000000000
114393  -32.180  -42.907  39.224 0.0000000000
54151  -49.447  -20.381  20.160 0.0000000000
47544  -10.138  -27.553  48.261 0.0000000000
47531  -8.730  -27.612  49.655 0.0000000000
47530  -8.047  -27.512  49.774 0.0000000000
46610  -6.756  -27.620  49.130 0.0000000000
46645  -15.928  -28.844  47.120 0.0000000000
46646  -16.647  -28.440  47.177 0.0000000000
46635  -16.721  -29.137  48.762 0.0000000000
44821  -14.086  -30.319  48.894 0.0000000000
118423  -15.400  -29.783  49.048 0.0000000000
46619  -16.121  -29.320  49.122 0.0000000000
122485  -16.466  -28.688  49.155 0.0000000000
47548  -15.931  -28.229  48.921 0.0000000000
48466  -15.185  -27.470  47.858 0.0000000000
47547  -12.885  -28.106  47.950 0.0000000000
47546  -11.969  -27.896  47.863 0.0000000000
47545  -11.062  -27.708  47.948 0.0000000000
47719  -42.695  -27.185  29.523 0.0000000000
123122  -42.918  -27.706  30.100 0.0000000000
47687  -43.656  -28.126  30.965 0.0000000000
50456  -31.242  -24.087  29.053 0.0000000000
51301  -30.797  -23.599  28.394 0.0000000000
52170  -31.068  -22.825  28.031 0.0000000000
117474  -29.944  -21.914  27.208 0.0000000000
54006  -29.926  -20.414  27.541 0.0000000000
56059  -28.698  -18.687  29.598 0.0000000000
55093  -27.504  -19.460  29.371 0.0000000000
42199  -18.849  -33.473  38.895 0.0000000000
41301  -19.216  -34.034  39.657 0.0000000000
41283  -19.434  -34.431  40.603 0.0000000000
41266  -19.455  -34.748  41.766 0.0000000000
41255  -19.417  -34.977  42.740 0.0000000000
46707  -24.309  -28.715  38.609 0.0000000000
46720  -24.149  -28.569  37.853 0.0000000000
46689  -23.759  -28.365  39.275 0.0000000000
46688  -22.699  -28.285  39.530 0.0000000000
114636  -21.308  -28.269  39.012 0.0000000000
46703  -20.594  -28.355  38.753 0.0000000000
46685  -19.791  -28.744  39.398 0.0000000000
130046  -19.669  -30.263  40.612 0.0000000000
44896  -20.250  -30.295  40.895 0.0000000000
43959  -19.580  -31.751  39.459 0.0000000000
43979  -19.326  -32.278  38.964 0.0000000000
67104  -54.628  -5.351  18.638 0.0000000000
67072  -53.677  -5.798  21.047 0.0000000000
129999  -53.788  -6.887  16.469 0.0000000000
66326  -54.220  -6.613  15.967 0.0000000000
66327  -54.666  -6.050  17.235 0.0000000000
54954  -4.998  -19.940  35.670 0.0000000000
52953  -4.405  -21.380  35.423 0.0000000000
52124  -4.443  -22.119  35.566 0.0000000000
51254  -3.871  -22.940  35.559 0.0000000000
121328  -2.744  -24.022  36.059 0.0000000000
61893  -8.914  -11.081  50.755 0.0000000000
62650  -8.532  -10.520  51.729 0.0000000000
63476  -8.463  -9.430  52.131 0.0000000000
63474  -8.356  -9.347  53.193 0.0000000000
64333  -8.409  -8.420  53.018 0.0000000000
132203  -9.441  -7.603  55.366 0.0000000000
65973  -9.875  -6.425  55.864 0.0000000000
66804  -9.660  -5.713  55.899 0.0000000000
65972  -9.215  -6.234  55.894 0.0000000000
65976  -8.578  -6.106  55.612 0.0000000000
65164  -8.488  -7.741  55.709 0.0000000000
65975  -7.844  -6.436  55.309 0.0000000000
65983  -7.249  -6.100  54.149 0.0000000000
65982  -6.183  -6.509  53.829 0.0000000000
66812  -5.558  -5.791  53.361 0.0000000000
65173  -5.262  -7.631  54.270 0.0000000000
64325  -5.376  -8.761  54.863 0.0000000000
63470  -4.725  -9.032  54.450 0.0000000000
55903  -8.747  -18.033  41.796 0.0000000000
118342  -8.165  -17.949  42.576 0.0000000000
56839  -8.117  -17.749  41.078 0.0000000000
56858  -8.286  -17.923  39.293 0.0000000000
56848  -7.476  -17.566  40.517 0.0000000000
56847  -6.607  -17.474  40.833 0.0000000000
109761  -5.803  -17.440  40.230 0.0000000000
109762  -4.796  -17.459  40.130 0.0000000000
56865  -5.717  -17.496  38.521 0.0000000000
55949  -6.802  -18.344  37.263 0.0000000000
66886  -6.097  -4.894  42.693 0.0000000000
45818  -39.116  -28.743  39.576 0.0000000000
42190  -34.376  -32.746  40.887 0.0000000000
43114  -34.249  -31.887  40.824 0.0000000000
43964  -33.483  -31.495  40.147 0.0000000000
119634  -33.498  -30.802  39.870 0.0000000000
44928  -33.336  -30.281  39.267 0.0000000000
43994  -32.392  -31.183  38.558 0.0000000000
125558  -32.715  -30.573  38.725 0.0000000000
45814  -32.905  -29.931  38.414 0.0000000000
115870  -32.713  -28.737  36.336 0.0000000000
46741  -32.457  -28.403  35.581 0.0000000000
46751  -32.184  -27.972  34.883 0.0000000000
46749  -30.826  -28.546  34.266 0.0000000000
45849  -30.563  -29.280  34.577 0.0000000000
46782  -28.874  -28.238  30.863 0.0000000000
41244  -27.787  -34.635  44.494 0.0000000000
40215  -27.919  -35.531  44.638 0.0000000000
39203  -27.630  -36.394  44.785 0.0000000000
38194  -27.469  -38.153  43.510 0.0000000000
38193  -26.899  -38.536  44.008 0.0000000000
37153  -25.866  -38.750  44.093 0.0000000000
45896  -28.272  -28.928  30.329 0.0000000000
45897  -28.587  -28.939  31.062 0.0000000000
44983  -28.278  -30.155  31.700 0.0000000000
110579  -28.771  -30.783  33.304 0.0000000000
44035  -27.738  -31.362  32.302 0.0000000000
43207  -27.494  -32.089  32.734 0.0000000000
43196  -27.280  -32.807  33.140 0.0000000000
122983  -28.696  -37.861  36.273 0.0000000000
38266  -26.801  -37.346  37.664 0.0000000000
39272  -26.286  -36.783  38.125 0.0000000000
39252  -25.864  -36.195  38.626 0.0000000000
40271  -25.531  -35.556  39.216 0.0000000000
41317  -24.930  -34.981  38.952 0.0000000000
41285  -26.374  -34.912  41.060 0.0000000000
41270  -26.804  -34.435  41.896 0.0000000000
62215  -51.497  -12.247  19.210 0.0000000000
126483  -52.520  -12.884  19.960 0.0000000000
61408  -52.743  -13.432  20.740 0.0000000000
60602  -52.883  -13.117  21.266 0.0000000000
61394  -52.336  -13.371  21.350 0.0000000000
131079  -48.899  -16.024  19.250 0.0000000000
58159  -48.120  -16.000  18.887 0.0000000000
118327  -48.714  -12.092  16.819 0.0000000000
61443  -49.218  -12.712  17.146 0.0000000000
129250  -50.282  -12.217  18.161 0.0000000000
50362  -9.510  -24.317  39.950 0.0000000000
50361  -8.796  -24.756  40.249 0.0000000000
49479  -8.301  -25.757  41.615 0.0000000000
49478  -7.328  -25.803  41.912 0.0000000000
49476  -5.503  -25.337  42.216 0.0000000000
48472  -2.834  -26.728  46.525 0.0000000000
46654  -1.726  -29.069  45.282 0.0000000000
45743  -1.564  -29.573  45.918 0.0000000000
45749  -1.668  -29.772  44.883 0.0000000000
45757  -1.867  -29.975  44.024 0.0000000000
54880  -16.814  -19.062  42.017 0.0000000000
55908  -16.674  -18.337  42.405 0.0000000000
55909  -16.967  -18.995  42.848 0.0000000000
55882  -16.863  -18.436  44.169 0.0000000000
110616  -17.514  -19.589  44.014 0.0000000000
55883  -17.362  -18.997  44.366 0.0000000000
55867  -16.596  -18.192  44.979 0.0000000000
55850  -16.789  -18.396  45.855 0.0000000000
56794  -16.220  -18.076  46.477 0.0000000000
56784  -16.334  -18.094  47.417 0.0000000000
52846  -18.994  -21.611  50.624 0.0000000000
53759  -18.904  -20.894  50.375 0.0000000000
53752  -18.790  -21.051  50.972 0.0000000000
54809  -17.971  -20.098  51.277 0.0000000000
125539  -17.110  -19.367  51.759 0.0000000000
53742  -16.553  -21.202  51.767 0.0000000000
55806  -16.888  -17.945  52.162 0.0000000000
119934  -13.371  -19.942  52.219 0.0000000000
130050  -11.259  -18.143  51.411 0.0000000000
56757  -10.519  -18.733  51.712 0.0000000000
55802  -10.380  -20.238  52.317 0.0000000000
53736  -10.936  -21.285  52.087 0.0000000000
53753  -11.115  -21.118  51.061 0.0000000000
124288  -14.766  -22.225  44.560 0.0000000000
52049  -14.335  -22.145  44.051 0.0000000000
52868  -14.086  -21.206  43.795 0.0000000000
51191  -13.436  -23.385  43.409 0.0000000000
130834  -13.934  -22.071  43.546 0.0000000000
53777  -13.839  -20.449  43.814 0.0000000000
53783  -13.600  -20.714  43.288 0.0000000000
53787  -13.095  -20.215  42.895 0.0000000000
112584  -12.789  -20.589  42.084 0.0000000000
52879  -12.624  -21.352  41.464 0.0000000000
52061  -12.111  -22.701  41.164 0.0000000000
52073  -12.268  -21.908  40.942 0.0000000000
56092  -44.936  -18.856  27.011 0.0000000000
55127  -45.264  -18.955  27.770 0.0000000000
109834  -46.053  -18.815  28.521 0.0000000000
56063  -46.726  -18.890  29.491 0.0000000000
50422  -47.353  -24.234  31.230 0.0000000000
51290  -47.702  -23.559  31.238 0.0000000000
130969  -47.409  -22.945  32.167 0.0000000000
52985  -47.331  -22.275  32.175 0.0000000000
126772  -46.310  -21.662  32.091 0.0000000000
53944  -47.020  -21.145  32.502 0.0000000000
55018  -44.149  -19.378  34.158 0.0000000000
55017  -43.126  -19.571  33.746 0.0000000000
109408  -41.530  -19.902  35.469 0.0000000000
54968  -40.697  -20.045  35.438 0.0000000000
47643  -41.595  -27.124  35.045 0.0000000000
47653  -41.838  -27.128  34.232 0.0000000000
48593  -41.521  -26.828  34.708 0.0000000000
49528  -40.582  -26.118  33.505 0.0000000000
48604  -39.906  -26.206  33.923 0.0000000000
49594  -39.353  -25.145  29.966 0.0000000000
53027  -35.591  -21.753  27.781 0.0000000000
44870  -9.582  -29.820  41.154 0.0000000000
43954  -8.819  -30.752  39.468 0.0000000000
44922  -9.683  -30.701  39.059 0.0000000000
129491  -9.188  -31.096  38.954 0.0000000000
43953  -8.448  -31.496  39.307 0.0000000000
115738  -8.667  -32.513  39.116 0.0000000000
132191  -8.726  -34.070  39.883 0.0000000000
41273  -9.238  -34.482  40.143 0.0000000000
39212  -13.322  -36.715  44.343 0.0000000000
38186  -13.105  -37.157  44.637 0.0000000000
38166  -12.633  -37.924  44.537 0.0000000000
36163  -11.602  -39.249  44.574 0.0000000000
38191  -22.369  -37.435  43.851 0.0000000000
129313  -21.758  -37.400  44.610 0.0000000000
110773  -20.955  -37.343  43.390 0.0000000000
109479  -20.776  -37.031  41.250 0.0000000000
128412  -20.041  -37.152  41.231 0.0000000000
38206  -19.480  -37.362  41.893 0.0000000000
58887  -17.306  -15.428  33.101 0.0000000000
45926  -24.139  -29.622  27.189 0.0000000000
45934  -23.563  -29.189  26.890 0.0000000000
46820  -22.914  -28.927  27.107 0.0000000000
121474  -22.299  -28.415  27.456 0.0000000000
124983  -22.058  -28.456  28.201 0.0000000000
48647  -21.046  -26.452  28.439 0.0000000000
115093  -20.413  -25.322  28.602 0.0000000000
49517  -20.074  -25.926  34.028 0.0000000000
49526  -20.297  -25.797  33.307 0.0000000000
49525  -19.620  -25.487  33.535 0.0000000000
50407  -19.275  -25.034  33.192 0.0000000000
127334  -18.177  -23.960  33.094 0.0000000000
52975  -17.051  -21.600  32.354 0.0000000000
125269  -16.736  -21.045  32.550 0.0000000000
52974  -16.668  -21.492  33.013 0.0000000000
115957  -16.329  -21.284  33.624 0.0000000000
52129  -16.257  -22.301  34.447 0.0000000000
53876  -15.567  -20.399  35.499 0.0000000000
52932  -15.807  -21.447  37.748 0.0000000000
110396  -15.811  -22.499  37.796 0.0000000000
51231  -15.776  -23.540  39.082 0.0000000000
46673  -14.479  -29.104  40.844 0.0000000000
119449  -13.678  -28.395  41.230 0.0000000000
46667  -13.387  -28.386  42.049 0.0000000000
114058  -13.096  -30.406  42.299 0.0000000000
44873  -12.877  -30.581  41.768 0.0000000000
44872  -12.332  -30.522  42.180 0.0000000000
109967  -11.390  -30.283  41.878 0.0000000000
58017  -50.747  -16.583  27.561 0.0000000000
58032  -50.413  -16.796  26.773 0.0000000000
58016  -50.049  -16.047  27.385 0.0000000000
58015  -48.714  -15.801  27.279 0.0000000000
109852  -47.325  -15.816  27.269 0.0000000000
58940  -47.225  -15.748  28.184 0.0000000000
109591  -46.173  -16.008  26.938 0.0000000000
56952  -5.482  -17.726  32.613 0.0000000000
56017  -5.091  -18.534  32.430 0.0000000000
55024  -5.211  -19.523  32.396 0.0000000000
55023  -4.315  -19.159  32.558 0.0000000000
52961  -6.021  -22.047  33.342 0.0000000000
42169  -5.883  -33.017  43.452 0.0000000000
42162  -6.165  -33.623  45.410 0.0000000000
40197  -6.951  -35.229  46.459 0.0000000000
60419  -11.560  -13.641  45.323 0.0000000000
60429  -11.488  -13.450  44.556 0.0000000000
61189  -11.526  -12.809  45.088 0.0000000000
61909  -11.781  -12.030  45.804 0.0000000000
62671  -12.164  -10.728  46.005 0.0000000000
61910  -12.347  -11.372  46.637 0.0000000000
119197  -12.431  -7.723  46.224 0.0000000000
65196  -11.856  -7.042  46.654 0.0000000000
67653  -10.371  -4.694  51.246 0.0000000000
67659  -9.790  -4.925  50.441 0.0000000000
67672  -5.694  -4.996  48.991 0.0000000000
112821  -6.186  -18.500  53.115 0.0000000000
126998  -5.436  -18.158  53.265 0.0000000000
56749  -4.299  -17.672  52.639 0.0000000000
55798  -5.103  -19.099  51.930 0.0000000000
57767  -4.020  -17.266  52.147 0.0000000000
58765  -6.504  -15.462  46.583 0.0000000000
58766  -7.119  -14.932  46.954 0.0000000000
59584  -7.401  -14.329  47.383 0.0000000000
60400  -7.563  -13.013  47.459 0.0000000000
61903  -7.450  -11.672  47.739 0.0000000000
61164  -7.583  -12.307  47.189 0.0000000000
61188  -7.544  -12.343  45.446 0.0000000000
61917  -7.563  -11.572  45.123 0.0000000000
62669  -7.611  -10.942  45.625 0.0000000000
120693  -7.493  -10.215  44.380 0.0000000000
64359  -7.253  -8.995  43.661 0.0000000000
129874  -5.866  -11.259  42.975 0.0000000000
62700  -5.183  -10.370  42.619 0.0000000000
61955  -3.162  -11.368  42.040 0.0000000000
57861  -1.650  -17.197  39.210 0.0000000000
115452  -1.780  -16.322  38.652 0.0000000000
44004  -35.295  -31.945  37.194 0.0000000000
42235  -36.751  -33.737  37.944 0.0000000000
43128  -36.961  -32.874  39.997 0.0000000000
115409  -36.458  -32.966  40.779 0.0000000000
40281  -37.628  -35.872  37.555 0.0000000000
122770  -37.136  -34.885  38.976 0.0000000000
40274  -36.205  -36.181  40.262 0.0000000000
41289  -36.473  -34.213  40.344 0.0000000000
42192  -35.806  -33.460  41.109 0.0000000000
42191  -35.097  -33.120  41.183 0.0000000000
42205  -33.741  -33.247  40.414 0.0000000000
41304  -32.981  -34.113  39.329 0.0000000000
42220  -32.552  -33.448  38.791 0.0000000000
42232  -31.670  -33.047  37.475 0.0000000000
36188  -27.610  -40.180  41.736 0.0000000000
35170  -27.805  -40.827  41.387 0.0000000000
34136  -27.537  -41.750  40.726 0.0000000000
33118  -27.384  -42.002  40.056 0.0000000000
33131  -27.910  -42.492  39.591 0.0000000000
32216  -29.633  -43.330  38.521 0.0000000000
42239  -30.777  -33.506  36.186 0.0000000000
41330  -31.081  -34.082  36.441 0.0000000000
40299  -31.463  -35.661  36.466 0.0000000000
39290  -30.972  -36.567  36.082 0.0000000000
37229  -31.557  -39.034  37.268 0.0000000000
37228  -30.805  -39.072  36.975 0.0000000000
37227  -29.845  -39.012  36.949 0.0000000000
59029  -50.749  -16.030  18.081 0.0000000000
58160  -51.480  -16.852  18.809 0.0000000000
57140  -50.749  -17.887  18.373 0.0000000000
57130  -51.409  -17.865  18.929 0.0000000000
116848  -50.659  -17.617  19.587 0.0000000000
55200  -50.527  -19.502  19.472 0.0000000000
129661  -49.693  -17.664  19.592 0.0000000000
58144  -44.871  -16.046  20.181 0.0000000000
49444  -9.681  -26.249  43.913 0.0000000000
48519  -9.006  -26.347  43.809 0.0000000000
48510  -9.047  -26.411  44.462 0.0000000000
48495  -8.226  -26.481  45.790 0.0000000000
48474  -4.495  -26.491  47.221 0.0000000000
47543  -8.680  -26.954  48.494 0.0000000000
110885  -6.766  -26.609  48.364 0.0000000000
48455  -6.867  -26.794  49.027 0.0000000000
47552  -2.735  -27.252  47.458 0.0000000000
46622  -2.024  -28.805  48.037 0.0000000000
45724  -1.893  -29.486  48.143 0.0000000000
43083  -2.545  -32.862  46.208 0.0000000000
51189  -17.914  -23.443  44.391 0.0000000000
52045  -18.253  -23.066  44.970 0.0000000000
50325  -18.132  -23.716  45.041 0.0000000000
51185  -18.596  -23.590  45.597 0.0000000000
119618  -19.126  -23.370  46.313 0.0000000000
49439  -18.693  -25.057  46.041 0.0000000000
50315  -19.064  -24.358  46.356 0.0000000000
52041  -19.524  -23.095  47.205 0.0000000000
128474  -19.971  -23.635  47.955 0.0000000000
51177  -20.049  -23.821  48.948 0.0000000000
52035  -20.038  -23.199  49.558 0.0000000000
47561  -18.214  -27.810  47.681 0.0000000000
48470  -19.303  -27.000  48.513 0.0000000000
47537  -18.464  -27.704  48.919 0.0000000000
48458  -18.992  -27.222  49.028 0.0000000000
48471  -19.538  -26.381  48.576 0.0000000000
50309  -19.850  -25.225  49.383 0.0000000000
51174  -20.154  -23.976  50.022 0.0000000000
52032  -19.907  -23.260  50.056 0.0000000000
52031  -19.361  -23.012  50.167 0.0000000000
52030  -18.555  -22.708  50.376 0.0000000000
52029  -17.612  -22.472  50.302 0.0000000000
127101  -15.503  -21.167  49.816 0.0000000000
113422  -14.882  -20.691  49.470 0.0000000000
52851  -16.019  -21.222  48.061 0.0000000000
115846  -15.826  -21.158  47.228 0.0000000000
52039  -16.411  -22.602  46.952 0.0000000000
52038  -16.006  -21.980  46.428 0.0000000000
49430  -15.329  -25.482  46.512 0.0000000000
122340  -14.960  -24.786  45.686 0.0000000000
51183  -14.831  -24.095  45.185 0.0000000000
130475  -14.822  -23.453  44.872 0.0000000000
50322  -14.290  -23.958  44.594 0.0000000000
50321  -13.547  -24.417  44.373 0.0000000000
50320  -12.758  -24.760  44.117 0.0000000000
49447  -12.269  -25.374  44.495 0.0000000000
49445  -10.523  -25.986  43.983 0.0000000000
51324  -44.652  -23.358  28.328 0.0000000000
51323  -44.029  -24.135  27.835 0.0000000000
51298  -47.063  -24.325  30.387 0.0000000000
128876  -44.506  -25.979  28.807 0.0000000000
111629  -44.324  -26.549  29.286 0.0000000000
49603  -45.909  -25.286  29.598 0.0000000000
49597  -46.700  -25.071  30.371 0.0000000000
50435  -47.228  -24.738  30.909 0.0000000000
52151  -45.055  -23.119  31.138 0.0000000000
51297  -43.602  -22.331  30.180 0.0000000000
48616  -35.551  -26.010  32.957 0.0000000000
49537  -36.108  -25.815  32.282 0.0000000000
123740  -35.777  -25.663  31.680 0.0000000000
50429  -34.956  -25.048  29.898 0.0000000000
119441  -35.219  -24.719  29.111 0.0000000000
51306  -35.095  -23.591  28.132 0.0000000000
51319  -34.750  -23.000  27.787 0.0000000000
52186  -34.936  -22.306  27.639 0.0000000000
51303  -32.276  -23.358  28.647 0.0000000000
52172  -32.736  -22.748  27.923 0.0000000000
53024  -31.878  -21.365  27.545 0.0000000000
52185  -33.265  -22.163  27.603 0.0000000000
53026  -34.056  -21.836  27.606 0.0000000000
56046  -28.131  -18.864  30.593 0.0000000000
43988  -13.382  -31.411  37.795 0.0000000000
43150  -12.868  -32.048  37.485 0.0000000000
42225  -13.250  -32.894  37.537 0.0000000000
42212  -13.619  -33.659  37.827 0.0000000000
41312  -13.888  -34.287  38.432 0.0000000000
127874  -14.588  -34.405  38.654 0.0000000000
41296  -14.146  -34.755  39.199 0.0000000000
41278  -14.468  -35.048  39.975 0.0000000000
40264  -14.711  -35.281  40.646 0.0000000000
40251  -14.455  -35.495  41.386 0.0000000000
41300  -18.300  -34.172  39.408 0.0000000000
41281  -17.651  -34.597  40.094 0.0000000000
40254  -17.626  -35.124  41.689 0.0000000000
123896  -16.174  -35.187  40.847 0.0000000000
112526  -15.015  -35.583  42.120 0.0000000000
126835  -14.834  -35.917  42.953 0.0000000000
39215  -15.763  -36.483  44.810 0.0000000000
37148  -15.130  -37.799  45.384 0.0000000000
132019  -14.836  -38.296  44.138 0.0000000000
58002  -19.148  -17.093  27.643 0.0000000000
44962  -22.281  -30.749  33.550 0.0000000000
112072  -22.205  -30.140  32.804 0.0000000000
45857  -22.499  -29.163  33.273 0.0000000000
46757  -22.720  -28.300  33.746 0.0000000000
45847  -23.191  -28.652  34.917 0.0000000000
46748  -23.030  -28.202  34.447 0.0000000000
47657  -22.320  -27.615  33.498 0.0000000000
48583  -21.366  -26.570  34.409 0.0000000000
47603  -23.694  -27.979  37.377 0.0000000000
47621  -23.294  -27.604  36.682 0.0000000000
47620  -22.586  -27.160  36.342 0.0000000000
47635  -22.087  -26.871  35.688 0.0000000000
48580  -18.696  -26.220  34.689 0.0000000000
49505  -16.383  -25.837  35.531 0.0000000000
46729  -16.629  -28.114  36.768 0.0000000000
47599  -15.920  -27.879  36.996 0.0000000000
46684  -18.841  -28.933  39.561 0.0000000000
46683  -17.996  -29.052  39.680 0.0000000000
45800  -17.790  -29.501  39.955 0.0000000000
110262  -16.020  -29.091  39.550 0.0000000000
44911  -15.697  -30.602  40.148 0.0000000000
43976  -16.534  -31.391  38.440 0.0000000000
44926  -15.328  -31.074  39.320 0.0000000000
112291  -14.854  -31.342  38.305 0.0000000000
125008  -14.095  -31.251  38.209 0.0000000000
57951  -45.043  -16.446  32.051 0.0000000000
128696  -43.630  -16.759  31.278 0.0000000000
56903  -1.783  -18.183  35.011 0.0000000000
56004  -1.651  -19.102  33.953 0.0000000000
132299  -1.623  -19.339  34.119 0.0000000000
53908  -1.069  -21.183  32.997 0.0000000000
52960  -0.813  -22.099  32.926 0.0000000000
51261  -0.973  -23.908  32.861 0.0000000000
119586  -1.076  -23.125  33.996 0.0000000000
50397  -1.311  -24.732  33.441 0.0000000000
49509  -3.770  -25.592  34.487 0.0000000000
37135  -8.604  -38.504  46.322 0.0000000000
37130  -8.132  -38.187  46.793 0.0000000000
36152  -8.399  -38.701  46.428 0.0000000000
61901  -13.747  -11.561  49.691 0.0000000000
62660  -13.505  -11.047  49.127 0.0000000000
62659  -12.824  -10.705  49.274 0.0000000000
125677  -10.058  -9.300  49.184 0.0000000000
129773  -9.930  -8.756  48.978 0.0000000000
118550  -9.208  -7.881  49.247 0.0000000000
65998  -8.757  -6.681  49.835 0.0000000000
63479  -8.691  -9.591  50.704 0.0000000000
65180  -8.468  -7.471  51.468 0.0000000000
66825  -9.045  -5.833  51.260 0.0000000000
66826  -9.669  -5.233  51.241 0.0000000000
66823  -10.296  -5.084  52.110 0.0000000000
68466  -12.220  -3.808  54.368 0.0000000000
67634  -11.629  -4.352  54.921 0.0000000000
67632  -9.553  -4.397  55.414 0.0000000000
67640  -9.165  -4.020  54.454 0.0000000000
67637  -4.057  -4.773  53.897 0.0000000000
67644  -2.905  -4.631  52.835 0.0000000000
66824  -3.132  -5.302  52.170 0.0000000000
65991  -3.278  -6.214  51.477 0.0000000000
55828  -6.785  -18.830  47.076 0.0000000000
131252  -5.280  -18.985  46.583 0.0000000000
55859  -3.696  -18.509  45.772 0.0000000000
55890  -5.920  -18.080  43.962 0.0000000000
56814  -5.671  -17.871  43.271 0.0000000000
55875  -5.030  -18.343  44.606 0.0000000000
55841  -3.529  -18.257  46.070 0.0000000000
56798  -3.438  -17.735  45.837 0.0000000000
58784  -3.822  -15.905  44.423 0.0000000000
59618  -4.098  -14.603  43.382 0.0000000000
57841  -2.482  -16.827  42.305 0.0000000000
58806  -2.456  -16.397  42.058 0.0000000000
122466  -1.668  -17.205  40.048 0.0000000000
55970  -1.807  -17.900  35.674 0.0000000000
131223  -5.542  -7.236  39.648 0.0000000000
65238  -5.393  -7.961  39.734 0.0000000000
64388  -4.633  -8.601  40.126 0.0000000000
45876  -38.961  -28.658  32.422 0.0000000000
46753  -41.365  -28.097  34.956 0.0000000000
45852  -37.798  -29.294  34.383 0.0000000000
45843  -39.522  -29.141  35.963 0.0000000000
45854  -39.733  -28.988  34.876 0.0000000000
46752  -40.713  -28.499  35.219 0.0000000000
46745  -41.508  -27.577  35.273 0.0000000000
125133  -41.337  -27.198  35.874 0.0000000000
48572  -40.721  -26.637  35.867 0.0000000000
48556  -40.353  -26.775  36.942 0.0000000000
129290  -40.025  -26.531  36.178 0.0000000000
114164  -38.348  -26.527  35.038 0.0000000000
118764  -37.463  -26.610  34.760 0.0000000000
48588  -36.900  -26.539  34.186 0.0000000000
43995  -35.818  -31.470  37.882 0.0000000000
118054  -37.283  -30.630  38.849 0.0000000000
44929  -37.512  -30.964  39.820 0.0000000000
44930  -37.995  -30.156  39.581 0.0000000000
45817  -38.488  -29.484  39.925 0.0000000000
45810  -38.575  -28.687  40.077 0.0000000000
117159  -35.211  -30.562  40.999 0.0000000000
45795  -35.592  -29.815  40.831 0.0000000000
45807  -36.101  -29.174  40.455 0.0000000000
46711  -37.693  -27.981  39.911 0.0000000000
47592  -38.414  -27.703  39.725 0.0000000000
47625  -36.997  -27.144  37.014 0.0000000000
128958  -36.278  -27.458  37.193 0.0000000000
48570  -36.860  -27.043  35.951 0.0000000000
109295  -36.055  -26.629  34.354 0.0000000000
48601  -36.255  -26.308  33.583 0.0000000000
127559  -34.613  -25.891  32.611 0.0000000000
49536  -33.690  -25.750  32.369 0.0000000000
48599  -33.955  -26.518  33.690 0.0000000000
50418  -32.836  -25.163  31.307 0.0000000000
50426  -31.828  -24.756  30.487 0.0000000000
47648  -31.860  -27.485  34.224 0.0000000000
48612  -31.592  -26.492  32.693 0.0000000000
48611  -30.991  -26.644  32.163 0.0000000000
49533  -31.482  -26.143  32.055 0.0000000000
49571  -31.438  -25.346  30.915 0.0000000000
50425  -31.168  -25.042  30.160 0.0000000000
49600  -29.420  -25.582  28.537 0.0000000000
50467  -29.316  -24.391  27.427 0.0000000000
50476  -28.849  -24.003  26.852 0.0000000000
43100  -23.083  -31.553  43.196 0.0000000000
43093  -23.125  -32.469  43.570 0.0000000000
42172  -23.538  -32.486  44.433 0.0000000000
41242  -23.452  -33.573  45.421 0.0000000000
42156  -24.400  -33.167  45.736 0.0000000000
41231  -23.783  -34.017  46.196 0.0000000000
40194  -23.211  -34.958  46.630 0.0000000000
39182  -23.089  -35.873  46.609 0.0000000000
38154  -22.794  -37.350  45.123 0.0000000000
40214  -27.750  -34.876  45.210 0.0000000000
40205  -26.092  -35.335  46.060 0.0000000000
38156  -24.912  -37.699  45.137 0.0000000000
119264  -24.372  -36.842  45.625 0.0000000000
38176  -22.552  -37.442  44.456 0.0000000000
38200  -22.578  -37.457  43.094 0.0000000000
35169  -27.248  -40.686  41.882 0.0000000000
35168  -26.494  -41.018  41.673 0.0000000000
50473  -27.006  -24.005  26.332 0.0000000000
48669  -26.639  -26.109  26.381 0.0000000000
47742  -26.809  -26.826  26.755 0.0000000000
120450  -26.246  -26.720  26.384 0.0000000000
46833  -25.528  -28.369  26.699 0.0000000000
46821  -24.886  -29.071  26.859 0.0000000000
45007  -26.963  -30.106  29.702 0.0000000000
45908  -26.772  -29.688  28.973 0.0000000000
127128  -26.171  -29.587  28.255 0.0000000000
45917  -25.414  -29.884  27.992 0.0000000000
45927  -24.978  -29.588  27.432 0.0000000000
45916  -24.522  -30.141  27.839 0.0000000000
45015  -24.111  -30.680  28.399 0.0000000000
44083  -23.815  -31.024  29.000 0.0000000000
44057  -24.348  -31.706  30.353 0.0000000000
44056  -23.587  -31.525  30.322 0.0000000000
44995  -23.295  -31.027  29.576 0.0000000000
44055  -22.918  -31.189  30.499 0.0000000000
44044  -22.730  -31.340  31.384 0.0000000000
44032  -22.645  -31.589  32.324 0.0000000000
42249  -30.272  -33.294  35.686 0.0000000000
42248  -29.636  -33.056  35.129 0.0000000000
41337  -29.053  -33.671  34.708 0.0000000000
120521  -29.437  -34.987  35.154 0.0000000000
130823  -29.059  -34.419  34.828 0.0000000000
42257  -27.747  -33.843  33.954 0.0000000000
42267  -27.165  -33.513  33.505 0.0000000000
38291  -28.146  -37.167  35.743 0.0000000000
39303  -27.692  -36.451  35.383 0.0000000000
39302  -26.977  -36.367  35.561 0.0000000000
40317  -27.153  -35.853  35.073 0.0000000000
40334  -27.329  -35.244  34.594 0.0000000000
41362  -26.972  -34.169  33.856 0.0000000000
131470  -26.486  -33.834  33.491 0.0000000000
42265  -25.665  -33.737  33.314 0.0000000000
42278  -24.898  -33.310  32.878 0.0000000000
42277  -24.063  -33.274  33.221 0.0000000000
42256  -24.011  -34.030  34.610 0.0000000000
42264  -23.940  -33.680  33.917 0.0000000000
43204  -23.456  -32.648  32.917 0.0000000000
43203  -22.802  -32.098  33.008 0.0000000000
44022  -22.429  -31.463  33.239 0.0000000000
44015  -22.366  -31.372  34.046 0.0000000000
44008  -22.490  -31.416  34.939 0.0000000000
43999  -22.823  -31.070  35.870 0.0000000000
43156  -23.282  -32.399  36.739 0.0000000000
44000  -23.106  -31.705  36.379 0.0000000000
44941  -23.281  -30.750  36.710 0.0000000000
44933  -23.717  -30.391  37.514 0.0000000000
44934  -24.252  -29.891  38.239 0.0000000000
41302  -24.821  -34.363  39.332 0.0000000000
42202  -24.620  -33.675  39.278 0.0000000000
112747  -24.462  -32.942  39.185 0.0000000000
43124  -24.602  -32.114  39.436 0.0000000000
43961  -24.741  -31.089  39.633 0.0000000000
45813  -24.501  -29.420  39.023 0.0000000000
45804  -24.720  -29.357  40.040 0.0000000000
45794  -24.779  -29.298  40.939 0.0000000000
45785  -24.577  -29.195  41.825 0.0000000000
44880  -25.867  -29.976  42.240 0.0000000000
45775  -25.136  -29.447  42.510 0.0000000000
45774  -24.194  -29.440  42.641 0.0000000000
120803  -23.857  -29.989  43.393 0.0000000000
43928  -23.555  -30.825  43.554 0.0000000000
129719  -52.285  -8.080  19.856 0.0000000000
64577  -53.431  -9.092  23.294 0.0000000000
63797  -53.179  -9.583  24.465 0.0000000000
63796  -52.492  -9.630  24.754 0.0000000000
63795  -51.349  -9.807  24.436 0.0000000000
115607  -53.213  -12.040  22.329 0.0000000000
63785  -50.550  -9.561  25.054 0.0000000000
62946  -48.368  -10.446  22.491 0.0000000000
58979  -52.222  -15.187  20.246 0.0000000000
61392  -49.910  -12.602  20.435 0.0000000000
114987  -48.688  -13.855  18.970 0.0000000000
110709  -49.479  -13.877  19.485 0.0000000000
120273  -49.708  -13.253  19.848 0.0000000000
63845  -49.945  -9.032  18.282 0.0000000000
64643  -50.360  -8.492  17.995 0.0000000000
118998  -8.038  -21.498  37.367 0.0000000000
123743  -7.573  -21.443  37.133 0.0000000000
52111  -7.573  -22.083  37.535 0.0000000000
51239  -6.308  -23.281  38.518 0.0000000000
51225  -5.032  -23.854  39.084 0.0000000000
50358  -5.826  -24.499  40.316 0.0000000000
50370  -4.862  -24.375  40.243 0.0000000000
111008  -3.896  -24.330  39.979 0.0000000000
50355  -2.208  -24.838  40.255 0.0000000000
48531  -2.592  -26.203  40.588 0.0000000000
49442  -5.916  -26.154  44.165 0.0000000000
49452  -3.311  -25.454  43.290 0.0000000000
48490  -3.238  -26.550  46.137 0.0000000000
48489  -2.823  -26.687  45.601 0.0000000000
48503  -3.014  -26.310  44.543 0.0000000000
49451  -2.885  -25.838  43.613 0.0000000000
48523  -2.680  -26.075  43.027 0.0000000000
59666  -15.333  -14.904  39.221 0.0000000000
59665  -14.429  -14.682  39.473 0.0000000000
58830  -14.150  -15.019  40.252 0.0000000000
127426  -13.050  -14.806  41.222 0.0000000000
113408  -14.757  -15.827  41.574 0.0000000000
58820  -13.159  -15.164  41.840 0.0000000000
58808  -12.567  -14.954  42.444 0.0000000000
59621  -12.034  -14.734  43.089 0.0000000000
58796  -12.101  -15.129  44.000 0.0000000000
56829  -16.393  -17.739  42.778 0.0000000000
56828  -15.827  -17.231  43.178 0.0000000000
56805  -15.250  -17.216  44.611 0.0000000000
57823  -14.509  -16.702  44.389 0.0000000000
57833  -13.774  -16.274  44.062 0.0000000000
58786  -12.546  -15.685  44.738 0.0000000000
58776  -11.942  -15.087  44.995 0.0000000000
59602  -11.726  -14.443  45.507 0.0000000000
59593  -11.974  -14.608  46.275 0.0000000000
111136  -12.173  -14.005  47.020 0.0000000000
123678  -12.654  -15.576  47.265 0.0000000000
60401  -12.661  -13.226  47.815 0.0000000000
60394  -13.997  -12.469  49.626 0.0000000000
109310  -18.269  -22.156  44.958 0.0000000000
121776  -18.351  -21.281  45.355 0.0000000000
53773  -18.259  -20.569  45.714 0.0000000000
130887  -18.804  -20.987  46.792 0.0000000000
128791  -18.456  -20.476  46.459 0.0000000000
54827  -18.531  -20.073  49.895 0.0000000000
54826  -18.116  -19.315  49.428 0.0000000000
55822  -17.590  -18.694  49.034 0.0000000000
116187  -17.067  -18.223  49.184 0.0000000000
56777  -16.431  -17.977  48.547 0.0000000000
57781  -14.222  -15.296  49.794 0.0000000000
113935  -14.003  -14.368  49.792 0.0000000000
61160  -13.960  -11.960  49.728 0.0000000000
125382  -13.484  -11.621  50.176 0.0000000000
61896  -12.623  -11.571  50.148 0.0000000000
61150  -12.075  -12.046  50.287 0.0000000000
61149  -11.100  -12.362  50.250 0.0000000000
125602  -9.987  -12.705  50.456 0.0000000000
112666  -12.018  -14.470  50.817 0.0000000000
58743  -11.497  -15.423  50.692 0.0000000000
61148  -8.986  -12.703  50.857 0.0000000000
61144  -8.433  -12.761  51.722 0.0000000000
61141  -8.097  -12.885  52.753 0.0000000000
61140  -7.775  -13.057  53.558 0.0000000000
61137  -7.549  -12.802  54.102 0.0000000000
58733  -7.044  -15.852  53.234 0.0000000000
57766  -6.633  -16.767  53.380 0.0000000000
55800  -8.562  -18.626  52.327 0.0000000000
55797  -7.808  -18.851  52.630 0.0000000000
54794  -6.843  -19.638  52.541 0.0000000000
54798  -6.570  -19.910  51.979 0.0000000000
115768  -6.977  -19.982  50.258 0.0000000000
124958  -7.171  -19.667  49.292 0.0000000000
119646  -12.896  -19.759  49.113 0.0000000000
111016  -12.243  -19.597  49.009 0.0000000000
54834  -11.432  -19.540  48.968 0.0000000000
52858  -15.108  -21.068  45.252 0.0000000000
54849  -13.859  -19.469  46.247 0.0000000000
54858  -13.691  -19.488  45.394 0.0000000000
123363  -13.312  -19.156  46.835 0.0000000000
54840  -12.691  -18.974  47.442 0.0000000000
55833  -11.922  -19.017  48.074 0.0000000000
55819  -10.149  -19.154  48.259 0.0000000000
55818  -9.343  -19.132  48.232 0.0000000000
114362  -10.417  -18.501  46.819 0.0000000000
55831  -9.852  -18.746  47.537 0.0000000000
55816  -7.458  -19.009  47.796 0.0000000000
128440  -7.737  -18.659  46.959 0.0000000000
55863  -8.176  -18.435  45.690 0.0000000000
55878  -8.792  -18.367  44.971 0.0000000000
54883  -11.659  -19.563  41.293 0.0000000000
55916  -10.897  -18.711  42.155 0.0000000000
109979  -10.232  -18.504  41.995 0.0000000000
55904  -9.548  -18.307  42.287 0.0000000000
55920  -9.619  -18.454  40.152 0.0000000000
54894  -10.616  -19.781  39.064 0.0000000000
54909  -10.064  -19.944  38.462 0.0000000000
54908  -9.519  -19.642  38.178 0.0000000000
54924  -9.144  -20.010  37.680 0.0000000000
54065  -46.967  -20.598  23.126 0.0000000000
55172  -46.501  -19.987  23.751 0.0000000000
114951  -48.070  -20.232  24.405 0.0000000000
55163  -48.944  -20.241  24.618 0.0000000000
55155  -49.480  -19.710  25.265 0.0000000000
56084  -50.672  -18.091  27.026 0.0000000000
56107  -46.347  -18.675  25.909 0.0000000000
122470  -47.788  -18.620  26.369 0.0000000000
56095  -48.881  -18.610  26.707 0.0000000000
57053  -50.780  -17.413  27.537 0.0000000000
57033  -50.959  -16.789  28.001 0.0000000000
58935  -50.166  -15.579  28.931 0.0000000000
58925  -49.606  -15.398  29.725 0.0000000000
57015  -50.488  -16.446  29.797 0.0000000000
57971  -50.020  -15.813  30.330 0.0000000000
58913  -47.813  -15.531  30.363 0.0000000000
53015  -45.599  -21.296  29.222 0.0000000000
53980  -45.993  -20.433  29.499 0.0000000000
55084  -47.140  -19.542  30.297 0.0000000000
52160  -47.948  -22.763  31.511 0.0000000000
52977  -48.201  -21.549  32.192 0.0000000000
129713  -48.437  -21.307  31.996 0.0000000000
53964  -48.173  -21.229  31.541 0.0000000000
55085  -48.242  -19.844  31.393 0.0000000000
56967  -48.060  -17.208  32.639 0.0000000000
57941  -48.330  -16.585  32.186 0.0000000000
57953  -47.039  -16.162  31.919 0.0000000000
57952  -46.029  -16.275  31.998 0.0000000000
56948  -44.851  -16.931  34.297 0.0000000000
56947  -43.940  -17.097  34.484 0.0000000000
109592  -42.297  -17.354  34.505 0.0000000000
56002  -45.034  -18.374  35.739 0.0000000000
55997  -44.527  -18.241  36.200 0.0000000000
54950  -43.443  -19.072  36.918 0.0000000000
55992  -43.781  -18.450  36.631 0.0000000000
56902  -43.399  -17.968  36.602 0.0000000000
47660  -42.394  -27.078  33.716 0.0000000000
47667  -42.807  -27.280  33.407 0.0000000000
48624  -43.763  -27.314  32.475 0.0000000000
49582  -44.033  -25.640  31.432 0.0000000000
49555  -37.329  -25.657  31.364 0.0000000000
49576  -37.539  -25.408  30.481 0.0000000000
49591  -36.836  -25.213  29.804 0.0000000000
49577  -38.427  -25.311  30.260 0.0000000000
50448  -39.728  -24.436  29.203 0.0000000000
53028  -36.224  -22.024  27.761 0.0000000000
53029  -36.821  -21.969  27.968 0.0000000000
124939  -37.988  -22.575  28.132 0.0000000000
52174  -38.471  -23.170  28.216 0.0000000000
123654  -38.962  -23.689  28.483 0.0000000000
127472  -39.286  -24.052  28.721 0.0000000000
126555  -40.299  -23.866  28.919 0.0000000000
52997  -40.303  -21.219  29.156 0.0000000000
52164  -41.583  -22.094  29.072 0.0000000000
52999  -42.170  -21.521  29.528 0.0000000000
52987  -42.779  -21.064  29.983 0.0000000000
53960  -42.457  -20.531  30.468 0.0000000000
53939  -41.998  -20.224  31.174 0.0000000000
53924  -41.520  -20.072  32.001 0.0000000000
53923  -40.636  -20.117  32.093 0.0000000000
55043  -41.110  -19.853  32.895 0.0000000000
55016  -40.809  -19.708  33.898 0.0000000000
45738  -10.371  -29.841  46.931 0.0000000000
45745  -9.632  -29.386  46.192 0.0000000000
46664  -7.755  -28.729  44.054 0.0000000000
45753  -8.766  -28.879  44.372 0.0000000000
44848  -6.108  -30.091  43.203 0.0000000000
43925  -5.656  -31.679  42.894 0.0000000000
45779  -8.726  -29.789  41.048 0.0000000000
44869  -7.916  -29.934  41.111 0.0000000000
44868  -7.212  -30.362  41.453 0.0000000000
43941  -7.227  -31.345  40.468 0.0000000000
44884  -6.843  -31.050  41.110 0.0000000000
44867  -6.548  -30.812  41.862 0.0000000000
43926  -6.036  -31.272  42.368 0.0000000000
42170  -6.181  -33.768  43.214 0.0000000000
40217  -6.830  -35.200  43.457 0.0000000000
122142  -7.389  -36.422  44.715 0.0000000000
118609  -8.537  -37.855  45.644 0.0000000000
42224  -12.333  -32.720  37.646 0.0000000000
42210  -11.838  -33.339  38.034 0.0000000000
41309  -11.382  -33.837  38.598 0.0000000000
41293  -11.744  -34.457  39.126 0.0000000000
41292  -10.795  -34.298  39.237 0.0000000000
109052  -9.941  -34.416  39.704 0.0000000000
40260  -9.887  -34.943  40.487 0.0000000000
40235  -13.155  -36.003  42.417 0.0000000000
39222  -11.930  -36.568  43.022 0.0000000000
40233  -11.359  -36.306  42.141 0.0000000000
40247  -10.839  -35.851  41.362 0.0000000000
40246  -9.876  -35.625  41.282 0.0000000000
39207  -8.760  -37.153  43.466 0.0000000000
117406  -8.583  -37.578  44.403 0.0000000000
36153  -9.185  -39.230  46.107 0.0000000000
35143  -9.892  -40.172  45.791 0.0000000000
128102  -22.643  -33.144  43.311 0.0000000000
41249  -22.254  -33.773  43.668 0.0000000000
41240  -21.289  -35.065  45.419 0.0000000000
41248  -20.490  -34.898  44.184 0.0000000000
40224  -19.808  -35.349  44.808 0.0000000000
38175  -20.964  -37.356  45.154 0.0000000000
123467  -20.092  -37.087  45.559 0.0000000000
38174  -19.583  -37.276  45.069 0.0000000000
38151  -19.266  -36.826  45.630 0.0000000000
39189  -19.198  -36.501  45.731 0.0000000000
40199  -18.859  -36.374  45.563 0.0000000000
37157  -16.937  -37.810  44.546 0.0000000000
37150  -16.355  -37.782  45.062 0.0000000000
61294  -14.603  -12.239  36.591 0.0000000000
60515  -15.772  -12.905  35.817 0.0000000000
60501  -15.280  -13.821  37.382 0.0000000000
59675  -15.562  -14.627  38.500 0.0000000000
122059  -25.784  -23.494  26.204 0.0000000000
51327  -25.099  -23.315  26.086 0.0000000000
123533  -24.840  -24.823  25.587 0.0000000000
111967  -24.622  -23.895  25.706 0.0000000000
51338  -24.419  -23.187  25.841 0.0000000000
52207  -23.729  -22.722  25.733 0.0000000000
53060  -23.237  -21.928  25.815 0.0000000000
53059  -22.381  -21.847  25.734 0.0000000000
46840  -23.654  -27.987  25.918 0.0000000000
48683  -23.055  -26.362  25.435 0.0000000000
49622  -22.769  -25.586  25.412 0.0000000000
48681  -21.706  -25.824  25.959 0.0000000000
128986  -22.168  -25.501  25.620 0.0000000000
118837  -22.637  -24.159  25.420 0.0000000000
51336  -22.224  -23.349  25.519 0.0000000000
53041  -21.937  -21.102  25.884 0.0000000000
54023  -21.463  -20.394  26.171 0.0000000000
120032  -21.081  -19.789  26.342 0.0000000000
129101  -20.440  -19.491  26.664 0.0000000000
54000  -20.271  -21.090  26.712 0.0000000000
53999  -19.982  -20.267  26.940 0.0000000000
56088  -19.976  -18.726  26.918 0.0000000000
56077  -19.308  -18.672  27.495 0.0000000000
56076  -18.864  -18.228  27.878 0.0000000000
57017  -18.690  -17.595  27.981 0.0000000000
46772  -22.014  -28.855  31.603 0.0000000000
127915  -21.666  -27.291  31.831 0.0000000000
47671  -21.724  -27.635  31.294 0.0000000000
47680  -21.593  -27.479  30.498 0.0000000000
49587  -20.380  -25.500  29.375 0.0000000000
50438  -20.014  -24.909  29.281 0.0000000000
49567  -19.909  -25.123  31.294 0.0000000000
114952  -19.524  -24.456  30.944 0.0000000000
120580  -19.888  -25.016  30.586 0.0000000000
51300  -19.485  -23.203  28.870 0.0000000000
52169  -19.407  -22.464  28.512 0.0000000000
53003  -19.028  -21.251  28.706 0.0000000000
52993  -18.685  -21.257  29.394 0.0000000000
53983  -18.716  -20.651  28.897 0.0000000000
124584  -18.638  -19.452  28.425 0.0000000000
56067  -18.428  -18.213  28.392 0.0000000000
57001  -18.150  -17.477  28.610 0.0000000000
57000  -17.618  -17.415  29.381 0.0000000000
57975  -17.496  -16.569  29.723 0.0000000000
57959  -17.122  -16.495  30.682 0.0000000000
56044  -16.971  -18.144  30.643 0.0000000000
56972  -16.845  -17.369  30.925 0.0000000000
57946  -16.972  -16.189  31.602 0.0000000000
57932  -16.862  -16.128  32.516 0.0000000000
123706  -17.336  -15.439  33.907 0.0000000000
116695  -16.206  -19.081  33.034 0.0000000000
127500  -16.155  -18.338  33.433 0.0000000000
56939  -16.319  -17.632  33.112 0.0000000000
57921  -16.472  -17.029  33.546 0.0000000000
57905  -17.133  -15.811  34.510 0.0000000000
58870  -17.462  -15.346  35.304 0.0000000000
112079  -17.522  -15.079  35.874 0.0000000000
58863  -17.304  -15.270  36.486 0.0000000000
57878  -17.164  -15.931  36.759 0.0000000000
59676  -16.282  -14.938  38.237 0.0000000000
58832  -16.307  -15.853  39.879 0.0000000000
117346  -16.677  -16.796  39.254 0.0000000000
57859  -16.394  -16.441  40.504 0.0000000000
56850  -16.601  -17.274  40.714 0.0000000000
114469  -16.088  -20.018  38.185 0.0000000000
54910  -16.340  -19.742  38.930 0.0000000000
52903  -16.364  -21.123  39.284 0.0000000000
53811  -16.434  -20.301  39.646 0.0000000000
54896  -16.489  -19.318  39.669 0.0000000000
116734  -16.673  -18.860  41.157 0.0000000000
51194  -17.693  -23.091  43.687 0.0000000000
49501  -15.765  -25.732  36.109 0.0000000000
48545  -15.157  -26.205  37.411 0.0000000000
128674  -15.366  -24.580  38.330 0.0000000000
50374  -15.398  -24.355  39.097 0.0000000000
131533  -15.634  -23.925  39.514 0.0000000000
48537  -14.091  -26.519  39.607 0.0000000000
50351  -16.224  -23.868  41.610 0.0000000000
50338  -15.738  -24.526  41.989 0.0000000000
50331  -17.497  -23.810  43.823 0.0000000000
50323  -17.119  -24.531  44.065 0.0000000000
49448  -15.781  -25.785  44.071 0.0000000000
48515  -16.394  -26.004  44.720 0.0000000000
47565  -15.817  -27.339  45.543 0.0000000000
47567  -13.476  -28.111  43.818 0.0000000000
128803  -13.514  -28.824  44.307 0.0000000000
47563  -14.472  -28.058  45.268 0.0000000000
46644  -14.935  -28.737  46.349 0.0000000000
45740  -13.705  -29.918  46.602 0.0000000000
44831  -13.241  -30.362  46.996 0.0000000000
44837  -12.320  -30.438  45.456 0.0000000000
114930  -12.654  -30.458  46.366 0.0000000000
65425  -53.407  -7.536  21.455 0.0000000000
65413  -53.414  -7.331  23.007 0.0000000000
53081  -47.751  -20.890  22.278 0.0000000000
53082  -48.405  -20.724  22.184 0.0000000000
54068  -49.273  -20.162  23.670 0.0000000000
54087  -48.839  -20.429  22.814 0.0000000000
117671  -48.989  -20.212  22.461 0.0000000000
56120  -49.012  -19.765  22.471 0.0000000000
58051  -49.978  -17.255  25.933 0.0000000000
109223  -49.812  -17.850  25.248 0.0000000000
58070  -47.613  -16.678  25.067 0.0000000000
57106  -48.104  -17.952  23.587 0.0000000000
57113  -47.674  -18.247  22.575 0.0000000000
129848  -46.933  -17.762  22.255 0.0000000000
57115  -45.906  -17.014  21.693 0.0000000000
58100  -45.822  -16.740  23.118 0.0000000000
58099  -45.484  -16.712  22.361 0.0000000000
58114  -45.155  -16.575  21.632 0.0000000000
54997  -1.881  -19.575  33.359 0.0000000000
53910  -2.744  -20.623  32.541 0.0000000000
52966  -2.781  -21.626  32.507 0.0000000000
119953  -4.626  -23.465  36.921 0.0000000000
45736  -8.868  -29.070  46.764 0.0000000000
46649  -6.419  -28.760  45.134 0.0000000000
46639  -4.751  -29.093  47.360 0.0000000000
43088  -5.341  -31.968  44.461 0.0000000000
43084  -5.087  -31.579  45.338 0.0000000000
109927  -5.476  -32.733  46.820 0.0000000000
43913  -4.689  -31.113  46.347 0.0000000000
45726  -4.353  -29.542  47.899 0.0000000000
43904  -2.747  -31.300  48.829 0.0000000000
43074  -3.333  -32.210  48.909 0.0000000000
43073  -2.885  -32.054  48.821 0.0000000000
43076  -2.759  -32.321  48.369 0.0000000000
43079  -2.623  -32.599  47.335 0.0000000000
60481  -13.038  -13.444  39.470 0.0000000000
61266  -12.536  -12.645  39.811 0.0000000000
61238  -11.849  -12.902  41.140 0.0000000000
118939  -11.976  -12.193  40.928 0.0000000000
120628  -12.363  -11.186  40.129 0.0000000000
62732  -12.356  -10.318  40.674 0.0000000000
61202  -11.434  -12.770  44.041 0.0000000000
120910  -11.497  -11.752  43.703 0.0000000000
128214  -11.659  -11.206  43.014 0.0000000000
63502  -11.843  -9.544  43.887 0.0000000000
62663  -13.133  -10.520  48.589 0.0000000000
63490  -12.767  -9.757  48.103 0.0000000000
63493  -12.154  -9.029  47.919 0.0000000000
64346  -11.527  -8.286  47.658 0.0000000000
65193  -11.358  -7.465  47.287 0.0000000000
66013  -11.306  -6.240  46.799 0.0000000000
67668  -10.042  -4.740  49.702 0.0000000000
122985  -10.586  -4.338  49.689 0.0000000000
67669  -10.385  -4.633  49.051 0.0000000000
67682  -10.861  -4.700  47.720 0.0000000000
66852  -11.056  -5.046  47.095 0.0000000000
61134  -7.217  -12.562  54.559 0.0000000000
61133  -6.744  -12.362  54.859 0.0000000000
61132  -5.863  -12.428  54.942 0.0000000000
61878  -4.312  -11.592  54.331 0.0000000000
62644  -3.813  -10.908  53.828 0.0000000000
57763  -4.875  -16.868  54.021 0.0000000000
58729  -4.557  -16.086  54.105 0.0000000000
58731  -3.819  -16.020  53.347 0.0000000000
62643  -3.487  -11.099  52.966 0.0000000000
61886  -3.336  -11.835  51.843 0.0000000000
63475  -3.276  -9.580  51.053 0.0000000000
63477  -3.376  -9.202  50.356 0.0000000000
63480  -3.541  -9.000  49.752 0.0000000000
54828  -4.914  -19.436  48.686 0.0000000000
54817  -4.427  -19.265  49.178 0.0000000000
55814  -4.097  -19.103  49.018 0.0000000000
56769  -4.394  -18.667  49.835 0.0000000000
57791  -5.243  -16.892  47.500 0.0000000000
58750  -6.594  -15.629  49.016 0.0000000000
58741  -5.483  -15.179  50.413 0.0000000000
59566  -5.103  -14.469  50.692 0.0000000000
61145  -4.504  -12.233  50.868 0.0000000000
61892  -5.262  -11.777  50.273 0.0000000000
116690  -4.268  -10.696  50.284 0.0000000000
64338  -3.759  -8.506  49.228 0.0000000000
66001  -5.160  -6.676  47.925 0.0000000000
66849  -5.593  -6.088  47.813 0.0000000000
62664  -7.450  -10.866  47.281 0.0000000000
63491  -6.952  -9.500  47.373 0.0000000000
63495  -7.107  -8.970  46.786 0.0000000000
66004  -5.721  -6.600  47.352 0.0000000000
67687  -6.959  -4.941  46.668 0.0000000000
66855  -6.691  -5.418  46.209 0.0000000000
64358  -6.742  -8.511  43.093 0.0000000000
123627  -5.725  -7.203  42.635 0.0000000000
64365  -5.174  -8.604  42.452 0.0000000000
66885  -3.963  -4.786  42.018 0.0000000000
66884  -3.405  -5.318  41.881 0.0000000000
66898  -3.098  -5.707  41.525 0.0000000000
66063  -2.919  -6.305  40.977 0.0000000000
65218  -2.640  -7.438  41.416 0.0000000000
65227  -2.663  -7.199  41.155 0.0000000000
109359  -2.887  -7.253  40.872 0.0000000000
64382  -3.476  -8.104  40.548 0.0000000000
63555  -4.739  -9.637  40.063 0.0000000000
60446  -3.806  -13.186  42.292 0.0000000000
115697  -3.226  -14.357  40.190 0.0000000000
60468  -3.389  -13.757  40.622 0.0000000000
61995  -2.754  -11.294  41.068 0.0000000000
62730  -2.743  -10.777  40.803 0.0000000000
130369  -4.397  -10.281  40.170 0.0000000000
62751  -6.348  -10.607  39.352 0.0000000000
62026  -6.789  -11.301  39.054 0.0000000000
112452  -7.098  -11.979  38.656 0.0000000000
61276  -6.636  -12.505  38.673 0.0000000000
59689  -6.507  -14.762  36.803 0.0000000000
32204  -29.715  -43.433  39.111 0.0000000000
32205  -30.207  -43.603  38.911 0.0000000000
32217  -30.332  -43.433  38.324 0.0000000000
33149  -28.471  -42.844  39.142 0.0000000000
35163  -26.666  -40.525  42.234 0.0000000000
35206  -36.234  -39.718  38.354 0.0000000000
38255  -37.376  -37.539  38.279 0.0000000000
38256  -37.611  -37.312  37.590 0.0000000000
39181  -22.072  -36.420  46.458 0.0000000000
40206  -27.137  -35.290  45.571 0.0000000000
40225  -27.726  -35.433  43.875 0.0000000000
40272  -33.909  -35.367  40.008 0.0000000000
40297  -25.884  -36.012  36.143 0.0000000000
41219  -4.218  -33.733  48.448 0.0000000000
41238  -6.456  -34.225  44.932 0.0000000000
41264  -17.888  -34.819  40.845 0.0000000000
41272  -8.144  -33.807  40.035 0.0000000000
41307  -36.796  -34.510  39.684 0.0000000000
42167  -27.147  -32.953  44.985 0.0000000000
42186  -7.540  -33.383  40.373 0.0000000000
42208  -9.940  -32.973  38.537 0.0000000000
43090  -26.153  -31.405  44.454 0.0000000000
43137  -19.344  -32.922  38.925 0.0000000000
43148  -11.319  -31.676  37.841 0.0000000000
43155  -17.250  -32.091  37.860 0.0000000000
43186  -28.494  -32.563  34.001 0.0000000000
43194  -22.566  -31.902  33.662 0.0000000000
43195  -22.932  -32.433  33.670 0.0000000000
43908  -3.877  -31.598  48.867 0.0000000000
43920  -24.799  -30.731  44.204 0.0000000000
43929  -26.313  -30.619  42.921 0.0000000000
43970  -10.765  -31.277  38.248 0.0000000000
44816  -2.436  -30.489  48.805 0.0000000000
44834  -5.064  -29.866  45.052 0.0000000000
44840  -5.313  -30.529  44.185 0.0000000000
44854  -25.224  -30.259  43.748 0.0000000000
44942  -31.202  -30.039  35.831 0.0000000000
44971  -27.901  -30.794  31.838 0.0000000000
45023  -23.101  -30.034  28.091 0.0000000000
45714  -10.235  -28.886  49.787 0.0000000000
45719  -11.569  -29.659  49.364 0.0000000000
45721  -13.937  -30.200  49.162 0.0000000000
45723  -15.961  -29.587  48.716 0.0000000000
45772  -9.902  -29.601  42.022 0.0000000000
45882  -28.631  -29.347  31.620 0.0000000000
45895  -22.140  -29.873  30.368 0.0000000000
46621  -17.466  -28.558  48.900 0.0000000000
46662  -3.004  -27.679  43.585 0.0000000000
46663  -6.966  -28.843  43.966 0.0000000000
46705  -23.177  -28.058  38.760 0.0000000000
46712  -38.339  -28.038  40.106 0.0000000000
46758  -30.502  -28.227  33.579 0.0000000000
46781  -21.939  -28.977  30.842 0.0000000000
46813  -27.453  -28.185  28.342 0.0000000000
46830  -22.599  -28.166  26.677 0.0000000000
47664  -29.907  -27.644  32.035 0.0000000000
47725  -21.995  -27.643  27.060 0.0000000000
47739  -22.978  -27.772  26.031 0.0000000000
47754  -24.351  -27.751  25.812 0.0000000000
47755  -24.965  -27.178  25.792 0.0000000000
48454  -6.360  -26.989  49.059 0.0000000000
48573  -41.298  -26.886  35.527 0.0000000000
48584  -32.272  -26.935  33.842 0.0000000000
48633  -45.643  -26.523  31.088 0.0000000000
48636  -20.688  -25.982  29.019 0.0000000000
48639  -29.561  -26.361  29.724 0.0000000000
48646  -20.740  -25.879  28.334 0.0000000000
49423  -19.744  -25.868  49.041 0.0000000000
49427  -19.661  -25.767  48.156 0.0000000000
49590  -35.876  -25.287  30.059 0.0000000000
49614  -27.066  -25.392  26.389 0.0000000000
50389  -0.603  -24.230  33.392 0.0000000000
50443  -34.521  -24.650  29.277 0.0000000000
50462  -39.649  -23.668  28.646 0.0000000000
50472  -21.191  -24.575  26.065 0.0000000000
50481  -22.355  -24.901  25.492 0.0000000000
51215  -10.406  -24.081  40.246 0.0000000000
51271  -0.859  -23.201  32.666 0.0000000000
51321  -36.247  -23.072  27.764 0.0000000000
52027  -18.818  -22.236  50.598 0.0000000000
52028  -19.330  -22.375  50.168 0.0000000000
52037  -19.901  -23.035  48.286 0.0000000000
52189  -37.244  -22.593  27.904 0.0000000000
52842  -17.634  -21.641  51.320 0.0000000000
53008  -36.251  -21.489  28.159 0.0000000000
53012  -40.003  -21.675  28.741 0.0000000000
53013  -40.711  -21.786  28.835 0.0000000000
53021  -28.946  -21.193  26.953 0.0000000000
53039  -20.466  -21.795  26.545 0.0000000000
53080  -46.965  -20.805  22.400 0.0000000000
53751  -18.250  -20.936  51.237 0.0000000000
53799  -12.028  -20.348  40.816 0.0000000000
53810  -11.620  -20.456  39.964 0.0000000000
53893  -1.416  -20.615  33.486 0.0000000000
53909  -1.423  -20.874  32.837 0.0000000000
54009  -32.996  -20.901  27.713 0.0000000000
54844  -18.408  -19.899  47.733 0.0000000000
54852  -18.276  -19.905  46.879 0.0000000000
54874  -13.436  -20.020  43.562 0.0000000000
54893  -9.888  -19.314  38.775 0.0000000000
54972  -44.518  -18.860  36.022 0.0000000000
55028  -16.428  -19.865  32.681 0.0000000000
55994  -15.744  -18.913  35.581 0.0000000000
55998  -1.714  -18.903  34.586 0.0000000000
56098  -50.678  -18.253  26.192 0.0000000000
56748  -5.144  -17.553  53.648 0.0000000000
56817  -16.351  -17.857  43.618 0.0000000000
57035  -19.226  -17.866  27.545 0.0000000000
57068  -50.864  -17.257  27.229 0.0000000000
57822  -13.351  -16.231  44.734 0.0000000000
58000  -50.718  -16.383  28.917 0.0000000000
58840  -15.912  -15.356  39.668 0.0000000000
59603  -11.972  -15.033  45.692 0.0000000000
59646  -12.524  -14.557  41.698 0.0000000000
60509  -16.998  -13.907  35.909 0.0000000000
61135  -3.541  -12.384  52.992 0.0000000000
61251  -12.202  -12.743  40.472 0.0000000000
61997  -12.245  -11.972  40.326 0.0000000000
62670  -11.748  -10.670  45.142 0.0000000000
62701  -11.829  -10.542  42.934 0.0000000000
64323  -8.222  -8.460  55.602 0.0000000000
64372  -2.458  -8.435  41.376 0.0000000000
64547  -52.458  -8.305  25.502 0.0000000000
65171  -9.637  -7.163  55.529 0.0000000000
65217  -2.525  -8.001  41.196 0.0000000000
66270  -54.068  -6.013  20.822 0.0000000000
66317  -54.140  -6.512  17.647 0.0000000000
66837  -9.897  -5.101  49.065 0.0000000000
66844  -10.187  -5.164  48.355 0.0000000000
67630  -10.585  -4.332  55.701 0.0000000000
67633  -11.127  -4.862  55.441 0.0000000000
67641  -11.250  -5.052  54.427 0.0000000000
67660  -10.461  -4.439  50.384 0.0000000000
109788  -20.889  -37.322  42.643 0.0000000000
111327  -44.699  -17.649  35.844 0.0000000000
111363  -22.920  -34.445  45.881 0.0000000000
113585  -35.029  -33.843  41.074 0.0000000000
114202  -34.269  -41.797  38.747 0.0000000000
115443  -24.700  -33.759  33.541 0.0000000000
116534  -21.713  -30.150  41.738 0.0000000000
118964  -8.656  -33.452  39.499 0.0000000000
120073  -16.793  -16.851  31.341 0.0000000000
120354  -34.506  -37.374  40.215 0.0000000000
120606  -23.761  -26.397  25.372 0.0000000000
121678  -16.612  -21.512  40.456 0.0000000000
122304  -24.253  -29.021  41.147 0.0000000000
122735  -16.709  -17.996  31.251 0.0000000000
123250  -6.248  -19.145  52.754 0.0000000000
123613  -47.038  -24.386  31.507 0.0000000000
124660  -16.568  -17.573  41.322 0.0000000000
125730  -29.012  -29.026  32.159 0.0000000000
127355  -25.894  -31.850  45.089 0.0000000000
127963  -24.922  -35.356  37.870 0.0000000000
128106  -19.676  -18.156  27.166 0.0000000000
128115  -15.569  -19.935  35.298 0.0000000000
128148  -7.506  -18.495  37.516 0.0000000000
128335  -4.764  -13.780  54.512 0.0000000000
128468  -33.147  -32.708  39.881 0.0000000000
130006  -11.150  -33.217  38.205 0.0000000000
130138  -30.197  -30.938  35.141 0.0000000000
130151  -12.536  -3.684  53.574 0.0000000000
130210  -47.394  -16.271  25.983 0.0000000000
130879  -20.176  -24.318  27.972 0.0000000000
130983  -39.128  -24.733  29.368 0.0000000000
131143  -19.077  -23.303  30.414 0.0000000000
131298  -9.637  -5.944  52.650 0.0000000000
131472  -49.674  -16.694  26.296 0.0000000000
131489  -6.869  -11.329  48.798 0.0000000000
131791  -40.275  -28.075  38.488 0.0000000000
132286  -28.306  -19.655  27.917 0.0000000000
