global_signal	global_signal_derivative1	global_signal_power2	global_signal_derivative1_power2	csf	csf_derivative1	csf_derivative1_power2	csf_power2	white_matter	white_matter_derivative1	white_matter_derivative1_power2	white_matter_power2	csf_wm	tcompcor	std_dvars	dvars	framewise_displacement	rmsd	t_comp_cor_00	t_comp_cor_01	t_comp_cor_02	t_comp_cor_03	t_comp_cor_04	c_comp_cor_00	c_comp_cor_01	c_comp_cor_02	c_comp_cor_03	c_comp_cor_04	c_comp_cor_05	c_comp_cor_06	c_comp_cor_07	c_comp_cor_08	c_comp_cor_09	c_comp_cor_10	c_comp_cor_11	c_comp_cor_12	c_comp_cor_13	c_comp_cor_14	c_comp_cor_15	c_comp_cor_16	c_comp_cor_17	c_comp_cor_18	c_comp_cor_19	c_comp_cor_20	c_comp_cor_21	c_comp_cor_22	c_comp_cor_23	c_comp_cor_24	w_comp_cor_00	w_comp_cor_01	w_comp_cor_02	w_comp_cor_03	w_comp_cor_04	w_comp_cor_05	w_comp_cor_06	w_comp_cor_07	w_comp_cor_08	w_comp_cor_09	w_comp_cor_10	w_comp_cor_11	w_comp_cor_12	w_comp_cor_13	w_comp_cor_14	w_comp_cor_15	w_comp_cor_16	w_comp_cor_17	w_comp_cor_18	w_comp_cor_19	w_comp_cor_20	w_comp_cor_21	w_comp_cor_22	w_comp_cor_23	w_comp_cor_24	w_comp_cor_25	w_comp_cor_26	w_comp_cor_27	w_comp_cor_28	w_comp_cor_29	w_comp_cor_30	w_comp_cor_31	w_comp_cor_32	w_comp_cor_33	w_comp_cor_34	w_comp_cor_35	w_comp_cor_36	w_comp_cor_37	w_comp_cor_38	w_comp_cor_39	w_comp_cor_40	w_comp_cor_41	w_comp_cor_42	w_comp_cor_43	a_comp_cor_00	a_comp_cor_01	a_comp_cor_02	a_comp_cor_03	a_comp_cor_04	a_comp_cor_05	a_comp_cor_06	a_comp_cor_07	a_comp_cor_08	a_comp_cor_09	a_comp_cor_10	a_comp_cor_11	a_comp_cor_12	a_comp_cor_13	a_comp_cor_14	a_comp_cor_15	a_comp_cor_16	a_comp_cor_17	a_comp_cor_18	a_comp_cor_19	a_comp_cor_20	a_comp_cor_21	a_comp_cor_22	a_comp_cor_23	a_comp_cor_24	a_comp_cor_25	a_comp_cor_26	a_comp_cor_27	a_comp_cor_28	a_comp_cor_29	a_comp_cor_30	a_comp_cor_31	a_comp_cor_32	a_comp_cor_33	a_comp_cor_34	a_comp_cor_35	a_comp_cor_36	a_comp_cor_37	a_comp_cor_38	a_comp_cor_39	a_comp_cor_40	edge_comp_00	edge_comp_01	edge_comp_02	edge_comp_03	edge_comp_04	edge_comp_05	edge_comp_06	edge_comp_07	edge_comp_08	edge_comp_09	edge_comp_10	edge_comp_11	edge_comp_12	edge_comp_13	edge_comp_14	edge_comp_15	edge_comp_16	edge_comp_17	edge_comp_18	edge_comp_19	edge_comp_20	edge_comp_21	edge_comp_22	edge_comp_23	cosine00	cosine01	cosine02	cosine03	non_steady_state_outlier00	non_steady_state_outlier01	trans_x	trans_x_derivative1	trans_x_power2	trans_x_derivative1_power2	trans_y	trans_y_derivative1	trans_y_derivative1_power2	trans_y_power2	trans_z	trans_z_derivative1	trans_z_derivative1_power2	trans_z_power2	rot_x	rot_x_derivative1	rot_x_derivative1_power2	rot_x_power2	rot_y	rot_y_derivative1	rot_y_power2	rot_y_derivative1_power2	rot_z	rot_z_derivative1	rot_z_power2	rot_z_derivative1_power2	motion_outlier00	motion_outlier01	motion_outlier02	motion_outlier03	motion_outlier04	motion_outlier05	motion_outlier06	motion_outlier07	motion_outlier08	motion_outlier09	motion_outlier10	motion_outlier11	motion_outlier12
83.77997058494053	n/a	7019.0834712135	n/a	91.82352286793706	n/a	n/a	8431.559351878559	72.35409128716651	n/a	n/a	5235.114525991625	83.65460033360105	85.41883892955583	n/a	n/a	n/a	n/a	0.0	0.0	0.0	0.0	0.0	0.0	0.0	0.0	0.0	0.0	0.0	0.0	0.0	0.0	0.0	0.0	0.0	0.0	0.0	0.0	0.0	0.0	0.0	0.0	0.0	0.0	0.0	0.0	0.0	0.0	0.0	0.0	0.0	0.0	0.0	0.0	0.0	0.0	0.0	0.0	0.0	0.0	0.0	0.0	0.0	0.0	0.0	0.0	0.0	0.0	0.0	0.0	0.0	0.0	0.0	0.0	0.0	0.0	0.0	0.0	0.0	0.0	0.0	0.0	0.0	0.0	0.0	0.0	0.0	0.0	0.0	0.0	0.0	0.0	0.0	0.0	0.0	0.0	0.0	0.0	0.0	0.0	0.0	0.0	0.0	0.0	0.0	0.0	0.0	0.0	0.0	0.0	0.0	0.0	0.0	0.0	0.0	0.0	0.0	0.0	0.0	0.0	0.0	0.0	0.0	0.0	0.0	0.0	0.0	0.0	0.0	0.0	0.0	0.0	0.0	0.0	0.0	0.0	0.0	0.0	0.0	0.0	0.0	0.0	0.0	0.0	0.0	0.0	0.0	0.0	0.0	0.0	0.0	0.0	0.0	0.0	0.0	0.0	0.0	0.0	0.0	0.0	0.0	1.0	0.0	-0.0200478586928625	n/a	0.0004019166381689	n/a	0.0280851513466018	n/a	n/a	0.0007887757261615	-0.0163916642273704	n/a	n/a	0.0002686866561428	0.0021596904549817	n/a	n/a	4.6642628613390624e-06	-0.0016360761538303	n/a	2.676745181132148e-06	n/a	-0.0009937353397022	n/a	9.875099253730466e-07	n/a	0.0	0.0	0.0	0.0	0.0	0.0	0.0	0.0	0.0	0.0	0.0	0.0	0.0
62.82956134441479	-20.950409240525737	3947.5537787315816	438.9196473455062	66.45709238675836	-25.366430481178696	643.4557953564716	4416.545128502136	59.6640702040652	-12.690021083101314	161.03663508955586	3559.8012733156206	65.11062920480747	59.09304502025383	11.299333	372.089294	0.529804276846298	0.2482102638560339	0.0	0.0	0.0	0.0	0.0	0.0	0.0	0.0	0.0	0.0	0.0	0.0	0.0	0.0	0.0	0.0	0.0	0.0	0.0	0.0	0.0	0.0	0.0	0.0	0.0	0.0	0.0	0.0	0.0	0.0	0.0	0.0	0.0	0.0	0.0	0.0	0.0	0.0	0.0	0.0	0.0	0.0	0.0	0.0	0.0	0.0	0.0	0.0	0.0	0.0	0.0	0.0	0.0	0.0	0.0	0.0	0.0	0.0	0.0	0.0	0.0	0.0	0.0	0.0	0.0	0.0	0.0	0.0	0.0	0.0	0.0	0.0	0.0	0.0	0.0	0.0	0.0	0.0	0.0	0.0	0.0	0.0	0.0	0.0	0.0	0.0	0.0	0.0	0.0	0.0	0.0	0.0	0.0	0.0	0.0	0.0	0.0	0.0	0.0	0.0	0.0	0.0	0.0	0.0	0.0	0.0	0.0	0.0	0.0	0.0	0.0	0.0	0.0	0.0	0.0	0.0	0.0	0.0	0.0	0.0	0.0	0.0	0.0	0.0	0.0	0.0	0.0	0.0	0.0	0.0	0.0	0.0	0.0	0.0	0.0	0.0	0.0	0.0	0.0	0.0	0.0	0.0	0.0	0.0	1.0	-0.0781452415081673	-0.0580973828153048	0.0061066787703697	0.003375305889988	-0.0001545944098211	-0.0282397457564229	0.0007974832403874	2.3899431547934218e-08	0.1462043050704196	0.16259596929779	0.0264374492318878	0.0213756988211243	-0.0004130023961121	-0.0025726928510938	6.618748506069146e-06	1.7057097919433596e-07	1.1916780517706728e-05	0.001647992934348	1.4200965790719463e-10	2.715880711660954e-06	0.0004030024543916	0.0013967377940938	1.6241097824565362e-07	1.950876465450014e-06	1.0	0.0	0.0	0.0	0.0	0.0	0.0	0.0	0.0	0.0	0.0	0.0	0.0
61.19550336340122	-1.6340579810135694	3744.8896319000505	2.6701454853141424	64.48474293817331	-1.9723494485850492	3.890162347333749	4158.282071802293	59.26021117839407	-0.4038590256711245	0.16310211261603	3511.772628907862	64.10241762883577	53.85447901104568	1.544391	50.857109	0.0933931521364125	0.0501792827908538	-0.0253086652	0.0787694806	0.3265835047	0.0422264119	0.1134876351	-0.0044041143	0.215202722	-0.0163021718	0.2142987332	-0.1503595877	0.0510200803	-0.0247313951	0.0086395613	-0.1471085525	0.0238318916	-0.0368888384	0.0067428675	-0.0359251298	0.0577964843	-0.1304800682	0.0836444115	-0.0444039143	-0.0564986197	0.0226476978	-0.1972915974	0.0713032914	-0.0384897605	0.0790546911	-0.0247161713	0.0084510165	-0.0140989082	0.0710526953	0.0080249079	-0.0462662425	0.3320453079	0.0671568055	-0.0759969367	0.0396804852	-0.1648529355	0.0759477228	-0.0433250387	-0.0256648575	0.0293140171	-0.0328378178	0.0536030252	-0.1145063429	0.127224383	-0.1168122482	0.0338506833	-0.0422830687	0.0024497295	-0.0899552672	0.0249280276	-0.0989935908	0.0533053411	-0.1311213234	0.0027163341	0.0500269367	-0.0437566828	0.0272706803	-0.0464124281	-0.0953603654	0.2016231936	-0.0034675538	-0.1683500162	0.1070206047	-0.0779851974	-0.0065371347	-0.0010205124	0.086373357	-0.0274104892	-0.0119367145	0.094178048	0.0048425689	-0.0089338985	0.11013694	0.1013854143	0.2472825996	0.2088040277	-0.0352337834	0.0069093611	-0.1020264667	0.1311778497	-0.0582670661	0.0362533271	-0.035578968	-0.0543803324	0.079999801	-0.0026065669	0.0750967873	-0.1111022971	0.009313748	-0.0113190613	0.0263564849	-0.1671934333	0.0949934035	-0.034537806	-0.1012011163	0.0195508702	-0.0531273197	0.0265776015	-0.0987521638	0.1438098528	-0.111401128	0.2534080008	-0.0434347919	0.0308823878	-0.1683730675	0.1530672053	-0.0063220756	0.103693875	0.0734396069	-0.2320868338	0.1718266071	0.0125476654	-0.2117611758	0.1992671874	0.0296929263	-0.087292439	0.028139996	-0.1863709311	0.0048429521	-0.0029210548	0.0199644873	-0.0137827339	0.0975653577	-0.0123439536	0.0129159506	0.0624915981	-0.0158322463	0.0194220938	-0.0878380766	0.0596031514	-0.0900195857	0.0235713633	-0.1486204521	0.0330320842	-0.1705695629	0.0714710962	0.1059956606	0.1059832789	0.1059626437	0.1059337567	0.0	0.0	-0.0627902095106662	0.0153550319975011	0.0039426104103933	0.0002357770076442	0.0278014144273726	0.0279560088371937	0.0007815384301052	0.0007729186441625	0.1854842023879683	0.0392798973175487	0.0015429103332771	0.0344043893355007	-0.0006290021463883	-0.0002159997502761	4.6655892119380754e-08	3.9564370016108834e-07	1.1873256528627252e-05	-4.3523989079476446e-08	1.4097422059458966e-10	1.8943376253903844e-15	0.0004030034598097	1.00541810001218e-09	1.624117886185885e-07	1.010865555832102e-18	0.0	1.0	0.0	0.0	0.0	0.0	0.0	0.0	0.0	0.0	0.0	0.0	0.0
60.9689484953395	-0.2265548680617257	3717.21268062736	0.0513271082424659	64.2349393719911	-0.2498035661822086	0.0624018216773491	4126.127436123373	59.246180277073634	-0.0140309013204387	0.0001968661918638	3510.109877423509	64.00687706235213	53.42377422162152	1.044087	34.382008	0.0570557768828675	0.0330902003023787	-0.0290226112	0.1630093788	0.264306123	0.0149849924	0.0524413418	-0.0102151595	0.1789435657	-0.0350865382	0.2234279633	-0.0862781325	-0.0857129063	-0.0070944708	0.1469554422	0.0242673149	0.0147570942	-0.0297793019	-0.1666971423	-0.0377262979	0.1362453713	-0.0119587556	-0.0054137191	-0.0290308499	0.0538010649	-0.041783697	0.0362159734	0.011204224	0.0622484642	-0.1689413413	-0.0659990819	-0.0037532752	-0.0367365676	0.0571474894	0.0182863787	-0.0716770139	0.293423904	-0.0059436841	-0.0179161288	0.0002169585	0.0354541153	-0.0948302264	-0.0100831915	-0.0719631531	0.0972199748	-0.0897373155	-0.0849116264	-0.0669223024	0.1065598727	0.1390409468	-0.0129026031	0.0710036554	0.0620532365	-0.0638903659	0.1118479665	-0.0550980467	0.0248391009	0.009743971	-0.0181717247	-0.0504954898	0.0068431455	-0.0476965494	0.0520349188	-0.091564707	-0.1003661899	-0.0756311262	0.0596641156	0.0125418446	0.0399329579	0.1211993575	-0.1262103236	-0.0909195697	0.0412061978	-0.1610988447	-0.0391366745	0.0629824192	-0.0073544566	0.0968306929	0.1051595482	0.2187021213	0.1957591919	-0.0377543208	0.0036057151	-0.0608593449	-0.0589726869	0.0462226731	0.0315325197	-0.0315352497	-0.0584416992	0.0325960558	-0.0378857466	0.0320906885	-0.0605895996	0.0162520318	-0.0386554849	-0.0601879484	-0.0894465821	0.0178548108	-0.0817184123	0.085561331	-0.1593361865	0.0267550782	0.0676109515	0.0069496012	0.0071851434	0.30020131	0.0528356567	0.0500728241	-0.0138043749	-0.0073174109	-0.1704496161	0.1163882848	0.0601573279	0.1017085178	0.0928278517	0.1593047521	-0.0227629607	-0.1952218577	0.1931459952	0.0409690126	-0.0885610375	0.0345397005	-0.1140010911	0.0723389485	-0.0315016891	0.037698705	0.0574961512	0.061594644	-0.0161558764	-0.0069026845	0.0200112246	-0.0396229129	0.0424099059	-0.0492304838	0.0623713525	-0.0333616482	0.0436693887	0.0048819961	-0.1578463391	-0.1621403574	-0.0122926631	0.1059626437	0.1058512369	0.1056656457	0.1054060001	0.0	0.0	-0.0350419859701673	0.0277482235404989	0.0012279407807334	0.0007699639096534	0.0431315934052634	0.0153301789778908	0.0002350143874941	0.0018603343496769	0.1804834965790505	-0.0050007058089178	2.5007058587344387e-05	0.0325742925374001	-0.0007369882261815	-0.0001079860797932	1.1660993429103373e-08	5.431516455301539e-07	-5.914851590227421e-05	-7.102177243090146e-05	3.498546933441585e-09	5.0440921592267555e-09	0.0004024779409226	-5.255188870999803e-07	1.619884929292959e-07	2.761701006988018e-13	0.0	0.0	0.0	0.0	0.0	0.0	0.0	0.0	0.0	0.0	0.0	0.0	0.0
60.78130158827893	-0.1876469070605679	3694.3666227653184	0.0352113617293974	64.16843302082496	-0.0665063511661401	0.0044230947454339	4117.5877963481	59.11682098713327	-0.1293592899403606	0.0167338258938742	3494.798523624761	63.81946907316053	53.43410393110383	0.985639	32.457283	0.0872592862890352	0.0451525925387231	-0.0109614186	0.1538862303	0.2473635731	0.0579365253	-0.0422193264	0.010734111	0.1676287952	-0.0150852489	0.2005463238	-0.1089443281	-0.0123705061	-0.0291416613	0.1181622554	0.0007389045	-0.0643466172	-0.0256382604	0.1025309455	-0.0319819206	-0.0518430504	0.1325008503	-0.0631924995	-0.0565148546	0.0520449446	0.0722526903	-0.0285453506	-0.0418273062	0.0559616963	0.0701608273	-0.0649771633	0.1221476756	-0.0276026464	0.0317355151	0.0423904639	-0.0966359711	0.1739899939	0.1253752481	-0.1242947174	0.0070024846	0.0324272275	-0.0355147184	0.073247333	-0.0140458277	0.050413377	-0.1696327183	-0.0368938643	-0.1223364904	-0.1578448199	0.0355528157	0.0616293087	-0.0374400711	0.051334453	0.095065549	0.0263979599	0.121487178	0.0467101397	-0.1760850249	-0.0105372101	-0.0392266324	0.0036914328	0.1419241882	0.0115582094	0.0031500326	-0.1532317368	0.020671616	-0.0017511138	0.0147622367	0.019888519	0.1261741148	0.1168238975	-0.0206015857	-0.0411425187	0.0390383099	-0.0227425472	-0.014358017	-0.0327684843	0.0698070128	0.0944154392	0.2207782796	0.1805867559	-0.0332646384	0.0769007443	-0.0140379381	-0.0186936465	-0.0061399052	0.1209780775	-0.0526352789	-0.0242542006	0.0826020278	-0.0002930989	-0.037214338	-0.0544933459	0.0259378612	0.0719139918	0.1016946739	-0.0131492114	0.0146096852	0.002179432	-0.0201963486	-0.1011632325	-0.0938304351	0.153406969	-0.0269130823	-0.2439283771	0.1753305812	0.0390587633	0.0944691978	0.0796455493	-0.0445433381	0.0545252225	-0.1766705058	-0.0231078907	0.0276058728	-0.0306417952	-0.1807682705	0.1577244862	-0.2178295771	0.1962143789	0.0114832763	-0.1172344572	0.0261742551	-0.1071639727	0.1035139275	-0.0114818731	0.0487059574	-0.0295683139	0.0597219473	0.1146341882	-0.0210477865	-0.019198662	0.0465457222	-0.0007355297	0.0008709614	-0.0063581999	-0.0715910336	0.0493729233	0.0123545429	0.1501430562	0.1171340212	0.0152656922	0.1058966202	0.1055873175	0.1050724821	0.104353116	0.0	0.0	-0.0476743651324653	-0.012632379162298	0.0022728450907836	0.0001595770033	0.0532238095980091	0.0100922161927456	0.0001018528276811	0.0028327739081251	0.2156177721475458	0.0351342755684953	0.0012344173197229	0.0464910236658709	-0.0003809413519029	0.0003560468742786	1.2676937668356126e-07	1.4511631358960908e-07	-0.0002910765766948	-0.0002319280607925	8.47255735003638e-08	5.379062538298154e-08	0.0004024445686838	-3.3372238800036865e-08	1.619616308630898e-07	1.113706322526686e-15	0.0	0.0	0.0	0.0	0.0	0.0	0.0	0.0	0.0	0.0	0.0	0.0	0.0
60.59023568401958	-0.1910659042593465	3671.17666024504	0.0365061797704417	63.74690020748258	-0.421532813342381	0.1776899127243426	4063.667286062743	59.084965248919545	-0.0318557382137285	0.0010147880571416	3491.0331184660304	63.68184501523098	53.31145924001659	0.994513	32.749527	0.0497242025712491	0.0255810920407504	-0.0247137116	0.1143019272	0.2324387077	0.1116833135	-0.0904487649	0.0110552384	0.0880426579	-0.0355088109	0.1001063169	-0.0999083804	0.0091945551	-0.1124774508	0.184163616	-0.1260473767	-0.0567013341	0.0524922829	0.089876306	0.0702440354	0.0191104268	0.0808792169	-0.0189409292	-0.0919434165	0.0352595104	-0.0212473194	0.0317657425	-0.026188654	-0.1056777033	0.0440386624	-0.1057836862	-0.0832201821	-0.0235018942	0.0290616017	0.0485616379	-0.0987252337	0.2026608122	0.0407374527	-0.1133724287	0.1798862251	0.0666577824	-0.0991525019	0.0494460742	0.0867867962	-0.1113690746	-0.0970211473	-0.1399965206	0.1542053157	-0.1471695192	-0.07077413	0.0703495504	-0.0880161833	0.0679826278	0.0280067121	-0.0218566095	0.040467177	-0.0211248704	0.0469402854	0.0847785818	-0.0689140726	0.0628875555	-0.0208927496	-0.0541797958	0.0769553667	0.0442347772	-0.0440670947	0.0443766203	-0.0419891474	0.028851544	-0.1936293116	-0.1133899868	0.0224123945	-0.10796714	0.0879269561	-0.043962059	0.0666008571	-0.024288602	0.045728975	0.0896723468	0.2017474732	0.1537124927	0.0139626347	-0.0192532435	0.070704694	-0.0918395379	-0.0625524182	0.1303174748	-0.0591631832	-0.0447637258	0.0540208564	-0.0595216215	0.0602670467	0.0027545704	0.02287209	0.0130269193	0.0201030491	0.1155418971	-0.0894364506	0.0563727535	-0.0173638016	0.1469702175	0.0259076862	0.0078723625	-0.0490193213	0.0998668013	0.0493814555	-0.1374608844	0.0383866104	-0.0717320283	0.1840961249	-0.1013093985	0.0972866495	0.0705823789	-0.1373004304	0.0055446791	-0.1614881715	0.0104190431	-0.2066070913	0.18876807	0.0329543539	-0.0889701656	0.0519582217	-0.0701581899	0.0870219777	0.0182814899	-0.0106547577	0.0347961487	0.0050725883	0.1172825225	-0.0045332978	-0.0504012126	0.0434898506	0.0204563058	0.0203576688	-0.0496171809	0.0645183205	-0.0680003985	0.076963454	-0.1612072857	0.0744129922	-0.0113192002	0.1057976105	0.1051918494	0.1041848154	0.10278035	0.0	0.0	-0.0392716712042897	0.0084026939281756	0.0015422641591778	7.060526525059912e-05	0.0581633150154772	0.0049395054174681	2.439871376919676e-05	0.0033829712135896	0.1981843712037303	-0.0174334009438154	0.0003039234684678	0.0392770449894179	-0.0006709590422755	-0.0002900176903726	8.411026072905729e-08	4.501860364112562e-07	-0.0002021348710188	8.894170567600002e-05	4.085850608178691e-08	7.910627008556213e-09	0.0004024319190966	-1.2649587199974402e-08	1.619514495077724e-07	1.6001205632975624e-16	0.0	0.0	0.0	0.0	0.0	0.0	0.0	0.0	0.0	0.0	0.0	0.0	0.0
60.44435924733843	-0.1458764366811493	3653.5205648213073	0.0212799347787893	63.75333544474826	0.006435237265677	4.141227866555895e-05	4064.487780330595	59.05232583877888	-0.0326394101406677	0.0010653310943307	3487.177186969312	63.5932053450214	52.78615800257123	0.902041	29.704376	0.0859206413498979	0.0493426053032086	-0.0105241257	0.073209817	0.2358870496	0.1150249082	-0.1125821574	0.0138732521	0.0838988108	-0.015627314	0.1234527384	-0.1048572301	-0.012078964	-0.1686368926	0.1597904116	-0.1591744276	0.0371041637	-0.0100278231	0.0428142637	-0.0052674983	-0.0769040779	0.0024479152	-0.069182024	0.0970234721	-0.0264035947	-0.042046481	-0.0778224494	-0.0332246601	-0.0796090323	-0.0565367506	-0.0273665962	-0.0205460391	-0.0253140972	0.017140998	0.0491884875	-0.1232820117	0.2733332243	-0.0389854376	-0.1042140348	0.0496319532	-0.0671552237	0.1025221883	0.1563792017	0.0527082951	0.1264486682	0.1050888043	-0.0283128792	0.0970315925	0.0296366851	0.0088096581	-0.147967853	0.1846971449	-0.0613991572	0.0150175655	-0.0201428863	0.1757902405	-0.0651927104	0.1742181886	0.0123293429	0.0761989344	-0.1221403103	-0.2390840567	-0.0158185763	0.085679771	0.0223622335	0.0163767494	0.1893423657	-0.0208173346	-0.024556683	-0.1413865776	0.0428784679	0.0643988636	0.0689371067	0.085337956	-0.0478673206	-0.0895972169	-0.0361354877	0.0295942071	0.0821197856	0.2079508785	0.1428727342	0.0078228211	0.0164090573	0.1164650131	-0.024430197	-0.0963813384	0.140426198	-0.0521819806	-0.049301285	0.1112187618	-0.0145176019	-0.0221950341	-0.0303971524	0.0837038249	-0.0618948256	0.064196351	0.066486258	-0.0347599156	0.1122535304	-0.0204909009	0.1107718384	0.0496551997	-0.0587468898	-0.0204334799	0.0727406976	-0.1544120665	-0.2434099179	-0.0466954689	-0.0489644768	-0.1086876268	0.1203396753	-0.0693218884	-0.0391622373	-0.1469742636	0.1532235847	-0.167868063	-0.031802982	-0.2187506931	0.188934158	0.0099881838	-0.0993212449	0.0316253658	-0.0765716696	0.0714246701	0.0794445288	-0.0229027714	0.0031674779	-0.031286722	0.1525970361	-0.0303438055	0.0330162865	0.0045019187	0.0525487474	0.0039573814	-0.1028147336	0.1339582544	-0.065765231	-0.0356869201	0.1452139449	0.1219351328	-0.0258348562	0.1056656457	0.1046653254	0.1030051337	0.1006955375	0.0	0.0	-0.058216249952224	-0.0189445787479343	0.0033891317584998	0.0003588970639366	0.0532951821039944	-0.0048681329114828	2.3698718043862032e-05	0.0028403764354979	0.2427701288974262	0.0445857576936958	0.0019878897891209	0.0589373354848729	-0.0006429711064783	2.798793579719997e-05	7.833245501881877e-10	4.1341184376592955e-07	-0.0003080594383795	-0.0001059245673606	9.490061757469295e-08	1.1220013970551469e-08	0.0001859009823188	-0.0002165309367778	3.455917522709479e-08	4.6885646581871626e-08	0.0	0.0	0.0	0.0	0.0	0.0	0.0	0.0	0.0	0.0	0.0	0.0	0.0
60.32935675720343	-0.115002490135005	3639.631286737927	0.0132255727372519	63.5239409292004	-0.2293945155478596	0.0526218437634372	4035.2910711765417	58.9948649597168	-0.0574608790620772	0.0033017526225866	3480.394091615221	63.551898995890205	52.31244317739518	0.994983	32.764977	0.0614307068614706	0.0315050284373487	-0.0048879756	-0.011015183	0.2686237315	0.0460335748	-0.1111034262	0.0335859409	0.0301197247	-0.0069727018	0.1233326193	-0.1349250175	0.1573298843	-0.0386362289	0.1207219158	-0.083114568	-0.0155091492	0.0270727241	0.0042036839	-0.1149166592	0.0105611438	0.0669781253	-0.0972515725	-0.0459519309	-0.0176405053	-0.0840487731	0.1384246636	0.0827975358	-0.129364373	-0.0444140651	0.0809105829	0.000495519	-0.0083642051	0.0057776978	0.0260207834	-0.084950499	0.2391033038	-0.0614211607	-0.029188146	0.1218294856	0.0107155634	0.0627104991	-0.0982752084	-0.0651340488	-0.0304625133	-0.0281464177	0.2832253071	0.0577393889	-0.1266483625	0.105767383	-0.0251820917	-0.0946653011	-0.0181320042	-0.0326351696	-0.0879839334	-0.0763404904	-0.0190496495	-0.0461981538	0.0862079202	-0.0805185564	-0.0179923707	0.214643057	-0.0291494668	-0.0289683324	0.0188027678	-0.0764089712	-0.0137394934	-0.0255289043	-0.0696690302	0.0951704624	0.1031936848	0.030895202	-0.045694483	-0.0061323952	0.0752950404	-0.0166043984	-0.0230870538	0.0159706248	0.095580691	0.1857528963	0.1327684911	0.0426860783	-0.044553592	0.1128341429	0.0663776476	-0.0612031555	0.0965895366	-0.0184470523	-0.1421879485	0.0611065946	-0.0234339071	0.0425625998	0.0333147355	0.0878103454	0.0133002704	-0.0793814401	0.1494916709	-0.1140955942	0.0315947589	0.1236456257	-0.0599209817	0.0493007577	-0.2071258549	0.1554116072	-0.0543499901	-0.2164733328	0.0184290818	-0.1006858606	0.0029604123	0.1747394685	-0.0889403397	0.0622821306	-0.189215185	0.0961963509	0.0812161401	0.205773204	-0.1287567547	-0.2112012555	0.169075238	0.0605911459	-0.0630372281	0.0351632744	-0.1062416664	-0.0739641902	0.0711627283	-0.0231528246	0.0256100107	-0.0207695405	0.1302364745	0.0155317855	0.1044327216	-0.0801330554	0.0469698047	0.0541960871	0.0034647385	0.0231429209	-0.0074514487	-0.032654473	-0.0292538163	-0.021066289	-0.0262994375	0.1055007667	0.1040084014	0.1015367435	0.0981090648	0.0	0.0	-0.0356588575915566	0.0225573923606674	0.0012715541247349	0.000508835950113	0.0590834391663719	0.0057882570623774	3.350391982016297e-05	0.0034908527837263	0.2303394968868204	-0.0124306320106057	0.000154520612183	0.0530562838260735	-0.0002899697269604	0.0003530013795179	1.246099739415405e-07	8.408244255348891e-08	-0.0002770311669941	3.1028271385399994e-05	7.674626748611293e-08	9.62753625166032e-10	0.0002149598399719	2.9058857653100007e-05	4.6207732800744866e-08	8.444172081031287e-10	0.0	0.0	0.0	0.0	0.0	0.0	0.0	0.0	0.0	0.0	0.0	0.0	0.0
56.64142302523857	-3.687933731964854	3208.2508023240266	13.600855211364218	60.080861193215874	-3.4430797359845258	11.854798068347272	3609.709881718473	56.85089233723093	-2.143972622485869	4.596618605968934	3232.023959539423	60.513652436866224	45.13118635162438	3.970894	130.762344	1.331401635357759	0.6800703315303334	0.7535564779	-0.0391135585	-0.051779319	-0.0568591554	0.1557523006	0.7046984444	-0.4430759415	0.0365233183	0.3090104517	0.2806827314	-0.1425938275	0.0068451287	-0.0885598175	-0.0562479281	0.006100593	-0.015748252	-0.0282198016	0.0127484744	-0.0250847016	0.0125759548	0.0114170341	0.0466327336	-0.08039269	-0.0223890603	-0.0202814324	-0.0165941683	-0.0077874171	0.0157021328	-0.0560781042	-0.0064823883	-0.186443737	-0.6553532792	-0.595361139	0.1485063442	-0.0278176979	-0.0354557884	-0.1813868769	-0.0327708032	-0.0181941562	0.0076562529	-0.0262063444	0.024095595	-0.0265929175	0.0218250308	0.0038893916	0.0149643273	0.0286150742	0.0195345885	-0.0165756619	-0.0371885799	0.0911789069	-0.0285321093	0.066678403	0.0294181186	-0.0312178921	-0.0187994252	-0.0065989074	-0.0151352788	-0.0400503925	-0.0298230081	0.0230396959	-0.0050507061	0.0055647346	-0.0081152256	0.0088994074	-0.0241070895	0.0067261185	-0.011508776	0.0031702894	0.0300399689	0.0060638124	0.0049980613	0.0383070053	0.0199836562	-0.5809341313	-0.4503873348	0.2492339695	-0.4722315292	0.2780075768	-0.1277228394	0.0523207809	-0.1022595897	0.0663683377	-0.0610879727	0.0092001772	0.0445508194	0.0501991893	0.0016623621	-0.0119292693	-0.002228244	-0.0252296013	-0.0026971293	-0.0496341974	-0.0383171543	0.0133984701	-0.0021856552	-0.0126666456	-0.0142912468	-0.0017752329	0.0076956792	-0.0010842361	-0.0045351885	0.0097323791	0.0104878841	0.0060118779	-0.0030540777	-0.0063544117	0.0095541842	0.0054141687	0.004272037	0.0085585411	0.0071080344	-0.0041570061	0.008285383	0.002572808	-0.3995544732	-0.7882485449	0.3876459981	-0.1033097277	0.0007576371	0.0158822478	-0.0089302002	0.0155986114	0.0014575925	-0.0510664155	0.0385858077	-0.0260893869	0.0165332203	-0.014295329	0.0251410736	-0.009362383	-0.031246695	-0.0187761551	-0.0072784941	0.00567259	-0.0042319962	-0.0076435967	-0.008363783	0.008670089	0.105303025	0.1032218959	0.0997837604	0.0950338178	0.0	0.0	-0.434260670939679	-0.3986018133481224	0.1885823303249801	0.1588834056044114	-0.0853976795052773	-0.1444811186716492	0.0208747936526111	0.007292763664886	0.6826504023227074	0.4523109054358869	0.2045851551762318	0.4660115717913542	0.003656979671784	0.0039469493987443	1.5578409556248777e-05	1.3373500319841413e-05	0.0017440241287778	0.0020210552957719	3.0416201617591647e-06	4.084664508567642e-06	-0.0005371914235538	-0.0007521512635257	2.885746255397582e-07	5.65731523223307e-07	0.0	0.0	1.0	0.0	0.0	0.0	0.0	0.0	0.0	0.0	0.0	0.0	0.0
59.834038204411975	3.192615179173401	3580.112127847032	10.19279168228841	62.91501385594107	2.834152662725195	8.032421315632314	3958.298968493257	57.79687821408535	0.9459858768544224	0.8948892792080302	3340.479131293814	62.70886591275435	53.84314178313137	5.572012	183.487488	1.9201118053438653	1.2855904438304238	-0.1790367753	-0.0713771983	-0.1375004795	0.0285168989	0.1421266061	-0.634665119	-0.5179379322	-0.2809443698	0.3022338986	0.1947782537	-0.0533896463	0.1073821993	-0.0069612232	-0.078762415	-0.0292577209	0.0534692345	0.008070788	-0.0365846156	-0.0482825426	0.0258985802	0.0373793593	0.0355836	-0.0604696058	-0.0048156589	0.0176685988	-0.0156018338	-0.003177029	0.0278537406	-0.0075215835	-0.0026401962	0.5730469566	-0.0663250818	0.2036422995	0.6970770941	0.0563724573	-0.043477624	-0.1356798417	0.0132815977	0.0483619696	0.001937278	0.0327774901	0.0561031803	-0.061426159	0.0298968466	0.0126644933	0.0096317521	-0.0436725314	0.0181478148	-0.0145091232	-0.005919621	-0.0130574734	-0.0227204466	-0.0037681861	-0.0022286162	0.0029507585	0.0259590858	0.0163496628	-0.0199614693	-0.0156775132	-0.0336750367	0.0064301615	-0.0352571779	0.0007466725	0.0017366142	0.0361839907	-0.0258664026	0.0097916185	0.0227142569	-0.0258952162	0.0179668611	0.004098421	-0.0148792359	-0.025818005	-0.026413615	0.5708918979	-0.4234278725	-0.4637276904	-0.1711004224	0.4322162986	-0.0741657368	0.0176080823	0.0403525561	0.0037890592	0.0035050553	0.0394961135	0.0082783439	0.0324431347	-0.0170846866	0.0169084168	-0.0402215328	0.0030611244	-0.0179497436	-0.0015203395	0.0002082073	0.0080168502	0.0021974097	-0.0144405872	0.0045169651	0.0036963543	-0.0086661365	-0.0039889647	0.0079136667	-0.0074290096	-0.0043821792	0.0051287779	-0.007431922	-0.007224841	-0.0063096555	0.0018027939	0.0054208374	0.0097483773	0.0055317862	-0.0024595282	0.0014930488	0.0111384222	0.1045624283	-0.0890447752	-0.1030640289	0.4696104304	0.1780213783	0.0284291091	0.3006654187	-0.0136288523	0.1327150559	-0.1523498034	0.0347001307	0.2589512766	0.5752155002	0.1289547141	-0.0755196961	-0.031500407	-0.1476132597	-0.0616047374	0.0329301056	0.1318709852	-0.035334623	-0.0244040693	-0.0718557261	-0.006827208	0.1050724821	0.1023067888	0.0977510977	0.091485117	0.0	0.0	-0.1186301099265421	0.3156305610131369	0.0140731029811834	0.0996226510454675	0.1639245705861753	0.2493222500914526	0.0621615843906648	0.0268712648418619	-0.5360932752162384	-1.2187436775389455	1.4853361515411538	0.2873959997320735	0.0045228503609522	0.0008658706891681	7.497320503606134e-07	2.045617538756544e-05	0.0008234187514291	-0.0009206053773487	6.780184402050579e-07	8.475142608033426e-07	0.0004046388439359	0.0009418302674896	1.6373259402178162e-07	8.870442527597197e-07	0.0	0.0	0.0	1.0	0.0	0.0	0.0	0.0	0.0	0.0	0.0	0.0	0.0
60.61912416332628	0.7850859589143084	3674.678214328768	0.6163599628843992	63.729493882407866	0.8144800264667964	0.6633777135133534	4061.448390507861	59.06072111413834	1.2638429000529854	1.5972988760143405	3488.168778522026	63.78629937715064	51.93669789199025	2.848767	93.810478	0.7128009911868844	0.379567017654454	-0.039259808	-0.1058551323	-0.04473205	0.0137989957	0.0993842013	-0.0531700888	0.0587451409	0.0207647209	-0.008101929	0.0927478971	0.0322730369	-0.0899449152	-0.0931077135	0.1854737526	-0.0305574189	-0.05397715	0.092138927	0.005785813	0.0577976572	0.042987824	-0.034089206	0.036345782	0.0263814919	-0.0103413189	0.0778380763	0.0482285532	0.0133825938	-0.2153981011	-0.0217154605	-0.1154171497	-0.0109443587	0.0325930028	0.0055237303	0.0082482915	-0.1168125357	-0.016179807	0.1053818645	-0.0123986231	-0.0576699043	0.0282224327	-0.104717769	-0.0233333529	-0.0052472683	-0.0827641783	-0.0246486876	-0.0225351909	0.1030765366	-0.0356064258	-0.2559977314	0.0059200497	-0.0581581509	0.0034320873	0.0157243357	-0.0737626981	-0.0286941222	-0.0883565802	0.0426537897	0.0354028397	0.05795672	0.0194651517	-0.0304007845	0.0365498398	-0.0971065058	-0.0470500615	-0.0223792608	0.0773489354	0.0651750735	-0.0373693224	-0.1018668573	0.1494008932	0.0255840469	-0.0257340895	-0.0645080039	-0.075302889	0.0459301123	0.0559837511	-0.0378599861	-0.029489679	-0.0765071959	-0.050327565	-0.0922111733	-0.1933044837	0.0302330598	-0.0908963519	-0.0329998215	-0.0207687785	-0.0291635128	-0.1176879848	-0.0051218651	-0.0984379227	0.0796598759	-0.0013867598	0.0381827351	-0.0321463326	0.0709415241	-0.0029124385	-0.1379616931	0.1693912222	0.0571058481	-0.084212912	0.0472023638	0.0058712427	-0.0170674348	-0.0501103735	-0.0798194278	0.036561616	0.0318817749	0.0299573364	0.0994645845	-0.031326882	-0.0422908968	-0.0676564586	-0.0568559514	0.0096507388	-0.0524469686	0.1390475232	-0.0478834545	-0.0589581481	0.0500543248	0.1448438565	-0.0972937764	-0.0042219909	0.00369691	-0.018430675	-0.1218978726	0.0034406718	-0.0792204412	-0.0435790057	-0.0395935504	-0.021181202	-0.0273695659	0.1456660566	-0.0061624404	-0.0172011151	-0.0076464105	0.1455967729	0.0116656498	0.0477706749	0.0496344104	0.1048092098	0.1012642201	0.0954444529	0.087480642	0.0	0.0	-0.0318874169990692	0.0867426929274729	0.0010168073628725	0.0075242947763098	0.3081096531108613	0.144185082524686	0.0207893380226505	0.0949315583400952	-0.593567035113189	-0.0574737598969505	0.0033032330766923	0.3523218251730617	0.0107842540153603	0.0062614036544081	3.920517572343511e-05	0.0001163001346678	0.0019088888921932	0.0010854701407641	3.6438568027385824e-06	1.1782454264904353e-06	0.0015457541655192	0.0011411153215833	2.3893559402199586e-06	1.302144177152158e-06	0.0	0.0	0.0	0.0	1.0	0.0	0.0	0.0	0.0	0.0	0.0	0.0	0.0
60.62591311727149	0.0067889539452039	3675.501341302951	4.6089895670100375e-05	63.77563800303757	0.0461441206297053	0.0021292798686887	4067.33200269449	59.05435639077045	-0.0063647233678878	4.050970354973763e-05	3487.417008728131	63.79891069857472	51.6612293195287	0.953089	31.385401	0.0854906511740145	0.0641401501678185	-0.025658048	-0.0940397891	-0.0217991517	-0.0945890092	0.0093893429	-0.0119424908	0.0845580259	0.0360918984	-0.0161580217	0.0304352469	0.0060320303	0.0324071332	-0.1958475556	0.1515893504	0.0247788255	0.0862519192	0.0018696847	-0.0184626292	0.1322370048	-0.0274932478	0.0373923721	0.0638519574	0.0117363116	-0.0687372323	-0.047885406	-0.0517404298	-0.1343563523	-0.1255272845	0.1405859416	-0.1150077762	-0.0201851284	0.0302282924	0.0224079609	0.0101398133	-0.1559614942	-0.0093482811	-0.0790745011	0.0319530479	-0.073290482	0.0194776631	-0.1500170618	-0.1011125744	0.0562670697	0.0248623551	0.0115294006	-0.0729813526	-0.0397447025	-0.0516581219	0.0586705769	0.0106824373	-0.0635924622	0.0775253186	0.0345495707	-0.0310267503	-0.1009243346	0.0627314529	0.080670046	0.0076286267	0.0922457142	-0.0567712525	-0.1102568827	-0.1446178719	-0.0503022045	-0.0074640014	-0.1341274836	0.0017709577	0.0886027463	-0.0780889218	0.0580457413	-0.0187723551	-0.0862157944	-0.0405500586	-0.0852664925	-0.0583030323	0.0194545535	0.0743683334	-0.0205110517	-0.0171546533	-0.1150265946	-0.0411595285	-0.0087316907	-0.1455029419	0.1333766685	-0.038368302	0.0176644123	-0.028899389	-0.0005994646	-0.1402451982	0.0219937049	-0.1050921815	0.0959771008	-0.0733811978	-0.0423118943	0.0017401801	0.0985775061	0.1213726528	-0.0760029222	0.0824958597	0.1322423346	-0.1099200646	0.0079566175	0.0155721297	0.0078758353	-0.0515014871	-0.0784394683	0.0129063565	-0.0281270855	-0.0144857674	-0.0371855107	-0.0017632893	-0.003978399	0.0830433471	0.0220634934	-0.018843176	0.0439157445	0.1251920736	-0.0181615021	-0.0370297441	0.0001472606	0.0129484385	-0.0813182235	-0.0592225793	-0.0186082182	0.0540344032	-0.2091014286	-0.0708809628	-0.087706871	-0.0279674216	-0.1301325785	0.0838174783	0.0088722483	0.1108018007	-0.0273866353	0.0078060325	-0.0243208106	0.1928966983	0.0489962067	-0.0432681575	0.1155633143	0.1045132902	0.1000954889	0.0928702909	0.0830403428	0.0	0.0	-0.0300444114691202	0.0018430055299489	0.0009026666605258	3.39666938342258e-06	0.3058012237139991	-0.0023084293968622	5.328846280297629e-06	0.0935143884249793	-0.5321662205975457	0.0614008145156432	0.0037700600231844	0.2832008863450757	0.0107911727271961	6.918711835800229e-06	4.786857346684217e-11	0.0001164494088281	0.0021817608182439	0.0002728719260507	4.760080268024293e-06	7.445908802661877e-08	0.0014267767687745	-0.0001189773967446	2.0356919479146037e-06	1.415562093614574e-08	0.0	0.0	0.0	0.0	0.0	0.0	0.0	0.0	0.0	0.0	0.0	0.0	0.0
60.68129520490475	0.0553820876332622	3682.219587744796	0.0030671756306183	63.84184508981774	0.0662070867801674	0.0043833783399166	4075.781184472285	59.19168486899518	0.137328478224731	0.0188591109315204	3503.655557630433	63.72345320653157	52.73342098630623	1.065948	35.101875	0.2609553990538957	0.1214718927475037	-0.0372008503	0.0927264141	-0.0913539226	-0.0213273753	-0.0300457523	-0.0120247214	0.1007363285	0.0611197538	-0.1005235031	0.0376011586	-0.1353737054	0.0061234559	-0.0705589418	0.0786995009	-0.0441361148	-0.0699320952	0.060869478	0.0160236975	-0.0088988585	0.1011211674	0.1826847626	0.0094688811	0.1504589676	-0.0971228931	0.1159219827	-0.0143990355	-0.0502138591	0.0573882938	0.0998224225	0.0336549487	-0.027960949	0.0572621434	0.0366592731	-0.0309402538	-0.1572608123	-0.0275823735	-0.0914758298	0.0115647652	-0.0350549894	0.077975442	-0.1063102221	-0.1131108691	-0.0247142372	0.0031678252	-0.1282736032	0.0304954525	0.1315072212	-0.0508415778	0.1176793177	-0.0371593041	-0.0536722661	-0.031970067	-0.0081577293	0.0533413897	0.0289423205	0.0743669045	0.0027598589	-0.056351874	0.0516391451	0.1619343885	-0.0350298393	-0.1749388132	-0.0520342799	0.1115152154	0.0960640495	0.0024627441	0.0643592849	-0.0630317197	0.0259910247	-0.0980847745	-0.0670692065	0.0190369259	0.0170042701	0.0620417313	0.0062601398	0.0608623867	-0.0151886438	-0.0104880822	-0.1100286198	-0.0210589947	0.0281783929	-0.1198799626	-0.0900493229	0.0210072071	0.1106543553	-0.0544054575	0.1779608607	-0.1637859702	0.0162457299	0.0347582724	0.1892822513	-0.0452286557	-0.0791234617	-0.0688423778	0.0327372868	0.1086971028	0.0273089068	0.1086166106	-0.0108275436	-0.0339040021	-0.0667914584	0.0242102558	-0.1172106508	-0.0301860708	0.0107624174	0.0445400121	0.0615895129	-0.0572833677	0.0738057945	0.0901249926	0.133121684	0.1503898375	0.0418908625	0.0612867737	-0.0497319408	0.1132792551	-0.0103726224	-0.0270134275	-0.0033603638	0.046895906	0.0374606357	0.0260468922	-0.1117062681	-0.0346173564	-0.0858711382	-0.0294877681	-0.032031489	-0.1352391418	-0.2770275846	-0.1698040084	-0.1860953558	-0.0474037744	0.1194101031	0.1121809672	-0.1433298724	0.0710629645	0.1306616909	-0.1387886367	0.0016091839	0.1041848154	0.0988020511	0.0900358269	0.0781863408	0.0	0.0	-0.045957391863439	-0.0159129803943188	0.0021120818668896	0.0002532229450299	0.2605138828818099	-0.0452873408321892	0.0020509432396508	0.0678674831741573	-0.484396309275958	0.0477699113215877	0.0022819644276723	0.2346397844401695	0.0091653932151685	-0.0016257795120276	2.643159021728701e-06	8.400443278865678e-05	0.0023780152583416	0.0001962544400976	5.654956568905467e-06	3.851580525806168e-08	0.0002091073907838	-0.0012176693779907	4.372590088040884e-08	1.4827187140962586e-06	0.0	0.0	0.0	0.0	0.0	0.0	0.0	0.0	0.0	0.0	0.0	0.0	0.0
60.28001430764083	-0.4012808972639163	3633.680124929384	0.1610263585089338	63.42701986742366	-0.4148252223940787	0.1720799651342968	4022.986849262556	59.17812166254571	-0.0135632064494686	0.0001839605691909	3502.050083507062	63.357413351524734	52.79508242462207	1.090935	35.924694	0.222848153572339	0.1094972220465984	-0.0336370276	-0.0172184599	-0.1423283382	0.0492112244	-0.1591607708	-0.0255081353	0.0089430784	-0.00339992	-0.1757199276	-0.0014082444	-0.1391298354	-0.0775629636	-0.0400999248	-0.0326203196	0.0051629727	0.1101767418	-0.0125609787	-0.0748110622	0.0019597896	0.09214131	0.0766326329	0.0648499851	0.090953814	0.1066934161	-0.0400545846	-0.0877769837	-0.0052145909	-0.0060456901	0.0024128534	0.0884838504	-0.0222818471	0.0717887559	0.0860767948	-0.0815381522	-0.2349222823	-0.0150631097	-0.1174641473	0.0092229564	-0.038553567	0.0245067797	-0.112168029	0.0744120246	-0.0776673851	0.0074965785	-0.0746427609	0.0024541994	-0.0368821949	-0.0746693817	-0.1612207476	-0.0238542274	0.005202154	0.0461389771	-0.0121899885	-0.0268177718	0.0155104355	0.1302255662	-0.0089405266	0.0167351169	-0.1156161982	0.0326607968	0.0620311957	0.0483699983	0.0574984047	0.1793750889	0.0085970289	-0.0797156217	0.0664913511	0.0486643813	-0.061503701	-0.0211647165	0.1202060055	-0.0244476853	0.0567881156	-0.0163539473	-0.0122767512	6.73506e-05	-0.0474197552	-0.0397834588	-0.1934695795	0.0319622369	-0.0316861865	0.0845812979	-0.0890841208	-0.0780768732	0.212939656	-0.1408166125	0.2725456559	-0.1556953732	0.0806098267	0.0877813787	0.0639632755	-0.1751221699	-0.0941361055	-0.0660385273	0.0748276865	-0.0488619464	0.1453119883	-0.0395323148	0.0060406828	-0.0747794649	0.0812508212	-0.0584046909	-0.0982351367	0.0290174781	-0.0338605726	0.0244637103	-0.0155416594	0.0137944944	-0.0369996054	0.0304902459	-0.055161749	0.0402941072	-0.0069254658	0.076561523	0.0729500843	0.1171112096	-0.0226263305	-0.0430072323	-0.0050404542	0.0467717055	0.0970480559	0.0228420483	0.0295189409	-0.0394139883	-0.0323487204	-0.0336035617	0.0798339782	-0.0879009655	-0.2542258081	0.1638599326	-0.1468004824	-0.1026631004	0.0419666911	0.1193057793	0.0776600817	-0.0370340574	-0.0504265707	0.0174451441	-0.0872471686	0.1038238878	0.0973855183	0.0869490055	0.0729428184	0.0	0.0	-0.0150682176572445	0.0308891742061945	0.000227051183366	0.0009541410831406	0.2588379404481316	-0.0016759424336783	2.8087830410035477e-06	0.0669970794154305	-0.4616661985760117	0.0227301106999462	0.0005166579324318	0.2131356789076254	0.0075291054619825	-0.0016362877531859	2.6774376112264874e-06	5.668742905765472e-05	0.0016389849243236	-0.000739030334018	2.686271582160037e-06	5.461658345987567e-07	0.0011848478282302	0.0009757404374464	1.4038643760618215e-06	9.520694012680922e-07	0.0	0.0	0.0	0.0	0.0	0.0	0.0	0.0	0.0	0.0	0.0	0.0	0.0
59.79020431625869	-0.4898099913821454	3574.868532179959	0.2399138276577773	62.74078544173344	-0.6862344256902162	0.4709176870023808	3936.4061578456312	59.154112675443606	-0.0240089871021069	0.0005764314616691	3499.209046419078	63.0729017449747	51.63629517177923	1.143345	37.650566	0.0839005373273815	0.0415579460067127	-0.0210419451	-0.143585125	-0.1374438805	-0.015341197	-0.2130320214	-0.0079431928	-0.0976669506	0.0210895718	-0.3525844464	-0.0816960924	0.0104120092	-0.1267668284	-0.0787923152	-0.1919561764	0.0762395617	0.0525174409	-0.0720924211	-0.042917562	-0.0259566206	0.2468001444	-0.0453651805	0.0048313858	-0.0853824874	0.0699192741	0.0323867433	-0.0346554074	0.1228430865	0.0336597541	-0.0060317577	-0.0626885469	-0.0236135297	0.0557720895	0.0896055203	-0.0965583784	-0.1689262359	-0.1084495048	-0.1622974281	0.0525216281	0.086129107	-0.0265302113	0.0503924642	0.0777234536	-0.0094561542	0.033114402	-0.0058560377	0.0300627033	0.0575054408	0.1339924403	-0.0615478477	-0.0041761291	0.0134728927	0.1020116178	-0.0191065741	-0.0868309945	-0.1523702892	0.0263851548	-0.0529213712	0.0956017625	0.1203648075	-0.0796844417	0.0853650844	0.0097525477	-0.1127044496	0.0406947935	0.0414278266	0.0763710004	-0.0082523947	0.0467015282	0.0926697473	-0.0184290874	0.0151514953	0.0185985622	0.0523752464	-0.0909843958	-0.0160766631	-0.053333058	-0.0461887804	-0.0726069965	-0.2425985698	0.0715690302	-0.0830531853	0.2158739179	-0.0188377776	-0.0639514175	0.2123652864	-0.0592478776	0.0912164086	0.0239253475	0.1307587103	0.0989330977	-0.014462734	-0.068412183	0.0914463533	-0.0902984848	-0.0817448703	-0.0685716468	-0.1186942504	0.0693323759	-0.0176805242	0.1282275015	0.1262604476	-0.0594432192	0.0012280684	-0.0110327198	0.0348119138	0.0180489535	-0.0120376148	-0.0999489834	0.0831471794	-0.0389552652	-0.0089882824	0.099429405	-0.0819568032	-0.0354698493	-0.1133804811	0.1102923519	-0.0232649213	-0.0496744822	0.0015131623	0.0232765704	0.1032428586	-0.0990947491	0.0604949407	-0.0434664779	0.011361053	-0.1118316623	0.1006574604	-0.1233509542	-0.0720304587	0.1052584282	-0.0936942655	-0.0887534245	-0.0390625786	0.1372269499	0.0064682549	-0.0884521366	0.0640081233	-0.0045223105	-0.2004738254	0.1034306197	0.0958476552	0.0836184785	0.0673358985	0.0	0.0	-0.0028879395867562	0.0121802780704883	8.34019505675357e-06	0.0001483591738744	0.2560506666685995	-0.002787273779532	7.76889512206707e-06	0.0655619439014342	-0.4295370388585056	0.0321291597175061	0.001032282904153	0.1845020677513333	0.0073309826814733	-0.0001981227805092	3.925263615669665e-08	5.374330707606146e-05	0.001504884255959	-0.0001341006683646	2.264676623833273e-06	1.7982989255832444e-08	0.0007809947619069	-0.0004038530663233	6.099528181260155e-07	1.630972991787318e-07	0.0	0.0	0.0	0.0	0.0	0.0	0.0	0.0	0.0	0.0	0.0	0.0	0.0
59.729847205483935	-0.0603571107747527	3567.654647190457	0.0036429808210757	62.80361937552907	0.0628339337956234	0.0039481032362327	3944.29460666633	59.12547424641061	-0.0286384290329948	0.0008201596174778	3495.8217048629645	63.14517658019224	51.23863112304462	1.005729	33.11887	0.1740176741499086	0.0804040565263125	-0.0083472078	-0.108345433	-0.1138298573	-0.1305794234	-0.2229659237	0.0181217652	-0.1074238372	0.0080392017	-0.2632670084	-0.0814697895	0.0741506296	0.0867441194	-0.0863689837	-0.1310059172	0.0945675634	0.0105128071	-0.0846247433	-0.2077289413	0.083429903	-0.0087167046	-0.0400093513	0.1001084082	-0.0593147588	-0.1692691305	-0.0880909975	-0.0118251439	0.0607738776	-0.0657205341	0.0247686481	-0.0558063823	-0.0318885511	0.0459263169	0.0652499227	-0.1113902519	-0.1267825993	-0.1291035513	-0.1388908637	-0.0580209937	0.0217279975	0.0755885659	0.1407441131	0.1166835952	-0.0038860317	0.0596170188	-0.0031779113	0.0035841852	-0.0229150098	0.0711285861	0.190516323	0.0471100085	-0.0416089226	-0.0533228675	0.054454086	-0.0108298369	0.1337823955	-0.0298393807	-0.0575360028	-0.0331233909	-0.0721047122	-0.1001578181	-0.0097202581	0.1425621062	0.0267951795	-0.0518631532	-0.0956245179	-0.0134273853	-0.0294005796	0.1080682736	0.0731920717	0.0938520997	0.1011569291	-0.1167500344	0.0697304744	0.064124106	-0.0053704538	-0.0473006481	-0.0424940239	-0.0791289858	-0.2168161104	0.080276473	-0.0560248522	0.1962391775	0.0799937012	0.0546923097	0.1426340089	0.0621484602	-0.0874230221	0.086685977	0.0929394625	-0.0528684538	-0.1010518946	-0.0854032411	-0.0271622563	0.0450174109	-0.2048534834	-0.0466151906	-0.0876645114	0.0440218391	-0.0489271139	0.0726323324	0.089080013	-0.0012048629	0.0055127302	0.0021496775	0.0774500375	-0.0613247252	-0.0732467194	-0.0667825961	0.0252352387	-0.0328548206	-0.1621565205	-0.0199884229	0.0736797339	-0.1059263434	-0.0168939438	0.0868303631	-0.0283233228	-0.045602018	0.0563429471	-0.0692925135	0.1006802982	-0.1514556076	0.0186475689	0.0154602366	0.012333153	-0.1252099022	0.114415672	-0.1414128835	0.1054698247	0.1141078704	-0.0036975786	-0.1518252687	-0.0467379152	-0.0397789021	0.021629385	-0.0942274456	0.0557975866	-0.1026617624	-0.0614821098	0.1030051337	0.0941903779	0.080053581	0.0613935146	0.0	0.0	-0.0518313215643218	-0.0489433819775656	0.0026864858951041	0.0023954546394018	0.2599868470887401	0.0039361804201406	1.5493516299898233e-05	0.0675931606591439	-0.3842313754968032	0.0453056633617023	0.0020526031326439	0.1476337499161653	0.0065058133639897	-0.0008251693174835	6.809044025163501e-07	4.232560752706698e-05	0.0012314144811838	-0.0002734697747752	1.5163816244691671e-06	7.478571771559867e-08	0.0011990046374581	0.0004180098755512	1.4376121206460298e-06	1.7473225605832974e-07	0.0	0.0	0.0	0.0	0.0	0.0	0.0	0.0	0.0	0.0	0.0	0.0	0.0
59.79725695627263	0.0674097507886983	3575.711939494496	0.0045440745013944	62.76812117902188	-0.0354981965071843	0.0012601219552626	3939.837036344376	59.041381475570354	-0.0840927708402574	0.007071594107592	3485.884726543822	63.243184806848745	50.830484197500645	1.073991	35.366734	0.1151466601559802	0.0609357140586173	-0.0059433607	0.0324080162	-0.1783966526	-0.0471837761	-0.1545942507	0.0258499114	-0.1108875673	0.0468848228	-0.2245236431	-0.0472351319	0.048556057	0.0516590045	0.0275157066	-0.1094665005	0.0218198175	-0.0432975481	0.1482194972	0.0469655975	-0.0259809971	-0.1550245036	0.1678571144	0.0015942166	-0.0261645547	0.0291258447	-0.0514898572	0.011049947	0.2087452332	-0.0487252477	0.0426549977	-0.0045489279	-0.0134406836	0.0306174896	0.0222189116	-0.0346368351	-0.1115944706	-0.0598591887	0.065430928	-0.0320344711	-0.0050771014	-0.0002689492	-0.0409847453	0.1740301187	0.0720432108	0.0031713759	-0.0435183432	0.0136945207	-0.0375356264	-0.1279295623	0.0116634594	0.0576885019	-0.0225516141	-0.0448484449	-0.0654019421	-0.1356362385	0.0391241664	-0.1252223572	-0.0875083924	-0.1119111848	-0.055723794	-0.0431327031	-0.0719738415	-0.021508633	0.0018957632	-0.0187681975	-0.0524845891	-0.0833738716	0.1254121036	0.0111769608	0.0739320003	0.0410445334	-0.0544378173	-0.0917764621	0.0479573283	0.0231524701	-0.0032000302	-0.0280250487	-0.0353948274	-0.079433547	-0.1904059695	0.0310224397	0.037004778	0.1414929656	-0.0570473773	0.0745962426	0.0336544971	0.1034291729	-0.1547921818	0.1123368556	-0.0309833833	-0.0413942877	-0.0334393257	0.077803147	0.0105337854	0.0132751321	-0.1087268977	0.0071861522	0.0374906145	0.0353117233	-0.0662985441	-0.044459581	0.0010347951	0.0711860259	-0.0685910194	0.0389270536	0.0508877965	0.0874801484	-0.1048092387	0.0553468974	0.1937364872	0.0844245509	-0.0119639702	0.0026889799	0.0474058705	0.0653618891	0.1095237742	0.0950166883	-0.0190530875	-0.0229137279	-0.035208883	-0.0567637947	0.1847629936	-0.1031121077	-0.0479892645	-0.0221104262	0.0506314646	-0.0721714742	0.0667943445	-0.0720895369	0.1516861891	-0.1209380357	0.0823428973	0.0271695649	0.0933783367	0.0117486944	-0.0043620912	-0.0388545878	0.0103432949	0.0643495791	0.08819584	0.1025475623	0.0924157511	0.0762643048	0.0551452713	0.0	0.0	-0.0237119350462222	0.0281193865180995	0.0005622558636362	0.0007906998981542	0.256275897769072	-0.003710949319668	1.377114485314505e-05	0.0656773357773438	-0.3460119352114006	0.0382194402854025	0.0014607256157294	0.1197242593087384	0.0071641761535252	0.0006583627895354	4.334415626449644e-07	5.132541995873913e-05	0.0014120393230556	0.0001806248418718	1.993855049855317e-06	3.262533350121276e-08	0.001261954686707	6.295004924890008e-05	1.5925296313017627e-06	3.962708700438946e-09	0.0	0.0	0.0	0.0	0.0	0.0	0.0	0.0	0.0	0.0	0.0	0.0	0.0
59.83741021776856	0.0401532614959236	3580.5156615695128	0.00161228440876	62.7663735581368	-0.0017476208850837	3.054178757980853e-06	3939.617649639574	58.8769771494764	-0.1644043260939511	0.0270287824384062	3466.4984382599664	63.27983787314532	50.06523058693343	1.004002	33.061974	0.1634674952608451	0.0818140402097568	-0.0165252439	-0.0727342041	-0.1331329538	0.0579598667	-0.0815204795	0.0033978887	-0.1123299316	0.0156519326	-0.2227460509	-0.046684705	0.1126038632	0.0076844393	0.0691872493	0.0322915321	-0.001746505	0.042157527	-0.0598044469	0.0821579465	-0.0462336198	0.0458799083	0.0161164805	-0.1112556973	-0.151122734	-0.0949993907	-0.0765715298	0.0081233055	-0.0387658618	0.1395489877	0.0583371357	0.1172059544	-0.0168072563	-0.0163278463	0.0014127639	-0.0366668699	-0.1559567713	-0.0469320167	0.1935153397	-0.0017063202	-0.0425201101	-0.0488184544	0.1839253013	0.1829782058	-0.1674569727	0.0228396715	0.0987514109	0.031874527	-0.0003307009	-0.0540921097	0.0437997719	-0.0794566182	-0.171100691	-0.0524495892	0.0662050079	0.0272360484	0.0184634771	-0.0411241915	0.0480762994	-0.0466493225	-0.006219855	-0.0134400929	-0.0904392257	-0.052307758	-0.0489823716	0.0521859208	0.0320644679	0.0167931508	-0.1285470804	0.050510063	-0.0237150065	-0.0405438865	-0.0385361135	0.1188583739	-0.0332860848	-0.0138399493	-0.0035830743	-0.0211835551	-0.023415252	-0.0661485055	-0.1492641604	0.0513056508	-0.04998055	0.1516474057	-0.089587862	-0.0143250514	-0.0881839629	0.1469406239	-0.1185539951	0.0950312367	-0.0433566779	0.050311904	0.0242728104	0.1103765983	-0.0161821099	0.1097669479	-0.042889461	0.002610446	-0.0608178572	0.0124669993	0.0778713715	0.0483061518	0.0452305667	0.095405833	-0.0222701318	0.0426448493	0.1526319022	-0.0167951715	0.0760046801	0.042287819	-0.0639983108	-0.0080016821	0.0420639011	-0.1084900995	0.0578487943	-0.0312559752	0.020874831	0.0683703523	-0.0315216013	-0.031709876	0.0581341772	-0.0117265632	0.1756785388	-0.0434497695	0.0479301249	-0.0462450784	0.1845963786	-0.0691515916	0.0452428838	-0.0614552279	0.1615974681	-0.0175715669	0.0928872563	-0.0311102111	0.0547278333	-0.0250661902	-0.0488499225	0.0118148382	0.0550041468	0.0072389607	0.0486278109	0.1020580481	0.0905259858	0.0722612707	0.048622297	0.0	0.0	-0.0483708969140792	-0.0246589618678569	0.0023397436682724	0.0006080644004004	0.2331497393912229	-0.023126158377849	0.0005348192013173	0.0543588009781951	-0.3169291527334366	0.029082782477964	0.0008458082366605	0.1004440878523339	0.0058528516879457	-0.0013113244655795	1.719571854027362e-06	3.4255872881088824e-05	0.001046363733584	-0.0003656755894716	1.094877062959848e-06	1.3371863673540214e-07	0.0013169464823994	5.499179569239989e-05	1.734348037504153e-06	3.02409759347465e-09	0.0	0.0	0.0	0.0	0.0	0.0	0.0	0.0	0.0	0.0	0.0	0.0	0.0
60.149639210527056	0.3122289927584987	3617.979097156574	0.0974869439189866	63.17317478189168	0.4068012237548828	0.1654872356484702	3990.8500120234353	58.88064216451442	0.0036650150380168	1.3432335228889731e-05	3466.9300217055934	63.56323805635964	50.28615798560236	0.987076	32.504608	0.0619388263149148	0.0290955142672496	-0.021594931	-0.1073269223	-0.0731654902	-0.0487835138	-0.0847978459	0.0160782123	-0.0385911834	0.0249288211	-0.1041227191	-0.0013959137	0.1437685891	0.065923593	-0.0131753993	0.0233825129	0.0316528532	-0.0759411436	-0.0485183094	0.0763719441	-0.0603956573	-0.1126354011	-0.1152608564	-0.191383999	-0.1157406497	0.0102930073	-0.0409485004	-0.1219857193	-0.0999513472	0.0292222415	0.0162080995	-0.0491975287	-0.0015974391	-0.0138065249	-0.0205102922	-0.0258099411	-0.0679380732	-0.0563919166	0.1119963278	-0.0360317843	0.0534482535	-0.0375829232	0.0853114526	-0.0329529319	0.1593373841	0.1729456561	0.0272813117	0.005878054	-0.0102755516	-0.038590979	0.0225739034	0.0112039481	-0.1569560063	-0.0898670337	0.0208492269	0.0319679605	0.1296159354	0.0105030611	-0.0004682031	0.0287064708	0.0144518781	0.0966223296	-0.0511286413	-0.0110609193	0.0697221177	-0.063063381	-0.0414224909	0.033188228	0.0594817811	0.0436094663	-0.065553444	0.0360542133	0.1044028959	0.0947167594	0.0157818894	0.0045777766	0.0102741154	0.022123278	-0.0171634998	-0.0420216872	-0.1091788574	0.0380004624	-0.0367197055	0.0600325316	0.1071570124	0.0423093509	-0.1130176091	0.1209828429	-0.074907168	0.0328189679	-0.0631226562	-0.1159730001	0.0153596929	0.0789200983	-0.1003333885	0.0791391362	0.0103199913	0.0680361482	-0.0174961103	0.0530752109	0.0217614983	0.0789351547	0.0736251456	0.0673278457	-0.01387076	0.0775597636	-0.0100336595	-0.0245312828	0.0910762832	0.123208704	-0.0263798357	0.0025126798	0.004178485	-0.1507273638	-0.0520332386	0.0233865972	0.0974658056	0.0626975168	-0.0188352821	-0.0287889086	0.084021796	-0.0959490503	0.0749646942	-0.1200222842	0.0685139936	0.0457632735	-0.0183098808	-0.0321479017	-0.0014036742	-0.0719671287	0.1618373582	0.0040217473	0.0465235723	-0.0163935914	-0.0217344493	-0.1330742947	0.0206300582	0.0217150257	0.0633297225	0.0339174966	0.0771694609	0.1015367435	0.0885234364	0.0680556987	0.0418570888	0.0	0.0	-0.043144764112128	0.0052261328019511	0.0018614706702911	2.731246406363024e-05	0.2336126903252733	0.0004629509340503	2.143235673381215e-07	0.054574889081012	-0.3363186964457298	-0.0193895437122932	0.0003759544053709	0.1131102655789549	0.0061149059463486	0.0002620542584029	6.867243434709391e-08	3.739207473268946e-05	0.0008162837052072	-0.0002300800283767	6.66319087386795e-07	5.293681945786908e-08	0.0015620161729521	0.0002450696905527	2.4398945245639246e-06	6.005915322759612e-08	0.0	0.0	0.0	0.0	0.0	0.0	0.0	0.0	0.0	0.0	0.0	0.0	0.0
60.33643675685824	0.186797546331185	3640.485600514354	0.0348933233153512	63.41601399474802	0.2428392128563388	0.0589708833006862	4021.590830982077	58.91514104315575	0.0344988786413296	0.0011901726275091	3470.993844134935	63.65043136140228	50.7309455126524	0.995924	32.795994	0.109679564104852	0.0464859965268253	-0.0162950438	0.0523789246	-0.1122622297	-0.0520345639	-0.0250552904	-0.0086028859	0.0050948246	0.0485762172	-0.0822765589	-0.0100394093	-0.0513748394	0.0671739805	0.0087199996	0.0511006479	-0.0825980919	-0.012147233	0.1508370417	0.0446202971	0.0783062481	-0.0983375708	-0.1061430615	-0.0166930205	-0.0488793746	0.0924954917	-0.0690194417	0.0872776915	-0.0158992929	0.0113158749	-0.0112175266	-0.0111164098	0.0074255383	-0.01053377	-0.0018769769	-0.0153334538	-0.0783521189	0.077247327	0.207881862	-0.0349368604	-0.0116091692	-0.0137528021	0.1484037152	-0.112291824	0.0667557188	0.0310139147	-0.1383626114	0.1166987263	-0.0010230533	0.164001978	-0.0381464679	-0.0532367002	-0.0251128218	0.0125468073	-0.0581492428	-0.1275477537	0.0278711503	-0.1543934644	-0.0690348308	-0.1106890643	0.0065236121	-0.1484197677	-0.047607532	-0.012491632	0.0470529327	0.0069027332	0.0182245016	-0.03504334	-0.0864635368	-0.0255368266	-0.0574188931	0.0327932603	-0.0122865668	0.0079132734	-0.1397889469	0.079030923	0.0209106891	0.0340174866	-0.0155649523	-0.036674665	-0.0887817988	-0.0291432559	0.0689114021	-0.0134879334	-0.0176722478	0.0783256015	-0.0961059316	0.1326136554	-0.0967125592	-0.0203319199	-0.1079523897	-0.0414516803	0.0223504981	0.1797271792	-0.0254701975	0.0094022725	-0.1101635343	0.0498033342	0.0866756841	-0.0125590128	-0.0533026187	0.074550692	0.0407597998	0.1183251009	0.0951294948	-0.0515833861	-0.107189175	0.0185235183	-0.0476483157	-0.0607418495	-0.0867810239	0.044328352	-0.1095573786	0.1110180274	-0.1185377911	-0.0569629203	-0.0078593687	0.087197684	-0.0047233662	-0.0136624488	-0.0285957485	-0.0511275319	0.1358209129	-0.0276779328	-0.0625016813	-0.0044566287	0.0533444309	0.0002269259	-0.0154909453	-0.045606486	0.087654734	-0.1341080761	0.017072447	0.0478081432	-0.0114965602	-0.1184713521	-0.0092920249	0.1358744061	-0.0324272364	0.0055568222	0.0209613951	0.1009838109	0.0864105979	0.0636593764	0.0348833508	0.0	0.0	-0.0265513004523683	0.0165934636597597	0.0007049715557119	0.0002753430362277	0.2498710792940954	0.0162583889688221	0.0002643352118615	0.0624355562675961	-0.36353947447639	-0.0272207780306601	0.0007409707565944	0.1321609495025698	0.0063506085804783	0.0002357026341297	5.555573173567927e-08	4.033022934244461e-05	0.0013758495461428	0.0005595658409356	1.8929619736213488e-06	3.131139303419652e-07	0.0013651459791052	-0.0001968701938468	1.8636235442670952e-06	3.875787322531596e-08	0.0	0.0	0.0	0.0	0.0	0.0	0.0	0.0	0.0	0.0	0.0	0.0	0.0
60.59322050223521	0.2567837453769712	3671.5383708324975	0.0659378918898252	63.62291395173523	0.2068999569872076	0.0428075922013083	4047.875179709905	58.982377660223776	0.0672366170680263	0.0045207626747524	3478.920874453265	63.77106721514944	51.11561942442295	0.971475	31.990871	0.1076415776629647	0.0534484888036149	-0.0351764775	-0.0686253886	-0.0670220755	0.0480655561	0.0282586571	-0.0296310984	0.0152650762	0.0134345126	-0.024698199	0.0395879633	0.0469210225	0.0033776031	-0.0260784328	0.0918550733	-0.0930907508	-0.1017182657	-0.05522709	0.0287125815	0.0970940392	-0.0356379664	-0.0057140604	-0.0723599448	-0.076760298	0.108223863	0.0114681832	0.2313788693	0.0742652554	0.0860432819	-0.0500850229	-0.0488924988	-0.0077082531	0.0079144111	-0.0019999209	0.0235104057	-0.0771538737	0.0464315687	0.1361153769	0.0276333882	-0.0267305207	-0.1642557761	-0.014217299	-0.0752047406	-0.0208108752	-0.0349056363	0.0157237621	-0.0892633761	-0.047513396	-0.0534404849	0.1209809028	0.1203710631	0.1167674496	-0.0400255225	0.0464663832	0.0177866556	0.1072072009	0.022360142	-0.0059032239	0.0372246782	-0.0344254158	0.0131519122	-0.1471769749	0.1393021017	-0.0408368741	-0.1300236365	0.0752269409	0.0151849683	-0.1158986609	-0.080148746	-0.042115887	-0.1854911408	-0.0229074684	-0.0892791336	-0.0541397873	-0.1435231224	0.0195209705	0.0546141385	-0.0181492373	-0.0270477731	-0.0523608833	0.018153021	-0.0449216888	-0.0384207059	-0.0339525118	-0.0167605395	-0.1424887941	0.1234254136	0.0131606376	-0.0522218816	-0.1020491464	-0.0245493088	0.0760779239	0.1349047915	-0.0891266442	-0.0532805268	-0.0705208754	-0.004083092	0.0538176221	-0.0328656213	0.0704993802	-0.0565955253	0.0151559671	0.1209295659	0.0472467926	0.0886093452	-0.1052612507	-0.0019146949	0.0476297214	-0.1062329131	-0.1284326598	-0.123610173	0.0761397537	0.0113614838	-0.1077921565	0.0030516797	-0.0629601886	0.0774795987	-0.0109937035	-0.024840394	0.0792013305	0.0214526716	0.0383772495	-0.0540745618	0.050651635	-0.0245760896	0.0873868699	0.0669454633	-0.0658895874	0.0268328785	0.0181131266	-0.050428642	0.0027088818	0.1242952653	-0.028352761	-0.0867435696	-0.0911646154	0.0284999561	0.0471380696	0.132359756	0.0565595485	0.1003994225	0.0841901024	0.059084626	0.0277358257	0.0	0.0	-0.0312127499851726	-0.0046614495328043	0.0009742357616368	2.1729111746881447e-05	0.2394412563817383	-0.0104298229123571	0.0001087812059831	0.0573321152576653	-0.3928151340739134	-0.0292756595975233	0.00085706424487	0.1543037295575065	0.0057670117819736	-0.0005835967985046	3.405852232249348e-07	3.325842489342232e-05	0.0009287679453768	-0.000447081600766	8.626098963594426e-07	1.99881957743489e-07	0.0011303314659703	-0.0002348145131349	1.2776492229625673e-06	5.513785557878018e-08	0.0	0.0	0.0	0.0	0.0	0.0	0.0	0.0	0.0	0.0	0.0	0.0	0.0
60.593527822573584	0.0003073203383721	3671.575613984999	9.444579037714693e-08	63.672719027170544	0.0498050754353158	0.0024805455391175	4054.215148313006	59.17198294132314	0.1896052810993609	0.0359501626207676	3501.323565208236	63.78956751589476	51.115573136153024	0.893475	29.422316	0.0857807669031035	0.0427509028148202	-0.0217370373	-0.1098914659	-0.040066267	-0.0019262709	0.0119589019	-0.0054791665	0.0422537366	0.0174703019	-0.0262844492	0.0537186725	0.0783740686	-0.0186037452	-0.087948418	0.1356390904	-0.0371537248	-0.0065129861	-0.0132814912	-0.0026580928	0.0367273636	-0.1488939232	0.0992109472	0.0083004013	0.1215915257	-0.1044290782	0.0611791902	-0.014711427	-0.0277486249	0.1266800797	-0.032290764	0.0785853106	-0.0243634844	0.0457498345	0.0160469083	-0.0477063433	-0.0601373696	-0.0122510081	0.0377069962	-0.0141398079	-0.0246076197	0.0271293695	0.0194850371	-0.0212421497	-0.0319652323	-0.0121453446	0.0646947638	0.0178347029	-0.1522530631	-0.066343131	0.0411077539	-0.0488642573	0.1160203661	0.016922735	0.021325215	-0.0199029943	0.0441849144	0.086486195	-0.0040699862	0.0510403302	-0.0130917521	-0.0584768215	-0.0766990177	-0.1058730729	0.0711086114	0.0032936983	0.0343507634	-0.0920798486	-0.0695497614	0.1381367258	-0.0582224474	-0.1251986982	0.0652056196	-0.0537061192	-0.0605843455	-0.0007695129	0.0112432122	0.0571385841	-0.0168725358	-0.024679021	-0.0595182559	-0.0022316182	-0.0184050451	-0.0337951237	0.0711879264	-0.0598189848	-0.0700457788	0.0503589988	0.0754484698	-0.0582034557	-0.1167413297	-0.0149543422	0.091906564	0.0182211996	-0.0469134773	-0.0111003703	-0.0345636529	0.0887719023	0.1076013301	-0.0427595287	0.051840023	-0.0784463258	0.0034779595	0.0790575461	0.0360853867	0.0627808562	0.0407004548	-0.0017510187	0.0599736243	-0.1708852606	-0.0470575636	-0.1170673515	0.0172633142	-0.0884417265	0.0791696251	-0.0282820886	-0.0699258242	0.0854199479	-0.0095645422	-0.0174966175	0.0289667622	-0.0084680877	0.0316548913	-0.0910643904	0.0420369614	-0.0538038773	-0.0037441918	0.0695525067	-0.0145771112	0.0034467115	-0.0317792393	0.0146613088	-0.0845746027	0.0926693534	-0.0593981913	-0.0331039308	-0.0789629151	-0.0059269081	0.0308962779	0.1179936444	0.115630417	0.0997837604	0.0818647166	0.0543442699	0.020450122	0.0	0.0	-0.0275098951614154	0.0037028548237572	0.000756794331792	1.3711133845821965e-05	0.244830477537377	0.0053892211556386	2.904370466438368e-05	0.05994196273118	-0.408178305780261	-0.0153631717063476	0.0002360270448787	0.1666095293096442	0.006450204243786	0.0006831924618124	4.6675193987728765e-07	4.160513478655493e-05	0.0013181546464566	0.0003893867010798	1.7375316719751243e-06	1.5162200297780958e-07	0.0012842626874253	0.000153931221455	1.649330650312854e-06	2.3694820938628288e-08	0.0	0.0	0.0	0.0	0.0	0.0	0.0	0.0	0.0	0.0	0.0	0.0	0.0
60.53256900954919	-0.0609588130243921	3664.191910895836	0.0037159768853427	63.61155147413942	-0.0611675530311259	0.0037414695438156	4046.429480947089	59.17510591872195	0.0031229773988101	9.752987833479188e-06	3501.6931604919614	63.7502775062158	51.193546194719886	0.925589	30.479841	0.159421138877142	0.0794354969172268	-0.0097666887	-0.0825205144	-0.0270567791	-0.1006637318	-0.017517902	-0.0054980196	0.0161022616	-0.0039758334	-0.0285352028	-0.0123213303	0.0366876718	0.0590399796	-0.1742574082	-0.0103495133	-0.0708141713	0.1132829865	0.0580930496	0.0547848155	0.1110606284	-0.0226380516	-0.0442852622	-0.0055979106	0.1150157935	-0.1058071811	0.0823209909	0.0729392873	0.0598271906	0.0608942946	-0.0011879548	0.0868702873	-0.0186272469	0.0452683889	-0.0093086966	-0.0129486318	-0.058217206	0.0477781068	0.0846094771	0.0289132258	-0.0310725037	0.0403679015	-0.1148196652	0.1352796636	-0.1122164686	-0.0251181186	0.1041952786	-0.0663003681	-0.0326551065	0.0077419758	-0.029440899	-0.0036271652	-0.0355647068	0.1221645997	0.0614729902	-0.0184009923	-0.1020538855	0.0297703464	0.0929037983	0.1275798849	0.0347107891	-0.0925459498	0.0429422624	0.0864671087	0.0225699833	-0.0847101624	0.0098234155	-0.0795414645	-0.0668065343	0.0220372526	0.0382597407	0.0163066087	0.0076867938	-0.0549087614	0.0288059451	0.0569131948	0.0129040692	0.0441300749	-0.0174810808	-0.0263652707	-0.0759025429	0.0157917368	-0.0727103498	-0.0593684514	0.0757980293	0.0706096965	-0.0050822511	0.0077278963	0.0370857325	-0.0246970315	-0.0446099588	-0.0123694221	0.0069972072	-0.07878584	-0.0187889726	-0.1035123432	-0.015727014	0.08663178	-0.0412188025	-0.0598014841	0.126352938	-0.1013113138	-0.0581042486	0.0077771662	0.1090571579	0.0059057884	-0.0025648535	0.0329159294	0.0281939998	0.0256554957	-0.0434013135	0.0805756217	0.02220983	-0.0701489858	0.1812813938	-0.0512167039	-0.0111652995	0.0912055643	-0.0288936553	-0.0278300344	0.0137362099	0.0091092552	-0.0248306609	-0.0924066929	-0.0466373203	0.0284363358	0.0176706881	-0.0132188503	-0.0090786316	-0.0075477541	-0.0046916229	0.057516102	-0.014530053	0.0286494032	-0.0591184363	-0.0556621699	-0.1244988452	0.1177230843	0.0039518535	-0.0520940254	0.0821868283	0.0991370163	0.0794373376	0.0494515946	0.0130625369	0.0	0.0	-0.0315259793449769	-0.0040160841835614	0.0009938873736599	1.6128932169452805e-05	0.2680693371517577	0.0232388596143806	0.0005400445961768	0.0718611695209827	-0.4547618365213708	-0.0465835307411098	0.0021700253363079	0.2068083279562899	0.0075942024673558	0.0011439982235698	1.3087319355308582e-06	5.7671911115192926e-05	0.0010821528303579	-0.0002360018160987	1.1710547482516135e-06	5.569685720188468e-08	0.0016159159345186	0.0003316532470932	2.6111843074311203e-06	1.0999387630752947e-07	0.0	0.0	0.0	0.0	0.0	0.0	0.0	0.0	0.0	0.0	0.0	0.0	0.0
60.53239037580147	-0.0001786337477227	3664.170284608422	3.19100158254773e-08	63.59441311538364	-0.0171383587557798	0.0002937233408418	4044.2493794900784	59.17156193510015	-0.003543983621796	1.2559819911558912e-05	3501.273741839393	63.71274563402245	51.82615250656637	0.960491	31.62915	0.0534344507127619	0.0335865147423626	-0.0154541442	0.0543300751	-0.0876766211	-0.0807732881	0.0218083085	-0.0146602052	0.0196387005	0.0280823915	-0.0643679943	0.0164301749	-0.0179291744	0.1436508756	-0.036358637	0.1179842824	-0.0344659209	-0.0397144368	0.0446944879	0.0029052211	-0.0778001436	-0.0863700633	0.1119404214	-0.1429989672	0.0342416005	0.0218638311	0.0775144204	-0.0325517384	0.1063604562	0.0189577621	-0.0318802569	0.0827272797	-0.0185031289	0.0389993222	0.0289812001	-0.019266116	-0.0595472471	0.0591550631	0.0397408686	-0.0781028452	0.1750724133	-0.0748910367	-0.0819568773	-0.0640165497	-0.1376163978	-0.0117060318	0.1053529572	-0.0503600048	0.0612315656	0.1461636649	0.0747231507	-0.0185825271	0.0255852596	-0.0622349578	-0.0181917415	0.022634725	-0.0883023505	0.0672204635	0.0232707486	-0.0392896271	-0.1214128401	-0.0157002472	0.0828482479	0.1025801117	-0.1383868735	0.0181048846	0.0248019506	-0.0873808545	0.0289013439	0.0026134739	0.0156367403	-0.0239552232	-0.0491701527	0.0321741275	0.054459551	0.0298203879	0.008752321	0.0394566499	-0.0167262556	-0.0303135482	-0.0749405076	-0.0112542405	0.0128907065	-0.0510755743	-0.0464365448	0.1215880871	-0.0290163195	0.0565446867	0.0473277417	0.0099769933	-0.0242422587	-0.0309566135	0.0361358139	-0.0628679157	0.0806487878	-0.0836153291	0.0420741455	-0.0454091556	-0.0157647865	-0.0106306335	0.0125851071	-0.047655888	0.0079507536	-0.0883667035	0.0675543019	-0.0566200571	-0.0292634317	-0.0988828454	0.0833286299	0.085333863	0.0168063421	0.0365303731	0.0426505784	0.038595148	-0.048572718	0.0395748659	-0.0585761962	0.0835997345	-0.0247038852	-0.0295128815	-0.0102749632	-0.0070085571	0.038636006	0.0166444328	-0.0984553143	0.0455803926	0.0294886158	-0.0105264975	-0.0133128104	-0.0678802495	-0.0205338216	-0.1107784978	-0.0363657238	0.0578625348	0.0057894692	-0.0185860466	0.0088023357	0.0161402406	-0.0349745535	-0.0495291123	0.0124450797	0.0984593917	0.0769109895	0.0444203137	0.0056098749	0.0	0.0	-0.0360692391765695	-0.0045432598315926	0.0013009900147765	2.064120989736283e-05	0.2803669922610083	0.0122976551092506	0.000151232321186	0.0786056503494842	-0.4526273453577971	0.0021344911635737	4.55605252737432e-06	0.2048715137656465	0.0069631452268026	-0.0006310572405532	3.982332408546201e-07	4.848539144954383e-05	0.0011401410307914	5.798820043350001e-05	1.299921570094076e-06	3.362631389515771e-09	0.0016160513856988	1.3545118020003718e-07	2.611622081219012e-06	1.8347022217582935e-14	0.0	0.0	0.0	0.0	0.0	0.0	0.0	0.0	0.0	0.0	0.0	0.0	0.0
60.49962925133238	-0.0327611244690899	3660.205139548672	0.0010732912764792	63.3962644387677	-0.1981486766159363	0.0392628980446469	4019.0863447901625	59.1134393829995	-0.0581225521006487	0.0033782310626926	3494.3987156875564	63.681805315314485	51.75639063406975	0.910076	29.968998	0.102204347525021	0.0444511246633447	-0.0174766763	0.0787526672	-0.1093124643	0.01380152	-0.0086354897	0.0065909882	-0.0146549419	0.0504126705	-0.090094784	0.047889867	-0.0487687122	0.0251432195	0.0321045897	-0.0363066931	0.0229959641	0.0219191447	0.0677992669	0.110080655	0.0605926988	-0.1088398251	-0.038214734	-0.0723162466	0.0708232252	-0.0371790914	0.1362200357	-0.0677506455	-0.1191350168	-0.1171882135	-0.1371964964	0.0133022312	-0.0095040887	0.0296536426	0.000288303	0.0061065644	-0.0050762515	0.0464371426	-0.0846088167	-0.1460464881	0.0433655322	0.0204914133	0.0750935771	-0.027890314	0.0686491392	0.0874832946	-0.0547094049	-0.0001831087	0.0562789356	-0.0568718779	0.0158888445	0.0281912681	0.1049909228	-0.0248260288	-0.0566081483	0.0247758749	-0.1303813047	0.0618852416	0.0590249948	-0.0142424758	0.0218093516	-0.0362824886	0.0041670476	0.1036993939	0.0586694221	-0.0070924266	-0.0847620433	-0.1288383404	0.0119536854	-0.0402811514	0.0763267102	-0.0104860583	-0.0083461776	0.0490667706	0.0691064858	-0.0049470021	0.007252329	0.0349903105	-0.0187003198	-0.035810432	-0.0705150313	-0.0200048408	0.0824905983	0.0080706566	-0.048397422	0.0246813007	-0.0382555619	0.0259976165	0.062891057	0.0068518259	-0.1011078191	-0.0095645554	-0.0444610937	-0.0856016122	0.0725622913	-0.028486503	-0.0506769922	0.0464817849	0.0869526172	-0.0213132622	-0.0385725437	-0.0815795153	-0.1175306214	0.0203986608	0.0705260266	-0.0479492249	0.0118534599	-0.0272188521	-0.0705292279	0.0292903265	-0.0661236023	0.0152843015	-0.0039803252	-0.0301485379	-0.0295697168	0.0328783882	-0.0312482121	0.0789448704	-0.0122610699	-0.0221580951	-0.0407109031	-0.0041704854	0.1154187273	0.009808313	-0.0366293385	-0.0170038047	-0.007464905	0.0439636522	0.0382222829	-0.0186163997	-0.0641408538	-0.0352506452	0.0088096513	0.0606649462	0.1007936703	-0.0999496656	0.0476959694	0.0786608268	-0.1480597107	0.0923610062	0.1016061784	0.0977510977	0.0742888199	0.039264529	-0.0018707352	0.0	0.0	-0.0119335904599608	0.0241356487166087	0.000142410581266	0.0005825295389715	0.2675856983357931	-0.0127812939252152	0.0001633614744027	0.071602105953854	-0.4324583657100049	0.0201689796477921	0.000406787740033	0.1870202380725683	0.0066689848013602	-0.0002941604254423	8.653035589645374e-08	4.447535828077335e-05	0.0009300713535465	-0.0002100696772448	8.650327226878186e-07	4.4129269297776425e-08	0.001217912983678	-0.0003981384020208	1.4833120358114482e-06	1.585141871636762e-07	0.0	0.0	0.0	0.0	0.0	0.0	0.0	0.0	0.0	0.0	0.0	0.0	0.0
60.47235092378445	-0.0272783275479326	3656.9052262493337	0.0007441071538123	63.56978938770063	0.1735249489329291	0.0301109079021756	4041.118122796616	59.12634515965239	0.0129057766528859	0.0001665590710141	3495.924691938349	63.6563426446245	51.49839433902926	0.955039	31.449617	0.0370485926043551	0.0187417031221663	-0.0267454184	-0.0707305235	-0.0584524634	0.0649048059	0.0734347348	-0.006941134	0.0073247188	-0.0087556929	-0.0424236862	0.0501313236	0.0325173378	-0.0447975885	-0.024098648	0.089905272	-0.1062639005	-0.0846231182	-0.0831021425	0.0540400905	0.004898624	-0.1482031773	-0.0749382328	0.0159590559	0.048837102	0.0380841207	0.0727482999	-0.0436902673	0.0531981336	0.0811837238	-0.1270991053	-0.0242029863	-0.0053622328	0.0308900912	-0.0274597639	-0.0056718478	-0.0311436513	-0.035752333	0.0898179676	0.1015492288	-0.0520586515	-0.0692089801	-0.0734551494	0.1442249322	-0.0203228325	0.0975581201	-0.0547865092	0.0787143613	-0.0026551661	-0.007728091	-0.1174725288	0.025977417	0.0276796866	-0.11809385	-0.063395543	-0.0712660926	-0.0030997689	0.0707774964	-0.0057302177	0.0969715621	0.0006192719	0.0287394836	0.0580466326	-0.0158954496	0.0964746032	0.0530350101	-0.0651407347	0.1161314904	0.0027543535	-0.071628512	0.0397512698	-0.0874516855	0.0377076848	0.1106902362	-0.0663500707	0.0649638584	0.0128943383	0.0259065689	-0.0192001879	-0.0330125895	-0.0481217866	0.0243227736	-0.036005295	-0.0047715284	-0.0378282429	-0.0571673028	-0.1010622463	0.067017041	0.0305550495	0.008592539	-0.0790503932	0.041354472	-0.0578090216	-0.0216390861	0.1360043581	-0.056319838	0.0431658051	-0.0348726376	-0.0312372301	-0.0305005614	0.0403273128	-0.1026186929	-0.0903766314	-0.0377421411	0.138668624	0.0143682177	-0.0447023675	-0.0607120948	-0.1328750888	-0.0642908074	0.0671577519	0.0342161695	0.0556825933	0.0377772646	0.0483434013	0.0212365637	0.0878699923	0.0707956668	-0.0217555196	-0.0237131423	0.0217834916	0.0242177221	0.030698473	-0.0297229394	0.0553541024	-0.0380608224	0.0326550583	0.1119005443	-0.033270295	0.0644394814	0.0752428759	0.0058218928	0.0308385806	0.1048373995	-0.0503911827	-0.0456546935	-0.0731732207	0.0699741149	-0.0353403031	0.1378884098	-0.0039286783	0.0970123549	0.0715740957	0.0339986915	-0.0093420254	0.0	0.0	-0.0108278039542	0.0011057865057607	0.0001172413384705	1.2227637963226771e-06	0.2732773598831812	0.005691661547388	3.239501117001623e-05	0.0746805154247217	-0.4320932212615886	0.0003651444484162	1.333304682092352e-07	0.1867045518602161	0.0064707613105941	-0.000198223490766	3.929255229149797e-08	4.187075193868148e-05	0.0010493584493469	0.0001192870958003	1.1011531552157306e-06	1.4229411224493804e-08	0.0014981223991673	0.0002802094154893	2.244370722886787e-06	7.851731652885522e-08	0.0	0.0	0.0	0.0	0.0	0.0	0.0	0.0	0.0	0.0	0.0	0.0	0.0
60.66828747027478	0.19593654649033	3680.6411045759	0.0383911302505572	63.81222888863404	0.2424395009334077	0.0587769116128398	4072.0005557354207	59.16502061235144	0.0386754526990529	0.0014957906414766	3500.4996640599707	63.8086145218739	51.666094430132745	0.944259	31.094625	0.1504465192002128	0.0714184083732828	-0.0343600592	-0.0854343099	0.010056968	-0.0208048727	0.0708700802	-0.0081932288	0.0495670591	0.0066263969	0.0101778524	-0.0061490826	0.0361045391	0.0214373277	-0.0825636576	0.0595516471	-0.0070002706	-0.0806934833	-0.1098267687	-0.1501270707	-0.117645527	-0.0557530191	0.0231265895	0.0387741732	0.1498143323	-0.0329397838	-0.0315389574	0.0729257389	-0.1729071636	-0.0899103293	0.0131351882	0.0161310273	-0.0029486486	0.0285165212	-0.001277598	0.0191438227	-0.055108433	0.0155022443	0.0358417312	-0.0452521956	0.0422556169	-0.0813755604	-0.0234139413	-0.1204264265	-0.0301355303	-0.1088048397	0.0981557926	-0.0204537598	0.0218716798	0.0088148465	-0.0662275438	-0.0053870796	0.0027973541	0.0106113202	0.0127519675	0.1283443746	0.0289404259	-0.0011970929	-0.0087137423	0.0708443942	-0.1677111464	-0.0153882396	0.0596392295	0.0285076706	-0.0102931726	0.0666326776	-0.1213553618	0.1315398992	0.0472202591	0.143641113	-0.0570287118	0.1111859812	0.017598597	0.0277853762	0.0223573069	0.1144347139	0.0111761211	0.0476155945	0.0030750305	-0.005263078	-0.0201129328	0.0237785567	-0.0493244639	-0.0490278148	0.1058570198	0.0258071887	-0.0975035284	0.0470153256	0.0873759478	-0.0476677915	-0.0301371184	-0.0931718296	-0.0695910053	-0.0009169596	-0.039259863	0.0467285911	-0.0053098635	-0.0253505031	-0.0529580017	0.0162890018	0.0017819563	0.0262592368	-0.091915184	-0.054699021	-0.0285408256	-0.0055480844	0.0187907104	-0.0038683064	0.1282719155	0.0383731179	-0.1022868683	0.0242340281	0.0234585132	-0.0800684932	-0.0377913408	-0.0530615041	0.0496095219	0.0484416726	-0.0031083231	-0.0210342294	0.0811735396	-0.0566261022	-0.0276864285	-0.0691751414	0.0362925067	0.0439559301	-0.0503944882	0.1016623542	-0.1025430469	-0.0366336883	0.0180168739	0.076342214	0.0475092659	-0.0077227261	0.0476847994	-0.0822830049	-0.0008477968	0.0181417003	-0.0678492995	-0.0037543193	0.0187864925	0.0962433935	0.068770199	0.0286375605	-0.0167667741	0.0	0.0	-0.0476663179306058	-0.0368385139764058	0.0022720778650615	0.0013570761119898	0.2449660968348155	-0.0283112630483657	0.0008015276153937	0.0600083885984842	-0.4084362984701073	0.0236569227914812	0.0005596499959621	0.1668202099079626	0.005599222101854	-0.0008715392087401	7.595805923713197e-07	3.1351288145890325e-05	0.0009318843681194	-0.0001174740812275	8.684084755452934e-07	1.3800159760245269e-08	0.0017419054968789	0.0002437830977115	3.034234760056928e-06	5.943019872986346e-08	0.0	0.0	0.0	0.0	0.0	0.0	0.0	0.0	0.0	0.0	0.0	0.0	0.0
60.61233632949187	-0.0559511407829091	3673.85531531944	0.0031305301549089	63.53247437003738	-0.2797545185966612	0.0782625906752496	4036.375299579456	59.14942783112222	-0.0155927812292233	0.0002431348264624	3498.6548127491355	63.75722972607543	51.62776471154952	0.937765	30.880796	0.1012224276817207	0.049149770217112	-0.0198364927	-0.0084912124	-0.0185448254	-0.1096992727	0.0980395087	0.0140752059	0.0118898493	0.0080216325	-0.0422635506	0.0216805182	0.0379257324	0.1569063419	-0.048705793	0.0501648599	0.0989093035	-0.0525345497	-0.0981256404	-0.0142851701	0.0105401234	-0.0478662895	0.0470579974	-0.0710966707	-0.0627260019	0.0647975381	0.0344300595	0.0784471775	-0.0123290235	0.0258241886	-0.1964038139	-0.040667047	0.0007312993	0.0353370817	-0.0205505093	0.0605038495	-0.0122857966	-0.0491733553	0.1645698243	0.0180604965	-0.0003955074	0.0184684819	0.0578537446	-0.1136252695	0.0377734622	-0.0136878585	-0.0094307695	0.0172567064	0.038453569	0.0578628105	0.0607266657	0.0575533498	0.1275667864	0.0271425943	-0.0214837748	-0.0796849652	-0.1828091067	-0.0620272144	-0.1126233393	0.0893241412	-0.0611147644	0.0679961942	-0.0182653332	0.0154550127	-0.0466993765	-0.0257093899	0.0927855498	0.022975538	0.046271398	-0.1020371288	0.0169055459	-0.1043457548	0.0634190873	0.029721258	0.0385443315	-0.0029405036	0.0131706926	0.0414453517	-0.0045503162	-0.026415368	-0.0386460947	-0.0132129077	0.0279854495	-0.0622719483	0.0875506014	0.1010464593	-0.0510433746	0.0495951081	0.0034981865	-0.0530649508	-0.0462240138	0.0314511574	-0.0786334898	-0.0397775331	0.1451860927	0.0007961401	-0.0093543242	0.009941825	0.0782211379	-0.0682556367	-0.0256392009	0.1210085722	-0.1137599005	6.50888e-05	-0.0348174372	-0.0313780407	-0.0306311632	0.0387869458	-0.1091983212	-0.0315010198	-0.0039382947	0.045411658	0.0812075739	-0.0991408299	-0.055857796	0.0493737075	0.0187672235	0.0726399196	0.001797996	-0.0060614749	-0.0367405473	-0.0337476408	0.0077512043	-0.1012861907	-0.0907092432	0.0222129568	-0.0084360178	0.0643687992	-0.0587762184	0.0594168335	0.0110942185	0.0238339372	0.0106376987	0.020342583	-0.0486901858	0.0300889919	-0.0177394853	0.0307232995	-0.0565919173	-0.0439486335	-0.1059365579	0.0954444529	0.0658806233	0.0231961626	-0.0241079916	0.0	0.0	-0.0165275575544967	0.0311387603761091	0.0002731601587172	0.0009696223977607	0.2556096879203835	0.010643591085568	0.0001132860311967	0.0653363125587558	-0.4299724521802659	-0.0215361537101586	0.0004638059166275	0.184876309633911	0.0062071276565366	0.0006079055546825	3.695491634139595e-07	3.8528433744541546e-05	0.0010201096025497	8.822523443029998e-05	1.0406236012141068e-06	7.783691990281389e-09	0.0018038531579637	6.19476610848001e-05	3.2538862154956133e-06	3.837512713877256e-09	0.0	0.0	0.0	0.0	0.0	0.0	0.0	0.0	0.0	0.0	0.0	0.0	0.0
60.55811351675333	-0.0542228127385371	3667.285112707983	0.0029401134212784	63.51524411217641	-0.0172302578609659	0.0002968817859553	4034.18623462936	59.09017208342856	-0.0592557476936548	0.003511243634734	3491.6484368492	63.67693573188157	52.36871506871844	0.91433	30.109074	0.047957180098228	0.0260411314643873	-0.0177845445	0.0553147088	-0.0448859752	-0.1097358067	0.1131078039	0.0107232544	0.0088977656	0.0193003424	-0.0151135039	-0.0374290709	-0.0171879608	0.1464083572	0.0079609275	0.0730038736	-0.0976288155	-0.0674865936	-0.0328476145	0.0307031676	-0.0487376556	0.007656621	-0.0321062148	0.0775390623	0.0055744846	0.1578448734	-0.0691521735	-0.0272654975	0.039494843	0.149492859	0.1237833381	-0.0417431008	0.0042321616	0.0150902657	-0.0118033095	0.0174293961	-0.0486190615	0.0570796482	0.1303460549	-0.0338500153	0.1241506555	0.0478574654	0.058435416	-0.0559201446	0.0555547054	-0.0847593958	-0.0142349128	0.084707356	-0.0551738198	0.0853193188	-0.0032266831	0.0457227231	-0.1109527894	-0.0102415978	-0.0530360726	0.0765714318	-0.0028472981	-0.0867108054	0.1110617807	-0.0060170959	0.0520604485	-0.0333067313	0.065086177	0.0958414313	0.1249842471	0.0220516227	0.0453484617	-0.0985355657	0.026876693	-0.0307346857	-0.0070013159	0.0842283704	-0.004638826	-0.1032839516	0.0199076966	0.0384166187	0.0049655482	0.0272321559	-0.0035562288	-0.0298312865	-0.0360285268	-0.0045643036	0.0029170449	-0.0476677267	-0.0473224833	0.1563766579	-0.0479962705	0.0436566182	-0.0320066152	0.0113071688	-0.0147791952	0.0140876981	-0.0154990775	0.0090900912	0.1010025188	0.036679852	-0.0095627333	-0.0616697574	0.0001598178	-0.1421329996	-0.0355198032	-0.0341617802	0.004495117	-0.2245924552	-0.0830503298	-0.0007505784	-0.0625639798	-0.0994659852	-0.0595897227	-0.0065484578	0.0447719358	0.0780466531	0.0921314951	0.0172008886	-0.0422801081	-0.03492371	-0.0432006858	0.062736478	-0.0160255565	-0.012795418	-0.0009520892	-0.0202712617	-0.0146790362	0.0034944053	-0.1233441219	0.0830731359	0.1034159575	0.0165509387	-0.0618191759	-0.0280310735	0.0341632378	0.0195128128	-0.0087282235	0.0795617737	0.0343720965	0.0633015826	-0.0157008159	-0.1865438497	-0.0128540143	0.0219784031	-0.0387950622	0.0946157819	0.0629089685	0.0176897492	-0.0313291043	0.0	0.0	-0.0217517087288285	-0.0052241511743317	0.0004731368326237	2.7291755492272312e-05	0.2557075160716096	9.78281512260537e-05	9.570347172307631e-09	0.0653863337755124	-0.4265858318257258	0.0033866203545401	1.146919742578549e-05	0.1819754719144464	0.0061070972416755	-0.0001000304148611	1.000608389728386e-08	3.7296636719280494e-05	0.0005782705547439	-0.0004418390478058	3.343968344838179e-07	1.95221744165936e-07	0.001560751012268	-0.0002431021456957	2.4359437222955864e-06	5.90986532418534e-08	0.0	0.0	0.0	0.0	0.0	0.0	0.0	0.0	0.0	0.0	0.0	0.0	0.0
60.48659262506103	-0.0715208916923018	3658.627887390088	0.0051152379484619	63.57564879502858	0.060404682852166	0.0036487257104707	4041.8631197088175	59.10301994810713	0.0128478646785694	0.0001650676267988	3493.166966986349	63.66087969451495	52.17204321086953	0.8775509999999999	28.897942	0.056866526221832	0.0307679676134256	-0.0209846956	0.0912590836	-0.0551817073	-0.0461138478	0.084351309	0.0225738862	0.0289022162	0.0159306135	-0.0332739208	0.0250297231	-0.0397052254	0.1218652944	0.0539148598	0.0274663049	-0.0048117542	-0.0373232985	-0.0868417383	0.1076615903	-0.0151868504	-0.0174722164	-0.0954928173	0.1710617898	-0.03638999	0.1778620804	0.002425566	-0.0422343287	-0.0064900916	-0.008081114	0.1102453051	0.1187476633	-0.011259303	0.0125102886	-0.0256248289	0.0166811925	-0.0350388371	-0.0013198678	0.0692014638	-0.0800331845	-0.0336019176	-0.0541326387	0.017470406	-0.0669709675	-0.1243242263	-0.1260131625	0.0533789241	-0.0122983145	0.0184802374	0.0093201584	-0.0399684903	0.1570830808	-0.0851150494	0.0279202319	0.0251370038	0.0536160239	0.0269409291	-0.085763067	0.0146865159	-0.0765005998	0.0080428853	0.1652609597	0.02233772	0.0043292761	-0.0562057323	-0.0082827323	-0.0049544847	0.0770979451	-0.0405236871	-0.0277313766	-0.0006818707	-0.0010376129	-0.0144133823	-0.0500000627	0.0080472362	-0.0720878136	-0.0001231534	0.0257936082	0.0003333148	-0.0216077686	-0.0461389683	-0.009939025	0.0853879227	-0.0130466664	-0.006453748	0.1090740867	-0.0585090312	0.0314196797	0.0453450458	-0.0105657373	0.0012888332	-0.1182865143	-0.0986214972	-0.0502437858	0.1492183004	0.0544531959	0.0520390414	-0.0653612393	-0.0021778764	-0.0212346463	-0.0309889829	0.0432330395	-0.0757779168	-0.1236831713	-0.1049688864	0.0333270085	-0.0189714908	-0.0119115215	-0.0215091907	-0.0510828648	0.0053550522	0.0218589706	0.0664928867	-0.0044946781	-0.0217959435	0.0057616675	-0.0272199964	0.0449444525	-0.0072956048	-0.0153827324	-0.0170516325	-0.0877993639	0.0186966782	0.0283899734	-0.0773507105	0.10950089	-0.0447778005	0.0098232377	-0.0566121765	-0.051789268	0.0150471112	0.016257964	0.0580034701	0.0464903894	0.025840055	0.0421370164	-0.0323145644	-0.1859121155	-0.0272701232	0.1065779759	0.0015140374	0.0937576389	0.059858937	0.012133754	-0.038394137	0.0	0.0	-0.0281498953058303	-0.0063981865770018	0.0007924166057292	4.093679147412602e-05	0.2556355306707161	-7.198540089348171e-05	5.1818979417952785e-09	0.0653495245412986	-0.418284121083019	0.0083017107427068	6.891840125557353e-05	0.1749616059501937	0.0063091499137526	0.0002020526720771	4.0825282293496116e-08	3.9805372634204434e-05	0.0010200601273031	0.0004417895725592	1.0405226633136169e-06	1.9517802642204075e-07	0.0017588016376563	0.0001980506253883	3.093383200622483e-06	3.9224050216696793e-08	0.0	0.0	0.0	0.0	0.0	0.0	0.0	0.0	0.0	0.0	0.0	0.0	0.0
60.436740155784406	-0.0498524692766224	3652.599560657804	0.0024852686929765	63.55416916299963	-0.0214796320289494	0.000461374592099	4039.132417999173	59.03556014040683	-0.0674598077003025	0.0045508256549618	3485.197361091592	63.64591140587171	51.95466744298235	0.89775	29.563086	0.0858636111622345	0.0400374227664631	-0.0156579734	0.0995801813	-0.0808110582	0.0191855791	0.0762191267	0.0031627969	0.0117828149	0.0059207303	-0.0388295299	0.0323694952	-0.0429639377	0.003849621	0.0673232741	0.0183977586	0.0250727958	0.0070723435	0.0541745728	0.092053368	-0.1246738455	-0.0647835587	0.0010546255	0.042504712	0.1256288164	0.0727844727	0.0773808262	-0.0225503709	0.0952229702	0.0680029132	0.0313422766	0.071496856	0.0074286324	-0.0003871124	-0.0260137723	0.0037859467	-0.0406186571	0.0464621745	0.059180368	-0.1252567572	0.0943076211	0.1027621978	0.1125549836	-0.1863800091	0.1142648308	0.0408473349	-0.0831569802	-0.0379720411	-0.0587789267	-0.0544918852	0.0371722467	-0.099840816	0.111674252	-0.0312862702	-0.0592041383	0.0520969882	0.0278546295	0.1078701059	-0.052967306	-0.0809471187	0.0269857691	0.0466690871	0.0401478153	-0.0754071833	0.0818069141	0.1674351124	0.0257717101	-0.0810241034	0.1209712206	0.0031350264	-0.0419875664	0.0600808914	0.0087610721	0.071931498	0.0896755023	0.0234660622	0.0075603399	0.0149748867	-0.0063352674	-0.0291638336	-0.0413942999	-0.0207124848	0.0616980725	-0.0288705668	-0.0915445817	0.0420173328	-0.0604876131	-0.0071497164	-0.0196372638	0.0081140195	-0.0389889487	0.0007197953	-0.035127434	-0.0434501439	0.0262714423	0.1264572628	0.0006480996	0.0186100104	0.0254435911	-0.0413846771	-0.0895681693	-0.053688908	-0.1328060515	-0.1059141872	-0.1503128138	-0.0094375446	0.0520707003	0.046591189	-0.0191966425	0.1101141666	0.1474865075	-0.1527388039	-0.1079806402	-0.0176706984	0.0152107158	0.01037664	-0.0073919173	0.060545897	-0.011630263	-0.016870615	-0.0589090401	-0.0042252278	0.0437617196	0.0321370847	-0.0325128692	-0.0256063621	0.0439633054	0.0018165998	-0.0927118549	-0.0037332234	-0.0458067904	-0.0033110002	0.1288068743	0.0332960174	0.1027105178	-0.0736644995	0.0397653689	-0.0588929984	-0.053935468	0.0147875963	-0.02122383	0.0928702909	0.0567343287	0.0065437496	-0.045267892	0.0	0.0	-0.00981778295737	0.0183321123484603	9.638886219802482e-05	0.0003360663431565	0.2731623625852108	0.0175268319144947	0.0003071898369589	0.0746176763331341	-0.4414561741335134	-0.0231720530504944	0.0005369440425749	0.1948835536805989	0.0066327919360952	0.0003236420223426	1.0474415862600845e-07	4.399392886752952e-05	0.0009329257507355	-8.713437656760012e-05	8.703504563853962e-07	7.592399579824341e-09	0.0016329257595908	-0.0001258758780655	2.6664465363351907e-06	1.5844736678760676e-08	0.0	0.0	0.0	0.0	0.0	0.0	0.0	0.0	0.0	0.0	0.0	0.0	0.0
60.4944026395784	0.0576624837939903	3659.5727507194297	0.0033249620372921	63.662787989323135	0.1086188263235072	0.0117980494318962	4052.950574573506	59.15421244519822	0.1186523047913894	0.0140783694323087	3499.220850011644	63.68861581328806	51.93007267697142	0.955529	31.465769	0.1462703696463292	0.070576636315301	-0.0266183518	-0.0377492597	-0.0140370723	0.0846234583	0.1443627187	-0.0058838718	0.0252290936	0.029388723	-0.0052786472	0.043935327	-0.0213829685	-0.0726245492	0.0235948682	0.073026632	0.0313679032	0.068637825	0.014645434	-0.038620458	0.0301894376	0.0484858399	-0.0493027978	-0.016026166	-0.0127531075	-0.0068454501	-0.050795181	0.027773643	0.0687998556	-0.0224935828	0.0402973526	0.0047979944	-0.0156808349	0.0122545521	0.0089317116	0.0033196374	0.073817552	0.0301068916	0.1499577178	0.0112185213	0.0199881748	-0.0624713105	-0.1651962616	0.0688288794	0.0272131223	-0.0188640046	-0.0344435862	0.0424993733	0.041047214	-0.033697844	0.0711122211	-0.0567480551	-0.0129438901	0.1144154952	-0.0281345323	0.1870265621	0.0172023643	0.0194288618	-0.0628401573	0.0410553417	0.020462166	0.0097836442	0.0644706663	0.039119897	-0.1193157803	-0.05688165	-0.0169177455	0.1116121642	0.0923039642	-0.1051736085	0.1008102012	0.058417201	0.0661456199	0.0516653287	0.0235399628	0.1035024195	0.0023159083	0.020708647	-0.0055104299	-0.0069708625	-0.018018866	0.0392626018	-0.0350787338	-0.0141779638	-0.0328224181	-0.0451787399	-0.1419861818	-0.0030127575	0.015531161	0.0204033008	0.0241091271	0.0313622038	-0.033939161	-0.014629326	0.1326487461	0.1000455289	-0.0290018448	-0.1128917162	-0.0459100703	-0.0819509173	0.0614369362	0.0862566229	-0.051643894	0.0542344913	-0.1327365748	0.022285582	0.1028068783	-0.0623603886	-0.1004238854	0.0666500883	-0.0409557516	0.075548365	0.011063967	-0.0130030868	0.0553832703	-0.0833717268	0.0348840869	0.0331131113	-0.0042598443	-0.0037770555	0.0264088048	-0.0044310991	-0.006199883	-0.0531614756	0.0364505127	-0.0669823829	0.0610009068	0.0666782907	-0.1429803325	0.0161439316	0.0648842265	0.0326297634	0.0509815066	0.0045583056	0.0635628597	-0.0493246289	0.0487581976	-0.1163761332	0.0372263076	-0.0574684966	-0.0018070989	0.0919540145	0.0535390365	0.000935404	-0.0519161246	0.0	0.0	-0.0233464142434485	-0.0135286312860785	0.0005450550580266	0.0001830238644746	0.2522490473615733	-0.0209133152236375	0.0004373667536432	0.0636295818948212	-0.4213771163990003	0.0200790577345131	0.0004031685595059	0.1775586742247366	0.0055350380532691	-0.0010977538828261	1.2050635872597796e-06	3.063664625113699e-05	0.0005058822500543	-0.0004270435006811	2.5591685092000133e-07	1.8236615147405406e-07	0.0019431156841255	0.0003101899245347	3.77569856189451e-06	9.621778928284293e-08	0.0	0.0	0.0	0.0	0.0	0.0	0.0	0.0	0.0	0.0	0.0	0.0	0.0
60.7315656600278	0.237163020449401	3688.323067518268	0.056246298268683	64.18752211693123	0.5247341276080988	0.2753459046766325	4120.037995511536	59.19403381672311	0.0398213715248942	0.0015857416301236	3503.93363949536	63.89791250016469	51.69035163637968	0.994835	32.76012	0.103068273067659	0.0657512828260367	-0.0308412717	0.0463412853	0.0312803466	-0.0240460811	0.1774657992	-0.039791244	0.1126162856	0.03445957	0.0328501845	-0.001155365	-0.097485057	0.0548198352	-0.0539438131	0.0415143699	0.1191165089	0.0065685551	-0.0586011254	0.0167596654	0.0808822929	-0.0448127126	-0.1313970663	0.0843891515	-0.0136906625	0.011133457	-0.0464956596	-0.0892533647	-0.0240632351	0.0625535797	-0.0669456519	-0.0869218347	-0.0022706172	0.023448611	-0.0547142511	0.0127927083	0.0539026265	0.0521913398	0.0706823173	-0.1636419339	-0.0311674357	0.0206923085	-0.0973905189	-0.0239931129	0.0710987586	0.0230185479	0.0991924846	0.0552371656	0.0285296993	0.0038730255	0.0371184074	-0.0501476244	-0.0420475472	0.0291074335	-0.0269921372	-0.1649157019	0.0489438378	-0.0824587381	-0.0931821721	0.0228156768	0.1319374341	-0.0134593439	-0.120624918	0.0427151911	-0.0034569771	0.0591681977	0.0069931544	-0.0468572911	-0.039745634	-0.154943213	-0.0873412673	-0.0867901134	-0.0831622369	-0.0271204519	0.0056473711	-0.0721917452	0.0243893702	0.049980642	0.012265825	0.0072918782	0.0176447378	-0.0424865517	0.0900706948	-0.0611352393	-0.0074804191	0.0388042036	-0.1190600755	0.0410370091	0.0410289937	-0.0316171017	0.0025436842	0.0442009828	-0.0141296654	-0.0020743355	0.0467412954	0.0208577666	-0.0182616602	-0.0545172771	-0.0497560765	-0.1746307997	0.0453311502	0.1068106059	0.0527313231	0.0491320866	-0.0007707357	-0.0851922813	0.0778183374	-0.0012042503	-0.0596870535	-0.083742556	-0.0331184002	-0.0043527181	-0.2407121267	0.0143938244	-0.1909556614	0.0172855988	-0.004652594	0.0270225759	0.0285074686	0.0199502545	-0.0124955371	-0.0460810889	0.0241834446	0.0032861411	-0.0472289372	-0.0423538618	0.0409030832	0.1029078361	-0.1868737989	0.0528777731	0.0618966153	0.0786859593	0.009055836	0.0152125426	0.0086151861	-0.0011058808	-0.0418287083	-0.0205658	-0.0482589334	-0.1946587709	-0.1480774631	0.0910090951	0.0502770413	-0.0046755634	-0.0583057138	0.0	0.0	-0.0212245106404225	0.002121903603026	0.0004504798519254	4.502474900534729e-06	0.2329836649251859	-0.0192653824363873	0.0003711549604202	0.0542813881219713	-0.4038998227491746	0.0174772936498256	0.0003054557933222	0.1631350668168146	0.0043700565914902	-0.0011649814617788	1.357181806288502e-06	1.9097394612826943e-05	0.0005029947093087	-2.8875407456000184e-06	2.530036775925436e-07	8.33789155750031e-12	0.0018269108190816	-0.0001162048650438	3.337603140877403e-06	1.3503570659871004e-08	0.0	0.0	0.0	0.0	0.0	0.0	0.0	0.0	0.0	0.0	0.0	0.0	0.0
61.000658314632965	0.269092654605167	3721.0803148186	0.0724108567624557	64.21118186230233	0.0236597453710913	0.0005597835510248	4123.075876153664	59.375954268435216	0.1819204517121022	0.0330950507511353	3525.50394528731	64.05521839585316	52.64371238935978	0.948653	31.239347	0.1103903169690172	0.0570498652214806	-0.028633036	0.0579723297	0.0323488315	-0.0674906976	0.1814558603	-0.0145079638	0.1282814704	0.0289462975	0.026871402	0.0870306464	-0.0566844193	0.0051889533	-0.0830348746	-0.0017563769	-0.0240202356	0.1070657821	-0.0281439971	0.0351662843	-0.0538028582	0.0590725032	0.0793304813	0.0391885811	-0.1551635537	0.1898648555	-0.0216337488	0.0046429119	-0.04374372	-0.0180795435	0.0550279373	0.0883231459	-0.0243507696	0.0597955018	-0.0277927367	0.0478333929	0.0800511029	0.1069418639	0.0557061792	-0.1614690432	-0.022509262	-0.004514162	-0.1223131779	0.1945855419	-0.0361230097	-0.0140725535	0.0409803272	0.0246832693	0.2059299157	-0.0598541678	-0.0470905109	0.1928800585	0.0991778897	-0.0823842344	-0.0388706477	0.0787576777	0.1105077573	-0.0930977681	-0.0910501382	0.1202770897	0.1068371015	0.0884848574	0.0872339158	0.0683873178	0.0896590765	0.0560740193	-0.0270476115	-0.0152676025	-0.0403368833	-0.0344622294	0.0353621021	0.0045820888	0.0525556221	0.0291099539	-0.1032473209	-0.0389029803	0.0175842622	0.0766881997	0.0062018479	0.004963476	0.0370298216	-0.0258857616	-0.0146505286	-0.1371792068	-0.065387273	0.1056631587	-0.0939214912	0.04548485	0.073481837	-0.0502710915	-0.0095885052	0.0988227806	-0.0245507762	-0.0230418041	-0.0299441288	-0.0068691105	-0.0373436432	-0.0885104886	-0.1607001664	-0.0848119724	-0.1206986563	0.0536938682	0.0446232586	-0.0277915124	0.0835511176	-0.0553979093	0.0358511033	-0.0406898389	0.0137724996	0.0786053673	-0.1068649169	0.0103783238	0.0109698828	0.0306284652	0.0947560591	-0.0646716538	-0.0334654188	0.0361576938	0.0006500078	-0.0027981432	0.0258475334	0.0141152016	-0.0477068131	0.0656100056	-0.0819990903	0.0576575377	0.1001609681	0.1136424658	-0.157732321	0.023405937	-0.0268069265	0.0515626271	-0.0144000604	0.0730571039	-0.0354839671	-0.1255817022	-0.0114495485	-0.0663920994	-0.0536410887	-0.1930835616	0.0010213239	0.0900358269	0.0469524072	-0.0102734258	-0.0644048267	0.0	0.0	-0.0160408400533924	0.00518367058703	0.0002573085496185	2.6870440754840972e-05	0.2514891715877638	0.0185055066625778	0.0003424537768387	0.0632468034258997	-0.4481168836942188	-0.0442170609450442	0.0019551484786177	0.200808741451818	0.0049350952211826	0.0005650386296923	3.192686530446643e-07	2.435516484213933e-05	0.0005399006699091	3.690596060040006e-05	2.91492733368295e-07	1.3620499278382815e-09	0.0015791738338871	-0.0002477369851945	2.4937899976336816e-06	6.137361383325997e-08	0.0	0.0	0.0	0.0	0.0	0.0	0.0	0.0	0.0	0.0	0.0	0.0	0.0
60.9012187636941	-0.0994395509388681	3708.9584469033257	0.0098882242909237	64.31293236776357	0.1017505054612399	0.0103531653616178	4136.15326974053	59.30696283543364	-0.0689914330015781	0.0047598178276112	3517.3158407635065	63.93936228293384	52.8970673983797	0.98854	32.55283	0.0777330114946108	0.0396982639768686	-0.0310152342	0.1039752058	-0.015641228	0.0355388244	0.0797124825	-0.0287096026	0.120828557	-0.0298085024	0.0418308345	0.0343269191	-0.109564288	6.68052e-05	0.0486310393	-0.052888073	-0.0501144318	-0.0909351071	-0.09214254	-0.0930448536	-0.111029339	0.0566004372	0.126873811	0.0857899811	-0.0428549615	0.0136143921	0.0806361639	-0.0695765785	-0.0727762355	-0.0218896506	-0.0251581244	0.1008548168	-0.0177822684	0.0484705957	0.0191970562	0.0257252403	0.0481821017	0.0291049931	-0.0854432934	-0.010181823	0.008523164	0.0653211872	-0.0402410515	-0.1351820632	-0.0700636294	0.0238647436	0.0394877616	0.0280701141	-0.0454741123	0.0301974026	-0.0227512386	-0.0256613995	-0.0213169484	-0.0323541863	0.0493404263	0.0508192956	0.0201053127	0.0309152123	-0.1156964427	0.1646256819	0.0196387613	0.070155525	0.1332028586	0.0111597479	-0.0720872845	-0.0105287688	0.0315701489	0.1566792368	-0.0910445273	-0.0898875282	-0.0215200277	-0.0122568019	-0.0833251927	0.0023324577	-0.0182625391	0.0411877541	0.0039577666	0.0609270244	0.0028654948	0.0168588174	0.0178984491	-0.0213372433	0.085277882	-0.0630450603	-0.0344536856	0.0183650431	-0.0372008982	-0.0485111896	0.1680740834	-0.0389922269	0.0398827264	-0.0871218011	-0.0136325429	-0.0526833756	-0.0304659793	-0.0158937147	-0.0122462953	-0.0236822219	0.0347474605	0.0227319898	-0.131742153	0.2209725968	-0.0436820672	-0.0140620718	-0.0414986721	-0.0694339038	-0.0464209574	-0.1765098262	-0.0429271878	0.0187953709	0.0172022522	-0.1823278281	-0.0310300683	0.0088182114	0.0178075687	-0.0769540385	-0.089767287	0.013863778	0.0192155319	-0.0052006682	0.0080659341	-0.0856114557	-0.0105021988	0.1344879793	-0.0041212412	0.072111013	-0.117195548	0.0733563639	-0.1470660912	-0.0278790532	-0.1030314294	0.0966627143	0.0265915312	0.0274395211	-0.004408492	-0.0944514523	0.0816732056	-0.1005145651	-0.006085576	0.0031116771	-0.0833171509	0.0890345132	0.0435692762	-0.0158424933	-0.0701830781	0.0	0.0	-0.0224796299661136	-0.0064387899127212	0.0005053337634133	4.145801554016029e-05	0.2465626060285188	-0.004926565559245	2.427104820953905e-05	0.0607931186915745	-0.4296692411636442	0.0184476425305746	0.0003403155149358	0.1846156568021418	0.0051647508190917	0.0002296555979091	5.2741693650986366e-08	2.6674651023308385e-05	0.0010981465546049	0.0005582458846957	1.2059258553906125e-06	3.116384677797963e-07	0.0014086750466506	-0.0001704987872365	1.9843653870560697e-06	2.906983644911729e-08	0.0	0.0	0.0	0.0	0.0	0.0	0.0	0.0	0.0	0.0	0.0	0.0	0.0
60.67944175735969	-0.2217770063344062	3681.994651984807	0.0491850405386512	63.97920033544951	-0.3337320323140531	0.1113770693924682	4093.338075563583	59.09425943577544	-0.2127033996581957	0.0452427362261541	3492.131498262735	63.76441522837349	52.77982664737133	0.946068	31.154207	0.0519849081136521	0.0273385034408144	-0.0118536248	0.0847713492	-0.0547399627	0.0718158258	-0.0234282119	-0.0102552734	0.0762665913	0.0015494548	-0.004242112	0.0284804364	-0.0664423983	-0.0915997013	-0.00443258	-0.031729817	-0.0272951564	0.0467602507	0.0094390361	-0.0188460623	-0.1571232219	-0.0114064541	0.0930905797	0.1058256039	0.0081211034	0.0230658235	-0.0113858456	-0.1433852542	0.1079238702	-0.1039320484	-0.048459925	-0.0308350838	-0.0082517366	0.0048894846	0.0313067933	-0.0303616705	-0.0275856085	-0.0734653431	0.0115989276	-0.0530579036	0.019978333	0.0939282105	0.0207077153	-0.1001113448	-0.0486478711	0.0986610916	-0.13418682	0.0416594475	0.0236995295	0.0510923457	-0.0265053932	-0.0356764311	-0.0098428979	-0.0690569133	0.1253085139	0.0413023375	-0.0070557275	0.0942086862	-0.0309871243	-0.0559362937	-0.0200958024	0.0495102385	-0.0458449742	0.0144315445	0.1382837587	-0.0656637589	0.0377699695	0.0664758885	0.0394219639	0.1051562581	-0.0004922688	0.0069117153	0.0220387636	0.0110068907	0.0113546768	0.0212144406	0.0044674268	0.0275302135	-0.0052093263	0.0046414296	-0.0057439778	-0.0106484455	0.0704220027	-0.0207628363	-0.0643283274	-0.0420878612	-0.0338544946	-0.075302418	0.0701690259	-0.0330774252	0.0293049167	0.0784281234	0.0393892916	-0.1024131199	-0.0686244553	-0.000648069	0.0247252094	-0.005451577	0.1249278195	-0.0119784957	-0.0800694045	0.0326060578	-0.1372370196	-0.1152840212	0.0157188224	-0.007835281	0.1071636164	-0.0538077041	0.0468719237	0.1071045873	0.0097498744	0.012502678	-0.1001901068	-0.1821793692	0.0534301615	0.0733105414	0.1257871509	0.0303462681	0.0264080046	0.01566318	-0.0757290246	-0.0362812004	0.0408049125	0.0651785077	-0.0100897028	-0.0750343046	0.0049347447	0.0501042458	-0.0619322309	0.0812368026	-0.1711314671	0.1032599779	-0.0186519025	-0.0039522446	0.0385194586	-0.025998011	0.1073802646	-0.0798469462	-0.0989769372	0.0198391577	0.0038872497	0.0880054659	0.0401318633	-0.0213671566	-0.0756116809	0.0	0.0	-0.0122339921811516	0.010245637784962	0.0001496705646884	0.0001049730936206	0.2556573559506745	0.0090947499221557	8.271447614655158e-05	0.0653606836516898	-0.4347128198684586	-0.0050435787048144	2.5437686151657523e-05	0.1889752357579869	0.0052279905763626	6.323975727090016e-05	3.999266899682369e-09	2.7331885466536156e-05	0.0011009630219636	2.8164673587000207e-06	1.212119575731222e-06	7.932488382622671e-12	0.0018946376560554	0.0004859626094048	3.5896518477431e-06	2.361596577395222e-07	0.0	0.0	0.0	0.0	0.0	0.0	0.0	0.0	0.0	0.0	0.0	0.0	0.0
60.53475249367536	-0.1446892636843273	3664.456259470536	0.0209349830255128	63.64157639288729	-0.3376239425622245	0.1139899265912602	4050.2502457717087	59.022763623176736	-0.0714958125987053	0.0051116512191491	3483.686625717395	63.62679459329865	52.45263471994378	0.970203	31.948992	0.0719283119110496	0.0366681086981693	-0.0226573748	-0.0612895249	-0.0378107928	0.09957892	-0.0085566829	0.0020403101	0.015190003	-0.0214554429	-0.022812159	0.0081637358	0.0065878647	-0.0918107864	0.0058653813	0.0362065711	-0.081235681	0.0591512829	-0.1435607015	0.0382696337	-0.0211586785	0.1871449308	-0.0427801164	0.0862529764	0.0511899645	-0.0499816388	-0.1262507913	0.0499580286	0.0741356753	0.0261061451	-0.0462237113	0.0564271482	0.0055083443	-0.0055515995	0.0420719265	-0.0007203866	-0.0508021398	0.0483384047	0.0074662947	0.0618273805	-0.0738625082	-0.0048401221	-0.0990664924	-0.0640104254	-0.0470877892	-0.0063959305	-0.0422305322	0.0374977772	0.077650009	-0.0835823745	0.0874271324	-0.0707699731	0.0580780284	0.0997139796	0.0740584533	-0.15282985	0.040771887	0.113430924	-0.0713239741	0.0272012105	0.0113686352	0.0684234474	0.1476905988	-0.008644517	-0.0612584991	0.0111474522	-0.0275551829	0.0279480879	0.0387595142	0.1419682214	0.0447976757	0.0786443144	0.0422125118	0.1386792301	0.0414086548	-0.0038918006	-0.000379608	0.0004259081	-0.0065897437	-0.0061981558	-0.0152736077	0.0422567467	-0.0622756651	0.0031277152	-0.0666315278	-0.0538528611	-0.0712303409	-0.0824633958	-0.0157884344	-0.0251643642	0.0146323332	0.0844406665	0.0661818305	-0.0819021444	0.0014611173	-0.0837198832	0.1248967486	-0.0714480182	-0.0591142863	-0.0786547682	-0.0821739357	0.1322011349	0.0814074525	-0.069317008	0.081847648	-0.0729246991	0.0823979168	0.0023576974	0.1434253778	0.0873991157	0.0532569612	0.0935117019	0.0073985118	-0.0304340979	-0.1081184968	0.0415103801	0.1015450427	0.0168959409	-0.0059884507	-0.0105568387	0.020416478	0.0226807338	-0.0030651099	0.0722236232	0.0795570437	-0.0597421382	0.093310798	-0.0129738147	-0.0410944527	0.0601337159	-0.0937794549	0.0684019644	-0.0571549756	0.0332204396	-0.0269707151	0.0380845152	-0.0765985932	0.0275638616	-0.023415941	-0.0480714431	-0.0219704421	0.0869490055	0.0366444511	-0.0268319309	-0.0806635902	0.0	0.0	-0.0003532259206053	0.0118807662605462	1.247685509874617e-07	0.0001411526069377	0.2515559177133042	-0.0041014382373703	1.6821795614963218e-05	0.0632803797365826	-0.4443850145229717	-0.009672194654513	9.355134943479136e-05	0.1974780411325817	0.0051109794303997	-0.0001170111459628	1.3691608279551078e-08	2.612211073796884e-05	0.0007771088072097	-0.0003238542147538	6.038980982428827e-07	1.0488155241386513e-07	0.0014100247615998	-0.0004846128944556	1.9881698283245725e-06	2.3484965747263455e-07	0.0	0.0	0.0	0.0	0.0	0.0	0.0	0.0	0.0	0.0	0.0	0.0	0.0
60.453061717846055	-0.0816907758293083	3654.572671061704	0.0066733828555943	63.75227793307917	0.1107015401918829	0.012254831000855	4064.352941656573	58.98580969303213	-0.0369539301446053	0.0013655929531323	3479.3257451426034	63.57384342505024	52.34474960256607	0.921568	30.347435	0.0560057923441639	0.0359370459369519	-0.0170466878	-0.0141415638	-0.0365885331	0.0764057975	-0.0949495552	-0.0111233748	0.0216927426	-0.0170833288	0.0123817437	0.0133714597	0.0130348699	-0.0989683714	0.0664058595	0.0751652271	0.0354269413	0.0176875193	0.0014727971	0.1429681424	-0.1055446669	0.0305380742	0.041443537	0.0791156484	-0.0776458899	-0.032286282	-0.0375253583	-0.0197412661	0.0416992018	-0.032698323	0.1474184982	-0.0455455125	-0.0007496267	-0.0252418506	0.0066568182	-0.0314561385	-0.0047921985	-0.0183746412	0.0503911397	0.0972116364	0.0820307889	-0.0726833515	0.0620696553	0.152826748	-0.0215978193	0.0774355822	0.0826577226	-0.0621491101	-0.1085824128	-0.0983378675	0.0130258764	-0.1494116892	-0.0873596885	-4.6016e-05	-0.1665528748	0.0810649492	-0.0477710516	0.0087091952	0.0112636189	-0.108926803	0.0776110063	0.0360628219	0.0847818808	0.0929915885	0.0789578487	0.0481839373	-0.1504555065	-0.0812378412	-0.0783248968	-0.0623976834	-0.1436467862	0.0542718705	0.0635306512	-0.0750972533	-0.0071931529	-0.069691269	-0.0111354726	-0.0014672674	-0.0107343185	-0.001138295	-0.0142453456	0.0347689546	0.0316430487	0.0648824477	-0.0093278054	-0.0533596637	-0.1079484496	-0.1114420632	0.0033527344	0.0215378261	0.0475039555	-0.0470505002	0.0092305568	-0.0320826183	-0.0354361328	0.0745380079	0.2139349891	-0.009986765	-0.0775985838	-0.0296144573	0.0503389212	0.0305812573	0.0321010566	-0.2024007829	0.2152354862	0.0388772763	0.0366758432	0.0402459317	0.1030717651	-0.0033441664	0.131204225	0.0404981268	-0.0450662733	0.0178877053	0.029850692	0.0631338794	-0.0224949485	0.0042702339	0.0144541057	-0.0063045303	-0.0133881113	-0.0850680168	0.0332766201	0.1120851009	0.1045959488	-0.0163575741	-0.0536091189	-0.0908465655	-0.0477416625	0.0149107926	-0.1027581336	0.0556829899	-0.017464125	-0.0687636142	-0.00296479	0.0831128821	0.0348903798	-0.0483070956	-0.0581942342	0.0827859535	0.0320357809	0.085865461	0.0331113845	-0.032221499	-0.0853136375	0.0	0.0	-0.0028233523985647	-0.0024701264779594	7.971318766481043e-06	6.10152481711611e-06	0.2553639411672748	0.0038080234539705	1.4501042625990003e-05	0.0652107424484833	-0.4097617332654977	0.0346232812574739	0.0011987716050341	0.1679046780487448	0.005196040385645	8.506095524530004e-05	7.235366107242937e-09	2.699883568925384e-05	0.0006458903861175	-0.0001312184210921	4.171743908790133e-07	1.7218274033929907e-08	0.0014958326083575	8.580784675770001e-05	2.237515192225601e-06	7.362986565192928e-09	0.0	0.0	0.0	0.0	0.0	0.0	0.0	0.0	0.0	0.0	0.0	0.0	0.0
60.33602043934594	-0.1170412785001175	3640.435362457171	0.013698660872942	63.565764073886825	-0.1865138591923454	0.034787419670822	4040.606362297041	58.8492639971794	-0.1365456958527318	0.0186447270559067	3463.2358730097158	63.4835894455202	52.39770597287821	0.917229	30.204529	0.1336733208086611	0.0615084012037055	0.0029792845	0.0418530288	-0.0777095766	0.0359929755	-0.1289887391	-0.0080954147	-0.0231618962	-0.0373654017	-0.0350764332	0.0270662895	-0.0175397601	-0.0691932093	0.0753161921	0.0716016789	-0.0517354004	-0.0408851325	-0.0578514808	0.1438748435	-0.010939381	0.0047568737	-0.1013353706	0.0274536752	-0.0748801342	-0.0305038347	0.0013078045	0.0213671223	0.0439282682	0.0091548971	0.1839988023	-0.0103038519	0.0120715165	-0.0501843059	-0.0221272669	0.0033136447	-0.0535192895	-0.0311433638	0.1282449451	-0.0499395406	-0.1614376016	0.0402313458	0.0642574556	0.0875691502	0.1018656237	-0.0021006035	-0.024279604	-0.0435496586	-0.105647215	-0.0762350633	-0.0115323212	-0.0178971987	-0.0220285439	0.1355696712	-0.0415542191	0.0454210547	0.144647988	-0.0065168223	0.0664906711	-0.0056242079	-0.0106908559	0.0727533783	0.011265269	-0.0878198148	0.020624472	0.0525882503	0.0491227737	0.0305774906	-0.0262413038	0.1482488374	0.0342644066	0.0109634259	0.0563808656	0.0528638746	-0.0690070383	-0.0441272193	-0.0082324052	-0.0229121016	-0.0136850739	-0.019286166	-0.0275257396	0.014987141	0.0042623222	0.0381747441	-0.0613817257	-0.0182587207	-0.0954615326	-0.1212164317	-0.1216190972	-0.0063676895	0.0769225234	-0.0011991716	0.0469499558	-0.0200294642	-0.0870929262	0.0287328943	0.0756003593	0.1007818343	0.061720069	-0.0117326795	-0.1074546522	0.0261454611	0.0993843977	-0.1398047473	0.1359388348	-0.0311165835	0.0691645053	0.008799483	-0.0288660174	0.0156697695	0.0217687976	0.0306665407	0.008875474	0.0614755887	0.2237950396	-0.0182161467	0.0703176884	0.0169619349	-0.0044146222	-0.0087856438	-0.0645754304	-0.0237445025	-0.0001525155	0.0517226567	0.0368039932	-0.041143529	0.0403041772	-0.1647430247	-0.0513808679	0.0451321381	-0.1146165405	-0.0227766592	0.0173403887	-0.0867679837	-0.0194051193	0.1661953207	0.0885231645	-0.0438299561	-0.1069791315	0.0769914077	0.0329539371	0.0847551701	0.0295370653	-0.037520755	-0.0895386565	0.0	0.0	0.0180096582488289	0.0208330106473936	0.0003243477902396	0.0004340143326344	0.2747276969655701	0.0193637557982953	0.000374955038616	0.0754753074800061	-0.4548508081470999	-0.0450890748816021	0.0020330246736787	0.2068892576720698	0.0058558873812256	0.0006598469955806	4.353980575767445e-07	3.429141702159722e-05	0.0007798950080488	0.0001340046219312	6.082362235794377e-07	1.795723869895063e-08	0.001669730580473	0.0001738979721155	2.788000211366702e-06	3.0240504705883284e-08	0.0	0.0	0.0	0.0	0.0	0.0	0.0	0.0	0.0	0.0	0.0	0.0	0.0
60.22397536395341	-0.1120450753925297	3626.927208638067	0.0125540989197176	63.44655324183134	-0.1192108320554865	0.0142112224793614	4025.465118268539	58.782803416150685	-0.0664605810287142	0.0044170088306742	3455.4179774618165	63.44106310328317	51.724988017128695	0.947112	31.188576	0.1157164031132098	0.0584928383653047	-0.0060189231	-0.0171990947	-0.0497218829	0.1175291224	-0.0274539114	0.0079833051	-0.0325076105	0.0251750516	-0.0246485403	0.0345206216	0.026840523	-0.067008937	0.1228205196	0.0143940264	0.0271772252	-0.0091627932	0.150946274	0.0359374206	-0.0802514947	0.0717599958	0.0182563051	0.002846484	0.0058160582	-0.1078024789	0.0317342891	0.0674995865	0.0426787003	0.0744417668	-0.0233539663	-0.1508459576	0.009562174	-0.0782653203	-0.0191633873	0.0182884699	0.0112657722	0.085114132	0.107883474	0.0527045952	0.0131959995	-0.0543110068	-0.0340749327	-0.0902091802	0.1142831773	-0.0097355345	-0.0778277871	0.0003982602	-0.0919166164	0.111571551	-0.1260935579	-0.0882286142	-0.1056734648	-0.0861815055	-0.2160866648	-0.0157699594	-0.0101139199	0.1318272934	-0.0724639213	0.03112605	0.0375099803	0.0270477892	0.1120931097	0.0197487828	0.0016179194	-0.0716315462	-0.0555872068	0.0076417834	0.0120766807	0.0363748034	0.0385890984	-0.1411323827	-0.0328114705	0.0128702854	-0.0495040824	-0.0204648497	-0.0144945078	-0.035634676	0.0002474446	-0.0131226393	-0.0064828703	0.0394140058	-0.0002833877	0.0640677846	-0.1033001981	-0.0087038007	-0.1304409877	-0.131080523	-0.0941272827	0.015024683	0.0597944944	-0.0085058754	0.0343977956	0.0458683298	-0.0593079385	0.0475030179	0.1414996351	0.0230197268	0.0713675153	0.0241845171	0.0131644359	0.0012007502	0.0398349208	0.0128983458	-0.1121644855	-0.0081544154	-0.013112791	-0.0408951505	-0.0112431993	0.0376048221	-0.0016834658	-0.0493666688	0.1442507777	0.1889857491	-0.0436778053	0.0045438033	0.0337040756	-0.0053290114	-0.00765517	-0.014386177	-0.0067038904	-0.0501622575	-0.0039729654	0.0688735992	0.1006233703	-0.0691058064	0.1029248654	-0.1574912506	-0.0475512608	0.02928489	-0.0117383899	-0.0233447846	0.0075228891	-0.0823440924	0.0118964085	0.1197699879	0.0456377987	0.0208636905	0.0226201878	0.0391551233	-0.0076060323	0.0836184785	0.0259259465	-0.0427148457	-0.0933175984	0.0	0.0	-0.0081164863037912	-0.0261261445526201	6.587734991963013e-05	0.0006825754291844	0.2673092886434176	-0.0074184083221525	5.5032782034181686e-05	0.0714542557950499	-0.4065832630453627	0.0482675451017372	0.0023297559101482	0.1653099497886145	0.0054049592453676	-0.0004509281358579	2.033361837083709e-07	2.92135844440847e-05	0.0006477743458508	-0.000132120662198	4.1961160314243195e-07	1.7455869379638025e-08	0.001764767885151	9.503730467799992e-05	3.1144056884603333e-06	9.032089280458984e-09	0.0	0.0	0.0	0.0	0.0	0.0	0.0	0.0	0.0	0.0	0.0	0.0	0.0
60.38642644797404	0.1624510840206312	3646.5204991565774	0.0263903546994781	63.512827404474805	0.0662741626434666	0.0043922646340926	4033.879244910606	58.98207705883269	0.1992736426820016	0.039709984667754	3478.885414174077	63.599125875928415	51.27113037057426	0.956874	31.510059	0.0383728411925062	0.0203908715708912	-0.0121855601	-0.0663921387	0.0048075488	0.0671955305	0.0282925741	-0.0115826525	-0.0440308571	-0.020018665	-0.0306994278	0.0030291091	0.1057882608	-0.1170400523	-0.0175969166	0.097718173	0.1351944719	-0.0491696545	0.0152218264	-0.0427402607	0.0558873402	0.0211671281	0.0378704679	-0.0376079642	0.0435578974	-0.0087733986	-0.0355358122	-0.0454003129	-0.0564226028	-0.0566971801	0.0560022949	-0.1526249643	0.0061730354	-0.0380715373	-0.0014247601	0.0054659126	-0.0066865921	0.0110889712	0.0962711157	0.0397153588	-0.1439014589	-0.0754349628	0.1199199593	-0.0860109798	0.0093555723	0.1551886596	-0.0012438943	-0.0554908036	0.0339980768	0.067932919	0.0320404714	-0.0025277067	0.1155359041	0.0960436626	0.0677400092	-0.0139828366	-0.134205606	-0.0364372816	-0.1094204373	-0.070902699	0.0833326929	-0.0490598216	0.0186093725	0.0056657774	0.1832027468	0.1932901092	0.0413531908	0.0601065386	-0.1205676629	-0.0762629829	0.1642435595	-0.046774128	0.0166051178	-0.1069603582	-0.0793089161	-0.0877686435	0.0001906995	-0.0118305545	-0.0059729958	0.0015579843	0.0031065784	0.0215061342	0.0614751892	0.0545579033	0.0898641859	-0.0876525327	-0.1314100415	-0.1000538367	-0.079435844	-0.0372520977	0.0589036124	0.0603150797	0.0467233715	0.0108739734	0.0335130279	-0.0670294424	0.0635822341	0.0514381702	0.0989367397	-0.0088578441	-0.0732770972	0.0612978196	0.097948228	0.0683349434	0.0115669732	-0.0255376989	-0.0740439649	-0.0454220301	0.12123772	-0.1651901441	0.0140615123	-0.0774307134	0.0723950491	0.0189896349	0.050154582	-0.0930708735	0.0511529816	-0.0010943392	0.0128853954	0.0103056155	-0.0216122919	-0.0868843689	-0.0102908496	-0.0182581732	0.0886222956	-0.0609198377	-0.0446631266	-0.0222678416	-0.072685219	0.1048179943	0.0278083622	-0.1517506988	0.0002052555	0.033910349	-0.0960763522	0.0731527155	-0.0099869816	-0.0081243094	-0.0180913246	0.1495276642	-0.026251869	0.0824557403	0.0222825273	-0.0477892128	-0.0966316368	0.0	0.0	-0.0014135909684398	0.0067028953353514	1.998239426054572e-06	4.492880587667555e-05	0.2542111336793908	-0.0130981549640267	0.0001715616634616	0.0646233004865611	-0.4117489673151908	-0.005165704269828	2.668450060332024e-05	0.169537212085126	0.0051949353468028	-0.0002100238985647	4.411003796835739e-08	2.6987353257461133e-05	0.0006477389993047	-3.534654609998501e-08	4.195658112202541e-07	1.2493783211983658e-15	0.0018228303725061	5.806248735510007e-05	3.3227105669307274e-06	3.3712524378611554e-09	0.0	0.0	0.0	0.0	0.0	0.0	0.0	0.0	0.0	0.0	0.0	0.0	0.0
60.481969073732046	0.0955426257580072	3658.06858303588	0.0091283933367346	63.843283313815874	0.3304559093410688	0.1092011080184327	4075.96482428816	59.061458438305145	0.0793813794724584	0.0063014034069504	3488.255872859646	63.66509103716021	51.33575857540063	0.942777	31.045839	0.0740513559925301	0.0403573390784108	0.0079691094	-0.0857775018	0.0266450747	-0.0654275778	0.0365417445	0.0079368661	0.0230172633	-0.000323681	0.066571749	0.0102261832	0.0964239691	-0.0110366023	-0.0987785783	0.0525611652	-0.0053909407	0.1570166656	0.1228175213	-0.0132870172	-0.1088115186	0.0448425483	0.0063019189	-0.1363726712	0.0284416247	-0.0790050783	0.0265643498	-0.061080405	0.0340004577	0.0146127408	0.0565300955	-0.0611980104	0.0003132601	-0.0203567998	0.0023313577	0.0041199216	0.0520953392	0.0173265128	-0.0056670476	-0.0873549582	-0.0277607317	0.0534173448	0.0618285087	-0.066807442	-0.03119806	0.0852261774	0.1080114302	0.0309338233	0.0655519416	-0.0065127335	0.0931014722	-0.0171479757	0.171032583	0.1432178469	-0.082744467	-0.0762409293	0.0918748997	0.0826234654	-0.0229883185	0.0717693893	0.1327891201	0.0462417136	0.0076158289	-0.1218037779	0.0527330559	-0.0706854827	0.0343143191	-0.0432555568	-0.1018687802	-0.0290031161	-0.105540207	0.0951717164	-0.0754899005	-0.0072631413	0.0521726315	0.1910607031	-0.0015954673	-0.0052604081	0.0036038886	-0.0165829804	0.0143640563	0.0281835891	-0.0719276558	-0.0131782717	0.0748457959	0.021902931	-0.0945041185	-0.0828865046	-0.0845428887	-0.0250002109	0.0952685475	0.0741028973	0.0099537912	0.0793506257	-0.0337386979	-0.06199145	0.0968102891	0.0890667153	0.0198955856	-0.0260582901	0.0188797399	0.0069540446	-0.0528227075	0.0766282161	-0.077962737	-0.0553886953	-0.0660161587	0.1021364892	0.1064119254	0.0573378705	-0.0347628245	-0.0546598473	-0.0083740745	0.0211062921	-0.0632311545	-0.0804539262	-0.2191763006	0.0046613434	-0.0085301992	-0.003284488	0.0095916087	-0.0369287448	-0.0882936214	-0.0680883226	0.0734510975	0.0099563578	0.0372676783	-0.0782561539	-0.0484781811	0.0863498875	0.0217059392	-0.0777417481	0.0342621199	-0.0480850901	-0.0256627726	0.0635859239	0.0843664535	0.104898375	0.0398355392	0.0395273401	-0.1384621054	0.0812673177	0.0186113467	-0.0527296337	-0.0994642612	0.0	0.0	0.0156161255394806	0.0170297165079204	0.0002438633768648	0.0002900112443401	0.2541447992178263	-6.633446156451006e-05	4.400260791053463e-09	0.0645895789694692	-0.441632050798951	-0.0298830834837602	0.0008929986784973	0.1950388682928872	0.00538505517859	0.0001901198317871	3.614555043879313e-08	2.8998819276458977e-05	0.0006459726618575	-1.7663374472000077e-06	4.1728067986726403e-07	3.1199479773810397e-12	0.0014732721109548	-0.0003495582615513	2.1705307129172124e-06	1.2219097821876718e-07	0.0	0.0	0.0	0.0	0.0	0.0	0.0	0.0	0.0	0.0	0.0	0.0	0.0
60.430729023159	-0.0512400505730425	3651.873010270472	0.0026255427827279	63.50892270621607	-0.3343606075998053	0.111797015914511	4033.383263304127	59.06711009898084	0.0056516606756957	3.194126839320608e-05	3488.9234954451244	63.63942357737527	51.59918823933929	0.868874	28.612204	0.1497518600084055	0.0829790818381449	0.0003853528	-0.0786461606	0.0520232133	-0.0813713186	-0.0013078297	0.0218554875	-0.0262933287	-0.0108082095	0.042003477	-0.0306197632	0.1069571939	0.0743384489	0.0209409152	0.0006105398	0.041230134	0.1068035222	-0.0126655487	-0.0060536285	0.032296722	0.0220987613	-0.0462578561	0.0346885016	-0.0103176435	0.0641856432	0.1149509798	0.0179812355	-0.0018518084	-0.1018172107	0.024851332	0.0600420592	-0.0048336225	-0.0101667493	-0.0121332006	0.0032756105	0.0249241103	-0.0387123487	0.0665136039	0.0765651789	0.0679998477	0.1325632798	0.0119134334	0.0198425858	0.0508294746	0.004198454	-0.0462436303	-0.0493198509	0.0020181775	-0.0207686739	-0.0951212801	0.0953924733	0.0168374857	-0.0542769962	-0.0488786869	0.0174727988	-0.0131424226	-0.0357002499	0.0826083287	-0.060418423	-0.0770286575	-0.0302261939	-0.0245311483	-0.0716858674	-0.0357211021	-0.1450321326	0.0405911589	-0.0043298633	-0.0048179665	0.1557802801	0.0815292063	-0.1551031811	-0.0528815607	0.0376972184	0.0492351228	-0.1396671578	-0.0077729761	-0.0083021521	0.0101507564	0.0066716897	0.0212858705	0.0430329864	-0.0320318309	0.0532038071	0.1282924492	0.0579768531	-0.09460804	-0.0957929136	-0.042638594	0.012855585	0.120245667	-0.0240884732	-0.0687130731	0.0621050344	-0.0710729981	0.0634559161	0.0040922075	0.0019751161	0.0064325103	-0.026582985	0.0181380845	-0.1234007582	0.0319919287	-0.0541049453	-0.1016358872	-0.0486659566	0.0253567065	0.0891667182	0.0141336757	-0.0253872944	-0.080989112	-0.0040616456	0.0361754118	0.1179949578	-0.027716118	0.0842359585	0.0749009606	-0.02832257	0.0154013051	0.0005662321	0.0405651659	-0.1319134845	-0.0822400671	-0.064229623	0.0902272024	0.0407992628	-0.0271729764	-0.0899216516	-0.0372704812	0.0263370579	0.0212783631	0.010034278	0.0910434637	-0.0483175079	0.0113278276	0.0385412571	0.1962065729	0.1158888928	0.0392516431	0.0570605825	-0.0819688891	0.080053581	0.0149169788	-0.057522261	-0.1018013597	0.0	0.0	-0.0138937886199101	-0.0295099141593907	0.0001930373622147	0.0008708350336946	0.2425343275357789	-0.0116104716820474	0.0001348030526796	0.0588229000332324	-0.3676950381781836	0.0739370126207674	0.0054666818352835	0.1351996411008559	0.0050380237362717	-0.0003470314423183	1.2043082195751978e-07	2.538168316723706e-05	0.0005739081914017	-7.206447045580002e-05	3.293706121579703e-07	5.193287902074873e-09	0.0017480654291047	0.0002747933181499	3.0557327444309987e-06	7.55113676998322e-08	0.0	0.0	0.0	0.0	0.0	0.0	0.0	0.0	0.0	0.0	0.0	0.0	0.0
60.42425399789758	-0.0064750252614231	3651.0904712024417	4.1925952136068376e-05	63.56339994065698	0.0544772344409096	0.0029677690723298	4040.305812015912	59.123461703036696	0.0563516040558553	0.0031755032796678	3495.583723750447	63.66134828917278	51.26834002954014	0.910699	29.98951	0.1007459613411902	0.0404761249675062	0.0099107326	-0.0179757137	0.0422681127	-0.1079701575	0.0360669698	0.0082529182	-0.0201779481	0.0035818949	0.0090643285	-0.0502197804	0.0885775705	0.0991846713	0.0211733611	-0.0160885539	0.1026569732	0.1115302013	0.0139576224	0.1381019643	-0.0663666392	-0.0760876693	-0.0159963645	0.0565021667	0.058946266	-0.0050076941	-0.0523536589	0.0690316713	-0.0474344566	0.069475871	-0.0893424712	-0.1698666389	0.0146774029	0.0035557036	-0.0056087851	0.0077962816	-0.0093716983	-0.0088065386	-0.0209203778	-0.0027043003	0.0262956219	0.0590691339	-0.0840306413	0.0641172435	0.0295374155	0.0151976486	-0.0035805264	-0.0848777141	-0.1508536584	-0.0529703728	0.131357396	0.1135730126	0.138467583	0.0420789513	0.0207022537	0.0705627948	-0.0713107667	0.031453877	0.0954479208	-0.0467929147	-0.0143193307	-0.1441354002	0.034029971	-0.0723245977	-0.110157318	-0.0107922971	-0.1066088331	0.0601268702	-0.1833543665	-0.0575753122	-0.0513006774	-0.0336177696	0.0350930073	0.110734315	0.0291498611	-0.0233490889	0.0019551695	-0.0062549342	0.0055612189	0.0031124279	0.0165269278	0.0131475114	0.0457345595	0.0372927168	0.1052757882	0.0704697804	-0.0355849845	-0.0788352824	-0.0989118511	-0.0111827756	0.1230202031	0.136126256	-0.0600985037	-0.0208976439	-0.0210077801	-0.0113601215	-0.016005118	0.0603487526	0.0829551753	-0.0313794056	0.0809223871	0.0288573435	-0.055934183	-0.0161067862	-0.0062620811	-0.0220984966	0.0071658422	0.1803434115	-0.0483394979	-0.0412823538	-0.0577979676	-0.0279604626	-0.001980931	0.1166297128	-0.0142920639	0.1175161302	-0.0296149173	-0.0187981262	0.0236816948	0.0301772646	-0.0705814265	-0.1091553657	-0.0352323373	-0.1089932999	-0.0320450975	0.0058354967	0.0202223016	-0.0874506588	-0.0494445291	0.1484355278	0.0420429502	-0.0863593051	0.0814093763	-0.0854683403	-0.0673629573	0.1310218412	0.0949261984	0.1186102247	0.0114664502	-0.0890346134	-0.1175662544	0.078814908	0.0112040262	-0.0621536617	-0.1036312889	0.0	0.0	0.0060941295702292	0.0199879181901393	3.713841521874193e-05	0.0003995168735757	0.2540637945985793	0.0115294670628004	0.0001329286107521	0.064548411725829	-0.3920465588786541	-0.0243515207004704	0.0005929965604254	0.1537005043285939	0.0053020461599202	0.0002640224236485	6.970784018922801e-08	2.8111693481924537e-05	0.0010121591928604	0.0004382510014587	1.0244662316918166e-06	1.9206394027955358e-07	0.0019433331117531	0.0001952676826484	3.7765435832359863e-06	3.8129467886876295e-08	0.0	0.0	0.0	0.0	0.0	0.0	0.0	0.0	0.0	0.0	0.0	0.0	0.0
60.5074932836668	0.083239285769217	3661.156743472983	0.0069287786953693	63.73609043610875	0.1726904954517749	0.0298220072193795	4062.2892240798337	59.1572990449946	0.0338373419579056	0.0011449657107762	3499.586030298919	63.66480280941005	51.90937296988084	0.992373	32.679028	0.0521757799734909	0.0215498521556177	0.0046904539	0.1143460185	-0.013316192	-0.0548833041	0.0632576944	0.0142312597	0.0028721026	-0.0001783416	0.0257754129	-0.040036941	0.0219761597	0.1224885995	0.1616893715	0.0029246289	-0.0415828241	-0.0662758208	0.0393637506	-0.0254481353	-0.0310017347	-0.053337476	-0.0243531565	-0.026240245	0.088632614	0.0102746937	-0.0494389119	0.1872620668	0.1800313468	0.0310517456	0.0756337389	0.0746070848	0.0086793098	0.0114755124	0.0053487935	0.0045189941	-0.0423855647	0.0470243265	-0.0408948559	-0.0696283499	0.1353466881	-0.1132169084	0.0491125521	0.0631226304	0.0224920108	-0.0465203814	-0.04886235	-0.0243392783	0.076590015	-0.2086461756	-0.0492368925	0.0899648658	0.0483477673	0.076204103	0.0167233445	0.1141613163	0.0472843595	-0.0101064619	0.0427632644	-0.1093911222	-0.0424164268	0.0213056952	0.011920432	-0.019481495	-0.0580518642	0.0964633604	-0.0364108714	0.0971149368	0.1206259151	0.0314718024	-0.0667091732	-0.1202806043	-0.0815314754	0.0283282259	0.0797783641	-0.0525025654	-0.0074070931	-0.0058052785	0.0099692231	0.0072066931	0.0342090795	0.0138007266	0.0233533764	0.0048162969	-0.107201022	0.1201244171	-0.0499353	-0.0899665099	-0.0535710646	-0.0067246462	0.1328048095	0.0860948555	-0.0204418105	0.0393618874	-0.0180232736	-0.0368250924	0.0081803446	-0.0692345734	0.0212012826	0.0925156345	-0.0127671396	-0.0230421346	-0.0927357749	0.1018078818	-0.0579098709	0.1759701755	0.0339466969	0.0306735588	0.0820740807	0.0020772193	-0.0848963251	-0.059026401	0.0009192992	0.0617584542	-0.1082968955	-0.0771638855	0.0091460191	-0.0197084954	0.0012969503	0.0019888059	-0.0298341824	-0.0748995521	-0.0248058965	0.0778672596	-0.0660745186	0.0464851477	0.127947887	-0.0747717889	-0.0848072251	0.046564694	0.0037314481	-0.1081040199	0.0046882009	0.0242112217	0.0739814209	0.0158455837	0.0960515998	0.0084030201	0.0425289575	-0.0195758231	-0.0705491502	0.0775516848	0.0074771147	-0.0666108546	-0.1049449322	0.0	0.0	-0.0039321958147837	-0.0100263253850129	1.5462163925802445e-05	0.0001005272007261	0.2507377233813059	-0.0033260712172734	1.1062749742374607e-05	0.0628694059264402	-0.3995154659993787	-0.0074689071207246	5.578457357801096e-05	0.1596126075727007	0.005462876881749	0.0001608307218288	2.5866521083973025e-08	2.984302382514768e-05	0.0007482617621958	-0.0002638974306646	5.59895664764364e-07	6.96418539113774e-08	0.0017409717392369	-0.0002023613725162	3.030982596821557e-06	4.095012508664028e-08	0.0	0.0	0.0	0.0	0.0	0.0	0.0	0.0	0.0	0.0	0.0	0.0	0.0
60.5343502652928	0.026856981626004	3664.4075620411545	0.0007212974620595	63.66140427947333	-0.0746861566354226	0.0055780219929708	4052.774394834545	59.18400303292782	0.0267039879332173	0.0007131029715374	3502.746215001609	63.70219232348207	51.8378534617774	1.044377	34.391548	0.2220902283715531	0.1197933220787474	-0.0011901528	0.023982592	0.0135227225	0.1105448116	0.135341487	0.0227799053	-0.0152009961	-0.0176090093	0.0385081651	0.0684084986	-0.0684965813	-0.0073497538	0.0551989858	0.0933933372	0.1949892772	-0.0061992215	-0.084819895	-0.13676307	0.0597938755	0.066365935	0.0494071893	-0.0873754958	0.1180734309	0.1121512403	-0.0730619862	-0.0276281276	-0.0513543554	-0.0132469253	0.0678965312	0.0556716554	0.0089138875	0.0055466985	-0.0364967677	-0.0072221848	0.0035156855	0.0696203342	0.0076152639	-0.0584740442	-0.0494836439	0.0575243821	0.0309681027	0.0137716503	-0.0596408868	0.0519930671	-0.0161700298	0.0594807135	0.0674436101	-0.1237109392	-0.0896248751	0.0649063745	-0.0539765869	-0.0916224438	0.0972017552	-0.1173621932	-0.0610055988	-0.1073754658	0.1760569249	-0.0622310523	0.0870266685	-0.1425678577	0.0799854228	-0.0513647698	-0.1388776203	0.073783925	0.1187777272	0.0302027105	0.0939507349	0.0746081289	0.101459557	-0.0577368904	-0.0159696379	-0.048134124	0.0441725514	0.0765461578	-0.0128365976	-0.0036973702	0.0090969821	0.0047231843	0.033808211	0.0065363588	-0.0394810714	-0.0161986021	-0.0990078187	-0.0118416678	-0.0956085422	-0.0715205362	0.0270753844	0.0572829187	0.2007066906	-0.0469795417	-0.1151285875	-0.0854103998	-0.1216784348	0.047822039	-0.1480584702	-0.0095832668	0.1496018611	-0.0675519876	0.1089081713	-0.0619504458	-0.0065555929	0.2934102919	0.0133570239	0.085106287	-0.0186053318	-0.1417064568	0.0696135547	-0.0921814781	0.1644825055	0.084939375	-0.171474376	-0.0678561496	0.0350547997	0.1066212034	-0.0077541244	-0.0166963968	-0.0065989123	-0.0032563578	0.0575487881	0.0011347746	-0.0688805295	0.0899559319	0.0108049036	-0.0995715051	0.0661051356	-0.0162886524	-0.2241613067	-0.0228164765	0.0946919079	0.0039044493	0.002676534	-0.1208285805	-0.056148027	0.1398311353	0.1081278266	-0.0793272723	0.1327627169	0.056493936	0.1939673862	0.0762643048	0.0037408877	-0.0708813468	-0.1057357452	0.0	0.0	-0.0447706486918804	-0.0408384528770967	0.0020044109842917	0.0016677792333948	0.2470988045924969	-0.003638918788809	1.3241729951547226e-05	0.0610578192310409	-0.4773123313468161	-0.0777968653474374	0.0060523522578873	0.2278270616557327	0.0041332351934405	-0.0013296416883085	1.7679470192878805e-06	1.7083633164295126e-05	0.0002880269033533	-0.0004602348588425	8.295949705529125e-08	2.118161252937759e-07	0.0019474150192501	0.0002064432800132	3.792425257200868e-06	4.261882786260853e-08	0.0	0.0	0.0	0.0	0.0	0.0	0.0	0.0	0.0	0.0	0.0	0.0	0.0
60.79994986208891	0.2655995967961075	3696.633903232525	0.0705431458182549	63.94829437865472	0.2868900991813916	0.0823059290083087	4089.384353939083	59.33128040719539	0.1472773742675741	0.0216906249711511	3520.200834757248	63.92011611125172	51.76853462424847	1.05702	34.807892	0.2460565362974838	0.111341896015163	-0.0010430088	0.0037852158	0.059632158	-0.0565725378	0.1211817764	-0.0249517819	0.0253898595	0.038111952	0.0458426519	0.0333795426	-0.0179079139	0.1018431619	-0.0469006515	0.0401574717	0.0271138883	0.0278232648	0.1351775089	-0.0287575219	-0.0430235833	0.1186208722	-0.0468397524	-0.0533208544	-0.0399834886	0.1912055198	0.0142479798	-0.0383838469	0.0138327728	-0.0214660495	-0.1242346647	-0.1008438966	-0.0039379383	0.0341331719	-0.0236827318	0.0177677824	0.0198140039	0.0295415074	-0.0264030726	0.0006804648	0.0610327598	0.0483124994	-0.0555908292	-0.0290383416	-0.0951035286	-0.0246855458	0.0778709145	-0.0330530401	0.0402302584	0.0231898343	-0.0321833957	-0.0965614945	0.0309916708	0.0696412975	0.077538195	0.0156103601	-0.0222929163	-0.0932209491	-0.0415777069	-0.0990326839	0.0611067245	-0.1316618816	-0.0062796418	-0.0337287145	-0.0326935716	0.0506232925	-0.1382322152	0.0461948289	-0.0411494603	-0.0640705965	0.1252492675	0.0685818815	0.0214859663	0.0856700598	-0.027297057	0.1155461458	0.0135925066	0.0301153021	0.0037086495	0.0021569844	0.0365534665	-0.0067735346	0.0437279299	-0.1080280308	0.1060003781	0.0402790622	-0.0102471909	-0.0310919664	-0.0618455823	-0.0753711436	0.1631077841	0.0696573113	-0.0937882759	-0.0456228883	0.0577118274	-0.0613070929	-0.0216694465	-0.0100950744	-0.0727778274	0.0551135759	0.1440665245	0.0851931711	0.0540416216	0.0785967948	0.0578074418	-0.0777991233	-0.1444974313	0.1055624322	-0.0394471885	0.1354534614	-0.011788534	-0.008039028	0.0476118769	-0.0476065829	-0.1044278995	0.0586993594	-0.0206797979	0.0041746737	0.0090258739	0.0046515631	-0.0191210037	0.0025272653	-0.115252012	-0.017095064	-0.0730875273	0.0328556034	-0.0367011685	-0.0143383538	-0.1305075387	0.0506790933	-0.0192370674	-0.1777468432	0.0508393007	-0.1766719233	-0.0893957539	0.1430879488	-0.2537101095	0.0931183311	0.0209802935	-0.0192214868	-0.1222543343	0.0749531689	0.0	-0.0749531689	-0.105999788	0.0	0.0	0.0077404780685697	0.0525111267604501	5.9915000730008506e-05	0.002757418433652	0.2539615965975912	0.0068627920050943	4.709791410518652e-05	0.0644964925463976	-0.5286686222399055	-0.0513562908930894	0.0026374686142956	0.2794905121410399	0.0056494010054674	0.0015161658120269	2.2987587695591906e-06	3.191573172057607e-05	0.0009119085694542	0.0006238816661008	8.315772390440054e-07	3.8922833329683474e-07	0.0013809359646009	-0.0005664790546492	1.9069841383282185e-06	3.208985193562514e-07	0.0	0.0	0.0	0.0	0.0	0.0	0.0	0.0	0.0	0.0	0.0	0.0	0.0
60.77445513958084	-0.0254947225080712	3693.534397512924	0.0006499808757635	63.94313106583048	-0.0051633128242443	2.6659799321005804e-05	4088.724010501975	59.25883028395633	-0.072450123239065	0.0052490203573557	3511.6089666227394	63.85567065736176	52.24056968133931	1.003183	33.035011	0.1820684821697969	0.0949011635783296	-0.0020013131	0.0390918452	0.0177273733	0.0529184479	0.1588610992	-0.0005527591	0.0326440683	0.0655421627	0.0564249505	0.084403281	-0.1192385043	-0.005275463	-0.0737664607	0.062420691	0.0634063909	0.0148861189	0.0385569081	-0.2220385954	0.0472757432	0.0531163613	-0.1490251154	-0.0931714917	-0.0922245656	0.0643943719	0.0318228452	-0.021428592	0.0565579248	0.1031656856	0.1391510703	-0.0209857538	-0.0169801313	0.0103818137	-0.0668150679	0.0611662904	0.0016975131	0.0209710856	-0.0306712778	-0.0359145603	-0.0397327682	-0.1732229812	-0.0085341277	0.0687333099	-0.022570716	-0.1281070095	-0.0143377536	0.0044591187	0.0867724249	0.0770039635	0.1471929304	0.0937418559	-0.0782294297	0.0283243354	-0.0427950003	0.0308518944	0.0185656852	0.0686726332	0.0912670134	0.0663528074	0.0971118579	-0.0359387855	-0.0178341574	0.0508346671	-0.0693548741	-0.0474573399	-0.0382752946	0.0035484429	-0.0092629298	0.0735900394	-0.0060088419	-0.026765934	-0.0058299215	0.0407862043	0.0859451765	-0.1122499465	0.0040994702	0.0233508841	0.0087773941	-0.0138808753	0.0318040948	-0.0245633585	0.0350184864	-0.1219628102	-0.0686903268	-0.0768063043	-0.0438505456	0.0138139051	-0.0507178395	-0.0599035443	0.2050947081	0.0175227628	-0.0569094356	0.0232915166	0.0551336563	-0.0109854214	-0.0985481524	-0.0504313355	-0.3161100674	0.1233380341	0.1625906895	0.006170334	0.0285807874	0.0454979592	0.0132089201	0.1305204299	-0.0652708369	0.061693964	-0.0303649851	0.0730674474	0.0355273122	-0.0892723511	0.0120379114	0.0739765066	0.1418904317	-0.0890923482	0.0444925019	0.0049339664	-0.0102354099	0.0071330357	0.0121916423	0.0576179315	-0.0862123635	0.0696948584	-0.0404433547	-0.0896805672	-0.0050195895	0.0307625181	-0.1438632811	-0.0347340674	0.1214377483	-0.0165592625	0.0524204123	-0.0523223546	-0.0645977373	-0.003531219	-0.0284625687	0.0714964838	0.1249945588	0.0193652854	-0.0093564538	0.0736186857	-0.0037408877	-0.078814908	-0.1057357452	0.0	0.0	-0.0347611558885176	-0.0425016339570873	0.0012083379587058	0.0018063888890222	0.2578912777515256	0.0039296811539343	1.5442393971587066e-05	0.0665079111403145	-0.5832467708999758	-0.0545781486600702	0.0029787743111607	0.3401767957652488	0.0046612024695242	-0.0009881985359432	9.765363464402848e-07	2.1726808461898496e-05	0.000843038139763	-6.88704296912e-05	7.107133050950595e-07	4.743136085850523e-09	0.0019450473669406	0.0005641114023396	3.7832092596425607e-06	3.182216742496628e-07	0.0	0.0	0.0	0.0	0.0	0.0	0.0	0.0	0.0	0.0	0.0	0.0	0.0
60.936129138293445	0.1616739987126081	3713.211834358776	0.0261384818597244	64.21799726694029	0.2748662011098091	0.075551428512538	4123.95117297675	59.27344398985518	0.0146137058988529	0.0002135604000981	3513.341162418499	63.96858747957042	52.446801864431	1.029255	33.893562	0.1952809259724037	0.0996617593075486	-0.0121504219	-0.0742270478	0.0809527217	0.0249457098	0.0990616416	-0.0208629007	0.0518202803	-0.0337693741	0.124019134	0.0465043704	-0.0467346068	-0.0722291495	-0.1112110991	-0.0630876671	0.1135281604	-0.1166118596	0.063276452	-0.0754661765	0.02568313	-0.0990173888	0.0743291301	0.106592303	-0.0534452883	-0.0295745227	-0.0072909986	-0.0112555954	0.0887085984	-0.0217477954	0.0549016192	0.1017077346	-0.0167203544	0.0143936964	-0.0400412493	0.0257541862	0.0703689754	0.0146284852	-0.0538626196	0.0903460348	-0.0138367899	0.0177777265	-0.0624331877	-0.0128572509	0.0123798033	-0.0778966105	-0.0674756629	-0.0801310973	0.0854998125	-0.1381128742	-0.0413904908	-0.1384650136	0.0292695467	0.04790124	0.0579766139	0.1067900433	0.0154714804	0.0096257208	0.039508459	0.1269141529	-0.0242981909	-0.0495506198	-0.0691898451	-0.0143793509	0.0527339217	0.0240729162	-0.0362603975	-0.136651537	0.0277545456	0.004570188	0.0736811494	-0.0827961288	0.0156702913	-0.2312317411	-0.0910783311	0.0273406258	0.000415529	0.0368825446	0.0145580614	0.0167743123	0.0632755652	-0.0088415359	-0.036703465	-0.0903317054	0.0746659967	-0.0958770744	-0.0377931466	0.0037896734	0.0955941936	-0.058259503	0.0141065535	-0.0039195919	0.0615663887	0.0637610691	0.0157005443	0.0450445633	-0.0505495615	-0.0399371431	0.0654345125	0.0529925237	-0.1039077871	-0.069787088	0.0162110637	-0.0077700735	0.0400585879	0.0132150492	-0.0711086308	0.1428664142	-0.0983918042	-0.1117454443	0.0424181119	-0.0072784045	-0.1166484785	-0.1124561286	0.005858857	-0.0205021202	-0.0488061824	-0.0010760692	0.00777031	0.0122589478	0.0227965487	0.0376785751	-0.0686527037	-0.0315941779	0.0230742524	-0.0619715683	-0.0816304382	0.13648599	-0.0333837919	0.0382091742	-0.0845765168	0.0135351281	-0.0676019185	0.0584861323	-0.0160413733	-0.0026360564	0.0131985427	-0.0129502334	0.0925706115	0.044316219	0.0469216427	0.0722612707	-0.0074771147	-0.0824557403	-0.1049449322	0.0	0.0	-0.0076114050013984	0.0271497508871192	5.793348609531258e-05	0.0007371089732326	0.2542015770163601	-0.0036897007351655	1.3613891515080846e-05	0.0646184417576044	-0.5046503574262218	0.078596413473754	0.0061773962109373	0.2546719832504134	0.0050689099826203	0.0004077075130961	1.6622541623500698e-07	2.569384841190773e-05	0.0001718143015569	-0.000671223838206	2.9520154219485373e-08	4.5054144097612854e-07	0.0013070775007155	-0.0006379698662251	1.7084515928766776e-06	4.070055502112721e-07	0.0	0.0	0.0	0.0	0.0	0.0	0.0	0.0	0.0	0.0	0.0	0.0	0.0
60.89911608650669	-0.0370130517867579	3708.7023401178176	0.0013699660025692	64.17314045885284	-0.0448568080874451	0.0020121332317938	4118.191956351656	59.29606601471597	0.0226220248607873	0.000511756008802	3516.023444821554	63.90910277549254	52.929842681649625	1.030585	33.937366	0.0567425605350128	0.0282760913681006	0.0023543203	0.0791970085	0.0305719413	-0.0997340444	0.0547847126	-0.0175756463	0.0674026542	-0.0066733646	0.0536987747	-0.0158354521	-0.0720057626	0.0382849038	-0.0656213678	-0.048638542	0.0483262429	-0.0017721339	0.0015564251	0.0329098686	-0.0378414987	0.0282837034	-0.0034213852	-0.0131899778	-0.1284802016	-0.0364916746	0.0085973567	0.0455642718	-0.029619579	0.0817347233	0.0599482093	0.0201289762	-0.0113758106	0.015313705	-0.0618617612	0.0057047862	0.0414363956	-0.0310204792	0.0084228851	-0.0505458796	0.1025029487	0.0564069954	0.0724043372	-0.0809161773	0.0222947364	-0.032183434	0.0198667872	-0.0763599561	0.1734649418	0.0654276864	0.0094731439	-0.0564387512	-0.1409384374	0.077413168	-0.1137648446	0.076194759	0.1296731634	0.0928130354	-0.007473443	0.0566451262	-0.0290052861	0.0499510724	0.0103716814	0.0172548939	-0.0138450926	-0.0563357238	-0.0697120902	0.0018169082	0.0732764202	-0.0868139096	-0.0673515667	0.0512046413	0.014210704	-0.0166110983	-0.1356894889	-0.0644617177	0.0036163724	0.0259719479	0.0176696084	0.005209222	0.0447022579	-0.0216130202	0.0191748601	-0.1031180786	-0.025263457	0.0683150895	0.0642481434	-0.0009416136	0.0474844644	-0.0406092054	0.0817471856	0.0098076222	0.0461010045	0.1103745345	-0.0100908476	0.0572712667	0.0669809103	0.0255678235	0.0150115622	-0.0767662646	-0.1023133811	-0.0332567701	0.1471634376	0.0645179056	-0.0207464812	-0.0484026737	-0.0728382435	0.0667568239	-0.0262808808	0.1017885272	0.069018941	0.0172024124	0.0402288448	-0.133328142	0.0624266636	-0.017411177	-0.0196690961	0.0024876128	-0.0032284752	0.0100447332	-0.0239099259	0.010149763	-0.0813792535	0.0497718115	-0.1440576722	0.0701917169	0.0105721049	0.0209136469	-0.0237959916	0.0036966058	-0.0595569053	0.0278083548	-0.0800851437	0.0880678377	-0.0695459417	0.0496148628	0.0147575208	-0.0477129122	-0.0319057109	-0.0631914484	0.0078807947	0.0708813468	-0.0112040262	-0.085865461	-0.1036312889	0.0	0.0	0.0016783143716168	0.0092897193730152	2.8167391299754944e-06	8.629888602937393e-05	0.263749070005872	0.0095474929895119	9.115462238477902e-05	0.0695635719289623	-0.5287312776730175	-0.0240809202467957	0.0005798907199325	0.2795567639897415	0.0050882695499911	1.935956737079969e-05	3.7479284878453205e-10	2.589048701336663e-05	0.0003749654951858	0.0002031511936289	1.4059912257993224e-07	4.127040747284682e-08	0.0013610552982296	5.397779751410009e-05	1.852471524838865e-06	2.9136026244731893e-09	0.0	0.0	0.0	0.0	0.0	0.0	0.0	0.0	0.0	0.0	0.0	0.0	0.0
60.71468760827831	-0.1844284782283765	3686.273291370824	0.0340138635816347	63.93220096523479	-0.2409394936180504	0.0580518395849225	4087.326320259168	59.23562507791722	-0.0604409367987486	0.0036531068411103	3508.859278371576	63.73500515120547	52.844500455287616	1.012892	33.354744	0.060117427056054	0.0397208333977101	0.004667924	0.1046154194	-0.0359562908	0.0781893222	-0.029530899	-0.0173191555	0.019586953	-0.0154721515	-0.0460600391	-0.0080306158	-0.1569339686	-0.075089852	0.0497700141	-0.216336811	0.0863395658	-0.0060850626	0.0844625522	0.0261491199	0.0993946123	-0.046712991	-0.0176043969	-0.0230530572	-0.0455629602	-0.084827437	-0.0100061693	0.1212163188	-0.0616504859	-0.0031734255	0.2177629068	0.0199602228	-0.0006707415	0.0253351298	0.0383375016	0.0006924709	-0.0020386337	-0.0451312063	-0.0806887127	0.0854652897	-0.0162993936	0.0275823662	-0.0408235702	-0.174006893	0.0194378596	0.0835045256	-0.0855954834	-0.0810480801	-0.1394591444	-0.0603161691	0.0633142844	-0.02898699	-0.0430051075	0.0167273119	0.1165264279	-0.105180479	-0.0237958978	0.019473661	0.0855115019	-0.0496952304	0.0239507086	0.1190055608	0.0568400182	0.073080067	0.0692060841	0.0622550868	0.0672569764	-0.1156371085	-0.0141588888	0.0023511274	-0.0915251294	0.072498796	-0.1803704591	0.0350517973	-0.0846995831	0.0087201559	-0.0121353397	-0.0005755522	-0.0013044401	0.0026260486	0.0082400914	-0.0282689486	0.0635908688	0.0141052214	-0.0972325775	-0.0666193302	0.1375441842	-0.030844696	0.1900958788	-0.0408026482	0.0695779441	0.0354080611	-0.0004660852	0.0942416723	-0.0001492409	0.1627536212	-0.0264988556	0.211276689	0.0718438989	-0.0492895886	-0.1731065515	-0.0520546301	0.0619276736	0.1243552819	0.0034131542	-0.0174583203	-0.0081194448	0.0323190276	-0.0335648358	0.1073432262	-0.0579276735	-0.0460950712	0.1643613699	-0.0263392337	0.0528891756	0.0116147363	-0.0369955764	-0.0020539068	0.0107888297	0.0078103919	-0.05541127	0.0365827733	0.0374025989	0.1262733716	-0.0027622087	-0.0466385984	-0.0677283212	0.0279549403	0.053111948	-0.007190018	-0.1635173296	0.0539858826	-0.01629761	-0.0447966641	0.0044143398	-0.0970195166	0.1209165926	0.0370998357	-0.0477560822	0.0760432039	-0.0127220528	0.0694793439	-0.0149169788	-0.0890345132	-0.1018013597	0.0	0.0	0.0073557819094105	0.0056774675377937	5.410752749881077e-05	3.2233637642701255e-05	0.2673234055109645	0.0035743355050925	1.277587430296491e-05	0.0714618031339795	-0.5168724421396647	0.0118588355333528	0.0001406319802071	0.2671571214434209	0.0043272556826755	-0.0007610138673156	5.791421062466457e-07	1.8725141743247406e-05	0.000373986513102	-9.789820838000283e-07	1.3986591198219244e-07	9.584059204014457e-13	0.0013791982184265	1.8142920196900086e-05	1.902187725710832e-06	3.2916555327108505e-10	0.0	0.0	0.0	0.0	0.0	0.0	0.0	0.0	0.0	0.0	0.0	0.0	0.0
60.45893220245976	-0.2557554058185474	3655.2824830616255	0.0654108276054098	63.68476679250057	-0.2474341727342235	0.0612236698366695	4055.749521415183	59.20260989899331	-0.033015178923911	0.0010900020393778	3504.9490188523805	63.53492685090948	52.378237305978026	1.095728	36.082542	0.1357210435742792	0.0590062521278261	-0.0057498873	-0.1122495568	0.0146470729	0.062060105	-0.0917065767	-0.0038654171	-0.0250737945	-0.0340707472	-0.0462931729	-0.0288164827	-0.0378095432	-0.1198749287	-0.068194628	-0.1775422578	-0.0077072123	-0.0327272522	-0.0385713289	-0.0502980937	0.037124822	0.1306488667	-0.063709759	0.0372533718	0.0042731348	-0.1146086402	0.0104153711	-0.0715616792	0.0519657163	0.0422220629	0.0792128703	0.0793545021	-0.0098008789	0.0144472338	0.0286595625	-0.0663882646	-0.1324771007	-0.0153163862	-0.1843379769	0.1571057087	0.0391556053	-0.1177713873	0.0356602065	0.1659520752	0.0450552564	0.0376388719	0.0218756152	0.0491560459	0.0253841361	0.0895631017	-0.0050631204	-0.0567357029	-0.0360225225	-0.0465770619	-0.0446433647	-0.0275660978	-0.0339966632	-0.043652978	-0.1184580661	0.0675086596	0.0131779625	0.0723554329	0.0057081126	-0.0984282911	0.0674490249	-0.1494766345	0.0371310101	0.1716973902	0.0354975173	-0.0676154628	-0.0750939636	0.0530214231	-0.0387097179	-0.131587942	0.0499599543	0.1405249647	-0.011306699	-0.0386602338	-0.0139288632	-0.0046348358	-0.0232777281	0.0506134683	-0.0879209729	0.121409865	-0.0173450879	-0.1104606663	0.2115428734	0.0486123855	0.1968801211	-0.011130678	0.0821856306	0.0625795358	0.0288166424	0.172504627	0.0978057695	0.0412433668	0.0752930619	-0.0647891078	-0.0980961225	-0.1349184076	-0.1125192896	-0.1090372962	0.0563114934	0.0778291974	0.1012713477	0.0819311025	0.0389770078	-0.0109715005	-0.0343069595	0.0280888649	-0.1784090843	-0.0285286366	0.0435504614	-0.0624641037	-0.0673735049	0.0058595699	0.0123581027	-0.0185070573	-0.0024362176	0.0063963463	0.0498212415	0.10286267	0.0018195921	-0.0331715594	0.0681138127	-0.0557771609	0.0268905472	0.0601719813	0.153798964	-0.0581669865	-0.0349983995	0.1003236652	-0.213034465	0.0618264007	-0.0244561482	0.0211104657	-0.042854259	-0.0244490829	0.0364338498	-0.028476315	-0.060808626	0.0680556987	-0.0186113467	-0.0919540145	-0.0994642612	0.0	0.0	-0.0056140535334918	-0.0129698354429023	3.151759707691177e-05	0.0001682166314159	0.2481626103489844	-0.0191607951619801	0.0003671360712393	0.0615846811752218	-0.5033390060328529	0.0135334361068117	0.0001831538928571	0.2533501549941403	0.0035961327862026	-0.0007311228964728	5.345406897469224e-07	1.2932171016001276e-05	-0.0002608037161839	-0.0006347902292859	6.801857837533226e-08	4.029586351968456e-07	0.0009439718069336	-0.0004352264114929	8.910827722854857e-07	1.8942202926098722e-07	0.0	0.0	0.0	0.0	0.0	0.0	0.0	0.0	0.0	0.0	0.0	0.0	0.0
60.29848839975765	-0.1604438027021117	3635.907703295708	0.0257422138255141	63.504498631844505	-0.1802681606560625	0.0324966097463199	4032.821346481941	59.17701728333818	-0.0255926156551282	0.0006549819760711	3501.919374552506	63.49176540824953	52.13068059934388	0.951655	31.338186	0.1486310222031753	0.0804592769496023	0.0054980951	-0.105757792	0.0344743038	-0.0420002622	-0.1569804509	-3.68192e-05	-0.0600891594	-0.0314662629	-0.0518499526	-0.0909613884	0.0551929845	-0.0566512031	-0.0356292972	-0.1780341604	0.0873991924	0.0506258538	-0.0485973078	-0.1626773221	-0.0482261112	-0.1385413971	-0.0528011427	-0.0383249173	0.0887004998	-0.0564560652	0.0548100497	-0.0569220457	-0.043678899	-0.0866872772	-0.1105825226	0.1546156499	0.0059776892	0.0070291509	0.0503621577	-0.0798807114	-0.1148381209	-0.0612156882	-0.2203019696	0.0498449961	-0.0991896174	-0.0698380691	-0.0065161689	-0.0394040622	-0.0789526741	0.0780812299	0.0935923497	-0.1829796887	0.0434179423	0.0871268934	-0.0759450298	0.06001087	0.0733691498	0.0245165261	-0.0998598251	0.0093452711	0.0264679037	-0.065257066	0.023790127	-0.1278053146	-0.1597449569	0.0748746642	0.0206679184	0.0069337112	0.0309245304	-0.1046273507	0.1110557214	-0.0091207693	-0.1231238069	-0.0103913937	-0.0018225905	0.0374134024	-0.15659297	0.0269685531	-0.1271441697	-0.0134810487	-0.0104528323	-0.0486165251	-0.0070219617	-0.0016937639	-0.0389588909	0.060910257	-0.0569071026	0.1314421685	0.1056215093	-0.0625748214	0.1859190062	0.010639255	0.0526920092	0.0665560156	0.0156474259	-0.0756350298	0.0109229034	0.0183531586	0.0242590653	0.0263955858	-0.0534155181	-0.0673163877	-0.0360071198	0.0215842027	-0.1358798782	0.072722887	-0.0758920118	-0.0336068291	0.1124873215	-0.0467036452	0.0245151473	0.1704537452	-0.0075050393	-0.0469458102	-0.12798227	-0.080494962	0.0968743222	-0.0080566748	-0.0126630532	0.0581871817	-0.0353034796	-0.0243336446	0.0004047454	-0.0015035969	0.0379735142	-0.010218388	-0.0114413352	-0.0657844735	0.0837696943	0.012958772	-0.0698786342	-0.0347067951	0.1299550267	-0.0944114729	0.0255327203	0.0899997898	-0.1093570405	-0.0103416178	-0.020244901	-0.0055538202	0.0272653956	-0.1403380825	0.1231449557	-0.0831852442	-0.045379369	0.0666108546	-0.0222825273	-0.0946157819	-0.0966316368	0.0	0.0	-0.0160772692688198	-0.010463215735328	0.0002584785871421	0.000109478883524	0.2584428546563373	0.0102802443073529	0.0001056834230188	0.0667927091229167	-0.4710372246634335	0.0323017813694193	0.0010434050796377	0.2218760670186299	0.0044811738303144	0.0008850410441118	7.832976497625054e-07	2.0080918897494632e-05	0.0006688362771893	0.0009296399933732	4.473419656844421e-07	8.642305172789234e-07	0.0010410063852701	9.703457833650008e-05	1.08369429417312e-06	9.415709392942367e-09	0.0	0.0	0.0	0.0	0.0	0.0	0.0	0.0	0.0	0.0	0.0	0.0	0.0
60.22067020339108	-0.0778181963665716	3626.5291197455945	0.0060556716857462	63.3679262396787	-0.136572392165803	0.0186520183018899	4015.494075917361	59.032380845090174	-0.1446364382480069	0.0209196992690695	3484.8219882397693	63.464057229602645	51.996957997219006	0.943944	31.084263	0.0663140527940968	0.0341159932011586	0.0279843105	-0.0612360996	0.0121819956	-0.1091407913	-0.154356618	0.0339002366	-0.0744255978	0.03772118	-0.0460042635	-0.0270773266	0.0837879985	0.0351038665	-0.0462887994	-0.1093561083	0.0064197877	0.0444528662	-0.1061815624	-0.0165346204	-0.0437889802	0.0480495206	0.0327351219	-0.066139617	0.0484845261	-0.0512411998	0.2393923678	0.1229447827	-0.0294097654	-0.0216753397	-0.2124104116	-0.0144525243	-0.0016281395	-0.0306174084	0.0111399856	-0.0495928735	-0.042234255	-0.051877246	-0.0485824136	0.0887142601	0.0748653088	0.1028196383	-0.0268067528	-0.0433787564	-0.0137095972	0.1054566342	0.1039302733	-0.0031173423	-0.0146982603	0.0062303988	0.1586835364	0.0521767441	-0.0881689318	-0.0667323835	-0.0500165249	0.0346081407	-0.0007123659	-0.0315165762	-0.0951265805	-0.068314003	-0.1378337847	-0.0053959386	0.0289761412	-0.0636425231	-0.0556655918	-0.1616398772	0.0165813862	-0.157340029	0.1005814472	-0.097253016	-0.1836948091	0.0393554232	0.0531406113	-0.0366786531	-0.0034576135	-0.0527260493	-0.0088719226	-0.0553047466	-0.0043948404	-0.0185898991	-0.0398042709	0.0365075495	-0.042714906	0.0883054666	0.0655493757	0.0194005776	0.1378690879	0.0449393079	-0.060428633	0.069354752	-0.1063441314	0.0090790016	0.0949776391	-0.030764837	0.039779721	0.0362885368	0.0192682757	-0.07019164	0.0055223873	0.0155747543	0.0588537422	0.0239277482	-0.1631889612	0.1068706287	0.0114864305	0.0088797455	0.0816524608	0.1789231839	0.0911324711	0.0484914038	0.0457282482	-0.0471811433	0.0632216761	-0.0018709162	-0.0628126417	0.0150016395	-0.1145667701	-0.0202059206	-0.0001173968	0.0091400275	-0.0102673645	0.0117430816	0.0274658796	-0.1457509573	-0.0074527355	0.0043948402	0.0072556157	-0.0470705958	0.2341548977	-0.0129438475	0.076478701	0.0709828899	-0.0173286978	-0.0586077311	-0.0011757194	-0.0904827283	0.0460849167	-0.0423857288	0.0413344606	-0.1142036936	-0.1935762917	0.0651452616	-0.0259259465	-0.0970123549	-0.0933175984	0.0	0.0	0.008644818591307	0.0247220878601268	7.473288847660715e-05	0.0006111816281638	0.2582786727046482	-0.0001641819516891	2.6955713260442585e-08	0.0667078727740747	-0.4569699360753176	0.0140672885881159	0.0001978886082213	0.2088215224766798	0.0041502437151574	-0.000330930115157	1.0951474111782552e-07	1.72245228952035e-05	0.0006128302595809	-5.600601760839992e-05	3.755609270579933e-07	3.1366740083524014e-09	0.0008807326301522	-0.0001602737551179	7.75689965814812e-07	2.5687676579592585e-08	0.0	0.0	0.0	0.0	0.0	0.0	0.0	0.0	0.0	0.0	0.0	0.0	0.0
60.2378675124613	0.0171973090702195	3628.60068244884	0.0002957474392566	63.30167969895333	-0.0662465407253733	0.0043886041580785	4007.10265270888	59.00808916132501	-0.0242916837651634	0.0005900859001467	3481.954586470882	63.50273355493332	51.605849980077615	0.984131	32.407623	0.0689693781698281	0.033440406677039	0.0269897324	0.0437780642	-0.0221217703	-0.1080785235	-0.1202565219	0.0247502689	-0.0746282915	-0.0030303791	-0.0562330497	-0.083886441	0.0418350868	0.0634206747	0.0648829954	-0.0310687422	-0.0282777155	0.0530580635	0.0794647538	0.073179775	0.0697866816	-0.0799910036	0.0577321332	0.0331916383	0.0319822906	-0.0220089919	-0.1526259615	0.0192196467	-0.0808812588	-0.0511952454	-0.0047825999	-0.1166707462	0.0065410449	-0.0377451995	0.0058536649	-0.0066896805	-0.0513269294	-0.0654067044	-0.047304681	0.054481238	0.0876803115	-0.0121971104	0.1034510633	0.048784053	0.0681114555	-0.1028252996	0.0742723143	0.0722390086	0.0579635568	0.0699357442	0.0164362963	0.0184193618	-0.0147259909	0.0588261596	-0.0056589228	-0.077655331	0.0440226921	-0.0583513534	0.0027361788	-0.0853320739	0.0309258302	-0.1883771737	-0.0065553826	-0.0436982197	-0.0118259101	-0.0605535266	0.0644628307	-0.0280359769	0.1535961413	-0.0727745668	0.111578962	-0.0900633325	-0.1351565048	-0.0957982306	0.0289571617	0.0616918764	-0.0101883247	-0.0491236215	0.0016337813	-0.0098072811	-0.0107890931	0.0123596035	-0.0195403607	0.0466018453	-0.042958362	0.1146200838	0.1131510863	0.0268283747	-0.1331330936	0.1368075255	-0.0478868542	-0.0502030572	0.0681000037	0.0160435172	-0.0236353502	-0.0241841466	0.0118613801	-0.1027819121	-0.0403943851	-0.0960905541	0.0455286852	-0.0329813476	0.0510875775	0.0210569159	-0.0387172767	-0.0001391752	0.0545541511	0.0701634432	0.0519301113	-0.0511127243	0.0754920561	0.0151432881	0.0714228779	-0.1661611781	-0.0749737956	0.0055954226	0.1009951354	-0.0235119829	-0.0122891875	0.0107906994	-0.0034875704	-0.0148758042	0.0098779026	-0.0084967954	-0.0870889623	0.0667934502	0.0951258462	-0.1031078831	0.1367706677	-0.0631557051	0.1002826832	-0.0081076302	-0.0764473409	-0.0111128758	0.0041756208	-0.0176950688	0.0014745146	-0.1232894385	0.0686263973	-0.0522963158	0.0619743686	0.0636593764	-0.0295370653	-0.0991370163	-0.0895386565	0.0	0.0	-0.0051802321589491	-0.0138250507502561	2.6834805220610456e-05	0.0001911320282471	0.2646683225134154	0.0063896498087671	4.082762467867823e-05	0.0700493209420652	-0.4552704106990077	0.0016995253763099	2.8883865047213315e-06	0.2072711468580431	0.0046172917204476	0.0004670480052902	2.181338392455547e-07	2.131938283171396e-05	0.0003971323436458	-0.0002156979159351	1.5771409836960578e-07	4.65255909387455e-08	0.0011390897536168	0.0002583571234646	1.2975254667947824e-06	6.67484032449026e-08	0.0	0.0	0.0	0.0	0.0	0.0	0.0	0.0	0.0	0.0	0.0	0.0	0.0
60.382098142898	0.1442306304367022	3645.997776138566	0.0208024747561685	63.4923586995492	0.1906790005958711	0.0363584812682402	4031.279613232221	59.02217362748816	0.0140844661631476	0.0001983721871008	3483.6169797133584	63.64243833704366	51.26347128705147	1.016339	33.468254	0.06108608753555	0.0298242542986591	0.0018180623	0.0796564771	-0.0381762869	0.067085501	-0.1137107401	-0.0012060412	-0.0538322753	-0.0089876747	-0.0635917991	0.0126766234	0.0150486437	0.0281068345	0.1326660545	0.0546857529	0.020960095	0.0290607079	-0.0276733852	-0.0779500782	-0.0624447704	-0.0719165552	0.1074634053	-0.0353761005	-0.017166952	-0.0458909311	-0.0507388018	-0.0684951336	-0.029432457	-0.0376970529	-0.0381997596	0.0099977921	0.0185895938	-0.0298010051	0.0051076235	0.0051760199	-0.0261470181	0.043528111	-0.0096834044	-0.0093292835	0.0058572331	0.1056403243	0.0134546955	0.0686776036	0.1730136035	0.0020971738	0.0463938834	0.0226189666	-0.0607460666	0.0790372964	-0.0779902498	0.021259784	-0.0962871088	-0.0142675181	-0.0743702872	-0.0650656427	-0.098406056	0.025402243	0.0309001625	0.1040530658	-0.0833627496	0.0129309247	0.023364223	0.0203741579	-0.0045010072	0.0279953985	0.0536015237	-0.0616957334	-0.0516219773	0.0434676938	-0.0519560888	-0.0232844914	-0.0975552558	-0.0123129297	-0.0313759617	-0.0200532961	-0.0004822575	-0.0227706585	0.0027874205	0.0046129384	-0.009747877	-0.0236049018	0.0892811064	0.0568876998	-0.0414953824	-0.0388263818	-0.0157978463	0.0102417427	-0.1096690414	0.1028248997	-0.0748709964	-0.1823758971	0.1259341507	-0.006585435	-0.1023927659	0.0336602207	-0.0591939073	0.093799612	-0.0512447233	0.0296869248	-0.0180587044	0.0543915349	-0.0798138872	-0.0349936427	0.0498975268	0.0401865952	0.0228094371	-0.0155847974	0.0051443337	0.0437675504	-0.0234402717	-0.0182813082	-0.05798677	0.1311401392	-0.04851902	-0.0270788812	-0.0049953217	-0.0342579424	0.0078442076	0.0025890855	-0.0099483609	-0.0541824181	0.0634785275	0.1016027511	0.0535592318	-0.000895644	-0.0533035098	-0.1056149221	0.0597109074	-0.0840468396	0.0610120288	-0.0505145934	0.0644180516	-0.0361607845	0.0412996734	-0.0847573668	-0.0451748591	0.0192650426	-0.0377949153	-0.0530246207	0.0942616321	0.0621536617	-0.0331113845	-0.1009838109	-0.0853136375	0.0	0.0	-0.0034570847467421	0.001723147412207	1.195143494615689e-05	2.969237004195682e-06	0.2810038505018895	0.016335527988474	0.0002668494746622	0.0789631639968882	-0.4442815256426087	0.010988885056399	0.0001207555947827	0.1973860740273239	0.0048752144261032	0.0002579227056555	6.652412209270516e-08	2.3767715700484752e-05	0.0006188880066124	0.0002217556629666	3.830223647286701e-07	4.917557405775631e-08	0.0009779975806696	-0.0001610921729472	9.564792677955909e-07	2.59506881848506e-08	0.0	0.0	0.0	0.0	0.0	0.0	0.0	0.0	0.0	0.0	0.0	0.0	0.0
60.48428616461384	0.1021880217158397	3658.3488728428974	0.0104423917821969	63.70373800245382	0.2113793029046178	0.0446812096964421	4058.166235485279	59.082246674882605	0.0600730473944466	0.0036087710232554	3490.7118721516767	63.731133287941134	50.961442345257744	0.97624	32.147766	0.0747576340924964	0.0445524593691714	0.0134516733	-0.0868613408	0.0056701303	0.0402689019	-0.0419873027	-0.0064946715	-0.0276539746	-0.0107171027	0.0851957311	0.0198358939	0.1125478821	-0.0586495309	0.0562056097	0.0424673543	0.0057082481	-0.0600604946	-0.0093243139	0.1031320809	0.0618479716	-0.0118617722	-0.1203939337	0.0865855978	-0.0313675893	-0.0414869449	0.028158436	0.0591800746	0.0358943103	-0.1036297608	-0.0191928869	0.0746503362	0.0119041623	-0.0221971764	0.0535430792	0.0078789219	0.0263199939	0.0746561856	0.025982843	0.0268920438	-0.112604577	-0.0063655311	0.0957621387	-0.0727671559	0.0619907778	0.0618869833	0.0857839564	-0.0274022624	0.0460534554	0.0456554231	-0.0129825556	0.0007634254	-0.0220000247	-0.0303706919	-0.092886294	-0.0085971012	-0.0052374005	-0.057295243	-0.0249520075	-0.0203558719	0.0009547895	-0.0360036435	-0.0429618949	-0.0958759184	0.0481986922	-0.0252341524	0.034067658	0.0194064004	0.0785395263	0.0113633065	-0.1604099311	-0.0300359982	0.0945914429	0.009672385	0.1315983597	0.0771390809	0.0052741412	-0.0118395311	-0.0024511446	0.000334862	0.0110542531	0.0128439888	-0.0535379481	-0.0022960145	0.0497630181	-0.0904491521	-0.023534485	0.0189506479	-0.107191528	0.0487802276	-0.0814017177	-0.0663895986	0.0768728372	0.1237052156	0.0289973954	-0.0754796279	0.0029562773	-0.0037254303	0.0342868795	0.0336766456	0.0329659915	-0.0104412405	0.0026175479	0.0323516767	-0.0480163411	0.0340092033	0.0395924286	-0.0119981531	-0.0530391265	0.0118839574	0.0477279389	-0.0352712905	0.0213692749	0.059794459	0.0331763063	0.0873926918	-0.0069220717	-0.015221895	-0.0073690285	0.0068825956	-0.0168351871	0.0326355694	-0.0193575782	-0.0847866049	0.0698857103	-0.0769580238	0.0035707888	-0.0382525347	0.0744287424	0.0235592376	0.0699969822	-0.1010832173	-0.0604536481	0.0985373036	-0.0259622851	-0.0595860225	-0.0543236072	-0.0572272812	0.0159307745	-0.0425636861	0.0367707862	0.0606285865	-0.0366444511	-0.1025475623	-0.0806635902	0.0	0.0	0.0234101848286343	0.0268672695753764	0.0005480367537108	0.0007218501744359	0.2811694981846386	0.0001656476827491	2.743915480015509e-08	0.0790562867094014	-0.4787251937624646	-0.0344436681198558	0.0011863662735507	0.2291778111429092	0.0050877386318952	0.000212524205792	4.5166538047520436e-08	2.588508438647884e-05	0.0006188566574223	-3.1349190100066725e-08	3.82983562435902e-07	9.827717199301216e-16	0.0009249321613614	-5.306541930820007e-05	8.554995031206709e-07	2.8159387263550924e-09	0.0	0.0	0.0	0.0	0.0	0.0	0.0	0.0	0.0	0.0	0.0	0.0	0.0
60.470439664441386	-0.0138465001724554	3656.674073210846	0.0001917255670258	63.57434404848851	-0.1293939539653053	0.0167427953227755	4041.6972211955863	59.11570899476396	0.0334623198813588	0.0011197268518423	3494.667049953617	63.67427656121429	51.26500962565252	0.907211	29.874651	0.153833580210021	0.0642814949431719	0.0213648425	-0.0918801951	0.0484247813	-0.0594784932	-0.0786707046	0.0158457665	-0.0445627705	0.00076284	0.0129694201	-0.0263496612	0.1276744528	0.0035735647	-0.0007008488	0.016447037	-0.0878462614	0.0851888923	0.1123129421	0.0960159472	0.0015435426	-0.0044796063	0.0294275462	-0.0024678125	-0.0177841174	0.0409349799	-0.0053020862	0.1135924809	-0.1108520554	-0.0975110736	0.003190639	0.1593610116	-0.0063668009	-0.0237397536	0.0026449951	-0.0191959954	0.0275373305	-0.0106308738	0.028850918	0.0905465247	0.006187322	0.106666654	0.0083708695	0.0237470081	-0.2082803837	-0.035548629	0.0191014652	0.004182183	-0.0123166908	0.1000254003	0.0587336819	-0.0642357894	-0.1522861425	0.0335552774	0.2012612528	-0.051501596	0.0442346343	-0.1798843819	-0.0486119726	0.0411251928	0.1027697599	-0.1215962437	-0.0741855438	0.0842947939	-0.0687837978	0.0371232133	-0.0298975722	0.0223983788	0.0426862468	0.0787455427	-0.0328328171	-0.0512343863	0.1386308907	0.1189802553	0.0202709373	0.0031006637	-0.0060132885	-0.0252049407	0.005727614	0.0053913911	0.0256218335	0.0321588555	-0.0999805104	0.0077535143	0.0625311473	0.0357227284	0.0125850047	-0.0134922168	-0.0659976764	0.0453923472	-0.0316778531	-0.0131419071	0.0423636036	-0.0310001867	-0.0895155596	-0.0326664086	-0.0211986853	0.0692617113	-0.010249787	0.0447108448	0.0306315383	-0.137158107	-0.0001902042	0.009067438	-0.0447380788	-0.0637309819	0.0291363728	-0.1460165078	0.0523704429	-0.0453498666	-0.0474270162	-0.0054955415	0.0519639636	-0.065238954	0.0251658458	0.0641054377	0.0917452321	-0.0315573263	-0.0085426348	0.0026953239	0.0630388872	-0.0268157244	-0.0906967969	-0.0784021762	0.0374293935	0.0389755555	0.0716750468	-0.0860713328	0.0513963799	-0.0591861345	0.0058435074	0.025245091	-0.0242614957	-0.0772788047	0.0317015539	-0.1061006469	0.0439981462	0.0736902017	0.0552888256	-0.0943348574	-0.0297195227	0.059084626	-0.0401318633	-0.1038238878	-0.0756116809	0.0	0.0	-0.0108573877939761	-0.0342675726226104	0.0001178828697087	0.0011742665334458	0.2679627954442054	-0.0132067027404331	0.0001744169972741	0.071804059742273	-0.4447796778829271	0.0339455158795374	0.0011522980483279	0.1978289618576404	0.0045909289195866	-0.0004968097123086	2.46819890244154e-07	2.1076628344696582e-05	0.0001261766570566	-0.0004926800003657	1.5920548785978848e-08	2.4273358276034614e-07	0.0013837182280359	0.0004587860666745	1.914676134598811e-06	2.1048465497465877e-07	0.0	0.0	0.0	0.0	0.0	0.0	0.0	0.0	0.0	0.0	0.0	0.0	0.0
60.55649462343604	0.0860549589946515	3667.0890410782376	0.0074054559675711	63.65154982190444	0.0772057734159261	0.0059607314487513	4051.519794730383	59.14035766926217	0.0246486744982092	0.0006075571545186	3497.581905248257	63.75005950135907	51.79736394879468	1.0066	33.147549	0.0809793784363157	0.0392311237978931	0.0126056202	0.0948772255	-0.0073427173	-0.0597387888	-0.0569271519	0.0101750487	-0.0302629064	-0.0074900457	-0.0032920727	-0.0336449718	-0.0366652345	0.1015581377	0.0627518777	0.0074558052	0.0321476177	-0.0318774279	0.0028819786	-0.056639547	0.0590070259	0.0637183431	-0.0061179788	-0.0540072372	0.1072714124	-0.0583579796	-0.0069383642	-0.0273707018	-0.0945387306	0.0491900701	-0.1025694563	-0.0532171525	0.0157941508	-0.005134297	-0.0107472182	-0.0161005914	0.0138465875	0.019204477	0.0383178931	-0.1047258195	0.0041971161	-0.0300630341	0.0321937415	-0.0253953528	-0.0401700245	-0.0397203786	0.0484011289	-0.0027141826	0.0125850151	-0.1448293074	0.0066235998	-0.0329094315	-0.0150793932	-0.0255242413	0.0180261846	-0.0023115663	-0.1187575637	0.133771047	0.0080262882	0.1041528431	0.0897958651	0.084646086	0.000740051	0.094601943	-0.0159163316	-0.0573130688	-0.0425046929	0.0748190494	-0.11046679	0.1194533078	-0.0367133357	0.1522977113	-0.0455488748	-0.1081724521	-0.0371862388	-0.0480842435	0.0009152391	-0.0089207595	0.0097488774	0.0146553909	0.010270253	-0.0320468905	0.1065318048	0.0137419227	0.0365455646	0.0492324753	0.0304688413	0.009884152	-0.0565710115	0.0329101529	0.058957965	-0.077440064	0.0371951113	0.0209626454	-0.0109704056	-0.1564451324	-0.0299484839	0.0033791867	0.0999203221	0.0545130558	0.0332672855	-0.0179396182	-0.0624683274	0.0443137861	0.0226165797	0.0288695883	-0.0632316759	-0.0664965884	0.0224879514	0.0309758208	0.0260459143	0.0423368915	0.1119406456	0.0643855172	0.0121040364	-0.0591874749	-0.070746623	-0.0317102756	0.0046593454	0.0119162591	0.0038782242	-0.0732331003	0.0228543836	0.0576402793	-0.0633405328	0.0975403272	-0.0719093357	-0.0662173594	0.0722063674	-0.0611887421	0.1229600054	-0.1263675018	-0.0354341465	0.0191580483	-0.0242405681	-0.013393007	-0.0461412454	0.0289751334	-0.0438486165	-0.0044831755	0.0133467756	0.057522261	-0.0435692762	-0.1048092098	-0.0701830781	0.0	0.0	-0.0065411126264933	0.0043162751674828	4.278615439247008e-05	1.8630231321428676e-05	0.2812771832705465	0.013314387826341	0.0001772729231902	0.0791168538286126	-0.4488846478949639	-0.0041049700120368	1.685077879972142e-05	0.2014974271157857	0.004928203334038	0.0003372744144514	1.137540306435351e-07	2.4287188101623263e-05	0.0006190393837528	0.0004928627266962	3.832097586370464e-07	2.429136673664131e-07	0.0010289804605744	-0.0003547377674614	1.0588007882439049e-06	1.258388836635692e-07	0.0	0.0	0.0	0.0	0.0	0.0	0.0	0.0	0.0	0.0	0.0	0.0	0.0
60.55671188689541	0.0002172634593691	3667.1153545524594	4.720341077703786e-08	63.68841997936332	0.0368701574588783	0.0013594085110424	4056.2148394677647	59.24374202322453	0.1033843539623546	0.0106883246442134	3509.82096891438	63.75267826616192	51.34382264187919	0.9521170000000002	31.353394	0.0405643543233394	0.0269527722187918	0.0125270553	0.0553754639	-0.0398892688	0.089696537	-0.0705429043	-0.010183425	-0.0378860808	-0.0165953039	-0.0164478026	0.0623370521	-0.0223103461	-0.0412956733	0.1146304124	0.0806146097	0.0162906731	0.0348102288	-0.0537358419	-0.0087199215	-0.0288083176	-0.0689580333	-0.0789169706	-0.0057100796	0.0325601196	0.0417199041	0.0254587649	0.017383887	0.1284310538	-0.0191911207	0.0452975109	-0.0421174843	0.0171089639	0.0149296239	0.0044449144	-0.0106181414	0.071046304	0.040949998	-0.0314596684	-0.0268298809	-0.0651904648	0.0972394944	-0.0026085859	-0.0416675398	0.0389034449	-0.0513503127	-0.0871540837	-0.0076301524	-0.0487173009	0.1059999093	-0.1141066004	0.023151966	0.0093227282	0.001470902	0.0839766597	-0.0518952856	0.0348260494	-0.0895531865	0.005358261	0.1359944107	-0.0591380197	0.0063775439	-0.0291525367	-0.0476277255	-0.0907702594	-0.0607240822	-0.0032461935	-0.0219053458	0.0889654266	-0.0262217701	-0.0861595033	0.1741184395	0.0958304964	0.0765821751	-0.0028895852	-0.0452529479	0.0033546052	-0.0103552351	-0.0042487995	0.0016213061	0.0089164786	-0.0211512731	0.0413407798	0.0183206334	-0.0527035372	-0.0554075601	0.0027720549	-0.0121227531	-0.0311418068	0.0492281668	-0.0103748535	0.0370418101	0.0019665195	-0.0326731211	0.0041924411	-0.0804393481	-0.0469937405	0.1097136301	0.1391247576	0.0105980921	0.0617625045	-0.0992058225	-0.0133117406	-0.0561503336	0.0237214119	0.0434499889	0.0342401204	-0.1233561687	-0.0479404379	0.0125432984	-0.0509051941	-0.0286482984	-0.0237450625	-0.1128945907	-0.0369771778	0.0061561223	0.0181360001	-0.0127195016	0.00152023	0.0133757462	-0.0704239369	0.0046578706	0.0607843105	0.0523424709	0.0150377267	-0.1149491442	0.0017671075	-0.066043733	0.0735480134	0.0660429827	-0.0144874777	-0.0419259167	-0.0395182536	-0.0627695938	-0.0238604654	-0.0037559565	0.0265882577	0.0560264588	-0.1410782368	0.0470055555	0.1193755068	0.0559419782	-0.0469524072	-0.1055007667	-0.0644048267	0.0	0.0	0.0052614424820092	0.0118025551085025	2.768277699149113e-05	0.0001393003070892	0.2775807389949705	-0.003696444275576	1.3663700282438782e-05	0.0770510666609939	-0.4728732683265448	-0.0239886204315808	0.0005754539102104	0.2236091278978284	0.0049191989010439	-9.0044329941006e-06	8.10798135452475e-11	2.419851782803151e-05	0.000619564274612	5.248908592000046e-07	3.838598903754938e-07	2.755104140717191e-13	0.0010409858268747	1.2005366300299816e-05	1.083651491754003e-06	1.4412882000437448e-10	0.0	0.0	0.0	0.0	0.0	0.0	0.0	0.0	0.0	0.0	0.0	0.0	0.0
60.57133553721047	0.014623650315066	3668.886688761336	0.0002138511485373	63.74017831372869	0.051758334365374	0.0026789251762778	4062.810331465929	59.1516137532985	-0.0921282699260288	0.0084876181195632	3498.913409619412	63.7312407687713	51.72290831216432	0.959795	31.606241	0.0262200647096859	0.021114344342287	0.0075328341	-0.0943228535	0.0091382635	0.0565873151	-0.027614747	-0.0071910237	-0.0400109222	-0.0354857591	0.0401572675	0.0098670644	0.0454228284	-0.0854885183	-0.0102127277	0.0314809852	-0.0633320464	-0.0622486006	0.0474463432	0.0757254277	0.1198771653	0.1120996192	0.0027181075	-0.1031619901	-0.1143352558	-0.0283518157	-0.0847134437	-0.0403736173	-0.0313086362	0.0098088089	-0.045479501	0.0303520257	-0.0044307656	-0.01122048	0.0275466529	0.0058941571	0.0054091665	-0.0344130318	-0.0571291402	0.0744083656	-0.1083467855	-0.0575012678	-0.0691195589	0.0526664122	-0.0792500578	-0.0120165349	-0.0387099117	-0.1363525857	-0.0253808577	0.0765036941	0.0310811537	0.0123407052	0.0746872735	0.0193554405	-0.0271216715	0.0252867847	-0.1202463483	0.0510856983	-0.0731907459	0.1894988916	-0.0138131415	-0.0524968691	-0.0019740449	-0.0154953082	0.1564861435	-0.0019039353	0.0644846822	-0.0427952708	-0.025639039	0.024007532	-0.0818414522	-0.0414721192	-0.0194113141	0.0892530774	-0.0642933832	-0.0237197916	-0.0031897949	-0.0145289796	-0.007518797	0.0017262029	0.0187514047	0.0261475858	-0.0828846908	-0.0031878216	-0.001432439	-0.0772745357	0.0147963273	0.0082054252	-0.0177135843	0.0513051885	-0.0002381899	0.0289780191	-0.0416730546	0.0122280936	0.1228534613	-0.1416973785	-0.075961777	-0.0287173177	-0.0353989214	0.0470943871	-0.0558252084	-0.0637847354	0.0495463823	-0.0028274073	-0.0113514139	0.0302188096	-0.1173921701	-0.0630020162	-0.1227972522	-0.045061535	-0.0740661551	0.0330619311	0.1313764527	-0.0380676676	-0.0100325088	-0.089835258	-0.1059765653	-0.0160709661	-0.0154950801	-0.0010912537	0.0378680612	0.046147525	-0.0677385103	-0.0274836571	0.0562678725	-0.047391799	0.0412099264	-0.0042676285	0.0344444254	-0.0291020463	0.055171415	-0.0964153977	-0.0856551083	0.0885905303	0.0249655342	-0.038192782	0.0319204801	-0.0117036307	-0.0659681186	0.041503109	-0.0044998002	0.0543442699	-0.0502770413	-0.1058966202	-0.0583057138	0.0	0.0	0.0046838442875554	-0.0005775981944537	2.1938397310065357e-05	3.336196742362895e-07	0.2812433225789021	0.0036625835839316	1.3414518509285406e-05	0.0790978064952203	-0.4934021039565053	-0.0205288356299604	0.0004214330923219	0.243445636188706	0.0048902018866603	-2.899701438359957e-05	8.408268431626804e-10	2.391407449229596e-05	0.0006195493906466	-1.4883965400013662e-08	3.8384144745057334e-07	2.215324260288038e-16	0.0010409948745525	9.047677800109316e-09	1.0836703288445751e-06	8.186047357459095e-17	0.0	0.0	0.0	0.0	0.0	0.0	0.0	0.0	0.0	0.0	0.0	0.0	0.0
60.56841236730359	-0.0029231699068859	3668.532576695734	8.544922304523339e-06	63.67625527462717	-0.0639230391015246	0.004086154927975	4054.665485799484	59.24720620662608	0.0955924533275833	0.0091379171331862	3510.2314432904723	63.76085587178599	51.813389191045125	0.960821	31.640015	0.0823313524452404	0.0435217047343344	0.0122002959	-0.044165709	0.053322695	-0.0968350096	-0.0547753014	0.0157303518	-0.0267243269	-0.0354551829	0.0286931397	-0.0540272222	0.0583595346	0.0904509812	-0.0299503864	0.0516111178	0.0118310691	-0.0471429749	-0.0179179612	0.0733903513	0.0750420042	-0.0146509111	0.0191393688	-0.0389222932	0.024401796	-0.0427009116	-0.0033041312	-0.1968231426	-0.027578679	0.0408201579	0.1033778289	-0.0079564178	0.017346109	0.018012998	0.0254590544	-0.0014786345	0.010615524	-0.0181230947	0.0516681799	-0.0056148621	0.0962379508	0.019836931	-0.007569517	0.0889550794	-0.0956473928	-0.0124705988	-0.0789822236	0.1398335569	0.0208104713	0.0013740238	-0.0792783691	0.0078839164	0.1384278435	-0.009109334	0.0939082421	-0.1250631358	-0.0999516179	0.0244638597	0.0848447758	0.0002161749	-0.1526258272	0.0386783065	-0.1495349079	-0.0329346073	0.0022742507	-0.0629339456	-0.0912687035	-0.0213771676	-0.0721950724	-0.1261816024	0.010039942	0.1156713808	0.0134839395	-0.0858068235	0.1004407913	-0.0465284453	-0.0024943783	-0.0121774503	0.0078571645	0.0130592329	0.0151044459	0.0210779297	-0.050667245	0.0039658785	0.0776421335	0.0833015294	0.0788167051	-0.0051431019	0.0164279341	0.0609556504	-0.0160364974	-0.0322899795	-0.0968577443	-0.0551606417	-0.0786528675	-0.0327384287	-0.0123886126	0.0723995955	-0.0260944464	0.0151122999	0.064788253	-0.1519226026	0.0397509682	-0.0592188412	0.0356275999	-0.0152434857	-0.0702533049	-0.0923753039	-0.1255841559	-0.0612453805	-0.0932412338	0.046041056	-0.1393385983	0.0484634173	0.0285835183	-0.0265371948	0.1318711283	-0.0337073745	0.0021043578	0.0076804298	0.0530747179	-0.0466842839	-0.0650768873	-0.0390981751	-0.0319766585	0.0765092027	-0.0335780032	-0.0596447037	0.0381055711	-0.0500368481	0.0021752819	0.03809484	0.1029474548	-0.0222441925	0.003355981	0.0228550185	-0.0624449354	0.0696925757	0.0463184123	0.0529544842	0.0463021975	0.0527296337	-0.0535390365	-0.1059956606	-0.0519161246	0.0	0.0	-0.0069042497968609	-0.0115880940844163	4.766866525745377e-05	0.0001342839245092	0.2639429430275726	-0.0173003795513295	0.00029930313262	0.0696658771740564	-0.4575951614906657	0.0358069424658396	0.0012821371287519	0.2093933318196684	0.00463916095017	-0.0002510409364903	6.302155179392703e-08	2.152181432158221e-05	0.0006196533296585	1.0393901190002432e-07	3.839702489568657e-07	1.0803318194753394e-14	0.0011425687259234	0.0001015738513708	1.3054632934582215e-06	1.0317247282317681e-08	0.0	0.0	0.0	0.0	0.0	0.0	0.0	0.0	0.0	0.0	0.0	0.0	0.0
60.64205420155466	0.0736418342510702	3677.4587377842927	0.0054231197518621	63.80825024713327	0.1319949725061064	0.0174226727668878	4071.492799600783	59.228354988909786	-0.0188512177162962	0.0003553684093872	3507.998034692315	63.76569382155922	52.23988654047524	1.057525	34.824497	0.1681772130920373	0.0767249555458169	0.0139004647	0.1225484332	-0.0302043187	0.0226767778	-0.0635014016	-0.0060316706	-0.0048525319	0.0048379354	0.0110307162	-0.0155348627	-0.0332730765	0.0080232279	0.0892395173	-0.0114165461	-0.0642574376	-0.0796559691	0.0420472024	0.1438903343	0.1365322263	-0.0597252955	0.0336862907	-0.0214401325	0.0086672815	-0.0493379767	0.0691396285	-0.2001488278	-0.0533610119	-0.2060285292	0.0018548139	-0.1560352265	-0.0024261787	0.0116110414	-0.0002959561	0.0214080705	0.0173926346	-0.0413787514	-0.0991142621	-0.0649369468	0.0530452635	-0.0689245891	0.0501034527	0.0584611794	0.1185549144	-0.0681212221	-0.1027798642	-0.1301924533	-0.0755651615	0.0739485165	-0.0584204034	0.0754836492	-0.0417270886	-0.0082809517	0.0569525424	0.0348141451	0.0634530937	0.0214730236	0.1504315787	-0.0187676162	0.1224988195	0.0645367235	0.1006810073	-0.10869336	-0.136814267	0.0094440211	0.112069303	0.0128595535	-0.0781938115	-0.0276211159	0.083779998	0.1660120295	0.0355210477	-0.0687756473	-0.0094919248	0.0509279451	0.0001985381	-0.0090115165	0.0015828204	-0.0016110756	0.0015450405	-0.0406103943	0.1116875485	0.0048055701	-0.049292397	-0.0372557578	0.0970939047	0.0228549996	0.0206784299	0.0255917687	-0.0964644593	-0.0248395663	-0.0262668626	-0.0555442451	0.058737476	-0.0322537586	-0.0446620453	0.0249214437	0.0424186376	0.1889176349	0.0507590083	-0.1084831302	-0.0843748931	-0.0112864191	0.0864746437	0.0431040758	-0.0057311419	-0.0420586605	0.0490649371	-0.000761609	-0.038106172	0.0117312814	-0.0708360351	0.0072901713	0.0189818699	0.0473384506	-0.051289525	-0.0061582099	-0.0018153943	0.009322459	-0.0391052136	0.0263205054	0.0835412194	0.0661945428	-0.0716069112	-0.0469049942	-0.1091696373	0.0536259146	0.1556427045	-0.0281379453	-0.0568799141	-0.0889005878	0.0892439374	-0.063436919	0.1470851397	-0.0559536277	-0.0093965302	0.0340906949	-0.0351704823	0.082998199	0.0727725854	0.0510985726	-0.0567343287	-0.1057976105	-0.045267892	0.0	0.0	-0.0011902981726734	0.0057139516241874	1.4168097398696354e-06	3.2649243163554964e-05	0.2739898083442824	0.0100468653167097	0.0001009395026921	0.0750704150765366	-0.5064340923045307	-0.048838930813865	0.0023852411630414	0.256475489848314	0.0054736540159214	0.0008344930657514	6.963786767871711e-07	2.9960888286012472e-05	0.0012951004891676	0.0006754471595091	1.677285277042157e-06	4.562288652889117e-07	0.0005809596444384	-0.000561609081485	3.375141084659922e-07	3.1540476040642535e-07	0.0	0.0	0.0	0.0	0.0	0.0	0.0	0.0	0.0	0.0	0.0	0.0	0.0
60.62854765181002	-0.0135065497446404	3675.820790367798	0.0001824268860044	63.81313150327373	0.0048812561404574	2.3826661508753308e-05	4072.115752254106	59.22585007687832	-0.002504912031469	6.27458428539853e-06	3507.7013173288674	63.78017962360223	51.72016236583869	1.004119	33.065853	0.1080605135964586	0.0573135935915489	0.0044964945	-0.0750331275	0.0027716571	0.0877142281	0.0005393296	0.0018513297	-0.0022001345	0.0150724028	-0.0155540721	-0.0074636993	0.023684669	-0.0855904973	0.0071607315	0.0213155687	-0.1112944432	-0.0719440166	-0.030886878	-0.0010107623	0.0078914408	0.1030232981	-0.0234056108	-0.0711214332	-0.0344054541	-0.1626199712	0.0193126711	-0.1404005367	0.0546104936	0.1684069709	-0.0681243487	0.0593614735	-0.0128841676	-9.27674e-05	-0.0175800013	0.0495769752	0.0835001371	-0.0090779654	0.0510143939	0.0855609996	-0.023476548	-0.1184101248	-0.0962878955	0.0652915321	-0.0381800686	-0.1987667693	-0.0683328474	0.0289452153	-0.0162862281	-0.0042566901	-0.0109984381	0.0361490233	0.0919669628	-0.0973361908	0.16742785	0.1073751616	-0.0692189958	0.0884349619	-0.1050878887	-0.0454947483	0.0406423256	0.1004741645	-0.0451906832	-0.0611628224	0.0595528251	-0.0431601701	0.0524413053	0.0336103576	0.0180894222	-0.0361881239	0.033678301	0.0565830569	0.0964546812	0.0202811766	0.1431940669	-0.061005151	0.000896588	-0.0085070519	-0.0048413657	-0.0064006271	0.0102229056	0.0164030161	-0.0594150767	-0.002774951	-0.0218446938	-0.101348156	0.0133139334	0.0649880327	0.0564670097	0.0406181245	-0.1136021382	0.0602241429	-0.0870616044	0.0063395354	0.0948303246	-0.1229930413	0.0282270422	-0.0340075464	-0.0269024515	0.1710064896	0.0849640065	-0.0766848178	-0.0115582066	-0.0606929766	-0.0164087256	0.0064079566	0.0380772474	-0.1149264827	-0.0024888713	0.0030114281	0.0576890952	-0.0063664043	-0.1372865672	0.0659529001	-0.0086055122	-0.1044575182	0.0315090014	-0.017647974	-0.0110435118	-0.0045435154	0.0326462813	0.084630948	0.0210010279	-0.0382860353	0.0330016553	-0.0861710884	-0.0141881746	0.0880452616	0.0888137529	0.0113586733	0.0723147911	-0.0310597019	-0.0603762397	0.1359762733	-0.0296177014	0.0037980673	-0.0944883036	0.030760862	-0.0465459729	0.0779500696	0.0305803516	0.0494515946	-0.059858937	-0.105303025	-0.038394137	0.0	0.0	0.0133686172891458	0.0145589154618192	0.0001787199282236	0.0002119620194243	0.2688230970610021	-0.0051667112832802	2.6694905484775744e-05	0.0722658575134689	-0.4999385238376916	0.0064955684668391	4.219240970739485e-05	0.2499385276170101	0.0046902855886896	-0.0007833684272317	6.136660927836237e-07	2.199877890346935e-05	0.0006177788131798	-0.0006773216759878	3.816506620138422e-07	4.587646527629224e-07	0.0007570559089092	0.0001760962644708	5.73133649214335e-07	3.1009894360569945e-08	0.0	0.0	0.0	0.0	0.0	0.0	0.0	0.0	0.0	0.0	0.0	0.0	0.0
60.66068795508427	0.0321403032742537	3679.719063184106	0.001032999094561	63.79686828040615	-0.0162632228675789	0.0002644924180405	4070.0404023874926	59.2361113982505	0.0102613213721838	0.0001052947163032	3508.916893585943	63.7908932536219	52.06468152914435	0.953595	31.402069	0.067566395585881	0.0343726816866551	0.0133767522	-0.0543146677	0.0500343761	-0.0711189201	-0.016552759	0.01533142	-0.0171589224	-0.029697933	0.0531200731	-0.0457647258	0.0270824532	0.0147575103	-0.0749750781	-0.099845419	-0.0973339497	0.0471229957	-0.0629890252	0.0215157138	-0.0018516653	0.0323682888	0.1244657472	0.0568066697	0.0887467866	-0.0151788067	-0.0835253516	-0.0364795315	-0.095256723	0.0058684194	-0.0246269069	-0.0086069613	-0.0005182824	0.0118149316	0.000419758	-0.0016470485	0.0237813303	-0.0148265221	-0.0138534784	-0.0328674822	0.0515140661	0.0577671747	-0.0455576437	0.0765288199	-0.0659359826	0.0156999186	0.061682432	0.1441040099	-0.0651383594	-0.0499263887	-0.1019515789	-0.030161323	-0.0353918752	-0.1331422558	-0.0568451685	-0.0461509703	0.0652834016	-0.0035317283	0.0085419179	-0.0839546281	0.0148096886	-0.0742592475	-0.0385465227	-0.0218718536	0.0134973667	-0.1627437502	0.0617549611	-0.0083818522	-0.0652690645	-0.0093729359	0.0820645082	-0.0751965319	0.0545541773	-0.0088931754	0.0374709644	0.0425619158	0.000972989	-0.0096402492	0.0088355351	0.0042567723	0.0248273316	0.0257307445	-0.0752922122	-0.0300031559	0.048991735	0.0714806208	0.0568858449	0.0377743723	0.0295224903	0.054068969	-0.0958997948	0.0619030305	-0.0872257364	-0.1040781429	-0.0014135702	0.0154740988	-0.0147419927	0.0449028247	-0.0376627961	0.0712111495	0.0601844264	-0.0966670974	-0.028350993	-0.0112535086	-0.0028785185	-0.05098552	-0.0561524147	-0.0302859475	0.0463357696	-0.0184923793	0.0758170576	0.0610909234	-0.1906412472	-0.0944204759	-0.0442107705	0.0143176509	-0.0384458699	-0.0182053873	-0.0081130613	-0.0022519319	0.0503189548	0.0309752008	-0.0573900352	-0.0633514892	-0.0642186186	0.0499233228	0.0232726383	0.0136907568	0.1202286774	-0.0547943907	-0.0016219317	0.1011766783	0.0747496051	-0.0229381149	0.0708071063	0.0202011861	-0.0592987328	0.1326917385	-0.0592133268	0.082540295	0.0255654094	0.0477892128	-0.0629089685	-0.1045132902	-0.0313291043	0.0	0.0	-0.0085147273174754	-0.0218833446066212	7.250058129096182e-05	0.0004788807711721	0.2662500434219197	-0.0025730536390823	6.62060502959513e-06	0.0708890856221741	-0.4835372254690142	0.0164012983686774	0.0002690025881783	0.2338082484142722	0.0044291940326988	-0.0002610915559908	6.816880060969706e-08	1.961775977929466e-05	0.0006187827342354	1.003921055600025e-06	3.828920721878377e-07	1.0078574858770689e-12	0.0010291344112928	0.0002720785023836	1.0591176365069782e-06	7.402671145930265e-08	0.0	0.0	0.0	0.0	0.0	0.0	0.0	0.0	0.0	0.0	0.0	0.0	0.0
60.73579012760544	0.07510217252117	3688.8362024245343	0.0056403363173995	63.94806419446451	0.1511959140583556	0.0228602044279416	4089.3549142193538	59.2677033736858	0.0315919754352975	0.0009980529119044	3512.660663191207	63.850144617378895	52.03638594426693	1.004125	33.066044	0.107952511536763	0.0619256543957014	0.0055830356	0.1067959654	-0.014558993	0.0282320765	-0.0073910526	-0.0162329031	0.013896805	-0.0034284686	0.0219086377	0.0043892832	-0.0900042374	0.0367351488	0.0463905028	-0.0423997689	0.004614113	-0.0104287871	-0.077103132	-0.0197588404	-0.0362407566	-0.0219235745	-0.0815911397	0.0462057519	0.0036664268	0.1301118406	0.087548403	0.0206958084	0.0029776849	-0.0047218857	-0.037972944	-0.0756894546	-0.0149700789	0.0086660475	0.0033995077	0.0003706281	0.0409124802	0.1313752942	-0.0612330548	-0.0263132205	-0.0170618426	0.0128654044	-0.0470483913	-0.0704504525	0.0243827009	0.0610772222	-0.0401201337	0.0567656847	-0.0953081435	-0.0125850973	-0.0173541919	0.0667036452	-0.0004357465	-0.1255346629	0.1783280088	-0.0525531556	0.0148060424	-0.005108662	-0.005416527	-0.0153133733	-0.1364352882	-0.0144774126	-0.1350335164	0.107884434	0.0409340225	0.1075795767	-0.0039499403	0.1140660872	0.1299622608	-0.0400048132	-0.1079600225	0.0140671602	0.0111580673	-0.0034725251	0.0007880327	-0.2117080261	0.0046978172	0.0073754997	0.0044196208	0.0197324431	0.0127732442	-0.0282884079	0.1080755283	-0.0445420419	-0.0351512209	-0.0207513445	0.031130316	0.0447836675	0.0067839768	0.0635750993	-0.0698510315	-0.1228253326	-0.0333202504	-0.0931448214	-0.0177479572	0.0581919913	-0.030801765	0.0520628697	0.0152746133	0.1220093506	-0.0602463286	-0.0034311387	-0.0363229496	-0.0634585036	-0.0339127998	-0.0133350691	-0.0438551887	-0.1215797792	-0.1250233975	-0.0052967654	-0.0103192864	-0.0670540853	-0.0139521671	-0.0411408623	-0.0230920839	-0.0076322755	0.0204502102	-0.0135567127	-0.0041669556	-0.0044430395	-0.016755894	0.0074319249	0.0198769667	0.1165696595	-0.0318821088	-0.0150454716	-0.0910797075	0.0269878716	0.0366727289	-0.0604119069	0.0402780177	0.0409809176	0.0896587529	-0.0535078668	0.0645094197	-0.1057459662	-0.0737202347	0.037669492	-0.0077823797	0.0122689121	-0.0095673163	0.046111945	-0.0658806233	-0.1034306197	-0.0241079916	0.0	0.0	-0.0082239581183074	0.0002907691991679	6.76334871316742e-05	8.45467271847998e-08	0.2815105861028115	0.0152605426808917	0.0002328841629153	0.0792482100879484	-0.5108150546016574	-0.0272778291326432	0.0007440799621896	0.2609320200076943	0.005485096567803	0.0010559025351041	1.1149301636394755e-06	3.008628435812425e-05	0.000771585740988	0.0001528030067525	5.95344555696001e-07	2.3348758872635112e-08	0.0011228962799172	9.37618686244e-05	1.2608960554518868e-06	8.791288007939243e-09	0.0	0.0	0.0	0.0	0.0	0.0	0.0	0.0	0.0	0.0	0.0	0.0	0.0
60.72042119130906	-0.0153689362963831	3686.969549649974	0.0002362042028822	63.96143885559378	0.0133746611292693	0.0001788815603227	4091.0656604778615	59.1769807499013	-0.0907226237845009	0.008230594466344	3501.9150506741885	63.85118643066151	51.74316336547768	0.977018	32.173405	0.0898684428544046	0.0434279737649808	0.0010843064	-0.0744533641	0.0241528844	0.0471027054	0.0402954327	-0.0149353766	0.0146330955	0.0224511074	0.0101400735	0.0024910227	-0.0244345712	-0.0806508763	-0.0746922323	0.0025153089	-0.045478802	-0.0800610462	-0.1056348787	0.0388245148	0.0893260698	-0.0069972547	-0.1668712319	-0.0435102534	-0.0300815076	0.0656150058	0.0977470161	-0.0221282456	0.0701623066	-0.0462909864	-0.0665503457	-0.0054266029	0.0009357803	-0.0117291981	0.0101408092	0.0330865952	0.0343771007	-0.081005573	0.031353415	-0.003354014	-0.0908218568	-0.1145043929	-0.1141824782	0.0154165643	0.176019612	0.0870646866	-0.1370879327	0.0489672829	0.0278911127	0.0253515537	0.1530807955	0.0773538394	-0.1135374526	-0.0894663181	0.0080754752	0.1500563386	-0.025198689	-0.0126128457	-0.0177087679	0.0275723916	0.0109234733	-0.0691052816	-0.0628160992	-0.1260797716	-0.0462524027	0.1811069241	0.0046336253	-0.0058862244	-0.0952899266	0.0584347626	0.0654163375	0.0177538353	-0.0295933792	0.0962509337	-0.045191539	0.0452232317	0.0074334017	0.0044822428	-0.0020665304	0.0076965677	0.0165600666	-0.0013623785	-0.0500667002	-0.0686115938	0.0190011171	-0.0986596817	0.0222617958	0.0671330335	0.0135036867	0.0490033443	-0.1538086162	0.0179607034	0.0031073902	-0.0168970661	0.1038737604	-0.0567500085	0.0337199733	-0.0066508883	-0.0484838608	0.1016919631	-0.0233007747	0.0167874011	0.0844403798	-0.0177340771	-0.0428829468	0.0044470062	-0.0201460825	0.0279438314	-0.0749687556	-0.1299834107	0.0243036536	0.0145781044	0.0542945815	0.0358312086	0.0374183301	0.0652922228	0.0544445858	0.0003623855	-0.0024899239	0.0141378143	-0.0078183294	0.0774173832	-0.0268842428	-0.0836767579	0.0283528404	-0.1087462584	-0.0604467615	0.0708839978	0.0722474539	0.0277606976	0.0543970215	0.0070594692	-0.015223574	0.1009567646	-0.0007992956	-0.0044846728	0.0111854939	0.0261856608	-0.0648253268	0.0252345518	0.0501524473	0.0444203137	-0.068770199	-0.1020580481	-0.0167667741	0.0	0.0	0.0127100908754016	0.020934048993709	0.0001615464100609	0.000438234407271	0.274109442399407	-0.0074011437034045	5.477692811844408e-05	0.0751359864125138	-0.5302045007978435	-0.0193894461961861	0.0003759506237947	0.2811168126662904	0.0049515946894998	-0.0005335018783031	2.846242541530421e-07	2.4518289969082625e-05	0.0009003394800535	0.0001287537390655	8.106111793430068e-07	1.6577525323346862e-08	0.0009422758180638	-0.0001806204618534	8.878837173078035e-07	3.262375124013555e-08	0.0	0.0	0.0	0.0	0.0	0.0	0.0	0.0	0.0	0.0	0.0	0.0	0.0
60.68235383734866	-0.0380673539604003	3682.3480672411833	0.0014491234375464	63.840731503022496	-0.12070735257128	0.0145702649647673	4075.638998841009	59.158404060526095	-0.0185766893752017	0.0003450933881427	3499.71677098847	63.785409011426616	52.25245419472729	0.965427	31.791712	0.1138469087337405	0.0532280240924979	0.0193664793	-0.0500757373	0.0533439613	-0.090796691	-0.0039247832	0.0186933224	-0.0013843402	-0.01036461	0.0421218573	-0.0262460898	0.0393539239	0.0649296836	-0.070823055	-0.0730497324	-0.0775690111	-0.0105348928	-0.0914841645	0.0451094941	0.1523909276	0.0736430713	0.2115764405	0.0412300284	0.0637316782	0.0020649113	0.0027084335	0.0350810392	0.1261660969	-0.0136188685	-0.0481468009	-0.049875363	0.0204571557	0.0021146104	0.024952114	0.0039221986	0.0394612866	-0.0213526694	-0.0370858227	0.0091889674	-0.0310985654	0.0814093627	-0.0713643338	0.0095014398	0.0903087875	-0.0429621713	-0.109606858	-0.0946206009	-0.0598166573	-0.0407175894	0.1398101924	-0.1629350338	-0.04215455	-0.0409958651	0.0115240083	-0.1509412193	0.068553687	-0.0193595638	0.0801133655	-0.1573349655	-0.0245741136	-0.0029970973	-0.0091191184	0.0738557791	-0.1010864586	-0.0861692818	0.0277312599	-0.0312814078	-0.0937418464	-0.0274010411	0.065869499	0.0803172678	0.0008838197	0.0587168727	-0.0916398415	-0.10262373	0.0024824127	-0.0088189076	0.0088737778	0.016706654	0.0196776935	0.012445468	-0.0900920862	-0.0525161627	0.0454117659	0.084689703	0.086800344	0.0573087543	-0.0132053102	0.0716168078	-0.1396160602	0.070659009	0.0185060982	-0.1498472445	-0.0914103655	0.0617180704	0.1014555276	0.0362839092	-0.0412143073	-0.0117921055	0.0241278722	-0.08085507	0.0764416602	-0.0658785905	-0.1302754209	0.1168320836	-0.0135955727	-0.0259029442	0.0073704871	-0.0624645559	-0.0249129929	-0.0260862404	0.0784257249	0.041048372	-0.028080964	0.0506018427	-0.0331440661	-0.0188341732	-0.0087427862	0.0040467246	0.0548625048	0.0488708253	-0.0702601499	-0.0649852422	-0.0888188249	0.0482839498	0.064973187	0.0268432438	0.0875743853	-0.045588978	-0.0339869042	0.1185970439	0.0387423095	-0.068031445	0.078579769	-0.0203481666	-0.0924874738	0.0251735951	0.0317175083	0.0191422993	0.0739890857	0.0427148457	-0.0715740957	-0.1003994225	-0.0093420254	0.0	0.0	-0.0120308511699533	-0.0247409420453549	0.0001447413798735	0.0006121142132916	0.2689355469906616	-0.0051738954087454	2.676919370063684e-05	0.0723263284351663	-0.5024637615074283	0.0277407392904152	0.0007695486163787	0.2524698316281938	0.0042317790778213	-0.0007198156116784	5.18134514816093e-07	1.7907954163486096e-05	0.0004990013315653	-0.0004013381484882	2.4900232890394244e-07	1.610723094319365e-07	0.0009449486976816	2.6728796178000437e-06	8.929280412501519e-07	7.144285451250906e-12	0.0	0.0	0.0	0.0	0.0	0.0	0.0	0.0	0.0	0.0	0.0	0.0	0.0
60.704883234535934	0.0225293971872773	3685.082848518642	0.000507573737622	63.9026292195909	0.0618977165684029	0.0038313273163823	4083.546021176513	59.13250182780813	-0.0259022327179678	0.0006709256597757	3496.6527724157318	63.82307972453988	52.36370185335432	1.033922	34.047253	0.0755228421232977	0.0493402112406661	0.0053652682	0.1258881259	-0.0151716421	0.0230265581	0.0068018414	-0.0281902766	0.0072154053	0.0108446993	-0.0175586424	0.0262133804	-0.0496327748	0.0370734826	0.0156692055	0.0008557297	-0.0441878142	-0.173625092	0.0207211769	-0.0295657508	-0.1072640586	0.0002150863	0.0152366568	0.0080092077	-0.0424779722	0.001366956	0.0172713608	0.0350380562	-0.0541742511	-0.0818076808	-0.092992946	-0.0424932519	0.0068475706	-0.0111323857	-0.0227004644	-0.0125830792	0.0564827491	0.0547219171	-0.0736083566	-0.1375011111	-0.0588307608	-0.0963015193	-0.0287787804	0.0467952087	0.0850878284	0.0844235232	-0.0037535098	-0.0326772922	0.0465764179	0.1310139418	0.0276251356	-0.0499346451	-0.0352855521	-0.0381817156	-0.0193230296	-0.0970865101	0.1278700437	0.1812376519	0.0662771679	0.002687293	0.0464309614	0.0301440136	-0.0700402536	0.1293847575	-0.0110587532	0.048422742	-0.0126699276	-0.0617381533	0.0069198853	0.0401312396	0.0403907759	0.0385123854	-0.0383927327	-0.0685541541	0.0366992644	0.0147826851	0.0040464664	0.0033673904	0.004476207	0.0237405058	0.005353941	-0.0384146487	0.1321909706	-0.042764094	-0.0089704357	-0.0092427787	0.0473806327	0.0583890016	-0.0029366421	0.0730845002	-0.1138585085	-0.0961917248	0.0299206845	-0.152052863	0.0005259862	0.0385572274	0.0042922517	0.0149956658	0.0334034525	0.0139190742	-0.0850997378	0.1076821281	0.1164225723	-0.0318484325	-0.0340997074	-0.0602688491	-0.0567279478	-0.0534803242	0.012915493	0.0061682362	-0.1369077928	0.0186389032	-0.0237645867	0.0193718283	0.0617999053	-0.0529375086	-0.0586767088	-0.0085832706	0.0013598502	0.0062259962	-0.0143936954	-0.0063140652	0.0391331389	0.1197261173	-0.033589579	-0.015805914	-0.1028814312	0.0710023732	0.0451191182	-0.0874858559	0.0446993142	-0.0038077191	0.0550466244	-0.0672000924	0.0542361924	-0.074641632	-0.0162306658	-0.0614419422	-0.0590613114	0.0060654672	0.0353019323	0.0409960724	-0.0742888199	-0.0984593917	-0.0018707352	0.0	0.0	-0.0037060788392011	0.0083247723307522	1.3735020362374172e-05	6.930183435885743e-05	0.2808447696314999	0.0119092226408383	0.000141829583909	0.0788737846293702	-0.4979219398994061	0.0045418216080222	2.0628143519097773e-05	0.2479262582331877	0.0050962189573171	0.0008644398794957	7.472563052627129e-07	2.597144766091819e-05	0.0006479088601916	0.0001489075286263	4.197858911147783e-07	2.217345208159237e-08	0.00094335559493	-1.5931027516000174e-06	8.899197784857342e-07	2.5379763771555466e-12	0.0	0.0	0.0	0.0	0.0	0.0	0.0	0.0	0.0	0.0	0.0	0.0	0.0
60.68938862707852	-0.0154946074574127	3683.201891928568	0.0002400828602593	63.75744143063451	-0.1451877889563917	0.0210794940620457	4065.0113377807897	59.16352681586083	0.0310249880526995	0.0009625498836701	3500.3229052910838	63.82857905341088	51.87162040640523	1.01954	33.573658	0.0673892624251477	0.0392199188555257	0.0081374976	-0.0710300534	0.0249301408	0.0427349852	0.0474844127	-0.0072995926	-0.0324034862	0.0082359166	0.0255060813	0.0170061678	0.1410341426	-0.0993670536	-0.0728036269	-0.0012556278	-0.1623462461	-0.0202665596	-0.0903373456	-0.0086957584	-0.091107103	-0.1158736899	-0.0280301991	-0.0001011219	0.0117716037	-0.0361490523	-0.1004013127	0.1197861335	-0.0332721461	-0.0652774394	-0.0470081341	0.0588204006	0.0095227612	-0.0044889367	0.0001106935	0.0049393901	0.0532771489	-0.0213689648	0.0386986147	0.0478172357	-0.0324474074	-0.0030142719	0.0646841803	0.0923204626	0.0181224411	-0.0459179421	0.0052897112	-0.0286776994	-0.0194889125	-0.0590669919	-0.0883422479	-0.1306270324	-0.0622402326	0.0060744483	0.1469367565	0.0194128017	-0.0202588102	0.0607230574	-0.0302855263	-0.0086017499	-0.0144971609	0.0106156096	-0.0857523827	0.0491703224	-0.0348773135	-0.0065750357	0.0244897851	-0.0993008456	0.1028706338	-0.0700708569	0.0934420238	-0.0933876984	0.0174963271	0.0691899034	0.0897467635	-0.0578551897	0.0112819703	-0.0023974268	0.0078533795	0.0145520503	0.0026379934	-0.0029862392	-0.058722882	-0.0523623165	0.0421159392	-0.0966452256	0.0453994845	0.1174204238	0.0618013068	0.036778478	-0.1549458342	-0.0159882037	-0.0229117231	-0.0630162671	0.0839659077	-0.0811922577	0.046028326	-0.0617433531	0.0972692467	0.0207135617	-0.0856257869	0.0105434012	0.1219554195	0.0104465026	-0.1374248421	-0.0763363825	0.0277803635	0.0898468078	0.1179940957	-0.0079985819	-0.0415344265	0.1245052008	-0.1447083253	0.0058857437	-0.0486685199	-0.0174495312	0.1822618021	-0.0078659655	-0.0041411016	0.0092864252	0.0228789378	0.0941690641	0.0234968873	-0.1010840809	-0.0142233722	-0.0767071534	-0.0707533794	0.170116599	0.1304470585	-0.0469061704	0.0311130837	-0.0855251825	0.0034825504	0.0227779592	0.1377372001	0.0559930012	0.0444399531	0.1077674157	-0.1013689762	-0.1041567563	-0.0048299312	0.039264529	-0.0769109895	-0.0962433935	0.0056098749	0.0	0.0	-0.0008657091025128	0.0028403697366883	7.494522501735177e-07	8.067700241094763e-06	0.280671535822151	-0.0001732338093489	3.00099527015366e-08	0.0787765110207649	-0.5127110007567666	-0.0147890608573604	0.0002187163210427	0.262872570297005	0.0045473545954924	-0.0005488643618247	3.012520876812352e-07	2.067843381714585e-05	0.0005982546461256	-4.9654214066000056e-05	3.5790862161086685e-07	2.465540974512158e-09	0.0005501422103857	-0.0003932133845443	3.0265645164806377e-07	1.546167657847836e-07	0.0	0.0	0.0	0.0	0.0	0.0	0.0	0.0	0.0	0.0	0.0	0.0	0.0
60.812765647364095	0.1233770202855737	3698.1924656812266	0.0152218891345468	63.98360135076121	0.2261599201267046	0.0511483094717174	4093.901241813132	59.215101769629946	0.0515749537691192	0.0026599758562867	3506.428277587632	63.88163132759882	52.64100537633677	1.006436	33.142124	0.0773474198334012	0.0341449805741213	0.0086288141	0.040039223	0.0365542994	-0.1068566633	0.0458869632	0.0093440022	0.029753206	-0.0017756276	0.013586743	-0.0177459903	-0.0284489665	0.0703753792	-0.1239196559	-0.001084867	-0.1350291188	-0.0003906597	-0.0541900804	0.0421444706	-0.0938275679	-0.0024164776	0.0442626445	0.072503936	-0.0205056493	-0.0223224099	-0.1002564589	0.0251770211	-0.1793030163	0.0964747559	7.27992e-05	-0.0621070052	0.0256741946	0.0140667402	0.0079979118	-0.0045952852	0.0572162938	-0.0296891653	0.0171685108	-0.013925247	0.0906935914	0.0341718516	0.1759093409	-0.0169546193	-0.1144929676	-0.1403870025	0.0442204342	0.0407547292	0.1430753875	0.0260988447	0.0085876848	-0.045825838	0.0833721457	0.135663038	-0.0593952522	-0.0664682555	-0.083541233	0.0252109025	-0.0903830527	0.0759931558	-0.0017893123	0.0270306809	0.0330646329	0.083036357	0.0437206695	0.0235254544	-0.0260755657	-0.1705703779	0.2330003957	0.0362022737	0.145519177	-0.0859868038	0.0250250086	0.1251359943	0.0447936407	-0.0110213827	0.0091483519	0.0061377559	0.0016065317	0.0104429179	0.0207625225	-0.0150897436	-0.011194914	-0.0781024812	-0.0174337094	0.0996652604	0.1039303708	0.1101983285	0.0421578557	0.0691195742	-0.1084775282	0.0492037257	-0.0116009065	-0.0328550284	-0.0344696171	-0.0437536602	0.0992568534	-0.1307038955	0.0057324904	-0.0578928021	0.1232657346	0.0153859257	-0.0244400165	-0.0676403712	0.0274445404	-0.0048510962	0.0562212855	0.0924338209	0.0739571795	0.0159000788	-0.0093275567	-0.0329488714	-0.0186450877	0.0485019982	0.0553472979	-0.1395064927	-0.0655072288	-0.0102531322	-0.0167083716	0.0033927117	0.0373260852	0.0815094167	0.0064870416	0.0140381318	-0.1612908336	0.0713916118	0.0576163553	0.1305464416	0.107844758	-0.0409118994	0.0626514922	0.1511306596	0.0208093123	0.044691166	0.1181955294	0.0958396124	0.0350083596	-0.0350165652	-0.0281293066	0.0969168673	-0.0022184472	0.037520755	-0.0794373376	-0.0937576389	0.0130625369	0.0	0.0	-0.014032537537588	-0.0131668284350752	0.0001969121097438	0.0001733653710387	0.2729028369849118	-0.0077686988372391	6.035268162372147e-05	0.0744759584344133	-0.5009377145089147	0.0117732862478519	0.0001386102690738	0.2509385938174149	0.0042278114441672	-0.0003195431513252	1.0210782555883969e-07	1.7874389607431148e-05	0.0004200000991063	-0.0001782545470192	1.7640008324930186e-07	3.177468353305582e-08	0.0009451166383059	0.0003949744279202	8.932454600026453e-07	1.560047987108893e-07	0.0	0.0	0.0	0.0	0.0	0.0	0.0	0.0	0.0	0.0	0.0	0.0	0.0
60.70120169985682	-0.1115639475072782	3684.6358878067	0.0124465143834067	63.88980586534551	-0.0937954854157041	0.0087975930843675	4081.907293511537	59.249659774455615	0.0345580048256692	0.0011942556975309	3510.522183388744	63.82581416915816	51.89971261480054	1.07033	35.246193	0.1930672232240442	0.1158362250717207	-0.0137115796	0.0515873409	0.0237246249	0.1032901095	0.007601158	-0.0027923564	0.0051425573	0.0213125052	-0.0368649555	-0.0124589673	-0.0378988802	-0.049746191	0.0543656507	0.0967772754	0.040966423	-0.0308050411	-0.1091154052	0.0150981686	-0.1511618967	-0.000208225	0.1439412289	-0.0234054233	-0.0023851827	-0.0449765757	-0.0127400186	0.0396228618	-0.1374381734	-0.0251444989	-0.0491239723	0.0448984956	0.0023082783	0.0118531149	0.0119016393	0.0342461211	0.0026524069	-0.0217798608	-0.0788882969	-0.0686041427	-0.0048515038	0.1146278374	0.0695972764	0.0613446332	-0.0180422512	-0.0473216806	0.0959021489	0.0539998571	-0.0126978219	0.0341679124	-0.0933124582	-0.035792248	0.0724684187	-0.1244656562	0.0331328015	0.1275808024	0.0059960099	-0.0329543693	-0.0257231707	-0.1578508721	0.036168178	-0.0482991312	-0.0787006917	-0.0938832731	0.1048404119	-0.0097038558	-0.1515644494	-0.0592062767	-0.054095571	-0.0687791242	-0.1196562715	-0.0833811651	0.0753659599	0.0019525238	-0.0619620524	0.0267240971	0.0060905077	0.0048265022	0.0049796473	0.0385768826	0.0135950697	-0.0152470603	0.1200729517	0.020825547	-0.0069801157	-0.1119681443	-0.0031462905	0.0383268984	0.0817814877	0.104164783	-0.0839080625	-0.0891322426	0.0709934038	-0.0903461112	-0.1264185403	0.0787618357	0.0103079439	-0.0086246895	-0.0834953186	0.0149237517	0.0972036536	0.109092947	-0.0821377859	-0.0559388234	-0.1238988965	-0.0381708726	-0.011782995	0.1346714173	0.0385646798	-0.0351965444	0.0876228719	0.0834076109	0.0496875958	-0.074303667	-0.0176316833	-0.0281609203	-0.1381988503	-0.0419769495	0.0407474486	0.0106675463	-0.0259009484	-0.0765061237	0.0516124497	0.0316760666	0.0280962982	-0.1247431387	-0.1278384627	0.0362132633	0.0072838444	0.0394456568	0.0781319117	0.1666372889	0.052134096	0.073204529	0.0584001257	0.0348652709	-0.0707617903	-0.0306498382	-0.0020114629	-0.1056473812	0.0659648934	0.0357652936	-0.0818647166	-0.0910090951	0.020450122	0.0	0.0	-0.0380731215753229	-0.0240405840377349	0.0014495625864893	0.0005779496808753	0.2650174692783338	-0.0078853677065779	6.21790238679431e-05	0.0702342590226926	-0.4096479298942483	0.0912897846146663	0.0083338247749921	0.167811426466643	0.0052926757140883	0.001064864269921	1.1339359133545968e-06	2.8012416214500096e-05	0.0007031362870093	0.000283136187903	4.944006381092248e-07	8.016610090024294e-08	0.0009941459177831	4.902927947720008e-05	9.883261058448024e-07	2.403870246053393e-09	0.0	0.0	0.0	0.0	0.0	0.0	0.0	0.0	0.0	0.0	0.0	0.0	0.0
60.74734184235136	0.0461401424945435	3690.239540911493	0.0021289127494167	63.828879963687776	-0.0609259016577325	0.0037119654928077	4074.125917418863	59.230884814972576	-0.0187749594830393	0.0003524991035897	3508.297715964549	63.80385741209221	52.54791389337373	1.102149	36.293976	0.1185326310967242	0.0690897317856608	0.0008072696	-0.0374232992	0.0941997552	-0.0347504377	0.0613083631	0.0104078723	-0.0168754464	-0.02475287	0.1060113977	-0.0342250574	0.049391531	0.0632779685	0.0321359601	0.0280008455	0.0297014308	0.0679325514	0.0580415338	-0.0247044164	0.1675377303	-0.0481087355	-0.0176057506	-0.0061745053	0.1661350695	0.0421905717	-0.08299321	-0.0428250399	-0.0360669603	0.0260073696	0.1173810347	-0.0295019061	-0.0001175005	0.0068327649	-0.0408316256	-0.0113376648	0.0819900761	-0.1504540296	0.0112071616	0.075431882	0.2313242746	-0.0468485139	-0.133569593	0.037292684	0.0301181167	0.0357433898	-0.2371815697	-0.0493971847	0.0248699221	-0.1306242465	0.0196281662	-0.0312875599	0.0197137675	-0.0276971492	-0.0285051452	-0.063449541	0.149950343	-0.0558581491	-0.1008495227	0.0028204575	0.0316910174	-0.132737685	-0.013600711	0.0639780461	0.0450364949	0.0370684426	-0.0532944772	0.0149341975	-0.0905710579	0.0185636118	-0.0356769572	-0.0582738523	-0.0288575056	-0.0565262549	-0.0584109488	0.0160391775	-0.0028765065	-0.0036049033	0.0233215251	0.0439011503	0.0698767804	0.022601824	-0.1012353219	0.029193422	0.0630574863	0.1045051409	-0.004900329	-0.0203065542	0.1060781764	0.0043341188	-0.0803136136	0.1563611197	0.0783581538	-0.0528798272	-0.110112218	0.2050671823	-0.1302213422	-0.1015527302	-0.0633217962	-0.0482530899	-0.0644068454	-0.0484250932	-0.1556142967	0.1566285523	0.0599000515	0.151800703	-0.0806344789	-0.0964440767	0.0056325821	0.0590153838	0.2965127331	0.0833872371	0.0095506655	0.2509182543	-0.0999716252	-0.0361285598	-0.0599099706	-0.038713056	0.0034916892	0.007469618	0.0644814689	-0.0154401016	-0.069624463	-0.0279989932	-0.0454293181	0.0939834309	0.0742501204	0.0245041813	0.0005430077	0.0654546654	-0.1543790073	-0.0159868991	-0.0002289711	-0.0250486745	0.1088870153	-0.0424527496	-0.13086217	-0.1107164939	0.0885848911	0.0051038533	0.2106700839	0.0339986915	-0.0841901024	-0.0880054659	0.0277358257	0.0	0.0	-0.0222304330643652	0.0158426885109577	0.0004941921542292	0.0002509907792552	0.2576568432205022	-0.0073606260578316	5.41788159632297e-05	0.0663870488583544	-0.4048919787065159	0.0047559511877324	2.2619071700093428e-05	0.1639375144208777	0.0053420295668144	4.9353852726100045e-05	2.4358027789095727e-09	2.853727989271925e-05	-6.400220188318428e-05	-0.0007671384888924	4.0962818458958785e-09	5.885014611402443e-07	-8.290474023649533e-07	-0.0009949749651854	6.873195953680769e-13	9.899751813458172e-07	0.0	0.0	0.0	0.0	0.0	0.0	0.0	0.0	0.0	0.0	0.0	0.0	0.0
60.79069638281005	0.0433545404586865	3695.5087667069943	0.0018796161783838	64.09246051686728	0.2635805531795014	0.069474708014412	4107.843495106191	59.33928202202979	0.1083972070572159	0.0117499544978049	3521.150390889988	63.91261133108887	52.33118924211472	1.077355	35.477501	0.2944797844282121	0.1463513287801784	0.0019276476	0.0876305452	-0.0214399112	0.0516756751	0.0388825438	-0.0092581143	0.0358205241	0.0403343518	0.0315447938	0.0377504477	-0.0938775435	-0.0557311069	-0.0146837672	0.0311964591	-0.0375240546	0.0362386556	0.0018064002	-0.04047011	-0.0777680902	-0.0180977874	-0.0132469671	-0.0015175184	0.0282525303	0.0082359629	0.0531800543	0.1369846685	0.015509894	0.0093669835	0.0511546807	-0.1118199142	-0.0075346581	0.0319756932	0.0112269685	-0.0105601766	-0.002229854	0.010401889	-0.073768562	0.032137733	-0.1389644209	-0.1162319281	-0.0758686777	0.0355312406	-0.0241618395	0.0025428788	-0.0281778154	0.091391245	0.0008090667	-0.0349914504	-0.0852495792	-0.0080956291	0.0559421051	-0.0198482157	0.0405467272	-0.0914833344	-0.0245894848	-0.0650814409	0.0277632972	0.0652886224	-0.1023421665	-0.008938653	-0.0098604876	-0.0395520011	-0.0043880343	0.057470357	-0.0360297208	0.0321689672	-0.1062264047	0.0077518032	0.0303468791	0.0569557481	0.049737986	0.0610823264	0.0285700413	0.0748227058	0.0060373546	0.0204966697	0.0020103693	-0.0006011318	0.0036375321	-0.0525867022	0.0352572244	-0.0714496197	-0.0840744354	-0.0525894025	0.005499962	0.0223594571	0.0369256527	0.0182429687	-0.0335081659	0.005959886	0.0852853239	-0.0345155911	-0.052300045	0.0369979843	-0.0848138976	-0.0728084937	-0.0794087742	0.0818524922	0.0082975851	-0.0045577431	-0.0023753246	0.0504904902	0.0177606783	-0.1022116029	0.014627876	0.1045239202	-0.1277640315	0.0756736315	0.0051066699	-0.0128729799	-0.0899270774	-0.0037373889	-0.0388059111	0.0388845976	0.0162940659	0.0029974826	-0.0071606905	-0.0182116361	-0.05440491	0.0663457532	0.0319111807	0.1119115048	-0.0224485996	-0.0245831801	-0.021255366	0.0219022502	-0.0046251805	-0.000353105	-0.0286363031	0.0174940796	0.0132207987	0.0349130176	0.056994654	-0.0717195519	-0.0084021397	-0.0051930076	-0.0516700865	-0.0673011472	-0.0631764137	0.032221499	-0.0864105979	-0.0847551701	0.0348833508	0.0	0.0	0.0212660744334129	0.0434965074977781	0.0004522459218074	0.0018919461645042	0.3012601460726785	0.0436033028521762	0.0019012480196186	0.0907576756117315	-0.5291258656962228	-0.1242338869897068	0.0154340586765712	0.2799741817487772	0.0060510686495426	0.0007090390827282	5.027364208360473e-07	3.6615431801477306e-05	-5.813428273793164e-05	5.8679191452526425e-06	3.3795948294537764e-09	3.4432475095222504e-11	0.0009471856924952	0.0009480147398975	8.971607360676116e-07	8.987319470630477e-07	0.0	0.0	0.0	0.0	0.0	0.0	0.0	0.0	0.0	0.0	0.0	0.0	0.0
60.64980786657439	-0.1408885162356554	3678.399194252389	0.0198495740070845	63.87875417473818	-0.2137063421291003	0.0456704006662	4080.49523491663	59.1921837599734	-0.1470982620563887	0.02163789870001	3503.714618274459	63.78664749671584	52.4497487244256	1.006376	33.14016	0.1240956527235526	0.0656154846695381	-0.0026879809	-0.0720457569	0.0141220075	0.0947494808	0.0522476472	-0.0044430024	-0.0007398786	0.0166088628	0.0261986803	0.0243394178	0.0048598222	-0.0753391336	0.0080605335	0.0010540514	0.0597051829	0.026671717	0.0157281387	0.0101699991	-0.1177285054	-0.0759598808	-0.1180273064	0.0530897273	0.0388040427	0.0082876509	-0.0576822723	0.0155456308	0.0338125976	0.0270222005	0.0474188713	0.0770513696	-0.0121856737	-0.0020024841	-0.0133137638	0.0121526257	0.0090797774	0.0936449317	0.0770098989	0.1869901005	0.0067901235	-0.0254113032	-0.0019925241	-0.141163527	0.0501146168	0.0904001748	0.093776624	0.097878074	-0.0108325751	-0.0286884459	-0.08919786	-0.1196569555	0.0574855674	-0.1498352206	0.0175253105	0.0722082389	-0.0951174527	-0.0593336836	0.1079161843	-0.0244361873	0.0203216518	0.0281557018	0.0932249917	0.0114394562	-0.0431760709	0.101810068	0.1043785577	0.0109875766	0.0931347633	0.1135574295	0.103120883	0.0560541603	-0.0941159278	0.0447553812	0.0491864017	-0.0304557437	-0.0013626847	-1.01505e-05	0.0006012406	0.003768656	0.0098772693	0.0108184702	-0.058239599	-0.008686964	-0.0069994586	-0.0978336129	-0.0531794527	0.0198905651	0.0560538577	0.0427103668	0.0954300406	-0.0221809806	0.0108355402	0.056425433	0.0376660374	0.0689311045	0.0584509301	-0.1357285226	0.0365853481	-0.0381320546	0.05344034	0.0434574258	0.0407840782	-0.0822466936	-0.1122584685	-0.086296113	0.0812844483	-0.0433567665	-0.076512005	-0.0567429252	0.0739178943	0.0601153063	0.0408095527	0.1154283183	-0.0259271602	0.1064572497	-0.0141023647	-0.0153620058	-0.0061856487	-0.0161172772	0.0371589889	0.0267791607	-0.0234915556	0.0286026616	0.0920195158	-0.0073259485	-0.0348580454	0.0363178089	-0.0159842537	-0.0275287138	0.0417793829	0.0532155834	-0.0352460941	0.0447342998	0.0295553099	0.0827050733	-0.053127324	-0.0979493403	0.0578317236	0.0075041626	-0.0125961233	0.0304342698	-0.0885234364	-0.0812673177	0.0418570888	0.0	0.0	0.0035337759969706	-0.0177322984364423	1.248757279676556e-05	0.000314434407839	0.2896980993262872	-0.0115620467463912	0.0001336809249657	0.0839249887532633	-0.4712940728163346	0.0578317928798881	0.0033445162677022	0.2221181030718085	0.0055370558314077	-0.0005140128181348	2.6420917720698133e-07	3.0658987280126024e-05	-5.999786301424948e-05	-1.86358027631784e-06	3.599743566276646e-09	3.472931446280877e-12	0.0007236717976898	-0.0002235138948053	5.237008707715868e-07	4.99584611710794e-08	0.0	0.0	0.0	0.0	0.0	0.0	0.0	0.0	0.0	0.0	0.0	0.0	0.0
60.64414765088761	-0.0056602156867811	3677.712644302657	3.203804162088285e-05	63.86575092934523	-0.0130032453929445	0.0001690843907491	4078.834141769161	59.09227230315513	-0.0999114568182761	0.0099822992035502	3491.8966459502344	63.77990721083805	52.08849484247899	1.007021	33.161392	0.1246863656783751	0.0630176449415964	0.0110717549	-0.0649138666	0.0518894687	-0.0865157585	0.0213459494	0.000932691	-0.0080530246	-0.0182025822	0.0388985511	-0.0067332091	0.0042252041	0.0097004527	-0.1234923003	-0.0096117764	0.1188272526	0.0482918444	0.0372470251	0.0334610981	0.0261406368	0.0495419853	0.0799387138	0.0420153824	-0.0090778076	-0.0077471436	-0.0170385267	0.0332700938	0.0540480122	-0.0770883663	-0.0057322366	-0.0606534521	0.0193104621	-0.0123039209	-0.0214910482	0.0368115965	-0.0293523225	-0.022549509	-0.0017507259	-0.0322720274	-0.0203771042	0.0459635998	-0.0193088383	-0.0175997835	-0.038550869	0.0340226522	0.1935014931	-0.0417330448	-0.0929140283	-0.1092070952	0.0510543798	0.0924933389	0.16222385	0.0762435861	-0.0354526083	-0.0273489013	0.1105942368	0.0497381324	-0.0733947909	0.063866083	-0.0274782956	0.0384007077	-0.0537269015	0.0287853436	-0.0342783552	0.0966727183	0.0274330504	0.0475899574	0.0059300794	0.0328283163	0.0388769295	-0.0472626505	0.0199657465	-0.1140572276	-0.0728694881	0.0337018932	0.0107856425	-0.0054755055	-0.0094191005	-0.0139017567	0.0021078809	-0.0294026129	-0.0277331357	-0.0345416115	0.113457838	0.0130758495	0.0506581981	0.0377870367	-0.0138948892	-0.0682303857	0.0987209399	0.1081228885	-0.0293228265	0.1216291778	0.024898765	0.1402704069	0.0195229118	0.0988050574	0.108574356	-0.0187041503	0.0251048437	-0.000104444	-0.0447265445	-0.0997814242	-0.0151630822	-0.0676775678	0.1491413601	-0.0116970577	-0.0352811296	-0.0402062176	-0.0812442618	0.0280801282	-0.0384677365	-0.007949613	0.1319469219	0.0028949799	0.0242483579	0.0108021953	-0.0005425114	0.0046357141	-0.0477602512	0.0686902475	-0.050340307	-0.1151079541	-0.037545024	0.008029453	-0.0511465193	0.0382214779	0.0050057428	0.0690141419	0.0145362277	0.0323276215	0.0117957089	-0.0429849543	-0.0655999467	0.0009449657	-0.0175558151	0.1111917042	-0.0107177556	-0.0350601491	-0.0731086564	0.0286375605	-0.0905259858	-0.0775516848	0.048622297	0.0	0.0	0.0281402227094105	0.0246064467124399	0.0007918721341352	0.0006054772198121	0.2972869816106112	0.0075888822843239	5.759113432532623e-05	0.0883795494351478	-0.5280271257756084	-0.0567330529592737	0.0032186392980797	0.2788126455548502	0.0058449787431088	0.000307922911701	9.481651955048316e-08	3.416377650739373e-05	0.0001247662517156	0.0001847641147298	1.556661756716046e-08	3.413777809190498e-08	0.0009461444457056	0.0002224726480158	8.951893121395572e-07	4.949407911516205e-08	0.0	0.0	0.0	0.0	0.0	0.0	0.0	0.0	0.0	0.0	0.0	0.0	0.0
60.69837362100584	0.0542259701182317	3684.292560235218	0.0029404558352633	63.975731330114186	0.1099804007689542	0.0120956885532997	4092.894199222954	59.11447042262301	0.0221981194678804	0.0004927565079102	3494.52061334717	63.80458548083308	52.46675635997308	1.000405	32.943539	0.0653497034769011	0.0296895538673294	0.0087546449	0.084406975	-0.008000525	-0.0643143487	0.0437711107	-0.0061602007	0.015201953	-0.0062430713	0.0070729142	-0.0393239898	-0.1124614458	0.0253486497	-0.0387782098	-0.0735404513	0.0570287055	0.0230301604	0.0335483673	0.0966366233	0.0485264797	0.0579823562	0.0040206827	-0.0843649577	-0.0218453378	0.0524562811	-0.207331826	0.077597268	0.0400905243	-0.0424939536	0.0132711082	0.0573534924	0.0061067213	-0.0168714294	0.0045718813	-0.047688041	-0.0374053796	-0.0310394174	0.0365847325	-0.0608595705	0.0615335323	-0.0768005241	0.0572620341	0.0007338914	-0.0913531767	0.0955997685	-0.0767851207	0.0241999952	-0.0122586459	0.0042537582	0.0331463445	-0.0169277859	-0.1122286207	0.0637847916	-0.0442415093	0.0763088177	-0.0446762361	-0.1379893615	0.1122287852	0.1536461777	-0.0921868491	0.0283160431	0.0793181409	-0.10943387	0.0466410102	0.0583956948	0.0261222714	-0.0293394742	-0.0165747465	-0.0568581529	0.0196876097	0.0036716171	-0.0405828849	-0.0684698666	-0.0224244219	0.0150519259	0.0036937423	-0.0001878021	-0.0061913172	-0.0045206404	0.0017097789	-0.0400378954	0.0073093027	-0.0493191955	-0.076364637	0.0772009984	0.0566590247	0.0577188173	0.0048306968	-0.012201469	0.0838577578	0.0366796023	0.0402087873	0.2089578373	-0.0254964124	-0.0174940106	0.0113592151	-0.0111152828	0.0286043323	-0.0551220158	-0.0829885164	0.0222163659	0.0491207908	-0.1891892114	0.0902647847	0.0577562148	0.0490227672	-0.1143934527	0.0191446436	-0.1186436015	-0.0001385466	0.0494895851	0.0322602977	-0.0718914	0.0944515802	-0.0412369711	0.0468448271	0.0062152972	-0.0156286318	-0.0115386247	-0.0256175637	0.0603599846	-0.0019688817	0.069716183	-0.0931068813	0.0763476819	0.0444758786	0.0256431626	-0.0070921523	-0.0527052142	0.0188829295	-0.0173704172	-0.0831640994	0.0148643842	-0.0154312047	-0.0429136172	0.0143557813	-0.0181392576	-0.0161936168	0.002393157	-0.0689955951	0.0268319309	-0.0924157511	-0.0736186857	0.0551452713	0.0	0.0	0.0115052858221389	-0.0166349368872716	0.0001323716018491	0.0002767211252435	0.2971289102080874	-0.0001580714025237	2.498656829583297e-08	0.0882855892814456	-0.5107840797017147	0.0172430460738937	0.0002973226379064	0.2609003760767276	0.0055210553665796	-0.0003239233765291	1.0492635386207761e-07	3.0482052360837407e-05	-5.8059555782641326e-05	-0.0001828258074982	3.3709120176776398e-09	3.3425275887384e-08	0.0010656682439424	0.0001195237982367	1.1356488061472785e-06	1.4285938344951267e-08	0.0	0.0	0.0	0.0	0.0	0.0	0.0	0.0	0.0	0.0	0.0	0.0	0.0
60.680342195476186	-0.0180314255296565	3682.103928960088	0.0003251323066315	64.04112891596685	0.0653975858526649	0.0042768442353566	4101.266192831486	59.2004589778819	0.0859885552588934	0.0073940316355117	3504.6943431918776	63.81163812366621	52.18935645067501	1.007508	33.177433	0.0651972610844995	0.0292653512036614	-0.0123791396	-0.0126501273	0.0016301405	0.1089050022	0.0534753108	-0.0212345364	0.0204845902	0.0187759561	-0.0131124861	0.0422677475	-0.0729792224	-0.0653765464	-0.0901830077	0.0331936974	0.1500815479	0.002662883	0.0290014741	-0.0839717006	-0.0400678119	0.0768724963	0.0112060249	-0.0868192061	0.0221485059	-0.0526255272	-0.1046531003	0.038367932	0.0060453216	0.0644036753	-0.0303082284	0.0739007094	-0.0055695773	0.0011536293	0.0120210626	0.0239091396	0.0105962408	0.0863829399	0.0253030405	-0.0410364383	-0.1840522004	-0.0676753431	-0.0493011924	-0.0448868788	0.0571635723	-0.0554450464	0.0507248723	-0.0066584936	-0.0943603941	-0.051066773	-0.07586395	-0.055952519	-0.0898243052	-0.043210561	-0.1099276118	0.0658063124	-0.02934096	-0.0200903422	0.0844983337	-0.0556654887	-0.0715507703	-0.1108532007	0.0856339096	-0.0002400086	-0.0103321625	-0.0827157416	-0.0668714764	0.0020368271	-0.0220414165	-0.1102561079	0.0098306033	-0.0849288436	0.092555411	-0.0238954031	0.1729928673	0.1976253185	0.0065513262	0.0058799922	-0.0046619906	0.0039160672	0.001463105	-0.0210924258	0.02209189	0.0101847602	0.0025155486	-0.1136150886	-0.0352497806	0.0240351053	0.0549319341	0.0034887265	0.0662871789	-0.1245825797	-0.092154717	0.105710434	0.0385356621	0.0469240366	-0.0165753691	0.0088668036	0.0679156392	-0.0069918191	0.1057043749	0.1525312449	0.0906066221	0.0257402482	0.0013838575	0.1871723436	-0.0194068812	-0.0854204189	0.1146284007	-0.0921219878	-0.0126809961	0.1179684288	0.0400081006	-0.0104315795	0.0177821747	0.1077323333	0.0040477098	-0.005281119	-0.0060700808	-0.011563351	0.0235692224	0.0128907935	0.0170160191	0.0548017772	0.072494751	-0.0002476013	-0.0953490145	0.0565081073	-0.0543700093	-0.0194510162	0.0879875363	0.0546163479	-0.029226327	-0.0123922728	-0.0904494757	0.0467119358	-0.0820052083	-0.0565455693	0.0427932865	0.0145226715	0.0425577403	0.0250179432	-0.0941903779	-0.0694793439	0.0613935146	0.0	0.0	0.0089904191735001	-0.0025148666486388	8.08276369152382e-05	6.324554260435749e-06	0.2784889077112495	-0.0186400024968378	0.0003474496930821	0.0775560717182048	-0.4931773408256248	0.0176067388760898	0.0003099972538508	0.2432238895038345	0.0054046232756523	-0.0001164320909273	1.3556431797703068e-08	2.92099527517226e-05	-0.0002247856373878	-0.0001667260816051	5.052858277583951e-08	2.7797586287410037e-08	0.0008201133552162	-0.0002455548887262	6.725859154039731e-07	6.029720337733647e-08	0.0	0.0	0.0	0.0	0.0	0.0	0.0	0.0	0.0	0.0	0.0	0.0	0.0
60.71623940404237	0.0358972085661832	3686.4617273689873	0.001288609582844	64.02755695278361	-0.0135719631832387	0.0001841981846471	4099.52804934195	59.26168276847677	0.061223790594866	0.003748352534804	3511.9470445515763	63.85785222226113	51.93354814280884	0.994882	32.76165	0.1329932204164587	0.0608349274394888	0.0061599314	-0.0139787792	0.0285853057	-0.0868134344	0.0360587611	0.0114234625	0.0340355386	0.015322942	-0.0083618653	-0.0348581734	-0.0133298362	0.062563705	-0.1018770707	-0.1484517489	-0.0383357465	-0.0787308698	0.0763505294	0.0546332014	-0.0062127693	0.1322988137	-0.0774628371	0.0761975113	0.0209368487	0.0101322153	-0.0628622495	0.1002060944	0.1215344526	-0.0339847808	-0.0663579648	0.0179988852	-0.0004860898	0.0230452667	0.0047231404	-0.0147609693	-0.042799279	-0.0506576965	0.0246430831	-0.0092695499	-0.0029868042	-0.0608053498	-0.0302676742	-0.0270453278	0.0658074889	0.0058113651	0.1317297146	-0.0542728168	-0.0287260486	-0.0205580901	-0.0107644263	0.1192576546	0.0486673484	0.0803866976	0.0527072746	0.140336486	0.026589867	-0.0227541392	-0.0015058868	-0.0386734739	-0.1685874552	0.0938458625	-0.0013290226	0.1013088526	0.0074048647	-0.0040440073	-0.0534051155	-0.0921450807	-0.0929359451	-0.1538151259	-0.0128425337	-0.0245371942	0.1642354226	-0.0029767427	0.0215625545	0.1907463526	0.0142660944	0.0106390984	-0.0011569668	0.0021897665	-0.0106760157	-0.0499024438	0.0012165633	-0.0384356594	0.0824592364	0.0383430067	0.0763743836	0.0063399584	-0.0456419966	-0.0412455597	-0.0067388282	0.066914474	-0.0068721149	0.067051606	0.0533384703	-0.0774535198	0.0296431137	0.0776762045	0.0211135663	-0.072453994	0.0221411842	0.2227141544	0.0254021868	-0.0514402957	0.0341826758	0.074415385	-0.0204149704	0.0979261709	0.033013888	-0.0108954105	-0.0436853598	-0.0240474412	-0.1259197485	-0.0137640128	0.0717468205	0.0364454418	0.0240820725	0.0109319509	0.0090526524	0.018455631	-0.0681087486	0.035434151	-0.0190257171	-0.0873253521	-0.0823507176	0.0315374619	-0.03303959	-0.0159425324	-0.0338051833	0.0944132815	0.0111410664	-0.0002111818	-0.01138546	-0.0383792371	-0.0931347452	0.0706390307	-0.0462711431	0.026776297	-0.058800594	-0.0411549298	0.0205597025	0.0231961626	-0.0958476552	-0.0651452616	0.0673358985	0.0	0.0	0.0350208379889096	0.0260304188154095	0.0012264590934454	0.0006775827037056	0.2975260078206503	0.0190371001094007	0.0003624111805753	0.0885217253296936	-0.5131921078939783	-0.0200147670683534	0.0004005909008004	0.2633661396046646	0.0062129098420804	0.000808286566428	6.53327173468127e-07	3.860024870581951e-05	0.0003220408790185	0.0005468265164063	1.0371032775900817e-07	2.990192390450496e-07	0.0008170077495847	-3.10560563150002e-06	6.675016628814559e-07	9.644786338404638e-12	0.0	0.0	0.0	0.0	0.0	0.0	0.0	0.0	0.0	0.0	0.0	0.0	0.0
60.74562642443064	0.0293870203882704	3690.031129696486	0.0008635969673006	64.0735520462147	0.0459950934310882	0.0021155486197345	4105.420071818984	59.23123978310443	-0.0304429853723391	0.0009267753583804	3508.3397662436128	63.84310181795986	52.66164261540142	1.010325	33.270199	0.135605232127592	0.0642431085188539	-0.0032377265	0.0923529243	-0.0303680837	0.0431491541	-0.0097894383	-0.0149914633	0.0306149913	-0.0035134832	-0.0325993637	0.0180995317	-0.0765063081	-0.0081239049	0.0122259048	-0.0387322939	-0.0649111533	0.0744784262	-0.0425193338	0.0351201015	0.1626630483	-0.195135252	0.0968598668	0.0263755443	-0.0243526291	0.0964824007	-0.0740642717	0.0203352233	0.0355019674	0.0360265069	0.0033876975	0.0961094572	0.0039492014	0.0191683279	0.004363149	-0.0124599565	0.0221323185	-0.0093683174	-0.0353304187	-0.0310103868	-0.1040660532	0.0688306409	0.0043960357	-0.0030539257	0.0118993475	-0.0302601724	0.0279600935	0.1112907354	0.181063521	-0.0074364151	0.0343772943	-0.0342408596	-0.0496044446	-0.0039225866	0.0248236389	0.0363901366	-0.0568809428	-0.0778498232	-0.1229341971	-0.1001321317	0.0160964782	0.0509432655	-0.0109723513	0.0235698867	-0.0428698328	-0.0462873681	0.0311430654	-0.0222533309	0.0547143367	0.1012574521	-0.0843984688	0.0017614349	-0.0716952679	0.0294709478	0.0407220439	-0.0053413195	0.0076123797	0.00898399	-0.0032079302	0.000523794	-0.0004548192	-0.0436981545	-0.0047946041	-0.0074526211	-0.1117466701	-0.0064032868	0.0226350563	-0.0168886574	0.0167092278	0.004425378	-0.0283535355	0.0048402752	0.0247619201	0.0529579004	-0.1181892004	-0.062163126	-0.0234422689	0.0387825272	-0.1166038199	-0.0341337893	-0.0187773176	0.1577014967	-0.0290079282	0.0341551398	0.0883840393	-0.0637657014	0.0113188744	0.0179915373	0.0754110879	-0.0299844754	0.0130818905	0.0393238062	-0.0684990538	0.019986154	0.1408640274	0.0506595608	0.0351503649	-0.0013007737	0.0064196763	-0.0143717809	-0.0091016899	0.0736539527	0.0330505803	0.1129369447	-0.0095510918	0.0132556187	0.0582687432	0.0155787036	-0.068856914	-0.0491677857	-0.0323652338	0.0282386483	-0.0244375939	-0.0556991337	-0.0442623087	-0.0586883552	-0.0041875942	0.0516781223	0.0360670306	-0.059294058	0.0003048355	0.0213671566	-0.0973855183	-0.0606285865	0.0729428184	0.0	0.0	0.0206474394974236	-0.014373398491486	0.0004263167577997	0.000206594584195	0.2818213071123381	-0.0157047007083122	0.0002466376243376	0.0794232491425067	-0.4834334921841545	0.0297586157098238	0.0008855752089649	0.2337079413653669	0.0053011414152663	-0.0009117684268141	8.313216641350588e-07	2.810210030465159e-05	-0.0002778270177385	-0.000599867896757	7.718785178546878e-08	3.598414935596669e-07	0.000820741770373	3.7340207883000383e-06	6.736170536350063e-07	1.3942911247456839e-11	0.0	0.0	0.0	0.0	0.0	0.0	0.0	0.0	0.0	0.0	0.0	0.0	0.0
60.71335456248771	-0.0322718619429309	3686.111422230347	0.0010414730732635	63.95348384016651	-0.1200682060481881	0.0144163741036301	4090.04809529444	59.18752013186191	-0.0437196512425188	0.0019114079047674	3503.1625393595587	63.84229077769485	52.24925719796244	0.975694	32.129787	0.0559521780461022	0.0278683506680692	-0.0084981948	-0.0762471826	0.0081449177	0.0846238453	0.0320045625	-0.0096598132	0.0219301996	-0.0041513704	-0.0386239628	0.0733810055	-0.0015812116	-0.0634593559	-0.0648792006	0.0543213235	-0.056844464	-0.0067260589	-0.0483586486	-0.0261716197	0.0961970908	0.0326750632	-0.0597141522	-0.0403732051	-0.0692989072	-0.0322396772	0.0852083697	-0.0410453494	-0.0375837255	-0.0335389226	-0.0858576705	0.1058499824	0.0045595697	0.0066271421	0.0160946325	0.0164113011	-0.0606702092	-0.0162287389	-0.0792476213	-0.0193796891	-0.0679203986	0.0617028051	0.131552584	-0.0715615499	-0.0748442646	0.013277043	0.0543268427	0.096673316	0.0474639326	-0.0677049297	-0.0716532618	-0.0186283748	-0.0614376655	-0.0808541	0.0581147549	0.0050881437	0.0038106855	0.1184779893	-0.114862648	-0.0291373853	0.0986618976	0.0378546204	-0.0575032504	0.0163735926	-0.1055311097	-0.0266914133	-0.0900012699	0.1077569853	-0.0300286171	-0.0081448726	0.0836747288	-0.192685942	-0.0156143786	0.028071855	0.0038031536	-0.0588213996	0.0037896372	0.0113919902	-0.0052499769	0.0012557296	-0.0074518435	-0.0216022796	-0.0723001723	-0.0049739574	0.0058375335	-0.073689121	-0.0221306286	-0.026814149	0.0233995666	-0.0031551656	-0.0277232562	-0.0504330477	-0.0054013511	0.0176316947	-0.0674960622	-0.0869735658	0.0509733898	-0.1113953807	0.0208132314	-0.067233334	0.0333702065	0.1242658092	0.0677354372	0.1485817884	-0.048256777	-0.0497863894	0.0140268722	0.0509387754	0.0215762283	-0.034795445	0.1467645377	-0.0471372024	0.060265541	0.0384326039	0.1395580267	0.016049694	0.1038667507	-0.0096986362	-0.0028598406	-0.0240128183	0.0350882909	0.036380405	-0.0123442339	0.0118400708	0.1015548648	0.0164981105	-0.0196588709	0.0266542335	-0.0626166722	-0.0318463078	0.0248789443	-0.0005777011	-0.0239541426	0.0331652656	-0.0548500684	0.0331849294	0.0193906764	-0.002962795	-0.0283491108	0.0423010301	-0.0109551023	0.0195314949	-0.0988020511	-0.0559419782	0.0781863408	0.0	0.0	0.0284386258349513	0.0077911863375277	0.0008087554393803	6.070258454607833e-05	0.2972868629192504	0.0154655558069122	0.0002391834164167	0.0883794788643691	-0.4756149771784521	0.0078185150057024	6.112917689439374e-05	0.2262096065164595	0.0056060634672215	0.0003049220519551	9.297745776856952e-08	3.142794759851555e-05	-8.620357891220287e-05	0.0001916234388262	7.431057017272388e-09	3.671954230761563e-08	0.0008197488432353	-9.929271377000616e-07	6.719881659856124e-07	9.85904300781237e-13	0.0	0.0	0.0	0.0	0.0	0.0	0.0	0.0	0.0	0.0	0.0	0.0	0.0
60.68155561867704	-0.0317989438106707	3682.251192302595	0.0010111728274741	63.88789211578	-0.0655917243865147	0.0043022743079965	4081.662758997544	59.20376270700008	0.0162425751381718	0.0002638212471191	3505.0855186667736	63.78437382745793	52.07149774499169	1.003865	33.057487	0.0523629238435586	0.0283655941750951	0.0041377682	-0.0374625699	0.0344394859	-0.1022161201	-0.0084731638	-0.0080195182	0.0083140147	0.0177845574	-0.0165872412	-0.0382611308	0.0136727966	0.0712139001	-0.0742431212	-0.012685849	-0.0755849124	0.0448805555	0.0906797307	-0.030869233	-0.1193210634	-0.0051402257	-0.0284372055	0.0255003409	-0.0012487597	-0.0559020705	0.0395765876	-0.0081438825	-0.0049339261	0.0648116746	-0.072649521	-0.1285234317	0.005646284	0.0163596985	0.0071377329	-0.0190528521	-0.0360607709	-0.0586520486	-0.0593040919	-0.065643264	-0.01507952	0.1299453275	0.0276763977	0.0506120658	-0.05841186	0.0975657599	-0.0793204093	-0.1762282881	-0.0569894041	0.1048891018	-0.0485601756	-0.0199553073	0.1182924233	0.0913126653	-0.1242312283	0.037194362	-0.0777688758	-0.1313590341	-0.0720822736	-0.0899111952	0.0425804129	-0.0250896158	-0.0791248402	0.0310014903	0.0078616326	-0.0085782336	-0.0474715458	0.140674941	0.0235618025	0.1657236244	0.0799877852	0.0236118871	-0.0463923063	0.0407386375	-0.067369859	0.056369833	0.0086494519	0.0028766225	-0.0064231486	0.005274424	-0.0177710311	-0.0535872581	0.0507727143	0.0050048309	0.1308838139	0.0266659803	0.0618823874	-0.0435071625	-0.079090794	-0.0678600861	0.031736871	0.066078435	0.0348165275	-0.0830558633	-0.0170405908	-0.036712913	0.0570695279	0.0588920793	0.0109753277	-0.0347326713	0.0197952285	0.0948378798	0.0672034988	0.1217244566	0.0640705584	-0.0350321856	-0.0557512015	0.067134447	0.0097087752	0.0194533246	0.0934777891	0.0222583743	-0.0213037735	0.0248661807	0.0470866692	-0.0215279552	0.1958512099	0.0149727814	0.0118649347	0.0039572359	-0.0436924513	0.0110185124	-0.0349008152	-0.0894870117	-0.0488145146	0.0894469535	-0.0815369237	-0.0114858976	-0.0358166248	0.0404881848	-0.0697935079	0.0324462196	-0.0018395266	-0.0626657787	-0.1110603925	0.052128678	-0.1019500891	0.0062112456	-0.069617965	0.0399877316	0.0194567339	0.0176897492	-0.1000954889	-0.0510985726	0.0830403428	0.0	0.0	0.0434625395792522	0.0150239137443009	0.001888992346678	0.0002257179841961	0.2876604944868148	-0.0096263684324355	9.266696919699233e-05	0.0827485600883988	-0.4978749659437795	-0.0222599887653274	0.0004955070998325	0.2478794817135196	0.0057150671834496	0.0001090037162281	1.1881810151536182e-08	3.2661992911342546e-05	-8.61589244212091e-05	4.4654490993778495e-08	7.423360257419621e-09	1.9940235659134447e-15	0.0008197535305461	4.687310800025221e-09	6.719958508427957e-07	2.1970882536033065e-17	0.0	0.0	0.0	0.0	0.0	0.0	0.0	0.0	0.0	0.0	0.0	0.0	0.0
60.13641018651448	-0.5451454321625562	3616.387830120723	0.2971835422077001	63.5525000943976	-0.3353920213823969	0.1124878080069701	4038.920268248407	58.86601380693151	-0.3377489000685685	0.1140743194975278	3465.2075815178514	63.37060605261959	51.24604147387276	1.262025	41.558735	0.5175092403723491	0.3214697579328745	0.0347015769	0.1249367777	0.0492427322	0.0499241764	-0.1312440707	0.048954639	-0.0082619441	-0.0463381428	-0.0519638045	-0.1180111058	0.0539206754	0.0249290661	0.2176944058	0.0297881056	0.01327871	0.1525872934	0.0124043243	-0.1459117647	-0.1372768913	0.0352389192	0.0142190281	0.0900530041	-0.098771227	0.0635430292	-0.0346820424	0.0670799299	-0.0798492589	0.0740953849	-0.0834174495	-0.1298498329	-0.0423669468	-0.0928234315	0.0436906191	-0.0127389345	0.066001787	-0.0032554116	-0.0189564919	-0.1384007568	-0.0336279329	-0.0304289363	-0.1266082333	0.0459024063	-0.1061547564	0.0299867294	-0.1057596111	0.0556319388	-0.0370960486	0.0472726249	0.014955044	0.1240996742	-0.105249685	0.254170973	-0.1261552685	0.0112778088	-0.0197093013	-0.0011970137	0.0145585459	-0.2249065515	0.0070991744	0.0168284715	-0.0468620116	0.0778956091	0.1082114493	-0.0951854969	0.0754189431	0.1623709723	0.2289917989	-0.024424516	0.1036703654	-0.0436510638	0.104913395	0.0078520508	-0.1558301023	-0.1038522607	-0.0748006067	-0.0296203159	0.0026076395	0.0731391515	0.0344848006	-0.0505214251	0.2806731867	0.3107101457	0.0765228627	-0.0280596946	-0.058900698	-0.1375236531	-0.0178015383	-0.2362096179	-0.067230072	0.1151776001	0.2581767493	-0.0059392046	0.1729581853	0.0782474669	-0.0741025803	-0.0629782735	-0.3375423786	-0.0528287881	0.0957133099	-0.1236052065	0.0156729187	0.0528689045	-0.1554605742	-0.1671587956	-0.0421241102	-0.170783006	0.1040417929	-0.0569637962	-0.0200544542	0.0238491657	-0.015280138	-0.1009886793	-0.0606386982	-0.0090800804	0.0842318331	-0.1025368037	0.0703768041	0.0278084074	-0.1021979723	-0.2053007789	0.190894363	0.0069850167	0.0617573216	0.0317211313	-0.0747319828	0.0268445416	0.0085126726	0.1644452288	-0.0902423763	-0.0453792519	-0.0103494123	0.1231909297	0.0894644015	-0.1137315757	-0.0279183296	0.1346854444	0.2766139381	0.0054132356	-0.170395604	0.0158424933	-0.1012642201	-0.046111945	0.087480642	0.0	0.0	-0.0047149884427568	-0.048177528022009	2.2231116015330197e-05	0.0023210742063114	0.2574819466817075	-0.0301785478051073	0.0009107447476251	0.0662969528670016	-0.1819825030963713	0.3158924628474082	0.0997880480838011	0.0331176314332207	0.0052826489994391	-0.0004324181840104	1.8698548586293857e-07	2.7906380451274925e-05	-0.0014650722491136	-0.0013789133246923	2.1464366951227822e-06	1.9014019570142229e-06	0.0001658710052925	-0.0006538825252536	2.7513190396744562e-08	4.275623568320248e-07	0.0	0.0	0.0	0.0	0.0	1.0	0.0	0.0	0.0	0.0	0.0	0.0	0.0
60.2739794729311	0.1375692864166211	3632.95260150332	0.0189253085651783	63.591249756893866	0.0387496624962651	0.0015015363435744	4043.8470456436544	58.77539952704247	-0.0906142798890456	0.0082109477198103	3454.547589563464	63.424233495175	51.99193320300328	1.553303	51.150593	0.0773366476541539	0.0457397695451623	0.0284073653	-0.0728329384	0.1008447072	0.0301379648	-0.0028124151	0.1324403219	0.0045933536	-0.1086941888	0.1092069598	-0.1444485402	0.170430942	0.0471395593	0.1605302935	-0.018894718	-0.0041041631	-0.0187214259	0.1136235128	-0.034326526	-0.0038594554	0.140554156	0.1496987643	-0.102005645	-0.0082253139	0.1181476643	0.2886398533	-0.0657558594	0.0932417682	0.0735000324	0.2657563823	0.0109957455	-0.0788367292	-0.1382052277	-0.0495349643	0.0143485061	0.0837659542	-0.1512237884	0.06370713	0.2910975999	0.1215183846	0.1266432114	0.0912980347	-0.0965065915	-0.1013251935	-0.0693506037	-0.1207677155	-0.0332896339	-0.0357090942	-0.0757839415	-0.0451643009	0.090693143	-0.0676660565	0.0332707511	-0.1579906136	-0.0795940427	0.0959762015	0.0966080171	0.1294633023	0.0582326791	0.0810691626	0.1135997275	0.055196087	0.1355719584	-0.1051359721	0.1244785758	0.0252109293	0.0994730623	-0.0893681642	0.0810032768	-0.0858695509	-0.0594747227	0.0573526511	-0.0574179624	0.016784794	0.057788687	-0.1221398114	-0.0272322663	0.0402659514	0.0519625431	0.1843007154	0.1373406763	-0.3577092798	0.1694288371	-0.163842412	0.2909486955	-0.1152967216	-0.1956763041	0.0281781704	-0.2576981225	-0.0746099627	-0.2611404375	0.1871974406	-0.1129721962	0.347031946	0.1741859195	-0.0920617274	0.1087015321	0.1258241956	0.1504573899	0.0644646448	0.0645251227	0.075864263	0.0065042381	0.15964981	0.007140979	0.0091476094	0.0406939987	-0.0631474254	-0.0133785321	-0.0308229078	-0.0118235089	-0.0614548833	0.0116605009	0.0122542779	-0.0076283311	-0.0032974202	-0.1116244877	0.0091247251	0.0161561023	0.1126398786	-0.0339785604	-0.029542466	-0.039163681	0.1119776728	0.1469443798	0.3344936701	-0.011195198	-0.030036716	0.108660801	-0.2695552802	-0.1179695499	-0.0460746701	0.1610910318	0.1532306494	0.0461592243	0.0483697492	0.078976681	0.0996812992	0.1289562048	0.0280085586	0.0139903026	-0.1023067888	-0.0409960724	0.091485117	0.0	0.0	-0.0234117044939807	-0.0186967160512239	0.0005481079073134	0.0003495671911	0.2486130220344051	-0.0088689246473023	7.865782439952762e-05	0.0618084347250795	-0.1835674339923798	-0.0015849308960085	2.512005945122312e-06	0.0336970028225467	0.0045179951551889	-0.0007646538442501	5.846955015266088e-07	2.0412280222310376e-05	-0.001466080807404	-1.008558290400063e-06	2.1493929338383646e-06	1.017189825134698e-12	-3.21881133592823e-05	-0.0001980591186517	1.0360746416300075e-09	3.9227414481120786e-08	0.0	0.0	0.0	0.0	0.0	0.0	1.0	0.0	0.0	0.0	0.0	0.0	0.0
60.80344500897587	0.5294655360447678	3697.0589249595528	0.2803337538591732	64.18293765901653	0.5916879021226649	0.3500945735183202	4119.4494865412025	59.32968802269469	0.5542884956522229	0.3072357364124043	3520.011880870282	63.99027521521902	52.2122387655011	1.385554	45.626556	0.3794658016884638	0.2219980086150738	-0.0061354983	0.065268138	-0.020496996	0.0139679378	-0.0121160215	-0.0063355291	0.0600761763	-0.0004991139	0.0002883886	-0.0086258359	-0.0836232328	0.0130074455	0.0605088338	0.0506693461	0.0593931293	-0.0729917876	0.0647234647	-0.0697881032	0.0480414187	-0.0672458897	0.0130766246	0.1177701509	-0.0287367149	0.0135412935	0.138014169	-0.0660907231	-0.0144984584	-0.0004218625	-0.0235998971	-0.0302188854	-0.0241418572	0.0286481541	-0.0222529401	0.0543423974	0.0697981943	-0.0258447811	0.0195309629	-0.0262528345	0.0624139116	-0.0252515871	0.1103473688	0.0138810935	-0.0446396752	-0.0760421484	-0.0528377841	0.124431185	0.1036297267	-0.0510559345	0.0888324996	-0.0061588905	-0.045716689	0.044099373	-0.0803242163	-0.0243299442	0.0458757073	-0.1169120591	0.1843640746	-0.0125287232	-0.1408387375	0.1053861145	-0.1480737153	-0.0494631448	0.1169437297	0.17047326	0.0359594417	-0.0538531403	-0.0683366495	0.0111892007	0.010461661	-0.1001354127	-0.1576482778	0.0899532336	0.0444838207	0.1050252951	-0.011136143	0.0537733901	-0.011885083	-0.0074368119	0.0163367369	-0.0592897212	0.0707887195	0.036790705	-0.0509408319	0.0417953523	-0.0428273431	0.0181961934	0.0168321052	-0.1770341662	-0.0176308768	-0.0833150061	-0.0552744497	0.1288992187	-0.2124248299	-0.0069379836	-0.1501332552	-0.0486294262	-0.0261618722	0.141587072	0.0604328284	-0.0208025387	-0.0260246102	-0.0380399681	0.0664902655	-0.157315064	0.1762883729	0.1466606301	-0.1121261962	-0.0807618243	-0.0018191189	0.1347891227	0.2067237237	-0.1451890001	-0.0051434183	-0.0536848537	-0.1048140324	-0.0137228303	0.0037726663	-0.0110681305	0.0268453448	0.0017421458	0.1088049265	0.0625775143	0.0515343959	0.1019596722	0.0165239676	0.0475735459	-0.0279936528	-0.0018894851	0.0070468691	-0.0099654287	-0.0103835258	0.0724871396	-0.117573751	-0.0039637917	-0.1058396119	-0.0434890999	0.1371860928	-0.1517647082	0.0240991969	0.012133754	-0.1032218959	-0.0357652936	0.0950338178	0.0	0.0	0.0222824634665386	0.0456941679605193	0.0004965081781376	0.0020879569856041	0.2712888962919493	0.0226758742575441	0.0005141952733439	0.073597665251304	-0.3982393057662392	-0.2146718717738594	0.0460840125308923	0.1585945446571761	0.005197428037936	0.0006794328827471	4.616290421580346e-07	2.7013258209523265e-05	-0.0005439368398656	0.0009221439675384	2.9586728576297537e-07	8.503494968674618e-07	-0.0003590890170046	-0.0003269009036453	1.289449221333299e-07	1.0686420080412528e-07	0.0	0.0	0.0	0.0	0.0	0.0	0.0	0.0	0.0	0.0	0.0	0.0	0.0
60.73970813700443	-0.063736871971443	3689.312144568482	0.0040623888487041	64.05312884979618	-0.1298088092203499	0.0168503269512052	4102.803315448592	59.29345402819045	-0.0362339945042364	0.001312902357733	3515.7136905931347	63.88223231175834	52.069522364150494	1.023827	33.71484	0.1304861819323421	0.0569439997108431	-0.0047380059	-0.0714298625	0.0451823593	-0.0320945171	-0.021072834	0.0185987441	0.0427717737	0.0236257303	0.0477092972	-0.0357333071	0.0768230669	-0.0134453511	-0.0458126384	0.0007433513	0.0092624353	0.0577829489	0.0233020606	-0.1438568637	0.0654411168	-0.0308061486	0.0336589286	0.0010834151	-0.1496571949	-0.0621283339	0.1084778809	0.1044886442	-0.0269919686	-0.0388759863	0.0175044392	-0.081189421	-0.0148908963	0.026648969	0.0081507546	0.0194039242	0.0017628524	0.0184564389	-0.0124286724	-0.0160691814	-0.032453662	-0.0800014908	-0.0118348104	-0.1251461957	-0.1368854169	0.0053774267	0.034541276	-0.0667819949	6.54645e-05	0.1253703472	0.0606945638	0.0291386246	0.0663288358	0.0236137673	-0.1251344016	0.0973224444	0.0885462534	-0.0613041343	0.0572271947	0.047671458	0.0390944454	-0.0363646967	-0.0922626881	-0.0252244666	-0.0129782084	0.0742111217	0.0956416818	-0.0905916773	0.0703182827	0.044651345	0.0367780542	0.2100127107	0.1159640039	-0.1264998025	0.0217623623	-0.1435248351	0.0086554689	0.0253767265	-0.0036441185	0.0066060705	0.0096304458	-0.0225087731	0.0171328736	0.0278843089	0.1589051325	-0.0381375461	-0.0253571977	0.0267395138	-0.003143378	-0.1649937752	-0.0456620145	0.0111114407	-0.0419400587	0.0976327615	-0.0315567789	0.016964573	-0.0839291003	-0.0061924812	-0.0322636095	0.0775723468	-0.0505521659	-0.0218996557	-0.0637448098	-0.1165130087	-0.0239594818	0.1295243124	0.0851798575	-0.036301824	-0.0059289715	0.0789487373	-0.089018144	0.0383406408	-0.0383737058	0.0156654146	-0.0752987063	-0.0971610096	-0.1073257524	0.0064742247	0.0274924372	0.0081226573	-0.0176546756	0.003923152	0.0370908299	-0.1201111397	0.0742530617	0.0711400003	-0.0748837583	0.0535125934	-0.025421328	0.0772434082	-0.1283164659	-0.004607284	0.0183356215	-0.008876605	-0.0731834233	-0.1114835139	-0.0182549742	0.0117547493	0.009717251	0.1008934558	-0.0141557257	0.0102734258	-0.1040084014	-0.0304342698	0.0981090648	0.0	0.0	0.0469004257986114	0.0246179623320728	0.002199649940091	0.0006060440693833	0.2773593879959719	0.0060704917040225	3.685086952860689e-05	0.0769282301095	-0.431499163962691	-0.0332598581964517	0.001106218167248	0.1861915285005013	0.0058829920894404	0.0006855640515043	4.699980687151267e-07	3.460959592441832e-05	-0.0001367578032793	0.0004071790365863	1.870269675777972e-08	1.6579476783534742e-07	-0.0005971033229098	-0.0002380143059052	3.565323782299249e-07	5.6650809815534145e-08	0.0	0.0	0.0	0.0	0.0	0.0	0.0	0.0	0.0	0.0	0.0	0.0	0.0
60.704662568702005	-0.0350455683024222	3685.0560575799705	0.0012281918576397	64.16991625455621	0.1167874047600321	0.0136392979105835	4117.778152116758	59.16461922178877	-0.1288348064016844	0.0165984073405595	3500.452167659257	63.867254695569	52.26171106044972	1.018892	33.55233	0.1463923435795286	0.0736215345968284	0.0089148131	0.0922566371	-0.0495752033	-0.0563629087	-0.0532319202	-0.0140333077	0.0451610855	-0.005794397	0.0299791337	0.021533843	-0.092540813	0.054822177	-0.006984704	0.0020852946	-0.0801575024	-0.0116145758	0.0028823223	-0.035732038	0.0671518962	-0.0579109613	0.0113797031	-0.1266067238	-0.1095827649	-0.1557042062	-0.0540322033	0.051864069	0.1208670994	0.0585129714	-0.0158572046	-0.0126734667	0.0004150267	0.0050149182	-0.0040176981	-0.0042256123	-0.0226616848	-0.0264521713	-0.0447147206	-0.0497780442	0.1366736233	-0.088107381	-0.0054795927	0.0367451476	0.0523474171	-0.0289176892	0.0843406011	0.0642417627	-0.0661072721	0.0383613034	-0.0210010996	-0.0451237728	-0.1067916321	0.01128172	0.0616017469	0.0655260662	-0.0807937774	0.001891692	0.0229714575	0.0598947881	-0.045755262	0.0570852191	0.003264344	-0.0235308904	0.1222867871	0.0503343159	-0.0056693766	-0.0515981977	0.0788382699	-0.0321475075	-0.0081448659	0.0772869395	-0.0045128419	0.025768676	0.0070321512	-0.0875443349	0.0113439802	0.0182169954	-0.000319159	-0.0043821412	-0.0046270684	-0.0472868989	0.0225317194	-0.013076448	-0.0779861028	0.0756942305	0.0206971699	0.0487248918	-0.0138198231	-0.1165415252	0.0192381322	0.0340528458	-0.0178756954	0.1736527296	-0.0347064551	-0.0590446848	0.0717843162	-0.0065251019	0.0179045379	0.0507623959	-0.0203427607	-0.0374917372	-0.0125670788	-0.0539010572	-0.0114570636	0.0593935449	0.0862128581	-0.0282040632	-0.056741453	0.1169510944	0.0710756255	-0.1016702201	-0.0852757381	-0.1046222993	-0.0818074216	-0.0232038816	-0.0898297943	0.0220536181	-0.0026563584	-0.0079147716	-0.0654143841	0.0517220699	0.0726065519	0.022376582	-0.0324988056	0.1096359022	0.0316193098	-0.0308794267	-0.0288540357	0.0131713052	-0.037099528	-0.0620911397	-0.0408183243	0.1090800086	-0.0487737748	0.0152352437	0.1011556295	-0.0226318964	-0.0086744284	0.0096103839	-0.0612002473	0.0084098975	-0.1046653254	-0.0250179432	0.1006955375	0.0	0.0	0.0508731718564092	0.0039727460577978	0.0025880796147317	1.5782711239747963e-05	0.3034883404211825	0.0261289524252106	0.0006827221548389	0.0921051727716035	-0.4699395338837462	-0.0384403699210552	0.0014776620396675	0.2208431655068726	0.0059969912042444	0.000113999114804	1.2995798176095696e-08	3.59639035037847e-05	0.0001646326664157	0.000301390469695	2.710391485114316e-08	9.083621522297273e-08	0.0005445125961005	0.0011416159190103	2.964939673121063e-07	1.303286906537732e-06	0.0	0.0	0.0	0.0	0.0	0.0	0.0	0.0	0.0	0.0	0.0	0.0	0.0
60.5760872344538	-0.1285753342482039	3669.462344636157	0.0165316165770373	63.81037918996002	-0.3595370645961964	0.1292669008184495	4071.7644923664825	59.10651054544652	-0.0581086763422504	0.0033766182662484	3493.5795888589805	63.74545173595457	52.1405089147594	1.014423	33.405148	0.1657779632131778	0.0744158835674015	-0.0099986733	-0.0687668845	-0.030451879	0.0994260629	-0.0302450474	0.0062681588	-0.0048651434	-0.0105538862	-0.0390377567	0.0353888859	-0.014772096	-0.0586457564	-0.0078076805	0.0065774863	-0.025376744	0.0330901999	0.0689808313	-0.0454657853	0.0137983782	0.0311757152	-0.0132780321	-0.10532815	-0.0812327218	0.0230255284	-0.0083851695	-0.0720695717	-0.0108146213	0.0183514918	0.0097019053	0.1787343105	0.0061887018	-0.0132460564	0.0324615387	0.0029375312	-0.0056251734	0.0205715711	-0.0256320997	0.0239507994	0.0049513871	-0.0320533554	-0.0942891089	-0.0100302258	0.0482525953	-0.0259651665	0.1649951835	-0.0244454072	-0.0680624539	0.0859345311	0.1208684198	0.0081697414	0.0696954238	-0.2129217845	0.0503618852	0.027823824	0.003393603	0.0313631816	-0.0673186689	-0.0623675583	0.0622569588	0.0323592334	0.0891969744	0.0906625143	-0.0423406155	0.0403977219	0.0574597754	-0.0076195711	0.1178470269	0.0038919256	0.1516174676	-0.1193911801	-0.0301754864	-0.0172217798	-0.0850253377	0.0872579337	-0.0010146841	0.0003371266	-0.0048934493	0.0043827856	-0.0108641878	0.0134969448	-0.059707508	0.0626697682	-0.0526782912	-0.046810673	-0.0266205133	0.0145145271	0.0586136743	-0.0665791122	-0.0002667713	0.0049965387	-0.0990408121	0.1136423258	-0.0021408695	-0.1012163406	0.1357591264	0.0914734051	0.0271260479	-0.1325353435	0.043896913	0.0687255989	0.0496961089	0.0251249603	-0.1575993984	0.0112297131	0.0862865835	-0.1932022644	-0.0485121249	0.0801748139	-0.0230680027	-0.0192228936	-0.0100149085	0.0757763064	-0.1279941516	-0.0481304985	-0.0349429868	0.0008435737	0.0022243834	-0.0232858766	0.0199382672	0.0378914207	0.0802356149	0.0051686171	0.1357543948	0.0560495693	0.0782708718	0.0026396166	-0.0289611789	5.09838e-05	-0.0332465865	0.0339272849	-0.0390417855	0.052289592	-0.1294939879	0.0685134904	-0.0496592685	-0.1089116814	0.0235574057	-0.0276137199	0.099992856	0.0065437496	-0.1051918494	-0.0195314949	0.10278035	0.0	0.0	0.0418439751003916	-0.0090291967560175	0.0017509182522021	8.152639405887873e-05	0.2885947703794898	-0.0148935700416927	0.0002218184285868	0.0832869414903904	-0.4105942220787284	0.0593453118050177	0.0035218660332347	0.1685876152044361	0.0055020163856727	-0.0004949748185717	2.450000710200878e-07	3.027218430821088e-05	-0.0003911537352641	-0.0005557864016798	1.5300124461105766e-07	3.088985242921801e-07	-5.492387585699469e-05	-0.0005994364719574	3.016632139154564e-09	3.593240839128484e-07	0.0	0.0	0.0	0.0	0.0	0.0	0.0	0.0	0.0	0.0	0.0	0.0	0.0
60.56510470090301	-0.0109825335507949	3668.1319074313433	0.0001206160431943	63.92168696221081	0.1113077722507966	0.0123894201634352	4085.982064094872	59.14680915345537	0.0402986080088538	0.0016239778074512	3498.345033035272	63.71681086335421	51.911615019600085	1.004807	33.088501	0.0526588646331218	0.0244584652268637	-0.0045852138	-0.0769556323	0.0304129973	-0.0889830483	-0.0830504821	-0.0038031365	0.0033044336	0.0228093331	0.026017259	-0.0495063577	0.0496287646	0.0371154815	-0.0465633895	-0.0695907787	0.0019648251	0.0231125189	0.0352208055	0.0021658095	0.1490002411	-0.1061151793	-0.0441740374	0.0253603146	-0.1272500041	-0.0350279366	0.0453289342	-0.1655793509	-0.01012525	0.1579866736	-0.0408326308	0.0062578919	-0.0157777516	0.0082697235	0.0031129144	-0.0281173155	-0.011656818	0.0621877755	0.0250755297	-0.0980158937	-0.0937226858	0.1873055739	0.0167574474	-0.0586648236	-0.0674128158	0.1852066467	0.015560477	0.0798706604	-0.1424365483	-0.0731909145	-0.0158450415	0.0303365194	0.1412514174	-0.0508715776	0.0727100464	-0.0447432923	0.0895221479	0.0497727785	0.1428241712	0.0379963394	0.0103156195	-0.0356691574	0.0525871746	0.094664725	-0.0160621364	-0.0813861286	-0.0420652503	0.0204179027	0.0260954889	-0.0067785473	0.00727446	0.0735278948	-0.0793889712	0.0450130324	-0.0515051287	-0.073292285	0.0016500594	0.0006441198	-0.0082774058	-0.0018125451	-0.029482557	-0.0183295872	0.0302872876	0.0793959829	0.1508156519	0.0081706322	0.0529012039	-0.0214753504	0.0226554389	-0.1307904019	-0.0140361985	0.0236863322	-0.1137356116	0.0506680827	-0.0492379592	-0.0154143883	-0.0216643141	0.1628539194	0.0191447368	-0.1274103262	0.0660938338	0.0458147143	0.0519999314	0.021350488	0.0054008377	-0.0239258736	-0.0478545361	-0.0980673522	-0.0174757638	-0.0315350637	-0.0603159455	-0.1200286488	-0.0758187806	-0.0220908984	-0.026308785	0.1178926914	-0.1446546873	0.0077926841	0.0210761828	0.0019913618	-0.0187687673	-0.0240456103	0.0433496787	-0.1197474947	0.0834481024	0.1334040823	-0.069001516	-0.0406061616	0.0257932053	0.0013793755	-0.0914768418	-0.0161908646	0.0217588394	-0.1057893199	-0.1241526217	-0.0588737267	0.0130336135	-0.0299024376	-0.0406185613	-0.0922519877	0.0419881034	0.0046755634	-0.1055873175	-0.0139903026	0.104353116	0.0	0.0	0.0556876059715563	0.0138436308711646	0.0031011094588433	0.000191646115697	0.2843985874980461	-0.0041961828814436	1.7607950774521057e-05	0.0808825565708837	-0.4223027760311311	-0.0117085539524026	0.0001370902356563	0.1783396346435996	0.005522027189306	2.0010803633300524e-05	4.004322620505135e-10	3.049278427943473e-05	-2.595009785610891e-05	0.0003652036374079	6.734075787416284e-10	1.3337369677602744e-07	1.807162166392968e-05	7.299549752092438e-05	3.2658350956421256e-10	5.328342658327277e-09	0.0	0.0	0.0	0.0	0.0	0.0	0.0	0.0	0.0	0.0	0.0	0.0	0.0
60.54747984003132	-0.0176248608716846	3665.997314979	0.0003106357207462	63.82678566256101	-0.0949012996498055	0.0090062566752221	4073.858568014504	59.163451073829165	0.016641920373793	0.0002769535137276	3500.313942965377	63.71109211336436	51.86799753108703	1.001154	32.968216	0.0997551010765441	0.0468338617314968	0.0031463957	0.0895183869	-0.0607272311	-0.0405213544	-0.0738942238	-0.0066328923	-0.0111974607	-0.0042795252	-0.0310019194	0.0360257183	-0.0100048175	0.0817100965	0.0902488895	-0.0643526535	-0.1296147197	0.0148276426	0.0831981612	-0.0870894504	0.1444512739	0.0069138356	0.1283470796	-0.0302459072	-0.0903147624	-0.0436603434	-0.0211923107	-0.0181708437	0.0490574107	-0.091951278	0.0016455609	0.1384188407	0.0169172266	0.0102652601	0.0336496526	0.0045188412	-0.0123551895	-0.0366683683	-0.0161144909	0.019508486	0.0551215201	0.0318753773	0.1250627914	-0.0520589065	0.0751477827	-0.0290568521	-0.1126591598	0.1377882011	0.0107019476	0.0158016265	-0.0461476924	0.1251885685	0.0225358906	0.0242126797	0.0107209426	0.0045349804	-0.0818726748	-0.0336888295	-0.0519582635	-0.0413103397	0.0294631978	0.1044974954	0.1020118121	0.0896171397	-0.0171708994	0.0185215403	-0.17209315	0.0624898845	-0.1477656954	-0.0408014162	-0.0729724607	-0.0222861177	-0.0461565081	-0.0428800891	-0.0120960001	0.0650820761	0.0078107737	-0.0066752873	-0.0018196796	-0.0160481609	-0.0376496579	-0.0663886867	0.009435885	0.0462676637	-0.0705015836	0.0708576994	0.0481324596	-0.0362747834	-0.0708336039	-0.0977246256	-0.0858168353	0.0190637072	-0.1241663132	0.0774042799	-0.0154642934	-0.1390819356	-0.0197241723	0.0093463288	-0.021003497	-0.0120480228	-0.1178522049	0.0618212189	-0.0178739808	-0.0152427574	-0.0129983893	0.0179705536	-0.1161596457	-0.0412626366	0.0422317373	-0.0633720032	0.0917363964	-0.1561752202	0.055702244	0.0464370201	0.0170503164	0.0951646953	0.010216798	0.0221090894	0.0013918858	-0.0038529351	-0.086056088	0.0275759228	0.0953335296	-0.0107180428	-0.0089733934	0.083921203	0.0533603827	-0.054354861	-0.0060897463	0.0243574229	-0.0489882582	-0.1253968652	0.0386784485	0.0457573877	-0.0774295701	0.0112659986	0.0382929029	-0.0650839427	-0.0665235552	-0.0078339046	0.0061771167	0.0028059207	-0.1058512369	-0.0084098975	0.1054060001	0.0	0.0	0.0682530940605374	0.012565488088981	0.0046584848488365	0.0001578914909143	0.2958480050433536	0.0114494175453075	0.0001310891621267	0.0875260420881322	-0.4457820257396747	-0.0234792497085435	0.0005512751668761	0.1987216144725679	0.0062220502646543	0.0007000230753482	4.900323060200914e-07	3.871390949588464e-05	0.0001781186246592	0.0002040687225153	3.172624445048497e-08	4.1644043509030143e-08	-0.0001230554951467	-0.0001411271168106	1.5142654885799505e-08	1.991686309928111e-08	0.0	0.0	0.0	0.0	0.0	0.0	0.0	0.0	0.0	0.0	0.0	0.0	0.0
60.4609317529185	-0.0865480871128241	3655.524268431068	0.0074905713828889	63.83532898651197	0.0085433239509598	7.298838413104341e-05	4074.949226816215	59.03503049809882	-0.1284205757303453	0.0164918442709133	3485.134825911458	63.61606027141388	52.267237070230166	0.935871	30.818432	0.1754640882623931	0.0816251853474272	-0.0037729732	0.0498613282	-0.0799531078	0.0665498735	-0.1088651808	-0.0010754834	-0.0036796699	-0.0084434061	-0.0746191367	0.0255806308	-0.0614990671	-0.0149218992	0.0534727421	0.006133617	-0.0790595395	0.0406040003	-0.0930576788	-0.0833066983	0.0182747678	-0.0688213033	0.0705369489	-0.0199114798	0.0376269578	-0.0164681667	0.217776143	0.0171964085	-0.077416063	0.0422844062	0.0175444012	-0.0226150317	0.0064140457	-0.0218797119	0.0077612448	-0.0304390291	-0.0214178486	-0.0610808724	0.0271422829	-0.0230498726	-0.1341853976	0.1331822005	0.0757411329	0.1058186508	-0.0251990015	-0.1283727607	0.054240074	0.0545048535	-0.0530376816	-0.0040667059	0.0528297897	0.1400047574	0.0544767179	0.0112855818	-0.121143113	-0.0929199137	-0.0222617626	0.0399645593	-0.0777238781	-0.0452879498	-0.0986911515	0.0940374689	0.0923395034	-0.1493551697	-0.1230157178	0.0531743263	-0.0543319667	0.0118970734	-0.0400540875	-0.0163642997	-0.1281737534	-0.0240500208	0.0152445012	-0.0600147007	-0.0897726294	0.0985940011	-0.0054106829	-0.0204216106	-0.0044351164	-0.0031531279	-0.0367481673	-0.0460831333	-0.0244982452	0.125597591	-0.1196473425	0.0301794511	-0.0074864115	-0.0623965974	-0.006116053	-0.0620483452	-0.0995747776	-0.0316313068	-0.142143701	-0.0536276128	-0.1188284104	-0.0975311807	0.017784144	0.0912855178	-0.0673650697	-0.099951405	-0.0060860524	0.007071859	-0.0818336564	0.0561323894	0.0177874515	0.0996841143	-0.0198311138	0.1182761865	0.1190172848	-0.0194237735	-0.0507149922	0.0471265988	0.1147364884	0.1050178291	0.0612498428	-0.1337037144	0.0558096399	0.0063879073	-0.0077983574	-0.0143873443	-0.0125212205	0.0294586638	0.1494914127	0.0663508947	0.0972241147	0.0788401547	0.0652281022	-0.0777998343	0.0337240868	-0.0437252565	-0.0867708976	0.0056383365	0.012718223	-0.0520216705	0.0228057303	-0.0551353815	0.0899670305	-0.0087700436	-0.0721497922	0.0146024679	-0.0312381727	0.000935404	-0.1059832789	-0.0028059207	0.1059337567	0.0	0.0	0.027499872512962	-0.0407532215475753	0.0007562429882291	0.0016608250665057	0.2909956360728358	-0.0048523689705178	2.354548462604425e-05	0.0846784602134343	-0.4048776560655298	0.0409043696741449	0.0016731674584391	0.1639259163811174	0.0051960856253484	-0.0010259646393058	1.052603441106085e-06	2.699930582595228e-05	0.0001418192440865	-3.629938057270001e-05	2.0112697993266266e-08	1.3176450299617107e-09	-0.0008398740366712	-0.0007168185415245	7.053883974743762e-07	5.138288214733114e-07	0.0	0.0	0.0	0.0	0.0	0.0	0.0	0.0	0.0	0.0	0.0	0.0	0.0
60.40154381598942	-0.0593879369290775	3648.3464953548896	0.003526927052692	63.486158925164986	-0.3491700613469817	0.1219197317410549	4030.492375071306	59.11158103131233	0.0765505332135134	0.0058599841352732	3494.179012021404	63.62262107154295	52.1253976261397	0.921018	30.329315	0.1525914401829261	0.0723823395565988	0.0067942608	0.0517651755	-0.0776348475	0.0328363367	-0.1484391995	0.0210134423	-0.0654268859	0.0157192087	-0.103719572	0.0749034706	0.0598251895	-0.006326858	0.1355658936	0.0340292907	-0.0469435561	0.0572548138	-0.0090205865	-0.0858852937	-0.0773235636	-0.0202332898	-0.0838007793	-0.0498334899	-0.0284379825	0.057413171	-0.0032929026	-0.0382278172	0.0097953923	0.0430015299	0.00521014	-0.0859541209	-0.000358849	-0.0072888562	0.013056466	0.0290691706	-0.0121525565	-0.0403366136	-0.1010368032	-0.0139020741	-0.0753993337	0.0002701185	0.0229107955	-0.0481226197	0.058652559	-0.0473893826	-0.0979796335	0.0760542277	-0.1135393711	-0.073140593	0.0349388146	-0.0850262882	-0.0165875217	0.1191377808	-0.1318854794	-0.1027834875	-0.072413154	-0.0870867303	0.0294408057	0.1293443638	-0.0112567743	0.0178392658	0.0486430808	0.0706185696	0.0125919722	-0.0380435848	-0.0837272122	0.1440758633	0.0238410217	0.1184880957	-0.0756801121	-0.0581369242	0.1322417401	-0.0333660198	0.0443184325	-0.1199252134	-0.0039721339	-0.0128361346	-0.0219563425	-0.0250509905	-0.0467501477	-0.0584329153	0.0705863999	0.1165097354	-0.021502241	-0.0620575244	-0.0202878724	-0.0772430862	-0.1123404628	-0.1143182346	-0.0660729369	0.0203932753	-0.0349260269	-0.1482210738	-0.0600955439	-0.0049937494	0.006566024	0.0453144725	0.0916115079	-0.0342342276	-0.0673767022	-0.0807925139	0.0573456884	-0.0048715993	0.0391392349	0.1452405789	-0.008731888	-0.0472956597	-0.0096204128	0.1055675305	0.0939561453	0.0209597214	-0.0320469459	-0.0792494225	-0.0339567382	0.083406046	-0.04467045	0.0211670887	0.0171360862	-0.0008910039	-0.0984829536	0.0015959607	0.1454936197	0.005888095	0.0929508948	0.0104826995	-0.0098307316	-0.0909064083	0.0152451782	0.0467976328	-0.091497154	-0.0565744817	0.0314403168	-0.095829736	-0.0083568882	-0.0224081263	0.0037053603	-0.0651583866	-0.057554014	-0.0421064312	0.0922979588	-0.000935404	-0.1059832789	0.0028059207	0.1059337567	0.0	0.0	0.0534292220240786	0.0259293495111165	0.0028546817660982	0.0006723311660696	0.3024685913782434	0.0114729553054075	0.0001316287034398	0.0914872487703387	-0.4263585551590267	-0.0214808990934969	0.0004614290258649	0.1817816175572928	0.0063530859091443	0.0011570002837959	1.3386496567037932e-06	4.036170056896786e-05	0.0003070882200901	0.0001652689760036	9.430317491810572e-08	2.7313834429278523e-08	-0.0002879785710126	0.0005518954656586	8.29316573624591e-08	3.04588605014523e-07	0.0	0.0	0.0	0.0	0.0	0.0	0.0	0.0	0.0	0.0	0.0	0.0	0.0
60.31788744528997	-0.083656370699451	3638.247545862669	0.0069983883586039	63.4178719555206	-0.068286969644383	0.0046631102232128	4021.826483366807	59.03173543727144	-0.0798455940408899	0.0063753188877426	3484.745788736009	63.57348166846745	51.71999440219151	0.962604	31.698742	0.0385507576946969	0.021555347823514	-0.0077039707	-0.0641378822	-0.0599032042	0.0763479047	-0.0355635328	-0.0044791046	-0.068749017	0.0248028085	-0.1133172172	0.0546773503	0.0843418584	-0.0626440026	0.1304144755	0.0713343475	-0.1353584717	0.1362691208	0.0276024024	-0.0692491094	0.102091122	0.0425923771	-0.0634296043	0.1550049511	-0.0604277702	0.0390746347	-0.0624851549	-0.0365484575	-0.0607230212	-0.0617210204	-0.0648700685	0.0730299079	0.0121356924	-0.0182027439	0.0049967614	-0.0058810227	-0.0645346059	-0.0409887423	0.0184173474	0.0986756268	0.0121342633	-0.1592268381	-0.0408130004	0.0315040621	0.1147952189	-0.0631307354	0.0085455381	0.074849508	-0.0287280851	0.107891579	-0.0574897298	-0.029877038	0.133781707	-0.0317127216	-0.019575151	-0.0705120328	0.0712642923	0.0071799526	-0.1473090225	0.0195161103	0.0891641014	0.0629687707	-0.1568603178	-0.0101007034	-0.0563851632	0.093910897	-0.1627842013	-0.1374872689	0.0591010345	0.1232866108	0.0006976187	0.0994738337	-0.0136566489	-0.0895467273	-0.0893621463	0.0119075694	0.0043760536	-0.0291701423	-0.0225777811	-0.0288474867	-0.0494220921	-0.0260925657	-0.0652797777	0.0972271091	-0.0631775007	-0.080078328	-0.071353614	-0.0307203546	-0.1313077917	-0.0219349868	-0.0635737246	0.0280114975	-0.0942780184	-0.0308966477	-0.0274332146	-0.0875117241	0.0216962361	-0.0943689424	0.0497124005	-0.1131069237	0.0150955402	-0.0280092228	0.0649576197	-0.0994780862	0.0417835239	0.0103099127	-0.0298648025	0.1073068409	-0.1057460383	0.1760151984	-0.0176632212	0.0124967301	0.0658001081	0.0534518456	-0.0560468713	0.0944368761	-0.1160146062	0.0229355476	-0.0064224258	-0.011679724	-0.0586892289	0.0558145031	0.1116492125	-0.0437622645	0.1271000983	-0.0105965686	0.092520565	-0.0731630729	-0.0271724725	0.0629896407	0.0484839383	-0.0297093499	0.1035337132	0.0384324935	-0.1137927883	0.0658969098	-0.0714534411	-0.0535797216	-0.0222586223	-0.0008441481	-0.0161855673	-0.0028059207	-0.1058512369	0.0084098975	0.1054060001	0.0	0.0	0.0612368246218579	0.0078076025977793	0.0037499486897681	6.0958658324850106e-05	0.2941133041314998	-0.0083552872467436	6.981082497559649e-05	0.086502635667148	-0.4246605001378327	0.001698055021194	2.8833908550022325e-06	0.1803365403773142	0.0060310665242139	-0.0003220193849304	1.0369648427095357e-07	3.637376341949353e-05	0.0002161354961986	-9.09527238915e-05	4.6714552717015045e-08	8.272397983283437e-09	-0.0002871544232549	8.241477576999734e-07	8.245766279485426e-08	6.792195265218941e-13	0.0	0.0	0.0	0.0	0.0	0.0	0.0	0.0	0.0	0.0	0.0	0.0	0.0
60.509563605129	0.1916761598390337	3661.407287683152	0.0367397502506388	63.58875178136202	0.1708798258414177	0.0291999148795932	4043.529353111672	59.15437325010908	0.1226378128376382	0.0150400331375995	3499.2398746132208	63.75136314544437	51.911447656264	0.984177	32.40913	0.2036719882201564	0.0926651616759576	-0.0147204648	-0.0736431253	0.0219107335	-0.0422675411	-0.0016304269	0.0126777792	-0.0447254988	0.0175967529	-0.0222880748	0.0137384425	0.1135713253	0.0153323448	0.0710825903	0.1237702843	-0.1026821827	-0.0414720746	0.0639569128	-0.1094832802	-0.0133605559	0.0480319079	0.0380311626	0.1843736153	0.0376291829	0.0097700636	-0.0090087755	-0.1272748727	-0.0361863924	0.0466769754	-0.0432539977	-0.0192570063	-0.0022239697	0.0030314806	-0.0084106373	-0.0193518294	0.0423868145	-0.0106967554	0.114302113	0.0537160057	0.0425502023	-0.0139750409	-0.066211772	-0.0576842124	-0.1210339833	-0.0292116912	0.016385908	-0.0204011033	-0.0824888969	0.1211522475	0.0217451781	0.2051712735	-0.0575935574	0.0198520724	-0.0606398676	0.0653461876	0.038860636	0.1973177873	0.0071187919	-0.0325728686	0.0709266485	-0.1031909417	-0.1839315021	-0.0441559004	0.0855919217	0.0738446841	-0.0615727533	-0.0142627251	0.0027554599	0.080252544	0.024460973	0.054694422	-0.1274260406	-0.0031267372	0.1667346308	0.070006241	0.0020644073	0.0044802758	0.0057207899	0.0044224588	-0.0119092543	-0.0127639185	-0.0873407578	0.0604616097	0.0813780562	0.0672138677	-0.0681477936	-0.0111277655	-0.0661627812	-0.0824657962	-0.0272599988	-0.0790256644	-0.1521359047	-0.0059164726	-0.1475384003	-0.031365714	-0.0189964439	-0.0826007135	-0.0503523785	-0.0247951134	-0.0874078932	0.0441509562	0.0036084098	-0.0898363321	-0.0051353483	-0.0579008452	-0.187903024	0.0122937632	-0.0608323492	0.0662238551	-0.0131037451	-0.053321213	0.0316307626	0.0100163622	-0.0450693478	0.0115320234	0.1133979064	-0.0096409329	0.0021463895	-0.015494995	0.0621859142	-0.0395897172	0.0109491165	-0.0610650985	0.1220659994	0.1692197152	0.0183332532	-0.0263972643	-0.0705633835	0.0163890292	0.0308929134	-0.0265079441	0.1711664866	0.0352398858	-0.020172295	-0.0071063548	0.0217187049	0.0048636021	0.0155946145	0.0171722169	0.001328682	-0.0046755634	-0.1055873175	0.0139903026	0.104353116	0.0	0.0	0.0230165225241165	-0.0382203020977413	0.0005297603091031	0.0014607914924426	0.2739654875651496	-0.0201478165663501	0.0004059345123912	0.0750570883768101	-0.3566564097871278	0.0680040903507048	0.0046245563044268	0.1272037946422436	0.0057581063984604	-0.0002729601257534	7.450723025136635e-08	3.31557892959906e-05	-0.0003397647385936	-0.0005559002347922	1.1544007759157737e-07	3.090250710420232e-07	0.0004299808003066	0.0007171352235615	1.8488348863230424e-07	5.142829288726027e-07	0.0	0.0	0.0	0.0	0.0	0.0	0.0	0.0	0.0	0.0	0.0	0.0	0.0
60.70362113068525	0.1940575255562464	3684.929618377777	0.0376583232250132	63.999756741466015	0.4110049601039947	0.1689250772300862	4095.968862966825	59.23020231206366	0.0758290619545789	0.0057500466369113	3508.2168659279914	63.87735446074852	52.12828310999439	1.034256	34.058266	0.2153584337275087	0.1185307016531332	-0.0056154323	0.0925199616	-0.051552728	0.0133953886	0.0376176652	-0.0043016929	0.021428572	0.0235404481	-0.0473033022	0.0993199025	-0.0719962852	0.0290386804	0.1357268233	0.1149620174	0.0210176041	0.0148641368	0.0335127147	0.0114728479	-0.0313790595	-0.0505368454	-0.0152488162	0.050234912	-0.0835516334	0.0139542249	-0.0135448161	0.0220418461	-0.0243410615	0.0408591597	-0.074237887	0.0669594328	0.0042572312	0.0238639425	-0.0025768556	-0.003449392	-0.0041980428	0.0112001009	0.0995951293	-0.0869620531	-0.0085392565	-0.0439954093	-0.0162443858	0.0020254388	0.0441869643	-0.0430295191	-0.0136185294	-0.0271780351	0.0584582724	-0.033088118	-0.0583891542	0.0535943177	0.0662144151	-0.0444163639	0.0802075472	0.0318814955	0.0411338371	0.1292890556	0.0370775998	-0.0696957153	0.062379675	-0.1233933846	0.1337927764	-0.0713808304	-0.1403650884	-0.1743953607	-0.0041755685	-0.0072446871	-0.0598898078	0.0151574911	-0.1181456059	-0.0058000971	-0.1113087096	0.0448040773	0.0188874903	-0.0290686948	0.013383805	0.0278541781	-0.0064650269	-0.0139063385	-0.0211021775	-0.0960647291	0.0728316445	-0.0204144807	-0.0622556896	-0.0155061667	-0.0716083079	-0.0200572608	-0.0808869169	-0.0938407652	-0.0195482941	0.02533177	-0.0161219556	-0.0328302084	-0.0461943308	-8.92794e-05	-0.0595742268	-0.0595273237	0.0173407282	-0.0200144499	-0.0740566808	0.0017334311	-0.0252663797	0.0525336733	0.0039962853	-0.002766618	-0.0588081069	0.137926347	-0.0489081922	0.0900111956	0.0396290107	-0.0468975024	0.0153839374	-0.1325271797	0.0084864296	0.1538818879	0.0208550485	0.0410983684	0.0015131358	0.0021435299	-0.1084184562	0.0498415074	0.0901512215	0.0189904501	0.0372471072	0.0348697557	0.0284121011	0.027128975	-0.0768590581	0.052106207	-0.0201687378	-0.0697146717	0.1173888442	-0.0138554775	-0.0396781684	-0.1246466549	0.0375664769	0.0286683733	-0.0368841617	0.0023564696	-0.0415812465	-0.0065437496	-0.1051918494	0.0195314949	0.10278035	0.0	0.0	0.060228696819891	0.0372121742957745	0.0036274959206223	0.0013847459158191	0.2890255883533967	0.0150601007882471	0.0002268066357521	0.0835357907230271	-0.4663052127590887	-0.1096488029719608	0.0120228599931839	0.2174405514462989	0.0064200313539064	0.000661924955446	4.381446466421897e-07	4.121680258514125e-05	6.487323303372428e-05	0.0004046379716273	4.208536364247895e-09	1.637318880826753e-07	0.0004277966139494	-2.184186357200035e-06	1.8300994290657203e-07	4.770670042978759e-12	0.0	0.0	0.0	0.0	0.0	0.0	0.0	0.0	0.0	0.0	0.0	0.0	0.0
60.57800764426416	-0.1256134864210878	3669.695010148527	0.0157787479708608	63.82119617508341	-0.1785605663826075	0.0318838758668775	4073.145081218481	59.08181630236037	-0.1483860097032874	0.0220184078756641	3490.661017585856	63.70366101505983	52.080452746310094	1.178583	38.810989	0.6703372962828062	0.3752766610598018	0.0350148188	-0.06360822	0.0132705342	0.0436867363	0.106358861	-0.0052755172	-0.0188164437	0.0430641793	-0.0345516925	0.1249172679	-8.97786e-05	-0.1743440523	-0.0709703672	0.0608988026	-0.1067077391	-0.0042230401	0.1977674485	-0.1642672682	-0.0022759591	-0.0018483144	-0.0010177782	0.0788008957	0.2155310693	0.0439426197	-0.0513973641	7.00348e-05	0.026554161	0.0006783733	-0.001395766	-0.0030867292	0.0006931855	-0.0144114418	0.0506615177	0.0441493153	-0.0619176694	-0.0703715728	-0.0084239499	0.0435642178	-0.0803095842	0.0308040578	0.0224372264	0.0832539999	0.0056928679	0.0109586525	-0.0277154939	-0.0075856943	0.1576685834	0.0613251503	0.1785859858	-0.0330616586	-0.0015207426	-0.0029089431	0.0404548763	-0.0400769545	0.0309090855	-0.0046597747	0.0677653042	0.0580593333	0.1482941048	-0.1273243616	0.0881784954	0.0723467883	0.0462527226	-0.0761303899	-0.1151725053	-0.053585972	-7.0487e-06	-0.0054486664	-0.05163065	-0.006481526	0.0074740362	0.0234619367	0.039959086	0.0378361981	-0.0048385574	-0.0112720597	-0.0317307759	-0.0103248896	-0.0205416982	-0.0848731681	-0.2076406687	-0.2379009151	-0.0893131948	-0.1511758947	0.0933333358	-0.0591630785	-0.2305107961	-0.0316534708	0.0936328601	0.0977529543	0.0702938247	-0.1967906436	0.0827531543	0.0488818113	-0.2200439383	-0.0775691062	0.0780563208	0.0035202657	-0.0309324863	0.0154771632	0.0597788229	-0.0140082927	-0.0720018203	-0.0329671899	0.0242247795	-0.0138165715	0.1011618582	0.0096186326	-0.0620389932	0.1027020408	0.0673993471	-0.0735773615	-0.0652805119	-0.1091330171	-0.0381511526	0.0732331799	-0.0379152976	-0.0745252082	-0.1516657089	0.3471244733	-0.2042334197	-0.0984194067	-0.0151328902	-0.1325410086	0.0527705238	-0.024124505	-0.0650250912	-0.0289832248	0.0769062853	-0.0836689082	-0.0804199341	-0.0704065715	-0.0558949632	-0.0308314002	0.3220473425	0.0809996422	0.1340003503	0.0772553014	0.095591463	-0.0084098975	-0.1046653254	0.0250179432	0.1006955375	0.0	0.0	0.0589269258853732	-0.0013017709345177	0.0034723825943002	1.694607565955339e-06	0.3901015456307135	0.1010759572773167	0.0102163491395259	0.1521792159034716	-0.7579138517041315	-0.2916086389450428	0.0850355983073803	0.5744334066049922	0.0109493995235188	0.0045293681696123	2.0515176015897976e-05	0.0001198893499256	0.0008112426283408	0.000746369395307	6.581146020372893e-07	5.570672742510498e-07	0.0006790776315485	0.0002512810175991	4.611464296695202e-07	6.31421498056392e-08	0.0	0.0	0.0	0.0	0.0	0.0	0.0	1.0	0.0	0.0	0.0	0.0	0.0
60.60464893590712	0.0266412916429601	3672.923472644549	0.0007097584204052	64.06111329288807	0.2399171178046586	0.0575602234156944	4103.82623632424	59.11540491307036	0.0335886107099838	0.0011281947694268	3494.6310980362628	63.7315124198292	52.46201013370391	1.199376	39.495686	0.4497007084062666	0.2230834451393966	0.013546958	0.0224344699	0.0110149271	-0.1245323819	0.0486480881	-0.0336787937	0.0253533365	0.0362476844	0.0001889525	-0.0529669457	-0.1122849053	0.1829120368	-0.0742895708	0.1000451328	0.0299198385	-0.0320512757	0.020311936	0.0433513869	-0.0273948747	0.118629407	-0.1818696994	-0.0039411524	-0.0467750161	-0.0132295472	-0.0021084382	0.0058149211	-0.0129028224	0.0178933804	-0.0450362254	0.0137719773	0.0012022952	0.0034503452	-0.000326225	-0.0774611961	-0.0773074536	-0.0668374536	-0.0306806191	-0.0778340476	0.0597302264	-0.0489274304	-0.0198353878	-0.0272835132	0.0213090055	-0.0826360908	0.0632686268	-0.0062243552	-0.1394003802	-0.0190859772	0.09708856	0.138260158	0.0575044836	-0.0284539072	-0.0217169491	-0.0852387382	-0.0837658055	-0.1085756406	0.043988518	0.1560504008	0.0462302484	-0.0839181833	0.0947348779	-0.1952953418	0.1172701926	0.0538153984	0.1186197229	0.0197980694	0.0926266107	-0.0860270932	-0.0981621081	0.0854441094	-0.0274891252	0.1117589664	0.1300984559	-0.1177510307	-0.0008869114	0.0024751776	0.0142928	0.0169425862	-0.073662789	-0.0913519898	-0.0457708602	-0.1073184386	-0.0132885748	0.0886676474	0.1261249766	-0.0485284759	-0.0272072851	-0.0155996467	0.1971538404	-0.2963877188	-0.073126518	0.0115353924	0.094249667	-0.0356175683	0.1393184308	-0.1267350868	-0.0872867299	-0.1913874859	0.0803420941	-0.238652963	-0.1473111279	0.0846553551	0.0083528319	0.0765525537	0.0111204296	-0.0863243144	-0.031805218	-0.0141337035	0.0050106049	-0.1114384696	0.0543084624	-0.0226455255	-0.0322599404	0.0759018523	-0.0312374436	0.0401487076	-0.0333029707	-0.0237290397	-0.0398558788	0.0798529516	-0.0831587796	0.0537528225	0.0036676674	0.2254455251	-0.0966805675	-0.0869959066	-0.1053629778	-0.1211945114	0.0730926219	0.0483811968	0.0573388736	0.1332886521	-0.0266391147	0.1460410158	0.0664727596	0.013084079	-0.0786520482	-0.030712608	-0.0859035295	-0.0102734258	-0.1040084014	0.0304342698	0.0981090648	0.0	0.0	0.0458732035452271	-0.0130537223401461	0.0021043508035018	0.0001703996669336	0.3491067739275735	-0.0409947717031399	0.0016805713069925	0.1218755396021179	-0.5735371472635009	0.1843767044406306	0.0339947691403876	0.3289448592911547	0.0087950081737907	-0.002154391349728	4.641402087783261e-06	7.735216877704524e-05	-0.0005619558598037	-0.0013731984881445	3.157943883677157e-07	1.8856740878423403e-06	0.0013769979921229	0.0006979203605744	1.8961234703104977e-06	4.870928297043005e-07	0.0	0.0	0.0	0.0	0.0	0.0	0.0	0.0	0.0	0.0	0.0	0.0	0.0
60.54895861536326	-0.0556903205438601	3666.1763894049727	0.0031014118022778	64.05874826371237	-0.0023650291756922	5.593363001875597e-06	4103.523229113674	59.1572254456865	0.0418205326161427	0.0017489569482978	3499.577322431778	63.74988984362454	52.07887508262188	1.071121	35.272224	0.2837835336806267	0.1389989805430433	0.028342057	0.0826140181	-0.0581847148	0.0597212073	0.0029277028	-0.0277242125	0.0318770568	0.0553071717	-0.0307470991	0.0750297767	-0.1993589037	-0.0701212336	-0.0572610489	-0.0125349922	0.1769421957	-0.0704836713	0.1485564733	-0.0130473144	0.0658303436	-0.0092001746	-0.0610159832	0.1060363906	0.0445259499	0.0419655262	0.0161160664	-0.1068733448	0.0623177687	0.0525911061	-0.0080150015	-0.1218121417	-0.0171117701	0.0068108662	0.0231663251	-0.0609942519	-0.0910389937	-0.0125958491	-0.0311609854	0.0400895503	-0.0298461954	0.0285442713	0.0269285014	-0.0121828897	0.0477699677	-0.200414644	0.0735732486	-0.0005157277	0.047020047	-0.1267534958	0.00159977	-0.0608702411	-0.0027427977	-0.0719292329	0.0373688246	-0.0492681267	0.0339957659	0.0540541753	-0.031717571	0.105864124	-0.0439666558	-0.0549363061	0.0276701681	0.0143908584	-0.0709514751	0.0263457459	0.0240814675	-0.1245719876	-0.0407782945	-0.0875643198	0.1523561594	0.0165122339	-0.1376884821	-0.011576187	-0.0664176765	-0.028794308	-0.003535067	0.0041624045	-0.0257679347	0.0010561998	-0.0846546825	-0.1146853827	-0.037642722	-0.1584739159	-0.1036712515	-0.1246303721	0.1688683925	-0.055134165	-0.1141089599	0.0082846068	0.2290171981	-0.2268908443	-0.136344745	-0.0062555384	-0.0169102042	0.1469230508	-0.0341882448	0.04196576	0.0130909251	-0.1039750034	-0.0459706474	-0.019475611	-0.1040709531	0.0838159431	0.0345270189	-0.1884805222	0.0748949264	-0.0130201889	0.020553129	0.0334886457	-0.0668716268	-0.0074532041	-0.050585904	0.0336061516	-0.0352270644	-0.1351484551	0.0958462336	0.0527205874	-0.0363426193	-0.0619483564	-0.1090848255	0.175133729	-0.0596513303	0.1325342245	0.0801254117	0.0322407192	-0.1698178143	-0.1787748316	-0.1360234631	-0.1259646719	0.1082483696	0.0750015704	0.0864538535	0.1000907083	0.0252219613	0.0699164415	0.1487710317	0.0105997527	-0.0227770111	-0.1533920113	-0.0119230174	-0.012133754	-0.1032218959	0.0357652936	0.0950338178	0.0	0.0	0.0317918060584361	-0.0140813974867909	0.0010107189324572	0.000198285755181	0.3756599330539814	0.0265531591264078	0.0007050702595923	0.1411203853021217	-0.6871323561527021	-0.1135952088892011	0.0129038714825812	0.4721508748719638	0.0102512695049295	0.0014562613311387	2.120697064570147e-06	0.0001050885264626	-7.910277805356358e-05	0.0004828530817501	6.25724949579134e-09	2.331470985556039e-07	0.0020289589427985	0.0006519609506755	4.116674391562006e-06	4.2505308120583204e-07	0.0	0.0	0.0	0.0	0.0	0.0	0.0	0.0	0.0	0.0	0.0	0.0	0.0
59.65893053577567	-0.8900280795875943	3559.1879926725064	0.7921499824543812	63.21617856614526	-0.8425696975671144	0.7099236952583386	3996.2852325067634	58.14941406574655	-1.0078113799399515	1.0156837775364698	3381.3543561896427	62.64314110170074	52.24245487530759	2.033642	66.968254	1.6653852785292849	0.7044144383692521	-0.0317651483	-0.071295886	0.0926939108	0.022772835	-0.0081234744	-0.0515655861	-0.1778862364	0.0549848916	-0.0216725793	-0.1759691954	0.1206718841	-0.1256350487	-0.0536664899	-0.0510459762	0.155396995	-0.6077199526	-0.0327788023	0.0726558979	0.003538694	0.0463985591	0.0910665782	-0.0043235281	0.0432298307	0.1257029042	-0.0158019707	0.0543967092	-0.0633974192	0.0043064681	0.0212117835	-0.0855096237	0.2662068275	-0.1575280681	-0.0330106525	-0.1780605789	-0.1512147436	0.6718930524	-0.0642070903	0.2242562352	0.1766573282	0.0972476215	-0.0276854681	0.0555495338	0.0198804952	0.0212522232	-0.0598036801	-0.038835581	0.1012455237	0.0311762052	0.0352734086	0.1015759893	-0.070943032	0.1304018327	0.0470171655	-0.055220851	0.0318194858	0.0157826478	-0.0338767895	0.0050815592	0.0082243984	0.075798907	-0.0558570028	-0.1166914514	0.0982054703	-0.0575128156	-0.0307940774	0.00941664	-0.098715081	0.0327469217	-0.0120915949	-0.0616100699	0.0324942449	-0.0195539786	-0.0094965203	0.003040573	0.1075495931	-0.3034704277	0.1666570568	0.0707376794	-0.0932103326	0.7856755819	0.2613017661	-0.2968521243	-0.0483216073	-0.0215337376	0.044629696	-0.0778076816	-0.0702022992	-0.1055935443	-0.0647276588	-0.0102012436	-0.0259739227	0.0492583865	-0.0091759728	-0.0071342127	-0.0349714298	-0.0240158304	-0.0084251109	-0.0488710105	-0.0056176706	-0.0159655654	-0.016055062	0.0234471707	0.0261749549	0.0103495652	0.0001337118	-0.0037174466	0.0055635122	-0.0126421108	-0.0044637325	0.007832963	0.0083887854	-0.031025106	0.0013914039	0.0008408051	0.0087138043	-0.0882774063	-0.0069827326	0.0277987818	0.3594749473	-0.0896246575	-0.1070969695	-0.0337983107	-0.2921900066	-0.4083972305	-0.0830516654	-0.2165458046	0.091856624	-0.1176413271	-0.2593861347	-0.1407049543	0.3398090653	0.2194822041	-0.2806113507	-0.0980257175	0.0519634438	-0.1638889008	-0.0088132743	-0.0833849918	-0.1136388801	-0.0139903026	-0.1023067888	0.0409960724	0.091485117	0.0	0.0	-0.3050813779669568	-0.3368731840253929	0.0930746471822171	0.1134835421154062	0.227415021837686	-0.1482449112162953	0.0219765537015272	0.0517175921574352	-0.4038205332590436	0.2833118228936584	0.0802655889913277	0.1630710230816183	0.0028999857603715	-0.007351283744558	5.4041372693002687e-05	8.409917410357467e-06	0.0044747343921589	0.0045538371702124	2.002324788036968e-05	2.073743297280866e-05	-0.0040050273503098	-0.0060339862931083	1.6040244076729536e-05	3.640899058541884e-05	0.0	0.0	0.0	0.0	0.0	0.0	0.0	0.0	1.0	0.0	0.0	0.0	0.0
60.8025550908278	1.143624555052135	3696.9507055731497	1.3078771229181936	64.04423406568624	0.8280554995409801	0.6856759103200621	4101.663917060406	59.260824971300494	1.1114109055539458	1.235234200984242	3511.8453762791123	63.898500689021695	52.22118962973083	1.897513	62.485485	0.7089148237008893	0.3155031788046782	-0.0045567842	0.0782505254	-0.0506719304	-0.0658720659	0.0187452675	0.0157724781	0.0181716726	0.0004778917	-0.0334700995	0.0111346412	-0.0845056373	0.0782227259	-0.0395060549	-0.1265829326	0.0016526024	-0.0985891384	0.101204273	0.0270532441	-0.0880745994	0.0451940609	-0.0865301662	-0.0146464996	0.1275413271	-0.0210096332	0.0613282892	0.0555304123	-0.1673208985	-0.0701229485	0.1576869632	0.0821018295	-0.0071011798	0.0291444053	-0.0269434403	0.0243455736	0.0001383422	-0.0756783628	0.0353652084	-0.0273290616	0.0908252311	-0.0783056155	-0.0653662334	0.0350908483	0.0983872897	0.0050741697	0.073770708	0.046885001	0.0619380098	0.0078795908	0.059543872	-0.0429664336	-0.0320248418	0.0855984146	0.1208194148	-0.0263399395	-0.0167566477	0.0181149939	0.0338470349	-0.05023235	-0.1736447065	0.0030070078	-0.0560786048	0.0274368772	0.0053417912	-0.0380357032	0.1522155372	0.156491668	-0.0514453343	0.107152776	0.0082902781	-0.0216060282	0.0379078482	0.0649001747	-0.1806693277	0.0440501757	-0.0023185894	0.0381096301	-0.0043069478	-0.0302886022	-0.0359809751	-0.0585653199	0.0769662046	-0.0379554819	0.0087690874	0.0793859738	0.044486822	0.1323614178	0.0562849277	0.1140836068	0.0811951827	0.1205292562	0.075673903	0.09378043	0.0726071669	0.0744663275	0.0715323802	0.0113802141	-0.0028118221	0.1969521747	0.078013544	0.0193239438	0.0358006978	0.1490603648	-0.0031071566	0.0417536227	-0.0371694486	-0.131083542	0.0309237398	-0.0105077391	0.0149192148	0.1248463841	0.1280528238	0.0895012589	0.0679419233	0.0094815232	0.0576784316	0.032511077	0.0006430948	0.031480351	0.0041004925	-0.0564026064	-0.0163394644	-0.0172599121	-0.2274932213	-0.1059158469	0.0239144521	0.0494196896	0.0114914867	-0.0449104406	0.0481219734	0.0482302406	-0.0918062537	-0.069922923	0.0122238292	0.0985019337	-0.0018027885	-0.0877345883	0.1617382285	0.055715522	0.0937001358	-0.0158424933	-0.1012642201	0.046111945	0.087480642	0.0	0.0	-0.1230727421390582	0.1820086358278985	0.0151468998576271	0.0331271435159326	0.2681724391221536	0.0407574172844676	0.0016611670637002	0.0719164571047251	-0.4901685105521167	-0.086347977293073	0.007455973182605	0.2402651687368805	0.0050230157399407	0.0021230299795692	4.507256294149599e-06	2.523068712369202e-05	0.0021508707657902	-0.0023238636263687	4.6262450511309216e-06	5.400342153959486e-06	-0.0004559050903387	0.0035491222599711	2.078494513967382e-07	1.2596268816222369e-05	0.0	0.0	0.0	0.0	0.0	0.0	0.0	0.0	0.0	1.0	0.0	0.0	0.0
60.59850690128904	-0.20404818953876	3672.179038665576	0.0416356636540457	63.901005641022834	-0.1432284246634054	0.0205143816315608	4083.338521934032	59.15291237364424	-0.1079125976562522	0.0116451287329201	3499.067042284034	63.70661635656416	52.63225764692376	0.960026	31.613842	0.164404518798177	0.0801654699731772	-0.0025761991	0.0896156224	-0.0866154413	0.0283651744	-0.0502255822	-0.0045797753	-0.0185630639	-0.0243910082	-0.0124635624	0.0009549945	-0.1157529489	-0.0209498421	-0.0341254412	-0.1210216515	-0.0262085426	0.067144777	-0.2382821121	0.0461129474	0.0420882155	-0.0320220115	-0.021773435	-0.1214555527	0.240250632	0.0484108625	0.0952746389	0.0670012244	-0.0029142619	0.0322482857	0.0823807189	-0.1383892264	0.0004396504	0.002765105	-0.0042349527	0.0097414437	-0.0438906748	0.0574004009	-0.0157593969	-0.0247669958	0.0720278537	0.0718621056	-0.0638493088	0.0566309244	0.1647251034	-0.0557011608	0.098847072	-0.0967966714	-0.0851346699	-0.0396989272	-0.0612473862	-0.0134661357	0.0401005665	-0.0639264956	-0.0170350771	-0.032320391	0.0966860631	0.1053406396	-0.1349909113	-0.03222045	0.0327360784	-0.0811131092	0.07328276	0.0672328852	0.0430392321	0.1049834258	0.0975654024	0.0571478272	-0.002458805	-0.0197329597	-0.0121293474	0.1117592686	0.0962278727	0.0829119642	0.0741690858	0.0312084382	-0.0038445507	-0.0010231437	-0.0083315999	-0.0320149951	-0.0257422748	0.0076907675	0.0274836973	-0.0017385795	-0.1047943342	0.0231089772	-0.0399382881	0.0670072428	0.014043496	0.106917572	0.0460115468	0.031806406	0.0249841858	0.020862927	0.0566984542	0.1116115897	0.0795662955	0.1237879871	-0.0622406572	0.0328417269	-0.1200340056	-0.1012479046	-0.0534409513	-0.0167110236	-0.009345323	0.0523449803	0.0291547232	-0.0591026449	0.0751852766	0.1391870321	0.0077775906	0.0140732856	-0.0371095516	0.0454856285	-0.005500829	-0.0379417594	-0.0110809033	0.0298683261	0.000840159	0.0125694014	-0.003378998	-0.0156096154	0.0420958186	0.0685964963	-0.0871456715	-0.1067811097	0.065524292	-0.0153673422	0.0005611057	-0.0537690741	-0.0070039204	0.0771871649	-0.0686646304	-0.0889790386	0.1366028922	-0.0273543551	0.0766814064	0.0244342525	-0.006085648	0.0221777027	0.015419069	-0.0176897492	-0.1000954889	0.0510985726	0.0830403428	0.0	0.0	-0.0908628110354214	0.0322099311036367	0.0082560504292586	0.001037479661701	0.2945259283148829	0.0263534891927292	0.0006945063926312	0.0867455224497435	-0.4663440917258157	0.0238244188263009	0.000567602932411	0.217476811887576	0.0052651340515868	0.000242118311646	5.862127683435797e-08	2.7721636581178837e-05	0.0009939426496403	-0.0011569281161499	9.8792199077398e-07	1.3384826659381566e-06	-0.0002146179246245	0.0002412871657142	4.606085357012756e-08	5.821949633839181e-08	0.0	0.0	0.0	0.0	0.0	0.0	0.0	0.0	0.0	0.0	0.0	0.0	0.0
60.51338499743863	-0.085121903850414	3661.8697638482304	0.0072457385151191	63.823311447808585	-0.0776941932142492	0.006036387659213	4073.4150841639744	59.106926136422665	-0.0459862372215766	0.0021147340137991	3493.628717296525	63.67384097470377	51.96373809641654	0.977414	32.186443	0.1605695791280716	0.0781558659215244	-0.0271694022	-0.017827348	-0.0334318227	0.1206455092	-0.0005201561	-0.0170618505	-0.0182834232	-0.003434103	-0.023414346	0.0411924923	-0.0512323697	-0.0724905258	0.0231024904	-0.0465172658	0.1850092424	0.0773415158	-0.0715108396	0.1299957231	0.0743225663	-0.073340071	-0.0147806472	-0.1178100132	0.0522215015	0.1366029479	-0.0114833996	-0.01812845	-0.0047241025	-0.0305991948	-0.1574293058	0.1605819592	-0.0030160509	-0.0096527552	-0.0187721428	-0.0204279789	0.0007588166	0.0735586519	0.1158337753	0.0014111141	-0.004573336	0.0180320109	0.0715527405	-0.0463010793	0.042906729	-0.0017350986	0.1404485789	0.0533452395	0.0200418597	-0.1345628945	0.0322262222	-0.0763202685	0.0578195166	-0.0794703956	-0.091481357	0.1288503649	-0.0702708198	0.1013683368	-0.0125179547	0.0687512912	0.0641813229	-0.1384433283	0.0180448194	-0.1318410087	0.0639025061	-0.0873951355	0.1755718602	0.0447154037	-0.0705336998	0.0578205928	0.0712977996	0.0553119188	0.0458491218	0.0093612994	-0.2100510891	-0.0826309098	-0.0036222663	-0.0056835113	0.0043777215	-0.0058650904	-0.0153731247	0.0478971278	0.0141787474	0.049645557	-0.0538356816	-0.0640982158	-0.1323097411	0.0809853891	0.0266968395	0.1358266165	0.0780452053	-0.0372412483	-0.069058598	-0.012283148	0.0217552735	0.1067697924	0.0889448222	0.0817031486	-0.0093944665	-0.0404867025	0.0328390769	0.0363534293	-0.1225828352	-0.0484341267	0.0602641747	-0.1105378756	-0.1351668807	-0.0391206912	-0.0856970344	-0.0052287551	-0.0442521034	0.0256651028	0.018981465	0.1213157803	-0.0856901786	-0.0587745472	0.106725458	-0.0062016069	0.0045867066	0.0011346803	0.0808664983	-0.0667004451	0.0451987145	0.0830783291	0.0641872279	-0.064032902	0.0241255237	-0.0130301397	-0.0816783979	-0.0693175843	0.1205620551	0.111110646	0.0342580393	-0.1286548888	0.0105369421	0.1665141697	-0.0808313077	0.0059254894	-0.1175955541	0.0684205249	-0.0085248059	-0.0195314949	-0.0988020511	0.0559419782	0.0781863408	0.0	0.0	-0.075293538236167	0.0155692727992544	0.0056691169001211	0.0002424022554976	0.2854746794796341	-0.0090512488352487	8.192510547759224e-05	0.0814957926239998	-0.4034247370507273	0.0629193546750884	0.0039588451927295	0.1627515184644484	0.0047322403128072	-0.0005328937387796	2.83975736830501e-07	2.2394098378157586e-05	0.0012730344514484	0.0002790918018081	1.620616714574529e-06	7.789223383649185e-08	0.0004339905911574	0.0006486085157819	1.883478332131495e-07	4.2069300674479924e-07	0.0	0.0	0.0	0.0	0.0	0.0	0.0	0.0	0.0	0.0	0.0	0.0	0.0
60.5765312060046	0.0631462085659748	3669.516132952049	0.0039874436562575	63.7670327295114	-0.056278718297186	0.003167294133174	4066.234463126578	59.1957908370647	0.0888647006420342	0.0078969350201983	3504.141652825513	63.751083995920816	51.93418084731146	1.017472	33.505554	0.1147318072818537	0.0464457177773069	-0.0072561622	-0.1030194154	0.0378494657	-0.0377376427	0.0119458333	-0.0034847237	-0.0293865124	0.025926388	0.0142762332	-0.0373849237	0.0929669009	0.0048592458	-0.0624463447	0.0058561253	0.0493143956	0.1213577524	-0.0401792597	0.1291354379	-0.0711587645	-0.0233777175	0.0897248873	-0.1025180809	0.0849679459	0.1230102706	-0.0492359495	-0.0822588782	-0.1396864104	0.068307903	0.0436321068	-0.0487654248	-0.0034164637	0.0196333679	-0.0049436959	0.015228941	0.0283241641	-0.0110336422	0.1450228813	0.086803567	-0.0360429397	-0.0979871612	0.0466138698	-0.0269318317	-0.115879549	0.1915227452	0.0332510893	0.0204180466	-0.0116270146	0.0151607434	0.0321307124	-0.0357155496	-0.0017185172	-0.0299120618	0.0376659437	0.0610457592	-0.003361868	-0.0586538882	-0.0888462978	-0.0451528555	-0.1005595553	-0.0214322434	-0.0049975046	-0.0058839667	0.0342998892	-0.0562549187	0.0686929835	0.1354939023	0.1478697543	0.0086224694	0.0135527993	0.1186210707	-0.0299313666	-0.0301010653	-0.0610353339	-0.0006834868	0.0073137625	0.0046737313	-0.0043831266	-0.0107157644	0.0096227769	0.0307924281	-0.0154001116	0.0592213766	0.1492537493	-0.0266398425	-0.1232710844	0.0831376782	-0.0324563202	0.0632533992	0.0336696144	0.0830880898	0.0728758906	-0.0368694964	0.1034376163	0.0704785928	0.0186114584	0.0129779242	0.0190511963	-0.0600856966	-0.116571527	-0.0257559199	-0.1091964252	-0.0150273599	0.0454331215	-0.1188361202	0.0424983849	-0.0376923085	0.0984160809	0.0718353428	-0.0994291993	-0.0913782049	0.0384518843	0.0732751403	0.1432037154	0.0246568295	0.0902672401	-0.0041817045	0.0299822623	0.0316152921	0.0389809696	-0.1043714748	0.0071672009	-0.1490908546	-0.005898072	-0.0616589695	-0.0038812853	0.0152898492	-0.0225742526	0.0878689393	0.013152857	0.0037838678	-0.0487845791	-0.083453464	0.080345139	-0.0356335409	0.0373349806	0.005700804	-0.0043007757	-0.0196129491	0.0012978912	-0.0213671566	-0.0973855183	0.0606285865	0.0729428184	0.0	0.0	-0.1002609264303089	-0.0249673881941419	0.0100522533686638	0.0006233704732369	0.2617891684335518	-0.0236855110460822	0.000561003433514	0.0685335687091305	-0.3778379043403674	0.0255868327103598	0.0006546860081479	0.1427614819563206	0.0048574813284088	0.0001252410156015	1.5685311988920155e-08	2.359512485584012e-05	0.0009397053822257	-0.0003333290692227	8.830462053839489e-07	1.111082683888716e-07	8.271916935630739e-05	-0.000351271421801	6.842460978997463e-09	1.233916117741611e-07	0.0	0.0	0.0	0.0	0.0	0.0	0.0	0.0	0.0	0.0	0.0	0.0	0.0
60.57914614829483	0.0026149422902292	3669.832948056464	6.837923181229625e-06	63.92607389639423	0.1590411668828295	0.025294092763452	4086.542923807256	59.07077438679147	-0.1250164502732289	0.0156291128389187	3489.356386655219	63.6991412416142	52.4271563904172	1.078257	35.507225	0.3922845925734422	0.1977975431279738	0.0125439955	0.063684116	-0.044664469	-0.0821932376	0.084201166	-0.0113898161	-0.0114570978	0.0114496987	0.0078793068	0.0403755593	-0.1094847428	0.0223761151	-0.0884575906	-0.0420936708	-0.0785975913	-0.009102377	-0.0450756924	0.0542474225	-0.1610512978	-0.039718109	-0.0088627195	-0.087150654	0.0917624423	0.0087151879	-0.0695972089	-0.0006132679	0.0403910842	-0.0519342676	0.1597030933	0.006956526	0.019264503	-0.0085253757	-0.0100635896	0.0563534318	0.0220950458	-0.0093405869	0.0762807058	0.0075642942	-0.0326894388	-0.0211658573	0.0741442657	-0.1169406443	0.0803950254	0.0148001927	0.0668362725	-0.0315084152	0.1825030422	-0.1513792076	0.0886658393	0.0237586993	-0.0938730588	0.0487598945	0.0682615204	-0.0634327834	-0.0690507568	-0.0547002627	0.0598884008	0.0123965897	-0.1083896119	-0.010080129	0.2125925064	0.0800903776	0.0350162738	-0.0451618526	-0.0716347365	-0.1390980228	0.006900831	0.080423672	0.0342023012	0.0038411498	0.034320621	-0.039543103	-0.0418496419	-0.0334787404	0.015305598	-0.012012189	-0.0208289021	-0.054156501	-0.0259709249	-0.0557165845	0.0263438116	-0.115206852	-0.051620572	0.0129462669	-0.0424570998	0.0891397283	-0.1247601036	0.02380754	0.0722672968	0.1539118856	0.1343962763	-0.082274941	0.0557281767	0.0743007961	-0.1563238123	-0.0691670253	0.0848630624	-0.0176034903	-0.1569195424	-0.0189484795	-0.0416592452	-0.0986154684	0.0730126174	-0.0887433058	0.0318018797	0.0784668914	0.0880226185	-0.1422224209	0.0133641698	-0.0884542806	-0.0129748422	0.094453831	-0.0324428349	-0.1449379821	-0.0764748086	0.0610549144	-0.0219198264	0.0117515794	-0.0783027746	0.0941416866	-0.0353393689	-0.0060352027	-0.1760606559	-0.1156639808	0.1071660274	0.0389947758	-0.0525043927	0.0414565587	0.139195851	0.0086629542	-0.1456700973	-0.0990576402	-0.0057477146	-0.160179888	0.1566735701	-0.0978255412	0.0287428505	0.0723629278	-0.1481596155	-0.0231961626	-0.0958476552	0.0651452616	0.0673358985	0.0	0.0	-0.0675744182937876	0.0326865081365213	0.0045663020077437	0.0010684078141588	0.3224751869872619	0.06068601855371	0.0036827928479012	0.1039902462224695	-0.5465566919834686	-0.1687187876431011	0.0284660293037578	0.2987242175519121	0.0062139371194127	0.0013564557910039	1.839972312948018e-06	3.861301452401501e-05	0.0003006500825746	-0.0006390552996511	9.03904721521138e-08	4.083916760121572e-07	0.0006910736435035	0.0006083544741471	4.775827807452026e-07	3.7009516621490724e-07	0.0	0.0	0.0	0.0	0.0	0.0	0.0	0.0	0.0	0.0	0.0	0.0	0.0
60.73239213384086	0.1532459855460288	3688.423454298615	0.0234843320859736	64.06278984309975	0.1367159467055216	0.018691250083587	4104.041042481164	59.30827579579455	0.2375014090030802	0.0564069192784484	3517.4715778700297	63.90379635644403	51.929324003876346	1.1998	39.509666	0.4428427032850512	0.2544252629873021	-0.0285081484	-0.0591238913	0.0511236853	0.0611317809	0.0311860083	0.0093987798	0.0476115039	-0.0162067626	0.0526671669	-0.0194443063	0.1008203706	-0.0940084053	-0.0303464203	0.1364723443	0.1048157086	0.1054123849	-0.0654910837	0.0904901377	-0.137864507	-0.0800705144	0.0715285667	-0.0783612708	-0.0398342779	-0.0554813029	-0.0648948899	-0.0394064918	0.0285608554	-0.0279320241	0.0136744176	0.0579146632	-0.0317325208	0.0381895468	-0.0239795047	-0.0076926624	0.0685803334	-0.0363294447	0.0601119557	0.001596518	-0.0505653209	-0.0680177988	0.0031415811	-0.0146966488	-0.0613759035	0.0973042124	-0.0568780817	-0.0413134499	-0.0264841458	0.0532423758	-0.0385553956	0.0227768494	-0.0285178196	0.0703272778	0.1435526031	0.0294448706	-0.0304697973	-0.0105856087	-0.0642189051	-0.2066476958	0.126043484	0.0398058379	0.1500986435	-0.0652408352	0.0399107274	0.067009239	0.0046630879	-0.1138323479	-0.136805884	0.0021560867	-0.1088111643	-0.0223775165	0.0640768391	-0.1293299154	-0.0047882599	-0.167721522	-0.0087874723	0.0445335779	0.006124574	0.0295903927	0.0262302109	0.0228494833	0.0510242604	0.0894818684	0.1270484561	-0.0822039291	-0.1793724024	0.0682636388	0.0809872467	0.0260402818	0.077939693	-0.0328468737	0.0670386911	-0.0096952063	0.0848856736	-0.1688212184	-0.0183126194	-0.1301216223	-0.0907762591	-0.1037936944	-0.1291230982	-0.2533174132	-0.0962818478	-0.044971376	-0.0292598044	0.0094028594	-0.0966161244	0.1977776545	0.0656435904	-0.0808968193	-0.0293231142	-0.0254271343	-0.0090179998	0.0287329198	0.1069550466	-0.0242418035	0.1447196289	-0.0429407732	0.0496589911	0.0224529885	0.0807297986	-0.1695102982	0.0301416924	-0.0442309932	0.1033191897	-0.0201225292	-0.0711878762	0.0825552035	-0.1060467607	0.0690664035	0.1222671344	0.008627526	-0.0973432274	-0.0035909204	0.1571793953	0.0132673292	-0.0143186848	0.0227597706	0.0287624259	-0.0910906908	-0.0729991562	-0.0250179432	-0.0941903779	0.0694793439	0.0613935146	0.0	0.0	-0.095613830970862	-0.0280394126770743	0.0091420046729245	0.0007862086632752	0.2655918730079776	-0.0568833139792843	0.0032357114092658	0.0705390430078857	-0.313575932514162	0.2329807594693065	0.0542800342828948	0.0983298654521262	0.0042280100453427	-0.00198592707407	3.943906343524232e-06	1.787606894351878e-05	3.493847320368282e-05	-0.0002657116093709	1.2206969098044624e-09	7.06026593544829e-08	0.0004439279837567	-0.0002471456597468	1.970720547622889e-07	6.108097713168105e-08	0.0	0.0	0.0	0.0	0.0	0.0	0.0	0.0	0.0	0.0	0.0	0.0	0.0
60.74062340506797	0.0082312712271104	3689.423331636291	6.775382601425598e-05	64.0703204018729	0.0075305587731548	5.670931543594014e-05	4105.005956398652	59.244751882350194	-0.0635239134443566	0.0040352875792861	3509.9406256012367	63.84182590996652	52.75125858023626	1.150756	37.894638	0.449038874990378	0.2087744986520434	-0.0027459325	0.0677561017	0.1099989651	-0.0921346066	0.0220749109	0.0030224107	0.0297662117	-0.0404982509	0.0625916655	-0.1116840093	0.0565664576	0.0850056068	0.0290265761	-0.0296462012	0.0171890022	0.0293519478	-0.2256680801	0.0651833945	-0.1098595364	0.1064185847	-0.1931177543	0.0638893389	-0.0108568614	0.1136206094	0.0174241009	-0.1097526862	0.1456265406	0.0702211659	0.1194214286	-0.0496751126	-0.0143048326	0.0226042639	-0.0236813963	-0.0045943799	0.0918187631	0.0390599654	0.0738130911	-0.1964276714	0.1646711493	-0.0801882199	0.0251303619	0.1000054144	-0.1006850594	0.0844823511	-0.1458936679	-0.0676733396	-0.071793879	-0.0085023523	0.0120539354	-0.1557280204	0.0504048078	-0.055887414	0.0379653634	-0.0134285502	-0.1179791071	-0.0104309895	0.0322103202	0.052228505	-0.0308975223	0.0751746861	0.1039019898	-0.1361032158	-0.1315770936	-0.0929543307	-0.0208290477	-0.1245626655	-0.0279929049	-0.0852529019	0.0591197278	-0.0173273726	0.1023965447	-0.084453635	-0.0347770591	0.0560645934	-0.0154305635	0.0176670771	0.0400556802	0.0531524692	0.1331426652	0.0861039801	0.004702891	0.0825183015	-0.0435390397	0.2002693231	-0.1041272083	0.054342561	0.1519863088	0.1493661357	0.1412833396	0.0108382105	0.0984002248	-0.1000072003	-0.0071386533	-0.1830242666	-0.0843708637	-0.0262216134	0.0543372958	-0.0401941007	-0.0231280607	-0.0336369537	0.0992219153	0.0770979111	-0.0697476636	-0.0538734099	0.0336463643	0.1254271644	0.0460552792	0.0833985446	-0.0757780799	-0.0541983612	-0.0868152613	-0.0311357221	0.0489402715	-0.0049359579	-0.0907892246	-0.1051519179	0.0507393449	0.0435073807	0.1421577046	-0.2266428352	0.0199841411	0.0539958918	-0.1257558782	-0.0633932221	0.1168368738	-0.0272169508	-0.0645123617	-0.0299764205	0.0325062149	0.0248163223	-0.1816636146	0.1246495912	0.0481055413	0.0265895767	0.1132460055	0.2135568023	-0.0270422767	-0.0868834368	0.0520335031	-0.0268319309	-0.0924157511	0.0736186857	0.0551452713	0.0	0.0	-0.2209683610679036	-0.1253545300970416	0.0488270165930354	0.0157137582158501	0.2353270832151253	-0.0302647897928522	0.0009159575012055	0.0553788360945385	-0.1962066694292588	0.1173692630849032	0.0137755439170932	0.0384970571285224	0.0031658609231027	-0.0010621491222399	1.1281607578752022e-06	1.002267538442868e-05	0.0016128132741797	0.001577874800976	2.6011666573702443e-06	2.489688887555106e-06	-0.0004370539333389	-0.0008809819170956	1.9101614064700365e-07	7.761291382494387e-07	0.0	0.0	0.0	0.0	0.0	0.0	0.0	0.0	0.0	0.0	0.0	0.0	0.0
60.79521697067662	0.0545935656086484	3696.0584065116464	0.0029804574058658	64.10742494615458	0.037104544281675	0.0013767472063507	4109.761933226842	59.386192665911736	0.1414407835615421	0.020005495254503	3526.7198793527887	63.954331439430746	52.31433008918795	1.057767	34.832493	0.1401818407525137	0.0787737382542319	-0.0276017902	-0.0392085147	0.0743010555	0.100241138	0.0484642786	-0.0142737083	0.0203543334	-0.0728897074	0.0948410426	-0.0639750479	0.0693319787	-0.1057108904	-0.0119244938	0.0119103174	0.1266007103	0.0279251282	0.0138711638	0.0549329416	-0.1079472792	-0.0512058317	-0.0681693786	0.0817127929	-0.0183873076	-0.1535794244	-0.0003138234	-0.0358010594	0.0814534976	-0.0270376584	-0.0721147468	0.1014199768	-0.018828354	0.0434290127	0.00355868	-0.0181929437	0.0964289269	0.0071375151	-0.0643675937	-0.1013850641	-0.0415326768	-0.0700635865	-0.0318046277	-0.054258518	-0.0773988796	0.11585978	-0.0163426165	-0.0528281337	0.1329079143	0.083507244	-0.0509232972	-0.0424419302	-0.0982513836	-0.063924947	-0.0694132116	-0.0758234036	-0.0148937107	0.0628241819	0.0641151161	0.1334810308	0.1342980538	0.0438646963	-0.0666884333	0.0307600331	-0.0956296945	0.0249436969	-0.0110657619	0.0145087059	0.0478402246	-0.0443810582	-0.1354214058	-0.1565841418	0.067963167	-0.052852372	-0.0814104858	0.0423398491	-0.0042656148	0.0388953904	0.0251585198	0.046084771	0.0813054839	0.0759445916	-0.0239662652	0.0650354097	0.0245120659	-0.0135329166	-0.1562207592	0.0615600269	0.1778555403	0.1212876348	0.1216626003	-0.0112652651	0.0019590414	-0.0683595518	-0.0226497291	-0.193729461	-0.1205893817	-0.0609148495	0.1187802683	0.0569946664	0.077547905	-0.0239158773	0.0292028639	0.0865899573	-0.1003688521	-0.1343434295	0.1036268099	0.0112624016	-0.065761621	0.0892911191	-0.0051896499	0.0587128607	0.1949410419	-0.1286992414	-0.0132743946	-0.0130051613	-0.0065424316	-0.0847974038	0.0442224793	0.0244205144	0.178929614	-0.1804064821	-0.0400816657	0.0156008125	0.0376138659	-0.0817592825	0.0287140903	0.0640733747	-0.0691130047	0.0008443489	0.0336183046	-0.0162137988	-0.0997047798	0.0403076863	0.0498041416	0.053187275	0.0471024718	0.0217772006	0.0004899187	-0.0691010961	0.0893548567	-0.0286375605	-0.0905259858	0.0775516848	0.048622297	0.0	0.0	-0.180820688521976	0.0401476725459276	0.0326961213975614	0.001611835610855	0.2458163315755968	0.0104892483604714	0.0001100243311676	0.0604256688692837	-0.2609647717660834	-0.0647581023368246	0.0041936118182666	0.068102612102924	0.0035099805568414	0.0003441196337386	1.1841832232445699e-07	1.2319963509404664e-05	0.0016119739171587	-8.393570210000947e-07	2.598459909599963e-06	7.045202087021533e-13	-0.000587831292765	-0.0001507773594261	3.455456287537711e-07	2.2733812115507345e-08	0.0	0.0	0.0	0.0	0.0	0.0	0.0	0.0	0.0	0.0	0.0	0.0	0.0
60.82735772888663	0.0321407582100121	3699.967448277944	0.0010330283383144	64.26137703440669	0.1539520882521117	0.0237012454771859	4129.524578358172	59.31751784953665	-0.0686748163750863	0.0047162304041518	3518.567923830099	63.910966915917015	52.28465482212684	1.070903	35.265064	0.2415147917730326	0.1275993735797825	-0.0042916998	0.0095167497	0.0490747705	-0.114649652	0.0006422028	0.0095157673	0.0739820565	-0.0180306173	0.0352063956	-0.0522220036	-0.0271710185	0.0904185667	-0.0916502922	-0.0448519269	0.1166667468	0.0813664399	-0.0827217303	0.0822716443	-0.0068151987	-0.0623259958	-0.0334290951	0.0279408833	-0.1545844896	-0.0897162038	-0.0602731011	-0.0044284044	0.0511950334	-0.0733740389	0.0139764775	-0.0559901088	-0.0133601122	0.03748043	-0.0119142351	-0.0226320115	0.0491525643	-0.0578371346	-0.0547314665	-0.1249979158	0.110195869	0.2482879927	-0.0928359922	-0.0202663351	-0.0216788785	0.0414794093	0.0652425982	-0.0507101394	-0.0313615778	0.1052503515	0.0161531088	-0.1338366953	-0.2009453552	0.0485321838	0.0821653899	0.0950563186	-0.0372588802	0.0001343375	-0.0277232223	0.1132005722	0.0298535668	-0.0641445609	-0.0095634556	-0.0186772799	0.0829550806	-0.0108827012	0.0278967232	0.0634975079	-0.1637644554	-0.0319190069	0.0481582126	-0.1230268573	-0.0098670017	0.030814841	0.0689240273	0.0293297782	-0.0010110434	0.0351187944	0.0069232214	0.0069868826	0.018217812	0.028357704	0.0735198228	0.0210378512	0.1074753685	0.0987518495	0.0029236935	0.0660448802	0.1460148083	0.0829099542	0.1388908346	0.1128839131	0.0719401912	-0.0270244778	0.0225106754	-0.0564420293	-0.0736889288	0.1465717081	0.0870328385	0.0413554229	0.1228639427	0.0630020544	0.0260040843	-0.0439245603	0.0302313923	0.006900278	0.0717292543	0.0701372651	-0.1304102098	0.0342777516	0.1713729334	-0.2438221392	-0.0468963793	-0.0107712839	-0.0599363212	-0.1010103914	0.1011221872	-0.0118539793	0.0414856535	0.0463841625	0.0279499608	-0.1659444171	-0.0127131057	-0.0649971211	-0.1286713366	-0.0419319785	0.0068918078	0.0225707722	-0.005270652	0.124375393	-0.029779928	0.080812388	-0.1098144482	-0.0810213406	-0.0078540756	0.1457445466	-0.0418944215	0.0108556307	-0.0135152161	0.0329006241	0.0418124855	-0.0304342698	-0.0885234364	0.0812673177	0.0418570888	0.0	0.0	-0.1376747249244374	0.0431459635975385	0.0189543298830195	0.0018615741747601	0.2574800656675649	0.011663734091968	0.0001360426929681	0.0662959842161735	-0.3731654298855744	-0.1122006581194909	0.0125889876824468	0.1392524380616855	0.0045688966032161	0.0010589160463746	1.121303193269825e-06	2.0874816170879613e-05	0.0018640765316748	0.0002521026145161	3.4747813159407515e-06	6.355572824585333e-08	-0.0004087612343751	0.0001790700583899	1.6708574672785546e-07	3.206608581176219e-08	0.0	0.0	0.0	0.0	0.0	0.0	0.0	0.0	0.0	0.0	0.0	0.0	0.0
60.76770363073146	-0.0596540981551712	3692.713804552413	0.0035586114267068	64.1462321246796	-0.1151449097270926	0.0132583502360603	4114.739095793277	59.20066700387508	-0.1168508456615669	0.0136541201318233	3504.718973703704	63.85986756620553	52.53221536957479	1.047312	34.488182	0.0395265220867043	0.0214748222650302	-0.0309901356	0.0521849901	-0.008666261	0.0773536442	-0.0118653637	0.0024522619	0.0477714857	-0.0341610949	-0.0177304387	-0.0049778616	-0.0310353869	-0.0634147023	0.0298387876	-0.0610777734	0.0666374357	0.0291053306	-0.0642266276	0.0357109661	0.0013544516	-0.0752659214	-0.0593478877	0.0387207601	0.0727556966	-0.0506705141	-0.0404466382	0.0813373358	-0.0706819219	0.0630032175	-0.0433131619	-0.0333246964	-0.0064924768	0.0127693673	0.0010644583	-0.0117017349	0.0559715388	0.0501734463	-0.070612002	-0.0512581323	-0.0364316527	0.0025009991	0.0417128031	0.0871790274	-0.1432728867	0.0594005179	-0.1089468626	-0.0279401719	0.0496773174	-0.0868844772	0.0018089989	-0.0678459055	-0.0847495347	0.024228353	0.0068889892	0.0499131708	-0.0446198214	0.0336215145	-0.1120641875	-0.0226597196	-0.0397134019	-0.0127421372	0.1392441203	-0.0605349218	0.0561502494	-0.087339607	0.1241001429	-0.0294452651	0.0160506423	0.1576317771	-0.1063367688	-0.0544962319	-0.0710515188	0.0144116702	0.0363580873	0.0243109374	-0.0024981441	0.0233039465	0.0033528356	0.0096642915	0.0356003682	0.0575190821	0.0307553546	0.0500523507	-0.1014464067	0.0006824186	-0.0513795821	0.0473788045	0.2108121762	0.1292863993	0.054874281	0.090093762	0.008808827	0.0207740554	-0.07631575	-0.0364811658	0.0140429553	0.1282073484	-0.0397951775	0.0632577766	0.0906219348	0.0195939953	-0.0431145899	-0.0155943821	0.0938379524	0.0021192312	0.0524189281	-0.0304660943	-0.0186380387	0.0022069967	0.0237826716	-0.0297661614	0.0146787834	0.0063278849	0.024793451	-0.0347732658	0.058788864	-0.0211166527	0.0223680829	0.0183386445	0.0791665146	-0.1103680835	0.0300294277	0.129087504	-0.0153052141	-0.1069762279	0.0789242659	0.0229609775	-0.0264437373	-0.0334385203	-0.0510711407	0.114060184	0.0133635656	-0.0628410066	0.0147774054	0.0350086786	-0.0481310872	0.0833075844	0.0077098721	0.0123132761	0.0271123243	-0.032221499	-0.0864105979	0.0847551701	0.0348833508	0.0	0.0	-0.1393791285682937	-0.0017044036438562	0.0194265414804569	2.904991781190616e-06	0.267147026940151	0.0096669612725861	9.345014024568043e-05	0.0713675340029617	-0.3706593797878525	0.0025060500977218	6.280287092291784e-06	0.1373883758247155	0.0041989305681984	-0.0003699660350176	1.3687486706671793e-07	1.7631017916550938e-05	0.0020036454126122	0.0001395688809374	4.0145949394819135e-06	1.9479472526118177e-08	-0.0004122084598708	-3.447225495699976e-06	1.699158143890569e-07	1.1883363618203943e-11	0.0	0.0	0.0	0.0	0.0	0.0	0.0	0.0	0.0	0.0	0.0	0.0	0.0
60.77704734588326	0.0093437151518003	3693.849484083736	8.730501283798296e-05	64.06888986268864	-0.0773422619909638	0.0059818254898788	4104.822648237327	59.24633963077626	0.0456726269011795	0.0020859888480543	3510.12875964529	63.882137754002855	52.42175922358255	1.026013	33.786827	0.24016443516989	0.1249710757598738	-0.0174557718	-0.1134803329	0.0030367943	0.0121678944	0.014407828	-0.0055216647	0.0139851034	0.003833581	0.043180303	-0.0192397551	0.0820753138	-0.0050377683	-0.0611373946	-0.0215988101	-0.0469359236	-0.1123640501	0.0103167921	0.1267792544	0.003250594	-0.0654441216	0.081449278	-0.062914978	-0.0048060667	0.0049841942	0.0219872408	-0.1343885906	0.0617797251	-0.0543397012	0.0330380668	0.0553588025	-0.0207320372	0.0239043482	0.0089104548	-0.0088693423	-0.03935424	-0.0885814538	0.0202841144	0.0999011623	0.0774757477	-0.0136178431	-0.0542944423	-0.072331837	0.0307608458	-0.0429385107	-0.0288460479	-0.1344323463	0.0437176296	-0.0318182543	-0.1948087118	0.0297866494	0.1067967831	-0.0348918695	-0.0226051254	-0.0060394322	-0.1355908731	-0.068716565	-0.0381298766	-0.062363004	0.0682644865	-0.0368355753	-0.0103292372	0.074318787	0.0188137162	-0.0201769614	0.0369699466	-0.0776083735	0.0301741982	-0.1086624209	-0.0303382324	-0.0649781086	-0.0790812301	-0.0149023466	0.0302275657	-0.0115166963	0.004775712	0.0244963914	-0.0089559715	-0.0218464298	-0.0048237549	0.0599736352	-0.1161262892	-0.0241548983	0.0246866376	0.0085890799	-0.016176157	0.0279252651	0.0592783098	0.0861090312	0.0493282518	-0.0115189731	0.0638600036	0.035188072	-0.0320739708	0.0380294067	0.0646133048	0.1233773808	-0.0031838314	0.0938072596	-0.026974431	0.0344858808	-0.0557422419	-0.0617829356	0.0369458585	0.1079778741	-0.0085152267	0.010201046	-0.0316209521	0.0861798375	0.1948564631	0.1428175187	0.0547166691	-0.0666890492	-0.0879989173	0.063006472	0.0783101332	0.0294188388	-0.0199572075	-0.0049020818	0.0894687927	0.0026964347	-0.101008097	-0.0483483461	0.0137350278	-0.0492866682	0.0529159485	0.0381783352	-0.0228479837	-0.0503435603	-0.040844742	0.0351043485	0.0486074866	-0.1272248224	0.065594535	0.0069942082	0.0788271572	0.0499158219	0.0429282472	0.0802948211	0.119382307	-0.0339986915	-0.0841901024	0.0880054659	0.0277358257	0.0	0.0	-0.0967604373971084	0.0426186911711853	0.0093625822452797	0.0018163528371448	0.2802023125212116	0.0130552855810605	0.000170440481603	0.0785133359422347	-0.4739227640775567	-0.1032633842897041	0.0106633265349631	0.2246027863109114	0.0052667264839562	0.0010677959157578	1.140188117709039e-06	2.773840785680564e-05	0.0016128595056035	-0.0003907859070087	2.601315784815566e-06	1.527136251166125e-07	-0.0002462488000785	0.0001659596597922	6.063847154010106e-08	2.7542608678375953e-08	0.0	0.0	0.0	0.0	0.0	0.0	0.0	0.0	0.0	0.0	0.0	0.0	0.0
60.83254845110004	0.055501105216777	3700.5989510554336	0.0030803726802837	64.18434772999466	0.11545786730602	0.0133305191228545	4119.63049352487	59.251775863322806	0.0054362325465433	2.955262430009721e-05	3510.772942957443	63.89107815691101	52.47932524661269	1.052542	34.660431	0.0715221721306012	0.0360513407615623	-0.01675387	0.0974917116	-0.0305493426	-0.0413634403	0.0173290389	-0.0162977743	0.0459785562	-0.010537136	8.21096e-05	-0.0338781785	-0.0554010409	0.0920204457	-0.0401524056	0.0026118757	0.0861519304	0.0650545674	0.1017589337	0.077535805	-0.1380441366	-0.0830371876	-0.0293705909	-0.0535787186	0.0326457986	-0.015308118	0.047767206	0.0400394611	0.0634119809	0.0129126642	-0.1903805247	-0.0193747087	-0.0156241716	0.0178198015	-0.0049302105	0.0429957884	-0.0124654172	0.0589133698	-0.0021051907	-0.041026574	0.1289906505	-0.0983279382	0.0434117164	0.000882279	0.0603026801	0.0559684865	-0.0410155981	-0.0133986747	-0.011343969	-0.0764910132	-0.0743370448	-0.064649382	-0.0110764548	0.1152029518	-0.0221980615	0.0221190368	0.0261922164	-0.0063619005	-0.063393241	0.0008863224	-0.0922631333	0.0350884487	-0.1524928338	0.0039350424	-0.0654515291	-0.0391046736	-0.0121080465	0.135941899	-0.0718467147	-0.0694881792	0.0023451755	0.1251493177	-0.1154647604	0.0710188996	0.0233298053	-0.0310147467	0.0063801926	0.0318807872	-0.0088775914	-0.0114339922	-0.0110106474	-0.0341956603	0.1167385608	-0.014032302	0.0174363422	0.0190700924	0.0038600682	0.029208268	0.0345476254	-0.0013286159	0.052458037	0.0405735681	0.0360896278	0.0658622092	0.090464721	0.0351044005	0.1120359331	0.0294307335	0.0596998614	0.1059502418	-0.0572037202	0.0542310364	-0.1055467568	0.0088551026	0.0920239373	0.0621953914	-0.0470449569	0.0271882079	0.0768253664	-0.0227751484	0.1025285307	-0.0355951669	-0.0005965763	-0.070653503	-0.1271241679	0.032948439	-0.1157865265	0.0373211189	0.0007487429	0.0229491978	-0.0247877288	-0.0151824393	0.0164231253	0.0696133485	-0.092428316	0.0043848191	-0.1166587386	0.0831482501	-0.0069414507	-0.077661491	-0.0052554947	-0.2191837219	-0.1481662461	-0.2092629563	0.0127669961	0.0140688139	-0.1825741603	0.0048412583	0.1223393263	0.0338080075	-0.1803300075	-0.0357652936	-0.0818647166	0.0910090951	0.020450122	0.0	0.0	-0.0790779626899791	0.0176824747071293	0.0062533241831977	0.0003126699117682	0.2806518876178216	0.00044957509661	2.0211776749192067e-07	0.0787654820234463	-0.4860149760844336	-0.0120922120068769	0.0001462215912192	0.2362105569783525	0.005784147059838	0.0005174205758817	2.6772405234585345e-07	3.345635720983258e-05	0.00139054889868	-0.0002223106069235	1.9336262396201607e-06	4.942200595069495e-08	-0.0001600217764841	8.62270235944e-05	2.5606968949127256e-08	7.435099597949215e-09	0.0	0.0	0.0	0.0	0.0	0.0	0.0	0.0	0.0	0.0	0.0	0.0	0.0
60.8678315356584	0.0352830845583582	3704.892915853291	0.0012448960559522	64.2535350790324	0.0691873490377474	0.004786889266871	4128.516770152448	59.32398008305976	0.0722042197369532	0.0052134493478222	3519.3346128952708	63.94800521869704	52.349995443717056	1.011482	33.308319	0.1003831404304095	0.0501818771473863	-0.0254642983	-0.0765802598	-0.0356033902	0.0767321133	0.0432389577	-0.0317420806	0.0326767668	0.0212814056	0.050503499	0.0495927683	-0.0223728401	-0.1360056045	-0.0700388371	-0.0111888597	-0.0416371864	-0.0705782295	-0.0259634181	0.1457478245	-0.1017327992	0.0359174377	0.0197082778	-0.0067313949	-0.0707188885	0.0150150022	0.0373966214	0.0975081337	0.1379929618	-0.0531315472	0.0108209104	-0.0556465107	-0.0216727497	0.0293307156	-0.0008628348	0.029136962	0.013233013	0.0428747019	0.0621599975	0.0787762685	-0.0237571858	-0.0838428098	-0.0951388116	0.0532771552	0.0140589379	0.0868631152	0.0545663987	-0.0450924027	0.1169846352	-0.0234765688	-0.0961732536	-0.0375806688	-0.0085431753	0.082769399	0.0253364674	-0.0422385268	-0.05033567	-0.0638301225	0.0127245619	-0.0209023407	-0.0323857545	-0.0448351873	-0.0308851771	0.0694313008	-0.0409910443	0.1156978233	0.044480662	-0.0866140212	0.0340283459	0.0782523794	-0.185185764	0.1330714752	-0.0407805515	0.0585743914	0.0089651812	0.1026501633	0.0127967671	0.0358789652	-0.0148679126	-0.0333295046	-0.0053148372	0.0121700877	-0.0721941125	-0.0542074691	-0.0136339497	-0.100980698	-0.0579581397	0.0396917945	0.0318755281	0.0124154113	-0.0337276888	0.0376511953	0.0336585643	0.1007475552	0.0237663447	-0.0215352428	0.2155749107	-0.0251520904	0.0117288833	0.049521632	-0.0241284226	-0.0086763244	0.1297678908	-0.0151761206	0.1357329573	-0.0253403408	0.002917155	-0.0049584198	-0.0093819945	-0.0809234855	0.045623198	0.0201032753	-0.0472683296	0.0097168728	-0.0403313557	0.0210652497	0.0155143392	0.0499035531	-0.0147434126	-0.007769266	0.0224361462	0.0659910716	-0.029890242	-0.0062048569	0.0535087671	-0.0960331952	-0.0160322482	0.0895276468	0.0150093109	-0.0054543766	-0.0115127541	-0.055869745	-0.0834403192	0.0032474461	-0.0157517967	0.0768304685	-0.1531713483	0.0125211237	-0.0150531127	-0.063932226	-0.1515282594	-0.037520755	-0.0794373376	0.0937576389	0.0130625369	0.0	0.0	-0.0594550074758331	0.019622955214146	0.0035348979139513	0.0003850603713363	0.2863812694940293	0.0057293818762076	3.2825816683417214e-05	0.0820142315170118	-0.5188900690100837	-0.0328750929256501	0.0010807717348701	0.2692469037172894	0.0055720254115246	-0.0002121216483133	4.499559368319354e-08	3.104746718667589e-05	0.0009215121551768	-0.0004690367435031	8.491846521385908e-07	2.1999546675608655e-07	1.934039987415599e-06	0.0001619558164715	3.740510672922531e-12	2.622968648895524e-08	0.0	0.0	0.0	0.0	0.0	0.0	0.0	0.0	0.0	0.0	0.0	0.0	0.0
60.76935506598368	-0.0984764696747149	3692.914515135597	0.009697615079595	64.0822752474584	-0.1712598315740052	0.0293299299107566	4106.53800089102	59.20000079215841	-0.1239792909013459	0.0153708645724005	3504.640093791557	63.86768315282853	52.44727476460671	0.904693	29.791714	0.1433818614799279	0.072020803203134	-0.0166618657	-0.1218145186	-0.0011867299	0.0036034515	0.0106031883	0.0026085075	0.009995539	-0.0124869564	0.0492059359	0.0173579318	0.0800630344	-0.0340268561	-0.0508779723	0.0688414477	0.0573150301	-0.0002925851	-0.0015449778	0.0011741182	-0.059859623	0.028429787	0.0605816793	-0.0871818875	0.0488094128	-0.0224588896	-0.0358883409	0.1349548921	0.0303645053	-0.0313287039	-0.0003593296	0.1089317556	-0.0192668881	-0.0020872613	-0.0081454655	0.0550161155	-0.0049367383	-0.0608249281	-0.0270535533	0.0463224307	-0.0047877101	-0.0992568201	-0.0016652019	0.0726600841	0.0386609609	0.1261640134	0.0445395526	0.1108422305	0.0820289931	0.063298805	0.0118579941	-0.0401684187	0.050734305	-0.0212718172	-0.0628944197	-0.0056397065	0.0917255843	0.0714205518	-0.0436625638	-0.0050132587	-0.0841905722	0.0530868818	0.042986091	-0.061727719	-0.1463776833	0.0864531097	-0.0885716915	0.0552742254	-0.0153899956	-0.1654133259	0.0366718467	-0.0763546436	-0.0614793964	0.0219188412	0.1005752233	-0.0174683932	0.0011736443	0.023342819	-0.0139184281	-0.0258423388	0.0018662609	0.0300708448	-0.0929616463	-0.0162767574	0.0602777921	-0.0380391687	-0.0368043162	0.0367460772	0.052221003	0.0265423214	-0.0026550518	-0.0486711343	0.0570389056	0.0619248562	-0.0460421892	0.1108594466	0.1221398138	-0.0532741766	0.0495320241	0.0102917886	-0.0947438506	-0.0567164841	-0.0093902382	0.0870998945	-0.0280062248	0.0145394613	-0.0196422843	0.0623517395	-0.0021398807	-0.0024145559	0.009687711	-0.0223079059	-0.1007150581	0.0062571679	-0.0521367507	0.0366890384	-0.0520202208	0.030286388	-0.0196552659	-0.0080550644	0.0738297914	-0.0152514907	-0.0679528537	-0.0683875987	0.0846148171	-0.035351118	-0.0167413535	0.0461488383	0.020991881	-0.0661844882	0.0032046059	0.0158620156	-0.0572183418	0.0346693139	0.0371190997	-0.0682940017	0.0440958111	-0.0460043076	-0.049196665	0.0589045369	-0.0691508842	-0.039264529	-0.0769109895	0.0962433935	0.0056098749	0.0	0.0	-0.0819021930541623	-0.0224471855783292	0.0067079692270812	0.0005038761403879	0.3025361764534864	0.016154906959457	0.0002609810188687	0.091528138063095	-0.46716886725725	0.0517212017528337	0.0026750827107573	0.218246750534422	0.0052889453516727	-0.0002830800598519	8.013432028575537e-08	2.797294293298026e-05	0.0016022748856006	0.0006807627304237	2.567284809026416e-06	4.634378951340673e-07	9.926259349787468e-05	9.732855351045908e-05	9.853062467924312e-09	9.472847328438297e-09	0.0	0.0	0.0	0.0	0.0	0.0	0.0	0.0	0.0	0.0	0.0	0.0	0.0
60.68135550926932	-0.0879995567143581	3682.2269064423294	0.0077439219819235	63.88509870903256	-0.1971765384258361	0.0388785873055952	4081.3058370628337	59.1916368979596	-0.0083638941988155	6.995472616898054e-05	3503.649878659892	63.84422597898113	52.06328004092799	0.917764	30.222168	0.0742976561112871	0.0392142534311796	0.0025167231	-0.1055419918	-0.0042758293	-0.099686509	-0.0034392242	0.0123105711	-0.0189151119	0.0247276553	0.0083496438	0.0365417023	0.1034963843	-0.0039109836	-0.1045342403	-0.0117955886	0.0287243164	0.1362186506	0.0320278855	-0.0197786932	-0.0576802057	-0.0121739748	-0.0283126029	-0.0930888461	0.0081976519	-0.1129561076	-0.0234464869	0.1608149643	0.0176529473	0.0094813071	0.1082428361	-0.064423866	-0.0158559519	0.0062214479	0.0051051551	0.0076921018	-0.0562748194	-0.003758497	0.0611651579	0.047394677	-0.0732301141	0.1045219508	-0.0194986343	0.0429362406	0.0175995384	0.0684742547	0.1389763947	-0.025928898	-0.0818462637	0.0094987461	-0.0786589753	-0.0607202085	0.0102269631	0.0778174732	0.071000723	0.0424457164	0.1186806633	-0.0460185981	0.0042160618	-0.0361252699	0.0867057309	0.0784644494	-0.0831806619	0.0084137625	-0.118949544	0.0859202136	0.0022049246	-0.0847441195	-0.0080077475	-0.0095229035	0.0629299727	-0.0761938599	0.0940002133	-0.0023042927	0.209649337	-0.113447382	0.0029613383	0.0235590996	-0.0215093032	-0.037567811	-0.0249645328	0.008644447	-0.0124441842	-0.0103671792	0.133391066	-0.0338129328	0.0136353465	0.00028021	-0.0614865686	0.0066001807	-0.0293998608	0.0760343096	0.0200059643	0.0085916573	0.0182614588	0.1326887263	0.154106285	0.1086454474	0.0532869506	-0.0138620319	-0.0019907321	-0.08776201	0.0300596831	0.0548681516	-0.0986610045	0.0189224283	0.1217469979	0.1062965903	0.0401922443	-0.1521518033	-0.068530067	0.065251942	-0.110604862	-0.0799807079	0.0374026407	-0.0331311355	-0.2191724397	0.0498074565	-0.0060955844	0.0089089405	-0.0382215662	-0.0263994703	-0.0519539292	-0.1503979456	0.0358275858	-0.0498387577	-0.0314254955	0.0138026327	0.0739785316	0.0457346623	-0.0015591517	0.0527558459	-0.0807536229	-0.0600849683	0.0277224377	-0.0786991883	0.0808786531	0.0925846401	-0.0412776999	-0.0103122728	-0.0648360522	-0.0409960724	-0.0742888199	0.0984593917	-0.0018707352	0.0	0.0	-0.0565261467774291	0.0253760462767331	0.0031952052695034	0.0006439437246389	0.3024306938498569	-0.0001054826036295	1.1126579668463552e-08	0.0914643245825058	-0.4944602246140235	-0.0272913573567735	0.0007448181863751	0.2444909137253505	0.0054346137376605	0.0001456683859877	2.121927867629061e-08	2.953502647756823e-05	0.0016897472908661	8.747240526550009e-05	2.8552459069893244e-06	7.651421682931888e-09	-9.809201273184308e-05	-0.0001973546062297	9.622042961784066e-09	3.894884060008695e-08	0.0	0.0	0.0	0.0	0.0	0.0	0.0	0.0	0.0	0.0	0.0	0.0	0.0
60.67761758816731	-0.0037379211020152	3681.773276175871	1.397205416489058e-05	63.80792743876829	-0.077171270264273	0.0059554049542014	4071.451604031119	59.177659003075135	-0.0139778948844622	0.000195381545401	3501.9953250842395	63.79315360622197	52.34564949941198	0.946949	31.183224	0.0695761266787184	0.0355570182821323	0.001844704	-0.0195028477	-0.0082564476	-0.1433016658	0.0071600959	0.0243710828	-0.0291509357	0.0067288191	0.0240112021	-0.0148405042	0.0115670348	0.1189590916	0.0113159966	0.0147031778	0.011306956	0.0511464381	0.0575787192	0.0560406849	0.0105835499	0.1214816645	-0.0615828183	0.0292547167	0.1560184806	-0.0045256435	0.0390035481	0.0083523222	0.130592878	0.0263987384	-0.0633595196	-0.0632479109	0.0123138951	0.0069964601	-0.0427866496	0.0096615716	0.0042274453	0.0016885696	0.1289866507	-0.0224853595	0.0440844908	0.0160223445	-0.0307427418	0.0473715254	-0.0070325023	-0.0081317151	-0.0423409352	-0.1760426577	-0.0545841408	0.0051846916	-0.0398094577	0.1003250015	-0.1496865273	0.0698346706	-0.0535446219	0.0016863019	-0.0029976314	0.0424576456	-0.1243748459	-0.0025261009	0.0344531659	0.0176294361	0.0800022447	-0.0521280201	0.0133185658	-0.037912532	-0.0076314182	0.0654890903	-0.0376892322	-0.1036520116	0.1480398067	0.0923319139	-0.036393988	0.006309775	-0.0029536738	-0.0343792164	0.0026760758	0.007763529	-0.0085930437	-0.0355243119	-0.0129560964	0.0178710526	-0.0428109853	-0.0218153339	-0.0026436369	0.1245261412	0.0246098061	0.0320398152	-0.0337503289	0.0645385862	-0.0126617206	0.0533682352	0.0153958501	-0.0398596463	-0.0495415119	0.0913218269	0.1248608254	-0.0214288667	0.0026482478	-0.0425226692	0.0375590092	-0.0283460704	0.1093340772	-0.0068410308	-0.0044516329	-0.0056986747	-0.0597105299	-0.0831053885	0.0923573585	-0.0194422204	-0.062163968	0.1171736052	-0.091117059	0.0438422503	-0.0015353821	-0.0608008857	-0.0725554507	0.0410220855	-0.0259604195	-0.003800411	0.0001534288	-0.0207599584	-0.0642157499	-0.0281298903	-0.094639942	0.0791135538	0.0848231645	-0.0294026285	0.0781207289	-0.0204342742	0.0598837086	0.0473874641	0.0267578391	-0.0658171687	-0.00807811	0.0187556911	-0.035645024	-0.0411894269	-0.0680660222	0.1380848792	-0.0156095109	-0.0427148457	-0.0715740957	0.1003994225	-0.0093420254	0.0	0.0	-0.0634533565406911	-0.006927209763262	0.00402632845628	4.798623510423245e-05	0.291540664677214	-0.0108900291726428	0.000118592735381	0.0849959591604317	-0.4870931565789078	0.0073670680351157	5.42736914340238e-05	0.2372597431860043	0.0051200819469694	-0.0003145317906911	9.893024735535001e-08	2.621523914368196e-05	0.0011252329263478	-0.0005645143645183	1.2661491385372336e-06	3.186764677475001e-07	-0.0001068822516764	-8.790238944556919e-06	1.142381572341731e-08	7.726830070240513e-11	0.0	0.0	0.0	0.0	0.0	0.0	0.0	0.0	0.0	0.0	0.0	0.0	0.0
60.70764412355237	0.0300265353850619	3685.4180550318815	0.0009015928272303	63.733894149558594	-0.0740332892096944	0.0054809279112062	4062.009263467139	59.176723493210815	-0.0009355098643197	8.751787062396196e-07	3501.884603391929	63.833111545306906	52.248515715019415	0.996259	32.807022	0.0837496487544394	0.0430774359806729	-0.0143569946	0.0981715928	-0.0707645237	-0.0178647962	0.0168362309	0.0144592771	-0.0299784947	0.0102508933	-0.0627443325	0.0374955313	-0.0264911641	0.0827106216	0.1729776919	-0.0312238483	0.0556290234	-0.0637768998	-0.0899298478	-0.0352381793	-0.0347646339	-0.0635955605	0.0431775268	0.0949339065	0.0329457638	-0.0035721286	-0.0722423383	0.0186898711	0.0031576716	-0.0727770799	0.0261783295	0.1041656176	-0.0201973171	0.0122473066	-0.0059420427	0.0390897958	0.0330221525	0.0488299537	0.0469390527	-0.125024238	-0.0543961267	0.0974842526	0.0132351744	0.0645139414	-0.0304852802	-0.0110629621	-0.0651143047	-0.1638681922	0.1095522344	-0.0100379188	0.0904798655	-0.0748558227	0.0095776466	0.0147683144	-0.0995068913	-0.0860421164	-0.021200463	0.082522257	-0.0506397557	0.0171388591	-0.1229046065	0.0194636303	-0.1191231827	0.0736091764	-0.0124255601	-0.0332808657	-0.0119356887	0.0065481475	0.0466222803	-0.1150436455	-0.0258429359	-0.0075152115	0.1452016755	0.0927196792	0.077851557	-0.1455188805	-0.005924184	0.0271726374	-0.0102460998	-0.0255944539	-0.0193658423	-0.0340163157	0.1174179046	0.013493673	0.0130879699	0.0428653497	-0.0234215911	-0.0075893271	0.0024923321	0.0754440464	-0.015788572	-0.0775712517	-0.0556435376	-0.060728136	0.0365409096	0.0088883161	0.082447139	-0.0230594084	0.0649637911	0.0483620354	-0.0243744865	0.0128150437	0.0242113174	0.0176353926	-0.1386962254	0.0147348467	-0.0412587478	-0.0425047456	0.033385555	-0.0795807208	-0.0958969029	0.0047326066	0.0786709218	0.023351588	0.1264069501	0.0317743807	-0.0075819377	0.0321775342	-0.008504917	0.0015741497	-0.0102251639	-0.089229544	0.0209314876	0.0815919095	-0.0386198206	0.0634864214	-0.0744367162	0.0349050213	0.0018995276	-0.0651245686	0.0672237924	-0.0616906788	0.048422544	0.0061478254	0.040248381	-0.0565826771	-0.00358814	-0.1024692765	-0.0619943988	0.089437214	0.0155089002	-0.0444203137	-0.068770199	0.1020580481	-0.0167667741	0.0	0.0	-0.0782395123898425	-0.0147861558491513	0.0061214212990003	0.0002186304047953	0.2955536928044608	0.0040130281272467	1.6104394750073944e-05	0.0873519853303535	-0.4592730811288916	0.0278200754500161	0.0007739565980445	0.2109317630496254	0.0051888759968051	6.87940498357003e-05	4.732621292796816e-09	2.692443411022012e-05	0.0014910315883724	0.0003657986620245	2.2231751975243217e-06	1.3380866113898748e-07	0.0002011328230238	0.0003080150747002	4.0454412497523256e-08	9.487328624256981e-08	0.0	0.0	0.0	0.0	0.0	0.0	0.0	0.0	0.0	0.0	0.0	0.0	0.0
60.68638973567186	-0.0212543878805107	3682.837899149859	0.0004517490041752	63.93283421883572	0.1989400692771283	0.0395771511639886	4087.407291253132	59.2099833029889	0.0332598097780874	0.0011062149464745	3505.8221227402246	63.83866156970024	51.87902220908057	0.984135	32.407753	0.0657476237296105	0.0318969840829542	-0.0231750648	0.0035218623	-0.0713503906	0.0988785797	0.0838830434	-0.0096179877	-0.0114803767	-0.0051672559	-0.0634181616	0.0962379833	0.0456967092	-0.0482132184	0.0693844182	0.0597334176	0.0058210504	0.0185748672	-0.0209419355	0.0426848662	0.0921669169	-0.0210367831	0.0021377125	-0.102053458	-0.0745914948	0.0658109598	0.0123957423	-0.0671059637	0.0559658987	0.0048505543	0.0582573621	0.033527941	-0.0159249882	0.0116869318	-0.0368001374	0.0441625823	0.011989914	-0.0264218397	0.0523920408	0.0134341	-0.0185615639	0.0589418767	0.0139130787	0.0528521154	0.0509392931	0.010561089	-0.0213953481	-0.105255297	0.0864419779	-0.0350944897	0.0423470584	0.0616153144	0.0379457354	-0.0476314864	0.0166375901	-0.0894155042	-0.08693865	-0.0207338914	-0.0045492682	0.0687976123	-0.0473083538	-0.058472168	-0.1015436489	0.0512955342	-0.0067997563	0.0173150394	0.0474586791	0.0444151629	0.0224001589	-0.010415632	-0.0151453701	0.0943591618	-0.0463251974	-0.1940168761	0.0036392034	0.0917677069	0.0082632676	0.0185030215	-0.0198903913	-0.0407243162	-0.0083341559	-0.0040146571	0.0332245388	0.0048186154	-0.0239831397	-0.0877686322	-0.0806315046	-0.039957186	-0.037356397	0.0472352467	-0.0848890447	0.0139698037	-0.0270005182	-0.0616146479	0.0542975114	0.0309448722	-0.0167553165	-0.0314826639	0.0359242369	-0.0424702841	0.0584299675	0.0036081954	-0.001975292	0.0713080349	0.0444572858	0.0446005635	-0.0023532032	0.0282180802	-0.0376733323	-0.1295326318	0.0424676024	0.0319064928	-0.0338002775	0.0015014261	0.0942171825	-0.0673304215	-0.0549418264	0.0430272316	-0.0091920075	0.0088380331	-0.0647036726	-0.0066417659	0.0267654289	0.0118761872	0.0415566832	-0.1158085757	0.0160454776	0.054101563	0.0115797467	0.0609977068	0.0720751459	-0.0370918553	0.0775061938	-0.0039461451	0.0714216234	0.0092559875	-0.0961277793	0.0238250676	-0.1156690075	-0.0696290117	0.0066993612	-0.046111945	-0.0658806233	0.1034306197	-0.0241079916	0.0	0.0	-0.069310673984404	0.0089288384054384	0.0048039695281723	7.972415527043347e-05	0.2970880932687265	0.0015344004642656	2.354384784738712e-06	0.0882613351620475	-0.4788532116527051	-0.0195801305238135	0.0003833815113295	0.2293003983101104	0.0052121050253406	2.3229028535499963e-05	5.395877667030716e-10	2.716603879518074e-05	0.001899803759632	0.0004087721712596	3.6092543251118817e-06	1.6709468799628778e-07	-8.095106390295769e-05	-0.0002820838869267	6.553074747020741e-09	7.95713192637078e-08	0.0	0.0	0.0	0.0	0.0	0.0	0.0	0.0	0.0	0.0	0.0	0.0	0.0
60.929796430905135	0.2434066952332756	3712.44009311154	0.0592468192843847	63.986051679523456	0.0532174606877333	0.0028320981220504	4094.214809534647	59.36285784132937	0.1528745383404697	0.0233706244728117	3523.9488910898804	63.99501656131831	52.36080443640368	1.008099	33.196918	0.054566928863103	0.0288518517855926	-0.0109365318	-0.0647314064	0.0133019613	-0.066727003	0.1083061471	0.0085845083	0.0184697372	-0.0071559937	0.0131235471	0.0414933234	0.1190731718	0.0733743643	-0.0215040273	0.065944245	-0.097707805	-0.0014515124	-0.0227728451	0.0086557608	0.0121700598	0.1919428011	0.1131217536	0.1260097599	0.0029628487	0.1279458656	-0.0623676845	-0.0615872257	-0.0517935995	-0.0845235143	-0.063252172	-0.0304590428	-0.0244501058	0.0473357582	0.0030178324	0.046505631	-0.0862443251	-0.0054995576	0.1085273963	0.0726447499	0.0413631476	0.0875380572	0.0776768253	-0.0889526829	-0.0423930209	-0.0123345793	-0.1769257031	-0.0519516085	-0.0457219192	0.0725402126	0.0073178738	-0.1018916885	0.2698405545	-0.0108809443	-0.0150243336	0.1039888487	0.0940254346	-0.0631317565	0.1353100775	0.1904724693	-0.0343567779	-0.0476876834	-0.0291142702	0.0001924335	0.0595538294	-0.1655624241	-0.1046317842	-0.040946849	-0.0268860901	0.0074523716	0.0901782491	-0.0166674746	-0.0047115962	0.1364137874	0.0837884995	0.068788	0.0099591305	0.0429010499	-0.0151370621	-0.0394223718	0.02725051	0.0083873534	-0.089144689	-0.0769396041	0.0543494269	0.0651024246	-0.0328142535	-0.0318154375	-0.015011703	-0.0085209933	-0.0462036142	0.1001996723	-0.0091789375	-0.0332060813	-0.071874191	0.0239981178	-0.0426345412	-0.0111281053	-0.0412868721	-0.0207213904	0.0088747753	0.0169662473	-0.0074504987	-0.1120589209	0.0040193402	0.0976114523	-0.0756487909	-0.0011862593	0.0310678106	-0.0335860719	-0.0132784658	-0.0012335596	-0.0099788825	0.007626134	0.0522415259	-0.0616927447	0.116527653	0.048634666	-0.0277362579	-0.0060769349	0.0153491855	0.0164377181	-0.1046755248	-0.0281086527	-0.0392803415	0.0430344907	0.0899734408	0.0400491923	-0.0247229873	0.0390524644	0.0195007902	0.0322544964	0.0952669932	-0.0445672072	0.0758675319	-0.0526272204	-0.072919528	0.0270197847	-0.0498912065	-0.0153549063	-0.0363473581	-0.0477892128	-0.0629089685	0.1045132902	-0.0313291043	0.0	0.0	-0.0762647660724979	-0.0069540920880938	0.0058163145440928	4.8359396769690015e-05	0.2938255418346358	-0.0032625514340907	1.064424186008735e-05	0.0863334490344173	-0.5007708927527688	-0.0219176811000636	0.000480384744804	0.250771487028405	0.0050270512458642	-0.0001850537794764	3.4244901298500166e-08	2.5271244228544803e-05	0.0016839239159076	-0.0002158798437244	2.8355997545655857e-06	4.6604106926471375e-08	-3.3232602286662177e-05	4.771846161629552e-05	1.1044058547434642e-09	2.2770515790258684e-09	0.0	0.0	0.0	0.0	0.0	0.0	0.0	0.0	0.0	0.0	0.0	0.0	0.0
60.83809551340815	-0.0917009174969862	3701.273865698573	0.008409058269789	64.13171686444964	0.1456651849261874	0.0212183460995803	4112.877107981934	59.3319784773157	-0.0308793640136713	0.0009535351218888	3520.2836700326534	63.90995322829727	52.6941602709575	0.949157	31.25592	0.0859479422837033	0.0412798611240926	-0.0117407878	0.0220361523	-0.0191743961	-0.1197923952	0.0630787747	-0.0024890237	0.0316552579	0.01479935	0.0052688478	0.0146308479	0.0449716339	0.1030991276	0.0024404108	3.98867e-05	-0.0412795366	-0.087034699	0.021143027	-0.0757009836	0.051377536	-0.0155837871	-0.1127855519	0.0205664555	-0.1446794302	0.0046569722	-0.1238187949	-0.0942940927	-0.1405185621	-0.055758614	-0.0044584673	-0.1176575495	-0.0215658218	0.0365845686	-0.0145516362	-0.0038471172	0.0022488611	0.0195914419	-0.0785637581	-0.1066030196	-0.0033385491	0.0340737147	-0.087018434	-0.1050392112	-0.0119896045	-0.0336254494	0.0484141686	0.067390219	0.0176096165	0.0162420912	-0.0529244958	-0.0104184837	0.0169090922	0.1033445069	-0.1071243978	-0.0695077984	-0.0279954204	-0.0133826972	0.0059131495	-0.0215589097	0.0096432934	-0.0820916191	-0.0786474669	-0.1253402136	-0.0395104867	-0.0105842365	0.0267339584	-0.0482938602	-0.0114519124	0.0095966765	-0.0355570384	-0.0503869385	0.0439289357	-0.1022606842	0.0184960134	-0.0009987501	-0.0010058156	0.0328733289	-0.0106085981	-0.0281505569	-0.0046101501	-0.0214841189	0.0380782073	-0.0257637135	0.0556869916	0.0966112375	0.0063925778	-0.0539043521	-0.0046202752	0.0509563835	0.0328822325	-0.0367560757	-0.0550681996	-0.1203406568	0.0156441602	0.0155044617	0.0820168503	-0.1432764761	0.0028545519	-0.0477537686	0.1385335773	0.110223683	0.0528879747	0.0148221025	-0.018633232	0.0950865629	-0.0311416604	-0.0150923722	0.0307629405	-0.1317585108	-0.0541144267	0.0294051166	0.0321752204	-0.0649407789	0.0026007223	0.0060565084	-0.0878239296	0.0347142568	-0.018527522	0.0059041047	-0.0152560179	-0.0869837878	-0.0704083931	0.0208190339	-0.0616633917	0.1072041308	-0.028497576	0.0149564769	0.0222478591	-0.0026448693	0.0249730714	0.0457097723	0.0139494112	0.026289866	-0.0318151442	0.1291705668	-0.0553321111	-0.1264574475	-0.0483189444	0.0778130023	-0.0099457004	-0.0494515946	-0.059858937	0.105303025	-0.038394137	0.0	0.0	-0.0785609512991101	-0.0022961852266122	0.0061718230690211	5.272466594912154e-06	0.3012219617229021	0.0073964198882663	5.470702716354181e-05	0.0907346702241935	-0.4730995557702471	0.0276713369825216	0.0007657028904002	0.2238231896700051	0.005385365205193	0.0003583139593288	1.2838889344988118e-07	2.9002158393303445e-05	0.0013461672121368	-0.0003377567037707	1.8121661630321643e-06	1.1407959094211588e-07	0.0002423767383398	0.0002756093406264	5.8746483288239886e-08	7.596050864055325e-08	0.0	0.0	0.0	0.0	0.0	0.0	0.0	0.0	0.0	0.0	0.0	0.0	0.0
60.74711632905307	-0.0909791843550777	3690.212142295506	0.0082772119859152	63.96855315977378	-0.1631637046758598	0.0266223945235512	4091.975793354805	59.19061603627306	-0.1413624410426379	0.0199833397375332	3503.529026753506	63.859763383821104	52.45917659328072	0.959674	31.602262	0.0890725353844741	0.0430203009254063	-0.0076951084	0.1055930121	-0.0754885442	0.0010216891	0.0504009868	0.0044496232	-0.0029451291	0.0077905655	-0.0245156144	0.0729487736	0.0052883798	0.150752181	0.118554193	-0.0365498495	-0.0253009943	-0.0546867592	0.0562902715	-0.028784452	0.0323004514	-0.003967027	-0.007343111	-0.0527432353	0.0804269803	-0.0501335616	-0.09774974	0.005407707	0.0090643038	-0.0390753329	0.103910896	0.0374339389	0.0033713753	0.0117771959	-0.0192497004	0.0166388772	-0.064034176	0.0145179756	-0.0894468013	-0.0465438385	-0.047136848	-0.0182233904	0.0160948843	-0.0244685022	0.0532650162	-0.0905829308	-0.0075167879	0.0289072456	-0.1343689672	-0.0402086444	-0.0447369861	-0.0699199159	-0.0570376183	0.0367999092	0.075928787	-0.0080706387	0.067791963	-0.0731039609	0.0174533367	-0.0718789583	0.1136485888	0.0993767646	0.072152478	0.0560607423	0.0642007364	-0.0572044021	0.0915068307	-0.0053440461	0.0384320057	-0.1389970247	0.0079058484	-0.0669132217	0.0192217212	-0.0246348862	-0.0313368426	-0.0242682613	0.0024027491	0.0248291893	-0.0129319175	-0.0377059343	-0.0163964287	-0.0392538688	0.0956512296	-0.0236733231	-0.0377059989	0.0222104518	0.025074536	-0.0928502202	-0.0278509798	0.0393557878	-0.0310524912	-0.0082320079	-0.024189294	-0.1261078431	0.0531438626	0.0285656953	0.0201937916	-0.0281865302	0.0550873762	0.084955945	0.0033724338	-0.0068287981	-0.030973342	-0.026519414	-0.1275792645	0.124511884	-0.0137196329	0.0452861766	-0.0462569493	0.0387003851	-0.0849391297	-0.0162210126	0.0236256381	-0.0579135643	-0.0090852498	0.1034480171	0.0583995364	0.0571721255	-0.0049247093	0.0128326572	-0.1113030299	-0.0352177659	-0.0037413741	0.0290848402	-0.0611941682	-0.0353749132	-0.0088184328	0.0261652265	0.0335093033	0.038844548	0.0097630825	0.0038890293	0.1171934351	0.0165763539	0.0473424943	-0.0160344283	0.0437639406	-0.1416403531	0.0345004185	0.0987653389	0.0149824011	-0.0510985726	-0.0567343287	0.1057976105	-0.045267892	0.0	0.0	-0.059344626597479	0.0192163247016311	0.0035217847059942	0.0003692671350385	0.3012689659967407	4.700427383858008e-05	2.2094017590922237e-09	0.0907629898727453	-0.5044025294768346	-0.0313029737065875	0.0009798761628753	0.254421911742629	0.0057910392146775	0.0004056740094844	1.6457140197123018e-07	3.35361351859326e-05	0.0014649991666122	0.0001188319544753	2.1462225581744403e-06	1.4121033404443537e-08	-3.2419517486379813e-06	-0.0002456186900884	1.0510251140496863e-11	6.032854092076013e-08	0.0	0.0	0.0	0.0	0.0	0.0	0.0	0.0	0.0	0.0	0.0	0.0	0.0
60.73654178592345	-0.0105745431296213	3688.9275081132255	0.0001118209624002	64.00928301037656	0.04072985060278	0.0016589207301247	4097.188311502482	59.23069713511366	0.040081098840595	0.0016064944842695	3508.275483111561	63.84797851609939	52.37858471992092	0.982641	32.358574	0.0391669604044322	0.0200252996842213	-0.0221137904	0.0009750513	-0.0734684348	0.1050744961	0.075867793	-0.0105446569	-0.0066704988	-0.0054479155	-0.0316999516	0.1308409382	0.0082506204	-0.0512638858	0.0823209118	-0.0512132757	-0.0523525252	0.0458548204	-0.0482529753	0.0454726602	-0.0370774088	0.0410846605	0.0136033778	-0.0317328384	0.0672815329	-0.0441843536	-0.1078874067	0.06988782	-0.0157197021	-0.0752720215	0.1028807228	-0.0747471723	-0.0181461828	0.013959881	-4.6362e-05	0.0025499661	-0.0694069386	0.0280566002	-0.0259964878	-0.0315518228	-0.0850227188	-0.0617234491	-0.0939390013	0.0344552389	0.082333661	-0.0393954162	-0.0059860349	0.1414853934	-0.0484645628	0.0941433028	0.0907723852	-0.1142512554	-0.0331445737	-0.0039968799	0.0693486571	0.0235660895	0.1740863248	0.0506264864	0.0685651876	0.0362076197	-0.0500493544	-0.0621180505	0.0574067934	0.0164149844	0.0012811885	-0.1103931925	0.1233430094	-0.0442619771	0.043651246	-0.0057560192	-0.0612507858	-0.0693283685	0.0508440566	-0.0572088513	-0.0830372913	0.1228072434	-0.0038955671	0.016766389	-0.0189786307	-0.0322991009	-0.0043948075	0.0029943273	-0.0361857573	0.0069244696	-0.1053114789	-0.0657011453	-0.0416932397	-0.1075930626	0.0100924463	0.0718263785	-0.0429377208	0.0628418944	-0.0513182324	-0.0614121607	-0.0321765017	0.0336097345	-0.0186441539	-0.0159199539	-0.0037977419	0.0030884101	0.1081710861	0.0341282263	-0.0208547807	-0.0465254815	-0.0231840259	-0.0132684082	-0.0210504103	-0.0471602595	0.0475783567	-0.011337582	-0.1184331205	-0.037251929	0.0405650651	0.0331757021	0.1244440435	0.0169570422	-0.1041611055	0.0500721556	-0.0391628379	-0.0193019751	-0.0249017324	0.0181076698	-0.0628211332	0.1071205566	0.0734671907	-0.074262172	0.0970751239	-0.0187519259	-0.0018665234	0.0022478755	0.0408748814	0.0406965485	0.0779269971	-0.0686739559	0.0144189416	0.0595556913	-0.0939942053	0.0095222643	0.0141011515	-0.0074194001	-0.0847003449	-0.0527296337	-0.0535390365	0.1059956606	-0.0519161246	0.0	0.0	-0.0620987937176948	-0.0027541671202157	0.0038562601811928	7.585436526077779e-06	0.3009813344206264	-0.0002876315761142	8.27319235779836e-08	0.0905897636696209	-0.5130543390066649	-0.0086518095298302	7.485380814046146e-05	0.2632247547735657	0.0055244044501703	-0.0002666347645072	7.109409764381031e-08	3.051904452906141e-05	0.0015829603704533	0.0001179612038411	2.5057635344256487e-06	1.3914845611641548e-08	0.0001616291234685	0.0001648710752171	2.612397355319562e-08	2.7182471443255173e-08	0.0	0.0	0.0	0.0	0.0	0.0	0.0	0.0	0.0	0.0	0.0	0.0	0.0
60.7604850848983	0.0239432989748493	3691.836547752149	0.000573281565799	64.06889451329414	0.0596115029175763	0.0035535312800922	4104.823244155612	59.318716317034784	0.0880191819211262	0.0077473763860643	3518.710105500849	63.880574713719184	52.30062356181101	0.955352	31.45993	0.0742785796405718	0.0355738136809455	-0.0237817445	-0.0943783462	-0.0124826168	0.0456275196	0.0758866581	-0.0119641667	-0.0018537201	-0.0168765158	0.0117132999	0.0280208161	0.052214205	0.0114932444	0.0048500414	0.0393250412	0.1145912266	0.0385819113	0.060977999	-0.1240175618	0.0294721414	0.0100071377	0.1127866848	0.0393955976	0.0483978013	-0.0321425869	0.066624726	-0.017826622	0.211197082	-0.0567601007	-0.0605246895	-0.0114237237	-0.0220526209	0.0327954457	0.0274659832	0.0381255558	-0.002965341	0.0105107798	-0.0455195369	0.0478184451	-0.0799573908	0.0377763504	0.0703822074	0.0551277615	0.0547777306	0.0351260036	-0.1122087659	0.0073303671	0.0419246008	0.0720023453	-0.0422779384	0.0748267088	0.0105378673	-0.0416501255	0.0141062029	0.0296218337	0.0775168852	-0.0109631306	0.0787181976	-0.0468084642	0.1924761275	0.0044102914	0.0088762456	0.0010116138	0.0225979374	0.0496252548	0.0039089047	0.015501517	-0.0664444631	-0.0369452911	0.0705745134	0.0330994941	0.0975193864	-0.035978034	0.138099059	-0.0322494924	0.0020807158	0.0249159975	-0.0146802464	-0.0326783169	-0.0044314921	0.0255331044	-0.0192045811	0.0228479174	0.1036978506	-0.0784718998	-0.0343874644	-0.101773622	0.0335344484	0.0545883465	-0.0076512069	-0.0688157671	-0.1098191597	-0.0176014977	-0.005089319	-0.0272488119	0.0136319154	-0.1316672614	0.0275579615	0.075695875	-0.0591789678	0.027274083	-0.0640101619	-0.0620660308	0.044904952	0.0317556259	-0.0810072231	-0.0212358258	0.0012292214	-0.0549008786	-0.0509509762	-0.0066864492	-0.0229290647	0.0435118375	-0.0482258957	0.0729068904	-0.1185843129	0.035305091	-0.0259900249	0.0044466817	0.0354408779	-0.0664327862	-0.0823113834	0.002753378	0.1137723576	0.0033573414	-0.0827854499	0.0371777634	0.0177991682	-0.0325757306	0.0533360137	-0.0466521298	0.0573062225	0.0624369412	0.0705139207	-0.0043017795	0.0495667782	-0.0649728996	-0.0083273797	0.0312849514	-0.0095014535	-0.0543442699	-0.0502770413	0.1058966202	-0.0583057138	0.0	0.0	-0.0789457073870778	-0.016846913669383	0.0062324247148461	0.0002838185001836	0.3062705253466475	0.005289190926021	2.797554065190386e-05	0.0938016346961114	-0.4825579104224644	0.0304964285842004	0.0009300321563912	0.2328621369112951	0.0053830375777049	-0.0001413668724653	1.9984592630648616e-08	2.8977093562983035e-05	0.0014649784361482	-0.000117981934305	2.146161818379226e-06	1.3919736822372918e-08	-1.1942998980344656e-05	-0.0001735721224488	1.4263522464451348e-10	3.0127281691396734e-08	0.0	0.0	0.0	0.0	0.0	0.0	0.0	0.0	0.0	0.0	0.0	0.0	0.0
60.764288377599655	0.003803292701356	3692.298742036092	1.4465035372188144e-05	64.03085823151447	-0.038036281779668	0.0014467587316223	4099.950805864305	59.28023202449717	-0.0384842925376176	0.0014810407721209	3514.1459088782194	63.8748086758978	52.30841179759404	0.998038	32.865604	0.0575234941275242	0.0275216713520821	-0.0019214894	-0.0177946085	-0.0079964281	-0.1303093721	0.0542584651	0.0027561752	0.000823976	0.0208656308	-0.0083337872	0.0533815747	0.0063244789	0.1575533747	-0.0172681563	0.0170588531	-0.0138967759	-0.0421197617	-0.0623434289	-0.0652797776	-0.0010189441	0.087481972	-0.130244169	-0.0420301073	0.1011193015	-0.1825150586	-0.1199944948	-0.0741535259	-0.054983557	-0.0773589501	0.0508188698	0.0397032538	-0.0074025038	0.0294111053	-0.0095245193	0.02393116	-0.063613819	0.0755673647	0.0129647182	-0.104385488	-0.0429865059	-0.0201797512	0.0442040892	-0.0120271579	-0.1007713009	-0.0114701502	-0.0853566467	-0.0340447349	-0.0461744718	-0.1106384378	0.007064332	0.0034616519	0.0516022239	-0.0174938072	0.041235486	0.0630552755	-0.0373878059	-0.0155920099	0.0175971562	-0.06113703	-0.0769434071	0.0563226079	0.1109384736	0.000607048	0.0196622416	0.0021275277	-0.0916067352	0.0980753808	0.0423275768	-0.0301241065	0.063711311	-0.0092450934	-0.191029391	-0.0151505498	-0.0121853301	0.0092309782	0.0021518456	0.0235103714	-0.0188972422	-0.0444388789	-0.0094613157	-0.0134684364	0.0377145811	-0.0084039454	0.0756383093	0.06327365	0.0492689407	-0.1017801059	-0.0336929489	0.0223246733	0.0051908856	0.0958426828	-0.0545789514	-0.0603871792	0.0456189152	0.0946295269	0.0395648412	-0.1097170725	0.0474980466	0.0667270838	0.0253423263	0.0047260241	0.0487976733	0.1296910928	0.0731754811	0.0330243107	0.0455778746	0.0335496164	-0.0572786251	-0.0037624123	-0.1163317764	-0.1009546234	-0.0536495226	0.0927716245	-0.0608302045	0.0190067886	0.0062294274	0.0555247698	-0.0025713773	0.0218373401	-0.1100597055	-0.0573865418	-0.0456124897	-0.0612996735	-0.0730713778	0.0186557533	-0.0219965231	0.0068901061	0.061456027	0.0666078672	0.0357095922	0.0115035734	0.0154017645	-0.0091309896	-0.0272699747	0.0407794204	-0.0588439189	-0.0219648423	-0.0691279147	0.0648179134	0.0187717252	-0.0559419782	-0.0469524072	0.1055007667	-0.0644048267	0.0	0.0	-0.0657108501558241	0.0132348572312537	0.0043179158282011	0.0001751614459316	0.3070207070082631	0.0007501816616156	5.627725254243607e-07	0.0942617145318537	-0.4958071058534159	-0.0132491954309515	0.0001755411795675	0.2458246862147403	0.0055540583639633	0.0001710207862584	2.924810933244149e-08	3.084756431031069e-05	0.0018859484812585	0.0004209700451102	3.5568016739612422e-06	1.7721577888016798e-07	-2.5737363685713124e-05	-1.3794364705368468e-05	6.624118894906646e-10	1.9028449762471528e-10	0.0	0.0	0.0	0.0	0.0	0.0	0.0	0.0	0.0	0.0	0.0	0.0	0.0
60.79517081137928	0.0308824337796238	3696.052793984783	0.0009537247161528	64.06048956217546	0.0296313306609903	0.0008780157567409	4103.746322945592	59.23779927030522	-0.0424327541919495	0.0018005386283144	3509.116862388973	63.91554052316559	52.29455973782124	1.028118	33.856125	0.0620023376524995	0.0375599064326895	-0.0163587941	0.0432740021	-0.0745922901	0.0650235198	0.0807522379	-0.0053812862	0.0083429279	0.0058397155	-0.0398788349	0.0648957643	-0.1074065254	-0.065738215	0.1280558655	0.076381545	-0.0233066939	-0.0089565147	-0.1052434283	-0.0453805362	-0.0007920419	-0.0520741226	0.0018541604	0.1067131307	-0.0270061586	-0.1671477357	0.0923805799	0.0546607855	-0.0201449798	0.0065713572	0.0562463031	-0.0753871773	-0.014735007	0.0147301011	-0.0227097523	0.0202437941	-0.0005395118	-0.0738085634	0.0176051201	0.108158684	-0.0664758376	-0.0727925767	0.0006780979	0.031491081	0.1334748805	-0.0321001181	-0.0280479908	0.0900253475	0.0452628354	-0.0105553372	-0.0155980604	-0.0007349426	-0.044112879	0.0616102186	0.142222928	0.0697106502	0.0416771	0.0809215826	-0.032968148	-0.0181806815	-0.0514576009	0.0108380229	-0.1049865959	0.0595252444	0.0826538975	-0.0530326701	-0.0370241191	-0.0708688419	-0.0366478419	0.0794004734	-0.0208131066	-0.0012542516	-0.0999576532	0.0944399119	0.0068985468	0.0058298224	0.0010486302	0.0280910239	-0.0155911034	-0.0495528802	-0.0001370159	-0.0165090729	-0.0134814453	-0.017435917	-0.1232218462	-0.0370981889	-0.0163811561	-0.1022640473	0.0072268547	0.0462863887	-0.0554151739	0.1010757968	-0.0719582282	0.0437381042	-0.0851008791	0.0327310177	-0.0199728637	-0.0517800458	-0.0861412409	0.1380503393	-0.0125533962	0.0433429326	0.0413579376	0.0190962372	-0.0178110694	-0.1087146757	0.0038609675	0.0341428108	-0.0128413488	-0.04192335	-0.0376181591	-0.0425015423	-0.0439862571	-0.0003057766	-0.0662078201	0.0324728106	-0.0078252033	0.0511332947	-0.0386890408	-0.0113729682	-0.0416034189	0.0187813108	-0.0504021606	0.1280654383	0.0462213282	-0.0611021693	0.0820350824	-0.0254151366	0.0358351932	0.0379978112	0.029426161	0.0019456808	0.107098927	-0.0158226213	0.0189191668	-0.0218172705	-0.0820274766	0.0576957373	0.105414622	-0.0389022324	-0.1182410898	-0.057522261	-0.0435692762	0.1048092098	-0.0701830781	0.0	0.0	-0.0671526175176921	-0.0014417673618679	0.0045094740394774	2.078693125747785e-06	0.3147928776454449	0.0077721706371817	6.040663641347055e-05	0.0990945558163	-0.523877330182664	-0.0280702243292481	0.0007879374938943	0.274447457079316	0.0055040607667953	-4.9997597168000354e-05	2.499759722573637e-09	3.0294684924575266e-05	0.0014648765848293	-0.0004210718964292	2.145863408781153e-06	1.7730154196248297e-07	-4.903137657254674e-05	-2.3294012886833613e-05	2.404075888598885e-09	5.426110363719705e-10	0.0	0.0	0.0	0.0	0.0	0.0	0.0	0.0	0.0	0.0	0.0	0.0	0.0
60.90046050077011	0.1052896893908297	3708.86608920586	0.0110859186920174	64.37281385056909	0.3123242883936257	0.0975464611205846	4143.85916304002	59.35843176659117	0.1206324962859497	0.0145521991601796	3523.4234217890594	64.00438781723648	52.486528836259055	0.987645	32.523346	0.1247552229189263	0.0729122174988913	-0.0134900403	-0.0759989118	-0.0063154195	-0.003428429	0.0869314854	-0.0034620888	0.0600816775	-0.0123083932	0.0055862647	0.0233439023	0.0252713654	0.005923115	-0.0622504267	0.0676836959	-0.0529337156	-0.0359099287	-0.1872348293	-0.176980138	0.0718939188	0.0335797174	0.0129986974	0.0402973482	-0.0476601167	0.0027509297	0.0250502723	-0.0011508925	0.0089356385	0.1333162987	0.0596075778	-0.0023885283	-0.0216223701	0.0318265496	-0.0536049092	0.0471485123	0.0191728939	-0.0421305841	0.0357022473	0.0348078409	0.0302445291	0.0320511247	-0.0207931029	-0.0560542865	-0.0561931756	0.027543579	0.0196333716	-0.1174242718	0.0374919929	-0.0523716694	0.0621493406	0.2040885907	-0.1021970531	-0.2073230384	-0.0213987859	0.0555639866	-0.0493091269	-0.0954714564	0.118263338	-0.0055911719	0.0953259014	0.0126054454	-0.142132372	-0.1010764486	0.0164496261	-0.0221265671	-0.1195881902	0.0301318202	0.0977457071	0.051664542	-0.0975386531	-0.0486009665	-0.0418090836	-0.0243397638	0.0678567158	0.0511561366	0.004010738	0.038257916	-0.0109478861	-0.0377461061	0.0173505593	0.0224555012	-0.0689402605	-0.0774936445	0.0680826193	0.0178738993	-0.0288591962	-0.0308488956	0.0270249482	0.0233230029	0.0057603566	-0.0735149388	-0.0473223968	-0.0232271231	-0.0828470523	0.0455233301	-0.0564792539	-0.069385086	-0.1469608857	0.0303395014	-0.0757686699	0.0078136285	0.0871592657	0.0878661729	-0.0226685844	0.0389963938	0.1526127973	-0.0386491656	-0.100503703	0.0746003623	-0.0179254798	0.0012343525	-0.0646118318	-0.1372663047	0.0329896631	0.1275119226	0.0724236743	0.0357961492	-0.0343780866	-0.0049883158	0.0427470192	-0.0111280371	-0.1250688116	-0.0098450113	0.042202726	0.0143971495	-0.0194367266	0.0054062517	-0.0023862111	-0.0175132499	0.0118524212	0.0457549064	0.0585188795	-0.0375393205	0.0029742001	-0.0491243862	0.0454813222	0.0021098906	-0.0007456575	0.007439714	0.1300411478	-0.059084626	-0.0401318633	0.1038238878	-0.0756116809	0.0	0.0	-0.1077263268479669	-0.0405737093302748	0.0116049614961549	0.0016462258888176	0.2990253571122281	-0.0157675205332167	0.0002486147037654	0.0894161641960955	-0.5307244443001764	-0.0068471141175123	4.688297173823728e-05	0.281668435777731	0.0044569187544325	-0.0010471420123628	1.0965063940552146e-06	1.9864124783612146e-05	0.0014658063770536	9.297922243000408e-07	2.1485883350110006e-06	8.645135803688174e-13	0.0001342343975988	0.0001832657741713	1.8018873498712723e-08	3.3586343982623064e-08	0.0	0.0	0.0	0.0	0.0	0.0	0.0	0.0	0.0	0.0	0.0	0.0	0.0
60.95967784725588	0.0592173464857737	3716.08232324122	0.0035066941248161	64.29841688585628	-0.0743969647128039	0.0055349083584782	4134.286414027369	59.38677549970911	0.0283437331179428	0.0008033672070611	3526.7891042528504	64.03662575930791	52.57495726562968	1.023698	33.71059	0.1994797733124022	0.1061143533478309	-0.0151752417	0.09871007	-0.0794501888	0.0468664164	0.0345697765	-0.0059929092	0.0570876834	0.0095599837	-0.0058680777	0.0755118382	-0.094964152	-0.0140954398	0.0543125461	0.0125298137	-0.0824706567	0.0297483256	-0.083868129	-0.0515780202	-0.0326731721	0.0750060679	0.1012323277	-0.0685351261	-0.1575036937	0.0296830143	0.0477549927	0.0981906443	-0.1044420665	-0.0689218706	0.0403166896	-0.0344987747	-0.0304224313	0.0417060096	-0.0232728964	0.0277499969	-0.0006416276	-0.00404688	-0.0404977718	0.0092563005	-0.1267563135	0.1091120159	-0.017316654	0.0275962368	0.0730630309	-0.1546347676	0.0200415642	-0.0223770288	-0.0349362208	0.0423927479	-0.074937991	-0.0151804561	-0.0056946049	-0.05472562	-0.1025913634	0.0586811182	-0.0770061878	-0.1049738395	0.0092845429	-0.0284754791	0.0139686067	0.0984773034	0.0798484941	-0.0101188476	0.0984198585	0.0600283081	-0.0662240144	0.0268378277	0.1221529355	-0.0386348312	-0.0234255743	-0.0827195007	-0.0099782588	0.0231599828	-0.0885455384	0.0104307195	0.0077456638	0.0506521342	-0.0179713166	-0.0350985501	0.0078495987	-0.048997193	0.1165422173	-0.0604862419	-0.049023098	-0.0821402393	-0.0062745102	-0.1218653534	-0.0107174688	-0.0030797603	-0.0653148911	0.0101419023	0.0136112036	-0.0039176431	0.0131002845	0.0192640535	-0.004914095	0.0228877413	-0.1400448254	0.1084447553	0.0606139142	-0.0125337516	0.0420999165	0.0780555892	0.0138871309	-0.0333498212	0.1148271095	0.0074490264	-0.1084304354	0.0328390851	-0.1039116874	0.0604293125	-0.0677946038	0.0620486	0.0598501648	0.0138596779	0.0035943388	0.0635024983	-0.0121122186	0.0102057246	-0.133545384	-0.0067153692	-0.0285040941	0.0822698468	0.0023658903	-0.0896141398	-0.0341543263	0.0389856136	0.0105350714	0.0414530726	-0.0141362238	0.0051576663	0.0748182368	-0.0163763145	-0.0244648078	-0.0638759417	-0.009276475	0.0324297967	0.0026826333	-0.0294955034	-0.0024438658	-0.0606285865	-0.0366444511	0.1025475623	-0.0806635902	0.0	0.0	-0.0658089869181566	0.0419173399298102	0.0043308227591941	0.0017570633867912	0.3265403832938887	0.0275150261816605	0.0007570766657774	0.1066286219217197	-0.5366731573748211	-0.0059487130746447	3.5387187244449145e-05	0.2880180778466595	0.0061220798052835	0.001665161050851	2.7727613252712087e-06	3.7479861142260064e-05	0.0021134140542056	0.000647607677152	4.466518964513752e-06	4.193957035062093e-07	-3.497075692393157e-05	-0.0001692051545227	1.222953839832708e-09	2.8630384317061468e-08	0.0	0.0	0.0	0.0	0.0	0.0	0.0	0.0	0.0	0.0	0.0	0.0	0.0
61.00798634481377	0.0483084975578904	3721.974397848984	0.0023337109363007	64.27199784433581	-0.0264190415204694	0.0006979657548602	4130.889706902308	59.32253410826338	-0.0642413914457264	0.004126956374883	3519.1630530260727	64.03955321644436	52.40534111542986	1.028498	33.868633	0.1150144456770674	0.0696525991995505	-0.013475118	-0.0817261813	-0.0118370441	0.0001422984	0.0710981792	-0.0175413843	0.036819936	-0.0172744995	0.0106817406	0.0199406079	0.0362751941	-0.0039630781	-0.1013960454	0.0545131599	-0.0504516053	0.0067809992	-0.0194933359	0.0039378558	0.1175120711	-0.0687768039	-0.0073226614	0.0468607271	-0.0892396272	0.0325417388	-0.0539911983	0.1211588688	-0.0015858093	0.068723181	0.0750061436	-0.0679264245	-0.0154054276	0.0231741887	0.0114083095	0.0376369745	-0.031466488	-0.038321053	-0.0069541632	0.0569098776	0.0889919859	-0.022657525	-0.110778284	-0.0941516905	-0.0424441312	0.0822480948	-0.0067890177	0.0960965001	-0.0014041719	0.1003757548	0.0655751744	-0.0118275903	-0.0444361588	0.0372298406	-0.0398212632	0.1363033593	0.1108366611	-0.0001981633	0.0460020072	-0.0178692765	0.020854539	0.032414723	0.0487559868	-0.0032241382	0.0105045963	0.0574229104	-0.0018507559	-0.0076196907	-0.0044684322	-0.0713433163	0.0511194481	0.0233556061	0.0030451524	0.0138181843	-0.0397167705	0.071223025	0.0043932282	0.0476675756	-0.0160360297	-0.0446025364	0.0270001226	0.0205961634	-0.0742803968	-0.0584667062	0.0619247018	0.0267309088	0.0158206779	-0.0777589322	0.0444986379	-0.0256263821	-0.0609597608	0.0685520194	-0.0118677247	0.1131401035	-0.020594424	0.0406144799	0.0209464773	-0.0293121193	-0.1434414725	0.0597054257	-0.0417810724	0.050694608	0.0383508436	0.0465063149	0.0500074698	0.0245950503	0.0006975954	-0.1333639933	-0.1159732055	0.0051443694	0.0133218816	-0.0969281941	0.0729819867	-0.0051579143	0.0358740344	-0.0533552255	0.063958629	0.0500142661	-0.0334628645	-0.0037204873	-0.013426253	0.0127950929	-0.1249291281	-0.00248645	0.0248504774	0.0158608918	0.052440271	0.0508380963	0.0364679716	0.0661717653	-0.0864643672	0.0104609168	0.0217949796	0.0026028999	0.0604957231	-0.080357197	-0.0483890777	-0.0435874402	-0.0159889208	-0.0612494741	0.0006559428	-0.0621536617	-0.0331113845	0.1009838109	-0.0853136375	0.0	0.0	-0.0644548615522495	0.0013541253659071	0.0041544291777196	1.8336555065930589e-06	0.309262677128828	-0.0172777061650606	0.0002985191303261	0.0956434034648897	-0.5341434693983231	0.0025296879764979	6.399321258438527e-06	0.2853092459008773	0.0050314495445237	-0.0010906302607598	1.1894743656849903e-06	2.5315484519087748e-05	0.0014657708725362	-0.0006476431816694	2.148484250775533e-06	4.194416907628638e-07	0.0001038143240389	0.0001387850809628	1.0777413875653731e-08	1.9261298697859717e-08	0.0	0.0	0.0	0.0	0.0	0.0	0.0	0.0	0.0	0.0	0.0	0.0	0.0
60.971701428461216	-0.0362849163525567	3717.54837508142	0.001316595154712	64.30535927465407	0.0333614303182514	0.0011129850328795	4135.179231442337	59.378267335283	0.0557332270196155	0.00310619259402	3525.778631740336	64.0150656013628	52.65108136354237	0.989602	32.587784	0.1006605187995692	0.0650058107287583	-0.0119119439	0.0462025793	-0.0253976139	-0.1106246783	0.03122699	-0.0137197486	0.0486133006	-0.0192144301	0.0109996263	-0.0270453987	0.0064145363	0.0867764172	-0.0360715472	-0.0374665954	0.0919619541	0.0618190397	0.0229916854	0.0566136713	0.0962018446	0.1127302554	0.0383639415	0.1103080946	-0.1490232668	-0.0451750569	0.1149008442	0.1134365938	-0.0208172056	0.0289058285	-0.0670561556	0.118919129	-0.0239867192	0.0382626368	-0.019407911	0.0287577412	-0.030145616	-0.0419439242	-0.146690691	-0.0758643991	0.1051273287	0.0784892341	0.0057762277	0.0167000493	0.0529081211	-0.0128076604	0.0270160169	0.0274182656	0.1182292313	0.075795899	-0.1163899245	-0.0183599588	0.0784991865	-0.0361865854	-0.023266381	0.0863188545	0.0764761433	-0.1068344736	0.140427006	0.0365858115	0.0468599254	0.0212480414	-0.0031098598	-0.070134486	0.0010058884	0.0710852353	-0.0424052475	0.0142914288	0.0664662301	-0.0222447403	-0.0172325494	0.0276194669	0.036527	0.1690374852	-0.1568835075	-0.0496348367	0.0015636332	0.0412996268	-0.0095313821	-0.0315241258	0.0205817007	-0.0170145876	0.0580481086	-0.0304758497	0.0215074687	0.0964901727	0.0634737474	-0.1172290032	0.094587374	0.0600564628	-0.0531420092	-0.0651085623	0.0327912451	0.0760020174	-0.0207029316	-0.033822386	-0.0448442508	-0.0650709285	-0.0844354493	-0.0361009712	-0.0324914144	0.1234549496	0.0910966092	-0.0388640017	0.0174768009	0.0466238781	-0.0526184295	-0.0105376456	-0.0442067493	-0.0310397133	0.1017418985	0.0075597191	0.0218984687	-0.0770352081	0.0193790912	0.0346670764	-0.1255872599	0.0349395462	-0.0270007192	0.0016248119	-0.021378152	-0.0911899358	-0.08796297	0.0999716713	-0.0177534251	0.1214944331	-0.0323126055	-0.008187237	0.0524690927	-0.0177573154	-0.0026298838	0.0136453389	-0.1076674931	0.1682514403	-0.0656316562	0.0051349315	-0.0064471946	0.0396789373	0.0254348684	0.0340929565	-0.0042923153	-0.0636593764	-0.0295370653	0.0991370163	-0.0895386565	0.0	0.0	-0.0870568513947915	-0.0226019898425419	0.0075788953747748	0.0005108499448423	0.3105217358781118	0.0012590587492838	1.5852289341481791e-06	0.0964237484527558	-0.4780635563957105	0.0560799130026126	0.0031449566423805	0.2285447639537147	0.0054059787808133	0.0003745292362896	1.402721488356711e-07	2.922460657860365e-05	0.0014656836784034	-8.71941327998567e-08	2.148228645138121e-06	7.602816794719045e-15	6.403961035868428e-05	-3.977471368021572e-05	4.101071694892103e-09	1.5820278483431391e-09	0.0	0.0	0.0	0.0	0.0	0.0	0.0	0.0	0.0	0.0	0.0	0.0	0.0
60.8327449754177	-0.1389564530435194	3700.622861244207	0.0193088958424358	64.23109388466898	-0.0742653899850864	0.0055153481496369	4125.633421621161	59.24019322172124	-0.1380741135617569	0.0190644608358649	3509.4004929468674	63.89167144370391	52.119017401488	1.046157	34.450161	0.0894964075904983	0.0434156283760742	-0.0149264157	-0.0026131916	-0.060292631	0.1135684753	-0.017723885	-0.0103452	0.0341232878	-0.0636870652	-0.0374938385	0.0877569934	-0.0442566937	-0.0710608375	0.0128743568	-0.0088963068	0.1692135348	0.0515352682	0.0947636505	0.1592811389	0.005974276	0.0898574936	0.1314992664	0.0307909089	-0.0320239527	-0.0479455445	0.0333272647	0.0540303749	-0.0827894703	0.1639081435	-0.0222722847	-0.0886706469	-0.0204280555	0.0042400793	0.0079432887	0.0147787305	-0.0727271278	-0.0012110241	-0.073386562	0.1045867864	-0.098933897	-0.1490731861	0.0400221879	-0.1641199335	-0.0639369783	-0.056679584	-0.0987858713	-0.1046068989	-0.0328941804	0.0450840784	-0.0625986868	-0.0182247641	-0.101663451	-0.0866894258	0.0239786658	-0.0372677472	-0.0435736322	0.0503152667	-0.0633455281	-0.058482732	-0.1025650962	-0.1128041533	0.0943838198	0.0050625891	0.0296776374	-0.0594850672	-0.1298523143	-0.0114425887	-0.0360782993	-0.019403818	-0.0104655213	-0.0172246056	0.1093627368	0.1536938719	0.0247963198	-0.0423347366	-0.0035035752	0.0257005727	-0.0278998352	-0.0419390744	-0.0008594786	-0.0200637557	0.090128964	0.0456103398	-0.0075443704	-0.1284613056	0.0219740215	-0.1637609379	0.0474650704	0.0620234448	-0.068850926	0.0038202673	0.0604322558	0.0318629539	0.0342281783	0.0480185391	-0.1143340511	0.1078551003	0.0525316915	-0.0967652972	0.0617673108	0.0016260323	-0.0353139778	-0.0386722812	0.0115840856	0.1677305235	-0.0308364763	0.0556516733	0.0041929647	0.0035924493	-0.0258853509	-0.0440957976	-0.0061393448	-0.0973991537	-0.0571010574	0.1355401706	0.0746092742	0.0496987058	0.0004046427	0.0097081244	-0.1376038884	-0.0502161629	-0.0109656249	0.06391325	0.0719313771	-0.1073581832	-0.0738700903	-0.0189240683	0.085596242	0.1137344306	-0.0493076957	0.0420861253	0.0073846677	-0.0066976394	0.0074363714	-0.0407445097	-0.0164439648	0.0281214702	0.0066184896	0.0303038953	-0.0198555516	-0.0651452616	-0.0259259465	0.0970123549	-0.0933175984	0.0	0.0	-0.0675508426617597	0.0195060087330317	0.0045631163443138	0.0003804843766931	0.3266563197658172	0.0161345838877053	0.0002603247972294	0.1067043512429478	-0.5074047427876351	-0.0293411863919246	0.0008609052188856	0.2574595730033862	0.005743101351565	0.0003371225707516	1.1365162771023486e-07	3.298321313434773e-05	0.0014647594243952	-9.242540082001274e-07	2.145520171354557e-06	8.542454716740012e-13	-8.820613643814633e-05	-0.0001522457467968	7.780322505344887e-09	2.3178767417724658e-08	0.0	0.0	0.0	0.0	0.0	0.0	0.0	0.0	0.0	0.0	0.0	0.0	0.0
60.82840949106669	-0.0043354843510101	3700.095401212892	1.879642455785404e-05	64.08736098707443	-0.1437328975945462	0.0206591458509243	4107.18983828759	59.35258324805727	0.1123900263360297	0.0126315180198134	3522.729138217569	63.902812617254206	52.32398785466175	1.039209	34.221355	0.0626430483911419	0.0311290831538592	-0.0009512781	-0.1176824156	-0.0220082788	-0.0399866101	-0.0355712751	0.0238135677	0.0079870091	-0.0359269993	0.0371499367	0.0011351053	0.1635769378	-0.0139880429	-0.002526458	-0.0505402938	-0.0352002112	0.003158921	-0.0210850055	-0.015129383	-0.0099301061	-0.0333039885	0.0709991684	0.2967811466	0.0103514153	-0.0005085322	0.0518850719	0.019054187	0.0361627703	0.0732719622	0.05821201	0.0511729903	-0.0291890491	0.035491935	-0.0044344718	0.034232479	-0.1041480934	-0.1027932528	-0.0263647743	0.0367684272	-0.0528558404	0.0149985169	-0.0711081692	-0.032610991	-0.0628937817	-0.0391499026	-0.0643908754	0.0654866873	0.10495019	0.0494165193	-0.0258836508	-0.0008318863	0.1594782523	0.0515921493	0.0130022018	-0.0262406363	0.0703165237	0.0081068573	0.0695510871	-0.1027829477	0.035339665	0.0803579096	-0.0618004737	0.010292479	0.0887195685	-0.0621449158	0.0936514799	0.0056330534	-0.0030068533	-0.0106481378	-0.0340078946	0.0523715125	0.0520911296	-0.0455483331	-0.032768739	0.0065056502	-0.0024471662	0.0178479771	-0.0242132007	-0.0565687497	-0.0009167608	0.0192339448	-0.1271783639	-0.0088173335	0.0706186203	0.0385324118	0.0798617696	-0.1171673047	1.24808e-05	0.0789850489	-0.0745363972	0.0475656256	0.0509467154	0.0872541385	-0.0477555444	-0.0888392428	-0.1725480533	0.0468123862	0.0104091581	-0.0488825961	-0.0017070827	0.0602625439	-0.0860076181	-0.0853117631	-0.0100552454	-0.0598014492	-0.0183214017	-0.0457040038	0.0783284605	0.0864498943	-0.1158898681	-0.0104697553	0.0424562063	-0.0589771214	-0.0331993568	-0.0255728173	0.1220667947	0.0507979361	-0.0399402521	-0.0221624714	-0.015088511	-0.0019155436	-0.1308789352	-0.0425295928	0.0650559346	0.0295434883	0.0777827748	-0.0530762884	0.1028420151	0.033046302	-0.084571862	0.0040537158	-0.0271214276	0.0293047793	0.0186823819	-0.0710836756	-0.0107796458	0.0490794984	-0.0109221315	-0.0572168485	0.0627188968	-0.0666108546	-0.0222825273	0.0946157819	-0.0966316368	0.0	0.0	-0.0639368249717478	0.0036140176900119	0.0040879175874679	1.3061123863718992e-05	0.3076110497101467	-0.0190452700556705	0.0003627223114934	0.0946245579037783	-0.5194660520907419	-0.0120613093031067	0.0001454751821052	0.2698449792747414	0.005460142949944	-0.000282958401621	8.006545704791124e-08	2.981316103382316e-05	0.0012740422232415	-0.0001907172011537	1.6231835866021438e-06	3.6373050815900874e-08	-0.0001729795605105	-8.477342407235366e-05	2.992192835440573e-08	7.186533428951111e-09	0.0	0.0	0.0	0.0	0.0	0.0	0.0	0.0	0.0	0.0	0.0	0.0	0.0
60.75200162968482	-0.0764078613818668	3690.805702013227	0.0058381612809505	64.10893810632443	0.0215771192499971	0.0004655720751285	4109.955945120537	59.26565754017931	-0.0869257078779597	0.0075560786900843	3512.418163669813	63.87161795788971	52.71347237508231	1.011619	33.312809	0.0890489901325636	0.0519582435004175	-0.0034344294	0.0450089719	-0.0605118482	-0.0795589184	-0.0289228937	0.000950582	0.0105578762	-0.0201908836	-0.042808244	0.0327086123	0.0019770104	0.0647014348	0.063439789	0.0143747433	0.1014545756	-0.0565529252	-0.0917617106	0.070175747	0.009494635	-0.0506846238	0.0737487363	0.023612983	-0.0282292391	0.0118463526	0.0837797659	-0.1353000999	-0.0072194336	-0.1852157603	0.008749982	0.0062087958	-0.0088037237	0.0206730076	-0.0237355996	-0.0020408868	-0.0557089186	-0.0198261582	-0.0868506382	-0.0566047488	0.0180303096	-0.0782066887	0.1125695186	-0.0204441051	0.0179425097	-0.098745112	-0.0597770367	-0.0191778383	-0.1172569451	-0.0776208634	0.08852653	0.0802714483	-0.022038418	-0.1554199908	-0.0481990981	-0.0407939131	-0.0017948094	-0.039056294	-0.1054539733	0.0813514547	0.0332942748	0.0243964273	-0.0186187695	0.017895784	0.0997846884	-0.1235719309	0.022359527	0.0065448592	0.0495791017	0.0112966442	0.0883797653	-0.0249391859	-0.0137139122	-0.0386124873	0.071459558	-0.0206196909	-0.0036792057	0.0151226099	-0.0105374156	-0.0434667351	-0.001687833	-0.014319915	0.0324405701	0.0262046659	-0.033239368	0.0811845895	0.0538905904	-0.1073969605	0.0036330323	0.1146006705	-0.0820319304	-0.1488684935	0.1357548088	0.088244417	-0.0351135137	-0.15990061	-0.084803285	-0.0027315093	-0.001800649	-0.0996887353	0.0120145719	0.0203359961	-0.0747046402	-0.0518642526	0.0046514856	0.0072289199	0.0373384986	-0.0519074487	-0.0332357147	0.0408363013	-0.047127306	-0.0762378501	-0.0642034243	0.0644416534	-0.0228018073	-0.0486592968	0.0547744532	0.0365594902	-0.0470417622	-0.0161410421	-0.0317679359	-0.0947733126	-0.0495366334	0.1228314386	0.0151620452	0.1054757943	0.0048160391	-0.065542309	0.0969050361	-0.0293459116	0.0115822767	-0.0338567372	-0.1190110081	0.0876523513	0.0112345712	-0.0622309924	-0.0059948405	0.0163141729	0.0195078769	-0.0468296803	-0.0080347814	-0.0680556987	-0.0186113467	0.0919540145	-0.0994642612	0.0	0.0	-0.0799966987481326	-0.0160598737763848	0.0063994718105994	0.0002579195457134	0.3156078042163983	0.0079967545062515	6.394808263325513e-05	0.0996082860822963	-0.4748294744636396	0.0446365776271023	0.0019924240622603	0.2254630298194161	0.0054980614213742	3.791847143020007e-05	1.4378104756028984e-09	3.0228679393203285e-05	0.0015084079280838	0.0002343657048423	2.275294477506062e-06	5.492728360622809e-08	-3.814805232650164e-05	0.0001348315081839	1.455273896305507e-09	1.8179535599171614e-08	0.0	0.0	0.0	0.0	0.0	0.0	0.0	0.0	0.0	0.0	0.0	0.0	0.0
60.81204764249212	0.0600460128072981	3698.105138472731	0.0036055236540542	64.09284417103913	-0.0160939352852977	0.0002590147529673	4107.892673933105	59.23689328457447	-0.028764255604841	0.0008273824005006	3509.009526008064	63.93369435193124	51.77390381201692	1.032758	34.008919	0.3836282309055273	0.1903600467429083	-0.0023343302	-0.059264848	-0.0536798431	0.0968560621	-0.0329288512	0.0074696297	-0.000301192	-0.0300594471	0.0048391579	0.083848005	0.0681591423	-0.1328487168	0.0477423351	0.0285175051	0.1164759303	0.0375788882	0.0194207106	0.0469476706	0.1029636228	0.0399825887	-0.0363040198	0.0674248553	-0.046993366	0.0374420599	0.1314757188	0.0187666539	-0.0427614769	-0.0878688174	-0.0102143358	0.022503129	0.0021659518	0.0134355508	-0.0125441692	0.0392876176	-0.0311469652	0.0247821584	-0.050271704	0.0949592244	-0.1582952188	0.0296408676	-0.0056461107	0.0325962115	-0.0335498854	0.0153652938	-0.0324384665	-0.0514820256	0.0320530103	-0.0184471368	0.0318081931	0.0923762326	-0.1279234701	-0.0963820858	-0.0006624128	-0.0065588007	-0.0404727061	0.0116864691	-0.0407137735	0.05229316	0.0767690324	0.1218412817	-0.0222758091	0.1535978028	-0.0291311135	-0.0077776234	0.0345947219	-0.1157301585	-0.0896362186	-0.0113574423	0.115004316	0.036809982	-0.0840382169	0.0119676037	0.0370111289	0.0103646995	0.0031772984	0.0222754209	-0.0258831908	-0.0350713256	-0.0162835861	-0.025861021	-0.0549275207	-0.0661135302	0.0084584881	-0.1244728909	0.0728324533	-0.1467519529	-0.0672027259	0.1153520831	-0.0786458753	-0.0675968929	0.0901528872	0.0630360898	0.1086873479	-0.1332958246	-0.0704437147	0.0662582262	0.081766785	-0.0239517551	-0.0005772626	-0.0307754076	-0.0617903661	0.0448828821	0.0182152319	-0.0547444758	0.0312215328	-0.0483913716	-0.0001839825	0.0177820418	0.1106249106	-0.0354255647	0.0564955889	0.09476758	-0.0439659536	-0.0141567722	0.019472436	0.0609211522	-0.0436672368	-0.0232815652	-0.1081162812	0.0192580212	-0.1168958852	0.0765545753	0.1102705691	-0.0595559718	-0.0806710077	-0.1057346445	0.0835956837	-0.0140830177	-0.0199427578	-0.0493892739	-0.0328731589	0.1002002041	-0.0448960036	0.0367187463	-0.111384143	-0.0404245644	0.0489755052	-0.026227721	0.1264064196	-0.0694793439	-0.0149169788	0.0890345132	-0.1018013597	0.0	0.0	-0.0476683111412512	0.0323283876068814	0.0022722678870591	0.0010451246452607	0.341098478252448	0.0254906740360497	0.0006497744628121	0.1163481718661357	-0.6075463146015423	-0.1327168401379027	0.0176137596561896	0.3691125243859162	0.0080081341775602	0.0025100727561859	6.300465241347181e-06	6.413021300580777e-05	0.0028489410800394	0.0013405331519555	8.116465277536061e-06	1.7970291314920154e-06	-2.6907377974230533e-05	1.1240674352271107e-05	7.240069894481063e-10	1.2635275989380547e-10	0.0	0.0	0.0	0.0	0.0	0.0	0.0	0.0	0.0	0.0	0.0	0.0	0.0
60.76026088558424	-0.0517867569078802	3691.8093028842577	0.0026818681910358	64.0837810460938	-0.0090631249453281	8.214023377462896e-05	4106.730993163692	59.20723751311606	-0.0296557714584082	0.0008794647807933	3505.496973934538	63.92569397989051	51.59625645245024	0.977522	32.189999	0.119400368775486	0.0720618857353536	0.0164734729	-0.0726709416	-0.0199739582	-0.0853585201	-0.0776792226	0.0055031219	-0.0072606858	-0.0066026925	-0.003175566	-0.0024762687	0.081866137	0.0285769802	-0.0723017428	-0.011134963	0.0268817611	0.0371934968	0.0753136349	0.0254478383	0.1206588329	0.0794545076	-0.0602026107	0.0417839644	0.0294438367	0.0030339046	0.101493667	0.0063666517	-0.0796597334	0.0138114938	-0.094460252	0.0023123363	-0.0193279155	-0.009061045	-0.010074799	0.0510556525	-0.0699861224	-0.0133694703	0.0279537497	0.0608691485	0.0055850539	0.155566217	0.0468114038	0.0280865452	0.0231792122	-0.0166865515	0.0102717691	0.010589243	0.0192829786	0.0951602318	0.0579076297	-0.0185420472	-0.0048883404	-0.0211359372	0.1047345728	0.1225180839	-0.0540789687	-0.0505639218	-0.0324250202	0.04154019	-0.03968627	0.0301681013	-0.0076813818	0.1443307732	-0.0623745286	-0.0497418267	0.0087139434	0.1166158806	-0.0216226939	0.083306328	-0.0563338959	0.1006337503	-0.052896861	-0.1067465261	0.0192042976	0.0335150346	0.001592837	0.0211867382	-0.0157189597	-0.0449393459	-0.0204065464	-0.0253437641	-0.0216187911	-0.0568908821	0.1022893165	-0.0112549878	0.1032823772	-0.1508425912	-0.1071509131	0.0377889673	-0.0020207343	-0.0272413922	0.0578128675	0.1093100488	0.0908968726	-0.0626403019	-0.0037275236	0.1938050901	-0.0700541157	-0.008243232	0.0485602768	-0.0442556242	-0.0190212573	-0.0692083927	-0.0076534385	-0.0462983156	-0.0323352865	0.0102262708	0.0662092806	0.0958344652	0.0697826941	0.0971584887	-0.0039911023	-0.0319234487	0.0052844977	-0.0603715029	-0.013003296	0.0643371275	-0.0418468087	-0.0115542565	-0.1069552816	0.0122481227	-0.1453942734	-0.0192556887	0.023087225	0.0548493041	-0.0599096009	-0.1373424379	0.0999006253	0.0267350163	0.0160560181	-0.02094956	-0.0121111606	0.053132159	0.0287473015	-0.0434942951	-0.0797478243	0.0946356149	0.0533076008	-0.065108692	0.1026037345	-0.0708813468	-0.0112040262	0.085865461	-0.1036312889	0.0	0.0	-0.074252037647355	-0.0265837265061037	0.0055133650947842	0.0007066945149513	0.3416019202306444	0.0005034419781964	2.5345382541031064e-07	0.1166918719052635	-0.6077225989832868	-0.0001762843817445	3.1076183247058734e-08	0.3693267573150008	0.0075670152120964	-0.0004411189654637	1.9458594169185243e-07	5.725971922009833e-05	0.0015573368832342	-0.0012916041968051	2.4252981678816123e-06	1.6682414012048053e-06	8.310777794559706e-05	0.0001100151559198	6.906902755054671e-09	1.2103334532063976e-08	0.0	0.0	0.0	0.0	0.0	0.0	0.0	0.0	0.0	0.0	0.0	0.0	0.0
60.68482130038733	-0.0754395851969107	3682.647536259944	0.0056911310146819	63.9338171037577	-0.1499639423361074	0.0224891840009873	4087.532969456741	59.27369481512841	0.0664573020123455	0.0044165729907601	3513.3708970369803	63.83705953999129	52.22983012943093	1.01031	33.269707	0.3279312209039768	0.1783881070134574	0.0132380668	0.0506475885	-0.0773218557	-0.0975794789	-0.0929828004	0.0203109484	-0.0297879821	-0.0386558718	-0.0571067031	-0.0081300312	0.0156651781	0.1215066763	0.0625912008	-0.0049975955	0.0143787227	-0.0370191746	0.0524021065	0.0924375585	0.0191494615	0.0408024056	-0.0706324628	-0.0340778849	0.0457855124	-0.08271986	0.0317037787	0.0997724105	-0.007740237	0.0551136906	0.0038864503	0.1712561697	-0.0274289286	0.0006235092	-0.0167435019	0.0341241577	-0.0221393848	0.0133767853	-0.0089260574	0.0967946649	0.0143440981	-0.0165713288	0.0559497318	-0.0102703388	0.0922147545	0.0058961014	0.1241267794	0.128712697	0.0382396889	0.0161207635	0.0035880695	0.0805977695	0.013936163	0.0748424883	-0.0261688423	-0.0564491003	0.0738224264	-0.0348909255	0.1195286697	0.0450293479	0.0786551905	-0.1024209206	-0.003828423	0.0408167964	-0.1098874746	-0.0507677164	0.0475587634	0.0630087197	-0.0609280517	-0.006655591	-0.0053504276	0.1061430371	-0.1217721597	0.0903474365	-0.0647693245	-0.1166188428	-0.0098763839	0.008152698	-0.0144724446	-0.0452396067	0.0027724846	-0.0222532854	0.0435708998	0.0414304842	-0.001124805	0.1198020045	0.0252794487	-0.0700385383	-0.0366817871	0.1151611783	0.0125847002	-0.1065702838	0.0732712343	0.1694674639	0.1176911995	-0.051125893	-0.0373145486	0.0647869503	-0.0843974873	-0.0583612689	-0.1167948516	-0.0847732349	0.1117862017	-0.0111393234	-0.0463892759	-0.1144147067	-0.069587721	0.0217644391	-0.002158629	-0.0069678243	0.0623182922	0.2210585792	-0.0320031805	-0.0600543887	0.0050812286	0.0274672279	-0.1141028802	0.0273161865	-0.0290392548	-0.0071545514	-0.0841087603	-0.1236088151	-0.0365930321	0.0502415464	-0.0004590517	0.0928746199	-0.0193884584	-0.1257154448	0.1189838916	0.027848889	0.0678498271	-0.0465627678	-0.1189427559	0.1683934094	0.0497197235	0.0015496248	0.0704112253	-0.0024884454	0.0100422793	0.029793565	0.0035704212	-0.0722612707	-0.0074771147	0.0824557403	-0.1049449322	0.0	0.0	-0.079167011406767	-0.004914973759412	0.0062674156950791	2.415696705570861e-05	0.3062218470645632	-0.0353800731660812	0.0012517495772372	0.0937718196196327	-0.4535330701274134	0.1541895288558734	0.0237744108087962	0.2056922456991972	0.0058183423548761	-0.0017486728572203	3.057856761579009e-06	3.385310775854516e-05	0.0009581845558577	-0.0005991523273765	9.181176430842178e-07	3.589835114006768e-07	0.000404215495801	0.0003211077178554	1.6339016704564825e-07	1.0311016646630509e-07	0.0	0.0	0.0	0.0	0.0	0.0	0.0	0.0	0.0	0.0	0.0	0.0	0.0
57.93034299182956	-2.754478308557765	3355.9246391510164	7.587150752315245	62.69835934858345	-1.2354577551742452	1.5263558648201851	3931.084265004102	57.03158169036216	-2.2421131247662487	5.027071264249072	3252.6013101044523	61.51255896133796	45.53083580035136	3.27628	107.88855	2.5967244130740776	1.3117749334838658	0.5895914012	0.0036759617	0.0579946811	0.1733379794	-0.1157373294	0.1370363363	-0.2126172148	-0.4965381406	-0.0770485922	-0.5264033085	-0.3156505471	-0.1189386343	-0.1057935353	0.3336576181	-0.0919747243	0.0365214309	0.0577059485	-0.0158825909	0.0318447774	-0.0768204831	-0.0003332422	0.0039414765	-0.0250652059	0.0143975716	0.0074300806	0.0445349042	-0.0145527596	-0.0480437377	-0.0123441087	0.0005959332	-0.1429121282	-0.6197015015	0.6805655482	-0.0979750658	0.0548054738	-0.0273062245	0.06899922	-0.1030331034	0.0117013359	-0.0283150281	-0.0561666157	-0.0340125338	0.0082030243	-0.0139911192	0.0242885125	-0.0201563502	0.0493010895	-0.0479559887	-0.0163282688	0.0071564277	0.0187646275	-0.0226732752	0.0415682869	0.0165235998	-0.0158736322	-0.0475758662	0.0189824106	0.0423141169	0.0048864628	0.0081076304	-0.0326160745	-0.0098329017	-0.0154102434	0.0124948799	-0.0472419686	-0.0086769746	-0.0093565544	-0.0307747266	0.0018447966	-0.0056462698	-0.0227583376	-0.0058271253	0.0162086849	0.020130487	-0.3881680794	-0.4189478462	-0.4963435453	0.5527720559	-0.1963623686	-0.1056990143	-0.0135498017	-0.1248042168	0.0258862686	0.0523582844	-0.0997059842	0.0492282356	0.0597291537	-0.0082024794	-0.0292228087	0.018830604	-0.0202912486	0.0346839321	-0.0119953368	-0.0149919344	-0.0038134849	0.0091091676	-0.0007728195	0.0169620634	0.0053585001	0.0225061703	0.0014226412	-0.0001274654	0.006094302	0.0102870549	-0.002213549	0.0170543545	-0.0165902511	0.0156521728	0.0002717958	-0.0019312765	-0.006117057	-0.005486188	0.0067309971	0.0109528862	-0.0050035331	-0.4181417276	-0.1960846946	-0.8410925867	-0.0445706422	0.0059596363	0.1043251949	-0.0930088379	-0.092565435	-0.0286639295	-0.023066994	0.0180733654	-0.073005434	0.0256719162	-0.0260662131	0.0060231454	-0.0229791679	-0.019972969	0.0165242398	-0.0072991979	-0.042051522	-0.0077583194	-0.0262448198	0.0073568325	-0.0012957007	-0.0736186857	-0.0037408877	0.078814908	-0.1057357452	0.0	0.0	-0.3439908142807155	-0.2648238028739484	0.1183296803095096	0.0701316465686199	0.0231960648304152	-0.283025782234148	0.0801035934092513	0.0005380574236168	0.3116871761003281	0.7652202462277415	0.5855620252368454	0.0971488957453969	-0.0134530883091257	-0.0192714306640017	0.0003713880398374	0.0001809855850531	0.0009673325099419	9.14795408420003e-06	9.35732184790496e-07	8.368506392663202e-11	-0.0059882975208778	-0.0063925130166788	3.585970719855121e-05	4.0864222668407896e-05	0.0	0.0	0.0	0.0	0.0	0.0	0.0	0.0	0.0	0.0	1.0	0.0	0.0
59.75857644525886	1.8282334534292983	3571.0874587638477	3.342437560238019	63.222038486102015	0.5236791375185632	0.2742398390721862	3997.026150338165	57.61033206046896	0.5787503701068033	0.3349519908987618	3318.950360117498	62.75436386548447	52.60007070688479	4.38458	144.385117	1.9618691527831256	0.996345334835804	-0.0947883629	0.0470943261	0.2414736786	-0.0610599799	-0.2563494617	-0.1498276554	-0.2798413116	0.747002256	0.1691792428	-0.3645533575	-0.1578553698	-0.0756264451	0.0456019582	0.1193544006	-0.0131331855	0.1164243184	-0.0256950577	0.0089429596	0.0348877039	-0.0090214752	0.0603376303	0.0494295052	-0.0271250166	-0.0236805839	0.0430857016	0.0035882902	-0.0074566534	0.0084197125	0.019646458	0.0650494576	0.707386389	-0.1481758567	-0.1700704278	-0.4964208941	0.0453493027	-0.2475657134	0.0627371354	-0.0829661682	-0.091145037	-0.0377769133	-0.0481078206	-0.0538319463	-0.0105864067	-0.029856961	-0.0169945102	0.0266012678	0.0321358746	-0.0197567461	-0.0145311513	-0.0230649672	0.0623242691	-0.0431337225	-0.0049551725	0.0670252914	-0.0106101364	-0.0268322621	0.0431799757	0.0188310758	0.014118058	0.0049703244	-0.0154349177	0.0748351096	-0.064175653	0.0422547849	-0.0040999847	0.0264819439	0.0266460644	-0.0258695476	0.0052933462	-0.0054318198	0.0139861864	0.0096324234	0.0301910512	0.0174077844	0.3714410941	-0.453164476	0.5942010802	0.2061198689	-0.2558067701	-0.3378981132	-0.0978732046	0.0180495652	0.0332002828	0.0315638382	-0.1130460329	-0.0240362619	0.1164431981	-0.0010363344	-0.0187861288	0.0113722228	0.0199814362	0.0088833062	0.0218307564	0.0281011435	-0.0249791878	0.0125897673	0.0012701414	0.0379060827	0.0188169757	0.0004266394	0.0332477097	-0.0133189887	0.0170810229	-0.0071592397	0.0060578286	0.0108335026	-0.0123759397	0.0109163133	-0.0060590197	0.0106992012	0.0045809927	-0.007222098	0.0132470773	-0.0101698228	-0.0067545933	-0.1470237542	0.1321922123	0.1426798936	0.1134126518	0.3069102614	0.1599186086	-0.1036004095	-0.1574732264	0.0300498303	-0.2206780821	-0.4151830248	-0.2216397552	0.1923631832	0.0380695735	0.2043793911	0.0175118319	0.0888539632	0.313566779	-0.0913975479	-0.1055538091	-0.0316657615	0.1806060602	0.0808757453	-0.0056763427	-0.0749531689	-0.0	0.0749531689	-0.105999788	0.0	0.0	-0.0879467436556353	0.2560440706250801	0.00773462971963	0.065558566102261	0.20760981780532	0.1844137529749048	0.0340084322862892	0.0431018364491581	-0.4761335767763555	-0.7878207528766836	0.6206615386631846	0.2267031829338456	-0.0027219340866554	0.0107311542224702	0.0001151576709464	7.408925172096567e-06	5.003521246105258e-05	-0.0009172972974808	2.5035224860226714e-09	8.414343319656663e-07	-0.0029649375146998	0.003023360006178	8.790854466074228e-06	9.140705726956636e-06	0.0	0.0	0.0	0.0	0.0	0.0	0.0	0.0	0.0	0.0	0.0	1.0	0.0
60.575922251625705	0.8173458063668448	3669.4423566350015	0.6680541671854678	64.08886938118184	0.866830895079822	0.7513958006648854	4107.383178558187	59.28373551389004	1.6734034534210809	2.800279117921599	3514.5612964808674	63.77395709201279	52.15557180010124	2.46341	81.120598	0.2664711926199051	0.1330310983911481	-0.0179793826	-0.005086471	0.1351790203	0.1003768289	-0.067173579	-0.0160359842	-0.0239769138	0.0826887601	-0.0143575881	-0.0416986911	-0.0252365925	-0.154159066	-0.0778051871	-0.1288167418	-0.2951246568	-0.0579587191	0.0652449802	-0.1160680149	-0.0638842266	-0.0115791998	-0.0769008431	-0.176540647	-0.0561296472	0.0311973216	-0.0313641033	-0.0503986415	0.1001191651	-0.0477898236	-0.0236772577	-0.0818254395	-0.0088271152	0.0086938256	-0.0252316142	-0.0093237839	0.1574860656	-0.0535120918	-0.0126494192	-0.008722209	0.0696391528	-0.0831697189	0.1524673894	0.0571222673	-0.0126010574	0.0869460835	0.0729405461	-0.0432104541	-0.0766439049	-0.0508735137	0.0838054809	-0.0407450466	-0.0888875152	0.0314569164	0.1255163601	-0.145692031	0.0707035664	-0.0276565637	-0.1265048143	0.0753813849	0.0284261895	0.0950125766	0.0593057079	-0.0649477024	0.0270062197	0.0185796329	0.0242502831	-0.0195256831	0.0504487086	0.0232293666	0.014815974	0.0123413826	-0.0134723951	0.1315779249	0.09001543	0.0167095582	0.0019030167	-0.0258983789	0.0753737038	0.0599273767	0.0791369157	0.0380035462	-0.1175139058	0.0531772994	-0.1399867233	-0.104120041	0.0277025861	0.2974191341	-0.1853479689	-0.1350851749	0.2039214945	-0.0247862546	0.1226770787	-0.1487101932	0.1025355765	-0.2068906428	0.1115646996	0.2125016683	-0.1264121205	0.0160513963	-0.0709207533	0.1926328704	-0.2051542802	0.0018279314	-0.1326670547	0.1390281636	0.0168398416	-0.0252057443	-0.0683113424	-0.1856602103	-0.0420677099	-0.0467856387	-0.0181627089	-0.1615566576	-0.0479231905	0.0635036544	0.0330655816	-0.1287699874	0.0749015191	0.1331861437	0.1487734666	0.2423281011	0.1044173817	-0.0273892979	0.0212903456	-0.0071456818	-0.0111726827	-0.0975232429	-0.1252867492	-0.0955822157	0.0255058716	-0.2088966557	-0.1470763393	0.0133741823	0.1845963399	0.0337435115	-0.1628177098	-0.0442359547	-0.2236305943	0.1297681976	-0.1693188252	-0.0762643048	0.0037408877	0.0708813468	-0.1057357452	0.0	0.0	-0.0567679585833076	0.0311787850723277	0.0032226011217161	0.0009721166385864	0.1967404121135985	-0.0108694056917215	0.0001181439800912	0.0387067897586285	-0.3841250422175122	0.0920085345588432	0.0084655704316658	0.1475520480586055	-0.0045530205015158	-0.0018310864148604	3.352877458686313e-06	2.0729995687223183e-05	-0.0003846229511801	-0.0004346581636411	1.4793481457448958e-07	1.88927719219899e-07	-0.0025823927472611	0.0003825447674387	6.668752301106731e-06	1.4634049909472918e-07	0.0	0.0	0.0	0.0	0.0	0.0	0.0	0.0	0.0	0.0	0.0	0.0	1.0
60.89859556488155	0.3226733132558479	3708.638941775011	0.1041180670875065	64.23962216227164	0.1507527810898068	0.0227264010063112	4126.729055551422	59.40789007957945	0.1241545656894089	0.0154143561815257	3529.2974037073946	63.9971560453016	52.5767436791724	1.133707	37.33321	0.2642599160506071	0.1441765937417138	-0.0116044848	0.0557764905	0.1488237828	-0.0777123584	-0.1020270794	0.0145777871	0.0322711252	-0.0237683838	0.012850568	-0.100385504	-0.0250725856	0.0413756473	-0.0594284062	-0.0864464526	-0.1089918679	0.0272400609	-0.0771492674	-0.0322785645	-0.0222431139	0.092560682	0.0488087002	-0.0841934862	0.0210095912	0.0704576284	0.0339101946	-0.1219282768	-0.0083914014	0.0434737708	-0.028011014	0.004339313	-0.011590753	0.0396074866	-0.0171632497	-0.0286557537	0.0898267746	0.0721897072	-0.0635650219	0.0300315543	0.0973098706	-0.09373141	0.0239451247	0.0557289201	0.1095887404	0.1051414423	0.1168466255	-0.2657805366	0.0150803324	-0.0182101507	0.0583666102	-0.0053137179	0.0169122159	-0.0061533942	-0.0178212374	-0.1314526712	-0.0138763668	0.0906003987	0.0892433017	-0.1017596549	-0.0739776661	-0.1280609595	-0.0625212479	-0.0661333163	-0.0511147217	0.1360030717	-0.0893486855	0.0526129497	0.121070089	0.1006427063	0.0888289963	-0.0385838764	0.049018814	0.073909509	-0.0530228746	0.0547908468	-0.007383729	0.0202801094	0.0416107942	0.0557435946	0.0900742985	0.0713559466	0.0329354926	0.0392503223	-0.0167207289	0.0461338451	0.0725690225	0.2438506078	-0.0866415921	-0.0479324643	0.1173288987	-0.1102032705	0.0967795501	-0.1078672453	-0.1351813854	0.0074368492	0.0618602721	0.1112184249	-0.0906630502	0.0598248713	-0.0097122056	-0.0062421287	0.2188621605	-0.1272839453	0.0091573416	-0.0749512314	7.60831e-05	0.0547550727	-0.038961853	0.0692874131	0.0124027139	0.025467639	-0.0062433395	0.1747649091	-0.0785928465	0.1269212942	-0.0566251703	-0.1348590615	0.0858655328	0.0650389094	0.1454496225	0.0496764453	0.0778697697	0.0281875356	-0.0695096324	0.0679591632	-0.0135303669	-0.0536188085	-0.0164203653	-0.1303123948	0.0333011026	-0.0149377851	-0.1245167749	-0.0284772853	-0.2611623988	-0.0956745589	0.0439267533	0.2193403485	-0.1980476742	0.204603227	-0.0635097296	-0.0775516848	0.0074771147	0.0666108546	-0.1049449322	0.0	0.0	-0.091758163732635	-0.0349902051493274	0.008419560611585	0.001224314456392	0.2021031105951181	0.0053626984815196	2.8758535003692635e-05	0.0408456673122225	-0.3271139309402571	0.0570111112772551	0.0032502668090675	0.1070035238151872	-0.0031019091196956	0.0014511113818201	2.1057242424481296e-06	9.621840186850733e-06	0.0013282399614698	0.0017128629126499	1.7642213952452956e-06	2.933899357531499e-06	-0.0024084490188811	0.00017394372838	5.800626676549332e-06	3.0256420642735275e-08	0.0	0.0	0.0	0.0	0.0	0.0	0.0	0.0	0.0	0.0	0.0	0.0	0.0
60.80334914456111	-0.0952464203204428	3697.0472671954	0.0090718805838584	64.25556914858322	0.0159469863115759	0.0002543063724215	4128.778166608359	59.41149854294797	0.0036084633685149	1.302100788191424e-05	3529.7261591187084	63.97513283201059	51.64220400769776	1.165296	38.37344	0.2335196805257345	0.124881847451908	0.0004162889	0.0262865182	0.0641234152	0.1234780806	-0.1321348681	-0.0098288856	0.0162459559	-0.0206153155	-0.0032719658	0.0226229278	-0.0262692357	-0.1291611343	-0.0098825713	-0.0892122583	-0.0791872507	0.0443873868	0.0970978782	0.0342640753	-0.0763083313	-0.1125008318	0.0177938321	-0.0759888324	0.0325143821	0.099466135	-0.1574203062	-0.1719461893	-0.038721506	-0.0079777392	-0.0780001845	-0.0371732324	-0.0216941462	0.0348042538	-0.0101691332	-0.0430193507	0.0722532673	0.0837348655	-0.0815988017	-0.0732320721	-0.0651864761	-0.0352794533	0.0746920441	0.1082451379	-0.0287196189	0.0272701046	0.0773839646	0.0832404682	-0.08097151	-0.0371818072	-0.0058191526	-0.0521147733	0.0637260008	0.1093442827	-0.0712394622	0.1604721748	0.0056294065	0.0967654926	-0.0547973542	-0.1061996692	0.1207119476	-0.0501490548	-0.0124714299	0.0652008623	0.0076830577	0.0144561649	-0.1460553629	-0.0415580626	0.0884292668	0.0163126654	-0.1041073178	0.0872511153	-0.2005256096	-0.0452065278	-0.0062752183	-0.0318004827	-0.0104450392	0.0283744801	0.0148148771	0.0333069702	0.0394351491	-0.0021475411	0.0692611576	0.0869129264	-0.0373806426	-0.1660088115	-6.41654e-05	0.197932906	-0.0464939277	-0.0925053293	0.0234118686	-0.0044296855	0.0625406675	-0.109246932	-0.0845455695	-0.005465346	0.0316872988	-0.0091347523	0.0328412893	-0.1612010658	0.0693589351	-0.1063355196	0.0507369003	0.0491856951	0.0941353702	0.1107202801	-0.051698743	0.0942308761	-0.2710655591	0.1052665305	-0.0377866529	0.055347363	-0.110848254	0.0631800829	-0.0680146364	-0.1141327361	-0.0210443108	-0.0819112103	0.1125610315	0.0945917672	-0.0970024108	-0.0038641355	0.2054997423	-0.1265331008	0.0249551439	-0.1863996199	-0.0276738054	-0.0473060211	-0.0557323848	0.1068971978	0.0301826155	0.1590130326	-0.145010633	0.0564573871	-0.1662050197	0.0869660921	0.0845356579	0.0179812528	-0.1338208549	-0.109943749	0.1951426238	-0.078814908	0.0112040262	0.0621536617	-0.1036312889	0.0	0.0	-0.0559625901749001	0.0357955735577349	0.0031318114990838	0.0012813230863272	0.224240908481704	0.0221377978865859	0.0004900820952673	0.0502839850366999	-0.3452087206664558	-0.0180947897261987	0.0003274214152353	0.1191690608241711	-0.0010709405505875	0.0020309685691081	4.124833328705004e-06	1.1469136628926575e-06	0.0005391135571417	-0.0007891264043281	2.90643427493977e-07	6.227204820077959e-07	-0.002078713605213	0.000329735413668	4.321050252497629e-06	1.0872544302687279e-07	0.0	0.0	0.0	0.0	0.0	0.0	0.0	0.0	0.0	0.0	0.0	0.0	0.0
60.7778256817261	-0.0255234628350109	3693.9440945982847	0.0006514471550901	63.93752354859728	-0.3180455999859433	0.1011530036704186	4088.006917527431	59.28153784244618	-0.1299607005017904	0.016889783674916	3514.3007289653783	63.83810225983388	52.22258079735511	1.184372	39.001606	0.2559891130516346	0.1336472645361629	-0.006226486	-0.0717993109	0.0635720138	-0.0465979549	-0.0486672668	0.0218867975	-0.0507907865	-0.005618615	0.0128676919	-0.0110585967	0.0542997864	0.0026908743	0.0515727353	-0.0773411256	-0.0966033706	0.0267079737	-0.0182456641	-0.0285398122	0.1865994679	0.0199600849	-0.022158173	-0.027716025	0.2116733687	0.1715117959	-0.065933727	0.080285748	-0.0372544062	-0.0391789792	0.0743064159	0.0135310942	-0.019622502	0.0097704518	-0.0039706432	-0.0048630352	0.0350154443	-0.0807111999	0.1062515386	0.0175167343	0.0812459608	0.0819268788	-0.1419391537	0.1195039197	-0.1332325815	0.055308083	-0.002265535	-0.0550870588	0.0239053081	0.0093168329	-0.0710481671	0.0468433311	0.0792348429	-0.0855838563	-0.0309151062	-0.1373565738	0.02813471	0.1223522536	0.048001638	-0.1205716206	-0.0442397577	0.059184526	0.0084446943	-0.0656907138	0.0843909328	-0.1289957743	0.0859477865	-0.0788966709	0.0482221922	0.0756700917	0.0545316949	0.0474948987	-0.061475021	0.0147792779	-0.0297208287	-0.0110689336	-0.001162224	-0.0062074597	0.0069158081	-0.0052984955	0.0097594188	0.0458084995	-0.1462932322	0.0248895767	0.0033522525	-0.0073595347	0.0710388899	0.1312046417	-0.1062490346	-0.074664271	0.0052468486	0.2268856358	0.1094796327	-0.096846816	-0.2138278631	0.1045325433	-0.1048632142	-0.048278326	0.0459152216	-0.015887571	-0.0389882491	-0.0749456584	-0.0478470694	-0.0433549445	-0.0143705237	-0.0847654072	-0.2358354544	-0.2052016878	-0.0542038032	-0.0011813909	-0.0169222204	-0.1256638887	0.1437336907	-0.0581902612	0.0236459452	0.1329535906	-0.0227007945	-0.0337550724	0.0335668942	0.0701977295	0.0964879118	0.1339991521	-0.0033540149	-0.0600795784	0.0166126359	0.0933192254	0.1512537033	-0.0841300231	-0.0363650436	0.026182163	-0.1012653768	-0.066232151	0.0001700028	-0.1842932222	-0.0914565539	-0.1255242274	-0.0568654754	-0.1551498553	-0.0722040224	-0.0834744102	0.26214374	-0.080053581	0.0149169788	0.057522261	-0.1018013597	0.0	0.0	-0.0124596697026788	0.0435029204722213	0.0001552433690998	0.0018925040896124	0.2365428450175386	0.0123019365358346	0.0001513376425317	0.0559525175289912	-0.4614781619868395	-0.1162694413203836	0.0135185829849541	0.2129620939907516	0.0001284471089318	0.0011993876595193	1.4385307578071842e-06	1.6498659792937696e-08	0.0009443717742203	0.0004052582170786	8.918380479439973e-07	1.642342225097257e-07	-0.002005063187347	7.365041786600024e-05	4.020278385254111e-06	5.424384051836447e-09	0.0	0.0	0.0	0.0	0.0	0.0	0.0	0.0	0.0	0.0	0.0	0.0	0.0
60.79988611021098	0.0220604284848775	3696.6261510146255	0.0004866625049363	64.2666162393861	0.3290926907888192	0.1083019991306253	4130.197962860525	59.3316622178098	0.0501243753636231	0.0025124530055933	3520.2461415282787	63.93517596472507	52.58056865085703	1.084626	35.716953	0.1640965474721958	0.0800012522721288	-0.0030954104	0.0977875051	0.0061468632	-0.0466927328	-0.0459091731	0.0157944356	0.0139903686	-0.0326009032	-0.0050750036	0.003570397	-0.1095347325	0.0606548429	0.0520358623	-0.1007142623	-0.0137125752	-0.0508200012	-0.05434651	-0.0472721188	0.098353365	0.0319374999	0.0499102954	-0.1483365676	-0.0803286517	-0.0365466572	-0.0669800334	0.0543836747	-0.0066508517	-0.0681486626	-0.0556233204	0.0502081857	-0.0171459964	0.0110399475	-0.002466068	-0.007273908	0.0388263615	0.0708314283	0.0269863283	0.0075229622	-0.0090948654	-0.0963638414	0.109176847	0.0292051233	-0.1587926919	-0.1775832851	0.1024953573	0.0931173443	0.0393686116	0.0731959332	-0.0195398923	-0.036677799	0.0011536517	-0.0562416229	0.0552071303	-0.0893099303	-0.0024600473	0.038750046	0.0366566699	-0.0120138308	-0.0776221182	-0.0740437571	0.1101149159	-0.0184078923	0.1063835433	0.1223530633	0.039068652	0.0304213488	-0.0508069874	0.0133997523	-0.0187869971	0.013962834	0.0494091147	-0.0548266686	-0.1350869961	-0.0551882071	-0.0137356481	0.0135359102	0.0196468494	0.0085055788	0.0349739868	0.0085376757	0.0285383514	0.0351495895	-0.0913024248	0.0607408732	0.0660012869	0.0727140801	-0.0051783426	-0.0929474956	0.0844891371	-0.0987992445	0.0241123135	0.0050524837	-0.1062381764	-0.0616702438	-0.0057256914	-0.0712785407	0.0610256058	-0.0384269876	-0.0570989465	-0.1436227716	0.030643475	0.0647176933	0.0793036224	-0.0961808585	0.00086867	-0.0565605258	0.0174521185	-0.0878090784	-0.0443824541	0.1309314922	0.0016003865	0.069316024	-0.0347961075	-0.1130896938	0.0029715779	-0.0371755009	0.0264888867	0.037578931	0.0294049321	0.0176374468	0.10984285	0.0637880688	-0.0036589436	0.0808147792	0.0758135454	-0.0037413933	-0.0496079905	-0.0888835445	0.074502154	-0.0091710291	-0.1045643582	-0.0419812271	-0.2322998303	-0.0935649146	0.0773761248	0.016310752	0.0337152788	0.0007986866	-0.0192660722	-0.0812673177	0.0186113467	0.0527296337	-0.0994642612	0.0	0.0	-0.0277065483737573	-0.0152468786710785	0.0007676528227873	0.0002324673092105	0.2629613690865255	0.0264185240689869	0.0006979384139836	0.0691486816318598	-0.426722396775844	0.0347557652109954	0.0012079632154018	0.1820920039101208	-0.0002901104580662	-0.000418557566998	1.7519043689128525e-07	8.416407787938038e-08	0.0010301097624016	8.573798818129993e-05	1.0611261225950809e-06	7.351002617376726e-09	-0.0007558511521036	0.0012492120352434	5.713109641363395e-07	1.5605307089969575e-06	0.0	0.0	0.0	0.0	0.0	0.0	0.0	0.0	0.0	0.0	0.0	0.0	0.0
60.91002591339898	0.1101398031880052	3710.031256770936	0.0121307762462925	64.20564772026302	-0.0609685191230795	0.0037171603240613	4122.365199178516	59.41060871530087	0.0789464974910671	0.006232549466107	3529.6204279225835	64.01151539416018	52.22554644914942	1.058082	34.84285	0.1154605397288263	0.0563649291213681	-0.0227097248	-0.0297464764	0.0637608079	0.0828480134	-0.0340279946	-0.0128534247	0.0001861201	-0.0265032832	0.0117397385	0.0200649919	0.0605989904	-0.0473725976	-0.0054102937	0.0281560925	0.0614114256	-0.07146252	-0.0235285192	-0.1062201167	-0.0085162417	0.0091711728	-0.0705262468	-0.0655189163	-0.032961123	-0.0032313363	-0.0323116924	-0.010026842	0.0065071772	0.002729036	-0.0800655853	-0.0814150365	-0.0103264789	0.0353361566	-0.0194877664	0.011605236	0.0183098932	0.0537234071	-0.1270592237	-0.0264418129	-0.0100365952	-0.0958320694	-0.049019572	-0.1184353538	-0.0562044722	0.090495904	0.0271363186	0.1437071952	0.0225463303	-0.1186842611	0.0909370118	-0.0899279944	0.0652342035	-0.0237131962	-0.1176583851	-0.0115858845	-0.1298970627	0.0119810901	0.0652389532	-0.1038418138	0.0144024008	-0.0299898089	-0.0359010847	0.1131243504	-0.0275476479	-0.043043657	0.0408221259	0.0950736356	-0.0962083638	0.0834198293	0.0014153794	-0.0087859539	0.1681906961	-0.0595445073	0.1234942251	0.0505322569	2.127e-06	0.0227204626	0.0111780602	0.0106037518	0.034542385	0.0285458414	0.0380399846	0.0592104142	0.0622400079	-0.1314175487	0.0136002804	0.0992748982	0.009200125	-0.0879016865	0.0763176179	-0.0838862536	-0.094357969	-0.0317987005	0.0289959368	-0.0366428852	-0.095884819	-0.0028154061	0.103183811	0.1107198779	0.066263318	0.0774396492	0.0809665198	-0.0310119598	0.0225079926	-0.0404212533	-0.0450300339	-0.0851875454	0.2646790181	0.1389016439	0.0823177944	0.0807414262	0.1006055445	-0.0163264522	-0.1782130645	-0.1652858908	0.0008105917	-0.0378219062	0.0396277738	0.0320642653	0.0575918981	0.033760493	0.086247596	-0.0545778025	0.0614261635	0.0062082928	-0.151869908	0.1375682762	-0.0102790585	-0.1570835928	-0.0266185594	-0.2888266756	0.016749834	-0.0536895592	0.0686644934	0.1954077261	0.1023515495	-0.0375349984	-0.0482592244	-0.2330938712	0.1326744791	-0.0824557403	0.0222825273	0.0477892128	-0.0966316368	0.0	0.0	-0.0387358927553265	-0.0110293443815691	0.0015004693875521	0.0001216464374872	0.2529279323847788	-0.0100334367017467	0.0001006698520479	0.0639725389804392	-0.4340559475424044	-0.0073335507665603	5.378096684571852e-05	0.1884045655969345	0.0001771579038207	0.0004672683618868	2.183397220204669e-07	3.138492288614439e-08	0.0013718524596575	0.0003417426972559	1.8819791710683328e-06	1.1678807112773778e-07	-0.0016881242505398	-0.0009322730984361	2.849763485260561e-06	8.691331300678325e-07	0.0	0.0	0.0	0.0	0.0	0.0	0.0	0.0	0.0	0.0	0.0	0.0	0.0
60.94071283844332	0.0306869250443355	3713.7704812576094	0.0009416873686766	64.2614833148282	0.0558355945651811	0.0031176136204472	4129.538237821943	59.36907104816843	-0.0415376671324381	0.0017253777908052	3524.68659712247	64.01202033346836	52.474481842386616	1.066842	35.131306	0.0881673792995344	0.04982046705836	-0.0028168843	0.0961464879	-0.0274116802	-0.0571955916	-0.0193142178	0.0193910608	0.018089441	0.0098642077	-0.0146114296	0.0008175152	-0.0309958675	0.064949583	0.0462288766	0.0017560865	-0.012621653	-0.0830631704	0.2215188316	0.000653785	-0.1286785713	-0.0612571331	-0.0985618278	0.0651994857	-0.0726136306	-0.0486671564	-0.0496335436	0.0801739597	-0.0532009344	0.0337677869	-0.0290015895	0.1146119786	-0.021260207	0.0151386475	-0.025400901	0.0209408875	-0.0150324188	0.0494527932	0.0188116353	-0.0373060598	0.1063991253	0.0051632952	-0.1163602843	-0.0507261041	-0.1046910764	-0.1122752926	-0.008490349	0.0391722615	-0.1046818797	-0.0110005392	0.0509931458	0.0053522651	-0.0947090773	-0.1098434428	-0.1254934422	0.0275436547	-0.1485604103	0.0278500401	0.0450835526	-0.0283467573	-0.0111484937	-0.0156976361	-0.1588777919	0.0545148566	0.0078277835	0.1531534703	0.0399226694	-0.0350553964	-0.1274912829	0.0535445564	-0.0031376387	-0.0857666603	0.1412512128	-0.0037755113	-0.1105007345	0.0403423225	0.0008788896	0.0205788439	0.0063752826	-0.0269844549	0.0135640282	-0.019982669	0.040193312	0.0062784491	-0.0621547849	0.0788716403	0.0738104319	0.1299341927	0.0094653876	-0.1726379277	-0.0398757725	-0.0098837096	-0.1457904723	0.1243718177	0.0695032203	-0.0063142181	-0.0136812268	-0.1718466282	0.223255349	0.1655010045	0.1065947316	-0.1203483399	0.0636596436	-0.0349511062	0.0642181436	-0.0962853638	0.0518712741	0.0194947385	0.2176414231	0.0397621349	-0.0187438663	-0.0767467624	-0.0637683077	0.0469844246	0.0645726084	0.1410612903	0.1838283945	-0.0087389414	0.0098511462	0.0385949154	0.009338028	0.1001472376	0.172258934	-0.0503670519	-0.1314042487	0.0848642764	0.0016446571	0.1612007635	0.1262356432	-0.0145750291	0.0078167815	-0.054166135	0.161200689	0.1307832018	0.0684389263	0.351374914	0.2124186174	0.1176366219	0.0545721486	-0.1208869288	0.0908178096	-0.0836184785	0.0259259465	0.0427148457	-0.0933175984	0.0	0.0	-0.0343378703557561	0.0043980223995703	0.0011790893405687	1.934260102712297e-05	0.2610833438128139	0.0081554114280351	6.651073556052565e-05	0.0681645124164799	-0.4736850922198883	-0.0396291446774839	0.0015704691078689	0.2243775665913641	-0.0001790667565244	-0.0003562246603451	1.2689600863798188e-07	3.206490329216875e-08	0.0010681621113832	-0.0003036903482742	1.140970296194616e-06	9.22278276349656e-08	-0.0017479052578093	-5.9781007269500176e-05	3.055172790277396e-06	3.5737688301560333e-09	0.0	0.0	0.0	0.0	0.0	0.0	0.0	0.0	0.0	0.0	0.0	0.0	0.0
60.791227980231845	-0.1494848582114727	3695.5733993445233	0.0223457228345041	64.15915693786474	-0.102326376963461	0.0104706874224683	4116.397418977556	59.257396691504944	-0.1116743566634852	0.0124711619362033	3511.439062654381	63.89153104039958	52.845633923734	0.997765	32.856594	0.0866404968012384	0.0489506791850306	-0.0166156675	0.0732548268	-0.011784009	0.086073224	-0.0382242894	0.0141028283	0.0055352193	0.0031993975	0.0015663806	0.0248845974	-0.0542318629	-0.030947074	0.0409724613	-0.0796800699	0.0805929391	0.0393868654	0.1352815995	-0.1195289549	0.0390223081	-0.1704993667	-0.0298158913	-0.0329585713	0.0124536541	0.0764722067	0.059228203	-0.0559695155	-0.0001200454	0.0420468621	0.0703300883	0.0202929911	-0.0192974337	-0.0079400902	-0.0308051687	-0.0071239954	0.0176067917	0.035895987	-0.0438546455	-0.0355872607	0.0746349546	-0.039328257	-0.0002752383	-0.0214930567	0.0390283086	-0.0616673379	0.0564260865	0.1088465573	-0.148897665	-0.0162509841	0.0347078909	0.1495321603	-0.0339693927	-0.0359366778	0.104098437	-0.015113258	-0.1511861938	-0.009716048	-0.1020256942	0.0967087209	0.0784051102	0.0110261498	-0.1314068663	0.0346710793	-0.0518063638	-0.0371855962	-0.1510812711	-0.1038917615	0.0569185646	0.0894991415	-0.0633338125	0.0014527754	0.0651870435	0.091193714	-0.2279102427	0.0174385352	-0.0130592382	0.005784013	0.0135635791	-0.0059263851	0.036956937	0.0253112336	0.0194382305	0.0708052619	-0.1346275282	-0.0032795223	0.0318905941	0.0856980848	0.0129324151	-0.0845561743	-0.0203033173	-0.0552931644	-0.1163725237	0.0731092103	0.0165344703	0.0960605673	-0.06160125	0.0023211583	-0.0522478237	0.0622052377	0.1269456955	-0.1184582027	0.0122563383	-0.1351257181	-0.0832034286	-0.1122914059	0.041729931	0.0759086679	0.0956559949	0.0120807572	0.0250304339	-0.2046662569	0.0283044904	0.0776036624	0.1203470261	0.0773619835	-0.0435172863	-0.0305308526	0.0058700997	0.0305384424	0.0625123385	0.0618645605	0.1600478616	0.0948226439	0.0146726638	0.0079144092	0.0362582841	0.079025788	0.0798257058	-0.1056836699	-0.0245218157	0.1336721057	0.144342508	0.0301502146	-0.0303127398	0.0484177392	0.1007424199	0.2104362128	0.2109051745	-0.0015755111	-0.0063805831	-0.0847551701	0.0295370653	0.037520755	-0.0895386565	0.0	0.0	-0.055426021500935	-0.0210881511451789	0.0030720438594221	0.0004447101187219	0.2617709558315226	0.0006876120187087	4.72810288272661e-07	0.0685240333169489	-0.4376478327099775	0.0360372595099108	0.0012986840729846	0.1915356254757404	0.0002518296817633	0.0004308964382877	1.8567174052902568e-07	6.341818861700496e-08	0.0009822889531978	-8.587315818540009e-05	9.648915875744295e-07	7.374199296734747e-09	-0.0016881253717336	5.977988607570005e-05	2.8497672706907053e-06	3.573634779223676e-09	0.0	0.0	0.0	0.0	0.0	0.0	0.0	0.0	0.0	0.0	0.0	0.0	0.0
60.819567415855545	0.0283394356236996	3699.0197806517976	0.0008031236114698	64.19207397904292	0.0329170411781802	0.001083531599926	4120.622361730919	59.2798075152458	0.0224108237408557	0.0005022450207437	3514.0955790445923	63.9412421800783	52.029126139955785	0.986463	32.484413	0.1090055211165437	0.0533120107500643	-0.0200129811	-0.0526725659	0.0282343453	0.0854259052	-0.0011033233	-0.0079223836	-0.003895261	-0.0146604478	-0.0057321514	0.0350881332	0.0271391436	-0.0962022281	-0.0674279192	-0.0130666685	0.04485897	-0.0629535794	0.0532292647	-0.0167515982	-0.0701766041	0.016922652	-0.1463487793	-0.0457910876	0.0253860419	0.0387829268	0.0823332742	-0.0027461414	-0.0214610516	-0.0166745389	-0.0073403025	-0.0117617146	-0.0133578656	-0.0012813681	-0.0004182394	0.0352316463	0.0659089103	-0.0212260588	0.0006439031	-0.0150653471	-0.0707907522	0.09293777	0.0676671278	0.195825062	0.0531900546	0.0408721148	0.0005671412	-0.0468525301	-0.1112734051	0.0920914763	-0.012483684	0.1094542466	0.0472387522	0.023488166	-0.0451174543	0.0275611437	-0.0143389103	0.0642086994	-0.0563955568	0.1039077457	-0.068681115	0.0986413348	0.08813064	0.0665400316	-0.0309075387	0.0723364306	0.0155600984	-0.0239023759	0.0398934601	0.1573991992	-0.0374516984	-0.090101171	-0.009071668	-0.0380426078	0.001865305	0.0861026352	-0.0019472539	0.0138227956	-0.0076825391	0.0024848328	0.0219441741	0.0272880951	0.0273631761	0.0597408619	0.0392223799	-0.1490236879	0.0066644094	0.0948365633	-0.0397641555	-0.101349383	-0.0492611715	-0.0166181094	-0.0436667349	0.0181647868	0.116162987	0.0511089072	-0.0918759044	-0.0636672299	0.0629528086	0.0287520879	0.0447697726	-0.0405302126	0.0668903619	-0.0388805932	-0.0103595708	0.0725205429	0.0600227724	-0.0115653122	-0.0303288014	0.0530292045	0.1292561881	-0.1102438929	0.1348988615	0.1128607073	0.1620496709	-0.0042651848	-0.0634379442	-0.0113883161	0.0272977203	0.0343841703	0.0266033048	0.0464071508	0.0870017545	-0.0678179094	0.0815070298	-0.0173637035	-0.0621411472	0.143713495	0.0175830578	-0.0213687346	0.0118435622	-0.0144679461	0.0459561095	0.0261574927	-0.0897683104	0.0004824279	-0.0503204496	-0.0951496658	0.1194563759	0.0960702823	0.0087344459	-0.085865461	0.0331113845	0.032221499	-0.0853136375	0.0	0.0	-0.0214564341935528	0.0339695873073822	0.0004603785683022	0.0011539328618338	0.2596807606265798	-0.0020901952049428	4.368915994765881e-06	0.067434097439599	-0.4760813444662162	-0.0384335117562387	0.0014771348259169	0.22665344654876	0.0006181028300247	0.0003662731482614	1.3415601913731753e-07	3.8205110848454324e-07	0.0013059802687396	0.0003236913155418	1.705584462337158e-06	1.0477606775718116e-07	-0.00168840544489	-2.800731564000635e-07	2.8507129463341992e-06	7.844097293589445e-14	0.0	0.0	0.0	0.0	0.0	0.0	0.0	0.0	0.0	0.0	0.0	0.0	0.0
60.8742102643655	0.0546428485099568	3705.6694753101824	0.002985840893282	64.27176164714822	0.0796876681053078	0.0063501244480616	4130.859345227834	59.32103388035551	0.0412263651097077	0.0016996131801589	3518.985060634286	63.99770933736679	52.20102315731005	0.984181	32.409271	0.0862470315048471	0.0388033339808293	-0.0046571819	-0.024890303	0.047092604	-0.0898561473	0.0107093754	-0.0031387479	0.0038479599	-0.0288002483	0.0222936978	0.015106675	0.053707781	0.0635256769	-0.0669383042	-0.0280727416	-0.0955655965	-0.0398125459	0.0880402625	0.0018453556	-0.0666717052	0.004702713	-0.0745388376	0.0025256219	0.0396301032	-0.0497559983	-0.0139976587	-0.1490903575	-0.1034777946	0.0149801588	0.0184132535	0.0111436967	0.00026188	0.0177301122	-0.0458569294	0.046141046	0.061184837	0.0123361238	0.0074000679	0.0364951846	-0.0286732962	0.0611160705	-0.1061569076	-0.0130204033	-0.0284371476	0.0253995543	-0.0415142099	0.0274988772	-0.0989854334	0.0489674625	-0.0837534155	-0.027925867	-0.0935567784	0.0678199068	-0.0497975239	0.012182683	0.0377632732	-0.1525981229	-0.2108677288	0.0495735616	-0.1450928476	-0.0897722627	-0.0829810233	-0.1142227057	-0.061168171	-0.0266200205	-0.0536804418	-0.040358796	-0.0784690876	-0.0440631163	0.1369752503	-0.0047573911	-0.1335081928	-0.01787889	0.0100082245	-0.0130756267	0.0082458766	0.0111755931	0.0047906505	-0.0152861773	0.0289655755	0.0158926416	-0.0384269131	-0.0042538346	0.0361817397	0.0656115673	0.0855891617	0.1278511756	-0.0331225687	-0.0649996412	-0.0631016843	0.021167793	-0.0856550928	-0.0200241851	0.031908512	0.0379359425	0.0165656117	0.0511266703	0.0200381813	-0.1175355863	0.1532233046	0.0353367226	0.0587100279	-0.0418716231	-0.0941484752	0.0037538995	0.0497985358	0.0805443763	0.0574982269	0.1398050428	0.1040694313	-0.0080691495	0.0210322739	-0.0288517849	0.0914467594	0.0624849103	-0.035366785	0.0032056005	0.0158400839	0.0419135361	-0.0031951	0.0682909822	0.0625002692	-0.1039586829	-0.0825242972	0.0765617191	0.0554422233	0.0619815503	0.0260688491	0.0107310082	-0.0154196945	0.1155183385	0.0950749105	-0.0808295948	-0.0355744659	0.0592184878	-0.0652597945	0.0750676275	-0.0263963343	-0.0424233789	0.0216495987	-0.0869490055	0.0366444511	0.0268319309	-0.0806635902	0.0	0.0	-0.0122970007021478	0.0091594334914049	0.0001512162262686	8.389522188347155e-05	0.2660939074311415	0.0064131468045616	4.112845193685963e-05	0.0708059675719728	-0.4916123980341567	-0.0155310535679404	0.0002412136249302	0.2416827499008941	0.0002301438600091	-0.0003879589700156	1.505121624155653e-07	5.2966196299888225e-08	0.001029356968514	-0.0002766233002255	1.0595757686283322e-06	7.65204502277024e-08	-0.0012501197623124	0.0004382856825776	1.5627994201240112e-06	1.920943395525129e-07	0.0	0.0	0.0	0.0	0.0	0.0	0.0	0.0	0.0	0.0	0.0	0.0	0.0
60.91865866055964	0.0444483961941415	3711.0829730017786	0.0019756599242313	64.3321471041109	0.0603854569626776	0.0036464034125913	4138.625151024965	59.38974939549223	0.0687155151367235	0.0047218220205052	3527.14233325937	64.00227427911855	52.5075578911042	1.008928	33.224194	0.1075503885361588	0.0493354202500055	-0.0225731674	0.0637188552	0.0263705927	0.077738353	0.0603605458	-0.0122116729	0.0192742241	-0.0004488181	0.0386738612	0.068474234	-0.0571650828	-0.0342415327	0.0478908943	0.0439868197	-0.0146296608	-0.0226911993	-0.0407808302	-0.04846719	-0.0976513644	-0.0888359819	0.0491110919	-0.155122033	0.0105204856	0.0192294954	0.0657713863	-0.0731914413	-0.0995246767	0.0814402202	-0.0366334088	-0.0660090879	-0.0071522553	0.0162694526	-0.0187211349	0.011414395	0.0200675053	0.040428802	-0.0148195528	-0.0269741855	-0.0477741109	-0.0334485202	-0.034937761	-0.0246957718	-0.00506806	0.0187119578	-0.0347018481	0.1237560643	-0.0588068445	0.0628518419	0.1191881663	0.0478839403	0.0312763552	0.0596158406	0.0694133761	-0.1087594681	0.0725468328	-0.1228086663	0.051435175	-0.0804176898	-0.0052885329	0.0518795759	0.127134253	-0.04320569	-0.0212153941	0.1111930248	-0.0128732768	-0.1037125334	-0.0890376979	-0.0669081583	0.0820858355	0.0395674016	0.1528773758	0.0532975046	0.0131778753	-0.0513143785	-0.0024818752	0.0146747206	0.0230702924	0.0127498201	0.055692465	0.0025253065	0.0158650168	0.0176614105	-0.1075264943	-0.0178151644	0.0156989202	0.0921109846	0.0623695853	-0.0774560474	-0.050768286	-0.0462791173	-0.0573171504	-0.0106148534	0.0041273053	0.0465483992	-0.0816713842	0.0792913588	-0.0178396971	-0.1081021314	0.0968848241	0.1203625146	0.0066034606	-0.0416256759	-0.1014356679	-0.0470143545	-0.0441988313	-0.059050257	0.1059939972	-0.1055880019	-0.0048186304	-0.0272109164	-0.0806186111	0.0581538338	0.0188200612	0.0254687046	-0.0852121881	-0.0327097007	0.0253887628	0.0341516861	0.0493231975	0.0599099296	0.086606893	0.0776907605	0.03278296	0.0285147762	0.0389351092	0.1128049988	-0.019841538	-0.0768892296	-0.0069785598	0.0495189432	0.1255870331	0.0096308748	-0.1092063251	-0.0065252488	-0.0058567047	0.1047752717	0.1456909196	-0.0115325592	0.0121562044	-0.0880054659	0.0401318633	0.0213671566	-0.0756116809	0.0	0.0	-0.0352008751886216	-0.0229038744864737	0.0012391016140449	0.0005245874664921	0.2570949133724554	-0.008998994058686	8.098189406826761e-05	0.0660977944819903	-0.4511491736177078	0.0404632244164488	0.0016372725301759	0.2035355768559406	-0.0001004170362318	-0.0003305608962409	1.0927050612358705e-07	1.0083581165578634e-08	0.0008230719243513	-0.0002062850441627	6.774473926553522e-07	4.25535194452071e-08	-0.0014169597333998	-0.0001668399710874	2.0077748860764323e-06	2.7835575952444525e-08	0.0	0.0	0.0	0.0	0.0	0.0	0.0	0.0	0.0	0.0	0.0	0.0	0.0
60.99110254307504	0.0724438825153939	3719.914589419894	0.0052481161139041	64.3910059478612	0.0588588437503005	0.0034643634876222	4146.201646977497	59.38816552669444	-0.0015838687977876	2.508640368605144e-06	3526.9542046260585	64.06086861030349	52.49104129762278	1.009621	33.247032	0.0807751949062818	0.0404401588013427	-0.0191180314	-0.06458388	0.0706762546	0.0106418496	0.0418741176	0.0012571444	0.037824072	-0.0149569063	-0.0055711808	-0.0094612621	0.0812002711	-0.03351123	-0.1140323004	-0.1274178211	-0.0107426182	0.0217985	0.026061338	-0.0148031177	0.0240443106	-0.0463001602	0.0177899005	0.0973529755	0.0033677034	0.1353202999	-0.006140136	-0.0377717293	-0.1295211242	0.1004883957	0.0026415929	0.0489322651	-0.0027809761	0.0259561573	-0.0159241194	0.0513387223	0.021667119	0.0364433166	0.0694264741	0.1148778751	-0.0361793639	-0.0136903926	-0.0114802182	0.0455521749	0.0406925336	0.0503038915	0.0391314358	0.0054098057	-0.0163060835	-0.0233758187	0.0699389914	0.0392808465	0.0585081569	0.0440946062	-0.018430266	-0.0052896718	-0.0717210105	-0.102907453	-0.0452040611	0.0350854674	-0.1091835389	0.0108386724	0.1167397623	-0.0970079669	-0.0275926528	0.0682723453	0.116517541	0.0164446811	0.0259775164	-0.0303403698	-0.0549861831	-0.0945325648	0.042769813	-0.1159551084	0.1185703718	-0.0480147664	-0.0023970995	0.0324894257	-0.0002676627	-0.0001182157	0.0380042607	0.0176075867	0.019651073	0.0284148486	0.118297362	-0.0614930381	0.0347708542	0.0620338651	0.0735691003	-0.1159857852	0.0022669372	-0.0087808474	-0.0481088762	0.0291360572	0.0581193856	0.1049892143	-0.1067151416	0.0495359755	0.0378755987	-0.0949503483	-0.0973671923	0.018248458	-0.1250526968	-0.0503609557	-0.0368378147	0.0560190082	-0.0353592504	0.0122025745	0.0440697789	0.0419082233	0.0119431952	0.2756793409	0.0044474439	0.0484160115	0.0221867993	-0.0837613057	0.0437249198	-0.0092996882	0.0282651679	0.0290251204	0.0226198384	0.0285364926	-0.0049397473	-0.101209351	0.0682320172	0.0061460255	-0.1033511498	0.139260714	-0.0712918967	-0.0391960694	-0.1400874096	-0.1689792545	0.0171623922	-0.2473353946	0.0426458459	-0.0171381483	0.0886783707	-0.0224995166	0.1689802155	0.0987669603	0.0382144027	-0.0890345132	0.0435692762	0.0158424933	-0.0701830781	0.0	0.0	-0.0240514044927238	0.0111494706958977	0.0005784700580726	0.0001243106967986	0.2587530495908794	0.001658136218424	2.7494157188495537e-06	0.0669531406725801	-0.4778135011932178	-0.02666432757551	0.0007109863650541	0.2283057419225211	0.0004752607020304	0.0005756777382622	3.3140485833068204e-07	2.2587273489442866e-07	0.0010731635606628	0.0002500916363115	1.1516800279344594e-06	6.254582655296361e-08	-0.0014172555671551	-2.958337553000262e-07	2.008613342632124e-06	8.751761077491579e-14	0.0	0.0	0.0	0.0	0.0	0.0	0.0	0.0	0.0	0.0	0.0	0.0	0.0
60.90033466444695	-0.0907678786280854	3708.850762241639	0.0082388077906428	64.2453982512541	-0.1456076966071009	0.0212016013112255	4127.471196462244	59.4509435255984	0.0627779989039538	0.0039410771463848	3534.41468608389	64.00137771554404	52.46701405628012	1.004712	33.085373	0.0689265344444833	0.0361221529936019	0.001687529	0.0716061764	0.0148811404	-0.1067234295	0.0241100295	0.0152396303	0.013562446	-0.0076570165	-0.0522551487	-0.0112288243	-0.0574684378	0.0603638615	-0.0790963082	-0.1654319246	-0.0621239948	-0.0074989482	0.0930077571	0.0125121321	-0.0457375785	-0.006689859	0.0088862652	0.1342050513	-0.092037949	0.0411520035	0.1190403593	-0.0362161707	-0.0590255281	-0.0291515785	-0.0587907939	-0.001359855	-0.00320629	0.0368907926	-0.0106286773	0.0209657937	0.0291340214	0.0356747344	-0.0592783841	-0.0011694696	0.1063573353	-0.0352941235	0.0267246516	-0.1250123545	0.0066042965	-0.0035666116	0.0791945696	0.0615005832	0.0368802476	-0.0154449421	0.0017565341	0.063169815	0.0770892627	0.0445549963	-0.1158830592	-0.0722601732	0.0558360189	-0.0299121969	-0.0409035624	-0.0217707702	-0.0360668236	-0.0171403417	-0.0134684992	0.187120125	-0.0218177803	-0.0789969777	0.0147018299	0.0043864798	-0.0864831071	-0.0194076392	-0.044680617	-0.0488056492	-0.0259587324	0.1191731315	0.0407577924	-0.0954190228	0.001075683	0.0163557811	0.0058756057	-0.0240832438	0.0220377011	-0.0077241307	0.0304202275	0.0130603096	-0.0197402991	0.0936122444	0.0978038482	0.0580416234	0.008031996	-0.0953106588	0.018060852	0.0644460846	-0.0246767132	0.0800877113	0.1049408358	0.0536500412	-0.0002069903	-0.0658089355	0.0562540512	-0.0913886658	0.0688532919	0.0673242884	-0.1062390756	0.02613954	-0.0099598148	-0.0364117107	-0.1033115715	0.0085052043	-0.1256247512	-0.0262282971	0.0309481965	0.1462124945	-0.0070546628	0.0739125206	0.040504379	0.054665869	0.0905252653	0.0044282453	0.0168885089	0.0385019348	-0.0591865417	0.0347563315	0.066800485	-0.0785244541	-0.1183171503	0.0668274987	0.0433637234	0.0724028514	-0.0151550157	0.0456144488	-0.0459861826	0.0454985164	0.0546803495	0.057200011	-0.0462215831	0.0985793792	0.0223204537	-0.0263157014	0.0123420471	-0.0294003341	-0.0505937875	-0.0900358269	0.0469524072	0.0102734258	-0.0644048267	0.0	0.0	-0.0139255508986906	0.0101258535940332	0.000193920967832	0.0001025329110077	0.271514565986223	0.0127615163953435	0.0001628563007086	0.073720159542687	-0.4850625791973044	-0.0072490780040865	5.2549131909331935e-05	0.2352857057375411	0.0009780684654198	0.0005028077633894	2.528156469246509e-07	9.566179230486423e-07	0.0008008076623133	-0.0002723558983495	6.412929120196923e-07	7.417773536576325e-08	-0.0014178936344366	-6.380672814998867e-07	2.01042235857583e-06	4.071298557206557e-13	0.0	0.0	0.0	0.0	0.0	0.0	0.0	0.0	0.0	0.0	0.0	0.0	0.0
60.85244526987465	-0.0478893945723015	3703.0200953230897	0.0022933941125015	64.1623052730976	-0.0830929781565004	0.0069044430189166	4116.801417958169	59.39519619880839	-0.055747326790005	0.0031077644442316	3527.789331494943	63.94379839687398	52.740412647524046	1.005935	33.125645	0.0710312771929804	0.0450659026982616	-0.0124472372	0.0612239802	-0.0168483434	0.077355989	0.0366167762	-0.0019058565	-0.0149130562	-0.0020555895	-0.020309923	0.063570453	-0.06254541	-0.0731289337	0.0961411956	-0.131867452	0.0203993434	-0.0127755481	-0.022816918	0.0271775468	0.1010874533	-0.0422872179	0.0992143471	0.0098736778	0.014999827	-0.0440435706	-0.0373483105	0.0470368103	-0.1054908199	0.1493875106	-0.0306949513	-0.065236495	-0.0326240364	0.0186705582	-0.010024891	-0.0129603956	-0.0021609787	0.085171017	0.0421671512	0.0742462939	-0.0885364997	0.1660202057	0.1617910624	0.0754105162	0.0271632905	-0.065931547	-0.1007816571	-0.0006339438	0.0414046352	0.0682349796	0.1068647046	-0.0291074452	0.0438175375	-0.0962576749	0.011378007	0.0741613612	-0.077042625	0.0995685392	-0.005879874	-0.1442397998	-0.0962237235	0.0660683186	-0.0520295371	-0.0896303001	-0.2133922062	0.0198346956	0.0655562391	-0.033415946	0.0435751779	-0.0357614886	-0.1288247902	0.0067024717	0.0007961215	0.0140732158	-0.0593359933	0.0103494811	-0.0120495956	0.0081826301	0.0004800879	-0.0125327287	0.0358119994	0.0084801745	-0.0170231101	0.0389078667	-0.1770555869	-0.0043213033	0.0651462741	0.020998364	0.0514291878	-0.0396458742	-0.0424257419	0.0579663919	-0.024651933	0.0547500069	-0.0246913313	0.0688896949	-0.0376716699	0.0255865669	-0.0870015541	-0.0849188172	0.0566149386	0.0410574047	-0.1102292628	0.0625580902	-0.005637205	0.0145395837	-0.1502115509	0.1487069785	0.0317391544	-0.1259853534	-0.050163655	0.1356086	-0.0445538665	0.0127826193	-0.0400827828	0.0785203977	0.0667675892	-0.0093835058	0.0021577879	0.018242155	0.0170378853	0.0825451178	0.0744332697	0.0879813306	0.0479145083	0.0042101009	0.1118056481	0.0614895964	-0.0115775976	-0.0844576855	-0.028250563	0.065483766	0.1122386655	-0.0026672903	-0.0509518159	-0.0328899882	-0.0683844915	0.0293397383	0.0506708636	-0.0165374245	-0.1170191147	-0.0910090951	0.0502770413	0.0046755634	-0.0583057138	0.0	0.0	-0.0118871911737841	0.0020383597249064	0.000141305314002	4.1549103681209e-06	0.2690929265617114	-0.0024216394245115	5.864337502348718e-06	0.0724110031255466	-0.480043053887897	0.0050195253094074	2.519563433178159e-05	0.2304413335860183	0.0003958087820917	-0.0005822596833281	3.3902633882933937e-07	1.5666459198091485e-07	0.0008018482640654	1.040601752100084e-06	6.429606385846955e-07	1.0828520064737646e-12	-0.0007701588648337	0.0006477347696028	5.931446770819334e-07	4.195603317525219e-07	0.0	0.0	0.0	0.0	0.0	0.0	0.0	0.0	0.0	0.0	0.0	0.0	0.0
60.945989740248685	0.0935444703740344	3714.413665418498	0.0087505679375586	64.22511895112784	0.0628136780302384	0.0039455581476864	4124.86590428652	59.4017927388942	0.006596540085809	4.351434110368515e-05	3528.572980594544	64.04305757311232	52.5227430944049	1.016893	33.4865	0.0662781467312688	0.0359236172011501	-0.0269625179	-0.0585746579	0.055277992	0.0213619456	0.0235151204	0.0127569869	0.0176782638	0.0200035823	0.0432865562	0.0422468388	0.067126516	-0.0003280244	-0.0617443726	0.0632850974	0.0840623006	0.0372100966	-0.02033602	-0.0815933216	0.0563079606	0.0082002732	0.1166462957	-0.125457196	-0.080215163	0.1587395354	-0.0552898288	0.029676888	-0.0009143544	0.0824526382	-0.0141005022	2.518e-06	-0.0001170457	0.0317969299	0.0140975851	0.0036900338	-0.0001727446	-0.0494956587	-0.0171860465	-0.0596133398	0.1095744506	0.0725731953	-0.0886688501	-0.077418114	0.0838782367	-0.0928131535	0.0494593504	0.0942564091	0.0361079771	-0.1226471481	-0.0830546906	-0.0247512697	-0.0490957044	-0.0039955535	0.0296959429	-0.0236447452	-0.0060034222	0.0586105345	-0.0383067945	-0.1519078415	-0.0235767305	-0.0667507151	0.0953119124	-0.0340990118	0.0622857585	-0.0446783079	-0.0695649427	0.1138870094	-0.0078019255	0.1175872482	0.0434686807	0.0519046721	0.1044337832	-0.1362892043	-0.0028394361	0.029192228	0.0037251802	0.020461918	0.0051032667	0.0188428561	0.0254633479	0.0164726355	-0.0047867107	0.0307666731	0.1118142433	-0.0527624133	0.0136523635	0.0519858186	0.0159053782	-0.0848107852	-0.0342566484	-0.1055091667	-0.0206551584	-0.052738617	-0.0770045799	0.1315451502	0.0312848387	-0.0588759429	-0.012385493	0.0355252113	-0.1134400958	0.0872160944	-0.0066715195	0.1288577202	0.0280819449	0.0353060744	-0.0595277537	0.0317807733	0.0899886268	-0.0089690548	0.0454529086	-0.0016510475	0.0457209477	-0.0054889408	-0.0254564486	0.0257319281	0.1471436704	-0.0192132377	0.0231516564	0.016552519	0.063284256	-0.015612103	0.0014951523	-0.0421975686	0.0873234591	0.0857208541	-0.1002065968	0.0795999511	-0.0345288596	-0.0406982626	-0.0522626228	0.0277747719	0.0530607031	-0.0273076768	0.0224572807	-0.0446004079	0.0660175513	-0.0740364839	0.0187585756	-0.0077523083	-0.0035039345	-0.0919540145	0.0535390365	-0.000935404	-0.0519161246	0.0	0.0	-0.0158510915996288	-0.0039639004258446	0.0002512571048998	1.5712506586011788e-05	0.2718227017558661	0.0027297751941546	7.451672610622233e-06	0.0738875811898585	-0.4585692105048125	0.0214738433830845	0.0004611259496412	0.210285720823007	0.0004971097098523	0.0001013009277606	1.0261877965158306e-08	2.47118063629438e-07	0.0009491815849338	0.0001473333208683	9.009456811774404e-07	2.170710743811089e-08	-0.0012837371707684	-0.0005135783059346	1.647981123612456e-06	2.637626763267562e-07	0.0	0.0	0.0	0.0	0.0	0.0	0.0	0.0	0.0	0.0	0.0	0.0	0.0
60.94512082132393	-0.0008689189247519	3714.307751925772	7.55020097792064e-07	64.37327777040495	0.1481588192771141	0.0219510357295885	4143.918890905713	59.34034840035946	-0.0614443385347414	0.0037754067379719	3521.276948276044	64.02240894770539	52.4014952203276	1.012944	33.356464	0.0700481719432182	0.0366419863907589	0.0020582948	0.1142173514	-0.0077228279	-0.061543678	0.0124057558	8.61249e-05	0.0363013223	-0.0130200337	0.0051560097	0.0053777005	-0.0594335714	0.1199735224	0.0100866774	-0.0132980477	-0.0593429653	0.0063259189	0.045540517	-0.1032866308	-0.0606764027	-0.039903918	-0.0131122673	0.0186326195	0.1006933358	0.0882295	-0.0437074223	0.1177398562	0.0848138331	-0.036297598	-0.052890093	-0.0387900144	-0.0025910959	0.0030621465	-0.0371844318	0.0268721171	0.0095681496	-0.0723883427	-0.0287043539	-0.0566580301	0.0553745723	-0.0789728659	0.1198983545	0.0373224051	0.0674529504	0.0410200536	0.0467558619	-0.0783815572	-0.0837225808	-0.033664187	-0.1143064043	0.0464360923	-0.014052396	0.1404570884	0.1778650341	-0.1265611869	-0.1458036003	0.0278487923	0.1419366692	0.0592370057	0.0710433213	0.1628814516	-0.1296435588	-0.0027292266	0.1369400972	-0.090402701	0.0717904323	0.0033508563	0.0386150818	-0.0149439273	0.0603249384	-0.0777113341	0.0353955103	-0.0115973113	-0.1430228521	0.1814969321	0.001399669	0.0218008943	0.0138246389	-0.0002748838	0.0179569707	-0.0544140441	0.0945319077	-0.0010338085	-0.00482367	0.0475382814	0.0602866935	0.0194055586	-0.0558711036	-0.0764523515	-0.0327833047	0.0209562177	0.0820448894	0.0075295867	-0.0002453676	0.034393658	0.1384846252	-0.1663825059	0.0227563596	0.0454408765	-0.0471942055	0.0210515948	-0.0729004888	-0.0139597945	0.1050828462	0.0360265565	0.0272010185	-0.0236374406	-0.0255435877	0.0154259679	0.0786525048	-0.1191928721	-0.0365976651	-0.1216036535	-0.0117224869	-0.1002262957	0.0818673063	0.0069035838	0.0309992725	0.0386467228	-0.0777635684	0.0228138738	0.0719010802	-0.0399363872	-0.0988193808	0.0434372329	0.0013837538	0.0996864543	0.01847745	0.0624910032	-0.0469344101	0.0003743685	0.0066089684	0.0420096212	-0.0768001934	0.0048921471	0.0904302875	-0.1294502134	0.099821743	0.0950156776	-0.0588901608	-0.0928702909	0.0567343287	-0.0065437496	-0.045267892	0.0	0.0	-0.0027858975109893	0.0130651940886394	7.761224941736377e-06	0.0001706992965738	0.2751759621314278	0.0033532603755617	1.124435514631231e-05	0.0757218101349569	-0.4897093342697545	-0.031140123764942	0.0009697073080959	0.2398152320709261	0.0005689246903323	7.181498047999994e-05	5.157391421342772e-09	3.236753032697034e-07	0.0008237073463599	-0.0001254742385739	6.784937924472682e-07	1.5743784545699973e-08	-0.0010312345155408	0.0002525026552276	1.0634446260426684e-06	6.375759089698824e-08	0.0	0.0	0.0	0.0	0.0	0.0	0.0	0.0	0.0	0.0	0.0	0.0	0.0
60.93621518989163	-0.0089056314323059	3713.222321668779	7.931027120807551e-05	64.29954764802577	-0.0737301223791888	0.0054361309460501	4134.431827740736	59.26686714334691	-0.0734812570125527	0.0053994951321448	3512.5615409871334	63.99615493880148	52.481704821827215	1.046893	34.474384	0.0489357630861109	0.0260966557096021	-0.0163203296	-0.0142342159	-0.0067416745	0.1154090492	0.0451572102	-0.0041925038	0.0210731104	-0.0069032304	0.0186838491	0.0221589945	-0.0243517242	-0.0876643946	0.0373684114	0.0252899749	-0.0855209964	0.0115340726	0.0572455286	0.0449589983	0.0329375249	0.0889009457	-0.0716395144	-0.03481609	0.0552751985	0.0113393278	-0.0876255252	0.0089607493	-0.020088074	-0.0264054197	-0.1154661886	0.0284437868	-0.0065142191	-0.0168054899	-0.0008218895	0.0179434213	-0.0349242138	-0.0476498138	-0.0138255845	0.0837083238	0.0684397152	0.0111999421	-0.0147963436	0.0196432158	-0.0252964108	-0.111260312	0.0442384117	-0.0789118991	0.020602757	-0.1694183609	-0.0900538852	-0.0829925052	-0.0417642133	0.0105344838	-0.138520237	-0.0085908913	0.1080927328	-0.0271818626	-0.0375480736	0.0318910886	0.0211375323	0.0085012716	-0.1159564483	0.0180824319	-0.0635859444	0.0459151496	0.2664783982	0.011193594	0.0021022943	-0.0653016617	-0.090395859	0.1000680874	0.1247337087	0.0955964174	0.1012621538	0.0643542661	-0.0072605409	0.0119747777	5.99418e-05	0.0041038625	0.0380943228	-0.0010441455	-0.090111898	0.0104740184	-0.1135363026	-0.0546953372	-0.0308423763	0.0018201457	0.0098905198	-0.0532136921	-0.0548081948	0.043869971	0.0048185661	-0.0067091767	-0.0497678607	0.0594121754	0.1096966945	-0.1165588393	0.007855743	-0.0137593164	0.033579516	0.0437866471	-0.0865671783	0.0430603151	0.0919514432	-0.007028238	0.1846921755	-0.0246429656	0.0521272428	-0.0133778519	-0.0370084093	-0.012852598	0.0789767597	-0.1178695429	-0.0001137808	-0.0542106829	-0.0036167809	-0.0048731623	0.0035898367	0.0141362779	0.0392193375	0.0876814393	0.0326082513	0.0685629314	0.0795305787	-0.0330539901	0.1098308029	0.0693758875	-0.0003146573	-0.0247357748	0.0009269259	0.0160287433	0.018849917	0.0206292236	-0.0484109364	0.0166606319	-0.0325746509	-0.0323595423	0.018856676	-0.0005689032	-0.0826596043	-0.0937576389	0.059858937	-0.012133754	-0.038394137	0.0	0.0	-0.0069115937408525	-0.0041256962298631	4.777012803859145e-05	1.702136938110742e-05	0.2719981475388238	-0.003177814592604	1.009850558496707e-05	0.0739829922645517	-0.4825227495341408	0.0071865847356136	5.16470001621555e-05	0.2328282038179872	0.0001460377758929	-0.0004228869144394	1.788333424040764e-07	2.132703198774488e-08	0.00083790650599	1.419915963010005e-05	7.020873127803699e-07	2.0161613420106295e-10	-0.0012830617920319	-0.0002518272764911	1.6462475621721105e-06	6.341697718492495e-08	0.0	0.0	0.0	0.0	0.0	0.0	0.0	0.0	0.0	0.0	0.0	0.0	0.0
60.8940853444072	-0.0421298454844247	3708.089629931948	0.0017749238805415	64.34231095856674	0.0427633105409768	0.001828700728424	4139.932979488898	59.32446392627472	0.0575967829278099	0.0033173894036332	3519.39202013987	64.0186232376724	52.21567890328278	0.968315	31.886816	0.0789055532753064	0.0402503722315339	-0.0151760764	-0.0873201098	0.0593837071	0.0068547673	-0.0036703277	-0.0072426679	0.0242874654	0.0188262343	0.0353642562	0.0155976296	0.113249263	-0.0400203528	-0.0957574002	0.0152545215	0.0330472765	-0.0031673644	0.084153149	0.0343735191	-0.0566725809	0.0150573594	0.0348379979	8.72344e-05	0.0487697106	-0.0340657425	0.0355002207	-0.0497425123	0.0050413461	0.1068445283	0.0545872459	0.0270327022	-0.0014375425	0.0074138228	-0.0130918569	-0.0102993716	0.0512389306	-0.0172042654	-0.0373582574	0.0850165326	0.0012950555	0.045592604	0.0442947371	-0.1162055748	-0.0697151932	0.1048509037	-0.0387666228	0.0680552491	-0.0181978754	-0.1282134785	-0.0105187867	-0.0437774377	-0.0259713442	0.0327586154	0.0473087205	0.0181522088	0.1140990248	-0.0031834295	-0.1136944481	0.1119554663	-0.0747907542	-0.0425562223	-0.0020828424	-0.0099940271	-0.0552540175	0.0613635338	-0.0972358317	0.0081097826	0.1296675941	-0.1056049884	0.0753556952	0.0090374625	-0.0261421295	-0.2462708229	-0.0980644093	-0.0058035153	-0.0010508241	0.0147082746	0.0097942749	0.0169365687	0.0265953514	0.0332670574	-0.0483726703	0.0136514717	0.1045057125	-0.0222733987	0.0007813358	-0.0359164483	0.0052062848	-0.087329233	-0.0263207938	-0.1067346716	0.0261223066	-0.075958937	-0.0622948547	-0.0193558702	0.0536544742	-0.0190512314	-0.0366374884	0.0133226222	-0.1070539559	0.0440576622	0.0116638341	0.0693627502	0.0060144488	-0.0039030439	0.1271931534	-0.0330958083	-0.0902401409	-0.0459857383	0.1010815498	-0.036261336	-0.0448623917	0.0402929568	0.1472991357	-0.1204144336	-0.0362569379	-0.0159385628	0.0158910837	0.0062606554	0.0609057511	-0.0083424967	-0.0205324311	-0.0397837306	0.1061777881	0.0529319804	-0.0471148718	0.0516680657	-0.0232909472	-0.0499114422	-0.0479107422	-0.0009750042	0.0248000353	0.0090363443	0.0115432891	-0.0501995264	0.0831013671	-0.0739455248	-0.067440156	-0.006099093	-0.019129473	-0.0946157819	0.0629089685	-0.0176897492	-0.0313291043	0.0	0.0	-0.0131803958011573	-0.0062688020603048	0.0001737228334751	3.92978792712817e-05	0.2719635482243063	-3.459931451749165e-05	1.1971125650803087e-09	0.0739641715627545	-0.4594872835008416	0.0230354660332992	0.0005306326953712	0.2111285636989828	0.0006228118174992	0.0004767740416063	2.273134867496059e-07	3.878945600166568e-07	0.0006552040158367	-0.0001827024901533	4.2929230236853857e-07	3.338019990821671e-08	-0.0009512046064478	0.0003318571855841	9.04790203327514e-07	1.1012919162379981e-07	0.0	0.0	0.0	0.0	0.0	0.0	0.0	0.0	0.0	0.0	0.0	0.0	0.0
60.899387614460615	0.0053022700534128	3708.735411816319	2.8114067719319056e-05	64.32009841512537	-0.0222125434413698	0.0004933970861347	4137.075060131413	59.3607312920753	0.0362673658005832	0.0013153218221133	3523.696419529968	64.02912148300584	52.36518840150002	1.015515	33.441113	0.0510564925851549	0.0258912306440355	0.0014173413	0.0889498046	0.0051968685	-0.0699122217	0.0130800031	0.0182015193	0.0389064039	0.0430560201	0.0132270865	0.0190452579	0.0029146708	0.0936330204	0.0402320036	0.0308349739	0.0080340463	-0.0608853468	-0.0632095192	-0.0353680278	-0.0822263467	0.0526969831	0.0452228909	-0.0557324345	-0.0473875152	0.0103051272	-0.0071214226	0.0789997845	0.0608646089	-0.082666217	-0.0614318863	-0.0225873657	-0.0160254779	0.0012536078	-0.0365009234	0.0323521449	0.0307813903	0.0055000939	-0.0190933343	-0.1451746533	-0.0723201645	-0.0827242304	0.0004291405	-0.0683052795	0.043697078	0.0348352094	-0.075033669	0.0188423919	-0.1211415108	0.0128554478	-0.1422097735	-0.0031642148	-0.087216308	0.1165389032	-0.02362438	-0.0020275737	-0.04858164	-0.0239521684	-0.0473837398	0.0240874766	-0.1393447642	-0.12159317	-0.0566325073	0.0548735135	-0.1405333115	0.0636255366	0.0373402585	-0.0789840395	-0.0947286587	0.1093115831	-0.0683400807	-0.0066964928	-0.1257683875	-0.1349318567	0.1817850956	-0.0228191037	0.0036931116	0.0173659531	0.0068172232	0.0100481054	0.0099581682	-0.0537250117	0.1223331664	-0.0040727674	0.0330437399	0.0388478831	0.0271933079	-0.0075462831	-0.0494056128	-0.0732605188	-0.0712941484	-0.0399978895	0.0675988352	-0.0427029585	-0.0150423128	-0.1368100584	0.0341845116	-0.0872361673	0.071384699	-0.0602729027	-0.0572351616	-0.0138001654	0.0293332645	0.0798093634	0.0618860558	0.047631368	0.1627495829	-0.019186556	-0.0309749519	0.0046065383	0.0295878254	0.0103453965	-0.0355828397	0.0369590817	0.0156453399	-0.0986350828	-0.0237884377	0.0003586677	0.0319157959	0.0263415684	-0.0627201037	-0.0313539502	0.0546476908	-0.0022406976	-0.0787665694	0.0384396165	-0.0379698441	0.0580445804	-0.0169277599	0.0568980702	-0.005759682	0.0076054743	-0.0636408913	-0.0027213342	-0.1321003844	-0.0813207891	0.034044535	-0.0517667172	-0.0242117766	0.0555802949	-0.0696059595	-0.0954444529	0.0658806233	-0.0231961626	-0.0241079916	0.0	0.0	-0.006645496877482	0.0065348989236752	4.416262874862301e-05	4.2704903942652586e-05	0.2716493542490497	-0.0003141939752566	9.871785408755493e-08	0.0737933716639256	-0.4771048694547346	-0.017617585953893	0.0003103793348428	0.2276290564574193	0.0006350627950493	1.2250977550100003e-05	1.5008645093305428e-10	4.033047536558292e-07	0.000989139206879	0.0003339351910423	9.783963705852172e-07	1.1151271181645745e-07	-0.001136814712502	-0.0001856101060542	1.2923476905610048e-06	3.4451111469451396e-08	0.0	0.0	0.0	0.0	0.0	0.0	0.0	0.0	0.0	0.0	0.0	0.0	0.0
61.01776537894494	0.1183777644843218	3723.167691839971	0.0140132951243055	64.40697708776442	0.0868786726390453	0.0075479037595224	4148.25869758381	59.39932848341922	0.0385971913439178	0.001489743179639	3528.2802242811376	64.14936468476287	51.83857238894209	1.006272	33.136753	0.0688318237130027	0.0362307512952151	-0.0096453854	-0.0280118298	-0.0054650489	0.101314106	0.0519695668	-0.0070519061	0.0494671577	-0.0057043161	0.0237512975	0.0473591182	0.0210399368	-0.0453481683	0.0134812841	0.0914310892	-0.064596033	-0.1086802513	-0.0235749589	0.1139499762	0.0804807549	0.0379584453	0.021923488	0.0816719614	-0.0119103942	-0.1673039161	-0.0142839244	-0.0463773195	-0.0030467931	0.1913310664	-0.0546101589	0.1074334085	-0.0073594842	0.0114937426	0.0089330019	0.0386823094	0.0413354836	0.0381078486	0.0309457019	0.0508207486	-0.0744616773	0.0379700325	-0.1231097292	0.0812308895	0.0357620681	0.0448051087	-0.0326164249	0.1428607429	-0.0311212409	-0.0232929213	0.0926232193	-0.1039766885	0.0465614387	0.048365038	-0.0574766986	0.0357247076	-0.0644578685	0.067939823	0.0899293231	0.06528599	0.0493618826	-0.0037453842	-0.0416966427	-0.0632170801	-0.0236960809	-0.0188236893	0.0146090362	0.1811614621	0.0879872585	0.0379216774	0.0220447944	-0.0126431675	-0.0453807674	-0.0644149994	0.0112290421	0.0391819971	0.0147418147	0.0301498885	0.0057371499	0.005443009	0.0305178942	-0.0073889637	-0.0432746933	-0.0462476996	-0.0446984181	-0.0721302376	-0.0383284746	-0.0147515725	0.0046774549	-0.0504697595	-0.1595925465	0.0039496882	0.0727056562	0.0508311762	-0.0268478206	-0.1613603415	-0.0233681016	-0.0122977922	0.0380095169	-0.1668180631	0.034680863	0.0065400617	0.1427037914	0.00814653	-0.0749449996	0.0147454371	0.0342428985	-0.0193784627	-0.0342455701	0.0857663952	0.0396307432	-0.0269343291	-0.0560377398	0.1036065681	-0.0608943064	-0.0404552648	0.0291747338	0.0090229079	0.0073881237	0.0122257935	-0.0330271379	0.0600637112	0.0161165452	-0.0161586006	0.0569145958	-0.067391994	0.0595403325	0.0648361234	-0.0259367248	0.0799236465	0.0087181863	-0.0208170905	-0.0659547849	0.1481216847	0.0029244459	-0.0614428261	-0.0623642678	-0.0693626046	0.035699632	-0.1430755375	-0.0190049813	-0.0962433935	0.068770199	-0.0286375605	-0.0167667741	0.0	0.0	-0.0016857622353398	0.0049597346421422	2.8417943140978395e-06	2.4598967720465418e-05	0.2899895978710418	0.0183402436219921	0.000336364536114	0.0840939668734085	-0.5049250703002031	-0.0278202008454684	0.0007739635750822	0.254949326617665	0.0008690517752382	0.0002339889801889	5.475084284984148e-08	7.55250988044667e-07	0.0009239827438134	-6.51564630656e-05	8.537441108649392e-07	4.245364679218897e-09	-0.0011919021613155	-5.508744881349992e-05	1.42063076214856e-06	3.0346270167799743e-09	0.0	0.0	0.0	0.0	0.0	0.0	0.0	0.0	0.0	0.0	0.0	0.0	0.0
61.02830662714513	0.0105412482001909	3724.454209776846	0.000111117913618	64.51348023495432	0.1065031471898976	0.0113429203613529	4161.989132025841	59.435177738920174	0.0358492555009561	0.0012851691199728	3532.5403528570323	64.09409293961438	52.30554567899453	0.928563	30.577753	0.0433615738262742	0.0265077789484975	-0.0043594197	-0.0840241303	0.0432718148	0.0017980283	0.0087276819	0.003138046	0.0555248141	-0.0225805461	0.0573695892	-0.0238982538	0.0654461814	-0.0490736903	-0.0305138727	-0.0002392731	-0.0369245867	-0.0606506759	-0.0268302993	-0.0976856082	0.0292511895	-0.0352189477	0.1045455227	-0.0148073325	-0.0217883426	-0.052535749	-0.0846511407	0.0228497712	0.2124479749	0.0542025612	-0.1109059353	-0.1388729432	-0.0242591959	0.0173303151	-0.0114371403	-0.0128352506	0.0230963461	-0.0846491133	-0.0233757223	0.1053887092	0.0059892063	0.1234551647	-0.0257879909	-0.1110003234	-0.0375138712	0.0328659986	-0.0145693241	0.0995640878	0.0108267296	0.0162748429	0.0792327865	0.181451076	-0.0680114749	0.1406294313	0.0398330197	-0.0821129266	-0.0352972901	0.2072226879	0.0206830181	-0.0311535218	-0.0381078363	-0.0543364212	0.0355589851	-0.099955877	0.0247807345	0.1015274106	-0.0985880432	0.0169825892	0.0582874378	-0.1040537975	0.0270468609	0.008405124	0.0742236018	0.0477782216	-0.012650764	0.0565493822	-0.0053567366	0.0254033133	0.0130811346	0.0095831772	0.0438793279	0.036241963	-0.11991994	-0.0319624515	0.0301102855	0.0018181116	-0.0038658383	-0.0366509457	0.0417373931	-0.070493888	-0.0589215533	-0.0444133603	0.0166478728	0.0245640947	-0.083124516	-0.0636448446	-0.0142871281	0.0334123941	-0.0589474386	-0.0234528756	-0.0532105683	0.023907715	-0.0416905001	0.0187097043	-0.1078800424	-0.0249107944	0.0669318186	-0.08564403	0.044282116	0.0009240839	0.0208558316	-0.0889692345	-0.0272599816	-0.0180276877	-0.0600951911	-0.0300539632	0.0274653419	-0.0093529433	-0.0011655425	-0.0017764379	0.0604089516	0.0396301741	-0.0831132437	-0.0386381258	0.0712419035	0.0352124848	0.0556052583	0.0123536121	-0.0166951639	-0.0592322352	-0.0808432313	0.0502782537	-0.0428287817	0.0007960289	0.0126627305	-0.1049481536	0.0402336818	0.0241733384	-0.0749541966	-0.135771997	-0.096997284	-0.0970123549	0.0715740957	-0.0339986915	-0.0093420254	0.0	0.0	-0.0205033895248618	-0.018817627289522	0.0004203889820082	0.0003541030968073	0.2900203043428888	3.0706471846997374e-05	9.428874132904423e-10	0.0841117769311418	-0.4856640171293378	0.0192610531708652	0.0003709881692508	0.2358695375342057	0.0008140210058546	-5.503076938360009e-05	3.028385578950977e-09	6.626301979725346e-07	0.0008740155642947	-4.996717951870008e-05	7.639032066293828e-07	2.4967190290540007e-09	-0.001191856372337	4.578897849988675e-08	1.4205216122803135e-06	2.0966305520630908e-15	0.0	0.0	0.0	0.0	0.0	0.0	0.0	0.0	0.0	0.0	0.0	0.0	0.0
60.90029968990658	-0.1280069372385455	3708.846502320436	0.0163857759811929	64.34463774840422	-0.1688424865500906	0.0285077852644175	4140.232406973366	59.35463973349713	-0.080538005423044	0.0064863703175222	3522.973257893236	64.01132391136795	52.4171784156848	0.936395	30.835674	0.09032415625433	0.050372507141105	-0.0038663616	-0.0646211921	0.0580723985	-0.1012333765	-0.068015982	0.0148866494	0.0282128488	0.0105342305	0.065442367	-0.033990129	0.0674435182	0.0290919307	-0.0758204077	-0.0407469926	-0.0039265161	0.0879635735	-0.0377167151	-0.0526516249	-0.1314956903	-0.0751714547	0.0823473648	-0.0152118098	-0.0445149253	-0.0603346475	0.0535959883	-0.0993934949	0.1067299352	-0.1495170907	-0.0054851223	0.0324890767	-0.013088133	-0.001083393	0.0175347407	-0.0462862068	-0.009942681	-0.1084611869	-0.0588483006	0.0017525011	0.1267510442	0.0209166565	-0.0336927364	0.0304387122	-0.0475673042	-0.0587607137	0.0171276215	-0.0076321503	0.116210974	0.1086828151	0.0392096111	-0.1152143271	0.0626441845	-0.0546644649	0.0074272914	0.1172616661	-0.068387909	-0.0321077527	-0.0610077419	0.032339293	0.0465306546	-0.0304091834	0.022341735	-0.1588605485	0.0183029193	0.0869631585	0.0040253888	0.0181164622	-0.1452888098	0.0997271617	-0.0284378684	0.0202937155	-0.050253267	-0.0713238319	0.010386269	-0.265273928	-0.0031477013	0.0096953872	0.007233396	0.0107273143	0.0119419065	0.0279543976	-0.0142411728	0.0500067779	0.1148747503	0.0634899128	0.0350908692	-0.0743573903	0.0613557712	-0.0677266911	-0.0041565796	-0.0471440658	-0.0600736398	-0.0529648162	-0.1131951087	-0.0446639535	0.0405779568	0.0462043501	-0.0121885451	0.0027853129	0.0440128192	0.0007795474	-0.2240191645	-0.0408015116	-0.0673007359	0.031947828	0.1587851502	0.0595190982	-0.009610243	-0.0021736005	0.0462962052	0.1290241656	0.0252192479	0.0994688746	0.0191180199	-0.1701638468	-0.0612003518	-0.0223035918	0.0106334328	0.0006171717	0.056328488	-0.0567478378	-0.0524250485	-0.0752494359	0.0422789381	0.1119858334	-0.076681791	-0.0394671522	0.0103434249	0.0017731999	-0.0566110795	0.1064002983	-0.0084193856	-0.0287536902	-0.0307335963	0.0200965261	0.0199597434	-0.0207540212	-0.0458736829	-0.0926805054	-0.0546598727	-0.0977510977	0.0742888199	-0.039264529	-0.0018707352	0.0	0.0	-0.0144451510324898	0.006058238492372	0.0002086623883514	3.670225363045776e-05	0.2715955741540767	-0.018424730188812	0.0003394706825305	0.0737641559000825	-0.4408775811530319	0.0447864359763059	0.0020058248474597	0.1943730415633482	0.000563923855531	-0.0002500971503235	6.254858459998536e-08	3.180101148369482e-07	0.0007226696130155	-0.0001513459512791	5.222513695759725e-07	2.2905596968605962e-08	-0.001172204442003	1.965193033400003e-05	1.374063253851565e-06	3.8619836585239047e-10	0.0	0.0	0.0	0.0	0.0	0.0	0.0	0.0	0.0	0.0	0.0	0.0	0.0
60.797927876259294	-0.1023718136472879	3696.3880340468263	0.010479988229435	64.16926431540426	-0.1753734329999616	0.030755841002192	4117.694482780215	59.351651082140336	-0.0029886513567944	8.932036932469556e-06	3522.6184861761303	63.93778532566075	52.016909133950506	0.990162	32.606243	0.087108532164811	0.0448958372368723	0.0072641856	0.0616441138	-0.0380238077	-0.0487813202	-0.0460499591	0.0175126545	-0.0053216073	0.0029524715	-0.0403133111	-0.0298258046	-0.0429819211	0.0803922972	0.0379538929	0.0236945842	-0.0804019373	-0.0817266366	0.0595728974	-0.0819377577	-0.0382167052	-0.0255878234	0.05032814	0.0438188742	0.0054561866	-0.0546533584	0.0133062619	0.0262399655	0.0421022942	-0.0427545998	0.0324252273	0.0061150104	-0.0156008138	0.0039215689	0.0417413163	-0.0459000652	-0.0430309414	0.0495886907	-0.0546019334	-0.0760642115	0.0216688934	-0.0136383191	0.001342298	0.0177729129	0.0897875312	-0.0087613409	-0.023567911	0.0021073123	0.0970655427	0.0981531081	-0.1483884064	-0.0643739509	-0.0011095352	-0.1342110994	0.014664674	-0.0597326579	0.16232739	0.0804344316	0.1233179445	0.0728926708	-0.139033688	0.0598467324	0.0052871313	-0.0478519679	0.1302775672	0.1038846884	-0.0113970929	0.005288926	-0.0956897831	0.0010813102	0.0645740647	-0.0933462199	-0.0137532223	-0.0543388992	0.0184811003	-0.1050316082	-0.0044813908	-0.0021756535	-0.0035804141	-0.010097312	-0.0161174482	-0.0034549467	0.0577364957	0.036805719	0.0182136563	0.0939449189	0.0350144535	-0.0431169013	-0.029340189	-0.0480623046	-0.0172690869	0.0907959188	-0.1038801669	-0.0245221812	-0.0232409631	-0.095954914	0.0792409336	0.0256550921	0.0182999912	0.1772653285	-0.0579626977	0.0387991818	-0.0682258739	0.0986983571	-0.0431327854	-0.0417333147	0.0796202871	-0.0465955317	-0.1472562395	-0.1774693903	-0.0171838237	0.0906274591	0.0306539754	0.0389349793	-0.1120323947	0.0010294343	0.2066548281	0.0122189199	0.0108916142	0.0182199396	-0.0783020737	-0.0324878509	0.0442963291	-0.0814165602	-0.064786064	0.0192129917	0.0431093795	-0.0519308001	0.0228812783	0.0607434213	-0.0202506455	-0.0327625715	-0.0242668145	-0.013629343	-0.0545548066	-0.016604607	-0.0228220036	-0.0512130442	0.0693635349	-0.0511763693	0.0301651584	-0.0984593917	0.0769109895	-0.0444203137	0.0056098749	0.0	0.0	0.0031139190653419	0.0175590700978317	9.696491945499772e-06	0.0003083209427005	0.2739151579990277	0.002319583844951	5.3804692137577205e-06	0.0750295137816323	-0.4754800159378902	-0.0346024347848583	0.0011973284930403	0.2260812455562963	0.0009699895067809	0.0004060656512499	1.648893131250054e-07	9.408796432650536e-07	0.0007003226970969	-2.234691591859999e-05	4.904518800690764e-07	4.993846510729777e-10	-0.0013963407435779	-0.0002241363015749	1.949767472175683e-06	5.0237081683674535e-08	0.0	0.0	0.0	0.0	0.0	0.0	0.0	0.0	0.0	0.0	0.0	0.0	0.0
60.73255407335191	-0.0653738029073807	3688.443124272614	0.004273734106573	64.23053354905247	0.0612692336482041	0.0037539189918382	4125.561439995954	59.29683744065305	-0.0548136414872857	0.0030045352930966	3516.1149304632336	63.856594776536376	52.61008981635811	0.950612	31.303837	0.0670792991698151	0.0319615540244281	0.0015570644	0.0945917717	-0.0517958396	-0.0342327387	-0.0533279885	-0.002799855	0.0073685921	-0.0100794286	-0.0077510407	0.0325712541	-0.0625249964	0.0762864848	0.0734287365	-0.0137390271	0.0279242169	0.0428419363	0.0009338575	0.0075980236	0.1051633689	0.0374221935	0.0706939108	-0.0955827514	0.0529857696	-0.0746039378	-0.0274573897	-0.1404432009	0.144346581	0.000875157	-0.0192866709	-0.0150603082	-0.0193812112	-0.0131719183	0.024806733	-0.0116833594	-0.0225412352	0.0830685532	-0.0089498067	-0.023056426	0.0140828037	-0.0608647297	0.2433160761	0.0267710064	-0.0313962301	-0.1412853745	-0.0536884075	0.025363964	-0.050472261	-0.025547718	0.0479067119	-0.0004954785	0.01408931	-0.0896704375	-0.0623809536	-0.0923786428	-0.0118349132	0.0564321848	-0.0104577508	-0.017328964	0.084461217	-0.06443965	-0.079928575	-0.0515967737	-0.0168650751	0.0217446058	0.0146641455	0.1610182812	-0.0221865981	-0.028089639	0.1117146432	0.1645184964	0.1136952504	-0.0812084191	0.0526398826	0.0117480299	-0.0130343903	-0.0152951506	0.0019721686	-0.0092458022	-0.0019084506	0.0064835878	0.0058653412	0.0632141325	-0.1256282579	0.0974003036	-0.0045020829	-0.0500302752	-0.0517117385	0.0158814891	0.0282315085	0.0602433419	-0.0976907485	-0.0006145368	-0.0348947296	-0.0747352772	0.0748522005	0.0088677729	-0.0362107703	0.1180940175	-0.1030728953	-0.055448006	-0.0569700265	0.0025025228	0.0757915036	-0.0049028091	0.0612926873	0.007232184	0.1018553843	-0.1347626257	-0.0751350635	0.0043085151	-0.0185194102	-0.0574524658	-0.1328562681	-0.0292346936	-0.0359368859	-0.0031207804	-0.0107000712	0.0057884386	0.0003904543	-0.0141325174	0.006649298	0.0805386238	-0.0388467096	0.0885390187	0.0993172947	-0.0949766014	0.0444252297	-0.0550436073	-0.0240285855	-0.0902756544	-0.0389325996	-0.0181725063	0.0252985402	-0.0019391779	0.026479304	-0.0370362983	0.0791275518	-0.0367032747	-0.0203783278	-0.0991370163	0.0794373376	-0.0494515946	0.0130625369	0.0	0.0	-0.0130721880120887	-0.0161861070774306	0.0001708820994233	0.000261990062322	0.2795232912349803	0.0056081332359526	3.1451158392196244e-05	0.0781332703428356	-0.4580627705348732	0.0174172454030169	0.0003033604374289	0.2098215017500839	0.0011520528694692	0.0001820633626882	3.314706803337145e-08	1.3272258140522177e-06	0.0009022957018225	0.0002019730047255	8.141375335273578e-07	4.0793094637887215e-08	-0.0012230208419235	0.0001733199016544	1.4957799797792663e-06	3.003978830949093e-08	0.0	0.0	0.0	0.0	0.0	0.0	0.0	0.0	0.0	0.0	0.0	0.0	0.0
60.74281424992688	0.0102601765749668	3689.68948300112	0.0001052712233494	64.23493581591738	0.0044022668649148	1.9379953549927226e-05	4126.126979275025	59.206344091537154	-0.0904933491158956	0.0081890462342113	3505.3911806854967	63.8994995975217	52.23948191181509	0.959129	31.584324	0.0431541139628273	0.0237967836632995	-0.0035656757	0.0829074637	-0.044600904	0.0830846965	-0.0900180287	0.0096476725	0.0116400861	-0.0299704032	-0.0247877629	-0.0252325183	-0.0394580558	-0.0096516832	0.10607045	0.0183690753	0.057357102	0.0556896386	-0.07473295	0.0412809607	-0.0375433504	0.0585549118	-0.0344818328	-0.0507532574	-0.0181776371	-0.0484282912	-0.0617691486	-0.0769694676	0.0706074679	-0.0045833696	-0.0167699922	-0.0373482196	0.0144646629	-0.0258936925	-0.0093702724	-0.0181021046	0.0597987055	0.0253420402	0.0611165662	0.040462601	-0.1446244437	0.0259496326	-0.0047028111	0.0921917111	-0.1028880748	-0.0937070298	0.0093483309	-0.0928684529	0.0224778419	0.0220105577	0.0217104648	-0.0282678321	-0.0267400979	0.0460354788	-0.0535828738	-0.0324572993	0.0274478241	0.0320231782	0.0829230943	-0.0847857732	0.0217384011	-0.1365693932	0.0813276734	0.1034972015	0.1195710835	0.1223427486	0.0349420355	0.0545946289	0.0560693852	-0.1212549388	-0.0421300509	-0.0090505437	-0.1664542177	0.0026222776	-0.0102376849	0.0086204424	-0.0115919743	-0.0050098862	-0.000373521	0.0011380158	0.00202404	-0.00868151	0.1140447922	0.0924801974	-0.0267227808	-0.0291248013	-0.0849517449	-0.0763346588	-0.0209170893	0.049827824	0.0141249712	-0.0033507662	-0.1095175916	-0.0672669474	-0.0319048208	0.0535253541	0.0955886001	0.0617223273	-0.0495965022	0.0868806071	-0.0601292317	-0.08878262	0.0853277719	-0.0975792146	0.0346130358	-0.0334503792	-0.0205891415	0.0275029734	-0.0410246266	-0.0150244914	-0.0279231177	0.0222862377	0.0749448534	-0.087162963	-0.1636033639	-0.0293776743	-0.0148390878	-0.0078086118	0.0146757894	-0.0006973778	-0.0240824434	-0.0915642153	0.0766232152	0.1081107117	0.064797448	-0.0138649857	-0.0772573834	-0.0902693148	0.0210376688	-0.0545051474	-0.0010831021	-0.0665791687	-0.0490328326	-0.0615095293	0.0602534507	-0.0809920328	0.0080493957	0.0247673704	-0.0487664677	-0.0755054761	0.1006607236	-0.0997837604	0.0818647166	-0.0543442699	0.020450122	0.0	0.0	-0.0136650944856597	-0.000592906473571	0.000186734807302	3.5153808640239986e-07	0.2744206076391293	-0.005102683595851	2.603737987936722e-05	0.0753066698970289	-0.4394554074043029	0.0186073631305703	0.0003462339626729	0.1931210550968818	0.0012648906499323	0.0001128377804631	1.2732364699838784e-08	1.5999483562861563e-06	0.0006382270187796	-0.0002640686830428	4.0733372750029604e-07	6.973226936401155e-08	-0.0012229040901728	1.1675175069997617e-07	1.4954944137613637e-06	1.363097129150938e-14	0.0	0.0	0.0	0.0	0.0	0.0	0.0	0.0	0.0	0.0	0.0	0.0	0.0
60.69409222871553	-0.048722021211347	3683.772831467828	0.0023738353509189	63.98603494750385	-0.2489008684135285	0.0619516422970086	4094.212668303184	59.23853917872652	0.0321950871893648	0.0010365236391308	3509.204524029517	63.86867282871916	51.92963980069948	0.923899	30.424164	0.0701904730624634	0.0366297866318088	0.0002952385	-0.0287861741	-0.0456491402	0.0875054616	-0.0686218265	0.0176519943	-0.040857519	0.0135508923	-0.039515324	0.0324931335	0.0240734796	-0.1037014414	0.10379234	-0.0036935719	0.0658303939	-0.0060598241	-0.064448116	0.0431980712	-0.0093695759	0.0366005166	0.0520208637	0.0550351617	0.0893887981	-0.0406159747	-0.1507494677	-0.0375830077	0.0934606065	-0.012521867	-0.0039045055	-0.0891353422	-0.0063018217	-0.0207562183	0.0112065829	-0.0093444184	0.0162614629	0.0357300194	0.0168453621	0.0390723157	-0.1148722596	-0.1151220876	0.0082270547	-0.0200352106	-0.1088322261	0.0225709793	-0.1244095781	0.0323087703	-0.0284267714	0.0097350607	-0.0621427607	-0.0062427271	0.0453400924	-0.0607966747	-0.1529459893	0.0427055057	0.1716088059	-0.0896252323	-0.0592397861	0.0425493118	-0.0192280971	-0.0892887975	0.034531926	-0.0336363217	-0.0022807123	-0.0773521729	-0.0529530534	-0.1462345301	0.0408895115	0.1872989108	0.0412905091	-0.0418662105	0.0663474282	0.1014451039	-0.1202302001	0.0197124143	-0.0047050541	-0.0166026992	-0.0098385282	-0.0119508424	-0.0146637162	0.0047431313	-0.0040243811	0.0717715444	-0.044949639	-0.055879263	-0.0940020451	-0.0576121266	-0.0779483636	0.0116438636	0.0007875136	0.0826681563	-0.0667265247	-0.0011916493	0.002783539	-0.0014354897	0.0114352122	0.0236871214	0.0286488786	-0.0014722622	-0.0312425102	-0.1399076025	0.0828910781	-0.0293850812	0.065862674	0.0014839733	0.0727781138	0.0077409425	-0.066244116	-0.1250620716	0.0872252995	0.0678144491	0.0288202836	-0.0605083913	0.0167858253	-0.0262104761	-0.0922752737	0.0123165732	0.0144805784	0.0021122295	-0.0594564077	-0.0091874332	0.07177046	-0.0130748384	0.0485741673	-0.129210085	0.0546104653	-0.0741868996	0.02094389	0.0999229931	-0.0103018935	0.0401464878	-0.0247662792	-0.0100929723	0.0234769983	-0.018463551	0.0138739556	-0.0264441104	-0.0524762748	-0.0212572108	-0.0237646573	-0.1003994225	0.0841901024	-0.059084626	0.0277358257	0.0	0.0	-0.0137818421712836	-0.0001167476856238	0.0001899391736341	1.3630022098536592e-08	0.286320553940385	0.0118999463012557	0.0001416087219727	0.0819794596087289	-0.4656514274047367	-0.0261960200004338	0.0006862314638631	0.2168312518440687	0.0009240735771554	-0.0003408170727769	1.1615627709621481e-07	8.539119759967771e-07	0.000936935629697	0.0002987086109173	8.77848374195714e-07	8.922683423620264e-08	-0.0012229335879815	-2.9497808699992245e-08	1.495566560613305e-06	8.701207181013382e-16	0.0	0.0	0.0	0.0	0.0	0.0	0.0	0.0	0.0	0.0	0.0	0.0	0.0
60.74813354134296	0.0540413126274259	3690.335728756837	0.0029204634704951	64.0878478551315	0.1018129076276466	0.0103658681595957	4107.252242702483	59.31816179316095	0.0796226144344274	0.0063397607293734	3518.644318519619	63.91546385112555	52.055205931494	0.928336	30.570295	0.0356174515610275	0.019785812176962	0.003709053	-0.1023862428	-0.00065938	0.0240234652	-0.0037851584	0.0074713626	-0.0252132482	-0.0083516051	0.0275655832	-0.0131854653	0.1177144912	-0.0180324477	0.045428346	0.0462189295	0.0198012368	0.0087959266	0.0810052928	0.0096386012	0.1217536659	-0.1074216343	-0.1752147186	-0.0133942733	0.028291232	-0.0019810512	0.0203407067	-0.0348864316	0.1095919791	-0.064295236	0.0375103333	-0.0142254618	-0.0017913535	-0.0110354151	-0.0300161305	0.0149536725	0.0420951467	-0.0936634505	0.0995203803	0.0605738186	0.0921798777	0.0012828973	-0.1396640438	0.006612004	0.1007788681	0.0413337454	0.0123124686	0.1080658317	-0.0193646879	-0.0763752899	-0.0064879522	0.0500729883	-0.021189762	0.0849257065	0.0015250336	-0.05156645	-0.0069662123	0.0246938156	-0.0644634063	-0.0110150652	0.1174857463	0.0401664442	0.114133492	-0.1336661556	0.1335719076	-0.1221399564	-0.0621404263	-0.0948375996	0.0358939616	0.0804120121	-0.0342940054	0.035756113	-0.0147111865	0.0272091387	0.0931814433	-0.1501839383	-0.0040482319	-0.0135895288	-0.0048553017	-0.0235809225	0.0122138	0.0471631036	-0.1236198744	0.0169404548	-0.0107701316	-0.0167932604	-0.0847766473	-0.0310125175	-0.0649648886	0.0417338269	0.0357487263	0.0469540622	-0.076037517	0.048959004	-0.0221368592	-0.0150553724	0.0591667634	-0.0669506386	-0.0383654591	0.0408923308	-0.058570882	-0.0534841463	-0.0723789698	0.0235750467	-0.1003367682	0.0212016393	-0.0472444762	-0.0587939204	5.009e-07	0.0295327685	0.1190910999	-0.0563218918	-0.0354871749	-0.0607074739	0.0894219221	-0.052777533	-0.1155948226	-0.0007697328	-0.0262086858	-0.0023884925	0.0581799083	0.0120835347	-0.055888603	-0.0655378123	0.0743987269	-0.0269148472	0.101988099	-0.0320029382	0.0061195054	-0.0056550156	0.0410748439	-0.040926581	0.0141116055	0.0448550769	0.053424661	-0.0108215538	0.014717599	-0.050253181	-0.0441096551	0.033472417	-0.07128728	-0.1009838109	0.0864105979	-0.0636593764	0.0348833508	0.0	0.0	-0.0139094113793447	-0.0001275692080611	0.0001934717249198	1.6273902845336373e-08	0.275005357425016	-0.011315196515369	0.0001280336721814	0.0756279466124607	-0.4725152617960191	-0.0068638343912824	4.711222255095115e-05	0.2232706726301604	0.0008079329151924	-0.000116140661963	1.3488653361203852e-08	6.527555954512898e-07	0.0007070066450065	-0.0002299289846905	4.99858396083347e-07	5.2867338000804206e-08	-0.0012227862057087	1.4738227279982414e-07	1.4952061048714794e-06	2.1721534335641776e-14	0.0	0.0	0.0	0.0	0.0	0.0	0.0	0.0	0.0	0.0	0.0	0.0	0.0
60.75925362421143	0.0111200828684729	3691.68690097125	0.0001236562430017	64.09904685955648	0.0111990044249807	0.0001254177001107	4108.687808303617	59.32032087285468	0.0021590796937331	4.661625123891006e-06	3518.900468458439	63.95060263306672	51.99455071432055	0.943689	31.075884	0.0435369842648465	0.0271159554571164	0.0021977382	-0.0630074276	0.0398886218	-0.103055598	-0.0294162752	0.0216738357	-0.0248018892	0.015269839	0.0138420576	-0.0203462841	0.0596644395	0.1003735066	0.0203111568	-0.0300343885	0.036020401	0.0504243152	-0.0459123111	-0.0510010642	-0.0149151548	-0.0777871819	-0.0098457077	0.0131570955	0.0269850998	-0.0347658023	0.0026415491	-0.0858976227	0.064387932	0.1144377397	0.0644681956	-0.0365328094	0.0178173922	0.0025670699	-0.0135251906	0.0015310342	-0.0273125027	-0.0461271149	0.0540244647	0.0501627275	0.0735679842	-0.0058459441	0.050808307	-0.018992191	-0.0634753148	-0.0444956292	0.0609997904	-0.141919604	-0.0703460447	0.058855781	-0.0123281496	-0.0371979264	0.020485161	0.0405252062	0.2131514669	0.0139985852	0.1465704455	0.0657838416	0.134098581	0.046140836	-0.0825992141	-0.1049889482	0.0732692369	-0.0417365901	0.0125351671	0.0246164507	-0.1236246865	0.1126319668	0.1007325901	-0.0774551003	-0.1267988486	-0.0566066963	0.0175511917	-0.1102474863	-0.0209790837	-0.0047068088	0.0013396801	-0.008296205	0.0006002819	-0.0099526669	0.0091621003	0.0265669284	-0.0121637976	0.03774204	0.0980064323	0.0863447467	-0.0431520146	-0.035763559	-0.0318629648	0.0359647869	0.0381355607	0.011402416	-0.0341343318	-0.0274363681	-0.1079305466	0.0336455954	0.0449337873	0.0703149921	0.0178865654	0.0620773855	0.0165446148	-0.0814788041	0.122960282	0.0233276607	-0.0262760507	0.00778989	-0.0981147626	0.0142305424	-0.0373730988	-0.0131928384	-0.0335307715	-0.0368141093	-0.0219644146	-0.1031450706	0.013407766	-0.1915173177	0.0466910679	-0.008761166	0.0020509904	-0.0037119261	0.0536817493	-0.0760512744	-0.0583381452	-0.0540553682	0.0136626502	0.0886516256	-0.0113108234	-0.0271077325	0.0022127317	-0.0256525954	0.0171325131	0.0874030807	0.0336791861	-0.0875392968	0.0143064365	0.0115344805	-0.0615469176	0.1015243792	-0.0761877258	-0.0303547087	0.0329966069	-0.1015367435	0.0885234364	-0.0680556987	0.0418570888	0.0	0.0	-0.0183063052197098	-0.0043968938403651	0.0003351208107971	1.933267544344057e-05	0.2690265632736413	-0.0059787941513747	3.574597950451232e-05	0.0723752917468265	-0.4470281940723524	0.0254870677236667	0.0006495906211507	0.1998342062955887	0.0007498988969642	-5.8034018228199976e-05	3.3679472717110473e-09	5.623483556681239e-07	0.000705077347838	-1.9292971685000004e-06	4.97134066434268e-07	3.722187564382119e-12	-0.0011292649501166	9.352125559210006e-05	1.2752393275618472e-06	8.746225247522906e-09	0.0	0.0	0.0	0.0	0.0	0.0	0.0	0.0	0.0	0.0	0.0	0.0	0.0
60.85804507462828	0.0987914504168472	3703.701650305488	0.0097597506754643	64.1854558626041	0.0864090030476205	0.0074665158076836	4119.772744290299	59.367923538532665	0.0476026656779851	0.00226601377965	3524.550345277061	63.99716548044065	52.18803622932472	1.008742	33.218075	0.0779977422178325	0.0405519027587991	0.0040509207	0.1142547261	-0.0281764962	-0.0225503038	0.0241285277	0.0007079428	-0.0098859631	-0.0002334893	-0.03243461	0.047945064	0.0013089671	0.0795867301	0.1072423556	-0.0037952553	0.028665799	-0.1236573148	-0.0028479761	-0.0332329465	-0.0725137945	-0.0441775492	-0.0500089004	0.0274950384	-0.023268544	-0.0480874978	0.0325041855	0.0396285421	0.0273428682	-0.0071644346	-0.0772895941	-0.0014597067	0.0002006224	0.0014727284	0.0148687831	0.0168339551	0.0281284304	-0.0122807563	0.132511615	0.0017597989	0.077619455	0.0509947277	-0.0309776048	0.0505423505	0.1947279207	-0.0245576763	-0.0419349677	0.0122264326	0.0431177961	0.1459889633	0.0471718225	-0.0634547396	0.1427101095	0.1471019012	0.0408021024	-0.0281264993	-0.0300218358	-0.0030716517	-0.0484012398	-0.061753752	-0.0041780941	0.0063397003	0.0152195022	0.0994776815	-0.0312703588	0.0083640246	0.051310131	0.0346307941	-0.054352647	-0.0060487775	-0.018471141	-0.1572802449	0.0232897902	-0.0250874795	0.0484867687	-0.0413526838	0.0007203846	0.0067868688	-0.0022996317	-0.0016946629	-0.0071923942	-0.0288061223	0.12688596	0.0047353187	0.0101413649	0.0487749975	-0.0229934694	-0.0220961134	-0.0718003595	-0.0247706661	0.0555872428	0.079324941	-0.0446122448	-0.01442206	0.0678240712	-0.0161386815	-0.0115635989	-0.0107378154	0.0438715763	0.0125312587	-0.0865627823	0.0371349566	0.0865023204	0.0636459585	-0.0895838538	0.0098871571	-0.0084216416	-0.0308902359	0.0263310479	0.024326737	0.0750987059	0.0786242862	0.0249453924	0.0217841726	0.1320936786	-0.0110151139	-0.0839873082	0.0153834445	0.0077211775	0.0033843398	-0.0576825159	-0.0690017322	0.0278921508	0.0115630725	-0.1010515565	0.0223272845	-0.0221924553	0.0345230736	-0.0165579835	0.0350581768	0.0347109134	-0.0934738571	0.0866618757	-0.0191442195	0.0049330092	-0.083101853	-0.0165603613	-0.0388713684	0.0046016029	0.055104608	0.0633944445	-0.1020580481	0.0905259858	-0.0722612707	0.048622297	0.0	0.0	-0.0184434019627417	-0.0001370967430318	0.0003401590759592	1.8795516949954726e-08	0.2802937101389915	0.0112671468653502	0.0001269485984853	0.0785645639434809	-0.4786349126887828	-0.0316067186164303	0.0009989846616982	0.2290913796445987	0.0011560647047028	0.0004061658077386	1.6497066337594946e-07	1.3364856014595723e-06	0.0009908430138549	0.0002857656660169	9.817698781050616e-07	8.166201587408246e-08	-0.0011370690762215	-7.804126104899887e-06	1.2929260840992152e-06	6.090438426117989e-11	0.0	0.0	0.0	0.0	0.0	0.0	0.0	0.0	0.0	0.0	0.0	0.0	0.0
60.90376763265368	0.0457225580254032	3709.2689118522735	0.0020905523123863	64.07426838262896	-0.1111874799751433	0.0123626557032229	4105.511868769165	59.42843334116834	0.0605098026356785	0.0036614362150087	3531.738689385689	64.03517936189554	51.99937798041816	0.97758	32.191902	0.0812815631772349	0.0470454661868454	-0.0074313542	-0.0053212323	-0.0434685626	0.0902842114	0.0756641453	-0.0048212934	-0.0307576316	0.0261690046	-0.0143601966	0.0577269216	-0.0573817946	-0.0322134887	0.0554477285	0.0617823518	-0.0437786971	-0.0085791915	-0.0672951314	0.0375208072	0.011460234	0.0515998924	-0.1255316038	-0.0329187658	0.0459601486	-0.1088223764	0.0083088301	-0.0213904126	-0.1027993614	0.0666504191	0.017138663	0.075437592	0.0007941751	0.0242263352	0.0115611033	0.0314162169	0.0007620661	0.0310358365	0.0255669485	0.0534625342	-0.0723781288	0.0520535209	0.0106474522	-0.0090653386	0.0390160005	-0.0948627012	0.0465511796	0.0181907326	0.0887249348	-0.0630892799	-0.079800377	0.0691738489	-0.0350593439	0.186986578	0.0004827632	0.1084042532	-0.0003789393	-0.0188119581	0.104375454	-0.0047929861	0.0350481375	-0.0038977423	0.0354533993	-0.0278659163	-0.0160539628	-0.1059851105	-0.0929773622	-0.1512206277	-0.0075793691	0.0343670569	0.0736138345	0.0407910607	0.044575468	-0.0259654294	-0.0356389777	0.0805237386	0.006587162	0.005181704	-0.0129980682	-0.0187566106	-0.0039232457	-0.0012686022	-0.0363139579	-0.0339943341	-0.0909542773	-0.0602068046	-0.0686422239	-0.0141399416	0.0051338285	0.0209528082	0.0105528071	0.0817627775	-0.1010232027	0.0479583622	0.1050076989	-0.0775197932	-0.0712756358	0.1047485826	-9.98462e-05	-0.020595708	-0.0240465548	-0.0424719634	0.0294552577	0.0117112841	0.0147791413	-0.0262080271	-0.0468572827	0.0090251466	0.0032050529	0.0660024088	0.0152288981	0.0826831206	-0.1725800205	0.0234276052	0.0782819988	0.033991161	-0.0652392078	0.0237863045	-0.0200675869	-0.0085627977	-0.0235271413	0.0422044253	-0.0062421524	0.0448380763	0.0333887448	-0.0944990416	0.050964611	0.0063488307	-0.0290615558	0.0627726065	0.0826862729	0.0057674046	0.0192188455	0.0736267042	-0.0082407266	0.0271301421	-0.0490871579	-0.0063459596	-0.0150100775	0.0171093633	0.0361044369	-0.1025475623	0.0924157511	-0.0762643048	0.0551452713	0.0	0.0	0.0034286879076717	0.0218720898704134	1.175590076821414e-05	0.0004783883152994	0.2898352346051354	0.0095415244661438	9.104068913802203e-05	0.0840044632186138	-0.5186419923059304	-0.0400070796171476	0.0016005664194927	0.2689895161830648	0.0013500680567675	0.0001940033520646	3.7637300612339935e-08	1.8226837579039737e-06	0.0009882325226777	-2.6104911771999365e-06	9.76603518877931e-07	6.8146641862387095e-12	-0.0011376726174502	-6.035412287001569e-07	1.2942989844959892e-06	3.642620147408951e-13	0.0	0.0	0.0	0.0	0.0	0.0	0.0	0.0	0.0	0.0	0.0	0.0	0.0
60.98744401664656	0.0836763839928806	3719.468327683599	0.007001737238124	64.2457113011986	0.1714429185696389	0.0293926743276758	4127.511420596957	59.52818194774871	0.0997486065803698	0.0099497845147254	3543.604446004276	64.08424651737091	52.31660330555308	0.924543	30.445374	0.0867706258610743	0.0455791979409461	-0.0043348818	-0.0768673091	0.0208633802	0.0223317342	0.0830544395	0.0041598335	-0.0037772538	-0.0039407546	0.0187681847	0.0056292429	0.0964688657	-0.0715906792	-0.0291418558	0.0413395861	0.0225344556	0.0512475946	-0.0823803661	-0.0370523272	0.0257184294	-0.0673386352	-0.081391553	0.0920442457	0.1019377773	0.0150498138	0.0119304905	0.1467134333	-0.0039310641	-0.0167225943	0.0420000633	-0.0586464515	-0.0228195712	0.0353477256	0.0170321018	-0.0507290568	0.0113312791	0.0631127191	0.016047573	0.040033797	0.040663413	0.0188104739	-0.031070073	0.1125016464	0.0426057454	0.2383597339	-0.0043802586	0.0617033063	0.057695341	0.0271576467	-0.0105009214	0.0128403877	0.0630182144	-0.0523486981	0.0182270048	0.1095948106	-0.1367538304	-0.0932197614	0.1324707914	0.019814534	0.0296040573	0.1729160637	-0.0544452062	0.074164252	-0.0608566957	-0.0429472316	-0.0163443561	-0.0315033342	0.0302658217	-0.0113864523	-0.0011098251	0.0283725704	0.1311952951	-0.008386111	0.0189483453	0.008188605	-0.0006934329	0.0151633625	0.0025082481	0.0050975056	0.015237292	0.0479730543	-0.1030721999	-0.0211754225	0.0117946483	-0.0166598475	-0.0482325981	-0.0147304318	0.0826738985	0.0016894601	0.021914184	0.0332146589	-0.1393759765	0.0211328417	0.0522833673	-0.0859599909	-0.02124995	0.0586417373	-0.0538990662	0.0141546855	-0.1029285929	-0.044200043	-0.0655986505	-0.0327592285	-0.0987735693	-0.0581348798	-0.0816441835	0.0737686522	-0.0174891258	-0.0233427144	0.0875983008	0.0566267524	-0.0493240292	-0.115762246	0.1249465223	0.0812898583	-0.0110082501	0.0075201178	-0.0169824816	-0.0130373856	0.0632957063	0.0014251186	-0.0827363166	-0.0362229729	0.0607282138	-0.0150477673	0.0275856957	0.0316339014	-0.0137599226	-0.0540053393	0.0056873782	-0.0134710935	0.0475598047	0.0082227832	0.1546840984	-0.0085473425	0.0381997364	0.0248466746	-0.1235901237	-0.0009787127	-0.1027464538	-0.1030051337	0.0941903779	-0.080053581	0.0613935146	0.0	0.0	-0.01223071260641	-0.0156594005140817	0.0001495903308605	0.0002452168244604	0.2855472210658121	-0.0042880135393232	1.838706011341983e-05	0.0815372154584077	-0.4878449202309411	0.0307970720749893	0.000948459648392	0.2379926661951333	0.0007561343287426	-0.0005939337280249	3.52757273285556e-07	5.717391231030223e-07	0.0011140714327739	0.0001258389100961	1.2411551573228904e-06	1.5835431294199475e-08	-0.0011369224609177	7.50156532500169e-07	1.2925926821391589e-06	5.627348232526772e-13	0.0	0.0	0.0	0.0	0.0	0.0	0.0	0.0	0.0	0.0	0.0	0.0	0.0
60.95356183939894	-0.0338821772476265	3715.3367009094304	0.0011480019350395	64.18020488563519	-0.065506415563405	0.0042910904799655	4119.098699162111	59.415456150136094	-0.1127257976126188	0.012707105447401	3530.196429528745	64.04238973050057	52.25271803687472	0.947507	31.20159	0.0272733177321156	0.0141679205614627	-0.0019950246	-0.0287590852	0.043411299	-0.0929142346	0.0428249994	-0.0054721348	-0.0159483566	0.0032791254	0.0158972036	-0.0241797515	0.0060278084	0.0164007916	-0.0974952314	-0.0064818387	0.0660831109	0.030411137	-0.1059652387	-0.0422274287	-0.0450053637	-0.0534268648	-0.1378160808	0.0608318133	-0.0208437502	0.030062684	-0.0214281128	-0.0849366072	0.0272481324	-0.0649179316	0.0613090765	0.0484355922	-0.0032251737	0.0201922169	0.035197132	-0.0051910206	-0.0315193786	0.0966625756	-0.0352772941	-0.0701893536	0.0360306841	0.0169779307	-0.0451192878	-0.0089856203	-0.0897361284	0.0804058529	-0.0340064529	0.0777491851	-0.1125312651	-0.0168746027	-0.0858305064	0.1303618863	0.0490891907	-0.0012678189	0.1266524792	0.1220108549	0.1230094937	-0.0606590851	-0.0641350963	0.1004588416	0.0893511416	-0.0660410662	-0.0029894198	0.0668856173	-0.0023792673	0.0243186928	0.1227560935	-0.0395861772	0.0904179483	0.0618545213	-0.0635880328	-0.1123897021	-0.1072248544	0.0088326118	0.0832186299	0.0362723627	0.0031537313	0.0124014218	-0.008670758	0.00338309	-0.013232955	0.0159447587	0.0484985704	0.0177465446	0.1145780139	0.0243671752	0.0529427954	0.0165746394	0.0516362216	0.0318919415	0.0058946724	0.0649202088	-0.164981147	-0.1303081967	0.1185419107	0.0067000697	-0.0060895397	0.0841856458	-0.1197414502	-0.0619344827	0.0345631558	0.0217116765	0.0278444221	0.0640939343	0.1588991154	0.0253020405	0.062403418	-0.0997148557	0.0735020617	0.1395440023	-0.0647970803	-0.0730159492	0.0356282928	-0.0479156671	-0.0146798834	0.0212326206	-0.0446738571	0.0136746196	0.0101798364	-0.0042708658	0.0026176304	-0.0504163802	-0.0429064328	-0.0670103506	-0.0099439472	0.0403395779	-0.0787173335	0.0371076313	0.0193085464	0.0288333777	-0.0522112452	0.0865092714	0.0668384882	-0.0476258861	-0.028221178	-0.0368848835	-0.0328499533	0.0262359769	-0.1105880492	0.1175711663	-0.0089051343	-0.1034306197	0.0958476552	-0.0836184785	0.0673358985	0.0	0.0	-0.0075149360745854	0.0047157765318246	5.647426420510502e-05	2.223854829810765e-05	0.2899972579397456	0.0044500368739335	1.980282817936808e-05	0.0840984096125713	-0.4981199538718286	-0.0102750336408874	0.0001055763163213	0.2481234884452726	0.0009026282969051	0.0001464939681625	2.1460482707995586e-08	8.147378423738014e-07	0.001103992851013	-1.007858176090004e-05	1.2188002150878118e-06	1.0157781031114695e-10	-0.0011369993247037	-7.686378600008786e-08	1.29276746437667e-06	5.908041598267303e-15	0.0	0.0	0.0	0.0	0.0	0.0	0.0	0.0	0.0	0.0	0.0	0.0	0.0
60.954589091645495	0.0010272522465584	3715.461931331348	1.0552471780593185e-06	64.29664498668606	0.1164401010508697	0.0135582971327367	4134.058556543941	59.434924374844165	0.0194682247080706	0.0003790117732839	3532.5102354434453	64.04678104443471	52.40873587869723	0.992556	32.685066	0.060301955073765	0.0345730881355508	0.0073518219	0.1042006294	-0.0531668131	-0.0506548678	0.0363185364	-0.0099628971	0.0020527366	-0.0177319064	-0.0033294786	-0.0112656434	-0.0468952412	0.0500720447	-0.0257483397	-0.0771650893	-0.0177015651	0.0304999226	-0.0396794323	0.0461788827	-0.0140572627	-0.0034680955	-0.0789664072	-0.0426476004	0.1045787377	-0.0430206098	0.1655428829	0.0733748984	-0.090623347	0.0337399712	0.0245498605	-0.0712470176	-0.0031085155	0.022856753	-0.0024086578	-0.0077981935	-0.0508827298	-0.0073877534	-0.0030059575	-0.1741551302	0.0299012059	-0.0249115298	0.0026177956	-0.0565440444	-0.0246416665	-0.0338548662	-0.0629830287	-0.0107975477	0.0957437335	-0.0213620846	-0.0038843348	-0.0121080883	-0.0568198828	0.0281572589	0.0433972831	0.0029502977	-0.0443829019	0.0741443609	-0.079047108	-0.0340899709	0.0270679457	0.0362687933	-0.0375640933	0.0028186755	0.0619798876	-0.0102000157	0.083012601	-0.040272604	-0.110765448	0.0825731533	0.0210120351	0.0357851287	-0.0908981385	0.0454619351	0.1369647133	0.1700218148	0.008297625	0.0051455904	-0.0018549968	-0.0172276433	-0.0247627045	-0.0213081007	0.0401314144	-0.0572643562	-0.0808594465	0.0800692533	0.032714251	0.0372745624	0.0470228497	0.0910793001	-0.0661760824	0.0128584565	-0.0616682225	-0.0487031149	0.082435047	-0.0486008107	-0.0171977849	0.0877712658	-0.0365849447	0.0215439441	-0.1526616178	-0.0284624836	0.0374278903	0.1333578029	0.067557448	-0.0334623545	-0.1726134179	0.0733942482	0.1498978007	0.1006130095	0.0473671248	-0.0698942888	0.017458145	0.0022036856	-0.0322118832	-0.0076525934	-0.0270783913	0.0342227579	-0.0065930977	-0.0110603701	-0.061286093	-0.0024977342	0.0005126318	0.0224883123	-0.11410451	-0.0174525251	0.0287373182	0.0485993788	0.0151991436	0.0591433227	-0.0089104371	-0.0217003152	-0.0038718864	0.0414972548	0.0905368371	0.038135781	0.0869091608	-0.0319127585	-0.0715023386	0.0367208876	-0.0297070533	-0.1038238878	0.0973855183	-0.0869490055	0.0729428184	0.0	0.0	-0.006054627592178	0.0014603084824074	3.665851527996317e-05	2.132500863791004e-06	0.2962701934185077	0.006272935478762	3.934971952071186e-05	0.0877760275082399	-0.5216604368871742	-0.0235404830153456	0.0005541543405957	0.2721296114133175	0.0014111689654722	0.000508540668567	2.58613611586673e-07	1.9913978491118797e-06	0.0011661920194774	6.219916846440018e-05	1.3600038262927767e-06	3.8687365576628334e-09	-0.0011468240496172	-9.82472491349996e-06	1.315205400780394e-06	9.652521962594684e-11	0.0	0.0	0.0	0.0	0.0	0.0	0.0	0.0	0.0	0.0	0.0	0.0	0.0
60.98304690910764	0.0284578174621472	3718.932010318423	0.0008098473747088	64.45794265322189	0.1612976665358303	0.0260169372299039	4154.826371086042	59.41293182697702	-0.0219925478671427	0.0004836721616885	3529.8964682770197	64.0470071549921	52.51696013406329	0.969761	31.934408	0.0562129989020495	0.0350355622761463	-0.0100864944	0.013429432	-0.0378536651	0.0999838099	0.0557097925	-0.0166321972	0.0202436213	-0.0244239508	-0.0280365311	0.0490886926	-0.0557945592	-0.1069727636	-0.0049251942	-0.0687383321	-0.1534985848	0.0334950987	-0.0941749686	0.1321632941	0.020442224	-0.1227418285	0.0445534459	0.1147835725	0.0145801402	-0.0255686639	0.098109027	0.0026866757	0.0708589148	0.1281605367	-0.0092330821	0.0540215666	-0.0071434618	0.0129860464	0.0302932805	-0.0033199955	-0.0066876866	-0.0568632822	-0.0994097198	0.0145635297	0.0483059839	0.0778029132	-0.0120113243	0.0134428899	0.0111486244	0.0157613003	-0.0152031109	0.033217985	0.0935810054	-0.2301905332	0.1180880841	0.1156468419	-0.0249057545	-0.0610266906	-0.0462857087	0.07107555	0.0327551842	-0.0956955415	-0.0946817186	0.0330344336	-0.0706078415	0.0124494961	0.0061825113	-0.0065464771	-0.0504490478	0.0217212972	0.0426218972	-0.0686995491	-0.0990870982	-0.0135724104	0.1028609453	0.0279942903	0.0355470515	0.0315374519	-0.1365161484	-0.0433894412	-0.00251283	0.0088925943	-0.0033841066	-0.0039325888	-0.0045572677	0.0100432227	-0.0548744418	-0.0222904374	-0.1131578641	-0.0353222658	-0.0204363	0.0177875815	0.0533356761	0.1053336622	-0.0529350867	0.0113023841	-0.0666720492	-0.0382461229	0.0452728641	0.0701977145	0.0300488728	0.1204632184	-0.1227347518	-0.0864993986	0.0529172502	-0.0247024957	0.0118009262	0.0897828942	0.1019825253	-0.1031411234	0.0275666745	0.1002795838	0.0842531536	-0.0535063943	-0.0214529159	-0.0923583328	0.0566953217	0.0269420803	-0.0457737954	0.0239423063	0.0294397862	0.0188148977	-0.0261375943	-0.0160413911	0.0206050502	0.0341907851	-0.0272875022	0.1073564066	0.0419958159	-0.0664106907	0.0977042034	-0.0001544339	0.0218782615	0.011460144	-0.0472849293	0.0645613693	0.0487546395	-0.0370859029	0.0093663382	0.0403710567	-0.0948363863	0.0651303838	-0.0249285491	0.0129314067	0.0259308112	-0.1041848154	0.0988020511	-0.0900358269	0.0781863408	0.0	0.0	-0.0055203185995509	0.0005343089926271	3.047391744054761e-05	2.8548609960218657e-07	0.2904403096075896	-0.005829883810918	3.398754524880484e-05	0.0843555734449525	-0.5207557735168749	0.0009046633702993	8.184158135614231e-07	0.2711865756511586	0.0009169059500581	-0.0004942630154141	2.4429592840623884e-07	8.407165212519469e-07	0.0011327685708772	-3.3423448600200046e-05	1.2831646351671742e-06	1.1171269163302142e-09	-0.001598020440167	-0.0004511963905498	2.5536693271915324e-06	2.035781828451677e-07	0.0	0.0	0.0	0.0	0.0	0.0	0.0	0.0	0.0	0.0	0.0	0.0	0.0
60.91456949652132	-0.0684774125863256	3710.584776946525	0.0046891560345178	64.25558332207706	-0.2023593311448337	0.0409492989013844	4128.779988060387	59.36957908792699	-0.0433527390500358	0.0018794599831405	3524.7469210776176	64.01072202991202	52.564847570835454	0.925379	30.472923	0.0645257743126817	0.032369465837343	-0.015657816	-0.07693697	-0.0076438423	0.0698172831	0.0137332283	-0.0107583524	-0.000909278	-0.0112815059	0.002461939	-0.0112604794	0.001954468	-0.0864424263	-0.0221199702	-0.0086074784	-0.0034806289	0.0726485844	-0.0386203782	0.0107519309	-0.0247480877	0.0135991217	-0.0190738388	0.0216626365	-0.0501872333	0.1662966536	-0.0356297262	-0.0569738853	-0.0528451329	-0.0604801857	-0.043445258	0.0527203499	-0.0012607583	0.0032594233	-0.0008963347	-0.0098311542	-0.0227446635	0.0484549438	-0.0794413286	0.0360046124	0.0783547185	0.0030189983	-0.023576003	0.0081810253	-0.0408446856	0.1103369584	-0.0379679249	-0.0913797662	0.0101547245	-0.0895309983	-0.0505049159	-0.0159201259	0.0102497322	-0.0770105931	0.0002804198	-0.0329809398	-0.0801410622	-0.0683207559	-0.0953854469	-0.0434585213	0.1234019618	-0.0792968477	0.0619485585	0.0753570021	-0.1204770622	0.0700791842	0.0601968152	-0.1224502766	-0.0211955812	-0.0461519552	-0.086923089	0.088747595	0.0642725224	0.0646826472	-0.1146937274	0.1054196213	0.0007842224	0.0053634788	-0.0070833248	-0.0061858147	-0.0117478614	0.0329200226	-0.0081005074	-0.0080268528	0.0434953674	-0.0890853589	-0.02887953	0.0060984871	0.0615177747	0.08229483	-0.032213187	-0.1326321136	-0.0149341065	-0.1025252963	0.0849306456	0.0434660382	0.026847413	-0.0002730496	0.0242231363	-0.0444729879	-0.0831299106	0.0561274796	0.0302340124	0.0221169867	0.1185996062	-0.0518899304	-0.0531531466	0.0256754714	-0.0422946013	-0.043322988	0.0040567666	-0.0948205934	0.0990537471	0.0400939079	-0.0113104284	0.0687702394	-0.0180716288	0.0011892704	-0.0066602348	-0.0211845598	0.0380788172	-0.0394092285	-0.0389582854	0.0239170429	0.0667745123	-0.0598990558	-0.0828440236	0.0371517177	-0.0141596129	-0.0455003224	0.0165790211	0.0261375061	-0.0312715787	0.0436164572	0.0190767904	0.090508122	-0.0558465043	-0.0933668196	-0.0296295307	0.1024407135	0.0267321491	-0.1045132902	0.1000954889	-0.0928702909	0.0830403428	0.0	0.0	-0.015471824822967	-0.0099515062234161	0.0002393773633525	9.903247611468938e-05	0.2825403627370804	-0.0078999468705092	6.240916055686827e-05	0.0798290565756009	-0.4943140923814084	0.0264416811354664	0.0006991625012696	0.2443464219268555	0.0008771861690561	-3.971978100199996e-05	1.577661002846837e-09	7.694555751833169e-07	0.0010149087707045	-0.0001178598001727	1.0300398128529193e-06	1.3890932496748805e-08	-0.0013509472196759	0.0002470732204911	1.8250583903500444e-06	6.104517628384371e-08	0.0	0.0	0.0	0.0	0.0	0.0	0.0	0.0	0.0	0.0	0.0	0.0	0.0
60.94558178477819	0.0310122882568748	3714.363939085087	0.0009617620229274	64.34684910439405	0.0912657823169951	0.0083294430219331	4140.516989663658	59.30320617675781	-0.0663729111691751	0.0044053633370712	3516.870262843046	64.05933969147554	52.00729828816625	0.995094	32.768654	0.1238707933222653	0.0596728935788165	0.0060533639	-0.0361223432	-0.0109093292	-0.1005331481	0.0236281733	0.0087268289	0.0200895534	0.0373577302	-0.0202588292	0.0088037651	-0.0098072513	0.0400053297	-0.0607200329	-0.0460182515	-0.1308836463	0.0305429356	-0.0037633645	0.1821350512	-0.0254323197	-0.0963024762	0.0070891856	0.0023412203	-0.1355342567	0.0674953268	0.1147565789	0.0407210361	0.0149191921	-0.1686471963	0.1310627166	-0.0893966748	0.0038125887	-0.0025199029	-0.0007722248	0.0046599478	-0.0278062856	0.0063284531	0.0676551556	-0.071362661	-0.0523657991	0.0560895822	-0.0335534139	0.0486417183	-0.001272503	-0.0364241456	-0.0635590704	-0.0583147764	-0.053954045	-0.0145164882	0.1145785142	-0.1581470816	-0.0278212759	-0.0306899959	-0.0485956043	-0.0225947524	0.0105404116	-0.0257520973	0.0531730151	0.1014263426	0.079606447	0.0351789455	-0.0270063705	-0.0275700447	-0.0725267634	-0.0165172118	0.0575800348	0.0100014359	0.1003429072	-0.0838489018	-0.0832520929	-0.0053954257	-0.0799175044	-0.0616577873	-0.0511277726	-0.0595837677	0.0103096075	0.0080196472	-0.0060352989	-0.0222121715	-0.0204412313	-0.0158271527	-0.0271910302	-0.0915583382	0.0665023966	0.0772899973	0.0210267966	0.023506243	-0.0511436421	0.0435265231	-0.0644420377	0.0313874712	0.0647548359	-0.0664994041	0.0711355644	0.0104956912	0.074961603	0.0878499927	0.019862496	-0.0474077445	0.0364262463	0.027018416	-0.032545559	0.0935043531	0.0481061288	-0.0147060709	0.1228760934	0.0242256428	-0.1228860477	0.056723124	-0.0597198981	-0.0782903057	0.1468056067	0.0558602718	0.0699911298	0.0107250689	-0.0149141836	0.0363949357	-0.0156144284	-0.0042068058	-0.0411063635	0.0094373218	-0.0712304385	-0.0675884636	-0.0762312722	0.0124935687	0.0288589868	-0.0236222992	-0.009475157	0.0373306821	-0.006250454	0.0075242077	0.0384966407	-0.0071388931	-0.0207680907	0.019570781	-0.0778643362	0.0675511328	-0.0882483456	-0.0489528643	0.0058808158	-0.1048092098	0.1012642201	-0.0954444529	0.087480642	0.0	0.0	0.0107372710127151	0.0262090958356821	0.0001152889888004	0.0006869167045239	0.2918431129018159	0.0093027501647355	8.654116062748692e-05	0.085172402548222	-0.5372714220832862	-0.0429573297018777	0.0018453321751158	0.2886605809873966	0.0015088569580728	0.0006316707890166	3.990079856969802e-07	2.276649319924703e-06	0.0011313617692307	0.0001164529985262	1.2799794528768195e-06	1.3561300865743152e-08	-0.0015108557845324	-0.0001599085648564	2.2826852016550137e-06	2.557074911446545e-08	0.0	0.0	0.0	0.0	0.0	0.0	0.0	0.0	0.0	0.0	0.0	0.0	0.0
60.89134188489327	-0.0542398998849193	3707.7555165429576	0.002941966739526	64.26353286022713	-0.083316244166923	0.0069415965420823	4129.801655677492	59.26027620680789	-0.0429299699499239	0.0018429823199013	3511.780336107161	63.97430504090433	52.462943411474924	0.935497	30.806107	0.1240042196574391	0.0641569934982081	0.005796782	0.0394467471	-0.0308886818	-0.1031989173	0.0051466733	-0.0016347386	-0.0006642781	-0.0113113234	0.0136875589	-0.0252028548	-0.042796998	0.1117311073	0.015304547	0.0135005571	0.0372942464	-0.0185292009	-0.0719488035	0.0485258653	-0.015682136	0.0752041074	0.0351150541	-0.0653776347	-0.0044673952	-0.0488585088	0.000362264	-0.0533368847	-0.0141185167	0.0387986565	-0.0126783304	0.0225442176	0.0098841497	-0.0252339967	-0.0439115665	-0.0021193589	0.046939769	0.0609166435	0.0313508408	-0.1021002253	0.045817036	0.0255226523	-0.0581517178	0.0421709747	-0.1681327118	-0.0108600551	-0.0153370223	0.0531830355	-0.0286101309	0.1420554063	-0.0210696065	0.111465276	-0.055986352	-0.1040872143	-0.0263069124	-0.1501931521	0.0992531754	0.0429924514	-0.0237701403	-0.0083601241	-0.1217860913	0.091715092	0.1205096659	0.0299605035	-0.0163069881	-0.0206186918	-0.0215430926	-0.0205265656	0.0079491868	-0.037950972	0.0545897963	0.0849258065	-0.0727138203	0.0443832461	0.0064603976	-0.0056187824	-0.0004421183	-0.0037425056	0.0038614554	-0.0164426987	-0.00758309	-0.0087225392	0.0014041751	-0.0501892898	-0.0381160378	0.1301068734	0.0312816493	-0.0078826419	0.0050927683	0.0747075961	-0.0188084025	-0.0550850893	0.1076898273	-0.0163454702	-0.0438008079	0.0696608606	0.0644856972	-0.0678380553	0.0407846577	-0.0731714092	0.0495414208	-0.0110650901	0.0570657153	0.0260308125	-0.1048800734	-0.1100070308	0.0144656963	-0.0258769984	-0.0602235893	-0.1104391877	0.0172403138	-0.0038371461	0.1011298594	-0.0652149667	-0.0721716543	0.102788156	0.0156904666	0.0149167843	-0.0258516535	-0.0137961189	0.0219953131	-0.0438063826	-0.0687404041	0.0584332295	-0.0848284052	0.0861839134	0.0312528752	-0.0619556812	0.0094320424	-0.032824093	0.0353247287	0.0459888076	-0.1147692254	0.0544962105	0.016566167	0.054792466	-0.0049613335	-0.071094242	-0.0133636604	0.0463686799	0.0971864308	-0.1050724821	0.1023067888	-0.0977510977	0.091485117	0.0	0.0	-0.0183147619869004	-0.0290520329996155	0.0003354305066368	0.0008440206214107	0.2903630068735054	-0.0014801060283105	2.1907138550410875e-06	0.0843106757606233	-0.492854594058393	0.0444168280248931	0.0019728546117929	0.2429056508844633	0.0011330534051138	-0.000375803552959	1.4122831041660798e-07	1.2838100188399768e-06	0.0011654687035718	3.410693434110004e-05	1.3583172990053322e-06	1.163282970148109e-09	-0.0009396612197401	0.0005711945647923	8.829632078834525e-07	3.26263230848265e-07	0.0	0.0	0.0	0.0	0.0	0.0	0.0	0.0	0.0	0.0	0.0	0.0	0.0
60.91390612412756	0.0225642392342848	3710.5039592990247	0.000509144892222	64.29693181405055	0.033398953823422	0.001115490116499	4134.095440700666	59.25840873880589	-0.0018674680019969	3.487436738482656e-06	3511.5590062553865	64.01830941406591	52.22676722500302	1.00763	33.181446	0.1151193233219159	0.0533854709053209	0.0025712647	0.0795667002	-0.0719021635	0.0598072937	-0.0186890585	-0.005796859	0.014214387	-0.006292136	-0.0438494856	0.0513936358	-0.0368655264	0.0128215883	0.0613290097	-0.0283645495	-0.0466651303	0.089568499	0.0474100745	0.0694945404	0.0377930828	0.1302718721	0.0719987957	-0.0035090245	-0.084075242	-0.0041403073	-0.0301962813	0.0595266685	-0.020150058	-0.1494417039	-0.0051327027	-0.1531510365	0.0164808307	-0.0164278983	0.0087917188	0.0688734273	-0.0122752933	-0.0048951104	0.1506593912	-0.0398731359	-0.0308121173	0.112590028	-0.017969122	-0.0168901716	0.0454193507	-0.0859649221	-0.0034095537	-0.0478740122	-0.0220431725	0.0777736016	-0.0161553278	-0.0889388371	0.0249666554	-0.1000722451	0.0443103798	-0.0271781196	-0.0775864055	0.0253530826	-0.1034818873	-0.055760711	0.0401684148	0.0339371926	-0.0445940096	0.0710310116	0.0414227063	0.0937692659	-0.0417753388	0.0972955199	-0.0290783737	-0.0522030193	-0.0055847497	0.0967927232	-0.0673561083	0.0816601864	-0.0699350213	0.1213903315	0.0048255506	0.0065620782	-0.0149810241	-0.014548461	-0.0361352891	-0.0355109974	0.0984956118	-0.0419812724	-0.0294397879	-0.0669426359	-0.0393462975	-0.050562133	-0.009847881	0.0378915078	-0.0450803917	0.0126899653	0.1027696651	-0.017853466	-0.0011074095	0.0789748101	-0.0178019906	0.0538181023	0.0336807801	0.0082802495	0.0510410712	0.0538871208	0.0065642259	0.0392798753	-0.0904759429	-0.0630304992	0.0070606244	-0.0671663517	-0.0958272958	0.1049581287	-0.1117464049	0.0354695316	0.0675238658	-0.0131974845	0.0319916599	0.0093382072	0.0325752206	0.0363660749	-0.0043084589	-0.0126409253	-0.086149222	-0.0452987366	0.037261186	0.0828059911	-0.0209339923	-0.1129567075	-0.0608711263	-0.042162173	0.0097828963	0.0585879727	-0.0317010656	0.0040809685	0.0108862068	-0.0641008201	-0.003427606	-0.0601065737	0.0002485388	0.0255377015	0.0458921569	-0.0355780697	-0.0146496655	-0.105303025	0.1032218959	-0.0997837604	0.0950338178	0.0	0.0	0.0044950274648982	0.0228097894517986	2.0205271910189145e-05	0.0005202864948353	0.2967538996718843	0.0063908927983789	4.084351076037129e-05	0.0880628769704707	-0.5191435049946165	-0.0262889109362234	0.0006911068382126	0.2695099787780954	0.0017608916210441	0.0006278382159303	3.941808253825421e-07	3.1007393010633182e-06	0.0012677680306063	0.0001022993270344	1.607235779427376e-06	1.0465152311711558e-08	-0.0014021182794856	-0.0004624570597455	1.965935669667659e-06	2.1386653210845295e-07	0.0	0.0	0.0	0.0	0.0	0.0	0.0	0.0	0.0	0.0	0.0	0.0	0.0
60.90359144092821	-0.010314683199347	3709.247450403504	0.0001063926895028	64.21300150984425	-0.0839303042063051	0.0070442959641629	4123.30956290326	59.30491069712537	0.0465019583194816	0.0021624321275468	3517.072432794015	63.99234843435525	52.31881398030925	1.003414	33.042629	0.0576532937987041	0.0318426238660074	-0.0055103998	-0.0967676917	-0.0319888709	0.0577200489	0.0272822824	-0.0196867148	-0.0182210469	0.0106242603	0.0069838343	0.0199154515	0.0551890675	-0.0197160253	0.0062190402	0.0654617357	-0.0035221019	-0.0159448176	-0.0031842327	0.0454423322	0.1320969424	0.0760488351	-0.0427890204	-0.0351509254	0.0376065425	0.0125356568	-0.0567277323	0.0654749638	-0.0063730677	0.0235521242	-0.0812683964	8.7624e-06	0.0154548481	-0.0145103818	-0.0222035867	0.0143973478	-0.0360917918	-0.0045892929	0.0171485541	0.0526219555	-0.0725138746	-0.0901495778	0.086194304	-0.0717521895	0.0099881921	0.1173641059	0.0331801921	-0.0324141246	0.003060595	0.0687436502	-0.0290774777	0.0159037675	-0.0634739488	-0.0446099831	-0.0847783066	-0.0109432642	-0.0911689552	0.0946687714	0.0679663235	0.0240547259	-0.0114075547	0.0534012203	-0.0532511475	-0.0579855541	-0.0867325807	-0.0971975305	-0.1074610047	-0.0785856151	0.0558943491	-0.057738388	0.1751989355	0.0841456951	-0.0024392732	-0.0567076522	0.0179078472	-0.0451105377	0.0022976413	-0.0050068858	-0.0125828652	-0.0250993862	-0.0237388952	0.0273290759	-0.0935912033	-0.0467518441	-0.00278731	-0.0643951778	-0.0259934162	-0.0240391445	0.0568911205	0.0159168178	0.0089946337	0.0117711453	0.056758901	0.1399840184	0.0006672542	0.085364598	-0.0230552066	-0.0338001126	0.0312156863	0.0133377802	0.003834282	0.0007788837	0.0405153888	-0.046671199	-0.137322603	0.0557733719	-0.0187028236	0.0061687378	-0.0917898422	0.0131647583	-0.0658016312	-0.032879107	-0.0520276075	0.0254355753	-0.1235593893	-0.0370496668	-0.0408436333	0.0340220128	-0.0380196304	-0.0187086071	0.01340308	0.0420999001	-0.0817874133	0.0098925175	0.0573888945	-0.0770007047	0.0575349072	-0.0359526645	0.0185744563	0.0173291431	0.0138708431	-0.002930428	-0.0614949096	0.0706899533	0.0169839644	0.0419530881	-0.0277198945	-0.0440970393	0.0531252572	-0.0299606286	-0.0024647374	-0.1055007667	0.1040084014	-0.1015367435	0.0981090648	0.0	0.0	0.0095478012100329	0.0050527737451347	9.116050794630572e-05	2.5530522519522548e-05	0.2995138240137009	0.0027599243418165	7.617182372551792e-06	0.0897085307753102	-0.5395716777239343	-0.0204281727293178	0.0004173102410588	0.2911375954018212	0.0013602868998896	-0.0004006047211545	1.604841426112747e-07	1.8503804500112585e-06	0.0012811655354632	1.3397504856900054e-05	1.6413851292587078e-06	1.7949313639066052e-10	-0.0012278720458483	0.0001742462336372	1.5076697609756898e-06	3.0361749936784506e-08	0.0	0.0	0.0	0.0	0.0	0.0	0.0	0.0	0.0	0.0	0.0	0.0	0.0
60.79550901225318	-0.1080824286750328	3696.093916058957	0.0116818113882935	64.01343291146415	-0.1995685983800967	0.0398276254593963	4097.719593110522	59.352258813736285	0.0473481166109124	0.0022418441466005	3522.6906262927364	63.93605584472239	52.150536112145545	0.891491	29.356991	0.0830123086057474	0.0552039931422191	0.0006373142	-0.1152434816	0.0049822393	-0.0196499753	-0.0215432901	0.0084058891	-0.0501976357	-0.014748994	-0.0145639471	-0.0285926561	0.0560596762	-0.0200916967	-0.0339859939	-0.0098496462	0.0934812579	-0.0548053982	-0.0097586011	-0.1792094384	-0.0285614227	-0.0985821808	-0.0030875583	0.0135403318	-0.0737300412	0.1611439011	-0.0118897456	0.097459634	-0.0623684544	0.0648503713	0.002362119	0.1270090031	0.002442906	-0.0005360892	0.0087855426	0.0166386901	-0.0074318575	-0.0292168782	-0.0464353269	0.037476471	-0.0960820027	-0.06645209	0.1228985505	-0.1121732138	-0.0545817529	0.0017085376	0.0561304984	-0.1203401305	0.060103892	-0.0274910632	-0.1000676484	-0.0121964291	-0.0204285036	0.0781097948	0.074176341	0.1013559167	0.0917209299	0.084980113	-0.1059873538	-0.0425683593	0.0621829357	0.0627682007	-0.1203771462	-0.1097683797	0.0164027702	-0.1003348675	0.1164798026	-0.0262524974	-0.0481990533	-0.0495506658	0.0114944962	-0.0155652708	0.1077119713	0.0134125682	0.0200644114	0.0160438018	-0.0025709368	-0.0106207527	-0.011112004	-0.0161728681	-0.0329257403	0.0412107877	-0.0382013453	0.0172855995	0.0827768225	-0.0339665568	0.0053697605	-0.0328204853	0.056117217	0.0333781062	0.1052687055	-0.055636526	0.0724328961	0.0913991654	-0.0705126958	0.0478950138	-0.0574155476	-0.0792038559	0.0660108899	0.1404937616	-0.0092158871	0.0983676736	-0.0306760121	-0.1304986076	-0.0571252284	0.0094164247	-0.0921028291	0.0725137367	-0.0332927739	0.0313872271	-0.117493434	0.0214675448	-0.0684885778	0.033906664	0.058501601	0.0025782844	-0.0291879585	0.0137421937	-0.0226541429	-0.0194008435	0.0507951605	-0.0621259487	-0.0761056742	-0.048362356	0.0704295657	-0.0221773181	-0.0738195932	-0.0387592123	0.0139071475	-0.0503570634	0.0354039525	-0.0217781861	-0.0010949582	-0.0100216475	0.0655885173	0.0578442238	0.0681396372	-0.0344837341	0.0356392249	0.1092035288	-0.1328841435	-0.1056656457	0.1046653254	-0.1030051337	0.1006955375	0.0	0.0	-0.003069544486479	-0.0126173456965119	9.422103354473628e-06	0.0001591974124252	0.2889818912406525	-0.0105319327730484	0.000110921607936	0.0835105334650243	-0.4865590385053622	0.0530126392185721	0.0028103399169184	0.2367396979512625	0.0013757125296605	1.5425629770900043e-05	2.3795005382887767e-10	1.892584964264892e-06	0.0011596563679059	-0.0001215091675572	1.344802891624704e-06	1.4764477800467998e-08	-0.0012277990248242	7.302102410016929e-08	1.5074904453592562e-06	5.332069960637503e-15	0.0	0.0	0.0	0.0	0.0	0.0	0.0	0.0	0.0	0.0	0.0	0.0	0.0
60.78411047807037	-0.0113985341828097	3694.708086610264	0.0001299265815166	64.12621905439991	0.1127861429357608	0.0127207140383258	4112.171970212882	59.33177777878782	-0.0204810349484674	0.0004194727925603	3520.25985439146	63.945619301800974	51.84793762425217	1.007097	33.16391	0.093397479874849	0.0459338693233453	0.0146487018	0.0226162815	-0.0325346593	-0.1200888661	0.0195863054	0.0098598189	-0.0173327074	0.0122788334	-0.0442250531	-0.0467497969	-0.0062092856	0.0595657085	-0.0579442822	0.0806219653	0.095994026	-0.0026955318	0.028653306	0.0712053794	-0.0159378339	0.1669751147	0.0398715163	0.0577243807	0.1496071415	0.0716368719	-0.0441537357	0.025655773	0.0062829111	-0.1009427901	-0.0935204592	0.1615177581	0.0236480595	0.0011146797	0.005658145	0.0048753388	-0.0559699048	0.0129944518	-0.0557542164	-0.022602919	-0.0606445994	-0.0164775271	-0.0887406759	-0.0939233672	0.119957103	-0.0790858941	-0.0267281752	-0.0836138451	0.0043308711	0.0276179554	0.1291299244	0.0714157302	-0.0116887188	-0.0380105078	3.6211e-06	0.0008369037	-0.0281362138	-0.1126373284	0.0130163343	-0.0063221014	0.0063642069	-0.0443264557	0.0409088217	0.1001525629	0.1627371665	-0.0746670128	0.0774348595	0.0574608423	0.0198681656	-0.0302528046	0.0153791833	-0.003692726	-0.0094950479	0.0422438199	0.0648133959	0.1143704987	0.0086673005	-0.010465007	-0.0136048284	-0.0262701801	-0.0450832719	-0.0300604056	0.0469379535	-0.0436405525	0.0346598969	0.0798473836	0.0341582573	-0.0432908707	-0.0671744168	0.0399366641	0.0820006176	0.0783554843	0.1022958187	0.0875691627	0.0770662031	-0.0389635847	-0.017374703	-0.0969551874	0.0824787524	0.0146796347	0.1496108382	0.065269944	-0.0224723496	-0.1010219687	0.0490913007	0.0727169015	-0.0308459937	0.0439244455	-0.0757088636	-0.0103690538	-0.0282372495	0.0104027948	0.0055171049	-0.0003900197	-0.0611364107	-0.0323703012	0.0778072662	0.0398557482	-0.021081807	-0.0047304106	-0.083661169	-0.0340260633	-0.0185644943	-0.0529368912	-0.1189363408	0.0053307098	0.0098304024	-0.0549403746	0.030054273	0.0786833797	0.0355400491	-0.0644553372	0.0568825468	0.0079807555	0.0264846585	0.1023326354	-0.028850778	0.0206586157	0.053243239	-0.0308366487	-0.0101269971	-0.1057976105	0.1051918494	-0.1041848154	0.10278035	0.0	0.0	0.0156340277640509	0.0187035722505299	0.0002444228241271	0.0003498236149307	0.3010438542972764	0.0120619630566239	0.0001454909527793	0.0906274022101598	-0.5189593952886824	-0.0324003567833202	0.0010497831196864	0.2693188539583949	0.0018842723555812	0.0005085598259207	2.586330965404928e-07	3.5504823100075248e-06	0.0012548435498818	9.518718197590012e-05	1.5746323346799575e-06	9.060599612513122e-09	-0.0012286837726151	-8.847477909002064e-07	1.509663813087675e-06	7.827786535027953e-13	0.0	0.0	0.0	0.0	0.0	0.0	0.0	0.0	0.0	0.0	0.0	0.0	0.0
60.86782462484096	0.083714146770589	3704.892074560395	0.0070080583695277	64.19291062620593	0.0666915718060181	0.0044477657499572	4120.729774664063	59.31319968365609	-0.0185780951317298	0.0003451456187236	3518.0556567132608	63.98984320833564	52.15077454671948	0.98743	32.516277	0.0400274408561848	0.0204469800569251	-0.0033163095	0.0304984486	-0.0577043454	0.0688631373	0.0371127909	-0.0177766655	-0.0123711237	-0.0129640427	-0.0199843377	0.027342248	-0.0331822482	-0.0468355204	0.0473576558	0.0298061418	0.1037006913	-0.0101137505	0.1031484315	0.0181119066	0.0156315393	0.0257057439	0.0724483374	0.0141053408	-0.0498352087	0.0845152947	0.0449186294	0.0678685685	-0.0605364973	0.1770069526	0.069353156	-0.0839971816	0.0012632584	-0.0067980602	-0.0208073843	-0.005718028	-0.0830694613	-0.034457673	-0.0361668427	-0.0334962795	-0.0987194732	-0.0267412077	-0.0650927794	0.0433250253	0.0371945104	-0.1039407266	-0.0009417448	0.0118933697	0.0020028811	0.0394877829	0.0774540199	-0.0939889692	-0.0407844245	0.0551778549	0.0099019067	0.0507526509	-0.1413766758	0.0625064007	0.0800218066	-0.0147621678	-0.0856451269	0.0268394064	-0.0610942306	-0.0418950882	-0.0011003344	-0.0170012629	-0.088357299	-0.0157827746	-0.0078827405	0.0296744697	-0.0997835345	0.0103302525	-0.0371856925	0.1211759191	-0.0019325354	-0.1192521954	0.000661113	-0.0016494662	-0.0121626559	-0.0190974686	-0.0211518155	-0.0163050044	-0.0166448635	-0.0425242179	-0.1100402911	-0.0236730061	-0.0443085943	-0.0613951902	-0.014362263	0.0745403486	0.0546296036	0.0210853076	0.1089799487	0.0736008845	-0.082356173	0.0117839007	-0.0512176896	-0.000767177	-0.0346961664	0.0122842438	0.1578609799	-0.0025199021	-0.0951658946	-0.1206423536	-0.0768159247	0.0509672226	-0.0809260105	0.094130848	0.0615380518	-0.0452983097	-0.0275774744	-0.0711789722	-0.1248008817	0.0325643107	-0.0276288853	0.0291009891	0.0863050753	0.0361047917	-0.0409019665	-0.0233826764	-0.0183971659	0.0207474522	-0.0249678051	0.1220017282	-0.006985363	-0.0778713013	0.0987024633	-0.0749135277	0.0088974558	-0.0303315118	0.0131562148	0.0039962921	0.046589362	-0.0682223308	0.0428496339	-0.0285395734	-0.0732037047	0.1077552644	0.0559961631	-0.034038734	0.0267272266	-0.1058966202	0.1055873175	-0.1050724821	0.104353116	0.0	0.0	-0.0021872065698289	-0.0178212343338798	4.783872579102703e-06	0.000317596393183	0.3042917241832299	0.0032478698859534	1.0548658796083546e-05	0.0925934534064028	-0.524180578896889	-0.0052211836082065	2.726075827060486e-05	0.2747652792926776	0.0017701699029494	-0.0001141024526318	1.3019369696592194e-08	3.133501485307888e-06	0.0010949150246475	-0.0001599285252343	1.1988389111988358e-06	2.557713318361813e-08	-0.0012279716899183	7.120826968000805e-07	1.5079144712408056e-06	5.070617670820754e-13	0.0	0.0	0.0	0.0	0.0	0.0	0.0	0.0	0.0	0.0	0.0	0.0	0.0
60.89557996175131	0.0277553369103529	3708.271658878048	0.0007703587270071	64.30744288446829	0.1145322582623578	0.0131176381826754	4135.447210339151	59.41770685723488	0.1045071735787956	0.0109217493294285	3530.463888172297	64.04744811873178	51.984961532363926	0.981711	32.32793	0.101576573669839	0.0518748294452931	-0.0112137825	-0.0756954657	0.0077414856	0.0365739872	0.0016530781	-0.0248434504	-0.0019205306	-0.0071679696	-0.0317447137	0.0338776835	0.0497948676	-0.0675971926	-0.0446149204	0.0758283148	0.0519587391	-0.0202922293	0.0499497101	-0.0424118892	-0.0575351359	0.0648269789	0.0079876791	-0.1387253865	-0.0611302894	-0.0243000881	0.0508775906	0.0412194695	-0.0877730104	-0.1626356629	0.1591274004	0.1121319877	-0.005143124	0.0109230612	0.0016179757	0.0073214468	-0.0380068346	0.0066259501	-0.0075689261	0.0776838772	0.056350351	0.0019662011	0.0184535774	0.0668485595	0.0441198962	0.0489401358	0.0629833915	-0.0741326613	0.0669995025	0.0069011522	0.0613786044	-0.0625047474	0.0098929338	-0.0807303539	-0.039444929	0.0808473782	0.0398689034	-0.0903918473	0.0676051387	-0.0304827322	-0.027045175	0.0007980678	0.0678922629	0.1487802081	0.1314408295	-0.0089148186	-0.0394551055	0.1024675941	0.0181095833	0.0164695319	0.0035919277	-0.0545753618	-0.0153261113	-0.106840904	0.0786240695	-0.1441336603	0.0076591399	0.0071484329	-0.0129105136	0.001888948	-0.0145036591	0.0114171709	0.0053087419	-0.009449583	0.1059049054	-0.0998032384	-0.0578132521	-0.0292649147	0.053015165	0.0536242827	0.0818806738	-0.0817341368	0.0731238184	-0.0132843801	-0.0028492155	0.0063277063	-0.0609610829	-0.1045056277	0.0570029294	0.0257027545	-0.004103613	-0.0232044164	0.0179865492	-0.0371800284	0.0724846917	0.1490631942	0.0017754807	-0.0355904284	0.1218689942	0.0694187678	-0.0645060612	0.0241974014	-0.0319675505	0.0425288695	-0.1019020294	0.0632324617	0.037604364	0.0151869841	-0.0045561089	-0.0172838172	0.0196668535	-0.0706088473	-0.039992249	-0.0288082264	0.0567765293	-0.0551175886	-0.1202717973	0.0160266707	-0.0613004097	0.0094319877	0.0330582563	-0.0370824482	-0.0538672355	0.0427654794	0.0204586133	0.0242375116	0.1045327868	-0.0417364532	0.0227651545	0.0980142726	-0.0080532955	-0.1059626437	0.1058512369	-0.1056656457	0.1054060001	0.0	0.0	-0.0147363921371379	-0.012549185567309	0.0002171612532194	0.0001574820584027	0.2857379374229083	-0.0185537867603216	0.0003442430031474	0.0816461688826978	-0.4828297103957055	0.0413508685011834	0.0017098943258021	0.2331245292408008	0.0013026418881452	-0.0004675280148042	2.185824446267563e-07	1.6968758887504915e-06	0.0010146788519458	-8.023617270170019e-05	1.0295731725860466e-06	6.437843409817058e-09	-0.0012626621592329	-3.469046931459997e-05	1.5943157283586892e-06	1.2034286612672021e-09	0.0	0.0	0.0	0.0	0.0	0.0	0.0	0.0	0.0	0.0	0.0	0.0	0.0
60.949923507623055	0.0543435458717453	3714.893175585101	0.0029532209779144	64.59271422194512	0.2852713374768285	0.0813797359858186	4172.218730557871	59.46842050755278	0.0507136503178955	0.0025718743285657	3536.493037663124	64.042318215813	52.05539390210643	1.025963	33.785172	0.2575698887887451	0.1193668943004609	-0.0006820162	0.0713883153	0.0538770005	-0.0785840329	0.0032745875	-0.0148337065	0.0558882637	0.0148112658	0.0626407546	-0.0723551243	-0.0766175594	0.1004641824	-0.0692067464	0.0300540668	0.0536882566	-0.0228294435	0.0495553072	-0.028436222	-0.0306164796	0.0374647592	0.0714929814	0.0926866837	-0.0219263965	-0.1814266029	-0.1054896119	-0.0642871841	-0.0461123164	-0.0245966025	0.0915488197	-0.0527381171	-0.0144912445	0.0123156313	-0.0165382411	-0.0162050825	-0.0057692047	-0.041411092	0.0020906084	-0.0223651389	0.0304127965	-0.1446662205	0.0628475227	-0.0155766454	-0.0028717529	0.1076321488	0.1094634633	-0.0589934315	-0.0201401063	-0.0270400851	-0.0870608677	0.0067860836	0.042391486	0.0096024388	-0.031069812	-0.0941330569	0.052877206	-0.0836587557	0.0392065007	0.0074546567	0.1001946436	-0.0186074127	0.0430983958	-0.0643331641	-0.0637827159	-0.0635940954	-0.0939073507	0.118079458	-0.0465608597	-0.0331255555	-0.0896370414	-0.1640768964	-0.0370235348	0.1765892881	-0.0311356742	0.0179457867	0.0019899021	0.004344204	0.0034341065	0.0359179656	-0.0051458392	-0.0262560479	0.0901159544	-0.0145756697	0.0544124223	0.0195184663	0.0051527261	0.0644261709	-0.0271288166	0.0427768395	0.1601146207	-0.0677856707	0.2175016652	-0.017073181	-0.0588468418	-0.0437222944	-0.0790515083	-0.1018573045	-0.0610529214	-0.0601147267	0.0290547922	-0.0266936344	0.0099418641	-0.0838001715	0.1369693121	0.1108497383	0.0246825406	-0.1636608795	0.0849004478	-0.0246811418	-0.0279973655	0.0176097362	-0.0737506748	-0.0193062179	0.1474764558	0.1894403519	-0.0925002116	-0.032016624	0.0292238244	0.0057314092	0.0293096036	-0.0598781188	-0.0046857272	0.0737865643	-0.1185070792	0.0139296707	-0.0988846741	-0.0046620471	-0.0995846843	-0.0494105764	0.147072331	-0.0220399637	-0.172090953	-0.0636235315	-0.1441625454	-0.1213000039	-0.0002195137	0.1312165949	0.0610770089	-0.0066011281	0.0928633782	-0.1059956606	0.1059832789	-0.1059626437	0.1059337567	0.0	0.0	-0.0472880243922588	-0.0325516322551209	0.0022361572509228	0.0010596087624726	0.2676756643685394	-0.0180622730543689	0.0003262457078905	0.0716502612951389	-0.4595485964315102	0.0232811139641953	0.0005420102674138	0.211184912482171	-0.0004447201988798	-0.001747362087025	3.053274263172364e-06	1.977760552916889e-07	-0.0002250670732046	-0.0012397459251503	5.065518744088478e-08	1.536969958927021e-06	-0.0019490515373587	-0.0006863893781257	3.798801895280312e-06	4.711303784039224e-07	0.0	0.0	0.0	0.0	0.0	0.0	0.0	0.0	0.0	0.0	0.0	0.0	0.0
