#!ascii label  , from subject sub-v2s9x29162_ses-1 vox2ras=TkReg
2935
2468  -0.320  -84.807  -14.513 0.0000000000
113662  -6.638  -91.268  -22.597 0.0000000000
25918  -13.504  -55.439  -12.751 0.0000000000
9996  -8.994  -73.414  -4.689 0.0000000000
5463  -4.435  -79.992  -8.394 0.0000000000
10909  -3.605  -72.629  -9.974 0.0000000000
120215  3.137  -78.128  -15.343 0.0000000000
3121  -0.184  -83.422  -24.308 0.0000000000
3742  4.192  -81.902  -26.707 0.0000000000
17152  -12.872  -64.982  -5.551 0.0000000000
12593  2.035  -69.093  -4.551 0.0000000000
107242  4.654  -78.070  -6.402 0.0000000000
114340  8.243  -87.223  -13.168 0.0000000000
127114  -13.738  -66.996  -11.395 0.0000000000
2898  -2.409  -83.274  -10.691 0.0000000000
112785  -3.439  -77.584  -14.430 0.0000000000
6335  -2.322  -78.860  -16.993 0.0000000000
120141  -2.920  -87.476  -26.039 0.0000000000
105264  -4.945  -85.064  -28.161 0.0000000000
104666  -15.245  -50.893  -10.195 0.0000000000
27795  -7.341  -52.830  -11.787 0.0000000000
121237  -10.890  -69.248  -5.230 0.0000000000
14474  -18.250  -68.926  -9.041 0.0000000000
105947  -13.531  -72.219  -9.704 0.0000000000
10894  3.541  -72.346  -8.147 0.0000000000
14513  -0.633  -67.616  -10.987 0.0000000000
119961  -17.755  -57.516  -10.711 0.0000000000
6892  -6.104  -77.441  -6.463 0.0000000000
9214  -8.737  -74.616  -10.798 0.0000000000
7686  -6.790  -76.399  -13.612 0.0000000000
9252  0.337  -74.201  -13.732 0.0000000000
115530  5.762  -75.751  -11.969 0.0000000000
3032  0.499  -83.354  -19.378 0.0000000000
5676  -1.188  -79.600  -21.450 0.0000000000
4368  -1.670  -81.461  -25.569 0.0000000000
3176  0.340  -83.545  -30.865 0.0000000000
16226  -5.343  -66.375  -6.384 0.0000000000
111508  -2.221  -71.800  -6.263 0.0000000000
7571  -0.683  -76.133  -3.971 0.0000000000
119574  0.756  -76.992  -8.945 0.0000000000
4150  2.089  -81.833  -12.397 0.0000000000
3484  5.874  -82.211  -10.253 0.0000000000
1116  5.266  -87.493  -14.805 0.0000000000
1559  6.618  -85.724  -19.817 0.0000000000
914  4.691  -87.259  -23.690 0.0000000000
389  -0.335  -89.676  -22.633 0.0000000000
19087  -18.408  -62.864  -5.982 0.0000000000
19129  -17.774  -62.953  -9.984 0.0000000000
20961  -13.071  -61.041  -12.174 0.0000000000
119194  -7.793  -69.586  -11.363 0.0000000000
18186  -6.376  -64.039  -11.550 0.0000000000
23424  -6.575  -58.543  -13.045 0.0000000000
3639  5.753  -82.250  -19.652 0.0000000000
5605  7.729  -79.429  -17.571 0.0000000000
2435  -1.046  -84.577  -11.890 0.0000000000
108237  -2.408  -81.452  -14.255 0.0000000000
4219  -1.719  -81.527  -16.378 0.0000000000
420  -5.345  -89.673  -24.865 0.0000000000
115574  -7.374  -87.781  -26.076 0.0000000000
108262  -8.027  -88.282  -24.438 0.0000000000
26818  -14.838  -54.138  -8.322 0.0000000000
28727  -14.841  -53.236  -11.052 0.0000000000
104688  -11.528  -51.687  -12.285 0.0000000000
26866  -10.492  -54.398  -13.593 0.0000000000
11707  -9.945  -71.276  -4.836 0.0000000000
105801  -13.172  -71.782  -6.727 0.0000000000
105428  -12.087  -73.901  -7.290 0.0000000000
12686  3.207  -69.792  -11.221 0.0000000000
23401  -19.227  -58.080  -9.211 0.0000000000
6927  -4.658  -77.655  -7.778 0.0000000000
7665  -6.936  -76.761  -9.889 0.0000000000
5499  -6.753  -79.011  -10.890 0.0000000000
7001  0.355  -77.332  -15.359 0.0000000000
8463  -1.364  -75.297  -15.438 0.0000000000
9277  1.869  -75.129  -15.082 0.0000000000
9238  2.781  -75.756  -12.031 0.0000000000
7695  4.696  -77.321  -13.449 0.0000000000
3682  0.229  -82.733  -22.011 0.0000000000
3685  -2.751  -82.018  -21.687 0.0000000000
3715  -3.739  -82.275  -23.253 0.0000000000
3182  -4.935  -83.328  -31.802 0.0000000000
120053  -1.987  -84.410  -30.466 0.0000000000
18123  -6.273  -64.687  -7.554 0.0000000000
13545  -0.548  -67.753  -7.658 0.0000000000
11736  1.087  -70.421  -6.789 0.0000000000
10001  -1.527  -73.817  -6.242 0.0000000000
10850  3.074  -72.040  -4.526 0.0000000000
121905  4.211  -78.070  -3.662 0.0000000000
7599  3.564  -75.582  -5.804 0.0000000000
7629  4.024  -76.116  -7.913 0.0000000000
5488  0.931  -78.821  -11.358 0.0000000000
5486  4.492  -78.510  -10.896 0.0000000000
2411  8.009  -83.784  -11.992 0.0000000000
3540  7.151  -82.113  -13.408 0.0000000000
2481  8.212  -84.255  -15.343 0.0000000000
1148  5.505  -87.216  -17.298 0.0000000000
1511  8.593  -86.485  -16.927 0.0000000000
575  6.527  -88.782  -19.891 0.0000000000
632  1.911  -87.928  -24.012 0.0000000000
125347  -13.847  -63.094  -4.904 0.0000000000
18099  -15.306  -64.378  -5.401 0.0000000000
114429  -16.943  -68.562  -10.017 0.0000000000
117064  -18.622  -65.952  -9.429 0.0000000000
105226  -15.574  -64.711  -10.926 0.0000000000
104661  -15.170  -62.343  -11.352 0.0000000000
108002  -12.851  -64.206  -11.448 0.0000000000
10937  -7.149  -72.202  -12.532 0.0000000000
116921  -9.003  -71.951  -11.314 0.0000000000
12678  -5.510  -70.324  -10.337 0.0000000000
17263  -0.767  -64.499  -11.726 0.0000000000
17235  -3.040  -65.378  -11.511 0.0000000000
19171  -2.731  -62.844  -11.835 0.0000000000
20954  -6.657  -61.778  -11.938 0.0000000000
21772  -3.684  -59.677  -12.410 0.0000000000
24229  -3.318  -55.948  -10.505 0.0000000000
5002  2.615  -80.459  -23.677 0.0000000000
4974  3.045  -80.687  -21.105 0.0000000000
3711  6.018  -82.270  -23.490 0.0000000000
4116  -3.544  -82.324  -9.425 0.0000000000
4808  -5.223  -80.163  -11.474 0.0000000000
4822  -3.727  -80.694  -12.493 0.0000000000
6307  -2.884  -78.332  -15.614 0.0000000000
5584  0.706  -79.193  -15.248 0.0000000000
105277  -1.359  -85.193  -25.971 0.0000000000
104614  -4.563  -84.154  -24.505 0.0000000000
119963  -5.501  -85.725  -24.877 0.0000000000
2624  -7.456  -86.417  -29.948 0.0000000000
29743  -9.115  -50.784  -11.159 0.0000000000
10828  3.062  -71.707  -2.122 0.0000000000
125710  -11.445  -67.003  -6.350 0.0000000000
16235  -15.111  -66.648  -6.681 0.0000000000
13532  -14.585  -69.237  -6.810 0.0000000000
12652  -16.742  -70.003  -9.121 0.0000000000
104657  -14.246  -69.532  -10.681 0.0000000000
11761  -0.216  -72.388  -8.487 0.0000000000
12674  -1.926  -70.141  -9.922 0.0000000000
13581  1.628  -69.146  -9.537 0.0000000000
16300  2.072  -66.742  -12.429 0.0000000000
188  -7.198  -91.592  -18.600 0.0000000000
113224  -8.863  -87.533  -20.931 0.0000000000
26833  -18.256  -54.761  -9.394 0.0000000000
119970  -15.787  -56.103  -11.565 0.0000000000
123143  -7.326  -76.059  -4.750 0.0000000000
109130  -10.133  -75.721  -7.795 0.0000000000
8394  -7.732  -76.038  -8.976 0.0000000000
110639  -7.947  -75.316  -11.642 0.0000000000
10099  -5.702  -73.149  -13.845 0.0000000000
7684  -5.112  -77.141  -13.997 0.0000000000
9268  -3.313  -74.180  -14.924 0.0000000000
113226  -1.870  -73.721  -11.992 0.0000000000
118845  1.295  -74.693  -10.477 0.0000000000
9209  4.638  -75.080  -9.299 0.0000000000
2998  0.163  -84.024  -17.066 0.0000000000
4259  -1.724  -81.486  -18.031 0.0000000000
3663  -1.959  -81.864  -19.980 0.0000000000
5005  -0.874  -80.286  -23.573 0.0000000000
4385  1.647  -81.769  -26.260 0.0000000000
104612  -3.509  -82.798  -27.348 0.0000000000
104622  0.048  -84.109  -28.003 0.0000000000
3157  2.722  -83.409  -28.711 0.0000000000
18111  -10.584  -63.891  -6.270 0.0000000000
17167  -8.614  -65.950  -6.856 0.0000000000
107645  -7.803  -67.945  -5.248 0.0000000000
12599  -6.632  -70.649  -4.751 0.0000000000
17164  -2.666  -65.441  -7.307 0.0000000000
13508  -4.680  -69.715  -5.878 0.0000000000
105389  -5.847  -73.292  -4.535 0.0000000000
104648  -5.215  -75.278  -4.325 0.0000000000
6859  -3.859  -77.247  -4.561 0.0000000000
6907  -2.881  -77.798  -6.920 0.0000000000
8340  2.337  -74.891  -3.907 0.0000000000
115563  0.360  -76.182  -6.858 0.0000000000
5461  -1.733  -78.651  -8.921 0.0000000000
114706  -0.993  -80.927  -8.765 0.0000000000
2863  0.121  -83.379  -9.621 0.0000000000
1436  1.127  -86.455  -10.805 0.0000000000
4777  5.010  -80.197  -8.599 0.0000000000
4819  5.014  -80.418  -12.153 0.0000000000
2432  4.102  -84.728  -12.935 0.0000000000
1119  2.186  -87.561  -13.997 0.0000000000
1515  2.609  -86.548  -16.407 0.0000000000
2014  3.170  -84.860  -19.144 0.0000000000
2535  3.280  -84.018  -21.859 0.0000000000
829  8.711  -88.427  -18.595 0.0000000000
1587  6.418  -86.652  -21.801 0.0000000000
2079  2.965  -85.052  -24.952 0.0000000000
1262  1.870  -86.701  -26.935 0.0000000000
417  -1.276  -89.280  -25.193 0.0000000000
217  -2.687  -91.925  -22.302 0.0000000000
368  -0.975  -90.823  -20.372 0.0000000000
43  -3.750  -93.152  -18.860 0.0000000000
128061  -20.471  -61.158  -5.877 0.0000000000
16238  -18.239  -65.868  -7.122 0.0000000000
19120  -19.898  -63.748  -8.409 0.0000000000
21743  -19.183  -60.447  -8.870 0.0000000000
120136  -17.273  -60.604  -10.665 0.0000000000
119543  -15.427  -59.234  -11.644 0.0000000000
23413  -12.653  -58.513  -13.058 0.0000000000
9217  -11.801  -74.115  -10.458 0.0000000000
112244  -10.761  -70.513  -11.335 0.0000000000
14523  -10.561  -68.014  -11.488 0.0000000000
14516  -4.188  -68.533  -11.071 0.0000000000
112495  -6.423  -66.699  -11.610 0.0000000000
17241  -9.615  -65.394  -11.506 0.0000000000
20101  -9.924  -63.018  -11.841 0.0000000000
21794  -9.339  -60.247  -13.095 0.0000000000
126807  -9.914  -57.212  -13.664 0.0000000000
25931  -7.878  -55.731  -12.989 0.0000000000
5638  -1.607  -79.380  -19.262 0.0000000000
4924  2.282  -80.552  -18.171 0.0000000000
3575  3.815  -82.489  -15.255 0.0000000000
3046  8.774  -83.425  -21.729 0.0000000000
3599  8.706  -82.724  -17.674 0.0000000000
120213  6.614  -79.725  -14.123 0.0000000000
115631  6.634  -77.647  -13.359 0.0000000000
2452  -0.624  -84.531  -13.692 0.0000000000
127362  -1.393  -82.897  -13.927 0.0000000000
2980  -0.892  -82.920  -15.126 0.0000000000
230  -6.155  -91.015  -23.899 0.0000000000
411  -6.939  -89.999  -24.376 0.0000000000
114111  -7.289  -90.299  -23.085 0.0000000000
26841  -15.057  -54.501  -11.525 0.0000000000
27768  -13.910  -53.918  -9.315 0.0000000000
26840  -14.136  -54.184  -11.943 0.0000000000
27798  -12.617  -53.424  -12.831 0.0000000000
26868  -12.261  -54.794  -13.307 0.0000000000
10859  -9.183  -72.621  -4.705 0.0000000000
104651  -11.317  -72.906  -5.655 0.0000000000
104650  -10.840  -73.466  -5.609 0.0000000000
23387  -19.828  -58.353  -7.716 0.0000000000
116658  -4.477  -79.009  -8.465 0.0000000000
6228  -5.765  -78.339  -9.284 0.0000000000
111630  -6.071  -79.548  -9.825 0.0000000000
115197  1.313  -77.464  -15.378 0.0000000000
117708  0.436  -76.066  -15.472 0.0000000000
7708  2.005  -76.427  -15.448 0.0000000000
8458  3.499  -76.338  -14.849 0.0000000000
119346  3.856  -77.348  -15.240 0.0000000000
3091  0.564  -82.822  -22.764 0.0000000000
3712  -1.195  -83.100  -22.530 0.0000000000
3108  -1.966  -83.589  -23.383 0.0000000000
13505  1.340  -67.650  -6.275 0.0000000000
14426  1.366  -67.625  -6.656 0.0000000000
13503  3.007  -68.544  -5.661 0.0000000000
11716  2.298  -71.086  -5.876 0.0000000000
11714  3.213  -70.225  -4.222 0.0000000000
6183  4.657  -77.952  -5.840 0.0000000000
6868  4.954  -76.886  -5.529 0.0000000000
6195  5.600  -76.938  -8.129 0.0000000000
6224  4.224  -77.328  -9.740 0.0000000000
6208  5.869  -77.797  -8.542 0.0000000000
117893  8.315  -85.466  -12.854 0.0000000000
2448  8.538  -83.883  -13.745 0.0000000000
1489  8.687  -85.858  -14.501 0.0000000000
1985  8.279  -85.546  -16.173 0.0000000000
1115  8.757  -86.804  -15.042 0.0000000000
18097  -13.323  -64.227  -5.236 0.0000000000
110104  -14.995  -63.689  -4.821 0.0000000000
18098  -14.365  -64.608  -5.350 0.0000000000
118873  -15.403  -67.174  -10.878 0.0000000000
117845  -15.902  -66.387  -10.733 0.0000000000
105167  -14.481  -65.595  -11.320 0.0000000000
119944  -13.811  -64.428  -11.408 0.0000000000
120369  -13.265  -65.077  -11.436 0.0000000000
11807  -5.065  -71.619  -11.713 0.0000000000
11794  -6.247  -70.625  -11.390 0.0000000000
10899  -4.575  -71.744  -9.505 0.0000000000
18203  -1.059  -63.615  -11.787 0.0000000000
20121  -1.526  -61.641  -11.631 0.0000000000
111700  -3.412  -61.133  -12.317 0.0000000000
4363  3.688  -81.276  -25.577 0.0000000000
4339  4.747  -81.510  -23.602 0.0000000000
3722  5.256  -82.086  -25.307 0.0000000000
3467  -3.015  -82.741  -9.427 0.0000000000
4153  -3.935  -81.534  -10.948 0.0000000000
125723  -2.962  -81.833  -12.010 0.0000000000
4868  -3.341  -79.937  -15.676 0.0000000000
4851  -3.592  -80.013  -14.863 0.0000000000
6323  -2.671  -78.617  -16.302 0.0000000000
127921  -1.263  -78.160  -15.722 0.0000000000
6321  -0.767  -78.502  -16.186 0.0000000000
107809  -1.404  -86.322  -27.028 0.0000000000
120063  -3.551  -85.984  -25.180 0.0000000000
1245  -4.500  -87.257  -25.155 0.0000000000
2105  -8.610  -87.049  -27.066 0.0000000000
1658  -8.095  -87.716  -28.022 0.0000000000
2618  -7.951  -86.194  -29.358 0.0000000000
3785  -6.144  -83.190  -29.739 0.0000000000
105773  -16.097  -51.462  -9.725 0.0000000000
28746  -9.492  -52.154  -12.192 0.0000000000
104687  -10.636  -51.026  -11.674 0.0000000000
28745  -7.734  -51.988  -11.485 0.0000000000
28743  -5.193  -53.012  -10.542 0.0000000000
14448  -11.662  -67.937  -6.178 0.0000000000
14449  -13.108  -68.814  -6.323 0.0000000000
13530  -13.022  -69.658  -6.162 0.0000000000
10888  -13.419  -72.401  -8.364 0.0000000000
11750  -14.452  -71.238  -7.958 0.0000000000
113371  -14.318  -71.234  -8.954 0.0000000000
12680  -15.406  -70.245  -9.482 0.0000000000
127508  -14.097  -71.085  -10.196 0.0000000000
10884  1.580  -72.437  -7.985 0.0000000000
11771  0.806  -71.208  -8.515 0.0000000000
12660  2.806  -70.043  -8.848 0.0000000000
14530  2.871  -67.916  -12.503 0.0000000000
116376  -18.698  -56.558  -9.698 0.0000000000
25902  -17.755  -55.579  -10.004 0.0000000000
119991  -16.485  -55.378  -8.850 0.0000000000
119909  -16.805  -55.921  -11.089 0.0000000000
7603  -7.190  -77.016  -5.799 0.0000000000
7618  -8.480  -76.638  -6.535 0.0000000000
7634  -7.226  -77.071  -7.370 0.0000000000
7674  -7.402  -77.020  -11.163 0.0000000000
113086  -7.612  -75.983  -11.335 0.0000000000
7687  -7.528  -75.922  -13.205 0.0000000000
117006  -6.997  -74.050  -13.675 0.0000000000
9271  -6.006  -74.624  -14.279 0.0000000000
5525  -4.627  -78.848  -13.533 0.0000000000
6254  -5.381  -78.868  -12.980 0.0000000000
127019  -4.622  -77.614  -13.991 0.0000000000
9265  -0.406  -73.924  -15.076 0.0000000000
8449  -2.663  -74.739  -15.232 0.0000000000
10115  -1.548  -73.490  -14.135 0.0000000000
10095  -2.055  -73.457  -13.079 0.0000000000
10073  -1.124  -73.766  -12.816 0.0000000000
9228  -0.447  -74.448  -11.060 0.0000000000
9227  0.483  -74.632  -11.342 0.0000000000
8434  4.922  -76.821  -11.050 0.0000000000
9225  4.047  -75.462  -9.910 0.0000000000
9237  5.192  -74.986  -10.827 0.0000000000
10091  4.386  -73.640  -12.062 0.0000000000
10090  4.450  -73.395  -13.219 0.0000000000
2497  0.513  -83.788  -17.944 0.0000000000
3620  -0.652  -82.883  -18.525 0.0000000000
106518  -0.962  -82.749  -19.766 0.0000000000
5008  -3.346  -80.947  -23.563 0.0000000000
4992  -3.062  -80.496  -22.425 0.0000000000
5023  -1.491  -80.638  -24.171 0.0000000000
5040  0.338  -80.804  -24.797 0.0000000000
4387  -0.017  -81.692  -25.756 0.0000000000
104611  -5.091  -83.787  -26.382 0.0000000000
105257  -4.846  -83.177  -25.655 0.0000000000
120047  -4.007  -83.423  -27.745 0.0000000000
2632  -1.335  -84.878  -31.276 0.0000000000
120058  -1.123  -85.381  -29.488 0.0000000000
120027  0.187  -85.702  -30.005 0.0000000000
120083  1.518  -84.238  -28.447 0.0000000000
3172  1.331  -83.419  -29.797 0.0000000000
4416  2.310  -81.970  -29.285 0.0000000000
20043  -10.322  -61.504  -7.099 0.0000000000
19082  -9.445  -63.261  -6.730 0.0000000000
113632  -9.700  -65.079  -6.647 0.0000000000
18125  -8.240  -64.720  -7.234 0.0000000000
17182  -6.019  -65.316  -7.322 0.0000000000
16248  -7.337  -65.935  -6.906 0.0000000000
15323  -6.606  -67.014  -5.909 0.0000000000
13495  -7.452  -69.403  -4.592 0.0000000000
14432  -6.231  -68.511  -5.147 0.0000000000
12628  -1.861  -69.999  -6.970 0.0000000000
14445  -2.768  -68.441  -7.130 0.0000000000
12609  -3.733  -70.872  -6.181 0.0000000000
11721  -5.132  -71.094  -5.339 0.0000000000
10866  -4.431  -72.200  -5.191 0.0000000000
107278  -4.972  -73.721  -4.544 0.0000000000
120140  -3.545  -73.726  -5.142 0.0000000000
105352  -1.077  -75.028  -4.359 0.0000000000
105328  -2.585  -76.064  -4.114 0.0000000000
7584  -2.481  -76.932  -4.271 0.0000000000
113729  -2.943  -77.609  -5.287 0.0000000000
6870  -1.414  -77.331  -5.198 0.0000000000
9957  3.334  -73.504  -0.929 0.0000000000
9982  3.806  -72.896  -2.159 0.0000000000
9148  3.924  -74.678  -2.011 0.0000000000
7631  2.238  -75.975  -7.290 0.0000000000
7600  2.276  -75.940  -5.115 0.0000000000
6904  0.338  -76.745  -7.621 0.0000000000
6905  -0.597  -77.394  -7.914 0.0000000000
6212  -1.104  -77.928  -9.218 0.0000000000
113814  -1.448  -79.758  -8.899 0.0000000000
5474  -0.240  -78.728  -10.146 0.0000000000
4790  1.040  -80.350  -12.025 0.0000000000
4132  0.625  -80.856  -10.930 0.0000000000
3486  1.120  -82.475  -11.141 0.0000000000
2397  0.971  -84.884  -10.353 0.0000000000
2896  2.127  -83.696  -11.572 0.0000000000
4113  3.542  -81.033  -9.201 0.0000000000
4130  5.673  -80.583  -9.597 0.0000000000
4789  6.119  -79.928  -10.010 0.0000000000
4149  6.333  -80.703  -11.178 0.0000000000
2466  6.000  -84.241  -14.637 0.0000000000
2942  4.724  -83.817  -13.515 0.0000000000
1956  4.749  -85.814  -13.416 0.0000000000
1459  3.696  -86.853  -12.086 0.0000000000
787  3.889  -88.629  -14.071 0.0000000000
1506  2.239  -86.771  -15.702 0.0000000000
809  3.830  -88.175  -15.839 0.0000000000
1540  5.812  -86.231  -18.700 0.0000000000
1526  4.405  -86.960  -17.876 0.0000000000
1999  4.238  -85.644  -19.195 0.0000000000
2526  2.873  -83.966  -20.410 0.0000000000
2031  4.305  -84.729  -20.843 0.0000000000
873  5.483  -88.058  -21.847 0.0000000000
871  6.794  -87.447  -21.056 0.0000000000
1211  5.635  -86.786  -22.945 0.0000000000
2067  4.430  -85.264  -23.803 0.0000000000
1635  4.011  -86.234  -24.904 0.0000000000
2095  2.278  -85.931  -26.111 0.0000000000
123626  3.476  -87.202  -25.296 0.0000000000
625  0.528  -88.063  -23.957 0.0000000000
639  0.866  -88.513  -25.187 0.0000000000
404  -0.529  -89.838  -24.168 0.0000000000
232  -2.530  -90.750  -23.982 0.0000000000
107199  -0.982  -91.407  -22.663 0.0000000000
86  -2.414  -92.539  -19.401 0.0000000000
20024  -16.677  -62.801  -5.094 0.0000000000
20869  -18.428  -61.604  -5.307 0.0000000000
20046  -19.430  -62.231  -5.973 0.0000000000
120869  -16.598  -67.540  -7.353 0.0000000000
123428  -16.629  -66.165  -6.875 0.0000000000
16250  -17.878  -66.952  -7.510 0.0000000000
18152  -18.209  -64.322  -9.490 0.0000000000
18140  -19.257  -65.291  -8.711 0.0000000000
19130  -18.414  -63.591  -9.280 0.0000000000
20072  -18.886  -62.510  -8.451 0.0000000000
20929  -18.358  -61.843  -9.512 0.0000000000
21748  -18.472  -60.113  -9.828 0.0000000000
20928  -17.747  -61.356  -10.214 0.0000000000
126855  -14.010  -61.444  -11.722 0.0000000000
105356  -15.059  -60.464  -11.607 0.0000000000
21766  -14.248  -60.338  -11.882 0.0000000000
23415  -13.884  -58.617  -12.454 0.0000000000
22589  -13.056  -59.801  -12.574 0.0000000000
8407  -9.480  -75.561  -9.445 0.0000000000
8409  -11.230  -74.948  -9.165 0.0000000000
9216  -10.534  -74.692  -10.462 0.0000000000
12693  -8.429  -70.384  -11.370 0.0000000000
114818  -9.474  -71.350  -11.310 0.0000000000
112245  -9.840  -70.155  -11.405 0.0000000000
13603  -11.388  -69.636  -11.369 0.0000000000
115475  -9.224  -68.797  -11.467 0.0000000000
14500  -1.287  -68.441  -10.636 0.0000000000
116014  -3.264  -69.222  -10.463 0.0000000000
14514  -1.911  -67.956  -11.023 0.0000000000
117808  -5.097  -65.262  -11.566 0.0000000000
16305  -4.797  -66.210  -11.567 0.0000000000
17238  -6.679  -65.780  -11.614 0.0000000000
114817  -8.135  -66.123  -11.619 0.0000000000
125946  -8.381  -64.589  -11.575 0.0000000000
19152  -9.403  -63.758  -11.646 0.0000000000
19151  -8.372  -63.251  -11.669 0.0000000000
21791  -6.756  -60.160  -12.814 0.0000000000
21775  -7.987  -60.818  -12.699 0.0000000000
22600  -8.092  -59.558  -13.181 0.0000000000
23425  -9.399  -58.824  -13.444 0.0000000000
113027  -9.012  -57.989  -13.507 0.0000000000
25091  -8.972  -56.184  -13.651 0.0000000000
24241  -6.595  -56.645  -12.405 0.0000000000
25916  -4.319  -54.962  -11.247 0.0000000000
5640  -2.762  -79.848  -19.844 0.0000000000
4926  -2.593  -79.857  -19.044 0.0000000000
5659  -1.308  -79.411  -20.068 0.0000000000
119200  5.049  -81.614  -20.224 0.0000000000
4944  2.397  -80.565  -19.347 0.0000000000
4258  3.921  -81.475  -18.727 0.0000000000
4902  2.871  -81.636  -16.711 0.0000000000
110539  5.290  -83.165  -17.002 0.0000000000
3637  9.284  -82.138  -18.993 0.0000000000
4900  8.358  -81.030  -16.965 0.0000000000
4204  7.845  -81.284  -15.115 0.0000000000
5560  8.193  -79.674  -14.523 0.0000000000
115661  7.264  -78.936  -13.393 0.0000000000
6319  7.424  -78.368  -15.043 0.0000000000
109583  -1.529  -84.076  -11.515 0.0000000000
3529  -2.500  -82.246  -12.217 0.0000000000
3542  -1.772  -82.521  -13.509 0.0000000000
4195  -1.920  -81.769  -14.619 0.0000000000
107284  -2.605  -79.985  -17.100 0.0000000000
653  -3.882  -88.692  -25.543 0.0000000000
1246  -5.597  -88.247  -25.108 0.0000000000
645  -5.857  -89.051  -25.050 0.0000000000
927  -7.872  -88.199  -25.589 0.0000000000
1647  -8.369  -86.689  -25.591 0.0000000000
28709  -17.183  -52.864  -9.418 0.0000000000
28697  -15.312  -52.911  -8.093 0.0000000000
104663  -15.166  -52.862  -9.172 0.0000000000
105508  -15.344  -51.901  -10.298 0.0000000000
29744  -13.546  -51.739  -10.999 0.0000000000
29763  -13.103  -51.949  -12.075 0.0000000000
104698  -10.814  -53.042  -13.221 0.0000000000
27814  -9.099  -53.318  -12.975 0.0000000000
12612  -10.092  -70.365  -4.807 0.0000000000
12615  -12.387  -70.768  -5.755 0.0000000000
11723  -11.536  -71.655  -5.467 0.0000000000
111257  -12.319  -72.812  -6.504 0.0000000000
105336  -12.912  -73.039  -8.276 0.0000000000
10907  3.616  -71.633  -10.749 0.0000000000
12672  3.301  -70.118  -10.271 0.0000000000
12673  3.470  -70.728  -11.029 0.0000000000
25046  -19.459  -56.408  -8.454 0.0000000000
114476  -18.533  -57.705  -10.169 0.0000000000
6910  -5.354  -77.442  -7.320 0.0000000000
6911  -6.226  -77.240  -7.507 0.0000000000
6929  -5.840  -77.092  -8.538 0.0000000000
6950  -7.012  -77.620  -10.434 0.0000000000
6957  -7.308  -77.514  -12.279 0.0000000000
6987  -2.233  -77.351  -14.915 0.0000000000
115758  -2.410  -76.796  -14.821 0.0000000000
7711  -1.166  -76.346  -15.336 0.0000000000
8461  0.536  -75.129  -15.460 0.0000000000
9263  1.414  -74.730  -14.618 0.0000000000
9239  1.713  -75.127  -12.381 0.0000000000
8441  3.037  -76.025  -13.143 0.0000000000
8440  4.472  -77.098  -11.929 0.0000000000
7682  6.158  -77.311  -11.874 0.0000000000
3052  0.658  -83.108  -20.289 0.0000000000
116804  -1.391  -82.619  -20.611 0.0000000000
3699  -1.894  -82.791  -22.065 0.0000000000
3701  -3.508  -81.845  -22.764 0.0000000000
118991  -3.727  -81.331  -24.080 0.0000000000
2629  -5.137  -84.898  -30.847 0.0000000000
119925  -4.032  -84.484  -29.414 0.0000000000
2634  -4.426  -83.993  -31.423 0.0000000000
3179  -2.553  -83.397  -31.211 0.0000000000
3792  -2.175  -82.785  -31.124 0.0000000000
19099  -7.190  -63.159  -7.559 0.0000000000
18121  -4.538  -64.517  -7.698 0.0000000000
15319  -0.929  -66.004  -8.053 0.0000000000
15317  0.666  -66.561  -8.015 0.0000000000
13525  1.135  -67.979  -7.277 0.0000000000
11737  -1.127  -71.257  -6.728 0.0000000000
120026  -2.058  -72.772  -5.748 0.0000000000
114906  -0.072  -72.392  -6.046 0.0000000000
10852  0.503  -73.664  -6.257 0.0000000000
9150  0.952  -74.492  -4.461 0.0000000000
7567  4.230  -75.998  -2.916 0.0000000000
107271  4.363  -75.933  -5.182 0.0000000000
7630  3.365  -75.943  -7.390 0.0000000000
6924  1.644  -76.671  -8.907 0.0000000000
6227  0.665  -78.188  -10.447 0.0000000000
6226  1.671  -77.584  -10.451 0.0000000000
5487  1.818  -78.639  -11.482 0.0000000000
5497  2.865  -79.139  -11.721 0.0000000000
2877  6.911  -82.950  -10.875 0.0000000000
3501  7.120  -81.710  -11.834 0.0000000000
2916  8.173  -82.788  -12.688 0.0000000000
2464  7.772  -83.140  -14.674 0.0000000000
1490  6.386  -85.402  -15.484 0.0000000000
1129  5.639  -87.389  -16.106 0.0000000000
1987  6.688  -85.499  -16.242 0.0000000000
110134  7.238  -85.775  -17.716 0.0000000000
1538  7.772  -85.861  -19.101 0.0000000000
577  4.813  -89.413  -20.423 0.0000000000
889  4.265  -87.509  -22.506 0.0000000000
111344  3.247  -87.714  -24.452 0.0000000000
622  3.178  -86.682  -22.717 0.0000000000
892  0.905  -87.462  -23.403 0.0000000000
106732  -15.061  -62.060  -4.703 0.0000000000
106767  -16.109  -63.110  -4.906 0.0000000000
19074  -16.504  -63.493  -5.427 0.0000000000
14487  -18.105  -69.351  -9.467 0.0000000000
15354  -19.304  -67.847  -9.114 0.0000000000
15383  -17.670  -67.342  -9.942 0.0000000000
17220  -17.471  -65.817  -10.210 0.0000000000
19141  -16.542  -63.640  -10.623 0.0000000000
20085  -16.696  -62.764  -10.658 0.0000000000
105496  -15.311  -63.306  -11.215 0.0000000000
105339  -14.406  -62.990  -11.388 0.0000000000
20104  -12.798  -62.507  -11.735 0.0000000000
10055  -8.189  -73.750  -12.019 0.0000000000
109265  -9.001  -73.210  -11.394 0.0000000000
11810  -7.540  -71.589  -11.890 0.0000000000
11795  -7.130  -70.787  -11.584 0.0000000000
13599  -6.809  -69.830  -11.181 0.0000000000
16302  -1.043  -66.103  -11.464 0.0000000000
16303  -2.180  -66.475  -11.439 0.0000000000
17234  -1.826  -65.494  -11.539 0.0000000000
18183  -3.334  -64.551  -11.568 0.0000000000
19147  -4.788  -63.551  -11.628 0.0000000000
20098  -6.726  -61.967  -11.339 0.0000000000
20124  -5.013  -61.738  -12.212 0.0000000000
107299  -5.165  -60.516  -12.555 0.0000000000
22597  -4.713  -58.780  -12.325 0.0000000000
111237  -5.266  -58.122  -12.172 0.0000000000
22586  -3.401  -58.156  -11.489 0.0000000000
23411  -2.916  -57.746  -11.523 0.0000000000
4988  1.416  -80.249  -22.604 0.0000000000
5674  0.859  -80.006  -21.258 0.0000000000
106547  2.834  -80.462  -22.815 0.0000000000
4313  4.825  -81.342  -21.683 0.0000000000
3681  6.043  -82.100  -21.133 0.0000000000
4102  -4.195  -81.325  -8.591 0.0000000000
4792  -5.331  -80.627  -10.196 0.0000000000
4134  -4.538  -81.402  -10.064 0.0000000000
4823  -4.340  -80.474  -12.014 0.0000000000
5524  -4.170  -79.549  -13.417 0.0000000000
4836  -3.349  -80.562  -13.825 0.0000000000
118974  -3.742  -79.696  -13.988 0.0000000000
6282  -2.922  -77.892  -14.825 0.0000000000
6281  -2.161  -77.733  -15.227 0.0000000000
118108  0.203  -78.140  -15.376 0.0000000000
6304  1.670  -79.474  -14.763 0.0000000000
122678  -0.483  -84.166  -25.493 0.0000000000
3122  -2.009  -84.133  -24.160 0.0000000000
2585  -2.780  -84.812  -24.697 0.0000000000
104620  -5.047  -84.873  -24.710 0.0000000000
107462  -5.861  -85.586  -26.976 0.0000000000
1646  -6.518  -87.016  -25.375 0.0000000000
2096  -6.525  -86.775  -27.032 0.0000000000
2114  -6.010  -86.871  -29.768 0.0000000000
121068  -6.423  -84.774  -30.669 0.0000000000
107134  -5.340  -81.459  -30.624 0.0000000000
104672  -12.198  -50.375  -10.965 0.0000000000
111417  2.345  -70.589  -3.047 0.0000000000
17171  -11.955  -65.837  -6.149 0.0000000000
121428  -13.674  -66.327  -6.437 0.0000000000
114879  -13.414  -67.049  -6.548 0.0000000000
14451  -14.788  -68.375  -6.867 0.0000000000
117350  -16.226  -68.801  -7.642 0.0000000000
12632  -13.718  -70.243  -6.451 0.0000000000
13546  -15.084  -69.878  -7.298 0.0000000000
114141  -17.018  -69.913  -9.149 0.0000000000
126938  -17.722  -70.070  -10.150 0.0000000000
14505  -15.017  -68.972  -10.542 0.0000000000
104656  -13.159  -68.085  -11.303 0.0000000000
10031  -2.515  -72.884  -9.439 0.0000000000
11774  -3.034  -72.153  -9.352 0.0000000000
113492  -1.191  -71.325  -9.251 0.0000000000
13571  0.238  -69.781  -9.550 0.0000000000
14499  -0.027  -68.188  -10.566 0.0000000000
13579  3.124  -68.777  -10.352 0.0000000000
14511  2.416  -67.388  -11.004 0.0000000000
116220  0.259  -66.712  -11.324 0.0000000000
16326  1.035  -65.320  -12.216 0.0000000000
4397  4.534  -81.366  -27.278 0.0000000000
4381  5.664  -81.955  -26.066 0.0000000000
200  -6.871  -91.720  -20.871 0.0000000000
600  -7.755  -89.764  -21.573 0.0000000000
26831  -17.052  -54.057  -9.652 0.0000000000
25901  -15.983  -54.502  -9.830 0.0000000000
25919  -14.190  -55.632  -12.328 0.0000000000
119943  -8.639  -75.234  -4.954 0.0000000000
8366  -10.022  -75.048  -5.877 0.0000000000
7619  -9.110  -76.260  -6.572 0.0000000000
7651  -9.344  -76.119  -7.981 0.0000000000
8406  -8.327  -75.469  -9.556 0.0000000000
7660  -7.130  -76.197  -9.441 0.0000000000
8405  -7.640  -75.618  -9.811 0.0000000000
9213  -8.255  -74.950  -11.152 0.0000000000
120304  -7.931  -74.146  -12.526 0.0000000000
10952  -6.001  -72.623  -13.284 0.0000000000
10934  -4.603  -72.302  -12.390 0.0000000000
6247  -6.135  -79.452  -11.386 0.0000000000
6263  -6.108  -78.273  -13.022 0.0000000000
7685  -5.996  -76.757  -13.804 0.0000000000
7698  -3.781  -76.219  -14.599 0.0000000000
8451  -4.616  -75.566  -14.589 0.0000000000
117907  -5.659  -75.457  -14.334 0.0000000000
119297  -3.956  -73.137  -14.199 0.0000000000
10074  -3.238  -73.052  -12.728 0.0000000000
10919  -3.276  -73.054  -10.918 0.0000000000
10041  -1.400  -73.714  -10.015 0.0000000000
113842  0.309  -74.389  -8.927 0.0000000000
10028  2.985  -73.647  -8.372 0.0000000000
112720  2.774  -75.515  -10.949 0.0000000000
9210  3.894  -75.056  -9.113 0.0000000000
10027  3.935  -73.533  -8.214 0.0000000000
10916  3.657  -72.564  -11.222 0.0000000000
2483  0.220  -84.756  -15.869 0.0000000000
106689  -0.588  -83.223  -16.316 0.0000000000
3603  -0.669  -82.864  -17.862 0.0000000000
4279  -2.322  -81.078  -19.397 0.0000000000
5660  -2.814  -79.902  -20.673 0.0000000000
3664  -2.547  -81.645  -20.842 0.0000000000
114658  -2.854  -80.163  -21.915 0.0000000000
4990  -0.370  -80.000  -22.978 0.0000000000
5003  0.988  -80.363  -23.751 0.0000000000
5037  2.428  -80.842  -25.276 0.0000000000
4384  2.626  -81.776  -26.493 0.0000000000
3111  -4.533  -82.797  -24.136 0.0000000000
4371  -4.264  -82.216  -25.180 0.0000000000
104617  -2.468  -82.012  -26.558 0.0000000000
120064  -3.300  -83.831  -29.130 0.0000000000
120926  -1.953  -83.007  -27.983 0.0000000000
3747  -0.842  -82.261  -26.688 0.0000000000
3760  0.676  -83.391  -27.362 0.0000000000
3758  2.331  -83.080  -27.582 0.0000000000
3757  3.469  -82.531  -27.753 0.0000000000
124930  -8.210  -88.386  -22.729 0.0000000000
19069  -11.753  -63.382  -5.752 0.0000000000
19084  -11.010  -63.203  -6.202 0.0000000000
18095  -11.301  -64.316  -5.895 0.0000000000
16232  -11.237  -66.197  -6.352 0.0000000000
16231  -10.465  -66.634  -6.404 0.0000000000
15312  -9.881  -67.885  -5.630 0.0000000000
18124  -7.375  -64.885  -7.398 0.0000000000
15325  -8.425  -66.857  -6.347 0.0000000000
14434  -9.501  -68.577  -5.104 0.0000000000
13497  -9.241  -69.787  -4.633 0.0000000000
109605  -8.178  -71.215  -4.466 0.0000000000
109511  -7.952  -71.916  -4.462 0.0000000000
19097  -2.508  -63.785  -8.147 0.0000000000
17165  -4.007  -65.653  -6.872 0.0000000000
112350  -1.953  -67.117  -7.488 0.0000000000
14446  -3.534  -67.813  -6.679 0.0000000000
15307  -4.652  -67.669  -5.869 0.0000000000
122167  -5.341  -70.287  -5.453 0.0000000000
11703  -6.316  -71.441  -4.816 0.0000000000
118460  -7.502  -73.324  -4.412 0.0000000000
120005  -6.672  -75.039  -4.327 0.0000000000
124115  -6.372  -75.870  -4.435 0.0000000000
6860  -5.852  -76.897  -4.771 0.0000000000
104646  -2.940  -73.773  -4.904 0.0000000000
125213  -4.287  -76.369  -4.312 0.0000000000
114900  -4.973  -77.529  -5.558 0.0000000000
6891  -4.134  -77.615  -5.744 0.0000000000
6201  -4.052  -77.922  -7.621 0.0000000000
117506  -3.730  -78.603  -8.110 0.0000000000
11698  3.353  -71.031  -3.653 0.0000000000
9984  2.606  -73.857  -4.108 0.0000000000
8341  0.777  -75.390  -4.183 0.0000000000
7568  2.907  -75.209  -3.967 0.0000000000
121451  1.382  -76.118  -4.626 0.0000000000
6869  -0.203  -76.736  -4.883 0.0000000000
6906  -1.076  -77.519  -7.017 0.0000000000
6199  -2.416  -78.094  -7.843 0.0000000000
5462  -3.634  -80.033  -8.194 0.0000000000
4766  -3.213  -81.038  -8.109 0.0000000000
4100  -2.459  -81.874  -8.465 0.0000000000
3465  -1.425  -83.158  -9.117 0.0000000000
4778  0.147  -80.364  -10.276 0.0000000000
3463  0.124  -82.325  -9.654 0.0000000000
2864  -0.777  -83.630  -9.468 0.0000000000
121615  -0.820  -84.681  -10.412 0.0000000000
1922  -0.061  -85.862  -11.010 0.0000000000
112757  0.156  -85.983  -12.802 0.0000000000
111789  4.963  -79.421  -7.351 0.0000000000
5473  5.779  -79.275  -8.786 0.0000000000
5496  4.524  -79.196  -11.407 0.0000000000
4167  3.274  -81.697  -12.601 0.0000000000
3541  6.005  -82.022  -13.295 0.0000000000
3526  4.171  -82.161  -12.844 0.0000000000
2920  2.482  -83.250  -12.305 0.0000000000
1920  2.593  -85.783  -11.084 0.0000000000
1091  1.754  -87.236  -11.901 0.0000000000
109369  0.945  -86.609  -13.740 0.0000000000
1982  1.143  -86.006  -15.495 0.0000000000
2485  1.230  -84.903  -16.756 0.0000000000
2496  1.480  -84.070  -18.067 0.0000000000
1150  4.130  -87.493  -17.111 0.0000000000
1992  3.097  -85.745  -17.783 0.0000000000
2513  2.045  -83.847  -18.958 0.0000000000
3051  1.575  -83.252  -20.535 0.0000000000
3068  1.647  -83.146  -21.486 0.0000000000
121176  1.822  -83.378  -23.279 0.0000000000
796  9.075  -88.192  -15.922 0.0000000000
1158  8.901  -87.611  -18.063 0.0000000000
1557  8.093  -86.015  -20.118 0.0000000000
564  7.204  -89.026  -19.238 0.0000000000
1184  7.651  -87.053  -20.728 0.0000000000
1575  6.630  -85.811  -20.699 0.0000000000
2039  4.656  -84.813  -21.817 0.0000000000
2567  2.855  -84.120  -23.769 0.0000000000
2582  1.480  -83.874  -24.539 0.0000000000
2601  1.007  -84.829  -26.121 0.0000000000
104608  0.160  -85.820  -27.410 0.0000000000
105576  -0.503  -87.027  -27.451 0.0000000000
923  2.207  -88.134  -25.298 0.0000000000
933  0.343  -88.026  -26.500 0.0000000000
656  -1.835  -87.987  -25.955 0.0000000000
418  -3.052  -89.503  -25.609 0.0000000000
233  -3.698  -90.890  -24.138 0.0000000000
218  -4.749  -91.874  -22.794 0.0000000000
894  -0.664  -88.963  -23.080 0.0000000000
380  0.189  -89.925  -20.851 0.0000000000
106  -1.337  -92.206  -20.751 0.0000000000
108  -3.430  -92.669  -21.085 0.0000000000
98  -5.697  -92.407  -20.468 0.0000000000
79  -5.560  -92.883  -18.591 0.0000000000
22564  -20.058  -59.937  -6.500 0.0000000000
106760  -15.267  -65.970  -6.538 0.0000000000
17175  -16.845  -65.490  -6.690 0.0000000000
18113  -17.716  -64.974  -6.667 0.0000000000
17194  -19.426  -66.045  -7.932 0.0000000000
18126  -19.255  -65.306  -7.518 0.0000000000
114508  -19.668  -63.585  -6.743 0.0000000000
115559  -19.664  -62.466  -7.303 0.0000000000
20914  -19.865  -61.310  -7.481 0.0000000000
22563  -19.750  -59.322  -7.714 0.0000000000
22567  -19.388  -59.506  -8.690 0.0000000000
125261  -18.349  -58.844  -10.286 0.0000000000
105179  -17.817  -58.789  -10.660 0.0000000000
105316  -16.495  -60.931  -11.141 0.0000000000
104660  -16.811  -59.868  -11.196 0.0000000000
105146  -16.576  -58.432  -11.433 0.0000000000
119837  -15.676  -57.883  -11.656 0.0000000000
24233  -14.358  -57.077  -12.367 0.0000000000
24247  -12.637  -56.999  -13.290 0.0000000000
9178  -11.206  -74.526  -6.668 0.0000000000
118655  -11.820  -74.335  -9.284 0.0000000000
105395  -12.721  -73.052  -10.326 0.0000000000
118597  -10.087  -72.790  -11.390 0.0000000000
10924  -12.003  -72.407  -11.571 0.0000000000
108508  -12.618  -72.048  -11.176 0.0000000000
119607  -12.939  -70.574  -11.011 0.0000000000
14524  -12.429  -68.495  -11.329 0.0000000000
122948  -11.712  -67.199  -11.448 0.0000000000
12676  -4.112  -70.495  -9.403 0.0000000000
13587  -5.402  -69.925  -10.167 0.0000000000
14518  -6.296  -68.634  -11.276 0.0000000000
116034  -4.172  -66.924  -11.477 0.0000000000
125199  -5.800  -67.211  -11.566 0.0000000000
14519  -7.101  -68.280  -11.463 0.0000000000
15401  -9.144  -67.363  -11.516 0.0000000000
112240  -10.687  -66.673  -11.482 0.0000000000
114813  -11.951  -65.872  -11.450 0.0000000000
18191  -10.990  -64.500  -11.477 0.0000000000
20103  -11.674  -63.036  -11.780 0.0000000000
20130  -11.255  -62.385  -12.139 0.0000000000
20127  -8.022  -62.028  -12.217 0.0000000000
20958  -9.839  -61.560  -12.514 0.0000000000
112441  -11.240  -60.963  -12.728 0.0000000000
23427  -11.060  -58.921  -13.376 0.0000000000
24245  -11.311  -57.545  -13.543 0.0000000000
113475  -11.468  -56.290  -13.592 0.0000000000
124142  -10.358  -55.767  -13.767 0.0000000000
110304  -8.898  -54.940  -13.537 0.0000000000
26864  -7.839  -54.304  -12.663 0.0000000000
24240  -5.254  -55.919  -11.118 0.0000000000
25930  -5.773  -54.922  -11.409 0.0000000000
4235  -1.655  -81.526  -17.177 0.0000000000
4905  -2.471  -79.779  -17.836 0.0000000000
5609  -2.062  -79.026  -17.765 0.0000000000
5657  0.941  -79.972  -20.409 0.0000000000
5636  0.945  -79.764  -18.796 0.0000000000
5607  0.358  -79.274  -17.341 0.0000000000
5583  1.354  -80.221  -15.728 0.0000000000
4866  2.265  -81.171  -14.861 0.0000000000
127971  3.321  -80.360  -14.824 0.0000000000
120323  7.104  -83.466  -24.872 0.0000000000
3087  8.086  -84.050  -22.765 0.0000000000
3049  7.358  -83.312  -20.167 0.0000000000
4311  9.244  -82.272  -21.769 0.0000000000
110618  8.703  -83.250  -19.856 0.0000000000
3011  6.950  -83.613  -18.567 0.0000000000
123665  5.978  -82.904  -15.858 0.0000000000
4206  6.186  -81.406  -15.081 0.0000000000
6302  4.668  -78.987  -15.080 0.0000000000
115768  5.880  -78.343  -13.599 0.0000000000
7705  6.278  -77.730  -12.878 0.0000000000
8456  6.256  -76.450  -13.476 0.0000000000
119074  6.029  -75.730  -14.857 0.0000000000
9261  5.216  -74.310  -14.281 0.0000000000
112411  -0.627  -84.117  -14.470 0.0000000000
2960  -0.740  -83.488  -14.818 0.0000000000
220  -6.295  -91.353  -23.064 0.0000000000
120509  -6.671  -90.890  -23.548 0.0000000000
392  -7.008  -90.793  -23.000 0.0000000000
26852  -14.190  -54.954  -12.176 0.0000000000
26851  -13.510  -54.582  -12.597 0.0000000000
26850  -12.823  -54.240  -12.980 0.0000000000
25917  -12.970  -54.910  -13.028 0.0000000000
120128  -10.093  -73.542  -5.266 0.0000000000
105166  -9.553  -73.881  -5.015 0.0000000000
5464  -5.202  -79.786  -8.779 0.0000000000
5475  -5.712  -79.286  -9.289 0.0000000000
114392  2.119  -78.730  -15.040 0.0000000000
6999  2.413  -77.546  -15.409 0.0000000000
7707  3.117  -76.525  -15.270 0.0000000000
115560  -0.425  -83.240  -23.577 0.0000000000
3107  -1.138  -83.336  -23.162 0.0000000000
113689  -1.067  -83.636  -23.906 0.0000000000
12594  0.114  -69.665  -4.622 0.0000000000
13492  1.749  -68.375  -5.396 0.0000000000
13504  2.535  -68.048  -6.026 0.0000000000
13491  2.652  -68.474  -5.263 0.0000000000
12608  3.157  -69.426  -5.330 0.0000000000
12592  2.853  -69.265  -4.655 0.0000000000
6196  5.457  -77.542  -6.866 0.0000000000
6209  5.750  -78.443  -7.322 0.0000000000
1457  8.096  -86.560  -12.514 0.0000000000
1475  8.463  -86.175  -13.482 0.0000000000
107427  8.540  -86.918  -14.051 0.0000000000
119877  -13.684  -64.976  -5.541 0.0000000000
119945  -14.386  -66.960  -11.286 0.0000000000
127426  -14.255  -66.214  -11.359 0.0000000000
105153  -13.747  -65.725  -11.421 0.0000000000
113994  -12.893  -65.971  -11.451 0.0000000000
10920  -4.370  -72.151  -11.260 0.0000000000
11792  -4.837  -71.609  -10.343 0.0000000000
20120  -0.072  -61.356  -11.282 0.0000000000
4382  4.206  -81.638  -26.027 0.0000000000
4362  4.431  -81.533  -25.398 0.0000000000
3730  4.927  -81.905  -25.947 0.0000000000
3488  -2.775  -83.117  -10.056 0.0000000000
3505  -2.889  -82.456  -11.165 0.0000000000
5585  -2.926  -79.143  -16.718 0.0000000000
4883  -3.278  -79.323  -16.113 0.0000000000
6322  -1.840  -78.438  -16.365 0.0000000000
6334  -1.545  -78.700  -17.102 0.0000000000
104606  -2.080  -86.958  -27.012 0.0000000000
104607  -3.125  -86.798  -25.771 0.0000000000
1244  -3.593  -87.604  -25.712 0.0000000000
108925  -8.349  -86.176  -27.768 0.0000000000
2104  -8.488  -87.105  -27.703 0.0000000000
2610  -8.075  -85.574  -28.308 0.0000000000
3159  -6.721  -83.629  -29.084 0.0000000000
27796  -8.865  -52.691  -12.373 0.0000000000
28744  -5.793  -51.859  -10.634 0.0000000000
27794  -5.092  -52.847  -10.341 0.0000000000
14436  -11.261  -68.688  -5.620 0.0000000000
14437  -12.230  -68.969  -5.964 0.0000000000
13515  -11.632  -69.540  -5.511 0.0000000000
10889  -13.738  -71.982  -9.019 0.0000000000
11777  -14.052  -71.531  -9.784 0.0000000000
121764  -14.452  -70.957  -9.914 0.0000000000
120119  -13.847  -71.461  -10.216 0.0000000000
10883  2.829  -72.259  -7.839 0.0000000000
11759  1.941  -71.548  -7.925 0.0000000000
11758  3.031  -71.109  -8.322 0.0000000000
111903  -18.167  -56.363  -10.206 0.0000000000
127505  -18.295  -56.038  -9.924 0.0000000000
120809  -17.789  -56.591  -10.533 0.0000000000
105175  -17.436  -55.574  -10.161 0.0000000000
25056  -17.096  -56.717  -11.103 0.0000000000
6876  -6.555  -77.267  -5.853 0.0000000000
6893  -6.881  -77.253  -6.553 0.0000000000
6958  -7.594  -76.575  -12.324 0.0000000000
9254  -6.697  -74.579  -13.944 0.0000000000
122670  -6.660  -75.442  -13.918 0.0000000000
6971  -4.187  -78.056  -14.027 0.0000000000
10093  -0.232  -73.862  -14.279 0.0000000000
10114  -0.851  -73.726  -14.541 0.0000000000
10094  -0.785  -73.677  -13.818 0.0000000000
9253  -0.248  -74.034  -13.215 0.0000000000
9241  -0.304  -74.244  -12.126 0.0000000000
9240  0.639  -74.540  -12.573 0.0000000000
8433  5.737  -76.598  -11.364 0.0000000000
8428  5.219  -76.015  -10.642 0.0000000000
9236  5.552  -75.666  -11.192 0.0000000000
9249  5.019  -74.636  -12.103 0.0000000000
3013  0.310  -83.480  -18.686 0.0000000000
3033  -0.303  -83.151  -19.089 0.0000000000
3053  -0.113  -83.170  -19.826 0.0000000000
114680  -3.118  -81.015  -24.204 0.0000000000
5024  -2.519  -80.694  -23.868 0.0000000000
4352  -2.263  -81.098  -24.766 0.0000000000
4351  -1.128  -81.039  -24.966 0.0000000000
110762  -0.804  -81.492  -25.629 0.0000000000
104629  -5.337  -84.673  -27.121 0.0000000000
104618  -4.687  -83.938  -27.395 0.0000000000
105227  -4.303  -84.277  -28.399 0.0000000000
3177  -0.297  -84.081  -31.302 0.0000000000
122319  0.016  -85.297  -30.674 0.0000000000
2630  0.234  -84.572  -30.976 0.0000000000
2627  1.125  -84.426  -29.973 0.0000000000
3173  0.887  -83.659  -30.307 0.0000000000
3789  0.942  -82.818  -30.413 0.0000000000
18109  -9.010  -64.263  -6.848 0.0000000000
119685  -8.343  -63.875  -7.152 0.0000000000
16246  -5.742  -65.780  -6.880 0.0000000000
111588  -6.196  -66.390  -6.412 0.0000000000
15322  -5.719  -66.957  -5.883 0.0000000000
15308  -6.033  -67.659  -5.489 0.0000000000
125880  -5.306  -67.539  -5.658 0.0000000000
11738  -2.769  -70.852  -6.553 0.0000000000
11719  -3.288  -71.632  -5.907 0.0000000000
11720  -4.284  -71.493  -5.558 0.0000000000
114599  -3.750  -72.255  -5.426 0.0000000000
10854  -4.156  -72.679  -5.122 0.0000000000
111567  -2.920  -72.521  -5.653 0.0000000000
126593  -0.732  -75.623  -4.073 0.0000000000
8343  -1.419  -75.804  -4.070 0.0000000000
7583  -1.526  -76.583  -4.224 0.0000000000
6857  -1.993  -77.172  -4.570 0.0000000000
6856  -1.071  -76.971  -4.645 0.0000000000
9121  3.496  -74.392  -0.762 0.0000000000
9137  3.861  -73.732  -1.313 0.0000000000
9120  3.759  -74.776  -1.239 0.0000000000
7648  1.138  -76.383  -8.104 0.0000000000
6925  0.070  -77.250  -8.557 0.0000000000
6211  0.151  -77.435  -9.289 0.0000000000
5460  -1.027  -78.574  -9.622 0.0000000000
120599  -0.307  -77.865  -9.726 0.0000000000
118878  1.570  -81.069  -12.250 0.0000000000
4131  1.000  -81.394  -11.645 0.0000000000
4151  1.395  -81.924  -12.051 0.0000000000
2881  1.495  -83.419  -11.033 0.0000000000
3503  1.730  -82.764  -12.060 0.0000000000
3485  4.839  -82.385  -10.173 0.0000000000
124027  4.826  -81.446  -9.647 0.0000000000
114262  5.708  -81.373  -9.927 0.0000000000
4129  6.174  -80.717  -10.197 0.0000000000
121374  6.339  -81.054  -10.579 0.0000000000
1967  5.843  -85.280  -14.707 0.0000000000
111373  5.244  -85.094  -14.070 0.0000000000
1476  5.027  -87.121  -14.057 0.0000000000
1102  4.581  -87.550  -13.470 0.0000000000
1117  4.691  -87.926  -14.089 0.0000000000
117201  4.226  -88.531  -14.612 0.0000000000
785  4.832  -88.262  -14.899 0.0000000000
127334  4.782  -85.949  -19.018 0.0000000000
2012  4.959  -85.510  -19.656 0.0000000000
2013  4.339  -85.072  -19.903 0.0000000000
2011  5.822  -85.518  -20.138 0.0000000000
888  5.066  -87.761  -22.453 0.0000000000
125593  5.491  -87.170  -22.480 0.0000000000
1618  5.190  -86.860  -23.591 0.0000000000
1619  5.007  -86.312  -23.882 0.0000000000
1634  4.499  -86.597  -24.500 0.0000000000
1642  3.358  -86.619  -25.482 0.0000000000
118323  4.298  -87.083  -24.530 0.0000000000
397  -0.011  -88.344  -24.037 0.0000000000
403  -0.572  -88.879  -24.235 0.0000000000
121519  -0.367  -89.984  -23.707 0.0000000000
225  -0.510  -90.961  -23.052 0.0000000000
390  -0.242  -90.361  -22.894 0.0000000000
192  -2.779  -91.240  -18.727 0.0000000000
20025  -17.365  -62.500  -5.314 0.0000000000
20026  -18.077  -62.222  -5.467 0.0000000000
14464  -16.973  -68.215  -7.938 0.0000000000
15342  -17.480  -67.462  -7.725 0.0000000000
14465  -17.962  -68.007  -8.409 0.0000000000
114442  -17.683  -63.589  -10.019 0.0000000000
20080  -18.371  -62.723  -9.356 0.0000000000
20079  -17.808  -62.239  -10.016 0.0000000000
20086  -17.370  -62.647  -10.331 0.0000000000
116015  -13.437  -61.791  -11.775 0.0000000000
21765  -13.816  -60.996  -11.926 0.0000000000
21779  -13.506  -60.357  -12.234 0.0000000000
21778  -12.844  -60.445  -12.454 0.0000000000
9199  -8.993  -75.064  -10.141 0.0000000000
8421  -10.067  -75.179  -10.074 0.0000000000
9215  -9.582  -74.440  -10.714 0.0000000000
112246  -9.166  -70.048  -11.393 0.0000000000
13600  -8.768  -69.530  -11.411 0.0000000000
13601  -9.590  -69.465  -11.457 0.0000000000
115476  -8.367  -68.835  -11.454 0.0000000000
18185  -5.424  -64.300  -11.565 0.0000000000
112769  -6.047  -65.070  -11.600 0.0000000000
112254  -6.927  -64.877  -11.587 0.0000000000
112251  -7.733  -64.718  -11.597 0.0000000000
18187  -7.202  -63.877  -11.515 0.0000000000
18188  -7.970  -63.902  -11.540 0.0000000000
19150  -7.419  -63.015  -11.508 0.0000000000
22599  -7.195  -59.484  -13.078 0.0000000000
21792  -7.688  -60.198  -12.886 0.0000000000
110350  -7.538  -58.888  -13.250 0.0000000000
120645  -8.356  -58.641  -13.382 0.0000000000
112507  -7.202  -57.940  -13.212 0.0000000000
24242  -8.022  -57.316  -13.293 0.0000000000
118656  -1.525  -79.515  -20.778 0.0000000000
120261  -2.245  -79.595  -20.368 0.0000000000
115759  -0.613  -79.554  -20.818 0.0000000000
4276  5.039  -81.899  -19.396 0.0000000000
4277  4.440  -81.501  -19.523 0.0000000000
4257  4.618  -81.949  -18.704 0.0000000000
4233  4.067  -82.142  -17.772 0.0000000000
4256  5.309  -82.427  -18.759 0.0000000000
109118  8.569  -81.215  -17.988 0.0000000000
4901  8.243  -80.297  -16.455 0.0000000000
122463  8.337  -80.815  -15.968 0.0000000000
5582  8.111  -79.615  -15.912 0.0000000000
6318  7.741  -78.917  -15.433 0.0000000000
2922  -1.468  -83.687  -12.361 0.0000000000
3528  -1.897  -82.815  -12.578 0.0000000000
120313  -1.426  -83.213  -13.263 0.0000000000
3577  -1.343  -82.287  -15.070 0.0000000000
3559  -1.595  -82.370  -14.253 0.0000000000
119565  -1.933  -81.480  -15.525 0.0000000000
4220  -2.345  -80.799  -16.340 0.0000000000
644  -4.706  -89.126  -25.158 0.0000000000
110089  -5.103  -88.927  -25.028 0.0000000000
123612  -5.588  -89.286  -24.885 0.0000000000
911  -7.519  -89.042  -24.812 0.0000000000
647  -7.248  -88.851  -25.069 0.0000000000
918  -7.865  -88.595  -24.972 0.0000000000
1240  -8.215  -87.700  -25.202 0.0000000000
27769  -16.557  -53.567  -9.228 0.0000000000
28708  -16.278  -52.933  -9.338 0.0000000000
27758  -15.695  -53.441  -8.532 0.0000000000
27777  -15.238  -53.460  -10.934 0.0000000000
104662  -14.123  -53.782  -8.370 0.0000000000
28717  -15.369  -52.908  -10.375 0.0000000000
28716  -14.678  -52.338  -10.594 0.0000000000
28726  -13.862  -52.579  -11.452 0.0000000000
27816  -11.118  -53.788  -13.429 0.0000000000
27797  -11.715  -53.175  -13.103 0.0000000000
27815  -10.177  -53.592  -13.382 0.0000000000
12613  -10.840  -71.028  -5.086 0.0000000000
11722  -10.714  -71.789  -5.170 0.0000000000
105447  -11.666  -73.069  -6.066 0.0000000000
105224  -11.963  -72.809  -6.212 0.0000000000
104652  -12.024  -73.398  -6.579 0.0000000000
104653  -12.607  -73.156  -7.189 0.0000000000
105252  -12.412  -73.672  -7.946 0.0000000000
10917  2.749  -72.035  -11.530 0.0000000000
24215  -19.658  -57.334  -8.190 0.0000000000
123469  -19.842  -56.793  -7.770 0.0000000000
24220  -19.230  -57.046  -9.092 0.0000000000
24219  -18.857  -57.468  -9.748 0.0000000000
125004  -5.525  -77.179  -7.994 0.0000000000
6928  -5.136  -77.549  -8.328 0.0000000000
5476  -6.232  -78.788  -9.772 0.0000000000
6239  -6.737  -78.446  -10.373 0.0000000000
109143  -7.130  -78.199  -11.313 0.0000000000
121254  -1.088  -77.085  -15.224 0.0000000000
7696  -1.714  -76.926  -15.084 0.0000000000
7710  -0.429  -76.715  -15.359 0.0000000000
8460  1.377  -75.530  -15.407 0.0000000000
9278  1.000  -74.720  -15.273 0.0000000000
9262  2.147  -75.271  -14.367 0.0000000000
8447  3.880  -76.684  -13.586 0.0000000000
7683  5.254  -77.519  -12.270 0.0000000000
3661  0.357  -82.872  -21.132 0.0000000000
3683  -0.556  -82.892  -21.313 0.0000000000
3698  -0.830  -82.926  -22.018 0.0000000000
3714  -2.965  -82.942  -23.019 0.0000000000
3700  -2.802  -82.441  -22.367 0.0000000000
4341  -3.787  -81.463  -23.429 0.0000000000
4342  -4.180  -81.715  -24.035 0.0000000000
2635  -5.273  -84.114  -31.332 0.0000000000
3181  -4.512  -83.328  -31.987 0.0000000000
109634  -3.344  -82.645  -31.887 0.0000000000
3800  -2.490  -82.950  -31.310 0.0000000000
15306  0.713  -66.286  -7.679 0.0000000000
13524  2.216  -68.213  -6.630 0.0000000000
12626  1.167  -69.273  -7.028 0.0000000000
12627  -0.574  -69.919  -7.007 0.0000000000
124883  -0.084  -70.579  -6.834 0.0000000000
112047  -0.192  -71.488  -6.549 0.0000000000
11717  1.067  -71.472  -6.416 0.0000000000
10864  2.529  -71.754  -5.346 0.0000000000
10865  1.280  -72.320  -5.965 0.0000000000
10851  2.004  -73.286  -5.817 0.0000000000
9994  0.635  -73.990  -4.963 0.0000000000
9993  1.825  -73.828  -4.665 0.0000000000
118682  3.778  -77.910  -2.842 0.0000000000
6847  4.511  -77.053  -3.357 0.0000000000
6855  4.712  -77.267  -4.422 0.0000000000
7613  4.395  -76.025  -7.006 0.0000000000
7647  2.512  -76.201  -8.089 0.0000000000
6923  3.060  -76.535  -8.761 0.0000000000
6941  2.246  -77.056  -9.589 0.0000000000
6940  3.715  -76.867  -9.388 0.0000000000
6236  4.059  -77.834  -10.399 0.0000000000
6237  2.399  -77.932  -10.916 0.0000000000
123447  3.088  -78.411  -11.119 0.0000000000
118150  7.704  -84.818  -11.543 0.0000000000
110832  7.084  -83.864  -10.965 0.0000000000
118114  6.333  -83.872  -10.627 0.0000000000
2894  7.654  -83.023  -11.545 0.0000000000
117565  8.526  -84.088  -14.559 0.0000000000
2959  8.326  -83.305  -14.258 0.0000000000
2482  7.620  -83.852  -15.345 0.0000000000
1966  6.723  -84.300  -15.309 0.0000000000
1981  7.344  -84.665  -15.837 0.0000000000
1980  7.959  -84.725  -15.858 0.0000000000
1504  8.905  -86.418  -15.979 0.0000000000
1512  7.746  -85.722  -17.217 0.0000000000
1524  7.649  -86.102  -18.189 0.0000000000
1523  8.068  -86.426  -17.880 0.0000000000
609  4.803  -88.402  -21.770 0.0000000000
610  4.031  -87.864  -21.835 0.0000000000
121310  -14.160  -61.931  -5.068 0.0000000000
20023  -14.466  -62.882  -4.757 0.0000000000
19073  -15.794  -63.688  -5.094 0.0000000000
18100  -16.214  -64.206  -5.715 0.0000000000
15367  -18.020  -68.451  -9.858 0.0000000000
15382  -16.702  -67.454  -10.363 0.0000000000
105372  -15.294  -65.525  -11.033 0.0000000000
16286  -17.023  -66.507  -10.371 0.0000000000
17219  -16.317  -65.484  -10.630 0.0000000000
108492  -17.008  -65.001  -10.435 0.0000000000
18169  -16.366  -64.483  -10.636 0.0000000000
19140  -15.820  -63.928  -10.907 0.0000000000
104658  -15.163  -64.117  -11.175 0.0000000000
104659  -14.500  -63.870  -11.335 0.0000000000
119241  -13.656  -63.592  -11.435 0.0000000000
20105  -13.563  -62.717  -11.530 0.0000000000
107213  -12.878  -63.280  -11.528 0.0000000000
10921  -8.025  -72.617  -11.993 0.0000000000
12691  -6.508  -70.164  -11.184 0.0000000000
12679  -5.954  -69.948  -10.725 0.0000000000
17233  -0.299  -65.280  -11.680 0.0000000000
18204  -2.444  -63.715  -11.739 0.0000000000
19146  -3.653  -63.715  -11.671 0.0000000000
19172  -3.995  -62.871  -11.883 0.0000000000
20096  -5.260  -62.543  -11.815 0.0000000000
20123  -4.210  -62.119  -12.155 0.0000000000
107766  -2.919  -59.984  -12.361 0.0000000000
20952  -4.471  -60.855  -12.482 0.0000000000
111938  -4.236  -59.328  -12.403 0.0000000000
123380  -3.173  -58.543  -11.913 0.0000000000
22585  -2.883  -58.022  -11.626 0.0000000000
118051  2.046  -80.342  -23.097 0.0000000000
109137  3.412  -80.672  -23.381 0.0000000000
4338  5.383  -81.857  -23.310 0.0000000000
4328  4.973  -81.509  -22.607 0.0000000000
4327  5.794  -82.032  -22.658 0.0000000000
117813  5.601  -81.710  -21.843 0.0000000000
3697  6.391  -82.353  -21.927 0.0000000000
4117  -4.161  -81.772  -9.306 0.0000000000
4806  -3.803  -81.073  -11.764 0.0000000000
5511  -4.241  -80.089  -12.751 0.0000000000
111493  -3.734  -80.281  -13.242 0.0000000000
3543  -2.314  -82.081  -13.092 0.0000000000
111752  -2.837  -81.632  -12.696 0.0000000000
4180  -2.736  -81.378  -13.579 0.0000000000
5566  -3.536  -79.255  -15.562 0.0000000000
6308  -3.391  -78.639  -15.303 0.0000000000
5543  -3.727  -79.120  -14.798 0.0000000000
112926  0.177  -78.600  -15.536 0.0000000000
6306  -0.504  -78.115  -15.501 0.0000000000
6305  0.817  -78.721  -15.251 0.0000000000
5565  1.159  -79.254  -14.897 0.0000000000
120099  -1.436  -84.657  -25.265 0.0000000000
105279  -2.142  -85.487  -25.673 0.0000000000
119996  -4.624  -85.739  -24.766 0.0000000000
106370  -5.565  -84.974  -24.979 0.0000000000
2595  -5.791  -84.837  -25.473 0.0000000000
2602  -6.052  -85.395  -26.187 0.0000000000
116569  -6.579  -88.416  -25.221 0.0000000000
1247  -6.215  -87.622  -25.159 0.0000000000
1663  -7.636  -87.562  -28.719 0.0000000000
1657  -7.552  -87.908  -27.942 0.0000000000
2103  -6.923  -87.553  -28.551 0.0000000000
2102  -6.124  -87.133  -28.971 0.0000000000
2116  -6.791  -86.455  -30.287 0.0000000000
126529  -6.621  -85.771  -30.475 0.0000000000
109156  -6.949  -85.580  -30.482 0.0000000000
3784  -5.686  -82.310  -29.893 0.0000000000
5098  -5.528  -80.635  -31.208 0.0000000000
118443  -12.718  -51.120  -11.635 0.0000000000
104668  -13.120  -50.818  -10.881 0.0000000000
104677  -11.795  -50.887  -11.832 0.0000000000
104676  -11.108  -50.421  -10.772 0.0000000000
105489  -9.821  -50.329  -10.445 0.0000000000
120912  -11.960  -66.516  -6.314 0.0000000000
16233  -12.777  -66.281  -6.345 0.0000000000
15329  -12.429  -67.275  -6.424 0.0000000000
13531  -13.776  -69.445  -6.469 0.0000000000
14450  -13.946  -68.600  -6.572 0.0000000000
13533  -15.414  -69.001  -7.243 0.0000000000
115076  -12.871  -71.270  -6.196 0.0000000000
12631  -13.021  -70.530  -6.139 0.0000000000
11740  -13.665  -71.075  -6.627 0.0000000000
12651  -15.268  -70.576  -8.902 0.0000000000
12642  -14.916  -70.638  -7.708 0.0000000000
12643  -15.973  -70.138  -8.579 0.0000000000
13559  -17.621  -70.294  -9.751 0.0000000000
13574  -17.909  -70.279  -9.966 0.0000000000
13573  -16.923  -70.177  -9.367 0.0000000000
120573  -14.394  -70.569  -10.244 0.0000000000
120086  -15.128  -69.891  -10.119 0.0000000000
14504  -14.042  -68.489  -11.039 0.0000000000
105434  -13.301  -69.005  -11.062 0.0000000000
10895  -1.525  -73.290  -9.141 0.0000000000
10896  -1.974  -72.547  -9.142 0.0000000000
11772  -0.483  -71.741  -8.762 0.0000000000
12661  1.488  -70.054  -8.952 0.0000000000
12662  -0.053  -70.753  -9.184 0.0000000000
13582  0.482  -68.852  -10.073 0.0000000000
122311  3.247  -69.161  -10.756 0.0000000000
15393  2.595  -67.286  -11.961 0.0000000000
14510  2.999  -68.026  -11.551 0.0000000000
14512  0.927  -67.342  -10.910 0.0000000000
15394  1.883  -66.734  -11.524 0.0000000000
16301  1.364  -66.131  -11.986 0.0000000000
193  -7.082  -91.918  -19.525 0.0000000000
372  -7.549  -90.664  -20.341 0.0000000000
194  -7.476  -90.928  -19.275 0.0000000000
27770  -17.390  -53.622  -9.511 0.0000000000
26832  -17.560  -54.304  -9.604 0.0000000000
120044  -16.376  -55.218  -11.128 0.0000000000
119912  -16.230  -54.832  -9.670 0.0000000000
25906  -15.976  -55.103  -11.258 0.0000000000
26842  -15.601  -54.982  -11.384 0.0000000000
25909  -15.292  -55.767  -11.705 0.0000000000
8357  -7.790  -75.485  -4.660 0.0000000000
127109  -8.695  -75.728  -5.390 0.0000000000
7604  -8.794  -76.162  -5.844 0.0000000000
7635  -8.114  -76.830  -7.343 0.0000000000
7636  -8.899  -76.437  -7.275 0.0000000000
7650  -8.467  -76.442  -8.104 0.0000000000
8395  -8.938  -76.038  -8.806 0.0000000000
7659  -6.446  -76.569  -9.033 0.0000000000
7633  -6.591  -76.785  -8.302 0.0000000000
8419  -7.781  -75.489  -10.696 0.0000000000
9229  -8.138  -74.610  -11.883 0.0000000000
10100  -6.513  -73.315  -13.612 0.0000000000
10951  -5.111  -72.625  -13.292 0.0000000000
125962  -5.849  -79.975  -10.642 0.0000000000
5513  -5.423  -79.498  -12.277 0.0000000000
6262  -5.174  -78.077  -13.621 0.0000000000
6972  -6.011  -77.536  -13.515 0.0000000000
7712  -1.936  -76.151  -15.240 0.0000000000
7697  -2.812  -75.947  -15.011 0.0000000000
8450  -3.587  -75.196  -14.978 0.0000000000
9269  -4.179  -74.496  -14.774 0.0000000000
10117  -4.552  -73.725  -14.487 0.0000000000
119778  -3.837  -73.708  -14.605 0.0000000000
126656  -2.747  -73.237  -13.228 0.0000000000
10932  -2.571  -73.372  -12.325 0.0000000000
123473  -3.048  -73.169  -11.810 0.0000000000
10054  -2.537  -73.557  -11.177 0.0000000000
114886  -2.143  -73.514  -10.341 0.0000000000
10053  -1.791  -74.016  -11.000 0.0000000000
9212  0.443  -74.461  -10.238 0.0000000000
10039  1.795  -74.503  -9.012 0.0000000000
10029  1.462  -73.830  -8.730 0.0000000000
10037  4.288  -74.413  -8.739 0.0000000000
109934  4.426  -73.305  -9.357 0.0000000000
10051  4.703  -73.910  -9.785 0.0000000000
10071  4.105  -73.081  -11.512 0.0000000000
2486  0.534  -84.546  -16.562 0.0000000000
2989  -0.304  -83.547  -16.838 0.0000000000
2999  -0.210  -83.454  -17.513 0.0000000000
3640  -0.930  -82.675  -19.012 0.0000000000
3641  -1.527  -82.089  -19.220 0.0000000000
4960  -3.010  -80.124  -20.416 0.0000000000
4296  -2.819  -80.758  -20.188 0.0000000000
3684  -1.715  -82.634  -21.379 0.0000000000
4315  -3.350  -81.034  -21.561 0.0000000000
5006  -1.899  -80.319  -23.370 0.0000000000
113924  -2.360  -80.128  -22.607 0.0000000000
5688  -1.968  -79.761  -21.964 0.0000000000
4991  -1.378  -79.952  -22.819 0.0000000000
5004  0.115  -80.331  -23.661 0.0000000000
4366  0.685  -81.154  -25.334 0.0000000000
5038  1.612  -80.823  -25.155 0.0000000000
115138  1.362  -81.324  -25.699 0.0000000000
4364  2.928  -81.165  -25.762 0.0000000000
3123  -3.260  -84.049  -23.926 0.0000000000
3124  -4.189  -83.646  -24.090 0.0000000000
105440  -4.330  -82.973  -26.621 0.0000000000
124738  -4.445  -82.643  -25.674 0.0000000000
3731  -3.980  -82.307  -25.987 0.0000000000
4370  -3.624  -81.843  -25.437 0.0000000000
113249  -2.976  -82.337  -27.031 0.0000000000
104628  -3.302  -84.226  -29.851 0.0000000000
120014  -1.973  -84.559  -29.844 0.0000000000
108200  -0.572  -84.785  -28.668 0.0000000000
120076  -1.641  -84.009  -28.769 0.0000000000
104616  -1.027  -83.429  -28.044 0.0000000000
119924  -1.377  -82.578  -27.415 0.0000000000
3761  -0.381  -82.995  -27.300 0.0000000000
3158  2.141  -83.832  -28.527 0.0000000000
3149  1.992  -83.736  -28.037 0.0000000000
3148  2.641  -83.468  -28.228 0.0000000000
109971  2.926  -82.826  -27.717 0.0000000000
3147  3.038  -82.974  -28.260 0.0000000000
3771  3.363  -82.312  -28.235 0.0000000000
3156  3.033  -82.969  -28.922 0.0000000000
126975  -8.204  -89.200  -21.127 0.0000000000
601  -8.101  -89.133  -21.829 0.0000000000
126177  -8.578  -87.954  -21.493 0.0000000000
19070  -12.571  -63.394  -5.452 0.0000000000
19083  -10.185  -62.896  -6.562 0.0000000000
17170  -11.223  -65.339  -6.167 0.0000000000
117388  -10.524  -64.765  -6.343 0.0000000000
17168  -9.511  -66.027  -6.674 0.0000000000
15327  -10.159  -67.311  -6.197 0.0000000000
16230  -9.655  -66.751  -6.445 0.0000000000
19098  -6.794  -64.011  -7.629 0.0000000000
15324  -7.608  -67.098  -5.978 0.0000000000
16228  -7.826  -66.432  -6.621 0.0000000000
15310  -8.495  -67.494  -5.700 0.0000000000
15311  -9.178  -67.839  -5.485 0.0000000000
14433  -8.641  -68.246  -5.120 0.0000000000
127958  -9.421  -69.177  -4.794 0.0000000000
13512  -8.843  -68.993  -4.707 0.0000000000
13494  -6.851  -69.825  -4.694 0.0000000000
12600  -7.573  -70.352  -4.487 0.0000000000
11704  -7.211  -71.419  -4.556 0.0000000000
124702  -1.012  -65.034  -8.067 0.0000000000
115548  -1.886  -64.333  -7.911 0.0000000000
18120  -3.261  -64.406  -7.754 0.0000000000
15341  -0.563  -66.410  -8.081 0.0000000000
14444  -1.379  -67.562  -7.602 0.0000000000
13529  -3.854  -69.102  -6.450 0.0000000000
15321  -3.940  -66.901  -6.409 0.0000000000
14430  -4.648  -68.622  -5.843 0.0000000000
13509  -5.556  -69.299  -5.376 0.0000000000
10867  -5.037  -71.835  -5.063 0.0000000000
120461  -5.644  -71.482  -5.010 0.0000000000
11702  -5.892  -72.230  -4.786 0.0000000000
127286  -6.707  -72.069  -4.668 0.0000000000
10856  -6.700  -72.850  -4.515 0.0000000000
105261  -7.459  -74.333  -4.379 0.0000000000
105250  -6.680  -73.900  -4.346 0.0000000000
120066  -4.747  -74.582  -4.385 0.0000000000
119966  -5.725  -74.469  -4.337 0.0000000000
122796  -5.837  -75.546  -4.349 0.0000000000
7587  -5.709  -76.331  -4.464 0.0000000000
8355  -5.223  -75.908  -4.311 0.0000000000
10873  -2.176  -73.873  -6.221 0.0000000000
105229  -2.840  -73.578  -6.065 0.0000000000
104647  -2.273  -73.638  -5.525 0.0000000000
7585  -3.294  -76.901  -4.272 0.0000000000
8353  -3.714  -76.290  -4.229 0.0000000000
115066  -4.109  -76.820  -4.363 0.0000000000
121985  -4.613  -77.061  -4.576 0.0000000000
6873  -4.418  -77.459  -4.918 0.0000000000
6872  -3.630  -77.594  -5.024 0.0000000000
6889  -2.521  -77.653  -6.071 0.0000000000
6890  -3.309  -77.670  -5.934 0.0000000000
6200  -3.292  -78.081  -7.609 0.0000000000
11680  2.598  -71.197  -2.522 0.0000000000
11690  3.015  -70.672  -2.993 0.0000000000
11679  3.225  -71.242  -2.809 0.0000000000
9149  3.503  -73.828  -3.300 0.0000000000
9983  3.482  -73.016  -3.369 0.0000000000
113169  2.070  -74.552  -4.073 0.0000000000
7579  3.815  -75.576  -4.554 0.0000000000
8352  3.940  -75.363  -3.473 0.0000000000
7616  1.064  -75.967  -6.283 0.0000000000
7601  0.774  -76.433  -5.037 0.0000000000
7581  0.456  -76.331  -4.414 0.0000000000
6886  -0.042  -76.721  -5.882 0.0000000000
6887  -0.782  -77.309  -6.054 0.0000000000
112601  -0.226  -77.189  -6.857 0.0000000000
6213  -1.688  -78.078  -8.562 0.0000000000
119391  -1.510  -77.767  -7.983 0.0000000000
116508  -2.457  -78.642  -8.432 0.0000000000
118441  -2.482  -79.658  -8.382 0.0000000000
119185  -1.947  -80.928  -8.254 0.0000000000
4099  -1.426  -81.777  -8.545 0.0000000000
3446  -1.960  -82.599  -8.762 0.0000000000
3445  -1.110  -82.461  -8.769 0.0000000000
5489  0.277  -79.315  -10.510 0.0000000000
3487  0.627  -82.684  -10.183 0.0000000000
4114  0.144  -81.341  -9.964 0.0000000000
3464  -0.516  -82.793  -9.154 0.0000000000
2379  -0.926  -84.257  -9.889 0.0000000000
2378  -0.228  -84.237  -9.728 0.0000000000
1904  1.137  -85.771  -10.552 0.0000000000
109572  0.522  -85.352  -10.390 0.0000000000
1905  0.477  -85.904  -10.679 0.0000000000
1937  0.354  -86.234  -11.628 0.0000000000
1448  1.075  -86.751  -11.272 0.0000000000
122881  5.054  -80.622  -9.140 0.0000000000
4764  3.258  -80.329  -8.628 0.0000000000
120619  3.506  -79.679  -8.158 0.0000000000
4763  5.023  -79.812  -7.908 0.0000000000
4802  5.461  -79.973  -11.578 0.0000000000
5484  5.647  -79.597  -10.959 0.0000000000
4803  4.652  -79.856  -11.907 0.0000000000
4820  3.888  -80.627  -12.416 0.0000000000
4166  4.577  -81.199  -12.593 0.0000000000
3524  6.569  -81.603  -12.539 0.0000000000
2917  4.828  -82.685  -13.251 0.0000000000
2918  3.929  -83.788  -12.983 0.0000000000
107123  3.878  -83.028  -12.813 0.0000000000
2919  3.232  -83.624  -12.527 0.0000000000
2895  2.792  -84.061  -11.922 0.0000000000
1919  3.288  -85.482  -11.606 0.0000000000
1090  2.672  -87.665  -12.430 0.0000000000
1076  2.543  -87.263  -11.595 0.0000000000
1104  1.983  -87.562  -12.971 0.0000000000
1478  1.241  -87.016  -12.928 0.0000000000
108179  1.458  -87.067  -13.846 0.0000000000
1492  1.065  -86.462  -14.614 0.0000000000
127686  1.678  -87.039  -14.598 0.0000000000
1516  1.849  -86.170  -15.920 0.0000000000
123504  2.063  -85.830  -16.472 0.0000000000
1994  1.741  -84.659  -17.421 0.0000000000
1528  2.571  -85.857  -17.066 0.0000000000
1137  5.442  -87.587  -16.540 0.0000000000
820  5.084  -87.892  -16.666 0.0000000000
1149  4.865  -87.545  -17.303 0.0000000000
2000  3.556  -85.630  -18.635 0.0000000000
107174  3.727  -86.330  -18.050 0.0000000000
2001  2.875  -85.003  -18.307 0.0000000000
113783  2.635  -84.428  -18.826 0.0000000000
2527  2.199  -83.643  -19.977 0.0000000000
2512  2.756  -84.174  -19.559 0.0000000000
118563  2.878  -83.864  -21.152 0.0000000000
3067  2.462  -83.592  -21.705 0.0000000000
109943  1.945  -83.304  -22.475 0.0000000000
110773  2.697  -83.729  -22.414 0.0000000000
784  8.276  -88.552  -14.458 0.0000000000
544  9.052  -88.807  -17.927 0.0000000000
819  9.117  -88.310  -17.633 0.0000000000
828  9.003  -88.228  -18.259 0.0000000000
1537  8.378  -86.927  -18.479 0.0000000000
1159  8.643  -87.612  -18.868 0.0000000000
547  6.461  -89.585  -19.100 0.0000000000
546  7.396  -89.556  -18.542 0.0000000000
1195  6.438  -87.181  -21.703 0.0000000000
1586  7.017  -86.888  -21.155 0.0000000000
105697  6.964  -86.386  -20.992 0.0000000000
2028  6.419  -85.958  -21.408 0.0000000000
2038  5.697  -85.460  -21.345 0.0000000000
106593  5.393  -85.371  -22.014 0.0000000000
2580  3.137  -84.636  -24.329 0.0000000000
2566  3.634  -84.641  -23.767 0.0000000000
2568  2.083  -83.711  -23.869 0.0000000000
2581  2.365  -84.342  -24.564 0.0000000000
2583  0.799  -84.056  -25.270 0.0000000000
2593  1.628  -84.523  -25.236 0.0000000000
1651  2.051  -86.394  -26.725 0.0000000000
105382  1.610  -85.727  -26.555 0.0000000000
108180  0.648  -86.669  -27.784 0.0000000000
105512  -0.137  -86.661  -27.797 0.0000000000
105477  0.611  -87.276  -27.736 0.0000000000
916  2.909  -87.176  -23.658 0.0000000000
922  3.081  -87.868  -25.223 0.0000000000
638  1.587  -88.346  -24.583 0.0000000000
640  -0.177  -88.591  -25.293 0.0000000000
649  0.515  -88.405  -25.895 0.0000000000
650  -0.439  -88.237  -26.071 0.0000000000
655  -0.923  -87.834  -26.182 0.0000000000
112770  -1.426  -88.268  -25.865 0.0000000000
642  -2.762  -88.928  -25.764 0.0000000000
110292  -2.002  -89.613  -25.280 0.0000000000
122194  -1.916  -91.285  -23.159 0.0000000000
227  -2.958  -91.358  -23.105 0.0000000000
228  -4.194  -91.404  -23.445 0.0000000000
122271  -3.656  -91.845  -22.536 0.0000000000
595  0.031  -89.288  -20.880 0.0000000000
197  -0.204  -90.802  -20.660 0.0000000000
207  -0.637  -91.538  -20.745 0.0000000000
198  -0.959  -91.527  -20.360 0.0000000000
42  -2.842  -93.035  -19.029 0.0000000000
41  -2.534  -92.917  -19.626 0.0000000000
50  -3.253  -93.101  -19.666 0.0000000000
96  -3.805  -93.013  -20.469 0.0000000000
51  -4.244  -93.098  -19.812 0.0000000000
52  -5.092  -92.787  -19.944 0.0000000000
44  -4.837  -93.056  -19.171 0.0000000000
24  -4.966  -93.168  -17.200 0.0000000000
22553  -20.636  -59.626  -5.912 0.0000000000
21724  -19.897  -60.945  -6.393 0.0000000000
17173  -14.417  -65.951  -6.396 0.0000000000
16237  -17.538  -66.352  -7.105 0.0000000000
16271  -19.315  -66.942  -9.306 0.0000000000
16258  -19.573  -66.842  -8.611 0.0000000000
123587  -19.427  -66.214  -8.833 0.0000000000
19119  -19.559  -64.346  -8.843 0.0000000000
109154  -20.185  -64.609  -8.001 0.0000000000
19101  -19.302  -64.338  -7.014 0.0000000000
19102  -20.240  -63.914  -7.313 0.0000000000
115632  -20.049  -63.020  -6.663 0.0000000000
20057  -18.996  -63.446  -7.116 0.0000000000
20923  -19.030  -61.555  -8.576 0.0000000000
21740  -19.674  -60.248  -7.689 0.0000000000
21756  -17.944  -60.374  -10.254 0.0000000000
22577  -18.161  -59.528  -10.292 0.0000000000
119910  -17.528  -59.678  -10.694 0.0000000000
20106  -15.961  -62.566  -11.124 0.0000000000
20934  -16.550  -61.911  -10.872 0.0000000000
120085  -15.861  -61.694  -11.282 0.0000000000
127602  -15.282  -59.865  -11.624 0.0000000000
120084  -15.900  -60.056  -11.464 0.0000000000
105181  -16.331  -59.157  -11.450 0.0000000000
105148  -15.942  -58.481  -11.576 0.0000000000
120137  -16.319  -57.681  -11.509 0.0000000000
23409  -15.197  -58.381  -11.773 0.0000000000
23414  -13.303  -58.343  -12.783 0.0000000000
23408  -14.473  -58.067  -12.193 0.0000000000
108652  -13.751  -57.813  -12.647 0.0000000000
24232  -13.474  -57.022  -12.897 0.0000000000
24231  -12.995  -57.759  -13.057 0.0000000000
127179  -10.064  -75.548  -6.534 0.0000000000
8377  -10.587  -75.069  -6.531 0.0000000000
8385  -10.857  -75.167  -7.411 0.0000000000
119786  -11.571  -74.561  -9.937 0.0000000000
9201  -12.147  -74.052  -9.912 0.0000000000
115520  -12.294  -73.561  -10.628 0.0000000000
10922  -8.672  -72.601  -11.533 0.0000000000
10923  -9.342  -72.659  -11.384 0.0000000000
11797  -10.360  -71.426  -11.340 0.0000000000
118071  -10.897  -72.402  -11.533 0.0000000000
11798  -11.458  -71.543  -11.452 0.0000000000
122518  -12.241  -71.651  -11.367 0.0000000000
11799  -12.815  -71.329  -11.043 0.0000000000
12696  -12.031  -70.681  -11.248 0.0000000000
115473  -10.954  -68.790  -11.478 0.0000000000
126078  -11.749  -68.881  -11.411 0.0000000000
120306  -11.538  -68.012  -11.435 0.0000000000
12663  -2.881  -71.468  -9.290 0.0000000000
12664  -3.910  -71.351  -9.186 0.0000000000
12675  -3.037  -70.757  -9.563 0.0000000000
14502  -4.032  -69.279  -10.478 0.0000000000
14503  -4.940  -69.379  -10.440 0.0000000000
14517  -5.588  -69.120  -10.883 0.0000000000
122426  -4.948  -68.573  -11.116 0.0000000000
109250  -2.835  -66.055  -11.486 0.0000000000
115054  -3.208  -66.761  -11.445 0.0000000000
16304  -3.716  -66.123  -11.513 0.0000000000
16306  -5.583  -66.637  -11.585 0.0000000000
15398  -6.414  -67.672  -11.512 0.0000000000
15399  -7.349  -67.300  -11.579 0.0000000000
15400  -8.282  -67.370  -11.553 0.0000000000
120723  -7.937  -66.756  -11.604 0.0000000000
127005  -9.000  -65.384  -11.565 0.0000000000
112241  -9.365  -66.680  -11.529 0.0000000000
114815  -10.045  -66.212  -11.477 0.0000000000
112239  -11.391  -66.520  -11.463 0.0000000000
114814  -11.279  -65.821  -11.453 0.0000000000
17243  -11.531  -65.177  -11.449 0.0000000000
17242  -10.631  -65.406  -11.456 0.0000000000
19153  -10.442  -63.763  -11.623 0.0000000000
20102  -10.845  -63.044  -11.841 0.0000000000
20129  -10.340  -62.341  -12.191 0.0000000000
20125  -6.793  -61.862  -11.368 0.0000000000
20126  -6.698  -62.015  -11.390 0.0000000000
20955  -7.438  -61.557  -12.346 0.0000000000
115728  -8.760  -60.777  -12.745 0.0000000000
124395  -9.788  -60.489  -12.960 0.0000000000
21776  -10.292  -60.833  -12.796 0.0000000000
119054  -10.089  -60.178  -13.131 0.0000000000
21795  -10.871  -60.272  -13.018 0.0000000000
22602  -10.570  -59.625  -13.276 0.0000000000
113079  -9.896  -57.927  -13.558 0.0000000000
123516  -10.747  -58.127  -13.516 0.0000000000
24244  -10.547  -57.234  -13.658 0.0000000000
25076  -11.196  -56.880  -13.643 0.0000000000
25075  -10.769  -56.411  -13.711 0.0000000000
126778  -11.042  -55.825  -13.677 0.0000000000
25074  -9.911  -56.512  -13.759 0.0000000000
120997  -8.698  -55.508  -13.489 0.0000000000
114315  -7.604  -54.967  -12.665 0.0000000000
24239  -4.257  -56.719  -10.835 0.0000000000
24230  -4.237  -55.634  -10.588 0.0000000000
119692  -4.946  -54.910  -10.748 0.0000000000
3604  -1.182  -82.262  -17.497 0.0000000000
3591  -1.186  -82.265  -16.587 0.0000000000
111304  -2.381  -79.675  -19.126 0.0000000000
108507  -2.528  -79.925  -18.364 0.0000000000
5626  -2.311  -79.602  -18.313 0.0000000000
5625  -1.861  -79.302  -18.525 0.0000000000
4975  2.338  -80.463  -21.369 0.0000000000
4959  1.653  -80.292  -20.831 0.0000000000
4958  2.521  -80.586  -20.388 0.0000000000
4945  1.652  -80.194  -19.014 0.0000000000
4925  1.501  -80.031  -18.087 0.0000000000
124187  0.865  -79.636  -18.037 0.0000000000
5606  1.191  -79.765  -17.124 0.0000000000
4904  1.789  -80.335  -17.026 0.0000000000
4218  3.111  -82.246  -15.404 0.0000000000
4880  2.432  -81.595  -15.494 0.0000000000
4209  2.769  -81.722  -14.858 0.0000000000
4865  2.808  -81.269  -14.730 0.0000000000
4208  3.338  -81.940  -14.812 0.0000000000
3728  6.209  -82.963  -25.596 0.0000000000
3140  7.182  -83.089  -25.625 0.0000000000
3102  9.088  -84.119  -23.261 0.0000000000
2547  8.661  -84.206  -23.362 0.0000000000
3065  8.667  -83.904  -22.529 0.0000000000
108416  7.752  -83.563  -21.169 0.0000000000
117636  8.374  -83.583  -21.452 0.0000000000
4255  9.127  -82.038  -18.170 0.0000000000
123772  9.142  -82.829  -19.379 0.0000000000
3009  8.384  -83.546  -18.128 0.0000000000
3010  7.921  -83.771  -18.675 0.0000000000
120579  7.697  -83.906  -17.981 0.0000000000
3600  6.919  -83.379  -16.858 0.0000000000
3586  7.544  -82.922  -16.600 0.0000000000
118382  7.531  -81.099  -14.808 0.0000000000
4863  5.564  -80.662  -14.901 0.0000000000
6301  6.056  -78.745  -13.771 0.0000000000
120577  6.649  -78.928  -13.491 0.0000000000
6995  6.798  -77.893  -13.590 0.0000000000
6996  6.491  -78.039  -13.047 0.0000000000
7693  6.322  -77.381  -12.608 0.0000000000
112294  6.523  -76.948  -14.072 0.0000000000
7013  6.994  -76.710  -18.514 0.0000000000
8457  5.633  -75.167  -14.512 0.0000000000
2434  -0.703  -84.759  -12.732 0.0000000000
2921  -1.079  -84.044  -13.040 0.0000000000
2943  -1.029  -83.586  -13.996 0.0000000000
2961  -1.141  -82.900  -14.530 0.0000000000
108829  -1.382  -82.045  -15.853 0.0000000000
235  -5.658  -90.641  -24.497 0.0000000000
410  -6.351  -89.808  -24.620 0.0000000000
401  -6.579  -90.351  -24.266 0.0000000000
115621  -7.236  -89.657  -24.393 0.0000000000
897  -7.836  -88.936  -23.732 0.0000000000
25900  -14.757  -55.204  -9.203 0.0000000000
26817  -13.980  -53.961  -8.456 0.0000000000
26830  -15.140  -54.066  -10.108 0.0000000000
27784  -14.957  -53.784  -11.309 0.0000000000
27783  -14.020  -53.382  -11.754 0.0000000000
27799  -13.412  -53.770  -12.455 0.0000000000
27817  -12.008  -53.997  -13.257 0.0000000000
26867  -11.416  -54.614  -13.507 0.0000000000
11706  -9.475  -71.925  -4.763 0.0000000000
10869  -10.531  -72.430  -5.212 0.0000000000
119942  -10.330  -73.031  -5.216 0.0000000000
105409  -11.383  -73.700  -6.208 0.0000000000
23396  -19.509  -57.921  -8.576 0.0000000000
6215  -4.516  -78.183  -8.225 0.0000000000
6216  -5.219  -78.547  -8.795 0.0000000000
5491  -6.479  -79.107  -10.250 0.0000000000
7709  1.087  -76.541  -15.454 0.0000000000
8459  2.468  -75.755  -15.247 0.0000000000
8448  2.787  -75.688  -14.660 0.0000000000
7706  4.318  -77.152  -14.630 0.0000000000
3092  -0.283  -82.936  -22.819 0.0000000000
3793  -4.601  -82.276  -32.248 0.0000000000
3802  -4.410  -82.754  -32.294 0.0000000000
13506  -0.295  -67.597  -6.150 0.0000000000
14427  0.910  -66.787  -7.149 0.0000000000
13523  2.907  -68.386  -6.214 0.0000000000
12625  2.406  -69.079  -6.605 0.0000000000
11735  2.436  -70.152  -6.366 0.0000000000
11734  3.101  -69.883  -5.767 0.0000000000
11715  3.149  -70.417  -5.096 0.0000000000
10863  3.238  -70.974  -4.466 0.0000000000
6149  3.917  -78.465  -4.417 0.0000000000
6165  4.511  -78.068  -5.061 0.0000000000
6885  4.920  -76.767  -6.466 0.0000000000
6903  4.972  -76.504  -7.579 0.0000000000
6939  5.086  -76.915  -9.137 0.0000000000
6223  5.258  -77.670  -9.454 0.0000000000
107538  8.135  -84.693  -12.348 0.0000000000
2431  8.343  -83.753  -12.904 0.0000000000
1934  8.439  -84.537  -13.151 0.0000000000
1954  8.661  -84.935  -13.920 0.0000000000
1965  8.702  -84.888  -14.920 0.0000000000
1979  8.427  -84.957  -15.532 0.0000000000
113205  8.711  -85.678  -15.383 0.0000000000
19071  -13.335  -63.245  -5.167 0.0000000000
19072  -14.148  -63.752  -4.888 0.0000000000
15381  -15.872  -68.095  -10.568 0.0000000000
16285  -14.955  -66.310  -11.173 0.0000000000
119987  -14.677  -64.757  -11.285 0.0000000000
121331  -13.982  -65.101  -11.398 0.0000000000
10936  -6.316  -72.066  -12.677 0.0000000000
11809  -6.685  -71.380  -12.108 0.0000000000
11808  -5.869  -71.336  -12.042 0.0000000000
11793  -5.444  -70.953  -10.762 0.0000000000
11783  -5.007  -71.045  -9.514 0.0000000000
19169  0.246  -62.421  -11.488 0.0000000000
19170  -1.280  -62.641  -11.719 0.0000000000
20122  -3.023  -61.981  -12.049 0.0000000000
127993  -1.990  -60.109  -12.101 0.0000000000
107603  -2.394  -58.865  -12.263 0.0000000000
111088  3.218  -80.653  -24.279 0.0000000000
4340  3.970  -81.082  -23.934 0.0000000000
4350  3.814  -81.089  -24.801 0.0000000000
4349  4.602  -81.512  -24.554 0.0000000000
4348  5.470  -82.076  -24.280 0.0000000000
4133  -3.893  -82.009  -10.076 0.0000000000
3506  -3.484  -82.043  -10.813 0.0000000000
4152  -3.356  -81.668  -11.547 0.0000000000
4168  -3.296  -81.303  -12.260 0.0000000000
4850  -3.105  -80.552  -15.148 0.0000000000
4835  -2.959  -80.894  -14.410 0.0000000000
5586  -3.238  -78.826  -16.041 0.0000000000
110591  -2.070  -78.132  -15.706 0.0000000000
6320  0.124  -78.977  -16.173 0.0000000000
124361  -1.622  -85.731  -26.304 0.0000000000
120040  -2.709  -86.152  -25.792 0.0000000000
105412  -4.042  -86.645  -25.200 0.0000000000
1644  -5.026  -86.548  -24.792 0.0000000000
1257  -8.191  -87.794  -26.750 0.0000000000
1653  -7.965  -87.815  -27.255 0.0000000000
122853  -8.193  -86.956  -28.618 0.0000000000
3169  -6.723  -84.595  -30.381 0.0000000000
2617  -7.376  -85.380  -29.911 0.0000000000
3772  -6.171  -82.290  -29.093 0.0000000000
104697  -10.595  -51.899  -12.277 0.0000000000
105383  -9.765  -51.492  -11.781 0.0000000000
29762  -8.387  -51.355  -11.338 0.0000000000
29761  -6.449  -51.077  -10.570 0.0000000000
123680  -12.525  -68.194  -6.333 0.0000000000
105584  -13.238  -72.357  -7.496 0.0000000000
11749  -13.817  -71.619  -7.321 0.0000000000
11762  -13.888  -71.876  -8.104 0.0000000000
12665  -14.909  -70.558  -9.624 0.0000000000
120346  -15.957  -70.008  -9.285 0.0000000000
10019  0.421  -72.883  -8.455 0.0000000000
127143  0.130  -71.803  -8.431 0.0000000000
11770  2.123  -70.736  -8.401 0.0000000000
13570  2.530  -69.397  -9.321 0.0000000000
13596  2.312  -69.535  -11.803 0.0000000000
13595  3.131  -68.762  -11.642 0.0000000000
13612  2.421  -68.599  -12.499 0.0000000000
126915  2.221  -68.000  -13.117 0.0000000000
116197  1.963  -66.831  -13.169 0.0000000000
16325  1.539  -66.062  -12.939 0.0000000000
115731  1.357  -66.555  -13.635 0.0000000000
25895  -19.446  -55.605  -8.399 0.0000000000
25894  -18.953  -55.230  -8.943 0.0000000000
25903  -18.323  -55.642  -9.610 0.0000000000
116514  -17.337  -55.012  -9.763 0.0000000000
25893  -16.572  -55.622  -8.904 0.0000000000
120182  -16.854  -55.394  -10.172 0.0000000000
119914  -16.300  -56.579  -11.466 0.0000000000
7589  -7.279  -76.542  -5.167 0.0000000000
110640  -7.980  -76.659  -5.790 0.0000000000
7617  -7.689  -77.000  -6.535 0.0000000000
7649  -7.546  -76.673  -8.149 0.0000000000
8430  -7.795  -75.757  -12.282 0.0000000000
9242  -7.883  -74.985  -12.721 0.0000000000
9255  -7.358  -74.886  -13.508 0.0000000000
10119  -6.277  -73.889  -14.050 0.0000000000
5512  -4.773  -79.478  -12.905 0.0000000000
9280  -0.824  -74.454  -15.337 0.0000000000
9267  -1.741  -74.466  -15.302 0.0000000000
9266  -1.265  -73.846  -15.044 0.0000000000
121117  -2.304  -73.787  -14.838 0.0000000000
10096  -2.519  -73.285  -14.042 0.0000000000
10072  -1.142  -74.114  -11.610 0.0000000000
10052  -1.139  -74.208  -10.816 0.0000000000
110535  3.851  -76.581  -11.487 0.0000000000
8429  4.148  -76.116  -10.592 0.0000000000
9224  4.780  -75.392  -10.117 0.0000000000
10070  4.812  -74.465  -10.292 0.0000000000
3014  -0.179  -83.326  -18.279 0.0000000000
4331  -3.489  -81.134  -22.381 0.0000000000
4993  -3.438  -80.931  -22.807 0.0000000000
5007  -2.848  -80.546  -23.080 0.0000000000
5022  -0.366  -80.655  -24.380 0.0000000000
4367  -0.215  -81.120  -25.148 0.0000000000
4386  0.780  -81.816  -26.019 0.0000000000
104625  -5.342  -83.912  -25.486 0.0000000000
104627  -5.015  -83.296  -24.969 0.0000000000
121624  -1.436  -85.437  -29.948 0.0000000000
105244  -1.443  -85.394  -30.300 0.0000000000
120006  -0.665  -85.803  -29.834 0.0000000000
105556  0.309  -85.583  -29.443 0.0000000000
105283  0.876  -84.331  -28.279 0.0000000000
105317  0.989  -84.975  -28.895 0.0000000000
105626  1.399  -84.020  -29.202 0.0000000000
3166  2.694  -83.267  -29.062 0.0000000000
3782  2.655  -82.795  -29.316 0.0000000000
3783  1.754  -82.539  -29.759 0.0000000000
18110  -9.895  -64.039  -6.513 0.0000000000
17185  -8.846  -65.332  -6.952 0.0000000000
17183  -6.871  -65.397  -7.251 0.0000000000
16247  -6.564  -65.845  -6.892 0.0000000000
16227  -7.038  -66.452  -6.470 0.0000000000
14422  -8.013  -68.781  -4.738 0.0000000000
15309  -6.910  -67.757  -5.361 0.0000000000
13511  -7.106  -68.675  -4.830 0.0000000000
13510  -6.450  -69.277  -4.895 0.0000000000
17163  -1.317  -65.254  -7.710 0.0000000000
13527  -1.999  -68.975  -7.258 0.0000000000
107884  -2.704  -70.004  -6.769 0.0000000000
12629  -3.312  -70.319  -6.496 0.0000000000
12630  -3.929  -70.075  -6.265 0.0000000000
12610  -4.547  -70.617  -5.816 0.0000000000
10855  -4.939  -72.731  -4.878 0.0000000000
105236  -4.201  -73.276  -4.878 0.0000000000
120148  -4.267  -73.973  -4.580 0.0000000000
105271  -1.410  -74.065  -5.120 0.0000000000
126265  -2.365  -74.028  -4.751 0.0000000000
105313  -1.978  -74.978  -4.373 0.0000000000
6858  -2.954  -77.343  -4.644 0.0000000000
6871  -2.260  -77.517  -5.209 0.0000000000
6888  -1.692  -77.535  -6.076 0.0000000000
9970  2.891  -72.557  -1.544 0.0000000000
10827  3.476  -72.127  -2.119 0.0000000000
9969  3.676  -72.936  -1.520 0.0000000000
127973  3.909  -73.901  -2.331 0.0000000000
8339  3.799  -74.616  -3.222 0.0000000000
7615  2.232  -75.509  -6.480 0.0000000000
7632  1.097  -75.843  -7.132 0.0000000000
6926  -1.006  -77.643  -8.747 0.0000000000
4779  -0.541  -79.792  -9.700 0.0000000000
5498  1.329  -79.382  -12.003 0.0000000000
4791  0.679  -79.853  -11.181 0.0000000000
115421  0.634  -81.834  -10.579 0.0000000000
113364  0.862  -83.362  -10.361 0.0000000000
2882  0.501  -84.194  -9.960 0.0000000000
122608  1.131  -84.053  -10.449 0.0000000000
2396  1.710  -84.353  -10.768 0.0000000000
1903  1.763  -85.377  -10.696 0.0000000000
125783  4.077  -81.153  -9.478 0.0000000000
4776  5.727  -79.958  -9.184 0.0000000000
4801  6.061  -80.119  -10.887 0.0000000000
4818  5.786  -80.317  -11.681 0.0000000000
2449  6.260  -83.306  -14.495 0.0000000000
2941  5.953  -82.759  -13.919 0.0000000000
2450  5.357  -84.004  -14.109 0.0000000000
2451  4.680  -84.871  -13.514 0.0000000000
1936  4.365  -85.510  -12.920 0.0000000000
120740  3.864  -85.726  -12.162 0.0000000000
1458  4.330  -86.431  -12.698 0.0000000000
761  3.857  -88.137  -12.905 0.0000000000
772  3.513  -88.333  -13.505 0.0000000000
1131  2.357  -87.341  -15.009 0.0000000000
1118  3.090  -88.111  -14.267 0.0000000000
1130  3.158  -87.906  -15.192 0.0000000000
1514  3.456  -87.374  -16.520 0.0000000000
1161  5.238  -86.938  -17.946 0.0000000000
1541  5.008  -86.499  -18.556 0.0000000000
1542  4.259  -86.247  -18.559 0.0000000000
114967  3.737  -85.190  -19.386 0.0000000000
2511  3.519  -84.581  -20.027 0.0000000000
2525  3.467  -84.241  -20.960 0.0000000000
2534  3.952  -84.427  -21.552 0.0000000000
545  8.349  -89.158  -18.199 0.0000000000
591  5.533  -88.379  -21.197 0.0000000000
862  6.318  -88.239  -20.795 0.0000000000
872  6.189  -87.809  -21.536 0.0000000000
1210  6.072  -86.917  -22.286 0.0000000000
1602  5.950  -86.536  -22.580 0.0000000000
126384  5.707  -85.941  -22.675 0.0000000000
2066  5.017  -85.847  -23.755 0.0000000000
2077  4.575  -85.936  -24.321 0.0000000000
2078  3.792  -85.342  -24.553 0.0000000000
2087  2.619  -85.501  -25.520 0.0000000000
2086  3.309  -85.796  -25.233 0.0000000000
1650  2.517  -86.628  -26.198 0.0000000000
1253  2.193  -87.169  -26.295 0.0000000000
633  1.103  -88.167  -24.066 0.0000000000
634  0.204  -88.236  -24.147 0.0000000000
415  -0.042  -88.510  -24.542 0.0000000000
118288  -0.982  -89.878  -24.648 0.0000000000
405  -1.646  -90.346  -24.385 0.0000000000
399  -0.643  -90.407  -23.782 0.0000000000
226  -1.231  -90.999  -23.573 0.0000000000
216  -1.838  -91.737  -22.415 0.0000000000
85  -1.678  -92.061  -19.969 0.0000000000
78  -2.881  -92.693  -18.711 0.0000000000
20867  -16.769  -61.966  -4.814 0.0000000000
125529  -19.796  -61.755  -5.825 0.0000000000
20895  -20.347  -61.850  -6.272 0.0000000000
15332  -15.870  -67.188  -6.973 0.0000000000
16236  -15.936  -66.428  -6.792 0.0000000000
15333  -16.867  -66.857  -7.180 0.0000000000
16251  -18.542  -66.610  -7.611 0.0000000000
113470  -17.923  -65.070  -9.811 0.0000000000
111997  -18.442  -60.940  -9.657 0.0000000000
113764  -14.292  -61.993  -11.530 0.0000000000
121217  -15.092  -61.397  -11.478 0.0000000000
20944  -14.427  -61.085  -11.682 0.0000000000
105675  -14.748  -59.722  -11.799 0.0000000000
118841  -14.600  -58.932  -11.999 0.0000000000
21780  -13.911  -59.538  -12.259 0.0000000000
118109  -13.214  -59.016  -12.681 0.0000000000
22588  -12.431  -59.308  -12.910 0.0000000000
8396  -9.847  -75.801  -8.699 0.0000000000
8397  -10.638  -75.384  -8.460 0.0000000000
8408  -10.402  -75.403  -9.357 0.0000000000
9200  -10.928  -75.041  -10.018 0.0000000000
117306  -11.221  -74.430  -10.529 0.0000000000
114819  -8.700  -71.225  -11.356 0.0000000000
12694  -9.233  -70.669  -11.343 0.0000000000
12695  -9.908  -70.810  -11.324 0.0000000000
13602  -10.431  -69.530  -11.449 0.0000000000
115474  -10.080  -68.770  -11.503 0.0000000000
14522  -9.664  -68.051  -11.512 0.0000000000
108381  -1.706  -69.262  -10.316 0.0000000000
13584  -2.918  -69.819  -10.127 0.0000000000
14501  -2.383  -68.824  -10.595 0.0000000000
14515  -3.130  -68.405  -10.953 0.0000000000
17236  -4.089  -65.362  -11.528 0.0000000000
17237  -5.779  -65.958  -11.585 0.0000000000
112243  -7.349  -66.372  -11.624 0.0000000000
17239  -7.544  -65.567  -11.623 0.0000000000
17240  -8.403  -65.332  -11.601 0.0000000000
18189  -9.067  -64.748  -11.551 0.0000000000
18190  -10.028  -64.598  -11.518 0.0000000000
123824  -8.664  -64.040  -11.572 0.0000000000
124335  -9.102  -62.974  -11.806 0.0000000000
21773  -6.316  -60.846  -12.514 0.0000000000
21793  -8.502  -60.210  -13.016 0.0000000000
118238  -8.932  -59.571  -13.313 0.0000000000
22601  -9.764  -59.599  -13.327 0.0000000000
24243  -9.185  -57.125  -13.606 0.0000000000
25073  -8.338  -56.547  -13.348 0.0000000000
25072  -7.141  -56.108  -12.573 0.0000000000
4260  -2.380  -80.517  -18.707 0.0000000000
5639  -2.221  -79.568  -19.726 0.0000000000
4295  3.399  -80.930  -20.445 0.0000000000
4278  3.686  -81.167  -19.624 0.0000000000
107512  3.122  -80.977  -18.764 0.0000000000
108736  2.832  -81.069  -17.737 0.0000000000
4903  2.358  -80.932  -16.876 0.0000000000
106583  3.400  -81.533  -17.795 0.0000000000
4234  3.512  -82.282  -16.668 0.0000000000
124885  4.197  -82.828  -15.821 0.0000000000
3709  9.295  -83.739  -23.197 0.0000000000
107739  8.978  -81.353  -18.855 0.0000000000
4232  8.688  -81.833  -17.339 0.0000000000
4217  7.716  -82.013  -15.955 0.0000000000
4216  8.257  -81.480  -16.426 0.0000000000
4861  8.110  -80.446  -14.517 0.0000000000
5561  7.903  -79.463  -13.812 0.0000000000
126705  7.060  -78.699  -13.222 0.0000000000
6298  7.911  -78.967  -13.999 0.0000000000
6299  7.253  -78.486  -13.811 0.0000000000
7009  6.850  -77.471  -15.925 0.0000000000
2897  -1.884  -83.820  -10.896 0.0000000000
3504  -2.234  -82.968  -11.607 0.0000000000
106544  -1.793  -83.451  -11.808 0.0000000000
4179  -2.104  -81.924  -13.878 0.0000000000
4196  -2.482  -81.178  -14.914 0.0000000000
4210  -2.705  -80.688  -15.677 0.0000000000
4882  -2.960  -79.928  -16.317 0.0000000000
935  -3.493  -88.141  -25.735 0.0000000000
1256  -3.873  -88.348  -25.628 0.0000000000
121264  -4.297  -88.786  -25.366 0.0000000000
925  -5.973  -88.810  -25.020 0.0000000000
926  -6.666  -88.948  -25.058 0.0000000000
646  -6.561  -89.244  -24.840 0.0000000000
1248  -7.387  -88.396  -25.327 0.0000000000
1249  -8.262  -87.774  -26.208 0.0000000000
2098  -8.458  -86.501  -26.345 0.0000000000
2097  -8.389  -85.925  -26.742 0.0000000000
111946  -16.887  -52.158  -9.391 0.0000000000
29722  -16.166  -52.236  -9.101 0.0000000000
27743  -14.354  -53.313  -7.807 0.0000000000
28696  -14.796  -52.940  -7.782 0.0000000000
108233  -15.894  -52.138  -9.931 0.0000000000
29729  -14.272  -51.222  -10.557 0.0000000000
28748  -13.258  -52.882  -12.282 0.0000000000
28747  -12.297  -52.461  -12.563 0.0000000000
118551  -11.287  -52.455  -12.749 0.0000000000
121978  -10.495  -52.501  -12.740 0.0000000000
28765  -9.911  -52.881  -13.007 0.0000000000
13514  -11.025  -70.099  -5.108 0.0000000000
127527  -11.858  -70.261  -5.487 0.0000000000
12614  -11.669  -70.909  -5.403 0.0000000000
11724  -12.258  -71.481  -5.789 0.0000000000
121116  -12.615  -71.826  -6.267 0.0000000000
10870  -11.303  -72.344  -5.498 0.0000000000
11739  -12.119  -72.251  -5.953 0.0000000000
105327  -12.686  -72.369  -6.685 0.0000000000
120101  -13.236  -72.578  -9.073 0.0000000000
10906  4.018  -72.281  -9.411 0.0000000000
11782  3.629  -71.125  -9.435 0.0000000000
25052  -19.041  -56.084  -9.070 0.0000000000
120200  -18.208  -57.303  -10.398 0.0000000000
117262  -6.244  -77.560  -9.520 0.0000000000
6943  -5.546  -77.710  -8.961 0.0000000000
6966  -7.282  -76.935  -13.092 0.0000000000
110714  -2.790  -77.291  -14.615 0.0000000000
8462  -0.385  -75.428  -15.464 0.0000000000
9279  0.090  -74.532  -15.308 0.0000000000
9264  0.493  -74.206  -14.742 0.0000000000
9251  1.071  -74.591  -13.661 0.0000000000
9250  1.938  -75.224  -13.435 0.0000000000
7677  5.579  -77.218  -11.575 0.0000000000
8439  6.202  -76.820  -11.851 0.0000000000
3662  -0.318  -82.982  -20.515 0.0000000000
4330  -3.267  -81.618  -22.161 0.0000000000
127481  -3.573  -81.248  -22.904 0.0000000000
4353  -3.280  -81.390  -24.808 0.0000000000
105361  -4.909  -85.454  -30.038 0.0000000000
120048  -4.678  -85.540  -29.202 0.0000000000
104626  -4.142  -84.353  -30.900 0.0000000000
2633  -3.102  -83.816  -30.953 0.0000000000
3180  -3.683  -83.328  -31.896 0.0000000000
2117  -1.944  -84.110  -31.010 0.0000000000
114059  -1.561  -84.094  -31.454 0.0000000000
3178  -1.026  -84.295  -31.670 0.0000000000
3798  -0.550  -83.247  -31.245 0.0000000000
113890  -0.441  -82.347  -30.696 0.0000000000
18138  -5.398  -64.205  -7.755 0.0000000000
18122  -5.478  -64.831  -7.554 0.0000000000
17181  -5.016  -65.278  -7.345 0.0000000000
15318  0.151  -66.266  -8.107 0.0000000000
14461  0.489  -66.678  -7.992 0.0000000000
14443  0.761  -66.716  -7.521 0.0000000000
13544  0.448  -67.467  -7.612 0.0000000000
13526  -0.588  -68.785  -7.384 0.0000000000
109036  -1.806  -70.858  -6.765 0.0000000000
11718  -1.200  -72.234  -6.194 0.0000000000
10853  -1.076  -73.060  -5.842 0.0000000000
9995  -0.625  -74.137  -6.091 0.0000000000
9160  -0.408  -74.476  -4.655 0.0000000000
9151  -0.227  -75.171  -4.277 0.0000000000
7540  3.664  -75.666  -1.507 0.0000000000
8326  3.928  -75.465  -2.034 0.0000000000
7578  4.387  -75.964  -4.082 0.0000000000
7598  4.376  -75.929  -6.095 0.0000000000
7614  3.415  -75.742  -6.634 0.0000000000
6942  0.878  -77.325  -9.721 0.0000000000
6238  1.403  -78.220  -11.038 0.0000000000
6225  3.006  -77.415  -10.115 0.0000000000
4805  1.910  -80.073  -12.301 0.0000000000
4821  2.643  -80.873  -12.446 0.0000000000
2878  6.138  -83.039  -10.514 0.0000000000
3483  6.559  -82.135  -10.641 0.0000000000
4128  6.669  -81.458  -11.002 0.0000000000
3482  7.162  -82.205  -11.287 0.0000000000
2893  7.651  -82.259  -12.135 0.0000000000
2939  8.052  -82.526  -13.800 0.0000000000
2938  8.365  -83.125  -13.529 0.0000000000
2940  7.135  -82.704  -14.340 0.0000000000
2465  6.978  -83.422  -14.939 0.0000000000
1491  5.599  -86.426  -14.779 0.0000000000
121334  5.357  -87.748  -15.475 0.0000000000
1505  5.833  -86.718  -15.617 0.0000000000
120699  6.103  -86.446  -16.377 0.0000000000
1136  5.900  -86.857  -16.853 0.0000000000
1986  7.521  -85.140  -16.477 0.0000000000
1513  6.795  -85.627  -17.059 0.0000000000
1147  6.374  -86.405  -17.719 0.0000000000
1525  7.091  -86.055  -18.423 0.0000000000
1539  6.816  -85.975  -19.042 0.0000000000
576  5.642  -88.999  -20.610 0.0000000000
111377  5.006  -88.974  -21.085 0.0000000000
903  4.512  -87.325  -23.140 0.0000000000
915  4.020  -87.322  -23.692 0.0000000000
904  3.734  -87.108  -23.308 0.0000000000
623  2.116  -87.040  -23.397 0.0000000000
611  3.306  -87.154  -21.841 0.0000000000
110090  2.482  -86.488  -22.609 0.0000000000
624  1.328  -88.031  -23.900 0.0000000000
613  0.232  -87.986  -23.849 0.0000000000
388  -0.691  -88.775  -23.704 0.0000000000
19996  -15.992  -62.434  -4.711 0.0000000000
114964  -15.430  -63.005  -4.701 0.0000000000
19075  -17.233  -63.186  -5.652 0.0000000000
14475  -18.907  -68.484  -9.097 0.0000000000
14488  -18.062  -68.282  -8.768 0.0000000000
15368  -18.834  -67.707  -9.630 0.0000000000
16287  -17.983  -66.712  -9.813 0.0000000000
18170  -17.230  -64.159  -10.303 0.0000000000
19142  -17.210  -63.264  -10.365 0.0000000000
105790  -16.071  -63.259  -10.928 0.0000000000
20960  -12.555  -61.743  -12.122 0.0000000000
9230  -8.499  -74.270  -11.456 0.0000000000
10043  -8.998  -73.919  -11.188 0.0000000000
10056  -8.594  -73.423  -11.638 0.0000000000
11796  -8.288  -71.842  -11.551 0.0000000000
114907  -7.927  -71.053  -11.453 0.0000000000
12692  -7.455  -70.318  -11.381 0.0000000000
125151  -0.519  -66.458  -11.414 0.0000000000
15395  -1.291  -66.986  -11.317 0.0000000000
17264  -2.148  -64.565  -11.655 0.0000000000
18184  -4.401  -64.481  -11.549 0.0000000000
19148  -5.870  -63.227  -11.562 0.0000000000
19149  -6.789  -62.774  -11.443 0.0000000000
20097  -6.500  -62.227  -11.532 0.0000000000
121318  -6.165  -61.968  -11.766 0.0000000000
20953  -6.016  -61.535  -12.151 0.0000000000
21790  -5.622  -59.955  -12.730 0.0000000000
22598  -6.084  -59.224  -12.876 0.0000000000
23423  -3.705  -57.681  -11.052 0.0000000000
117465  -3.199  -56.841  -10.625 0.0000000000
23412  -3.027  -57.413  -10.973 0.0000000000
24228  -3.056  -56.710  -10.789 0.0000000000
5686  0.026  -79.913  -22.419 0.0000000000
5675  -0.080  -79.750  -21.614 0.0000000000
4977  0.734  -80.059  -22.119 0.0000000000
4987  2.204  -80.376  -22.264 0.0000000000
4986  3.010  -80.557  -21.915 0.0000000000
118775  4.152  -81.125  -23.026 0.0000000000
126401  4.286  -81.158  -22.232 0.0000000000
4314  3.864  -81.051  -21.403 0.0000000000
109587  4.699  -81.316  -20.959 0.0000000000
3660  5.720  -81.936  -20.501 0.0000000000
3659  6.375  -82.519  -20.343 0.0000000000
4768  -4.827  -80.621  -8.700 0.0000000000
4780  -4.899  -81.103  -9.224 0.0000000000
4807  -4.502  -80.889  -11.127 0.0000000000
125424  -4.814  -79.971  -12.333 0.0000000000
6261  -3.981  -78.891  -13.991 0.0000000000
4181  -3.269  -80.987  -13.004 0.0000000000
6283  -3.588  -78.335  -14.481 0.0000000000
6986  -1.501  -77.405  -15.227 0.0000000000
118286  -0.595  -77.581  -15.352 0.0000000000
7002  -1.286  -77.807  -15.420 0.0000000000
121060  0.792  -78.177  -15.293 0.0000000000
7000  1.424  -78.610  -15.124 0.0000000000
2584  -0.828  -83.942  -24.741 0.0000000000
2586  -3.777  -84.369  -24.277 0.0000000000
105281  -2.999  -85.541  -25.195 0.0000000000
105176  -3.970  -85.032  -24.587 0.0000000000
104624  -5.241  -84.134  -24.902 0.0000000000
104630  -5.668  -84.558  -26.188 0.0000000000
2609  -5.543  -85.915  -27.983 0.0000000000
123522  -4.596  -88.041  -25.349 0.0000000000
122980  -5.322  -87.392  -24.959 0.0000000000
1636  -6.040  -86.160  -25.118 0.0000000000
1652  -7.136  -87.544  -26.558 0.0000000000
2089  -6.366  -85.943  -25.893 0.0000000000
120532  -6.176  -86.967  -28.098 0.0000000000
2616  -5.327  -86.380  -29.084 0.0000000000
2113  -5.875  -85.938  -30.328 0.0000000000
3175  -6.204  -85.018  -30.676 0.0000000000
3174  -5.745  -84.134  -31.083 0.0000000000
3168  -6.073  -83.816  -30.749 0.0000000000
3794  -5.391  -82.903  -31.276 0.0000000000
4442  -4.645  -80.776  -32.082 0.0000000000
104669  -13.588  -50.454  -10.682 0.0000000000
12585  2.234  -69.885  -3.774 0.0000000000
11691  1.003  -70.714  -3.377 0.0000000000
10829  1.182  -71.465  -2.619 0.0000000000
114800  2.149  -71.852  -1.914 0.0000000000
6132  3.112  -78.351  -3.678 0.0000000000
108676  3.164  -78.581  -6.405 0.0000000000
127633  -12.598  -65.553  -5.951 0.0000000000
17172  -13.489  -65.615  -6.063 0.0000000000
16234  -14.261  -66.842  -6.606 0.0000000000
107018  -13.248  -67.933  -6.496 0.0000000000
15330  -14.107  -67.721  -6.646 0.0000000000
15331  -14.980  -67.488  -6.803 0.0000000000
14463  -15.806  -68.098  -7.206 0.0000000000
13548  -16.989  -69.121  -8.580 0.0000000000
13516  -12.378  -69.960  -5.797 0.0000000000
118579  -14.346  -69.921  -6.741 0.0000000000
120281  -14.278  -71.086  -7.219 0.0000000000
11741  -14.362  -70.535  -6.920 0.0000000000
13547  -16.099  -69.458  -7.963 0.0000000000
13560  -18.009  -70.042  -9.688 0.0000000000
14506  -17.988  -69.857  -10.195 0.0000000000
122261  -16.263  -69.186  -10.072 0.0000000000
13588  -16.121  -69.760  -9.606 0.0000000000
125522  -15.587  -69.501  -10.104 0.0000000000
127178  -15.417  -68.490  -10.574 0.0000000000
15380  -14.823  -67.944  -10.961 0.0000000000
119931  -13.762  -67.563  -11.304 0.0000000000
10897  -3.253  -72.540  -9.465 0.0000000000
10898  -4.050  -72.145  -9.413 0.0000000000
106373  -2.134  -71.823  -9.178 0.0000000000
112955  -2.048  -70.990  -9.454 0.0000000000
13572  -0.977  -70.411  -9.591 0.0000000000
13583  -0.818  -69.542  -9.982 0.0000000000
127304  -0.738  -68.862  -10.326 0.0000000000
11769  3.307  -70.268  -9.230 0.0000000000
12659  3.134  -69.434  -9.785 0.0000000000
13580  2.758  -68.785  -9.830 0.0000000000
14496  3.147  -68.556  -10.969 0.0000000000
14497  2.830  -68.169  -10.487 0.0000000000
126125  2.037  -68.428  -9.923 0.0000000000
14498  1.584  -67.935  -10.398 0.0000000000
110594  0.179  -65.955  -11.597 0.0000000000
17262  0.531  -64.491  -11.928 0.0000000000
113558  1.224  -65.328  -13.029 0.0000000000
17261  1.017  -64.732  -12.722 0.0000000000
3756  4.303  -81.888  -26.973 0.0000000000
3741  4.930  -81.795  -26.130 0.0000000000
4396  5.066  -81.536  -26.689 0.0000000000
209  -6.703  -91.537  -21.646 0.0000000000
221  -7.042  -90.976  -21.986 0.0000000000
201  -7.203  -91.229  -21.070 0.0000000000
583  -7.979  -89.707  -20.560 0.0000000000
26820  -16.103  -54.221  -8.605 0.0000000000
120651  -16.088  -55.485  -8.589 0.0000000000
119962  -15.939  -55.024  -8.552 0.0000000000
25891  -15.277  -54.814  -8.497 0.0000000000
26838  -15.920  -54.319  -11.013 0.0000000000
25908  -14.781  -55.358  -11.851 0.0000000000
105240  -8.864  -74.284  -4.744 0.0000000000
105270  -9.411  -74.665  -5.275 0.0000000000
8365  -9.213  -75.474  -5.574 0.0000000000
8376  -9.530  -75.806  -6.217 0.0000000000
8384  -9.685  -76.002  -7.047 0.0000000000
118299  -6.919  -76.338  -8.843 0.0000000000
7666  -7.372  -76.085  -10.301 0.0000000000
8420  -8.224  -75.197  -10.313 0.0000000000
10076  -7.615  -73.241  -12.747 0.0000000000
10101  -7.580  -74.145  -13.180 0.0000000000
10075  -6.836  -72.764  -13.160 0.0000000000
10935  -5.476  -72.111  -12.602 0.0000000000
127484  -3.851  -72.583  -10.825 0.0000000000
4793  -5.938  -80.032  -10.001 0.0000000000
5490  -6.263  -79.530  -10.451 0.0000000000
6255  -6.138  -78.918  -12.313 0.0000000000
121011  -6.709  -78.816  -11.617 0.0000000000
6256  -6.794  -78.306  -12.309 0.0000000000
6973  -6.693  -77.100  -13.425 0.0000000000
6988  -3.163  -76.844  -14.536 0.0000000000
6989  -4.104  -77.146  -14.289 0.0000000000
7699  -4.587  -76.485  -14.361 0.0000000000
7700  -5.356  -76.262  -14.236 0.0000000000
8452  -6.120  -76.081  -14.042 0.0000000000
10118  -5.432  -73.794  -14.308 0.0000000000
10098  -4.807  -73.033  -14.058 0.0000000000
10097  -3.310  -73.068  -13.775 0.0000000000
10950  -4.103  -72.774  -13.256 0.0000000000
10933  -3.721  -72.672  -11.921 0.0000000000
10908  -2.814  -73.075  -10.033 0.0000000000
10042  -2.085  -73.237  -9.452 0.0000000000
10030  -0.771  -73.910  -9.008 0.0000000000
10040  -0.513  -74.140  -10.075 0.0000000000
117686  0.206  -73.892  -8.810 0.0000000000
10018  1.152  -73.217  -8.501 0.0000000000
10017  2.358  -73.075  -8.023 0.0000000000
10016  3.377  -73.004  -7.876 0.0000000000
9226  1.611  -75.038  -11.185 0.0000000000
111661  2.836  -74.973  -10.270 0.0000000000
9211  2.495  -74.636  -9.989 0.0000000000
10038  3.518  -74.261  -8.664 0.0000000000
112021  3.886  -72.364  -10.532 0.0000000000
2467  0.035  -85.113  -15.191 0.0000000000
2484  -0.337  -84.258  -15.240 0.0000000000
2487  -0.199  -84.044  -16.224 0.0000000000
3590  -0.678  -82.896  -17.004 0.0000000000
3621  -1.213  -82.311  -18.403 0.0000000000
116274  -1.802  -81.543  -18.740 0.0000000000
4280  -2.877  -80.126  -19.624 0.0000000000
5677  -2.153  -79.661  -21.108 0.0000000000
108263  -3.100  -80.633  -20.861 0.0000000000
5678  -2.673  -79.911  -21.363 0.0000000000
5687  -0.813  -79.758  -22.244 0.0000000000
4989  0.621  -80.134  -22.996 0.0000000000
126211  1.371  -80.308  -23.274 0.0000000000
116405  1.793  -80.410  -23.813 0.0000000000
5021  0.582  -80.555  -24.297 0.0000000000
5020  1.381  -80.550  -24.408 0.0000000000
5019  2.320  -80.571  -24.557 0.0000000000
5018  3.086  -80.790  -25.080 0.0000000000
4383  3.584  -81.694  -26.357 0.0000000000
3109  -2.791  -83.650  -23.539 0.0000000000
3110  -3.773  -83.074  -23.589 0.0000000000
104621  -4.736  -82.818  -24.656 0.0000000000
3723  -4.449  -82.255  -24.449 0.0000000000
3716  -4.322  -82.096  -23.774 0.0000000000
4354  -4.027  -81.743  -24.626 0.0000000000
4369  -2.657  -81.626  -25.672 0.0000000000
120120  -3.769  -83.800  -28.549 0.0000000000
105152  -3.297  -83.319  -28.150 0.0000000000
105292  -2.177  -84.726  -29.704 0.0000000000
105295  -2.567  -83.457  -28.637 0.0000000000
105192  -2.745  -82.810  -27.740 0.0000000000
105305  -2.217  -82.373  -27.309 0.0000000000
104610  -1.696  -82.081  -26.745 0.0000000000
4388  -1.252  -81.788  -26.171 0.0000000000
118908  -0.550  -81.894  -26.153 0.0000000000
3746  0.117  -82.447  -26.459 0.0000000000
3745  1.070  -82.545  -26.664 0.0000000000
120103  1.375  -83.855  -27.882 0.0000000000
3759  1.567  -83.204  -27.363 0.0000000000
3744  1.973  -82.442  -26.883 0.0000000000
122729  2.670  -82.490  -27.180 0.0000000000
3743  3.407  -82.281  -27.195 0.0000000000
127012  3.861  -82.217  -27.352 0.0000000000
3770  4.017  -82.164  -27.666 0.0000000000
4403  4.029  -81.695  -27.945 0.0000000000
4415  2.930  -82.230  -28.832 0.0000000000
393  -7.345  -90.384  -22.244 0.0000000000
619  -7.945  -89.087  -22.694 0.0000000000
1215  -8.237  -87.896  -23.290 0.0000000000
106815  -8.466  -86.980  -22.975 0.0000000000
1232  -8.264  -87.198  -23.914 0.0000000000
1637  -8.317  -86.391  -24.364 0.0000000000
20022  -13.523  -62.371  -5.262 0.0000000000
18096  -12.296  -64.268  -5.525 0.0000000000
17151  -12.015  -65.075  -5.741 0.0000000000
17169  -10.436  -65.705  -6.478 0.0000000000
15328  -10.907  -67.351  -6.232 0.0000000000
14447  -10.730  -67.938  -5.840 0.0000000000
14435  -10.395  -68.600  -5.350 0.0000000000
109022  -7.659  -63.988  -7.397 0.0000000000
17184  -8.112  -65.460  -7.135 0.0000000000
119237  -7.556  -65.562  -7.143 0.0000000000
16249  -7.992  -65.963  -6.952 0.0000000000
118483  -8.971  -66.539  -6.582 0.0000000000
15326  -9.256  -67.233  -6.123 0.0000000000
13513  -10.089  -69.393  -4.935 0.0000000000
123406  -9.383  -70.626  -4.650 0.0000000000
13496  -8.273  -69.602  -4.516 0.0000000000
12601  -8.606  -70.452  -4.499 0.0000000000
12602  -9.044  -71.229  -4.613 0.0000000000
11705  -8.689  -71.924  -4.579 0.0000000000
10858  -8.302  -72.750  -4.505 0.0000000000
17180  -3.742  -65.044  -7.440 0.0000000000
17166  -4.962  -65.836  -6.774 0.0000000000
16223  -1.621  -65.586  -7.588 0.0000000000
15320  -2.437  -66.513  -7.232 0.0000000000
16224  -3.202  -66.049  -6.845 0.0000000000
16225  -4.419  -66.351  -6.506 0.0000000000
120342  -4.868  -66.974  -5.955 0.0000000000
14431  -5.386  -68.254  -5.488 0.0000000000
12611  -6.118  -70.046  -5.056 0.0000000000
12598  -5.864  -70.823  -5.055 0.0000000000
10857  -7.413  -72.380  -4.486 0.0000000000
104649  -8.236  -73.792  -4.474 0.0000000000
105274  -8.103  -74.733  -4.518 0.0000000000
105363  -7.433  -75.087  -4.439 0.0000000000
8356  -7.023  -75.711  -4.487 0.0000000000
7588  -6.570  -76.363  -4.664 0.0000000000
7602  -6.555  -76.944  -5.206 0.0000000000
6875  -5.841  -77.336  -5.492 0.0000000000
105418  -3.775  -74.537  -4.483 0.0000000000
120291  -2.878  -74.793  -4.422 0.0000000000
128066  -3.483  -75.494  -4.272 0.0000000000
8354  -4.426  -75.646  -4.269 0.0000000000
7586  -4.821  -76.493  -4.384 0.0000000000
6874  -5.167  -77.244  -4.875 0.0000000000
125031  -5.425  -77.533  -6.272 0.0000000000
6909  -4.602  -77.596  -6.763 0.0000000000
6908  -3.712  -77.690  -6.806 0.0000000000
119364  -3.910  -79.386  -8.249 0.0000000000
12584  2.926  -70.253  -3.613 0.0000000000
10841  3.440  -72.037  -3.132 0.0000000000
9992  2.876  -73.018  -4.404 0.0000000000
7570  0.161  -76.081  -3.951 0.0000000000
8338  3.912  -75.227  -2.726 0.0000000000
7580  2.323  -75.716  -4.483 0.0000000000
7569  1.354  -75.739  -4.205 0.0000000000
7582  -0.481  -76.470  -4.265 0.0000000000
122138  -0.694  -77.100  -5.284 0.0000000000
106082  -2.003  -77.758  -7.028 0.0000000000
6214  -2.984  -78.556  -8.043 0.0000000000
119307  -3.192  -79.155  -8.253 0.0000000000
4767  -4.103  -80.695  -8.324 0.0000000000
4101  -3.415  -82.017  -8.735 0.0000000000
3448  -3.197  -82.468  -9.042 0.0000000000
3447  -2.786  -82.558  -8.927 0.0000000000
3466  -2.304  -83.146  -9.406 0.0000000000
2883  -2.142  -83.660  -10.074 0.0000000000
4115  -0.353  -80.876  -9.504 0.0000000000
4098  -0.510  -81.826  -8.981 0.0000000000
2399  -1.469  -84.164  -10.234 0.0000000000
2416  -1.299  -84.516  -10.898 0.0000000000
2415  -0.705  -85.200  -10.991 0.0000000000
2398  0.175  -84.832  -10.063 0.0000000000
1938  -0.387  -85.479  -11.946 0.0000000000
118061  -0.357  -85.210  -13.031 0.0000000000
1957  -0.165  -85.342  -13.803 0.0000000000
6197  2.725  -78.866  -7.227 0.0000000000
5458  3.125  -79.288  -7.822 0.0000000000
6210  4.733  -78.811  -6.906 0.0000000000
5457  5.672  -79.039  -7.875 0.0000000000
5472  5.849  -78.376  -8.879 0.0000000000
6235  5.427  -78.381  -9.737 0.0000000000
5485  5.734  -79.175  -10.072 0.0000000000
4804  3.333  -79.913  -12.199 0.0000000000
4148  6.636  -81.141  -11.756 0.0000000000
4165  5.848  -80.834  -12.251 0.0000000000
3525  5.358  -81.674  -12.868 0.0000000000
3527  3.226  -82.737  -12.645 0.0000000000
3502  2.488  -82.484  -12.491 0.0000000000
2414  2.386  -84.671  -11.179 0.0000000000
1435  1.804  -86.353  -10.783 0.0000000000
1445  3.190  -86.410  -11.487 0.0000000000
1446  2.499  -86.831  -11.110 0.0000000000
1447  1.787  -86.991  -11.043 0.0000000000
1460  0.853  -86.712  -12.199 0.0000000000
1479  0.684  -86.521  -13.103 0.0000000000
1969  0.049  -85.425  -14.536 0.0000000000
1968  0.521  -85.746  -14.969 0.0000000000
1983  0.674  -85.364  -15.685 0.0000000000
125680  0.789  -85.050  -16.236 0.0000000000
1132  1.676  -86.629  -15.263 0.0000000000
1989  1.378  -85.507  -16.211 0.0000000000
2489  0.965  -84.325  -17.286 0.0000000000
3012  1.082  -83.635  -18.754 0.0000000000
797  5.182  -88.146  -15.911 0.0000000000
1139  4.115  -87.942  -16.540 0.0000000000
1527  3.389  -86.650  -17.283 0.0000000000
1993  2.425  -85.136  -17.572 0.0000000000
2495  2.234  -84.455  -18.155 0.0000000000
3031  1.393  -83.424  -19.637 0.0000000000
108936  1.068  -82.927  -21.000 0.0000000000
3050  2.293  -83.556  -20.870 0.0000000000
3069  0.903  -82.825  -21.583 0.0000000000
118831  1.105  -82.862  -22.247 0.0000000000
3090  1.227  -83.005  -23.058 0.0000000000
3106  0.424  -83.068  -23.581 0.0000000000
115710  8.813  -87.964  -15.151 0.0000000000
807  9.055  -87.309  -16.433 0.0000000000
511  9.059  -89.078  -16.237 0.0000000000
806  9.153  -88.263  -16.785 0.0000000000
1135  9.016  -87.464  -17.274 0.0000000000
119825  8.052  -85.902  -19.567 0.0000000000
1558  7.761  -85.701  -19.809 0.0000000000
563  8.094  -88.796  -19.008 0.0000000000
861  7.085  -87.827  -20.285 0.0000000000
860  8.021  -87.430  -20.123 0.0000000000
843  8.306  -87.967  -19.329 0.0000000000
1183  8.125  -86.726  -20.237 0.0000000000
110517  7.493  -85.940  -20.422 0.0000000000
2030  5.168  -85.192  -20.535 0.0000000000
123530  5.060  -85.028  -21.272 0.0000000000
2050  4.993  -85.283  -22.948 0.0000000000
2548  4.078  -84.512  -22.378 0.0000000000
2549  3.322  -84.143  -22.923 0.0000000000
3089  2.470  -83.685  -23.127 0.0000000000
3105  1.301  -83.360  -23.820 0.0000000000
3120  0.634  -83.513  -24.469 0.0000000000
3134  0.009  -83.709  -25.157 0.0000000000
104613  0.138  -84.196  -25.931 0.0000000000
2594  -0.582  -84.738  -26.150 0.0000000000
2088  1.911  -85.216  -25.810 0.0000000000
104604  0.209  -84.973  -26.665 0.0000000000
105711  -0.358  -85.302  -26.869 0.0000000000
104605  -0.615  -85.968  -27.307 0.0000000000
105348  -1.232  -86.847  -27.377 0.0000000000
105346  -1.748  -86.966  -27.138 0.0000000000
1243  3.778  -87.465  -24.752 0.0000000000
930  2.654  -87.845  -25.812 0.0000000000
931  1.809  -87.876  -26.084 0.0000000000
107920  1.321  -88.259  -25.519 0.0000000000
932  1.009  -88.061  -26.447 0.0000000000
938  0.645  -87.649  -27.223 0.0000000000
104600  0.072  -87.217  -27.358 0.0000000000
105474  -1.624  -87.371  -26.287 0.0000000000
934  -2.875  -87.794  -25.884 0.0000000000
652  -3.123  -88.378  -25.750 0.0000000000
643  -3.749  -89.077  -25.574 0.0000000000
419  -4.584  -89.588  -25.219 0.0000000000
406  -2.730  -90.097  -24.944 0.0000000000
126386  -3.409  -90.354  -24.721 0.0000000000
408  -5.208  -90.061  -24.913 0.0000000000
229  -5.267  -91.335  -23.728 0.0000000000
219  -5.703  -91.664  -22.997 0.0000000000
208  -6.072  -91.821  -22.136 0.0000000000
109146  -0.446  -88.399  -23.739 0.0000000000
614  -0.733  -89.157  -22.942 0.0000000000
118817  -0.145  -89.184  -21.570 0.0000000000
594  0.052  -89.342  -21.152 0.0000000000
215  0.149  -90.328  -21.616 0.0000000000
107970  -0.170  -91.067  -22.089 0.0000000000
113592  -0.762  -91.714  -21.520 0.0000000000
116  -1.929  -92.201  -21.608 0.0000000000
95  -1.976  -92.543  -20.106 0.0000000000
107  -2.301  -92.600  -20.850 0.0000000000
122848  -3.048  -92.258  -21.736 0.0000000000
117  -4.129  -92.226  -21.906 0.0000000000
110  -5.445  -92.296  -21.289 0.0000000000
111  -6.305  -92.034  -21.126 0.0000000000
126611  -6.580  -92.223  -19.568 0.0000000000
88  -6.517  -92.331  -18.841 0.0000000000
34  -4.606  -93.163  -18.133 0.0000000000
80  -6.109  -92.690  -17.842 0.0000000000
187  -6.870  -92.050  -17.871 0.0000000000
107361  -19.926  -59.079  -6.761 0.0000000000
17153  -14.221  -65.276  -5.895 0.0000000000
17154  -15.047  -65.236  -6.050 0.0000000000
17174  -15.918  -65.684  -6.551 0.0000000000
17155  -15.945  -64.919  -6.153 0.0000000000
18112  -16.637  -64.685  -6.284 0.0000000000
19085  -17.177  -64.006  -6.147 0.0000000000
19086  -18.117  -63.554  -6.190 0.0000000000
15343  -18.578  -67.455  -8.315 0.0000000000
23395  -19.509  -58.697  -8.549 0.0000000000
108161  -19.198  -58.830  -9.255 0.0000000000
22571  -18.770  -59.359  -9.716 0.0000000000
23400  -18.746  -58.353  -9.915 0.0000000000
23406  -18.208  -58.138  -10.456 0.0000000000
119913  -17.830  -58.184  -10.708 0.0000000000
20935  -17.238  -62.060  -10.475 0.0000000000
126695  -17.071  -61.386  -10.656 0.0000000000
105259  -15.701  -60.898  -11.420 0.0000000000
120045  -17.107  -58.855  -11.194 0.0000000000
105233  -17.505  -58.128  -10.980 0.0000000000
105141  -16.970  -57.940  -11.290 0.0000000000
119968  -16.810  -57.088  -11.325 0.0000000000
24226  -15.730  -57.125  -11.648 0.0000000000
24225  -15.097  -57.564  -11.864 0.0000000000
25055  -15.122  -56.656  -11.859 0.0000000000
25062  -14.594  -56.136  -12.130 0.0000000000
25061  -13.881  -56.258  -12.615 0.0000000000
25078  -13.093  -56.236  -13.089 0.0000000000
105460  -10.090  -74.135  -5.528 0.0000000000
105517  -11.711  -74.057  -6.787 0.0000000000
8386  -11.225  -74.899  -8.157 0.0000000000
9179  -11.525  -74.513  -7.387 0.0000000000
9188  -12.371  -73.720  -8.965 0.0000000000
105280  -12.818  -73.085  -9.194 0.0000000000
104654  -13.059  -72.740  -9.855 0.0000000000
10057  -9.725  -73.490  -11.258 0.0000000000
10044  -10.604  -74.067  -10.982 0.0000000000
10058  -10.805  -73.321  -11.418 0.0000000000
116406  -9.821  -72.073  -11.338 0.0000000000
119411  -11.571  -73.040  -11.517 0.0000000000
10059  -12.148  -73.096  -11.336 0.0000000000
10060  -12.601  -72.905  -10.858 0.0000000000
105358  -13.415  -72.133  -10.224 0.0000000000
105369  -13.238  -71.775  -10.687 0.0000000000
105275  -13.615  -71.068  -10.611 0.0000000000
104655  -13.535  -70.075  -10.828 0.0000000000
13604  -12.487  -69.604  -11.171 0.0000000000
15404  -12.441  -67.550  -11.411 0.0000000000
105193  -13.103  -66.958  -11.426 0.0000000000
11776  -4.423  -71.538  -9.200 0.0000000000
12677  -4.664  -70.837  -9.221 0.0000000000
105655  -5.002  -70.463  -9.583 0.0000000000
13585  -3.872  -69.828  -10.029 0.0000000000
13586  -4.776  -70.093  -9.598 0.0000000000
13598  -6.139  -69.536  -10.965 0.0000000000
108943  -6.975  -69.139  -11.295 0.0000000000
15396  -2.585  -67.373  -11.281 0.0000000000
15397  -3.642  -67.622  -11.303 0.0000000000
114300  -5.070  -67.126  -11.537 0.0000000000
119519  -4.574  -67.790  -11.362 0.0000000000
113030  -5.516  -68.012  -11.389 0.0000000000
120531  -7.639  -68.805  -11.428 0.0000000000
14520  -7.921  -68.118  -11.514 0.0000000000
14521  -8.782  -68.099  -11.498 0.0000000000
112242  -8.627  -66.700  -11.570 0.0000000000
15402  -10.082  -67.192  -11.506 0.0000000000
15403  -11.003  -67.272  -11.477 0.0000000000
112238  -12.233  -66.670  -11.445 0.0000000000
17244  -12.390  -65.106  -11.450 0.0000000000
18192  -11.882  -64.380  -11.463 0.0000000000
19154  -11.343  -63.717  -11.582 0.0000000000
19155  -12.157  -63.603  -11.548 0.0000000000
122317  -12.313  -62.983  -11.689 0.0000000000
20131  -12.059  -62.414  -12.007 0.0000000000
109601  -11.701  -61.698  -12.362 0.0000000000
123894  -6.821  -62.305  -11.474 0.0000000000
20099  -7.561  -62.552  -11.767 0.0000000000
20128  -9.221  -62.288  -12.164 0.0000000000
20956  -8.214  -61.335  -12.533 0.0000000000
20957  -8.920  -61.451  -12.512 0.0000000000
20959  -10.799  -61.656  -12.486 0.0000000000
106539  -12.206  -60.926  -12.529 0.0000000000
21777  -11.610  -60.380  -12.831 0.0000000000
22603  -11.522  -59.653  -13.108 0.0000000000
23428  -11.870  -58.768  -13.253 0.0000000000
23426  -10.246  -58.877  -13.438 0.0000000000
124003  -11.423  -58.263  -13.432 0.0000000000
24246  -12.114  -57.818  -13.373 0.0000000000
25077  -12.238  -56.243  -13.409 0.0000000000
25935  -12.651  -55.515  -13.221 0.0000000000
25934  -11.707  -55.493  -13.516 0.0000000000
25933  -10.840  -55.189  -13.664 0.0000000000
105804  -9.916  -55.011  -13.742 0.0000000000
25932  -9.500  -55.656  -13.742 0.0000000000
26865  -9.307  -54.177  -13.424 0.0000000000
106604  -8.144  -53.673  -12.589 0.0000000000
115145  -5.975  -57.387  -12.249 0.0000000000
25071  -5.578  -55.372  -11.188 0.0000000000
25060  -4.818  -55.178  -10.752 0.0000000000
26863  -5.828  -54.279  -11.064 0.0000000000
27813  -6.178  -53.656  -11.151 0.0000000000
2979  -0.600  -83.424  -15.561 0.0000000000
3576  -0.963  -82.701  -15.838 0.0000000000
4236  -2.238  -80.531  -17.748 0.0000000000
117826  -2.085  -80.898  -16.938 0.0000000000
5610  -2.477  -79.277  -17.481 0.0000000000
106383  0.261  -79.748  -20.838 0.0000000000
5658  0.035  -79.591  -20.066 0.0000000000
5637  -0.559  -79.369  -19.348 0.0000000000
111399  1.688  -80.305  -19.923 0.0000000000
114544  0.967  -79.888  -19.592 0.0000000000
122707  0.330  -79.575  -19.293 0.0000000000
5623  0.107  -79.369  -18.548 0.0000000000
5608  -0.461  -79.056  -17.995 0.0000000000
6333  -0.586  -78.830  -17.148 0.0000000000
107997  0.811  -79.561  -15.978 0.0000000000
4881  1.854  -80.926  -15.594 0.0000000000
5564  1.247  -79.892  -14.800 0.0000000000
116106  2.151  -80.375  -14.693 0.0000000000
6303  2.753  -79.326  -14.935 0.0000000000
3729  5.752  -82.497  -25.860 0.0000000000
111904  5.994  -82.613  -25.203 0.0000000000
126249  6.715  -82.693  -23.617 0.0000000000
2579  7.771  -83.830  -24.550 0.0000000000
3103  7.968  -83.992  -23.714 0.0000000000
3710  6.638  -82.567  -22.818 0.0000000000
3088  7.361  -83.365  -22.077 0.0000000000
3680  6.869  -82.897  -21.110 0.0000000000
3638  6.598  -83.055  -19.482 0.0000000000
4326  9.372  -81.707  -22.607 0.0000000000
3679  9.044  -83.170  -21.733 0.0000000000
3636  9.244  -82.135  -19.981 0.0000000000
3658  9.107  -82.971  -20.243 0.0000000000
3047  8.694  -83.262  -20.768 0.0000000000
3029  8.099  -83.615  -19.546 0.0000000000
3030  7.370  -83.523  -19.287 0.0000000000
113987  6.043  -83.000  -18.774 0.0000000000
2997  6.318  -83.416  -18.048 0.0000000000
3588  5.022  -83.096  -16.025 0.0000000000
4205  6.834  -82.057  -15.468 0.0000000000
3573  5.420  -82.435  -15.459 0.0000000000
4207  4.499  -81.987  -14.925 0.0000000000
4864  3.883  -81.201  -14.864 0.0000000000
6998  4.405  -78.181  -15.212 0.0000000000
6997  5.627  -77.811  -13.380 0.0000000000
6300  6.818  -78.498  -13.125 0.0000000000
7694  5.747  -77.705  -12.576 0.0000000000
7681  6.381  -76.931  -12.339 0.0000000000
8446  5.782  -75.747  -13.104 0.0000000000
6332  7.110  -77.920  -16.898 0.0000000000
7704  6.570  -76.865  -15.547 0.0000000000
125146  6.344  -76.275  -16.008 0.0000000000
35  -5.403  -93.065  -17.753 0.0000000000
87  -5.850  -92.556  -19.574 0.0000000000
94  -1.284  -92.020  -20.401 0.0000000000
97  -4.794  -92.707  -20.560 0.0000000000
99  -6.620  -92.099  -20.223 0.0000000000
109  -4.483  -92.527  -21.236 0.0000000000
118  -5.156  -92.157  -22.092 0.0000000000
199  -1.545  -91.430  -19.911 0.0000000000
206  0.126  -90.954  -21.057 0.0000000000
234  -4.760  -90.881  -24.429 0.0000000000
379  0.018  -89.558  -21.601 0.0000000000
384  -7.483  -90.479  -21.291 0.0000000000
398  -0.594  -89.234  -23.530 0.0000000000
400  -6.200  -90.304  -24.490 0.0000000000
402  -7.030  -90.369  -23.940 0.0000000000
407  -4.301  -90.293  -24.996 0.0000000000
409  -6.029  -90.055  -24.637 0.0000000000
416  -0.687  -89.026  -24.779 0.0000000000
421  -6.115  -89.479  -24.771 0.0000000000
422  -6.511  -89.503  -24.692 0.0000000000
618  -7.635  -89.741  -22.462 0.0000000000
629  -7.492  -89.758  -23.452 0.0000000000
635  -6.908  -89.363  -24.776 0.0000000000
641  -1.809  -88.899  -25.651 0.0000000000
651  -2.297  -88.339  -25.814 0.0000000000
657  -2.248  -88.044  -25.930 0.0000000000
762  3.466  -88.112  -12.921 0.0000000000
770  4.219  -88.179  -13.367 0.0000000000
771  3.913  -88.412  -13.426 0.0000000000
786  4.238  -88.492  -14.037 0.0000000000
798  4.484  -88.413  -15.379 0.0000000000
799  3.833  -88.525  -14.879 0.0000000000
808  4.643  -88.218  -16.202 0.0000000000
844  7.522  -88.293  -19.627 0.0000000000
878  -8.492  -88.438  -21.143 0.0000000000
887  5.826  -87.495  -22.059 0.0000000000
917  2.535  -88.065  -24.538 0.0000000000
921  3.654  -87.400  -24.081 0.0000000000
924  -4.860  -88.755  -25.143 0.0000000000
939  -0.145  -87.689  -26.629 0.0000000000
1075  3.057  -87.119  -11.561 0.0000000000
1088  4.171  -87.537  -12.765 0.0000000000
1089  3.343  -87.598  -12.287 0.0000000000
1103  2.818  -87.997  -13.249 0.0000000000
1128  8.971  -87.325  -15.691 0.0000000000
1138  4.590  -87.895  -16.789 0.0000000000
1140  2.894  -87.328  -15.797 0.0000000000
1160  6.036  -86.517  -18.163 0.0000000000
1170  8.311  -87.257  -19.629 0.0000000000
1225  5.109  -87.185  -23.078 0.0000000000
1239  4.206  -87.274  -24.164 0.0000000000
1252  2.983  -87.311  -25.837 0.0000000000
1254  1.263  -87.294  -26.830 0.0000000000
1255  -3.256  -87.818  -25.881 0.0000000000
1258  -8.477  -87.386  -26.714 0.0000000000
1477  4.722  -86.846  -13.325 0.0000000000
1493  0.420  -86.030  -13.979 0.0000000000
1510  8.585  -87.007  -17.691 0.0000000000
1556  8.225  -86.611  -19.435 0.0000000000
1560  5.504  -85.846  -19.282 0.0000000000
1574  7.683  -86.490  -20.593 0.0000000000
1588  6.065  -86.006  -22.069 0.0000000000
1633  4.790  -87.020  -24.158 0.0000000000
1641  4.060  -86.925  -25.029 0.0000000000
1643  2.845  -86.135  -25.730 0.0000000000
1645  -5.795  -86.682  -24.934 0.0000000000
1666  -7.791  -87.028  -29.358 0.0000000000
1906  -0.180  -85.293  -10.503 0.0000000000
1921  0.559  -86.314  -11.005 0.0000000000
1955  5.189  -86.115  -14.044 0.0000000000
1988  1.937  -85.269  -16.885 0.0000000000
2029  5.958  -85.537  -20.830 0.0000000000
2051  4.137  -84.711  -23.181 0.0000000000
2065  5.454  -86.302  -23.296 0.0000000000
2080  -5.942  -85.584  -25.258 0.0000000000
2081  -8.351  -85.589  -24.625 0.0000000000
2412  7.169  -84.820  -10.964 0.0000000000
2413  2.979  -84.889  -11.523 0.0000000000
2433  3.500  -84.625  -12.164 0.0000000000
2565  8.414  -84.078  -24.035 0.0000000000
2591  8.366  -83.903  -24.573 0.0000000000
2592  2.295  -84.895  -25.215 0.0000000000
2615  2.174  -83.741  -28.842 0.0000000000
2623  -5.347  -86.152  -29.649 0.0000000000
2628  0.639  -84.233  -30.422 0.0000000000
2631  -0.516  -84.913  -31.319 0.0000000000
2865  -1.574  -83.711  -9.705 0.0000000000
2995  7.865  -83.467  -17.308 0.0000000000
2996  7.009  -83.694  -17.615 0.0000000000
3028  8.602  -83.372  -18.978 0.0000000000
3048  8.233  -83.514  -20.449 0.0000000000
3066  8.047  -83.871  -22.051 0.0000000000
3086  9.083  -83.725  -22.579 0.0000000000
3101  9.160  -83.982  -23.740 0.0000000000
3104  7.377  -83.284  -23.200 0.0000000000
3119  7.142  -83.207  -24.232 0.0000000000
3132  7.529  -83.589  -25.046 0.0000000000
3133  6.692  -83.245  -25.301 0.0000000000
3160  -7.551  -84.744  -28.798 0.0000000000
3167  1.932  -83.271  -29.269 0.0000000000
3489  -3.350  -82.559  -10.115 0.0000000000
3523  7.882  -82.173  -12.953 0.0000000000
3574  4.530  -82.625  -15.448 0.0000000000
3585  8.207  -82.442  -16.844 0.0000000000
3587  6.842  -82.858  -16.150 0.0000000000
3589  3.714  -82.638  -15.881 0.0000000000
3601  6.178  -83.370  -17.315 0.0000000000
3602  4.331  -82.779  -16.693 0.0000000000
3617  9.024  -82.799  -18.513 0.0000000000
3618  5.620  -83.091  -17.958 0.0000000000
3619  4.837  -82.658  -17.836 0.0000000000
3657  9.096  -82.618  -20.899 0.0000000000
3696  9.266  -83.114  -22.499 0.0000000000
3713  -1.996  -83.152  -22.715 0.0000000000
3721  6.572  -83.123  -25.101 0.0000000000
3799  -1.503  -83.537  -31.465 0.0000000000
4294  4.190  -81.256  -20.376 0.0000000000
4312  5.367  -81.567  -21.063 0.0000000000
4316  -3.270  -80.696  -22.005 0.0000000000
4329  3.595  -80.789  -22.469 0.0000000000
4365  2.106  -81.207  -25.778 0.0000000000
4389  -3.242  -82.061  -26.253 0.0000000000
4781  -5.534  -80.233  -9.343 0.0000000000
4862  7.348  -80.279  -14.171 0.0000000000
4867  1.713  -80.603  -14.895 0.0000000000
4879  8.164  -81.021  -15.373 0.0000000000
4943  3.045  -80.825  -19.729 0.0000000000
4976  1.535  -80.257  -21.740 0.0000000000
4978  -3.052  -80.342  -21.198 0.0000000000
5039  0.932  -80.732  -24.810 0.0000000000
5562  7.328  -79.130  -13.526 0.0000000000
5563  5.211  -79.687  -14.859 0.0000000000
5624  -0.992  -79.142  -18.662 0.0000000000
6342  -1.325  -78.894  -17.949 0.0000000000
6922  4.582  -76.406  -8.587 0.0000000000
6965  -6.832  -77.665  -13.021 0.0000000000
7555  4.075  -76.197  -2.086 0.0000000000
7590  -8.089  -76.028  -5.176 0.0000000000
8342  -0.191  -75.796  -3.978 0.0000000000
8464  -2.104  -75.266  -15.357 0.0000000000
9175  -10.703  -74.319  -6.030 0.0000000000
9187  -11.833  -74.319  -8.301 0.0000000000
9270  -5.087  -74.631  -14.526 0.0000000000
10045  -11.549  -73.727  -11.103 0.0000000000
10116  -3.198  -73.442  -14.427 0.0000000000
10868  -9.886  -72.544  -4.946 0.0000000000
10885  -0.554  -73.283  -8.809 0.0000000000
10886  -1.093  -72.628  -8.809 0.0000000000
10887  -11.560  -73.044  -5.898 0.0000000000
10925  -12.453  -72.582  -11.208 0.0000000000
10926  -12.882  -72.350  -10.759 0.0000000000
11760  0.719  -71.997  -8.134 0.0000000000
11773  -1.427  -72.071  -8.930 0.0000000000
11775  -3.852  -71.978  -9.316 0.0000000000
12583  3.140  -70.675  -3.377 0.0000000000
12624  3.130  -69.050  -6.047 0.0000000000
13528  -3.186  -69.551  -6.738 0.0000000000
14462  0.005  -66.542  -8.101 0.0000000000
15305  0.589  -66.711  -7.756 0.0000000000
15411  2.462  -67.319  -12.949 0.0000000000
16229  -8.366  -66.328  -6.702 0.0000000000
17179  -2.412  -64.866  -7.552 0.0000000000
18119  -0.697  -64.384  -8.570 0.0000000000
18136  -3.749  -63.955  -7.950 0.0000000000
18139  -6.027  -63.911  -7.752 0.0000000000
20100  -8.434  -62.614  -11.916 0.0000000000
20868  -17.537  -61.914  -5.101 0.0000000000
21774  -7.160  -60.917  -12.575 0.0000000000
22587  -12.295  -60.097  -12.731 0.0000000000
24223  -18.547  -57.118  -10.093 0.0000000000
25890  -14.560  -54.889  -8.526 0.0000000000
25892  -15.653  -54.813  -8.460 0.0000000000
26819  -15.195  -53.822  -8.239 0.0000000000
26829  -14.440  -54.175  -8.699 0.0000000000
27756  -14.021  -53.680  -8.129 0.0000000000
27757  -14.319  -53.520  -7.914 0.0000000000
27767  -13.749  -53.746  -8.446 0.0000000000
104598  -1.256  -86.964  -26.877 0.0000000000
104599  -2.345  -87.079  -26.453 0.0000000000
104601  -2.810  -87.143  -26.214 0.0000000000
104602  -2.506  -86.810  -26.323 0.0000000000
104603  0.228  -87.143  -27.891 0.0000000000
104609  1.380  -86.390  -27.157 0.0000000000
104615  1.484  -84.377  -28.793 0.0000000000
104619  1.014  -85.174  -29.521 0.0000000000
104623  -0.295  -85.533  -29.282 0.0000000000
104664  -15.571  -52.591  -8.547 0.0000000000
105144  -17.337  -56.373  -10.781 0.0000000000
105180  -13.680  -66.467  -11.421 0.0000000000
105215  -0.765  -85.556  -30.560 0.0000000000
105330  -3.478  -72.991  -5.244 0.0000000000
105331  -11.687  -72.694  -5.847 0.0000000000
105344  -10.909  -72.858  -5.434 0.0000000000
105371  1.064  -86.900  -27.551 0.0000000000
105378  -11.421  -73.160  -5.839 0.0000000000
105392  -2.182  -87.279  -26.288 0.0000000000
105408  0.863  -85.680  -27.112 0.0000000000
105413  -3.152  -83.941  -30.182 0.0000000000
105442  -14.889  -53.444  -8.006 0.0000000000
105515  -4.213  -84.582  -30.332 0.0000000000
105534  -0.715  -87.107  -26.829 0.0000000000
105549  -14.125  -53.365  -7.834 0.0000000000
107209  -12.604  -73.402  -9.844 0.0000000000
107392  -11.835  -56.952  -13.515 0.0000000000
108812  -7.219  -91.532  -20.257 0.0000000000
108989  0.707  -88.320  -24.328 0.0000000000
109087  -14.839  -53.144  -7.773 0.0000000000
109604  -4.763  -83.404  -24.553 0.0000000000
109785  -8.347  -88.432  -21.977 0.0000000000
110483  7.988  -86.192  -18.868 0.0000000000
110682  5.990  -83.245  -16.496 0.0000000000
111086  -2.766  -92.990  -20.260 0.0000000000
111536  -6.955  -69.277  -4.681 0.0000000000
112119  -16.451  -55.143  -8.697 0.0000000000
113309  6.352  -82.606  -24.356 0.0000000000
114388  -9.486  -60.848  -12.754 0.0000000000
114564  -3.702  -89.838  -25.421 0.0000000000
114589  -1.949  -81.776  -26.155 0.0000000000
114816  -9.008  -65.978  -11.583 0.0000000000
116213  8.298  -80.336  -15.271 0.0000000000
116397  6.205  -81.426  -10.351 0.0000000000
116555  -10.302  -75.561  -7.055 0.0000000000
117081  -7.164  -73.494  -13.347 0.0000000000
117987  7.382  -81.929  -12.579 0.0000000000
117998  -15.482  -53.993  -11.152 0.0000000000
119833  -0.983  -88.753  -25.522 0.0000000000
119969  -17.310  -57.324  -11.063 0.0000000000
120001  0.632  -85.013  -30.274 0.0000000000
120038  -2.085  -86.271  -26.384 0.0000000000
120079  -4.678  -82.702  -25.042 0.0000000000
120098  -1.026  -85.512  -26.579 0.0000000000
120102  0.305  -85.073  -28.777 0.0000000000
120134  -0.577  -86.958  -27.668 0.0000000000
120179  -15.191  -55.330  -8.765 0.0000000000
120218  -12.922  -72.612  -10.398 0.0000000000
120438  -0.584  -77.633  -9.222 0.0000000000
120491  -13.094  -67.529  -11.391 0.0000000000
120889  -9.691  -73.191  -4.930 0.0000000000
122187  -1.002  -86.875  -27.327 0.0000000000
122216  -7.898  -87.987  -26.084 0.0000000000
122759  -6.388  -86.341  -25.542 0.0000000000
123393  -5.233  -76.861  -4.581 0.0000000000
123740  8.110  -83.603  -14.957 0.0000000000
123767  7.578  -83.994  -11.383 0.0000000000
123782  8.960  -83.038  -20.959 0.0000000000
123806  -0.842  -86.646  -27.544 0.0000000000
123869  -4.278  -72.216  -10.085 0.0000000000
124167  -10.098  -71.992  -4.990 0.0000000000
124266  -12.339  -51.566  -12.189 0.0000000000
124309  -2.562  -92.204  -18.875 0.0000000000
124740  -10.826  -66.131  -11.461 0.0000000000
125214  -1.942  -83.446  -31.183 0.0000000000
125229  -14.715  -64.142  -5.004 0.0000000000
125449  6.050  -77.081  -11.599 0.0000000000
125473  -0.421  -84.687  -10.088 0.0000000000
125825  -11.546  -72.953  -5.844 0.0000000000
126059  0.626  -87.205  -27.949 0.0000000000
126099  -3.619  -82.450  -26.665 0.0000000000
126542  -7.030  -87.155  -29.445 0.0000000000
126697  -8.395  -87.635  -27.357 0.0000000000
126725  3.056  -68.300  -12.146 0.0000000000
126739  -2.691  -72.930  -9.467 0.0000000000
127257  7.810  -84.315  -15.636 0.0000000000
127509  -1.427  -73.531  -9.226 0.0000000000
128000  -0.843  -82.770  -16.437 0.0000000000
