
Sat Mar 14 10:28:15 CET 2026
cd /out/sourcedata/freesurfer/sub-v2s9x29165_ses-1
setenv SUBJECTS_DIR /out/sourcedata/freesurfer
/opt/freesurfer/bin/recon-all -autorecon1 -i /work/fmriprep_25_2_wf/sub_v2s9x29165_ses_1_wf/anat_fit_wf/anat_validate/sub-v2s9x29165_ses-1_run-1_T1w_noise_corrected_ras_valid.nii.gz -noskullstrip -noT2pial -noFLAIRpial -openmp 16 -subjid sub-v2s9x29165_ses-1 -sd /out/sourcedata/freesurfer

subjid sub-v2s9x29165_ses-1
setenv SUBJECTS_DIR /out/sourcedata/freesurfer
FREESURFER_HOME /opt/freesurfer
Actual FREESURFER_HOME /opt/freesurfer
build-stamp.txt: freesurfer-linux-ubuntu22_x86_64-7.3.2-20220804-6354275
Linux dna076 5.14.0-427.37.1.el9_4.x86_64 #1 SMP PREEMPT_DYNAMIC Fri Sep 13 12:41:50 EDT 2024 x86_64 x86_64 x86_64 GNU/Linux
cputime      unlimited
filesize     unlimited
datasize     unlimited
stacksize    8192 kbytes
coredumpsize 0 kbytes
memoryuse    67108864 kbytes
vmemoryuse   unlimited
descriptors  1024 
memorylocked unlimited
maxproc      2061970 
maxlocks     unlimited
maxsignal    2062029 
maxmessage   819200 
maxnice      0 
maxrtprio    0 
maxrttime    unlimited

               total        used        free      shared  buff/cache   available
Mem:           503Gi        45Gi        42Gi       9.2Gi       415Gi       445Gi
Swap:             0B          0B          0B

########################################
program versions used
7.3.2 (freesurfer-linux-ubuntu22_x86_64-7.3.2-20220804-6354275)
7.3.2

ProgramName: lta_convert  ProgramArguments: lta_convert -all-info  ProgramVersion: 7.3.2  TimeStamp: 2026/03/14-09:28:15-GMT  BuildTime: Aug  4 2022 06:17:15  BuildStamp: freesurfer-linux-ubuntu22_x86_64-7.3.2-20220804-6354275  User: oesteban  Machine: dna076  Platform: Linux  PlatformVersion: 5.14.0-427.37.1.el9_4.x86_64  CompilerName: GCC  CompilerVersion: 8.4.0
ProgramName: mri_and  ProgramArguments: mri_and -all-info  ProgramVersion: 7.3.2  TimeStamp: 2026/03/14-09:28:15-GMT  BuildTime: Aug  4 2022 06:17:15  BuildStamp: freesurfer-linux-ubuntu22_x86_64-7.3.2-20220804-6354275  User: oesteban  Machine: dna076  Platform: Linux  PlatformVersion: 5.14.0-427.37.1.el9_4.x86_64  CompilerName: GCC  CompilerVersion: 8.4.0
ProgramName: mri_annotation2label  ProgramArguments: mri_annotation2label -all-info  ProgramVersion: 7.3.2  TimeStamp: 2026/03/14-09:28:15-GMT  BuildTime: Aug  4 2022 06:17:15  BuildStamp: freesurfer-linux-ubuntu22_x86_64-7.3.2-20220804-6354275  User: oesteban  Machine: dna076  Platform: Linux  PlatformVersion: 5.14.0-427.37.1.el9_4.x86_64  CompilerName: GCC  CompilerVersion: 8.4.0
ProgramName: mri_aparc2aseg  ProgramArguments: mri_aparc2aseg -all-info  ProgramVersion: 7.3.2  TimeStamp: 2026/03/14-09:28:15-GMT  BuildTime: Aug  4 2022 06:17:15  BuildStamp: freesurfer-linux-ubuntu22_x86_64-7.3.2-20220804-6354275  User: oesteban  Machine: dna076  Platform: Linux  PlatformVersion: 5.14.0-427.37.1.el9_4.x86_64  CompilerName: GCC  CompilerVersion: 8.4.0
ProgramName: mri_surf2volseg  ProgramArguments: mri_surf2volseg -all-info  ProgramVersion: 7.3.2  TimeStamp: 2026/03/14-09:28:15-GMT  BuildTime: Aug  4 2022 06:17:15  BuildStamp: freesurfer-linux-ubuntu22_x86_64-7.3.2-20220804-6354275  User: oesteban  Machine: dna076  Platform: Linux  PlatformVersion: 5.14.0-427.37.1.el9_4.x86_64  CompilerName: GCC  CompilerVersion: 8.4.0
ProgramName: mri_binarize  ProgramArguments: mri_binarize -all-info  ProgramVersion: 7.3.2  TimeStamp: 2026/03/14-09:28:15-GMT  BuildTime: Aug  4 2022 06:17:15  BuildStamp: freesurfer-linux-ubuntu22_x86_64-7.3.2-20220804-6354275  User: oesteban  Machine: dna076  Platform: Linux  PlatformVersion: 5.14.0-427.37.1.el9_4.x86_64  CompilerName: GCC  CompilerVersion: 8.4.0
ProgramName: mri_ca_label  ProgramArguments: mri_ca_label -all-info  ProgramVersion: 7.3.2  TimeStamp: 2026/03/14-09:28:15-GMT  BuildTime: Aug  4 2022 06:17:15  BuildStamp: freesurfer-linux-ubuntu22_x86_64-7.3.2-20220804-6354275  User: oesteban  Machine: dna076  Platform: Linux  PlatformVersion: 5.14.0-427.37.1.el9_4.x86_64  CompilerName: GCC  CompilerVersion: 8.4.0
ProgramName: mri_ca_normalize  ProgramArguments: mri_ca_normalize -all-info  ProgramVersion: 7.3.2  TimeStamp: 2026/03/14-09:28:15-GMT  BuildTime: Aug  4 2022 06:17:15  BuildStamp: freesurfer-linux-ubuntu22_x86_64-7.3.2-20220804-6354275  User: oesteban  Machine: dna076  Platform: Linux  PlatformVersion: 5.14.0-427.37.1.el9_4.x86_64  CompilerName: GCC  CompilerVersion: 8.4.0
ProgramName: mri_ca_register  ProgramArguments: mri_ca_register -all-info  ProgramVersion: 7.3.2  TimeStamp: 2026/03/14-09:28:15-GMT  BuildTime: Aug  4 2022 06:17:15  BuildStamp: freesurfer-linux-ubuntu22_x86_64-7.3.2-20220804-6354275  User: oesteban  Machine: dna076  Platform: Linux  PlatformVersion: 5.14.0-427.37.1.el9_4.x86_64  CompilerName: GCC  CompilerVersion: 8.4.0
ProgramName: mri_cc  ProgramArguments: mri_cc -all-info  ProgramVersion: 7.3.2  TimeStamp: 2026/03/14-09:28:15-GMT  BuildTime: Aug  4 2022 06:17:15  BuildStamp: freesurfer-linux-ubuntu22_x86_64-7.3.2-20220804-6354275  User: oesteban  Machine: dna076  Platform: Linux  PlatformVersion: 5.14.0-427.37.1.el9_4.x86_64  CompilerName: GCC  CompilerVersion: 8.4.0
ProgramName: mri_compute_overlap  ProgramArguments: mri_compute_overlap -all-info  ProgramVersion: 7.3.2  TimeStamp: 2026/03/14-09:28:15-GMT  BuildTime: Aug  4 2022 06:17:15  BuildStamp: freesurfer-linux-ubuntu22_x86_64-7.3.2-20220804-6354275  User: oesteban  Machine: dna076  Platform: Linux  PlatformVersion: 5.14.0-427.37.1.el9_4.x86_64  CompilerName: GCC  CompilerVersion: 8.4.0
ProgramName: mri_compute_seg_overlap  ProgramArguments: mri_compute_seg_overlap -all-info  ProgramVersion: 7.3.2  TimeStamp: 2026/03/14-09:28:15-GMT  BuildTime: Aug  4 2022 06:17:15  BuildStamp: freesurfer-linux-ubuntu22_x86_64-7.3.2-20220804-6354275  User: oesteban  Machine: dna076  Platform: Linux  PlatformVersion: 5.14.0-427.37.1.el9_4.x86_64  CompilerName: GCC  CompilerVersion: 8.4.0
ProgramName: mri_concat  ProgramArguments: mri_concat -all-info  ProgramVersion: 7.3.2  TimeStamp: 2026/03/14-09:28:15-GMT  BuildTime: Aug  4 2022 06:17:15  BuildStamp: freesurfer-linux-ubuntu22_x86_64-7.3.2-20220804-6354275  User: oesteban  Machine: dna076  Platform: Linux  PlatformVersion: 5.14.0-427.37.1.el9_4.x86_64  CompilerName: GCC  CompilerVersion: 8.4.0
ProgramName: mri_concatenate_lta  ProgramArguments: mri_concatenate_lta -all-info  ProgramVersion: 7.3.2  TimeStamp: 2026/03/14-09:28:15-GMT  BuildTime: Aug  4 2022 06:17:15  BuildStamp: freesurfer-linux-ubuntu22_x86_64-7.3.2-20220804-6354275  User: oesteban  Machine: dna076  Platform: Linux  PlatformVersion: 5.14.0-427.37.1.el9_4.x86_64  CompilerName: GCC  CompilerVersion: 8.4.0
mri_convert -all-info 
ProgramName: mri_convert  ProgramArguments: mri_convert -all-info  ProgramVersion: 7.3.2  TimeStamp: 2026/03/14-09:28:15-GMT  BuildTime: Aug  4 2022 06:17:15  BuildStamp: freesurfer-linux-ubuntu22_x86_64-7.3.2-20220804-6354275  User: oesteban  Machine: dna076  Platform: Linux  PlatformVersion: 5.14.0-427.37.1.el9_4.x86_64  CompilerName: GCC  CompilerVersion: 8.4.0
ProgramName: mri_diff  ProgramArguments: mri_diff -all-info  ProgramVersion: 7.3.2  TimeStamp: 2026/03/14-09:28:15-GMT  BuildTime: Aug  4 2022 06:17:15  BuildStamp: freesurfer-linux-ubuntu22_x86_64-7.3.2-20220804-6354275  User: oesteban  Machine: dna076  Platform: Linux  PlatformVersion: 5.14.0-427.37.1.el9_4.x86_64  CompilerName: GCC  CompilerVersion: 8.4.0
ProgramName: mri_edit_wm_with_aseg  ProgramArguments: mri_edit_wm_with_aseg -all-info  ProgramVersion: 7.3.2  TimeStamp: 2026/03/14-09:28:15-GMT  BuildTime: Aug  4 2022 06:17:15  BuildStamp: freesurfer-linux-ubuntu22_x86_64-7.3.2-20220804-6354275  User: oesteban  Machine: dna076  Platform: Linux  PlatformVersion: 5.14.0-427.37.1.el9_4.x86_64  CompilerName: GCC  CompilerVersion: 8.4.0
ProgramName: mri_em_register  ProgramArguments: mri_em_register -all-info  ProgramVersion: 7.3.2  TimeStamp: 2026/03/14-09:28:15-GMT  BuildTime: Aug  4 2022 06:17:15  BuildStamp: freesurfer-linux-ubuntu22_x86_64-7.3.2-20220804-6354275  User: oesteban  Machine: dna076  Platform: Linux  PlatformVersion: 5.14.0-427.37.1.el9_4.x86_64  CompilerName: GCC  CompilerVersion: 8.4.0
ProgramName: mri_fill  ProgramArguments: mri_fill -all-info  ProgramVersion: 7.3.2  TimeStamp: 2026/03/14-09:28:15-GMT  BuildTime: Aug  4 2022 06:17:15  BuildStamp: freesurfer-linux-ubuntu22_x86_64-7.3.2-20220804-6354275  User: oesteban  Machine: dna076  Platform: Linux  PlatformVersion: 5.14.0-427.37.1.el9_4.x86_64  CompilerName: GCC  CompilerVersion: 8.4.0
ProgramName: mri_fuse_segmentations  ProgramArguments: mri_fuse_segmentations -all-info  ProgramVersion: 7.3.2  TimeStamp: 2026/03/14-09:28:15-GMT  BuildTime: Aug  4 2022 06:17:15  BuildStamp: freesurfer-linux-ubuntu22_x86_64-7.3.2-20220804-6354275  User: oesteban  Machine: dna076  Platform: Linux  PlatformVersion: 5.14.0-427.37.1.el9_4.x86_64  CompilerName: GCC  CompilerVersion: 8.4.0
ProgramName: mri_fwhm  ProgramArguments: mri_fwhm -all-info  ProgramVersion: 7.3.2  TimeStamp: 2026/03/14-09:28:15-GMT  BuildTime: Aug  4 2022 06:17:15  BuildStamp: freesurfer-linux-ubuntu22_x86_64-7.3.2-20220804-6354275  User: oesteban  Machine: dna076  Platform: Linux  PlatformVersion: 5.14.0-427.37.1.el9_4.x86_64  CompilerName: GCC  CompilerVersion: 8.4.0
ProgramName: mri_gcut  ProgramArguments: mri_gcut -all-info  ProgramVersion: 7.3.2  TimeStamp: 2026/03/14-09:28:15-GMT  BuildTime: Aug  4 2022 06:17:15  BuildStamp: freesurfer-linux-ubuntu22_x86_64-7.3.2-20220804-6354275  User: oesteban  Machine: dna076  Platform: Linux  PlatformVersion: 5.14.0-427.37.1.el9_4.x86_64  CompilerName: GCC  CompilerVersion: 8.4.0
ProgramName: mri_info  ProgramArguments: mri_info -all-info  ProgramVersion: 7.3.2  TimeStamp: 2026/03/14-09:28:15-GMT  BuildTime: Aug  4 2022 06:17:15  BuildStamp: freesurfer-linux-ubuntu22_x86_64-7.3.2-20220804-6354275  User: oesteban  Machine: dna076  Platform: Linux  PlatformVersion: 5.14.0-427.37.1.el9_4.x86_64  CompilerName: GCC  CompilerVersion: 8.4.0
ProgramName: mri_label2label  ProgramArguments: mri_label2label -all-info  ProgramVersion: 7.3.2  TimeStamp: 2026/03/14-09:28:15-GMT  BuildTime: Aug  4 2022 06:17:15  BuildStamp: freesurfer-linux-ubuntu22_x86_64-7.3.2-20220804-6354275  User: oesteban  Machine: dna076  Platform: Linux  PlatformVersion: 5.14.0-427.37.1.el9_4.x86_64  CompilerName: GCC  CompilerVersion: 8.4.0
ProgramName: mri_label2vol  ProgramArguments: mri_label2vol -all-info  ProgramVersion: 7.3.2  TimeStamp: 2026/03/14-09:28:15-GMT  BuildTime: Aug  4 2022 06:17:15  BuildStamp: freesurfer-linux-ubuntu22_x86_64-7.3.2-20220804-6354275  User: oesteban  Machine: dna076  Platform: Linux  PlatformVersion: 5.14.0-427.37.1.el9_4.x86_64  CompilerName: GCC  CompilerVersion: 8.4.0
ProgramName: mri_log_likelihood  ProgramArguments: mri_log_likelihood -all-info  ProgramVersion: 7.3.2  TimeStamp: 2026/03/14-09:28:15-GMT  BuildTime: Aug  4 2022 06:17:15  BuildStamp: freesurfer-linux-ubuntu22_x86_64-7.3.2-20220804-6354275  User: oesteban  Machine: dna076  Platform: Linux  PlatformVersion: 5.14.0-427.37.1.el9_4.x86_64  CompilerName: GCC  CompilerVersion: 8.4.0
ProgramName: mri_mask  ProgramArguments: mri_mask -all-info  ProgramVersion: 7.3.2  TimeStamp: 2026/03/14-09:28:15-GMT  BuildTime: Aug  4 2022 06:17:15  BuildStamp: freesurfer-linux-ubuntu22_x86_64-7.3.2-20220804-6354275  User: oesteban  Machine: dna076  Platform: Linux  PlatformVersion: 5.14.0-427.37.1.el9_4.x86_64  CompilerName: GCC  CompilerVersion: 8.4.0
ProgramName: mri_matrix_multiply  ProgramArguments: mri_matrix_multiply -all-info  ProgramVersion: 7.3.2  TimeStamp: 2026/03/14-09:28:15-GMT  BuildTime: Aug  4 2022 06:17:15  BuildStamp: freesurfer-linux-ubuntu22_x86_64-7.3.2-20220804-6354275  User: oesteban  Machine: dna076  Platform: Linux  PlatformVersion: 5.14.0-427.37.1.el9_4.x86_64  CompilerName: GCC  CompilerVersion: 8.4.0
ProgramName: mri_normalize  ProgramArguments: mri_normalize -all-info  ProgramVersion: 7.3.2  TimeStamp: 2026/03/14-09:28:15-GMT  BuildTime: Aug  4 2022 06:17:15  BuildStamp: freesurfer-linux-ubuntu22_x86_64-7.3.2-20220804-6354275  User: oesteban  Machine: dna076  Platform: Linux  PlatformVersion: 5.14.0-427.37.1.el9_4.x86_64  CompilerName: GCC  CompilerVersion: 8.4.0
ProgramName: mri_normalize_tp2  ProgramArguments: mri_normalize_tp2 -all-info  ProgramVersion: 7.3.2  TimeStamp: 2026/03/14-09:28:15-GMT  BuildTime: Aug  4 2022 06:17:15  BuildStamp: freesurfer-linux-ubuntu22_x86_64-7.3.2-20220804-6354275  User: oesteban  Machine: dna076  Platform: Linux  PlatformVersion: 5.14.0-427.37.1.el9_4.x86_64  CompilerName: GCC  CompilerVersion: 8.4.0
ProgramName: mri_or  ProgramArguments: mri_or -all-info  ProgramVersion: 7.3.2  TimeStamp: 2026/03/14-09:28:15-GMT  BuildTime: Aug  4 2022 06:17:15  BuildStamp: freesurfer-linux-ubuntu22_x86_64-7.3.2-20220804-6354275  User: oesteban  Machine: dna076  Platform: Linux  PlatformVersion: 5.14.0-427.37.1.el9_4.x86_64  CompilerName: GCC  CompilerVersion: 8.4.0
ProgramName: mri_relabel_hypointensities  ProgramArguments: mri_relabel_hypointensities -all-info  ProgramVersion: 7.3.2  TimeStamp: 2026/03/14-09:28:15-GMT  BuildTime: Aug  4 2022 06:17:15  BuildStamp: freesurfer-linux-ubuntu22_x86_64-7.3.2-20220804-6354275  User: oesteban  Machine: dna076  Platform: Linux  PlatformVersion: 5.14.0-427.37.1.el9_4.x86_64  CompilerName: GCC  CompilerVersion: 8.4.0
ProgramName: mri_relabel_nonwm_hypos  ProgramArguments: mri_relabel_nonwm_hypos -all-info  ProgramVersion: 7.3.2  TimeStamp: 2026/03/14-09:28:15-GMT  BuildTime: Aug  4 2022 06:17:15  BuildStamp: freesurfer-linux-ubuntu22_x86_64-7.3.2-20220804-6354275  User: oesteban  Machine: dna076  Platform: Linux  PlatformVersion: 5.14.0-427.37.1.el9_4.x86_64  CompilerName: GCC  CompilerVersion: 8.4.0
ProgramName: mri_remove_neck  ProgramArguments: mri_remove_neck -all-info  ProgramVersion: 7.3.2  TimeStamp: 2026/03/14-09:28:15-GMT  BuildTime: Aug  4 2022 06:17:15  BuildStamp: freesurfer-linux-ubuntu22_x86_64-7.3.2-20220804-6354275  User: oesteban  Machine: dna076  Platform: Linux  PlatformVersion: 5.14.0-427.37.1.el9_4.x86_64  CompilerName: GCC  CompilerVersion: 8.4.0
7.3.2

ProgramName: mri_robust_register  ProgramArguments: mri_robust_register -all-info  ProgramVersion: 7.3.2  TimeStamp: 2026/03/14-09:28:15-GMT  BuildTime: Aug  4 2022 06:17:15  BuildStamp: freesurfer-linux-ubuntu22_x86_64-7.3.2-20220804-6354275  User: oesteban  Machine: dna076  Platform: Linux  PlatformVersion: 5.14.0-427.37.1.el9_4.x86_64  CompilerName: GCC  CompilerVersion: 8.4.0
7.3.2

ProgramName: mri_robust_template  ProgramArguments: mri_robust_template -all-info  ProgramVersion: 7.3.2  TimeStamp: 2026/03/14-09:28:15-GMT  BuildTime: Aug  4 2022 06:17:15  BuildStamp: freesurfer-linux-ubuntu22_x86_64-7.3.2-20220804-6354275  User: oesteban  Machine: dna076  Platform: Linux  PlatformVersion: 5.14.0-427.37.1.el9_4.x86_64  CompilerName: GCC  CompilerVersion: 8.4.0
ProgramName: mris_anatomical_stats  ProgramArguments: mris_anatomical_stats -all-info  ProgramVersion: 7.3.2  TimeStamp: 2026/03/14-09:28:15-GMT  BuildTime: Aug  4 2022 06:17:15  BuildStamp: freesurfer-linux-ubuntu22_x86_64-7.3.2-20220804-6354275  User: oesteban  Machine: dna076  Platform: Linux  PlatformVersion: 5.14.0-427.37.1.el9_4.x86_64  CompilerName: GCC  CompilerVersion: 8.4.0
ProgramName: mris_ca_label  ProgramArguments: mris_ca_label -all-info  ProgramVersion: 7.3.2  TimeStamp: 2026/03/14-09:28:15-GMT  BuildTime: Aug  4 2022 06:17:15  BuildStamp: freesurfer-linux-ubuntu22_x86_64-7.3.2-20220804-6354275  User: oesteban  Machine: dna076  Platform: Linux  PlatformVersion: 5.14.0-427.37.1.el9_4.x86_64  CompilerName: GCC  CompilerVersion: 8.4.0
ProgramName: mris_calc  ProgramArguments: mris_calc -all-info  ProgramVersion: 7.3.2  TimeStamp: 2026/03/14-09:28:15-GMT  BuildTime: Aug  4 2022 06:17:15  BuildStamp: freesurfer-linux-ubuntu22_x86_64-7.3.2-20220804-6354275  User: oesteban  Machine: dna076  Platform: Linux  PlatformVersion: 5.14.0-427.37.1.el9_4.x86_64  CompilerName: GCC  CompilerVersion: 8.4.0
ProgramName: mris_convert  ProgramArguments: mris_convert -all-info  ProgramVersion: 7.3.2  TimeStamp: 2026/03/14-09:28:15-GMT  BuildTime: Aug  4 2022 06:17:15  BuildStamp: freesurfer-linux-ubuntu22_x86_64-7.3.2-20220804-6354275  User: oesteban  Machine: dna076  Platform: Linux  PlatformVersion: 5.14.0-427.37.1.el9_4.x86_64  CompilerName: GCC  CompilerVersion: 8.4.0
ProgramName: mris_curvature  ProgramArguments: mris_curvature -all-info  ProgramVersion: 7.3.2  TimeStamp: 2026/03/14-09:28:15-GMT  BuildTime: Aug  4 2022 06:17:15  BuildStamp: freesurfer-linux-ubuntu22_x86_64-7.3.2-20220804-6354275  User: oesteban  Machine: dna076  Platform: Linux  PlatformVersion: 5.14.0-427.37.1.el9_4.x86_64  CompilerName: GCC  CompilerVersion: 8.4.0
ProgramName: mris_curvature_stats  ProgramArguments: mris_curvature_stats -all-info  ProgramVersion: 7.3.2  TimeStamp: 2026/03/14-09:28:15-GMT  BuildTime: Aug  4 2022 06:17:15  BuildStamp: freesurfer-linux-ubuntu22_x86_64-7.3.2-20220804-6354275  User: oesteban  Machine: dna076  Platform: Linux  PlatformVersion: 5.14.0-427.37.1.el9_4.x86_64  CompilerName: GCC  CompilerVersion: 8.4.0
ProgramName: mris_diff  ProgramArguments: mris_diff -all-info  ProgramVersion: 7.3.2  TimeStamp: 2026/03/14-09:28:15-GMT  BuildTime: Aug  4 2022 06:17:15  BuildStamp: freesurfer-linux-ubuntu22_x86_64-7.3.2-20220804-6354275  User: oesteban  Machine: dna076  Platform: Linux  PlatformVersion: 5.14.0-427.37.1.el9_4.x86_64  CompilerName: GCC  CompilerVersion: 8.4.0
ProgramName: mris_divide_parcellation  ProgramArguments: mris_divide_parcellation -all-info  ProgramVersion: 7.3.2  TimeStamp: 2026/03/14-09:28:15-GMT  BuildTime: Aug  4 2022 06:17:15  BuildStamp: freesurfer-linux-ubuntu22_x86_64-7.3.2-20220804-6354275  User: oesteban  Machine: dna076  Platform: Linux  PlatformVersion: 5.14.0-427.37.1.el9_4.x86_64  CompilerName: GCC  CompilerVersion: 8.4.0
ProgramName: mri_segment  ProgramArguments: mri_segment -all-info  ProgramVersion: 7.3.2  TimeStamp: 2026/03/14-09:28:15-GMT  BuildTime: Aug  4 2022 06:17:15  BuildStamp: freesurfer-linux-ubuntu22_x86_64-7.3.2-20220804-6354275  User: oesteban  Machine: dna076  Platform: Linux  PlatformVersion: 5.14.0-427.37.1.el9_4.x86_64  CompilerName: GCC  CompilerVersion: 8.4.0
ProgramName: mri_segstats  ProgramArguments: mri_segstats -all-info  ProgramVersion: 7.3.2  TimeStamp: 2026/03/14-09:28:15-GMT  BuildTime: Aug  4 2022 06:17:15  BuildStamp: freesurfer-linux-ubuntu22_x86_64-7.3.2-20220804-6354275  User: oesteban  Machine: dna076  Platform: Linux  PlatformVersion: 5.14.0-427.37.1.el9_4.x86_64  CompilerName: GCC  CompilerVersion: 8.4.0
ProgramName: mris_euler_number  ProgramArguments: mris_euler_number -all-info  ProgramVersion: 7.3.2  TimeStamp: 2026/03/14-09:28:15-GMT  BuildTime: Aug  4 2022 06:17:15  BuildStamp: freesurfer-linux-ubuntu22_x86_64-7.3.2-20220804-6354275  User: oesteban  Machine: dna076  Platform: Linux  PlatformVersion: 5.14.0-427.37.1.el9_4.x86_64  CompilerName: GCC  CompilerVersion: 8.4.0
ProgramName: mris_fix_topology  ProgramArguments: mris_fix_topology -all-info  ProgramVersion: 7.3.2  TimeStamp: 2026/03/14-09:28:15-GMT  BuildTime: Aug  4 2022 06:17:15  BuildStamp: freesurfer-linux-ubuntu22_x86_64-7.3.2-20220804-6354275  User: oesteban  Machine: dna076  Platform: Linux  PlatformVersion: 5.14.0-427.37.1.el9_4.x86_64  CompilerName: GCC  CompilerVersion: 8.4.0
ProgramName: mris_topo_fixer  ProgramArguments: mris_topo_fixer -all-info  ProgramVersion: 7.3.2  TimeStamp: 2026/03/14-09:28:15-GMT  BuildTime: Aug  4 2022 06:17:15  BuildStamp: freesurfer-linux-ubuntu22_x86_64-7.3.2-20220804-6354275  User: oesteban  Machine: dna076  Platform: Linux  PlatformVersion: 5.14.0-427.37.1.el9_4.x86_64  CompilerName: GCC  CompilerVersion: 8.4.0
ProgramName: mris_jacobian  ProgramArguments: mris_jacobian -all-info  ProgramVersion: 7.3.2  TimeStamp: 2026/03/14-09:28:15-GMT  BuildTime: Aug  4 2022 06:17:15  BuildStamp: freesurfer-linux-ubuntu22_x86_64-7.3.2-20220804-6354275  User: oesteban  Machine: dna076  Platform: Linux  PlatformVersion: 5.14.0-427.37.1.el9_4.x86_64  CompilerName: GCC  CompilerVersion: 8.4.0
ProgramName: mris_label2annot  ProgramArguments: mris_label2annot -all-info  ProgramVersion: 7.3.2  TimeStamp: 2026/03/14-09:28:15-GMT  BuildTime: Aug  4 2022 06:17:15  BuildStamp: freesurfer-linux-ubuntu22_x86_64-7.3.2-20220804-6354275  User: oesteban  Machine: dna076  Platform: Linux  PlatformVersion: 5.14.0-427.37.1.el9_4.x86_64  CompilerName: GCC  CompilerVersion: 8.4.0
ProgramName: mris_left_right_register  ProgramArguments: mris_left_right_register -all-info  ProgramVersion: 7.3.2  TimeStamp: 2026/03/14-09:28:15-GMT  BuildTime: Aug  4 2022 06:17:15  BuildStamp: freesurfer-linux-ubuntu22_x86_64-7.3.2-20220804-6354275  User: oesteban  Machine: dna076  Platform: Linux  PlatformVersion: 5.14.0-427.37.1.el9_4.x86_64  CompilerName: GCC  CompilerVersion: 8.4.0
ProgramName: mris_place_surface  ProgramArguments: mris_place_surface -all-info  ProgramVersion: 7.3.2  TimeStamp: 2026/03/14-09:28:15-GMT  BuildTime: Aug  4 2022 06:17:15  BuildStamp: freesurfer-linux-ubuntu22_x86_64-7.3.2-20220804-6354275  User: oesteban  Machine: dna076  Platform: Linux  PlatformVersion: 5.14.0-427.37.1.el9_4.x86_64  CompilerName: GCC  CompilerVersion: 8.4.0
ProgramName: mrisp_paint  ProgramArguments: mrisp_paint -all-info  ProgramVersion: 7.3.2  TimeStamp: 2026/03/14-09:28:15-GMT  BuildTime: Aug  4 2022 06:17:15  BuildStamp: freesurfer-linux-ubuntu22_x86_64-7.3.2-20220804-6354275  User: oesteban  Machine: dna076  Platform: Linux  PlatformVersion: 5.14.0-427.37.1.el9_4.x86_64  CompilerName: GCC  CompilerVersion: 8.4.0
ProgramName: mris_register  ProgramArguments: mris_register -all-info  ProgramVersion: 7.3.2  TimeStamp: 2026/03/14-09:28:15-GMT  BuildTime: Aug  4 2022 06:17:15  BuildStamp: freesurfer-linux-ubuntu22_x86_64-7.3.2-20220804-6354275  User: oesteban  Machine: dna076  Platform: Linux  PlatformVersion: 5.14.0-427.37.1.el9_4.x86_64  CompilerName: GCC  CompilerVersion: 8.4.0
ProgramName: mris_smooth  ProgramArguments: mris_smooth -all-info  ProgramVersion: 7.3.2  TimeStamp: 2026/03/14-09:28:15-GMT  BuildTime: Aug  4 2022 06:17:15  BuildStamp: freesurfer-linux-ubuntu22_x86_64-7.3.2-20220804-6354275  User: oesteban  Machine: dna076  Platform: Linux  PlatformVersion: 5.14.0-427.37.1.el9_4.x86_64  CompilerName: GCC  CompilerVersion: 8.4.0
ProgramName: mris_sphere  ProgramArguments: mris_sphere -all-info  ProgramVersion: 7.3.2  TimeStamp: 2026/03/14-09:28:15-GMT  BuildTime: Aug  4 2022 06:17:15  BuildStamp: freesurfer-linux-ubuntu22_x86_64-7.3.2-20220804-6354275  User: oesteban  Machine: dna076  Platform: Linux  PlatformVersion: 5.14.0-427.37.1.el9_4.x86_64  CompilerName: GCC  CompilerVersion: 8.4.0
ProgramName: mris_surface_stats  ProgramArguments: mris_surface_stats -all-info  ProgramVersion: 7.3.2  TimeStamp: 2026/03/14-09:28:15-GMT  BuildTime: Aug  4 2022 06:17:15  BuildStamp: freesurfer-linux-ubuntu22_x86_64-7.3.2-20220804-6354275  User: oesteban  Machine: dna076  Platform: Linux  PlatformVersion: 5.14.0-427.37.1.el9_4.x86_64  CompilerName: GCC  CompilerVersion: 8.4.0
ProgramName: mri_stats2seg  ProgramArguments: mri_stats2seg -all-info  ProgramVersion: 7.3.2  TimeStamp: 2026/03/14-09:28:15-GMT  BuildTime: Aug  4 2022 06:17:15  BuildStamp: freesurfer-linux-ubuntu22_x86_64-7.3.2-20220804-6354275  User: oesteban  Machine: dna076  Platform: Linux  PlatformVersion: 5.14.0-427.37.1.el9_4.x86_64  CompilerName: GCC  CompilerVersion: 8.4.0
ProgramName: mris_thickness  ProgramArguments: mris_thickness -all-info  ProgramVersion: 7.3.2  TimeStamp: 2026/03/14-09:28:15-GMT  BuildTime: Aug  4 2022 06:17:15  BuildStamp: freesurfer-linux-ubuntu22_x86_64-7.3.2-20220804-6354275  User: oesteban  Machine: dna076  Platform: Linux  PlatformVersion: 5.14.0-427.37.1.el9_4.x86_64  CompilerName: GCC  CompilerVersion: 8.4.0
ProgramName: mris_thickness_diff  ProgramArguments: mris_thickness_diff -all-info  ProgramVersion: 7.3.2  TimeStamp: 2026/03/14-09:28:15-GMT  BuildTime: Aug  4 2022 06:17:15  BuildStamp: freesurfer-linux-ubuntu22_x86_64-7.3.2-20220804-6354275  User: oesteban  Machine: dna076  Platform: Linux  PlatformVersion: 5.14.0-427.37.1.el9_4.x86_64  CompilerName: GCC  CompilerVersion: 8.4.0
ProgramName: mris_topo_fixer  ProgramArguments: mris_topo_fixer -all-info  ProgramVersion: 7.3.2  TimeStamp: 2026/03/14-09:28:15-GMT  BuildTime: Aug  4 2022 06:17:15  BuildStamp: freesurfer-linux-ubuntu22_x86_64-7.3.2-20220804-6354275  User: oesteban  Machine: dna076  Platform: Linux  PlatformVersion: 5.14.0-427.37.1.el9_4.x86_64  CompilerName: GCC  CompilerVersion: 8.4.0
ProgramName: mri_surf2surf  ProgramArguments: mri_surf2surf -all-info  ProgramVersion: 7.3.2  TimeStamp: 2026/03/14-09:28:15-GMT  BuildTime: Aug  4 2022 06:17:15  BuildStamp: freesurfer-linux-ubuntu22_x86_64-7.3.2-20220804-6354275  User: oesteban  Machine: dna076  Platform: Linux  PlatformVersion: 5.14.0-427.37.1.el9_4.x86_64  CompilerName: GCC  CompilerVersion: 8.4.0
ProgramName: mri_surf2vol  ProgramArguments: mri_surf2vol -all-info  ProgramVersion: 7.3.2  TimeStamp: 2026/03/14-09:28:15-GMT  BuildTime: Aug  4 2022 06:17:15  BuildStamp: freesurfer-linux-ubuntu22_x86_64-7.3.2-20220804-6354275  User: oesteban  Machine: dna076  Platform: Linux  PlatformVersion: 5.14.0-427.37.1.el9_4.x86_64  CompilerName: GCC  CompilerVersion: 8.4.0
ProgramName: mri_surfcluster  ProgramArguments: mri_surfcluster -all-info  ProgramVersion: 7.3.2  TimeStamp: 2026/03/14-09:28:15-GMT  BuildTime: Aug  4 2022 06:17:15  BuildStamp: freesurfer-linux-ubuntu22_x86_64-7.3.2-20220804-6354275  User: oesteban  Machine: dna076  Platform: Linux  PlatformVersion: 5.14.0-427.37.1.el9_4.x86_64  CompilerName: GCC  CompilerVersion: 8.4.0
ProgramName: mris_volmask  ProgramArguments: mris_volmask -all-info  ProgramVersion: 7.3.2  TimeStamp: 2026/03/14-09:28:15-GMT  BuildTime: Aug  4 2022 06:17:15  BuildStamp: freesurfer-linux-ubuntu22_x86_64-7.3.2-20220804-6354275  User: oesteban  Machine: dna076  Platform: Linux  PlatformVersion: 5.14.0-427.37.1.el9_4.x86_64  CompilerName: GCC  CompilerVersion: 8.4.0
ProgramName: mri_tessellate  ProgramArguments: mri_tessellate -all-info  ProgramVersion: 7.3.2  TimeStamp: 2026/03/14-09:28:15-GMT  BuildTime: Aug  4 2022 06:17:15  BuildStamp: freesurfer-linux-ubuntu22_x86_64-7.3.2-20220804-6354275  User: oesteban  Machine: dna076  Platform: Linux  PlatformVersion: 5.14.0-427.37.1.el9_4.x86_64  CompilerName: GCC  CompilerVersion: 8.4.0
ProgramName: mri_vol2surf  ProgramArguments: mri_vol2surf -all-info  ProgramVersion: 7.3.2  TimeStamp: 2026/03/14-09:28:16-GMT  BuildTime: Aug  4 2022 06:17:15  BuildStamp: freesurfer-linux-ubuntu22_x86_64-7.3.2-20220804-6354275  User: oesteban  Machine: dna076  Platform: Linux  PlatformVersion: 5.14.0-427.37.1.el9_4.x86_64  CompilerName: GCC  CompilerVersion: 8.4.0
ProgramName: mri_vol2vol  ProgramArguments: mri_vol2vol -all-info  ProgramVersion: 7.3.2  TimeStamp: 2026/03/14-09:28:16-GMT  BuildTime: Aug  4 2022 06:17:15  BuildStamp: freesurfer-linux-ubuntu22_x86_64-7.3.2-20220804-6354275  User: oesteban  Machine: dna076  Platform: Linux  PlatformVersion: 5.14.0-427.37.1.el9_4.x86_64  CompilerName: GCC  CompilerVersion: 8.4.0
ProgramName: mri_voldiff  ProgramArguments: mri_voldiff -all-info  ProgramVersion: 7.3.2  TimeStamp: 2026/03/14-09:28:16-GMT  BuildTime: Aug  4 2022 06:17:15  BuildStamp: freesurfer-linux-ubuntu22_x86_64-7.3.2-20220804-6354275  User: oesteban  Machine: dna076  Platform: Linux  PlatformVersion: 5.14.0-427.37.1.el9_4.x86_64  CompilerName: GCC  CompilerVersion: 8.4.0
ProgramName: mri_watershed  ProgramArguments: mri_watershed -all-info  ProgramVersion: 7.3.2  TimeStamp: 2026/03/14-09:28:16-GMT  BuildTime: Aug  4 2022 06:17:15  BuildStamp: freesurfer-linux-ubuntu22_x86_64-7.3.2-20220804-6354275  User: oesteban  Machine: dna076  Platform: Linux  PlatformVersion: 5.14.0-427.37.1.el9_4.x86_64  CompilerName: GCC  CompilerVersion: 8.4.0
ProgramName: tkregister2  ProgramArguments: tkregister2_cmdl -all-info  ProgramVersion: 7.3.2  TimeStamp: 2026/03/14-09:28:16-GMT  BuildTime: Aug  4 2022 06:17:15  BuildStamp: freesurfer-linux-ubuntu22_x86_64-7.3.2-20220804-6354275  User: oesteban  Machine: dna076  Platform: Linux  PlatformVersion: 5.14.0-427.37.1.el9_4.x86_64  CompilerName: GCC  CompilerVersion: 8.4.0
mri_motion_correct.fsl 7.3.2
mri_convert -all-info 
ProgramName: mri_convert  ProgramArguments: mri_convert -all-info  ProgramVersion: 7.3.2  TimeStamp: 2026/03/14-09:28:16-GMT  BuildTime: Aug  4 2022 06:17:15  BuildStamp: freesurfer-linux-ubuntu22_x86_64-7.3.2-20220804-6354275  User: oesteban  Machine: dna076  Platform: Linux  PlatformVersion: 5.14.0-427.37.1.el9_4.x86_64  CompilerName: GCC  CompilerVersion: 8.4.0
Program nu_correct, built from:
Package MNI N3, version 1.12.0, compiled by nicks@terrier (x86_64-unknown-linux-gnu) on 2015-06-19 at 01:25:34
#######################################
GCADIR /opt/freesurfer/average
GCA RB_all_2020-01-02.gca
GCASkull RB_all_withskull_2020_01_02.gca
AvgCurvTif folding.atlas.acfb40.noaparc.i12.2016-08-02.tif
GCSDIR /opt/freesurfer/average
GCS DKaparc.atlas.acfb40.noaparc.i12.2016-08-02.gcs
#######################################
/out/sourcedata/freesurfer/sub-v2s9x29165_ses-1

 mri_convert /work/fmriprep_25_2_wf/sub_v2s9x29165_ses_1_wf/anat_fit_wf/anat_validate/sub-v2s9x29165_ses-1_run-1_T1w_noise_corrected_ras_valid.nii.gz /out/sourcedata/freesurfer/sub-v2s9x29165_ses-1/mri/orig/001.mgz 

mri_convert /work/fmriprep_25_2_wf/sub_v2s9x29165_ses_1_wf/anat_fit_wf/anat_validate/sub-v2s9x29165_ses-1_run-1_T1w_noise_corrected_ras_valid.nii.gz /out/sourcedata/freesurfer/sub-v2s9x29165_ses-1/mri/orig/001.mgz 
reading from /work/fmriprep_25_2_wf/sub_v2s9x29165_ses_1_wf/anat_fit_wf/anat_validate/sub-v2s9x29165_ses-1_run-1_T1w_noise_corrected_ras_valid.nii.gz...
TR=0.00, TE=0.00, TI=0.00, flip angle=0.00
i_ras = (1, 0, 0)
j_ras = (0, 1, 0)
k_ras = (0, 0, 1)
writing to /out/sourcedata/freesurfer/sub-v2s9x29165_ses-1/mri/orig/001.mgz...
#--------------------------------------------
#@# MotionCor Sat Mar 14 10:28:17 CET 2026
Found 1 runs
/out/sourcedata/freesurfer/sub-v2s9x29165_ses-1/mri/orig/001.mgz
Checking for (invalid) multi-frame inputs...
Only one run found so motion
correction will not be performed. I'll
copy the run to rawavg and continue.

 cp /out/sourcedata/freesurfer/sub-v2s9x29165_ses-1/mri/orig/001.mgz /out/sourcedata/freesurfer/sub-v2s9x29165_ses-1/mri/rawavg.mgz 


 mri_info /out/sourcedata/freesurfer/sub-v2s9x29165_ses-1/mri/rawavg.mgz 

rawavg.mgz ========================================
Volume information for /out/sourcedata/freesurfer/sub-v2s9x29165_ses-1/mri/rawavg.mgz
          type: MGH
    dimensions: 128 x 256 x 256
   voxel sizes: 1.330002, 1.000000, 1.000000
          type: FLOAT (3)
           fov: 256.000
           dof: 1
        xstart: -85.1, xend: 85.1
        ystart: -128.0, yend: 128.0
        zstart: -128.0, zend: 128.0
            TR: 0.00 msec, TE: 0.00 msec, TI: 0.00 msec, flip angle: 0.00 degrees
       nframes: 1
       PhEncDir: UNKNOWN
       FieldStrength: 0.000000
ras xform present
    xform info: x_r =   1.0000, y_r =   0.0000, z_r =   0.0000, c_r =     0.6651
              : x_a =   0.0000, y_a =   1.0000, z_a =   0.0000, c_a =     1.0000
              : x_s =   0.0000, y_s =   0.0000, z_s =   1.0000, c_s =     1.0000

talairach xfm : 
Orientation   : RAS
Primary Slice Direction: axial

voxel to ras transform:
                1.3300   0.0000   0.0000   -84.4550
                0.0000   1.0000   0.0000  -127.0000
                0.0000   0.0000   1.0000  -127.0000
                0.0000   0.0000   0.0000     1.0000

voxel-to-ras determinant 1.33

ras to voxel transform:
                0.7519   0.0000   0.0000    63.4999
                0.0000   1.0000   0.0000   127.0000
                0.0000   0.0000   1.0000   127.0000
                0.0000   0.0000   0.0000     1.0000
/out/sourcedata/freesurfer/sub-v2s9x29165_ses-1

 mri_convert /out/sourcedata/freesurfer/sub-v2s9x29165_ses-1/mri/rawavg.mgz /out/sourcedata/freesurfer/sub-v2s9x29165_ses-1/mri/orig.mgz --conform 

mri_convert /out/sourcedata/freesurfer/sub-v2s9x29165_ses-1/mri/rawavg.mgz /out/sourcedata/freesurfer/sub-v2s9x29165_ses-1/mri/orig.mgz --conform 
reading from /out/sourcedata/freesurfer/sub-v2s9x29165_ses-1/mri/rawavg.mgz...
TR=0.00, TE=0.00, TI=0.00, flip angle=0.00
i_ras = (1, 0, 0)
j_ras = (0, 1, 0)
k_ras = (0, 0, 1)
changing data type from float to uchar (noscale = 0)...
MRIchangeType: Building histogram 0 616.259 1000, flo=0, fhi=0.999, dest_type=0
Reslicing using trilinear interpolation 
writing to /out/sourcedata/freesurfer/sub-v2s9x29165_ses-1/mri/orig.mgz...

 mri_add_xform_to_header -c /out/sourcedata/freesurfer/sub-v2s9x29165_ses-1/mri/transforms/talairach.xfm /out/sourcedata/freesurfer/sub-v2s9x29165_ses-1/mri/orig.mgz /out/sourcedata/freesurfer/sub-v2s9x29165_ses-1/mri/orig.mgz 

INFO: extension is mgz

 mri_info /out/sourcedata/freesurfer/sub-v2s9x29165_ses-1/mri/orig.mgz 

orig.mgz ========================================
Volume information for /out/sourcedata/freesurfer/sub-v2s9x29165_ses-1/mri/orig.mgz
          type: MGH
    dimensions: 256 x 256 x 256
   voxel sizes: 1.000000, 1.000000, 1.000000
          type: UCHAR (0)
           fov: 256.000
           dof: 1
        xstart: -128.0, xend: 128.0
        ystart: -128.0, yend: 128.0
        zstart: -128.0, zend: 128.0
            TR: 0.00 msec, TE: 0.00 msec, TI: 0.00 msec, flip angle: 0.00 degrees
       nframes: 1
       PhEncDir: UNKNOWN
       FieldStrength: 0.000000
ras xform present
    xform info: x_r =  -1.0000, y_r =   0.0000, z_r =   0.0000, c_r =     0.6651
              : x_a =   0.0000, y_a =   0.0000, z_a =   1.0000, c_a =     1.0000
              : x_s =   0.0000, y_s =  -1.0000, z_s =   0.0000, c_s =     1.0000

talairach xfm : /out/sourcedata/freesurfer/sub-v2s9x29165_ses-1/mri/transforms/talairach.xfm
Orientation   : LIA
Primary Slice Direction: coronal

voxel to ras transform:
               -1.0000   0.0000   0.0000   128.6651
                0.0000   0.0000   1.0000  -127.0000
                0.0000  -1.0000   0.0000   129.0000
                0.0000   0.0000   0.0000     1.0000

voxel-to-ras determinant -1

ras to voxel transform:
               -1.0000  -0.0000  -0.0000   128.6651
               -0.0000  -0.0000  -1.0000   129.0000
               -0.0000   1.0000  -0.0000   127.0000
               -0.0000  -0.0000  -0.0000     1.0000
#--------------------------------------------
#@# Talairach Sat Mar 14 10:28:23 CET 2026
/out/sourcedata/freesurfer/sub-v2s9x29165_ses-1/mri

 mri_nu_correct.mni --no-rescale --i orig.mgz --o orig_nu.mgz --ants-n4 --n 1 --proto-iters 1000 --distance 50 

/usr/bin/bc
/out/sourcedata/freesurfer/sub-v2s9x29165_ses-1/mri
/opt/freesurfer/bin/mri_nu_correct.mni
--no-rescale --i orig.mgz --o orig_nu.mgz --ants-n4 --n 1 --proto-iters 1000 --distance 50
nIters 1
mri_nu_correct.mni 7.3.2
Linux dna076 5.14.0-427.37.1.el9_4.x86_64 #1 SMP PREEMPT_DYNAMIC Fri Sep 13 12:41:50 EDT 2024 x86_64 x86_64 x86_64 GNU/Linux
Sat Mar 14 10:28:23 CET 2026
tmpdir is ./tmp.mri_nu_correct.mni.1243030
cd /out/sourcedata/freesurfer/sub-v2s9x29165_ses-1/mri
AntsN4BiasFieldCorrectionFs -i orig.mgz -o ./tmp.mri_nu_correct.mni.1243030/nu0.mgz --dtype uchar
AntsN4BiasFieldCorrectionFs done
mri_convert ./tmp.mri_nu_correct.mni.1243030/nu0.mgz orig_nu.mgz --like orig.mgz --conform
mri_convert ./tmp.mri_nu_correct.mni.1243030/nu0.mgz orig_nu.mgz --like orig.mgz --conform 
reading from ./tmp.mri_nu_correct.mni.1243030/nu0.mgz...
TR=0.00, TE=0.00, TI=0.00, flip angle=0.00
i_ras = (-1, 0, 0)
j_ras = (0, 0, -1)
k_ras = (0, 1, 0)
INFO: transform src into the like-volume: orig.mgz
writing to orig_nu.mgz...
 
 
Sat Mar 14 10:30:56 CET 2026
mri_nu_correct.mni done

 talairach_avi --i orig_nu.mgz --xfm transforms/talairach.auto.xfm 

talairach_avi log file is transforms/talairach_avi.log...
mv -f /out/sourcedata/freesurfer/sub-v2s9x29165_ses-1/mri/talsrcimg_to_711-2C_as_mni_average_305_t4_vox2vox.txt /out/sourcedata/freesurfer/sub-v2s9x29165_ses-1/mri/transforms/talsrcimg_to_711-2C_as_mni_average_305_t4_vox2vox.txt
Started at Sat Mar 14 10:30:56 CET 2026
Ended   at Sat Mar 14 10:31:10 CET 2026
talairach_avi done

 cp transforms/talairach.auto.xfm transforms/talairach.xfm 

lta_convert --src orig.mgz --trg /opt/freesurfer/average/mni305.cor.mgz --inxfm transforms/talairach.xfm --outlta transforms/talairach.xfm.lta --subject fsaverage --ltavox2vox
7.3.2

--src: orig.mgz src image (geometry).
--trg: /opt/freesurfer/average/mni305.cor.mgz trg image (geometry).
--inmni: transforms/talairach.xfm input MNI/XFM transform.
--outlta: transforms/talairach.xfm.lta output LTA.
--s: fsaverage subject name
--ltavox2vox: output LTA as VOX_TO_VOX transform.
 LTA read, type : 1
 1.13114   0.07966  -0.07239   2.61024;
-0.07735   1.01217   0.36239   0.35098;
 0.06728  -0.23276   1.17149   24.67273;
 0.00000   0.00000   0.00000   1.00000;
setting subject to fsaverage
Writing  LTA to file transforms/talairach.xfm.lta...
lta_convert successful.
#--------------------------------------------
#@# Talairach Failure Detection Sat Mar 14 10:31:12 CET 2026
/out/sourcedata/freesurfer/sub-v2s9x29165_ses-1/mri

 talairach_afd -T 0.005 -xfm transforms/talairach.xfm 

talairach_afd: Talairach Transform: transforms/talairach.xfm OK (p=0.7365, pval=0.6675 >= threshold=0.0050)

 awk -f /opt/freesurfer/bin/extract_talairach_avi_QA.awk /out/sourcedata/freesurfer/sub-v2s9x29165_ses-1/mri/transforms/talairach_avi.log 


 tal_QC_AZS /out/sourcedata/freesurfer/sub-v2s9x29165_ses-1/mri/transforms/talairach_avi.log 

TalAviQA: 0.97357
z-score: -1
#--------------------------------------------
#@# Nu Intensity Correction Sat Mar 14 10:31:13 CET 2026

 mri_nu_correct.mni --i orig.mgz --o nu.mgz --uchar transforms/talairach.xfm --n 2 --ants-n4 

/usr/bin/bc
/out/sourcedata/freesurfer/sub-v2s9x29165_ses-1/mri
/opt/freesurfer/bin/mri_nu_correct.mni
--i orig.mgz --o nu.mgz --uchar transforms/talairach.xfm --n 2 --ants-n4
nIters 2
mri_nu_correct.mni 7.3.2
Linux dna076 5.14.0-427.37.1.el9_4.x86_64 #1 SMP PREEMPT_DYNAMIC Fri Sep 13 12:41:50 EDT 2024 x86_64 x86_64 x86_64 GNU/Linux
Sat Mar 14 10:31:13 CET 2026
tmpdir is ./tmp.mri_nu_correct.mni.1243651
cd /out/sourcedata/freesurfer/sub-v2s9x29165_ses-1/mri
AntsN4BiasFieldCorrectionFs -i orig.mgz -o ./tmp.mri_nu_correct.mni.1243651/nu0.mgz --dtype uchar
AntsN4BiasFieldCorrectionFs done
mri_binarize --i ./tmp.mri_nu_correct.mni.1243651/nu0.mgz --min -1 --o ./tmp.mri_nu_correct.mni.1243651/ones.mgz

7.3.2
cwd /out/sourcedata/freesurfer/sub-v2s9x29165_ses-1/mri
cmdline mri_binarize --i ./tmp.mri_nu_correct.mni.1243651/nu0.mgz --min -1 --o ./tmp.mri_nu_correct.mni.1243651/ones.mgz 
sysname  Linux
hostname dna076
machine  x86_64
user     oesteban

input      ./tmp.mri_nu_correct.mni.1243651/nu0.mgz
frame      0
nErode3d   0
nErode2d   0
output     ./tmp.mri_nu_correct.mni.1243651/ones.mgz
Binarizing based on threshold
min        -1
max        +infinity
binval        1
binvalnot     0
fstart = 0, fend = 0, nframes = 1
Starting parallel 1
Found 16777216 values in range
Counting number of voxels in first frame
Found 16777215 voxels in final mask
Writing output to ./tmp.mri_nu_correct.mni.1243651/ones.mgz
Count: 16777215 16777215.000000 16777216 99.999994
mri_binarize done
mri_segstats --id 1 --seg ./tmp.mri_nu_correct.mni.1243651/ones.mgz --i orig.mgz --sum ./tmp.mri_nu_correct.mni.1243651/sum.junk --avgwf ./tmp.mri_nu_correct.mni.1243651/input.mean.dat

7.3.2
cwd 
cmdline mri_segstats --id 1 --seg ./tmp.mri_nu_correct.mni.1243651/ones.mgz --i orig.mgz --sum ./tmp.mri_nu_correct.mni.1243651/sum.junk --avgwf ./tmp.mri_nu_correct.mni.1243651/input.mean.dat 
sysname  Linux
hostname dna076
machine  x86_64
user     oesteban
whitesurfname  white
UseRobust  0
Loading ./tmp.mri_nu_correct.mni.1243651/ones.mgz
Loading orig.mgz
Voxel Volume is 1 mm^3
Generating list of segmentation ids
Found   1 segmentations
Computing statistics for each segmentation

Reporting on   1 segmentations
Using PrintSegStat
Computing spatial average of each frame

Writing to ./tmp.mri_nu_correct.mni.1243651/input.mean.dat
mri_segstats done
mri_segstats --id 1 --seg ./tmp.mri_nu_correct.mni.1243651/ones.mgz --i ./tmp.mri_nu_correct.mni.1243651/nu0.mgz --sum ./tmp.mri_nu_correct.mni.1243651/sum.junk --avgwf ./tmp.mri_nu_correct.mni.1243651/output.mean.dat

7.3.2
cwd 
cmdline mri_segstats --id 1 --seg ./tmp.mri_nu_correct.mni.1243651/ones.mgz --i ./tmp.mri_nu_correct.mni.1243651/nu0.mgz --sum ./tmp.mri_nu_correct.mni.1243651/sum.junk --avgwf ./tmp.mri_nu_correct.mni.1243651/output.mean.dat 
sysname  Linux
hostname dna076
machine  x86_64
user     oesteban
whitesurfname  white
UseRobust  0
Loading ./tmp.mri_nu_correct.mni.1243651/ones.mgz
Loading ./tmp.mri_nu_correct.mni.1243651/nu0.mgz
Voxel Volume is 1 mm^3
Generating list of segmentation ids
Found   1 segmentations
Computing statistics for each segmentation

Reporting on   1 segmentations
Using PrintSegStat
Computing spatial average of each frame

Writing to ./tmp.mri_nu_correct.mni.1243651/output.mean.dat
mri_segstats done
mris_calc -o ./tmp.mri_nu_correct.mni.1243651/nu0.mgz ./tmp.mri_nu_correct.mni.1243651/nu0.mgz mul 1.34682924301889445860
Saving result to './tmp.mri_nu_correct.mni.1243651/nu0.mgz' (type = MGH )                       [ ok ]
mri_convert ./tmp.mri_nu_correct.mni.1243651/nu0.mgz nu.mgz --like orig.mgz
mri_convert ./tmp.mri_nu_correct.mni.1243651/nu0.mgz nu.mgz --like orig.mgz 
reading from ./tmp.mri_nu_correct.mni.1243651/nu0.mgz...
TR=0.00, TE=0.00, TI=0.00, flip angle=0.00
i_ras = (-1, 0, 0)
j_ras = (0, 0, -1)
k_ras = (0, 1, 0)
INFO: transform src into the like-volume: orig.mgz
writing to nu.mgz...
mri_make_uchar nu.mgz transforms/talairach.xfm nu.mgz
type change took 0 minutes and 3 seconds.
FIRST_PERCENTILE 0.010000
WM_PERCENTILE    0.900000
MAX_R 50.000000
i1 = 6, i2 = 66
#mri_make_uchar# mapping 15 170 to  3 110  :  b -8.195 m 0.695265 : thresh 11.7869 maxsat 378.554 : nzero 14238717 nsat 0
 
 
Sat Mar 14 10:33:57 CET 2026
mri_nu_correct.mni done

 mri_add_xform_to_header -c /out/sourcedata/freesurfer/sub-v2s9x29165_ses-1/mri/transforms/talairach.xfm nu.mgz nu.mgz 

INFO: extension is mgz
#--------------------------------------------
#@# Intensity Normalization Sat Mar 14 10:33:57 CET 2026
/out/sourcedata/freesurfer/sub-v2s9x29165_ses-1/mri

 mri_normalize -g 1 -seed 1234 -mprage nu.mgz T1.mgz 

using max gradient = 1.000
setting seed for random number genererator to 1234
assuming input volume is MGH (Van der Kouwe) MP-RAGE
reading mri_src from nu.mgz...
normalizing image...
NOT doing gentle normalization with control points/label
talairach transform
 1.13114   0.07966  -0.07239   2.61024;
-0.07735   1.01217   0.36239   0.35098;
 0.06728  -0.23276   1.17149   24.67273;
 0.00000   0.00000   0.00000   1.00000;
processing without aseg, no1d=0
MRInormInit(): 
INFO: Modifying talairach volume c_(r,a,s) based on average_305
MRInormalize(): 
MRIsplineNormalize(): npeaks = 11
Starting OpenSpline(): npoints = 11
building Voronoi diagram...
performing soap bubble smoothing, sigma = 8...

Iterating 2 times
---------------------------------
3d normalization pass 1 of 2
white matter peak found at 110
white matter peak found at 109
gm peak at 55 (55), valley at 34 (34)
csf peak at 27, setting threshold to 45
building Voronoi diagram...
performing soap bubble smoothing, sigma = 8...
---------------------------------
3d normalization pass 2 of 2
white matter peak found at 110
white matter peak found at 110
gm peak at 57 (57), valley at 34 (34)
csf peak at 11, setting threshold to 41
building Voronoi diagram...
performing soap bubble smoothing, sigma = 8...
Done iterating ---------------------------------
writing output to T1.mgz
3D bias adjustment took 0 minutes and 58 seconds.

Started at Sat Mar 14 10:28:15 CET 2026 
Ended   at Sat Mar 14 10:34:55 CET 2026
#@#%# recon-all-run-time-hours 0.111
recon-all -s sub-v2s9x29165_ses-1 finished without error at Sat Mar 14 10:34:55 CET 2026



#New# invocation of recon-all 




Sat Mar 14 10:41:04 CET 2026
cd /out/sourcedata/freesurfer/sub-v2s9x29165_ses-1
setenv SUBJECTS_DIR /out/sourcedata/freesurfer
/opt/freesurfer/bin/recon-all -openmp 16 -subjid sub-v2s9x29165_ses-1 -sd /out/sourcedata/freesurfer -gcareg

subjid sub-v2s9x29165_ses-1
setenv SUBJECTS_DIR /out/sourcedata/freesurfer
FREESURFER_HOME /opt/freesurfer
Actual FREESURFER_HOME /opt/freesurfer
build-stamp.txt: freesurfer-linux-ubuntu22_x86_64-7.3.2-20220804-6354275
Linux dna076 5.14.0-427.37.1.el9_4.x86_64 #1 SMP PREEMPT_DYNAMIC Fri Sep 13 12:41:50 EDT 2024 x86_64 x86_64 x86_64 GNU/Linux
cputime      unlimited
filesize     unlimited
datasize     unlimited
stacksize    8192 kbytes
coredumpsize 0 kbytes
memoryuse    67108864 kbytes
vmemoryuse   unlimited
descriptors  1024 
memorylocked unlimited
maxproc      2061970 
maxlocks     unlimited
maxsignal    2062029 
maxmessage   819200 
maxnice      0 
maxrtprio    0 
maxrttime    unlimited

               total        used        free      shared  buff/cache   available
Mem:           503Gi        45Gi        41Gi       9.2Gi       416Gi       444Gi
Swap:             0B          0B          0B

########################################
program versions used
7.3.2 (freesurfer-linux-ubuntu22_x86_64-7.3.2-20220804-6354275)
7.3.2

ProgramName: lta_convert  ProgramArguments: lta_convert -all-info  ProgramVersion: 7.3.2  TimeStamp: 2026/03/14-09:41:04-GMT  BuildTime: Aug  4 2022 06:17:15  BuildStamp: freesurfer-linux-ubuntu22_x86_64-7.3.2-20220804-6354275  User: oesteban  Machine: dna076  Platform: Linux  PlatformVersion: 5.14.0-427.37.1.el9_4.x86_64  CompilerName: GCC  CompilerVersion: 8.4.0
ProgramName: mri_and  ProgramArguments: mri_and -all-info  ProgramVersion: 7.3.2  TimeStamp: 2026/03/14-09:41:04-GMT  BuildTime: Aug  4 2022 06:17:15  BuildStamp: freesurfer-linux-ubuntu22_x86_64-7.3.2-20220804-6354275  User: oesteban  Machine: dna076  Platform: Linux  PlatformVersion: 5.14.0-427.37.1.el9_4.x86_64  CompilerName: GCC  CompilerVersion: 8.4.0
ProgramName: mri_annotation2label  ProgramArguments: mri_annotation2label -all-info  ProgramVersion: 7.3.2  TimeStamp: 2026/03/14-09:41:04-GMT  BuildTime: Aug  4 2022 06:17:15  BuildStamp: freesurfer-linux-ubuntu22_x86_64-7.3.2-20220804-6354275  User: oesteban  Machine: dna076  Platform: Linux  PlatformVersion: 5.14.0-427.37.1.el9_4.x86_64  CompilerName: GCC  CompilerVersion: 8.4.0
ProgramName: mri_aparc2aseg  ProgramArguments: mri_aparc2aseg -all-info  ProgramVersion: 7.3.2  TimeStamp: 2026/03/14-09:41:04-GMT  BuildTime: Aug  4 2022 06:17:15  BuildStamp: freesurfer-linux-ubuntu22_x86_64-7.3.2-20220804-6354275  User: oesteban  Machine: dna076  Platform: Linux  PlatformVersion: 5.14.0-427.37.1.el9_4.x86_64  CompilerName: GCC  CompilerVersion: 8.4.0
ProgramName: mri_surf2volseg  ProgramArguments: mri_surf2volseg -all-info  ProgramVersion: 7.3.2  TimeStamp: 2026/03/14-09:41:04-GMT  BuildTime: Aug  4 2022 06:17:15  BuildStamp: freesurfer-linux-ubuntu22_x86_64-7.3.2-20220804-6354275  User: oesteban  Machine: dna076  Platform: Linux  PlatformVersion: 5.14.0-427.37.1.el9_4.x86_64  CompilerName: GCC  CompilerVersion: 8.4.0
ProgramName: mri_binarize  ProgramArguments: mri_binarize -all-info  ProgramVersion: 7.3.2  TimeStamp: 2026/03/14-09:41:04-GMT  BuildTime: Aug  4 2022 06:17:15  BuildStamp: freesurfer-linux-ubuntu22_x86_64-7.3.2-20220804-6354275  User: oesteban  Machine: dna076  Platform: Linux  PlatformVersion: 5.14.0-427.37.1.el9_4.x86_64  CompilerName: GCC  CompilerVersion: 8.4.0
ProgramName: mri_ca_label  ProgramArguments: mri_ca_label -all-info  ProgramVersion: 7.3.2  TimeStamp: 2026/03/14-09:41:04-GMT  BuildTime: Aug  4 2022 06:17:15  BuildStamp: freesurfer-linux-ubuntu22_x86_64-7.3.2-20220804-6354275  User: oesteban  Machine: dna076  Platform: Linux  PlatformVersion: 5.14.0-427.37.1.el9_4.x86_64  CompilerName: GCC  CompilerVersion: 8.4.0
ProgramName: mri_ca_normalize  ProgramArguments: mri_ca_normalize -all-info  ProgramVersion: 7.3.2  TimeStamp: 2026/03/14-09:41:04-GMT  BuildTime: Aug  4 2022 06:17:15  BuildStamp: freesurfer-linux-ubuntu22_x86_64-7.3.2-20220804-6354275  User: oesteban  Machine: dna076  Platform: Linux  PlatformVersion: 5.14.0-427.37.1.el9_4.x86_64  CompilerName: GCC  CompilerVersion: 8.4.0
ProgramName: mri_ca_register  ProgramArguments: mri_ca_register -all-info  ProgramVersion: 7.3.2  TimeStamp: 2026/03/14-09:41:04-GMT  BuildTime: Aug  4 2022 06:17:15  BuildStamp: freesurfer-linux-ubuntu22_x86_64-7.3.2-20220804-6354275  User: oesteban  Machine: dna076  Platform: Linux  PlatformVersion: 5.14.0-427.37.1.el9_4.x86_64  CompilerName: GCC  CompilerVersion: 8.4.0
ProgramName: mri_cc  ProgramArguments: mri_cc -all-info  ProgramVersion: 7.3.2  TimeStamp: 2026/03/14-09:41:04-GMT  BuildTime: Aug  4 2022 06:17:15  BuildStamp: freesurfer-linux-ubuntu22_x86_64-7.3.2-20220804-6354275  User: oesteban  Machine: dna076  Platform: Linux  PlatformVersion: 5.14.0-427.37.1.el9_4.x86_64  CompilerName: GCC  CompilerVersion: 8.4.0
ProgramName: mri_compute_overlap  ProgramArguments: mri_compute_overlap -all-info  ProgramVersion: 7.3.2  TimeStamp: 2026/03/14-09:41:04-GMT  BuildTime: Aug  4 2022 06:17:15  BuildStamp: freesurfer-linux-ubuntu22_x86_64-7.3.2-20220804-6354275  User: oesteban  Machine: dna076  Platform: Linux  PlatformVersion: 5.14.0-427.37.1.el9_4.x86_64  CompilerName: GCC  CompilerVersion: 8.4.0
ProgramName: mri_compute_seg_overlap  ProgramArguments: mri_compute_seg_overlap -all-info  ProgramVersion: 7.3.2  TimeStamp: 2026/03/14-09:41:04-GMT  BuildTime: Aug  4 2022 06:17:15  BuildStamp: freesurfer-linux-ubuntu22_x86_64-7.3.2-20220804-6354275  User: oesteban  Machine: dna076  Platform: Linux  PlatformVersion: 5.14.0-427.37.1.el9_4.x86_64  CompilerName: GCC  CompilerVersion: 8.4.0
ProgramName: mri_concat  ProgramArguments: mri_concat -all-info  ProgramVersion: 7.3.2  TimeStamp: 2026/03/14-09:41:04-GMT  BuildTime: Aug  4 2022 06:17:15  BuildStamp: freesurfer-linux-ubuntu22_x86_64-7.3.2-20220804-6354275  User: oesteban  Machine: dna076  Platform: Linux  PlatformVersion: 5.14.0-427.37.1.el9_4.x86_64  CompilerName: GCC  CompilerVersion: 8.4.0
ProgramName: mri_concatenate_lta  ProgramArguments: mri_concatenate_lta -all-info  ProgramVersion: 7.3.2  TimeStamp: 2026/03/14-09:41:04-GMT  BuildTime: Aug  4 2022 06:17:15  BuildStamp: freesurfer-linux-ubuntu22_x86_64-7.3.2-20220804-6354275  User: oesteban  Machine: dna076  Platform: Linux  PlatformVersion: 5.14.0-427.37.1.el9_4.x86_64  CompilerName: GCC  CompilerVersion: 8.4.0
mri_convert -all-info 
ProgramName: mri_convert  ProgramArguments: mri_convert -all-info  ProgramVersion: 7.3.2  TimeStamp: 2026/03/14-09:41:04-GMT  BuildTime: Aug  4 2022 06:17:15  BuildStamp: freesurfer-linux-ubuntu22_x86_64-7.3.2-20220804-6354275  User: oesteban  Machine: dna076  Platform: Linux  PlatformVersion: 5.14.0-427.37.1.el9_4.x86_64  CompilerName: GCC  CompilerVersion: 8.4.0
ProgramName: mri_diff  ProgramArguments: mri_diff -all-info  ProgramVersion: 7.3.2  TimeStamp: 2026/03/14-09:41:04-GMT  BuildTime: Aug  4 2022 06:17:15  BuildStamp: freesurfer-linux-ubuntu22_x86_64-7.3.2-20220804-6354275  User: oesteban  Machine: dna076  Platform: Linux  PlatformVersion: 5.14.0-427.37.1.el9_4.x86_64  CompilerName: GCC  CompilerVersion: 8.4.0
ProgramName: mri_edit_wm_with_aseg  ProgramArguments: mri_edit_wm_with_aseg -all-info  ProgramVersion: 7.3.2  TimeStamp: 2026/03/14-09:41:04-GMT  BuildTime: Aug  4 2022 06:17:15  BuildStamp: freesurfer-linux-ubuntu22_x86_64-7.3.2-20220804-6354275  User: oesteban  Machine: dna076  Platform: Linux  PlatformVersion: 5.14.0-427.37.1.el9_4.x86_64  CompilerName: GCC  CompilerVersion: 8.4.0
ProgramName: mri_em_register  ProgramArguments: mri_em_register -all-info  ProgramVersion: 7.3.2  TimeStamp: 2026/03/14-09:41:04-GMT  BuildTime: Aug  4 2022 06:17:15  BuildStamp: freesurfer-linux-ubuntu22_x86_64-7.3.2-20220804-6354275  User: oesteban  Machine: dna076  Platform: Linux  PlatformVersion: 5.14.0-427.37.1.el9_4.x86_64  CompilerName: GCC  CompilerVersion: 8.4.0
ProgramName: mri_fill  ProgramArguments: mri_fill -all-info  ProgramVersion: 7.3.2  TimeStamp: 2026/03/14-09:41:04-GMT  BuildTime: Aug  4 2022 06:17:15  BuildStamp: freesurfer-linux-ubuntu22_x86_64-7.3.2-20220804-6354275  User: oesteban  Machine: dna076  Platform: Linux  PlatformVersion: 5.14.0-427.37.1.el9_4.x86_64  CompilerName: GCC  CompilerVersion: 8.4.0
ProgramName: mri_fuse_segmentations  ProgramArguments: mri_fuse_segmentations -all-info  ProgramVersion: 7.3.2  TimeStamp: 2026/03/14-09:41:04-GMT  BuildTime: Aug  4 2022 06:17:15  BuildStamp: freesurfer-linux-ubuntu22_x86_64-7.3.2-20220804-6354275  User: oesteban  Machine: dna076  Platform: Linux  PlatformVersion: 5.14.0-427.37.1.el9_4.x86_64  CompilerName: GCC  CompilerVersion: 8.4.0
ProgramName: mri_fwhm  ProgramArguments: mri_fwhm -all-info  ProgramVersion: 7.3.2  TimeStamp: 2026/03/14-09:41:04-GMT  BuildTime: Aug  4 2022 06:17:15  BuildStamp: freesurfer-linux-ubuntu22_x86_64-7.3.2-20220804-6354275  User: oesteban  Machine: dna076  Platform: Linux  PlatformVersion: 5.14.0-427.37.1.el9_4.x86_64  CompilerName: GCC  CompilerVersion: 8.4.0
ProgramName: mri_gcut  ProgramArguments: mri_gcut -all-info  ProgramVersion: 7.3.2  TimeStamp: 2026/03/14-09:41:04-GMT  BuildTime: Aug  4 2022 06:17:15  BuildStamp: freesurfer-linux-ubuntu22_x86_64-7.3.2-20220804-6354275  User: oesteban  Machine: dna076  Platform: Linux  PlatformVersion: 5.14.0-427.37.1.el9_4.x86_64  CompilerName: GCC  CompilerVersion: 8.4.0
ProgramName: mri_info  ProgramArguments: mri_info -all-info  ProgramVersion: 7.3.2  TimeStamp: 2026/03/14-09:41:04-GMT  BuildTime: Aug  4 2022 06:17:15  BuildStamp: freesurfer-linux-ubuntu22_x86_64-7.3.2-20220804-6354275  User: oesteban  Machine: dna076  Platform: Linux  PlatformVersion: 5.14.0-427.37.1.el9_4.x86_64  CompilerName: GCC  CompilerVersion: 8.4.0
ProgramName: mri_label2label  ProgramArguments: mri_label2label -all-info  ProgramVersion: 7.3.2  TimeStamp: 2026/03/14-09:41:04-GMT  BuildTime: Aug  4 2022 06:17:15  BuildStamp: freesurfer-linux-ubuntu22_x86_64-7.3.2-20220804-6354275  User: oesteban  Machine: dna076  Platform: Linux  PlatformVersion: 5.14.0-427.37.1.el9_4.x86_64  CompilerName: GCC  CompilerVersion: 8.4.0
ProgramName: mri_label2vol  ProgramArguments: mri_label2vol -all-info  ProgramVersion: 7.3.2  TimeStamp: 2026/03/14-09:41:04-GMT  BuildTime: Aug  4 2022 06:17:15  BuildStamp: freesurfer-linux-ubuntu22_x86_64-7.3.2-20220804-6354275  User: oesteban  Machine: dna076  Platform: Linux  PlatformVersion: 5.14.0-427.37.1.el9_4.x86_64  CompilerName: GCC  CompilerVersion: 8.4.0
ProgramName: mri_log_likelihood  ProgramArguments: mri_log_likelihood -all-info  ProgramVersion: 7.3.2  TimeStamp: 2026/03/14-09:41:04-GMT  BuildTime: Aug  4 2022 06:17:15  BuildStamp: freesurfer-linux-ubuntu22_x86_64-7.3.2-20220804-6354275  User: oesteban  Machine: dna076  Platform: Linux  PlatformVersion: 5.14.0-427.37.1.el9_4.x86_64  CompilerName: GCC  CompilerVersion: 8.4.0
ProgramName: mri_mask  ProgramArguments: mri_mask -all-info  ProgramVersion: 7.3.2  TimeStamp: 2026/03/14-09:41:04-GMT  BuildTime: Aug  4 2022 06:17:15  BuildStamp: freesurfer-linux-ubuntu22_x86_64-7.3.2-20220804-6354275  User: oesteban  Machine: dna076  Platform: Linux  PlatformVersion: 5.14.0-427.37.1.el9_4.x86_64  CompilerName: GCC  CompilerVersion: 8.4.0
ProgramName: mri_matrix_multiply  ProgramArguments: mri_matrix_multiply -all-info  ProgramVersion: 7.3.2  TimeStamp: 2026/03/14-09:41:04-GMT  BuildTime: Aug  4 2022 06:17:15  BuildStamp: freesurfer-linux-ubuntu22_x86_64-7.3.2-20220804-6354275  User: oesteban  Machine: dna076  Platform: Linux  PlatformVersion: 5.14.0-427.37.1.el9_4.x86_64  CompilerName: GCC  CompilerVersion: 8.4.0
ProgramName: mri_normalize  ProgramArguments: mri_normalize -all-info  ProgramVersion: 7.3.2  TimeStamp: 2026/03/14-09:41:04-GMT  BuildTime: Aug  4 2022 06:17:15  BuildStamp: freesurfer-linux-ubuntu22_x86_64-7.3.2-20220804-6354275  User: oesteban  Machine: dna076  Platform: Linux  PlatformVersion: 5.14.0-427.37.1.el9_4.x86_64  CompilerName: GCC  CompilerVersion: 8.4.0
ProgramName: mri_normalize_tp2  ProgramArguments: mri_normalize_tp2 -all-info  ProgramVersion: 7.3.2  TimeStamp: 2026/03/14-09:41:04-GMT  BuildTime: Aug  4 2022 06:17:15  BuildStamp: freesurfer-linux-ubuntu22_x86_64-7.3.2-20220804-6354275  User: oesteban  Machine: dna076  Platform: Linux  PlatformVersion: 5.14.0-427.37.1.el9_4.x86_64  CompilerName: GCC  CompilerVersion: 8.4.0
ProgramName: mri_or  ProgramArguments: mri_or -all-info  ProgramVersion: 7.3.2  TimeStamp: 2026/03/14-09:41:04-GMT  BuildTime: Aug  4 2022 06:17:15  BuildStamp: freesurfer-linux-ubuntu22_x86_64-7.3.2-20220804-6354275  User: oesteban  Machine: dna076  Platform: Linux  PlatformVersion: 5.14.0-427.37.1.el9_4.x86_64  CompilerName: GCC  CompilerVersion: 8.4.0
ProgramName: mri_relabel_hypointensities  ProgramArguments: mri_relabel_hypointensities -all-info  ProgramVersion: 7.3.2  TimeStamp: 2026/03/14-09:41:04-GMT  BuildTime: Aug  4 2022 06:17:15  BuildStamp: freesurfer-linux-ubuntu22_x86_64-7.3.2-20220804-6354275  User: oesteban  Machine: dna076  Platform: Linux  PlatformVersion: 5.14.0-427.37.1.el9_4.x86_64  CompilerName: GCC  CompilerVersion: 8.4.0
ProgramName: mri_relabel_nonwm_hypos  ProgramArguments: mri_relabel_nonwm_hypos -all-info  ProgramVersion: 7.3.2  TimeStamp: 2026/03/14-09:41:04-GMT  BuildTime: Aug  4 2022 06:17:15  BuildStamp: freesurfer-linux-ubuntu22_x86_64-7.3.2-20220804-6354275  User: oesteban  Machine: dna076  Platform: Linux  PlatformVersion: 5.14.0-427.37.1.el9_4.x86_64  CompilerName: GCC  CompilerVersion: 8.4.0
ProgramName: mri_remove_neck  ProgramArguments: mri_remove_neck -all-info  ProgramVersion: 7.3.2  TimeStamp: 2026/03/14-09:41:04-GMT  BuildTime: Aug  4 2022 06:17:15  BuildStamp: freesurfer-linux-ubuntu22_x86_64-7.3.2-20220804-6354275  User: oesteban  Machine: dna076  Platform: Linux  PlatformVersion: 5.14.0-427.37.1.el9_4.x86_64  CompilerName: GCC  CompilerVersion: 8.4.0
7.3.2

ProgramName: mri_robust_register  ProgramArguments: mri_robust_register -all-info  ProgramVersion: 7.3.2  TimeStamp: 2026/03/14-09:41:04-GMT  BuildTime: Aug  4 2022 06:17:15  BuildStamp: freesurfer-linux-ubuntu22_x86_64-7.3.2-20220804-6354275  User: oesteban  Machine: dna076  Platform: Linux  PlatformVersion: 5.14.0-427.37.1.el9_4.x86_64  CompilerName: GCC  CompilerVersion: 8.4.0
7.3.2

ProgramName: mri_robust_template  ProgramArguments: mri_robust_template -all-info  ProgramVersion: 7.3.2  TimeStamp: 2026/03/14-09:41:04-GMT  BuildTime: Aug  4 2022 06:17:15  BuildStamp: freesurfer-linux-ubuntu22_x86_64-7.3.2-20220804-6354275  User: oesteban  Machine: dna076  Platform: Linux  PlatformVersion: 5.14.0-427.37.1.el9_4.x86_64  CompilerName: GCC  CompilerVersion: 8.4.0
ProgramName: mris_anatomical_stats  ProgramArguments: mris_anatomical_stats -all-info  ProgramVersion: 7.3.2  TimeStamp: 2026/03/14-09:41:04-GMT  BuildTime: Aug  4 2022 06:17:15  BuildStamp: freesurfer-linux-ubuntu22_x86_64-7.3.2-20220804-6354275  User: oesteban  Machine: dna076  Platform: Linux  PlatformVersion: 5.14.0-427.37.1.el9_4.x86_64  CompilerName: GCC  CompilerVersion: 8.4.0
ProgramName: mris_ca_label  ProgramArguments: mris_ca_label -all-info  ProgramVersion: 7.3.2  TimeStamp: 2026/03/14-09:41:04-GMT  BuildTime: Aug  4 2022 06:17:15  BuildStamp: freesurfer-linux-ubuntu22_x86_64-7.3.2-20220804-6354275  User: oesteban  Machine: dna076  Platform: Linux  PlatformVersion: 5.14.0-427.37.1.el9_4.x86_64  CompilerName: GCC  CompilerVersion: 8.4.0
ProgramName: mris_calc  ProgramArguments: mris_calc -all-info  ProgramVersion: 7.3.2  TimeStamp: 2026/03/14-09:41:04-GMT  BuildTime: Aug  4 2022 06:17:15  BuildStamp: freesurfer-linux-ubuntu22_x86_64-7.3.2-20220804-6354275  User: oesteban  Machine: dna076  Platform: Linux  PlatformVersion: 5.14.0-427.37.1.el9_4.x86_64  CompilerName: GCC  CompilerVersion: 8.4.0
ProgramName: mris_convert  ProgramArguments: mris_convert -all-info  ProgramVersion: 7.3.2  TimeStamp: 2026/03/14-09:41:04-GMT  BuildTime: Aug  4 2022 06:17:15  BuildStamp: freesurfer-linux-ubuntu22_x86_64-7.3.2-20220804-6354275  User: oesteban  Machine: dna076  Platform: Linux  PlatformVersion: 5.14.0-427.37.1.el9_4.x86_64  CompilerName: GCC  CompilerVersion: 8.4.0
ProgramName: mris_curvature  ProgramArguments: mris_curvature -all-info  ProgramVersion: 7.3.2  TimeStamp: 2026/03/14-09:41:04-GMT  BuildTime: Aug  4 2022 06:17:15  BuildStamp: freesurfer-linux-ubuntu22_x86_64-7.3.2-20220804-6354275  User: oesteban  Machine: dna076  Platform: Linux  PlatformVersion: 5.14.0-427.37.1.el9_4.x86_64  CompilerName: GCC  CompilerVersion: 8.4.0
ProgramName: mris_curvature_stats  ProgramArguments: mris_curvature_stats -all-info  ProgramVersion: 7.3.2  TimeStamp: 2026/03/14-09:41:04-GMT  BuildTime: Aug  4 2022 06:17:15  BuildStamp: freesurfer-linux-ubuntu22_x86_64-7.3.2-20220804-6354275  User: oesteban  Machine: dna076  Platform: Linux  PlatformVersion: 5.14.0-427.37.1.el9_4.x86_64  CompilerName: GCC  CompilerVersion: 8.4.0
ProgramName: mris_diff  ProgramArguments: mris_diff -all-info  ProgramVersion: 7.3.2  TimeStamp: 2026/03/14-09:41:04-GMT  BuildTime: Aug  4 2022 06:17:15  BuildStamp: freesurfer-linux-ubuntu22_x86_64-7.3.2-20220804-6354275  User: oesteban  Machine: dna076  Platform: Linux  PlatformVersion: 5.14.0-427.37.1.el9_4.x86_64  CompilerName: GCC  CompilerVersion: 8.4.0
ProgramName: mris_divide_parcellation  ProgramArguments: mris_divide_parcellation -all-info  ProgramVersion: 7.3.2  TimeStamp: 2026/03/14-09:41:04-GMT  BuildTime: Aug  4 2022 06:17:15  BuildStamp: freesurfer-linux-ubuntu22_x86_64-7.3.2-20220804-6354275  User: oesteban  Machine: dna076  Platform: Linux  PlatformVersion: 5.14.0-427.37.1.el9_4.x86_64  CompilerName: GCC  CompilerVersion: 8.4.0
ProgramName: mri_segment  ProgramArguments: mri_segment -all-info  ProgramVersion: 7.3.2  TimeStamp: 2026/03/14-09:41:04-GMT  BuildTime: Aug  4 2022 06:17:15  BuildStamp: freesurfer-linux-ubuntu22_x86_64-7.3.2-20220804-6354275  User: oesteban  Machine: dna076  Platform: Linux  PlatformVersion: 5.14.0-427.37.1.el9_4.x86_64  CompilerName: GCC  CompilerVersion: 8.4.0
ProgramName: mri_segstats  ProgramArguments: mri_segstats -all-info  ProgramVersion: 7.3.2  TimeStamp: 2026/03/14-09:41:04-GMT  BuildTime: Aug  4 2022 06:17:15  BuildStamp: freesurfer-linux-ubuntu22_x86_64-7.3.2-20220804-6354275  User: oesteban  Machine: dna076  Platform: Linux  PlatformVersion: 5.14.0-427.37.1.el9_4.x86_64  CompilerName: GCC  CompilerVersion: 8.4.0
ProgramName: mris_euler_number  ProgramArguments: mris_euler_number -all-info  ProgramVersion: 7.3.2  TimeStamp: 2026/03/14-09:41:04-GMT  BuildTime: Aug  4 2022 06:17:15  BuildStamp: freesurfer-linux-ubuntu22_x86_64-7.3.2-20220804-6354275  User: oesteban  Machine: dna076  Platform: Linux  PlatformVersion: 5.14.0-427.37.1.el9_4.x86_64  CompilerName: GCC  CompilerVersion: 8.4.0
ProgramName: mris_fix_topology  ProgramArguments: mris_fix_topology -all-info  ProgramVersion: 7.3.2  TimeStamp: 2026/03/14-09:41:04-GMT  BuildTime: Aug  4 2022 06:17:15  BuildStamp: freesurfer-linux-ubuntu22_x86_64-7.3.2-20220804-6354275  User: oesteban  Machine: dna076  Platform: Linux  PlatformVersion: 5.14.0-427.37.1.el9_4.x86_64  CompilerName: GCC  CompilerVersion: 8.4.0
ProgramName: mris_topo_fixer  ProgramArguments: mris_topo_fixer -all-info  ProgramVersion: 7.3.2  TimeStamp: 2026/03/14-09:41:04-GMT  BuildTime: Aug  4 2022 06:17:15  BuildStamp: freesurfer-linux-ubuntu22_x86_64-7.3.2-20220804-6354275  User: oesteban  Machine: dna076  Platform: Linux  PlatformVersion: 5.14.0-427.37.1.el9_4.x86_64  CompilerName: GCC  CompilerVersion: 8.4.0
ProgramName: mris_jacobian  ProgramArguments: mris_jacobian -all-info  ProgramVersion: 7.3.2  TimeStamp: 2026/03/14-09:41:04-GMT  BuildTime: Aug  4 2022 06:17:15  BuildStamp: freesurfer-linux-ubuntu22_x86_64-7.3.2-20220804-6354275  User: oesteban  Machine: dna076  Platform: Linux  PlatformVersion: 5.14.0-427.37.1.el9_4.x86_64  CompilerName: GCC  CompilerVersion: 8.4.0
ProgramName: mris_label2annot  ProgramArguments: mris_label2annot -all-info  ProgramVersion: 7.3.2  TimeStamp: 2026/03/14-09:41:04-GMT  BuildTime: Aug  4 2022 06:17:15  BuildStamp: freesurfer-linux-ubuntu22_x86_64-7.3.2-20220804-6354275  User: oesteban  Machine: dna076  Platform: Linux  PlatformVersion: 5.14.0-427.37.1.el9_4.x86_64  CompilerName: GCC  CompilerVersion: 8.4.0
ProgramName: mris_left_right_register  ProgramArguments: mris_left_right_register -all-info  ProgramVersion: 7.3.2  TimeStamp: 2026/03/14-09:41:04-GMT  BuildTime: Aug  4 2022 06:17:15  BuildStamp: freesurfer-linux-ubuntu22_x86_64-7.3.2-20220804-6354275  User: oesteban  Machine: dna076  Platform: Linux  PlatformVersion: 5.14.0-427.37.1.el9_4.x86_64  CompilerName: GCC  CompilerVersion: 8.4.0
ProgramName: mris_place_surface  ProgramArguments: mris_place_surface -all-info  ProgramVersion: 7.3.2  TimeStamp: 2026/03/14-09:41:04-GMT  BuildTime: Aug  4 2022 06:17:15  BuildStamp: freesurfer-linux-ubuntu22_x86_64-7.3.2-20220804-6354275  User: oesteban  Machine: dna076  Platform: Linux  PlatformVersion: 5.14.0-427.37.1.el9_4.x86_64  CompilerName: GCC  CompilerVersion: 8.4.0
ProgramName: mrisp_paint  ProgramArguments: mrisp_paint -all-info  ProgramVersion: 7.3.2  TimeStamp: 2026/03/14-09:41:04-GMT  BuildTime: Aug  4 2022 06:17:15  BuildStamp: freesurfer-linux-ubuntu22_x86_64-7.3.2-20220804-6354275  User: oesteban  Machine: dna076  Platform: Linux  PlatformVersion: 5.14.0-427.37.1.el9_4.x86_64  CompilerName: GCC  CompilerVersion: 8.4.0
ProgramName: mris_register  ProgramArguments: mris_register -all-info  ProgramVersion: 7.3.2  TimeStamp: 2026/03/14-09:41:04-GMT  BuildTime: Aug  4 2022 06:17:15  BuildStamp: freesurfer-linux-ubuntu22_x86_64-7.3.2-20220804-6354275  User: oesteban  Machine: dna076  Platform: Linux  PlatformVersion: 5.14.0-427.37.1.el9_4.x86_64  CompilerName: GCC  CompilerVersion: 8.4.0
ProgramName: mris_smooth  ProgramArguments: mris_smooth -all-info  ProgramVersion: 7.3.2  TimeStamp: 2026/03/14-09:41:04-GMT  BuildTime: Aug  4 2022 06:17:15  BuildStamp: freesurfer-linux-ubuntu22_x86_64-7.3.2-20220804-6354275  User: oesteban  Machine: dna076  Platform: Linux  PlatformVersion: 5.14.0-427.37.1.el9_4.x86_64  CompilerName: GCC  CompilerVersion: 8.4.0
ProgramName: mris_sphere  ProgramArguments: mris_sphere -all-info  ProgramVersion: 7.3.2  TimeStamp: 2026/03/14-09:41:04-GMT  BuildTime: Aug  4 2022 06:17:15  BuildStamp: freesurfer-linux-ubuntu22_x86_64-7.3.2-20220804-6354275  User: oesteban  Machine: dna076  Platform: Linux  PlatformVersion: 5.14.0-427.37.1.el9_4.x86_64  CompilerName: GCC  CompilerVersion: 8.4.0
ProgramName: mris_surface_stats  ProgramArguments: mris_surface_stats -all-info  ProgramVersion: 7.3.2  TimeStamp: 2026/03/14-09:41:04-GMT  BuildTime: Aug  4 2022 06:17:15  BuildStamp: freesurfer-linux-ubuntu22_x86_64-7.3.2-20220804-6354275  User: oesteban  Machine: dna076  Platform: Linux  PlatformVersion: 5.14.0-427.37.1.el9_4.x86_64  CompilerName: GCC  CompilerVersion: 8.4.0
ProgramName: mri_stats2seg  ProgramArguments: mri_stats2seg -all-info  ProgramVersion: 7.3.2  TimeStamp: 2026/03/14-09:41:04-GMT  BuildTime: Aug  4 2022 06:17:15  BuildStamp: freesurfer-linux-ubuntu22_x86_64-7.3.2-20220804-6354275  User: oesteban  Machine: dna076  Platform: Linux  PlatformVersion: 5.14.0-427.37.1.el9_4.x86_64  CompilerName: GCC  CompilerVersion: 8.4.0
ProgramName: mris_thickness  ProgramArguments: mris_thickness -all-info  ProgramVersion: 7.3.2  TimeStamp: 2026/03/14-09:41:04-GMT  BuildTime: Aug  4 2022 06:17:15  BuildStamp: freesurfer-linux-ubuntu22_x86_64-7.3.2-20220804-6354275  User: oesteban  Machine: dna076  Platform: Linux  PlatformVersion: 5.14.0-427.37.1.el9_4.x86_64  CompilerName: GCC  CompilerVersion: 8.4.0
ProgramName: mris_thickness_diff  ProgramArguments: mris_thickness_diff -all-info  ProgramVersion: 7.3.2  TimeStamp: 2026/03/14-09:41:04-GMT  BuildTime: Aug  4 2022 06:17:15  BuildStamp: freesurfer-linux-ubuntu22_x86_64-7.3.2-20220804-6354275  User: oesteban  Machine: dna076  Platform: Linux  PlatformVersion: 5.14.0-427.37.1.el9_4.x86_64  CompilerName: GCC  CompilerVersion: 8.4.0
ProgramName: mris_topo_fixer  ProgramArguments: mris_topo_fixer -all-info  ProgramVersion: 7.3.2  TimeStamp: 2026/03/14-09:41:04-GMT  BuildTime: Aug  4 2022 06:17:15  BuildStamp: freesurfer-linux-ubuntu22_x86_64-7.3.2-20220804-6354275  User: oesteban  Machine: dna076  Platform: Linux  PlatformVersion: 5.14.0-427.37.1.el9_4.x86_64  CompilerName: GCC  CompilerVersion: 8.4.0
ProgramName: mri_surf2surf  ProgramArguments: mri_surf2surf -all-info  ProgramVersion: 7.3.2  TimeStamp: 2026/03/14-09:41:04-GMT  BuildTime: Aug  4 2022 06:17:15  BuildStamp: freesurfer-linux-ubuntu22_x86_64-7.3.2-20220804-6354275  User: oesteban  Machine: dna076  Platform: Linux  PlatformVersion: 5.14.0-427.37.1.el9_4.x86_64  CompilerName: GCC  CompilerVersion: 8.4.0
ProgramName: mri_surf2vol  ProgramArguments: mri_surf2vol -all-info  ProgramVersion: 7.3.2  TimeStamp: 2026/03/14-09:41:04-GMT  BuildTime: Aug  4 2022 06:17:15  BuildStamp: freesurfer-linux-ubuntu22_x86_64-7.3.2-20220804-6354275  User: oesteban  Machine: dna076  Platform: Linux  PlatformVersion: 5.14.0-427.37.1.el9_4.x86_64  CompilerName: GCC  CompilerVersion: 8.4.0
ProgramName: mri_surfcluster  ProgramArguments: mri_surfcluster -all-info  ProgramVersion: 7.3.2  TimeStamp: 2026/03/14-09:41:04-GMT  BuildTime: Aug  4 2022 06:17:15  BuildStamp: freesurfer-linux-ubuntu22_x86_64-7.3.2-20220804-6354275  User: oesteban  Machine: dna076  Platform: Linux  PlatformVersion: 5.14.0-427.37.1.el9_4.x86_64  CompilerName: GCC  CompilerVersion: 8.4.0
ProgramName: mris_volmask  ProgramArguments: mris_volmask -all-info  ProgramVersion: 7.3.2  TimeStamp: 2026/03/14-09:41:04-GMT  BuildTime: Aug  4 2022 06:17:15  BuildStamp: freesurfer-linux-ubuntu22_x86_64-7.3.2-20220804-6354275  User: oesteban  Machine: dna076  Platform: Linux  PlatformVersion: 5.14.0-427.37.1.el9_4.x86_64  CompilerName: GCC  CompilerVersion: 8.4.0
ProgramName: mri_tessellate  ProgramArguments: mri_tessellate -all-info  ProgramVersion: 7.3.2  TimeStamp: 2026/03/14-09:41:04-GMT  BuildTime: Aug  4 2022 06:17:15  BuildStamp: freesurfer-linux-ubuntu22_x86_64-7.3.2-20220804-6354275  User: oesteban  Machine: dna076  Platform: Linux  PlatformVersion: 5.14.0-427.37.1.el9_4.x86_64  CompilerName: GCC  CompilerVersion: 8.4.0
ProgramName: mri_vol2surf  ProgramArguments: mri_vol2surf -all-info  ProgramVersion: 7.3.2  TimeStamp: 2026/03/14-09:41:04-GMT  BuildTime: Aug  4 2022 06:17:15  BuildStamp: freesurfer-linux-ubuntu22_x86_64-7.3.2-20220804-6354275  User: oesteban  Machine: dna076  Platform: Linux  PlatformVersion: 5.14.0-427.37.1.el9_4.x86_64  CompilerName: GCC  CompilerVersion: 8.4.0
ProgramName: mri_vol2vol  ProgramArguments: mri_vol2vol -all-info  ProgramVersion: 7.3.2  TimeStamp: 2026/03/14-09:41:04-GMT  BuildTime: Aug  4 2022 06:17:15  BuildStamp: freesurfer-linux-ubuntu22_x86_64-7.3.2-20220804-6354275  User: oesteban  Machine: dna076  Platform: Linux  PlatformVersion: 5.14.0-427.37.1.el9_4.x86_64  CompilerName: GCC  CompilerVersion: 8.4.0
ProgramName: mri_voldiff  ProgramArguments: mri_voldiff -all-info  ProgramVersion: 7.3.2  TimeStamp: 2026/03/14-09:41:04-GMT  BuildTime: Aug  4 2022 06:17:15  BuildStamp: freesurfer-linux-ubuntu22_x86_64-7.3.2-20220804-6354275  User: oesteban  Machine: dna076  Platform: Linux  PlatformVersion: 5.14.0-427.37.1.el9_4.x86_64  CompilerName: GCC  CompilerVersion: 8.4.0
ProgramName: mri_watershed  ProgramArguments: mri_watershed -all-info  ProgramVersion: 7.3.2  TimeStamp: 2026/03/14-09:41:04-GMT  BuildTime: Aug  4 2022 06:17:15  BuildStamp: freesurfer-linux-ubuntu22_x86_64-7.3.2-20220804-6354275  User: oesteban  Machine: dna076  Platform: Linux  PlatformVersion: 5.14.0-427.37.1.el9_4.x86_64  CompilerName: GCC  CompilerVersion: 8.4.0
ProgramName: tkregister2  ProgramArguments: tkregister2_cmdl -all-info  ProgramVersion: 7.3.2  TimeStamp: 2026/03/14-09:41:04-GMT  BuildTime: Aug  4 2022 06:17:15  BuildStamp: freesurfer-linux-ubuntu22_x86_64-7.3.2-20220804-6354275  User: oesteban  Machine: dna076  Platform: Linux  PlatformVersion: 5.14.0-427.37.1.el9_4.x86_64  CompilerName: GCC  CompilerVersion: 8.4.0
mri_motion_correct.fsl 7.3.2
mri_convert -all-info 
ProgramName: mri_convert  ProgramArguments: mri_convert -all-info  ProgramVersion: 7.3.2  TimeStamp: 2026/03/14-09:41:04-GMT  BuildTime: Aug  4 2022 06:17:15  BuildStamp: freesurfer-linux-ubuntu22_x86_64-7.3.2-20220804-6354275  User: oesteban  Machine: dna076  Platform: Linux  PlatformVersion: 5.14.0-427.37.1.el9_4.x86_64  CompilerName: GCC  CompilerVersion: 8.4.0
Program nu_correct, built from:
Package MNI N3, version 1.12.0, compiled by nicks@terrier (x86_64-unknown-linux-gnu) on 2015-06-19 at 01:25:34
#######################################
GCADIR /opt/freesurfer/average
GCA RB_all_2020-01-02.gca
GCASkull RB_all_withskull_2020_01_02.gca
AvgCurvTif folding.atlas.acfb40.noaparc.i12.2016-08-02.tif
GCSDIR /opt/freesurfer/average
GCS DKaparc.atlas.acfb40.noaparc.i12.2016-08-02.gcs
#######################################
#-------------------------------------
#@# EM Registration Sat Mar 14 10:41:04 CET 2026
/out/sourcedata/freesurfer/sub-v2s9x29165_ses-1/mri

 mri_em_register -uns 3 -mask brainmask.mgz nu.mgz /opt/freesurfer/average/RB_all_2020-01-02.gca transforms/talairach.lta 

setting unknown_nbr_spacing = 3
using MR volume brainmask.mgz to mask input volume...

== Number of threads available to mri_em_register for OpenMP = 16 == 
reading 1 input volumes...
logging results to talairach.log
reading '/opt/freesurfer/average/RB_all_2020-01-02.gca'...
GCAread took 0 minutes and 1 seconds.
average std = 7.2   using min determinant for regularization = 5.2
0 singular and 884 ill-conditioned covariance matrices regularized
reading 'nu.mgz'...
MRImask(): AllowDiffGeom = 1
MRImask(): AllowDiffGeom = 1
MRImask(): AllowDiffGeom = 1
MRImask(): AllowDiffGeom = 1
MRImask(): AllowDiffGeom = 1
freeing gibbs priors...done.
accounting for voxel sizes in initial transform
bounding unknown intensity as < 5.9 or > 519.0 
total sample mean = 79.1 (1017 zeros)
************************************************
spacing=8, using 2841 sample points, tol=1.00e-05...
************************************************
register_mri: find_optimal_transform
find_optimal_transform: nsamples 2841, passno 0, spacing 8
resetting wm mean[0]: 98 --> 107
resetting gm mean[0]: 61 --> 61
input volume #1 is the most T1-like
using real data threshold=19.0
skull bounding box = (67, 87, 30) --> (192, 212, 201)
finding center of left hemi white matter
using (109, 129, 116) as brain centroid of Right_Cerebral_White_Matter...
MRImask(): AllowDiffGeom = 1
mean wm in atlas = 107, using box (94,114,95) --> (124, 144,137) to find MRI wm
before smoothing, mri peak at 107
robust fit to distribution - 107 +- 4.3
after smoothing, mri peak at 107, scaling input intensities by 1.000
scaling channel 0 by 1
initial log_p = -4.444
************************************************
First Search limited to translation only.
************************************************
max log p =    -4.046075 @ (-10.526, -31.579, -10.526)
max log p =    -3.968745 @ (5.263, 5.263, 5.263)
max log p =    -3.926589 @ (2.632, -2.632, -2.632)
max log p =    -3.921885 @ (-3.947, -3.947, -1.316)
max log p =    -3.910579 @ (-0.658, 0.658, -0.658)
max log p =    -3.910579 @ (0.000, 0.000, 0.000)
max log p =    -3.910579 @ (0.000, 0.000, 0.000)
max log p =    -3.910579 @ (0.000, 0.000, 0.000)
Found translation: (-7.2, -32.2, -9.9): log p = -3.911
****************************************
Nine parameter search.  iteration 0 nscales = 0 ...
****************************************
Result so far: scale 1.000: max_log_p=-3.499, old_max_log_p =-3.911 (thresh=-3.9)
 1.13041  -0.11150  -0.16385   11.06843;
 0.15998   1.18865   0.29954  -109.29976;
 0.15011  -0.25660   0.95766   21.27532;
 0.00000   0.00000   0.00000   1.00000;
iteration took 0 minutes and 9 seconds.
****************************************
Nine parameter search.  iteration 1 nscales = 0 ...
****************************************
Result so far: scale 1.000: max_log_p=-3.499, old_max_log_p =-3.499 (thresh=-3.5)
 1.13041  -0.11150  -0.16385   11.06843;
 0.15998   1.18865   0.29954  -109.29976;
 0.15011  -0.25660   0.95766   21.27532;
 0.00000   0.00000   0.00000   1.00000;
reducing scale to 0.2500
iteration took 0 minutes and 9 seconds.
****************************************
Nine parameter search.  iteration 2 nscales = 1 ...
****************************************
Result so far: scale 0.250: max_log_p=-3.319, old_max_log_p =-3.499 (thresh=-3.5)
 1.10286  -0.04815  -0.07802  -1.91560;
 0.08297   1.11924   0.32056  -91.09989;
 0.07455  -0.29003   0.97380   32.61691;
 0.00000   0.00000   0.00000   1.00000;
iteration took 0 minutes and 9 seconds.
****************************************
Nine parameter search.  iteration 3 nscales = 1 ...
****************************************
Result so far: scale 0.250: max_log_p=-3.318, old_max_log_p =-3.319 (thresh=-3.3)
 1.10286  -0.04815  -0.07802  -1.91560;
 0.08297   1.11924   0.32056  -91.09989;
 0.07594  -0.29547   0.99206   31.25184;
 0.00000   0.00000   0.00000   1.00000;
reducing scale to 0.0625
iteration took 0 minutes and 9 seconds.
****************************************
Nine parameter search.  iteration 4 nscales = 2 ...
****************************************
Result so far: scale 0.062: max_log_p=-3.302, old_max_log_p =-3.318 (thresh=-3.3)
 1.10584  -0.06912  -0.07511  -0.01009;
 0.09943   1.12040   0.30213  -90.95261;
 0.06837  -0.27673   0.99902   28.26134;
 0.00000   0.00000   0.00000   1.00000;
iteration took 0 minutes and 8 seconds.
****************************************
Nine parameter search.  iteration 5 nscales = 2 ...
****************************************
Result so far: scale 0.062: max_log_p=-3.293, old_max_log_p =-3.302 (thresh=-3.3)
 1.10628  -0.07832  -0.07780   1.57365;
 0.10921   1.11120   0.31669  -92.94198;
 0.06650  -0.29399   0.99045   31.97055;
 0.00000   0.00000   0.00000   1.00000;
iteration took 0 minutes and 8 seconds.
****************************************
Nine parameter search.  iteration 6 nscales = 2 ...
****************************************
Result so far: scale 0.062: max_log_p=-3.288, old_max_log_p =-3.293 (thresh=-3.3)
 1.10628  -0.07832  -0.07780   1.57365;
 0.10908   1.10990   0.31632  -92.69327;
 0.06642  -0.29365   0.98929   32.05663;
 0.00000   0.00000   0.00000   1.00000;
iteration took 0 minutes and 9 seconds.
****************************************
Nine parameter search.  iteration 7 nscales = 2 ...
****************************************
Result so far: scale 0.062: max_log_p=-3.288, old_max_log_p =-3.288 (thresh=-3.3)
 1.10628  -0.07832  -0.07780   1.57365;
 0.10908   1.10990   0.31632  -92.69327;
 0.06642  -0.29365   0.98929   32.05663;
 0.00000   0.00000   0.00000   1.00000;
min search scale 0.025000 reached
***********************************************
Computing MAP estimate using 2841 samples...
***********************************************
dt = 5.00e-06, momentum=0.80, tol=1.00e-05
l_intensity = 1.0000
Aligning input volume to GCA...
Transform matrix
 1.10628  -0.07832  -0.07780   1.57365;
 0.10908   1.10990   0.31632  -92.69327;
 0.06642  -0.29365   0.98929   32.05663;
 0.00000   0.00000   0.00000   1.00000;
nsamples 2841
Quasinewton: input matrix
 1.10628  -0.07832  -0.07780   1.57365;
 0.10908   1.10990   0.31632  -92.69327;
 0.06642  -0.29365   0.98929   32.05663;
 0.00000   0.00000   0.00000   1.00000;
 IFLAG= -1  LINE SEARCH FAILED. SEE DOCUMENTATION OF ROUTINE MCSRCH ERROR RETURN OF LINE SEARCH: INFO= 4 POSSIBLE CAUSES: FUNCTION OR GRADIENT ARE INCORRECT OR INCORRECT TOLERANCESoutof QuasiNewtonEMA: 010: -log(p) =   -0.0  tol 0.000010
Resulting transform:
 1.10628  -0.07832  -0.07780   1.57365;
 0.10908   1.10990   0.31632  -92.69327;
 0.06642  -0.29365   0.98929   32.05663;
 0.00000   0.00000   0.00000   1.00000;

pass 1, spacing 8: log(p) = -3.288 (old=-4.444)
transform before final EM align:
 1.10628  -0.07832  -0.07780   1.57365;
 0.10908   1.10990   0.31632  -92.69327;
 0.06642  -0.29365   0.98929   32.05663;
 0.00000   0.00000   0.00000   1.00000;

**************************************************
 EM alignment process ...
 Computing final MAP estimate using 315638 samples. 
**************************************************
dt = 5.00e-06, momentum=0.80, tol=1.00e-07
l_intensity = 1.0000
Aligning input volume to GCA...
Transform matrix
 1.10628  -0.07832  -0.07780   1.57365;
 0.10908   1.10990   0.31632  -92.69327;
 0.06642  -0.29365   0.98929   32.05663;
 0.00000   0.00000   0.00000   1.00000;
nsamples 315638
Quasinewton: input matrix
 1.10628  -0.07832  -0.07780   1.57365;
 0.10908   1.10990   0.31632  -92.69327;
 0.06642  -0.29365   0.98929   32.05663;
 0.00000   0.00000   0.00000   1.00000;
 IFLAG= -1  LINE SEARCH FAILED. SEE DOCUMENTATION OF ROUTINE MCSRCH ERROR RETURN OF LINE SEARCH: INFO= 6 POSSIBLE CAUSES: FUNCTION OR GRADIENT ARE INCORRECT OR INCORRECT TOLERANCESoutof QuasiNewtonEMA: 012: -log(p) =    3.8  tol 0.000000
final transform:
 1.10628  -0.07832  -0.07780   1.57365;
 0.10908   1.10990   0.31632  -92.69327;
 0.06642  -0.29365   0.98929   32.05663;
 0.00000   0.00000   0.00000   1.00000;

writing output transformation to transforms/talairach.lta...
#VMPC# mri_em_register VmPeak  891284
FSRUNTIME@ mri_em_register  0.0253 hours 16 threads
registration took 1 minutes and 31 seconds.

Started at Sat Mar 14 10:41:04 CET 2026 
Ended   at Sat Mar 14 10:42:35 CET 2026
#@#%# recon-all-run-time-hours 0.025
recon-all -s sub-v2s9x29165_ses-1 finished without error at Sat Mar 14 10:42:35 CET 2026



#New# invocation of recon-all 




Sat Mar 14 10:42:37 CET 2026
cd /out/sourcedata/freesurfer/sub-v2s9x29165_ses-1
setenv SUBJECTS_DIR /out/sourcedata/freesurfer
/opt/freesurfer/bin/recon-all -autorecon2-volonly -openmp 16 -subjid sub-v2s9x29165_ses-1 -sd /out/sourcedata/freesurfer -nogcareg

subjid sub-v2s9x29165_ses-1
setenv SUBJECTS_DIR /out/sourcedata/freesurfer
FREESURFER_HOME /opt/freesurfer
Actual FREESURFER_HOME /opt/freesurfer
build-stamp.txt: freesurfer-linux-ubuntu22_x86_64-7.3.2-20220804-6354275
Linux dna076 5.14.0-427.37.1.el9_4.x86_64 #1 SMP PREEMPT_DYNAMIC Fri Sep 13 12:41:50 EDT 2024 x86_64 x86_64 x86_64 GNU/Linux
cputime      unlimited
filesize     unlimited
datasize     unlimited
stacksize    8192 kbytes
coredumpsize 0 kbytes
memoryuse    67108864 kbytes
vmemoryuse   unlimited
descriptors  1024 
memorylocked unlimited
maxproc      2061970 
maxlocks     unlimited
maxsignal    2062029 
maxmessage   819200 
maxnice      0 
maxrtprio    0 
maxrttime    unlimited

               total        used        free      shared  buff/cache   available
Mem:           503Gi        46Gi        40Gi       9.2Gi       416Gi       444Gi
Swap:             0B          0B          0B

########################################
program versions used
7.3.2 (freesurfer-linux-ubuntu22_x86_64-7.3.2-20220804-6354275)
7.3.2

ProgramName: lta_convert  ProgramArguments: lta_convert -all-info  ProgramVersion: 7.3.2  TimeStamp: 2026/03/14-09:42:37-GMT  BuildTime: Aug  4 2022 06:17:15  BuildStamp: freesurfer-linux-ubuntu22_x86_64-7.3.2-20220804-6354275  User: oesteban  Machine: dna076  Platform: Linux  PlatformVersion: 5.14.0-427.37.1.el9_4.x86_64  CompilerName: GCC  CompilerVersion: 8.4.0
ProgramName: mri_and  ProgramArguments: mri_and -all-info  ProgramVersion: 7.3.2  TimeStamp: 2026/03/14-09:42:37-GMT  BuildTime: Aug  4 2022 06:17:15  BuildStamp: freesurfer-linux-ubuntu22_x86_64-7.3.2-20220804-6354275  User: oesteban  Machine: dna076  Platform: Linux  PlatformVersion: 5.14.0-427.37.1.el9_4.x86_64  CompilerName: GCC  CompilerVersion: 8.4.0
ProgramName: mri_annotation2label  ProgramArguments: mri_annotation2label -all-info  ProgramVersion: 7.3.2  TimeStamp: 2026/03/14-09:42:37-GMT  BuildTime: Aug  4 2022 06:17:15  BuildStamp: freesurfer-linux-ubuntu22_x86_64-7.3.2-20220804-6354275  User: oesteban  Machine: dna076  Platform: Linux  PlatformVersion: 5.14.0-427.37.1.el9_4.x86_64  CompilerName: GCC  CompilerVersion: 8.4.0
ProgramName: mri_aparc2aseg  ProgramArguments: mri_aparc2aseg -all-info  ProgramVersion: 7.3.2  TimeStamp: 2026/03/14-09:42:37-GMT  BuildTime: Aug  4 2022 06:17:15  BuildStamp: freesurfer-linux-ubuntu22_x86_64-7.3.2-20220804-6354275  User: oesteban  Machine: dna076  Platform: Linux  PlatformVersion: 5.14.0-427.37.1.el9_4.x86_64  CompilerName: GCC  CompilerVersion: 8.4.0
ProgramName: mri_surf2volseg  ProgramArguments: mri_surf2volseg -all-info  ProgramVersion: 7.3.2  TimeStamp: 2026/03/14-09:42:37-GMT  BuildTime: Aug  4 2022 06:17:15  BuildStamp: freesurfer-linux-ubuntu22_x86_64-7.3.2-20220804-6354275  User: oesteban  Machine: dna076  Platform: Linux  PlatformVersion: 5.14.0-427.37.1.el9_4.x86_64  CompilerName: GCC  CompilerVersion: 8.4.0
ProgramName: mri_binarize  ProgramArguments: mri_binarize -all-info  ProgramVersion: 7.3.2  TimeStamp: 2026/03/14-09:42:37-GMT  BuildTime: Aug  4 2022 06:17:15  BuildStamp: freesurfer-linux-ubuntu22_x86_64-7.3.2-20220804-6354275  User: oesteban  Machine: dna076  Platform: Linux  PlatformVersion: 5.14.0-427.37.1.el9_4.x86_64  CompilerName: GCC  CompilerVersion: 8.4.0
ProgramName: mri_ca_label  ProgramArguments: mri_ca_label -all-info  ProgramVersion: 7.3.2  TimeStamp: 2026/03/14-09:42:37-GMT  BuildTime: Aug  4 2022 06:17:15  BuildStamp: freesurfer-linux-ubuntu22_x86_64-7.3.2-20220804-6354275  User: oesteban  Machine: dna076  Platform: Linux  PlatformVersion: 5.14.0-427.37.1.el9_4.x86_64  CompilerName: GCC  CompilerVersion: 8.4.0
ProgramName: mri_ca_normalize  ProgramArguments: mri_ca_normalize -all-info  ProgramVersion: 7.3.2  TimeStamp: 2026/03/14-09:42:37-GMT  BuildTime: Aug  4 2022 06:17:15  BuildStamp: freesurfer-linux-ubuntu22_x86_64-7.3.2-20220804-6354275  User: oesteban  Machine: dna076  Platform: Linux  PlatformVersion: 5.14.0-427.37.1.el9_4.x86_64  CompilerName: GCC  CompilerVersion: 8.4.0
ProgramName: mri_ca_register  ProgramArguments: mri_ca_register -all-info  ProgramVersion: 7.3.2  TimeStamp: 2026/03/14-09:42:37-GMT  BuildTime: Aug  4 2022 06:17:15  BuildStamp: freesurfer-linux-ubuntu22_x86_64-7.3.2-20220804-6354275  User: oesteban  Machine: dna076  Platform: Linux  PlatformVersion: 5.14.0-427.37.1.el9_4.x86_64  CompilerName: GCC  CompilerVersion: 8.4.0
ProgramName: mri_cc  ProgramArguments: mri_cc -all-info  ProgramVersion: 7.3.2  TimeStamp: 2026/03/14-09:42:37-GMT  BuildTime: Aug  4 2022 06:17:15  BuildStamp: freesurfer-linux-ubuntu22_x86_64-7.3.2-20220804-6354275  User: oesteban  Machine: dna076  Platform: Linux  PlatformVersion: 5.14.0-427.37.1.el9_4.x86_64  CompilerName: GCC  CompilerVersion: 8.4.0
ProgramName: mri_compute_overlap  ProgramArguments: mri_compute_overlap -all-info  ProgramVersion: 7.3.2  TimeStamp: 2026/03/14-09:42:37-GMT  BuildTime: Aug  4 2022 06:17:15  BuildStamp: freesurfer-linux-ubuntu22_x86_64-7.3.2-20220804-6354275  User: oesteban  Machine: dna076  Platform: Linux  PlatformVersion: 5.14.0-427.37.1.el9_4.x86_64  CompilerName: GCC  CompilerVersion: 8.4.0
ProgramName: mri_compute_seg_overlap  ProgramArguments: mri_compute_seg_overlap -all-info  ProgramVersion: 7.3.2  TimeStamp: 2026/03/14-09:42:37-GMT  BuildTime: Aug  4 2022 06:17:15  BuildStamp: freesurfer-linux-ubuntu22_x86_64-7.3.2-20220804-6354275  User: oesteban  Machine: dna076  Platform: Linux  PlatformVersion: 5.14.0-427.37.1.el9_4.x86_64  CompilerName: GCC  CompilerVersion: 8.4.0
ProgramName: mri_concat  ProgramArguments: mri_concat -all-info  ProgramVersion: 7.3.2  TimeStamp: 2026/03/14-09:42:37-GMT  BuildTime: Aug  4 2022 06:17:15  BuildStamp: freesurfer-linux-ubuntu22_x86_64-7.3.2-20220804-6354275  User: oesteban  Machine: dna076  Platform: Linux  PlatformVersion: 5.14.0-427.37.1.el9_4.x86_64  CompilerName: GCC  CompilerVersion: 8.4.0
ProgramName: mri_concatenate_lta  ProgramArguments: mri_concatenate_lta -all-info  ProgramVersion: 7.3.2  TimeStamp: 2026/03/14-09:42:37-GMT  BuildTime: Aug  4 2022 06:17:15  BuildStamp: freesurfer-linux-ubuntu22_x86_64-7.3.2-20220804-6354275  User: oesteban  Machine: dna076  Platform: Linux  PlatformVersion: 5.14.0-427.37.1.el9_4.x86_64  CompilerName: GCC  CompilerVersion: 8.4.0
mri_convert -all-info 
ProgramName: mri_convert  ProgramArguments: mri_convert -all-info  ProgramVersion: 7.3.2  TimeStamp: 2026/03/14-09:42:37-GMT  BuildTime: Aug  4 2022 06:17:15  BuildStamp: freesurfer-linux-ubuntu22_x86_64-7.3.2-20220804-6354275  User: oesteban  Machine: dna076  Platform: Linux  PlatformVersion: 5.14.0-427.37.1.el9_4.x86_64  CompilerName: GCC  CompilerVersion: 8.4.0
ProgramName: mri_diff  ProgramArguments: mri_diff -all-info  ProgramVersion: 7.3.2  TimeStamp: 2026/03/14-09:42:37-GMT  BuildTime: Aug  4 2022 06:17:15  BuildStamp: freesurfer-linux-ubuntu22_x86_64-7.3.2-20220804-6354275  User: oesteban  Machine: dna076  Platform: Linux  PlatformVersion: 5.14.0-427.37.1.el9_4.x86_64  CompilerName: GCC  CompilerVersion: 8.4.0
ProgramName: mri_edit_wm_with_aseg  ProgramArguments: mri_edit_wm_with_aseg -all-info  ProgramVersion: 7.3.2  TimeStamp: 2026/03/14-09:42:37-GMT  BuildTime: Aug  4 2022 06:17:15  BuildStamp: freesurfer-linux-ubuntu22_x86_64-7.3.2-20220804-6354275  User: oesteban  Machine: dna076  Platform: Linux  PlatformVersion: 5.14.0-427.37.1.el9_4.x86_64  CompilerName: GCC  CompilerVersion: 8.4.0
ProgramName: mri_em_register  ProgramArguments: mri_em_register -all-info  ProgramVersion: 7.3.2  TimeStamp: 2026/03/14-09:42:37-GMT  BuildTime: Aug  4 2022 06:17:15  BuildStamp: freesurfer-linux-ubuntu22_x86_64-7.3.2-20220804-6354275  User: oesteban  Machine: dna076  Platform: Linux  PlatformVersion: 5.14.0-427.37.1.el9_4.x86_64  CompilerName: GCC  CompilerVersion: 8.4.0
ProgramName: mri_fill  ProgramArguments: mri_fill -all-info  ProgramVersion: 7.3.2  TimeStamp: 2026/03/14-09:42:37-GMT  BuildTime: Aug  4 2022 06:17:15  BuildStamp: freesurfer-linux-ubuntu22_x86_64-7.3.2-20220804-6354275  User: oesteban  Machine: dna076  Platform: Linux  PlatformVersion: 5.14.0-427.37.1.el9_4.x86_64  CompilerName: GCC  CompilerVersion: 8.4.0
ProgramName: mri_fuse_segmentations  ProgramArguments: mri_fuse_segmentations -all-info  ProgramVersion: 7.3.2  TimeStamp: 2026/03/14-09:42:37-GMT  BuildTime: Aug  4 2022 06:17:15  BuildStamp: freesurfer-linux-ubuntu22_x86_64-7.3.2-20220804-6354275  User: oesteban  Machine: dna076  Platform: Linux  PlatformVersion: 5.14.0-427.37.1.el9_4.x86_64  CompilerName: GCC  CompilerVersion: 8.4.0
ProgramName: mri_fwhm  ProgramArguments: mri_fwhm -all-info  ProgramVersion: 7.3.2  TimeStamp: 2026/03/14-09:42:37-GMT  BuildTime: Aug  4 2022 06:17:15  BuildStamp: freesurfer-linux-ubuntu22_x86_64-7.3.2-20220804-6354275  User: oesteban  Machine: dna076  Platform: Linux  PlatformVersion: 5.14.0-427.37.1.el9_4.x86_64  CompilerName: GCC  CompilerVersion: 8.4.0
ProgramName: mri_gcut  ProgramArguments: mri_gcut -all-info  ProgramVersion: 7.3.2  TimeStamp: 2026/03/14-09:42:37-GMT  BuildTime: Aug  4 2022 06:17:15  BuildStamp: freesurfer-linux-ubuntu22_x86_64-7.3.2-20220804-6354275  User: oesteban  Machine: dna076  Platform: Linux  PlatformVersion: 5.14.0-427.37.1.el9_4.x86_64  CompilerName: GCC  CompilerVersion: 8.4.0
ProgramName: mri_info  ProgramArguments: mri_info -all-info  ProgramVersion: 7.3.2  TimeStamp: 2026/03/14-09:42:37-GMT  BuildTime: Aug  4 2022 06:17:15  BuildStamp: freesurfer-linux-ubuntu22_x86_64-7.3.2-20220804-6354275  User: oesteban  Machine: dna076  Platform: Linux  PlatformVersion: 5.14.0-427.37.1.el9_4.x86_64  CompilerName: GCC  CompilerVersion: 8.4.0
ProgramName: mri_label2label  ProgramArguments: mri_label2label -all-info  ProgramVersion: 7.3.2  TimeStamp: 2026/03/14-09:42:37-GMT  BuildTime: Aug  4 2022 06:17:15  BuildStamp: freesurfer-linux-ubuntu22_x86_64-7.3.2-20220804-6354275  User: oesteban  Machine: dna076  Platform: Linux  PlatformVersion: 5.14.0-427.37.1.el9_4.x86_64  CompilerName: GCC  CompilerVersion: 8.4.0
ProgramName: mri_label2vol  ProgramArguments: mri_label2vol -all-info  ProgramVersion: 7.3.2  TimeStamp: 2026/03/14-09:42:37-GMT  BuildTime: Aug  4 2022 06:17:15  BuildStamp: freesurfer-linux-ubuntu22_x86_64-7.3.2-20220804-6354275  User: oesteban  Machine: dna076  Platform: Linux  PlatformVersion: 5.14.0-427.37.1.el9_4.x86_64  CompilerName: GCC  CompilerVersion: 8.4.0
ProgramName: mri_log_likelihood  ProgramArguments: mri_log_likelihood -all-info  ProgramVersion: 7.3.2  TimeStamp: 2026/03/14-09:42:37-GMT  BuildTime: Aug  4 2022 06:17:15  BuildStamp: freesurfer-linux-ubuntu22_x86_64-7.3.2-20220804-6354275  User: oesteban  Machine: dna076  Platform: Linux  PlatformVersion: 5.14.0-427.37.1.el9_4.x86_64  CompilerName: GCC  CompilerVersion: 8.4.0
ProgramName: mri_mask  ProgramArguments: mri_mask -all-info  ProgramVersion: 7.3.2  TimeStamp: 2026/03/14-09:42:37-GMT  BuildTime: Aug  4 2022 06:17:15  BuildStamp: freesurfer-linux-ubuntu22_x86_64-7.3.2-20220804-6354275  User: oesteban  Machine: dna076  Platform: Linux  PlatformVersion: 5.14.0-427.37.1.el9_4.x86_64  CompilerName: GCC  CompilerVersion: 8.4.0
ProgramName: mri_matrix_multiply  ProgramArguments: mri_matrix_multiply -all-info  ProgramVersion: 7.3.2  TimeStamp: 2026/03/14-09:42:37-GMT  BuildTime: Aug  4 2022 06:17:15  BuildStamp: freesurfer-linux-ubuntu22_x86_64-7.3.2-20220804-6354275  User: oesteban  Machine: dna076  Platform: Linux  PlatformVersion: 5.14.0-427.37.1.el9_4.x86_64  CompilerName: GCC  CompilerVersion: 8.4.0
ProgramName: mri_normalize  ProgramArguments: mri_normalize -all-info  ProgramVersion: 7.3.2  TimeStamp: 2026/03/14-09:42:37-GMT  BuildTime: Aug  4 2022 06:17:15  BuildStamp: freesurfer-linux-ubuntu22_x86_64-7.3.2-20220804-6354275  User: oesteban  Machine: dna076  Platform: Linux  PlatformVersion: 5.14.0-427.37.1.el9_4.x86_64  CompilerName: GCC  CompilerVersion: 8.4.0
ProgramName: mri_normalize_tp2  ProgramArguments: mri_normalize_tp2 -all-info  ProgramVersion: 7.3.2  TimeStamp: 2026/03/14-09:42:37-GMT  BuildTime: Aug  4 2022 06:17:15  BuildStamp: freesurfer-linux-ubuntu22_x86_64-7.3.2-20220804-6354275  User: oesteban  Machine: dna076  Platform: Linux  PlatformVersion: 5.14.0-427.37.1.el9_4.x86_64  CompilerName: GCC  CompilerVersion: 8.4.0
ProgramName: mri_or  ProgramArguments: mri_or -all-info  ProgramVersion: 7.3.2  TimeStamp: 2026/03/14-09:42:37-GMT  BuildTime: Aug  4 2022 06:17:15  BuildStamp: freesurfer-linux-ubuntu22_x86_64-7.3.2-20220804-6354275  User: oesteban  Machine: dna076  Platform: Linux  PlatformVersion: 5.14.0-427.37.1.el9_4.x86_64  CompilerName: GCC  CompilerVersion: 8.4.0
ProgramName: mri_relabel_hypointensities  ProgramArguments: mri_relabel_hypointensities -all-info  ProgramVersion: 7.3.2  TimeStamp: 2026/03/14-09:42:37-GMT  BuildTime: Aug  4 2022 06:17:15  BuildStamp: freesurfer-linux-ubuntu22_x86_64-7.3.2-20220804-6354275  User: oesteban  Machine: dna076  Platform: Linux  PlatformVersion: 5.14.0-427.37.1.el9_4.x86_64  CompilerName: GCC  CompilerVersion: 8.4.0
ProgramName: mri_relabel_nonwm_hypos  ProgramArguments: mri_relabel_nonwm_hypos -all-info  ProgramVersion: 7.3.2  TimeStamp: 2026/03/14-09:42:37-GMT  BuildTime: Aug  4 2022 06:17:15  BuildStamp: freesurfer-linux-ubuntu22_x86_64-7.3.2-20220804-6354275  User: oesteban  Machine: dna076  Platform: Linux  PlatformVersion: 5.14.0-427.37.1.el9_4.x86_64  CompilerName: GCC  CompilerVersion: 8.4.0
ProgramName: mri_remove_neck  ProgramArguments: mri_remove_neck -all-info  ProgramVersion: 7.3.2  TimeStamp: 2026/03/14-09:42:37-GMT  BuildTime: Aug  4 2022 06:17:15  BuildStamp: freesurfer-linux-ubuntu22_x86_64-7.3.2-20220804-6354275  User: oesteban  Machine: dna076  Platform: Linux  PlatformVersion: 5.14.0-427.37.1.el9_4.x86_64  CompilerName: GCC  CompilerVersion: 8.4.0
7.3.2

ProgramName: mri_robust_register  ProgramArguments: mri_robust_register -all-info  ProgramVersion: 7.3.2  TimeStamp: 2026/03/14-09:42:37-GMT  BuildTime: Aug  4 2022 06:17:15  BuildStamp: freesurfer-linux-ubuntu22_x86_64-7.3.2-20220804-6354275  User: oesteban  Machine: dna076  Platform: Linux  PlatformVersion: 5.14.0-427.37.1.el9_4.x86_64  CompilerName: GCC  CompilerVersion: 8.4.0
7.3.2

ProgramName: mri_robust_template  ProgramArguments: mri_robust_template -all-info  ProgramVersion: 7.3.2  TimeStamp: 2026/03/14-09:42:37-GMT  BuildTime: Aug  4 2022 06:17:15  BuildStamp: freesurfer-linux-ubuntu22_x86_64-7.3.2-20220804-6354275  User: oesteban  Machine: dna076  Platform: Linux  PlatformVersion: 5.14.0-427.37.1.el9_4.x86_64  CompilerName: GCC  CompilerVersion: 8.4.0
ProgramName: mris_anatomical_stats  ProgramArguments: mris_anatomical_stats -all-info  ProgramVersion: 7.3.2  TimeStamp: 2026/03/14-09:42:37-GMT  BuildTime: Aug  4 2022 06:17:15  BuildStamp: freesurfer-linux-ubuntu22_x86_64-7.3.2-20220804-6354275  User: oesteban  Machine: dna076  Platform: Linux  PlatformVersion: 5.14.0-427.37.1.el9_4.x86_64  CompilerName: GCC  CompilerVersion: 8.4.0
ProgramName: mris_ca_label  ProgramArguments: mris_ca_label -all-info  ProgramVersion: 7.3.2  TimeStamp: 2026/03/14-09:42:37-GMT  BuildTime: Aug  4 2022 06:17:15  BuildStamp: freesurfer-linux-ubuntu22_x86_64-7.3.2-20220804-6354275  User: oesteban  Machine: dna076  Platform: Linux  PlatformVersion: 5.14.0-427.37.1.el9_4.x86_64  CompilerName: GCC  CompilerVersion: 8.4.0
ProgramName: mris_calc  ProgramArguments: mris_calc -all-info  ProgramVersion: 7.3.2  TimeStamp: 2026/03/14-09:42:37-GMT  BuildTime: Aug  4 2022 06:17:15  BuildStamp: freesurfer-linux-ubuntu22_x86_64-7.3.2-20220804-6354275  User: oesteban  Machine: dna076  Platform: Linux  PlatformVersion: 5.14.0-427.37.1.el9_4.x86_64  CompilerName: GCC  CompilerVersion: 8.4.0
ProgramName: mris_convert  ProgramArguments: mris_convert -all-info  ProgramVersion: 7.3.2  TimeStamp: 2026/03/14-09:42:37-GMT  BuildTime: Aug  4 2022 06:17:15  BuildStamp: freesurfer-linux-ubuntu22_x86_64-7.3.2-20220804-6354275  User: oesteban  Machine: dna076  Platform: Linux  PlatformVersion: 5.14.0-427.37.1.el9_4.x86_64  CompilerName: GCC  CompilerVersion: 8.4.0
ProgramName: mris_curvature  ProgramArguments: mris_curvature -all-info  ProgramVersion: 7.3.2  TimeStamp: 2026/03/14-09:42:37-GMT  BuildTime: Aug  4 2022 06:17:15  BuildStamp: freesurfer-linux-ubuntu22_x86_64-7.3.2-20220804-6354275  User: oesteban  Machine: dna076  Platform: Linux  PlatformVersion: 5.14.0-427.37.1.el9_4.x86_64  CompilerName: GCC  CompilerVersion: 8.4.0
ProgramName: mris_curvature_stats  ProgramArguments: mris_curvature_stats -all-info  ProgramVersion: 7.3.2  TimeStamp: 2026/03/14-09:42:37-GMT  BuildTime: Aug  4 2022 06:17:15  BuildStamp: freesurfer-linux-ubuntu22_x86_64-7.3.2-20220804-6354275  User: oesteban  Machine: dna076  Platform: Linux  PlatformVersion: 5.14.0-427.37.1.el9_4.x86_64  CompilerName: GCC  CompilerVersion: 8.4.0
ProgramName: mris_diff  ProgramArguments: mris_diff -all-info  ProgramVersion: 7.3.2  TimeStamp: 2026/03/14-09:42:37-GMT  BuildTime: Aug  4 2022 06:17:15  BuildStamp: freesurfer-linux-ubuntu22_x86_64-7.3.2-20220804-6354275  User: oesteban  Machine: dna076  Platform: Linux  PlatformVersion: 5.14.0-427.37.1.el9_4.x86_64  CompilerName: GCC  CompilerVersion: 8.4.0
ProgramName: mris_divide_parcellation  ProgramArguments: mris_divide_parcellation -all-info  ProgramVersion: 7.3.2  TimeStamp: 2026/03/14-09:42:37-GMT  BuildTime: Aug  4 2022 06:17:15  BuildStamp: freesurfer-linux-ubuntu22_x86_64-7.3.2-20220804-6354275  User: oesteban  Machine: dna076  Platform: Linux  PlatformVersion: 5.14.0-427.37.1.el9_4.x86_64  CompilerName: GCC  CompilerVersion: 8.4.0
ProgramName: mri_segment  ProgramArguments: mri_segment -all-info  ProgramVersion: 7.3.2  TimeStamp: 2026/03/14-09:42:37-GMT  BuildTime: Aug  4 2022 06:17:15  BuildStamp: freesurfer-linux-ubuntu22_x86_64-7.3.2-20220804-6354275  User: oesteban  Machine: dna076  Platform: Linux  PlatformVersion: 5.14.0-427.37.1.el9_4.x86_64  CompilerName: GCC  CompilerVersion: 8.4.0
ProgramName: mri_segstats  ProgramArguments: mri_segstats -all-info  ProgramVersion: 7.3.2  TimeStamp: 2026/03/14-09:42:37-GMT  BuildTime: Aug  4 2022 06:17:15  BuildStamp: freesurfer-linux-ubuntu22_x86_64-7.3.2-20220804-6354275  User: oesteban  Machine: dna076  Platform: Linux  PlatformVersion: 5.14.0-427.37.1.el9_4.x86_64  CompilerName: GCC  CompilerVersion: 8.4.0
ProgramName: mris_euler_number  ProgramArguments: mris_euler_number -all-info  ProgramVersion: 7.3.2  TimeStamp: 2026/03/14-09:42:37-GMT  BuildTime: Aug  4 2022 06:17:15  BuildStamp: freesurfer-linux-ubuntu22_x86_64-7.3.2-20220804-6354275  User: oesteban  Machine: dna076  Platform: Linux  PlatformVersion: 5.14.0-427.37.1.el9_4.x86_64  CompilerName: GCC  CompilerVersion: 8.4.0
ProgramName: mris_fix_topology  ProgramArguments: mris_fix_topology -all-info  ProgramVersion: 7.3.2  TimeStamp: 2026/03/14-09:42:37-GMT  BuildTime: Aug  4 2022 06:17:15  BuildStamp: freesurfer-linux-ubuntu22_x86_64-7.3.2-20220804-6354275  User: oesteban  Machine: dna076  Platform: Linux  PlatformVersion: 5.14.0-427.37.1.el9_4.x86_64  CompilerName: GCC  CompilerVersion: 8.4.0
ProgramName: mris_topo_fixer  ProgramArguments: mris_topo_fixer -all-info  ProgramVersion: 7.3.2  TimeStamp: 2026/03/14-09:42:37-GMT  BuildTime: Aug  4 2022 06:17:15  BuildStamp: freesurfer-linux-ubuntu22_x86_64-7.3.2-20220804-6354275  User: oesteban  Machine: dna076  Platform: Linux  PlatformVersion: 5.14.0-427.37.1.el9_4.x86_64  CompilerName: GCC  CompilerVersion: 8.4.0
ProgramName: mris_jacobian  ProgramArguments: mris_jacobian -all-info  ProgramVersion: 7.3.2  TimeStamp: 2026/03/14-09:42:37-GMT  BuildTime: Aug  4 2022 06:17:15  BuildStamp: freesurfer-linux-ubuntu22_x86_64-7.3.2-20220804-6354275  User: oesteban  Machine: dna076  Platform: Linux  PlatformVersion: 5.14.0-427.37.1.el9_4.x86_64  CompilerName: GCC  CompilerVersion: 8.4.0
ProgramName: mris_label2annot  ProgramArguments: mris_label2annot -all-info  ProgramVersion: 7.3.2  TimeStamp: 2026/03/14-09:42:37-GMT  BuildTime: Aug  4 2022 06:17:15  BuildStamp: freesurfer-linux-ubuntu22_x86_64-7.3.2-20220804-6354275  User: oesteban  Machine: dna076  Platform: Linux  PlatformVersion: 5.14.0-427.37.1.el9_4.x86_64  CompilerName: GCC  CompilerVersion: 8.4.0
ProgramName: mris_left_right_register  ProgramArguments: mris_left_right_register -all-info  ProgramVersion: 7.3.2  TimeStamp: 2026/03/14-09:42:37-GMT  BuildTime: Aug  4 2022 06:17:15  BuildStamp: freesurfer-linux-ubuntu22_x86_64-7.3.2-20220804-6354275  User: oesteban  Machine: dna076  Platform: Linux  PlatformVersion: 5.14.0-427.37.1.el9_4.x86_64  CompilerName: GCC  CompilerVersion: 8.4.0
ProgramName: mris_place_surface  ProgramArguments: mris_place_surface -all-info  ProgramVersion: 7.3.2  TimeStamp: 2026/03/14-09:42:37-GMT  BuildTime: Aug  4 2022 06:17:15  BuildStamp: freesurfer-linux-ubuntu22_x86_64-7.3.2-20220804-6354275  User: oesteban  Machine: dna076  Platform: Linux  PlatformVersion: 5.14.0-427.37.1.el9_4.x86_64  CompilerName: GCC  CompilerVersion: 8.4.0
ProgramName: mrisp_paint  ProgramArguments: mrisp_paint -all-info  ProgramVersion: 7.3.2  TimeStamp: 2026/03/14-09:42:37-GMT  BuildTime: Aug  4 2022 06:17:15  BuildStamp: freesurfer-linux-ubuntu22_x86_64-7.3.2-20220804-6354275  User: oesteban  Machine: dna076  Platform: Linux  PlatformVersion: 5.14.0-427.37.1.el9_4.x86_64  CompilerName: GCC  CompilerVersion: 8.4.0
ProgramName: mris_register  ProgramArguments: mris_register -all-info  ProgramVersion: 7.3.2  TimeStamp: 2026/03/14-09:42:37-GMT  BuildTime: Aug  4 2022 06:17:15  BuildStamp: freesurfer-linux-ubuntu22_x86_64-7.3.2-20220804-6354275  User: oesteban  Machine: dna076  Platform: Linux  PlatformVersion: 5.14.0-427.37.1.el9_4.x86_64  CompilerName: GCC  CompilerVersion: 8.4.0
ProgramName: mris_smooth  ProgramArguments: mris_smooth -all-info  ProgramVersion: 7.3.2  TimeStamp: 2026/03/14-09:42:37-GMT  BuildTime: Aug  4 2022 06:17:15  BuildStamp: freesurfer-linux-ubuntu22_x86_64-7.3.2-20220804-6354275  User: oesteban  Machine: dna076  Platform: Linux  PlatformVersion: 5.14.0-427.37.1.el9_4.x86_64  CompilerName: GCC  CompilerVersion: 8.4.0
ProgramName: mris_sphere  ProgramArguments: mris_sphere -all-info  ProgramVersion: 7.3.2  TimeStamp: 2026/03/14-09:42:37-GMT  BuildTime: Aug  4 2022 06:17:15  BuildStamp: freesurfer-linux-ubuntu22_x86_64-7.3.2-20220804-6354275  User: oesteban  Machine: dna076  Platform: Linux  PlatformVersion: 5.14.0-427.37.1.el9_4.x86_64  CompilerName: GCC  CompilerVersion: 8.4.0
ProgramName: mris_surface_stats  ProgramArguments: mris_surface_stats -all-info  ProgramVersion: 7.3.2  TimeStamp: 2026/03/14-09:42:37-GMT  BuildTime: Aug  4 2022 06:17:15  BuildStamp: freesurfer-linux-ubuntu22_x86_64-7.3.2-20220804-6354275  User: oesteban  Machine: dna076  Platform: Linux  PlatformVersion: 5.14.0-427.37.1.el9_4.x86_64  CompilerName: GCC  CompilerVersion: 8.4.0
ProgramName: mri_stats2seg  ProgramArguments: mri_stats2seg -all-info  ProgramVersion: 7.3.2  TimeStamp: 2026/03/14-09:42:37-GMT  BuildTime: Aug  4 2022 06:17:15  BuildStamp: freesurfer-linux-ubuntu22_x86_64-7.3.2-20220804-6354275  User: oesteban  Machine: dna076  Platform: Linux  PlatformVersion: 5.14.0-427.37.1.el9_4.x86_64  CompilerName: GCC  CompilerVersion: 8.4.0
ProgramName: mris_thickness  ProgramArguments: mris_thickness -all-info  ProgramVersion: 7.3.2  TimeStamp: 2026/03/14-09:42:37-GMT  BuildTime: Aug  4 2022 06:17:15  BuildStamp: freesurfer-linux-ubuntu22_x86_64-7.3.2-20220804-6354275  User: oesteban  Machine: dna076  Platform: Linux  PlatformVersion: 5.14.0-427.37.1.el9_4.x86_64  CompilerName: GCC  CompilerVersion: 8.4.0
ProgramName: mris_thickness_diff  ProgramArguments: mris_thickness_diff -all-info  ProgramVersion: 7.3.2  TimeStamp: 2026/03/14-09:42:37-GMT  BuildTime: Aug  4 2022 06:17:15  BuildStamp: freesurfer-linux-ubuntu22_x86_64-7.3.2-20220804-6354275  User: oesteban  Machine: dna076  Platform: Linux  PlatformVersion: 5.14.0-427.37.1.el9_4.x86_64  CompilerName: GCC  CompilerVersion: 8.4.0
ProgramName: mris_topo_fixer  ProgramArguments: mris_topo_fixer -all-info  ProgramVersion: 7.3.2  TimeStamp: 2026/03/14-09:42:37-GMT  BuildTime: Aug  4 2022 06:17:15  BuildStamp: freesurfer-linux-ubuntu22_x86_64-7.3.2-20220804-6354275  User: oesteban  Machine: dna076  Platform: Linux  PlatformVersion: 5.14.0-427.37.1.el9_4.x86_64  CompilerName: GCC  CompilerVersion: 8.4.0
ProgramName: mri_surf2surf  ProgramArguments: mri_surf2surf -all-info  ProgramVersion: 7.3.2  TimeStamp: 2026/03/14-09:42:37-GMT  BuildTime: Aug  4 2022 06:17:15  BuildStamp: freesurfer-linux-ubuntu22_x86_64-7.3.2-20220804-6354275  User: oesteban  Machine: dna076  Platform: Linux  PlatformVersion: 5.14.0-427.37.1.el9_4.x86_64  CompilerName: GCC  CompilerVersion: 8.4.0
ProgramName: mri_surf2vol  ProgramArguments: mri_surf2vol -all-info  ProgramVersion: 7.3.2  TimeStamp: 2026/03/14-09:42:37-GMT  BuildTime: Aug  4 2022 06:17:15  BuildStamp: freesurfer-linux-ubuntu22_x86_64-7.3.2-20220804-6354275  User: oesteban  Machine: dna076  Platform: Linux  PlatformVersion: 5.14.0-427.37.1.el9_4.x86_64  CompilerName: GCC  CompilerVersion: 8.4.0
ProgramName: mri_surfcluster  ProgramArguments: mri_surfcluster -all-info  ProgramVersion: 7.3.2  TimeStamp: 2026/03/14-09:42:37-GMT  BuildTime: Aug  4 2022 06:17:15  BuildStamp: freesurfer-linux-ubuntu22_x86_64-7.3.2-20220804-6354275  User: oesteban  Machine: dna076  Platform: Linux  PlatformVersion: 5.14.0-427.37.1.el9_4.x86_64  CompilerName: GCC  CompilerVersion: 8.4.0
ProgramName: mris_volmask  ProgramArguments: mris_volmask -all-info  ProgramVersion: 7.3.2  TimeStamp: 2026/03/14-09:42:37-GMT  BuildTime: Aug  4 2022 06:17:15  BuildStamp: freesurfer-linux-ubuntu22_x86_64-7.3.2-20220804-6354275  User: oesteban  Machine: dna076  Platform: Linux  PlatformVersion: 5.14.0-427.37.1.el9_4.x86_64  CompilerName: GCC  CompilerVersion: 8.4.0
ProgramName: mri_tessellate  ProgramArguments: mri_tessellate -all-info  ProgramVersion: 7.3.2  TimeStamp: 2026/03/14-09:42:37-GMT  BuildTime: Aug  4 2022 06:17:15  BuildStamp: freesurfer-linux-ubuntu22_x86_64-7.3.2-20220804-6354275  User: oesteban  Machine: dna076  Platform: Linux  PlatformVersion: 5.14.0-427.37.1.el9_4.x86_64  CompilerName: GCC  CompilerVersion: 8.4.0
ProgramName: mri_vol2surf  ProgramArguments: mri_vol2surf -all-info  ProgramVersion: 7.3.2  TimeStamp: 2026/03/14-09:42:37-GMT  BuildTime: Aug  4 2022 06:17:15  BuildStamp: freesurfer-linux-ubuntu22_x86_64-7.3.2-20220804-6354275  User: oesteban  Machine: dna076  Platform: Linux  PlatformVersion: 5.14.0-427.37.1.el9_4.x86_64  CompilerName: GCC  CompilerVersion: 8.4.0
ProgramName: mri_vol2vol  ProgramArguments: mri_vol2vol -all-info  ProgramVersion: 7.3.2  TimeStamp: 2026/03/14-09:42:37-GMT  BuildTime: Aug  4 2022 06:17:15  BuildStamp: freesurfer-linux-ubuntu22_x86_64-7.3.2-20220804-6354275  User: oesteban  Machine: dna076  Platform: Linux  PlatformVersion: 5.14.0-427.37.1.el9_4.x86_64  CompilerName: GCC  CompilerVersion: 8.4.0
ProgramName: mri_voldiff  ProgramArguments: mri_voldiff -all-info  ProgramVersion: 7.3.2  TimeStamp: 2026/03/14-09:42:37-GMT  BuildTime: Aug  4 2022 06:17:15  BuildStamp: freesurfer-linux-ubuntu22_x86_64-7.3.2-20220804-6354275  User: oesteban  Machine: dna076  Platform: Linux  PlatformVersion: 5.14.0-427.37.1.el9_4.x86_64  CompilerName: GCC  CompilerVersion: 8.4.0
ProgramName: mri_watershed  ProgramArguments: mri_watershed -all-info  ProgramVersion: 7.3.2  TimeStamp: 2026/03/14-09:42:37-GMT  BuildTime: Aug  4 2022 06:17:15  BuildStamp: freesurfer-linux-ubuntu22_x86_64-7.3.2-20220804-6354275  User: oesteban  Machine: dna076  Platform: Linux  PlatformVersion: 5.14.0-427.37.1.el9_4.x86_64  CompilerName: GCC  CompilerVersion: 8.4.0
ProgramName: tkregister2  ProgramArguments: tkregister2_cmdl -all-info  ProgramVersion: 7.3.2  TimeStamp: 2026/03/14-09:42:37-GMT  BuildTime: Aug  4 2022 06:17:15  BuildStamp: freesurfer-linux-ubuntu22_x86_64-7.3.2-20220804-6354275  User: oesteban  Machine: dna076  Platform: Linux  PlatformVersion: 5.14.0-427.37.1.el9_4.x86_64  CompilerName: GCC  CompilerVersion: 8.4.0
mri_motion_correct.fsl 7.3.2
mri_convert -all-info 
ProgramName: mri_convert  ProgramArguments: mri_convert -all-info  ProgramVersion: 7.3.2  TimeStamp: 2026/03/14-09:42:37-GMT  BuildTime: Aug  4 2022 06:17:15  BuildStamp: freesurfer-linux-ubuntu22_x86_64-7.3.2-20220804-6354275  User: oesteban  Machine: dna076  Platform: Linux  PlatformVersion: 5.14.0-427.37.1.el9_4.x86_64  CompilerName: GCC  CompilerVersion: 8.4.0
Program nu_correct, built from:
Package MNI N3, version 1.12.0, compiled by nicks@terrier (x86_64-unknown-linux-gnu) on 2015-06-19 at 01:25:34
#######################################
GCADIR /opt/freesurfer/average
GCA RB_all_2020-01-02.gca
GCASkull RB_all_withskull_2020_01_02.gca
AvgCurvTif folding.atlas.acfb40.noaparc.i12.2016-08-02.tif
GCSDIR /opt/freesurfer/average
GCS DKaparc.atlas.acfb40.noaparc.i12.2016-08-02.gcs
#######################################
#--------------------------------------
#@# CA Normalize Sat Mar 14 10:42:37 CET 2026
/out/sourcedata/freesurfer/sub-v2s9x29165_ses-1/mri

 mri_ca_normalize -c ctrl_pts.mgz -mask brainmask.mgz nu.mgz /opt/freesurfer/average/RB_all_2020-01-02.gca transforms/talairach.lta norm.mgz 

writing control point volume to ctrl_pts.mgz
using MR volume brainmask.mgz to mask input volume...
reading 1 input volume
reading atlas from '/opt/freesurfer/average/RB_all_2020-01-02.gca'...
reading transform from 'transforms/talairach.lta'...
reading input volume from nu.mgz...
resetting wm mean[0]: 98 --> 107
resetting gm mean[0]: 61 --> 61
input volume #1 is the most T1-like
using real data threshold=19.0
skull bounding box = (67, 87, 30) --> (192, 212, 201)
finding center of left hemi white matter
using (109, 129, 116) as brain centroid of Right_Cerebral_White_Matter...
mean wm in atlas = 107, using box (94,114,95) --> (124, 144,137) to find MRI wm
before smoothing, mri peak at 107
robust fit to distribution - 107 +- 4.3
after smoothing, mri peak at 107, scaling input intensities by 1.000
scaling channel 0 by 1
using 246437 sample points...
INFO: compute sample coordinates transform
 1.10628  -0.07832  -0.07780   1.57365;
 0.10908   1.10990   0.31632  -92.69327;
 0.06642  -0.29365   0.98929   32.05663;
 0.00000   0.00000   0.00000   1.00000;
INFO: transform used
finding control points in Left_Cerebral_White_Matter....
found 40230 control points for structure...
bounding box (127, 88, 36) --> (191, 193, 194)
Left_Cerebral_White_Matter: limiting intensities to 94.0 --> 132.0
1 of 5388 (0.0%) samples deleted
finding control points in Right_Cerebral_White_Matter....
found 39478 control points for structure...
bounding box (71, 89, 37) --> (134, 188, 196)
Right_Cerebral_White_Matter: limiting intensities to 94.0 --> 132.0
1 of 5652 (0.0%) samples deleted
finding control points in Left_Cerebellum_White_Matter....
found 3105 control points for structure...
bounding box (132, 167, 63) --> (178, 206, 116)
Left_Cerebellum_White_Matter: limiting intensities to 88.0 --> 132.0
14 of 14 (100.0%) samples deleted
finding control points in Right_Cerebellum_White_Matter....
found 2710 control points for structure...
bounding box (94, 167, 64) --> (132, 208, 119)
Right_Cerebellum_White_Matter: limiting intensities to 88.0 --> 132.0
15 of 15 (100.0%) samples deleted
finding control points in Brain_Stem....
found 3475 control points for structure...
bounding box (118, 156, 99) --> (150, 217, 128)
Brain_Stem: limiting intensities to 90.0 --> 132.0
1 of 77 (1.3%) samples deleted
using 11146 total control points for intensity normalization...
bias field = 0.977 +- 0.035
47 of 11114 control points discarded
finding control points in Left_Cerebral_White_Matter....
found 40230 control points for structure...
bounding box (127, 88, 36) --> (191, 193, 194)
Left_Cerebral_White_Matter: limiting intensities to 92.0 --> 132.0
3 of 5581 (0.1%) samples deleted
finding control points in Right_Cerebral_White_Matter....
found 39478 control points for structure...
bounding box (71, 89, 37) --> (134, 188, 196)
Right_Cerebral_White_Matter: limiting intensities to 91.0 --> 132.0
1 of 5877 (0.0%) samples deleted
finding control points in Left_Cerebellum_White_Matter....
found 3105 control points for structure...
bounding box (132, 167, 63) --> (178, 206, 116)
Left_Cerebellum_White_Matter: limiting intensities to 88.0 --> 132.0
40 of 45 (88.9%) samples deleted
finding control points in Right_Cerebellum_White_Matter....
found 2710 control points for structure...
bounding box (94, 167, 64) --> (132, 208, 119)
Right_Cerebellum_White_Matter: limiting intensities to 88.0 --> 132.0
41 of 46 (89.1%) samples deleted
finding control points in Brain_Stem....
found 3475 control points for structure...
bounding box (118, 156, 99) --> (150, 217, 128)
Brain_Stem: limiting intensities to 88.0 --> 132.0
50 of 160 (31.2%) samples deleted
using 11709 total control points for intensity normalization...
bias field = 1.013 +- 0.036
38 of 11488 control points discarded
finding control points in Left_Cerebral_White_Matter....
found 40230 control points for structure...
bounding box (127, 88, 36) --> (191, 193, 194)
Left_Cerebral_White_Matter: limiting intensities to 90.0 --> 132.0
4 of 5640 (0.1%) samples deleted
finding control points in Right_Cerebral_White_Matter....
found 39478 control points for structure...
bounding box (71, 89, 37) --> (134, 188, 196)
Right_Cerebral_White_Matter: limiting intensities to 90.0 --> 132.0
2 of 5951 (0.0%) samples deleted
finding control points in Left_Cerebellum_White_Matter....
found 3105 control points for structure...
bounding box (132, 167, 63) --> (178, 206, 116)
Left_Cerebellum_White_Matter: limiting intensities to 88.0 --> 132.0
56 of 60 (93.3%) samples deleted
finding control points in Right_Cerebellum_White_Matter....
found 2710 control points for structure...
bounding box (94, 167, 64) --> (132, 208, 119)
Right_Cerebellum_White_Matter: limiting intensities to 88.0 --> 132.0
65 of 68 (95.6%) samples deleted
finding control points in Brain_Stem....
found 3475 control points for structure...
bounding box (118, 156, 99) --> (150, 217, 128)
Brain_Stem: limiting intensities to 88.0 --> 132.0
33 of 169 (19.5%) samples deleted
using 11888 total control points for intensity normalization...
bias field = 1.013 +- 0.035
35 of 11584 control points discarded
writing normalized volume to norm.mgz...
writing control points to ctrl_pts.mgz
freeing GCA...done.
normalization took 0 minutes and 54 seconds.
#--------------------------------------
#@# CA Reg Sat Mar 14 10:43:30 CET 2026
/out/sourcedata/freesurfer/sub-v2s9x29165_ses-1/mri

 mri_ca_register -nobigventricles -T transforms/talairach.lta -align-after -mask brainmask.mgz norm.mgz /opt/freesurfer/average/RB_all_2020-01-02.gca transforms/talairach.m3z 

not handling expanded ventricles...
using previously computed transform transforms/talairach.lta
renormalizing sequences with structure alignment, equivalent to:
	-renormalize
	-regularize_mean 0.500
	-regularize 0.500
using MR volume brainmask.mgz to mask input volume...

== Number of threads available to mri_ca_register for OpenMP = 16 == 
reading 1 input volumes...
logging results to talairach.log
reading input volume 'norm.mgz'...
reading GCA '/opt/freesurfer/average/RB_all_2020-01-02.gca'...
label assignment complete, 0 changed (0.00%)
freeing gibbs priors...done.
average std[0] = 5.0
Starting GCAMregister()
label assignment complete, 0 changed (0.00%)
npasses = 1, nlevels = 6
#pass# 1 of 1 ************************
enabling zero nodes
setting smoothness cost coefficient to 0.156

#GCAMreg# pass 0 level1 5 level2 0 tsec 0 sigma 2
l_jacobian=1.00 l_label=1.00 l_log_likelihood=0.20 l_smoothness=0.16 
tol=2.50e-01, dt=5.00e-02, exp_k=20.0, momentum=0.90, levels=6, niter=500, lbl_dist=10.00, avgs=256, sigma=2.0,type=2, relabel=0, neg=no

blurring input image with Gaussian with sigma=2.000...
GCAMRegisterLevel(): init RMS 0.857994
#FOTS# QuadFit found better minimum quadopt=(dt=182.475,rms=0.762469) vs oldopt=(dt=92.48,rms=0.787863)
#GCMRL#    0 dt 182.474984 rms  0.762 11.134% neg 0  invalid 762 tFOTS 3.1330 tGradient 2.8910 tsec 6.2970
#FOTS# QuadFit found better minimum quadopt=(dt=219.13,rms=0.737593) vs oldopt=(dt=92.48,rms=0.746422)
#GCMRL#    1 dt 219.130435 rms  0.738  3.263% neg 0  invalid 762 tFOTS 3.0110 tGradient 2.1980 tsec 5.4780
#FOTS# QuadFit found better minimum quadopt=(dt=158.863,rms=0.727419) vs oldopt=(dt=92.48,rms=0.729496)
#GCMRL#    2 dt 158.862944 rms  0.727  1.379% neg 0  invalid 762 tFOTS 3.2820 tGradient 2.1840 tsec 5.7970
#FOTS# QuadFit found better minimum quadopt=(dt=221.952,rms=0.721034) vs oldopt=(dt=369.92,rms=0.72228)
#GCMRL#    3 dt 221.952000 rms  0.721  0.878% neg 0  invalid 762 tFOTS 3.0580 tGradient 2.1820 tsec 5.5040
#FOTS# QuadFit found better minimum quadopt=(dt=160,rms=0.716996) vs oldopt=(dt=92.48,rms=0.717947)
#GCMRL#    4 dt 160.000000 rms  0.717  0.560% neg 0  invalid 762 tFOTS 3.2660 tGradient 2.1590 tsec 5.7060
#FOTS# QuadFit found better minimum quadopt=(dt=295.936,rms=0.713527) vs oldopt=(dt=369.92,rms=0.713864)
#GCMRL#    5 dt 295.936000 rms  0.714  0.484% neg 0  invalid 762 tFOTS 3.0310 tGradient 2.1730 tsec 5.4960
#FOTS# QuadFit found better minimum quadopt=(dt=129.472,rms=0.710506) vs oldopt=(dt=92.48,rms=0.710806)
#GCMRL#    6 dt 129.472000 rms  0.711  0.423% neg 0  invalid 762 tFOTS 3.3360 tGradient 2.0770 tsec 5.6830
#GCMRL#    7 dt 369.920000 rms  0.708  0.359% neg 0  invalid 762 tFOTS 3.6380 tGradient 2.1780 tsec 6.0860
#FOTS# QuadFit found better minimum quadopt=(dt=129.472,rms=0.705722) vs oldopt=(dt=92.48,rms=0.705924)
#GCMRL#    8 dt 129.472000 rms  0.706  0.316% neg 0  invalid 762 tFOTS 3.6450 tGradient 2.1910 tsec 6.1120
#FOTS# QuadFit found better minimum quadopt=(dt=295.936,rms=0.704324) vs oldopt=(dt=369.92,rms=0.70438)
#GCMRL#    9 dt 295.936000 rms  0.704  0.000% neg 0  invalid 762 tFOTS 3.5490 tGradient 2.3170 tsec 6.1790
#GCMRL#   10 dt 295.936000 rms  0.704  0.036% neg 0  invalid 762 tFOTS 0.0000 tGradient 2.3240 tsec 2.5920
#GCMRL#   11 dt 295.936000 rms  0.701  0.493% neg 0  invalid 762 tFOTS 0.0000 tGradient 2.2260 tsec 2.4970
#GCMRL#   12 dt 295.936000 rms  0.696  0.588% neg 0  invalid 762 tFOTS 0.0000 tGradient 2.2530 tsec 2.5250
#GCMRL#   13 dt 295.936000 rms  0.694  0.291% neg 0  invalid 762 tFOTS 0.0000 tGradient 2.4050 tsec 2.6810
#GCMRL#   14 dt 295.936000 rms  0.692  0.354% neg 0  invalid 762 tFOTS 0.0000 tGradient 2.3340 tsec 2.6090
#GCMRL#   15 dt 295.936000 rms  0.688  0.576% neg 0  invalid 762 tFOTS 0.0000 tGradient 2.2760 tsec 2.5500
#GCMRL#   16 dt 295.936000 rms  0.686  0.320% neg 0  invalid 762 tFOTS 0.0000 tGradient 2.2190 tsec 2.4910
#GCMRL#   17 dt 295.936000 rms  0.685  0.144% neg 0  invalid 762 tFOTS 0.0000 tGradient 2.3870 tsec 2.6580
#GCMRL#   18 dt 295.936000 rms  0.683  0.264% neg 0  invalid 762 tFOTS 0.0000 tGradient 2.3270 tsec 2.5950
#GCMRL#   19 dt 295.936000 rms  0.680  0.373% neg 0  invalid 762 tFOTS 0.0000 tGradient 2.2740 tsec 2.5430
#GCMRL#   20 dt 295.936000 rms  0.679  0.240% neg 0  invalid 762 tFOTS 0.0000 tGradient 2.3730 tsec 2.6430
#GCMRL#   21 dt 295.936000 rms  0.678  0.089% neg 0  invalid 762 tFOTS 0.0000 tGradient 2.3610 tsec 2.6350
#GCMRL#   22 dt 295.936000 rms  0.677  0.206% neg 0  invalid 762 tFOTS 0.0000 tGradient 2.5400 tsec 2.8020
#GCMRL#   23 dt 295.936000 rms  0.675  0.231% neg 0  invalid 762 tFOTS 0.0000 tGradient 2.3430 tsec 2.5930
#GCMRL#   24 dt 295.936000 rms  0.674  0.191% neg 0  invalid 762 tFOTS 0.0000 tGradient 2.2170 tsec 2.4660
#GCMRL#   25 dt 295.936000 rms  0.674  0.034% neg 0  invalid 762 tFOTS 0.0000 tGradient 2.1560 tsec 2.3790
#GCMRL#   26 dt 295.936000 rms  0.674  0.005% neg 0  invalid 762 tFOTS 0.0000 tGradient 2.1250 tsec 2.4040
#FOTS# QuadFit found better minimum quadopt=(dt=110.976,rms=0.672802) vs oldopt=(dt=92.48,rms=0.672803)
#GCMRL#   27 dt 110.976000 rms  0.673  0.135% neg 0  invalid 762 tFOTS 3.2870 tGradient 2.1670 tsec 5.7210
#FOTS# QuadFit found better minimum quadopt=(dt=73.984,rms=0.672792) vs oldopt=(dt=92.48,rms=0.672793)
#GCMRL#   28 dt  73.984000 rms  0.673  0.000% neg 0  invalid 762 tFOTS 3.4720 tGradient 2.1610 tsec 5.9220
#GCMRL#   29 dt  73.984000 rms  0.673  0.002% neg 0  invalid 762 tFOTS 0.0000 tGradient 2.1650 tsec 2.4160
#GCMRL#   30 dt  73.984000 rms  0.673  0.003% neg 0  invalid 762 tFOTS 0.0000 tGradient 2.2320 tsec 2.4870
#GCMRL#   31 dt  73.984000 rms  0.673  0.007% neg 0  invalid 762 tFOTS 0.0000 tGradient 2.2690 tsec 2.5280
#GCMRL#   32 dt  73.984000 rms  0.673  0.006% neg 0  invalid 762 tFOTS 0.0000 tGradient 2.3400 tsec 2.6100

#GCAMreg# pass 0 level1 5 level2 1 tsec 134.567 sigma 0.5
l_jacobian=1.00 l_label=1.00 l_log_likelihood=0.20 l_smoothness=0.16 
tol=2.50e-01, dt=5.00e-02, exp_k=20.0, momentum=0.90, levels=6, niter=500, lbl_dist=10.00, avgs=256, sigma=0.5,type=2, relabel=0, neg=no

blurring input image with Gaussian with sigma=0.500...
GCAMRegisterLevel(): init RMS 0.673429
#FOTS# QuadFit found better minimum quadopt=(dt=129.472,rms=0.672158) vs oldopt=(dt=92.48,rms=0.672251)
#GCMRL#   34 dt 129.472000 rms  0.672  0.189% neg 0  invalid 762 tFOTS 3.4960 tGradient 2.2760 tsec 6.0520
#FOTS# QuadFit found better minimum quadopt=(dt=443.904,rms=0.671764) vs oldopt=(dt=369.92,rms=0.671766)
#GCMRL#   35 dt 443.904000 rms  0.672  0.000% neg 0  invalid 762 tFOTS 3.7260 tGradient 2.1900 tsec 6.2160
#GCMRL#   36 dt 443.904000 rms  0.672  0.020% neg 0  invalid 762 tFOTS 0.0000 tGradient 2.2840 tsec 2.5590
setting smoothness cost coefficient to 0.615

#GCAMreg# pass 0 level1 4 level2 0 tsec 0 sigma 2
l_jacobian=1.00 l_label=1.00 l_log_likelihood=0.20 l_smoothness=0.62 
tol=2.50e-01, dt=5.00e-02, exp_k=20.0, momentum=0.90, levels=6, niter=500, lbl_dist=10.00, avgs=64, sigma=2.0,type=2, relabel=0, neg=no

blurring input image with Gaussian with sigma=2.000...
GCAMRegisterLevel(): init RMS 0.689645
#FOTS# QuadFit found better minimum quadopt=(dt=36.288,rms=0.68775) vs oldopt=(dt=25.92,rms=0.687934)
#GCMRL#   38 dt  36.288000 rms  0.688  0.275% neg 0  invalid 762 tFOTS 3.9010 tGradient 1.6650 tsec 5.9140
#FOTS# QuadFit found better minimum quadopt=(dt=36.288,rms=0.686973) vs oldopt=(dt=25.92,rms=0.687117)
#GCMRL#   39 dt  36.288000 rms  0.687  0.000% neg 0  invalid 762 tFOTS 4.3100 tGradient 1.7890 tsec 6.4740
#GCMRL#   40 dt  36.288000 rms  0.686  0.115% neg 0  invalid 762 tFOTS 0.0000 tGradient 1.7920 tsec 2.1130
#GCMRL#   41 dt  36.288000 rms  0.685  0.131% neg 0  invalid 762 tFOTS 0.0000 tGradient 1.8010 tsec 2.0890
#GCMRL#   42 dt  36.288000 rms  0.684  0.122% neg 0  invalid 762 tFOTS 0.0000 tGradient 1.7860 tsec 2.1060
#GCMRL#   43 dt  36.288000 rms  0.683  0.181% neg 0  invalid 762 tFOTS 0.0000 tGradient 2.0650 tsec 2.3820
#GCMRL#   44 dt  36.288000 rms  0.681  0.292% neg 0  invalid 762 tFOTS 0.0000 tGradient 1.8990 tsec 2.2030
#GCMRL#   45 dt  36.288000 rms  0.678  0.420% neg 0  invalid 762 tFOTS 0.0000 tGradient 1.8970 tsec 2.2020
#GCMRL#   46 dt  36.288000 rms  0.675  0.526% neg 0  invalid 762 tFOTS 0.0000 tGradient 2.1150 tsec 2.4450
#GCMRL#   47 dt  36.288000 rms  0.671  0.554% neg 0  invalid 762 tFOTS 0.0000 tGradient 1.8340 tsec 2.1210
#GCMRL#   48 dt  36.288000 rms  0.668  0.507% neg 0  invalid 762 tFOTS 0.0000 tGradient 1.8580 tsec 2.1600
#GCMRL#   49 dt  36.288000 rms  0.665  0.407% neg 0  invalid 762 tFOTS 0.0000 tGradient 1.9210 tsec 2.2070
#GCMRL#   50 dt  36.288000 rms  0.663  0.272% neg 0  invalid 762 tFOTS 0.0000 tGradient 1.9150 tsec 2.2150
#GCMRL#   51 dt  36.288000 rms  0.662  0.140% neg 0  invalid 762 tFOTS 0.0000 tGradient 2.0000 tsec 2.3380
#GCMRL#   52 dt  36.288000 rms  0.662  0.032% neg 0  invalid 762 tFOTS 0.0000 tGradient 1.9890 tsec 2.2840
#GCMRL#   53 dt  36.288000 rms  0.662 -0.036% neg 0  invalid 762 tFOTS 0.0000 tGradient 1.9680 tsec 2.5280

#GCAMreg# pass 0 level1 4 level2 1 tsec 58.462 sigma 0.5
l_jacobian=1.00 l_label=1.00 l_log_likelihood=0.20 l_smoothness=0.62 
tol=2.50e-01, dt=5.00e-02, exp_k=20.0, momentum=0.90, levels=6, niter=500, lbl_dist=10.00, avgs=64, sigma=0.5,type=2, relabel=0, neg=no

blurring input image with Gaussian with sigma=0.500...
GCAMRegisterLevel(): init RMS 0.66268
#GCMRL#   55 dt   0.000000 rms  0.662  0.107% neg 0  invalid 762 tFOTS 3.9620 tGradient 1.8100 tsec 6.1070
setting smoothness cost coefficient to 2.353

#GCAMreg# pass 0 level1 3 level2 0 tsec 0 sigma 2
l_jacobian=1.00 l_label=1.00 l_log_likelihood=0.20 l_smoothness=2.35 
tol=2.50e-01, dt=5.00e-02, exp_k=20.0, momentum=0.90, levels=6, niter=500, lbl_dist=10.00, avgs=16, sigma=2.0,type=2, relabel=0, neg=no

blurring input image with Gaussian with sigma=2.000...
GCAMRegisterLevel(): init RMS 0.707707
#FOTS# QuadFit found better minimum quadopt=(dt=2.8,rms=0.705703) vs oldopt=(dt=2,rms=0.705943)
#GCMRL#   57 dt   2.800000 rms  0.706  0.283% neg 0  invalid 762 tFOTS 2.7620 tGradient 1.3930 tsec 4.3860
#GCMRL#   58 dt   2.000000 rms  0.705  0.000% neg 0  invalid 762 tFOTS 2.6540 tGradient 1.3880 tsec 4.2760

#GCAMreg# pass 0 level1 3 level2 1 tsec 18.759 sigma 0.5
l_jacobian=1.00 l_label=1.00 l_log_likelihood=0.20 l_smoothness=2.35 
tol=2.50e-01, dt=5.00e-02, exp_k=20.0, momentum=0.90, levels=6, niter=500, lbl_dist=10.00, avgs=16, sigma=0.5,type=2, relabel=0, neg=no

blurring input image with Gaussian with sigma=0.500...
GCAMRegisterLevel(): init RMS 0.706099
#FOTS# QuadFit found better minimum quadopt=(dt=0.6,rms=0.705446) vs oldopt=(dt=0.5,rms=0.705447)
#GCMRL#   60 dt   0.600000 rms  0.705  0.092% neg 0  invalid 762 tFOTS 2.6680 tGradient 1.4350 tsec 4.3280
#FOTS# QuadFit found better minimum quadopt=(dt=0.075,rms=0.70544) vs oldopt=(dt=0.125,rms=0.70544)
#GCMRL#   61 dt   0.075000 rms  0.705  0.000% neg 0  invalid 762 tFOTS 2.6620 tGradient 1.3970 tsec 4.3150
setting smoothness cost coefficient to 8.000

#GCAMreg# pass 0 level1 2 level2 0 tsec 0 sigma 2
l_jacobian=1.00 l_label=1.00 l_log_likelihood=0.20 l_smoothness=8.00 
tol=2.50e-01, dt=5.00e-02, exp_k=20.0, momentum=0.90, levels=6, niter=500, lbl_dist=10.00, avgs=4, sigma=2.0,type=2, relabel=0, neg=no

blurring input image with Gaussian with sigma=2.000...
GCAMRegisterLevel(): init RMS 0.809822
#FOTS# QuadFit found better minimum quadopt=(dt=2.83768,rms=0.785277) vs oldopt=(dt=2.88,rms=0.785282)
#GCMRL#   63 dt   2.837683 rms  0.785  3.031% neg 0  invalid 762 tFOTS 2.6610 tGradient 1.2620 tsec 4.1610
#FOTS# QuadFit found better minimum quadopt=(dt=3.16623,rms=0.778041) vs oldopt=(dt=2.88,rms=0.778097)
#GCMRL#   64 dt   3.166227 rms  0.778  0.921% neg 0  invalid 762 tFOTS 2.6620 tGradient 1.2820 tsec 4.1720
#GCMRL#   65 dt   2.880000 rms  0.774  0.547% neg 0  invalid 762 tFOTS 2.6740 tGradient 1.3450 tsec 4.2410
#FOTS# QuadFit found better minimum quadopt=(dt=2.02703,rms=0.772082) vs oldopt=(dt=2.88,rms=0.772395)
#GCMRL#   66 dt   2.027027 rms  0.772  0.000% neg 0  invalid 762 tFOTS 2.6840 tGradient 1.1950 tsec 4.1290
#GCMRL#   67 dt   2.027027 rms  0.770  0.239% neg 0  invalid 762 tFOTS 0.0000 tGradient 1.1620 tsec 1.3750
#GCMRL#   68 dt   2.027027 rms  0.769  0.185% neg 0  invalid 762 tFOTS 0.0000 tGradient 1.1960 tsec 1.4110
#GCMRL#   69 dt   2.027027 rms  0.769  0.010% neg 0  invalid 762 tFOTS 0.0000 tGradient 1.2170 tsec 1.4310
#GCMRL#   70 dt   2.027027 rms  0.769 -0.249% neg 0  invalid 762 tFOTS 0.0000 tGradient 1.2280 tsec 1.6210
#FOTS# QuadFit found better minimum quadopt=(dt=7.50282,rms=0.767522) vs oldopt=(dt=11.52,rms=0.767874)
#GCMRL#   71 dt   7.502825 rms  0.768  0.157% neg 0  invalid 762 tFOTS 2.6990 tGradient 1.2260 tsec 4.1720
#FOTS# QuadFit found better minimum quadopt=(dt=2.71795,rms=0.767028) vs oldopt=(dt=2.88,rms=0.767034)

#GCAMreg# pass 0 level1 2 level2 1 tsec 38.963 sigma 0.5
l_jacobian=1.00 l_label=1.00 l_log_likelihood=0.20 l_smoothness=8.00 
tol=2.50e-01, dt=5.00e-02, exp_k=20.0, momentum=0.90, levels=6, niter=500, lbl_dist=10.00, avgs=4, sigma=0.5,type=2, relabel=0, neg=no

blurring input image with Gaussian with sigma=0.500...
GCAMRegisterLevel(): init RMS 0.767475
#GCMRL#   73 dt   0.000000 rms  0.767  0.060% neg 0  invalid 762 tFOTS 2.5180 tGradient 1.2190 tsec 3.9650
setting smoothness cost coefficient to 20.000

#GCAMreg# pass 0 level1 1 level2 0 tsec 0 sigma 2
l_jacobian=1.00 l_label=1.00 l_log_likelihood=0.20 l_smoothness=20.00 
tol=2.50e-01, dt=5.00e-02, exp_k=20.0, momentum=0.90, levels=6, niter=500, lbl_dist=10.00, avgs=1, sigma=2.0,type=2, relabel=0, neg=no

blurring input image with Gaussian with sigma=2.000...
GCAMRegisterLevel(): init RMS 0.80943
#GCMRL#   75 dt   0.000000 rms  0.809  0.054% neg 0  invalid 762 tFOTS 2.5150 tGradient 1.0330 tsec 3.7760

#GCAMreg# pass 0 level1 1 level2 1 tsec 15.775 sigma 0.5
l_jacobian=1.00 l_label=1.00 l_log_likelihood=0.20 l_smoothness=20.00 
tol=2.50e-01, dt=5.00e-02, exp_k=20.0, momentum=0.90, levels=6, niter=500, lbl_dist=10.00, avgs=1, sigma=0.5,type=2, relabel=0, neg=no

blurring input image with Gaussian with sigma=0.500...
GCAMRegisterLevel(): init RMS 0.80943
#GCMRL#   77 dt   0.000000 rms  0.809  0.054% neg 0  invalid 762 tFOTS 2.5180 tGradient 1.0150 tsec 3.7780
resetting metric properties...
setting smoothness cost coefficient to 40.000

#GCAMreg# pass 0 level1 0 level2 0 tsec 0 sigma 2
l_jacobian=1.00 l_label=1.00 l_log_likelihood=0.20 l_smoothness=40.00 
tol=2.50e-01, dt=5.00e-02, exp_k=20.0, momentum=0.90, levels=6, niter=500, lbl_dist=10.00, avgs=0, sigma=2.0,type=2, relabel=0, neg=no

blurring input image with Gaussian with sigma=2.000...
GCAMRegisterLevel(): init RMS 0.738182
#FOTS# QuadFit found better minimum quadopt=(dt=0.210403,rms=0.733339) vs oldopt=(dt=0.32,rms=0.734212)
#GCMRL#   79 dt   0.210403 rms  0.733  0.656% neg 0  invalid 762 tFOTS 2.7710 tGradient 0.6150 tsec 3.6190
#GCMRL#   80 dt   0.020000 rms  0.733  0.000% neg 0  invalid 762 tFOTS 2.7650 tGradient 0.6160 tsec 3.6210

#GCAMreg# pass 0 level1 0 level2 1 tsec 16.393 sigma 0.5
l_jacobian=1.00 l_label=1.00 l_log_likelihood=0.20 l_smoothness=40.00 
tol=2.50e-01, dt=5.00e-02, exp_k=20.0, momentum=0.90, levels=6, niter=500, lbl_dist=10.00, avgs=0, sigma=0.5,type=2, relabel=0, neg=no

blurring input image with Gaussian with sigma=0.500...
GCAMRegisterLevel(): init RMS 0.733591
#FOTS# QuadFit found better minimum quadopt=(dt=0.012,rms=0.733074) vs oldopt=(dt=0.02,rms=0.733092)
#GCMRL#   82 dt   0.012000 rms  0.733  0.070% neg 0  invalid 762 tFOTS 2.6570 tGradient 0.5760 tsec 3.4540
#FOTS# QuadFit found better minimum quadopt=(dt=0.00075,rms=0.733079) vs oldopt=(dt=0.00125,rms=0.733079)
GCAMregister done in 5.877 min
Starting GCAmapRenormalizeWithAlignment() without scales
renormalizing by structure alignment....
renormalizing input #0
gca peak = 0.10253 (16)
mri peak = 0.08705 (54)
Left_Lateral_Ventricle (4): linear fit = 0.63 x + 0.0 (369 voxels, overlap=0.169)
Left_Lateral_Ventricle (4): linear fit = 0.63 x + 0.0 (369 voxels, peak = 10), gca=10.2
gca peak = 0.17690 (16)
mri peak = 0.09326 (12)
Right_Lateral_Ventricle (43): linear fit = 0.44 x + 0.0 (381 voxels, overlap=0.342)
Right_Lateral_Ventricle (43): linear fit = 0.44 x + 0.0 (381 voxels, peak =  7), gca=7.0
gca peak = 0.28275 (96)
mri peak = 0.15745 (94)
Right_Pallidum (52): linear fit = 0.99 x + 0.0 (776 voxels, overlap=1.000)
Right_Pallidum (52): linear fit = 0.99 x + 0.0 (776 voxels, peak = 95), gca=94.6
gca peak = 0.18948 (93)
mri peak = 0.08891 (89)
Left_Pallidum (13): linear fit = 0.94 x + 0.0 (709 voxels, overlap=0.741)
Left_Pallidum (13): linear fit = 0.94 x + 0.0 (709 voxels, peak = 88), gca=87.9
gca peak = 0.20755 (55)
mri peak = 0.09331 (60)
Right_Hippocampus (53): linear fit = 1.04 x + 0.0 (491 voxels, overlap=0.997)
Right_Hippocampus (53): linear fit = 1.04 x + 0.0 (491 voxels, peak = 57), gca=57.5
gca peak = 0.31831 (58)
mri peak = 0.07655 (58)
Left_Hippocampus (17): linear fit = 1.02 x + 0.0 (619 voxels, overlap=1.000)
Left_Hippocampus (17): linear fit = 1.02 x + 0.0 (619 voxels, peak = 59), gca=59.4
gca peak = 0.11957 (102)
mri peak = 0.11630 (104)
Right_Cerebral_White_Matter (41): linear fit = 1.05 x + 0.0 (48146 voxels, overlap=0.576)
Right_Cerebral_White_Matter (41): linear fit = 1.05 x + 0.0 (48146 voxels, peak = 108), gca=107.6
gca peak = 0.11429 (102)
mri peak = 0.11338 (107)
Left_Cerebral_White_Matter (2): linear fit = 1.07 x + 0.0 (48319 voxels, overlap=0.366)
Left_Cerebral_White_Matter (2): linear fit = 1.07 x + 0.0 (48319 voxels, peak = 109), gca=108.6
gca peak = 0.14521 (59)
mri peak = 0.06112 (54)
Left_Cerebral_Cortex (3): linear fit = 0.92 x + 0.0 (20865 voxels, overlap=0.833)
Left_Cerebral_Cortex (3): linear fit = 0.92 x + 0.0 (20865 voxels, peak = 54), gca=54.0
gca peak = 0.14336 (58)
mri peak = 0.06217 (54)
Right_Cerebral_Cortex (42): linear fit = 0.92 x + 0.0 (21086 voxels, overlap=0.848)
Right_Cerebral_Cortex (42): linear fit = 0.92 x + 0.0 (21086 voxels, peak = 53), gca=53.1
gca peak = 0.13305 (70)
mri peak = 0.17935 (68)
Right_Caudate (50): linear fit = 0.99 x + 0.0 (775 voxels, overlap=0.901)
Right_Caudate (50): linear fit = 0.99 x + 0.0 (775 voxels, peak = 69), gca=69.0
gca peak = 0.15761 (71)
mri peak = 0.18525 (68)
Left_Caudate (11): linear fit = 0.94 x + 0.0 (870 voxels, overlap=0.531)
Left_Caudate (11): linear fit = 0.94 x + 0.0 (870 voxels, peak = 67), gca=67.1
gca peak = 0.13537 (57)
mri peak = 0.05279 (26)
Left_Cerebellum_Cortex (8): linear fit = 0.44 x + 0.0 (22331 voxels, overlap=0.001)
Left_Cerebellum_Cortex (8): linear fit = 0.44 x + 0.0 (22331 voxels, peak = 25), gca=24.8
gca peak = 0.13487 (56)
mri peak = 0.05383 (26)
Right_Cerebellum_Cortex (47): linear fit = 0.46 x + 0.0 (21656 voxels, overlap=0.001)
Right_Cerebellum_Cortex (47): linear fit = 0.46 x + 0.0 (21656 voxels, peak = 25), gca=25.5
gca peak = 0.19040 (84)
mri peak = 0.03166 (66)
Left_Cerebellum_White_Matter (7): linear fit = 0.77 x + 0.0 (7546 voxels, overlap=0.061)
Left_Cerebellum_White_Matter (7): linear fit = 0.77 x + 0.0 (7546 voxels, peak = 65), gca=65.1
gca peak = 0.18871 (83)
mri peak = 0.02991 (66)
Right_Cerebellum_White_Matter (46): linear fit = 0.86 x + 0.0 (6778 voxels, overlap=0.012)
Right_Cerebellum_White_Matter (46): linear fit = 0.86 x + 0.0 (6778 voxels, peak = 71), gca=71.0
gca peak = 0.24248 (57)
mri peak = 0.09226 (67)
Left_Amygdala (18): linear fit = 1.13 x + 0.0 (337 voxels, overlap=0.786)
Left_Amygdala (18): linear fit = 1.13 x + 0.0 (337 voxels, peak = 65), gca=64.7
gca peak = 0.35833 (56)
mri peak = 0.08373 (57)
Right_Amygdala (54): linear fit = 1.04 x + 0.0 (438 voxels, overlap=0.996)
Right_Amygdala (54): linear fit = 1.04 x + 0.0 (438 voxels, peak = 59), gca=58.5
gca peak = 0.12897 (85)
mri peak = 0.04546 (95)
Left_Thalamus (10): linear fit = 1.07 x + 0.0 (4815 voxels, overlap=0.866)
Left_Thalamus (10): linear fit = 1.07 x + 0.0 (4815 voxels, peak = 91), gca=90.5
gca peak = 0.13127 (83)
mri peak = 0.07557 (81)
Right_Thalamus (49): linear fit = 1.02 x + 0.0 (3987 voxels, overlap=0.881)
Right_Thalamus (49): linear fit = 1.02 x + 0.0 (3987 voxels, peak = 85), gca=85.1
gca peak = 0.12974 (78)
mri peak = 0.09095 (79)
Left_Putamen (12): linear fit = 1.00 x + 0.0 (2056 voxels, overlap=0.998)
Left_Putamen (12): linear fit = 1.00 x + 0.0 (2056 voxels, peak = 78), gca=78.0
gca peak = 0.17796 (79)
mri peak = 0.11454 (82)
Right_Putamen (51): linear fit = 1.02 x + 0.0 (2119 voxels, overlap=0.997)
Right_Putamen (51): linear fit = 1.02 x + 0.0 (2119 voxels, peak = 81), gca=81.0
gca peak = 0.10999 (80)
mri peak = 0.08529 (91)
Brain_Stem (16): linear fit = 1.14 x + 0.0 (9143 voxels, overlap=0.417)
Brain_Stem (16): linear fit = 1.14 x + 0.0 (9143 voxels, peak = 92), gca=91.6
gca peak = 0.13215 (88)
mri peak = 0.05533 (106)
Right_VentralDC (60): linear fit = 1.16 x + 0.0 (869 voxels, overlap=0.487)
Right_VentralDC (60): linear fit = 1.16 x + 0.0 (869 voxels, peak = 103), gca=102.5
gca peak = 0.11941 (89)
mri peak = 0.06035 (100)
Left_VentralDC (28): linear fit = 1.14 x + 0.0 (1097 voxels, overlap=0.577)
Left_VentralDC (28): linear fit = 1.14 x + 0.0 (1097 voxels, peak = 102), gca=101.9
gca peak = 0.20775 (25)
uniform distribution in MR - rejecting arbitrary fit
gca peak = 0.13297 (21)
mri peak = 0.07888 (10)
Fourth_Ventricle (15): linear fit = 0.38 x + 0.0 (142 voxels, overlap=0.023)
Fourth_Ventricle (15): linear fit = 0.38 x + 0.0 (142 voxels, peak =  8), gca=8.1
gca peak Unknown = 0.94777 ( 0)
gca peak Left_Inf_Lat_Vent = 0.19087 (28)
gca peak Left_Cerebellum_Cortex = 0.13537 (57)
gca peak Third_Ventricle = 0.20775 (25)
gca peak Fourth_Ventricle = 0.13297 (21)
gca peak CSF = 0.16821 (33)
gca peak Left_Accumbens_area = 0.32850 (63)
gca peak Left_undetermined = 0.98480 (28)
gca peak Left_vessel = 0.40887 (53)
gca peak Left_choroid_plexus = 0.10898 (46)
gca peak Right_Inf_Lat_Vent = 0.17798 (26)
gca peak Right_Cerebellum_Cortex = 0.13487 (56)
gca peak Right_Accumbens_area = 0.30137 (64)
gca peak Right_vessel = 0.47828 (52)
gca peak Right_choroid_plexus = 0.11612 (45)
gca peak Fifth_Ventricle = 0.59466 (35)
gca peak WM_hypointensities = 0.10053 (78)
gca peak non_WM_hypointensities = 0.07253 (60)
gca peak Optic_Chiasm = 0.25330 (73)
not using caudate to estimate GM means
estimating mean gm scale to be 1.01 x + 0.0
estimating mean wm scale to be 1.06 x + 0.0
estimating mean csf scale to be 0.53 x + 0.0
setting left cbm cortex = 1.01 x + 0.00
setting right cbm cortex = 1.01 x + 0.00
saving intensity scales to talairach.label_intensities.txt
GCAmapRenormalizeWithAlignment() took 2.294 min
noneg pre
Starting GCAMregister()
label assignment complete, 0 changed (0.00%)
npasses = 1, nlevels = 6
#pass# 1 of 1 ************************
enabling zero nodes
setting smoothness cost coefficient to 0.008

#GCAMreg# pass 0 level1 5 level2 0 tsec 0 sigma 2
l_jacobian=1.00 l_label=1.00 l_log_likelihood=0.20 l_smoothness=0.01 
tol=5.00e-02, dt=5.00e-02, exp_k=20.0, momentum=0.90, levels=6, niter=500, lbl_dist=10.00, avgs=256, sigma=2.0,type=2, relabel=0, neg=no

blurring input image with Gaussian with sigma=2.000...
GCAMRegisterLevel(): init RMS 0.784858
#FOTS# QuadFit found better minimum quadopt=(dt=239.369,rms=0.757284) vs oldopt=(dt=369.92,rms=0.762382)
#GCMRL#   84 dt 239.368910 rms  0.757  3.513% neg 0  invalid 762 tFOTS 2.7530 tGradient 2.0700 tsec 5.0620
#FOTS# QuadFit found better minimum quadopt=(dt=295.936,rms=0.74929) vs oldopt=(dt=369.92,rms=0.749332)
#GCMRL#   85 dt 295.936000 rms  0.749  1.056% neg 0  invalid 762 tFOTS 2.7540 tGradient 2.0560 tsec 5.0490
#GCMRL#   86 dt 369.920000 rms  0.744  0.690% neg 0  invalid 762 tFOTS 2.7770 tGradient 2.0320 tsec 5.0440
#FOTS# QuadFit found better minimum quadopt=(dt=129.472,rms=0.741064) vs oldopt=(dt=92.48,rms=0.741372)
#GCMRL#   87 dt 129.472000 rms  0.741  0.411% neg 0  invalid 762 tFOTS 2.8910 tGradient 2.0960 tsec 5.2160
#FOTS# QuadFit found better minimum quadopt=(dt=443.904,rms=0.737787) vs oldopt=(dt=369.92,rms=0.737862)
#GCMRL#   88 dt 443.904000 rms  0.738  0.442% neg 0  invalid 762 tFOTS 2.8770 tGradient 2.0270 tsec 5.1310
#GCMRL#   89 dt  92.480000 rms  0.736  0.279% neg 0  invalid 762 tFOTS 3.0520 tGradient 2.0290 tsec 5.3110
#FOTS# QuadFit found better minimum quadopt=(dt=1775.62,rms=0.729069) vs oldopt=(dt=1479.68,rms=0.729204)
#GCMRL#   90 dt 1775.616000 rms  0.729  0.906% neg 0  invalid 762 tFOTS 2.9420 tGradient 2.0150 tsec 5.1880
#GCMRL#   91 dt  92.480000 rms  0.726  0.402% neg 0  invalid 762 tFOTS 2.7600 tGradient 2.1150 tsec 5.0960
#FOTS# QuadFit found better minimum quadopt=(dt=295.936,rms=0.72514) vs oldopt=(dt=369.92,rms=0.725167)
#GCMRL#   92 dt 295.936000 rms  0.725  0.138% neg 0  invalid 762 tFOTS 2.7190 tGradient 2.0790 tsec 5.0180
#FOTS# QuadFit found better minimum quadopt=(dt=129.472,rms=0.724691) vs oldopt=(dt=92.48,rms=0.724766)
#GCMRL#   93 dt 129.472000 rms  0.725  0.062% neg 0  invalid 762 tFOTS 2.7040 tGradient 2.1000 tsec 5.0190
#FOTS# QuadFit found better minimum quadopt=(dt=517.888,rms=0.723513) vs oldopt=(dt=369.92,rms=0.723696)
#GCMRL#   94 dt 517.888000 rms  0.724  0.163% neg 0  invalid 762 tFOTS 2.7490 tGradient 2.0640 tsec 5.0350
#GCMRL#   95 dt  92.480000 rms  0.723  0.079% neg 0  invalid 762 tFOTS 2.8520 tGradient 2.0510 tsec 5.1310
#FOTS# QuadFit found better minimum quadopt=(dt=1775.62,rms=0.720206) vs oldopt=(dt=1479.68,rms=0.720283)
#GCMRL#   96 dt 1775.616000 rms  0.720  0.379% neg 0  invalid 762 tFOTS 2.8420 tGradient 2.1610 tsec 5.2320
#GCMRL#   97 dt  92.480000 rms  0.718  0.247% neg 0  invalid 762 tFOTS 2.8910 tGradient 2.0440 tsec 5.1630
#GCMRL#   98 dt 369.920000 rms  0.718  0.100% neg 0  invalid 762 tFOTS 2.8100 tGradient 2.0580 tsec 5.0990
#FOTS# QuadFit found better minimum quadopt=(dt=110.976,rms=0.717305) vs oldopt=(dt=92.48,rms=0.717318)
#GCMRL#   99 dt 110.976000 rms  0.717  0.056% neg 0  invalid 762 tFOTS 2.8250 tGradient 2.0680 tsec 5.1230
#FOTS# QuadFit found better minimum quadopt=(dt=443.904,rms=0.716607) vs oldopt=(dt=369.92,rms=0.716638)
#GCMRL#  100 dt 443.904000 rms  0.717  0.097% neg 0  invalid 762 tFOTS 2.8090 tGradient 2.0370 tsec 5.0700
#GCMRL#  101 dt  92.480000 rms  0.716  0.053% neg 0  invalid 762 tFOTS 2.8220 tGradient 2.0420 tsec 5.1020
#FOTS# QuadFit found better minimum quadopt=(dt=1183.74,rms=0.714792) vs oldopt=(dt=1479.68,rms=0.714826)
#GCMRL#  102 dt 1183.744000 rms  0.715  0.201% neg 0  invalid 762 tFOTS 2.8270 tGradient 2.0080 tsec 5.0630
#FOTS# QuadFit found better minimum quadopt=(dt=73.984,rms=0.714006) vs oldopt=(dt=92.48,rms=0.714009)
#GCMRL#  103 dt  73.984000 rms  0.714  0.110% neg 0  invalid 762 tFOTS 3.0360 tGradient 2.0080 tsec 5.3110
#FOTS# QuadFit found better minimum quadopt=(dt=295.936,rms=0.713678) vs oldopt=(dt=369.92,rms=0.713683)
#GCMRL#  104 dt 295.936000 rms  0.714  0.000% neg 0  invalid 762 tFOTS 3.2480 tGradient 2.4650 tsec 5.9890
#GCMRL#  105 dt 295.936000 rms  0.713  0.047% neg 0  invalid 762 tFOTS 0.0000 tGradient 2.0720 tsec 2.2870
#GCMRL#  106 dt 295.936000 rms  0.713  0.039% neg 0  invalid 762 tFOTS 0.0000 tGradient 2.0590 tsec 2.2670
#GCMRL#  107 dt 295.936000 rms  0.711  0.224% neg 0  invalid 762 tFOTS 0.0000 tGradient 2.0460 tsec 2.2590
#GCMRL#  108 dt 295.936000 rms  0.710  0.182% neg 0  invalid 762 tFOTS 0.0000 tGradient 2.0640 tsec 2.2740
#GCMRL#  109 dt 295.936000 rms  0.708  0.239% neg 0  invalid 762 tFOTS 0.0000 tGradient 2.0190 tsec 2.2330
#GCMRL#  110 dt 295.936000 rms  0.707  0.222% neg 0  invalid 762 tFOTS 0.0000 tGradient 2.0240 tsec 2.2330
#GCMRL#  111 dt 295.936000 rms  0.706  0.180% neg 0  invalid 762 tFOTS 0.0000 tGradient 1.9840 tsec 2.1940
#GCMRL#  112 dt 295.936000 rms  0.704  0.198% neg 0  invalid 762 tFOTS 0.0000 tGradient 2.0040 tsec 2.2090
#GCMRL#  113 dt 295.936000 rms  0.703  0.146% neg 0  invalid 762 tFOTS 0.0000 tGradient 2.0440 tsec 2.2520
#GCMRL#  114 dt 295.936000 rms  0.702  0.221% neg 0  invalid 762 tFOTS 0.0000 tGradient 2.0410 tsec 2.2500
#GCMRL#  115 dt 295.936000 rms  0.701  0.163% neg 0  invalid 762 tFOTS 0.0000 tGradient 2.0460 tsec 2.2530
#GCMRL#  116 dt 295.936000 rms  0.699  0.147% neg 0  invalid 762 tFOTS 0.0000 tGradient 2.0750 tsec 2.2960
#GCMRL#  117 dt 295.936000 rms  0.699  0.129% neg 0  invalid 762 tFOTS 0.0000 tGradient 2.0470 tsec 2.2630
#GCMRL#  118 dt 295.936000 rms  0.698  0.113% neg 0  invalid 762 tFOTS 0.0000 tGradient 2.0430 tsec 2.2620
#GCMRL#  119 dt 295.936000 rms  0.697  0.128% neg 0  invalid 762 tFOTS 0.0000 tGradient 2.0700 tsec 2.2890
#GCMRL#  120 dt 295.936000 rms  0.696  0.085% neg 0  invalid 762 tFOTS 0.0000 tGradient 2.0410 tsec 2.2650
#GCMRL#  121 dt 295.936000 rms  0.695  0.131% neg 0  invalid 762 tFOTS 0.0000 tGradient 2.0460 tsec 2.2650
#GCMRL#  122 dt 295.936000 rms  0.695  0.106% neg 0  invalid 762 tFOTS 0.0000 tGradient 2.0880 tsec 2.3080
#GCMRL#  123 dt 295.936000 rms  0.694  0.095% neg 0  invalid 762 tFOTS 0.0000 tGradient 2.0640 tsec 2.2860
#GCMRL#  124 dt 295.936000 rms  0.693  0.092% neg 0  invalid 762 tFOTS 0.0000 tGradient 2.0570 tsec 2.2820
#GCMRL#  125 dt 295.936000 rms  0.693  0.083% neg 0  invalid 762 tFOTS 0.0000 tGradient 2.1500 tsec 2.3920
#GCMRL#  126 dt 295.936000 rms  0.692  0.094% neg 0  invalid 762 tFOTS 0.0000 tGradient 2.4390 tsec 2.6890
#GCMRL#  127 dt 295.936000 rms  0.692  0.064% neg 0  invalid 762 tFOTS 0.0000 tGradient 2.3790 tsec 2.6280
#GCMRL#  128 dt 295.936000 rms  0.691  0.100% neg 0  invalid 762 tFOTS 0.0000 tGradient 2.3600 tsec 2.6090
#GCMRL#  129 dt 295.936000 rms  0.690  0.077% neg 0  invalid 762 tFOTS 0.0000 tGradient 2.4400 tsec 2.6840
#GCMRL#  130 dt 295.936000 rms  0.690  0.055% neg 0  invalid 762 tFOTS 0.0000 tGradient 2.3960 tsec 2.6470
#GCMRL#  131 dt 295.936000 rms  0.690  0.057% neg 0  invalid 762 tFOTS 0.0000 tGradient 2.4160 tsec 2.6700
#GCMRL#  132 dt 295.936000 rms  0.689  0.058% neg 0  invalid 762 tFOTS 0.0000 tGradient 2.4280 tsec 2.6680
#GCMRL#  133 dt 295.936000 rms  0.689  0.065% neg 0  invalid 762 tFOTS 0.0000 tGradient 2.1770 tsec 2.3950
#GCMRL#  134 dt 295.936000 rms  0.689  0.039% neg 0  invalid 762 tFOTS 0.0000 tGradient 2.0570 tsec 2.2710
#GCMRL#  135 dt 295.936000 rms  0.688  0.062% neg 0  invalid 762 tFOTS 0.0000 tGradient 2.0640 tsec 2.2760
#GCMRL#  136 dt 295.936000 rms  0.688  0.049% neg 0  invalid 762 tFOTS 0.0000 tGradient 2.0780 tsec 2.2860
#GCMRL#  137 dt 295.936000 rms  0.687  0.052% neg 0  invalid 762 tFOTS 0.0000 tGradient 2.0460 tsec 2.2580
#GCMRL#  138 dt 295.936000 rms  0.687  0.049% neg 0  invalid 762 tFOTS 0.0000 tGradient 2.0470 tsec 2.2570
#GCMRL#  139 dt 295.936000 rms  0.687  0.043% neg 0  invalid 762 tFOTS 0.0000 tGradient 2.0770 tsec 2.2880
#GCMRL#  140 dt 295.936000 rms  0.686  0.059% neg 0  invalid 762 tFOTS 0.0000 tGradient 2.0700 tsec 2.2810
#GCMRL#  141 dt 295.936000 rms  0.686  0.036% neg 0  invalid 762 tFOTS 0.0000 tGradient 2.0770 tsec 2.2820
#GCMRL#  142 dt 295.936000 rms  0.686  0.060% neg 0  invalid 762 tFOTS 0.0000 tGradient 2.0710 tsec 2.2820
#GCMRL#  143 dt 295.936000 rms  0.685  0.043% neg 0  invalid 762 tFOTS 0.0000 tGradient 2.0570 tsec 2.2710
#GCMRL#  144 dt 295.936000 rms  0.685  0.051% neg 0  invalid 762 tFOTS 0.0000 tGradient 2.0680 tsec 2.2800
#GCMRL#  145 dt 295.936000 rms  0.685  0.045% neg 0  invalid 762 tFOTS 0.0000 tGradient 2.0320 tsec 2.2460
#GCMRL#  146 dt 295.936000 rms  0.684  0.050% neg 0  invalid 762 tFOTS 0.0000 tGradient 2.0750 tsec 2.2870
#GCMRL#  147 dt 295.936000 rms  0.684  0.058% neg 0  invalid 762 tFOTS 0.0000 tGradient 2.0610 tsec 2.2740
#GCMRL#  148 dt 295.936000 rms  0.684  0.041% neg 0  invalid 762 tFOTS 0.0000 tGradient 2.0740 tsec 2.2860
#GCMRL#  149 dt 295.936000 rms  0.683  0.051% neg 0  invalid 762 tFOTS 0.0000 tGradient 2.0570 tsec 2.2710
#GCMRL#  150 dt 295.936000 rms  0.683  0.051% neg 0  invalid 762 tFOTS 0.0000 tGradient 2.0780 tsec 2.2910
#GCMRL#  151 dt 295.936000 rms  0.683  0.045% neg 0  invalid 762 tFOTS 0.0000 tGradient 2.0540 tsec 2.2680
#GCMRL#  152 dt 295.936000 rms  0.682  0.045% neg 0  invalid 762 tFOTS 0.0000 tGradient 2.0500 tsec 2.2630
#GCMRL#  153 dt 295.936000 rms  0.682  0.044% neg 0  invalid 762 tFOTS 0.0000 tGradient 2.0950 tsec 2.3060
#GCMRL#  154 dt 295.936000 rms  0.682  0.049% neg 0  invalid 762 tFOTS 0.0000 tGradient 2.0900 tsec 2.3140
#GCMRL#  155 dt 295.936000 rms  0.682  0.039% neg 0  invalid 762 tFOTS 0.0000 tGradient 2.0740 tsec 2.2860
#GCMRL#  156 dt 295.936000 rms  0.681  0.033% neg 0  invalid 762 tFOTS 0.0000 tGradient 2.0260 tsec 2.2400
#GCMRL#  157 dt 295.936000 rms  0.681  0.043% neg 0  invalid 762 tFOTS 0.0000 tGradient 2.0390 tsec 2.2530
#GCMRL#  158 dt 295.936000 rms  0.681  0.038% neg 0  invalid 762 tFOTS 0.0000 tGradient 2.0360 tsec 2.2510
#GCMRL#  159 dt 295.936000 rms  0.681  0.035% neg 0  invalid 762 tFOTS 0.0000 tGradient 2.0400 tsec 2.2520
#GCMRL#  160 dt 295.936000 rms  0.680  0.045% neg 0  invalid 762 tFOTS 0.0000 tGradient 2.0480 tsec 2.2620
#GCMRL#  161 dt 295.936000 rms  0.680  0.038% neg 0  invalid 762 tFOTS 0.0000 tGradient 2.0390 tsec 2.2510
#GCMRL#  162 dt 295.936000 rms  0.680  0.030% neg 0  invalid 762 tFOTS 0.0000 tGradient 2.0160 tsec 2.2290
#GCMRL#  163 dt 295.936000 rms  0.680  0.038% neg 0  invalid 762 tFOTS 0.0000 tGradient 2.0480 tsec 2.2620
#GCMRL#  164 dt 295.936000 rms  0.679  0.029% neg 0  invalid 762 tFOTS 0.0000 tGradient 2.0750 tsec 2.2880
#GCMRL#  165 dt 295.936000 rms  0.679  0.038% neg 0  invalid 762 tFOTS 0.0000 tGradient 2.0880 tsec 2.3010
#GCMRL#  166 dt 295.936000 rms  0.679  0.033% neg 0  invalid 762 tFOTS 0.0000 tGradient 2.0780 tsec 2.2890
#GCMRL#  167 dt 295.936000 rms  0.679  0.029% neg 0  invalid 762 tFOTS 0.0000 tGradient 2.1050 tsec 2.3170
#GCMRL#  168 dt 295.936000 rms  0.678  0.042% neg 0  invalid 762 tFOTS 0.0000 tGradient 2.0500 tsec 2.2650
#GCMRL#  169 dt 295.936000 rms  0.678  0.025% neg 0  invalid 762 tFOTS 0.0000 tGradient 2.0930 tsec 2.3050
#GCMRL#  170 dt 295.936000 rms  0.678  0.031% neg 0  invalid 762 tFOTS 0.0000 tGradient 2.0830 tsec 2.2960
#GCMRL#  171 dt 295.936000 rms  0.678  0.040% neg 0  invalid 762 tFOTS 0.0000 tGradient 2.0770 tsec 2.2890
#GCMRL#  172 dt 295.936000 rms  0.678  0.028% neg 0  invalid 762 tFOTS 0.0000 tGradient 2.1490 tsec 2.3630
#GCMRL#  173 dt 295.936000 rms  0.677  0.031% neg 0  invalid 762 tFOTS 0.0000 tGradient 2.0930 tsec 2.3040
#GCMRL#  174 dt 295.936000 rms  0.677  0.032% neg 0  invalid 762 tFOTS 0.0000 tGradient 2.0880 tsec 2.3020
#GCMRL#  175 dt 295.936000 rms  0.677  0.027% neg 0  invalid 762 tFOTS 0.0000 tGradient 2.0660 tsec 2.2760
#GCMRL#  176 dt 295.936000 rms  0.677  0.032% neg 0  invalid 762 tFOTS 0.0000 tGradient 2.1100 tsec 2.3200
#GCMRL#  177 dt 295.936000 rms  0.677  0.023% neg 0  invalid 762 tFOTS 0.0000 tGradient 2.0990 tsec 2.3110
#GCMRL#  178 dt 295.936000 rms  0.676  0.028% neg 0  invalid 762 tFOTS 0.0000 tGradient 2.0920 tsec 2.3040
#GCMRL#  179 dt 295.936000 rms  0.676  0.028% neg 0  invalid 762 tFOTS 0.0000 tGradient 2.0780 tsec 2.2900
#GCMRL#  180 dt 295.936000 rms  0.676  0.021% neg 0  invalid 762 tFOTS 0.0000 tGradient 2.1040 tsec 2.3150
#GCMRL#  181 dt 295.936000 rms  0.676  0.032% neg 0  invalid 762 tFOTS 0.0000 tGradient 2.1180 tsec 2.3280
#GCMRL#  182 dt 295.936000 rms  0.676  0.022% neg 0  invalid 762 tFOTS 0.0000 tGradient 2.0610 tsec 2.2770
#GCMRL#  183 dt 295.936000 rms  0.675  0.029% neg 0  invalid 762 tFOTS 0.0000 tGradient 2.1060 tsec 2.3130
#GCMRL#  184 dt 295.936000 rms  0.675  0.021% neg 0  invalid 762 tFOTS 0.0000 tGradient 2.1020 tsec 2.3150
#GCMRL#  185 dt 295.936000 rms  0.675  0.022% neg 0  invalid 762 tFOTS 0.0000 tGradient 2.1020 tsec 2.3090
#GCMRL#  186 dt 295.936000 rms  0.675  0.027% neg 0  invalid 762 tFOTS 0.0000 tGradient 2.2290 tsec 2.4350
#GCMRL#  187 dt 295.936000 rms  0.675  0.009% neg 0  invalid 762 tFOTS 0.0000 tGradient 2.2310 tsec 2.4440
#GCMRL#  188 dt 295.936000 rms  0.675  0.031% neg 0  invalid 762 tFOTS 0.0000 tGradient 2.2340 tsec 2.4470
#GCMRL#  189 dt 295.936000 rms  0.675  0.022% neg 0  invalid 762 tFOTS 0.0000 tGradient 2.2350 tsec 2.4480
#GCMRL#  190 dt 295.936000 rms  0.674  0.014% neg 0  invalid 762 tFOTS 0.0000 tGradient 2.2240 tsec 2.4500
#FOTS# QuadFit found better minimum quadopt=(dt=295.936,rms=0.674416) vs oldopt=(dt=369.92,rms=0.674421)
#GCMRL#  191 dt 295.936000 rms  0.674  0.000% neg 0  invalid 762 tFOTS 2.9300 tGradient 2.2510 tsec 5.4180

#GCAMreg# pass 0 level1 5 level2 1 tsec 324.158 sigma 0.5
l_jacobian=1.00 l_label=1.00 l_log_likelihood=0.20 l_smoothness=0.01 
tol=5.00e-02, dt=5.00e-02, exp_k=20.0, momentum=0.90, levels=6, niter=500, lbl_dist=10.00, avgs=256, sigma=0.5,type=2, relabel=0, neg=no

blurring input image with Gaussian with sigma=0.500...
GCAMRegisterLevel(): init RMS 0.675469
#FOTS# QuadFit found better minimum quadopt=(dt=221.952,rms=0.673729) vs oldopt=(dt=369.92,rms=0.673885)
#GCMRL#  193 dt 221.952000 rms  0.674  0.258% neg 0  invalid 762 tFOTS 2.7940 tGradient 2.2220 tsec 5.2400
#FOTS# QuadFit found better minimum quadopt=(dt=221.952,rms=0.673455) vs oldopt=(dt=369.92,rms=0.673511)
#GCMRL#  194 dt 221.952000 rms  0.673  0.000% neg 0  invalid 762 tFOTS 2.9740 tGradient 2.2800 tsec 5.4980
#GCMRL#  195 dt 221.952000 rms  0.673  0.013% neg 0  invalid 762 tFOTS 0.0000 tGradient 2.1150 tsec 2.3320
#GCMRL#  196 dt 221.952000 rms  0.673  0.057% neg 0  invalid 762 tFOTS 0.0000 tGradient 2.0180 tsec 2.2380
#GCMRL#  197 dt 221.952000 rms  0.673  0.030% neg 0  invalid 762 tFOTS 0.0000 tGradient 2.0940 tsec 2.3120
#GCMRL#  198 dt 221.952000 rms  0.673  0.033% neg 0  invalid 762 tFOTS 0.0000 tGradient 2.0210 tsec 2.2380
#GCMRL#  199 dt 221.952000 rms  0.672  0.026% neg 0  invalid 762 tFOTS 0.0000 tGradient 2.1770 tsec 2.4010
#GCMRL#  200 dt 221.952000 rms  0.672  0.007% neg 0  invalid 762 tFOTS 0.0000 tGradient 2.1050 tsec 2.3270
#GCMRL#  201 dt 221.952000 rms  0.672  0.016% neg 0  invalid 762 tFOTS 0.0000 tGradient 2.0400 tsec 2.2620
#GCMRL#  202 dt 221.952000 rms  0.672  0.009% neg 0  invalid 762 tFOTS 0.0000 tGradient 2.0980 tsec 2.3360
#FOTS# QuadFit found better minimum quadopt=(dt=129.472,rms=0.672072) vs oldopt=(dt=92.48,rms=0.672081)
#GCMRL#  203 dt 129.472000 rms  0.672  0.014% neg 0  invalid 762 tFOTS 3.1780 tGradient 2.0420 tsec 5.4540
#FOTS# QuadFit found better minimum quadopt=(dt=129.472,rms=0.672027) vs oldopt=(dt=92.48,rms=0.672031)
#GCMRL#  204 dt 129.472000 rms  0.672  0.000% neg 0  invalid 762 tFOTS 3.2190 tGradient 2.1080 tsec 5.5880
#GCMRL#  205 dt 129.472000 rms  0.672  0.006% neg 0  invalid 762 tFOTS 0.0000 tGradient 2.1780 tsec 2.4120
#GCMRL#  206 dt 129.472000 rms  0.672  0.009% neg 0  invalid 762 tFOTS 0.0000 tGradient 2.2970 tsec 2.5370
#GCMRL#  207 dt 129.472000 rms  0.672  0.012% neg 0  invalid 762 tFOTS 0.0000 tGradient 2.2740 tsec 2.5050
#GCMRL#  208 dt 129.472000 rms  0.672  0.011% neg 0  invalid 762 tFOTS 0.0000 tGradient 2.3140 tsec 2.5380
#GCMRL#  209 dt 129.472000 rms  0.672  0.013% neg 0  invalid 762 tFOTS 0.0000 tGradient 2.1370 tsec 2.3610
setting smoothness cost coefficient to 0.031

#GCAMreg# pass 0 level1 4 level2 0 tsec 0 sigma 2
l_jacobian=1.00 l_label=1.00 l_log_likelihood=0.20 l_smoothness=0.03 
tol=5.00e-02, dt=5.00e-02, exp_k=20.0, momentum=0.90, levels=6, niter=500, lbl_dist=10.00, avgs=64, sigma=2.0,type=2, relabel=0, neg=no

blurring input image with Gaussian with sigma=2.000...
GCAMRegisterLevel(): init RMS 0.675921
#FOTS# QuadFit found better minimum quadopt=(dt=102.647,rms=0.672584) vs oldopt=(dt=103.68,rms=0.672585)
#GCMRL#  211 dt 102.647343 rms  0.673  0.494% neg 0  invalid 762 tFOTS 3.8490 tGradient 1.9120 tsec 6.0660
#FOTS# QuadFit found better minimum quadopt=(dt=163.33,rms=0.667079) vs oldopt=(dt=103.68,rms=0.667724)
#GCMRL#  212 dt 163.330317 rms  0.667  0.818% neg 0  invalid 762 tFOTS 3.1750 tGradient 1.7830 tsec 5.2420
#FOTS# QuadFit found better minimum quadopt=(dt=56.6557,rms=0.664399) vs oldopt=(dt=25.92,rms=0.664886)
#GCMRL#  213 dt  56.655738 rms  0.664  0.402% neg 0  invalid 762 tFOTS 3.0780 tGradient 2.0320 tsec 5.3480
#GCMRL#  214 dt 414.720000 rms  0.657  1.189% neg 0  invalid 762 tFOTS 2.7150 tGradient 1.6890 tsec 4.6320
#FOTS# QuadFit found better minimum quadopt=(dt=42.2642,rms=0.652367) vs oldopt=(dt=25.92,rms=0.652896)
#GCMRL#  215 dt  42.264151 rms  0.652  0.630% neg 0  invalid 762 tFOTS 2.8160 tGradient 1.5670 tsec 4.6140
#FOTS# QuadFit found better minimum quadopt=(dt=248.832,rms=0.650364) vs oldopt=(dt=414.72,rms=0.651027)
#GCMRL#  216 dt 248.832000 rms  0.650  0.307% neg 0  invalid 762 tFOTS 2.7600 tGradient 1.5440 tsec 4.5230
#FOTS# QuadFit found better minimum quadopt=(dt=71.767,rms=0.646545) vs oldopt=(dt=103.68,rms=0.64735)
#GCMRL#  217 dt  71.766990 rms  0.647  0.587% neg 0  invalid 762 tFOTS 2.8700 tGradient 1.5270 tsec 4.6730
#FOTS# QuadFit found better minimum quadopt=(dt=31.104,rms=0.646242) vs oldopt=(dt=25.92,rms=0.646251)
#GCMRL#  218 dt  31.104000 rms  0.646  0.000% neg 0  invalid 762 tFOTS 2.5590 tGradient 1.6270 tsec 4.4240
#GCMRL#  219 dt  31.104000 rms  0.646  0.051% neg 0  invalid 762 tFOTS 0.0000 tGradient 1.5420 tsec 1.7550
#GCMRL#  220 dt  31.104000 rms  0.645  0.098% neg 0  invalid 762 tFOTS 0.0000 tGradient 1.5630 tsec 1.7770
#GCMRL#  221 dt  31.104000 rms  0.644  0.168% neg 0  invalid 762 tFOTS 0.0000 tGradient 1.5950 tsec 1.8050
#GCMRL#  222 dt  31.104000 rms  0.643  0.240% neg 0  invalid 762 tFOTS 0.0000 tGradient 1.5910 tsec 1.8050
#GCMRL#  223 dt  31.104000 rms  0.641  0.281% neg 0  invalid 762 tFOTS 0.0000 tGradient 1.5760 tsec 1.7870
#GCMRL#  224 dt  31.104000 rms  0.639  0.291% neg 0  invalid 762 tFOTS 0.0000 tGradient 1.5940 tsec 1.8050
#GCMRL#  225 dt  31.104000 rms  0.637  0.281% neg 0  invalid 762 tFOTS 0.0000 tGradient 1.6120 tsec 1.8260
#GCMRL#  226 dt  31.104000 rms  0.635  0.268% neg 0  invalid 762 tFOTS 0.0000 tGradient 1.6230 tsec 1.8380
#GCMRL#  227 dt  31.104000 rms  0.634  0.265% neg 0  invalid 762 tFOTS 0.0000 tGradient 1.6180 tsec 1.8310
#GCMRL#  228 dt  31.104000 rms  0.632  0.266% neg 0  invalid 762 tFOTS 0.0000 tGradient 1.5920 tsec 1.8050
#GCMRL#  229 dt  31.104000 rms  0.630  0.267% neg 0  invalid 762 tFOTS 0.0000 tGradient 1.5310 tsec 1.7560
#GCMRL#  230 dt  31.104000 rms  0.629  0.269% neg 0  invalid 762 tFOTS 0.0000 tGradient 1.5480 tsec 1.7540
#GCMRL#  231 dt  31.104000 rms  0.627  0.251% neg 0  invalid 762 tFOTS 0.0000 tGradient 1.5510 tsec 1.7560
#GCMRL#  232 dt  31.104000 rms  0.626  0.226% neg 0  invalid 762 tFOTS 0.0000 tGradient 1.5800 tsec 1.7920
#GCMRL#  233 dt  31.104000 rms  0.624  0.203% neg 0  invalid 762 tFOTS 0.0000 tGradient 1.5690 tsec 1.7760
#GCMRL#  234 dt  31.104000 rms  0.623  0.186% neg 0  invalid 762 tFOTS 0.0000 tGradient 1.6140 tsec 1.8250
#GCMRL#  235 dt  31.104000 rms  0.622  0.177% neg 0  invalid 762 tFOTS 0.0000 tGradient 1.5880 tsec 1.8020
#GCMRL#  236 dt  31.104000 rms  0.621  0.176% neg 0  invalid 762 tFOTS 0.0000 tGradient 1.5480 tsec 1.7600
#GCMRL#  237 dt  31.104000 rms  0.620  0.174% neg 0  invalid 762 tFOTS 0.0000 tGradient 1.5420 tsec 1.7530
#GCMRL#  238 dt  31.104000 rms  0.619  0.160% neg 0  invalid 762 tFOTS 0.0000 tGradient 1.5420 tsec 1.7530
#GCMRL#  239 dt  31.104000 rms  0.618  0.149% neg 0  invalid 762 tFOTS 0.0000 tGradient 1.5460 tsec 1.7570
#GCMRL#  240 dt  31.104000 rms  0.617  0.140% neg 0  invalid 762 tFOTS 0.0000 tGradient 1.5440 tsec 1.7550
#GCMRL#  241 dt  31.104000 rms  0.616  0.132% neg 0  invalid 762 tFOTS 0.0000 tGradient 1.5200 tsec 1.7310
#GCMRL#  242 dt  31.104000 rms  0.616  0.130% neg 0  invalid 762 tFOTS 0.0000 tGradient 1.5340 tsec 1.7450
#GCMRL#  243 dt  31.104000 rms  0.615  0.131% neg 0  invalid 762 tFOTS 0.0000 tGradient 1.5690 tsec 1.7800
#GCMRL#  244 dt  31.104000 rms  0.614  0.138% neg 0  invalid 762 tFOTS 0.0000 tGradient 1.5680 tsec 1.7760
#GCMRL#  245 dt  31.104000 rms  0.613  0.125% neg 0  invalid 762 tFOTS 0.0000 tGradient 1.5420 tsec 1.7550
#GCMRL#  246 dt  31.104000 rms  0.613  0.114% neg 0  invalid 762 tFOTS 0.0000 tGradient 1.5440 tsec 1.7520
#GCMRL#  247 dt  31.104000 rms  0.612  0.104% neg 0  invalid 762 tFOTS 0.0000 tGradient 1.5730 tsec 1.8200
#GCMRL#  248 dt  31.104000 rms  0.611  0.102% neg 0  invalid 762 tFOTS 0.0000 tGradient 1.5570 tsec 1.7760
#GCMRL#  249 dt  31.104000 rms  0.611  0.106% neg 0  invalid 762 tFOTS 0.0000 tGradient 1.5390 tsec 1.7480
#GCMRL#  250 dt  31.104000 rms  0.610  0.111% neg 0  invalid 762 tFOTS 0.0000 tGradient 1.5710 tsec 1.7810
#GCMRL#  251 dt  31.104000 rms  0.609  0.109% neg 0  invalid 762 tFOTS 0.0000 tGradient 1.5620 tsec 1.7730
#GCMRL#  252 dt  31.104000 rms  0.609  0.102% neg 0  invalid 762 tFOTS 0.0000 tGradient 1.5620 tsec 1.7830
#GCMRL#  253 dt  31.104000 rms  0.608  0.096% neg 0  invalid 762 tFOTS 0.0000 tGradient 1.5390 tsec 1.7490
#GCMRL#  254 dt  31.104000 rms  0.607  0.092% neg 0  invalid 762 tFOTS 0.0000 tGradient 1.5530 tsec 1.7600
#GCMRL#  255 dt  31.104000 rms  0.607  0.087% neg 0  invalid 762 tFOTS 0.0000 tGradient 1.5600 tsec 1.7690
#GCMRL#  256 dt  31.104000 rms  0.606  0.084% neg 0  invalid 762 tFOTS 0.0000 tGradient 1.5180 tsec 1.7230
#GCMRL#  257 dt  31.104000 rms  0.606  0.085% neg 0  invalid 762 tFOTS 0.0000 tGradient 1.5440 tsec 1.7500
#GCMRL#  258 dt  31.104000 rms  0.605  0.080% neg 0  invalid 762 tFOTS 0.0000 tGradient 1.5490 tsec 1.7620
#GCMRL#  259 dt  31.104000 rms  0.605  0.075% neg 0  invalid 762 tFOTS 0.0000 tGradient 1.5630 tsec 1.7730
#GCMRL#  260 dt  31.104000 rms  0.605  0.066% neg 0  invalid 762 tFOTS 0.0000 tGradient 1.5670 tsec 1.7760
#GCMRL#  261 dt  31.104000 rms  0.604  0.064% neg 0  invalid 762 tFOTS 0.0000 tGradient 1.5680 tsec 1.7770
#GCMRL#  262 dt  31.104000 rms  0.604  0.064% neg 0  invalid 762 tFOTS 0.0000 tGradient 1.5770 tsec 1.7880
#GCMRL#  263 dt  31.104000 rms  0.603  0.066% neg 0  invalid 762 tFOTS 0.0000 tGradient 1.5520 tsec 1.7620
#GCMRL#  264 dt  31.104000 rms  0.603  0.067% neg 0  invalid 762 tFOTS 0.0000 tGradient 1.5850 tsec 1.7950
#GCMRL#  265 dt  31.104000 rms  0.603  0.062% neg 0  invalid 762 tFOTS 0.0000 tGradient 1.5450 tsec 1.7580
#GCMRL#  266 dt  31.104000 rms  0.602  0.058% neg 0  invalid 762 tFOTS 0.0000 tGradient 1.5660 tsec 1.7740
#GCMRL#  267 dt  31.104000 rms  0.602  0.057% neg 0  invalid 762 tFOTS 0.0000 tGradient 1.5760 tsec 1.7840
#GCMRL#  268 dt  31.104000 rms  0.602  0.055% neg 0  invalid 762 tFOTS 0.0000 tGradient 1.5400 tsec 1.7490
#GCMRL#  269 dt  31.104000 rms  0.601  0.055% neg 0  invalid 762 tFOTS 0.0000 tGradient 1.5440 tsec 1.7550
#GCMRL#  270 dt  31.104000 rms  0.601  0.052% neg 0  invalid 762 tFOTS 0.0000 tGradient 1.5450 tsec 1.7510
#GCMRL#  271 dt  31.104000 rms  0.601  0.056% neg 0  invalid 762 tFOTS 0.0000 tGradient 1.5550 tsec 1.7660
#GCMRL#  272 dt  31.104000 rms  0.600  0.056% neg 0  invalid 762 tFOTS 0.0000 tGradient 1.5370 tsec 1.7470
#GCMRL#  273 dt  31.104000 rms  0.600  0.050% neg 0  invalid 762 tFOTS 0.0000 tGradient 1.5640 tsec 1.7720
#GCMRL#  274 dt  31.104000 rms  0.600  0.048% neg 0  invalid 762 tFOTS 0.0000 tGradient 1.5370 tsec 1.7440
#GCMRL#  275 dt  31.104000 rms  0.599  0.046% neg 0  invalid 762 tFOTS 0.0000 tGradient 1.5700 tsec 1.7840
#GCMRL#  276 dt  31.104000 rms  0.599  0.043% neg 0  invalid 762 tFOTS 0.0000 tGradient 1.5560 tsec 1.7660
#GCMRL#  277 dt  31.104000 rms  0.599  0.042% neg 0  invalid 762 tFOTS 0.0000 tGradient 1.5990 tsec 1.8100
#GCMRL#  278 dt  31.104000 rms  0.599  0.044% neg 0  invalid 762 tFOTS 0.0000 tGradient 1.5930 tsec 1.8020
#GCMRL#  279 dt  31.104000 rms  0.598  0.045% neg 0  invalid 762 tFOTS 0.0000 tGradient 1.5570 tsec 1.7690
#GCMRL#  280 dt  31.104000 rms  0.598  0.043% neg 0  invalid 762 tFOTS 0.0000 tGradient 1.5690 tsec 1.7790
#GCMRL#  281 dt  31.104000 rms  0.598  0.043% neg 0  invalid 762 tFOTS 0.0000 tGradient 1.5970 tsec 1.8040
#GCMRL#  282 dt  31.104000 rms  0.598  0.043% neg 0  invalid 762 tFOTS 0.0000 tGradient 1.5810 tsec 1.7920
#GCMRL#  283 dt  31.104000 rms  0.597  0.041% neg 0  invalid 762 tFOTS 0.0000 tGradient 1.5560 tsec 1.7660
#GCMRL#  284 dt  31.104000 rms  0.597  0.043% neg 0  invalid 762 tFOTS 0.0000 tGradient 1.5720 tsec 1.7810
#GCMRL#  285 dt  31.104000 rms  0.597  0.041% neg 0  invalid 762 tFOTS 0.0000 tGradient 1.5810 tsec 1.7870
#GCMRL#  286 dt  31.104000 rms  0.597  0.039% neg 0  invalid 762 tFOTS 0.0000 tGradient 1.5800 tsec 1.7900
#GCMRL#  287 dt  31.104000 rms  0.596  0.038% neg 0  invalid 762 tFOTS 0.0000 tGradient 1.5590 tsec 1.7690
#GCMRL#  288 dt  31.104000 rms  0.596  0.036% neg 0  invalid 762 tFOTS 0.0000 tGradient 1.5590 tsec 1.7680
#GCMRL#  289 dt  31.104000 rms  0.596  0.036% neg 0  invalid 762 tFOTS 0.0000 tGradient 1.5810 tsec 1.7920
#GCMRL#  290 dt  31.104000 rms  0.596  0.037% neg 0  invalid 762 tFOTS 0.0000 tGradient 1.5780 tsec 1.7880
#GCMRL#  291 dt  31.104000 rms  0.596  0.039% neg 0  invalid 762 tFOTS 0.0000 tGradient 1.5680 tsec 1.7770
#GCMRL#  292 dt  31.104000 rms  0.595  0.036% neg 0  invalid 762 tFOTS 0.0000 tGradient 1.5860 tsec 1.7950
#GCMRL#  293 dt  31.104000 rms  0.595  0.036% neg 0  invalid 762 tFOTS 0.0000 tGradient 1.5740 tsec 1.7830
#GCMRL#  294 dt  31.104000 rms  0.595  0.034% neg 0  invalid 762 tFOTS 0.0000 tGradient 1.5990 tsec 1.8080
#GCMRL#  295 dt  31.104000 rms  0.595  0.033% neg 0  invalid 762 tFOTS 0.0000 tGradient 1.5750 tsec 1.7790
#GCMRL#  296 dt  31.104000 rms  0.595  0.032% neg 0  invalid 762 tFOTS 0.0000 tGradient 1.6140 tsec 1.8190
#GCMRL#  297 dt  31.104000 rms  0.594  0.032% neg 0  invalid 762 tFOTS 0.0000 tGradient 1.5910 tsec 1.8000
#GCMRL#  298 dt  31.104000 rms  0.594  0.030% neg 0  invalid 762 tFOTS 0.0000 tGradient 1.6010 tsec 1.8090
#GCMRL#  299 dt  31.104000 rms  0.594  0.031% neg 0  invalid 762 tFOTS 0.0000 tGradient 1.5850 tsec 1.7940
#GCMRL#  300 dt  31.104000 rms  0.594  0.031% neg 0  invalid 762 tFOTS 0.0000 tGradient 1.6020 tsec 1.8110
#GCMRL#  301 dt  31.104000 rms  0.594  0.030% neg 0  invalid 762 tFOTS 0.0000 tGradient 1.6020 tsec 1.8060
#GCMRL#  302 dt  31.104000 rms  0.593  0.029% neg 0  invalid 762 tFOTS 0.0000 tGradient 1.5830 tsec 1.7900
#GCMRL#  303 dt  31.104000 rms  0.593  0.029% neg 0  invalid 762 tFOTS 0.0000 tGradient 1.6180 tsec 1.8240
#GCMRL#  304 dt  31.104000 rms  0.593  0.028% neg 0  invalid 762 tFOTS 0.0000 tGradient 1.5790 tsec 1.7870
#GCMRL#  305 dt  31.104000 rms  0.593  0.027% neg 0  invalid 762 tFOTS 0.0000 tGradient 1.6070 tsec 1.8160
#GCMRL#  306 dt  31.104000 rms  0.593  0.027% neg 0  invalid 762 tFOTS 0.0000 tGradient 1.6100 tsec 1.8240
#GCMRL#  307 dt  31.104000 rms  0.593  0.027% neg 0  invalid 762 tFOTS 0.0000 tGradient 1.6120 tsec 1.8210
#GCMRL#  308 dt  31.104000 rms  0.592  0.027% neg 0  invalid 762 tFOTS 0.0000 tGradient 1.6150 tsec 1.8250
#GCMRL#  309 dt  31.104000 rms  0.592  0.028% neg 0  invalid 762 tFOTS 0.0000 tGradient 1.6050 tsec 1.8280
#GCMRL#  310 dt  31.104000 rms  0.592  0.027% neg 0  invalid 762 tFOTS 0.0000 tGradient 1.6830 tsec 1.9420
#GCMRL#  311 dt  31.104000 rms  0.592  0.026% neg 0  invalid 762 tFOTS 0.0000 tGradient 1.7090 tsec 1.9340
#GCMRL#  312 dt  31.104000 rms  0.592  0.027% neg 0  invalid 762 tFOTS 0.0000 tGradient 1.6460 tsec 1.8700
#GCMRL#  313 dt  31.104000 rms  0.592  0.024% neg 0  invalid 762 tFOTS 0.0000 tGradient 1.6780 tsec 1.9020
#GCMRL#  314 dt  31.104000 rms  0.592  0.025% neg 0  invalid 762 tFOTS 0.0000 tGradient 1.6050 tsec 1.8350
#GCMRL#  315 dt  31.104000 rms  0.591  0.025% neg 0  invalid 762 tFOTS 0.0000 tGradient 1.6790 tsec 1.9090
#GCMRL#  316 dt  31.104000 rms  0.591  0.024% neg 0  invalid 762 tFOTS 0.0000 tGradient 1.6760 tsec 1.9060
#GCMRL#  317 dt  31.104000 rms  0.591  0.025% neg 0  invalid 762 tFOTS 0.0000 tGradient 1.7740 tsec 2.0290
#GCMRL#  318 dt  31.104000 rms  0.591  0.028% neg 0  invalid 762 tFOTS 0.0000 tGradient 1.9590 tsec 2.2400
#GCMRL#  319 dt  31.104000 rms  0.591  0.025% neg 0  invalid 762 tFOTS 0.0000 tGradient 1.9460 tsec 2.2390
#GCMRL#  320 dt  31.104000 rms  0.591  0.021% neg 0  invalid 762 tFOTS 0.0000 tGradient 1.9030 tsec 2.2120
#FOTS# QuadFit found better minimum quadopt=(dt=145.152,rms=0.590611) vs oldopt=(dt=103.68,rms=0.590614)
#GCMRL#  321 dt 145.152000 rms  0.591  0.000% neg 0  invalid 762 tFOTS 4.1730 tGradient 1.9440 tsec 6.4580
#GCMRL#  322 dt 145.152000 rms  0.591  0.010% neg 0  invalid 762 tFOTS 0.0000 tGradient 1.8820 tsec 2.1780
#GCMRL#  323 dt 145.152000 rms  0.591  0.002% neg 0  invalid 762 tFOTS 0.0000 tGradient 2.0100 tsec 2.3100
#GCMRL#  324 dt 145.152000 rms  0.590  0.027% neg 0  invalid 762 tFOTS 0.0000 tGradient 2.0260 tsec 2.3290
#GCMRL#  325 dt 145.152000 rms  0.590 -0.065% neg 0  invalid 762 tFOTS 0.0000 tGradient 1.5350 tsec 1.9320
#GCMRL#  326 dt  25.920000 rms  0.590  0.014% neg 0  invalid 762 tFOTS 2.7410 tGradient 1.5290 tsec 4.4940
#FOTS# QuadFit found better minimum quadopt=(dt=36.288,rms=0.590242) vs oldopt=(dt=25.92,rms=0.590243)

#GCAMreg# pass 0 level1 4 level2 1 tsec 256.141 sigma 0.5
l_jacobian=1.00 l_label=1.00 l_log_likelihood=0.20 l_smoothness=0.03 
tol=5.00e-02, dt=5.00e-02, exp_k=20.0, momentum=0.90, levels=6, niter=500, lbl_dist=10.00, avgs=64, sigma=0.5,type=2, relabel=0, neg=no

blurring input image with Gaussian with sigma=0.500...
GCAMRegisterLevel(): init RMS 0.591288
#FOTS# QuadFit found better minimum quadopt=(dt=78.9533,rms=0.588978) vs oldopt=(dt=103.68,rms=0.589114)
#GCMRL#  328 dt  78.953271 rms  0.589  0.391% neg 0  invalid 762 tFOTS 2.7390 tGradient 1.5890 tsec 4.5510
#FOTS# QuadFit found better minimum quadopt=(dt=62.208,rms=0.588389) vs oldopt=(dt=103.68,rms=0.58851)
#GCMRL#  329 dt  62.208000 rms  0.588  0.100% neg 0  invalid 762 tFOTS 2.5630 tGradient 1.5630 tsec 4.3600
#FOTS# QuadFit found better minimum quadopt=(dt=82.944,rms=0.587971) vs oldopt=(dt=103.68,rms=0.587978)
#GCMRL#  330 dt  82.944000 rms  0.588  0.071% neg 0  invalid 762 tFOTS 2.7710 tGradient 1.4950 tsec 4.5300
#FOTS# QuadFit found better minimum quadopt=(dt=36.288,rms=0.587723) vs oldopt=(dt=25.92,rms=0.587781)
#GCMRL#  331 dt  36.288000 rms  0.588  0.000% neg 0  invalid 762 tFOTS 2.7070 tGradient 1.8420 tsec 4.7910
#GCMRL#  332 dt  36.288000 rms  0.588  0.031% neg 0  invalid 762 tFOTS 0.0000 tGradient 1.5840 tsec 1.8010
#GCMRL#  333 dt  36.288000 rms  0.587  0.044% neg 0  invalid 762 tFOTS 0.0000 tGradient 1.6350 tsec 1.8550
#GCMRL#  334 dt  36.288000 rms  0.587  0.055% neg 0  invalid 762 tFOTS 0.0000 tGradient 1.5710 tsec 1.7890
#GCMRL#  335 dt  36.288000 rms  0.587  0.065% neg 0  invalid 762 tFOTS 0.0000 tGradient 1.5330 tsec 1.7530
#GCMRL#  336 dt  36.288000 rms  0.586  0.065% neg 0  invalid 762 tFOTS 0.0000 tGradient 1.5780 tsec 1.7950
#GCMRL#  337 dt  36.288000 rms  0.586  0.060% neg 0  invalid 762 tFOTS 0.0000 tGradient 1.6000 tsec 1.8160
#GCMRL#  338 dt  36.288000 rms  0.585  0.062% neg 0  invalid 762 tFOTS 0.0000 tGradient 1.6070 tsec 1.8270
#GCMRL#  339 dt  36.288000 rms  0.585  0.060% neg 0  invalid 762 tFOTS 0.0000 tGradient 1.6100 tsec 1.8290
#GCMRL#  340 dt  36.288000 rms  0.585  0.063% neg 0  invalid 762 tFOTS 0.0000 tGradient 1.6100 tsec 1.8290
#GCMRL#  341 dt  36.288000 rms  0.584  0.062% neg 0  invalid 762 tFOTS 0.0000 tGradient 1.5910 tsec 1.8100
#GCMRL#  342 dt  36.288000 rms  0.584  0.066% neg 0  invalid 762 tFOTS 0.0000 tGradient 1.5230 tsec 1.7390
#GCMRL#  343 dt  36.288000 rms  0.584  0.059% neg 0  invalid 762 tFOTS 0.0000 tGradient 1.5840 tsec 1.8030
#GCMRL#  344 dt  36.288000 rms  0.583  0.066% neg 0  invalid 762 tFOTS 0.0000 tGradient 1.5330 tsec 1.7500
#GCMRL#  345 dt  36.288000 rms  0.583  0.057% neg 0  invalid 762 tFOTS 0.0000 tGradient 1.4760 tsec 1.6940
#GCMRL#  346 dt  36.288000 rms  0.583  0.055% neg 0  invalid 762 tFOTS 0.0000 tGradient 1.5410 tsec 1.7570
#GCMRL#  347 dt  36.288000 rms  0.582  0.049% neg 0  invalid 762 tFOTS 0.0000 tGradient 1.4990 tsec 1.7150
#GCMRL#  348 dt  36.288000 rms  0.582  0.050% neg 0  invalid 762 tFOTS 0.0000 tGradient 1.5220 tsec 1.7380
#GCMRL#  349 dt  36.288000 rms  0.582  0.047% neg 0  invalid 762 tFOTS 0.0000 tGradient 1.5630 tsec 1.7800
#GCMRL#  350 dt  36.288000 rms  0.582  0.042% neg 0  invalid 762 tFOTS 0.0000 tGradient 1.5370 tsec 1.7560
#GCMRL#  351 dt  36.288000 rms  0.581  0.041% neg 0  invalid 762 tFOTS 0.0000 tGradient 1.4930 tsec 1.7120
#GCMRL#  352 dt  36.288000 rms  0.581  0.038% neg 0  invalid 762 tFOTS 0.0000 tGradient 1.5190 tsec 1.7390
#GCMRL#  353 dt  36.288000 rms  0.581  0.038% neg 0  invalid 762 tFOTS 0.0000 tGradient 1.4790 tsec 1.7000
#GCMRL#  354 dt  36.288000 rms  0.581  0.035% neg 0  invalid 762 tFOTS 0.0000 tGradient 1.4920 tsec 1.7100
#GCMRL#  355 dt  36.288000 rms  0.580  0.030% neg 0  invalid 762 tFOTS 0.0000 tGradient 1.5040 tsec 1.7250
#GCMRL#  356 dt  36.288000 rms  0.580  0.031% neg 0  invalid 762 tFOTS 0.0000 tGradient 1.4680 tsec 1.6870
#GCMRL#  357 dt  36.288000 rms  0.580  0.030% neg 0  invalid 762 tFOTS 0.0000 tGradient 1.4500 tsec 1.6720
#GCMRL#  358 dt  36.288000 rms  0.580  0.028% neg 0  invalid 762 tFOTS 0.0000 tGradient 1.4430 tsec 1.6630
#GCMRL#  359 dt  36.288000 rms  0.580  0.028% neg 0  invalid 762 tFOTS 0.0000 tGradient 1.4610 tsec 1.6820
#GCMRL#  360 dt  36.288000 rms  0.580  0.027% neg 0  invalid 762 tFOTS 0.0000 tGradient 1.4730 tsec 1.6920
#GCMRL#  361 dt  36.288000 rms  0.579  0.025% neg 0  invalid 762 tFOTS 0.0000 tGradient 1.4450 tsec 1.6640
#GCMRL#  362 dt  36.288000 rms  0.579  0.028% neg 0  invalid 762 tFOTS 0.0000 tGradient 1.4480 tsec 1.6660
#GCMRL#  363 dt  36.288000 rms  0.579  0.026% neg 0  invalid 762 tFOTS 0.0000 tGradient 1.4400 tsec 1.6610
#GCMRL#  364 dt  36.288000 rms  0.579  0.026% neg 0  invalid 762 tFOTS 0.0000 tGradient 1.4700 tsec 1.7230
#GCMRL#  365 dt  36.288000 rms  0.579  0.024% neg 0  invalid 762 tFOTS 0.0000 tGradient 1.4550 tsec 1.6650
#GCMRL#  366 dt  36.288000 rms  0.579  0.023% neg 0  invalid 762 tFOTS 0.0000 tGradient 1.5100 tsec 1.7360
#FOTS# QuadFit found better minimum quadopt=(dt=248.832,rms=0.578703) vs oldopt=(dt=414.72,rms=0.578714)
#GCMRL#  367 dt 248.832000 rms  0.579  0.000% neg 0  invalid 762 tFOTS 2.7630 tGradient 1.4760 tsec 4.4810
setting smoothness cost coefficient to 0.118

#GCAMreg# pass 0 level1 3 level2 0 tsec 0 sigma 2
l_jacobian=1.00 l_label=1.00 l_log_likelihood=0.20 l_smoothness=0.12 
tol=5.00e-02, dt=5.00e-02, exp_k=20.0, momentum=0.90, levels=6, niter=500, lbl_dist=10.00, avgs=16, sigma=2.0,type=2, relabel=0, neg=no

blurring input image with Gaussian with sigma=2.000...
GCAMRegisterLevel(): init RMS 0.593132
#FOTS# QuadFit found better minimum quadopt=(dt=11.2,rms=0.591278) vs oldopt=(dt=8,rms=0.591466)
#GCMRL#  369 dt  11.200000 rms  0.591  0.313% neg 0  invalid 762 tFOTS 2.6830 tGradient 1.2050 tsec 4.1160
#GCMRL#  370 dt  32.000000 rms  0.590  0.184% neg 0  invalid 762 tFOTS 2.6910 tGradient 1.2120 tsec 4.1220
#FOTS# QuadFit found better minimum quadopt=(dt=124.384,rms=0.585003) vs oldopt=(dt=128,rms=0.585024)
#GCMRL#  371 dt 124.384181 rms  0.585  0.879% neg 0  invalid 762 tFOTS 2.6890 tGradient 1.2370 tsec 4.1430
#FOTS# QuadFit found better minimum quadopt=(dt=25.6,rms=0.582948) vs oldopt=(dt=32,rms=0.582979)
#GCMRL#  372 dt  25.600000 rms  0.583  0.351% neg 0  invalid 762 tFOTS 2.7150 tGradient 1.2450 tsec 4.1760
#FOTS# QuadFit found better minimum quadopt=(dt=93.923,rms=0.577407) vs oldopt=(dt=128,rms=0.577979)
#GCMRL#  373 dt  93.922992 rms  0.577  0.951% neg 0  invalid 762 tFOTS 2.7000 tGradient 1.2490 tsec 4.1680
#FOTS# QuadFit found better minimum quadopt=(dt=21.3333,rms=0.575256) vs oldopt=(dt=8,rms=0.575786)
#GCMRL#  374 dt  21.333333 rms  0.575  0.373% neg 0  invalid 762 tFOTS 2.5230 tGradient 1.2730 tsec 4.0150
#FOTS# QuadFit found better minimum quadopt=(dt=70,rms=0.573775) vs oldopt=(dt=32,rms=0.57393)
#GCMRL#  375 dt  70.000000 rms  0.574  0.257% neg 0  invalid 762 tFOTS 2.7010 tGradient 1.2200 tsec 4.1420
#FOTS# QuadFit found better minimum quadopt=(dt=21.9156,rms=0.572451) vs oldopt=(dt=32,rms=0.572842)
#GCMRL#  376 dt  21.915633 rms  0.572  0.231% neg 0  invalid 762 tFOTS 2.7420 tGradient 1.2180 tsec 4.1740
#FOTS# QuadFit found better minimum quadopt=(dt=76.1379,rms=0.570374) vs oldopt=(dt=32,rms=0.570721)
#GCMRL#  377 dt  76.137931 rms  0.570  0.363% neg 0  invalid 762 tFOTS 2.6890 tGradient 1.2660 tsec 4.1680
#FOTS# QuadFit found better minimum quadopt=(dt=11.2,rms=0.569451) vs oldopt=(dt=8,rms=0.569655)
#GCMRL#  378 dt  11.200000 rms  0.569  0.162% neg 0  invalid 762 tFOTS 2.5390 tGradient 1.2140 tsec 3.9710
#FOTS# QuadFit found better minimum quadopt=(dt=11.2,rms=0.568931) vs oldopt=(dt=8,rms=0.56901)
#GCMRL#  379 dt  11.200000 rms  0.569  0.091% neg 0  invalid 762 tFOTS 2.7120 tGradient 1.2640 tsec 4.1840
#FOTS# QuadFit found better minimum quadopt=(dt=44.8,rms=0.568302) vs oldopt=(dt=32,rms=0.568353)
#GCMRL#  380 dt  44.800000 rms  0.568  0.110% neg 0  invalid 762 tFOTS 2.7330 tGradient 1.2130 tsec 4.1650
#FOTS# QuadFit found better minimum quadopt=(dt=38.4,rms=0.567081) vs oldopt=(dt=32,rms=0.567105)
#GCMRL#  381 dt  38.400000 rms  0.567  0.215% neg 0  invalid 762 tFOTS 2.7500 tGradient 1.2070 tsec 4.1770
#FOTS# QuadFit found better minimum quadopt=(dt=11.2,rms=0.566727) vs oldopt=(dt=8,rms=0.566813)
#GCMRL#  382 dt  11.200000 rms  0.567  0.062% neg 0  invalid 762 tFOTS 2.7300 tGradient 1.2560 tsec 4.2090
#FOTS# QuadFit found better minimum quadopt=(dt=38.4,rms=0.566262) vs oldopt=(dt=32,rms=0.566268)
#GCMRL#  383 dt  38.400000 rms  0.566  0.082% neg 0  invalid 762 tFOTS 2.7370 tGradient 1.2350 tsec 4.1880
#GCMRL#  384 dt  32.000000 rms  0.565  0.159% neg 0  invalid 762 tFOTS 2.7300 tGradient 1.2200 tsec 4.1690
#FOTS# QuadFit found better minimum quadopt=(dt=11.2,rms=0.565078) vs oldopt=(dt=8,rms=0.565131)
#GCMRL#  385 dt  11.200000 rms  0.565  0.050% neg 0  invalid 762 tFOTS 2.6150 tGradient 1.2230 tsec 4.0610
#FOTS# QuadFit found better minimum quadopt=(dt=76.8,rms=0.56437) vs oldopt=(dt=128,rms=0.564486)
#GCMRL#  386 dt  76.800000 rms  0.564  0.125% neg 0  invalid 762 tFOTS 2.5720 tGradient 1.2240 tsec 4.0170
#FOTS# QuadFit found better minimum quadopt=(dt=25.6,rms=0.563283) vs oldopt=(dt=32,rms=0.563365)
#GCMRL#  387 dt  25.600000 rms  0.563  0.193% neg 0  invalid 762 tFOTS 2.8400 tGradient 1.2050 tsec 4.2720
#FOTS# QuadFit found better minimum quadopt=(dt=11.2,rms=0.563044) vs oldopt=(dt=8,rms=0.563075)
#GCMRL#  388 dt  11.200000 rms  0.563  0.000% neg 0  invalid 762 tFOTS 3.9590 tGradient 1.3370 tsec 5.6510
#GCMRL#  389 dt  11.200000 rms  0.563  0.033% neg 0  invalid 762 tFOTS 0.0000 tGradient 1.5900 tsec 1.8810
#GCMRL#  390 dt  11.200000 rms  0.563  0.049% neg 0  invalid 762 tFOTS 0.0000 tGradient 1.4580 tsec 1.7220
#GCMRL#  391 dt  11.200000 rms  0.562  0.076% neg 0  invalid 762 tFOTS 0.0000 tGradient 1.4800 tsec 1.7670
#GCMRL#  392 dt  11.200000 rms  0.562  0.096% neg 0  invalid 762 tFOTS 0.0000 tGradient 1.4950 tsec 1.7530
#GCMRL#  393 dt  11.200000 rms  0.561  0.115% neg 0  invalid 762 tFOTS 0.0000 tGradient 1.4880 tsec 1.7600
#GCMRL#  394 dt  11.200000 rms  0.560  0.125% neg 0  invalid 762 tFOTS 0.0000 tGradient 1.5480 tsec 1.8080
#GCMRL#  395 dt  11.200000 rms  0.559  0.137% neg 0  invalid 762 tFOTS 0.0000 tGradient 1.4870 tsec 1.7540
#GCMRL#  396 dt  11.200000 rms  0.559  0.138% neg 0  invalid 762 tFOTS 0.0000 tGradient 1.5190 tsec 1.7930
#GCMRL#  397 dt  11.200000 rms  0.558  0.145% neg 0  invalid 762 tFOTS 0.0000 tGradient 1.5290 tsec 1.8140
#GCMRL#  398 dt  11.200000 rms  0.557  0.146% neg 0  invalid 762 tFOTS 0.0000 tGradient 1.6320 tsec 1.9350
#GCMRL#  399 dt  11.200000 rms  0.556  0.150% neg 0  invalid 762 tFOTS 0.0000 tGradient 1.6070 tsec 1.9310
#GCMRL#  400 dt  11.200000 rms  0.555  0.145% neg 0  invalid 762 tFOTS 0.0000 tGradient 1.6220 tsec 1.9310
#GCMRL#  401 dt  11.200000 rms  0.555  0.137% neg 0  invalid 762 tFOTS 0.0000 tGradient 1.7420 tsec 2.0730
#GCMRL#  402 dt  11.200000 rms  0.554  0.138% neg 0  invalid 762 tFOTS 0.0000 tGradient 1.7400 tsec 2.0270
#GCMRL#  403 dt  11.200000 rms  0.554  0.011% neg 0  invalid 762 tFOTS 0.0000 tGradient 1.7040 tsec 2.1510
#GCMRL#  404 dt  11.200000 rms  0.554  0.021% neg 0  invalid 762 tFOTS 0.0000 tGradient 1.7450 tsec 2.0090
#GCMRL#  405 dt  11.200000 rms  0.554  0.030% neg 0  invalid 762 tFOTS 0.0000 tGradient 1.6500 tsec 1.9410
#GCMRL#  406 dt  11.200000 rms  0.553  0.033% neg 0  invalid 762 tFOTS 0.0000 tGradient 1.5410 tsec 1.8110
#GCMRL#  407 dt  11.200000 rms  0.553  0.046% neg 0  invalid 762 tFOTS 0.0000 tGradient 1.3970 tsec 1.6270
#GCMRL#  408 dt  11.200000 rms  0.553  0.050% neg 0  invalid 762 tFOTS 0.0000 tGradient 1.2290 tsec 1.4540
#GCMRL#  409 dt  11.200000 rms  0.553  0.053% neg 0  invalid 762 tFOTS 0.0000 tGradient 1.2400 tsec 1.4710
#GCMRL#  410 dt  11.200000 rms  0.552  0.062% neg 0  invalid 762 tFOTS 0.0000 tGradient 1.2350 tsec 1.4620
#GCMRL#  411 dt  11.200000 rms  0.552  0.065% neg 0  invalid 762 tFOTS 0.0000 tGradient 1.2420 tsec 1.4670
#GCMRL#  412 dt  11.200000 rms  0.552  0.067% neg 0  invalid 762 tFOTS 0.0000 tGradient 1.2260 tsec 1.4640
#GCMRL#  413 dt  11.200000 rms  0.551  0.073% neg 0  invalid 762 tFOTS 0.0000 tGradient 1.2330 tsec 1.4620
#GCMRL#  414 dt  11.200000 rms  0.551  0.074% neg 0  invalid 762 tFOTS 0.0000 tGradient 1.2250 tsec 1.4510
#GCMRL#  415 dt  11.200000 rms  0.550  0.076% neg 0  invalid 762 tFOTS 0.0000 tGradient 1.2130 tsec 1.4390
#GCMRL#  416 dt  11.200000 rms  0.550  0.075% neg 0  invalid 762 tFOTS 0.0000 tGradient 1.2120 tsec 1.4380
#GCMRL#  417 dt  11.200000 rms  0.549  0.074% neg 0  invalid 762 tFOTS 0.0000 tGradient 1.2100 tsec 1.4380
#GCMRL#  418 dt  11.200000 rms  0.549  0.079% neg 0  invalid 762 tFOTS 0.0000 tGradient 1.2210 tsec 1.4480
#GCMRL#  419 dt  11.200000 rms  0.549  0.075% neg 0  invalid 762 tFOTS 0.0000 tGradient 1.2270 tsec 1.4520
#GCMRL#  420 dt  11.200000 rms  0.548  0.070% neg 0  invalid 762 tFOTS 0.0000 tGradient 1.2550 tsec 1.4780
#GCMRL#  421 dt  11.200000 rms  0.548  0.072% neg 0  invalid 762 tFOTS 0.0000 tGradient 1.2640 tsec 1.4860
#GCMRL#  422 dt  11.200000 rms  0.547  0.068% neg 0  invalid 762 tFOTS 0.0000 tGradient 1.2550 tsec 1.4750
#GCMRL#  423 dt  11.200000 rms  0.547  0.068% neg 0  invalid 762 tFOTS 0.0000 tGradient 1.2690 tsec 1.4920
#GCMRL#  424 dt  11.200000 rms  0.547  0.066% neg 0  invalid 762 tFOTS 0.0000 tGradient 1.3260 tsec 1.5500
#GCMRL#  425 dt  11.200000 rms  0.546  0.067% neg 0  invalid 762 tFOTS 0.0000 tGradient 1.4130 tsec 1.6850
#GCMRL#  426 dt  11.200000 rms  0.546  0.063% neg 0  invalid 762 tFOTS 0.0000 tGradient 1.2930 tsec 1.5210
#GCMRL#  427 dt  11.200000 rms  0.546  0.063% neg 0  invalid 762 tFOTS 0.0000 tGradient 1.3080 tsec 1.5360
#GCMRL#  428 dt  11.200000 rms  0.546  0.003% neg 0  invalid 762 tFOTS 0.0000 tGradient 1.2740 tsec 1.6240
#GCMRL#  429 dt  11.200000 rms  0.546  0.006% neg 0  invalid 762 tFOTS 0.0000 tGradient 1.2750 tsec 1.5020
#GCMRL#  430 dt  11.200000 rms  0.546  0.009% neg 0  invalid 762 tFOTS 0.0000 tGradient 1.2730 tsec 1.5000
#GCMRL#  431 dt  11.200000 rms  0.545  0.012% neg 0  invalid 762 tFOTS 0.0000 tGradient 1.2940 tsec 1.5180
#GCMRL#  432 dt  11.200000 rms  0.545  0.018% neg 0  invalid 762 tFOTS 0.0000 tGradient 1.2740 tsec 1.5020
#GCMRL#  433 dt  11.200000 rms  0.545  0.020% neg 0  invalid 762 tFOTS 0.0000 tGradient 1.2460 tsec 1.4750
#GCMRL#  434 dt  11.200000 rms  0.545  0.017% neg 0  invalid 762 tFOTS 0.0000 tGradient 1.2680 tsec 1.5110
#FOTS# QuadFit found better minimum quadopt=(dt=102.4,rms=0.545114) vs oldopt=(dt=128,rms=0.54512)
#GCMRL#  435 dt 102.400000 rms  0.545  0.000% neg 0  invalid 762 tFOTS 2.8630 tGradient 1.2670 tsec 4.3820

#GCAMreg# pass 0 level1 3 level2 1 tsec 174.121 sigma 0.5
l_jacobian=1.00 l_label=1.00 l_log_likelihood=0.20 l_smoothness=0.12 
tol=5.00e-02, dt=5.00e-02, exp_k=20.0, momentum=0.90, levels=6, niter=500, lbl_dist=10.00, avgs=16, sigma=0.5,type=2, relabel=0, neg=no

blurring input image with Gaussian with sigma=0.500...
GCAMRegisterLevel(): init RMS 0.546036
#FOTS# QuadFit found better minimum quadopt=(dt=29.8231,rms=0.543346) vs oldopt=(dt=32,rms=0.543371)
#GCMRL#  437 dt  29.823129 rms  0.543  0.493% neg 0  invalid 762 tFOTS 2.8490 tGradient 1.2840 tsec 4.3730
#FOTS# QuadFit found better minimum quadopt=(dt=25.6,rms=0.542388) vs oldopt=(dt=32,rms=0.542463)
#GCMRL#  438 dt  25.600000 rms  0.542  0.176% neg 0  invalid 762 tFOTS 2.8500 tGradient 1.2520 tsec 4.3410
#FOTS# QuadFit found better minimum quadopt=(dt=19.2,rms=0.541718) vs oldopt=(dt=32,rms=0.54193)
#GCMRL#  439 dt  19.200000 rms  0.542  0.124% neg 0  invalid 762 tFOTS 2.8230 tGradient 1.2330 tsec 4.3010
#FOTS# QuadFit found better minimum quadopt=(dt=38.4,rms=0.541262) vs oldopt=(dt=32,rms=0.541264)
#GCMRL#  440 dt  38.400000 rms  0.541  0.084% neg 0  invalid 762 tFOTS 2.8430 tGradient 1.2420 tsec 4.3340
#FOTS# QuadFit found better minimum quadopt=(dt=11.2,rms=0.540847) vs oldopt=(dt=8,rms=0.540931)
#GCMRL#  441 dt  11.200000 rms  0.541  0.077% neg 0  invalid 762 tFOTS 2.8400 tGradient 1.2090 tsec 4.2870
#FOTS# QuadFit found better minimum quadopt=(dt=44.8,rms=0.54042) vs oldopt=(dt=32,rms=0.540473)
#GCMRL#  442 dt  44.800000 rms  0.540  0.079% neg 0  invalid 762 tFOTS 2.8870 tGradient 1.2480 tsec 4.3720
#FOTS# QuadFit found better minimum quadopt=(dt=11.2,rms=0.540238) vs oldopt=(dt=8,rms=0.540275)
#GCMRL#  443 dt  11.200000 rms  0.540  0.000% neg 0  invalid 762 tFOTS 3.0360 tGradient 1.2640 tsec 4.5590
#GCMRL#  444 dt  11.200000 rms  0.540  0.026% neg 0  invalid 762 tFOTS 0.0000 tGradient 1.2610 tsec 1.4630
#GCMRL#  445 dt  11.200000 rms  0.540  0.032% neg 0  invalid 762 tFOTS 0.0000 tGradient 1.2370 tsec 1.4430
#GCMRL#  446 dt  11.200000 rms  0.540  0.048% neg 0  invalid 762 tFOTS 0.0000 tGradient 1.2560 tsec 1.4840
#GCMRL#  447 dt  11.200000 rms  0.539  0.049% neg 0  invalid 762 tFOTS 0.0000 tGradient 1.2460 tsec 1.4490
#GCMRL#  448 dt  11.200000 rms  0.539  0.053% neg 0  invalid 762 tFOTS 0.0000 tGradient 1.2290 tsec 1.4550
#GCMRL#  449 dt  11.200000 rms  0.539  0.050% neg 0  invalid 762 tFOTS 0.0000 tGradient 1.2640 tsec 1.4940
#GCMRL#  450 dt  11.200000 rms  0.539  0.044% neg 0  invalid 762 tFOTS 0.0000 tGradient 1.2340 tsec 1.4610
#GCMRL#  451 dt  11.200000 rms  0.538  0.041% neg 0  invalid 762 tFOTS 0.0000 tGradient 1.2590 tsec 1.4850
#GCMRL#  452 dt  11.200000 rms  0.538  0.045% neg 0  invalid 762 tFOTS 0.0000 tGradient 1.2540 tsec 1.4800
#GCMRL#  453 dt  11.200000 rms  0.538  0.046% neg 0  invalid 762 tFOTS 0.0000 tGradient 1.2530 tsec 1.4820
#GCMRL#  454 dt  11.200000 rms  0.538  0.035% neg 0  invalid 762 tFOTS 0.0000 tGradient 1.2940 tsec 1.5230
#GCMRL#  455 dt  11.200000 rms  0.538  0.034% neg 0  invalid 762 tFOTS 0.0000 tGradient 1.2480 tsec 1.4720
#GCMRL#  456 dt  11.200000 rms  0.537  0.047% neg 0  invalid 762 tFOTS 0.0000 tGradient 1.2500 tsec 1.4750
#GCMRL#  457 dt  11.200000 rms  0.537  0.061% neg 0  invalid 762 tFOTS 0.0000 tGradient 1.2500 tsec 1.4770
#GCMRL#  458 dt  11.200000 rms  0.537  0.062% neg 0  invalid 762 tFOTS 0.0000 tGradient 1.2390 tsec 1.4640
#GCMRL#  459 dt  11.200000 rms  0.536  0.061% neg 0  invalid 762 tFOTS 0.0000 tGradient 1.2390 tsec 1.4650
#GCMRL#  460 dt  11.200000 rms  0.536  0.055% neg 0  invalid 762 tFOTS 0.0000 tGradient 1.4300 tsec 1.6870
#GCMRL#  461 dt  11.200000 rms  0.536  0.047% neg 0  invalid 762 tFOTS 0.0000 tGradient 1.4610 tsec 1.7160
#GCMRL#  462 dt  11.200000 rms  0.535  0.050% neg 0  invalid 762 tFOTS 0.0000 tGradient 1.3350 tsec 1.5610
#GCMRL#  463 dt  11.200000 rms  0.535  0.052% neg 0  invalid 762 tFOTS 0.0000 tGradient 1.2380 tsec 1.4650
#GCMRL#  464 dt  11.200000 rms  0.535  0.053% neg 0  invalid 762 tFOTS 0.0000 tGradient 1.2550 tsec 1.4780
#GCMRL#  465 dt  11.200000 rms  0.535  0.041% neg 0  invalid 762 tFOTS 0.0000 tGradient 1.2460 tsec 1.4690
#GCMRL#  466 dt  11.200000 rms  0.534  0.041% neg 0  invalid 762 tFOTS 0.0000 tGradient 1.2660 tsec 1.4890
#GCMRL#  467 dt  11.200000 rms  0.534  0.042% neg 0  invalid 762 tFOTS 0.0000 tGradient 1.2430 tsec 1.4690
#GCMRL#  468 dt  11.200000 rms  0.534  0.047% neg 0  invalid 762 tFOTS 0.0000 tGradient 1.2350 tsec 1.4690
#GCMRL#  469 dt  11.200000 rms  0.534  0.040% neg 0  invalid 762 tFOTS 0.0000 tGradient 1.2590 tsec 1.4950
#GCMRL#  470 dt  11.200000 rms  0.534  0.034% neg 0  invalid 762 tFOTS 0.0000 tGradient 1.2340 tsec 1.4580
#GCMRL#  471 dt  11.200000 rms  0.533  0.035% neg 0  invalid 762 tFOTS 0.0000 tGradient 1.2580 tsec 1.4820
#GCMRL#  472 dt  11.200000 rms  0.533  0.037% neg 0  invalid 762 tFOTS 0.0000 tGradient 1.2300 tsec 1.4580
#GCMRL#  473 dt  11.200000 rms  0.533  0.047% neg 0  invalid 762 tFOTS 0.0000 tGradient 1.2520 tsec 1.4760
#GCMRL#  474 dt  11.200000 rms  0.533  0.043% neg 0  invalid 762 tFOTS 0.0000 tGradient 1.2410 tsec 1.4660
#GCMRL#  475 dt  11.200000 rms  0.533  0.036% neg 0  invalid 762 tFOTS 0.0000 tGradient 1.2560 tsec 1.4910
#GCMRL#  476 dt  11.200000 rms  0.532  0.030% neg 0  invalid 762 tFOTS 0.0000 tGradient 1.2620 tsec 1.4920
#GCMRL#  477 dt  11.200000 rms  0.532  0.037% neg 0  invalid 762 tFOTS 0.0000 tGradient 1.2800 tsec 1.5060
#GCMRL#  478 dt  11.200000 rms  0.532  0.039% neg 0  invalid 762 tFOTS 0.0000 tGradient 1.2400 tsec 1.4640
#GCMRL#  479 dt  11.200000 rms  0.532  0.039% neg 0  invalid 762 tFOTS 0.0000 tGradient 1.2770 tsec 1.4980
#GCMRL#  480 dt  11.200000 rms  0.532  0.037% neg 0  invalid 762 tFOTS 0.0000 tGradient 1.2300 tsec 1.4550
#GCMRL#  481 dt  11.200000 rms  0.531  0.033% neg 0  invalid 762 tFOTS 0.0000 tGradient 1.2490 tsec 1.4730
#GCMRL#  482 dt  11.200000 rms  0.531  0.029% neg 0  invalid 762 tFOTS 0.0000 tGradient 1.2430 tsec 1.4760
#GCMRL#  483 dt  11.200000 rms  0.531  0.025% neg 0  invalid 762 tFOTS 0.0000 tGradient 1.2240 tsec 1.4490
#GCMRL#  484 dt  11.200000 rms  0.531  0.025% neg 0  invalid 762 tFOTS 0.0000 tGradient 1.2730 tsec 1.4960
#GCMRL#  485 dt  11.200000 rms  0.531  0.019% neg 0  invalid 762 tFOTS 0.0000 tGradient 1.2650 tsec 1.4880
#GCMRL#  486 dt  11.200000 rms  0.531  0.022% neg 0  invalid 762 tFOTS 0.0000 tGradient 1.2430 tsec 1.4680
#GCMRL#  487 dt  11.200000 rms  0.531  0.024% neg 0  invalid 762 tFOTS 0.0000 tGradient 1.2430 tsec 1.4660
#GCMRL#  488 dt  11.200000 rms  0.530  0.024% neg 0  invalid 762 tFOTS 0.0000 tGradient 1.2640 tsec 1.4910
#GCMRL#  489 dt  11.200000 rms  0.530  0.025% neg 0  invalid 762 tFOTS 0.0000 tGradient 1.2260 tsec 1.4470
#GCMRL#  490 dt  11.200000 rms  0.530  0.020% neg 0  invalid 762 tFOTS 0.0000 tGradient 1.2570 tsec 1.5050
#FOTS# QuadFit found better minimum quadopt=(dt=25.6,rms=0.530246) vs oldopt=(dt=32,rms=0.530246)
#GCMRL#  491 dt  25.600000 rms  0.530  0.000% neg 0  invalid 762 tFOTS 2.9140 tGradient 1.2310 tsec 4.3950
#GCMRL#  492 dt  25.600000 rms  0.530  0.014% neg 0  invalid 762 tFOTS 0.0000 tGradient 1.2420 tsec 1.4630
#GCMRL#  493 dt  25.600000 rms  0.530  0.001% neg 0  invalid 762 tFOTS 0.0000 tGradient 1.2320 tsec 1.4960
#GCMRL#  494 dt  25.600000 rms  0.530  0.015% neg 0  invalid 762 tFOTS 0.0000 tGradient 1.2590 tsec 1.4830
#GCMRL#  495 dt  25.600000 rms  0.530  0.030% neg 0  invalid 762 tFOTS 0.0000 tGradient 1.2890 tsec 1.5120
#GCMRL#  496 dt  25.600000 rms  0.530  0.013% neg 0  invalid 762 tFOTS 0.0000 tGradient 1.2520 tsec 1.4850
#GCMRL#  497 dt  25.600000 rms  0.530  0.023% neg 0  invalid 762 tFOTS 0.0000 tGradient 1.2500 tsec 1.4770
#GCMRL#  498 dt  25.600000 rms  0.530  0.022% neg 0  invalid 762 tFOTS 0.0000 tGradient 1.2620 tsec 1.5120
#FOTS# QuadFit found better minimum quadopt=(dt=25.6,rms=0.529599) vs oldopt=(dt=32,rms=0.529599)
#GCMRL#  499 dt  25.600000 rms  0.530  0.000% neg 0  invalid 762 tFOTS 2.9120 tGradient 1.2540 tsec 4.4140
setting smoothness cost coefficient to 0.400

#GCAMreg# pass 0 level1 2 level2 0 tsec 0 sigma 2
l_jacobian=1.00 l_label=1.00 l_log_likelihood=0.20 l_smoothness=0.40 
tol=5.00e-02, dt=5.00e-02, exp_k=20.0, momentum=0.90, levels=6, niter=500, lbl_dist=10.00, avgs=4, sigma=2.0,type=2, relabel=0, neg=no

blurring input image with Gaussian with sigma=2.000...
GCAMRegisterLevel(): init RMS 0.559618
#GCMRL#  501 dt   0.000000 rms  0.559  0.134% neg 0  invalid 762 tFOTS 2.7500 tGradient 1.1320 tsec 4.1410
#GCMRL#  502 dt   0.150000 rms  0.559  0.000% neg 0  invalid 762 tFOTS 2.8720 tGradient 1.1650 tsec 4.4880

#GCAMreg# pass 0 level1 2 level2 1 tsec 18.032 sigma 0.5
l_jacobian=1.00 l_label=1.00 l_log_likelihood=0.20 l_smoothness=0.40 
tol=5.00e-02, dt=5.00e-02, exp_k=20.0, momentum=0.90, levels=6, niter=500, lbl_dist=10.00, avgs=4, sigma=0.5,type=2, relabel=0, neg=no

blurring input image with Gaussian with sigma=0.500...
GCAMRegisterLevel(): init RMS 0.559618
#GCMRL#  504 dt   0.000000 rms  0.559  0.134% neg 0  invalid 762 tFOTS 3.0750 tGradient 1.1690 tsec 4.5010
#GCMRL#  505 dt   0.150000 rms  0.559  0.000% neg 0  invalid 762 tFOTS 3.1500 tGradient 1.1620 tsec 4.8510
setting smoothness cost coefficient to 1.000

#GCAMreg# pass 0 level1 1 level2 0 tsec 0 sigma 2
l_jacobian=1.00 l_label=1.00 l_log_likelihood=0.20 l_smoothness=1.00 
tol=5.00e-02, dt=5.00e-02, exp_k=20.0, momentum=0.90, levels=6, niter=500, lbl_dist=10.00, avgs=1, sigma=2.0,type=2, relabel=0, neg=no

blurring input image with Gaussian with sigma=2.000...
GCAMRegisterLevel(): init RMS 0.617117
#GCMRL#  507 dt   1.280000 rms  0.613  0.674% neg 0  invalid 762 tFOTS 3.0100 tGradient 1.0580 tsec 4.3120
#FOTS# QuadFit found better minimum quadopt=(dt=0.112,rms=0.612938) vs oldopt=(dt=0.08,rms=0.612941)
#GCMRL#  508 dt   0.112000 rms  0.613  0.000% neg 0  invalid 762 tFOTS 2.8020 tGradient 0.9530 tsec 4.0130

#GCAMreg# pass 0 level1 1 level2 1 tsec 17.766 sigma 0.5
l_jacobian=1.00 l_label=1.00 l_log_likelihood=0.20 l_smoothness=1.00 
tol=5.00e-02, dt=5.00e-02, exp_k=20.0, momentum=0.90, levels=6, niter=500, lbl_dist=10.00, avgs=1, sigma=0.5,type=2, relabel=0, neg=no

blurring input image with Gaussian with sigma=0.500...
GCAMRegisterLevel(): init RMS 0.613607
#FOTS# QuadFit found better minimum quadopt=(dt=0.448,rms=0.612435) vs oldopt=(dt=0.32,rms=0.612529)
#GCMRL#  510 dt   0.448000 rms  0.612  0.191% neg 0  invalid 762 tFOTS 2.7980 tGradient 0.9500 tsec 3.9870
#GCMRL#  511 dt   0.320000 rms  0.612  0.000% neg 0  invalid 762 tFOTS 2.7790 tGradient 0.9510 tsec 3.9760
resetting metric properties...
setting smoothness cost coefficient to 2.000

#GCAMreg# pass 0 level1 0 level2 0 tsec 0 sigma 2
l_jacobian=1.00 l_label=1.00 l_log_likelihood=0.20 l_smoothness=2.00 
tol=5.00e-02, dt=5.00e-02, exp_k=20.0, momentum=0.90, levels=6, niter=500, lbl_dist=10.00, avgs=0, sigma=2.0,type=2, relabel=0, neg=no

blurring input image with Gaussian with sigma=2.000...
GCAMRegisterLevel(): init RMS 0.540945
#FOTS# QuadFit found better minimum quadopt=(dt=0.448,rms=0.525509) vs oldopt=(dt=0.32,rms=0.529526)
#GCMRL#  513 dt   0.448000 rms  0.526  2.854% neg 0  invalid 762 tFOTS 2.6100 tGradient 0.5420 tsec 3.3790
#FOTS# QuadFit found better minimum quadopt=(dt=0.448,rms=0.521634) vs oldopt=(dt=0.32,rms=0.522717)
#GCMRL#  514 dt   0.448000 rms  0.522  0.737% neg 0  invalid 762 tFOTS 2.6160 tGradient 0.5570 tsec 3.4020
#FOTS# QuadFit found better minimum quadopt=(dt=0.448,rms=0.519463) vs oldopt=(dt=0.32,rms=0.520079)
#GCMRL#  515 dt   0.448000 rms  0.519  0.416% neg 0  invalid 762 tFOTS 2.6360 tGradient 0.5390 tsec 3.4090
#FOTS# QuadFit found better minimum quadopt=(dt=0.448,rms=0.518194) vs oldopt=(dt=0.32,rms=0.518544)
#GCMRL#  516 dt   0.448000 rms  0.518  0.244% neg 0  invalid 762 tFOTS 2.6200 tGradient 0.5280 tsec 3.3790
#FOTS# QuadFit found better minimum quadopt=(dt=0.448,rms=0.517244) vs oldopt=(dt=0.32,rms=0.517508)
#GCMRL#  517 dt   0.448000 rms  0.517  0.183% neg 0  invalid 762 tFOTS 2.6120 tGradient 0.5280 tsec 3.3750
#FOTS# QuadFit found better minimum quadopt=(dt=0.448,rms=0.516576) vs oldopt=(dt=0.32,rms=0.516751)
#GCMRL#  518 dt   0.448000 rms  0.517  0.129% neg 0  invalid 762 tFOTS 2.6820 tGradient 0.5210 tsec 3.4270
#FOTS# QuadFit found better minimum quadopt=(dt=0.448,rms=0.515999) vs oldopt=(dt=0.32,rms=0.51615)
#GCMRL#  519 dt   0.448000 rms  0.516  0.112% neg 0  invalid 762 tFOTS 2.6290 tGradient 0.5390 tsec 3.3940
#FOTS# QuadFit found better minimum quadopt=(dt=0.448,rms=0.515591) vs oldopt=(dt=0.32,rms=0.515688)
#GCMRL#  520 dt   0.448000 rms  0.516  0.079% neg 0  invalid 762 tFOTS 2.6170 tGradient 0.5410 tsec 3.3870
#FOTS# QuadFit found better minimum quadopt=(dt=0.448,rms=0.515211) vs oldopt=(dt=0.32,rms=0.515301)
#GCMRL#  521 dt   0.448000 rms  0.515  0.074% neg 0  invalid 762 tFOTS 2.6000 tGradient 0.5270 tsec 3.3560
#FOTS# QuadFit found better minimum quadopt=(dt=0.448,rms=0.514951) vs oldopt=(dt=0.32,rms=0.515004)
#GCMRL#  522 dt   0.448000 rms  0.515  0.050% neg 0  invalid 762 tFOTS 2.6060 tGradient 0.5600 tsec 3.3950
#FOTS# QuadFit found better minimum quadopt=(dt=0.448,rms=0.514666) vs oldopt=(dt=0.32,rms=0.514723)
#GCMRL#  523 dt   0.448000 rms  0.515  0.055% neg 0  invalid 762 tFOTS 2.5840 tGradient 0.5630 tsec 3.3730
#FOTS# QuadFit found better minimum quadopt=(dt=0.448,rms=0.514489) vs oldopt=(dt=0.32,rms=0.514511)
#GCMRL#  524 dt   0.448000 rms  0.514  0.000% neg 0  invalid 762 tFOTS 2.5700 tGradient 0.5570 tsec 3.3730
#GCMRL#  525 dt   0.448000 rms  0.514  0.042% neg 0  invalid 762 tFOTS 0.0000 tGradient 0.5510 tsec 0.7770
#GCMRL#  526 dt   0.448000 rms  0.514  0.067% neg 0  invalid 762 tFOTS 0.0000 tGradient 0.5310 tsec 0.7540
#GCMRL#  527 dt   0.448000 rms  0.514  0.023% neg 0  invalid 762 tFOTS 0.0000 tGradient 0.5410 tsec 0.8950
#GCMRL#  528 dt   0.224000 rms  0.514  0.020% neg 0  invalid 762 tFOTS 0.0000 tGradient 0.5630 tsec 1.0440
#FOTS# QuadFit found better minimum quadopt=(dt=0.384,rms=0.513533) vs oldopt=(dt=0.32,rms=0.513559)
#GCMRL#  529 dt   0.384000 rms  0.514  0.034% neg 0  invalid 762 tFOTS 3.0530 tGradient 0.5300 tsec 3.8350
#GCMRL#  530 dt   0.320000 rms  0.513  0.000% neg 0  invalid 762 tFOTS 3.1360 tGradient 0.6320 tsec 4.0780
#GCMRL#  531 dt   0.320000 rms  0.513  0.016% neg 0  invalid 762 tFOTS 0.0000 tGradient 0.6340 tsec 0.9200
#GCMRL#  532 dt   0.320000 rms  0.513  0.025% neg 0  invalid 762 tFOTS 0.0000 tGradient 0.6300 tsec 0.9140
#GCMRL#  533 dt   0.320000 rms  0.513  0.031% neg 0  invalid 762 tFOTS 0.0000 tGradient 0.6430 tsec 0.9290
#GCMRL#  534 dt   0.320000 rms  0.513  0.037% neg 0  invalid 762 tFOTS 0.0000 tGradient 0.6320 tsec 0.9150
#GCMRL#  535 dt   0.320000 rms  0.513  0.008% neg 0  invalid 762 tFOTS 0.0000 tGradient 0.6300 tsec 1.0640
#GCMRL#  536 dt   0.320000 rms  0.513  0.005% neg 0  invalid 762 tFOTS 0.0000 tGradient 0.6530 tsec 1.1260
#GCMRL#  537 dt   0.320000 rms  0.513  0.000% neg 0  invalid 762 tFOTS 3.1710 tGradient 0.6440 tsec 4.1270
#GCMRL#  538 dt   0.320000 rms  0.513  0.005% neg 0  invalid 762 tFOTS 0.0000 tGradient 0.6270 tsec 0.9090
#GCMRL#  539 dt   0.320000 rms  0.513  0.008% neg 0  invalid 762 tFOTS 0.0000 tGradient 0.6300 tsec 0.9160
#GCMRL#  540 dt   0.320000 rms  0.513  0.008% neg 0  invalid 762 tFOTS 0.0000 tGradient 0.6430 tsec 1.0750
#GCMRL#  541 dt   0.320000 rms  0.513  0.012% neg 0  invalid 762 tFOTS 0.0000 tGradient 0.6370 tsec 0.9220
#GCMRL#  542 dt   0.320000 rms  0.513  0.010% neg 0  invalid 762 tFOTS 0.0000 tGradient 0.6450 tsec 0.9280
#GCMRL#  543 dt   0.320000 rms  0.513  0.012% neg 0  invalid 762 tFOTS 0.0000 tGradient 0.6400 tsec 0.9210
#GCMRL#  544 dt   0.320000 rms  0.512  0.015% neg 0  invalid 762 tFOTS 0.0000 tGradient 0.6430 tsec 0.9260
#GCMRL#  545 dt   0.320000 rms  0.512  0.016% neg 0  invalid 762 tFOTS 0.0000 tGradient 0.6310 tsec 0.9090

#GCAMreg# pass 0 level1 0 level2 1 tsec 78.068 sigma 0.5
l_jacobian=1.00 l_label=1.00 l_log_likelihood=0.20 l_smoothness=2.00 
tol=5.00e-02, dt=5.00e-02, exp_k=20.0, momentum=0.90, levels=6, niter=500, lbl_dist=10.00, avgs=0, sigma=0.5,type=2, relabel=0, neg=no

blurring input image with Gaussian with sigma=0.500...
GCAMRegisterLevel(): init RMS 0.513158
#FOTS# QuadFit found better minimum quadopt=(dt=0.384,rms=0.507858) vs oldopt=(dt=0.32,rms=0.508556)
#GCMRL#  547 dt   0.384000 rms  0.508  1.033% neg 0  invalid 762 tFOTS 3.1650 tGradient 0.6360 tsec 4.0830
#FOTS# QuadFit found better minimum quadopt=(dt=0.384,rms=0.506502) vs oldopt=(dt=0.32,rms=0.506716)
#GCMRL#  548 dt   0.384000 rms  0.507  0.267% neg 0  invalid 762 tFOTS 3.1850 tGradient 0.6480 tsec 4.1190
#FOTS# QuadFit found better minimum quadopt=(dt=0.384,rms=0.50592) vs oldopt=(dt=0.32,rms=0.506008)
#GCMRL#  549 dt   0.384000 rms  0.506  0.115% neg 0  invalid 762 tFOTS 3.1350 tGradient 0.6320 tsec 4.0540
#FOTS# QuadFit found better minimum quadopt=(dt=0.384,rms=0.505635) vs oldopt=(dt=0.32,rms=0.505671)
#GCMRL#  550 dt   0.384000 rms  0.506  0.056% neg 0  invalid 762 tFOTS 3.1480 tGradient 0.6320 tsec 4.0640
#FOTS# QuadFit found better minimum quadopt=(dt=0.384,rms=0.50546) vs oldopt=(dt=0.32,rms=0.505478)
#GCMRL#  551 dt   0.384000 rms  0.505  0.000% neg 0  invalid 762 tFOTS 3.1350 tGradient 0.6380 tsec 4.0760
#GCMRL#  552 dt   0.384000 rms  0.505  0.016% neg 0  invalid 762 tFOTS 0.0000 tGradient 0.6470 tsec 0.9310
#GCMRL#  553 dt   0.384000 rms  0.505  0.013% neg 0  invalid 762 tFOTS 0.0000 tGradient 0.6310 tsec 1.0680
#GCMRL#  554 dt   0.384000 rms  0.505  0.025% neg 0  invalid 762 tFOTS 0.0000 tGradient 0.6280 tsec 0.9140
#GCMRL#  555 dt   0.192000 rms  0.505  0.002% neg 0  invalid 762 tFOTS 0.0000 tGradient 0.6300 tsec 1.2330
#FOTS# QuadFit found better minimum quadopt=(dt=0.384,rms=0.505083) vs oldopt=(dt=0.32,rms=0.505095)
#GCMRL#  556 dt   0.384000 rms  0.505  0.018% neg 0  invalid 762 tFOTS 3.1760 tGradient 0.6310 tsec 4.0950
#FOTS# QuadFit found better minimum quadopt=(dt=0.112,rms=0.50509) vs oldopt=(dt=0.08,rms=0.505091)
GCAMregister done in 19.838 min
********************* ALLOWING NEGATIVE NODES IN DEFORMATION********************************
noneg post
Starting GCAMregister()
label assignment complete, 0 changed (0.00%)
npasses = 1, nlevels = 6
#pass# 1 of 1 ************************
enabling zero nodes
setting smoothness cost coefficient to 0.008

#GCAMreg# pass 0 level1 5 level2 0 tsec 0 sigma 2
l_jacobian=1.00 l_label=1.00 l_log_likelihood=0.20 l_smoothness=0.01 
tol=2.50e-01, dt=5.00e-02, exp_k=20.0, momentum=0.90, levels=6, niter=500, lbl_dist=10.00, avgs=256, sigma=2.0,type=2, relabel=0, neg=yes

blurring input image with Gaussian with sigma=2.000...
GCAMRegisterLevel(): init RMS 0.503409
#FOTS# QuadFit found better minimum quadopt=(dt=8.092,rms=0.502575) vs oldopt=(dt=5.78,rms=0.502576)
#GCMRL#  558 dt   8.092000 rms  0.503  0.166% neg 0  invalid 762 tFOTS 4.0070 tGradient 2.0540 tsec 6.3480
#FOTS# QuadFit found better minimum quadopt=(dt=8.092,rms=0.502573) vs oldopt=(dt=5.78,rms=0.502573)
#GCMRL#  559 dt   8.092000 rms  0.503  0.000% neg 0  invalid 762 tFOTS 4.1230 tGradient 2.0570 tsec 6.5250

#GCAMreg# pass 0 level1 5 level2 1 tsec 23.493 sigma 0.5
l_jacobian=1.00 l_label=1.00 l_log_likelihood=0.20 l_smoothness=0.01 
tol=2.50e-01, dt=5.00e-02, exp_k=20.0, momentum=0.90, levels=6, niter=500, lbl_dist=10.00, avgs=256, sigma=0.5,type=2, relabel=0, neg=yes

blurring input image with Gaussian with sigma=0.500...
GCAMRegisterLevel(): init RMS 0.5034
#FOTS# QuadFit found better minimum quadopt=(dt=129.472,rms=0.502228) vs oldopt=(dt=92.48,rms=0.502293)
#GCMRL#  561 dt 129.472000 rms  0.502  0.233% neg 0  invalid 762 tFOTS 3.9080 tGradient 2.0790 tsec 6.3030
#FOTS# QuadFit found better minimum quadopt=(dt=129.472,rms=0.502033) vs oldopt=(dt=92.48,rms=0.502056)
#GCMRL#  562 dt 129.472000 rms  0.502  0.000% neg 0  invalid 762 tFOTS 3.7330 tGradient 2.3700 tsec 6.3590
#GCMRL#  563 dt 129.472000 rms  0.502  0.011% neg 0  invalid 762 tFOTS 0.0000 tGradient 2.1380 tsec 2.4460
#GCMRL#  564 dt 129.472000 rms  0.502  0.052% neg 0  invalid 762 tFOTS 0.0000 tGradient 2.2180 tsec 2.5050
#GCMRL#  565 dt 129.472000 rms  0.501  0.070% neg 0  invalid 762 tFOTS 0.0000 tGradient 2.1000 tsec 2.4110
#GCMRL#  566 dt 129.472000 rms  0.501  0.030% neg 0  invalid 762 tFOTS 0.0000 tGradient 2.1700 tsec 2.4770
setting smoothness cost coefficient to 0.031

#GCAMreg# pass 0 level1 4 level2 0 tsec 0 sigma 2
l_jacobian=1.00 l_label=1.00 l_log_likelihood=0.20 l_smoothness=0.03 
tol=2.50e-01, dt=5.00e-02, exp_k=20.0, momentum=0.90, levels=6, niter=500, lbl_dist=10.00, avgs=64, sigma=2.0,type=2, relabel=0, neg=yes

blurring input image with Gaussian with sigma=2.000...
GCAMRegisterLevel(): init RMS 0.50189
#FOTS# QuadFit found better minimum quadopt=(dt=20.736,rms=0.500835) vs oldopt=(dt=25.92,rms=0.500848)
iter 0, gcam->neg = 1
after 2 iterations, nbhd size=0, neg = 0
#GCMRL#  568 dt  20.736000 rms  0.501  0.209% neg 0  invalid 762 tFOTS 5.6310 tGradient 1.8780 tsec 9.0110
#FOTS# QuadFit found better minimum quadopt=(dt=9.072,rms=0.50079) vs oldopt=(dt=6.48,rms=0.500799)
iter 0, gcam->neg = 1
after 0 iterations, nbhd size=0, neg = 0
#GCMRL#  569 dt   9.072000 rms  0.501  0.000% neg 0  invalid 762 tFOTS 5.2220 tGradient 1.9080 tsec 8.0830
#GCMRL#  570 dt   9.072000 rms  0.501  0.003% neg 0  invalid 762 tFOTS 0.0000 tGradient 1.6010 tsec 1.9260
iter 0, gcam->neg = 1
after 0 iterations, nbhd size=0, neg = 0

#GCAMreg# pass 0 level1 4 level2 1 tsec 30.148 sigma 0.5
l_jacobian=1.00 l_label=1.00 l_log_likelihood=0.20 l_smoothness=0.03 
tol=2.50e-01, dt=5.00e-02, exp_k=20.0, momentum=0.90, levels=6, niter=500, lbl_dist=10.00, avgs=64, sigma=0.5,type=2, relabel=0, neg=yes

blurring input image with Gaussian with sigma=0.500...
GCAMRegisterLevel(): init RMS 0.501635
#FOTS# QuadFit found better minimum quadopt=(dt=99.6456,rms=0.499223) vs oldopt=(dt=103.68,rms=0.499227)
iter 0, gcam->neg = 1
after 0 iterations, nbhd size=0, neg = 0
#GCMRL#  572 dt  99.645570 rms  0.499  0.481% neg 0  invalid 762 tFOTS 5.3520 tGradient 1.6120 tsec 7.7470
#FOTS# QuadFit found better minimum quadopt=(dt=31.104,rms=0.498642) vs oldopt=(dt=25.92,rms=0.498662)
#GCMRL#  573 dt  31.104000 rms  0.499  0.000% neg 0  invalid 762 tFOTS 3.9130 tGradient 1.4570 tsec 5.6760
#GCMRL#  574 dt  31.104000 rms  0.498  0.055% neg 0  invalid 762 tFOTS 0.0000 tGradient 1.4040 tsec 1.6650
#GCMRL#  575 dt  31.104000 rms  0.498  0.083% neg 0  invalid 762 tFOTS 0.0000 tGradient 1.4140 tsec 1.6820
#GCMRL#  576 dt  31.104000 rms  0.497  0.100% neg 0  invalid 762 tFOTS 0.0000 tGradient 1.4000 tsec 1.7040
iter 0, gcam->neg = 3
after 3 iterations, nbhd size=0, neg = 0
#GCMRL#  577 dt  31.104000 rms  0.497  0.102% neg 0  invalid 762 tFOTS 0.0000 tGradient 1.3850 tsec 2.8720
#GCMRL#  578 dt  31.104000 rms  0.496  0.106% neg 0  invalid 762 tFOTS 0.0000 tGradient 1.4150 tsec 1.6730
iter 0, gcam->neg = 1
after 0 iterations, nbhd size=0, neg = 0
#GCMRL#  579 dt  31.104000 rms  0.496  0.098% neg 0  invalid 762 tFOTS 0.0000 tGradient 1.3720 tsec 2.1150
#GCMRL#  580 dt  31.104000 rms  0.496  0.087% neg 0  invalid 762 tFOTS 0.0000 tGradient 1.3900 tsec 1.6770
#FOTS# QuadFit found better minimum quadopt=(dt=145.152,rms=0.495304) vs oldopt=(dt=103.68,rms=0.495326)
setting smoothness cost coefficient to 0.118

#GCAMreg# pass 0 level1 3 level2 0 tsec 0 sigma 2
l_jacobian=1.00 l_label=1.00 l_log_likelihood=0.20 l_smoothness=0.12 
tol=2.50e-01, dt=5.00e-02, exp_k=20.0, momentum=0.90, levels=6, niter=500, lbl_dist=10.00, avgs=16, sigma=2.0,type=2, relabel=0, neg=yes

blurring input image with Gaussian with sigma=2.000...
GCAMRegisterLevel(): init RMS 0.496473
#FOTS# QuadFit found better minimum quadopt=(dt=30.0641,rms=0.49382) vs oldopt=(dt=32,rms=0.493844)
iter 0, gcam->neg = 14
after 2 iterations, nbhd size=0, neg = 0
#GCMRL#  582 dt  30.064057 rms  0.494  0.527% neg 0  invalid 762 tFOTS 4.0410 tGradient 1.2880 tsec 6.6410
#FOTS# QuadFit found better minimum quadopt=(dt=44.8,rms=0.491499) vs oldopt=(dt=32,rms=0.49171)
iter 0, gcam->neg = 6
after 3 iterations, nbhd size=0, neg = 0
#GCMRL#  583 dt  44.800000 rms  0.492  0.472% neg 0  invalid 762 tFOTS 4.0260 tGradient 1.2740 tsec 6.8670
#FOTS# QuadFit found better minimum quadopt=(dt=11.2,rms=0.491123) vs oldopt=(dt=8,rms=0.491165)
iter 0, gcam->neg = 3
after 2 iterations, nbhd size=0, neg = 0
#GCMRL#  584 dt  11.200000 rms  0.491  0.000% neg 0  invalid 762 tFOTS 4.0410 tGradient 1.3840 tsec 6.7510
#GCMRL#  585 dt  11.200000 rms  0.491  0.060% neg 0  invalid 762 tFOTS 0.0000 tGradient 1.3230 tsec 1.6010
iter 0, gcam->neg = 1
after 8 iterations, nbhd size=1, neg = 0
#GCMRL#  586 dt  11.200000 rms  0.491  0.066% neg 0  invalid 762 tFOTS 0.0000 tGradient 1.2940 tsec 4.1350
iter 0, gcam->neg = 2
after 1 iterations, nbhd size=0, neg = 0
#GCMRL#  587 dt  11.200000 rms  0.490  0.130% neg 0  invalid 762 tFOTS 0.0000 tGradient 1.3320 tsec 2.3660
iter 0, gcam->neg = 1
after 1 iterations, nbhd size=0, neg = 0
#GCMRL#  588 dt  11.200000 rms  0.489  0.149% neg 0  invalid 762 tFOTS 0.0000 tGradient 1.2980 tsec 2.3370
iter 0, gcam->neg = 3
after 2 iterations, nbhd size=0, neg = 0
#GCMRL#  589 dt  11.200000 rms  0.489  0.121% neg 0  invalid 762 tFOTS 0.0000 tGradient 1.2920 tsec 2.5790
iter 0, gcam->neg = 4
after 5 iterations, nbhd size=0, neg = 0
#GCMRL#  590 dt  11.200000 rms  0.488  0.096% neg 0  invalid 762 tFOTS 0.0000 tGradient 1.3050 tsec 3.3840
#FOTS# QuadFit found better minimum quadopt=(dt=44.8,rms=0.487652) vs oldopt=(dt=32,rms=0.487733)
iter 0, gcam->neg = 3
after 5 iterations, nbhd size=0, neg = 0
#GCMRL#  591 dt  44.800000 rms  0.488  0.000% neg 0  invalid 762 tFOTS 3.7500 tGradient 1.2790 tsec 7.2340

#GCAMreg# pass 0 level1 3 level2 1 tsec 53.933 sigma 0.5
l_jacobian=1.00 l_label=1.00 l_log_likelihood=0.20 l_smoothness=0.12 
tol=2.50e-01, dt=5.00e-02, exp_k=20.0, momentum=0.90, levels=6, niter=500, lbl_dist=10.00, avgs=16, sigma=0.5,type=2, relabel=0, neg=yes

blurring input image with Gaussian with sigma=0.500...
GCAMRegisterLevel(): init RMS 0.488601
#FOTS# QuadFit found better minimum quadopt=(dt=29.2194,rms=0.483763) vs oldopt=(dt=32,rms=0.483825)
iter 0, gcam->neg = 1
after 0 iterations, nbhd size=0, neg = 0
#GCMRL#  593 dt  29.219440 rms  0.484  0.990% neg 0  invalid 762 tFOTS 4.0020 tGradient 1.2960 tsec 6.1240
#FOTS# QuadFit found better minimum quadopt=(dt=11.2,rms=0.4822) vs oldopt=(dt=8,rms=0.482502)
#GCMRL#  594 dt  11.200000 rms  0.482  0.323% neg 0  invalid 762 tFOTS 3.9570 tGradient 1.3000 tsec 5.5440
#FOTS# QuadFit found better minimum quadopt=(dt=44.8,rms=0.480495) vs oldopt=(dt=32,rms=0.480758)
#GCMRL#  595 dt  44.800000 rms  0.480  0.354% neg 0  invalid 762 tFOTS 4.0290 tGradient 1.3080 tsec 5.6260
#FOTS# QuadFit found better minimum quadopt=(dt=11.2,rms=0.479658) vs oldopt=(dt=8,rms=0.479851)
#GCMRL#  596 dt  11.200000 rms  0.480  0.000% neg 0  invalid 762 tFOTS 4.0800 tGradient 1.2960 tsec 5.7230
#GCMRL#  597 dt  11.200000 rms  0.479  0.088% neg 0  invalid 762 tFOTS 0.0000 tGradient 1.4210 tsec 1.6960
#GCMRL#  598 dt  11.200000 rms  0.479  0.116% neg 0  invalid 762 tFOTS 0.0000 tGradient 1.3000 tsec 1.5720
#GCMRL#  599 dt  11.200000 rms  0.478  0.146% neg 0  invalid 762 tFOTS 0.0000 tGradient 1.2910 tsec 1.5640
#GCMRL#  600 dt  11.200000 rms  0.477  0.151% neg 0  invalid 762 tFOTS 0.0000 tGradient 1.3240 tsec 1.6100
iter 0, gcam->neg = 1
after 4 iterations, nbhd size=0, neg = 0
#GCMRL#  601 dt  11.200000 rms  0.477  0.155% neg 0  invalid 762 tFOTS 0.0000 tGradient 1.2760 tsec 3.1570
iter 0, gcam->neg = 2
after 7 iterations, nbhd size=1, neg = 0
#GCMRL#  602 dt  11.200000 rms  0.476  0.124% neg 0  invalid 762 tFOTS 0.0000 tGradient 1.3000 tsec 4.0160
iter 0, gcam->neg = 5
after 3 iterations, nbhd size=0, neg = 0
#GCMRL#  603 dt  11.200000 rms  0.475  0.131% neg 0  invalid 762 tFOTS 0.0000 tGradient 1.2670 tsec 2.9090
iter 0, gcam->neg = 8
after 5 iterations, nbhd size=0, neg = 0
#GCMRL#  604 dt  11.200000 rms  0.475  0.114% neg 0  invalid 762 tFOTS 0.0000 tGradient 1.3310 tsec 3.6450
iter 0, gcam->neg = 1
after 4 iterations, nbhd size=0, neg = 0
#GCMRL#  605 dt  11.200000 rms  0.474  0.116% neg 0  invalid 762 tFOTS 0.0000 tGradient 1.2160 tsec 2.9870
iter 0, gcam->neg = 3
after 4 iterations, nbhd size=0, neg = 0
#GCMRL#  606 dt  11.200000 rms  0.474  0.110% neg 0  invalid 762 tFOTS 0.0000 tGradient 1.2120 tsec 2.9660
#FOTS# QuadFit found better minimum quadopt=(dt=44.8,rms=0.473381) vs oldopt=(dt=32,rms=0.473428)
#GCMRL#  607 dt  44.800000 rms  0.473  0.000% neg 0  invalid 762 tFOTS 3.5730 tGradient 1.2180 tsec 5.0510
setting smoothness cost coefficient to 0.400

#GCAMreg# pass 0 level1 2 level2 0 tsec 0 sigma 2
l_jacobian=1.00 l_label=1.00 l_log_likelihood=0.20 l_smoothness=0.40 
tol=2.50e-01, dt=5.00e-02, exp_k=20.0, momentum=0.90, levels=6, niter=500, lbl_dist=10.00, avgs=4, sigma=2.0,type=2, relabel=0, neg=yes

blurring input image with Gaussian with sigma=2.000...
GCAMRegisterLevel(): init RMS 0.478685
#FOTS# QuadFit found better minimum quadopt=(dt=2.304,rms=0.477626) vs oldopt=(dt=2.88,rms=0.47763)
#GCMRL#  609 dt   2.304000 rms  0.478  0.221% neg 0  invalid 762 tFOTS 3.8190 tGradient 1.1510 tsec 5.2480
#FOTS# QuadFit found better minimum quadopt=(dt=1.33333,rms=0.477605) vs oldopt=(dt=0.72,rms=0.477613)
#GCMRL#  610 dt   1.333333 rms  0.478  0.000% neg 0  invalid 762 tFOTS 3.8040 tGradient 1.1620 tsec 5.2670
#GCMRL#  611 dt   1.333333 rms  0.478  0.002% neg 0  invalid 762 tFOTS 0.0000 tGradient 1.1250 tsec 1.3880

#GCAMreg# pass 0 level1 2 level2 1 tsec 21.707 sigma 0.5
l_jacobian=1.00 l_label=1.00 l_log_likelihood=0.20 l_smoothness=0.40 
tol=2.50e-01, dt=5.00e-02, exp_k=20.0, momentum=0.90, levels=6, niter=500, lbl_dist=10.00, avgs=4, sigma=0.5,type=2, relabel=0, neg=yes

blurring input image with Gaussian with sigma=0.500...
GCAMRegisterLevel(): init RMS 0.478471
#FOTS# QuadFit found better minimum quadopt=(dt=9.81443,rms=0.476595) vs oldopt=(dt=11.52,rms=0.476632)
#GCMRL#  613 dt   9.814433 rms  0.477  0.392% neg 0  invalid 762 tFOTS 3.8180 tGradient 1.1850 tsec 5.2830
#FOTS# QuadFit found better minimum quadopt=(dt=16,rms=0.475384) vs oldopt=(dt=11.52,rms=0.475467)
iter 0, gcam->neg = 3
after 2 iterations, nbhd size=0, neg = 0
#GCMRL#  614 dt  16.000000 rms  0.475  0.251% neg 0  invalid 762 tFOTS 3.9190 tGradient 1.1550 tsec 6.4270
#FOTS# QuadFit found better minimum quadopt=(dt=10.1386,rms=0.474157) vs oldopt=(dt=11.52,rms=0.474184)
iter 0, gcam->neg = 2
after 3 iterations, nbhd size=0, neg = 0
#GCMRL#  615 dt  10.138614 rms  0.474  0.259% neg 0  invalid 762 tFOTS 3.8180 tGradient 1.2020 tsec 6.6010
#FOTS# QuadFit found better minimum quadopt=(dt=9.216,rms=0.473345) vs oldopt=(dt=11.52,rms=0.473387)
iter 0, gcam->neg = 2
after 8 iterations, nbhd size=0, neg = 0
#GCMRL#  616 dt   9.216000 rms  0.473  0.000% neg 0  invalid 762 tFOTS 4.5620 tGradient 1.1650 tsec 8.8180
iter 0, gcam->neg = 1
after 0 iterations, nbhd size=0, neg = 0
#GCMRL#  617 dt   9.216000 rms  0.473  0.152% neg 0  invalid 762 tFOTS 0.0000 tGradient 1.2010 tsec 2.0030
iter 0, gcam->neg = 3
after 2 iterations, nbhd size=0, neg = 0
#GCMRL#  618 dt   9.216000 rms  0.471  0.247% neg 0  invalid 762 tFOTS 0.0000 tGradient 1.1710 tsec 2.5230
iter 0, gcam->neg = 2
after 5 iterations, nbhd size=0, neg = 0
#GCMRL#  619 dt   9.216000 rms  0.470  0.300% neg 0  invalid 762 tFOTS 0.0000 tGradient 1.3170 tsec 3.6400
iter 0, gcam->neg = 8
after 4 iterations, nbhd size=0, neg = 0
#GCMRL#  620 dt   9.216000 rms  0.468  0.330% neg 0  invalid 762 tFOTS 0.0000 tGradient 1.3220 tsec 3.3360
iter 0, gcam->neg = 21
after 5 iterations, nbhd size=0, neg = 0
#GCMRL#  621 dt   9.216000 rms  0.467  0.284% neg 0  invalid 762 tFOTS 0.0000 tGradient 1.4310 tsec 3.5590
iter 0, gcam->neg = 30
after 5 iterations, nbhd size=0, neg = 0
#GCMRL#  622 dt   9.216000 rms  0.466  0.259% neg 0  invalid 762 tFOTS 0.0000 tGradient 1.3730 tsec 3.5340
iter 0, gcam->neg = 53
after 6 iterations, nbhd size=0, neg = 0
#GCMRL#  623 dt   9.216000 rms  0.465  0.235% neg 0  invalid 762 tFOTS 0.0000 tGradient 1.4080 tsec 3.7920
iter 0, gcam->neg = 74
after 6 iterations, nbhd size=0, neg = 0
#GCMRL#  624 dt   9.216000 rms  0.464  0.178% neg 0  invalid 762 tFOTS 0.0000 tGradient 1.4290 tsec 3.8510
iter 0, gcam->neg = 68
after 4 iterations, nbhd size=0, neg = 0
#GCMRL#  625 dt   9.216000 rms  0.463  0.123% neg 0  invalid 762 tFOTS 0.0000 tGradient 1.5950 tsec 3.3560
iter 0, gcam->neg = 58
after 4 iterations, nbhd size=0, neg = 0
#GCMRL#  626 dt   9.216000 rms  0.463  0.080% neg 0  invalid 762 tFOTS 0.0000 tGradient 1.3300 tsec 3.3720
#FOTS# QuadFit found better minimum quadopt=(dt=4.032,rms=0.462929) vs oldopt=(dt=2.88,rms=0.462942)
iter 0, gcam->neg = 7
after 4 iterations, nbhd size=0, neg = 0
#GCMRL#  627 dt   4.032000 rms  0.463  0.000% neg 0  invalid 762 tFOTS 4.8830 tGradient 1.4060 tsec 8.2880
iter 0, gcam->neg = 4
after 4 iterations, nbhd size=0, neg = 0
#GCMRL#  628 dt   4.032000 rms  0.463  0.010% neg 0  invalid 762 tFOTS 0.0000 tGradient 1.0850 tsec 2.7940
iter 0, gcam->neg = 9
after 4 iterations, nbhd size=0, neg = 0
setting smoothness cost coefficient to 1.000

#GCAMreg# pass 0 level1 1 level2 0 tsec 0 sigma 2
l_jacobian=1.00 l_label=1.00 l_log_likelihood=0.20 l_smoothness=1.00 
tol=2.50e-01, dt=5.00e-02, exp_k=20.0, momentum=0.90, levels=6, niter=500, lbl_dist=10.00, avgs=1, sigma=2.0,type=2, relabel=0, neg=yes

blurring input image with Gaussian with sigma=2.000...
GCAMRegisterLevel(): init RMS 0.470312
#GCMRL#  630 dt   0.000000 rms  0.469  0.188% neg 0  invalid 762 tFOTS 3.1840 tGradient 0.9500 tsec 4.3540

#GCAMreg# pass 0 level1 1 level2 1 tsec 16.573 sigma 0.5
l_jacobian=1.00 l_label=1.00 l_log_likelihood=0.20 l_smoothness=1.00 
tol=2.50e-01, dt=5.00e-02, exp_k=20.0, momentum=0.90, levels=6, niter=500, lbl_dist=10.00, avgs=1, sigma=0.5,type=2, relabel=0, neg=yes

blurring input image with Gaussian with sigma=0.500...
GCAMRegisterLevel(): init RMS 0.470312
#GCMRL#  632 dt   0.000000 rms  0.469  0.188% neg 0  invalid 762 tFOTS 3.0610 tGradient 0.9280 tsec 4.2040
resetting metric properties...
setting smoothness cost coefficient to 2.000

#GCAMreg# pass 0 level1 0 level2 0 tsec 0 sigma 2
l_jacobian=1.00 l_label=1.00 l_log_likelihood=0.20 l_smoothness=2.00 
tol=2.50e-01, dt=5.00e-02, exp_k=20.0, momentum=0.90, levels=6, niter=500, lbl_dist=10.00, avgs=0, sigma=2.0,type=2, relabel=0, neg=yes

blurring input image with Gaussian with sigma=2.000...
GCAMRegisterLevel(): init RMS 0.459421
#FOTS# QuadFit found better minimum quadopt=(dt=1.68839,rms=0.434795) vs oldopt=(dt=1.28,rms=0.436347)
iter 0, gcam->neg = 1143
after 14 iterations, nbhd size=1, neg = 0
#GCMRL#  634 dt   1.688393 rms  0.435  5.289% neg 0  invalid 762 tFOTS 3.2540 tGradient 0.5360 tsec 7.7300
#GCMRL#  635 dt   0.000013 rms  0.435  0.000% neg 0  invalid 762 tFOTS 4.1220 tGradient 0.5160 tsec 4.8840

#GCAMreg# pass 0 level1 0 level2 1 tsec 21.185 sigma 0.5
l_jacobian=1.00 l_label=1.00 l_log_likelihood=0.20 l_smoothness=2.00 
tol=2.50e-01, dt=5.00e-02, exp_k=20.0, momentum=0.90, levels=6, niter=500, lbl_dist=10.00, avgs=0, sigma=0.5,type=2, relabel=0, neg=yes

blurring input image with Gaussian with sigma=0.500...
GCAMRegisterLevel(): init RMS 0.436146
#FOTS# QuadFit found better minimum quadopt=(dt=0.048,rms=0.434972) vs oldopt=(dt=0.08,rms=0.434989)
#GCMRL#  637 dt   0.048000 rms  0.435  0.269% neg 0  invalid 762 tFOTS 3.3020 tGradient 0.5110 tsec 4.0390
#FOTS# QuadFit found better minimum quadopt=(dt=0.007,rms=0.434965) vs oldopt=(dt=0.005,rms=0.434966)
#GCMRL#  638 dt   0.007000 rms  0.435  0.000% neg 0  invalid 762 tFOTS 3.3020 tGradient 0.5220 tsec 4.0700
label assignment complete, 0 changed (0.00%)
GCAMregister done in 6.30648 min
Starting GCAMcomputeMaxPriorLabels()
Morphing with label term set to 0 *******************************
Starting GCAMregister()
label assignment complete, 0 changed (0.00%)
npasses = 1, nlevels = 6
#pass# 1 of 1 ************************
enabling zero nodes
setting smoothness cost coefficient to 0.008

#GCAMreg# pass 0 level1 5 level2 0 tsec 0 sigma 2
l_jacobian=1.00 l_log_likelihood=0.20 l_smoothness=0.01 
tol=2.50e-01, dt=5.00e-02, exp_k=20.0, momentum=0.90, levels=6, niter=500, lbl_dist=10.00, avgs=256, sigma=2.0,type=2, relabel=0, neg=yes

blurring input image with Gaussian with sigma=2.000...
GCAMRegisterLevel(): init RMS 0.425284
#FOTS# QuadFit found better minimum quadopt=(dt=2.023,rms=0.425283) vs oldopt=(dt=1.445,rms=0.425284)
#GCMRL#  640 dt   2.023000 rms  0.425  0.000% neg 0  invalid 762 tFOTS 3.0670 tGradient 1.7000 tsec 4.9850
#FOTS# QuadFit found better minimum quadopt=(dt=0.4335,rms=0.425283) vs oldopt=(dt=0.36125,rms=0.425283)
#GCMRL#  641 dt   0.433500 rms  0.425  0.000% neg 0  invalid 762 tFOTS 3.0510 tGradient 1.7020 tsec 4.9860

#GCAMreg# pass 0 level1 5 level2 1 tsec 17.146 sigma 0.5
l_jacobian=1.00 l_log_likelihood=0.20 l_smoothness=0.01 
tol=2.50e-01, dt=5.00e-02, exp_k=20.0, momentum=0.90, levels=6, niter=500, lbl_dist=10.00, avgs=256, sigma=0.5,type=2, relabel=0, neg=yes

blurring input image with Gaussian with sigma=0.500...
GCAMRegisterLevel(): init RMS 0.425283
#FOTS# QuadFit found better minimum quadopt=(dt=32.368,rms=0.425267) vs oldopt=(dt=23.12,rms=0.425268)
#GCMRL#  643 dt  32.368000 rms  0.425  0.004% neg 0  invalid 762 tFOTS 3.0210 tGradient 1.6990 tsec 4.9380
#GCMRL#  644 dt   5.780000 rms  0.425  0.000% neg 0  invalid 762 tFOTS 3.0690 tGradient 1.7170 tsec 5.0220
setting smoothness cost coefficient to 0.031

#GCAMreg# pass 0 level1 4 level2 0 tsec 0 sigma 2
l_jacobian=1.00 l_log_likelihood=0.20 l_smoothness=0.03 
tol=2.50e-01, dt=5.00e-02, exp_k=20.0, momentum=0.90, levels=6, niter=500, lbl_dist=10.00, avgs=64, sigma=2.0,type=2, relabel=0, neg=yes

blurring input image with Gaussian with sigma=2.000...
GCAMRegisterLevel(): init RMS 0.425392
#FOTS# QuadFit found better minimum quadopt=(dt=1.944,rms=0.425391) vs oldopt=(dt=1.62,rms=0.425391)
#GCMRL#  646 dt   1.944000 rms  0.425  0.000% neg 0  invalid 762 tFOTS 3.0720 tGradient 1.1980 tsec 4.4890
#GCMRL#  647 dt   0.405000 rms  0.425  0.000% neg 0  invalid 762 tFOTS 3.0560 tGradient 1.1900 tsec 4.4770

#GCAMreg# pass 0 level1 4 level2 1 tsec 15.7 sigma 0.5
l_jacobian=1.00 l_log_likelihood=0.20 l_smoothness=0.03 
tol=2.50e-01, dt=5.00e-02, exp_k=20.0, momentum=0.90, levels=6, niter=500, lbl_dist=10.00, avgs=64, sigma=0.5,type=2, relabel=0, neg=yes

blurring input image with Gaussian with sigma=0.500...
GCAMRegisterLevel(): init RMS 0.42539
#FOTS# QuadFit found better minimum quadopt=(dt=36.288,rms=0.425174) vs oldopt=(dt=25.92,rms=0.425216)
#GCMRL#  649 dt  36.288000 rms  0.425  0.051% neg 0  invalid 762 tFOTS 2.8970 tGradient 1.1900 tsec 4.3090
#FOTS# QuadFit found better minimum quadopt=(dt=124.416,rms=0.424922) vs oldopt=(dt=103.68,rms=0.424929)
#GCMRL#  650 dt 124.416000 rms  0.425  0.059% neg 0  invalid 762 tFOTS 2.9070 tGradient 1.2080 tsec 4.3390
#FOTS# QuadFit found better minimum quadopt=(dt=145.152,rms=0.424722) vs oldopt=(dt=103.68,rms=0.424732)
#GCMRL#  651 dt 145.152000 rms  0.425  0.000% neg 0  invalid 762 tFOTS 2.9130 tGradient 1.1880 tsec 4.3380
iter 0, gcam->neg = 1
after 5 iterations, nbhd size=0, neg = 0
setting smoothness cost coefficient to 0.118

#GCAMreg# pass 0 level1 3 level2 0 tsec 0 sigma 2
l_jacobian=1.00 l_log_likelihood=0.20 l_smoothness=0.12 
tol=2.50e-01, dt=5.00e-02, exp_k=20.0, momentum=0.90, levels=6, niter=500, lbl_dist=10.00, avgs=16, sigma=2.0,type=2, relabel=0, neg=yes

blurring input image with Gaussian with sigma=2.000...
GCAMRegisterLevel(): init RMS 0.425211
#FOTS# QuadFit found better minimum quadopt=(dt=9.6,rms=0.424914) vs oldopt=(dt=8,rms=0.424916)
iter 0, gcam->neg = 2
after 0 iterations, nbhd size=0, neg = 0
#GCMRL#  653 dt   9.600000 rms  0.425  0.070% neg 0  invalid 762 tFOTS 3.0680 tGradient 0.9630 tsec 4.7200
#FOTS# QuadFit found better minimum quadopt=(dt=2.8,rms=0.424898) vs oldopt=(dt=2,rms=0.4249)
#GCMRL#  654 dt   2.800000 rms  0.425  0.000% neg 0  invalid 762 tFOTS 3.0950 tGradient 0.9810 tsec 4.3150

#GCAMreg# pass 0 level1 3 level2 1 tsec 15.437 sigma 0.5
l_jacobian=1.00 l_log_likelihood=0.20 l_smoothness=0.12 
tol=2.50e-01, dt=5.00e-02, exp_k=20.0, momentum=0.90, levels=6, niter=500, lbl_dist=10.00, avgs=16, sigma=0.5,type=2, relabel=0, neg=yes

blurring input image with Gaussian with sigma=0.500...
GCAMRegisterLevel(): init RMS 0.424898
#FOTS# QuadFit found better minimum quadopt=(dt=44.8,rms=0.422731) vs oldopt=(dt=32,rms=0.422929)
iter 0, gcam->neg = 6
after 3 iterations, nbhd size=0, neg = 0
#GCMRL#  656 dt  44.800000 rms  0.423  0.505% neg 0  invalid 762 tFOTS 3.0770 tGradient 0.9850 tsec 5.4630
#FOTS# QuadFit found better minimum quadopt=(dt=24.5503,rms=0.421891) vs oldopt=(dt=32,rms=0.422022)
iter 0, gcam->neg = 9
after 15 iterations, nbhd size=1, neg = 0
#GCMRL#  657 dt  24.550265 rms  0.422  0.000% neg 0  invalid 762 tFOTS 3.1970 tGradient 0.9520 tsec 8.3710
iter 0, gcam->neg = 6
after 3 iterations, nbhd size=0, neg = 0
#GCMRL#  658 dt  24.550265 rms  0.421  0.142% neg 0  invalid 762 tFOTS 0.0000 tGradient 0.9610 tsec 2.3500
iter 0, gcam->neg = 15
after 4 iterations, nbhd size=0, neg = 0
#GCMRL#  659 dt  24.550265 rms  0.421  0.171% neg 0  invalid 762 tFOTS 0.0000 tGradient 0.9600 tsec 2.5960
iter 0, gcam->neg = 14
after 15 iterations, nbhd size=1, neg = 0
#GCMRL#  660 dt  24.550265 rms  0.420  0.158% neg 0  invalid 762 tFOTS 0.0000 tGradient 0.9560 tsec 5.2300
iter 0, gcam->neg = 26
after 5 iterations, nbhd size=0, neg = 0
#GCMRL#  661 dt  24.550265 rms  0.419  0.155% neg 0  invalid 762 tFOTS 0.0000 tGradient 0.9920 tsec 2.9450
iter 0, gcam->neg = 15
after 3 iterations, nbhd size=0, neg = 0
#GCMRL#  662 dt  24.550265 rms  0.419  0.162% neg 0  invalid 762 tFOTS 0.0000 tGradient 1.0090 tsec 2.4620
iter 0, gcam->neg = 30
after 14 iterations, nbhd size=1, neg = 0
#GCMRL#  663 dt  24.550265 rms  0.418  0.069% neg 0  invalid 762 tFOTS 0.0000 tGradient 1.0160 tsec 5.1550
iter 0, gcam->neg = 21
after 12 iterations, nbhd size=1, neg = 0
#GCMRL#  664 dt  24.550265 rms  0.418  0.127% neg 0  invalid 762 tFOTS 0.0000 tGradient 1.0070 tsec 4.6390
iter 0, gcam->neg = 14
after 11 iterations, nbhd size=1, neg = 0
#GCMRL#  665 dt  24.550265 rms  0.418  0.079% neg 0  invalid 762 tFOTS 0.0000 tGradient 1.0070 tsec 4.4080
iter 0, gcam->neg = 12
after 3 iterations, nbhd size=0, neg = 0
#GCMRL#  666 dt  24.550265 rms  0.417  0.109% neg 0  invalid 762 tFOTS 0.0000 tGradient 1.0000 tsec 2.4280
iter 0, gcam->neg = 14
after 5 iterations, nbhd size=0, neg = 0
#GCMRL#  667 dt  24.550265 rms  0.417  0.085% neg 0  invalid 762 tFOTS 0.0000 tGradient 1.0100 tsec 2.9910
iter 0, gcam->neg = 3
after 8 iterations, nbhd size=1, neg = 0
#GCMRL#  668 dt  32.000000 rms  0.416  0.000% neg 0  invalid 762 tFOTS 3.8290 tGradient 1.0330 tsec 8.0710
iter 0, gcam->neg = 2
after 3 iterations, nbhd size=0, neg = 0
#GCMRL#  669 dt  32.000000 rms  0.416  0.012% neg 0  invalid 762 tFOTS 0.0000 tGradient 1.0970 tsec 2.8180
iter 0, gcam->neg = 4
after 6 iterations, nbhd size=0, neg = 0
#GCMRL#  670 dt  32.000000 rms  0.416  0.060% neg 0  invalid 762 tFOTS 0.0000 tGradient 1.1180 tsec 3.8040
iter 0, gcam->neg = 16
after 7 iterations, nbhd size=0, neg = 0
#GCMRL#  671 dt  32.000000 rms  0.416  0.006% neg 0  invalid 762 tFOTS 0.0000 tGradient 1.0890 tsec 3.7760
iter 0, gcam->neg = 33
after 6 iterations, nbhd size=0, neg = 0
#GCMRL#  672 dt  32.000000 rms  0.416  0.020% neg 0  invalid 762 tFOTS 0.0000 tGradient 1.1100 tsec 3.5590
iter 0, gcam->neg = 32
after 4 iterations, nbhd size=0, neg = 0
setting smoothness cost coefficient to 0.400

#GCAMreg# pass 0 level1 2 level2 0 tsec 0 sigma 2
l_jacobian=1.00 l_log_likelihood=0.20 l_smoothness=0.40 
tol=2.50e-01, dt=5.00e-02, exp_k=20.0, momentum=0.90, levels=6, niter=500, lbl_dist=10.00, avgs=4, sigma=2.0,type=2, relabel=0, neg=yes

blurring input image with Gaussian with sigma=2.000...
GCAMRegisterLevel(): init RMS 0.419944
#FOTS# QuadFit found better minimum quadopt=(dt=1.008,rms=0.419914) vs oldopt=(dt=0.72,rms=0.419918)
iter 0, gcam->neg = 1
after 5 iterations, nbhd size=0, neg = 0
#GCMRL#  674 dt   1.008000 rms  0.420  0.007% neg 0  invalid 762 tFOTS 3.2820 tGradient 0.8720 tsec 6.0320
#FOTS# QuadFit found better minimum quadopt=(dt=0.576,rms=0.419909) vs oldopt=(dt=0.72,rms=0.41991)
#GCMRL#  675 dt   0.576000 rms  0.420  0.000% neg 0  invalid 762 tFOTS 3.0790 tGradient 0.9360 tsec 4.3090

#GCAMreg# pass 0 level1 2 level2 1 tsec 16.858 sigma 0.5
l_jacobian=1.00 l_log_likelihood=0.20 l_smoothness=0.40 
tol=2.50e-01, dt=5.00e-02, exp_k=20.0, momentum=0.90, levels=6, niter=500, lbl_dist=10.00, avgs=4, sigma=0.5,type=2, relabel=0, neg=yes

blurring input image with Gaussian with sigma=0.500...
GCAMRegisterLevel(): init RMS 0.419909
#FOTS# QuadFit found better minimum quadopt=(dt=11.0291,rms=0.419185) vs oldopt=(dt=11.52,rms=0.419187)
iter 0, gcam->neg = 7
after 4 iterations, nbhd size=0, neg = 0
#GCMRL#  677 dt  11.029126 rms  0.419  0.169% neg 0  invalid 762 tFOTS 3.0730 tGradient 0.8420 tsec 5.5110
#FOTS# QuadFit found better minimum quadopt=(dt=29.2308,rms=0.417934) vs oldopt=(dt=11.52,rms=0.41839)
iter 0, gcam->neg = 37
after 14 iterations, nbhd size=1, neg = 0
#GCMRL#  678 dt  29.230769 rms  0.418  0.222% neg 0  invalid 762 tFOTS 3.0890 tGradient 0.8350 tsec 7.7520
#FOTS# QuadFit found better minimum quadopt=(dt=16.128,rms=0.417471) vs oldopt=(dt=11.52,rms=0.417543)
iter 0, gcam->neg = 34
after 20 iterations, nbhd size=1, neg = 0
#GCMRL#  679 dt  16.128000 rms  0.418  0.000% neg 0  invalid 762 tFOTS 3.0720 tGradient 0.8470 tsec 9.1040
iter 0, gcam->neg = 30
after 19 iterations, nbhd size=1, neg = 0
#GCMRL#  680 dt  16.128000 rms  0.417  0.074% neg 0  invalid 762 tFOTS 0.0000 tGradient 0.8410 tsec 5.7360
iter 0, gcam->neg = 87
after 17 iterations, nbhd size=1, neg = 0
#GCMRL#  681 dt  16.128000 rms  0.417  0.137% neg 0  invalid 762 tFOTS 0.0000 tGradient 0.8490 tsec 5.3350
iter 0, gcam->neg = 137
after 14 iterations, nbhd size=1, neg = 0
#GCMRL#  682 dt  16.128000 rms  0.416  0.067% neg 0  invalid 762 tFOTS 0.0000 tGradient 0.8340 tsec 4.5970
iter 0, gcam->neg = 182
after 19 iterations, nbhd size=1, neg = 0
#GCMRL#  683 dt  16.128000 rms  0.416  0.026% neg 0  invalid 762 tFOTS 0.0000 tGradient 0.8500 tsec 5.8000
#FOTS# QuadFit found better minimum quadopt=(dt=9.51724,rms=0.415696) vs oldopt=(dt=11.52,rms=0.415722)
iter 0, gcam->neg = 19
after 19 iterations, nbhd size=1, neg = 0
#GCMRL#  684 dt   9.517241 rms  0.416  0.111% neg 0  invalid 762 tFOTS 3.0750 tGradient 0.8420 tsec 8.8650
#FOTS# QuadFit found better minimum quadopt=(dt=14.7097,rms=0.415099) vs oldopt=(dt=11.52,rms=0.415141)
iter 0, gcam->neg = 41
after 15 iterations, nbhd size=1, neg = 0
#GCMRL#  685 dt  14.709677 rms  0.415  0.157% neg 0  invalid 762 tFOTS 3.0820 tGradient 0.8370 tsec 7.9590
#FOTS# QuadFit found better minimum quadopt=(dt=3.456,rms=0.415141) vs oldopt=(dt=2.88,rms=0.415143)
iter 0, gcam->neg = 5
after 4 iterations, nbhd size=0, neg = 0
#GCMRL#  686 dt   3.456000 rms  0.415  0.000% neg 0  invalid 762 tFOTS 3.0060 tGradient 0.8320 tsec 5.4440
iter 0, gcam->neg = 2
after 1 iterations, nbhd size=0, neg = 0
#GCMRL#  687 dt   3.456000 rms  0.415  0.007% neg 0  invalid 762 tFOTS 0.0000 tGradient 0.8410 tsec 1.7550
iter 0, gcam->neg = 6
after 4 iterations, nbhd size=0, neg = 0
#GCMRL#  688 dt   3.456000 rms  0.415  0.003% neg 0  invalid 762 tFOTS 0.0000 tGradient 0.8370 tsec 2.4340
iter 0, gcam->neg = 6
after 4 iterations, nbhd size=0, neg = 0
setting smoothness cost coefficient to 1.000

#GCAMreg# pass 0 level1 1 level2 0 tsec 0 sigma 2
l_jacobian=1.00 l_log_likelihood=0.20 l_smoothness=1.00 
tol=2.50e-01, dt=5.00e-02, exp_k=20.0, momentum=0.90, levels=6, niter=500, lbl_dist=10.00, avgs=1, sigma=2.0,type=2, relabel=0, neg=yes

blurring input image with Gaussian with sigma=2.000...
GCAMRegisterLevel(): init RMS 0.420652
#GCMRL#  690 dt   0.000050 rms  0.421  0.000% neg 0  invalid 762 tFOTS 4.0740 tGradient 0.6500 tsec 4.9480

#GCAMreg# pass 0 level1 1 level2 1 tsec 14.122 sigma 0.5
l_jacobian=1.00 l_log_likelihood=0.20 l_smoothness=1.00 
tol=2.50e-01, dt=5.00e-02, exp_k=20.0, momentum=0.90, levels=6, niter=500, lbl_dist=10.00, avgs=1, sigma=0.5,type=2, relabel=0, neg=yes

blurring input image with Gaussian with sigma=0.500...
GCAMRegisterLevel(): init RMS 0.420652
#FOTS# QuadFit found better minimum quadopt=(dt=0,rms=0.420652) vs oldopt=(dt=0,rms=0.420652)
#GCMRL#  692 dt   0.100000 rms  0.421  0.000% neg 0  invalid 762 tFOTS 2.8950 tGradient 0.6480 tsec 3.7730
resetting metric properties...
setting smoothness cost coefficient to 2.000

#GCAMreg# pass 0 level1 0 level2 0 tsec 0 sigma 2
l_jacobian=1.00 l_log_likelihood=0.20 l_smoothness=2.00 
tol=2.50e-01, dt=5.00e-02, exp_k=20.0, momentum=0.90, levels=6, niter=500, lbl_dist=10.00, avgs=0, sigma=2.0,type=2, relabel=0, neg=yes

blurring input image with Gaussian with sigma=2.000...
GCAMRegisterLevel(): init RMS 0.411364
#FOTS# QuadFit found better minimum quadopt=(dt=0.854471,rms=0.403903) vs oldopt=(dt=1.28,rms=0.406134)
iter 0, gcam->neg = 682
after 16 iterations, nbhd size=1, neg = 0
#GCMRL#  694 dt   0.854471 rms  0.406  1.290% neg 0  invalid 762 tFOTS 3.1220 tGradient 0.2320 tsec 7.0930
#FOTS# QuadFit found better minimum quadopt=(dt=0.028,rms=0.406035) vs oldopt=(dt=0.02,rms=0.406038)
#GCMRL#  695 dt   0.028000 rms  0.406  0.000% neg 0  invalid 762 tFOTS 3.0570 tGradient 0.2310 tsec 3.5200
#GCMRL#  696 dt   0.028000 rms  0.406  0.002% neg 0  invalid 762 tFOTS 0.0000 tGradient 0.2350 tsec 0.4510

#GCAMreg# pass 0 level1 0 level2 1 tsec 16.858 sigma 0.5
l_jacobian=1.00 l_log_likelihood=0.20 l_smoothness=2.00 
tol=2.50e-01, dt=5.00e-02, exp_k=20.0, momentum=0.90, levels=6, niter=500, lbl_dist=10.00, avgs=0, sigma=0.5,type=2, relabel=0, neg=yes

blurring input image with Gaussian with sigma=0.500...
GCAMRegisterLevel(): init RMS 0.406028
#FOTS# QuadFit found better minimum quadopt=(dt=0.384,rms=0.404523) vs oldopt=(dt=0.32,rms=0.404571)
iter 0, gcam->neg = 3
after 2 iterations, nbhd size=0, neg = 0
#GCMRL#  698 dt   0.384000 rms  0.405  0.362% neg 0  invalid 762 tFOTS 3.0460 tGradient 0.2370 tsec 4.4100
#FOTS# QuadFit found better minimum quadopt=(dt=0.448,rms=0.403135) vs oldopt=(dt=0.32,rms=0.403364)
iter 0, gcam->neg = 9
after 10 iterations, nbhd size=1, neg = 0
#GCMRL#  699 dt   0.448000 rms  0.403  0.340% neg 0  invalid 762 tFOTS 3.5380 tGradient 0.2830 tsec 6.7530
iter 0, gcam->neg = 2
after 3 iterations, nbhd size=0, neg = 0
#GCMRL#  700 dt   0.320000 rms  0.403  0.000% neg 0  invalid 762 tFOTS 3.0500 tGradient 0.2450 tsec 4.6970
#GCMRL#  701 dt   0.320000 rms  0.402  0.144% neg 0  invalid 762 tFOTS 0.0000 tGradient 0.2500 tsec 0.4610
iter 0, gcam->neg = 4
after 2 iterations, nbhd size=0, neg = 0
#GCMRL#  702 dt   0.320000 rms  0.401  0.164% neg 0  invalid 762 tFOTS 0.0000 tGradient 0.2420 tsec 1.3830
iter 0, gcam->neg = 17
after 3 iterations, nbhd size=0, neg = 0
#GCMRL#  703 dt   0.320000 rms  0.401  0.103% neg 0  invalid 762 tFOTS 0.0000 tGradient 0.2470 tsec 1.6080
iter 0, gcam->neg = 22
after 3 iterations, nbhd size=0, neg = 0
#GCMRL#  704 dt   0.320000 rms  0.401  0.089% neg 0  invalid 762 tFOTS 0.0000 tGradient 0.2420 tsec 1.6130
#FOTS# QuadFit found better minimum quadopt=(dt=0.192,rms=0.4005) vs oldopt=(dt=0.32,rms=0.400542)
#GCMRL#  705 dt   0.192000 rms  0.401  0.000% neg 0  invalid 762 tFOTS 3.0410 tGradient 0.2470 tsec 3.5100
#GCMRL#  706 dt   0.192000 rms  0.400  0.025% neg 0  invalid 762 tFOTS 0.0000 tGradient 0.2390 tsec 0.4310
#GCMRL#  707 dt   0.192000 rms  0.400  0.020% neg 0  invalid 762 tFOTS 0.0000 tGradient 0.2430 tsec 0.4550
GCAMregister done in 5.12047 min
writing output transformation to transforms/talairach.m3z...
GCAMwrite
Calls to gcamLogLikelihoodEnergy 4413 tmin = 1.22275
Calls to gcamLabelEnergy         3709 tmin = 0.9474
Calls to gcamJacobianEnergy      4413 tmin = 0.710767
Calls to gcamSmoothnessEnergy    4413 tmin = 4.31933
Calls to gcamLogLikelihoodTerm 709 tmin = 0.60225
Calls to gcamLabelTerm         640 tmin = 4.29048
Calls to gcamJacobianTerm      709 tmin = 0.883217
Calls to gcamSmoothnessTerm    709 tmin = 0.460983
Calls to gcamComputeGradient    709 tmin = 17.5587
Calls to gcamComputeMetricProperties    6747 tmin = 2.3357
mri_ca_register took 0 hours, 39 minutes and 37 seconds.
#VMPC# mri_ca_register VmPeak  3122728
FSRUNTIME@ mri_ca_register  0.6604 hours 16 threads
#--------------------------------------
#@# SubCort Seg Sat Mar 14 11:23:08 CET 2026

 mri_ca_label -relabel_unlikely 9 .3 -prior 0.5 -align norm.mgz transforms/talairach.m3z /opt/freesurfer/average/RB_all_2020-01-02.gca aseg.auto_noCCseg.mgz 

sysname  Linux
hostname dna076
machine  x86_64

setenv SUBJECTS_DIR /out/sourcedata/freesurfer
cd /out/sourcedata/freesurfer/sub-v2s9x29165_ses-1/mri
mri_ca_label -relabel_unlikely 9 .3 -prior 0.5 -align norm.mgz transforms/talairach.m3z /opt/freesurfer/average/RB_all_2020-01-02.gca aseg.auto_noCCseg.mgz 

relabeling unlikely voxels with window_size = 9 and prior threshold 0.30
using Gibbs prior factor = 0.500
renormalizing sequences with structure alignment, equivalent to:
	-renormalize
	-renormalize_mean 0.500
	-regularize 0.500

== Number of threads available to for OpenMP = 16 == 
reading 1 input volumes
reading classifier array from /opt/freesurfer/average/RB_all_2020-01-02.gca
reading input volume from norm.mgz
average std[0] = 7.2
reading transform from transforms/talairach.m3z
setting orig areas to linear transform determinant scaled 6.00
Atlas used for the 3D morph was /opt/freesurfer/average/RB_all_2020-01-02.gca
average std = 7.2   using min determinant for regularization = 5.2
0 singular and 0 ill-conditioned covariance matrices regularized
labeling volume...
renormalizing by structure alignment....
renormalizing input #0
gca peak = 0.15521 (20)
mri peak = 0.08182 (12)
Left_Lateral_Ventricle (4): linear fit = 0.55 x + 0.0 (99 voxels, overlap=0.077)
Left_Lateral_Ventricle (4): linear fit = 0.55 x + 0.0 (99 voxels, peak = 11), gca=10.9
gca peak = 0.20380 (13)
mri peak = 0.12360 (12)
Right_Lateral_Ventricle (43): linear fit = 0.81 x + 0.0 (172 voxels, overlap=0.195)
Right_Lateral_Ventricle (43): linear fit = 0.81 x + 0.0 (172 voxels, peak = 11), gca=10.6
gca peak = 0.26283 (96)
mri peak = 0.21362 (94)
Right_Pallidum (52): linear fit = 0.96 x + 0.0 (592 voxels, overlap=1.004)
Right_Pallidum (52): linear fit = 0.96 x + 0.0 (592 voxels, peak = 93), gca=92.6
gca peak = 0.15814 (97)
mri peak = 0.13772 (95)
Left_Pallidum (13): linear fit = 0.96 x + 0.0 (639 voxels, overlap=1.011)
Left_Pallidum (13): linear fit = 0.96 x + 0.0 (639 voxels, peak = 94), gca=93.6
gca peak = 0.27624 (56)
mri peak = 0.08878 (57)
Right_Hippocampus (53): linear fit = 1.02 x + 0.0 (594 voxels, overlap=1.011)
Right_Hippocampus (53): linear fit = 1.02 x + 0.0 (594 voxels, peak = 57), gca=57.4
gca peak = 0.28723 (59)
mri peak = 0.09756 (59)
Left_Hippocampus (17): linear fit = 1.02 x + 0.0 (642 voxels, overlap=1.011)
Left_Hippocampus (17): linear fit = 1.02 x + 0.0 (642 voxels, peak = 60), gca=60.5
gca peak = 0.07623 (103)
mri peak = 0.11797 (104)
Right_Cerebral_White_Matter (41): linear fit = 1.02 x + 0.0 (26257 voxels, overlap=0.569)
Right_Cerebral_White_Matter (41): linear fit = 1.02 x + 0.0 (26257 voxels, peak = 106), gca=105.6
gca peak = 0.07837 (105)
mri peak = 0.12033 (107)
Left_Cerebral_White_Matter (2): linear fit = 1.03 x + 0.0 (26394 voxels, overlap=0.474)
Left_Cerebral_White_Matter (2): linear fit = 1.03 x + 0.0 (26394 voxels, peak = 109), gca=108.7
gca peak = 0.10165 (58)
mri peak = 0.06718 (54)
Left_Cerebral_Cortex (3): linear fit = 0.92 x + 0.0 (32487 voxels, overlap=0.796)
Left_Cerebral_Cortex (3): linear fit = 0.92 x + 0.0 (32487 voxels, peak = 53), gca=53.1
gca peak = 0.11113 (58)
mri peak = 0.07222 (54)
Right_Cerebral_Cortex (42): linear fit = 0.92 x + 0.0 (33965 voxels, overlap=0.834)
Right_Cerebral_Cortex (42): linear fit = 0.92 x + 0.0 (33965 voxels, peak = 53), gca=53.1
gca peak = 0.27796 (67)
mri peak = 0.17941 (68)
Right_Caudate (50): linear fit = 1.00 x + 0.0 (942 voxels, overlap=1.005)
Right_Caudate (50): linear fit = 1.00 x + 0.0 (942 voxels, peak = 67), gca=67.0
gca peak = 0.14473 (69)
mri peak = 0.18788 (68)
Left_Caudate (11): linear fit = 0.96 x + 0.0 (823 voxels, overlap=0.503)
Left_Caudate (11): linear fit = 0.96 x + 0.0 (823 voxels, peak = 67), gca=66.6
gca peak = 0.14301 (56)
mri peak = 0.05484 (39)
Left_Cerebellum_Cortex (8): linear fit = 0.69 x + 0.0 (13055 voxels, overlap=0.401)
Left_Cerebellum_Cortex (8): linear fit = 0.69 x + 0.0 (13055 voxels, peak = 39), gca=38.9
gca peak = 0.14610 (55)
mri peak = 0.04417 (39)
Right_Cerebellum_Cortex (47): linear fit = 0.94 x + 0.0 (14309 voxels, overlap=0.364)
Right_Cerebellum_Cortex (47): linear fit = 0.94 x + 0.0 (14309 voxels, peak = 52), gca=52.0
gca peak = 0.16309 (85)
mri peak = 0.06590 (80)
Left_Cerebellum_White_Matter (7): linear fit = 0.95 x + 0.0 (3257 voxels, overlap=0.984)
Left_Cerebellum_White_Matter (7): linear fit = 0.95 x + 0.0 (3257 voxels, peak = 81), gca=81.2
gca peak = 0.15172 (84)
mri peak = 0.06654 (81)
Right_Cerebellum_White_Matter (46): linear fit = 0.99 x + 0.0 (2879 voxels, overlap=0.999)
Right_Cerebellum_White_Matter (46): linear fit = 0.99 x + 0.0 (2879 voxels, peak = 83), gca=82.7
gca peak = 0.30461 (58)
mri peak = 0.09091 (67)
Left_Amygdala (18): linear fit = 1.12 x + 0.0 (398 voxels, overlap=1.012)
Left_Amygdala (18): linear fit = 1.12 x + 0.0 (398 voxels, peak = 65), gca=64.7
gca peak = 0.32293 (57)
mri peak = 0.07848 (64)
Right_Amygdala (54): linear fit = 1.12 x + 0.0 (408 voxels, overlap=1.029)
Right_Amygdala (54): linear fit = 1.12 x + 0.0 (408 voxels, peak = 64), gca=63.6
gca peak = 0.11083 (90)
mri peak = 0.06130 (83)
Left_Thalamus (10): linear fit = 0.99 x + 0.0 (3521 voxels, overlap=0.974)
Left_Thalamus (10): linear fit = 0.99 x + 0.0 (3521 voxels, peak = 89), gca=88.7
gca peak = 0.11393 (83)
mri peak = 0.08043 (84)
Right_Thalamus (49): linear fit = 1.00 x + 0.0 (3366 voxels, overlap=0.979)
Right_Thalamus (49): linear fit = 1.00 x + 0.0 (3366 voxels, peak = 83), gca=82.6
gca peak = 0.08575 (81)
mri peak = 0.09822 (79)
Left_Putamen (12): linear fit = 0.98 x + 0.0 (2189 voxels, overlap=0.806)
Left_Putamen (12): linear fit = 0.98 x + 0.0 (2189 voxels, peak = 79), gca=79.0
gca peak = 0.08618 (78)
mri peak = 0.12604 (82)
Right_Putamen (51): linear fit = 0.98 x + 0.0 (2522 voxels, overlap=0.888)
Right_Putamen (51): linear fit = 0.98 x + 0.0 (2522 voxels, peak = 76), gca=76.1
gca peak = 0.08005 (78)
mri peak = 0.08328 (91)
Brain_Stem (16): linear fit = 1.15 x + 0.0 (7276 voxels, overlap=0.300)
Brain_Stem (16): linear fit = 1.15 x + 0.0 (7276 voxels, peak = 90), gca=90.1
gca peak = 0.12854 (88)
mri peak = 0.05172 (98)
Right_VentralDC (60): linear fit = 1.17 x + 0.0 (1129 voxels, overlap=0.538)
Right_VentralDC (60): linear fit = 1.17 x + 0.0 (1129 voxels, peak = 103), gca=103.4
gca peak = 0.15703 (87)
mri peak = 0.05728 (98)
Left_VentralDC (28): linear fit = 1.14 x + 0.0 (1171 voxels, overlap=0.578)
Left_VentralDC (28): linear fit = 1.14 x + 0.0 (1171 voxels, peak = 100), gca=99.6
gca peak = 0.17522 (25)
mri peak = 0.08364 ( 5)
gca peak = 0.17113 (14)
mri peak = 0.13065 (10)
Fourth_Ventricle (15): linear fit = 0.44 x + 0.0 (180 voxels, overlap=0.027)
Fourth_Ventricle (15): linear fit = 0.44 x + 0.0 (180 voxels, peak =  6), gca=6.1
gca peak Unknown = 0.94777 ( 0)
gca peak Left_Inf_Lat_Vent = 0.16627 (28)
gca peak Third_Ventricle = 0.17522 (25)
gca peak Fourth_Ventricle = 0.17113 (14)
gca peak CSF = 0.20346 (36)
gca peak Left_Accumbens_area = 0.70646 (62)
gca peak Left_undetermined = 1.00000 (28)
gca peak Left_vessel = 0.89917 (53)
gca peak Left_choroid_plexus = 0.11689 (35)
gca peak Right_Inf_Lat_Vent = 0.25504 (23)
gca peak Right_Accumbens_area = 0.31650 (65)
gca peak Right_vessel = 0.77268 (52)
gca peak Right_choroid_plexus = 0.13275 (38)
gca peak Fifth_Ventricle = 0.60973 (33)
gca peak WM_hypointensities = 0.11013 (77)
gca peak non_WM_hypointensities = 0.11354 (41)
gca peak Optic_Chiasm = 0.51646 (76)
not using caudate to estimate GM means
estimating mean gm scale to be 1.02 x + 0.0
estimating mean wm scale to be 1.03 x + 0.0
estimating mean csf scale to be 0.68 x + 0.0
saving intensity scales to aseg.auto_noCCseg.label_intensities.txt
renormalizing by structure alignment....
renormalizing input #0
gca peak = 0.26886 (11)
mri peak = 0.08182 (12)
Left_Lateral_Ventricle (4): linear fit = 1.04 x + 0.0 (99 voxels, overlap=0.841)
Left_Lateral_Ventricle (4): linear fit = 1.04 x + 0.0 (99 voxels, peak = 11), gca=11.5
gca peak = 0.19846 (11)
mri peak = 0.12360 (12)
Right_Lateral_Ventricle (43): linear fit = 1.04 x + 0.0 (172 voxels, overlap=0.555)
Right_Lateral_Ventricle (43): linear fit = 1.04 x + 0.0 (172 voxels, peak = 11), gca=11.5
gca peak = 0.23916 (91)
mri peak = 0.21362 (94)
Right_Pallidum (52): linear fit = 1.02 x + 0.0 (592 voxels, overlap=1.001)
Right_Pallidum (52): linear fit = 1.02 x + 0.0 (592 voxels, peak = 93), gca=93.3
gca peak = 0.17695 (93)
mri peak = 0.13772 (95)
Left_Pallidum (13): linear fit = 1.01 x + 0.0 (639 voxels, overlap=1.004)
Left_Pallidum (13): linear fit = 1.01 x + 0.0 (639 voxels, peak = 94), gca=94.4
gca peak = 0.30350 (57)
mri peak = 0.08878 (57)
Right_Hippocampus (53): linear fit = 0.99 x + 0.0 (594 voxels, overlap=1.008)
Right_Hippocampus (53): linear fit = 0.99 x + 0.0 (594 voxels, peak = 56), gca=56.1
gca peak = 0.33430 (58)
mri peak = 0.09756 (59)
Left_Hippocampus (17): linear fit = 1.00 x + 0.0 (642 voxels, overlap=1.005)
Left_Hippocampus (17): linear fit = 1.00 x + 0.0 (642 voxels, peak = 58), gca=58.0
gca peak = 0.07763 (106)
mri peak = 0.11797 (104)
Right_Cerebral_White_Matter (41): linear fit = 1.00 x + 0.0 (26257 voxels, overlap=0.673)
Right_Cerebral_White_Matter (41): linear fit = 1.00 x + 0.0 (26257 voxels, peak = 105), gca=105.5
gca peak = 0.07610 (108)
mri peak = 0.12033 (107)
Left_Cerebral_White_Matter (2): linear fit = 1.00 x + 0.0 (26394 voxels, overlap=0.640)
Left_Cerebral_White_Matter (2): linear fit = 1.00 x + 0.0 (26394 voxels, peak = 109), gca=108.5
gca peak = 0.10918 (53)
mri peak = 0.06718 (54)
Left_Cerebral_Cortex (3): linear fit = 1.00 x + 0.0 (32487 voxels, overlap=0.995)
Left_Cerebral_Cortex (3): linear fit = 1.00 x + 0.0 (32487 voxels, peak = 53), gca=53.0
gca peak = 0.12330 (53)
mri peak = 0.07222 (54)
Right_Cerebral_Cortex (42): linear fit = 1.00 x + 0.0 (33965 voxels, overlap=0.976)
Right_Cerebral_Cortex (42): linear fit = 1.00 x + 0.0 (33965 voxels, peak = 53), gca=53.0
gca peak = 0.27770 (67)
mri peak = 0.17941 (68)
Right_Caudate (50): linear fit = 1.00 x + 0.0 (942 voxels, overlap=1.003)
Right_Caudate (50): linear fit = 1.00 x + 0.0 (942 voxels, peak = 67), gca=67.0
gca peak = 0.14003 (66)
mri peak = 0.18788 (68)
Left_Caudate (11): linear fit = 0.96 x + 0.0 (823 voxels, overlap=0.733)
Left_Caudate (11): linear fit = 0.96 x + 0.0 (823 voxels, peak = 64), gca=63.7
gca peak = 0.19172 (39)
mri peak = 0.05484 (39)
Left_Cerebellum_Cortex (8): linear fit = 1.07 x + 0.0 (13055 voxels, overlap=0.968)
Left_Cerebellum_Cortex (8): linear fit = 1.07 x + 0.0 (13055 voxels, peak = 42), gca=41.5
gca peak = 0.15292 (52)
mri peak = 0.04417 (39)
Right_Cerebellum_Cortex (47): linear fit = 0.99 x + 0.0 (14309 voxels, overlap=0.768)
Right_Cerebellum_Cortex (47): linear fit = 0.99 x + 0.0 (14309 voxels, peak = 51), gca=51.2
gca peak = 0.16642 (81)
mri peak = 0.06590 (80)
Left_Cerebellum_White_Matter (7): linear fit = 0.99 x + 0.0 (3257 voxels, overlap=0.992)
Left_Cerebellum_White_Matter (7): linear fit = 0.99 x + 0.0 (3257 voxels, peak = 80), gca=79.8
gca peak = 0.17498 (83)
mri peak = 0.06654 (81)
Right_Cerebellum_White_Matter (46): linear fit = 1.00 x + 0.0 (2879 voxels, overlap=0.991)
Right_Cerebellum_White_Matter (46): linear fit = 1.00 x + 0.0 (2879 voxels, peak = 83), gca=82.6
gca peak = 0.23829 (65)
mri peak = 0.09091 (67)
Left_Amygdala (18): linear fit = 1.01 x + 0.0 (398 voxels, overlap=1.002)
Left_Amygdala (18): linear fit = 1.01 x + 0.0 (398 voxels, peak = 66), gca=66.0
gca peak = 0.32239 (64)
mri peak = 0.07848 (64)
Right_Amygdala (54): linear fit = 1.00 x + 0.0 (408 voxels, overlap=1.007)
Right_Amygdala (54): linear fit = 1.00 x + 0.0 (408 voxels, peak = 64), gca=64.0
gca peak = 0.10446 (87)
mri peak = 0.06130 (83)
Left_Thalamus (10): linear fit = 1.01 x + 0.0 (3521 voxels, overlap=0.949)
Left_Thalamus (10): linear fit = 1.01 x + 0.0 (3521 voxels, peak = 88), gca=88.3
gca peak = 0.09387 (83)
mri peak = 0.08043 (84)
Right_Thalamus (49): linear fit = 1.01 x + 0.0 (3366 voxels, overlap=0.967)
Right_Thalamus (49): linear fit = 1.01 x + 0.0 (3366 voxels, peak = 84), gca=84.2
gca peak = 0.08833 (77)
mri peak = 0.09822 (79)
Left_Putamen (12): linear fit = 1.00 x + 0.0 (2189 voxels, overlap=0.887)
Left_Putamen (12): linear fit = 1.00 x + 0.0 (2189 voxels, peak = 77), gca=77.0
gca peak = 0.08745 (74)
mri peak = 0.12604 (82)
Right_Putamen (51): linear fit = 1.01 x + 0.0 (2522 voxels, overlap=0.939)
Right_Putamen (51): linear fit = 1.01 x + 0.0 (2522 voxels, peak = 75), gca=75.1
gca peak = 0.06980 (91)
mri peak = 0.08328 (91)
Brain_Stem (16): linear fit = 1.00 x + 0.0 (7276 voxels, overlap=0.865)
Brain_Stem (16): linear fit = 1.00 x + 0.0 (7276 voxels, peak = 91), gca=91.5
gca peak = 0.10520 (105)
mri peak = 0.05172 (98)
Right_VentralDC (60): linear fit = 1.00 x + 0.0 (1129 voxels, overlap=0.885)
Right_VentralDC (60): linear fit = 1.00 x + 0.0 (1129 voxels, peak = 106), gca=105.5
gca peak = 0.12918 (98)
mri peak = 0.05728 (98)
Left_VentralDC (28): linear fit = 1.01 x + 0.0 (1171 voxels, overlap=0.945)
Left_VentralDC (28): linear fit = 1.01 x + 0.0 (1171 voxels, peak = 99), gca=99.5
gca peak = 0.24191 (18)
mri peak = 0.08364 ( 5)
gca peak = 0.25483 (10)
mri peak = 0.13065 (10)
Fourth_Ventricle (15): linear fit = 0.62 x + 0.0 (180 voxels, overlap=0.631)
Fourth_Ventricle (15): linear fit = 0.62 x + 0.0 (180 voxels, peak =  6), gca=6.2
gca peak Unknown = 0.94777 ( 0)
gca peak Left_Inf_Lat_Vent = 0.20560 (29)
gca peak Third_Ventricle = 0.24191 (18)
gca peak Fourth_Ventricle = 0.25483 (10)
gca peak CSF = 0.23381 (21)
gca peak Left_Accumbens_area = 0.80257 (60)
gca peak Left_undetermined = 1.00000 (28)
gca peak Left_vessel = 0.88792 (53)
gca peak Left_choroid_plexus = 0.11689 (35)
gca peak Right_Inf_Lat_Vent = 0.25784 (24)
gca peak Right_Accumbens_area = 0.31650 (65)
gca peak Right_vessel = 0.77367 (52)
gca peak Right_choroid_plexus = 0.13275 (38)
gca peak Fifth_Ventricle = 0.91795 (22)
gca peak WM_hypointensities = 0.09988 (79)
gca peak non_WM_hypointensities = 0.14635 (42)
gca peak Optic_Chiasm = 0.74330 (76)
not using caudate to estimate GM means
estimating mean gm scale to be 1.00 x + 0.0
estimating mean wm scale to be 1.00 x + 0.0
estimating mean csf scale to be 1.04 x + 0.0
saving intensity scales to aseg.auto_noCCseg.label_intensities.txt
saving sequentially combined intensity scales to aseg.auto_noCCseg.label_intensities.txt
41929 voxels changed in iteration 0 of unlikely voxel relabeling
78 voxels changed in iteration 1 of unlikely voxel relabeling
0 voxels changed in iteration 2 of unlikely voxel relabeling
25081 gm and wm labels changed (%23 to gray, %77 to white out of all changed labels)
222 hippocampal voxels changed.
0 amygdala voxels changed.
Reclassifying using Gibbs Priors
pass 1: 55528 changed. image ll: -2.085, PF=0.500
pass 2: 13835 changed. image ll: -2.084, PF=0.500
pass 3: 4839 changed.
21320 voxels changed in iteration 0 of unlikely voxel relabeling
93 voxels changed in iteration 1 of unlikely voxel relabeling
1 voxels changed in iteration 2 of unlikely voxel relabeling
0 voxels changed in iteration 3 of unlikely voxel relabeling
4839 voxels changed in iteration 0 of unlikely voxel relabeling
32 voxels changed in iteration 1 of unlikely voxel relabeling
6 voxels changed in iteration 2 of unlikely voxel relabeling
0 voxels changed in iteration 3 of unlikely voxel relabeling
4383 voxels changed in iteration 0 of unlikely voxel relabeling
38 voxels changed in iteration 1 of unlikely voxel relabeling
0 voxels changed in iteration 2 of unlikely voxel relabeling
3953 voxels changed in iteration 0 of unlikely voxel relabeling
19 voxels changed in iteration 1 of unlikely voxel relabeling
1 voxels changed in iteration 2 of unlikely voxel relabeling
0 voxels changed in iteration 3 of unlikely voxel relabeling
 !!!!!!!!! ventricle segment 0 with volume 146 above threshold 100 - not erasing !!!!!!!!!!
 !!!!!!!!! ventricle segment 10 with volume 2880 above threshold 100 - not erasing !!!!!!!!!!
 !!!!!!!!! ventricle segment 2 with volume 126 above threshold 100 - not erasing !!!!!!!!!!
 !!!!!!!!! ventricle segment 1 with volume 3663 above threshold 100 - not erasing !!!!!!!!!!
 !!!!!!!!! ventricle segment 6 with volume 296 above threshold 100 - not erasing !!!!!!!!!!
writing labeled volume to aseg.auto_noCCseg.mgz
mri_ca_label utimesec    1219.625930
mri_ca_label stimesec    6.858515
mri_ca_label ru_maxrss   2124816
mri_ca_label ru_ixrss    0
mri_ca_label ru_idrss    0
mri_ca_label ru_isrss    0
mri_ca_label ru_minflt   8216777
mri_ca_label ru_majflt   8
mri_ca_label ru_nswap    0
mri_ca_label ru_inblock  1142
mri_ca_label ru_oublock  624
mri_ca_label ru_msgsnd   0
mri_ca_label ru_msgrcv   0
mri_ca_label ru_nsignals 0
mri_ca_label ru_nvcsw    2229
mri_ca_label ru_nivcsw   1404
auto-labeling took 19 minutes and 38 seconds.
#--------------------------------------
#@# CC Seg Sat Mar 14 11:42:46 CET 2026

 mri_cc -aseg aseg.auto_noCCseg.mgz -o aseg.auto.mgz -lta /out/sourcedata/freesurfer/sub-v2s9x29165_ses-1/mri/transforms/cc_up.lta sub-v2s9x29165_ses-1 

will read input aseg from aseg.auto_noCCseg.mgz
writing aseg with cc labels to aseg.auto.mgz
will write lta as /out/sourcedata/freesurfer/sub-v2s9x29165_ses-1/mri/transforms/cc_up.lta
reading aseg from /out/sourcedata/freesurfer/sub-v2s9x29165_ses-1/mri/aseg.auto_noCCseg.mgz
reading norm from /out/sourcedata/freesurfer/sub-v2s9x29165_ses-1/mri/norm.mgz
63131 voxels in left wm, 78096 in right wm, xrange [122, 137]
searching rotation angles z=[-5  9], y=[-12  2]
searching scale 1 Z rot -4.5  searching scale 1 Z rot -4.3  searching scale 1 Z rot -4.0  searching scale 1 Z rot -3.8  searching scale 1 Z rot -3.5  searching scale 1 Z rot -3.3  searching scale 1 Z rot -3.0  searching scale 1 Z rot -2.8  searching scale 1 Z rot -2.5  searching scale 1 Z rot -2.3  searching scale 1 Z rot -2.0  searching scale 1 Z rot -1.8  searching scale 1 Z rot -1.5  searching scale 1 Z rot -1.3  searching scale 1 Z rot -1.0  searching scale 1 Z rot -0.8  searching scale 1 Z rot -0.5  searching scale 1 Z rot -0.3  searching scale 1 Z rot -0.0  searching scale 1 Z rot 0.2  searching scale 1 Z rot 0.5  searching scale 1 Z rot 0.7  searching scale 1 Z rot 1.0  searching scale 1 Z rot 1.2  searching scale 1 Z rot 1.5  searching scale 1 Z rot 1.7  searching scale 1 Z rot 2.0  searching scale 1 Z rot 2.2  searching scale 1 Z rot 2.5  searching scale 1 Z rot 2.7  searching scale 1 Z rot 3.0  searching scale 1 Z rot 3.2  searching scale 1 Z rot 3.5  searching scale 1 Z rot 3.7  searching scale 1 Z rot 4.0  searching scale 1 Z rot 4.2  searching scale 1 Z rot 4.5  searching scale 1 Z rot 4.7  searching scale 1 Z rot 5.0  searching scale 1 Z rot 5.2  searching scale 1 Z rot 5.5  searching scale 1 Z rot 5.7  searching scale 1 Z rot 6.0  searching scale 1 Z rot 6.2  searching scale 1 Z rot 6.5  searching scale 1 Z rot 6.7  searching scale 1 Z rot 7.0  searching scale 1 Z rot 7.2  searching scale 1 Z rot 7.5  searching scale 1 Z rot 7.7  searching scale 1 Z rot 8.0  searching scale 1 Z rot 8.2  searching scale 1 Z rot 8.5  searching scale 1 Z rot 8.7  searching scale 1 Z rot 9.0  searching scale 1 Z rot 9.2  global minimum found at slice 129.6, rotations (-4.59, 2.49)
final transformation (x=129.6, yr=-4.594, zr=2.495):
 0.99584  -0.04353  -0.08002   13.21354;
 0.04339   0.99905  -0.00349  -10.12770;
 0.08009  -0.00000   0.99679   11.96068;
 0.00000   0.00000   0.00000   1.00000;
updating x range to be [126, 130] in xformed coordinates
best xformed slice 128
min_x_fornix = 148
min_x_fornix = 150
min_x_fornix = 150
min_x_fornix = 149
min_x_fornix = 150
cc center is found at 128 133 106
eigenvectors:
-0.00075  -0.01119   0.99994;
-0.06265  -0.99797  -0.01122;
 0.99804  -0.06265   0.00004;
writing aseg with callosum to /out/sourcedata/freesurfer/sub-v2s9x29165_ses-1/mri/aseg.auto.mgz...
corpus callosum segmentation took 0.5 minutes
#VMPC# mri_cc VmPeak  555536
mri_cc done
#--------------------------------------
#@# Merge ASeg Sat Mar 14 11:43:16 CET 2026

 cp aseg.auto.mgz aseg.presurf.mgz 

#--------------------------------------------
#@# Intensity Normalization2 Sat Mar 14 11:43:16 CET 2026
/out/sourcedata/freesurfer/sub-v2s9x29165_ses-1/mri

 mri_normalize -seed 1234 -mprage -aseg aseg.presurf.mgz -mask brainmask.mgz norm.mgz brain.mgz 

setting seed for random number genererator to 1234
assuming input volume is MGH (Van der Kouwe) MP-RAGE
using segmentation for initial intensity normalization
using MR volume brainmask.mgz to mask input volume...
reading mri_src from norm.mgz...
Reading aseg aseg.presurf.mgz
normalizing image...
NOT doing gentle normalization with control points/label
processing with aseg
removing outliers in the aseg WM...
931 control points removed
Building bias image
building Voronoi diagram...
performing soap bubble smoothing, sigma = 0...
Smoothing with sigma 8
Applying bias correction
building Voronoi diagram...
performing soap bubble smoothing, sigma = 8...

Iterating 2 times
---------------------------------
3d normalization pass 1 of 2
white matter peak found at 110
white matter peak found at 109
gm peak at 57 (57), valley at  0 (-1)
csf peak at 28, setting threshold to 47
building Voronoi diagram...
performing soap bubble smoothing, sigma = 8...
---------------------------------
3d normalization pass 2 of 2
white matter peak found at 110
white matter peak found at 110
gm peak at 58 (58), valley at  0 (-1)
csf peak at 29, setting threshold to 48
building Voronoi diagram...
performing soap bubble smoothing, sigma = 8...
Done iterating ---------------------------------
writing output to brain.mgz
3D bias adjustment took 1 minutes and 25 seconds.
#--------------------------------------------
#@# Mask BFS Sat Mar 14 11:44:42 CET 2026
/out/sourcedata/freesurfer/sub-v2s9x29165_ses-1/mri

 mri_mask -T 5 brain.mgz brainmask.mgz brain.finalsurfs.mgz 

threshold mask volume at 5
DoAbs = 0
Found 1367831 voxels in mask (pct=  8.15)
Writing masked volume to brain.finalsurfs.mgz...done.
#--------------------------------------------
#@# WM Segmentation Sat Mar 14 11:44:43 CET 2026

 AntsDenoiseImageFs -i brain.mgz -o antsdn.brain.mgz 


 mri_segment -wsizemm 13 -mprage antsdn.brain.mgz wm.seg.mgz 

wsizemm = 13, voxres = 1, wsize = 13
Widening wm low from 89 to 79
assuming input volume is MGH (Van der Kouwe) MP-RAGE
wm mean:  110
wsize:    13
wm low:   79
wm hi:    125
gray low: 30
gray hi:  99
Doing initial trinary intensity segmentation 
Using local statistics to label ambiguous voxels
Autodetecting stats
Computing class statistics for intensity windows...
CCS WM (104.0): 104.8 +- 4.5 [79.0 --> 125.0]
CCS GM (69.0) : 67.8 +- 9.6 [30.0 --> 95.0]
 white_mean 104.797
 white_sigma 4.52037
 gray_mean 67.8172
 gray_sigma 9.61285
setting bottom of white matter range wm_low to 77.4
setting top of gray matter range gray_hi to 87.0
 wm_low 77.4301
 wm_hi  125
 gray_low 30
 gray_hi  87.0429
Redoing initial intensity segmentation...
Recomputing local statistics to label ambiguous voxels...
 wm_low 77.4301
 wm_hi  125
 gray_low 30
 gray_hi  87.0429
using local geometry to label remaining ambiguous voxels...
polvwsize = 5, polvlen = 3, gray_hi = 87.0429, wm_low = 77.4301
MRIcpolvMedianCurveSegment(): wsize=5, len=3, gmhi=87.0429, wmlow=77.4301
    105141 voxels processed (0.63%)
     50244 voxels white (0.30%)
     54897 voxels non-white (0.33%)

Reclassifying voxels using Gaussian border classifier niter=1
MRIreclassify(): wm_low=72.4301, gray_hi=87.0429, wsize=13
    168409 voxels tested (1.00%)
     37905 voxels changed (0.23%)
     45350 multi-scale searches  (0.27%)
Recovering bright white
MRIrecoverBrightWhite()
 wm_low 77.4301
 wm_hi 125
 slack 4.52037
 pct_thresh 0.33
 intensity_thresh 129.52
 nvox_thresh 8.58
      304 voxels tested (0.00%)
      202 voxels changed (0.00%)

removing voxels with positive offset direction...
MRIremoveWrongDirection() wsize=3, lowthr=72.4301, hithr=87.0429
  smoothing input volume with sigma = 0.250
    62152 voxels tested (0.37%)
    12669 voxels changed (0.08%)
thicken = 1
removing 1-dimensional structures...
MRIremove1dStructures(): max_iter=10000, thresh=2, WM_MIN_VAL=5
 3523 sparsely connected voxels removed in 1 iterations
thickening thin strands....
thickness 4
nsegments 20
wm_hi 125
1370 diagonally connected voxels added...
MRIthickenThinWMStrands(): thickness=4, nsegments=20
  20 segments, 4459 filled
MRIfindBrightNonWM(): 2406 bright non-wm voxels segmented.
MRIfilterMorphology() WM_MIN_VAL=5, DIAGONAL_FILL=230
white matter segmentation took 0.7 minutes
writing output to wm.seg.mgz...

 mri_edit_wm_with_aseg -keep-in wm.seg.mgz brain.mgz aseg.presurf.mgz wm.asegedit.mgz 

preserving editing changes in input volume...
auto filling took 0.29 minutes
reading wm segmentation from wm.seg.mgz...
0 voxels added to wm to prevent paths from MTL structures to cortex
2480 additional wm voxels added
0 additional wm voxels added
SEG EDIT: 34305 voxels turned on, 17320 voxels turned off.
propagating editing to output volume from wm.seg.mgz
writing edited volume to wm.asegedit.mgz....

 mri_pretess wm.asegedit.mgz wm norm.mgz wm.mgz 


Iteration Number : 1
pass   1 (xy+):  17 found -  17 modified     |    TOTAL:  17
pass   2 (xy+):   0 found -  17 modified     |    TOTAL:  17
pass   1 (xy-):  17 found -  17 modified     |    TOTAL:  34
pass   2 (xy-):   0 found -  17 modified     |    TOTAL:  34
pass   1 (yz+):  25 found -  25 modified     |    TOTAL:  59
pass   2 (yz+):   0 found -  25 modified     |    TOTAL:  59
pass   1 (yz-):  18 found -  18 modified     |    TOTAL:  77
pass   2 (yz-):   0 found -  18 modified     |    TOTAL:  77
pass   1 (xz+):  13 found -  13 modified     |    TOTAL:  90
pass   2 (xz+):   0 found -  13 modified     |    TOTAL:  90
pass   1 (xz-):  12 found -  12 modified     |    TOTAL: 102
pass   2 (xz-):   0 found -  12 modified     |    TOTAL: 102
Iteration Number : 1
pass   1 (+++):  15 found -  15 modified     |    TOTAL:  15
pass   2 (+++):   0 found -  15 modified     |    TOTAL:  15
pass   1 (+++):  33 found -  33 modified     |    TOTAL:  48
pass   2 (+++):   0 found -  33 modified     |    TOTAL:  48
pass   1 (+++):  14 found -  14 modified     |    TOTAL:  62
pass   2 (+++):   0 found -  14 modified     |    TOTAL:  62
pass   1 (+++):  30 found -  30 modified     |    TOTAL:  92
pass   2 (+++):   0 found -  30 modified     |    TOTAL:  92
Iteration Number : 1
pass   1 (++):  78 found -  78 modified     |    TOTAL:  78
pass   2 (++):   0 found -  78 modified     |    TOTAL:  78
pass   1 (+-):  57 found -  57 modified     |    TOTAL: 135
pass   2 (+-):   1 found -  58 modified     |    TOTAL: 136
pass   3 (+-):   0 found -  58 modified     |    TOTAL: 136
pass   1 (--):  48 found -  48 modified     |    TOTAL: 184
pass   2 (--):   0 found -  48 modified     |    TOTAL: 184
pass   1 (-+):  68 found -  68 modified     |    TOTAL: 252
pass   2 (-+):   0 found -  68 modified     |    TOTAL: 252
Iteration Number : 2
pass   1 (xy+):   1 found -   1 modified     |    TOTAL:   1
pass   2 (xy+):   0 found -   1 modified     |    TOTAL:   1
pass   1 (xy-):   5 found -   5 modified     |    TOTAL:   6
pass   2 (xy-):   0 found -   5 modified     |    TOTAL:   6
pass   1 (yz+):   2 found -   2 modified     |    TOTAL:   8
pass   2 (yz+):   0 found -   2 modified     |    TOTAL:   8
pass   1 (yz-):   6 found -   6 modified     |    TOTAL:  14
pass   2 (yz-):   0 found -   6 modified     |    TOTAL:  14
pass   1 (xz+):   4 found -   4 modified     |    TOTAL:  18
pass   2 (xz+):   0 found -   4 modified     |    TOTAL:  18
pass   1 (xz-):   3 found -   3 modified     |    TOTAL:  21
pass   2 (xz-):   0 found -   3 modified     |    TOTAL:  21
Iteration Number : 2
pass   1 (+++):   0 found -   0 modified     |    TOTAL:   0
pass   1 (+++):   6 found -   6 modified     |    TOTAL:   6
pass   2 (+++):   0 found -   6 modified     |    TOTAL:   6
pass   1 (+++):   0 found -   0 modified     |    TOTAL:   6
pass   1 (+++):   2 found -   2 modified     |    TOTAL:   8
pass   2 (+++):   0 found -   2 modified     |    TOTAL:   8
Iteration Number : 2
pass   1 (++):   4 found -   4 modified     |    TOTAL:   4
pass   2 (++):   0 found -   4 modified     |    TOTAL:   4
pass   1 (+-):   1 found -   1 modified     |    TOTAL:   5
pass   2 (+-):   0 found -   1 modified     |    TOTAL:   5
pass   1 (--):   2 found -   2 modified     |    TOTAL:   7
pass   2 (--):   0 found -   2 modified     |    TOTAL:   7
pass   1 (-+):   3 found -   3 modified     |    TOTAL:  10
pass   2 (-+):   0 found -   3 modified     |    TOTAL:  10
Iteration Number : 3
pass   1 (xy+):   1 found -   1 modified     |    TOTAL:   1
pass   2 (xy+):   0 found -   1 modified     |    TOTAL:   1
pass   1 (xy-):   0 found -   0 modified     |    TOTAL:   1
pass   1 (yz+):   0 found -   0 modified     |    TOTAL:   1
pass   1 (yz-):   1 found -   1 modified     |    TOTAL:   2
pass   2 (yz-):   0 found -   1 modified     |    TOTAL:   2
pass   1 (xz+):   1 found -   1 modified     |    TOTAL:   3
pass   2 (xz+):   0 found -   1 modified     |    TOTAL:   3
pass   1 (xz-):   0 found -   0 modified     |    TOTAL:   3
Iteration Number : 3
pass   1 (+++):   0 found -   0 modified     |    TOTAL:   0
pass   1 (+++):   0 found -   0 modified     |    TOTAL:   0
pass   1 (+++):   0 found -   0 modified     |    TOTAL:   0
pass   1 (+++):   0 found -   0 modified     |    TOTAL:   0
Iteration Number : 3
pass   1 (++):   1 found -   1 modified     |    TOTAL:   1
pass   2 (++):   0 found -   1 modified     |    TOTAL:   1
pass   1 (+-):   0 found -   0 modified     |    TOTAL:   1
pass   1 (--):   1 found -   1 modified     |    TOTAL:   2
pass   2 (--):   0 found -   1 modified     |    TOTAL:   2
pass   1 (-+):   0 found -   0 modified     |    TOTAL:   2
Iteration Number : 4
pass   1 (xy+):   0 found -   0 modified     |    TOTAL:   0
pass   1 (xy-):   0 found -   0 modified     |    TOTAL:   0
pass   1 (yz+):   0 found -   0 modified     |    TOTAL:   0
pass   1 (yz-):   0 found -   0 modified     |    TOTAL:   0
pass   1 (xz+):   0 found -   0 modified     |    TOTAL:   0
pass   1 (xz-):   0 found -   0 modified     |    TOTAL:   0
Iteration Number : 4
pass   1 (+++):   0 found -   0 modified     |    TOTAL:   0
pass   1 (+++):   0 found -   0 modified     |    TOTAL:   0
pass   1 (+++):   0 found -   0 modified     |    TOTAL:   0
pass   1 (+++):   0 found -   0 modified     |    TOTAL:   0
Iteration Number : 4
pass   1 (++):   0 found -   0 modified     |    TOTAL:   0
pass   1 (+-):   0 found -   0 modified     |    TOTAL:   0
pass   1 (--):   0 found -   0 modified     |    TOTAL:   0
pass   1 (-+):   0 found -   0 modified     |    TOTAL:   0

Total Number of Modified Voxels = 490 (out of 464664: 0.105453)
binarizing input wm segmentation...
Ambiguous edge configurations... 

mri_pretess done

#--------------------------------------------
#@# Fill Sat Mar 14 11:46:10 CET 2026
/out/sourcedata/freesurfer/sub-v2s9x29165_ses-1/mri

 mri_fill -a ../scripts/ponscc.cut.log -xform transforms/talairach.lta -segmentation aseg.presurf.mgz -ctab /opt/freesurfer/SubCorticalMassLUT.txt wm.mgz filled.mgz 

logging cutting plane coordinates to ../scripts/ponscc.cut.log...
INFO: Using transforms/talairach.lta and its offset for Talairach volume ...
using segmentation aseg.presurf.mgz...
reading input volume...done.
searching for cutting planes...voxel to talairach voxel transform
 1.10628  -0.07832  -0.07780   1.57365;
 0.10908   1.10990   0.31632  -92.69327;
 0.06642  -0.29365   0.98929   32.05663;
 0.00000   0.00000   0.00000   1.00000;
voxel to talairach voxel transform
 1.10628  -0.07832  -0.07780   1.57365;
 0.10908   1.10990   0.31632  -92.69327;
 0.06642  -0.29365   0.98929   32.05663;
 0.00000   0.00000   0.00000   1.00000;
reading segmented volume aseg.presurf.mgz
removing CC from segmentation
Looking for area (min, max) = (350, 1400)
area[0] = 970 (min = 350, max = 1400), aspect = 0.44 (min = 0.10, max = 0.75)
no need to search
using seed (126, 124, 150), TAL = (2.0, 22.0, 4.0)
talairach voxel to voxel transform
 0.89373   0.07529   0.04621   4.09132;
-0.06522   0.82522  -0.26899   85.21748;
-0.07937   0.23989   0.92788  -7.38356;
 0.00000   0.00000   0.00000   1.00000;
segmentation indicates cc at (126,  124,  150) --> (2.0, 22.0, 4.0)
done.
filling took 0.7 minutes
talairach cc position changed to (2.00, 22.00, 4.00)
Erasing brainstem...done.
seed_search_size = 9, min_neighbors = 5
search rh wm seed point around talairach space:(20.00, 22.00, 4.00) SRC: (116.88, 140.15, 152.97)
search lh wm seed point around talairach space (-16.00, 22.00, 4.00), SRC: (149.06, 137.81, 150.12)
compute mri_fill using aseg
Erasing Brain Stem and Cerebellum ...
Define left and right masks using aseg:
Building Voronoi diagram ...
Using the Voronoi diagram for separating WM into two hemispheres ...
Find the largest connected component for each hemisphere ...
Embedding colortable
mri_fill done, writing output to filled.mgz...
 cp filled.mgz filled.auto.mgz

Started at Sat Mar 14 10:42:37 CET 2026 
Ended   at Sat Mar 14 11:46:50 CET 2026
#@#%# recon-all-run-time-hours 1.070
recon-all -s sub-v2s9x29165_ses-1 finished without error at Sat Mar 14 11:46:50 CET 2026



#New# invocation of recon-all 




Sat Mar 14 12:25:34 CET 2026
cd /out/sourcedata/freesurfer/sub-v2s9x29165_ses-1
setenv SUBJECTS_DIR /out/sourcedata/freesurfer
/opt/freesurfer/bin/recon-all -parallel -subjid sub-v2s9x29165_ses-1 -sd /out/sourcedata/freesurfer -cortribbon

subjid sub-v2s9x29165_ses-1
setenv SUBJECTS_DIR /out/sourcedata/freesurfer
FREESURFER_HOME /opt/freesurfer
Actual FREESURFER_HOME /opt/freesurfer
build-stamp.txt: freesurfer-linux-ubuntu22_x86_64-7.3.2-20220804-6354275
Linux dna076 5.14.0-427.37.1.el9_4.x86_64 #1 SMP PREEMPT_DYNAMIC Fri Sep 13 12:41:50 EDT 2024 x86_64 x86_64 x86_64 GNU/Linux
cputime      unlimited
filesize     unlimited
datasize     unlimited
stacksize    8192 kbytes
coredumpsize 0 kbytes
memoryuse    67108864 kbytes
vmemoryuse   unlimited
descriptors  1024 
memorylocked unlimited
maxproc      2061970 
maxlocks     unlimited
maxsignal    2062029 
maxmessage   819200 
maxnice      0 
maxrtprio    0 
maxrttime    unlimited

               total        used        free      shared  buff/cache   available
Mem:           503Gi        46Gi        40Gi       9.2Gi       417Gi       444Gi
Swap:             0B          0B          0B

########################################
program versions used
7.3.2 (freesurfer-linux-ubuntu22_x86_64-7.3.2-20220804-6354275)
7.3.2

ProgramName: lta_convert  ProgramArguments: lta_convert -all-info  ProgramVersion: 7.3.2  TimeStamp: 2026/03/14-11:25:34-GMT  BuildTime: Aug  4 2022 06:17:15  BuildStamp: freesurfer-linux-ubuntu22_x86_64-7.3.2-20220804-6354275  User: oesteban  Machine: dna076  Platform: Linux  PlatformVersion: 5.14.0-427.37.1.el9_4.x86_64  CompilerName: GCC  CompilerVersion: 8.4.0
ProgramName: mri_and  ProgramArguments: mri_and -all-info  ProgramVersion: 7.3.2  TimeStamp: 2026/03/14-11:25:34-GMT  BuildTime: Aug  4 2022 06:17:15  BuildStamp: freesurfer-linux-ubuntu22_x86_64-7.3.2-20220804-6354275  User: oesteban  Machine: dna076  Platform: Linux  PlatformVersion: 5.14.0-427.37.1.el9_4.x86_64  CompilerName: GCC  CompilerVersion: 8.4.0
ProgramName: mri_annotation2label  ProgramArguments: mri_annotation2label -all-info  ProgramVersion: 7.3.2  TimeStamp: 2026/03/14-11:25:34-GMT  BuildTime: Aug  4 2022 06:17:15  BuildStamp: freesurfer-linux-ubuntu22_x86_64-7.3.2-20220804-6354275  User: oesteban  Machine: dna076  Platform: Linux  PlatformVersion: 5.14.0-427.37.1.el9_4.x86_64  CompilerName: GCC  CompilerVersion: 8.4.0
ProgramName: mri_aparc2aseg  ProgramArguments: mri_aparc2aseg -all-info  ProgramVersion: 7.3.2  TimeStamp: 2026/03/14-11:25:34-GMT  BuildTime: Aug  4 2022 06:17:15  BuildStamp: freesurfer-linux-ubuntu22_x86_64-7.3.2-20220804-6354275  User: oesteban  Machine: dna076  Platform: Linux  PlatformVersion: 5.14.0-427.37.1.el9_4.x86_64  CompilerName: GCC  CompilerVersion: 8.4.0
ProgramName: mri_surf2volseg  ProgramArguments: mri_surf2volseg -all-info  ProgramVersion: 7.3.2  TimeStamp: 2026/03/14-11:25:34-GMT  BuildTime: Aug  4 2022 06:17:15  BuildStamp: freesurfer-linux-ubuntu22_x86_64-7.3.2-20220804-6354275  User: oesteban  Machine: dna076  Platform: Linux  PlatformVersion: 5.14.0-427.37.1.el9_4.x86_64  CompilerName: GCC  CompilerVersion: 8.4.0
ProgramName: mri_binarize  ProgramArguments: mri_binarize -all-info  ProgramVersion: 7.3.2  TimeStamp: 2026/03/14-11:25:34-GMT  BuildTime: Aug  4 2022 06:17:15  BuildStamp: freesurfer-linux-ubuntu22_x86_64-7.3.2-20220804-6354275  User: oesteban  Machine: dna076  Platform: Linux  PlatformVersion: 5.14.0-427.37.1.el9_4.x86_64  CompilerName: GCC  CompilerVersion: 8.4.0
ProgramName: mri_ca_label  ProgramArguments: mri_ca_label -all-info  ProgramVersion: 7.3.2  TimeStamp: 2026/03/14-11:25:34-GMT  BuildTime: Aug  4 2022 06:17:15  BuildStamp: freesurfer-linux-ubuntu22_x86_64-7.3.2-20220804-6354275  User: oesteban  Machine: dna076  Platform: Linux  PlatformVersion: 5.14.0-427.37.1.el9_4.x86_64  CompilerName: GCC  CompilerVersion: 8.4.0
ProgramName: mri_ca_normalize  ProgramArguments: mri_ca_normalize -all-info  ProgramVersion: 7.3.2  TimeStamp: 2026/03/14-11:25:34-GMT  BuildTime: Aug  4 2022 06:17:15  BuildStamp: freesurfer-linux-ubuntu22_x86_64-7.3.2-20220804-6354275  User: oesteban  Machine: dna076  Platform: Linux  PlatformVersion: 5.14.0-427.37.1.el9_4.x86_64  CompilerName: GCC  CompilerVersion: 8.4.0
ProgramName: mri_ca_register  ProgramArguments: mri_ca_register -all-info  ProgramVersion: 7.3.2  TimeStamp: 2026/03/14-11:25:34-GMT  BuildTime: Aug  4 2022 06:17:15  BuildStamp: freesurfer-linux-ubuntu22_x86_64-7.3.2-20220804-6354275  User: oesteban  Machine: dna076  Platform: Linux  PlatformVersion: 5.14.0-427.37.1.el9_4.x86_64  CompilerName: GCC  CompilerVersion: 8.4.0
ProgramName: mri_cc  ProgramArguments: mri_cc -all-info  ProgramVersion: 7.3.2  TimeStamp: 2026/03/14-11:25:34-GMT  BuildTime: Aug  4 2022 06:17:15  BuildStamp: freesurfer-linux-ubuntu22_x86_64-7.3.2-20220804-6354275  User: oesteban  Machine: dna076  Platform: Linux  PlatformVersion: 5.14.0-427.37.1.el9_4.x86_64  CompilerName: GCC  CompilerVersion: 8.4.0
ProgramName: mri_compute_overlap  ProgramArguments: mri_compute_overlap -all-info  ProgramVersion: 7.3.2  TimeStamp: 2026/03/14-11:25:34-GMT  BuildTime: Aug  4 2022 06:17:15  BuildStamp: freesurfer-linux-ubuntu22_x86_64-7.3.2-20220804-6354275  User: oesteban  Machine: dna076  Platform: Linux  PlatformVersion: 5.14.0-427.37.1.el9_4.x86_64  CompilerName: GCC  CompilerVersion: 8.4.0
ProgramName: mri_compute_seg_overlap  ProgramArguments: mri_compute_seg_overlap -all-info  ProgramVersion: 7.3.2  TimeStamp: 2026/03/14-11:25:34-GMT  BuildTime: Aug  4 2022 06:17:15  BuildStamp: freesurfer-linux-ubuntu22_x86_64-7.3.2-20220804-6354275  User: oesteban  Machine: dna076  Platform: Linux  PlatformVersion: 5.14.0-427.37.1.el9_4.x86_64  CompilerName: GCC  CompilerVersion: 8.4.0
ProgramName: mri_concat  ProgramArguments: mri_concat -all-info  ProgramVersion: 7.3.2  TimeStamp: 2026/03/14-11:25:34-GMT  BuildTime: Aug  4 2022 06:17:15  BuildStamp: freesurfer-linux-ubuntu22_x86_64-7.3.2-20220804-6354275  User: oesteban  Machine: dna076  Platform: Linux  PlatformVersion: 5.14.0-427.37.1.el9_4.x86_64  CompilerName: GCC  CompilerVersion: 8.4.0
ProgramName: mri_concatenate_lta  ProgramArguments: mri_concatenate_lta -all-info  ProgramVersion: 7.3.2  TimeStamp: 2026/03/14-11:25:34-GMT  BuildTime: Aug  4 2022 06:17:15  BuildStamp: freesurfer-linux-ubuntu22_x86_64-7.3.2-20220804-6354275  User: oesteban  Machine: dna076  Platform: Linux  PlatformVersion: 5.14.0-427.37.1.el9_4.x86_64  CompilerName: GCC  CompilerVersion: 8.4.0
mri_convert -all-info 
ProgramName: mri_convert  ProgramArguments: mri_convert -all-info  ProgramVersion: 7.3.2  TimeStamp: 2026/03/14-11:25:34-GMT  BuildTime: Aug  4 2022 06:17:15  BuildStamp: freesurfer-linux-ubuntu22_x86_64-7.3.2-20220804-6354275  User: oesteban  Machine: dna076  Platform: Linux  PlatformVersion: 5.14.0-427.37.1.el9_4.x86_64  CompilerName: GCC  CompilerVersion: 8.4.0
ProgramName: mri_diff  ProgramArguments: mri_diff -all-info  ProgramVersion: 7.3.2  TimeStamp: 2026/03/14-11:25:34-GMT  BuildTime: Aug  4 2022 06:17:15  BuildStamp: freesurfer-linux-ubuntu22_x86_64-7.3.2-20220804-6354275  User: oesteban  Machine: dna076  Platform: Linux  PlatformVersion: 5.14.0-427.37.1.el9_4.x86_64  CompilerName: GCC  CompilerVersion: 8.4.0
ProgramName: mri_edit_wm_with_aseg  ProgramArguments: mri_edit_wm_with_aseg -all-info  ProgramVersion: 7.3.2  TimeStamp: 2026/03/14-11:25:34-GMT  BuildTime: Aug  4 2022 06:17:15  BuildStamp: freesurfer-linux-ubuntu22_x86_64-7.3.2-20220804-6354275  User: oesteban  Machine: dna076  Platform: Linux  PlatformVersion: 5.14.0-427.37.1.el9_4.x86_64  CompilerName: GCC  CompilerVersion: 8.4.0
ProgramName: mri_em_register  ProgramArguments: mri_em_register -all-info  ProgramVersion: 7.3.2  TimeStamp: 2026/03/14-11:25:34-GMT  BuildTime: Aug  4 2022 06:17:15  BuildStamp: freesurfer-linux-ubuntu22_x86_64-7.3.2-20220804-6354275  User: oesteban  Machine: dna076  Platform: Linux  PlatformVersion: 5.14.0-427.37.1.el9_4.x86_64  CompilerName: GCC  CompilerVersion: 8.4.0
ProgramName: mri_fill  ProgramArguments: mri_fill -all-info  ProgramVersion: 7.3.2  TimeStamp: 2026/03/14-11:25:34-GMT  BuildTime: Aug  4 2022 06:17:15  BuildStamp: freesurfer-linux-ubuntu22_x86_64-7.3.2-20220804-6354275  User: oesteban  Machine: dna076  Platform: Linux  PlatformVersion: 5.14.0-427.37.1.el9_4.x86_64  CompilerName: GCC  CompilerVersion: 8.4.0
ProgramName: mri_fuse_segmentations  ProgramArguments: mri_fuse_segmentations -all-info  ProgramVersion: 7.3.2  TimeStamp: 2026/03/14-11:25:34-GMT  BuildTime: Aug  4 2022 06:17:15  BuildStamp: freesurfer-linux-ubuntu22_x86_64-7.3.2-20220804-6354275  User: oesteban  Machine: dna076  Platform: Linux  PlatformVersion: 5.14.0-427.37.1.el9_4.x86_64  CompilerName: GCC  CompilerVersion: 8.4.0
ProgramName: mri_fwhm  ProgramArguments: mri_fwhm -all-info  ProgramVersion: 7.3.2  TimeStamp: 2026/03/14-11:25:34-GMT  BuildTime: Aug  4 2022 06:17:15  BuildStamp: freesurfer-linux-ubuntu22_x86_64-7.3.2-20220804-6354275  User: oesteban  Machine: dna076  Platform: Linux  PlatformVersion: 5.14.0-427.37.1.el9_4.x86_64  CompilerName: GCC  CompilerVersion: 8.4.0
ProgramName: mri_gcut  ProgramArguments: mri_gcut -all-info  ProgramVersion: 7.3.2  TimeStamp: 2026/03/14-11:25:34-GMT  BuildTime: Aug  4 2022 06:17:15  BuildStamp: freesurfer-linux-ubuntu22_x86_64-7.3.2-20220804-6354275  User: oesteban  Machine: dna076  Platform: Linux  PlatformVersion: 5.14.0-427.37.1.el9_4.x86_64  CompilerName: GCC  CompilerVersion: 8.4.0
ProgramName: mri_info  ProgramArguments: mri_info -all-info  ProgramVersion: 7.3.2  TimeStamp: 2026/03/14-11:25:34-GMT  BuildTime: Aug  4 2022 06:17:15  BuildStamp: freesurfer-linux-ubuntu22_x86_64-7.3.2-20220804-6354275  User: oesteban  Machine: dna076  Platform: Linux  PlatformVersion: 5.14.0-427.37.1.el9_4.x86_64  CompilerName: GCC  CompilerVersion: 8.4.0
ProgramName: mri_label2label  ProgramArguments: mri_label2label -all-info  ProgramVersion: 7.3.2  TimeStamp: 2026/03/14-11:25:34-GMT  BuildTime: Aug  4 2022 06:17:15  BuildStamp: freesurfer-linux-ubuntu22_x86_64-7.3.2-20220804-6354275  User: oesteban  Machine: dna076  Platform: Linux  PlatformVersion: 5.14.0-427.37.1.el9_4.x86_64  CompilerName: GCC  CompilerVersion: 8.4.0
ProgramName: mri_label2vol  ProgramArguments: mri_label2vol -all-info  ProgramVersion: 7.3.2  TimeStamp: 2026/03/14-11:25:34-GMT  BuildTime: Aug  4 2022 06:17:15  BuildStamp: freesurfer-linux-ubuntu22_x86_64-7.3.2-20220804-6354275  User: oesteban  Machine: dna076  Platform: Linux  PlatformVersion: 5.14.0-427.37.1.el9_4.x86_64  CompilerName: GCC  CompilerVersion: 8.4.0
ProgramName: mri_log_likelihood  ProgramArguments: mri_log_likelihood -all-info  ProgramVersion: 7.3.2  TimeStamp: 2026/03/14-11:25:34-GMT  BuildTime: Aug  4 2022 06:17:15  BuildStamp: freesurfer-linux-ubuntu22_x86_64-7.3.2-20220804-6354275  User: oesteban  Machine: dna076  Platform: Linux  PlatformVersion: 5.14.0-427.37.1.el9_4.x86_64  CompilerName: GCC  CompilerVersion: 8.4.0
ProgramName: mri_mask  ProgramArguments: mri_mask -all-info  ProgramVersion: 7.3.2  TimeStamp: 2026/03/14-11:25:34-GMT  BuildTime: Aug  4 2022 06:17:15  BuildStamp: freesurfer-linux-ubuntu22_x86_64-7.3.2-20220804-6354275  User: oesteban  Machine: dna076  Platform: Linux  PlatformVersion: 5.14.0-427.37.1.el9_4.x86_64  CompilerName: GCC  CompilerVersion: 8.4.0
ProgramName: mri_matrix_multiply  ProgramArguments: mri_matrix_multiply -all-info  ProgramVersion: 7.3.2  TimeStamp: 2026/03/14-11:25:34-GMT  BuildTime: Aug  4 2022 06:17:15  BuildStamp: freesurfer-linux-ubuntu22_x86_64-7.3.2-20220804-6354275  User: oesteban  Machine: dna076  Platform: Linux  PlatformVersion: 5.14.0-427.37.1.el9_4.x86_64  CompilerName: GCC  CompilerVersion: 8.4.0
ProgramName: mri_normalize  ProgramArguments: mri_normalize -all-info  ProgramVersion: 7.3.2  TimeStamp: 2026/03/14-11:25:34-GMT  BuildTime: Aug  4 2022 06:17:15  BuildStamp: freesurfer-linux-ubuntu22_x86_64-7.3.2-20220804-6354275  User: oesteban  Machine: dna076  Platform: Linux  PlatformVersion: 5.14.0-427.37.1.el9_4.x86_64  CompilerName: GCC  CompilerVersion: 8.4.0
ProgramName: mri_normalize_tp2  ProgramArguments: mri_normalize_tp2 -all-info  ProgramVersion: 7.3.2  TimeStamp: 2026/03/14-11:25:34-GMT  BuildTime: Aug  4 2022 06:17:15  BuildStamp: freesurfer-linux-ubuntu22_x86_64-7.3.2-20220804-6354275  User: oesteban  Machine: dna076  Platform: Linux  PlatformVersion: 5.14.0-427.37.1.el9_4.x86_64  CompilerName: GCC  CompilerVersion: 8.4.0
ProgramName: mri_or  ProgramArguments: mri_or -all-info  ProgramVersion: 7.3.2  TimeStamp: 2026/03/14-11:25:34-GMT  BuildTime: Aug  4 2022 06:17:15  BuildStamp: freesurfer-linux-ubuntu22_x86_64-7.3.2-20220804-6354275  User: oesteban  Machine: dna076  Platform: Linux  PlatformVersion: 5.14.0-427.37.1.el9_4.x86_64  CompilerName: GCC  CompilerVersion: 8.4.0
ProgramName: mri_relabel_hypointensities  ProgramArguments: mri_relabel_hypointensities -all-info  ProgramVersion: 7.3.2  TimeStamp: 2026/03/14-11:25:34-GMT  BuildTime: Aug  4 2022 06:17:15  BuildStamp: freesurfer-linux-ubuntu22_x86_64-7.3.2-20220804-6354275  User: oesteban  Machine: dna076  Platform: Linux  PlatformVersion: 5.14.0-427.37.1.el9_4.x86_64  CompilerName: GCC  CompilerVersion: 8.4.0
ProgramName: mri_relabel_nonwm_hypos  ProgramArguments: mri_relabel_nonwm_hypos -all-info  ProgramVersion: 7.3.2  TimeStamp: 2026/03/14-11:25:34-GMT  BuildTime: Aug  4 2022 06:17:15  BuildStamp: freesurfer-linux-ubuntu22_x86_64-7.3.2-20220804-6354275  User: oesteban  Machine: dna076  Platform: Linux  PlatformVersion: 5.14.0-427.37.1.el9_4.x86_64  CompilerName: GCC  CompilerVersion: 8.4.0
ProgramName: mri_remove_neck  ProgramArguments: mri_remove_neck -all-info  ProgramVersion: 7.3.2  TimeStamp: 2026/03/14-11:25:34-GMT  BuildTime: Aug  4 2022 06:17:15  BuildStamp: freesurfer-linux-ubuntu22_x86_64-7.3.2-20220804-6354275  User: oesteban  Machine: dna076  Platform: Linux  PlatformVersion: 5.14.0-427.37.1.el9_4.x86_64  CompilerName: GCC  CompilerVersion: 8.4.0
7.3.2

ProgramName: mri_robust_register  ProgramArguments: mri_robust_register -all-info  ProgramVersion: 7.3.2  TimeStamp: 2026/03/14-11:25:34-GMT  BuildTime: Aug  4 2022 06:17:15  BuildStamp: freesurfer-linux-ubuntu22_x86_64-7.3.2-20220804-6354275  User: oesteban  Machine: dna076  Platform: Linux  PlatformVersion: 5.14.0-427.37.1.el9_4.x86_64  CompilerName: GCC  CompilerVersion: 8.4.0
7.3.2

ProgramName: mri_robust_template  ProgramArguments: mri_robust_template -all-info  ProgramVersion: 7.3.2  TimeStamp: 2026/03/14-11:25:34-GMT  BuildTime: Aug  4 2022 06:17:15  BuildStamp: freesurfer-linux-ubuntu22_x86_64-7.3.2-20220804-6354275  User: oesteban  Machine: dna076  Platform: Linux  PlatformVersion: 5.14.0-427.37.1.el9_4.x86_64  CompilerName: GCC  CompilerVersion: 8.4.0
ProgramName: mris_anatomical_stats  ProgramArguments: mris_anatomical_stats -all-info  ProgramVersion: 7.3.2  TimeStamp: 2026/03/14-11:25:34-GMT  BuildTime: Aug  4 2022 06:17:15  BuildStamp: freesurfer-linux-ubuntu22_x86_64-7.3.2-20220804-6354275  User: oesteban  Machine: dna076  Platform: Linux  PlatformVersion: 5.14.0-427.37.1.el9_4.x86_64  CompilerName: GCC  CompilerVersion: 8.4.0
ProgramName: mris_ca_label  ProgramArguments: mris_ca_label -all-info  ProgramVersion: 7.3.2  TimeStamp: 2026/03/14-11:25:34-GMT  BuildTime: Aug  4 2022 06:17:15  BuildStamp: freesurfer-linux-ubuntu22_x86_64-7.3.2-20220804-6354275  User: oesteban  Machine: dna076  Platform: Linux  PlatformVersion: 5.14.0-427.37.1.el9_4.x86_64  CompilerName: GCC  CompilerVersion: 8.4.0
ProgramName: mris_calc  ProgramArguments: mris_calc -all-info  ProgramVersion: 7.3.2  TimeStamp: 2026/03/14-11:25:34-GMT  BuildTime: Aug  4 2022 06:17:15  BuildStamp: freesurfer-linux-ubuntu22_x86_64-7.3.2-20220804-6354275  User: oesteban  Machine: dna076  Platform: Linux  PlatformVersion: 5.14.0-427.37.1.el9_4.x86_64  CompilerName: GCC  CompilerVersion: 8.4.0
ProgramName: mris_convert  ProgramArguments: mris_convert -all-info  ProgramVersion: 7.3.2  TimeStamp: 2026/03/14-11:25:34-GMT  BuildTime: Aug  4 2022 06:17:15  BuildStamp: freesurfer-linux-ubuntu22_x86_64-7.3.2-20220804-6354275  User: oesteban  Machine: dna076  Platform: Linux  PlatformVersion: 5.14.0-427.37.1.el9_4.x86_64  CompilerName: GCC  CompilerVersion: 8.4.0
ProgramName: mris_curvature  ProgramArguments: mris_curvature -all-info  ProgramVersion: 7.3.2  TimeStamp: 2026/03/14-11:25:34-GMT  BuildTime: Aug  4 2022 06:17:15  BuildStamp: freesurfer-linux-ubuntu22_x86_64-7.3.2-20220804-6354275  User: oesteban  Machine: dna076  Platform: Linux  PlatformVersion: 5.14.0-427.37.1.el9_4.x86_64  CompilerName: GCC  CompilerVersion: 8.4.0
ProgramName: mris_curvature_stats  ProgramArguments: mris_curvature_stats -all-info  ProgramVersion: 7.3.2  TimeStamp: 2026/03/14-11:25:34-GMT  BuildTime: Aug  4 2022 06:17:15  BuildStamp: freesurfer-linux-ubuntu22_x86_64-7.3.2-20220804-6354275  User: oesteban  Machine: dna076  Platform: Linux  PlatformVersion: 5.14.0-427.37.1.el9_4.x86_64  CompilerName: GCC  CompilerVersion: 8.4.0
ProgramName: mris_diff  ProgramArguments: mris_diff -all-info  ProgramVersion: 7.3.2  TimeStamp: 2026/03/14-11:25:34-GMT  BuildTime: Aug  4 2022 06:17:15  BuildStamp: freesurfer-linux-ubuntu22_x86_64-7.3.2-20220804-6354275  User: oesteban  Machine: dna076  Platform: Linux  PlatformVersion: 5.14.0-427.37.1.el9_4.x86_64  CompilerName: GCC  CompilerVersion: 8.4.0
ProgramName: mris_divide_parcellation  ProgramArguments: mris_divide_parcellation -all-info  ProgramVersion: 7.3.2  TimeStamp: 2026/03/14-11:25:34-GMT  BuildTime: Aug  4 2022 06:17:15  BuildStamp: freesurfer-linux-ubuntu22_x86_64-7.3.2-20220804-6354275  User: oesteban  Machine: dna076  Platform: Linux  PlatformVersion: 5.14.0-427.37.1.el9_4.x86_64  CompilerName: GCC  CompilerVersion: 8.4.0
ProgramName: mri_segment  ProgramArguments: mri_segment -all-info  ProgramVersion: 7.3.2  TimeStamp: 2026/03/14-11:25:34-GMT  BuildTime: Aug  4 2022 06:17:15  BuildStamp: freesurfer-linux-ubuntu22_x86_64-7.3.2-20220804-6354275  User: oesteban  Machine: dna076  Platform: Linux  PlatformVersion: 5.14.0-427.37.1.el9_4.x86_64  CompilerName: GCC  CompilerVersion: 8.4.0
ProgramName: mri_segstats  ProgramArguments: mri_segstats -all-info  ProgramVersion: 7.3.2  TimeStamp: 2026/03/14-11:25:34-GMT  BuildTime: Aug  4 2022 06:17:15  BuildStamp: freesurfer-linux-ubuntu22_x86_64-7.3.2-20220804-6354275  User: oesteban  Machine: dna076  Platform: Linux  PlatformVersion: 5.14.0-427.37.1.el9_4.x86_64  CompilerName: GCC  CompilerVersion: 8.4.0
ProgramName: mris_euler_number  ProgramArguments: mris_euler_number -all-info  ProgramVersion: 7.3.2  TimeStamp: 2026/03/14-11:25:34-GMT  BuildTime: Aug  4 2022 06:17:15  BuildStamp: freesurfer-linux-ubuntu22_x86_64-7.3.2-20220804-6354275  User: oesteban  Machine: dna076  Platform: Linux  PlatformVersion: 5.14.0-427.37.1.el9_4.x86_64  CompilerName: GCC  CompilerVersion: 8.4.0
ProgramName: mris_fix_topology  ProgramArguments: mris_fix_topology -all-info  ProgramVersion: 7.3.2  TimeStamp: 2026/03/14-11:25:34-GMT  BuildTime: Aug  4 2022 06:17:15  BuildStamp: freesurfer-linux-ubuntu22_x86_64-7.3.2-20220804-6354275  User: oesteban  Machine: dna076  Platform: Linux  PlatformVersion: 5.14.0-427.37.1.el9_4.x86_64  CompilerName: GCC  CompilerVersion: 8.4.0
ProgramName: mris_topo_fixer  ProgramArguments: mris_topo_fixer -all-info  ProgramVersion: 7.3.2  TimeStamp: 2026/03/14-11:25:34-GMT  BuildTime: Aug  4 2022 06:17:15  BuildStamp: freesurfer-linux-ubuntu22_x86_64-7.3.2-20220804-6354275  User: oesteban  Machine: dna076  Platform: Linux  PlatformVersion: 5.14.0-427.37.1.el9_4.x86_64  CompilerName: GCC  CompilerVersion: 8.4.0
ProgramName: mris_jacobian  ProgramArguments: mris_jacobian -all-info  ProgramVersion: 7.3.2  TimeStamp: 2026/03/14-11:25:34-GMT  BuildTime: Aug  4 2022 06:17:15  BuildStamp: freesurfer-linux-ubuntu22_x86_64-7.3.2-20220804-6354275  User: oesteban  Machine: dna076  Platform: Linux  PlatformVersion: 5.14.0-427.37.1.el9_4.x86_64  CompilerName: GCC  CompilerVersion: 8.4.0
ProgramName: mris_label2annot  ProgramArguments: mris_label2annot -all-info  ProgramVersion: 7.3.2  TimeStamp: 2026/03/14-11:25:34-GMT  BuildTime: Aug  4 2022 06:17:15  BuildStamp: freesurfer-linux-ubuntu22_x86_64-7.3.2-20220804-6354275  User: oesteban  Machine: dna076  Platform: Linux  PlatformVersion: 5.14.0-427.37.1.el9_4.x86_64  CompilerName: GCC  CompilerVersion: 8.4.0
ProgramName: mris_left_right_register  ProgramArguments: mris_left_right_register -all-info  ProgramVersion: 7.3.2  TimeStamp: 2026/03/14-11:25:34-GMT  BuildTime: Aug  4 2022 06:17:15  BuildStamp: freesurfer-linux-ubuntu22_x86_64-7.3.2-20220804-6354275  User: oesteban  Machine: dna076  Platform: Linux  PlatformVersion: 5.14.0-427.37.1.el9_4.x86_64  CompilerName: GCC  CompilerVersion: 8.4.0
ProgramName: mris_place_surface  ProgramArguments: mris_place_surface -all-info  ProgramVersion: 7.3.2  TimeStamp: 2026/03/14-11:25:34-GMT  BuildTime: Aug  4 2022 06:17:15  BuildStamp: freesurfer-linux-ubuntu22_x86_64-7.3.2-20220804-6354275  User: oesteban  Machine: dna076  Platform: Linux  PlatformVersion: 5.14.0-427.37.1.el9_4.x86_64  CompilerName: GCC  CompilerVersion: 8.4.0
ProgramName: mrisp_paint  ProgramArguments: mrisp_paint -all-info  ProgramVersion: 7.3.2  TimeStamp: 2026/03/14-11:25:34-GMT  BuildTime: Aug  4 2022 06:17:15  BuildStamp: freesurfer-linux-ubuntu22_x86_64-7.3.2-20220804-6354275  User: oesteban  Machine: dna076  Platform: Linux  PlatformVersion: 5.14.0-427.37.1.el9_4.x86_64  CompilerName: GCC  CompilerVersion: 8.4.0
ProgramName: mris_register  ProgramArguments: mris_register -all-info  ProgramVersion: 7.3.2  TimeStamp: 2026/03/14-11:25:34-GMT  BuildTime: Aug  4 2022 06:17:15  BuildStamp: freesurfer-linux-ubuntu22_x86_64-7.3.2-20220804-6354275  User: oesteban  Machine: dna076  Platform: Linux  PlatformVersion: 5.14.0-427.37.1.el9_4.x86_64  CompilerName: GCC  CompilerVersion: 8.4.0
ProgramName: mris_smooth  ProgramArguments: mris_smooth -all-info  ProgramVersion: 7.3.2  TimeStamp: 2026/03/14-11:25:34-GMT  BuildTime: Aug  4 2022 06:17:15  BuildStamp: freesurfer-linux-ubuntu22_x86_64-7.3.2-20220804-6354275  User: oesteban  Machine: dna076  Platform: Linux  PlatformVersion: 5.14.0-427.37.1.el9_4.x86_64  CompilerName: GCC  CompilerVersion: 8.4.0
ProgramName: mris_sphere  ProgramArguments: mris_sphere -all-info  ProgramVersion: 7.3.2  TimeStamp: 2026/03/14-11:25:34-GMT  BuildTime: Aug  4 2022 06:17:15  BuildStamp: freesurfer-linux-ubuntu22_x86_64-7.3.2-20220804-6354275  User: oesteban  Machine: dna076  Platform: Linux  PlatformVersion: 5.14.0-427.37.1.el9_4.x86_64  CompilerName: GCC  CompilerVersion: 8.4.0
ProgramName: mris_surface_stats  ProgramArguments: mris_surface_stats -all-info  ProgramVersion: 7.3.2  TimeStamp: 2026/03/14-11:25:34-GMT  BuildTime: Aug  4 2022 06:17:15  BuildStamp: freesurfer-linux-ubuntu22_x86_64-7.3.2-20220804-6354275  User: oesteban  Machine: dna076  Platform: Linux  PlatformVersion: 5.14.0-427.37.1.el9_4.x86_64  CompilerName: GCC  CompilerVersion: 8.4.0
ProgramName: mri_stats2seg  ProgramArguments: mri_stats2seg -all-info  ProgramVersion: 7.3.2  TimeStamp: 2026/03/14-11:25:34-GMT  BuildTime: Aug  4 2022 06:17:15  BuildStamp: freesurfer-linux-ubuntu22_x86_64-7.3.2-20220804-6354275  User: oesteban  Machine: dna076  Platform: Linux  PlatformVersion: 5.14.0-427.37.1.el9_4.x86_64  CompilerName: GCC  CompilerVersion: 8.4.0
ProgramName: mris_thickness  ProgramArguments: mris_thickness -all-info  ProgramVersion: 7.3.2  TimeStamp: 2026/03/14-11:25:34-GMT  BuildTime: Aug  4 2022 06:17:15  BuildStamp: freesurfer-linux-ubuntu22_x86_64-7.3.2-20220804-6354275  User: oesteban  Machine: dna076  Platform: Linux  PlatformVersion: 5.14.0-427.37.1.el9_4.x86_64  CompilerName: GCC  CompilerVersion: 8.4.0
ProgramName: mris_thickness_diff  ProgramArguments: mris_thickness_diff -all-info  ProgramVersion: 7.3.2  TimeStamp: 2026/03/14-11:25:34-GMT  BuildTime: Aug  4 2022 06:17:15  BuildStamp: freesurfer-linux-ubuntu22_x86_64-7.3.2-20220804-6354275  User: oesteban  Machine: dna076  Platform: Linux  PlatformVersion: 5.14.0-427.37.1.el9_4.x86_64  CompilerName: GCC  CompilerVersion: 8.4.0
ProgramName: mris_topo_fixer  ProgramArguments: mris_topo_fixer -all-info  ProgramVersion: 7.3.2  TimeStamp: 2026/03/14-11:25:34-GMT  BuildTime: Aug  4 2022 06:17:15  BuildStamp: freesurfer-linux-ubuntu22_x86_64-7.3.2-20220804-6354275  User: oesteban  Machine: dna076  Platform: Linux  PlatformVersion: 5.14.0-427.37.1.el9_4.x86_64  CompilerName: GCC  CompilerVersion: 8.4.0
ProgramName: mri_surf2surf  ProgramArguments: mri_surf2surf -all-info  ProgramVersion: 7.3.2  TimeStamp: 2026/03/14-11:25:34-GMT  BuildTime: Aug  4 2022 06:17:15  BuildStamp: freesurfer-linux-ubuntu22_x86_64-7.3.2-20220804-6354275  User: oesteban  Machine: dna076  Platform: Linux  PlatformVersion: 5.14.0-427.37.1.el9_4.x86_64  CompilerName: GCC  CompilerVersion: 8.4.0
ProgramName: mri_surf2vol  ProgramArguments: mri_surf2vol -all-info  ProgramVersion: 7.3.2  TimeStamp: 2026/03/14-11:25:34-GMT  BuildTime: Aug  4 2022 06:17:15  BuildStamp: freesurfer-linux-ubuntu22_x86_64-7.3.2-20220804-6354275  User: oesteban  Machine: dna076  Platform: Linux  PlatformVersion: 5.14.0-427.37.1.el9_4.x86_64  CompilerName: GCC  CompilerVersion: 8.4.0
ProgramName: mri_surfcluster  ProgramArguments: mri_surfcluster -all-info  ProgramVersion: 7.3.2  TimeStamp: 2026/03/14-11:25:34-GMT  BuildTime: Aug  4 2022 06:17:15  BuildStamp: freesurfer-linux-ubuntu22_x86_64-7.3.2-20220804-6354275  User: oesteban  Machine: dna076  Platform: Linux  PlatformVersion: 5.14.0-427.37.1.el9_4.x86_64  CompilerName: GCC  CompilerVersion: 8.4.0
ProgramName: mris_volmask  ProgramArguments: mris_volmask -all-info  ProgramVersion: 7.3.2  TimeStamp: 2026/03/14-11:25:34-GMT  BuildTime: Aug  4 2022 06:17:15  BuildStamp: freesurfer-linux-ubuntu22_x86_64-7.3.2-20220804-6354275  User: oesteban  Machine: dna076  Platform: Linux  PlatformVersion: 5.14.0-427.37.1.el9_4.x86_64  CompilerName: GCC  CompilerVersion: 8.4.0
ProgramName: mri_tessellate  ProgramArguments: mri_tessellate -all-info  ProgramVersion: 7.3.2  TimeStamp: 2026/03/14-11:25:34-GMT  BuildTime: Aug  4 2022 06:17:15  BuildStamp: freesurfer-linux-ubuntu22_x86_64-7.3.2-20220804-6354275  User: oesteban  Machine: dna076  Platform: Linux  PlatformVersion: 5.14.0-427.37.1.el9_4.x86_64  CompilerName: GCC  CompilerVersion: 8.4.0
ProgramName: mri_vol2surf  ProgramArguments: mri_vol2surf -all-info  ProgramVersion: 7.3.2  TimeStamp: 2026/03/14-11:25:34-GMT  BuildTime: Aug  4 2022 06:17:15  BuildStamp: freesurfer-linux-ubuntu22_x86_64-7.3.2-20220804-6354275  User: oesteban  Machine: dna076  Platform: Linux  PlatformVersion: 5.14.0-427.37.1.el9_4.x86_64  CompilerName: GCC  CompilerVersion: 8.4.0
ProgramName: mri_vol2vol  ProgramArguments: mri_vol2vol -all-info  ProgramVersion: 7.3.2  TimeStamp: 2026/03/14-11:25:34-GMT  BuildTime: Aug  4 2022 06:17:15  BuildStamp: freesurfer-linux-ubuntu22_x86_64-7.3.2-20220804-6354275  User: oesteban  Machine: dna076  Platform: Linux  PlatformVersion: 5.14.0-427.37.1.el9_4.x86_64  CompilerName: GCC  CompilerVersion: 8.4.0
ProgramName: mri_voldiff  ProgramArguments: mri_voldiff -all-info  ProgramVersion: 7.3.2  TimeStamp: 2026/03/14-11:25:34-GMT  BuildTime: Aug  4 2022 06:17:15  BuildStamp: freesurfer-linux-ubuntu22_x86_64-7.3.2-20220804-6354275  User: oesteban  Machine: dna076  Platform: Linux  PlatformVersion: 5.14.0-427.37.1.el9_4.x86_64  CompilerName: GCC  CompilerVersion: 8.4.0
ProgramName: mri_watershed  ProgramArguments: mri_watershed -all-info  ProgramVersion: 7.3.2  TimeStamp: 2026/03/14-11:25:34-GMT  BuildTime: Aug  4 2022 06:17:15  BuildStamp: freesurfer-linux-ubuntu22_x86_64-7.3.2-20220804-6354275  User: oesteban  Machine: dna076  Platform: Linux  PlatformVersion: 5.14.0-427.37.1.el9_4.x86_64  CompilerName: GCC  CompilerVersion: 8.4.0
ProgramName: tkregister2  ProgramArguments: tkregister2_cmdl -all-info  ProgramVersion: 7.3.2  TimeStamp: 2026/03/14-11:25:34-GMT  BuildTime: Aug  4 2022 06:17:15  BuildStamp: freesurfer-linux-ubuntu22_x86_64-7.3.2-20220804-6354275  User: oesteban  Machine: dna076  Platform: Linux  PlatformVersion: 5.14.0-427.37.1.el9_4.x86_64  CompilerName: GCC  CompilerVersion: 8.4.0
mri_motion_correct.fsl 7.3.2
mri_convert -all-info 
ProgramName: mri_convert  ProgramArguments: mri_convert -all-info  ProgramVersion: 7.3.2  TimeStamp: 2026/03/14-11:25:34-GMT  BuildTime: Aug  4 2022 06:17:15  BuildStamp: freesurfer-linux-ubuntu22_x86_64-7.3.2-20220804-6354275  User: oesteban  Machine: dna076  Platform: Linux  PlatformVersion: 5.14.0-427.37.1.el9_4.x86_64  CompilerName: GCC  CompilerVersion: 8.4.0
Program nu_correct, built from:
Package MNI N3, version 1.12.0, compiled by nicks@terrier (x86_64-unknown-linux-gnu) on 2015-06-19 at 01:25:34
#######################################
GCADIR /opt/freesurfer/average
GCA RB_all_2020-01-02.gca
GCASkull RB_all_withskull_2020_01_02.gca
AvgCurvTif folding.atlas.acfb40.noaparc.i12.2016-08-02.tif
GCSDIR /opt/freesurfer/average
GCS DKaparc.atlas.acfb40.noaparc.i12.2016-08-02.gcs
#######################################
#@# white curv lh Sat Mar 14 12:25:35 CET 2026
cd /out/sourcedata/freesurfer/sub-v2s9x29165_ses-1/mri
mris_place_surface --curv-map ../surf/lh.white 2 10 ../surf/lh.curv
   Update not needed
#@# white area lh Sat Mar 14 12:25:35 CET 2026
cd /out/sourcedata/freesurfer/sub-v2s9x29165_ses-1/mri
mris_place_surface --area-map ../surf/lh.white ../surf/lh.area
   Update not needed
#@# pial curv lh Sat Mar 14 12:25:35 CET 2026
cd /out/sourcedata/freesurfer/sub-v2s9x29165_ses-1/mri
mris_place_surface --curv-map ../surf/lh.pial 2 10 ../surf/lh.curv.pial
   Update not needed
#@# pial area lh Sat Mar 14 12:25:35 CET 2026
cd /out/sourcedata/freesurfer/sub-v2s9x29165_ses-1/mri
mris_place_surface --area-map ../surf/lh.pial ../surf/lh.area.pial
   Update not needed
#@# thickness lh Sat Mar 14 12:25:35 CET 2026
cd /out/sourcedata/freesurfer/sub-v2s9x29165_ses-1/mri
mris_place_surface --thickness ../surf/lh.white ../surf/lh.pial 20 5 ../surf/lh.thickness
   Update not needed
#@# area and vertex vol lh Sat Mar 14 12:25:35 CET 2026
cd /out/sourcedata/freesurfer/sub-v2s9x29165_ses-1/mri
mris_place_surface --thickness ../surf/lh.white ../surf/lh.pial 20 5 ../surf/lh.thickness
   Update not needed
#@# white curv rh Sat Mar 14 12:25:35 CET 2026
cd /out/sourcedata/freesurfer/sub-v2s9x29165_ses-1/mri
mris_place_surface --curv-map ../surf/rh.white 2 10 ../surf/rh.curv
   Update not needed
#@# white area rh Sat Mar 14 12:25:35 CET 2026
cd /out/sourcedata/freesurfer/sub-v2s9x29165_ses-1/mri
mris_place_surface --area-map ../surf/rh.white ../surf/rh.area
   Update not needed
#@# pial curv rh Sat Mar 14 12:25:35 CET 2026
cd /out/sourcedata/freesurfer/sub-v2s9x29165_ses-1/mri
mris_place_surface --curv-map ../surf/rh.pial 2 10 ../surf/rh.curv.pial
   Update not needed
#@# pial area rh Sat Mar 14 12:25:35 CET 2026
cd /out/sourcedata/freesurfer/sub-v2s9x29165_ses-1/mri
mris_place_surface --area-map ../surf/rh.pial ../surf/rh.area.pial
   Update not needed
#@# thickness rh Sat Mar 14 12:25:35 CET 2026
cd /out/sourcedata/freesurfer/sub-v2s9x29165_ses-1/mri
mris_place_surface --thickness ../surf/rh.white ../surf/rh.pial 20 5 ../surf/rh.thickness
   Update not needed
#@# area and vertex vol rh Sat Mar 14 12:25:35 CET 2026
cd /out/sourcedata/freesurfer/sub-v2s9x29165_ses-1/mri
mris_place_surface --thickness ../surf/rh.white ../surf/rh.pial 20 5 ../surf/rh.thickness
   Update not needed
#--------------------------------------------
#@# Cortical ribbon mask Sat Mar 14 12:25:35 CET 2026
/out/sourcedata/freesurfer/sub-v2s9x29165_ses-1/mri

 mris_volmask --aseg_name aseg.presurf --label_left_white 2 --label_left_ribbon 3 --label_right_white 41 --label_right_ribbon 42 --save_ribbon sub-v2s9x29165_ses-1 

SUBJECTS_DIR is /out/sourcedata/freesurfer
loading input data...
Running hemis serially
Processing left hemi
computing distance to left white surface 
computing distance to left pial surface 
Processing right hemi
computing distance to right white surface 
computing distance to right pial surface 
 hemi masks overlap voxels = 193
writing volume /out/sourcedata/freesurfer/sub-v2s9x29165_ses-1/mri/ribbon.mgz
mris_volmask took 3.88 minutes
 writing ribbon files

Started at Sat Mar 14 12:25:34 CET 2026 
Ended   at Sat Mar 14 12:29:27 CET 2026
#@#%# recon-all-run-time-hours 0.065
recon-all -s sub-v2s9x29165_ses-1 finished without error at Sat Mar 14 12:29:27 CET 2026



#New# invocation of recon-all 




Sat Mar 14 12:34:02 CET 2026
cd /out/sourcedata/freesurfer/sub-v2s9x29165_ses-1
setenv SUBJECTS_DIR /out/sourcedata/freesurfer
/opt/freesurfer/bin/recon-all -autorecon3 -openmp 16 -subjid sub-v2s9x29165_ses-1 -sd /out/sourcedata/freesurfer -nosphere -nosurfreg -nojacobian_white -noavgcurv -nocortparc -nopial -noparcstats -nocortparc2 -noparcstats2 -nocortparc3 -noparcstats3 -nopctsurfcon -nocortribbon -nobalabels

subjid sub-v2s9x29165_ses-1
setenv SUBJECTS_DIR /out/sourcedata/freesurfer
FREESURFER_HOME /opt/freesurfer
Actual FREESURFER_HOME /opt/freesurfer
build-stamp.txt: freesurfer-linux-ubuntu22_x86_64-7.3.2-20220804-6354275
Linux dna076 5.14.0-427.37.1.el9_4.x86_64 #1 SMP PREEMPT_DYNAMIC Fri Sep 13 12:41:50 EDT 2024 x86_64 x86_64 x86_64 GNU/Linux
cputime      unlimited
filesize     unlimited
datasize     unlimited
stacksize    8192 kbytes
coredumpsize 0 kbytes
memoryuse    67108864 kbytes
vmemoryuse   unlimited
descriptors  1024 
memorylocked unlimited
maxproc      2061970 
maxlocks     unlimited
maxsignal    2062029 
maxmessage   819200 
maxnice      0 
maxrtprio    0 
maxrttime    unlimited

               total        used        free      shared  buff/cache   available
Mem:           503Gi        47Gi        39Gi       9.2Gi       417Gi       443Gi
Swap:             0B          0B          0B

########################################
program versions used
7.3.2 (freesurfer-linux-ubuntu22_x86_64-7.3.2-20220804-6354275)
7.3.2

ProgramName: lta_convert  ProgramArguments: lta_convert -all-info  ProgramVersion: 7.3.2  TimeStamp: 2026/03/14-11:34:02-GMT  BuildTime: Aug  4 2022 06:17:15  BuildStamp: freesurfer-linux-ubuntu22_x86_64-7.3.2-20220804-6354275  User: oesteban  Machine: dna076  Platform: Linux  PlatformVersion: 5.14.0-427.37.1.el9_4.x86_64  CompilerName: GCC  CompilerVersion: 8.4.0
ProgramName: mri_and  ProgramArguments: mri_and -all-info  ProgramVersion: 7.3.2  TimeStamp: 2026/03/14-11:34:02-GMT  BuildTime: Aug  4 2022 06:17:15  BuildStamp: freesurfer-linux-ubuntu22_x86_64-7.3.2-20220804-6354275  User: oesteban  Machine: dna076  Platform: Linux  PlatformVersion: 5.14.0-427.37.1.el9_4.x86_64  CompilerName: GCC  CompilerVersion: 8.4.0
ProgramName: mri_annotation2label  ProgramArguments: mri_annotation2label -all-info  ProgramVersion: 7.3.2  TimeStamp: 2026/03/14-11:34:02-GMT  BuildTime: Aug  4 2022 06:17:15  BuildStamp: freesurfer-linux-ubuntu22_x86_64-7.3.2-20220804-6354275  User: oesteban  Machine: dna076  Platform: Linux  PlatformVersion: 5.14.0-427.37.1.el9_4.x86_64  CompilerName: GCC  CompilerVersion: 8.4.0
ProgramName: mri_aparc2aseg  ProgramArguments: mri_aparc2aseg -all-info  ProgramVersion: 7.3.2  TimeStamp: 2026/03/14-11:34:02-GMT  BuildTime: Aug  4 2022 06:17:15  BuildStamp: freesurfer-linux-ubuntu22_x86_64-7.3.2-20220804-6354275  User: oesteban  Machine: dna076  Platform: Linux  PlatformVersion: 5.14.0-427.37.1.el9_4.x86_64  CompilerName: GCC  CompilerVersion: 8.4.0
ProgramName: mri_surf2volseg  ProgramArguments: mri_surf2volseg -all-info  ProgramVersion: 7.3.2  TimeStamp: 2026/03/14-11:34:02-GMT  BuildTime: Aug  4 2022 06:17:15  BuildStamp: freesurfer-linux-ubuntu22_x86_64-7.3.2-20220804-6354275  User: oesteban  Machine: dna076  Platform: Linux  PlatformVersion: 5.14.0-427.37.1.el9_4.x86_64  CompilerName: GCC  CompilerVersion: 8.4.0
ProgramName: mri_binarize  ProgramArguments: mri_binarize -all-info  ProgramVersion: 7.3.2  TimeStamp: 2026/03/14-11:34:02-GMT  BuildTime: Aug  4 2022 06:17:15  BuildStamp: freesurfer-linux-ubuntu22_x86_64-7.3.2-20220804-6354275  User: oesteban  Machine: dna076  Platform: Linux  PlatformVersion: 5.14.0-427.37.1.el9_4.x86_64  CompilerName: GCC  CompilerVersion: 8.4.0
ProgramName: mri_ca_label  ProgramArguments: mri_ca_label -all-info  ProgramVersion: 7.3.2  TimeStamp: 2026/03/14-11:34:02-GMT  BuildTime: Aug  4 2022 06:17:15  BuildStamp: freesurfer-linux-ubuntu22_x86_64-7.3.2-20220804-6354275  User: oesteban  Machine: dna076  Platform: Linux  PlatformVersion: 5.14.0-427.37.1.el9_4.x86_64  CompilerName: GCC  CompilerVersion: 8.4.0
ProgramName: mri_ca_normalize  ProgramArguments: mri_ca_normalize -all-info  ProgramVersion: 7.3.2  TimeStamp: 2026/03/14-11:34:02-GMT  BuildTime: Aug  4 2022 06:17:15  BuildStamp: freesurfer-linux-ubuntu22_x86_64-7.3.2-20220804-6354275  User: oesteban  Machine: dna076  Platform: Linux  PlatformVersion: 5.14.0-427.37.1.el9_4.x86_64  CompilerName: GCC  CompilerVersion: 8.4.0
ProgramName: mri_ca_register  ProgramArguments: mri_ca_register -all-info  ProgramVersion: 7.3.2  TimeStamp: 2026/03/14-11:34:02-GMT  BuildTime: Aug  4 2022 06:17:15  BuildStamp: freesurfer-linux-ubuntu22_x86_64-7.3.2-20220804-6354275  User: oesteban  Machine: dna076  Platform: Linux  PlatformVersion: 5.14.0-427.37.1.el9_4.x86_64  CompilerName: GCC  CompilerVersion: 8.4.0
ProgramName: mri_cc  ProgramArguments: mri_cc -all-info  ProgramVersion: 7.3.2  TimeStamp: 2026/03/14-11:34:02-GMT  BuildTime: Aug  4 2022 06:17:15  BuildStamp: freesurfer-linux-ubuntu22_x86_64-7.3.2-20220804-6354275  User: oesteban  Machine: dna076  Platform: Linux  PlatformVersion: 5.14.0-427.37.1.el9_4.x86_64  CompilerName: GCC  CompilerVersion: 8.4.0
ProgramName: mri_compute_overlap  ProgramArguments: mri_compute_overlap -all-info  ProgramVersion: 7.3.2  TimeStamp: 2026/03/14-11:34:02-GMT  BuildTime: Aug  4 2022 06:17:15  BuildStamp: freesurfer-linux-ubuntu22_x86_64-7.3.2-20220804-6354275  User: oesteban  Machine: dna076  Platform: Linux  PlatformVersion: 5.14.0-427.37.1.el9_4.x86_64  CompilerName: GCC  CompilerVersion: 8.4.0
ProgramName: mri_compute_seg_overlap  ProgramArguments: mri_compute_seg_overlap -all-info  ProgramVersion: 7.3.2  TimeStamp: 2026/03/14-11:34:02-GMT  BuildTime: Aug  4 2022 06:17:15  BuildStamp: freesurfer-linux-ubuntu22_x86_64-7.3.2-20220804-6354275  User: oesteban  Machine: dna076  Platform: Linux  PlatformVersion: 5.14.0-427.37.1.el9_4.x86_64  CompilerName: GCC  CompilerVersion: 8.4.0
ProgramName: mri_concat  ProgramArguments: mri_concat -all-info  ProgramVersion: 7.3.2  TimeStamp: 2026/03/14-11:34:02-GMT  BuildTime: Aug  4 2022 06:17:15  BuildStamp: freesurfer-linux-ubuntu22_x86_64-7.3.2-20220804-6354275  User: oesteban  Machine: dna076  Platform: Linux  PlatformVersion: 5.14.0-427.37.1.el9_4.x86_64  CompilerName: GCC  CompilerVersion: 8.4.0
ProgramName: mri_concatenate_lta  ProgramArguments: mri_concatenate_lta -all-info  ProgramVersion: 7.3.2  TimeStamp: 2026/03/14-11:34:02-GMT  BuildTime: Aug  4 2022 06:17:15  BuildStamp: freesurfer-linux-ubuntu22_x86_64-7.3.2-20220804-6354275  User: oesteban  Machine: dna076  Platform: Linux  PlatformVersion: 5.14.0-427.37.1.el9_4.x86_64  CompilerName: GCC  CompilerVersion: 8.4.0
mri_convert -all-info 
ProgramName: mri_convert  ProgramArguments: mri_convert -all-info  ProgramVersion: 7.3.2  TimeStamp: 2026/03/14-11:34:02-GMT  BuildTime: Aug  4 2022 06:17:15  BuildStamp: freesurfer-linux-ubuntu22_x86_64-7.3.2-20220804-6354275  User: oesteban  Machine: dna076  Platform: Linux  PlatformVersion: 5.14.0-427.37.1.el9_4.x86_64  CompilerName: GCC  CompilerVersion: 8.4.0
ProgramName: mri_diff  ProgramArguments: mri_diff -all-info  ProgramVersion: 7.3.2  TimeStamp: 2026/03/14-11:34:02-GMT  BuildTime: Aug  4 2022 06:17:15  BuildStamp: freesurfer-linux-ubuntu22_x86_64-7.3.2-20220804-6354275  User: oesteban  Machine: dna076  Platform: Linux  PlatformVersion: 5.14.0-427.37.1.el9_4.x86_64  CompilerName: GCC  CompilerVersion: 8.4.0
ProgramName: mri_edit_wm_with_aseg  ProgramArguments: mri_edit_wm_with_aseg -all-info  ProgramVersion: 7.3.2  TimeStamp: 2026/03/14-11:34:02-GMT  BuildTime: Aug  4 2022 06:17:15  BuildStamp: freesurfer-linux-ubuntu22_x86_64-7.3.2-20220804-6354275  User: oesteban  Machine: dna076  Platform: Linux  PlatformVersion: 5.14.0-427.37.1.el9_4.x86_64  CompilerName: GCC  CompilerVersion: 8.4.0
ProgramName: mri_em_register  ProgramArguments: mri_em_register -all-info  ProgramVersion: 7.3.2  TimeStamp: 2026/03/14-11:34:02-GMT  BuildTime: Aug  4 2022 06:17:15  BuildStamp: freesurfer-linux-ubuntu22_x86_64-7.3.2-20220804-6354275  User: oesteban  Machine: dna076  Platform: Linux  PlatformVersion: 5.14.0-427.37.1.el9_4.x86_64  CompilerName: GCC  CompilerVersion: 8.4.0
ProgramName: mri_fill  ProgramArguments: mri_fill -all-info  ProgramVersion: 7.3.2  TimeStamp: 2026/03/14-11:34:02-GMT  BuildTime: Aug  4 2022 06:17:15  BuildStamp: freesurfer-linux-ubuntu22_x86_64-7.3.2-20220804-6354275  User: oesteban  Machine: dna076  Platform: Linux  PlatformVersion: 5.14.0-427.37.1.el9_4.x86_64  CompilerName: GCC  CompilerVersion: 8.4.0
ProgramName: mri_fuse_segmentations  ProgramArguments: mri_fuse_segmentations -all-info  ProgramVersion: 7.3.2  TimeStamp: 2026/03/14-11:34:02-GMT  BuildTime: Aug  4 2022 06:17:15  BuildStamp: freesurfer-linux-ubuntu22_x86_64-7.3.2-20220804-6354275  User: oesteban  Machine: dna076  Platform: Linux  PlatformVersion: 5.14.0-427.37.1.el9_4.x86_64  CompilerName: GCC  CompilerVersion: 8.4.0
ProgramName: mri_fwhm  ProgramArguments: mri_fwhm -all-info  ProgramVersion: 7.3.2  TimeStamp: 2026/03/14-11:34:02-GMT  BuildTime: Aug  4 2022 06:17:15  BuildStamp: freesurfer-linux-ubuntu22_x86_64-7.3.2-20220804-6354275  User: oesteban  Machine: dna076  Platform: Linux  PlatformVersion: 5.14.0-427.37.1.el9_4.x86_64  CompilerName: GCC  CompilerVersion: 8.4.0
ProgramName: mri_gcut  ProgramArguments: mri_gcut -all-info  ProgramVersion: 7.3.2  TimeStamp: 2026/03/14-11:34:02-GMT  BuildTime: Aug  4 2022 06:17:15  BuildStamp: freesurfer-linux-ubuntu22_x86_64-7.3.2-20220804-6354275  User: oesteban  Machine: dna076  Platform: Linux  PlatformVersion: 5.14.0-427.37.1.el9_4.x86_64  CompilerName: GCC  CompilerVersion: 8.4.0
ProgramName: mri_info  ProgramArguments: mri_info -all-info  ProgramVersion: 7.3.2  TimeStamp: 2026/03/14-11:34:02-GMT  BuildTime: Aug  4 2022 06:17:15  BuildStamp: freesurfer-linux-ubuntu22_x86_64-7.3.2-20220804-6354275  User: oesteban  Machine: dna076  Platform: Linux  PlatformVersion: 5.14.0-427.37.1.el9_4.x86_64  CompilerName: GCC  CompilerVersion: 8.4.0
ProgramName: mri_label2label  ProgramArguments: mri_label2label -all-info  ProgramVersion: 7.3.2  TimeStamp: 2026/03/14-11:34:02-GMT  BuildTime: Aug  4 2022 06:17:15  BuildStamp: freesurfer-linux-ubuntu22_x86_64-7.3.2-20220804-6354275  User: oesteban  Machine: dna076  Platform: Linux  PlatformVersion: 5.14.0-427.37.1.el9_4.x86_64  CompilerName: GCC  CompilerVersion: 8.4.0
ProgramName: mri_label2vol  ProgramArguments: mri_label2vol -all-info  ProgramVersion: 7.3.2  TimeStamp: 2026/03/14-11:34:02-GMT  BuildTime: Aug  4 2022 06:17:15  BuildStamp: freesurfer-linux-ubuntu22_x86_64-7.3.2-20220804-6354275  User: oesteban  Machine: dna076  Platform: Linux  PlatformVersion: 5.14.0-427.37.1.el9_4.x86_64  CompilerName: GCC  CompilerVersion: 8.4.0
ProgramName: mri_log_likelihood  ProgramArguments: mri_log_likelihood -all-info  ProgramVersion: 7.3.2  TimeStamp: 2026/03/14-11:34:02-GMT  BuildTime: Aug  4 2022 06:17:15  BuildStamp: freesurfer-linux-ubuntu22_x86_64-7.3.2-20220804-6354275  User: oesteban  Machine: dna076  Platform: Linux  PlatformVersion: 5.14.0-427.37.1.el9_4.x86_64  CompilerName: GCC  CompilerVersion: 8.4.0
ProgramName: mri_mask  ProgramArguments: mri_mask -all-info  ProgramVersion: 7.3.2  TimeStamp: 2026/03/14-11:34:02-GMT  BuildTime: Aug  4 2022 06:17:15  BuildStamp: freesurfer-linux-ubuntu22_x86_64-7.3.2-20220804-6354275  User: oesteban  Machine: dna076  Platform: Linux  PlatformVersion: 5.14.0-427.37.1.el9_4.x86_64  CompilerName: GCC  CompilerVersion: 8.4.0
ProgramName: mri_matrix_multiply  ProgramArguments: mri_matrix_multiply -all-info  ProgramVersion: 7.3.2  TimeStamp: 2026/03/14-11:34:02-GMT  BuildTime: Aug  4 2022 06:17:15  BuildStamp: freesurfer-linux-ubuntu22_x86_64-7.3.2-20220804-6354275  User: oesteban  Machine: dna076  Platform: Linux  PlatformVersion: 5.14.0-427.37.1.el9_4.x86_64  CompilerName: GCC  CompilerVersion: 8.4.0
ProgramName: mri_normalize  ProgramArguments: mri_normalize -all-info  ProgramVersion: 7.3.2  TimeStamp: 2026/03/14-11:34:02-GMT  BuildTime: Aug  4 2022 06:17:15  BuildStamp: freesurfer-linux-ubuntu22_x86_64-7.3.2-20220804-6354275  User: oesteban  Machine: dna076  Platform: Linux  PlatformVersion: 5.14.0-427.37.1.el9_4.x86_64  CompilerName: GCC  CompilerVersion: 8.4.0
ProgramName: mri_normalize_tp2  ProgramArguments: mri_normalize_tp2 -all-info  ProgramVersion: 7.3.2  TimeStamp: 2026/03/14-11:34:02-GMT  BuildTime: Aug  4 2022 06:17:15  BuildStamp: freesurfer-linux-ubuntu22_x86_64-7.3.2-20220804-6354275  User: oesteban  Machine: dna076  Platform: Linux  PlatformVersion: 5.14.0-427.37.1.el9_4.x86_64  CompilerName: GCC  CompilerVersion: 8.4.0
ProgramName: mri_or  ProgramArguments: mri_or -all-info  ProgramVersion: 7.3.2  TimeStamp: 2026/03/14-11:34:02-GMT  BuildTime: Aug  4 2022 06:17:15  BuildStamp: freesurfer-linux-ubuntu22_x86_64-7.3.2-20220804-6354275  User: oesteban  Machine: dna076  Platform: Linux  PlatformVersion: 5.14.0-427.37.1.el9_4.x86_64  CompilerName: GCC  CompilerVersion: 8.4.0
ProgramName: mri_relabel_hypointensities  ProgramArguments: mri_relabel_hypointensities -all-info  ProgramVersion: 7.3.2  TimeStamp: 2026/03/14-11:34:02-GMT  BuildTime: Aug  4 2022 06:17:15  BuildStamp: freesurfer-linux-ubuntu22_x86_64-7.3.2-20220804-6354275  User: oesteban  Machine: dna076  Platform: Linux  PlatformVersion: 5.14.0-427.37.1.el9_4.x86_64  CompilerName: GCC  CompilerVersion: 8.4.0
ProgramName: mri_relabel_nonwm_hypos  ProgramArguments: mri_relabel_nonwm_hypos -all-info  ProgramVersion: 7.3.2  TimeStamp: 2026/03/14-11:34:02-GMT  BuildTime: Aug  4 2022 06:17:15  BuildStamp: freesurfer-linux-ubuntu22_x86_64-7.3.2-20220804-6354275  User: oesteban  Machine: dna076  Platform: Linux  PlatformVersion: 5.14.0-427.37.1.el9_4.x86_64  CompilerName: GCC  CompilerVersion: 8.4.0
ProgramName: mri_remove_neck  ProgramArguments: mri_remove_neck -all-info  ProgramVersion: 7.3.2  TimeStamp: 2026/03/14-11:34:02-GMT  BuildTime: Aug  4 2022 06:17:15  BuildStamp: freesurfer-linux-ubuntu22_x86_64-7.3.2-20220804-6354275  User: oesteban  Machine: dna076  Platform: Linux  PlatformVersion: 5.14.0-427.37.1.el9_4.x86_64  CompilerName: GCC  CompilerVersion: 8.4.0
7.3.2

ProgramName: mri_robust_register  ProgramArguments: mri_robust_register -all-info  ProgramVersion: 7.3.2  TimeStamp: 2026/03/14-11:34:02-GMT  BuildTime: Aug  4 2022 06:17:15  BuildStamp: freesurfer-linux-ubuntu22_x86_64-7.3.2-20220804-6354275  User: oesteban  Machine: dna076  Platform: Linux  PlatformVersion: 5.14.0-427.37.1.el9_4.x86_64  CompilerName: GCC  CompilerVersion: 8.4.0
7.3.2

ProgramName: mri_robust_template  ProgramArguments: mri_robust_template -all-info  ProgramVersion: 7.3.2  TimeStamp: 2026/03/14-11:34:02-GMT  BuildTime: Aug  4 2022 06:17:15  BuildStamp: freesurfer-linux-ubuntu22_x86_64-7.3.2-20220804-6354275  User: oesteban  Machine: dna076  Platform: Linux  PlatformVersion: 5.14.0-427.37.1.el9_4.x86_64  CompilerName: GCC  CompilerVersion: 8.4.0
ProgramName: mris_anatomical_stats  ProgramArguments: mris_anatomical_stats -all-info  ProgramVersion: 7.3.2  TimeStamp: 2026/03/14-11:34:02-GMT  BuildTime: Aug  4 2022 06:17:15  BuildStamp: freesurfer-linux-ubuntu22_x86_64-7.3.2-20220804-6354275  User: oesteban  Machine: dna076  Platform: Linux  PlatformVersion: 5.14.0-427.37.1.el9_4.x86_64  CompilerName: GCC  CompilerVersion: 8.4.0
ProgramName: mris_ca_label  ProgramArguments: mris_ca_label -all-info  ProgramVersion: 7.3.2  TimeStamp: 2026/03/14-11:34:02-GMT  BuildTime: Aug  4 2022 06:17:15  BuildStamp: freesurfer-linux-ubuntu22_x86_64-7.3.2-20220804-6354275  User: oesteban  Machine: dna076  Platform: Linux  PlatformVersion: 5.14.0-427.37.1.el9_4.x86_64  CompilerName: GCC  CompilerVersion: 8.4.0
ProgramName: mris_calc  ProgramArguments: mris_calc -all-info  ProgramVersion: 7.3.2  TimeStamp: 2026/03/14-11:34:02-GMT  BuildTime: Aug  4 2022 06:17:15  BuildStamp: freesurfer-linux-ubuntu22_x86_64-7.3.2-20220804-6354275  User: oesteban  Machine: dna076  Platform: Linux  PlatformVersion: 5.14.0-427.37.1.el9_4.x86_64  CompilerName: GCC  CompilerVersion: 8.4.0
ProgramName: mris_convert  ProgramArguments: mris_convert -all-info  ProgramVersion: 7.3.2  TimeStamp: 2026/03/14-11:34:02-GMT  BuildTime: Aug  4 2022 06:17:15  BuildStamp: freesurfer-linux-ubuntu22_x86_64-7.3.2-20220804-6354275  User: oesteban  Machine: dna076  Platform: Linux  PlatformVersion: 5.14.0-427.37.1.el9_4.x86_64  CompilerName: GCC  CompilerVersion: 8.4.0
ProgramName: mris_curvature  ProgramArguments: mris_curvature -all-info  ProgramVersion: 7.3.2  TimeStamp: 2026/03/14-11:34:02-GMT  BuildTime: Aug  4 2022 06:17:15  BuildStamp: freesurfer-linux-ubuntu22_x86_64-7.3.2-20220804-6354275  User: oesteban  Machine: dna076  Platform: Linux  PlatformVersion: 5.14.0-427.37.1.el9_4.x86_64  CompilerName: GCC  CompilerVersion: 8.4.0
ProgramName: mris_curvature_stats  ProgramArguments: mris_curvature_stats -all-info  ProgramVersion: 7.3.2  TimeStamp: 2026/03/14-11:34:02-GMT  BuildTime: Aug  4 2022 06:17:15  BuildStamp: freesurfer-linux-ubuntu22_x86_64-7.3.2-20220804-6354275  User: oesteban  Machine: dna076  Platform: Linux  PlatformVersion: 5.14.0-427.37.1.el9_4.x86_64  CompilerName: GCC  CompilerVersion: 8.4.0
ProgramName: mris_diff  ProgramArguments: mris_diff -all-info  ProgramVersion: 7.3.2  TimeStamp: 2026/03/14-11:34:02-GMT  BuildTime: Aug  4 2022 06:17:15  BuildStamp: freesurfer-linux-ubuntu22_x86_64-7.3.2-20220804-6354275  User: oesteban  Machine: dna076  Platform: Linux  PlatformVersion: 5.14.0-427.37.1.el9_4.x86_64  CompilerName: GCC  CompilerVersion: 8.4.0
ProgramName: mris_divide_parcellation  ProgramArguments: mris_divide_parcellation -all-info  ProgramVersion: 7.3.2  TimeStamp: 2026/03/14-11:34:02-GMT  BuildTime: Aug  4 2022 06:17:15  BuildStamp: freesurfer-linux-ubuntu22_x86_64-7.3.2-20220804-6354275  User: oesteban  Machine: dna076  Platform: Linux  PlatformVersion: 5.14.0-427.37.1.el9_4.x86_64  CompilerName: GCC  CompilerVersion: 8.4.0
ProgramName: mri_segment  ProgramArguments: mri_segment -all-info  ProgramVersion: 7.3.2  TimeStamp: 2026/03/14-11:34:02-GMT  BuildTime: Aug  4 2022 06:17:15  BuildStamp: freesurfer-linux-ubuntu22_x86_64-7.3.2-20220804-6354275  User: oesteban  Machine: dna076  Platform: Linux  PlatformVersion: 5.14.0-427.37.1.el9_4.x86_64  CompilerName: GCC  CompilerVersion: 8.4.0
ProgramName: mri_segstats  ProgramArguments: mri_segstats -all-info  ProgramVersion: 7.3.2  TimeStamp: 2026/03/14-11:34:02-GMT  BuildTime: Aug  4 2022 06:17:15  BuildStamp: freesurfer-linux-ubuntu22_x86_64-7.3.2-20220804-6354275  User: oesteban  Machine: dna076  Platform: Linux  PlatformVersion: 5.14.0-427.37.1.el9_4.x86_64  CompilerName: GCC  CompilerVersion: 8.4.0
ProgramName: mris_euler_number  ProgramArguments: mris_euler_number -all-info  ProgramVersion: 7.3.2  TimeStamp: 2026/03/14-11:34:02-GMT  BuildTime: Aug  4 2022 06:17:15  BuildStamp: freesurfer-linux-ubuntu22_x86_64-7.3.2-20220804-6354275  User: oesteban  Machine: dna076  Platform: Linux  PlatformVersion: 5.14.0-427.37.1.el9_4.x86_64  CompilerName: GCC  CompilerVersion: 8.4.0
ProgramName: mris_fix_topology  ProgramArguments: mris_fix_topology -all-info  ProgramVersion: 7.3.2  TimeStamp: 2026/03/14-11:34:02-GMT  BuildTime: Aug  4 2022 06:17:15  BuildStamp: freesurfer-linux-ubuntu22_x86_64-7.3.2-20220804-6354275  User: oesteban  Machine: dna076  Platform: Linux  PlatformVersion: 5.14.0-427.37.1.el9_4.x86_64  CompilerName: GCC  CompilerVersion: 8.4.0
ProgramName: mris_topo_fixer  ProgramArguments: mris_topo_fixer -all-info  ProgramVersion: 7.3.2  TimeStamp: 2026/03/14-11:34:02-GMT  BuildTime: Aug  4 2022 06:17:15  BuildStamp: freesurfer-linux-ubuntu22_x86_64-7.3.2-20220804-6354275  User: oesteban  Machine: dna076  Platform: Linux  PlatformVersion: 5.14.0-427.37.1.el9_4.x86_64  CompilerName: GCC  CompilerVersion: 8.4.0
ProgramName: mris_jacobian  ProgramArguments: mris_jacobian -all-info  ProgramVersion: 7.3.2  TimeStamp: 2026/03/14-11:34:02-GMT  BuildTime: Aug  4 2022 06:17:15  BuildStamp: freesurfer-linux-ubuntu22_x86_64-7.3.2-20220804-6354275  User: oesteban  Machine: dna076  Platform: Linux  PlatformVersion: 5.14.0-427.37.1.el9_4.x86_64  CompilerName: GCC  CompilerVersion: 8.4.0
ProgramName: mris_label2annot  ProgramArguments: mris_label2annot -all-info  ProgramVersion: 7.3.2  TimeStamp: 2026/03/14-11:34:02-GMT  BuildTime: Aug  4 2022 06:17:15  BuildStamp: freesurfer-linux-ubuntu22_x86_64-7.3.2-20220804-6354275  User: oesteban  Machine: dna076  Platform: Linux  PlatformVersion: 5.14.0-427.37.1.el9_4.x86_64  CompilerName: GCC  CompilerVersion: 8.4.0
ProgramName: mris_left_right_register  ProgramArguments: mris_left_right_register -all-info  ProgramVersion: 7.3.2  TimeStamp: 2026/03/14-11:34:02-GMT  BuildTime: Aug  4 2022 06:17:15  BuildStamp: freesurfer-linux-ubuntu22_x86_64-7.3.2-20220804-6354275  User: oesteban  Machine: dna076  Platform: Linux  PlatformVersion: 5.14.0-427.37.1.el9_4.x86_64  CompilerName: GCC  CompilerVersion: 8.4.0
ProgramName: mris_place_surface  ProgramArguments: mris_place_surface -all-info  ProgramVersion: 7.3.2  TimeStamp: 2026/03/14-11:34:02-GMT  BuildTime: Aug  4 2022 06:17:15  BuildStamp: freesurfer-linux-ubuntu22_x86_64-7.3.2-20220804-6354275  User: oesteban  Machine: dna076  Platform: Linux  PlatformVersion: 5.14.0-427.37.1.el9_4.x86_64  CompilerName: GCC  CompilerVersion: 8.4.0
ProgramName: mrisp_paint  ProgramArguments: mrisp_paint -all-info  ProgramVersion: 7.3.2  TimeStamp: 2026/03/14-11:34:02-GMT  BuildTime: Aug  4 2022 06:17:15  BuildStamp: freesurfer-linux-ubuntu22_x86_64-7.3.2-20220804-6354275  User: oesteban  Machine: dna076  Platform: Linux  PlatformVersion: 5.14.0-427.37.1.el9_4.x86_64  CompilerName: GCC  CompilerVersion: 8.4.0
ProgramName: mris_register  ProgramArguments: mris_register -all-info  ProgramVersion: 7.3.2  TimeStamp: 2026/03/14-11:34:02-GMT  BuildTime: Aug  4 2022 06:17:15  BuildStamp: freesurfer-linux-ubuntu22_x86_64-7.3.2-20220804-6354275  User: oesteban  Machine: dna076  Platform: Linux  PlatformVersion: 5.14.0-427.37.1.el9_4.x86_64  CompilerName: GCC  CompilerVersion: 8.4.0
ProgramName: mris_smooth  ProgramArguments: mris_smooth -all-info  ProgramVersion: 7.3.2  TimeStamp: 2026/03/14-11:34:02-GMT  BuildTime: Aug  4 2022 06:17:15  BuildStamp: freesurfer-linux-ubuntu22_x86_64-7.3.2-20220804-6354275  User: oesteban  Machine: dna076  Platform: Linux  PlatformVersion: 5.14.0-427.37.1.el9_4.x86_64  CompilerName: GCC  CompilerVersion: 8.4.0
ProgramName: mris_sphere  ProgramArguments: mris_sphere -all-info  ProgramVersion: 7.3.2  TimeStamp: 2026/03/14-11:34:02-GMT  BuildTime: Aug  4 2022 06:17:15  BuildStamp: freesurfer-linux-ubuntu22_x86_64-7.3.2-20220804-6354275  User: oesteban  Machine: dna076  Platform: Linux  PlatformVersion: 5.14.0-427.37.1.el9_4.x86_64  CompilerName: GCC  CompilerVersion: 8.4.0
ProgramName: mris_surface_stats  ProgramArguments: mris_surface_stats -all-info  ProgramVersion: 7.3.2  TimeStamp: 2026/03/14-11:34:02-GMT  BuildTime: Aug  4 2022 06:17:15  BuildStamp: freesurfer-linux-ubuntu22_x86_64-7.3.2-20220804-6354275  User: oesteban  Machine: dna076  Platform: Linux  PlatformVersion: 5.14.0-427.37.1.el9_4.x86_64  CompilerName: GCC  CompilerVersion: 8.4.0
ProgramName: mri_stats2seg  ProgramArguments: mri_stats2seg -all-info  ProgramVersion: 7.3.2  TimeStamp: 2026/03/14-11:34:02-GMT  BuildTime: Aug  4 2022 06:17:15  BuildStamp: freesurfer-linux-ubuntu22_x86_64-7.3.2-20220804-6354275  User: oesteban  Machine: dna076  Platform: Linux  PlatformVersion: 5.14.0-427.37.1.el9_4.x86_64  CompilerName: GCC  CompilerVersion: 8.4.0
ProgramName: mris_thickness  ProgramArguments: mris_thickness -all-info  ProgramVersion: 7.3.2  TimeStamp: 2026/03/14-11:34:02-GMT  BuildTime: Aug  4 2022 06:17:15  BuildStamp: freesurfer-linux-ubuntu22_x86_64-7.3.2-20220804-6354275  User: oesteban  Machine: dna076  Platform: Linux  PlatformVersion: 5.14.0-427.37.1.el9_4.x86_64  CompilerName: GCC  CompilerVersion: 8.4.0
ProgramName: mris_thickness_diff  ProgramArguments: mris_thickness_diff -all-info  ProgramVersion: 7.3.2  TimeStamp: 2026/03/14-11:34:02-GMT  BuildTime: Aug  4 2022 06:17:15  BuildStamp: freesurfer-linux-ubuntu22_x86_64-7.3.2-20220804-6354275  User: oesteban  Machine: dna076  Platform: Linux  PlatformVersion: 5.14.0-427.37.1.el9_4.x86_64  CompilerName: GCC  CompilerVersion: 8.4.0
ProgramName: mris_topo_fixer  ProgramArguments: mris_topo_fixer -all-info  ProgramVersion: 7.3.2  TimeStamp: 2026/03/14-11:34:02-GMT  BuildTime: Aug  4 2022 06:17:15  BuildStamp: freesurfer-linux-ubuntu22_x86_64-7.3.2-20220804-6354275  User: oesteban  Machine: dna076  Platform: Linux  PlatformVersion: 5.14.0-427.37.1.el9_4.x86_64  CompilerName: GCC  CompilerVersion: 8.4.0
ProgramName: mri_surf2surf  ProgramArguments: mri_surf2surf -all-info  ProgramVersion: 7.3.2  TimeStamp: 2026/03/14-11:34:02-GMT  BuildTime: Aug  4 2022 06:17:15  BuildStamp: freesurfer-linux-ubuntu22_x86_64-7.3.2-20220804-6354275  User: oesteban  Machine: dna076  Platform: Linux  PlatformVersion: 5.14.0-427.37.1.el9_4.x86_64  CompilerName: GCC  CompilerVersion: 8.4.0
ProgramName: mri_surf2vol  ProgramArguments: mri_surf2vol -all-info  ProgramVersion: 7.3.2  TimeStamp: 2026/03/14-11:34:02-GMT  BuildTime: Aug  4 2022 06:17:15  BuildStamp: freesurfer-linux-ubuntu22_x86_64-7.3.2-20220804-6354275  User: oesteban  Machine: dna076  Platform: Linux  PlatformVersion: 5.14.0-427.37.1.el9_4.x86_64  CompilerName: GCC  CompilerVersion: 8.4.0
ProgramName: mri_surfcluster  ProgramArguments: mri_surfcluster -all-info  ProgramVersion: 7.3.2  TimeStamp: 2026/03/14-11:34:02-GMT  BuildTime: Aug  4 2022 06:17:15  BuildStamp: freesurfer-linux-ubuntu22_x86_64-7.3.2-20220804-6354275  User: oesteban  Machine: dna076  Platform: Linux  PlatformVersion: 5.14.0-427.37.1.el9_4.x86_64  CompilerName: GCC  CompilerVersion: 8.4.0
ProgramName: mris_volmask  ProgramArguments: mris_volmask -all-info  ProgramVersion: 7.3.2  TimeStamp: 2026/03/14-11:34:02-GMT  BuildTime: Aug  4 2022 06:17:15  BuildStamp: freesurfer-linux-ubuntu22_x86_64-7.3.2-20220804-6354275  User: oesteban  Machine: dna076  Platform: Linux  PlatformVersion: 5.14.0-427.37.1.el9_4.x86_64  CompilerName: GCC  CompilerVersion: 8.4.0
ProgramName: mri_tessellate  ProgramArguments: mri_tessellate -all-info  ProgramVersion: 7.3.2  TimeStamp: 2026/03/14-11:34:02-GMT  BuildTime: Aug  4 2022 06:17:15  BuildStamp: freesurfer-linux-ubuntu22_x86_64-7.3.2-20220804-6354275  User: oesteban  Machine: dna076  Platform: Linux  PlatformVersion: 5.14.0-427.37.1.el9_4.x86_64  CompilerName: GCC  CompilerVersion: 8.4.0
ProgramName: mri_vol2surf  ProgramArguments: mri_vol2surf -all-info  ProgramVersion: 7.3.2  TimeStamp: 2026/03/14-11:34:02-GMT  BuildTime: Aug  4 2022 06:17:15  BuildStamp: freesurfer-linux-ubuntu22_x86_64-7.3.2-20220804-6354275  User: oesteban  Machine: dna076  Platform: Linux  PlatformVersion: 5.14.0-427.37.1.el9_4.x86_64  CompilerName: GCC  CompilerVersion: 8.4.0
ProgramName: mri_vol2vol  ProgramArguments: mri_vol2vol -all-info  ProgramVersion: 7.3.2  TimeStamp: 2026/03/14-11:34:02-GMT  BuildTime: Aug  4 2022 06:17:15  BuildStamp: freesurfer-linux-ubuntu22_x86_64-7.3.2-20220804-6354275  User: oesteban  Machine: dna076  Platform: Linux  PlatformVersion: 5.14.0-427.37.1.el9_4.x86_64  CompilerName: GCC  CompilerVersion: 8.4.0
ProgramName: mri_voldiff  ProgramArguments: mri_voldiff -all-info  ProgramVersion: 7.3.2  TimeStamp: 2026/03/14-11:34:02-GMT  BuildTime: Aug  4 2022 06:17:15  BuildStamp: freesurfer-linux-ubuntu22_x86_64-7.3.2-20220804-6354275  User: oesteban  Machine: dna076  Platform: Linux  PlatformVersion: 5.14.0-427.37.1.el9_4.x86_64  CompilerName: GCC  CompilerVersion: 8.4.0
ProgramName: mri_watershed  ProgramArguments: mri_watershed -all-info  ProgramVersion: 7.3.2  TimeStamp: 2026/03/14-11:34:02-GMT  BuildTime: Aug  4 2022 06:17:15  BuildStamp: freesurfer-linux-ubuntu22_x86_64-7.3.2-20220804-6354275  User: oesteban  Machine: dna076  Platform: Linux  PlatformVersion: 5.14.0-427.37.1.el9_4.x86_64  CompilerName: GCC  CompilerVersion: 8.4.0
ProgramName: tkregister2  ProgramArguments: tkregister2_cmdl -all-info  ProgramVersion: 7.3.2  TimeStamp: 2026/03/14-11:34:02-GMT  BuildTime: Aug  4 2022 06:17:15  BuildStamp: freesurfer-linux-ubuntu22_x86_64-7.3.2-20220804-6354275  User: oesteban  Machine: dna076  Platform: Linux  PlatformVersion: 5.14.0-427.37.1.el9_4.x86_64  CompilerName: GCC  CompilerVersion: 8.4.0
mri_motion_correct.fsl 7.3.2
mri_convert -all-info 
ProgramName: mri_convert  ProgramArguments: mri_convert -all-info  ProgramVersion: 7.3.2  TimeStamp: 2026/03/14-11:34:02-GMT  BuildTime: Aug  4 2022 06:17:15  BuildStamp: freesurfer-linux-ubuntu22_x86_64-7.3.2-20220804-6354275  User: oesteban  Machine: dna076  Platform: Linux  PlatformVersion: 5.14.0-427.37.1.el9_4.x86_64  CompilerName: GCC  CompilerVersion: 8.4.0
Program nu_correct, built from:
Package MNI N3, version 1.12.0, compiled by nicks@terrier (x86_64-unknown-linux-gnu) on 2015-06-19 at 01:25:34
#######################################
GCADIR /opt/freesurfer/average
GCA RB_all_2020-01-02.gca
GCASkull RB_all_withskull_2020_01_02.gca
AvgCurvTif folding.atlas.acfb40.noaparc.i12.2016-08-02.tif
GCSDIR /opt/freesurfer/average
GCS DKaparc.atlas.acfb40.noaparc.i12.2016-08-02.gcs
#######################################
#--------------------------------------------
#@# WhiteSurfs lh Sat Mar 14 12:34:02 CET 2026
cd /out/sourcedata/freesurfer/sub-v2s9x29165_ses-1/mri
mris_place_surface --adgws-in ../surf/autodet.gw.stats.lh.dat --seg aseg.presurf.mgz --threads 16 --wm wm.mgz --invol brain.finalsurfs.mgz --lh --i ../surf/lh.white.preaparc --o ../surf/lh.white --white --nsmooth 0 --rip-label ../label/lh.cortex.label --rip-bg --rip-surf ../surf/lh.white.preaparc --aparc ../label/lh.aparc.annot
   Update not needed
#--------------------------------------------
#@# WhiteSurfs rh Sat Mar 14 12:34:02 CET 2026
cd /out/sourcedata/freesurfer/sub-v2s9x29165_ses-1/mri
mris_place_surface --adgws-in ../surf/autodet.gw.stats.rh.dat --seg aseg.presurf.mgz --threads 16 --wm wm.mgz --invol brain.finalsurfs.mgz --rh --i ../surf/rh.white.preaparc --o ../surf/rh.white --white --nsmooth 0 --rip-label ../label/rh.cortex.label --rip-bg --rip-surf ../surf/rh.white.preaparc --aparc ../label/rh.aparc.annot
   Update not needed
#@# white curv lh Sat Mar 14 12:34:02 CET 2026
cd /out/sourcedata/freesurfer/sub-v2s9x29165_ses-1/mri
mris_place_surface --curv-map ../surf/lh.white 2 10 ../surf/lh.curv
   Update not needed
#@# white area lh Sat Mar 14 12:34:02 CET 2026
cd /out/sourcedata/freesurfer/sub-v2s9x29165_ses-1/mri
mris_place_surface --area-map ../surf/lh.white ../surf/lh.area
   Update not needed
#@# pial curv lh Sat Mar 14 12:34:02 CET 2026
cd /out/sourcedata/freesurfer/sub-v2s9x29165_ses-1/mri
mris_place_surface --curv-map ../surf/lh.pial 2 10 ../surf/lh.curv.pial
   Update not needed
#@# pial area lh Sat Mar 14 12:34:02 CET 2026
cd /out/sourcedata/freesurfer/sub-v2s9x29165_ses-1/mri
mris_place_surface --area-map ../surf/lh.pial ../surf/lh.area.pial
   Update not needed
#@# thickness lh Sat Mar 14 12:34:02 CET 2026
cd /out/sourcedata/freesurfer/sub-v2s9x29165_ses-1/mri
mris_place_surface --thickness ../surf/lh.white ../surf/lh.pial 20 5 ../surf/lh.thickness
   Update not needed
#@# area and vertex vol lh Sat Mar 14 12:34:02 CET 2026
cd /out/sourcedata/freesurfer/sub-v2s9x29165_ses-1/mri
mris_place_surface --thickness ../surf/lh.white ../surf/lh.pial 20 5 ../surf/lh.thickness
   Update not needed
#@# white curv rh Sat Mar 14 12:34:02 CET 2026
cd /out/sourcedata/freesurfer/sub-v2s9x29165_ses-1/mri
mris_place_surface --curv-map ../surf/rh.white 2 10 ../surf/rh.curv
   Update not needed
#@# white area rh Sat Mar 14 12:34:02 CET 2026
cd /out/sourcedata/freesurfer/sub-v2s9x29165_ses-1/mri
mris_place_surface --area-map ../surf/rh.white ../surf/rh.area
   Update not needed
#@# pial curv rh Sat Mar 14 12:34:02 CET 2026
cd /out/sourcedata/freesurfer/sub-v2s9x29165_ses-1/mri
mris_place_surface --curv-map ../surf/rh.pial 2 10 ../surf/rh.curv.pial
   Update not needed
#@# pial area rh Sat Mar 14 12:34:02 CET 2026
cd /out/sourcedata/freesurfer/sub-v2s9x29165_ses-1/mri
mris_place_surface --area-map ../surf/rh.pial ../surf/rh.area.pial
   Update not needed
#@# thickness rh Sat Mar 14 12:34:02 CET 2026
cd /out/sourcedata/freesurfer/sub-v2s9x29165_ses-1/mri
mris_place_surface --thickness ../surf/rh.white ../surf/rh.pial 20 5 ../surf/rh.thickness
   Update not needed
#@# area and vertex vol rh Sat Mar 14 12:34:02 CET 2026
cd /out/sourcedata/freesurfer/sub-v2s9x29165_ses-1/mri
mris_place_surface --thickness ../surf/rh.white ../surf/rh.pial 20 5 ../surf/rh.thickness
   Update not needed

#-----------------------------------------
#@# Curvature Stats lh Sat Mar 14 12:34:02 CET 2026
/out/sourcedata/freesurfer/sub-v2s9x29165_ses-1/surf

 mris_curvature_stats -m --writeCurvatureFiles -G -o ../stats/lh.curv.stats -F smoothwm sub-v2s9x29165_ses-1 lh curv sulc 

             Toggling save flag on curvature files                       [ ok ]
                 Outputting results using filestem   [ ../stats/lh.curv.stats ]
             Toggling save flag on curvature files                       [ ok ]
                                   Setting surface [ sub-v2s9x29165_ses-1/lh.smoothwm ]
                                Reading surface...                       [ ok ]
                                   Setting texture                     [ curv ]
                                Reading texture...                       [ ok ]
                                   Setting texture                     [ sulc ]
                                Reading texture...Gb_filter = 0
                       [ ok ]
      Calculating Discrete Principal Curvatures...
      Determining geometric order for vno faces... [####################] [ ok ]
                      Determining KH curvatures... [####################] [ ok ]
                    Determining k1k2 curvatures... [####################] [ ok ]
                                   deltaViolations                      [ 227 ]
Gb_filter = 0

WARN:    S lookup   min:                          -0.083925
WARN:    S explicit min:                          0.000000	vertex = 831

#-----------------------------------------
#@# Curvature Stats rh Sat Mar 14 12:34:04 CET 2026
/out/sourcedata/freesurfer/sub-v2s9x29165_ses-1/surf

 mris_curvature_stats -m --writeCurvatureFiles -G -o ../stats/rh.curv.stats -F smoothwm sub-v2s9x29165_ses-1 rh curv sulc 

             Toggling save flag on curvature files                       [ ok ]
                 Outputting results using filestem   [ ../stats/rh.curv.stats ]
             Toggling save flag on curvature files                       [ ok ]
                                   Setting surface [ sub-v2s9x29165_ses-1/rh.smoothwm ]
                                Reading surface...                       [ ok ]
                                   Setting texture                     [ curv ]
                                Reading texture...                       [ ok ]
                                   Setting texture                     [ sulc ]
                                Reading texture...Gb_filter = 0
                       [ ok ]
      Calculating Discrete Principal Curvatures...
      Determining geometric order for vno faces... [####################] [ ok ]
                      Determining KH curvatures... [####################] [ ok ]
                    Determining k1k2 curvatures... [####################] [ ok ]
                                   deltaViolations                      [ 234 ]
Gb_filter = 0
#-----------------------------------------
#@# Relabel Hypointensities Sat Mar 14 12:34:05 CET 2026
/out/sourcedata/freesurfer/sub-v2s9x29165_ses-1/mri

 mri_relabel_hypointensities aseg.presurf.mgz ../surf aseg.presurf.hypos.mgz 

reading input surface ../surf/lh.white...
relabeling lh hypointensities...
2450 voxels changed to hypointensity...
reading input surface ../surf/rh.white...
relabeling rh hypointensities...
2219 voxels changed to hypointensity...
4831 hypointense voxels neighboring cortex changed
#-----------------------------------------
#@# APas-to-ASeg Sat Mar 14 12:34:15 CET 2026
/out/sourcedata/freesurfer/sub-v2s9x29165_ses-1/mri

 mri_surf2volseg --o aseg.mgz --i aseg.presurf.hypos.mgz --fix-presurf-with-ribbon /out/sourcedata/freesurfer/sub-v2s9x29165_ses-1/mri/ribbon.mgz --threads 16 --lh-cortex-mask /out/sourcedata/freesurfer/sub-v2s9x29165_ses-1/label/lh.cortex.label --lh-white /out/sourcedata/freesurfer/sub-v2s9x29165_ses-1/surf/lh.white --lh-pial /out/sourcedata/freesurfer/sub-v2s9x29165_ses-1/surf/lh.pial --rh-cortex-mask /out/sourcedata/freesurfer/sub-v2s9x29165_ses-1/label/rh.cortex.label --rh-white /out/sourcedata/freesurfer/sub-v2s9x29165_ses-1/surf/rh.white --rh-pial /out/sourcedata/freesurfer/sub-v2s9x29165_ses-1/surf/rh.pial 

SUBJECTS_DIR /out/sourcedata/freesurfer
outvol aseg.mgz
16 avail.processors, using 16
Loading aseg.presurf.hypos.mgz
Loading /out/sourcedata/freesurfer/sub-v2s9x29165_ses-1/mri/ribbon.mgz
Loading /out/sourcedata/freesurfer/sub-v2s9x29165_ses-1/surf/lh.white
Loading /out/sourcedata/freesurfer/sub-v2s9x29165_ses-1/surf/lh.pial
Loading /out/sourcedata/freesurfer/sub-v2s9x29165_ses-1/label/lh.cortex.label
Loading /out/sourcedata/freesurfer/sub-v2s9x29165_ses-1/surf/rh.white
Loading /out/sourcedata/freesurfer/sub-v2s9x29165_ses-1/surf/rh.pial
Loading /out/sourcedata/freesurfer/sub-v2s9x29165_ses-1/label/rh.cortex.label
Done loading
 64 240 160  16 224  48   0  32 144  96 128 176 192 208 112  80  65   1  33  17  49 225 241   2 242  66  18  34  50 226   3 243  51  67  19  35 
193 227   4 244  52 209  20  36  68   5 228 245  53  21  37   6 210 246  54 229 194   7 247  69  22  38  55 211 230   8 248  56  39  23 
113 195   9 231 249  57 177  81  40  24  10 196  58 250  70  97 232  25  41 212 161  11 197  59 
251  42  26 233  12 213  60 252 198  27  43  13 234 253  61 199 
214  44  28  14 235  71  62 254 200  45  29 215  15  63 236 255 201  46  30 216  82 237  47  31 202  72 162 217 178 203 238 218 204  98 239 
219 
205 220 206 145 129 221 114 207  73  83 222 163 223 179 
 99 
 84  74 164 146  85 180 100  75 115 165 147  86 181 130  76 101  87 166 148 182  88  77 116 167 149 102 183  78  89 150 168 184 103 131  79 
185 117 169 104 151 186  90 187 105 170 152 188 189 106 132  91 171 190 153 118 191 107 172 154 108  92 155 133 173 109 119 
 93 156 110 174 111 157  94 175 134 158 120  95 159 
135 121 122 136 123 137 124 138 125 139 
126 140 127 141 142 143 
nrelabeled = 150600
ndotcheck = 0
Starting Surf2VolSeg free
free done
#VMPC# mri_surf2volseg VmPeak  2035832
mri_surf2volseg done

 mri_brainvol_stats sub-v2s9x29165_ses-1 

ComputeBrainVolumeStats2 VoxelVol=1, KeepCSF=1
  #CBVS2 MaskVol              1370896.0
  #CBVS2 BrainSegVol          1088619.0
  #CBVS2 BrainSegVolNotVent   1077019.0
  #CBVS2 SupraTentVol         1005601.0
  #CBVS2 SupraTentVolNotVent   994001.0
  #CBVS2 lhCtxGM               262693.5
  #CBVS2 rhCtxGM               273463.8
  #CBVS2 lhCerebralWM          200390.0
  #CBVS2 rhCerebralWM          203249.0
  #CBVS2 SubCortGMVol           55301.0
  #CBVS2 CerebellumVol          83018.0
  #CBVS2 CerebellumGMVol        67620.0
  #CBVS2 VentChorVol             8114.0
  #CBVS2 3rd4th5thCSF            3486.0
  #CBVS2 AllCSF                 11600.0
  #CBVS2 CCVol                   2812.0
#-----------------------------------------
#@# AParc-to-ASeg aparc Sat Mar 14 12:34:20 CET 2026
/out/sourcedata/freesurfer/sub-v2s9x29165_ses-1/mri

 mri_surf2volseg --o aparc+aseg.mgz --label-cortex --i aseg.mgz --threads 16 --lh-annot /out/sourcedata/freesurfer/sub-v2s9x29165_ses-1/label/lh.aparc.annot 1000 --lh-cortex-mask /out/sourcedata/freesurfer/sub-v2s9x29165_ses-1/label/lh.cortex.label --lh-white /out/sourcedata/freesurfer/sub-v2s9x29165_ses-1/surf/lh.white --lh-pial /out/sourcedata/freesurfer/sub-v2s9x29165_ses-1/surf/lh.pial --rh-annot /out/sourcedata/freesurfer/sub-v2s9x29165_ses-1/label/rh.aparc.annot 2000 --rh-cortex-mask /out/sourcedata/freesurfer/sub-v2s9x29165_ses-1/label/rh.cortex.label --rh-white /out/sourcedata/freesurfer/sub-v2s9x29165_ses-1/surf/rh.white --rh-pial /out/sourcedata/freesurfer/sub-v2s9x29165_ses-1/surf/rh.pial 

SUBJECTS_DIR /out/sourcedata/freesurfer
outvol aparc+aseg.mgz
16 avail.processors, using 16
Loading aseg.mgz
Loading /out/sourcedata/freesurfer/sub-v2s9x29165_ses-1/surf/lh.white
Loading /out/sourcedata/freesurfer/sub-v2s9x29165_ses-1/surf/lh.pial
Loading /out/sourcedata/freesurfer/sub-v2s9x29165_ses-1/label/lh.cortex.label
Ripping lh vertices labeled not in lh.cortex.label
  ripped 7571 vertices from lh hemi
Loading /out/sourcedata/freesurfer/sub-v2s9x29165_ses-1/label/lh.aparc.annot
Loading /out/sourcedata/freesurfer/sub-v2s9x29165_ses-1/surf/rh.white
Loading /out/sourcedata/freesurfer/sub-v2s9x29165_ses-1/surf/rh.pial
Loading /out/sourcedata/freesurfer/sub-v2s9x29165_ses-1/label/rh.cortex.label
Ripping rh vertices labeled not in rh.cortex.label
  ripped 7268 vertices from rh hemi
Loading /out/sourcedata/freesurfer/sub-v2s9x29165_ses-1/label/rh.aparc.annot
Done loading
 80 224 128 160  48 208  32  16 112 176  96 240 192  64 144   0 225  33  49 226 227  34  50 228  51 229  35 241  52 230 209  17  65   1  36 242  53 231 210  18  66   2  37 243  54 232 211  67  19 
  3 244  55  38 233 212  20  56   4 245  39 
234  68 213  57   5 246  21  40 235  58 214   6 247  22 236  59 
 41 215   7 248 237  23  60 216  42 249   8 238  69  24  61 217  43 250 239 
  9  25  62 218  44  63 251  26  10 219 
 45  27 252 193  11 220  46  12 253  28 221  47  13 254  29 222  14 255  30 223  15  31  70 194 195 196 197 198 199 
200 201 202 203 204 205 206 207  71  72  73  81 161 145  74 129 177 113  82 162  75  97 146  76 114 130  83 163 178  77  98 147 115  78  84 131  79 
179 
164  85 116 148  99 
165 180 132  86 149 117 166 181  87 133 100 150 182 167 118  88 183 134 151 168 184 101 119 
 89 152 185 135 169 186 187 153 188 136 120 102 189 170  90 190 191 154 121 137 171 155 103  91 138 122 156 172 104  92 157 123 139 
173 105 158  93 124 140 174 106 159 
 94 175 125 141 107  95 142 108 126 143 109 127 110 111 
nrelabeled = 535057
ndotcheck = 40875
Starting Surf2VolSeg free
free done
#VMPC# mri_surf2volseg VmPeak  1893496
mri_surf2volseg done
#-----------------------------------------
#@# AParc-to-ASeg aparc.a2009s Sat Mar 14 12:34:43 CET 2026
/out/sourcedata/freesurfer/sub-v2s9x29165_ses-1/mri

 mri_surf2volseg --o aparc.a2009s+aseg.mgz --label-cortex --i aseg.mgz --threads 16 --lh-annot /out/sourcedata/freesurfer/sub-v2s9x29165_ses-1/label/lh.aparc.a2009s.annot 11100 --lh-cortex-mask /out/sourcedata/freesurfer/sub-v2s9x29165_ses-1/label/lh.cortex.label --lh-white /out/sourcedata/freesurfer/sub-v2s9x29165_ses-1/surf/lh.white --lh-pial /out/sourcedata/freesurfer/sub-v2s9x29165_ses-1/surf/lh.pial --rh-annot /out/sourcedata/freesurfer/sub-v2s9x29165_ses-1/label/rh.aparc.a2009s.annot 12100 --rh-cortex-mask /out/sourcedata/freesurfer/sub-v2s9x29165_ses-1/label/rh.cortex.label --rh-white /out/sourcedata/freesurfer/sub-v2s9x29165_ses-1/surf/rh.white --rh-pial /out/sourcedata/freesurfer/sub-v2s9x29165_ses-1/surf/rh.pial 

SUBJECTS_DIR /out/sourcedata/freesurfer
outvol aparc.a2009s+aseg.mgz
16 avail.processors, using 16
Loading aseg.mgz
Loading /out/sourcedata/freesurfer/sub-v2s9x29165_ses-1/surf/lh.white
Loading /out/sourcedata/freesurfer/sub-v2s9x29165_ses-1/surf/lh.pial
Loading /out/sourcedata/freesurfer/sub-v2s9x29165_ses-1/label/lh.cortex.label
Ripping lh vertices labeled not in lh.cortex.label
  ripped 7571 vertices from lh hemi
Loading /out/sourcedata/freesurfer/sub-v2s9x29165_ses-1/label/lh.aparc.a2009s.annot
Loading /out/sourcedata/freesurfer/sub-v2s9x29165_ses-1/surf/rh.white
Loading /out/sourcedata/freesurfer/sub-v2s9x29165_ses-1/surf/rh.pial
Loading /out/sourcedata/freesurfer/sub-v2s9x29165_ses-1/label/rh.cortex.label
Ripping rh vertices labeled not in rh.cortex.label
  ripped 7268 vertices from rh hemi
Loading /out/sourcedata/freesurfer/sub-v2s9x29165_ses-1/label/rh.aparc.a2009s.annot
Done loading
240  80 112 208 192 176  32  64 128   0  96 224 144  48 160  16 241  17  65  49 225 209  33   1 242 226  66  18  50 243 210  34   2 244 227  67  19 
 51 211  35 245   3 228  20  52 212  36 246  68   4 229  21  53 213 247  37   5 230  22 248  54 214  38   6 231  23 249  55 215  39 
  7 232 250  24  69 216  56  40 233   8 251  25 217  57  41 252 234   9  26 218  58  42 235  10 253  27 219 
 59 
 43 236  11 254 193 220  28  60  44 237 255 221  12  29  61  45 238 222  13  62  30  46 239 
223  63  14  31  47  15  70 194 195 196 197 198 199 
200 201 202 203 204 205 206 207  71  72  73 145 161 177  81 113 129  74  97 146  75 162  82 178  76 130 114  83 163 147  77 179 
 78 131  98 115  84 164 148  79 
180 132  85 116 165 149 133 181  99 
 86 150 117 166 134 182 151 135  87 100 167 118 183 152 136 184 153 168  88 119 
137 185 101 154 186 187 169 138 120 188 155  89 189 102 190 191 139 
156 170 121 103 140 157  90 122 171 104 141 158 105 123 172  91 142 159 
106 124 143 173 107  92 125 174 108  93 175 109 126  94 110 127  95 111 
nrelabeled = 535057
ndotcheck = 40875
Starting Surf2VolSeg free
free done
#VMPC# mri_surf2volseg VmPeak  1893628
mri_surf2volseg done
#-----------------------------------------
#@# AParc-to-ASeg aparc.DKTatlas Sat Mar 14 12:35:07 CET 2026
/out/sourcedata/freesurfer/sub-v2s9x29165_ses-1/mri

 mri_surf2volseg --o aparc.DKTatlas+aseg.mgz --label-cortex --i aseg.mgz --threads 16 --lh-annot /out/sourcedata/freesurfer/sub-v2s9x29165_ses-1/label/lh.aparc.DKTatlas.annot 1000 --lh-cortex-mask /out/sourcedata/freesurfer/sub-v2s9x29165_ses-1/label/lh.cortex.label --lh-white /out/sourcedata/freesurfer/sub-v2s9x29165_ses-1/surf/lh.white --lh-pial /out/sourcedata/freesurfer/sub-v2s9x29165_ses-1/surf/lh.pial --rh-annot /out/sourcedata/freesurfer/sub-v2s9x29165_ses-1/label/rh.aparc.DKTatlas.annot 2000 --rh-cortex-mask /out/sourcedata/freesurfer/sub-v2s9x29165_ses-1/label/rh.cortex.label --rh-white /out/sourcedata/freesurfer/sub-v2s9x29165_ses-1/surf/rh.white --rh-pial /out/sourcedata/freesurfer/sub-v2s9x29165_ses-1/surf/rh.pial 

SUBJECTS_DIR /out/sourcedata/freesurfer
outvol aparc.DKTatlas+aseg.mgz
16 avail.processors, using 16
Loading aseg.mgz
Loading /out/sourcedata/freesurfer/sub-v2s9x29165_ses-1/surf/lh.white
Loading /out/sourcedata/freesurfer/sub-v2s9x29165_ses-1/surf/lh.pial
Loading /out/sourcedata/freesurfer/sub-v2s9x29165_ses-1/label/lh.cortex.label
Ripping lh vertices labeled not in lh.cortex.label
  ripped 7571 vertices from lh hemi
Loading /out/sourcedata/freesurfer/sub-v2s9x29165_ses-1/label/lh.aparc.DKTatlas.annot
Loading /out/sourcedata/freesurfer/sub-v2s9x29165_ses-1/surf/rh.white
Loading /out/sourcedata/freesurfer/sub-v2s9x29165_ses-1/surf/rh.pial
Loading /out/sourcedata/freesurfer/sub-v2s9x29165_ses-1/label/rh.cortex.label
Ripping rh vertices labeled not in rh.cortex.label
  ripped 7268 vertices from rh hemi
Loading /out/sourcedata/freesurfer/sub-v2s9x29165_ses-1/label/rh.aparc.DKTatlas.annot
Done loading
160  64   0 144  48  32 112 192 128 240 176  80 208  16  96 224 225  49 241 209  65  33   1  50 226 242 210  66  51 227  34   2  52 243 211  67  53 228  35  54   3 244 212 229  55  68 245  17 213  36   4 230  18 246 214 231  37   5  19 
247 215  20 232 248  21 216   6  38 233 249  22 217 234 250  23   7 218  39 
 56 235  69 251 219 
236   8  40  57 252 220 237   9 238 253  41 221  58 239 
222  59 
 42  10 254 223 193  60  24  43  61  11 255  25  44  62  26  45  12  63  27  46  13  28  14  47  29  15  70  30  31 194 195 196 197 198 199 
200 201 202 203 204 205 206 207  71  72  73 145 113  81 177 161  74 129  97 114  82 146  75 115 178  83  98 130  76 162 147 116 179 
 84  77  99 
131  85 163 148  78 117 180 132 100  86  79 
149 118 133 181 164 101  87 150 134 182 102 119 
151  88 165 135 103 183 152 120  89 136 104 153 184 121 166 105 154 185  90 137 122 186 106 155 187 138  91 188 123 167 107 156 189 190 191 124 139 
108  92 157 125 109 168 158 140  93 110 126 159 
 94 141 169 111 127  95 142 170 143 171 172 173 174 175 
nrelabeled = 535057
ndotcheck = 40875
Starting Surf2VolSeg free
free done
#VMPC# mri_surf2volseg VmPeak  1893508
mri_surf2volseg done
#-----------------------------------------
#@# WMParc Sat Mar 14 12:35:34 CET 2026
/out/sourcedata/freesurfer/sub-v2s9x29165_ses-1/mri

 mri_surf2volseg --o wmparc.mgz --label-wm --i aparc+aseg.mgz --threads 16 --lh-annot /out/sourcedata/freesurfer/sub-v2s9x29165_ses-1/label/lh.aparc.annot 3000 --lh-cortex-mask /out/sourcedata/freesurfer/sub-v2s9x29165_ses-1/label/lh.cortex.label --lh-white /out/sourcedata/freesurfer/sub-v2s9x29165_ses-1/surf/lh.white --lh-pial /out/sourcedata/freesurfer/sub-v2s9x29165_ses-1/surf/lh.pial --rh-annot /out/sourcedata/freesurfer/sub-v2s9x29165_ses-1/label/rh.aparc.annot 4000 --rh-cortex-mask /out/sourcedata/freesurfer/sub-v2s9x29165_ses-1/label/rh.cortex.label --rh-white /out/sourcedata/freesurfer/sub-v2s9x29165_ses-1/surf/rh.white --rh-pial /out/sourcedata/freesurfer/sub-v2s9x29165_ses-1/surf/rh.pial 

SUBJECTS_DIR /out/sourcedata/freesurfer
outvol wmparc.mgz
16 avail.processors, using 16
Loading aparc+aseg.mgz
Loading /out/sourcedata/freesurfer/sub-v2s9x29165_ses-1/surf/lh.white
Loading /out/sourcedata/freesurfer/sub-v2s9x29165_ses-1/surf/lh.pial
Loading /out/sourcedata/freesurfer/sub-v2s9x29165_ses-1/label/lh.cortex.label
Ripping lh vertices labeled not in lh.cortex.label
  ripped 7571 vertices from lh hemi
Loading /out/sourcedata/freesurfer/sub-v2s9x29165_ses-1/label/lh.aparc.annot
Loading /out/sourcedata/freesurfer/sub-v2s9x29165_ses-1/surf/rh.white
Loading /out/sourcedata/freesurfer/sub-v2s9x29165_ses-1/surf/rh.pial
Loading /out/sourcedata/freesurfer/sub-v2s9x29165_ses-1/label/rh.cortex.label
Ripping rh vertices labeled not in rh.cortex.label
  ripped 7268 vertices from rh hemi
Loading /out/sourcedata/freesurfer/sub-v2s9x29165_ses-1/label/rh.aparc.annot
Done loading
  0  96 176  32  80  16 192  48 112  64 144 160 240 128 224 208 193  17   1  49 241 209  65  33 225 194  50   2 210  66  18 242  34 226 195  51   3  67  19 
211 243 227  35 196  52  68   4  20 212 244 228 197  36  53  69   5  21 213 198  54 245 229  37  70   6 199 
 55  22 214 246 230  38   7  56 200  71  23 215 247 231  39 
 57 201   8  24  72 216  58 248 232 202  40   9  25  59 
217 203 249 233  41  10  26  60 204 218 234 250  42  11  27  61 205 219 
235 251  73  43  12  62  28 206 220 236  13 252  63  44  29 207 221 237 253  14  45  30 222 254  15 238  46  31 223 255  47 239 
 74 129  81  75 177  76  82 130  77  78 131 178  83  97 161 145  79 
 84 179 
132  85 180 113 162  98 181  86 146 133 182 183  87 163 184  99 
185 186 134 187  88 188 189 190 191 147 114 135 164  89 100 136 165  90 148 137 101 115 166 138  91 102 167 139 
149  92 116 168 140 103  93 150 169  94 141 104 117 170  95 151 142 171 105 172 143 118 106 152 173 174 107 153 119 
175 108 154 120 109 155 121 110 156 122 111 157 123 124 158 125 126 127 159 

nrelabeled = 400827
ndotcheck = 3810
Starting Surf2VolSeg free
free done
#VMPC# mri_surf2volseg VmPeak  2194496
mri_surf2volseg done

 mri_segstats --seed 1234 --seg mri/wmparc.mgz --sum stats/wmparc.stats --pv mri/norm.mgz --excludeid 0 --brainmask mri/brainmask.mgz --in mri/norm.mgz --in-intensity-name norm --in-intensity-units MR --subject sub-v2s9x29165_ses-1 --surf-wm-vol --ctab /opt/freesurfer/WMParcStatsLUT.txt --etiv 

setting seed for random number genererator to 1234

7.3.2
cwd 
cmdline mri_segstats --seed 1234 --seg mri/wmparc.mgz --sum stats/wmparc.stats --pv mri/norm.mgz --excludeid 0 --brainmask mri/brainmask.mgz --in mri/norm.mgz --in-intensity-name norm --in-intensity-units MR --subject sub-v2s9x29165_ses-1 --surf-wm-vol --ctab /opt/freesurfer/WMParcStatsLUT.txt --etiv 
sysname  Linux
hostname dna076
machine  x86_64
user     oesteban
whitesurfname  white
UseRobust  0
atlas_icv (eTIV) = 1344038 mm^3    (det: 1.449442 )
Loading mri/wmparc.mgz
Getting Brain Volume Statistics
Loading mri/norm.mgz
Loading mri/norm.mgz
Voxel Volume is 1 mm^3
Generating list of segmentation ids
Found 390 segmentations
Computing statistics for each segmentation

Reporting on  70 segmentations
Using PrintSegStat
mri_segstats done
#--------------------------------------------
#@# ASeg Stats Sat Mar 14 12:37:33 CET 2026
/out/sourcedata/freesurfer/sub-v2s9x29165_ses-1

 mri_segstats --seed 1234 --seg mri/aseg.mgz --sum stats/aseg.stats --pv mri/norm.mgz --empty --brainmask mri/brainmask.mgz --brain-vol-from-seg --excludeid 0 --excl-ctxgmwm --supratent --subcortgray --in mri/norm.mgz --in-intensity-name norm --in-intensity-units MR --etiv --surf-wm-vol --surf-ctx-vol --totalgray --euler --ctab /opt/freesurfer/ASegStatsLUT.txt --subject sub-v2s9x29165_ses-1 

setting seed for random number genererator to 1234

7.3.2
cwd 
cmdline mri_segstats --seed 1234 --seg mri/aseg.mgz --sum stats/aseg.stats --pv mri/norm.mgz --empty --brainmask mri/brainmask.mgz --brain-vol-from-seg --excludeid 0 --excl-ctxgmwm --supratent --subcortgray --in mri/norm.mgz --in-intensity-name norm --in-intensity-units MR --etiv --surf-wm-vol --surf-ctx-vol --totalgray --euler --ctab /opt/freesurfer/ASegStatsLUT.txt --subject sub-v2s9x29165_ses-1 
sysname  Linux
hostname dna076
machine  x86_64
user     oesteban
whitesurfname  white
UseRobust  0
atlas_icv (eTIV) = 1344038 mm^3    (det: 1.449442 )
Computing euler number
orig.nofix lheno =  -40, rheno = -38
orig.nofix lhholes =   21, rhholes = 20
Loading mri/aseg.mgz
Getting Brain Volume Statistics
Loading mri/norm.mgz
Loading mri/norm.mgz
Voxel Volume is 1 mm^3
Generating list of segmentation ids
Found  50 segmentations
Computing statistics for each segmentation

Reporting on  45 segmentations
Using PrintSegStat
mri_segstats done

Started at Sat Mar 14 12:34:02 CET 2026 
Ended   at Sat Mar 14 12:37:54 CET 2026
#@#%# recon-all-run-time-hours 0.064
recon-all -s sub-v2s9x29165_ses-1 finished without error at Sat Mar 14 12:37:54 CET 2026
