
Sat Mar 14 11:46:53 CET 2026
cd /out/sourcedata/freesurfer/sub-v2s9x29165_ses-1
setenv SUBJECTS_DIR /out/sourcedata/freesurfer
/opt/freesurfer/bin/recon-all -autorecon-hemi lh -noparcstats -noparcstats2 -noparcstats3 -nohyporelabel -nobalabels -lh-only -openmp 16 -subjid sub-v2s9x29165_ses-1 -sd /out/sourcedata/freesurfer

subjid sub-v2s9x29165_ses-1
setenv SUBJECTS_DIR /out/sourcedata/freesurfer
FREESURFER_HOME /opt/freesurfer
Actual FREESURFER_HOME /opt/freesurfer
build-stamp.txt: freesurfer-linux-ubuntu22_x86_64-7.3.2-20220804-6354275
Linux dna076 5.14.0-427.37.1.el9_4.x86_64 #1 SMP PREEMPT_DYNAMIC Fri Sep 13 12:41:50 EDT 2024 x86_64 x86_64 x86_64 GNU/Linux
cputime      unlimited
filesize     unlimited
datasize     unlimited
stacksize    8192 kbytes
coredumpsize 0 kbytes
memoryuse    67108864 kbytes
vmemoryuse   unlimited
descriptors  1024 
memorylocked unlimited
maxproc      2061970 
maxlocks     unlimited
maxsignal    2062029 
maxmessage   819200 
maxnice      0 
maxrtprio    0 
maxrttime    unlimited

               total        used        free      shared  buff/cache   available
Mem:           503Gi        45Gi        41Gi       9.3Gi       416Gi       445Gi
Swap:             0B          0B          0B

########################################
program versions used
7.3.2 (freesurfer-linux-ubuntu22_x86_64-7.3.2-20220804-6354275)
7.3.2

ProgramName: lta_convert  ProgramArguments: lta_convert -all-info  ProgramVersion: 7.3.2  TimeStamp: 2026/03/14-10:46:53-GMT  BuildTime: Aug  4 2022 06:17:15  BuildStamp: freesurfer-linux-ubuntu22_x86_64-7.3.2-20220804-6354275  User: oesteban  Machine: dna076  Platform: Linux  PlatformVersion: 5.14.0-427.37.1.el9_4.x86_64  CompilerName: GCC  CompilerVersion: 8.4.0
ProgramName: mri_and  ProgramArguments: mri_and -all-info  ProgramVersion: 7.3.2  TimeStamp: 2026/03/14-10:46:53-GMT  BuildTime: Aug  4 2022 06:17:15  BuildStamp: freesurfer-linux-ubuntu22_x86_64-7.3.2-20220804-6354275  User: oesteban  Machine: dna076  Platform: Linux  PlatformVersion: 5.14.0-427.37.1.el9_4.x86_64  CompilerName: GCC  CompilerVersion: 8.4.0
ProgramName: mri_annotation2label  ProgramArguments: mri_annotation2label -all-info  ProgramVersion: 7.3.2  TimeStamp: 2026/03/14-10:46:53-GMT  BuildTime: Aug  4 2022 06:17:15  BuildStamp: freesurfer-linux-ubuntu22_x86_64-7.3.2-20220804-6354275  User: oesteban  Machine: dna076  Platform: Linux  PlatformVersion: 5.14.0-427.37.1.el9_4.x86_64  CompilerName: GCC  CompilerVersion: 8.4.0
ProgramName: mri_aparc2aseg  ProgramArguments: mri_aparc2aseg -all-info  ProgramVersion: 7.3.2  TimeStamp: 2026/03/14-10:46:53-GMT  BuildTime: Aug  4 2022 06:17:15  BuildStamp: freesurfer-linux-ubuntu22_x86_64-7.3.2-20220804-6354275  User: oesteban  Machine: dna076  Platform: Linux  PlatformVersion: 5.14.0-427.37.1.el9_4.x86_64  CompilerName: GCC  CompilerVersion: 8.4.0
ProgramName: mri_surf2volseg  ProgramArguments: mri_surf2volseg -all-info  ProgramVersion: 7.3.2  TimeStamp: 2026/03/14-10:46:53-GMT  BuildTime: Aug  4 2022 06:17:15  BuildStamp: freesurfer-linux-ubuntu22_x86_64-7.3.2-20220804-6354275  User: oesteban  Machine: dna076  Platform: Linux  PlatformVersion: 5.14.0-427.37.1.el9_4.x86_64  CompilerName: GCC  CompilerVersion: 8.4.0
ProgramName: mri_binarize  ProgramArguments: mri_binarize -all-info  ProgramVersion: 7.3.2  TimeStamp: 2026/03/14-10:46:53-GMT  BuildTime: Aug  4 2022 06:17:15  BuildStamp: freesurfer-linux-ubuntu22_x86_64-7.3.2-20220804-6354275  User: oesteban  Machine: dna076  Platform: Linux  PlatformVersion: 5.14.0-427.37.1.el9_4.x86_64  CompilerName: GCC  CompilerVersion: 8.4.0
ProgramName: mri_ca_label  ProgramArguments: mri_ca_label -all-info  ProgramVersion: 7.3.2  TimeStamp: 2026/03/14-10:46:53-GMT  BuildTime: Aug  4 2022 06:17:15  BuildStamp: freesurfer-linux-ubuntu22_x86_64-7.3.2-20220804-6354275  User: oesteban  Machine: dna076  Platform: Linux  PlatformVersion: 5.14.0-427.37.1.el9_4.x86_64  CompilerName: GCC  CompilerVersion: 8.4.0
ProgramName: mri_ca_normalize  ProgramArguments: mri_ca_normalize -all-info  ProgramVersion: 7.3.2  TimeStamp: 2026/03/14-10:46:53-GMT  BuildTime: Aug  4 2022 06:17:15  BuildStamp: freesurfer-linux-ubuntu22_x86_64-7.3.2-20220804-6354275  User: oesteban  Machine: dna076  Platform: Linux  PlatformVersion: 5.14.0-427.37.1.el9_4.x86_64  CompilerName: GCC  CompilerVersion: 8.4.0
ProgramName: mri_ca_register  ProgramArguments: mri_ca_register -all-info  ProgramVersion: 7.3.2  TimeStamp: 2026/03/14-10:46:53-GMT  BuildTime: Aug  4 2022 06:17:15  BuildStamp: freesurfer-linux-ubuntu22_x86_64-7.3.2-20220804-6354275  User: oesteban  Machine: dna076  Platform: Linux  PlatformVersion: 5.14.0-427.37.1.el9_4.x86_64  CompilerName: GCC  CompilerVersion: 8.4.0
ProgramName: mri_cc  ProgramArguments: mri_cc -all-info  ProgramVersion: 7.3.2  TimeStamp: 2026/03/14-10:46:53-GMT  BuildTime: Aug  4 2022 06:17:15  BuildStamp: freesurfer-linux-ubuntu22_x86_64-7.3.2-20220804-6354275  User: oesteban  Machine: dna076  Platform: Linux  PlatformVersion: 5.14.0-427.37.1.el9_4.x86_64  CompilerName: GCC  CompilerVersion: 8.4.0
ProgramName: mri_compute_overlap  ProgramArguments: mri_compute_overlap -all-info  ProgramVersion: 7.3.2  TimeStamp: 2026/03/14-10:46:53-GMT  BuildTime: Aug  4 2022 06:17:15  BuildStamp: freesurfer-linux-ubuntu22_x86_64-7.3.2-20220804-6354275  User: oesteban  Machine: dna076  Platform: Linux  PlatformVersion: 5.14.0-427.37.1.el9_4.x86_64  CompilerName: GCC  CompilerVersion: 8.4.0
ProgramName: mri_compute_seg_overlap  ProgramArguments: mri_compute_seg_overlap -all-info  ProgramVersion: 7.3.2  TimeStamp: 2026/03/14-10:46:53-GMT  BuildTime: Aug  4 2022 06:17:15  BuildStamp: freesurfer-linux-ubuntu22_x86_64-7.3.2-20220804-6354275  User: oesteban  Machine: dna076  Platform: Linux  PlatformVersion: 5.14.0-427.37.1.el9_4.x86_64  CompilerName: GCC  CompilerVersion: 8.4.0
ProgramName: mri_concat  ProgramArguments: mri_concat -all-info  ProgramVersion: 7.3.2  TimeStamp: 2026/03/14-10:46:53-GMT  BuildTime: Aug  4 2022 06:17:15  BuildStamp: freesurfer-linux-ubuntu22_x86_64-7.3.2-20220804-6354275  User: oesteban  Machine: dna076  Platform: Linux  PlatformVersion: 5.14.0-427.37.1.el9_4.x86_64  CompilerName: GCC  CompilerVersion: 8.4.0
ProgramName: mri_concatenate_lta  ProgramArguments: mri_concatenate_lta -all-info  ProgramVersion: 7.3.2  TimeStamp: 2026/03/14-10:46:53-GMT  BuildTime: Aug  4 2022 06:17:15  BuildStamp: freesurfer-linux-ubuntu22_x86_64-7.3.2-20220804-6354275  User: oesteban  Machine: dna076  Platform: Linux  PlatformVersion: 5.14.0-427.37.1.el9_4.x86_64  CompilerName: GCC  CompilerVersion: 8.4.0
mri_convert -all-info 
ProgramName: mri_convert  ProgramArguments: mri_convert -all-info  ProgramVersion: 7.3.2  TimeStamp: 2026/03/14-10:46:53-GMT  BuildTime: Aug  4 2022 06:17:15  BuildStamp: freesurfer-linux-ubuntu22_x86_64-7.3.2-20220804-6354275  User: oesteban  Machine: dna076  Platform: Linux  PlatformVersion: 5.14.0-427.37.1.el9_4.x86_64  CompilerName: GCC  CompilerVersion: 8.4.0
ProgramName: mri_diff  ProgramArguments: mri_diff -all-info  ProgramVersion: 7.3.2  TimeStamp: 2026/03/14-10:46:53-GMT  BuildTime: Aug  4 2022 06:17:15  BuildStamp: freesurfer-linux-ubuntu22_x86_64-7.3.2-20220804-6354275  User: oesteban  Machine: dna076  Platform: Linux  PlatformVersion: 5.14.0-427.37.1.el9_4.x86_64  CompilerName: GCC  CompilerVersion: 8.4.0
ProgramName: mri_edit_wm_with_aseg  ProgramArguments: mri_edit_wm_with_aseg -all-info  ProgramVersion: 7.3.2  TimeStamp: 2026/03/14-10:46:53-GMT  BuildTime: Aug  4 2022 06:17:15  BuildStamp: freesurfer-linux-ubuntu22_x86_64-7.3.2-20220804-6354275  User: oesteban  Machine: dna076  Platform: Linux  PlatformVersion: 5.14.0-427.37.1.el9_4.x86_64  CompilerName: GCC  CompilerVersion: 8.4.0
ProgramName: mri_em_register  ProgramArguments: mri_em_register -all-info  ProgramVersion: 7.3.2  TimeStamp: 2026/03/14-10:46:53-GMT  BuildTime: Aug  4 2022 06:17:15  BuildStamp: freesurfer-linux-ubuntu22_x86_64-7.3.2-20220804-6354275  User: oesteban  Machine: dna076  Platform: Linux  PlatformVersion: 5.14.0-427.37.1.el9_4.x86_64  CompilerName: GCC  CompilerVersion: 8.4.0
ProgramName: mri_fill  ProgramArguments: mri_fill -all-info  ProgramVersion: 7.3.2  TimeStamp: 2026/03/14-10:46:53-GMT  BuildTime: Aug  4 2022 06:17:15  BuildStamp: freesurfer-linux-ubuntu22_x86_64-7.3.2-20220804-6354275  User: oesteban  Machine: dna076  Platform: Linux  PlatformVersion: 5.14.0-427.37.1.el9_4.x86_64  CompilerName: GCC  CompilerVersion: 8.4.0
ProgramName: mri_fuse_segmentations  ProgramArguments: mri_fuse_segmentations -all-info  ProgramVersion: 7.3.2  TimeStamp: 2026/03/14-10:46:53-GMT  BuildTime: Aug  4 2022 06:17:15  BuildStamp: freesurfer-linux-ubuntu22_x86_64-7.3.2-20220804-6354275  User: oesteban  Machine: dna076  Platform: Linux  PlatformVersion: 5.14.0-427.37.1.el9_4.x86_64  CompilerName: GCC  CompilerVersion: 8.4.0
ProgramName: mri_fwhm  ProgramArguments: mri_fwhm -all-info  ProgramVersion: 7.3.2  TimeStamp: 2026/03/14-10:46:53-GMT  BuildTime: Aug  4 2022 06:17:15  BuildStamp: freesurfer-linux-ubuntu22_x86_64-7.3.2-20220804-6354275  User: oesteban  Machine: dna076  Platform: Linux  PlatformVersion: 5.14.0-427.37.1.el9_4.x86_64  CompilerName: GCC  CompilerVersion: 8.4.0
ProgramName: mri_gcut  ProgramArguments: mri_gcut -all-info  ProgramVersion: 7.3.2  TimeStamp: 2026/03/14-10:46:53-GMT  BuildTime: Aug  4 2022 06:17:15  BuildStamp: freesurfer-linux-ubuntu22_x86_64-7.3.2-20220804-6354275  User: oesteban  Machine: dna076  Platform: Linux  PlatformVersion: 5.14.0-427.37.1.el9_4.x86_64  CompilerName: GCC  CompilerVersion: 8.4.0
ProgramName: mri_info  ProgramArguments: mri_info -all-info  ProgramVersion: 7.3.2  TimeStamp: 2026/03/14-10:46:53-GMT  BuildTime: Aug  4 2022 06:17:15  BuildStamp: freesurfer-linux-ubuntu22_x86_64-7.3.2-20220804-6354275  User: oesteban  Machine: dna076  Platform: Linux  PlatformVersion: 5.14.0-427.37.1.el9_4.x86_64  CompilerName: GCC  CompilerVersion: 8.4.0
ProgramName: mri_label2label  ProgramArguments: mri_label2label -all-info  ProgramVersion: 7.3.2  TimeStamp: 2026/03/14-10:46:53-GMT  BuildTime: Aug  4 2022 06:17:15  BuildStamp: freesurfer-linux-ubuntu22_x86_64-7.3.2-20220804-6354275  User: oesteban  Machine: dna076  Platform: Linux  PlatformVersion: 5.14.0-427.37.1.el9_4.x86_64  CompilerName: GCC  CompilerVersion: 8.4.0
ProgramName: mri_label2vol  ProgramArguments: mri_label2vol -all-info  ProgramVersion: 7.3.2  TimeStamp: 2026/03/14-10:46:53-GMT  BuildTime: Aug  4 2022 06:17:15  BuildStamp: freesurfer-linux-ubuntu22_x86_64-7.3.2-20220804-6354275  User: oesteban  Machine: dna076  Platform: Linux  PlatformVersion: 5.14.0-427.37.1.el9_4.x86_64  CompilerName: GCC  CompilerVersion: 8.4.0
ProgramName: mri_log_likelihood  ProgramArguments: mri_log_likelihood -all-info  ProgramVersion: 7.3.2  TimeStamp: 2026/03/14-10:46:53-GMT  BuildTime: Aug  4 2022 06:17:15  BuildStamp: freesurfer-linux-ubuntu22_x86_64-7.3.2-20220804-6354275  User: oesteban  Machine: dna076  Platform: Linux  PlatformVersion: 5.14.0-427.37.1.el9_4.x86_64  CompilerName: GCC  CompilerVersion: 8.4.0
ProgramName: mri_mask  ProgramArguments: mri_mask -all-info  ProgramVersion: 7.3.2  TimeStamp: 2026/03/14-10:46:53-GMT  BuildTime: Aug  4 2022 06:17:15  BuildStamp: freesurfer-linux-ubuntu22_x86_64-7.3.2-20220804-6354275  User: oesteban  Machine: dna076  Platform: Linux  PlatformVersion: 5.14.0-427.37.1.el9_4.x86_64  CompilerName: GCC  CompilerVersion: 8.4.0
ProgramName: mri_matrix_multiply  ProgramArguments: mri_matrix_multiply -all-info  ProgramVersion: 7.3.2  TimeStamp: 2026/03/14-10:46:53-GMT  BuildTime: Aug  4 2022 06:17:15  BuildStamp: freesurfer-linux-ubuntu22_x86_64-7.3.2-20220804-6354275  User: oesteban  Machine: dna076  Platform: Linux  PlatformVersion: 5.14.0-427.37.1.el9_4.x86_64  CompilerName: GCC  CompilerVersion: 8.4.0
ProgramName: mri_normalize  ProgramArguments: mri_normalize -all-info  ProgramVersion: 7.3.2  TimeStamp: 2026/03/14-10:46:53-GMT  BuildTime: Aug  4 2022 06:17:15  BuildStamp: freesurfer-linux-ubuntu22_x86_64-7.3.2-20220804-6354275  User: oesteban  Machine: dna076  Platform: Linux  PlatformVersion: 5.14.0-427.37.1.el9_4.x86_64  CompilerName: GCC  CompilerVersion: 8.4.0
ProgramName: mri_normalize_tp2  ProgramArguments: mri_normalize_tp2 -all-info  ProgramVersion: 7.3.2  TimeStamp: 2026/03/14-10:46:53-GMT  BuildTime: Aug  4 2022 06:17:15  BuildStamp: freesurfer-linux-ubuntu22_x86_64-7.3.2-20220804-6354275  User: oesteban  Machine: dna076  Platform: Linux  PlatformVersion: 5.14.0-427.37.1.el9_4.x86_64  CompilerName: GCC  CompilerVersion: 8.4.0
ProgramName: mri_or  ProgramArguments: mri_or -all-info  ProgramVersion: 7.3.2  TimeStamp: 2026/03/14-10:46:53-GMT  BuildTime: Aug  4 2022 06:17:15  BuildStamp: freesurfer-linux-ubuntu22_x86_64-7.3.2-20220804-6354275  User: oesteban  Machine: dna076  Platform: Linux  PlatformVersion: 5.14.0-427.37.1.el9_4.x86_64  CompilerName: GCC  CompilerVersion: 8.4.0
ProgramName: mri_relabel_hypointensities  ProgramArguments: mri_relabel_hypointensities -all-info  ProgramVersion: 7.3.2  TimeStamp: 2026/03/14-10:46:53-GMT  BuildTime: Aug  4 2022 06:17:15  BuildStamp: freesurfer-linux-ubuntu22_x86_64-7.3.2-20220804-6354275  User: oesteban  Machine: dna076  Platform: Linux  PlatformVersion: 5.14.0-427.37.1.el9_4.x86_64  CompilerName: GCC  CompilerVersion: 8.4.0
ProgramName: mri_relabel_nonwm_hypos  ProgramArguments: mri_relabel_nonwm_hypos -all-info  ProgramVersion: 7.3.2  TimeStamp: 2026/03/14-10:46:53-GMT  BuildTime: Aug  4 2022 06:17:15  BuildStamp: freesurfer-linux-ubuntu22_x86_64-7.3.2-20220804-6354275  User: oesteban  Machine: dna076  Platform: Linux  PlatformVersion: 5.14.0-427.37.1.el9_4.x86_64  CompilerName: GCC  CompilerVersion: 8.4.0
ProgramName: mri_remove_neck  ProgramArguments: mri_remove_neck -all-info  ProgramVersion: 7.3.2  TimeStamp: 2026/03/14-10:46:53-GMT  BuildTime: Aug  4 2022 06:17:15  BuildStamp: freesurfer-linux-ubuntu22_x86_64-7.3.2-20220804-6354275  User: oesteban  Machine: dna076  Platform: Linux  PlatformVersion: 5.14.0-427.37.1.el9_4.x86_64  CompilerName: GCC  CompilerVersion: 8.4.0
7.3.2

ProgramName: mri_robust_register  ProgramArguments: mri_robust_register -all-info  ProgramVersion: 7.3.2  TimeStamp: 2026/03/14-10:46:53-GMT  BuildTime: Aug  4 2022 06:17:15  BuildStamp: freesurfer-linux-ubuntu22_x86_64-7.3.2-20220804-6354275  User: oesteban  Machine: dna076  Platform: Linux  PlatformVersion: 5.14.0-427.37.1.el9_4.x86_64  CompilerName: GCC  CompilerVersion: 8.4.0
7.3.2

ProgramName: mri_robust_template  ProgramArguments: mri_robust_template -all-info  ProgramVersion: 7.3.2  TimeStamp: 2026/03/14-10:46:53-GMT  BuildTime: Aug  4 2022 06:17:15  BuildStamp: freesurfer-linux-ubuntu22_x86_64-7.3.2-20220804-6354275  User: oesteban  Machine: dna076  Platform: Linux  PlatformVersion: 5.14.0-427.37.1.el9_4.x86_64  CompilerName: GCC  CompilerVersion: 8.4.0
ProgramName: mris_anatomical_stats  ProgramArguments: mris_anatomical_stats -all-info  ProgramVersion: 7.3.2  TimeStamp: 2026/03/14-10:46:53-GMT  BuildTime: Aug  4 2022 06:17:15  BuildStamp: freesurfer-linux-ubuntu22_x86_64-7.3.2-20220804-6354275  User: oesteban  Machine: dna076  Platform: Linux  PlatformVersion: 5.14.0-427.37.1.el9_4.x86_64  CompilerName: GCC  CompilerVersion: 8.4.0
ProgramName: mris_ca_label  ProgramArguments: mris_ca_label -all-info  ProgramVersion: 7.3.2  TimeStamp: 2026/03/14-10:46:53-GMT  BuildTime: Aug  4 2022 06:17:15  BuildStamp: freesurfer-linux-ubuntu22_x86_64-7.3.2-20220804-6354275  User: oesteban  Machine: dna076  Platform: Linux  PlatformVersion: 5.14.0-427.37.1.el9_4.x86_64  CompilerName: GCC  CompilerVersion: 8.4.0
ProgramName: mris_calc  ProgramArguments: mris_calc -all-info  ProgramVersion: 7.3.2  TimeStamp: 2026/03/14-10:46:53-GMT  BuildTime: Aug  4 2022 06:17:15  BuildStamp: freesurfer-linux-ubuntu22_x86_64-7.3.2-20220804-6354275  User: oesteban  Machine: dna076  Platform: Linux  PlatformVersion: 5.14.0-427.37.1.el9_4.x86_64  CompilerName: GCC  CompilerVersion: 8.4.0
ProgramName: mris_convert  ProgramArguments: mris_convert -all-info  ProgramVersion: 7.3.2  TimeStamp: 2026/03/14-10:46:53-GMT  BuildTime: Aug  4 2022 06:17:15  BuildStamp: freesurfer-linux-ubuntu22_x86_64-7.3.2-20220804-6354275  User: oesteban  Machine: dna076  Platform: Linux  PlatformVersion: 5.14.0-427.37.1.el9_4.x86_64  CompilerName: GCC  CompilerVersion: 8.4.0
ProgramName: mris_curvature  ProgramArguments: mris_curvature -all-info  ProgramVersion: 7.3.2  TimeStamp: 2026/03/14-10:46:53-GMT  BuildTime: Aug  4 2022 06:17:15  BuildStamp: freesurfer-linux-ubuntu22_x86_64-7.3.2-20220804-6354275  User: oesteban  Machine: dna076  Platform: Linux  PlatformVersion: 5.14.0-427.37.1.el9_4.x86_64  CompilerName: GCC  CompilerVersion: 8.4.0
ProgramName: mris_curvature_stats  ProgramArguments: mris_curvature_stats -all-info  ProgramVersion: 7.3.2  TimeStamp: 2026/03/14-10:46:53-GMT  BuildTime: Aug  4 2022 06:17:15  BuildStamp: freesurfer-linux-ubuntu22_x86_64-7.3.2-20220804-6354275  User: oesteban  Machine: dna076  Platform: Linux  PlatformVersion: 5.14.0-427.37.1.el9_4.x86_64  CompilerName: GCC  CompilerVersion: 8.4.0
ProgramName: mris_diff  ProgramArguments: mris_diff -all-info  ProgramVersion: 7.3.2  TimeStamp: 2026/03/14-10:46:53-GMT  BuildTime: Aug  4 2022 06:17:15  BuildStamp: freesurfer-linux-ubuntu22_x86_64-7.3.2-20220804-6354275  User: oesteban  Machine: dna076  Platform: Linux  PlatformVersion: 5.14.0-427.37.1.el9_4.x86_64  CompilerName: GCC  CompilerVersion: 8.4.0
ProgramName: mris_divide_parcellation  ProgramArguments: mris_divide_parcellation -all-info  ProgramVersion: 7.3.2  TimeStamp: 2026/03/14-10:46:53-GMT  BuildTime: Aug  4 2022 06:17:15  BuildStamp: freesurfer-linux-ubuntu22_x86_64-7.3.2-20220804-6354275  User: oesteban  Machine: dna076  Platform: Linux  PlatformVersion: 5.14.0-427.37.1.el9_4.x86_64  CompilerName: GCC  CompilerVersion: 8.4.0
ProgramName: mri_segment  ProgramArguments: mri_segment -all-info  ProgramVersion: 7.3.2  TimeStamp: 2026/03/14-10:46:53-GMT  BuildTime: Aug  4 2022 06:17:15  BuildStamp: freesurfer-linux-ubuntu22_x86_64-7.3.2-20220804-6354275  User: oesteban  Machine: dna076  Platform: Linux  PlatformVersion: 5.14.0-427.37.1.el9_4.x86_64  CompilerName: GCC  CompilerVersion: 8.4.0
ProgramName: mri_segstats  ProgramArguments: mri_segstats -all-info  ProgramVersion: 7.3.2  TimeStamp: 2026/03/14-10:46:53-GMT  BuildTime: Aug  4 2022 06:17:15  BuildStamp: freesurfer-linux-ubuntu22_x86_64-7.3.2-20220804-6354275  User: oesteban  Machine: dna076  Platform: Linux  PlatformVersion: 5.14.0-427.37.1.el9_4.x86_64  CompilerName: GCC  CompilerVersion: 8.4.0
ProgramName: mris_euler_number  ProgramArguments: mris_euler_number -all-info  ProgramVersion: 7.3.2  TimeStamp: 2026/03/14-10:46:53-GMT  BuildTime: Aug  4 2022 06:17:15  BuildStamp: freesurfer-linux-ubuntu22_x86_64-7.3.2-20220804-6354275  User: oesteban  Machine: dna076  Platform: Linux  PlatformVersion: 5.14.0-427.37.1.el9_4.x86_64  CompilerName: GCC  CompilerVersion: 8.4.0
ProgramName: mris_fix_topology  ProgramArguments: mris_fix_topology -all-info  ProgramVersion: 7.3.2  TimeStamp: 2026/03/14-10:46:53-GMT  BuildTime: Aug  4 2022 06:17:15  BuildStamp: freesurfer-linux-ubuntu22_x86_64-7.3.2-20220804-6354275  User: oesteban  Machine: dna076  Platform: Linux  PlatformVersion: 5.14.0-427.37.1.el9_4.x86_64  CompilerName: GCC  CompilerVersion: 8.4.0
ProgramName: mris_topo_fixer  ProgramArguments: mris_topo_fixer -all-info  ProgramVersion: 7.3.2  TimeStamp: 2026/03/14-10:46:53-GMT  BuildTime: Aug  4 2022 06:17:15  BuildStamp: freesurfer-linux-ubuntu22_x86_64-7.3.2-20220804-6354275  User: oesteban  Machine: dna076  Platform: Linux  PlatformVersion: 5.14.0-427.37.1.el9_4.x86_64  CompilerName: GCC  CompilerVersion: 8.4.0
ProgramName: mris_jacobian  ProgramArguments: mris_jacobian -all-info  ProgramVersion: 7.3.2  TimeStamp: 2026/03/14-10:46:53-GMT  BuildTime: Aug  4 2022 06:17:15  BuildStamp: freesurfer-linux-ubuntu22_x86_64-7.3.2-20220804-6354275  User: oesteban  Machine: dna076  Platform: Linux  PlatformVersion: 5.14.0-427.37.1.el9_4.x86_64  CompilerName: GCC  CompilerVersion: 8.4.0
ProgramName: mris_label2annot  ProgramArguments: mris_label2annot -all-info  ProgramVersion: 7.3.2  TimeStamp: 2026/03/14-10:46:53-GMT  BuildTime: Aug  4 2022 06:17:15  BuildStamp: freesurfer-linux-ubuntu22_x86_64-7.3.2-20220804-6354275  User: oesteban  Machine: dna076  Platform: Linux  PlatformVersion: 5.14.0-427.37.1.el9_4.x86_64  CompilerName: GCC  CompilerVersion: 8.4.0
ProgramName: mris_left_right_register  ProgramArguments: mris_left_right_register -all-info  ProgramVersion: 7.3.2  TimeStamp: 2026/03/14-10:46:53-GMT  BuildTime: Aug  4 2022 06:17:15  BuildStamp: freesurfer-linux-ubuntu22_x86_64-7.3.2-20220804-6354275  User: oesteban  Machine: dna076  Platform: Linux  PlatformVersion: 5.14.0-427.37.1.el9_4.x86_64  CompilerName: GCC  CompilerVersion: 8.4.0
ProgramName: mris_place_surface  ProgramArguments: mris_place_surface -all-info  ProgramVersion: 7.3.2  TimeStamp: 2026/03/14-10:46:53-GMT  BuildTime: Aug  4 2022 06:17:15  BuildStamp: freesurfer-linux-ubuntu22_x86_64-7.3.2-20220804-6354275  User: oesteban  Machine: dna076  Platform: Linux  PlatformVersion: 5.14.0-427.37.1.el9_4.x86_64  CompilerName: GCC  CompilerVersion: 8.4.0
ProgramName: mrisp_paint  ProgramArguments: mrisp_paint -all-info  ProgramVersion: 7.3.2  TimeStamp: 2026/03/14-10:46:53-GMT  BuildTime: Aug  4 2022 06:17:15  BuildStamp: freesurfer-linux-ubuntu22_x86_64-7.3.2-20220804-6354275  User: oesteban  Machine: dna076  Platform: Linux  PlatformVersion: 5.14.0-427.37.1.el9_4.x86_64  CompilerName: GCC  CompilerVersion: 8.4.0
ProgramName: mris_register  ProgramArguments: mris_register -all-info  ProgramVersion: 7.3.2  TimeStamp: 2026/03/14-10:46:53-GMT  BuildTime: Aug  4 2022 06:17:15  BuildStamp: freesurfer-linux-ubuntu22_x86_64-7.3.2-20220804-6354275  User: oesteban  Machine: dna076  Platform: Linux  PlatformVersion: 5.14.0-427.37.1.el9_4.x86_64  CompilerName: GCC  CompilerVersion: 8.4.0
ProgramName: mris_smooth  ProgramArguments: mris_smooth -all-info  ProgramVersion: 7.3.2  TimeStamp: 2026/03/14-10:46:53-GMT  BuildTime: Aug  4 2022 06:17:15  BuildStamp: freesurfer-linux-ubuntu22_x86_64-7.3.2-20220804-6354275  User: oesteban  Machine: dna076  Platform: Linux  PlatformVersion: 5.14.0-427.37.1.el9_4.x86_64  CompilerName: GCC  CompilerVersion: 8.4.0
ProgramName: mris_sphere  ProgramArguments: mris_sphere -all-info  ProgramVersion: 7.3.2  TimeStamp: 2026/03/14-10:46:53-GMT  BuildTime: Aug  4 2022 06:17:15  BuildStamp: freesurfer-linux-ubuntu22_x86_64-7.3.2-20220804-6354275  User: oesteban  Machine: dna076  Platform: Linux  PlatformVersion: 5.14.0-427.37.1.el9_4.x86_64  CompilerName: GCC  CompilerVersion: 8.4.0
ProgramName: mris_surface_stats  ProgramArguments: mris_surface_stats -all-info  ProgramVersion: 7.3.2  TimeStamp: 2026/03/14-10:46:53-GMT  BuildTime: Aug  4 2022 06:17:15  BuildStamp: freesurfer-linux-ubuntu22_x86_64-7.3.2-20220804-6354275  User: oesteban  Machine: dna076  Platform: Linux  PlatformVersion: 5.14.0-427.37.1.el9_4.x86_64  CompilerName: GCC  CompilerVersion: 8.4.0
ProgramName: mri_stats2seg  ProgramArguments: mri_stats2seg -all-info  ProgramVersion: 7.3.2  TimeStamp: 2026/03/14-10:46:53-GMT  BuildTime: Aug  4 2022 06:17:15  BuildStamp: freesurfer-linux-ubuntu22_x86_64-7.3.2-20220804-6354275  User: oesteban  Machine: dna076  Platform: Linux  PlatformVersion: 5.14.0-427.37.1.el9_4.x86_64  CompilerName: GCC  CompilerVersion: 8.4.0
ProgramName: mris_thickness  ProgramArguments: mris_thickness -all-info  ProgramVersion: 7.3.2  TimeStamp: 2026/03/14-10:46:53-GMT  BuildTime: Aug  4 2022 06:17:15  BuildStamp: freesurfer-linux-ubuntu22_x86_64-7.3.2-20220804-6354275  User: oesteban  Machine: dna076  Platform: Linux  PlatformVersion: 5.14.0-427.37.1.el9_4.x86_64  CompilerName: GCC  CompilerVersion: 8.4.0
ProgramName: mris_thickness_diff  ProgramArguments: mris_thickness_diff -all-info  ProgramVersion: 7.3.2  TimeStamp: 2026/03/14-10:46:53-GMT  BuildTime: Aug  4 2022 06:17:15  BuildStamp: freesurfer-linux-ubuntu22_x86_64-7.3.2-20220804-6354275  User: oesteban  Machine: dna076  Platform: Linux  PlatformVersion: 5.14.0-427.37.1.el9_4.x86_64  CompilerName: GCC  CompilerVersion: 8.4.0
ProgramName: mris_topo_fixer  ProgramArguments: mris_topo_fixer -all-info  ProgramVersion: 7.3.2  TimeStamp: 2026/03/14-10:46:53-GMT  BuildTime: Aug  4 2022 06:17:15  BuildStamp: freesurfer-linux-ubuntu22_x86_64-7.3.2-20220804-6354275  User: oesteban  Machine: dna076  Platform: Linux  PlatformVersion: 5.14.0-427.37.1.el9_4.x86_64  CompilerName: GCC  CompilerVersion: 8.4.0
ProgramName: mri_surf2surf  ProgramArguments: mri_surf2surf -all-info  ProgramVersion: 7.3.2  TimeStamp: 2026/03/14-10:46:53-GMT  BuildTime: Aug  4 2022 06:17:15  BuildStamp: freesurfer-linux-ubuntu22_x86_64-7.3.2-20220804-6354275  User: oesteban  Machine: dna076  Platform: Linux  PlatformVersion: 5.14.0-427.37.1.el9_4.x86_64  CompilerName: GCC  CompilerVersion: 8.4.0
ProgramName: mri_surf2vol  ProgramArguments: mri_surf2vol -all-info  ProgramVersion: 7.3.2  TimeStamp: 2026/03/14-10:46:53-GMT  BuildTime: Aug  4 2022 06:17:15  BuildStamp: freesurfer-linux-ubuntu22_x86_64-7.3.2-20220804-6354275  User: oesteban  Machine: dna076  Platform: Linux  PlatformVersion: 5.14.0-427.37.1.el9_4.x86_64  CompilerName: GCC  CompilerVersion: 8.4.0
ProgramName: mri_surfcluster  ProgramArguments: mri_surfcluster -all-info  ProgramVersion: 7.3.2  TimeStamp: 2026/03/14-10:46:53-GMT  BuildTime: Aug  4 2022 06:17:15  BuildStamp: freesurfer-linux-ubuntu22_x86_64-7.3.2-20220804-6354275  User: oesteban  Machine: dna076  Platform: Linux  PlatformVersion: 5.14.0-427.37.1.el9_4.x86_64  CompilerName: GCC  CompilerVersion: 8.4.0
ProgramName: mris_volmask  ProgramArguments: mris_volmask -all-info  ProgramVersion: 7.3.2  TimeStamp: 2026/03/14-10:46:53-GMT  BuildTime: Aug  4 2022 06:17:15  BuildStamp: freesurfer-linux-ubuntu22_x86_64-7.3.2-20220804-6354275  User: oesteban  Machine: dna076  Platform: Linux  PlatformVersion: 5.14.0-427.37.1.el9_4.x86_64  CompilerName: GCC  CompilerVersion: 8.4.0
ProgramName: mri_tessellate  ProgramArguments: mri_tessellate -all-info  ProgramVersion: 7.3.2  TimeStamp: 2026/03/14-10:46:53-GMT  BuildTime: Aug  4 2022 06:17:15  BuildStamp: freesurfer-linux-ubuntu22_x86_64-7.3.2-20220804-6354275  User: oesteban  Machine: dna076  Platform: Linux  PlatformVersion: 5.14.0-427.37.1.el9_4.x86_64  CompilerName: GCC  CompilerVersion: 8.4.0
ProgramName: mri_vol2surf  ProgramArguments: mri_vol2surf -all-info  ProgramVersion: 7.3.2  TimeStamp: 2026/03/14-10:46:53-GMT  BuildTime: Aug  4 2022 06:17:15  BuildStamp: freesurfer-linux-ubuntu22_x86_64-7.3.2-20220804-6354275  User: oesteban  Machine: dna076  Platform: Linux  PlatformVersion: 5.14.0-427.37.1.el9_4.x86_64  CompilerName: GCC  CompilerVersion: 8.4.0
ProgramName: mri_vol2vol  ProgramArguments: mri_vol2vol -all-info  ProgramVersion: 7.3.2  TimeStamp: 2026/03/14-10:46:53-GMT  BuildTime: Aug  4 2022 06:17:15  BuildStamp: freesurfer-linux-ubuntu22_x86_64-7.3.2-20220804-6354275  User: oesteban  Machine: dna076  Platform: Linux  PlatformVersion: 5.14.0-427.37.1.el9_4.x86_64  CompilerName: GCC  CompilerVersion: 8.4.0
ProgramName: mri_voldiff  ProgramArguments: mri_voldiff -all-info  ProgramVersion: 7.3.2  TimeStamp: 2026/03/14-10:46:53-GMT  BuildTime: Aug  4 2022 06:17:15  BuildStamp: freesurfer-linux-ubuntu22_x86_64-7.3.2-20220804-6354275  User: oesteban  Machine: dna076  Platform: Linux  PlatformVersion: 5.14.0-427.37.1.el9_4.x86_64  CompilerName: GCC  CompilerVersion: 8.4.0
ProgramName: mri_watershed  ProgramArguments: mri_watershed -all-info  ProgramVersion: 7.3.2  TimeStamp: 2026/03/14-10:46:53-GMT  BuildTime: Aug  4 2022 06:17:15  BuildStamp: freesurfer-linux-ubuntu22_x86_64-7.3.2-20220804-6354275  User: oesteban  Machine: dna076  Platform: Linux  PlatformVersion: 5.14.0-427.37.1.el9_4.x86_64  CompilerName: GCC  CompilerVersion: 8.4.0
ProgramName: tkregister2  ProgramArguments: tkregister2_cmdl -all-info  ProgramVersion: 7.3.2  TimeStamp: 2026/03/14-10:46:53-GMT  BuildTime: Aug  4 2022 06:17:15  BuildStamp: freesurfer-linux-ubuntu22_x86_64-7.3.2-20220804-6354275  User: oesteban  Machine: dna076  Platform: Linux  PlatformVersion: 5.14.0-427.37.1.el9_4.x86_64  CompilerName: GCC  CompilerVersion: 8.4.0
mri_motion_correct.fsl 7.3.2
mri_convert -all-info 
ProgramName: mri_convert  ProgramArguments: mri_convert -all-info  ProgramVersion: 7.3.2  TimeStamp: 2026/03/14-10:46:53-GMT  BuildTime: Aug  4 2022 06:17:15  BuildStamp: freesurfer-linux-ubuntu22_x86_64-7.3.2-20220804-6354275  User: oesteban  Machine: dna076  Platform: Linux  PlatformVersion: 5.14.0-427.37.1.el9_4.x86_64  CompilerName: GCC  CompilerVersion: 8.4.0
Program nu_correct, built from:
Package MNI N3, version 1.12.0, compiled by nicks@terrier (x86_64-unknown-linux-gnu) on 2015-06-19 at 01:25:34
#######################################
GCADIR /opt/freesurfer/average
GCA RB_all_2020-01-02.gca
GCASkull RB_all_withskull_2020_01_02.gca
AvgCurvTif folding.atlas.acfb40.noaparc.i12.2016-08-02.tif
GCSDIR /opt/freesurfer/average
GCS DKaparc.atlas.acfb40.noaparc.i12.2016-08-02.gcs
#######################################
#--------------------------------------------
#@# Tessellate lh Sat Mar 14 11:46:53 CET 2026
/out/sourcedata/freesurfer/sub-v2s9x29165_ses-1/scripts

 mri_pretess ../mri/filled.mgz 255 ../mri/norm.mgz ../mri/filled-pretess255.mgz 


Iteration Number : 1
pass   1 (xy+):   2 found -   2 modified     |    TOTAL:   2
pass   2 (xy+):   0 found -   2 modified     |    TOTAL:   2
pass   1 (xy-):   1 found -   1 modified     |    TOTAL:   3
pass   2 (xy-):   0 found -   1 modified     |    TOTAL:   3
pass   1 (yz+):   8 found -   8 modified     |    TOTAL:  11
pass   2 (yz+):   0 found -   8 modified     |    TOTAL:  11
pass   1 (yz-):   4 found -   4 modified     |    TOTAL:  15
pass   2 (yz-):   0 found -   4 modified     |    TOTAL:  15
pass   1 (xz+):   2 found -   2 modified     |    TOTAL:  17
pass   2 (xz+):   0 found -   2 modified     |    TOTAL:  17
pass   1 (xz-):   1 found -   1 modified     |    TOTAL:  18
pass   2 (xz-):   0 found -   1 modified     |    TOTAL:  18
Iteration Number : 1
pass   1 (+++):   0 found -   0 modified     |    TOTAL:   0
pass   1 (+++):   0 found -   0 modified     |    TOTAL:   0
pass   1 (+++):   0 found -   0 modified     |    TOTAL:   0
pass   1 (+++):   0 found -   0 modified     |    TOTAL:   0
Iteration Number : 1
pass   1 (++):   1 found -   1 modified     |    TOTAL:   1
pass   2 (++):   0 found -   1 modified     |    TOTAL:   1
pass   1 (+-):   1 found -   1 modified     |    TOTAL:   2
pass   2 (+-):   0 found -   1 modified     |    TOTAL:   2
pass   1 (--):   0 found -   0 modified     |    TOTAL:   2
pass   1 (-+):   0 found -   0 modified     |    TOTAL:   2
Iteration Number : 2
pass   1 (xy+):   0 found -   0 modified     |    TOTAL:   0
pass   1 (xy-):   0 found -   0 modified     |    TOTAL:   0
pass   1 (yz+):   1 found -   1 modified     |    TOTAL:   1
pass   2 (yz+):   0 found -   1 modified     |    TOTAL:   1
pass   1 (yz-):   0 found -   0 modified     |    TOTAL:   1
pass   1 (xz+):   0 found -   0 modified     |    TOTAL:   1
pass   1 (xz-):   0 found -   0 modified     |    TOTAL:   1
Iteration Number : 2
pass   1 (+++):   0 found -   0 modified     |    TOTAL:   0
pass   1 (+++):   0 found -   0 modified     |    TOTAL:   0
pass   1 (+++):   0 found -   0 modified     |    TOTAL:   0
pass   1 (+++):   0 found -   0 modified     |    TOTAL:   0
Iteration Number : 2
pass   1 (++):   0 found -   0 modified     |    TOTAL:   0
pass   1 (+-):   0 found -   0 modified     |    TOTAL:   0
pass   1 (--):   0 found -   0 modified     |    TOTAL:   0
pass   1 (-+):   0 found -   0 modified     |    TOTAL:   0
Iteration Number : 3
pass   1 (xy+):   0 found -   0 modified     |    TOTAL:   0
pass   1 (xy-):   0 found -   0 modified     |    TOTAL:   0
pass   1 (yz+):   0 found -   0 modified     |    TOTAL:   0
pass   1 (yz-):   0 found -   0 modified     |    TOTAL:   0
pass   1 (xz+):   0 found -   0 modified     |    TOTAL:   0
pass   1 (xz-):   0 found -   0 modified     |    TOTAL:   0
Iteration Number : 3
pass   1 (+++):   0 found -   0 modified     |    TOTAL:   0
pass   1 (+++):   0 found -   0 modified     |    TOTAL:   0
pass   1 (+++):   0 found -   0 modified     |    TOTAL:   0
pass   1 (+++):   0 found -   0 modified     |    TOTAL:   0
Iteration Number : 3
pass   1 (++):   0 found -   0 modified     |    TOTAL:   0
pass   1 (+-):   0 found -   0 modified     |    TOTAL:   0
pass   1 (--):   0 found -   0 modified     |    TOTAL:   0
pass   1 (-+):   0 found -   0 modified     |    TOTAL:   0

Total Number of Modified Voxels = 21 (out of 222312: 0.009446)
Ambiguous edge configurations... 

mri_pretess done


 mri_tessellate ../mri/filled-pretess255.mgz 255 ../surf/lh.orig.nofix 

7.3.2
  7.3.2
slice 40: 2513 vertices, 2668 faces
slice 50: 9697 vertices, 9985 faces
slice 60: 18526 vertices, 18882 faces
slice 70: 28523 vertices, 28861 faces
slice 80: 39553 vertices, 39914 faces
slice 90: 50054 vertices, 50435 faces
slice 100: 60760 vertices, 61147 faces
slice 110: 71128 vertices, 71483 faces
slice 120: 80936 vertices, 81343 faces
slice 130: 90624 vertices, 90977 faces
slice 140: 98920 vertices, 99235 faces
slice 150: 106041 vertices, 106318 faces
slice 160: 113248 vertices, 113493 faces
slice 170: 118756 vertices, 118956 faces
slice 180: 122841 vertices, 123000 faces
slice 190: 125295 vertices, 125392 faces
slice 200: 125792 vertices, 125832 faces
slice 210: 125792 vertices, 125832 faces
slice 220: 125792 vertices, 125832 faces
slice 230: 125792 vertices, 125832 faces
slice 240: 125792 vertices, 125832 faces
slice 250: 125792 vertices, 125832 faces
using the conformed surface RAS to save vertex points...
writing ../surf/lh.orig.nofix
using vox2ras matrix:
-1.00000   0.00000   0.00000   128.00000;
 0.00000   0.00000   1.00000  -128.00000;
 0.00000  -1.00000   0.00000   128.00000;
 0.00000   0.00000   0.00000   1.00000;

 rm -f ../mri/filled-pretess255.mgz 


 mris_extract_main_component ../surf/lh.orig.nofix ../surf/lh.orig.nofix 


counting number of connected components...
   125792 voxel in cpt #1: X=-40 [v=125792,e=377496,f=251664] located at (-27.706316, -24.436411, -12.440131)
For the whole surface: X=-40 [v=125792,e=377496,f=251664]
One single component has been found
nothing to do
done

#--------------------------------------------
#@# Smooth1 lh Sat Mar 14 11:46:56 CET 2026
/out/sourcedata/freesurfer/sub-v2s9x29165_ses-1/scripts

 mris_smooth -nw -seed 1234 ../surf/lh.orig.nofix ../surf/lh.smoothwm.nofix 

setting seed for random number generator to 1234
smoothing surface tessellation for 10 iterations...
smoothing complete - recomputing first and second fundamental forms...
#--------------------------------------------
#@# Inflation1 lh Sat Mar 14 11:46:58 CET 2026
/out/sourcedata/freesurfer/sub-v2s9x29165_ses-1/scripts

 mris_inflate -no-save-sulc ../surf/lh.smoothwm.nofix ../surf/lh.inflated.nofix 

Not saving sulc
Reading ../surf/lh.smoothwm.nofix
avg radius = 45.9 mm, total surface area = 67765 mm^2
step 000: RMS=0.153 (target=0.015)   step 005: RMS=0.117 (target=0.015)   step 010: RMS=0.089 (target=0.015)   step 015: RMS=0.077 (target=0.015)   step 020: RMS=0.067 (target=0.015)   step 025: RMS=0.059 (target=0.015)   step 030: RMS=0.054 (target=0.015)   step 035: RMS=0.050 (target=0.015)   step 040: RMS=0.049 (target=0.015)   step 045: RMS=0.046 (target=0.015)   step 050: RMS=0.046 (target=0.015)   step 055: RMS=0.046 (target=0.015)   step 060: RMS=0.047 (target=0.015)   writing inflated surface to ../surf/lh.inflated.nofix
inflation took 0.2 minutes

inflation complete.
Not saving sulc
mris_inflate utimesec    42.492614
mris_inflate stimesec    1.534559
mris_inflate ru_maxrss   199308
mris_inflate ru_ixrss    0
mris_inflate ru_idrss    0
mris_inflate ru_isrss    0
mris_inflate ru_minflt   485814
mris_inflate ru_majflt   42
mris_inflate ru_nswap    0
mris_inflate ru_inblock  1672
mris_inflate ru_oublock  8856
mris_inflate ru_msgsnd   0
mris_inflate ru_msgrcv   0
mris_inflate ru_nsignals 0
mris_inflate ru_nvcsw    5610
mris_inflate ru_nivcsw   276
#--------------------------------------------
#@# QSphere lh Sat Mar 14 11:47:08 CET 2026
/out/sourcedata/freesurfer/sub-v2s9x29165_ses-1/scripts

 mris_sphere -q -p 6 -a 128 -seed 1234 ../surf/lh.inflated.nofix ../surf/lh.qsphere.nofix 

doing quick spherical unfolding.
limitting unfolding to 6 passes
using n_averages = 128
setting seed for random number genererator to 1234
version: 7.3.2
available threads: 16
scaling brain by 0.311...
inflating...
projecting onto sphere...
surface projected - minimizing metric distortion...
vertex spacing 1.02 +- 0.62 (0.00-->6.40) (max @ vno 59898 --> 61003)
face area 0.03 +- 0.03 (-0.15-->0.53)
Entering MRISinflateToSphere()
inflating to sphere (rms error < 2.00)
000: dt: 0.0000, rms radial error=177.227, avgs=0
005/300: dt: 0.9000, rms radial error=176.969, avgs=0
010/300: dt: 0.9000, rms radial error=176.416, avgs=0
015/300: dt: 0.9000, rms radial error=175.689, avgs=0
020/300: dt: 0.9000, rms radial error=174.862, avgs=0
025/300: dt: 0.9000, rms radial error=173.976, avgs=0
030/300: dt: 0.9000, rms radial error=173.058, avgs=0
035/300: dt: 0.9000, rms radial error=172.122, avgs=0
040/300: dt: 0.9000, rms radial error=171.178, avgs=0
045/300: dt: 0.9000, rms radial error=170.231, avgs=0
050/300: dt: 0.9000, rms radial error=169.284, avgs=0
055/300: dt: 0.9000, rms radial error=168.339, avgs=0
060/300: dt: 0.9000, rms radial error=167.397, avgs=0
065/300: dt: 0.9000, rms radial error=166.458, avgs=0
070/300: dt: 0.9000, rms radial error=165.524, avgs=0
075/300: dt: 0.9000, rms radial error=164.595, avgs=0
080/300: dt: 0.9000, rms radial error=163.669, avgs=0
085/300: dt: 0.9000, rms radial error=162.749, avgs=0
090/300: dt: 0.9000, rms radial error=161.832, avgs=0
095/300: dt: 0.9000, rms radial error=160.921, avgs=0
100/300: dt: 0.9000, rms radial error=160.014, avgs=0
105/300: dt: 0.9000, rms radial error=159.112, avgs=0
110/300: dt: 0.9000, rms radial error=158.214, avgs=0
115/300: dt: 0.9000, rms radial error=157.321, avgs=0
120/300: dt: 0.9000, rms radial error=156.437, avgs=0
125/300: dt: 0.9000, rms radial error=155.558, avgs=0
130/300: dt: 0.9000, rms radial error=154.684, avgs=0
135/300: dt: 0.9000, rms radial error=153.814, avgs=0
140/300: dt: 0.9000, rms radial error=152.949, avgs=0
145/300: dt: 0.9000, rms radial error=152.089, avgs=0
150/300: dt: 0.9000, rms radial error=151.234, avgs=0
155/300: dt: 0.9000, rms radial error=150.383, avgs=0
160/300: dt: 0.9000, rms radial error=149.536, avgs=0
165/300: dt: 0.9000, rms radial error=148.695, avgs=0
170/300: dt: 0.9000, rms radial error=147.857, avgs=0
175/300: dt: 0.9000, rms radial error=147.025, avgs=0
180/300: dt: 0.9000, rms radial error=146.197, avgs=0
185/300: dt: 0.9000, rms radial error=145.373, avgs=0
190/300: dt: 0.9000, rms radial error=144.554, avgs=0
195/300: dt: 0.9000, rms radial error=143.740, avgs=0
200/300: dt: 0.9000, rms radial error=142.930, avgs=0
205/300: dt: 0.9000, rms radial error=142.124, avgs=0
210/300: dt: 0.9000, rms radial error=141.323, avgs=0
215/300: dt: 0.9000, rms radial error=140.526, avgs=0
220/300: dt: 0.9000, rms radial error=139.734, avgs=0
225/300: dt: 0.9000, rms radial error=138.946, avgs=0
230/300: dt: 0.9000, rms radial error=138.162, avgs=0
235/300: dt: 0.9000, rms radial error=137.383, avgs=0
240/300: dt: 0.9000, rms radial error=136.608, avgs=0
245/300: dt: 0.9000, rms radial error=135.837, avgs=0
250/300: dt: 0.9000, rms radial error=135.071, avgs=0
255/300: dt: 0.9000, rms radial error=134.309, avgs=0
260/300: dt: 0.9000, rms radial error=133.551, avgs=0
265/300: dt: 0.9000, rms radial error=132.797, avgs=0
270/300: dt: 0.9000, rms radial error=132.047, avgs=0
275/300: dt: 0.9000, rms radial error=131.302, avgs=0
280/300: dt: 0.9000, rms radial error=130.561, avgs=0
285/300: dt: 0.9000, rms radial error=129.824, avgs=0
290/300: dt: 0.9000, rms radial error=129.091, avgs=0
295/300: dt: 0.9000, rms radial error=128.362, avgs=0
300/300: dt: 0.9000, rms radial error=127.637, avgs=0

spherical inflation complete.
epoch 1 (K=10.0), pass 1, starting sse = 14692.08
taking momentum steps...
taking momentum steps...
taking momentum steps...
taking momentum steps...
pass 1 complete, delta sse/iter = 0.01/13 = 0.00046
epoch 2 (K=40.0), pass 1, starting sse = 2405.43
taking momentum steps...
taking momentum steps...
taking momentum steps...
taking momentum steps...
pass 1 complete, delta sse/iter = 0.00/13 = 0.00031
epoch 3 (K=160.0), pass 1, starting sse = 249.96
taking momentum steps...
taking momentum steps...
taking momentum steps...
taking momentum steps...
pass 1 complete, delta sse/iter = 0.12/14 = 0.00883
epoch 4 (K=640.0), pass 1, starting sse = 18.03
taking momentum steps...
taking momentum steps...
taking momentum steps...
taking momentum steps...
pass 1 complete, delta sse/iter = 0.09/18 = 0.00505
final distance error %100000.00
writing spherical brain to ../surf/lh.qsphere.nofix
spherical transformation took 0.0131 hours
FSRUNTIME@ mris_sphere  0.0131 hours 16 threads
#VMPC# mris_sphere VmPeak  1696480
mris_sphere done
#@# Fix Topology lh Sat Mar 14 11:47:55 CET 2026

 mris_fix_topology -mgz -sphere qsphere.nofix -inflated inflated.nofix -orig orig.nofix -out orig.premesh -ga -seed 1234 sub-v2s9x29165_ses-1 lh 

reading spherical homeomorphism from 'qsphere.nofix'
reading inflated coordinates from 'inflated.nofix'
reading original coordinates from 'orig.nofix'
using genetic algorithm with optimized parameters
setting seed for random number genererator to 1234

*************************************************************
Topology Correction Parameters
retessellation mode:           genetic search
number of patches/generation : 10
number of generations :        10
surface mri loglikelihood coefficient :         1.0
volume mri loglikelihood coefficient :          10.0
normal dot loglikelihood coefficient :          1.0
quadratic curvature loglikelihood coefficient : 1.0
volume resolution :                             2
eliminate vertices during search :              1
initial patch selection :                       1
select all defect vertices :                    0
ordering dependant retessellation:              0
use precomputed edge table :                    0
smooth retessellated patch :                    2
match retessellated patch :                     1
verbose mode :                                  0

*************************************************************
INFO: assuming .mgz format
writing corrected surface to 'orig.premesh'
7.3.2
  7.3.2
before topology correction, eno=-40 (nv=125792, nf=251664, ne=377496, g=21)
using quasi-homeomorphic spherical map to tessellate cortical surface...

Correction of the Topology
Finding true center and radius of Spherical Surface...done
Surface centered at (0,0,0) with radius 100.0 in 10 iterations
marking ambiguous vertices...
7511 ambiguous faces found in tessellation
segmenting defects...
34 defects found, arbitrating ambiguous regions...
analyzing neighboring defects...
      -merging segment 16 into 13
      -merging segment 25 into 24
32 defects to be corrected 
0 vertices coincident
reading input surface /out/sourcedata/freesurfer/sub-v2s9x29165_ses-1/surf/lh.qsphere.nofix...
reading brain volume from brain...
reading wm segmentation from wm...
Reading original properties of orig.nofix
Reading vertex positions of inflated.nofix
Computing Initial Surface Statistics
      -face       loglikelihood: -9.5238  (-4.7619)
      -vertex     loglikelihood: -6.4949  (-3.2474)
      -normal dot loglikelihood: -3.6174  (-3.6174)
      -quad curv  loglikelihood: -5.8963  (-2.9482)
      Total Loglikelihood : -25.5324
CORRECTING DEFECT 0 (vertices=112, convex hull=111, v0=1239)
After retessellation of defect 0 (v0=1239), euler #=-30 (121482,363318,241806) : difference with theory (-29) = 1 
CORRECTING DEFECT 1 (vertices=52, convex hull=55, v0=6913)
After retessellation of defect 1 (v0=6913), euler #=-29 (121495,363377,241853) : difference with theory (-28) = 1 
CORRECTING DEFECT 2 (vertices=1253, convex hull=742, v0=7675)
An extra large defect has been detected...
This often happens because cerebellum or dura has not been removed from wm.mgz.
This may cause recon-all to run very slowly or crash.
if so, see https://surfer.nmr.mgh.harvard.edu/fswiki/FsTutorial/TopologicalDefect_freeview
After retessellation of defect 2 (v0=7675), euler #=-29 (121985,365205,243191) : difference with theory (-27) = 2 
CORRECTING DEFECT 3 (vertices=16, convex hull=26, v0=10955)
After retessellation of defect 3 (v0=10955), euler #=-28 (121990,365228,243210) : difference with theory (-26) = 2 
CORRECTING DEFECT 4 (vertices=15, convex hull=50, v0=12992)
After retessellation of defect 4 (v0=12992), euler #=-27 (121994,365256,243235) : difference with theory (-25) = 2 
CORRECTING DEFECT 5 (vertices=28, convex hull=70, v0=15342)
After retessellation of defect 5 (v0=15342), euler #=-26 (122006,365321,243289) : difference with theory (-24) = 2 
CORRECTING DEFECT 6 (vertices=32, convex hull=46, v0=17392)
After retessellation of defect 6 (v0=17392), euler #=-25 (122016,365371,243330) : difference with theory (-23) = 2 
CORRECTING DEFECT 7 (vertices=493, convex hull=161, v0=52884)
normal vector of length zero at vertex 123182 with 4 faces
normal vector of length zero at vertex 123174 with 4 faces
After retessellation of defect 7 (v0=52884), euler #=-24 (122043,365526,243459) : difference with theory (-22) = 2 
CORRECTING DEFECT 8 (vertices=13, convex hull=38, v0=57331)
After retessellation of defect 8 (v0=57331), euler #=-23 (122045,365542,243474) : difference with theory (-21) = 2 
CORRECTING DEFECT 9 (vertices=7, convex hull=26, v0=59358)
After retessellation of defect 9 (v0=59358), euler #=-22 (122047,365554,243485) : difference with theory (-20) = 2 
CORRECTING DEFECT 10 (vertices=8, convex hull=21, v0=62468)
After retessellation of defect 10 (v0=62468), euler #=-21 (122049,365564,243494) : difference with theory (-19) = 2 
CORRECTING DEFECT 11 (vertices=42, convex hull=76, v0=63807)
After retessellation of defect 11 (v0=63807), euler #=-20 (122066,365647,243561) : difference with theory (-18) = 2 
CORRECTING DEFECT 12 (vertices=122, convex hull=65, v0=64013)
After retessellation of defect 12 (v0=64013), euler #=-19 (122089,365749,243641) : difference with theory (-17) = 2 
CORRECTING DEFECT 13 (vertices=984, convex hull=165, v0=69756)
After retessellation of defect 13 (v0=69756), euler #=-17 (122143,365991,243831) : difference with theory (-16) = 1 
CORRECTING DEFECT 14 (vertices=22, convex hull=43, v0=69965)
After retessellation of defect 14 (v0=69965), euler #=-16 (122156,366045,243873) : difference with theory (-15) = 1 
CORRECTING DEFECT 15 (vertices=21, convex hull=32, v0=73923)
After retessellation of defect 15 (v0=73923), euler #=-15 (122160,366070,243895) : difference with theory (-14) = 1 
CORRECTING DEFECT 16 (vertices=15, convex hull=31, v0=80752)
After retessellation of defect 16 (v0=80752), euler #=-14 (122164,366090,243912) : difference with theory (-13) = 1 
CORRECTING DEFECT 17 (vertices=43, convex hull=98, v0=87821)
After retessellation of defect 17 (v0=87821), euler #=-13 (122194,366222,244015) : difference with theory (-12) = 1 
CORRECTING DEFECT 18 (vertices=210, convex hull=135, v0=89452)
After retessellation of defect 18 (v0=89452), euler #=-12 (122278,366534,244244) : difference with theory (-11) = 1 
CORRECTING DEFECT 19 (vertices=144, convex hull=58, v0=94663)
After retessellation of defect 19 (v0=94663), euler #=-11 (122303,366634,244320) : difference with theory (-10) = 1 
CORRECTING DEFECT 20 (vertices=150, convex hull=51, v0=97071)
After retessellation of defect 20 (v0=97071), euler #=-10 (122321,366707,244376) : difference with theory (-9) = 1 
CORRECTING DEFECT 21 (vertices=133, convex hull=90, v0=98456)
After retessellation of defect 21 (v0=98456), euler #=-9 (122351,366832,244472) : difference with theory (-8) = 1 
CORRECTING DEFECT 22 (vertices=40, convex hull=59, v0=98699)
After retessellation of defect 22 (v0=98699), euler #=-8 (122371,366911,244532) : difference with theory (-7) = 1 
CORRECTING DEFECT 23 (vertices=84, convex hull=64, v0=100354)
After retessellation of defect 23 (v0=100354), euler #=-6 (122396,367017,244615) : difference with theory (-6) = 0 
CORRECTING DEFECT 24 (vertices=45, convex hull=42, v0=104578)
After retessellation of defect 24 (v0=104578), euler #=-5 (122410,367073,244658) : difference with theory (-5) = 0 
CORRECTING DEFECT 25 (vertices=23, convex hull=34, v0=105960)
After retessellation of defect 25 (v0=105960), euler #=-4 (122415,367105,244686) : difference with theory (-4) = 0 
CORRECTING DEFECT 26 (vertices=6, convex hull=23, v0=106451)
After retessellation of defect 26 (v0=106451), euler #=-3 (122417,367119,244699) : difference with theory (-3) = 0 
CORRECTING DEFECT 27 (vertices=7, convex hull=25, v0=108809)
After retessellation of defect 27 (v0=108809), euler #=-2 (122420,367137,244715) : difference with theory (-2) = 0 
CORRECTING DEFECT 28 (vertices=118, convex hull=74, v0=110295)
After retessellation of defect 28 (v0=110295), euler #=-1 (122439,367232,244792) : difference with theory (-1) = 0 
CORRECTING DEFECT 29 (vertices=39, convex hull=68, v0=119178)
After retessellation of defect 29 (v0=119178), euler #=0 (122450,367292,244842) : difference with theory (0) = 0 
CORRECTING DEFECT 30 (vertices=33, convex hull=63, v0=122496)
After retessellation of defect 30 (v0=122496), euler #=1 (122467,367369,244903) : difference with theory (1) = 0 
CORRECTING DEFECT 31 (vertices=32, convex hull=63, v0=123115)
After retessellation of defect 31 (v0=123115), euler #=2 (122484,367446,244964) : difference with theory (2) = 0 
computing original vertex metric properties...
storing new metric properties...
computing tessellation statistics...
vertex spacing 0.89 +- 0.21 (0.03-->5.32) (max @ vno 1233 --> 3508)
face area -nan +- -nan (1000.00-->-1.00)
performing soap bubble on retessellated vertices for 0 iterations...
vertex spacing 0.89 +- 0.21 (0.03-->5.32) (max @ vno 1233 --> 3508)
face area -nan +- -nan (1000.00-->-1.00)
tessellation finished, orienting corrected surface...
105 mutations (33.2%), 211 crossovers (66.8%), 179 vertices were eliminated
building final representation...
3308 vertices and 0 faces have been removed from triangulation
after topology correction, eno=2 (nv=122484, nf=244964, ne=367446, g=0)
writing corrected surface to /out/sourcedata/freesurfer/sub-v2s9x29165_ses-1/surf/lh.orig.premesh...

0.000 % of the vertices (0 vertices) exhibit an orientation change
removing intersecting faces
000: 295 intersecting
001: 4 intersecting
terminating search with 0 intersecting
topology fixing took 2.5 minutes
FSRUNTIME@ mris_fix_topology lh  0.0420 hours 16 threads
#VMPC# mris_fix_topology VmPeak  1841500

 mris_euler_number ../surf/lh.orig.premesh 

euler # = v-e+f = 2g-2: 122484 - 367446 + 244964 = 2 --> 0 holes
      F =2V-4:          244964 = 244968-4 (0)
      2E=3F:            734892 = 734892 (0)

total defect index = 0
Sat Mar 14 11:50:27 CET 2026

setenv SUBJECTS_DIR /out/sourcedata/freesurfer
cd /out/sourcedata/freesurfer/sub-v2s9x29165_ses-1/scripts
/opt/freesurfer/bin/defect2seg --s sub-v2s9x29165_ses-1 --lh-only --cortex

freesurfer-linux-ubuntu22_x86_64-7.3.2-20220804-6354275
defect2seg 7.3.2
Linux dna076 5.14.0-427.37.1.el9_4.x86_64 #1 SMP PREEMPT_DYNAMIC Fri Sep 13 12:41:50 EDT 2024 x86_64 x86_64 x86_64 GNU/Linux
pid 1257538
mri_label2label --label-cortex /out/sourcedata/freesurfer/sub-v2s9x29165_ses-1/surf/lh.orig.nofix /out/sourcedata/freesurfer/sub-v2s9x29165_ses-1/mri/aseg.presurf.mgz 0 /out/sourcedata/freesurfer/sub-v2s9x29165_ses-1/label/lh.nofix.cortex.label

 Generating cortex label... RemoveHipAmgy=0
 NucAccIsMedialWall=0
 mris->useRealRAS=0
11 non-cortical segments detected
only using segment with 6668 vertices
erasing segment 1 (vno[0] = 55109)
erasing segment 2 (vno[0] = 80594)
erasing segment 3 (vno[0] = 93768)
erasing segment 4 (vno[0] = 93781)
erasing segment 5 (vno[0] = 94663)
erasing segment 6 (vno[0] = 95473)
erasing segment 7 (vno[0] = 95547)
erasing segment 8 (vno[0] = 96298)
erasing segment 9 (vno[0] = 98471)
erasing segment 10 (vno[0] = 101621)
mri_label2vol --defects /out/sourcedata/freesurfer/sub-v2s9x29165_ses-1/surf/lh.orig.nofix /out/sourcedata/freesurfer/sub-v2s9x29165_ses-1/surf/lh.defect_labels /out/sourcedata/freesurfer/sub-v2s9x29165_ses-1/mri/orig.mgz 1000 0 /out/sourcedata/freesurfer/sub-v2s9x29165_ses-1/mri/lh.surface.defects.mgz /out/sourcedata/freesurfer/sub-v2s9x29165_ses-1/label/lh.nofix.cortex.label
mri_label2vol supposed to be reproducible but seed not set
Contraining to label /out/sourcedata/freesurfer/sub-v2s9x29165_ses-1/label/lh.nofix.cortex.label
Changing input type 0 to MRI_INT
Converting defects to volume: offset=1000, merge=0
Writing to /out/sourcedata/freesurfer/sub-v2s9x29165_ses-1/mri/lh.surface.defects.mgz
mris_defects_pointset -s /out/sourcedata/freesurfer/sub-v2s9x29165_ses-1/surf/lh.orig.nofix -d /out/sourcedata/freesurfer/sub-v2s9x29165_ses-1/surf/lh.defect_labels -o /out/sourcedata/freesurfer/sub-v2s9x29165_ses-1/surf/lh.defects.pointset --label /out/sourcedata/freesurfer/sub-v2s9x29165_ses-1/label/lh.nofix.cortex.label
Reading in surface /out/sourcedata/freesurfer/sub-v2s9x29165_ses-1/surf/lh.orig.nofix
Reading in defect segmentation /out/sourcedata/freesurfer/sub-v2s9x29165_ses-1/surf/lh.defect_labels
Reading in label /out/sourcedata/freesurfer/sub-v2s9x29165_ses-1/label/lh.nofix.cortex.label
#VMPC# mris_defects_pointset 1357636
mris_defects_pointset done
 
Started at Sat Mar 14 11:50:27 CET 2026 
Ended   at Sat Mar 14 11:50:35 CET 2026
Defect2seg-Run-Time-Sec 8
Defect2seg-Run-Time-Min 0.16
Defect2seg-Run-Time-Hours 0.00
 
tkmeditfv sub-v2s9x29165_ses-1 brain.finalsurfs.mgz -defect
defect2seg Done

 mris_remesh --remesh --iters 3 --input /out/sourcedata/freesurfer/sub-v2s9x29165_ses-1/surf/lh.orig.premesh --output /out/sourcedata/freesurfer/sub-v2s9x29165_ses-1/surf/lh.orig 

iters = 3
standard remeshing without target
   adjusted l: 0.711834
remeshing to edge length 0.711834 with 3 iterations

avg qual before   : 0.892111  after: 0.971271

Removing intersections
Remeshed surface quality stats nv0 = 122484  nv = 127927  1.04444
Area    255850  0.30346  0.03359 0.076044   0.4623
Corner  767550 60.00000  8.77634 16.849067 144.0679
Edge    383775  0.84511  0.08240 0.422619   1.2768
Hinge   383775  9.42098 10.23253 0.000055 150.5915
mris_remesh done
/out/sourcedata/freesurfer/sub-v2s9x29165_ses-1/scripts

 mris_remove_intersection ../surf/lh.orig ../surf/lh.orig 

intersection removal took 0.00 hours
writing corrected surface to ../surf/lh.orig

 rm -f ../surf/lh.inflated 

#--------------------------------------------
#@# AutoDetGWStats lh Sat Mar 14 11:51:02 CET 2026
cd /out/sourcedata/freesurfer/sub-v2s9x29165_ses-1/mri
mris_autodet_gwstats --o ../surf/autodet.gw.stats.lh.dat --i brain.finalsurfs.mgz --wm wm.mgz --surf ../surf/lh.orig.premesh
7.3.2

cd /out/sourcedata/freesurfer/sub-v2s9x29165_ses-1/mri
setenv SUBJECTS_DIR /out/sourcedata/freesurfer
mris_autodet_gwstats --o ../surf/autodet.gw.stats.lh.dat --i brain.finalsurfs.mgz --wm wm.mgz --surf ../surf/lh.orig.premesh 

border white:    230141 voxels (1.37%)
border gray      278817 voxels (1.66%)
Reading in intensity volume brain.finalsurfs.mgz
Reading in wm volume wm.mgz
Reading in surf ../surf/lh.orig.premesh
Auto detecting stats
MRIclipBrightWM(): nthresh=16797, wmmin=5, clip=110 
Binarizing thresholding at 5
computing class statistics... low=30, hi=110.000000
CCS WM (97.0): 96.8 +- 9.2 [70.0 --> 110.0]
CCS GM (67.0) : 67.5 +- 10.2 [30.0 --> 110.0]
white_mean = 96.8267 +/- 9.21115, gray_mean = 67.5236 +/- 10.2025
using class modes intead of means, discounting robust sigmas....
MRIScomputeClassModes(): min=0 max=219 nbins=220
intensity peaks found at WM=102+-7.0,    GM=62+-6.1
white_mode = 102, gray_mode = 62
std_scale = 1
Applying sanity checks, max_scale_down = 0.2
setting MIN_GRAY_AT_WHITE_BORDER to 51.8 (was 70.000000)
setting MAX_BORDER_WHITE to 111.2 (was 105.000000)
setting MIN_BORDER_WHITE to 62.0 (was 85.000000)
setting MAX_CSF to 41.6 (was 40.000000)
setting MAX_GRAY to 92.8 (was 95.000000)
setting MAX_GRAY_AT_CSF_BORDER to 51.8 (was 75.000000)
setting MIN_GRAY_AT_CSF_BORDER to 31.4 (was 40.000000)
When placing the white surface
  white_border_hi   = 111.211;
  white_border_low  = 62;
  white_outside_low = 51.7975;
  white_inside_hi   = 120;
  white_outside_hi  = 111.211;
When placing the pial surface
  pial_border_hi   = 51.7975;
  pial_border_low  = 31.3924;
  pial_outside_low = 10;
  pial_inside_hi   = 92.7889;
  pial_outside_hi  = 46.6962;
#VMPC# mris_autodet_gwstats VmPeak  1716240
mris_autodet_gwstats done
#--------------------------------------------
#@# WhitePreAparc lh Sat Mar 14 11:51:04 CET 2026
cd /out/sourcedata/freesurfer/sub-v2s9x29165_ses-1/mri
mris_place_surface --adgws-in ../surf/autodet.gw.stats.lh.dat --wm wm.mgz --threads 16 --invol brain.finalsurfs.mgz --lh --i ../surf/lh.orig --o ../surf/lh.white.preaparc --white --seg aseg.presurf.mgz --nsmooth 5
7.3.2
7.3.2

cd /out/sourcedata/freesurfer/sub-v2s9x29165_ses-1/mri
setenv SUBJECTS_DIR /out/sourcedata/freesurfer
mris_place_surface --adgws-in ../surf/autodet.gw.stats.lh.dat --wm wm.mgz --threads 16 --invol brain.finalsurfs.mgz --lh --i ../surf/lh.orig --o ../surf/lh.white.preaparc --white --seg aseg.presurf.mgz --nsmooth 5 

Reading in input surface ../surf/lh.orig
Smoothing surface before ripping with 5 iterations
Area    255850  0.26909  0.06415 0.000920   0.5833
Corner  767550 60.00000  9.53041 3.964612 148.9079
Edge    383775  0.79193  0.11577 0.026000   1.3268
Hinge   383775  6.29036  6.51950 0.000003 155.8581
Not reading in aparc
Reading in input volume brain.finalsurfs.mgz
Reading in wm volume wm.mgz
MRIclipBrightWM(): nthresh=16797, wmmin=5, clip=110 
MRIfindBrightNonWM(): 2724 bright non-wm voxels segmented.
Masking bright non-wm for white surface
MRImask(): AllowDiffGeom = 1
MRImask(): AllowDiffGeom = 1
Reading in seg volume aseg.presurf.mgz
Ripping frozen voxels
INFO: rip surface needed but not specified, so using input surface
Freezing midline and others
Entering: MRISripMidline(): inhibiting deformation at non-cortical midline structures...
  which=1, fix_mtl=0, using annot = 0
#FML0# MRISripMidline(): nripped=0
removing 3 vertices from ripped group in thread:0
removing 4 vertices from ripped group in thread:0
removing 3 vertices from ripped group in thread:0
removing 4 vertices from ripped group in thread:0
removing 3 vertices from ripped group in thread:0
removing 3 vertices from ripped group in thread:0
removing 3 vertices from ripped group in thread:0
#FML# MRISripMidline(): nmarked=6267, nmarked2=146, nripped=6267
Ripping segs (eg, WMSA, BG, frozen)
Starting MRISripSegs() d = (-2 2 0.5) segnos: 247 
MRISripSegs(): -2 2 0.5 ripped 0
vertex 63964: xyz = (-52.2408,-12.9396,-30.8313) oxyz = (-52.2408,-12.9396,-30.8313) wxzy = (-52.2408,-12.9396,-30.8313) pxyz = (0,0,0) 
CBVO Creating mask 127927
n_averages 4
Iteration 0 =========================================
n_averages=4, current_sigma=2
Freezing midline and others
Ripping frozen voxels
INFO: rip surface needed but not specified, so using input surface
Freezing midline and others
Entering: MRISripMidline(): inhibiting deformation at non-cortical midline structures...
  which=1, fix_mtl=0, using annot = 0
#FML0# MRISripMidline(): nripped=6267
removing 3 vertices from ripped group in thread:0
removing 4 vertices from ripped group in thread:0
removing 3 vertices from ripped group in thread:0
removing 4 vertices from ripped group in thread:0
removing 3 vertices from ripped group in thread:0
removing 3 vertices from ripped group in thread:0
removing 3 vertices from ripped group in thread:0
#FML# MRISripMidline(): nmarked=6267, nmarked2=146, nripped=6267
Ripping segs (eg, WMSA, BG, frozen)
Starting MRISripSegs() d = (-2 2 0.5) segnos: 247 247 
MRISripSegs(): -2 2 0.5 ripped 0
Computing target border values 
Entering MRIScomputeBorderValues_new(): 
  inside_hi   = 120.0000000;
  border_hi   = 111.2111430;
  border_low  =  62.0000000;
  outside_low =  51.7974590;
  outside_hi  = 111.2111430;
  sigma = 2;
  max_thickness = 10;
  step_size=0.5;
  STEP_SIZE=0.1;
  which = 1
  thresh = 0
  flags = 0
  CBVfindFirstPeakD1=0
  CBVfindFirstPeakD2=0
  nvertices=127927
  Gdiag_no=-1
  vno start=0, stop=127927
Replacing 255s with 0s
#SI# sigma=2 had to be increased for 96 vertices, nripped=6267
mean border=77.1, 45 (45) missing vertices, mean dist 0.3 [0.4 (%38.6)->0.7 (%61.4))]
%83 local maxima, %12 large gradients and % 0 min vals, 0 gradients ignored
nFirstPeakD1 0
MRIScomputeBorderValues_new() finished in 0.0113 min


Finding expansion regions
mean absolute distance = 0.61 +- 0.75
4590 vertices more than 2 sigmas from mean.
Averaging target values for 5 iterations...
Positioning Surface: tspring = 0.3, nspring = 0.3, spring = 0, niters = 100 l_repulse = 5, l_surf_repulse = 0, checktol = 0
Positioning pial surface
Entering MRISpositionSurface()
  max_mm = 0.3
  MAX_REDUCTIONS = 2, REDUCTION_PCT = 0.5
  parms->check_tol = 0, niterations = 100
tol=1.0e-04, sigma=2.0, host=dna07, nav=4, nbrs=2, l_repulse=5.000, l_tspring=0.300, l_nspring=0.300, l_intensity=0.200, l_curv=1.000
mom=0.00, dt=0.50
complete_dist_mat 0
rms 0
smooth_averages 0
remove_neg 0
ico_order 0
which_surface 0
target_radius 0.000000
nfields 0
scale 0.000000
desired_rms_height 0.000000
momentum 0.000000
nbhd_size 0
max_nbrs 0
niterations 100
nsurfaces 0
SURFACES 3
flags 0 (0)
use curv 0
no sulc 0
no rigid align 0
mris->nsize 2
mris->hemisphere 0
randomSeed 0

000: dt: 0.0000, sse=3019411.5, rms=10.877
001: dt: 0.5000, sse=1582322.4, rms=7.707 (29.141%)
002: dt: 0.5000, sse=1019681.4, rms=6.026 (21.821%)
003: dt: 0.5000, sse=753847.5, rms=5.035 (16.434%)
004: dt: 0.5000, sse=612544.1, rms=4.418 (12.264%)
005: dt: 0.5000, sse=542957.2, rms=4.074 (7.794%)
006: dt: 0.5000, sse=502957.3, rms=3.862 (5.198%)
007: dt: 0.5000, sse=489323.4, rms=3.778 (2.177%)
008: dt: 0.5000, sse=475859.4, rms=3.699 (2.080%)
rms = 3.6870/3.6991, sse=476359.5/475859.4, time step reduction 1 of 3 to 0.250  0 1 1
009: dt: 0.5000, sse=476359.5, rms=3.687 (0.327%)
010: dt: 0.2500, sse=248777.5, rms=2.052 (44.340%)
011: dt: 0.2500, sse=214447.8, rms=1.668 (18.704%)
012: dt: 0.2500, sse=205239.5, rms=1.556 (6.744%)
013: dt: 0.2500, sse=200508.5, rms=1.484 (4.595%)
rms = 1.4512/1.4843, sse=199527.3/200508.5, time step reduction 2 of 3 to 0.125  0 0 1
014: dt: 0.2500, sse=199527.3, rms=1.451 (2.234%)
015: dt: 0.1250, sse=192992.5, rms=1.358 (6.448%)
rms = 1.3422/1.3576, sse=192536.4/192992.5, time step reduction 3 of 3 to 0.062  0 0 1
016: dt: 0.1250, sse=192536.4, rms=1.342 (1.132%)
  maximum number of reductions reached, breaking from loop
positioning took 1.1 minutes
Iteration 1 =========================================
n_averages=2, current_sigma=1
Freezing midline and others
Ripping frozen voxels
INFO: rip surface needed but not specified, so using input surface
Freezing midline and others
Entering: MRISripMidline(): inhibiting deformation at non-cortical midline structures...
  which=1, fix_mtl=0, using annot = 0
#FML0# MRISripMidline(): nripped=6267
removing 4 vertices from ripped group in thread:0
removing 3 vertices from ripped group in thread:0
removing 3 vertices from ripped group in thread:0
removing 2 vertices from ripped group in thread:0
removing 2 vertices from ripped group in thread:0
removing 3 vertices from ripped group in thread:0
removing 4 vertices from ripped group in thread:0
removing 3 vertices from ripped group in thread:0
removing 2 vertices from ripped group in thread:0
removing 3 vertices from ripped group in thread:0
removing 4 vertices from ripped group in thread:0
#FML# MRISripMidline(): nmarked=6391, nmarked2=161, nripped=6391
Ripping segs (eg, WMSA, BG, frozen)
Starting MRISripSegs() d = (-2 2 0.5) segnos: 247 247 247 
MRISripSegs(): -2 2 0.5 ripped 0
Computing target border values 
Entering MRIScomputeBorderValues_new(): 
  inside_hi   = 120.0000000;
  border_hi   = 111.2111430;
  border_low  =  62.0000000;
  outside_low =  51.7974590;
  outside_hi  = 111.2111430;
  sigma = 1;
  max_thickness = 10;
  step_size=0.5;
  STEP_SIZE=0.1;
  which = 1
  thresh = 0
  flags = 0
  CBVfindFirstPeakD1=0
  CBVfindFirstPeakD2=0
  nvertices=127927
  Gdiag_no=-1
  vno start=0, stop=127927
Replacing 255s with 0s
#SI# sigma=1 had to be increased for 81 vertices, nripped=6391
mean border=79.8, 84 (4) missing vertices, mean dist -0.1 [0.3 (%74.3)->0.3 (%25.7))]
%88 local maxima, % 7 large gradients and % 0 min vals, 0 gradients ignored
nFirstPeakD1 0
MRIScomputeBorderValues_new() finished in 0.0079 min


Finding expansion regions
mean absolute distance = 0.27 +- 0.46
2356 vertices more than 2 sigmas from mean.
Averaging target values for 5 iterations...
Positioning Surface: tspring = 0.3, nspring = 0.3, spring = 0, niters = 100 l_repulse = 5, l_surf_repulse = 0, checktol = 0
Positioning pial surface
Entering MRISpositionSurface()
  max_mm = 0.3
  MAX_REDUCTIONS = 2, REDUCTION_PCT = 0.5
  parms->check_tol = 0, niterations = 100
tol=1.0e-04, sigma=1.0, host=dna07, nav=2, nbrs=2, l_repulse=5.000, l_tspring=0.300, l_nspring=0.300, l_intensity=0.200, l_curv=1.000
mom=0.00, dt=0.50
000: dt: 0.0000, sse=687573.8, rms=4.514
017: dt: 0.5000, sse=408625.1, rms=2.984 (33.890%)
rms = 3.2975/2.9845, sse=456738.4/408625.1, time step reduction 1 of 3 to 0.250  0 1 1
   RMS increased, rejecting step
018: dt: 0.2500, sse=294418.1, rms=2.053 (31.205%)
019: dt: 0.2500, sse=248537.9, rms=1.527 (25.645%)
020: dt: 0.2500, sse=233472.6, rms=1.312 (14.030%)
021: dt: 0.2500, sse=229126.2, rms=1.225 (6.637%)
022: dt: 0.2500, sse=226217.1, rms=1.170 (4.530%)
rms = 1.1352/1.1698, sse=225090.9/226217.1, time step reduction 2 of 3 to 0.125  0 0 1
023: dt: 0.2500, sse=225090.9, rms=1.135 (2.958%)
024: dt: 0.1250, sse=221667.8, rms=1.064 (6.244%)
rms = 1.0524/1.0644, sse=222628.2/221667.8, time step reduction 3 of 3 to 0.062  0 1 1
025: dt: 0.1250, sse=222628.2, rms=1.052 (1.120%)
  maximum number of reductions reached, breaking from loop
positioning took 0.6 minutes
Iteration 2 =========================================
n_averages=1, current_sigma=0.5
Freezing midline and others
Ripping frozen voxels
INFO: rip surface needed but not specified, so using input surface
Freezing midline and others
Entering: MRISripMidline(): inhibiting deformation at non-cortical midline structures...
  which=1, fix_mtl=0, using annot = 0
#FML0# MRISripMidline(): nripped=6391
removing 4 vertices from ripped group in thread:0
removing 2 vertices from ripped group in thread:0
removing 2 vertices from ripped group in thread:0
removing 2 vertices from ripped group in thread:0
removing 2 vertices from ripped group in thread:0
removing 2 vertices from ripped group in thread:0
removing 3 vertices from ripped group in thread:0
removing 3 vertices from ripped group in thread:0
#FML# MRISripMidline(): nmarked=6483, nmarked2=160, nripped=6483
Ripping segs (eg, WMSA, BG, frozen)
Starting MRISripSegs() d = (-2 2 0.5) segnos: 247 247 247 247 
MRISripSegs(): -2 2 0.5 ripped 0
Computing target border values 
Entering MRIScomputeBorderValues_new(): 
  inside_hi   = 120.0000000;
  border_hi   = 111.2111430;
  border_low  =  62.0000000;
  outside_low =  51.7974590;
  outside_hi  = 111.2111430;
  sigma = 0.5;
  max_thickness = 10;
  step_size=0.5;
  STEP_SIZE=0.1;
  which = 1
  thresh = 0
  flags = 0
  CBVfindFirstPeakD1=0
  CBVfindFirstPeakD2=0
  nvertices=127927
  Gdiag_no=-1
  vno start=0, stop=127927
Replacing 255s with 0s
#SI# sigma=0.5 had to be increased for 73 vertices, nripped=6483
mean border=81.3, 103 (2) missing vertices, mean dist -0.1 [0.2 (%65.1)->0.2 (%34.9))]
%90 local maxima, % 5 large gradients and % 0 min vals, 0 gradients ignored
nFirstPeakD1 0
MRIScomputeBorderValues_new() finished in 0.0043 min


Finding expansion regions
mean absolute distance = 0.20 +- 0.35
2423 vertices more than 2 sigmas from mean.
Averaging target values for 5 iterations...
Positioning Surface: tspring = 0.3, nspring = 0.3, spring = 0, niters = 100 l_repulse = 5, l_surf_repulse = 0, checktol = 0
Positioning pial surface
Entering MRISpositionSurface()
  max_mm = 0.3
  MAX_REDUCTIONS = 2, REDUCTION_PCT = 0.5
  parms->check_tol = 0, niterations = 100
tol=1.0e-04, sigma=0.5, host=dna07, nav=1, nbrs=2, l_repulse=5.000, l_tspring=0.300, l_nspring=0.300, l_intensity=0.200, l_curv=1.000
mom=0.00, dt=0.50
000: dt: 0.0000, sse=335325.3, rms=2.406
rms = 2.5848/2.4062, sse=356734.3/335325.4, time step reduction 1 of 3 to 0.250  0 1 1
   RMS increased, rejecting step
026: dt: 0.2500, sse=256569.0, rms=1.621 (32.618%)
027: dt: 0.2500, sse=220977.1, rms=1.081 (33.319%)
028: dt: 0.2500, sse=216813.7, rms=0.998 (7.724%)
rms = 0.9872/0.9976, sse=217004.8/216813.7, time step reduction 2 of 3 to 0.125  0 1 1
029: dt: 0.2500, sse=217004.8, rms=0.987 (1.047%)
rms = 0.9402/0.9872, sse=213110.0/217004.8, time step reduction 3 of 3 to 0.062  0 0 1
030: dt: 0.1250, sse=213110.0, rms=0.940 (4.761%)
  maximum number of reductions reached, breaking from loop
positioning took 0.4 minutes
Iteration 3 =========================================
n_averages=0, current_sigma=0.25
Freezing midline and others
Ripping frozen voxels
INFO: rip surface needed but not specified, so using input surface
Freezing midline and others
Entering: MRISripMidline(): inhibiting deformation at non-cortical midline structures...
  which=1, fix_mtl=0, using annot = 0
#FML0# MRISripMidline(): nripped=6483
removing 4 vertices from ripped group in thread:0
removing 2 vertices from ripped group in thread:0
removing 2 vertices from ripped group in thread:0
removing 3 vertices from ripped group in thread:0
removing 2 vertices from ripped group in thread:0
removing 2 vertices from ripped group in thread:0
removing 3 vertices from ripped group in thread:0
removing 3 vertices from ripped group in thread:0
#FML# MRISripMidline(): nmarked=6537, nmarked2=160, nripped=6537
Ripping segs (eg, WMSA, BG, frozen)
Starting MRISripSegs() d = (-2 2 0.5) segnos: 247 247 247 247 247 
MRISripSegs(): -2 2 0.5 ripped 0
Computing target border values 
Entering MRIScomputeBorderValues_new(): 
  inside_hi   = 120.0000000;
  border_hi   = 111.2111430;
  border_low  =  62.0000000;
  outside_low =  51.7974590;
  outside_hi  = 111.2111430;
  sigma = 0.25;
  max_thickness = 10;
  step_size=0.5;
  STEP_SIZE=0.1;
  which = 1
  thresh = 0
  flags = 0
  CBVfindFirstPeakD1=0
  CBVfindFirstPeakD2=0
  nvertices=127927
  Gdiag_no=-1
  vno start=0, stop=127927
Replacing 255s with 0s
#SI# sigma=0.25 had to be increased for 78 vertices, nripped=6537
mean border=81.7, 113 (2) missing vertices, mean dist -0.0 [0.2 (%54.3)->0.2 (%45.7))]
%91 local maxima, % 4 large gradients and % 0 min vals, 0 gradients ignored
nFirstPeakD1 0
MRIScomputeBorderValues_new() finished in 0.0029 min


Finding expansion regions
mean absolute distance = 0.19 +- 0.31
2729 vertices more than 2 sigmas from mean.
Averaging target values for 5 iterations...
Positioning Surface: tspring = 0.3, nspring = 0.3, spring = 0, niters = 100 l_repulse = 5, l_surf_repulse = 0, checktol = 0
Positioning pial surface
Entering MRISpositionSurface()
  max_mm = 0.3
  MAX_REDUCTIONS = 2, REDUCTION_PCT = 0.5
  parms->check_tol = 0, niterations = 100
tol=1.0e-04, sigma=0.2, host=dna07, nav=0, nbrs=2, l_repulse=5.000, l_tspring=0.300, l_nspring=0.300, l_intensity=0.200, l_curv=1.000
mom=0.00, dt=0.50
000: dt: 0.0000, sse=230236.2, rms=1.281
rms = 1.6256/1.2808, sse=256196.9/230236.2, time step reduction 1 of 3 to 0.250  0 1 1
   RMS increased, rejecting step
031: dt: 0.2500, sse=209382.8, rms=0.885 (30.925%)
032: dt: 0.2500, sse=204256.6, rms=0.741 (16.244%)
rms = 0.7446/0.7410, sse=202813.8/204256.6, time step reduction 2 of 3 to 0.125  0 0 1
   RMS increased, rejecting step
rms = 0.7338/0.7410, sse=203316.6/204256.6, time step reduction 3 of 3 to 0.062  0 0 1
033: dt: 0.1250, sse=203316.6, rms=0.734 (0.975%)
  maximum number of reductions reached, breaking from loop
positioning took 0.3 minutes


Writing output to ../surf/lh.white.preaparc
#ET# mris_place_surface  2.45 minutes
#VMPC# mris_place_surfaces VmPeak  3077288
mris_place_surface done
#--------------------------------------------
#@# CortexLabel lh Sat Mar 14 11:53:35 CET 2026
cd /out/sourcedata/freesurfer/sub-v2s9x29165_ses-1/mri
mri_label2label --label-cortex ../surf/lh.white.preaparc aseg.presurf.mgz 0 ../label/lh.cortex.label

 Generating cortex label... RemoveHipAmgy=0
 NucAccIsMedialWall=0
 mris->useRealRAS=0
3 non-cortical segments detected
only using segment with 7277 vertices
erasing segment 1 (vno[0] = 67933)
erasing segment 2 (vno[0] = 79182)
#--------------------------------------------
#@# CortexLabel+HipAmyg lh Sat Mar 14 11:53:44 CET 2026
cd /out/sourcedata/freesurfer/sub-v2s9x29165_ses-1/mri
mri_label2label --label-cortex ../surf/lh.white.preaparc aseg.presurf.mgz 1 ../label/lh.cortex+hipamyg.label

 Generating cortex label... RemoveHipAmgy=1
 NucAccIsMedialWall=0
 mris->useRealRAS=0
14 non-cortical segments detected
only using segment with 4749 vertices
erasing segment 0 (vno[0] = 46214)
erasing segment 1 (vno[0] = 46920)
erasing segment 2 (vno[0] = 46923)
erasing segment 4 (vno[0] = 47001)
erasing segment 5 (vno[0] = 47015)
erasing segment 6 (vno[0] = 49670)
erasing segment 7 (vno[0] = 49671)
erasing segment 8 (vno[0] = 57452)
erasing segment 9 (vno[0] = 67933)
erasing segment 10 (vno[0] = 68842)
erasing segment 11 (vno[0] = 79182)
erasing segment 12 (vno[0] = 79218)
erasing segment 13 (vno[0] = 112336)
#--------------------------------------------
#@# Smooth2 lh Sat Mar 14 11:53:53 CET 2026
/out/sourcedata/freesurfer/sub-v2s9x29165_ses-1/scripts

 mris_smooth -n 3 -nw -seed 1234 ../surf/lh.white.preaparc ../surf/lh.smoothwm 

smoothing for 3 iterations
setting seed for random number generator to 1234
smoothing surface tessellation for 3 iterations...
smoothing complete - recomputing first and second fundamental forms...
#--------------------------------------------
#@# Inflation2 lh Sat Mar 14 11:53:55 CET 2026
/out/sourcedata/freesurfer/sub-v2s9x29165_ses-1/scripts

 mris_inflate ../surf/lh.smoothwm ../surf/lh.inflated 

Reading ../surf/lh.smoothwm
avg radius = 46.1 mm, total surface area = 80447 mm^2
step 000: RMS=0.169 (target=0.015)   step 005: RMS=0.114 (target=0.015)   step 010: RMS=0.086 (target=0.015)   step 015: RMS=0.071 (target=0.015)   step 020: RMS=0.059 (target=0.015)   step 025: RMS=0.049 (target=0.015)   step 030: RMS=0.040 (target=0.015)   step 035: RMS=0.033 (target=0.015)   step 040: RMS=0.029 (target=0.015)   step 045: RMS=0.025 (target=0.015)   step 050: RMS=0.023 (target=0.015)   step 055: RMS=0.021 (target=0.015)   step 060: RMS=0.020 (target=0.015)   writing inflated surface to ../surf/lh.inflated
writing sulcal depths to ../surf/lh.sulc

inflation complete.
inflation took 0.2 minutes
mris_inflate utimesec    46.732949
mris_inflate stimesec    2.259206
mris_inflate ru_maxrss   196932
mris_inflate ru_ixrss    0
mris_inflate ru_idrss    0
mris_inflate ru_isrss    0
mris_inflate ru_minflt   583586
mris_inflate ru_majflt   6
mris_inflate ru_nswap    0
mris_inflate ru_inblock  130
mris_inflate ru_oublock  10000
mris_inflate ru_msgsnd   0
mris_inflate ru_msgrcv   0
mris_inflate ru_nsignals 0
mris_inflate ru_nvcsw    21235
mris_inflate ru_nivcsw   293
#--------------------------------------------
#@# Curv .H and .K lh Sat Mar 14 11:54:06 CET 2026
/out/sourcedata/freesurfer/sub-v2s9x29165_ses-1/surf

 mris_curvature -w -seed 1234 lh.white.preaparc 

setting seed for random number generator to 1234
total integrated curvature = 12.277*4pi (154.275) --> -11 handles
ICI = 128.9, FI = 1360.5, variation=21220.996
writing Gaussian curvature to ./lh.white.preaparc.K...done.
writing mean curvature to ./lh.white.preaparc.H...done.
rm -f lh.white.H
ln -s lh.white.preaparc.H lh.white.H
rm -f lh.white.K
ln -s lh.white.preaparc.K lh.white.K

 mris_curvature -seed 1234 -thresh .999 -n -a 5 -w -distances 10 10 lh.inflated 

setting seed for random number generator to 1234
normalizing curvature values.
averaging curvature patterns 5 times.
sampling 10 neighbors out to a distance of 10 mm
153 vertices thresholded to be in k1 ~ [-0.38 0.29], k2 ~ [-0.15 0.06]
total integrated curvature = 0.518*4pi (6.505) --> 0 handles
ICI = 1.4, FI = 9.1, variation=155.614
113 vertices thresholded to be in [-0.01 0.03]
writing Gaussian curvature to ./lh.inflated.K...thresholding curvature at 99.90% level
curvature mean = 0.000, std = 0.001
142 vertices thresholded to be in [-0.19 0.15]
done.
writing mean curvature to ./lh.inflated.H...curvature mean = -0.017, std = 0.022
done.
#--------------------------------------------
#@# Sphere lh Sat Mar 14 11:54:41 CET 2026
/out/sourcedata/freesurfer/sub-v2s9x29165_ses-1/scripts

 mris_sphere -seed 1234 ../surf/lh.inflated ../surf/lh.sphere 

setting seed for random number genererator to 1234
version: 7.3.2
available threads: 16
reading original vertex positions...
projecting onto sphere...
surface projected - minimizing metric distortion...
scaling brain by 0.284...
MRISunfold() max_passes = 1 -------
tol=5.0e-01, sigma=0.0, host=dna07, nav=1024, nbrs=2, l_area=1.000, l_dist=1.000
using quadratic fit line minimization
complete_dist_mat 0
rms 0
smooth_averages 0
remove_neg 0
ico_order 0
which_surface 0
target_radius 0.000000
nfields 0
scale 1.000000
desired_rms_height -1.000000
momentum 0.900000
nbhd_size 7
max_nbrs 8
niterations 25
nsurfaces 0
SURFACES 3
flags 0 (0)
use curv 0
no sulc 0
no rigid align 0
mris->nsize 2
mris->hemisphere 0
randomSeed 1234

singular matrix in quadratic form
singular matrix in quadratic form
singular matrix in quadratic form
singular matrix in quadratic form
singular matrix in quadratic form
singular matrix in quadratic form
singular matrix in quadratic form
--------------------
  mrisRemoveNegativeArea()
pass 1: epoch 1 of 3 starting distance error %20.50
pass 1: epoch 2 of 3 starting distance error %20.49
unfolding complete - removing small folds...
starting distance error %20.43
removing remaining folds...
final distance error %20.46
MRISunfold() return, current seed 1234
-01: dt=0.0000,  26 negative triangles  VmPeak 1582160
186: dt=0.9900,  26 negative triangles
187: dt=0.9900,  11 negative triangles
188: dt=0.9900,   4 negative triangles
189: dt=0.9900,   4 negative triangles
190: dt=0.9900,   2 negative triangles
191: dt=0.9900,   5 negative triangles
192: dt=0.9900,   6 negative triangles
193: dt=0.9900,   3 negative triangles
194: dt=0.9900,   1 negative triangles
writing spherical brain to ../surf/lh.sphere
spherical transformation took 0.0449 hours
FSRUNTIME@ mris_sphere  0.0449 hours 16 threads
#VMPC# mris_sphere VmPeak  1582160
mris_sphere done
#--------------------------------------------
#@# Surf Reg lh Sat Mar 14 11:57:22 CET 2026
/out/sourcedata/freesurfer/sub-v2s9x29165_ses-1/scripts

 mris_register -curv ../surf/lh.sphere /opt/freesurfer/average/lh.folding.atlas.acfb40.noaparc.i12.2016-08-02.tif ../surf/lh.sphere.reg 

using smoothwm curvature for final alignment

cwd /out/sourcedata/freesurfer/sub-v2s9x29165_ses-1/scripts
cmdline mris_register -curv ../surf/lh.sphere /opt/freesurfer/average/lh.folding.atlas.acfb40.noaparc.i12.2016-08-02.tif ../surf/lh.sphere.reg 

0 inflated.H
1 sulc
2 smoothwm (computed)
7.3.2
  7.3.2
reading surface from ../surf/lh.sphere...
reading template parameterization from /opt/freesurfer/average/lh.folding.atlas.acfb40.noaparc.i12.2016-08-02.tif...
MRISregister() -------
max_passes = 4 
min_degrees = 0.500000 
max_degrees = 64.000000 
nangles = 8 
tol=5.0e-01, sigma=0.0, host=dna07, nav=1024, nbrs=1, l_extern=10000.000, l_parea=0.200, l_nlarea=1.000, l_corr=1.000, l_dist=5.000
using quadratic fit line minimization
complete_dist_mat 0
rms 0
smooth_averages 0
remove_neg 0
ico_order 0
which_surface 0
target_radius 0.000000
nfields 0
scale 0.000000
desired_rms_height -1.000000
momentum 0.950000
nbhd_size -10
max_nbrs 10
niterations 25
nsurfaces 0
SURFACES 3
flags 16 (10)
use curv 16
no sulc 0
no rigid align 0
mris->nsize 1
mris->hemisphere 0
randomSeed 0

tol=5.0e-01, sigma=0.0, host=dna07, nav=1024, nbrs=1, l_extern=10000.000, l_parea=0.200, l_nlarea=1.000, l_corr=1.000, l_dist=5.000
using quadratic fit line minimization
--------------------
1 Reading lh.sulc
tol=1.0e+00, sigma=0.5, host=dna07, nav=1024, nbrs=1, l_extern=10000.000, l_parea=0.200, l_nlarea=1.000, l_corr=0.050, l_spring=0.500, l_dist=5.000
using quadratic fit line minimization
curvature mean = 0.000, std = 5.712
curvature mean = 0.041, std = 0.818
curvature mean = 0.004, std = 0.873
Starting MRISrigidBodyAlignGlobal()
Starting new MRISrigidBodyAlignGlobal_findMinSSE()
  new MRISrigidBodyAlignGlobal_findMinSSE min @ (10.50, -7.00, -2.50) sse = 211508.8, elapsed since starting=0.0688 min
MRISrigidBodyAlignGlobal() done   0.07 min
curvature mean = 0.042, std = 0.831
curvature mean = 0.003, std = 0.951
curvature mean = 0.042, std = 0.843
curvature mean = 0.001, std = 0.981
curvature mean = 0.042, std = 0.846
curvature mean = 0.000, std = 0.993
2 Reading smoothwm
curvature mean = -0.019, std = 0.264
curvature mean = 0.051, std = 0.246
curvature mean = 0.044, std = 0.384
curvature mean = 0.045, std = 0.305
curvature mean = 0.029, std = 0.567
curvature mean = 0.044, std = 0.331
curvature mean = 0.015, std = 0.704
curvature mean = 0.044, std = 0.343
curvature mean = 0.004, std = 0.810
MRISregister() return, current seed 0
-01: dt=0.0000,  18 negative triangles  VmPeak 1586596
109: dt=0.9900,  18 negative triangles
110: dt=0.9900,  11 negative triangles
111: dt=0.9900,   6 negative triangles
112: dt=0.9900,  10 negative triangles
113: dt=0.9900,   8 negative triangles
114: dt=0.9900,   3 negative triangles
115: dt=0.9900,   4 negative triangles
116: dt=0.9900,   1 negative triangles
117: dt=0.9900,   4 negative triangles
118: dt=0.9900,   1 negative triangles
writing registered surface to ../surf/lh.sphere.reg...
registration took 0.05 hours
#VMPC# mris_register VmPeak  1586596
FSRUNTIME@ mris_register  0.0496 hours 16 threads

 ln -sf lh.sphere.reg lh.fsaverage.sphere.reg 

#--------------------------------------------
#@# Jacobian white lh Sat Mar 14 12:00:21 CET 2026
/out/sourcedata/freesurfer/sub-v2s9x29165_ses-1/scripts

 mris_jacobian ../surf/lh.white.preaparc ../surf/lh.sphere.reg ../surf/lh.jacobian_white 

reading surface from ../surf/lh.white.preaparc...
writing curvature file ../surf/lh.jacobian_white
#--------------------------------------------
#@# AvgCurv lh Sat Mar 14 12:00:22 CET 2026
/out/sourcedata/freesurfer/sub-v2s9x29165_ses-1/scripts

 mrisp_paint -a 5 /opt/freesurfer/average/lh.folding.atlas.acfb40.noaparc.i12.2016-08-02.tif#6 ../surf/lh.sphere.reg ../surf/lh.avg_curv 

averaging curvature patterns 5 times...
reading surface from ../surf/lh.sphere.reg...
reading template parameterization from /opt/freesurfer/average/lh.folding.atlas.acfb40.noaparc.i12.2016-08-02.tif...
writing curvature file to ../surf/lh.avg_curv...
#-----------------------------------------
#@# Cortical Parc lh Sat Mar 14 12:00:23 CET 2026
/out/sourcedata/freesurfer/sub-v2s9x29165_ses-1/scripts

 mris_ca_label -l ../label/lh.cortex.label -aseg ../mri/aseg.presurf.mgz -seed 1234 sub-v2s9x29165_ses-1 lh ../surf/lh.sphere.reg /opt/freesurfer/average/lh.DKaparc.atlas.acfb40.noaparc.i12.2016-08-02.gcs ../label/lh.aparc.annot 

setting seed for random number generator to 1234
using ../mri/aseg.presurf.mgz aseg volume to correct midline
7.3.2
  7.3.2
reading atlas from /opt/freesurfer/average/lh.DKaparc.atlas.acfb40.noaparc.i12.2016-08-02.gcs...
reading color table from GCSA file....
average std = 0.8   using min determinant for regularization = 0.006
0 singular and 342 ill-conditioned covariance matrices regularized
input 0: MEAN CURVATURE, flags 0, avgs 5, name mean_curvature
labeling surface...
1207 labels changed using aseg
relabeling using gibbs priors...
000:   2979 changed, 127927 examined...
001:    694 changed, 12534 examined...
002:    169 changed, 3959 examined...
003:     61 changed, 1036 examined...
004:     18 changed, 373 examined...
005:      8 changed, 121 examined...
006:      4 changed, 47 examined...
007:      6 changed, 24 examined...
008:      2 changed, 33 examined...
009:      0 changed, 14 examined...
177 labels changed using aseg
000: 104 total segments, 63 labels (146 vertices) changed
001: 41 total segments, 0 labels (0 vertices) changed
10 filter iterations complete (10 requested, 8 changed)
rationalizing unknown annotations with cortex label
relabeling unknown label...
relabeling corpuscallosum label...
1706 vertices marked for relabeling...
1706 labels changed in reclassification.
writing output to ../label/lh.aparc.annot...
classification took 0 minutes and 7 seconds.
#--------------------------------------------
#@# WhiteSurfs lh Sat Mar 14 12:00:29 CET 2026
cd /out/sourcedata/freesurfer/sub-v2s9x29165_ses-1/mri
mris_place_surface --adgws-in ../surf/autodet.gw.stats.lh.dat --seg aseg.presurf.mgz --threads 16 --wm wm.mgz --invol brain.finalsurfs.mgz --lh --i ../surf/lh.white.preaparc --o ../surf/lh.white --white --nsmooth 0 --rip-label ../label/lh.cortex.label --rip-bg --rip-surf ../surf/lh.white.preaparc --aparc ../label/lh.aparc.annot
7.3.2
7.3.2

cd /out/sourcedata/freesurfer/sub-v2s9x29165_ses-1/mri
setenv SUBJECTS_DIR /out/sourcedata/freesurfer
mris_place_surface --adgws-in ../surf/autodet.gw.stats.lh.dat --seg aseg.presurf.mgz --threads 16 --wm wm.mgz --invol brain.finalsurfs.mgz --lh --i ../surf/lh.white.preaparc --o ../surf/lh.white --white --nsmooth 0 --rip-label ../label/lh.cortex.label --rip-bg --rip-surf ../surf/lh.white.preaparc --aparc ../label/lh.aparc.annot 

Reading in input surface ../surf/lh.white.preaparc
Not smoothing input surface
Area    255850  0.34443  0.12536 0.000947   2.2169
Corner  767550 60.00000 13.89464 0.340587 178.9742
Edge    383775  0.90295  0.20740 0.024524   3.9125
Hinge   383775  9.43559 10.95021 0.000025 179.9348
Reading in aparc ../label/lh.aparc.annot
Reading in input volume brain.finalsurfs.mgz
Reading in wm volume wm.mgz
MRIclipBrightWM(): nthresh=16797, wmmin=5, clip=110 
MRIfindBrightNonWM(): 2724 bright non-wm voxels segmented.
Masking bright non-wm for white surface
MRImask(): AllowDiffGeom = 1
MRImask(): AllowDiffGeom = 1
Reading in seg volume aseg.presurf.mgz
Ripping frozen voxels
Ripping vertices not in label ../label/lh.cortex.label
MRISripNotLabel() ripped 7571/127927 vertices (120356 unripped)
Reading in ripping surface ../surf/lh.white.preaparc
Reading in aparc ../label/lh.aparc.annot for ripsurf
Ripping BG
MRISripBasalGanglia(): 1 -2 2 0.5 ripped 509
Ripping segs (eg, WMSA, BG, frozen)
Starting MRISripSegs() d = (-2 2 0.5) segnos: 247 
MRISripSegs(): -2 2 0.5 ripped 0
vertex 63964: xyz = (-52.7822,-13.4405,-31.2372) oxyz = (-52.7822,-13.4405,-31.2372) wxzy = (-52.7822,-13.4405,-31.2372) pxyz = (0,0,0) 
CBVO Creating mask 127927
n_averages 4
Iteration 0 =========================================
n_averages=4, current_sigma=2
Computing target border values 
Entering MRIScomputeBorderValues_new(): 
  inside_hi   = 120.0000000;
  border_hi   = 111.2111430;
  border_low  =  62.0000000;
  outside_low =  51.7974590;
  outside_hi  = 111.2111430;
  sigma = 2;
  max_thickness = 10;
  step_size=0.5;
  STEP_SIZE=0.1;
  which = 1
  thresh = 0
  flags = 0
  CBVfindFirstPeakD1=0
  CBVfindFirstPeakD2=0
  nvertices=127927
  Gdiag_no=-1
  vno start=0, stop=127927
Replacing 255s with 0s
#SI# sigma=2 had to be increased for 101 vertices, nripped=8080
mean border=76.2, 83 (83) missing vertices, mean dist 0.3 [0.5 (%17.6)->0.5 (%82.4))]
%79 local maxima, %15 large gradients and % 0 min vals, 0 gradients ignored
nFirstPeakD1 0
MRIScomputeBorderValues_new() finished in 0.0103 min


Finding expansion regions
mean absolute distance = 0.47 +- 0.75
2700 vertices more than 2 sigmas from mean.
Averaging target values for 5 iterations...
Positioning Surface: tspring = 0.3, nspring = 0.3, spring = 0, niters = 100 l_repulse = 5, l_surf_repulse = 0, checktol = 0
Positioning pial surface
Entering MRISpositionSurface()
  max_mm = 0.3
  MAX_REDUCTIONS = 2, REDUCTION_PCT = 0.5
  parms->check_tol = 0, niterations = 100
tol=1.0e-04, sigma=2.0, host=dna07, nav=4, nbrs=2, l_repulse=5.000, l_tspring=0.300, l_nspring=0.300, l_intensity=0.200, l_curv=1.000
mom=0.00, dt=0.50
complete_dist_mat 0
rms 0
smooth_averages 0
remove_neg 0
ico_order 0
which_surface 0
target_radius 0.000000
nfields 0
scale 0.000000
desired_rms_height 0.000000
momentum 0.000000
nbhd_size 0
max_nbrs 0
niterations 100
nsurfaces 0
SURFACES 3
flags 0 (0)
use curv 0
no sulc 0
no rigid align 0
mris->nsize 2
mris->hemisphere 0
randomSeed 0

000: dt: 0.0000, sse=1539238.0, rms=7.514
001: dt: 0.5000, sse=640874.2, rms=4.358 (42.005%)
002: dt: 0.5000, sse=494683.8, rms=3.584 (17.758%)
003: dt: 0.5000, sse=472961.8, rms=3.459 (3.491%)
004: dt: 0.5000, sse=455010.6, rms=3.350 (3.130%)
rms = 3.3956/3.3504, sse=465267.2/455010.6, time step reduction 1 of 3 to 0.250  0 1 1
   RMS increased, rejecting step
005: dt: 0.2500, sse=299787.4, rms=2.162 (35.471%)
006: dt: 0.2500, sse=245851.9, rms=1.540 (28.790%)
007: dt: 0.2500, sse=234353.0, rms=1.340 (12.954%)
008: dt: 0.2500, sse=228187.8, rms=1.282 (4.321%)
rms = 1.2421/1.2822, sse=226206.7/228187.8, time step reduction 2 of 3 to 0.125  0 0 1
009: dt: 0.2500, sse=226206.7, rms=1.242 (3.133%)
010: dt: 0.1250, sse=223119.9, rms=1.183 (4.777%)
rms = 1.1719/1.1827, sse=223200.7/223119.9, time step reduction 3 of 3 to 0.062  0 1 1
011: dt: 0.1250, sse=223200.7, rms=1.172 (0.915%)
  maximum number of reductions reached, breaking from loop
positioning took 0.8 minutes
Iteration 1 =========================================
n_averages=2, current_sigma=1
Computing target border values 
Entering MRIScomputeBorderValues_new(): 
  inside_hi   = 120.0000000;
  border_hi   = 111.2111430;
  border_low  =  62.0000000;
  outside_low =  51.7974590;
  outside_hi  = 111.2111430;
  sigma = 1;
  max_thickness = 10;
  step_size=0.5;
  STEP_SIZE=0.1;
  which = 1
  thresh = 0
  flags = 0
  CBVfindFirstPeakD1=0
  CBVfindFirstPeakD2=0
  nvertices=127927
  Gdiag_no=-1
  vno start=0, stop=127927
Replacing 255s with 0s
#SI# sigma=1 had to be increased for 84 vertices, nripped=8080
mean border=79.4, 66 (16) missing vertices, mean dist -0.2 [0.3 (%77.7)->0.2 (%22.3))]
%86 local maxima, % 8 large gradients and % 0 min vals, 0 gradients ignored
nFirstPeakD1 0
MRIScomputeBorderValues_new() finished in 0.0078 min


Finding expansion regions
mean absolute distance = 0.29 +- 0.50
2183 vertices more than 2 sigmas from mean.
Averaging target values for 5 iterations...
Positioning Surface: tspring = 0.3, nspring = 0.3, spring = 0, niters = 100 l_repulse = 5, l_surf_repulse = 0, checktol = 0
Positioning pial surface
Entering MRISpositionSurface()
  max_mm = 0.3
  MAX_REDUCTIONS = 2, REDUCTION_PCT = 0.5
  parms->check_tol = 0, niterations = 100
tol=1.0e-04, sigma=1.0, host=dna07, nav=2, nbrs=2, l_repulse=5.000, l_tspring=0.300, l_nspring=0.300, l_intensity=0.200, l_curv=1.000
mom=0.00, dt=0.50
000: dt: 0.0000, sse=703821.1, rms=4.580
012: dt: 0.5000, sse=403917.1, rms=2.914 (36.366%)
rms = 3.1856/2.9143, sse=455108.3/403917.1, time step reduction 1 of 3 to 0.250  0 1 1
   RMS increased, rejecting step
013: dt: 0.2500, sse=299272.0, rms=2.015 (30.875%)
014: dt: 0.2500, sse=253342.7, rms=1.459 (27.591%)
015: dt: 0.2500, sse=239595.1, rms=1.234 (15.436%)
016: dt: 0.2500, sse=239055.3, rms=1.135 (7.960%)
017: dt: 0.2500, sse=229961.7, rms=1.083 (4.618%)
rms = 1.0554/1.0829, sse=229322.1/229961.7, time step reduction 2 of 3 to 0.125  0 0 1
018: dt: 0.2500, sse=229322.1, rms=1.055 (2.543%)
019: dt: 0.1250, sse=226294.3, rms=0.992 (6.044%)
rms = 0.9834/0.9916, sse=226355.2/226294.3, time step reduction 3 of 3 to 0.062  0 1 1
020: dt: 0.1250, sse=226355.2, rms=0.983 (0.828%)
  maximum number of reductions reached, breaking from loop
positioning took 0.7 minutes
Iteration 2 =========================================
n_averages=1, current_sigma=0.5
Computing target border values 
Entering MRIScomputeBorderValues_new(): 
  inside_hi   = 120.0000000;
  border_hi   = 111.2111430;
  border_low  =  62.0000000;
  outside_low =  51.7974590;
  outside_hi  = 111.2111430;
  sigma = 0.5;
  max_thickness = 10;
  step_size=0.5;
  STEP_SIZE=0.1;
  which = 1
  thresh = 0
  flags = 0
  CBVfindFirstPeakD1=0
  CBVfindFirstPeakD2=0
  nvertices=127927
  Gdiag_no=-1
  vno start=0, stop=127927
Replacing 255s with 0s
#SI# sigma=0.5 had to be increased for 89 vertices, nripped=8080
mean border=81.0, 79 (4) missing vertices, mean dist -0.1 [0.2 (%65.9)->0.2 (%34.1))]
%88 local maxima, % 5 large gradients and % 0 min vals, 0 gradients ignored
nFirstPeakD1 0
MRIScomputeBorderValues_new() finished in 0.0044 min


Finding expansion regions
mean absolute distance = 0.21 +- 0.37
2578 vertices more than 2 sigmas from mean.
Averaging target values for 5 iterations...
Positioning Surface: tspring = 0.3, nspring = 0.3, spring = 0, niters = 100 l_repulse = 5, l_surf_repulse = 0, checktol = 0
Positioning pial surface
Entering MRISpositionSurface()
  max_mm = 0.3
  MAX_REDUCTIONS = 2, REDUCTION_PCT = 0.5
  parms->check_tol = 0, niterations = 100
tol=1.0e-04, sigma=0.5, host=dna07, nav=1, nbrs=2, l_repulse=5.000, l_tspring=0.300, l_nspring=0.300, l_intensity=0.200, l_curv=1.000
mom=0.00, dt=0.50
000: dt: 0.0000, sse=340689.8, rms=2.439
rms = 2.5586/2.4389, sse=360224.9/340689.9, time step reduction 1 of 3 to 0.250  0 1 1
   RMS increased, rejecting step
021: dt: 0.2500, sse=262106.2, rms=1.631 (33.121%)
022: dt: 0.2500, sse=225577.2, rms=1.038 (36.337%)
023: dt: 0.2500, sse=219340.2, rms=0.942 (9.241%)
rms = 0.9332/0.9424, sse=219229.8/219340.2, time step reduction 2 of 3 to 0.125  0 0 1
024: dt: 0.2500, sse=219229.8, rms=0.933 (0.983%)
rms = 0.8931/0.9332, sse=217000.4/219229.8, time step reduction 3 of 3 to 0.062  0 0 1
025: dt: 0.1250, sse=217000.4, rms=0.893 (4.294%)
  maximum number of reductions reached, breaking from loop
positioning took 0.4 minutes
Iteration 3 =========================================
n_averages=0, current_sigma=0.25
Computing target border values 
Entering MRIScomputeBorderValues_new(): 
  inside_hi   = 120.0000000;
  border_hi   = 111.2111430;
  border_low  =  62.0000000;
  outside_low =  51.7974590;
  outside_hi  = 111.2111430;
  sigma = 0.25;
  max_thickness = 10;
  step_size=0.5;
  STEP_SIZE=0.1;
  which = 1
  thresh = 0
  flags = 0
  CBVfindFirstPeakD1=0
  CBVfindFirstPeakD2=0
  nvertices=127927
  Gdiag_no=-1
  vno start=0, stop=127927
Replacing 255s with 0s
#SI# sigma=0.25 had to be increased for 95 vertices, nripped=8080
mean border=81.5, 97 (2) missing vertices, mean dist -0.0 [0.2 (%54.4)->0.2 (%45.6))]
%90 local maxima, % 4 large gradients and % 0 min vals, 0 gradients ignored
nFirstPeakD1 0
MRIScomputeBorderValues_new() finished in 0.0029 min


Finding expansion regions
mean absolute distance = 0.20 +- 0.32
2854 vertices more than 2 sigmas from mean.
Averaging target values for 5 iterations...
Positioning Surface: tspring = 0.3, nspring = 0.3, spring = 0, niters = 100 l_repulse = 5, l_surf_repulse = 0, checktol = 0
Positioning pial surface
Entering MRISpositionSurface()
  max_mm = 0.3
  MAX_REDUCTIONS = 2, REDUCTION_PCT = 0.5
  parms->check_tol = 0, niterations = 100
tol=1.0e-04, sigma=0.2, host=dna07, nav=0, nbrs=2, l_repulse=5.000, l_tspring=0.300, l_nspring=0.300, l_intensity=0.200, l_curv=1.000
mom=0.00, dt=0.50
000: dt: 0.0000, sse=234518.2, rms=1.271
rms = 1.6164/1.2710, sse=262315.9/234518.1, time step reduction 1 of 3 to 0.250  0 1 1
   RMS increased, rejecting step
026: dt: 0.2500, sse=213921.1, rms=0.870 (31.550%)
027: dt: 0.2500, sse=208911.2, rms=0.726 (16.536%)
rms = 0.7313/0.7261, sse=208878.5/208911.2, time step reduction 2 of 3 to 0.125  0 0 1
   RMS increased, rejecting step
rms = 0.7178/0.7261, sse=208609.6/208911.2, time step reduction 3 of 3 to 0.062  0 0 1
028: dt: 0.1250, sse=208609.6, rms=0.718 (1.145%)
  maximum number of reductions reached, breaking from loop
positioning took 0.3 minutes


Writing output to ../surf/lh.white
#ET# mris_place_surface  2.25 minutes
#VMPC# mris_place_surfaces VmPeak  3009732
mris_place_surface done
#--------------------------------------------
#@# T1PialSurf lh Sat Mar 14 12:02:48 CET 2026
cd /out/sourcedata/freesurfer/sub-v2s9x29165_ses-1/mri
mris_place_surface --adgws-in ../surf/autodet.gw.stats.lh.dat --seg aseg.presurf.mgz --threads 16 --wm wm.mgz --invol brain.finalsurfs.mgz --lh --i ../surf/lh.white --o ../surf/lh.pial.T1 --pial --nsmooth 0 --rip-label ../label/lh.cortex+hipamyg.label --pin-medial-wall ../label/lh.cortex.label --aparc ../label/lh.aparc.annot --repulse-surf ../surf/lh.white --white-surf ../surf/lh.white
7.3.2
7.3.2

cd /out/sourcedata/freesurfer/sub-v2s9x29165_ses-1/mri
setenv SUBJECTS_DIR /out/sourcedata/freesurfer
mris_place_surface --adgws-in ../surf/autodet.gw.stats.lh.dat --seg aseg.presurf.mgz --threads 16 --wm wm.mgz --invol brain.finalsurfs.mgz --lh --i ../surf/lh.white --o ../surf/lh.pial.T1 --pial --nsmooth 0 --rip-label ../label/lh.cortex+hipamyg.label --pin-medial-wall ../label/lh.cortex.label --aparc ../label/lh.aparc.annot --repulse-surf ../surf/lh.white --white-surf ../surf/lh.white 

Reading in input surface ../surf/lh.white
Not smoothing input surface
Area    255850  0.34893  0.14148 0.001308   2.9893
Corner  767550 60.00000 15.45226 0.593243 178.6879
Edge    383775  0.91062  0.22925 0.017453   3.9125
Hinge   383775  9.59701 11.43545 0.000009 179.8720
Reading white surface coordinates from ../surf/lh.white
Reading repulsion surface coordinates from ../surf/lh.white
Reading in aparc ../label/lh.aparc.annot
Reading in input volume brain.finalsurfs.mgz
Reading in wm volume wm.mgz
MRIclipBrightWM(): nthresh=16797, wmmin=5, clip=110 
MRIfindBrightNonWM(): 2724 bright non-wm voxels segmented.
Masking bright non-wm for pial surface mid_gray = 62.0906
MRImask(): AllowDiffGeom = 1
MRImask(): AllowDiffGeom = 1
MRImask(): AllowDiffGeom = 1
Reading in seg volume aseg.presurf.mgz
Ripping frozen voxels
Ripping vertices not in label ../label/lh.cortex+hipamyg.label
MRISripNotLabel() ripped 5068/127927 vertices (122859 unripped)
INFO: rip surface needed but not specified, so using input surface
Ripping segs (eg, WMSA, BG, frozen)
Starting MRISripSegs() d = (-2 2 0.5) segnos: 247 
MRISripSegs(): -2 2 0.5 ripped 0
vertex 63964: xyz = (-52.7993,-13.4546,-31.2262) oxyz = (-52.7993,-13.4546,-31.2262) wxzy = (-52.7993,-13.4546,-31.2262) pxyz = (-52.7993,-13.4546,-31.2262) 
CBVO Creating mask 127927
n_averages 16
Iteration 0 =========================================
n_averages=16, current_sigma=2
Computing target border values 
Entering MRIScomputeBorderValues_new(): 
  inside_hi   =  92.7888570;
  border_hi   =  51.7974590;
  border_low  =  31.3923800;
  outside_low =  10.0000000;
  outside_hi  =  46.6961900;
  sigma = 2;
  max_thickness = 10;
  step_size=0.5;
  STEP_SIZE=0.1;
  which = 2
  thresh = 0
  flags = 0
  CBVfindFirstPeakD1=0
  CBVfindFirstPeakD2=0
  nvertices=127927
  Gdiag_no=-1
  vno start=0, stop=127927
Replacing 255s with 0s
#SI# sigma=2 had to be increased for 225 vertices, nripped=5068
mean border=51.4, 101 (101) missing vertices, mean dist 1.3 [0.3 (%0.0)->3.5 (%100.0))]
% 9 local maxima, %26 large gradients and %61 min vals, 0 gradients ignored
nFirstPeakD1 0
MRIScomputeBorderValues_new() finished in 0.0104 min


Averaging target values for 5 iterations...
Positioning Surface: tspring = 0.3, nspring = 0.3, spring = 0, niters = 100 l_repulse = 0, l_surf_repulse = 5, checktol = 0
Positioning pial surface
Entering MRISpositionSurface()
  max_mm = 0.3
  MAX_REDUCTIONS = 2, REDUCTION_PCT = 0.5
  parms->check_tol = 0, niterations = 100
tol=1.0e-04, sigma=2.0, host=dna07, nav=16, nbrs=2, l_surf_repulse=5.000, l_tspring=0.300, l_nspring=0.300, l_intensity=0.200, l_curv=1.000
mom=0.00, dt=0.50
complete_dist_mat 0
rms 0
smooth_averages 0
remove_neg 0
ico_order 0
which_surface 0
target_radius 0.000000
nfields 0
scale 0.000000
desired_rms_height 0.000000
momentum 0.000000
nbhd_size 0
max_nbrs 0
niterations 100
nsurfaces 0
SURFACES 3
flags 0 (0)
use curv 0
no sulc 0
no rigid align 0
mris->nsize 2
mris->hemisphere 0
randomSeed 0

000: dt: 0.0000, sse=23272898.0, rms=30.660
001: dt: 0.5000, sse=15268152.0, rms=24.779 (19.183%)
002: dt: 0.5000, sse=9836111.0, rms=19.816 (20.028%)
003: dt: 0.5000, sse=6526078.0, rms=16.055 (18.980%)
004: dt: 0.5000, sse=4613980.5, rms=13.408 (16.487%)
005: dt: 0.5000, sse=3492460.0, rms=11.575 (13.672%)
006: dt: 0.5000, sse=2798281.8, rms=10.275 (11.229%)
007: dt: 0.5000, sse=2321289.5, rms=9.274 (9.738%)
008: dt: 0.5000, sse=1960139.6, rms=8.436 (9.037%)
009: dt: 0.5000, sse=1663232.0, rms=7.678 (8.989%)
010: dt: 0.5000, sse=1413014.9, rms=6.974 (9.168%)
011: dt: 0.5000, sse=1210587.6, rms=6.347 (8.993%)
012: dt: 0.5000, sse=1052983.8, rms=5.811 (8.444%)
013: dt: 0.5000, sse=939063.4, rms=5.388 (7.273%)
014: dt: 0.5000, sse=858787.2, rms=5.068 (5.945%)
015: dt: 0.5000, sse=801282.2, rms=4.824 (4.814%)
016: dt: 0.5000, sse=759283.9, rms=4.637 (3.886%)
017: dt: 0.5000, sse=733256.7, rms=4.515 (2.622%)
018: dt: 0.5000, sse=715406.6, rms=4.428 (1.929%)
019: dt: 0.5000, sse=705394.4, rms=4.376 (1.165%)
rms = 4.3281/4.3763, sse=696008.2/705394.4, time step reduction 1 of 3 to 0.250  0 0 1
020: dt: 0.5000, sse=696008.2, rms=4.328 (1.102%)
021: dt: 0.2500, sse=641900.3, rms=4.047 (6.495%)
022: dt: 0.2500, sse=627321.1, rms=3.970 (1.899%)
rms = 3.9475/3.9701, sse=623380.3/627321.1, time step reduction 2 of 3 to 0.125  0 0 1
023: dt: 0.2500, sse=623380.2, rms=3.947 (0.571%)
024: dt: 0.1250, sse=612990.2, rms=3.889 (1.472%)
rms = 3.8751/3.8893, sse=610509.6/612990.2, time step reduction 3 of 3 to 0.062  0 0 1
025: dt: 0.1250, sse=610509.6, rms=3.875 (0.366%)
  maximum number of reductions reached, breaking from loop
positioning took 1.6 minutes
Iteration 1 =========================================
n_averages=8, current_sigma=1
Computing target border values 
Entering MRIScomputeBorderValues_new(): 
  inside_hi   =  92.7888570;
  border_hi   =  51.7974590;
  border_low  =  31.3923800;
  outside_low =  10.0000000;
  outside_hi  =  46.6961900;
  sigma = 1;
  max_thickness = 10;
  step_size=0.5;
  STEP_SIZE=0.1;
  which = 2
  thresh = 0
  flags = 0
  CBVfindFirstPeakD1=0
  CBVfindFirstPeakD2=0
  nvertices=127927
  Gdiag_no=-1
  vno start=0, stop=127927
Replacing 255s with 0s
#SI# sigma=1 had to be increased for 19928 vertices, nripped=5068
mean border=50.9, 3759 (13) missing vertices, mean dist 0.2 [0.2 (%45.8)->0.8 (%54.2))]
%14 local maxima, %24 large gradients and %55 min vals, 0 gradients ignored
nFirstPeakD1 0
MRIScomputeBorderValues_new() finished in 0.0033 min


Averaging target values for 5 iterations...
Positioning Surface: tspring = 0.3, nspring = 0.3, spring = 0, niters = 100 l_repulse = 0, l_surf_repulse = 5, checktol = 0
Positioning pial surface
Entering MRISpositionSurface()
  max_mm = 0.3
  MAX_REDUCTIONS = 2, REDUCTION_PCT = 0.5
  parms->check_tol = 0, niterations = 100
tol=1.0e-04, sigma=1.0, host=dna07, nav=8, nbrs=2, l_surf_repulse=5.000, l_tspring=0.300, l_nspring=0.300, l_intensity=0.200, l_curv=1.000
mom=0.00, dt=0.50
000: dt: 0.0000, sse=721279.8, rms=4.138
rms = 4.1930/4.1379, sse=732634.2/721279.8, time step reduction 1 of 3 to 0.250  0 1 1
   RMS increased, rejecting step
026: dt: 0.2500, sse=688968.6, rms=3.972 (4.014%)
rms = 3.9357/3.9718, sse=682574.0/688968.5, time step reduction 2 of 3 to 0.125  0 0 1
027: dt: 0.2500, sse=682573.9, rms=3.936 (0.909%)
rms = 3.8995/3.9357, sse=676196.5/682574.0, time step reduction 3 of 3 to 0.062  0 0 1
028: dt: 0.1250, sse=676196.5, rms=3.900 (0.919%)
  maximum number of reductions reached, breaking from loop
positioning took 0.2 minutes
Iteration 2 =========================================
n_averages=4, current_sigma=0.5
Computing target border values 
Entering MRIScomputeBorderValues_new(): 
  inside_hi   =  92.7888570;
  border_hi   =  51.7974590;
  border_low  =  31.3923800;
  outside_low =  10.0000000;
  outside_hi  =  46.6961900;
  sigma = 0.5;
  max_thickness = 10;
  step_size=0.5;
  STEP_SIZE=0.1;
  which = 2
  thresh = 0
  flags = 0
  CBVfindFirstPeakD1=0
  CBVfindFirstPeakD2=0
  nvertices=127927
  Gdiag_no=-1
  vno start=0, stop=127927
Replacing 255s with 0s
#SI# sigma=0.5 had to be increased for 20291 vertices, nripped=5068
mean border=50.7, 3938 (11) missing vertices, mean dist 0.1 [0.2 (%45.2)->0.7 (%54.8))]
%20 local maxima, %18 large gradients and %55 min vals, 0 gradients ignored
nFirstPeakD1 0
MRIScomputeBorderValues_new() finished in 0.0021 min


Averaging target values for 5 iterations...
Positioning Surface: tspring = 0.3, nspring = 0.3, spring = 0, niters = 100 l_repulse = 0, l_surf_repulse = 5, checktol = 0
Positioning pial surface
Entering MRISpositionSurface()
  max_mm = 0.3
  MAX_REDUCTIONS = 2, REDUCTION_PCT = 0.5
  parms->check_tol = 0, niterations = 100
tol=1.0e-04, sigma=0.5, host=dna07, nav=4, nbrs=2, l_surf_repulse=5.000, l_tspring=0.300, l_nspring=0.300, l_intensity=0.200, l_curv=1.000
mom=0.00, dt=0.50
000: dt: 0.0000, sse=707736.5, rms=4.058
rms = 4.3107/4.0584, sse=757184.0/707736.5, time step reduction 1 of 3 to 0.250  0 1 1
   RMS increased, rejecting step
029: dt: 0.2500, sse=693958.8, rms=3.989 (1.720%)
rms = 4.0907/3.9886, sse=713540.2/693958.8, time step reduction 2 of 3 to 0.125  0 1 1
   RMS increased, rejecting step
rms = 3.9839/3.9886, sse=693089.1/693958.8, time step reduction 3 of 3 to 0.062  0 0 1
030: dt: 0.1250, sse=693089.1, rms=3.984 (0.118%)
  maximum number of reductions reached, breaking from loop
positioning took 0.2 minutes
Iteration 3 =========================================
n_averages=2, current_sigma=0.25
Computing target border values 
Entering MRIScomputeBorderValues_new(): 
  inside_hi   =  92.7888570;
  border_hi   =  51.7974590;
  border_low  =  31.3923800;
  outside_low =  10.0000000;
  outside_hi  =  46.6961900;
  sigma = 0.25;
  max_thickness = 10;
  step_size=0.5;
  STEP_SIZE=0.1;
  which = 2
  thresh = 0
  flags = 0
  CBVfindFirstPeakD1=0
  CBVfindFirstPeakD2=0
  nvertices=127927
  Gdiag_no=-1
  vno start=0, stop=127927
Replacing 255s with 0s
#SI# sigma=0.25 had to be increased for 15488 vertices, nripped=5068
mean border=50.3, 9198 (10) missing vertices, mean dist 0.1 [0.2 (%43.6)->0.5 (%56.4))]
%22 local maxima, %15 large gradients and %52 min vals, 0 gradients ignored
nFirstPeakD1 0
MRIScomputeBorderValues_new() finished in 0.0013 min


Averaging target values for 5 iterations...
Positioning Surface: tspring = 0.3, nspring = 0.3, spring = 0, niters = 100 l_repulse = 0, l_surf_repulse = 5, checktol = 0
Positioning pial surface
Entering MRISpositionSurface()
  max_mm = 0.3
  MAX_REDUCTIONS = 2, REDUCTION_PCT = 0.5
  parms->check_tol = 0, niterations = 100
tol=1.0e-04, sigma=0.2, host=dna07, nav=2, nbrs=2, l_surf_repulse=5.000, l_tspring=0.300, l_nspring=0.300, l_intensity=0.200, l_curv=1.000
mom=0.00, dt=0.50
000: dt: 0.0000, sse=712168.8, rms=4.079
031: dt: 0.5000, sse=676654.6, rms=3.921 (3.877%)
rms = 3.8812/3.9213, sse=665617.4/676654.5, time step reduction 1 of 3 to 0.250  0 0 1
032: dt: 0.5000, sse=665617.4, rms=3.881 (1.023%)
033: dt: 0.2500, sse=607382.9, rms=3.550 (8.539%)
034: dt: 0.2500, sse=591587.6, rms=3.460 (2.530%)
rms = 3.4424/3.4600, sse=588409.9/591587.6, time step reduction 2 of 3 to 0.125  0 0 1
035: dt: 0.2500, sse=588409.9, rms=3.442 (0.507%)
036: dt: 0.1250, sse=569517.4, rms=3.325 (3.399%)
rms = 3.2845/3.3254, sse=562725.5/569517.4, time step reduction 3 of 3 to 0.062  0 0 1
037: dt: 0.1250, sse=562725.5, rms=3.284 (1.231%)
  maximum number of reductions reached, breaking from loop
positioning took 0.4 minutes
Pinning medial wall to white surface
removing intersecting faces
000: 9 intersecting
001: 7 intersecting
step 1 with no progress (num=15, old_num=7)
002: 15 intersecting
terminating search with 0 intersecting


Writing output to ../surf/lh.pial.T1
#ET# mris_place_surface  2.65 minutes
#VMPC# mris_place_surfaces VmPeak  2359144
mris_place_surface done
#@# white curv lh Sat Mar 14 12:05:32 CET 2026
cd /out/sourcedata/freesurfer/sub-v2s9x29165_ses-1/mri
mris_place_surface --curv-map ../surf/lh.white 2 10 ../surf/lh.curv
insurf  ../surf/lh.white, nbrs 2, curvature_avgs 10
writing curvature file ../surf/lh.curv
#@# white area lh Sat Mar 14 12:05:33 CET 2026
cd /out/sourcedata/freesurfer/sub-v2s9x29165_ses-1/mri
mris_place_surface --area-map ../surf/lh.white ../surf/lh.area
writing curvature file ../surf/lh.area
#@# pial curv lh Sat Mar 14 12:05:34 CET 2026
cd /out/sourcedata/freesurfer/sub-v2s9x29165_ses-1/mri
mris_place_surface --curv-map ../surf/lh.pial 2 10 ../surf/lh.curv.pial
insurf  ../surf/lh.pial, nbrs 2, curvature_avgs 10
writing curvature file ../surf/lh.curv.pial
#@# pial area lh Sat Mar 14 12:05:35 CET 2026
cd /out/sourcedata/freesurfer/sub-v2s9x29165_ses-1/mri
mris_place_surface --area-map ../surf/lh.pial ../surf/lh.area.pial
writing curvature file ../surf/lh.area.pial
#@# thickness lh Sat Mar 14 12:05:35 CET 2026
cd /out/sourcedata/freesurfer/sub-v2s9x29165_ses-1/mri
mris_place_surface --thickness ../surf/lh.white ../surf/lh.pial 20 5 ../surf/lh.thickness
0 of 127927 vertices processed
25000 of 127927 vertices processed
50000 of 127927 vertices processed
75000 of 127927 vertices processed
100000 of 127927 vertices processed
125000 of 127927 vertices processed
0 of 127927 vertices processed
25000 of 127927 vertices processed
50000 of 127927 vertices processed
75000 of 127927 vertices processed
100000 of 127927 vertices processed
125000 of 127927 vertices processed
thickness calculation complete, 492:1680 truncations.
49516 vertices at 0 distance
98887 vertices at 1 distance
64932 vertices at 2 distance
25761 vertices at 3 distance
9823 vertices at 4 distance
3748 vertices at 5 distance
1570 vertices at 6 distance
633 vertices at 7 distance
305 vertices at 8 distance
195 vertices at 9 distance
119 vertices at 10 distance
79 vertices at 11 distance
54 vertices at 12 distance
39 vertices at 13 distance
34 vertices at 14 distance
26 vertices at 15 distance
24 vertices at 16 distance
29 vertices at 17 distance
26 vertices at 18 distance
19 vertices at 19 distance
35 vertices at 20 distance
writing curvature file ../surf/lh.thickness
#@# area and vertex vol lh Sat Mar 14 12:05:57 CET 2026
cd /out/sourcedata/freesurfer/sub-v2s9x29165_ses-1/mri
mris_place_surface --thickness ../surf/lh.white ../surf/lh.pial 20 5 ../surf/lh.thickness
/out/sourcedata/freesurfer/sub-v2s9x29165_ses-1/surf
mris_calc -o lh.area.mid lh.area add lh.area.pial
Saving result to 'lh.area.mid' (type = MRI_CURV_FILE)                       [ ok ]
mris_calc -o lh.area.mid lh.area.mid div 2
Saving result to 'lh.area.mid' (type = MRI_CURV_FILE)                       [ ok ]
mris_convert --volume sub-v2s9x29165_ses-1 lh /out/sourcedata/freesurfer/sub-v2s9x29165_ses-1/surf/lh.volume
masking with /out/sourcedata/freesurfer/sub-v2s9x29165_ses-1/label/lh.cortex.label
Total face volume 263238
Total vertex volume 263053 (mask=0)
#@# sub-v2s9x29165_ses-1 lh 263053
 
vertexvol Done

#-----------------------------------------
#@# Curvature Stats lh Sat Mar 14 12:05:58 CET 2026
/out/sourcedata/freesurfer/sub-v2s9x29165_ses-1/surf

 mris_curvature_stats -m --writeCurvatureFiles -G -o ../stats/lh.curv.stats -F smoothwm sub-v2s9x29165_ses-1 lh curv sulc 

             Toggling save flag on curvature files                       [ ok ]
                 Outputting results using filestem   [ ../stats/lh.curv.stats ]
             Toggling save flag on curvature files                       [ ok ]
                                   Setting surface [ sub-v2s9x29165_ses-1/lh.smoothwm ]
                                Reading surface...                       [ ok ]
                                   Setting texture                     [ curv ]
                                Reading texture...                       [ ok ]
                                   Setting texture                     [ sulc ]
                                Reading texture...Gb_filter = 0
                       [ ok ]
      Calculating Discrete Principal Curvatures...
      Determining geometric order for vno faces... [####################] [ ok ]
                      Determining KH curvatures... [####################] [ ok ]
                    Determining k1k2 curvatures... [####################] [ ok ]
                                   deltaViolations                      [ 227 ]
Gb_filter = 0

WARN:    S lookup   min:                          -0.083925
WARN:    S explicit min:                          0.000000	vertex = 831
#-----------------------------------------
#@# Cortical Parc 2 lh Sat Mar 14 12:06:00 CET 2026
/out/sourcedata/freesurfer/sub-v2s9x29165_ses-1/scripts

 mris_ca_label -l ../label/lh.cortex.label -aseg ../mri/aseg.presurf.mgz -seed 1234 sub-v2s9x29165_ses-1 lh ../surf/lh.sphere.reg /opt/freesurfer/average/lh.CDaparc.atlas.acfb40.noaparc.i12.2016-08-02.gcs ../label/lh.aparc.a2009s.annot 

setting seed for random number generator to 1234
using ../mri/aseg.presurf.mgz aseg volume to correct midline
7.3.2
  7.3.2
reading atlas from /opt/freesurfer/average/lh.CDaparc.atlas.acfb40.noaparc.i12.2016-08-02.gcs...
reading color table from GCSA file....
average std = 3.0   using min determinant for regularization = 0.088
0 singular and 0 ill-conditioned covariance matrices regularized
input 0: MEAN CURVATURE, flags 0, avgs 5, name mean_curvature
labeling surface...
55 labels changed using aseg
relabeling using gibbs priors...
000:   8954 changed, 127927 examined...
001:   2102 changed, 34449 examined...
002:    633 changed, 11194 examined...
003:    255 changed, 3605 examined...
004:    122 changed, 1464 examined...
005:     64 changed, 717 examined...
006:     37 changed, 363 examined...
007:     22 changed, 214 examined...
008:     12 changed, 123 examined...
009:      6 changed, 66 examined...
010:      6 changed, 34 examined...
011:      5 changed, 37 examined...
012:      2 changed, 31 examined...
013:      0 changed, 14 examined...
34 labels changed using aseg
000: 232 total segments, 147 labels (1657 vertices) changed
001: 91 total segments, 7 labels (12 vertices) changed
002: 84 total segments, 0 labels (0 vertices) changed
10 filter iterations complete (10 requested, 41 changed)
rationalizing unknown annotations with cortex label
relabeling Medial_wall label...
1218 vertices marked for relabeling...
1218 labels changed in reclassification.
writing output to ../label/lh.aparc.a2009s.annot...
classification took 0 minutes and 9 seconds.
#-----------------------------------------
#@# Cortical Parc 3 lh Sat Mar 14 12:06:09 CET 2026
/out/sourcedata/freesurfer/sub-v2s9x29165_ses-1/scripts

 mris_ca_label -l ../label/lh.cortex.label -aseg ../mri/aseg.presurf.mgz -seed 1234 sub-v2s9x29165_ses-1 lh ../surf/lh.sphere.reg /opt/freesurfer/average/lh.DKTaparc.atlas.acfb40.noaparc.i12.2016-08-02.gcs ../label/lh.aparc.DKTatlas.annot 

setting seed for random number generator to 1234
using ../mri/aseg.presurf.mgz aseg volume to correct midline
7.3.2
  7.3.2
reading atlas from /opt/freesurfer/average/lh.DKTaparc.atlas.acfb40.noaparc.i12.2016-08-02.gcs...
reading color table from GCSA file....
average std = 1.4   using min determinant for regularization = 0.020
0 singular and 383 ill-conditioned covariance matrices regularized
input 0: MEAN CURVATURE, flags 0, avgs 5, name mean_curvature
labeling surface...
1150 labels changed using aseg
relabeling using gibbs priors...
000:   1844 changed, 127927 examined...
001:    401 changed, 8776 examined...
002:    132 changed, 2275 examined...
003:     53 changed, 750 examined...
004:     29 changed, 316 examined...
005:     16 changed, 174 examined...
006:      9 changed, 97 examined...
007:      4 changed, 53 examined...
008:      8 changed, 24 examined...
009:      6 changed, 32 examined...
010:      8 changed, 31 examined...
011:      9 changed, 37 examined...
012:      6 changed, 43 examined...
013:      6 changed, 35 examined...
014:      5 changed, 35 examined...
015:      3 changed, 17 examined...
016:      4 changed, 18 examined...
017:      2 changed, 17 examined...
018:      1 changed, 10 examined...
019:      2 changed, 7 examined...
020:      3 changed, 13 examined...
021:      3 changed, 18 examined...
022:      2 changed, 16 examined...
023:      2 changed, 15 examined...
024:      4 changed, 15 examined...
025:      1 changed, 15 examined...
026:      0 changed, 6 examined...
220 labels changed using aseg
000: 41 total segments, 8 labels (210 vertices) changed
001: 33 total segments, 0 labels (0 vertices) changed
10 filter iterations complete (10 requested, 1 changed)
rationalizing unknown annotations with cortex label
relabeling unknown label...
relabeling corpuscallosum label...
856 vertices marked for relabeling...
856 labels changed in reclassification.
writing output to ../label/lh.aparc.DKTatlas.annot...
classification took 0 minutes and 7 seconds.
#-----------------------------------------
#@# WM/GM Contrast lh Sat Mar 14 12:06:16 CET 2026
/out/sourcedata/freesurfer/sub-v2s9x29165_ses-1/scripts

 pctsurfcon --s sub-v2s9x29165_ses-1 --lh-only 

Log file is /out/sourcedata/freesurfer/sub-v2s9x29165_ses-1/scripts/pctsurfcon.log
Sat Mar 14 12:06:16 CET 2026
setenv SUBJECTS_DIR /out/sourcedata/freesurfer
cd /out/sourcedata/freesurfer/sub-v2s9x29165_ses-1/scripts
/opt/freesurfer/bin/pctsurfcon
pctsurfcon 7.3.2
Linux dna076 5.14.0-427.37.1.el9_4.x86_64 #1 SMP PREEMPT_DYNAMIC Fri Sep 13 12:41:50 EDT 2024 x86_64 x86_64 x86_64 GNU/Linux
FREESURFER_HOME /opt/freesurfer
mri_vol2surf --mov /out/sourcedata/freesurfer/sub-v2s9x29165_ses-1/mri/rawavg.mgz --hemi lh --noreshape --interp trilinear --projdist -1 --o /out/sourcedata/freesurfer/sub-v2s9x29165_ses-1/surf/tmp.pctsurfcon.1261614/lh.wm.mgh --regheader sub-v2s9x29165_ses-1 --cortex
srcvol = /out/sourcedata/freesurfer/sub-v2s9x29165_ses-1/mri/rawavg.mgz
srcreg unspecified
srcregold = 0
srcwarp unspecified
surf = white
hemi = lh
ProjDist = -1
reshape = 0
interp = trilinear
float2int = round
GetProjMax = 0
INFO: float2int code = 0
Done loading volume
Computing registration from header.
  Using /out/sourcedata/freesurfer/sub-v2s9x29165_ses-1/mri/orig.mgz as target reference.
-------- original matrix -----------
-1.00000   0.00000   0.00000  -0.00002;
 0.00000   0.00000   1.00000   0.00000;
 0.00000  -1.00000   0.00000   0.00000;
 0.00000   0.00000   0.00000   1.00000;
-------- original matrix -----------
Loading label /out/sourcedata/freesurfer/sub-v2s9x29165_ses-1/label/lh.cortex.label
Reading surface /out/sourcedata/freesurfer/sub-v2s9x29165_ses-1/surf/lh.white
Done reading source surface
Mapping Source Volume onto Source Subject Surface
Projecting -1 -1 1
 1 -1 -1 -1
using old
Done mapping volume to surface
Number of source voxels hit = 67369
Masking with /out/sourcedata/freesurfer/sub-v2s9x29165_ses-1/label/lh.cortex.label
Writing to /out/sourcedata/freesurfer/sub-v2s9x29165_ses-1/surf/tmp.pctsurfcon.1261614/lh.wm.mgh
Dim: 127927 1 1
mri_vol2surf --mov /out/sourcedata/freesurfer/sub-v2s9x29165_ses-1/mri/rawavg.mgz --hemi lh --noreshape --interp trilinear --o /out/sourcedata/freesurfer/sub-v2s9x29165_ses-1/surf/tmp.pctsurfcon.1261614/lh.gm.mgh --projfrac 0.3 --regheader sub-v2s9x29165_ses-1 --cortex
srcvol = /out/sourcedata/freesurfer/sub-v2s9x29165_ses-1/mri/rawavg.mgz
srcreg unspecified
srcregold = 0
srcwarp unspecified
surf = white
hemi = lh
ProjFrac = 0.3
thickness = thickness
reshape = 0
interp = trilinear
float2int = round
GetProjMax = 0
INFO: float2int code = 0
Done loading volume
Computing registration from header.
  Using /out/sourcedata/freesurfer/sub-v2s9x29165_ses-1/mri/orig.mgz as target reference.
-------- original matrix -----------
-1.00000   0.00000   0.00000  -0.00002;
 0.00000   0.00000   1.00000   0.00000;
 0.00000  -1.00000   0.00000   0.00000;
 0.00000   0.00000   0.00000   1.00000;
-------- original matrix -----------
Loading label /out/sourcedata/freesurfer/sub-v2s9x29165_ses-1/label/lh.cortex.label
Reading surface /out/sourcedata/freesurfer/sub-v2s9x29165_ses-1/surf/lh.white
Done reading source surface
Reading thickness /out/sourcedata/freesurfer/sub-v2s9x29165_ses-1/surf/lh.thickness
Done
Mapping Source Volume onto Source Subject Surface
Projecting 0.3 0.3 1
 1 0.3 0.3 0.3
using old
Done mapping volume to surface
Number of source voxels hit = 77860
Masking with /out/sourcedata/freesurfer/sub-v2s9x29165_ses-1/label/lh.cortex.label
Writing to /out/sourcedata/freesurfer/sub-v2s9x29165_ses-1/surf/tmp.pctsurfcon.1261614/lh.gm.mgh
Dim: 127927 1 1
mri_concat /out/sourcedata/freesurfer/sub-v2s9x29165_ses-1/surf/tmp.pctsurfcon.1261614/lh.wm.mgh /out/sourcedata/freesurfer/sub-v2s9x29165_ses-1/surf/tmp.pctsurfcon.1261614/lh.gm.mgh --paired-diff-norm --mul 100 --o /out/sourcedata/freesurfer/sub-v2s9x29165_ses-1/surf/lh.w-g.pct.mgh
ninputs = 2
Checking inputs
nframestot = 2
Allocing output
Done allocing
Combining pairs
nframes = 1
Multiplying by 100.000000
Writing to /out/sourcedata/freesurfer/sub-v2s9x29165_ses-1/surf/lh.w-g.pct.mgh
mri_segstats --in /out/sourcedata/freesurfer/sub-v2s9x29165_ses-1/surf/lh.w-g.pct.mgh --annot sub-v2s9x29165_ses-1 lh aparc --sum /out/sourcedata/freesurfer/sub-v2s9x29165_ses-1/stats/lh.w-g.pct.stats --snr

7.3.2
cwd 
cmdline mri_segstats --in /out/sourcedata/freesurfer/sub-v2s9x29165_ses-1/surf/lh.w-g.pct.mgh --annot sub-v2s9x29165_ses-1 lh aparc --sum /out/sourcedata/freesurfer/sub-v2s9x29165_ses-1/stats/lh.w-g.pct.stats --snr 
sysname  Linux
hostname dna076
machine  x86_64
user     oesteban
whitesurfname  white
UseRobust  0
Constructing seg from annotation

Reading annotation /out/sourcedata/freesurfer/sub-v2s9x29165_ses-1/label/lh.aparc.annot
Seg base 1000
Loading /out/sourcedata/freesurfer/sub-v2s9x29165_ses-1/surf/lh.w-g.pct.mgh
Vertex Area is 0.697853 mm^3
Generating list of segmentation ids
Found  36 segmentations
Computing statistics for each segmentation

Reporting on  35 segmentations
Using PrintSegStat
mri_segstats done
Cleaning up

Started at Sat Mar 14 11:46:53 CET 2026 
Ended   at Sat Mar 14 12:06:19 CET 2026
#@#%# recon-all-run-time-hours 0.324
recon-all -s sub-v2s9x29165_ses-1 finished without error at Sat Mar 14 12:06:19 CET 2026



#New# invocation of recon-all 




Sat Mar 14 12:29:31 CET 2026
cd /out/sourcedata/freesurfer/sub-v2s9x29165_ses-1
setenv SUBJECTS_DIR /out/sourcedata/freesurfer
/opt/freesurfer/bin/recon-all -autorecon-hemi lh -nohyporelabel -lh-only -openmp 16 -subjid sub-v2s9x29165_ses-1 -sd /out/sourcedata/freesurfer -notessellate -nosmooth1 -noinflate1 -noqsphere -nofix -nowhite -nosmooth2 -noinflate2 -nocurvHK -nocurvstats -nosphere -nosurfreg -nojacobian_white -noavgcurv -nocortparc -nopial -nocortparc2 -nocortparc3 -nopctsurfcon

subjid sub-v2s9x29165_ses-1
setenv SUBJECTS_DIR /out/sourcedata/freesurfer
FREESURFER_HOME /opt/freesurfer
Actual FREESURFER_HOME /opt/freesurfer
build-stamp.txt: freesurfer-linux-ubuntu22_x86_64-7.3.2-20220804-6354275
Linux dna076 5.14.0-427.37.1.el9_4.x86_64 #1 SMP PREEMPT_DYNAMIC Fri Sep 13 12:41:50 EDT 2024 x86_64 x86_64 x86_64 GNU/Linux
cputime      unlimited
filesize     unlimited
datasize     unlimited
stacksize    8192 kbytes
coredumpsize 0 kbytes
memoryuse    67108864 kbytes
vmemoryuse   unlimited
descriptors  1024 
memorylocked unlimited
maxproc      2061970 
maxlocks     unlimited
maxsignal    2062029 
maxmessage   819200 
maxnice      0 
maxrtprio    0 
maxrttime    unlimited

               total        used        free      shared  buff/cache   available
Mem:           503Gi        46Gi        40Gi       9.2Gi       417Gi       444Gi
Swap:             0B          0B          0B

########################################
program versions used
7.3.2 (freesurfer-linux-ubuntu22_x86_64-7.3.2-20220804-6354275)
7.3.2

ProgramName: lta_convert  ProgramArguments: lta_convert -all-info  ProgramVersion: 7.3.2  TimeStamp: 2026/03/14-11:29:31-GMT  BuildTime: Aug  4 2022 06:17:15  BuildStamp: freesurfer-linux-ubuntu22_x86_64-7.3.2-20220804-6354275  User: oesteban  Machine: dna076  Platform: Linux  PlatformVersion: 5.14.0-427.37.1.el9_4.x86_64  CompilerName: GCC  CompilerVersion: 8.4.0
ProgramName: mri_and  ProgramArguments: mri_and -all-info  ProgramVersion: 7.3.2  TimeStamp: 2026/03/14-11:29:31-GMT  BuildTime: Aug  4 2022 06:17:15  BuildStamp: freesurfer-linux-ubuntu22_x86_64-7.3.2-20220804-6354275  User: oesteban  Machine: dna076  Platform: Linux  PlatformVersion: 5.14.0-427.37.1.el9_4.x86_64  CompilerName: GCC  CompilerVersion: 8.4.0
ProgramName: mri_annotation2label  ProgramArguments: mri_annotation2label -all-info  ProgramVersion: 7.3.2  TimeStamp: 2026/03/14-11:29:31-GMT  BuildTime: Aug  4 2022 06:17:15  BuildStamp: freesurfer-linux-ubuntu22_x86_64-7.3.2-20220804-6354275  User: oesteban  Machine: dna076  Platform: Linux  PlatformVersion: 5.14.0-427.37.1.el9_4.x86_64  CompilerName: GCC  CompilerVersion: 8.4.0
ProgramName: mri_aparc2aseg  ProgramArguments: mri_aparc2aseg -all-info  ProgramVersion: 7.3.2  TimeStamp: 2026/03/14-11:29:31-GMT  BuildTime: Aug  4 2022 06:17:15  BuildStamp: freesurfer-linux-ubuntu22_x86_64-7.3.2-20220804-6354275  User: oesteban  Machine: dna076  Platform: Linux  PlatformVersion: 5.14.0-427.37.1.el9_4.x86_64  CompilerName: GCC  CompilerVersion: 8.4.0
ProgramName: mri_surf2volseg  ProgramArguments: mri_surf2volseg -all-info  ProgramVersion: 7.3.2  TimeStamp: 2026/03/14-11:29:31-GMT  BuildTime: Aug  4 2022 06:17:15  BuildStamp: freesurfer-linux-ubuntu22_x86_64-7.3.2-20220804-6354275  User: oesteban  Machine: dna076  Platform: Linux  PlatformVersion: 5.14.0-427.37.1.el9_4.x86_64  CompilerName: GCC  CompilerVersion: 8.4.0
ProgramName: mri_binarize  ProgramArguments: mri_binarize -all-info  ProgramVersion: 7.3.2  TimeStamp: 2026/03/14-11:29:31-GMT  BuildTime: Aug  4 2022 06:17:15  BuildStamp: freesurfer-linux-ubuntu22_x86_64-7.3.2-20220804-6354275  User: oesteban  Machine: dna076  Platform: Linux  PlatformVersion: 5.14.0-427.37.1.el9_4.x86_64  CompilerName: GCC  CompilerVersion: 8.4.0
ProgramName: mri_ca_label  ProgramArguments: mri_ca_label -all-info  ProgramVersion: 7.3.2  TimeStamp: 2026/03/14-11:29:31-GMT  BuildTime: Aug  4 2022 06:17:15  BuildStamp: freesurfer-linux-ubuntu22_x86_64-7.3.2-20220804-6354275  User: oesteban  Machine: dna076  Platform: Linux  PlatformVersion: 5.14.0-427.37.1.el9_4.x86_64  CompilerName: GCC  CompilerVersion: 8.4.0
ProgramName: mri_ca_normalize  ProgramArguments: mri_ca_normalize -all-info  ProgramVersion: 7.3.2  TimeStamp: 2026/03/14-11:29:31-GMT  BuildTime: Aug  4 2022 06:17:15  BuildStamp: freesurfer-linux-ubuntu22_x86_64-7.3.2-20220804-6354275  User: oesteban  Machine: dna076  Platform: Linux  PlatformVersion: 5.14.0-427.37.1.el9_4.x86_64  CompilerName: GCC  CompilerVersion: 8.4.0
ProgramName: mri_ca_register  ProgramArguments: mri_ca_register -all-info  ProgramVersion: 7.3.2  TimeStamp: 2026/03/14-11:29:31-GMT  BuildTime: Aug  4 2022 06:17:15  BuildStamp: freesurfer-linux-ubuntu22_x86_64-7.3.2-20220804-6354275  User: oesteban  Machine: dna076  Platform: Linux  PlatformVersion: 5.14.0-427.37.1.el9_4.x86_64  CompilerName: GCC  CompilerVersion: 8.4.0
ProgramName: mri_cc  ProgramArguments: mri_cc -all-info  ProgramVersion: 7.3.2  TimeStamp: 2026/03/14-11:29:31-GMT  BuildTime: Aug  4 2022 06:17:15  BuildStamp: freesurfer-linux-ubuntu22_x86_64-7.3.2-20220804-6354275  User: oesteban  Machine: dna076  Platform: Linux  PlatformVersion: 5.14.0-427.37.1.el9_4.x86_64  CompilerName: GCC  CompilerVersion: 8.4.0
ProgramName: mri_compute_overlap  ProgramArguments: mri_compute_overlap -all-info  ProgramVersion: 7.3.2  TimeStamp: 2026/03/14-11:29:31-GMT  BuildTime: Aug  4 2022 06:17:15  BuildStamp: freesurfer-linux-ubuntu22_x86_64-7.3.2-20220804-6354275  User: oesteban  Machine: dna076  Platform: Linux  PlatformVersion: 5.14.0-427.37.1.el9_4.x86_64  CompilerName: GCC  CompilerVersion: 8.4.0
ProgramName: mri_compute_seg_overlap  ProgramArguments: mri_compute_seg_overlap -all-info  ProgramVersion: 7.3.2  TimeStamp: 2026/03/14-11:29:31-GMT  BuildTime: Aug  4 2022 06:17:15  BuildStamp: freesurfer-linux-ubuntu22_x86_64-7.3.2-20220804-6354275  User: oesteban  Machine: dna076  Platform: Linux  PlatformVersion: 5.14.0-427.37.1.el9_4.x86_64  CompilerName: GCC  CompilerVersion: 8.4.0
ProgramName: mri_concat  ProgramArguments: mri_concat -all-info  ProgramVersion: 7.3.2  TimeStamp: 2026/03/14-11:29:31-GMT  BuildTime: Aug  4 2022 06:17:15  BuildStamp: freesurfer-linux-ubuntu22_x86_64-7.3.2-20220804-6354275  User: oesteban  Machine: dna076  Platform: Linux  PlatformVersion: 5.14.0-427.37.1.el9_4.x86_64  CompilerName: GCC  CompilerVersion: 8.4.0
ProgramName: mri_concatenate_lta  ProgramArguments: mri_concatenate_lta -all-info  ProgramVersion: 7.3.2  TimeStamp: 2026/03/14-11:29:31-GMT  BuildTime: Aug  4 2022 06:17:15  BuildStamp: freesurfer-linux-ubuntu22_x86_64-7.3.2-20220804-6354275  User: oesteban  Machine: dna076  Platform: Linux  PlatformVersion: 5.14.0-427.37.1.el9_4.x86_64  CompilerName: GCC  CompilerVersion: 8.4.0
mri_convert -all-info 
ProgramName: mri_convert  ProgramArguments: mri_convert -all-info  ProgramVersion: 7.3.2  TimeStamp: 2026/03/14-11:29:31-GMT  BuildTime: Aug  4 2022 06:17:15  BuildStamp: freesurfer-linux-ubuntu22_x86_64-7.3.2-20220804-6354275  User: oesteban  Machine: dna076  Platform: Linux  PlatformVersion: 5.14.0-427.37.1.el9_4.x86_64  CompilerName: GCC  CompilerVersion: 8.4.0
ProgramName: mri_diff  ProgramArguments: mri_diff -all-info  ProgramVersion: 7.3.2  TimeStamp: 2026/03/14-11:29:31-GMT  BuildTime: Aug  4 2022 06:17:15  BuildStamp: freesurfer-linux-ubuntu22_x86_64-7.3.2-20220804-6354275  User: oesteban  Machine: dna076  Platform: Linux  PlatformVersion: 5.14.0-427.37.1.el9_4.x86_64  CompilerName: GCC  CompilerVersion: 8.4.0
ProgramName: mri_edit_wm_with_aseg  ProgramArguments: mri_edit_wm_with_aseg -all-info  ProgramVersion: 7.3.2  TimeStamp: 2026/03/14-11:29:31-GMT  BuildTime: Aug  4 2022 06:17:15  BuildStamp: freesurfer-linux-ubuntu22_x86_64-7.3.2-20220804-6354275  User: oesteban  Machine: dna076  Platform: Linux  PlatformVersion: 5.14.0-427.37.1.el9_4.x86_64  CompilerName: GCC  CompilerVersion: 8.4.0
ProgramName: mri_em_register  ProgramArguments: mri_em_register -all-info  ProgramVersion: 7.3.2  TimeStamp: 2026/03/14-11:29:31-GMT  BuildTime: Aug  4 2022 06:17:15  BuildStamp: freesurfer-linux-ubuntu22_x86_64-7.3.2-20220804-6354275  User: oesteban  Machine: dna076  Platform: Linux  PlatformVersion: 5.14.0-427.37.1.el9_4.x86_64  CompilerName: GCC  CompilerVersion: 8.4.0
ProgramName: mri_fill  ProgramArguments: mri_fill -all-info  ProgramVersion: 7.3.2  TimeStamp: 2026/03/14-11:29:31-GMT  BuildTime: Aug  4 2022 06:17:15  BuildStamp: freesurfer-linux-ubuntu22_x86_64-7.3.2-20220804-6354275  User: oesteban  Machine: dna076  Platform: Linux  PlatformVersion: 5.14.0-427.37.1.el9_4.x86_64  CompilerName: GCC  CompilerVersion: 8.4.0
ProgramName: mri_fuse_segmentations  ProgramArguments: mri_fuse_segmentations -all-info  ProgramVersion: 7.3.2  TimeStamp: 2026/03/14-11:29:31-GMT  BuildTime: Aug  4 2022 06:17:15  BuildStamp: freesurfer-linux-ubuntu22_x86_64-7.3.2-20220804-6354275  User: oesteban  Machine: dna076  Platform: Linux  PlatformVersion: 5.14.0-427.37.1.el9_4.x86_64  CompilerName: GCC  CompilerVersion: 8.4.0
ProgramName: mri_fwhm  ProgramArguments: mri_fwhm -all-info  ProgramVersion: 7.3.2  TimeStamp: 2026/03/14-11:29:31-GMT  BuildTime: Aug  4 2022 06:17:15  BuildStamp: freesurfer-linux-ubuntu22_x86_64-7.3.2-20220804-6354275  User: oesteban  Machine: dna076  Platform: Linux  PlatformVersion: 5.14.0-427.37.1.el9_4.x86_64  CompilerName: GCC  CompilerVersion: 8.4.0
ProgramName: mri_gcut  ProgramArguments: mri_gcut -all-info  ProgramVersion: 7.3.2  TimeStamp: 2026/03/14-11:29:31-GMT  BuildTime: Aug  4 2022 06:17:15  BuildStamp: freesurfer-linux-ubuntu22_x86_64-7.3.2-20220804-6354275  User: oesteban  Machine: dna076  Platform: Linux  PlatformVersion: 5.14.0-427.37.1.el9_4.x86_64  CompilerName: GCC  CompilerVersion: 8.4.0
ProgramName: mri_info  ProgramArguments: mri_info -all-info  ProgramVersion: 7.3.2  TimeStamp: 2026/03/14-11:29:31-GMT  BuildTime: Aug  4 2022 06:17:15  BuildStamp: freesurfer-linux-ubuntu22_x86_64-7.3.2-20220804-6354275  User: oesteban  Machine: dna076  Platform: Linux  PlatformVersion: 5.14.0-427.37.1.el9_4.x86_64  CompilerName: GCC  CompilerVersion: 8.4.0
ProgramName: mri_label2label  ProgramArguments: mri_label2label -all-info  ProgramVersion: 7.3.2  TimeStamp: 2026/03/14-11:29:31-GMT  BuildTime: Aug  4 2022 06:17:15  BuildStamp: freesurfer-linux-ubuntu22_x86_64-7.3.2-20220804-6354275  User: oesteban  Machine: dna076  Platform: Linux  PlatformVersion: 5.14.0-427.37.1.el9_4.x86_64  CompilerName: GCC  CompilerVersion: 8.4.0
ProgramName: mri_label2vol  ProgramArguments: mri_label2vol -all-info  ProgramVersion: 7.3.2  TimeStamp: 2026/03/14-11:29:31-GMT  BuildTime: Aug  4 2022 06:17:15  BuildStamp: freesurfer-linux-ubuntu22_x86_64-7.3.2-20220804-6354275  User: oesteban  Machine: dna076  Platform: Linux  PlatformVersion: 5.14.0-427.37.1.el9_4.x86_64  CompilerName: GCC  CompilerVersion: 8.4.0
ProgramName: mri_log_likelihood  ProgramArguments: mri_log_likelihood -all-info  ProgramVersion: 7.3.2  TimeStamp: 2026/03/14-11:29:31-GMT  BuildTime: Aug  4 2022 06:17:15  BuildStamp: freesurfer-linux-ubuntu22_x86_64-7.3.2-20220804-6354275  User: oesteban  Machine: dna076  Platform: Linux  PlatformVersion: 5.14.0-427.37.1.el9_4.x86_64  CompilerName: GCC  CompilerVersion: 8.4.0
ProgramName: mri_mask  ProgramArguments: mri_mask -all-info  ProgramVersion: 7.3.2  TimeStamp: 2026/03/14-11:29:31-GMT  BuildTime: Aug  4 2022 06:17:15  BuildStamp: freesurfer-linux-ubuntu22_x86_64-7.3.2-20220804-6354275  User: oesteban  Machine: dna076  Platform: Linux  PlatformVersion: 5.14.0-427.37.1.el9_4.x86_64  CompilerName: GCC  CompilerVersion: 8.4.0
ProgramName: mri_matrix_multiply  ProgramArguments: mri_matrix_multiply -all-info  ProgramVersion: 7.3.2  TimeStamp: 2026/03/14-11:29:31-GMT  BuildTime: Aug  4 2022 06:17:15  BuildStamp: freesurfer-linux-ubuntu22_x86_64-7.3.2-20220804-6354275  User: oesteban  Machine: dna076  Platform: Linux  PlatformVersion: 5.14.0-427.37.1.el9_4.x86_64  CompilerName: GCC  CompilerVersion: 8.4.0
ProgramName: mri_normalize  ProgramArguments: mri_normalize -all-info  ProgramVersion: 7.3.2  TimeStamp: 2026/03/14-11:29:31-GMT  BuildTime: Aug  4 2022 06:17:15  BuildStamp: freesurfer-linux-ubuntu22_x86_64-7.3.2-20220804-6354275  User: oesteban  Machine: dna076  Platform: Linux  PlatformVersion: 5.14.0-427.37.1.el9_4.x86_64  CompilerName: GCC  CompilerVersion: 8.4.0
ProgramName: mri_normalize_tp2  ProgramArguments: mri_normalize_tp2 -all-info  ProgramVersion: 7.3.2  TimeStamp: 2026/03/14-11:29:31-GMT  BuildTime: Aug  4 2022 06:17:15  BuildStamp: freesurfer-linux-ubuntu22_x86_64-7.3.2-20220804-6354275  User: oesteban  Machine: dna076  Platform: Linux  PlatformVersion: 5.14.0-427.37.1.el9_4.x86_64  CompilerName: GCC  CompilerVersion: 8.4.0
ProgramName: mri_or  ProgramArguments: mri_or -all-info  ProgramVersion: 7.3.2  TimeStamp: 2026/03/14-11:29:31-GMT  BuildTime: Aug  4 2022 06:17:15  BuildStamp: freesurfer-linux-ubuntu22_x86_64-7.3.2-20220804-6354275  User: oesteban  Machine: dna076  Platform: Linux  PlatformVersion: 5.14.0-427.37.1.el9_4.x86_64  CompilerName: GCC  CompilerVersion: 8.4.0
ProgramName: mri_relabel_hypointensities  ProgramArguments: mri_relabel_hypointensities -all-info  ProgramVersion: 7.3.2  TimeStamp: 2026/03/14-11:29:31-GMT  BuildTime: Aug  4 2022 06:17:15  BuildStamp: freesurfer-linux-ubuntu22_x86_64-7.3.2-20220804-6354275  User: oesteban  Machine: dna076  Platform: Linux  PlatformVersion: 5.14.0-427.37.1.el9_4.x86_64  CompilerName: GCC  CompilerVersion: 8.4.0
ProgramName: mri_relabel_nonwm_hypos  ProgramArguments: mri_relabel_nonwm_hypos -all-info  ProgramVersion: 7.3.2  TimeStamp: 2026/03/14-11:29:31-GMT  BuildTime: Aug  4 2022 06:17:15  BuildStamp: freesurfer-linux-ubuntu22_x86_64-7.3.2-20220804-6354275  User: oesteban  Machine: dna076  Platform: Linux  PlatformVersion: 5.14.0-427.37.1.el9_4.x86_64  CompilerName: GCC  CompilerVersion: 8.4.0
ProgramName: mri_remove_neck  ProgramArguments: mri_remove_neck -all-info  ProgramVersion: 7.3.2  TimeStamp: 2026/03/14-11:29:31-GMT  BuildTime: Aug  4 2022 06:17:15  BuildStamp: freesurfer-linux-ubuntu22_x86_64-7.3.2-20220804-6354275  User: oesteban  Machine: dna076  Platform: Linux  PlatformVersion: 5.14.0-427.37.1.el9_4.x86_64  CompilerName: GCC  CompilerVersion: 8.4.0
7.3.2

ProgramName: mri_robust_register  ProgramArguments: mri_robust_register -all-info  ProgramVersion: 7.3.2  TimeStamp: 2026/03/14-11:29:31-GMT  BuildTime: Aug  4 2022 06:17:15  BuildStamp: freesurfer-linux-ubuntu22_x86_64-7.3.2-20220804-6354275  User: oesteban  Machine: dna076  Platform: Linux  PlatformVersion: 5.14.0-427.37.1.el9_4.x86_64  CompilerName: GCC  CompilerVersion: 8.4.0
7.3.2

ProgramName: mri_robust_template  ProgramArguments: mri_robust_template -all-info  ProgramVersion: 7.3.2  TimeStamp: 2026/03/14-11:29:31-GMT  BuildTime: Aug  4 2022 06:17:15  BuildStamp: freesurfer-linux-ubuntu22_x86_64-7.3.2-20220804-6354275  User: oesteban  Machine: dna076  Platform: Linux  PlatformVersion: 5.14.0-427.37.1.el9_4.x86_64  CompilerName: GCC  CompilerVersion: 8.4.0
ProgramName: mris_anatomical_stats  ProgramArguments: mris_anatomical_stats -all-info  ProgramVersion: 7.3.2  TimeStamp: 2026/03/14-11:29:31-GMT  BuildTime: Aug  4 2022 06:17:15  BuildStamp: freesurfer-linux-ubuntu22_x86_64-7.3.2-20220804-6354275  User: oesteban  Machine: dna076  Platform: Linux  PlatformVersion: 5.14.0-427.37.1.el9_4.x86_64  CompilerName: GCC  CompilerVersion: 8.4.0
ProgramName: mris_ca_label  ProgramArguments: mris_ca_label -all-info  ProgramVersion: 7.3.2  TimeStamp: 2026/03/14-11:29:31-GMT  BuildTime: Aug  4 2022 06:17:15  BuildStamp: freesurfer-linux-ubuntu22_x86_64-7.3.2-20220804-6354275  User: oesteban  Machine: dna076  Platform: Linux  PlatformVersion: 5.14.0-427.37.1.el9_4.x86_64  CompilerName: GCC  CompilerVersion: 8.4.0
ProgramName: mris_calc  ProgramArguments: mris_calc -all-info  ProgramVersion: 7.3.2  TimeStamp: 2026/03/14-11:29:31-GMT  BuildTime: Aug  4 2022 06:17:15  BuildStamp: freesurfer-linux-ubuntu22_x86_64-7.3.2-20220804-6354275  User: oesteban  Machine: dna076  Platform: Linux  PlatformVersion: 5.14.0-427.37.1.el9_4.x86_64  CompilerName: GCC  CompilerVersion: 8.4.0
ProgramName: mris_convert  ProgramArguments: mris_convert -all-info  ProgramVersion: 7.3.2  TimeStamp: 2026/03/14-11:29:31-GMT  BuildTime: Aug  4 2022 06:17:15  BuildStamp: freesurfer-linux-ubuntu22_x86_64-7.3.2-20220804-6354275  User: oesteban  Machine: dna076  Platform: Linux  PlatformVersion: 5.14.0-427.37.1.el9_4.x86_64  CompilerName: GCC  CompilerVersion: 8.4.0
ProgramName: mris_curvature  ProgramArguments: mris_curvature -all-info  ProgramVersion: 7.3.2  TimeStamp: 2026/03/14-11:29:31-GMT  BuildTime: Aug  4 2022 06:17:15  BuildStamp: freesurfer-linux-ubuntu22_x86_64-7.3.2-20220804-6354275  User: oesteban  Machine: dna076  Platform: Linux  PlatformVersion: 5.14.0-427.37.1.el9_4.x86_64  CompilerName: GCC  CompilerVersion: 8.4.0
ProgramName: mris_curvature_stats  ProgramArguments: mris_curvature_stats -all-info  ProgramVersion: 7.3.2  TimeStamp: 2026/03/14-11:29:31-GMT  BuildTime: Aug  4 2022 06:17:15  BuildStamp: freesurfer-linux-ubuntu22_x86_64-7.3.2-20220804-6354275  User: oesteban  Machine: dna076  Platform: Linux  PlatformVersion: 5.14.0-427.37.1.el9_4.x86_64  CompilerName: GCC  CompilerVersion: 8.4.0
ProgramName: mris_diff  ProgramArguments: mris_diff -all-info  ProgramVersion: 7.3.2  TimeStamp: 2026/03/14-11:29:31-GMT  BuildTime: Aug  4 2022 06:17:15  BuildStamp: freesurfer-linux-ubuntu22_x86_64-7.3.2-20220804-6354275  User: oesteban  Machine: dna076  Platform: Linux  PlatformVersion: 5.14.0-427.37.1.el9_4.x86_64  CompilerName: GCC  CompilerVersion: 8.4.0
ProgramName: mris_divide_parcellation  ProgramArguments: mris_divide_parcellation -all-info  ProgramVersion: 7.3.2  TimeStamp: 2026/03/14-11:29:31-GMT  BuildTime: Aug  4 2022 06:17:15  BuildStamp: freesurfer-linux-ubuntu22_x86_64-7.3.2-20220804-6354275  User: oesteban  Machine: dna076  Platform: Linux  PlatformVersion: 5.14.0-427.37.1.el9_4.x86_64  CompilerName: GCC  CompilerVersion: 8.4.0
ProgramName: mri_segment  ProgramArguments: mri_segment -all-info  ProgramVersion: 7.3.2  TimeStamp: 2026/03/14-11:29:31-GMT  BuildTime: Aug  4 2022 06:17:15  BuildStamp: freesurfer-linux-ubuntu22_x86_64-7.3.2-20220804-6354275  User: oesteban  Machine: dna076  Platform: Linux  PlatformVersion: 5.14.0-427.37.1.el9_4.x86_64  CompilerName: GCC  CompilerVersion: 8.4.0
ProgramName: mri_segstats  ProgramArguments: mri_segstats -all-info  ProgramVersion: 7.3.2  TimeStamp: 2026/03/14-11:29:31-GMT  BuildTime: Aug  4 2022 06:17:15  BuildStamp: freesurfer-linux-ubuntu22_x86_64-7.3.2-20220804-6354275  User: oesteban  Machine: dna076  Platform: Linux  PlatformVersion: 5.14.0-427.37.1.el9_4.x86_64  CompilerName: GCC  CompilerVersion: 8.4.0
ProgramName: mris_euler_number  ProgramArguments: mris_euler_number -all-info  ProgramVersion: 7.3.2  TimeStamp: 2026/03/14-11:29:31-GMT  BuildTime: Aug  4 2022 06:17:15  BuildStamp: freesurfer-linux-ubuntu22_x86_64-7.3.2-20220804-6354275  User: oesteban  Machine: dna076  Platform: Linux  PlatformVersion: 5.14.0-427.37.1.el9_4.x86_64  CompilerName: GCC  CompilerVersion: 8.4.0
ProgramName: mris_fix_topology  ProgramArguments: mris_fix_topology -all-info  ProgramVersion: 7.3.2  TimeStamp: 2026/03/14-11:29:31-GMT  BuildTime: Aug  4 2022 06:17:15  BuildStamp: freesurfer-linux-ubuntu22_x86_64-7.3.2-20220804-6354275  User: oesteban  Machine: dna076  Platform: Linux  PlatformVersion: 5.14.0-427.37.1.el9_4.x86_64  CompilerName: GCC  CompilerVersion: 8.4.0
ProgramName: mris_topo_fixer  ProgramArguments: mris_topo_fixer -all-info  ProgramVersion: 7.3.2  TimeStamp: 2026/03/14-11:29:31-GMT  BuildTime: Aug  4 2022 06:17:15  BuildStamp: freesurfer-linux-ubuntu22_x86_64-7.3.2-20220804-6354275  User: oesteban  Machine: dna076  Platform: Linux  PlatformVersion: 5.14.0-427.37.1.el9_4.x86_64  CompilerName: GCC  CompilerVersion: 8.4.0
ProgramName: mris_jacobian  ProgramArguments: mris_jacobian -all-info  ProgramVersion: 7.3.2  TimeStamp: 2026/03/14-11:29:31-GMT  BuildTime: Aug  4 2022 06:17:15  BuildStamp: freesurfer-linux-ubuntu22_x86_64-7.3.2-20220804-6354275  User: oesteban  Machine: dna076  Platform: Linux  PlatformVersion: 5.14.0-427.37.1.el9_4.x86_64  CompilerName: GCC  CompilerVersion: 8.4.0
ProgramName: mris_label2annot  ProgramArguments: mris_label2annot -all-info  ProgramVersion: 7.3.2  TimeStamp: 2026/03/14-11:29:31-GMT  BuildTime: Aug  4 2022 06:17:15  BuildStamp: freesurfer-linux-ubuntu22_x86_64-7.3.2-20220804-6354275  User: oesteban  Machine: dna076  Platform: Linux  PlatformVersion: 5.14.0-427.37.1.el9_4.x86_64  CompilerName: GCC  CompilerVersion: 8.4.0
ProgramName: mris_left_right_register  ProgramArguments: mris_left_right_register -all-info  ProgramVersion: 7.3.2  TimeStamp: 2026/03/14-11:29:31-GMT  BuildTime: Aug  4 2022 06:17:15  BuildStamp: freesurfer-linux-ubuntu22_x86_64-7.3.2-20220804-6354275  User: oesteban  Machine: dna076  Platform: Linux  PlatformVersion: 5.14.0-427.37.1.el9_4.x86_64  CompilerName: GCC  CompilerVersion: 8.4.0
ProgramName: mris_place_surface  ProgramArguments: mris_place_surface -all-info  ProgramVersion: 7.3.2  TimeStamp: 2026/03/14-11:29:31-GMT  BuildTime: Aug  4 2022 06:17:15  BuildStamp: freesurfer-linux-ubuntu22_x86_64-7.3.2-20220804-6354275  User: oesteban  Machine: dna076  Platform: Linux  PlatformVersion: 5.14.0-427.37.1.el9_4.x86_64  CompilerName: GCC  CompilerVersion: 8.4.0
ProgramName: mrisp_paint  ProgramArguments: mrisp_paint -all-info  ProgramVersion: 7.3.2  TimeStamp: 2026/03/14-11:29:31-GMT  BuildTime: Aug  4 2022 06:17:15  BuildStamp: freesurfer-linux-ubuntu22_x86_64-7.3.2-20220804-6354275  User: oesteban  Machine: dna076  Platform: Linux  PlatformVersion: 5.14.0-427.37.1.el9_4.x86_64  CompilerName: GCC  CompilerVersion: 8.4.0
ProgramName: mris_register  ProgramArguments: mris_register -all-info  ProgramVersion: 7.3.2  TimeStamp: 2026/03/14-11:29:31-GMT  BuildTime: Aug  4 2022 06:17:15  BuildStamp: freesurfer-linux-ubuntu22_x86_64-7.3.2-20220804-6354275  User: oesteban  Machine: dna076  Platform: Linux  PlatformVersion: 5.14.0-427.37.1.el9_4.x86_64  CompilerName: GCC  CompilerVersion: 8.4.0
ProgramName: mris_smooth  ProgramArguments: mris_smooth -all-info  ProgramVersion: 7.3.2  TimeStamp: 2026/03/14-11:29:31-GMT  BuildTime: Aug  4 2022 06:17:15  BuildStamp: freesurfer-linux-ubuntu22_x86_64-7.3.2-20220804-6354275  User: oesteban  Machine: dna076  Platform: Linux  PlatformVersion: 5.14.0-427.37.1.el9_4.x86_64  CompilerName: GCC  CompilerVersion: 8.4.0
ProgramName: mris_sphere  ProgramArguments: mris_sphere -all-info  ProgramVersion: 7.3.2  TimeStamp: 2026/03/14-11:29:31-GMT  BuildTime: Aug  4 2022 06:17:15  BuildStamp: freesurfer-linux-ubuntu22_x86_64-7.3.2-20220804-6354275  User: oesteban  Machine: dna076  Platform: Linux  PlatformVersion: 5.14.0-427.37.1.el9_4.x86_64  CompilerName: GCC  CompilerVersion: 8.4.0
ProgramName: mris_surface_stats  ProgramArguments: mris_surface_stats -all-info  ProgramVersion: 7.3.2  TimeStamp: 2026/03/14-11:29:31-GMT  BuildTime: Aug  4 2022 06:17:15  BuildStamp: freesurfer-linux-ubuntu22_x86_64-7.3.2-20220804-6354275  User: oesteban  Machine: dna076  Platform: Linux  PlatformVersion: 5.14.0-427.37.1.el9_4.x86_64  CompilerName: GCC  CompilerVersion: 8.4.0
ProgramName: mri_stats2seg  ProgramArguments: mri_stats2seg -all-info  ProgramVersion: 7.3.2  TimeStamp: 2026/03/14-11:29:31-GMT  BuildTime: Aug  4 2022 06:17:15  BuildStamp: freesurfer-linux-ubuntu22_x86_64-7.3.2-20220804-6354275  User: oesteban  Machine: dna076  Platform: Linux  PlatformVersion: 5.14.0-427.37.1.el9_4.x86_64  CompilerName: GCC  CompilerVersion: 8.4.0
ProgramName: mris_thickness  ProgramArguments: mris_thickness -all-info  ProgramVersion: 7.3.2  TimeStamp: 2026/03/14-11:29:31-GMT  BuildTime: Aug  4 2022 06:17:15  BuildStamp: freesurfer-linux-ubuntu22_x86_64-7.3.2-20220804-6354275  User: oesteban  Machine: dna076  Platform: Linux  PlatformVersion: 5.14.0-427.37.1.el9_4.x86_64  CompilerName: GCC  CompilerVersion: 8.4.0
ProgramName: mris_thickness_diff  ProgramArguments: mris_thickness_diff -all-info  ProgramVersion: 7.3.2  TimeStamp: 2026/03/14-11:29:31-GMT  BuildTime: Aug  4 2022 06:17:15  BuildStamp: freesurfer-linux-ubuntu22_x86_64-7.3.2-20220804-6354275  User: oesteban  Machine: dna076  Platform: Linux  PlatformVersion: 5.14.0-427.37.1.el9_4.x86_64  CompilerName: GCC  CompilerVersion: 8.4.0
ProgramName: mris_topo_fixer  ProgramArguments: mris_topo_fixer -all-info  ProgramVersion: 7.3.2  TimeStamp: 2026/03/14-11:29:31-GMT  BuildTime: Aug  4 2022 06:17:15  BuildStamp: freesurfer-linux-ubuntu22_x86_64-7.3.2-20220804-6354275  User: oesteban  Machine: dna076  Platform: Linux  PlatformVersion: 5.14.0-427.37.1.el9_4.x86_64  CompilerName: GCC  CompilerVersion: 8.4.0
ProgramName: mri_surf2surf  ProgramArguments: mri_surf2surf -all-info  ProgramVersion: 7.3.2  TimeStamp: 2026/03/14-11:29:31-GMT  BuildTime: Aug  4 2022 06:17:15  BuildStamp: freesurfer-linux-ubuntu22_x86_64-7.3.2-20220804-6354275  User: oesteban  Machine: dna076  Platform: Linux  PlatformVersion: 5.14.0-427.37.1.el9_4.x86_64  CompilerName: GCC  CompilerVersion: 8.4.0
ProgramName: mri_surf2vol  ProgramArguments: mri_surf2vol -all-info  ProgramVersion: 7.3.2  TimeStamp: 2026/03/14-11:29:31-GMT  BuildTime: Aug  4 2022 06:17:15  BuildStamp: freesurfer-linux-ubuntu22_x86_64-7.3.2-20220804-6354275  User: oesteban  Machine: dna076  Platform: Linux  PlatformVersion: 5.14.0-427.37.1.el9_4.x86_64  CompilerName: GCC  CompilerVersion: 8.4.0
ProgramName: mri_surfcluster  ProgramArguments: mri_surfcluster -all-info  ProgramVersion: 7.3.2  TimeStamp: 2026/03/14-11:29:31-GMT  BuildTime: Aug  4 2022 06:17:15  BuildStamp: freesurfer-linux-ubuntu22_x86_64-7.3.2-20220804-6354275  User: oesteban  Machine: dna076  Platform: Linux  PlatformVersion: 5.14.0-427.37.1.el9_4.x86_64  CompilerName: GCC  CompilerVersion: 8.4.0
ProgramName: mris_volmask  ProgramArguments: mris_volmask -all-info  ProgramVersion: 7.3.2  TimeStamp: 2026/03/14-11:29:31-GMT  BuildTime: Aug  4 2022 06:17:15  BuildStamp: freesurfer-linux-ubuntu22_x86_64-7.3.2-20220804-6354275  User: oesteban  Machine: dna076  Platform: Linux  PlatformVersion: 5.14.0-427.37.1.el9_4.x86_64  CompilerName: GCC  CompilerVersion: 8.4.0
ProgramName: mri_tessellate  ProgramArguments: mri_tessellate -all-info  ProgramVersion: 7.3.2  TimeStamp: 2026/03/14-11:29:31-GMT  BuildTime: Aug  4 2022 06:17:15  BuildStamp: freesurfer-linux-ubuntu22_x86_64-7.3.2-20220804-6354275  User: oesteban  Machine: dna076  Platform: Linux  PlatformVersion: 5.14.0-427.37.1.el9_4.x86_64  CompilerName: GCC  CompilerVersion: 8.4.0
ProgramName: mri_vol2surf  ProgramArguments: mri_vol2surf -all-info  ProgramVersion: 7.3.2  TimeStamp: 2026/03/14-11:29:31-GMT  BuildTime: Aug  4 2022 06:17:15  BuildStamp: freesurfer-linux-ubuntu22_x86_64-7.3.2-20220804-6354275  User: oesteban  Machine: dna076  Platform: Linux  PlatformVersion: 5.14.0-427.37.1.el9_4.x86_64  CompilerName: GCC  CompilerVersion: 8.4.0
ProgramName: mri_vol2vol  ProgramArguments: mri_vol2vol -all-info  ProgramVersion: 7.3.2  TimeStamp: 2026/03/14-11:29:31-GMT  BuildTime: Aug  4 2022 06:17:15  BuildStamp: freesurfer-linux-ubuntu22_x86_64-7.3.2-20220804-6354275  User: oesteban  Machine: dna076  Platform: Linux  PlatformVersion: 5.14.0-427.37.1.el9_4.x86_64  CompilerName: GCC  CompilerVersion: 8.4.0
ProgramName: mri_voldiff  ProgramArguments: mri_voldiff -all-info  ProgramVersion: 7.3.2  TimeStamp: 2026/03/14-11:29:31-GMT  BuildTime: Aug  4 2022 06:17:15  BuildStamp: freesurfer-linux-ubuntu22_x86_64-7.3.2-20220804-6354275  User: oesteban  Machine: dna076  Platform: Linux  PlatformVersion: 5.14.0-427.37.1.el9_4.x86_64  CompilerName: GCC  CompilerVersion: 8.4.0
ProgramName: mri_watershed  ProgramArguments: mri_watershed -all-info  ProgramVersion: 7.3.2  TimeStamp: 2026/03/14-11:29:31-GMT  BuildTime: Aug  4 2022 06:17:15  BuildStamp: freesurfer-linux-ubuntu22_x86_64-7.3.2-20220804-6354275  User: oesteban  Machine: dna076  Platform: Linux  PlatformVersion: 5.14.0-427.37.1.el9_4.x86_64  CompilerName: GCC  CompilerVersion: 8.4.0
ProgramName: tkregister2  ProgramArguments: tkregister2_cmdl -all-info  ProgramVersion: 7.3.2  TimeStamp: 2026/03/14-11:29:31-GMT  BuildTime: Aug  4 2022 06:17:15  BuildStamp: freesurfer-linux-ubuntu22_x86_64-7.3.2-20220804-6354275  User: oesteban  Machine: dna076  Platform: Linux  PlatformVersion: 5.14.0-427.37.1.el9_4.x86_64  CompilerName: GCC  CompilerVersion: 8.4.0
mri_motion_correct.fsl 7.3.2
mri_convert -all-info 
ProgramName: mri_convert  ProgramArguments: mri_convert -all-info  ProgramVersion: 7.3.2  TimeStamp: 2026/03/14-11:29:31-GMT  BuildTime: Aug  4 2022 06:17:15  BuildStamp: freesurfer-linux-ubuntu22_x86_64-7.3.2-20220804-6354275  User: oesteban  Machine: dna076  Platform: Linux  PlatformVersion: 5.14.0-427.37.1.el9_4.x86_64  CompilerName: GCC  CompilerVersion: 8.4.0
Program nu_correct, built from:
Package MNI N3, version 1.12.0, compiled by nicks@terrier (x86_64-unknown-linux-gnu) on 2015-06-19 at 01:25:34
#######################################
GCADIR /opt/freesurfer/average
GCA RB_all_2020-01-02.gca
GCASkull RB_all_withskull_2020_01_02.gca
AvgCurvTif folding.atlas.acfb40.noaparc.i12.2016-08-02.tif
GCSDIR /opt/freesurfer/average
GCS DKaparc.atlas.acfb40.noaparc.i12.2016-08-02.gcs
#######################################
#--------------------------------------------
#@# AutoDetGWStats lh Sat Mar 14 12:29:31 CET 2026
cd /out/sourcedata/freesurfer/sub-v2s9x29165_ses-1/mri
mris_autodet_gwstats --o ../surf/autodet.gw.stats.lh.dat --i brain.finalsurfs.mgz --wm wm.mgz --surf ../surf/lh.orig.premesh
  Update not needed
#--------------------------------------------
#@# WhitePreAparc lh Sat Mar 14 12:29:31 CET 2026
cd /out/sourcedata/freesurfer/sub-v2s9x29165_ses-1/mri
mris_place_surface --adgws-in ../surf/autodet.gw.stats.lh.dat --wm wm.mgz --threads 16 --invol brain.finalsurfs.mgz --lh --i ../surf/lh.orig --o ../surf/lh.white.preaparc --white --seg aseg.presurf.mgz --nsmooth 5
   Update not needed
#--------------------------------------------
#@# CortexLabel lh Sat Mar 14 12:29:31 CET 2026
cd /out/sourcedata/freesurfer/sub-v2s9x29165_ses-1/mri
mri_label2label --label-cortex ../surf/lh.white.preaparc aseg.presurf.mgz 0 ../label/lh.cortex.label
   Update not needed
#--------------------------------------------
#@# CortexLabel+HipAmyg lh Sat Mar 14 12:29:31 CET 2026
cd /out/sourcedata/freesurfer/sub-v2s9x29165_ses-1/mri
mri_label2label --label-cortex ../surf/lh.white.preaparc aseg.presurf.mgz 1 ../label/lh.cortex+hipamyg.label
   Update not needed
#@# white curv lh Sat Mar 14 12:29:32 CET 2026
cd /out/sourcedata/freesurfer/sub-v2s9x29165_ses-1/mri
mris_place_surface --curv-map ../surf/lh.white 2 10 ../surf/lh.curv
   Update not needed
#@# white area lh Sat Mar 14 12:29:32 CET 2026
cd /out/sourcedata/freesurfer/sub-v2s9x29165_ses-1/mri
mris_place_surface --area-map ../surf/lh.white ../surf/lh.area
   Update not needed
#@# pial curv lh Sat Mar 14 12:29:32 CET 2026
cd /out/sourcedata/freesurfer/sub-v2s9x29165_ses-1/mri
mris_place_surface --curv-map ../surf/lh.pial 2 10 ../surf/lh.curv.pial
   Update not needed
#@# pial area lh Sat Mar 14 12:29:32 CET 2026
cd /out/sourcedata/freesurfer/sub-v2s9x29165_ses-1/mri
mris_place_surface --area-map ../surf/lh.pial ../surf/lh.area.pial
   Update not needed
#@# thickness lh Sat Mar 14 12:29:32 CET 2026
cd /out/sourcedata/freesurfer/sub-v2s9x29165_ses-1/mri
mris_place_surface --thickness ../surf/lh.white ../surf/lh.pial 20 5 ../surf/lh.thickness
   Update not needed
#@# area and vertex vol lh Sat Mar 14 12:29:32 CET 2026
cd /out/sourcedata/freesurfer/sub-v2s9x29165_ses-1/mri
mris_place_surface --thickness ../surf/lh.white ../surf/lh.pial 20 5 ../surf/lh.thickness
   Update not needed
#-----------------------------------------
#@# Parcellation Stats lh Sat Mar 14 12:29:32 CET 2026
/out/sourcedata/freesurfer/sub-v2s9x29165_ses-1/scripts

 mris_anatomical_stats -th3 -mgz -noglobal -cortex ../label/lh.cortex.label -f ../stats/lh.aparc.stats -b -a ../label/lh.aparc.annot -c ../label/aparc.annot.ctab sub-v2s9x29165_ses-1 lh white 

computing statistics for each annotation in ../label/lh.aparc.annot.
reading volume /out/sourcedata/freesurfer/sub-v2s9x29165_ses-1/mri/wm.mgz...
reading input surface /out/sourcedata/freesurfer/sub-v2s9x29165_ses-1/surf/lh.white...
reading input pial surface /out/sourcedata/freesurfer/sub-v2s9x29165_ses-1/surf/lh.pial...
reading input white surface /out/sourcedata/freesurfer/sub-v2s9x29165_ses-1/surf/lh.white...
INFO: using TH3 volume calc
INFO: assuming MGZ format for volumes.
INFO: not computing global stats
INFO: using ../label/lh.cortex.label as mask to calc cortex NumVert, SurfArea and MeanThickness.
Using TH3 vertex volume calc
Total face volume 263238
Total vertex volume 263053 (mask=0)
Saving annotation colortable ../label/aparc.annot.ctab

table columns are:
    number of vertices
    total surface area (mm^2)
    total gray matter volume (mm^3)
    average cortical thickness +- standard deviation (mm)
    integrated rectified mean curvature
    integrated rectified Gaussian curvature
    folding index
    intrinsic curvature index
    structure name

 1371    907   2178  2.378 0.432     0.078     0.012        6     0.7  bankssts
  915    592   1501  2.320 0.792     0.097     0.018        9     0.7  caudalanteriorcingulate
 2743   1867   5844  2.866 0.501     0.098     0.017       19     1.9  caudalmiddlefrontal
 2149   1622   3545  2.075 0.590     0.154     0.032       31     3.1  cuneus
  542    394   1913  3.606 0.828     0.113     0.025        5     0.5  entorhinal
 4626   3289  10725  2.821 0.636     0.114     0.024       59     4.2  fusiform
 7072   5027  16257  2.832 0.600     0.116     0.023       72     6.5  inferiorparietal
 4471   3219   9999  2.698 0.753     0.111     0.020       53     3.9  inferiortemporal
 1441    979   2864  2.458 0.943     0.112     0.023       17     1.2  isthmuscingulate
 7472   5431  14600  2.411 0.616     0.139     0.032       94     9.9  lateraloccipital
 3443   2450   8475  3.060 0.812     0.116     0.028       39     4.1  lateralorbitofrontal
 3579   2597   5850  2.106 0.633     0.125     0.033       47     4.8  lingual
 2724   1915   6090  2.708 0.818     0.112     0.032       31     3.4  medialorbitofrontal
 4613   3119  11606  3.032 0.665     0.100     0.020       40     3.7  middletemporal
  913    586   1729  2.524 0.874     0.076     0.015        5     0.4  parahippocampal
 1983   1300   4202  2.865 0.719     0.102     0.019       13     1.5  paracentral
 2341   1624   5052  2.702 0.733     0.105     0.018       19     1.7  parsopercularis
 1016    752   3301  3.301 0.865     0.139     0.036       40     1.4  parsorbitalis
 2339   1711   5718  2.795 0.580     0.114     0.023       24     2.1  parstriangularis
 1909   1333   2325  2.051 0.638     0.123     0.024       18     1.9  pericalcarine
 5377   3690   8484  2.110 0.747     0.106     0.020       45     4.5  postcentral
 1948   1381   4232  2.659 0.929     0.113     0.022       22     1.9  posteriorcingulate
 5664   3850  11936  2.815 0.607     0.108     0.020       46     4.7  precentral
 5234   3596  11025  2.771 0.656     0.110     0.020       47     4.5  precuneus
 1134    767   2158  2.762 0.635     0.102     0.018        8     0.9  rostralanteriorcingulate
 8788   6526  22417  2.953 0.634     0.125     0.026      106     9.4  rostralmiddlefrontal
10591   7582  27858  3.189 0.688     0.114     0.023       96     9.7  superiorfrontal
 8612   5959  16874  2.475 0.594     0.111     0.019       92     6.8  superiorparietal
 5211   3465  11699  2.774 0.882     0.095     0.019       44     3.9  superiortemporal
 5057   3525  11300  2.852 0.611     0.105     0.019       44     4.0  supramarginal
  348    311   1427  3.287 0.712     0.150     0.032        6     0.4  frontalpole
  626    508   2848  3.909 0.841     0.146     0.040       13     1.0  temporalpole
  534    370    930  2.385 0.678     0.108     0.026        4     0.5  transversetemporal
 3570   2463   6091  2.579 0.749     0.117     0.029       35     4.0  insula

 mris_anatomical_stats -th3 -mgz -noglobal -cortex ../label/lh.cortex.label -f ../stats/lh.aparc.pial.stats -b -a ../label/lh.aparc.annot -c ../label/aparc.annot.ctab sub-v2s9x29165_ses-1 lh pial 

computing statistics for each annotation in ../label/lh.aparc.annot.
reading volume /out/sourcedata/freesurfer/sub-v2s9x29165_ses-1/mri/wm.mgz...
reading input surface /out/sourcedata/freesurfer/sub-v2s9x29165_ses-1/surf/lh.pial...
reading input pial surface /out/sourcedata/freesurfer/sub-v2s9x29165_ses-1/surf/lh.pial...
reading input white surface /out/sourcedata/freesurfer/sub-v2s9x29165_ses-1/surf/lh.white...
INFO: using TH3 volume calc
INFO: assuming MGZ format for volumes.
INFO: not computing global stats
INFO: using ../label/lh.cortex.label as mask to calc cortex NumVert, SurfArea and MeanThickness.
Using TH3 vertex volume calc
Total face volume 263238
Total vertex volume 263053 (mask=0)
Saving annotation colortable ../label/aparc.annot.ctab

table columns are:
    number of vertices
    total surface area (mm^2)
    total gray matter volume (mm^3)
    average cortical thickness +- standard deviation (mm)
    integrated rectified mean curvature
    integrated rectified Gaussian curvature
    folding index
    intrinsic curvature index
    structure name

 1371    905   2178  2.378 0.432     0.099     0.021       27     1.1  bankssts
  915    729   1501  2.320 0.792     0.152     0.043       22     1.6  caudalanteriorcingulate
 2743   2200   5844  2.866 0.501     0.139     0.035       53     4.3  caudalmiddlefrontal
 2149   1979   3545  2.075 0.590     0.166     0.046       59     4.0  cuneus
  542    720   1913  3.606 0.828     0.339     0.097       25     2.9  entorhinal
 4626   4330  10725  2.821 0.636     0.175     0.048      101     9.7  fusiform
 7072   6491  16257  2.832 0.600     0.154     0.033      126    10.6  inferiorparietal
 4471   4232   9999  2.698 0.753     0.161     0.039      122     7.5  inferiortemporal
 1441   1356   2864  2.458 0.943     0.191     0.053       56     3.1  isthmuscingulate
 7472   6810  14600  2.411 0.616     0.160     0.041      190    12.4  lateraloccipital
 3443   3163   8475  3.060 0.812     0.179     0.052      113     7.4  lateralorbitofrontal
 3579   3217   5850  2.106 0.633     0.174     0.052       79     7.7  lingual
 2724   2703   6090  2.708 0.818     0.195     0.399       11     6.5  medialorbitofrontal
 4613   4397  11606  3.032 0.665     0.158     0.039       80     7.9  middletemporal
  913    851   1729  2.524 0.874     0.219     0.067       26     2.9  parahippocampal
 1983   1690   4202  2.865 0.719     0.144     0.034       30     3.1  paracentral
 2341   2183   5052  2.702 0.733     0.175     0.049       44     5.0  parsopercularis
 1016   1258   3301  3.301 0.865     0.309     0.093    78626     2.4  parsorbitalis
 2339   2456   5718  2.795 0.580     0.208     0.054       58     5.9  parstriangularis
 1909   1023   2325  2.051 0.638     0.165     0.054    25486     3.1  pericalcarine
 5377   4492   8484  2.110 0.747     0.139     0.030       74     7.5  postcentral
 1948   1803   4232  2.659 0.929     0.181     0.047       51     4.3  posteriorcingulate
 5664   4567  11936  2.815 0.607     0.139     0.035       98     8.4  precentral
 5234   4319  11025  2.771 0.656     0.153     0.039      188     8.3  precuneus
 1134    919   2158  2.762 0.635     0.169     0.047       36     2.2  rostralanteriorcingulate
 8788   8570  22417  2.953 0.634     0.175     0.042      246    15.7  rostralmiddlefrontal
10591   9919  27858  3.189 0.688     0.160     0.041      190    17.7  superiorfrontal
 8612   7589  16874  2.475 0.594     0.142     0.028      114    11.3  superiorparietal
 5211   4832  11699  2.774 0.882     0.180     0.052      100    11.8  superiortemporal
 5057   4573  11300  2.852 0.611     0.170     0.040      135     9.2  supramarginal
  348    575   1427  3.287 0.712     0.255     0.044        7     0.7  frontalpole
  626    973   2848  3.909 0.841     0.229     0.046       11     1.6  temporalpole
  534    473    930  2.385 0.678     0.172     0.053        7     1.3  transversetemporal
 3570   2644   6091  2.579 0.749     0.182     0.060       83     9.6  insula
#-----------------------------------------
#@# Parcellation Stats 2 lh Sat Mar 14 12:29:44 CET 2026
/out/sourcedata/freesurfer/sub-v2s9x29165_ses-1/scripts

 mris_anatomical_stats -th3 -mgz -noglobal -cortex ../label/lh.cortex.label -f ../stats/lh.aparc.a2009s.stats -b -a ../label/lh.aparc.a2009s.annot -c ../label/aparc.annot.a2009s.ctab sub-v2s9x29165_ses-1 lh white 

computing statistics for each annotation in ../label/lh.aparc.a2009s.annot.
reading volume /out/sourcedata/freesurfer/sub-v2s9x29165_ses-1/mri/wm.mgz...
reading input surface /out/sourcedata/freesurfer/sub-v2s9x29165_ses-1/surf/lh.white...
reading input pial surface /out/sourcedata/freesurfer/sub-v2s9x29165_ses-1/surf/lh.pial...
reading input white surface /out/sourcedata/freesurfer/sub-v2s9x29165_ses-1/surf/lh.white...
INFO: using TH3 volume calc
INFO: assuming MGZ format for volumes.
INFO: not computing global stats
INFO: using ../label/lh.cortex.label as mask to calc cortex NumVert, SurfArea and MeanThickness.
Using TH3 vertex volume calc
Total face volume 263238
Total vertex volume 263053 (mask=0)
Saving annotation colortable ../label/aparc.annot.a2009s.ctab

table columns are:
    number of vertices
    total surface area (mm^2)
    total gray matter volume (mm^3)
    average cortical thickness +- standard deviation (mm)
    integrated rectified mean curvature
    integrated rectified Gaussian curvature
    folding index
    intrinsic curvature index
    structure name

 1010    763   2976  3.408 0.796     0.134     0.033       10     1.3  G_and_S_frontomargin
 1534   1192   3758  2.680 0.590     0.139     0.034       19     2.1  G_and_S_occipital_inf
 1532    974   3224  2.594 0.889     0.106     0.023       14     1.3  G_and_S_paracentral
 1170    877   3100  2.986 0.689     0.132     0.025       16     1.2  G_and_S_subcentral
  670    570   2262  2.933 0.675     0.158     0.040       13     1.0  G_and_S_transv_frontopol
 2772   1900   5554  2.824 0.557     0.104     0.018       20     2.2  G_and_S_cingul-Ant
 1299    864   2500  3.003 0.571     0.093     0.017        8     0.8  G_and_S_cingul-Mid-Ant
 1422    975   2939  2.805 0.604     0.106     0.021       12     1.2  G_and_S_cingul-Mid-Post
  592    448   2016  3.370 0.522     0.145     0.033        8     0.8  G_cingul-Post-dorsal
  294    198    946  3.202 0.733     0.116     0.027        4     0.2  G_cingul-Post-ventral
 2025   1562   3432  1.981 0.603     0.161     0.035       32     3.1  G_cuneus
 1334    940   3406  2.646 0.808     0.126     0.025       18     1.4  G_front_inf-Opercular
  404    323   1244  2.590 0.642     0.174     0.050       34     0.8  G_front_inf-Orbital
 1363   1050   4132  2.952 0.580     0.125     0.028       16     1.3  G_front_inf-Triangul
 4667   3546  13932  2.959 0.534     0.136     0.028       71     5.5  G_front_middle
 6740   4965  20915  3.349 0.696     0.127     0.027       76     7.4  G_front_sup
  666    490   1278  2.483 0.852     0.148     0.045       13     1.1  G_Ins_lg_and_S_cent_ins
  845    630   1842  2.424 0.733     0.147     0.043       12     1.3  G_insular_short
 2574   1875   6988  2.819 0.595     0.147     0.035       43     3.4  G_occipital_middle
 1452   1040   2958  2.352 0.561     0.135     0.027       18     1.6  G_occipital_sup
 2134   1501   5644  2.937 0.614     0.117     0.026       38     2.0  G_oc-temp_lat-fusifor
 2327   1799   4488  2.084 0.678     0.154     0.045       44     4.3  G_oc-temp_med-Lingual
 1250    829   3588  3.145 0.981     0.100     0.025       10     0.9  G_oc-temp_med-Parahip
 2039   1599   7640  3.440 0.813     0.139     0.040       35     3.2  G_orbital
 2371   1796   7173  2.992 0.663     0.129     0.029       34     2.6  G_pariet_inf-Angular
 2210   1572   5908  2.915 0.687     0.120     0.025       26     2.3  G_pariet_inf-Supramar
 3182   2281   7283  2.568 0.602     0.116     0.022       40     2.8  G_parietal_sup
 2030   1471   3505  1.968 0.663     0.121     0.025       21     2.2  G_postcentral
 1991   1378   5734  3.101 0.496     0.116     0.022       22     1.8  G_precentral
 2422   1736   7128  2.933 0.724     0.126     0.024       34     2.6  G_precuneus
 1019    756   3180  2.920 0.825     0.130     0.040       18     1.5  G_rectus
  470    318    678  2.118 1.004     0.157     0.080       13     1.5  G_subcallosal
  459    322    901  2.382 0.589     0.112     0.026        4     0.5  G_temp_sup-G_T_transv
 1808   1239   6480  3.419 0.870     0.130     0.031       30     2.0  G_temp_sup-Lateral
  566    397   1415  2.963 0.994     0.076     0.013        2     0.3  G_temp_sup-Plan_polar
  662    448   1212  2.487 0.610     0.065     0.010        2     0.2  G_temp_sup-Plan_tempo
 2241   1705   6136  2.654 0.830     0.124     0.025       39     2.3  G_temporal_inf
 2423   1696   7884  3.211 0.656     0.112     0.025       29     2.3  G_temporal_middle
  363    245    540  2.420 0.506     0.079     0.010        2     0.1  Lat_Fis-ant-Horizont
  140     97    191  2.051 0.485     0.101     0.011        1     0.1  Lat_Fis-ant-Vertical
  909    588   1081  2.419 0.744     0.090     0.014        4     0.6  Lat_Fis-post
 1828   1334   2940  1.998 0.559     0.148     0.037       27     2.8  Pole_occipital
 1174    995   4886  3.674 0.822     0.162     0.046       24     2.1  Pole_temporal
 2539   1735   3325  2.282 0.669     0.110     0.021       20     2.1  S_calcarine
 2571   1708   3055  2.079 0.609     0.095     0.017       12     1.8  S_central
 1000    658   1583  2.797 0.651     0.090     0.013        4     0.6  S_cingul-Marginalis
  732    481   1001  2.542 0.672     0.096     0.015        3     0.6  S_circular_insula_ant
 1544   1024   2110  2.355 0.687     0.088     0.017        8     1.3  S_circular_insula_inf
 1897   1214   2652  2.673 0.663     0.088     0.016        7     1.3  S_circular_insula_sup
  996    648   1484  2.540 0.468     0.082     0.009        5     0.4  S_collat_transv_ant
  350    261    638  2.606 0.401     0.145     0.030        4     0.5  S_collat_transv_post
 2820   1941   5445  2.830 0.503     0.096     0.017       16     1.9  S_front_inf
 1527   1063   2731  2.815 0.589     0.112     0.021       13     1.3  S_front_middle
 2641   1810   4921  2.866 0.572     0.087     0.014       13     1.5  S_front_sup
   99     76    227  3.241 0.477     0.127     0.014        1     0.1  S_interm_prim-Jensen
 3499   2353   5495  2.555 0.591     0.099     0.015       22     2.4  S_intrapariet_and_P_trans
 1192    825   1659  2.372 0.411     0.117     0.024        8     1.2  S_oc_middle_and_Lunatus
 1367    933   1999  2.350 0.483     0.102     0.019        8     1.1  S_oc_sup_and_transversal
  727    483   1044  2.598 0.461     0.106     0.017        4     0.5  S_occipital_ant
 1253    874   2158  2.820 0.535     0.103     0.019        7     0.9  S_oc-temp_lat
 1927   1271   2687  2.347 0.534     0.082     0.012        8     0.9  S_oc-temp_med_and_Lingual
  509    376    834  2.523 0.494     0.123     0.024        5     0.5  S_orbital_lateral
  683    450   1081  2.650 0.807     0.099     0.019        4     0.6  S_orbital_med-olfact
 1010    682   2280  3.448 0.572     0.095     0.018        5     0.8  S_orbital-H_Shaped
 2290   1534   3451  2.545 0.558     0.101     0.018       16     1.7  S_parieto_occipital
 1387    893   1157  1.471 0.464     0.093     0.017       17     1.0  S_pericallosal
 2946   1983   5058  2.493 0.583     0.092     0.014       25     1.6  S_postcentral
 1432    923   2320  2.921 0.597     0.079     0.011        4     0.7  S_precentral-inf-part
  969    635   1523  2.819 0.497     0.088     0.012        4     0.5  S_precentral-sup-part
  814    530   1315  2.800 0.665     0.078     0.010        3     0.4  S_suborbital
  987    658   1511  2.510 0.614     0.109     0.020        7     0.8  S_subparietal
 1501    986   2154  2.542 0.686     0.095     0.015        7     1.0  S_temporal_inf
 6470   4225  10765  2.671 0.555     0.087     0.013       34     3.6  S_temporal_sup
  294    197    372  2.513 0.357     0.104     0.015        2     0.2  S_temporal_transverse
#-----------------------------------------
#@# Parcellation Stats 3 lh Sat Mar 14 12:29:50 CET 2026
/out/sourcedata/freesurfer/sub-v2s9x29165_ses-1/scripts

 mris_anatomical_stats -th3 -mgz -noglobal -cortex ../label/lh.cortex.label -f ../stats/lh.aparc.DKTatlas.stats -b -a ../label/lh.aparc.DKTatlas.annot -c ../label/aparc.annot.DKTatlas.ctab sub-v2s9x29165_ses-1 lh white 

computing statistics for each annotation in ../label/lh.aparc.DKTatlas.annot.
reading volume /out/sourcedata/freesurfer/sub-v2s9x29165_ses-1/mri/wm.mgz...
reading input surface /out/sourcedata/freesurfer/sub-v2s9x29165_ses-1/surf/lh.white...
reading input pial surface /out/sourcedata/freesurfer/sub-v2s9x29165_ses-1/surf/lh.pial...
reading input white surface /out/sourcedata/freesurfer/sub-v2s9x29165_ses-1/surf/lh.white...
INFO: using TH3 volume calc
INFO: assuming MGZ format for volumes.
INFO: not computing global stats
INFO: using ../label/lh.cortex.label as mask to calc cortex NumVert, SurfArea and MeanThickness.
Using TH3 vertex volume calc
Total face volume 263238
Total vertex volume 263053 (mask=0)
Saving annotation colortable ../label/aparc.annot.DKTatlas.ctab

table columns are:
    number of vertices
    total surface area (mm^2)
    total gray matter volume (mm^3)
    average cortical thickness +- standard deviation (mm)
    integrated rectified mean curvature
    integrated rectified Gaussian curvature
    folding index
    intrinsic curvature index
    structure name

 1921   1252   3319  2.587 0.748     0.096     0.018       16     1.3  caudalanteriorcingulate
 3031   2061   6543  2.863 0.495     0.098     0.016       22     2.1  caudalmiddlefrontal
 3056   2248   4957  2.161 0.573     0.137     0.028       37     3.7  cuneus
  507    354   1658  3.538 0.779     0.106     0.024        4     0.4  entorhinal
 4440   3108   9843  2.789 0.597     0.110     0.022       55     3.7  fusiform
 7003   4991  16299  2.838 0.612     0.116     0.023       71     6.6  inferiorparietal
 4361   3214  10325  2.737 0.783     0.116     0.023       56     4.2  inferiortemporal
 1420    967   2842  2.473 0.935     0.113     0.024       17     1.2  isthmuscingulate
 7416   5388  14498  2.407 0.622     0.138     0.033       93     9.7  lateraloccipital
 3432   2488   9558  3.178 0.943     0.127     0.035       46     4.9  lateralorbitofrontal
 3615   2626   6000  2.107 0.635     0.127     0.033       48     4.9  lingual
 2301   1631   5476  2.778 0.831     0.110     0.032       26     2.8  medialorbitofrontal
 6349   4268  14800  2.913 0.666     0.099     0.018       52     4.9  middletemporal
  975    628   1873  2.579 0.926     0.079     0.016        5     0.5  parahippocampal
 2291   1520   4896  2.882 0.699     0.104     0.019       15     1.9  paracentral
 2137   1482   4764  2.703 0.748     0.107     0.019       19     1.6  parsopercularis
 1153    830   2928  2.822 0.762     0.119     0.028       38     1.3  parsorbitalis
 2924   2083   6414  2.792 0.554     0.111     0.023       27     2.4  parstriangularis
 1878   1303   2270  2.057 0.644     0.122     0.024       17     1.8  pericalcarine
 6214   4247  10039  2.171 0.766     0.108     0.020       55     5.2  postcentral
 2037   1440   4310  2.657 0.898     0.113     0.022       22     1.9  posteriorcingulate
 5629   3825  11791  2.812 0.607     0.108     0.020       45     4.7  precentral
 5123   3572  11219  2.764 0.678     0.112     0.021       49     4.5  precuneus
 1887   1306   4155  2.878 0.633     0.109     0.023       15     1.8  rostralanteriorcingulate
 6754   5034  17437  2.924 0.628     0.126     0.026       84     7.4  rostralmiddlefrontal
10636   7774  28782  3.194 0.702     0.119     0.024      106    10.4  superiorfrontal
 6940   4792  13825  2.512 0.582     0.109     0.019       75     5.3  superiorparietal
 6691   4553  15792  2.813 0.923     0.100     0.021       62     5.4  superiortemporal
 4577   3175   9894  2.845 0.599     0.105     0.019       38     3.8  supramarginal
  529    368    925  2.394 0.678     0.109     0.026        4     0.5  transversetemporal
 3129   2183   5623  2.629 0.718     0.111     0.025       28     3.0  insula
/out/sourcedata/freesurfer/sub-v2s9x29165_ses-1/label
#--------------------------------------------
#@# BA_exvivo Labels lh Sat Mar 14 12:29:56 CET 2026

 mri_label2label --srcsubject fsaverage --srclabel /out/sourcedata/freesurfer/fsaverage/label/lh.BA1_exvivo.label --trgsubject sub-v2s9x29165_ses-1 --trglabel ./lh.BA1_exvivo.label --hemi lh --regmethod surface 


srclabel = /out/sourcedata/freesurfer/fsaverage/label/lh.BA1_exvivo.label
srcsubject = fsaverage
trgsubject = sub-v2s9x29165_ses-1
trglabel = ./lh.BA1_exvivo.label
regmethod = surface

srchemi = lh
trghemi = lh
trgsurface = white
srcsurfreg = sphere.reg
trgsurfreg = sphere.reg
usehash = 1
Use ProjAbs  = 0, 0
Use ProjFrac = 0, 0
DoPaint 0

SUBJECTS_DIR    /out/sourcedata/freesurfer
FREESURFER_HOME /opt/freesurfer
Loading source label.
Found 4129 points in source label.
Starting surface-based mapping
Reading source registration 
 /out/sourcedata/freesurfer/fsaverage/surf/lh.sphere.reg
Rescaling ...  original radius = 100
Reading target surface 
 /out/sourcedata/freesurfer/sub-v2s9x29165_ses-1/surf/lh.white
Reading target registration 
 /out/sourcedata/freesurfer/sub-v2s9x29165_ses-1/surf/lh.sphere.reg
Rescaling ...  original radius = 100
Building target registration hash (res=16).
Building source registration hash (res=16).
INFO: found  4129 nlabel points
Performing mapping from target back to the source label 127927
Number of reverse mapping hits = 72
Checking for and removing duplicates
Writing label file ./lh.BA1_exvivo.label 4201
mri_label2label: Done


 mri_label2label --srcsubject fsaverage --srclabel /out/sourcedata/freesurfer/fsaverage/label/lh.BA2_exvivo.label --trgsubject sub-v2s9x29165_ses-1 --trglabel ./lh.BA2_exvivo.label --hemi lh --regmethod surface 


srclabel = /out/sourcedata/freesurfer/fsaverage/label/lh.BA2_exvivo.label
srcsubject = fsaverage
trgsubject = sub-v2s9x29165_ses-1
trglabel = ./lh.BA2_exvivo.label
regmethod = surface

srchemi = lh
trghemi = lh
trgsurface = white
srcsurfreg = sphere.reg
trgsurfreg = sphere.reg
usehash = 1
Use ProjAbs  = 0, 0
Use ProjFrac = 0, 0
DoPaint 0

SUBJECTS_DIR    /out/sourcedata/freesurfer
FREESURFER_HOME /opt/freesurfer
Loading source label.
Found 7909 points in source label.
Starting surface-based mapping
Reading source registration 
 /out/sourcedata/freesurfer/fsaverage/surf/lh.sphere.reg
Rescaling ...  original radius = 100
Reading target surface 
 /out/sourcedata/freesurfer/sub-v2s9x29165_ses-1/surf/lh.white
Reading target registration 
 /out/sourcedata/freesurfer/sub-v2s9x29165_ses-1/surf/lh.sphere.reg
Rescaling ...  original radius = 100
Building target registration hash (res=16).
Building source registration hash (res=16).
INFO: found  7909 nlabel points
Performing mapping from target back to the source label 127927
Number of reverse mapping hits = 127
Checking for and removing duplicates
Writing label file ./lh.BA2_exvivo.label 8036
mri_label2label: Done


 mri_label2label --srcsubject fsaverage --srclabel /out/sourcedata/freesurfer/fsaverage/label/lh.BA3a_exvivo.label --trgsubject sub-v2s9x29165_ses-1 --trglabel ./lh.BA3a_exvivo.label --hemi lh --regmethod surface 


srclabel = /out/sourcedata/freesurfer/fsaverage/label/lh.BA3a_exvivo.label
srcsubject = fsaverage
trgsubject = sub-v2s9x29165_ses-1
trglabel = ./lh.BA3a_exvivo.label
regmethod = surface

srchemi = lh
trghemi = lh
trgsurface = white
srcsurfreg = sphere.reg
trgsurfreg = sphere.reg
usehash = 1
Use ProjAbs  = 0, 0
Use ProjFrac = 0, 0
DoPaint 0

SUBJECTS_DIR    /out/sourcedata/freesurfer
FREESURFER_HOME /opt/freesurfer
Loading source label.
Found 4077 points in source label.
Starting surface-based mapping
Reading source registration 
 /out/sourcedata/freesurfer/fsaverage/surf/lh.sphere.reg
Rescaling ...  original radius = 100
Reading target surface 
 /out/sourcedata/freesurfer/sub-v2s9x29165_ses-1/surf/lh.white
Reading target registration 
 /out/sourcedata/freesurfer/sub-v2s9x29165_ses-1/surf/lh.sphere.reg
Rescaling ...  original radius = 100
Building target registration hash (res=16).
Building source registration hash (res=16).
INFO: found  4077 nlabel points
Performing mapping from target back to the source label 127927
Number of reverse mapping hits = 5
Checking for and removing duplicates
Writing label file ./lh.BA3a_exvivo.label 4082
mri_label2label: Done


 mri_label2label --srcsubject fsaverage --srclabel /out/sourcedata/freesurfer/fsaverage/label/lh.BA3b_exvivo.label --trgsubject sub-v2s9x29165_ses-1 --trglabel ./lh.BA3b_exvivo.label --hemi lh --regmethod surface 


srclabel = /out/sourcedata/freesurfer/fsaverage/label/lh.BA3b_exvivo.label
srcsubject = fsaverage
trgsubject = sub-v2s9x29165_ses-1
trglabel = ./lh.BA3b_exvivo.label
regmethod = surface

srchemi = lh
trghemi = lh
trgsurface = white
srcsurfreg = sphere.reg
trgsurfreg = sphere.reg
usehash = 1
Use ProjAbs  = 0, 0
Use ProjFrac = 0, 0
DoPaint 0

SUBJECTS_DIR    /out/sourcedata/freesurfer
FREESURFER_HOME /opt/freesurfer
Loading source label.
Found 5983 points in source label.
Starting surface-based mapping
Reading source registration 
 /out/sourcedata/freesurfer/fsaverage/surf/lh.sphere.reg
Rescaling ...  original radius = 100
Reading target surface 
 /out/sourcedata/freesurfer/sub-v2s9x29165_ses-1/surf/lh.white
Reading target registration 
 /out/sourcedata/freesurfer/sub-v2s9x29165_ses-1/surf/lh.sphere.reg
Rescaling ...  original radius = 100
Building target registration hash (res=16).
Building source registration hash (res=16).
INFO: found  5983 nlabel points
Performing mapping from target back to the source label 127927
Number of reverse mapping hits = 74
Checking for and removing duplicates
Writing label file ./lh.BA3b_exvivo.label 6057
mri_label2label: Done


 mri_label2label --srcsubject fsaverage --srclabel /out/sourcedata/freesurfer/fsaverage/label/lh.BA4a_exvivo.label --trgsubject sub-v2s9x29165_ses-1 --trglabel ./lh.BA4a_exvivo.label --hemi lh --regmethod surface 


srclabel = /out/sourcedata/freesurfer/fsaverage/label/lh.BA4a_exvivo.label
srcsubject = fsaverage
trgsubject = sub-v2s9x29165_ses-1
trglabel = ./lh.BA4a_exvivo.label
regmethod = surface

srchemi = lh
trghemi = lh
trgsurface = white
srcsurfreg = sphere.reg
trgsurfreg = sphere.reg
usehash = 1
Use ProjAbs  = 0, 0
Use ProjFrac = 0, 0
DoPaint 0

SUBJECTS_DIR    /out/sourcedata/freesurfer
FREESURFER_HOME /opt/freesurfer
Loading source label.
Found 5784 points in source label.
Starting surface-based mapping
Reading source registration 
 /out/sourcedata/freesurfer/fsaverage/surf/lh.sphere.reg
Rescaling ...  original radius = 100
Reading target surface 
 /out/sourcedata/freesurfer/sub-v2s9x29165_ses-1/surf/lh.white
Reading target registration 
 /out/sourcedata/freesurfer/sub-v2s9x29165_ses-1/surf/lh.sphere.reg
Rescaling ...  original radius = 100
Building target registration hash (res=16).
Building source registration hash (res=16).
INFO: found  5784 nlabel points
Performing mapping from target back to the source label 127927
Number of reverse mapping hits = 35
Checking for and removing duplicates
Writing label file ./lh.BA4a_exvivo.label 5819
mri_label2label: Done


 mri_label2label --srcsubject fsaverage --srclabel /out/sourcedata/freesurfer/fsaverage/label/lh.BA4p_exvivo.label --trgsubject sub-v2s9x29165_ses-1 --trglabel ./lh.BA4p_exvivo.label --hemi lh --regmethod surface 


srclabel = /out/sourcedata/freesurfer/fsaverage/label/lh.BA4p_exvivo.label
srcsubject = fsaverage
trgsubject = sub-v2s9x29165_ses-1
trglabel = ./lh.BA4p_exvivo.label
regmethod = surface

srchemi = lh
trghemi = lh
trgsurface = white
srcsurfreg = sphere.reg
trgsurfreg = sphere.reg
usehash = 1
Use ProjAbs  = 0, 0
Use ProjFrac = 0, 0
DoPaint 0

SUBJECTS_DIR    /out/sourcedata/freesurfer
FREESURFER_HOME /opt/freesurfer
Loading source label.
Found 4070 points in source label.
Starting surface-based mapping
Reading source registration 
 /out/sourcedata/freesurfer/fsaverage/surf/lh.sphere.reg
Rescaling ...  original radius = 100
Reading target surface 
 /out/sourcedata/freesurfer/sub-v2s9x29165_ses-1/surf/lh.white
Reading target registration 
 /out/sourcedata/freesurfer/sub-v2s9x29165_ses-1/surf/lh.sphere.reg
Rescaling ...  original radius = 100
Building target registration hash (res=16).
Building source registration hash (res=16).
INFO: found  4070 nlabel points
Performing mapping from target back to the source label 127927
Number of reverse mapping hits = 11
Checking for and removing duplicates
Writing label file ./lh.BA4p_exvivo.label 4081
mri_label2label: Done


 mri_label2label --srcsubject fsaverage --srclabel /out/sourcedata/freesurfer/fsaverage/label/lh.BA6_exvivo.label --trgsubject sub-v2s9x29165_ses-1 --trglabel ./lh.BA6_exvivo.label --hemi lh --regmethod surface 


srclabel = /out/sourcedata/freesurfer/fsaverage/label/lh.BA6_exvivo.label
srcsubject = fsaverage
trgsubject = sub-v2s9x29165_ses-1
trglabel = ./lh.BA6_exvivo.label
regmethod = surface

srchemi = lh
trghemi = lh
trgsurface = white
srcsurfreg = sphere.reg
trgsurfreg = sphere.reg
usehash = 1
Use ProjAbs  = 0, 0
Use ProjFrac = 0, 0
DoPaint 0

SUBJECTS_DIR    /out/sourcedata/freesurfer
FREESURFER_HOME /opt/freesurfer
Loading source label.
Found 13589 points in source label.
Starting surface-based mapping
Reading source registration 
 /out/sourcedata/freesurfer/fsaverage/surf/lh.sphere.reg
Rescaling ...  original radius = 100
Reading target surface 
 /out/sourcedata/freesurfer/sub-v2s9x29165_ses-1/surf/lh.white
Reading target registration 
 /out/sourcedata/freesurfer/sub-v2s9x29165_ses-1/surf/lh.sphere.reg
Rescaling ...  original radius = 100
Building target registration hash (res=16).
Building source registration hash (res=16).
INFO: found  13589 nlabel points
Performing mapping from target back to the source label 127927
Number of reverse mapping hits = 183
Checking for and removing duplicates
Writing label file ./lh.BA6_exvivo.label 13772
mri_label2label: Done


 mri_label2label --srcsubject fsaverage --srclabel /out/sourcedata/freesurfer/fsaverage/label/lh.BA44_exvivo.label --trgsubject sub-v2s9x29165_ses-1 --trglabel ./lh.BA44_exvivo.label --hemi lh --regmethod surface 


srclabel = /out/sourcedata/freesurfer/fsaverage/label/lh.BA44_exvivo.label
srcsubject = fsaverage
trgsubject = sub-v2s9x29165_ses-1
trglabel = ./lh.BA44_exvivo.label
regmethod = surface

srchemi = lh
trghemi = lh
trgsurface = white
srcsurfreg = sphere.reg
trgsurfreg = sphere.reg
usehash = 1
Use ProjAbs  = 0, 0
Use ProjFrac = 0, 0
DoPaint 0

SUBJECTS_DIR    /out/sourcedata/freesurfer
FREESURFER_HOME /opt/freesurfer
Loading source label.
Found 4181 points in source label.
Starting surface-based mapping
Reading source registration 
 /out/sourcedata/freesurfer/fsaverage/surf/lh.sphere.reg
Rescaling ...  original radius = 100
Reading target surface 
 /out/sourcedata/freesurfer/sub-v2s9x29165_ses-1/surf/lh.white
Reading target registration 
 /out/sourcedata/freesurfer/sub-v2s9x29165_ses-1/surf/lh.sphere.reg
Rescaling ...  original radius = 100
Building target registration hash (res=16).
Building source registration hash (res=16).
INFO: found  4181 nlabel points
Performing mapping from target back to the source label 127927
Number of reverse mapping hits = 70
Checking for and removing duplicates
Writing label file ./lh.BA44_exvivo.label 4251
mri_label2label: Done


 mri_label2label --srcsubject fsaverage --srclabel /out/sourcedata/freesurfer/fsaverage/label/lh.BA45_exvivo.label --trgsubject sub-v2s9x29165_ses-1 --trglabel ./lh.BA45_exvivo.label --hemi lh --regmethod surface 


srclabel = /out/sourcedata/freesurfer/fsaverage/label/lh.BA45_exvivo.label
srcsubject = fsaverage
trgsubject = sub-v2s9x29165_ses-1
trglabel = ./lh.BA45_exvivo.label
regmethod = surface

srchemi = lh
trghemi = lh
trgsurface = white
srcsurfreg = sphere.reg
trgsurfreg = sphere.reg
usehash = 1
Use ProjAbs  = 0, 0
Use ProjFrac = 0, 0
DoPaint 0

SUBJECTS_DIR    /out/sourcedata/freesurfer
FREESURFER_HOME /opt/freesurfer
Loading source label.
Found 3422 points in source label.
Starting surface-based mapping
Reading source registration 
 /out/sourcedata/freesurfer/fsaverage/surf/lh.sphere.reg
Rescaling ...  original radius = 100
Reading target surface 
 /out/sourcedata/freesurfer/sub-v2s9x29165_ses-1/surf/lh.white
Reading target registration 
 /out/sourcedata/freesurfer/sub-v2s9x29165_ses-1/surf/lh.sphere.reg
Rescaling ...  original radius = 100
Building target registration hash (res=16).
Building source registration hash (res=16).
INFO: found  3422 nlabel points
Performing mapping from target back to the source label 127927
Number of reverse mapping hits = 876
Checking for and removing duplicates
Writing label file ./lh.BA45_exvivo.label 4298
mri_label2label: Done


 mri_label2label --srcsubject fsaverage --srclabel /out/sourcedata/freesurfer/fsaverage/label/lh.V1_exvivo.label --trgsubject sub-v2s9x29165_ses-1 --trglabel ./lh.V1_exvivo.label --hemi lh --regmethod surface 


srclabel = /out/sourcedata/freesurfer/fsaverage/label/lh.V1_exvivo.label
srcsubject = fsaverage
trgsubject = sub-v2s9x29165_ses-1
trglabel = ./lh.V1_exvivo.label
regmethod = surface

srchemi = lh
trghemi = lh
trgsurface = white
srcsurfreg = sphere.reg
trgsurfreg = sphere.reg
usehash = 1
Use ProjAbs  = 0, 0
Use ProjFrac = 0, 0
DoPaint 0

SUBJECTS_DIR    /out/sourcedata/freesurfer
FREESURFER_HOME /opt/freesurfer
Loading source label.
Found 4641 points in source label.
Starting surface-based mapping
Reading source registration 
 /out/sourcedata/freesurfer/fsaverage/surf/lh.sphere.reg
Rescaling ...  original radius = 100
Reading target surface 
 /out/sourcedata/freesurfer/sub-v2s9x29165_ses-1/surf/lh.white
Reading target registration 
 /out/sourcedata/freesurfer/sub-v2s9x29165_ses-1/surf/lh.sphere.reg
Rescaling ...  original radius = 100
Building target registration hash (res=16).
Building source registration hash (res=16).
INFO: found  4641 nlabel points
Performing mapping from target back to the source label 127927
Number of reverse mapping hits = 697
Checking for and removing duplicates
Writing label file ./lh.V1_exvivo.label 5338
mri_label2label: Done


 mri_label2label --srcsubject fsaverage --srclabel /out/sourcedata/freesurfer/fsaverage/label/lh.V2_exvivo.label --trgsubject sub-v2s9x29165_ses-1 --trglabel ./lh.V2_exvivo.label --hemi lh --regmethod surface 


srclabel = /out/sourcedata/freesurfer/fsaverage/label/lh.V2_exvivo.label
srcsubject = fsaverage
trgsubject = sub-v2s9x29165_ses-1
trglabel = ./lh.V2_exvivo.label
regmethod = surface

srchemi = lh
trghemi = lh
trgsurface = white
srcsurfreg = sphere.reg
trgsurfreg = sphere.reg
usehash = 1
Use ProjAbs  = 0, 0
Use ProjFrac = 0, 0
DoPaint 0

SUBJECTS_DIR    /out/sourcedata/freesurfer
FREESURFER_HOME /opt/freesurfer
Loading source label.
Found 8114 points in source label.
Starting surface-based mapping
Reading source registration 
 /out/sourcedata/freesurfer/fsaverage/surf/lh.sphere.reg
Rescaling ...  original radius = 100
Reading target surface 
 /out/sourcedata/freesurfer/sub-v2s9x29165_ses-1/surf/lh.white
Reading target registration 
 /out/sourcedata/freesurfer/sub-v2s9x29165_ses-1/surf/lh.sphere.reg
Rescaling ...  original radius = 100
Building target registration hash (res=16).
Building source registration hash (res=16).
INFO: found  8114 nlabel points
Performing mapping from target back to the source label 127927
Number of reverse mapping hits = 1602
Checking for and removing duplicates
Writing label file ./lh.V2_exvivo.label 9716
mri_label2label: Done


 mri_label2label --srcsubject fsaverage --srclabel /out/sourcedata/freesurfer/fsaverage/label/lh.MT_exvivo.label --trgsubject sub-v2s9x29165_ses-1 --trglabel ./lh.MT_exvivo.label --hemi lh --regmethod surface 


srclabel = /out/sourcedata/freesurfer/fsaverage/label/lh.MT_exvivo.label
srcsubject = fsaverage
trgsubject = sub-v2s9x29165_ses-1
trglabel = ./lh.MT_exvivo.label
regmethod = surface

srchemi = lh
trghemi = lh
trgsurface = white
srcsurfreg = sphere.reg
trgsurfreg = sphere.reg
usehash = 1
Use ProjAbs  = 0, 0
Use ProjFrac = 0, 0
DoPaint 0

SUBJECTS_DIR    /out/sourcedata/freesurfer
FREESURFER_HOME /opt/freesurfer
Loading source label.
Found 2018 points in source label.
Starting surface-based mapping
Reading source registration 
 /out/sourcedata/freesurfer/fsaverage/surf/lh.sphere.reg
Rescaling ...  original radius = 100
Reading target surface 
 /out/sourcedata/freesurfer/sub-v2s9x29165_ses-1/surf/lh.white
Reading target registration 
 /out/sourcedata/freesurfer/sub-v2s9x29165_ses-1/surf/lh.sphere.reg
Rescaling ...  original radius = 100
Building target registration hash (res=16).
Building source registration hash (res=16).
INFO: found  2018 nlabel points
Performing mapping from target back to the source label 127927
Number of reverse mapping hits = 434
Checking for and removing duplicates
Writing label file ./lh.MT_exvivo.label 2452
mri_label2label: Done


 mri_label2label --srcsubject fsaverage --srclabel /out/sourcedata/freesurfer/fsaverage/label/lh.entorhinal_exvivo.label --trgsubject sub-v2s9x29165_ses-1 --trglabel ./lh.entorhinal_exvivo.label --hemi lh --regmethod surface 


srclabel = /out/sourcedata/freesurfer/fsaverage/label/lh.entorhinal_exvivo.label
srcsubject = fsaverage
trgsubject = sub-v2s9x29165_ses-1
trglabel = ./lh.entorhinal_exvivo.label
regmethod = surface

srchemi = lh
trghemi = lh
trgsurface = white
srcsurfreg = sphere.reg
trgsurfreg = sphere.reg
usehash = 1
Use ProjAbs  = 0, 0
Use ProjFrac = 0, 0
DoPaint 0

SUBJECTS_DIR    /out/sourcedata/freesurfer
FREESURFER_HOME /opt/freesurfer
Loading source label.
Found 1290 points in source label.
Starting surface-based mapping
Reading source registration 
 /out/sourcedata/freesurfer/fsaverage/surf/lh.sphere.reg
Rescaling ...  original radius = 100
Reading target surface 
 /out/sourcedata/freesurfer/sub-v2s9x29165_ses-1/surf/lh.white
Reading target registration 
 /out/sourcedata/freesurfer/sub-v2s9x29165_ses-1/surf/lh.sphere.reg
Rescaling ...  original radius = 100
Building target registration hash (res=16).
Building source registration hash (res=16).
INFO: found  1290 nlabel points
Performing mapping from target back to the source label 127927
Number of reverse mapping hits = 73
Checking for and removing duplicates
Writing label file ./lh.entorhinal_exvivo.label 1363
mri_label2label: Done


 mri_label2label --srcsubject fsaverage --srclabel /out/sourcedata/freesurfer/fsaverage/label/lh.perirhinal_exvivo.label --trgsubject sub-v2s9x29165_ses-1 --trglabel ./lh.perirhinal_exvivo.label --hemi lh --regmethod surface 


srclabel = /out/sourcedata/freesurfer/fsaverage/label/lh.perirhinal_exvivo.label
srcsubject = fsaverage
trgsubject = sub-v2s9x29165_ses-1
trglabel = ./lh.perirhinal_exvivo.label
regmethod = surface

srchemi = lh
trghemi = lh
trgsurface = white
srcsurfreg = sphere.reg
trgsurfreg = sphere.reg
usehash = 1
Use ProjAbs  = 0, 0
Use ProjFrac = 0, 0
DoPaint 0

SUBJECTS_DIR    /out/sourcedata/freesurfer
FREESURFER_HOME /opt/freesurfer
Loading source label.
Found 1199 points in source label.
Starting surface-based mapping
Reading source registration 
 /out/sourcedata/freesurfer/fsaverage/surf/lh.sphere.reg
Rescaling ...  original radius = 100
Reading target surface 
 /out/sourcedata/freesurfer/sub-v2s9x29165_ses-1/surf/lh.white
Reading target registration 
 /out/sourcedata/freesurfer/sub-v2s9x29165_ses-1/surf/lh.sphere.reg
Rescaling ...  original radius = 100
Building target registration hash (res=16).
Building source registration hash (res=16).
INFO: found  1199 nlabel points
Performing mapping from target back to the source label 127927
Number of reverse mapping hits = 56
Checking for and removing duplicates
Writing label file ./lh.perirhinal_exvivo.label 1255
mri_label2label: Done


 mri_label2label --srcsubject fsaverage --srclabel /out/sourcedata/freesurfer/fsaverage/label/lh.FG1.mpm.vpnl.label --trgsubject sub-v2s9x29165_ses-1 --trglabel ./lh.FG1.mpm.vpnl.label --hemi lh --regmethod surface 


srclabel = /out/sourcedata/freesurfer/fsaverage/label/lh.FG1.mpm.vpnl.label
srcsubject = fsaverage
trgsubject = sub-v2s9x29165_ses-1
trglabel = ./lh.FG1.mpm.vpnl.label
regmethod = surface

srchemi = lh
trghemi = lh
trgsurface = white
srcsurfreg = sphere.reg
trgsurfreg = sphere.reg
usehash = 1
Use ProjAbs  = 0, 0
Use ProjFrac = 0, 0
DoPaint 0

SUBJECTS_DIR    /out/sourcedata/freesurfer
FREESURFER_HOME /opt/freesurfer
Loading source label.
Found 414 points in source label.
Starting surface-based mapping
Reading source registration 
 /out/sourcedata/freesurfer/fsaverage/surf/lh.sphere.reg
Rescaling ...  original radius = 100
Reading target surface 
 /out/sourcedata/freesurfer/sub-v2s9x29165_ses-1/surf/lh.white
Reading target registration 
 /out/sourcedata/freesurfer/sub-v2s9x29165_ses-1/surf/lh.sphere.reg
Rescaling ...  original radius = 100
Building target registration hash (res=16).
Building source registration hash (res=16).
INFO: found  414 nlabel points
Performing mapping from target back to the source label 127927
Number of reverse mapping hits = 73
Checking for and removing duplicates
Writing label file ./lh.FG1.mpm.vpnl.label 487
mri_label2label: Done


 mri_label2label --srcsubject fsaverage --srclabel /out/sourcedata/freesurfer/fsaverage/label/lh.FG2.mpm.vpnl.label --trgsubject sub-v2s9x29165_ses-1 --trglabel ./lh.FG2.mpm.vpnl.label --hemi lh --regmethod surface 


srclabel = /out/sourcedata/freesurfer/fsaverage/label/lh.FG2.mpm.vpnl.label
srcsubject = fsaverage
trgsubject = sub-v2s9x29165_ses-1
trglabel = ./lh.FG2.mpm.vpnl.label
regmethod = surface

srchemi = lh
trghemi = lh
trgsurface = white
srcsurfreg = sphere.reg
trgsurfreg = sphere.reg
usehash = 1
Use ProjAbs  = 0, 0
Use ProjFrac = 0, 0
DoPaint 0

SUBJECTS_DIR    /out/sourcedata/freesurfer
FREESURFER_HOME /opt/freesurfer
Loading source label.
Found 703 points in source label.
Starting surface-based mapping
Reading source registration 
 /out/sourcedata/freesurfer/fsaverage/surf/lh.sphere.reg
Rescaling ...  original radius = 100
Reading target surface 
 /out/sourcedata/freesurfer/sub-v2s9x29165_ses-1/surf/lh.white
Reading target registration 
 /out/sourcedata/freesurfer/sub-v2s9x29165_ses-1/surf/lh.sphere.reg
Rescaling ...  original radius = 100
Building target registration hash (res=16).
Building source registration hash (res=16).
INFO: found  703 nlabel points
Performing mapping from target back to the source label 127927
Number of reverse mapping hits = 129
Checking for and removing duplicates
Writing label file ./lh.FG2.mpm.vpnl.label 832
mri_label2label: Done


 mri_label2label --srcsubject fsaverage --srclabel /out/sourcedata/freesurfer/fsaverage/label/lh.FG3.mpm.vpnl.label --trgsubject sub-v2s9x29165_ses-1 --trglabel ./lh.FG3.mpm.vpnl.label --hemi lh --regmethod surface 


srclabel = /out/sourcedata/freesurfer/fsaverage/label/lh.FG3.mpm.vpnl.label
srcsubject = fsaverage
trgsubject = sub-v2s9x29165_ses-1
trglabel = ./lh.FG3.mpm.vpnl.label
regmethod = surface

srchemi = lh
trghemi = lh
trgsurface = white
srcsurfreg = sphere.reg
trgsurfreg = sphere.reg
usehash = 1
Use ProjAbs  = 0, 0
Use ProjFrac = 0, 0
DoPaint 0

SUBJECTS_DIR    /out/sourcedata/freesurfer
FREESURFER_HOME /opt/freesurfer
Loading source label.
Found 1873 points in source label.
Starting surface-based mapping
Reading source registration 
 /out/sourcedata/freesurfer/fsaverage/surf/lh.sphere.reg
Rescaling ...  original radius = 100
Reading target surface 
 /out/sourcedata/freesurfer/sub-v2s9x29165_ses-1/surf/lh.white
Reading target registration 
 /out/sourcedata/freesurfer/sub-v2s9x29165_ses-1/surf/lh.sphere.reg
Rescaling ...  original radius = 100
Building target registration hash (res=16).
Building source registration hash (res=16).
INFO: found  1873 nlabel points
Performing mapping from target back to the source label 127927
Number of reverse mapping hits = 160
Checking for and removing duplicates
Writing label file ./lh.FG3.mpm.vpnl.label 2033
mri_label2label: Done


 mri_label2label --srcsubject fsaverage --srclabel /out/sourcedata/freesurfer/fsaverage/label/lh.FG4.mpm.vpnl.label --trgsubject sub-v2s9x29165_ses-1 --trglabel ./lh.FG4.mpm.vpnl.label --hemi lh --regmethod surface 


srclabel = /out/sourcedata/freesurfer/fsaverage/label/lh.FG4.mpm.vpnl.label
srcsubject = fsaverage
trgsubject = sub-v2s9x29165_ses-1
trglabel = ./lh.FG4.mpm.vpnl.label
regmethod = surface

srchemi = lh
trghemi = lh
trgsurface = white
srcsurfreg = sphere.reg
trgsurfreg = sphere.reg
usehash = 1
Use ProjAbs  = 0, 0
Use ProjFrac = 0, 0
DoPaint 0

SUBJECTS_DIR    /out/sourcedata/freesurfer
FREESURFER_HOME /opt/freesurfer
Loading source label.
Found 2101 points in source label.
Starting surface-based mapping
Reading source registration 
 /out/sourcedata/freesurfer/fsaverage/surf/lh.sphere.reg
Rescaling ...  original radius = 100
Reading target surface 
 /out/sourcedata/freesurfer/sub-v2s9x29165_ses-1/surf/lh.white
Reading target registration 
 /out/sourcedata/freesurfer/sub-v2s9x29165_ses-1/surf/lh.sphere.reg
Rescaling ...  original radius = 100
Building target registration hash (res=16).
Building source registration hash (res=16).
INFO: found  2101 nlabel points
Performing mapping from target back to the source label 127927
Number of reverse mapping hits = 410
Checking for and removing duplicates
Writing label file ./lh.FG4.mpm.vpnl.label 2511
mri_label2label: Done


 mri_label2label --srcsubject fsaverage --srclabel /out/sourcedata/freesurfer/fsaverage/label/lh.hOc1.mpm.vpnl.label --trgsubject sub-v2s9x29165_ses-1 --trglabel ./lh.hOc1.mpm.vpnl.label --hemi lh --regmethod surface 


srclabel = /out/sourcedata/freesurfer/fsaverage/label/lh.hOc1.mpm.vpnl.label
srcsubject = fsaverage
trgsubject = sub-v2s9x29165_ses-1
trglabel = ./lh.hOc1.mpm.vpnl.label
regmethod = surface

srchemi = lh
trghemi = lh
trgsurface = white
srcsurfreg = sphere.reg
trgsurfreg = sphere.reg
usehash = 1
Use ProjAbs  = 0, 0
Use ProjFrac = 0, 0
DoPaint 0

SUBJECTS_DIR    /out/sourcedata/freesurfer
FREESURFER_HOME /opt/freesurfer
Loading source label.
Found 3877 points in source label.
Starting surface-based mapping
Reading source registration 
 /out/sourcedata/freesurfer/fsaverage/surf/lh.sphere.reg
Rescaling ...  original radius = 100
Reading target surface 
 /out/sourcedata/freesurfer/sub-v2s9x29165_ses-1/surf/lh.white
Reading target registration 
 /out/sourcedata/freesurfer/sub-v2s9x29165_ses-1/surf/lh.sphere.reg
Rescaling ...  original radius = 100
Building target registration hash (res=16).
Building source registration hash (res=16).
INFO: found  3877 nlabel points
Performing mapping from target back to the source label 127927
Number of reverse mapping hits = 585
Checking for and removing duplicates
Writing label file ./lh.hOc1.mpm.vpnl.label 4462
mri_label2label: Done


 mri_label2label --srcsubject fsaverage --srclabel /out/sourcedata/freesurfer/fsaverage/label/lh.hOc2.mpm.vpnl.label --trgsubject sub-v2s9x29165_ses-1 --trglabel ./lh.hOc2.mpm.vpnl.label --hemi lh --regmethod surface 


srclabel = /out/sourcedata/freesurfer/fsaverage/label/lh.hOc2.mpm.vpnl.label
srcsubject = fsaverage
trgsubject = sub-v2s9x29165_ses-1
trglabel = ./lh.hOc2.mpm.vpnl.label
regmethod = surface

srchemi = lh
trghemi = lh
trgsurface = white
srcsurfreg = sphere.reg
trgsurfreg = sphere.reg
usehash = 1
Use ProjAbs  = 0, 0
Use ProjFrac = 0, 0
DoPaint 0

SUBJECTS_DIR    /out/sourcedata/freesurfer
FREESURFER_HOME /opt/freesurfer
Loading source label.
Found 2919 points in source label.
Starting surface-based mapping
Reading source registration 
 /out/sourcedata/freesurfer/fsaverage/surf/lh.sphere.reg
Rescaling ...  original radius = 100
Reading target surface 
 /out/sourcedata/freesurfer/sub-v2s9x29165_ses-1/surf/lh.white
Reading target registration 
 /out/sourcedata/freesurfer/sub-v2s9x29165_ses-1/surf/lh.sphere.reg
Rescaling ...  original radius = 100
Building target registration hash (res=16).
Building source registration hash (res=16).
INFO: found  2919 nlabel points
Performing mapping from target back to the source label 127927
Number of reverse mapping hits = 756
Checking for and removing duplicates
Writing label file ./lh.hOc2.mpm.vpnl.label 3675
mri_label2label: Done


 mri_label2label --srcsubject fsaverage --srclabel /out/sourcedata/freesurfer/fsaverage/label/lh.hOc3v.mpm.vpnl.label --trgsubject sub-v2s9x29165_ses-1 --trglabel ./lh.hOc3v.mpm.vpnl.label --hemi lh --regmethod surface 


srclabel = /out/sourcedata/freesurfer/fsaverage/label/lh.hOc3v.mpm.vpnl.label
srcsubject = fsaverage
trgsubject = sub-v2s9x29165_ses-1
trglabel = ./lh.hOc3v.mpm.vpnl.label
regmethod = surface

srchemi = lh
trghemi = lh
trgsurface = white
srcsurfreg = sphere.reg
trgsurfreg = sphere.reg
usehash = 1
Use ProjAbs  = 0, 0
Use ProjFrac = 0, 0
DoPaint 0

SUBJECTS_DIR    /out/sourcedata/freesurfer
FREESURFER_HOME /opt/freesurfer
Loading source label.
Found 1286 points in source label.
Starting surface-based mapping
Reading source registration 
 /out/sourcedata/freesurfer/fsaverage/surf/lh.sphere.reg
Rescaling ...  original radius = 100
Reading target surface 
 /out/sourcedata/freesurfer/sub-v2s9x29165_ses-1/surf/lh.white
Reading target registration 
 /out/sourcedata/freesurfer/sub-v2s9x29165_ses-1/surf/lh.sphere.reg
Rescaling ...  original radius = 100
Building target registration hash (res=16).
Building source registration hash (res=16).
INFO: found  1286 nlabel points
Performing mapping from target back to the source label 127927
Number of reverse mapping hits = 187
Checking for and removing duplicates
Writing label file ./lh.hOc3v.mpm.vpnl.label 1473
mri_label2label: Done


 mri_label2label --srcsubject fsaverage --srclabel /out/sourcedata/freesurfer/fsaverage/label/lh.hOc4v.mpm.vpnl.label --trgsubject sub-v2s9x29165_ses-1 --trglabel ./lh.hOc4v.mpm.vpnl.label --hemi lh --regmethod surface 


srclabel = /out/sourcedata/freesurfer/fsaverage/label/lh.hOc4v.mpm.vpnl.label
srcsubject = fsaverage
trgsubject = sub-v2s9x29165_ses-1
trglabel = ./lh.hOc4v.mpm.vpnl.label
regmethod = surface

srchemi = lh
trghemi = lh
trgsurface = white
srcsurfreg = sphere.reg
trgsurfreg = sphere.reg
usehash = 1
Use ProjAbs  = 0, 0
Use ProjFrac = 0, 0
DoPaint 0

SUBJECTS_DIR    /out/sourcedata/freesurfer
FREESURFER_HOME /opt/freesurfer
Loading source label.
Found 1006 points in source label.
Starting surface-based mapping
Reading source registration 
 /out/sourcedata/freesurfer/fsaverage/surf/lh.sphere.reg
Rescaling ...  original radius = 100
Reading target surface 
 /out/sourcedata/freesurfer/sub-v2s9x29165_ses-1/surf/lh.white
Reading target registration 
 /out/sourcedata/freesurfer/sub-v2s9x29165_ses-1/surf/lh.sphere.reg
Rescaling ...  original radius = 100
Building target registration hash (res=16).
Building source registration hash (res=16).
INFO: found  1006 nlabel points
Performing mapping from target back to the source label 127927
Number of reverse mapping hits = 144
Checking for and removing duplicates
Writing label file ./lh.hOc4v.mpm.vpnl.label 1150
mri_label2label: Done


 mris_label2annot --s sub-v2s9x29165_ses-1 --ctab /opt/freesurfer/average/colortable_vpnl.txt --hemi lh --a mpm.vpnl --maxstatwinner --noverbose --l lh.FG1.mpm.vpnl.label --l lh.FG2.mpm.vpnl.label --l lh.FG3.mpm.vpnl.label --l lh.FG4.mpm.vpnl.label --l lh.hOc1.mpm.vpnl.label --l lh.hOc2.mpm.vpnl.label --l lh.hOc3v.mpm.vpnl.label --l lh.hOc4v.mpm.vpnl.label 

Reading ctab /opt/freesurfer/average/colortable_vpnl.txt
Number of ctab entries 9

7.3.2
cwd /out/sourcedata/freesurfer/sub-v2s9x29165_ses-1/label
cmdline mris_label2annot --s sub-v2s9x29165_ses-1 --ctab /opt/freesurfer/average/colortable_vpnl.txt --hemi lh --a mpm.vpnl --maxstatwinner --noverbose --l lh.FG1.mpm.vpnl.label --l lh.FG2.mpm.vpnl.label --l lh.FG3.mpm.vpnl.label --l lh.FG4.mpm.vpnl.label --l lh.hOc1.mpm.vpnl.label --l lh.hOc2.mpm.vpnl.label --l lh.hOc3v.mpm.vpnl.label --l lh.hOc4v.mpm.vpnl.label 
sysname  Linux
hostname dna076
machine  x86_64
user     oesteban

subject sub-v2s9x29165_ses-1
hemi    lh
SUBJECTS_DIR /out/sourcedata/freesurfer
ColorTable /opt/freesurfer/average/colortable_vpnl.txt
AnnotName  mpm.vpnl
nlables 8
LabelThresh 0 0.000000
Loading /out/sourcedata/freesurfer/sub-v2s9x29165_ses-1/surf/lh.orig
 1 1376057 FG1
 2 16711935 FG2
 3 16711680 FG3
 4 1705837 FG4
 5 25600 hOc1
 6 255 hOc2
 7 16776960 hOc3v
 8 65535 hOc4v
Mapping unhit to unknown
Found 113237 unhit vertices
Writing annot to /out/sourcedata/freesurfer/sub-v2s9x29165_ses-1/label/lh.mpm.vpnl.annot

 mri_label2label --srcsubject fsaverage --srclabel /out/sourcedata/freesurfer/fsaverage/label/lh.BA1_exvivo.thresh.label --trgsubject sub-v2s9x29165_ses-1 --trglabel ./lh.BA1_exvivo.thresh.label --hemi lh --regmethod surface 


srclabel = /out/sourcedata/freesurfer/fsaverage/label/lh.BA1_exvivo.thresh.label
srcsubject = fsaverage
trgsubject = sub-v2s9x29165_ses-1
trglabel = ./lh.BA1_exvivo.thresh.label
regmethod = surface

srchemi = lh
trghemi = lh
trgsurface = white
srcsurfreg = sphere.reg
trgsurfreg = sphere.reg
usehash = 1
Use ProjAbs  = 0, 0
Use ProjFrac = 0, 0
DoPaint 0

SUBJECTS_DIR    /out/sourcedata/freesurfer
FREESURFER_HOME /opt/freesurfer
Loading source label.
Found 1014 points in source label.
Starting surface-based mapping
Reading source registration 
 /out/sourcedata/freesurfer/fsaverage/surf/lh.sphere.reg
Rescaling ...  original radius = 100
Reading target surface 
 /out/sourcedata/freesurfer/sub-v2s9x29165_ses-1/surf/lh.white
Reading target registration 
 /out/sourcedata/freesurfer/sub-v2s9x29165_ses-1/surf/lh.sphere.reg
Rescaling ...  original radius = 100
Building target registration hash (res=16).
Building source registration hash (res=16).
INFO: found  1014 nlabel points
Performing mapping from target back to the source label 127927
Number of reverse mapping hits = 29
Checking for and removing duplicates
Writing label file ./lh.BA1_exvivo.thresh.label 1043
mri_label2label: Done


 mri_label2label --srcsubject fsaverage --srclabel /out/sourcedata/freesurfer/fsaverage/label/lh.BA2_exvivo.thresh.label --trgsubject sub-v2s9x29165_ses-1 --trglabel ./lh.BA2_exvivo.thresh.label --hemi lh --regmethod surface 


srclabel = /out/sourcedata/freesurfer/fsaverage/label/lh.BA2_exvivo.thresh.label
srcsubject = fsaverage
trgsubject = sub-v2s9x29165_ses-1
trglabel = ./lh.BA2_exvivo.thresh.label
regmethod = surface

srchemi = lh
trghemi = lh
trgsurface = white
srcsurfreg = sphere.reg
trgsurfreg = sphere.reg
usehash = 1
Use ProjAbs  = 0, 0
Use ProjFrac = 0, 0
DoPaint 0

SUBJECTS_DIR    /out/sourcedata/freesurfer
FREESURFER_HOME /opt/freesurfer
Loading source label.
Found 2092 points in source label.
Starting surface-based mapping
Reading source registration 
 /out/sourcedata/freesurfer/fsaverage/surf/lh.sphere.reg
Rescaling ...  original radius = 100
Reading target surface 
 /out/sourcedata/freesurfer/sub-v2s9x29165_ses-1/surf/lh.white
Reading target registration 
 /out/sourcedata/freesurfer/sub-v2s9x29165_ses-1/surf/lh.sphere.reg
Rescaling ...  original radius = 100
Building target registration hash (res=16).
Building source registration hash (res=16).
INFO: found  2092 nlabel points
Performing mapping from target back to the source label 127927
Number of reverse mapping hits = 21
Checking for and removing duplicates
Writing label file ./lh.BA2_exvivo.thresh.label 2113
mri_label2label: Done


 mri_label2label --srcsubject fsaverage --srclabel /out/sourcedata/freesurfer/fsaverage/label/lh.BA3a_exvivo.thresh.label --trgsubject sub-v2s9x29165_ses-1 --trglabel ./lh.BA3a_exvivo.thresh.label --hemi lh --regmethod surface 


srclabel = /out/sourcedata/freesurfer/fsaverage/label/lh.BA3a_exvivo.thresh.label
srcsubject = fsaverage
trgsubject = sub-v2s9x29165_ses-1
trglabel = ./lh.BA3a_exvivo.thresh.label
regmethod = surface

srchemi = lh
trghemi = lh
trgsurface = white
srcsurfreg = sphere.reg
trgsurfreg = sphere.reg
usehash = 1
Use ProjAbs  = 0, 0
Use ProjFrac = 0, 0
DoPaint 0

SUBJECTS_DIR    /out/sourcedata/freesurfer
FREESURFER_HOME /opt/freesurfer
Loading source label.
Found 1504 points in source label.
Starting surface-based mapping
Reading source registration 
 /out/sourcedata/freesurfer/fsaverage/surf/lh.sphere.reg
Rescaling ...  original radius = 100
Reading target surface 
 /out/sourcedata/freesurfer/sub-v2s9x29165_ses-1/surf/lh.white
Reading target registration 
 /out/sourcedata/freesurfer/sub-v2s9x29165_ses-1/surf/lh.sphere.reg
Rescaling ...  original radius = 100
Building target registration hash (res=16).
Building source registration hash (res=16).
INFO: found  1504 nlabel points
Performing mapping from target back to the source label 127927
Number of reverse mapping hits = 1
Checking for and removing duplicates
Writing label file ./lh.BA3a_exvivo.thresh.label 1505
mri_label2label: Done


 mri_label2label --srcsubject fsaverage --srclabel /out/sourcedata/freesurfer/fsaverage/label/lh.BA3b_exvivo.thresh.label --trgsubject sub-v2s9x29165_ses-1 --trglabel ./lh.BA3b_exvivo.thresh.label --hemi lh --regmethod surface 


srclabel = /out/sourcedata/freesurfer/fsaverage/label/lh.BA3b_exvivo.thresh.label
srcsubject = fsaverage
trgsubject = sub-v2s9x29165_ses-1
trglabel = ./lh.BA3b_exvivo.thresh.label
regmethod = surface

srchemi = lh
trghemi = lh
trgsurface = white
srcsurfreg = sphere.reg
trgsurfreg = sphere.reg
usehash = 1
Use ProjAbs  = 0, 0
Use ProjFrac = 0, 0
DoPaint 0

SUBJECTS_DIR    /out/sourcedata/freesurfer
FREESURFER_HOME /opt/freesurfer
Loading source label.
Found 1996 points in source label.
Starting surface-based mapping
Reading source registration 
 /out/sourcedata/freesurfer/fsaverage/surf/lh.sphere.reg
Rescaling ...  original radius = 100
Reading target surface 
 /out/sourcedata/freesurfer/sub-v2s9x29165_ses-1/surf/lh.white
Reading target registration 
 /out/sourcedata/freesurfer/sub-v2s9x29165_ses-1/surf/lh.sphere.reg
Rescaling ...  original radius = 100
Building target registration hash (res=16).
Building source registration hash (res=16).
INFO: found  1996 nlabel points
Performing mapping from target back to the source label 127927
Number of reverse mapping hits = 12
Checking for and removing duplicates
Writing label file ./lh.BA3b_exvivo.thresh.label 2008
mri_label2label: Done


 mri_label2label --srcsubject fsaverage --srclabel /out/sourcedata/freesurfer/fsaverage/label/lh.BA4a_exvivo.thresh.label --trgsubject sub-v2s9x29165_ses-1 --trglabel ./lh.BA4a_exvivo.thresh.label --hemi lh --regmethod surface 


srclabel = /out/sourcedata/freesurfer/fsaverage/label/lh.BA4a_exvivo.thresh.label
srcsubject = fsaverage
trgsubject = sub-v2s9x29165_ses-1
trglabel = ./lh.BA4a_exvivo.thresh.label
regmethod = surface

srchemi = lh
trghemi = lh
trgsurface = white
srcsurfreg = sphere.reg
trgsurfreg = sphere.reg
usehash = 1
Use ProjAbs  = 0, 0
Use ProjFrac = 0, 0
DoPaint 0

SUBJECTS_DIR    /out/sourcedata/freesurfer
FREESURFER_HOME /opt/freesurfer
Loading source label.
Found 2319 points in source label.
Starting surface-based mapping
Reading source registration 
 /out/sourcedata/freesurfer/fsaverage/surf/lh.sphere.reg
Rescaling ...  original radius = 100
Reading target surface 
 /out/sourcedata/freesurfer/sub-v2s9x29165_ses-1/surf/lh.white
Reading target registration 
 /out/sourcedata/freesurfer/sub-v2s9x29165_ses-1/surf/lh.sphere.reg
Rescaling ...  original radius = 100
Building target registration hash (res=16).
Building source registration hash (res=16).
INFO: found  2319 nlabel points
Performing mapping from target back to the source label 127927
Number of reverse mapping hits = 16
Checking for and removing duplicates
Writing label file ./lh.BA4a_exvivo.thresh.label 2335
mri_label2label: Done


 mri_label2label --srcsubject fsaverage --srclabel /out/sourcedata/freesurfer/fsaverage/label/lh.BA4p_exvivo.thresh.label --trgsubject sub-v2s9x29165_ses-1 --trglabel ./lh.BA4p_exvivo.thresh.label --hemi lh --regmethod surface 


srclabel = /out/sourcedata/freesurfer/fsaverage/label/lh.BA4p_exvivo.thresh.label
srcsubject = fsaverage
trgsubject = sub-v2s9x29165_ses-1
trglabel = ./lh.BA4p_exvivo.thresh.label
regmethod = surface

srchemi = lh
trghemi = lh
trgsurface = white
srcsurfreg = sphere.reg
trgsurfreg = sphere.reg
usehash = 1
Use ProjAbs  = 0, 0
Use ProjFrac = 0, 0
DoPaint 0

SUBJECTS_DIR    /out/sourcedata/freesurfer
FREESURFER_HOME /opt/freesurfer
Loading source label.
Found 1549 points in source label.
Starting surface-based mapping
Reading source registration 
 /out/sourcedata/freesurfer/fsaverage/surf/lh.sphere.reg
Rescaling ...  original radius = 100
Reading target surface 
 /out/sourcedata/freesurfer/sub-v2s9x29165_ses-1/surf/lh.white
Reading target registration 
 /out/sourcedata/freesurfer/sub-v2s9x29165_ses-1/surf/lh.sphere.reg
Rescaling ...  original radius = 100
Building target registration hash (res=16).
Building source registration hash (res=16).
INFO: found  1549 nlabel points
Performing mapping from target back to the source label 127927
Number of reverse mapping hits = 3
Checking for and removing duplicates
Writing label file ./lh.BA4p_exvivo.thresh.label 1552
mri_label2label: Done


 mri_label2label --srcsubject fsaverage --srclabel /out/sourcedata/freesurfer/fsaverage/label/lh.BA6_exvivo.thresh.label --trgsubject sub-v2s9x29165_ses-1 --trglabel ./lh.BA6_exvivo.thresh.label --hemi lh --regmethod surface 


srclabel = /out/sourcedata/freesurfer/fsaverage/label/lh.BA6_exvivo.thresh.label
srcsubject = fsaverage
trgsubject = sub-v2s9x29165_ses-1
trglabel = ./lh.BA6_exvivo.thresh.label
regmethod = surface

srchemi = lh
trghemi = lh
trgsurface = white
srcsurfreg = sphere.reg
trgsurfreg = sphere.reg
usehash = 1
Use ProjAbs  = 0, 0
Use ProjFrac = 0, 0
DoPaint 0

SUBJECTS_DIR    /out/sourcedata/freesurfer
FREESURFER_HOME /opt/freesurfer
Loading source label.
Found 7035 points in source label.
Starting surface-based mapping
Reading source registration 
 /out/sourcedata/freesurfer/fsaverage/surf/lh.sphere.reg
Rescaling ...  original radius = 100
Reading target surface 
 /out/sourcedata/freesurfer/sub-v2s9x29165_ses-1/surf/lh.white
Reading target registration 
 /out/sourcedata/freesurfer/sub-v2s9x29165_ses-1/surf/lh.sphere.reg
Rescaling ...  original radius = 100
Building target registration hash (res=16).
Building source registration hash (res=16).
INFO: found  7035 nlabel points
Performing mapping from target back to the source label 127927
Number of reverse mapping hits = 43
Checking for and removing duplicates
Writing label file ./lh.BA6_exvivo.thresh.label 7078
mri_label2label: Done


 mri_label2label --srcsubject fsaverage --srclabel /out/sourcedata/freesurfer/fsaverage/label/lh.BA44_exvivo.thresh.label --trgsubject sub-v2s9x29165_ses-1 --trglabel ./lh.BA44_exvivo.thresh.label --hemi lh --regmethod surface 


srclabel = /out/sourcedata/freesurfer/fsaverage/label/lh.BA44_exvivo.thresh.label
srcsubject = fsaverage
trgsubject = sub-v2s9x29165_ses-1
trglabel = ./lh.BA44_exvivo.thresh.label
regmethod = surface

srchemi = lh
trghemi = lh
trgsurface = white
srcsurfreg = sphere.reg
trgsurfreg = sphere.reg
usehash = 1
Use ProjAbs  = 0, 0
Use ProjFrac = 0, 0
DoPaint 0

SUBJECTS_DIR    /out/sourcedata/freesurfer
FREESURFER_HOME /opt/freesurfer
Loading source label.
Found 1912 points in source label.
Starting surface-based mapping
Reading source registration 
 /out/sourcedata/freesurfer/fsaverage/surf/lh.sphere.reg
Rescaling ...  original radius = 100
Reading target surface 
 /out/sourcedata/freesurfer/sub-v2s9x29165_ses-1/surf/lh.white
Reading target registration 
 /out/sourcedata/freesurfer/sub-v2s9x29165_ses-1/surf/lh.sphere.reg
Rescaling ...  original radius = 100
Building target registration hash (res=16).
Building source registration hash (res=16).
INFO: found  1912 nlabel points
Performing mapping from target back to the source label 127927
Number of reverse mapping hits = 17
Checking for and removing duplicates
Writing label file ./lh.BA44_exvivo.thresh.label 1929
mri_label2label: Done


 mri_label2label --srcsubject fsaverage --srclabel /out/sourcedata/freesurfer/fsaverage/label/lh.BA45_exvivo.thresh.label --trgsubject sub-v2s9x29165_ses-1 --trglabel ./lh.BA45_exvivo.thresh.label --hemi lh --regmethod surface 


srclabel = /out/sourcedata/freesurfer/fsaverage/label/lh.BA45_exvivo.thresh.label
srcsubject = fsaverage
trgsubject = sub-v2s9x29165_ses-1
trglabel = ./lh.BA45_exvivo.thresh.label
regmethod = surface

srchemi = lh
trghemi = lh
trgsurface = white
srcsurfreg = sphere.reg
trgsurfreg = sphere.reg
usehash = 1
Use ProjAbs  = 0, 0
Use ProjFrac = 0, 0
DoPaint 0

SUBJECTS_DIR    /out/sourcedata/freesurfer
FREESURFER_HOME /opt/freesurfer
Loading source label.
Found 1151 points in source label.
Starting surface-based mapping
Reading source registration 
 /out/sourcedata/freesurfer/fsaverage/surf/lh.sphere.reg
Rescaling ...  original radius = 100
Reading target surface 
 /out/sourcedata/freesurfer/sub-v2s9x29165_ses-1/surf/lh.white
Reading target registration 
 /out/sourcedata/freesurfer/sub-v2s9x29165_ses-1/surf/lh.sphere.reg
Rescaling ...  original radius = 100
Building target registration hash (res=16).
Building source registration hash (res=16).
INFO: found  1151 nlabel points
Performing mapping from target back to the source label 127927
Number of reverse mapping hits = 321
Checking for and removing duplicates
Writing label file ./lh.BA45_exvivo.thresh.label 1472
mri_label2label: Done


 mri_label2label --srcsubject fsaverage --srclabel /out/sourcedata/freesurfer/fsaverage/label/lh.V1_exvivo.thresh.label --trgsubject sub-v2s9x29165_ses-1 --trglabel ./lh.V1_exvivo.thresh.label --hemi lh --regmethod surface 


srclabel = /out/sourcedata/freesurfer/fsaverage/label/lh.V1_exvivo.thresh.label
srcsubject = fsaverage
trgsubject = sub-v2s9x29165_ses-1
trglabel = ./lh.V1_exvivo.thresh.label
regmethod = surface

srchemi = lh
trghemi = lh
trgsurface = white
srcsurfreg = sphere.reg
trgsurfreg = sphere.reg
usehash = 1
Use ProjAbs  = 0, 0
Use ProjFrac = 0, 0
DoPaint 0

SUBJECTS_DIR    /out/sourcedata/freesurfer
FREESURFER_HOME /opt/freesurfer
Loading source label.
Found 3405 points in source label.
Starting surface-based mapping
Reading source registration 
 /out/sourcedata/freesurfer/fsaverage/surf/lh.sphere.reg
Rescaling ...  original radius = 100
Reading target surface 
 /out/sourcedata/freesurfer/sub-v2s9x29165_ses-1/surf/lh.white
Reading target registration 
 /out/sourcedata/freesurfer/sub-v2s9x29165_ses-1/surf/lh.sphere.reg
Rescaling ...  original radius = 100
Building target registration hash (res=16).
Building source registration hash (res=16).
INFO: found  3405 nlabel points
Performing mapping from target back to the source label 127927
Number of reverse mapping hits = 496
Checking for and removing duplicates
Writing label file ./lh.V1_exvivo.thresh.label 3901
mri_label2label: Done


 mri_label2label --srcsubject fsaverage --srclabel /out/sourcedata/freesurfer/fsaverage/label/lh.V2_exvivo.thresh.label --trgsubject sub-v2s9x29165_ses-1 --trglabel ./lh.V2_exvivo.thresh.label --hemi lh --regmethod surface 


srclabel = /out/sourcedata/freesurfer/fsaverage/label/lh.V2_exvivo.thresh.label
srcsubject = fsaverage
trgsubject = sub-v2s9x29165_ses-1
trglabel = ./lh.V2_exvivo.thresh.label
regmethod = surface

srchemi = lh
trghemi = lh
trgsurface = white
srcsurfreg = sphere.reg
trgsurfreg = sphere.reg
usehash = 1
Use ProjAbs  = 0, 0
Use ProjFrac = 0, 0
DoPaint 0

SUBJECTS_DIR    /out/sourcedata/freesurfer
FREESURFER_HOME /opt/freesurfer
Loading source label.
Found 3334 points in source label.
Starting surface-based mapping
Reading source registration 
 /out/sourcedata/freesurfer/fsaverage/surf/lh.sphere.reg
Rescaling ...  original radius = 100
Reading target surface 
 /out/sourcedata/freesurfer/sub-v2s9x29165_ses-1/surf/lh.white
Reading target registration 
 /out/sourcedata/freesurfer/sub-v2s9x29165_ses-1/surf/lh.sphere.reg
Rescaling ...  original radius = 100
Building target registration hash (res=16).
Building source registration hash (res=16).
INFO: found  3334 nlabel points
Performing mapping from target back to the source label 127927
Number of reverse mapping hits = 704
Checking for and removing duplicates
Writing label file ./lh.V2_exvivo.thresh.label 4038
mri_label2label: Done


 mri_label2label --srcsubject fsaverage --srclabel /out/sourcedata/freesurfer/fsaverage/label/lh.MT_exvivo.thresh.label --trgsubject sub-v2s9x29165_ses-1 --trglabel ./lh.MT_exvivo.thresh.label --hemi lh --regmethod surface 


srclabel = /out/sourcedata/freesurfer/fsaverage/label/lh.MT_exvivo.thresh.label
srcsubject = fsaverage
trgsubject = sub-v2s9x29165_ses-1
trglabel = ./lh.MT_exvivo.thresh.label
regmethod = surface

srchemi = lh
trghemi = lh
trgsurface = white
srcsurfreg = sphere.reg
trgsurfreg = sphere.reg
usehash = 1
Use ProjAbs  = 0, 0
Use ProjFrac = 0, 0
DoPaint 0

SUBJECTS_DIR    /out/sourcedata/freesurfer
FREESURFER_HOME /opt/freesurfer
Loading source label.
Found 513 points in source label.
Starting surface-based mapping
Reading source registration 
 /out/sourcedata/freesurfer/fsaverage/surf/lh.sphere.reg
Rescaling ...  original radius = 100
Reading target surface 
 /out/sourcedata/freesurfer/sub-v2s9x29165_ses-1/surf/lh.white
Reading target registration 
 /out/sourcedata/freesurfer/sub-v2s9x29165_ses-1/surf/lh.sphere.reg
Rescaling ...  original radius = 100
Building target registration hash (res=16).
Building source registration hash (res=16).
INFO: found  513 nlabel points
Performing mapping from target back to the source label 127927
Number of reverse mapping hits = 102
Checking for and removing duplicates
Writing label file ./lh.MT_exvivo.thresh.label 615
mri_label2label: Done


 mri_label2label --srcsubject fsaverage --srclabel /out/sourcedata/freesurfer/fsaverage/label/lh.entorhinal_exvivo.thresh.label --trgsubject sub-v2s9x29165_ses-1 --trglabel ./lh.entorhinal_exvivo.thresh.label --hemi lh --regmethod surface 


srclabel = /out/sourcedata/freesurfer/fsaverage/label/lh.entorhinal_exvivo.thresh.label
srcsubject = fsaverage
trgsubject = sub-v2s9x29165_ses-1
trglabel = ./lh.entorhinal_exvivo.thresh.label
regmethod = surface

srchemi = lh
trghemi = lh
trgsurface = white
srcsurfreg = sphere.reg
trgsurfreg = sphere.reg
usehash = 1
Use ProjAbs  = 0, 0
Use ProjFrac = 0, 0
DoPaint 0

SUBJECTS_DIR    /out/sourcedata/freesurfer
FREESURFER_HOME /opt/freesurfer
Loading source label.
Found 470 points in source label.
Starting surface-based mapping
Reading source registration 
 /out/sourcedata/freesurfer/fsaverage/surf/lh.sphere.reg
Rescaling ...  original radius = 100
Reading target surface 
 /out/sourcedata/freesurfer/sub-v2s9x29165_ses-1/surf/lh.white
Reading target registration 
 /out/sourcedata/freesurfer/sub-v2s9x29165_ses-1/surf/lh.sphere.reg
Rescaling ...  original radius = 100
Building target registration hash (res=16).
Building source registration hash (res=16).
INFO: found  470 nlabel points
Performing mapping from target back to the source label 127927
Number of reverse mapping hits = 31
Checking for and removing duplicates
Writing label file ./lh.entorhinal_exvivo.thresh.label 501
mri_label2label: Done


 mri_label2label --srcsubject fsaverage --srclabel /out/sourcedata/freesurfer/fsaverage/label/lh.perirhinal_exvivo.thresh.label --trgsubject sub-v2s9x29165_ses-1 --trglabel ./lh.perirhinal_exvivo.thresh.label --hemi lh --regmethod surface 


srclabel = /out/sourcedata/freesurfer/fsaverage/label/lh.perirhinal_exvivo.thresh.label
srcsubject = fsaverage
trgsubject = sub-v2s9x29165_ses-1
trglabel = ./lh.perirhinal_exvivo.thresh.label
regmethod = surface

srchemi = lh
trghemi = lh
trgsurface = white
srcsurfreg = sphere.reg
trgsurfreg = sphere.reg
usehash = 1
Use ProjAbs  = 0, 0
Use ProjFrac = 0, 0
DoPaint 0

SUBJECTS_DIR    /out/sourcedata/freesurfer
FREESURFER_HOME /opt/freesurfer
Loading source label.
Found 450 points in source label.
Starting surface-based mapping
Reading source registration 
 /out/sourcedata/freesurfer/fsaverage/surf/lh.sphere.reg
Rescaling ...  original radius = 100
Reading target surface 
 /out/sourcedata/freesurfer/sub-v2s9x29165_ses-1/surf/lh.white
Reading target registration 
 /out/sourcedata/freesurfer/sub-v2s9x29165_ses-1/surf/lh.sphere.reg
Rescaling ...  original radius = 100
Building target registration hash (res=16).
Building source registration hash (res=16).
INFO: found  450 nlabel points
Performing mapping from target back to the source label 127927
Number of reverse mapping hits = 35
Checking for and removing duplicates
Writing label file ./lh.perirhinal_exvivo.thresh.label 485
mri_label2label: Done


 mris_label2annot --s sub-v2s9x29165_ses-1 --hemi lh --ctab /opt/freesurfer/average/colortable_BA.txt --l lh.BA1_exvivo.label --l lh.BA2_exvivo.label --l lh.BA3a_exvivo.label --l lh.BA3b_exvivo.label --l lh.BA4a_exvivo.label --l lh.BA4p_exvivo.label --l lh.BA6_exvivo.label --l lh.BA44_exvivo.label --l lh.BA45_exvivo.label --l lh.V1_exvivo.label --l lh.V2_exvivo.label --l lh.MT_exvivo.label --l lh.perirhinal_exvivo.label --l lh.entorhinal_exvivo.label --a BA_exvivo --maxstatwinner --noverbose 

Reading ctab /opt/freesurfer/average/colortable_BA.txt
Number of ctab entries 15

7.3.2
cwd /out/sourcedata/freesurfer/sub-v2s9x29165_ses-1/label
cmdline mris_label2annot --s sub-v2s9x29165_ses-1 --hemi lh --ctab /opt/freesurfer/average/colortable_BA.txt --l lh.BA1_exvivo.label --l lh.BA2_exvivo.label --l lh.BA3a_exvivo.label --l lh.BA3b_exvivo.label --l lh.BA4a_exvivo.label --l lh.BA4p_exvivo.label --l lh.BA6_exvivo.label --l lh.BA44_exvivo.label --l lh.BA45_exvivo.label --l lh.V1_exvivo.label --l lh.V2_exvivo.label --l lh.MT_exvivo.label --l lh.perirhinal_exvivo.label --l lh.entorhinal_exvivo.label --a BA_exvivo --maxstatwinner --noverbose 
sysname  Linux
hostname dna076
machine  x86_64
user     oesteban

subject sub-v2s9x29165_ses-1
hemi    lh
SUBJECTS_DIR /out/sourcedata/freesurfer
ColorTable /opt/freesurfer/average/colortable_BA.txt
AnnotName  BA_exvivo
nlables 14
LabelThresh 0 0.000000
Loading /out/sourcedata/freesurfer/sub-v2s9x29165_ses-1/surf/lh.orig
 1 1530880 BA1_exvivo
 2 16749699 BA2_exvivo
 3 16711680 BA3a_exvivo
 4 3368703 BA3b_exvivo
 5 1376196 BA4a_exvivo
 6 13382655 BA4p_exvivo
 7 10036737 BA6_exvivo
 8 2490521 BA44_exvivo
 9 39283 BA45_exvivo
10 3993 V1_exvivo
11 8508928 V2_exvivo
12 10027163 MT_exvivo
13 16422433 perirhinal_exvivo
14 16392598 entorhinal_exvivo
Mapping unhit to unknown
Found 90998 unhit vertices
Writing annot to /out/sourcedata/freesurfer/sub-v2s9x29165_ses-1/label/lh.BA_exvivo.annot

 mris_label2annot --s sub-v2s9x29165_ses-1 --hemi lh --ctab /opt/freesurfer/average/colortable_BA.txt --l lh.BA1_exvivo.thresh.label --l lh.BA2_exvivo.thresh.label --l lh.BA3a_exvivo.thresh.label --l lh.BA3b_exvivo.thresh.label --l lh.BA4a_exvivo.thresh.label --l lh.BA4p_exvivo.thresh.label --l lh.BA6_exvivo.thresh.label --l lh.BA44_exvivo.thresh.label --l lh.BA45_exvivo.thresh.label --l lh.V1_exvivo.thresh.label --l lh.V2_exvivo.thresh.label --l lh.MT_exvivo.thresh.label --l lh.perirhinal_exvivo.thresh.label --l lh.entorhinal_exvivo.thresh.label --a BA_exvivo.thresh --maxstatwinner --noverbose 

Reading ctab /opt/freesurfer/average/colortable_BA.txt
Number of ctab entries 15

7.3.2
cwd /out/sourcedata/freesurfer/sub-v2s9x29165_ses-1/label
cmdline mris_label2annot --s sub-v2s9x29165_ses-1 --hemi lh --ctab /opt/freesurfer/average/colortable_BA.txt --l lh.BA1_exvivo.thresh.label --l lh.BA2_exvivo.thresh.label --l lh.BA3a_exvivo.thresh.label --l lh.BA3b_exvivo.thresh.label --l lh.BA4a_exvivo.thresh.label --l lh.BA4p_exvivo.thresh.label --l lh.BA6_exvivo.thresh.label --l lh.BA44_exvivo.thresh.label --l lh.BA45_exvivo.thresh.label --l lh.V1_exvivo.thresh.label --l lh.V2_exvivo.thresh.label --l lh.MT_exvivo.thresh.label --l lh.perirhinal_exvivo.thresh.label --l lh.entorhinal_exvivo.thresh.label --a BA_exvivo.thresh --maxstatwinner --noverbose 
sysname  Linux
hostname dna076
machine  x86_64
user     oesteban

subject sub-v2s9x29165_ses-1
hemi    lh
SUBJECTS_DIR /out/sourcedata/freesurfer
ColorTable /opt/freesurfer/average/colortable_BA.txt
AnnotName  BA_exvivo.thresh
nlables 14
LabelThresh 0 0.000000
Loading /out/sourcedata/freesurfer/sub-v2s9x29165_ses-1/surf/lh.orig
 1 1530880 BA1_exvivo
 2 16749699 BA2_exvivo
 3 16711680 BA3a_exvivo
 4 3368703 BA3b_exvivo
 5 1376196 BA4a_exvivo
 6 13382655 BA4p_exvivo
 7 10036737 BA6_exvivo
 8 2490521 BA44_exvivo
 9 39283 BA45_exvivo
10 3993 V1_exvivo
11 8508928 V2_exvivo
12 10027163 MT_exvivo
13 16422433 perirhinal_exvivo
14 16392598 entorhinal_exvivo
Mapping unhit to unknown
Found 106990 unhit vertices
Writing annot to /out/sourcedata/freesurfer/sub-v2s9x29165_ses-1/label/lh.BA_exvivo.thresh.annot

 mris_anatomical_stats -th3 -mgz -noglobal -f ../stats/lh.BA_exvivo.stats -b -a ./lh.BA_exvivo.annot -c ./BA_exvivo.ctab sub-v2s9x29165_ses-1 lh white 

computing statistics for each annotation in ./lh.BA_exvivo.annot.
reading volume /out/sourcedata/freesurfer/sub-v2s9x29165_ses-1/mri/wm.mgz...
reading input surface /out/sourcedata/freesurfer/sub-v2s9x29165_ses-1/surf/lh.white...
reading input pial surface /out/sourcedata/freesurfer/sub-v2s9x29165_ses-1/surf/lh.pial...
reading input white surface /out/sourcedata/freesurfer/sub-v2s9x29165_ses-1/surf/lh.white...
INFO: using TH3 volume calc
INFO: assuming MGZ format for volumes.
INFO: not computing global stats
Using TH3 vertex volume calc
Total face volume 263238
Total vertex volume 263053 (mask=0)
Saving annotation colortable ./BA_exvivo.ctab

table columns are:
    number of vertices
    total surface area (mm^2)
    total gray matter volume (mm^3)
    average cortical thickness +- standard deviation (mm)
    integrated rectified mean curvature
    integrated rectified Gaussian curvature
    folding index
    intrinsic curvature index
    structure name

 1000    695   1825  1.977 0.709     0.136     0.033       13     1.4  BA1_exvivo
 3608   2462   6583  2.492 0.648     0.101     0.017       32     2.5  BA2_exvivo
  866    568    849  2.091 0.414     0.129     0.027        7     0.8  BA3a_exvivo
 2024   1406   3100  1.993 0.834     0.099     0.018       18     1.5  BA3b_exvivo
 1391    898   3402  3.149 0.515     0.090     0.015        8     0.8  BA4a_exvivo
  992    688   1611  2.523 0.562     0.097     0.020        4     1.0  BA4p_exvivo
 7540   5317  20429  3.185 0.600     0.112     0.021       67     6.6  BA6_exvivo
 1935   1310   4255  2.831 0.713     0.101     0.018       15     1.3  BA44_exvivo
 3545   2567   8194  2.796 0.568     0.117     0.025       35     3.2  BA45_exvivo
 3213   2357   4171  1.882 0.604     0.133     0.032       38     4.4  V1_exvivo
 7293   5403  13010  2.236 0.624     0.147     0.036      106    10.4  V2_exvivo
 2235   1570   4356  2.637 0.467     0.116     0.020       18     2.0  MT_exvivo
  672    522   2558  3.517 0.801     0.139     0.035       10     0.8  perirhinal_exvivo
  615    404   1665  2.965 1.237     0.114     0.030       11     0.8  entorhinal_exvivo

 mris_anatomical_stats -th3 -mgz -f ../stats/lh.BA_exvivo.thresh.stats -noglobal -b -a ./lh.BA_exvivo.thresh.annot -c ./BA_exvivo.thresh.ctab sub-v2s9x29165_ses-1 lh white 

computing statistics for each annotation in ./lh.BA_exvivo.thresh.annot.
reading volume /out/sourcedata/freesurfer/sub-v2s9x29165_ses-1/mri/wm.mgz...
reading input surface /out/sourcedata/freesurfer/sub-v2s9x29165_ses-1/surf/lh.white...
reading input pial surface /out/sourcedata/freesurfer/sub-v2s9x29165_ses-1/surf/lh.pial...
reading input white surface /out/sourcedata/freesurfer/sub-v2s9x29165_ses-1/surf/lh.white...
INFO: using TH3 volume calc
INFO: assuming MGZ format for volumes.
INFO: not computing global stats
Using TH3 vertex volume calc
Total face volume 263238
Total vertex volume 263053 (mask=0)
Saving annotation colortable ./BA_exvivo.thresh.ctab

table columns are:
    number of vertices
    total surface area (mm^2)
    total gray matter volume (mm^3)
    average cortical thickness +- standard deviation (mm)
    integrated rectified mean curvature
    integrated rectified Gaussian curvature
    folding index
    intrinsic curvature index
    structure name

  642    473   1235  1.971 0.569     0.163     0.037       11     1.2  BA1_exvivo
 1350    926   2104  2.181 0.625     0.092     0.016        8     0.8  BA2_exvivo
  721    471    658  2.039 0.378     0.136     0.029        6     0.7  BA3a_exvivo
 1218    829   1298  1.510 0.337     0.077     0.011        5     0.6  BA3b_exvivo
 1307    839   3006  3.126 0.528     0.082     0.013        5     0.7  BA4a_exvivo
  822    571   1299  2.463 0.547     0.106     0.023        5     0.9  BA4p_exvivo
 4026   2823  11004  3.194 0.554     0.114     0.021       37     3.6  BA6_exvivo
 1228    839   2847  2.771 0.820     0.102     0.018       10     0.8  BA44_exvivo
 1372   1039   3796  2.863 0.567     0.127     0.026       16     1.3  BA45_exvivo
 3393   2497   4418  1.865 0.604     0.134     0.033       42     4.8  V1_exvivo
 3599   2761   6036  2.086 0.616     0.157     0.037       55     5.6  V2_exvivo
  569    430   1388  2.696 0.541     0.137     0.025        6     0.7  MT_exvivo
  309    226   1150  3.759 0.713     0.130     0.031        4     0.4  perirhinal_exvivo
  381    260   1194  3.526 0.814     0.096     0.016        2     0.3  entorhinal_exvivo

Started at Sat Mar 14 12:29:31 CET 2026 
Ended   at Sat Mar 14 12:31:42 CET 2026
#@#%# recon-all-run-time-hours 0.036
recon-all -s sub-v2s9x29165_ses-1 finished without error at Sat Mar 14 12:31:42 CET 2026
