global_signal	global_signal_derivative1	global_signal_derivative1_power2	global_signal_power2	csf	csf_derivative1	csf_power2	csf_derivative1_power2	white_matter	white_matter_derivative1	white_matter_derivative1_power2	white_matter_power2	csf_wm	tcompcor	std_dvars	dvars	framewise_displacement	rmsd	t_comp_cor_00	t_comp_cor_01	t_comp_cor_02	c_comp_cor_00	c_comp_cor_01	c_comp_cor_02	c_comp_cor_03	c_comp_cor_04	c_comp_cor_05	c_comp_cor_06	c_comp_cor_07	c_comp_cor_08	c_comp_cor_09	c_comp_cor_10	c_comp_cor_11	c_comp_cor_12	c_comp_cor_13	w_comp_cor_00	w_comp_cor_01	w_comp_cor_02	w_comp_cor_03	w_comp_cor_04	w_comp_cor_05	w_comp_cor_06	w_comp_cor_07	w_comp_cor_08	w_comp_cor_09	w_comp_cor_10	w_comp_cor_11	w_comp_cor_12	w_comp_cor_13	w_comp_cor_14	w_comp_cor_15	w_comp_cor_16	w_comp_cor_17	w_comp_cor_18	w_comp_cor_19	w_comp_cor_20	w_comp_cor_21	w_comp_cor_22	w_comp_cor_23	w_comp_cor_24	w_comp_cor_25	w_comp_cor_26	w_comp_cor_27	w_comp_cor_28	w_comp_cor_29	w_comp_cor_30	w_comp_cor_31	w_comp_cor_32	w_comp_cor_33	w_comp_cor_34	w_comp_cor_35	w_comp_cor_36	w_comp_cor_37	w_comp_cor_38	w_comp_cor_39	w_comp_cor_40	w_comp_cor_41	w_comp_cor_42	w_comp_cor_43	w_comp_cor_44	w_comp_cor_45	w_comp_cor_46	w_comp_cor_47	w_comp_cor_48	w_comp_cor_49	w_comp_cor_50	w_comp_cor_51	w_comp_cor_52	w_comp_cor_53	w_comp_cor_54	w_comp_cor_55	w_comp_cor_56	a_comp_cor_00	a_comp_cor_01	a_comp_cor_02	a_comp_cor_03	a_comp_cor_04	a_comp_cor_05	a_comp_cor_06	a_comp_cor_07	a_comp_cor_08	a_comp_cor_09	a_comp_cor_10	a_comp_cor_11	a_comp_cor_12	a_comp_cor_13	a_comp_cor_14	a_comp_cor_15	a_comp_cor_16	a_comp_cor_17	a_comp_cor_18	a_comp_cor_19	a_comp_cor_20	a_comp_cor_21	a_comp_cor_22	a_comp_cor_23	a_comp_cor_24	a_comp_cor_25	a_comp_cor_26	a_comp_cor_27	a_comp_cor_28	a_comp_cor_29	a_comp_cor_30	a_comp_cor_31	a_comp_cor_32	a_comp_cor_33	a_comp_cor_34	a_comp_cor_35	a_comp_cor_36	a_comp_cor_37	a_comp_cor_38	a_comp_cor_39	a_comp_cor_40	a_comp_cor_41	a_comp_cor_42	a_comp_cor_43	a_comp_cor_44	a_comp_cor_45	a_comp_cor_46	a_comp_cor_47	a_comp_cor_48	a_comp_cor_49	a_comp_cor_50	a_comp_cor_51	a_comp_cor_52	a_comp_cor_53	a_comp_cor_54	a_comp_cor_55	a_comp_cor_56	edge_comp_00	edge_comp_01	edge_comp_02	edge_comp_03	edge_comp_04	edge_comp_05	edge_comp_06	edge_comp_07	edge_comp_08	edge_comp_09	edge_comp_10	edge_comp_11	edge_comp_12	edge_comp_13	edge_comp_14	edge_comp_15	edge_comp_16	edge_comp_17	edge_comp_18	edge_comp_19	edge_comp_20	edge_comp_21	edge_comp_22	edge_comp_23	cosine00	cosine01	cosine02	cosine03	non_steady_state_outlier00	non_steady_state_outlier01	non_steady_state_outlier02	non_steady_state_outlier03	trans_x	trans_x_derivative1	trans_x_derivative1_power2	trans_x_power2	trans_y	trans_y_derivative1	trans_y_derivative1_power2	trans_y_power2	trans_z	trans_z_derivative1	trans_z_derivative1_power2	trans_z_power2	rot_x	rot_x_derivative1	rot_x_power2	rot_x_derivative1_power2	rot_y	rot_y_derivative1	rot_y_derivative1_power2	rot_y_power2	rot_z	rot_z_derivative1	rot_z_power2	rot_z_derivative1_power2	motion_outlier00	motion_outlier01	motion_outlier02	motion_outlier03
76.32929790274437	n/a	n/a	5826.161718325897	123.9794555921011	n/a	15370.90540891377	n/a	68.51973960208716	n/a	n/a	4694.954715137831	73.08707958836884	63.98349624913552	n/a	n/a	n/a	n/a	0.0	0.0	0.0	0.0	0.0	0.0	0.0	0.0	0.0	0.0	0.0	0.0	0.0	0.0	0.0	0.0	0.0	0.0	0.0	0.0	0.0	0.0	0.0	0.0	0.0	0.0	0.0	0.0	0.0	0.0	0.0	0.0	0.0	0.0	0.0	0.0	0.0	0.0	0.0	0.0	0.0	0.0	0.0	0.0	0.0	0.0	0.0	0.0	0.0	0.0	0.0	0.0	0.0	0.0	0.0	0.0	0.0	0.0	0.0	0.0	0.0	0.0	0.0	0.0	0.0	0.0	0.0	0.0	0.0	0.0	0.0	0.0	0.0	0.0	0.0	0.0	0.0	0.0	0.0	0.0	0.0	0.0	0.0	0.0	0.0	0.0	0.0	0.0	0.0	0.0	0.0	0.0	0.0	0.0	0.0	0.0	0.0	0.0	0.0	0.0	0.0	0.0	0.0	0.0	0.0	0.0	0.0	0.0	0.0	0.0	0.0	0.0	0.0	0.0	0.0	0.0	0.0	0.0	0.0	0.0	0.0	0.0	0.0	0.0	0.0	0.0	0.0	0.0	0.0	0.0	0.0	0.0	0.0	0.0	0.0	0.0	0.0	0.0	0.0	0.0	0.0	0.0	0.0	0.0	0.0	0.0	0.0	0.0	0.0	0.0	0.0	0.0	0.0	0.0	0.0	0.0	0.0	0.0	0.0	1.0	0.0	0.0	0.0	-0.0145190563049766	n/a	n/a	0.000210802995987	-0.1247801410077329	n/a	n/a	0.0155700835899097	-0.1318789070601553	n/a	n/a	0.017392046127381	-0.0026232673300931	n/a	6.88153148513378e-06	n/a	-0.0048193498058735	n/a	n/a	2.3226132551372945e-05	-0.0005188249217802	n/a	2.691792994602307e-07	n/a	0.0	0.0	0.0	0.0
57.269009050768375	-19.060288851976	363.29461112076046	3279.73939765699	73.28251227937214	-50.69694331272896	5370.326605976329	2570.1800612540537	55.46505376080561	-13.054685841281549	170.4248224145569	3076.3721886890567	57.00336291727312	46.85658601529337	10.945814	375.402588	1.0068872964758664	0.4738726064034889	0.0	0.0	0.0	0.0	0.0	0.0	0.0	0.0	0.0	0.0	0.0	0.0	0.0	0.0	0.0	0.0	0.0	0.0	0.0	0.0	0.0	0.0	0.0	0.0	0.0	0.0	0.0	0.0	0.0	0.0	0.0	0.0	0.0	0.0	0.0	0.0	0.0	0.0	0.0	0.0	0.0	0.0	0.0	0.0	0.0	0.0	0.0	0.0	0.0	0.0	0.0	0.0	0.0	0.0	0.0	0.0	0.0	0.0	0.0	0.0	0.0	0.0	0.0	0.0	0.0	0.0	0.0	0.0	0.0	0.0	0.0	0.0	0.0	0.0	0.0	0.0	0.0	0.0	0.0	0.0	0.0	0.0	0.0	0.0	0.0	0.0	0.0	0.0	0.0	0.0	0.0	0.0	0.0	0.0	0.0	0.0	0.0	0.0	0.0	0.0	0.0	0.0	0.0	0.0	0.0	0.0	0.0	0.0	0.0	0.0	0.0	0.0	0.0	0.0	0.0	0.0	0.0	0.0	0.0	0.0	0.0	0.0	0.0	0.0	0.0	0.0	0.0	0.0	0.0	0.0	0.0	0.0	0.0	0.0	0.0	0.0	0.0	0.0	0.0	0.0	0.0	0.0	0.0	0.0	0.0	0.0	0.0	0.0	0.0	0.0	0.0	0.0	0.0	0.0	0.0	0.0	0.0	0.0	0.0	0.0	1.0	0.0	0.0	-0.0478632454727687	-0.033344189167792	0.0011118349512575	0.0022908902671865	0.0490797833039238	0.1738599243116567	0.0302272732816549	0.0024088251291601	0.1107833910971223	0.2426622981572775	0.0588849909469714	0.0122729597429779	0.0011162057554878	0.0037394730855809	1.2459152885840904e-06	1.3983658957783938e-05	0.0003429604295244	0.0051623102353979	2.664944696649393e-05	1.1762185621956093e-07	0.0017198094540238	0.002238634375804	2.957744558149641e-06	5.0114838685313655e-06	1.0	0.0	0.0	0.0
55.85769886552247	-1.4113101852459025	1.9917964389788236	3120.0825225513904	65.71966616971505	-7.562846109657087	4319.07452145879	57.196641278355344	55.0146755772596	-0.4503781835460074	0.2028405082142012	3026.614528871124	55.95346156366344	44.514444505279	1.444732	49.549175	0.2262371121330324	0.1103083484781527	0.0	0.0	0.0	0.0	0.0	0.0	0.0	0.0	0.0	0.0	0.0	0.0	0.0	0.0	0.0	0.0	0.0	0.0	0.0	0.0	0.0	0.0	0.0	0.0	0.0	0.0	0.0	0.0	0.0	0.0	0.0	0.0	0.0	0.0	0.0	0.0	0.0	0.0	0.0	0.0	0.0	0.0	0.0	0.0	0.0	0.0	0.0	0.0	0.0	0.0	0.0	0.0	0.0	0.0	0.0	0.0	0.0	0.0	0.0	0.0	0.0	0.0	0.0	0.0	0.0	0.0	0.0	0.0	0.0	0.0	0.0	0.0	0.0	0.0	0.0	0.0	0.0	0.0	0.0	0.0	0.0	0.0	0.0	0.0	0.0	0.0	0.0	0.0	0.0	0.0	0.0	0.0	0.0	0.0	0.0	0.0	0.0	0.0	0.0	0.0	0.0	0.0	0.0	0.0	0.0	0.0	0.0	0.0	0.0	0.0	0.0	0.0	0.0	0.0	0.0	0.0	0.0	0.0	0.0	0.0	0.0	0.0	0.0	0.0	0.0	0.0	0.0	0.0	0.0	0.0	0.0	0.0	0.0	0.0	0.0	0.0	0.0	0.0	0.0	0.0	0.0	0.0	0.0	0.0	0.0	0.0	0.0	0.0	0.0	0.0	0.0	0.0	0.0	0.0	0.0	0.0	0.0	0.0	0.0	0.0	0.0	1.0	0.0	-0.0231040676689957	0.0247591778037729	0.0006130168855188	0.0005337979428535	0.1384761448226896	0.0893963615187658	0.0079917094527938	0.0191756426849545	0.1506112768428309	0.0398278857457086	0.0015862604829732	0.0226837567122278	0.0013616357340063	0.0002454299785184	1.8540518721228751e-06	6.02358743555913e-08	0.0012299587781985	0.0008869983486741	7.867660705505802e-07	1.5127985960675468e-06	0.0014071640399207	-0.000312645414103	1.9801106352459454e-06	9.774715495969886e-08	0.0	0.0	0.0	0.0
55.48064892455498	-0.3770499409674954	0.1421666579835918	3078.102405089723	63.72906071657962	-1.990605453135437	4061.3931798174913	3.962510070052539	54.955101197880296	-0.0595743793793062	0.0035491066784295	3020.0631476692643	55.76556773073892	43.60032921071687	1.086592	37.266251	0.3186422479559585	0.1993570103601913	0.0	0.0	0.0	0.0	0.0	0.0	0.0	0.0	0.0	0.0	0.0	0.0	0.0	0.0	0.0	0.0	0.0	0.0	0.0	0.0	0.0	0.0	0.0	0.0	0.0	0.0	0.0	0.0	0.0	0.0	0.0	0.0	0.0	0.0	0.0	0.0	0.0	0.0	0.0	0.0	0.0	0.0	0.0	0.0	0.0	0.0	0.0	0.0	0.0	0.0	0.0	0.0	0.0	0.0	0.0	0.0	0.0	0.0	0.0	0.0	0.0	0.0	0.0	0.0	0.0	0.0	0.0	0.0	0.0	0.0	0.0	0.0	0.0	0.0	0.0	0.0	0.0	0.0	0.0	0.0	0.0	0.0	0.0	0.0	0.0	0.0	0.0	0.0	0.0	0.0	0.0	0.0	0.0	0.0	0.0	0.0	0.0	0.0	0.0	0.0	0.0	0.0	0.0	0.0	0.0	0.0	0.0	0.0	0.0	0.0	0.0	0.0	0.0	0.0	0.0	0.0	0.0	0.0	0.0	0.0	0.0	0.0	0.0	0.0	0.0	0.0	0.0	0.0	0.0	0.0	0.0	0.0	0.0	0.0	0.0	0.0	0.0	0.0	0.0	0.0	0.0	0.0	0.0	0.0	0.0	0.0	0.0	0.0	0.0	0.0	0.0	0.0	0.0	0.0	0.0	0.0	0.0	0.0	0.0	0.0	0.0	0.0	1.0	-0.0481797240758368	-0.0250756564068411	0.0006287885442339	0.0023212858120237	0.1107363047840692	-0.0277398400386204	0.0007694987253682	0.0122625291972302	0.336690647794498	0.186079370951667	0.0346255322937681	0.1133605923122786	0.0010997931354557	-0.0002618425985505	1.2095449407954798e-06	6.856154641573062e-08	0.0006368674264796	-0.0005930913517189	3.51757351483752e-07	4.0560011891074876e-07	0.0006671503790136	-0.0007400136609071	4.450896282179903e-07	5.476202183291283e-07	0.0	0.0	0.0	0.0
55.1873203593108	-0.2933285652441739	0.0860416471882056	3045.640328441201	63.474791022780025	-0.2542696937995927	4029.049095385596	0.0646530771849386	54.93481606566928	-0.0202851322110149	0.0004114865888183	3017.834016168916	55.70019786376519	43.13251650900165	1.088158	37.319958	0.2989395996674124	0.168478136380126	-0.0684002358	-0.0541245718	0.1275851376	0.0443081571	0.1040139241	0.0484679149	-0.1631513089	0.049157197	-0.0390129262	0.0389747678	-0.0514475837	0.0599415406	-0.0742230406	0.0763381773	-0.0884706687	0.0067429098	-0.0281804148	-0.1233506464	-0.00749424	0.0811912987	-0.0383292713	0.0165234265	-0.0310282939	0.0349030496	-0.1066037982	0.0161486772	-0.0444113827	0.0106683938	-0.0347065646	0.071772652	-0.0725259381	0.0691418485	-0.1291295526	0.0099087892	-0.0368920718	0.1425306168	-0.0484066773	0.0064935963	-0.0935410639	0.0078989578	-0.0854932554	-0.1290102797	0.1374501553	-0.0127414583	0.0404624109	-0.1092441295	0.0990873248	0.0523487554	-0.0708532494	0.0199135	0.0375468696	-0.0669323428	-0.0241912135	0.0415813764	0.0654405783	-0.0761054937	0.0280945467	0.0041094802	0.0711543888	-0.0920811805	0.0324277438	0.0164399606	0.1751121229	-0.0011745186	-0.0180281777	-0.0751270351	0.0132437114	0.0949127234	-0.0872380139	-0.0641761269	-0.0416897879	0.0559274525	0.0171467341	0.0006539679	-0.0364607332	0.0659813483	-0.1517786101	0.1089788199	-0.0631599641	0.038810427	-0.019855247	0.0329072133	-0.0107105971	0.0784541591	-0.0881261367	0.0167874504	-0.0399055728	0.0013811021	-5.71578e-05	0.0332679319	-0.1083035317	0.0355154607	-0.0384378061	0.1436792897	-0.0354165213	0.0812231332	-0.1140500414	0.015959561	-0.0541625035	0.014977551	-0.1714412697	0.1212146014	0.0120515851	-0.0428398175	0.143160694	-0.0352736506	-0.0602295207	0.1013779215	0.0083614247	-0.0286060296	-0.0931488857	0.0558010492	-0.0428923783	-0.0384865095	-0.0667564575	0.0288051312	0.0198737225	-0.0729471532	-0.0056342283	0.0157752874	0.027614739	0.1002787157	-0.0425581582	-0.1149099559	0.0848569199	0.0536379033	-0.0248573486	-0.1219846545	0.037976505	0.094255545	0.0541823674	-0.0668266513	0.0310421848	0.0923613443	0.069839576	-0.0527375955	0.1207640436	-0.010683346	0.0462054056	-0.1624825262	0.0587864914	0.0156208915	-0.0547174275	0.2246533546	-0.1918113019	0.0832378	-0.022485294	0.2412415066	-0.0841876531	0.0310478563	-0.1644117288	0.0473059088	-0.0725811593	0.0187367655	-0.2938932679	0.1065961126	0.1065833761	0.1065621497	0.1065324352	0.0	0.0	0.0	0.0	-0.0772187834935067	-0.0290390594176699	0.0008432669718629	0.005962740524217	0.0455580024467821	-0.0651783023372871	0.0042482110955708	0.002075531586941	0.4648447448720034	0.1281540970775054	0.0164234725977506	0.2160806368351179	-0.0001947207209458	-0.0012945138564015	3.7916159165652124e-08	1.6757661244154837e-06	0.0005439211297162	-9.29462967634e-05	8.639014082030019e-09	2.958501953517472e-07	0.0008110530425477	0.000143902663534	6.578070378258812e-07	2.070797657220838e-08	0.0	0.0	0.0	0.0
55.0684280976356	-0.1188922616751995	0.0141353698862441	3032.5317731444625	63.30014896392822	-0.174642058851802	4006.9088588555032	0.0304998487199962	54.836510244472514	-0.0983058211967673	0.0096640344811707	3007.042855792139	55.60980459943933	42.750024106271695	0.988858	33.914318	0.0429523151612982	0.0252099456222394	-0.0617109586	-0.0695586962	-0.0120648813	-0.1008207637	0.0186784848	-0.0759072898	-0.0830125938	0.1174195697	-0.0301436421	0.0569184937	-0.1107845078	0.0295539952	0.0216280798	-0.0346098134	-0.0794419222	-0.0754447666	0.0517124589	-0.0604236946	0.0608488396	-0.0554976779	0.038059796	0.0483342196	0.117703497	-0.0604627355	-0.0539881069	0.1344373564	0.1114958182	-0.0446536779	0.047100605	0.0897284026	0.0170741355	0.0675760405	-0.0353703227	0.1019409126	0.0256928887	-0.1834025898	-0.0443239135	-0.2040276215	-0.0026873694	-0.0363065366	0.1193749002	-0.0086217461	0.0913139395	-0.0625121319	0.0028532593	0.0424197407	0.0690124797	0.114295275	0.0470177985	0.0407632442	0.0798123521	0.1087425843	-0.053697256	-0.0284967812	0.0915092412	0.0663991426	0.065551221	0.1034163435	-0.0859074489	-0.0082704323	-0.0156788134	0.0173909126	0.0780826988	0.0790195666	0.0158382474	0.0075470351	0.0896922212	0.1549605618	0.1270477467	0.0253958707	-0.0700252376	-0.1914439058	0.0079548847	-0.1583722644	0.0134829463	0.0954817584	-0.017919237	0.0892200976	-0.0129441109	-0.0235980894	-0.0037954122	0.0882736564	-0.0703810713	-0.0418402068	0.0506974339	-0.0852224147	-0.20838027	0.0037312422	0.0755470913	-0.0695503887	0.0174293284	-0.0169660025	-0.1536271657	-0.0620643669	0.0305197372	0.1063303043	0.0404903098	0.1786813123	-0.0027095061	0.0228595001	-0.0967682358	-0.0217746176	-0.0306333715	-0.0152589249	-0.1511785455	-0.0632346997	-0.1368738539	-0.0782312742	0.0376299433	-0.0267812039	0.132873496	0.0849937297	-0.0640507052	-0.0860270741	-0.0405515129	-0.0343083993	0.1025063476	-0.1576064942	0.1447399554	-0.0182554861	-0.0275864746	-0.0867393586	0.1335925712	-0.0090011	-0.0048800066	-0.0108069397	-0.1117720441	-0.0889294242	0.1253874283	-0.0556529216	0.0866346987	-0.0754590443	0.0660608586	0.0006141524	0.0814876296	0.0904447945	0.0340728744	0.0290183798	-0.0091237375	-0.2061879978	0.042324284	0.0398473972	-0.2004517175	0.1211135648	-0.1287671565	-0.0135870472	-0.1967280675	0.1752500846	0.048483928	-0.0484962403	0.1316370531	0.0042398446	0.1532930227	-0.0028840919	-0.168150415	0.1065621497	0.1064475517	0.1062566463	0.1059895703	0.0	0.0	0.0	0.0	-0.077072276315306	0.0001465071782007	2.146435326433408e-08	0.0059401357764228	0.0406797093502717	-0.0048782930965103	2.3797743535460987e-05	0.0016548387528225	0.4587299786463532	-0.0061147662256502	3.739036599435257e-05	0.2104331933088836	1.7394738091339434e-05	0.0002121154590371	3.02576913266295e-10	4.4992967962536376e-08	0.0005440032453754	8.211565919998085e-08	6.7429814858474e-15	2.959395309789676e-07	0.0003869956440253	-0.0004240573985224	1.4976562849455672e-07	1.798246772415856e-07	0.0	0.0	0.0	0.0
54.87385395459884	-0.1945741430367604	0.0378590971384897	3011.1398478306432	62.41020139634918	-0.8899475675790427	3895.033238332865	0.7920066730398547	54.72100262135767	-0.1155076231148442	0.0133420109976408	2994.388127886633	55.4870744744513	41.863581991144	1.055529	36.200905	0.2322180848134494	0.1179892745357277	-0.072685786	-0.0813860351	-0.0251899181	0.017335152	-0.0444525621	-0.0492487541	-0.0952560725	-0.0812670565	0.0630170125	0.0489088389	-0.0284695055	0.0354705379	-0.0541963219	0.0459206095	-0.0028712769	0.0327934661	-0.116167196	-0.0326198342	0.0419688321	-0.2190232797	-0.0059846795	-0.0447374849	-0.0466857293	-0.1193218026	0.0035288738	0.1093424705	0.07947368	0.0950389876	-0.085758223	-0.0527909997	-0.0283800878	0.1646617488	-0.0951731344	0.0187242825	0.0010043837	0.12799202	0.0541929315	0.0132745583	0.0639409995	0.0302532694	-0.0092563472	0.0611621508	-0.0802049778	-0.0807745632	-0.0152149862	-0.05783561	-0.0949514073	-0.0160624009	-0.016829668	-0.0380386205	-0.0113890461	-0.0940196832	-0.035369234	-0.0049844104	-0.0636782894	-0.0111302794	0.116630161	-0.0119546456	0.0902904701	0.0101164507	-0.0928153913	0.1168824021	-0.0598061666	0.0558723113	-0.0239449002	-0.0283710393	0.1279526463	-0.0222221663	-0.010099059	0.2072900015	0.0588139091	0.0634508579	0.1442942876	-0.0193070558	-0.0379418424	0.063522349	0.0322658269	-0.0193891033	0.0843160081	0.0637239948	-0.0435507474	-0.0450293144	0.0508605014	-0.0547473077	-0.0632931231	-0.198813166	-0.0730254818	0.1297333511	-0.0337956545	-0.1167738682	-0.1991336979	0.1254150602	0.0259300281	-0.0077684252	-0.0539195144	-0.162476338	0.0061174445	0.0475086403	0.0835670096	-0.0750659715	0.0321935927	0.0382407176	0.0272799761	-0.0199795196	0.0690012157	0.1139879045	0.071888709	0.0487080586	-0.0638647693	0.0742363919	0.0502422282	-0.0613115657	-0.1167211555	0.0689935602	0.0444218413	-0.0239179136	0.0563557567	-0.0741804782	0.001235392	-0.0543828931	0.0044102198	-0.0783924883	0.0541408093	0.01988233	-0.029366191	-0.0238816263	-0.0872134566	0.1564412567	-0.0869161964	-0.0294145368	-0.0484244681	-0.0964120536	0.0922848574	-0.0243432908	0.0339568026	0.0111791344	0.1167067279	-0.1586652254	0.1431769693	0.0343409046	-0.1476097135	-0.0005107641	-0.2665829565	0.2326073445	-0.1612633485	0.0502719085	-0.4164219805	0.0048144503	-0.1443037425	-0.0716339762	-0.0786854508	-0.1426783281	-0.0150887104	0.1406990819	0.1354403068	0.1064942348	0.106176076	0.1056465152	0.1049066069	0.0	0.0	0.0	0.0	-0.0005687576748698	0.0765035186404362	0.0058527883643675	3.234852927233012e-07	0.0888633310507742	0.0481836217005024	0.0023216614001771	0.0078966916054394	0.4481495854480855	-0.0105803931982677	0.0001119447202299	0.2008380509372908	0.0007769116841055	0.0007595169460141	6.035917648996443e-07	5.768659912826773e-07	0.0001504552844395	-0.0003935479609358	1.548799975568046e-07	2.2636792615770853e-08	0.0011729417625601	0.0007859461185348	1.375792378357594e-06	6.177113012399178e-07	0.0	0.0	0.0	0.0
54.914175717152006	0.0403217625531624	0.0016258445353936	3015.566694694247	62.358050395787686	-0.0521510005614942	3888.5264491635967	0.0027197268595649	54.852305581005815	0.1313029596481456	0.0172404672123625	3008.775427552041	55.56517091709075	42.04922704453758	1.049327	35.988186	0.090776501725226	0.0533827368281734	-0.0887566609	-0.0590101266	-0.0305425886	0.0636320213	0.023800309	-0.1412486994	-0.0100049987	-0.0463404104	0.0092464471	-0.0586042387	-0.0209802184	-0.1665433921	0.0052357653	0.0163796136	0.0192703534	-0.0377893038	0.0772509505	-0.0759423533	0.0613278076	-0.0806871091	-0.1424738288	-0.0204107296	-0.1002793782	-0.0652496553	0.0379685417	0.1321403303	-0.0013850912	0.0775942557	-0.0536513345	0.0240013183	0.0644183567	0.0645971839	0.0323314884	0.1613478636	0.1017147377	0.0469480908	-0.1128183706	0.0775280037	0.0215997232	-0.0786884798	0.0857928686	-0.0095279471	-0.0834653521	0.021541657	0.0706198591	-0.1194221006	-0.0315344681	-0.0446775582	0.0352737657	-0.0650910687	-0.0085114805	-0.0129349183	-0.1483401935	-0.0903808404	-0.0676726522	-0.0885209019	-0.1358823072	-0.0668043093	0.0676573198	0.0166387539	-0.0228349405	-0.0897905724	0.0419927299	-0.0320838869	-0.0897022844	-0.0571092766	0.0160923869	-0.1273225566	-0.0738422606	-0.101882664	-0.0023975374	0.0962495437	0.0213895898	0.1340209045	-0.0580244833	0.0546587318	-0.0175546591	-0.0499207438	0.0304854545	-0.0406870603	-0.1296338545	0.0904591771	0.1181922637	-0.037809132	-0.0156470512	-0.1132415994	0.0404233144	0.1671690199	0.0782261081	-0.0320483092	0.0159160232	-0.1098984301	-0.057567722	0.0611224848	-0.0902716604	0.102546346	-0.0051102519	-0.047783306	0.0527983372	-0.0115432575	0.0554671009	0.1215753405	-0.0153236528	-0.1670554444	0.0695892951	-0.0031893187	0.0300802102	0.0109696371	0.0049226601	0.1541681473	-0.0540164401	-0.030001004	0.1173071565	0.1447909713	-0.0064341098	-0.0827661261	0.0744450161	0.1139293747	-0.0389107199	0.1337356066	-0.0359728251	0.0444266923	-0.032000298	0.025341686	0.0300941559	0.0318916421	0.0207468899	-0.1166019206	-0.0229724309	-0.0519446608	-0.0755998469	-0.0847496575	0.0569501356	0.0471037577	-0.0301447223	0.1630300588	0.2028663522	-0.1186326333	-0.1068025464	0.0536288611	-0.4063099615	0.079040927	-0.0279761461	-0.0498219637	-0.1302556607	0.1645124975	-0.0345518007	0.0096784104	0.0300571292	0.2047219762	0.2812837062	-0.07058482	-0.0897342135	-0.2675941839	0.2671297178	0.1063923895	0.105769295	0.1047335058	0.1032890634	0.0	0.0	0.0	0.0	0.0109363948966745	0.0115051525715443	0.0001323685356945	0.000119604733336	0.1378891821826044	0.0490258511318302	0.0024035340792003	0.0190134265629874	0.455792819370707	0.0076432339226215	5.841902479591214e-05	0.2077470941898979	0.0009253103202622	0.0001483986361567	8.561991887837352e-07	2.2022155213168636e-08	0.0003539964278684	0.0002035411434288	4.1428997068344034e-08	1.253134709435873e-07	0.0010728362601611	-0.0001001055023989	1.1509776411164556e-06	1.0021111610556166e-08	0.0	0.0	0.0	0.0
54.71133036512485	-0.202845352027154	0.04114623683902	2993.3296703218325	62.51039065721739	0.1523402614297069	3907.548940117932	0.0232075552524714	54.56002127080878	-0.2922843101970329	0.0854301179873553	2976.795921071107	55.18726686018108	40.73902089568232	1.197323	41.063923	0.5716910003265987	0.2999991294195377	0.0202769257	0.0159007647	0.0719505614	0.0208833645	0.0272223699	0.190976237	0.0271212408	-0.0395608725	-0.1741629497	0.1730303302	-0.0648884554	0.2112035188	-0.0646772106	0.0885050516	-0.0718847926	0.0515117348	0.182017968	0.137127869	0.0492211948	0.083862909	-0.0217114702	0.2212630358	0.0246412327	0.0795322054	0.0450465974	-0.0465113512	0.1243903339	0.0442986987	0.128578488	-0.1109636367	-0.1203844029	-0.0883531828	-0.0939731265	0.156346536	-0.1643169097	0.0341461462	0.1503896929	-0.010294608	0.097748771	-0.0092726968	-0.1341570632	0.0350800728	0.0338221874	-0.051580742	0.2397402705	-0.0531948196	0.0472712381	-0.0225005931	-0.1384543121	-0.0440133593	-0.1001284921	-0.068080336	-0.044220101	-0.0513517673	-0.0452342099	-0.0739461873	0.078629961	-0.0346024017	-0.0079086204	0.1833056018	0.0674379752	0.0091055603	0.0406691007	0.0406131327	0.0659434816	-0.0984910628	-0.0678332152	-0.0642316476	-0.0333571421	-0.0450116948	0.0773725764	0.0094169372	-0.0376008199	-0.0276809718	0.0916198378	-0.1697041496	-0.0424054224	0.2369777178	0.1547432952	0.063767886	-0.0103635424	0.0214310351	-0.0482313649	-0.0478429184	0.2156906277	0.0161910623	0.1644700276	-0.1617963618	-0.1957458855	-0.0186110638	-0.0180323555	-0.0403082066	-0.0702937488	0.0180830568	-0.0494947513	0.0061103169	-0.1606565265	0.1518540858	-0.0504525309	-0.1415018277	-0.0021096041	0.1130139864	0.0675629759	0.0107405254	0.0825633013	-0.1925584616	-0.0250678032	0.1448677778	0.0579468246	0.1535604647	-0.0432233874	-0.0527432799	0.0307729587	0.0345162287	-0.0765435481	-0.0523649636	-0.0837730396	0.0857794681	-0.0403579831	0.0552616355	0.0403601969	-0.0316919183	-0.0569486683	0.0425201508	-0.0007877433	0.0086494879	-0.034758088	0.0119780864	-0.0513887314	-0.0427932301	0.1173490343	0.0062618807	0.0169772431	0.051147278	0.2162667696	0.0109030162	0.1397003399	-0.1292630319	-0.0419436436	0.1565977264	-0.3044249126	0.0228962217	0.0818471432	-0.0283769023	-0.054212197	-0.0467215056	0.3750120185	-0.0462311544	-0.0138016525	0.1944371865	-0.2863920773	0.1483635619	0.0425225583	0.0238608416	-0.1396801663	0.1062566463	0.105227727	0.1035202354	0.1011451826	0.0	0.0	0.0	0.0	-0.0480081718283571	-0.0589445667250316	0.0034744619464017	0.002304784562301	0.0298489789603024	-0.108040203222302	0.0116726855123163	0.0008909615449725	0.703763775425827	0.24797095605512	0.0614895950468902	0.4952834516016139	-0.0005592196945607	-0.0014845300148229	3.1272666678456257e-07	2.20382936491008e-06	-0.0002670877659067	-0.0006210841937751	3.8574557575726594e-07	7.133587469703219e-08	0.002101927538046	0.0010290912778849	4.418099375196119e-06	1.0590288582187763e-06	0.0	1.0	0.0	0.0
54.75414933395668	0.0428189688318312	0.0018334640918213	2998.016869285229	62.135671395711945	-0.3747192615054473	3860.841659795896	0.1404145249431878	54.701526254693	0.1415049838842179	0.0200236604640727	2992.256974592868	55.38686232848124	41.227354673709655	1.14366	39.223473	0.3247191908617188	0.1849191731235963	-0.0315713627	-0.0085198721	-0.18798742	-0.0795400856	-0.0577855154	0.0115267933	0.0275511208	-0.0096542075	-0.0915774964	0.1026007086	0.0099155577	0.1216804541	-0.0858070173	-0.1415031303	0.1481781867	0.1371280423	-0.1223650081	0.0139738032	0.150776131	-0.051229164	0.1523241213	-0.1576652171	-0.0710249972	0.1018890494	-0.0369565184	-0.1397146668	-0.1052350456	0.071230285	0.064735981	-0.0502141238	0.0229244851	-0.0012222975	0.0394689939	0.1498087627	0.0356582723	0.0902559478	-0.057756185	-0.0843920768	-0.050007268	0.0337125528	0.031083474	-0.092523417	0.0183942268	0.0211848085	0.0150375434	-0.1092269767	-0.1021157399	-0.0323617438	0.160205435	-0.0122840518	-0.049503897	0.0300651915	-0.0179495659	0.1074580344	-0.083676567	0.0595401427	-0.03012201	0.0215909857	0.0398669733	-0.024519615	-0.0912551177	0.0122613178	0.0080687979	-0.1540121582	0.0369037551	-0.000857847	-0.0629205524	-0.0080811076	0.0564692739	-0.0411015897	-0.1200369432	-0.0845343656	0.0389964089	0.0294658917	0.0499009911	0.0469734919	0.178137034	0.0494936427	0.0658085058	-0.0336629834	-0.0862643448	-0.0146879245	0.0894577773	0.2065017539	0.0735351245	0.1478242324	-0.02687047	0.0514695739	0.0545131154	0.0343703297	0.0080148936	0.0069113326	-0.0590035328	0.1417301393	-0.1236255156	-0.0315861225	-0.0097574455	-0.0029860921	0.025042079	0.022846814	0.023960235	-0.0160344291	-0.1020063099	-0.035765896	0.1643299726	0.0619754867	-0.048713049	-0.1038504057	-0.0816895912	-0.1223726319	0.0137255857	-0.0034492406	0.0820311918	-0.043246021	-0.0717736381	-0.04114742	0.0721516603	-0.0397680216	0.0093386013	0.0231462429	-0.0126095609	0.1138964272	0.0575532257	-0.0074135486	-0.0702789196	0.0310036919	-0.024640386	0.0930234351	0.0499554989	0.0562050961	-0.0642425782	-0.0439702183	0.0513110296	-0.0893054139	0.0811329269	0.1708813454	0.1328874125	-0.0463231512	0.0131037518	0.0536000045	-0.2006992924	-0.0972113272	-0.1111225735	-0.0450387033	-0.0845143818	-0.0059263819	0.1591587597	-0.1502197086	0.1945631181	-0.1832637877	0.0374552339	0.1309182964	0.0433560212	0.1186795606	0.0878335855	0.1060870483	0.1045520622	0.1020101825	0.0984858891	0.0	0.0	0.0	0.0	-0.0297250258272185	0.0182831460011386	0.0003342734276989	0.0008835771604288	0.0846376523450374	0.054788673384735	0.0030017987312591	0.0071635321944794	0.5413352726281317	-0.1624285027976952	0.0263830185211009	0.2930438773913737	-0.0004509172557447	0.0001083024388159	2.033263715283312e-07	1.172941825349342e-08	0.0006302022163606	0.0008972899822673	8.051293122772514e-07	3.971548335058125e-07	0.0013231425855663	-0.0007787849524797	1.7507063017390732e-06	6.065060022088089e-07	0.0	0.0	0.0	0.0
55.01522979666035	0.2610804627036671	0.0681630080055609	3026.6755095793446	62.40803977491942	0.272368379207478	3894.763428547925	0.0741845339921085	54.93340966776984	0.2318834130768365	0.0537699172601628	3017.679497727029	55.6352174727732	41.51269963573169	1.068398	36.642265	0.4203949374405267	0.2316011043172832	0.0121902515	0.0520006936	0.0316667546	-0.006922879	0.0558819925	-0.0314445593	0.0526171772	0.0648879175	0.1029191918	-0.028902464	0.1492661807	0.1326417402	0.0433579204	-0.0426256423	-0.0009825869	0.0689322546	0.0587202962	-0.0750033367	0.0295837537	0.0574866305	-0.0359076801	-0.0168206332	0.10219666	0.0311080531	0.1652297582	0.0881263548	-0.0549146435	0.1312901777	-0.0665396811	0.0603988709	-0.091386157	-0.079325246	-0.0700694409	-0.0794902852	0.0508936218	0.0055264967	0.0588705831	-0.0564983972	-0.0264415591	-0.1921015091	-0.1146109902	-0.0540487184	-0.0721616407	-0.0822879274	-0.1354807143	-0.0185570339	-0.0244621696	0.0193506053	0.1143737969	-0.1291042746	-0.0637354303	0.0092259681	0.0166025432	0.1136956461	-0.0431931422	-0.0013639461	-0.106995675	-0.0463861944	0.0051125585	-0.0193449725	-0.1072919526	-0.0342411973	-0.0193654439	-0.0145285749	0.0590944143	-0.0210230419	-0.0386597106	0.0053690776	0.0369869238	-0.0907736814	0.1069346545	0.0953795693	-0.0115184	-0.0942481851	-0.0063378742	0.0074668482	-0.0561791791	-0.050961825	-0.1043743202	-0.0263690884	0.0586080926	-0.0466883371	-0.0045552853	0.047052373	0.1056095142	-0.125249815	0.0490398636	-0.0008563978	0.0040949534	-0.0002792689	-0.0769736497	0.0057423684	-0.0190196394	-0.1585239545	-0.0775073703	0.1397473351	-0.1189483495	0.0398176344	-0.0306280477	0.0313192894	0.0136239254	-0.0200960723	-0.0847910375	0.0522301642	0.1241796255	0.1466900929	0.1624421294	-0.027744326	-0.0487765201	-0.0975151905	-0.0449812065	-0.0734447109	0.0994070438	0.0491186208	0.0292000542	-0.1108443901	-0.0781536114	0.0683891277	-0.0809796681	0.1024308813	0.0441852138	-0.0440849281	0.0521660229	-0.0663964078	-0.0080497397	0.0680308301	-0.0653062212	0.0487214215	0.0122963206	0.1279833176	0.0111143005	0.019616533	-0.0157146367	-0.0099256173	-0.0454978683	-0.0133204838	0.1683299262	0.0917342682	0.0043645728	0.0137970116	-0.0668545617	-0.0922448937	0.0162841663	-0.0946596589	0.093727558	0.0422527232	0.0517086473	-0.1626995175	0.0108967982	0.0544009809	-0.0660289075	-0.049905517	-0.0945209275	0.1108204814	-0.1583893409	0.1058836497	0.1037431616	0.1002076762	0.0953247341	0.0	0.0	0.0	0.0	-0.0336336977665183	-0.0039086719392997	1.5277716329069632e-05	0.0011312256254494	0.0132883897478848	-0.0713492625971526	0.0050907172731574	0.0001765813020916	0.6084141776290011	0.0670789050008693	0.0044995794961156	0.3701678115399737	-0.0035591647134899	-0.0031082474577452	1.2667653457751642e-05	9.6612022585795e-06	0.0011700540403014	0.0005398518239408	2.914399918122086e-07	1.3690264572256302e-06	-0.0005899200908118	-0.0019130626763781	3.480057135434024e-07	3.6598088037509383e-06	0.0	0.0	0.0	0.0
54.990719804881714	-0.0245099917786362	0.0006007396969888	3023.97926465901	62.50042950427594	0.092389729356519	3906.303688218967	0.0085358620905708	54.64630385528508	-0.2871058124847536	0.0824297475625305	2986.2185250441453	55.32574434422735	41.584712783932	1.056159	36.222523	0.2601590945299812	0.172676671473529	0.0481311973	0.0031536092	0.1304398698	0.1046704844	-0.0028938844	0.1489327118	-0.0446100277	0.0003273465	-0.0042006248	0.0494156527	0.0361651227	-0.0465674729	-0.0202376162	-0.1013665338	0.0755702333	-0.032728905	0.0145021307	0.0885333595	-0.0921486624	0.0314477388	-0.0724477205	0.1029332522	-0.0591646793	0.0523138156	-0.0283459762	-0.0319113565	0.0398260616	-0.0979412088	0.0325240631	0.0664096409	0.0771871019	0.0056806966	0.0533441399	0.0820044646	-0.0806918192	-0.0045251735	-0.0819379586	-0.0489141422	-0.0565623232	0.0353550238	-0.09932919	0.0307751723	-0.0060999947	-0.0563957085	-0.0888563307	0.0327618882	0.0054398213	-0.0319069188	-0.0301991576	-0.1203648286	0.0417974717	-0.0972638041	0.0738654351	-0.0497536842	0.0014467654	0.1605847458	-0.0684160481	0.0673684501	0.0071046895	0.1807729535	-0.1829630259	0.1984774599	-0.0581633349	-0.102063628	-0.0373638115	0.0433498442	-0.0456774333	-0.0450567233	-0.1247883596	-0.0752134284	-0.0184989831	0.133145993	0.1161033858	-0.0005407368	-0.0229498138	-0.1346654678	-0.0538172475	0.0741611969	0.0628228452	0.0462908202	-0.0415828011	0.0799180277	-0.0339733002	0.0313049998	0.054735132	0.055333225	-0.0113668548	-0.0254554608	0.079656258	-0.0054818715	0.1735848633	0.0136918005	-0.0111813627	0.0314827096	-0.0049749532	-0.0412412978	0.0263890458	-0.0387973988	-0.0324551854	-0.0515118519	0.0212742999	-0.0349695688	0.0047352458	0.0505743047	0.1221946404	-0.0568299861	0.0828230954	-0.0038533516	-0.1338459291	-0.0113277287	0.20895584	0.0019757038	-0.0603705374	-0.1131423499	0.0333316717	0.1013657369	0.0836178452	0.0467265704	-0.1675097518	0.0648840941	0.0425540297	-0.142631337	0.0341448022	-0.171949149	-0.0959293878	0.0333178475	0.0717231249	0.0493242128	0.0694142788	-0.0129181645	-0.0327690194	0.0686685233	-0.0668280284	0.1504119826	0.0511890925	-0.0754659438	0.0320224663	0.0962360677	0.1340134362	-0.0745671548	0.0482735809	-0.0313419125	0.0949159834	0.1144919749	0.1869551961	-0.0607536664	0.0891006876	0.1108909296	0.0253730103	0.129606423	-0.1148703969	0.0685489865	0.0054683533	0.0746239248	0.0749102287	0.1056465152	0.1028020561	0.0981178842	0.091677826	0.0	0.0	0.0	0.0	-0.0670332351571545	-0.0333995373906362	0.0011155290979085	0.0044934546156343	-0.0243161524641521	-0.0376045422120369	0.0014141015949768	0.0005912752706598	0.6395121068818241	0.031097929252823	0.0009670812038135	0.4089757348484296	-0.006468132990737	-0.0029089682772471	4.183674438586037e-05	8.46209643802996e-06	0.0010849602316662	-8.50938086352001e-05	7.240956268044054e-09	1.1771387042971742e-06	-0.0007569997184192	-0.0001670796276073	5.73048573686748e-07	2.7915601961427445e-08	0.0	0.0	0.0	0.0
55.210826242848455	0.2201064379667414	0.048446844034407	3048.235334418004	62.229194248278525	-0.2712352559974178	3872.472616789981	0.0735685640959847	54.78656104245887	0.1402571871737876	0.0196720785539029	3001.567270859072	55.470581752828615	41.39881680769727	1.122272	38.489937	0.2918339009082984	0.2031577134903549	0.015387492	0.0221286462	-0.0934134247	-0.1437774923	-0.155783286	0.0705856388	0.0600647171	-0.0400100986	-0.1508871326	-0.2466393722	-0.075857763	-0.0148701259	0.2422398615	0.1108303727	-0.0377292866	0.096870594	0.004584558	-0.0057637952	0.0607962393	0.0136260332	-0.1145528258	-0.1556989448	-0.0723562469	0.0729393274	-0.0012029224	0.0939834543	-0.0414062359	0.0889537029	0.0188874199	0.0352304532	0.033723059	0.0358096821	0.0330264193	-0.0241443125	0.0917184071	0.0839734087	-0.065671703	-0.0046681422	-0.0679032017	0.0950378076	-0.0324542287	0.135916158	0.0030968978	-0.020408767	0.1564368039	0.0474425763	0.1206910027	-0.1085387859	0.0001185238	-0.0020110366	0.0552868185	0.0619428457	-0.0012017171	0.1862662126	0.0596753257	0.1959115175	-0.1207323777	0.0125102986	-0.0746778233	-0.0576399915	0.1522865928	0.092782719	-0.0941212562	-0.0224452661	0.0248014117	0.019828791	0.0210280754	-0.0078722252	-0.0227672014	0.0799858208	-0.0389423759	-0.0872229755	-0.0247265095	-0.1120766655	0.0933801602	0.0278574651	0.0825895433	0.0804993886	-0.0496323717	-0.0615031822	-0.1361999268	0.1052328723	0.059585633	0.0458827181	-0.0145720496	-0.1012197009	0.0824282964	0.0993494212	-0.0269760358	0.0016287794	0.0221489308	-0.0364767727	-0.0524156621	0.1098469611	0.0101301535	0.0405262802	0.0719694531	-0.0846647268	-0.1382700741	0.1225848601	0.0684021129	0.0905672357	0.0641552557	0.1881891264	-0.0350045313	0.010955543	0.1252070281	0.0188297111	-0.0399340147	-0.1574241348	-0.0418589499	0.0949161621	0.0352101683	0.0041266113	0.0924542382	0.0840351778	0.06978069	-0.0437092201	-0.0189053683	-0.1652817144	0.0195283368	-0.0689524449	-0.0412945163	0.1113512371	-0.0374943435	-0.0207193721	-0.010907567	-0.0926283797	0.1278509952	-0.0253309162	0.0213123252	0.0050927837	0.0078243259	-0.087012022	0.1298332438	0.0153956565	0.005755688	0.0471359214	0.1262808617	-0.1456160693	0.0722134171	-0.1813828529	0.023093955	-0.0807895435	-0.0434214791	0.0508056346	0.0480769027	-0.0925753044	-0.0179082042	-0.0584851588	0.0461952904	0.0533214431	0.144656371	-0.0200382344	-0.0753172048	0.1053757205	0.1017299448	0.0957467976	0.0875637488	0.0	0.0	0.0	0.0	-0.0573791730040227	0.0096540621531317	9.320091605653177e-05	0.0032923694946255	0.0047054774580459	0.029021629922198	0.000842255003341	2.214151810817811e-05	0.6081838874275505	-0.0313282194542736	0.0009814573341751	0.3698876409264874	-0.0028482125588437	0.0036199204318932	8.112314780354978e-06	1.3103823933238576e-05	0.0005569895743435	-0.0005279706573227	2.787530149937639e-07	3.102373859273533e-07	-0.0010457084167771	-0.0002887086983579	1.0935060929184692e-06	8.335271250751295e-08	0.0	0.0	0.0	0.0
55.292908484666526	0.0820822418180711	0.0067374944218803	3057.305728693708	62.05870884811322	-0.1704854001653046	3851.283343894886	0.029065271669524	54.72557053663655	-0.0609905058223176	0.0037198418004621	2994.888070560383	55.415663840504685	42.35659748625893	0.992187	34.028492	0.201102519929819	0.1075710741177611	-0.013581488	0.0250994624	-0.1106585445	0.0216961152	-0.0844830236	0.0119213989	0.1019540301	0.005366321	-0.0970271473	-0.0014117456	0.1345443499	0.0955233412	-0.052762825	0.0718413568	-0.1092335246	-0.0316524485	0.0473731828	-0.0294445894	-0.0041157112	0.0293064541	0.2558001105	-0.0794470504	-0.0902081318	-0.0319997032	-0.0483422285	-0.0630256755	0.0841691531	-0.057851962	0.027856416	-0.0672526755	0.12305146	-0.0999933427	0.0957411752	0.0192264848	-0.079765244	-0.0543680422	0.1110365361	0.0101726082	0.1170956741	0.0689318958	-0.0507898574	0.0765429896	0.015116008	0.0680455966	-0.0516639244	0.04268139	-0.0320942874	-0.0884350612	-0.1014021308	0.0511275162	-0.0900307421	0.0110276326	-0.1081060953	0.0495449829	0.0335522128	-0.1093549358	-0.0491534825	-0.1032667369	-0.022971231	-0.0610705939	-0.0136631216	-0.1389767905	0.1783718526	0.0129729624	-0.0787811077	0.144149599	-0.11516899	0.0499952421	-0.057167327	0.0703645495	-0.0291009876	-0.013896255	0.1349268196	-0.0070637042	-0.0571341344	-0.0449207372	0.1182834705	0.0512411086	-0.0149499148	-0.1262140018	-0.0382884644	-0.1914469712	-0.0054845888	0.0293364029	0.0524766954	0.1036496143	-0.0439536268	-0.0535464087	-0.0326933656	-0.0871930469	0.0495324992	0.0423162067	0.0548799369	-0.0242032638	0.0525163381	-0.0855898943	-0.0999386025	-0.0729644823	0.09179807	-0.0804940379	0.0277891272	-0.1773340134	0.061120769	0.0097274787	-0.0733599961	-0.0846013914	0.0257889716	0.1251982554	-0.1466232732	0.0887308217	-0.1033112756	0.024581804	-0.0259748889	-0.0223939108	0.1109957238	-0.0277164759	0.0551190395	-0.0090978565	0.085618048	-0.0710759754	-0.0500881703	0.1703777286	0.0790175473	0.2666101144	0.0124711648	0.0868661165	0.0798347345	-0.1135864351	-0.0395872251	0.0575127998	0.0704238194	-0.0123498094	-0.0255379663	-0.0354849561	-0.0997831459	0.1021387407	0.0353048026	0.1218977627	0.12148901	-0.1469450813	0.1031797279	-0.1442269347	0.0368492271	0.0730940369	0.1013056032	-0.0257865754	0.0264835501	0.0701648173	-0.0095526838	-0.0707547103	0.0697411159	-0.1918441723	0.0360846253	0.0361140972	0.10124574	0.1050713516	0.1005281942	0.0931012141	0.0830034668	0.0	0.0	0.0	0.0	-0.0288322141499293	0.0285469588540933	0.0008149288598173	0.0008312965727873	0.0310533529517016	0.0263478754936557	0.0006942105430291	0.0009643107295429	0.5277790975654355	-0.0804047898621149	0.0064649302327708	0.2785507758269855	-0.0041617212301792	-0.0013135086713354	1.7319923597724272e-05	1.7253050296735491e-06	0.0005586766003375	1.687025994000029e-06	2.846056704431786e-12	3.121195437646667e-07	-0.0010448461997075	8.622170696000533e-07	1.0917035810432049e-06	7.434182751097032e-13	0.0	0.0	0.0	0.0
55.21720033469602	-0.0757081499705094	0.0057317239719571	3048.939212801954	62.67846021998114	0.6197513718679204	3928.589375547758	0.3840917629321693	54.796110114127785	0.0705395774912318	0.0049758319926415	3002.613683639617	55.52120184339186	43.044183358429486	1.035937	35.528961	0.1561958115665385	0.0904738698613494	-0.0364840605	0.0382769703	0.1196728518	0.0398923802	0.0801762645	0.0248598593	0.034932999	0.0431432037	-0.0687072524	-0.081522351	-0.0009566773	0.0597971638	0.0724559144	-0.0408912893	0.019239333	0.0627024583	-0.0455620341	-0.0318146456	-0.0264972183	0.0912060957	0.0451115119	0.0039235999	-0.1692619539	-0.0714186858	0.0492311346	0.0335558403	-0.0985752681	-0.0447743807	0.0597511297	-0.0216922824	0.0736630049	0.1105108079	-0.0132900078	-0.1087577628	0.0404313636	-0.0836648703	0.0194451651	-0.0203000042	0.0595808769	-0.0270247061	0.0989825147	-0.071930415	0.1375087216	-0.1204214593	-0.0239430605	0.1052059738	0.0267705201	0.071094743	-0.0568040312	-0.0512063795	-0.0057875148	-0.0539886999	0.1036239791	-0.052579648	-0.0314341684	0.19056334	-0.0798240133	-0.0245196725	-0.051072306	-0.0541532483	0.0653087821	0.0343614662	-0.1299098134	0.133867712	0.0322238544	0.0281670754	-0.0167589748	-0.0773057051	0.0326419015	-0.0006909942	0.0729974139	0.0359356359	-0.036481608	0.0816110338	-0.0261851315	-0.0288876886	-0.1144857154	0.0099806889	0.0044598776	-0.1119938696	-0.1869060593	-0.1210290742	-0.0223214981	-0.0746083953	-0.0066377737	0.0384462971	0.0207355082	-0.038016612	0.0300452544	0.0697182597	-0.0997988512	0.1879576526	-0.0503687219	0.0621454571	0.0256811578	-0.0407440766	0.1505417797	0.0243219211	-0.1322573679	0.0563777353	-0.0364512748	-0.078332302	-0.0285055938	-0.1296699164	-0.1610162626	0.0083683235	0.0501653704	-0.0468985566	-0.0012059243	-0.1479750968	0.1342289046	-0.1045787179	0.1164016009	-0.0766504038	-0.0089118262	0.0210845936	-0.0268921978	0.0308889277	0.0308145486	-0.0167051552	0.012343341	-0.099124147	-0.1253848647	-0.0611450542	0.0230604093	-0.0086970141	0.0428462421	0.0982311608	0.0363713222	-0.0597385695	-0.0658924228	-0.0143052304	-0.0652651221	0.1131955806	0.0212324061	-0.0241056011	0.1184159726	0.1432635129	0.0214339199	-0.2204141824	0.1414265137	-0.0680446945	0.087585373	-0.112600795	0.0341916016	-3.42985e-05	0.0111040513	0.0231859057	0.0011575511	0.2400715532	0.0014370174	-0.0645085436	-0.036734004	-0.0171306506	0.0790315674	0.1047335058	0.0991983356	0.0901887184	0.0780202182	0.0	0.0	0.0	0.0	-0.0971927093198132	-0.0683604951698839	0.0046731572998717	0.0094464227449257	0.0314747621403626	0.000421409188661	1.775857042879232e-07	0.0009906606517924	0.5439614392247591	0.0161823416593236	0.000261868181579	0.2958940473634713	-0.0030717030221108	0.0010900182080683	9.43535945604462e-06	1.188139693920645e-06	0.0004749910525301	-8.368554780740004e-05	7.003270911824637e-09	2.256164999836522e-07	-0.0012957737548051	-0.0002509275550976	1.6790296236417074e-06	6.29646379072591e-08	0.0	0.0	0.0	0.0
55.00518368537861	-0.2120166493174053	0.0449510595877796	3025.570232262241	62.67020642572116	-0.0082537942599785	3927.554773442502	6.812511968605436e-05	54.86712165562578	0.0710115414979952	0.0050426390259215	3010.40103877324	55.6133791849642	41.891918138840985	1.071744	36.757015	0.2016542556515079	0.0822184972962782	-0.0119961695	0.0363871379	-0.0354402207	-0.0850708154	-0.0203862329	0.0056088943	-0.1007142366	-0.0128953704	0.0101390013	-0.034301375	0.0155514639	0.0259862779	0.0035622776	-0.1427703586	0.0294597632	0.0988328729	0.071609643	-0.0706916544	-0.0309370359	0.1248034294	-0.1061983204	-0.0405181511	0.1208685528	0.000331308	0.0301834745	0.0459104191	0.0696467595	0.0285291656	-0.0754592771	0.043903866	-0.1622101498	-0.0171347639	0.104001019	0.0498274354	-0.0006764653	-0.0658136475	-0.0974272329	0.0132413959	0.0931797905	-0.0327134806	0.0575817135	-0.0408334609	0.1207958022	0.0401039429	0.0004913583	0.076874882	-0.0559654946	-0.011703713	0.1018442985	-0.0137654868	-0.0482447394	-0.0873961448	-0.0212663476	-0.0165838747	-0.0229621878	-0.0837635481	0.1135551363	-0.1123448713	-0.0251168535	-0.1329980125	-0.0579998716	-0.0625450211	-0.1141796847	0.0301037282	-0.0740479489	0.0569525972	-0.0370512601	0.0365017461	-0.0127897775	0.0360223365	-0.0539167644	0.0285315603	-0.1075616755	-0.022993945	0.0537870254	0.0746343457	-0.0656141243	0.0619582251	-0.0898053372	-0.0649216713	0.1055871429	0.1639271448	-0.0167415515	0.0605483881	-0.0651863523	-0.0878900529	0.0386640996	-0.0299500171	-0.1188721887	0.0081500829	-0.0028886924	-0.003813996	0.0675826331	-0.1161592913	0.0227532822	-0.0011724821	0.0690026136	-0.036959661	-0.0572027289	-0.0828703234	0.0326042035	-0.1171594014	-0.0264238807	-0.1304107304	-0.0927356713	0.1538702063	-0.0223260965	0.0139954501	0.0684505742	0.0269550855	0.0409449552	-0.0378404827	-0.077329797	0.2122869375	0.0219250882	-0.0938370679	0.073307358	0.0569779428	-0.0364799362	-0.0119592629	-0.0177227761	0.115752425	0.0218342897	-0.022750905	-0.0599136093	-0.0421144794	0.156801102	0.0671598392	0.0687479151	-0.0888856598	0.030091743	-0.0084697399	-0.0041581154	-0.0784797881	0.1134422708	0.0250413596	0.014083731	0.0521840221	0.1290912663	-0.1494531727	0.1527147011	0.0159412514	0.0108728975	-0.156226713	0.0269112919	-0.0154634226	-0.0791120105	-0.121138826	0.0803753179	-0.1572736998	0.0337599718	0.0684090203	0.0330831422	-0.019465326	0.019088239	0.1043622905	0.0977420637	0.0870176603	0.0726393964	0.0	0.0	0.0	0.0	-0.0628928321666677	0.0342998771531455	0.0011764815727208	0.0039555083379446	0.0052574327834804	-0.0262173293568822	0.0006873483586072	2.7640599472814464e-05	0.5889453428473743	0.0449839036226151	0.0020235515851287	0.3468566168616113	-0.003768967038848	-0.0006972640167372	1.4205112539922663e-05	4.861771090364945e-07	0.0012661326059291	0.000791141553399	6.259049575145828e-07	1.6030917757968135e-06	-0.000861116414564	0.0004346573402411	7.415214794315586e-07	1.889270034254674e-07	0.0	0.0	0.0	0.0
54.84514673651361	-0.1600369488649988	0.0256118250020182	3007.99012054971	62.52263365631894	-0.1475727694022239	3909.0797193222656	0.0217777222690419	54.75129133540603	-0.1158303202197501	0.0134166630822098	2997.703902894508	55.52883775571432	41.73460174282162	1.019977	34.981602	0.1397683345696408	0.085992537300514	-0.0294917002	0.0565877077	0.0084536526	0.0317412532	0.0693557911	-0.1211764101	0.0499362522	0.0833145153	0.0955280042	-0.044445392	-0.0675515939	-0.1075178737	0.1006089325	-0.0423647599	0.0525900153	0.0938903492	-0.0076774148	0.0076294989	-0.0628355615	-0.0118254364	0.0041773808	-0.0442643362	-0.0136698976	-0.0135787694	0.0750509434	0.1520129313	-0.0062723671	-0.0168066972	0.0868956582	0.0069560075	-0.0629856261	-0.0745907194	0.0663230624	-0.0838537658	-0.1068537798	-0.1833724401	0.1936236073	0.0054069449	-0.0006953146	-0.0025357063	0.1028137841	-0.0462019148	-0.1598053763	-0.0618258838	-0.1249950494	-0.0382318058	0.0787693636	-0.1278981958	0.0932370477	-0.1429653961	-0.0481400821	-0.0213942843	-0.0677581603	-0.225982234	0.015540594	0.0327243427	-0.0103168133	0.0888248991	-0.0654238792	-0.0831002587	-0.0651859369	-0.0661287594	0.0025323153	0.0243353544	-0.0195154301	-0.013225559	-0.1049095669	0.0292204011	-0.0612439273	-0.0103320753	-0.0789143765	0.0340453933	-0.0699097249	-0.0968482702	-0.0407999421	-0.0055755779	-0.021444413	-0.1173779368	-0.0357960134	-0.0705393259	-0.0768617563	0.03398598	-0.1247877	-0.0347753817	0.1528656591	-0.0279540656	-0.0458721598	0.0012940135	-0.0303661334	0.0733893871	-0.0568067598	-0.0346698747	0.0651952887	-0.1500285381	-0.0138688581	-0.0538206706	0.0174400669	0.039706024	0.0660054855	-0.0219233359	0.1153272505	-0.1447587068	-0.025124905	0.0148879056	-0.0894906605	-0.0156789223	0.1113011232	-0.0387304353	0.0482253071	0.1805849794	-0.0707493901	0.0368100479	0.0937678916	-0.0680744731	-0.0963824355	-0.002957039	0.1599381476	0.0595236346	0.1017413957	0.1843835456	-0.0859833006	-0.1221127848	-0.1110393124	0.0250199105	-0.0042229598	0.0167521049	0.0509963402	0.0259350162	0.1567111275	0.0261077234	0.026909379	-0.0236424298	-0.0359866816	-0.0075081233	-0.0683441828	0.0473140307	0.0911600406	0.1162666938	0.0168303739	-0.0968797954	0.1219944346	0.0676201273	0.0033124324	-0.0592899436	0.1213328072	-0.0486792613	0.0281882405	-0.1601254274	0.068416632	0.0617936054	0.1994763586	-0.0447182333	0.0820004266	-0.036769892	-0.085345822	0.1039578241	0.0961612344	0.0835971309	0.0668884209	0.0	0.0	0.0	0.0	-0.0291222483024569	0.0337705838642108	0.0011404523345296	0.0008481053461899	0.068028096459983	0.0627706636765026	0.0039401562183886	0.0046278219079687	0.5888715789906769	-7.376385669743968e-05	5.4411065548804175e-09	0.346769736542973	-0.0030878469332687	0.0006811201055793	9.534798683296917e-06	4.639245982243568e-07	0.0012661141874792	-1.8418449900014025e-08	3.3923929671932663e-16	1.6030451357361147e-06	-0.0010430443539794	-0.0001819279394153	1.0879415243683038e-06	3.309777513993345e-08	0.0	0.0	0.0	0.0
54.73926070397781	-0.1058860325357997	0.0112118518861724	2996.3866624180496	62.62918998540374	0.1065563290848032	3922.415438227796	0.0113542512680288	54.619324369803486	-0.1319669656025439	0.017415280010343	2983.270594613809	55.349637737152165	40.883712417197366	1.031676	35.38282	0.4598978518120014	0.2606521135014009	0.0370200298	0.0085133036	0.0566409232	0.0639857656	0.0364673032	0.0943622376	-0.0328738132	-0.0315947025	0.0497808885	-0.0085716555	-0.0967180579	0.0025243539	-0.0339604958	-0.0057591965	0.020791984	0.0118269942	0.0195862617	0.1243797469	-0.1516023132	-0.01990924	-0.0179155884	0.0478411448	0.0952395774	-0.0666179397	0.0002286546	0.0281441932	0.0738156159	-0.0056302333	-0.0072248331	0.1206133121	-0.032472722	0.0262051745	0.0180353247	-0.1560656029	0.0253463152	-0.0572355523	0.0085319699	0.0489440843	0.1939642395	-0.0082115878	-0.0359789508	-0.004171545	0.0010858648	-0.0461982365	0.0221705766	0.0383971007	-0.0079040088	-0.0519930425	0.0092350217	0.0781610646	-0.0455482435	0.0126237156	-0.0196574151	-0.0238271086	-0.2077666471	0.0219698424	0.056305705	-0.0013049385	-0.000331422	-0.0897837663	0.1511525966	0.0004229992	0.0160689154	0.007979585	-0.0526033108	-0.0415740967	0.0327912776	0.0145561354	0.014073944	-0.1174092712	-0.0140968002	-0.0805614155	-0.0717568361	0.0528287963	-0.015813429	-0.1331412148	-0.0693556418	0.0078010502	0.0692567345	0.0387988608	0.0595297878	0.0596454034	-0.0824621701	-0.073910238	-0.0986704674	-0.0740090438	-0.0901519001	-0.0642580922	0.0677648064	-0.0270029296	-0.0838992396	0.0179068795	-0.0057265289	-0.1403052306	0.0554436229	0.0306207604	0.0561115304	-0.0540712771	-0.0780816907	-0.0730177621	0.0957059147	-0.0267940771	-0.093867098	-0.0057860374	-0.0025210761	0.0245366127	-0.0285624065	-0.0237315791	0.0446242845	0.0062227152	-0.0894220091	-0.1037367807	0.0140379977	0.1096534241	-0.0054553782	0.1050813807	-0.034214255	-0.0108987283	-0.072721714	-0.101238529	-0.0789657717	0.0120017659	-0.1395186494	0.1524395772	0.0257353839	-0.0346011839	0.0441090404	0.1239765703	0.0035540652	-0.0731999337	0.0415892311	0.0478018421	-0.0464121163	0.0719694845	0.0599074674	-0.0606206758	-0.046727425	0.046688237	0.1523215676	-0.0418989269	0.0349572061	0.1165006706	0.0631335284	-0.068403386	0.0327946574	-0.1215005881	-0.0068320292	-0.186339363	-0.0527991698	-0.0159821467	-0.04701268	-0.0158159308	-0.0466806053	-0.0362507869	-0.0029885057	0.1035202354	0.0944578621	0.0799369366	0.0607965974	0.0	0.0	0.0	0.0	-0.0295041255453867	-0.0003818772429298	1.458302286676659e-07	0.0008704934241979	-0.0238217042431898	-0.0918498007031728	0.0084363858892125	0.00056747359305	0.6858777949427335	0.0970062159520566	0.009410205933337	0.4704283495955064	-0.006610046383272	-0.0035221994500032	4.369271318900724e-05	1.2405888965603546e-05	1.1049090630654844e-05	-0.0012550650968485	1.5751883973274478e-06	1.2208240376442465e-10	-0.0016789789654044	-0.0006359346114249	2.818970366270429e-06	4.044128300082657e-07	0.0	0.0	0.0	0.0
54.89011480815155	0.1508541041737388	0.0227569607460612	3012.9247036520583	62.72151998658254	0.0923300011788015	3933.9890694272735	0.0085248291176774	54.55396277500486	-0.0653615947986239	0.0042721380746195	2976.1348544566163	55.32277745732875	40.677253669672616	1.012096	34.711315	0.0601103744722428	0.0388779670779195	0.0361724105	0.0168346158	-0.0975725772	-0.153521515	0.0002227828	-0.061219249	0.0876064794	-0.0698582053	0.0116022966	0.0055482585	-0.0587881016	-0.0943596058	-0.0249905792	0.0462549896	0.027396144	-0.1653020924	0.0139749164	0.1368881172	0.0977783138	-0.0671006269	0.0256044086	-0.0448560849	-0.0611475439	-0.0581317504	-0.0024942378	0.0343159431	-0.0381144421	-0.0144289731	0.0095163242	-0.0926829206	0.0618152053	-0.0336804849	-0.0870805295	-0.0696832621	-0.0067545171	-0.0336655659	-0.1927518772	0.0469389591	-0.0577299949	0.0055794007	0.06378736	-0.002765074	-0.1959121976	-0.0913945275	0.0415217315	-0.0693729018	0.018604578	0.0425072834	0.0243333978	0.1772497321	0.188959312	-0.0319578866	0.0094925453	-0.0562389568	0.0475165836	-0.0994314945	-0.0136372145	-0.0121724604	0.0371466614	0.0873379323	-0.0126546885	-0.0626425109	-0.0616070088	-0.0026591348	0.1172727982	0.1185411787	-0.0986007638	0.0223344503	-0.0704562643	0.0422100259	0.0354809775	0.0458848521	-0.0562776218	0.0951159931	0.1278424008	0.0278806479	0.0770288343	-0.1197838877	0.1204646227	0.0023773193	-0.0230364552	-0.0613106822	0.0427983329	-0.0628650187	-0.024055633	0.0615255802	-0.0902086334	0.035389472	0.007628557	0.0390764355	0.0550100955	0.0019227485	0.0842518773	0.1231666193	-0.0101608697	0.1494780986	0.1042684637	-0.0240000456	0.0203183759	0.09899743	0.0595440992	0.1396956359	0.0511763869	0.0008547173	-0.0214728431	-0.0189945803	0.0021494332	-0.1143446178	0.0554016064	0.1025255795	-0.119162839	-0.0447167758	-0.048419561	0.0214647132	0.0136604796	0.1272698304	-0.0108414605	0.0254315872	0.1617720951	0.0370392289	0.0674095534	-0.0214930814	0.0416167905	-0.0901687257	-0.0846730472	-0.052208118	0.008841672	0.0673940073	-0.0105830571	0.0927749897	-0.0942525985	0.0281495202	-0.0035285783	-0.1053363092	0.0391295772	0.0746954377	-0.0483938901	0.1272706091	0.0079790023	-0.0806828973	0.0038032347	0.0326269361	-0.0203138439	-0.0437993093	0.1696847634	-0.1896422969	0.0111086803	-0.0598884324	-0.0023082145	-0.1161604341	0.0326594397	0.0535192844	0.0737620767	0.026122696	0.066756682	0.1030496639	0.0926341175	0.0760475707	0.0543949683	0.0	0.0	0.0	0.0	-0.026667532507929	0.0028365930374576	8.046260060153492e-06	0.0007111572900614	-0.0234481678015896	0.0003735364416002	1.395294732033408e-07	0.0005498165732515	0.6509731567663408	-0.0349046381763926	0.0012183337662248	0.4237660508303349	-0.0067148560841515	-0.0001048097008795	4.508929223086641e-05	1.0985073398450316e-08	0.0002553357844503	0.0002442866938196	5.967598877733306e-08	6.519636282085006e-08	-0.0015881632237677	9.081574163669992e-05	2.5222624253282133e-06	8.247498929023832e-09	0.0	0.0	0.0	0.0
54.98125285426855	0.0911380461169955	0.0083061434500235	3022.9381654250133	62.27472644272246	-0.4467935438600818	3878.141553515916	0.1996244708350509	54.71392559783197	0.1599628228271044	0.0255881046868155	2993.6136543250923	55.46077466366896	41.43505443313907	1.026818	35.216228	0.1962984427211177	0.1013114527851549	-0.0169093472	0.0438848383	0.0828279089	0.0815067685	0.027927579	-0.0162317974	0.1154096604	-0.0249345564	-0.0130458552	-0.0313678543	0.0179243739	0.0581108169	0.1437975272	0.0755853209	0.0060067533	-0.0654279685	-0.0599319628	-0.0017111155	-0.0362195717	-0.0431925808	0.0331226231	0.0560052207	-0.1290707546	0.0905531052	0.0072463722	-0.0138317733	-0.0592674939	0.007022794	0.0441290868	-0.0739695839	-0.021517493	-0.0634943726	0.1897390144	-0.0348377397	0.0616796064	0.0188909343	0.0112987583	0.0861519642	-0.0538650142	0.0018395473	-0.1209217335	0.0854911454	0.0295077454	0.0282624935	-0.1302231612	0.1083599949	0.0168993852	0.0319117989	0.1036412983	0.068987632	0.1156623096	-0.0383090616	-0.0437145335	-0.1314672523	0.0478693148	-0.0598065664	0.0902253622	-0.0087516586	-0.0109119973	0.0350748445	-0.0217606369	-0.0481230062	-0.0303170443	0.0143220384	-0.0348301294	0.0736457649	0.0572338	0.0667072845	0.0509228239	0.0323119369	0.0943585605	-0.0934610701	0.0448192395	0.1689414146	-0.0613620776	-0.050661626	-0.0213548989	-0.0738195469	0.0364098607	0.0273405609	-0.0657295393	-0.1346400316	-0.0874847636	0.0124382454	-0.0078527647	0.0939786481	0.1456662343	0.0230686739	-0.0061123779	-0.0082503686	0.0205985943	-0.0937199175	0.1073779297	0.0229328527	-0.0804833661	-0.0386164846	0.043373716	-0.0651345749	-0.0342997369	0.1088793325	0.044326696	-0.1179763504	-0.0179460729	0.0661083441	-0.0150539241	0.1150072776	-0.0113942145	-0.0899424491	0.0530599615	0.067120822	0.0984221149	0.0854875593	-0.1281015138	-0.0478421373	0.0728829901	-0.0690528465	0.0860975735	-0.0385571775	-0.0086669978	-0.0003884233	0.0572072007	0.0495024861	0.0353719993	-0.0007199583	0.0476589743	-0.0169543495	-0.0926372661	0.0523338794	-0.1172095007	-0.0441136224	0.040392927	-0.0091557239	-0.0669738334	0.0458478108	-0.0438029192	-0.0666226114	0.0987971603	0.0570269335	0.0092257207	0.0901435438	-0.0147541278	0.1316297302	0.058479217	-0.1226092561	0.1840059108	0.0175764582	-0.0270334653	0.0205635975	-0.161856281	-0.1859820593	0.0223914897	-0.1089942537	-0.1277763235	0.0877471974	0.113223418	0.1025462595	0.0906923248	0.0719401838	0.0477161549	0.0	0.0	0.0	0.0	0.0216683156433106	0.0483358481512396	0.0023363542164996	0.0004695159028181	-0.0044404562763702	0.0190077115252194	0.0003612930974259	1.9717651942355503e-05	0.6090847407904221	-0.0418884159759187	0.0017546393929716	0.3709842214637356	-0.00632101165934	0.0003938444248115	3.995518839751222e-05	1.5511343095510145e-07	0.00024629107666	-9.044707790299992e-06	8.180673901191338e-11	6.0659294442342e-08	-0.0002497230149947	0.001338440208773	6.236158421804318e-08	1.7914221924603115e-06	0.0	0.0	0.0	0.0
54.90536571027194	-0.07588714399661	0.0057588586239622	3014.599183778705	62.34169549151406	0.0669690487915986	3886.486996756664	0.0044848534960515	54.75199999533996	0.0380743975079909	0.0014496597455965	2997.7815034897067	55.485541379612734	40.9222388140728	0.947879	32.508888	0.074924606272372	0.0377675721957652	-0.0107577863	0.0326335473	0.0556673639	0.0786754501	-0.0475276541	0.0620982756	-0.0697968063	-0.040013747	0.0748251763	0.1105675028	-0.0331374777	-0.0403696228	-0.0693335383	0.0124486655	0.090373193	0.0158481809	0.0283773193	-0.0366826869	-0.0789529587	0.0085639019	-0.0501337937	-0.0659084184	0.0009891102	0.0008304482	-0.0829715334	-0.0529063285	0.132619917	-0.0813156062	-0.0148688067	0.0056783268	0.0075006357	-0.0658583941	0.1323474187	-0.0491245263	-0.0118147551	-0.01090869	-0.0153354011	0.0159861115	-0.0597394275	0.1206873538	0.0055577306	-0.0177195415	-0.0458670371	-0.1077631569	0.087811496	0.0577683867	-0.0667305948	-0.0625956462	0.0549847017	0.002038034	-0.0441450583	0.1106955643	0.2419946193	-0.0479897519	-0.042486114	-0.016124102	0.027665932	-0.0514758047	0.0904123585	0.0416984106	-0.0561833268	0.0625824041	0.0222511174	0.1781944642	0.0129456172	-0.1652055085	0.0544436105	-0.0357994892	-0.0294143085	0.0326562792	-0.0919047091	0.0661684765	-0.069432651	-0.0527509716	-0.0485822742	-0.019356306	-0.0075606535	0.0289458572	-0.050777251	0.0348700098	-0.0386421087	0.0639010464	0.0129876449	0.0321458706	-0.1162547434	-0.0204963129	-0.0878145204	-0.0389145907	-0.0306569692	-0.0489111876	0.1427282009	-0.066271701	0.113359101	-0.0121065761	-0.0706227955	-0.0779716423	0.093842329	-0.0733492086	-0.0611487053	-0.0078826108	0.1415442003	-0.0515303864	0.006871341	0.0197490419	-0.0279583266	-0.0415172091	-0.0455635066	-0.0280041076	0.05380654	-0.0183050402	0.1131247564	-0.0147011605	0.0690604796	0.0933949999	-0.1289727756	0.0932028144	-0.2028350602	-0.0233603124	0.0709753054	0.046830374	0.0408315218	-0.0020176054	0.000914598	-0.0654930101	0.1346732847	0.042863584	0.0188632046	-0.0261854736	0.0010943025	0.0277417442	0.066158978	-0.0021318916	-0.0697910042	0.0423077227	0.0744706454	-0.0320163026	-0.0160947331	-0.1204835983	0.0172381618	0.1420046137	-0.0808794569	0.0819118725	0.145034095	-0.1303611068	0.0426806183	-0.0351719055	-0.0297935427	0.004425841	-0.1383265131	-0.1251798398	-0.1514304042	0.1198306225	-0.1007211719	0.0309040592	0.0750943177	0.1020101825	0.0886349585	0.0676265513	0.040794191	0.0	0.0	0.0	0.0	0.0406382757380185	0.0189699600947079	0.0003598593859948	0.0016514694549592	-0.0036363448147227	0.0008041114616474	6.465952427528786e-07	1.3223003611560668e-05	0.6324877724128655	0.0234030316224433	0.000547701889121	0.4000407822517887	-0.0065440448626598	-0.0002230332033198	4.2824523164504125e-05	4.97438097830914e-08	2.7186200588280585e-05	-0.0002191048760717	4.8006946718403533e-08	7.390895024262276e-10	-5.691103251475455e-05	0.0001928119824799	3.2388656218954504e-09	3.71764605878468e-08	0.0	0.0	0.0	0.0
54.94236133947101	0.036995629199076	0.0013686765798355	3018.663069556999	62.90969011326528	0.5679946217512182	3957.629110147067	0.3226178903383094	54.859212701325085	0.1072127059851268	0.0114945643246532	3009.5332182092275	55.59844786610769	41.04624726083237	1.027114	35.226368	0.3841962884272987	0.2005184500601341	-0.0600218609	0.0589067725	-0.1310183758	-0.0907558449	0.0339792799	-0.1414802367	-0.014061453	0.0436834984	0.0209066571	0.0838918109	0.0149903073	-0.0726913066	-0.1458423275	0.023208573	0.091521238	-0.117239486	0.033127722	-0.127859445	0.0636723949	0.0179248803	-0.0476497043	-0.0726267925	0.2976119303	0.0106398433	-0.009704148	-0.1206374281	-0.0449061568	-0.1178610144	-0.1184161033	0.0381648341	0.0488596463	0.0075408543	0.0404096221	0.0412337827	0.0413316077	-0.1080429231	-0.0079135004	0.031464627	-0.0652614025	0.0409671157	-0.1226060553	0.0524017458	0.0803277138	-0.0818134307	0.0164698814	0.1125716959	-0.0392325023	-0.172443086	-0.0341528334	-0.0302413581	0.0649833909	0.0052621651	-0.0270360215	-0.0702568153	-0.0105197366	-0.0108871534	-0.0801750931	-0.0056709779	-0.111613705	0.0225585421	0.0101713978	-0.1869244699	0.0266624526	-0.0604286191	0.0192231233	-0.0183426948	-0.1395883547	-0.00692845	0.0493907634	0.0430160229	-0.0071303441	-0.0364487035	-0.0063788151	0.0003930551	0.0414147187	0.157871112	0.014773739	-0.0292515299	-0.039376602	-0.0726957412	0.2045855617	0.0658409073	0.026971657	0.0477190671	-0.0771537111	0.0053790227	-0.0314697912	-0.0407262292	0.0094810561	-0.0544024572	0.1081031901	-0.0568783215	0.116651009	0.0206511126	0.090266027	-0.0784951672	-0.1370389094	0.1030661951	-0.167200415	0.0720361401	0.0515498585	-0.1111310814	-0.0046941715	-0.0905824973	-0.0112897222	-0.1551479676	-0.0121751159	-0.034979811	-0.0545221413	0.0418759776	-0.0094759882	0.0640734353	0.0642037098	0.0333585676	0.1152808667	0.0122407713	-0.1234038031	0.0276596674	-0.064955762	0.0373845387	-0.059522404	0.0587135038	-0.0922140238	0.0158760224	-0.1198153247	0.0009663887	-0.0996894842	-0.0368106245	0.0963898705	0.0403177244	-0.0324296857	-0.0764408866	-0.0296442339	-0.0870741267	0.0176846721	0.1040523511	-0.0226063232	-0.1311672359	-0.2074573946	0.2902413263	0.0521230865	-0.0955633488	0.1149053961	0.0374874118	0.2228718083	-0.1722755142	-0.0095348548	0.0372466027	0.0744089336	-0.1016502725	0.1311031974	0.0100580245	0.0719762966	-0.0332573347	-0.1470265112	0.1014416039	0.0864646403	0.06311904	0.0336643492	0.0	0.0	0.0	0.0	0.0958131068398699	0.0551748311018514	0.0030442619871178	0.0091801514423083	0.0429488912001971	0.0465852360149198	0.0021701842145657	0.0018446072553263	0.5640424326504316	-0.0684453397624338	0.004684764535195	0.3181438658302167	-0.003739153189132	0.0028048916735278	1.3981266571796005e-05	7.867417300225583e-06	0.0002402482058796	0.0002130620052913	4.539541809875822e-08	5.771920042836666e-08	0.001204952919628	0.0012618639521427	1.4519115385200415e-06	1.592300633717332e-06	0.0	0.0	0.0	0.0
55.09796435633383	0.1556030168628197	0.0242122988568109	3035.7856762118336	62.54477250637786	-0.3649176068874169	3911.84856787456	0.1331648598164393	54.80841520156719	-0.0507974997578912	0.0025803859816529	3003.962376907382	55.629990415701904	41.69037815277287	1.00522	34.475494	0.1439292678313924	0.0770446248531492	-0.10912326	0.0572367011	-0.0266527484	0.0838004274	0.0279550611	-0.1263681051	0.0527558508	-0.0162339223	0.0046798198	0.0727198096	0.0797036631	0.0074507655	0.1342954654	-0.0284583937	-0.0574242062	-0.0598944914	0.0817895241	-0.0890631643	0.0423966873	-0.034176845	-0.0615586767	0.0282295959	-0.0694342216	-0.0035712961	0.0045655266	0.084055054	0.020179189	-0.2461506623	0.0131184386	-0.1753121857	0.0078429732	-0.0667126677	-0.1696081313	0.0375396281	-0.00168166	-0.0109416828	-0.0138228449	0.2157384639	-0.1024411955	-0.0898945976	0.0276936215	0.0577478802	0.0303545906	-0.0785881665	-0.0043927888	-0.0165801817	-0.0381143506	-0.0245785309	-0.1636712078	0.1229715984	-0.0016491578	-0.0016972522	0.0125992381	0.0771661169	0.1464471522	0.0744808514	0.0951015662	0.0242708392	0.0615330674	0.0446056229	0.0364081756	0.0575309091	0.0293553685	-0.0673371391	0.0174539964	-0.0360796908	0.1050876179	0.0638797074	0.0883627041	-0.0753308426	-0.0273754888	-0.2008401948	-0.0527194024	0.0703642884	-0.0570984382	0.0967654423	-0.0549195541	-0.1096201872	-0.0815055295	0.0236239048	-0.0590280125	-0.1076508805	-0.1010032282	-0.1937464051	0.0411983462	-0.0112637616	-0.0098169625	0.0076410468	-0.1014436981	0.0333708077	0.1526704236	0.0507439082	0.0724902072	0.0325865992	0.0524875627	0.0085544523	-0.0813417336	0.1655422117	0.0369135719	0.107092623	0.1348178752	0.1339545124	0.1253093789	-0.0365109291	0.0680061713	0.0316831988	-0.0537950133	0.058331175	0.0178899721	-0.0089083323	0.0597371439	0.0500564329	-0.1286155177	-0.1079860434	0.0025924927	0.1294403215	0.0276280844	0.0116788587	0.002731738	-0.1122847065	0.0421949148	0.1295712215	-0.0497083825	-0.0243149059	0.0253522456	-0.0117634396	0.0005099704	-0.1156253165	-0.104916953	-0.1484851081	0.0140150937	-0.1169734452	-0.0374916334	-0.0318602652	-0.1235739434	-0.0171703381	0.0306526964	-0.1212880757	-0.2196261675	0.3477354497	0.2339580751	-0.2111956171	0.0813401818	0.0483238102	-0.0189616897	0.0078411193	-0.1827652609	-0.0883349572	0.2343933096	0.3211073542	0.0753717972	-0.055253585	-0.0675468139	0.2331780183	-0.0980953862	0.1008407046	0.084184136	0.0584305724	0.0263629615	0.0	0.0	0.0	0.0	0.1238989777239965	0.0280858708841265	0.0007888161433198	0.0153509566810513	0.0723302226585644	0.0293813314583673	0.0008632626382664	0.0052316611098375	0.5022455688897551	-0.0617968637606765	0.0038188523706556	0.2522506114693937	-0.003739044315577	1.088735550000032e-07	1.3980452393848677e-05	1.1853450978338722e-14	4.518992205215788e-05	-0.0001950582838274	3.8047734089706975e-08	2.042129055080105e-09	0.00150308979681	0.0002981368771819	2.2592789372743267e-06	8.888559753583487e-08	0.0	0.0	0.0	0.0
55.307249438439534	0.2092850821057013	0.0438002455919901	3058.89184044577	63.0122535932867	0.4674810869088404	3970.544102904673	0.2185385666174708	54.782561161886605	-0.0258540396805884	0.0006684313678054	3001.1290074558465	55.53661197318028	42.22439816601015	1.00965	34.627422	0.2890601790337673	0.1299009808368553	-0.0852902845	0.0626146899	0.0930927118	0.083249846	0.0405911151	0.052385503	-0.067878158	0.0108584281	-0.1326465956	0.0797284697	0.1002615976	-0.0742134745	0.0256168855	0.0108367719	0.0118751154	-0.1073129429	-0.0896981008	-0.0337807667	-0.0202675382	-0.0183300306	0.1849842022	0.1444777824	-0.1053881391	-0.0987951265	-0.089608088	0.02885437	0.0268337175	-0.0318819538	0.0456029613	0.1095339042	0.0044560006	0.0650092736	-0.0537390326	-0.0245901482	0.1026141008	-0.0384167585	0.0029013666	-0.1262420491	0.0249104561	0.0322483036	-0.0367516198	-0.0593874626	-0.1079952946	0.1322006848	0.067516592	0.0049333259	-0.052138891	0.0444193123	-0.0990365103	0.0448846859	0.0920487952	0.1308981487	0.0796733431	0.1316703337	-0.0194518225	-0.0115424645	0.0286973705	-0.1113178083	0.0158116904	-0.0281008312	0.1650617126	0.0474788241	0.0962028009	-0.1061876852	0.0474560711	-0.0843050794	-0.0276042421	-0.0418832997	-0.0612543017	0.0624193255	0.0325582701	-0.0697268131	-0.0533339845	-0.0158881535	-0.0808155984	-0.035112488	-0.06801576	0.1179931231	0.0218740372	-0.008686464	-0.030656552	-0.1814820641	0.0340419072	-0.1034898661	-0.0539831776	0.0206957129	-0.0650684488	0.0535578933	0.0997853492	0.100580491	-0.0431426085	-0.0501823227	-0.074245665	0.0909071712	-0.0140163504	0.0413894821	0.0235890234	0.0495840224	0.0989836514	-0.1513975225	-0.1943635182	0.0180438811	0.0466968147	0.1073836847	-0.0508647552	-0.0558311792	-0.1076801333	-0.0536258099	-0.0439037031	-0.0418388737	-0.100287959	0.0714956363	0.0410999517	0.0575360966	0.0530547804	0.0925010462	-0.195837898	-0.119298218	-0.0314775444	-0.0575400794	-0.0946649336	0.0643596312	-0.0002129979	-0.075855208	-0.0085194625	-0.0204194239	-0.0783299436	-0.0190779606	-0.0344790721	-0.0315318142	-0.0267874395	-0.079669596	-0.0895500694	0.0555014689	-0.0078357117	-0.0966320284	-0.0665775709	-0.0824252667	-0.1271854061	0.1279008741	0.2104655453	-0.1448666451	0.0879703331	0.132585582	-0.0382059014	0.0690303799	0.0416137306	0.0662708386	0.1067344421	-0.0216597365	0.0016400752	-0.0469632393	0.0328106343	-0.101089873	0.0951575983	0.1002076762	0.0817963518	0.0535745901	0.0189272343	0.0	0.0	0.0	0.0	0.0522313956058297	-0.0716675821181667	0.0051362423266641	0.0027281186869326	0.043702865021288	-0.0286273576372763	0.0008195256052925	0.0019099404110689	0.5247540315289214	0.0225084626391662	0.0005066308903787	0.2753667936058562	-0.0050738686479465	-0.0013348243323695	2.5744143056614443e-05	1.7817559982856816e-06	-0.0008179584612708	-0.0008631483833229	7.450251316330359e-07	6.690560443644949e-07	0.0003759269797193	-0.0011271628170907	1.41321094080875e-07	1.2704960162318426e-06	0.0	0.0	0.0	0.0
55.231935166825615	-0.0753142716139194	0.0056722395087352	3050.566662272428	62.87246745114499	-0.139786142141709	3952.947163395286	0.019540165534862	54.8985737955104	0.1160126336237965	0.0134589311603292	3013.8534047811013	55.62547662026	41.18832427463091	0.970534	33.285866	0.1888982536981198	0.1018459769736622	-0.0405523336	0.0450284347	-0.0584685438	-0.040678932	-0.1094370284	0.0308506767	-0.1554214825	0.0086594746	-0.045987231	-0.0320321503	-0.0058654521	-0.0340378961	0.1032096354	0.0099129141	0.0036587675	-0.0077753153	0.0049877904	-0.1078929172	0.1339352736	0.0971529792	0.0736572307	0.113099027	-0.0126878152	0.0122098918	0.0595990347	0.0057142478	-0.1000913941	-0.0547993297	-0.0533116758	0.140407973	0.1647272282	-0.100863233	-0.0020939582	-0.0572961003	-0.0720248254	-0.0056715992	0.0583752713	0.0065987458	0.1660194475	0.1122493904	0.0387970823	0.0049146036	-0.0154329088	0.1497247946	-0.0215724223	-0.032323489	0.008183566	0.0460579267	0.0276611851	-0.017833021	-0.04529565	0.1459516426	-0.0358989296	-0.0240298365	0.0537517137	-0.0378801031	0.0748836704	0.1060533607	0.0441814383	-0.0803693148	-0.0258297294	0.198178317	0.0066242097	0.1441483553	0.1019097651	0.0010858974	-0.0303792107	-0.0584590282	-0.0642843157	0.0089783058	0.0516692918	-0.0606620399	0.001232796	0.0592736646	0.0355204948	0.1081184817	0.0026049746	0.1165593501	-0.0712585525	-0.0489846775	-0.0038122646	-0.0295303725	0.019775477	-0.022177752	0.0622662074	0.0440771544	0.0574189288	-0.0040164264	0.2119159573	0.0761625042	0.0027160602	0.1074001551	-0.0508643464	-0.1225393303	0.0697724842	-0.0617794094	-0.0760466562	-0.1808448903	0.0405797451	-0.1028820866	0.0164167831	-0.0587909995	0.1109198334	0.0089855899	-0.0897127804	-0.0728791806	-0.028240474	-0.0385299262	0.0033322662	0.0539979817	-0.0370866188	-0.0069218051	-0.0675622652	-0.1353035836	-0.0928165026	-0.0913122282	-0.0582401828	-0.1059182427	0.0823359456	0.0087901152	-0.0082637669	-0.0176854462	0.0819616234	-0.0838350588	0.0337414862	-0.0182144177	-0.0025940189	0.0727643161	-0.1036992428	0.0904876734	-0.0037035859	-0.0577694878	-0.0375352668	-0.1012627773	0.0772362221	-0.0496442981	-0.1536939518	-0.1120022031	-0.0398241486	0.1259206742	0.1654977568	-0.0932568257	0.0669665396	-0.0190537263	-0.2031937675	0.0249039976	-0.0309104429	0.0665483578	-0.0220827194	-0.1195510664	-0.0418363489	0.1227572916	0.1376548711	-0.1097395447	0.058403394	0.0995427205	0.0793043304	0.0485650145	0.0113950582	0.0	0.0	0.0	0.0	0.0605737055120414	0.0083423099062117	6.959413457127789e-05	0.0036691737994595	0.0153105784470284	-0.0283922865742596	0.0008061219369148	0.0002344138123826	0.5917376740502149	0.0669836425212935	0.0044868083654204	0.3501534748903584	-0.0061229158491455	-0.001049047201199	3.749009849571716e-05	1.1005000303434555e-06	-0.0012956215179267	-0.0004776630566559	2.281619956938576e-07	1.6786351177146863e-06	0.0001990369436471	-0.0001768900360722	3.961570493637886e-08	3.129008486162421e-08	0.0	0.0	0.0	0.0
55.19444341300826	-0.0374917538173562	0.0014056316043012	3046.426583671771	62.45758349660765	-0.4148839545373448	3900.949736235716	0.1721286957325456	54.80549908927477	-0.0930747062356331	0.0086629009408494	3003.6427304244976	55.55608840351335	41.37669907594692	0.96328	33.037086	0.1873426658380011	0.1098910776852392	-0.0351840052	0.0464896094	-0.0997077443	0.0600754279	-0.1024890035	-0.0623037148	0.0154021755	0.0884842476	-0.0364554144	-0.0085260968	0.0523055389	-0.0372514909	-0.0784973783	-0.0055407217	-0.0582864834	-0.0545564761	-0.1124019712	-0.0210248284	-0.0157316035	0.0070061404	-0.0601330591	-0.0289536416	0.0894758314	0.145505651	-0.0091338164	-0.0244125259	-0.0679147522	-0.0646677351	-0.0180741888	-0.0405660037	0.0982344515	-0.0116712957	-0.0496841653	-0.099610945	-0.0073013448	0.0788442143	0.2372117866	0.0361329116	0.057717413	-0.0431192808	-0.0551935491	0.0575631786	-0.0212475058	0.0680493541	0.045282468	0.082085759	-0.024892523	0.1069884579	-0.029660667	0.0130545294	0.1253194655	0.0304310186	0.174649172	0.1032413893	0.0920403229	-0.0816685379	0.0388143042	-0.0240023334	0.2048272307	0.0560289928	-0.071671813	-0.0455815548	-0.0489157433	-0.1270943347	-0.06896416	0.0546236418	-0.0147617044	0.0614423247	0.1094364807	-0.0513325167	-0.0912191819	0.0165037615	0.0178059927	0.1093394648	-0.077369593	0.0122038627	0.0949487327	-0.0547734651	-0.0583248397	0.0078457393	0.0393618662	0.0316209521	-0.0960475472	-0.0303980917	0.0370945865	0.0498521722	0.1324810137	-0.0214530807	0.0553517166	-0.0020249589	-0.0383889202	-0.0054758597	0.0170982923	0.000814267	0.0886405223	-0.1363778407	-0.1776324663	-0.0561980035	-3.31648e-05	0.1092157319	-0.1085091309	0.0809184685	-0.0095095873	0.116383002	-0.0139421576	-0.0731498409	0.0335203027	-0.129872314	0.0614032733	-0.0898778574	0.0969354028	0.0192491176	-0.0541133586	0.131475368	-0.0600856568	0.0785315896	-0.1274398445	0.1016458223	-0.0066159998	-0.0407167248	-0.0186303312	0.1283166439	0.0905051352	-0.1919689097	0.0449334017	-0.0510341054	0.0075742889	-0.0906584541	-0.0769906179	0.0023501071	-0.0174883793	-0.0395043631	-0.0650441026	-0.0482707967	-0.1186871927	0.0809865431	-0.1530348358	0.0257115469	-0.0655655277	0.1184711814	0.1315882251	0.0421172093	0.0621781704	0.1174196621	-0.0827348096	0.0089642085	0.0804410872	0.1402836846	-0.0649374626	-0.0883898381	0.0664085205	0.0155732175	0.081483628	-0.1037345229	0.0629383834	0.0988460491	0.0767112478	0.0434162077	0.0038048156	0.0	0.0	0.0	0.0	0.0991395214942798	0.0385658159822384	0.0014873221623758	0.0098286447221147	0.0013911124692924	-0.013919465977736	0.0001937515331053	1.9351939022207984e-06	0.5854504749571632	-0.0062871990930517	3.95288724356708e-05	0.342752258627568	-0.0078598888345308	-0.0017369729853852	6.177785249118192e-05	3.0170751519583187e-06	-0.0015359725842138	-0.000240351066287	5.77686350653459e-08	2.359211779456419e-06	-0.00039504270038	-0.0005940796440271	1.5605873512352244e-07	3.529306234473659e-07	0.0	0.0	0.0	0.0
54.960733108989295	-0.2337103040189632	0.0546205062046362	3020.682183877552	62.9040918992591	0.4465084026514532	3956.924777670434	0.1993697536383522	54.75620944628725	-0.0492896429875173	0.0024294689058369	2998.242472925677	55.50804078536586	41.02176930394476	0.99386	34.085888	0.2610886747816413	0.1549860467857377	0.0136920801	0.0243207845	0.1308053447	0.0199601141	0.1242420228	0.0201803159	-0.0003654351	0.0441245882	0.006876327	-0.0404610951	-0.0140391961	0.069325215	-0.0196803175	-0.025420975	-0.008342373	0.0630098771	-0.0446925173	0.0183302686	-0.1577603465	0.0754541891	0.0078618954	0.0563626626	0.0433002513	-0.0605400285	-0.0692592921	-0.1880443386	-0.0414839873	0.0321004342	-0.0216714436	0.0263572286	-0.0570606591	0.1880083977	-0.0740583694	-0.0508325574	-0.2011176397	0.1683514455	0.0556177337	0.0712787426	-0.1267725527	0.0362367137	0.0046468909	-0.0479467535	-0.0085968498	0.0454989306	-0.0366788604	0.0804330326	-0.036133135	0.153559754	0.0709290031	0.0886192629	0.0702821115	0.1053660787	0.0218672572	-0.0552238676	-0.0331139392	0.0724241076	-0.0680084506	0.0643608306	-0.101539229	0.0295515332	0.0314497627	-0.0274836643	0.0001141159	-0.102226737	-0.016859697	-0.0550053883	-0.0137393677	0.0339058637	-0.0540331235	0.0510102709	0.1283060036	-0.0497233761	0.0669559483	-0.03348591	0.0114072433	-0.0465764927	-0.140093077	-0.0425388799	0.0198964892	0.0102209458	0.0908612493	-0.0213423621	0.0561329142	0.0369765935	-0.1477840292	0.1314889386	-0.0065789335	-0.123497392	-0.0219667842	-0.0466539565	-0.1449588331	-0.0636153443	0.0396198091	0.0614416512	0.1143577243	-0.1347482375	-0.0050979749	-0.0577650888	0.0499290914	-0.0184010989	-0.0337145518	0.1633250084	-0.1720969125	0.1147817773	0.0110800776	-0.0190811053	-0.1313212178	0.0006040623	0.0801038365	-0.0154170953	0.024722453	-0.0629068738	0.041421436	-0.1899232218	0.0953014972	-0.0200509867	0.0073353527	-0.0206143004	-0.0401643868	0.0336281241	0.0049764014	-0.0603544408	0.0423702215	-0.078304572	-0.0922593901	0.0234391717	-0.0835332504	0.0402727165	0.034441239	0.0444892201	0.0445609573	0.0109101328	-0.0646254656	0.0538158491	-0.012790663	-0.1012733339	-0.1190338368	0.0352391803	-0.1292047489	0.1874308985	0.0820540758	0.1178053444	-0.0393608029	0.0064325574	-0.0688936846	0.1584415934	0.1432607071	0.1011378139	-0.0593789308	-0.049245973	-0.0376588418	-0.0305639308	-0.0347226169	-0.0802733042	0.0686439576	0.0981178842	0.0740204082	0.0381429308	-0.0038048156	0.0	0.0	0.0	0.0	0.082175343814427	-0.0169641776798528	0.0002877833243536	0.0067527871310192	-0.04077225555055	-0.0421633680198424	0.0017777496027766	0.0016623768226793	0.6787270602226343	0.0932765852654711	0.0087005213587867	0.4606704222784594	-0.0098389611021369	-0.0019790722676061	9.680515556936297e-05	3.916727040407553e-06	-0.0016823350626014	-0.0001463624783876	2.14219750797607e-08	2.8302512628580565e-06	-0.0003467865700442	4.825613033579998e-05	1.2026092516302085e-07	2.328654114985715e-09	0.0	0.0	0.0	0.0
54.999478539598975	0.0387454306096799	0.0015012083931295	3024.942639627808	62.974285377739626	0.070193478480526	3965.760618836991	0.004927124421196	54.84348307064348	0.0872736243562286	0.0076166855082721	3007.807635319958	55.64771930393634	39.77445544659058	0.973189	33.376926	0.1909942618168188	0.095126077601923	0.049187267	-0.0098011894	-0.0103639458	-0.0821515437	-0.036767133	0.0067619407	-0.0977077845	0.0692369931	0.1244609824	-0.0322825856	-0.0417652798	0.0581907705	0.0459583737	0.0365046388	0.0680943186	0.0412138143	-0.013176326	-0.0590648756	0.0096025155	0.0583506783	0.0353662369	0.1265000807	0.1138751615	-0.0016897073	-0.0092247887	-0.0846823604	-0.1056891576	0.0686355178	-0.0664110406	0.0353392509	-0.0083607544	-0.0709425314	-0.0053499452	0.0938562559	0.1015556362	-0.0141809784	0.0216388142	0.0042320272	-0.068386888	0.0557199898	0.0829570573	-0.0531266847	-0.0367883399	0.0174326393	-0.0386728324	0.0696221167	-0.1616525824	-0.0679907493	0.0653465173	-0.0301363968	0.0839467023	-0.0537634387	-0.1373202128	0.022531748	0.0797451507	-0.0275059834	0.0381552992	0.0332220379	-0.027151614	0.083470614	0.0479534045	0.0415731819	-0.0830213516	-0.024400103	0.000155169	-0.0045846181	0.1557899954	-0.167140792	0.0084780067	-0.0105563027	-0.0284312754	0.0971760853	0.0003714904	0.0105328411	0.0566588147	0.0756818647	-0.0182790283	0.0283298487	-0.0875882961	0.0904743975	0.210571286	-0.0035384478	0.0764352818	0.0322504208	0.0593645592	0.0616834193	0.006275878	-0.00214449	0.1197672969	0.0198964184	0.0362831085	0.0257244579	0.0053978628	-0.0311270006	-0.0794591751	-0.0643757953	0.0095908452	-0.0097302281	0.0381374491	-0.0461764948	0.0875930865	0.0128470777	0.0056552939	-0.0043682554	-0.0048226449	0.0970613199	-0.1151175654	-0.019908517	-0.0341795704	-0.0329370454	0.03519167	0.1009303126	0.0308718551	0.0765237226	0.1122776692	-0.016213442	0.0827546831	0.0577561458	-0.000190882	0.0014581537	0.018209065	-0.0685952919	-0.0535001889	-0.0578047672	0.0319093406	0.0197939134	-0.087714753	-0.0752083462	-0.1030028101	-0.0989177877	-0.1351772266	0.0426662479	0.0055740236	-0.0820705089	0.0507173942	-0.0706643512	-0.1953309681	-0.0406467938	0.0160514405	0.1330072517	0.0562142319	0.084199195	0.028479955	-0.0245524915	-0.0803018307	0.0175831672	-0.0695744867	0.0220873673	-0.0788219861	-0.0205826698	-0.0885316629	0.0885293764	0.0629060686	-0.0142069583	0.0275438505	0.0973584576	0.0712352408	0.0327603017	-0.0113950582	0.0	0.0	0.0	0.0	0.0601876547195274	-0.0219876890948995	0.0004834584717339	0.003622553780637	-0.0478960830079842	-0.0071238274574342	5.074891764329344e-05	0.0022940347675077	0.7339238021216943	0.0551967418990599	0.0030466803162714	0.5386441473207638	-0.0107400062903389	-0.000901045188202	0.0001153477351165	8.118824311819785e-07	-0.0019288982721121	-0.0002465632095107	6.079341628421736e-08	3.720648544157045e-06	-0.00133289823964	-0.0009861116695958	1.7766177172354109e-06	9.724162249130164e-07	0.0	0.0	0.0	0.0
55.04404352729646	0.044564987697484	0.0019860381284769	3029.846727834907	62.55547767599629	-0.4188077017433329	3913.187787272071	0.1753998910395325	54.8131423147475	-0.0303407558959776	0.0009205614683393	3004.480570416763	55.60394214448475	40.44618296733481	0.975672	33.462074	0.2035370384239159	0.1133584954953422	0.0011289386	0.0358431707	-0.1003072023	0.0100538791	-0.0501236795	-0.1218072612	0.0285187939	0.0654834748	0.0280832913	0.030596602	0.0399133698	-0.0773976832	-0.0979804319	0.0665563108	-0.0310103097	-0.0477228573	-0.0080482987	-0.0912613809	-0.0562343179	0.0051781407	-0.0058126616	-0.0388572684	0.0832696569	0.0172186108	-0.0428983239	-0.0430164924	-0.0431263458	0.1274231869	-0.1359465054	-0.0411686	0.1118650197	0.0323803003	-0.0073612819	-0.0921764015	0.0017451856	0.0506997385	-0.0223439919	-0.0349396899	0.0300644956	0.0495104826	0.1710435574	0.0846370021	-0.0234290099	0.1105524278	-0.0643947409	-0.1106860174	0.1833654859	0.020761439	-0.1403046485	0.0705312918	-0.1051222624	-0.0421786433	-0.0566652541	-0.0211451512	-0.0333732295	0.052209298	-0.0807389131	-0.0592845675	-0.005222817	0.0254996455	0.0790148728	0.0946890979	-0.1321944847	0.0568892717	-0.0055134687	-0.0460395833	-0.0167841245	-0.0795452765	0.0573793297	-0.029193788	0.0535383389	0.0664086893	0.0550142771	0.0297074903	-0.0771010962	0.0467266383	0.0474099783	-0.0732705072	-0.1115557045	-0.020565313	0.1239279603	0.0748743411	0.013103233	0.0670527949	-0.0792085044	0.0840223137	0.0342866609	0.1088322684	0.0281416418	-0.0992191514	-0.0355115035	0.080720367	-0.0434473506	-0.0127939577	-0.0240502479	0.0028935218	0.0671620908	-0.0891631994	0.1000377868	0.0752819388	-0.1186936048	0.1085177677	0.0439436777	0.0132714756	-0.0940681713	-0.1855721247	0.1828368396	0.1751401828	-0.0195855048	-0.0117403885	-0.1300236899	-0.1047619305	-0.029958361	-0.0389219718	-0.0004665607	-0.0275886148	0.0575408162	0.0318768537	0.0035407432	0.0291865531	0.0569413112	-0.0875418663	-0.0774165747	-0.0222971923	0.0620334861	-0.000814675	0.0089942463	0.0847691187	-0.0139531514	-0.0005241392	-0.0177887458	0.0016097374	-0.0391426833	-0.0776725066	-0.1495930591	0.0627773218	-0.1090484155	0.0950499334	-0.0107139132	0.0195151459	-0.0234293453	0.1082393946	-0.0056425499	0.0837928813	0.0181385711	-0.0401601992	0.0355844175	0.0226766405	-0.0544121304	0.0361692147	-0.0084603274	0.0316740448	-0.0586979249	-0.1033975521	-0.0806193117	0.0965680115	0.0683592949	0.0272837521	-0.0189272343	0.0	0.0	0.0	0.0	0.060048649889552	-0.0001390048299754	1.9322342756491523e-08	0.0036058403535579	-0.0272138223095623	0.0206822606984219	0.0004277559075974	0.0007405921246964	0.6380499444656706	-0.0958738576560236	0.0091917965818474	0.4071077316326454	-0.0099238659705775	0.0008161403197613	9.848311580198612e-05	6.660850215402396e-07	-0.0021298704174059	-0.0002009721452938	4.0389803183992265e-08	4.536347994940783e-06	-0.0020526240793747	-0.0007197258397346	4.213265611228834e-06	5.180052843818188e-07	0.0	0.0	0.0	0.0
55.081018915937165	0.0369753886407053	0.0013671793651312	3033.918644817828	62.81447096562757	0.2589932896312774	3945.657762691669	0.0670775240740307	54.74326848362189	-0.0698738311256121	0.0048823522761705	2996.82544426991	55.49566859290714	40.886235131970416	0.972645	33.358261	0.2177296798518935	0.1158247486790971	0.0125003224	0.016213507	0.1021689965	0.07153642	0.149189264	-0.0154234148	0.0429405693	-0.0126450195	-0.0095544637	-0.0981056841	-0.0294441326	-0.038020845	0.0475673252	0.017955065	0.0750784984	0.0100277436	-0.0961658537	0.0132708471	-0.0956760824	-0.0849129182	0.0809037196	0.0596487333	-0.1312821506	0.0699920268	0.0236966211	-0.0092252892	0.0004542604	-0.0183883235	0.030466909	0.0176899131	0.1192286588	-0.0571566766	-0.0341871195	-0.0280881157	0.0603690231	-0.088641501	-0.0780704031	0.0323059638	-0.0916155884	-0.1158321602	0.0243225434	-0.0686741901	-0.0013160645	0.0336920648	-0.0177463982	0.035416361	-0.0977985261	0.071802852	-0.0423400744	-0.0286746493	-0.0201613365	0.030212052	0.1260663143	-0.0317669986	0.033075437	-0.0909408191	-0.0205936613	0.0011686251	-0.0005274586	-0.1432482025	-0.141435304	-0.1038694433	-0.0054835139	-0.0613473601	0.0869481224	-0.0450926936	-0.040753732	0.0362558399	0.0288823391	-0.0619845145	0.1003357996	0.0076687479	-0.0334205866	0.0018959645	-0.0550566639	-0.0378218693	-0.0851374301	-0.0982640928	0.069723557	0.0417071103	-0.0654078131	-0.0871843458	-0.0456614523	0.0745127888	-0.0090858254	0.0430664423	-0.0682817834	0.0020822721	0.119223651	-0.0024997174	0.057871138	0.0032081631	0.0431327049	0.0050133417	0.0152423442	0.0863663693	0.0682424544	0.0436562818	0.0693302331	0.077629923	-0.0456291292	-0.0478578585	0.1836265658	0.0209744201	-0.080475553	0.1441657901	-0.0835407232	-0.0273521959	0.0234369197	-0.0164073152	0.0450178706	-0.0544245948	0.0586173064	-0.0316469563	-0.0653607104	-0.0561181806	-0.0497464473	0.049730842	-0.1337346864	0.0122996529	-0.0174302316	0.1115042197	0.1133032529	-0.0022812713	-0.0222814437	0.0415356468	-0.0295645992	0.0143531614	-0.0312126223	0.0988314631	-0.0237174686	0.0317692898	-0.0670835432	0.1075120585	-0.0696962228	-0.0544879045	-0.0736305366	0.0950193592	-0.0496950243	0.0140197349	0.0312622232	0.0688725553	-0.0916753879	-0.0543762078	0.0110276162	0.0258962498	-0.0402839675	0.0050637609	-0.0196976045	0.0206464581	-0.0698390142	-0.0115796623	-0.0381371136	-0.0569184749	0.0588402731	0.0957467976	0.0653962354	0.0217289825	-0.0263629615	0.0	0.0	0.0	0.0	0.0145199325769738	-0.0455287173125781	0.0020728641001286	0.0002108284420398	-0.0500967604612441	-0.0228829381516818	0.0005236288584536	0.0025096854087112	0.6689728144242792	0.0309228699586086	0.000956223886477	0.4475246264387411	-0.0115451037495167	-0.0016212377789391	0.0001332894205871	2.628411935859707e-06	-0.0016049247903493	0.0005249456270566	2.7556791136584694e-07	2.575783582677745e-06	-0.0022743437619594	-0.0002217196825847	5.172639547563636e-06	4.915961764546018e-08	0.0	0.0	0.0	0.0
55.08765313991877	0.0066342239816066	4.4012927838124445e-05	3034.6495284640023	62.36635349451569	-0.4481174711118783	3889.56204820289	0.200809267915705	54.73504214579832	-0.0082263378235722	6.767263398753615e-05	2995.924838702318	55.53106857278115	40.457348272703975	0.923955	31.688395	0.0645073478190654	0.0326671775657178	0.0158841648	0.0143524935	0.0862228045	0.0384612241	-0.0681154573	0.0341498091	-0.0882872719	-0.1165215229	0.0871028776	0.0428806871	0.0259697542	-0.065121365	-0.0450687844	0.0329162635	-0.0316103601	0.0380011723	0.1129859291	-0.0019655272	0.065817159	0.0619976346	0.090293213	-0.0182356266	-0.0657675236	-0.1358625393	-0.0265012005	-0.0884738491	0.1074447766	0.0606847536	-0.0742284832	-0.0410211108	-0.0279355474	0.0467129333	-0.0514913565	-0.000443086	-0.0735079298	0.0639674109	-0.0216476947	0.1565585722	-0.0280263067	-0.0856069859	-0.1015789159	-0.076211588	0.1106171428	-0.0280317895	-0.1703938687	-0.0435986464	-0.0414965928	-0.0526634292	0.0363770499	0.005891928	-0.0382023731	0.1075886085	-0.0578704237	0.0595454915	0.0113344232	-0.0572384686	0.0150433737	0.1593554061	-0.0561859276	0.0361068108	0.1827373173	0.0558011175	0.0107549465	-0.044771273	0.0963031815	0.0466171965	0.078712676	-0.0095442636	0.0803942556	0.0922086907	-0.10283192	0.1042610974	-0.0349350442	0.1136349459	0.0180390156	0.0210755218	-0.0261108263	0.034107455	-0.0817381948	0.1140829585	-0.0074710282	-0.1341275113	0.1304263554	-0.0325707519	-0.0682386607	0.0735663091	-0.0073828243	0.0272140267	-0.080471835	-0.089338236	-0.0357554269	-0.012099991	0.0476299727	-0.0667404313	0.0942792472	0.0798651235	-0.1197997799	-0.0648127522	0.0398227586	-0.0480098111	0.0387112322	0.0167102374	-0.0486080838	-0.1356023555	0.1183965561	0.0319470307	-0.133077569	0.1436211441	-0.0443442711	-0.0497889323	-0.0204909304	0.0576388087	-0.0463367918	-0.1472044577	-0.0358110718	0.0623132237	-0.0900869056	-0.012918558	0.0792161204	-0.0548807896	-0.0551795338	-0.0823384827	-0.0174774362	0.0952074872	0.1010659266	-0.1100881132	-0.032651476	0.0839954857	0.0737310536	-0.1302075431	-0.1627615286	0.0322289989	-0.0340759816	0.0093898596	0.0433246424	-0.1218328321	-0.1241991652	-0.0022650806	-0.0060508309	-0.0657478637	-0.0228536684	0.0830727841	-0.0959850469	0.0914423006	0.0985147175	-0.0140161804	0.0869695881	0.0298275439	-0.0408348142	0.0133870555	0.0152579626	0.0638387474	-0.1932439863	0.0068841919	0.0026154663	0.0948950775	0.0623498384	0.016111918	-0.0336643492	0.0	0.0	0.0	0.0	0.0145932145883875	7.328201141370075e-05	5.370253196837767e-09	0.0002129619120227	-0.074435445168234	-0.0243386847069898	0.0005923715732662	0.0055406354973931	0.6830137284759061	0.0140409140516268	0.0001971472674051	0.4665077532865588	-0.0114350007741388	0.0001101029753778	0.0001307592427045	1.2122665187066245e-08	-0.0017611011548408	-0.0001561763644914	2.439105682578185e-08	3.1014772775816e-06	-0.0025291537630707	-0.0002548100011113	6.3966187572546825e-06	6.492813666634077e-08	0.0	0.0	0.0	0.0
55.02492313753612	-0.0627300023826507	0.0039350531989273	3027.7421662917577	62.71047364121274	0.344120146697044	3932.6035043052375	0.1184186753627951	54.58369952651154	-0.1513426192867797	0.0229045884125831	2979.380254000496	55.387619078201695	40.47680217020773	0.918906	31.515213	0.1067006560809501	0.0592538204971628	-0.0016155384	0.0270338915	-0.0906780668	-0.0837244016	-0.1102330717	-0.020588341	0.0221930501	0.0146088315	-0.0533539552	0.0194404131	-0.0631795164	-0.050605991	0.0226255911	-0.0166716986	0.0895167966	-0.1044637821	-0.0689481597	0.0789165357	0.1678726193	-0.0196553193	0.0248558973	-0.1104995523	0.0495245669	0.0127551024	0.0720757469	0.0431936979	0.1113978185	-0.0191759146	0.0351805776	0.0741829781	-0.0786554374	-0.0427585713	0.0907762693	-0.1428394902	0.0281051908	0.0056120325	-0.0467900649	0.0278110367	-0.0586193805	-0.0597033317	0.131813171	0.0673002094	-0.078954682	0.0676239043	0.0435540305	0.0418985607	0.1966596973	0.0535140838	0.0297007305	0.0451178239	0.0414416167	-0.1107255067	-0.0142277015	0.1179463214	-0.0639860844	-0.0488710926	0.0406105316	-0.1444673873	0.0541087781	-0.060931285	0.0646793799	-0.0732292258	-0.0178570722	-0.1398196495	-0.0609969675	-0.0354466168	-0.0865556208	-0.0717064117	0.075191397	0.0183281105	-0.032375305	-0.0073999694	-0.0175591838	0.052511412	0.0483725403	0.0778081535	0.200145006	0.0010630177	0.0258314062	0.0007357653	-0.0114223361	-0.0528044556	-0.0186891797	-0.0811698043	-0.0279996663	-0.0050825094	-1.71828e-05	-0.0398496451	0.0242017046	0.0289278511	0.0365978186	-0.1520053632	-0.0059505997	-0.178355885	0.0100050693	0.0801211988	0.0732851996	-0.0261306678	-0.0344377516	0.1239042223	-0.180401695	0.1418302637	-0.1498770175	0.0141490249	-0.0798859412	0.0519867225	0.0985070828	0.0486234025	0.0240603234	0.0764580094	-0.1066454618	0.0388617996	-0.0116590756	0.0944658663	-0.0097864631	0.0453519289	-0.0519810752	0.0818703895	0.0481487399	-0.1141719803	0.0395697802	0.1282821013	-0.1183111261	0.0650856049	-0.0358877009	0.0303584758	0.0156894379	0.0609366251	-0.0008174164	0.0226742636	-0.1131715188	0.0067300073	-0.0217484163	-0.0900041505	-0.0512547982	-0.0106899894	-0.165975635	-0.0309146187	0.0239243905	-0.0666720593	0.0078566112	0.1146358988	0.0175877065	-0.0513961751	7.17759e-05	0.0821294865	0.0348296054	0.0219148732	0.0209458342	-0.0289221813	-0.0234754187	-0.0167211347	-0.0918384571	0.0188395198	0.0682527788	0.0940131227	0.0592239858	0.0104486623	-0.040794191	0.0	0.0	0.0	0.0	0.0385413443880793	0.0239481297996918	0.0005735129209028	0.0014854352272405	-0.0507576942171681	0.0236777509510658	0.0005606358901007	0.0025763435222435	0.6353649857715737	-0.0476487427043323	0.0022704026813036	0.4036886651445121	-0.0113583026162933	7.66981578455006e-05	0.0001290110383232	5.882607416893325e-09	-0.001611199165425	0.0001499019894157	2.2470606430814605e-08	2.595962750666217e-06	-0.0025272332578148	1.9205052558999257e-06	6.386907939405208e-06	3.688340437939239e-12	0.0	0.0	0.0	0.0
54.976952280888426	-0.0479708566476944	0.0023012030875136	3022.4652820950832	62.63237048430764	-0.0781031569050938	3922.8138324835713	0.0061001031185417	54.730894308960416	0.1471947824488779	0.0216663039801725	2995.4707918585955	55.53776227656881	40.301624167495206	0.941067	32.275257	0.1708912133076477	0.0985858647367896	0.0115838573	0.011836891	-0.0746226918	0.0290014212	-0.0081535733	-0.1847054792	0.0331702703	0.0530086606	0.1115274547	-0.040195314	0.034846615	-0.0366908234	-0.0501503538	0.1433017262	0.0001090652	-0.0672193482	0.0962502692	-0.0210076971	-0.0083684951	0.0207419014	-0.0979486401	-0.1338664289	0.0092174435	-0.062362944	-0.0378284265	-0.2073049894	-0.0126656458	-0.0639941728	0.0504967897	-0.0050981308	0.0613193736	-0.0324965644	0.0585993015	-0.0874802274	-0.0468739684	0.0637032816	0.0390547658	-0.108189461	0.1160395125	0.0059749133	0.0338904505	0.0548905635	-0.0243716176	0.0954937753	0.0387265218	-0.0649188361	-0.0095848299	0.0327426114	-0.0226716029	0.107463215	-0.0453467629	0.0678175279	-0.0261497709	0.0546214955	0.0280151592	0.0015876112	-0.0100513983	0.0152008308	0.0120048281	0.0561893919	0.0518987842	-0.0526946177	0.1108164047	0.0675838463	-0.072054405	0.1346710547	-0.0315043067	0.0175846517	0.0907000798	-0.1799900701	-0.0389560321	0.1065823038	-0.0002092391	-0.0570752866	-0.0875807312	0.0525983301	0.0884486488	-0.1554471645	-0.0612643336	0.0070424099	0.0033988337	0.0540075598	0.0940917091	-0.0063199639	-0.0743757159	0.1075200642	-0.0385544526	-0.1102498303	-0.100694536	0.032192065	0.0642456859	-0.011485955	-0.0658258373	-0.0268159651	0.0091256596	0.0152165967	-0.0150077706	-0.1084495598	0.0469960956	0.0117380273	0.0175191256	-0.0125786071	-0.1050605819	0.0623132631	0.0007575897	-0.2159807505	0.0067410648	-0.0581452442	-0.0142121134	-0.0031344746	-0.0410964771	-0.064175635	-0.0577432539	0.0664295794	-0.0339090827	-0.0247663021	-0.0437342122	-0.0184204223	0.0338098474	0.0387145841	-0.0055551489	0.0180421747	0.0015854178	0.0417013451	0.0341003182	-0.0373597493	0.1532543563	-0.0962968609	-0.1171683713	0.0357553223	0.0898001053	0.0284706428	-0.0089080946	-0.0611992115	-0.1938249974	0.0402981082	-0.1545885066	0.0478832248	-0.0614462762	-0.0570718068	-0.0834287014	0.1103722725	-0.0405598062	0.0095133509	0.0319405022	-0.0615941757	-0.0286424713	0.0214853589	0.0313626108	-0.0229430507	0.0295491804	0.0474440551	-0.1235096268	-0.107307927	-0.0497349638	0.0931012141	0.0560226613	0.0047554512	-0.0477161549	0.0	0.0	0.0	0.0	0.0719333524808547	0.0333920080927753	0.0011150262044679	0.0051744071991348	-0.0494756500495725	0.0012820441675956	1.643637247665895e-06	0.0024478399478277	0.6353037567755919	-6.12289959818213e-05	3.748989948941889e-09	0.4036108633731805	-0.0128239126850408	-0.0014656100687474	0.0001644527365535	2.1480128736140515e-06	-0.0022071499855484	-0.0005959508201234	3.551573800057531e-07	4.871511058706303e-06	-0.0031887910099698	-0.0006615577521549	1.0168388105264218e-05	4.376586594363762e-07	0.0	0.0	0.0	0.0
54.917279895422446	-0.0596723854659799	0.0035607935872004	3015.9076311121703	62.76393421943941	0.1315637351317704	3939.311438702118	0.0173090164018226	54.70602670594967	-0.0248676030107475	0.0006183976795001	2992.7493579520783	55.44667615124581	40.24259816015387	0.973078	33.373119	0.2185746141604308	0.1167394425618116	0.0365054606	-0.019931984	0.0974502896	0.0642090588	0.1371889345	0.0426218403	0.0658122778	-0.037034929	-0.0389421483	-0.0265307796	-0.0319230246	-0.033541616	0.0173150326	-0.0498097141	0.0220123499	-0.060938087	-0.054600061	0.0233862472	-0.0670726068	-0.0628736111	0.0132143151	-0.0076938329	-0.0700747761	-0.0890038408	0.0424706696	-0.0719667352	-0.0708525105	-0.083039035	0.0922092124	-0.039895152	-0.116093381	-0.0072127934	-0.0443407793	0.1067614221	0.0398445034	0.0402895489	-0.0055278362	-0.0174391557	-0.0685527363	-0.1177020547	0.0333064822	0.1445389235	-0.1841726153	0.0247916735	-0.0263084985	-0.0195305297	0.0494532614	0.0141583096	-0.0071720485	-0.0188156057	-0.1592710537	0.0029940769	-0.0067516703	-0.1024848396	-0.1100404628	0.0730382854	0.0577316307	0.0439563912	0.0433518551	0.0154825048	0.0490366001	-0.0927863226	-0.0196406355	0.0978186723	-0.1031021069	-0.050621426	0.1345046675	0.0215870054	-0.0386245831	-0.0840408122	-0.082940773	-0.0321311884	0.0396151701	-0.0691288378	-0.0335994633	-0.0436200433	-0.0439942924	-0.0568680241	0.0748441285	0.0313488579	-0.0022075341	-0.0335462916	0.0618434531	-0.0265460798	-0.0618471371	0.0108401909	0.0056039466	-0.0689515493	-0.0448132166	0.0767437688	0.0323123795	-0.0152011918	-0.0650087567	0.0509224507	0.0393057015	0.0357925767	0.0100951181	0.1474989315	0.1437771996	0.0729770556	0.0823610587	-0.0654271012	-0.1055579715	0.1057188725	0.0461054228	0.1601048909	0.0938721671	0.0311869533	0.0594073106	0.1047380577	0.0324182722	-0.0913315434	0.0738888014	-0.0035460624	-0.0866125107	-0.0603276282	0.0264827215	-0.0698993911	-0.0698997038	-0.0167076368	-0.0181319309	-0.0093441762	-0.1460244235	0.080166236	0.129558079	-0.0723385357	0.0398184443	-0.0310248576	-0.0663961313	0.0284891131	0.0525366524	0.0624761212	-0.0222901846	0.1185668467	-0.0626084878	-0.0547269635	-0.0999507577	0.0537731079	-0.0850033383	-0.0181001721	-0.0031778399	0.0660325147	-0.1455815796	-0.0761985806	-0.0078786653	0.0341341394	-0.0496644821	-0.0834395509	0.0417912298	0.0124738089	-0.0554819889	0.0808184974	-0.0018255499	-0.0913744361	0.0099742234	0.0921596423	0.0527499444	-0.0009513933	-0.0543949683	0.0	0.0	0.0	0.0	0.0394018655078838	-0.0325314869729709	0.0010582976446725	0.0015525070055013	-0.0884797490031559	-0.0390040989535834	0.0015213197351809	0.0078286659836614	0.7277037596351335	0.0924000028595415	0.0085377605284432	0.5295527617871081	-0.0135035632168688	-0.000679650531828	0.0001823462195519	4.6192484541408396e-07	-0.0024071492809476	-0.0001999992953992	3.9999718160176495e-08	5.794367660766549e-06	-0.0034019216902293	-0.0002131306802594	1.1573071186452575e-05	4.54246868678772e-08	0.0	0.0	0.0	0.0
54.976043710344285	0.0587638149218392	0.0034531859441681	3022.3653820416853	62.64326769576789	-0.1206665236715238	3924.178987603637	0.0145604099349704	54.675591779598754	-0.0304349263509138	0.0009262847419855	2989.420336449327	55.47160655213487	38.83648395453058	1.005868	34.497711	0.315139457284906	0.1746954689214959	0.1066969051	-0.0884454884	0.0693946539	-0.0490012132	-0.059391626	0.0960893303	-0.0892862201	-0.1000196904	0.1231563871	0.0327396132	0.0058586377	-0.0278429427	-0.0296658429	0.02346924	-0.0706905368	-0.1013809194	-0.0112664952	0.0695499546	0.0166287908	0.0343961223	-0.1263732554	0.0263258637	0.0721011091	0.0821433025	-0.0306704756	-0.0685024455	-0.1007457044	0.109807933	-0.0304823369	0.0221596054	-0.0291756015	-0.0559382626	-0.0126434053	0.0651830274	0.1246247608	-0.0547802359	0.0233895811	0.0122332492	0.0400475459	-0.0603480498	0.0225053754	-0.0660987369	0.030269845	0.0046908545	0.007886587	-0.0583412547	-0.0239580551	-0.0061411617	-0.0506500899	-0.0839016495	0.0364025285	0.0417294364	0.0148928197	-0.0071856663	0.1880014698	-0.0429408515	-0.0468827673	0.0260290695	-0.0424837072	-0.0377258638	0.0697661837	0.0685607908	-0.0618774712	-0.0738883373	-0.0688487047	0.1020832938	-0.0396971937	-0.0881763133	0.0640135121	-0.0018581176	-0.0407803653	-0.0127790825	-0.0671175247	-0.13505502	0.1128130547	-0.0042779804	0.0106304132	-0.0101269995	-0.0517058389	0.1648607333	0.1311420766	0.0923746557	0.0262116616	0.0162129497	0.0150140315	0.0011913204	0.1132789924	0.0715575858	0.0138707543	0.0832111655	-0.0274189718	-0.0947232474	0.0636113022	0.0077760897	-0.0526960429	0.0374938807	-0.0178981918	0.048951116	0.038986257	0.0131454836	0.0436561345	-0.0762250574	0.108559932	-0.0677916275	-0.0182134449	-0.0927674879	0.0132437506	-0.0858574157	-0.0368601876	-0.0820012219	0.0025084106	0.0157449321	-0.108586998	-0.0280753255	0.0074616357	-0.1046819838	0.0385138952	0.1057015928	0.0108093907	-0.1277081353	-0.112160029	-0.1329948604	0.0535584762	0.071463052	-0.0862163045	0.0415636925	0.0959065602	-0.0118760071	0.038175807	0.0837003019	-0.0026198841	0.0943174843	0.1162190254	-0.0170682513	0.033205687	-0.1125667167	-0.0801410785	-0.034333735	-0.069771069	-0.0392270615	-0.0111949326	0.0600017744	-0.026690569	0.1012901316	0.1694222185	0.0320644255	0.0789913645	-0.0524040288	-0.0113198533	-0.0070503808	0.0762276401	0.0385667041	-0.0333202438	-0.037934511	-0.0005096802	0.0911887072	0.0494100056	-0.0066555103	-0.0607965974	0.0	0.0	0.0	0.0	0.0141212098506997	-0.025280655657184	0.0006391115504571	0.0001994085676474	-0.1381514954433242	-0.0496717464401682	0.0024672823944163	0.0190858356932268	0.8439431920615021	0.1162394324263687	0.0135116056508043	0.7122401114269575	-0.0154238556279856	-0.0019202924111167	0.0002378953224329	3.68752294419277e-06	-0.0018524125626193	0.0005547367183283	3.0773282666165184e-07	3.431432302149802e-06	-0.0033979983644507	3.9233257786001376e-06	1.154639288480963e-05	1.5392485165028375e-11	0.0	0.0	0.0	0.0
54.96344364803063	-0.0126000623136519	0.0001587615703079	3020.980137650239	62.11458655095471	-0.5286811448131772	3858.221862396044	0.2795037528809716	54.65016108251817	-0.025430697080587	0.0006467203540045	2986.640106345183	55.41586439001196	38.79940558527247	0.921697	31.610929	0.1995768027540577	0.0952407061563932	0.0840965149	-0.065966205	-0.036733534	-0.0467577938	-0.1392811162	0.0177623921	0.0620034706	-0.0361259945	0.0659515621	-0.1135907974	0.0461277358	0.0390510143	-0.0827712259	-0.1023006841	0.0103974854	-0.0291449561	0.089819128	0.0634125908	0.0281539505	-0.0271859929	-0.0324402191	-0.0284495733	0.0451201084	-0.0026837513	-0.0076521914	-0.1431830595	0.0325440498	0.0142962026	0.0639885549	-0.1258255137	-0.104882728	-3.12135e-05	-0.043193464	-0.1037028631	0.0557417616	0.0472327365	-0.0788495874	0.0060562686	-0.0459212634	0.0392133318	-0.0351706	-0.0536781121	0.0718750972	0.0381890146	-0.0394473187	0.0182709671	0.0990243989	0.054061837	-0.0405784722	0.1082361107	-0.157309833	0.0127614814	-0.0313607721	0.0058308028	0.0351535281	-0.0379753758	0.1308665324	0.1348847749	0.0828288978	-0.1360768009	-0.1578772391	-0.0640147623	-0.0878962763	0.0065678227	-0.0228109037	0.0615120662	0.0502065382	0.1405996049	0.0152022004	-0.1299047631	0.0675523287	0.046762711	0.0113749004	-0.0021845736	0.0027715298	-0.0135935412	0.1539469285	-0.0406200704	-0.0327542559	0.1013756087	0.049251718	0.0458571015	0.0475149211	0.0095207535	-0.0374667734	-0.004944406	0.0167846057	-0.1015196576	-0.1120071399	-0.0474331296	0.015370708	0.0377707779	0.0151801913	0.0083858176	0.0445751997	0.0573583337	0.1504456937	0.0198560433	-0.0076341057	-0.0184680566	-0.0095380973	-0.0404638376	0.0109665113	0.0853169067	0.0443947389	0.0861647771	0.0087178083	0.0993702185	0.1531509013	-0.1341036016	0.0413600973	-0.0098280211	-0.1255959379	-0.0732270983	-0.0501516715	-0.0958599175	0.0060538794	-0.0335511452	0.0207767653	0.086736145	0.0661265162	0.1862183596	0.0446522728	-0.0066618074	0.0067653713	-0.0488353998	0.0160258617	-0.0467769462	-0.0154930727	0.1460474069	0.0112552616	0.0820798551	0.1149457245	-0.0858588076	-0.1071620021	-0.1089253932	-0.0483486063	-0.0589592036	0.0873905307	-0.0648414714	-0.0483068718	-0.0108751461	0.1253917684	0.0046936948	0.0102526048	-0.0525360994	-0.0725688863	-0.0226425736	-0.0094567598	0.0137251271	-0.0568455913	0.0763068933	-0.0290893677	-0.1028139417	-0.0064347173	0.0901887184	0.0460071013	-0.0123405466	-0.0668884209	0.0	0.0	0.0	0.0	0.0574460381358363	0.0433248282851366	0.0018770407459365	0.0033000472975039	-0.1152709068878863	0.0228805885554378	0.0005235213326432	0.0132873819747557	0.7774725541690088	-0.0664706378924933	0.0044183457018349	0.6044635724860824	-0.0161359763103359	-0.0007121206823502	0.0002603697314877	5.071158662310563e-07	-0.0024671679444878	-0.0006147553818685	3.779241795362856e-07	6.086917666308157e-06	-0.0034091372606517	-1.1138896201000077e-05	1.1622216861963776e-05	1.240750085766539e-10	0.0	0.0	0.0	0.0
55.10661544346086	0.1431717954302271	0.0204981630067148	3036.739065633479	61.94260915449864	-0.1719773964560715	3836.8868288669782	0.0295762248918088	54.668797576449656	0.0186364939314884	0.0003473189060584	2988.677428454828	55.44778336916058	40.01922250193668	0.9196470000000002	31.540642	0.2409331105853548	0.1460469645748128	0.0320973791	-0.0197980143	-0.0793666195	0.0891244747	-0.0961127036	-0.0164978665	0.0751871974	-0.0062992069	0.079520325	-0.0853809073	0.1120611586	-0.0291400114	-0.0700637649	-0.0118401522	-0.0690259955	0.091165263	-0.0354796565	-0.0004723966	-0.0607597334	-0.0780429467	0.0647867242	0.0657094381	-0.0215373712	0.0202145046	-0.0607019283	0.0305826489	0.0668459059	-0.0449326795	-0.1122115326	-0.1215200287	-0.0524409306	0.0111108139	0.078551461	-0.0159163807	0.1069598111	-0.0026855658	-0.1061544889	-0.1532960716	-0.0048362929	0.1221627566	-0.0163657101	-0.0414883766	0.0398517491	0.1697104568	0.0558451045	0.0872606925	-0.0521065336	-0.0244213044	-0.0962688593	-0.0458448539	-0.1089883457	0.0506790557	0.0314093845	-0.0648443733	-0.0633771322	0.1219926912	0.0684291381	0.0798268847	0.0175101168	-0.0440371101	-0.0613711937	-0.0066038748	-0.0112753058	0.006224001	0.0118180971	0.0163781793	-0.0288650341	-0.0075509276	-0.0141132632	0.0987183226	-0.0948099273	-0.022206213	0.0198420533	0.0583457033	-0.0912195865	-0.0383205146	0.1021582042	-0.0199217074	-0.0193026516	-0.0300375705	0.0947184753	-0.0259393706	-0.0247914704	-0.0215736985	-0.1063600171	-0.0641749418	0.0590453886	0.1537543641	-0.0522369471	0.0054264746	0.1253276551	0.0610194804	-0.0446739649	0.0141515987	-0.041915603	-0.0241722321	0.1188192741	0.0108295956	0.0391542902	-0.1893493991	-0.1457745261	-0.1098912571	0.0328257154	0.0684990916	-0.0583998014	0.0073232324	-0.1076474534	-0.009639026	0.0093510225	0.0199235111	0.0992543264	-0.0427290276	0.0334930695	0.0052148773	-0.001857516	0.009554289	0.0002322581	-0.0120189235	-0.07879632	0.108975329	0.0169818664	0.0785226558	-0.0223494119	0.1091590658	0.0274347362	-0.0471563565	-0.0462973573	0.0993086139	0.0399762982	-0.0064725259	-0.0800552629	0.0430310836	0.0051448309	0.0100638487	-0.1564397365	-0.0208147362	-0.1008430247	-0.0419104703	0.1342454642	-0.0285617643	-0.0553754893	-0.0141653497	0.0669234574	-0.0791478282	-0.0550767857	0.042315005	-0.0389820342	0.0229034311	0.0848118786	-0.0186701681	-0.0274852358	-0.086198326	0.0294511193	-0.0022249218	-0.0831824576	0.0891599942	0.0425455678	-0.0179902036	-0.0726393964	0.0	0.0	0.0	0.0	0.056247889992548	-0.0011981481432883	1.4355589732652028e-06	0.0031638251286137	-0.0782328232357798	0.0370380836521064	0.0013718196406204	0.0061203746314407	0.7209098563896887	-0.0565626977793201	0.0031993387800747	0.5197110210398016	-0.0140014795181264	0.0021344967922094	0.0001960414286965	4.556076555952641e-06	-0.0018192096353775	0.0006479583091103	4.198499703450794e-07	3.3095236974503366e-06	-0.0032689087417587	0.0001402285188929	1.0685764361946448e-05	1.9664037510924406e-08	0.0	0.0	0.0	0.0
55.187664084379854	0.0810486409189934	0.0065688821948159	3045.67826709035	62.75687474166791	0.8142655871692668	3938.425327341396	0.6630284464481108	54.67462931798157	0.0058317415319137	3.4009209295048224e-05	2989.3150910586896	55.428163163782266	40.11169112944879	0.913708	31.336943	0.0826254013033031	0.0455592125916072	0.0312132403	-0.0172446344	-0.0234020849	-0.0143516052	0.0881937063	-0.0051467323	0.017068053	0.0278461454	-0.1125027871	-0.1070783702	0.0055196091	-0.0456361846	-0.0916799411	0.074589039	0.0737564586	0.0669358799	-0.0413972922	0.0304617527	-0.1527892377	-0.0412783332	0.0215558332	0.0879029302	0.0987718097	0.110675527	-0.0077580517	-0.0236941525	-0.1162354419	-0.0482391063	0.0284980748	-0.0107783245	0.0102221657	0.1229818246	0.1199798451	0.0181322463	0.0011971373	-0.0985667156	-0.1096928873	-0.1700638044	-0.0288486522	0.072193768	-0.0228767422	-0.0324940383	0.1017250958	0.0683385788	0.079892321	-0.0413227545	0.046247004	0.1279817448	0.0191430398	-0.0617911364	0.0568318382	-0.1065297424	0.0261603145	0.0271813837	-0.0179848813	-0.1086122393	0.0800023337	0.0193170415	-0.0296070991	0.0083307416	-0.0085287494	0.0793156094	0.0676307616	0.0532056261	-0.0819828241	0.0006439872	-0.047531647	0.03635173	-0.0092203705	-0.0325175767	0.1022929078	-0.0622687325	0.0295110757	0.0380285643	-0.0024450467	-0.0387406482	-0.035254137	-0.0357628351	0.1137743151	-0.1007466882	0.1781707386	0.0690671753	-0.105722472	0.0841921097	-0.0256091005	0.0591268174	-0.0021216942	-0.0273512668	0.0687391394	0.0116225324	0.0772938477	0.0198983022	-0.0766532003	0.1318316041	0.0111007254	-0.0086493569	0.1053585	0.0107094346	-0.1322078177	-0.051435965	-0.2085553443	-0.0637729161	0.0102195837	-0.027072081	0.0063228278	0.0262192025	-0.0472981274	-0.0460095753	0.0772104678	0.0391134083	-0.0029256089	0.1254517346	-0.0012107335	0.0719107694	0.0139395931	-0.1136408595	0.0141493909	-0.0292006428	-0.0213032231	-0.0248590179	0.0042698981	-0.0104353097	0.0496586953	0.035412567	0.0350654735	0.146241198	0.0671993836	-0.0528263106	-0.0932168195	-0.0428537686	0.0064657393	0.0520467249	-0.0171263195	0.0925580273	-0.0284815418	0.0481478366	-0.1575556171	-0.0322543466	-0.0095902222	-0.0463914725	-0.0659789267	-0.0689098535	-0.0045078302	-0.0101831632	0.0129219733	0.0488810476	0.0032953757	0.0346430517	0.0535465235	0.0349731494	-0.0544305981	-0.1531996065	-0.0597624568	-0.012898187	0.0127746717	0.0881028626	0.0390298165	-0.0235882846	-0.0780202182	0.0	0.0	0.0	0.0	0.0283832807818953	-0.0278646092106527	0.0007764364464623	0.0008056106279439	-0.0771971305746035	0.0010356926611762	1.0726592884144442e-06	0.0059593969689523	0.7255505733256129	0.0046407169359241	2.153625367937333e-05	0.5264236344531256	-0.0139514629490538	5.001656907259976e-05	0.0001946433184188	2.501657181794142e-09	-0.002613882839435	-0.0007946732040574	6.31505501247013e-07	6.832383498292778e-06	-0.0034059066185396	-0.0001369978767808	1.1600199894211852e-05	1.8768418242474623e-08	0.0	0.0	0.0	0.0
54.953765889701856	-0.2338981946779981	0.0547083654736267	3019.9163854601597	62.44793727854991	-0.3089374631179993	3899.744870345704	0.0954423561177851	54.58101420695555	-0.0936151110260183	0.0087637890124137	2979.087111859884	55.39370941861606	39.22929326895345	1.003192	34.40593	0.1628633108172349	0.1031586124111385	0.0700126415	-0.0402073612	-0.0099778421	-0.137962992	0.0937844352	-0.0330868674	0.044463806	-0.1457783566	0.027307754	0.025378865	0.1045019197	-0.0426124116	0.1175856535	-0.1832751826	0.0159598668	0.1140570613	0.0160226867	0.0949893454	0.0672265852	0.0629419	-0.0798549228	0.0074580411	0.0112005242	0.0528172952	-0.1020215519	0.014649886	-0.0293728044	0.0384008848	0.0895758268	-0.0249787669	0.0460446774	0.0810202965	0.0183821331	0.0039563888	-0.1134950573	-0.0391987515	-0.0366739996	-0.0074091871	-0.0102150159	-0.0166757579	-0.0668011485	0.0185306608	0.0006841589	0.0492056071	-0.0575481564	-0.0340055041	-0.1426117666	-0.0846061183	0.0929937847	-0.0090925602	0.0346138093	0.0077325487	0.0858067734	0.0747189982	-0.0592720173	-0.0425738627	-0.014293947	-0.1726110789	0.0555191993	-0.0328802719	-0.0312888154	0.0118563364	-0.0861489609	0.0934421956	-0.0084808776	0.0977236955	0.1439286057	0.0148238381	0.0857192126	0.1181231227	0.0345125953	-0.1043298336	-0.0050064493	-0.0594461046	0.162524596	0.0658449355	-0.0340476086	-0.0971523095	0.0490819556	0.023683978	-0.0350888486	0.096622778	-0.0623550503	-0.0656207342	0.0888151249	0.1232385014	-0.0706431466	-0.0033162156	-0.0918636585	-0.074619193	-0.0278298635	0.0236318601	0.069309144	0.0488038167	0.0634407593	-0.0270997469	0.0214282273	-0.1198417709	0.053074817	-0.059669315	0.0088005901	-0.0454331963	0.0742413583	0.0357380009	0.0909014684	0.1267472546	0.0222913642	-0.0606542098	-0.0939872366	-0.1010933086	0.0347302263	-0.0121148739	0.0469748832	0.1975857007	-0.0357139922	0.0250341894	-0.01189855	-0.058027932	0.0051750204	-0.1345527559	0.0633053223	-0.0994139684	0.1010636404	0.0693233839	0.0454432964	-0.0205919888	-0.0221220071	-0.0716704685	0.0083830172	-0.15482622	-0.0051992128	0.0469606144	0.0812563034	-0.1013833615	0.0152474946	-0.0378174143	-0.0392347002	0.0504025653	-0.149952427	-0.0575289782	-0.0194610559	-0.0476941578	0.0347495418	-0.033197906	-0.0389398614	0.0095500409	-0.1103580017	-0.0338439673	-0.1286213416	0.0590115453	-0.0524204378	-0.0088844958	-0.024742471	-0.0159594217	-0.040732902	0.0870176603	0.0354643276	-0.0291187401	-0.0830034668	0.0	0.0	0.0	0.0	0.050914517358251	0.0225312365763557	0.0005076566216597	0.0025922880778236	-0.1025776204631938	-0.0253804898885902	0.0006441692669848	0.010522168219891	0.8183924343726119	0.0928418610469989	0.0086196111626702	0.6697661766383298	-0.0140785295019901	-0.0001270665529362	0.0001982049929384	1.6145908875113405e-08	-0.0029246501916098	-0.0003107673521748	9.657634717773626e-08	8.55357874328324e-06	-0.0034102671795343	-4.3605609947000405e-06	1.162992223580883e-05	1.9014492188499407e-11	0.0	0.0	0.0	0.0
54.99214420480111	0.0383783150992513	0.0014728950698574	3024.13592424164	62.43124217690581	-0.0166951016440961	3897.659999751463	0.0002787264189067	54.62951033608208	0.0484961291265264	0.0023518745402567	2984.3833995600985	55.44340083509281	40.06255624452767	0.972627	33.357647	0.1669681967217258	0.0871493470727115	0.0280334112	-0.0143716008	0.059250036	0.090020987	0.0205374476	-0.0232811892	0.1059691572	0.0279594649	0.0579504532	-0.0017535991	0.0191142046	0.0714974944	0.1336516626	-0.0685019888	-0.0538091604	-0.1354728412	-0.0390340796	0.0576116868	0.0117855267	-0.0179770742	-0.1133802848	0.0474864422	-0.137260621	-0.0057636088	-0.0680997496	0.0910187476	0.0205238388	0.081095762	0.0047756208	0.0385750956	-0.0797910846	-0.0743398318	0.0801022335	-0.0906989983	0.0202520231	-0.0644282248	-0.0327074285	0.0167010961	-0.0195238329	-0.0403123159	0.0354458653	0.1146729909	0.1152612431	0.0742043822	-0.0287675267	-0.133287977	-0.0134146204	0.1696651023	-0.1045017765	-0.0839136912	0.0177937597	-0.0979721704	0.0291233669	0.0351822114	0.0482734167	-0.0901000027	-0.0915575448	0.1706639909	0.0281115517	0.0805003822	0.015655085	-0.086539577	-0.0053443153	0.0787243212	-0.0771271764	0.0097851633	0.0517010474	0.2070709066	-0.0615387384	0.0547965612	0.0398464434	0.069130455	0.0060884615	-0.031576988	-0.0725594025	-0.066123021	-0.0062279206	-0.0526456888	-0.0059344227	0.0475387126	-0.1262675477	0.036829717	-0.0654179107	-0.0490571544	-0.0613683443	0.025900867	0.1200655923	0.0615533008	-0.0716654949	0.0703919395	-0.0464216151	0.0376662851	0.0076056384	-0.160376573	0.0089256599	0.1059760898	0.0883968924	-0.0006549293	0.0311745947	0.1520861664	-0.1375288022	-0.017939356	0.1272723937	0.0322423342	0.0183097026	0.0270561547	-0.0951090826	0.0999950765	0.0074848396	-0.0617004417	-0.0051443703	0.1330748548	0.0689333407	0.053099277	-0.0700348161	-0.0358512686	0.1665881938	0.0451039036	-0.0240134553	0.0213174775	0.0074086569	-0.0994235636	0.0669196713	0.0661867854	-0.0327922441	-0.0633941993	0.0524536947	0.0156825549	-0.0871322753	-0.0897256863	0.1743076026	0.0368272124	0.0105252976	-0.0001987617	-0.1524251067	-0.1156589307	0.027778534	0.0427408628	0.0007723818	0.0205240753	-0.0228298791	-0.0138557265	-0.1102983417	-0.0699243021	-0.0588488001	0.0412085555	0.0011523349	-0.0046925951	0.0270806353	-0.0135475838	-0.0549528839	-0.0708107095	0.0830368228	-0.0289280499	0.021913458	0.085904733	0.0318536448	-0.034565715	-0.0875637488	0.0	0.0	0.0	0.0	0.0686974598766454	0.0177829425183944	0.0003162330446125	0.0047193409935033	-0.0708349267118109	0.0317426937513829	0.001007598606594	0.0050175868422676	0.7572946246937633	-0.0610978096788485	0.0037329423475528	0.5734951485900678	-0.0140495463530551	2.8983148934999536e-05	0.0001973897527266	8.400229221883648e-10	-0.0019805649782111	0.0009440852133987	8.91296890158069e-07	3.922637632916335e-06	-0.0035640938326626	-0.0001538266531282	1.270276484802358e-05	2.366263921265428e-08	0.0	0.0	0.0	0.0
55.01191790342197	0.0197736986208596	0.0003909991571485	3026.3111114128383	62.4021513894432	-0.0290907874626142	3894.028498030988	0.0008462739151949	54.68866803259823	0.0591576965161522	0.0034996330570971	2990.8504111797315	55.378534346840105	40.25216445151092	0.950779	32.608334	0.1011709131342563	0.0388334407009205	0.0141697482	-0.0106484799	0.1088752317	0.1104358498	-0.0228740955	0.1212222871	-0.0142960745	-0.0720274972	0.0278053571	0.0542396645	-0.0429215539	-0.0920260352	0.0323432426	-0.0464355481	0.1041136226	0.0974996868	0.0391029838	0.0431711668	-0.0840047852	-0.0131713599	-0.0728604854	0.0758680977	0.0880546659	0.0040072098	0.0132944533	0.0909535568	0.0300642415	-0.0021082309	0.0585360559	-0.0017071296	0.0033887423	-0.1040348487	-0.1090381728	0.0517790583	0.0109758561	-0.0090750427	0.1163964832	-0.0008896868	0.0660086964	-0.0622937998	0.0755313613	-0.0333033403	0.1527679307	0.136708343	0.0223112677	-0.1078599606	0.0298244657	0.0003736005	0.0691106296	0.0912241279	-0.079967787	0.0565293927	0.0084134021	-0.0420467877	-0.0489549976	0.080929039	-0.0889127296	0.0836065168	-0.0145508756	0.086734021	-0.0461381079	0.0363341911	0.0528094882	-0.051251958	-0.059475898	0.0550795148	0.1217316586	-0.0737362056	0.019792475	0.1245010466	-0.01638939	0.0592726532	-0.0340384746	-0.0610274134	-0.0559920082	-0.0999432124	-0.0542328951	0.0825278338	0.0451881468	0.057868915	0.0554363933	0.1102073868	-0.0339482591	-0.0398605966	0.1158302109	-0.0848248425	0.006386347	0.0607472151	-0.0593697036	0.1219362778	0.0409075747	-0.0771922091	-0.0487002712	-0.0490748285	0.1123615799	-0.0749370604	-0.0527170632	0.0268562193	0.0386737915	0.002515173	-0.0014021992	-0.0172071254	0.0313692974	-0.0907919391	-0.0121624044	-0.0750845881	-0.0423280368	-0.0186148947	0.0018376813	-0.0907933279	-0.0805146091	-0.169878216	-0.1193367701	-0.060477546	-0.0011235532	0.0509816141	0.058199752	-0.0311449221	-0.0180324699	0.0264796193	-0.0768887275	-0.1146955741	0.0039022955	0.1664696987	-0.0604900964	-0.0350198402	0.0947568171	0.0540234824	-0.059613096	-0.0207695529	0.0409280786	0.0393370566	-0.0291163514	0.1279427074	-0.0144300026	-0.0727567181	-0.0590478287	-0.061127422	0.0384722127	0.0022645958	-0.0135367901	-0.0115616636	-0.0947404695	-0.0132102958	0.0468274383	-0.0363176401	0.1021660969	0.0456744339	-0.0118294382	0.0277161553	0.035147906	0.0004413845	0.0876380592	0.0719115175	0.0443149869	0.0847644355	0.0282023693	-0.0399135934	-0.091677826	0.0	0.0	0.0	0.0	0.0508811957960659	-0.0178162640805795	0.0003174192657889	0.0025888960856375	-0.0882468838636754	-0.0174119571518645	0.0003031762518583	0.007787512511649	0.745118773229656	-0.0121758514641072	0.000148251358876	0.5552019862192675	-0.0138775379257067	0.0001720084273484	0.0001925860588794	2.9586899078870146e-08	-0.0025179374923371	-0.000537372514126	2.88769218938098e-07	6.340009215316843e-06	-0.0031981379653829	0.0003659558672796	1.0228086445623476e-05	1.339236967964372e-07	0.0	0.0	0.0	0.0
55.04111141429983	0.0291935108778602	0.0008522610773757	3029.5239457213665	62.79576097004154	0.3936095805983441	3943.307595806592	0.1549285019388044	54.7534257153559	0.0647576827576728	0.0041935574761433	2997.937627566997	55.54643318919146	39.73157226529425	1.013789	34.76936	0.0841942430581368	0.0452356842825829	0.0190996709	-0.0051990507	-0.0934629447	-0.113007493	-0.0876128579	0.0122784506	-0.0124762743	0.0399737987	-0.0488307916	-0.02436103	0.0075738588	-0.000818843	-0.0279610862	-0.0810261025	0.0265792444	-0.0092666437	-0.0439016166	-0.009495903	0.0346970643	0.0035019126	0.0256237874	0.0665299687	0.1078638568	0.0049365982	0.0096323736	0.0378700007	-0.0293406989	-0.1628062251	-0.0148863683	-0.0408818471	0.0467754437	-0.02264691	0.0879096027	0.0100517058	-0.0132659502	0.2163592869	0.0363466979	-0.0135014106	-0.0970640639	0.0581617356	0.0089493383	-0.1411268613	-0.1253884172	-0.0420376566	0.0236953705	0.0089743436	-0.0042861324	0.090593935	-0.0847846596	-0.006533182	-0.1435711674	-0.0358688078	0.0989410655	-0.0804268887	-0.037299237	-0.0087536711	-0.0041828536	0.0236564117	-0.1590251048	0.077375015	-0.0241116778	-0.129758208	-0.0862284394	-0.0171423771	0.0878510427	0.0030322952	0.0417883754	-0.0564912477	0.1169338019	0.0519413771	0.0762491942	0.1064869198	-0.0337310346	-0.1539417004	0.0529761237	0.0650007994	0.0579006264	0.0457875678	-0.0018995324	-0.0260807454	0.1453037572	-0.0393456375	-0.0495735177	-0.1152632714	-0.0371243829	-0.0753459713	-0.020512407	-0.0412419577	0.0156893628	-0.0038694671	0.0683344186	-9.97327e-05	-0.053965008	0.070971311	-0.1389362097	-0.1424813677	0.0676836783	-0.0710383373	0.0041269691	0.039849511	0.0090545129	0.0275168047	0.0285358657	0.069509517	0.021827586	0.1031228633	-0.0024198541	0.0901175563	0.1396766883	-0.0168391837	-0.0325018385	-0.1506275019	-0.0239181784	-0.0709178419	-0.0507881105	-0.1098256767	-0.1927282323	0.0197722578	-0.0759838876	-0.033644666	0.0236248272	-0.0774838549	-0.0125521194	0.0056294165	-0.0473368048	-0.119333268	0.0866540371	-0.1431706944	0.0382318786	0.1229407828	-0.0495658115	0.0121193378	0.026453733	-0.0848847866	0.0450959256	0.0556946587	-0.1227282802	-0.0125488371	-0.0460177222	-0.0882033047	-0.0661811504	0.065761495	0.0536404802	-0.0036051646	-0.0316492607	0.0809835892	0.0616051369	0.0051838001	0.0046449134	-0.0480478339	0.0091055378	-0.1053636387	-0.0827189985	0.1495974601	-0.0812721861	0.0835971309	0.0245151542	-0.0451470433	-0.0953247341	0.0	0.0	0.0	0.0	0.0686602087289003	0.0177790129328344	0.0003160933008658	0.0047142242626961	-0.0779838426689565	0.0102630411947188	0.0001053300145644	0.0060814797174165	0.7351784879991925	-0.0099402852304635	9.88092704629714e-05	0.5404874092167788	-0.0131983070382208	0.0006792308874859	0.0001741953086751	4.613545985148836e-07	-0.0025868534257298	-6.891593339270006e-05	4.749405875387071e-09	6.691810646210002e-06	-0.0033742292185067	-0.0001760912531237	1.1385422819024335e-05	3.1008129426710165e-08	0.0	0.0	0.0	0.0
54.90692147887151	-0.1341899354283171	0.0180069387702559	3014.7700262869616	62.14441866701749	-0.6513423030240517	3861.928771461552	0.4242467957086756	54.60878007416397	-0.1446456411919356	0.0209223615158262	2982.118861188408	55.42553702532695	40.08284577958157	0.969801	33.260738	0.0989204767660787	0.049532167045873	-0.0045041269	0.0136552265	-0.0005916704	0.0325116993	0.0491736268	-0.1614695905	0.0663911299	-0.0762961212	0.0272179847	-0.0077225437	-0.0036870637	0.0180188931	0.0031822588	0.1039830465	0.0180862372	0.0159223087	0.0005323847	0.0423353861	-0.0173700071	-0.072272399	-0.0290541608	-0.058981043	-0.0002761868	0.0382557583	-0.0072924535	-0.0546146819	-0.0322211928	0.0427924168	0.0024430877	-0.0535300404	-0.0435472922	-0.0425704766	0.0548917234	0.0211574605	-0.1338158183	-0.0356876714	-0.0105078603	-0.0068832517	0.0399063571	-0.0549537883	-0.0917650042	-0.0271801091	-0.0856617675	0.0317462427	-0.0474261151	0.0535021719	0.0528768782	-0.1681334967	-0.0371233206	-0.0116661774	0.018652404	0.0781361488	-0.0756546472	0.0174464633	-0.1963869601	-0.0382905102	-0.0284329538	-0.126842406	-0.1316714745	0.1039587973	-0.0232977868	-0.0584603448	0.042455431	-0.0697389178	0.0631255619	0.027953939	0.0423774999	0.0579352803	-0.0506316075	-0.0459778443	0.0452013492	0.0200634243	0.0492631975	-0.045105033	-0.0398207494	0.00057618	0.0285703851	-0.1927202673	0.0582800696	0.002325902	-0.0508926622	0.0343388021	-0.0483223191	0.0679655341	0.0773278165	0.0772364999	-0.0503569313	0.0116527239	-0.0657147174	0.0188998608	0.0178203644	-0.048802219	0.0963851361	-0.0100718586	0.0067609335	0.0689665166	-0.1024649072	0.013952581	0.0160993253	-0.1625939085	0.0171958354	-0.0057004728	-0.1050453004	-0.0226723691	-0.0408475473	-0.008864868	0.077204329	0.0503028161	-0.0226134614	-0.0067057552	-0.0498239464	0.0186245296	0.1082660149	0.0481388282	0.0669618661	-0.0503836152	-0.1030406548	-0.1102876487	-0.1102152966	0.0449354047	0.0978202896	-0.0228550343	-0.0126892426	0.0187307121	0.0207799212	-0.0022649697	-0.0767195684	-0.0675658329	-0.0206598311	0.0936961174	0.058262094	-0.0017546612	0.0026214596	-0.0677207976	-0.1619462586	-0.0222615448	0.0139716212	0.0551351595	-0.0675392378	-0.0344450239	-0.0434213444	0.0684853605	-0.0627494011	-0.0841951249	-0.0639014586	-0.0717752125	-0.0453441496	-0.0530502092	0.0379947808	0.0795292083	0.0152832711	0.0075902704	-0.1161689641	0.0329768003	-0.0659200391	0.0824031912	0.0207966982	-0.050251061	-0.0984858891	0.0	0.0	0.0	0.0	0.0690508031054548	0.0003905943765545	1.5256396699600158e-07	0.0047680134095082	-0.0481486627937925	0.029835179875164	0.0008901379581833	0.0023182937288303	0.7088872902205523	-0.0262911977786401	0.0006912270806355	0.5025211902362375	-0.0134823983860138	-0.000284091347793	0.0001817750662391	8.070789389084397e-08	-0.0020560830749827	0.0005307703507471	2.817171652321997e-07	4.227477611230315e-06	-0.0033410208223324	3.320839617429981e-05	1.1162420135258668e-05	1.1027975764692502e-09	0.0	0.0	0.0	0.0
54.960568398313065	0.0536469194415545	0.0028779919655686	3020.6640786656485	62.71496343365605	0.5705447666385624	3933.166638484816	0.3255213307386516	54.67946554429038	0.0706854701264134	0.004996435686992	2989.843952209239	55.42309830997036	39.92172239667418	0.990231	33.961426	0.2148162524764011	0.1048383383249213	0.0179104169	-0.0192028641	0.1196604072	0.1325376901	0.0667290833	0.1213951849	0.025330207	-0.0394285449	-0.0198637818	0.0214452187	-0.0770753558	0.0292745738	-0.0491555872	0.0415854269	-0.0465699001	-0.1203457714	-0.1045546293	0.0465418853	-0.1461561601	-0.0881949617	-0.1028762556	-0.0639568951	0.0561817403	-0.1003982545	-0.0047982492	0.0359266022	0.070147484	0.1199658111	0.1230949913	0.0028471085	0.0910940676	-0.1085978839	0.0755143021	-0.0114956618	-0.0494365658	0.0183766697	0.1312106273	0.0201812933	-0.0426084441	0.038185204	0.109679219	-0.0111131955	0.0124233722	-0.0781570543	-0.0415007393	0.161577717	0.0572696925	0.182559485	0.0595187773	0.0331905039	0.0951197362	-0.0885863153	0.0501263357	-0.0184766597	0.0879823052	-0.0061240862	-0.0074717355	0.0033672216	-0.0036622503	0.0646878377	0.0921016502	-0.0057442698	0.0220858306	-0.0401299661	0.0192301633	-0.01695656	-0.0373907565	0.0427655133	-0.0626830163	-0.0936843682	0.0182285214	0.0442084451	0.0375960765	0.031082429	-0.0870276363	-0.1355239769	-0.0695549608	0.0117372989	0.0345179597	0.0974504698	0.012575752	0.1110568828	0.0712892001	-0.0243489319	0.0658720702	-0.0929529351	-0.06566323	-0.024609994	-0.018835415	-0.0550598539	-0.0979976261	-0.1122889657	0.032672598	-0.0440899301	-0.0409337921	-0.1222918096	0.0242315499	0.0166996905	-0.0693537119	0.1332288968	-0.038776888	0.0279379211	-0.0545934196	-0.0382897212	-0.1540459088	0.0733874773	-0.0352786943	-0.0143771557	-0.0554280746	0.0343563171	-0.0365194676	0.052201258	0.0793599659	-0.1246840506	0.0632707293	0.047792975	-0.0207938876	0.0623763796	0.1175382994	-0.0012909813	-0.026439943	0.0021679126	0.0459696546	-0.0457941189	0.0109633659	-0.0171218139	0.0737658724	0.0338166269	-0.1189425682	0.1537356298	0.052682054	0.0396610753	-0.0088011709	0.1285454186	-0.0193640767	-0.0649547706	-0.0282435286	-0.036522795	0.0001800032	0.0019354228	0.0112151736	0.0584738742	-0.1583958169	-0.0090400021	0.0318774226	0.0478960198	0.0553782422	-0.031438688	0.0424638859	0.0483981719	0.0526590514	-0.0439751978	0.0813792756	0.0042787476	0.0377301242	0.0811829968	0.01705174	-0.0552110137	-0.1011451826	0.0	0.0	0.0	0.0	0.0413962633931248	-0.02765453971233	0.0007647735667008	0.0017136506229129	-0.0825325704620638	-0.0343839076682713	0.0011822531065402	0.0068116251870755	0.7786289255877321	0.0697416353671798	0.0048638957036886	0.6062630037619061	-0.0143701429062375	-0.0008877445202237	0.0002065010071456	7.880903331872077e-07	-0.0024750909306128	-0.0004190078556301	1.7556758307973478e-07	6.126075114801737e-06	-0.003694991841051	-0.0003539710187185	1.3652964705433458e-05	1.2529548209268336e-07	0.0	0.0	0.0	0.0
54.99452323010159	0.0339548317885274	0.0011529306017871	3024.397585306184	62.52716309542483	-0.1878003382312201	3909.646124761857	0.0352689670397606	54.63482657135976	-0.0446389729306204	0.0019926379043006	2984.9642744825583	55.41653144825581	38.70746316523911	0.97304	33.371834	0.1236849692105343	0.065799967389074	0.0567989892	-0.0480296319	-0.033213563	-0.0776096956	-0.1201910575	0.0744750038	-0.0135206131	-0.0831250245	-0.0379302795	-0.0007504429	-0.0936578804	-0.0133438946	0.0451968756	0.0281380552	-0.053210734	0.0334031575	0.0299525313	0.0974091756	0.114847861	-0.0105800012	0.0029990096	-0.0515108748	-0.00776391	0.0219722417	0.0281510836	0.0099010002	0.0485110302	-0.0174881686	-0.1496557794	0.0206479983	0.0069128058	-0.0372661672	-0.0738539637	0.0394206206	-0.0900382854	-0.0565821068	-0.0138702933	0.0460273698	0.0262908985	0.0686898755	-0.003525444	0.0214689475	0.0661162589	0.0127413739	0.0338343816	0.0471862698	0.1212540698	0.0972158864	0.1102556903	-0.0142227145	0.0188409481	-0.0779576492	0.0165270652	0.0348090248	0.0269855611	0.0481768835	0.0351858782	0.0171566885	-0.1109532612	-0.074782106	-0.0135501837	0.0092735967	-0.1371130633	-0.1144128913	0.0950471539	-0.0439882311	0.1175832245	-0.0589075234	-0.0147291625	0.0077088366	0.077885309	0.0371312692	0.0152872361	-0.0077229062	0.0911165629	-0.0151753128	0.09503411	0.0591147844	0.0228132225	0.0258134024	-0.0454107371	0.0077956873	0.0324319393	0.005648913	-0.0036006569	-0.0577179485	0.0092905697	0.010867093	0.0246740387	0.0033729723	0.0747492486	0.0929542046	0.0403809481	-0.0875428818	0.1060880833	-0.0227566605	-0.0563249603	-0.0179953473	-0.0763649995	-0.0232506043	-0.0596424419	0.0786580071	-0.0135489054	-0.0037456312	-0.0326666063	0.106226428	-0.0216058643	-0.0312980736	0.069050514	-0.028142022	-0.038263293	0.0150384653	-0.0043983352	-0.126773484	0.041593133	-0.0541176554	0.0206071883	0.0966525582	-0.0657100778	-0.1222359642	0.114069242	-0.0468966926	0.0152641077	0.0076863565	-0.0357362262	-0.0585420997	-0.0397703251	0.1298672364	0.0466437498	-0.0263863352	-0.0701524457	0.0377521511	0.0774312688	-0.0398496743	0.0761354046	-0.0429378889	-0.0759219633	-0.0572512976	0.0062648332	-0.040530078	-0.0335254064	0.0022192894	0.0591230267	-0.0254454435	-0.0260352353	0.0692213037	-0.0265604984	-0.0965941242	-0.057736229	0.0027532743	0.0570373007	-0.0073874337	0.0162949275	0.0111403588	-0.0120974699	0.0799369366	0.0132850519	-0.0600126818	-0.1032890634	0.0	0.0	0.0	0.0	0.0379331930457027	-0.003463070347422	1.1992856231194202e-05	0.0014389271346425	-0.1155371290602431	-0.0330045585981793	0.0010893008882606	0.0133488281914832	0.827424954476605	0.0487960288888729	0.0023810524353237	0.6846320552906119	-0.0147098334882326	-0.000339690581995	0.0002163792012515	1.1538969149616965e-07	-0.0027059395719772	-0.0002308486413644	5.329109521978938e-08	7.322108967192153e-06	-0.0034971048368893	0.0001978870041616	1.2229742240194538e-05	3.915926641609265e-08	0.0	0.0	0.0	0.0
55.10895329131398	0.1144300612123885	0.0130942389090709	3036.996732864226	62.23305021048827	-0.2941128849365597	3872.9525385011534	0.086502389085706	54.66461048090702	0.0297839095472625	0.0008870812679195	2988.2196390292897	55.40663396270036	39.31694785074002	0.930771	31.922155	0.1671129285038328	0.1000190373954235	0.023139218	-0.0198715526	-0.1424655808	-0.044296917	-0.0702890764	-0.0420246851	0.1275746488	0.0153567806	-0.0278545376	0.0056201173	0.0706296714	0.0717186486	-0.1154564467	0.0621751195	-0.0192804352	0.0677601001	-0.1441658396	0.0579851486	0.0638290152	-0.0359711218	0.0387481768	-0.067908746	-0.0571836731	-0.0043969019	0.010656894	0.0516720179	-0.0882814747	-0.0087808753	-0.0600650122	-0.0057284805	-0.0991011054	0.0414498431	0.0735876342	-0.03567484	-0.0071861479	-0.0304513169	0.0736783184	0.0400673122	-0.0513552442	0.0012872216	-0.0311237424	-0.068627819	-0.0005388614	-0.0390201574	0.0216972672	-0.1175852896	0.0070719208	-0.057439682	0.0451723837	0.0846566102	-0.0860331859	-0.1620946361	0.0070257613	0.0366385535	0.0028941169	0.1012203185	-0.0816202832	0.0128949179	0.1108949577	-0.0105093016	0.052216658	0.1354776054	0.0159111516	0.055858552	0.0992582888	0.0097211567	0.0318394706	0.0037589568	-0.0137312316	0.1238945281	0.0801697049	-0.0935930383	0.0869224697	-0.0418497658	0.0308817734	-0.0136512096	0.1259585512	-0.0088073666	0.0453683388	-0.0861578201	-0.0551690523	-0.0411769898	-0.0308024683	0.0391261015	-0.0700385734	0.0559410457	0.0772704015	0.0573676276	-0.0429496022	0.032956795	-0.0788476116	-0.0171292416	-0.0370509483	-0.0259114365	-0.0399263101	-0.0528749737	0.0184998605	0.0668386225	-0.1125400994	-0.0323508505	0.0139332571	-0.0417322434	-0.0328606833	-0.0618887118	0.1075928318	0.0943343381	0.039543885	0.0122716327	-0.0512234061	-0.0219600658	-0.2257512032	-0.0376006492	-0.007706501	-0.0359789147	-0.0549561724	0.1139908799	0.0475687324	-0.0081235078	0.1529130326	-0.0565998679	-0.0230788636	-0.0109681443	-0.040746379	-0.0657551849	0.0217941343	-0.0540213253	-0.0183367089	-0.0352661672	0.0188415114	-0.0245810171	-0.0336018648	0.0225742855	0.0433359952	-0.0897899536	-0.1278306196	0.0503279622	-0.0228965486	-0.0091952896	0.0365020209	-0.0344120991	-0.0910112495	-0.032523048	0.0302270288	0.0651854239	-0.0844347794	-0.0196418294	0.1101222243	0.0397473812	0.0655443904	-0.0550612675	-0.0092694555	-0.0826329687	-0.1292884968	0.0202551484	0.0405341392	0.0786654074	0.009501434	-0.0646422992	-0.1049066069	0.0	0.0	0.0	0.0	0.0859369375059486	0.0480037444602458	0.0023043594822045	0.0073851572279013	-0.0869143646946355	0.0286227643656076	0.000819262639929	0.0075541067902721	0.7444053644989808	-0.0830195899776242	0.0068922523200528	0.5541393466948604	-0.014682637136394	2.719635183860009e-05	0.000215579833279	7.396415533289263e-10	-0.0025909215221657	0.0001150180498115	1.3229151782440723e-08	6.712874334021427e-06	-0.0035042270292463	-7.122192357000151e-06	1.2279607072500351e-05	5.072562397011137e-11	0.0	0.0	0.0	0.0
55.30634654126876	0.1973932499547785	0.0389640951277096	3058.791967742911	62.84465289239439	0.6116026819061204	3949.450397165535	0.3740578405147591	54.83729830267709	0.1726878217700687	0.029821083787691	3007.129285136792	55.58542398806574	40.01638507605288	0.957728	32.846676	0.1039612360795347	0.0608852476088825	0.025468502	-0.0313940749	-0.0124793167	0.0419348782	0.0565608683	0.0066439541	-0.0106497609	0.0124013262	-0.0438797073	-0.1322205013	0.0882852742	-0.1424205884	-0.0074353354	-0.0639605114	-0.045740102	-0.1203912541	-0.0111196659	-0.0512745809	-0.1520406773	0.0864758706	0.1422564162	-0.0931284994	0.0421997839	0.0540737001	0.0646175539	-0.0414221912	-0.123481105	0.008443123	0.0056698842	-0.0768268569	-0.1172176751	0.0497021474	-0.0975975369	0.0395916625	-0.0932462804	-0.1721085072	-0.059730101	0.0312522693	0.0339301425	-0.054844973	-0.0501340224	0.0042266561	0.0496844991	-0.0502995501	0.0046263968	-0.1150327053	-0.0140293674	0.0163906823	-0.0119797612	-0.0582194695	0.0703982905	0.0829389231	0.0340798367	0.0190414811	0.0806167601	-0.0410138987	-0.0917219548	0.0128817032	-0.0779124064	0.0397024986	0.0577400773	0.0179207999	0.0192003157	0.0568520068	-0.0589147235	0.0981559702	0.055658974	-0.0148853684	-0.0941345005	0.0649725189	-0.016178558	-0.0516343877	-0.1664713148	0.0404102004	-0.052209019	-0.0420017663	-0.069706397	-0.0539903541	-0.0135786178	-0.1101522145	0.1135389372	-0.0979718066	-0.0125350259	0.138775853	0.0297968878	0.0533043084	-0.0103473227	-0.0762380812	-0.0815087637	0.0775375215	-0.0464898623	0.0211248285	0.0990908147	0.0737428908	0.1209088128	0.1112768039	-0.0351366382	0.1236808735	-0.0044051287	-0.0233388499	0.0163585578	0.0130310689	0.0271529019	-0.0778057985	0.0323212241	-0.0096525267	0.0370907878	-0.0506583491	0.0192473495	-0.0508935246	0.0049588808	0.0644396658	-0.0222410842	-0.0204066204	0.0402914236	-0.0657601713	-0.0197091244	-0.0089355493	0.0204064495	-0.082171775	-0.0767001011	-0.1140948737	0.0671542779	0.0160504275	-0.046458908	-0.0412791274	0.1020663717	-0.0687255275	0.0154743979	-0.1265002051	-0.0013608635	0.0400585584	0.0011863552	0.1142835328	-0.0722897679	0.0824011464	-0.0487035014	0.0106589187	-0.0349974684	-0.0300455009	-0.0659849076	-0.1338614584	-0.0638486109	-0.0836779039	-0.0319390009	-0.124080243	-0.0446979116	0.0068660062	-0.0749674828	0.0063821023	-0.0316961163	-0.010041508	-0.0287796546	0.0225749225	-0.0338503705	0.0773688144	0.005705708	-0.0690865934	-0.1059895703	0.0	0.0	0.0	0.0	0.0632514343459433	-0.0226855031600052	0.0005146320536226	0.0040007439468191	-0.1127323942545643	-0.0258180295599288	0.0006665706503573	0.0127085927143665	0.7457396327550114	0.0013342682560306	1.7802717790511211e-06	0.5561275998615793	-0.0154526663213139	-0.0007700291849198	0.0002387848964378	5.929449456284041e-07	-0.0024398376014946	0.000151083920671	2.2826351085351207e-08	5.952807521666923e-06	-0.0036655826257267	-0.0001613555964803	1.343649598602945e-05	2.6035628515545663e-08	0.0	0.0	0.0	0.0
55.13864030912537	-0.1677062321433879	0.0281253802997319	3040.269655139105	62.908384347826704	0.0637314554323111	3957.464821253888	0.0040616984115206	54.73688315990029	-0.1004151427768036	0.0100832008988858	2996.1263780605755	55.52935407105794	39.43975357402956	0.954286	32.728642	0.2283166801071259	0.1340916599763808	0.0733517901	-0.081109692	0.0771238716	-0.08422976	0.1080351029	0.0480559915	0.0010755861	-0.0255561451	0.0030512145	0.0914428889	0.0730311864	0.025244654	0.0517871041	0.0252810156	-0.1301747702	0.1021977858	-0.0167174202	0.015083946	-0.0181894475	0.1122193232	0.0829675312	-0.0207308104	0.0364688666	-0.1009345213	0.1116623607	-0.0567850433	0.039140148	0.0058267165	0.1547753222	0.1513199948	-0.0989786313	0.0487842721	-0.0318382778	-0.0957742862	0.0828214334	0.041481466	-0.0177138561	-0.0392009859	-0.0935364501	-0.0643484877	0.0511066121	-0.0163815576	-0.0107851008	0.0196990225	0.0754939528	0.1130683627	-0.1085082629	-0.0673423828	-0.1632086689	-0.0050044104	0.017269077	-0.0018856468	-0.0144889558	-0.0128388921	0.0147065372	-0.024515119	-0.0892816633	-0.1247161099	-0.0425324166	-0.0008104808	0.0583756198	-0.0104075529	0.1318470824	0.0369203988	-0.0409135869	-0.0602315744	0.0588451554	-7.55821e-05	0.0287285843	0.038613383	-0.0550153517	-0.1875446186	0.0497339278	0.0187558849	0.0884242188	-0.0053963428	-0.0697325001	0.0087723636	-0.0593144235	-0.0097540084	0.0308346218	-0.1524661453	0.0667590394	0.0109071488	-0.0411717604	-0.0763073928	-0.0479273685	-0.1693043746	-0.056737488	0.0814035671	-0.1028550774	-0.0858502266	-0.0649594349	-0.0286424309	-0.0008788038	0.0201653911	0.0778939705	0.0038152241	-0.0210234166	0.0321166181	-0.0309846027	-0.0332874235	-0.0060718602	0.0393686741	-0.0334591478	-0.0576130876	-0.0011279121	0.0681862459	-0.031426039	0.0064297529	0.0849932106	-0.0175875186	0.1550572719	0.0315967089	0.1315153035	0.0902491161	-0.0015811806	-0.0036744581	-0.0582631161	-0.0119514613	-0.0010962376	0.0151500288	-0.0030985131	0.0181190135	0.0029381504	0.0717007911	-0.0519735158	-0.2270950853	-0.0214774475	-0.0838423198	-0.0150791529	0.0542656584	0.1037779655	0.0318292225	0.0765911397	-0.0541151748	0.0257551499	0.000995878	-0.1165891708	-0.0410842648	0.0184574445	-0.0068570294	-0.0245917939	-0.0163715229	0.032818136	0.1206297769	-0.028418913	0.0404438942	-0.0974196747	-0.015219863	-0.0066224108	0.0149779671	0.0058630731	0.0169655398	0.0012764966	0.0760475707	0.0019027109	-0.073332823	-0.1065324352	0.0	0.0	0.0	0.0	0.0346591898343859	-0.0285922445115573	0.0008175164462086	0.0012012594399759	-0.1397360127736107	-0.0270036185190463	0.0007291954131221	0.0195261532658666	0.8618207729965235	0.116081140241512	0.0134748311197695	0.7427350447683253	-0.0162427304733053	-0.0007900641519914	0.0002638262932284	6.242013642618934e-07	-0.0024970906922228	-5.725309072819986e-05	3.2779163979314846e-09	6.235461925185742e-06	-0.0039510589197073	-0.0002854762939806	1.561086658699862e-05	8.1496714424898e-08	0.0	0.0	0.0	0.0
54.85332076291717	-0.2853195462081999	0.0814072434484531	3008.88679871948	62.65636800360803	-0.2520163442186742	3925.820451403556	0.0635122377533453	54.57119799281854	-0.1656851670817474	0.0274515745909065	2978.0156503714024	55.37618790540444	38.48727280697381	0.96616	33.135868	0.0827996398335184	0.0428027107777016	0.0841963151	-0.0925131516	0.005925833	-0.0900247629	-0.0103431926	0.0213085266	-0.0969292426	0.0090525941	0.1879757225	-0.0577026587	0.1043210793	0.1339040389	-0.146330936	-0.192915509	0.0925363345	-0.0249701135	0.0103949012	0.0770303834	0.0592119029	0.0176818053	-0.0077022024	0.0017386205	0.0686444741	-0.017762891	0.078746737	0.0149761948	0.0573856241	0.0637164214	0.0342561657	0.0365649339	0.1150001483	0.0606937269	-0.1259541404	0.1249869821	0.0360924185	0.0949681229	-0.0826146081	-0.0277361996	-0.0889279458	0.0756563438	0.0498465184	0.1025676143	0.014732222	0.0245300141	-0.0948889598	0.0340981059	-0.0629231418	-0.057511247	-0.0451189198	-0.051662406	-0.0954319338	-0.0916396711	0.0262611601	0.1312630362	0.0666910356	-0.0675494824	0.1008882302	-0.0302007977	-0.0745568982	0.0219533994	0.0433334067	-0.0293258613	-0.0005819036	0.1107996495	-0.0858879365	-0.1019729818	-0.0301963718	0.003974553	-0.0914638568	-0.0084750354	0.0187644258	0.0683235933	-0.0359279258	-0.1064098082	0.1071049219	-0.0044122707	0.0490462654	-0.0127652748	-0.0264615462	0.0900771272	0.0247713729	0.0410520217	0.1111340059	0.090304607	0.0938675746	-0.0859524795	-0.0288609251	-0.0189493048	0.0937433785	-0.0693797529	0.0328347695	0.0463683481	-0.1659918123	-0.019427837	0.0274609515	-0.0375473135	0.037632115	0.0303367398	0.1281429401	0.0236046989	0.015433594	0.0623896488	0.0848775699	-0.0144058948	0.1444036175	0.0216065516	0.0439502796	0.1716555434	-0.0314696076	0.0627439342	0.1522221912	0.0373274067	0.0318324386	0.0028950098	0.1882752587	0.0101012174	0.0194222542	-0.0042341356	0.0867526101	0.0428547472	-0.0773100283	-0.0162760049	-0.0253941901	-0.0613621137	0.0986997863	0.0562384617	0.0080720173	0.0161736845	0.0651189349	0.0156319174	0.1517887056	0.049391443	0.1596012226	-0.127350603	-0.0031247123	-0.1096653364	0.1182810011	-0.0286956966	0.0063776929	-0.0557460013	-0.0219971696	0.0019727547	0.1294898287	0.1345216889	0.0401745273	-0.0108156851	0.0042966486	0.0497921391	0.0099265143	0.0856389373	-0.0123387641	0.0069250505	0.046539017	-0.025035033	0.0418552592	0.0747020974	-0.0019027109	-0.0773688144	-0.1065324352	0.0	0.0	0.0	0.0	0.0465878473660978	0.0119286575317118	0.0001422928705088	0.0021704275222068	-0.1408196356614297	-0.0010836228878189	1.1742385630051702e-06	0.0198301697878178	0.8917656005878811	0.0299448275913576	0.0008966926994761	0.7952458863918643	-0.0163565215415423	-0.0001137910682369	0.0002675357969389	1.294840721051711e-08	-0.0018589531605306	0.0006381375316921	4.0721950935421333e-07	3.455706853046707e-06	-0.0039959809562307	-4.492203652339995e-05	1.596786380255842e-05	2.017989365409679e-09	0.0	0.0	0.0	0.0
55.13443069797405	0.2811099350568753	0.0790227955876806	3039.805448389703	62.693936540672816	0.0375685370647858	3930.52967896591	0.0014113949771881	54.67388790634979	0.1026899135312504	0.0105452183410556	2989.2340187961017	55.43778591928706	39.11397473081688	1.025792	35.181042	0.0563309085570378	0.0276497279885013	0.0686308281	-0.0771833705	-0.013396762	0.0688963562	-0.086903371	0.028214536	0.0727180517	0.1232104346	0.074723983	0.0836478024	-0.1195872479	-0.2392942491	0.0992031412	-0.0743958146	-0.0918314736	0.1359967013	-0.0335043661	0.0407912869	-0.0259837121	-0.0266256853	0.0460442593	0.0039978253	0.0184066192	0.0566529036	-0.0196386242	0.0317029261	-0.0262860709	0.058825563	0.0404307443	-0.0708433546	-0.0978629451	0.0484331106	-0.0815316444	-0.0767699281	0.0851315416	0.0623749155	-0.0808391981	-0.0033307995	0.191149907	-0.0021898589	-0.1149023977	-0.0312090456	0.02247594	0.0665394423	-0.1423282161	-0.0136589842	0.0491238719	0.0156936881	0.0255690379	-0.0294861405	-0.0177657556	0.0436518274	0.0522153548	-0.052381342	-0.0593902184	0.0406422125	0.0013276343	-0.0671498739	-0.0242412226	0.1788339152	0.015710825	-0.0213675573	0.0388569947	-0.0159862622	0.0362557746	0.1060908279	0.0387183728	-0.0082527745	0.1063982425	0.0514945656	0.039968234	0.0059329418	0.0512623452	-0.0016445885	-0.0750809893	-0.1026243915	0.0547680429	-0.0219873489	0.0076907552	-0.0329005709	0.0243413317	0.0160249732	-0.0902924332	-0.0412772819	0.0418683357	-0.0910677409	0.0190017653	0.053939889	-0.0332931135	0.0461590989	-0.0802425096	0.0391791658	0.0159162792	0.09760667	0.0811421471	0.2026690064	-0.0219930515	-0.1568710928	0.0742329532	-0.1081845139	-0.0267613153	-0.0591619835	-0.1556839343	-0.0616054286	0.0833297949	-0.0617331052	0.076131274	-0.0641924487	0.0395588676	-0.0601369483	0.1090614723	0.0060360413	-0.0808570423	-0.1148911867	0.0278324082	0.0375180588	-0.0325248795	0.0439498589	-0.0168404344	-0.050201053	0.038351158	-0.0647228919	0.0419822478	-0.0041719927	0.0717225486	0.0332884456	0.0574540953	-0.0572019717	-0.1154065186	-0.0817905629	0.007392657	0.0678927031	0.0737815983	0.0800219015	-0.0540614229	-0.0024773355	0.0595981222	-0.0729958685	0.1501454993	0.0573148584	0.0307651377	-0.0046537607	-0.0061707839	-0.0662438385	-0.0450299852	-0.0435684881	-0.0283490953	-0.0350841214	-0.0344950133	-0.0012803094	0.0043907463	0.0961739283	0.1509310366	0.0557796223	-0.0826254536	0.073332823	-0.005705708	-0.0811829968	-0.1059895703	0.0	0.0	0.0	0.0	0.0555552599646915	0.0089674125985937	8.041448871341707e-05	0.0030863869097444	-0.1428747895345452	-0.0020551538731155	4.223657442181643e-06	0.0204132054845405	0.8742242134026625	-0.0175413871852185	0.0003077002643817	0.7642679752995041	-0.0160606761066677	0.0002958454348746	0.0002579453170032	8.752452133614183e-08	-0.0018051846274298	5.3768533100800094e-05	2.8910551518118356e-09	3.258691539108866e-06	-0.0037902558262039	0.0002057251300268	1.436603922807261e-05	4.232282912454377e-08	0.0	0.0	0.0	0.0
54.95034983548865	-0.1840808624853949	0.0338857639333668	3019.5409470425875	62.99372653763529	0.299789996962474	3968.2095830983767	0.0898740422787601	54.563158429534745	-0.1107294768150453	0.0122610170357336	2977.1382578065086	55.29540864880744	38.55093494115365	0.934284	32.042622	0.1859809587477982	0.0894189180130578	0.1014124643	-0.1102539188	-0.0353605862	-0.0608072939	0.1003329931	0.0788922202	0.0097442708	0.0308383851	-0.0533635686	-0.1190604675	-0.081020375	0.0359455775	-0.155110261	0.0964031998	-0.2048317011	0.1129856756	0.0369284458	0.1230560307	-0.037809463	-0.0370920289	0.0042073121	0.0026618383	0.0033582563	-0.0475395502	0.0604915264	0.0223281956	-0.0905720539	0.1723789831	-0.0706340724	-0.0688062096	0.0025353502	0.1111519152	0.0466613125	0.1009863413	0.0037809695	0.0651436082	0.0227136135	0.0909054801	0.0304391571	0.1120500431	0.0040534632	0.0058335035	0.0787133707	-0.0357903762	0.0095767036	-0.01091017	-0.0258850202	-0.1271374252	0.0091709934	0.0723261323	0.0171409108	-0.094668108	0.1668109507	0.0241085491	0.0268067305	-0.0623052295	0.0286537234	-0.0501120318	-0.0948949491	-0.0662214635	-0.1271555506	-0.0752794886	0.0629344858	0.1087676752	-0.0087811563	-0.0667592784	-0.0086663194	-0.0413369974	-0.0507233711	-0.057902636	-0.0165630983	-0.0846129309	-0.121585946	0.0723034757	0.0922978312	-0.1011351086	-0.0127009322	0.0161098279	0.1545317825	-0.0911512662	0.0569212258	0.0554528505	0.1290020953	0.0792627698	0.0052617418	-0.0229549624	0.0669432704	0.0398362357	-0.0523827735	-0.0455361553	-0.2030053916	0.1087441182	0.0266573041	0.0631935622	-0.0064062417	-0.0815464245	0.066187735	0.023636549	0.0329700742	0.0004042695	0.0777753428	-0.0352576271	0.0947378751	-0.1282871188	-0.0052253328	0.0197066004	-0.002828867	0.0528078219	0.1257008388	0.0035707245	-0.0857271877	0.0774126246	-0.0195794497	0.0621767367	0.0695830173	0.1278440576	-0.1140115397	0.0071761407	-0.0498376062	0.0365422907	0.0528148381	0.1071006323	0.0146423929	0.0222636821	0.0493140336	0.0573831092	-0.0212368287	0.0114105478	0.0938411121	0.0576513695	-0.0524845056	0.0720353951	0.1231463768	0.110420499	0.0753138347	0.1089432819	-0.0040483231	-0.0586776196	0.0168738984	-0.0137084355	0.0514985434	-0.0008036117	0.0337880565	-0.0118761096	0.0179586383	0.0582668109	-0.0374274328	-0.0353911873	0.0368528278	-0.023027589	-0.0424252862	-0.0596172465	0.0094934582	0.0887269628	-0.1538336749	0.0719401838	-0.009501434	-0.0847644355	-0.1049066069	0.0	0.0	0.0	0.0	0.0285498432962612	-0.0270054166684303	0.0007292925294355	0.000815093552241	-0.1703573245173686	-0.0274825349828234	0.0007552897290821	0.029021618016716	0.917673278311092	0.0434490649084294	0.0018878212414169	0.8421242457262269	-0.0170606951692492	-0.0010000190625815	0.000291067319658	1.0000381255263826e-06	-0.0024342338452929	-0.0006290492178631	3.957029184941778e-07	5.925494413569458e-06	-0.0039220663895216	-0.0001318105633176	1.5382604763814998e-05	1.7374024602129343e-08	0.0	0.0	0.0	0.0
55.02694181903185	0.0765919835431958	0.0058663319430811	3027.964325955116	62.82692168043067	-0.1668048572046174	3947.22208783897	0.0278238603870528	54.61944575105522	0.0562873215204717	0.0031682625639489	2983.283854152464	55.44937110743628	38.70909380540682	0.918581	31.504055	0.1486333651663702	0.0758805870414937	0.0850761458	-0.086293189	-0.0302255141	-0.1529993668	0.0814234503	-0.0275626794	0.0557154928	-0.0964591824	0.0334029176	0.1087560468	-0.0178605034	-0.0529090385	-0.0756514174	0.0359834884	-0.0493810593	-0.0703909389	0.0829762574	0.1081550009	0.0029470435	-0.0153625406	-0.0136700662	-0.0306970558	0.0037969925	-0.0951931008	0.1533778214	-0.0177029195	0.0277445761	-0.0231435963	-0.0677501636	-0.0106438268	0.0535804048	0.0015539953	-0.0836882292	0.0058939113	0.0264421055	0.0644661816	-0.1134270423	-0.0175494619	0.0707624597	0.0893655027	-0.0598293176	-0.0569751682	-0.0349130085	0.0136742096	-0.0640390735	-0.0465393203	-0.0377298162	0.0419807447	0.0901391039	-0.0313451564	0.1118630518	0.0690055354	-0.0258586731	-0.0189537057	-0.0563237539	-0.0300960224	-0.0698828256	-0.0056378411	0.0045223019	-0.0604542944	0.0280234302	0.0107126417	0.0473091383	0.0285078046	0.0757779878	-0.0569125361	-0.0492137358	0.1216000003	-0.0797148847	0.0934974703	-0.1932434411	0.0635936274	0.1065578084	-0.0295614757	0.1612087785	1.88189e-05	-0.0159084078	-0.1194111921	0.0618996271	0.0207877253	0.0234338192	-0.0733303948	0.1213926617	-0.0017305636	0.015544811	-0.1650026433	-0.0141779724	-0.0626064992	0.0338086555	-0.0288952865	0.048973641	0.0622888104	0.0235191536	0.111716339	0.0593428076	0.1194494211	-0.0761716425	-0.1589004887	0.0366185495	-0.0548327556	0.0048734812	1.25083e-05	-0.0523629349	-0.039936368	-0.0325658484	0.060533396	-0.0584264496	-0.1096092161	0.023308943	-0.0326169455	-0.1069212482	0.063393298	0.0478634387	-0.0261266696	-0.0412046997	-0.0011573133	0.038133429	-0.1219811264	0.0063311261	0.0110272339	-0.0159453962	-0.0429120746	-0.0340486609	-0.0656141661	-0.1198370144	-0.0553050149	0.0091202848	-0.0176701488	0.0113379793	0.016019071	0.0842017804	0.0539245441	0.123686497	-0.0334672822	0.0415432705	0.0456160398	0.0558153557	0.0264635405	-0.1078856497	-0.055303162	-0.0133884833	-0.0211517862	0.0556190152	-0.0064377337	0.0460988468	-0.0668342477	-0.0722173613	0.0402830909	-0.0829008227	0.0688864115	0.0747096373	0.000460743	0.0449623166	0.0195605353	-0.0003007913	0.0705246236	-0.0132850519	-0.0881028626	-0.1032890634	0.0	0.0	0.0	0.0	0.038092745663846	0.0095429023675848	9.106698559725562e-05	0.0014510572722104	-0.1338794652828028	0.0364778592345657	0.0013306342143367	0.0179237112244092	0.8814723868634573	-0.0362008914476347	0.0013105045416034	0.7769935688027605	-0.0162337334969768	0.0008269616722723	0.0002635341032508	6.838656074075619e-07	-0.0021450985625286	0.0002891352827643	8.359921173919176e-08	4.601447842962265e-06	-0.0041342036768166	-0.0002121372872949	1.7091640041403892e-05	4.500222866088123e-08	0.0	0.0	0.0	0.0
54.96514338906604	-0.0617984299658047	0.0038190459462384	3021.1669877805907	62.79947699413398	-0.0274446862966897	3943.7743107367633	0.0007532108059237	54.59305481582159	-0.0263909352336284	0.0006964814625055	2980.401634123301	55.36356875806644	39.58731444777781	0.935627	32.088676	0.1769175344723719	0.0884357572649295	0.0449206363	-0.0431139252	0.0517579129	0.0157179238	0.0236616956	0.0169863699	0.0422142388	-0.0158725253	0.0747948344	-0.0712284002	-0.020388632	0.1865743376	0.0038937781	0.090622157	-0.0879918352	0.0187299737	-0.0324616616	0.0793170289	-0.0080471796	-0.0566057938	0.0090704211	-0.0377663404	-0.1228199967	0.1594770228	0.0975372988	-0.1614989225	-0.0353871886	-0.0702740181	-0.049303096	0.0609913441	0.0233947337	-0.0285381392	-0.0250278092	-0.0122416693	-0.0034001138	-0.0340910504	0.0595109561	0.0988151568	0.0002318074	-0.0942936941	0.0655632806	0.105259834	0.0590978551	0.0122361986	-0.0099431301	-0.0999871715	0.0283502387	-0.0641183705	-0.0819073094	0.0334408179	0.0756521708	-0.0134134032	-0.1301146428	-0.0041818719	-0.0522117213	0.0238798195	-0.0123546259	-0.0913001121	-0.0578990816	0.0362238993	-0.0913334053	0.0920040872	-0.0181833428	0.1380262492	0.084140938	-0.0888422158	-0.0992782289	0.0020325302	-0.096068921	0.0147389728	-0.0172311818	0.0488921058	-0.0203455457	-0.22934835	-0.0022832157	-0.0677839554	0.0623570765	-0.0617158318	0.0227920318	0.0693408158	-0.0754571094	-0.0984163487	-0.0433219046	0.1410427304	-0.0118895912	0.0554821895	0.155748797	-0.053409481	0.047250129	0.0856598328	0.0579101873	0.0172968052	-0.0182557444	-0.0549177857	0.0591702397	-0.0695145394	-0.0539784007	0.0350450452	0.013067396	0.0763444315	0.0328539773	0.0704748862	0.0027941445	-0.087199419	0.0137615221	-0.1192777082	0.1083600301	0.0561447019	-0.0660344635	0.0339102618	-0.0596473858	-0.0351418914	-0.087028203	0.0575849579	0.0065210937	-0.010037874	0.0992414489	-0.0811950064	-0.1112492208	0.0446858581	0.0320617497	-0.084801891	0.0317225644	-0.0323352031	-0.0042983109	0.1156971324	-0.0759259271	0.0148869182	0.1216441465	0.0072594713	0.0212903104	0.0443623863	0.0734230464	-0.0437695353	-0.0830114989	-0.0889432696	0.14133141	0.0171594349	0.0072649952	0.0209062942	-0.0363652702	0.016138948	-0.0054479691	-0.0304973397	-0.0623707475	0.0190027343	0.0439861607	0.0686013165	0.0399271201	-0.0123493364	0.0313591876	-0.0482300147	0.134833352	0.0063071826	-0.0237463472	0.0690865934	-0.01705174	-0.0911887072	-0.1011451826	0.0	0.0	0.0	0.0	0.0599607588733022	0.0218680132094561	0.0004782100017289	0.0035952926046622	-0.1249304073911616	0.0089490578916412	8.008563714794592e-05	0.0156076066909216	0.8227446543676677	-0.0587277324957895	0.003448946564097	0.6769087662905731	-0.0152893917828126	0.0009443417141641	0.0002337655010883	8.917812731105788e-07	-0.0017148519807235	0.0004302465818051	1.851121211549726e-07	2.9407173157913108e-06	-0.0037613373552762	0.0003728663215403	1.414765870019616e-05	1.3902929373906872e-07	0.0	0.0	0.0	0.0
55.028110550363365	0.0629671612973226	0.003964863401843	3028.092950743012	63.03915803543645	0.2396810413024681	3973.935445816732	0.0574470015598354	54.698478332888925	0.1054235170673365	0.011114117950847	2991.92353193352	55.48422996016708	39.44637574901471	0.931253	31.938673	0.0405008389950733	0.0240363646564132	0.0547943124	-0.0598078174	0.0331422361	0.0943008389	-0.0163123641	0.090455514	-0.0091021833	0.1025994541	0.1254900144	0.0765129265	-0.152633528	-0.1210492516	0.0795363749	-0.1271523171	-0.0022526575	0.0483881268	0.0337656459	0.0162088142	-0.117722559	0.0270398939	-0.0718781973	0.0471809111	-0.0454580421	0.0324250301	-0.0465896667	-0.0648948606	0.0140444867	-0.068486877	0.0297057624	0.1602609469	-0.0174472562	-0.0696343997	-0.0722981923	0.0501805646	-0.042016463	0.0511841455	0.0389787733	0.0804064221	0.0430026365	0.1076519254	0.0796746904	-0.0036059375	-0.0753439274	0.0147260798	0.1214546614	0.0242862482	-0.021919483	-0.0378560528	0.1584136111	0.0639528169	0.0477964598	0.0288515425	0.054040887	-0.038440619	-0.0023581007	0.0413386421	0.0501956985	-0.0386679344	-0.0346772305	0.0292767848	0.0791362229	-0.0318090248	-0.0256855205	-0.0348974933	-0.0811822164	0.0176151528	-0.1014165885	-0.0304332674	0.0142468077	0.0176150923	-0.1531904847	0.0182492126	-0.0441099606	0.0082150575	-0.0753860627	-0.0979512872	-0.0336606844	0.0137411768	-0.0201349995	0.0592481143	-0.0042586356	0.0892368484	0.0126079158	-0.0272731103	0.0147732773	-0.0067122072	0.006310839	-0.0247207957	0.0533106722	0.1198706731	0.0896820574	-0.0800410095	0.0198844319	0.0446853611	0.0054066252	-0.0880154108	-0.0246847842	-0.0989449589	0.0754524041	-0.0580980475	0.1377127765	0.0822704677	-0.0833723653	0.0406716279	-0.0784236668	-0.0972954769	-0.0371274385	-0.1698181272	0.1175876197	0.0682394935	0.0131659965	-0.00687787	0.0887303673	0.0299805693	0.0466334089	0.0083196554	-0.0716581691	0.0380209651	0.0763956374	-0.049677271	0.0431861749	0.0604989099	-0.0760836527	-0.0746651993	-0.0386198377	0.0701845717	0.1031641278	-0.0515358635	0.0582506577	-0.0840757584	-0.0343752345	0.0571586295	0.0582615666	0.0946083047	-0.0183672259	0.0107011227	0.0377926656	-0.0933972365	0.1192449592	0.0244033215	0.0307223459	0.0416044327	0.0076992991	-0.0692845004	-0.0359296284	-0.0812480688	-0.0196791543	-0.0195797997	0.0282595878	0.0244115539	0.0555335213	0.0747409977	0.1674588241	0.0241789343	-0.0493701548	0.0676265513	-0.0207966982	-0.0940131227	-0.0984858891	0.0	0.0	0.0	0.0	0.0621721006122157	0.0022113417389135	4.890032286261006e-06	0.0038653700945354	-0.1283363681781537	-0.003405960786992	1.1600568882527818e-05	0.0164702233971586	0.8270209679596405	0.0042763135919727	1.828685793689114e-05	0.6839636814449007	-0.0156134525056095	-0.0003240607227968	0.0002437798991449	1.0501535205964909e-07	-0.0019790812490116	-0.0002642292682881	6.981710622006486e-08	3.916762590189315e-06	-0.0037851918217351	-2.3854466458899957e-05	1.4327677127330284e-05	5.690355700387828e-10	0.0	0.0	0.0	0.0
54.84774603906605	-0.1803645112973129	0.0325313569355185	3008.275245565886	63.06652260814924	0.0273645727127913	3977.3862738842	0.0007488198397536	54.65746759879966	-0.0410107340892622	0.0016818803105401	2987.438764313835	55.41733148950334	38.85103805519942	0.936314	32.112236	0.0998518955054664	0.0495351803593505	0.0799729524	-0.0748494761	-0.0207180904	-0.0485758266	0.1063691544	0.0320453878	-0.0469957708	0.0020466997	0.079111703	-0.0405418168	-0.039677468	0.0303736322	-0.1180931194	0.0797892929	-0.048003565	0.029398449	0.1337115107	0.0876483081	0.012886476	-0.0451935444	-0.0523207975	0.0398064099	0.0061876935	-0.0204196557	0.0660421822	-0.0125396556	-0.0030269355	0.0460128214	-0.0623810747	0.0334701288	-0.0468462206	-0.0170023468	0.0744481674	0.0313126699	-0.083291861	0.006058316	-0.0606650092	-0.0478809112	0.0455479586	-0.0185170447	-0.0753670508	0.0655433866	-0.0574704722	0.034676641	-0.0338821397	0.0535998822	-0.008407487	0.0026489911	-0.0537033204	0.0040097966	0.1122565521	-0.0541017507	-0.0067420995	-0.0492786931	0.0538651274	0.0366870515	0.1387875049	-0.0253286535	0.0836751822	-0.0898303016	-0.0439701368	0.0690185118	0.135997302	-0.0816660007	0.0405422535	-0.1197854419	-0.0016612509	-0.1622586476	0.135488429	0.0471733815	0.1026250349	-0.1139666665	-0.1127274138	0.078427295	0.0468154138	-0.0587194747	-0.0248225761	-0.009965792	0.1267678122	-0.0188594558	0.0240406909	0.0776872288	0.0173839168	0.0415119854	0.0183264844	-0.0042128926	0.0483869652	-0.0396861855	0.0254415223	0.0029117789	-0.0196695539	0.0225692676	0.0238837988	-0.1163253502	-0.1127227327	0.0667828002	-0.0825251344	0.0367098782	-0.0395200573	-0.0097220117	-0.0952055317	0.0162184836	0.0285353368	0.0019096777	-0.0371686813	0.0339060751	-0.0021030671	0.0002913166	-0.0429792061	0.1294055865	0.0245273257	0.0810713182	-0.1500127696	0.0035968893	-0.0105104743	0.1551538157	-0.0799690059	-0.0371332723	-0.0717014257	0.0856976694	-0.0607321601	0.0489972267	-0.0289837488	-0.0777787677	-0.053434043	-0.0266483545	-0.0999039629	-0.0068723705	0.02552995	-0.0083748812	-0.0492769994	0.0627607632	0.0786214723	0.1088222484	0.0631914269	0.1322866234	-0.0272736344	-0.0157086081	-0.0583628762	0.0113605974	-0.0143626171	0.0570790416	-0.0533195196	-0.0025771147	0.0362566024	-0.0530647371	-0.045545681	-0.0581516625	-0.031652566	0.048046308	0.1085756968	-0.0415125963	0.0527299764	0.0061513494	-0.0929444776	0.0661449626	-0.0245151542	-0.0965680115	-0.0953247341	0.0	0.0	0.0	0.0	0.0499593836265574	-0.0122127169856583	0.0001491504561717	0.0024959400123455	-0.1271279302651322	0.0012084379130214	1.4603221896277545e-06	0.0161615106534963	0.8601902236231922	0.0331692556635516	0.001100199521274	0.7399272208169174	-0.0160810336089218	-0.0004675811033122	0.0002585996419312	2.1863208817474737e-07	-0.0024028305130685	-0.0004237492640568	1.795634387887642e-07	5.77359447453303e-06	-0.0039590911532306	-0.0001738993314954	1.56744027595888e-05	3.024097749458173e-08	0.0	0.0	0.0	0.0
54.95895370393385	0.1112076648677984	0.0123671447253485	3020.486592231144	62.97701920128857	-0.0895034068606719	3966.104947479469	0.0080108598396669	54.65332205646309	-0.0041455423365732	1.718552126432138e-05	2986.985611807475	55.53148060075425	38.48565348007776	0.980247	33.618999	0.0857036313803938	0.044755830851893	0.0966313135	-0.0895941322	0.0500014075	-0.1425639566	0.0130267759	0.0289574621	-0.0163340159	-0.0946885382	0.1350417082	0.0470837528	0.0120720068	-0.062126351	0.0158210898	0.075782614	-0.0426453374	-0.0201283747	-0.2166803552	0.0990216471	0.0160152644	-0.0219645661	-0.0439321531	-0.0287660907	0.0489679577	0.0138523065	0.0085215189	-0.0794693535	0.0788329482	-0.0041087957	0.0124858046	-0.0250764313	0.0173799797	-0.0182672683	-0.109900734	0.0076237746	0.0952216047	0.1017015166	0.066660691	0.0172655355	-0.1301851342	-0.0577824593	-0.0162761892	0.0824673549	-0.0014518894	-0.0845216968	0.0158488933	-0.0268590057	-0.0014782651	-0.0090829546	0.0128106628	-0.0615051296	-0.0368465079	-0.0167015156	-0.0565660229	-0.0656324805	0.0904543418	-0.1384566416	-0.2012315346	0.0918395323	0.0568250569	-0.1162264537	-0.0524886191	0.0282186127	-0.0065955804	0.0105850221	0.1354887705	0.0754648296	-0.068929736	0.031806105	0.0389805717	0.0210577391	0.0042383433	0.0067552937	-0.0261953657	0.0487234483	0.1585260021	0.0088927564	0.0114523504	-0.0611467349	-0.0529160936	0.1415269582	0.0094869756	0.011052602	-0.0174675581	0.0138910143	-0.0435195927	-0.0688451015	0.0198708506	-0.0499058059	-0.061637343	-0.061071325	0.0102282567	-0.0059213032	-0.0507343172	0.1004732138	0.0044433883	0.0073426297	-0.1022368462	0.0244625218	0.0250740807	0.1760437555	0.0551565462	-0.0041799494	0.0772979242	0.0433483764	-0.0122228387	-0.0207898465	-0.0190601854	0.0296651197	-0.0752095555	0.0536629156	-0.0211795987	-0.0149415164	0.0944543955	-0.0572558376	-0.1773639984	0.0974554238	0.0700321055	0.0057302011	0.1334514696	0.0742918969	0.0885514065	-0.0032670226	0.1531131228	0.0469720628	0.0071009721	0.0615245204	-0.0338830575	-0.0156400659	0.047607017	0.0169851596	-0.0293718125	0.0639722273	0.1408360802	-0.0473058485	0.068292283	-0.0726025277	0.1056139464	-0.0178739622	-0.0793723059	-0.0066535065	-0.0102039083	0.0524524057	-0.0081502516	0.1116943764	0.0618488298	0.0798231356	0.0292298284	-0.0334199784	0.0118159221	0.0361298557	0.0342354958	-0.0411236558	0.0263085828	-0.0096646496	0.0033583395	0.0646422992	-0.0282023693	-0.0988460491	-0.091677826	0.0	0.0	0.0	0.0	0.055484226046488	0.0055248424199305	3.05238837650646e-05	0.0030784993399777	-0.1249690909517227	0.0021588393134094	4.660587181122352e-06	0.0156172736932999	0.8914005577953859	0.0312103341721936	0.0009740849591399	0.794594954437925	-0.016077362924635	3.67068428680159e-06	0.0002584815986104	1.3473923133372096e-11	-0.0018730727056532	0.0005297578074152	2.806433345174659e-07	3.508401360663e-06	-0.0043618549710257	-0.0004027638177951	1.902577878826161e-05	1.6221869292488478e-07	0.0	0.0	0.0	0.0
54.94694976124472	-0.0120039426891338	0.000144094640084	3019.1672880647507	62.19405750413015	-0.7829616971584201	3868.100788827048	0.6130290192171935	54.529023875515335	-0.1242981809477541	0.0154500377869206	2973.4144448165216	55.33507620398678	38.23340975159854	0.895972	30.728645	0.117439029576097	0.0569465802619349	0.0968274967	-0.0928280004	-0.0399975666	0.0045860953	-0.0928965981	0.0506953261	0.1162070517	-0.0381000167	0.0536751486	0.0160034373	-0.0249243808	0.0876706995	-0.0957322498	-0.0194835168	-0.0039154835	-0.0059245458	0.1119066104	0.1258133213	0.0880072392	-0.0421708598	0.0839855472	0.0164172514	-0.0362694819	0.0051229525	0.0454005958	-0.1039827639	0.0900810561	0.0797559945	0.0612716544	-0.0258961868	-0.0553137995	0.0413246936	0.15430553	0.0272555046	0.0121197118	0.0123753497	0.098465625	-0.0120318598	0.1830268235	-0.0233973187	-0.0362511564	-0.0539064046	0.0201574701	-0.0311621743	-0.0513159895	0.0843386907	0.0435526159	-0.0324081659	-0.0633365554	-0.1498321148	0.1180026419	0.117969528	-0.1131809251	0.0222025172	0.1020694393	0.0974528158	0.0095462132	0.0075574749	-0.0097647218	-0.0655605993	-0.0332949665	0.0820189456	-0.0068515029	-0.1366731815	0.0895937497	-0.0260459102	-0.042181519	-0.078653737	0.0319300833	-0.0395657556	0.0912472539	-0.0131629454	0.0205927738	0.0925845864	0.0132787915	-0.0957560511	0.1444053859	0.0054328818	0.0469563591	0.0684788839	-0.03024152	-0.0578218249	0.0031601249	-0.0532702383	0.0631717504	-0.0273911932	0.0733895481	-0.1004535164	-0.0138225539	-0.0267684543	-0.1147210036	-0.0203724107	-0.0149689005	-0.0569078909	-0.1260190445	0.0160806538	-0.0515403053	-0.0606600233	-0.0468229416	-0.2021019556	0.0298480691	-0.0348612072	-0.0314132803	-0.0558878516	-0.1084290559	-0.1070785412	0.0140400623	-0.0868639459	-0.1924396518	-0.026111375	0.0757881425	0.1375093913	-0.0869152338	-0.0950883898	-0.1110431519	-0.0213017804	0.0077558443	-0.0328381211	-0.1103732356	0.0014893164	0.0260588134	0.07340833	0.0456799614	-0.0480168578	0.0548268747	0.0299995809	-0.0336854312	0.0464642526	0.1482681235	-0.0180032405	-0.1821571998	0.0698942773	0.1332361534	-0.0606641295	-0.0245542427	-0.0441008815	0.0884967502	-0.0472928997	0.1049488737	0.0214812121	-0.0196455747	-0.0119185185	0.125263607	0.0637179783	-0.0871212344	-0.0695560773	-0.0003560023	-0.0210938866	0.0602299693	0.0172442067	0.0047415479	0.044939337	0.0560966534	-0.0508163968	-0.0014999522	0.06311904	-0.0318536448	-0.1008407046	-0.0875637488	0.0	0.0	0.0	0.0	0.070068555980427	0.0145843299339389	0.0002127026796219	0.0049096025371822	-0.1406063162328479	-0.0156372252811251	0.0002445228144926	0.0197701361645716	0.8765010581929431	-0.0148994996024427	0.0002219950884031	0.768254105013349	-0.0161962123675656	-0.0001188494429306	0.0002623172950552	1.4125190084914577e-08	-0.0026111330471618	-0.0007380603415085	5.44733067707791e-07	6.818015789980466e-06	-0.0037724052602931	0.0005894497107326	1.4231041447887052e-05	3.474509614827459e-07	0.0	0.0	0.0	0.0
55.21751725160866	0.2705674903639448	0.0732067668418433	3048.9742114317	62.206147589214105	0.0120900850839547	3869.604797891088	0.0001461701573372	54.8109603043597	0.281936428844368	0.0794881499095153	3004.241369486095	55.52171521298667	39.28028897577627	0.930185	31.902035	0.1372198917017041	0.073804119591051	0.0707222112	-0.0693831033	-0.079237798	0.1040042202	-0.0865397934	0.0898150523	0.1386930431	0.0595774146	0.0412153389	-0.0271317128	0.0991509591	-0.13400817	-0.0535479396	-0.0197796776	-0.068750398	-0.0209303124	-0.0638015121	0.0116128923	-0.1078523764	0.0017855903	0.0945958653	-0.0810206771	0.0551314569	-0.037347448	-0.0171035121	-0.0001769085	0.0108714654	0.0279242734	0.0052718246	-0.0382916041	0.1020080907	-0.0343080055	0.0308775239	0.068448284	0.1862375052	-0.0004899258	0.1043836842	-0.0409610674	-0.2047322929	-0.0208420652	-0.0917733169	-0.0003251622	0.0011707618	-0.0193386433	0.1016933068	-0.0771726121	-0.0570740735	0.0061163904	-0.0050517212	-0.0450392123	-0.071652003	-0.0646800601	-0.1578071037	-0.0011922509	0.0910841103	0.2369817708	0.1050827822	-0.0206860063	0.1121197967	0.0206684113	0.0065713025	-0.037922168	0.1171943581	-0.0070735846	-0.0277945515	0.0682062822	-0.1080846829	-0.0031560041	0.0405949846	-0.0950516293	0.1215273851	0.0680405686	-0.0642963495	0.1229277126	-0.1053433956	-0.1700618838	0.0911753414	0.0072848082	-0.0921704911	-0.0509155813	0.09114168	-0.0439461272	0.0831968165	0.0241402301	0.0012832731	-0.0379768493	-0.0187581387	0.0874317625	0.0697776159	-0.0604037673	0.005323646	-0.0743405568	-0.0117118779	0.0882547998	-0.0986816304	-0.1026533962	0.0260441143	0.0979696351	-0.0688594261	0.1302396793	-0.0594448462	-0.0533537894	0.0382214546	0.0232616407	0.1373056438	-0.0249530761	-0.0259614995	-0.0588943092	-0.2179717705	0.0468659204	0.0552508665	-0.0896821671	0.0093102959	-0.049683203	-0.0656978752	-0.009780383	0.0099774503	0.0409180088	0.0614852727	0.0772926717	0.00938288	0.1701823363	-0.0822345218	0.1434372222	0.0208154585	0.0610355759	0.0396997944	0.045008882	-0.0740939159	-0.0671747681	-0.0347272861	0.0712137074	0.0631967854	0.069524051	-0.0874634411	0.0946121969	0.0113023109	-0.0400226908	0.1141123991	0.0269474407	-0.0014789247	-0.0855287153	0.0163334891	-0.0495339782	-0.0780735825	-0.0366268176	0.0593074894	0.0311665879	0.1015154157	-0.0415381556	-0.1258980406	-0.0916132876	0.0541438238	-0.0261675329	0.0090378417	0.0615756703	-0.0354643276	-0.1025462595	-0.0830034668	0.0	0.0	0.0	0.0	0.0798316421133051	0.0097630861328781	9.531785083799668e-05	0.0063730910825068	-0.117688411079996	0.0229179051528518	0.0005252303765951	0.0138505621025341	0.812078281997394	-0.0644227761955491	0.0041502940927418	0.6594711360918389	-0.0161649363028473	3.1276064718300384e-05	0.0002613051656751	9.78192224263314e-10	-0.0027778281419919	-0.0001666950948301	2.778725464041605e-08	7.71632918644217e-06	-0.0043767565851532	-0.0006043513248601	1.9155998205681902e-05	3.6524052386015836e-07	0.0	0.0	0.0	0.0
55.15135360964124	-0.0661636419674209	0.004377627518393	3041.671804975688	63.05731858861261	0.851170999398505	3976.2254275857895	0.7244920702170499	54.754607923426	-0.0563523809337027	0.0031755908368971	2998.0670888481054	55.51743856998056	39.71841401237284	0.913984	31.346405	0.2089728633250619	0.0988354769543872	0.0562693416	-0.0479606776	0.0015938499	-0.0558952709	0.1332862868	0.0225951079	-0.0073546206	-0.0010040187	-0.0342167869	-0.1169650842	0.0377694162	-0.0642412005	-0.0487665868	-0.037897347	-0.0518549144	-0.0198019643	-0.028532379	-0.002724819	-0.0638356872	0.0616590936	0.0263419786	0.0703210365	0.0558698681	-0.0284584242	0.1406450546	0.0416740542	0.0957570462	0.0082523799	-0.046650727	-0.0039113972	0.0252095149	-0.1205697836	0.0032084585	0.1180576356	0.0376292479	-0.0651454374	-0.1155114748	0.0182854512	-0.0258060768	-0.0669696106	-0.1058671523	0.0357727943	0.0965267244	0.0413482201	-0.0045811343	-0.0039023197	0.0308282486	-0.0216885114	0.1317371013	0.105892219	0.0155586576	0.0046113466	-0.0466748804	0.0492237971	0.0137791674	0.0976041481	0.0890032226	0.0455485513	-0.0814732456	-0.0685400124	-0.0006629775	-0.0316144451	-0.1112146519	0.0032659315	0.0466030385	0.0054060729	-0.0008555821	-0.0065038844	-0.1837925011	-0.1277006203	-0.0676665553	-0.0279863234	0.0705563364	0.007535036	0.0426352848	-0.0311352006	-0.0940608305	0.0352099793	0.0238739813	-0.0605932182	0.0708173475	-0.0217835269	0.0798059166	0.0811958974	0.1068747941	-0.0565233384	0.0127809145	-0.0116694587	0.0590513846	-0.0344358084	0.1640845998	-0.0806827638	-0.0294477045	-0.0620368718	0.052519939	0.1393227748	-0.0296236127	0.0310083894	-0.0563071507	0.07263337	0.0015430252	-0.0181221504	-0.008800345	-0.0280510392	-0.0201768588	0.0478375452	-0.0892199479	-0.0473863258	0.0609402704	-0.096436456	0.0528545437	-0.0262850475	-0.0246426253	0.0309742646	0.1197574068	-0.0155453295	0.1769038351	-0.0436641615	-0.0113340928	-0.0287291846	0.1393825671	0.1304082571	-0.0428631194	-0.1118021365	0.1104584339	-0.0686900565	0.0023219901	0.1171190871	0.0973850088	-0.0242998171	0.0481887736	0.0637753817	0.0219687812	0.1344667799	0.0353272036	0.1052641292	-0.0313323104	-7.63171e-05	-0.0497109713	0.0035489478	-0.0412365152	-0.1515946296	-0.0797272167	-0.0421319063	0.0560640328	-0.1162880065	-0.0439026453	0.0019360071	-0.0083572984	0.0466929938	-0.0388847879	-0.039725765	-0.001094601	0.0490270051	0.0932242281	0.0600126818	-0.0390298165	-0.1039578241	-0.0780202182	0.0	0.0	0.0	0.0	0.0486032911171463	-0.0312283509961587	0.0009752099059392	0.002362279907418	-0.0721779196558998	0.0455104914240962	0.0020712048296627	0.0052096520858535	0.777629948061147	-0.0344483339362469	0.0011866877109831	0.6047083361215823	-0.0154368712504838	0.0007280650523635	0.000238296994004	5.30078720473067e-07	-0.002254803107349	0.0005230250346429	2.735551868632067e-07	5.084137052910706e-06	-0.0036721329327884	0.0007046236523647	1.3484560276069136e-05	4.964944914719104e-07	0.0	0.0	0.0	0.0
55.192022509322925	0.0406688996816839	0.0016539594013188	3046.1593486696083	62.9157589778999	-0.1415596107127115	3958.392727765192	0.0200391233851344	54.78913753303514	0.0345296096091374	0.0011922939397594	3001.8495916138395	55.60601055359451	40.69963591498447	1.014915	34.80798	0.3400700880910381	0.2115246767574038	-0.0058684197	0.0381361111	0.0552831809	-0.0926914067	0.0444166413	-0.0223576712	-0.0460316435	-0.0583273397	-0.0017130316	0.0433763781	0.10269573	-0.0127370994	0.0995768129	0.0337603978	0.0830520201	0.0643475375	-0.1791407005	-0.0717529228	0.0676452038	-0.0778042619	-0.0784274195	-0.0177857535	-0.0061663991	-0.0075288375	-0.0563808221	0.1093306535	-0.0347099509	0.0043311463	-0.073654512	-0.0790978731	-0.0132147272	0.1077299603	-0.0749230558	-0.0305236919	-0.0826146369	0.0229616184	0.1609763214	-0.1129429907	-0.0507206329	0.0770973494	0.0374930433	0.0073302375	-0.0541866319	-0.0908184038	0.0814648363	0.0544427369	0.0997876974	-0.1008045817	0.0926215277	0.0143414575	-0.0247704525	0.0170263422	0.0711711191	-0.0475441164	0.0027180798	0.0190483843	-0.1636005279	-0.0205965486	0.0401528487	-0.1799741688	0.0190551421	-0.0154701126	0.1187367701	0.0646721247	0.0895670504	-0.0082370154	0.0550848356	0.1291266558	-0.0868594339	0.1305472044	-5.36405e-05	0.0865470345	0.1157886732	0.0175987633	0.0792833287	0.1255707772	-0.0467900197	-0.0211283876	-0.0123148586	0.0287672548	-0.0683888721	0.0061743266	-0.0480118759	0.0125833625	-0.007630689	-0.0344613983	-0.0700324307	0.1192940134	-0.1150752408	-0.0836584725	-0.043430516	0.1103080503	0.0197050174	0.0697908604	0.0129687731	-0.1823744202	-0.0254446129	0.1243026928	-0.1007072619	-0.0369019194	0.0119096034	-0.0410501466	-0.0456023782	0.0897949427	-0.0946473872	-0.0045975891	0.1040592008	-0.0330946195	0.0258683497	-0.0552387826	-0.0586146	-0.0325097903	0.1093036557	-0.0422599262	-0.0697168783	0.0190613025	0.0162729344	-0.0875236636	0.1177656893	0.0122869754	0.0709339341	-0.0071724634	-0.0030625515	-0.0039394372	-0.0389286394	0.0544290224	-0.051199579	0.0399712039	-0.0604346101	0.0625917781	0.1250525304	-0.0041868344	-0.0182475149	-0.0773437895	0.0360726809	-0.0901294368	0.0664085337	0.0412955534	-0.0424888	0.0059119821	-0.0540473056	-0.0583568797	-0.0512511012	-0.0402831422	0.0810361524	0.0407525898	-0.0184820528	0.0485725382	-0.0117811906	-0.0601983178	-0.0747147457	-0.0617813599	0.0638788469	0.0755353613	0.0469530058	0.0584305724	-0.0425455678	-0.1050713516	-0.0726393964	0.0	0.0	0.0	0.0	0.0527680685995761	0.0041647774824297	1.7345371478154296e-05	0.0027844690637295	-0.0303059411891268	0.041871978466773	0.0017532625807219	0.0009184500713588	0.7004921270971067	-0.0771378209640403	0.0059502434230803	0.4906892201250291	-0.0121363657238408	0.003300505526643	0.0001472913729828	1.089333673140099e-05	-0.0014838963434407	0.0007709067639082	5.942972386395673e-07	2.20194835807668e-06	-0.0034056349997838	0.0002664979330046	1.1598349751752404e-05	7.102114829572443e-08	0.0	0.0	0.0	0.0
55.34077633627473	0.148753826951804	0.0221277010328072	3062.601525501585	62.5941849940799	-0.3215739838199951	3918.0319950730977	0.1034098270698624	54.84335853534038	0.0542210023052405	0.0029399170909848	3007.793975435892	55.60426161656925	41.18099555362856	0.967955	33.197407	0.247086124251364	0.142577493103675	-0.0685919837	0.0731973021	0.032656328	0.0910215824	-0.0644982621	0.0077094761	0.0499333308	0.0700019002	-0.0523019763	0.0425030339	0.005166687	0.1507552141	0.0265101912	-0.1184332037	0.0791055349	-0.0924985298	0.0544340197	-0.1203762946	-0.0181282868	-0.05553622	0.0471122688	-0.0435993142	-0.016243955	0.0105863084	-0.1220530849	0.0343114454	-0.0225991117	-0.0072424853	-0.0643799155	0.1294538739	-0.0758304471	-0.070326752	0.0259645917	-0.0167123941	0.0206571295	-0.0689090798	-0.0007772845	-0.1159823054	0.0158224272	-0.0387508609	-0.0468568672	0.1517757523	0.0980281009	-0.1082477436	0.1019818321	0.062433055	0.0656197182	0.0221718185	0.0442869218	-0.0855422961	-0.0893510441	0.0247975387	0.0801342337	0.120212848	0.08891175	-0.0740965046	-0.0397242709	0.0731947522	0.0486173193	0.1345930108	0.0339015025	-0.0231368056	-0.0692679528	0.0683006884	0.0772849808	-0.0418984065	-0.0616533914	-0.1122636648	-0.1169377833	-0.1383639257	-0.0266799328	-0.0683832553	0.0720448262	0.0181640975	-0.0943272508	-0.0034109931	0.0300734249	0.1111878802	-0.0842354107	-0.0362953226	-0.0345661775	-0.0286691886	-0.0256719328	0.0615997761	-0.0930669752	-0.027661828	-0.0058167892	0.1207187442	-0.0249156016	-0.0177823837	0.0468925891	0.0149498371	-0.1469515985	-0.0481529502	0.0020341708	0.109159949	-0.0986047242	0.0644344963	-0.1373230363	0.0966496882	0.109951168	-0.0125354939	-0.0422695922	0.1166008887	-0.0061604528	-0.1286589013	-0.0549745092	0.0195157152	-0.022244335	0.0067220153	0.0848583946	0.1676898216	0.0883581101	0.0109526561	-0.0412866859	-0.0840197847	-0.0951594483	0.0786882972	0.0874067396	-0.0391379426	0.036507722	-0.1527070473	-0.0588074809	-0.1328178944	0.0505522131	-0.0417262806	0.0335241027	0.0832595925	0.0273853968	0.0752704608	0.1383667352	-0.0477210453	-0.1137330208	0.0427666732	-0.0341816102	-0.0588741591	0.073869461	-0.0063669055	0.0882745708	0.0011653644	-0.0614276019	-0.1526099332	-0.0140707229	0.02256641	0.0585105892	0.0142822858	0.0573857378	-0.0438826886	0.0445981979	-0.065431806	0.0413305742	-0.0891342201	-0.0168878027	0.0984548309	0.0508325028	0.0568298464	-0.0460071013	-0.1058836497	-0.0668884209	0.0	0.0	0.0	0.0	0.0390377179425769	-0.0137303506569992	0.0001885225291641	0.0015239434221641	0.0120324382734651	0.0423383794625919	0.0017925383755184	0.0001447795708047	0.6131511575547037	-0.087340969542403	0.0076284449606069	0.3759543420106731	-0.0104449145313299	0.0016914511925108	0.0001090962395667	2.8610071366465443e-06	-0.0014224309068107	6.146543663000008e-05	3.7779999001165555e-09	2.0233096846503105e-06	-0.0030850231371373	0.0003206118626464	9.517367756672468e-06	1.0279196646965816e-07	0.0	0.0	0.0	0.0
55.50411533625429	0.1633389999795582	0.0266796289143221	3080.7068192602183	62.965071109910085	0.3708861158301815	3964.6001798760335	0.1375565109155988	54.92095572189246	0.077597186552083	0.0060213233607987	3016.311377406072	55.62520417984106	40.92103174573424	0.93719	32.142284	0.1283830842595193	0.0729722247926693	-0.029005651	0.0538764268	0.0033557069	-0.0084397689	-0.0947147321	0.0754700383	-0.1199303637	0.0453276379	-0.0942709792	-0.018717043	0.127044262	-0.1712241769	0.1338309385	0.0076281781	-0.0553513038	0.0656188475	0.0727697667	-0.1178780313	0.0567255471	0.095572526	0.0873381939	0.0800160127	0.0062267133	0.0671808481	-0.003484721	0.0418190176	0.0248654368	0.0469224051	0.0284144179	-0.0526642637	-0.013791829	0.0540347045	0.0538720425	0.0199386964	0.0386046003	-0.0092336475	0.0494937457	-0.0033713528	0.0234718142	0.0166402925	0.0604528333	0.0037419166	0.0010662108	-0.0534199745	0.0496882208	-0.0246463624	0.0221290588	0.0386519325	0.1428053896	0.0496625787	0.0316600728	0.081219945	-0.1066065111	0.0812973463	-0.0174300606	-0.0525586704	-0.1073992649	0.0671941721	0.1458152068	0.0878633114	0.0175032165	-0.0299922396	-0.0216995576	0.0793048467	-0.0614993426	0.0414067274	-0.0392803812	0.0545350954	-0.0147922173	-0.0296629962	0.022957152	0.1299807761	-0.1694646601	-0.1102655757	-0.0022969151	0.0409944629	-0.0330245438	0.1792894875	-0.0570497796	-0.0991414285	0.0503698949	-0.0318713644	0.0053271287	-0.0095202706	0.0722881754	0.0563539493	0.0681510738	0.0445084136	-0.0025591253	-0.1096491343	0.020764828	-0.0977721582	-0.0635686693	0.0408873726	0.0079110794	0.0428414995	0.0438457937	0.0115475923	0.0218968163	-0.0178364914	0.0894075101	0.0699024284	-0.0956921714	-0.0053498803	0.0116574754	-0.0419611406	0.0054996284	0.0155310782	-0.0403338852	-0.091428794	-0.0444773059	0.010496916	-0.0800149771	0.0727131523	-0.0436289768	-0.0245602469	0.0022331168	0.0405463689	0.1577414919	0.0444736729	-0.073899393	-0.09292725	0.0875165316	0.0420775756	-0.1989587208	0.050080398	0.0243417332	0.0222193709	-0.1531080277	0.1028731242	-0.0146834854	-0.0189343742	-0.0629553513	-0.0126201521	0.1282162783	-0.0300420057	0.0088801924	-0.0135229104	0.0378742811	-0.0650667313	-0.0651903468	-0.225193899	0.0562663585	0.0393533686	0.0320040014	0.0552017912	0.1390070835	0.1132206571	-0.0035669047	-0.0142458685	0.0877063634	-0.0173480376	-0.021999625	0.0010855003	-0.0060293986	0.0552110137	-0.0494100056	-0.1063923895	-0.0607965974	0.0	0.0	0.0	0.0	0.0205341396021054	-0.0185035783404714	0.0003423824114019	0.0004216508891987	1.5832900700729624e-05	-0.0120166053727643	0.0001443988046847	2.5068074459916463e-10	0.6795210476442222	0.0663698900895184	0.0044049623104947	0.4617488541915012	-0.0106421849679565	-0.0001972704366266	0.0001132561008921	3.891562516684964e-08	-0.0016840459702238	-0.0002616150634131	6.844244140464038e-08	2.83601082982702e-06	-0.0029140484280417	0.0001709747090955	8.491678240972303e-06	2.923235115032501e-08	0.0	0.0	0.0	0.0
55.45369626780386	-0.0504190684504237	0.0025420824634085	3075.112429761844	63.15620898212176	0.1911378722116765	3988.7067329934375	0.0365336861936071	54.99988076762336	0.078925045730898	0.0062291628436243	3024.986884452786	55.77083528541722	42.53675680684216	0.983078	33.716087	0.3927357831638586	0.2246188863720646	-0.1235067504	0.0974132955	-0.0811253065	-0.0019440162	-0.0841133875	-0.0674254435	-0.0960025801	0.1186877238	-0.1367864342	-0.0066634261	0.0896281161	0.0245158962	0.0450290285	-0.0061138877	-0.0945343023	0.0043833059	0.084789104	-0.180935793	0.0323617626	0.0931362198	-0.012261966	-0.105063451	-0.0023239896	-0.0021745724	-0.0030369617	0.1251508423	-0.0126693327	0.05356803	-0.040899689	-0.1966960087	0.0272415798	0.0092876215	-0.0972566514	0.0057275839	-0.0733378665	-0.0164356085	-0.0917659295	0.0791892489	0.0800217133	0.0458389012	0.1718608541	0.0415454599	-0.1356263145	0.0741604489	0.0412510346	-0.0267690873	-0.0471172728	0.1454720383	-0.2026020527	-0.0526042234	0.012877325	-0.1127095124	-0.1075235803	-0.0310539742	-0.0330572383	0.0767786604	0.0431111844	0.018599368	-0.0904630395	0.09556913	-0.067181589	0.0193736029	0.0301597969	0.0327533379	0.026128198	-0.1181743297	-0.0233004417	0.0241245632	0.1271359511	-0.0488312902	-0.0587614501	-0.0384832127	-0.0602514841	0.0934926882	-0.0817482867	0.1046462523	-0.0020964782	0.0583453712	-0.1472706279	-0.1556785868	-0.0055330062	0.0614845536	0.0585865671	-0.0813601179	0.0779860041	-0.0282433512	-0.0090281617	0.0160494704	-0.0369827662	-0.0126523718	-0.0414999071	0.1164656167	0.1253197452	0.0521183111	0.0109211045	-0.0146915204	0.0981257554	0.0319064086	0.0664643569	-0.0226404467	-0.0729784668	0.2343795584	0.1673110861	-0.0010112074	-0.0503630876	0.0593376099	0.0233071026	0.0694972381	-0.0241888918	0.074380212	0.0108843424	0.0081097454	-0.1113922124	-0.0548575301	-0.0182790185	-0.0742569204	-0.0327853989	0.0064253503	-0.1060918751	0.0659818732	0.123039989	-0.1249572076	-0.1855150333	-0.0180323291	-0.1022764478	0.0526178101	0.0162471574	0.0327328658	-0.104017079	-0.0361957694	-0.0240820542	-0.1085821883	-0.0966112655	-0.0642105898	-0.0239959172	0.1194136243	0.042372482	0.0137139809	0.0381099251	-0.0696563057	0.0485260362	-0.0647829935	0.0496819475	-0.1099366317	-0.1217023318	0.0618506495	0.057551309	0.1753538361	-0.0603173359	0.0532809279	0.029342792	0.0741387813	0.030049238	0.0245908812	0.1199381344	0.0535745901	-0.0527499444	-0.1065961126	-0.0543949683	0.0	0.0	0.0	0.0	0.0628139883346676	0.0422798487325622	0.0017875856088483	0.0039455971305077	0.0438371421964518	0.043821309295751	0.0019203071483938	0.0019216950359519	0.5258006079032569	-0.1537204397409652	0.0236299735941557	0.2764662792714344	-0.0080210647230516	0.0026211202449048	6.433747929138286e-05	6.87027133825032e-06	-0.0014396080776823	0.0002444378925415	5.974988331012993e-08	2.072471417328127e-06	-0.0027213228575965	0.0001927255704452	7.40559809527718e-06	3.714314550342779e-08	0.0	0.0	0.0	0.0
55.16104281419928	-0.2926534536045864	0.0856460439066918	3042.740644349926	63.57091258350432	0.4147036013825556	4041.2609266995473	0.1719790769996615	54.96924744149605	-0.0306333261273081	0.000938400669622	3021.6181642844203	55.79733060553469	41.87160520243507	1.024356	35.131783	0.1180400347553059	0.0757652748753067	-0.0882795124	0.0933746614	0.1093474706	0.0347225171	0.089762158	-0.0897650033	-0.0839633193	0.1761220761	-0.0266225554	0.0767707127	-0.1099698114	0.0762724379	0.0663741377	0.0657340074	0.0264440655	0.1254206523	0.0781780802	-0.1673811476	-0.108357946	-0.0228868752	-0.0828408833	0.0050826328	-0.0924238718	0.0977197448	0.1016319539	0.0403385797	-0.0609437497	-0.0985995868	-0.0185499757	0.0051222798	-0.0964457724	0.1592413492	0.0929658105	-0.0488919782	-0.1205173606	-0.057815374	0.0142560341	-0.0238287989	0.0985878217	-0.0286125149	0.1012673046	-0.0270150396	-0.067289327	-0.1783739197	0.045977748	0.1921600484	0.0217654499	0.001491339	0.094185388	0.0092339056	0.0260719096	0.0241030444	-0.078026804	0.0353328597	0.0324761035	0.0120355445	-0.0839724207	0.0992222129	-0.0738791409	-0.0388727218	-0.0507646811	-0.0747267366	0.2156132834	-0.0703796765	-0.0816158814	-0.0237968769	0.0677163564	-0.0965339245	-0.017501505	-0.038674064	-0.0392390923	0.0713811963	-0.0944175526	0.0862005323	-0.0742871179	0.094534256	-0.1507298743	-0.0621915037	-0.0444894469	-0.1374407193	-0.1089454273	0.0428390802	-0.1502377067	0.0712950614	-0.038286564	-0.0460658319	0.0457692341	-0.0940226839	0.0307314028	0.0348458419	-0.102181479	0.0184681188	-0.0665912076	0.0101001361	-0.0617653681	-0.1010106602	0.0689860168	0.1263838513	-0.0973094635	-0.1253204265	0.1564136957	0.1083745016	-0.0497377474	-0.0132349515	-0.1871672207	0.0511895543	-0.0323241989	-0.0715530483	-0.0743734108	0.0574260447	-0.0655056248	0.0921013917	-0.0357301809	-0.1103209834	0.1176812628	0.0398516266	-0.0682899284	0.0943193291	-0.0127358096	0.2312107215	-0.0644021083	0.0744112662	-0.0003025719	0.1591119088	-0.0150832054	-0.0112322704	0.0054736696	0.0270085653	0.0331314342	0.0078793053	-0.0528560938	-0.07163975	-0.1160596762	0.0476013759	0.0622964518	-0.0303475298	0.068690748	0.0445906705	-0.024495633	-0.0109996288	0.0299708643	0.0406151925	-0.0465125379	-0.0440585949	-0.014283971	0.0518394723	0.0636134046	0.0310500259	0.0301134596	0.0274057345	-0.0135982074	-0.0203656975	-0.0011960531	0.0252980666	0.0167250581	0.0519210969	-0.0560226613	-0.1064942348	-0.0477161549	0.0	0.0	0.0	0.0	0.0617994858228172	-0.0010145025118504	1.0292153465507766e-06	0.0038191764479645	0.0349322523320267	-0.0089048898644251	7.929706349754088e-05	0.0012202622529883	0.5868369283821124	0.0610363204788555	0.0037254324175975	0.3443775805129525	-0.0087920872454921	-0.0007710225224404	7.730079813234485e-05	5.94475730110509e-07	-0.0014950765118861	-5.546843420380001e-05	3.0767471930212907e-09	2.235253776393508e-06	-0.0026061273762373	0.0001151954813591	6.791899901173514e-06	1.3269998925577724e-08	0.0	0.0	0.0	0.0
54.99761945313551	-0.1634233610637636	0.0267071949413772	3024.73814551191	63.603704311687096	0.0327917281827794	4045.431202168524	0.0010752974372132	54.74959361752984	-0.2196538239662118	0.0482478023829795	2997.518001284664	55.537690515796086	40.914720149122914	0.943127	32.345921	0.0946640747518874	0.0613807763704505	-0.0524402294	0.0673312958	-0.0515971518	-0.0345956489	0.0580662185	-0.002839824	-0.0773837887	0.1393507586	-0.0336107221	0.034924455	-0.1630727332	0.0247065315	0.0241444138	-0.0192930161	0.054437326	0.1023535899	0.1274011313	-0.0549402866	0.1610268267	0.1158003527	-0.1385335559	0.1177833908	0.0094612925	0.0633383781	-0.1065443385	0.0309964845	-0.0163373789	-0.0502371574	0.0888909727	0.0093857384	-0.0052822687	-0.0618036738	0.07484753	0.044036373	0.0323975012	0.0233189931	0.0014849468	-0.0517273862	0.054661748	-0.0365697005	0.0518812557	-0.0704799125	-0.0172317012	0.1166118931	-0.0418063741	-0.0993210495	-0.1233940377	0.0332917611	0.1284177132	-0.0056372253	-0.0793702209	-0.0270418024	0.183514781	0.0689655362	-0.0547104795	0.1136139406	-0.0500399862	0.0152214725	-0.0991938569	-0.0263688832	0.032846456	-0.0642493149	-0.0321090021	0.0049404387	-0.001114799	0.0260485442	-0.1630366643	-0.0108083468	0.06862763	0.0354834994	0.0990987598	-0.1329594822	0.0952094163	0.0509807714	0.0362191981	0.0909057087	-0.0367843862	0.1125367109	-0.0206215702	-0.0645297007	-0.0189512588	0.1925713066	-0.0511491432	-0.0954452796	0.0609165436	0.1345032846	0.0824980115	-0.0029652547	-0.0426784587	0.0767281473	0.0681367561	0.0056479229	-0.134974225	-0.0706819254	-0.0870542742	-0.029281095	0.0194771595	-0.0539630164	0.1431035796	-0.0010223183	-0.0560863664	-0.0862525406	0.033512912	-0.0205697706	0.0904486812	0.0973139763	-0.0072388679	-0.1215470214	0.0384508671	-0.1470465641	-0.0266090296	-0.0744806912	0.1499563475	-0.0365298456	0.0546943779	-0.0340316396	-0.0088686886	0.0575609502	0.0132643377	0.0161254895	-0.0095154151	0.0589776575	0.0506513166	0.0601511245	-0.0824127627	0.0070834396	-0.0142168852	0.0387124228	0.0822323495	-0.0265339298	0.0191688527	-0.0601797566	-0.0643632867	-0.0564481799	0.1008238704	0.1249626575	0.0117976074	0.086206716	-0.0314367232	0.0037754488	0.0174758501	0.071983556	-0.0241611887	0.0203378671	-0.0271312608	-0.0877122648	0.091693934	0.0252111105	-0.0130891247	-0.0047326721	0.154434213	0.0044820987	-0.0090305308	0.1229573652	-0.0340185179	0.050251061	-0.0592239858	-0.1060870483	-0.040794191	0.0	0.0	0.0	0.0	0.0696206102376635	0.0078211244148463	6.11699871125049e-05	0.0048470293698646	0.0344296381703799	-0.0005026141616467	2.5262099548791417e-07	0.0011853999845432	0.6461743574516419	0.0593374290695294	0.0035209304885814	0.4175413002280422	-0.0085730948616968	0.0002189923837952	7.349795550765209e-05	4.7957664160347463e-08	-0.0013939147606327	0.0001011617512533	1.0233699916654772e-08	1.9429983599097176e-06	-0.0028260313833059	-0.0002199040070685	7.986453379429859e-06	4.8357772324826874e-08	0.0	0.0	0.0	0.0
54.97396763029241	-0.0236518228431066	0.0005594087238017	3022.137117016437	62.79392927792406	-0.8097750337630387	3943.077554160928	0.6557356053059304	54.634913964866485	-0.1146796526633551	0.0131514227349877	2984.9738239483627	55.47377260339624	40.94201759155086	0.952786	32.677166	0.0901992749056522	0.0495170282714313	-0.0626007914	0.0705361855	0.0192401573	0.0169702337	0.0088507865	0.010032294	-0.0142731785	-0.0367367197	0.0222141128	0.0089919053	-0.1761050695	0.0271797588	0.0422506522	0.0342658391	0.0909914237	0.0515232406	-0.0648844468	0.0507697001	-0.0180401938	-0.0943841871	-0.0454403918	-0.0348266372	-0.1413299064	0.0374404048	-0.0589587298	0.0930418809	0.0534555756	-0.0464635961	0.0791383031	0.0868106234	0.0758092737	-0.048352683	-0.0453305501	-0.0802400542	0.1220017321	-0.0560887649	0.0585928126	-0.0571637797	-0.0135102946	0.0817520982	-0.1055953709	0.0521229668	0.0011224745	-0.0705007551	-0.1953978727	-0.0811705648	-0.0362635847	0.0001269483	0.0764453102	-0.0280432817	0.0617765142	0.1355850711	-0.0342112296	-0.0717085581	-0.1033182919	-0.0858928044	0.1553091283	-0.0382707605	0.0937993783	0.1039983336	0.0850461392	-0.0446985064	0.117150022	0.0719537074	-0.0115158469	-0.0877856382	0.0110172152	-0.0818912815	0.0401459471	0.0365003726	0.1452981298	0.0962461776	-0.0626648772	-0.0193088117	-0.0370996759	-0.0113132985	0.007975532	-0.0376650692	0.0314220853	0.1311624391	-0.1538823882	0.0333205421	-0.1054906248	-0.0092623081	0.0046191379	-0.0623162635	-0.0606905575	0.0411152878	0.0540366956	-0.0323804237	-0.0176311792	0.0676279276	0.0376684272	0.0072806049	0.0330744468	0.0125274642	0.0850505107	-0.0632493291	0.1395792476	0.1578691484	-0.0115497758	-0.1884465787	-0.1104587905	-0.0163223388	0.0770745999	0.0069113213	-0.0093307761	-0.0228417663	0.0536988731	0.1414023731	-0.0433376629	0.0774946461	-0.0603447623	0.1155553413	0.0198628148	-0.1235893808	-0.2057713467	-0.1655032949	0.0422969208	0.0910893035	-0.0548450179	0.0155799668	-0.0608541609	-0.0211426073	-0.0898716494	-0.0313442011	-0.1690686181	0.0621345519	-0.1566064118	0.051473155	0.0061730006	-0.0678205272	-0.0761439509	-0.0428230161	0.0044010175	-0.0257812453	0.0663753292	-0.0167389382	0.13530233	0.0785483757	0.0518189627	0.1212604399	-0.0052989156	0.0411038982	-0.0381496987	-0.1152944155	-0.0934499985	-0.0427978894	-0.1102535621	0.0076828389	0.0397607796	-0.0132079215	0.0129834023	0.0581786004	0.0420845613	0.0485650145	-0.0623498384	-0.1053757205	-0.0336643492	0.0	0.0	0.0	0.0	0.1034014835642409	0.0337808733265774	0.0011411474027062	0.0106918668032859	0.0297968095812137	-0.0046328285891662	2.146310073659572e-05	0.0008878498612191	0.6242547359317783	-0.0219196215198635	0.000480469807574	0.3896939753332542	-0.0084112041241868	0.00016189073751	7.074835481873704e-05	2.6208610891531914e-08	-0.0018261339364822	-0.0004322191758494	1.868134159720209e-07	3.3347651539719757e-06	-0.0028292404993473	-3.2091160413996907e-06	8.004601803146958e-06	1.0298425767168819e-11	0.0	0.0	0.0	0.0
54.885948256696416	-0.0880193735959906	0.0077474101282305	3012.4673160367565	62.68954210824917	-0.1043871696748865	3929.978689741946	0.0108966811927335	54.59311852197629	-0.0417954428901978	0.0017468590463877	2980.4085899545503	55.35466842542918	40.80814820486686	0.967996	33.198822	0.0452445263595469	0.0220807679447793	-0.0501048375	0.0679321122	-0.0080665048	0.0254635302	0.0725081639	-0.0405088868	0.0618904289	-0.0546615693	-0.036289035	-0.054488272	-0.1006554807	0.0001249218	-0.0410577055	0.1668518244	0.1485293361	-0.0661946629	0.0814654248	0.0973637226	0.0368289914	0.0391941896	0.0046921483	0.0226378494	0.0073729926	-0.0358713818	-0.0295835612	0.0056079825	-0.0253464993	-0.063751495	0.0666668616	-0.0021194758	0.0521685196	0.1126879174	0.0905029193	0.1227930852	-0.0774891915	-0.0858534717	-0.1017154753	0.0283604813	-0.0074135608	-0.0245077265	0.0989375794	0.1100637455	-0.053083112	-0.0288140533	-0.1498473249	-0.0219377404	-0.0047909129	0.0100776968	-0.1886777627	-0.0197795927	-0.0108879989	0.015232506	0.0574652097	0.0499177755	0.0046002108	-0.0263575154	0.0521287723	-0.1841991607	0.0300455188	-0.1386180613	0.0680960323	0.1177410102	-0.0300926982	-0.0920466573	-0.0318415996	0.1532226298	-0.0263324724	-0.1101660121	-0.0198119175	0.0614380944	-0.0874194583	0.0854843735	-0.0169888411	-0.1233861599	0.0342930563	-0.0310888024	-0.0225902368	-0.0330833573	0.1741970933	-0.0975510473	-0.0513591109	0.0776674533	-0.0093120014	-0.0912208686	-0.0212913477	0.1435730184	-0.0637996396	-0.0205451107	0.092884619	-0.0334495904	0.0144768442	-0.0271058194	0.0418225291	-0.0094729927	-0.0178106287	-0.026468526	0.0683991328	0.0207321453	0.142591754	0.0425782137	-0.0963546183	0.0931255267	0.0544461725	-0.0662257624	-0.0112864319	-0.0347281261	0.1015736191	0.1123557304	-0.1132455819	0.0802979004	0.0645905107	-0.01569187	-0.032146557	0.0481407483	0.0443880346	0.0394864115	0.0372974973	-0.0048232003	-0.0720430646	-0.1292960691	-0.2279478654	-0.0403397692	-0.0169873621	0.0020476038	0.0916032418	-0.0515251881	0.0546778714	0.1002113567	0.1506046044	0.0634338755	0.0294926525	-0.0572894061	-0.0903744008	0.0318141138	0.074393852	0.1373348708	0.0012333334	0.0783230381	-0.0165681498	0.0490177913	0.0078413943	0.1285949622	0.0220771376	0.0476762212	-0.0534356215	-0.0655852824	0.0141875372	0.0132653103	-0.0733364228	0.0454517142	0.1053573452	0.0028099817	0.0899249997	0.0204992413	0.0963117464	0.0468634945	-0.0653962354	-0.1043622905	-0.0263629615	0.0	0.0	0.0	0.0	0.0878774783286218	-0.0155240052356191	0.0002409947385555	0.0077224511973973	0.0273462018912482	-0.0024506076899654	6.005478050118037e-06	0.0007478147578769	0.6351810272879206	0.0109262913561423	0.0001193838427993	0.4034549374265381	-0.0084880635236655	-7.685939947870042e-05	7.204722238178079e-05	5.9073672882264555e-09	-0.0020740279431847	-0.0002478940067025	6.145143855901918e-08	4.301591909110958e-06	-0.0028313595347225	-2.119035375200244e-06	8.016596814864013e-06	4.49031092135004e-12	0.0	0.0	0.0	0.0
54.89877820458693	0.0128299478905162	0.0001646075628733	3013.8758483564293	62.66105752905416	-0.028484579195009	3926.4081306594353	0.0008113712519167	54.63275086813133	0.0396323461550451	0.0015707228617533	2984.7374674193047	55.4831523339462	40.20173343914114	0.977813	33.535503	0.0300720851459043	0.0231902079822656	-0.0332907517	0.052694358	0.0143003728	-0.0531208569	-0.0452949112	-0.0271631412	0.0033615176	-0.1476394122	0.0457712857	0.0416559267	-0.0818304202	0.0316275621	0.0767856039	0.056354422	0.0443427286	-0.1055444526	-0.0197825759	0.0587834732	0.1355438835	-0.0439992863	-0.0319300875	0.0095769572	-0.0086486196	-0.0344937992	-0.0432799913	0.0858271767	0.0219027863	0.001121921	0.114941698	-0.0547438449	0.0913200018	-0.0269739522	-0.098457344	-0.0244095822	-0.0400851606	-0.0505616927	0.0069717412	-0.0191183056	-0.0444347813	0.0108448017	0.0808582599	-0.0704135309	0.073692361	-0.1025987412	0.0381903981	-0.007761133	-0.0782349734	-0.069868741	-0.0036713066	-0.2084476369	-0.0853090781	0.0555105811	-0.083043424	-0.029989587	-0.0403710424	-0.1567105578	0.077961131	0.1055539504	-0.0632249151	-0.0584052609	0.087908051	-0.0116239029	0.0158451586	0.1398056424	-0.1127809431	0.007561881	-0.0288472038	-0.1122483472	0.0446364575	-0.051415896	-0.0070900529	-0.1262118664	0.154990216	0.0877550767	0.1025718236	0.0407047777	0.0128852146	0.0039469644	0.0012861974	0.1549944448	-0.104589884	-0.0177518674	0.0003154537	-0.106493475	0.0911060754	-0.0488319163	-0.1068760858	0.0367958994	-0.0409777313	-0.0417156245	0.0030794297	0.0360261695	-0.0489914532	0.0177612365	0.0235431783	-0.0246535934	0.0061885839	0.0070430405	-0.0830849134	-0.0278244039	0.0268835452	0.0131944815	0.0805374221	-0.0713796633	0.0171010238	-0.0581428082	-0.0279663081	0.0396210304	0.0336169113	0.1281214981	0.1129712835	0.0387309879	0.1105446409	0.0596646736	-0.030795687	-0.1940103022	0.0265751112	-0.0591238639	0.0902622866	-0.0010407904	-0.2095191089	0.0439664086	-0.0015675229	-0.0204709004	0.1721342986	0.032360532	0.0539019986	-0.0445501764	0.0171656917	0.0651312961	-0.1118742905	-0.0434876809	-0.0398390028	-0.1016705091	0.1133182233	-0.0506190843	0.0309344467	-0.0136430869	0.0431949576	0.0679974483	0.0278546801	0.0650813001	-0.0442099891	0.1547544637	0.0060854349	-0.1188279259	-0.0008034801	-0.0599081008	-0.0720309136	-0.0377106275	-0.0061282157	0.0152300455	-0.1793953948	0.0419313458	0.0313347273	0.0451470433	-0.0683592949	-0.1030496639	-0.0189272343	0.0	0.0	0.0	0.0	0.0877271965868402	-0.0001502817417816	2.258460191291465e-08	0.0076960610209861	0.0282793796659319	0.0009331777746836	8.708207591636214e-07	0.0007997233142899	0.6417871495739647	0.006606122286044	4.364085165816813e-05	0.4118907453582744	-0.0084551559557533	3.290756791220033e-05	7.14896622361105e-05	1.0829080258960764e-09	-0.0024850669761935	-0.0004110390330087	1.689530866568093e-07	6.175557876167505e-06	-0.0028350630006694	-3.703465946899853e-06	8.037582217764583e-06	1.3715660019846828e-11	0.0	0.0	0.0	0.0
55.01997790988761	0.1211997053006754	0.0146893685649705	3027.19796920452	61.956880287802896	-0.7041772412512657	3838.655014997139	0.4958655870962432	54.71677775178764	0.0840268836563069	0.0070605171769905	2993.925767538523	55.46218664932522	40.53158635100878	0.965428	33.110748	0.071360381539401	0.0412467532811281	-0.043223042	0.0472911661	-0.1374491772	0.0687299197	-0.1146222128	0.0071864299	0.1441939896	-0.0211008326	-0.0538384689	0.0275554399	-0.0417470517	0.0052743348	0.0518503344	0.0533562889	0.0476889592	0.0511676446	-0.0881934015	0.0026492971	0.0378267838	-0.157682425	0.0443836148	-0.0412252979	0.1385455897	-0.0851741021	-0.1209331042	-0.0113321518	-0.0337581069	-0.0052785788	-0.0494188762	-0.0112778959	0.0161957405	-0.0207929544	0.0053842471	0.0303541356	0.0363242352	-0.03308592	0.0727239569	0.1448391218	-0.0076439183	0.0025653826	0.1367835605	-0.0489362938	0.0555519968	-0.1306445025	-0.0024719687	0.0291292607	-0.006376237	0.1066644186	0.0135799751	0.0436535838	-0.056453613	0.0659872312	-0.1245108845	-0.0350512936	0.0576434256	0.0179085517	0.0018203552	-0.09351617	0.0254566155	0.0297741202	-0.1196578673	-0.0261206191	0.0695859206	-0.09623872	-0.0060625996	0.0384298192	-0.0193695328	0.0133107796	-0.0434481301	0.0977034059	-0.0272763382	-0.0350794718	0.0100304376	0.0651775159	-0.0492173533	-0.0277060261	0.1204277482	0.0303584916	0.0394231996	0.0189269956	0.0793699806	-0.0010763177	0.002399197	-0.0914416312	-0.0608571701	-0.0100430903	-0.1027984853	0.050932404	0.0610736689	0.0145937315	-0.0461454818	0.0507496347	0.0778285698	0.0117892015	-0.017688753	-0.0475608066	-0.0580636677	0.0814526447	-0.0968470229	0.0884560266	0.0805372496	0.1175967189	-0.0569480468	-0.0778397105	-0.0766513107	-0.0230545224	-0.0229982222	0.0299376469	-0.0115697462	-0.0161984102	-0.0056218196	-0.0029385624	0.0132981213	-0.0568737677	0.021342163	-0.0515799769	0.1647705547	0.0977666261	-0.0811848499	-0.0017629848	-0.068930253	0.1212701042	0.0822114561	0.0071092961	0.0195867671	-0.0221735918	-0.0759810799	-0.1099559198	-0.0777623734	-0.1290699546	-0.0111621228	-0.0439103485	-0.0652627681	-0.0350474856	-0.0230055104	0.1568899456	0.0066742171	0.0664563085	0.1113816144	0.0902025986	0.0556775524	0.1008386613	0.0432533922	0.1033328592	-0.0878741412	0.0108715489	-0.0013757734	-0.087770136	0.0507276158	-0.095178039	-0.0419030022	0.0390607513	-0.0188348301	0.0597544342	0.1121355579	0.0434162077	-0.0712352408	-0.1014416039	-0.0113950582	0.0	0.0	0.0	0.0	0.0877244540946833	-2.7424921568985905e-06	7.521263230650283e-12	0.0076955798462101	0.0349889444483721	0.0067095647824401	4.501825956976177e-05	0.0012242262336112	0.6244825775227056	-0.017304572051259	0.0002994482138772	0.389978489629402	-0.0087852900259383	-0.0003301340701849	7.718132083985096e-05	1.0898850429691416e-07	-0.0018731060147347	0.0006119609614587	3.744962183495788e-07	3.5085261424353103e-06	-0.0028302879880423	4.775012627100152e-06	8.01053009525653e-06	2.2800745588965888e-11	0.0	0.0	0.0	0.0
55.084822637363445	0.0648447274758368	0.0042048386814155	3034.337684989788	63.006689415076856	1.04980912727396	3969.842911047958	1.1020992037077135	54.819475685417984	0.1026979336303455	0.0105468655719428	3005.174914424133	55.55694580891493	40.45003117674348	0.9249	31.720776	0.181179578153201	0.0923529890605106	-0.0021662366	0.0375991628	-0.0199207008	-0.0168366499	0.114509441	0.033694145	0.0286377926	-0.0766004115	-0.1305092562	-0.006540205	-0.0672774118	-0.0253293678	-0.0561268618	0.0798145777	0.052185428	-0.0961607173	0.0734846879	-0.0074053874	-0.0169035707	0.1153530168	0.0701381276	0.1320939273	-0.0132156226	-0.0063394872	-0.05052585	0.1387247333	0.0295014425	0.1101881224	-0.0578839406	-0.0279086351	-0.0423220207	0.083794291	0.0796502967	-0.0153784424	0.0232489319	0.0190399609	-0.1694613435	0.0315788783	0.0445325964	0.0161906778	0.0560795568	-0.0552649062	-0.0889399507	-0.1069566318	0.0570165788	-0.0962787357	0.0374200631	-0.0851597532	-0.0342059756	0.0604351068	-0.0656448186	0.0279683734	0.0963837551	-0.0071244927	-0.0787494544	-0.0342795444	-0.083170031	0.1125068368	0.0223580834	0.1017268216	-0.0184821838	-0.0506134746	-0.0464143285	-0.1790562178	-0.0905656052	0.0254264689	-0.0070225394	0.1287860642	-0.1019281636	0.007097734	0.0052764457	-0.0697942824	0.0274733862	0.1657425951	0.0440021622	-0.0321594397	-0.0982606515	0.0576214746	0.0436887625	-0.114293846	0.0011756585	-0.0349737043	-0.0711571729	-0.0035954077	0.0027830517	0.0766180785	-0.0506256457	0.1085709878	0.0372468382	-0.1229209941	0.0010271004	-0.0153946138	0.021428162	0.0092581898	-0.1091050078	0.1828461339	0.1451969555	-0.0089751965	-0.0259431654	-0.1070315213	0.0884208077	0.0632327016	-2.14458e-05	0.024537421	0.0821298479	-0.0047435892	0.0381741581	0.0132744132	0.0713855659	-0.1039132551	-0.0238186911	-0.0045881179	0.1051851885	0.0353188606	-0.0270291264	0.1174805332	0.0700389428	0.1358451089	-0.1555768243	-0.0770369422	-0.0615926263	0.0585333841	-0.014292633	0.0346482982	-0.0795721676	-0.1346368605	-0.0574205508	0.0091984912	-0.1080412727	-0.0207570208	0.0250543358	0.0037596298	-0.06915762	0.0398443388	0.0986770004	0.0825200988	-0.0023351094	0.1161545636	-0.0088907874	0.0636417579	-0.0110958476	-0.054808494	0.0270234246	0.0271376505	-0.0176625235	-0.0739314469	-0.0386675287	-0.1237440934	-0.0523658297	0.0222618804	-0.0062178649	-0.0241111916	-0.076003783	0.0194082081	0.0792597892	0.0416715391	-0.0740204082	-0.0995427205	-0.0038048156	0.0	0.0	0.0	0.0	0.0593843020395041	-0.0283401520551791	0.0008031642185106	0.003526495328719	-0.0021887855649112	-0.0371777300132833	0.0013821836089405	4.79078224916364e-06	0.6713802445730792	0.0468976670503735	0.0021993911747676	0.4507514328030076	-0.0098068402761015	-0.0010215502501632	9.617411620096656e-05	1.0435649136084974e-06	-0.0022211582582527	-0.000348052243518	1.2114036421791316e-07	4.933544008204168e-06	-0.0028359660750484	-5.678087006100088e-06	8.042703578825426e-06	3.2240672048842653e-11	0.0	0.0	0.0	0.0
55.174282370226365	0.0894597328629203	0.008003043803905	3044.201435069472	62.66060011127452	-0.3460893038023371	3926.350806305056	0.1197778062063864	54.78684138363744	-0.032634301780547	0.0010649976527038	3001.597988795848	55.58557188011012	40.45737033961825	0.882007	30.249699	0.0615869516071998	0.0354434421089713	0.0124899392	0.0319025998	-0.0102891997	-0.0739663955	-0.012680244	0.054271671	0.0537952814	-0.0578927136	-0.0598621731	0.0680151955	0.11689617	0.0090325308	0.1786948661	0.0112662935	-0.0015598816	-0.0241326288	0.0528411468	-0.0101233012	0.0436576309	0.0484716844	0.0067570531	0.0668055687	0.0066932278	-0.1562477596	-0.011347024	0.1105692098	0.0135452959	-0.0691150154	-0.1165932685	0.0430176302	-0.0631292176	-0.0878925893	-0.0420475156	-0.1703060313	0.0796659308	0.0517401379	0.0126193521	-0.0434102113	-0.045466228	0.0582015888	-0.1710383531	-0.0253148551	-0.0978209331	0.0499851282	0.0581612629	-0.0018263687	0.0206977134	-0.1569491679	-0.0215707554	-0.0899779692	0.0902579082	0.0623817731	-0.0425410612	0.0541136354	-0.0640797827	0.0760720638	-0.0697037801	0.0889753062	0.0196046732	0.0578413779	-0.0781877067	0.0485042621	-0.037006459	-0.0845091094	-0.0296917163	-0.0277846903	0.1220180804	-0.000413095	-0.0112418766	-0.1229369143	0.0826668036	0.0046543492	0.0167265387	0.0111745195	0.1001783278	0.0273516042	-0.0512636107	0.0353646973	-0.0524189116	-0.0025736516	-0.0061912652	-0.1562377894	0.0047687526	-0.143551091	-0.1134257779	-0.1056443166	-0.0290237074	0.1332807582	0.015375712	0.0222786057	0.0627913846	-0.017543941	0.063167442	-0.0681016022	-0.0476528264	0.0324780927	-0.0929194865	-0.0434936077	-0.0959637768	-0.1287666365	0.06347583	-0.078986874	-0.0078144902	0.1595487457	0.1122812818	-0.0509049173	0.1364523719	-0.062806664	-0.0386794684	-0.0481481223	-0.0014734205	0.0010322548	0.0543090829	0.0294782574	0.0314032464	0.0674885048	0.0906555899	-0.0826432106	-0.0795164126	0.1403739964	-0.0299145526	-0.0723877416	-0.0001427866	-0.0033790494	-0.0973898035	-0.0693612706	-0.02305691	0.0258139452	-0.0573429229	0.0173283649	0.1051906085	0.0098395947	-0.0219392929	-0.077009741	0.1328926802	0.0103609676	0.0409213376	0.1236699666	-0.0120651323	0.0711165584	0.0562434411	-0.1467020547	0.0089274595	0.0286493926	-0.0517991017	-0.0279628992	-0.0725373528	-0.011281374	-0.0639906845	-0.0142903384	-0.0865757826	0.0865699106	-0.1061985475	0.1055835756	0.0427723626	0.0399135934	-0.0767112478	-0.0973584576	0.0038048156	0.0	0.0	0.0	0.0	0.0596800879480667	0.0002957859085625	8.748930370420274e-08	0.0035617128974889	-0.0025393410937937	-0.0003505555288825	1.2288917883008934e-07	6.448253190629384e-06	0.695463962496639	0.0240837179235597	0.0005800254690215	0.4836701231315265	-0.0093584041574402	0.0004484361186612	8.757972837399402e-05	2.010949525200111e-07	-0.0019362960145661	0.0002848622436866	8.114649787816393e-08	3.7492422560245614e-06	-0.0028321265924724	3.839482575999833e-06	8.020941035789328e-06	1.4741626451406313e-11	0.0	0.0	0.0	0.0
55.16234619458537	-0.0119361756409972	0.0001424722889327	3042.8844376912866	62.49133416408084	-0.1692659471936792	3905.166845606817	0.0286509608793734	54.78532590102439	-0.0015154826130441	2.2966875504390577e-06	3001.431934081454	55.58552460307845	41.53410511857513	0.8914649999999998	30.574076	0.2395858111541571	0.138801927644118	-0.0483574301	0.0591026679	0.0027145313	0.0455342202	-0.0025931746	0.0013378446	0.0847044881	-0.0016938174	-0.1234578239	0.0584602849	0.0580821931	0.1593584699	0.042398432	-0.1002201586	-0.0633107341	-0.1000430705	0.1236533971	0.0064550087	-0.0012765991	0.0519101018	0.0804100679	0.0113664771	-0.1300897769	0.0415229274	-0.0023588518	-0.0940748158	0.1113447067	-0.206353993	-0.0357176991	-0.0615321961	-0.0565192264	-0.0425121917	0.0150340003	0.0179126826	0.044499319	-0.0259192699	-0.0110442958	0.0116843031	0.0192499825	-0.0098961469	-0.0963435157	-0.0995456793	-0.0050524726	0.0624271117	0.0536241099	0.0328406551	0.0215138862	-0.0796691979	-0.0298597263	-0.0131227517	0.06498863	-0.1316309797	-0.0324152026	-0.0141599988	-0.1355494532	-0.1957239937	-0.1338165999	-0.0385277638	0.1023473394	-0.060092644	-0.0343911747	0.0335359509	-0.1227422039	-0.0078958381	-0.1630636306	-0.0458802931	0.0182185222	-0.0231297839	0.0128544604	-0.0520278467	0.08156709	0.0346751886	-0.0735729303	-0.0035165648	-0.0079911431	-0.0523425397	-0.0189138667	0.0342539021	-0.0519587922	-0.0015565776	-0.1222062696	-0.1364973779	-0.0827953656	-0.0295567606	-0.1535846869	0.0334791294	0.0575449784	-0.1008037535	-0.0344914372	-0.0286887864	0.1833181896	0.0100184818	0.0622639169	0.0952142269	-0.0372323645	0.0355774126	-0.1078130785	0.0288280257	0.0336703455	-0.1098154503	-0.0582675042	-0.0620620055	-0.0002072887	0.0485334319	-0.0078205474	0.0223534199	0.0043093069	0.1226921623	0.0647068251	-0.0267088773	0.0026083404	-0.055943792	0.0011644472	0.2363839443	-0.0081501161	-0.0525614166	0.0618136588	0.0103870247	-0.013241853	0.0343593463	-0.0029470362	-0.036903712	0.0250088917	-0.0168116867	-0.0144184805	0.1261427556	0.0023859844	-0.0023302455	0.0230710276	0.1334889906	-0.0631840085	-0.0427072071	-0.0686858955	-0.0560185248	0.0006987147	-0.0011401414	0.1212842931	0.1473612552	0.023217998	0.0443683795	0.1192434243	-0.1004200875	-0.0347018709	-0.0260925817	-0.1193486297	0.0617938553	0.0009303925	-0.0244890076	-0.0145005203	-0.0097673911	-0.0251499267	0.064159915	-0.1456199244	0.0394312073	0.0435000493	0.0381429308	-0.0793043304	-0.0948950775	0.0113950582	0.0	0.0	0.0	0.0	0.0656909450037659	0.0060108570556992	3.61304025440489e-05	0.0043153002554877	0.0373732416475292	0.0399125827413229	0.0015930142610829	0.0013967591912446	0.594174473030229	-0.10128948946641	0.0102595606763659	0.3530433044007502	-0.0079457810872268	0.0014126230702134	6.31354370861311e-05	1.995503938499136e-06	-0.001743319265951	0.000192976748615	3.7240025506055466e-08	3.039162063035934e-06	-0.0030739844114584	-0.0002418578189859	9.449380161889248e-06	5.849520460466472e-08	0.0	0.0	0.0	0.0
55.21999212011434	0.0576459255289734	0.0033230527300919	3049.24752974549	63.26444486015201	0.7731106960711713	4002.3899834632143	0.597700148379651	54.90927814504954	0.1239522440251477	0.0153641587988697	3015.028826410415	55.731746920305696	41.726025151103904	0.9037980000000002	30.997065	0.067699905486379	0.0323413008860578	-0.0332217884	0.0615770375	0.0777853072	0.0702282618	0.0371980323	0.0491416749	-0.0090737129	0.1553807816	-0.0424179094	-0.0162873387	-0.0231539853	0.0357672774	0.1305564861	-0.0359204327	-0.0029634161	-0.0963529474	-0.0120976041	-0.0851896324	-0.0937579289	0.0784740211	-0.0836908887	-0.1297414438	-0.107130388	0.0669634947	0.0228258704	0.0060137884	0.0450762669	-0.0719158107	-0.0325738696	0.1350552957	0.0655425833	0.0114365706	0.0695962049	-0.0351730313	0.068946908	-0.0289411279	0.0024429106	0.1084197699	0.0707757555	0.0957195249	0.0293931656	0.027532153	-0.0342983203	-0.0573203154	-0.0187702812	0.0117092988	-0.0088164451	-0.077599047	-0.066810666	0.0284013803	-0.0221399831	0.003846439	-0.0452349896	0.0410290561	0.0417812141	-0.0599517297	-0.0394339196	0.1350441257	0.070241008	-0.0882686882	0.0884132365	-0.0926835039	-0.0205277337	-0.0149215278	0.1306447228	-0.0038673946	0.0684580178	-0.0277298935	0.1030393348	-0.0365635904	-0.053727177	-0.1220881724	0.2575201654	-0.0541148519	-0.0797109795	-0.0217671477	-0.0885841285	-0.0071058352	-0.156950396	-0.0416370165	-0.1794271894	0.0853845317	-0.0448895313	0.0454202202	-0.1307670648	-0.0527409319	0.0564591263	-0.0857481143	0.1369697412	0.0500436694	0.0086718663	0.0054871623	0.0485476664	0.0094847696	0.0174655149	-0.025662899	-0.0208755688	-0.066030167	-0.0302795608	0.0028992252	0.0568159555	0.0347652752	0.0520992587	0.0414558257	-0.0524705248	-0.0527337338	-0.0033094973	0.0546333978	-0.0556094669	-0.0358087092	-0.0281496995	0.0605548528	0.0763932783	0.0530687934	-0.0037183956	0.0403246498	0.1039133152	0.0459609515	0.110837636	-0.1111481483	-0.0294053776	0.0300481555	0.0028176635	0.0955512767	0.1452877398	-0.0655634528	-0.1478744654	0.0217750401	0.0103835241	0.0966054365	-0.0990844499	-0.0204192293	-0.0963576929	0.075288912	0.0228277219	0.0097661656	0.104450937	0.1170730766	0.0371469614	0.0328023498	0.0453067954	-0.0296755177	-0.0132132568	0.0113131644	-0.0696045698	0.0660576116	0.0262096894	0.039810083	0.0429624915	-0.0003298382	-0.0099787345	0.0945728201	-0.0987596124	-0.041621592	0.0509484505	0.0363601153	-0.0817963518	-0.0921596423	0.0189272343	0.0	0.0	0.0	0.0	0.0521931954136931	-0.0134977495900728	0.0001821892439963	0.0027241296474919	0.0379537496229716	0.0005805079754424	3.369895095522357e-07	0.0014404871104432	0.6058583123870278	0.0116838393567988	0.0001365121021154	0.3670642946884573	-0.0083923031953985	-0.0004465221081717	7.043075292349586e-05	1.9938199308609966e-07	-0.0019413277238662	-0.0001980084579151	3.920734940595547e-08	3.7687533314515207e-06	-0.0032682100166528	-0.0001942256051943	1.0681196712949694e-05	3.772358571313091e-08	0.0	0.0	0.0	0.0
55.12650227698649	-0.0934898431278483	0.0087403507680696	3038.931253294597	63.004147986673935	-0.2602968734780759	3969.5226635267095	0.0677544623424614	54.90347668312116	-0.0058014619283781	3.365696050642124e-05	3014.3917518940293	55.69024011033091	41.539558302046935	0.848879	29.113533	0.0730031027209512	0.0432116574639158	-0.0085108581	0.0447392536	0.1033893204	0.0236459003	0.0634653026	0.0474115669	-0.0476482882	0.1121548356	0.0047386293	0.0868898027	0.0362659191	0.0974590968	-0.0560466683	-0.0872768999	0.0107920524	0.0777353425	0.0033505921	-0.0417096545	-0.0443629842	0.11555842	0.0484328993	-0.1323047451	-0.0309046418	0.0433534125	0.0442336732	0.1117129192	-0.0318087803	-0.0115503451	-0.0314522837	0.118828812	0.1202373386	0.1192912541	-0.1398268625	0.0781994548	-0.0395682452	0.0540164026	0.1208263647	-0.0616636422	-0.0727935519	0.0652650376	-0.1929292658	-0.0431401747	0.0278458487	0.0162095971	-0.0131393918	-0.0044925936	0.1099937329	0.0447517072	-0.0712677558	0.0387741437	0.011192862	-0.0631343807	-0.0032426792	0.0263136763	-0.0115392173	-0.0268930841	0.0492775175	-0.0280148862	-0.0959198779	0.0713234376	-0.0905633842	-0.0773609411	-0.2266618892	0.1349719317	-0.1037854908	0.145491837	-0.0392561808	0.0549653711	0.041593434	-0.0153942556	-0.0491138235	-0.0586507371	-0.0235129749	-0.0168499028	0.0108716422	-0.0221771543	-0.0724672861	0.0753666773	-0.1048398227	-0.0494605155	-0.0964488658	-0.0423548222	-0.0293286498	0.1225628477	0.071079499	-0.0464602535	-0.0896610041	0.0031863318	0.1283312318	-0.0033964876	-0.0946669912	0.0094506948	0.0559167487	0.082834679	0.0526510785	-0.1542493216	-0.0464640748	-0.0088495346	0.0045803917	0.0485228077	-0.1248578417	-0.0676326153	-0.0009566957	0.1162538552	0.1191102095	-0.0482655791	0.0206892854	0.0974732368	0.0973886766	-0.0130903251	-0.0003152445	-0.0956337571	-0.139113068	0.1296872241	0.0447274532	-0.0651755718	-0.0148191636	0.0517936747	0.0718762875	-0.0205528829	0.0546729917	-0.0312271894	0.0763289048	-0.0492450282	0.0127197502	-0.1270135884	0.0812513804	-0.0588547691	0.2922108601	-0.0386775939	-0.0551981995	0.0077164288	-0.0817187893	0.0688070765	0.0928103453	0.0153727288	0.0206920649	0.11816368	-0.0087170978	0.0150808923	0.0375667138	0.0032364899	-0.0289463948	0.0594207568	-0.0482228441	0.1215940779	-0.0145793788	0.0898482959	0.0570198429	0.058363411	0.0589380465	0.1440397032	-0.0333893347	-0.143981708	-0.0456297437	0.034565715	-0.084184136	-0.0891599942	0.0263629615	0.0	0.0	0.0	0.0	0.0480753141066685	-0.0041178813070245	1.6956946458742605e-05	0.0023112358264548	0.0386299198042792	0.0006761701813075	4.572061140895495e-07	0.001492270704085	0.6284882139326768	0.022629901545649	0.0005121124439657	0.3949974350522862	-0.0090722988211015	-0.000679995625703	8.230660589935968e-05	4.623940509752156e-07	-0.002017431994864	-7.610427099779995e-05	5.791860064106575e-09	4.070031853900938e-06	-0.0031127269196142	0.0001554830970385	9.689068876090906e-06	2.4174993464714678e-08	0.0	0.0	0.0	0.0
55.12461702343608	-0.0018852535504123	3.554180949342401e-06	3038.7234019804987	62.99781458365485	-0.0063334030190844	3968.724642316556	4.01119938021483e-05	54.91836548561935	0.0148888024981843	0.0002216764398299	3016.0268676120663	55.710147071410006	40.97879271541717	0.8531419999999998	29.259756	0.1141921776452165	0.062196371378293	0.0185507436	0.0304270428	0.0648300439	-0.0691762853	-0.0005247137	0.0109371364	-0.0255867206	0.0738404569	-0.0065706523	0.1153612631	0.0148207069	0.0989272863	0.0196435957	-0.0288488886	0.0020792483	-0.0261889813	0.0234467828	-0.0795146552	0.0490793202	0.1444495074	-0.0253222074	0.0242260316	-0.0083270798	-0.1135552084	-0.0004495756	0.0366310007	0.1149774326	0.0305707251	0.021560546	0.0621838089	-0.0002949579	-0.0945499628	0.0446952762	0.0305511847	-0.0279282438	0.0801924787	0.0289741405	0.0894911401	0.0015891808	0.0669916207	-0.0394340382	-0.0710009008	-0.0178100839	-0.1507532632	0.0586429757	0.0237277224	-0.0413961862	0.0394215858	-0.0732358023	0.0562952305	0.0340263201	0.0450129514	-0.072080849	0.0672637773	-0.067663548	0.0071981388	-0.0280698202	-0.0774369674	0.0337551028	-0.0369141665	-0.0820398401	0.0879992128	-0.0800079314	-0.1071384385	0.1830780498	0.0025787522	0.0705612222	0.0727235046	0.105175473	0.0522110985	-0.0021738479	-0.000669493	0.0228766438	-0.0614318482	0.0660553563	0.0316873525	-0.0696141114	0.1086725193	-0.0972969127	-0.0297819396	-0.0745284278	-0.0042968561	0.0564340607	-0.1070085025	0.0270878796	0.0118934766	-0.0375005779	-0.0672446499	0.0333196715	-0.058329084	-0.0456126739	-0.062864556	0.1447850278	-0.0658547831	-0.1114312844	0.0303078023	-0.0313586795	-0.0634812472	-0.0384499702	0.0249004869	0.065354072	0.0484972209	-0.0529175295	0.0146463582	0.0139567919	0.0386397818	-0.0132336665	0.0945694792	-0.027965385	-0.0303115835	-0.0061035627	-0.0551344246	0.0479066218	0.056534129	-0.0617590841	-0.0227537501	0.0027642925	-0.0338214354	-0.0503948453	-0.0557585835	0.0815302989	0.0920369546	0.1296127624	-0.0396182135	-0.1024905941	-0.0202867758	-0.1030602121	0.0119983908	-0.0274798531	-0.0685529266	-0.0079283278	0.0209543304	-0.0367681858	-0.0221567545	0.1438521445	-0.0151259621	0.0437734632	0.1346007889	-0.0021169909	0.0333098421	0.0061004353	0.0114746558	-0.0576505534	0.012031609	-0.0203837499	0.0846112646	-0.0158048955	0.0642478512	0.0432338236	0.0206580216	-0.0022926953	0.1227160953	-0.0248310457	-0.0804329713	-0.0468084085	0.0327603017	-0.0864646403	-0.085904733	0.0336643492	0.0	0.0	0.0	0.0	0.0385321406477459	-0.0095431734589226	9.10721596670848e-05	0.0014847258628976	0.0075662540915146	-0.0310636657127645	0.0009649513275143	5.724820097736143e-05	0.6778485283132412	0.0493603143805643	0.0024364406357481	0.4594786273364269	-0.0090780558451885	-5.757024087000087e-06	8.24110979283611e-05	3.3143326338299185e-11	-0.0017469669197127	0.0002704650751512	7.315135687659826e-08	3.0518934185704792e-06	-0.0033210053022352	-0.000208278382621	1.1029076217474312e-05	4.337988466721972e-08	0.0	0.0	0.0	0.0
55.11843546021199	-0.0061815632240893	3.8211723893414034e-05	3038.041927581555	63.283558059850506	0.2857434761956554	4004.80872071447	0.0816493341883771	54.79637757981512	-0.1219879058042252	0.0148810491625005	3002.6429958696654	55.62634341599845	41.35228950811948	0.8575279999999998	29.41017	0.1594203882050164	0.0947474751261937	-0.0152796985	0.0523393105	0.0340416497	-0.0753938877	0.0003963145	0.0021350303	-0.1205998807	0.0585132779	-0.0149116993	0.0573120809	0.0251068479	0.1192357159	-0.0163258516	-0.0237158415	0.1134968446	-0.1076077103	-0.0694089061	-0.0163904622	0.0450823191	0.1457078519	-0.0701734	-0.1051167696	-0.0476481888	-0.0559727033	-0.1347727882	-0.0959277657	-0.0023282306	0.0951776461	-0.0639040535	0.0945744278	0.0229170205	0.0533168702	-0.0696226809	0.0339827872	-0.0666033975	-0.1606056505	0.0615121365	0.0333662156	-0.0393459893	-0.0631996957	0.0440615981	-0.002810257	-0.1166113074	0.0216222136	-0.0117027226	0.0579851268	-0.09388718	0.0028496121	-0.0338858254	0.0165479619	0.0229574093	-0.1292989697	0.0112577253	-0.0724838593	0.0216750997	-0.0992564795	0.105357723	0.1279107948	0.0630982855	-0.0586593557	-0.0672013147	0.0282517082	0.0584701261	-0.0241168891	-0.0944747419	-0.0368876019	0.0572103345	0.0921499558	-0.0947753811	0.0267201576	-0.0399279161	-0.0150410646	-0.0213553615	-0.0438237028	0.0626751051	0.0583722614	-0.019493942	0.0214947425	-0.1094542075	0.0339690979	-0.1208903079	0.1012066734	0.1497862757	0.0753215404	-0.0740972401	0.16411744	-0.0674280638	-0.0602380019	0.0878443129	-0.0291325081	-0.1060662756	0.001872819	0.1220060118	-0.1181167608	0.0425998512	0.0086418973	-0.0472020471	0.1146555809	0.0573729982	-0.0728831355	-0.0202300518	-0.0527126882	0.079945941	0.0330392053	0.0183838673	0.1148349248	-0.0639062943	-0.0225218494	0.0555999403	0.0707894067	0.050592719	0.0059649516	-0.0223452992	-0.0004064198	-0.0273418545	0.0789641567	0.0703027073	-0.0002174865	-0.0007589468	-0.0572478007	-0.0711527742	-0.0092513612	-0.0765619011	-0.0711215062	-0.0721116445	0.0828761259	0.0743079906	-0.1962707399	-0.031827263	0.0462027805	0.0352672325	-0.0197935888	-0.0481999453	-0.0549567816	0.0936482057	-0.0269138132	0.0985369782	0.0867201891	0.0675400776	0.0447522131	0.0412605659	0.017369615	-0.0476487359	0.0642546162	0.0688648589	0.0126722095	-0.0311362949	0.0477279372	0.0511134491	0.03882582	-0.0606981495	0.0878163777	-0.0221542909	-0.0899578956	-0.0387552897	0.0309444506	-0.0886349585	-0.0824031912	0.040794191	0.0	0.0	0.0	0.0	0.0372014429703142	-0.0013306976774316	1.77075630872212e-06	0.0013839473590735	0.0275989645226673	0.0200327104311527	0.0004013094872184	0.0007617028427234	0.6123256896451892	-0.0655228386680519	0.0042932423871195	0.3749427501994565	-0.0080592991057252	0.0010187567394633	6.495230207554302e-05	1.0378652942018951e-06	-0.0013201643778553	0.0004268025418574	1.8216040973593779e-07	1.7428339845580711e-06	-0.0033158817549883	5.123547246900246e-06	1.0995071813064288e-05	2.625073639121909e-11	0.0	0.0	0.0	0.0
55.215785765040735	0.097350304828744	0.0094770818502493	3048.782997650875	63.46524496770276	0.1816869078522529	4027.83731881052	0.033010132484913	54.85743603981629	0.0610584600011705	0.0037281355377145	3009.338288862536	55.72283482771862	41.968672226756986	0.913641	31.334637	0.2335953151162436	0.1175281063537069	-0.0610887983	0.0631894575	0.0753531892	0.0633611067	-0.0418576178	-0.0304118743	-0.113489894	0.1068530441	-0.0189944103	0.0455235384	-0.0480830796	-0.0194902249	0.0250505769	0.0380247432	-0.020848271	-0.1774338787	0.018256901	-0.0612727188	0.0033995463	-0.0233666765	-0.0049560587	0.0496036024	0.0220862168	0.0659437656	0.0016246287	0.0375193302	0.0119908212	-0.161324066	-0.0321640445	0.0186352091	0.2089238558	0.0201524942	-0.1128593841	-0.103623569	0.0969118978	0.0137960918	0.0267335927	0.0192710865	0.1980368178	-0.1031786286	-0.0621421892	-0.0429934697	-0.0245227419	-0.0081784933	-0.1028020388	-0.0326823286	-0.1092176587	-0.1356208756	-0.0519785902	-0.0512203159	-0.0495205837	-0.2458624399	0.076286985	-0.0228954345	-0.1116642689	0.0709234842	0.0641137889	0.0279006466	0.0074499805	0.0084408611	0.0699954321	0.0638941085	-0.0143584934	-0.0794250263	0.1031001274	-0.045792471	0.0133301821	0.1026460928	-0.119079225	0.0456622301	-0.0399434044	0.008688425	-0.1444468228	0.0082316254	-0.0797816924	0.0164369888	-0.0175204419	-0.0134329134	-0.1369688563	0.0849844783	-0.0382206367	-0.0440087871	-0.1507448108	-0.0562717332	0.0556551406	-0.0263975573	-0.0594578665	-0.0228967161	0.1298279259	-0.0466835043	0.0159061869	0.1992739862	-0.0995270745	0.0346388558	-0.0289362031	0.0260404404	-0.1398448431	-0.0107747109	0.0607416028	-0.0126097415	0.0292497314	-0.1117322808	0.1089505153	-0.189112077	0.1074637986	0.0016698481	-0.0022187242	-0.033592457	0.0447749139	0.0142586556	-0.0354959599	-0.0425974473	0.0919354293	0.0354402455	0.0048889949	0.1783396496	-0.0558968923	-0.0037475707	-0.0555605067	0.018220366	0.2082487416	-0.0180891083	-0.1604713306	-0.0983548197	-0.1071469578	-0.0022177278	0.1084980557	-0.014433442	-0.0271937445	-0.0050215092	0.0191170178	-0.0480608131	-0.0848113596	0.0377877988	0.0100837407	-0.0293525883	0.1484826015	0.014776358	0.0597402269	0.0666223395	-0.0219575218	0.0783464117	0.0769634619	0.0135088143	0.1695606763	0.0699850351	-0.0399437477	0.0930042931	0.0234795103	-0.0920235084	0.0435140082	0.017969319	-0.0808544326	-0.1296959217	-0.0801018688	0.0291187401	-0.0906923248	-0.0786654074	0.0477161549	0.0	0.0	0.0	0.0	0.0777487627008497	0.0405473197305355	0.0016440851373302	0.006044870101513	0.0798356519419059	0.0522366874192385	0.0027286715125352	0.0063737313209891	0.5398334712727646	-0.0724922183724245	0.0052551217245552	0.2914201767064027	-0.0071888788435668	0.0008704202621584	5.167997902748233e-05	7.576314327758982e-07	-0.0012380922460313	8.207213182399994e-05	6.735834822136024e-09	1.5328724096828292e-06	-0.0029019923570898	0.0004138893978984	8.421559640607613e-06	1.713044336927828e-07	0.0	0.0	0.0	0.0
55.131832798585805	-0.0839529664549303	0.0070481005765826	3039.5189877312214	62.93206934360642	-0.5331756240963372	3960.4453518684873	0.2842762461305187	54.886136767140535	0.0287007273242423	0.0008237317489405	3012.488009221256	55.64362481340247	42.03029812967157	0.937349	32.147743	0.1972458407702249	0.1263936393192242	-0.0824429117	0.0614931605	-0.0504092148	0.0449253836	-0.0293507755	0.0166170001	-0.0891895677	0.0563508735	-0.0982677772	0.0154602874	0.0407461178	-0.0650664411	0.0123631985	0.0006480518	0.0861990005	0.0731536215	-0.0400473584	-0.0767930538	-0.036239557	0.0395801131	0.0403723179	-0.0911797878	-0.0286809914	-0.0027479073	0.079333432	0.0100523982	-0.0385907795	0.0252118657	0.0345058237	-0.002640618	0.0333812479	-0.1419049718	0.014997641	-0.018686644	0.0097242584	0.0651785771	-0.052662904	-0.1234612412	0.0229213307	-0.0123057986	-0.0222962942	-0.0339361419	-0.0554574165	0.0371590435	-0.0750931211	-0.0360707931	0.0185901752	0.0612179069	0.0630262837	0.0289379976	-0.008919765	0.1644003853	0.1184822353	-0.0193821776	-0.0309196681	-0.0258748486	-0.0230276799	-0.055346762	0.0436015688	0.0125174452	-0.1374884144	0.1267693143	-0.0148957834	0.005401813	-0.1421935466	-0.0831126141	-0.0045117197	-0.1546911256	0.1713329407	0.0115213498	-0.2053486132	0.1305084939	0.03531833	-0.0123570779	-0.0719872705	0.0087718867	0.0086176049	0.0638888861	-0.0290806321	-0.0926138001	-0.0122049593	-0.0004232265	0.0228421277	0.0200133731	0.0829738984	-0.021422276	-0.0612914187	-0.0090936418	-0.0079745998	0.0903485401	0.0248989288	0.019204179	0.0192503973	0.0010166359	-0.113321809	0.0709768643	0.0069863536	-0.1396415383	0.0383585497	0.0418272927	-0.0551606401	0.0250617476	-0.1020691155	0.0920849055	-0.029089511	0.0057277294	0.066405467	-0.0435542578	0.015688598	-0.0038463646	0.0120484876	-0.0956185348	-0.0759006223	0.008528722	-0.075968062	0.0214952189	-0.0632885182	-0.0047029159	0.0251961793	0.1712657961	-0.0805069986	-0.0759515818	0.119065715	0.0058922484	0.1811241714	0.1185836619	0.0145631095	0.031022571	0.0407907031	-0.2081272702	-0.0924834827	-0.0679983464	-0.0720349014	0.0369313747	0.0383127163	0.0973615604	0.0554752155	-0.0989106331	0.043421256	-0.002021611	-0.060375462	0.1169078882	0.1863985308	-0.1143649254	0.1255198666	0.0701270964	-0.1198764915	0.0435937044	0.1625591259	-0.033440907	0.0396551216	-0.0858068007	0.0323325124	-0.125117439	-0.1052777987	0.0272837521	-0.0926341175	-0.0747020974	0.0543949683	0.0	0.0	0.0	0.0	0.0885366423980116	0.0107878796971618	0.0001163783483604	0.0078387370471133	0.1279024161106576	0.0480667641687517	0.0023104138176543	0.0163590280469438	0.4999372873147933	-0.0398961839579712	0.0015917054944082	0.2499372912476742	-0.0053352484267235	0.0018536304168432	2.8464875774855583e-05	3.435945722246665e-06	-0.0012210339669793	1.7058279051999957e-05	2.9098488421590056e-10	1.4909239485172064e-06	-0.0028027807940583	9.92115630315e-05	7.855580179542074e-06	9.842934239153295e-09	0.0	0.0	0.0	0.0
55.133189853925046	0.0013570553392412	1.8415991937631627e-06	3039.668623468944	63.18980480846346	0.2577354648570349	3992.951431731711	0.0664275698450718	54.80102129177896	-0.0851154753615759	0.007244644146027	3003.1519346220107	55.655618709626566	42.17866990566254	0.931417	31.944309	0.0901343840836936	0.0412612780000176	-0.0754650374	0.061110384	0.0894639752	-0.0485124843	0.0841419869	-0.0605115717	-0.051391469	0.0355308811	-0.0176370863	-0.0400596406	-0.0347226068	0.0692422566	-0.0285888989	0.026286465	0.0352253861	0.0899610518	0.0359974699	-0.0584583542	0.0298599071	0.0315524719	0.085704565	0.1555820051	-0.0702905948	0.0002330185	-0.139255634	0.0098298611	-0.0753888132	-0.0984922305	-0.0202087594	0.0674442363	-0.0690606503	-0.1314568425	0.1116717429	-0.1071753804	-0.0862889566	0.0105156504	-0.0456433337	-0.0422603725	-0.0714507675	-0.224043797	-0.0401853803	-0.0360275841	0.0716873967	-0.1102788356	0.0946474036	0.0239835543	-0.0382922885	0.0519427967	-0.1197727884	0.0752696022	0.0383042982	-0.0618512574	-0.0413008546	-0.0766938719	-0.0759874512	-0.0400837229	0.0287090835	-0.1039181141	-0.1112287085	0.0511073358	-0.072385031	0.0698314992	0.0372962883	0.0320811014	0.0499101959	0.0395949228	-0.0404102438	-0.0430863729	-0.0215676059	0.0842689091	-0.1629923444	0.0017366849	0.044760299	-0.0021096367	0.0222300263	0.077159235	-0.1040288158	0.0170402817	0.0301289093	-0.020747823	0.0301857281	-0.1269916626	-0.1385885211	-0.0481993028	-0.0987272447	0.1880829112	-0.0023156554	0.0626715706	-0.0508550032	0.0900612207	0.0138374054	-0.0257410577	0.0005458573	-0.1118062355	-0.1707210036	0.0292681301	-0.0221753798	0.0492256476	-0.1121518694	0.0789156351	-0.0066069916	-0.0235433433	-0.0150567078	-0.0514995301	0.0011382438	-0.0494081606	-0.1329292693	0.0257718238	0.0040740612	0.1563732332	0.0607670513	-0.079153478	0.038007066	-0.0387006137	0.0524840973	-0.0476316056	-0.0630844325	-0.0155934108	0.0005910436	0.0142583948	0.1400583442	-0.0408149866	0.1185436238	0.1090520561	-0.0187696578	0.1009556585	0.0610977743	0.0192926687	0.0093417427	-0.0387243525	-0.048457753	-0.0706489664	-0.0633256474	0.0205475614	0.0782880365	0.0034283819	0.088942754	-0.0517570655	-0.1245674759	0.0007796803	-0.0529065695	0.1203437034	0.0179738939	-0.1742734636	0.1373279755	-0.0579191844	-0.1142003961	0.133643423	0.0929039895	-0.0908417501	-0.0918511049	-0.0932980373	0.1062655743	-0.0177994102	-0.0806216461	0.0254400711	-0.0944578621	-0.0705246236	0.0607965974	0.0	0.0	0.0	0.0	0.0974453684726626	0.008908726074651	7.93654002731666e-05	0.0094955998367729	0.1403147578512715	0.0124123417406138	0.0001540662274857	0.0196882312708609	0.4869578375819046	-0.0129794497328887	0.0001684661153685	0.2371279355824445	-0.0059279378649067	-0.0005926894381832	3.514044733019461e-05	3.512807701339175e-07	-0.0016419048900655	-0.0004208709230862	1.7713233389943005e-07	2.6958516680210017e-06	-0.0029058977634997	-0.0001031169694413	8.444241811912557e-06	1.0633109386778597e-08	0.0	0.0	0.0	0.0
55.145515737816055	0.0123258838910089	0.0001519274136946	3041.0279059897184	62.71927280623678	-0.4705320022266761	3933.707181343153	0.2214003651194447	54.82010580307944	0.019084511300484	0.0003642185715783	3005.2440002608246	55.62844955184058	42.03346745175433	0.965551	33.114975	0.2635177301975306	0.1447050768539034	-0.1201930255	0.0263241382	-0.0657074937	-0.0305699837	-0.0767615654	-0.0422657399	-0.1237054442	-0.0246417193	0.0048582389	-0.0793050281	-0.0424988856	0.0627799155	-0.0350123053	-0.0180358553	0.0030004311	-0.0319030218	0.0345295114	-0.1016383386	0.0826241661	0.0161068579	-0.022363845	0.0010819723	-0.0101037223	-0.068004896	-0.0470393064	-0.0348730733	-0.0483732431	0.1945630817	-0.0233254156	0.0521067123	-0.0837005572	-0.0456966916	-0.0389911609	-0.0610149831	0.0634276354	-0.1303008761	-0.0429307324	0.095586457	0.1348299087	0.0444428615	-0.1046573637	-0.0076627087	0.0309200633	-0.1115095159	0.0068235321	-0.0139119624	0.2307979588	0.0415442358	0.0249786268	-0.014323099	-0.0254298164	0.0842764996	0.0555346003	0.0351541788	-0.0461898283	0.174037933	0.1936004155	-0.046828323	-0.0335716814	0.0269218512	-0.0658561883	-0.004364221	0.0228029188	0.0515152091	-0.049143996	-0.0251665053	-0.1348783439	0.1074898056	-0.061272791	-0.1008413182	0.0336256335	-0.0104249595	0.0538692736	-0.0659186536	-0.0313454556	0.1201923037	0.0412419715	0.0817646984	-0.0361819517	0.0501285235	0.0110191144	0.0399950107	0.0900409516	-0.0093020062	0.0045083856	0.0061560318	0.0117300188	0.0656939969	0.0591218135	0.0503707184	-0.1317084637	-0.0016612316	0.1302020564	-0.0885874871	0.0412052835	0.1326375419	0.1033942924	0.0619141647	-0.1092527264	-0.0606634922	0.0493062724	-0.0658353652	-0.0579972869	-0.0521867156	0.0249250586	-0.0752099531	0.14794307	-0.0070359926	0.0901911552	-0.024144509	0.0807979918	0.0110336054	-0.1040983299	-0.0579425387	-0.0483189329	-0.1111365639	-0.0363721765	-0.0892323758	0.0379432668	-0.0016356941	0.0495418673	0.1361840405	-0.0480083232	0.0777985354	-0.0277892562	-0.0297495269	-0.0413670629	0.0654533687	0.1134973365	0.0327082843	0.1632147147	-0.1219594253	0.0038009346	-0.0604793514	0.0441585687	0.0080667455	0.0390921862	-0.2071729825	0.0286570439	0.0050904411	-0.0089925873	0.0662734576	-0.0250855814	-0.0792344045	0.0859278243	-0.1245439359	-0.0843814356	0.0319939218	0.0232904954	-0.1078234457	-0.1288553915	-0.0075968545	0.0064362055	-0.0949033691	0.0966194867	0.0235882846	-0.0961612344	-0.0661449626	0.0668884209	0.0	0.0	0.0	0.0	0.1382776432781156	0.040832274805453	0.001667274665788	0.0191207066305497	0.1634372757795859	0.0231225179283143	0.0005346508353452	0.0267117431142524	0.3984263630000413	-0.0885314745818632	0.0078378219916391	0.1587435667334406	-0.0041080533079116	0.0018198845569951	1.6876101980643442e-05	3.311979800789252e-06	-0.0015937650747634	4.813981530210013e-05	2.317441817320314e-09	2.540087113535586e-06	-0.0025532928781589	0.0003526048853407	6.519304521656961e-06	1.2433020516619848e-07	0.0	0.0	0.0	0.0
55.1536628369394	0.0081470991233416	6.637522412555446e-05	3041.92652433079	62.088603190189815	-0.6306696160469656	3854.994646108849	0.397744164604827	54.80986548624447	-0.0102403168349738	0.0001048640888806	3004.1213546202125	55.638749443222295	42.15325340480474	1.014768	34.802933	0.2192071002527906	0.1193635991711962	-0.1522377681	-0.0188161596	-0.1773460389	0.0965890181	-0.0712620117	-0.1726417688	-0.0485222738	-0.0432538041	0.0798651159	-0.0423415135	0.1705298659	0.0435317607	-0.1448926108	0.0332642351	-0.1307151612	0.0435609815	-0.0134490523	-0.0596302686	-0.0044080897	-0.080494422	0.1067412271	-0.0408540889	0.002175089	-0.0283347328	-0.0175143337	-0.0526507172	-0.0713670762	0.0760000498	-0.0356863275	-0.0533023046	0.0939114647	-0.0972397343	0.1430453617	-0.1137393263	-0.011927949	0.0860309507	-0.0984462477	-0.0708466522	-0.111790656	-0.2333537362	-0.0198007107	-0.0006407554	-0.1252323299	0.0393733637	0.1622567863	0.0151048349	-0.0584336288	-0.0264818229	0.1021495349	0.097252847	0.0931825354	0.0321094384	0.0267773126	-0.090628648	0.0730759887	0.0472574466	0.1822211639	0.0263490301	-0.051077828	0.0717553653	0.0677308772	0.0660320299	-0.0244982607	0.1790723708	-0.0496686051	0.0655488889	-0.0793360045	0.0517047424	-0.0029870176	0.1651280437	0.079061261	0.0763996805	0.0593644246	0.0178919238	-0.1358367444	0.0831227985	0.0894701472	-0.0804723788	0.0093312648	0.0477653579	0.0688621568	-0.0934407806	0.0542887947	0.1098556791	-0.0472230325	0.1581292005	0.0202976196	0.0380429152	-0.1008576352	-0.0204146944	-0.0262933702	-0.077305491	-0.1155049287	-0.0944257049	-0.2114688271	0.0012415837	-0.0194326693	-0.0799894887	-0.0698136265	0.0295471495	0.0243245106	-0.0090214948	0.1512907289	0.0315134976	0.0255673894	0.0771648779	-0.0224259753	-0.1347240606	0.0391251108	0.1696641794	0.0511135018	-0.1676870096	-0.1299243054	-0.0122800252	0.1420027634	0.1146233351	-0.0256495077	-0.153663083	0.1233723451	-0.0364202446	-0.0828276037	-0.0760813222	0.0767108076	-0.0111609931	-0.0410009837	0.0253350107	-0.0021701939	0.1316061074	0.0324738531	-0.1649316283	0.0770887436	-0.1559060701	0.040259457	-0.0356638086	-0.1509511823	0.1468096419	0.0460168977	-0.1423353154	-0.0035236926	-0.0123757442	0.0325945058	0.0607006484	-0.0390698602	0.119543021	0.143004331	0.1234439151	0.044928067	-0.0647204138	-0.1233157614	-0.090943361	-0.0478554983	-0.0444119175	0.0545966784	-0.1423043019	-0.0705070557	0.0217289825	-0.0977420637	-0.0615756703	0.0726393964	0.0	0.0	0.0	0.0	0.1696897515704734	0.0314121082923578	0.0009867205473708	0.0287946117880489	0.2283120763634798	0.0648748005838939	0.0042087397508	0.0521264042134034	0.3472511936375824	-0.0511751693624589	0.0026188979592763	0.1205833914827257	-0.0028502311382503	0.0012578221696613	8.123817541451602e-06	1.5821166104914608e-06	-0.0016792334914035	-8.546841664010003e-05	7.304850242965727e-09	2.8198251186511883e-06	-0.0026449027321391	-9.16098539801998e-05	6.995510462476876e-06	8.392365346273528e-09	0.0	0.0	0.0	0.0
55.31417064344561	0.1605078065062102	0.025762755949435	3059.65747397222	63.18158183320199	1.0929786430121735	3991.9122829456	1.1946023140807327	54.818516054632944	0.0086505683884752	7.48323334436868e-05	3005.06970243205	55.63187885623327	43.21198814831717	1.066577	36.579803	0.1639963142861493	0.0856942383618115	-0.1385075809	0.0045150845	0.1031231422	0.1251163384	0.1179953711	-0.0071866936	-0.0436867238	-0.0236270407	-0.1661717361	-0.0085008898	0.0095448786	-0.0401378017	-0.0322013327	-0.1924452377	0.0520434314	-0.0680199583	-0.0783338388	-0.1062892134	0.0291414877	-0.1840942378	0.0451590079	0.1593171442	-0.0596416735	-0.0721836807	0.1358045511	-0.0033074489	-0.076984358	0.0292620095	-0.125621201	0.0499565918	0.0015667753	-0.00187781	0.1085024245	0.0114697575	-0.0347127454	-0.0923706432	0.1123236288	-0.0249783596	-0.008829357	-0.005220362	0.0682376903	0.0407896005	0.0383396888	0.0300475993	-0.039355659	-0.1889637635	0.0390088288	0.118720739	-0.055182495	-0.0247054479	-0.0125134748	0.009721789	0.0267745165	-0.1875919958	0.0421569403	-0.010089636	-0.0806000927	-0.1266081764	0.0175123086	-0.0765316501	0.1302692248	-0.1304036155	-0.1047492581	-0.188539592	-0.0257653062	-0.016041324	0.0541800514	0.266962218	0.0765722804	-0.0861479674	0.070344567	-0.0058429321	0.045359787	-0.0781167186	-0.102173684	0.0686001732	-0.0991269097	-0.0147919546	0.1872358854	-0.0456959582	0.0220474518	-0.0891275249	0.0459787314	-0.0006632218	0.0218594966	-0.0422319661	0.084705174	0.0929527393	0.1267993446	0.0191255929	0.0098838518	0.0601930071	0.0089209739	-0.1399916363	0.0357825671	-0.0367755295	0.0732362604	0.074755412	0.0277295103	0.0991447706	-0.0180339793	-0.0630164751	-0.0275249236	0.0390988965	-0.0642888698	-0.0447030534	-0.0275790595	-0.100003441	0.0490743951	-0.039899685	-0.1775915866	0.0120481558	0.0495724731	-0.0755524547	-0.159118649	-0.1823824053	0.040830393	0.0401373111	-0.1219889831	-0.1990803945	-0.0061380195	-0.067237359	-0.0352843146	-0.0140750626	0.0703911516	0.0506711359	-0.0998422902	-0.1026421349	-0.0153146267	0.0894657954	-0.0235998816	-0.1241164503	-0.0279267649	0.117319649	-0.0723497479	-0.0262232172	0.0857674037	-0.0795225772	-0.1289630918	-0.1145604351	0.029613825	0.0431258199	0.083781813	-0.0969079991	-0.0493089852	-0.0023498993	0.0274959856	-0.0335118187	-0.0237811146	-0.0414486506	-0.0764969533	0.002124843	-0.1331999394	-0.0300798591	-0.0492756948	0.0198627573	-0.0991983356	-0.0568298464	0.0780202182	0.0	0.0	0.0	0.0	0.1246771896702938	-0.0450125619001795	0.0020261307288174	0.0155444016240824	0.2046876645194828	-0.0236244118439969	0.0005581128349747	0.0418970400064403	0.3469457395626847	-0.0003054540748976	9.330219187159869e-08	0.1203713462006982	-0.0038706586982076	-0.0010204275599573	1.4981998758010152e-05	1.0412724051204094e-06	-0.0018921023936437	-0.0002128689022402	4.5313169540947845e-08	3.580051468032219e-06	-0.0033126839992831	-0.000667781267144	1.0973875279106275e-05	4.459318207484465e-07	0.0	0.0	0.0	0.0
55.349582136230254	0.0354114927846467	0.001253973821237	3063.576242655299	62.57688995717103	-0.6046918760309552	3915.867156711893	0.3656522649378361	54.93598765723088	0.1174716025979378	0.0137995774169278	3017.962739875424	55.70964772021762	42.69293787475955	0.967701	33.188702	0.0973979282073263	0.0497803023200838	-0.1415750035	-0.0291998916	0.0069360899	0.0490071468	-0.097303893	-0.0760594759	-0.1619860772	-0.1234139373	0.0475998169	0.0318007192	0.0793447453	-0.1028742542	0.0197855022	0.1318197751	0.004691132	0.0651778718	-0.0253900249	-0.1726693336	0.0509438922	0.022178238	0.0448038118	0.0913535237	-0.041228923	0.1375493112	-0.0908072231	-0.0830767512	0.0255129648	0.1154436166	-0.0690351121	-0.1721022681	-0.1773617794	-0.0809297967	-0.0400229842	0.1422186411	-0.0681845354	0.067839367	0.1562446656	0.0272148487	-0.1940694514	0.0362070003	0.1649216589	-0.1300321322	-0.0043708921	0.0046567464	-0.159892936	0.0817348216	0.0011366547	-0.0405860868	-0.049775056	-0.0468891682	0.0350768773	0.1226547876	0.0041381653	0.0506512913	0.0320222645	-0.0064322861	0.096901153	-0.0205014936	0.0331531464	0.0281782302	0.094125627	0.0813228867	-0.0603444355	0.0335033909	-0.0920794784	-0.0308272633	0.017153629	-0.0015388474	-0.1387908737	0.0252148634	4.64922e-05	-0.0638072955	0.1014962662	0.0208774808	-0.079083836	0.1498972343	-0.0342567251	0.1170350684	-0.0040176054	0.0748658043	0.0771435588	-0.0594618119	-0.0213282555	0.1014712657	0.1160314172	0.0899382858	0.100430567	0.1479589946	-0.1703120326	-0.016962845	0.0570043429	-0.0263425442	0.1832606597	0.0123576623	-0.096737814	-0.1109396706	-0.0200972705	0.0438212412	0.1739797645	-0.1004242889	0.0082885447	0.1282530574	-0.1739870896	-0.0009810611	-0.0520938365	0.0447607902	0.0024478414	0.1150486797	-0.0033587871	-0.0914214265	0.0951735975	0.026151357	0.0226002487	-0.1024229003	-0.0206698231	-0.0062656881	0.0117184072	-0.0360711607	0.0442135418	-0.0625260126	-0.1727252575	0.0211908628	-0.042690585	-0.1601440767	0.105980717	0.0194234782	-0.0456308719	0.0108930658	0.0270393435	-0.0374155362	-0.03135605	-0.1352969866	0.0202537979	0.0341796797	0.0140206265	-0.0495265497	-0.0615748044	-0.2095175536	-0.0306794397	-0.1372555326	0.0481213852	0.0092128883	0.0071406884	-0.075834633	-0.0978639983	-0.0948863168	-0.0034627229	-0.0054962952	-0.0072779194	-0.0438067677	0.0823720468	0.1500337998	-0.1614636897	0.0435583806	0.0595490029	0.0179902036	-0.1005281942	-0.0519210969	0.0830034668	0.0	0.0	0.0	0.0	0.140369720943184	0.0156925312728902	0.0002462555377506	0.0197036585576673	0.204009334061368	-0.0006783304581148	4.601322104062356e-07	0.0416198083841628	0.3122400941606784	-0.0347056454020063	0.0012044818227698	0.0974938764014693	-0.0037908986458376	7.976005237000016e-05	1.4370912543013349e-05	6.361665954065169e-09	-0.0023270167496303	-0.0004349143559866	1.8915049704323905e-07	5.415006953059967e-06	-0.0029009299861534	0.0004117540131297	8.415394784563965e-06	1.6954136732841344e-07	0.0	0.0	0.0	0.0
55.25191809584412	-0.0976640403861353	0.0095382647845446	3052.7744532698666	62.8321683122704	0.2552783550993638	3947.881374821476	0.0651670385822368	54.81229235828478	-0.1236952989461031	0.0153005269813658	3004.387393570084	55.62935280816811	42.425172391206544	0.985461	33.797821	0.1290149291080081	0.0646933665869897	-0.1083564518	-0.0100711948	-0.131409123	-0.0546948808	-0.0329730021	-0.1553990944	-0.0341650422	0.0421219176	-0.0389559277	-0.0235654852	0.0409362358	0.0282315886	-0.1264872611	-0.0874173113	-0.0758217258	-0.0088189528	0.0987971403	-0.0618399995	0.1567951805	-0.0542877735	0.0331938846	0.1340163481	0.2565090861	-0.1445319515	0.0399996695	-0.0345476903	0.0103231935	-0.0790142569	-0.0491177215	0.0751041063	0.0957787567	0.1300355915	0.0482025025	-0.0635580307	-0.0388934352	0.0515219869	-0.1111745716	-0.1572416524	-0.0631784972	0.0076564532	0.0705094574	0.0716557265	0.1412817314	-0.0935016673	-0.0740598197	0.0499255935	-0.0260908162	-0.0556886365	-0.0434519973	0.0035239964	-0.0570292739	0.0746481422	-0.0128787566	-0.0494687936	-0.0846448081	0.0201609449	-0.0104242425	0.0264255097	0.1365250368	0.0648961062	0.0116125882	0.012907777	-0.0113765346	-0.0120328962	0.0302044334	-0.0162936621	-0.02894349	-0.0092935149	-0.0395852067	-0.0318625493	0.019482226	0.0419562249	-0.0576317206	0.0147084273	0.0075517308	0.1740055944	0.0401641656	-0.0254996809	0.1069342643	-0.0685516623	0.2128917532	-0.0179920122	0.0088428952	-0.1079838395	-0.0451431132	-0.0049269272	-0.1372192797	-0.0389359965	0.0652431702	-0.1357136576	0.049045214	0.121343572	-0.1856637291	-0.0876296479	0.0125411294	0.0198406402	0.0379344075	-0.0304136514	-0.057462536	0.040039625	-0.0145989728	-0.0219906831	-0.0925474676	-0.0183865917	0.0573247909	-0.147625911	-0.0164420657	0.0832427824	-0.038946973	-0.0166017782	0.1242780412	-0.0853220002	0.0444057458	-0.0063514963	-0.0227426612	0.0529195014	0.0108451238	0.0397464651	-0.0581078493	0.0171241898	-0.0862995886	0.0184902982	-0.0617468508	-0.0590714338	-0.0301110612	-0.0785978128	-0.0188169112	0.059484752	0.0193023617	-0.0278234865	0.0987268942	-0.1120336903	0.0349783588	-0.0764342144	-0.016898176	0.1116645347	-0.0805072762	-0.0897951919	-0.0740551536	-0.1320599543	0.0464639689	-0.0240039197	-0.1215145901	0.0619215559	0.0441109102	-0.0386049367	0.0921499281	-0.0541788365	0.0595303432	0.0242467849	-0.1130212791	0.030577686	-0.0149392861	0.0665166675	-0.1303224031	0.016111918	-0.1017299448	-0.0468634945	0.0875637488	0.0	0.0	0.0	0.0	0.1433045878815022	0.0029348669383181	8.613443945633136e-06	0.0205362049078871	0.1893253731420827	-0.0146839609192853	0.000215618708279	0.0358440969153888	0.347129405334833	0.0348893111741546	0.0012172640342069	0.1204988240481147	-0.0045678269523178	-0.0007769283064801	2.086504306632092e-05	6.036175934101913e-07	-0.0019869480589529	0.0003400686906774	1.156467143790412e-07	3.947962588976697e-06	-0.0033140687905208	-0.0004131388043674	1.0983051948304e-05	1.706836716741251e-07	0.0	0.0	0.0	0.0
55.18030441274837	-0.0716136830957481	0.0051285196065382	3044.865995083577	62.327107259028935	-0.5050610532414623	3884.668299278497	0.2550866675013752	54.8389716867628	0.0266793284780177	0.0007117865680379	3007.312815661572	55.699950635051934	42.816484441423	0.988194	33.89156	0.0756180198959776	0.0404681558766321	-0.1306204418	-0.0169827703	0.0142485268	0.0773218367	0.0599349471	-0.1824626544	0.0250762855	-0.1335000448	0.0224272749	0.0067489119	0.0731217222	0.0549030201	0.0981309145	-0.0695223755	-0.0691189403	0.0485380407	0.139927512	-0.0900667677	-0.0233583074	-0.1598312391	-0.1420741921	-0.0933826258	0.0869907721	-0.037728874	0.0262547191	0.0168140617	-0.033400162	-0.0042825426	0.1694249638	-0.0933719615	0.0459137084	0.0456459412	-0.1079323549	0.0324248979	-0.0218575018	-0.1334100443	-0.0691188547	-0.176487617	-0.0086545073	-0.0506288322	-0.1750415426	-0.1211657809	-0.0057940156	0.1646531055	0.0281546974	0.1126633742	-0.0938212367	-0.1201898814	-0.0552056649	0.1417282063	0.0183717009	-0.0582643554	-0.0633932384	-0.0709005701	0.1437949791	-0.0684134683	-0.0143684578	0.0597249001	0.0375854778	-0.0225257935	0.0519017106	0.0415501318	-0.0751099427	-0.0443674471	0.1428815581	-0.0256760232	-0.0693789301	0.0065070282	0.0428570567	-0.0427012116	-0.0461777211	0.0605998439	-0.027944092	-0.0285601072	-0.092936131	0.1274420763	-0.02548034	-0.1867717272	0.0141353377	0.073752995	-0.0021423674	0.0767142322	0.0377784421	-0.0122332573	0.0670122115	-0.0816781786	-0.1253604121	-0.0617985883	-0.0838427008	-0.0133834632	0.0016231805	-0.0796336226	-0.0698302528	0.1230258442	-0.0020848995	0.0574119185	-0.0785486251	0.0661981633	-0.1141059384	-0.0888812152	-0.1100435697	-0.1951683537	0.2119671941	0.1281078701	0.0523066336	0.0429794461	-0.0800945006	-0.0225018452	-0.1255323495	0.0232898586	-0.1054949953	-0.0345120599	-0.1231027598	-0.0215370732	-0.0270556686	0.0635045914	0.031592672	0.1163442859	0.011644733	-0.0638799341	0.0595488552	0.0376012588	-0.070137038	-0.0398789401	-0.0270395198	0.0157918419	-0.0635903646	0.1043635058	-0.0092558723	0.0015537869	-0.0780032338	-0.1275128942	0.0239645313	-0.0017364512	-0.1389169693	-0.0471748282	0.0212351931	-0.075146589	-0.089187154	-0.0870346186	0.1012374549	-0.0163807984	-0.1034011338	-0.0372513159	0.0655431039	0.1133841747	-0.0197054686	-0.2180388288	-0.0126485027	-0.055990698	-0.0589957166	0.0732572942	-0.062300403	0.003493383	-0.0555749079	0.014228499	-0.1028020561	-0.0416715391	0.091677826	0.0	0.0	0.0	0.0	0.1528323094552632	0.009527721573761	9.077747838711078e-05	0.0233577148134293	0.2058997746734689	0.0165744015313862	0.0002747107861236	0.0423947172105852	0.3220431286823526	-0.0250862766524804	0.0006293212762847	0.1037117767315183	-0.0041721699145813	0.0003956570377364	1.7407001796137333e-05	1.5654449151042177e-07	-0.0018951038299626	9.184422899030004e-05	8.435362398822668e-09	3.591418526338915e-06	-0.0033129776544806	1.0911360402003111e-06	1.0975820939087775e-05	1.1905778582240154e-12	0.0	0.0	0.0	0.0
55.234019300588	0.0537148878396323	0.0028852891756242	3050.796888097728	63.2123114407989	0.8852041817699643	3995.796317688556	0.783586443423032	54.816948739732	-0.0220229470307984	0.0004850101959213	3004.897869134405	55.58924954650922	42.997976027231	0.963854	33.056786	0.1311929218861789	0.069386623175913	-0.1099144651	0.0115565756	0.0930611105	0.125430352	0.0099012725	-0.0145019494	-0.1872887265	-0.0232386214	-0.0085007426	0.0435786092	0.0746786825	-0.0836508045	-0.1395247563	0.042423295	0.042679272	-0.1156176408	-0.0381841752	-0.0710434944	-0.1321894112	-0.05116738	0.0299706996	0.0604538141	-0.0195104075	0.065830424	-0.0626394875	0.1330700505	0.0047229407	0.0523272634	0.197496965	0.0048091581	0.0144501068	0.0971250781	-0.0077460279	0.064011557	0.0731453758	-0.0528881676	0.0075957767	0.0446237356	-0.0977096301	0.0298136067	0.0715398644	-0.0060343654	0.0647317749	0.1627944109	-0.009822035	0.0374967162	0.0705494357	-0.0481091219	0.1216227971	0.0734111991	-0.0022200234	-0.1135522147	0.0173021913	0.0207059031	-0.1024451849	0.0270062049	-0.0094517937	-0.0385634115	0.0898828715	-0.0950600289	0.0430957069	-0.0182901664	-0.0143175583	-0.0428627212	0.0144469399	-0.1658501585	0.0508196216	-0.1304604911	-0.0552258634	0.0663476209	-0.029486957	0.1320371102	0.0195242698	0.0318281394	-0.1206180968	0.0117371495	-0.0534385272	0.0916590266	0.0277552897	0.0811258306	0.0230379948	0.0156176879	-0.0594996366	0.0547875461	0.0795617889	0.0400750359	-0.0069286899	0.0984006183	-0.044269405	0.0492427919	-0.0173709537	-0.216840029	-0.1235299382	0.1515461028	0.1436836438	-0.0661447704	0.0841991244	0.0118005736	-0.0193126648	-0.028446814	-0.053944904	-0.0647335491	-0.0167312501	-0.1103308719	-0.0683392948	0.0843753041	-0.0031618879	0.0989842081	0.0069943829	-0.0068874007	-0.1151747522	0.0374609523	0.0301662618	0.0706227812	0.0566480582	0.1471808939	0.0810609941	-0.0420083589	0.0061184344	0.0435776634	-0.0211587759	-0.023717896	-0.1602530166	-0.1028890689	0.0608165131	0.0298073851	0.0123886638	0.1014691404	-0.0705966078	0.0380797731	-0.1031778486	-0.09279995	-0.0190945805	0.0775367955	-0.0647415464	-0.1112639785	-0.0193886111	-0.1263435256	-0.0480558172	-0.1513745405	0.0349970235	-0.0083466366	0.0131969473	0.1602189119	0.016189905	0.0356264265	0.0599731103	-0.125308322	-0.0244854388	-0.0062069371	0.0637822221	0.0386120861	-0.013674214	0.0034127261	-0.0100189383	0.0123405466	-0.1037431616	-0.0363601153	0.0953247341	0.0	0.0	0.0	0.0	0.1298564200335334	-0.0229758894217297	0.0005278914947195	0.0168626898239254	0.182216321356293	-0.0236834533171758	0.0005609059610268	0.0332027877686198	0.3384287594391608	0.0163856307568082	0.0002684888952984	0.1145340252155293	-0.0051473265543643	-0.0009751566397829	2.6494970657263856e-05	9.509304721128708e-07	-0.0022789870946848	-0.0003838832647222	1.4736636093377477e-07	5.193782177739866e-06	-0.0033168967177847	-3.919063304100041e-06	1.1001803836450916e-05	1.5359057181543527e-11	0.0	0.0	0.0	0.0
55.17730975984297	-0.0567095407450324	0.0032159720115124	3044.535512333662	62.83981453940041	-0.3724969013984918	3948.842291346239	0.1387539415514777	54.81890629390099	0.0019575541689889	3.832018324525848e-06	3005.1124872594974	55.61158385612309	41.46321345381654	1.028999	35.291019	0.3626321541736338	0.200832606621628	-0.0199638502	0.0140783853	-0.073089415	-0.0755151552	-0.1466985602	-0.0249318892	-0.0466789654	-0.0140899525	-0.0686838632	-0.1819577223	-0.0256763138	-0.0481853058	0.1364054975	0.0083208895	-0.0197056979	0.0412211893	0.0287729575	-0.0104527119	0.0429631784	0.0139382563	-0.0575531438	-0.1021366085	-0.0830955074	0.0109209918	0.025534236	0.0241711358	0.1757069956	0.0759513845	0.0642752965	0.0093682147	-0.0055643465	-0.0267072264	-0.0392098904	0.0980148935	-0.0386105995	0.1188261584	-0.0065643762	-0.0140344766	0.0868755564	0.0213844379	-0.0597744942	-0.1318692203	0.0830901557	0.1371076918	-0.1086917013	-0.0242872469	-0.1553577203	0.0627097914	0.0854456286	0.076138028	-0.0354785391	-0.011335622	0.0627310206	-0.1411036363	0.064910284	0.1983913474	0.0200316079	-0.0292725517	-0.0769393155	-0.0663194211	0.0900931409	-0.0653283164	-0.00845516	-0.0327668689	-0.0790157769	-0.0282710348	-0.0032013681	0.0903488808	0.0104914091	-0.1408369023	0.0034220343	-0.0322016399	-0.1149671121	-0.0345097069	-0.0002441425	0.0562563742	0.0696997828	0.0675508557	0.0276525593	-0.0074685234	-0.1126235012	0.0442627738	0.0886862592	0.0427663013	0.0433207435	-0.1371648427	-0.0282865151	-0.0726937041	-0.0812133409	0.0417628175	-0.00018841	-0.0369851961	0.0267053391	0.0184235048	0.0309705609	-0.0306875114	0.0185852014	-0.1180905882	0.1602754744	0.009182816	-0.0693486031	-0.0012696041	-0.0300286762	-0.0579758033	0.0260606258	0.0875692488	-0.2216548122	-0.1399999438	-0.040965456	-0.1069087071	0.0033395377	-0.1267298174	-0.0824831033	-0.0925740254	-0.0348789886	-0.0031524921	0.0097337547	0.0494967186	-0.0143605039	0.0124138554	0.0211015487	0.0394613648	-0.1765658544	0.1294670474	0.099454571	-0.0346757261	0.0092704347	-0.104910358	0.0829231337	-0.0325519005	0.1562917285	-0.0189449441	0.0119732323	-0.0848343167	0.0432679669	-0.0397515766	-0.1631038479	-0.1278610483	-0.0100207654	-0.0846054255	-0.0397932485	-0.0640367256	-0.0447852342	-0.0858366838	-0.0340814009	0.0692141038	0.0118388961	-0.0852652125	0.0346787292	0.029547585	0.0751999845	0.0699161698	0.0485928964	-0.0988998509	-0.0193554525	0.0104486623	-0.1045520622	-0.0309444506	0.0984858891	0.0	0.0	0.0	0.0	0.1196764386361479	-0.0101799813973855	0.0001036320212511	0.0143224499646316	0.1369337688069265	-0.0452825525493665	0.0020505095653861	0.0187508570396688	0.4411721102281376	0.1027433507889768	0.0105561961313467	0.194632830843148	-0.0078422008177553	-0.002694874263391	6.15001136660019e-05	7.262347295487184e-06	-0.0032258090181878	-0.0009468219235029	8.964717548259204e-07	1.0405843821821735e-05	-0.0037637259196488	-0.0004468292018641	1.4165632798236209e-05	1.9965633563850886e-07	0.0	0.0	0.0	0.0
55.1718464291682	-0.0054633306747717	2.98479820619023e-05	3043.9326384037195	62.40184015560644	-0.4379743837939642	3893.989654805857	0.1918215608597027	54.75854636748188	-0.0603599264191103	0.0036433207173204	2998.4984002796627	55.530369162813685	42.01938946384915	0.946742	32.469898	0.202725864910416	0.1029289736683548	-0.0543644647	0.0248568516	-0.1524081062	-0.0042813923	-0.1073667289	-0.1094826287	0.0533176122	0.0335220675	-0.0491821402	0.0480819348	0.0653897988	0.072225828	-0.0650154052	-0.0197603667	0.0490978137	0.0510791344	-0.0583725693	-0.0018827744	0.0424344035	-0.0972875616	0.0279579127	-0.1296646979	0.0316612092	0.1828557043	0.1260099208	-0.0665050671	-0.0377605753	0.0126796542	0.0898096818	-0.0159612739	0.016436631	-0.0033156744	0.0070035833	0.0113115995	-0.0376876081	-0.0329109252	-0.1191063689	-0.0641971152	0.1075139361	-0.010088156	0.012816568	0.0710177596	0.0515300584	-0.0225907791	0.0730396056	0.0720154436	-0.0846109976	0.1579251938	-0.0118992032	-0.0276442056	-0.0806831834	-0.0151542959	0.0105997273	0.0035343252	-0.0588582016	0.0511436423	-0.0529779295	-0.0730881567	0.1148835803	-0.0376631617	0.0073449762	0.0105919747	-0.0202561146	0.0137138536	0.0854269071	0.068345067	0.3117534413	0.0481600668	-0.0116255501	-0.0062640478	0.0044038121	0.0597459674	0.0379079295	0.2208828409	-0.0695340772	0.0408773926	0.1722414595	-0.0253969143	0.0629546118	-0.0683888311	-0.0152337516	0.0457898257	-0.1015031969	0.1393549648	0.043668733	-0.0506674001	0.0574118202	-0.1484270706	-0.0179004112	0.0380782516	-0.0257804444	0.1037183295	-0.0902413799	0.0573262025	0.1140893144	0.0965680284	0.0209846085	-0.0357833195	-0.0892308854	0.0121794117	0.0289933027	0.0790658817	0.0259162274	-0.0323125311	-0.0625307969	0.0636382163	-0.0427289575	-0.0193628499	-0.1475201206	-0.0042092459	0.0228948672	-0.0908111422	0.0759836857	0.0282770283	-0.0528700413	-0.0404795502	0.010147404	-0.0044700688	0.0436691108	-0.0865054764	0.1009371217	-0.031906122	-0.0212438825	-0.0300811048	0.1643996363	-0.0922113014	0.062521354	0.0032829007	-0.2190655479	-0.0202310674	-0.1617261036	-0.0511374049	-0.0087277107	-0.0540915445	-0.1140183777	0.085127018	-0.0856244255	-0.0654668176	-0.0109396453	-0.0795502946	-0.0129820982	-0.0607448601	-0.0397775205	0.069499448	0.0944771654	0.0148517177	0.0703726785	0.0057677374	-0.0221021623	0.0421624906	-0.1483698499	-0.0360075659	0.0338506842	0.0367886604	0.0588520633	0.0085534489	-0.105227727	-0.0254400711	0.1011451826	0.0	0.0	0.0	0.0	0.1481595108590312	0.0284830722228833	0.0008112854032539	0.0219512406579873	0.1540654604790319	0.0171316916721054	0.000293494859548	0.0237361661126161	0.3943499021147403	-0.0468222081133973	0.0021923191726142	0.1555118452979052	-0.006500102670315	0.0013420981474402	4.22513347246362e-05	1.8012274373626835e-06	-0.0023882185303953	0.0008375904877925	7.015578252404781e-07	5.703587748923486e-06	-0.0037898151424566	-2.608922280779996e-05	1.436269881399334e-05	6.806475467150296e-10	0.0	0.0	0.0	0.0
55.27552587134965	0.1036794421814519	0.010749426731057	3055.3837603542447	62.612467200027226	0.2106270444207822	3920.321048874485	0.0443637518414341	54.88987230055825	0.1313259330763756	0.0172465006983806	3012.898081171592	55.67176885814978	42.71734912795139	0.966239	33.138573	0.1106648030396532	0.0696038566079035	-0.070586009	0.0286261932	0.0165824223	0.113097946	0.0953916675	-0.1099739459	0.0273220327	-0.0800770199	-0.0299728108	-0.0885781743	0.010567453	-0.0547082145	0.0170494215	0.0483462672	0.0803027701	0.0156213656	0.0171106791	-0.0658440761	-0.0686024703	-0.0653859051	0.2007910629	-0.1253473611	0.1437042006	0.087925785	-0.0069446608	-0.0065223979	-0.0287452064	-0.0633659496	0.0463423545	0.0447369596	-0.030607701	0.0392265327	-0.0579549936	-0.0290618428	-0.2038150208	0.1323094353	-0.0506218272	0.0795524348	0.0170709135	-0.0051646284	0.0264145842	-0.0959377318	-0.0470698126	0.0518088855	0.0157767493	-0.0407514524	0.1141117043	-0.0127450336	0.0921719108	0.0245773493	-0.0814244446	-0.0192469107	0.0663616734	-0.1271991723	0.0343101291	-0.0993161079	0.0195202439	0.0829703637	0.1325575154	0.0728558035	0.0582450181	0.0266582579	0.0032823118	-0.1382924169	0.0511845463	0.0181264934	-0.0512230451	-0.0501036165	-0.0468121022	-0.0725849482	0.0002156059	-0.1154311241	-0.0084699877	-0.1289382685	-0.0981349008	0.0390369128	0.0135001936	-0.0760167661	0.0332347582	-0.0510771321	0.1005310317	-0.0795953041	-0.0865430284	0.1616034898	0.0096256608	0.0276187202	-0.2008102125	-0.0737268236	-0.033369336	0.0313960951	0.0161342043	-0.0922393623	-0.0146712659	0.0176178395	0.0546375501	-0.0386606	-0.1039240462	-0.1171778699	0.0266465803	-0.0656640019	0.0175813197	0.0732399842	0.0046830794	-0.0322688847	0.1335171438	0.0432461029	0.0595223027	-0.0014205776	0.1434217634	0.0993537635	-0.0283472684	-0.0213555982	-0.03329229	-0.1190235033	-0.1347934695	0.0567667178	0.029518577	0.2326065235	-0.0357130382	-0.1077122432	-0.0744766823	-0.085829199	0.0172182516	0.0612761332	-0.0589498296	-0.0985666154	-0.0523045728	-0.0091407692	-0.0334584861	0.1763927314	0.0560889372	-0.056950391	-0.0335591274	0.0449229837	-0.1640556065	-0.0279963049	-0.0178885532	-0.0480676274	-0.1160358499	-0.1132030783	-0.0474201367	-0.1178851762	-0.0014480407	-0.0273130578	0.000352913	0.0248479955	-0.0751601655	-0.1293401635	-0.0452994069	0.028000434	-0.0770672311	0.1654593711	-0.0006224542	0.0519111974	-0.017691625	0.0066555103	-0.105769295	-0.0198627573	0.1032890634	0.0	0.0	0.0	0.0	0.130950720088947	-0.0172087907700841	0.0002961424797685	0.0171480910918137	0.1549745861337044	0.0009091256546724	8.265094559836899e-07	0.0240171223473129	0.3370876535196387	-0.0572622485951015	0.0032789651141672	0.1136280861553759	-0.0072021219969427	-0.0007020193266276	5.187056125884591e-05	4.928311349588088e-07	-0.0023858855679204	2.3329624748999814e-06	5.442713909291447e-12	5.692449943210849e-06	-0.0037911556137499	-1.3404712932998074e-06	1.437286088766738e-05	1.7968632881608585e-12	0.0	0.0	0.0	0.0
55.21141642053895	-0.0641094508106974	0.0041100216832492	3048.3005031621583	62.308436289970125	-0.3040309100571008	3882.341232901266	0.0924347942701489	54.799262133834524	-0.090610166723728	0.0082102023137017	3002.9591304127102	55.58377305649661	42.87452885811729	0.937908	32.166935	0.047760826368795	0.0285821237328496	-0.0698205972	0.0384353376	0.111673299	0.1082697535	0.0130986193	0.0001700921	-0.0388040445	-0.1360654468	-0.0138234141	0.0390212287	0.0954577154	-0.0047343466	-0.0923091061	0.1226236291	0.0092327041	0.0740278311	-0.1206568893	-0.0408842951	-0.0533318598	-0.1494685834	0.0276459561	0.0732736882	0.0472527767	-0.055352478	-0.0902268077	0.0542166147	0.049463035	0.0065058216	0.1396924161	0.0741380747	-0.2051647769	-0.0576500074	-0.1554808444	-0.0971515994	0.0705885173	0.1364805851	0.0547676201	0.0875207624	-0.0466636338	0.006796954	0.0719452244	0.1795206693	0.0952579835	0.1387483759	0.0138663591	0.0577741116	0.0167436221	-0.202110831	0.0174763691	-0.0227943816	0.0260151666	0.0666517801	-0.0513717067	0.0294319541	0.054807573	-0.000770966	-0.0646321275	-0.1456261794	-0.0493021613	-0.0157914548	-0.0383521069	0.0308078577	-0.0802382481	0.0154631753	-0.1181410685	0.095876661	-0.0755487988	0.0772730613	0.219229673	0.0489822734	-0.0084742476	0.06236132	-0.1122873659	-0.0285077535	-0.049925696	0.0460139475	-0.0530761265	0.0710808043	0.0833834569	0.120105943	0.1133687488	-0.074043011	-0.0292913687	-0.0042304122	-0.0836298298	-0.1062410941	-0.0507895576	0.1306444578	-0.2320309785	0.1366473749	-0.0636223583	-0.1303777062	-0.144083872	-0.0639654169	0.203400635	-0.0442759184	0.0679926543	-0.1195488844	0.1066044465	0.048033613	0.1046619418	-0.0342912987	0.0196228538	0.1303361089	-0.0205870462	-0.0172646131	0.145902957	0.0379990842	0.0119875819	-0.0147144021	-0.030519667	0.0167412876	-0.0232641033	0.048663454	-0.0543692221	0.011265478	0.004270123	-0.0361198018	0.0170245882	-0.0791154867	0.0004580826	0.1677231826	0.0196759867	-0.0643393169	-0.0926063411	0.139124952	-0.0231262119	-0.1286745649	0.0808361712	-0.0793828777	-0.0659991454	-0.0502185146	-0.0432681787	0.0688688512	-0.0450344558	-0.1159488165	-0.0474478507	-0.1059410621	-0.0809044062	-0.1475309831	-0.0296161308	-0.0659702403	-0.0217874033	0.0660317408	0.0425351967	0.0623460973	0.0643966796	-0.024603549	0.0985358607	0.0122795719	0.0331136481	0.0112431895	0.1144071611	-0.0482090743	0.066227357	0.0047554512	-0.106176076	-0.014228499	0.1049066069	0.0	0.0	0.0	0.0	0.1201988902400614	-0.0107518298488856	0.0001156018450993	0.0144477732149423	0.1617367876855269	0.0067622015518225	4.572736982747063e-05	0.0261587884908332	0.3623636914563306	0.0252760379366919	0.000638878093777	0.1313074448858587	-0.0071660450825397	3.607691440299984e-05	5.135220212499142e-05	1.301543752841377e-09	-0.0023861833203384	-2.9775241800009816e-07	8.865650242490519e-14	5.693870838261191e-06	-0.003728115139943	6.304047380689985e-05	1.3898842496672215e-05	3.9741013377984265e-09	0.0	0.0	0.0	0.0
54.82917466759768	-0.382241752941276	0.1461087576916195	3006.238394729935	62.78113006433675	0.4726937743666255	3941.470292155168	0.2234394043249662	54.61018255791407	-0.1890795759204522	0.035751086030258	2982.2720390087024	55.423167648261206	40.63588529074123	1.252249	42.947689	0.4726192368822859	0.2821870957246441	0.0630132608	-0.0007399853	-0.0932874565	-0.1912153645	-0.1050613123	0.0455715911	0.0059606042	-0.0325766191	-0.0312779787	-0.1491860075	-0.1226638005	0.0901130198	-0.0354563221	-0.0599741224	0.0932617578	-0.0353485882	-0.0632651732	0.0965592601	0.1465487173	0.0400628159	-0.0434904949	-0.0108652824	-0.0831679607	0.1563966556	-0.0629482494	-0.0419118915	-0.1655815851	-0.0593435266	-0.0855797107	0.0603211819	-0.1266704944	0.1415553898	0.0677301912	-0.0030836319	0.0470640391	-0.0521549735	-0.036816351	0.0507747755	0.020803429	-0.0283880388	0.0545713628	0.1353540597	0.0056180705	0.0473057602	0.1733703176	-0.026667361	-0.0532593002	-0.0224062522	0.1072856152	0.0452226766	0.0040972531	0.0478391703	0.0552780731	-0.0053647905	0.0450109082	0.1225296908	0.1286700362	0.1050696185	-0.0393015787	-0.0013341069	-0.0485579977	-0.0131769556	-0.0107817064	0.010135188	0.012539478	-0.1277176948	0.0250450243	-0.0317633822	0.1415926758	-0.0906415692	-0.0393736652	-0.0066503182	0.0090028314	0.0020051962	0.1997625818	0.0670923827	0.0928348824	0.0481448842	0.0473393808	-0.0682538851	-0.0993670097	0.091681869	-0.045499722	0.0438778097	-0.1192602716	0.091307063	0.145328034	0.0474710759	0.0402300683	0.1403859006	0.0276329591	-0.0223773035	-0.0525028314	0.024028291	0.0906161251	-0.0198650548	0.0789845757	0.0952376288	-0.0725947908	-0.0009301531	0.119856463	0.0523316487	0.0034678789	0.0203819181	0.0816322696	-0.077697675	-0.1147891152	-0.0966103828	0.0748879125	-0.0319843271	0.0878358976	0.0807386361	-0.0886841706	0.0477936148	-0.0354888284	0.0497210788	-0.0695566769	0.0175103685	-0.0936467618	0.0280421175	0.0820858708	-0.0534338235	-0.1242471731	0.0393403944	0.1213693478	0.0746002079	0.0427518406	0.054130661	-0.0228033548	0.0664024511	0.0039559949	0.032309633	0.0648284755	-0.2213335204	0.0941552686	-0.0584406091	-0.0893385526	0.0356101488	0.0658192626	-0.0026736374	-0.0293971968	-0.1087386671	0.0299125679	-0.1118669018	0.0205607007	0.0666011901	-0.0124718985	-0.0840413719	0.0099947765	0.0374659469	0.0131384214	0.0543058771	0.1538868636	-0.1389438585	0.0719200598	0.0028538769	-0.1064475517	-0.0085534489	0.1059895703	0.0	0.0	0.0	0.0	0.0958251471699327	-0.0243737430701286	0.0005940793512486	0.0091824588301392	0.0605498034308595	-0.1011869842546674	0.0102388057825543	0.0036662786955157	0.5951315512943154	0.2327678598379847	0.0541808765735557	0.3541815633459783	-0.0088923884856092	-0.0017263434030694	7.907457297899508e-05	2.980261545321581e-06	-0.0028643598585331	-0.0004781765381947	2.2865280167986747e-07	8.20455739917576e-06	-0.0036468220868171	8.129305312590002e-05	1.3299311332897028e-05	6.608560486530404e-09	0.0	0.0	0.0	0.0
55.02183483845633	0.1926601708586517	0.0371179414352848	3027.4023089903667	62.256968031275456	-0.5241620330612946	3875.930068447254	0.2747458369029497	54.720330240118216	0.1101476822041434	0.0121325118949449	2994.314541587596	55.505977859713965	41.56129774523608	1.12491	38.580437	0.2726540364866135	0.1667359154739253	-0.015118023	0.0174013766	-0.107144569	0.0847732431	-0.1473346306	-0.0007521081	0.1642484828	0.0467771949	-0.0389326981	0.136400185	-0.0097121745	-0.0472728122	0.0068305074	-0.0108680548	-0.0028916759	0.0077978244	-0.073806496	0.0558087491	0.0715695436	0.0244252047	0.0638801212	0.0553007576	0.0370209725	-0.158506508	0.0979241303	-0.004903964	0.0877623201	0.0561684607	0.0520407498	-0.125174645	0.0129665983	0.0321776509	-0.0084229394	0.0045290608	0.0360703911	-0.0002140935	-0.0729788959	0.1057780516	0.0607046765	0.0407946426	-0.2023493846	0.1356560058	-0.0339908992	-0.0254399331	0.0804030873	0.1094867485	0.0233925757	0.1148193613	-0.0238402092	0.054823813	-0.0749639222	0.075677691	0.0808433765	0.0721482576	0.0147361319	-0.0341915973	0.0232857463	0.0456365313	0.0773786342	-0.1360693661	-0.0311041553	0.0162148798	0.1041248143	0.0328830986	-0.0428915838	0.0553446771	-0.0888846134	0.0019976209	-0.0536397962	-0.0327211754	0.027023787	0.022741596	0.0465767456	-0.1312529149	-0.0580223094	-0.0957833949	0.1617310693	0.0468502468	0.0546237641	-0.1026607018	0.0170172933	-0.0261175954	0.1078448491	-0.2096645557	0.017176895	-0.05025167	0.1334860912	-0.0630526939	0.0665275909	-0.1068456621	-0.0823643395	-0.0047009285	0.0523853301	0.0313618187	0.1115485867	0.1767563132	-0.0347105263	-0.0067868968	-0.0332628353	-0.0295425368	-0.006242129	-0.0234993732	0.0093838724	0.0632991888	-0.0280403012	0.0247740957	-0.0188485352	0.0164394653	0.0353250228	0.0804768177	0.0971315133	-0.0599955744	-0.0049490189	0.0123692049	0.0736658454	0.056407976	0.013858227	-0.0347653731	0.0394752068	0.0361111937	0.009595455	0.1371648537	0.1129792147	-0.003196524	-0.0288985295	0.0318414561	-0.0038453956	0.092204636	0.015932072	0.074391017	0.1660839952	-0.0245202274	-0.0321832322	0.0021736416	-0.0339980077	0.0810686533	0.0075567007	0.0322398203	0.1425645676	0.0676058897	0.0312545347	-0.0042644673	0.1262704826	-0.0055182632	-0.0235803291	0.0010838719	0.041803108	0.0319782031	-0.0258530694	0.0813065917	-0.0435968196	-0.2371006291	0.078351407	-0.042750749	0.020668765	0.0009513933	-0.1065833761	-0.0028538769	0.1065324352	0.0	0.0	0.0	0.0	0.1025571260476567	0.0067319788777239	4.531953961012196e-05	0.0105179641031549	0.0993976244794225	0.038847821048563	0.0015091532002211	0.0098798877521522	0.5647487956951238	-0.0303827555991915	0.0009231118378002	0.3189412022390927	-0.006200967411319	0.0026914210742902	3.8451996836240256e-05	7.243747399133415e-06	-0.0022647149347161	0.000599644923817	3.59574034659496e-07	5.128933735526148e-06	-0.0030040584657016	0.0006427636211154	9.024367265353451e-06	4.1314507262950994e-07	0.0	0.0	0.0	0.0
55.158222393285456	0.1363875548291275	0.0186015651122682	3042.429497587137	62.67910971666248	0.4221416853870252	3928.670794873413	0.1782036025413982	54.85617276410151	0.1358425239832925	0.0184531913221514	3009.199690324952	55.56502758668684	41.66509952645081	0.971891	33.332424	0.2655813360970641	0.144814006829054	-0.0004866882	0.0191622702	-0.0393311917	0.0643250194	0.0800481359	0.0110600321	0.0067740665	-0.017909662	-0.0157757081	-0.1839653566	0.0527802226	-0.0680146233	-0.0083514249	0.0581824519	0.1104745755	-0.0309611107	-0.0968124983	-0.0310524635	-0.0262101378	0.008177701	-0.0501961413	-0.0594614838	-0.0371811599	-0.1898300913	-0.0129797439	0.0697685633	-0.0793639822	-0.0897129138	0.1059132819	-0.1222599597	0.1021995006	0.0528800439	0.0513043241	0.1135872425	0.0061875189	0.1035443035	0.0267542958	0.0986784571	0.0759518747	-0.1071829155	0.0055629572	0.052682092	0.1136062272	0.0533870298	-0.1038891354	-0.0519642456	0.0253444576	0.0356152828	0.0577574253	-0.1446649046	0.1438041855	-0.0494133723	0.1479660904	0.117308232	0.0311777976	0.0175676373	0.0573622182	0.0340234363	0.0990224887	0.1081644868	0.0421583449	-0.0094592289	0.0792996531	0.0301508568	0.0804039637	0.084181357	-0.0736374245	-0.0822980235	-0.0767493184	-0.0612618261	-0.1650528208	0.0189787431	0.0641071104	-0.080419521	-0.0738113108	-0.0546207721	-0.0493232264	-0.0499876417	0.0582006877	-0.1410421117	-0.0483853862	0.037550587	0.1547940011	-0.1603670706	0.1075114478	0.0462328345	-0.0141323253	0.0612887757	-0.0501158187	0.0415428959	-0.0450870812	-0.045511799	-0.0844779261	0.0998579727	0.0593994989	-0.0662150202	-0.1313465016	-0.0634430446	0.0853102747	0.1530608836	-0.0838579721	0.0208550927	-0.037376189	-0.1928058302	0.0611804943	0.0446284573	0.1155634553	-0.1521678649	-0.0303966595	-0.0420842662	0.1482145669	0.2008381021	-0.0649972121	0.0357590954	0.0277471192	0.0103351954	0.0067573153	0.0548150699	0.0410182019	0.0186694318	0.0584460114	0.0123937243	0.0493704836	0.035965612	-0.0123143229	0.008883366	0.0189245752	-0.0108234689	-0.0163524243	0.0996989857	0.1025130167	0.0026883566	-0.0512163435	0.0818173094	-0.0244356092	0.1008636554	-0.0794980894	0.0588975436	-0.0336947771	-0.0066077538	-0.0626810826	-0.0479624435	0.0723573395	0.1105869129	-0.0576786056	-0.1211107345	-0.027406163	0.0422833243	-0.1167349119	-0.0103845358	-0.018519353	-0.0683740285	-0.0037571177	-0.0709636213	-0.1159210846	-0.0009513933	-0.1065833761	0.0028538769	0.1065324352	0.0	0.0	0.0	0.0	0.1177513277860669	0.0151942017384101	0.0002308637664675	0.0138653751953817	0.0787633633230626	-0.0206342611563599	0.0004257727334688	0.0062036674019607	0.5096475667883098	-0.055101228906814	0.0030361454270411	0.2597406423332447	-0.0084469437008334	-0.0022459762895144	7.135085788504906e-05	5.0444094930608745e-06	-0.0031619028494453	-0.0008971879147292	8.049461543361306e-07	9.997629629330308e-06	-0.0033539271473676	-0.0003498686816659	1.1248827309849369e-05	1.2240809441070472e-07	0.0	0.0	0.0	0.0
55.05118513698832	-0.1070372562971329	0.0114569742356181	3030.632984986964	62.945338066377786	0.2662283497153055	3962.115584290588	0.070877534192135	54.745015323717055	-0.1111574403844528	0.0123559765528231	2997.016702794015	55.56960415382629	41.04798299139204	1.028857	35.28614	0.2539657601520852	0.1547488670720459	0.0658593127	-0.007373773	0.0653554473	-0.0902915227	0.1285022543	0.065894259	0.0512584572	-0.0353726142	0.0356875881	0.0861881131	0.0118301512	0.0164185845	0.0707200384	-0.0714877507	0.0423762179	0.0391187059	0.0078566174	0.0402084422	-0.0203467048	0.0163285591	-0.1619301756	0.0867645148	-0.0201542931	0.0751950048	-0.0896186248	-0.0314683113	-0.1665886783	-0.0087200108	0.0236966659	0.0514861199	0.075588934	0.0037583482	-0.0441457496	0.0280993752	-0.0857103694	0.1259600652	-0.0736023692	0.1372067732	-0.0440707599	-0.0098742651	-0.0349839486	-0.0062879318	-0.0690823293	-0.0402750749	0.0154034977	0.1116175881	0.0164163699	-0.0887289358	-0.0347783609	-0.0940301494	0.0092816159	0.0390579128	-0.1019119956	-0.0641352209	0.0140319418	0.0521902126	0.0218275848	0.0252772794	0.0517533228	-0.0726724603	-0.1179643002	0.015366865	0.1149195656	0.1087046482	-0.0135922636	0.1624159283	-0.0423775848	0.0195231517	-0.0444585865	-0.0408764062	0.0127817843	-0.069291414	-0.0540965401	0.0341614847	0.1233100908	0.0132310508	-0.110808303	-0.0515307254	0.0327385038	0.0629645189	-0.000571451	0.096770522	-0.0218742968	-0.0273972782	-0.0529068355	0.055320836	0.0514229973	0.0683120038	0.0164578579	0.0607343309	-0.0077835613	-0.0012635526	0.0632905769	0.1293160817	0.0470010955	-0.0606519522	-0.0872223135	-0.0875491136	-0.0907641795	-0.0085000087	0.1337173848	-0.0043482335	0.0900976796	0.0597506714	-0.0081815346	0.0424207943	0.0860392538	0.01665552	-0.0448315	0.0872238971	0.0964441263	-0.0532874612	-0.0495287802	-0.053845982	0.0241380664	-0.0132953742	0.0119309244	-0.1044936834	-0.0860403458	0.0816375897	-0.0029856526	0.1008963827	-0.0247384834	0.016988539	0.0041034841	-0.0277868932	0.1058901561	-0.0473401329	-0.0053738328	0.0357644239	-0.0528488974	0.0552188604	0.0111070157	-0.0411702371	0.1044033928	-0.0723853208	-0.0387723046	0.1127024443	-0.0693171729	0.0825079868	-0.0046656899	0.0338516698	-0.0779644017	-0.0094786933	0.0337314926	0.0480809881	-0.0356013045	-0.0036690225	-0.0557052007	-0.0453192114	-0.0135256397	-0.053311664	0.150285368	-0.084908998	0.035429014	-0.0028538769	-0.1064475517	0.0085534489	0.1059895703	0.0	0.0	0.0	0.0	0.1191217074767934	0.0013703796907265	1.8779404967556813e-06	0.0141899811921867	0.0813327015586793	0.0025693382356167	6.601498969001994e-06	0.0066150083428331	0.6451733382888918	0.1355257715005819	0.0183672347408279	0.4162486364388328	-0.0097242266626113	-0.0012772829617778	9.45605841858405e-05	1.6314517644481235e-06	-0.0022990272797791	0.0008628755696662	7.445542487267692e-07	5.2855264331684885e-06	-0.0035037740304267	-0.0001498468830591	1.2276432456292562e-05	2.2454088362527642e-08	0.0	0.0	0.0	0.0
55.07216512124999	0.0209799842616646	0.0004401597396196	3032.943371142224	62.66464718635836	-0.2806908800194279	3926.8580069907703	0.0787873701260808	54.695846909251294	-0.0491684144657611	0.0024175329810768	2991.6356691202545	55.52660903442643	41.09015911852004	0.940938	32.27084	0.0805499759909726	0.0357221955109984	0.0459847808	0.0080819015	0.0447802933	0.0472337029	-0.0723948656	0.1068723992	0.0258058059	-0.0066277256	0.0796009783	0.0122903589	-0.0911838223	0.0709453642	0.0493399687	0.0481309823	0.0541650804	-0.0903532253	-0.0159115786	0.0734332968	-0.0585792091	0.0611460964	-0.0440421351	0.0464588648	0.0468420573	-0.0515974407	0.0879870705	0.0262524329	0.0806887303	-0.06154882	0.1014590562	-0.0514518806	-0.0232146162	-0.1083495351	0.0191918026	0.0515899214	-0.0453038851	-0.0546999115	0.0227130918	-0.0244943206	0.101824551	-0.018479052	0.0235438994	-0.1559468941	-0.0522096255	0.0633730625	0.081981104	0.014120693	0.032656715	0.1446435117	0.0537983998	-0.0559570155	0.0020914919	0.0462162111	-0.1222742772	0.0635088213	0.1376049372	-0.0294992901	-0.1558577427	-0.0851061016	0.0070155324	-0.0943855872	-0.1209527324	0.0621981385	-0.1276623489	0.0479903187	0.0162619897	-0.0606194427	0.0872934224	-0.0611984927	-0.0684329525	0.1076810263	0.0841949743	-0.0223558138	-0.1001431351	0.0778079218	-0.005699806	-0.1120964228	-0.0034103883	0.0437764691	-0.0313818343	0.0502168305	0.0178368766	-0.0065349543	-0.0146095458	-0.1219047117	0.0981685384	-0.0392330102	-0.0019659813	-0.1630690185	-0.0380270749	0.0324803642	0.0431199674	-0.0854044193	-0.041488376	-0.0146951957	-0.0194099226	-0.0193362204	-0.0181163138	0.0257626867	-0.0498257853	-0.0131007179	-0.019411437	0.0550436725	0.1013038871	-0.0456224449	-0.181067264	0.0794084756	-0.0178129115	-0.0113158253	-0.016672365	-0.0911611637	-0.1664325548	-0.0374543967	-0.0266532818	0.0887516811	-0.0727769674	-0.1657947948	-0.0285657551	-0.0283391241	0.0239689816	0.1234359913	0.0054474878	-0.0369969708	0.0601929355	-0.165483328	-0.0368177965	-0.1627462086	0.0144129775	-0.0446390265	0.1281795491	-0.026149671	-0.0955428577	0.0415991781	-0.0171764364	-0.0240107386	-0.0371810464	-0.1177854919	0.0210460894	0.0776982746	0.0899460527	0.0969077426	0.0048651513	0.0289079437	0.0042256822	0.0847054047	0.0454874871	-0.0660253324	0.048231622	0.0027353424	-0.0177148948	0.0716635417	0.0436238566	-0.0739633729	0.105537641	-0.0224260578	0.0227132863	-0.0047554512	-0.106176076	0.014228499	0.1049066069	0.0	0.0	0.0	0.0	0.1188452703777898	-0.0002764370990036	7.64174697055269e-08	0.0141241982911699	0.0658730468710473	-0.015459654687632	0.0002390009230608	0.0043392583040751	0.6217863436601547	-0.023386994628737	0.0005469515177645	0.386618257162264	-0.0093794112275894	0.0003448154350219	8.797335497623008e-05	1.1889768422934248e-07	-0.0024887562696782	-0.000189728989899	3.5997089608132744e-08	6.193907769862549e-06	-0.0037977673970177	-0.0002939933665909	1.4423037201850598e-05	8.64320995995101e-08	0.0	0.0	0.0	0.0
55.00633697147721	-0.065828149772777	0.0043333453025071	3025.6971070197005	62.47923511050526	-0.185412075853101	3903.654819993793	0.034377637872156	54.73209445036989	0.0362475411185982	0.0013138842371444	2995.602162924211	55.484898927115175	41.24826401478983	0.936396	32.115078	0.0994259265331591	0.0499108054725336	0.0341642815	-0.0022545791	0.0007233247	0.0188262279	-0.054403096	0.0835962554	0.0652191432	0.0006288513	-0.0260065198	0.0887846231	-0.1313710237	-0.0634744722	-0.0349656949	-0.0062819729	0.0866678439	0.2007699759	-0.0226210314	0.0269005825	-0.0824167582	0.0012469274	-0.0806436669	0.0380931984	-0.011306865	0.2885640106	-0.0383639927	-0.024145635	0.1535899808	0.0233606768	-0.1496748444	-0.0421531563	0.0452965438	0.0275675236	-0.0354088922	-0.0683456963	-0.05504862	0.0375299428	-0.0384144742	-0.0441523595	0.0096644429	0.1732516367	-0.0006594649	0.096242734	-0.0458143312	0.035986465	0.0625896606	-0.0247913648	0.0526444384	0.0997329185	0.0132541756	0.0848541925	0.0085385533	0.014660351	-0.1578687671	0.0233219378	0.0064272141	-0.0481464608	-0.000142567	-0.1081601756	-0.0296494224	0.0361583936	-0.0379049999	-0.0326421667	0.081587535	-0.0532929155	0.0007074426	0.0805256573	0.0465503476	-0.0588084593	0.0274591291	-0.017676728	-0.0255301119	0.0654418163	0.1112826942	-0.1138382349	-0.0240624436	-0.0587668944	0.0331829646	0.0605106247	0.0240407321	0.0303797089	-0.0475472944	0.1564091904	-0.146605167	0.1463413434	-0.0295565675	-0.0499213679	0.1087964833	0.0099266157	0.0421577332	-0.1460129328	0.1246118249	0.0604954587	0.0981806287	0.006091067	0.0567505425	-0.0307707508	0.0572018337	-0.0861234225	0.0003757007	-0.0535600347	-0.0791091083	0.206645459	-0.0636395836	0.0824760439	-0.0374298383	-0.0542913436	-0.0003721942	-0.069082062	0.0136521098	0.0833834224	-0.0789270349	-0.023266826	-0.0634260185	-0.0121221809	0.148098115	-0.0435303052	0.0594427999	-0.036063749	-0.0090334054	-0.004018762	0.0358854991	0.0283884953	0.0977817009	0.0516305713	-0.0085286266	-0.0014178291	-0.0657477809	-0.0446794135	-0.0729861782	-0.0327240265	0.095406852	0.0412550378	-0.0344982568	0.0594835053	0.0689250364	-0.0046206908	-0.08172731	0.050295557	0.1182393058	0.0355909632	-0.0083982647	0.0573766237	0.1087816554	-0.0378043332	-0.1078071914	0.0810238655	-0.0526357283	-0.0064788687	0.0412810168	0.085648507	-0.0294933058	-0.0429559407	-0.010600032	-0.0171318955	-0.0328387072	-0.0066555103	-0.105769295	0.0198627573	0.1032890634	0.0	0.0	0.0	0.0	0.0931499793136936	-0.0256952910640961	0.0006602479828686	0.0086769186461415	0.0400958421590615	-0.0257772047119857	0.0006644642827636	0.0016076765584443	0.6141422109512575	-0.0076441327088971	5.8432764871231874e-05	0.3771706552720989	-0.0093709325349052	8.478692684199193e-06	8.78143765737448e-05	7.188822963309292e-11	-0.0032792613190748	-0.0007905050493966	6.24898233121521e-07	1.0753554798780197e-05	-0.0038049696159005	-7.202218882799896e-06	1.4477793777926e-05	5.1871956835759376e-11	0.0	0.0	0.0	0.0
54.95375120971223	-0.0525857617649805	0.0027652623404032	3019.9147720189485	63.160669961741554	0.6814348512362969	3989.2702300160418	0.464353456479434	54.759558707864144	0.0274642574942518	0.0007542854397105	2998.60926988002	55.63618358891317	41.14335527061727	0.983298	33.723618	0.1164730015089259	0.0592369274340501	0.0265426479	0.0056425143	0.0023857384	-0.1099677891	0.0846556011	-0.1233018827	0.0732752315	0.0020894181	-0.0367974071	0.1173705056	-0.0937560543	-0.1177187465	0.0519533587	0.0128894121	0.0317092067	-0.1051597783	0.0621289446	0.0345769089	0.0361012856	0.1030189932	-0.0854904924	0.0177288201	-0.0215595682	-0.0785699506	0.0536122705	-0.0515920348	-0.0234996048	-0.0455909175	0.0155727433	-0.0761099962	0.1561100068	0.066367932	-0.0378626267	-0.0689053692	-0.0141219866	0.0216928953	-0.0379424621	-0.052976485	-0.1343627897	-0.1407131428	0.1231065183	0.0821050857	-0.0021314241	-0.0159752767	-0.0097524958	-0.0955309308	0.0059735682	0.0328652771	0.0607374494	-0.0136376211	0.0707729031	0.0727608011	-0.0165609185	0.0349992892	0.0396919886	0.0429035495	-0.043771382	-0.085660908	-0.0903463357	-0.085936197	-0.0547372262	-0.0585934352	0.0681341597	-0.0599028661	-0.0438957776	0.0138078121	-0.0653872157	-0.0426565738	-0.0564914353	0.0142730953	0.2086940781	-0.1087169664	0.0072463947	-0.030667589	0.0977310607	0.0458955296	-0.0623268573	-0.1085835158	-0.0436987058	-0.0497550504	-0.0381824442	-0.0286165535	0.1010569062	-0.1064558626	0.0466303184	0.0827471012	0.0026549829	-0.0106169238	-0.0410484499	-0.1025510296	0.0403397766	0.0323984545	-0.0645747966	0.0019974329	0.0502461773	0.0198003431	0.0560078783	0.0035996305	0.0218136794	0.1619578404	-0.0646507867	0.0963635726	-0.0027107559	0.0082371283	-0.0465067476	-0.0441836783	0.0352737051	-0.1155057563	0.028164964	0.0378784278	-0.062822795	0.0112047174	0.0169573092	-0.0259213513	0.0579625413	-0.0076925983	0.0118395848	-0.0374419914	-0.1409083096	0.0847599465	-0.1478603562	0.1154308768	0.0973525293	0.0263528745	-0.0294031249	0.048220029	0.1366398796	-0.0505532005	0.0635998928	-0.02300785	-0.125453419	0.0159687037	-0.0016807791	-0.0773744033	0.0525432805	0.0229732731	-0.040261083	0.1183193977	-0.0581538828	0.0149355711	0.0113081309	0.0320125506	-0.069052311	-0.0534496242	-0.0335609581	-0.0929464241	-0.0380245105	-0.0256403253	-0.0390294378	0.0888075053	0.0732558035	-0.0389426203	-0.0218268097	-0.0364491456	-0.0131261035	-0.0085534489	-0.105227727	0.0254400711	0.1011451826	0.0	0.0	0.0	0.0	0.1069966626839828	0.0138466833702891	0.000191730640357	0.0114482858255099	0.0779605482641727	0.0378647061051112	0.0014337359684264	0.0060778470856504	0.598020406462787	-0.0161218044884705	0.0002599125799644	0.3576284065459169	-0.0089328896136896	0.0004380429212155	7.979651685036354e-05	1.918816008270963e-07	-0.0027506039842082	0.0005286573348665	2.794785777082563e-07	7.565822277942024e-06	-0.0037988737210816	6.095894818899765e-06	1.4431441548724365e-05	3.7159933643089e-11	0.0	0.0	0.0	0.0
54.90588428392616	-0.0478669257860673	0.0022912425842088	3014.65612899989	62.715482919327336	-0.4451870424142186	3933.231797804439	0.1981915027335192	54.67543832150252	-0.0841203863616257	0.0070762394016291	2989.403555648426	55.566991365455785	41.00689314733006	0.99916	34.267628	0.1119327670400138	0.0599147565562789	0.0094929449	0.0126661469	0.0483111451	0.0786723475	0.0055475117	-0.0031320564	-0.0246793602	-0.0313940843	0.1282454069	-0.0781240717	-0.0596009367	0.0932781281	0.0630686824	0.1192267816	0.0517073458	-0.0181945557	-0.0044332334	0.0276435335	-0.0002324675	-0.0588120309	0.0518968327	0.0966404011	-0.0690222587	0.0338265876	0.0261022195	-0.1060798882	0.0271595312	-0.026695011	0.0689898371	-0.0831435848	-0.0059227717	0.0659546679	-0.0569627624	0.0620465784	0.0089369453	-0.0262073974	-0.0030799026	0.0527282032	-0.0281371814	0.1254347188	-0.0085801742	0.0550530455	0.0741137826	-0.1253032797	0.0610985884	-0.0640853714	0.0787362628	-0.0077355822	0.113040165	-0.0727026044	0.0480902567	-0.1032491265	-0.0249921753	-0.0729951464	-0.0119026496	0.007185225	0.0648403184	-0.1477448999	-0.100577858	0.0205005309	0.2214155992	-0.0119398951	-0.0472174012	-0.109859149	0.0839409975	-0.0151883851	-0.0557132159	0.0749497577	0.0225164189	-0.0463030055	-0.1050803232	0.0616200915	-0.0574934464	0.0643898824	-0.0832021003	-0.0600482194	-0.0053978347	-0.0563628288	-0.0111596629	0.1697684057	-0.0030367344	-0.0695528967	0.0290480413	-0.0508749959	0.069610159	0.0455250634	0.042797168	-0.0689358451	0.018882938	-0.0776735114	0.0466666706	0.0423286343	-0.0096636421	0.1257660074	0.0155131505	-0.0103726588	0.0815748473	0.0646426391	-0.0175485285	-0.0359928305	0.02544779	0.0708063604	-0.1040206621	-0.108563903	0.0626293289	-0.0637251075	-0.0368760385	0.0016540417	0.0512370322	0.1846789418	0.0079308197	0.0944136047	0.117123135	-0.0397187478	0.0294934191	-0.0928579228	0.0020934896	0.0189031772	0.0077921575	-0.252164489	0.1611416365	0.0269845075	-0.0449309452	-0.0194845324	-0.0347500089	0.0029943979	-0.0426023792	0.0939651613	0.1324507735	-0.0676372843	0.0519306963	0.0157224825	-0.0307276589	0.006190343	-0.0745100889	-0.1022805241	-0.0219376878	0.0203080762	0.0931683546	0.0631575223	-0.0112651123	0.1340537484	-0.0271250856	0.1165128423	-0.0045129337	-0.0587672845	-0.0052444292	-0.086258491	-0.0849625435	0.0392204889	0.0243769931	-0.0361030345	-0.0088442342	0.0119023526	-0.0630426792	-0.0104486623	-0.1045520622	0.0309444506	0.0984858891	0.0	0.0	0.0	0.0	0.1433799749674875	0.0363833122835047	0.001323745412719	0.0205578172216773	0.0797701576336038	0.0018096093694311	3.274686069932825e-06	0.0063632780488899	0.5722627987977589	-0.0257576076650281	0.0006634543526255	0.3274847108878442	-0.00959898427413	-0.0006660946604403	9.214049909499504e-05	4.436820966672109e-07	-0.0030393323812514	-0.0002887283970431	8.336408725913561e-08	9.237541323723304e-06	-0.003803695418039	-4.821696957399684e-06	1.446809883321088e-05	2.3248761548997368e-11	0.0	0.0	0.0	0.0
54.80608379501013	-0.0998004889160313	0.0099601375878788	3003.706820945672	62.466342288595406	-0.2491406307319295	3902.043918915963	0.0620710538815036	54.63869326429882	-0.0367450572036958	0.0013501992289028	2985.386801630133	55.361638719169655	40.272331060219365	0.976499	33.490452	0.2773218548613881	0.1599899076134434	0.0730677156	-0.0286239966	-0.0401935932	-0.0016951282	0.0092624601	0.0999036641	0.0748134346	-0.0539129169	-0.0540437653	-0.1688254556	-0.073237977	-0.0497056607	-0.1377203661	0.0189971822	-0.0074936827	0.1475281072	0.0224905748	0.1422615468	-0.0864746312	0.0432113726	-0.073443602	-0.0967482805	-0.0478330911	-0.0175730955	-0.0488924955	-0.0621782691	-0.0188885923	-0.0261654256	-0.0659535936	0.0989462475	-0.0850886105	0.0348753307	-0.0193030388	0.0668913411	-0.0883367784	0.046974763	0.0238198304	-0.1319275234	0.0438218825	0.0355257899	-0.0526759566	0.0363792645	-0.0488696919	-0.0541843239	0.0592065196	-0.1226838458	-0.0635848842	0.0343403417	-0.0296039757	0.0739936264	-0.0741147805	-0.1154367073	0.1074452755	-0.0946783129	-0.0073071206	-0.0533696951	-0.0393764614	-0.047328739	-0.0386402818	0.0351775347	0.0026210795	-0.0419098982	-0.0447331078	0.0315528969	-0.0903283423	0.023430071	-0.0465459072	0.0549108723	-0.0102613919	0.0478984056	0.0118322205	-0.0550281604	-0.0004495	0.1141869529	0.038360002	-0.1540311846	-0.0110221323	0.0456457728	0.110021661	-0.0141148856	-0.0659354773	0.132946635	0.0353577691	0.1324287546	-0.1351095395	0.0164590501	-0.0400288066	-0.0922195275	-0.0754937417	0.0723399456	-0.0160600824	0.1497159091	-0.0030329912	-0.0088057122	-0.0577068448	-0.0753107195	-0.0106402001	0.0203485988	0.0690358181	0.0382674921	-0.0545341762	-0.0546096966	-0.0543356282	0.0705200575	0.0632260746	-0.0489955615	0.0238494696	-0.0275905928	0.0305519548	0.0426199966	-0.0790812386	-0.1223439523	0.0337460364	0.0865315114	0.042075322	-0.0386663233	-0.0621476812	0.0715313082	0.0787252157	-0.0702597233	-0.021133779	0.0011220645	0.0186969178	-0.037898442	-0.0906504451	-0.0004968852	-0.0427940391	-0.0010691309	0.0155836909	-0.0934035696	0.0621099818	0.0718106558	-0.0007038253	0.0684559382	0.0655768893	0.080449093	-0.1367415355	0.0584774039	0.048359045	0.0509800602	-0.0707855183	0.1481404718	0.0323737334	0.0776039338	-0.0270004905	0.0728673815	0.0344734566	-0.0704124137	0.1227362955	0.0322701759	0.0429948307	-0.1329272638	-0.0369769129	0.0594701827	-0.0244857657	-0.0123405466	-0.1037431616	0.0363601153	0.0953247341	0.0	0.0	0.0	0.0	0.1099129848821292	-0.0334669900853583	0.0011200394253734	0.0120808642456991	0.0169940193068498	-0.062776138326754	0.0039408435432197	0.0002887966922015	0.6540958001302997	0.0818330013325407	0.0066966401070916	0.4278413157480969	-0.0115320190974325	-0.0019330348233025	0.0001329874644635	3.7366236281001312e-06	-0.0029926558934616	4.667648778979971e-05	2.178694512391321e-09	8.955989296670449e-06	-0.0038088986092814	-5.20319124240002e-06	1.4507708615785782e-05	2.707319910498826e-11	0.0	0.0	0.0	0.0
54.894119341100485	0.088035546090353	0.0077502573754266	3013.3643382349824	62.57953466652589	0.1131923779304813	3916.198159078916	0.0128125144215569	54.59824135849596	-0.0404519058028611	0.0016363566830835	2980.967959440579	55.44442678260396	40.28827582942268	1.024439	35.13464	0.0570992658486494	0.0283552958173193	0.0745675561	-0.0222449182	0.0270057295	-0.1742487772	0.0550018109	-0.0358839403	0.0532417304	-0.1371850474	0.0757986501	-0.0248126392	0.0766543841	-0.01515442	0.0408050745	-0.0937231582	0.0616082019	0.0370948512	-0.0519461234	0.1375604293	0.0978328472	0.0441150706	0.0229646031	0.0638171954	-0.0094925833	0.0748506103	0.1275203457	0.1120499619	-0.0044564882	0.0359579302	-0.012132039	-0.0181392816	-0.0798730857	0.1124485942	-0.0229063427	-0.0500326791	-0.0676537093	-0.2279684431	0.0174905224	-0.0244302108	-0.1908786462	0.0508459887	-0.0644794155	-0.1247145987	0.0253695793	0.0142126021	0.0124146389	0.0934634782	0.0362769004	3.7845e-05	-0.0847003032	0.1224207911	0.0376282414	-0.0607025346	0.02932661	0.0710531568	0.105814985	-0.0645110319	-0.1070846487	0.0198183098	0.025424953	0.0520490734	0.03538994	0.07735325	0.0936792055	0.0598903039	-0.0182615764	-0.0069869252	0.0323322973	-0.0486336506	0.0359899299	-0.102279288	-0.0129202657	0.1519356056	0.1270852734	-0.0791824789	0.2044549421	0.0342244031	-0.0150293969	-0.0845390065	0.0793898619	-0.0144775332	-0.0223454565	-0.0983054226	-0.0913290575	0.0197942981	0.1025375729	-0.0035959068	-0.0118752818	0.0498229243	0.005064739	-0.0387457953	0.0187724754	-0.1153036755	0.1424448549	0.0148460712	0.0790265926	0.0247734878	0.1446499948	0.1503379698	-0.1402268517	-0.0738265499	-0.1136119881	-0.0461978422	-0.0281022077	0.0832548372	-0.0061682392	0.0004231456	-0.0297998521	0.0975187518	-0.0271933262	-0.0735189159	-0.0059707792	-0.045163221	-0.0561297796	0.0618016119	0.0525969617	0.0686648054	0.0429371271	0.122586745	0.0826412492	0.0651948467	-0.0125108316	-0.0580886886	0.0508623495	-0.0980364177	0.1311866669	0.1081740515	0.1143741945	-0.055662023	-0.114099867	-0.0145508002	0.1090359001	0.0632070223	0.0537904928	-0.132933996	0.0060997738	-0.1165154354	-0.018884295	0.1054369284	-0.0672616992	0.0558228481	-0.0620695193	0.0213102749	-0.0562837576	-0.0608405127	0.0330930245	-0.0297982728	-0.0228172762	-0.043354058	0.0159281473	0.0370189643	-0.0668390635	-0.0410094998	0.0329764404	-0.0023940357	-0.0062592784	-0.014228499	-0.1028020561	0.0416715391	0.091677826	0.0	0.0	0.0	0.0	0.1209022863825168	0.0109893015003876	0.0001207647474664	0.0146173628525201	0.0181428821085205	0.0011488628016706	1.319885737062648e-06	0.0003291641712036	0.6541773198535807	8.151972328107604e-05	6.645465283823211e-09	0.427947965810814	-0.0118650783311745	-0.0003330592337419	0.0001407800838049	1.1092845318080809e-07	-0.0026158992475564	0.0003767566459052	1.419455702337364e-07	6.84292887336614e-06	-0.0039966743661004	-0.000187775756819	1.5973405988644038e-05	3.5259734848948434e-08	0.0	0.0	0.0	0.0
55.08975753391659	0.195638192816105	0.0382743024883515	3034.88138514572	62.49955862667894	-0.0799760398469473	3906.194828529678	0.0063961669496005	54.65492787707451	0.0566865185785516	0.0032133613885564	2987.1611412482166	55.51071708153221	40.19989482975764	1.002813	34.392937	0.1649042081522673	0.0965531044082921	0.0873372953	-0.0309256618	0.0372458152	0.0944150059	-0.0681160298	0.0578322852	0.0152868176	-0.0178447144	0.1652569473	-0.014351654	-0.0161159603	0.0329989877	-0.0075694569	-0.0247900259	0.0210441713	-0.0757183123	0.0132249033	0.1106026262	-0.0704980187	-0.1334736757	-0.018320211	-0.0727706174	-0.1198598349	-0.1294388321	-0.1838074396	-0.097803694	-0.0898650282	-0.0090693054	0.0117183863	-0.0398010806	0.0123687664	-0.0189073582	-0.1107669196	0.0295990917	0.135682556	-0.0741147972	0.0626887889	0.01033894	-0.039780367	0.0135097712	-0.0067341527	0.0028874373	-0.051564408	-0.0321182951	-0.0236920362	-0.0207751727	0.0359279895	0.0476798383	-0.0515443231	0.0002897519	-0.0983765626	0.0685803494	-0.1018813151	0.1539272411	-0.0526567671	0.0210689829	-0.0104412402	0.0165081659	-0.1525259937	-0.0470460756	-0.126860117	-0.0452549401	-0.1034862036	0.0289180904	-0.0035516821	-0.0909054031	0.0735405887	-0.0353591398	-0.001480576	-0.0425995315	0.0286869849	-0.0606728096	-0.1179701821	-0.1017769289	-0.104921837	-0.1244582653	0.1269200277	-0.0742708602	-0.0424975596	0.1987082867	-0.0253537791	0.0322863895	0.1396705742	-0.0463236363	-0.072564151	0.0679021902	-0.0649222366	0.1309181749	0.0275263957	0.0569396302	0.0120696567	0.0633946163	-0.0003548799	0.0798845761	0.0501142431	0.0477953665	0.0221233473	0.1840826263	0.0277633543	0.0539754782	0.1306595643	0.0085243764	-0.034761272	0.0965420196	-0.0362656527	0.0524549959	0.0219451179	0.0718480123	-0.0271360227	-0.1351031908	-0.0624602487	0.0411144647	0.0197352498	0.0063073866	0.0640657171	-0.1160419726	-0.0036413322	-0.0088225006	-0.0684455333	0.1586088261	-0.023849735	-0.0266269574	0.0138162073	0.0234016797	-0.0054389635	-0.1211060071	0.046314412	-0.0190738431	0.0279338167	-0.005872644	-0.0099059774	0.0927463007	0.0229779287	0.0395464738	-0.0810395195	-0.1077415428	-0.0445542168	-0.0115507017	0.100163768	0.1067371725	-0.1126989348	-0.0312859488	-0.0015054763	0.1396279039	0.0441981942	-0.05146791	-0.0125317347	-0.0319480761	0.0276823996	-0.0116828447	0.07153337	0.0190561619	-0.0371003316	0.052249786	-0.0582871771	-0.016111918	-0.1017299448	0.0468634945	0.0875637488	0.0	0.0	0.0	0.0	0.1436188547825452	0.0227165684000284	0.0005160424798731	0.0206263754490498	0.0201659165481089	0.0020230344395884	4.092668343760753e-06	0.0004066641902252	0.6539290317059852	-0.0002482881475955	6.16470042364484e-08	0.4276231785079273	-0.0131716339573763	-0.0013065556262017	0.0001734919411071	1.7070876043595768e-06	-0.0036679665091514	-0.0010520672615949	1.1068455229200018e-06	1.3453978312256306e-05	-0.0044363778216047	-0.0004397034555042	1.9681448176026063e-05	1.933391287824217e-07	0.0	0.0	0.0	0.0
54.9836128356196	-0.1061446982969869	0.0112666969765583	3023.197680457313	62.5578161348333	0.0582575081543623	3913.48035955961	0.0033939372563555	54.56848820450141	-0.0864396725730998	0.0074718169945447	2977.7199049248097	55.27893628443736	39.74756943325087	0.939803	32.231915	0.2209680695856163	0.1235763751766455	0.1337629666	-0.0899776943	-0.032516151	-0.009712068	-0.0091641775	0.1353819464	0.0541144419	0.0031661554	0.0090326659	-0.1729242613	0.034648521	0.0274341621	-0.1054897511	-0.0367710219	-0.0803538393	0.0091134049	-0.1106938172	0.1320037566	0.0484620333	-0.0170393994	-0.0387066348	0.0864745574	0.0386044872	-0.0796909323	-0.0891907229	-0.0605481517	0.1005803776	-0.0132138126	-0.0853893841	-0.1055506885	-0.0654924398	0.0654836	0.1102066534	0.0414749124	-0.0280543632	-0.0613528881	0.0763421784	0.0016567565	0.0423452355	-0.0026180838	-0.0187780807	-0.0917319528	-0.0161402723	-0.0314307825	0.1112036739	-0.1273967869	0.0201202392	-0.0113025532	-0.0400422718	-0.0241664357	-0.0126133051	-0.0190552041	0.0363405472	-0.0717658536	0.0236157181	0.0415100454	-0.0229482269	0.1186480519	0.0405330508	-0.0144314042	-0.0387426027	-0.042042482	-0.0106161974	0.0888831199	-0.1309377621	0.0806352189	0.0743862476	-0.2012039671	0.072001837	0.0417268079	0.0221346114	-0.082727617	-0.1133073069	-0.0658889659	0.028845185	-0.1479568135	0.0545178541	0.0762777681	0.134635874	-0.0429740969	0.0011657482	0.0818924074	0.0576784467	-0.0720932659	-0.1012983443	0.0660756292	0.0433461371	0.0253252922	-0.0851598028	-0.1371845602	0.0575719429	0.0666052468	0.0292124101	-0.1118543997	-0.0550948363	-0.0691078678	-0.0236058898	0.1237707251	0.0048879182	-0.1108763378	-0.007476911	-0.0934595001	0.0771944912	-0.0126665253	0.0883721555	-0.0243900187	0.0400018845	-0.0408863061	0.1473757138	-0.0574687875	0.0798243332	-0.0190561299	0.0123847479	-0.0412260106	-0.0378054395	-0.013645248	0.1055722227	0.0016122964	0.1009498686	0.0695238123	0.0411407547	-0.0967014082	0.0708240239	0.03154716	-0.035552703	-0.02833289	-0.0521191685	-0.1905114248	-0.1541777778	-0.0492891407	-0.2543931166	0.1349233295	0.0648650073	0.1073879534	0.0344405362	0.059750445	-0.1207807072	0.0184488618	0.0153872161	0.0529771942	-0.0177140939	0.003076803	0.0338035929	0.0489580337	-0.022803894	0.0737302082	-0.0376998524	-0.0146246069	0.1113654806	-0.0285569626	-0.0231795737	-0.13370048	0.0088562802	0.102957113	-0.1049665955	-0.0179902036	-0.1005281942	0.0519210969	0.0830034668	0.0	0.0	0.0	0.0	0.1231150806750349	-0.0205037741075103	0.0004204047526518	0.0151573230896203	-0.0157919128506875	-0.0359578293987964	0.0012929654950729	0.0002493845114837	0.7327077904091297	0.0787787587031445	0.0062060928228082	0.5368607061262292	-0.0145864230563178	-0.0014147890989415	0.0002127637375778	2.001628194483703e-06	-0.0038661397438961	-0.0001981732347447	3.9272630969178e-08	1.4947036519333e-05	-0.0045379696354418	-0.000101591813837	2.0593168412191782e-05	1.032089663871198e-08	0.0	0.0	0.0	0.0
55.17673255229736	0.1931197166777565	0.0372952249696969	3044.471815147751	62.673228839518494	0.1154127046851911	3927.9336131706527	0.0133200924027511	54.73251861344946	0.1640304089480437	0.0269059750596624	2995.648593771591	55.56751886461336	40.34781108839663	0.977347	33.519531	0.2131728885140576	0.1275759428358652	0.077459644	-0.0344843119	-0.0256453977	-0.1678923778	0.049187356	-0.0518346421	0.0605806817	-0.1156610344	-0.0115715974	0.0246441136	0.0578106217	-0.1513890773	0.119583846	-0.0037671154	-0.0267319076	0.0219456235	0.0613253397	0.0232286639	0.0159970181	0.01076095	0.0156600201	-0.0527613846	0.0956654783	0.0059962406	-0.0200293387	-0.0192917074	0.0030853153	-0.004156931	0.0165002999	0.0198759309	-0.0413401856	0.0233382392	0.1136896975	0.0932762444	0.0025586761	0.0657249856	0.0486966118	0.0102953816	0.0291251196	0.0840509654	0.0019620147	-0.0583418814	0.0674792595	0.0359271802	-0.0238926406	-0.0272876548	0.0161633376	0.0282750195	-0.0841600679	-0.1146520943	0.0972169571	-0.0382009969	-0.096311702	0.0414893236	-0.0707273845	0.1555888043	-0.1335374474	-0.0511275972	0.011931049	0.0487936464	0.0191408668	-0.1132579307	0.0371135222	0.156443378	0.1265335499	0.0639423135	0.0271286297	0.116773807	0.0962972364	-0.0010904084	0.0480230243	0.0003212311	0.1354110854	-0.0043021181	0.1284364662	0.038597306	-0.0087573701	-0.073564809	0.036473633	-0.0365891708	0.0655818595	0.0151129934	-0.0209729876	0.0109043658	0.0041649169	-0.0443877016	-0.0457566541	-0.0296918472	-0.0334501824	-0.0152294324	-0.0154277811	-0.0822549593	0.0765081065	0.063027522	-0.0311955993	-0.0676531332	-0.0630854902	-0.0621676107	0.03083782	-0.0203029952	-0.0654720304	0.0079360454	-0.0665159513	-0.0698459626	-0.0789235648	-0.0489391081	0.021632928	0.0370694257	-0.1820075157	-0.0981937109	0.0341226378	0.0327714991	0.0947634185	-0.0108639809	-0.0919738407	-0.147803875	0.0638043092	-0.1206798654	0.0204050584	-0.0963089199	0.1701462056	-0.003304875	-0.0470286595	0.1771176288	-0.052993696	-0.0418195836	0.0018890474	-0.0265825044	-0.0738288872	0.0337958588	0.0738033657	0.0779367742	0.0339539215	-0.0553649946	0.0108846188	-0.0187149563	-0.0733411147	0.0876528139	-0.0404111886	0.0189221165	-0.090750983	-0.1128593054	-0.0145336451	-0.0405654417	0.0420342394	-0.1268484931	-0.1156897249	0.0498211996	-0.0408721528	0.1021348882	-0.0768755887	-0.0610701896	0.024122481	-0.0016963794	0.0749347933	-0.0198627573	-0.0991983356	0.0568298464	0.0780202182	0.0	0.0	0.0	0.0	0.1198867265725454	-0.0032283541024895	1.0422270211060822e-05	0.0143728272082802	0.010327377798788	0.0261192906494755	0.0006822173440317	0.0001066547321988	0.6535728093964721	-0.0791349810126575	0.0062623452198736	0.4271574171823972	-0.0129727124703529	0.0016137105859649	0.0001682912688384	2.604061855255183e-06	-0.003509037220484	0.000357102523412	1.2752221222728938e-07	1.2313342214742076e-05	-0.0044149774898301	0.0001229921456117	1.9492026235706488e-05	1.5127067882169706e-08	0.0	0.0	0.0	0.0
55.279684899712485	0.1029523474151261	0.0105991858382848	3055.8435626115006	62.445585848753936	-0.2276429907645578	3899.451191994098	0.0518213312442325	54.836325973993794	0.1038073605443372	0.010775968103182	3007.0226463261065	55.62413497198196	41.12699161182249	0.930678	31.918945	0.1140759044156088	0.0668377530957597	0.0429461554	-0.0042698822	0.0559386716	0.0529394192	-0.0027704709	0.0423722188	0.1085629368	-0.0594088478	0.0044719396	0.0673459	0.0892664143	0.1207612122	0.0883446761	-0.1169138303	-0.0100447779	-0.087686377	0.0830301731	-0.0152055567	-0.1303480749	0.0234077418	-0.0283546937	-0.0546039861	0.001529195	0.0333876678	0.043412858	0.0496667568	0.1452873966	0.0579514326	-0.0013500547	0.0065181488	0.1602042429	0.1183825658	0.1995469003	-0.0849367803	-0.0029643932	0.0474773424	0.0568317527	0.0138040549	-0.0087716568	0.023534448	0.0246410438	0.0374601651	0.0729054977	0.049844208	-0.047405854	-0.0054237791	0.0151139127	-0.0174050865	0.0080740545	-0.0555642243	0.0339647184	-0.0414609088	0.0042013667	0.0868218437	0.0961112629	-0.119387274	-0.0233097429	0.0480280192	-0.0867996091	0.0969641601	0.0006079014	-0.0389811931	0.0692826408	0.0807996529	0.0740436523	-0.0695268579	0.0406615031	-0.0324411141	0.0695655212	0.083269399	0.0140363315	-0.0966074282	0.0041129925	-0.0719561821	-0.007884642	-0.0368929081	-0.0246430416	-0.0230842277	-0.0482355496	-0.01815849	-0.0333874116	-0.0421469052	-0.0403095756	0.051241146	-0.0317793263	-0.0510923613	0.0582943345	-0.0777448378	0.0048559307	-0.2388400597	-0.0425639769	-0.0979389682	-0.056654279	-0.0113099118	-0.0191435701	-0.1435092664	0.0257999415	-0.1507134633	-0.0363048087	0.0833123439	-0.0819814106	-0.0274303879	0.1285033942	-0.0710395486	-0.1171019338	0.0103333245	-0.0178776169	0.0778769887	0.0005872373	-0.061805062	-0.0246369452	0.1717907131	-0.008776024	0.0058045538	0.0261164439	0.0244666251	-0.0461354099	-0.0206426462	-0.0139816973	0.0623338753	-0.0319823767	-0.1649623107	0.0293274776	0.0879409121	0.0325253306	0.0004867174	-0.0503598925	0.0407741714	-0.0313526768	-0.046493585	0.141408772	0.0473616865	8.88605e-05	-0.0172610875	-0.0949478981	-0.1226386784	0.0071187924	0.0892547476	0.0003218239	0.0548461391	-0.0381369192	-0.0905762521	-0.0160093906	-0.0463120324	-0.06398341	0.0644281518	0.0450725564	-0.0035511453	0.0144752462	-0.0436753376	0.0473929526	-0.0668869306	-0.0104537134	0.0447485217	-0.0227267823	-0.0217289825	-0.0977420637	0.0615756703	0.0726393964	0.0	0.0	0.0	0.0	0.1248280445087317	0.0049413179361862	2.4416622946476397e-05	0.0155820406958739	0.0325948453277646	0.0222674675289765	0.000495840110154	0.0010624239419408	0.6153929976803312	-0.0381798117161409	0.0014576980226799	0.3787085415939841	-0.0121553196747378	0.0008173927956151	0.000147751796395	6.681309823234686e-07	-0.003417206496211	9.183072427299986e-05	8.432881920503725e-09	1.167730023774666e-05	-0.0043504548650321	6.452262479799981e-05	1.8926457532681468e-05	4.1631691108234605e-09	0.0	0.0	0.0	0.0
55.27674676488069	-0.002938134831794	8.632636289801504e-06	3055.518732908748	62.84687233959455	0.4012864908406115	3949.729362869294	0.1610308477311721	54.80587780986196	-0.0304481641318332	0.000927090698999	3003.68424250952	55.57605741239221	41.43048836812808	0.899262	30.84148	0.1018158634486564	0.0535146022843724	0.0214495504	-0.0102972489	0.0929461864	0.117296271	-0.0464857003	0.096100347	-0.0647484402	0.0268887561	0.0776583749	0.038871469	0.0533411611	-0.082205674	-0.0072436987	-0.0488200137	0.0563024896	-0.0674904494	-0.0013771854	-0.0297980658	-0.1585487145	0.0481633079	-0.0620656704	-0.0046481044	0.0434353306	-0.0885308625	0.0085581084	-0.1216841494	0.0057578997	-0.0658319169	-0.0790948284	0.0538574241	-0.0070054887	-0.1127344695	0.089107408	-0.006651972	0.0509127454	-0.0217266085	-0.0143412295	-0.0002570245	-0.0430611586	0.073874779	0.0237621179	0.1757492509	0.0264609496	0.1153140988	0.0102074463	0.0024533647	0.0318292377	-0.0653715692	-0.0162029647	-0.2337736537	-0.0065213002	-0.089332669	0.0086866851	0.0855644554	-0.0631764051	-0.0474703716	0.0087368573	-0.0180134419	0.0186737479	-0.0226232401	0.0035956363	0.1024620342	0.07740417	-0.0417280012	0.0505983041	0.144640349	0.1367048681	0.1118482359	-0.0938349552	-0.1079703664	0.0448800509	-0.0063647624	-0.0683307472	0.1264750444	-0.0795017628	-0.0865385337	-0.0457140942	0.0280156569	-0.0940585628	0.0371251764	0.1156533521	0.0411395245	0.1356571198	0.0178225507	-0.1191500061	0.0046784924	0.0395201249	0.0067287808	0.050877634	0.0390288834	0.1291036552	-0.0217619877	-0.0404436491	-0.0884293322	0.0588936722	-0.0577930859	-0.0124583863	-0.0317884863	-0.0642832612	-0.0628917599	0.0131961165	-0.0321507319	0.0127149517	-0.0593510551	0.0239287352	0.0429415316	0.0961287834	-0.0160133924	-0.157658915	0.0453524615	-0.0054687926	0.1747035978	0.0598589091	0.0645072036	-0.1071451282	0.0992206748	-0.0436276314	-0.1507992418	-0.0992732609	-0.0900948205	0.0533261481	0.0210530754	0.0296717442	0.0340732525	0.0554292948	0.0218740667	0.1795644669	0.0090333367	-0.0507213774	0.0474682296	0.0489042246	0.0484532373	-0.0388760982	0.0950652513	-0.055717495	-0.0933355921	-0.0569958535	-0.006120787	0.0710774014	-0.0086479357	-0.0748298958	-0.0638959623	0.0050853271	0.0053453578	-0.0237640942	-0.0276411158	0.043317301	0.0955796273	-0.0340663121	0.0414558778	0.1029571717	0.0194787012	0.0247610521	0.0481196851	0.0177214522	-0.0235882846	-0.0961612344	0.0661449626	0.0668884209	0.0	0.0	0.0	0.0	0.1037406647661356	-0.0210873797425961	0.0004446775844084	0.0107621255261197	0.0342349854915795	0.0016401401638149	2.690059756958781e-06	0.0011720342316086	0.5779768537236407	-0.0374161439566904	0.0013999678285877	0.3340572434402787	-0.0127314735517903	-0.0005761538770524	0.0001620904187999	3.3195329004262664e-07	-0.0033303803348783	8.682616133270015e-05	7.538782291772075e-09	1.1091433174944097e-05	-0.004520918818358	-0.0001704639533259	2.0438706962183493e-05	2.9057959383494625e-08	0.0	0.0	0.0	0.0
55.225619875623	-0.0511268892576879	0.0026139588051678	3049.8690906468064	62.78090647465207	-0.065965864942477	3941.44221777901	0.0043514953376091	54.804286818264586	-0.001590991597375	2.5312542629181084e-06	3003.5098536586097	55.63759657772365	40.85628885395954	0.906201	31.079493	0.0857692635502425	0.0523424823551987	0.0454439506	-0.010393748	0.0061897664	-0.0180722138	-0.0836591673	0.0615676897	-0.0030628264	0.0479054938	-0.0224874968	0.0400340615	-0.0042484556	0.0095304129	0.0395287036	0.0263761332	-0.088150381	0.1200524129	0.0585414712	-0.0087588308	0.006032458	0.0658180005	-0.0223265931	-0.0627667659	0.063698224	-0.0879635706	0.0120607984	-0.1084914625	0.0689004136	-0.0364480254	0.1096828685	0.0051672768	-0.1489811168	0.0512202184	-0.020847254	0.0169506488	0.0569720954	-0.0796775769	0.0919293926	-0.0646602298	2.285e-06	-0.0203680868	0.0213693931	0.0487216463	0.0178381396	0.036649076	-0.0255291445	-0.0337765142	-0.0434426471	-0.0146925547	0.0822994331	-0.0330595458	-0.0193543597	-0.013652609	-0.0857721704	0.0714136161	-0.0820203013	-0.0886861358	0.0556827597	0.0566460552	0.0355562831	0.1584769266	0.0175764391	-0.0105232008	-0.0850787344	-0.0401276795	0.0236293621	-0.1378574846	-0.0782950993	0.0769390877	-0.1305135225	0.1317368064	0.0605963827	-0.0453526938	0.1161187612	0.108425566	-0.0090839993	-0.0116885604	0.0273707977	0.0548890762	-0.1012581355	0.0169053698	0.0612352455	0.0338340773	0.0798875383	-0.0588056104	-0.018391265	-0.0253117963	-0.0139137371	-0.1703308188	-0.06818224	0.0648247737	-0.0213966513	-0.0501128697	-0.0396506553	-0.0231480159	0.0413859402	-0.0293737154	0.0007678274	0.1163892453	0.092317288	-0.044730885	-0.04949879	-0.0438909476	-0.0995497288	0.0524322136	0.0630674735	0.0204561237	-0.0473812916	-0.0061284188	-0.0365641493	-0.0222697508	0.0101887367	0.1235995165	0.0130214476	0.0799108055	0.0485605785	-0.088502121	0.0312136115	0.1077919608	0.0075406977	0.0379208826	0.0063561411	-0.0482557221	-0.0049624718	0.0861877138	-0.0497384106	0.0891158324	-0.174168002	0.1472489419	-0.0590224807	-0.0322775788	-0.0121365183	0.055231932	-0.0001598857	0.0326858671	0.067329006	-0.0248972465	-0.1458869778	-0.0214664555	0.0118085081	-0.0288914796	-0.0480415969	-0.0254374013	0.0248356583	-0.0899939925	-0.0450006149	0.0963934301	-0.0620990297	0.0130306538	0.024708777	0.0444744465	0.0683457509	0.0391167386	-0.0086356348	0.0722765737	-0.0083568661	-0.0254400711	-0.0944578621	0.0705246236	0.0607965974	0.0	0.0	0.0	0.0	0.0980832417691175	-0.0056574229970181	3.2006434967189286e-05	0.0096203223159391	0.0342426026749222	7.617183342696621e-06	5.802148207625487e-11	0.0011725558379525	0.6226925237602075	0.0447156700365667	0.0019994911468191	0.3877459791468565	-0.0128012887338962	-6.981518210590065e-05	0.0001638729932485	4.874159652480071e-09	-0.0036461807204304	-0.0003158003855521	9.972988351485501e-08	1.3294633846038353e-05	-0.0048430743173663	-0.0003221554990083	2.3455368843533053e-05	1.0378416554128689e-07	0.0	0.0	0.0	0.0
55.14675958266845	-0.0788602929545518	0.0062189458048777	3041.1650924686346	63.59987694241222	0.8189704677601526	4044.944347089978	0.6707126270632832	54.78333010043068	-0.0209567178339042	0.0004391840223698	3001.2132568927545	55.64987089350957	40.76347058260372	0.94915	32.552464	0.1473462300325154	0.0650294717373794	0.0290153541	-0.0012614253	-0.0820285519	-0.1194844687	0.0483535403	-0.1085547154	-0.0538217437	0.1342647554	-0.000369509	0.0277181564	-0.0344337071	-0.0630768878	-0.1302617885	0.0438606223	0.0257729125	-0.0632719198	0.0760081165	-0.0074224788	0.0718893327	0.0183425794	-0.0138217893	0.082697531	0.0390109576	-0.0958914176	0.0668390605	0.0144893272	-0.0532863843	0.0250723872	0.0367893344	0.0831690672	0.0366415154	-0.0836051915	0.2146217198	0.0737729636	-0.0436652016	0.0461710529	-0.0165709502	0.0678208565	-0.0879137686	-0.0032258292	-0.0075160363	-0.0221686848	-0.1122610582	0.046176724	-0.0973826614	-0.0020700311	0.0464039975	-0.0231710398	-0.0345198192	0.120185587	-0.1799771073	0.0461249386	-0.0040706949	-0.0683020191	-0.0569163098	-0.0477173786	-0.0629269959	-0.0167696526	-0.0922120876	0.0614791566	0.0655873155	-0.0042475672	0.0225590954	0.0610279267	0.125461692	0.0407540325	0.07369116	0.0280133993	0.0505227245	-0.0834462021	-0.0348274545	0.0044946854	-0.1367900986	0.0553039305	0.0681607297	0.0872254546	-0.0210205318	-0.0678680654	0.0240757876	-0.1083536975	0.0619068786	0.0435176499	0.0547962751	-0.0755992967	0.0900640297	0.0545930343	-0.0127807491	0.0004848005	0.0861860871	0.0373960723	0.0107869524	-0.1083296632	-0.0131490562	-0.0875099611	-0.1506365655	-0.0326796305	0.0544740168	-0.0818177201	0.0446096511	-0.0182850401	0.085633093	-0.0656075573	-0.0520213583	0.000612326	-0.0439018188	0.0404674578	-0.0125074775	0.1349115396	-0.0101088166	0.0381117579	-0.1094390921	-0.0440034782	0.1110851727	-0.1098436789	-0.0051860014	0.0490784027	-0.0649742994	-0.0518467621	-0.0713615913	0.0148353433	0.1454089039	0.0040549359	0.0742338835	-0.0141984002	0.1390955065	-0.1325310992	-0.0010620905	-0.1157303014	0.0052719973	-0.0679635649	0.0449720503	0.0206433481	0.0259792716	-0.1202418312	-0.0392052013	0.0305330789	-0.0869690421	0.0684038708	-0.0982340082	-0.0471906191	-0.0613772402	-0.025704809	-0.0115560023	-0.0084009651	0.0084774216	-0.0919729476	-0.0125184758	0.0776318036	0.000301231	-0.0009021015	-0.0193929643	0.016565529	-0.0012661815	-0.0021480164	0.008303787	-0.0272837521	-0.0926341175	0.0747020974	0.0543949683	0.0	0.0	0.0	0.0	0.1228589206615566	0.0247756788924391	0.0006138342645812	0.0150943143861226	0.0479291712624814	0.0136865685875591	0.0001873221597019	0.0022972054579082	0.5915276471161803	-0.0311648766440271	0.0009712495362374	0.3499049573028043	-0.0124103159366522	0.0003909727972439	0.0001540159416475	1.528597281847978e-07	-0.0028991649099847	0.0007470158104456	5.580326210558458e-07	8.405157175286593e-06	-0.0044266808068862	0.0004163935104801	1.9595502966054657e-05	1.733835555699413e-07	0.0	0.0	0.0	0.0
55.192528618459136	0.0457690357906841	0.0020948046372089	3046.215215299431	63.30568785988605	-0.2941890825261737	4007.610115413324	0.0865472162775918	54.72280444424024	-0.0605256561904425	0.0036633550572836	2994.5853262425594	55.60068995374776	41.32702403523329	0.949229	32.55518	0.0615455523055324	0.0276977146307999	0.0039841438	0.0109059576	0.0892979411	0.0455952894	0.0651073495	-0.0112363641	-0.0258209783	0.0763517526	0.0830787337	-0.1076577254	-0.0743283912	0.1010145739	0.0935769314	0.1022440094	-0.0434701482	0.0119973855	-0.0869159096	0.0474683728	-0.007610524	0.0367520129	-0.0410478475	0.0023276367	0.0887629069	-0.0152692786	-0.0044873189	-0.1061550515	0.0464646503	0.0313076044	-0.0184919287	0.0630397891	0.1026209816	-0.1152333787	-0.0059815231	-0.0309847895	-0.0264440046	-0.0479066769	0.0128229908	-0.0024156185	-0.057977642	-0.1408123528	0.0245860103	-0.0340454066	-0.0590090956	-0.0069558617	0.0491498125	-0.0261400878	0.0977866271	0.0640311843	0.0403371108	0.0359398401	-0.0340684048	-0.1425168317	0.0434256309	0.0766508081	-0.0844279698	0.0825212036	-0.0081326844	-0.0200736888	0.0663118676	0.0148039548	0.0532855764	0.0212247263	-0.0334186391	-0.0191365167	0.0195700367	-0.0350913479	0.0684973726	-0.0157190289	-0.0109787004	0.1661111774	-0.0069924389	-0.1158540667	-0.0790365879	-0.0699262505	-0.04317351	-0.0134683941	-0.0200912875	-0.0698318314	-0.0082875975	0.0938967798	0.0413020442	0.0484045147	0.0157704442	-0.000528748	0.0144164581	0.1306044619	0.0472558407	-0.078968641	0.100356719	-0.0336124427	-0.0022940512	-0.0202042476	-0.0233478691	-0.1457289981	-0.0177050628	-0.0147271887	-0.0556066562	0.0369277488	-0.0614377376	0.0928889479	-0.1158061013	0.054946734	-0.0349518553	-0.0368045435	-0.0327750617	0.0992268898	0.0830310132	0.0338231833	0.0138539668	-0.0358607858	0.0147615717	-0.0768799596	0.0298179358	0.046026506	-0.008611255	0.1079381972	-0.0583988973	0.0020975104	0.0950445783	-0.0043971122	0.0760394874	-0.0714700475	-0.0083825775	0.0445490396	-0.1363828392	-0.1121426144	-0.008101338	-0.0062141854	0.0152921909	-0.0474941319	-0.0203335489	0.018256064	-0.0275766002	0.0057716034	-0.1112982855	-0.1157785125	0.0023289262	0.0481209879	-0.0046605479	0.066515712	-0.0311717551	-0.0094637268	-0.0895662709	-0.0775725735	-0.025850712	0.0196485016	0.0595908027	-0.0062997522	-0.0341445184	-0.0711953545	-0.0181019128	-0.0800311634	0.0137921438	0.1010813592	0.0340619151	-0.0291187401	-0.0906923248	0.0786654074	0.0477161549	0.0	0.0	0.0	0.0	0.1352247032832281	0.0123657826216715	0.0001529125798464	0.018285720378037	0.0553922033605971	0.0074630320981157	5.569684809750529e-05	0.0030682961931417	0.582078429071565	-0.0094492180446152	8.928772165468326e-05	0.3388152975904209	-0.0128123054332543	-0.000401989496602	0.0001641551705149	1.615955553784097e-07	-0.002656266989188	0.0002428979207966	5.8999399927359897e-08	7.055754317849884e-06	-0.0044262178334624	4.629734237995842e-07	1.9591404309260583e-05	2.1434439114470937e-13	0.0	0.0	0.0	0.0
55.05310242662871	-0.1394261918304238	0.0194396629683341	3030.844086796872	62.55445613268126	-0.7512317272047895	3913.059982055544	0.5643491079590912	54.61922621416202	-0.1035782300782202	0.0107284497461367	2983.2598722338034	55.43920115977208	40.737118594770486	0.910552	31.228704	0.1663214071851105	0.0810869258809869	0.0232070169	-0.0118968974	0.0831179938	0.0937355691	-0.0221517507	0.0748935584	-0.0222051693	-0.0750439097	0.0981166675	0.0132365713	-0.038310321	-0.1272333676	-0.0381828295	0.0137642923	0.0903595085	0.1912744017	0.1222428887	0.1071638749	-0.0833482756	-0.1109996698	-0.0046379029	0.0504775979	0.0567881353	-0.0017508083	0.0032234095	0.0305188336	-0.0231735898	-0.0002957234	0.0516663799	-0.0426425659	0.0548665698	-0.060688264	0.0204187997	-0.1240128461	-0.0577599202	-0.0507613252	0.0243785849	0.0337590763	0.0197268426	0.1253255082	0.0528728106	0.0375687527	0.0543686715	-0.0568917199	-0.0011762028	-0.1039640205	-0.1670967063	0.0150705916	0.0092250783	0.0740468023	-0.0035957046	0.0935886337	0.0006687033	0.1149236919	0.0297009226	0.0438963089	-0.0720508883	0.0513832582	-0.061181698	0.1122405637	-0.1344929466	0.0707967315	0.081536273	-0.0292323175	-0.038815526	-0.1775369741	-0.054617762	0.0465026378	0.113681998	-0.0142984892	0.0939409703	0.0293980794	0.0059889743	0.0383465383	-0.0484805274	-0.089666418	0.0382890324	-0.0038861844	0.0862424065	0.0661427225	0.0473086776	0.0387136463	-0.0432487016	-0.0734725044	0.0634728212	-0.0431937459	-0.1077713915	-0.0514242398	0.0414557506	0.0488611773	-0.0001398057	0.0757991974	0.0100210139	-0.0576137712	0.0650460376	-0.0259017871	0.1445086198	-0.0695983893	-0.0618241576	0.0331911815	0.1473833146	0.1007320865	0.0466098873	0.0565287399	0.0857474088	-0.0808997135	-0.1340689546	0.0406397842	-0.0462376497	-0.152492931	-0.1302621737	0.0350718719	-0.07557224	-0.0643286556	-0.087256087	0.0173923154	-0.1277381634	-0.0619803369	-0.0281951461	0.1137635162	-0.0294520148	-0.0431623433	0.0389313615	0.007543383	-0.0518600531	0.2326005644	-0.0416427293	-0.0024720583	0.0159018889	0.0490128846	-0.0288678462	0.0437337385	-0.0192130989	0.0985802646	-0.0107261198	-0.0616268895	-0.090413304	-0.0413643233	0.0583502731	0.0256300254	-0.0519746744	0.0108790603	-0.0034447499	-0.0120098445	-0.042821291	-0.0377765917	0.0086972224	0.0083471956	-0.0193205829	0.0261154749	0.0970445189	0.0613323944	-0.0024602927	0.1239643372	0.0338951291	-0.0309444506	-0.0886349585	0.0824031912	0.040794191	0.0	0.0	0.0	0.0	0.1221261663415873	-0.0130985369416408	0.0001715716700115	0.014914800505293	0.0357191568800061	-0.019673046480591	0.0003870287578274	0.0012758581682184	0.6268813020259287	0.0448028729543636	0.0020072974249648	0.3929801668297237	-0.0134283541820747	-0.0006160487488204	0.0001803206960392	3.795160609231813e-07	-0.0035582423911288	-0.0009019754019407	8.135596257062674e-07	1.2661088914026e-05	-0.0046831326988715	-0.000256914865409	2.193173187523946e-05	6.60052480681759e-08	0.0	0.0	0.0	0.0
55.22602910620623	0.1729266795775146	0.0299036365097044	3049.914290839537	63.08707821554471	0.5326220828634476	3979.979437774256	0.2836862831537972	54.803634061049706	0.1844078468876873	0.0340062539937527	3003.4383062974475	55.61726250611219	40.31935574994611	0.952656	32.672714	0.0605776148848717	0.030375029016686	0.0389778557	-0.0179422464	-0.0850329753	-0.1118233806	-0.062707326	-0.0122173226	-0.0010786761	0.0370976481	-0.0949509107	-0.0241468232	-0.0815442267	-0.0368453702	-0.0551542221	0.0289061968	0.0178944101	-0.025612731	0.025688067	0.0019575689	0.0944465955	-0.0041426236	0.0881874173	-0.0975645515	-0.0473550533	-0.026202908	0.0190893422	-0.0324345971	0.0135328422	-0.0071206664	-0.1151694433	0.075638155	0.0505656733	0.0697679632	0.0022186921	0.0769606743	0.0099840153	-0.0469942678	0.0358985166	-0.0899042788	0.0315008378	-0.1105768731	-0.0204440981	0.0234062665	0.0330734951	0.058946447	-0.1337834742	0.0569206105	0.0799351594	0.0394755156	-0.0980402548	-0.0535980707	0.0071344582	-0.0013574318	0.059855652	-0.1575967486	0.0232382235	0.0436371269	0.0270996858	0.0085874113	-0.0624108251	0.0175130321	-0.1333787325	0.0150732138	0.0929447295	0.0137049411	-0.0893876175	-0.0121516904	0.0071327223	-0.0488028969	0.0548954644	0.092229989	0.0907095814	0.1925537468	-0.0129877964	0.0112202676	0.0668170168	0.0562223055	0.0808153388	-0.0042961412	0.008098938	-0.0601534414	-0.0480037727	-0.0176061274	0.019921095	0.0532713509	-0.0775653112	-0.0347999555	-0.0252016759	-0.0095029318	0.0794528119	-0.0233206395	-0.0310852402	0.079414114	0.0268481868	-0.039802675	0.0371346224	0.0467066523	-0.0503140613	0.0158321166	0.1286217594	0.0790964811	-0.1000209852	-0.1615526525	-0.0376802534	-0.0477762908	-0.1078815623	-0.0353112976	0.0013649179	0.0741390065	-0.0157807048	0.025013836	0.0902828062	-0.0918379065	-0.1227373691	-0.1061016655	-0.0648174906	-0.0273119807	-0.0722200409	0.0076089678	-0.1228739587	0.0198807721	0.0435506493	-0.0845860389	-0.0265306383	0.0187271008	-0.0111695075	0.106642684	0.0683021257	-0.0615712316	0.0033190142	0.0294028251	-0.0669505962	0.0371855189	0.0334067768	-0.0841159574	0.031817204	0.0192893097	-0.1183984897	-0.0122774844	-0.0144373479	-0.0465988071	-0.0516117259	0.0274524624	0.0196041602	-0.0143363214	0.0234290262	0.0553911942	0.0094645007	0.0839369622	0.0723926101	-0.0161472194	-0.0664630099	-0.0256528319	-0.0039328125	0.164905252	0.0046001145	-0.0327603017	-0.0864646403	0.085904733	0.0336643492	0.0	0.0	0.0	0.0	0.1145167787506551	-0.0076093875909322	5.790277950903297e-05	0.0131140926154264	0.0308215413115533	-0.0048976155684527	2.3986638256351207e-05	0.0009499674088197	0.6368609762412305	0.0099796742153017	9.9593897443559e-05	0.4055919030589331	-0.0136186321518076	-0.0001902779697328	0.0001854671416862	3.6205705765674025e-08	-0.003142718068791	0.0004155243223378	1.7266046245428806e-07	9.876676859905431e-06	-0.0048391491570045	-0.0001560164581329	2.341736456373736e-05	2.4341135208366005e-08	0.0	0.0	0.0	0.0
55.1728913402022	-0.0531377660040277	0.0028236221758988	3044.047938837759	62.692957598928345	-0.3941206166163624	3930.4069325010273	0.1553310604420617	54.80593679204333	0.0023027309936267	5.302570029009318e-06	3003.690707653449	55.64083599722292	40.39311426416298	0.899584	30.852541	0.077977581987029	0.0435283539122869	0.0306308845	-0.0162751193	-0.0957043463	-0.0267645225	-0.0210994768	-0.1311570207	0.0928852218	0.0454172265	0.0305661641	-0.0122679139	0.0597688504	-0.0438711872	-0.0752574878	0.1190690208	-0.0300640656	0.0285608539	-0.0234148797	0.0009372551	-0.0300767289	-0.0898704951	0.0303716667	-0.0537172623	-0.1143678576	0.093139851	0.0631583506	-0.001709013	-0.0149127527	-0.1042074392	-0.1399734284	0.0035936723	0.0161321759	0.0229464418	-0.0499608997	0.1058353267	0.1192613596	-0.0556159975	-0.1277194399	-0.012278983	0.0855753827	-0.1000854117	0.0081836489	-0.0213948564	0.0178257587	0.0630711923	-0.0101248609	0.0921049792	0.0384554283	0.052486656	0.082602787	0.0478301193	-0.0578025863	0.1572426915	-0.113308647	-0.01508433	-0.0161584963	-0.1105215543	-0.0019004682	0.0376414784	-0.1420717448	0.1066589028	0.1146924475	0.0051743306	-0.0921438451	-0.0355081682	0.0568540642	0.0150090958	-0.004320995	-0.0087404899	-0.0829687806	0.0669777442	0.0681089513	-0.1443199927	-0.0293208667	-0.025703328	-0.0164425766	0.0080240335	0.0629519768	-0.1286342177	-0.0334229904	-0.0424538105	-0.0469447727	-0.0390371839	-0.0231638338	0.0964867771	-0.0998464306	-0.0352821332	0.0834900709	0.0741278626	0.045528618	0.0028702369	0.1587208391	-0.0231077466	-0.1401415473	0.0532275652	0.0746122537	0.1432618429	-0.0444035533	0.0628142498	0.0565984633	-0.111808191	0.0515597285	-0.0075842503	-0.0413777771	-0.1148018964	-0.0984687478	0.0392755062	-0.0597298264	0.0499254462	0.0071864369	0.0481558915	-0.0587186417	-0.048180875	-0.0680153796	-0.0380600949	0.1596413214	-0.1460169551	-0.0560392644	-0.0418446895	-0.0354777566	-0.0471002391	-0.0744748125	-0.0898912871	0.0821334268	-0.1084883489	-0.0885769327	-0.1314665335	-0.0906980653	-0.0535125421	0.0231861565	-0.0083643169	0.0072790792	0.0292726517	0.0332887664	-0.0804172127	-0.124887952	0.0612170158	-0.0311516466	0.0562686009	-0.0079947134	-0.0006069206	-0.0592009052	-0.031731832	0.0073423799	0.0274852527	-0.0153541624	-0.1097177362	0.0372096629	0.1033620646	0.0152318272	-0.0222592301	0.0034801632	0.040291326	-0.0199625267	0.020371556	-0.062750749	-0.034565715	-0.084184136	0.0891599942	0.0263629615	0.0	0.0	0.0	0.0	0.1341259180123444	0.0196091392616892	0.0003845183425843	0.0179897618826541	0.0270499367471188	-0.0037716045644345	1.4225000990463156e-05	0.0007316990780231	0.6240333461262253	-0.0128276301150052	0.0001645480943673	0.3894176170774933	-0.0142885629635947	-0.0006699308117871	0.0002041630315646	4.488072925817231e-07	-0.0030431394333378	9.957863545319996e-05	9.915904638721291e-09	9.260697610735506e-06	-0.0049050238706822	-6.587471367769989e-05	2.405925917196219e-05	4.339477902118941e-09	0.0	0.0	0.0	0.0
55.238810251163926	0.0659189109617273	0.0043453028223801	3051.326157964093	63.368079511612805	0.6751219126844603	4015.513500990083	0.455789596986724	54.79215492305365	-0.0137818689896818	0.0001899399128487	3002.1802411119124	55.59089580663316	39.48381648800966	1.046123	35.8783	0.4296324516037891	0.2599063822871966	0.1166858466	-0.1098753972	0.0771727505	-0.0282038741	0.1491853945	0.1318221265	0.0828474804	-0.0067579285	-0.0921784265	0.0275351938	-0.0807569951	-0.0933711287	0.0373372534	-0.0717911037	-0.139665123	-0.0551752917	-0.0362448662	0.0085535948	-0.1071519242	0.0232266523	0.0594622767	-0.0518433901	-0.0187472113	0.0160377475	0.0349630705	0.0194939641	-0.0466951187	0.0414801152	0.0317419508	0.0376584907	-0.0952778537	-0.1399849787	-0.1183625941	-0.0451166753	-0.0974129492	0.0509568497	-0.0903086084	-0.0253779577	0.022399655	0.0667662555	0.0005117872	-0.0043878654	-0.0026797303	-0.2029577604	-0.1471200902	-0.1172021577	0.0648719702	0.0467979602	-0.1569057496	0.0415531248	0.1862043975	0.0628102021	0.0527850839	0.0209576266	-0.0782352623	-0.0050875415	-0.058307893	0.1128286447	0.0490306372	-0.1248847582	0.0590270492	-0.1304464033	-0.0877380258	0.0805456174	-0.0326776309	-0.0343613748	-0.089074046	-0.1096589868	0.1166624166	0.1585204955	-0.0500683154	-0.0133423658	-0.0303891197	0.130496377	0.0424694639	-0.0938250911	-0.106033148	-0.0071018557	0.042552757	-0.025500374	0.0361112527	-0.081698345	-0.0400343245	0.0769562745	-0.01239572	-0.0760294175	-0.061902407	-0.0873088383	-0.0296750406	0.107687321	-0.0604835434	0.1314144712	0.2145704203	0.0625180038	-0.0740328958	0.1398370864	-0.0373921357	-0.0525060683	0.0270298359	0.1684013032	-0.0112417618	0.0319228712	-0.0159209944	0.0700189387	-0.0538093953	-0.0862597814	0.0260229307	0.0933759609	0.1036291653	0.0115725231	0.0913203598	0.1284247963	-0.0018699842	-0.0028450772	-0.0847177084	0.0063769904	-0.00848308	-0.0588350794	0.0809152081	0.0246714331	-0.0608455473	-0.0333127624	-0.0854236784	0.0711009316	-0.1311344404	-0.0679257445	0.0743887856	0.0519066648	-0.0379427509	-0.0670241011	-0.1553530896	0.1009528819	0.0846818785	0.1654360309	0.0649868345	0.026996072	0.009659771	0.012135622	-0.0546373885	0.0871581028	0.026655123	-0.064642862	-0.0600943093	-0.0563877815	-0.0014719078	0.0804331265	-0.0615846708	-0.014369015	-0.1070909387	-0.0186050609	-0.0109517901	0.0352883569	0.0673603222	0.0163241245	0.0290191854	-0.0363601153	-0.0817963518	0.0921596423	0.0189272343	0.0	0.0	0.0	0.0	0.1071327629718155	-0.0269931550405288	0.000728630419042	0.0114774289019752	-0.0371712814991695	-0.0642212182462882	0.0041243648730373	0.0013817041682905	0.8312803280540422	0.2072469819278168	0.0429513115181888	0.691026983809636	-0.01655407976155	-0.0022655167979552	0.0002740375567517	5.132566361817633e-06	-0.0032130933596448	-0.0001699539263069	2.8884337067165147e-08	1.0323968937793507e-05	-0.005092975074203	-0.0001879512035208	2.5938395106453053e-05	3.532565490491736e-08	0.0	0.0	0.0	0.0
55.34742008241041	0.1086098312464827	0.0117960954433894	3063.3369097788072	62.843529404753845	-0.5245501068589604	3949.309188046161	0.2751528146057468	54.8360885144168	0.0439335913631495	0.0019301604500642	3006.996603560954	55.6489765056076	39.65997150774636	0.967975	33.198109	0.1234632683929491	0.0815019244030828	0.0897974113	-0.0896221743	-0.0038947239	-0.0620238708	-0.0476524074	0.0762894571	-0.0554570512	-0.0147459547	0.0707023886	0.079697794	0.1392435828	-0.049342653	0.0807608403	-0.0082569777	-0.110135616	0.07780829	-0.004960647	-0.0289753035	0.0210589435	0.0478519488	0.0295529406	0.0803259722	0.0300700033	0.0048556862	-0.0187324143	0.0132798678	-0.0509852092	0.084260931	-0.0957311303	-0.004090187	0.0403170229	-0.1452163835	-0.0650212443	0.0185843259	0.0898559171	0.0105733717	0.0901838311	-0.0247619763	-0.0474769568	0.1147024199	0.006262762	0.2130869019	-0.0179960721	-0.0238895522	-0.0112382813	0.1526833709	0.0452456504	-0.000394674	0.0037031041	-0.0903099071	0.1379066851	-0.0196610692	0.0706988231	-0.0221792538	-0.0642500933	-0.0598528186	0.0669979714	0.1222842694	-0.100031735	0.1018878095	0.0181013441	-0.1367524167	-0.1081792558	-0.0537363723	0.0018093027	0.0210914602	0.1488200909	-0.0798726469	0.003804684	0.0951007433	-0.0656190902	0.0766922194	-0.020630238	0.0881043166	0.0537413326	0.0145513695	0.0059165962	0.0742249158	-0.0779934132	0.0525343173	0.1415020568	-0.0253196663	0.0350641692	-0.0195086719	0.0691976903	-0.0293385785	0.1023879953	0.1346412169	0.0013016147	0.0174283793	0.0317180761	0.0842156449	0.0895782615	-0.0178335148	0.057453244	-0.0387550002	-0.0147755434	-0.023674851	0.0085430617	0.0795875868	0.0355874582	-0.0426687364	-0.0107000472	0.1283744001	-0.1105996834	0.0397351393	0.0126645681	-0.0215775725	0.0540818291	0.0705614192	0.1696964276	0.1382927101	0.04331071	0.0361603572	0.156134852	0.0421108613	-0.1308232598	0.0018891924	0.0241235587	-0.0448241561	0.0320505771	-0.1347365656	-0.0074135205	0.109432151	0.0082356382	-0.0716507885	0.0197931953	0.0347842007	-0.0674639759	0.0012115719	-0.1132505073	0.0746183557	0.124201924	-0.0448322911	0.0519396556	-0.0501945805	-0.0004971457	-0.0567674723	0.0158680715	-0.0108951745	0.0315301201	0.0010194952	0.0884100386	-0.0323636779	-0.0334793506	0.0134883029	-0.0576456823	0.1235635582	-0.018747561	0.0098797162	0.0641324544	0.0225652774	-0.0335128351	0.0246817531	0.0344054959	-0.0381429308	-0.0793043304	0.0948950775	0.0113950582	0.0	0.0	0.0	0.0	0.1284016707355562	0.0212689077637407	0.0004523664374625	0.0164869890476821	-0.028816775298921	0.0083545062002485	6.979777384999062e-05	0.0008304065386285	0.7531183994690522	-0.0781619285849899	0.006109287080125	0.567187323618827	-0.016529178938793	2.4900822756999255e-05	0.0002732137563906	6.200509739754921e-10	-0.0033342736679613	-0.0001211803083165	1.4684667123682042e-08	1.11173808928601e-05	-0.0052604524600089	-0.0001674773858059	2.767236008401369e-05	2.8048674756378383e-08	0.0	0.0	0.0	0.0
55.22923162365368	-0.1181884587567267	0.0139685117832905	3050.268025739188	62.94249532136275	0.098965916608904	3961.757717279771	0.0097942526502405	54.73254280871741	-0.1035457056993891	0.0107217131687845	2995.651242308084	55.610958359643085	40.43815043771887	0.952378	32.6632	0.143343658324798	0.0749288506522007	0.058133077	-0.0613478642	0.0164469294	0.0235371617	0.0200733939	-0.065964658	0.0414077949	0.0744501074	0.0437235176	-0.0058837947	0.0466373345	0.0196965555	-0.0140424225	-0.0161996839	-0.1001326713	0.0248081287	0.0396853961	0.0720798152	0.0367485409	0.0180601046	-0.100741642	-0.0510325538	-0.0475128244	0.0059912921	0.0396300678	0.094327425	-0.120784896	-0.0353308752	0.0006637102	0.0312617324	-0.0766571979	-0.0611175899	-0.0623576409	-0.0706710127	0.00582185	0.0011285413	0.0459756301	-0.1250677507	0.0908264792	0.0099625448	0.0118037291	-0.0397752883	0.0401338487	-0.038113812	-0.0776153533	0.1155655566	-0.1208363173	-0.0391765187	0.0260223289	0.0544727986	-0.0090375679	-0.1130713654	-0.02546214	0.0578959131	0.0010992384	-0.0634512569	0.0615911788	0.0391647928	-0.0865811535	0.0651215795	0.0936497967	0.1393461829	0.0583420705	-0.1461857038	-0.1111572316	0.0998793397	-0.0056895693	0.0777657897	0.071666348	0.0231710331	-0.0083076654	0.0057983348	-0.0525371577	0.0116822741	0.0175359249	-0.0204895999	0.0078084769	-0.1209338694	-0.0921655858	0.0213930889	-0.0583088679	0.0438282021	-0.0686877077	-0.0245584888	0.0422978091	-0.0601886984	-0.0256770357	0.0183399377	-0.0461241183	0.1315507507	-0.036155414	0.1210673727	-0.1256082199	-0.0619589773	-0.0709341509	0.0201618733	-0.0156276566	-0.0119787915	-0.0462023772	-0.0983599912	-0.0392622802	-0.0163342433	-0.0866870564	-0.0045686737	0.0659079104	0.0153713555	-0.0729911911	0.0451324275	-0.0595932148	0.0015617313	-0.0459195757	0.0479132311	-0.051457279	0.0250928769	0.1470159332	0.0673754654	-0.0915767755	0.0073206278	0.0155228731	-0.1358848968	-0.0907842541	-0.0438305354	-0.0422440503	-0.0459745063	-0.0566649483	0.1004585891	0.1183322001	-0.0950532813	-0.0326262302	0.001747304	-0.0526742255	0.0536225275	0.0894273939	-0.0353914587	-0.1443808343	0.0266520171	0.064976108	0.0538213645	-0.062082616	-0.0075617892	-0.0213348276	0.0833923637	-0.0284505496	-0.096142592	-0.0843586103	-0.0879100471	0.064803487	0.1732681535	0.0648652025	0.0360364026	0.0548498617	0.0636153301	0.0107418224	0.0061040674	-0.0111329796	-0.0399135934	-0.0767112478	0.0973584576	0.0038048156	0.0	0.0	0.0	0.0	0.1469013420879292	0.018499671352373	0.0003422378401458	0.0215800043072348	-0.0098870174905698	0.0189297578083511	0.0003583357306828	9.775311485883314e-05	0.6879792644585834	-0.0651391350104688	0.004243106909912	0.4733154683249734	-0.0170390093595282	-0.0005098304207351	0.000290327839954	2.599270579070305e-07	-0.0030818918611372	0.0002523818068241	6.369657641579734e-08	9.498057443743714e-06	-0.0052071628044961	5.328965551280006e-05	2.7114544472527694e-05	2.8397873846729014e-09	0.0	0.0	0.0	0.0
55.07879850631444	-0.1504331173392401	0.0226301227924015	3033.674044899186	62.99525831647488	0.0527629951121326	3968.402570359398	0.0027839336532029	54.63866818461782	-0.0938746240995911	0.0088124450498395	2985.3840609887675	55.45897838318695	39.68177305799344	0.971567	33.321304	0.2086569174928925	0.1235068064869001	0.0859715776	-0.1065103034	0.0930698845	0.0681939918	0.0433798727	0.1266174598	-0.0452083722	0.0085597968	0.1649959823	-0.1119223205	-0.079480712	0.0719036436	0.0272635042	-0.0500891423	-0.0775725094	-0.0021884435	-0.10283015	0.0902298398	-0.0360249677	-0.1317762726	0.009174279	-0.0036026201	0.0482350599	0.0632684791	-0.0366771646	-0.0199292462	0.0931987414	0.0699576363	0.0052690271	-0.0596623302	-0.0336511258	0.0176192438	-0.0247655142	-0.1355622522	0.0588444042	-0.0284480608	-0.0297443279	0.0539774156	-0.0040012203	0.0402745392	-0.0085072665	-0.0504491176	0.0161659101	-0.0774324611	-0.0167981155	-0.0099332835	-0.0591023176	-0.1179632699	-0.0206724866	0.0893119515	-0.0945021737	0.0222180775	0.0294452854	-0.0327432452	0.0182430199	0.0771967364	0.047463474	-0.0181913863	-0.0713846637	-0.0305713495	-0.2354179891	-0.1090699647	-0.0341232618	-0.094799942	0.0794704237	0.0445061836	-0.0429830647	-0.1189734443	-0.0852279599	-0.0462583342	-0.17144211	-0.0270666086	0.1079398301	0.0094724661	-0.0491846636	-0.1059028003	0.0171014983	-0.030825182	0.046845288	0.1040475868	0.0420992251	0.013227569	-0.0826508276	0.0423669292	-0.0130664878	-0.024817731	-0.0587508796	0.0311568485	-0.0421537788	-0.0704576119	-0.0141204426	-0.0015665674	0.0890170677	-0.0663184578	-0.0051959831	0.0210967241	0.1306634059	0.0342046011	-0.0208579946	-0.0408888263	0.0878836397	-0.0228882985	0.0351627626	-0.0451136157	0.097191582	-0.0998979195	0.0062131842	-0.0599309471	-0.0220652628	-0.0606877457	0.0051566728	-0.0452451096	-0.0461145544	-0.0664393464	0.0075206786	0.0811294117	0.0029416062	0.0661019034	-0.0184360178	0.0538139365	0.0821588684	0.0969603689	0.0422781864	0.020420582	0.0943999698	-0.0677872359	-0.029681626	0.0068901457	0.1462618119	0.199775044	-0.1149659541	0.0808242499	0.094500996	0.1429676886	-0.011550166	-0.0190068438	0.0492628268	-0.0960927433	0.0196829763	0.0391329838	0.0775419415	0.0322597171	-0.0873792541	0.0106907274	0.0186035462	-0.0365996125	0.0452402878	0.056665596	0.0620780264	-0.0751426122	0.089769902	0.0691253614	0.0409837055	0.0740251311	0.0551206119	-0.0416715391	-0.0740204082	0.0995427205	-0.0038048156	0.0	0.0	0.0	0.0	0.1302919915405738	-0.0166093505473554	0.0002758705256049	0.0169760030596089	-0.0393088406823807	-0.0294218231918109	0.0008656436799301	0.0015451849557927	0.7525699560108947	0.0645906915523113	0.0041719574352058	0.56636153869024	-0.0187289121948	-0.0016899028352717	0.0003507721520005	2.8557715926596677e-06	-0.0030121497730615	6.974208807570019e-05	4.863958849158721e-09	9.073046255354443e-06	-0.0054082189251769	-0.0002010561206807	2.924883194264158e-05	4.042356366321216e-08	0.0	0.0	0.0	0.0
55.08238268089107	0.0035841745766305	1.2846307395764544e-05	3034.068881804129	63.265262292456754	0.2700039759818722	4002.493412933351	0.0729021470460194	54.55075608507437	-0.0879120995434519	0.0077285372461377	2975.7849894532783	55.41009072369519	38.30832190303444	1.009614	34.626163	0.2345063283222333	0.1342664872822499	0.1285802608	-0.1486569321	-0.0820291759	-0.1537600294	-0.0041475041	0.065283823	0.0483619533	-0.0148907784	-0.0373998603	0.0447075217	-0.1331891076	0.0021323664	-0.1156762005	0.0982059718	-0.1738425069	-0.0648041744	0.0037702604	0.1138061334	0.0777438355	0.0164545978	0.0896053621	-0.0015835061	0.0464772841	-0.018095175	0.0422212897	-0.0059481226	0.0141450477	0.1025121071	-0.0133049384	0.0189126162	-0.1107107656	0.0305939775	0.1034917439	-0.0296257784	0.0167224	-0.0268643359	-0.0307648437	-0.0225939363	-0.02026507	0.0583406159	0.0040055528	0.062161944	0.0276660466	0.0616858484	-0.0553646832	-0.0678486409	-0.0485286555	0.005735817	-0.0864755344	-0.0781524218	-0.0410371127	0.0726462209	0.1802720858	-0.0560233896	0.1751459523	-0.0974793887	0.0304359378	0.0837162663	0.1125069878	-0.0105228416	0.0548235357	-0.0992753244	-0.0465957498	-0.0893492084	0.0252459401	-0.1530367329	-0.0936180996	-0.0460378376	-0.0809798008	0.0301283113	-0.0958878855	0.0335827734	0.0005019037	-0.052210637	0.1435403418	-0.0258680666	0.0780015038	-0.0007745531	0.0545348928	-0.0631091736	0.0661672399	-0.0308502593	0.0145282148	0.0435304108	-0.0446205416	-0.032888265	0.0814397629	-0.056453444	-0.0534042505	-0.0258766878	-0.0450723362	-0.0408287041	-0.0081570425	-0.0827275562	-0.0541024669	0.0949992161	0.0454578212	-0.0296673442	0.1220048913	0.0246439527	-0.0557204492	-0.1647538664	0.1043341125	-0.0049633025	0.0151817008	-0.0537308316	-0.0616188697	0.0049702044	0.0902594583	0.0023105631	-0.0167993735	0.1948974313	0.0972654736	-0.0457128685	-0.0826533537	0.026520711	-0.0192186502	0.1474368302	0.0100987283	0.0120015469	-0.1461436749	-0.0008959031	-0.083130758	-0.1555445256	0.0657173241	-0.0407146813	-0.0477751134	0.0452446697	-0.0196260296	0.056374434	0.013974347	0.0813623832	0.1983088959	-0.0233473471	0.0382669785	0.0872222979	0.0655557465	-0.0345287688	-0.0818867218	-0.0347150247	0.1060397683	0.0477311016	0.0920542345	0.1050338943	0.0320823141	0.0354282248	0.0828386477	0.0034217518	-0.0021538105	-0.0545650985	-0.0175863227	-0.0497402718	-0.0763712255	0.0020774834	0.0493721551	-0.0434162077	-0.0712352408	0.1014416039	-0.0113950582	0.0	0.0	0.0	0.0	0.1231447817528703	-0.0071472097877035	5.1082607749444727e-05	0.015164637272962	-0.0896431075008905	-0.0503342668185098	0.0025335384161569	0.0080358867224162	0.8416309749328548	0.08906101892196	0.0079318650914177	0.7083426979664276	-0.0199484264337849	-0.0012195142389848	0.0003979397171841	1.487214979086918e-06	-0.0029951761291653	1.6973643896199802e-05	2.8810458711500076e-10	8.97108004472163e-06	-0.005931007698177	-0.0005227887730001	3.517685231583484e-05	2.733081011749504e-07	0.0	0.0	0.0	0.0
55.18856785039974	0.1061851695086701	0.011275290223585	3045.778021378176	62.21756167238858	-1.047700620068177	3871.024980457476	1.0976765892912428	54.59286696506834	0.0421108799939702	0.0017733262138665	2980.38112346565	55.44937461305359	39.85326822003877	0.990134	33.958088	0.3077494362182019	0.1628746159453058	0.0642346605	-0.0801337711	0.0429832151	0.0392744794	0.0370900981	-0.0800643999	0.1338564884	-0.1191557904	0.1320096724	0.0217162188	0.0023156161	0.081340396	-0.0264425714	-0.0110042826	-0.100145697	0.0138628442	0.0231544809	0.0772857174	0.0067913306	-0.0391495375	0.034649644	0.0060950226	-5.37304e-05	0.054336017	0.1093334098	-0.1367753818	0.1093792406	0.0692998146	-0.063514063	0.0298762096	0.051135727	-0.0779867681	0.0077542531	-0.1388480791	0.0551450418	-0.0509936755	-0.0138064162	0.1069970816	-0.0320976986	-0.0497422627	0.1720841628	-0.135816059	-0.0605941868	0.0526124435	0.0132423018	0.0854882766	-0.0359360745	-0.1397660487	-0.1162801827	0.1578041128	-0.0300923169	-0.0298685932	0.1047002083	0.124228637	0.0280592374	0.0980146946	-0.0342865611	0.0982693515	-0.0615265989	0.0414690409	0.1090247481	-0.0139414907	0.0819988982	0.1232677479	0.0411033861	-0.017977945	0.0944598178	-0.0022152701	-0.1013207872	-0.0986040973	0.0631056532	0.1115604334	-0.0131910142	-0.0249978157	0.0226143002	-0.0591027625	0.0493857324	-0.113801161	-0.016298957	0.1008614919	-0.0218538197	-0.1149798339	0.0534205384	0.0595515279	-0.0137248025	-0.0116638284	0.0239333206	-0.0799369617	0.0673032293	-0.0215872066	0.0366018177	-0.0649732096	0.0402753835	-0.1399270443	-0.0897045535	0.0204513323	0.0703231867	0.0293671783	0.0269516868	-0.0982084254	0.0061739599	0.1154742075	0.1437164256	-0.0579093942	-0.0463733805	-0.0783054681	0.0385860565	0.027668376	0.0415877932	-0.2018532335	-0.0021406737	-0.0811655568	0.0820719093	-0.0903366149	0.1328454041	0.1411314985	0.0229269182	-0.0549953503	0.0632787415	-0.0020376767	0.0368792582	0.0112334854	-0.0820591107	-0.0194920502	0.0808967021	0.0321717433	0.0790428608	-0.0106092436	-0.0955487474	0.0720274382	0.1032385364	0.0517029776	0.1049960189	0.0121595117	-0.1382252112	-0.0128652678	0.1217971382	0.0170040777	-0.0447248229	0.0443573205	0.0472467311	0.0077133124	-0.0698682312	-0.0924148849	-0.0355748937	-0.1300980217	-0.0067925929	0.0581498217	0.0370624459	0.0016781942	-0.036252105	0.0698730483	0.0657787014	-0.0526948397	0.0290703444	-0.0451470433	-0.0683592949	0.1030496639	-0.0189272343	0.0	0.0	0.0	0.0	0.1559462407927583	0.0328014590398879	0.0010759357151454	0.0243192300173929	-0.0300894145647561	0.0595536929361344	0.0035466423423313	0.0009053728688497	0.7221092403089102	-0.1195217346239445	0.0142854450475166	0.5214417549395114	-0.0187545051771482	0.0011939212566366	0.0003517314644396	1.4254479670489534e-06	-0.0033249019118635	-0.0003297257826982	1.087190917759406e-07	1.1054972723513558e-05	-0.0055372037451472	0.0003938039530297	3.066062531527218e-05	1.5508155342189685e-07	0.0	0.0	0.0	0.0
55.14707885308477	-0.0414889973149712	0.0017213368982016	3041.2003060283496	62.97351637034837	0.755954697959794	3965.663764046534	0.5714675053674834	54.79064401168397	0.1977770466156343	0.0391157601680028	3002.014671215081	55.5715751431051	38.56553370442693	0.987139	33.855377	0.4348561992552064	0.2360044250205049	0.123208347	-0.1643961005	0.0791651348	-0.0082147723	0.0472183848	0.1211212166	0.0189739511	-0.0227095179	0.1353911175	0.01786092	-0.0604706056	-0.0365853968	-0.1265451363	-0.0711635255	-0.1588081708	-0.0620882717	-0.0369865633	0.0120763625	-0.0979254668	-0.0215223778	-0.0375352609	0.0515560293	0.033887826	0.0598552209	0.06347119	0.0660125505	-0.0376221347	0.1023316389	-0.1072034455	-0.1231464231	-0.0415979882	-0.1287026529	-0.014864823	0.0504475124	0.075818711	0.1065170171	-0.0201635457	-0.0039487405	-0.0978192991	-0.0047863064	-0.0247883888	0.0008054011	-0.0627654022	0.0857659075	-0.1327853485	0.0892810536	-0.0104439652	0.0334410915	-0.0793573045	-0.0512207091	-0.0472415353	-0.0712887086	0.0017834613	-0.1042028047	0.0062750254	0.0521755151	-0.0880326143	0.0133821624	0.0432913852	-0.1193000486	0.1285908275	0.0340568256	0.0610964989	0.0980456447	-0.054132913	-0.076222248	-0.0608095796	-0.1146019493	0.0471729971	-0.0556646499	-0.0119967634	-0.1819737507	0.0449660915	0.0626179824	0.0226348307	-0.094893237	-0.0363365505	0.0049314496	-0.0142120639	0.0497117647	0.1531225261	0.005672241	-0.0090393682	0.0489295235	0.070450224	-0.1158810599	0.1340725912	0.1309477515	-0.0510661302	0.0009156028	0.0342466804	0.0178968022	0.0798192474	0.0574231764	-0.1236151252	0.0408332543	-0.0210287822	-0.0199385473	0.0799684666	0.0628022333	-0.0551806482	-0.0249624039	0.0131410616	0.0659503175	-0.0372506396	0.0758149438	0.0095832798	0.0783276941	-0.0290483622	0.0464648593	0.0255336581	-0.0821082149	0.0467576995	-0.0906514257	-0.0617422699	0.0248381454	0.0153209469	0.0253068419	0.0426123274	0.0649730283	-0.0540552996	-0.0094491963	-0.2373854417	-0.0870072625	0.0153816994	0.0596815017	-0.0041854419	-0.0686069897	0.0393335982	0.0011224871	0.0467692109	0.0861426379	0.1789609871	0.1146988614	0.0620824878	0.0031885022	0.0876726947	-0.099184835	-0.0203897725	-0.017577616	0.1802665656	0.0402065459	0.0171879549	0.0667919242	0.0950596199	0.0118609433	0.0435435885	-0.0553618201	-0.0825938855	0.0081453515	0.1001533246	0.0430652789	-0.0401680373	-0.0776282355	0.0835456129	-0.0468634945	-0.0653962354	0.1043622905	-0.0263629615	0.0	0.0	0.0	0.0	0.1164541297878116	-0.0394921110049466	0.001559626831627	0.0135615643446364	-0.0877341442640755	-0.0576447296993194	0.0033229148621075	0.0076972800697496	0.8981285836824355	0.1760193433735253	0.030982809241647	0.8066349528274176	-0.0209567054627251	-0.0022022002855769	0.0004391835038514	4.849686097794981e-06	-0.0026832101659175	0.000641691745946	4.117682968152259e-07	7.199616794483017e-06	-0.0059273120171726	-0.0003901082720253	3.513302774891871e-05	1.521844639026433e-07	0.0	0.0	0.0	0.0
55.0416459334142	-0.1054329196705694	0.0111161005502607	3029.582787059332	62.41528059905057	-0.5582357712978023	3895.6672522582185	0.3116271763564522	54.73583183075463	-0.0548121809293462	0.0030043751782313	2996.0112862046512	55.544962771157465	38.376418219412	0.943416	32.35582	0.1658543644143311	0.0929168349519764	0.100264994	-0.1319999382	-0.0807302038	-0.1044887959	-0.1131530313	0.023833082	0.0642652495	-0.0202117773	0.0641844979	-0.0205594033	0.0005161767	-0.0205709154	-0.0894937146	-0.1763364439	-0.0134011918	-0.0643366968	-0.0919178853	0.0618041443	0.0528734398	-0.0568151958	0.0113357555	-0.0952699892	-0.0259318881	0.0344043893	-0.002584235	-0.0108836155	-0.059821178	0.0150125104	0.0182362301	-0.0233575518	0.045803982	-0.0247935148	0.0471782848	0.0501525104	0.111202246	0.107034418	0.0995056219	0.0081574878	0.0528805696	-0.0092369475	-0.0573614812	-0.1144506311	-0.0724693692	-0.0020903084	0.107782026	0.0508269643	0.0315448888	0.0292139971	0.0935259847	0.0225170258	0.0026982052	-0.0356580744	-0.018003049	-0.0398607077	0.1628100999	-0.0325210396	-0.0082630688	-0.0508243537	-0.1079237122	0.0195567344	0.0766331423	0.0674771936	0.0825571572	0.0092871269	-0.0477214168	-0.0686973748	-0.0021843545	0.0434092229	-0.0590534572	0.0174908348	-0.0174651368	0.0343871735	0.0331067368	0.0957583098	0.0668172433	-0.0189862472	0.1737431855	-0.0347078245	-0.025962527	0.0231999025	-0.0559597831	-0.0295516769	0.0805561233	0.0048194767	0.0329707989	-0.0386338106	0.049508646	0.0302556351	0.0080377925	0.0284003657	-0.0137162914	-0.0939314585	-0.0146823783	0.1491622744	-0.1572667052	-0.0666442708	-0.0313251073	0.0153873382	-0.0243244753	0.0118220833	0.0071940249	-0.0385425838	0.0520227834	0.0196722353	-0.075730399	0.0162754626	0.00763045	-0.0949971538	0.0690379607	0.0205606369	-0.1141926895	-4.5176e-05	0.0037353771	-0.1191373694	0.1429690986	-0.0629021768	-0.0659104485	0.1026677263	-0.0064451632	-0.0203009555	0.0337789814	0.0087085802	-0.0064833574	-0.0137286514	-0.0376924801	0.0174097887	-0.0308018679	-0.0313669576	-0.0275594231	-0.0695437935	0.0731976389	0.0548824357	0.1936620852	-0.0871171061	-0.011419171	0.0414192686	0.079600403	-0.0372896694	0.0061523225	-0.0526193383	0.1059056687	0.0839674002	0.1990553188	0.0321640791	-0.0477177951	0.0541018024	0.0276444996	0.0380045838	0.0459837035	0.0006202681	-0.0558333477	-0.0436930998	-0.0975904093	0.0127531969	0.041686181	-0.0485650145	-0.0623498384	0.1053757205	-0.0336643492	0.0	0.0	0.0	0.0	0.1283566871061765	0.0119025573183649	0.0001416708707169	0.0164754391248728	-0.0694088331253794	0.018325311138696	0.00033581702833	0.0048175861158267	0.8383846998614004	-0.0597438838210351	0.0035693316540213	0.7028889049616904	-0.0198326379277436	0.0011240675349814	0.0003933335271729	1.2635278231993849e-06	-0.0030720116760489	-0.0003888015101314	1.5116661428045718e-07	9.437255737780771e-06	-0.0059320952147844	-4.783197611800578e-06	3.518975363726798e-05	2.287897939353476e-11	0.0	0.0	0.0	0.0
55.219231789362624	0.177585855948422	0.0315367362329336	3049.163559407356	62.51479757635087	0.0995169773003041	3908.099916012125	0.0099036287709892	54.80584152761563	0.0700096968609997	0.004901357654569	3003.6802655501174	55.62760023267538	38.51428427406818	0.919449	31.533838	0.0597249291052527	0.0345812495937573	0.1014892246	-0.1268514617	-0.0813000769	0.0262290835	0.0089568063	-0.0502650737	0.1402334818	0.1171475426	0.1022407307	0.0260939751	0.0099709478	-0.0529002477	-0.0278389535	0.051036871	-0.1644434562	0.1184010209	0.0169468673	0.0259167227	-0.1166776092	0.0446235528	0.0233103955	-0.127026966	-0.0572877022	-0.0950974284	0.0338472326	-0.058224768	-0.2355910216	0.0294864066	-0.0048524637	-0.0316920086	-0.0196920906	-0.0268932397	0.0275241525	-0.0246891949	0.0630738891	0.0313293973	-0.0453445956	0.0267648395	0.0307160827	0.0247707976	-0.0259756687	0.0387930942	-0.0366756362	-0.0293863314	0.0093761101	0.0429251597	0.0383837233	0.0376881207	0.042622822	-0.0144109413	-0.0873976947	-0.0053625016	0.0705579371	0.0244628453	-0.0991948704	-0.0869572538	-0.0880196002	0.0547942008	-0.0158955425	-0.0950012242	0.0268446422	0.1678608807	-0.0345168687	-0.0816814685	0.0093001144	-0.0289313784	-0.1376364796	0.031443451	-0.0548165494	0.0224016279	0.0551573568	-0.0235056156	0.0190298196	-0.1039483522	-0.0356109357	-0.0985324285	0.0436109156	-0.1106699259	-0.0790099081	-0.0939215925	0.061751027	0.0240409291	0.0710117687	0.0195742524	-0.04355238	0.0486619116	0.1049056346	-0.0073049794	0.0157072408	0.1251458056	-0.1017322732	0.110616513	-0.0036681241	0.1166636582	-0.0293097352	0.075377321	-0.0490638436	-0.1062398177	-0.08226199	0.0061444772	0.0500360348	-0.0343571665	-0.0740119657	0.0333869164	-0.023772282	0.0722718447	0.0614290552	0.0859092596	0.0090804945	0.0259149267	-0.040613994	0.0123522131	0.1026668483	0.0326385699	-0.0462127274	0.0584124719	0.072281876	0.0408549479	0.0125133333	-0.020055712	-0.1405865057	-0.0139050381	0.1618286549	-0.0851386742	-0.0188236731	0.1082820013	0.0893319968	0.0925181878	0.0780225197	0.0032596167	0.0720064758	0.0705305491	0.1549096924	0.028692565	-0.0911320064	0.1165697166	0.1212921896	-0.0058467956	0.0732415687	0.0217471256	0.1417929167	0.0002072375	0.0283871766	0.0166956838	-0.0444570209	-0.0622448517	0.0756992232	0.0043008465	0.1165428409	-0.0876667747	-0.1318274489	-0.0146922626	-0.0851853158	-0.0842270231	0.0995549045	-0.050251061	-0.0592239858	0.1060870483	-0.040794191	0.0	0.0	0.0	0.0	0.12464522607317	-0.0037114610330065	1.3774942999525775e-05	0.0155364323828316	-0.0850494904962033	-0.0156406573708239	0.0002446301629915	0.0072334158336637	0.8632376631862329	0.0248529633248324	0.0006176697860254	0.745179263143228	-0.0200868436779337	-0.00025420575019	0.0004034812889417	6.462056342971049e-08	-0.0031262549288413	-5.424325279240012e-05	2.9423304735002234e-09	9.773469880104524e-06	-0.0059340431593337	-1.947944549299425e-06	3.521286821683508e-05	3.794487967145342e-12	0.0	0.0	0.0	0.0
55.19404957689078	-0.0251822124718472	0.0006341438249772	3046.383108696277	63.29136078098277	0.7765632046318984	4005.796349508524	0.6030504107881638	54.77887135511004	-0.0269701725055853	0.000727390204981	3000.7247469396957	55.59211575603688	39.139424540817394	0.902255	30.944149	0.1333492799069243	0.0601359012634563	0.0775867507	-0.1062040068	-0.0088287423	0.02259225	0.1180861997	0.0934160967	-0.0465843782	0.0324977609	0.0642631364	-0.1647425579	-0.0359308991	-0.0690520369	-0.0412561302	-0.1161721394	-0.1202032216	-0.139562666	-0.0665613319	0.015379025	-0.0072134981	-0.0640231696	0.031115713	-0.0039712508	-0.0632222635	-0.0241224705	-0.0144531611	0.1396796891	-0.1070832329	0.0062844821	-0.050265915	0.0681181293	-0.0551453833	-0.0793335131	-0.1076915954	-0.0323990341	-0.0816113	-0.0259525508	-0.0137127576	0.0347623632	0.0068429007	0.0522748285	-0.0185784939	-0.1289749245	0.0976454037	-0.0006684757	0.0822285797	-0.1429751506	-0.0546853751	-0.0614400466	-0.0343130177	-0.1190599689	-0.0302274112	0.0246458339	0.1049635227	0.1516797418	0.1031324286	-0.0674289029	-0.0025545571	-0.1331108659	-0.1147181286	-0.0141398507	0.0178607616	3.54203e-05	0.0587130056	-0.0890642273	-0.0095789784	0.0128223481	0.0040445016	0.0037252891	-0.0243728492	-0.0595953157	0.0489621996	0.1075558537	0.036824399	0.029324292	0.0048945458	-0.0411967313	-0.0727181706	-0.0227621288	0.037991131	-0.0110933714	-0.0456266483	-0.0802542984	0.0024245101	0.0609929745	0.0405809394	-0.0516522517	-0.0912036055	0.1536584268	-0.0735472837	0.1969501754	-0.0320469478	0.0838673283	0.071183641	-0.0556958168	-0.0521611642	0.0054966624	-0.0050315884	0.0149022731	-0.0393467568	-0.0328120088	-0.0898505771	0.0910692767	0.1525425446	-0.0755926852	0.1214148573	-0.1004018297	0.0134876219	-0.0473279169	0.0371224046	-0.0637762453	-0.0540091762	0.0530083631	0.1172258464	0.0032119059	0.0415199136	-0.1429115775	-0.0935440857	0.1012084421	-0.0045805527	-0.0492935591	-0.0063115198	0.135265001	0.1483016104	0.0374904789	0.0069784983	0.0522246297	-0.0002871258	0.1243314495	0.0352805381	-0.1019506522	0.1013247199	0.0690321203	0.0822963157	0.1747639339	0.0261535067	0.1477333162	0.0277789697	-0.0355996047	-0.0154546729	0.0203890887	0.1289185934	-0.0670733836	-0.0939897233	0.0125810017	0.034556264	-0.0389483644	0.0258299218	-0.0450942062	-0.0295609632	-0.0861146371	-0.0355712662	-0.0033485338	-0.0869818799	-0.112635269	0.1477462956	-0.0519210969	-0.0560226613	0.1064942348	-0.0477161549	0.0	0.0	0.0	0.0	0.1072709044069313	-0.0173743216662387	0.0003018670533619	0.0115070469322809	-0.0747653371428924	0.0102841533533109	0.0001057638101944	0.0055898556380903	0.829275822840728	-0.0339618403455048	0.0011534065996535	0.6876983903481665	-0.0194473005118268	0.0006395431661068	0.0003781974971972	4.09015461314036e-07	-0.0035473092990054	-0.0004210543701641	1.7728678263428699e-07	1.2583403262810183e-05	-0.0055600614047673	0.0003739817545663	3.0914282824782924e-05	1.3986235274856276e-07	0.0	0.0	0.0	0.0
55.20257702954489	0.0085274526541141	7.271744876815834e-05	3047.3245107028374	63.2765468192224	-0.0148139617603675	4003.921377365245	0.0002194534630376	54.773482754243815	-0.005388600866226	2.903701929549221e-05	3000.1344130294447	55.64592791993142	38.9479764739902	0.893421	30.641163	0.089984140391035	0.0464350991903452	0.0886725309	-0.1118309409	0.0048432524	-0.0883977543	0.1111622169	-0.0035047601	0.0167920508	-0.0214553323	0.0059741576	0.1870889379	0.0048245001	-0.10240691	0.080870248	0.0260674521	-0.1714294531	0.0296888182	0.0282724239	0.0304055904	0.0182718829	0.0840128108	-0.0471781044	-0.0160021071	0.0788793604	-0.0065990746	0.0933124572	-0.0297484152	-0.0367813245	-0.0748143718	-0.0401452709	-0.0310930911	0.0412145744	0.0457541408	-0.0836595959	-0.0392601403	0.0383678168	0.0352544639	0.0609553781	-0.1332078532	0.0688966401	0.0692001683	0.022874838	0.0305615171	0.0240779655	-0.1569532547	-0.0391007167	-0.0056693434	-0.1392485874	0.0162797696	-0.0957394513	0.0547666924	0.0463657021	0.0158452352	0.0191031181	0.0265495233	0.0665364012	0.0309878801	-0.015375033	-0.0533740301	-0.0003000598	0.0071830592	-0.0853832233	-0.0200882531	-0.0997262015	0.0695550718	0.0051650148	-0.0138592221	-0.0599390879	0.0506244983	-0.0570393198	0.0217144108	-0.0464956672	-0.0704644587	-0.0853408466	0.0540870335	0.1270933607	0.0141444831	-0.0826264005	-0.0579589732	-0.048989656	0.0068858755	0.0806272177	-0.0146213624	-0.0304167372	-0.0345378139	-0.0091622261	-0.1051213353	-0.0442482811	-0.1053334093	0.0013366332	-0.0263516306	-0.0245885536	0.1628053745	0.0765874014	0.1025395315	-0.0878808847	-0.0848802806	0.0073874721	0.0626977216	0.0136546559	0.068164897	-0.0272391029	-0.031327987	0.0121988225	0.0231697027	-0.0154109009	-0.1223018827	0.0055908288	-0.0777766869	-0.1531640099	-0.094802661	-0.0157273647	-0.0372888975	-0.0637830039	0.0700013146	0.0636323875	0.0105464832	-0.025107953	0.0399467001	-0.0525277523	-0.0307828944	-0.0851534956	-0.0033545349	0.0063345996	-0.0147039798	0.0381952785	-0.0350341171	-0.0439813294	0.0719593623	0.0182009339	0.0185530798	-0.0174595674	0.0520295254	0.1238846894	0.0314899833	0.0620548645	0.052376986	0.0648068067	-0.0046598839	-0.0799636632	0.0004151411	0.1436585647	-0.0262623963	0.0195612844	-0.021180772	0.0272266494	0.0019474661	-0.0474217317	-0.0187929767	-0.082912677	0.0453907367	-0.0688914704	0.0142654067	-0.097325203	-0.0424686042	0.0374428994	-0.0535745901	-0.0527499444	0.1065961126	-0.0543949683	0.0	0.0	0.0	0.0	0.1097168378291115	0.0024459334221802	5.982590305738168e-06	0.0120377845032195	-0.0550788628173819	0.0196864743255104	0.0003875572713689	0.0030336811292559	0.8624509004758423	0.0331750776351142	0.0011005857760958	0.7438215557315911	-0.0192252277678979	0.0002220727439289	0.0003696093827275	4.93163035961114e-08	-0.0036377678994745	-9.045860046910008e-05	8.182758398828274e-09	1.3233355290447118e-05	-0.0059410631605339	-0.0003810017557666	3.529623147745306e-05	1.45162337897232e-07	0.0	0.0	0.0	0.0
55.25588078660358	0.0533037570586927	0.0028412905165721	3053.212361503347	62.83563922723958	-0.4409075919828211	3948.3175570958097	0.1943995046680899	54.83288212284251	0.0593993685986973	0.0035282849899239	3006.644961897542	55.67083173858924	40.38775270026543	0.948464	32.528934	0.4870309996810633	0.2920773792791434	-0.0160802301	0.0155776055	0.00705708	0.0129193898	0.0598378035	-0.0518162082	0.0840239092	0.0602256591	0.0124894475	0.1129685123	0.0116325463	0.1299402206	0.0415322026	-0.0760109655	0.054342907	0.0407934231	-0.007567265	-0.021353645	-0.0067291061	0.1073568939	-0.0005101981	0.0039757171	0.0020072547	0.0468241123	0.1470000844	0.0668634416	0.0535422001	-0.0257546979	0.0483517675	-0.0998006978	0.0791505423	0.1560161981	0.0056453465	-0.0039759823	-0.0233822452	0.1023681062	0.043015555	0.0116820416	0.0332097973	-0.1244814545	-0.0567504196	-0.0931381408	0.00169175	0.0944102401	-0.0272435981	0.0413836418	0.0473101647	-0.0343162958	0.027665061	-0.0743502647	0.0462399518	0.1404074057	-0.0727733299	0.0678611076	-0.0861480308	-0.0587361071	0.0381199996	-0.0062862423	-0.1477824127	-0.0040768797	-0.0676467346	-0.0017697107	0.0863100278	0.0464139598	-0.1004190041	-0.1007397524	0.1170270187	0.1292446907	0.0188282981	0.0137827222	-0.0885393045	-0.0023556499	0.0393618341	0.0095909498	0.0275285631	0.0273597152	-0.0363167562	-0.0626834795	-0.0983495513	-0.0281436403	-0.0807973041	-0.08654246	-0.0262678013	-0.0205514245	0.0919529909	-0.0841012674	0.028405523	-0.067547126	0.0041786513	-0.1337759259	-0.0244156171	-0.0856554181	-0.0885635805	0.061471114	0.0615533778	-0.0116113287	-0.0555594103	-0.0218244205	-0.0224235533	-0.1098965868	-0.0026921178	0.0362416697	-0.0610759746	-0.0150967855	0.0625369818	0.1090967406	-0.0221248792	-0.0362809852	0.118101661	-0.09785217	-0.0106099471	0.016875886	-0.0849194333	-0.0020949011	-0.0162740401	-0.0437817867	-0.0462119922	-0.123128709	-0.1358415695	0.1164892728	-0.1023452952	-0.0157317364	-0.0342083312	0.1221545816	0.091247721	0.0785117393	0.0721515573	0.0143873086	0.0263946413	-0.1000445228	0.0337939889	-0.0011265853	0.0001530328	-0.0388760551	-0.075040471	-0.0252228183	0.0819825301	0.0598868234	-0.0182454996	0.0084696022	0.0177785026	-0.0522946605	0.0047696184	-0.105944601	-0.0448742637	-0.0547441747	-0.0298850535	-0.0001730174	0.0555978235	0.00696067	-0.0936787374	0.0455767717	-0.0800923212	-0.0536164014	0.0332533826	-0.0552110137	-0.0494100056	0.1063923895	-0.0607965974	0.0	0.0	0.0	0.0	0.1181153679731892	0.0083985301440776	7.053530858098172e-05	0.0139512401514418	0.0082857714924671	0.063364634309849	0.0040150768812208	6.865400922538047e-05	0.6932885719872957	-0.1691623284885466	0.0286158933796669	0.4806490440481836	-0.0153765610716182	0.0038486666962796	0.0002364386303892	1.4812235339052496e-05	-0.00303716806083	0.0006005998386445	3.6072016617979946e-07	9.224389829725864e-06	-0.0054682195606863	0.0004728435998476	2.9901425163872272e-05	2.235810699168374e-07	0.0	0.0	0.0	0.0
55.4724677721392	0.2165869855356135	0.046909922303404	3077.194680731022	63.02507134175672	0.1894321145171389	3972.159617633524	0.0358845260104344	54.94906056437856	0.11617844153605	0.0134974302777454	3019.399256907743	55.71629244974512	40.97979917183432	0.917372	31.462605	0.1068679392327856	0.0574753869846301	-0.0425759865	0.0393573423	0.107393511	0.089221526	0.0209906373	0.0609580045	-0.0225859073	0.0619485633	-0.0645147187	0.0634989224	0.0606892648	0.0160651762	0.1637449618	-0.1088531974	-0.0228314327	-0.0216255049	0.0313356599	-0.1213406396	-0.0132538772	-0.0091151077	0.0421417615	-0.0626060622	0.0967124373	-0.0025619806	-0.0729384168	0.0641729118	0.1084073737	-0.0038752147	-0.1367107855	0.0287967619	-0.0880815066	-0.0035825108	-0.0679487881	-0.0091966509	0.0291112373	0.1153061706	0.019957548	-0.0069187435	0.1563438273	-0.1542654342	0.0673956773	0.0119001691	-0.0276828192	-0.0146294333	0.0041485379	0.0033280259	-0.0535058901	0.103376641	0.0303455681	0.0601708427	0.0937719532	-0.0415621196	-0.025244884	0.1238748571	-0.0221652862	0.0091645505	0.0913652638	0.0304530087	0.0396068498	-0.130970785	-0.062489204	-0.0755461819	-0.0038844714	0.0159646234	-0.0439492816	0.0507963593	-0.0216700085	-0.1344176115	-0.0819632797	-0.0648846557	0.1681954748	0.0712239207	-0.0222097611	-0.0851737421	-0.0787076878	0.0088275543	-0.0267572911	0.0897505521	-0.0863602728	-0.0161150983	0.0139902848	-0.0055941984	-0.0300618387	0.024613323	-0.1080828685	-0.0938819678	-0.0401569898	0.0485185321	-0.0346383844	-0.0672653181	-0.1036627319	0.0583973617	-0.0593410868	-0.1072079014	-0.0482765183	0.0426187767	-0.1826014157	0.0470586196	0.0494634571	0.0288680865	0.0195151734	0.1734989226	-0.0449443449	0.017225301	-0.0044866362	0.0568751633	-0.0139899565	-0.132134276	0.0557111926	-0.1255818006	0.0278589191	-0.0243894934	-0.0829411098	0.0909231626	0.0283997708	0.0042192271	0.0642314562	-0.0303565158	0.0249713694	0.0067475862	0.007720209	0.0919756352	-0.0221036445	0.0419250295	0.0575969283	0.033586277	0.0934908053	0.0722823888	0.0063530885	0.1288018564	-0.1129472586	-0.0150076442	-0.0673098625	0.0972449096	-0.0133538097	-0.0369241822	0.0304166121	-0.0211076701	-0.014322339	0.0151364469	0.0097412136	-0.0317075646	-0.1175981428	-0.0817464923	0.0001048416	0.0564444474	0.0599918021	0.0293786513	-0.0632341952	-0.0401699352	0.0312862583	0.0542746912	0.0400353905	-0.0270134423	-0.0121243372	-0.0568298464	-0.0460071013	0.1058836497	-0.0668884209	0.0	0.0	0.0	0.0	0.1190157482650846	0.0009003802918954	8.106846700336509e-07	0.0141647483350979	0.0404852930663537	0.0321995215738866	0.0010368091895871	0.0016390589546685	0.663599631057032	-0.0296889409302636	0.0008814332135606	0.440364470339029	-0.0149005569880628	0.0004760040835553	0.0002220265985545	2.2657988756141534e-07	-0.0033059895484102	-0.0002688214875802	7.226499218483163e-08	1.092956689419748e-05	-0.0053314632030871	0.0001367563575992	2.842449988587176e-05	1.8702301343800344e-08	0.0	0.0	0.0	0.0
55.42349661630546	-0.0489711558337404	0.0023981741036924	3071.7639771776226	63.49999467820084	0.474923336444121	4032.249324131535	0.2255521754992157	55.00198895616016	0.0529283917815988	0.0028014146565864	3025.2187891335643	55.772893592492856	40.15583164981335	0.944256	32.384632	0.1417649751704362	0.0757128056839473	-0.0120447045	0.0199020575	-0.0465044124	-0.0545323969	-0.0093472561	0.0589363076	-0.1482622185	0.0773509619	-0.0572545492	0.0171141541	0.0721630544	-0.024344529	0.0367539423	0.0053615467	-0.1680593193	-0.0076984841	-0.0397524597	-0.1228034968	0.0146836877	0.0780317421	0.0794738986	-0.024483259	0.0121508516	0.0811203285	0.0614765111	-0.0196273362	0.0293111943	0.0143917691	0.0135885401	0.0792789611	-0.0508319658	-0.0233686851	-0.0158954024	0.1005891485	0.0270429414	0.0144860296	0.0002993713	-0.0725665371	-0.122756031	0.158538919	-0.0371835561	0.042072904	0.0069604776	-0.0037880139	-0.081847872	-0.101497452	-0.0049897384	0.0079952585	0.087282087	0.008418114	-0.0011852619	-0.0246912413	0.0003404359	-0.0804281082	-0.0807049792	-0.0758391714	0.0226454956	0.00180432	0.0858845226	-0.0884336757	-0.0426659206	0.0779637924	0.140701683	0.009032224	0.078691587	-0.0119468053	-0.0705772722	-0.0331782355	0.051440503	-0.0041890717	0.1168585553	-0.1049873899	-0.0343154817	0.019075358	0.0305847009	0.052775997	-0.021734705	0.1459265771	-0.0842664065	-0.045744608	0.0377205244	0.0109518713	0.0209075524	0.1445787655	0.0306238575	-0.0947805625	0.0185129003	-0.0297093662	0.0534498592	0.0373749538	0.0577461507	0.0733306339	0.040928424	0.0851561189	-0.0134687174	-0.0360368661	-0.002455609	-0.0335163527	0.0403330778	0.0221985421	-0.0727887458	-0.0564404408	-0.0877257213	-0.0231200167	0.0682020639	0.0676665135	-0.0538988963	0.0077954793	0.0048863829	0.2123511503	-0.0429849961	0.060795223	0.1206450643	-0.0178100641	-0.1656794097	0.1093529483	0.0460077554	-0.06112045	-0.0272516269	0.0294038646	0.0062678153	0.1097437726	0.1043182112	0.0198216406	0.0346511726	-0.0206043824	-0.1096712416	0.0360712787	-0.0692256482	-0.057636462	-0.0301596112	-0.0100417325	-0.0079727518	-0.0588951556	0.0920515498	0.0221915988	-0.0151650201	-0.0230213967	0.0261794874	-0.0307204055	0.0203335028	0.0262062536	0.1041433932	-0.0851702921	-0.066484548	0.0974998379	-0.0086581485	0.0311902238	-0.009922036	-0.0118279812	0.0373864378	-0.0064130682	-0.006795682	-0.0090565792	-0.0534345452	-0.0584305724	-0.0425455678	0.1050713516	-0.0726393964	0.0	0.0	0.0	0.0	0.1110793818327238	-0.0079363664323608	6.29859121487033e-05	0.01233862906834	0.0212588354120129	-0.0192264576543408	0.0003696566739341	0.000451938083075	0.7312320240597217	0.0676323930026896	0.0045741405832702	0.5347002730104774	-0.01434740835914	0.0005531486289228	0.0002058481266239	3.059734056791744e-07	-0.002920940537552	0.0003850490108581	1.4826274076287818e-07	8.531893623914568e-06	-0.0053302656812472	1.1975218398999413e-06	2.841173223268168e-05	1.4340585570373405e-12	0.0	0.0	0.0	0.0
55.43298317072633	0.0094865544208744	8.999471478021213e-05	3072.8156232060287	63.70372460172584	0.203729923524996	4058.16452813253	0.0415058817395007	54.95578391503133	-0.0462050411288288	0.0021349058257167	3020.1381857156166	55.82339528510142	41.6375423368002	0.959315	32.901089	0.3113664514780446	0.1742993989251826	-0.090961534	0.0971813857	0.0195185409	0.0105525691	-0.0137933054	-0.0848418917	-0.0787949317	0.1804510306	-0.1388931247	0.0279399361	-0.0361473153	0.0293587248	0.0273233135	0.0161747881	0.0119022067	-0.0976712741	-0.1373109808	-0.1354939324	0.0232165457	-0.0026437091	-0.0934919745	0.0507356759	-0.0716271079	0.0508642984	0.0498388091	-0.0041318024	-0.0110567266	0.1036475284	0.014333272	-0.0158356041	-0.0578939664	0.1167762622	0.0383068643	-0.0908987491	-0.0249016231	-0.0640968912	-0.0685699111	0.1083108329	0.0293309904	-0.0236469984	7.4734e-05	-0.0288408758	-0.0896583642	0.0554754423	0.0839175096	-0.05108574	-0.0764335849	-0.0581070177	-0.0508478624	-0.0950814325	-0.0177894855	0.1202019244	0.0169296715	-0.0502852804	0.059989489	0.0120727899	0.1742900402	-0.0157777395	0.033556269	0.0168365408	0.0747922112	-0.0283577964	0.0917202764	-0.0624283118	0.0549148734	0.2051005519	0.0278990872	-0.0044085487	-0.0212155814	0.0917225686	0.0145366739	0.1383782107	-0.0441482587	-0.1265274096	-0.0659336864	0.1148261607	-0.066467634	-0.0400923791	-0.0520791042	-0.0693727458	-0.104243309	0.0610010187	0.0028411049	0.026068546	-0.0096253093	-0.0156381441	0.1751127001	0.0140099596	0.0176367718	-0.0233296123	-0.0865973904	-0.0778894857	-0.0260277562	-0.0713821764	0.0094607658	0.0814768261	0.0982719769	0.0203916896	0.0304115589	-0.116001224	0.0079315053	0.0553166176	0.1122502251	-0.0210707103	0.1158618145	-0.0957048652	0.0328435646	-0.1008458648	0.0962960232	0.0685149718	0.0723492174	0.0112347479	0.0608102758	-0.1125257385	-0.0161222608	-0.0171300132	-0.0707736485	-0.0643572143	0.12170131	-0.0218201201	-0.0746581772	0.0420194275	0.0080951582	0.0001774379	0.0010164194	-0.0047356541	-0.1100315878	-0.1286336875	-0.0705929476	0.0691919691	-0.0610737242	-0.0675643126	-0.0960688663	-0.0201587073	-0.0993545429	0.0595861016	0.0492089447	0.0326009556	-0.0258575322	-0.0211192467	0.0065939314	0.0980746421	-0.0366817671	-0.1305753131	-0.0148440385	-0.0147767733	0.0495043726	0.1275190082	0.0007971811	0.0254618604	0.12828155	0.101269043	0.009099825	0.075502864	-0.0836290372	-0.0600126818	-0.0390298165	0.1039578241	-0.0780202182	0.0	0.0	0.0	0.0	0.138083313156855	0.0270039313241311	0.0007292123069583	0.019067001372374	0.0543854040300857	0.0331265686180728	0.0010973695484078	0.0029577721715156	0.587480972553756	-0.1437510515059656	0.0206643648090707	0.345133893112707	-0.0131115997642211	0.0012358085949189	0.0001719140483771	1.5272228832754266e-06	-0.0021782848683229	0.0007426556692291	5.515374430381226e-07	4.744924967564514e-06	-0.0051590319447977	0.0001712337364495	2.6615610607443136e-05	2.9320992498456872e-08	0.0	0.0	0.0	0.0
55.27879138314355	-0.154191787582782	0.0237751073579737	3055.744776781105	63.58845840958116	-0.1152661921446807	4043.492042907033	0.0132862950515344	54.889513786500615	-0.0662701285307179	0.0043917299354778	3012.858723718441	55.789479972118166	40.74621705182026	0.91428	31.356544	0.1512401398580998	0.0846260676638105	-0.0633950985	0.0676726534	0.0445813199	0.0341038706	0.0589355782	-0.0486853216	-0.1503965583	0.1090825013	-0.0434583702	-0.0422779809	0.0206424245	0.045579748	0.0123827572	0.0404804324	0.0244715023	0.0121813769	0.0183030518	-0.0846259394	-0.0187364832	0.0748587177	0.0200385656	0.0320610248	-0.0311748628	0.1259948118	-0.0799457134	0.0214171734	0.038966612	0.0391064147	0.0266648212	0.0180205255	-0.11429251	-0.077778504	-0.0635668633	-0.0843903049	0.1279971214	-0.0112197297	0.0248626367	-0.1333707397	-0.0497111672	0.031695347	-0.0069776433	0.0136239275	0.0502664216	0.0326574579	-0.0753781125	-0.0482006773	0.0304374531	-0.0448794244	-0.0685263986	0.121285459	0.0589997121	-0.0297680443	0.0093098835	-0.0792657199	-0.0251474761	0.0888264695	-0.0667305534	-0.03555544	0.0668425168	-0.0724695598	0.0134958216	0.0004192617	0.1350327755	0.0539820334	0.0758311653	0.1620002158	-0.0175835398	-0.0503542927	-0.0361284553	-0.0402656655	-0.003245541	-0.0144764637	-0.0085583143	0.050648913	-0.0367518818	0.063933116	-0.0774856836	0.0728018519	-0.1311194524	0.0736882989	0.0536520212	-0.0338318348	-0.1583256465	0.1084527974	0.034921756	0.0519880252	0.0003866905	0.0969771853	-0.0583063185	0.0886315399	-0.0034840193	-0.0151491628	0.0408122535	-0.0074781911	-0.0076656066	0.0708002053	0.1054731151	0.0412470761	0.0387829314	0.0149762159	-0.1252512846	-0.059970689	-0.1064879358	0.0390484407	0.020178011	-0.1038956267	-0.0385196418	-0.069693382	-0.1449928761	0.00560564	-0.0523095988	-0.0542465989	-0.0304069761	-0.0227004977	-0.0012492533	0.1162654668	0.073772928	-0.0739565108	0.024162087	-0.036117879	0.0587012004	0.0604446414	0.000256181	0.0850960106	-0.0204143806	-0.093283489	0.0339810639	0.0041741148	0.0404206884	0.0740130024	0.0111470729	-0.0480272167	-0.0883863106	0.0329678653	0.0159066378	-0.0410672795	-0.0200043977	-0.0941384973	0.0338657746	-0.007335752	-0.0218525716	0.0450113956	-0.0055829111	-0.003877919	0.0096379663	-0.0324923078	0.0395696366	0.0354684082	-0.0356917086	0.0079985784	0.037871964	0.0557104551	-0.0112081035	0.0451693256	-0.0467804145	-0.0615756703	-0.0354643276	0.1025462595	-0.0830034668	0.0	0.0	0.0	0.0	0.1447219586233643	0.0066386454665093	4.407161363000451e-05	0.0209444453077827	0.0403280162993127	-0.014057387730773	0.0001976101498132	0.0016263488986376	0.6297379234844485	0.0422569509306924	0.0017856499019589	0.3965698522745051	-0.0140976385878395	-0.0009860388236184	0.0001987434137533	9.722725616827597e-07	-0.0029379501492055	-0.0007596652808825	5.770913389784393e-07	8.631551079216618e-06	-0.0051389929346962	2.003901010149984e-05	2.640924838285746e-05	4.015619258480126e-10	0.0	0.0	0.0	0.0
55.30108704215815	0.0222956590146026	0.0004970964108954	3058.2102280443523	63.50157916360568	-0.0868792459754743	4032.45055627168	0.0075480033812669	54.83261747733175	-0.056896309168863	0.0032371899970388	3006.6159394153874	55.680196877312135	40.24864225587404	0.900878	30.896906	0.0746195062633192	0.0313338168491207	-0.046916323	0.06965096	-0.0864676772	-0.0598823257	-0.0338441592	-0.0083440574	-0.0647787662	0.0631808116	-0.0786344497	-0.0219264667	-0.042332753	-0.0027679302	0.027739836	0.0320344441	-0.0492681766	-0.0506675372	-0.0761546361	0.0059109257	0.02864901	0.0592625239	0.0771183204	0.0322623708	0.0709192983	0.1104519421	-0.0518904285	0.0830472139	-0.0698117322	-0.0013538594	0.0544071041	-0.0443861264	0.0112733635	0.0158506453	0.0081071954	0.1158585179	-0.0422649239	-0.0618678556	0.040380791	0.0708703256	0.0997629853	0.0455502129	0.0298312529	-0.0137806978	-0.146672788	-0.0606503302	0.0468138268	0.0711685634	-0.00369257	0.0256171885	-0.0533081438	-0.0551244494	0.0239581027	0.0198795529	-0.029325606	-0.0699710017	-0.0749386174	0.0063151864	0.002203005	0.0622026141	0.0536891029	-0.0283341638	0.0650247884	0.0396325982	-0.0901679369	0.051273756	0.1051910086	0.0263986382	-0.1042345521	0.0819238344	0.1354937097	-0.0942544925	0.0544641973	-0.0071212108	-0.015175117	-0.0829285724	0.0556220995	0.0710142016	0.0536881086	0.017109251	-0.020522086	-0.063698882	0.0538138111	0.0294746488	-0.1449449435	-0.04599513	0.0628524382	0.0720451911	-0.0020023452	-0.0132071676	0.077676287	0.0262513751	-0.1003534522	-0.0677715332	0.0430835383	0.0863244673	0.0007681262	0.0399143862	-0.0616489592	0.0192427341	0.0282030767	-0.0874584739	0.1054356916	0.0464567756	0.0855858855	0.0507248403	-0.1046836014	0.0533875587	-0.0224003337	-0.019207657	0.0223436603	0.1129385727	0.0860099608	-0.0247809373	0.0169582492	0.0066648093	-0.139583382	-0.0040968913	0.0502530028	0.0071408425	0.0217648807	-0.1044449066	-0.0264892716	-0.0177210529	-0.0088912149	0.0626651686	-0.0264898638	-0.0203968982	0.0651007084	-0.0098052035	0.1007205526	0.0563446948	0.0802184024	-0.0471238982	-0.0520639231	-0.0797451633	0.0686913119	0.0847856302	-0.0242479472	-0.016714947	-0.0724306363	-0.0238502734	-0.0117721558	0.0669904544	0.0035072953	0.0156239363	0.0088375029	-0.0042563808	0.039501384	0.0268960052	-0.0292913715	-0.0396643494	0.0265321143	0.0222892548	-0.0291752762	0.0885858278	-0.0236476215	-0.06311904	-0.0318536448	0.1008407046	-0.0875637488	0.0	0.0	0.0	0.0	0.1351745366078915	-0.0095474220154727	9.11532671415345e-05	0.0182721553471582	0.0302150404939141	-0.0101129758053986	0.0001022722796405	0.0009129486720488	0.6500401407490912	0.0203022172646427	0.0004121800258607	0.4225521845850983	-0.0137976299591296	0.0003000086287099	0.000190374592489	9.000517730039527e-08	-0.0032140354254714	-0.0002760852762659	7.622307977081835e-08	1.0330023716185124e-05	-0.0050219490161159	0.0001170439185803	2.521997192046745e-05	1.3699278876631945e-08	0.0	0.0	0.0	0.0
55.270619217313445	-0.0304678248447061	0.0009282883507676	3054.8413486652585	63.21786048128197	-0.2837186823237161	3996.497883830832	0.0804962906995057	54.86538212525778	0.0327646479260295	0.0010735221537166	3010.210155750556	55.76825827711765	40.83620509687876	0.922546	31.640043	0.0758542385903745	0.0432883979936187	-0.0626234539	0.0961392206	0.0480204176	0.043225942	0.0365019873	-0.0729868988	-0.071886907	0.0805000649	0.0411709002	-0.0389930491	0.0539600093	0.1208475437	0.1298204709	0.1498012145	0.0326038407	-0.0343566426	-0.0905539786	-0.0536114252	-0.0356115614	0.0609560875	-0.0279759994	0.1421493399	0.0421108079	0.0475862443	-0.0065307798	-0.0476679752	-0.0500162286	-0.0276844772	-0.0739223391	-0.1155310493	0.0135828577	0.0129113305	-0.0475358803	-0.0237617392	0.116732885	-0.0271315835	0.0607381614	0.0978255244	0.1018066078	-0.1125291513	0.0415337836	0.0037794844	0.0048937935	0.0348910488	-0.0053947818	-0.0207750355	0.0108528511	-0.0007674725	0.0466869504	0.0294252808	-0.0653594551	-0.0488678241	-0.0149613765	0.0468737972	-0.0693549401	-0.0795053819	0.02748307	0.0328867783	0.0286330714	-0.0843230853	-0.0934274146	-0.0527959086	0.0638275257	0.0003676324	0.1062760169	-0.0486918065	-0.1041552516	0.0736398091	-0.0062887391	0.1631670891	-0.0910591516	0.0235220279	0.0694048949	0.0712354277	-0.0228245777	0.0463917306	-0.0857556951	-0.0544172792	-0.1168554084	0.0592504119	0.0782512026	-0.007346584	-0.064321753	-0.0461525261	0.0124435958	0.1052609237	0.1634394416	0.0237679041	0.0704530608	-0.058860201	-0.0474074504	0.0947826513	-0.0840836954	-0.0028141478	0.0414993662	0.0390277076	-0.0829454651	0.0853437161	0.0825537604	-0.0231041117	0.0530199939	0.0300645093	0.058456381	-0.0963823075	-0.0076265227	0.0411105218	-0.0013939847	0.0136326449	0.0684650986	-0.0181337096	-0.0917061913	-0.0369513365	0.0098566124	0.0381625194	-0.0602720173	0.0477244001	0.0346425508	-0.0521941526	0.0007730851	0.038056215	0.0674826435	0.0959626863	0.0791597765	0.0402627967	-0.0427964708	0.0124310919	-0.0088470772	0.0553500064	0.0711733505	0.0252859231	0.0007866048	-0.0566807797	-0.08623177	-0.0467871308	-0.0830931093	-0.0572919898	0.0866989998	0.0120932343	0.0058188099	0.0261142363	0.0134644837	0.0653796309	-0.0382390017	0.0073322349	-0.0495230567	0.020916258	0.0194140771	0.0381208864	-0.0798122205	-0.0012524617	0.0071093232	0.0340757351	0.0512930205	0.0549328255	-0.1078797774	-0.0646422992	-0.0282023693	0.0988460491	-0.091677826	0.0	0.0	0.0	0.0	0.156943621468244	0.0217690848603525	0.0004738930556572	0.0246313003195674	0.0536734366009739	0.0234583961070598	0.0005502963479157	0.0028808377965587	0.6501332947788185	9.31540297273159e-05	8.677673254437654e-09	0.4226733009799621	-0.0133982196931241	0.0003994102660054	0.0001795122909452	1.5952856059058426e-07	-0.003176690100535	3.7345324936400096e-05	1.3946732946053066e-09	1.0091359994837068e-05	-0.0048480325351931	0.0001739164809227	2.350341946229084e-05	3.024694233657048e-08	0.0	0.0	0.0	0.0
55.08114078888708	-0.1894784284263622	0.035902074838924	3033.9320706052004	63.21585290790222	-0.0020075733797497	3996.2440588735294	4.030350875079922e-06	54.73179349419791	-0.1335886310598724	0.0178459223484507	2995.5692190915247	55.54162447860924	39.982204075424654	0.959907	32.921417	0.228331365651098	0.1212561482351445	-0.0155501135	0.0418177616	-0.0494837291	0.0266400462	-0.018787049	0.0758446614	0.0067185659	0.0941074281	-0.1126607467	0.0574087636	-0.0856122912	-0.0375115113	-0.0985979403	0.0512513941	-0.0009839452	0.1627615824	0.0054948487	0.010277938	-0.0265470524	0.0668056503	-0.0528418946	-0.0171388027	0.0037588119	-0.1619930097	-0.0239008146	-0.1007735069	0.0578448832	-0.0189309257	0.0442006101	0.0725712747	-0.0529777472	0.0588938764	-0.0143083922	0.0744859503	0.0424921095	0.0722363235	-0.1486355072	0.0575019632	0.0698845707	-0.0131435895	-0.0091014407	0.001928864	-0.0054908028	-0.1267126097	0.0091339128	0.0301637116	0.0044478945	-0.0904624594	0.1106944034	0.0846050343	0.0850965116	-0.0866593279	0.0043597657	-0.1076300399	-0.0027135115	-0.0171281402	-0.0331510004	0.0940744126	-0.0009806752	-0.0283641551	0.1649829199	-0.1125397309	0.0549616278	0.0388773389	-0.0523453011	0.044784162	0.1060056113	-0.0499623397	0.1566412695	-0.011777272	0.1025875386	0.0570372308	0.0781246254	-0.0939910875	-0.006889002	-0.0492830132	-0.0278653885	0.0821647245	0.0030392917	-0.0291421775	-0.006210015	0.0696524678	0.0884825814	-0.0431638401	-0.1336128852	-0.0183944051	-0.0656749315	-0.1444663117	-0.0047220964	0.0125087682	-0.0232066781	-0.0061417264	-0.0595274946	0.0702704808	-0.0303341596	0.0978892992	-0.0376686422	-0.0283627972	0.0005632998	-0.0143661769	0.1074808608	-0.0342234286	-0.0906753514	-0.0165544623	-0.0175276696	0.0461338414	0.028857295	-0.0140951455	0.1025764685	-0.0013148984	0.0078215792	-0.0366475929	0.0220123311	-0.0260904926	0.1279899181	0.1180495606	0.0596345739	-0.0073628471	0.1254086002	-0.0497716528	-0.033402603	-0.0776462119	-0.0733694647	0.1228961471	0.0815210684	0.0063190173	-0.156328441	-0.026208442	0.0237393423	-0.0082744207	-0.0712583405	-0.0163121467	-0.0546584671	0.0549125558	0.0910908862	0.1043781082	-0.0459372257	-0.0281265842	0.0252813777	0.0236914298	0.0553356674	0.1038929022	0.0338694368	-0.0620909979	-0.0136871192	0.0579127739	0.0092054447	-0.0112580987	-0.0239267043	-0.0316998557	-0.0111711335	-0.1131314169	0.0348282338	0.0413025932	-0.0657334576	-0.0661449626	-0.0245151542	0.0965680115	-0.0953247341	0.0	0.0	0.0	0.0	0.123918941546492	-0.033024679921752	0.0010906294839341	0.0153559040740029	0.011259503869013	-0.0424139327319609	0.0017989416897913	0.0001267764273763	0.7204972741237086	0.07036397934489	0.0049510895892481	0.5191163220196945	-0.0147447145290183	-0.0013464948358942	0.0002174066065422	1.813048343089752e-06	-0.0029903074683266	0.0001863826322083	3.4738485588931674e-08	8.941938755129839e-06	-0.0047303345302458	0.0001176980049473	2.237606476803575e-05	1.3852820368574812e-08	0.0	0.0	0.0	0.0
55.07216253647867	-0.0089782524084114	8.060901630914574e-05	3032.9430864443248	63.26483680794277	0.0489839000405538	4002.439576335631	0.0023994224631829	54.62344588736138	-0.1083476068365314	0.0117392039072035	2983.7208406094965	55.52685372000818	40.2662114476882	0.979336	33.587765	0.2002563727373536	0.1127456938479826	-0.0481507487	0.097830871	0.0343685364	-0.1268614028	0.045938884	-0.051426128	-0.0765448844	-0.0278402939	0.0289306339	0.0359973148	0.0393602058	-0.0407361617	-0.0213187494	-0.0190986728	0.144205711	-0.0398907267	-0.0262178652	0.0874526141	0.0388880985	0.0151624252	-0.0399260782	0.0663986317	-0.0078669356	0.035923359	0.0444504976	-0.097177724	-0.1147007201	-0.1043956158	0.0920348227	0.1402333825	-0.0718425386	0.1206398749	-0.0967700648	-0.0148362648	-0.018649186	-0.0248086448	0.0862635422	0.0102783364	-0.0657488675	-0.042261113	0.1387232954	-0.0838297951	0.0720984013	0.0746752278	-0.0076055154	0.0463758382	-0.059331617	-0.0239408048	0.0059022696	0.0293745573	0.0547681072	0.133499086	-0.0580474977	0.0046841181	-0.1385360569	0.0708375728	0.0479911391	-0.0106453698	0.2149984382	-0.0411980893	-0.0575377512	-0.0804738503	-0.1384785644	0.0582157028	-0.0006211608	0.1016371961	-0.0039303066	0.0358859223	-0.1208710687	-0.0086475426	0.031823684	0.0516662607	0.0753273173	0.0115958653	0.122333472	0.0642364134	-0.0409717246	-0.0934999048	0.0368554657	0.0598342049	-0.0390429512	-0.0331668508	-0.0637956009	0.0032143689	-0.0309886548	0.0813998993	0.0530193685	-0.0639194176	0.035824362	0.1524022885	-0.0811852809	-0.0859979013	-0.1094773912	-0.0158910382	0.1280283946	-0.1283788655	-0.0067251107	0.0607188613	0.1004272498	-0.0325852526	0.0144357913	0.0344147453	-0.0852919429	0.0275368425	-0.0152837309	-0.0732579542	-0.0611735563	-0.0144478056	-0.0063540677	-0.0706128048	0.1393212603	-0.1289412507	0.0329750912	0.1346152689	-0.0448014647	-0.0336367742	0.1468837996	-0.0295932997	0.0505203654	0.1076201038	-0.0907360333	0.103505132	-0.0081953053	-0.1055497942	-0.0821279154	-0.1187981169	-0.0049890337	0.1313912501	-0.1292366269	0.0166887266	-0.0142154042	-0.0510468014	-0.0525748471	-0.1333059457	0.0565178085	-0.0756554729	0.0941781434	0.0220279443	-0.0769770941	0.012109399	-0.0048729485	0.1266303851	-0.0378690589	-0.0288265629	-0.0135162139	0.0084263702	0.0225662351	-0.0414774334	-0.0814805901	0.0348213777	-0.0061562645	-0.0971162934	0.0697196469	0.1051308399	-0.0436927571	-0.0676265513	-0.0207966982	0.0940131227	-0.0984858891	0.0	0.0	0.0	0.0	0.1456194107705499	0.0217004692240579	0.0004709103645442	0.0212050127931621	0.0381474915886741	0.0268879877196611	0.0007229638836126	0.0014552311145079	0.681895099863354	-0.0386021742603546	0.0014901278576267	0.4649809272176534	-0.0129971345785899	0.0017475799504284	0.0001689255072539	3.054035683139329e-06	-0.0026939836085835	0.000296323859743	8.780782985304834e-08	7.257547683316577e-06	-0.0049477455507399	-0.0002174110204941	2.4480186034866476e-05	4.7267551832286047e-08	0.0	0.0	0.0	0.0
55.17092463338598	0.0987620969073077	0.0097539517855284	3043.830924902756	62.8404852812772	-0.4243515266655677	3948.926590386417	0.180074218183398	54.74457341199481	0.1211275246334295	0.014671877223822	2996.9683180612888	55.60727074846106	40.3209363501885	0.983339	33.725044	0.1160680537220732	0.0617254371694391	-0.0698558869	0.0924835832	-0.0577909814	0.0941229653	-0.0898524315	-0.0328305565	-0.0209937849	0.0405804234	0.0469799116	0.1249939745	-0.0819527411	-0.0500225625	0.0018928035	-0.0279394775	0.1208732998	-0.1375696088	0.0968181521	0.0094834389	-0.0118377394	-0.0481633363	0.0294340874	0.0316312609	0.0812696824	2.54982e-05	-0.2004736593	0.0775949676	0.0289031595	0.0583144484	0.0585207728	-0.1120781728	0.1074711385	-0.0808894434	0.0407376411	-0.1069938505	-0.0611441255	0.0057013383	-0.1267419667	0.0555014225	0.0469255536	-0.000380465	0.0476277006	-0.0412305582	0.0686258712	0.0089345339	0.0356129715	-0.0712626378	0.038189952	0.0740284248	0.0300256425	-0.0067226622	0.0444437869	0.0371596013	-0.0940274341	-0.0256409329	-0.0894487968	-0.12824588	-0.1066448351	-0.1447112933	0.014083374	0.0053086138	0.0655403951	0.0742864854	-0.073317428	0.1515354688	-0.0049046791	0.0161853368	0.0399513569	-0.0751387864	-0.1066205768	-0.1942400916	-0.131112395	-0.0655205032	-0.0451578029	-0.033804152	-0.1094793241	-0.0232545181	0.0688543553	-0.0011570002	-0.0216703553	0.0605163708	0.0835921848	0.0333991342	-0.0982753871	-0.1354361451	0.0554688718	0.1139561135	-0.140707231	0.1132839568	-0.0873560424	-0.0627659021	0.008835135	0.0113486702	0.0798785886	0.0352072512	-0.0173276151	0.048872777	0.0203937592	-0.1811161646	-0.0541574569	-0.0301306135	-0.0276158016	0.125282961	0.0120862354	-0.1139785735	-0.0579060761	-0.0525649196	-0.0525794216	0.0109223621	0.0162804965	0.0493708269	-0.0335038815	-0.0015209267	0.1194691363	0.1899659556	-0.0056718799	-0.0938766951	0.0496824889	-0.0028722947	0.01830573	0.1278384552	0.0402774736	-0.0705750302	0.0135443132	-0.049853997	0.1312642267	-0.0408851554	-0.0632962197	-0.0472752193	0.0510863331	0.0178099297	0.023369837	-0.0567284443	-0.1134375071	-0.0080558057	-0.0455268787	0.0001076701	0.0094194815	-0.1067402737	0.1512457282	0.0483682274	-0.0179886173	0.0983163722	0.0833752247	-0.0315036945	-0.026607196	-0.0647230864	-0.0560187837	-0.0660411357	-0.0205190771	0.0294352405	-0.0315481193	0.0312003781	0.037315425	0.0102001479	-0.0004685969	-0.0690865934	-0.01705174	0.0911887072	-0.1011451826	0.0	0.0	0.0	0.0	0.1669033229778165	0.0212839122072665	0.0004530049188466	0.0278567192210373	0.0595581233912554	0.0214106318025813	0.0004584151541857	0.003547170061888	0.6285868890365336	-0.0533082108268203	0.0028417653415567	0.3951214770686274	-0.0133302429961843	-0.0003331084175944	0.0001776953783373	1.1096121787224546e-07	-0.0026912269643002	2.756644283299914e-06	7.599087704650096e-12	7.242702573376471e-06	-0.0050131864665703	-6.544091583040017e-05	2.513203854860361e-05	4.28251346472152e-09	0.0	0.0	0.0	0.0
55.12345832745131	-0.0474663059346696	0.0022530501990836	3038.595657978261	62.821170609232055	-0.019314672045148	3946.4994767142416	0.0003730565562116	54.72790847366305	-0.0166649383317576	0.0002777201696012	2995.14396590164	55.46512723867149	40.18336400103707	0.939068	32.206703	0.1597012012185724	0.0774091340043885	-0.0325958052	0.0719278814	-0.0101249062	-0.0003489814	0.0701354547	0.0297956111	0.0621878366	-0.1268397967	-0.1379630828	-0.0396816723	-0.0496312331	-0.0376977919	-0.0891450376	-0.0034834288	0.1549677673	-0.0540974892	0.1155856924	0.0556384571	-0.0243244618	0.0187357826	0.1738630875	0.1264905065	-0.0200141259	-0.0430590995	-0.0521174073	0.0658864934	0.0437980087	-0.0517657457	0.0829904581	-0.0332794225	-0.0081211552	-0.0153438483	0.0597200224	0.0712084752	0.0620018389	0.04798476	0.0276061923	-0.0120458201	0.1401789334	-0.0283476612	0.1134121562	0.0301651019	-0.0443112357	-0.1654957888	-0.0603110402	0.0010060277	-0.014768425	-0.0258830475	0.0993824632	0.0122248677	0.1505434718	-0.1701120031	-0.0409227363	0.0482482095	0.1098686063	0.0017523219	0.0940319054	0.0310327915	-0.0006085653	0.0032224277	-0.0721931677	-0.0079679147	-0.013645958	0.0503449629	0.0309958895	0.0818100098	-0.0301827662	0.031462791	0.0435669831	-0.0704699365	-0.0061881557	0.0365095315	0.0833204762	-0.0302185687	0.0140875959	-0.0729969243	-0.0378994916	0.1154626555	0.1215380607	-0.0539493367	0.0243455607	-0.1182926603	-0.0539387116	-0.07568776	0.0404756561	0.0922555497	-0.0863042928	-0.0572281585	0.0076165856	-0.0328378293	0.0018063363	-0.002254808	-0.0734884559	0.0038809041	-0.1693487094	0.017198413	0.0032921252	0.0247156903	0.1378816989	0.0739995311	0.1338531954	0.0018023048	0.034403015	-0.114351099	-0.0946745744	0.0247215274	0.0222763833	-0.0533387994	0.0168224882	-0.0318497715	0.0517984201	0.0999478483	-0.143908411	0.102102049	0.012938583	-0.006689612	0.0841784611	-0.0189771048	0.1362625308	-0.0560563479	0.1152825775	0.0297568285	-0.0493803935	0.0027916958	-0.0512578338	0.0610955077	0.0485490367	-0.0372344864	0.016494385	0.0851181531	0.0390760446	-0.0207305053	-0.0907577326	0.0502601207	0.0812036828	0.0914787607	-0.0225241128	-0.0078163356	-0.0985208591	-0.0102537741	-0.034631025	-0.0259453911	-0.0079768293	0.0006865337	0.0130882151	-0.0602168003	-0.0692171212	-0.0910029033	-0.0976251972	0.0189546042	0.0222287674	-0.0345606243	0.0187255684	0.024717948	0.0010089378	-0.0705246236	-0.0132850519	0.0881028626	-0.1032890634	0.0	0.0	0.0	0.0	0.1445509503417525	-0.0223523726360639	0.0004996285624614	0.0208949772447037	0.0463051556301081	-0.0132529677611473	0.000175641154478	0.0021441674379285	0.6797364191413848	0.0511495301048512	0.002616274429947	0.4620415995071524	-0.014033574282148	-0.0007033312859636	0.0001969412071325	4.9467489781535e-07	-0.003269773433755	-0.0005785464694547	3.347160173186136e-07	1.0691418308089962e-05	-0.005190235325482	-0.0001770488589117	2.693854273388125e-05	3.13462984419352e-08	0.0	0.0	0.0	0.0
55.19280826096857	0.0693499335172589	0.0048094132788482	3046.2460837320405	62.298514749102026	-0.5226558601300297	3881.1049399440826	0.2731691481282612	54.701411305859104	-0.0264971678039458	0.0007020999016304	2992.2443988527702	55.49225731953375	40.1182915367832	0.950929	32.613476	0.1146140594973504	0.0621684458743207	-0.0435615405	0.0907516305	-0.0087235432	-0.0315199675	-0.1012887807	0.0482086764	-0.0229240806	-0.1876845044	0.0175225435	0.0108077309	0.1091078956	0.000732176	0.0702289942	0.0683534881	0.0891704286	-0.0609713156	0.0517092619	0.0482174166	0.1217355028	-0.0511182736	0.0464288148	0.0544152184	-0.130960905	0.0387462583	0.0546374816	0.0586854463	-0.0227437814	-0.0972669422	-0.0691141938	0.0761879253	0.1378913238	-0.1474362438	-0.126252183	0.0206371394	-0.0653347949	-0.0387920245	-0.0582399789	0.0186322658	-0.0093254746	-0.0031328426	-0.0726235061	-0.0030110288	0.0890590617	0.0820553796	0.0765254678	0.054091642	0.0448161473	0.0135492699	0.0912412143	0.0309694856	-0.0108294384	0.027736404	-0.0834498928	-0.0590419975	0.1070318977	0.0282800234	-0.0508624764	0.033326988	0.148138378	0.0874216378	0.0288452289	-0.2501913534	-0.0161745484	0.0317925217	-0.0604616093	-0.0857507944	0.0182789509	-0.0497169637	0.0006514162	0.0988387478	0.0077063912	-0.0191459707	-0.0311923262	-0.0262139917	0.0762247908	0.0265593402	0.0306725468	0.0706556179	0.0797911465	0.0948238716	-0.0742384897	-0.1395606455	-0.0177778193	0.0163696239	0.072916964	-0.0197077847	0.0243257009	0.0969908947	0.0613955231	0.0960323716	0.1630628012	0.0372563764	-0.0199691115	-0.0107052643	0.1384218804	-0.0087861153	-0.1133344326	-0.0571646415	-0.1357684459	0.0322027444	0.002418885	-0.0123786994	0.0296062094	0.0224381058	-0.0326313822	0.0343107932	-0.0637974415	-0.0023287381	0.0055767303	0.048336546	-0.0555560871	-0.0380197417	-0.0816051525	0.0302974629	0.0482518569	-0.004794274	-0.0218205799	0.1704589241	0.0502454071	0.1053754364	-0.1029791161	0.0574515477	-0.072732793	0.1293187972	-0.0562096175	-0.1884649138	-0.0433027864	0.002833131	-0.0302052593	-0.1320792638	0.0405647433	-0.042133956	-0.0657913739	-0.1253539562	0.0780233033	-0.0976816971	0.038454591	-0.0529555538	-0.0265881591	-0.0398438571	-0.0331979266	-0.020222833	-0.0261515953	0.1112161922	0.0376939548	-0.0134077556	0.064795253	-0.0383576747	-0.0739378041	0.0131388711	0.0007734297	-0.0634444275	-0.0085733996	0.0603360892	0.0434305724	-0.0719401838	-0.009501434	0.0847644355	-0.1049066069	0.0	0.0	0.0	0.0	0.1519795403737873	0.0074285900320348	5.518394986404685e-05	0.0230977806922276	0.0501139970741064	0.0038088414439983	1.4507273145519083e-05	0.0025114127027435	0.6571120909687025	-0.0226243281726823	0.0005118602252652	0.4317963000972603	-0.0131677236231188	0.0008658506590291	0.0001733889454148	7.49697363741298e-07	-0.0026729701449388	0.0005968032888162	3.561741655418327e-07	7.144769395734149e-06	-0.0050378432763547	0.0001523920491273	2.537986487711225e-05	2.322333663721761e-08	0.0	0.0	0.0	0.0
55.27608207887965	0.0832738179110776	0.0069345287494873	3055.4452499910394	62.26845083088455	-0.0300639182174791	3877.3599688782874	0.0009038391785872	54.8533876124263	0.1519763065671995	0.0230967977578074	3008.894132559084	55.593228533323895	40.18205737764436	0.924286	31.69973	0.0815010414750269	0.0438086982519862	-0.0480740523	0.1008098835	-0.1247223341	0.0485909729	-0.109662031	0.0269700607	0.1596406245	-0.0026781047	-0.1099235575	0.0939069939	0.1009310516	0.0376890905	-0.0711975828	0.0499305061	0.0445338816	-0.0023580691	0.13118984	-0.026768789	0.0087821692	0.0233430154	0.1140082355	-0.0906424829	-0.0061487661	0.0545035261	-0.1445852036	0.0521288248	0.0502713191	-0.0568155849	0.0365811645	-0.0078893761	-0.0014027968	0.0759176683	0.0313720154	-0.0941086114	-0.0599691327	-0.087579538	-0.019393735	0.1019658467	0.0232875738	0.0174890738	-0.1284668212	0.0229035396	-0.1203197577	0.0256868059	-0.0218377425	0.0141910072	-0.0674130459	-0.025577859	0.019458139	-0.153621974	-0.0844946293	-0.1064004856	-0.1442603636	0.0069558559	0.0345729642	0.0724586959	-0.0127119452	0.02896705	0.0825341283	-0.0533243266	0.0424924253	0.031207409	-0.1010997386	-0.0083654567	-0.0855931717	-0.1371522314	-0.0986696358	0.0684360719	0.1098807168	-0.0261236363	0.0203206243	0.0137146891	0.0320764803	-0.0324718073	-0.078931065	-0.0298607912	0.1287010537	0.0694873411	-0.0316903529	-0.1048030688	-0.0609145252	-0.0221571548	-0.1064370547	-0.0606828665	-0.0753512494	0.0914035873	-0.0320563773	-0.0341995082	0.0358360914	-0.0793380458	-0.051580848	0.0005621567	0.0752894652	0.0071756457	0.093473802	0.0303253064	-0.0200116274	-0.0806808238	-0.0110559388	-0.0560904322	0.0668983905	0.0189422328	0.0811002262	0.1206937644	0.1186326231	0.1283466983	0.0022284235	0.0165798388	-0.1480763722	0.0619324901	-0.0151884815	0.0311391418	0.0116513574	-0.0036097067	-0.0789374023	-0.1441537896	0.1021482594	0.0821485604	0.0079243658	-0.0002371029	-0.0417159033	0.0100780338	-0.1882974591	-0.0751599708	-0.0892681906	0.0998529751	-0.0017748137	0.049492509	0.0742491414	-0.0931678026	0.0555326656	-0.0503455205	-0.0853400442	-0.094397843	-0.0680527435	0.0299922453	0.0009495916	-0.0443126075	0.1371781185	-0.0101494816	-0.0209896103	-0.0873126499	0.0887719169	-0.0189633015	-0.0892427689	0.0628156641	0.0093631651	-0.0653972548	-0.0029904582	0.018539287	0.0250081756	-0.0540136176	-0.0959994023	-0.0579029872	0.0294669747	-0.073332823	-0.005705708	0.0811829968	-0.1059895703	0.0	0.0	0.0	0.0	0.1503526096751102	-0.0016269306986771	2.646903498298005e-06	0.022605907236116	0.0491806948253525	-0.0009333022487539	8.710530875290929e-07	0.0024187407435044	0.6219123557286466	-0.0351997352400559	0.00123902136097	0.3867749782079546	-0.0135045278656041	-0.0003368042424852	0.0001823722728728	1.1343709775609593e-07	-0.0031170210554074	-0.0004440509104685	1.9718121108799253e-07	9.71582025985306e-06	-0.0051318095891516	-9.396631279690038e-05	2.633546965930832e-05	8.829667940644923e-09	0.0	0.0	0.0	0.0
55.38259067291119	0.1065085940315455	0.0113440806025765	3067.23134964323	62.810129679546456	0.5416788486619097	3945.1123903614425	0.2934159750876921	54.89920932265412	0.0458217102278197	0.0020996291282022	3013.9231842525933	55.591857090009896	40.61644697147987	0.975631	33.460682	0.1303448386831408	0.0765303756770899	-0.0343011489	0.0869248803	-0.0360470406	0.029728332	0.0426097074	0.0279581801	0.0173276104	-0.0097762246	-0.1051593016	-0.0905071365	0.1660039782	-0.1293299429	-0.0985840082	-0.0902112061	0.144684898	-0.0842648178	-0.0034786383	-0.0349772675	-0.1142253827	-0.0064619476	0.0971723144	-0.0262879423	0.0568166695	-0.0319799453	0.0904405676	0.1226012975	0.0253222163	0.055683988	0.0026855336	0.0950407282	0.0694993373	-0.072064931	0.0442539881	0.2079461533	-0.1088638067	-0.0326478085	0.0030246232	0.0328480882	0.0594848229	-0.0571297575	-0.0119979172	0.0644211392	-0.0469390039	-0.072862559	0.0130572709	-0.1036749397	-0.0074749999	-0.0808814359	0.0308679461	0.1590564051	-0.1188382334	0.0599293072	0.0042271501	0.1051560988	0.0163536368	0.0882395352	-0.0114962947	0.0677453011	0.0901447831	0.0878735528	-0.0666480118	0.1163523076	0.0309907968	-0.0392577174	-0.1159395618	0.089277921	0.0354519053	0.0145317346	0.0100944149	-0.0180943593	0.0212898809	-0.0854329756	0.0664786256	0.0608779871	-0.0555955914	-0.0519167927	-0.0503447567	0.0679943866	0.0832566795	-0.1928691866	-0.0167809836	0.0355705184	0.0523681651	0.1010897297	0.1279651357	-0.0530696772	-0.1511716497	0.0631303289	0.1085311549	-0.0124769037	0.070694919	-0.0932580351	-0.0079589227	-0.0720314717	0.0422695426	0.021900607	-0.0892851112	0.0359677054	0.0382821589	0.0389358753	0.1747613599	-0.0422581154	0.0173167095	-0.0076245584	0.0310979418	0.0039779026	0.0631756945	0.0595464798	-0.0055868645	-0.0579795895	-0.0214764941	-0.1001525497	-0.0771408382	-0.0130939597	0.0086903415	-0.0202279684	0.0107671552	-0.0849168486	0.028772149	-0.0360844675	0.0205687272	-0.0293390822	0.0682461538	-0.0766389416	0.0245022783	0.0261682197	0.054341064	0.0582197374	-0.1754724109	0.0714750415	-0.0750391828	-0.0100409422	-0.1189531269	0.1010798937	-0.0145311633	0.1048466173	-0.031083704	-0.0156751402	-0.035964301	-0.0324634941	-0.0513026364	-0.1683602939	-0.0247156667	0.0251100349	-0.0038676836	-0.0824273389	-0.0212113613	-0.0179561926	-0.0938498468	-0.0651432382	-0.0251509288	-0.026558345	0.064142104	-0.0360238321	0.0797810149	-0.0747020974	-0.0019027109	0.0773688144	-0.1065324352	0.0	0.0	0.0	0.0	0.134765604760858	-0.0155870049142521	0.0002429547221969	0.0181617682265597	0.0252883138667954	-0.0238923809585571	0.0005708458678688	0.0006394988182255	0.6225014938892031	0.0005891381605565	3.4708377222389826e-07	0.3875081098942895	-0.0146435470503611	-0.001139019184757	0.0002144334702161	1.2973647032445035e-06	-0.0037106949392273	-0.0005936738838199	3.5244868032980455e-07	1.3769256932007096e-05	-0.005058976364733	7.283322441860047e-05	2.559324185892712e-05	5.304678579210219e-09	0.0	0.0	0.0	0.0
55.33812509306421	-0.0444655798469852	0.0019771877911286	3062.3080888156223	62.86545784115174	0.0553281616052814	3952.065789577626	0.0030612054666201	54.88038089333078	-0.0188284293233422	0.000354509750784	3011.8562069970662	55.63972364424304	40.91889380251052	0.943563	32.360851	0.1086882262331011	0.0561264366749402	-0.0202272065	0.0957312806	0.0860032276	-0.0297836457	0.0277161335	0.0620111499	0.0250653371	-0.1168377373	-0.0918716704	0.1456179197	0.1268304554	-0.0164938778	0.0690433255	0.1461555066	-0.0110064972	0.0019439936	-0.0282366474	-0.0113583092	0.0436554129	0.0754610034	-0.0696546359	0.0652501766	-0.0002967615	0.0460398601	-0.041347465	0.0751879802	0.0300729328	-0.0642079898	0.0983874434	0.0482565291	0.030683978	0.0675040786	0.0875931855	-0.033099464	0.0172139087	0.0587215399	-0.0196166427	0.172827293	-0.1347237077	0.0070215014	-0.0765741645	-0.0301965529	-0.0234521398	-0.0186734212	-0.034342702	0.1137740887	0.0145583733	0.1790222467	0.0498820192	-0.070162661	-0.1500082922	0.0176363628	0.0599512298	0.0463419836	0.0536985819	0.0224514556	0.0342640414	-0.025024898	0.0323031434	-0.0280730375	0.0605865357	0.0574590814	-0.0792634349	-0.0068202548	0.0750550512	0.0614020459	-0.0661328708	0.0540332838	-0.0241798635	0.0427074737	0.0333309449	0.151543628	-0.1524828945	0.0635654981	0.0625587944	0.010158129	-0.0947978709	0.0815403954	0.0177987925	-0.0187373723	-0.0141911369	0.0077655725	-0.0833885449	-0.1376476939	-0.077682708	0.0058599703	0.0891566941	-0.02390589	-0.0114474141	-0.0760415334	-0.0021912665	-0.1584539348	0.0144901797	0.0592796673	0.0668072417	-0.0759594358	0.0523483067	-0.0971628372	-0.0518868216	0.0921656633	-0.0280144567	-0.0246213389	0.0446561632	-0.0130322316	0.0747228251	0.1401344615	-0.0107240122	0.0443280276	-0.1142802155	-0.0180909871	0.0179289926	-0.0785986121	0.0555072848	-0.1515027807	-0.0254090951	-0.075403881	-0.14587382	0.065750242	0.0509216587	-0.0501268102	-0.0198485003	0.0826989568	0.0186402255	-0.13118398	-0.0725165098	0.0072678994	0.064721567	0.1871413481	-0.0802543492	0.0242752434	0.012351987	-0.0061296383	-0.0877826264	-0.0076523432	0.090931237	-0.0713053365	0.000883286	-0.0299727428	-0.0967335219	-0.0478604833	-0.0129788016	-0.0889678748	-0.0331160048	0.0207156633	0.0315758283	0.1129699186	0.049233502	-0.0194474262	-0.0492113591	-0.0292467361	0.0524223337	-0.0785435176	0.0797975721	0.0573017923	0.0506140386	-0.0760475707	0.0019027109	0.073332823	-0.1065324352	0.0	0.0	0.0	0.0	0.1231208066104727	-0.0116447981503853	0.0001356013239632	0.0151587330204134	0.0244342178944947	-0.0008540959723006	7.294799299002737e-07	0.0005970310041156	0.6570495081557581	0.034548014266555	0.001193565289762	0.4317140561677237	-0.0140720940076783	0.0005714530426828	0.0001980238297609	3.265585799914315e-07	-0.0031200900363532	0.0005906049028741	3.488141512989256e-07	9.734961834950513e-06	-0.0051297447760533	-7.076841132030044e-05	2.631428146744612e-05	5.008168040799227e-09	0.0	0.0	0.0	0.0
55.26597760190912	-0.0721474911550856	0.0052052604799731	3054.328280294721	62.64161060017008	-0.2238472409816552	3923.971378583341	0.0501075872950992	54.756174179872765	-0.1242067134580153	0.0154273076680415	2998.2386108165647	55.56779132401088	40.30818762696547	0.931287	31.939837	0.113848715546947	0.0577023956186296	-0.0286756047	0.1097162427	-0.0571977053	-0.058886432	-0.1404520678	0.0498815976	-0.022953683	-0.0246795968	-0.0409903266	-0.1392519689	0.1172527495	0.1258082857	0.0761759352	0.0547765902	0.1155573564	0.0313435913	0.1446835183	0.0303253083	0.1587042813	0.0114931375	0.0703965484	-0.1237331364	0.0144346437	0.0142412414	0.0094609342	0.0475075551	-0.0041140117	-0.0005957278	0.0201371274	0.061264376	0.041721116	-0.0452186613	0.1222754897	-0.0187856708	0.0037509955	-0.0005070864	0.0764660502	0.0229185175	-0.1609452989	0.0352161914	-0.0148187525	0.0139097096	-0.0349332138	-0.0405298529	0.0405015399	-0.0814237592	0.0578786085	-0.0361663148	0.0783965373	-0.0658473961	0.0301040009	0.0436365689	0.0001265687	0.0631077872	-0.05393796	-0.027853167	0.0781158733	-0.1244246338	0.0472475495	0.0257619986	-0.0757831847	-0.0069327195	0.0969239015	-0.0827606801	-0.0559045875	-0.0180296928	0.153319927	0.0800132193	-0.0303512797	0.0398297962	-0.0240971012	-0.1414808212	-0.2219134768	-0.022508426	0.0502125034	0.0229780007	0.1571056254	0.0969285559	-0.0383166436	-0.021822402	-0.0819110175	-0.0615886764	0.0008281174	0.0171740237	0.0806525754	0.0301281509	-0.0851917668	-0.0006485337	0.0528368311	0.0121849235	0.0230750957	-0.0701632576	-0.0035150385	-0.1356559135	0.0126202678	-0.0823040517	0.0744561356	0.0524415137	-0.1313790547	0.0745396178	0.0157117712	0.0624691371	-0.0636287937	-0.040585084	0.1258343052	0.0499180914	0.0530654335	0.0054275278	-0.1208432723	0.0307121419	-0.0883562951	0.130228172	-0.0832829938	0.0961974617	-0.0727606426	0.0309741975	-0.1078026207	-0.1262071205	-0.0950233872	-0.0225188644	-0.1293439722	-0.0248317115	-0.0063170954	-0.0370004781	-0.0727656746	-0.0735965574	-0.0090526029	-0.1181961204	0.0074416152	0.0050324658	-0.0016494506	-0.0260660767	-0.0732338675	-0.1505606162	0.021187268	-0.1024439359	0.0331549294	-0.0567886571	0.045007299	-0.0465953055	-0.0821193858	-0.1219214733	0.0430581141	0.1181325102	0.0320891074	-0.0437750849	0.0920450778	-0.0445716258	-0.0731245297	0.0077289074	0.1458364158	-0.026232415	0.0001695281	-0.0429488487	-0.0089448157	-0.0773688144	0.005705708	0.0690865934	-0.1059895703	0.0	0.0	0.0	0.0	0.1415779167699185	0.0184571101594457	0.0003406649154379	0.0200443065169099	0.0428808145892105	0.0184465966947158	0.0003402769296174	0.0018387642598342	0.6197898181371926	-0.0372596900185655	0.0013882845002795	0.3841394186665343	-0.013530400978284	0.0005416930293942	0.0001830717506331	2.934313380943727e-07	-0.0028830552940408	0.0002370347423123	5.6185469063105685e-08	8.312007828496685e-06	-0.0051147661742756	1.497860177770028e-05	2.6160833017513852e-05	2.2435851121492602e-10	0.0	0.0	0.0	0.0
55.53428761495919	0.2683100130500691	0.0719902631029282	3084.0571009010096	62.64250335298054	0.0008927528104578	3924.083226328178	7.970075805804151e-07	54.94173946416134	0.1855652842885717	0.0344344747330984	3018.594735347783	55.671814874460615	41.1686406377423	0.951942	32.648239	0.1304074975437726	0.0672231504081495	-0.0493078816	0.1210856536	-0.0744846558	0.1309119155	-0.1482423388	0.0425296649	0.0850748349	0.1040388924	-0.0968067087	-0.0364115034	0.1127222438	-0.0167355843	0.0420279668	0.0648975948	0.1114313499	-0.0175181625	0.0918919768	-0.0824040984	-0.09977643	-0.0792101165	-0.0190081836	0.0134551522	0.0026549176	-0.0710054287	-0.0399756523	0.015489421	0.0589752595	-0.1971048399	0.0212006901	-0.1207930754	-0.0203496576	0.1073587948	0.0294773826	0.0019725116	0.1407150067	-0.1027025798	0.0877212472	0.0149716122	-0.0837924783	0.1507210464	-0.044929943	-0.0138444259	-0.0614326536	0.0269422722	0.0265558312	-0.0626911788	0.0576016691	0.0899172637	0.0563397591	-0.080557537	-0.0220742849	0.029525576	0.0776002818	-0.0884952719	0.0298577324	0.0253599645	-0.0042882649	0.0220527529	-0.0514576142	-0.0763718271	-0.0500710994	0.1003200119	-0.000180421	-0.0931072619	-0.0105263816	0.1074732551	0.1179514274	-0.0831352854	-0.0022712502	0.0130843248	-0.1437956506	-0.0652534247	-0.0140663053	-0.1272515675	-0.1719767867	-0.0548254623	0.063011136	0.0710667882	-0.0298643408	-0.060536914	0.0234036871	0.0094912753	-0.0429401834	-0.1777950336	-0.0696434611	-0.0643788046	0.0189314956	0.0090497549	0.0152114423	-0.021123163	0.1176115913	-0.0041438572	0.0038810018	0.1216412492	0.0484244731	-0.1822509103	0.1153733999	0.1429894756	-0.0301161296	-0.0379140935	-0.0238288412	-0.0961085851	-0.0356879571	-0.0073911622	0.0548633893	0.0816250578	0.0950750671	-0.1050749611	0.0633720808	0.0678051545	-0.0224969547	0.0742575544	0.0354935561	-0.0789563898	-0.1082204673	0.1001609032	0.0934749051	-0.0284310836	-0.0694914554	-0.0651617362	-0.0380250456	-0.10813637	0.1280829155	-0.0883982228	0.0167036253	-0.055918922	0.0395421913	-0.1199499338	0.0970654734	-0.0205912684	0.0113608968	-0.0261441489	-0.1256968617	-0.0089373839	-0.0648082165	0.0004103183	-0.0218874801	-0.0904202149	0.1302154926	-0.0272551659	-0.0472134359	-0.1656165021	0.0989277681	-0.0075197558	-0.0405501893	0.0613273419	-0.0617032851	0.0255927419	-0.098072534	-0.0329086872	0.0266810495	-0.0166538809	0.0716835597	-0.0572414265	-0.1349751097	-0.0786654074	0.009501434	0.0646422992	-0.1049066069	0.0	0.0	0.0	0.0	0.1546461036815856	0.0130681869116671	0.0001707775091582	0.0239154173838957	0.0541240080749503	0.0112431934857397	0.0001264093997577	0.0029294082500972	0.5617646422416769	-0.0580251758955157	0.0033669210377055	0.3155795132729192	-0.0139737446021687	-0.0004433436238846	0.0001952655382066	1.9655356883921806e-07	-0.0033571500655789	-0.000474094771538	2.247658523997632e-07	1.1270456562816412e-05	-0.0051587466038698	-4.398042959420038e-05	2.66126665229382e-05	1.934278187290416e-09	0.0	0.0	0.0	0.0
55.29343133679216	-0.2408562781670298	0.0580117467324736	3057.363548996549	63.23375761200109	0.5912542590205518	3998.508101733306	0.3495815988099418	54.803079239261	-0.1386602249003345	0.0192266579694113	3003.3774941047204	55.53770407464543	40.55616060474704	0.9761	33.476757	0.2539668896667061	0.1492907712935483	0.0179745966	0.0799558123	-0.0120809193	-0.0177366932	0.1005388945	-0.03865084	-0.0348572757	0.0362031983	-0.0810673329	-0.2006746159	0.0395109692	0.0255918933	-0.0095107906	0.0134384947	-0.0101505259	-0.0540481431	0.190764055	0.0106601504	0.0159973555	0.0427683685	0.0330531056	-0.0837157429	-0.0421957008	-0.130720364	-0.1011850713	-0.0314930349	0.0241591684	-0.1074642837	-0.0534058594	-0.0725878548	-0.1051289365	-0.0523665008	-0.0780475552	0.1110997011	-0.1749191791	-0.032509461	-0.0776849177	-0.0944760254	-0.0396693422	-0.0218899752	-0.0056474752	0.1897221593	-0.0444378004	0.0685634205	-0.0293210831	-0.0433296099	-0.0776442065	0.0718734957	0.0007294825	-0.0482589403	0.0919677651	0.0493378851	0.0346051097	-0.0443358622	-0.0091491131	0.1550701413	-0.110692106	-0.0174694418	-0.0589421445	-0.0353755324	0.0131198869	-0.0029543072	0.0866649674	-0.1066801742	0.0274869765	0.0609411656	0.1022559149	-0.0637667597	-0.0825998517	-0.0710449086	0.0324180686	0.0946969656	0.0083692917	0.0283098818	0.0319757241	-0.0299432785	-0.0591403783	0.042448091	0.103553973	-0.1720550018	-0.0345076508	0.0233289688	0.1247146954	0.0131914094	-0.085459569	0.0852741392	-0.102424463	0.0291710612	-0.2071752411	0.0502946269	0.1144091352	0.0884354008	0.0299895691	-0.0398225323	0.1006342719	-0.0109681696	-0.0772804148	0.0895803855	0.0678437114	0.031418713	-0.0745439149	0.0644391493	0.0102213857	0.0513887808	-0.0355401894	0.0308632974	0.0079719369	-0.0712716561	-0.1636161357	0.0791537149	-0.0290718613	-0.0227135268	0.0786951723	-0.0704191628	0.1000100112	-0.0049514079	0.0484897691	-0.1396834897	-0.1175715782	0.0639617509	0.0215752229	-0.0312515733	-0.0275351074	-0.0421953013	0.0430431004	-0.0798037725	0.0023227908	0.0188807201	-0.0112400323	0.053206962	-0.0623187268	0.0319830117	-0.0814215971	0.0366540865	0.0758752646	0.0960202497	-0.01399451	0.0262479791	-0.0632074045	-0.0436255691	-0.0287235178	-0.1271334099	0.0163360711	0.0137476761	0.0235699272	-0.0008523164	-0.0221289905	0.0256974848	-0.0982589291	0.0088643296	0.0278374147	-0.0609175435	-0.0553139994	-0.0363421012	-0.014977265	-0.0799369366	0.0132850519	0.0600126818	-0.1032890634	0.0	0.0	0.0	0.0	0.1227063066187668	-0.0319397970628188	0.001020150636414	0.0150568376840188	0.0078994478857907	-0.0462245601891595	0.0021367099646812	6.240127690032316e-05	0.6889545381453246	0.1271898959036477	0.0161772696199807	0.4746583556310375	-0.0147087098727971	-0.0007349652706284	0.0002163461461221	5.40173949029878e-07	-0.0033500809965323	7.069069046600207e-06	4.9971737185601155e-11	1.1223042683326848e-05	-0.0053889649944164	-0.0002302183905466	2.9040943711045358e-05	5.3000507345866936e-08	0.0	0.0	0.0	0.0
55.14888611291568	-0.1445452238764772	0.0208933217455009	3041.399639495344	62.82277477590532	-0.4109828360957692	3946.7010305441263	0.1689068915653219	54.76159608297508	-0.0414831562859205	0.0017208522554421	2998.832405554912	55.576494302322615	40.492690507628325	0.985042	33.783432	0.0749448296003265	0.0350278088314708	0.0220224117	0.0923850595	0.0534769942	-0.0756706437	0.0453777298	-0.0193178821	-0.0040933205	-0.0233497659	0.1022161503	-0.010534979	0.0109787159	0.0857601024	0.0460783408	-0.0161090796	0.1606519711	0.0724029146	-0.1015499367	0.033142078	0.0244079244	0.0266633045	-0.1336313208	-0.0672174139	-0.0197082193	0.0303837372	-0.0320154018	-0.0323161853	0.0362188941	-0.0249502928	-0.0632931499	0.0072779685	-0.0423621791	0.0895523498	0.0094171928	0.0475266344	-0.0343900101	-0.0294017989	-0.0423878761	0.0367416315	-0.0317348874	-0.0085633001	0.1124264612	-0.0199305083	0.0928472243	0.0971031674	-0.0024025043	-0.0024367532	0.0464585746	0.0259743694	-0.0463175222	-0.0563249936	-0.0792575301	-0.0333361206	-0.028865747	0.0149647304	-0.0891979152	-0.0463749561	0.0059079278	-0.0087994237	0.0016771918	0.0577070493	-0.0330686883	0.0147115282	0.1006906431	-0.0189276898	0.1171855617	-0.084865725	-0.1183535515	-0.0107593494	0.1011595786	0.063673722	-0.00660886	0.0010482432	-0.0108391843	0.0325665973	0.1028116157	0.0512736557	-0.0202767213	-0.0319477153	-0.0231603615	0.031751637	-0.0689139118	0.1278116419	0.0425637724	0.0446238912	-0.1474781038	0.0453927899	0.0460144416	0.0266849248	-0.0246533673	-0.0079975928	0.0384304634	-0.0284569898	-0.0449939462	-0.0118605047	0.0498560389	-0.0819468587	0.0600081338	0.0196515314	-0.0368682173	-0.0455841762	-0.0596341277	0.0510136967	-0.0238683531	-0.1510343122	0.0586872267	0.0269852823	0.0339125386	0.148144859	0.0070123028	0.0407918687	-0.0045260946	0.005882552	-0.0461502634	-0.0421585554	-0.1123539202	-0.0225879835	-0.0453973728	-0.0138565785	-0.0352230094	0.017562283	0.0320911843	-0.0016984693	0.0097064243	0.0511683685	-0.0841826805	0.0213788863	-0.0076130888	0.0194014984	0.0274630758	-0.0148440179	-0.0118919258	0.0216313741	-0.0386955883	-0.142821114	0.0181141845	-0.1001673347	0.1082499309	0.0592451231	-0.0491987452	-0.0263936428	-0.0097164961	0.0126320085	-0.0167056913	0.0055626569	0.0332414989	0.0741903743	-0.0361838011	-0.0406211387	-0.0240051252	-0.0149641514	0.0308341564	-0.0489768908	0.0536927819	-0.0366823918	0.0205352532	-0.0811829968	0.01705174	0.0552110137	-0.1011451826	0.0	0.0	0.0	0.0	0.1514586402376636	0.0287523336188967	0.0008266966885323	0.022939719702642	0.0075787312473778	-0.0003207166384129	1.0285916215487097e-07	5.743716731998066e-05	0.6945165116689864	0.0055619735236618	3.093554947791524e-05	0.4823531849808573	-0.0143723307958863	0.0003363790769108	0.0002065638925063	1.13150883383362e-07	-0.0030988989455549	0.0002511820509773	6.309242273321307e-08	9.603174674761273e-06	-0.0056075999829153	-0.0002186349884988	3.144517756839167e-05	4.7801258195913965e-08	0.0	0.0	0.0	0.0
55.141157708904046	-0.0077284040116367	5.9728228567083305e-05	3040.5472734782284	63.138443704713815	0.3156689288084919	3986.463073453316	0.0996468726151007	54.773891910716365	0.0122958277412834	0.0001511873798433	3000.1792350468395	55.60199865518772	40.41826431682344	0.994354	34.102798	0.0622043853722573	0.0325194543850753	0.011239069	0.093105426	0.0505547744	0.0702101373	-0.0399059088	0.0216605366	-0.0465035004	0.0710700447	0.1542603794	0.016193025	-0.1184251968	-0.0106104831	0.0477951125	-0.072334422	0.1346010323	0.0131639847	-0.0060519139	0.0271247262	-0.0082952286	0.0767323667	-0.0819055732	-0.011584814	0.0032448649	0.0675342537	-0.0589674028	-0.0655851988	-0.0415852894	0.0373317455	0.1093377843	-0.0491599288	0.1435077009	-0.0982102256	-0.0148556785	-0.0347384536	-0.0087103217	0.0153549913	-0.0702861136	-0.0646951593	0.024315441	0.0697293246	-0.0071562249	-0.1354738772	0.0929640894	-0.1242663801	0.0774826587	0.0348512275	-0.0437771773	0.0488749728	-0.0065815833	-0.048179719	-0.0112866906	-0.0188317532	-0.0537760918	-0.0275335938	-0.0968371548	0.1404529259	0.0163296253	0.0027686039	0.1785316097	0.0743827845	0.0366140464	-0.0609323601	0.0204394065	-0.1062365055	-0.101390428	-0.1067285247	0.1085552228	0.0361473893	-0.031081781	0.0463406877	-0.0100492101	0.0071293114	0.0940678993	-0.0891364194	-0.0737241637	-0.0743820261	0.0210923927	0.0021614534	-0.0691688827	0.0886813133	-0.0715678213	0.1249674865	-0.0109061499	-0.0165487191	0.0943865472	0.108427479	-0.0575940127	-0.0657685783	0.0662458035	0.0304546402	0.0392458426	0.0789304916	0.0427713585	0.0303969714	-0.0521557516	-0.0059083275	0.0294310707	-0.0652995945	-0.1480518414	-0.009175294	-0.0787934674	0.02941727	-0.0553496274	-0.0164780127	0.0556193105	0.0051495333	-0.0452153913	0.0005788219	-0.018747401	-0.0422520462	0.19110912	-0.1378733942	0.0230120674	0.0034949378	0.0122646533	-0.0247369762	0.01885336	0.0111521117	0.0492708009	-0.0008167133	-0.0189254538	-0.0095947477	-0.0528249672	0.0941934814	-0.0109140671	0.0071225303	-0.1601196141	-0.0841133922	-0.068421094	0.087747168	0.005301623	0.03566991	-0.1061237132	0.0378620987	-0.0361518858	-0.0302712237	0.0514419094	-0.0475080073	0.1462450859	0.0486084678	-0.0119654234	-0.0126758532	-0.0195217362	0.0806791849	0.0228546168	-0.0139160832	-0.0387068001	-0.1073384069	0.0888778043	-0.0267282834	0.0642656548	0.1377722249	0.0016947921	0.0183011264	-0.0347526542	-0.0824031912	0.0207966982	0.050251061	-0.0984858891	0.0	0.0	0.0	0.0	0.1469867032219554	-0.0044719370157081	1.9998220672461103e-05	0.0216050909240591	0.0278523257116063	0.0202735944642285	0.0004110186324999	0.0007757520475454	0.6810767464184408	-0.0134397652505455	0.0001806272899897	0.4638655345119292	-0.0143215347595096	5.0796036376700784e-05	0.0002051063578678	2.580237311583109e-09	-0.0035230237714694	-0.0004241248259145	1.7988186795700502e-07	1.2411696494338476e-05	-0.0056130608934596	-5.460910544300215e-06	3.1506452593685484e-05	2.982154397284928e-11	0.0	0.0	0.0	0.0
55.07291884404346	-0.0682388648605893	0.0046565426774617	3033.026390002597	62.89266598904071	-0.2457777156731069	3955.487435209038	0.0604066855214905	54.77885572337571	0.0049638126593478	2.463943611710213e-05	3000.723034362412	55.557575675893865	40.17430483660946	0.926971	31.791834	0.0773573930685474	0.0479488525182018	0.0392747212	0.0738797824	-0.016663448	-0.0337582552	0.0335955067	0.0059874434	-0.0163685981	0.0427440713	0.0525724311	-0.0685609849	-0.0028264103	0.1030645833	-0.0423027042	-0.0463259872	0.0104121977	0.0749616982	0.0812806056	-0.0069153802	0.0055021664	0.0184449238	0.0493709355	0.0221727627	-0.0460721305	-0.0438122593	-0.2059480622	0.0292246226	0.0469706443	0.0750736423	-0.0236655812	-0.09817527	0.029497536	0.0301880775	-0.0210255684	0.0184252759	-0.1214096423	0.0032040991	0.005733702	-0.1606823855	0.0696332266	-0.146966631	-0.0409401516	0.1261252924	0.0375366448	0.088670781	0.0849931733	0.0861874731	0.0989831023	-0.2041247429	0.1230844271	-0.0267990572	-0.1180015266	-0.0266960165	0.0589920683	-0.0441704032	0.1472435761	0.0242031522	-0.1192212537	-0.0356613647	0.0026526025	0.0189895491	-0.014391719	-0.0591154151	-0.091105426	0.0814526004	0.192192114	0.0345486629	0.0052134383	0.0202187373	0.0298934851	0.0956976956	0.0293477861	0.004502713	0.0004083702	0.0342392416	0.0112612363	-0.0311006557	-0.0058772691	0.0857413237	0.0040857754	-0.0470847304	-0.0344124998	0.0532244204	0.0493931086	0.0640025617	0.0210197863	0.1500246753	-0.078544994	0.1204966797	-0.1957525858	-0.1383766252	-0.0344528758	0.0484412938	-0.1827029197	0.0064469038	0.1208588978	0.0526334484	-0.0624899391	0.002203076	0.0011015566	-0.0339987141	0.0125087853	-0.0972200031	0.0906438539	0.0938672242	-0.1509618358	-0.0247936245	0.0782082756	-0.0191251358	0.0157070731	0.0334896154	-0.0141286	-0.0289069525	0.0114653602	0.0070902778	0.007050108	-0.0078955992	-0.1227771541	0.1039408833	0.0307615348	0.0023253292	0.2123189014	-0.0125128412	0.0295901107	-0.0098326641	0.0457378894	-0.1052059313	-0.1242081229	-0.0436735748	0.1229373032	-0.0118070845	-0.0075372476	0.0562402868	-0.0817623154	0.0464472749	0.0790332587	0.0981398977	-0.037943756	-0.0129408009	-0.016139246	-0.0253023653	-0.0130670727	0.0210991832	-0.0249737545	0.0574283231	0.0449278295	0.0831703444	-0.0560742178	-0.0968263523	0.1218250264	-0.0379961462	0.024810701	-0.0269148206	-0.0608692386	0.0113522086	-0.1052381759	-0.0835971309	0.0245151542	0.0451470433	-0.0953247341	0.0	0.0	0.0	0.0	0.1256128278543116	-0.0213738753676437	0.0004568425482315	0.0157785825215569	0.0222760690100329	-0.0055762567015733	3.109463880184224e-05	0.0004962232505397	0.681596137253436	0.0005193908349951	2.6976683947700336e-07	0.4645732943188048	-0.0149906901210827	-0.0006691553615731	0.0002247207903063	4.4776889792202725e-07	-0.003196661382208	0.0003263623892614	1.0651240912440973e-07	1.021864399249996e-05	-0.0056108212410074	2.23965245220014e-06	3.148131499853982e-05	5.016043106646101e-12	0.0	0.0	0.0	0.0
55.025930919418784	-0.0469879246246733	0.0022078650605339	3027.853073548648	63.108753696006815	0.2160877069661069	3982.7147930632536	0.04669389710187	54.71460868082455	-0.064247042551166	0.0041276824765713	2993.688403095761	55.580231615729424	40.05293171023358	0.987257	33.859428	0.0512011204657628	0.0287872537639362	0.0542820627	0.0859154983	-0.0107348544	-0.1707328763	0.0950266796	-0.1118815521	0.0488492913	0.0128152514	0.1178313034	0.1030525013	0.0037883426	-0.0226977694	0.0673298543	-0.050919201	0.0950168209	-0.0437529151	0.0467696194	0.0933809028	0.1029497323	0.0057737663	-0.0528792422	-0.0129560668	0.0276106188	-0.0379931346	0.1307383363	0.0618415382	-0.0725678762	-0.0515954109	-0.0110439004	-0.0529567813	-0.0312742973	0.1617532221	0.0473893949	-0.0973323018	-0.0333690168	0.0591746317	-0.0431967362	-0.0747800307	-0.0555570888	0.0470557153	0.0270036997	0.0315023372	0.0490889218	-0.0247887241	0.0162319325	-0.0751830921	0.0161195489	-0.0776915705	0.0532949834	-0.0112782888	0.0572211399	0.164628229	-0.0652799341	-0.0896043246	-0.0065038531	-0.0569880992	0.0809622871	-0.042413426	0.0036395272	0.0314005264	0.0118465034	0.0648852074	-0.1685634706	0.0947726015	0.0123206793	-0.0189269848	0.0165582305	0.0303581059	0.0524187842	-0.2091547748	-0.0752029823	0.0345459852	-1.1671e-06	0.1710887785	0.1672010341	0.0692832933	0.0062593744	-0.178118854	0.0166002874	-0.0327933868	-0.0125099421	-0.0249280508	0.0202602938	-0.0536148754	0.0278666178	-0.0108248266	-0.038934453	0.0445682935	-0.0532170876	-0.0215027735	-0.003609471	-0.0145533185	-0.0806765061	0.0441080191	-0.008555543	-0.0435049993	0.1158630811	-0.0652612214	-0.0318430231	-0.0385134422	0.0591440281	0.047932124	-0.0971415032	0.0309023885	0.096604416	-0.1569163345	-0.0174505473	-0.0652490735	0.0355962864	0.0777506104	0.0113271634	0.0090828084	-0.0917553284	0.0183182577	-0.0962625686	-0.0358379039	0.0631946715	-0.0338348061	0.0196199644	-0.0525751261	0.0693286682	-0.0774893774	-0.0055226602	-0.0382303836	0.1572037705	0.0218197136	-0.0235601767	0.1837304812	0.0328544586	-0.0887089972	-0.0538530214	0.0472700973	-0.0228201619	-0.153311266	0.0199805505	-0.0078413471	0.0695573408	0.0705879641	-0.1060238953	-0.0132145882	-0.0166752478	0.0019285039	-0.0163348104	0.0226222415	0.0299381339	-0.0262112523	-0.0882923129	-0.0308835278	0.0531556864	0.0931700705	-0.0538726526	0.0447553122	-0.0570930299	-0.1009824084	-0.0225443649	-0.0847644355	0.0282023693	0.0399135934	-0.091677826	0.0	0.0	0.0	0.0	0.1464655843190883	0.0208527564647766	0.0004348374521792	0.0214521673899319	0.0325671683037853	0.0102910992937524	0.0001059067246738	0.001060620451327	0.6852223559470048	0.0036262186935687	1.3149462013587213e-05	0.4695296770895636	-0.0147035306328374	0.0002871594882453	0.0002161938130707	8.246057168930287e-08	-0.0031569646420397	3.96967401683e-05	1.575831179989523e-09	9.966425751088853e-06	-0.0056090565491477	1.7646918597001918e-06	3.14615153715367e-05	3.1141373596921213e-12	0.0	0.0	0.0	0.0
55.15215091643633	0.126219997017543	0.0159314876471085	3041.7597507093683	62.91345485380894	-0.1952988421978716	3958.102801642256	0.0381416377638291	54.79179957015111	0.077190889326566	0.0059584333950261	3002.141300135612	55.61350801707839	40.33363919802484	0.977184	33.513954	0.0278982780347152	0.0175123943373404	0.0517170198	0.0888062714	0.0693261264	0.0832167623	0.041754307	0.0589720109	0.0613190027	0.0390929545	0.1108888062	-0.0108050123	-0.0516664064	0.0717449554	0.0919445387	0.0744935652	0.0417074981	-0.07203419	-0.0275675513	0.0640178185	-0.0896059444	-0.0300573457	0.0117933572	-0.0065782365	-0.1094619693	-0.0236311665	-0.0278934234	0.0764971894	0.0514878668	0.0957738197	-0.0251933928	0.123173818	0.0645630712	0.1250036441	-0.0289433391	-0.0578318978	-0.0224901026	0.030957523	0.1436208887	0.0233818821	-0.084939152	-0.2207453609	-0.0280920755	-0.0044016097	0.0087953829	0.023154145	0.0266150211	0.1426802683	0.0757512779	0.052451123	-0.1026175862	-0.0493033677	-0.0812082362	0.1061064724	0.0420595467	-0.0648610821	-0.0578129806	0.0258987881	0.0680578548	-0.0632711705	-0.0046436815	-0.017718018	0.0183647175	0.0440839583	-0.0935922069	0.014445044	-0.0504176618	0.0333607324	0.001882981	-0.0144909907	-0.0237552186	-0.0946310084	-0.0836594018	-0.0947479058	0.0735957622	0.1182809094	-0.0231291212	-0.1092914229	-0.0392776688	-0.0643617834	-0.0464646025	0.0697085557	-0.1589223338	-0.0610442599	-0.0263688541	0.0387081682	-0.04796143	0.0008134836	-0.0198037868	0.1032265431	0.0455068399	-0.0915200132	-0.1722675115	-0.1204739984	-0.0653165399	-0.0929562709	0.061499159	-0.0407435881	-0.0088257096	0.0213265654	-0.0029445884	0.0290779565	-0.0524717086	-0.0091255324	-0.0144774167	0.0518022968	-0.0898805404	0.0389444576	0.0337100747	0.0179942649	0.0442133105	0.0125301795	0.1534298257	-0.0975808566	0.0319160581	-0.024289963	-0.0130892884	-0.0406701748	-0.0687418591	-0.0035652332	-0.1002312227	-0.0522402786	0.0369982496	0.0586282298	-0.0018012935	-0.0535682046	0.0511105994	0.0423712053	0.0326162384	-0.0723026631	0.0676040877	-0.1322893652	0.0381112288	0.0649443195	-0.086578313	-0.0116939027	-0.0795998095	-0.0548037804	0.1292530062	0.0462326899	0.0535790377	0.0601476323	-0.0187479528	0.0192256508	-0.1080047021	0.0796127707	0.0180738692	0.0437176696	-0.0357186203	-0.0233407306	0.1043005329	-0.0764407918	-0.0832907057	0.0541641946	0.0644014846	-0.0949755907	-0.0366113901	-0.085904733	0.0318536448	0.034565715	-0.0875637488	0.0	0.0	0.0	0.0	0.1499593054060142	0.0034937210869259	1.2206087033230804e-05	0.0224877932778542	0.0271785969883779	-0.0053885713154074	2.9036700821231476e-05	0.0007386761342566	0.6852134983444529	-8.857602551870514e-06	7.845712296690304e-11	0.4695175383134435	-0.0148093135771915	-0.0001057829443541	0.0002193157686275	1.119003131622274e-08	-0.0034266602444463	-0.0002696956024066	7.273571795745898e-08	1.1742000430868778e-05	-0.0056137205629836	-4.6640138359000174e-06	3.15138585592649e-05	2.1753025061466797e-11	0.0	0.0	0.0	0.0
55.0749083313225	-0.0772425851138294	0.0059664169550671	3033.245527703576	62.51526012074762	-0.3981947330613238	3908.1577479647376	0.1585590454377789	54.79020653623442	-0.0015930339166914	2.537757059729177e-06	3001.966732283225	55.53574729084375	40.104434351562766	0.903353	30.981817	0.0772728924868655	0.0482548873343829	0.0707825888	0.0636022484	0.0936601167	0.0645848948	-0.0099125538	0.0951846778	0.0194120028	-0.0647795696	0.0575906462	-0.0368905248	0.0518528014	0.0013762626	-0.0846623211	0.0558741129	0.1112588702	0.1061436593	0.0767141891	0.0875220367	-0.1140706382	0.0521210679	0.0655107864	0.0526631912	-0.0013777574	-0.1063888601	0.0113272075	-0.0085171379	-0.1206151948	0.0515802075	-0.0545060356	0.0502393729	0.0289895949	-0.0290894729	-0.0336100827	-0.028116969	-0.0070310292	-0.0001200839	-0.0050922855	-0.0770160931	-0.0214748084	0.0501034769	0.0524254693	-0.0300300048	-0.0286592481	-0.0138571795	0.0957673231	-0.0035799621	-0.0175449136	0.056970328	0.0103699439	-0.0504392355	-0.1180992324	-0.0454410493	-0.100097798	0.0085777783	0.0193273777	0.0108320645	0.1726266478	-0.065668193	-0.067903117	0.0740971785	0.0111291705	0.0268607113	0.0444211548	-0.0290821988	-0.0135562731	-0.0919444018	0.0178057261	0.1401179202	0.1131976129	0.0686827529	-0.0638553855	0.0581937543	0.0822638766	-0.0574940503	-0.0028114205	-0.1488278749	-0.0384562226	0.0171042466	-0.012523056	0.0388281961	0.0731315646	-0.0417988734	0.1075635811	0.0142907314	0.0124147633	0.0591085716	-0.1084997995	0.0156885215	0.1281022123	0.073958447	-0.0321024988	0.0660465202	-0.0715832379	-0.0592277831	-0.0586889248	-0.0550087614	0.1027451694	0.036854553	-0.1002695508	-0.0781683284	0.0151843139	0.0549010375	0.0091637758	0.0412751768	0.0419319191	0.0598339981	0.0119015062	0.0309276287	0.0275358471	0.0409205233	-0.0329562785	-0.0402449819	-0.1095092242	0.007468394	-0.0345953266	-0.1111321342	-0.0407427711	-0.0637688068	0.0378323911	-0.069417994	0.0186521108	-0.0137711376	-0.0456990547	0.0051827582	-0.0283942188	0.063993178	-0.0244520949	-0.0904354423	-0.0509104436	-0.0766420202	0.1358137222	0.0984682862	-0.0852467182	0.0994899307	0.0577545469	-0.0058536139	0.0056912335	-0.0290754801	0.029925792	0.0026007622	0.006477737	0.0060065623	-0.072749513	0.0459263275	0.0427131869	0.0336532482	-0.024797262	-0.0432077164	0.108677872	-0.0144280889	0.0361100185	0.2008599265	-0.0008968829	-0.0862199199	-0.0206991331	-0.0870176603	0.0354643276	0.0291187401	-0.0830034668	0.0	0.0	0.0	0.0	0.1202326211125779	-0.0297266842934363	0.0008836757590816	0.0144558831796007	0.0167818901294509	-0.010396706858927	0.0001080915135104	0.0002816318363169	0.6857563795948352	0.0005428812503822	2.947200520166121e-07	0.4702618121550156	-0.0154685963138564	-0.0006592827366648	0.000239277471921	4.346537268643597e-07	-0.0034963053718874	-6.96451274410999e-05	4.850443776287046e-09	1.222415125348869e-05	-0.00561692510056	-3.204537576399769e-06	3.154984758530096e-05	1.0269061078558102e-11	0.0	0.0	0.0	0.0
55.1771871352526	0.1022788039301048	0.0104609537333728	3044.521980158685	63.221525619684726	0.7062654989371069	3996.961301680453	0.4988109549888805	54.93764753359434	0.1474409973599151	0.0217388477024864	3018.145116525444	55.73625537734042	40.038718126137134	0.9714060000000002	33.315777	0.0994035302737418	0.0759320867970154	0.0809868784	0.0815954208	-0.0550010434	-0.1540838331	-0.0611983736	0.0496904263	-0.0325522026	0.0594837819	-0.0936049737	-0.031304981	-0.0258514334	0.0316076995	-0.0080026832	0.0437669484	0.0387254232	-0.0194264892	-0.1359880446	-0.0389634285	-0.0083782305	0.0558144184	0.017147321	0.0541075251	-0.0060861932	0.014278597	0.0209335722	0.0816246059	0.0397283668	-0.0295174068	-0.1022107114	0.1546178596	-0.0303728165	0.0672612319	-0.0237611924	0.1103298738	0.1071605049	0.0719025252	0.0507827646	-0.1074402486	0.029934222	-0.0175966153	0.081035312	-0.0232669532	-0.102962445	0.0280302716	0.038160969	-0.1425263993	0.0006326353	-0.0992707196	-0.0662497738	0.1427371583	0.0465245363	-0.079292403	-0.0278611483	-0.0391971945	0.1348316063	0.0037812949	0.020776713	-0.1096217238	-0.0387651241	0.0094347208	-0.0563019307	0.0674611013	-0.0016733607	-0.019731032	0.0817457786	-0.0238077633	-0.0459387119	0.059515295	-0.003406723	-0.1076848474	-0.110812506	0.0778125143	-0.0139847133	0.0449485984	0.10563098	0.047395467	-0.019140797	0.0605716365	-0.0615883408	-0.0424001087	0.0035893944	0.0012426396	0.0138071668	0.0550995143	-0.0225433211	-0.1078668516	-0.0479234166	0.0617058067	0.1526205552	-0.0320951553	0.009429491	-0.0557872536	-0.0478137864	0.0128907817	-0.1385868757	-0.0375571161	0.0080853479	0.0571319544	0.1845920925	0.0233843892	0.0286560318	0.0077353467	0.0323156471	0.0734579692	-0.0368701756	-0.1504392143	0.0110478582	-0.0526908893	0.0622115547	0.0488261122	-0.0773496905	0.0031412373	-0.0738645143	0.0840439314	-0.0148896647	-0.0089167666	0.091201517	0.0930869607	-0.1057550181	-0.005132769	0.2059814076	0.0658566887	-0.0525217827	-0.0072828177	0.0354660988	0.102776776	0.0681639342	-0.0049854998	-0.0699899034	-0.141834137	0.0205300535	0.0798708536	-0.0469864143	-0.0909552972	0.1148163067	0.0649297729	-0.0387047936	1.81243e-05	-0.0095542422	-0.019705794	-0.0006856012	0.0709267202	0.0121986125	0.0351414475	0.0239104614	0.1548892218	-0.0875402872	-0.0260740941	0.1408560389	0.0062534279	-0.0916180258	0.0026472004	-0.0497397501	0.009975678	-0.0892323268	-0.0881028626	0.0390298165	0.0235882846	-0.0780202182	0.0	0.0	0.0	0.0	0.1351074277516488	0.0148748066390708	0.0002212598725497	0.018254017033667	0.0202572707944597	0.0034753806650088	1.207827076671702e-05	0.00041035702004	0.684584567012223	-0.0011718125826121	1.3731447287680851e-06	0.4686560293913129	-0.0141035976576366	0.0013649986562198	0.0001989114668884	1.8632213314818597e-06	-0.0037276265205137	-0.0002313211486262	5.3509473801790636e-08	1.3895199476437072e-05	-0.0056156142976651	1.310802894899897e-06	3.153512394014069e-05	1.7182042292779504e-12	0.0	0.0	0.0	0.0
55.18403567829736	0.0068485430447609	4.690254183594293e-05	3045.277793743596	62.69734972869794	-0.5241758909867897	3930.957663002659	0.2747603646917949	54.879022157836005	-0.0586253757583321	0.0034369346828056	3011.707073000255	55.71960749758332	41.06063827338247	0.974511	33.422283	0.3333364368244952	0.1965957681731025	0.0052115938	0.1554173582	-0.1129971261	0.0356395368	-0.0382847587	-0.0756804527	0.0573059662	0.1146491362	0.0443221875	0.0074982348	0.064793108	0.0347504057	-0.0431749777	0.1613732065	0.0678962379	0.099423498	-0.0479891847	-0.0253876275	0.1337246315	0.1638877977	-0.0449003836	-0.1057299999	-0.0176313703	-0.0804373335	-0.0049702413	0.0517250482	0.0933635799	-0.0509266027	-0.0156213555	-0.1498138403	0.0340775022	-0.042794369	0.0969321477	-0.023694275	-0.0470023343	-0.0710675721	0.0673964887	-0.0650489239	-0.0580105007	-0.1036617757	0.0165930433	-0.0056546103	0.0562534049	0.0473405602	-0.0087372403	0.0485246697	0.0131370465	-0.0432297175	-0.0626977515	0.0665092456	0.0831141151	-0.023923824	0.0516213893	-0.0294828335	-0.0150248587	0.051344763	-0.0539535423	-0.0802835813	0.0414782124	0.0610118749	-0.0285764029	-0.1273154443	-0.0754666045	-0.1322639054	-0.1487595357	-0.1038773664	-0.0478116245	-0.0044860834	-0.0642516204	-0.0559118662	-0.1005502813	-0.0205883974	0.106833042	-0.0136177422	-0.0348183967	0.0006580246	0.0613288745	-0.0567886704	-0.127954947	-0.0984537364	-0.0958439246	0.0192197035	0.0510807009	-0.1323314377	0.1063549335	0.0742811387	-0.0158723241	-0.0158007173	-0.1265910211	-0.0693018983	0.0937823955	-0.0428640937	0.0508688702	-0.1131619298	-0.0190172761	0.0035889114	-0.0364540964	0.0438214319	0.0099805201	0.0620022419	-0.0960380719	-0.0623181713	-0.1276535416	0.0231486423	-0.010510456	-0.0836270418	-0.0087381256	-0.0234422625	-0.017972653	-0.0377191319	0.0308654943	-0.052836035	-0.0200297032	0.0504011824	0.0815309598	0.0393647736	0.0156337442	0.1589055306	-0.0937496546	-0.0315244826	-0.0464585882	0.0310651993	-0.1276131037	-0.0507891385	-0.0002543284	0.0706964441	-0.1104385734	-0.0239571229	0.0437688498	0.0702267731	-0.0786866336	0.026987753	-0.132801073	-0.0937883062	-0.0848920657	0.1108048855	-0.0035828234	0.0486588959	0.052140673	-0.0267590087	-0.0511637562	0.0224575035	-0.0333942895	0.1054434285	-0.0109796267	0.0236919358	-0.0454224049	0.0095674669	0.1549402981	0.014471506	-0.1234503052	0.0902271455	-0.076384605	-0.0968694612	0.0065286564	-0.0891599942	0.0425455678	0.0179902036	-0.0726393964	0.0	0.0	0.0	0.0	0.1526695950672518	0.017562167315603	0.0003084297208212	0.0233080052579986	0.0675110648033978	0.0472537940089381	0.0022329210482391	0.0045577438708885	0.5560550632868839	-0.1285295037253391	0.0165198333278819	0.3091972334069804	-0.0117553955170815	0.0023482021405551	0.000138189323763	5.514053292907559e-06	-0.0035728984859746	0.000154728034539	2.3940764672332825e-08	1.2765603591079587e-05	-0.005318725037267	0.000296889260398	2.828883602205085e-05	8.81432329397306e-08	0.0	0.0	0.0	0.0
55.35389179750026	0.1698561192028975	0.0288511012306689	3064.053337129367	63.355627613364106	0.6582778846661697	4013.935550283265	0.4333297734405669	54.96008425451524	0.0810620966792328	0.0065710635180332	3020.610861263414	55.73716024413716	40.93329655989746	0.965682	33.119476	0.1926070427848448	0.1000437219081927	0.0508926793	0.1177878206	-0.0024736629	0.0445686786	0.1313951921	0.0366093312	0.0019105501	0.060473452	-0.0802052159	-0.0619939614	0.0217652925	-0.1180745507	-0.0482136333	0.0265632592	0.0477939085	0.0073948216	0.0558180352	-0.0098998805	-0.0502959434	0.0205063451	-0.0255996769	-0.1819414849	0.0881386119	-0.0092551355	-0.0080886298	0.1523007338	0.1093691248	-0.0596310503	0.0181829698	0.024611888	-0.0713907125	-0.088613851	0.019064144	-0.0125560921	-0.0793690243	0.0089553763	-0.0600635926	0.0397114887	-0.1131703726	-0.0005296756	-0.1107522473	0.03542665	0.0759625388	0.033905497	0.0536797066	0.0311447172	-0.0196677926	0.059954403	-0.0769654611	0.0681007926	0.068162079	0.0564457254	-0.1011757989	-0.1419056863	-0.0037341046	-0.0463010396	0.0660494344	0.1164434856	-0.0993810251	-0.0338528125	-0.008917321	0.2096322133	-0.0507036013	-0.0516302668	0.0415038679	-0.0171765153	-0.0253009092	0.050063787	-0.0542835042	0.0344359502	0.0748462572	0.0488015851	0.0418249699	-0.0204503859	-0.0100009355	-0.0482929436	-0.0146360736	-0.0382872484	-0.0790081481	-0.1026813634	-0.0425651313	0.0675698623	-0.0296566128	0.0436523592	-0.0380248797	-0.146438066	-0.1573368963	-0.004414648	-0.1305324545	0.0144191231	0.0589549361	-0.1527334247	0.1074037912	-0.0660619378	-0.0010917232	0.0640439435	-0.0825715723	-0.0619290171	-0.107737489	0.0294133844	-0.0698768344	0.0009243276	0.0638086549	0.0245749668	0.0021660734	-0.0201047433	-0.1461016074	0.0661850012	0.0542763529	0.0913661489	0.0147990492	-0.0162100792	-0.0372804985	-0.0847594854	0.0276183645	0.0087364241	0.124329329	-0.1147198256	-0.0495157944	-0.0135931399	0.0242256498	-0.027222657	0.096380587	-0.0858373069	0.0170261332	0.0432240409	-0.0107337164	0.0240394113	0.0129117369	0.0614269698	-0.0247596379	0.0839371336	-0.1431246601	0.0695160187	0.0405522209	0.0868964255	-0.0343871105	0.0410623379	-0.0479738989	-0.0222355328	-0.0742193333	-0.0613037322	-0.0400963258	0.0397071542	0.0240666075	-0.0281094645	-0.1178809907	-0.0397016818	0.0581013557	-0.0259802251	-0.1196033611	0.0592718961	-0.0530686758	-0.1202453768	-0.0123259912	-0.0901887184	0.0460071013	0.0123405466	-0.0668884209	0.0	0.0	0.0	0.0	0.1196928205268506	-0.0329767745404012	0.0010874676590884	0.0143263712856728	0.0534713744775672	-0.0140396903258305	0.0001971129044452	0.0028591878885202	0.6046163830805469	0.0485613197936629	0.0023582017801024	0.3655609706894026	-0.0131397882966479	-0.0013843927795664	0.0001726540364807	1.9165433681155857e-06	-0.0038348282529865	-0.0002619297670118	6.860720284690816e-08	1.4705907729903492e-05	-0.0056129876531877	-0.0002942626159206	3.1505630394837565e-05	8.659048712849334e-08	0.0	0.0	0.0	0.0
55.257606763750495	-0.0962850337497656	0.0092708077241935	3053.403105257285	62.99754250234891	-0.3580851110151997	3968.690361335257	0.1282249467307679	54.86315444505858	-0.0969298094566539	0.0093953879613032	3009.965715662352	55.73638703997625	43.0950624917973	1.201744	41.215553	0.9027155104974324	0.5255598602936485	-0.1243500627	0.1673821959	0.1193895222	0.0276491009	0.0186599732	-0.0595126858	-0.2342844984	-0.0669885156	0.0280744415	0.0585109954	0.0975303116	0.050570832	0.0653844685	0.0947298424	0.0274644976	0.0566069346	-0.1235129944	-0.0286839052	0.0410914457	-0.0210428968	-0.0704559377	0.1069770552	-0.0947723235	-0.0426983718	-0.0305305243	-0.0262264432	-0.0707984087	0.0658467532	-0.0007345979	-0.0257742982	0.1684303937	-0.0007927636	-0.0508442299	0.0077768484	-0.0161942312	-0.0043806699	-0.1098087635	-0.0242960476	0.0563220831	0.0911764359	0.102185122	-0.0106735297	0.221556638	-0.0428796797	-0.1306003908	0.1703922908	0.1328513167	-0.1190431063	-0.0374948274	0.0684424483	-0.1397691305	-0.0157088188	-0.0524181862	-0.0301612482	-0.0021383632	-0.0325653036	-0.089388593	0.0064210972	0.0273891235	0.0824373737	-0.0496348521	0.0739003046	0.0555233158	-0.204044926	-0.1599673652	0.0494243092	-0.0938952694	-0.0200180725	0.0135210897	0.0303501416	0.1087056539	-0.0535812958	-0.0634288138	-0.0433543165	0.0084256877	0.0971447777	-0.098248317	-0.0148717222	0.0327747243	0.1220016614	-0.0052110643	0.0482652516	0.0147722595	-0.0193932731	0.1021500039	0.0495170896	-0.0019785884	0.0818828131	0.0379270542	-0.0106576977	0.0483946298	0.186588008	-0.094611605	0.0573463341	0.0934673258	0.0450665253	0.0646427792	-0.1777324106	-0.0685436104	-0.0516793381	0.0125901558	-0.1370104816	-0.0667903649	-0.0991232407	-0.1422192782	-0.0245524323	0.0778949617	0.1684490247	-0.0364843434	-0.0322867987	0.0677734284	-0.0020613019	-0.0370568376	-0.0812288059	0.0481597048	0.0438010915	0.0530091285	0.1876059933	-0.0053258253	0.0252618826	-0.0879040133	0.1443957365	0.0446603851	0.0179708561	-0.1225636104	0.1368983506	-0.103672549	-0.1177171526	-0.057857197	0.0059156601	0.0049238601	-0.0902652781	-0.1653654766	0.0029331604	0.0351982011	-0.0792534588	0.0289795887	-0.1683744582	-0.0761940812	-0.1991083417	0.0422859447	0.1295946018	0.0358194645	0.0282658223	0.0978543903	-0.127234291	-0.0398758642	0.1334456974	0.1215512842	0.2066921616	-0.2485002922	-0.0684600703	0.2032111019	0.0650992746	0.219193293	-0.0911887072	0.0494100056	0.0066555103	-0.0607965974	0.0	0.0	0.0	0.0	0.173931944355445	0.0542391238285944	0.0029418825536935	0.0302523212672656	0.2129527690788677	0.1594813946013005	0.0254343152239757	0.0453488818583575	0.3620467277088295	-0.2425696553717173	0.0588400377071537	0.1310778330446713	-0.0058027194724359	0.007337068824212	3.367155327578677e-05	5.383257893122366e-05	-0.0028520306664385	0.000982797586548	9.658910961245734e-07	8.134078922305635e-06	-0.0050043473300313	0.0006086403231563	2.50434921995914e-05	3.7044304297192674e-07	0.0	0.0	1.0	0.0
55.29233933562928	0.0347325718787843	0.0012063515493149	3057.242789206377	62.57538079721322	-0.4221617051356858	3915.678281916241	0.1782205052830697	54.91814576758131	0.0549913225227243	0.0030240455527982	3016.002734549309	55.78291694136825	44.15283460396563	1.291401	44.290485	0.8219289095584952	0.465598675329003	-0.2306569572	-0.1288137258	-0.0715985594	0.0925830339	-0.1159382021	-0.1853991781	-0.0752262255	-0.0637558869	0.0040716903	0.0961907645	-0.1291420912	-0.0190968393	-0.0199339021	-0.0371928356	0.0369918445	0.0913833042	-0.0853605429	-0.1243617522	0.033142821	-0.1852642879	-0.1535652877	-0.0274797641	0.0814860184	-0.027613023	0.0509364346	-0.0767086445	-0.0350276853	0.0789249052	0.1417895831	0.016422583	0.0203791846	-0.0314319428	0.0028507352	0.0613843664	0.0543249332	-0.1564435168	0.0142741109	0.0225438235	-0.0727828284	-0.0199664212	-0.0694740417	-0.1395951434	-0.0449822092	0.025329486	-0.0064227741	-0.1068304736	0.234023605	-0.0407180063	-0.0765154996	0.0633768594	0.0983738989	-0.0516780216	0.1039649566	0.0449784619	-0.1425676693	-0.070327931	0.0407114244	0.1164675623	-0.0654491456	0.0646002376	-0.075652831	0.0433073402	-0.009404058	-0.0359751671	0.0048463798	0.0802672635	-0.0517588364	-0.0243665378	0.1121150919	0.1117754094	-0.0547775776	-0.013893624	0.019990473	0.0759082332	-0.155234309	0.1757883478	0.064800763	-0.058404374	0.0897662855	0.0904573228	-0.0226351687	0.1593990251	0.0334735482	-0.0242574777	0.0795613794	-0.0273691184	-0.0170927865	-0.043641211	0.1256749215	0.061214465	-0.0073300648	-0.1201981887	0.1381976805	0.0778651378	-0.0514044625	0.0706943989	-0.0293359708	0.0905046668	-0.0726767728	0.009621289	-0.1119724414	-0.0819173538	-0.0561140377	0.001909166	0.0430896373	-0.024366351	0.1277683593	0.0995337701	0.1947870811	-0.0953218705	-0.0455306274	0.0626794762	0.0066986394	-0.0413172601	-0.0369734635	0.1264087175	0.0171578341	-0.0222521617	0.0088187386	0.0176788799	0.0415047182	-0.0624753047	0.1019353874	0.0489936276	-0.0695702454	0.0832832465	-0.0002637077	0.0553645771	0.0473914535	-0.141423811	-0.1003781136	-0.2435253402	0.0964433643	0.0285030591	-0.0169047213	0.0276199242	-0.0626971257	0.0186575598	0.0686738596	-0.0285745513	0.0290649325	0.1350117301	0.044274312	-0.0501952977	0.0907130472	0.0855045738	-0.0261526605	-0.0127079936	0.0069937256	0.0778709067	0.080980672	0.0136832969	-0.0026392376	0.1328485971	0.1340675387	-0.0921596423	0.0527499444	0.0009513933	-0.0543949683	0.0	0.0	0.0	0.0	0.216296527131746	0.0423645827763009	0.00179475787381	0.0467841876492541	0.3076493561791977	0.0946965871003299	0.0089674436084503	0.0946481263574748	0.1514621446867252	-0.2105845830221043	0.0443458666065935	0.0229407812731024	0.0011939897964276	0.0069967092688634	1.4256116339732217e-06	4.89539405930004e-05	-0.0040497431645387	-0.0011977124981002	1.4345152281054217e-06	1.6400419698727926e-05	-0.0037131059637998	0.0012912413662315	1.378715589840564e-05	1.6673042658673914e-06	0.0	0.0	0.0	1.0
55.16400106358101	-0.1283382720482677	0.0164707120723351	3043.067013342767	62.68670634284538	0.1113255456321624	3929.623152114132	0.0123933771102986	54.877759880193786	-0.0403858873875222	0.0016310199000776	3011.568529468206	55.7443647920111	44.40374579608785	1.018336	34.92532	0.2579215246962069	0.1339952542532483	-0.2146480451	-0.195100405	0.1225301062	0.0769998374	0.0676802735	-0.159404132	-0.0346843012	-0.1678745187	0.0033604889	0.0128179983	-0.1636749655	0.1435101733	-0.0375403379	-0.1786417739	-0.0669732491	0.0500022654	0.0485068913	-0.0720726808	-0.0446794939	-0.2313583597	-0.1489534625	0.1670128394	-0.0184663111	-0.0064533807	0.0818822778	-0.0635790642	-0.0077557316	-0.0089158896	-0.0789696185	-0.0224483489	0.059543283	-0.1202345464	0.0486576654	0.0471325147	-0.1272976349	0.0341806683	-0.0245308024	-0.0323669326	-0.0328967293	-0.0455259695	0.0103433916	0.0540245172	-0.0635832551	0.0199677063	0.0449005916	-0.0536778278	-0.1830179212	-0.0770892741	0.0420407965	-0.0618339965	0.1782116114	0.0370906623	0.0021195224	0.0520322621	-0.0583445437	-0.0381060302	-0.048872785	0.0870955001	0.0105693033	-0.1399683807	0.044846692	0.0885964454	-0.0948006426	0.0127335509	-0.0746750827	-0.0749175637	-0.0887742417	0.1229372993	0.052380213	-0.0722384637	0.0082618351	-0.0460615963	0.1256153383	-0.1487150079	-0.132413985	0.1352481236	-0.0848695838	-0.1015587174	0.2267903997	0.1187957432	0.0270228868	0.0635473996	0.0258367301	-0.0018599594	0.0263212518	-0.0296235755	0.0883753297	-0.0384349774	0.0386548824	-0.016560618	0.160391961	0.0777207061	-0.0259518934	-0.0813614496	-0.089833341	-0.0338513846	-0.1098582791	-0.0493652779	0.0243180919	0.0367739294	0.0420561932	0.0781607347	0.0760175995	0.1824552705	-0.0311340965	0.1013064851	-0.10924258	-0.0674592755	-0.0136753855	-0.0636343913	-0.0079855106	0.0416004913	0.0246376508	0.106619169	-0.0553405882	0.0214187963	0.0776910365	-0.0593749616	-0.0284401587	-0.0493257513	-0.0738822718	-0.0948767342	-0.0694423165	0.1028544658	-0.0088743206	0.206608641	-0.1509681008	0.0235679903	0.1303924692	0.0567325927	0.0458286089	-0.2319794043	0.1255912774	0.0914941819	0.0416049859	-0.1103396764	-0.0682725749	0.1808563277	-0.0418733592	-0.0198889773	-0.031710251	0.0718155563	0.0559935698	0.0318286564	-0.0680087977	-0.013474462	-0.0250241124	-0.0142895526	0.2023605992	-0.0557691444	0.0518211815	0.0246969518	0.0381202994	0.1293116503	0.0427954094	-0.0931012141	0.0560226613	-0.0047554512	-0.0477161549	0.0	0.0	0.0	0.0	0.202635761443318	-0.013660765688428	0.0001866165191941	0.0410612518157132	0.355183376906794	0.0475340207275963	0.0022594831265315	0.1261552312309137	0.1204716878987426	-0.0309904567879825	0.0009604084119278	0.014513427585172	0.0030789100170105	0.0018849202205829	9.479686892847596e-06	3.5529242379622883e-06	-0.004758646494906	-0.0007089033303672	5.02543931805849e-07	2.264471646348116e-05	-0.002992203884906	0.0007209020788937	8.95328408884656e-06	5.196998073534023e-07	0.0	0.0	0.0	0.0
55.25753095220425	0.0935298886232374	0.0087478400658751	3053.3947269338105	62.52560792191659	-0.1610984209287949	3909.451646005238	0.0259527012257511	54.87998393039241	0.0022240501986274	4.9463992860149365e-06	3011.8126362001294	55.72717415295176	43.60667029695015	0.986138	33.821041	0.1301579313133322	0.0585140607735114	-0.1838609579	-0.2144711738	0.0204152204	0.0494204186	-0.1155098165	-0.0873963677	-0.0729323975	-0.1427794657	0.0351824226	-0.1024099808	-0.1956447602	0.0335338968	0.0485877281	0.0283430031	-0.0784699794	-0.059832601	0.004754615	-0.1161656696	0.1737395373	-0.1352741334	-0.0347317455	0.0135867431	-0.0867871043	0.0096679368	-0.0083195263	-0.0985719994	0.0534744352	0.0564923678	0.0896426386	0.2161759625	-0.0804254352	0.0840152853	0.026440282	-0.0813944655	-0.057842359	-0.012669812	0.1004750562	0.1027452537	-0.0375667446	-0.0588050033	-0.1407287348	0.0422935893	0.0716914317	-0.0115420453	-0.0718373273	-0.0578446631	-0.1389970724	0.2046295976	0.0380108564	0.0150161113	0.0044679929	-0.1325105416	-0.0886671393	-0.0197835651	-0.0897967581	0.076921594	-0.1293857258	0.0418497429	-0.1258847627	0.0971046766	-0.0207467983	0.0272828247	0.0380527567	0.0311546848	0.0741060769	-0.0227469468	-0.0856037726	-0.2175548104	-0.035648156	-0.0825414847	-0.1193322579	-0.0496642461	0.0159304084	0.0304324822	-0.0683955837	0.1725725227	0.0265417407	0.0760091014	0.1432883227	0.1335045485	-0.1013629569	-0.0695585604	0.0217243886	-0.0113481381	-0.0288684615	-0.034505502	0.0575495951	-0.0434700797	0.0207119851	0.0166728253	-0.158910728	-0.0802299068	0.0869436002	-0.0628212242	0.0421023689	-0.0145269676	-0.0231380358	-0.0175537047	0.0170163209	0.0998979122	0.0277437942	-0.0782127429	-0.161837215	-0.0609472989	0.132933547	-0.062042503	-0.1562366819	-0.0311739463	-0.0925650933	0.0817776928	-0.0040501981	0.0062498783	0.1029416275	-0.0534840876	0.1309426609	-0.0402578714	0.0221887921	0.1068530208	-0.0922784316	0.1123493172	0.1913935319	-0.1635702613	0.0468337863	0.0064585806	-0.0540138776	0.0016327032	0.1617080286	-0.0761029869	0.0149973774	0.0247996869	-0.0202692842	-0.2156499252	0.1509136052	0.042630681	0.0949533242	-0.0783560705	-0.111568623	0.0527890726	0.1155322574	0.0758804413	0.0048541104	-0.0154861181	-0.0816168198	-0.0318839187	0.0360497322	-0.1388166737	-0.0820459579	0.0334906049	0.1792935181	0.0559653522	-0.0670557806	-0.0875906269	0.0495974233	-0.08844975	-0.0075425694	-0.0940131227	0.0592239858	-0.0104486623	-0.040794191	0.0	0.0	0.0	0.0	0.219253244151929	0.016617482708611	0.0002761407315709	0.0480719850711453	0.3793075235543313	0.0241241466475372	0.0005819744514718	0.1438741974249195	0.1521045650228316	0.0316328771240889	0.0010006389151477	0.0231357987007848	0.0037381850411778	0.0006592750241673	1.397402740208547e-05	4.346435574907941e-07	-0.0043903738657209	0.0003682726291851	1.3562472940690626e-07	1.927538268080508e-05	-0.0031203247282155	-0.0001281208433094	9.736426409513132e-06	1.641495049033738e-08	0.0	0.0	0.0	0.0
55.23656719590046	-0.0209637563037858	0.0004394790783645	3051.078355587227	62.4341970107716	-0.0914109111449903	3898.028956379841	0.0083559546763573	54.947826381946186	0.0678424515537727	0.004602598232826	3019.263624100501	55.72385189053685	43.59999608490509	0.943329	32.352856	0.0436496113781943	0.0217475554550212	-0.1737026656	-0.2065742182	-0.0861041183	0.0542646526	-0.102077208	-0.1412366724	0.0030664694	-0.0931536504	-0.0646320514	0.0388654593	-0.100962047	-0.0650403578	-0.0884254642	-0.097522577	-0.1700094298	-0.0162751113	-0.0866231443	-0.109787164	0.0799292362	-0.1315941387	-0.0693831158	0.0571027061	0.1208106859	-0.0226175232	0.0358494647	-0.0519952655	-0.1244738244	0.0755740007	0.1569414443	0.0824961425	0.0298081278	0.0160685068	0.0076317149	0.0161029741	-0.0366411337	0.0495882224	0.0881017444	-0.0042819595	0.1741537719	0.1542621934	-0.122558308	0.0413649468	-0.1775479864	0.08652518	0.0666085464	0.0567537496	-0.0003494601	0.0526170697	-0.1477601282	-0.0050928039	0.0315874979	0.0513279696	-0.0292719068	-0.0099976267	0.0973809536	0.0673376697	-0.0420257371	-0.0311418185	-0.049817711	-0.0692734699	0.0269867402	-0.1193803772	-0.047105963	0.0127246662	-0.0581263838	-0.073899991	0.0044605477	-0.0226874822	-0.2740658819	0.1153460552	-0.0295490577	-0.0254059	-0.0496045022	0.0748915273	-0.12108945	0.144752927	0.0503811956	0.0335406075	0.1727285768	0.0225856305	0.0639893239	0.0974828379	0.0127350255	-0.0751953276	0.0062946443	-0.0500578323	0.08822383	-0.1051865359	0.0798940987	0.069401482	-0.1803644912	-0.0149029096	0.0561426981	0.0227107355	-0.0563422531	-0.029305755	-0.1035390201	-0.0392717792	-0.0418237198	-0.1085419756	-0.0365231612	-0.0169408037	0.1295538287	0.1654270544	0.0126807293	-0.1288999815	0.0932735119	-0.0218661706	-0.0661500583	-0.0011499624	0.0038352367	0.020321556	0.0900090537	-0.0339878316	0.1383091635	-0.0869593413	0.0896816582	-0.0968446488	-0.037815879	-0.0147063416	-0.0268350027	0.0817365802	-0.0656614227	-0.1093454908	0.0249676638	-0.2142875599	0.0823566234	-0.0193580634	-0.0299095806	-0.0659098165	0.0282965089	-0.2003152809	0.1591420604	0.0276033922	-0.0121052566	0.0820203557	-0.0675838378	0.1575495294	0.0693947483	0.112073278	-0.0649088048	-0.0016114956	-0.1260089887	0.0654924346	0.1226005607	0.0911368715	0.0645975921	0.028102152	-0.0502526077	0.0782496474	-0.0761169178	0.0771055865	0.1775455382	-0.027102631	-0.0025078598	-0.0948950775	0.0623498384	-0.016111918	-0.0336643492	0.0	0.0	0.0	0.0	0.2323027593305227	0.0130495151785936	0.0001702898463963	0.0539645719925747	0.3881384195827309	0.0088308960283995	7.798472466440371e-05	0.15065143275618	0.1393396921586855	-0.012764872864146	0.0001629419792378	0.0194155498108772	0.0037709310998983	3.274605872049998e-05	1.4219921360180203e-05	1.0723043617264327e-09	-0.0044999912779408	-0.0001096174122198	1.2015977061787466e-08	2.0249921501543277e-05	-0.0031580478034162	-3.772307520070019e-05	9.973265928661886e-06	1.4230304025976816e-09	0.0	0.0	0.0	0.0
55.36377807758453	0.1272108816840642	0.0161826084188369	3065.1479230240293	62.74797513200829	0.3137781212366946	3937.308383167131	0.0984567093668297	55.00963484552764	0.0618084635814568	0.0038202861703002	3026.059925838289	55.83818896848764	44.5412724348851	1.015769	34.837265	0.1641131055755617	0.0822591739982877	-0.1783738803	-0.205329929	0.0948155799	0.1156673841	0.0510098486	-0.0955133509	-0.0612657149	-0.1830601875	-0.1343794767	-0.0309758692	-0.1174796655	-0.0487643802	0.0376023815	-0.1567619168	-0.0691446161	0.0528008289	-0.0165525964	-0.1653721656	-0.1392022565	-0.143699392	-0.0114599858	0.0282083507	-0.0881622959	0.0777119743	0.1695479546	-0.0985711084	0.2719722263	0.0445427338	-0.0720549337	-0.0545023727	-0.0396346966	0.0768900392	-0.0155919601	-0.0504518043	-0.0807643508	-0.0587928263	-0.1405955267	-0.0748070118	-0.0786541998	0.0329387017	0.0079611893	-0.0644651956	-0.0813614938	-0.0631303524	-0.035977015	-0.0204294612	-0.0964419035	0.0228185616	-0.0369744356	-0.1564213218	0.02283804	-0.0076104439	0.0511352202	0.1650045339	0.0236992418	0.1085588667	0.0593218141	-0.0658106707	0.0493961079	0.1519065459	-0.0016109913	-0.1449644679	-0.0894582696	0.0466609688	0.044605926	0.1103477995	-0.0883646311	0.0245041353	0.0139759128	0.0420938961	0.0042285033	-0.1157118524	-0.1283209751	-0.0350224681	-0.1592561836	0.0852179585	-0.121412154	-0.0946251962	0.1150450412	0.0074963667	0.0082978265	-0.080370693	0.0402134068	0.1628052607	-0.024550725	-0.1524141103	0.0999567709	-0.0834591426	-0.0482905333	-0.205167286	0.1224274867	0.0053099796	0.0682011189	-0.0478231908	0.0066825186	0.0401967376	0.1844141571	0.0341901337	0.095807016	-0.089980965	-0.0354053448	0.0941374398	0.0308577231	-0.0170078649	0.0838549717	-0.0080578284	0.0400535947	-0.0779960971	-0.1460077945	0.0022370198	0.1302784607	0.0929233702	-0.0022752934	0.1131465988	-0.0912392306	-0.0111576454	-0.1313061866	0.0847141079	0.1480946915	0.0578819608	0.0227406036	0.0333984327	0.0147262567	0.0445098973	-0.1466897101	-0.1749246315	0.1873599459	-0.0766555034	0.1295376283	-0.0441008137	-0.0278218101	-0.1929189294	0.1332557907	0.1135324488	-0.0126599553	-0.0886738468	-0.0551413864	0.1987030787	-0.0597030314	-0.0005289091	-0.1146408453	0.013988688	0.1934012433	0.0526332848	-0.0608623283	0.0233635636	-0.1172964558	-0.0981206301	0.0420214465	-0.0785747947	-0.0373032968	0.1621064483	0.0756892669	0.1004086312	0.1177412042	-0.0957467976	0.0653962354	-0.0217289825	-0.0263629615	0.0	0.0	0.0	0.0	0.2122180138247529	-0.0200847455057698	0.0004033970020315	0.045036485391723	0.3712476153515212	-0.0168908042312097	0.000285299267577	0.137824791904191	0.0854274186004033	-0.0539122735582821	0.002906533240223	0.0072978438487285	0.0027259029235823	-0.001045028176316	7.430546748794531e-06	1.0920838892943446e-06	-0.0048832948520984	-0.0003833035741576	1.469216299619912e-07	2.3846568612530736e-05	-0.0031218739082838	3.617389513240008e-05	9.746096699223168e-06	1.3085506890498782e-09	0.0	0.0	0.0	0.0
55.31640195506742	-0.0473761225171074	0.0022444969847559	3059.904325254586	62.87236980082457	0.1243946688162793	3952.9348843716375	0.0154740336299118	54.9690650925734	-0.0405697529542408	0.0016459048547681	3021.598117151572	55.80407354521599	43.67383986043103	1.041907	35.733711	0.2062818630829481	0.1110041671859143	-0.144599368	-0.1589093326	0.0610040722	0.0343492219	-0.0754754277	-0.0530495686	-0.1380228488	-0.1568184309	-0.0826642629	-0.0152037101	-0.0573500457	-0.0084792413	0.0311189666	0.0672130249	-0.1092935562	-0.0159235922	0.0149848063	-0.1003087954	0.1626979606	-0.0744261094	-0.0039171912	0.0415367168	-0.0892373862	-0.2065341802	-0.1339265545	-0.1109155588	-0.0203611802	0.0796795401	-0.074030051	-0.0587209082	-0.0282923813	0.0427139189	-0.0120144204	-0.1136412339	0.0124620938	0.0247817955	0.0462385096	-0.1139027712	0.0610922395	0.1205383192	-0.0047933776	-0.1069141989	-0.051306273	0.0988234274	-0.0083523263	0.0920850697	-0.0488598744	0.120946681	0.0646962193	0.0647120947	0.0553564325	-0.1816183869	-0.0237609253	0.0706684943	-0.0451357209	-0.1916685985	0.0119334789	0.0201969751	-0.0442996417	0.0146562619	-0.0562713235	0.0372030617	-0.0137374174	0.0328605704	0.0348591615	0.0968499186	0.0747034729	-0.035609061	0.0135295157	-0.1438949765	-0.0256419961	-0.1009852721	-0.0534301426	-0.0404397015	-0.0414138818	0.1576565236	-0.0188221344	0.1092306294	0.0483469025	0.1432992538	-0.0371225604	-0.0709438669	0.2053666807	-0.1144690406	-0.1115209222	0.0591298764	-0.0249766096	0.0212191318	-0.0435428964	-0.0248495252	-0.0916273462	0.1349793465	0.0045256721	0.0402097468	-0.0601778278	-0.014575522	0.001572189	-0.0345144923	-0.0508208946	-0.1363434027	-0.1194079296	-0.0016855389	-0.0586082374	0.0619453982	-0.0578269355	0.0387936347	-0.1375518389	-0.0165313937	0.0570129452	0.0480957993	-0.1246368402	0.0831017315	-0.0832136466	0.0908628817	0.0214469384	0.060723122	0.1135615183	0.1406686925	-0.0065526965	0.0292826665	0.031460883	-0.0865908585	0.1094936313	-0.0043174393	0.0967731527	0.00551036	0.2548786002	0.0330446111	-0.065137378	0.1765743302	0.0335213815	-0.1646670883	0.1070205622	0.0413785169	0.0881436631	-0.1089431598	-0.0591204467	0.0061439431	0.0701509994	0.0009092992	-0.0215269766	-0.0484132556	-0.1119869194	-0.0020714536	3.53728e-05	-0.2139974734	0.0722758292	0.0599334844	0.1615385175	0.0298533049	0.0299388508	-0.0218284868	-0.1378918669	-0.0322265838	-0.0831110177	-0.0965680115	0.0683592949	-0.0272837521	-0.0189272343	0.0	0.0	0.0	0.0	0.2020234549208623	-0.0101945589038905	0.0001039290312448	0.0408134763381616	0.3407996147189749	-0.0304480006325462	0.0009270807425195	0.1161443773926017	0.1803792954909795	0.0949518768905762	0.0090158589250431	0.0325366902418221	0.0021379964447882	-0.0005879064787941	4.571028797926982e-06	3.456340278080779e-07	-0.0042440630443032	0.0006392318077952	4.086173040971197e-07	1.8012071124020146e-05	-0.0033084841548132	-0.0001866102465294	1.0946067402650017e-05	3.4823384109763456e-08	0.0	0.0	0.0	0.0
55.399686558407375	0.0832846033399548	0.0069363251534936	3069.1252707697827	62.37072709434391	-0.5016427064806592	3890.107598277126	0.2516454049652408	55.03836968846383	0.0693045958904292	0.0048031270115357	3029.222137964014	55.840783062943686	43.6721174169138	0.967793	33.191872	0.1239497456469743	0.0601472764316027	-0.1352577448	-0.1898447844	-0.0811060687	0.0367623787	-0.1171036762	-0.0914991191	0.048413135	-0.033062044	-0.0908225539	-0.0241646236	-0.0496739025	0.1143668807	-0.0398607331	-0.1433286236	-0.0819011734	0.0347633797	-0.0070868305	-0.1213195393	0.0104069653	-0.0253533774	0.1417953054	-0.0148790276	-0.0208917114	0.1592421813	0.0090314143	-0.0710495521	-0.0183501395	0.1306652946	0.1890402545	-0.1083331755	-0.0137571005	0.0997873792	0.0593341753	-0.0083328335	0.1318686522	0.1232782227	0.068777732	-0.0559969875	0.0916625882	-0.160806094	-0.0062517186	0.1854640668	0.058114827	-0.173688835	0.0584107049	0.022275696	-0.0755811192	-0.0473809912	-0.1014726692	0.0635713115	0.0208580088	-0.0005086673	0.0858352181	-0.0854525184	0.0060769328	-0.0686157573	-0.1327995252	0.0671122561	-0.0197217501	0.0327295883	-0.0134970702	0.1115822658	-0.0783924139	-0.0973406454	-0.065578483	-0.1283746019	0.1196145875	0.0469748456	0.0029227652	-0.0575853472	0.0720531403	-0.0101727279	-0.0980897525	-0.1431863152	-0.1140140171	0.1142042983	0.1393590895	0.0753434431	0.0139566454	-0.0011327476	0.0106717554	-0.1083364713	-0.1017378933	0.1118309678	0.071640398	0.0348785543	0.0633636396	-0.1212550429	-0.1641119686	-0.1053678472	-0.210575017	0.0145903869	-0.0840729742	0.1355454889	-0.0678562408	0.0547384288	0.0902841148	0.0255841016	-0.0068402389	0.1304002819	0.1620168951	-0.0437842996	0.0533178508	0.0406902796	-0.0655129644	-0.0166624785	-0.0052395755	-0.017746034	-0.0225441063	-0.0751495259	0.0513872887	-0.0420215103	-0.0195980874	0.1142124944	-0.0079520611	0.0481959981	-0.0153196202	-0.0431729779	-0.2471941778	-0.0635470098	-0.0587375026	-0.0764827509	0.0177215208	0.0066043525	-0.0514910111	0.0187453253	-0.0957615172	-0.0520434113	-0.0530990779	0.0291965409	0.0234893353	-0.1581749263	0.1439172217	0.028242255	-0.0177114362	0.0038411083	-0.074967121	0.0612845347	0.1559024219	0.0954022187	-0.0056607184	-0.0766038211	0.002461537	-0.0120895996	0.198167676	0.1779481272	-0.0325709633	0.0205301794	-0.0268267795	0.1595495938	0.0772661455	0.0400546611	-0.1550670648	-0.0667678332	0.0008488389	-0.0973584576	0.0712352408	-0.0327603017	-0.0113950582	0.0	0.0	0.0	0.0	0.2303905238780146	0.0283670689571522	0.0008046906012198	0.053079793492786	0.3616342458739581	0.0208346311549831	0.0004340818553641	0.1307793277888263	0.1473652612572706	-0.0330140342337089	0.0010899264563845	0.0217165202254236	0.0026940627786755	0.0005560663338873	7.257974255444757e-06	3.0920976768286245e-07	-0.0043873074904265	-0.0001432444461232	2.0518971345170883e-08	1.924846701555247e-05	-0.0031731147088012	0.000135369446012	1.0068656955210524e-05	1.832488691359581e-08	0.0	0.0	0.0	0.0
55.62074190007728	0.2210553416699028	0.0488654640807974	3093.6669295150123	62.81223508113406	0.4415079867901497	3945.376875887649	0.194929302399491	55.09651341074228	0.0581437222784515	0.0033806924403937	3035.6257900201044	55.8713563134167	44.15571747642721	0.99545	34.140396	0.0991436516244672	0.0456171301098586	-0.1317969846	-0.18754432	-0.0045089241	0.075084798	0.0211042598	-0.0856254341	-0.0396766459	-0.0488578975	-0.08727429	-0.0875594532	0.0471689627	-0.0592888195	-0.0952675095	-0.1780088263	-0.0236532799	0.0214203354	-0.0599530476	-0.1895752786	-0.0945509587	0.0186551505	0.0901178032	0.0162237553	0.0377769842	-0.112851384	0.1518873788	-0.0997728173	-0.1633791354	-0.0418713432	0.0676297223	-0.0247051983	0.0103285731	0.0056360617	-0.0646130615	0.0689761592	0.0253399618	-0.019997893	-0.0275073773	0.0710263184	-0.0663925361	-0.0338366306	-0.055785731	-0.036580982	0.0963904131	-0.0299255944	0.1252154974	-0.0586915586	0.0011859995	0.0095593881	0.0369738546	-0.0138186654	-0.0813485388	-0.0422210056	0.0694948231	0.0521106902	-0.00751163	-0.0683041015	0.0163107265	-0.0517176272	-0.0131053934	0.0004346335	-0.0840628868	-0.1302104941	0.069093998	0.074938105	0.0847911621	-0.0661668993	0.1160951225	-0.092239785	0.0812198605	-0.0551027861	0.043459708	0.0714540087	0.0286979346	0.0101428639	-0.1150628006	0.0879639546	-0.0756217842	-0.0239569917	0.0291190467	-0.1132737295	0.1237668453	-0.0946168688	0.1752856458	0.0582827853	0.0625799682	-0.0081736092	0.0327307956	-0.0572973636	0.0553833222	0.0868394094	-0.0014191255	-0.0094050952	-0.0347654223	0.0979915854	0.0483196577	-0.0368527738	-0.017651488	0.1140028058	-0.1204457859	0.0775890732	0.0249039036	0.0338361279	0.0512802594	-0.0406782635	0.0765553164	-0.0014890288	0.0120428124	0.0696598232	0.073735917	-0.0433694749	0.0689571573	-0.0789617606	0.0652631558	0.094240242	-0.0591562205	-0.0251805776	-0.0554350514	-0.0053258426	0.0148070314	0.1426758095	-0.0069403548	-0.0371607865	0.0864918463	0.1314184071	0.1565082619	-0.0733775504	-0.0637741557	0.0074238919	-0.0193275436	-0.0088643662	0.0622534859	-0.1459330975	0.1289252963	0.0959889412	-0.0275726687	-0.0130896402	-0.054693046	0.1579351665	-0.0458149383	-0.0111029503	-0.1424961678	-0.0974249347	0.236152186	0.1072900963	0.0383889469	-0.0152178269	-0.0098261966	-0.0222327742	-0.0650262089	-0.1450872258	-0.0331629821	0.0689108271	0.0226630417	-0.0653202561	0.0502742487	-0.0981178842	0.0740204082	-0.0381429308	-0.0038048156	0.0	0.0	0.0	0.0	0.2187855908920397	-0.0116049329859748	0.0001346744696089	0.0478671347819789	0.3514891882846314	-0.0101450575893267	0.0001029221934907	0.123544649480989	0.11880593380139	-0.0285593274558805	0.0008156351847322	0.0141148499064202	0.0021969462277686	-0.0004971165509069	4.826572727706681e-06	2.471248651855726e-07	-0.0048299847884889	-0.0004426772980624	1.9596319021982707e-07	2.332875305703416e-05	-0.0031362218859048	3.689282289640007e-05	9.83588771762826e-06	1.3610803812651412e-09	0.0	0.0	0.0	0.0
55.61920934948079	-0.0015325505964867	2.348711330791785e-06	3093.4964486613712	63.04961135844493	0.2373762773108652	3975.253492450948	0.0563474970299647	55.07258350223136	-0.0239299085109223	0.0005726405213411	3032.9894536102456	55.88776493411413	44.069811008982576	0.998304	34.238293	0.1398306538451495	0.0812163072272585	-0.1017359947	-0.1619811529	0.0873546075	0.0183633935	0.0283807631	-0.0162869471	-0.1090302662	-0.1139744735	-0.1520020467	0.1093187509	0.0406102394	0.0473159863	0.0520063062	-0.0249195731	-0.1454731602	0.0512990419	-0.1721189629	-0.1235510224	0.0669585426	0.0788454818	-0.1258797263	0.0322016918	-0.0491132882	-0.0375775916	0.0398393969	-0.0581250468	0.0151075914	-0.127063712	-0.0020473247	0.0288867517	-0.0901904595	-0.0451223235	-0.013476978	-0.045618549	0.189328037	0.0926181218	-0.2106825995	0.1267896602	0.0703651085	0.0317578772	-0.0811531915	-0.0209088886	-0.0019650959	-0.0758835736	0.0409064197	0.0174455857	0.0857152074	0.0564903526	-0.022433647	-0.0871783992	-0.0699190942	0.0142966632	-0.0080587051	-0.1544926433	0.2070614337	-0.0162877095	-0.048910602	-0.1849627669	0.0105808509	0.0809600443	-0.0410355893	0.0258232543	0.0179993072	0.0534939338	-0.1400418856	-0.075276415	-0.0209635602	-0.0390833609	-0.01189847	0.107002796	0.058400343	-0.0396392583	0.1429267337	-0.0728614437	-0.0116764413	0.0964311771	-0.1459685504	0.1254203267	0.0018872608	0.0188922483	-0.0047570299	-0.0476215147	0.0377892159	-0.1513450794	-0.2311742527	-0.0769400284	0.1212072115	-0.0971060911	-0.0437488989	0.1575452662	0.1175020187	-0.0402123647	0.028684227	0.0912881285	-0.0566733903	0.1264887312	0.0533418947	-0.0755844809	-0.0749091184	0.0664610684	0.0094906359	-0.0034225197	0.0883875772	-0.1330392125	0.0460795636	0.0111243328	0.1678202964	-0.0292574825	-0.1092597845	0.0459134729	-0.0010451177	-0.1524180443	-0.1734883823	-0.0441571719	0.0558719584	-0.1112478242	-0.046602024	0.0804595585	0.0730428261	-0.0266404925	-0.0500232553	-0.0598008744	-0.0111403099	-0.0175038027	0.133520285	0.068257985	-0.121319003	-0.0797349089	0.0572132036	0.0813815491	0.047833664	-0.1293636309	0.1097371809	0.0481988221	0.0497082457	-0.1143104607	0.0080772859	0.0400243114	-0.0097400803	0.0399530645	-0.0612895027	-0.1320398315	-0.0675717909	-0.1053810561	0.0174456616	-0.0379039459	0.0467475328	0.1230570963	0.0191733558	-0.2881395531	-0.005762994	-0.2002232768	-0.1315255691	-0.100995465	-0.1455369133	-0.0988460491	0.0767112478	-0.0434162077	0.0038048156	0.0	0.0	0.0	0.0	0.2032010051704986	-0.015584585721541	0.000242879312112	0.041290648502301	0.3405599883248271	-0.0109291999598042	0.0001194474117613	0.1159811056478063	0.1933427116356441	0.0745367778342541	0.0055557312499129	0.0373814041426238	0.001918753474291	-0.0002781927534776	3.681614895103783e-06	7.739120808744872e-08	-0.0043844853034895	0.0004454994849994	1.9846979113473085e-07	1.922371137651541e-05	-0.0030843123177908	5.190956811400001e-05	9.512982473676056e-06	2.694603261782006e-09	0.0	0.0	0.0	0.0
55.52283069653159	-0.0963786529491983	0.009288844744302	3082.784728555711	62.796449204183	-0.2531621542619291	3943.394032653536	0.0640910763505408	54.89494943174792	-0.1776340704834424	0.0315538629965166	3013.455473114161	55.69517096849562	43.74493191490284	0.985218	33.789471	0.1482088631455519	0.0779659747283145	-0.0917231956	-0.1297255361	-0.0796454827	-0.031029054	-0.1018991718	-0.0431983174	-0.106859158	0.0268088974	-0.0402130723	-0.1008782276	0.0189716746	0.0597318119	-0.0064455182	-0.0993340714	-0.0425897138	0.0735065189	0.0978632658	-0.098350094	0.0721711837	-0.0742200713	0.0276706624	-0.0044069754	-0.1201208694	0.0049369569	0.0350714677	-0.0774117166	0.091892355	0.0472819517	0.1989474942	0.1744002717	-0.063658649	-0.1119657398	-0.01985099	0.0626496936	-0.1851328073	-0.0278359381	-0.1537819012	-0.0174977842	-0.002637461	0.0957089345	0.1120791121	0.0708801546	-0.0374066456	-0.0204388387	-0.0401062778	0.0905275392	-0.0118282797	-0.074687301	0.0275849351	-0.0095461105	-0.1438625166	-0.097270668	0.0279196229	0.0924670774	0.0993727409	-0.0063851164	0.0035358464	0.0286916608	-0.040284442	-0.0642920692	-0.1366515977	0.0624552702	-0.0419119671	0.0792987165	-0.0502057198	0.0146911866	0.0377291623	0.1101442106	0.0550402142	0.0657484499	0.0043397716	0.0690741153	0.002176689	0.1067859712	-0.0495814364	0.1032671872	0.0298819117	0.1468946336	0.0978376158	0.0394465368	-0.1236166868	0.004284246	0.0625647784	0.1400794687	0.0545275242	-0.0197587097	-0.1092947515	-0.1644528682	-0.0405335369	0.1443499528	0.1128369072	0.043349965	-0.0407794414	-0.093261889	0.0408838232	0.0373826689	0.1119808816	-0.0683158443	0.0511595148	-0.0362317963	0.1098620093	0.0112462506	0.0753331482	0.0432420747	-0.0680972205	0.073067196	0.0946285208	0.1681793011	-0.059056393	0.0058395445	0.0488562427	0.0839888253	0.079193072	-0.0258034397	0.0897052617	0.0096158731	-0.0053740561	0.028031263	0.0298304263	0.0395227158	0.1141718024	0.0619539238	0.0906578517	-0.0894003382	-0.0532051225	0.054763817	0.0659422571	0.0813110335	-0.0549197048	-0.0617142332	-0.0646264917	-0.1126460741	0.0927519706	-0.0148600879	-0.0240582408	0.0396022933	-0.0426121247	-0.0504128327	0.1221167275	0.0697740892	0.0208163502	-0.0507854483	-0.0455662625	-0.2111518115	0.1615578201	0.0810007451	-0.0175090555	0.1872835043	-0.2257770524	0.1596844742	-0.0688690929	0.0095459774	-0.0509906072	-0.0575386981	-0.1412063837	-0.0995427205	0.0793043304	-0.0485650145	0.0113950582	0.0	0.0	0.0	0.0	0.2388917813880766	0.0356907762175779	0.0012738315070132	0.0570692832147685	0.3517935798478504	0.0112335915230233	0.0001261935785061	0.1237587228221659	0.1811822647279584	-0.0121604469076856	0.0001478764689946	0.032827013051952	0.0006289904209983	-0.0012897630532926	3.956289497076186e-07	1.6634887336389078e-06	-0.0043011232692151	8.336203427439931e-05	6.949228758366125e-09	1.8499661376983592e-05	-0.003493668200169	-0.0004093558823782	1.22057174928721e-05	1.6757223843763485e-07	0.0	0.0	0.0	0.0
55.516385266193495	-0.0064454303380969	4.154357224326081e-05	3082.069033024426	63.05341420890136	0.25696500471836	3975.733043399284	0.0660310136499068	54.9568874103397	0.0619379785917786	0.0038363131920356	3020.259473832754	55.74921399342226	43.74564668539632	1.045297	35.849968	0.0706995939387385	0.0404704551728904	-0.0821999566	-0.0911407532	0.0454291541	0.0417783956	0.0225827644	-0.1016965218	0.0029411988	0.0473786425	-0.012051134	-0.0010735451	-0.1270456469	-0.1068475526	0.0412790643	-0.0444652094	-0.0240265701	0.0720857612	0.1100316072	-0.0546420874	-0.0379295258	0.0236369713	-0.0740540978	0.0372642125	-0.0734245665	-0.1137973568	-0.1351092918	0.0205193895	-0.0179962945	0.0435175498	-0.1077140047	-0.0653681346	0.0636908153	0.0345094685	-0.0155504654	0.0880262834	-0.0361665858	-0.2121278192	0.0765808672	0.0795005689	-0.0011525255	0.0784618348	-0.1499321002	0.0206413968	0.015149881	0.0063675917	0.0238876676	0.0046255956	-0.0688871497	-0.0145635512	0.0188975646	0.1664499527	0.0289348513	0.1142527971	0.0562992387	0.0203028672	-0.0539298359	0.0591869824	-0.0975786993	-0.0942792129	0.0946936457	-0.0103299806	0.0613562006	-0.0181976182	0.0352672993	0.0916271589	0.0096586942	-0.0796880066	-0.0854627392	0.0542745775	0.0978947349	-0.0241072544	0.0558154273	0.0901437769	-0.109420131	0.1027862304	-0.0796809632	-0.0066030404	-0.0646721041	-0.0256637415	0.0918892474	-0.1264929828	-0.0645856755	0.1108137582	0.1201337755	-0.0775966072	0.0146070235	0.0763434357	0.0417323359	0.1205447465	0.0362970814	-0.0512058188	-0.0124393296	0.03483309	0.1795512948	0.0428102274	0.1373219594	0.0431439927	-0.0387475775	0.0586519835	0.0537934319	0.0033271324	0.0662278878	-0.0508745342	0.0415625682	0.0390952605	-0.0602771636	-0.1292177968	-0.1737778446	0.0147921675	-0.0939654453	-0.0869274298	-0.0975818197	-0.0825484895	0.0171957147	0.0424003355	-0.0740080089	0.0949934279	-0.1571207188	-0.0478577783	0.1400536261	0.0041266982	-0.0195724886	0.0335870015	-0.0614390265	-0.0388699774	-0.0545980953	0.0579029919	-0.0228050154	0.0303443614	0.0254156344	-0.1232824889	0.0965507822	-0.0870315424	0.063784481	0.087344577	-0.0434361378	0.0205067474	0.0018198915	0.0568440001	-0.103140001	-0.0495784086	-0.0176638009	0.0267469194	0.1399897448	-0.0409587447	-0.1211249663	-0.1134450281	0.0689635002	-0.0801825588	-0.1170947733	-0.0301595225	0.0363321343	0.0940165549	0.0235220358	0.0238634056	-0.0336305829	-0.1002076762	0.0817963518	-0.0535745901	0.0189272343	0.0	0.0	0.0	0.0	0.2327804192958353	-0.0061113620922413	3.734874662248405e-05	0.0541867236075448	0.3399387100283491	-0.0118548698195013	0.0001405379384373	0.115558326575738	0.2163185598975943	0.0351362951696359	0.0012345592382477	0.046793719356169	0.0004546335100536	-0.0001743569109446	2.0669162846365682e-07	3.040033239417803e-08	-0.0043743454047244	-7.322213550929949e-05	5.361481128542216e-09	1.9134897719833475e-05	-0.0035980304908622	-0.0001043622906932	1.2945823413174085e-05	1.0891487718732016e-08	0.0	0.0	0.0	0.0
55.294772825080685	-0.2216124411128106	0.0491120740559789	3057.5119017772813	63.06844043978755	0.0150262308861925	3977.62817950703	0.0002257876146451	54.85600088606112	-0.1008865242785788	0.0101780907810122	3009.180833211538	55.699063220427405	43.04014718374076	1.022376	35.063869	0.2207428792911918	0.1285370752050867	-0.0336962383	-0.0425906392	0.0416578918	0.0162263484	0.0281839389	0.0784611378	-0.0772473636	-0.1155789687	-0.0264776404	0.12033718	-0.0063693034	0.1164422139	-0.0993399789	0.0466206382	0.0058146898	-0.052546447	0.0346308915	-0.0078479761	0.0493551484	0.0056848294	-0.1152310033	0.0849685072	0.1428733851	0.1173863611	0.0377996161	-0.0222583865	-0.0098385036	0.0055295085	-0.0313433597	-0.0907562691	0.0210275585	-0.0642219394	-0.0367839222	-0.082219339	-0.0966353425	-0.0511200383	0.0860920965	-0.0253357336	0.0264217104	-0.0934204882	-0.1248415135	0.2076288525	0.0761361531	-0.1071298813	-0.1264460029	-0.1250450683	0.0226384438	0.031372475	0.053350453	0.1253461952	-0.0897110958	-0.0176682167	0.0302952823	-0.0355634488	0.0125104616	-0.0184283165	0.1515067056	-0.120700345	-0.0331972425	-0.1842307599	0.0939939175	0.0297296721	0.0569339329	0.0030455203	0.0078306337	-0.0409412926	0.1640490136	-0.0630359256	-0.0179319114	0.0241453809	-0.0406669582	-0.0314566841	0.0869936111	-0.0017883818	0.0294681052	0.0090965399	-0.0581101541	0.0775666054	0.022647946	0.0725484517	0.0659038662	0.1152282419	-0.133259464	0.0093040191	0.0958092536	0.0279289738	0.0869992552	-0.0997593279	-0.0682016318	-0.1522195712	-0.0125996507	0.1857137741	0.0464883068	-0.1086567393	0.0801237637	0.0420721306	-0.0507243275	0.0578418755	-0.0725706777	0.187703923	0.056883201	-0.0835516372	-0.064663063	-0.0234266049	0.0868167225	0.032861565	0.0438992151	-0.0703135735	0.074317904	0.0924520732	-0.1746400976	-0.0093125761	-0.0710772883	-0.0351471133	0.0792697329	0.0011745635	0.0297411463	-0.0804811254	-0.0474457093	-0.0694627317	-0.082522625	0.1092198532	0.0109580934	-0.0611842727	0.2332220442	-0.0238086217	0.0738080097	0.0004751252	-0.0764028018	-0.0396691763	0.0162859499	-0.0513211646	0.0265639355	-0.0046275129	0.0762364751	-0.0572730832	-0.0105819289	-0.0558249189	0.0432612859	0.0120410082	0.0841357844	0.0119587444	-0.0825042624	0.0055595208	-0.1193006007	-0.2213019442	0.0923545195	-0.0288159077	-0.0339951525	0.0653398569	0.0458100305	-0.1090925083	-0.1641237898	-0.0511435274	-0.0493810153	-0.1008407046	0.084184136	-0.0584305724	0.0263629615	0.0	0.0	0.0	0.0	0.214866146547493	-0.0179142727483422	0.0003209211681019	0.0461674609321687	0.3029220622148898	-0.0370166478134592	0.0013702322153456	0.0917617757765215	0.3326602385583896	0.1163416786607953	0.0135353861936117	0.1106628343177246	0.000174904516718	-0.0002797289933356	3.059158996835714e-08	7.824830971254816e-08	-0.003665833317801	0.0007085120869233	5.01989377316551e-07	1.343833391389989e-05	-0.0035991950119751	-1.1645211128999064e-06	1.295420473422644e-05	1.3561094223896365e-12	0.0	0.0	0.0	0.0
55.26210386502797	-0.0326689600527174	0.001067260950926	3053.900123589139	62.69193405190898	-0.376506387878571	3930.2785951689048	0.141757060113369	54.81495974094952	-0.041041145111599	0.0016843755920713	3004.6798114019166	55.62444605010574	42.94475171986343	0.969675	33.256397	0.1365579543967376	0.0695737341987797	-0.0330276046	-0.0697605168	-0.1358093604	-0.031906944	-0.0537335372	-0.0320073175	0.132044095	0.0098637228	-0.0709596785	0.1208590033	-0.1526183646	-0.0070179862	-0.0741926452	0.0688891823	0.0932978031	0.0277633325	-0.111521523	0.0654780508	0.0769301513	-0.2537590313	0.1130928353	-0.1038980955	0.1582349575	0.0603528515	-0.036292865	0.0649766188	0.0598423764	-0.1690729128	-0.0504524343	0.0440052932	-0.0594202286	-0.047434258	-0.0410903963	0.0440801099	0.0242558641	0.1157507566	-0.0286964919	0.0764181488	0.0560273284	-0.0130830334	0.1041229809	-0.1469385839	0.1436971783	-0.0161719831	0.0693237359	0.0372599437	0.0725351092	-0.0227650395	-0.0208243529	-0.1030259362	0.1508240224	-0.0648815071	0.1897647966	-0.0381840514	-0.0707383787	0.0589864456	-0.0217221921	-0.0227654709	-0.061568776	-0.0575868564	0.0249168339	0.0671439137	0.1138895839	0.1085662175	-0.0835908562	0.0242955316	-0.0178905562	0.0758905175	-0.0766422278	-0.0075062753	0.0968414243	0.0139858721	0.0267307023	0.0223406664	0.0056238334	0.0272531161	0.1743108352	0.0375398586	0.1454139282	-0.0181702522	0.0189892759	-0.0557746886	-0.1930595307	0.0178814789	-0.1903108907	-0.1538047104	-0.1200568417	0.0437878148	-0.0542419181	0.075369269	0.0233212339	0.0221666693	0.013335705	-0.0006003068	-0.0550179492	-0.1187518179	-0.1320469745	0.0207333933	-0.0251417026	-0.008732561	-0.0911168954	0.0776344129	0.0145596415	-0.2493266567	-0.0884445976	0.023577773	0.0836290399	-0.0197730887	0.1096604586	-0.0975346538	0.1035179394	-0.0086184506	0.095973139	0.0008122192	0.0437842313	0.0289372419	0.0288094138	-0.0822379618	0.026557098	-0.0008419715	0.0050579424	0.0752229992	-0.0318437553	-0.041801623	-0.0971755442	0.1021641938	-0.0007852773	0.0075776748	0.0184444664	0.0203277301	0.0822486822	-0.0513714383	0.0651666281	-0.035904673	-0.0429323077	0.1308734493	-0.0359141865	0.0203485389	0.0379914068	0.0370850517	0.0752516618	0.0209951869	-0.1210624725	0.0116442072	-0.0266503261	0.0637107486	0.1651250606	-0.0481526363	-0.1116596657	0.0547688432	-0.0393545631	-0.000692169	0.0476870064	0.0533893109	0.0762058125	-0.1014416039	0.0864646403	-0.06311904	0.0336643492	0.0	0.0	0.0	0.0	0.2415074710133353	0.0266413244658423	0.0007097601692942	0.0583258585552569	0.3378207670172912	0.0348987048024013	0.0012179195968851	0.1141228706281509	0.2858565170743006	-0.046803721484089	0.0021905883447601	0.0817139483538499	0.0004939696882289	0.0003190651715109	2.440060528889567e-07	1.0180258367128005e-07	-0.0039099119887722	-0.0002440786709711	5.9574397623067125e-08	1.528741175994458e-05	-0.0035980547815691	1.1402304060000037e-06	1.2945998211172263e-05	1.3001253787669328e-12	0.0	0.0	0.0	0.0
55.316366355874045	0.054262490846078	0.0029444179128207	3059.900386817274	62.761053522633766	0.0691194707247859	3938.9498392709	0.0047775012332745	54.87786787448648	0.0629081335369647	0.0039574332651045	3011.580382449596	55.688128272777085	43.49834342760847	1.021145	35.021652	0.1359468737056155	0.0659541725670072	-0.0265702537	-0.0247019309	0.118520902	0.0503162502	0.1074378141	0.0082239988	0.1286426151	-0.05839472	-0.0882844351	0.0072009467	-0.0565533519	0.0566079206	0.0624293794	0.0999055113	0.0389224214	-0.000877805	-0.0333287644	0.0085491233	-0.0846157211	-0.0647468458	0.0543920201	0.1126807889	-0.0609418313	0.0409311483	-0.0717289367	-0.0723770204	0.0449930446	-0.120826442	-0.1778722128	-0.0077838557	0.0528202692	0.0873216577	0.1176233816	0.0832705591	-0.0875440691	0.1224306638	0.0224919193	-0.0609668203	-0.0453309339	-0.0454014904	-0.0964049581	-0.051118342	0.0091053485	-0.1164855455	-0.1179680978	0.0366126573	0.1251855432	-0.0121509363	0.0679976615	0.0813794423	-0.0398329039	-0.0001660918	-0.0554293034	0.2066889341	0.0118506418	0.0106099396	0.0139490391	0.0103728819	-0.0408258769	-0.1540210834	0.0595831575	0.0137675149	-0.0577645079	0.0212112728	-0.1058142229	-0.1245631554	-0.0779902025	-0.0006691085	0.0790026475	0.0133503758	-0.0409458631	0.0823960187	-0.068045865	0.056024895	-0.020555737	-0.0456726936	-0.0910309201	-0.0220954994	0.1054876995	-0.026141554	-0.0327270202	-0.0475465847	-0.0508979983	0.0492407906	-0.0996563159	0.0635686618	-0.0060127851	0.0310942527	0.0863325613	-0.2475535671	0.1152974473	-0.040793237	-0.0216147331	0.0851447399	-0.0775738787	0.0010015183	-0.1344591926	-0.0321106308	-0.0103637446	-0.0033059686	0.1139518176	-0.0388653371	-0.1892840005	0.0851388287	-0.0505686032	0.0348414551	-0.0585650379	0.0968658712	0.0475419286	-0.1180693555	-0.0738201619	0.0721327932	-0.0530898436	-0.1000112303	-0.009877242	-0.0709669826	-0.0476852578	0.0692196341	0.0091517656	-0.0039690371	-0.0297993097	0.0660682661	-0.0491860828	0.0061449907	0.0194707297	0.0762119376	0.1503931051	0.0476758111	0.0549035071	-0.0889449811	0.0011876287	-0.0227564011	0.0128098897	0.0722756316	0.0136662784	-0.084519642	0.025387492	0.0588406898	-0.0870724711	-0.0150217264	0.035720677	0.0830733994	0.0505851633	-0.0454781731	-0.2414140015	0.021314139	0.126406001	-0.0837955525	-0.0046229304	-0.055075717	-0.0346128644	-0.17052537	0.0435190568	0.0008621722	-0.0364386192	-0.1020101825	0.0886349585	-0.0676265513	0.040794191	0.0	0.0	0.0	0.0	0.2072309384954849	-0.0342765325178504	0.0011748806814472	0.0429446618697194	0.3027153105163904	-0.0351054565009008	0.0012323930761366	0.0916365592210346	0.3084886513198412	0.0226321342455406	0.0005122135005081	0.0951652479931345	-8.307818155617493e-05	-0.000577047869785	6.901984250680763e-09	3.329842440234928e-07	-0.004209378104018	-0.0002994661152457	8.967995418041068e-08	1.771886402258617e-05	-0.0036001958053647	-2.141023795599814e-06	1.296140983696558e-05	4.5839828933246336e-12	0.0	0.0	0.0	0.0
55.22550959628276	-0.0908567595912828	0.0082549507634281	3049.85691016912	62.642171392786686	-0.1188821298470799	3924.0416368032634	0.0141329607969779	54.95548803091493	0.0776201564284448	0.0060248886839762	3020.105664716034	55.75643916018228	42.48102759791247	1.013107	34.745975	0.1051182770608632	0.0694912941622577	0.0212989533	-0.0126045186	-0.0673928702	-0.0211798522	-0.0815431644	0.0577202134	0.0003339041	-0.0909105898	0.0211623221	-0.0325685539	-0.0805832474	0.0011536689	0.0565319261	0.0314761759	0.0092046089	-0.1081854676	0.095620742	0.001013825	0.1053462505	0.0496859734	0.0658941477	-0.0566536491	-0.046923744	0.0945365623	0.0281605435	-0.0117456528	0.0863957711	0.0266199738	-0.051285677	0.082191052	0.1403424186	0.0019349113	-0.0259986881	0.0362132534	0.0460723676	-0.0144860119	0.0816832232	0.1316302479	0.0040224737	0.1475660912	0.0261499142	-0.0399636426	-0.0198867653	0.0331575695	-0.0577441649	-0.0360482485	-0.0088110238	-0.0940744161	0.0215510495	0.0403845656	0.0670691708	0.0442482403	0.1725177943	-0.1637008975	-0.0139551576	-0.0722584201	-0.0010402473	3.05253e-05	-0.0401661958	0.0588390424	-0.0761697942	0.0222626062	-0.0283069155	0.031001341	-0.0186192293	0.0796353028	0.114564408	0.0017497044	-0.0857308694	-0.0851399911	0.1458797826	-0.1119048269	0.0044325569	-0.0454070161	0.0437736892	0.0116364456	0.0765408264	0.1109529884	-0.0395348376	0.0615952721	-0.1032603784	-0.093082414	-0.00213305	0.0704002787	0.0457773499	-0.0406183869	-0.0180536281	0.0539435454	0.0598188318	-0.0134217809	0.0528719069	-0.031767119	0.1693115359	0.0364804516	0.017946165	-0.1185041044	0.0066279701	-0.0657070863	0.0997189552	-0.0068985579	0.012978609	-0.0469793136	0.0616533454	-0.1234263385	0.0009131708	-0.0384209411	0.0621350213	-0.0852331847	0.0935278185	-0.0114263649	-0.0219471946	-0.0602284187	0.0389706887	0.0843308145	0.0896382669	0.1463470171	-0.0487408855	0.0541566124	-0.0808840719	0.0102094047	-0.1054413451	-0.0857448705	0.0734406006	0.0200930262	0.0914185574	-0.1349116111	-0.0822624955	0.0478775595	-0.0082234452	0.0879026484	0.0782757868	0.0088124591	0.0360586196	-0.0638534371	0.0516565914	0.0258015891	-0.0382571	-0.0602104326	0.080831489	0.0308013477	0.0912182115	0.0162254513	-0.092399148	-0.1398057387	-0.0995520959	0.0068627889	0.0354259408	-0.1368637495	-0.0823512061	0.0880324804	0.0346945967	-0.0804920409	0.0127403096	-0.0044981449	-0.0286975698	-0.1025462595	0.0906923248	-0.0719401838	0.0477161549	0.0	0.0	0.0	0.0	0.2144882835557098	0.0072573450602249	5.2669057323170855e-05	0.0460052237826745	0.3029676965096257	0.0002523859932352	6.369868958136558e-08	0.0917894251283486	0.373128275485918	0.0646396241660767	0.0041782810123316	0.1392247099670951	-0.0003399199240121	-0.0002568417424559	1.1554555474039185e-07	6.596768066779575e-08	-0.004260857867613	-5.147976359500071e-05	2.6501660597971604e-09	1.815490976799961e-05	-0.0039512527361403	-0.0003510569307756	1.561239818485621e-05	1.2324096864558472e-07	0.0	0.0	0.0	0.0
55.33857944984745	0.1130698535646885	0.0127847917851401	3062.358375527079	62.61508635288693	-0.0270850398997595	3920.649038979487	0.0007335993863715	54.98148411656669	0.0259960856517622	0.0006757964692137	3022.963595660275	55.75878856634535	42.85405002673927	0.960771	32.951031	0.1161723900859494	0.0633591014351479	0.024461923	0.0104642675	-0.114113378	0.0169915367	-0.050343185	-0.0459437185	0.1578305076	0.0929637608	0.0357192365	-0.0007181732	0.0333468794	-0.0213558429	-0.0001180663	0.0527818599	-0.0771811869	-0.0184842887	-0.1261919361	0.0095024226	0.074061848	0.0548645416	-0.0281550888	-0.0305646213	-0.0078234002	0.0961114494	-0.0107994792	0.1024501717	-0.0637278502	-0.0190224507	0.1073195203	-0.0990102041	-0.0332884658	-0.0436477227	0.2022486085	0.1126719783	0.1398049621	0.0225152697	-0.0317470731	0.0065451846	-0.0409666469	0.0527994571	-0.0496842019	0.0466959736	0.057476715	0.0278500143	0.0340737993	-0.0470893805	-0.027441784	0.0187468377	-0.1471836911	0.1298650154	0.1048223699	0.0177547671	-0.0868992144	0.0793141229	-0.1877644256	0.0515302005	0.0303736138	0.1621756846	-0.1324674652	-0.0994897504	0.0240661975	-0.0601178299	0.0174662729	0.0259412692	-0.061057824	0.0273129929	-0.0279020139	0.0600037314	-0.1257518189	0.102346259	0.0145738668	0.1227561636	-0.0630175252	-0.0228179334	-0.0166970129	-0.0324799715	0.0929066171	0.0180648941	-0.0159111363	-0.1065867198	-0.010752078	0.0644007878	-0.0551293134	-0.0876321369	0.0605267641	-0.0110011289	0.1600653467	0.0351143637	-0.0425046137	0.039083894	0.0301939162	-0.0512976182	-0.0009072055	0.0867204898	-0.0962685238	0.0336667059	0.0501065238	-0.0298347432	0.0204979483	0.091270601	-0.0261309682	-0.1002106069	0.0030849141	-0.0446805687	0.068909155	-0.090649605	-0.1890043952	0.2115538947	0.0935044092	-0.0525373799	-0.0172357542	-0.0145463147	0.0414699073	0.0229284349	0.1214973518	-0.0156755614	0.0222503363	-0.3193545817	0.0183034664	-0.0218592712	-0.0010439922	0.0078910881	-0.0912720047	0.0377583609	-0.1288628795	-0.0412521062	0.0865207508	0.0262319744	0.0731651536	0.0764643144	-0.095381296	0.0204762065	0.0080489895	-0.0094491378	-0.0873422982	0.119687968	0.0083016585	0.0392868604	-0.0198069116	0.0126928347	0.0463553578	0.0358452371	-0.0213219798	0.1219287362	-0.0469331806	0.0108678791	0.0936396724	-0.0781462242	-0.142886182	0.1049012274	-0.089558665	-0.0125707573	0.157607952	-0.0535944516	-0.0428765882	-0.1030496639	0.0926341175	-0.0760475707	0.0543949683	0.0	0.0	0.0	0.0	0.2305628576903444	0.0160745741346345	0.0002583919336098	0.053159231346338	0.3027613697525453	-0.0002063267570803	4.2570730687305024e-08	0.0916644470144374	0.3390268327347385	-0.0341014427511794	0.0011629083977119	0.1149391933141483	-0.0012799977593582	-0.000940077835346	1.6383942639620125e-06	8.837463365090089e-07	-0.0039639473186301	0.0002969105489829	8.815587409732707e-08	1.5712878344874763e-05	-0.0040300652806724	-7.881254453209925e-05	1.6241426166481108e-05	6.211417175624128e-09	0.0	0.0	0.0	0.0
55.30445687106875	-0.0341225787786996	0.0011643503825085	3058.582949803904	63.09313623892829	0.4780498860413615	3980.743840463966	0.2285316935441587	54.939785326881335	-0.0416987896853555	0.0017387890612235	3018.3800117638057	55.75969225375807	43.23259640587548	0.980336	33.622055	0.1480523985220622	0.0857566608432118	0.0292034589	0.0440962346	0.120099159	-0.0109045189	0.1543896236	0.0484873323	0.0167342792	0.0009986437	-0.0655828914	-0.0420600873	0.0381546368	0.0781730285	-0.0125733515	-0.0848315871	0.084126993	0.0290874511	-0.0569352814	-0.0085291034	-0.0637957897	0.0679963176	-0.0445163756	-0.013589623	-0.0473347074	-0.0361123333	-0.0097602154	-0.0217491002	-0.1184282477	-0.0295991669	0.1293891696	-0.0344126966	0.0218503459	-0.0061981714	0.0569968273	-0.1658684774	-0.1148186208	0.0804007821	-0.0155826674	-0.1664743318	0.0060233568	0.0151359854	-0.0182543584	-0.146662641	-0.0461360025	-0.020558233	-0.0738722653	-0.1836087078	0.2104785466	-0.1857462284	-0.0268614454	-0.0412940091	0.0585277516	-0.093113094	-0.1392434262	0.0624671692	0.1614134122	0.05942537	0.1686243368	0.0296930207	0.0511621344	-0.0425596059	0.0390878052	-0.1086248673	-0.0477543029	-0.0617376634	0.032833165	-0.0191122898	0.0954538274	-0.1181553303	-0.0752879034	-0.0044242766	0.0996051819	-0.0363295738	-0.0154683549	-0.0140485361	0.0256135554	-0.0309561724	-0.1433002877	-0.0695053973	-0.0290081203	0.0024811256	-0.0519830601	-0.0192286161	0.0213367472	0.0382782334	0.0688330398	0.1437004466	-0.1143560009	-0.0607676565	-0.018163711	-0.0058415441	0.0095630207	-0.0070451925	-0.0706400764	0.0360713456	-0.1528471406	-0.053089341	0.0071099553	-0.056988808	-0.1031180021	-0.0315946786	-0.0840832744	-0.061672846	-0.0041726649	0.0825290482	0.0572543505	-0.0306285356	0.2018698464	-0.0406021833	0.102330951	-0.0463452855	-0.0433854555	0.1970432629	-0.1319713465	-0.0603767526	0.0722126442	-0.1568284348	0.0526061782	-0.0467519614	0.0888848875	0.0302737162	0.0190602784	0.0702911128	-0.2234230486	0.0134040713	-0.0148866627	-0.1365483504	0.0064141756	0.0158109833	-0.0683289328	0.0490265237	-0.054523149	0.0418817432	-0.0504127453	0.0433424616	0.0084764575	-0.0829482862	0.0344877985	0.0211994334	-0.1173478737	-0.0698493778	0.0540282565	0.0428754292	0.0557730119	-0.0042975183	-0.1308272079	0.0095822896	0.0370141148	-0.0936158134	0.1156761961	-0.0626551845	0.000749116	-0.09925701	0.077047193	-0.1227202611	-0.0052181626	-0.1035202354	0.0944578621	-0.0799369366	0.0607965974	0.0	0.0	0.0	0.0	0.1871439632735558	-0.0434188944167885	0.0018852003923762	0.035022862989734	0.2750202666430539	-0.0277411031094914	0.0007695688017314	0.0756361470644164	0.3390909310003707	6.409826563219534e-05	4.108587657055474e-09	0.1149826594866981	-0.0023140080888485	-0.0010340103294903	5.354633435256287e-06	1.0691773614926388e-06	-0.0034643629788804	0.0004995843397497	2.495845125231442e-07	1.2001810849437076e-05	-0.0040330366660354	-2.971385363000241e-06	1.6265384749585935e-05	8.829130975452074e-12	0.0	0.0	0.0	0.0
55.26563822493585	-0.0388186461329027	0.0015068872875915	3054.2907684094903	63.1763621933102	0.0832259543819091	3991.252739980314	0.0069265594827796	54.930829398014914	-0.0089559288664204	8.020866186038386e-05	3017.39601835382	55.76268505321468	42.25699065982262	0.97372	33.395149	0.0798555878728559	0.0474996324078988	0.0597649418	0.0500821525	0.0056358082	-0.072366523	-0.0434844304	0.0744617078	-0.1033398899	0.007290446	0.1214312685	-0.0522773531	-0.0223791594	-0.0421952524	0.0580305851	0.0381166751	-0.0276176645	0.0295989571	0.0598307241	0.0460211575	-0.0051278688	0.0378795792	-0.1084474682	-0.0720679652	0.0063014852	0.0495351625	-0.0844353063	-0.0561544872	0.1673235227	0.0872725282	0.0027921772	0.0418789436	0.1031745897	0.0031557817	-0.1200087964	0.1365814307	-0.0079889175	-0.0028011314	0.002259439	-0.0725981121	0.0313724689	-0.1460416399	0.085592786	-0.0012766418	-0.0728094649	0.0028386172	0.173010773	0.010569143	0.1534810641	-0.0120551171	-0.069571225	-0.1484255682	0.0531723288	0.1587206745	0.1043379933	-0.014377886	-0.1229735889	-0.092552414	0.0702518516	0.0890620715	0.0126978921	-0.0282662771	0.0306903306	0.0096642035	0.0701498853	-0.0697189078	0.1016135505	-0.026428564	-0.0683164437	-0.0034427563	0.1135341965	-0.0593592541	0.0728431932	0.0539561767	-0.0425775442	0.1005717009	0.0751320096	-0.0029199476	0.0376954087	0.045068537	-0.058924742	0.1373263158	-0.0576211512	0.1282901213	0.0688581038	0.0506488018	-0.0023102653	0.0128925094	-0.1006709287	0.0118482595	-0.044815031	-0.0721824371	0.0321265196	-0.1554042154	-0.0545064441	0.0737993353	0.0098564911	0.1373203598	-0.1121208292	0.1034489578	0.0013844851	-0.0296377024	-0.0664660989	0.0703926327	0.0661988062	0.0094389214	-0.1509892675	-0.0479138296	0.1328647615	-0.087724946	0.0874449241	0.0669310071	0.0875298449	-0.03408475	0.071941618	-0.052714896	-0.1413295167	0.0156571945	-0.1514979285	-0.0064763017	-0.1708059334	-0.0655446197	-0.1180482446	-0.0248948325	0.0024622347	0.1109903217	-0.0489571559	0.0671467208	0.0728712372	0.1737158936	-0.1525275561	-0.0379293053	-0.0452235563	0.0631237745	-0.013453553	-0.0676978604	0.0604726455	-0.0566652686	-0.0200244313	-0.095858195	0.024435227	0.0369306747	0.0694130707	0.0026544514	-0.1174529488	0.0217291467	-0.0452331231	-0.1607549183	0.0416924341	-0.0702884401	0.0114854148	0.0726966423	0.0610655175	-0.093070579	-0.0470129599	-0.1763089314	0.0392989105	-0.1039578241	0.0961612344	-0.0835971309	0.0668884209	0.0	0.0	0.0	0.0	0.1964512675067737	0.0093073042332178	8.662591208967543e-05	0.0385931005050179	0.2850959560282575	0.0100756893852035	0.0001015195165871	0.0812797041436661	0.3833746883603552	0.0442837573599845	0.0019610511659179	0.1469761516753994	-0.0021170090506207	0.0001969990382278	4.481727320409957e-06	3.880862106267822e-08	-0.0034071812249039	5.718175397649962e-05	3.26975298782893e-09	1.1608883899337642e-05	-0.0041026326117201	-6.959594568470024e-05	1.6831594346749288e-05	4.843595655747746e-09	0.0	0.0	0.0	0.0
55.23553025380654	-0.0301079711293112	0.0009064899255234	3050.963802419177	62.51761295140716	-0.6587492419030383	3908.451929141952	0.4339505637078276	54.90688965795648	-0.023939740058438	0.0005731111540655	3014.766531911008	55.79269117451595	42.48672843224051	0.924337	31.701483	0.1199766484078367	0.0598365084901686	0.061248625	0.0353991281	-0.116502442	-0.0195932509	-0.0737591418	-0.0163484788	0.1013927191	0.0436942463	0.0160286023	0.0217962876	0.0250858015	-0.0038653268	-0.1007404283	-0.1111106569	0.0492275351	0.0569389308	-0.0934308861	0.0815387483	-0.0340693924	-0.0288986013	0.0643484618	-0.0766199559	-0.001710102	-0.0359674441	-0.0064637597	-0.08122076	-0.0887546058	-0.1295416297	-0.0216202758	0.0750839195	-0.0608226069	-0.0447737492	0.0466435524	0.1741857931	0.078955133	-0.0880334498	0.0665776121	0.0020924599	0.1005513984	0.0369370002	0.081252264	-0.0731762688	0.0085847081	-0.0030830202	-0.0701166198	0.0624494351	0.0442691922	0.0167285939	-0.1621988653	0.0523732554	-0.0177010682	0.0559255417	-0.0041343319	0.0478409188	0.049899591	-0.0164534873	0.0582023938	-0.025061498	0.1252703137	0.0208344617	0.0760602552	-0.026904869	-0.0897655811	0.0420043032	0.0535468128	-0.0015666838	0.0700734595	-0.0144570623	0.0787856577	-0.0005345326	-0.0103514871	0.0850554571	0.0917090752	-0.0308854561	-0.0102170465	-0.0338834274	0.1279395954	-0.0810575411	-0.0526354102	0.0031621024	0.0304211599	0.0133779151	0.0054652106	-0.0278489864	-0.0475608059	0.0089525845	-0.0218492454	-0.0606637194	0.1214418769	0.1584819661	0.0131047518	-0.0174214702	0.0233577426	0.0270966616	-0.0423407698	-0.0738924872	-0.0441503444	0.1375413653	0.126674534	-0.0496962256	0.0563427555	-0.0703121394	-0.005528655	-0.0021367752	-0.1018337035	-0.0232561556	-0.0533321457	0.1755694028	-0.0099837598	-0.0534972787	0.0359649359	0.0160419461	-0.0942207415	0.0584535649	-0.1073806834	-0.017338777	-0.0385310255	0.0919573776	0.042431107	-0.1141123293	-0.0079213897	0.0318055875	0.050964232	0.0375371643	0.0877326323	-0.099228115	-0.0197461892	0.0817794814	0.0036700685	-0.0511825904	-0.0114459711	0.0650327271	0.0051023736	-0.0688752727	-0.0697027762	0.0401546874	-0.023044759	-0.0653822193	0.0897458366	0.0116869881	0.071448276	-0.0105109316	-0.0431638808	-0.0690510707	0.0376462064	0.1364274155	0.0069677216	-0.1196260606	-0.0381936106	0.0915871164	-0.0293164223	0.0410988231	-0.0173370762	-0.0028312119	0.0152663146	-0.1043622905	0.0977420637	-0.0870176603	0.0726393964	0.0	0.0	0.0	0.0	0.2232704389156481	0.0268191714088744	0.0007192679550585	0.0498496888935861	0.2921047979653508	0.0070088419370933	4.912386529915826e-05	0.0853252129943784	0.3349917204959212	-0.048382967864434	0.0023409115793708	0.1122194528008173	-0.0022921002118694	-0.0001750911612487	5.2537233812517486e-06	3.0656914747418346e-08	-0.0035948781260137	-0.0001876969011097	3.523012668622198e-08	1.2923148740891772e-05	-0.0044951578933103	-0.0003925252815902	2.0206444485789896e-05	1.5407609668746606e-07	0.0	0.0	0.0	0.0
55.36069557390831	0.1251653201017717	0.0156663573561789	3064.806614426951	62.96953242801014	0.4519194766029812	3965.1620142022207	0.2042312133331125	54.894413644375085	-0.0124760135813914	0.000155650914883	3013.3966493597536	55.7048298416192	42.40749992077061	0.983331	33.72477	0.1666488157371488	0.0844544123157997	0.0943995218	0.0957347171	-0.0441893853	-0.0173925261	0.0814129425	0.0112293497	0.0787962169	0.093025777	0.0135893228	-0.0585896633	0.022914914	-0.0968440827	-0.0668072371	0.0892901047	0.0859014599	0.078924036	0.0140712662	0.1176880307	-0.0834584477	-0.0803097038	0.0558605051	-0.0240475495	0.0835333519	-0.0141496911	0.0113428066	0.2085579069	-0.2061219464	0.1525943177	-0.1443526526	0.0524312074	-0.0546794898	0.0293443839	0.0290023729	0.0707106716	-0.0949053727	0.0034489533	-0.0663259898	0.1091802384	-0.0196793585	-0.0431161293	-0.0735399001	0.0030089257	0.0224432836	0.0794511695	-0.0063501547	0.1994996999	-0.1152682905	0.0150392699	-0.0256017371	-0.0178693008	0.0566300099	-0.0745599318	-0.0801553196	0.0300735826	-0.0795468636	0.0175127262	-0.0055989662	-0.0707270204	0.1958646915	0.087938545	-0.0256831318	-0.0918168103	0.007920933	-0.0079966915	0.0181744336	0.020780885	0.006003987	-0.0493576595	0.0378968238	0.0110017212	-0.0151575988	-0.090735115	-0.0371415979	-0.1655357566	0.0402250254	-0.0921499018	0.0076803206	-0.1321338956	0.095749178	-0.1235451656	0.1172748865	0.0502665289	-0.0275068216	0.0419695881	0.0227431957	-0.0447482853	0.0181717415	0.2254333237	0.0702886626	0.0656919986	-0.1811748435	-0.0695774548	0.0104771264	-0.0470740719	0.059992806	-0.0033349522	-0.0918525067	-0.0498323596	-0.0819395328	-0.0469342405	0.0127812933	0.0593955018	-0.0283876263	0.0164328644	0.0026612131	0.1458819538	-0.1492414582	0.0727866606	-0.0662059431	0.079785691	0.1358971717	0.0078318785	-0.0981622696	0.1321453077	0.0280622759	0.0038601739	-0.0542806027	0.0672507193	0.0615747725	0.0097477378	0.0899117581	-0.0495415506	-0.0612487803	-0.0171746685	-0.0134238489	0.0171254334	-0.0936251158	-0.1319566847	0.0251033528	0.1261536514	-0.0624066944	0.107914094	-0.0725582689	0.0310140361	0.0011370756	0.0935899937	-0.031233269	-0.015015455	-0.0777231806	-0.0669291888	-0.0681712459	0.0341271982	0.1260633193	0.0980446675	-0.0239052116	-0.0319754984	-0.0331919052	-0.1075538653	0.0033868609	0.0400635304	-0.1130562979	-0.0876700108	0.0706839602	-0.0191689434	0.0310930637	-0.1047335058	0.0991983356	-0.0901887184	0.0780202182	0.0	0.0	0.0	0.0	0.187622280495475	-0.0356481584201731	0.0012707911987497	0.0352021201383227	0.2729033668868368	-0.019201431078514	0.0003686949554629	0.0744762476581714	0.3859535011539279	0.0509617806580067	0.0025971030878347	0.148960105052975	-0.0032102815759134	-0.0009181813640439	1.0305907796649024e-05	8.430570172777003e-07	-0.003888819101665	-0.0002939409756513	8.640129716683821e-08	1.512291400547458e-05	-0.0044997844652241	-4.626571913799935e-06	2.024806023347214e-05	2.140516767356239e-11	0.0	0.0	0.0	0.0
55.3372313200185	-0.0234642538898057	0.0005505712106052	3062.2091701652366	63.056494569531374	0.0869621415212336	3976.121507397339	0.007562414057959	54.8438688665351	-0.0505447778399883	0.0025547745668937	3007.8499522496977	55.685430528089015	42.93158131679358	0.990415	33.967731	0.2047428930516611	0.106168739201765	0.0689902471	0.0504404811	0.0595371094	-0.0420609764	0.1165233976	0.0348498936	0.0197732041	-0.0490842323	0.0204143197	0.0002507485	0.1152066688	-0.0103153584	0.0495987821	-0.0214242307	0.0191024255	0.0755693236	-0.1142424839	0.0954661457	0.0234430266	0.0341056641	-0.0333736567	0.0703359138	0.0621829718	0.0292292238	0.0806182095	-0.0791587372	0.0279084738	0.0339313382	-0.0930714308	-0.0655458858	-0.0290796698	-0.0243568987	-0.0238388788	0.0049039405	0.1196679629	-0.1380063753	0.0207546012	0.0215686597	0.0167239581	-0.0848142943	-0.0536068851	-0.10087104	-0.1673437149	-0.0327790071	-0.0440230873	0.0245299024	0.0395368061	0.0173970264	0.0938469825	-0.0747198124	-0.0369086572	-0.0126354643	0.0901107343	0.0891889899	0.0457967043	0.0138985083	-0.1135614517	-0.0831605853	0.0041085519	0.0669871316	0.0801121811	0.0895428811	0.0506028684	0.0585831109	-0.1063140903	0.113190251	0.0206502555	0.057577434	0.0756179025	-0.001223772	-0.0544877355	-0.0145419317	0.1668952788	0.0862152882	0.1124489505	-0.0417852504	-0.0327137362	-0.039269716	0.0154285751	0.0433143805	0.0506609628	-0.0241123804	-0.03325361	-0.0497868671	-0.0079029979	-0.0227011563	0.1119970928	0.0080452985	0.0431242571	-0.0449503233	0.0325926331	-0.0047519831	0.0574671444	-0.0437884221	0.0069798982	0.0581173414	-0.0422985545	0.1076477164	0.0368117697	-0.0977955781	-0.0989845814	-0.0301823641	-0.0827613705	-0.0571405398	-0.0142368769	0.1022512344	0.1822149797	-0.0982794963	-0.1646361247	-0.0647982871	-0.0697303713	-0.0754258439	0.059871052	0.017852335	0.0118822278	-0.0524448543	-0.1298501551	-0.0444456885	0.1592029595	-0.0782299395	0.0519007351	-0.0627381362	0.0214492347	-0.0225699719	0.1293767212	0.1547865611	-0.0277307676	-0.0071267042	-0.0324203651	-0.0159143355	-0.047345316	0.0720505263	-0.0189805366	-0.0409649331	0.0114251364	-0.0366266214	0.0758731482	-0.0231751809	-0.0924702072	0.0107105244	0.0375092902	-0.0152649544	-0.0984954961	-0.11265651	-0.0371532153	0.0449717484	0.0045859344	0.0072589029	0.0543524929	-0.0937327329	-0.0846074229	-0.1037395491	-0.0544692994	0.0133453401	0.0786865543	-0.1050713516	0.1005281942	-0.0931012141	0.0830034668	0.0	0.0	0.0	0.0	0.2075023410774719	0.0198800605819969	0.0003952168087438	0.0430572215526314	0.291232015838105	0.0183286489512681	0.0003359393723788	0.0848160870491262	0.3566788866266819	-0.029274614527246	0.0008570030557188	0.1272198281652494	-0.0016847284794285	0.0015255530964849	2.838310049397466e-06	2.3273122501946663e-06	-0.0029399614631302	0.0009488576385348	9.003308182058374e-07	8.643373404690667e-06	-0.0042290038204208	0.0002707806448033	1.7884473313133722e-05	7.3322157600091e-08	0.0	0.0	0.0	0.0
55.429721518494574	0.0924901984760708	0.0085544368141429	3072.4540276178604	62.80223037788905	-0.2542641916423207	3944.1201404374506	0.0646502791515228	55.0197827323189	0.175913865783805	0.0309456881750025	3027.176491911577	55.83550169591626	42.97707720802009	0.943532	32.359806	0.0720017220573244	0.0349732275850149	0.0668072832	0.025466095	0.0600105389	0.0549665932	-0.0535021339	0.0506024112	-0.006243385	0.0046895981	0.0926307814	-0.0478953301	-0.0162807229	0.0520909537	0.0481390937	0.0192994991	-0.0715377327	-0.2403745091	-0.0133214673	-0.0269747589	-0.1376812149	0.0707047144	-0.01676306	-0.1548030947	0.0079968597	-0.0629946308	0.0326593962	-0.0704402518	0.0778795187	0.1442099842	-0.0981966331	-0.0034458731	0.0732992798	0.0244241844	0.0623126797	-0.0788231036	0.0736700842	-0.0567684058	0.0792941034	0.0497222961	-0.0176189043	0.0158896721	0.0600088997	-0.0759675056	0.1860256878	-0.0632143628	0.135898921	-0.110406526	-0.1955420821	-0.0156119717	0.0272246134	-0.0103603497	-0.0213059662	0.037105745	-0.1165109011	-0.1487201134	0.0266539949	-0.0112394775	0.0360714613	-0.0509191622	0.0487524761	-0.035252049	0.0704432802	0.1182146674	-0.1252215176	-0.0343712369	-0.0432100329	0.0927367428	-0.0483976588	-0.0721178702	-0.0461375654	0.0955153492	0.023241543	0.0542290539	-0.0178224077	0.0549447579	-0.0185875605	-0.0826708724	-0.0004854022	-0.0488210812	-0.1672392737	0.0006794707	0.013807371	-0.0069572422	0.1660175073	0.1295175804	-0.0489115731	-0.0339477649	0.0130062615	0.0102031604	-0.0662274369	-0.1238302146	-0.0463112359	-0.0075949052	0.0460126326	-0.0257702782	0.0053023792	-0.0340420273	0.0827171595	-0.0534131964	-0.0934172167	0.0229079292	0.0968782998	-0.0678310883	0.0610618417	-0.1741855041	-0.0241212382	-0.1162573811	-0.1212044466	-0.1251102608	0.0072970278	0.0026420782	-0.0585386432	-0.1312770556	0.0695102455	0.0448996033	-0.0547774911	-0.1322719699	0.1442474759	-0.0125623697	-0.003527573	-0.0647195538	-0.1122984799	-0.0321188858	-0.0451699328	-0.1707673326	-0.1437261475	0.0311140047	0.0029797583	-0.0342927979	-0.0989250203	-0.1037682908	-0.0725912416	0.0672313777	-0.017538364	0.0108050008	-0.0757885944	-0.0740690926	0.080644428	-0.0340967803	-0.0155582674	0.0533095317	-0.0188370213	-0.0072827753	0.0194381219	0.0709684368	0.1029219515	0.0737501259	0.0118135588	-0.0283124405	-0.0504478563	-0.1761596629	0.0200684077	-0.0446562678	0.0616770533	0.0291081009	-0.1002768425	-0.1053757205	0.1017299448	-0.0957467976	0.0875637488	0.0	0.0	0.0	0.0	0.2191255665555758	0.0116232254781039	0.0001350993705148	0.048016013918302	0.3003952641315806	0.0091632482934755	8.396511928788331e-05	0.090237314712682	0.329145880999647	-0.0275330056270349	0.0007580663988583	0.1083370109790337	-0.0014937780626091	0.0001909504168194	2.2313729003321965e-06	3.646206168350261e-08	-0.0031347963240933	-0.000194834860963	3.796062304651048e-08	9.826947993548864e-06	-0.0043168633958125	-8.785957539169959e-05	1.8635309578105827e-05	7.719304988009745e-09	0.0	0.0	0.0	0.0
55.40448386175795	-0.0252376567366212	0.0006369393175555	3069.656831987797	63.20431201569157	0.4020816378025174	3994.7850573768937	0.1616696434579547	54.9977238866426	-0.0220588456762982	0.0004865926725707	3024.7496327113786	55.86281549091787	42.83925435170962	0.923964	31.688684	0.1161754317884936	0.0641208547249226	0.0955770211	0.0546576865	0.0428245863	-0.0255699091	-0.0029680809	0.1214321463	-0.0679478998	0.0823753628	0.0121645359	0.0181085366	0.0904364895	-0.0182472528	-0.013995427	0.0072891297	0.003493574	0.0441053826	-0.0267838631	0.0584003886	-0.0704778552	0.1458478735	-0.0212990089	0.0381429906	-0.0326563266	0.0003657059	0.0195753748	0.0681456056	0.0222727983	0.0381522486	0.0995304006	-0.0671491113	-0.0474772971	0.0257449408	-0.1294087018	0.0418536454	0.1370550467	-0.0608129929	-0.0204012755	-0.1248210113	-0.0434082019	0.0440979359	0.1068854337	0.0682166978	-0.1457007127	-0.0742258941	-0.0689200526	0.1274404051	-0.0154120413	0.0561136098	0.1168109318	0.1001918539	0.025410889	0.0063155507	0.002798223	-0.0726361749	-0.0651613752	-0.0221849195	0.0177709035	-0.1490664789	-0.0186270666	0.0630799874	-0.0602139454	0.023785446	0.0435661691	-0.0087816248	0.1592531751	0.0133745004	-0.0703818884	-0.018641131	-0.054862625	-0.0522697794	0.0989450008	-0.0580941917	0.0734622689	-0.0723739333	0.0528130464	-0.0959657273	-0.047742756	0.0144440986	-0.1524261597	0.0242167841	0.0516850214	0.0026655847	-0.0108309318	-0.0521965071	0.1203342473	-0.0623721286	-0.0212276714	-0.0402302078	0.0102118538	0.0357182009	-0.0060865643	0.0127549329	-0.0025611047	0.0972197884	-0.0003506597	0.0858304685	0.2055772821	0.1328255812	0.102708586	-0.0413027505	0.0384929224	0.0479137443	-0.1240088126	0.0697724627	-0.0683374351	0.0269727739	-0.005823654	-0.056270058	-0.1046118396	0.1821920721	-0.0138077274	-0.0795410763	-0.0513857329	0.0165057906	0.0570821735	0.0647110346	0.0190038886	-0.0073354306	-0.0251640585	-0.0875494538	0.0561991399	-0.0044862934	0.1169858869	-0.0234501437	-0.08918765	-0.0162329886	-0.0468942835	0.0278226201	0.0225867166	0.1344431252	0.0851467469	0.1060249165	-0.0414452173	0.0047194056	0.0351227565	-0.0202465539	0.0118060782	-0.0666972896	0.0309443679	-0.0053203555	0.0006065014	-0.0242141103	0.0591589349	-0.0602726879	-0.0392114046	-0.0542826695	-0.0151332697	0.0408363231	-0.0451776675	-0.0067271206	0.129189672	0.0063364427	-0.0218575805	-0.0619196982	-0.0437092714	-0.1056465152	0.1028020561	-0.0981178842	0.091677826	0.0	0.0	0.0	0.0	0.1875216038902181	-0.0316039626653577	0.0009988104561533	0.0351643519255598	0.2956451903361028	-0.0047500737954777	2.2563201062484496e-05	0.0874060785688704	0.3786490815566452	0.0495032005569981	0.0024505668653863	0.1433751269636909	-0.0018969968028105	-0.0004032187402013	3.5985968698732585e-06	1.62585352449604e-07	-0.0031077660973855	2.703022670780004e-05	7.306331558750664e-10	9.6582101160587e-06	-0.0044929783243165	-0.000176114928504	2.01868542227779e-05	3.101646804196904e-08	0.0	0.0	0.0	0.0
55.36452415192733	-0.0399597098306259	0.0015967784097478	3065.2305345693444	63.66064039042577	0.4563283747341984	4052.677134919109	0.208235585587555	54.97922827012046	-0.018495616522145	0.0003420878305342	3022.7155411780127	55.85495476902336	42.87827408799546	0.943262	32.35054	0.0587976543037584	0.0336752603185974	0.1014253857	0.0412942096	-0.100378047	-0.1483428976	0.0350031732	-0.0305634148	-0.0224859323	0.1899762402	0.0567684603	0.0818442268	0.0554793179	-0.047577774	-0.0463852954	-0.0059653284	-0.0147673539	-0.0463159965	0.0273770571	0.070896313	0.0308951961	-0.034935178	-0.1430293216	-0.1628469876	0.0076199107	0.0453278242	-0.071659716	0.0606793307	-0.0607657068	-0.1337519733	-0.1074931858	-0.1069780787	-0.1811290366	-0.1053388837	0.0558784306	-0.0159780808	0.0156017909	0.0792974134	0.0233371563	-0.1097461933	0.0150836375	-0.0061989237	0.0610802829	-0.0331788771	-0.0307626758	-0.0670103987	-0.1893041415	0.0524883716	-0.0424615262	0.0217425111	0.0257240011	-0.0060215398	-0.1538117022	0.0994978104	-0.0118261422	0.0470338459	0.0549174977	-0.0347164021	-0.0075934592	-0.0017317185	0.0576926892	0.1370311083	0.0908238897	-0.0031339247	0.0966210795	0.0598528842	0.1002343851	-0.0650355084	-0.0310219387	0.0687678995	-0.1141045797	-0.0141005726	-0.0246952586	-0.0096296805	-0.1841691662	-0.0194159178	0.0755895843	0.0045283431	0.0870982299	-0.095080788	-0.0851239407	-0.0644126856	-0.0325418447	0.1544772024	-0.102080208	-0.0116813588	-0.0593282827	-0.0218158413	-0.0243385436	0.0200036411	-0.1504411668	0.0945365226	0.045987649	0.1345949022	-0.0527248215	-0.035764899	-0.1960349531	-0.0075830495	-0.0307020473	0.0690795525	0.0736295328	0.0111933985	0.0593347917	0.0566950962	-0.0929471575	-0.028438634	0.006198382	0.1008605887	-0.0702424627	0.0333433826	-0.086619528	-0.0428168339	0.0028354757	0.1287043388	-0.0426418923	-0.0935824834	-0.047273425	0.0525407342	-0.0974193973	0.0556237101	0.0267285062	0.0816410524	-0.0584621382	0.0357022325	0.0822644877	-0.0974935314	0.0262639273	-0.1094929287	0.0198701239	-0.0332955279	-0.0449933575	-0.0652047707	0.2155568644	0.0957473051	-0.0021836157	-0.0726630168	-0.0094796263	0.1196440782	0.0051138421	-0.0042581652	-0.0409520325	0.0068866347	0.0013378501	-0.0213365226	-0.0708960064	-0.0097328139	0.032091306	-0.0472064882	0.0255292337	0.0933394979	0.0052055433	-0.0410067077	0.031270248	0.0887054716	0.0411364762	0.0496216586	-0.0253392284	-0.1058836497	0.1037431616	-0.1002076762	0.0953247341	0.0	0.0	0.0	0.0	0.2088241360200271	0.021302532129809	0.0004537978751415	0.0436075197845107	0.2956323181729487	-1.2872163154098448e-05	1.6569258426572972e-10	0.0873984675483115	0.3559985503990148	-0.0226505311576303	0.0005130465617227	0.1267349678861998	-0.0016721498179235	0.0002248469848869	2.796085013581594e-06	5.05561666127748e-08	-0.0031787637978806	-7.099770049510002e-05	5.0406734755919255e-09	1.0104539282716295e-05	-0.0044921886326353	7.89691681199467e-07	2.017975871117781e-05	6.236129513556407e-13	0.0	0.0	0.0	0.0
55.4069224065635	0.0423982546361756	0.0017976119961939	3069.9270505669488	63.06590669513366	-0.5947336952921063	3977.308587279305	0.3537081683158039	54.98954322573415	0.0103149556136941	0.0001063983093124	3023.8498641748847	55.89217269073248	43.45470154244087	0.989377	33.932129	0.0660349101825902	0.0492189507474302	0.077604198	0.0258213837	0.0881226724	0.0281244194	0.0858305	0.0098871285	0.0361213844	0.0661536084	0.0852348102	-0.0057765026	0.0365047423	0.0064917214	0.1209176587	0.0256214914	-0.0783731243	0.067763472	0.0324191134	0.0401669614	-0.1326964392	0.0211278457	-0.0627189971	0.0360431103	0.123539182	-0.0120950503	-0.1138470208	0.0962741206	0.0096845727	-0.1306867525	0.0770871265	0.0777529784	-0.0728132365	0.1237164159	0.0773562682	-0.0184983938	0.017268835	0.0140605645	-0.025285576	0.1656671446	0.0376761488	-0.0363206909	0.0257772283	0.0689854536	-0.0535233544	0.165920317	-0.1028633228	-0.1291430296	-0.0272708078	-0.024608307	-0.0206762993	0.090452898	0.0060183824	0.0848873879	0.0108902241	0.0673155825	0.1358661587	-0.0704352505	-0.0168828079	0.0171458956	-0.0595627491	0.0906282762	-0.0831098443	-0.0465546877	-0.063334615	-0.0180144966	0.0420987786	-0.067074536	0.0196432556	-0.0375544387	-0.0312825221	0.0126786092	0.1459056983	-0.0244608923	0.1173490324	0.1110540763	-0.0064043054	-0.0759909877	-0.0848931365	-0.1104187176	-0.0867356619	-0.0578621175	0.0847106003	0.0732096914	-0.1324701944	-0.1173883504	-0.1428438594	-0.0041049556	-0.0404052788	-0.0258992567	0.0224655788	0.0183370495	-0.0474488328	-0.1335391631	-0.0390973422	-0.0514447279	0.0974180914	-0.0476168955	0.026009214	-0.0545348057	0.1860347707	0.0162619542	0.0592421599	-0.0174955293	0.1098472509	-0.0021431926	0.1460337234	-0.0690886093	0.0107427315	0.0485296887	0.0138519356	-0.0624880713	-0.052939681	0.1545467288	-0.0304169566	-0.0478676364	0.1157674169	-0.0326562646	0.0193671834	0.0552517732	-0.0586276479	0.0456101496	0.0865625671	-0.0014476682	0.1041300627	-0.0037582325	0.0523780974	-0.0198512205	-0.1320100838	0.0770386151	-0.0670996329	-0.0550292558	-0.057924191	0.0879542473	-0.0150689325	0.0424370116	-0.1007130292	-0.0450139518	0.0965458844	0.0164809653	-0.0694695151	-0.0139873052	0.01309915	0.0200896561	0.1058251442	-0.017000596	-0.0221835642	0.0264044023	-0.1105031697	0.0086971554	-0.0867089531	-0.0112568315	0.0145126493	0.009898143	-0.0188762252	0.1253525062	-0.0638287781	-0.1060870483	0.1045520622	-0.1020101825	0.0984858891	0.0	0.0	0.0	0.0	0.2142711102836614	0.0054469742636342	2.9669528628694143e-05	0.0459121087021929	0.2956702712329928	3.795306004406029e-05	1.4404347667080459e-09	0.0874209092909915	0.3080863681515779	-0.0479121822474368	0.0022955772077116	0.0949172102408296	-0.0015689151971596	0.0001032346207638	2.4614948958783463e-06	1.0657386924266238e-08	-0.0031791171458914	-3.5334801080011066e-07	1.2485481673639513e-13	1.010678582730068e-05	-0.0043430205891805	0.0001491680434548	1.8861827838045735e-05	2.2251105188133223e-08	0.0	0.0	0.0	0.0
55.35011166115942	-0.0568107454040855	0.0032274607933678	3063.6348609028155	63.19965913999884	0.1337524448651805	3994.1969154120393	0.0178897165074131	54.93583912556398	-0.0537041001701723	0.0028841303750879	3017.946420429846	55.76772279068351	42.75695674305706	0.954065	32.721062	0.1440813880401761	0.0791197111635804	0.108020135	0.0498398159	0.0491331828	0.0064708425	0.0081113538	0.1186556487	-0.0934528246	0.02393318	0.087591593	0.095097776	0.0914469994	-0.1192261167	-0.0730342542	-0.0014115215	0.0136974968	0.0152561371	0.1751579174	0.0881097434	-0.0514188385	0.0835351583	0.0918682848	0.0093047019	0.0077524684	0.0874816782	-0.2109006599	0.0912383674	-0.0479194998	0.0898062518	0.0391647541	0.0812731795	0.0889271761	-0.1039151533	-0.0074175444	-0.0383865987	0.0092081867	0.0313893172	-0.0747133339	-0.0550092554	-0.0376920208	-0.0418918031	-0.0097528668	-0.0646282185	0.0239508133	-0.0624458703	0.0085634531	-0.0207735739	-0.1517704054	0.0348120972	-0.0397749705	-0.1273101034	-0.0528646228	0.0487412032	0.0236613574	-0.0025335945	0.0073996039	-0.0598389705	0.0083236892	0.0213378538	-0.1601111702	-0.168508991	0.0005829953	-0.1765482463	0.0153683156	-0.0929280115	0.1064255424	0.0138545396	0.1059017058	0.0105747162	0.0261024349	-0.0459501654	-0.0457748714	0.0713903238	0.0628147014	-0.033763968	0.053377395	-0.0966677882	-0.0190987596	0.0655978762	-0.0717654315	0.1057366716	0.0527500253	0.0280145177	-0.0762679516	0.0583450892	0.0413265543	0.1395823357	-0.1158181216	0.0863504906	0.0176821873	0.063486316	-0.0533539124	0.0038307342	0.0020549996	-0.0033946212	-0.0492539022	0.091809999	0.0143879152	-0.0823514328	0.0008065677	0.044118706	-0.0095943888	0.0239656852	0.1085870429	0.0205403065	0.0288204724	0.0842470102	-0.1028986048	-0.0577187827	-0.0526152903	-0.0354847443	0.0043303984	0.0165948555	0.1247645749	-0.0490606188	0.0289724797	-0.0801261804	-0.0542414051	-0.0036948677	-0.1088447463	-0.0488912926	-0.0805797546	-0.0004733557	-0.0014599814	0.1265721328	0.0680022177	-0.0437337394	0.092693189	0.0056799334	0.0821333936	0.1081158119	-0.0469248527	0.1230393863	-0.0266521109	0.0082319761	0.0344623051	-0.0423848635	0.0007699379	-0.078597724	0.0032822694	-0.0177549687	8.34818e-05	0.0144045899	0.0585924316	-0.021967613	-0.0421280093	-0.1001381807	-0.081720565	0.0843213588	-0.0753653778	0.0284076021	0.0834508981	0.0368669519	-0.0632555767	0.0213449178	-0.0202933372	-0.1062566463	0.105227727	-0.1035202354	0.1011451826	0.0	0.0	0.0	0.0	0.2079314589763328	-0.0063396513073285	4.0191178698512986e-05	0.0432354916320263	0.2801633221271373	-0.0155069491058554	0.0002404654705715	0.0784914870653141	0.37034914895289	0.062262780801312	0.0038766538731122	0.1371584921301299	-0.0021152905155317	-0.000546375318372	4.474453965098365e-06	2.985259885262136e-07	-0.0036802776870741	-0.0005011605411826	2.511618880385366e-07	1.3544443853975486e-05	-0.0044949248661393	-0.0001519042769588	2.0204349552237404e-05	2.3074909358375845e-08	0.0	0.0	0.0	0.0
55.31983449653672	-0.0302771646226958	0.0009167066975898	3060.284088724214	63.05984102011962	-0.139818119879223	3976.543549482761	0.0195491066465607	54.90796860636279	-0.0278705192011869	0.0007767658405437	3014.885016477322	55.75206528577554	42.411913217285466	0.937912	32.167038	0.11733737679136	0.055397044934808	0.1202415397	0.0354407058	-0.1326303672	-0.1134259713	-0.0296426503	0.0295171282	0.0922613833	0.121031776	0.0614903072	0.0357288325	-0.0312147916	0.0300575975	0.0009157328	0.0116028389	-0.0209647244	-0.0792339271	-0.0834824635	0.0974270712	0.0917740839	-0.0397465061	0.1337236768	0.0561527048	0.1360574821	0.0960756076	0.031760569	0.0320712667	0.0426405918	-0.0673966448	0.0106451219	0.0568185824	0.0740208078	0.1104889247	-0.1314723967	-0.0757216568	0.0364535787	-0.0344398864	0.006574107	-0.0150819609	-0.0673486617	0.0220915035	-0.0293574634	0.1020399768	-0.1810934784	-0.0071015643	0.0025867308	-0.0622946412	-0.0469301233	0.1067876074	0.0395556817	-0.0296411144	-0.1420397651	-0.0464583126	-0.1037013859	0.0740655612	-0.0291904511	0.016421497	-0.0970299174	0.1587291364	-0.0531757341	-0.0077528332	0.1203297483	-0.0078411399	0.0514590468	-0.0281028111	-0.1930882811	0.1608578583	-0.060492473	-0.0638224549	-0.0216824685	0.034457218	-0.0637453655	0.027658687	-0.0076937731	0.0571558925	0.0844080904	-0.0112911224	0.132513812	0.0196841071	0.0031404229	-0.0186435051	0.0622066516	-0.0439804547	-0.1648264142	-0.0281915961	-0.008901898	-0.071227568	-0.0138267538	-0.0060090711	0.1467052539	-0.1043059535	-0.037142161	0.0380916064	-0.1065465752	-0.0144738148	0.1167848255	0.0344668163	-0.016445052	0.0561141342	0.0661900858	0.0024607718	-0.0674102638	0.0888423589	0.0238430519	0.1502716753	0.1308291287	0.0116744334	0.0201190182	-0.0350145535	0.0032393095	0.0428128117	-0.0226188117	-0.0254443787	0.1950667054	-0.1223129618	0.0963526921	-0.008158786	0.0242474216	0.0035722599	0.1865517615	0.0716984848	-0.0827381694	-0.0173432881	0.0294929646	0.1088332928	-0.0274576248	0.0510595915	0.0933959503	-0.077933305	0.0651872755	-0.0183822898	-0.1347845982	0.1138253279	0.0006917833	-0.0811036228	-0.027636049	0.0995912617	-0.0155832416	-0.0485165654	0.0139806619	0.0315062246	0.0342872341	0.0207062546	-0.057180781	-0.0248517471	0.0448603515	0.0490162484	0.1321873821	0.1401960231	0.0547925763	-0.056280738	0.0225359039	0.0723506145	0.0013162034	0.1949587706	0.0402139881	-0.1063923895	0.105769295	-0.1047335058	0.1032890634	0.0	0.0	0.0	0.0	0.2398645327243826	0.0319330737480497	0.0010197211989983	0.0575349940590864	0.3073190407643693	0.0271557186372319	0.0007374330547045	0.094444992816332	0.3419472929673617	-0.0284018559855283	0.0008066654234226	0.1169279511677067	-0.0019767572319919	0.0001385332835397	3.907569154232279e-06	1.919147064831858e-08	-0.0032230834674968	0.0004571942195773	2.090265544148965e-07	1.0388267038451194e-05	-0.0044937178008454	1.207065293900092e-06	2.0193499673634816e-05	1.4570066237381157e-12	0.0	0.0	0.0	0.0
55.45288450808761	0.1330500115508854	0.0177023055736907	3075.0224002673026	62.70806624111116	-0.3517747790084584	3932.3015716995856	0.1237454951464497	54.99597123570504	0.0880026293422489	0.0077444627711492	3024.5568521584964	55.80295595278872	43.22432309864573	0.997398	34.207222	0.074786118102257	0.0452255099512224	0.0935080861	0.0311509951	0.0473742314	0.0440536649	0.0621663407	-0.0564833324	0.0834070016	0.0359164815	0.0823027228	-0.1144929019	0.066315069	-0.0185780381	0.0684144567	0.0450006038	-0.0344888617	-0.0296867699	0.0949136664	0.0176500491	-0.0022684161	0.0382578559	0.0050295084	0.003708582	-0.1865642964	-0.1092279412	0.3100314252	0.1165020584	-0.0330096435	-0.0717162407	-0.0211319984	-0.1207716293	-0.0789986977	-0.0818188109	0.0085493497	-0.0794731886	-0.0902357569	0.1164516539	0.1698119811	-0.0164116825	-0.0041111698	0.092063398	0.1078930282	0.0731123559	0.1390646052	0.0867232546	0.208670415	0.0523507974	-0.0516722587	-0.0065245993	0.0127907039	0.010201948	-0.0945784329	-0.024136474	0.0505780943	0.0204754768	-0.1248848262	-0.0121301739	0.0745939331	0.0926149066	-0.0183997274	-0.0211445021	0.0103686714	-0.0416568641	0.0088314682	-0.0601716428	0.0660438774	0.164378785	-0.1248167816	-0.1272830872	0.0348707426	0.0382475758	0.0329526794	-0.0322596526	0.0153740833	-0.0477373552	-0.007664541	-0.080791242	-0.060219676	-0.1587410309	-0.0532422381	-0.1182926727	-0.0887187849	-0.1264224685	0.1454279531	-0.0457247501	0.1913132063	-0.1305966602	0.1587773505	0.0404506181	-0.1321269515	0.066942286	0.0829931359	0.108710186	-0.1054689687	-0.1332172246	-0.0010839139	-0.1794818123	-0.0034394176	-0.075685239	-0.0968743453	-0.045586447	-0.0247215417	0.0639224195	-0.0368880192	0.0831882417	0.0262449653	-0.0562257663	-0.0645508743	0.0844366933	0.1383062	0.0284434779	0.0584573834	-0.0374016032	0.0326854548	-0.017668311	-0.1029137161	0.0856007447	0.0449083789	-0.0022815965	-0.0352252589	-0.1579907833	0.0192278593	0.0439573854	0.0484928282	0.0604986211	-0.0891663759	-0.0140241802	0.015908285	0.022902455	-0.0042881749	0.1341054454	-0.066096391	0.1044520076	-0.0179058444	0.0373357661	-0.1259904048	0.0226745142	0.0645873072	0.0217360226	-0.0695932632	-0.0074272837	-0.0378994007	0.0201425088	0.0982874703	0.0410134825	0.0526714201	0.0244021406	-0.1315655741	0.0458083251	-0.0591417492	-0.0204115744	0.0766847012	0.1568698436	0.0853268304	0.0922314991	-0.007214689	-0.1064942348	0.106176076	-0.1056465152	0.1049066069	0.0	0.0	0.0	0.0	0.2218835872825195	-0.0179809454418631	0.0003233143989832	0.0492323263053594	0.3042495443933148	-0.0030694963710544	9.42180797191656e-06	0.0925677852635396	0.3000468016753572	-0.0419004912920045	0.0017556511705113	0.0900280831956111	-0.0019932534624039	-1.6496230411999768e-05	3.973059365385135e-06	2.7212561780578607e-10	-0.0034430493804349	-0.0002199659129381	4.8385002854691806e-08	1.1854589036113148e-05	-0.004493959357442	-2.415565966001898e-07	2.019567070634052e-05	5.834958936106684e-14	0.0	0.0	0.0	0.0
55.28795832196173	-0.164926186125875	0.0272006468700267	3056.758335410977	63.16690345378738	0.4588372126762152	3990.057691940096	0.2105315877364783	54.836022744631634	-0.1599484910734077	0.0255835197966599	3006.989390449758	55.63283424404554	42.79469099699417	0.972463	33.352043	0.2263075843024161	0.1142977803157855	0.1294241285	0.0761946821	0.1006144505	0.0073646313	0.0727336948	0.1690915021	-0.017365167	-0.0555546628	0.0189005471	0.0955361946	0.0804419431	0.0287324654	-0.1044287911	0.1437296029	-0.0195476783	-0.0757329627	0.0542798479	0.1535638739	-0.0540575835	0.0418588835	0.0140936329	0.1340123981	-0.0881976346	-0.0294880672	0.053701483	-0.0683582334	0.0407574186	0.1075013719	-0.0293318889	0.0860359152	-0.0032032469	0.0106484163	0.0019233723	-0.0100488009	0.0696827079	0.1254967035	-0.0327223096	-0.0357845989	0.0337390372	-0.0534647373	-0.0021425254	0.0047280492	0.0592872877	0.0726554348	-0.0150259423	-0.0375496194	0.1225208584	0.0492940106	0.0112410693	-0.0304361985	0.0970028664	-0.0132636324	-0.0819083492	-0.0852100721	0.0679328986	0.0522781298	-0.09931079	0.1368763857	0.1442807198	0.0102913321	-0.1245814759	0.000321161	0.0989872425	0.0206310086	0.0968321141	-0.0119030973	0.0345855961	0.1338548241	0.0095472524	0.0593183731	-0.268238233	-0.0825842436	-0.1615186805	-0.0410144098	0.0941985234	-0.1472001428	-0.0784639694	0.0598059572	0.0555835288	0.1100505959	0.0070377576	-0.0682388018	0.0157292563	0.0379148652	-0.0712614183	0.0458569901	0.0942828384	0.037442267	0.0678745573	0.0182510893	-0.0529044838	-0.0265520088	-0.1115867021	0.0043308232	-0.0204816375	0.0778419863	-0.0198223193	-0.0916437703	-0.011107201	0.0242861711	-0.0911801189	0.0258647169	-0.0619859352	-0.038717552	-0.0901865065	-0.0255242547	0.0351196443	-0.0418669022	-0.0793669411	0.0193771837	0.0025813455	0.0220277856	-0.1020186255	-0.0139141506	-0.2106960465	0.1327218248	0.1305793056	-0.0220427983	-0.0318778863	0.1453836689	0.0365519991	-0.0026869345	-0.0367549771	0.0186625844	-0.0318024659	-0.1607500712	-0.0991888927	-0.1422506399	-0.0094088149	-0.0807421944	0.0378137069	0.1426245405	-0.0573509073	0.0232212761	0.0319053243	-0.0783376644	-0.0033224541	-0.0530159963	-0.0223887463	-0.0483293321	-0.0462797575	0.0099962814	0.0367654529	0.0700133356	-0.0032083376	-0.0485346656	-0.0261152648	0.1280163027	0.0664481476	-0.0044824087	0.1202638833	-0.0178624581	-0.0578720164	-0.0156008647	0.102142164	-0.1065621497	0.1064475517	-0.1062566463	0.1059895703	0.0	0.0	0.0	0.0	0.1807477726831479	-0.0411358145993716	0.0016921552427538	0.0326697573299189	0.2623889504092602	-0.0418605939840546	0.0017523093286978	0.0688479612968732	0.3686653530759471	0.0686185514005899	0.0047085055963154	0.1359141425586127	-0.0031121091246355	-0.0011188556622316	9.685223203639536e-06	1.2518379929077125e-06	-0.003813033110533	-0.0003699837300981	1.368879605373037e-07	1.4539221502020965e-05	-0.0044989724514803	-5.013094038299609e-06	2.0240753119178656e-05	2.5131111836835083e-11	0.0	0.0	0.0	0.0
55.33542023487772	0.0474619129159918	0.0022526331776451	3062.008732570515	62.7275868252769	-0.4393166285104755	3934.750148922653	0.1929991000858111	54.92327309365157	0.0872503490199321	0.0076126234040999	3016.5659273198303	55.762734758150685	42.263223707830974	0.972785	33.363064	0.1074896778524185	0.0500908587245412	0.1247886984	0.0352296829	-0.1168850966	-0.0968806748	-0.0981810349	0.0760674776	0.0967820763	0.0493579117	-0.0018116005	-0.0849486691	-0.0108303043	-0.1287265866	0.0883053906	-0.0711061625	0.0132838831	-0.0803689681	0.0474013371	0.0112163976	0.029851854	0.1487434457	0.1967723548	-0.0278895855	0.110091712	-0.0187359782	-0.0095787069	-0.1071538955	-0.0537451729	0.0020033807	0.0042365088	-0.128048493	0.0135623771	-0.0310139832	-0.1162229003	-0.1767538499	-0.0697549826	-0.1208381407	-0.060505464	0.1561771583	-0.0046149724	0.0628420589	0.0735585508	0.0648290493	-0.0027507925	0.1686952198	-0.0479647881	0.0100678295	0.0358699502	-0.0550666253	0.1196911851	-0.0882182593	0.1190792275	-0.0780812248	0.0273171237	-0.0614207609	0.0110162709	0.1249421587	-0.0357618256	0.022267631	-0.0590669031	0.0036601542	-0.0235679115	0.0504332677	0.032435183	0.0446036257	-0.0183098603	-0.1490480707	-0.0034082751	0.0467532475	0.0679324339	-0.0162354747	-0.0418495169	0.0376525216	-0.0441747575	0.0027952358	0.0493793467	-0.0074448147	0.1347225498	0.018283781	-0.1309270084	-0.0535796805	0.1576773575	-0.1542457086	0.0272311937	0.0100184104	0.0242005407	0.1467309909	-0.0333117341	-0.0913307526	-0.0245791239	0.0873622156	0.018865595	0.0570382511	0.1325912714	-0.0544688217	0.2153999249	-0.0386140078	0.0792804901	-0.0437887249	9.997e-07	-0.0317774934	-0.0450902923	0.0480321874	0.0765451514	-0.0224178575	-0.0161916744	0.0894764306	0.0548593255	-0.1318038638	0.0981577259	-0.010508415	-0.0375097249	0.0575600676	0.0314845023	-0.0323275825	-0.0295959163	0.0323919005	0.0323152333	-0.0286150916	0.0298701175	0.1826855534	0.0757059298	-0.0184653526	-0.1456576989	-0.0043825376	0.0164844165	0.1414420425	-0.0619178906	0.0362772831	0.0711457719	-0.0468535268	0.0691444491	0.1229781491	0.000185845	-0.082208408	-0.0217831881	0.0445398739	-0.0482469436	-0.0612848803	0.060570349	0.006916673	0.0092949137	-0.0270727132	-0.0616513403	-0.0453724281	0.0896752577	0.1281757151	-0.0294175081	0.1308541307	0.1076934876	0.0141828471	-0.0109668295	0.0728799162	-0.0939001281	0.1710541474	0.1601009847	-0.1065961126	0.1065833761	-0.1065621497	0.1065324352	0.0	0.0	0.0	0.0	0.2057065431972375	0.0249587705140895	0.0006229402255749	0.0423151819141569	0.2696299409730329	0.0072409905637726	5.243194434464525e-05	0.0727003050691212	0.3321449834296359	-0.0365203696463112	0.0013337373991032	0.1103202900174731	-0.0028109300494043	0.0003011790752311	7.901327742644062e-06	9.070883535712065e-08	-0.003560896231481	0.0002521368790519	6.357300577808268e-08	1.2679981971375588e-05	-0.004721047439762	-0.0002220749882817	2.2288288928483336e-05	4.93173004203174e-08	0.0	0.0	0.0	0.0
