#!ascii label  , from subject sub-v2s9x29158_ses-1 vox2ras=TkReg
3728
1515  -27.054  -80.572  -26.102 0.0000000000
17566  -18.563  -59.394  -40.993 0.0000000000
128488  -41.162  -50.469  -29.859 0.0000000000
5547  -30.870  -72.564  -56.921 0.0000000000
29892  -23.437  -45.775  -30.575 0.0000000000
21289  -24.709  -55.629  -25.586 0.0000000000
2259  -17.748  -79.057  -21.138 0.0000000000
473  -22.936  -83.760  -37.354 0.0000000000
121190  -22.560  -70.967  -45.717 0.0000000000
124310  -33.755  -46.597  -25.075 0.0000000000
112238  -36.050  -51.109  -27.264 0.0000000000
31963  -36.125  -44.778  -32.031 0.0000000000
31985  -25.631  -44.583  -34.165 0.0000000000
18336  -17.433  -58.438  -24.139 0.0000000000
14635  -16.943  -62.079  -24.288 0.0000000000
11849  -14.578  -65.443  -31.503 0.0000000000
9136  -18.047  -68.429  -25.913 0.0000000000
620  -20.116  -83.726  -26.491 0.0000000000
1509  -15.241  -80.723  -26.575 0.0000000000
1958  -19.743  -79.717  -32.396 0.0000000000
1006  -18.384  -81.805  -36.714 0.0000000000
687  -23.011  -82.961  -32.076 0.0000000000
117138  -30.840  -82.685  -32.230 0.0000000000
21422  -20.312  -55.364  -35.982 0.0000000000
25329  -20.509  -50.661  -36.519 0.0000000000
121944  -22.990  -56.862  -39.734 0.0000000000
9510  -23.168  -67.703  -54.357 0.0000000000
6175  -20.041  -72.305  -50.118 0.0000000000
11238  -22.801  -65.897  -49.571 0.0000000000
119117  -37.799  -83.608  -41.229 0.0000000000
2984  -37.105  -77.308  -49.145 0.0000000000
137522  -40.034  -79.211  -48.657 0.0000000000
30898  -37.987  -45.295  -28.678 0.0000000000
7785  -28.198  -68.975  -54.697 0.0000000000
4842  -36.267  -75.006  -55.696 0.0000000000
112297  -34.368  -54.466  -28.128 0.0000000000
21280  -32.735  -55.669  -24.438 0.0000000000
19367  -27.644  -57.873  -30.700 0.0000000000
22251  -17.614  -53.777  -26.564 0.0000000000
5845  -18.564  -72.329  -21.488 0.0000000000
4524  -18.878  -74.733  -26.257 0.0000000000
1027  -27.102  -82.482  -39.261 0.0000000000
119133  -31.171  -83.294  -41.175 0.0000000000
27023  -20.017  -48.341  -29.325 0.0000000000
12023  -20.180  -64.464  -45.312 0.0000000000
117122  -25.480  -66.187  -40.340 0.0000000000
16661  -23.939  -60.611  -44.269 0.0000000000
26086  -31.997  -51.591  -27.470 0.0000000000
15483  -16.074  -61.845  -20.043 0.0000000000
12666  -15.205  -64.300  -21.571 0.0000000000
11800  -16.795  -65.931  -25.499 0.0000000000
9971  -14.927  -67.360  -22.961 0.0000000000
860  -25.737  -82.206  -21.427 0.0000000000
589  -22.953  -84.216  -22.194 0.0000000000
1186  -23.333  -80.926  -25.724 0.0000000000
1243  -21.215  -81.373  -29.145 0.0000000000
125588  -24.183  -78.846  -30.360 0.0000000000
1618  -23.258  -80.098  -34.114 0.0000000000
950  -25.178  -81.546  -30.178 0.0000000000
15707  -20.009  -61.524  -38.561 0.0000000000
18531  -19.647  -57.421  -39.282 0.0000000000
115156  -19.240  -54.283  -39.064 0.0000000000
19514  -19.866  -57.186  -41.103 0.0000000000
134706  -24.786  -68.876  -52.332 0.0000000000
10381  -21.411  -66.579  -52.342 0.0000000000
11252  -24.239  -65.432  -51.033 0.0000000000
1357  -40.974  -82.103  -39.784 0.0000000000
121798  -39.350  -81.780  -44.560 0.0000000000
2093  -40.459  -79.730  -45.487 0.0000000000
124976  -37.182  -48.286  -27.827 0.0000000000
131085  -36.062  -46.222  -27.022 0.0000000000
28855  -39.630  -47.852  -29.296 0.0000000000
28893  -38.295  -47.728  -31.490 0.0000000000
6262  -27.853  -72.779  -57.615 0.0000000000
125023  -27.405  -69.113  -56.808 0.0000000000
7796  -30.278  -70.213  -57.877 0.0000000000
2538  -38.791  -78.730  -53.481 0.0000000000
3541  -36.283  -76.896  -54.460 0.0000000000
4163  -39.557  -75.709  -54.894 0.0000000000
31945  -23.935  -43.921  -30.546 0.0000000000
33005  -23.378  -43.049  -33.979 0.0000000000
31957  -21.484  -44.118  -32.205 0.0000000000
21253  -27.449  -54.546  -22.339 0.0000000000
20256  -28.739  -56.246  -24.526 0.0000000000
20304  -25.946  -55.971  -28.946 0.0000000000
21326  -22.253  -55.653  -30.509 0.0000000000
124043  -13.720  -57.244  -24.260 0.0000000000
21268  -15.625  -54.680  -24.611 0.0000000000
117228  -15.644  -55.758  -27.785 0.0000000000
5184  -22.042  -73.804  -24.751 0.0000000000
117223  -17.734  -75.380  -20.614 0.0000000000
5154  -15.127  -73.421  -21.910 0.0000000000
3230  -15.776  -76.727  -21.974 0.0000000000
650  -14.933  -84.495  -28.432 0.0000000000
1558  -13.837  -79.552  -29.317 0.0000000000
243  -19.929  -85.329  -37.224 0.0000000000
34  -28.206  -86.511  -29.447 0.0000000000
1603  -27.709  -80.092  -33.675 0.0000000000
731  -28.834  -83.295  -36.666 0.0000000000
116370  -26.020  -79.003  -37.583 0.0000000000
2454  -28.922  -78.631  -42.550 0.0000000000
2903  -30.366  -77.185  -41.610 0.0000000000
1340  -32.257  -82.028  -39.581 0.0000000000
3408  -31.000  -75.907  -39.477 0.0000000000
21319  -36.641  -55.886  -28.631 0.0000000000
27040  -17.458  -48.045  -31.038 0.0000000000
24396  -24.077  -52.325  -39.136 0.0000000000
132708  -23.635  -51.560  -35.117 0.0000000000
6890  -21.854  -71.266  -47.925 0.0000000000
131907  -16.272  -70.381  -49.096 0.0000000000
7681  -19.546  -70.186  -46.091 0.0000000000
11167  -18.495  -66.619  -45.349 0.0000000000
9384  -20.361  -68.556  -43.471 0.0000000000
130376  -24.615  -63.009  -41.961 0.0000000000
18583  -26.218  -58.921  -43.950 0.0000000000
18606  -26.379  -59.215  -47.414 0.0000000000
26962  -35.196  -48.837  -25.943 0.0000000000
25209  -38.642  -50.863  -28.400 0.0000000000
33947  -36.430  -42.791  -28.870 0.0000000000
33984  -35.432  -42.054  -31.575 0.0000000000
33989  -33.808  -42.374  -32.554 0.0000000000
34004  -31.490  -42.421  -33.497 0.0000000000
34016  -28.678  -42.232  -34.423 0.0000000000
30896  -24.412  -45.813  -28.819 0.0000000000
15500  -19.472  -61.878  -21.797 0.0000000000
16430  -14.051  -59.341  -21.808 0.0000000000
15551  -14.552  -61.151  -25.914 0.0000000000
13682  -14.764  -64.167  -27.369 0.0000000000
10930  -16.996  -67.155  -28.773 0.0000000000
8292  -19.948  -69.408  -28.962 0.0000000000
580  -20.005  -84.614  -22.438 0.0000000000
1157  -17.469  -82.257  -22.258 0.0000000000
2294  -17.135  -78.471  -24.470 0.0000000000
1878  -19.882  -79.525  -26.709 0.0000000000
117727  -16.921  -82.099  -29.415 0.0000000000
407  -17.361  -85.248  -31.334 0.0000000000
975  -19.070  -81.648  -34.474 0.0000000000
999  -21.270  -81.831  -36.172 0.0000000000
215  -20.706  -85.884  -34.230 0.0000000000
390  -32.223  -85.351  -29.122 0.0000000000
1588  -32.952  -80.580  -31.993 0.0000000000
24347  -17.688  -52.656  -34.178 0.0000000000
26210  -17.797  -48.895  -35.217 0.0000000000
23369  -20.212  -52.336  -36.750 0.0000000000
22385  -22.836  -54.039  -37.720 0.0000000000
21471  -26.072  -54.959  -41.112 0.0000000000
6987  -20.554  -71.589  -56.226 0.0000000000
5496  -19.785  -74.689  -53.039 0.0000000000
6969  -21.442  -71.015  -53.432 0.0000000000
8612  -22.109  -69.270  -50.628 0.0000000000
8584  -23.491  -69.136  -48.166 0.0000000000
2075  -37.736  -80.193  -43.797 0.0000000000
2112  -38.712  -79.600  -48.562 0.0000000000
2131  -41.914  -78.097  -51.080 0.0000000000
112276  -34.522  -43.896  -28.002 0.0000000000
31936  -37.893  -44.576  -29.964 0.0000000000
128646  -28.081  -83.193  -22.430 0.0000000000
899  -25.612  -83.201  -25.801 0.0000000000
128  -27.475  -86.183  -22.194 0.0000000000
14842  -19.388  -63.460  -41.004 0.0000000000
7789  -23.488  -70.511  -55.900 0.0000000000
9512  -26.191  -66.796  -55.030 0.0000000000
8634  -27.275  -69.676  -51.898 0.0000000000
4128  -34.873  -75.926  -50.810 0.0000000000
3538  -33.643  -75.893  -54.081 0.0000000000
5524  -34.049  -73.323  -55.372 0.0000000000
4821  -36.530  -74.077  -52.397 0.0000000000
6986  -36.322  -71.410  -56.890 0.0000000000
6995  -33.192  -71.704  -57.597 0.0000000000
6219  -30.610  -71.954  -53.227 0.0000000000
24239  -32.812  -52.640  -26.951 0.0000000000
25182  -34.591  -51.858  -25.040 0.0000000000
21292  -34.176  -55.035  -25.751 0.0000000000
113507  -32.416  -57.497  -27.464 0.0000000000
22211  -32.809  -54.340  -22.800 0.0000000000
114588  -30.079  -57.532  -26.963 0.0000000000
20234  -23.725  -55.916  -23.494 0.0000000000
21269  -19.936  -55.262  -24.659 0.0000000000
22252  -21.299  -53.912  -26.757 0.0000000000
7428  -21.900  -70.682  -24.401 0.0000000000
116992  -18.575  -68.977  -22.107 0.0000000000
7390  -16.225  -70.640  -21.720 0.0000000000
6653  -17.622  -71.657  -26.480 0.0000000000
125218  -17.557  -72.537  -29.069 0.0000000000
3278  -14.373  -75.998  -26.976 0.0000000000
3914  -15.740  -75.527  -29.942 0.0000000000
636  -23.692  -84.241  -28.675 0.0000000000
50  -22.444  -86.322  -31.545 0.0000000000
126537  -24.360  -84.078  -34.818 0.0000000000
94  -27.667  -85.728  -36.987 0.0000000000
259  -25.527  -85.023  -39.239 0.0000000000
2060  -25.713  -79.726  -41.898 0.0000000000
514  -34.551  -84.988  -40.211 0.0000000000
1033  -36.674  -83.683  -39.011 0.0000000000
23250  -34.974  -52.823  -27.543 0.0000000000
23254  -38.819  -54.088  -28.243 0.0000000000
27010  -22.575  -47.323  -28.666 0.0000000000
26168  -20.504  -49.178  -33.308 0.0000000000
26143  -23.181  -50.301  -31.251 0.0000000000
12944  -18.195  -63.797  -45.477 0.0000000000
15763  -19.962  -61.531  -43.779 0.0000000000
8548  -25.099  -69.307  -45.179 0.0000000000
9368  -27.401  -68.540  -41.329 0.0000000000
8504  -23.784  -69.901  -42.102 0.0000000000
11126  -22.764  -66.123  -42.612 0.0000000000
14855  -21.441  -62.882  -42.630 0.0000000000
125678  -21.269  -59.632  -42.316 0.0000000000
19536  -23.624  -57.582  -43.605 0.0000000000
20505  -26.342  -56.410  -44.197 0.0000000000
26945  -30.182  -49.732  -25.618 0.0000000000
26946  -30.819  -50.366  -25.819 0.0000000000
11752  -15.172  -66.338  -22.541 0.0000000000
1476  -26.286  -80.663  -23.928 0.0000000000
1176  -24.594  -80.929  -23.993 0.0000000000
1498  -24.860  -79.664  -25.656 0.0000000000
1898  -23.911  -79.430  -27.584 0.0000000000
1916  -25.598  -79.216  -28.172 0.0000000000
1929  -25.340  -79.431  -29.866 0.0000000000
1548  -26.334  -80.188  -28.201 0.0000000000
16627  -20.592  -60.904  -40.120 0.0000000000
17550  -20.827  -59.575  -38.791 0.0000000000
18542  -20.347  -58.623  -39.657 0.0000000000
19493  -19.675  -56.351  -39.867 0.0000000000
19513  -19.281  -57.869  -41.019 0.0000000000
9486  -25.956  -68.820  -50.896 0.0000000000
10359  -24.795  -67.057  -50.998 0.0000000000
10360  -26.029  -67.221  -50.535 0.0000000000
134902  -39.530  -49.306  -28.683 0.0000000000
26991  -39.146  -48.575  -28.485 0.0000000000
27011  -39.912  -49.274  -29.692 0.0000000000
27030  -39.644  -49.179  -30.425 0.0000000000
5533  -27.693  -74.389  -55.601 0.0000000000
5546  -29.736  -72.766  -57.360 0.0000000000
115775  -29.062  -71.897  -58.088 0.0000000000
6264  -32.066  -71.290  -58.512 0.0000000000
3006  -40.231  -77.423  -52.354 0.0000000000
3543  -39.773  -76.598  -55.040 0.0000000000
4143  -39.924  -75.614  -52.217 0.0000000000
30915  -23.187  -44.981  -30.321 0.0000000000
32965  -22.088  -44.041  -31.456 0.0000000000
30945  -22.610  -45.291  -31.907 0.0000000000
30959  -22.676  -45.304  -32.872 0.0000000000
29905  -24.241  -46.587  -32.259 0.0000000000
20254  -25.724  -55.654  -24.280 0.0000000000
20268  -26.357  -56.352  -25.353 0.0000000000
21302  -25.229  -55.881  -26.708 0.0000000000
20303  -24.813  -55.720  -29.477 0.0000000000
21312  -23.527  -54.918  -28.305 0.0000000000
18360  -14.581  -58.454  -26.820 0.0000000000
125855  -14.774  -56.089  -26.276 0.0000000000
1833  -19.415  -79.296  -21.841 0.0000000000
3242  -19.701  -76.424  -23.201 0.0000000000
3221  -18.211  -76.579  -21.329 0.0000000000
116250  -15.788  -76.058  -19.799 0.0000000000
2245  -15.805  -77.545  -20.549 0.0000000000
406  -15.488  -84.392  -30.613 0.0000000000
253  -21.353  -84.959  -37.856 0.0000000000
487  -20.459  -83.707  -39.070 0.0000000000
500  -22.256  -82.764  -39.364 0.0000000000
502  -23.965  -84.012  -40.353 0.0000000000
378  -30.203  -84.961  -28.459 0.0000000000
2375  -27.013  -78.246  -34.481 0.0000000000
1630  -26.681  -79.975  -35.674 0.0000000000
2850  -26.823  -78.025  -36.650 0.0000000000
2414  -27.732  -78.134  -39.498 0.0000000000
2874  -28.455  -76.852  -39.338 0.0000000000
3421  -30.196  -76.305  -40.450 0.0000000000
126118  -16.740  -53.040  -32.564 0.0000000000
112060  -16.899  -50.080  -29.691 0.0000000000
112063  -16.254  -49.989  -31.179 0.0000000000
7703  -22.109  -71.137  -46.425 0.0000000000
6881  -20.632  -71.016  -46.984 0.0000000000
7682  -20.705  -70.501  -45.682 0.0000000000
8527  -19.671  -69.242  -44.599 0.0000000000
7651  -21.328  -69.998  -43.829 0.0000000000
26972  -34.361  -50.581  -26.499 0.0000000000
27857  -33.255  -49.172  -26.115 0.0000000000
112383  -35.655  -49.908  -26.537 0.0000000000
113683  -36.773  -49.879  -27.533 0.0000000000
25208  -37.628  -50.936  -28.223 0.0000000000
3009  -31.205  -78.514  -54.356 0.0000000000
32969  -36.672  -43.319  -31.218 0.0000000000
33975  -36.447  -42.517  -30.738 0.0000000000
32968  -35.818  -43.478  -31.817 0.0000000000
122289  -33.616  -43.362  -32.754 0.0000000000
32998  -32.799  -43.747  -33.166 0.0000000000
34005  -32.377  -42.212  -33.190 0.0000000000
32996  -31.394  -43.347  -33.591 0.0000000000
112130  -29.901  -43.239  -33.983 0.0000000000
115458  -14.599  -61.360  -20.785 0.0000000000
16419  -14.957  -60.228  -20.693 0.0000000000
16442  -15.072  -60.797  -23.426 0.0000000000
16450  -14.341  -59.827  -23.722 0.0000000000
16466  -16.194  -61.255  -25.054 0.0000000000
13665  -14.327  -62.789  -26.729 0.0000000000
13660  -16.985  -63.348  -25.580 0.0000000000
10030  -16.703  -67.687  -26.252 0.0000000000
135753  -16.728  -67.017  -27.556 0.0000000000
10044  -17.418  -67.710  -27.442 0.0000000000
10059  -19.471  -67.866  -28.992 0.0000000000
9150  -20.034  -68.619  -27.550 0.0000000000
300  -23.781  -84.458  -17.598 0.0000000000
133265  -21.186  -83.829  -24.582 0.0000000000
331  -21.104  -85.132  -22.033 0.0000000000
344  -19.352  -84.642  -23.846 0.0000000000
578  -17.757  -83.513  -22.024 0.0000000000
888  -19.579  -82.762  -24.569 0.0000000000
1485  -19.637  -80.194  -24.560 0.0000000000
1496  -20.539  -80.962  -26.051 0.0000000000
1575  -20.680  -80.140  -30.465 0.0000000000
1924  -18.663  -79.644  -29.600 0.0000000000
1581  -18.198  -80.288  -31.365 0.0000000000
660  -17.435  -83.357  -30.357 0.0000000000
955  -18.221  -82.199  -31.770 0.0000000000
684  -18.453  -83.060  -33.056 0.0000000000
1266  -19.175  -80.780  -33.124 0.0000000000
978  -23.237  -81.820  -33.422 0.0000000000
1296  -22.489  -80.974  -34.970 0.0000000000
135876  -22.206  -82.743  -33.988 0.0000000000
710  -20.773  -83.956  -35.326 0.0000000000
685  -21.405  -84.079  -32.880 0.0000000000
384  -35.452  -84.197  -28.942 0.0000000000
19459  -20.355  -57.237  -36.391 0.0000000000
20404  -19.164  -56.599  -35.230 0.0000000000
21376  -17.290  -55.290  -34.419 0.0000000000
22330  -19.217  -54.158  -34.895 0.0000000000
117225  -19.178  -52.356  -35.521 0.0000000000
21421  -20.100  -53.953  -36.048 0.0000000000
20446  -21.774  -56.346  -38.740 0.0000000000
21437  -21.085  -54.702  -37.655 0.0000000000
21451  -23.268  -55.752  -38.479 0.0000000000
21452  -24.130  -55.073  -38.819 0.0000000000
21469  -24.931  -56.094  -40.145 0.0000000000
7784  -21.401  -70.222  -55.284 0.0000000000
6978  -20.402  -70.872  -55.121 0.0000000000
8638  -21.306  -69.609  -54.135 0.0000000000
9482  -20.936  -67.469  -51.589 0.0000000000
9446  -23.061  -68.722  -48.937 0.0000000000
10334  -23.019  -67.059  -49.206 0.0000000000
1066  -36.066  -82.419  -42.019 0.0000000000
1702  -36.428  -80.426  -43.066 0.0000000000
116449  -37.892  -81.680  -42.293 0.0000000000
1734  -39.626  -80.784  -46.932 0.0000000000
2103  -38.639  -80.874  -46.617 0.0000000000
1741  -39.646  -79.423  -48.939 0.0000000000
2124  -40.116  -79.128  -50.623 0.0000000000
130368  -36.672  -46.064  -27.746 0.0000000000
30880  -35.326  -45.146  -26.552 0.0000000000
114470  -35.436  -44.711  -27.437 0.0000000000
135404  -35.961  -44.867  -27.748 0.0000000000
32944  -37.149  -43.742  -28.854 0.0000000000
30909  -38.173  -44.887  -29.221 0.0000000000
591  -27.786  -84.297  -22.205 0.0000000000
7001  -24.446  -72.426  -57.025 0.0000000000
137092  -28.629  -67.780  -56.197 0.0000000000
8649  -26.769  -67.250  -55.716 0.0000000000
8644  -27.494  -67.576  -54.628 0.0000000000
133148  -26.407  -68.744  -53.854 0.0000000000
7781  -27.886  -69.924  -52.497 0.0000000000
3500  -36.244  -76.371  -49.847 0.0000000000
3549  -35.825  -76.520  -56.653 0.0000000000
3540  -35.254  -76.311  -54.767 0.0000000000
4166  -34.686  -75.709  -55.628 0.0000000000
4161  -33.224  -75.109  -53.988 0.0000000000
4841  -34.977  -74.250  -55.083 0.0000000000
6234  -36.315  -70.708  -53.957 0.0000000000
6975  -35.086  -70.643  -54.576 0.0000000000
6996  -35.173  -71.424  -57.604 0.0000000000
131877  -32.901  -71.319  -54.300 0.0000000000
6983  -31.591  -71.660  -55.136 0.0000000000
6963  -32.719  -71.454  -53.247 0.0000000000
33009  -27.704  -43.544  -34.520 0.0000000000
34026  -23.760  -41.969  -34.837 0.0000000000
26948  -33.914  -50.216  -24.580 0.0000000000
124311  -35.089  -53.727  -23.951 0.0000000000
23218  -34.929  -53.772  -24.661 0.0000000000
21291  -33.830  -55.529  -25.486 0.0000000000
137449  -33.254  -56.464  -26.396 0.0000000000
20271  -32.794  -56.574  -25.874 0.0000000000
135569  -31.958  -52.770  -21.038 0.0000000000
19327  -28.089  -57.146  -27.846 0.0000000000
112492  -29.307  -56.823  -25.363 0.0000000000
120265  -28.654  -57.486  -28.488 0.0000000000
18337  -18.163  -58.839  -25.058 0.0000000000
23229  -16.678  -53.422  -25.890 0.0000000000
114753  -18.337  -55.372  -24.963 0.0000000000
124737  -18.862  -53.913  -25.334 0.0000000000
22230  -21.119  -53.874  -24.795 0.0000000000
23246  -19.521  -53.776  -27.155 0.0000000000
21315  -20.110  -54.589  -29.361 0.0000000000
21309  -19.380  -54.417  -28.369 0.0000000000
5868  -19.627  -72.932  -22.878 0.0000000000
6624  -21.801  -71.822  -24.449 0.0000000000
6595  -20.181  -71.333  -23.313 0.0000000000
122671  -20.332  -69.834  -23.512 0.0000000000
7392  -18.661  -70.162  -21.761 0.0000000000
8183  -16.020  -69.675  -19.935 0.0000000000
6557  -16.434  -71.136  -19.753 0.0000000000
5182  -15.845  -73.211  -24.646 0.0000000000
5898  -15.345  -72.011  -25.324 0.0000000000
5217  -17.779  -73.062  -26.608 0.0000000000
6659  -18.045  -71.795  -27.866 0.0000000000
5238  -18.717  -73.923  -28.561 0.0000000000
2760  -16.855  -77.661  -27.145 0.0000000000
2758  -15.109  -76.395  -25.805 0.0000000000
2316  -14.674  -77.442  -27.377 0.0000000000
2339  -13.576  -78.504  -31.516 0.0000000000
3299  -13.351  -77.071  -30.019 0.0000000000
3309  -13.243  -76.851  -31.617 0.0000000000
127141  -16.666  -82.495  -37.281 0.0000000000
355  -24.421  -85.448  -24.979 0.0000000000
630  -24.535  -83.765  -27.313 0.0000000000
170  -23.779  -86.216  -30.398 0.0000000000
195  -23.948  -85.321  -31.991 0.0000000000
204  -23.258  -85.844  -33.416 0.0000000000
699  -25.005  -83.743  -33.777 0.0000000000
413  -31.470  -84.123  -31.148 0.0000000000
188  -30.231  -85.351  -31.420 0.0000000000
434  -30.758  -85.159  -33.531 0.0000000000
1012  -27.952  -82.347  -37.875 0.0000000000
250  -28.813  -85.432  -36.784 0.0000000000
484  -27.582  -84.858  -38.789 0.0000000000
100  -26.636  -85.711  -38.037 0.0000000000
127913  -26.824  -84.101  -39.921 0.0000000000
1052  -25.569  -82.814  -41.217 0.0000000000
1336  -25.058  -80.898  -39.700 0.0000000000
1685  -31.578  -80.002  -42.908 0.0000000000
2070  -29.518  -79.388  -43.555 0.0000000000
1379  -31.574  -81.383  -43.609 0.0000000000
519  -33.555  -84.193  -41.871 0.0000000000
505  -32.136  -85.104  -40.317 0.0000000000
1655  -33.175  -80.498  -39.934 0.0000000000
1031  -34.352  -83.025  -39.420 0.0000000000
1352  -35.638  -81.523  -40.129 0.0000000000
1666  -37.156  -81.007  -40.313 0.0000000000
23243  -33.933  -53.765  -27.235 0.0000000000
24245  -33.981  -53.064  -27.427 0.0000000000
23252  -34.538  -53.864  -27.966 0.0000000000
118613  -37.316  -54.779  -28.615 0.0000000000
22273  -40.095  -54.808  -28.407 0.0000000000
27007  -19.468  -48.640  -28.703 0.0000000000
27009  -21.047  -47.513  -27.911 0.0000000000
27897  -22.725  -47.237  -28.279 0.0000000000
27025  -21.796  -48.224  -29.027 0.0000000000
136039  -19.234  -49.321  -37.313 0.0000000000
27093  -18.532  -47.438  -34.428 0.0000000000
26211  -20.129  -49.372  -35.838 0.0000000000
26206  -22.859  -50.677  -33.405 0.0000000000
25275  -24.289  -51.036  -32.778 0.0000000000
26145  -24.871  -50.156  -31.451 0.0000000000
5486  -19.294  -73.648  -51.332 0.0000000000
5493  -17.377  -75.007  -51.886 0.0000000000
6188  -17.873  -72.874  -50.557 0.0000000000
11168  -19.320  -65.916  -45.191 0.0000000000
12032  -17.698  -64.644  -46.216 0.0000000000
12956  -19.157  -63.413  -45.909 0.0000000000
13939  -19.457  -62.698  -44.922 0.0000000000
13940  -20.080  -62.870  -45.387 0.0000000000
10229  -25.860  -67.892  -40.106 0.0000000000
8507  -25.876  -69.469  -41.813 0.0000000000
126652  -24.268  -68.248  -40.906 0.0000000000
9373  -22.900  -67.998  -41.796 0.0000000000
11107  -23.844  -66.871  -41.573 0.0000000000
15747  -24.250  -61.916  -42.650 0.0000000000
13912  -23.523  -63.286  -42.424 0.0000000000
117590  -22.935  -61.957  -42.484 0.0000000000
15745  -22.238  -61.049  -42.398 0.0000000000
17595  -22.855  -59.662  -42.517 0.0000000000
18575  -22.616  -58.377  -42.666 0.0000000000
17627  -23.599  -59.310  -44.689 0.0000000000
19553  -25.961  -58.107  -47.119 0.0000000000
21510  -27.609  -56.457  -46.729 0.0000000000
27869  -31.122  -50.309  -26.595 0.0000000000
126323  -34.279  -51.381  -26.833 0.0000000000
14556  -15.022  -62.872  -19.850 0.0000000000
13646  -16.078  -63.335  -23.198 0.0000000000
12695  -17.589  -64.095  -24.779 0.0000000000
12693  -15.850  -65.146  -23.798 0.0000000000
10885  -15.214  -67.023  -24.427 0.0000000000
9111  -15.592  -68.042  -24.454 0.0000000000
566  -25.099  -83.769  -19.287 0.0000000000
565  -24.125  -84.588  -19.352 0.0000000000
583  -24.157  -83.407  -21.699 0.0000000000
597  -22.796  -82.944  -23.537 0.0000000000
898  -21.797  -82.728  -25.891 0.0000000000
917  -20.667  -82.680  -27.833 0.0000000000
1528  -22.418  -81.221  -28.063 0.0000000000
1914  -22.771  -79.946  -29.239 0.0000000000
123070  -21.984  -79.334  -31.679 0.0000000000
123947  -21.292  -79.342  -33.219 0.0000000000
1949  -23.577  -78.945  -32.112 0.0000000000
1583  -24.761  -80.175  -32.007 0.0000000000
957  -24.485  -81.897  -31.361 0.0000000000
18516  -20.514  -58.014  -36.986 0.0000000000
20433  -20.284  -55.621  -37.150 0.0000000000
22380  -16.916  -53.056  -38.171 0.0000000000
20443  -18.378  -54.772  -38.970 0.0000000000
20456  -19.835  -55.869  -39.673 0.0000000000
20469  -21.176  -56.411  -40.542 0.0000000000
9501  -24.067  -67.340  -53.900 0.0000000000
10389  -21.907  -67.027  -53.194 0.0000000000
10383  -23.452  -67.215  -52.118 0.0000000000
11267  -22.549  -65.752  -51.425 0.0000000000
12094  -23.039  -64.734  -50.289 0.0000000000
1057  -39.442  -83.322  -40.044 0.0000000000
1374  -39.098  -82.187  -42.056 0.0000000000
1690  -40.807  -81.546  -42.548 0.0000000000
1716  -40.394  -81.253  -45.019 0.0000000000
2104  -40.172  -79.934  -46.975 0.0000000000
114267  -35.567  -47.411  -25.920 0.0000000000
29825  -34.571  -46.172  -25.398 0.0000000000
28829  -36.722  -47.507  -27.597 0.0000000000
28830  -37.723  -47.482  -28.124 0.0000000000
29867  -39.107  -46.351  -28.795 0.0000000000
29881  -39.182  -46.398  -29.916 0.0000000000
28861  -39.505  -47.796  -29.886 0.0000000000
137573  -25.966  -71.299  -57.135 0.0000000000
136683  -27.795  -71.239  -57.756 0.0000000000
121893  -29.337  -69.615  -57.266 0.0000000000
7004  -29.677  -70.053  -56.943 0.0000000000
2530  -38.106  -78.667  -51.642 0.0000000000
3524  -36.789  -76.885  -51.979 0.0000000000
123575  -38.062  -78.423  -54.414 0.0000000000
3547  -38.388  -76.720  -56.702 0.0000000000
4168  -38.263  -75.686  -56.198 0.0000000000
31971  -24.494  -44.131  -32.860 0.0000000000
31984  -24.756  -44.242  -33.911 0.0000000000
32980  -23.499  -43.594  -32.279 0.0000000000
32992  -21.669  -42.994  -32.646 0.0000000000
32991  -20.582  -42.918  -33.280 0.0000000000
22189  -29.422  -53.091  -21.350 0.0000000000
21255  -29.399  -54.471  -22.806 0.0000000000
21277  -28.001  -55.325  -23.434 0.0000000000
20284  -27.080  -56.714  -26.242 0.0000000000
19343  -27.121  -56.657  -29.186 0.0000000000
20330  -25.638  -57.151  -31.560 0.0000000000
123841  -23.429  -56.849  -31.532 0.0000000000
19278  -14.342  -57.084  -22.708 0.0000000000
19295  -16.249  -56.897  -23.722 0.0000000000
21266  -14.230  -54.921  -24.401 0.0000000000
22247  -14.996  -53.950  -25.599 0.0000000000
22259  -16.414  -54.024  -26.639 0.0000000000
3856  -22.438  -75.407  -24.735 0.0000000000
5167  -19.962  -74.270  -23.492 0.0000000000
5155  -18.615  -73.902  -21.794 0.0000000000
5123  -16.186  -72.802  -19.611 0.0000000000
4435  -15.849  -74.342  -19.690 0.0000000000
4461  -16.168  -74.837  -22.512 0.0000000000
3840  -17.388  -75.114  -23.770 0.0000000000
914  -14.927  -82.937  -27.217 0.0000000000
1541  -14.361  -80.526  -27.391 0.0000000000
1241  -14.246  -81.715  -28.886 0.0000000000
1011  -19.119  -82.510  -37.821 0.0000000000
740  -18.750  -82.538  -38.061 0.0000000000
478  -19.811  -84.053  -38.433 0.0000000000
121211  -26.410  -86.528  -29.574 0.0000000000
1284  -29.199  -81.795  -33.292 0.0000000000
114457  -29.561  -83.224  -34.802 0.0000000000
1299  -28.370  -81.568  -34.689 0.0000000000
117972  -27.772  -81.372  -36.947 0.0000000000
1317  -26.411  -80.823  -38.055 0.0000000000
2020  -25.480  -79.628  -39.677 0.0000000000
2413  -26.763  -78.613  -39.287 0.0000000000
2437  -29.200  -77.812  -42.090 0.0000000000
118637  -31.490  -79.691  -41.276 0.0000000000
1350  -31.587  -81.901  -40.112 0.0000000000
2022  -31.732  -79.981  -39.789 0.0000000000
132828  -32.086  -78.835  -39.393 0.0000000000
2877  -32.855  -77.635  -39.435 0.0000000000
113826  -35.401  -55.143  -28.607 0.0000000000
27021  -18.601  -48.677  -30.773 0.0000000000
25355  -22.796  -51.914  -37.302 0.0000000000
26213  -22.125  -51.064  -35.306 0.0000000000
25344  -23.891  -51.714  -36.548 0.0000000000
6925  -20.696  -71.850  -49.308 0.0000000000
6923  -17.703  -71.320  -49.246 0.0000000000
123389  -18.992  -71.289  -48.530 0.0000000000
7712  -18.657  -70.458  -47.332 0.0000000000
8544  -17.806  -68.654  -46.394 0.0000000000
9411  -17.134  -67.591  -46.984 0.0000000000
8526  -18.765  -68.866  -45.175 0.0000000000
10266  -19.588  -68.105  -43.872 0.0000000000
11149  -20.989  -66.659  -43.679 0.0000000000
13867  -27.505  -63.069  -39.708 0.0000000000
12902  -26.335  -64.139  -40.253 0.0000000000
135297  -25.130  -64.232  -41.067 0.0000000000
125234  -26.006  -62.088  -41.168 0.0000000000
16650  -25.233  -60.771  -42.544 0.0000000000
122183  -24.675  -60.564  -44.688 0.0000000000
16690  -24.485  -60.212  -46.303 0.0000000000
17645  -25.676  -59.735  -45.925 0.0000000000
28788  -31.766  -47.265  -25.319 0.0000000000
28807  -32.160  -48.031  -25.658 0.0000000000
27858  -34.836  -47.646  -25.519 0.0000000000
113663  -36.422  -48.413  -27.068 0.0000000000
26990  -38.624  -49.439  -28.271 0.0000000000
25226  -40.849  -50.722  -29.113 0.0000000000
5512  -31.219  -73.984  -54.074 0.0000000000
113997  -35.075  -41.720  -28.523 0.0000000000
34933  -35.697  -41.360  -29.588 0.0000000000
35982  -35.272  -40.916  -30.989 0.0000000000
33990  -34.708  -42.213  -32.103 0.0000000000
136743  -34.477  -41.128  -31.930 0.0000000000
34980  -33.551  -41.484  -32.519 0.0000000000
34979  -32.653  -41.342  -32.860 0.0000000000
112135  -30.387  -42.077  -33.783 0.0000000000
32995  -29.145  -43.596  -34.147 0.0000000000
31974  -27.205  -45.119  -33.923 0.0000000000
31946  -24.849  -44.367  -30.970 0.0000000000
31929  -24.344  -44.661  -29.641 0.0000000000
29878  -23.787  -45.747  -29.438 0.0000000000
21251  -25.904  -55.390  -22.642 0.0000000000
16434  -18.367  -60.609  -22.712 0.0000000000
14582  -18.559  -61.931  -21.183 0.0000000000
16432  -16.430  -59.954  -21.518 0.0000000000
17357  -16.331  -58.871  -22.376 0.0000000000
18321  -13.735  -58.025  -22.596 0.0000000000
137331  -14.503  -59.218  -25.150 0.0000000000
16476  -14.296  -59.915  -27.102 0.0000000000
14668  -13.849  -62.096  -27.595 0.0000000000
13699  -13.638  -63.358  -28.536 0.0000000000
12749  -13.908  -65.526  -29.307 0.0000000000
12712  -16.724  -64.685  -26.475 0.0000000000
11821  -16.006  -65.857  -28.100 0.0000000000
11841  -15.810  -66.541  -29.752 0.0000000000
10944  -17.794  -66.520  -30.627 0.0000000000
9186  -18.950  -68.158  -30.642 0.0000000000
8323  -17.387  -69.371  -30.419 0.0000000000
312  -22.293  -84.988  -19.516 0.0000000000
130535  -21.402  -84.582  -20.287 0.0000000000
1129  -18.097  -82.050  -21.395 0.0000000000
1451  -17.477  -80.738  -21.670 0.0000000000
131519  -15.783  -78.919  -21.994 0.0000000000
134098  -17.432  -80.293  -22.806 0.0000000000
2307  -18.481  -78.284  -25.776 0.0000000000
1895  -17.475  -79.535  -27.608 0.0000000000
1527  -20.487  -80.844  -28.430 0.0000000000
1912  -17.883  -79.746  -27.884 0.0000000000
1213  -16.126  -82.107  -27.328 0.0000000000
635  -16.116  -84.484  -27.570 0.0000000000
159  -16.481  -85.759  -29.056 0.0000000000
47  -16.111  -85.416  -31.330 0.0000000000
202  -16.707  -85.553  -32.941 0.0000000000
439  -17.214  -83.705  -34.126 0.0000000000
985  -18.261  -82.258  -35.204 0.0000000000
1615  -20.734  -79.811  -34.860 0.0000000000
1306  -20.402  -80.730  -35.958 0.0000000000
1007  -19.939  -81.661  -37.084 0.0000000000
123097  -20.418  -83.950  -36.202 0.0000000000
227  -20.255  -86.090  -35.826 0.0000000000
93  -21.810  -86.295  -36.276 0.0000000000
644  -32.516  -84.283  -28.441 0.0000000000
645  -33.664  -84.535  -28.616 0.0000000000
401  -33.542  -84.708  -29.577 0.0000000000
665  -32.747  -83.604  -30.629 0.0000000000
118179  -35.732  -83.498  -32.304 0.0000000000
1263  -34.237  -82.130  -31.681 0.0000000000
1260  -31.753  -81.328  -31.392 0.0000000000
1597  -29.729  -80.517  -32.073 0.0000000000
25320  -17.357  -51.913  -33.540 0.0000000000
26202  -17.469  -49.679  -33.854 0.0000000000
119832  -18.222  -51.502  -34.707 0.0000000000
25328  -19.077  -50.550  -37.111 0.0000000000
24361  -20.434  -51.742  -36.736 0.0000000000
23382  -18.619  -52.469  -38.403 0.0000000000
23383  -21.491  -53.147  -37.184 0.0000000000
24379  -21.797  -52.442  -37.139 0.0000000000
122296  -23.684  -52.697  -38.986 0.0000000000
23399  -24.344  -53.061  -39.821 0.0000000000
23413  -26.233  -53.090  -41.706 0.0000000000
6224  -20.550  -72.780  -54.520 0.0000000000
6214  -20.745  -72.777  -52.897 0.0000000000
6950  -21.763  -71.772  -51.716 0.0000000000
119074  -20.848  -68.108  -52.994 0.0000000000
120160  -21.888  -69.522  -51.830 0.0000000000
6938  -21.702  -71.804  -50.213 0.0000000000
7728  -22.428  -70.595  -49.094 0.0000000000
135821  -22.927  -70.655  -47.654 0.0000000000
8559  -23.558  -70.254  -46.566 0.0000000000
2080  -35.086  -79.631  -44.203 0.0000000000
2474  -36.275  -78.785  -44.635 0.0000000000
2493  -37.451  -78.737  -46.541 0.0000000000
2076  -38.577  -81.206  -44.405 0.0000000000
2102  -38.017  -79.973  -46.457 0.0000000000
2516  -37.815  -78.252  -48.989 0.0000000000
2127  -39.000  -79.247  -51.456 0.0000000000
2540  -40.404  -78.676  -52.448 0.0000000000
3513  -40.903  -76.629  -50.868 0.0000000000
2494  -39.872  -78.409  -46.196 0.0000000000
2977  -40.638  -77.820  -48.323 0.0000000000
2510  -41.985  -78.827  -48.669 0.0000000000
30873  -33.934  -45.562  -25.016 0.0000000000
113651  -35.799  -43.393  -28.112 0.0000000000
32956  -37.392  -43.756  -29.688 0.0000000000
30936  -38.401  -45.979  -30.643 0.0000000000
1136  -27.257  -81.974  -22.077 0.0000000000
135118  -27.275  -81.346  -24.594 0.0000000000
1187  -26.928  -81.645  -25.945 0.0000000000
605  -26.759  -83.384  -24.317 0.0000000000
604  -25.806  -84.321  -24.337 0.0000000000
9  -25.152  -86.845  -23.860 0.0000000000
14833  -20.069  -62.425  -39.636 0.0000000000
15720  -18.710  -60.921  -41.478 0.0000000000
6988  -22.200  -71.586  -57.193 0.0000000000
8647  -23.314  -68.826  -55.032 0.0000000000
7791  -25.389  -69.521  -56.198 0.0000000000
8648  -25.725  -67.787  -55.606 0.0000000000
9511  -24.155  -67.386  -54.489 0.0000000000
119432  -24.654  -67.894  -53.837 0.0000000000
137423  -25.869  -69.125  -51.496 0.0000000000
3523  -35.933  -76.323  -52.027 0.0000000000
4151  -34.443  -75.961  -52.457 0.0000000000
3529  -32.390  -77.533  -53.100 0.0000000000
4160  -32.660  -76.361  -53.698 0.0000000000
4831  -32.541  -74.567  -53.784 0.0000000000
5522  -32.015  -73.286  -55.398 0.0000000000
4142  -39.072  -75.162  -52.056 0.0000000000
4822  -37.531  -74.611  -52.857 0.0000000000
4833  -37.259  -74.411  -55.065 0.0000000000
5514  -36.474  -72.658  -55.367 0.0000000000
5526  -36.160  -73.351  -55.805 0.0000000000
5538  -34.857  -72.303  -57.359 0.0000000000
5537  -33.647  -72.490  -56.909 0.0000000000
6248  -32.083  -72.154  -57.315 0.0000000000
115910  -31.958  -71.350  -56.817 0.0000000000
6982  -30.203  -71.706  -55.303 0.0000000000
6972  -29.311  -71.606  -53.739 0.0000000000
135191  -28.860  -70.860  -52.780 0.0000000000
26064  -31.530  -50.935  -26.177 0.0000000000
26079  -33.414  -51.880  -26.053 0.0000000000
127548  -34.286  -54.079  -26.357 0.0000000000
23234  -34.597  -53.544  -25.634 0.0000000000
21304  -34.064  -55.117  -26.588 0.0000000000
21303  -33.587  -56.261  -26.954 0.0000000000
113351  -33.147  -57.273  -28.038 0.0000000000
22212  -33.576  -54.497  -23.279 0.0000000000
21279  -30.063  -55.551  -23.850 0.0000000000
20258  -30.633  -56.294  -24.678 0.0000000000
20270  -31.092  -56.702  -25.296 0.0000000000
112459  -31.576  -57.555  -26.986 0.0000000000
19262  -25.855  -55.596  -22.444 0.0000000000
129824  -23.845  -55.138  -24.120 0.0000000000
116648  -17.787  -57.241  -25.187 0.0000000000
19304  -19.979  -57.558  -25.249 0.0000000000
20253  -22.261  -55.639  -24.113 0.0000000000
22232  -22.575  -54.509  -24.686 0.0000000000
21300  -23.601  -55.047  -26.090 0.0000000000
21311  -22.285  -54.653  -29.069 0.0000000000
9053  -16.349  -68.558  -20.914 0.0000000000
8215  -15.571  -69.017  -21.353 0.0000000000
8249  -17.671  -69.779  -23.848 0.0000000000
6572  -15.286  -72.281  -21.939 0.0000000000
6607  -16.769  -71.047  -23.565 0.0000000000
7441  -19.191  -70.254  -25.390 0.0000000000
7458  -19.558  -70.815  -26.949 0.0000000000
7463  -18.231  -70.743  -28.856 0.0000000000
6675  -16.608  -70.953  -29.751 0.0000000000
125397  -15.224  -77.806  -23.386 0.0000000000
3255  -15.461  -76.797  -24.242 0.0000000000
3879  -16.261  -75.677  -26.033 0.0000000000
2314  -13.744  -77.944  -28.017 0.0000000000
135640  -14.846  -74.809  -27.914 0.0000000000
114647  -17.804  -75.367  -28.593 0.0000000000
4553  -17.556  -74.763  -29.694 0.0000000000
5255  -15.775  -72.833  -30.878 0.0000000000
918  -25.498  -82.111  -28.128 0.0000000000
942  -24.727  -82.520  -29.628 0.0000000000
662  -23.340  -83.518  -30.541 0.0000000000
121424  -21.833  -85.582  -29.971 0.0000000000
408  -21.334  -84.919  -31.403 0.0000000000
69  -21.762  -86.436  -33.435 0.0000000000
216  -22.595  -86.241  -34.773 0.0000000000
463  -23.834  -83.782  -36.343 0.0000000000
174  -29.695  -85.877  -29.668 0.0000000000
125788  -28.583  -86.527  -32.437 0.0000000000
115807  -29.952  -85.049  -35.711 0.0000000000
444  -26.790  -84.723  -34.546 0.0000000000
127098  -26.276  -84.470  -36.072 0.0000000000
743  -25.017  -83.585  -37.050 0.0000000000
482  -24.160  -83.449  -38.560 0.0000000000
511  -24.761  -84.211  -41.064 0.0000000000
2046  -27.348  -79.324  -42.004 0.0000000000
792  -34.953  -83.441  -41.943 0.0000000000
516  -36.574  -84.649  -40.533 0.0000000000
495  -33.295  -84.744  -39.305 0.0000000000
496  -35.253  -84.835  -39.124 0.0000000000
499  -37.715  -84.334  -39.605 0.0000000000
1043  -38.545  -83.087  -39.198 0.0000000000
25200  -32.437  -52.299  -27.278 0.0000000000
25201  -33.378  -52.304  -27.362 0.0000000000
112402  -35.665  -52.077  -27.492 0.0000000000
113486  -35.822  -54.373  -28.434 0.0000000000
113852  -37.011  -53.579  -28.664 0.0000000000
24247  -37.480  -52.308  -28.453 0.0000000000
24249  -39.727  -52.561  -28.330 0.0000000000
24250  -40.378  -52.626  -28.619 0.0000000000
121818  -23.417  -47.074  -27.733 0.0000000000
28842  -23.263  -46.679  -28.201 0.0000000000
133866  -23.857  -47.073  -29.760 0.0000000000
27953  -17.299  -47.089  -33.423 0.0000000000
27041  -18.576  -47.365  -32.123 0.0000000000
26141  -20.556  -49.427  -32.139 0.0000000000
26205  -22.026  -50.397  -34.005 0.0000000000
26169  -21.378  -49.836  -32.706 0.0000000000
26129  -21.327  -49.608  -30.457 0.0000000000
128569  -23.130  -49.666  -30.368 0.0000000000
27027  -24.789  -48.625  -30.708 0.0000000000
28871  -24.801  -47.230  -31.673 0.0000000000
11184  -16.873  -66.206  -46.286 0.0000000000
13909  -18.976  -63.889  -43.108 0.0000000000
118171  -19.463  -62.351  -42.948 0.0000000000
16643  -18.622  -60.124  -42.359 0.0000000000
10323  -24.633  -67.700  -47.945 0.0000000000
9423  -24.591  -68.765  -46.833 0.0000000000
123538  -23.833  -70.463  -45.037 0.0000000000
9386  -26.304  -69.113  -43.731 0.0000000000
122756  -24.680  -70.136  -43.721 0.0000000000
129315  -22.871  -70.717  -44.021 0.0000000000
8503  -22.483  -69.459  -42.392 0.0000000000
10268  -21.550  -67.803  -42.727 0.0000000000
11150  -21.558  -66.147  -43.484 0.0000000000
12929  -23.836  -64.384  -42.116 0.0000000000
12928  -22.595  -64.379  -42.496 0.0000000000
12926  -20.965  -63.621  -42.859 0.0000000000
14854  -20.571  -61.727  -43.120 0.0000000000
16645  -20.605  -60.171  -42.693 0.0000000000
18572  -19.118  -58.765  -42.229 0.0000000000
122152  -20.569  -57.997  -42.046 0.0000000000
19516  -21.820  -56.793  -41.869 0.0000000000
120747  -23.696  -56.758  -42.427 0.0000000000
19551  -24.385  -58.516  -46.014 0.0000000000
19538  -24.572  -57.429  -44.523 0.0000000000
20487  -25.392  -56.465  -41.942 0.0000000000
27838  -31.608  -49.449  -24.910 0.0000000000
1488  -26.686  -80.540  -24.617 0.0000000000
1487  -26.068  -80.265  -24.538 0.0000000000
1865  -25.949  -79.573  -25.842 0.0000000000
1882  -25.747  -79.371  -26.761 0.0000000000
1901  -26.087  -79.496  -27.438 0.0000000000
1917  -26.176  -79.674  -28.025 0.0000000000
1530  -26.609  -80.062  -27.484 0.0000000000
128744  -20.392  -59.939  -40.345 0.0000000000
17567  -20.726  -59.468  -39.889 0.0000000000
18552  -19.889  -58.947  -40.404 0.0000000000
18541  -19.443  -57.658  -40.432 0.0000000000
18551  -18.872  -58.612  -41.132 0.0000000000
9461  -26.731  -68.619  -49.901 0.0000000000
9475  -26.213  -68.321  -50.320 0.0000000000
10347  -26.802  -67.747  -49.837 0.0000000000
120577  -41.277  -50.158  -29.432 0.0000000000
26117  -40.653  -49.848  -29.580 0.0000000000
26135  -40.920  -49.561  -30.068 0.0000000000
118252  -30.279  -73.380  -55.491 0.0000000000
5534  -29.663  -73.290  -56.230 0.0000000000
119336  -31.197  -72.014  -58.252 0.0000000000
4144  -40.357  -75.820  -51.461 0.0000000000
3525  -40.189  -76.004  -52.514 0.0000000000
30930  -22.769  -45.222  -31.131 0.0000000000
29904  -23.373  -45.908  -31.587 0.0000000000
123260  -24.942  -55.461  -24.475 0.0000000000
20267  -25.490  -56.027  -25.497 0.0000000000
21313  -24.450  -55.371  -27.499 0.0000000000
21301  -24.326  -55.439  -26.432 0.0000000000
115291  -14.679  -57.668  -27.925 0.0000000000
1823  -18.361  -79.552  -21.340 0.0000000000
2260  -18.656  -78.685  -21.600 0.0000000000
2715  -18.714  -77.020  -21.964 0.0000000000
2703  -17.307  -77.869  -20.805 0.0000000000
3220  -17.122  -77.070  -20.405 0.0000000000
2688  -16.369  -77.880  -20.578 0.0000000000
417  -14.429  -83.829  -32.263 0.0000000000
952  -15.202  -83.494  -31.920 0.0000000000
481  -22.351  -83.768  -37.853 0.0000000000
480  -21.593  -83.961  -38.234 0.0000000000
128466  -22.509  -83.189  -38.579 0.0000000000
114822  -23.317  -83.105  -39.579 0.0000000000
761  -23.486  -83.204  -38.830 0.0000000000
122909  -30.669  -84.090  -28.553 0.0000000000
2840  -27.287  -77.367  -35.355 0.0000000000
2839  -26.738  -78.024  -35.816 0.0000000000
2860  -27.548  -77.574  -37.135 0.0000000000
2867  -27.738  -77.709  -38.044 0.0000000000
2861  -28.137  -76.979  -37.588 0.0000000000
3401  -28.643  -76.117  -38.897 0.0000000000
3390  -28.430  -76.177  -38.055 0.0000000000
136941  -16.667  -52.397  -32.311 0.0000000000
112064  -15.982  -51.345  -31.454 0.0000000000
113897  -15.791  -51.217  -30.552 0.0000000000
113583  -15.978  -51.071  -31.481 0.0000000000
7702  -21.211  -70.968  -46.376 0.0000000000
7683  -21.695  -70.895  -45.689 0.0000000000
7663  -21.322  -70.495  -44.889 0.0000000000
7684  -22.148  -70.850  -45.096 0.0000000000
26088  -35.361  -50.781  -26.713 0.0000000000
112384  -36.182  -50.257  -26.997 0.0000000000
114479  -36.591  -50.512  -27.515 0.0000000000
25205  -36.812  -51.011  -27.883 0.0000000000
31947  -36.402  -44.105  -31.710 0.0000000000
124565  -32.048  -45.024  -33.509 0.0000000000
31975  -32.258  -44.328  -33.429 0.0000000000
32997  -32.029  -43.767  -33.489 0.0000000000
131389  -31.424  -44.327  -33.610 0.0000000000
119462  -15.485  -61.817  -22.914 0.0000000000
117265  -14.940  -61.073  -22.561 0.0000000000
15529  -16.093  -61.471  -23.795 0.0000000000
15540  -15.883  -61.032  -24.489 0.0000000000
15541  -16.641  -61.615  -24.724 0.0000000000
15553  -16.658  -61.855  -25.184 0.0000000000
14636  -17.234  -62.292  -24.836 0.0000000000
9135  -16.896  -68.220  -25.646 0.0000000000
10031  -17.214  -68.020  -26.611 0.0000000000
9148  -18.114  -68.173  -26.896 0.0000000000
9149  -19.101  -68.301  -27.261 0.0000000000
9137  -19.188  -68.603  -26.287 0.0000000000
301  -24.371  -84.460  -16.953 0.0000000000
602  -20.151  -84.135  -25.477 0.0000000000
346  -20.249  -84.704  -24.150 0.0000000000
354  -19.915  -84.071  -25.314 0.0000000000
601  -19.538  -84.053  -24.547 0.0000000000
895  -19.913  -83.563  -25.955 0.0000000000
1184  -20.293  -82.040  -25.583 0.0000000000
896  -20.007  -83.269  -26.832 0.0000000000
1937  -19.774  -79.656  -31.467 0.0000000000
1945  -18.949  -79.608  -30.820 0.0000000000
1582  -18.897  -79.779  -31.614 0.0000000000
1254  -17.816  -81.376  -31.223 0.0000000000
126758  -18.603  -80.244  -31.992 0.0000000000
125613  -18.561  -81.896  -32.389 0.0000000000
1591  -19.184  -80.091  -32.578 0.0000000000
131058  -23.535  -82.151  -32.564 0.0000000000
977  -22.579  -82.386  -33.759 0.0000000000
698  -22.074  -83.222  -33.382 0.0000000000
697  -21.459  -83.760  -33.633 0.0000000000
686  -22.125  -83.584  -32.322 0.0000000000
19444  -20.239  -56.496  -35.875 0.0000000000
125241  -20.091  -55.845  -35.608 0.0000000000
21399  -19.431  -55.610  -35.136 0.0000000000
21400  -20.107  -54.949  -35.675 0.0000000000
22353  -19.893  -53.884  -35.714 0.0000000000
20458  -22.178  -56.725  -39.384 0.0000000000
20447  -22.543  -56.431  -38.727 0.0000000000
20459  -23.146  -56.649  -39.149 0.0000000000
21460  -23.972  -56.178  -39.139 0.0000000000
20472  -24.314  -56.622  -40.527 0.0000000000
8643  -22.294  -69.036  -54.575 0.0000000000
8642  -21.474  -69.431  -54.293 0.0000000000
9509  -21.988  -68.202  -53.996 0.0000000000
11237  -21.723  -65.683  -50.256 0.0000000000
10358  -21.130  -66.095  -50.537 0.0000000000
10346  -22.188  -66.461  -49.661 0.0000000000
9460  -22.418  -67.594  -49.483 0.0000000000
1055  -36.895  -82.839  -41.660 0.0000000000
1362  -36.780  -81.819  -42.158 0.0000000000
1740  -39.755  -79.430  -48.013 0.0000000000
1736  -39.328  -80.110  -47.513 0.0000000000
2117  -40.479  -79.077  -49.162 0.0000000000
132909  -40.582  -79.043  -49.990 0.0000000000
2118  -41.332  -79.011  -49.722 0.0000000000
29816  -33.279  -46.230  -24.792 0.0000000000
30888  -37.551  -45.922  -28.168 0.0000000000
115673  -36.097  -45.623  -27.562 0.0000000000
30897  -37.006  -45.088  -27.992 0.0000000000
31926  -37.506  -44.439  -28.636 0.0000000000
8650  -28.683  -68.021  -55.749 0.0000000000
8645  -28.314  -67.302  -55.040 0.0000000000
135309  -27.824  -68.585  -54.427 0.0000000000
121347  -27.254  -69.004  -53.993 0.0000000000
8639  -27.812  -69.651  -53.623 0.0000000000
2974  -36.550  -76.805  -48.538 0.0000000000
122400  -36.075  -76.374  -48.844 0.0000000000
136088  -36.604  -76.619  -50.417 0.0000000000
4171  -36.121  -76.451  -56.849 0.0000000000
4167  -35.480  -76.038  -56.384 0.0000000000
135546  -35.520  -74.975  -55.590 0.0000000000
6974  -34.222  -71.085  -55.750 0.0000000000
31986  -26.602  -44.606  -34.307 0.0000000000
33008  -26.139  -43.899  -34.799 0.0000000000
22233  -34.053  -54.827  -24.080 0.0000000000
22234  -34.690  -54.251  -24.267 0.0000000000
21281  -33.613  -55.414  -24.679 0.0000000000
21290  -33.230  -56.028  -25.213 0.0000000000
20260  -32.359  -56.251  -25.013 0.0000000000
19344  -27.929  -57.258  -29.134 0.0000000000
19345  -28.828  -57.824  -29.200 0.0000000000
19368  -28.617  -58.261  -30.200 0.0000000000
117441  -18.565  -59.889  -24.125 0.0000000000
17368  -18.670  -59.561  -24.930 0.0000000000
23237  -17.210  -53.493  -26.126 0.0000000000
23230  -17.911  -53.621  -25.713 0.0000000000
23238  -18.304  -53.614  -26.398 0.0000000000
23239  -19.283  -53.559  -26.353 0.0000000000
23245  -18.930  -53.886  -27.184 0.0000000000
22262  -19.322  -54.077  -28.048 0.0000000000
115720  -18.905  -54.293  -27.589 0.0000000000
5855  -19.251  -72.250  -22.359 0.0000000000
5856  -19.922  -72.124  -23.139 0.0000000000
6594  -19.515  -71.489  -22.629 0.0000000000
7393  -19.151  -70.826  -22.187 0.0000000000
7375  -18.379  -70.845  -21.315 0.0000000000
7362  -17.421  -70.892  -20.373 0.0000000000
6558  -17.306  -71.572  -20.209 0.0000000000
5183  -17.428  -74.046  -24.704 0.0000000000
5203  -17.575  -73.471  -25.730 0.0000000000
5204  -18.663  -74.030  -26.146 0.0000000000
5218  -18.862  -73.649  -26.908 0.0000000000
4534  -19.362  -74.695  -27.503 0.0000000000
1893  -15.675  -78.853  -27.406 0.0000000000
120283  -15.539  -78.018  -27.529 0.0000000000
1875  -14.905  -80.004  -26.699 0.0000000000
996  -17.727  -82.129  -36.018 0.0000000000
726  -16.317  -83.000  -36.604 0.0000000000
727  -17.349  -82.263  -36.872 0.0000000000
412  -26.068  -84.952  -31.534 0.0000000000
183  -24.523  -85.358  -31.202 0.0000000000
422  -25.047  -84.275  -32.363 0.0000000000
431  -24.663  -84.197  -33.185 0.0000000000
432  -25.639  -83.947  -33.094 0.0000000000
136232  -31.259  -83.801  -31.885 0.0000000000
122703  -31.067  -84.296  -32.086 0.0000000000
688  -30.870  -84.297  -32.894 0.0000000000
1020  -27.658  -82.731  -38.608 0.0000000000
755  -28.224  -84.365  -38.127 0.0000000000
754  -27.759  -83.692  -38.703 0.0000000000
127639  -27.297  -83.950  -39.389 0.0000000000
1026  -26.263  -82.284  -39.890 0.0000000000
1337  -25.773  -81.440  -39.386 0.0000000000
133933  -31.408  -81.566  -41.625 0.0000000000
1699  -31.416  -80.521  -43.632 0.0000000000
783  -30.992  -84.351  -41.627 0.0000000000
115440  -31.394  -85.066  -41.026 0.0000000000
119812  -31.082  -84.079  -40.832 0.0000000000
1663  -33.938  -80.528  -40.436 0.0000000000
1351  -34.591  -81.194  -40.299 0.0000000000
1664  -34.660  -80.466  -40.818 0.0000000000
22266  -34.061  -54.154  -27.708 0.0000000000
23249  -34.078  -53.526  -27.468 0.0000000000
27008  -20.184  -47.998  -28.248 0.0000000000
27024  -20.840  -48.115  -29.051 0.0000000000
26218  -19.734  -49.613  -37.057 0.0000000000
27111  -19.096  -48.807  -37.073 0.0000000000
26173  -25.460  -50.582  -32.255 0.0000000000
123817  -19.920  -72.816  -50.943 0.0000000000
136135  -18.502  -73.635  -51.088 0.0000000000
6189  -19.137  -72.750  -50.631 0.0000000000
125238  -20.038  -65.377  -45.013 0.0000000000
12022  -19.307  -64.658  -45.713 0.0000000000
12957  -19.793  -63.164  -45.719 0.0000000000
12945  -20.185  -63.546  -45.455 0.0000000000
11086  -26.084  -66.100  -39.899 0.0000000000
11085  -25.725  -66.985  -39.966 0.0000000000
9353  -25.378  -68.437  -40.548 0.0000000000
10228  -25.156  -67.600  -40.394 0.0000000000
10242  -24.429  -67.407  -40.915 0.0000000000
11108  -24.449  -66.337  -41.246 0.0000000000
126552  -23.838  -61.236  -42.856 0.0000000000
15746  -23.159  -61.141  -42.559 0.0000000000
16648  -23.470  -60.425  -42.869 0.0000000000
17612  -23.366  -59.317  -43.007 0.0000000000
132601  -23.650  -60.078  -44.024 0.0000000000
26076  -31.160  -51.049  -26.646 0.0000000000
26970  -31.621  -51.067  -27.247 0.0000000000
26971  -32.540  -51.076  -27.238 0.0000000000
26087  -32.786  -51.719  -27.378 0.0000000000
13593  -15.165  -63.776  -19.709 0.0000000000
13614  -14.831  -63.285  -20.648 0.0000000000
13637  -15.054  -63.366  -21.906 0.0000000000
12684  -16.124  -64.312  -23.488 0.0000000000
134903  -15.335  -64.746  -22.372 0.0000000000
10844  -15.038  -66.916  -22.603 0.0000000000
115017  -15.074  -66.528  -23.791 0.0000000000
9987  -14.967  -67.252  -23.711 0.0000000000
10009  -15.262  -67.710  -24.264 0.0000000000
9988  -15.023  -67.869  -23.323 0.0000000000
835  -26.032  -82.777  -19.808 0.0000000000
847  -25.059  -83.100  -20.812 0.0000000000
859  -24.760  -82.853  -21.517 0.0000000000
1175  -23.770  -81.420  -24.279 0.0000000000
131565  -23.437  -82.125  -23.758 0.0000000000
1174  -23.347  -81.321  -25.019 0.0000000000
890  -22.738  -82.267  -24.643 0.0000000000
1185  -22.641  -81.853  -25.739 0.0000000000
1198  -22.540  -81.608  -26.688 0.0000000000
1512  -22.908  -80.884  -27.183 0.0000000000
115091  -24.167  -78.937  -28.968 0.0000000000
1546  -23.445  -79.556  -28.459 0.0000000000
121380  -23.485  -79.262  -29.259 0.0000000000
1577  -22.593  -79.380  -30.738 0.0000000000
1938  -23.637  -78.875  -30.626 0.0000000000
1948  -23.234  -78.925  -31.490 0.0000000000
1939  -24.063  -78.827  -31.229 0.0000000000
1578  -25.539  -80.100  -30.310 0.0000000000
1584  -25.250  -80.122  -31.093 0.0000000000
1258  -25.085  -80.646  -31.327 0.0000000000
1257  -24.813  -81.099  -31.764 0.0000000000
1250  -25.003  -81.340  -30.999 0.0000000000
16608  -19.433  -60.883  -38.134 0.0000000000
18532  -20.680  -58.669  -38.815 0.0000000000
18524  -20.610  -58.821  -37.915 0.0000000000
19484  -20.520  -57.474  -38.093 0.0000000000
19473  -20.618  -56.865  -37.154 0.0000000000
19472  -20.557  -55.947  -38.173 0.0000000000
19471  -19.526  -55.496  -38.885 0.0000000000
19483  -20.279  -56.107  -39.068 0.0000000000
19503  -19.576  -57.092  -40.499 0.0000000000
20467  -19.612  -56.420  -39.902 0.0000000000
20468  -20.212  -56.461  -40.291 0.0000000000
20482  -20.479  -56.568  -41.011 0.0000000000
9493  -24.329  -68.410  -52.874 0.0000000000
9492  -23.470  -67.396  -52.955 0.0000000000
9484  -24.303  -68.199  -52.067 0.0000000000
11268  -23.660  -66.206  -51.314 0.0000000000
12095  -23.809  -64.003  -50.488 0.0000000000
120097  -40.312  -82.770  -40.106 0.0000000000
131468  -40.143  -82.573  -41.204 0.0000000000
1365  -40.927  -82.193  -40.674 0.0000000000
2085  -40.875  -80.452  -44.213 0.0000000000
1706  -41.218  -80.997  -43.237 0.0000000000
116912  -40.596  -80.369  -45.016 0.0000000000
1724  -40.315  -80.821  -45.782 0.0000000000
123642  -40.299  -80.066  -46.344 0.0000000000
112351  -36.168  -47.293  -26.742 0.0000000000
27889  -39.484  -47.995  -28.770 0.0000000000
28845  -38.869  -47.759  -28.432 0.0000000000
128924  -38.723  -47.078  -28.479 0.0000000000
28846  -39.557  -47.176  -28.947 0.0000000000
28854  -39.441  -47.123  -29.659 0.0000000000
119348  -27.361  -74.069  -56.319 0.0000000000
5544  -26.804  -73.823  -57.096 0.0000000000
5548  -26.736  -73.402  -57.486 0.0000000000
7008  -26.956  -72.239  -57.785 0.0000000000
6261  -27.477  -72.692  -57.769 0.0000000000
7799  -30.870  -70.646  -58.370 0.0000000000
125052  -29.843  -70.771  -58.312 0.0000000000
114896  -29.017  -68.920  -56.819 0.0000000000
2998  -38.199  -78.894  -52.658 0.0000000000
3003  -37.865  -78.498  -53.388 0.0000000000
3004  -38.305  -78.713  -53.506 0.0000000000
4170  -39.741  -76.046  -55.444 0.0000000000
3548  -39.185  -76.664  -55.899 0.0000000000
4169  -39.041  -76.009  -56.102 0.0000000000
3551  -37.958  -76.182  -56.781 0.0000000000
4162  -38.530  -75.340  -55.153 0.0000000000
31958  -24.182  -43.937  -31.569 0.0000000000
32967  -23.256  -43.719  -31.128 0.0000000000
117998  -21.995  -44.410  -31.700 0.0000000000
32979  -22.371  -43.620  -31.825 0.0000000000
32978  -21.517  -43.688  -32.310 0.0000000000
33987  -20.883  -42.966  -32.950 0.0000000000
31969  -20.956  -43.628  -32.818 0.0000000000
31982  -20.741  -43.678  -33.413 0.0000000000
31970  -21.162  -44.171  -32.884 0.0000000000
21254  -28.295  -54.405  -22.556 0.0000000000
21276  -26.959  -55.171  -23.198 0.0000000000
128508  -25.970  -56.212  -27.394 0.0000000000
20296  -26.444  -56.289  -28.058 0.0000000000
20297  -27.230  -56.695  -28.153 0.0000000000
136160  -26.671  -56.352  -28.835 0.0000000000
20318  -26.409  -56.596  -29.989 0.0000000000
20317  -25.272  -56.364  -30.394 0.0000000000
21327  -23.538  -55.577  -30.091 0.0000000000
20316  -24.069  -56.172  -30.826 0.0000000000
20315  -22.965  -56.154  -30.928 0.0000000000
19379  -22.924  -57.519  -31.339 0.0000000000
21331  -21.975  -56.422  -30.863 0.0000000000
116459  -13.733  -56.165  -23.470 0.0000000000
20232  -14.870  -56.219  -23.197 0.0000000000
123083  -13.682  -56.170  -24.101 0.0000000000
20288  -15.345  -55.943  -27.502 0.0000000000
20275  -14.926  -54.962  -26.157 0.0000000000
20276  -15.430  -54.903  -26.806 0.0000000000
22258  -15.650  -53.993  -26.415 0.0000000000
21306  -15.957  -55.088  -27.139 0.0000000000
3857  -23.105  -75.804  -24.386 0.0000000000
3257  -21.737  -76.139  -24.667 0.0000000000
3825  -18.936  -75.251  -22.233 0.0000000000
4479  -19.979  -75.132  -23.625 0.0000000000
4462  -18.945  -74.485  -22.210 0.0000000000
5156  -19.363  -73.835  -22.655 0.0000000000
4448  -18.346  -74.773  -21.418 0.0000000000
5148  -17.276  -73.893  -20.172 0.0000000000
4447  -17.459  -74.726  -20.313 0.0000000000
3219  -15.631  -76.226  -21.138 0.0000000000
3803  -15.585  -75.626  -20.394 0.0000000000
3824  -16.158  -75.746  -22.141 0.0000000000
3839  -16.820  -75.330  -23.168 0.0000000000
634  -14.912  -83.902  -27.706 0.0000000000
926  -14.535  -82.746  -28.220 0.0000000000
131483  -14.418  -82.547  -29.072 0.0000000000
120352  -19.772  -84.340  -37.746 0.0000000000
741  -19.405  -83.288  -37.860 0.0000000000
760  -21.163  -82.995  -39.407 0.0000000000
779  -23.531  -82.761  -41.052 0.0000000000
26  -28.398  -86.596  -28.817 0.0000000000
25  -27.542  -86.595  -28.730 0.0000000000
43  -27.392  -86.462  -29.726 0.0000000000
42  -26.864  -86.192  -30.409 0.0000000000
51  -27.599  -86.192  -30.849 0.0000000000
1283  -28.551  -81.181  -33.567 0.0000000000
1300  -28.810  -81.921  -34.047 0.0000000000
1620  -27.960  -80.808  -34.113 0.0000000000
2008  -26.085  -79.423  -36.810 0.0000000000
1636  -27.060  -80.473  -36.048 0.0000000000
1638  -26.344  -80.317  -37.260 0.0000000000
1318  -27.177  -81.120  -37.522 0.0000000000
126986  -25.931  -80.190  -37.894 0.0000000000
2021  -25.847  -79.182  -39.067 0.0000000000
2407  -26.271  -78.794  -38.398 0.0000000000
2890  -28.863  -76.894  -40.928 0.0000000000
2415  -28.288  -77.772  -40.398 0.0000000000
2438  -30.639  -77.719  -42.161 0.0000000000
2456  -31.288  -78.786  -42.596 0.0000000000
2048  -31.469  -78.871  -41.629 0.0000000000
123234  -31.476  -80.319  -40.437 0.0000000000
2430  -31.515  -78.345  -40.552 0.0000000000
3422  -31.229  -76.551  -39.846 0.0000000000
126635  -31.919  -78.270  -39.495 0.0000000000
2875  -31.998  -77.355  -39.225 0.0000000000
126561  -32.509  -78.968  -39.435 0.0000000000
2876  -32.293  -77.425  -39.235 0.0000000000
113391  -33.822  -56.628  -28.135 0.0000000000
27019  -16.765  -49.030  -30.375 0.0000000000
120584  -18.715  -49.067  -30.024 0.0000000000
134891  -18.034  -47.596  -31.535 0.0000000000
137227  -23.388  -51.885  -37.610 0.0000000000
25343  -23.146  -51.654  -36.882 0.0000000000
25366  -23.822  -51.991  -38.261 0.0000000000
6904  -21.269  -71.491  -48.616 0.0000000000
6903  -20.258  -71.476  -48.590 0.0000000000
6889  -20.843  -71.296  -47.806 0.0000000000
7713  -19.688  -70.596  -46.812 0.0000000000
130796  -18.688  -70.163  -46.780 0.0000000000
7700  -17.350  -69.417  -47.620 0.0000000000
8558  -18.210  -69.495  -46.621 0.0000000000
8545  -19.000  -69.459  -45.611 0.0000000000
8511  -20.434  -69.265  -43.824 0.0000000000
9383  -19.812  -68.735  -43.925 0.0000000000
10267  -20.372  -67.536  -43.612 0.0000000000
14835  -27.211  -62.379  -40.120 0.0000000000
13866  -26.907  -63.654  -39.999 0.0000000000
13882  -26.812  -62.933  -40.290 0.0000000000
13894  -26.136  -62.839  -40.774 0.0000000000
15723  -26.464  -61.386  -40.807 0.0000000000
124853  -26.062  -59.360  -41.995 0.0000000000
17578  -25.724  -60.054  -42.095 0.0000000000
17596  -25.543  -59.858  -42.756 0.0000000000
16663  -24.837  -60.540  -43.570 0.0000000000
17613  -25.486  -59.848  -43.925 0.0000000000
17628  -25.192  -60.198  -45.243 0.0000000000
129571  -34.501  -48.559  -25.683 0.0000000000
118913  -32.612  -48.691  -25.985 0.0000000000
120480  -33.881  -48.118  -25.471 0.0000000000
27859  -35.264  -48.101  -25.754 0.0000000000
112226  -35.839  -49.032  -26.433 0.0000000000
26099  -38.147  -50.210  -28.192 0.0000000000
26976  -37.571  -49.652  -27.948 0.0000000000
26100  -39.250  -50.051  -28.493 0.0000000000
116060  -39.786  -50.802  -28.680 0.0000000000
4829  -30.517  -74.814  -53.456 0.0000000000
113681  -35.026  -42.777  -28.218 0.0000000000
113353  -33.773  -42.495  -28.343 0.0000000000
33961  -36.074  -42.063  -28.912 0.0000000000
33974  -36.021  -41.900  -31.033 0.0000000000
34934  -36.235  -41.852  -30.201 0.0000000000
34944  -35.730  -41.353  -30.601 0.0000000000
35976  -35.360  -40.773  -30.110 0.0000000000
34962  -35.528  -41.485  -31.202 0.0000000000
121495  -34.771  -44.523  -32.489 0.0000000000
31961  -34.200  -43.944  -32.604 0.0000000000
34961  -34.918  -41.410  -31.666 0.0000000000
34981  -34.283  -41.570  -32.202 0.0000000000
35992  -34.073  -40.925  -32.172 0.0000000000
34995  -31.800  -41.585  -33.310 0.0000000000
136154  -30.905  -42.250  -33.621 0.0000000000
116865  -28.945  -44.448  -33.972 0.0000000000
31988  -28.334  -43.986  -34.246 0.0000000000
30907  -24.854  -45.205  -29.370 0.0000000000
30906  -24.226  -45.327  -29.291 0.0000000000
30905  -23.769  -44.891  -29.698 0.0000000000
30895  -23.915  -45.864  -28.925 0.0000000000
21227  -27.011  -54.790  -21.969 0.0000000000
15520  -20.268  -61.808  -22.437 0.0000000000
16435  -19.172  -61.009  -23.008 0.0000000000
115259  -17.598  -62.939  -19.302 0.0000000000
14559  -18.473  -62.531  -20.146 0.0000000000
15484  -17.406  -62.035  -20.362 0.0000000000
17338  -14.514  -59.632  -21.270 0.0000000000
16420  -15.846  -60.360  -20.780 0.0000000000
125329  -14.950  -59.388  -21.139 0.0000000000
123512  -15.879  -59.337  -21.583 0.0000000000
18310  -15.239  -58.733  -21.716 0.0000000000
18309  -14.662  -58.003  -22.151 0.0000000000
17349  -13.899  -58.801  -22.219 0.0000000000
16464  -14.709  -60.388  -25.432 0.0000000000
17366  -14.460  -59.564  -24.611 0.0000000000
17381  -14.518  -59.760  -25.804 0.0000000000
134157  -14.480  -59.285  -26.532 0.0000000000
115903  -14.407  -60.500  -26.189 0.0000000000
15574  -13.897  -61.102  -27.938 0.0000000000
15563  -14.257  -61.888  -26.485 0.0000000000
13666  -15.078  -63.567  -26.636 0.0000000000
13681  -14.029  -63.272  -27.537 0.0000000000
12727  -14.091  -64.283  -28.056 0.0000000000
12738  -13.531  -64.289  -29.131 0.0000000000
12739  -14.180  -65.096  -28.508 0.0000000000
11792  -17.362  -65.040  -24.997 0.0000000000
12701  -17.406  -64.608  -25.228 0.0000000000
11812  -17.151  -65.293  -25.647 0.0000000000
10922  -16.877  -67.249  -28.020 0.0000000000
120622  -16.423  -66.636  -28.187 0.0000000000
11831  -15.695  -66.517  -28.862 0.0000000000
11840  -14.731  -66.217  -29.502 0.0000000000
10929  -16.410  -66.814  -29.217 0.0000000000
11850  -16.809  -66.147  -30.805 0.0000000000
10937  -17.398  -66.879  -29.608 0.0000000000
9175  -19.719  -68.245  -29.174 0.0000000000
10071  -19.430  -67.802  -29.677 0.0000000000
8325  -19.379  -68.621  -30.116 0.0000000000
8324  -18.658  -69.019  -30.414 0.0000000000
8308  -19.173  -69.486  -29.660 0.0000000000
572  -23.556  -84.659  -20.568 0.0000000000
319  -23.503  -84.842  -19.724 0.0000000000
119482  -22.494  -85.162  -20.805 0.0000000000
322  -20.670  -85.000  -22.101 0.0000000000
318  -21.428  -84.993  -20.539 0.0000000000
845  -21.113  -84.333  -21.023 0.0000000000
879  -17.521  -83.159  -22.262 0.0000000000
854  -17.691  -82.776  -21.729 0.0000000000
1143  -17.556  -82.584  -21.854 0.0000000000
116223  -17.775  -81.085  -21.452 0.0000000000
1463  -17.454  -81.372  -21.856 0.0000000000
1832  -17.044  -80.310  -22.102 0.0000000000
1474  -17.487  -81.173  -22.366 0.0000000000
1495  -20.248  -80.029  -25.458 0.0000000000
1856  -19.062  -79.360  -24.494 0.0000000000
2308  -19.262  -78.802  -26.108 0.0000000000
2311  -18.526  -78.382  -26.460 0.0000000000
1877  -19.102  -78.999  -26.807 0.0000000000
1229  -21.124  -81.930  -28.690 0.0000000000
125437  -20.562  -81.701  -28.105 0.0000000000
127418  -20.492  -80.553  -29.177 0.0000000000
1560  -17.502  -80.537  -29.568 0.0000000000
1543  -18.469  -79.689  -28.651 0.0000000000
1542  -17.472  -80.304  -28.542 0.0000000000
1227  -16.747  -81.231  -27.840 0.0000000000
1226  -16.603  -82.193  -28.331 0.0000000000
927  -16.122  -83.234  -27.524 0.0000000000
940  -16.664  -83.353  -28.680 0.0000000000
395  -17.416  -85.077  -30.521 0.0000000000
387  -17.003  -85.353  -29.383 0.0000000000
123517  -17.020  -85.823  -29.824 0.0000000000
37  -16.436  -85.597  -30.263 0.0000000000
179  -17.091  -85.680  -31.117 0.0000000000
56  -16.442  -85.707  -31.977 0.0000000000
192  -17.095  -85.482  -32.084 0.0000000000
974  -18.800  -82.245  -33.600 0.0000000000
695  -17.964  -83.445  -33.471 0.0000000000
696  -18.459  -82.820  -33.721 0.0000000000
709  -18.077  -82.921  -34.310 0.0000000000
986  -18.672  -82.281  -34.392 0.0000000000
1973  -22.670  -79.244  -33.634 0.0000000000
1971  -21.213  -79.456  -34.088 0.0000000000
1986  -22.233  -79.487  -34.323 0.0000000000
1295  -21.861  -81.494  -35.513 0.0000000000
1307  -21.221  -80.832  -36.015 0.0000000000
1313  -20.152  -81.314  -36.552 0.0000000000
1008  -20.581  -82.006  -36.798 0.0000000000
729  -20.345  -83.155  -36.989 0.0000000000
721  -20.900  -82.881  -36.237 0.0000000000
440  -20.636  -84.938  -34.427 0.0000000000
120595  -20.281  -84.952  -35.627 0.0000000000
130345  -20.440  -85.708  -35.095 0.0000000000
92  -21.054  -86.519  -36.400 0.0000000000
124508  -21.401  -86.563  -35.657 0.0000000000
933  -33.947  -83.513  -28.457 0.0000000000
934  -34.812  -83.235  -28.451 0.0000000000
394  -35.101  -84.398  -29.477 0.0000000000
393  -34.343  -84.620  -29.259 0.0000000000
402  -34.206  -84.560  -29.697 0.0000000000
125381  -33.423  -84.212  -30.328 0.0000000000
676  -34.312  -84.104  -30.463 0.0000000000
1271  -33.288  -80.841  -32.970 0.0000000000
1262  -33.639  -81.300  -31.928 0.0000000000
1261  -32.680  -81.451  -31.295 0.0000000000
120084  -32.275  -80.709  -31.555 0.0000000000
1270  -30.311  -81.100  -31.908 0.0000000000
1586  -31.528  -80.410  -31.639 0.0000000000
23345  -17.497  -53.712  -34.269 0.0000000000
22328  -16.904  -54.675  -34.186 0.0000000000
24333  -16.947  -52.926  -33.285 0.0000000000
23368  -19.568  -52.333  -36.207 0.0000000000
24355  -19.127  -51.431  -36.390 0.0000000000
24360  -19.658  -51.588  -36.737 0.0000000000
125550  -17.615  -53.041  -39.148 0.0000000000
23381  -17.241  -52.282  -39.047 0.0000000000
22395  -18.232  -52.901  -39.142 0.0000000000
125129  -21.955  -55.153  -37.775 0.0000000000
22383  -20.850  -53.666  -37.194 0.0000000000
22384  -21.949  -54.238  -37.465 0.0000000000
23384  -22.445  -53.140  -37.463 0.0000000000
23391  -23.293  -52.596  -38.158 0.0000000000
137493  -22.998  -53.298  -37.826 0.0000000000
21462  -25.175  -55.081  -39.963 0.0000000000
22404  -24.581  -54.270  -39.555 0.0000000000
22411  -24.991  -53.703  -40.166 0.0000000000
23406  -25.455  -53.388  -40.552 0.0000000000
22418  -25.833  -53.632  -41.128 0.0000000000
5528  -20.690  -72.687  -55.578 0.0000000000
5516  -20.659  -72.999  -54.744 0.0000000000
6235  -20.432  -72.431  -55.323 0.0000000000
7780  -20.920  -70.377  -54.485 0.0000000000
6225  -20.619  -72.179  -53.822 0.0000000000
6959  -21.312  -71.950  -52.600 0.0000000000
6202  -21.228  -72.486  -51.780 0.0000000000
6960  -21.996  -71.189  -52.252 0.0000000000
9498  -21.489  -67.716  -53.374 0.0000000000
9491  -20.841  -67.383  -52.283 0.0000000000
9473  -21.519  -67.878  -50.737 0.0000000000
9483  -21.500  -68.493  -51.415 0.0000000000
7769  -22.279  -70.457  -51.004 0.0000000000
7743  -22.315  -70.424  -50.017 0.0000000000
6927  -22.041  -71.256  -49.655 0.0000000000
126174  -22.945  -69.755  -48.742 0.0000000000
8569  -23.196  -70.156  -47.889 0.0000000000
7715  -23.167  -70.520  -47.216 0.0000000000
8570  -23.612  -69.730  -47.326 0.0000000000
2074  -36.716  -79.886  -43.569 0.0000000000
2081  -35.996  -79.300  -44.073 0.0000000000
2082  -36.962  -79.457  -44.163 0.0000000000
2492  -36.696  -78.112  -46.059 0.0000000000
2483  -37.327  -78.939  -45.706 0.0000000000
1689  -39.637  -81.776  -42.881 0.0000000000
1704  -39.176  -81.673  -43.833 0.0000000000
2091  -38.422  -80.987  -45.906 0.0000000000
119722  -38.525  -79.677  -48.039 0.0000000000
2498  -38.061  -79.258  -47.780 0.0000000000
2517  -38.592  -79.191  -49.312 0.0000000000
128770  -38.204  -78.633  -49.848 0.0000000000
2525  -38.706  -79.071  -50.450 0.0000000000
2130  -41.244  -78.601  -51.357 0.0000000000
2532  -40.238  -79.104  -52.311 0.0000000000
2534  -41.254  -78.275  -51.671 0.0000000000
2990  -40.817  -77.503  -51.446 0.0000000000
2991  -41.614  -77.557  -50.955 0.0000000000
2978  -41.497  -78.017  -48.509 0.0000000000
113380  -35.711  -46.579  -26.233 0.0000000000
30875  -35.287  -45.938  -25.860 0.0000000000
31914  -34.869  -44.606  -26.139 0.0000000000
134580  -34.497  -43.939  -27.868 0.0000000000
112169  -33.796  -43.326  -28.166 0.0000000000
128467  -37.667  -44.227  -29.205 0.0000000000
32961  -37.342  -43.862  -30.624 0.0000000000
31948  -37.612  -44.595  -30.896 0.0000000000
29882  -39.178  -47.115  -30.248 0.0000000000
29895  -38.724  -46.484  -30.492 0.0000000000
29911  -36.734  -46.279  -32.192 0.0000000000
863  -28.280  -83.222  -21.112 0.0000000000
850  -28.199  -82.969  -20.508 0.0000000000
872  -27.825  -82.485  -22.335 0.0000000000
1150  -27.446  -81.817  -23.061 0.0000000000
882  -27.608  -82.110  -23.702 0.0000000000
132554  -27.464  -81.937  -24.329 0.0000000000
606  -27.489  -82.833  -23.853 0.0000000000
333  -27.435  -85.594  -22.055 0.0000000000
340  -26.956  -85.000  -22.638 0.0000000000
339  -26.104  -85.816  -23.143 0.0000000000
348  -25.287  -85.719  -23.807 0.0000000000
133  -26.165  -86.477  -23.154 0.0000000000
13880  -19.149  -63.643  -40.491 0.0000000000
13865  -19.657  -63.067  -40.189 0.0000000000
15721  -20.038  -61.915  -40.400 0.0000000000
15731  -19.267  -62.382  -41.217 0.0000000000
115011  -23.733  -72.335  -57.077 0.0000000000
121284  -22.932  -71.670  -57.162 0.0000000000
7788  -22.274  -70.741  -56.274 0.0000000000
8651  -26.248  -70.049  -56.820 0.0000000000
7794  -25.238  -71.137  -56.728 0.0000000000
10394  -27.315  -66.517  -55.113 0.0000000000
9520  -26.474  -66.685  -55.135 0.0000000000
117857  -25.165  -67.217  -54.896 0.0000000000
122233  -24.910  -67.394  -54.776 0.0000000000
9502  -25.619  -67.804  -54.317 0.0000000000
116473  -27.166  -69.442  -52.980 0.0000000000
8625  -26.568  -69.427  -51.112 0.0000000000
3509  -34.046  -76.434  -50.469 0.0000000000
137399  -33.563  -76.977  -50.600 0.0000000000
3521  -33.571  -76.590  -51.161 0.0000000000
3533  -36.579  -76.894  -53.080 0.0000000000
3539  -34.184  -76.048  -54.813 0.0000000000
3531  -34.785  -76.081  -53.618 0.0000000000
3530  -33.563  -76.101  -53.533 0.0000000000
124653  -32.910  -76.683  -52.844 0.0000000000
119198  -32.639  -76.542  -53.566 0.0000000000
4832  -33.196  -73.983  -54.218 0.0000000000
5513  -32.279  -73.891  -54.171 0.0000000000
124412  -36.846  -74.211  -53.686 0.0000000000
6233  -36.394  -71.371  -55.534 0.0000000000
6222  -36.368  -71.858  -53.965 0.0000000000
119711  -36.626  -71.858  -56.836 0.0000000000
5539  -36.131  -72.162  -57.295 0.0000000000
6241  -36.385  -71.553  -57.643 0.0000000000
114286  -34.005  -71.608  -57.465 0.0000000000
6250  -34.269  -71.804  -57.723 0.0000000000
125202  -33.222  -72.124  -57.512 0.0000000000
6249  -32.481  -71.592  -57.215 0.0000000000
7007  -32.683  -71.215  -57.651 0.0000000000
6994  -32.458  -71.473  -56.908 0.0000000000
6240  -31.235  -71.832  -54.035 0.0000000000
6231  -30.514  -71.815  -54.473 0.0000000000
6981  -29.501  -71.740  -54.685 0.0000000000
135601  -29.886  -71.821  -53.839 0.0000000000
34017  -29.573  -41.853  -34.123 0.0000000000
32994  -23.910  -43.648  -33.475 0.0000000000
33006  -24.306  -43.569  -34.375 0.0000000000
34013  -23.935  -42.806  -34.712 0.0000000000
25197  -33.987  -52.402  -25.924 0.0000000000
24240  -33.976  -52.896  -26.378 0.0000000000
22244  -34.526  -54.346  -25.359 0.0000000000
137381  -34.993  -53.314  -24.865 0.0000000000
130105  -34.269  -54.638  -26.142 0.0000000000
113492  -33.907  -55.590  -27.036 0.0000000000
112350  -32.972  -56.953  -26.854 0.0000000000
18379  -32.186  -57.916  -28.389 0.0000000000
21278  -29.050  -55.458  -23.640 0.0000000000
128912  -30.379  -54.855  -23.230 0.0000000000
112480  -29.700  -57.283  -26.150 0.0000000000
20269  -30.318  -56.899  -25.507 0.0000000000
20259  -31.484  -56.285  -24.795 0.0000000000
20285  -31.254  -57.158  -25.974 0.0000000000
112468  -30.625  -57.403  -26.515 0.0000000000
19347  -30.918  -58.373  -29.009 0.0000000000
18396  -32.021  -58.773  -30.398 0.0000000000
131970  -24.837  -55.999  -22.873 0.0000000000
20209  -25.200  -55.652  -22.871 0.0000000000
121152  -24.023  -55.381  -23.706 0.0000000000
20247  -15.998  -55.867  -24.144 0.0000000000
20248  -17.112  -56.866  -24.808 0.0000000000
20263  -17.580  -56.267  -25.026 0.0000000000
20249  -19.167  -55.849  -24.889 0.0000000000
20265  -19.252  -56.996  -25.242 0.0000000000
20266  -20.079  -56.726  -24.877 0.0000000000
20252  -21.474  -56.249  -24.327 0.0000000000
21271  -21.441  -55.152  -24.284 0.0000000000
22241  -21.302  -53.798  -25.422 0.0000000000
22231  -21.760  -54.148  -24.708 0.0000000000
22242  -22.037  -54.082  -25.507 0.0000000000
22243  -22.846  -54.560  -25.736 0.0000000000
22253  -22.076  -54.268  -26.920 0.0000000000
129568  -23.032  -54.637  -27.895 0.0000000000
22265  -22.031  -54.324  -28.230 0.0000000000
21316  -20.303  -55.704  -29.572 0.0000000000
4496  -23.265  -74.156  -24.172 0.0000000000
5186  -23.224  -73.272  -24.259 0.0000000000
6625  -22.810  -71.314  -24.422 0.0000000000
6626  -23.491  -71.734  -24.082 0.0000000000
7429  -23.500  -70.938  -24.023 0.0000000000
8218  -19.347  -69.166  -22.706 0.0000000000
9073  -17.267  -68.097  -21.531 0.0000000000
8194  -15.793  -69.618  -20.562 0.0000000000
9040  -15.786  -69.164  -20.593 0.0000000000
8195  -15.861  -69.902  -21.294 0.0000000000
8229  -17.026  -69.742  -23.172 0.0000000000
7391  -16.544  -70.295  -22.479 0.0000000000
5137  -15.549  -72.966  -20.097 0.0000000000
5844  -15.435  -72.506  -20.879 0.0000000000
124775  -14.898  -72.500  -22.850 0.0000000000
6637  -15.990  -71.882  -25.547 0.0000000000
6622  -15.593  -71.721  -24.790 0.0000000000
6638  -17.231  -71.417  -25.681 0.0000000000
7427  -18.273  -70.414  -24.687 0.0000000000
6639  -18.501  -70.937  -25.718 0.0000000000
7452  -19.460  -70.658  -26.031 0.0000000000
6654  -18.616  -71.246  -26.676 0.0000000000
5922  -17.810  -72.213  -28.352 0.0000000000
6666  -18.071  -71.368  -28.382 0.0000000000
122219  -17.562  -71.802  -28.830 0.0000000000
6676  -17.490  -71.208  -29.098 0.0000000000
5930  -17.068  -71.742  -29.370 0.0000000000
2278  -15.673  -78.615  -23.065 0.0000000000
121274  -15.600  -78.569  -22.561 0.0000000000
2293  -15.717  -78.196  -24.052 0.0000000000
2766  -14.730  -76.420  -26.773 0.0000000000
3267  -15.214  -76.604  -25.151 0.0000000000
3866  -15.213  -76.059  -25.570 0.0000000000
114179  -16.794  -75.787  -25.165 0.0000000000
3878  -14.920  -75.530  -26.527 0.0000000000
1910  -13.892  -79.181  -28.202 0.0000000000
114934  -13.664  -78.683  -29.029 0.0000000000
3913  -14.650  -75.749  -29.770 0.0000000000
3290  -13.817  -76.190  -29.250 0.0000000000
3900  -14.729  -75.069  -28.633 0.0000000000
126809  -15.562  -74.850  -27.808 0.0000000000
3915  -16.602  -75.331  -29.705 0.0000000000
3916  -17.386  -75.230  -29.372 0.0000000000
3927  -16.906  -75.149  -30.092 0.0000000000
5271  -15.821  -73.917  -31.388 0.0000000000
129402  -26.288  -82.309  -26.148 0.0000000000
919  -25.977  -81.766  -27.417 0.0000000000
909  -25.669  -82.517  -26.781 0.0000000000
122821  -24.228  -83.975  -28.055 0.0000000000
637  -24.489  -83.255  -28.813 0.0000000000
654  -24.030  -83.525  -29.433 0.0000000000
663  -24.132  -83.046  -30.179 0.0000000000
130960  -23.447  -83.773  -29.886 0.0000000000
39  -22.667  -86.444  -30.515 0.0000000000
169  -21.591  -86.057  -30.412 0.0000000000
396  -21.638  -85.026  -30.692 0.0000000000
168  -21.302  -85.655  -31.206 0.0000000000
117071  -21.090  -85.325  -31.914 0.0000000000
59  -21.934  -86.479  -32.749 0.0000000000
217  -23.495  -85.494  -34.092 0.0000000000
82  -22.935  -86.177  -34.112 0.0000000000
135564  -23.483  -84.858  -35.340 0.0000000000
239  -23.334  -84.766  -35.864 0.0000000000
452  -24.009  -84.095  -35.477 0.0000000000
157  -32.151  -85.293  -28.720 0.0000000000
156  -31.181  -85.498  -28.748 0.0000000000
163  -31.764  -85.452  -28.838 0.0000000000
63  -29.951  -86.360  -33.310 0.0000000000
129466  -29.689  -85.965  -31.866 0.0000000000
62  -29.157  -86.556  -33.238 0.0000000000
1001  -29.077  -83.057  -35.780 0.0000000000
445  -30.233  -84.800  -35.178 0.0000000000
136640  -29.614  -84.625  -36.140 0.0000000000
130814  -28.046  -85.818  -36.890 0.0000000000
95  -28.527  -85.850  -36.182 0.0000000000
116623  -28.115  -86.094  -35.931 0.0000000000
229  -27.015  -85.233  -35.573 0.0000000000
240  -27.095  -85.496  -36.564 0.0000000000
105  -25.987  -85.505  -38.671 0.0000000000
247  -26.137  -85.072  -37.847 0.0000000000
255  -25.582  -84.966  -38.573 0.0000000000
483  -24.930  -84.061  -38.484 0.0000000000
258  -25.117  -84.876  -39.402 0.0000000000
131645  -24.547  -84.519  -39.968 0.0000000000
257  -24.855  -84.784  -39.962 0.0000000000
1348  -24.801  -81.411  -40.527 0.0000000000
1037  -25.050  -82.311  -41.087 0.0000000000
1672  -24.864  -80.228  -41.425 0.0000000000
130472  -26.766  -79.002  -40.655 0.0000000000
117457  -25.948  -79.338  -40.472 0.0000000000
2047  -28.077  -79.202  -42.214 0.0000000000
1698  -30.534  -80.378  -44.221 0.0000000000
265  -33.310  -84.814  -40.640 0.0000000000
784  -34.966  -84.319  -41.155 0.0000000000
785  -35.928  -84.230  -41.212 0.0000000000
515  -35.676  -84.863  -40.383 0.0000000000
764  -32.272  -84.208  -39.259 0.0000000000
1032  -35.537  -83.368  -39.251 0.0000000000
766  -34.926  -84.274  -39.046 0.0000000000
767  -35.953  -84.451  -38.920 0.0000000000
498  -36.921  -84.598  -39.241 0.0000000000
1034  -37.807  -83.856  -38.938 0.0000000000
770  -38.551  -83.569  -39.262 0.0000000000
1042  -37.348  -82.853  -39.265 0.0000000000
1667  -38.346  -81.164  -40.154 0.0000000000
26078  -31.955  -52.227  -26.884 0.0000000000
26077  -31.560  -51.648  -26.752 0.0000000000
25204  -34.332  -52.487  -27.339 0.0000000000
129631  -35.941  -52.811  -27.904 0.0000000000
121706  -35.718  -56.027  -28.690 0.0000000000
118614  -36.468  -55.059  -28.654 0.0000000000
22270  -38.379  -54.972  -28.425 0.0000000000
116749  -37.664  -54.133  -28.506 0.0000000000
23253  -37.952  -53.240  -28.419 0.0000000000
24248  -38.625  -52.453  -28.360 0.0000000000
130361  -39.265  -53.343  -28.200 0.0000000000
23256  -40.288  -53.796  -28.499 0.0000000000
23259  -40.696  -53.520  -29.043 0.0000000000
125266  -24.444  -47.322  -28.259 0.0000000000
27885  -23.064  -47.828  -27.658 0.0000000000
28852  -23.014  -46.788  -28.598 0.0000000000
29871  -23.456  -46.445  -28.879 0.0000000000
28859  -23.749  -47.681  -29.639 0.0000000000
27092  -17.410  -48.178  -34.161 0.0000000000
27094  -19.551  -48.186  -33.917 0.0000000000
27063  -18.705  -46.975  -33.189 0.0000000000
27064  -19.641  -48.394  -32.673 0.0000000000
25321  -23.080  -51.379  -35.178 0.0000000000
120311  -21.825  -50.584  -34.766 0.0000000000
25307  -22.782  -50.966  -34.396 0.0000000000
26170  -22.874  -50.489  -32.341 0.0000000000
124582  -22.111  -50.262  -33.083 0.0000000000
133494  -22.062  -50.180  -32.241 0.0000000000
26142  -21.425  -49.893  -31.668 0.0000000000
131409  -22.292  -50.137  -31.360 0.0000000000
26130  -22.223  -49.655  -30.318 0.0000000000
27044  -25.315  -49.497  -31.374 0.0000000000
27043  -24.615  -49.469  -30.832 0.0000000000
137402  -24.453  -47.750  -30.429 0.0000000000
28872  -25.095  -47.930  -31.162 0.0000000000
4807  -19.330  -75.467  -52.742 0.0000000000
6173  -16.977  -72.004  -50.045 0.0000000000
10281  -17.888  -67.357  -45.773 0.0000000000
11185  -17.285  -66.303  -46.313 0.0000000000
12955  -18.277  -63.908  -46.031 0.0000000000
12943  -17.556  -64.591  -45.795 0.0000000000
124914  -17.827  -64.343  -44.980 0.0000000000
12934  -17.996  -64.903  -43.838 0.0000000000
12925  -18.658  -64.777  -42.689 0.0000000000
12935  -18.533  -63.980  -44.288 0.0000000000
14874  -19.889  -62.098  -44.326 0.0000000000
14873  -19.563  -62.513  -43.825 0.0000000000
15762  -19.634  -61.781  -43.364 0.0000000000
15741  -19.080  -61.556  -42.446 0.0000000000
15742  -19.302  -60.943  -42.888 0.0000000000
11210  -25.089  -66.935  -48.124 0.0000000000
9424  -25.254  -68.461  -46.365 0.0000000000
8547  -24.753  -69.228  -45.964 0.0000000000
7686  -24.505  -69.785  -45.145 0.0000000000
124881  -27.628  -68.214  -40.706 0.0000000000
10232  -28.181  -67.734  -40.360 0.0000000000
9374  -26.534  -69.242  -42.161 0.0000000000
8505  -24.448  -69.969  -42.136 0.0000000000
8506  -25.267  -69.857  -42.365 0.0000000000
8513  -24.635  -70.208  -42.922 0.0000000000
7653  -24.073  -70.472  -43.470 0.0000000000
130311  -23.247  -70.479  -43.287 0.0000000000
7644  -22.581  -70.069  -42.850 0.0000000000
7645  -23.203  -69.998  -42.503 0.0000000000
124030  -22.722  -67.103  -42.420 0.0000000000
10253  -22.215  -67.986  -42.308 0.0000000000
131969  -22.079  -67.289  -42.738 0.0000000000
119542  -21.652  -66.987  -43.204 0.0000000000
10269  -22.182  -66.580  -42.947 0.0000000000
14843  -24.873  -63.604  -41.479 0.0000000000
12916  -24.448  -64.460  -41.607 0.0000000000
13913  -24.108  -63.639  -42.177 0.0000000000
13911  -22.638  -63.315  -42.461 0.0000000000
130977  -22.622  -63.869  -42.448 0.0000000000
123074  -21.894  -63.819  -42.570 0.0000000000
12927  -21.718  -64.599  -42.811 0.0000000000
13910  -20.570  -62.620  -43.318 0.0000000000
16646  -21.586  -60.406  -42.371 0.0000000000
15744  -21.199  -61.026  -42.580 0.0000000000
17592  -19.876  -59.278  -42.644 0.0000000000
130129  -19.917  -58.516  -42.297 0.0000000000
17593  -20.899  -58.746  -42.223 0.0000000000
18582  -23.385  -58.226  -43.566 0.0000000000
19527  -22.150  -57.217  -42.376 0.0000000000
19528  -22.977  -57.340  -42.907 0.0000000000
20494  -22.774  -56.803  -42.389 0.0000000000
20495  -23.462  -56.988  -43.012 0.0000000000
17661  -24.762  -59.965  -46.679 0.0000000000
18597  -24.034  -59.367  -46.228 0.0000000000
18598  -24.784  -59.237  -46.816 0.0000000000
20510  -25.769  -57.233  -45.731 0.0000000000
19545  -24.850  -57.662  -45.394 0.0000000000
20504  -25.286  -57.013  -44.448 0.0000000000
20496  -24.432  -56.770  -42.854 0.0000000000
132302  -25.597  -56.550  -43.169 0.0000000000
11702  -15.546  -64.459  -20.238 0.0000000000
11753  -15.321  -65.373  -22.274 0.0000000000
127947  -15.683  -64.953  -20.919 0.0000000000
124290  -15.616  -65.825  -21.590 0.0000000000
1148  -25.713  -81.403  -22.704 0.0000000000
1147  -24.919  -81.599  -22.812 0.0000000000
1159  -25.322  -80.987  -23.397 0.0000000000
1486  -24.273  -80.488  -24.917 0.0000000000
1497  -23.956  -80.090  -25.931 0.0000000000
1513  -23.682  -79.897  -26.807 0.0000000000
1514  -24.505  -79.529  -26.400 0.0000000000
1899  -24.772  -79.054  -27.650 0.0000000000
1915  -24.931  -78.916  -28.510 0.0000000000
122326  -24.645  -79.086  -30.481 0.0000000000
136787  -25.643  -79.548  -29.304 0.0000000000
1566  -25.812  -79.974  -29.529 0.0000000000
1547  -25.996  -80.476  -28.895 0.0000000000
122301  -20.708  -60.969  -39.464 0.0000000000
16609  -20.538  -60.694  -38.763 0.0000000000
16617  -20.851  -60.121  -39.724 0.0000000000
17558  -20.805  -59.370  -39.397 0.0000000000
9485  -25.159  -68.695  -51.536 0.0000000000
134054  -24.738  -68.004  -51.298 0.0000000000
9474  -25.462  -68.102  -50.828 0.0000000000
137050  -25.288  -66.138  -50.864 0.0000000000
2477  -40.821  -79.257  -43.825 0.0000000000
27876  -37.913  -48.892  -28.029 0.0000000000
27888  -38.130  -48.213  -28.162 0.0000000000
26992  -39.867  -49.000  -29.042 0.0000000000
27899  -39.717  -48.517  -29.449 0.0000000000
27903  -39.542  -48.509  -30.193 0.0000000000
26152  -39.755  -50.440  -30.888 0.0000000000
5520  -28.855  -74.004  -55.133 0.0000000000
118355  -28.580  -73.616  -56.258 0.0000000000
5545  -28.267  -73.170  -57.159 0.0000000000
121718  -29.847  -72.209  -58.126 0.0000000000
7010  -30.686  -71.189  -58.487 0.0000000000
7011  -31.740  -70.938  -58.551 0.0000000000
3005  -39.585  -78.024  -53.144 0.0000000000
3014  -39.319  -77.805  -54.134 0.0000000000
121159  -39.926  -76.593  -53.550 0.0000000000
4164  -39.973  -75.862  -54.453 0.0000000000
4154  -39.631  -75.490  -53.473 0.0000000000
31933  -23.194  -44.263  -30.432 0.0000000000
32959  -23.235  -43.931  -30.588 0.0000000000
31944  -22.650  -44.005  -30.808 0.0000000000
30914  -22.501  -44.490  -31.012 0.0000000000
30944  -21.882  -44.647  -32.259 0.0000000000
115975  -23.409  -45.896  -32.511 0.0000000000
124026  -24.033  -46.391  -33.025 0.0000000000
20255  -26.593  -55.854  -24.246 0.0000000000
20283  -26.149  -56.380  -26.429 0.0000000000
135432  -25.959  -55.977  -28.094 0.0000000000
20295  -25.324  -55.651  -28.085 0.0000000000
21318  -24.175  -55.318  -28.782 0.0000000000
21317  -22.841  -55.090  -29.607 0.0000000000
116942  -14.375  -57.859  -25.455 0.0000000000
19301  -14.232  -56.669  -25.223 0.0000000000
19308  -14.734  -57.285  -26.488 0.0000000000
130623  -15.070  -56.776  -27.443 0.0000000000
2728  -20.709  -77.300  -23.698 0.0000000000
3243  -20.454  -76.440  -23.924 0.0000000000
2716  -19.379  -77.211  -22.644 0.0000000000
3231  -18.985  -76.251  -22.306 0.0000000000
3804  -17.484  -76.124  -20.495 0.0000000000
3788  -16.607  -75.556  -19.792 0.0000000000
127038  -16.417  -76.379  -19.823 0.0000000000
3206  -15.736  -76.843  -20.112 0.0000000000
3229  -15.491  -77.257  -21.396 0.0000000000
659  -15.332  -83.904  -30.188 0.0000000000
116586  -15.326  -83.305  -30.400 0.0000000000
671  -15.503  -83.710  -31.045 0.0000000000
244  -20.495  -85.507  -37.331 0.0000000000
251  -19.983  -84.975  -38.101 0.0000000000
479  -20.694  -84.439  -38.326 0.0000000000
488  -21.449  -83.423  -38.741 0.0000000000
773  -22.473  -82.592  -40.033 0.0000000000
135743  -22.381  -82.327  -40.778 0.0000000000
778  -22.949  -82.628  -40.531 0.0000000000
501  -23.284  -83.018  -40.180 0.0000000000
509  -23.784  -83.591  -40.648 0.0000000000
377  -28.964  -85.222  -28.427 0.0000000000
136199  -28.968  -86.491  -28.821 0.0000000000
121123  -27.235  -79.572  -34.113 0.0000000000
1619  -27.431  -80.328  -34.508 0.0000000000
2000  -26.506  -79.292  -35.392 0.0000000000
2392  -26.281  -78.805  -36.050 0.0000000000
2401  -26.300  -78.647  -36.836 0.0000000000
2408  -27.233  -78.231  -38.620 0.0000000000
2402  -26.759  -78.306  -37.598 0.0000000000
2873  -28.053  -77.694  -38.911 0.0000000000
2891  -29.530  -76.618  -40.972 0.0000000000
2892  -30.708  -76.802  -40.917 0.0000000000
3420  -29.262  -76.334  -40.393 0.0000000000
3407  -29.836  -75.790  -39.606 0.0000000000
113573  -16.360  -50.427  -30.206 0.0000000000
134265  -16.416  -49.087  -30.922 0.0000000000
24410  -25.265  -52.781  -39.809 0.0000000000
116495  -24.809  -52.305  -38.324 0.0000000000
24398  -26.083  -52.726  -39.024 0.0000000000
6882  -21.571  -71.203  -47.120 0.0000000000
7701  -20.390  -70.651  -46.390 0.0000000000
7662  -20.044  -69.947  -45.250 0.0000000000
136932  -20.658  -70.243  -45.089 0.0000000000
8528  -20.581  -69.877  -44.572 0.0000000000
18584  -26.934  -58.417  -44.290 0.0000000000
27870  -31.915  -49.898  -26.663 0.0000000000
26961  -34.028  -49.703  -26.169 0.0000000000
130181  -35.126  -49.578  -26.192 0.0000000000
112367  -36.338  -49.431  -26.960 0.0000000000
26091  -37.215  -50.363  -27.940 0.0000000000
116602  -30.847  -77.956  -54.563 0.0000000000
32960  -36.857  -43.173  -30.287 0.0000000000
33962  -36.548  -42.562  -29.730 0.0000000000
33985  -36.040  -42.611  -31.432 0.0000000000
33988  -32.983  -42.809  -32.995 0.0000000000
123039  -33.067  -42.054  -32.816 0.0000000000
114720  -32.194  -43.054  -33.369 0.0000000000
112134  -30.638  -42.789  -33.746 0.0000000000
119417  -30.598  -43.744  -33.754 0.0000000000
29865  -24.254  -46.251  -28.454 0.0000000000
15482  -15.143  -61.852  -19.989 0.0000000000
15497  -15.433  -61.007  -20.335 0.0000000000
136581  -14.732  -60.768  -20.681 0.0000000000
16431  -14.535  -60.597  -21.156 0.0000000000
128377  -14.295  -60.203  -22.194 0.0000000000
16441  -14.025  -59.513  -22.636 0.0000000000
135534  -14.481  -60.199  -23.233 0.0000000000
16451  -14.919  -60.470  -24.111 0.0000000000
16465  -15.176  -60.826  -25.130 0.0000000000
15552  -15.372  -61.739  -25.601 0.0000000000
14656  -15.939  -63.193  -26.073 0.0000000000
12711  -15.808  -64.412  -27.037 0.0000000000
10903  -16.311  -67.064  -25.859 0.0000000000
10913  -16.887  -66.147  -26.283 0.0000000000
10912  -16.725  -67.067  -26.786 0.0000000000
10043  -16.983  -67.480  -27.123 0.0000000000
10057  -17.603  -67.514  -28.263 0.0000000000
10069  -17.978  -67.293  -29.121 0.0000000000
10045  -18.318  -67.910  -27.772 0.0000000000
10046  -19.333  -68.119  -28.153 0.0000000000
9151  -20.375  -68.940  -28.147 0.0000000000
596  -21.905  -83.762  -23.577 0.0000000000
332  -22.058  -84.920  -22.055 0.0000000000
595  -21.072  -84.422  -23.584 0.0000000000
330  -20.288  -84.986  -22.599 0.0000000000
123367  -19.809  -84.901  -22.802 0.0000000000
328  -18.589  -84.556  -23.064 0.0000000000
120897  -17.826  -83.787  -22.846 0.0000000000
880  -17.713  -82.837  -22.885 0.0000000000
127638  -18.849  -80.921  -23.760 0.0000000000
1172  -19.688  -81.384  -24.479 0.0000000000
1173  -20.308  -80.810  -25.118 0.0000000000
1879  -20.375  -80.121  -26.343 0.0000000000
1562  -20.148  -80.032  -29.867 0.0000000000
124946  -19.640  -79.679  -30.611 0.0000000000
1574  -18.410  -79.822  -30.734 0.0000000000
1573  -17.724  -80.536  -30.456 0.0000000000
941  -17.050  -82.945  -29.738 0.0000000000
1249  -17.346  -81.974  -30.366 0.0000000000
954  -17.797  -82.683  -31.098 0.0000000000
966  -18.102  -83.171  -31.677 0.0000000000
672  -17.768  -84.150  -31.634 0.0000000000
134315  -18.256  -83.236  -32.319 0.0000000000
967  -18.598  -82.548  -32.769 0.0000000000
1280  -19.251  -81.123  -33.951 0.0000000000
1282  -23.446  -80.844  -33.853 0.0000000000
1297  -22.986  -80.601  -34.462 0.0000000000
1281  -22.896  -81.459  -34.260 0.0000000000
987  -22.241  -82.135  -34.608 0.0000000000
131717  -21.522  -82.730  -35.289 0.0000000000
711  -21.177  -83.893  -34.365 0.0000000000
430  -20.993  -84.525  -33.496 0.0000000000
429  -20.788  -85.398  -33.411 0.0000000000
935  -35.645  -82.820  -28.467 0.0000000000
124833  -36.342  -83.283  -28.629 0.0000000000
22329  -17.958  -54.383  -34.460 0.0000000000
23346  -18.605  -53.614  -34.636 0.0000000000
23362  -18.616  -52.884  -34.755 0.0000000000
23363  -19.381  -53.193  -35.352 0.0000000000
23364  -19.786  -52.931  -36.172 0.0000000000
22369  -19.950  -52.744  -36.811 0.0000000000
20445  -20.822  -55.850  -38.988 0.0000000000
118568  -20.415  -54.953  -38.555 0.0000000000
21449  -21.459  -55.591  -38.223 0.0000000000
21450  -22.326  -55.787  -38.241 0.0000000000
22396  -22.691  -54.998  -37.856 0.0000000000
22397  -23.417  -54.526  -38.250 0.0000000000
21461  -24.594  -55.611  -39.497 0.0000000000
21470  -25.531  -55.639  -40.619 0.0000000000
7783  -20.518  -70.750  -55.816 0.0000000000
6977  -20.223  -71.618  -55.566 0.0000000000
117749  -20.871  -70.257  -54.888 0.0000000000
7775  -21.376  -69.765  -53.706 0.0000000000
11266  -21.417  -65.715  -51.284 0.0000000000
10368  -20.831  -66.671  -51.655 0.0000000000
125686  -21.461  -67.034  -50.144 0.0000000000
114991  -22.118  -68.345  -49.922 0.0000000000
8598  -22.479  -69.555  -49.589 0.0000000000
9447  -23.351  -68.106  -48.786 0.0000000000
1373  -35.600  -81.861  -42.442 0.0000000000
1380  -35.057  -81.394  -42.951 0.0000000000
1686  -36.039  -81.084  -42.639 0.0000000000
1687  -37.217  -80.979  -42.609 0.0000000000
1703  -37.551  -80.482  -43.166 0.0000000000
1385  -39.306  -81.603  -45.705 0.0000000000
119076  -38.876  -81.646  -45.344 0.0000000000
1397  -39.177  -81.094  -46.367 0.0000000000
115839  -38.856  -79.921  -47.959 0.0000000000
1738  -39.012  -79.626  -48.971 0.0000000000
2123  -39.299  -79.271  -50.651 0.0000000000
2116  -39.448  -79.325  -49.769 0.0000000000
2125  -41.048  -78.991  -50.738 0.0000000000
137199  -35.678  -45.863  -26.563 0.0000000000
113526  -35.761  -45.375  -27.253 0.0000000000
112288  -34.889  -44.344  -27.221 0.0000000000
113734  -35.045  -44.309  -27.778 0.0000000000
31924  -35.369  -44.385  -27.824 0.0000000000
31925  -36.553  -44.084  -28.201 0.0000000000
31937  -38.556  -45.450  -29.731 0.0000000000
569  -28.793  -84.126  -19.011 0.0000000000
592  -28.182  -83.778  -21.814 0.0000000000
12901  -19.165  -64.250  -41.041 0.0000000000
7790  -24.440  -70.849  -56.364 0.0000000000
8653  -28.247  -68.404  -56.617 0.0000000000
9526  -27.720  -67.489  -56.259 0.0000000000
9522  -28.280  -66.774  -55.628 0.0000000000
10395  -27.979  -66.457  -55.224 0.0000000000
9503  -26.965  -66.986  -54.745 0.0000000000
3499  -35.282  -76.232  -49.386 0.0000000000
3510  -35.547  -76.088  -50.355 0.0000000000
3011  -36.818  -77.493  -55.801 0.0000000000
3546  -35.781  -76.734  -56.044 0.0000000000
3545  -34.872  -76.145  -55.981 0.0000000000
3544  -34.310  -75.946  -55.135 0.0000000000
4165  -34.055  -75.334  -54.716 0.0000000000
4840  -34.076  -74.122  -54.585 0.0000000000
6976  -36.147  -70.878  -54.912 0.0000000000
6985  -35.804  -71.037  -56.496 0.0000000000
6252  -36.177  -71.415  -57.642 0.0000000000
6984  -33.058  -71.496  -55.728 0.0000000000
122483  -32.471  -71.538  -55.825 0.0000000000
6973  -32.087  -71.629  -54.426 0.0000000000
133339  -32.206  -71.675  -53.511 0.0000000000
6232  -31.573  -71.917  -53.337 0.0000000000
33010  -28.528  -43.134  -34.409 0.0000000000
34003  -22.384  -42.407  -33.314 0.0000000000
34012  -23.063  -42.050  -34.127 0.0000000000
23219  -35.195  -53.179  -24.174 0.0000000000
21282  -34.239  -54.929  -24.960 0.0000000000
20272  -33.492  -56.098  -25.997 0.0000000000
132286  -32.152  -57.184  -26.351 0.0000000000
22210  -31.828  -53.649  -22.190 0.0000000000
19317  -28.307  -57.195  -26.767 0.0000000000
112491  -28.816  -57.155  -26.002 0.0000000000
113771  -29.278  -57.410  -26.823 0.0000000000
19329  -29.965  -57.704  -27.838 0.0000000000
19346  -29.682  -58.007  -28.841 0.0000000000
17382  -18.877  -59.161  -25.299 0.0000000000
22237  -15.941  -53.723  -25.394 0.0000000000
21285  -17.415  -54.848  -24.951 0.0000000000
22238  -17.109  -53.854  -25.371 0.0000000000
22239  -18.190  -54.218  -25.201 0.0000000000
22228  -20.041  -54.419  -24.730 0.0000000000
21270  -20.659  -54.735  -24.459 0.0000000000
22240  -19.645  -53.931  -25.110 0.0000000000
23233  -20.610  -53.694  -25.388 0.0000000000
23241  -20.656  -53.725  -26.505 0.0000000000
22264  -20.681  -54.021  -28.572 0.0000000000
23247  -19.864  -53.754  -27.618 0.0000000000
136856  -20.840  -73.120  -24.240 0.0000000000
5884  -21.988  -72.893  -24.616 0.0000000000
5883  -21.159  -72.629  -24.349 0.0000000000
5869  -20.709  -71.945  -23.900 0.0000000000
6608  -20.945  -71.087  -24.078 0.0000000000
7410  -20.971  -70.236  -24.130 0.0000000000
7409  -20.279  -70.570  -23.409 0.0000000000
7408  -19.534  -70.060  -22.702 0.0000000000
8217  -18.170  -69.547  -21.484 0.0000000000
8197  -17.328  -69.478  -20.795 0.0000000000
7374  -17.622  -70.099  -20.738 0.0000000000
7360  -16.049  -70.215  -19.826 0.0000000000
7359  -15.917  -70.270  -20.073 0.0000000000
5166  -15.418  -73.470  -23.785 0.0000000000
5867  -14.861  -72.419  -23.748 0.0000000000
5899  -15.815  -72.089  -25.694 0.0000000000
5914  -16.628  -71.976  -26.112 0.0000000000
124657  -18.015  -71.788  -27.255 0.0000000000
5915  -17.552  -72.277  -26.766 0.0000000000
130772  -18.119  -72.388  -27.718 0.0000000000
5237  -17.996  -73.544  -29.134 0.0000000000
2306  -17.545  -77.776  -26.181 0.0000000000
2739  -15.572  -77.418  -24.783 0.0000000000
2759  -15.898  -77.229  -26.728 0.0000000000
114483  -14.257  -76.690  -27.338 0.0000000000
2333  -13.431  -78.567  -30.760 0.0000000000
134773  -13.440  -78.154  -29.524 0.0000000000
2782  -13.292  -77.944  -30.386 0.0000000000
116519  -13.636  -76.993  -31.024 0.0000000000
3925  -15.352  -75.765  -30.843 0.0000000000
3939  -15.959  -75.291  -31.068 0.0000000000
3938  -15.121  -75.571  -31.265 0.0000000000
361  -24.651  -84.423  -25.731 0.0000000000
623  -24.927  -83.505  -26.568 0.0000000000
622  -24.132  -84.692  -26.468 0.0000000000
368  -23.678  -84.865  -27.228 0.0000000000
375  -23.431  -84.912  -27.939 0.0000000000
40  -24.216  -86.620  -29.547 0.0000000000
182  -23.410  -85.919  -31.297 0.0000000000
194  -23.069  -86.015  -32.439 0.0000000000
60  -22.344  -86.381  -32.409 0.0000000000
120933  -23.680  -85.395  -32.762 0.0000000000
205  -23.892  -85.005  -33.371 0.0000000000
712  -24.932  -83.671  -34.490 0.0000000000
399  -31.739  -84.932  -30.035 0.0000000000
398  -30.937  -84.996  -30.528 0.0000000000
129621  -30.839  -84.738  -31.502 0.0000000000
424  -30.666  -85.194  -32.506 0.0000000000
135502  -30.531  -85.742  -34.039 0.0000000000
1013  -28.419  -82.828  -37.268 0.0000000000
134422  -29.020  -83.902  -36.775 0.0000000000
744  -28.661  -83.847  -37.320 0.0000000000
249  -28.212  -85.662  -37.406 0.0000000000
108  -28.004  -85.801  -37.849 0.0000000000
101  -27.008  -85.786  -37.841 0.0000000000
111  -26.956  -85.850  -38.436 0.0000000000
110  -26.507  -85.553  -39.072 0.0000000000
263  -26.056  -85.159  -39.601 0.0000000000
503  -25.713  -84.665  -40.251 0.0000000000
129308  -26.237  -83.872  -40.519 0.0000000000
1038  -25.549  -82.297  -40.603 0.0000000000
1661  -24.852  -80.418  -40.449 0.0000000000
2468  -30.289  -78.774  -43.232 0.0000000000
2063  -29.469  -78.827  -43.082 0.0000000000
2071  -30.434  -79.480  -43.687 0.0000000000
274  -32.886  -84.184  -42.633 0.0000000000
270  -32.035  -84.728  -41.966 0.0000000000
264  -32.064  -85.083  -41.041 0.0000000000
124057  -33.079  -85.123  -39.800 0.0000000000
1341  -32.987  -81.371  -39.814 0.0000000000
1342  -34.018  -81.837  -39.844 0.0000000000
1040  -35.059  -82.177  -39.760 0.0000000000
1041  -36.162  -82.502  -39.538 0.0000000000
1353  -36.704  -81.757  -39.893 0.0000000000
1665  -36.108  -80.893  -40.449 0.0000000000
24242  -33.248  -52.857  -27.209 0.0000000000
23242  -33.683  -53.139  -27.262 0.0000000000
131298  -34.503  -53.312  -27.626 0.0000000000
114031  -35.274  -53.348  -27.870 0.0000000000
21320  -37.509  -55.562  -28.539 0.0000000000
22271  -39.359  -54.720  -28.292 0.0000000000
118026  -39.769  -54.173  -28.235 0.0000000000
22272  -39.839  -54.933  -28.312 0.0000000000
26116  -19.873  -48.551  -27.871 0.0000000000
112075  -20.669  -49.202  -27.789 0.0000000000
26986  -20.686  -48.255  -27.703 0.0000000000
26987  -21.655  -48.256  -27.607 0.0000000000
27884  -21.941  -47.659  -27.821 0.0000000000
115336  -21.787  -47.349  -28.170 0.0000000000
117244  -22.835  -48.628  -29.420 0.0000000000
27110  -18.542  -48.710  -36.735 0.0000000000
27103  -18.120  -48.396  -35.704 0.0000000000
27104  -18.591  -48.053  -35.855 0.0000000000
27105  -19.457  -48.497  -35.797 0.0000000000
26203  -20.254  -48.869  -34.712 0.0000000000
25308  -23.739  -51.166  -33.637 0.0000000000
26171  -23.849  -50.681  -32.043 0.0000000000
26144  -24.059  -50.331  -31.250 0.0000000000
26172  -24.682  -50.705  -32.071 0.0000000000
27045  -25.918  -49.450  -31.920 0.0000000000
5495  -19.205  -74.673  -52.171 0.0000000000
5494  -18.394  -74.762  -51.781 0.0000000000
7727  -16.457  -69.575  -48.646 0.0000000000
11186  -18.127  -65.181  -46.106 0.0000000000
12033  -18.572  -64.028  -46.156 0.0000000000
120745  -18.803  -63.321  -45.026 0.0000000000
13938  -18.930  -63.366  -45.543 0.0000000000
13956  -19.735  -62.895  -45.445 0.0000000000
15776  -20.014  -62.033  -44.469 0.0000000000
10230  -26.657  -68.052  -40.092 0.0000000000
9367  -26.566  -68.962  -41.362 0.0000000000
9366  -25.642  -69.101  -41.061 0.0000000000
9365  -24.718  -68.906  -40.949 0.0000000000
8495  -24.070  -69.400  -41.543 0.0000000000
8494  -23.214  -69.420  -41.912 0.0000000000
10241  -23.682  -67.898  -41.338 0.0000000000
10254  -23.289  -67.261  -41.860 0.0000000000
11127  -23.337  -66.480  -42.153 0.0000000000
14858  -24.048  -62.756  -42.512 0.0000000000
117389  -23.711  -62.204  -42.608 0.0000000000
14857  -23.253  -62.713  -42.498 0.0000000000
14856  -22.381  -62.594  -42.473 0.0000000000
126485  -21.743  -61.911  -42.503 0.0000000000
131999  -22.854  -60.493  -42.455 0.0000000000
16647  -22.237  -60.080  -42.297 0.0000000000
17594  -22.027  -59.113  -42.289 0.0000000000
18616  -27.054  -58.842  -47.961 0.0000000000
19560  -25.653  -59.095  -47.373 0.0000000000
20525  -26.632  -57.885  -47.456 0.0000000000
20511  -26.737  -56.449  -45.314 0.0000000000
21490  -27.206  -55.874  -44.409 0.0000000000
20512  -27.454  -55.804  -45.211 0.0000000000
134318  -32.578  -50.254  -26.699 0.0000000000
14558  -16.585  -62.700  -19.424 0.0000000000
14533  -16.001  -63.484  -18.781 0.0000000000
14557  -15.607  -62.676  -19.493 0.0000000000
14581  -14.749  -62.091  -20.397 0.0000000000
14622  -15.295  -62.506  -22.517 0.0000000000
14623  -16.446  -62.441  -23.559 0.0000000000
13648  -17.321  -62.898  -24.290 0.0000000000
13647  -17.165  -63.675  -24.073 0.0000000000
12694  -16.989  -64.642  -24.342 0.0000000000
11791  -16.416  -65.619  -24.659 0.0000000000
125163  -15.324  -65.120  -23.050 0.0000000000
11790  -15.332  -65.824  -23.781 0.0000000000
10886  -15.809  -66.627  -25.061 0.0000000000
10902  -15.632  -67.423  -25.014 0.0000000000
10024  -16.149  -67.757  -25.475 0.0000000000
9126  -17.190  -68.619  -24.596 0.0000000000
123476  -25.333  -83.881  -18.097 0.0000000000
558  -24.218  -84.581  -18.642 0.0000000000
125562  -24.301  -83.804  -21.075 0.0000000000
590  -23.744  -83.255  -22.281 0.0000000000
870  -24.349  -82.317  -22.643 0.0000000000
869  -23.622  -82.565  -23.052 0.0000000000
133061  -23.139  -83.348  -22.778 0.0000000000
603  -22.152  -83.122  -24.251 0.0000000000
889  -21.792  -83.064  -25.044 0.0000000000
907  -20.821  -83.197  -27.085 0.0000000000
906  -20.256  -83.133  -27.048 0.0000000000
908  -21.414  -82.540  -27.562 0.0000000000
1215  -21.156  -82.348  -28.251 0.0000000000
1230  -21.771  -81.482  -28.782 0.0000000000
1529  -23.170  -80.198  -27.712 0.0000000000
1545  -22.614  -80.596  -28.597 0.0000000000
1244  -21.931  -80.925  -29.356 0.0000000000
1576  -21.505  -80.045  -30.658 0.0000000000
1947  -20.895  -79.810  -31.329 0.0000000000
1946  -20.860  -79.534  -32.320 0.0000000000
1593  -20.494  -79.602  -33.173 0.0000000000
123986  -22.088  -79.058  -32.834 0.0000000000
1959  -23.107  -79.020  -32.869 0.0000000000
1960  -23.770  -79.258  -32.714 0.0000000000
1940  -24.790  -79.455  -31.303 0.0000000000
118451  -24.262  -79.244  -32.089 0.0000000000
1595  -24.338  -80.409  -32.759 0.0000000000
1267  -24.038  -81.140  -33.027 0.0000000000
1256  -24.295  -81.607  -32.175 0.0000000000
956  -23.792  -82.418  -31.720 0.0000000000
16600  -20.140  -59.948  -38.045 0.0000000000
17535  -19.975  -58.780  -37.067 0.0000000000
133445  -20.291  -55.264  -36.428 0.0000000000
117836  -18.799  -54.501  -36.995 0.0000000000
20432  -18.571  -54.873  -37.898 0.0000000000
20431  -17.522  -54.135  -38.324 0.0000000000
21458  -18.582  -54.832  -39.393 0.0000000000
19482  -19.035  -55.347  -39.503 0.0000000000
20455  -19.121  -55.358  -39.556 0.0000000000
21459  -19.144  -55.048  -39.402 0.0000000000
20457  -21.110  -56.402  -39.681 0.0000000000
20470  -22.295  -56.642  -40.507 0.0000000000
9500  -23.401  -67.283  -53.863 0.0000000000
9499  -22.503  -67.405  -53.687 0.0000000000
131084  -22.739  -67.126  -53.400 0.0000000000
10382  -22.541  -66.770  -52.822 0.0000000000
10369  -22.415  -66.402  -52.009 0.0000000000
10370  -24.083  -67.356  -51.551 0.0000000000
115425  -23.313  -66.681  -51.721 0.0000000000
12093  -21.921  -65.297  -50.774 0.0000000000
1056  -38.681  -83.580  -40.674 0.0000000000
1363  -38.032  -82.609  -41.663 0.0000000000
1364  -39.392  -83.068  -41.030 0.0000000000
1705  -39.945  -81.826  -43.716 0.0000000000
1691  -41.685  -80.929  -41.896 0.0000000000
1715  -40.182  -81.758  -44.487 0.0000000000
1386  -39.950  -81.603  -45.514 0.0000000000
1735  -40.062  -80.552  -46.580 0.0000000000
121212  -40.416  -78.897  -48.455 0.0000000000
28809  -34.293  -47.111  -25.297 0.0000000000
29826  -35.128  -46.767  -25.626 0.0000000000
29851  -36.432  -46.594  -27.437 0.0000000000
29852  -37.092  -46.736  -27.859 0.0000000000
29866  -38.047  -46.595  -28.345 0.0000000000
125586  -38.490  -45.902  -28.655 0.0000000000
30910  -38.813  -45.738  -29.306 0.0000000000
29875  -39.297  -46.349  -29.532 0.0000000000
28876  -39.052  -47.825  -30.711 0.0000000000
27919  -39.189  -48.672  -30.923 0.0000000000
6259  -25.806  -73.034  -57.473 0.0000000000
7003  -26.183  -72.009  -57.490 0.0000000000
137010  -27.205  -70.692  -57.480 0.0000000000
7009  -28.339  -71.584  -57.916 0.0000000000
126455  -28.808  -70.351  -57.814 0.0000000000
7795  -28.381  -69.362  -57.189 0.0000000000
8654  -28.713  -68.561  -56.530 0.0000000000
7792  -28.489  -70.405  -55.485 0.0000000000
2989  -37.601  -77.794  -50.881 0.0000000000
3512  -36.960  -77.028  -51.037 0.0000000000
2997  -37.563  -77.839  -52.073 0.0000000000
3534  -37.217  -77.562  -52.931 0.0000000000
3542  -37.302  -77.801  -54.287 0.0000000000
3018  -39.125  -77.758  -55.367 0.0000000000
3012  -37.781  -78.050  -55.463 0.0000000000
3550  -37.192  -76.708  -57.034 0.0000000000
4172  -36.860  -76.330  -56.959 0.0000000000
4843  -36.948  -74.957  -55.781 0.0000000000
31972  -25.352  -44.643  -33.239 0.0000000000
32993  -22.803  -43.088  -32.800 0.0000000000
32966  -22.674  -43.839  -31.029 0.0000000000
33004  -20.490  -43.080  -33.844 0.0000000000
23203  -35.236  -53.306  -23.278 0.0000000000
23180  -30.968  -52.835  -20.873 0.0000000000
22208  -29.345  -53.082  -22.138 0.0000000000
112507  -27.699  -56.248  -24.540 0.0000000000
112506  -27.137  -56.550  -25.254 0.0000000000
112499  -27.900  -56.879  -25.793 0.0000000000
122002  -27.507  -56.927  -27.087 0.0000000000
137189  -27.143  -57.074  -29.967 0.0000000000
19366  -26.675  -57.465  -31.245 0.0000000000
19381  -25.016  -57.786  -32.544 0.0000000000
20329  -24.462  -56.996  -31.759 0.0000000000
19380  -23.907  -57.751  -32.113 0.0000000000
133793  -16.499  -57.823  -23.452 0.0000000000
19296  -17.097  -57.592  -24.393 0.0000000000
20246  -14.891  -55.319  -23.860 0.0000000000
21267  -14.601  -54.734  -24.406 0.0000000000
20261  -14.213  -55.357  -25.021 0.0000000000
22226  -14.607  -54.271  -24.956 0.0000000000
22227  -15.034  -54.017  -24.933 0.0000000000
23228  -15.912  -53.363  -25.945 0.0000000000
22249  -16.052  -53.463  -26.160 0.0000000000
22260  -17.410  -54.104  -26.884 0.0000000000
4464  -23.498  -75.331  -23.075 0.0000000000
118938  -23.173  -75.120  -24.309 0.0000000000
4494  -22.021  -74.599  -24.830 0.0000000000
3256  -21.006  -76.066  -24.520 0.0000000000
4480  -20.547  -74.712  -24.284 0.0000000000
4493  -21.261  -74.267  -24.696 0.0000000000
133031  -19.980  -73.512  -23.361 0.0000000000
120635  -18.942  -73.075  -22.055 0.0000000000
130861  -18.082  -73.226  -21.024 0.0000000000
5832  -17.684  -72.282  -20.493 0.0000000000
5140  -17.026  -72.983  -19.917 0.0000000000
5139  -16.325  -73.668  -19.645 0.0000000000
4434  -15.519  -73.903  -20.171 0.0000000000
3787  -15.885  -75.331  -19.571 0.0000000000
4446  -15.467  -74.615  -20.610 0.0000000000
4460  -15.377  -74.268  -21.596 0.0000000000
135169  -16.006  -74.216  -23.129 0.0000000000
137228  -16.922  -74.560  -23.666 0.0000000000
3854  -18.123  -75.034  -24.886 0.0000000000
118354  -14.916  -82.039  -26.853 0.0000000000
1523  -14.680  -80.583  -26.832 0.0000000000
1225  -14.530  -81.971  -27.644 0.0000000000
113917  -14.239  -81.027  -28.080 0.0000000000
1571  -14.009  -80.251  -30.016 0.0000000000
126771  -14.598  -82.051  -29.722 0.0000000000
1572  -15.077  -80.630  -30.671 0.0000000000
1934  -14.481  -79.924  -30.595 0.0000000000
1010  -18.332  -82.097  -37.508 0.0000000000
472  -19.350  -83.329  -38.185 0.0000000000
752  -19.405  -83.308  -38.683 0.0000000000
124713  -20.157  -84.187  -38.565 0.0000000000
486  -20.005  -83.620  -39.091 0.0000000000
969  -30.289  -82.349  -32.593 0.0000000000
700  -29.963  -83.279  -33.872 0.0000000000
989  -29.315  -82.528  -33.982 0.0000000000
988  -28.906  -82.405  -34.811 0.0000000000
1000  -28.539  -82.109  -35.652 0.0000000000
1298  -27.783  -80.984  -35.044 0.0000000000
1314  -27.696  -81.016  -36.060 0.0000000000
1009  -28.535  -82.483  -36.503 0.0000000000
1319  -28.141  -82.045  -37.126 0.0000000000
1327  -27.205  -81.758  -38.406 0.0000000000
1326  -26.147  -81.205  -38.718 0.0000000000
1652  -25.473  -80.705  -39.063 0.0000000000
1642  -25.415  -79.907  -38.954 0.0000000000
2035  -26.333  -79.023  -39.896 0.0000000000
2429  -27.381  -78.548  -40.276 0.0000000000
115355  -28.076  -78.359  -40.969 0.0000000000
2455  -29.908  -78.148  -42.643 0.0000000000
132176  -30.799  -78.369  -42.720 0.0000000000
1673  -31.513  -80.438  -41.698 0.0000000000
1039  -31.424  -83.168  -40.265 0.0000000000
1361  -31.394  -81.228  -40.647 0.0000000000
1662  -31.634  -80.863  -39.931 0.0000000000
121719  -31.833  -81.436  -39.716 0.0000000000
2416  -31.802  -79.117  -39.676 0.0000000000
1653  -31.911  -80.435  -39.559 0.0000000000
2024  -32.608  -79.817  -39.623 0.0000000000
131322  -33.096  -79.201  -39.710 0.0000000000
2417  -33.155  -78.475  -39.690 0.0000000000
112429  -34.332  -55.769  -28.277 0.0000000000
112287  -34.553  -55.045  -28.409 0.0000000000
113516  -34.819  -55.772  -28.625 0.0000000000
112070  -19.121  -48.871  -29.500 0.0000000000
27022  -19.526  -49.090  -30.103 0.0000000000
25342  -22.185  -51.662  -36.662 0.0000000000
25330  -21.546  -51.161  -36.083 0.0000000000
25331  -22.613  -51.462  -36.025 0.0000000000
25332  -23.588  -51.649  -35.784 0.0000000000
24382  -24.608  -52.088  -37.449 0.0000000000
133308  -24.441  -51.931  -36.736 0.0000000000
6174  -18.583  -72.089  -49.934 0.0000000000
6924  -19.432  -71.735  -49.285 0.0000000000
133350  -17.599  -70.631  -48.501 0.0000000000
119195  -19.807  -70.943  -47.462 0.0000000000
6888  -18.779  -70.847  -47.910 0.0000000000
7711  -17.546  -70.095  -47.982 0.0000000000
8557  -17.055  -68.502  -47.712 0.0000000000
8543  -16.829  -67.943  -47.394 0.0000000000
9398  -18.245  -68.220  -45.449 0.0000000000
132444  -18.511  -68.001  -44.837 0.0000000000
9399  -19.125  -68.433  -44.530 0.0000000000
10282  -18.846  -67.689  -44.600 0.0000000000
10283  -19.496  -67.152  -44.400 0.0000000000
11169  -20.254  -66.367  -44.397 0.0000000000
11170  -20.755  -65.536  -44.315 0.0000000000
12884  -27.681  -64.715  -39.242 0.0000000000
12883  -26.960  -64.457  -39.706 0.0000000000
11979  -26.366  -65.128  -39.929 0.0000000000
131916  -25.602  -65.439  -40.424 0.0000000000
11993  -25.011  -64.961  -40.947 0.0000000000
11978  -25.680  -64.572  -40.563 0.0000000000
13881  -25.679  -63.639  -40.827 0.0000000000
126054  -25.346  -62.768  -41.451 0.0000000000
15733  -25.891  -61.335  -41.430 0.0000000000
15732  -25.444  -61.298  -41.999 0.0000000000
15748  -24.920  -61.589  -42.375 0.0000000000
16649  -24.413  -60.972  -42.918 0.0000000000
133009  -24.327  -60.671  -45.014 0.0000000000
16677  -24.132  -60.555  -45.175 0.0000000000
16678  -24.508  -60.476  -45.573 0.0000000000
17644  -25.265  -60.228  -46.174 0.0000000000
17662  -25.417  -59.709  -46.838 0.0000000000
18592  -27.049  -58.726  -45.696 0.0000000000
28789  -32.844  -47.010  -25.074 0.0000000000
28808  -33.308  -47.586  -25.317 0.0000000000
112217  -35.817  -48.181  -26.249 0.0000000000
27875  -36.954  -49.099  -27.640 0.0000000000
26101  -40.479  -49.876  -28.915 0.0000000000
25250  -40.984  -50.789  -29.408 0.0000000000
34932  -35.125  -40.877  -29.060 0.0000000000
31962  -35.572  -44.296  -32.149 0.0000000000
32982  -35.242  -42.854  -31.947 0.0000000000
33011  -29.314  -42.763  -34.221 0.0000000000
112131  -29.954  -42.536  -33.980 0.0000000000
31987  -27.483  -44.384  -34.313 0.0000000000
31973  -26.281  -45.077  -33.478 0.0000000000
31935  -24.559  -44.279  -30.058 0.0000000000
31934  -23.786  -44.177  -30.059 0.0000000000
22206  -27.416  -54.465  -21.910 0.0000000000
21252  -26.671  -54.945  -22.291 0.0000000000
21274  -25.315  -55.448  -23.397 0.0000000000
16443  -18.827  -60.427  -23.586 0.0000000000
17359  -17.945  -59.872  -23.192 0.0000000000
119666  -19.915  -62.638  -20.152 0.0000000000
14583  -19.343  -62.350  -20.831 0.0000000000
15498  -16.575  -61.159  -20.700 0.0000000000
15499  -17.723  -61.334  -21.357 0.0000000000
16422  -17.855  -60.872  -22.047 0.0000000000
16433  -17.444  -60.253  -22.235 0.0000000000
17351  -16.909  -59.552  -22.345 0.0000000000
133294  -16.708  -58.505  -23.181 0.0000000000
18322  -15.782  -58.194  -22.535 0.0000000000
19277  -13.731  -57.033  -22.898 0.0000000000
18335  -13.611  -57.686  -23.365 0.0000000000
17356  -13.848  -58.842  -23.253 0.0000000000
18350  -14.082  -58.498  -24.520 0.0000000000
120827  -14.504  -58.889  -25.711 0.0000000000
17391  -14.326  -59.167  -27.427 0.0000000000
17403  -14.001  -59.405  -28.652 0.0000000000
16486  -13.915  -60.149  -28.719 0.0000000000
122590  -13.203  -63.380  -30.359 0.0000000000
12748  -13.374  -64.822  -30.195 0.0000000000
11839  -14.048  -65.654  -30.342 0.0000000000
13661  -17.578  -63.209  -24.931 0.0000000000
13667  -16.318  -63.909  -26.287 0.0000000000
11822  -16.732  -66.190  -27.330 0.0000000000
12729  -16.390  -65.210  -27.292 0.0000000000
12728  -15.116  -65.044  -27.827 0.0000000000
11830  -14.783  -65.847  -28.694 0.0000000000
115912  -15.238  -66.126  -30.565 0.0000000000
11851  -17.345  -66.167  -31.402 0.0000000000
125203  -18.446  -66.982  -30.031 0.0000000000
10945  -18.464  -67.013  -30.622 0.0000000000
9185  -18.045  -68.444  -30.886 0.0000000000
9184  -16.827  -68.828  -30.996 0.0000000000
559  -24.278  -84.540  -17.770 0.0000000000
308  -23.569  -84.620  -18.424 0.0000000000
132412  -21.777  -85.207  -20.738 0.0000000000
571  -21.701  -84.596  -19.785 0.0000000000
127399  -17.936  -80.358  -21.297 0.0000000000
1815  -17.501  -79.698  -21.242 0.0000000000
1813  -16.404  -79.082  -21.282 0.0000000000
1443  -16.926  -79.776  -21.512 0.0000000000
1831  -16.166  -79.305  -22.331 0.0000000000
137491  -17.472  -79.011  -23.837 0.0000000000
1484  -18.819  -80.050  -23.875 0.0000000000
2295  -18.309  -78.693  -24.659 0.0000000000
133612  -17.749  -78.158  -25.297 0.0000000000
136085  -18.120  -78.035  -26.345 0.0000000000
2318  -17.463  -78.308  -27.336 0.0000000000
1524  -16.191  -80.550  -27.123 0.0000000000
1197  -20.572  -82.480  -27.843 0.0000000000
1511  -20.534  -81.273  -27.226 0.0000000000
1526  -20.062  -79.886  -27.698 0.0000000000
1925  -19.492  -79.724  -29.147 0.0000000000
1913  -19.414  -79.725  -28.151 0.0000000000
1897  -19.388  -79.475  -27.381 0.0000000000
1214  -16.256  -81.296  -27.101 0.0000000000
1196  -15.499  -81.295  -26.681 0.0000000000
916  -15.466  -82.874  -27.044 0.0000000000
628  -15.263  -83.868  -27.203 0.0000000000
371  -15.164  -84.976  -27.733 0.0000000000
652  -16.573  -84.851  -28.484 0.0000000000
373  -15.999  -85.479  -27.711 0.0000000000
385  -15.294  -85.386  -28.147 0.0000000000
137652  -15.480  -84.900  -29.638 0.0000000000
178  -15.430  -84.369  -31.612 0.0000000000
191  -15.005  -84.258  -32.447 0.0000000000
120138  -15.167  -84.992  -32.784 0.0000000000
67  -16.315  -85.823  -33.021 0.0000000000
418  -17.471  -84.695  -32.251 0.0000000000
428  -17.434  -84.260  -33.125 0.0000000000
708  -17.477  -82.875  -35.112 0.0000000000
997  -18.486  -81.748  -36.002 0.0000000000
1602  -20.256  -79.805  -33.898 0.0000000000
1614  -19.921  -80.257  -34.494 0.0000000000
1616  -21.625  -79.792  -34.967 0.0000000000
1294  -20.330  -80.289  -35.275 0.0000000000
1293  -19.623  -80.853  -35.153 0.0000000000
132822  -19.663  -81.111  -35.981 0.0000000000
998  -19.265  -81.493  -36.490 0.0000000000
122913  -19.205  -81.756  -37.301 0.0000000000
119123  -19.934  -82.325  -37.401 0.0000000000
728  -19.596  -83.707  -37.535 0.0000000000
460  -19.660  -85.023  -36.974 0.0000000000
451  -19.984  -85.413  -36.237 0.0000000000
237  -19.958  -85.802  -36.728 0.0000000000
97  -20.688  -86.145  -37.006 0.0000000000
98  -21.378  -86.137  -36.984 0.0000000000
246  -22.190  -84.688  -37.331 0.0000000000
643  -31.578  -83.902  -28.516 0.0000000000
124496  -33.145  -83.892  -28.431 0.0000000000
158  -32.954  -85.051  -28.785 0.0000000000
646  -34.489  -84.222  -28.595 0.0000000000
126842  -33.341  -84.865  -28.793 0.0000000000
391  -32.947  -85.157  -29.023 0.0000000000
400  -32.663  -84.767  -29.871 0.0000000000
664  -32.115  -84.131  -30.601 0.0000000000
674  -31.388  -83.175  -31.736 0.0000000000
678  -35.312  -83.471  -31.267 0.0000000000
689  -35.286  -83.393  -32.550 0.0000000000
961  -34.747  -83.064  -31.418 0.0000000000
960  -33.723  -83.056  -30.830 0.0000000000
119636  -32.017  -82.064  -31.215 0.0000000000
958  -31.361  -82.125  -31.602 0.0000000000
115658  -30.560  -81.833  -32.031 0.0000000000
1605  -29.079  -80.998  -32.715 0.0000000000
1596  -28.911  -80.146  -32.425 0.0000000000
1963  -29.446  -79.717  -32.121 0.0000000000
119048  -28.212  -79.855  -32.922 0.0000000000
3367  -27.671  -76.740  -34.816 0.0000000000
113619  -16.687  -52.315  -32.543 0.0000000000
25305  -16.800  -51.166  -32.687 0.0000000000
25306  -17.952  -50.453  -34.598 0.0000000000
24354  -18.724  -51.870  -35.218 0.0000000000
25327  -18.569  -50.441  -36.423 0.0000000000
26216  -18.213  -49.166  -36.427 0.0000000000
26217  -18.836  -49.385  -37.279 0.0000000000
26228  -19.429  -49.984  -37.185 0.0000000000
25340  -20.140  -51.019  -36.791 0.0000000000
116658  -17.997  -53.507  -37.367 0.0000000000
22381  -19.513  -53.102  -37.238 0.0000000000
22382  -19.713  -53.163  -37.140 0.0000000000
121767  -19.585  -53.586  -38.385 0.0000000000
22370  -20.633  -52.759  -36.867 0.0000000000
23370  -21.008  -52.428  -36.912 0.0000000000
24362  -21.271  -51.998  -36.884 0.0000000000
25341  -21.149  -51.468  -36.601 0.0000000000
24380  -22.668  -52.249  -37.457 0.0000000000
24381  -23.421  -52.171  -37.956 0.0000000000
24395  -23.755  -52.390  -38.811 0.0000000000
22403  -23.878  -53.413  -39.187 0.0000000000
24409  -24.415  -52.707  -39.667 0.0000000000
23400  -24.891  -53.013  -40.179 0.0000000000
23407  -25.881  -53.092  -41.017 0.0000000000
5506  -20.678  -73.495  -53.867 0.0000000000
5500  -20.426  -74.202  -53.226 0.0000000000
6968  -20.371  -71.855  -54.868 0.0000000000
6213  -20.607  -73.306  -53.663 0.0000000000
6201  -20.449  -73.553  -52.614 0.0000000000
5487  -19.996  -73.505  -51.697 0.0000000000
116670  -20.724  -72.831  -51.501 0.0000000000
6191  -21.313  -72.363  -50.815 0.0000000000
120174  -21.243  -68.912  -53.504 0.0000000000
8631  -21.248  -68.977  -52.922 0.0000000000
8623  -21.024  -68.226  -52.268 0.0000000000
7776  -21.960  -70.253  -52.710 0.0000000000
6951  -22.118  -71.256  -51.341 0.0000000000
6192  -21.801  -71.887  -51.001 0.0000000000
6176  -21.082  -72.171  -50.049 0.0000000000
6926  -21.525  -71.660  -49.423 0.0000000000
6905  -22.010  -71.252  -48.775 0.0000000000
7714  -22.625  -70.765  -48.172 0.0000000000
121586  -22.504  -71.047  -47.281 0.0000000000
7704  -22.909  -70.904  -46.492 0.0000000000
7685  -23.344  -70.663  -45.763 0.0000000000
2473  -35.366  -78.792  -44.761 0.0000000000
2073  -35.724  -79.967  -43.572 0.0000000000
2481  -35.870  -78.295  -45.139 0.0000000000
2956  -36.171  -77.383  -46.529 0.0000000000
2957  -36.876  -77.924  -46.848 0.0000000000
2975  -37.094  -77.518  -48.349 0.0000000000
1688  -38.476  -81.225  -42.807 0.0000000000
136667  -38.390  -80.869  -43.492 0.0000000000
2083  -37.801  -79.998  -44.547 0.0000000000
2084  -38.288  -80.892  -45.146 0.0000000000
2090  -37.853  -79.891  -45.375 0.0000000000
2507  -37.674  -78.321  -48.067 0.0000000000
126268  -37.685  -77.859  -49.886 0.0000000000
2524  -38.131  -78.563  -50.667 0.0000000000
131972  -38.498  -78.962  -51.300 0.0000000000
119442  -38.708  -79.037  -52.830 0.0000000000
2128  -39.817  -79.318  -51.653 0.0000000000
122432  -39.310  -79.206  -52.270 0.0000000000
2539  -39.479  -78.919  -52.739 0.0000000000
3526  -40.436  -76.636  -51.647 0.0000000000
2499  -40.051  -78.255  -47.555 0.0000000000
135641  -40.165  -79.184  -46.980 0.0000000000
136508  -40.198  -78.889  -47.620 0.0000000000
2509  -40.991  -78.772  -48.571 0.0000000000
2113  -41.468  -78.982  -48.904 0.0000000000
30869  -33.091  -45.574  -24.558 0.0000000000
30874  -34.762  -45.301  -25.618 0.0000000000
33946  -36.088  -42.779  -28.451 0.0000000000
32943  -36.510  -43.294  -28.600 0.0000000000
32955  -36.808  -43.231  -29.362 0.0000000000
129520  -37.145  -44.046  -31.254 0.0000000000
30934  -36.980  -44.825  -31.621 0.0000000000
123957  -38.959  -45.989  -29.704 0.0000000000
30920  -38.831  -45.856  -29.948 0.0000000000
30919  -38.148  -45.353  -30.495 0.0000000000
30935  -37.860  -45.893  -31.245 0.0000000000
30951  -37.170  -45.710  -31.736 0.0000000000
133096  -26.202  -83.578  -17.359 0.0000000000
567  -26.251  -82.993  -18.953 0.0000000000
125932  -26.641  -82.404  -20.312 0.0000000000
849  -27.463  -82.509  -20.451 0.0000000000
1135  -26.620  -81.801  -21.892 0.0000000000
1149  -26.696  -81.509  -22.679 0.0000000000
1177  -27.073  -80.953  -24.307 0.0000000000
1500  -27.153  -80.770  -25.196 0.0000000000
1200  -27.041  -81.014  -26.430 0.0000000000
901  -27.238  -81.598  -25.133 0.0000000000
900  -26.663  -82.397  -25.461 0.0000000000
613  -26.210  -83.285  -24.954 0.0000000000
598  -27.642  -83.606  -23.012 0.0000000000
8  -24.607  -86.725  -24.435 0.0000000000
11  -26.530  -86.722  -23.464 0.0000000000
126640  -25.263  -86.561  -25.448 0.0000000000
15722  -20.485  -61.736  -39.581 0.0000000000
16626  -19.101  -60.459  -40.914 0.0000000000
16625  -18.382  -59.919  -41.362 0.0000000000
6243  -21.184  -72.761  -56.402 0.0000000000
6999  -22.263  -72.374  -57.472 0.0000000000
7793  -21.514  -71.505  -57.034 0.0000000000
7787  -21.247  -70.859  -56.516 0.0000000000
8646  -22.563  -69.922  -55.190 0.0000000000
8652  -26.505  -68.550  -56.273 0.0000000000
131405  -24.450  -68.780  -55.537 0.0000000000
9519  -24.049  -67.570  -54.828 0.0000000000
129834  -26.569  -69.041  -50.350 0.0000000000
3511  -36.278  -76.361  -50.946 0.0000000000
4141  -35.110  -75.918  -51.673 0.0000000000
4152  -35.255  -76.079  -52.529 0.0000000000
3522  -34.240  -76.006  -51.388 0.0000000000
4140  -33.586  -76.290  -52.171 0.0000000000
3520  -32.956  -77.320  -51.913 0.0000000000
3002  -32.369  -78.502  -52.384 0.0000000000
3537  -31.993  -77.608  -54.036 0.0000000000
4159  -31.809  -77.303  -54.170 0.0000000000
118706  -32.278  -75.629  -53.673 0.0000000000
4830  -31.655  -74.661  -53.528 0.0000000000
124479  -30.968  -73.527  -54.927 0.0000000000
5535  -31.460  -72.916  -56.163 0.0000000000
120918  -39.392  -75.235  -51.215 0.0000000000
4823  -38.612  -75.008  -52.800 0.0000000000
4153  -38.685  -75.127  -53.910 0.0000000000
4834  -37.716  -74.745  -54.279 0.0000000000
4844  -37.714  -75.015  -55.517 0.0000000000
4812  -36.301  -73.541  -52.140 0.0000000000
6223  -36.500  -70.901  -52.867 0.0000000000
5505  -36.276  -73.395  -53.424 0.0000000000
5515  -36.720  -73.859  -54.803 0.0000000000
5527  -36.578  -74.145  -55.262 0.0000000000
5525  -35.284  -73.231  -55.705 0.0000000000
6251  -35.651  -71.436  -57.316 0.0000000000
135245  -32.802  -72.661  -56.427 0.0000000000
5536  -32.358  -72.417  -56.707 0.0000000000
125742  -32.018  -71.790  -58.150 0.0000000000
7012  -32.226  -70.922  -58.482 0.0000000000
7005  -31.065  -70.535  -57.622 0.0000000000
115204  -31.179  -71.610  -55.694 0.0000000000
6993  -30.923  -71.387  -56.343 0.0000000000
6991  -28.965  -71.366  -55.408 0.0000000000
131373  -28.328  -70.392  -53.944 0.0000000000
6220  -31.345  -72.096  -52.596 0.0000000000
6962  -29.792  -71.721  -53.226 0.0000000000
6971  -28.805  -71.113  -53.416 0.0000000000
7782  -28.384  -70.400  -53.021 0.0000000000
33007  -25.099  -43.980  -34.667 0.0000000000
119286  -31.839  -50.079  -25.363 0.0000000000
26947  -32.800  -50.120  -25.111 0.0000000000
26065  -32.717  -51.216  -25.886 0.0000000000
24243  -33.848  -53.430  -26.862 0.0000000000
22255  -34.016  -54.491  -27.040 0.0000000000
24227  -35.205  -52.230  -24.210 0.0000000000
24226  -34.819  -52.741  -25.135 0.0000000000
133694  -34.067  -55.043  -27.734 0.0000000000
114065  -33.988  -55.854  -27.701 0.0000000000
135259  -33.388  -56.778  -27.512 0.0000000000
21258  -33.156  -55.086  -23.813 0.0000000000
128498  -30.871  -53.281  -22.010 0.0000000000
21256  -31.084  -54.485  -22.905 0.0000000000
20257  -29.708  -56.296  -24.624 0.0000000000
128873  -31.088  -55.535  -23.935 0.0000000000
21257  -32.090  -55.033  -23.544 0.0000000000
135839  -31.920  -55.778  -24.368 0.0000000000
120049  -31.845  -56.730  -25.523 0.0000000000
19330  -31.096  -57.830  -27.916 0.0000000000
18378  -32.200  -58.456  -29.390 0.0000000000
21225  -25.701  -55.519  -22.611 0.0000000000
21273  -24.516  -55.333  -23.883 0.0000000000
21288  -24.227  -55.255  -24.679 0.0000000000
19302  -17.768  -57.935  -25.153 0.0000000000
18352  -19.180  -58.006  -25.507 0.0000000000
20264  -18.366  -56.667  -25.198 0.0000000000
19280  -22.923  -56.139  -23.782 0.0000000000
124475  -21.296  -54.363  -24.558 0.0000000000
133930  -22.257  -54.831  -24.361 0.0000000000
20233  -23.142  -55.393  -23.906 0.0000000000
21272  -23.218  -54.978  -24.133 0.0000000000
21287  -23.462  -54.859  -24.821 0.0000000000
132524  -24.078  -55.284  -25.538 0.0000000000
122171  -23.715  -55.055  -27.145 0.0000000000
22269  -20.879  -54.605  -29.484 0.0000000000
127624  -21.327  -55.313  -30.150 0.0000000000
21325  -21.319  -56.030  -30.600 0.0000000000
5886  -23.539  -72.535  -24.005 0.0000000000
9950  -15.386  -67.663  -21.783 0.0000000000
9041  -15.982  -69.239  -20.289 0.0000000000
9051  -15.632  -68.746  -21.147 0.0000000000
9072  -15.293  -68.485  -22.515 0.0000000000
9088  -16.286  -68.971  -23.108 0.0000000000
9113  -17.260  -69.165  -23.783 0.0000000000
9114  -18.103  -69.308  -24.441 0.0000000000
5831  -16.545  -72.042  -19.776 0.0000000000
134215  -15.799  -71.486  -20.579 0.0000000000
6593  -16.036  -71.439  -21.875 0.0000000000
135773  -14.916  -72.032  -23.988 0.0000000000
6606  -15.365  -71.708  -23.735 0.0000000000
7406  -16.580  -70.804  -22.674 0.0000000000
7407  -17.393  -70.302  -23.612 0.0000000000
8250  -18.144  -69.968  -24.273 0.0000000000
9127  -18.898  -69.042  -25.277 0.0000000000
8275  -20.121  -69.596  -25.990 0.0000000000
8276  -20.432  -69.682  -26.713 0.0000000000
7465  -20.158  -69.975  -28.261 0.0000000000
6660  -18.644  -71.251  -27.618 0.0000000000
7464  -18.741  -70.851  -28.284 0.0000000000
7476  -19.280  -70.224  -28.786 0.0000000000
115888  -18.434  -70.208  -29.319 0.0000000000
7487  -16.796  -70.224  -30.010 0.0000000000
2257  -15.888  -78.736  -21.480 0.0000000000
2714  -15.331  -77.921  -21.767 0.0000000000
3240  -15.346  -77.553  -22.601 0.0000000000
2738  -15.192  -77.447  -24.019 0.0000000000
117737  -15.271  -77.394  -23.817 0.0000000000
3241  -16.195  -76.450  -22.962 0.0000000000
3852  -16.786  -75.797  -23.718 0.0000000000
3868  -17.844  -75.340  -25.103 0.0000000000
127591  -18.304  -75.386  -26.445 0.0000000000
1911  -14.328  -79.758  -27.337 0.0000000000
2315  -14.074  -77.699  -27.691 0.0000000000
2765  -13.930  -76.887  -27.660 0.0000000000
2776  -13.402  -77.506  -29.338 0.0000000000
3899  -13.862  -75.931  -28.277 0.0000000000
3273  -14.477  -75.558  -27.056 0.0000000000
3891  -15.707  -75.188  -26.953 0.0000000000
3892  -17.453  -75.524  -26.878 0.0000000000
3893  -18.565  -75.380  -27.236 0.0000000000
4545  -18.852  -74.716  -28.470 0.0000000000
5246  -18.258  -74.439  -29.118 0.0000000000
136848  -17.744  -74.077  -29.622 0.0000000000
4561  -16.549  -74.960  -30.795 0.0000000000
5257  -17.219  -73.977  -30.189 0.0000000000
5244  -16.605  -72.855  -30.264 0.0000000000
5929  -16.426  -71.733  -29.970 0.0000000000
739  -17.539  -82.373  -37.775 0.0000000000
1218  -26.640  -80.883  -27.281 0.0000000000
1217  -26.167  -81.028  -28.118 0.0000000000
123653  -25.713  -81.366  -28.867 0.0000000000
631  -25.151  -82.848  -27.373 0.0000000000
928  -25.066  -82.436  -28.821 0.0000000000
943  -25.338  -81.783  -29.364 0.0000000000
949  -24.634  -82.171  -30.548 0.0000000000
948  -23.993  -82.706  -30.938 0.0000000000
673  -23.235  -83.199  -31.307 0.0000000000
374  -22.867  -85.579  -28.497 0.0000000000
388  -22.298  -85.591  -29.355 0.0000000000
397  -22.556  -84.522  -30.050 0.0000000000
661  -22.484  -83.946  -30.907 0.0000000000
409  -21.866  -84.201  -31.462 0.0000000000
420  -21.368  -84.488  -32.060 0.0000000000
203  -21.076  -86.161  -33.514 0.0000000000
70  -22.559  -86.360  -33.285 0.0000000000
81  -22.261  -86.447  -34.160 0.0000000000
120190  -21.825  -86.505  -34.911 0.0000000000
88  -22.248  -86.306  -35.514 0.0000000000
238  -22.584  -85.683  -36.073 0.0000000000
462  -22.925  -84.495  -36.664 0.0000000000
379  -31.460  -85.045  -28.461 0.0000000000
155  -29.951  -85.876  -28.793 0.0000000000
135329  -29.201  -86.195  -29.558 0.0000000000
187  -29.635  -85.670  -30.805 0.0000000000
45  -29.199  -85.953  -30.345 0.0000000000
52  -28.250  -86.292  -31.281 0.0000000000
121968  -27.843  -86.334  -31.915 0.0000000000
701  -30.554  -84.210  -33.770 0.0000000000
446  -30.536  -85.098  -34.479 0.0000000000
85  -29.739  -86.097  -34.637 0.0000000000
467  -29.423  -85.240  -36.169 0.0000000000
91  -29.116  -85.787  -35.636 0.0000000000
443  -25.757  -83.836  -34.199 0.0000000000
123144  -25.361  -83.684  -34.936 0.0000000000
453  -25.476  -83.728  -35.662 0.0000000000
466  -26.339  -84.762  -37.009 0.0000000000
465  -25.588  -83.894  -36.526 0.0000000000
464  -24.715  -83.556  -36.144 0.0000000000
730  -24.320  -83.453  -36.845 0.0000000000
474  -23.656  -83.501  -37.110 0.0000000000
753  -23.419  -83.286  -37.970 0.0000000000
489  -24.055  -83.680  -39.505 0.0000000000
510  -24.239  -84.216  -40.522 0.0000000000
512  -25.440  -84.138  -41.029 0.0000000000
123945  -24.657  -82.581  -41.652 0.0000000000
115051  -25.090  -80.231  -39.843 0.0000000000
124381  -25.275  -79.813  -40.252 0.0000000000
2045  -25.457  -79.704  -40.961 0.0000000000
2062  -28.601  -79.458  -43.083 0.0000000000
126764  -27.633  -79.684  -42.872 0.0000000000
1054  -35.998  -83.248  -41.689 0.0000000000
786  -37.009  -84.081  -41.200 0.0000000000
493  -31.807  -84.433  -39.606 0.0000000000
494  -32.316  -84.852  -39.668 0.0000000000
116542  -34.247  -85.094  -39.423 0.0000000000
137088  -33.652  -83.247  -39.342 0.0000000000
134242  -34.353  -84.775  -39.115 0.0000000000
506  -35.393  -85.050  -39.462 0.0000000000
507  -36.311  -84.929  -39.662 0.0000000000
517  -37.306  -84.450  -40.417 0.0000000000
787  -37.968  -84.128  -40.514 0.0000000000
776  -38.651  -83.749  -39.651 0.0000000000
1044  -39.612  -83.016  -39.468 0.0000000000
1356  -40.363  -82.227  -39.632 0.0000000000
1354  -37.928  -82.053  -39.597 0.0000000000
1355  -39.235  -82.282  -39.509 0.0000000000
26085  -31.619  -51.761  -27.170 0.0000000000
25203  -33.341  -52.773  -27.291 0.0000000000
112401  -34.952  -51.656  -27.005 0.0000000000
112249  -36.448  -51.592  -27.795 0.0000000000
112421  -34.906  -54.441  -28.315 0.0000000000
130384  -35.313  -53.896  -28.166 0.0000000000
112411  -36.141  -53.586  -28.293 0.0000000000
123752  -36.713  -54.236  -28.634 0.0000000000
113666  -36.830  -52.922  -28.510 0.0000000000
113614  -36.570  -52.196  -28.118 0.0000000000
25207  -37.121  -51.591  -28.264 0.0000000000
123499  -38.065  -51.613  -28.405 0.0000000000
123230  -39.172  -51.626  -28.465 0.0000000000
23255  -39.959  -53.358  -28.238 0.0000000000
25210  -40.303  -51.622  -28.707 0.0000000000
25211  -40.641  -51.520  -29.047 0.0000000000
28844  -24.808  -46.710  -28.585 0.0000000000
28843  -23.772  -46.570  -28.008 0.0000000000
29864  -23.782  -46.302  -28.395 0.0000000000
29879  -23.827  -46.496  -30.118 0.0000000000
26201  -16.748  -49.549  -32.792 0.0000000000
27091  -16.778  -48.063  -32.807 0.0000000000
27913  -16.929  -47.216  -32.490 0.0000000000
27965  -17.899  -47.540  -34.560 0.0000000000
27927  -17.495  -46.595  -32.917 0.0000000000
27914  -17.551  -46.996  -32.113 0.0000000000
27042  -19.608  -48.956  -31.455 0.0000000000
26128  -20.457  -49.516  -30.863 0.0000000000
26219  -20.943  -50.444  -35.647 0.0000000000
26212  -21.077  -49.965  -34.708 0.0000000000
26204  -21.263  -49.801  -33.753 0.0000000000
26131  -23.972  -49.691  -30.592 0.0000000000
27026  -23.770  -48.669  -29.949 0.0000000000
28858  -24.426  -47.171  -30.754 0.0000000000
29893  -24.058  -46.531  -31.192 0.0000000000
28883  -25.027  -47.236  -32.481 0.0000000000
123750  -17.277  -65.415  -46.245 0.0000000000
13893  -19.184  -64.218  -42.041 0.0000000000
124627  -19.319  -63.690  -41.722 0.0000000000
13924  -19.189  -63.234  -44.096 0.0000000000
14853  -19.330  -63.258  -42.816 0.0000000000
14841  -19.248  -62.631  -42.046 0.0000000000
127981  -18.841  -61.502  -41.899 0.0000000000
16635  -18.315  -60.043  -41.751 0.0000000000
13025  -23.485  -63.436  -50.105 0.0000000000
11239  -23.404  -64.918  -49.777 0.0000000000
116944  -23.962  -65.933  -49.165 0.0000000000
11225  -23.609  -66.696  -49.019 0.0000000000
10335  -23.856  -67.520  -48.613 0.0000000000
9448  -23.999  -68.347  -48.086 0.0000000000
10309  -25.035  -68.107  -47.149 0.0000000000
115985  -24.455  -68.398  -47.494 0.0000000000
9436  -24.034  -68.970  -47.433 0.0000000000
8560  -24.100  -69.485  -46.675 0.0000000000
8546  -24.057  -70.012  -45.878 0.0000000000
8530  -25.703  -69.091  -44.644 0.0000000000
8515  -26.084  -69.494  -42.736 0.0000000000
8514  -25.421  -69.724  -43.533 0.0000000000
8529  -24.959  -69.699  -44.447 0.0000000000
7666  -24.296  -70.295  -44.318 0.0000000000
7665  -23.578  -70.646  -44.153 0.0000000000
121419  -22.961  -70.855  -44.868 0.0000000000
7652  -22.316  -70.360  -43.486 0.0000000000
114487  -21.831  -69.694  -42.918 0.0000000000
8512  -21.000  -69.170  -43.101 0.0000000000
9372  -22.586  -68.765  -41.973 0.0000000000
8502  -21.720  -68.769  -42.513 0.0000000000
9385  -20.929  -68.238  -42.950 0.0000000000
135689  -21.109  -67.455  -43.219 0.0000000000
11992  -24.443  -65.421  -41.441 0.0000000000
11991  -23.893  -65.952  -41.817 0.0000000000
12003  -23.344  -65.602  -42.295 0.0000000000
127731  -23.264  -63.954  -42.330 0.0000000000
132714  -23.307  -64.770  -42.330 0.0000000000
12002  -22.659  -65.194  -42.612 0.0000000000
12015  -22.094  -65.674  -43.010 0.0000000000
12014  -21.286  -65.234  -43.610 0.0000000000
12946  -20.635  -64.466  -44.541 0.0000000000
12936  -20.487  -63.461  -44.470 0.0000000000
126562  -20.230  -62.564  -44.636 0.0000000000
15764  -19.996  -61.529  -43.888 0.0000000000
15743  -20.144  -60.865  -43.311 0.0000000000
16660  -19.871  -61.024  -43.418 0.0000000000
16644  -19.534  -60.224  -42.948 0.0000000000
17591  -18.865  -59.487  -42.417 0.0000000000
18561  -18.432  -59.106  -41.832 0.0000000000
18562  -18.887  -58.530  -41.548 0.0000000000
18563  -19.507  -57.865  -41.410 0.0000000000
19525  -20.239  -57.523  -41.668 0.0000000000
18574  -21.611  -58.044  -42.269 0.0000000000
19526  -21.234  -57.315  -41.921 0.0000000000
19515  -20.842  -56.905  -41.471 0.0000000000
20483  -21.438  -56.513  -41.307 0.0000000000
20484  -22.423  -56.576  -41.594 0.0000000000
20485  -23.544  -56.688  -41.566 0.0000000000
17642  -23.848  -59.779  -45.827 0.0000000000
18596  -23.727  -59.091  -45.494 0.0000000000
18589  -23.753  -58.359  -44.638 0.0000000000
19552  -25.172  -58.294  -46.552 0.0000000000
19544  -24.186  -58.009  -45.023 0.0000000000
19537  -24.020  -57.557  -44.185 0.0000000000
20502  -23.962  -57.164  -43.515 0.0000000000
20486  -24.552  -56.662  -41.627 0.0000000000
20473  -25.181  -56.394  -40.961 0.0000000000
21478  -25.878  -55.999  -41.396 0.0000000000
21479  -26.510  -55.314  -41.780 0.0000000000
22427  -26.984  -54.478  -42.282 0.0000000000
125193  -26.509  -53.069  -42.381 0.0000000000
23426  -26.828  -52.546  -42.947 0.0000000000
24449  -27.008  -52.287  -42.767 0.0000000000
1  -26.761  -86.477  -22.851 0.0000000000
4  -26.006  -86.788  -23.349 0.0000000000
14  -24.875  -86.889  -24.508 0.0000000000
27  -28.847  -86.247  -28.629 0.0000000000
33  -27.746  -86.723  -29.000 0.0000000000
35  -28.881  -86.487  -29.163 0.0000000000
36  -15.916  -85.149  -30.764 0.0000000000
38  -21.944  -86.338  -30.692 0.0000000000
44  -28.630  -86.181  -30.208 0.0000000000
46  -15.385  -84.765  -31.983 0.0000000000
48  -16.718  -85.643  -31.033 0.0000000000
49  -21.774  -86.298  -31.887 0.0000000000
53  -29.035  -86.154  -31.436 0.0000000000
55  -15.754  -85.607  -32.416 0.0000000000
57  -16.874  -85.703  -31.683 0.0000000000
58  -21.430  -86.237  -32.664 0.0000000000
66  -15.667  -85.609  -33.261 0.0000000000
68  -16.761  -85.681  -32.359 0.0000000000
74  -30.212  -86.146  -33.990 0.0000000000
79  -21.058  -86.239  -34.259 0.0000000000
80  -21.488  -86.380  -34.233 0.0000000000
86  -20.432  -86.197  -36.413 0.0000000000
87  -20.764  -86.481  -35.854 0.0000000000
90  -29.108  -86.096  -35.115 0.0000000000
96  -19.953  -86.040  -37.007 0.0000000000
99  -22.059  -85.583  -36.793 0.0000000000
102  -27.594  -85.786  -37.650 0.0000000000
103  -27.920  -85.797  -37.489 0.0000000000
104  -25.604  -85.147  -38.913 0.0000000000
106  -27.043  -85.883  -38.124 0.0000000000
107  -27.485  -85.867  -37.969 0.0000000000
109  -25.992  -85.484  -38.872 0.0000000000
112  -26.034  -85.313  -39.256 0.0000000000
127  -26.735  -86.060  -22.609 0.0000000000
132  -25.465  -86.576  -23.572 0.0000000000
138  -24.867  -86.599  -23.913 0.0000000000
161  -29.474  -86.279  -28.901 0.0000000000
162  -30.584  -85.800  -28.941 0.0000000000
164  -32.496  -85.216  -28.772 0.0000000000
165  -15.686  -84.837  -30.275 0.0000000000
166  -15.948  -85.623  -29.440 0.0000000000
167  -16.537  -85.798  -29.425 0.0000000000
175  -30.328  -85.494  -30.025 0.0000000000
176  -31.294  -85.496  -29.337 0.0000000000
177  -14.848  -83.853  -32.255 0.0000000000
180  -21.192  -86.046  -31.855 0.0000000000
181  -21.483  -86.146  -31.193 0.0000000000
198  -30.113  -86.014  -32.603 0.0000000000
208  -30.434  -85.920  -33.389 0.0000000000
220  -29.894  -85.715  -35.020 0.0000000000
221  -30.254  -85.751  -34.566 0.0000000000
228  -23.013  -85.684  -35.285 0.0000000000
231  -29.636  -85.524  -35.577 0.0000000000
232  -30.133  -85.387  -35.124 0.0000000000
241  -28.393  -85.710  -36.820 0.0000000000
242  -29.000  -85.607  -36.183 0.0000000000
245  -21.051  -85.798  -37.566 0.0000000000
248  -26.917  -85.646  -37.547 0.0000000000
252  -20.721  -85.206  -37.855 0.0000000000
254  -25.268  -84.957  -38.979 0.0000000000
256  -27.484  -85.762  -38.329 0.0000000000
260  -26.530  -85.295  -39.428 0.0000000000
261  -27.018  -85.442  -39.086 0.0000000000
262  -25.508  -84.900  -39.765 0.0000000000
266  -24.553  -84.436  -40.354 0.0000000000
267  -25.026  -84.676  -40.527 0.0000000000
271  -32.780  -84.558  -41.645 0.0000000000
292  -23.977  -84.340  -16.720 0.0000000000
313  -22.927  -85.060  -19.450 0.0000000000
314  -23.440  -84.829  -19.103 0.0000000000
323  -21.345  -85.096  -21.265 0.0000000000
324  -21.846  -85.196  -21.317 0.0000000000
325  -22.539  -84.899  -21.561 0.0000000000
329  -19.038  -84.933  -22.739 0.0000000000
335  -18.850  -84.566  -23.407 0.0000000000
336  -19.077  -84.731  -23.354 0.0000000000
337  -20.527  -84.961  -23.002 0.0000000000
338  -21.494  -84.625  -22.768 0.0000000000
345  -19.782  -84.490  -24.479 0.0000000000
349  -26.603  -84.347  -23.550 0.0000000000
365  -15.275  -84.539  -27.430 0.0000000000
366  -15.603  -84.756  -27.407 0.0000000000
372  -15.485  -85.328  -27.711 0.0000000000
380  -32.324  -85.028  -28.522 0.0000000000
381  -32.965  -84.903  -28.623 0.0000000000
382  -33.959  -84.652  -28.825 0.0000000000
383  -34.783  -84.421  -28.862 0.0000000000
386  -16.294  -85.704  -28.484 0.0000000000
389  -23.137  -84.525  -29.294 0.0000000000
392  -33.561  -84.878  -29.041 0.0000000000
405  -15.317  -84.270  -31.681 0.0000000000
410  -24.661  -84.767  -31.923 0.0000000000
411  -25.279  -84.695  -31.668 0.0000000000
421  -24.299  -84.780  -32.588 0.0000000000
441  -23.653  -84.889  -34.797 0.0000000000
442  -24.304  -84.384  -34.082 0.0000000000
454  -26.124  -84.085  -35.147 0.0000000000
461  -19.890  -84.580  -36.705 0.0000000000
475  -25.329  -84.050  -37.844 0.0000000000
476  -28.577  -84.979  -37.448 0.0000000000
477  -29.132  -84.609  -36.736 0.0000000000
485  -28.082  -85.478  -38.058 0.0000000000
490  -24.697  -84.404  -39.280 0.0000000000
491  -26.384  -84.729  -39.924 0.0000000000
492  -26.973  -84.810  -39.485 0.0000000000
497  -36.136  -84.820  -39.045 0.0000000000
504  -31.635  -84.848  -40.265 0.0000000000
508  -37.012  -84.695  -39.877 0.0000000000
560  -26.747  -83.104  -18.105 0.0000000000
573  -24.482  -84.107  -20.165 0.0000000000
574  -25.322  -83.208  -20.131 0.0000000000
577  -17.574  -83.202  -21.957 0.0000000000
581  -20.989  -84.915  -21.464 0.0000000000
582  -23.458  -84.292  -21.497 0.0000000000
586  -17.745  -83.688  -22.378 0.0000000000
588  -22.422  -83.929  -22.820 0.0000000000
594  -18.128  -84.229  -23.045 0.0000000000
600  -18.635  -84.339  -23.428 0.0000000000
610  -19.946  -83.977  -25.665 0.0000000000
611  -19.980  -83.958  -26.074 0.0000000000
612  -25.232  -84.253  -25.033 0.0000000000
621  -20.153  -83.741  -26.552 0.0000000000
627  -15.147  -83.693  -27.194 0.0000000000
629  -15.667  -83.943  -27.264 0.0000000000
638  -24.829  -83.012  -28.088 0.0000000000
647  -35.424  -83.874  -28.645 0.0000000000
651  -15.268  -84.751  -29.298 0.0000000000
653  -17.068  -84.064  -29.512 0.0000000000
658  -15.017  -83.828  -29.500 0.0000000000
670  -15.264  -83.897  -31.700 0.0000000000
675  -31.999  -83.049  -31.166 0.0000000000
677  -35.141  -83.492  -31.262 0.0000000000
683  -17.908  -83.779  -32.607 0.0000000000
713  -30.206  -84.097  -34.662 0.0000000000
722  -24.829  -83.634  -35.243 0.0000000000
723  -29.819  -84.121  -35.582 0.0000000000
732  -29.336  -83.912  -36.330 0.0000000000
742  -24.437  -83.429  -37.666 0.0000000000
762  -26.862  -83.221  -39.922 0.0000000000
763  -27.399  -83.166  -39.225 0.0000000000
768  -36.867  -84.378  -39.009 0.0000000000
769  -38.149  -84.033  -39.082 0.0000000000
774  -26.150  -82.943  -40.696 0.0000000000
775  -31.403  -84.218  -40.196 0.0000000000
781  -25.062  -83.458  -41.522 0.0000000000
782  -25.657  -83.320  -41.215 0.0000000000
834  -21.850  -83.909  -19.373 0.0000000000
848  -25.967  -82.497  -20.576 0.0000000000
861  -26.913  -82.100  -21.130 0.0000000000
862  -27.829  -82.560  -21.357 0.0000000000
871  -25.085  -82.059  -22.159 0.0000000000
873  -28.205  -83.120  -21.773 0.0000000000
881  -24.278  -81.678  -23.402 0.0000000000
887  -18.521  -83.421  -23.607 0.0000000000
891  -27.124  -82.488  -24.682 0.0000000000
897  -20.877  -83.628  -26.016 0.0000000000
910  -26.474  -81.680  -26.703 0.0000000000
915  -15.079  -82.933  -26.974 0.0000000000
932  -32.273  -83.028  -28.639 0.0000000000
939  -14.612  -83.405  -28.761 0.0000000000
946  -14.865  -82.911  -29.615 0.0000000000
953  -15.509  -82.908  -31.135 0.0000000000
959  -32.710  -82.495  -30.954 0.0000000000
968  -22.758  -82.720  -32.911 0.0000000000
976  -21.814  -83.097  -34.221 0.0000000000
979  -29.813  -82.462  -33.182 0.0000000000
980  -30.506  -83.240  -32.996 0.0000000000
1021  -28.170  -83.251  -38.015 0.0000000000
1028  -31.747  -83.677  -39.554 0.0000000000
1045  -40.504  -82.429  -39.735 0.0000000000
1046  -40.937  -82.228  -39.932 0.0000000000
1049  -22.775  -82.164  -41.146 0.0000000000
1051  -25.144  -82.926  -41.609 0.0000000000
1053  -31.314  -82.258  -40.838 0.0000000000
1068  -31.651  -82.177  -43.562 0.0000000000
1128  -17.698  -81.857  -21.639 0.0000000000
1134  -25.966  -81.689  -22.134 0.0000000000
1158  -17.860  -81.669  -23.024 0.0000000000
1160  -26.230  -81.080  -23.234 0.0000000000
1161  -26.914  -81.195  -23.535 0.0000000000
1162  -27.374  -81.537  -23.941 0.0000000000
1194  -14.911  -80.686  -26.520 0.0000000000
1195  -15.063  -81.160  -26.427 0.0000000000
1199  -23.321  -80.629  -26.407 0.0000000000
1201  -27.184  -81.091  -25.768 0.0000000000
1211  -14.947  -81.223  -26.560 0.0000000000
1212  -15.143  -81.887  -26.648 0.0000000000
1216  -22.032  -81.901  -27.762 0.0000000000
1228  -20.921  -81.475  -28.938 0.0000000000
1242  -17.031  -81.238  -28.986 0.0000000000
1245  -25.632  -80.821  -29.723 0.0000000000
1247  -14.287  -81.144  -29.860 0.0000000000
1248  -15.236  -81.526  -30.610 0.0000000000
1251  -25.358  -80.714  -30.652 0.0000000000
1255  -18.253  -81.032  -31.931 0.0000000000
1259  -31.002  -81.166  -31.661 0.0000000000
1265  -18.725  -80.864  -32.545 0.0000000000
1268  -24.562  -80.884  -32.409 0.0000000000
1269  -29.818  -81.593  -32.502 0.0000000000
1279  -18.893  -81.656  -33.071 0.0000000000
1292  -19.009  -81.599  -35.391 0.0000000000
1308  -21.795  -80.427  -35.405 0.0000000000
1309  -27.250  -80.460  -35.370 0.0000000000
1315  -28.185  -81.730  -36.362 0.0000000000
1338  -26.596  -81.857  -39.167 0.0000000000
1347  -24.494  -80.858  -41.070 0.0000000000
1349  -25.408  -81.625  -39.985 0.0000000000
1372  -31.635  -80.962  -42.729 0.0000000000
1375  -40.446  -82.065  -41.873 0.0000000000
1376  -41.333  -81.500  -41.331 0.0000000000
1444  -17.394  -80.222  -21.486 0.0000000000
1462  -16.936  -80.078  -21.778 0.0000000000
1475  -18.040  -80.587  -23.247 0.0000000000
1499  -26.436  -80.121  -25.119 0.0000000000
1510  -20.336  -80.384  -27.339 0.0000000000
1525  -17.007  -80.480  -27.569 0.0000000000
1540  -14.051  -80.094  -28.220 0.0000000000
1544  -20.049  -80.027  -28.529 0.0000000000
1559  -14.055  -80.635  -29.156 0.0000000000
1561  -18.067  -79.884  -29.755 0.0000000000
1563  -20.884  -80.869  -29.538 0.0000000000
1564  -21.324  -80.754  -29.833 0.0000000000
1565  -22.141  -80.210  -29.999 0.0000000000
1567  -25.937  -79.671  -28.761 0.0000000000
1585  -30.617  -80.397  -31.744 0.0000000000
1587  -32.237  -80.089  -32.018 0.0000000000
1592  -19.601  -80.264  -33.524 0.0000000000
1594  -23.843  -80.286  -33.384 0.0000000000
1604  -28.171  -80.504  -33.411 0.0000000000
1617  -22.547  -80.083  -34.705 0.0000000000
1629  -21.029  -80.154  -35.578 0.0000000000
1635  -26.501  -80.107  -36.400 0.0000000000
1639  -27.146  -80.732  -36.729 0.0000000000
1643  -25.753  -80.420  -38.454 0.0000000000
1651  -25.226  -80.286  -39.406 0.0000000000
1654  -32.439  -80.589  -39.658 0.0000000000
1697  -29.570  -80.000  -44.113 0.0000000000
1700  -34.892  -80.424  -43.792 0.0000000000
1701  -35.452  -80.663  -43.209 0.0000000000
1722  -38.825  -81.397  -45.969 0.0000000000
1723  -39.822  -81.183  -46.159 0.0000000000
1733  -38.977  -80.677  -47.215 0.0000000000
1737  -39.920  -80.090  -47.227 0.0000000000
1739  -39.198  -79.702  -48.255 0.0000000000
1814  -16.931  -79.492  -21.269 0.0000000000
1822  -16.287  -79.288  -21.671 0.0000000000
1843  -16.998  -79.616  -22.943 0.0000000000
1844  -18.080  -79.600  -23.657 0.0000000000
1857  -19.720  -79.431  -25.099 0.0000000000
1862  -19.226  -78.855  -25.309 0.0000000000
1863  -19.905  -79.343  -25.825 0.0000000000
1864  -25.248  -79.376  -26.298 0.0000000000
1866  -26.773  -80.115  -25.763 0.0000000000
1874  -14.680  -80.101  -26.868 0.0000000000
1876  -15.696  -79.949  -27.035 0.0000000000
1880  -24.373  -79.368  -27.033 0.0000000000
1881  -25.044  -79.170  -26.906 0.0000000000
1883  -26.595  -79.829  -26.612 0.0000000000
1891  -14.044  -78.683  -27.735 0.0000000000
1892  -14.511  -78.945  -27.315 0.0000000000
1894  -16.630  -79.203  -27.466 0.0000000000
1896  -18.570  -79.266  -27.478 0.0000000000
1900  -25.434  -79.169  -27.490 0.0000000000
1926  -23.095  -79.356  -29.946 0.0000000000
1927  -23.919  -78.856  -29.794 0.0000000000
1928  -24.642  -78.965  -29.566 0.0000000000
1933  -13.714  -79.395  -30.262 0.0000000000
1935  -18.599  -79.683  -30.239 0.0000000000
1936  -19.143  -79.591  -30.077 0.0000000000
1961  -24.174  -79.788  -32.808 0.0000000000
1962  -28.800  -79.232  -32.404 0.0000000000
1972  -21.895  -79.209  -33.652 0.0000000000
1974  -23.448  -79.596  -33.451 0.0000000000
1975  -27.678  -79.323  -33.383 0.0000000000
1987  -22.939  -79.669  -34.177 0.0000000000
1988  -26.766  -79.067  -34.598 0.0000000000
2001  -26.906  -79.807  -34.908 0.0000000000
2011  -25.917  -79.679  -37.561 0.0000000000
2013  -25.787  -79.554  -38.281 0.0000000000
2023  -31.991  -79.509  -39.463 0.0000000000
2036  -27.533  -78.916  -41.303 0.0000000000
2037  -31.536  -79.432  -40.389 0.0000000000
2038  -33.589  -79.243  -40.364 0.0000000000
2064  -30.990  -78.957  -43.266 0.0000000000
2072  -31.136  -79.684  -43.570 0.0000000000
2092  -40.216  -79.209  -46.015 0.0000000000
2108  -38.464  -80.138  -47.393 0.0000000000
2109  -40.109  -79.292  -47.628 0.0000000000
2115  -38.993  -79.368  -49.827 0.0000000000
2129  -40.672  -79.093  -51.702 0.0000000000
2246  -16.018  -78.367  -20.946 0.0000000000
2247  -16.583  -78.794  -21.012 0.0000000000
2248  -17.094  -79.200  -21.058 0.0000000000
2256  -15.591  -78.096  -21.208 0.0000000000
2258  -17.057  -78.598  -20.875 0.0000000000
2267  -15.508  -78.440  -21.962 0.0000000000
2277  -15.316  -78.108  -23.279 0.0000000000
2279  -16.406  -78.946  -23.428 0.0000000000
2305  -16.685  -77.843  -25.243 0.0000000000
2310  -17.751  -77.921  -26.809 0.0000000000
2317  -16.459  -78.064  -27.497 0.0000000000
2319  -18.372  -78.617  -27.105 0.0000000000
2320  -25.211  -79.004  -27.965 0.0000000000
2323  -13.548  -78.029  -28.739 0.0000000000
2327  -13.507  -78.697  -29.958 0.0000000000
2386  -26.613  -78.539  -35.201 0.0000000000
2436  -28.399  -78.496  -41.751 0.0000000000
2439  -31.247  -78.121  -42.003 0.0000000000
2475  -37.175  -79.115  -44.876 0.0000000000
2482  -36.501  -78.407  -45.295 0.0000000000
2485  -40.592  -79.444  -44.634 0.0000000000
2497  -37.536  -78.499  -47.317 0.0000000000
2500  -40.332  -78.546  -48.127 0.0000000000
2508  -38.256  -79.119  -48.475 0.0000000000
2511  -42.783  -78.521  -48.613 0.0000000000
2531  -38.588  -79.113  -52.079 0.0000000000
2533  -40.937  -78.810  -52.146 0.0000000000
2541  -41.024  -78.347  -52.068 0.0000000000
2702  -15.538  -77.449  -20.857 0.0000000000
2704  -18.094  -77.397  -21.273 0.0000000000
2705  -18.741  -77.762  -21.908 0.0000000000
2717  -20.096  -77.778  -23.071 0.0000000000
2726  -15.317  -78.156  -22.646 0.0000000000
2727  -20.019  -77.054  -23.377 0.0000000000
2749  -15.141  -76.803  -24.842 0.0000000000
2750  -16.037  -77.239  -25.963 0.0000000000
2751  -16.955  -77.554  -26.745 0.0000000000
2764  -13.757  -77.339  -27.906 0.0000000000
2770  -13.572  -77.369  -28.419 0.0000000000
2827  -26.930  -77.899  -35.051 0.0000000000
2851  -27.352  -77.408  -36.238 0.0000000000
2868  -28.289  -76.948  -38.461 0.0000000000
2893  -31.467  -77.406  -40.065 0.0000000000
2901  -28.657  -77.665  -41.349 0.0000000000
2902  -29.492  -77.129  -41.537 0.0000000000
2904  -31.066  -77.430  -41.394 0.0000000000
2916  -29.960  -77.505  -42.106 0.0000000000
2946  -35.912  -77.749  -45.792 0.0000000000
2964  -37.004  -77.731  -47.601 0.0000000000
2976  -40.099  -77.618  -47.878 0.0000000000
2999  -41.547  -78.008  -51.456 0.0000000000
3013  -38.471  -78.416  -54.417 0.0000000000
3015  -36.413  -77.028  -56.818 0.0000000000
3016  -37.485  -77.444  -56.467 0.0000000000
3017  -38.497  -77.649  -56.034 0.0000000000
3207  -15.909  -76.872  -19.940 0.0000000000
3218  -15.611  -76.635  -20.490 0.0000000000
3244  -21.245  -76.741  -24.290 0.0000000000
3254  -15.168  -77.013  -24.482 0.0000000000
3258  -22.591  -76.280  -24.524 0.0000000000
3274  -14.843  -75.948  -26.243 0.0000000000
3277  -14.015  -76.051  -27.510 0.0000000000
3283  -13.693  -76.682  -28.028 0.0000000000
3289  -13.603  -76.726  -28.866 0.0000000000
3300  -14.247  -76.421  -30.661 0.0000000000
3310  -14.341  -76.272  -31.174 0.0000000000
3406  -28.899  -76.090  -39.697 0.0000000000
3409  -31.864  -76.442  -39.138 0.0000000000
3429  -30.077  -76.730  -41.185 0.0000000000
3498  -34.304  -76.723  -49.668 0.0000000000
3501  -36.974  -77.042  -50.025 0.0000000000
3786  -15.708  -74.997  -19.918 0.0000000000
3805  -18.340  -75.711  -21.447 0.0000000000
3823  -15.634  -75.205  -21.297 0.0000000000
3826  -19.500  -75.612  -22.991 0.0000000000
3841  -20.023  -75.841  -23.642 0.0000000000
3842  -20.520  -75.593  -24.226 0.0000000000
3843  -23.458  -75.785  -23.909 0.0000000000
3853  -17.456  -75.363  -24.368 0.0000000000
3855  -21.302  -75.276  -24.747 0.0000000000
3867  -15.942  -76.309  -24.660 0.0000000000
3880  -17.614  -75.509  -25.846 0.0000000000
3881  -18.962  -75.120  -26.639 0.0000000000
3882  -19.193  -75.101  -27.397 0.0000000000
3889  -14.319  -75.201  -27.790 0.0000000000
3890  -14.778  -75.007  -27.284 0.0000000000
3901  -16.848  -75.382  -28.830 0.0000000000
3902  -16.989  -75.422  -27.866 0.0000000000
3903  -18.726  -75.251  -28.137 0.0000000000
3904  -19.272  -74.922  -27.950 0.0000000000
3917  -18.217  -75.094  -28.976 0.0000000000
3926  -16.244  -75.325  -30.488 0.0000000000
4155  -40.019  -75.723  -53.358 0.0000000000
4436  -16.419  -74.612  -19.682 0.0000000000
4463  -19.445  -74.753  -22.856 0.0000000000
4478  -15.209  -73.684  -22.808 0.0000000000
4495  -22.753  -74.579  -24.613 0.0000000000
4510  -18.257  -74.624  -25.326 0.0000000000
4525  -19.312  -74.794  -26.919 0.0000000000
4562  -16.943  -74.599  -30.350 0.0000000000
4575  -16.214  -74.686  -31.235 0.0000000000
4846  -36.444  -75.745  -56.435 0.0000000000
4847  -37.362  -75.618  -56.365 0.0000000000
5122  -15.885  -72.667  -19.749 0.0000000000
5138  -15.817  -73.383  -19.745 0.0000000000
5147  -15.260  -73.234  -20.962 0.0000000000
5165  -14.867  -72.977  -23.610 0.0000000000
5168  -20.586  -73.738  -24.149 0.0000000000
5181  -15.024  -72.634  -24.384 0.0000000000
5185  -22.788  -73.906  -24.544 0.0000000000
5202  -16.232  -72.754  -25.508 0.0000000000
5219  -19.304  -74.206  -27.275 0.0000000000
5229  -18.802  -73.495  -27.766 0.0000000000
5239  -19.245  -74.334  -27.962 0.0000000000
5245  -17.341  -73.213  -29.634 0.0000000000
5256  -16.588  -74.008  -30.934 0.0000000000
5484  -16.482  -74.793  -51.627 0.0000000000
5829  -15.875  -72.053  -19.917 0.0000000000
5830  -16.062  -71.465  -19.637 0.0000000000
5854  -15.064  -72.798  -21.983 0.0000000000
5882  -15.337  -72.237  -25.190 0.0000000000
5885  -22.896  -72.387  -24.451 0.0000000000
5900  -16.776  -72.410  -26.105 0.0000000000
5916  -18.118  -72.922  -27.206 0.0000000000
5923  -18.090  -72.967  -28.496 0.0000000000
6190  -20.634  -72.619  -50.807 0.0000000000
6242  -20.427  -72.367  -56.008 0.0000000000
6253  -20.985  -72.389  -56.753 0.0000000000
6254  -21.993  -73.047  -57.310 0.0000000000
6258  -22.070  -72.925  -57.660 0.0000000000
6260  -26.363  -73.345  -57.515 0.0000000000
6263  -31.361  -71.481  -58.473 0.0000000000
6556  -16.036  -70.952  -19.693 0.0000000000
6573  -15.900  -70.465  -20.767 0.0000000000
6574  -18.127  -71.574  -20.978 0.0000000000
6575  -18.869  -71.554  -21.859 0.0000000000
6592  -15.019  -72.101  -23.206 0.0000000000
6621  -15.034  -72.066  -24.624 0.0000000000
6623  -17.175  -71.055  -24.429 0.0000000000
6922  -15.876  -70.915  -49.862 0.0000000000
6939  -22.099  -71.263  -50.507 0.0000000000
6961  -29.307  -71.368  -52.968 0.0000000000
6980  -28.769  -71.359  -54.433 0.0000000000
6992  -29.817  -71.472  -55.914 0.0000000000
6997  -20.979  -71.680  -56.895 0.0000000000
6998  -21.646  -72.316  -57.229 0.0000000000
7006  -32.306  -70.780  -57.946 0.0000000000
7361  -16.356  -70.305  -19.890 0.0000000000
7394  -19.721  -70.854  -22.849 0.0000000000
7411  -22.881  -70.461  -24.318 0.0000000000
7442  -19.920  -70.121  -25.836 0.0000000000
7453  -20.096  -70.349  -26.402 0.0000000000
7459  -20.228  -70.298  -27.360 0.0000000000
7475  -17.525  -70.559  -29.448 0.0000000000
7646  -23.930  -70.307  -42.690 0.0000000000
7664  -22.146  -70.674  -44.344 0.0000000000
7786  -20.875  -71.084  -56.539 0.0000000000
7797  -31.627  -70.769  -58.357 0.0000000000
7798  -30.003  -70.229  -58.099 0.0000000000
8182  -15.968  -69.646  -20.062 0.0000000000
8196  -16.678  -69.717  -20.248 0.0000000000
8216  -16.021  -69.466  -22.162 0.0000000000
8230  -19.881  -69.384  -23.211 0.0000000000
8263  -18.799  -69.832  -24.869 0.0000000000
8264  -19.508  -69.699  -25.505 0.0000000000
8281  -20.414  -69.545  -27.755 0.0000000000
8293  -20.279  -69.298  -28.430 0.0000000000
8307  -17.935  -69.829  -29.823 0.0000000000
8309  -19.745  -68.900  -29.508 0.0000000000
8310  -20.090  -68.770  -28.935 0.0000000000
8496  -25.004  -69.552  -41.550 0.0000000000
9052  -15.863  -68.706  -20.820 0.0000000000
9054  -17.503  -68.871  -21.327 0.0000000000
9071  -15.350  -68.381  -21.788 0.0000000000
9087  -15.397  -68.219  -23.668 0.0000000000
9112  -16.355  -68.494  -24.042 0.0000000000
9125  -16.161  -68.143  -24.944 0.0000000000
9128  -19.711  -69.113  -25.827 0.0000000000
9138  -20.117  -68.950  -26.542 0.0000000000
9139  -20.419  -69.049  -27.324 0.0000000000
9165  -19.940  -68.425  -28.528 0.0000000000
9174  -19.596  -68.357  -29.615 0.0000000000
9352  -24.739  -68.179  -40.613 0.0000000000
9354  -26.214  -68.556  -40.615 0.0000000000
9355  -27.000  -68.444  -40.666 0.0000000000
9364  -23.364  -68.732  -41.542 0.0000000000
9387  -26.802  -68.984  -42.936 0.0000000000
9508  -21.341  -68.665  -53.619 0.0000000000
9513  -27.837  -66.533  -55.000 0.0000000000
9514  -28.214  -66.638  -55.313 0.0000000000
9521  -27.498  -66.558  -55.395 0.0000000000
9523  -28.505  -67.029  -55.726 0.0000000000
9527  -28.509  -67.509  -56.202 0.0000000000
9972  -15.071  -67.878  -22.473 0.0000000000
10023  -15.668  -67.815  -24.869 0.0000000000
10058  -18.688  -67.655  -28.654 0.0000000000
10070  -18.986  -67.424  -29.504 0.0000000000
10080  -18.790  -67.488  -30.594 0.0000000000
10081  -19.356  -67.884  -30.212 0.0000000000
10214  -27.003  -67.456  -39.649 0.0000000000
10345  -21.619  -66.449  -49.978 0.0000000000
10380  -20.860  -66.827  -52.162 0.0000000000
10388  -21.065  -67.282  -52.741 0.0000000000
10396  -28.290  -66.655  -55.495 0.0000000000
10818  -15.296  -66.772  -22.026 0.0000000000
10845  -15.095  -67.331  -22.354 0.0000000000
10863  -14.961  -66.727  -23.147 0.0000000000
10936  -16.827  -66.576  -29.975 0.0000000000
10938  -19.041  -67.377  -30.155 0.0000000000
11084  -25.021  -66.708  -40.584 0.0000000000
11226  -24.386  -66.856  -48.564 0.0000000000
11265  -20.973  -66.320  -51.673 0.0000000000
11724  -15.478  -64.950  -21.246 0.0000000000
11776  -15.113  -66.007  -23.131 0.0000000000
11811  -16.945  -65.425  -26.461 0.0000000000
11977  -24.977  -65.810  -40.818 0.0000000000
12004  -23.903  -65.096  -41.979 0.0000000000
12031  -17.050  -65.362  -46.141 0.0000000000
12034  -19.556  -63.680  -45.820 0.0000000000
12078  -23.339  -64.067  -50.188 0.0000000000
12638  -15.225  -64.187  -20.420 0.0000000000
12700  -17.126  -64.267  -25.726 0.0000000000
12713  -17.218  -64.915  -25.858 0.0000000000
12937  -20.908  -64.390  -43.487 0.0000000000
13026  -23.765  -63.194  -50.147 0.0000000000
14608  -14.690  -62.362  -21.262 0.0000000000
14648  -16.280  -62.497  -25.655 0.0000000000
14655  -15.031  -62.707  -26.045 0.0000000000
14834  -26.639  -62.194  -40.559 0.0000000000
14859  -24.747  -62.333  -42.169 0.0000000000
14875  -20.072  -61.976  -44.323 0.0000000000
14890  -19.922  -62.364  -44.944 0.0000000000
14891  -19.977  -62.388  -45.020 0.0000000000
15496  -14.907  -61.144  -20.437 0.0000000000
15517  -14.776  -61.601  -21.825 0.0000000000
15518  -18.694  -61.339  -22.147 0.0000000000
15519  -19.527  -61.465  -22.534 0.0000000000
15713  -20.431  -61.531  -38.984 0.0000000000
16421  -16.995  -60.638  -21.438 0.0000000000
16452  -19.256  -60.265  -24.683 0.0000000000
16636  -25.771  -60.670  -41.761 0.0000000000
16662  -24.168  -60.693  -44.265 0.0000000000
16676  -23.811  -60.215  -45.174 0.0000000000
16689  -24.075  -60.216  -46.013 0.0000000000
16702  -24.289  -60.068  -46.500 0.0000000000
17350  -14.380  -58.839  -21.600 0.0000000000
17358  -17.266  -59.101  -23.257 0.0000000000
17367  -18.043  -59.281  -24.154 0.0000000000
17383  -19.688  -59.330  -25.476 0.0000000000
17577  -18.284  -59.490  -41.525 0.0000000000
17590  -18.311  -59.613  -41.973 0.0000000000
17597  -26.135  -58.945  -42.780 0.0000000000
17629  -25.842  -59.537  -44.786 0.0000000000
17643  -23.750  -59.944  -46.464 0.0000000000
17660  -24.493  -59.859  -46.656 0.0000000000
18308  -14.102  -58.291  -22.168 0.0000000000
18351  -18.536  -58.458  -25.353 0.0000000000
18550  -18.398  -59.053  -41.418 0.0000000000
18573  -19.615  -58.148  -41.915 0.0000000000
18590  -23.918  -58.668  -45.522 0.0000000000
18591  -26.357  -59.108  -45.208 0.0000000000
18599  -26.319  -59.501  -46.745 0.0000000000
18605  -25.230  -59.634  -47.048 0.0000000000
19261  -14.039  -57.674  -22.426 0.0000000000
19279  -15.360  -57.304  -22.794 0.0000000000
19303  -18.437  -57.627  -25.392 0.0000000000
19328  -28.968  -57.465  -27.718 0.0000000000
19561  -26.492  -58.734  -47.686 0.0000000000
20210  -25.334  -55.827  -22.663 0.0000000000
20231  -14.137  -55.534  -23.707 0.0000000000
20235  -24.537  -55.768  -23.237 0.0000000000
20245  -13.950  -55.403  -24.107 0.0000000000
20250  -19.820  -56.153  -24.791 0.0000000000
20251  -20.596  -55.880  -24.486 0.0000000000
20262  -16.740  -55.596  -24.762 0.0000000000
20328  -22.593  -56.825  -31.197 0.0000000000
20434  -20.439  -56.271  -36.419 0.0000000000
20444  -20.138  -55.312  -39.071 0.0000000000
20454  -18.729  -54.749  -39.303 0.0000000000
20460  -23.712  -56.663  -39.748 0.0000000000
20471  -23.309  -56.757  -40.541 0.0000000000
20503  -24.594  -57.043  -43.788 0.0000000000
20519  -27.169  -56.383  -46.053 0.0000000000
21202  -27.778  -54.180  -21.687 0.0000000000
21249  -24.923  -55.559  -23.311 0.0000000000
21250  -25.446  -55.529  -22.871 0.0000000000
21275  -26.090  -55.299  -23.163 0.0000000000
21284  -14.317  -54.775  -24.654 0.0000000000
21286  -19.217  -54.627  -24.924 0.0000000000
21295  -14.652  -54.409  -25.340 0.0000000000
21296  -15.101  -54.080  -26.087 0.0000000000
21322  -39.964  -55.478  -28.398 0.0000000000
21377  -18.720  -55.108  -34.647 0.0000000000
21434  -17.030  -53.374  -38.340 0.0000000000
21435  -17.374  -53.857  -37.711 0.0000000000
21436  -20.001  -54.106  -36.492 0.0000000000
21447  -17.989  -54.005  -38.860 0.0000000000
21448  -18.489  -54.131  -39.092 0.0000000000
21504  -27.805  -55.678  -45.919 0.0000000000
22192  -32.676  -53.247  -21.496 0.0000000000
22209  -30.182  -53.800  -22.425 0.0000000000
22229  -20.500  -53.955  -24.791 0.0000000000
22236  -15.265  -53.777  -25.532 0.0000000000
22248  -15.462  -53.616  -25.977 0.0000000000
22250  -16.838  -53.661  -26.370 0.0000000000
22254  -22.983  -54.659  -26.948 0.0000000000
22261  -18.255  -53.964  -27.046 0.0000000000
22263  -19.698  -54.159  -28.795 0.0000000000
22379  -16.760  -52.840  -38.607 0.0000000000
22394  -17.027  -52.459  -39.026 0.0000000000
22412  -25.506  -54.346  -40.598 0.0000000000
22419  -26.374  -54.045  -41.680 0.0000000000
23231  -19.001  -53.603  -25.677 0.0000000000
23232  -19.861  -53.637  -25.509 0.0000000000
23236  -16.434  -53.396  -26.059 0.0000000000
23240  -20.012  -53.587  -26.354 0.0000000000
23248  -20.324  -53.759  -27.875 0.0000000000
23380  -16.953  -52.327  -38.824 0.0000000000
23390  -17.153  -51.903  -39.083 0.0000000000
23392  -23.368  -53.397  -38.307 0.0000000000
23425  -26.585  -52.648  -42.337 0.0000000000
24363  -21.965  -51.896  -36.963 0.0000000000
24377  -16.947  -51.962  -38.983 0.0000000000
24378  -16.948  -51.894  -39.006 0.0000000000
24397  -25.012  -52.503  -39.169 0.0000000000
24408  -23.935  -52.638  -39.392 0.0000000000
24422  -25.590  -53.077  -40.360 0.0000000000
24436  -26.948  -52.485  -42.039 0.0000000000
25356  -23.791  -51.750  -37.336 0.0000000000
26167  -16.383  -49.398  -31.995 0.0000000000
27039  -16.737  -47.914  -31.461 0.0000000000
27049  -39.437  -49.521  -31.014 0.0000000000
27062  -16.494  -48.434  -31.832 0.0000000000
27928  -18.027  -46.526  -32.798 0.0000000000
27954  -17.907  -46.789  -33.517 0.0000000000
29870  -23.555  -46.358  -28.633 0.0000000000
30929  -22.268  -44.822  -31.590 0.0000000000
112061  -16.800  -50.167  -29.616 0.0000000000
112079  -21.551  -49.219  -27.583 0.0000000000
112298  -35.624  -44.808  -27.593 0.0000000000
112479  -28.504  -56.740  -25.280 0.0000000000
114865  -14.603  -81.239  -27.067 0.0000000000
114911  -37.610  -45.268  -31.262 0.0000000000
115348  -25.680  -84.198  -37.273 0.0000000000
115356  -15.576  -85.378  -28.873 0.0000000000
115631  -24.413  -82.770  -22.069 0.0000000000
116018  -19.739  -84.288  -24.613 0.0000000000
116047  -26.521  -85.704  -38.504 0.0000000000
116183  -15.271  -73.864  -20.986 0.0000000000
116327  -14.805  -72.929  -22.921 0.0000000000
116357  -36.441  -77.266  -47.167 0.0000000000
116461  -14.163  -60.838  -26.959 0.0000000000
116504  -20.799  -81.295  -36.406 0.0000000000
116517  -33.495  -81.981  -31.209 0.0000000000
116598  -28.320  -76.176  -37.227 0.0000000000
116793  -22.761  -85.184  -19.998 0.0000000000
116947  -42.089  -77.801  -50.970 0.0000000000
116959  -27.802  -82.619  -23.119 0.0000000000
116964  -31.054  -84.782  -40.957 0.0000000000
117136  -18.549  -60.745  -42.114 0.0000000000
117347  -20.418  -72.839  -23.671 0.0000000000
117393  -22.204  -70.613  -51.817 0.0000000000
117554  -18.024  -74.093  -20.999 0.0000000000
117982  -17.566  -63.909  -25.160 0.0000000000
118839  -27.122  -65.243  -39.415 0.0000000000
118956  -18.456  -75.120  -25.690 0.0000000000
119527  -26.713  -56.601  -27.212 0.0000000000
119726  -23.997  -68.685  -41.189 0.0000000000
119944  -26.867  -80.440  -26.797 0.0000000000
120102  -21.971  -85.156  -20.171 0.0000000000
120512  -15.402  -66.360  -24.364 0.0000000000
120525  -15.345  -64.221  -22.555 0.0000000000
120573  -16.462  -66.845  -28.639 0.0000000000
120578  -20.337  -82.573  -27.223 0.0000000000
120655  -16.977  -54.251  -34.098 0.0000000000
120743  -25.379  -79.152  -29.027 0.0000000000
121132  -33.934  -83.991  -39.177 0.0000000000
121145  -24.274  -79.093  -28.212 0.0000000000
121222  -18.751  -80.128  -21.340 0.0000000000
121355  -35.581  -76.064  -51.141 0.0000000000
121420  -18.676  -82.120  -23.672 0.0000000000
121432  -17.229  -52.366  -39.056 0.0000000000
121459  -26.331  -79.524  -36.058 0.0000000000
121986  -17.065  -53.124  -38.833 0.0000000000
122017  -22.392  -74.236  -24.699 0.0000000000
122028  -17.916  -68.689  -25.078 0.0000000000
122064  -25.330  -80.428  -24.246 0.0000000000
122249  -22.679  -68.816  -49.344 0.0000000000
122350  -33.437  -79.880  -40.100 0.0000000000
122609  -26.993  -43.955  -34.632 0.0000000000
122733  -21.855  -82.466  -26.676 0.0000000000
123033  -15.641  -68.324  -21.327 0.0000000000
123155  -19.358  -47.871  -35.148 0.0000000000
123331  -33.851  -55.600  -26.248 0.0000000000
123591  -17.416  -84.402  -30.163 0.0000000000
123707  -34.158  -84.401  -41.174 0.0000000000
124282  -21.294  -73.416  -24.549 0.0000000000
124399  -20.803  -82.097  -28.330 0.0000000000
124416  -16.964  -72.372  -29.606 0.0000000000
124583  -19.548  -70.624  -27.878 0.0000000000
124604  -17.980  -78.237  -21.214 0.0000000000
125029  -32.333  -78.148  -39.348 0.0000000000
125053  -17.720  -83.850  -30.919 0.0000000000
125192  -24.334  -56.358  -39.772 0.0000000000
125267  -15.872  -76.136  -19.622 0.0000000000
125493  -20.927  -86.387  -35.016 0.0000000000
125804  -17.285  -81.234  -29.815 0.0000000000
125871  -31.508  -79.465  -42.279 0.0000000000
125987  -13.755  -78.481  -28.253 0.0000000000
126005  -39.746  -78.094  -46.986 0.0000000000
126126  -27.447  -63.926  -39.563 0.0000000000
126134  -16.437  -69.233  -20.401 0.0000000000
126149  -22.612  -73.263  -24.547 0.0000000000
126461  -32.126  -81.126  -39.580 0.0000000000
126510  -34.667  -84.457  -29.835 0.0000000000
126573  -25.466  -79.938  -24.975 0.0000000000
126675  -14.770  -60.199  -24.611 0.0000000000
126738  -17.587  -52.464  -38.084 0.0000000000
126871  -29.481  -86.351  -32.558 0.0000000000
127100  -25.401  -61.918  -41.790 0.0000000000
127230  -37.539  -84.261  -39.067 0.0000000000
127715  -19.148  -74.302  -26.665 0.0000000000
127828  -21.507  -85.574  -37.379 0.0000000000
127842  -16.964  -85.847  -30.283 0.0000000000
128008  -36.577  -76.683  -49.239 0.0000000000
128441  -18.303  -84.015  -22.313 0.0000000000
128611  -19.292  -84.482  -24.240 0.0000000000
128642  -28.580  -53.612  -22.091 0.0000000000
128663  -39.526  -81.752  -45.086 0.0000000000
128664  -28.544  -80.544  -32.941 0.0000000000
129334  -27.992  -86.327  -30.311 0.0000000000
129355  -14.010  -56.332  -23.079 0.0000000000
129428  -21.821  -82.568  -39.749 0.0000000000
129562  -15.594  -75.020  -28.705 0.0000000000
129720  -13.561  -56.779  -23.506 0.0000000000
130049  -14.169  -75.496  -28.604 0.0000000000
130144  -25.211  -79.642  -30.650 0.0000000000
130156  -16.637  -50.533  -30.010 0.0000000000
130561  -29.559  -85.813  -35.201 0.0000000000
130791  -16.574  -54.379  -24.924 0.0000000000
130996  -21.662  -81.906  -28.357 0.0000000000
131135  -22.543  -83.559  -31.610 0.0000000000
131219  -27.400  -69.741  -51.128 0.0000000000
131222  -18.727  -79.549  -27.832 0.0000000000
131241  -26.378  -63.437  -40.430 0.0000000000
131299  -15.381  -65.911  -21.942 0.0000000000
131352  -36.373  -76.658  -57.004 0.0000000000
131400  -19.648  -84.923  -23.393 0.0000000000
131507  -22.848  -78.924  -32.235 0.0000000000
131564  -23.119  -85.845  -34.608 0.0000000000
131621  -37.912  -79.396  -47.139 0.0000000000
131681  -39.661  -48.379  -28.921 0.0000000000
131954  -31.345  -79.301  -43.034 0.0000000000
131962  -31.040  -83.567  -32.346 0.0000000000
132058  -35.562  -83.480  -32.497 0.0000000000
132096  -17.506  -63.483  -24.579 0.0000000000
132108  -15.484  -59.795  -20.987 0.0000000000
132182  -15.784  -77.454  -27.233 0.0000000000
132196  -32.643  -85.155  -28.724 0.0000000000
132312  -19.885  -56.794  -40.610 0.0000000000
132341  -17.710  -74.858  -24.405 0.0000000000
132498  -17.976  -75.489  -27.799 0.0000000000
132505  -20.252  -69.982  -26.106 0.0000000000
133084  -33.754  -81.079  -40.157 0.0000000000
133125  -28.630  -76.815  -40.157 0.0000000000
133191  -17.122  -62.551  -25.233 0.0000000000
133388  -40.033  -79.241  -49.674 0.0000000000
133475  -38.371  -78.269  -55.239 0.0000000000
133624  -17.196  -85.699  -30.565 0.0000000000
133699  -15.886  -85.805  -28.352 0.0000000000
133812  -25.429  -81.952  -28.818 0.0000000000
133886  -32.628  -71.246  -58.238 0.0000000000
133944  -17.102  -85.030  -32.794 0.0000000000
133958  -15.659  -81.884  -26.853 0.0000000000
134174  -18.589  -84.451  -22.774 0.0000000000
134188  -19.819  -79.869  -33.109 0.0000000000
134295  -39.993  -81.796  -45.045 0.0000000000
134362  -18.093  -84.127  -22.554 0.0000000000
134370  -19.582  -54.776  -35.237 0.0000000000
134372  -16.023  -70.780  -19.629 0.0000000000
134469  -20.620  -71.213  -54.407 0.0000000000
134592  -19.662  -68.597  -26.886 0.0000000000
134780  -14.854  -83.913  -32.130 0.0000000000
134873  -19.642  -50.955  -36.945 0.0000000000
134899  -32.570  -85.063  -40.336 0.0000000000
134909  -15.815  -76.460  -19.754 0.0000000000
134921  -27.719  -81.727  -37.604 0.0000000000
135053  -19.193  -58.726  -25.459 0.0000000000
135086  -24.430  -84.318  -40.185 0.0000000000
135190  -16.938  -63.089  -23.784 0.0000000000
135248  -36.031  -55.512  -28.649 0.0000000000
135280  -27.704  -56.949  -26.465 0.0000000000
135289  -20.229  -85.600  -35.652 0.0000000000
135334  -33.793  -85.113  -39.844 0.0000000000
135369  -20.517  -63.068  -43.660 0.0000000000
135438  -25.544  -82.325  -27.420 0.0000000000
135758  -26.469  -80.516  -27.783 0.0000000000
135945  -28.137  -81.484  -35.600 0.0000000000
135948  -28.250  -77.523  -39.651 0.0000000000
135994  -31.328  -82.486  -41.619 0.0000000000
136003  -17.461  -54.868  -27.063 0.0000000000
136009  -18.411  -82.667  -32.187 0.0000000000
136312  -18.900  -69.602  -22.146 0.0000000000
136444  -19.820  -71.182  -48.048 0.0000000000
136545  -16.037  -72.180  -19.635 0.0000000000
136632  -30.180  -52.904  -21.056 0.0000000000
137023  -26.496  -79.333  -41.355 0.0000000000
137427  -40.567  -53.095  -28.804 0.0000000000
137566  -26.486  -78.416  -36.334 0.0000000000
