
Sat Mar 14 10:28:07 CET 2026
cd /out/sourcedata/freesurfer/sub-v2s9x29166_ses-1
setenv SUBJECTS_DIR /out/sourcedata/freesurfer
/opt/freesurfer/bin/recon-all -autorecon1 -i /work/fmriprep_25_2_wf/sub_v2s9x29166_ses_1_wf/anat_fit_wf/anat_validate/sub-v2s9x29166_ses-1_run-1_T1w_noise_corrected_ras_valid.nii.gz -noskullstrip -noT2pial -noFLAIRpial -openmp 16 -subjid sub-v2s9x29166_ses-1 -sd /out/sourcedata/freesurfer

subjid sub-v2s9x29166_ses-1
setenv SUBJECTS_DIR /out/sourcedata/freesurfer
FREESURFER_HOME /opt/freesurfer
Actual FREESURFER_HOME /opt/freesurfer
build-stamp.txt: freesurfer-linux-ubuntu22_x86_64-7.3.2-20220804-6354275
Linux dna077 5.14.0-427.37.1.el9_4.x86_64 #1 SMP PREEMPT_DYNAMIC Fri Sep 13 12:41:50 EDT 2024 x86_64 x86_64 x86_64 GNU/Linux
cputime      unlimited
filesize     unlimited
datasize     unlimited
stacksize    8192 kbytes
coredumpsize 0 kbytes
memoryuse    67108864 kbytes
vmemoryuse   unlimited
descriptors  1024 
memorylocked unlimited
maxproc      2061970 
maxlocks     unlimited
maxsignal    2062029 
maxmessage   819200 
maxnice      0 
maxrtprio    0 
maxrttime    unlimited

               total        used        free      shared  buff/cache   available
Mem:           503Gi       114Gi        51Gi        17Gi       338Gi       368Gi
Swap:             0B          0B          0B

########################################
program versions used
7.3.2 (freesurfer-linux-ubuntu22_x86_64-7.3.2-20220804-6354275)
7.3.2

ProgramName: lta_convert  ProgramArguments: lta_convert -all-info  ProgramVersion: 7.3.2  TimeStamp: 2026/03/14-09:28:07-GMT  BuildTime: Aug  4 2022 06:17:15  BuildStamp: freesurfer-linux-ubuntu22_x86_64-7.3.2-20220804-6354275  User: oesteban  Machine: dna077  Platform: Linux  PlatformVersion: 5.14.0-427.37.1.el9_4.x86_64  CompilerName: GCC  CompilerVersion: 8.4.0
ProgramName: mri_and  ProgramArguments: mri_and -all-info  ProgramVersion: 7.3.2  TimeStamp: 2026/03/14-09:28:07-GMT  BuildTime: Aug  4 2022 06:17:15  BuildStamp: freesurfer-linux-ubuntu22_x86_64-7.3.2-20220804-6354275  User: oesteban  Machine: dna077  Platform: Linux  PlatformVersion: 5.14.0-427.37.1.el9_4.x86_64  CompilerName: GCC  CompilerVersion: 8.4.0
ProgramName: mri_annotation2label  ProgramArguments: mri_annotation2label -all-info  ProgramVersion: 7.3.2  TimeStamp: 2026/03/14-09:28:07-GMT  BuildTime: Aug  4 2022 06:17:15  BuildStamp: freesurfer-linux-ubuntu22_x86_64-7.3.2-20220804-6354275  User: oesteban  Machine: dna077  Platform: Linux  PlatformVersion: 5.14.0-427.37.1.el9_4.x86_64  CompilerName: GCC  CompilerVersion: 8.4.0
ProgramName: mri_aparc2aseg  ProgramArguments: mri_aparc2aseg -all-info  ProgramVersion: 7.3.2  TimeStamp: 2026/03/14-09:28:07-GMT  BuildTime: Aug  4 2022 06:17:15  BuildStamp: freesurfer-linux-ubuntu22_x86_64-7.3.2-20220804-6354275  User: oesteban  Machine: dna077  Platform: Linux  PlatformVersion: 5.14.0-427.37.1.el9_4.x86_64  CompilerName: GCC  CompilerVersion: 8.4.0
ProgramName: mri_surf2volseg  ProgramArguments: mri_surf2volseg -all-info  ProgramVersion: 7.3.2  TimeStamp: 2026/03/14-09:28:07-GMT  BuildTime: Aug  4 2022 06:17:15  BuildStamp: freesurfer-linux-ubuntu22_x86_64-7.3.2-20220804-6354275  User: oesteban  Machine: dna077  Platform: Linux  PlatformVersion: 5.14.0-427.37.1.el9_4.x86_64  CompilerName: GCC  CompilerVersion: 8.4.0
ProgramName: mri_binarize  ProgramArguments: mri_binarize -all-info  ProgramVersion: 7.3.2  TimeStamp: 2026/03/14-09:28:07-GMT  BuildTime: Aug  4 2022 06:17:15  BuildStamp: freesurfer-linux-ubuntu22_x86_64-7.3.2-20220804-6354275  User: oesteban  Machine: dna077  Platform: Linux  PlatformVersion: 5.14.0-427.37.1.el9_4.x86_64  CompilerName: GCC  CompilerVersion: 8.4.0
ProgramName: mri_ca_label  ProgramArguments: mri_ca_label -all-info  ProgramVersion: 7.3.2  TimeStamp: 2026/03/14-09:28:07-GMT  BuildTime: Aug  4 2022 06:17:15  BuildStamp: freesurfer-linux-ubuntu22_x86_64-7.3.2-20220804-6354275  User: oesteban  Machine: dna077  Platform: Linux  PlatformVersion: 5.14.0-427.37.1.el9_4.x86_64  CompilerName: GCC  CompilerVersion: 8.4.0
ProgramName: mri_ca_normalize  ProgramArguments: mri_ca_normalize -all-info  ProgramVersion: 7.3.2  TimeStamp: 2026/03/14-09:28:07-GMT  BuildTime: Aug  4 2022 06:17:15  BuildStamp: freesurfer-linux-ubuntu22_x86_64-7.3.2-20220804-6354275  User: oesteban  Machine: dna077  Platform: Linux  PlatformVersion: 5.14.0-427.37.1.el9_4.x86_64  CompilerName: GCC  CompilerVersion: 8.4.0
ProgramName: mri_ca_register  ProgramArguments: mri_ca_register -all-info  ProgramVersion: 7.3.2  TimeStamp: 2026/03/14-09:28:07-GMT  BuildTime: Aug  4 2022 06:17:15  BuildStamp: freesurfer-linux-ubuntu22_x86_64-7.3.2-20220804-6354275  User: oesteban  Machine: dna077  Platform: Linux  PlatformVersion: 5.14.0-427.37.1.el9_4.x86_64  CompilerName: GCC  CompilerVersion: 8.4.0
ProgramName: mri_cc  ProgramArguments: mri_cc -all-info  ProgramVersion: 7.3.2  TimeStamp: 2026/03/14-09:28:07-GMT  BuildTime: Aug  4 2022 06:17:15  BuildStamp: freesurfer-linux-ubuntu22_x86_64-7.3.2-20220804-6354275  User: oesteban  Machine: dna077  Platform: Linux  PlatformVersion: 5.14.0-427.37.1.el9_4.x86_64  CompilerName: GCC  CompilerVersion: 8.4.0
ProgramName: mri_compute_overlap  ProgramArguments: mri_compute_overlap -all-info  ProgramVersion: 7.3.2  TimeStamp: 2026/03/14-09:28:07-GMT  BuildTime: Aug  4 2022 06:17:15  BuildStamp: freesurfer-linux-ubuntu22_x86_64-7.3.2-20220804-6354275  User: oesteban  Machine: dna077  Platform: Linux  PlatformVersion: 5.14.0-427.37.1.el9_4.x86_64  CompilerName: GCC  CompilerVersion: 8.4.0
ProgramName: mri_compute_seg_overlap  ProgramArguments: mri_compute_seg_overlap -all-info  ProgramVersion: 7.3.2  TimeStamp: 2026/03/14-09:28:07-GMT  BuildTime: Aug  4 2022 06:17:15  BuildStamp: freesurfer-linux-ubuntu22_x86_64-7.3.2-20220804-6354275  User: oesteban  Machine: dna077  Platform: Linux  PlatformVersion: 5.14.0-427.37.1.el9_4.x86_64  CompilerName: GCC  CompilerVersion: 8.4.0
ProgramName: mri_concat  ProgramArguments: mri_concat -all-info  ProgramVersion: 7.3.2  TimeStamp: 2026/03/14-09:28:07-GMT  BuildTime: Aug  4 2022 06:17:15  BuildStamp: freesurfer-linux-ubuntu22_x86_64-7.3.2-20220804-6354275  User: oesteban  Machine: dna077  Platform: Linux  PlatformVersion: 5.14.0-427.37.1.el9_4.x86_64  CompilerName: GCC  CompilerVersion: 8.4.0
ProgramName: mri_concatenate_lta  ProgramArguments: mri_concatenate_lta -all-info  ProgramVersion: 7.3.2  TimeStamp: 2026/03/14-09:28:07-GMT  BuildTime: Aug  4 2022 06:17:15  BuildStamp: freesurfer-linux-ubuntu22_x86_64-7.3.2-20220804-6354275  User: oesteban  Machine: dna077  Platform: Linux  PlatformVersion: 5.14.0-427.37.1.el9_4.x86_64  CompilerName: GCC  CompilerVersion: 8.4.0
mri_convert -all-info 
ProgramName: mri_convert  ProgramArguments: mri_convert -all-info  ProgramVersion: 7.3.2  TimeStamp: 2026/03/14-09:28:07-GMT  BuildTime: Aug  4 2022 06:17:15  BuildStamp: freesurfer-linux-ubuntu22_x86_64-7.3.2-20220804-6354275  User: oesteban  Machine: dna077  Platform: Linux  PlatformVersion: 5.14.0-427.37.1.el9_4.x86_64  CompilerName: GCC  CompilerVersion: 8.4.0
ProgramName: mri_diff  ProgramArguments: mri_diff -all-info  ProgramVersion: 7.3.2  TimeStamp: 2026/03/14-09:28:07-GMT  BuildTime: Aug  4 2022 06:17:15  BuildStamp: freesurfer-linux-ubuntu22_x86_64-7.3.2-20220804-6354275  User: oesteban  Machine: dna077  Platform: Linux  PlatformVersion: 5.14.0-427.37.1.el9_4.x86_64  CompilerName: GCC  CompilerVersion: 8.4.0
ProgramName: mri_edit_wm_with_aseg  ProgramArguments: mri_edit_wm_with_aseg -all-info  ProgramVersion: 7.3.2  TimeStamp: 2026/03/14-09:28:07-GMT  BuildTime: Aug  4 2022 06:17:15  BuildStamp: freesurfer-linux-ubuntu22_x86_64-7.3.2-20220804-6354275  User: oesteban  Machine: dna077  Platform: Linux  PlatformVersion: 5.14.0-427.37.1.el9_4.x86_64  CompilerName: GCC  CompilerVersion: 8.4.0
ProgramName: mri_em_register  ProgramArguments: mri_em_register -all-info  ProgramVersion: 7.3.2  TimeStamp: 2026/03/14-09:28:07-GMT  BuildTime: Aug  4 2022 06:17:15  BuildStamp: freesurfer-linux-ubuntu22_x86_64-7.3.2-20220804-6354275  User: oesteban  Machine: dna077  Platform: Linux  PlatformVersion: 5.14.0-427.37.1.el9_4.x86_64  CompilerName: GCC  CompilerVersion: 8.4.0
ProgramName: mri_fill  ProgramArguments: mri_fill -all-info  ProgramVersion: 7.3.2  TimeStamp: 2026/03/14-09:28:07-GMT  BuildTime: Aug  4 2022 06:17:15  BuildStamp: freesurfer-linux-ubuntu22_x86_64-7.3.2-20220804-6354275  User: oesteban  Machine: dna077  Platform: Linux  PlatformVersion: 5.14.0-427.37.1.el9_4.x86_64  CompilerName: GCC  CompilerVersion: 8.4.0
ProgramName: mri_fuse_segmentations  ProgramArguments: mri_fuse_segmentations -all-info  ProgramVersion: 7.3.2  TimeStamp: 2026/03/14-09:28:07-GMT  BuildTime: Aug  4 2022 06:17:15  BuildStamp: freesurfer-linux-ubuntu22_x86_64-7.3.2-20220804-6354275  User: oesteban  Machine: dna077  Platform: Linux  PlatformVersion: 5.14.0-427.37.1.el9_4.x86_64  CompilerName: GCC  CompilerVersion: 8.4.0
ProgramName: mri_fwhm  ProgramArguments: mri_fwhm -all-info  ProgramVersion: 7.3.2  TimeStamp: 2026/03/14-09:28:07-GMT  BuildTime: Aug  4 2022 06:17:15  BuildStamp: freesurfer-linux-ubuntu22_x86_64-7.3.2-20220804-6354275  User: oesteban  Machine: dna077  Platform: Linux  PlatformVersion: 5.14.0-427.37.1.el9_4.x86_64  CompilerName: GCC  CompilerVersion: 8.4.0
ProgramName: mri_gcut  ProgramArguments: mri_gcut -all-info  ProgramVersion: 7.3.2  TimeStamp: 2026/03/14-09:28:07-GMT  BuildTime: Aug  4 2022 06:17:15  BuildStamp: freesurfer-linux-ubuntu22_x86_64-7.3.2-20220804-6354275  User: oesteban  Machine: dna077  Platform: Linux  PlatformVersion: 5.14.0-427.37.1.el9_4.x86_64  CompilerName: GCC  CompilerVersion: 8.4.0
ProgramName: mri_info  ProgramArguments: mri_info -all-info  ProgramVersion: 7.3.2  TimeStamp: 2026/03/14-09:28:07-GMT  BuildTime: Aug  4 2022 06:17:15  BuildStamp: freesurfer-linux-ubuntu22_x86_64-7.3.2-20220804-6354275  User: oesteban  Machine: dna077  Platform: Linux  PlatformVersion: 5.14.0-427.37.1.el9_4.x86_64  CompilerName: GCC  CompilerVersion: 8.4.0
ProgramName: mri_label2label  ProgramArguments: mri_label2label -all-info  ProgramVersion: 7.3.2  TimeStamp: 2026/03/14-09:28:07-GMT  BuildTime: Aug  4 2022 06:17:15  BuildStamp: freesurfer-linux-ubuntu22_x86_64-7.3.2-20220804-6354275  User: oesteban  Machine: dna077  Platform: Linux  PlatformVersion: 5.14.0-427.37.1.el9_4.x86_64  CompilerName: GCC  CompilerVersion: 8.4.0
ProgramName: mri_label2vol  ProgramArguments: mri_label2vol -all-info  ProgramVersion: 7.3.2  TimeStamp: 2026/03/14-09:28:07-GMT  BuildTime: Aug  4 2022 06:17:15  BuildStamp: freesurfer-linux-ubuntu22_x86_64-7.3.2-20220804-6354275  User: oesteban  Machine: dna077  Platform: Linux  PlatformVersion: 5.14.0-427.37.1.el9_4.x86_64  CompilerName: GCC  CompilerVersion: 8.4.0
ProgramName: mri_log_likelihood  ProgramArguments: mri_log_likelihood -all-info  ProgramVersion: 7.3.2  TimeStamp: 2026/03/14-09:28:07-GMT  BuildTime: Aug  4 2022 06:17:15  BuildStamp: freesurfer-linux-ubuntu22_x86_64-7.3.2-20220804-6354275  User: oesteban  Machine: dna077  Platform: Linux  PlatformVersion: 5.14.0-427.37.1.el9_4.x86_64  CompilerName: GCC  CompilerVersion: 8.4.0
ProgramName: mri_mask  ProgramArguments: mri_mask -all-info  ProgramVersion: 7.3.2  TimeStamp: 2026/03/14-09:28:07-GMT  BuildTime: Aug  4 2022 06:17:15  BuildStamp: freesurfer-linux-ubuntu22_x86_64-7.3.2-20220804-6354275  User: oesteban  Machine: dna077  Platform: Linux  PlatformVersion: 5.14.0-427.37.1.el9_4.x86_64  CompilerName: GCC  CompilerVersion: 8.4.0
ProgramName: mri_matrix_multiply  ProgramArguments: mri_matrix_multiply -all-info  ProgramVersion: 7.3.2  TimeStamp: 2026/03/14-09:28:07-GMT  BuildTime: Aug  4 2022 06:17:15  BuildStamp: freesurfer-linux-ubuntu22_x86_64-7.3.2-20220804-6354275  User: oesteban  Machine: dna077  Platform: Linux  PlatformVersion: 5.14.0-427.37.1.el9_4.x86_64  CompilerName: GCC  CompilerVersion: 8.4.0
ProgramName: mri_normalize  ProgramArguments: mri_normalize -all-info  ProgramVersion: 7.3.2  TimeStamp: 2026/03/14-09:28:07-GMT  BuildTime: Aug  4 2022 06:17:15  BuildStamp: freesurfer-linux-ubuntu22_x86_64-7.3.2-20220804-6354275  User: oesteban  Machine: dna077  Platform: Linux  PlatformVersion: 5.14.0-427.37.1.el9_4.x86_64  CompilerName: GCC  CompilerVersion: 8.4.0
ProgramName: mri_normalize_tp2  ProgramArguments: mri_normalize_tp2 -all-info  ProgramVersion: 7.3.2  TimeStamp: 2026/03/14-09:28:07-GMT  BuildTime: Aug  4 2022 06:17:15  BuildStamp: freesurfer-linux-ubuntu22_x86_64-7.3.2-20220804-6354275  User: oesteban  Machine: dna077  Platform: Linux  PlatformVersion: 5.14.0-427.37.1.el9_4.x86_64  CompilerName: GCC  CompilerVersion: 8.4.0
ProgramName: mri_or  ProgramArguments: mri_or -all-info  ProgramVersion: 7.3.2  TimeStamp: 2026/03/14-09:28:07-GMT  BuildTime: Aug  4 2022 06:17:15  BuildStamp: freesurfer-linux-ubuntu22_x86_64-7.3.2-20220804-6354275  User: oesteban  Machine: dna077  Platform: Linux  PlatformVersion: 5.14.0-427.37.1.el9_4.x86_64  CompilerName: GCC  CompilerVersion: 8.4.0
ProgramName: mri_relabel_hypointensities  ProgramArguments: mri_relabel_hypointensities -all-info  ProgramVersion: 7.3.2  TimeStamp: 2026/03/14-09:28:07-GMT  BuildTime: Aug  4 2022 06:17:15  BuildStamp: freesurfer-linux-ubuntu22_x86_64-7.3.2-20220804-6354275  User: oesteban  Machine: dna077  Platform: Linux  PlatformVersion: 5.14.0-427.37.1.el9_4.x86_64  CompilerName: GCC  CompilerVersion: 8.4.0
ProgramName: mri_relabel_nonwm_hypos  ProgramArguments: mri_relabel_nonwm_hypos -all-info  ProgramVersion: 7.3.2  TimeStamp: 2026/03/14-09:28:07-GMT  BuildTime: Aug  4 2022 06:17:15  BuildStamp: freesurfer-linux-ubuntu22_x86_64-7.3.2-20220804-6354275  User: oesteban  Machine: dna077  Platform: Linux  PlatformVersion: 5.14.0-427.37.1.el9_4.x86_64  CompilerName: GCC  CompilerVersion: 8.4.0
ProgramName: mri_remove_neck  ProgramArguments: mri_remove_neck -all-info  ProgramVersion: 7.3.2  TimeStamp: 2026/03/14-09:28:07-GMT  BuildTime: Aug  4 2022 06:17:15  BuildStamp: freesurfer-linux-ubuntu22_x86_64-7.3.2-20220804-6354275  User: oesteban  Machine: dna077  Platform: Linux  PlatformVersion: 5.14.0-427.37.1.el9_4.x86_64  CompilerName: GCC  CompilerVersion: 8.4.0
7.3.2

ProgramName: mri_robust_register  ProgramArguments: mri_robust_register -all-info  ProgramVersion: 7.3.2  TimeStamp: 2026/03/14-09:28:07-GMT  BuildTime: Aug  4 2022 06:17:15  BuildStamp: freesurfer-linux-ubuntu22_x86_64-7.3.2-20220804-6354275  User: oesteban  Machine: dna077  Platform: Linux  PlatformVersion: 5.14.0-427.37.1.el9_4.x86_64  CompilerName: GCC  CompilerVersion: 8.4.0
7.3.2

ProgramName: mri_robust_template  ProgramArguments: mri_robust_template -all-info  ProgramVersion: 7.3.2  TimeStamp: 2026/03/14-09:28:07-GMT  BuildTime: Aug  4 2022 06:17:15  BuildStamp: freesurfer-linux-ubuntu22_x86_64-7.3.2-20220804-6354275  User: oesteban  Machine: dna077  Platform: Linux  PlatformVersion: 5.14.0-427.37.1.el9_4.x86_64  CompilerName: GCC  CompilerVersion: 8.4.0
ProgramName: mris_anatomical_stats  ProgramArguments: mris_anatomical_stats -all-info  ProgramVersion: 7.3.2  TimeStamp: 2026/03/14-09:28:07-GMT  BuildTime: Aug  4 2022 06:17:15  BuildStamp: freesurfer-linux-ubuntu22_x86_64-7.3.2-20220804-6354275  User: oesteban  Machine: dna077  Platform: Linux  PlatformVersion: 5.14.0-427.37.1.el9_4.x86_64  CompilerName: GCC  CompilerVersion: 8.4.0
ProgramName: mris_ca_label  ProgramArguments: mris_ca_label -all-info  ProgramVersion: 7.3.2  TimeStamp: 2026/03/14-09:28:07-GMT  BuildTime: Aug  4 2022 06:17:15  BuildStamp: freesurfer-linux-ubuntu22_x86_64-7.3.2-20220804-6354275  User: oesteban  Machine: dna077  Platform: Linux  PlatformVersion: 5.14.0-427.37.1.el9_4.x86_64  CompilerName: GCC  CompilerVersion: 8.4.0
ProgramName: mris_calc  ProgramArguments: mris_calc -all-info  ProgramVersion: 7.3.2  TimeStamp: 2026/03/14-09:28:07-GMT  BuildTime: Aug  4 2022 06:17:15  BuildStamp: freesurfer-linux-ubuntu22_x86_64-7.3.2-20220804-6354275  User: oesteban  Machine: dna077  Platform: Linux  PlatformVersion: 5.14.0-427.37.1.el9_4.x86_64  CompilerName: GCC  CompilerVersion: 8.4.0
ProgramName: mris_convert  ProgramArguments: mris_convert -all-info  ProgramVersion: 7.3.2  TimeStamp: 2026/03/14-09:28:07-GMT  BuildTime: Aug  4 2022 06:17:15  BuildStamp: freesurfer-linux-ubuntu22_x86_64-7.3.2-20220804-6354275  User: oesteban  Machine: dna077  Platform: Linux  PlatformVersion: 5.14.0-427.37.1.el9_4.x86_64  CompilerName: GCC  CompilerVersion: 8.4.0
ProgramName: mris_curvature  ProgramArguments: mris_curvature -all-info  ProgramVersion: 7.3.2  TimeStamp: 2026/03/14-09:28:07-GMT  BuildTime: Aug  4 2022 06:17:15  BuildStamp: freesurfer-linux-ubuntu22_x86_64-7.3.2-20220804-6354275  User: oesteban  Machine: dna077  Platform: Linux  PlatformVersion: 5.14.0-427.37.1.el9_4.x86_64  CompilerName: GCC  CompilerVersion: 8.4.0
ProgramName: mris_curvature_stats  ProgramArguments: mris_curvature_stats -all-info  ProgramVersion: 7.3.2  TimeStamp: 2026/03/14-09:28:07-GMT  BuildTime: Aug  4 2022 06:17:15  BuildStamp: freesurfer-linux-ubuntu22_x86_64-7.3.2-20220804-6354275  User: oesteban  Machine: dna077  Platform: Linux  PlatformVersion: 5.14.0-427.37.1.el9_4.x86_64  CompilerName: GCC  CompilerVersion: 8.4.0
ProgramName: mris_diff  ProgramArguments: mris_diff -all-info  ProgramVersion: 7.3.2  TimeStamp: 2026/03/14-09:28:07-GMT  BuildTime: Aug  4 2022 06:17:15  BuildStamp: freesurfer-linux-ubuntu22_x86_64-7.3.2-20220804-6354275  User: oesteban  Machine: dna077  Platform: Linux  PlatformVersion: 5.14.0-427.37.1.el9_4.x86_64  CompilerName: GCC  CompilerVersion: 8.4.0
ProgramName: mris_divide_parcellation  ProgramArguments: mris_divide_parcellation -all-info  ProgramVersion: 7.3.2  TimeStamp: 2026/03/14-09:28:07-GMT  BuildTime: Aug  4 2022 06:17:15  BuildStamp: freesurfer-linux-ubuntu22_x86_64-7.3.2-20220804-6354275  User: oesteban  Machine: dna077  Platform: Linux  PlatformVersion: 5.14.0-427.37.1.el9_4.x86_64  CompilerName: GCC  CompilerVersion: 8.4.0
ProgramName: mri_segment  ProgramArguments: mri_segment -all-info  ProgramVersion: 7.3.2  TimeStamp: 2026/03/14-09:28:08-GMT  BuildTime: Aug  4 2022 06:17:15  BuildStamp: freesurfer-linux-ubuntu22_x86_64-7.3.2-20220804-6354275  User: oesteban  Machine: dna077  Platform: Linux  PlatformVersion: 5.14.0-427.37.1.el9_4.x86_64  CompilerName: GCC  CompilerVersion: 8.4.0
ProgramName: mri_segstats  ProgramArguments: mri_segstats -all-info  ProgramVersion: 7.3.2  TimeStamp: 2026/03/14-09:28:08-GMT  BuildTime: Aug  4 2022 06:17:15  BuildStamp: freesurfer-linux-ubuntu22_x86_64-7.3.2-20220804-6354275  User: oesteban  Machine: dna077  Platform: Linux  PlatformVersion: 5.14.0-427.37.1.el9_4.x86_64  CompilerName: GCC  CompilerVersion: 8.4.0
ProgramName: mris_euler_number  ProgramArguments: mris_euler_number -all-info  ProgramVersion: 7.3.2  TimeStamp: 2026/03/14-09:28:08-GMT  BuildTime: Aug  4 2022 06:17:15  BuildStamp: freesurfer-linux-ubuntu22_x86_64-7.3.2-20220804-6354275  User: oesteban  Machine: dna077  Platform: Linux  PlatformVersion: 5.14.0-427.37.1.el9_4.x86_64  CompilerName: GCC  CompilerVersion: 8.4.0
ProgramName: mris_fix_topology  ProgramArguments: mris_fix_topology -all-info  ProgramVersion: 7.3.2  TimeStamp: 2026/03/14-09:28:08-GMT  BuildTime: Aug  4 2022 06:17:15  BuildStamp: freesurfer-linux-ubuntu22_x86_64-7.3.2-20220804-6354275  User: oesteban  Machine: dna077  Platform: Linux  PlatformVersion: 5.14.0-427.37.1.el9_4.x86_64  CompilerName: GCC  CompilerVersion: 8.4.0
ProgramName: mris_topo_fixer  ProgramArguments: mris_topo_fixer -all-info  ProgramVersion: 7.3.2  TimeStamp: 2026/03/14-09:28:08-GMT  BuildTime: Aug  4 2022 06:17:15  BuildStamp: freesurfer-linux-ubuntu22_x86_64-7.3.2-20220804-6354275  User: oesteban  Machine: dna077  Platform: Linux  PlatformVersion: 5.14.0-427.37.1.el9_4.x86_64  CompilerName: GCC  CompilerVersion: 8.4.0
ProgramName: mris_jacobian  ProgramArguments: mris_jacobian -all-info  ProgramVersion: 7.3.2  TimeStamp: 2026/03/14-09:28:08-GMT  BuildTime: Aug  4 2022 06:17:15  BuildStamp: freesurfer-linux-ubuntu22_x86_64-7.3.2-20220804-6354275  User: oesteban  Machine: dna077  Platform: Linux  PlatformVersion: 5.14.0-427.37.1.el9_4.x86_64  CompilerName: GCC  CompilerVersion: 8.4.0
ProgramName: mris_label2annot  ProgramArguments: mris_label2annot -all-info  ProgramVersion: 7.3.2  TimeStamp: 2026/03/14-09:28:08-GMT  BuildTime: Aug  4 2022 06:17:15  BuildStamp: freesurfer-linux-ubuntu22_x86_64-7.3.2-20220804-6354275  User: oesteban  Machine: dna077  Platform: Linux  PlatformVersion: 5.14.0-427.37.1.el9_4.x86_64  CompilerName: GCC  CompilerVersion: 8.4.0
ProgramName: mris_left_right_register  ProgramArguments: mris_left_right_register -all-info  ProgramVersion: 7.3.2  TimeStamp: 2026/03/14-09:28:08-GMT  BuildTime: Aug  4 2022 06:17:15  BuildStamp: freesurfer-linux-ubuntu22_x86_64-7.3.2-20220804-6354275  User: oesteban  Machine: dna077  Platform: Linux  PlatformVersion: 5.14.0-427.37.1.el9_4.x86_64  CompilerName: GCC  CompilerVersion: 8.4.0
ProgramName: mris_place_surface  ProgramArguments: mris_place_surface -all-info  ProgramVersion: 7.3.2  TimeStamp: 2026/03/14-09:28:08-GMT  BuildTime: Aug  4 2022 06:17:15  BuildStamp: freesurfer-linux-ubuntu22_x86_64-7.3.2-20220804-6354275  User: oesteban  Machine: dna077  Platform: Linux  PlatformVersion: 5.14.0-427.37.1.el9_4.x86_64  CompilerName: GCC  CompilerVersion: 8.4.0
ProgramName: mrisp_paint  ProgramArguments: mrisp_paint -all-info  ProgramVersion: 7.3.2  TimeStamp: 2026/03/14-09:28:08-GMT  BuildTime: Aug  4 2022 06:17:15  BuildStamp: freesurfer-linux-ubuntu22_x86_64-7.3.2-20220804-6354275  User: oesteban  Machine: dna077  Platform: Linux  PlatformVersion: 5.14.0-427.37.1.el9_4.x86_64  CompilerName: GCC  CompilerVersion: 8.4.0
ProgramName: mris_register  ProgramArguments: mris_register -all-info  ProgramVersion: 7.3.2  TimeStamp: 2026/03/14-09:28:08-GMT  BuildTime: Aug  4 2022 06:17:15  BuildStamp: freesurfer-linux-ubuntu22_x86_64-7.3.2-20220804-6354275  User: oesteban  Machine: dna077  Platform: Linux  PlatformVersion: 5.14.0-427.37.1.el9_4.x86_64  CompilerName: GCC  CompilerVersion: 8.4.0
ProgramName: mris_smooth  ProgramArguments: mris_smooth -all-info  ProgramVersion: 7.3.2  TimeStamp: 2026/03/14-09:28:08-GMT  BuildTime: Aug  4 2022 06:17:15  BuildStamp: freesurfer-linux-ubuntu22_x86_64-7.3.2-20220804-6354275  User: oesteban  Machine: dna077  Platform: Linux  PlatformVersion: 5.14.0-427.37.1.el9_4.x86_64  CompilerName: GCC  CompilerVersion: 8.4.0
ProgramName: mris_sphere  ProgramArguments: mris_sphere -all-info  ProgramVersion: 7.3.2  TimeStamp: 2026/03/14-09:28:08-GMT  BuildTime: Aug  4 2022 06:17:15  BuildStamp: freesurfer-linux-ubuntu22_x86_64-7.3.2-20220804-6354275  User: oesteban  Machine: dna077  Platform: Linux  PlatformVersion: 5.14.0-427.37.1.el9_4.x86_64  CompilerName: GCC  CompilerVersion: 8.4.0
ProgramName: mris_surface_stats  ProgramArguments: mris_surface_stats -all-info  ProgramVersion: 7.3.2  TimeStamp: 2026/03/14-09:28:08-GMT  BuildTime: Aug  4 2022 06:17:15  BuildStamp: freesurfer-linux-ubuntu22_x86_64-7.3.2-20220804-6354275  User: oesteban  Machine: dna077  Platform: Linux  PlatformVersion: 5.14.0-427.37.1.el9_4.x86_64  CompilerName: GCC  CompilerVersion: 8.4.0
ProgramName: mri_stats2seg  ProgramArguments: mri_stats2seg -all-info  ProgramVersion: 7.3.2  TimeStamp: 2026/03/14-09:28:08-GMT  BuildTime: Aug  4 2022 06:17:15  BuildStamp: freesurfer-linux-ubuntu22_x86_64-7.3.2-20220804-6354275  User: oesteban  Machine: dna077  Platform: Linux  PlatformVersion: 5.14.0-427.37.1.el9_4.x86_64  CompilerName: GCC  CompilerVersion: 8.4.0
ProgramName: mris_thickness  ProgramArguments: mris_thickness -all-info  ProgramVersion: 7.3.2  TimeStamp: 2026/03/14-09:28:08-GMT  BuildTime: Aug  4 2022 06:17:15  BuildStamp: freesurfer-linux-ubuntu22_x86_64-7.3.2-20220804-6354275  User: oesteban  Machine: dna077  Platform: Linux  PlatformVersion: 5.14.0-427.37.1.el9_4.x86_64  CompilerName: GCC  CompilerVersion: 8.4.0
ProgramName: mris_thickness_diff  ProgramArguments: mris_thickness_diff -all-info  ProgramVersion: 7.3.2  TimeStamp: 2026/03/14-09:28:08-GMT  BuildTime: Aug  4 2022 06:17:15  BuildStamp: freesurfer-linux-ubuntu22_x86_64-7.3.2-20220804-6354275  User: oesteban  Machine: dna077  Platform: Linux  PlatformVersion: 5.14.0-427.37.1.el9_4.x86_64  CompilerName: GCC  CompilerVersion: 8.4.0
ProgramName: mris_topo_fixer  ProgramArguments: mris_topo_fixer -all-info  ProgramVersion: 7.3.2  TimeStamp: 2026/03/14-09:28:08-GMT  BuildTime: Aug  4 2022 06:17:15  BuildStamp: freesurfer-linux-ubuntu22_x86_64-7.3.2-20220804-6354275  User: oesteban  Machine: dna077  Platform: Linux  PlatformVersion: 5.14.0-427.37.1.el9_4.x86_64  CompilerName: GCC  CompilerVersion: 8.4.0
ProgramName: mri_surf2surf  ProgramArguments: mri_surf2surf -all-info  ProgramVersion: 7.3.2  TimeStamp: 2026/03/14-09:28:08-GMT  BuildTime: Aug  4 2022 06:17:15  BuildStamp: freesurfer-linux-ubuntu22_x86_64-7.3.2-20220804-6354275  User: oesteban  Machine: dna077  Platform: Linux  PlatformVersion: 5.14.0-427.37.1.el9_4.x86_64  CompilerName: GCC  CompilerVersion: 8.4.0
ProgramName: mri_surf2vol  ProgramArguments: mri_surf2vol -all-info  ProgramVersion: 7.3.2  TimeStamp: 2026/03/14-09:28:08-GMT  BuildTime: Aug  4 2022 06:17:15  BuildStamp: freesurfer-linux-ubuntu22_x86_64-7.3.2-20220804-6354275  User: oesteban  Machine: dna077  Platform: Linux  PlatformVersion: 5.14.0-427.37.1.el9_4.x86_64  CompilerName: GCC  CompilerVersion: 8.4.0
ProgramName: mri_surfcluster  ProgramArguments: mri_surfcluster -all-info  ProgramVersion: 7.3.2  TimeStamp: 2026/03/14-09:28:08-GMT  BuildTime: Aug  4 2022 06:17:15  BuildStamp: freesurfer-linux-ubuntu22_x86_64-7.3.2-20220804-6354275  User: oesteban  Machine: dna077  Platform: Linux  PlatformVersion: 5.14.0-427.37.1.el9_4.x86_64  CompilerName: GCC  CompilerVersion: 8.4.0
ProgramName: mris_volmask  ProgramArguments: mris_volmask -all-info  ProgramVersion: 7.3.2  TimeStamp: 2026/03/14-09:28:08-GMT  BuildTime: Aug  4 2022 06:17:15  BuildStamp: freesurfer-linux-ubuntu22_x86_64-7.3.2-20220804-6354275  User: oesteban  Machine: dna077  Platform: Linux  PlatformVersion: 5.14.0-427.37.1.el9_4.x86_64  CompilerName: GCC  CompilerVersion: 8.4.0
ProgramName: mri_tessellate  ProgramArguments: mri_tessellate -all-info  ProgramVersion: 7.3.2  TimeStamp: 2026/03/14-09:28:08-GMT  BuildTime: Aug  4 2022 06:17:15  BuildStamp: freesurfer-linux-ubuntu22_x86_64-7.3.2-20220804-6354275  User: oesteban  Machine: dna077  Platform: Linux  PlatformVersion: 5.14.0-427.37.1.el9_4.x86_64  CompilerName: GCC  CompilerVersion: 8.4.0
ProgramName: mri_vol2surf  ProgramArguments: mri_vol2surf -all-info  ProgramVersion: 7.3.2  TimeStamp: 2026/03/14-09:28:08-GMT  BuildTime: Aug  4 2022 06:17:15  BuildStamp: freesurfer-linux-ubuntu22_x86_64-7.3.2-20220804-6354275  User: oesteban  Machine: dna077  Platform: Linux  PlatformVersion: 5.14.0-427.37.1.el9_4.x86_64  CompilerName: GCC  CompilerVersion: 8.4.0
ProgramName: mri_vol2vol  ProgramArguments: mri_vol2vol -all-info  ProgramVersion: 7.3.2  TimeStamp: 2026/03/14-09:28:08-GMT  BuildTime: Aug  4 2022 06:17:15  BuildStamp: freesurfer-linux-ubuntu22_x86_64-7.3.2-20220804-6354275  User: oesteban  Machine: dna077  Platform: Linux  PlatformVersion: 5.14.0-427.37.1.el9_4.x86_64  CompilerName: GCC  CompilerVersion: 8.4.0
ProgramName: mri_voldiff  ProgramArguments: mri_voldiff -all-info  ProgramVersion: 7.3.2  TimeStamp: 2026/03/14-09:28:08-GMT  BuildTime: Aug  4 2022 06:17:15  BuildStamp: freesurfer-linux-ubuntu22_x86_64-7.3.2-20220804-6354275  User: oesteban  Machine: dna077  Platform: Linux  PlatformVersion: 5.14.0-427.37.1.el9_4.x86_64  CompilerName: GCC  CompilerVersion: 8.4.0
ProgramName: mri_watershed  ProgramArguments: mri_watershed -all-info  ProgramVersion: 7.3.2  TimeStamp: 2026/03/14-09:28:08-GMT  BuildTime: Aug  4 2022 06:17:15  BuildStamp: freesurfer-linux-ubuntu22_x86_64-7.3.2-20220804-6354275  User: oesteban  Machine: dna077  Platform: Linux  PlatformVersion: 5.14.0-427.37.1.el9_4.x86_64  CompilerName: GCC  CompilerVersion: 8.4.0
ProgramName: tkregister2  ProgramArguments: tkregister2_cmdl -all-info  ProgramVersion: 7.3.2  TimeStamp: 2026/03/14-09:28:08-GMT  BuildTime: Aug  4 2022 06:17:15  BuildStamp: freesurfer-linux-ubuntu22_x86_64-7.3.2-20220804-6354275  User: oesteban  Machine: dna077  Platform: Linux  PlatformVersion: 5.14.0-427.37.1.el9_4.x86_64  CompilerName: GCC  CompilerVersion: 8.4.0
mri_motion_correct.fsl 7.3.2
mri_convert -all-info 
ProgramName: mri_convert  ProgramArguments: mri_convert -all-info  ProgramVersion: 7.3.2  TimeStamp: 2026/03/14-09:28:08-GMT  BuildTime: Aug  4 2022 06:17:15  BuildStamp: freesurfer-linux-ubuntu22_x86_64-7.3.2-20220804-6354275  User: oesteban  Machine: dna077  Platform: Linux  PlatformVersion: 5.14.0-427.37.1.el9_4.x86_64  CompilerName: GCC  CompilerVersion: 8.4.0
Program nu_correct, built from:
Package MNI N3, version 1.12.0, compiled by nicks@terrier (x86_64-unknown-linux-gnu) on 2015-06-19 at 01:25:34
#######################################
GCADIR /opt/freesurfer/average
GCA RB_all_2020-01-02.gca
GCASkull RB_all_withskull_2020_01_02.gca
AvgCurvTif folding.atlas.acfb40.noaparc.i12.2016-08-02.tif
GCSDIR /opt/freesurfer/average
GCS DKaparc.atlas.acfb40.noaparc.i12.2016-08-02.gcs
#######################################
/out/sourcedata/freesurfer/sub-v2s9x29166_ses-1

 mri_convert /work/fmriprep_25_2_wf/sub_v2s9x29166_ses_1_wf/anat_fit_wf/anat_validate/sub-v2s9x29166_ses-1_run-1_T1w_noise_corrected_ras_valid.nii.gz /out/sourcedata/freesurfer/sub-v2s9x29166_ses-1/mri/orig/001.mgz 

mri_convert /work/fmriprep_25_2_wf/sub_v2s9x29166_ses_1_wf/anat_fit_wf/anat_validate/sub-v2s9x29166_ses-1_run-1_T1w_noise_corrected_ras_valid.nii.gz /out/sourcedata/freesurfer/sub-v2s9x29166_ses-1/mri/orig/001.mgz 
reading from /work/fmriprep_25_2_wf/sub_v2s9x29166_ses_1_wf/anat_fit_wf/anat_validate/sub-v2s9x29166_ses-1_run-1_T1w_noise_corrected_ras_valid.nii.gz...
TR=0.00, TE=0.00, TI=0.00, flip angle=0.00
i_ras = (1, 0, 0)
j_ras = (0, 1, 0)
k_ras = (0, 0, 1)
writing to /out/sourcedata/freesurfer/sub-v2s9x29166_ses-1/mri/orig/001.mgz...
#--------------------------------------------
#@# MotionCor Sat Mar 14 10:28:09 CET 2026
Found 1 runs
/out/sourcedata/freesurfer/sub-v2s9x29166_ses-1/mri/orig/001.mgz
Checking for (invalid) multi-frame inputs...
Only one run found so motion
correction will not be performed. I'll
copy the run to rawavg and continue.

 cp /out/sourcedata/freesurfer/sub-v2s9x29166_ses-1/mri/orig/001.mgz /out/sourcedata/freesurfer/sub-v2s9x29166_ses-1/mri/rawavg.mgz 


 mri_info /out/sourcedata/freesurfer/sub-v2s9x29166_ses-1/mri/rawavg.mgz 

rawavg.mgz ========================================
Volume information for /out/sourcedata/freesurfer/sub-v2s9x29166_ses-1/mri/rawavg.mgz
          type: MGH
    dimensions: 128 x 256 x 256
   voxel sizes: 1.330002, 1.000000, 1.000000
          type: FLOAT (3)
           fov: 256.000
           dof: 1
        xstart: -85.1, xend: 85.1
        ystart: -128.0, yend: 128.0
        zstart: -128.0, zend: 128.0
            TR: 0.00 msec, TE: 0.00 msec, TI: 0.00 msec, flip angle: 0.00 degrees
       nframes: 1
       PhEncDir: UNKNOWN
       FieldStrength: 0.000000
ras xform present
    xform info: x_r =   1.0000, y_r =   0.0000, z_r =   0.0000, c_r =     0.6651
              : x_a =   0.0000, y_a =   1.0000, z_a =   0.0000, c_a =     1.0000
              : x_s =   0.0000, y_s =   0.0000, z_s =   1.0000, c_s =     1.0000

talairach xfm : 
Orientation   : RAS
Primary Slice Direction: axial

voxel to ras transform:
                1.3300   0.0000   0.0000   -84.4550
                0.0000   1.0000   0.0000  -127.0000
                0.0000   0.0000   1.0000  -127.0000
                0.0000   0.0000   0.0000     1.0000

voxel-to-ras determinant 1.33

ras to voxel transform:
                0.7519   0.0000   0.0000    63.4999
                0.0000   1.0000   0.0000   127.0000
                0.0000   0.0000   1.0000   127.0000
                0.0000   0.0000   0.0000     1.0000
/out/sourcedata/freesurfer/sub-v2s9x29166_ses-1

 mri_convert /out/sourcedata/freesurfer/sub-v2s9x29166_ses-1/mri/rawavg.mgz /out/sourcedata/freesurfer/sub-v2s9x29166_ses-1/mri/orig.mgz --conform 

mri_convert /out/sourcedata/freesurfer/sub-v2s9x29166_ses-1/mri/rawavg.mgz /out/sourcedata/freesurfer/sub-v2s9x29166_ses-1/mri/orig.mgz --conform 
reading from /out/sourcedata/freesurfer/sub-v2s9x29166_ses-1/mri/rawavg.mgz...
TR=0.00, TE=0.00, TI=0.00, flip angle=0.00
i_ras = (1, 0, 0)
j_ras = (0, 1, 0)
k_ras = (0, 0, 1)
changing data type from float to uchar (noscale = 0)...
MRIchangeType: Building histogram 0 509.919 1000, flo=0, fhi=0.999, dest_type=0
Reslicing using trilinear interpolation 
writing to /out/sourcedata/freesurfer/sub-v2s9x29166_ses-1/mri/orig.mgz...

 mri_add_xform_to_header -c /out/sourcedata/freesurfer/sub-v2s9x29166_ses-1/mri/transforms/talairach.xfm /out/sourcedata/freesurfer/sub-v2s9x29166_ses-1/mri/orig.mgz /out/sourcedata/freesurfer/sub-v2s9x29166_ses-1/mri/orig.mgz 

INFO: extension is mgz

 mri_info /out/sourcedata/freesurfer/sub-v2s9x29166_ses-1/mri/orig.mgz 

orig.mgz ========================================
Volume information for /out/sourcedata/freesurfer/sub-v2s9x29166_ses-1/mri/orig.mgz
          type: MGH
    dimensions: 256 x 256 x 256
   voxel sizes: 1.000000, 1.000000, 1.000000
          type: UCHAR (0)
           fov: 256.000
           dof: 1
        xstart: -128.0, xend: 128.0
        ystart: -128.0, yend: 128.0
        zstart: -128.0, zend: 128.0
            TR: 0.00 msec, TE: 0.00 msec, TI: 0.00 msec, flip angle: 0.00 degrees
       nframes: 1
       PhEncDir: UNKNOWN
       FieldStrength: 0.000000
ras xform present
    xform info: x_r =  -1.0000, y_r =   0.0000, z_r =   0.0000, c_r =     0.6651
              : x_a =   0.0000, y_a =   0.0000, z_a =   1.0000, c_a =     1.0000
              : x_s =   0.0000, y_s =  -1.0000, z_s =   0.0000, c_s =     1.0000

talairach xfm : /out/sourcedata/freesurfer/sub-v2s9x29166_ses-1/mri/transforms/talairach.xfm
Orientation   : LIA
Primary Slice Direction: coronal

voxel to ras transform:
               -1.0000   0.0000   0.0000   128.6651
                0.0000   0.0000   1.0000  -127.0000
                0.0000  -1.0000   0.0000   129.0000
                0.0000   0.0000   0.0000     1.0000

voxel-to-ras determinant -1

ras to voxel transform:
               -1.0000  -0.0000  -0.0000   128.6651
               -0.0000  -0.0000  -1.0000   129.0000
               -0.0000   1.0000  -0.0000   127.0000
               -0.0000  -0.0000  -0.0000     1.0000
#--------------------------------------------
#@# Talairach Sat Mar 14 10:28:15 CET 2026
/out/sourcedata/freesurfer/sub-v2s9x29166_ses-1/mri

 mri_nu_correct.mni --no-rescale --i orig.mgz --o orig_nu.mgz --ants-n4 --n 1 --proto-iters 1000 --distance 50 

/usr/bin/bc
/out/sourcedata/freesurfer/sub-v2s9x29166_ses-1/mri
/opt/freesurfer/bin/mri_nu_correct.mni
--no-rescale --i orig.mgz --o orig_nu.mgz --ants-n4 --n 1 --proto-iters 1000 --distance 50
nIters 1
mri_nu_correct.mni 7.3.2
Linux dna077 5.14.0-427.37.1.el9_4.x86_64 #1 SMP PREEMPT_DYNAMIC Fri Sep 13 12:41:50 EDT 2024 x86_64 x86_64 x86_64 GNU/Linux
Sat Mar 14 10:28:15 CET 2026
tmpdir is ./tmp.mri_nu_correct.mni.2787986
cd /out/sourcedata/freesurfer/sub-v2s9x29166_ses-1/mri
AntsN4BiasFieldCorrectionFs -i orig.mgz -o ./tmp.mri_nu_correct.mni.2787986/nu0.mgz --dtype uchar
AntsN4BiasFieldCorrectionFs done
mri_convert ./tmp.mri_nu_correct.mni.2787986/nu0.mgz orig_nu.mgz --like orig.mgz --conform
mri_convert ./tmp.mri_nu_correct.mni.2787986/nu0.mgz orig_nu.mgz --like orig.mgz --conform 
reading from ./tmp.mri_nu_correct.mni.2787986/nu0.mgz...
TR=0.00, TE=0.00, TI=0.00, flip angle=0.00
i_ras = (-1, 0, 0)
j_ras = (0, 0, -1)
k_ras = (0, 1, 0)
INFO: transform src into the like-volume: orig.mgz
writing to orig_nu.mgz...
 
 
Sat Mar 14 10:30:48 CET 2026
mri_nu_correct.mni done

 talairach_avi --i orig_nu.mgz --xfm transforms/talairach.auto.xfm 

talairach_avi log file is transforms/talairach_avi.log...
mv -f /out/sourcedata/freesurfer/sub-v2s9x29166_ses-1/mri/talsrcimg_to_711-2C_as_mni_average_305_t4_vox2vox.txt /out/sourcedata/freesurfer/sub-v2s9x29166_ses-1/mri/transforms/talsrcimg_to_711-2C_as_mni_average_305_t4_vox2vox.txt
Started at Sat Mar 14 10:30:48 CET 2026
Ended   at Sat Mar 14 10:31:02 CET 2026
talairach_avi done

 cp transforms/talairach.auto.xfm transforms/talairach.xfm 

lta_convert --src orig.mgz --trg /opt/freesurfer/average/mni305.cor.mgz --inxfm transforms/talairach.xfm --outlta transforms/talairach.xfm.lta --subject fsaverage --ltavox2vox
7.3.2

--src: orig.mgz src image (geometry).
--trg: /opt/freesurfer/average/mni305.cor.mgz trg image (geometry).
--inmni: transforms/talairach.xfm input MNI/XFM transform.
--outlta: transforms/talairach.xfm.lta output LTA.
--s: fsaverage subject name
--ltavox2vox: output LTA as VOX_TO_VOX transform.
 LTA read, type : 1
 1.13838   0.09202  -0.16327  -8.47639;
-0.04509   1.12239   0.23253   3.98257;
 0.16188  -0.21649   1.19080  -10.59981;
 0.00000   0.00000   0.00000   1.00000;
setting subject to fsaverage
Writing  LTA to file transforms/talairach.xfm.lta...
lta_convert successful.
#--------------------------------------------
#@# Talairach Failure Detection Sat Mar 14 10:31:04 CET 2026
/out/sourcedata/freesurfer/sub-v2s9x29166_ses-1/mri

 talairach_afd -T 0.005 -xfm transforms/talairach.xfm 

talairach_afd: Talairach Transform: transforms/talairach.xfm OK (p=0.7364, pval=0.6675 >= threshold=0.0050)

 awk -f /opt/freesurfer/bin/extract_talairach_avi_QA.awk /out/sourcedata/freesurfer/sub-v2s9x29166_ses-1/mri/transforms/talairach_avi.log 


 tal_QC_AZS /out/sourcedata/freesurfer/sub-v2s9x29166_ses-1/mri/transforms/talairach_avi.log 

TalAviQA: 0.97863
z-score: 0
#--------------------------------------------
#@# Nu Intensity Correction Sat Mar 14 10:31:04 CET 2026

 mri_nu_correct.mni --i orig.mgz --o nu.mgz --uchar transforms/talairach.xfm --n 2 --ants-n4 

/usr/bin/bc
/out/sourcedata/freesurfer/sub-v2s9x29166_ses-1/mri
/opt/freesurfer/bin/mri_nu_correct.mni
--i orig.mgz --o nu.mgz --uchar transforms/talairach.xfm --n 2 --ants-n4
nIters 2
mri_nu_correct.mni 7.3.2
Linux dna077 5.14.0-427.37.1.el9_4.x86_64 #1 SMP PREEMPT_DYNAMIC Fri Sep 13 12:41:50 EDT 2024 x86_64 x86_64 x86_64 GNU/Linux
Sat Mar 14 10:31:04 CET 2026
tmpdir is ./tmp.mri_nu_correct.mni.2788576
cd /out/sourcedata/freesurfer/sub-v2s9x29166_ses-1/mri
AntsN4BiasFieldCorrectionFs -i orig.mgz -o ./tmp.mri_nu_correct.mni.2788576/nu0.mgz --dtype uchar
AntsN4BiasFieldCorrectionFs done
mri_binarize --i ./tmp.mri_nu_correct.mni.2788576/nu0.mgz --min -1 --o ./tmp.mri_nu_correct.mni.2788576/ones.mgz

7.3.2
cwd /out/sourcedata/freesurfer/sub-v2s9x29166_ses-1/mri
cmdline mri_binarize --i ./tmp.mri_nu_correct.mni.2788576/nu0.mgz --min -1 --o ./tmp.mri_nu_correct.mni.2788576/ones.mgz 
sysname  Linux
hostname dna077
machine  x86_64
user     oesteban

input      ./tmp.mri_nu_correct.mni.2788576/nu0.mgz
frame      0
nErode3d   0
nErode2d   0
output     ./tmp.mri_nu_correct.mni.2788576/ones.mgz
Binarizing based on threshold
min        -1
max        +infinity
binval        1
binvalnot     0
fstart = 0, fend = 0, nframes = 1
Starting parallel 1
Found 16777216 values in range
Counting number of voxels in first frame
Found 16777215 voxels in final mask
Writing output to ./tmp.mri_nu_correct.mni.2788576/ones.mgz
Count: 16777215 16777215.000000 16777216 99.999994
mri_binarize done
mri_segstats --id 1 --seg ./tmp.mri_nu_correct.mni.2788576/ones.mgz --i orig.mgz --sum ./tmp.mri_nu_correct.mni.2788576/sum.junk --avgwf ./tmp.mri_nu_correct.mni.2788576/input.mean.dat

7.3.2
cwd 
cmdline mri_segstats --id 1 --seg ./tmp.mri_nu_correct.mni.2788576/ones.mgz --i orig.mgz --sum ./tmp.mri_nu_correct.mni.2788576/sum.junk --avgwf ./tmp.mri_nu_correct.mni.2788576/input.mean.dat 
sysname  Linux
hostname dna077
machine  x86_64
user     oesteban
whitesurfname  white
UseRobust  0
Loading ./tmp.mri_nu_correct.mni.2788576/ones.mgz
Loading orig.mgz
Voxel Volume is 1 mm^3
Generating list of segmentation ids
Found   1 segmentations
Computing statistics for each segmentation

Reporting on   1 segmentations
Using PrintSegStat
Computing spatial average of each frame

Writing to ./tmp.mri_nu_correct.mni.2788576/input.mean.dat
mri_segstats done
mri_segstats --id 1 --seg ./tmp.mri_nu_correct.mni.2788576/ones.mgz --i ./tmp.mri_nu_correct.mni.2788576/nu0.mgz --sum ./tmp.mri_nu_correct.mni.2788576/sum.junk --avgwf ./tmp.mri_nu_correct.mni.2788576/output.mean.dat

7.3.2
cwd 
cmdline mri_segstats --id 1 --seg ./tmp.mri_nu_correct.mni.2788576/ones.mgz --i ./tmp.mri_nu_correct.mni.2788576/nu0.mgz --sum ./tmp.mri_nu_correct.mni.2788576/sum.junk --avgwf ./tmp.mri_nu_correct.mni.2788576/output.mean.dat 
sysname  Linux
hostname dna077
machine  x86_64
user     oesteban
whitesurfname  white
UseRobust  0
Loading ./tmp.mri_nu_correct.mni.2788576/ones.mgz
Loading ./tmp.mri_nu_correct.mni.2788576/nu0.mgz
Voxel Volume is 1 mm^3
Generating list of segmentation ids
Found   1 segmentations
Computing statistics for each segmentation

Reporting on   1 segmentations
Using PrintSegStat
Computing spatial average of each frame

Writing to ./tmp.mri_nu_correct.mni.2788576/output.mean.dat
mri_segstats done
mris_calc -o ./tmp.mri_nu_correct.mni.2788576/nu0.mgz ./tmp.mri_nu_correct.mni.2788576/nu0.mgz mul 1.46734709223342339948
Saving result to './tmp.mri_nu_correct.mni.2788576/nu0.mgz' (type = MGH )                       [ ok ]
mri_convert ./tmp.mri_nu_correct.mni.2788576/nu0.mgz nu.mgz --like orig.mgz
mri_convert ./tmp.mri_nu_correct.mni.2788576/nu0.mgz nu.mgz --like orig.mgz 
reading from ./tmp.mri_nu_correct.mni.2788576/nu0.mgz...
TR=0.00, TE=0.00, TI=0.00, flip angle=0.00
i_ras = (-1, 0, 0)
j_ras = (0, 0, -1)
k_ras = (0, 1, 0)
INFO: transform src into the like-volume: orig.mgz
writing to nu.mgz...
mri_make_uchar nu.mgz transforms/talairach.xfm nu.mgz
type change took 0 minutes and 3 seconds.
FIRST_PERCENTILE 0.010000
WM_PERCENTILE    0.900000
MAX_R 50.000000
i1 = 4, i2 = 72
#mri_make_uchar# mapping 10 185 to  3 110  :  b -3.77059 m 0.613469 : thresh 6.14634 maxsat 421.815 : nzero 13182130 nsat 0
 
 
Sat Mar 14 10:33:49 CET 2026
mri_nu_correct.mni done

 mri_add_xform_to_header -c /out/sourcedata/freesurfer/sub-v2s9x29166_ses-1/mri/transforms/talairach.xfm nu.mgz nu.mgz 

INFO: extension is mgz
#--------------------------------------------
#@# Intensity Normalization Sat Mar 14 10:33:49 CET 2026
/out/sourcedata/freesurfer/sub-v2s9x29166_ses-1/mri

 mri_normalize -g 1 -seed 1234 -mprage nu.mgz T1.mgz 

using max gradient = 1.000
setting seed for random number genererator to 1234
assuming input volume is MGH (Van der Kouwe) MP-RAGE
reading mri_src from nu.mgz...
normalizing image...
NOT doing gentle normalization with control points/label
talairach transform
 1.13838   0.09202  -0.16327  -8.47639;
-0.04509   1.12239   0.23253   3.98257;
 0.16188  -0.21649   1.19080  -10.59981;
 0.00000   0.00000   0.00000   1.00000;
processing without aseg, no1d=0
MRInormInit(): 
INFO: Modifying talairach volume c_(r,a,s) based on average_305
MRInormalize(): 
MRIsplineNormalize(): npeaks = 12
Starting OpenSpline(): npoints = 12
building Voronoi diagram...
performing soap bubble smoothing, sigma = 8...

Iterating 2 times
---------------------------------
3d normalization pass 1 of 2
white matter peak found at 110
white matter peak found at 109
gm peak at 58 (58), valley at 42 (42)
csf peak at 30, setting threshold to 48
building Voronoi diagram...
performing soap bubble smoothing, sigma = 8...
---------------------------------
3d normalization pass 2 of 2
white matter peak found at 110
white matter peak found at 110
gm peak at 59 (59), valley at 41 (41)
csf peak at 30, setting threshold to 49
building Voronoi diagram...
performing soap bubble smoothing, sigma = 8...
Done iterating ---------------------------------
writing output to T1.mgz
3D bias adjustment took 1 minutes and 0 seconds.

Started at Sat Mar 14 10:28:07 CET 2026 
Ended   at Sat Mar 14 10:34:50 CET 2026
#@#%# recon-all-run-time-hours 0.112
recon-all -s sub-v2s9x29166_ses-1 finished without error at Sat Mar 14 10:34:50 CET 2026



#New# invocation of recon-all 




Sat Mar 14 10:41:06 CET 2026
cd /out/sourcedata/freesurfer/sub-v2s9x29166_ses-1
setenv SUBJECTS_DIR /out/sourcedata/freesurfer
/opt/freesurfer/bin/recon-all -openmp 16 -subjid sub-v2s9x29166_ses-1 -sd /out/sourcedata/freesurfer -gcareg

subjid sub-v2s9x29166_ses-1
setenv SUBJECTS_DIR /out/sourcedata/freesurfer
FREESURFER_HOME /opt/freesurfer
Actual FREESURFER_HOME /opt/freesurfer
build-stamp.txt: freesurfer-linux-ubuntu22_x86_64-7.3.2-20220804-6354275
Linux dna077 5.14.0-427.37.1.el9_4.x86_64 #1 SMP PREEMPT_DYNAMIC Fri Sep 13 12:41:50 EDT 2024 x86_64 x86_64 x86_64 GNU/Linux
cputime      unlimited
filesize     unlimited
datasize     unlimited
stacksize    8192 kbytes
coredumpsize 0 kbytes
memoryuse    67108864 kbytes
vmemoryuse   unlimited
descriptors  1024 
memorylocked unlimited
maxproc      2061970 
maxlocks     unlimited
maxsignal    2062029 
maxmessage   819200 
maxnice      0 
maxrtprio    0 
maxrttime    unlimited

               total        used        free      shared  buff/cache   available
Mem:           503Gi       122Gi        42Gi        17Gi       338Gi       360Gi
Swap:             0B          0B          0B

########################################
program versions used
7.3.2 (freesurfer-linux-ubuntu22_x86_64-7.3.2-20220804-6354275)
7.3.2

ProgramName: lta_convert  ProgramArguments: lta_convert -all-info  ProgramVersion: 7.3.2  TimeStamp: 2026/03/14-09:41:06-GMT  BuildTime: Aug  4 2022 06:17:15  BuildStamp: freesurfer-linux-ubuntu22_x86_64-7.3.2-20220804-6354275  User: oesteban  Machine: dna077  Platform: Linux  PlatformVersion: 5.14.0-427.37.1.el9_4.x86_64  CompilerName: GCC  CompilerVersion: 8.4.0
ProgramName: mri_and  ProgramArguments: mri_and -all-info  ProgramVersion: 7.3.2  TimeStamp: 2026/03/14-09:41:06-GMT  BuildTime: Aug  4 2022 06:17:15  BuildStamp: freesurfer-linux-ubuntu22_x86_64-7.3.2-20220804-6354275  User: oesteban  Machine: dna077  Platform: Linux  PlatformVersion: 5.14.0-427.37.1.el9_4.x86_64  CompilerName: GCC  CompilerVersion: 8.4.0
ProgramName: mri_annotation2label  ProgramArguments: mri_annotation2label -all-info  ProgramVersion: 7.3.2  TimeStamp: 2026/03/14-09:41:06-GMT  BuildTime: Aug  4 2022 06:17:15  BuildStamp: freesurfer-linux-ubuntu22_x86_64-7.3.2-20220804-6354275  User: oesteban  Machine: dna077  Platform: Linux  PlatformVersion: 5.14.0-427.37.1.el9_4.x86_64  CompilerName: GCC  CompilerVersion: 8.4.0
ProgramName: mri_aparc2aseg  ProgramArguments: mri_aparc2aseg -all-info  ProgramVersion: 7.3.2  TimeStamp: 2026/03/14-09:41:06-GMT  BuildTime: Aug  4 2022 06:17:15  BuildStamp: freesurfer-linux-ubuntu22_x86_64-7.3.2-20220804-6354275  User: oesteban  Machine: dna077  Platform: Linux  PlatformVersion: 5.14.0-427.37.1.el9_4.x86_64  CompilerName: GCC  CompilerVersion: 8.4.0
ProgramName: mri_surf2volseg  ProgramArguments: mri_surf2volseg -all-info  ProgramVersion: 7.3.2  TimeStamp: 2026/03/14-09:41:06-GMT  BuildTime: Aug  4 2022 06:17:15  BuildStamp: freesurfer-linux-ubuntu22_x86_64-7.3.2-20220804-6354275  User: oesteban  Machine: dna077  Platform: Linux  PlatformVersion: 5.14.0-427.37.1.el9_4.x86_64  CompilerName: GCC  CompilerVersion: 8.4.0
ProgramName: mri_binarize  ProgramArguments: mri_binarize -all-info  ProgramVersion: 7.3.2  TimeStamp: 2026/03/14-09:41:06-GMT  BuildTime: Aug  4 2022 06:17:15  BuildStamp: freesurfer-linux-ubuntu22_x86_64-7.3.2-20220804-6354275  User: oesteban  Machine: dna077  Platform: Linux  PlatformVersion: 5.14.0-427.37.1.el9_4.x86_64  CompilerName: GCC  CompilerVersion: 8.4.0
ProgramName: mri_ca_label  ProgramArguments: mri_ca_label -all-info  ProgramVersion: 7.3.2  TimeStamp: 2026/03/14-09:41:06-GMT  BuildTime: Aug  4 2022 06:17:15  BuildStamp: freesurfer-linux-ubuntu22_x86_64-7.3.2-20220804-6354275  User: oesteban  Machine: dna077  Platform: Linux  PlatformVersion: 5.14.0-427.37.1.el9_4.x86_64  CompilerName: GCC  CompilerVersion: 8.4.0
ProgramName: mri_ca_normalize  ProgramArguments: mri_ca_normalize -all-info  ProgramVersion: 7.3.2  TimeStamp: 2026/03/14-09:41:06-GMT  BuildTime: Aug  4 2022 06:17:15  BuildStamp: freesurfer-linux-ubuntu22_x86_64-7.3.2-20220804-6354275  User: oesteban  Machine: dna077  Platform: Linux  PlatformVersion: 5.14.0-427.37.1.el9_4.x86_64  CompilerName: GCC  CompilerVersion: 8.4.0
ProgramName: mri_ca_register  ProgramArguments: mri_ca_register -all-info  ProgramVersion: 7.3.2  TimeStamp: 2026/03/14-09:41:06-GMT  BuildTime: Aug  4 2022 06:17:15  BuildStamp: freesurfer-linux-ubuntu22_x86_64-7.3.2-20220804-6354275  User: oesteban  Machine: dna077  Platform: Linux  PlatformVersion: 5.14.0-427.37.1.el9_4.x86_64  CompilerName: GCC  CompilerVersion: 8.4.0
ProgramName: mri_cc  ProgramArguments: mri_cc -all-info  ProgramVersion: 7.3.2  TimeStamp: 2026/03/14-09:41:06-GMT  BuildTime: Aug  4 2022 06:17:15  BuildStamp: freesurfer-linux-ubuntu22_x86_64-7.3.2-20220804-6354275  User: oesteban  Machine: dna077  Platform: Linux  PlatformVersion: 5.14.0-427.37.1.el9_4.x86_64  CompilerName: GCC  CompilerVersion: 8.4.0
ProgramName: mri_compute_overlap  ProgramArguments: mri_compute_overlap -all-info  ProgramVersion: 7.3.2  TimeStamp: 2026/03/14-09:41:06-GMT  BuildTime: Aug  4 2022 06:17:15  BuildStamp: freesurfer-linux-ubuntu22_x86_64-7.3.2-20220804-6354275  User: oesteban  Machine: dna077  Platform: Linux  PlatformVersion: 5.14.0-427.37.1.el9_4.x86_64  CompilerName: GCC  CompilerVersion: 8.4.0
ProgramName: mri_compute_seg_overlap  ProgramArguments: mri_compute_seg_overlap -all-info  ProgramVersion: 7.3.2  TimeStamp: 2026/03/14-09:41:06-GMT  BuildTime: Aug  4 2022 06:17:15  BuildStamp: freesurfer-linux-ubuntu22_x86_64-7.3.2-20220804-6354275  User: oesteban  Machine: dna077  Platform: Linux  PlatformVersion: 5.14.0-427.37.1.el9_4.x86_64  CompilerName: GCC  CompilerVersion: 8.4.0
ProgramName: mri_concat  ProgramArguments: mri_concat -all-info  ProgramVersion: 7.3.2  TimeStamp: 2026/03/14-09:41:06-GMT  BuildTime: Aug  4 2022 06:17:15  BuildStamp: freesurfer-linux-ubuntu22_x86_64-7.3.2-20220804-6354275  User: oesteban  Machine: dna077  Platform: Linux  PlatformVersion: 5.14.0-427.37.1.el9_4.x86_64  CompilerName: GCC  CompilerVersion: 8.4.0
ProgramName: mri_concatenate_lta  ProgramArguments: mri_concatenate_lta -all-info  ProgramVersion: 7.3.2  TimeStamp: 2026/03/14-09:41:06-GMT  BuildTime: Aug  4 2022 06:17:15  BuildStamp: freesurfer-linux-ubuntu22_x86_64-7.3.2-20220804-6354275  User: oesteban  Machine: dna077  Platform: Linux  PlatformVersion: 5.14.0-427.37.1.el9_4.x86_64  CompilerName: GCC  CompilerVersion: 8.4.0
mri_convert -all-info 
ProgramName: mri_convert  ProgramArguments: mri_convert -all-info  ProgramVersion: 7.3.2  TimeStamp: 2026/03/14-09:41:06-GMT  BuildTime: Aug  4 2022 06:17:15  BuildStamp: freesurfer-linux-ubuntu22_x86_64-7.3.2-20220804-6354275  User: oesteban  Machine: dna077  Platform: Linux  PlatformVersion: 5.14.0-427.37.1.el9_4.x86_64  CompilerName: GCC  CompilerVersion: 8.4.0
ProgramName: mri_diff  ProgramArguments: mri_diff -all-info  ProgramVersion: 7.3.2  TimeStamp: 2026/03/14-09:41:06-GMT  BuildTime: Aug  4 2022 06:17:15  BuildStamp: freesurfer-linux-ubuntu22_x86_64-7.3.2-20220804-6354275  User: oesteban  Machine: dna077  Platform: Linux  PlatformVersion: 5.14.0-427.37.1.el9_4.x86_64  CompilerName: GCC  CompilerVersion: 8.4.0
ProgramName: mri_edit_wm_with_aseg  ProgramArguments: mri_edit_wm_with_aseg -all-info  ProgramVersion: 7.3.2  TimeStamp: 2026/03/14-09:41:06-GMT  BuildTime: Aug  4 2022 06:17:15  BuildStamp: freesurfer-linux-ubuntu22_x86_64-7.3.2-20220804-6354275  User: oesteban  Machine: dna077  Platform: Linux  PlatformVersion: 5.14.0-427.37.1.el9_4.x86_64  CompilerName: GCC  CompilerVersion: 8.4.0
ProgramName: mri_em_register  ProgramArguments: mri_em_register -all-info  ProgramVersion: 7.3.2  TimeStamp: 2026/03/14-09:41:06-GMT  BuildTime: Aug  4 2022 06:17:15  BuildStamp: freesurfer-linux-ubuntu22_x86_64-7.3.2-20220804-6354275  User: oesteban  Machine: dna077  Platform: Linux  PlatformVersion: 5.14.0-427.37.1.el9_4.x86_64  CompilerName: GCC  CompilerVersion: 8.4.0
ProgramName: mri_fill  ProgramArguments: mri_fill -all-info  ProgramVersion: 7.3.2  TimeStamp: 2026/03/14-09:41:06-GMT  BuildTime: Aug  4 2022 06:17:15  BuildStamp: freesurfer-linux-ubuntu22_x86_64-7.3.2-20220804-6354275  User: oesteban  Machine: dna077  Platform: Linux  PlatformVersion: 5.14.0-427.37.1.el9_4.x86_64  CompilerName: GCC  CompilerVersion: 8.4.0
ProgramName: mri_fuse_segmentations  ProgramArguments: mri_fuse_segmentations -all-info  ProgramVersion: 7.3.2  TimeStamp: 2026/03/14-09:41:06-GMT  BuildTime: Aug  4 2022 06:17:15  BuildStamp: freesurfer-linux-ubuntu22_x86_64-7.3.2-20220804-6354275  User: oesteban  Machine: dna077  Platform: Linux  PlatformVersion: 5.14.0-427.37.1.el9_4.x86_64  CompilerName: GCC  CompilerVersion: 8.4.0
ProgramName: mri_fwhm  ProgramArguments: mri_fwhm -all-info  ProgramVersion: 7.3.2  TimeStamp: 2026/03/14-09:41:06-GMT  BuildTime: Aug  4 2022 06:17:15  BuildStamp: freesurfer-linux-ubuntu22_x86_64-7.3.2-20220804-6354275  User: oesteban  Machine: dna077  Platform: Linux  PlatformVersion: 5.14.0-427.37.1.el9_4.x86_64  CompilerName: GCC  CompilerVersion: 8.4.0
ProgramName: mri_gcut  ProgramArguments: mri_gcut -all-info  ProgramVersion: 7.3.2  TimeStamp: 2026/03/14-09:41:06-GMT  BuildTime: Aug  4 2022 06:17:15  BuildStamp: freesurfer-linux-ubuntu22_x86_64-7.3.2-20220804-6354275  User: oesteban  Machine: dna077  Platform: Linux  PlatformVersion: 5.14.0-427.37.1.el9_4.x86_64  CompilerName: GCC  CompilerVersion: 8.4.0
ProgramName: mri_info  ProgramArguments: mri_info -all-info  ProgramVersion: 7.3.2  TimeStamp: 2026/03/14-09:41:06-GMT  BuildTime: Aug  4 2022 06:17:15  BuildStamp: freesurfer-linux-ubuntu22_x86_64-7.3.2-20220804-6354275  User: oesteban  Machine: dna077  Platform: Linux  PlatformVersion: 5.14.0-427.37.1.el9_4.x86_64  CompilerName: GCC  CompilerVersion: 8.4.0
ProgramName: mri_label2label  ProgramArguments: mri_label2label -all-info  ProgramVersion: 7.3.2  TimeStamp: 2026/03/14-09:41:06-GMT  BuildTime: Aug  4 2022 06:17:15  BuildStamp: freesurfer-linux-ubuntu22_x86_64-7.3.2-20220804-6354275  User: oesteban  Machine: dna077  Platform: Linux  PlatformVersion: 5.14.0-427.37.1.el9_4.x86_64  CompilerName: GCC  CompilerVersion: 8.4.0
ProgramName: mri_label2vol  ProgramArguments: mri_label2vol -all-info  ProgramVersion: 7.3.2  TimeStamp: 2026/03/14-09:41:06-GMT  BuildTime: Aug  4 2022 06:17:15  BuildStamp: freesurfer-linux-ubuntu22_x86_64-7.3.2-20220804-6354275  User: oesteban  Machine: dna077  Platform: Linux  PlatformVersion: 5.14.0-427.37.1.el9_4.x86_64  CompilerName: GCC  CompilerVersion: 8.4.0
ProgramName: mri_log_likelihood  ProgramArguments: mri_log_likelihood -all-info  ProgramVersion: 7.3.2  TimeStamp: 2026/03/14-09:41:06-GMT  BuildTime: Aug  4 2022 06:17:15  BuildStamp: freesurfer-linux-ubuntu22_x86_64-7.3.2-20220804-6354275  User: oesteban  Machine: dna077  Platform: Linux  PlatformVersion: 5.14.0-427.37.1.el9_4.x86_64  CompilerName: GCC  CompilerVersion: 8.4.0
ProgramName: mri_mask  ProgramArguments: mri_mask -all-info  ProgramVersion: 7.3.2  TimeStamp: 2026/03/14-09:41:06-GMT  BuildTime: Aug  4 2022 06:17:15  BuildStamp: freesurfer-linux-ubuntu22_x86_64-7.3.2-20220804-6354275  User: oesteban  Machine: dna077  Platform: Linux  PlatformVersion: 5.14.0-427.37.1.el9_4.x86_64  CompilerName: GCC  CompilerVersion: 8.4.0
ProgramName: mri_matrix_multiply  ProgramArguments: mri_matrix_multiply -all-info  ProgramVersion: 7.3.2  TimeStamp: 2026/03/14-09:41:06-GMT  BuildTime: Aug  4 2022 06:17:15  BuildStamp: freesurfer-linux-ubuntu22_x86_64-7.3.2-20220804-6354275  User: oesteban  Machine: dna077  Platform: Linux  PlatformVersion: 5.14.0-427.37.1.el9_4.x86_64  CompilerName: GCC  CompilerVersion: 8.4.0
ProgramName: mri_normalize  ProgramArguments: mri_normalize -all-info  ProgramVersion: 7.3.2  TimeStamp: 2026/03/14-09:41:06-GMT  BuildTime: Aug  4 2022 06:17:15  BuildStamp: freesurfer-linux-ubuntu22_x86_64-7.3.2-20220804-6354275  User: oesteban  Machine: dna077  Platform: Linux  PlatformVersion: 5.14.0-427.37.1.el9_4.x86_64  CompilerName: GCC  CompilerVersion: 8.4.0
ProgramName: mri_normalize_tp2  ProgramArguments: mri_normalize_tp2 -all-info  ProgramVersion: 7.3.2  TimeStamp: 2026/03/14-09:41:06-GMT  BuildTime: Aug  4 2022 06:17:15  BuildStamp: freesurfer-linux-ubuntu22_x86_64-7.3.2-20220804-6354275  User: oesteban  Machine: dna077  Platform: Linux  PlatformVersion: 5.14.0-427.37.1.el9_4.x86_64  CompilerName: GCC  CompilerVersion: 8.4.0
ProgramName: mri_or  ProgramArguments: mri_or -all-info  ProgramVersion: 7.3.2  TimeStamp: 2026/03/14-09:41:06-GMT  BuildTime: Aug  4 2022 06:17:15  BuildStamp: freesurfer-linux-ubuntu22_x86_64-7.3.2-20220804-6354275  User: oesteban  Machine: dna077  Platform: Linux  PlatformVersion: 5.14.0-427.37.1.el9_4.x86_64  CompilerName: GCC  CompilerVersion: 8.4.0
ProgramName: mri_relabel_hypointensities  ProgramArguments: mri_relabel_hypointensities -all-info  ProgramVersion: 7.3.2  TimeStamp: 2026/03/14-09:41:06-GMT  BuildTime: Aug  4 2022 06:17:15  BuildStamp: freesurfer-linux-ubuntu22_x86_64-7.3.2-20220804-6354275  User: oesteban  Machine: dna077  Platform: Linux  PlatformVersion: 5.14.0-427.37.1.el9_4.x86_64  CompilerName: GCC  CompilerVersion: 8.4.0
ProgramName: mri_relabel_nonwm_hypos  ProgramArguments: mri_relabel_nonwm_hypos -all-info  ProgramVersion: 7.3.2  TimeStamp: 2026/03/14-09:41:06-GMT  BuildTime: Aug  4 2022 06:17:15  BuildStamp: freesurfer-linux-ubuntu22_x86_64-7.3.2-20220804-6354275  User: oesteban  Machine: dna077  Platform: Linux  PlatformVersion: 5.14.0-427.37.1.el9_4.x86_64  CompilerName: GCC  CompilerVersion: 8.4.0
ProgramName: mri_remove_neck  ProgramArguments: mri_remove_neck -all-info  ProgramVersion: 7.3.2  TimeStamp: 2026/03/14-09:41:06-GMT  BuildTime: Aug  4 2022 06:17:15  BuildStamp: freesurfer-linux-ubuntu22_x86_64-7.3.2-20220804-6354275  User: oesteban  Machine: dna077  Platform: Linux  PlatformVersion: 5.14.0-427.37.1.el9_4.x86_64  CompilerName: GCC  CompilerVersion: 8.4.0
7.3.2

ProgramName: mri_robust_register  ProgramArguments: mri_robust_register -all-info  ProgramVersion: 7.3.2  TimeStamp: 2026/03/14-09:41:06-GMT  BuildTime: Aug  4 2022 06:17:15  BuildStamp: freesurfer-linux-ubuntu22_x86_64-7.3.2-20220804-6354275  User: oesteban  Machine: dna077  Platform: Linux  PlatformVersion: 5.14.0-427.37.1.el9_4.x86_64  CompilerName: GCC  CompilerVersion: 8.4.0
7.3.2

ProgramName: mri_robust_template  ProgramArguments: mri_robust_template -all-info  ProgramVersion: 7.3.2  TimeStamp: 2026/03/14-09:41:06-GMT  BuildTime: Aug  4 2022 06:17:15  BuildStamp: freesurfer-linux-ubuntu22_x86_64-7.3.2-20220804-6354275  User: oesteban  Machine: dna077  Platform: Linux  PlatformVersion: 5.14.0-427.37.1.el9_4.x86_64  CompilerName: GCC  CompilerVersion: 8.4.0
ProgramName: mris_anatomical_stats  ProgramArguments: mris_anatomical_stats -all-info  ProgramVersion: 7.3.2  TimeStamp: 2026/03/14-09:41:06-GMT  BuildTime: Aug  4 2022 06:17:15  BuildStamp: freesurfer-linux-ubuntu22_x86_64-7.3.2-20220804-6354275  User: oesteban  Machine: dna077  Platform: Linux  PlatformVersion: 5.14.0-427.37.1.el9_4.x86_64  CompilerName: GCC  CompilerVersion: 8.4.0
ProgramName: mris_ca_label  ProgramArguments: mris_ca_label -all-info  ProgramVersion: 7.3.2  TimeStamp: 2026/03/14-09:41:06-GMT  BuildTime: Aug  4 2022 06:17:15  BuildStamp: freesurfer-linux-ubuntu22_x86_64-7.3.2-20220804-6354275  User: oesteban  Machine: dna077  Platform: Linux  PlatformVersion: 5.14.0-427.37.1.el9_4.x86_64  CompilerName: GCC  CompilerVersion: 8.4.0
ProgramName: mris_calc  ProgramArguments: mris_calc -all-info  ProgramVersion: 7.3.2  TimeStamp: 2026/03/14-09:41:06-GMT  BuildTime: Aug  4 2022 06:17:15  BuildStamp: freesurfer-linux-ubuntu22_x86_64-7.3.2-20220804-6354275  User: oesteban  Machine: dna077  Platform: Linux  PlatformVersion: 5.14.0-427.37.1.el9_4.x86_64  CompilerName: GCC  CompilerVersion: 8.4.0
ProgramName: mris_convert  ProgramArguments: mris_convert -all-info  ProgramVersion: 7.3.2  TimeStamp: 2026/03/14-09:41:06-GMT  BuildTime: Aug  4 2022 06:17:15  BuildStamp: freesurfer-linux-ubuntu22_x86_64-7.3.2-20220804-6354275  User: oesteban  Machine: dna077  Platform: Linux  PlatformVersion: 5.14.0-427.37.1.el9_4.x86_64  CompilerName: GCC  CompilerVersion: 8.4.0
ProgramName: mris_curvature  ProgramArguments: mris_curvature -all-info  ProgramVersion: 7.3.2  TimeStamp: 2026/03/14-09:41:06-GMT  BuildTime: Aug  4 2022 06:17:15  BuildStamp: freesurfer-linux-ubuntu22_x86_64-7.3.2-20220804-6354275  User: oesteban  Machine: dna077  Platform: Linux  PlatformVersion: 5.14.0-427.37.1.el9_4.x86_64  CompilerName: GCC  CompilerVersion: 8.4.0
ProgramName: mris_curvature_stats  ProgramArguments: mris_curvature_stats -all-info  ProgramVersion: 7.3.2  TimeStamp: 2026/03/14-09:41:06-GMT  BuildTime: Aug  4 2022 06:17:15  BuildStamp: freesurfer-linux-ubuntu22_x86_64-7.3.2-20220804-6354275  User: oesteban  Machine: dna077  Platform: Linux  PlatformVersion: 5.14.0-427.37.1.el9_4.x86_64  CompilerName: GCC  CompilerVersion: 8.4.0
ProgramName: mris_diff  ProgramArguments: mris_diff -all-info  ProgramVersion: 7.3.2  TimeStamp: 2026/03/14-09:41:06-GMT  BuildTime: Aug  4 2022 06:17:15  BuildStamp: freesurfer-linux-ubuntu22_x86_64-7.3.2-20220804-6354275  User: oesteban  Machine: dna077  Platform: Linux  PlatformVersion: 5.14.0-427.37.1.el9_4.x86_64  CompilerName: GCC  CompilerVersion: 8.4.0
ProgramName: mris_divide_parcellation  ProgramArguments: mris_divide_parcellation -all-info  ProgramVersion: 7.3.2  TimeStamp: 2026/03/14-09:41:06-GMT  BuildTime: Aug  4 2022 06:17:15  BuildStamp: freesurfer-linux-ubuntu22_x86_64-7.3.2-20220804-6354275  User: oesteban  Machine: dna077  Platform: Linux  PlatformVersion: 5.14.0-427.37.1.el9_4.x86_64  CompilerName: GCC  CompilerVersion: 8.4.0
ProgramName: mri_segment  ProgramArguments: mri_segment -all-info  ProgramVersion: 7.3.2  TimeStamp: 2026/03/14-09:41:06-GMT  BuildTime: Aug  4 2022 06:17:15  BuildStamp: freesurfer-linux-ubuntu22_x86_64-7.3.2-20220804-6354275  User: oesteban  Machine: dna077  Platform: Linux  PlatformVersion: 5.14.0-427.37.1.el9_4.x86_64  CompilerName: GCC  CompilerVersion: 8.4.0
ProgramName: mri_segstats  ProgramArguments: mri_segstats -all-info  ProgramVersion: 7.3.2  TimeStamp: 2026/03/14-09:41:06-GMT  BuildTime: Aug  4 2022 06:17:15  BuildStamp: freesurfer-linux-ubuntu22_x86_64-7.3.2-20220804-6354275  User: oesteban  Machine: dna077  Platform: Linux  PlatformVersion: 5.14.0-427.37.1.el9_4.x86_64  CompilerName: GCC  CompilerVersion: 8.4.0
ProgramName: mris_euler_number  ProgramArguments: mris_euler_number -all-info  ProgramVersion: 7.3.2  TimeStamp: 2026/03/14-09:41:06-GMT  BuildTime: Aug  4 2022 06:17:15  BuildStamp: freesurfer-linux-ubuntu22_x86_64-7.3.2-20220804-6354275  User: oesteban  Machine: dna077  Platform: Linux  PlatformVersion: 5.14.0-427.37.1.el9_4.x86_64  CompilerName: GCC  CompilerVersion: 8.4.0
ProgramName: mris_fix_topology  ProgramArguments: mris_fix_topology -all-info  ProgramVersion: 7.3.2  TimeStamp: 2026/03/14-09:41:06-GMT  BuildTime: Aug  4 2022 06:17:15  BuildStamp: freesurfer-linux-ubuntu22_x86_64-7.3.2-20220804-6354275  User: oesteban  Machine: dna077  Platform: Linux  PlatformVersion: 5.14.0-427.37.1.el9_4.x86_64  CompilerName: GCC  CompilerVersion: 8.4.0
ProgramName: mris_topo_fixer  ProgramArguments: mris_topo_fixer -all-info  ProgramVersion: 7.3.2  TimeStamp: 2026/03/14-09:41:06-GMT  BuildTime: Aug  4 2022 06:17:15  BuildStamp: freesurfer-linux-ubuntu22_x86_64-7.3.2-20220804-6354275  User: oesteban  Machine: dna077  Platform: Linux  PlatformVersion: 5.14.0-427.37.1.el9_4.x86_64  CompilerName: GCC  CompilerVersion: 8.4.0
ProgramName: mris_jacobian  ProgramArguments: mris_jacobian -all-info  ProgramVersion: 7.3.2  TimeStamp: 2026/03/14-09:41:06-GMT  BuildTime: Aug  4 2022 06:17:15  BuildStamp: freesurfer-linux-ubuntu22_x86_64-7.3.2-20220804-6354275  User: oesteban  Machine: dna077  Platform: Linux  PlatformVersion: 5.14.0-427.37.1.el9_4.x86_64  CompilerName: GCC  CompilerVersion: 8.4.0
ProgramName: mris_label2annot  ProgramArguments: mris_label2annot -all-info  ProgramVersion: 7.3.2  TimeStamp: 2026/03/14-09:41:06-GMT  BuildTime: Aug  4 2022 06:17:15  BuildStamp: freesurfer-linux-ubuntu22_x86_64-7.3.2-20220804-6354275  User: oesteban  Machine: dna077  Platform: Linux  PlatformVersion: 5.14.0-427.37.1.el9_4.x86_64  CompilerName: GCC  CompilerVersion: 8.4.0
ProgramName: mris_left_right_register  ProgramArguments: mris_left_right_register -all-info  ProgramVersion: 7.3.2  TimeStamp: 2026/03/14-09:41:06-GMT  BuildTime: Aug  4 2022 06:17:15  BuildStamp: freesurfer-linux-ubuntu22_x86_64-7.3.2-20220804-6354275  User: oesteban  Machine: dna077  Platform: Linux  PlatformVersion: 5.14.0-427.37.1.el9_4.x86_64  CompilerName: GCC  CompilerVersion: 8.4.0
ProgramName: mris_place_surface  ProgramArguments: mris_place_surface -all-info  ProgramVersion: 7.3.2  TimeStamp: 2026/03/14-09:41:06-GMT  BuildTime: Aug  4 2022 06:17:15  BuildStamp: freesurfer-linux-ubuntu22_x86_64-7.3.2-20220804-6354275  User: oesteban  Machine: dna077  Platform: Linux  PlatformVersion: 5.14.0-427.37.1.el9_4.x86_64  CompilerName: GCC  CompilerVersion: 8.4.0
ProgramName: mrisp_paint  ProgramArguments: mrisp_paint -all-info  ProgramVersion: 7.3.2  TimeStamp: 2026/03/14-09:41:06-GMT  BuildTime: Aug  4 2022 06:17:15  BuildStamp: freesurfer-linux-ubuntu22_x86_64-7.3.2-20220804-6354275  User: oesteban  Machine: dna077  Platform: Linux  PlatformVersion: 5.14.0-427.37.1.el9_4.x86_64  CompilerName: GCC  CompilerVersion: 8.4.0
ProgramName: mris_register  ProgramArguments: mris_register -all-info  ProgramVersion: 7.3.2  TimeStamp: 2026/03/14-09:41:06-GMT  BuildTime: Aug  4 2022 06:17:15  BuildStamp: freesurfer-linux-ubuntu22_x86_64-7.3.2-20220804-6354275  User: oesteban  Machine: dna077  Platform: Linux  PlatformVersion: 5.14.0-427.37.1.el9_4.x86_64  CompilerName: GCC  CompilerVersion: 8.4.0
ProgramName: mris_smooth  ProgramArguments: mris_smooth -all-info  ProgramVersion: 7.3.2  TimeStamp: 2026/03/14-09:41:06-GMT  BuildTime: Aug  4 2022 06:17:15  BuildStamp: freesurfer-linux-ubuntu22_x86_64-7.3.2-20220804-6354275  User: oesteban  Machine: dna077  Platform: Linux  PlatformVersion: 5.14.0-427.37.1.el9_4.x86_64  CompilerName: GCC  CompilerVersion: 8.4.0
ProgramName: mris_sphere  ProgramArguments: mris_sphere -all-info  ProgramVersion: 7.3.2  TimeStamp: 2026/03/14-09:41:06-GMT  BuildTime: Aug  4 2022 06:17:15  BuildStamp: freesurfer-linux-ubuntu22_x86_64-7.3.2-20220804-6354275  User: oesteban  Machine: dna077  Platform: Linux  PlatformVersion: 5.14.0-427.37.1.el9_4.x86_64  CompilerName: GCC  CompilerVersion: 8.4.0
ProgramName: mris_surface_stats  ProgramArguments: mris_surface_stats -all-info  ProgramVersion: 7.3.2  TimeStamp: 2026/03/14-09:41:06-GMT  BuildTime: Aug  4 2022 06:17:15  BuildStamp: freesurfer-linux-ubuntu22_x86_64-7.3.2-20220804-6354275  User: oesteban  Machine: dna077  Platform: Linux  PlatformVersion: 5.14.0-427.37.1.el9_4.x86_64  CompilerName: GCC  CompilerVersion: 8.4.0
ProgramName: mri_stats2seg  ProgramArguments: mri_stats2seg -all-info  ProgramVersion: 7.3.2  TimeStamp: 2026/03/14-09:41:06-GMT  BuildTime: Aug  4 2022 06:17:15  BuildStamp: freesurfer-linux-ubuntu22_x86_64-7.3.2-20220804-6354275  User: oesteban  Machine: dna077  Platform: Linux  PlatformVersion: 5.14.0-427.37.1.el9_4.x86_64  CompilerName: GCC  CompilerVersion: 8.4.0
ProgramName: mris_thickness  ProgramArguments: mris_thickness -all-info  ProgramVersion: 7.3.2  TimeStamp: 2026/03/14-09:41:06-GMT  BuildTime: Aug  4 2022 06:17:15  BuildStamp: freesurfer-linux-ubuntu22_x86_64-7.3.2-20220804-6354275  User: oesteban  Machine: dna077  Platform: Linux  PlatformVersion: 5.14.0-427.37.1.el9_4.x86_64  CompilerName: GCC  CompilerVersion: 8.4.0
ProgramName: mris_thickness_diff  ProgramArguments: mris_thickness_diff -all-info  ProgramVersion: 7.3.2  TimeStamp: 2026/03/14-09:41:06-GMT  BuildTime: Aug  4 2022 06:17:15  BuildStamp: freesurfer-linux-ubuntu22_x86_64-7.3.2-20220804-6354275  User: oesteban  Machine: dna077  Platform: Linux  PlatformVersion: 5.14.0-427.37.1.el9_4.x86_64  CompilerName: GCC  CompilerVersion: 8.4.0
ProgramName: mris_topo_fixer  ProgramArguments: mris_topo_fixer -all-info  ProgramVersion: 7.3.2  TimeStamp: 2026/03/14-09:41:06-GMT  BuildTime: Aug  4 2022 06:17:15  BuildStamp: freesurfer-linux-ubuntu22_x86_64-7.3.2-20220804-6354275  User: oesteban  Machine: dna077  Platform: Linux  PlatformVersion: 5.14.0-427.37.1.el9_4.x86_64  CompilerName: GCC  CompilerVersion: 8.4.0
ProgramName: mri_surf2surf  ProgramArguments: mri_surf2surf -all-info  ProgramVersion: 7.3.2  TimeStamp: 2026/03/14-09:41:06-GMT  BuildTime: Aug  4 2022 06:17:15  BuildStamp: freesurfer-linux-ubuntu22_x86_64-7.3.2-20220804-6354275  User: oesteban  Machine: dna077  Platform: Linux  PlatformVersion: 5.14.0-427.37.1.el9_4.x86_64  CompilerName: GCC  CompilerVersion: 8.4.0
ProgramName: mri_surf2vol  ProgramArguments: mri_surf2vol -all-info  ProgramVersion: 7.3.2  TimeStamp: 2026/03/14-09:41:06-GMT  BuildTime: Aug  4 2022 06:17:15  BuildStamp: freesurfer-linux-ubuntu22_x86_64-7.3.2-20220804-6354275  User: oesteban  Machine: dna077  Platform: Linux  PlatformVersion: 5.14.0-427.37.1.el9_4.x86_64  CompilerName: GCC  CompilerVersion: 8.4.0
ProgramName: mri_surfcluster  ProgramArguments: mri_surfcluster -all-info  ProgramVersion: 7.3.2  TimeStamp: 2026/03/14-09:41:06-GMT  BuildTime: Aug  4 2022 06:17:15  BuildStamp: freesurfer-linux-ubuntu22_x86_64-7.3.2-20220804-6354275  User: oesteban  Machine: dna077  Platform: Linux  PlatformVersion: 5.14.0-427.37.1.el9_4.x86_64  CompilerName: GCC  CompilerVersion: 8.4.0
ProgramName: mris_volmask  ProgramArguments: mris_volmask -all-info  ProgramVersion: 7.3.2  TimeStamp: 2026/03/14-09:41:06-GMT  BuildTime: Aug  4 2022 06:17:15  BuildStamp: freesurfer-linux-ubuntu22_x86_64-7.3.2-20220804-6354275  User: oesteban  Machine: dna077  Platform: Linux  PlatformVersion: 5.14.0-427.37.1.el9_4.x86_64  CompilerName: GCC  CompilerVersion: 8.4.0
ProgramName: mri_tessellate  ProgramArguments: mri_tessellate -all-info  ProgramVersion: 7.3.2  TimeStamp: 2026/03/14-09:41:06-GMT  BuildTime: Aug  4 2022 06:17:15  BuildStamp: freesurfer-linux-ubuntu22_x86_64-7.3.2-20220804-6354275  User: oesteban  Machine: dna077  Platform: Linux  PlatformVersion: 5.14.0-427.37.1.el9_4.x86_64  CompilerName: GCC  CompilerVersion: 8.4.0
ProgramName: mri_vol2surf  ProgramArguments: mri_vol2surf -all-info  ProgramVersion: 7.3.2  TimeStamp: 2026/03/14-09:41:06-GMT  BuildTime: Aug  4 2022 06:17:15  BuildStamp: freesurfer-linux-ubuntu22_x86_64-7.3.2-20220804-6354275  User: oesteban  Machine: dna077  Platform: Linux  PlatformVersion: 5.14.0-427.37.1.el9_4.x86_64  CompilerName: GCC  CompilerVersion: 8.4.0
ProgramName: mri_vol2vol  ProgramArguments: mri_vol2vol -all-info  ProgramVersion: 7.3.2  TimeStamp: 2026/03/14-09:41:06-GMT  BuildTime: Aug  4 2022 06:17:15  BuildStamp: freesurfer-linux-ubuntu22_x86_64-7.3.2-20220804-6354275  User: oesteban  Machine: dna077  Platform: Linux  PlatformVersion: 5.14.0-427.37.1.el9_4.x86_64  CompilerName: GCC  CompilerVersion: 8.4.0
ProgramName: mri_voldiff  ProgramArguments: mri_voldiff -all-info  ProgramVersion: 7.3.2  TimeStamp: 2026/03/14-09:41:06-GMT  BuildTime: Aug  4 2022 06:17:15  BuildStamp: freesurfer-linux-ubuntu22_x86_64-7.3.2-20220804-6354275  User: oesteban  Machine: dna077  Platform: Linux  PlatformVersion: 5.14.0-427.37.1.el9_4.x86_64  CompilerName: GCC  CompilerVersion: 8.4.0
ProgramName: mri_watershed  ProgramArguments: mri_watershed -all-info  ProgramVersion: 7.3.2  TimeStamp: 2026/03/14-09:41:06-GMT  BuildTime: Aug  4 2022 06:17:15  BuildStamp: freesurfer-linux-ubuntu22_x86_64-7.3.2-20220804-6354275  User: oesteban  Machine: dna077  Platform: Linux  PlatformVersion: 5.14.0-427.37.1.el9_4.x86_64  CompilerName: GCC  CompilerVersion: 8.4.0
ProgramName: tkregister2  ProgramArguments: tkregister2_cmdl -all-info  ProgramVersion: 7.3.2  TimeStamp: 2026/03/14-09:41:06-GMT  BuildTime: Aug  4 2022 06:17:15  BuildStamp: freesurfer-linux-ubuntu22_x86_64-7.3.2-20220804-6354275  User: oesteban  Machine: dna077  Platform: Linux  PlatformVersion: 5.14.0-427.37.1.el9_4.x86_64  CompilerName: GCC  CompilerVersion: 8.4.0
mri_motion_correct.fsl 7.3.2
mri_convert -all-info 
ProgramName: mri_convert  ProgramArguments: mri_convert -all-info  ProgramVersion: 7.3.2  TimeStamp: 2026/03/14-09:41:06-GMT  BuildTime: Aug  4 2022 06:17:15  BuildStamp: freesurfer-linux-ubuntu22_x86_64-7.3.2-20220804-6354275  User: oesteban  Machine: dna077  Platform: Linux  PlatformVersion: 5.14.0-427.37.1.el9_4.x86_64  CompilerName: GCC  CompilerVersion: 8.4.0
Program nu_correct, built from:
Package MNI N3, version 1.12.0, compiled by nicks@terrier (x86_64-unknown-linux-gnu) on 2015-06-19 at 01:25:34
#######################################
GCADIR /opt/freesurfer/average
GCA RB_all_2020-01-02.gca
GCASkull RB_all_withskull_2020_01_02.gca
AvgCurvTif folding.atlas.acfb40.noaparc.i12.2016-08-02.tif
GCSDIR /opt/freesurfer/average
GCS DKaparc.atlas.acfb40.noaparc.i12.2016-08-02.gcs
#######################################
#-------------------------------------
#@# EM Registration Sat Mar 14 10:41:06 CET 2026
/out/sourcedata/freesurfer/sub-v2s9x29166_ses-1/mri

 mri_em_register -uns 3 -mask brainmask.mgz nu.mgz /opt/freesurfer/average/RB_all_2020-01-02.gca transforms/talairach.lta 

setting unknown_nbr_spacing = 3
using MR volume brainmask.mgz to mask input volume...

== Number of threads available to mri_em_register for OpenMP = 16 == 
reading 1 input volumes...
logging results to talairach.log
reading '/opt/freesurfer/average/RB_all_2020-01-02.gca'...
GCAread took 0 minutes and 1 seconds.
average std = 7.2   using min determinant for regularization = 5.2
0 singular and 884 ill-conditioned covariance matrices regularized
reading 'nu.mgz'...
MRImask(): AllowDiffGeom = 1
MRImask(): AllowDiffGeom = 1
MRImask(): AllowDiffGeom = 1
MRImask(): AllowDiffGeom = 1
MRImask(): AllowDiffGeom = 1
freeing gibbs priors...done.
accounting for voxel sizes in initial transform
bounding unknown intensity as < 5.9 or > 519.0 
total sample mean = 79.1 (1017 zeros)
************************************************
spacing=8, using 2841 sample points, tol=1.00e-05...
************************************************
register_mri: find_optimal_transform
find_optimal_transform: nsamples 2841, passno 0, spacing 8
resetting wm mean[0]: 98 --> 107
resetting gm mean[0]: 61 --> 61
input volume #1 is the most T1-like
using real data threshold=28.0
skull bounding box = (51, 73, 34) --> (184, 178, 185)
finding center of left hemi white matter
using (95, 108, 110) as brain centroid of Right_Cerebral_White_Matter...
MRImask(): AllowDiffGeom = 1
mean wm in atlas = 107, using box (79,95,91) --> (111, 120,128) to find MRI wm
before smoothing, mri peak at 108
robust fit to distribution - 107 +- 4.9
after smoothing, mri peak at 107, scaling input intensities by 1.000
scaling channel 0 by 1
initial log_p = -4.104
************************************************
First Search limited to translation only.
************************************************
max log p =    -4.104300 @ (0.000, 0.000, 0.000)
max log p =    -4.061488 @ (5.263, 5.263, 5.263)
max log p =    -4.022011 @ (2.632, -7.895, -2.632)
max log p =    -4.000655 @ (1.316, 3.947, 1.316)
max log p =    -3.996508 @ (1.974, -0.658, 0.658)
max log p =    -3.989465 @ (-1.645, -0.987, -2.961)
max log p =    -3.989465 @ (0.000, 0.000, 0.000)
max log p =    -3.989465 @ (0.000, 0.000, 0.000)
Found translation: (9.5, -0.3, 1.6): log p = -3.989
****************************************
Nine parameter search.  iteration 0 nscales = 0 ...
****************************************
Result so far: scale 1.000: max_log_p=-3.423, old_max_log_p =-3.989 (thresh=-4.0)
 1.05465  -0.13766  -0.01812   21.47859;
 0.16136   1.21519   0.15998  -61.59380;
 0.00000  -0.15011   1.14016   5.05476;
 0.00000   0.00000   0.00000   1.00000;
iteration took 0 minutes and 11 seconds.
****************************************
Nine parameter search.  iteration 1 nscales = 0 ...
****************************************
Result so far: scale 1.000: max_log_p=-3.420, old_max_log_p =-3.423 (thresh=-3.4)
 1.13375  -0.14798  -0.01948   13.57931;
 0.16136   1.21519   0.15998  -61.59380;
 0.00000  -0.13885   1.05465   12.58221;
 0.00000   0.00000   0.00000   1.00000;
reducing scale to 0.2500
iteration took 0 minutes and 10 seconds.
****************************************
Nine parameter search.  iteration 2 nscales = 1 ...
****************************************
Result so far: scale 0.250: max_log_p=-3.213, old_max_log_p =-3.420 (thresh=-3.4)
 1.08268  -0.17415  -0.09281   28.30165;
 0.20373   1.21966   0.22965  -72.29159;
 0.06705  -0.24034   1.09754   15.97083;
 0.00000   0.00000   0.00000   1.00000;
iteration took 0 minutes and 9 seconds.
****************************************
Nine parameter search.  iteration 3 nscales = 1 ...
****************************************
Result so far: scale 0.250: max_log_p=-3.211, old_max_log_p =-3.213 (thresh=-3.2)
 1.08268  -0.17415  -0.09281   28.30165;
 0.19991   1.19679   0.22535  -68.69942;
 0.06705  -0.24034   1.09754   15.97083;
 0.00000   0.00000   0.00000   1.00000;
reducing scale to 0.0625
iteration took 0 minutes and 9 seconds.
****************************************
Nine parameter search.  iteration 4 nscales = 2 ...
****************************************
Result so far: scale 0.062: max_log_p=-3.182, old_max_log_p =-3.211 (thresh=-3.2)
 1.08268  -0.17415  -0.09281   28.30165;
 0.19855   1.19915   0.20711  -67.46037;
 0.07048  -0.22124   1.10366   12.22138;
 0.00000   0.00000   0.00000   1.00000;
iteration took 0 minutes and 8 seconds.
****************************************
Nine parameter search.  iteration 5 nscales = 2 ...
****************************************
Result so far: scale 0.062: max_log_p=-3.182, old_max_log_p =-3.182 (thresh=-3.2)
 1.08268  -0.17415  -0.09281   28.30165;
 0.19879   1.20056   0.20736  -67.21046;
 0.07056  -0.22150   1.10496   12.11217;
 0.00000   0.00000   0.00000   1.00000;
min search scale 0.025000 reached
***********************************************
Computing MAP estimate using 2841 samples...
***********************************************
dt = 5.00e-06, momentum=0.80, tol=1.00e-05
l_intensity = 1.0000
Aligning input volume to GCA...
Transform matrix
 1.08268  -0.17415  -0.09281   28.30165;
 0.19879   1.20056   0.20736  -67.21046;
 0.07056  -0.22150   1.10496   12.11217;
 0.00000   0.00000   0.00000   1.00000;
nsamples 2841
Quasinewton: input matrix
 1.08268  -0.17415  -0.09281   28.30165;
 0.19879   1.20056   0.20736  -67.21046;
 0.07056  -0.22150   1.10496   12.11217;
 0.00000   0.00000   0.00000   1.00000;
 IFLAG= -1  LINE SEARCH FAILED. SEE DOCUMENTATION OF ROUTINE MCSRCH ERROR RETURN OF LINE SEARCH: INFO= 3 POSSIBLE CAUSES: FUNCTION OR GRADIENT ARE INCORRECT OR INCORRECT TOLERANCESoutof QuasiNewtonEMA: 008: -log(p) =   -0.0  tol 0.000010
Resulting transform:
 1.08268  -0.17415  -0.09281   28.30165;
 0.19879   1.20056   0.20736  -67.21046;
 0.07056  -0.22150   1.10496   12.11217;
 0.00000   0.00000   0.00000   1.00000;

pass 1, spacing 8: log(p) = -3.182 (old=-4.104)
transform before final EM align:
 1.08268  -0.17415  -0.09281   28.30165;
 0.19879   1.20056   0.20736  -67.21046;
 0.07056  -0.22150   1.10496   12.11217;
 0.00000   0.00000   0.00000   1.00000;

**************************************************
 EM alignment process ...
 Computing final MAP estimate using 315638 samples. 
**************************************************
dt = 5.00e-06, momentum=0.80, tol=1.00e-07
l_intensity = 1.0000
Aligning input volume to GCA...
Transform matrix
 1.08268  -0.17415  -0.09281   28.30165;
 0.19879   1.20056   0.20736  -67.21046;
 0.07056  -0.22150   1.10496   12.11217;
 0.00000   0.00000   0.00000   1.00000;
nsamples 315638
Quasinewton: input matrix
 1.08268  -0.17415  -0.09281   28.30165;
 0.19879   1.20056   0.20736  -67.21046;
 0.07056  -0.22150   1.10496   12.11217;
 0.00000   0.00000   0.00000   1.00000;
 IFLAG= -1  LINE SEARCH FAILED. SEE DOCUMENTATION OF ROUTINE MCSRCH ERROR RETURN OF LINE SEARCH: INFO= 6 POSSIBLE CAUSES: FUNCTION OR GRADIENT ARE INCORRECT OR INCORRECT TOLERANCESoutof QuasiNewtonEMA: 010: -log(p) =    3.7  tol 0.000000
final transform:
 1.08268  -0.17415  -0.09281   28.30165;
 0.19879   1.20056   0.20736  -67.21046;
 0.07056  -0.22150   1.10496   12.11217;
 0.00000   0.00000   0.00000   1.00000;

writing output transformation to transforms/talairach.lta...
#VMPC# mri_em_register VmPeak  891284
FSRUNTIME@ mri_em_register  0.0945 hours 16 threads
registration took 5 minutes and 40 seconds.

Started at Sat Mar 14 10:41:06 CET 2026 
Ended   at Sat Mar 14 10:46:47 CET 2026
#@#%# recon-all-run-time-hours 0.095
recon-all -s sub-v2s9x29166_ses-1 finished without error at Sat Mar 14 10:46:47 CET 2026



#New# invocation of recon-all 




Sat Mar 14 10:46:49 CET 2026
cd /out/sourcedata/freesurfer/sub-v2s9x29166_ses-1
setenv SUBJECTS_DIR /out/sourcedata/freesurfer
/opt/freesurfer/bin/recon-all -autorecon2-volonly -openmp 16 -subjid sub-v2s9x29166_ses-1 -sd /out/sourcedata/freesurfer -nogcareg

subjid sub-v2s9x29166_ses-1
setenv SUBJECTS_DIR /out/sourcedata/freesurfer
FREESURFER_HOME /opt/freesurfer
Actual FREESURFER_HOME /opt/freesurfer
build-stamp.txt: freesurfer-linux-ubuntu22_x86_64-7.3.2-20220804-6354275
Linux dna077 5.14.0-427.37.1.el9_4.x86_64 #1 SMP PREEMPT_DYNAMIC Fri Sep 13 12:41:50 EDT 2024 x86_64 x86_64 x86_64 GNU/Linux
cputime      unlimited
filesize     unlimited
datasize     unlimited
stacksize    8192 kbytes
coredumpsize 0 kbytes
memoryuse    67108864 kbytes
vmemoryuse   unlimited
descriptors  1024 
memorylocked unlimited
maxproc      2061970 
maxlocks     unlimited
maxsignal    2062029 
maxmessage   819200 
maxnice      0 
maxrtprio    0 
maxrttime    unlimited

               total        used        free      shared  buff/cache   available
Mem:           503Gi       122Gi        42Gi        17Gi       339Gi       360Gi
Swap:             0B          0B          0B

########################################
program versions used
7.3.2 (freesurfer-linux-ubuntu22_x86_64-7.3.2-20220804-6354275)
7.3.2

ProgramName: lta_convert  ProgramArguments: lta_convert -all-info  ProgramVersion: 7.3.2  TimeStamp: 2026/03/14-09:46:49-GMT  BuildTime: Aug  4 2022 06:17:15  BuildStamp: freesurfer-linux-ubuntu22_x86_64-7.3.2-20220804-6354275  User: oesteban  Machine: dna077  Platform: Linux  PlatformVersion: 5.14.0-427.37.1.el9_4.x86_64  CompilerName: GCC  CompilerVersion: 8.4.0
ProgramName: mri_and  ProgramArguments: mri_and -all-info  ProgramVersion: 7.3.2  TimeStamp: 2026/03/14-09:46:49-GMT  BuildTime: Aug  4 2022 06:17:15  BuildStamp: freesurfer-linux-ubuntu22_x86_64-7.3.2-20220804-6354275  User: oesteban  Machine: dna077  Platform: Linux  PlatformVersion: 5.14.0-427.37.1.el9_4.x86_64  CompilerName: GCC  CompilerVersion: 8.4.0
ProgramName: mri_annotation2label  ProgramArguments: mri_annotation2label -all-info  ProgramVersion: 7.3.2  TimeStamp: 2026/03/14-09:46:49-GMT  BuildTime: Aug  4 2022 06:17:15  BuildStamp: freesurfer-linux-ubuntu22_x86_64-7.3.2-20220804-6354275  User: oesteban  Machine: dna077  Platform: Linux  PlatformVersion: 5.14.0-427.37.1.el9_4.x86_64  CompilerName: GCC  CompilerVersion: 8.4.0
ProgramName: mri_aparc2aseg  ProgramArguments: mri_aparc2aseg -all-info  ProgramVersion: 7.3.2  TimeStamp: 2026/03/14-09:46:49-GMT  BuildTime: Aug  4 2022 06:17:15  BuildStamp: freesurfer-linux-ubuntu22_x86_64-7.3.2-20220804-6354275  User: oesteban  Machine: dna077  Platform: Linux  PlatformVersion: 5.14.0-427.37.1.el9_4.x86_64  CompilerName: GCC  CompilerVersion: 8.4.0
ProgramName: mri_surf2volseg  ProgramArguments: mri_surf2volseg -all-info  ProgramVersion: 7.3.2  TimeStamp: 2026/03/14-09:46:49-GMT  BuildTime: Aug  4 2022 06:17:15  BuildStamp: freesurfer-linux-ubuntu22_x86_64-7.3.2-20220804-6354275  User: oesteban  Machine: dna077  Platform: Linux  PlatformVersion: 5.14.0-427.37.1.el9_4.x86_64  CompilerName: GCC  CompilerVersion: 8.4.0
ProgramName: mri_binarize  ProgramArguments: mri_binarize -all-info  ProgramVersion: 7.3.2  TimeStamp: 2026/03/14-09:46:49-GMT  BuildTime: Aug  4 2022 06:17:15  BuildStamp: freesurfer-linux-ubuntu22_x86_64-7.3.2-20220804-6354275  User: oesteban  Machine: dna077  Platform: Linux  PlatformVersion: 5.14.0-427.37.1.el9_4.x86_64  CompilerName: GCC  CompilerVersion: 8.4.0
ProgramName: mri_ca_label  ProgramArguments: mri_ca_label -all-info  ProgramVersion: 7.3.2  TimeStamp: 2026/03/14-09:46:49-GMT  BuildTime: Aug  4 2022 06:17:15  BuildStamp: freesurfer-linux-ubuntu22_x86_64-7.3.2-20220804-6354275  User: oesteban  Machine: dna077  Platform: Linux  PlatformVersion: 5.14.0-427.37.1.el9_4.x86_64  CompilerName: GCC  CompilerVersion: 8.4.0
ProgramName: mri_ca_normalize  ProgramArguments: mri_ca_normalize -all-info  ProgramVersion: 7.3.2  TimeStamp: 2026/03/14-09:46:49-GMT  BuildTime: Aug  4 2022 06:17:15  BuildStamp: freesurfer-linux-ubuntu22_x86_64-7.3.2-20220804-6354275  User: oesteban  Machine: dna077  Platform: Linux  PlatformVersion: 5.14.0-427.37.1.el9_4.x86_64  CompilerName: GCC  CompilerVersion: 8.4.0
ProgramName: mri_ca_register  ProgramArguments: mri_ca_register -all-info  ProgramVersion: 7.3.2  TimeStamp: 2026/03/14-09:46:49-GMT  BuildTime: Aug  4 2022 06:17:15  BuildStamp: freesurfer-linux-ubuntu22_x86_64-7.3.2-20220804-6354275  User: oesteban  Machine: dna077  Platform: Linux  PlatformVersion: 5.14.0-427.37.1.el9_4.x86_64  CompilerName: GCC  CompilerVersion: 8.4.0
ProgramName: mri_cc  ProgramArguments: mri_cc -all-info  ProgramVersion: 7.3.2  TimeStamp: 2026/03/14-09:46:49-GMT  BuildTime: Aug  4 2022 06:17:15  BuildStamp: freesurfer-linux-ubuntu22_x86_64-7.3.2-20220804-6354275  User: oesteban  Machine: dna077  Platform: Linux  PlatformVersion: 5.14.0-427.37.1.el9_4.x86_64  CompilerName: GCC  CompilerVersion: 8.4.0
ProgramName: mri_compute_overlap  ProgramArguments: mri_compute_overlap -all-info  ProgramVersion: 7.3.2  TimeStamp: 2026/03/14-09:46:49-GMT  BuildTime: Aug  4 2022 06:17:15  BuildStamp: freesurfer-linux-ubuntu22_x86_64-7.3.2-20220804-6354275  User: oesteban  Machine: dna077  Platform: Linux  PlatformVersion: 5.14.0-427.37.1.el9_4.x86_64  CompilerName: GCC  CompilerVersion: 8.4.0
ProgramName: mri_compute_seg_overlap  ProgramArguments: mri_compute_seg_overlap -all-info  ProgramVersion: 7.3.2  TimeStamp: 2026/03/14-09:46:49-GMT  BuildTime: Aug  4 2022 06:17:15  BuildStamp: freesurfer-linux-ubuntu22_x86_64-7.3.2-20220804-6354275  User: oesteban  Machine: dna077  Platform: Linux  PlatformVersion: 5.14.0-427.37.1.el9_4.x86_64  CompilerName: GCC  CompilerVersion: 8.4.0
ProgramName: mri_concat  ProgramArguments: mri_concat -all-info  ProgramVersion: 7.3.2  TimeStamp: 2026/03/14-09:46:49-GMT  BuildTime: Aug  4 2022 06:17:15  BuildStamp: freesurfer-linux-ubuntu22_x86_64-7.3.2-20220804-6354275  User: oesteban  Machine: dna077  Platform: Linux  PlatformVersion: 5.14.0-427.37.1.el9_4.x86_64  CompilerName: GCC  CompilerVersion: 8.4.0
ProgramName: mri_concatenate_lta  ProgramArguments: mri_concatenate_lta -all-info  ProgramVersion: 7.3.2  TimeStamp: 2026/03/14-09:46:49-GMT  BuildTime: Aug  4 2022 06:17:15  BuildStamp: freesurfer-linux-ubuntu22_x86_64-7.3.2-20220804-6354275  User: oesteban  Machine: dna077  Platform: Linux  PlatformVersion: 5.14.0-427.37.1.el9_4.x86_64  CompilerName: GCC  CompilerVersion: 8.4.0
mri_convert -all-info 
ProgramName: mri_convert  ProgramArguments: mri_convert -all-info  ProgramVersion: 7.3.2  TimeStamp: 2026/03/14-09:46:49-GMT  BuildTime: Aug  4 2022 06:17:15  BuildStamp: freesurfer-linux-ubuntu22_x86_64-7.3.2-20220804-6354275  User: oesteban  Machine: dna077  Platform: Linux  PlatformVersion: 5.14.0-427.37.1.el9_4.x86_64  CompilerName: GCC  CompilerVersion: 8.4.0
ProgramName: mri_diff  ProgramArguments: mri_diff -all-info  ProgramVersion: 7.3.2  TimeStamp: 2026/03/14-09:46:49-GMT  BuildTime: Aug  4 2022 06:17:15  BuildStamp: freesurfer-linux-ubuntu22_x86_64-7.3.2-20220804-6354275  User: oesteban  Machine: dna077  Platform: Linux  PlatformVersion: 5.14.0-427.37.1.el9_4.x86_64  CompilerName: GCC  CompilerVersion: 8.4.0
ProgramName: mri_edit_wm_with_aseg  ProgramArguments: mri_edit_wm_with_aseg -all-info  ProgramVersion: 7.3.2  TimeStamp: 2026/03/14-09:46:49-GMT  BuildTime: Aug  4 2022 06:17:15  BuildStamp: freesurfer-linux-ubuntu22_x86_64-7.3.2-20220804-6354275  User: oesteban  Machine: dna077  Platform: Linux  PlatformVersion: 5.14.0-427.37.1.el9_4.x86_64  CompilerName: GCC  CompilerVersion: 8.4.0
ProgramName: mri_em_register  ProgramArguments: mri_em_register -all-info  ProgramVersion: 7.3.2  TimeStamp: 2026/03/14-09:46:49-GMT  BuildTime: Aug  4 2022 06:17:15  BuildStamp: freesurfer-linux-ubuntu22_x86_64-7.3.2-20220804-6354275  User: oesteban  Machine: dna077  Platform: Linux  PlatformVersion: 5.14.0-427.37.1.el9_4.x86_64  CompilerName: GCC  CompilerVersion: 8.4.0
ProgramName: mri_fill  ProgramArguments: mri_fill -all-info  ProgramVersion: 7.3.2  TimeStamp: 2026/03/14-09:46:49-GMT  BuildTime: Aug  4 2022 06:17:15  BuildStamp: freesurfer-linux-ubuntu22_x86_64-7.3.2-20220804-6354275  User: oesteban  Machine: dna077  Platform: Linux  PlatformVersion: 5.14.0-427.37.1.el9_4.x86_64  CompilerName: GCC  CompilerVersion: 8.4.0
ProgramName: mri_fuse_segmentations  ProgramArguments: mri_fuse_segmentations -all-info  ProgramVersion: 7.3.2  TimeStamp: 2026/03/14-09:46:49-GMT  BuildTime: Aug  4 2022 06:17:15  BuildStamp: freesurfer-linux-ubuntu22_x86_64-7.3.2-20220804-6354275  User: oesteban  Machine: dna077  Platform: Linux  PlatformVersion: 5.14.0-427.37.1.el9_4.x86_64  CompilerName: GCC  CompilerVersion: 8.4.0
ProgramName: mri_fwhm  ProgramArguments: mri_fwhm -all-info  ProgramVersion: 7.3.2  TimeStamp: 2026/03/14-09:46:49-GMT  BuildTime: Aug  4 2022 06:17:15  BuildStamp: freesurfer-linux-ubuntu22_x86_64-7.3.2-20220804-6354275  User: oesteban  Machine: dna077  Platform: Linux  PlatformVersion: 5.14.0-427.37.1.el9_4.x86_64  CompilerName: GCC  CompilerVersion: 8.4.0
ProgramName: mri_gcut  ProgramArguments: mri_gcut -all-info  ProgramVersion: 7.3.2  TimeStamp: 2026/03/14-09:46:49-GMT  BuildTime: Aug  4 2022 06:17:15  BuildStamp: freesurfer-linux-ubuntu22_x86_64-7.3.2-20220804-6354275  User: oesteban  Machine: dna077  Platform: Linux  PlatformVersion: 5.14.0-427.37.1.el9_4.x86_64  CompilerName: GCC  CompilerVersion: 8.4.0
ProgramName: mri_info  ProgramArguments: mri_info -all-info  ProgramVersion: 7.3.2  TimeStamp: 2026/03/14-09:46:49-GMT  BuildTime: Aug  4 2022 06:17:15  BuildStamp: freesurfer-linux-ubuntu22_x86_64-7.3.2-20220804-6354275  User: oesteban  Machine: dna077  Platform: Linux  PlatformVersion: 5.14.0-427.37.1.el9_4.x86_64  CompilerName: GCC  CompilerVersion: 8.4.0
ProgramName: mri_label2label  ProgramArguments: mri_label2label -all-info  ProgramVersion: 7.3.2  TimeStamp: 2026/03/14-09:46:49-GMT  BuildTime: Aug  4 2022 06:17:15  BuildStamp: freesurfer-linux-ubuntu22_x86_64-7.3.2-20220804-6354275  User: oesteban  Machine: dna077  Platform: Linux  PlatformVersion: 5.14.0-427.37.1.el9_4.x86_64  CompilerName: GCC  CompilerVersion: 8.4.0
ProgramName: mri_label2vol  ProgramArguments: mri_label2vol -all-info  ProgramVersion: 7.3.2  TimeStamp: 2026/03/14-09:46:49-GMT  BuildTime: Aug  4 2022 06:17:15  BuildStamp: freesurfer-linux-ubuntu22_x86_64-7.3.2-20220804-6354275  User: oesteban  Machine: dna077  Platform: Linux  PlatformVersion: 5.14.0-427.37.1.el9_4.x86_64  CompilerName: GCC  CompilerVersion: 8.4.0
ProgramName: mri_log_likelihood  ProgramArguments: mri_log_likelihood -all-info  ProgramVersion: 7.3.2  TimeStamp: 2026/03/14-09:46:49-GMT  BuildTime: Aug  4 2022 06:17:15  BuildStamp: freesurfer-linux-ubuntu22_x86_64-7.3.2-20220804-6354275  User: oesteban  Machine: dna077  Platform: Linux  PlatformVersion: 5.14.0-427.37.1.el9_4.x86_64  CompilerName: GCC  CompilerVersion: 8.4.0
ProgramName: mri_mask  ProgramArguments: mri_mask -all-info  ProgramVersion: 7.3.2  TimeStamp: 2026/03/14-09:46:49-GMT  BuildTime: Aug  4 2022 06:17:15  BuildStamp: freesurfer-linux-ubuntu22_x86_64-7.3.2-20220804-6354275  User: oesteban  Machine: dna077  Platform: Linux  PlatformVersion: 5.14.0-427.37.1.el9_4.x86_64  CompilerName: GCC  CompilerVersion: 8.4.0
ProgramName: mri_matrix_multiply  ProgramArguments: mri_matrix_multiply -all-info  ProgramVersion: 7.3.2  TimeStamp: 2026/03/14-09:46:49-GMT  BuildTime: Aug  4 2022 06:17:15  BuildStamp: freesurfer-linux-ubuntu22_x86_64-7.3.2-20220804-6354275  User: oesteban  Machine: dna077  Platform: Linux  PlatformVersion: 5.14.0-427.37.1.el9_4.x86_64  CompilerName: GCC  CompilerVersion: 8.4.0
ProgramName: mri_normalize  ProgramArguments: mri_normalize -all-info  ProgramVersion: 7.3.2  TimeStamp: 2026/03/14-09:46:49-GMT  BuildTime: Aug  4 2022 06:17:15  BuildStamp: freesurfer-linux-ubuntu22_x86_64-7.3.2-20220804-6354275  User: oesteban  Machine: dna077  Platform: Linux  PlatformVersion: 5.14.0-427.37.1.el9_4.x86_64  CompilerName: GCC  CompilerVersion: 8.4.0
ProgramName: mri_normalize_tp2  ProgramArguments: mri_normalize_tp2 -all-info  ProgramVersion: 7.3.2  TimeStamp: 2026/03/14-09:46:49-GMT  BuildTime: Aug  4 2022 06:17:15  BuildStamp: freesurfer-linux-ubuntu22_x86_64-7.3.2-20220804-6354275  User: oesteban  Machine: dna077  Platform: Linux  PlatformVersion: 5.14.0-427.37.1.el9_4.x86_64  CompilerName: GCC  CompilerVersion: 8.4.0
ProgramName: mri_or  ProgramArguments: mri_or -all-info  ProgramVersion: 7.3.2  TimeStamp: 2026/03/14-09:46:49-GMT  BuildTime: Aug  4 2022 06:17:15  BuildStamp: freesurfer-linux-ubuntu22_x86_64-7.3.2-20220804-6354275  User: oesteban  Machine: dna077  Platform: Linux  PlatformVersion: 5.14.0-427.37.1.el9_4.x86_64  CompilerName: GCC  CompilerVersion: 8.4.0
ProgramName: mri_relabel_hypointensities  ProgramArguments: mri_relabel_hypointensities -all-info  ProgramVersion: 7.3.2  TimeStamp: 2026/03/14-09:46:49-GMT  BuildTime: Aug  4 2022 06:17:15  BuildStamp: freesurfer-linux-ubuntu22_x86_64-7.3.2-20220804-6354275  User: oesteban  Machine: dna077  Platform: Linux  PlatformVersion: 5.14.0-427.37.1.el9_4.x86_64  CompilerName: GCC  CompilerVersion: 8.4.0
ProgramName: mri_relabel_nonwm_hypos  ProgramArguments: mri_relabel_nonwm_hypos -all-info  ProgramVersion: 7.3.2  TimeStamp: 2026/03/14-09:46:49-GMT  BuildTime: Aug  4 2022 06:17:15  BuildStamp: freesurfer-linux-ubuntu22_x86_64-7.3.2-20220804-6354275  User: oesteban  Machine: dna077  Platform: Linux  PlatformVersion: 5.14.0-427.37.1.el9_4.x86_64  CompilerName: GCC  CompilerVersion: 8.4.0
ProgramName: mri_remove_neck  ProgramArguments: mri_remove_neck -all-info  ProgramVersion: 7.3.2  TimeStamp: 2026/03/14-09:46:49-GMT  BuildTime: Aug  4 2022 06:17:15  BuildStamp: freesurfer-linux-ubuntu22_x86_64-7.3.2-20220804-6354275  User: oesteban  Machine: dna077  Platform: Linux  PlatformVersion: 5.14.0-427.37.1.el9_4.x86_64  CompilerName: GCC  CompilerVersion: 8.4.0
7.3.2

ProgramName: mri_robust_register  ProgramArguments: mri_robust_register -all-info  ProgramVersion: 7.3.2  TimeStamp: 2026/03/14-09:46:49-GMT  BuildTime: Aug  4 2022 06:17:15  BuildStamp: freesurfer-linux-ubuntu22_x86_64-7.3.2-20220804-6354275  User: oesteban  Machine: dna077  Platform: Linux  PlatformVersion: 5.14.0-427.37.1.el9_4.x86_64  CompilerName: GCC  CompilerVersion: 8.4.0
7.3.2

ProgramName: mri_robust_template  ProgramArguments: mri_robust_template -all-info  ProgramVersion: 7.3.2  TimeStamp: 2026/03/14-09:46:49-GMT  BuildTime: Aug  4 2022 06:17:15  BuildStamp: freesurfer-linux-ubuntu22_x86_64-7.3.2-20220804-6354275  User: oesteban  Machine: dna077  Platform: Linux  PlatformVersion: 5.14.0-427.37.1.el9_4.x86_64  CompilerName: GCC  CompilerVersion: 8.4.0
ProgramName: mris_anatomical_stats  ProgramArguments: mris_anatomical_stats -all-info  ProgramVersion: 7.3.2  TimeStamp: 2026/03/14-09:46:49-GMT  BuildTime: Aug  4 2022 06:17:15  BuildStamp: freesurfer-linux-ubuntu22_x86_64-7.3.2-20220804-6354275  User: oesteban  Machine: dna077  Platform: Linux  PlatformVersion: 5.14.0-427.37.1.el9_4.x86_64  CompilerName: GCC  CompilerVersion: 8.4.0
ProgramName: mris_ca_label  ProgramArguments: mris_ca_label -all-info  ProgramVersion: 7.3.2  TimeStamp: 2026/03/14-09:46:49-GMT  BuildTime: Aug  4 2022 06:17:15  BuildStamp: freesurfer-linux-ubuntu22_x86_64-7.3.2-20220804-6354275  User: oesteban  Machine: dna077  Platform: Linux  PlatformVersion: 5.14.0-427.37.1.el9_4.x86_64  CompilerName: GCC  CompilerVersion: 8.4.0
ProgramName: mris_calc  ProgramArguments: mris_calc -all-info  ProgramVersion: 7.3.2  TimeStamp: 2026/03/14-09:46:49-GMT  BuildTime: Aug  4 2022 06:17:15  BuildStamp: freesurfer-linux-ubuntu22_x86_64-7.3.2-20220804-6354275  User: oesteban  Machine: dna077  Platform: Linux  PlatformVersion: 5.14.0-427.37.1.el9_4.x86_64  CompilerName: GCC  CompilerVersion: 8.4.0
ProgramName: mris_convert  ProgramArguments: mris_convert -all-info  ProgramVersion: 7.3.2  TimeStamp: 2026/03/14-09:46:49-GMT  BuildTime: Aug  4 2022 06:17:15  BuildStamp: freesurfer-linux-ubuntu22_x86_64-7.3.2-20220804-6354275  User: oesteban  Machine: dna077  Platform: Linux  PlatformVersion: 5.14.0-427.37.1.el9_4.x86_64  CompilerName: GCC  CompilerVersion: 8.4.0
ProgramName: mris_curvature  ProgramArguments: mris_curvature -all-info  ProgramVersion: 7.3.2  TimeStamp: 2026/03/14-09:46:49-GMT  BuildTime: Aug  4 2022 06:17:15  BuildStamp: freesurfer-linux-ubuntu22_x86_64-7.3.2-20220804-6354275  User: oesteban  Machine: dna077  Platform: Linux  PlatformVersion: 5.14.0-427.37.1.el9_4.x86_64  CompilerName: GCC  CompilerVersion: 8.4.0
ProgramName: mris_curvature_stats  ProgramArguments: mris_curvature_stats -all-info  ProgramVersion: 7.3.2  TimeStamp: 2026/03/14-09:46:49-GMT  BuildTime: Aug  4 2022 06:17:15  BuildStamp: freesurfer-linux-ubuntu22_x86_64-7.3.2-20220804-6354275  User: oesteban  Machine: dna077  Platform: Linux  PlatformVersion: 5.14.0-427.37.1.el9_4.x86_64  CompilerName: GCC  CompilerVersion: 8.4.0
ProgramName: mris_diff  ProgramArguments: mris_diff -all-info  ProgramVersion: 7.3.2  TimeStamp: 2026/03/14-09:46:49-GMT  BuildTime: Aug  4 2022 06:17:15  BuildStamp: freesurfer-linux-ubuntu22_x86_64-7.3.2-20220804-6354275  User: oesteban  Machine: dna077  Platform: Linux  PlatformVersion: 5.14.0-427.37.1.el9_4.x86_64  CompilerName: GCC  CompilerVersion: 8.4.0
ProgramName: mris_divide_parcellation  ProgramArguments: mris_divide_parcellation -all-info  ProgramVersion: 7.3.2  TimeStamp: 2026/03/14-09:46:49-GMT  BuildTime: Aug  4 2022 06:17:15  BuildStamp: freesurfer-linux-ubuntu22_x86_64-7.3.2-20220804-6354275  User: oesteban  Machine: dna077  Platform: Linux  PlatformVersion: 5.14.0-427.37.1.el9_4.x86_64  CompilerName: GCC  CompilerVersion: 8.4.0
ProgramName: mri_segment  ProgramArguments: mri_segment -all-info  ProgramVersion: 7.3.2  TimeStamp: 2026/03/14-09:46:49-GMT  BuildTime: Aug  4 2022 06:17:15  BuildStamp: freesurfer-linux-ubuntu22_x86_64-7.3.2-20220804-6354275  User: oesteban  Machine: dna077  Platform: Linux  PlatformVersion: 5.14.0-427.37.1.el9_4.x86_64  CompilerName: GCC  CompilerVersion: 8.4.0
ProgramName: mri_segstats  ProgramArguments: mri_segstats -all-info  ProgramVersion: 7.3.2  TimeStamp: 2026/03/14-09:46:49-GMT  BuildTime: Aug  4 2022 06:17:15  BuildStamp: freesurfer-linux-ubuntu22_x86_64-7.3.2-20220804-6354275  User: oesteban  Machine: dna077  Platform: Linux  PlatformVersion: 5.14.0-427.37.1.el9_4.x86_64  CompilerName: GCC  CompilerVersion: 8.4.0
ProgramName: mris_euler_number  ProgramArguments: mris_euler_number -all-info  ProgramVersion: 7.3.2  TimeStamp: 2026/03/14-09:46:49-GMT  BuildTime: Aug  4 2022 06:17:15  BuildStamp: freesurfer-linux-ubuntu22_x86_64-7.3.2-20220804-6354275  User: oesteban  Machine: dna077  Platform: Linux  PlatformVersion: 5.14.0-427.37.1.el9_4.x86_64  CompilerName: GCC  CompilerVersion: 8.4.0
ProgramName: mris_fix_topology  ProgramArguments: mris_fix_topology -all-info  ProgramVersion: 7.3.2  TimeStamp: 2026/03/14-09:46:49-GMT  BuildTime: Aug  4 2022 06:17:15  BuildStamp: freesurfer-linux-ubuntu22_x86_64-7.3.2-20220804-6354275  User: oesteban  Machine: dna077  Platform: Linux  PlatformVersion: 5.14.0-427.37.1.el9_4.x86_64  CompilerName: GCC  CompilerVersion: 8.4.0
ProgramName: mris_topo_fixer  ProgramArguments: mris_topo_fixer -all-info  ProgramVersion: 7.3.2  TimeStamp: 2026/03/14-09:46:49-GMT  BuildTime: Aug  4 2022 06:17:15  BuildStamp: freesurfer-linux-ubuntu22_x86_64-7.3.2-20220804-6354275  User: oesteban  Machine: dna077  Platform: Linux  PlatformVersion: 5.14.0-427.37.1.el9_4.x86_64  CompilerName: GCC  CompilerVersion: 8.4.0
ProgramName: mris_jacobian  ProgramArguments: mris_jacobian -all-info  ProgramVersion: 7.3.2  TimeStamp: 2026/03/14-09:46:49-GMT  BuildTime: Aug  4 2022 06:17:15  BuildStamp: freesurfer-linux-ubuntu22_x86_64-7.3.2-20220804-6354275  User: oesteban  Machine: dna077  Platform: Linux  PlatformVersion: 5.14.0-427.37.1.el9_4.x86_64  CompilerName: GCC  CompilerVersion: 8.4.0
ProgramName: mris_label2annot  ProgramArguments: mris_label2annot -all-info  ProgramVersion: 7.3.2  TimeStamp: 2026/03/14-09:46:49-GMT  BuildTime: Aug  4 2022 06:17:15  BuildStamp: freesurfer-linux-ubuntu22_x86_64-7.3.2-20220804-6354275  User: oesteban  Machine: dna077  Platform: Linux  PlatformVersion: 5.14.0-427.37.1.el9_4.x86_64  CompilerName: GCC  CompilerVersion: 8.4.0
ProgramName: mris_left_right_register  ProgramArguments: mris_left_right_register -all-info  ProgramVersion: 7.3.2  TimeStamp: 2026/03/14-09:46:49-GMT  BuildTime: Aug  4 2022 06:17:15  BuildStamp: freesurfer-linux-ubuntu22_x86_64-7.3.2-20220804-6354275  User: oesteban  Machine: dna077  Platform: Linux  PlatformVersion: 5.14.0-427.37.1.el9_4.x86_64  CompilerName: GCC  CompilerVersion: 8.4.0
ProgramName: mris_place_surface  ProgramArguments: mris_place_surface -all-info  ProgramVersion: 7.3.2  TimeStamp: 2026/03/14-09:46:49-GMT  BuildTime: Aug  4 2022 06:17:15  BuildStamp: freesurfer-linux-ubuntu22_x86_64-7.3.2-20220804-6354275  User: oesteban  Machine: dna077  Platform: Linux  PlatformVersion: 5.14.0-427.37.1.el9_4.x86_64  CompilerName: GCC  CompilerVersion: 8.4.0
ProgramName: mrisp_paint  ProgramArguments: mrisp_paint -all-info  ProgramVersion: 7.3.2  TimeStamp: 2026/03/14-09:46:49-GMT  BuildTime: Aug  4 2022 06:17:15  BuildStamp: freesurfer-linux-ubuntu22_x86_64-7.3.2-20220804-6354275  User: oesteban  Machine: dna077  Platform: Linux  PlatformVersion: 5.14.0-427.37.1.el9_4.x86_64  CompilerName: GCC  CompilerVersion: 8.4.0
ProgramName: mris_register  ProgramArguments: mris_register -all-info  ProgramVersion: 7.3.2  TimeStamp: 2026/03/14-09:46:49-GMT  BuildTime: Aug  4 2022 06:17:15  BuildStamp: freesurfer-linux-ubuntu22_x86_64-7.3.2-20220804-6354275  User: oesteban  Machine: dna077  Platform: Linux  PlatformVersion: 5.14.0-427.37.1.el9_4.x86_64  CompilerName: GCC  CompilerVersion: 8.4.0
ProgramName: mris_smooth  ProgramArguments: mris_smooth -all-info  ProgramVersion: 7.3.2  TimeStamp: 2026/03/14-09:46:49-GMT  BuildTime: Aug  4 2022 06:17:15  BuildStamp: freesurfer-linux-ubuntu22_x86_64-7.3.2-20220804-6354275  User: oesteban  Machine: dna077  Platform: Linux  PlatformVersion: 5.14.0-427.37.1.el9_4.x86_64  CompilerName: GCC  CompilerVersion: 8.4.0
ProgramName: mris_sphere  ProgramArguments: mris_sphere -all-info  ProgramVersion: 7.3.2  TimeStamp: 2026/03/14-09:46:49-GMT  BuildTime: Aug  4 2022 06:17:15  BuildStamp: freesurfer-linux-ubuntu22_x86_64-7.3.2-20220804-6354275  User: oesteban  Machine: dna077  Platform: Linux  PlatformVersion: 5.14.0-427.37.1.el9_4.x86_64  CompilerName: GCC  CompilerVersion: 8.4.0
ProgramName: mris_surface_stats  ProgramArguments: mris_surface_stats -all-info  ProgramVersion: 7.3.2  TimeStamp: 2026/03/14-09:46:49-GMT  BuildTime: Aug  4 2022 06:17:15  BuildStamp: freesurfer-linux-ubuntu22_x86_64-7.3.2-20220804-6354275  User: oesteban  Machine: dna077  Platform: Linux  PlatformVersion: 5.14.0-427.37.1.el9_4.x86_64  CompilerName: GCC  CompilerVersion: 8.4.0
ProgramName: mri_stats2seg  ProgramArguments: mri_stats2seg -all-info  ProgramVersion: 7.3.2  TimeStamp: 2026/03/14-09:46:49-GMT  BuildTime: Aug  4 2022 06:17:15  BuildStamp: freesurfer-linux-ubuntu22_x86_64-7.3.2-20220804-6354275  User: oesteban  Machine: dna077  Platform: Linux  PlatformVersion: 5.14.0-427.37.1.el9_4.x86_64  CompilerName: GCC  CompilerVersion: 8.4.0
ProgramName: mris_thickness  ProgramArguments: mris_thickness -all-info  ProgramVersion: 7.3.2  TimeStamp: 2026/03/14-09:46:49-GMT  BuildTime: Aug  4 2022 06:17:15  BuildStamp: freesurfer-linux-ubuntu22_x86_64-7.3.2-20220804-6354275  User: oesteban  Machine: dna077  Platform: Linux  PlatformVersion: 5.14.0-427.37.1.el9_4.x86_64  CompilerName: GCC  CompilerVersion: 8.4.0
ProgramName: mris_thickness_diff  ProgramArguments: mris_thickness_diff -all-info  ProgramVersion: 7.3.2  TimeStamp: 2026/03/14-09:46:49-GMT  BuildTime: Aug  4 2022 06:17:15  BuildStamp: freesurfer-linux-ubuntu22_x86_64-7.3.2-20220804-6354275  User: oesteban  Machine: dna077  Platform: Linux  PlatformVersion: 5.14.0-427.37.1.el9_4.x86_64  CompilerName: GCC  CompilerVersion: 8.4.0
ProgramName: mris_topo_fixer  ProgramArguments: mris_topo_fixer -all-info  ProgramVersion: 7.3.2  TimeStamp: 2026/03/14-09:46:49-GMT  BuildTime: Aug  4 2022 06:17:15  BuildStamp: freesurfer-linux-ubuntu22_x86_64-7.3.2-20220804-6354275  User: oesteban  Machine: dna077  Platform: Linux  PlatformVersion: 5.14.0-427.37.1.el9_4.x86_64  CompilerName: GCC  CompilerVersion: 8.4.0
ProgramName: mri_surf2surf  ProgramArguments: mri_surf2surf -all-info  ProgramVersion: 7.3.2  TimeStamp: 2026/03/14-09:46:49-GMT  BuildTime: Aug  4 2022 06:17:15  BuildStamp: freesurfer-linux-ubuntu22_x86_64-7.3.2-20220804-6354275  User: oesteban  Machine: dna077  Platform: Linux  PlatformVersion: 5.14.0-427.37.1.el9_4.x86_64  CompilerName: GCC  CompilerVersion: 8.4.0
ProgramName: mri_surf2vol  ProgramArguments: mri_surf2vol -all-info  ProgramVersion: 7.3.2  TimeStamp: 2026/03/14-09:46:49-GMT  BuildTime: Aug  4 2022 06:17:15  BuildStamp: freesurfer-linux-ubuntu22_x86_64-7.3.2-20220804-6354275  User: oesteban  Machine: dna077  Platform: Linux  PlatformVersion: 5.14.0-427.37.1.el9_4.x86_64  CompilerName: GCC  CompilerVersion: 8.4.0
ProgramName: mri_surfcluster  ProgramArguments: mri_surfcluster -all-info  ProgramVersion: 7.3.2  TimeStamp: 2026/03/14-09:46:49-GMT  BuildTime: Aug  4 2022 06:17:15  BuildStamp: freesurfer-linux-ubuntu22_x86_64-7.3.2-20220804-6354275  User: oesteban  Machine: dna077  Platform: Linux  PlatformVersion: 5.14.0-427.37.1.el9_4.x86_64  CompilerName: GCC  CompilerVersion: 8.4.0
ProgramName: mris_volmask  ProgramArguments: mris_volmask -all-info  ProgramVersion: 7.3.2  TimeStamp: 2026/03/14-09:46:49-GMT  BuildTime: Aug  4 2022 06:17:15  BuildStamp: freesurfer-linux-ubuntu22_x86_64-7.3.2-20220804-6354275  User: oesteban  Machine: dna077  Platform: Linux  PlatformVersion: 5.14.0-427.37.1.el9_4.x86_64  CompilerName: GCC  CompilerVersion: 8.4.0
ProgramName: mri_tessellate  ProgramArguments: mri_tessellate -all-info  ProgramVersion: 7.3.2  TimeStamp: 2026/03/14-09:46:49-GMT  BuildTime: Aug  4 2022 06:17:15  BuildStamp: freesurfer-linux-ubuntu22_x86_64-7.3.2-20220804-6354275  User: oesteban  Machine: dna077  Platform: Linux  PlatformVersion: 5.14.0-427.37.1.el9_4.x86_64  CompilerName: GCC  CompilerVersion: 8.4.0
ProgramName: mri_vol2surf  ProgramArguments: mri_vol2surf -all-info  ProgramVersion: 7.3.2  TimeStamp: 2026/03/14-09:46:49-GMT  BuildTime: Aug  4 2022 06:17:15  BuildStamp: freesurfer-linux-ubuntu22_x86_64-7.3.2-20220804-6354275  User: oesteban  Machine: dna077  Platform: Linux  PlatformVersion: 5.14.0-427.37.1.el9_4.x86_64  CompilerName: GCC  CompilerVersion: 8.4.0
ProgramName: mri_vol2vol  ProgramArguments: mri_vol2vol -all-info  ProgramVersion: 7.3.2  TimeStamp: 2026/03/14-09:46:49-GMT  BuildTime: Aug  4 2022 06:17:15  BuildStamp: freesurfer-linux-ubuntu22_x86_64-7.3.2-20220804-6354275  User: oesteban  Machine: dna077  Platform: Linux  PlatformVersion: 5.14.0-427.37.1.el9_4.x86_64  CompilerName: GCC  CompilerVersion: 8.4.0
ProgramName: mri_voldiff  ProgramArguments: mri_voldiff -all-info  ProgramVersion: 7.3.2  TimeStamp: 2026/03/14-09:46:49-GMT  BuildTime: Aug  4 2022 06:17:15  BuildStamp: freesurfer-linux-ubuntu22_x86_64-7.3.2-20220804-6354275  User: oesteban  Machine: dna077  Platform: Linux  PlatformVersion: 5.14.0-427.37.1.el9_4.x86_64  CompilerName: GCC  CompilerVersion: 8.4.0
ProgramName: mri_watershed  ProgramArguments: mri_watershed -all-info  ProgramVersion: 7.3.2  TimeStamp: 2026/03/14-09:46:49-GMT  BuildTime: Aug  4 2022 06:17:15  BuildStamp: freesurfer-linux-ubuntu22_x86_64-7.3.2-20220804-6354275  User: oesteban  Machine: dna077  Platform: Linux  PlatformVersion: 5.14.0-427.37.1.el9_4.x86_64  CompilerName: GCC  CompilerVersion: 8.4.0
ProgramName: tkregister2  ProgramArguments: tkregister2_cmdl -all-info  ProgramVersion: 7.3.2  TimeStamp: 2026/03/14-09:46:49-GMT  BuildTime: Aug  4 2022 06:17:15  BuildStamp: freesurfer-linux-ubuntu22_x86_64-7.3.2-20220804-6354275  User: oesteban  Machine: dna077  Platform: Linux  PlatformVersion: 5.14.0-427.37.1.el9_4.x86_64  CompilerName: GCC  CompilerVersion: 8.4.0
mri_motion_correct.fsl 7.3.2
mri_convert -all-info 
ProgramName: mri_convert  ProgramArguments: mri_convert -all-info  ProgramVersion: 7.3.2  TimeStamp: 2026/03/14-09:46:49-GMT  BuildTime: Aug  4 2022 06:17:15  BuildStamp: freesurfer-linux-ubuntu22_x86_64-7.3.2-20220804-6354275  User: oesteban  Machine: dna077  Platform: Linux  PlatformVersion: 5.14.0-427.37.1.el9_4.x86_64  CompilerName: GCC  CompilerVersion: 8.4.0
Program nu_correct, built from:
Package MNI N3, version 1.12.0, compiled by nicks@terrier (x86_64-unknown-linux-gnu) on 2015-06-19 at 01:25:34
#######################################
GCADIR /opt/freesurfer/average
GCA RB_all_2020-01-02.gca
GCASkull RB_all_withskull_2020_01_02.gca
AvgCurvTif folding.atlas.acfb40.noaparc.i12.2016-08-02.tif
GCSDIR /opt/freesurfer/average
GCS DKaparc.atlas.acfb40.noaparc.i12.2016-08-02.gcs
#######################################
#--------------------------------------
#@# CA Normalize Sat Mar 14 10:46:49 CET 2026
/out/sourcedata/freesurfer/sub-v2s9x29166_ses-1/mri

 mri_ca_normalize -c ctrl_pts.mgz -mask brainmask.mgz nu.mgz /opt/freesurfer/average/RB_all_2020-01-02.gca transforms/talairach.lta norm.mgz 

writing control point volume to ctrl_pts.mgz
using MR volume brainmask.mgz to mask input volume...
reading 1 input volume
reading atlas from '/opt/freesurfer/average/RB_all_2020-01-02.gca'...
reading transform from 'transforms/talairach.lta'...
reading input volume from nu.mgz...
resetting wm mean[0]: 98 --> 107
resetting gm mean[0]: 61 --> 61
input volume #1 is the most T1-like
using real data threshold=28.0
skull bounding box = (51, 73, 34) --> (184, 178, 185)
finding center of left hemi white matter
using (95, 108, 110) as brain centroid of Right_Cerebral_White_Matter...
mean wm in atlas = 107, using box (79,95,91) --> (111, 120,128) to find MRI wm
before smoothing, mri peak at 108
robust fit to distribution - 107 +- 4.9
after smoothing, mri peak at 107, scaling input intensities by 1.000
scaling channel 0 by 1
using 246437 sample points...
INFO: compute sample coordinates transform
 1.08268  -0.17415  -0.09281   28.30165;
 0.19879   1.20056   0.20736  -67.21046;
 0.07056  -0.22150   1.10496   12.11217;
 0.00000   0.00000   0.00000   1.00000;
INFO: transform used
finding control points in Left_Cerebral_White_Matter....
found 40230 control points for structure...
bounding box (112, 63, 31) --> (180, 155, 178)
Left_Cerebral_White_Matter: limiting intensities to 91.0 --> 132.0
4 of 4780 (0.1%) samples deleted
finding control points in Right_Cerebral_White_Matter....
found 39478 control points for structure...
bounding box (57, 67, 33) --> (124, 162, 181)
Right_Cerebral_White_Matter: limiting intensities to 95.0 --> 132.0
5 of 4979 (0.1%) samples deleted
finding control points in Left_Cerebellum_White_Matter....
found 3105 control points for structure...
bounding box (121, 134, 55) --> (169, 170, 103)
Left_Cerebellum_White_Matter: limiting intensities to 94.0 --> 132.0
1 of 63 (1.6%) samples deleted
finding control points in Right_Cerebellum_White_Matter....
found 2710 control points for structure...
bounding box (84, 135, 56) --> (122, 175, 107)
Right_Cerebellum_White_Matter: limiting intensities to 89.0 --> 132.0
0 of 103 (0.0%) samples deleted
finding control points in Brain_Stem....
found 3475 control points for structure...
bounding box (106, 127, 88) --> (141, 183, 115)
Brain_Stem: limiting intensities to 88.0 --> 132.0
0 of 113 (0.0%) samples deleted
using 10038 total control points for intensity normalization...
bias field = 0.970 +- 0.044
100 of 10028 control points discarded
finding control points in Left_Cerebral_White_Matter....
found 40230 control points for structure...
bounding box (112, 63, 31) --> (180, 155, 178)
Left_Cerebral_White_Matter: limiting intensities to 91.0 --> 132.0
3 of 4961 (0.1%) samples deleted
finding control points in Right_Cerebral_White_Matter....
found 39478 control points for structure...
bounding box (57, 67, 33) --> (124, 162, 181)
Right_Cerebral_White_Matter: limiting intensities to 92.0 --> 132.0
4 of 5193 (0.1%) samples deleted
finding control points in Left_Cerebellum_White_Matter....
found 3105 control points for structure...
bounding box (121, 134, 55) --> (169, 170, 103)
Left_Cerebellum_White_Matter: limiting intensities to 88.0 --> 132.0
7 of 114 (6.1%) samples deleted
finding control points in Right_Cerebellum_White_Matter....
found 2710 control points for structure...
bounding box (84, 135, 56) --> (122, 175, 107)
Right_Cerebellum_White_Matter: limiting intensities to 88.0 --> 132.0
29 of 154 (18.8%) samples deleted
finding control points in Brain_Stem....
found 3475 control points for structure...
bounding box (106, 127, 88) --> (141, 183, 115)
Brain_Stem: limiting intensities to 88.0 --> 132.0
18 of 185 (9.7%) samples deleted
using 10607 total control points for intensity normalization...
bias field = 1.000 +- 0.039
39 of 10458 control points discarded
finding control points in Left_Cerebral_White_Matter....
found 40230 control points for structure...
bounding box (112, 63, 31) --> (180, 155, 178)
Left_Cerebral_White_Matter: limiting intensities to 91.0 --> 132.0
1 of 4942 (0.0%) samples deleted
finding control points in Right_Cerebral_White_Matter....
found 39478 control points for structure...
bounding box (57, 67, 33) --> (124, 162, 181)
Right_Cerebral_White_Matter: limiting intensities to 91.0 --> 132.0
6 of 5201 (0.1%) samples deleted
finding control points in Left_Cerebellum_White_Matter....
found 3105 control points for structure...
bounding box (121, 134, 55) --> (169, 170, 103)
Left_Cerebellum_White_Matter: limiting intensities to 88.0 --> 132.0
21 of 145 (14.5%) samples deleted
finding control points in Right_Cerebellum_White_Matter....
found 2710 control points for structure...
bounding box (84, 135, 56) --> (122, 175, 107)
Right_Cerebellum_White_Matter: limiting intensities to 88.0 --> 132.0
79 of 210 (37.6%) samples deleted
finding control points in Brain_Stem....
found 3475 control points for structure...
bounding box (106, 127, 88) --> (141, 183, 115)
Brain_Stem: limiting intensities to 88.0 --> 132.0
72 of 269 (26.8%) samples deleted
using 10767 total control points for intensity normalization...
bias field = 0.995 +- 0.037
16 of 10473 control points discarded
writing normalized volume to norm.mgz...
writing control points to ctrl_pts.mgz
freeing GCA...done.
normalization took 0 minutes and 54 seconds.
#--------------------------------------
#@# CA Reg Sat Mar 14 10:47:43 CET 2026
/out/sourcedata/freesurfer/sub-v2s9x29166_ses-1/mri

 mri_ca_register -nobigventricles -T transforms/talairach.lta -align-after -mask brainmask.mgz norm.mgz /opt/freesurfer/average/RB_all_2020-01-02.gca transforms/talairach.m3z 

not handling expanded ventricles...
using previously computed transform transforms/talairach.lta
renormalizing sequences with structure alignment, equivalent to:
	-renormalize
	-regularize_mean 0.500
	-regularize 0.500
using MR volume brainmask.mgz to mask input volume...

== Number of threads available to mri_ca_register for OpenMP = 16 == 
reading 1 input volumes...
logging results to talairach.log
reading input volume 'norm.mgz'...
reading GCA '/opt/freesurfer/average/RB_all_2020-01-02.gca'...
label assignment complete, 0 changed (0.00%)
freeing gibbs priors...done.
average std[0] = 5.0
Starting GCAMregister()
label assignment complete, 0 changed (0.00%)
npasses = 1, nlevels = 6
#pass# 1 of 1 ************************
enabling zero nodes
setting smoothness cost coefficient to 0.156

#GCAMreg# pass 0 level1 5 level2 0 tsec 0 sigma 2
l_jacobian=1.00 l_label=1.00 l_log_likelihood=0.20 l_smoothness=0.16 
tol=2.50e-01, dt=5.00e-02, exp_k=20.0, momentum=0.90, levels=6, niter=500, lbl_dist=10.00, avgs=256, sigma=2.0,type=2, relabel=0, neg=no

blurring input image with Gaussian with sigma=2.000...
GCAMRegisterLevel(): init RMS 0.788934
#FOTS# QuadFit found better minimum quadopt=(dt=159.759,rms=0.732656) vs oldopt=(dt=92.48,rms=0.742637)
#GCMRL#    0 dt 159.759398 rms  0.733  7.133% neg 0  invalid 762 tFOTS 3.8580 tGradient 2.3660 tsec 6.5160
#FOTS# QuadFit found better minimum quadopt=(dt=221.681,rms=0.712878) vs oldopt=(dt=92.48,rms=0.720259)
#GCMRL#    1 dt 221.681159 rms  0.713  2.699% neg 0  invalid 762 tFOTS 4.3430 tGradient 2.8220 tsec 7.5010
#FOTS# QuadFit found better minimum quadopt=(dt=129.472,rms=0.707163) vs oldopt=(dt=92.48,rms=0.707746)
#GCMRL#    2 dt 129.472000 rms  0.707  0.802% neg 0  invalid 762 tFOTS 4.0860 tGradient 2.4140 tsec 6.8560
#FOTS# QuadFit found better minimum quadopt=(dt=443.904,rms=0.698372) vs oldopt=(dt=369.92,rms=0.698577)
#GCMRL#    3 dt 443.904000 rms  0.698  1.243% neg 0  invalid 762 tFOTS 3.4280 tGradient 2.3750 tsec 6.0970
#GCMRL#    4 dt  92.480000 rms  0.695  0.431% neg 0  invalid 762 tFOTS 3.4020 tGradient 2.1790 tsec 5.8460
#FOTS# QuadFit found better minimum quadopt=(dt=1183.74,rms=0.687676) vs oldopt=(dt=1479.68,rms=0.688174)
#GCMRL#    5 dt 1183.744000 rms  0.688  1.106% neg 0  invalid 762 tFOTS 3.3330 tGradient 2.1330 tsec 5.7380
#FOTS# QuadFit found better minimum quadopt=(dt=129.472,rms=0.684057) vs oldopt=(dt=92.48,rms=0.684388)
#GCMRL#    6 dt 129.472000 rms  0.684  0.526% neg 0  invalid 762 tFOTS 3.4790 tGradient 2.2270 tsec 5.9800
#FOTS# QuadFit found better minimum quadopt=(dt=129.472,rms=0.683657) vs oldopt=(dt=92.48,rms=0.683709)
#GCMRL#    7 dt 129.472000 rms  0.684  0.000% neg 0  invalid 762 tFOTS 5.1500 tGradient 2.2250 tsec 7.7660
#GCMRL#    8 dt 129.472000 rms  0.683  0.105% neg 0  invalid 762 tFOTS 0.0000 tGradient 3.1540 tsec 3.5050
#GCMRL#    9 dt 129.472000 rms  0.682  0.144% neg 0  invalid 762 tFOTS 0.0000 tGradient 3.2110 tsec 3.5650
#GCMRL#   10 dt 129.472000 rms  0.681  0.163% neg 0  invalid 762 tFOTS 0.0000 tGradient 3.3110 tsec 3.6390
#GCMRL#   11 dt 129.472000 rms  0.680  0.164% neg 0  invalid 762 tFOTS 0.0000 tGradient 3.1620 tsec 3.5130
#GCMRL#   12 dt 129.472000 rms  0.678  0.196% neg 0  invalid 762 tFOTS 0.0000 tGradient 2.8860 tsec 3.2230
#GCMRL#   13 dt 129.472000 rms  0.677  0.215% neg 0  invalid 762 tFOTS 0.0000 tGradient 2.7240 tsec 3.0570
#GCMRL#   14 dt 129.472000 rms  0.675  0.213% neg 0  invalid 762 tFOTS 0.0000 tGradient 2.8620 tsec 3.1910
#GCMRL#   15 dt 129.472000 rms  0.674  0.198% neg 0  invalid 762 tFOTS 0.0000 tGradient 2.8560 tsec 3.1840
#GCMRL#   16 dt 129.472000 rms  0.673  0.184% neg 0  invalid 762 tFOTS 0.0000 tGradient 2.9750 tsec 3.2670
#GCMRL#   17 dt 129.472000 rms  0.672  0.192% neg 0  invalid 762 tFOTS 0.0000 tGradient 2.7720 tsec 3.0770
#GCMRL#   18 dt 129.472000 rms  0.670  0.191% neg 0  invalid 762 tFOTS 0.0000 tGradient 2.4780 tsec 2.7840
#GCMRL#   19 dt 129.472000 rms  0.669  0.165% neg 0  invalid 762 tFOTS 0.0000 tGradient 2.4940 tsec 2.8100
#GCMRL#   20 dt 129.472000 rms  0.668  0.136% neg 0  invalid 762 tFOTS 0.0000 tGradient 2.4140 tsec 2.7170
#GCMRL#   21 dt 129.472000 rms  0.668  0.119% neg 0  invalid 762 tFOTS 0.0000 tGradient 2.5440 tsec 2.8570
#GCMRL#   22 dt 129.472000 rms  0.667  0.126% neg 0  invalid 762 tFOTS 0.0000 tGradient 2.6000 tsec 2.9070
#GCMRL#   23 dt 129.472000 rms  0.666  0.125% neg 0  invalid 762 tFOTS 0.0000 tGradient 2.3740 tsec 2.6690
#GCMRL#   24 dt 129.472000 rms  0.665  0.112% neg 0  invalid 762 tFOTS 0.0000 tGradient 2.3800 tsec 2.6900
#FOTS# QuadFit found better minimum quadopt=(dt=-0.1875,rms=0.665121) vs oldopt=(dt=0.36125,rms=0.665121)

#GCAMreg# pass 0 level1 5 level2 1 tsec 121.066 sigma 0.5
l_jacobian=1.00 l_label=1.00 l_log_likelihood=0.20 l_smoothness=0.16 
tol=2.50e-01, dt=5.00e-02, exp_k=20.0, momentum=0.90, levels=6, niter=500, lbl_dist=10.00, avgs=256, sigma=0.5,type=2, relabel=0, neg=no

blurring input image with Gaussian with sigma=0.500...
GCAMRegisterLevel(): init RMS 0.665647
#FOTS# QuadFit found better minimum quadopt=(dt=129.472,rms=0.664721) vs oldopt=(dt=92.48,rms=0.664802)
#GCMRL#   26 dt 129.472000 rms  0.665  0.139% neg 0  invalid 762 tFOTS 3.9280 tGradient 2.4480 tsec 6.6750
#FOTS# QuadFit found better minimum quadopt=(dt=443.904,rms=0.664226) vs oldopt=(dt=369.92,rms=0.664244)
#GCMRL#   27 dt 443.904000 rms  0.664  0.000% neg 0  invalid 762 tFOTS 3.9910 tGradient 2.6070 tsec 7.0120
setting smoothness cost coefficient to 0.615

#GCAMreg# pass 0 level1 4 level2 0 tsec 0 sigma 2
l_jacobian=1.00 l_label=1.00 l_log_likelihood=0.20 l_smoothness=0.62 
tol=2.50e-01, dt=5.00e-02, exp_k=20.0, momentum=0.90, levels=6, niter=500, lbl_dist=10.00, avgs=64, sigma=2.0,type=2, relabel=0, neg=no

blurring input image with Gaussian with sigma=2.000...
GCAMRegisterLevel(): init RMS 0.674552
#GCMRL#   29 dt 103.680000 rms  0.669  0.803% neg 0  invalid 762 tFOTS 3.1680 tGradient 1.9270 tsec 5.3530
#FOTS# QuadFit found better minimum quadopt=(dt=331.776,rms=0.655802) vs oldopt=(dt=414.72,rms=0.656493)
#GCMRL#   30 dt 331.776000 rms  0.656  1.993% neg 0  invalid 762 tFOTS 4.3580 tGradient 2.2210 tsec 6.8860
#FOTS# QuadFit found better minimum quadopt=(dt=47.8202,rms=0.6528) vs oldopt=(dt=25.92,rms=0.65321)
#GCMRL#   31 dt  47.820225 rms  0.653  0.458% neg 0  invalid 762 tFOTS 4.6140 tGradient 2.0000 tsec 6.9600
#GCMRL#   32 dt 103.680000 rms  0.652  0.000% neg 0  invalid 762 tFOTS 4.3240 tGradient 2.2580 tsec 6.9220
#GCMRL#   33 dt 103.680000 rms  0.650  0.290% neg 0  invalid 762 tFOTS 0.0000 tGradient 2.0930 tsec 2.4010
#GCMRL#   34 dt 103.680000 rms  0.648  0.357% neg 0  invalid 762 tFOTS 0.0000 tGradient 1.9890 tsec 2.2980
#GCMRL#   35 dt 103.680000 rms  0.646  0.315% neg 0  invalid 762 tFOTS 0.0000 tGradient 2.0480 tsec 2.3670
#GCMRL#   36 dt 103.680000 rms  0.644  0.342% neg 0  invalid 762 tFOTS 0.0000 tGradient 2.1320 tsec 2.4520
#GCMRL#   37 dt 103.680000 rms  0.641  0.395% neg 0  invalid 762 tFOTS 0.0000 tGradient 2.0130 tsec 2.3400
#GCMRL#   38 dt 103.680000 rms  0.639  0.362% neg 0  invalid 762 tFOTS 0.0000 tGradient 2.0480 tsec 2.3650
#GCMRL#   39 dt 103.680000 rms  0.637  0.275% neg 0  invalid 762 tFOTS 0.0000 tGradient 2.0070 tsec 2.2900
#GCMRL#   40 dt 103.680000 rms  0.636  0.161% neg 0  invalid 762 tFOTS 0.0000 tGradient 2.0480 tsec 2.3630
#GCMRL#   41 dt 103.680000 rms  0.635  0.161% neg 0  invalid 762 tFOTS 0.0000 tGradient 1.9920 tsec 2.3160
#GCMRL#   42 dt 103.680000 rms  0.634  0.175% neg 0  invalid 762 tFOTS 0.0000 tGradient 2.0840 tsec 2.3920
#GCMRL#   43 dt 103.680000 rms  0.633  0.066% neg 0  invalid 762 tFOTS 0.0000 tGradient 2.0930 tsec 2.4120
#GCMRL#   44 dt 103.680000 rms  0.633 -0.022% neg 0  invalid 762 tFOTS 0.0000 tGradient 2.2380 tsec 2.8010

#GCAMreg# pass 0 level1 4 level2 1 tsec 70.553 sigma 0.5
l_jacobian=1.00 l_label=1.00 l_log_likelihood=0.20 l_smoothness=0.62 
tol=2.50e-01, dt=5.00e-02, exp_k=20.0, momentum=0.90, levels=6, niter=500, lbl_dist=10.00, avgs=64, sigma=0.5,type=2, relabel=0, neg=no

blurring input image with Gaussian with sigma=0.500...
GCAMRegisterLevel(): init RMS 0.634073
#GCMRL#   46 dt   0.000000 rms  0.633  0.105% neg 0  invalid 762 tFOTS 4.5960 tGradient 1.9620 tsec 6.9260
setting smoothness cost coefficient to 2.353

#GCAMreg# pass 0 level1 3 level2 0 tsec 0 sigma 2
l_jacobian=1.00 l_label=1.00 l_log_likelihood=0.20 l_smoothness=2.35 
tol=2.50e-01, dt=5.00e-02, exp_k=20.0, momentum=0.90, levels=6, niter=500, lbl_dist=10.00, avgs=16, sigma=2.0,type=2, relabel=0, neg=no

blurring input image with Gaussian with sigma=2.000...
GCAMRegisterLevel(): init RMS 0.665377
#FOTS# QuadFit found better minimum quadopt=(dt=0.7,rms=0.664676) vs oldopt=(dt=0.5,rms=0.664687)
#GCMRL#   48 dt   0.700000 rms  0.665  0.105% neg 0  invalid 762 tFOTS 4.2430 tGradient 1.6330 tsec 6.2350
#FOTS# QuadFit found better minimum quadopt=(dt=0.3,rms=0.66467) vs oldopt=(dt=0.5,rms=0.664673)
#GCMRL#   49 dt   0.300000 rms  0.665  0.000% neg 0  invalid 762 tFOTS 4.6880 tGradient 1.6980 tsec 6.7860

#GCAMreg# pass 0 level1 3 level2 1 tsec 23.664 sigma 0.5
l_jacobian=1.00 l_label=1.00 l_log_likelihood=0.20 l_smoothness=2.35 
tol=2.50e-01, dt=5.00e-02, exp_k=20.0, momentum=0.90, levels=6, niter=500, lbl_dist=10.00, avgs=16, sigma=0.5,type=2, relabel=0, neg=no

blurring input image with Gaussian with sigma=0.500...
GCAMRegisterLevel(): init RMS 0.665301
#FOTS# QuadFit found better minimum quadopt=(dt=0.6,rms=0.664643) vs oldopt=(dt=0.5,rms=0.664643)
#GCMRL#   51 dt   0.600000 rms  0.665  0.099% neg 0  invalid 762 tFOTS 4.6920 tGradient 1.8570 tsec 6.8790
#FOTS# QuadFit found better minimum quadopt=(dt=0.04375,rms=0.664647) vs oldopt=(dt=0.03125,rms=0.664647)
setting smoothness cost coefficient to 8.000

#GCAMreg# pass 0 level1 2 level2 0 tsec 0 sigma 2
l_jacobian=1.00 l_label=1.00 l_log_likelihood=0.20 l_smoothness=8.00 
tol=2.50e-01, dt=5.00e-02, exp_k=20.0, momentum=0.90, levels=6, niter=500, lbl_dist=10.00, avgs=4, sigma=2.0,type=2, relabel=0, neg=no

blurring input image with Gaussian with sigma=2.000...
GCAMRegisterLevel(): init RMS 0.750468
#FOTS# QuadFit found better minimum quadopt=(dt=2.50432,rms=0.722059) vs oldopt=(dt=2.88,rms=0.722705)
#GCMRL#   53 dt   2.504318 rms  0.722  3.786% neg 0  invalid 762 tFOTS 4.0160 tGradient 1.4850 tsec 5.8420
#FOTS# QuadFit found better minimum quadopt=(dt=2.2898,rms=0.716518) vs oldopt=(dt=2.88,rms=0.716885)
#GCMRL#   54 dt   2.289803 rms  0.717  0.767% neg 0  invalid 762 tFOTS 4.3270 tGradient 1.6900 tsec 6.3510
#FOTS# QuadFit found better minimum quadopt=(dt=2,rms=0.715031) vs oldopt=(dt=2.88,rms=0.715367)
#GCMRL#   55 dt   2.000000 rms  0.715  0.000% neg 0  invalid 762 tFOTS 4.2660 tGradient 1.5360 tsec 6.1520
#GCMRL#   56 dt   2.000000 rms  0.715  0.025% neg 0  invalid 762 tFOTS 0.0000 tGradient 1.6470 tsec 1.9730

#GCAMreg# pass 0 level1 2 level2 1 tsec 30.657 sigma 0.5
l_jacobian=1.00 l_label=1.00 l_log_likelihood=0.20 l_smoothness=8.00 
tol=2.50e-01, dt=5.00e-02, exp_k=20.0, momentum=0.90, levels=6, niter=500, lbl_dist=10.00, avgs=4, sigma=0.5,type=2, relabel=0, neg=no

blurring input image with Gaussian with sigma=0.500...
GCAMRegisterLevel(): init RMS 0.715325
#GCMRL#   58 dt   0.000000 rms  0.715  0.067% neg 0  invalid 762 tFOTS 3.5610 tGradient 1.3760 tsec 5.2560
setting smoothness cost coefficient to 20.000

#GCAMreg# pass 0 level1 1 level2 0 tsec 0 sigma 2
l_jacobian=1.00 l_label=1.00 l_log_likelihood=0.20 l_smoothness=20.00 
tol=2.50e-01, dt=5.00e-02, exp_k=20.0, momentum=0.90, levels=6, niter=500, lbl_dist=10.00, avgs=1, sigma=2.0,type=2, relabel=0, neg=no

blurring input image with Gaussian with sigma=2.000...
GCAMRegisterLevel(): init RMS 0.75743
#FOTS# QuadFit found better minimum quadopt=(dt=0.096,rms=0.756889) vs oldopt=(dt=0.08,rms=0.756891)
#GCMRL#   60 dt   0.096000 rms  0.757  0.071% neg 0  invalid 762 tFOTS 3.8170 tGradient 1.1980 tsec 5.2990
#FOTS# QuadFit found better minimum quadopt=(dt=0.112,rms=0.756744) vs oldopt=(dt=0.08,rms=0.756773)
#GCMRL#   61 dt   0.112000 rms  0.757  0.000% neg 0  invalid 762 tFOTS 3.9610 tGradient 1.2800 tsec 5.6370
#GCMRL#   62 dt   0.112000 rms  0.756  0.035% neg 0  invalid 762 tFOTS 0.0000 tGradient 1.2940 tsec 1.6010
#GCMRL#   63 dt   0.112000 rms  0.756  0.061% neg 0  invalid 762 tFOTS 0.0000 tGradient 1.2780 tsec 1.5960
#GCMRL#   64 dt   0.112000 rms  0.755  0.089% neg 0  invalid 762 tFOTS 0.0000 tGradient 1.2810 tsec 1.5980
#GCMRL#   65 dt   0.112000 rms  0.754  0.120% neg 0  invalid 762 tFOTS 0.0000 tGradient 1.4140 tsec 1.7630
#GCMRL#   66 dt   0.112000 rms  0.753  0.160% neg 0  invalid 762 tFOTS 0.0000 tGradient 1.4320 tsec 1.7900
#GCMRL#   67 dt   0.112000 rms  0.752  0.175% neg 0  invalid 762 tFOTS 0.0000 tGradient 1.1920 tsec 1.5050
#GCMRL#   68 dt   0.112000 rms  0.751  0.163% neg 0  invalid 762 tFOTS 0.0000 tGradient 1.1820 tsec 1.4890
#GCMRL#   69 dt   0.112000 rms  0.750  0.131% neg 0  invalid 762 tFOTS 0.0000 tGradient 1.2020 tsec 1.5110
#GCMRL#   70 dt   0.112000 rms  0.749  0.098% neg 0  invalid 762 tFOTS 0.0000 tGradient 1.3960 tsec 1.7010
#GCMRL#   71 dt   0.112000 rms  0.749  0.058% neg 0  invalid 762 tFOTS 0.0000 tGradient 1.4090 tsec 1.7490
#FOTS# QuadFit found better minimum quadopt=(dt=1.792,rms=0.745964) vs oldopt=(dt=1.28,rms=0.746189)
#GCMRL#   72 dt   1.792000 rms  0.746  0.344% neg 0  invalid 762 tFOTS 3.9970 tGradient 1.2550 tsec 5.5750
#GCMRL#   73 dt   0.320000 rms  0.745  0.000% neg 0  invalid 762 tFOTS 4.1370 tGradient 1.3730 tsec 5.8720
#GCMRL#   74 dt   0.320000 rms  0.744  0.156% neg 0  invalid 762 tFOTS 0.0000 tGradient 1.3160 tsec 1.6350
#GCMRL#   75 dt   0.320000 rms  0.743  0.044% neg 0  invalid 762 tFOTS 0.0000 tGradient 1.3170 tsec 1.6380
#GCMRL#   76 dt   0.320000 rms  0.743 -0.060% neg 0  invalid 762 tFOTS 0.0000 tGradient 1.3710 tsec 1.9310

#GCAMreg# pass 0 level1 1 level2 1 tsec 57.715 sigma 0.5
l_jacobian=1.00 l_label=1.00 l_log_likelihood=0.20 l_smoothness=20.00 
tol=2.50e-01, dt=5.00e-02, exp_k=20.0, momentum=0.90, levels=6, niter=500, lbl_dist=10.00, avgs=1, sigma=0.5,type=2, relabel=0, neg=no

blurring input image with Gaussian with sigma=0.500...
GCAMRegisterLevel(): init RMS 0.743899
#GCMRL#   78 dt   0.080000 rms  0.743  0.071% neg 0  invalid 762 tFOTS 4.2780 tGradient 1.5760 tsec 6.2200
#GCMRL#   79 dt   0.080000 rms  0.743  0.000% neg 0  invalid 762 tFOTS 4.2890 tGradient 1.5490 tsec 6.2270
#GCMRL#   80 dt   0.080000 rms  0.743  0.002% neg 0  invalid 762 tFOTS 0.0000 tGradient 1.4000 tsec 1.7410
#GCMRL#   81 dt   0.080000 rms  0.743  0.000% neg 0  invalid 762 tFOTS 0.0000 tGradient 1.3840 tsec 1.7060
resetting metric properties...
setting smoothness cost coefficient to 40.000

#GCAMreg# pass 0 level1 0 level2 0 tsec 0 sigma 2
l_jacobian=1.00 l_label=1.00 l_log_likelihood=0.20 l_smoothness=40.00 
tol=2.50e-01, dt=5.00e-02, exp_k=20.0, momentum=0.90, levels=6, niter=500, lbl_dist=10.00, avgs=0, sigma=2.0,type=2, relabel=0, neg=no

blurring input image with Gaussian with sigma=2.000...
GCAMRegisterLevel(): init RMS 0.72078
#FOTS# QuadFit found better minimum quadopt=(dt=0.216988,rms=0.715728) vs oldopt=(dt=0.32,rms=0.716475)
#GCMRL#   83 dt   0.216988 rms  0.716  0.701% neg 0  invalid 762 tFOTS 4.2980 tGradient 0.8020 tsec 5.4530
#FOTS# QuadFit found better minimum quadopt=(dt=0.024,rms=0.715486) vs oldopt=(dt=0.02,rms=0.715487)
#GCMRL#   84 dt   0.024000 rms  0.715  0.000% neg 0  invalid 762 tFOTS 3.6620 tGradient 0.9250 tsec 4.8980

#GCAMreg# pass 0 level1 0 level2 1 tsec 20.075 sigma 0.5
l_jacobian=1.00 l_label=1.00 l_log_likelihood=0.20 l_smoothness=40.00 
tol=2.50e-01, dt=5.00e-02, exp_k=20.0, momentum=0.90, levels=6, niter=500, lbl_dist=10.00, avgs=0, sigma=0.5,type=2, relabel=0, neg=no

blurring input image with Gaussian with sigma=0.500...
GCAMRegisterLevel(): init RMS 0.715984
#FOTS# QuadFit found better minimum quadopt=(dt=0.007,rms=0.715439) vs oldopt=(dt=0.005,rms=0.715445)
#GCMRL#   86 dt   0.007000 rms  0.715  0.076% neg 0  invalid 762 tFOTS 3.4180 tGradient 0.7910 tsec 4.5040
#FOTS# QuadFit found better minimum quadopt=(dt=0.004,rms=0.715435) vs oldopt=(dt=0.005,rms=0.715435)
#GCMRL#   87 dt   0.004000 rms  0.715  0.000% neg 0  invalid 762 tFOTS 3.3870 tGradient 0.7980 tsec 4.4980
GCAMregister done in 6.90942 min
Starting GCAmapRenormalizeWithAlignment() without scales
renormalizing by structure alignment....
renormalizing input #0
gca peak = 0.10253 (16)
mri peak = 0.19169 ( 7)
Left_Lateral_Ventricle (4): linear fit = 0.31 x + 0.0 (339 voxels, overlap=0.006)
Left_Lateral_Ventricle (4): linear fit = 0.40 x + 0.0 (339 voxels, peak =  5), gca=6.4
gca peak = 0.17690 (16)
mri peak = 0.13793 ( 8)
Right_Lateral_Ventricle (43): linear fit = 0.37 x + 0.0 (400 voxels, overlap=0.060)
Right_Lateral_Ventricle (43): linear fit = 0.40 x + 0.0 (400 voxels, peak =  6), gca=6.4
gca peak = 0.28275 (96)
mri peak = 0.10181 (88)
Right_Pallidum (52): linear fit = 0.90 x + 0.0 (651 voxels, overlap=0.122)
Right_Pallidum (52): linear fit = 0.90 x + 0.0 (651 voxels, peak = 87), gca=86.9
gca peak = 0.18948 (93)
mri peak = 0.07252 (88)
Left_Pallidum (13): linear fit = 0.93 x + 0.0 (543 voxels, overlap=0.577)
Left_Pallidum (13): linear fit = 0.93 x + 0.0 (543 voxels, peak = 86), gca=86.0
gca peak = 0.20755 (55)
mri peak = 0.09848 (56)
Right_Hippocampus (53): linear fit = 1.00 x + 0.0 (671 voxels, overlap=0.998)
Right_Hippocampus (53): linear fit = 1.00 x + 0.0 (671 voxels, peak = 55), gca=55.0
gca peak = 0.31831 (58)
mri peak = 0.17359 (59)
Left_Hippocampus (17): linear fit = 1.00 x + 0.0 (558 voxels, overlap=0.992)
Left_Hippocampus (17): linear fit = 1.00 x + 0.0 (558 voxels, peak = 58), gca=58.0
gca peak = 0.11957 (102)
mri peak = 0.09368 (108)
Right_Cerebral_White_Matter (41): linear fit = 1.07 x + 0.0 (37909 voxels, overlap=0.576)
Right_Cerebral_White_Matter (41): linear fit = 1.07 x + 0.0 (37909 voxels, peak = 109), gca=108.6
gca peak = 0.11429 (102)
mri peak = 0.10300 (110)
Left_Cerebral_White_Matter (2): linear fit = 1.09 x + 0.0 (38616 voxels, overlap=0.157)
Left_Cerebral_White_Matter (2): linear fit = 1.09 x + 0.0 (38616 voxels, peak = 111), gca=110.7
gca peak = 0.14521 (59)
mri peak = 0.05431 (51)
Left_Cerebral_Cortex (3): linear fit = 0.92 x + 0.0 (16313 voxels, overlap=0.833)
Left_Cerebral_Cortex (3): linear fit = 0.92 x + 0.0 (16313 voxels, peak = 54), gca=54.0
gca peak = 0.14336 (58)
mri peak = 0.06364 (56)
Right_Cerebral_Cortex (42): linear fit = 0.94 x + 0.0 (16462 voxels, overlap=0.989)
Right_Cerebral_Cortex (42): linear fit = 0.94 x + 0.0 (16462 voxels, peak = 55), gca=54.8
gca peak = 0.13305 (70)
mri peak = 0.13103 (65)
Right_Caudate (50): linear fit = 0.98 x + 0.0 (553 voxels, overlap=0.871)
Right_Caudate (50): linear fit = 0.98 x + 0.0 (553 voxels, peak = 68), gca=68.2
gca peak = 0.15761 (71)
mri peak = 0.10376 (70)
Left_Caudate (11): linear fit = 0.98 x + 0.0 (661 voxels, overlap=0.835)
Left_Caudate (11): linear fit = 0.98 x + 0.0 (661 voxels, peak = 69), gca=69.2
gca peak = 0.13537 (57)
mri peak = 0.04152 (48)
Left_Cerebellum_Cortex (8): linear fit = 1.02 x + 0.0 (22591 voxels, overlap=0.995)
Left_Cerebellum_Cortex (8): linear fit = 1.02 x + 0.0 (22591 voxels, peak = 58), gca=58.4
gca peak = 0.13487 (56)
mri peak = 0.04608 (48)
Right_Cerebellum_Cortex (47): linear fit = 0.96 x + 0.0 (27206 voxels, overlap=0.994)
Right_Cerebellum_Cortex (47): linear fit = 0.96 x + 0.0 (27206 voxels, peak = 54), gca=54.0
gca peak = 0.19040 (84)
mri peak = 0.05718 (92)
Left_Cerebellum_White_Matter (7): linear fit = 1.09 x + 0.0 (6187 voxels, overlap=0.118)
Left_Cerebellum_White_Matter (7): linear fit = 1.09 x + 0.0 (6187 voxels, peak = 91), gca=91.1
gca peak = 0.18871 (83)
mri peak = 0.08758 (88)
Right_Cerebellum_White_Matter (46): linear fit = 1.05 x + 0.0 (5648 voxels, overlap=0.770)
Right_Cerebellum_White_Matter (46): linear fit = 1.05 x + 0.0 (5648 voxels, peak = 88), gca=87.6
gca peak = 0.24248 (57)
mri peak = 0.10363 (67)
Left_Amygdala (18): linear fit = 1.13 x + 0.0 (286 voxels, overlap=0.418)
Left_Amygdala (18): linear fit = 1.13 x + 0.0 (286 voxels, peak = 65), gca=64.7
gca peak = 0.35833 (56)
mri peak = 0.13603 (60)
Right_Amygdala (54): linear fit = 1.04 x + 0.0 (350 voxels, overlap=1.000)
Right_Amygdala (54): linear fit = 1.04 x + 0.0 (350 voxels, peak = 59), gca=58.5
gca peak = 0.12897 (85)
mri peak = 0.07564 (82)
Left_Thalamus (10): linear fit = 0.95 x + 0.0 (4092 voxels, overlap=0.991)
Left_Thalamus (10): linear fit = 0.95 x + 0.0 (4092 voxels, peak = 81), gca=81.2
gca peak = 0.13127 (83)
mri peak = 0.11796 (81)
Right_Thalamus (49): linear fit = 0.96 x + 0.0 (3202 voxels, overlap=0.864)
Right_Thalamus (49): linear fit = 0.96 x + 0.0 (3202 voxels, peak = 80), gca=80.1
gca peak = 0.12974 (78)
mri peak = 0.09320 (82)
Left_Putamen (12): linear fit = 1.00 x + 0.0 (1710 voxels, overlap=0.981)
Left_Putamen (12): linear fit = 1.00 x + 0.0 (1710 voxels, peak = 78), gca=78.0
gca peak = 0.17796 (79)
mri peak = 0.10085 (73)
Right_Putamen (51): linear fit = 0.94 x + 0.0 (1697 voxels, overlap=0.626)
Right_Putamen (51): linear fit = 0.94 x + 0.0 (1697 voxels, peak = 75), gca=74.7
gca peak = 0.10999 (80)
mri peak = 0.07347 (90)
Brain_Stem (16): linear fit = 1.14 x + 0.0 (7985 voxels, overlap=0.416)
Brain_Stem (16): linear fit = 1.14 x + 0.0 (7985 voxels, peak = 92), gca=91.6
gca peak = 0.13215 (88)
mri peak = 0.09648 (88)
Right_VentralDC (60): linear fit = 1.02 x + 0.0 (643 voxels, overlap=0.726)
Right_VentralDC (60): linear fit = 1.02 x + 0.0 (643 voxels, peak = 90), gca=90.2
gca peak = 0.11941 (89)
mri peak = 0.08072 (91)
Left_VentralDC (28): linear fit = 1.02 x + 0.0 (897 voxels, overlap=0.848)
Left_VentralDC (28): linear fit = 1.02 x + 0.0 (897 voxels, peak = 91), gca=91.2
gca peak = 0.20775 (25)
mri peak = 1.00000 ( 9)
gca peak = 0.13297 (21)
mri peak = 0.06187 (50)
Fourth_Ventricle (15): linear fit = 2.34 x + 0.0 (147 voxels, overlap=0.025)
Fourth_Ventricle (15): linear fit = 2.34 x + 0.0 (147 voxels, peak = 49), gca=49.0
gca peak Unknown = 0.94777 ( 0)
gca peak Left_Inf_Lat_Vent = 0.19087 (28)
gca peak Third_Ventricle = 0.20775 (25)
gca peak Fourth_Ventricle = 0.13297 (21)
gca peak CSF = 0.16821 (33)
gca peak Left_Accumbens_area = 0.32850 (63)
gca peak Left_undetermined = 0.98480 (28)
gca peak Left_vessel = 0.40887 (53)
gca peak Left_choroid_plexus = 0.10898 (46)
gca peak Right_Inf_Lat_Vent = 0.17798 (26)
gca peak Right_Accumbens_area = 0.30137 (64)
gca peak Right_vessel = 0.47828 (52)
gca peak Right_choroid_plexus = 0.11612 (45)
gca peak Fifth_Ventricle = 0.59466 (35)
gca peak WM_hypointensities = 0.10053 (78)
gca peak non_WM_hypointensities = 0.07253 (60)
gca peak Optic_Chiasm = 0.25330 (73)
not using caudate to estimate GM means
estimating mean gm scale to be 1.01 x + 0.0
estimating mean wm scale to be 1.08 x + 0.0
estimating mean csf scale to be 0.40 x + 0.0
saving intensity scales to talairach.label_intensities.txt
GCAmapRenormalizeWithAlignment() took 2.11383 min
noneg pre
Starting GCAMregister()
label assignment complete, 0 changed (0.00%)
npasses = 1, nlevels = 6
#pass# 1 of 1 ************************
enabling zero nodes
setting smoothness cost coefficient to 0.008

#GCAMreg# pass 0 level1 5 level2 0 tsec 0 sigma 2
l_jacobian=1.00 l_label=1.00 l_log_likelihood=0.20 l_smoothness=0.01 
tol=5.00e-02, dt=5.00e-02, exp_k=20.0, momentum=0.90, levels=6, niter=500, lbl_dist=10.00, avgs=256, sigma=2.0,type=2, relabel=0, neg=no

blurring input image with Gaussian with sigma=2.000...
GCAMRegisterLevel(): init RMS 0.784511
#FOTS# QuadFit found better minimum quadopt=(dt=249.151,rms=0.759977) vs oldopt=(dt=369.92,rms=0.764333)
#GCMRL#   89 dt 249.151469 rms  0.760  3.127% neg 0  invalid 762 tFOTS 4.6170 tGradient 2.1320 tsec 7.1210
#FOTS# QuadFit found better minimum quadopt=(dt=154.916,rms=0.754602) vs oldopt=(dt=92.48,rms=0.755799)
#GCMRL#   90 dt 154.915888 rms  0.755  0.707% neg 0  invalid 762 tFOTS 4.7230 tGradient 2.4300 tsec 7.4880
#FOTS# QuadFit found better minimum quadopt=(dt=443.904,rms=0.746219) vs oldopt=(dt=369.92,rms=0.74642)
#GCMRL#   91 dt 443.904000 rms  0.746  1.111% neg 0  invalid 762 tFOTS 4.6470 tGradient 2.5450 tsec 7.5270
#GCMRL#   92 dt  92.480000 rms  0.744  0.357% neg 0  invalid 762 tFOTS 4.3290 tGradient 2.1790 tsec 6.8080
#FOTS# QuadFit found better minimum quadopt=(dt=517.888,rms=0.739492) vs oldopt=(dt=369.92,rms=0.740278)
#GCMRL#   93 dt 517.888000 rms  0.739  0.546% neg 0  invalid 762 tFOTS 4.0810 tGradient 2.0990 tsec 6.4820
#FOTS# QuadFit found better minimum quadopt=(dt=221.952,rms=0.73692) vs oldopt=(dt=369.92,rms=0.737711)
#GCMRL#   94 dt 221.952000 rms  0.737  0.348% neg 0  invalid 762 tFOTS 3.9680 tGradient 2.1080 tsec 6.4060
#FOTS# QuadFit found better minimum quadopt=(dt=110.976,rms=0.736361) vs oldopt=(dt=92.48,rms=0.736363)
#GCMRL#   95 dt 110.976000 rms  0.736  0.076% neg 0  invalid 762 tFOTS 4.0470 tGradient 2.3970 tsec 6.7450
#FOTS# QuadFit found better minimum quadopt=(dt=887.808,rms=0.733168) vs oldopt=(dt=1479.68,rms=0.734041)
#GCMRL#   96 dt 887.808000 rms  0.733  0.434% neg 0  invalid 762 tFOTS 4.2670 tGradient 2.0810 tsec 6.6650
#GCMRL#   97 dt  92.480000 rms  0.732  0.224% neg 0  invalid 762 tFOTS 4.8490 tGradient 2.0450 tsec 7.2710
#FOTS# QuadFit found better minimum quadopt=(dt=2071.55,rms=0.727054) vs oldopt=(dt=1479.68,rms=0.727315)
#GCMRL#   98 dt 2071.552000 rms  0.727  0.612% neg 0  invalid 762 tFOTS 4.5970 tGradient 2.5130 tsec 7.4510
#FOTS# QuadFit found better minimum quadopt=(dt=77.3689,rms=0.724382) vs oldopt=(dt=92.48,rms=0.724413)
#GCMRL#   99 dt  77.368889 rms  0.724  0.368% neg 0  invalid 762 tFOTS 4.2420 tGradient 2.1430 tsec 6.7020
#FOTS# QuadFit found better minimum quadopt=(dt=110.976,rms=0.724069) vs oldopt=(dt=92.48,rms=0.724078)
#GCMRL#  100 dt 110.976000 rms  0.724  0.000% neg 0  invalid 762 tFOTS 4.3690 tGradient 2.1670 tsec 6.9140
#GCMRL#  101 dt 110.976000 rms  0.724  0.031% neg 0  invalid 762 tFOTS 0.0000 tGradient 2.3480 tsec 2.6380
#GCMRL#  102 dt 110.976000 rms  0.723  0.056% neg 0  invalid 762 tFOTS 0.0000 tGradient 2.2830 tsec 2.5970
#GCMRL#  103 dt 110.976000 rms  0.723  0.087% neg 0  invalid 762 tFOTS 0.0000 tGradient 2.1710 tsec 2.4510
#GCMRL#  104 dt 110.976000 rms  0.722  0.121% neg 0  invalid 762 tFOTS 0.0000 tGradient 2.1580 tsec 2.4540
#GCMRL#  105 dt 110.976000 rms  0.721  0.150% neg 0  invalid 762 tFOTS 0.0000 tGradient 2.1530 tsec 2.4490
#GCMRL#  106 dt 110.976000 rms  0.720  0.172% neg 0  invalid 762 tFOTS 0.0000 tGradient 2.1340 tsec 2.4390
#GCMRL#  107 dt 110.976000 rms  0.718  0.176% neg 0  invalid 762 tFOTS 0.0000 tGradient 2.1410 tsec 2.4320
#GCMRL#  108 dt 110.976000 rms  0.717  0.170% neg 0  invalid 762 tFOTS 0.0000 tGradient 2.1630 tsec 2.4510
#GCMRL#  109 dt 110.976000 rms  0.716  0.168% neg 0  invalid 762 tFOTS 0.0000 tGradient 2.2230 tsec 2.4620
#GCMRL#  110 dt 110.976000 rms  0.715  0.175% neg 0  invalid 762 tFOTS 0.0000 tGradient 2.1660 tsec 2.4420
#GCMRL#  111 dt 110.976000 rms  0.713  0.176% neg 0  invalid 762 tFOTS 0.0000 tGradient 2.1530 tsec 2.4170
#GCMRL#  112 dt 110.976000 rms  0.712  0.179% neg 0  invalid 762 tFOTS 0.0000 tGradient 2.3360 tsec 2.6390
#GCMRL#  113 dt 110.976000 rms  0.711  0.178% neg 0  invalid 762 tFOTS 0.0000 tGradient 2.6220 tsec 2.8680
#GCMRL#  114 dt 110.976000 rms  0.710  0.168% neg 0  invalid 762 tFOTS 0.0000 tGradient 2.2240 tsec 2.4690
#GCMRL#  115 dt 110.976000 rms  0.709  0.156% neg 0  invalid 762 tFOTS 0.0000 tGradient 2.1900 tsec 2.4280
#GCMRL#  116 dt 110.976000 rms  0.708  0.147% neg 0  invalid 762 tFOTS 0.0000 tGradient 2.1960 tsec 2.4770
#GCMRL#  117 dt 110.976000 rms  0.707  0.140% neg 0  invalid 762 tFOTS 0.0000 tGradient 2.0760 tsec 2.3030
#GCMRL#  118 dt 110.976000 rms  0.706  0.140% neg 0  invalid 762 tFOTS 0.0000 tGradient 2.1210 tsec 2.4330
#GCMRL#  119 dt 110.976000 rms  0.705  0.130% neg 0  invalid 762 tFOTS 0.0000 tGradient 2.5690 tsec 2.8430
#GCMRL#  120 dt 110.976000 rms  0.704  0.125% neg 0  invalid 762 tFOTS 0.0000 tGradient 2.7050 tsec 3.0020
#GCMRL#  121 dt 110.976000 rms  0.703  0.116% neg 0  invalid 762 tFOTS 0.0000 tGradient 2.7490 tsec 3.0920
#GCMRL#  122 dt 110.976000 rms  0.702  0.108% neg 0  invalid 762 tFOTS 0.0000 tGradient 2.5430 tsec 2.8610
#GCMRL#  123 dt 110.976000 rms  0.701  0.101% neg 0  invalid 762 tFOTS 0.0000 tGradient 2.6070 tsec 2.9390
#GCMRL#  124 dt 110.976000 rms  0.701  0.095% neg 0  invalid 762 tFOTS 0.0000 tGradient 2.5550 tsec 2.8700
#GCMRL#  125 dt 110.976000 rms  0.700  0.090% neg 0  invalid 762 tFOTS 0.0000 tGradient 2.6640 tsec 2.9980
#GCMRL#  126 dt 110.976000 rms  0.700  0.086% neg 0  invalid 762 tFOTS 0.0000 tGradient 2.6490 tsec 2.9670
#GCMRL#  127 dt 110.976000 rms  0.699  0.082% neg 0  invalid 762 tFOTS 0.0000 tGradient 2.6120 tsec 2.9460
#GCMRL#  128 dt 110.976000 rms  0.698  0.082% neg 0  invalid 762 tFOTS 0.0000 tGradient 2.6290 tsec 2.9280
#GCMRL#  129 dt 110.976000 rms  0.698  0.077% neg 0  invalid 762 tFOTS 0.0000 tGradient 2.6760 tsec 2.9830
#GCMRL#  130 dt 110.976000 rms  0.697  0.078% neg 0  invalid 762 tFOTS 0.0000 tGradient 2.5990 tsec 2.9520
#GCMRL#  131 dt 110.976000 rms  0.697  0.075% neg 0  invalid 762 tFOTS 0.0000 tGradient 2.3070 tsec 2.5860
#GCMRL#  132 dt 110.976000 rms  0.696  0.072% neg 0  invalid 762 tFOTS 0.0000 tGradient 2.2520 tsec 2.5450
#GCMRL#  133 dt 110.976000 rms  0.696  0.070% neg 0  invalid 762 tFOTS 0.0000 tGradient 2.3290 tsec 2.6340
#GCMRL#  134 dt 110.976000 rms  0.695  0.067% neg 0  invalid 762 tFOTS 0.0000 tGradient 2.1990 tsec 2.5080
#GCMRL#  135 dt 110.976000 rms  0.695  0.064% neg 0  invalid 762 tFOTS 0.0000 tGradient 2.2340 tsec 2.5370
#GCMRL#  136 dt 110.976000 rms  0.694  0.061% neg 0  invalid 762 tFOTS 0.0000 tGradient 2.4000 tsec 2.6910
#GCMRL#  137 dt 110.976000 rms  0.694  0.060% neg 0  invalid 762 tFOTS 0.0000 tGradient 2.3230 tsec 2.6270
#GCMRL#  138 dt 110.976000 rms  0.694  0.056% neg 0  invalid 762 tFOTS 0.0000 tGradient 2.3240 tsec 2.6210
#GCMRL#  139 dt 110.976000 rms  0.693  0.052% neg 0  invalid 762 tFOTS 0.0000 tGradient 2.2720 tsec 2.5690
#GCMRL#  140 dt 110.976000 rms  0.693  0.050% neg 0  invalid 762 tFOTS 0.0000 tGradient 2.2780 tsec 2.5530
#GCMRL#  141 dt 110.976000 rms  0.693  0.054% neg 0  invalid 762 tFOTS 0.0000 tGradient 2.3380 tsec 2.6400
#GCMRL#  142 dt 110.976000 rms  0.692  0.053% neg 0  invalid 762 tFOTS 0.0000 tGradient 2.3530 tsec 2.6250
#GCMRL#  143 dt 110.976000 rms  0.692  0.050% neg 0  invalid 762 tFOTS 0.0000 tGradient 2.2050 tsec 2.4870
#GCMRL#  144 dt 110.976000 rms  0.692  0.049% neg 0  invalid 762 tFOTS 0.0000 tGradient 2.1580 tsec 2.4410
#GCMRL#  145 dt 110.976000 rms  0.691  0.049% neg 0  invalid 762 tFOTS 0.0000 tGradient 2.1640 tsec 2.4520
#GCMRL#  146 dt 110.976000 rms  0.691  0.049% neg 0  invalid 762 tFOTS 0.0000 tGradient 2.2050 tsec 2.4790
#GCMRL#  147 dt 110.976000 rms  0.690  0.050% neg 0  invalid 762 tFOTS 0.0000 tGradient 2.4310 tsec 2.6720
#GCMRL#  148 dt 110.976000 rms  0.690  0.049% neg 0  invalid 762 tFOTS 0.0000 tGradient 2.2300 tsec 2.4640
#GCMRL#  149 dt 110.976000 rms  0.690  0.047% neg 0  invalid 762 tFOTS 0.0000 tGradient 2.1630 tsec 2.3890
#GCMRL#  150 dt 110.976000 rms  0.690  0.045% neg 0  invalid 762 tFOTS 0.0000 tGradient 2.0940 tsec 2.3170
#GCMRL#  151 dt 110.976000 rms  0.689  0.047% neg 0  invalid 762 tFOTS 0.0000 tGradient 2.2320 tsec 2.4630
#GCMRL#  152 dt 110.976000 rms  0.689  0.044% neg 0  invalid 762 tFOTS 0.0000 tGradient 2.2350 tsec 2.4880
#GCMRL#  153 dt 110.976000 rms  0.689  0.042% neg 0  invalid 762 tFOTS 0.0000 tGradient 2.1600 tsec 2.3810
#GCMRL#  154 dt 110.976000 rms  0.688  0.040% neg 0  invalid 762 tFOTS 0.0000 tGradient 2.1720 tsec 2.4220
#GCMRL#  155 dt 110.976000 rms  0.688  0.039% neg 0  invalid 762 tFOTS 0.0000 tGradient 2.1180 tsec 2.3660
#GCMRL#  156 dt 110.976000 rms  0.688  0.039% neg 0  invalid 762 tFOTS 0.0000 tGradient 2.2100 tsec 2.4750
#GCMRL#  157 dt 110.976000 rms  0.688  0.039% neg 0  invalid 762 tFOTS 0.0000 tGradient 2.2120 tsec 2.4870
#GCMRL#  158 dt 110.976000 rms  0.687  0.039% neg 0  invalid 762 tFOTS 0.0000 tGradient 2.3160 tsec 2.5940
#GCMRL#  159 dt 110.976000 rms  0.687  0.037% neg 0  invalid 762 tFOTS 0.0000 tGradient 2.2750 tsec 2.5490
#GCMRL#  160 dt 110.976000 rms  0.687  0.036% neg 0  invalid 762 tFOTS 0.0000 tGradient 2.2960 tsec 2.6310
#GCMRL#  161 dt 110.976000 rms  0.687  0.038% neg 0  invalid 762 tFOTS 0.0000 tGradient 2.7060 tsec 3.0260
#GCMRL#  162 dt 110.976000 rms  0.686  0.038% neg 0  invalid 762 tFOTS 0.0000 tGradient 2.6790 tsec 3.0480
#GCMRL#  163 dt 110.976000 rms  0.686  0.036% neg 0  invalid 762 tFOTS 0.0000 tGradient 2.7890 tsec 3.0930
#GCMRL#  164 dt 110.976000 rms  0.686  0.035% neg 0  invalid 762 tFOTS 0.0000 tGradient 2.6110 tsec 2.9380
#GCMRL#  165 dt 110.976000 rms  0.686  0.034% neg 0  invalid 762 tFOTS 0.0000 tGradient 2.6170 tsec 2.9630
#GCMRL#  166 dt 110.976000 rms  0.685  0.035% neg 0  invalid 762 tFOTS 0.0000 tGradient 2.5770 tsec 2.9420
#GCMRL#  167 dt 110.976000 rms  0.685  0.033% neg 0  invalid 762 tFOTS 0.0000 tGradient 2.5580 tsec 2.8970
#GCMRL#  168 dt 110.976000 rms  0.685  0.033% neg 0  invalid 762 tFOTS 0.0000 tGradient 2.5920 tsec 2.9460
#GCMRL#  169 dt 110.976000 rms  0.685  0.031% neg 0  invalid 762 tFOTS 0.0000 tGradient 2.5420 tsec 2.9010
#GCMRL#  170 dt 110.976000 rms  0.684  0.031% neg 0  invalid 762 tFOTS 0.0000 tGradient 2.5970 tsec 2.9200
#GCMRL#  171 dt 110.976000 rms  0.684  0.032% neg 0  invalid 762 tFOTS 0.0000 tGradient 2.6630 tsec 2.9970
#GCMRL#  172 dt 110.976000 rms  0.684  0.031% neg 0  invalid 762 tFOTS 0.0000 tGradient 2.6710 tsec 3.0370
#GCMRL#  173 dt 110.976000 rms  0.684  0.028% neg 0  invalid 762 tFOTS 0.0000 tGradient 2.8330 tsec 3.2050
#GCMRL#  174 dt 110.976000 rms  0.684  0.026% neg 0  invalid 762 tFOTS 0.0000 tGradient 2.7190 tsec 3.0670
#GCMRL#  175 dt 110.976000 rms  0.683  0.025% neg 0  invalid 762 tFOTS 0.0000 tGradient 2.5930 tsec 2.9660
#GCMRL#  176 dt 110.976000 rms  0.683  0.026% neg 0  invalid 762 tFOTS 0.0000 tGradient 2.5540 tsec 2.9120
#GCMRL#  177 dt 110.976000 rms  0.683  0.025% neg 0  invalid 762 tFOTS 0.0000 tGradient 2.9460 tsec 3.2430
#GCMRL#  178 dt 110.976000 rms  0.683  0.024% neg 0  invalid 762 tFOTS 0.0000 tGradient 2.9750 tsec 3.2980
#GCMRL#  179 dt 110.976000 rms  0.683  0.025% neg 0  invalid 762 tFOTS 0.0000 tGradient 2.9610 tsec 3.2950
#GCMRL#  180 dt 110.976000 rms  0.683  0.025% neg 0  invalid 762 tFOTS 0.0000 tGradient 3.1950 tsec 3.5680
#GCMRL#  181 dt 110.976000 rms  0.682  0.026% neg 0  invalid 762 tFOTS 0.0000 tGradient 2.8880 tsec 3.1990
#GCMRL#  182 dt 110.976000 rms  0.682  0.026% neg 0  invalid 762 tFOTS 0.0000 tGradient 2.9130 tsec 3.2140
#GCMRL#  183 dt 110.976000 rms  0.682  0.024% neg 0  invalid 762 tFOTS 0.0000 tGradient 2.9200 tsec 3.2280
#GCMRL#  184 dt 110.976000 rms  0.682  0.021% neg 0  invalid 762 tFOTS 0.0000 tGradient 2.1750 tsec 2.4740
#FOTS# QuadFit found better minimum quadopt=(dt=2071.55,rms=0.681763) vs oldopt=(dt=1479.68,rms=0.681786)
#GCMRL#  185 dt 2071.552000 rms  0.682  0.021% neg 0  invalid 762 tFOTS 4.0370 tGradient 2.3220 tsec 6.6650
#GCMRL#  186 dt  92.480000 rms  0.682  0.000% neg 0  invalid 762 tFOTS 4.0260 tGradient 2.1380 tsec 6.4940
#GCMRL#  187 dt  92.480000 rms  0.682  0.006% neg 0  invalid 762 tFOTS 0.0000 tGradient 2.1440 tsec 2.4220
#GCMRL#  188 dt  92.480000 rms  0.682  0.007% neg 0  invalid 762 tFOTS 0.0000 tGradient 2.1350 tsec 2.4280
#GCMRL#  189 dt  92.480000 rms  0.682  0.008% neg 0  invalid 762 tFOTS 0.0000 tGradient 2.0390 tsec 2.3080
#GCMRL#  190 dt  92.480000 rms  0.682  0.008% neg 0  invalid 762 tFOTS 0.0000 tGradient 2.1560 tsec 2.4270

#GCAMreg# pass 0 level1 5 level2 1 tsec 346.309 sigma 0.5
l_jacobian=1.00 l_label=1.00 l_log_likelihood=0.20 l_smoothness=0.01 
tol=5.00e-02, dt=5.00e-02, exp_k=20.0, momentum=0.90, levels=6, niter=500, lbl_dist=10.00, avgs=256, sigma=0.5,type=2, relabel=0, neg=no

blurring input image with Gaussian with sigma=0.500...
GCAMRegisterLevel(): init RMS 0.68249
#FOTS# QuadFit found better minimum quadopt=(dt=295.936,rms=0.680611) vs oldopt=(dt=369.92,rms=0.680631)
#GCMRL#  192 dt 295.936000 rms  0.681  0.275% neg 0  invalid 762 tFOTS 3.6740 tGradient 2.1620 tsec 6.1500
#FOTS# QuadFit found better minimum quadopt=(dt=129.472,rms=0.680371) vs oldopt=(dt=92.48,rms=0.680411)
#GCMRL#  193 dt 129.472000 rms  0.680  0.000% neg 0  invalid 762 tFOTS 3.3780 tGradient 2.1600 tsec 5.8400
#GCMRL#  194 dt 129.472000 rms  0.680  0.008% neg 0  invalid 762 tFOTS 0.0000 tGradient 2.1700 tsec 2.4110
#GCMRL#  195 dt 129.472000 rms  0.680  0.020% neg 0  invalid 762 tFOTS 0.0000 tGradient 2.1820 tsec 2.4330
#GCMRL#  196 dt 129.472000 rms  0.680  0.028% neg 0  invalid 762 tFOTS 0.0000 tGradient 2.1680 tsec 2.4100
#GCMRL#  197 dt 129.472000 rms  0.680  0.027% neg 0  invalid 762 tFOTS 0.0000 tGradient 2.0690 tsec 2.3090
#GCMRL#  198 dt 129.472000 rms  0.680  0.024% neg 0  invalid 762 tFOTS 0.0000 tGradient 2.1340 tsec 2.3800
#GCMRL#  199 dt 129.472000 rms  0.680  0.019% neg 0  invalid 762 tFOTS 0.0000 tGradient 2.2110 tsec 2.4740
#FOTS# QuadFit found better minimum quadopt=(dt=517.888,rms=0.679393) vs oldopt=(dt=369.92,rms=0.679419)
#GCMRL#  200 dt 517.888000 rms  0.679  0.000% neg 0  invalid 762 tFOTS 3.8660 tGradient 2.2950 tsec 6.5670
#GCMRL#  201 dt 517.888000 rms  0.679  0.012% neg 0  invalid 762 tFOTS 0.0000 tGradient 2.4800 tsec 2.8530
setting smoothness cost coefficient to 0.031

#GCAMreg# pass 0 level1 4 level2 0 tsec 0 sigma 2
l_jacobian=1.00 l_label=1.00 l_log_likelihood=0.20 l_smoothness=0.03 
tol=5.00e-02, dt=5.00e-02, exp_k=20.0, momentum=0.90, levels=6, niter=500, lbl_dist=10.00, avgs=64, sigma=2.0,type=2, relabel=0, neg=no

blurring input image with Gaussian with sigma=2.000...
GCAMRegisterLevel(): init RMS 0.682635
#FOTS# QuadFit found better minimum quadopt=(dt=173.576,rms=0.674283) vs oldopt=(dt=103.68,rms=0.675372)
#GCMRL#  203 dt 173.575758 rms  0.674  1.224% neg 0  invalid 762 tFOTS 4.3060 tGradient 1.9820 tsec 6.6660
#FOTS# QuadFit found better minimum quadopt=(dt=112.64,rms=0.665522) vs oldopt=(dt=103.68,rms=0.665574)
#GCMRL#  204 dt 112.640000 rms  0.666  1.299% neg 0  invalid 762 tFOTS 4.4430 tGradient 1.9880 tsec 6.8200
#FOTS# QuadFit found better minimum quadopt=(dt=66.3097,rms=0.66144) vs oldopt=(dt=103.68,rms=0.662562)
#GCMRL#  205 dt  66.309662 rms  0.661  0.613% neg 0  invalid 762 tFOTS 4.4910 tGradient 1.9930 tsec 6.9360
#FOTS# QuadFit found better minimum quadopt=(dt=145.152,rms=0.655932) vs oldopt=(dt=103.68,rms=0.657026)
#GCMRL#  206 dt 145.152000 rms  0.656  0.833% neg 0  invalid 762 tFOTS 4.5650 tGradient 2.3170 tsec 7.2180
#FOTS# QuadFit found better minimum quadopt=(dt=73.6711,rms=0.653148) vs oldopt=(dt=103.68,rms=0.653552)
#GCMRL#  207 dt  73.671111 rms  0.653  0.424% neg 0  invalid 762 tFOTS 4.4610 tGradient 2.1600 tsec 6.9510
#FOTS# QuadFit found better minimum quadopt=(dt=167.619,rms=0.648808) vs oldopt=(dt=103.68,rms=0.64934)
#GCMRL#  208 dt 167.619048 rms  0.649  0.665% neg 0  invalid 762 tFOTS 4.1710 tGradient 1.9250 tsec 6.4480
#FOTS# QuadFit found better minimum quadopt=(dt=59.661,rms=0.645967) vs oldopt=(dt=25.92,rms=0.646609)
#GCMRL#  209 dt  59.661017 rms  0.646  0.438% neg 0  invalid 762 tFOTS 4.2570 tGradient 1.9650 tsec 6.5610
#FOTS# QuadFit found better minimum quadopt=(dt=145.152,rms=0.642159) vs oldopt=(dt=103.68,rms=0.642856)
#GCMRL#  210 dt 145.152000 rms  0.642  0.589% neg 0  invalid 762 tFOTS 3.9750 tGradient 1.8410 tsec 6.1460
#FOTS# QuadFit found better minimum quadopt=(dt=36.288,rms=0.640988) vs oldopt=(dt=25.92,rms=0.641207)
#GCMRL#  211 dt  36.288000 rms  0.641  0.182% neg 0  invalid 762 tFOTS 4.2590 tGradient 1.8400 tsec 6.4510
#FOTS# QuadFit found better minimum quadopt=(dt=497.664,rms=0.635621) vs oldopt=(dt=414.72,rms=0.635842)
#GCMRL#  212 dt 497.664000 rms  0.636  0.837% neg 0  invalid 762 tFOTS 4.1720 tGradient 1.8100 tsec 6.3250
#FOTS# QuadFit found better minimum quadopt=(dt=67.5122,rms=0.630697) vs oldopt=(dt=25.92,rms=0.632241)
#GCMRL#  213 dt  67.512195 rms  0.631  0.775% neg 0  invalid 762 tFOTS 4.5670 tGradient 1.7170 tsec 6.6650
#FOTS# QuadFit found better minimum quadopt=(dt=36.288,rms=0.629961) vs oldopt=(dt=25.92,rms=0.630065)
#GCMRL#  214 dt  36.288000 rms  0.630  0.117% neg 0  invalid 762 tFOTS 4.3210 tGradient 1.8050 tsec 6.4990
#GCMRL#  215 dt 414.720000 rms  0.628  0.356% neg 0  invalid 762 tFOTS 4.4870 tGradient 2.0350 tsec 6.8690
#FOTS# QuadFit found better minimum quadopt=(dt=36.288,rms=0.625216) vs oldopt=(dt=25.92,rms=0.625733)
#GCMRL#  216 dt  36.288000 rms  0.625  0.399% neg 0  invalid 762 tFOTS 4.5660 tGradient 1.7240 tsec 6.6140
#FOTS# QuadFit found better minimum quadopt=(dt=145.152,rms=0.623761) vs oldopt=(dt=103.68,rms=0.623996)
#GCMRL#  217 dt 145.152000 rms  0.624  0.233% neg 0  invalid 762 tFOTS 4.1030 tGradient 1.6810 tsec 6.1170
#FOTS# QuadFit found better minimum quadopt=(dt=36.288,rms=0.623334) vs oldopt=(dt=25.92,rms=0.623402)
#GCMRL#  218 dt  36.288000 rms  0.623  0.068% neg 0  invalid 762 tFOTS 4.2860 tGradient 1.6840 tsec 6.2860
#FOTS# QuadFit found better minimum quadopt=(dt=497.664,rms=0.62152) vs oldopt=(dt=414.72,rms=0.621542)
#GCMRL#  219 dt 497.664000 rms  0.622  0.291% neg 0  invalid 762 tFOTS 4.2330 tGradient 1.7680 tsec 6.3080
#FOTS# QuadFit found better minimum quadopt=(dt=36.288,rms=0.619383) vs oldopt=(dt=25.92,rms=0.619815)
#GCMRL#  220 dt  36.288000 rms  0.619  0.344% neg 0  invalid 762 tFOTS 4.3820 tGradient 1.6950 tsec 6.4010
#FOTS# QuadFit found better minimum quadopt=(dt=145.152,rms=0.618356) vs oldopt=(dt=103.68,rms=0.618485)
#GCMRL#  221 dt 145.152000 rms  0.618  0.166% neg 0  invalid 762 tFOTS 4.3390 tGradient 1.7050 tsec 6.3710
#FOTS# QuadFit found better minimum quadopt=(dt=36.288,rms=0.617985) vs oldopt=(dt=25.92,rms=0.618042)
#GCMRL#  222 dt  36.288000 rms  0.618  0.060% neg 0  invalid 762 tFOTS 4.4200 tGradient 1.7900 tsec 6.5340
#GCMRL#  223 dt 414.720000 rms  0.617  0.180% neg 0  invalid 762 tFOTS 4.6480 tGradient 1.8000 tsec 6.8200
#FOTS# QuadFit found better minimum quadopt=(dt=36.288,rms=0.615526) vs oldopt=(dt=25.92,rms=0.615806)
#GCMRL#  224 dt  36.288000 rms  0.616  0.219% neg 0  invalid 762 tFOTS 4.6820 tGradient 2.1250 tsec 7.1330
#FOTS# QuadFit found better minimum quadopt=(dt=145.152,rms=0.614808) vs oldopt=(dt=103.68,rms=0.614879)
#GCMRL#  225 dt 145.152000 rms  0.615  0.117% neg 0  invalid 762 tFOTS 3.3890 tGradient 1.8460 tsec 5.5050
#FOTS# QuadFit found better minimum quadopt=(dt=36.288,rms=0.614483) vs oldopt=(dt=25.92,rms=0.614541)
#GCMRL#  226 dt  36.288000 rms  0.614  0.053% neg 0  invalid 762 tFOTS 3.2260 tGradient 1.7000 tsec 5.1790
#GCMRL#  227 dt 414.720000 rms  0.613  0.188% neg 0  invalid 762 tFOTS 3.1350 tGradient 1.6330 tsec 5.0190
#FOTS# QuadFit found better minimum quadopt=(dt=36.288,rms=0.612413) vs oldopt=(dt=25.92,rms=0.612606)
#GCMRL#  228 dt  36.288000 rms  0.612  0.149% neg 0  invalid 762 tFOTS 3.6330 tGradient 1.6680 tsec 5.6090
#FOTS# QuadFit found better minimum quadopt=(dt=145.152,rms=0.611879) vs oldopt=(dt=103.68,rms=0.611939)
#GCMRL#  229 dt 145.152000 rms  0.612  0.087% neg 0  invalid 762 tFOTS 3.5010 tGradient 1.8630 tsec 5.7110
#FOTS# QuadFit found better minimum quadopt=(dt=36.288,rms=0.611639) vs oldopt=(dt=25.92,rms=0.611689)
#GCMRL#  230 dt  36.288000 rms  0.612  0.000% neg 0  invalid 762 tFOTS 4.6640 tGradient 2.0930 tsec 7.1470
#GCMRL#  231 dt  36.288000 rms  0.611  0.030% neg 0  invalid 762 tFOTS 0.0000 tGradient 2.0280 tsec 2.3750
#GCMRL#  232 dt  36.288000 rms  0.611  0.048% neg 0  invalid 762 tFOTS 0.0000 tGradient 2.0590 tsec 2.3810
#GCMRL#  233 dt  36.288000 rms  0.611  0.064% neg 0  invalid 762 tFOTS 0.0000 tGradient 2.1380 tsec 2.5330
#GCMRL#  234 dt  36.288000 rms  0.610  0.081% neg 0  invalid 762 tFOTS 0.0000 tGradient 2.1830 tsec 2.5530
#GCMRL#  235 dt  36.288000 rms  0.610  0.093% neg 0  invalid 762 tFOTS 0.0000 tGradient 2.2410 tsec 2.6420
#GCMRL#  236 dt  36.288000 rms  0.609  0.099% neg 0  invalid 762 tFOTS 0.0000 tGradient 2.4310 tsec 2.8410
#GCMRL#  237 dt  36.288000 rms  0.608  0.106% neg 0  invalid 762 tFOTS 0.0000 tGradient 2.3510 tsec 2.7640
#GCMRL#  238 dt  36.288000 rms  0.608  0.112% neg 0  invalid 762 tFOTS 0.0000 tGradient 2.4700 tsec 2.8830
#GCMRL#  239 dt  36.288000 rms  0.607  0.118% neg 0  invalid 762 tFOTS 0.0000 tGradient 2.4670 tsec 2.8780
#GCMRL#  240 dt  36.288000 rms  0.606  0.122% neg 0  invalid 762 tFOTS 0.0000 tGradient 2.4290 tsec 2.8160
#GCMRL#  241 dt  36.288000 rms  0.606  0.122% neg 0  invalid 762 tFOTS 0.0000 tGradient 2.1590 tsec 2.5350
#GCMRL#  242 dt  36.288000 rms  0.605  0.119% neg 0  invalid 762 tFOTS 0.0000 tGradient 2.1590 tsec 2.5250
#GCMRL#  243 dt  36.288000 rms  0.604  0.121% neg 0  invalid 762 tFOTS 0.0000 tGradient 2.2180 tsec 2.5820
#GCMRL#  244 dt  36.288000 rms  0.603  0.116% neg 0  invalid 762 tFOTS 0.0000 tGradient 2.2650 tsec 2.6330
#GCMRL#  245 dt  36.288000 rms  0.603  0.116% neg 0  invalid 762 tFOTS 0.0000 tGradient 2.1910 tsec 2.5630
#GCMRL#  246 dt  36.288000 rms  0.602  0.112% neg 0  invalid 762 tFOTS 0.0000 tGradient 2.1800 tsec 2.5660
#GCMRL#  247 dt  36.288000 rms  0.601  0.113% neg 0  invalid 762 tFOTS 0.0000 tGradient 2.2090 tsec 2.5700
#GCMRL#  248 dt  36.288000 rms  0.601  0.107% neg 0  invalid 762 tFOTS 0.0000 tGradient 2.4090 tsec 2.7610
#GCMRL#  249 dt  36.288000 rms  0.600  0.100% neg 0  invalid 762 tFOTS 0.0000 tGradient 2.3640 tsec 2.6970
#GCMRL#  250 dt  36.288000 rms  0.600  0.095% neg 0  invalid 762 tFOTS 0.0000 tGradient 2.2560 tsec 2.5990
#GCMRL#  251 dt  36.288000 rms  0.599  0.091% neg 0  invalid 762 tFOTS 0.0000 tGradient 2.1960 tsec 2.5500
#GCMRL#  252 dt  36.288000 rms  0.599  0.085% neg 0  invalid 762 tFOTS 0.0000 tGradient 2.0680 tsec 2.4290
#GCMRL#  253 dt  36.288000 rms  0.598  0.086% neg 0  invalid 762 tFOTS 0.0000 tGradient 2.0130 tsec 2.3530
#GCMRL#  254 dt  36.288000 rms  0.598  0.081% neg 0  invalid 762 tFOTS 0.0000 tGradient 1.9870 tsec 2.3460
#GCMRL#  255 dt  36.288000 rms  0.597  0.082% neg 0  invalid 762 tFOTS 0.0000 tGradient 1.9900 tsec 2.3650
#GCMRL#  256 dt  36.288000 rms  0.597  0.085% neg 0  invalid 762 tFOTS 0.0000 tGradient 1.9850 tsec 2.3120
#GCMRL#  257 dt  36.288000 rms  0.596  0.078% neg 0  invalid 762 tFOTS 0.0000 tGradient 2.0440 tsec 2.4430
#GCMRL#  258 dt  36.288000 rms  0.596  0.080% neg 0  invalid 762 tFOTS 0.0000 tGradient 1.9900 tsec 2.3400
#GCMRL#  259 dt  36.288000 rms  0.595  0.076% neg 0  invalid 762 tFOTS 0.0000 tGradient 1.9480 tsec 2.2770
#GCMRL#  260 dt  36.288000 rms  0.595  0.070% neg 0  invalid 762 tFOTS 0.0000 tGradient 1.9540 tsec 2.3030
#GCMRL#  261 dt  36.288000 rms  0.594  0.067% neg 0  invalid 762 tFOTS 0.0000 tGradient 1.9570 tsec 2.2910
#GCMRL#  262 dt  36.288000 rms  0.594  0.064% neg 0  invalid 762 tFOTS 0.0000 tGradient 1.9440 tsec 2.2790
#GCMRL#  263 dt  36.288000 rms  0.594  0.063% neg 0  invalid 762 tFOTS 0.0000 tGradient 1.9670 tsec 2.3000
#GCMRL#  264 dt  36.288000 rms  0.593  0.070% neg 0  invalid 762 tFOTS 0.0000 tGradient 2.0220 tsec 2.3630
#GCMRL#  265 dt  36.288000 rms  0.593  0.069% neg 0  invalid 762 tFOTS 0.0000 tGradient 1.7620 tsec 2.0730
#GCMRL#  266 dt  36.288000 rms  0.592  0.066% neg 0  invalid 762 tFOTS 0.0000 tGradient 1.8030 tsec 2.1170
#GCMRL#  267 dt  36.288000 rms  0.592  0.056% neg 0  invalid 762 tFOTS 0.0000 tGradient 1.8450 tsec 2.1690
#GCMRL#  268 dt  36.288000 rms  0.592  0.054% neg 0  invalid 762 tFOTS 0.0000 tGradient 1.7280 tsec 2.0060
#GCMRL#  269 dt  36.288000 rms  0.591  0.056% neg 0  invalid 762 tFOTS 0.0000 tGradient 1.7670 tsec 2.0690
#GCMRL#  270 dt  36.288000 rms  0.591  0.058% neg 0  invalid 762 tFOTS 0.0000 tGradient 1.7460 tsec 2.0550
#GCMRL#  271 dt  36.288000 rms  0.591  0.056% neg 0  invalid 762 tFOTS 0.0000 tGradient 1.7460 tsec 2.0630
#GCMRL#  272 dt  36.288000 rms  0.590  0.057% neg 0  invalid 762 tFOTS 0.0000 tGradient 1.7410 tsec 2.0580
#GCMRL#  273 dt  36.288000 rms  0.590  0.055% neg 0  invalid 762 tFOTS 0.0000 tGradient 1.7660 tsec 2.0660
#GCMRL#  274 dt  36.288000 rms  0.590  0.053% neg 0  invalid 762 tFOTS 0.0000 tGradient 1.7390 tsec 2.0430
#GCMRL#  275 dt  36.288000 rms  0.589  0.050% neg 0  invalid 762 tFOTS 0.0000 tGradient 1.7830 tsec 2.1020
#GCMRL#  276 dt  36.288000 rms  0.589  0.049% neg 0  invalid 762 tFOTS 0.0000 tGradient 1.7640 tsec 2.0660
#GCMRL#  277 dt  36.288000 rms  0.589  0.047% neg 0  invalid 762 tFOTS 0.0000 tGradient 1.7250 tsec 2.0310
#GCMRL#  278 dt  36.288000 rms  0.589  0.047% neg 0  invalid 762 tFOTS 0.0000 tGradient 1.8090 tsec 2.1140
#GCMRL#  279 dt  36.288000 rms  0.588  0.045% neg 0  invalid 762 tFOTS 0.0000 tGradient 1.7480 tsec 2.0650
#GCMRL#  280 dt  36.288000 rms  0.588  0.042% neg 0  invalid 762 tFOTS 0.0000 tGradient 1.7320 tsec 2.0450
#GCMRL#  281 dt  36.288000 rms  0.588  0.040% neg 0  invalid 762 tFOTS 0.0000 tGradient 1.7760 tsec 2.0840
#GCMRL#  282 dt  36.288000 rms  0.588  0.038% neg 0  invalid 762 tFOTS 0.0000 tGradient 1.7530 tsec 2.0640
#GCMRL#  283 dt  36.288000 rms  0.587  0.037% neg 0  invalid 762 tFOTS 0.0000 tGradient 1.7710 tsec 2.0760
#GCMRL#  284 dt  36.288000 rms  0.587  0.038% neg 0  invalid 762 tFOTS 0.0000 tGradient 1.6840 tsec 1.9810
#GCMRL#  285 dt  36.288000 rms  0.587  0.039% neg 0  invalid 762 tFOTS 0.0000 tGradient 1.7500 tsec 2.0520
#GCMRL#  286 dt  36.288000 rms  0.587  0.039% neg 0  invalid 762 tFOTS 0.0000 tGradient 1.7950 tsec 2.1190
#GCMRL#  287 dt  36.288000 rms  0.586  0.036% neg 0  invalid 762 tFOTS 0.0000 tGradient 1.7640 tsec 2.0910
#GCMRL#  288 dt  36.288000 rms  0.586  0.032% neg 0  invalid 762 tFOTS 0.0000 tGradient 1.7220 tsec 2.0280
#GCMRL#  289 dt  36.288000 rms  0.586  0.031% neg 0  invalid 762 tFOTS 0.0000 tGradient 1.7630 tsec 2.0740
#GCMRL#  290 dt  36.288000 rms  0.586  0.031% neg 0  invalid 762 tFOTS 0.0000 tGradient 1.8140 tsec 2.1180
#GCMRL#  291 dt  36.288000 rms  0.586  0.031% neg 0  invalid 762 tFOTS 0.0000 tGradient 1.7940 tsec 2.1010
#GCMRL#  292 dt  36.288000 rms  0.586  0.033% neg 0  invalid 762 tFOTS 0.0000 tGradient 1.7770 tsec 2.0830
#GCMRL#  293 dt  36.288000 rms  0.585  0.033% neg 0  invalid 762 tFOTS 0.0000 tGradient 1.7340 tsec 2.0340
#GCMRL#  294 dt  36.288000 rms  0.585  0.033% neg 0  invalid 762 tFOTS 0.0000 tGradient 1.7640 tsec 2.0770
#GCMRL#  295 dt  36.288000 rms  0.585  0.029% neg 0  invalid 762 tFOTS 0.0000 tGradient 1.8080 tsec 2.1140
#GCMRL#  296 dt  36.288000 rms  0.585  0.029% neg 0  invalid 762 tFOTS 0.0000 tGradient 1.8190 tsec 2.1420
#GCMRL#  297 dt  36.288000 rms  0.585  0.029% neg 0  invalid 762 tFOTS 0.0000 tGradient 1.8320 tsec 2.1170
#GCMRL#  298 dt  36.288000 rms  0.585  0.027% neg 0  invalid 762 tFOTS 0.0000 tGradient 1.8580 tsec 2.1380
#GCMRL#  299 dt  36.288000 rms  0.584  0.030% neg 0  invalid 762 tFOTS 0.0000 tGradient 1.7520 tsec 2.0280
#GCMRL#  300 dt  36.288000 rms  0.584  0.030% neg 0  invalid 762 tFOTS 0.0000 tGradient 1.7270 tsec 2.0290
#GCMRL#  301 dt  36.288000 rms  0.584  0.032% neg 0  invalid 762 tFOTS 0.0000 tGradient 1.7220 tsec 2.0120
#GCMRL#  302 dt  36.288000 rms  0.584  0.026% neg 0  invalid 762 tFOTS 0.0000 tGradient 1.7380 tsec 2.0350
#GCMRL#  303 dt  36.288000 rms  0.584  0.028% neg 0  invalid 762 tFOTS 0.0000 tGradient 1.6530 tsec 1.9170
#GCMRL#  304 dt  36.288000 rms  0.583  0.029% neg 0  invalid 762 tFOTS 0.0000 tGradient 1.7080 tsec 1.9730
#GCMRL#  305 dt  36.288000 rms  0.583  0.025% neg 0  invalid 762 tFOTS 0.0000 tGradient 1.7510 tsec 2.0380
#GCMRL#  306 dt  36.288000 rms  0.583  0.026% neg 0  invalid 762 tFOTS 0.0000 tGradient 1.7140 tsec 1.9910
#GCMRL#  307 dt  36.288000 rms  0.583  0.023% neg 0  invalid 762 tFOTS 0.0000 tGradient 1.7630 tsec 2.0480
#GCMRL#  308 dt  36.288000 rms  0.583  0.025% neg 0  invalid 762 tFOTS 0.0000 tGradient 1.8410 tsec 2.1270
#GCMRL#  309 dt  36.288000 rms  0.583  0.022% neg 0  invalid 762 tFOTS 0.0000 tGradient 1.6590 tsec 1.9510
#FOTS# QuadFit found better minimum quadopt=(dt=995.328,rms=0.582496) vs oldopt=(dt=1658.88,rms=0.582589)
#GCMRL#  310 dt 995.328000 rms  0.582  0.050% neg 0  invalid 762 tFOTS 4.5350 tGradient 1.8190 tsec 6.6870
#FOTS# QuadFit found better minimum quadopt=(dt=31.104,rms=0.582436) vs oldopt=(dt=25.92,rms=0.582437)
#GCMRL#  311 dt  31.104000 rms  0.582  0.000% neg 0  invalid 762 tFOTS 4.2680 tGradient 2.0280 tsec 6.6510
#GCMRL#  312 dt  31.104000 rms  0.582  0.001% neg 0  invalid 762 tFOTS 0.0000 tGradient 1.9640 tsec 2.3150

#GCAMreg# pass 0 level1 4 level2 1 tsec 384.271 sigma 0.5
l_jacobian=1.00 l_label=1.00 l_log_likelihood=0.20 l_smoothness=0.03 
tol=5.00e-02, dt=5.00e-02, exp_k=20.0, momentum=0.90, levels=6, niter=500, lbl_dist=10.00, avgs=64, sigma=0.5,type=2, relabel=0, neg=no

blurring input image with Gaussian with sigma=0.500...
GCAMRegisterLevel(): init RMS 0.583777
#FOTS# QuadFit found better minimum quadopt=(dt=124.416,rms=0.580803) vs oldopt=(dt=103.68,rms=0.580849)
#GCMRL#  314 dt 124.416000 rms  0.581  0.510% neg 0  invalid 762 tFOTS 4.0360 tGradient 2.0390 tsec 6.4190
#FOTS# QuadFit found better minimum quadopt=(dt=82.944,rms=0.580003) vs oldopt=(dt=103.68,rms=0.580033)
#GCMRL#  315 dt  82.944000 rms  0.580  0.138% neg 0  invalid 762 tFOTS 4.0630 tGradient 2.0410 tsec 6.4440
#FOTS# QuadFit found better minimum quadopt=(dt=36.288,rms=0.579792) vs oldopt=(dt=25.92,rms=0.579825)
#GCMRL#  316 dt  36.288000 rms  0.580  0.000% neg 0  invalid 762 tFOTS 4.5950 tGradient 1.9370 tsec 6.9060
#GCMRL#  317 dt  36.288000 rms  0.580  0.024% neg 0  invalid 762 tFOTS 0.0000 tGradient 1.9690 tsec 2.3440
#GCMRL#  318 dt  36.288000 rms  0.579  0.046% neg 0  invalid 762 tFOTS 0.0000 tGradient 2.1030 tsec 2.4660
#GCMRL#  319 dt  36.288000 rms  0.579  0.063% neg 0  invalid 762 tFOTS 0.0000 tGradient 2.0390 tsec 2.3610
#GCMRL#  320 dt  36.288000 rms  0.579  0.073% neg 0  invalid 762 tFOTS 0.0000 tGradient 2.0100 tsec 2.2990
#GCMRL#  321 dt  36.288000 rms  0.578  0.073% neg 0  invalid 762 tFOTS 0.0000 tGradient 1.9120 tsec 2.2480
#GCMRL#  322 dt  36.288000 rms  0.578  0.067% neg 0  invalid 762 tFOTS 0.0000 tGradient 2.1140 tsec 2.4630
#GCMRL#  323 dt  36.288000 rms  0.577  0.062% neg 0  invalid 762 tFOTS 0.0000 tGradient 2.0920 tsec 2.4580
#GCMRL#  324 dt  36.288000 rms  0.577  0.058% neg 0  invalid 762 tFOTS 0.0000 tGradient 2.0730 tsec 2.4320
#GCMRL#  325 dt  36.288000 rms  0.577  0.057% neg 0  invalid 762 tFOTS 0.0000 tGradient 2.0160 tsec 2.3890
#GCMRL#  326 dt  36.288000 rms  0.576  0.061% neg 0  invalid 762 tFOTS 0.0000 tGradient 2.0870 tsec 2.4460
#GCMRL#  327 dt  36.288000 rms  0.576  0.060% neg 0  invalid 762 tFOTS 0.0000 tGradient 2.0650 tsec 2.4250
#GCMRL#  328 dt  36.288000 rms  0.576  0.055% neg 0  invalid 762 tFOTS 0.0000 tGradient 2.0410 tsec 2.3430
#GCMRL#  329 dt  36.288000 rms  0.575  0.053% neg 0  invalid 762 tFOTS 0.0000 tGradient 2.1280 tsec 2.4850
#GCMRL#  330 dt  36.288000 rms  0.575  0.050% neg 0  invalid 762 tFOTS 0.0000 tGradient 2.0330 tsec 2.3740
#GCMRL#  331 dt  36.288000 rms  0.575  0.048% neg 0  invalid 762 tFOTS 0.0000 tGradient 1.8840 tsec 2.2280
#GCMRL#  332 dt  36.288000 rms  0.575  0.049% neg 0  invalid 762 tFOTS 0.0000 tGradient 1.7530 tsec 2.0030
#GCMRL#  333 dt  36.288000 rms  0.574  0.046% neg 0  invalid 762 tFOTS 0.0000 tGradient 1.8380 tsec 2.1150
#GCMRL#  334 dt  36.288000 rms  0.574  0.045% neg 0  invalid 762 tFOTS 0.0000 tGradient 1.8900 tsec 2.1810
#GCMRL#  335 dt  36.288000 rms  0.574  0.044% neg 0  invalid 762 tFOTS 0.0000 tGradient 2.2770 tsec 2.6430
#GCMRL#  336 dt  36.288000 rms  0.574  0.045% neg 0  invalid 762 tFOTS 0.0000 tGradient 2.6010 tsec 3.0060
#GCMRL#  337 dt  36.288000 rms  0.573  0.044% neg 0  invalid 762 tFOTS 0.0000 tGradient 2.5870 tsec 2.9620
#GCMRL#  338 dt  36.288000 rms  0.573  0.040% neg 0  invalid 762 tFOTS 0.0000 tGradient 2.6020 tsec 2.9690
#GCMRL#  339 dt  36.288000 rms  0.573  0.039% neg 0  invalid 762 tFOTS 0.0000 tGradient 2.2360 tsec 2.6430
#GCMRL#  340 dt  36.288000 rms  0.573  0.037% neg 0  invalid 762 tFOTS 0.0000 tGradient 2.3440 tsec 2.7190
#GCMRL#  341 dt  36.288000 rms  0.572  0.033% neg 0  invalid 762 tFOTS 0.0000 tGradient 2.2870 tsec 2.6170
#GCMRL#  342 dt  36.288000 rms  0.572  0.034% neg 0  invalid 762 tFOTS 0.0000 tGradient 2.2180 tsec 2.5840
#GCMRL#  343 dt  36.288000 rms  0.572  0.033% neg 0  invalid 762 tFOTS 0.0000 tGradient 2.5740 tsec 3.0030
#GCMRL#  344 dt  36.288000 rms  0.572  0.028% neg 0  invalid 762 tFOTS 0.0000 tGradient 2.5460 tsec 2.9180
#GCMRL#  345 dt  36.288000 rms  0.572  0.030% neg 0  invalid 762 tFOTS 0.0000 tGradient 2.5780 tsec 2.9700
#GCMRL#  346 dt  36.288000 rms  0.572  0.028% neg 0  invalid 762 tFOTS 0.0000 tGradient 2.6130 tsec 2.9870
#GCMRL#  347 dt  36.288000 rms  0.571  0.028% neg 0  invalid 762 tFOTS 0.0000 tGradient 1.9190 tsec 2.2220
#GCMRL#  348 dt  36.288000 rms  0.571  0.025% neg 0  invalid 762 tFOTS 0.0000 tGradient 1.8850 tsec 2.1720
#GCMRL#  349 dt  36.288000 rms  0.571  0.022% neg 0  invalid 762 tFOTS 0.0000 tGradient 1.9390 tsec 2.3270
#FOTS# QuadFit found better minimum quadopt=(dt=145.152,rms=0.57112) vs oldopt=(dt=103.68,rms=0.571122)
#GCMRL#  350 dt 145.152000 rms  0.571  0.000% neg 0  invalid 762 tFOTS 3.7120 tGradient 2.1550 tsec 6.1670
#GCMRL#  351 dt 145.152000 rms  0.571  0.011% neg 0  invalid 762 tFOTS 0.0000 tGradient 1.8890 tsec 2.1320
#GCMRL#  352 dt 145.152000 rms  0.571  0.017% neg 0  invalid 762 tFOTS 0.0000 tGradient 1.8050 tsec 2.0820
#GCMRL#  353 dt 145.152000 rms  0.571  0.015% neg 0  invalid 762 tFOTS 0.0000 tGradient 1.9030 tsec 2.1700
#GCMRL#  354 dt 145.152000 rms  0.571  0.034% neg 0  invalid 762 tFOTS 0.0000 tGradient 1.8170 tsec 2.0960
#GCMRL#  355 dt 145.152000 rms  0.571 -0.005% neg 0  invalid 762 tFOTS 0.0000 tGradient 1.8970 tsec 2.3130
#FOTS# QuadFit found better minimum quadopt=(dt=20.736,rms=0.570665) vs oldopt=(dt=25.92,rms=0.570666)
#GCMRL#  356 dt  20.736000 rms  0.571  0.002% neg 0  invalid 762 tFOTS 3.3050 tGradient 1.9190 tsec 5.4490
#FOTS# QuadFit found better minimum quadopt=(dt=9.072,rms=0.570664) vs oldopt=(dt=6.48,rms=0.570664)
setting smoothness cost coefficient to 0.118

#GCAMreg# pass 0 level1 3 level2 0 tsec 0 sigma 2
l_jacobian=1.00 l_label=1.00 l_log_likelihood=0.20 l_smoothness=0.12 
tol=5.00e-02, dt=5.00e-02, exp_k=20.0, momentum=0.90, levels=6, niter=500, lbl_dist=10.00, avgs=16, sigma=2.0,type=2, relabel=0, neg=no

blurring input image with Gaussian with sigma=2.000...
GCAMRegisterLevel(): init RMS 0.584748
#FOTS# QuadFit found better minimum quadopt=(dt=25.6,rms=0.581876) vs oldopt=(dt=32,rms=0.581905)
#GCMRL#  358 dt  25.600000 rms  0.582  0.491% neg 0  invalid 762 tFOTS 3.0180 tGradient 1.5850 tsec 4.8510
#FOTS# QuadFit found better minimum quadopt=(dt=85.9429,rms=0.578835) vs oldopt=(dt=32,rms=0.579756)
#GCMRL#  359 dt  85.942857 rms  0.579  0.523% neg 0  invalid 762 tFOTS 3.2110 tGradient 1.5260 tsec 4.9910
#FOTS# QuadFit found better minimum quadopt=(dt=115.887,rms=0.571294) vs oldopt=(dt=128,rms=0.571402)
#GCMRL#  360 dt 115.886829 rms  0.571  1.303% neg 0  invalid 762 tFOTS 3.3880 tGradient 1.5220 tsec 5.2040
#FOTS# QuadFit found better minimum quadopt=(dt=24.2182,rms=0.567457) vs oldopt=(dt=32,rms=0.567943)
#GCMRL#  361 dt  24.218182 rms  0.567  0.672% neg 0  invalid 762 tFOTS 3.2530 tGradient 1.5290 tsec 5.0770
#FOTS# QuadFit found better minimum quadopt=(dt=44.8,rms=0.566062) vs oldopt=(dt=32,rms=0.566214)
#GCMRL#  362 dt  44.800000 rms  0.566  0.246% neg 0  invalid 762 tFOTS 3.2100 tGradient 1.5470 tsec 5.0680
#FOTS# QuadFit found better minimum quadopt=(dt=44.8,rms=0.564524) vs oldopt=(dt=32,rms=0.564699)
#GCMRL#  363 dt  44.800000 rms  0.565  0.272% neg 0  invalid 762 tFOTS 3.3280 tGradient 1.5870 tsec 5.2570
#GCMRL#  364 dt  32.000000 rms  0.563  0.254% neg 0  invalid 762 tFOTS 4.0540 tGradient 1.8280 tsec 6.1570
#FOTS# QuadFit found better minimum quadopt=(dt=38.4,rms=0.562034) vs oldopt=(dt=32,rms=0.562041)
#GCMRL#  365 dt  38.400000 rms  0.562  0.187% neg 0  invalid 762 tFOTS 3.4880 tGradient 1.5840 tsec 5.3610
#GCMRL#  366 dt  32.000000 rms  0.561  0.242% neg 0  invalid 762 tFOTS 3.4590 tGradient 1.5940 tsec 5.3340
#GCMRL#  367 dt  32.000000 rms  0.560  0.154% neg 0  invalid 762 tFOTS 3.5100 tGradient 1.6110 tsec 5.4060
#FOTS# QuadFit found better minimum quadopt=(dt=44.8,rms=0.558489) vs oldopt=(dt=32,rms=0.558602)
#GCMRL#  368 dt  44.800000 rms  0.558  0.236% neg 0  invalid 762 tFOTS 3.5330 tGradient 1.5910 tsec 5.3950
#FOTS# QuadFit found better minimum quadopt=(dt=25.0435,rms=0.55772) vs oldopt=(dt=32,rms=0.557848)
#GCMRL#  369 dt  25.043478 rms  0.558  0.138% neg 0  invalid 762 tFOTS 3.4950 tGradient 1.5650 tsec 5.3330
#FOTS# QuadFit found better minimum quadopt=(dt=44.8,rms=0.556387) vs oldopt=(dt=32,rms=0.556618)
#GCMRL#  370 dt  44.800000 rms  0.556  0.239% neg 0  invalid 762 tFOTS 3.4950 tGradient 1.4730 tsec 5.2690
#FOTS# QuadFit found better minimum quadopt=(dt=25.6,rms=0.555867) vs oldopt=(dt=32,rms=0.55591)
#GCMRL#  371 dt  25.600000 rms  0.556  0.094% neg 0  invalid 762 tFOTS 3.5870 tGradient 1.5670 tsec 5.4270
#FOTS# QuadFit found better minimum quadopt=(dt=44.8,rms=0.554714) vs oldopt=(dt=32,rms=0.554929)
#GCMRL#  372 dt  44.800000 rms  0.555  0.207% neg 0  invalid 762 tFOTS 3.3190 tGradient 1.6650 tsec 5.2480
#FOTS# QuadFit found better minimum quadopt=(dt=25.6,rms=0.554282) vs oldopt=(dt=32,rms=0.554329)
#GCMRL#  373 dt  25.600000 rms  0.554  0.078% neg 0  invalid 762 tFOTS 3.3690 tGradient 1.6140 tsec 5.2420
#FOTS# QuadFit found better minimum quadopt=(dt=44.8,rms=0.553275) vs oldopt=(dt=32,rms=0.55345)
#GCMRL#  374 dt  44.800000 rms  0.553  0.182% neg 0  invalid 762 tFOTS 3.4550 tGradient 1.5160 tsec 5.2470
#FOTS# QuadFit found better minimum quadopt=(dt=25.6,rms=0.552868) vs oldopt=(dt=32,rms=0.552929)
#GCMRL#  375 dt  25.600000 rms  0.553  0.074% neg 0  invalid 762 tFOTS 3.3140 tGradient 1.6400 tsec 5.2520
#FOTS# QuadFit found better minimum quadopt=(dt=44.8,rms=0.55199) vs oldopt=(dt=32,rms=0.552126)
#GCMRL#  376 dt  44.800000 rms  0.552  0.159% neg 0  invalid 762 tFOTS 3.3370 tGradient 1.4990 tsec 5.0970
#FOTS# QuadFit found better minimum quadopt=(dt=19.2,rms=0.55161) vs oldopt=(dt=32,rms=0.55169)
#GCMRL#  377 dt  19.200000 rms  0.552  0.069% neg 0  invalid 762 tFOTS 3.3310 tGradient 1.5660 tsec 5.1650
#FOTS# QuadFit found better minimum quadopt=(dt=179.2,rms=0.548823) vs oldopt=(dt=128,rms=0.549433)
#GCMRL#  378 dt 179.200000 rms  0.549  0.505% neg 0  invalid 762 tFOTS 3.1400 tGradient 1.4860 tsec 4.9120
#FOTS# QuadFit found better minimum quadopt=(dt=11.2,rms=0.548469) vs oldopt=(dt=8,rms=0.548566)
#GCMRL#  379 dt  11.200000 rms  0.548  0.065% neg 0  invalid 762 tFOTS 3.2880 tGradient 1.5240 tsec 5.0790
#FOTS# QuadFit found better minimum quadopt=(dt=11.2,rms=0.548247) vs oldopt=(dt=8,rms=0.548277)
#GCMRL#  380 dt  11.200000 rms  0.548  0.000% neg 0  invalid 762 tFOTS 3.2840 tGradient 1.5360 tsec 5.1020
#GCMRL#  381 dt  11.200000 rms  0.548  0.029% neg 0  invalid 762 tFOTS 0.0000 tGradient 1.5690 tsec 1.8390
#GCMRL#  382 dt  11.200000 rms  0.548  0.032% neg 0  invalid 762 tFOTS 0.0000 tGradient 1.5640 tsec 1.8340
#GCMRL#  383 dt  11.200000 rms  0.548  0.065% neg 0  invalid 762 tFOTS 0.0000 tGradient 1.5080 tsec 1.7770
#GCMRL#  384 dt  11.200000 rms  0.547  0.092% neg 0  invalid 762 tFOTS 0.0000 tGradient 1.5760 tsec 1.8390
#GCMRL#  385 dt  11.200000 rms  0.546  0.116% neg 0  invalid 762 tFOTS 0.0000 tGradient 1.5350 tsec 1.7920
#GCMRL#  386 dt  11.200000 rms  0.546  0.130% neg 0  invalid 762 tFOTS 0.0000 tGradient 1.5940 tsec 1.8610
#GCMRL#  387 dt  11.200000 rms  0.545  0.129% neg 0  invalid 762 tFOTS 0.0000 tGradient 1.6470 tsec 1.9470
#GCMRL#  388 dt  11.200000 rms  0.545  0.017% neg 0  invalid 762 tFOTS 0.0000 tGradient 1.7960 tsec 2.3150
#GCMRL#  389 dt  11.200000 rms  0.545  0.030% neg 0  invalid 762 tFOTS 0.0000 tGradient 1.7700 tsec 2.0950
#GCMRL#  390 dt  11.200000 rms  0.544  0.052% neg 0  invalid 762 tFOTS 0.0000 tGradient 1.8370 tsec 2.2180
#GCMRL#  391 dt  11.200000 rms  0.544  0.028% neg 0  invalid 762 tFOTS 0.0000 tGradient 1.7620 tsec 2.2520
#GCMRL#  392 dt   0.700000 rms  0.544  0.001% neg 0  invalid 762 tFOTS 0.0000 tGradient 1.6740 tsec 2.9390
#GCMRL#  393 dt   0.175000 rms  0.544  0.000% neg 0  invalid 762 tFOTS 0.0000 tGradient 1.7350 tsec 2.6210
#FOTS# QuadFit found better minimum quadopt=(dt=0.04375,rms=0.544306) vs oldopt=(dt=0.03125,rms=0.544306)
#GCMRL#  394 dt   0.043750 rms  0.544  0.001% neg 0  invalid 762 tFOTS 2.6790 tGradient 1.7530 tsec 4.7560
#FOTS# QuadFit found better minimum quadopt=(dt=0.04375,rms=0.544306) vs oldopt=(dt=0.03125,rms=0.544306)
#GCMRL#  395 dt   0.043750 rms  0.544  0.000% neg 0  invalid 762 tFOTS 2.6850 tGradient 1.8140 tsec 4.8310
#GCMRL#  396 dt   0.021875 rms  0.544  0.000% neg 0  invalid 762 tFOTS 0.0000 tGradient 1.7020 tsec 2.4420
#GCMRL#  397 dt   0.001367 rms  0.544  0.000% neg 0  invalid 762 tFOTS 0.0000 tGradient 1.8070 tsec 3.1270

#GCAMreg# pass 0 level1 3 level2 1 tsec 173.344 sigma 0.5
l_jacobian=1.00 l_label=1.00 l_log_likelihood=0.20 l_smoothness=0.12 
tol=5.00e-02, dt=5.00e-02, exp_k=20.0, momentum=0.90, levels=6, niter=500, lbl_dist=10.00, avgs=16, sigma=0.5,type=2, relabel=0, neg=no

blurring input image with Gaussian with sigma=0.500...
GCAMRegisterLevel(): init RMS 0.545587
#FOTS# QuadFit found better minimum quadopt=(dt=44.8,rms=0.541848) vs oldopt=(dt=32,rms=0.542107)
#GCMRL#  399 dt  44.800000 rms  0.542  0.685% neg 0  invalid 762 tFOTS 3.3790 tGradient 1.5500 tsec 5.2200
#FOTS# QuadFit found better minimum quadopt=(dt=44.8,rms=0.540566) vs oldopt=(dt=32,rms=0.540774)
#GCMRL#  400 dt  44.800000 rms  0.541  0.236% neg 0  invalid 762 tFOTS 3.6880 tGradient 1.6330 tsec 5.6030
#GCMRL#  401 dt  32.000000 rms  0.540  0.154% neg 0  invalid 762 tFOTS 3.7790 tGradient 1.4690 tsec 5.5240
#FOTS# QuadFit found better minimum quadopt=(dt=25.6,rms=0.539228) vs oldopt=(dt=32,rms=0.539292)
#GCMRL#  402 dt  25.600000 rms  0.539  0.093% neg 0  invalid 762 tFOTS 4.0040 tGradient 1.5030 tsec 5.8490
#GCMRL#  403 dt  32.000000 rms  0.539  0.118% neg 0  invalid 762 tFOTS 4.7540 tGradient 1.7200 tsec 6.8650
#FOTS# QuadFit found better minimum quadopt=(dt=11.2,rms=0.538336) vs oldopt=(dt=8,rms=0.538392)
#GCMRL#  404 dt  11.200000 rms  0.538  0.000% neg 0  invalid 762 tFOTS 4.8410 tGradient 1.7800 tsec 7.0160
#GCMRL#  405 dt  11.200000 rms  0.538  0.034% neg 0  invalid 762 tFOTS 0.0000 tGradient 1.6750 tsec 1.9940
#GCMRL#  406 dt  11.200000 rms  0.538  0.053% neg 0  invalid 762 tFOTS 0.0000 tGradient 1.6860 tsec 2.0190
#GCMRL#  407 dt  11.200000 rms  0.537  0.086% neg 0  invalid 762 tFOTS 0.0000 tGradient 1.7450 tsec 2.0910
#GCMRL#  408 dt  11.200000 rms  0.537  0.101% neg 0  invalid 762 tFOTS 0.0000 tGradient 1.7260 tsec 2.0480
#GCMRL#  409 dt  11.200000 rms  0.536  0.109% neg 0  invalid 762 tFOTS 0.0000 tGradient 1.7010 tsec 2.0800
#GCMRL#  410 dt  11.200000 rms  0.536  0.118% neg 0  invalid 762 tFOTS 0.0000 tGradient 1.7310 tsec 2.0600
#GCMRL#  411 dt  11.200000 rms  0.535  0.114% neg 0  invalid 762 tFOTS 0.0000 tGradient 1.7580 tsec 2.0570
#GCMRL#  412 dt  11.200000 rms  0.534  0.118% neg 0  invalid 762 tFOTS 0.0000 tGradient 1.6890 tsec 2.0060
#GCMRL#  413 dt  11.200000 rms  0.534  0.115% neg 0  invalid 762 tFOTS 0.0000 tGradient 1.9400 tsec 2.3060
#GCMRL#  414 dt  11.200000 rms  0.533  0.112% neg 0  invalid 762 tFOTS 0.0000 tGradient 1.9300 tsec 2.3110
#GCMRL#  415 dt  11.200000 rms  0.533  0.109% neg 0  invalid 762 tFOTS 0.0000 tGradient 1.6390 tsec 1.9840
#GCMRL#  416 dt  11.200000 rms  0.532  0.105% neg 0  invalid 762 tFOTS 0.0000 tGradient 1.6580 tsec 1.9860
#GCMRL#  417 dt  11.200000 rms  0.532  0.100% neg 0  invalid 762 tFOTS 0.0000 tGradient 1.7320 tsec 2.1290
#GCMRL#  418 dt  11.200000 rms  0.531  0.096% neg 0  invalid 762 tFOTS 0.0000 tGradient 1.8240 tsec 2.1620
#GCMRL#  419 dt  11.200000 rms  0.531  0.087% neg 0  invalid 762 tFOTS 0.0000 tGradient 1.4820 tsec 1.7870
#GCMRL#  420 dt  11.200000 rms  0.530  0.089% neg 0  invalid 762 tFOTS 0.0000 tGradient 1.4750 tsec 1.7590
#GCMRL#  421 dt  11.200000 rms  0.530  0.088% neg 0  invalid 762 tFOTS 0.0000 tGradient 1.4490 tsec 1.7370
#GCMRL#  422 dt  11.200000 rms  0.529  0.084% neg 0  invalid 762 tFOTS 0.0000 tGradient 1.4440 tsec 1.6970
#GCMRL#  423 dt  11.200000 rms  0.529  0.081% neg 0  invalid 762 tFOTS 0.0000 tGradient 1.4060 tsec 1.6710
#GCMRL#  424 dt  11.200000 rms  0.528  0.083% neg 0  invalid 762 tFOTS 0.0000 tGradient 1.4710 tsec 1.7450
#GCMRL#  425 dt  11.200000 rms  0.528  0.082% neg 0  invalid 762 tFOTS 0.0000 tGradient 1.5110 tsec 1.7940
#GCMRL#  426 dt  11.200000 rms  0.527  0.091% neg 0  invalid 762 tFOTS 0.0000 tGradient 1.4640 tsec 1.7540
#GCMRL#  427 dt  11.200000 rms  0.527  0.083% neg 0  invalid 762 tFOTS 0.0000 tGradient 1.4300 tsec 1.7200
#GCMRL#  428 dt  11.200000 rms  0.527  0.079% neg 0  invalid 762 tFOTS 0.0000 tGradient 1.5470 tsec 1.8220
#GCMRL#  429 dt  11.200000 rms  0.526  0.071% neg 0  invalid 762 tFOTS 0.0000 tGradient 1.7530 tsec 2.0590
#GCMRL#  430 dt  11.200000 rms  0.526  0.066% neg 0  invalid 762 tFOTS 0.0000 tGradient 1.6480 tsec 1.9850
#GCMRL#  431 dt  11.200000 rms  0.525  0.068% neg 0  invalid 762 tFOTS 0.0000 tGradient 1.7120 tsec 2.0860
#GCMRL#  432 dt  11.200000 rms  0.525  0.066% neg 0  invalid 762 tFOTS 0.0000 tGradient 1.7150 tsec 2.0420
#GCMRL#  433 dt  11.200000 rms  0.525  0.061% neg 0  invalid 762 tFOTS 0.0000 tGradient 1.6890 tsec 2.0650
#GCMRL#  434 dt  11.200000 rms  0.524  0.056% neg 0  invalid 762 tFOTS 0.0000 tGradient 1.6520 tsec 2.0190
#GCMRL#  435 dt  11.200000 rms  0.524  0.055% neg 0  invalid 762 tFOTS 0.0000 tGradient 1.6400 tsec 2.0390
#GCMRL#  436 dt  11.200000 rms  0.524  0.053% neg 0  invalid 762 tFOTS 0.0000 tGradient 1.6170 tsec 1.9890
#GCMRL#  437 dt  11.200000 rms  0.524  0.053% neg 0  invalid 762 tFOTS 0.0000 tGradient 1.6330 tsec 1.9840
#GCMRL#  438 dt  11.200000 rms  0.523  0.052% neg 0  invalid 762 tFOTS 0.0000 tGradient 1.5940 tsec 1.8740
#GCMRL#  439 dt  11.200000 rms  0.523  0.047% neg 0  invalid 762 tFOTS 0.0000 tGradient 1.3890 tsec 1.6440
#GCMRL#  440 dt  11.200000 rms  0.523  0.043% neg 0  invalid 762 tFOTS 0.0000 tGradient 1.4480 tsec 1.7110
#GCMRL#  441 dt  11.200000 rms  0.523  0.041% neg 0  invalid 762 tFOTS 0.0000 tGradient 1.4420 tsec 1.7010
#GCMRL#  442 dt  11.200000 rms  0.522  0.040% neg 0  invalid 762 tFOTS 0.0000 tGradient 1.4570 tsec 1.7610
#GCMRL#  443 dt  11.200000 rms  0.522  0.040% neg 0  invalid 762 tFOTS 0.0000 tGradient 1.4270 tsec 1.7340
#GCMRL#  444 dt  11.200000 rms  0.522  0.039% neg 0  invalid 762 tFOTS 0.0000 tGradient 1.4020 tsec 1.6960
#GCMRL#  445 dt  11.200000 rms  0.522  0.034% neg 0  invalid 762 tFOTS 0.0000 tGradient 1.6610 tsec 1.9970
#GCMRL#  446 dt  11.200000 rms  0.522  0.032% neg 0  invalid 762 tFOTS 0.0000 tGradient 1.5930 tsec 1.9810
#GCMRL#  447 dt  11.200000 rms  0.522  0.032% neg 0  invalid 762 tFOTS 0.0000 tGradient 1.6190 tsec 1.9570
#GCMRL#  448 dt  11.200000 rms  0.521  0.034% neg 0  invalid 762 tFOTS 0.0000 tGradient 1.5590 tsec 1.9370
#GCMRL#  449 dt  11.200000 rms  0.521  0.033% neg 0  invalid 762 tFOTS 0.0000 tGradient 1.6550 tsec 1.9880
#GCMRL#  450 dt  11.200000 rms  0.521  0.031% neg 0  invalid 762 tFOTS 0.0000 tGradient 1.7190 tsec 2.0490
#GCMRL#  451 dt  11.200000 rms  0.521  0.028% neg 0  invalid 762 tFOTS 0.0000 tGradient 1.4390 tsec 1.7200
#GCMRL#  452 dt  11.200000 rms  0.521  0.027% neg 0  invalid 762 tFOTS 0.0000 tGradient 1.4130 tsec 1.6960
#GCMRL#  453 dt  11.200000 rms  0.521  0.031% neg 0  invalid 762 tFOTS 0.0000 tGradient 1.4440 tsec 1.7190
#GCMRL#  454 dt  11.200000 rms  0.520  0.030% neg 0  invalid 762 tFOTS 0.0000 tGradient 1.4400 tsec 1.7010
#GCMRL#  455 dt  11.200000 rms  0.520  0.027% neg 0  invalid 762 tFOTS 0.0000 tGradient 1.4650 tsec 1.7620
#GCMRL#  456 dt  11.200000 rms  0.520  0.025% neg 0  invalid 762 tFOTS 0.0000 tGradient 1.3960 tsec 1.6850
#GCMRL#  457 dt  11.200000 rms  0.520  0.023% neg 0  invalid 762 tFOTS 0.0000 tGradient 1.3890 tsec 1.6910
#FOTS# QuadFit found better minimum quadopt=(dt=102.4,rms=0.519955) vs oldopt=(dt=128,rms=0.519959)
#GCMRL#  458 dt 102.400000 rms  0.520  0.000% neg 0  invalid 762 tFOTS 3.4460 tGradient 1.4330 tsec 5.1710
setting smoothness cost coefficient to 0.400

#GCAMreg# pass 0 level1 2 level2 0 tsec 0 sigma 2
l_jacobian=1.00 l_label=1.00 l_log_likelihood=0.20 l_smoothness=0.40 
tol=5.00e-02, dt=5.00e-02, exp_k=20.0, momentum=0.90, levels=6, niter=500, lbl_dist=10.00, avgs=4, sigma=2.0,type=2, relabel=0, neg=no

blurring input image with Gaussian with sigma=2.000...
GCAMRegisterLevel(): init RMS 0.549772
#GCMRL#  460 dt   0.000000 rms  0.549  0.187% neg 0  invalid 762 tFOTS 3.4710 tGradient 1.3560 tsec 5.1080
#GCMRL#  461 dt   0.150000 rms  0.549  0.000% neg 0  invalid 762 tFOTS 3.5430 tGradient 1.2910 tsec 5.3540

#GCAMreg# pass 0 level1 2 level2 1 tsec 20.67 sigma 0.5
l_jacobian=1.00 l_label=1.00 l_log_likelihood=0.20 l_smoothness=0.40 
tol=5.00e-02, dt=5.00e-02, exp_k=20.0, momentum=0.90, levels=6, niter=500, lbl_dist=10.00, avgs=4, sigma=0.5,type=2, relabel=0, neg=no

blurring input image with Gaussian with sigma=0.500...
GCAMRegisterLevel(): init RMS 0.549772
#GCMRL#  463 dt   0.000000 rms  0.549  0.187% neg 0  invalid 762 tFOTS 4.2930 tGradient 1.5610 tsec 6.1840
#GCMRL#  464 dt   0.150000 rms  0.549  0.000% neg 0  invalid 762 tFOTS 3.7140 tGradient 1.4260 tsec 5.7060
setting smoothness cost coefficient to 1.000

#GCAMreg# pass 0 level1 1 level2 0 tsec 0 sigma 2
l_jacobian=1.00 l_label=1.00 l_log_likelihood=0.20 l_smoothness=1.00 
tol=5.00e-02, dt=5.00e-02, exp_k=20.0, momentum=0.90, levels=6, niter=500, lbl_dist=10.00, avgs=1, sigma=2.0,type=2, relabel=0, neg=no

blurring input image with Gaussian with sigma=2.000...
GCAMRegisterLevel(): init RMS 0.606313
#FOTS# QuadFit found better minimum quadopt=(dt=1.08,rms=0.602269) vs oldopt=(dt=1.28,rms=0.60228)
#GCMRL#  466 dt   1.080000 rms  0.602  0.667% neg 0  invalid 762 tFOTS 3.7830 tGradient 1.2220 tsec 5.3620
#FOTS# QuadFit found better minimum quadopt=(dt=0.256,rms=0.602148) vs oldopt=(dt=0.32,rms=0.602155)
#GCMRL#  467 dt   0.256000 rms  0.602  0.000% neg 0  invalid 762 tFOTS 4.0690 tGradient 1.3640 tsec 5.7760

#GCAMreg# pass 0 level1 1 level2 1 tsec 21.096 sigma 0.5
l_jacobian=1.00 l_label=1.00 l_log_likelihood=0.20 l_smoothness=1.00 
tol=5.00e-02, dt=5.00e-02, exp_k=20.0, momentum=0.90, levels=6, niter=500, lbl_dist=10.00, avgs=1, sigma=0.5,type=2, relabel=0, neg=no

blurring input image with Gaussian with sigma=0.500...
GCAMRegisterLevel(): init RMS 0.603101
#FOTS# QuadFit found better minimum quadopt=(dt=0.448,rms=0.60177) vs oldopt=(dt=0.32,rms=0.601825)
#GCMRL#  469 dt   0.448000 rms  0.602  0.221% neg 0  invalid 762 tFOTS 4.2500 tGradient 1.2160 tsec 5.8240
#FOTS# QuadFit found better minimum quadopt=(dt=0.112,rms=0.601734) vs oldopt=(dt=0.08,rms=0.60174)
#GCMRL#  470 dt   0.112000 rms  0.602  0.000% neg 0  invalid 762 tFOTS 3.8670 tGradient 1.3710 tsec 5.6330
#GCMRL#  471 dt   0.112000 rms  0.602  0.001% neg 0  invalid 762 tFOTS 0.0000 tGradient 1.3620 tsec 1.7170
resetting metric properties...
setting smoothness cost coefficient to 2.000

#GCAMreg# pass 0 level1 0 level2 0 tsec 0 sigma 2
l_jacobian=1.00 l_label=1.00 l_log_likelihood=0.20 l_smoothness=2.00 
tol=5.00e-02, dt=5.00e-02, exp_k=20.0, momentum=0.90, levels=6, niter=500, lbl_dist=10.00, avgs=0, sigma=2.0,type=2, relabel=0, neg=no

blurring input image with Gaussian with sigma=2.000...
GCAMRegisterLevel(): init RMS 0.530047
#FOTS# QuadFit found better minimum quadopt=(dt=0.448,rms=0.514248) vs oldopt=(dt=0.32,rms=0.518271)
#GCMRL#  473 dt   0.448000 rms  0.514  2.981% neg 0  invalid 762 tFOTS 3.6590 tGradient 0.8410 tsec 4.8170
#FOTS# QuadFit found better minimum quadopt=(dt=0.384,rms=0.511079) vs oldopt=(dt=0.32,rms=0.511597)
#GCMRL#  474 dt   0.384000 rms  0.511  0.616% neg 0  invalid 762 tFOTS 3.6920 tGradient 0.6640 tsec 4.7190
#FOTS# QuadFit found better minimum quadopt=(dt=0.448,rms=0.508705) vs oldopt=(dt=0.32,rms=0.509372)
#GCMRL#  475 dt   0.448000 rms  0.509  0.465% neg 0  invalid 762 tFOTS 3.1810 tGradient 0.7280 tsec 4.2160
#FOTS# QuadFit found better minimum quadopt=(dt=0.448,rms=0.507328) vs oldopt=(dt=0.32,rms=0.507702)
#GCMRL#  476 dt   0.448000 rms  0.507  0.271% neg 0  invalid 762 tFOTS 3.3450 tGradient 0.6150 tsec 4.2660
#FOTS# QuadFit found better minimum quadopt=(dt=0.448,rms=0.506326) vs oldopt=(dt=0.32,rms=0.506604)
#GCMRL#  477 dt   0.448000 rms  0.506  0.197% neg 0  invalid 762 tFOTS 3.4260 tGradient 0.6100 tsec 4.3360
#FOTS# QuadFit found better minimum quadopt=(dt=0.384,rms=0.505701) vs oldopt=(dt=0.32,rms=0.505795)
#GCMRL#  478 dt   0.384000 rms  0.506  0.124% neg 0  invalid 762 tFOTS 3.4740 tGradient 0.6420 tsec 4.4190
#FOTS# QuadFit found better minimum quadopt=(dt=0.384,rms=0.505152) vs oldopt=(dt=0.32,rms=0.505236)
#GCMRL#  479 dt   0.384000 rms  0.505  0.109% neg 0  invalid 762 tFOTS 3.4030 tGradient 0.6000 tsec 4.3150
#GCMRL#  480 dt   0.320000 rms  0.505  0.068% neg 0  invalid 762 tFOTS 3.3950 tGradient 0.6000 tsec 4.3060
#GCMRL#  481 dt   0.320000 rms  0.504  0.070% neg 0  invalid 762 tFOTS 3.3920 tGradient 0.6270 tsec 4.3340
#GCMRL#  482 dt   0.320000 rms  0.504  0.000% neg 0  invalid 762 tFOTS 3.5390 tGradient 0.6130 tsec 4.4910
#GCMRL#  483 dt   0.320000 rms  0.504  0.052% neg 0  invalid 762 tFOTS 0.0000 tGradient 0.6270 tsec 0.9330
#GCMRL#  484 dt   0.320000 rms  0.504  0.084% neg 0  invalid 762 tFOTS 0.0000 tGradient 0.6440 tsec 0.9520
#GCMRL#  485 dt   0.320000 rms  0.503  0.030% neg 0  invalid 762 tFOTS 0.0000 tGradient 0.6140 tsec 1.0970
#GCMRL#  486 dt   0.320000 rms  0.503  0.060% neg 0  invalid 762 tFOTS 0.0000 tGradient 0.5940 tsec 0.8980
#GCMRL#  487 dt   0.320000 rms  0.503  0.030% neg 0  invalid 762 tFOTS 0.0000 tGradient 0.6310 tsec 1.0930
#GCMRL#  488 dt   0.320000 rms  0.503  0.041% neg 0  invalid 762 tFOTS 0.0000 tGradient 0.6080 tsec 0.9060
#GCMRL#  489 dt   0.320000 rms  0.502  0.055% neg 0  invalid 762 tFOTS 0.0000 tGradient 0.6100 tsec 0.9060
#GCMRL#  490 dt   0.320000 rms  0.502  0.019% neg 0  invalid 762 tFOTS 0.0000 tGradient 0.6320 tsec 1.1070
#GCMRL#  491 dt   0.320000 rms  0.502  0.007% neg 0  invalid 762 tFOTS 0.0000 tGradient 0.6250 tsec 1.1040
#GCMRL#  492 dt   0.320000 rms  0.502  0.017% neg 0  invalid 762 tFOTS 3.3930 tGradient 0.6340 tsec 4.3440
#FOTS# QuadFit found better minimum quadopt=(dt=0.256,rms=0.502175) vs oldopt=(dt=0.32,rms=0.502177)
#GCMRL#  493 dt   0.256000 rms  0.502  0.000% neg 0  invalid 762 tFOTS 3.3830 tGradient 0.6000 tsec 4.3140
#GCMRL#  494 dt   0.256000 rms  0.502  0.012% neg 0  invalid 762 tFOTS 0.0000 tGradient 0.5970 tsec 0.8960
#GCMRL#  495 dt   0.256000 rms  0.502  0.019% neg 0  invalid 762 tFOTS 0.0000 tGradient 0.6320 tsec 0.9350
#GCMRL#  496 dt   0.256000 rms  0.502  0.018% neg 0  invalid 762 tFOTS 0.0000 tGradient 0.6890 tsec 0.9740
#GCMRL#  497 dt   0.256000 rms  0.502  0.025% neg 0  invalid 762 tFOTS 0.0000 tGradient 0.6850 tsec 0.9590
#GCMRL#  498 dt   0.256000 rms  0.502  0.007% neg 0  invalid 762 tFOTS 0.0000 tGradient 0.6140 tsec 1.0150
#GCMRL#  499 dt   0.256000 rms  0.502  0.012% neg 0  invalid 762 tFOTS 0.0000 tGradient 0.6160 tsec 0.8870
#GCMRL#  500 dt   0.256000 rms  0.502  0.010% neg 0  invalid 762 tFOTS 0.0000 tGradient 0.5970 tsec 0.8750
#GCMRL#  501 dt   0.320000 rms  0.502  0.000% neg 0  invalid 762 tFOTS 3.3650 tGradient 0.6260 tsec 4.3550

#GCAMreg# pass 0 level1 0 level2 1 tsec 82.242 sigma 0.5
l_jacobian=1.00 l_label=1.00 l_log_likelihood=0.20 l_smoothness=2.00 
tol=5.00e-02, dt=5.00e-02, exp_k=20.0, momentum=0.90, levels=6, niter=500, lbl_dist=10.00, avgs=0, sigma=0.5,type=2, relabel=0, neg=no

blurring input image with Gaussian with sigma=0.500...
GCAMRegisterLevel(): init RMS 0.502769
#GCMRL#  503 dt   0.320000 rms  0.498  0.877% neg 0  invalid 762 tFOTS 3.0260 tGradient 0.5990 tsec 3.9050
#GCMRL#  504 dt   0.320000 rms  0.497  0.270% neg 0  invalid 762 tFOTS 3.0180 tGradient 0.6080 tsec 3.9180
#GCMRL#  505 dt   0.320000 rms  0.496  0.112% neg 0  invalid 762 tFOTS 3.2850 tGradient 0.6410 tsec 4.2480
#GCMRL#  506 dt   0.320000 rms  0.496  0.062% neg 0  invalid 762 tFOTS 3.4460 tGradient 0.7270 tsec 4.4580
#GCMRL#  507 dt   0.320000 rms  0.496  0.000% neg 0  invalid 762 tFOTS 3.1280 tGradient 0.6620 tsec 4.0940
#GCMRL#  508 dt   0.320000 rms  0.496  0.021% neg 0  invalid 762 tFOTS 0.0000 tGradient 0.7020 tsec 0.9890
#GCMRL#  509 dt   0.320000 rms  0.496  0.028% neg 0  invalid 762 tFOTS 0.0000 tGradient 0.6490 tsec 0.9530
#GCMRL#  510 dt   0.320000 rms  0.496 -0.003% neg 0  invalid 762 tFOTS 0.0000 tGradient 0.6790 tsec 1.3230
#FOTS# QuadFit found better minimum quadopt=(dt=0.112,rms=0.495773) vs oldopt=(dt=0.08,rms=0.495774)
#GCMRL#  511 dt   0.112000 rms  0.496  0.002% neg 0  invalid 762 tFOTS 3.1690 tGradient 0.6760 tsec 4.1350
#GCMRL#  512 dt   0.320000 rms  0.496  0.010% neg 0  invalid 762 tFOTS 3.1580 tGradient 0.6380 tsec 4.0720
#FOTS# QuadFit found better minimum quadopt=(dt=0.112,rms=0.495706) vs oldopt=(dt=0.08,rms=0.495708)
GCAMregister done in 23.5462 min
********************* ALLOWING NEGATIVE NODES IN DEFORMATION********************************
noneg post
Starting GCAMregister()
label assignment complete, 0 changed (0.00%)
npasses = 1, nlevels = 6
#pass# 1 of 1 ************************
enabling zero nodes
setting smoothness cost coefficient to 0.008

#GCAMreg# pass 0 level1 5 level2 0 tsec 0 sigma 2
l_jacobian=1.00 l_label=1.00 l_log_likelihood=0.20 l_smoothness=0.01 
tol=2.50e-01, dt=5.00e-02, exp_k=20.0, momentum=0.90, levels=6, niter=500, lbl_dist=10.00, avgs=256, sigma=2.0,type=2, relabel=0, neg=yes

blurring input image with Gaussian with sigma=2.000...
GCAMRegisterLevel(): init RMS 0.494453
#GCMRL#  514 dt   0.000000 rms  0.493  0.235% neg 0  invalid 762 tFOTS 3.8460 tGradient 2.0180 tsec 6.1630

#GCAMreg# pass 0 level1 5 level2 1 tsec 21.457 sigma 0.5
l_jacobian=1.00 l_label=1.00 l_log_likelihood=0.20 l_smoothness=0.01 
tol=2.50e-01, dt=5.00e-02, exp_k=20.0, momentum=0.90, levels=6, niter=500, lbl_dist=10.00, avgs=256, sigma=0.5,type=2, relabel=0, neg=yes

blurring input image with Gaussian with sigma=0.500...
GCAMRegisterLevel(): init RMS 0.494453
#FOTS# QuadFit found better minimum quadopt=(dt=129.472,rms=0.49302) vs oldopt=(dt=92.48,rms=0.493065)
#GCMRL#  516 dt 129.472000 rms  0.493  0.290% neg 0  invalid 762 tFOTS 5.0000 tGradient 2.4360 tsec 7.8150
#FOTS# QuadFit found better minimum quadopt=(dt=129.472,rms=0.492834) vs oldopt=(dt=92.48,rms=0.49287)
#GCMRL#  517 dt 129.472000 rms  0.493  0.000% neg 0  invalid 762 tFOTS 5.3130 tGradient 2.4940 tsec 8.2070
#GCMRL#  518 dt 129.472000 rms  0.493  0.004% neg 0  invalid 762 tFOTS 0.0000 tGradient 2.6080 tsec 2.9590
#GCMRL#  519 dt 129.472000 rms  0.493  0.057% neg 0  invalid 762 tFOTS 0.0000 tGradient 2.5700 tsec 2.9880
#GCMRL#  520 dt 129.472000 rms  0.492  0.049% neg 0  invalid 762 tFOTS 0.0000 tGradient 2.1480 tsec 2.4810
#GCMRL#  521 dt 129.472000 rms  0.492  0.022% neg 0  invalid 762 tFOTS 0.0000 tGradient 2.3880 tsec 2.7590
#FOTS# QuadFit found better minimum quadopt=(dt=32.368,rms=0.492119) vs oldopt=(dt=23.12,rms=0.492132)
setting smoothness cost coefficient to 0.031

#GCAMreg# pass 0 level1 4 level2 0 tsec 0 sigma 2
l_jacobian=1.00 l_label=1.00 l_log_likelihood=0.20 l_smoothness=0.03 
tol=2.50e-01, dt=5.00e-02, exp_k=20.0, momentum=0.90, levels=6, niter=500, lbl_dist=10.00, avgs=64, sigma=2.0,type=2, relabel=0, neg=yes

blurring input image with Gaussian with sigma=2.000...
GCAMRegisterLevel(): init RMS 0.493303
#GCMRL#  523 dt  25.920000 rms  0.492  0.284% neg 0  invalid 762 tFOTS 5.4930 tGradient 2.2580 tsec 8.1590
#GCMRL#  524 dt  25.920000 rms  0.492  0.000% neg 0  invalid 762 tFOTS 4.8360 tGradient 1.9330 tsec 7.1750
#GCMRL#  525 dt  25.920000 rms  0.492  0.013% neg 0  invalid 762 tFOTS 0.0000 tGradient 1.5950 tsec 1.8930

#GCAMreg# pass 0 level1 4 level2 1 tsec 27.667 sigma 0.5
l_jacobian=1.00 l_label=1.00 l_log_likelihood=0.20 l_smoothness=0.03 
tol=2.50e-01, dt=5.00e-02, exp_k=20.0, momentum=0.90, levels=6, niter=500, lbl_dist=10.00, avgs=64, sigma=0.5,type=2, relabel=0, neg=yes

blurring input image with Gaussian with sigma=0.500...
GCAMRegisterLevel(): init RMS 0.492925
#FOTS# QuadFit found better minimum quadopt=(dt=66.3977,rms=0.490308) vs oldopt=(dt=103.68,rms=0.490754)
#GCMRL#  527 dt  66.397695 rms  0.490  0.531% neg 0  invalid 762 tFOTS 5.2060 tGradient 1.8760 tsec 7.4550
#FOTS# QuadFit found better minimum quadopt=(dt=36.288,rms=0.489511) vs oldopt=(dt=25.92,rms=0.489636)
#GCMRL#  528 dt  36.288000 rms  0.490  0.000% neg 0  invalid 762 tFOTS 4.9810 tGradient 1.6500 tsec 7.0120
#GCMRL#  529 dt  36.288000 rms  0.489  0.069% neg 0  invalid 762 tFOTS 0.0000 tGradient 1.6490 tsec 1.9380
#GCMRL#  530 dt  36.288000 rms  0.489  0.113% neg 0  invalid 762 tFOTS 0.0000 tGradient 1.6580 tsec 1.9520
#GCMRL#  531 dt  36.288000 rms  0.488  0.141% neg 0  invalid 762 tFOTS 0.0000 tGradient 1.6780 tsec 1.9870
#GCMRL#  532 dt  36.288000 rms  0.487  0.132% neg 0  invalid 762 tFOTS 0.0000 tGradient 1.6380 tsec 1.9470
#GCMRL#  533 dt  36.288000 rms  0.487  0.119% neg 0  invalid 762 tFOTS 0.0000 tGradient 1.5930 tsec 1.8950
#GCMRL#  534 dt  36.288000 rms  0.486  0.097% neg 0  invalid 762 tFOTS 0.0000 tGradient 2.0230 tsec 2.3980
#FOTS# QuadFit found better minimum quadopt=(dt=82.944,rms=0.486155) vs oldopt=(dt=103.68,rms=0.48616)
#GCMRL#  535 dt  82.944000 rms  0.486  0.000% neg 0  invalid 762 tFOTS 4.3710 tGradient 1.6760 tsec 6.3970
setting smoothness cost coefficient to 0.118

#GCAMreg# pass 0 level1 3 level2 0 tsec 0 sigma 2
l_jacobian=1.00 l_label=1.00 l_log_likelihood=0.20 l_smoothness=0.12 
tol=2.50e-01, dt=5.00e-02, exp_k=20.0, momentum=0.90, levels=6, niter=500, lbl_dist=10.00, avgs=16, sigma=2.0,type=2, relabel=0, neg=yes

blurring input image with Gaussian with sigma=2.000...
GCAMRegisterLevel(): init RMS 0.487694
#FOTS# QuadFit found better minimum quadopt=(dt=28.9933,rms=0.484626) vs oldopt=(dt=32,rms=0.484669)
#GCMRL#  537 dt  28.993289 rms  0.485  0.629% neg 0  invalid 762 tFOTS 4.7050 tGradient 1.3950 tsec 6.4430
#FOTS# QuadFit found better minimum quadopt=(dt=44.8,rms=0.483542) vs oldopt=(dt=32,rms=0.483582)
iter 0, gcam->neg = 2
after 3 iterations, nbhd size=0, neg = 0
#GCMRL#  538 dt  44.800000 rms  0.484  0.000% neg 0  invalid 762 tFOTS 4.8320 tGradient 1.4690 tsec 8.0430
iter 0, gcam->neg = 1
after 2 iterations, nbhd size=0, neg = 0
#GCMRL#  539 dt  44.800000 rms  0.483  0.184% neg 0  invalid 762 tFOTS 0.0000 tGradient 1.3250 tsec 2.6660
iter 0, gcam->neg = 5
after 13 iterations, nbhd size=1, neg = 0
#GCMRL#  540 dt  44.800000 rms  0.481  0.354% neg 0  invalid 762 tFOTS 0.0000 tGradient 1.3920 tsec 5.6670
iter 0, gcam->neg = 17
after 12 iterations, nbhd size=1, neg = 0
#GCMRL#  541 dt  44.800000 rms  0.481 -0.194% neg 0  invalid 762 tFOTS 0.0000 tGradient 1.3580 tsec 5.5880
#FOTS# QuadFit found better minimum quadopt=(dt=11.2,rms=0.480441) vs oldopt=(dt=8,rms=0.480498)
#GCMRL#  542 dt  11.200000 rms  0.480  0.056% neg 0  invalid 762 tFOTS 5.1170 tGradient 1.3770 tsec 6.8420
#FOTS# QuadFit found better minimum quadopt=(dt=44.8,rms=0.479927) vs oldopt=(dt=32,rms=0.480015)
iter 0, gcam->neg = 3
after 2 iterations, nbhd size=0, neg = 0
#GCMRL#  543 dt  44.800000 rms  0.480  0.106% neg 0  invalid 762 tFOTS 5.1650 tGradient 1.4910 tsec 8.1020
#FOTS# QuadFit found better minimum quadopt=(dt=25.6,rms=0.479608) vs oldopt=(dt=32,rms=0.479616)
iter 0, gcam->neg = 1
after 0 iterations, nbhd size=0, neg = 0

#GCAMreg# pass 0 level1 3 level2 1 tsec 58.849 sigma 0.5
l_jacobian=1.00 l_label=1.00 l_log_likelihood=0.20 l_smoothness=0.12 
tol=2.50e-01, dt=5.00e-02, exp_k=20.0, momentum=0.90, levels=6, niter=500, lbl_dist=10.00, avgs=16, sigma=0.5,type=2, relabel=0, neg=yes

blurring input image with Gaussian with sigma=0.500...
GCAMRegisterLevel(): init RMS 0.480878
#FOTS# QuadFit found better minimum quadopt=(dt=44.1718,rms=0.475127) vs oldopt=(dt=32,rms=0.475387)
#GCMRL#  545 dt  44.171779 rms  0.475  1.196% neg 0  invalid 762 tFOTS 5.4130 tGradient 1.3790 tsec 7.1460
#FOTS# QuadFit found better minimum quadopt=(dt=21.6086,rms=0.473306) vs oldopt=(dt=32,rms=0.473759)
#GCMRL#  546 dt  21.608602 rms  0.473  0.383% neg 0  invalid 762 tFOTS 5.4130 tGradient 1.3120 tsec 7.1170
#FOTS# QuadFit found better minimum quadopt=(dt=25.0115,rms=0.472256) vs oldopt=(dt=32,rms=0.472374)
#GCMRL#  547 dt  25.011494 rms  0.472  0.000% neg 0  invalid 762 tFOTS 5.3080 tGradient 1.4190 tsec 7.0940
#GCMRL#  548 dt  25.011494 rms  0.472  0.138% neg 0  invalid 762 tFOTS 0.0000 tGradient 1.3720 tsec 1.7100
#GCMRL#  549 dt  25.011494 rms  0.470  0.267% neg 0  invalid 762 tFOTS 0.0000 tGradient 1.2660 tsec 1.5870
#GCMRL#  550 dt  25.011494 rms  0.470  0.179% neg 0  invalid 762 tFOTS 0.0000 tGradient 1.2400 tsec 1.5420
iter 0, gcam->neg = 2
after 6 iterations, nbhd size=1, neg = 0
#GCMRL#  551 dt  25.011494 rms  0.468  0.318% neg 0  invalid 762 tFOTS 0.0000 tGradient 1.3000 tsec 3.6300
#GCMRL#  552 dt  25.011494 rms  0.467  0.146% neg 0  invalid 762 tFOTS 0.0000 tGradient 1.2970 tsec 1.5940
iter 0, gcam->neg = 1
after 1 iterations, nbhd size=0, neg = 0
#GCMRL#  553 dt  25.011494 rms  0.466  0.232% neg 0  invalid 762 tFOTS 0.0000 tGradient 1.2950 tsec 2.3560
iter 0, gcam->neg = 2
after 1 iterations, nbhd size=0, neg = 0
#GCMRL#  554 dt  25.011494 rms  0.466  0.155% neg 0  invalid 762 tFOTS 0.0000 tGradient 1.2780 tsec 2.3060
iter 0, gcam->neg = 2
after 10 iterations, nbhd size=1, neg = 0
#GCMRL#  555 dt  25.011494 rms  0.464  0.225% neg 0  invalid 762 tFOTS 0.0000 tGradient 1.2720 tsec 4.5460
#GCMRL#  556 dt  25.011494 rms  0.464  0.059% neg 0  invalid 762 tFOTS 0.0000 tGradient 1.3680 tsec 1.7010
#GCMRL#  557 dt  25.011494 rms  0.463  0.213% neg 0  invalid 762 tFOTS 0.0000 tGradient 1.4380 tsec 1.7490
iter 0, gcam->neg = 1
after 4 iterations, nbhd size=0, neg = 0
#GCMRL#  558 dt  25.011494 rms  0.463  0.091% neg 0  invalid 762 tFOTS 0.0000 tGradient 1.4400 tsec 3.3170
#GCMRL#  559 dt  25.011494 rms  0.462  0.184% neg 0  invalid 762 tFOTS 0.0000 tGradient 1.4030 tsec 1.7340
iter 0, gcam->neg = 1
after 3 iterations, nbhd size=0, neg = 0
#GCMRL#  560 dt  25.011494 rms  0.462 -0.018% neg 0  invalid 762 tFOTS 0.0000 tGradient 1.2650 tsec 2.9800
#FOTS# QuadFit found better minimum quadopt=(dt=11.2,rms=0.461793) vs oldopt=(dt=8,rms=0.461805)
#GCMRL#  561 dt  11.200000 rms  0.462  0.026% neg 0  invalid 762 tFOTS 4.9950 tGradient 1.2470 tsec 6.6080
#FOTS# QuadFit found better minimum quadopt=(dt=44.8,rms=0.461595) vs oldopt=(dt=32,rms=0.461625)
iter 0, gcam->neg = 1
after 3 iterations, nbhd size=0, neg = 0
#GCMRL#  562 dt  44.800000 rms  0.462  0.041% neg 0  invalid 762 tFOTS 4.8350 tGradient 1.3760 tsec 7.7530
#FOTS# QuadFit found better minimum quadopt=(dt=19.2,rms=0.461518) vs oldopt=(dt=32,rms=0.46154)
setting smoothness cost coefficient to 0.400

#GCAMreg# pass 0 level1 2 level2 0 tsec 0 sigma 2
l_jacobian=1.00 l_label=1.00 l_log_likelihood=0.20 l_smoothness=0.40 
tol=2.50e-01, dt=5.00e-02, exp_k=20.0, momentum=0.90, levels=6, niter=500, lbl_dist=10.00, avgs=4, sigma=2.0,type=2, relabel=0, neg=yes

blurring input image with Gaussian with sigma=2.000...
GCAMRegisterLevel(): init RMS 0.467856
#FOTS# QuadFit found better minimum quadopt=(dt=0.864,rms=0.466626) vs oldopt=(dt=0.72,rms=0.466626)
#GCMRL#  564 dt   0.864000 rms  0.467  0.263% neg 0  invalid 762 tFOTS 5.0930 tGradient 1.3950 tsec 6.8220
#FOTS# QuadFit found better minimum quadopt=(dt=0.252,rms=0.466615) vs oldopt=(dt=0.18,rms=0.466615)
#GCMRL#  565 dt   0.252000 rms  0.467  0.000% neg 0  invalid 762 tFOTS 4.9080 tGradient 1.2090 tsec 6.5210
#GCMRL#  566 dt   0.252000 rms  0.467  0.000% neg 0  invalid 762 tFOTS 0.0000 tGradient 1.6520 tsec 2.0510

#GCAMreg# pass 0 level1 2 level2 1 tsec 25.57 sigma 0.5
l_jacobian=1.00 l_label=1.00 l_log_likelihood=0.20 l_smoothness=0.40 
tol=2.50e-01, dt=5.00e-02, exp_k=20.0, momentum=0.90, levels=6, niter=500, lbl_dist=10.00, avgs=4, sigma=0.5,type=2, relabel=0, neg=yes

blurring input image with Gaussian with sigma=0.500...
GCAMRegisterLevel(): init RMS 0.467838
#FOTS# QuadFit found better minimum quadopt=(dt=2.85714,rms=0.4665) vs oldopt=(dt=2.88,rms=0.4665)
#GCMRL#  568 dt   2.857143 rms  0.467  0.286% neg 0  invalid 762 tFOTS 5.1420 tGradient 1.1690 tsec 6.6800
#GCMRL#  569 dt   2.880000 rms  0.466  0.000% neg 0  invalid 762 tFOTS 5.2960 tGradient 1.3820 tsec 7.0720
#GCMRL#  570 dt   2.880000 rms  0.466  0.014% neg 0  invalid 762 tFOTS 0.0000 tGradient 1.3510 tsec 1.7120
setting smoothness cost coefficient to 1.000

#GCAMreg# pass 0 level1 1 level2 0 tsec 0 sigma 2
l_jacobian=1.00 l_label=1.00 l_log_likelihood=0.20 l_smoothness=1.00 
tol=2.50e-01, dt=5.00e-02, exp_k=20.0, momentum=0.90, levels=6, niter=500, lbl_dist=10.00, avgs=1, sigma=2.0,type=2, relabel=0, neg=yes

blurring input image with Gaussian with sigma=2.000...
GCAMRegisterLevel(): init RMS 0.475349
#GCMRL#  572 dt   0.000000 rms  0.474  0.249% neg 0  invalid 762 tFOTS 4.8910 tGradient 1.0880 tsec 6.3440

#GCAMreg# pass 0 level1 1 level2 1 tsec 21.355 sigma 0.5
l_jacobian=1.00 l_label=1.00 l_log_likelihood=0.20 l_smoothness=1.00 
tol=2.50e-01, dt=5.00e-02, exp_k=20.0, momentum=0.90, levels=6, niter=500, lbl_dist=10.00, avgs=1, sigma=0.5,type=2, relabel=0, neg=yes

blurring input image with Gaussian with sigma=0.500...
GCAMRegisterLevel(): init RMS 0.475349
#FOTS# QuadFit found better minimum quadopt=(dt=1.024,rms=0.473709) vs oldopt=(dt=1.28,rms=0.473727)
#GCMRL#  574 dt   1.024000 rms  0.474  0.345% neg 0  invalid 762 tFOTS 5.0080 tGradient 1.0990 tsec 6.4220
#FOTS# QuadFit found better minimum quadopt=(dt=0.448,rms=0.473604) vs oldopt=(dt=0.32,rms=0.473622)
#GCMRL#  575 dt   0.448000 rms  0.474  0.000% neg 0  invalid 762 tFOTS 5.2040 tGradient 1.1120 tsec 6.6930
#GCMRL#  576 dt   0.448000 rms  0.474  0.006% neg 0  invalid 762 tFOTS 0.0000 tGradient 1.2030 tsec 1.5320
resetting metric properties...
setting smoothness cost coefficient to 2.000

#GCAMreg# pass 0 level1 0 level2 0 tsec 0 sigma 2
l_jacobian=1.00 l_label=1.00 l_log_likelihood=0.20 l_smoothness=2.00 
tol=2.50e-01, dt=5.00e-02, exp_k=20.0, momentum=0.90, levels=6, niter=500, lbl_dist=10.00, avgs=0, sigma=2.0,type=2, relabel=0, neg=yes

blurring input image with Gaussian with sigma=2.000...
GCAMRegisterLevel(): init RMS 0.465386
#FOTS# QuadFit found better minimum quadopt=(dt=2.08977,rms=0.433184) vs oldopt=(dt=1.28,rms=0.438057)
iter 0, gcam->neg = 840
after 18 iterations, nbhd size=1, neg = 0
#GCMRL#  578 dt   2.089770 rms  0.436  6.348% neg 0  invalid 762 tFOTS 5.2140 tGradient 0.7410 tsec 11.5140
#FOTS# QuadFit found better minimum quadopt=(dt=0.064,rms=0.435663) vs oldopt=(dt=0.08,rms=0.43567)
#GCMRL#  579 dt   0.064000 rms  0.436  0.000% neg 0  invalid 762 tFOTS 5.1770 tGradient 0.6910 tsec 6.2320

#GCAMreg# pass 0 level1 0 level2 1 tsec 27.337 sigma 0.5
l_jacobian=1.00 l_label=1.00 l_log_likelihood=0.20 l_smoothness=2.00 
tol=2.50e-01, dt=5.00e-02, exp_k=20.0, momentum=0.90, levels=6, niter=500, lbl_dist=10.00, avgs=0, sigma=0.5,type=2, relabel=0, neg=yes

blurring input image with Gaussian with sigma=0.500...
GCAMRegisterLevel(): init RMS 0.437026
#GCMRL#  581 dt   0.080000 rms  0.435  0.358% neg 0  invalid 762 tFOTS 5.2540 tGradient 0.6990 tsec 6.3080
#FOTS# QuadFit found better minimum quadopt=(dt=0.00175,rms=0.435465) vs oldopt=(dt=0.00125,rms=0.435465)
#GCMRL#  582 dt   0.001750 rms  0.435  0.000% neg 0  invalid 762 tFOTS 5.2400 tGradient 0.7870 tsec 6.6570
#GCMRL#  583 dt   0.001750 rms  0.435  0.000% neg 0  invalid 762 tFOTS 0.0000 tGradient 0.7860 tsec 1.1270
label assignment complete, 0 changed (0.00%)
GCAMregister done in 6.3612 min
Starting GCAMcomputeMaxPriorLabels()
Morphing with label term set to 0 *******************************
Starting GCAMregister()
label assignment complete, 0 changed (0.00%)
npasses = 1, nlevels = 6
#pass# 1 of 1 ************************
enabling zero nodes
setting smoothness cost coefficient to 0.008

#GCAMreg# pass 0 level1 5 level2 0 tsec 0 sigma 2
l_jacobian=1.00 l_log_likelihood=0.20 l_smoothness=0.01 
tol=2.50e-01, dt=5.00e-02, exp_k=20.0, momentum=0.90, levels=6, niter=500, lbl_dist=10.00, avgs=256, sigma=2.0,type=2, relabel=0, neg=yes

blurring input image with Gaussian with sigma=2.000...
GCAMRegisterLevel(): init RMS 0.423037

#GCAMreg# pass 0 level1 5 level2 1 tsec 10.201 sigma 0.5
l_jacobian=1.00 l_log_likelihood=0.20 l_smoothness=0.01 
tol=2.50e-01, dt=5.00e-02, exp_k=20.0, momentum=0.90, levels=6, niter=500, lbl_dist=10.00, avgs=256, sigma=0.5,type=2, relabel=0, neg=yes

blurring input image with Gaussian with sigma=0.500...
GCAMRegisterLevel(): init RMS 0.423037
setting smoothness cost coefficient to 0.031

#GCAMreg# pass 0 level1 4 level2 0 tsec 0 sigma 2
l_jacobian=1.00 l_log_likelihood=0.20 l_smoothness=0.03 
tol=2.50e-01, dt=5.00e-02, exp_k=20.0, momentum=0.90, levels=6, niter=500, lbl_dist=10.00, avgs=64, sigma=2.0,type=2, relabel=0, neg=yes

blurring input image with Gaussian with sigma=2.000...
GCAMRegisterLevel(): init RMS 0.423199

#GCAMreg# pass 0 level1 4 level2 1 tsec 11.044 sigma 0.5
l_jacobian=1.00 l_log_likelihood=0.20 l_smoothness=0.03 
tol=2.50e-01, dt=5.00e-02, exp_k=20.0, momentum=0.90, levels=6, niter=500, lbl_dist=10.00, avgs=64, sigma=0.5,type=2, relabel=0, neg=yes

blurring input image with Gaussian with sigma=0.500...
GCAMRegisterLevel(): init RMS 0.423199
#FOTS# QuadFit found better minimum quadopt=(dt=36.288,rms=0.423089) vs oldopt=(dt=25.92,rms=0.423099)
#GCMRL#  588 dt  36.288000 rms  0.423  0.026% neg 0  invalid 762 tFOTS 4.7930 tGradient 1.6510 tsec 6.7960
#FOTS# QuadFit found better minimum quadopt=(dt=82.944,rms=0.422972) vs oldopt=(dt=103.68,rms=0.422974)
#GCMRL#  589 dt  82.944000 rms  0.423  0.028% neg 0  invalid 762 tFOTS 4.5220 tGradient 1.6450 tsec 6.4950
#FOTS# QuadFit found better minimum quadopt=(dt=145.152,rms=0.422823) vs oldopt=(dt=103.68,rms=0.422845)
#GCMRL#  590 dt 145.152000 rms  0.423  0.035% neg 0  invalid 762 tFOTS 5.5870 tGradient 1.7720 tsec 7.7750
#FOTS# QuadFit found better minimum quadopt=(dt=36.288,rms=0.422787) vs oldopt=(dt=25.92,rms=0.422794)
#GCMRL#  591 dt  36.288000 rms  0.423  0.000% neg 0  invalid 762 tFOTS 4.0140 tGradient 1.5700 tsec 5.9090
#GCMRL#  592 dt  36.288000 rms  0.423  0.006% neg 0  invalid 762 tFOTS 0.0000 tGradient 1.3470 tsec 1.6090
#GCMRL#  593 dt  36.288000 rms  0.423  0.010% neg 0  invalid 762 tFOTS 0.0000 tGradient 1.3820 tsec 1.6700
#GCMRL#  594 dt  36.288000 rms  0.423  0.012% neg 0  invalid 762 tFOTS 0.0000 tGradient 1.3390 tsec 1.6040
#GCMRL#  595 dt  36.288000 rms  0.423  0.012% neg 0  invalid 762 tFOTS 0.0000 tGradient 1.3420 tsec 1.6070
setting smoothness cost coefficient to 0.118

#GCAMreg# pass 0 level1 3 level2 0 tsec 0 sigma 2
l_jacobian=1.00 l_log_likelihood=0.20 l_smoothness=0.12 
tol=2.50e-01, dt=5.00e-02, exp_k=20.0, momentum=0.90, levels=6, niter=500, lbl_dist=10.00, avgs=16, sigma=2.0,type=2, relabel=0, neg=yes

blurring input image with Gaussian with sigma=2.000...
GCAMRegisterLevel(): init RMS 0.423222
#FOTS# QuadFit found better minimum quadopt=(dt=4.8,rms=0.423158) vs oldopt=(dt=8,rms=0.42318)
#GCMRL#  597 dt   4.800000 rms  0.423  0.015% neg 0  invalid 762 tFOTS 3.9010 tGradient 1.1200 tsec 5.3190
#FOTS# QuadFit found better minimum quadopt=(dt=1.2,rms=0.423154) vs oldopt=(dt=2,rms=0.423156)
#GCMRL#  598 dt   1.200000 rms  0.423  0.000% neg 0  invalid 762 tFOTS 3.9190 tGradient 1.0800 tsec 5.3030

#GCAMreg# pass 0 level1 3 level2 1 tsec 15.852 sigma 0.5
l_jacobian=1.00 l_log_likelihood=0.20 l_smoothness=0.12 
tol=2.50e-01, dt=5.00e-02, exp_k=20.0, momentum=0.90, levels=6, niter=500, lbl_dist=10.00, avgs=16, sigma=0.5,type=2, relabel=0, neg=yes

blurring input image with Gaussian with sigma=0.500...
GCAMRegisterLevel(): init RMS 0.423154
#FOTS# QuadFit found better minimum quadopt=(dt=112.478,rms=0.419965) vs oldopt=(dt=128,rms=0.420051)
iter 0, gcam->neg = 3
after 4 iterations, nbhd size=0, neg = 0
#GCMRL#  600 dt 112.478032 rms  0.420  0.748% neg 0  invalid 762 tFOTS 4.2340 tGradient 1.0970 tsec 6.9820
#FOTS# QuadFit found better minimum quadopt=(dt=22.0541,rms=0.419206) vs oldopt=(dt=32,rms=0.419428)
iter 0, gcam->neg = 1
after 2 iterations, nbhd size=0, neg = 0
#GCMRL#  601 dt  22.054054 rms  0.419  0.000% neg 0  invalid 762 tFOTS 3.5760 tGradient 1.2760 tsec 5.9570
#GCMRL#  602 dt  22.054054 rms  0.419  0.051% neg 0  invalid 762 tFOTS 0.0000 tGradient 1.0180 tsec 1.2330
iter 0, gcam->neg = 1
after 0 iterations, nbhd size=0, neg = 0
#GCMRL#  603 dt  22.054054 rms  0.419  0.051% neg 0  invalid 762 tFOTS 0.0000 tGradient 1.0430 tsec 1.6620
iter 0, gcam->neg = 1
after 0 iterations, nbhd size=0, neg = 0
#GCMRL#  604 dt  22.054054 rms  0.418  0.090% neg 0  invalid 762 tFOTS 0.0000 tGradient 1.0280 tsec 1.6510
iter 0, gcam->neg = 3
after 7 iterations, nbhd size=1, neg = 0
#GCMRL#  605 dt  22.054054 rms  0.418  0.094% neg 0  invalid 762 tFOTS 0.0000 tGradient 1.0520 tsec 3.1300
iter 0, gcam->neg = 5
after 2 iterations, nbhd size=0, neg = 0
#GCMRL#  606 dt  22.054054 rms  0.417  0.156% neg 0  invalid 762 tFOTS 0.0000 tGradient 1.0470 tsec 2.0750
iter 0, gcam->neg = 4
after 10 iterations, nbhd size=1, neg = 0
#GCMRL#  607 dt  22.054054 rms  0.417  0.138% neg 0  invalid 762 tFOTS 0.0000 tGradient 1.2790 tsec 4.2950
iter 0, gcam->neg = 11
after 18 iterations, nbhd size=1, neg = 0
#GCMRL#  608 dt  22.054054 rms  0.416  0.099% neg 0  invalid 762 tFOTS 0.0000 tGradient 1.4160 tsec 6.9500
iter 0, gcam->neg = 17
after 10 iterations, nbhd size=1, neg = 0
#GCMRL#  609 dt  22.054054 rms  0.416  0.110% neg 0  invalid 762 tFOTS 0.0000 tGradient 1.7720 tsec 5.0190
iter 0, gcam->neg = 21
after 15 iterations, nbhd size=1, neg = 0
#GCMRL#  610 dt  22.054054 rms  0.416  0.011% neg 0  invalid 762 tFOTS 0.0000 tGradient 1.3050 tsec 5.7060
#FOTS# QuadFit found better minimum quadopt=(dt=25.6,rms=0.415819) vs oldopt=(dt=32,rms=0.415821)
iter 0, gcam->neg = 5
after 4 iterations, nbhd size=0, neg = 0
#GCMRL#  611 dt  25.600000 rms  0.416  0.012% neg 0  invalid 762 tFOTS 4.5460 tGradient 1.3480 tsec 7.5960
#FOTS# QuadFit found better minimum quadopt=(dt=38.4,rms=0.415769) vs oldopt=(dt=32,rms=0.415771)
iter 0, gcam->neg = 2
after 3 iterations, nbhd size=0, neg = 0
#GCMRL#  612 dt  38.400000 rms  0.416  0.016% neg 0  invalid 762 tFOTS 4.0690 tGradient 1.0510 tsec 6.7840
#FOTS# QuadFit found better minimum quadopt=(dt=19.2,rms=0.415729) vs oldopt=(dt=32,rms=0.415738)
iter 0, gcam->neg = 1
after 0 iterations, nbhd size=0, neg = 0
#GCMRL#  613 dt  19.200000 rms  0.416  0.000% neg 0  invalid 762 tFOTS 4.1140 tGradient 1.3520 tsec 6.3190
iter 0, gcam->neg = 1
after 0 iterations, nbhd size=0, neg = 0
#GCMRL#  614 dt  19.200000 rms  0.416  0.009% neg 0  invalid 762 tFOTS 0.0000 tGradient 1.1970 tsec 2.0080
iter 0, gcam->neg = 2
after 7 iterations, nbhd size=0, neg = 0
#GCMRL#  615 dt  19.200000 rms  0.416  0.013% neg 0  invalid 762 tFOTS 0.0000 tGradient 1.1920 tsec 3.9350
iter 0, gcam->neg = 3
after 1 iterations, nbhd size=0, neg = 0
#GCMRL#  616 dt  19.200000 rms  0.416  0.018% neg 0  invalid 762 tFOTS 0.0000 tGradient 1.1120 tsec 2.1450
iter 0, gcam->neg = 3
after 1 iterations, nbhd size=0, neg = 0
#GCMRL#  617 dt  19.200000 rms  0.415  0.022% neg 0  invalid 762 tFOTS 0.0000 tGradient 1.2100 tsec 2.2820
iter 0, gcam->neg = 3
after 2 iterations, nbhd size=0, neg = 0
#GCMRL#  618 dt  19.200000 rms  0.415  0.027% neg 0  invalid 762 tFOTS 0.0000 tGradient 1.3460 tsec 2.7940
iter 0, gcam->neg = 14
after 7 iterations, nbhd size=0, neg = 0
#GCMRL#  619 dt  19.200000 rms  0.415  0.031% neg 0  invalid 762 tFOTS 0.0000 tGradient 1.3850 tsec 4.4280
iter 0, gcam->neg = 3
after 4 iterations, nbhd size=0, neg = 0
#GCMRL#  620 dt  19.200000 rms  0.415  0.032% neg 0  invalid 762 tFOTS 0.0000 tGradient 1.8390 tsec 3.9460
iter 0, gcam->neg = 2
after 4 iterations, nbhd size=0, neg = 0
#GCMRL#  621 dt  19.200000 rms  0.415  0.034% neg 0  invalid 762 tFOTS 0.0000 tGradient 1.5420 tsec 3.6460
iter 0, gcam->neg = 5
after 4 iterations, nbhd size=0, neg = 0
#GCMRL#  622 dt  19.200000 rms  0.415  0.033% neg 0  invalid 762 tFOTS 0.0000 tGradient 1.1070 tsec 2.8870
iter 0, gcam->neg = 9
after 8 iterations, nbhd size=0, neg = 0
setting smoothness cost coefficient to 0.400

#GCAMreg# pass 0 level1 2 level2 0 tsec 0 sigma 2
l_jacobian=1.00 l_log_likelihood=0.20 l_smoothness=0.40 
tol=2.50e-01, dt=5.00e-02, exp_k=20.0, momentum=0.90, levels=6, niter=500, lbl_dist=10.00, avgs=4, sigma=2.0,type=2, relabel=0, neg=yes

blurring input image with Gaussian with sigma=2.000...
GCAMRegisterLevel(): init RMS 0.418608
#FOTS# QuadFit found better minimum quadopt=(dt=0.000246094,rms=0.418608) vs oldopt=(dt=0.000175781,rms=0.418608)
#GCMRL#  624 dt   0.000246 rms  0.419  0.000% neg 0  invalid 762 tFOTS 5.3480 tGradient 0.9750 tsec 6.6510

#GCAMreg# pass 0 level1 2 level2 1 tsec 15.562 sigma 0.5
l_jacobian=1.00 l_log_likelihood=0.20 l_smoothness=0.40 
tol=2.50e-01, dt=5.00e-02, exp_k=20.0, momentum=0.90, levels=6, niter=500, lbl_dist=10.00, avgs=4, sigma=0.5,type=2, relabel=0, neg=yes

blurring input image with Gaussian with sigma=0.500...
GCAMRegisterLevel(): init RMS 0.418608
#FOTS# QuadFit found better minimum quadopt=(dt=8.16842,rms=0.418244) vs oldopt=(dt=11.52,rms=0.418311)
iter 0, gcam->neg = 19
after 5 iterations, nbhd size=0, neg = 0
#GCMRL#  626 dt   8.168421 rms  0.418  0.076% neg 0  invalid 762 tFOTS 4.5740 tGradient 0.9830 tsec 7.8420
#FOTS# QuadFit found better minimum quadopt=(dt=18.9714,rms=0.417565) vs oldopt=(dt=11.52,rms=0.417686)
iter 0, gcam->neg = 31
after 14 iterations, nbhd size=1, neg = 0
#GCMRL#  627 dt  18.971429 rms  0.418  0.145% neg 0  invalid 762 tFOTS 4.7110 tGradient 1.1390 tsec 10.6310
#FOTS# QuadFit found better minimum quadopt=(dt=23.7419,rms=0.416722) vs oldopt=(dt=11.52,rms=0.416957)
iter 0, gcam->neg = 136
after 20 iterations, nbhd size=1, neg = 0
#GCMRL#  628 dt  23.741935 rms  0.417  0.000% neg 0  invalid 762 tFOTS 4.6690 tGradient 1.1770 tsec 12.1580
iter 0, gcam->neg = 458
after 21 iterations, nbhd size=1, neg = 0
setting smoothness cost coefficient to 1.000

#GCAMreg# pass 0 level1 1 level2 0 tsec 0 sigma 2
l_jacobian=1.00 l_log_likelihood=0.20 l_smoothness=1.00 
tol=2.50e-01, dt=5.00e-02, exp_k=20.0, momentum=0.90, levels=6, niter=500, lbl_dist=10.00, avgs=1, sigma=2.0,type=2, relabel=0, neg=yes

blurring input image with Gaussian with sigma=2.000...
GCAMRegisterLevel(): init RMS 0.423026
#GCMRL#  630 dt   0.000050 rms  0.423  0.000% neg 0  invalid 762 tFOTS 5.9040 tGradient 0.9360 tsec 7.1930

#GCAMreg# pass 0 level1 1 level2 1 tsec 16.775 sigma 0.5
l_jacobian=1.00 l_log_likelihood=0.20 l_smoothness=1.00 
tol=2.50e-01, dt=5.00e-02, exp_k=20.0, momentum=0.90, levels=6, niter=500, lbl_dist=10.00, avgs=1, sigma=0.5,type=2, relabel=0, neg=yes

blurring input image with Gaussian with sigma=0.500...
GCAMRegisterLevel(): init RMS 0.423026
resetting metric properties...
setting smoothness cost coefficient to 2.000

#GCAMreg# pass 0 level1 0 level2 0 tsec 0 sigma 2
l_jacobian=1.00 l_log_likelihood=0.20 l_smoothness=2.00 
tol=2.50e-01, dt=5.00e-02, exp_k=20.0, momentum=0.90, levels=6, niter=500, lbl_dist=10.00, avgs=0, sigma=2.0,type=2, relabel=0, neg=yes

blurring input image with Gaussian with sigma=2.000...
GCAMRegisterLevel(): init RMS 0.41309
#FOTS# QuadFit found better minimum quadopt=(dt=0.944988,rms=0.404628) vs oldopt=(dt=1.28,rms=0.405793)
iter 0, gcam->neg = 799
after 22 iterations, nbhd size=1, neg = 0
#GCMRL#  633 dt   0.944988 rms  0.407  1.571% neg 0  invalid 762 tFOTS 4.0850 tGradient 0.4300 tsec 11.7130
#FOTS# QuadFit found better minimum quadopt=(dt=2.73438e-05,rms=0.406598) vs oldopt=(dt=1.95313e-05,rms=0.406598)
#GCMRL#  634 dt   0.000027 rms  0.407  0.000% neg 0  invalid 762 tFOTS 4.5730 tGradient 0.3220 tsec 5.2120

#GCAMreg# pass 0 level1 0 level2 1 tsec 21.393 sigma 0.5
l_jacobian=1.00 l_log_likelihood=0.20 l_smoothness=2.00 
tol=2.50e-01, dt=5.00e-02, exp_k=20.0, momentum=0.90, levels=6, niter=500, lbl_dist=10.00, avgs=0, sigma=0.5,type=2, relabel=0, neg=yes

blurring input image with Gaussian with sigma=0.500...
GCAMRegisterLevel(): init RMS 0.406598
#FOTS# QuadFit found better minimum quadopt=(dt=0.256,rms=0.405916) vs oldopt=(dt=0.32,rms=0.405998)
iter 0, gcam->neg = 1
after 3 iterations, nbhd size=0, neg = 0
#GCMRL#  636 dt   0.256000 rms  0.406  0.166% neg 0  invalid 762 tFOTS 4.5610 tGradient 0.3100 tsec 6.5990
#FOTS# QuadFit found better minimum quadopt=(dt=0.448,rms=0.404979) vs oldopt=(dt=0.32,rms=0.405066)
iter 0, gcam->neg = 25
after 2 iterations, nbhd size=0, neg = 0
#GCMRL#  637 dt   0.448000 rms  0.405  0.233% neg 0  invalid 762 tFOTS 3.9340 tGradient 0.3840 tsec 5.5740
#FOTS# QuadFit found better minimum quadopt=(dt=0.448,rms=0.40421) vs oldopt=(dt=0.32,rms=0.404278)
iter 0, gcam->neg = 52
after 3 iterations, nbhd size=0, neg = 0
#GCMRL#  638 dt   0.448000 rms  0.404  0.000% neg 0  invalid 762 tFOTS 3.9530 tGradient 0.2970 tsec 5.9000
iter 0, gcam->neg = 30
after 2 iterations, nbhd size=0, neg = 0
#GCMRL#  639 dt   0.448000 rms  0.404  0.125% neg 0  invalid 762 tFOTS 0.0000 tGradient 0.3170 tsec 1.7420
iter 0, gcam->neg = 80
after 11 iterations, nbhd size=1, neg = 0
#GCMRL#  640 dt   0.448000 rms  0.403  0.118% neg 0  invalid 762 tFOTS 0.0000 tGradient 0.4250 tsec 4.6080
iter 0, gcam->neg = 152
after 20 iterations, nbhd size=1, neg = 0
GCAMregister done in 5.2289 min
writing output transformation to transforms/talairach.m3z...
GCAMwrite
Calls to gcamLogLikelihoodEnergy 4452 tmin = 1.93952
Calls to gcamLabelEnergy         3833 tmin = 1.13632
Calls to gcamJacobianEnergy      4452 tmin = 1.46292
Calls to gcamSmoothnessEnergy    4452 tmin = 4.07092
Calls to gcamLogLikelihoodTerm 642 tmin = 0.652283
Calls to gcamLabelTerm         585 tmin = 4.95852
Calls to gcamJacobianTerm      642 tmin = 1.35862
Calls to gcamSmoothnessTerm    642 tmin = 0.530783
Calls to gcamComputeGradient    642 tmin = 18.7196
Calls to gcamComputeMetricProperties    6470 tmin = 3.28428
mri_ca_register took 0 hours, 44 minutes and 20 seconds.
#VMPC# mri_ca_register VmPeak  3124784
FSRUNTIME@ mri_ca_register  0.7388 hours 16 threads
#--------------------------------------
#@# SubCort Seg Sat Mar 14 11:32:03 CET 2026

 mri_ca_label -relabel_unlikely 9 .3 -prior 0.5 -align norm.mgz transforms/talairach.m3z /opt/freesurfer/average/RB_all_2020-01-02.gca aseg.auto_noCCseg.mgz 

sysname  Linux
hostname dna077
machine  x86_64

setenv SUBJECTS_DIR /out/sourcedata/freesurfer
cd /out/sourcedata/freesurfer/sub-v2s9x29166_ses-1/mri
mri_ca_label -relabel_unlikely 9 .3 -prior 0.5 -align norm.mgz transforms/talairach.m3z /opt/freesurfer/average/RB_all_2020-01-02.gca aseg.auto_noCCseg.mgz 

relabeling unlikely voxels with window_size = 9 and prior threshold 0.30
using Gibbs prior factor = 0.500
renormalizing sequences with structure alignment, equivalent to:
	-renormalize
	-renormalize_mean 0.500
	-regularize 0.500

== Number of threads available to for OpenMP = 16 == 
reading 1 input volumes
reading classifier array from /opt/freesurfer/average/RB_all_2020-01-02.gca
reading input volume from norm.mgz
average std[0] = 7.2
reading transform from transforms/talairach.m3z
setting orig areas to linear transform determinant scaled 5.22
Atlas used for the 3D morph was /opt/freesurfer/average/RB_all_2020-01-02.gca
average std = 7.2   using min determinant for regularization = 5.2
0 singular and 0 ill-conditioned covariance matrices regularized
labeling volume...
renormalizing by structure alignment....
renormalizing input #0
gca peak = 0.15521 (20)
mri peak = 0.14327 ( 4)
Left_Lateral_Ventricle (4): linear fit = 0.17 x + 0.0 (945 voxels, overlap=0.007)
Left_Lateral_Ventricle (4): linear fit = 0.40 x + 0.0 (945 voxels, peak =  3), gca=8.0
gca peak = 0.20380 (13)
mri peak = 0.14808 ( 4)
Right_Lateral_Ventricle (43): linear fit = 0.22 x + 0.0 (1072 voxels, overlap=0.008)
Right_Lateral_Ventricle (43): linear fit = 0.40 x + 0.0 (1072 voxels, peak =  3), gca=5.2
gca peak = 0.26283 (96)
mri peak = 0.18018 (88)
Right_Pallidum (52): linear fit = 0.90 x + 0.0 (556 voxels, overlap=0.084)
Right_Pallidum (52): linear fit = 0.90 x + 0.0 (556 voxels, peak = 87), gca=86.9
gca peak = 0.15814 (97)
mri peak = 0.10490 (89)
Left_Pallidum (13): linear fit = 0.94 x + 0.0 (572 voxels, overlap=0.823)
Left_Pallidum (13): linear fit = 0.94 x + 0.0 (572 voxels, peak = 92), gca=91.7
gca peak = 0.27624 (56)
mri peak = 0.11044 (56)
Right_Hippocampus (53): linear fit = 0.99 x + 0.0 (925 voxels, overlap=1.006)
Right_Hippocampus (53): linear fit = 0.99 x + 0.0 (925 voxels, peak = 55), gca=55.2
gca peak = 0.28723 (59)
mri peak = 0.16897 (59)
Left_Hippocampus (17): linear fit = 0.99 x + 0.0 (945 voxels, overlap=1.006)
Left_Hippocampus (17): linear fit = 0.99 x + 0.0 (945 voxels, peak = 58), gca=58.1
gca peak = 0.07623 (103)
mri peak = 0.10886 (109)
Right_Cerebral_White_Matter (41): linear fit = 1.04 x + 0.0 (18732 voxels, overlap=0.516)
Right_Cerebral_White_Matter (41): linear fit = 1.04 x + 0.0 (18732 voxels, peak = 108), gca=107.6
gca peak = 0.07837 (105)
mri peak = 0.13279 (112)
Left_Cerebral_White_Matter (2): linear fit = 1.07 x + 0.0 (18078 voxels, overlap=0.220)
Left_Cerebral_White_Matter (2): linear fit = 1.07 x + 0.0 (18078 voxels, peak = 112), gca=111.8
gca peak = 0.10165 (58)
mri peak = 0.06330 (51)
Left_Cerebral_Cortex (3): linear fit = 0.92 x + 0.0 (31056 voxels, overlap=0.796)
Left_Cerebral_Cortex (3): linear fit = 0.92 x + 0.0 (31056 voxels, peak = 53), gca=53.1
gca peak = 0.11113 (58)
mri peak = 0.06724 (56)
Right_Cerebral_Cortex (42): linear fit = 0.94 x + 0.0 (28459 voxels, overlap=0.978)
Right_Cerebral_Cortex (42): linear fit = 0.94 x + 0.0 (28459 voxels, peak = 55), gca=54.8
gca peak = 0.27796 (67)
mri peak = 0.13333 (65)
Right_Caudate (50): linear fit = 0.96 x + 0.0 (1235 voxels, overlap=1.003)
Right_Caudate (50): linear fit = 0.96 x + 0.0 (1235 voxels, peak = 65), gca=64.7
gca peak = 0.14473 (69)
mri peak = 0.10680 (69)
Left_Caudate (11): linear fit = 0.93 x + 0.0 (1233 voxels, overlap=0.505)
Left_Caudate (11): linear fit = 0.93 x + 0.0 (1233 voxels, peak = 64), gca=63.8
gca peak = 0.14301 (56)
mri peak = 0.05552 (58)
Left_Cerebellum_Cortex (8): linear fit = 1.04 x + 0.0 (27969 voxels, overlap=0.999)
Left_Cerebellum_Cortex (8): linear fit = 1.04 x + 0.0 (27969 voxels, peak = 59), gca=58.5
gca peak = 0.14610 (55)
mri peak = 0.05638 (57)
Right_Cerebellum_Cortex (47): linear fit = 0.99 x + 0.0 (29250 voxels, overlap=0.997)
Right_Cerebellum_Cortex (47): linear fit = 0.99 x + 0.0 (29250 voxels, peak = 54), gca=54.2
gca peak = 0.16309 (85)
mri peak = 0.10448 (92)
Left_Cerebellum_White_Matter (7): linear fit = 1.07 x + 0.0 (3473 voxels, overlap=0.562)
Left_Cerebellum_White_Matter (7): linear fit = 1.07 x + 0.0 (3473 voxels, peak = 91), gca=90.5
gca peak = 0.15172 (84)
mri peak = 0.12771 (88)
Right_Cerebellum_White_Matter (46): linear fit = 1.07 x + 0.0 (3647 voxels, overlap=0.762)
Right_Cerebellum_White_Matter (46): linear fit = 1.07 x + 0.0 (3647 voxels, peak = 89), gca=89.5
gca peak = 0.30461 (58)
mri peak = 0.10515 (61)
Left_Amygdala (18): linear fit = 1.04 x + 0.0 (469 voxels, overlap=0.946)
Left_Amygdala (18): linear fit = 1.04 x + 0.0 (469 voxels, peak = 61), gca=60.6
gca peak = 0.32293 (57)
mri peak = 0.16106 (60)
Right_Amygdala (54): linear fit = 1.04 x + 0.0 (485 voxels, overlap=1.014)
Right_Amygdala (54): linear fit = 1.04 x + 0.0 (485 voxels, peak = 60), gca=59.6
gca peak = 0.11083 (90)
mri peak = 0.10471 (82)
Left_Thalamus (10): linear fit = 0.93 x + 0.0 (3297 voxels, overlap=0.806)
Left_Thalamus (10): linear fit = 0.93 x + 0.0 (3297 voxels, peak = 83), gca=83.2
gca peak = 0.11393 (83)
mri peak = 0.12951 (81)
Right_Thalamus (49): linear fit = 0.98 x + 0.0 (3455 voxels, overlap=0.928)
Right_Thalamus (49): linear fit = 0.98 x + 0.0 (3455 voxels, peak = 81), gca=80.9
gca peak = 0.08575 (81)
mri peak = 0.09429 (82)
Left_Putamen (12): linear fit = 0.96 x + 0.0 (1559 voxels, overlap=0.835)
Left_Putamen (12): linear fit = 0.96 x + 0.0 (1559 voxels, peak = 78), gca=78.2
gca peak = 0.08618 (78)
mri peak = 0.10359 (73)
Right_Putamen (51): linear fit = 0.94 x + 0.0 (1763 voxels, overlap=0.675)
Right_Putamen (51): linear fit = 0.94 x + 0.0 (1763 voxels, peak = 74), gca=73.7
gca peak = 0.08005 (78)
mri peak = 0.06984 (90)
Brain_Stem (16): linear fit = 1.12 x + 0.0 (7122 voxels, overlap=0.492)
Brain_Stem (16): linear fit = 1.12 x + 0.0 (7122 voxels, peak = 88), gca=87.8
gca peak = 0.12854 (88)
mri peak = 0.08419 (87)
Right_VentralDC (60): linear fit = 1.02 x + 0.0 (871 voxels, overlap=0.824)
Right_VentralDC (60): linear fit = 1.02 x + 0.0 (871 voxels, peak = 90), gca=90.2
gca peak = 0.15703 (87)
mri peak = 0.07956 (93)
Left_VentralDC (28): linear fit = 1.03 x + 0.0 (964 voxels, overlap=0.925)
Left_VentralDC (28): linear fit = 1.03 x + 0.0 (964 voxels, peak = 90), gca=90.0
gca peak = 0.17522 (25)
mri peak = 0.27661 (12)
gca peak = 0.17113 (14)
mri peak = 0.13542 ( 4)
Fourth_Ventricle (15): linear fit = 0.22 x + 0.0 (92 voxels, overlap=0.027)
Fourth_Ventricle (15): linear fit = 0.22 x + 0.0 (92 voxels, peak =  3), gca=3.0
gca peak Unknown = 0.94777 ( 0)
gca peak Left_Inf_Lat_Vent = 0.16627 (28)
gca peak Third_Ventricle = 0.17522 (25)
gca peak Fourth_Ventricle = 0.17113 (14)
gca peak CSF = 0.20346 (36)
gca peak Left_Accumbens_area = 0.70646 (62)
gca peak Left_undetermined = 1.00000 (28)
gca peak Left_vessel = 0.89917 (53)
gca peak Left_choroid_plexus = 0.11689 (35)
gca peak Right_Inf_Lat_Vent = 0.25504 (23)
gca peak Right_Accumbens_area = 0.31650 (65)
gca peak Right_vessel = 0.77268 (52)
gca peak Right_choroid_plexus = 0.13275 (38)
gca peak Fifth_Ventricle = 0.60973 (33)
gca peak WM_hypointensities = 0.11013 (77)
gca peak non_WM_hypointensities = 0.11354 (41)
gca peak Optic_Chiasm = 0.51646 (76)
not using caudate to estimate GM means
estimating mean gm scale to be 0.99 x + 0.0
estimating mean wm scale to be 1.06 x + 0.0
estimating mean csf scale to be 0.40 x + 0.0
saving intensity scales to aseg.auto_noCCseg.label_intensities.txt
renormalizing by structure alignment....
renormalizing input #0
gca peak = 0.31706 ( 7)
mri peak = 0.14327 ( 4)
Left_Lateral_Ventricle (4): linear fit = 0.44 x + 0.0 (945 voxels, overlap=0.982)
Left_Lateral_Ventricle (4): linear fit = 0.44 x + 0.0 (945 voxels, peak =  3), gca=3.0
gca peak = 0.29334 ( 5)
mri peak = 0.14808 ( 4)
Right_Lateral_Ventricle (43): linear fit = 0.64 x + 0.0 (1072 voxels, overlap=0.925)
Right_Lateral_Ventricle (43): linear fit = 0.64 x + 0.0 (1072 voxels, peak =  3), gca=3.2
gca peak = 0.25327 (86)
mri peak = 0.18018 (88)
Right_Pallidum (52): linear fit = 1.01 x + 0.0 (556 voxels, overlap=1.004)
Right_Pallidum (52): linear fit = 1.01 x + 0.0 (556 voxels, peak = 87), gca=87.3
gca peak = 0.20904 (91)
mri peak = 0.10490 (89)
Left_Pallidum (13): linear fit = 1.01 x + 0.0 (572 voxels, overlap=1.008)
Left_Pallidum (13): linear fit = 1.01 x + 0.0 (572 voxels, peak = 92), gca=92.4
gca peak = 0.29348 (55)
mri peak = 0.11044 (56)
Right_Hippocampus (53): linear fit = 1.00 x + 0.0 (925 voxels, overlap=1.006)
Right_Hippocampus (53): linear fit = 1.00 x + 0.0 (925 voxels, peak = 55), gca=55.0
gca peak = 0.29158 (58)
mri peak = 0.16897 (59)
Left_Hippocampus (17): linear fit = 1.00 x + 0.0 (945 voxels, overlap=1.003)
Left_Hippocampus (17): linear fit = 1.00 x + 0.0 (945 voxels, peak = 58), gca=58.0
gca peak = 0.07562 (108)
mri peak = 0.10886 (109)
Right_Cerebral_White_Matter (41): linear fit = 1.00 x + 0.0 (18732 voxels, overlap=0.720)
Right_Cerebral_White_Matter (41): linear fit = 1.00 x + 0.0 (18732 voxels, peak = 108), gca=108.0
gca peak = 0.07482 (112)
mri peak = 0.13279 (112)
Left_Cerebral_White_Matter (2): linear fit = 1.00 x + 0.0 (18078 voxels, overlap=0.588)
Left_Cerebral_White_Matter (2): linear fit = 1.00 x + 0.0 (18078 voxels, peak = 112), gca=112.0
gca peak = 0.10908 (53)
mri peak = 0.06330 (51)
Left_Cerebral_Cortex (3): linear fit = 1.00 x + 0.0 (31056 voxels, overlap=0.977)
Left_Cerebral_Cortex (3): linear fit = 1.00 x + 0.0 (31056 voxels, peak = 53), gca=53.0
gca peak = 0.12306 (55)
mri peak = 0.06724 (56)
Right_Cerebral_Cortex (42): linear fit = 1.00 x + 0.0 (28459 voxels, overlap=0.973)
Right_Cerebral_Cortex (42): linear fit = 1.00 x + 0.0 (28459 voxels, peak = 55), gca=55.0
gca peak = 0.23942 (64)
mri peak = 0.13333 (65)
Right_Caudate (50): linear fit = 1.01 x + 0.0 (1235 voxels, overlap=1.000)
Right_Caudate (50): linear fit = 1.01 x + 0.0 (1235 voxels, peak = 65), gca=65.0
gca peak = 0.13816 (64)
mri peak = 0.10680 (69)
Left_Caudate (11): linear fit = 1.01 x + 0.0 (1233 voxels, overlap=0.971)
Left_Caudate (11): linear fit = 1.01 x + 0.0 (1233 voxels, peak = 65), gca=65.0
gca peak = 0.13371 (58)
mri peak = 0.05552 (58)
Left_Cerebellum_Cortex (8): linear fit = 0.99 x + 0.0 (27969 voxels, overlap=0.992)
Left_Cerebellum_Cortex (8): linear fit = 0.99 x + 0.0 (27969 voxels, peak = 57), gca=57.1
gca peak = 0.14138 (55)
mri peak = 0.05638 (57)
Right_Cerebellum_Cortex (47): linear fit = 1.02 x + 0.0 (29250 voxels, overlap=0.998)
Right_Cerebellum_Cortex (47): linear fit = 1.02 x + 0.0 (29250 voxels, peak = 56), gca=56.4
gca peak = 0.15314 (90)
mri peak = 0.10448 (92)
Left_Cerebellum_White_Matter (7): linear fit = 1.01 x + 0.0 (3473 voxels, overlap=0.918)
Left_Cerebellum_White_Matter (7): linear fit = 1.01 x + 0.0 (3473 voxels, peak = 91), gca=91.3
gca peak = 0.16874 (90)
mri peak = 0.12771 (88)
Right_Cerebellum_White_Matter (46): linear fit = 0.99 x + 0.0 (3647 voxels, overlap=0.969)
Right_Cerebellum_White_Matter (46): linear fit = 0.99 x + 0.0 (3647 voxels, peak = 89), gca=88.7
gca peak = 0.25470 (61)
mri peak = 0.10515 (61)
Left_Amygdala (18): linear fit = 1.02 x + 0.0 (469 voxels, overlap=1.015)
Left_Amygdala (18): linear fit = 1.02 x + 0.0 (469 voxels, peak = 63), gca=62.5
gca peak = 0.31843 (60)
mri peak = 0.16106 (60)
Right_Amygdala (54): linear fit = 1.00 x + 0.0 (485 voxels, overlap=1.011)
Right_Amygdala (54): linear fit = 1.00 x + 0.0 (485 voxels, peak = 60), gca=60.0
gca peak = 0.11269 (82)
mri peak = 0.10471 (82)
Left_Thalamus (10): linear fit = 1.01 x + 0.0 (3297 voxels, overlap=0.881)
Left_Thalamus (10): linear fit = 1.01 x + 0.0 (3297 voxels, peak = 83), gca=83.2
gca peak = 0.11845 (81)
mri peak = 0.12951 (81)
Right_Thalamus (49): linear fit = 1.00 x + 0.0 (3455 voxels, overlap=0.920)
Right_Thalamus (49): linear fit = 1.00 x + 0.0 (3455 voxels, peak = 81), gca=81.0
gca peak = 0.08202 (78)
mri peak = 0.09429 (82)
Left_Putamen (12): linear fit = 1.01 x + 0.0 (1559 voxels, overlap=0.904)
Left_Putamen (12): linear fit = 1.01 x + 0.0 (1559 voxels, peak = 79), gca=79.2
gca peak = 0.09551 (73)
mri peak = 0.10359 (73)
Right_Putamen (51): linear fit = 1.00 x + 0.0 (1763 voxels, overlap=0.965)
Right_Putamen (51): linear fit = 1.00 x + 0.0 (1763 voxels, peak = 73), gca=73.0
gca peak = 0.07648 (88)
mri peak = 0.06984 (90)
Brain_Stem (16): linear fit = 0.99 x + 0.0 (7122 voxels, overlap=0.860)
Brain_Stem (16): linear fit = 0.99 x + 0.0 (7122 voxels, peak = 87), gca=86.7
gca peak = 0.11331 (88)
mri peak = 0.08419 (87)
Right_VentralDC (60): linear fit = 0.99 x + 0.0 (871 voxels, overlap=0.846)
Right_VentralDC (60): linear fit = 0.99 x + 0.0 (871 voxels, peak = 87), gca=86.7
gca peak = 0.14670 (90)
mri peak = 0.07956 (93)
Left_VentralDC (28): linear fit = 0.98 x + 0.0 (964 voxels, overlap=0.953)
Left_VentralDC (28): linear fit = 0.98 x + 0.0 (964 voxels, peak = 88), gca=87.8
gca peak = 0.32031 (10)
mri peak = 0.27661 (12)
gca peak = 0.46125 ( 6)
mri peak = 0.13542 ( 4)
Fourth_Ventricle (15): linear fit = 0.55 x + 0.0 (92 voxels, overlap=0.918)
Fourth_Ventricle (15): linear fit = 0.55 x + 0.0 (92 voxels, peak =  3), gca=3.3
gca peak Unknown = 0.94777 ( 0)
gca peak Left_Inf_Lat_Vent = 0.17888 (27)
gca peak Third_Ventricle = 0.32031 (10)
gca peak Fourth_Ventricle = 0.46125 ( 6)
gca peak CSF = 0.27891 (15)
gca peak Left_Accumbens_area = 0.55383 (57)
gca peak Left_undetermined = 1.00000 (28)
gca peak Left_vessel = 0.88792 (53)
gca peak Left_choroid_plexus = 0.11689 (35)
gca peak Right_Inf_Lat_Vent = 0.25910 (23)
gca peak Right_Accumbens_area = 0.42461 (62)
gca peak Right_vessel = 0.77311 (52)
gca peak Right_choroid_plexus = 0.13275 (38)
gca peak Fifth_Ventricle = 0.92085 (13)
gca peak WM_hypointensities = 0.09193 (80)
gca peak non_WM_hypointensities = 0.14635 (43)
gca peak Optic_Chiasm = 0.51653 (76)
not using caudate to estimate GM means
estimating mean gm scale to be 1.00 x + 0.0
estimating mean wm scale to be 1.00 x + 0.0
estimating mean csf scale to be 0.54 x + 0.0
saving intensity scales to aseg.auto_noCCseg.label_intensities.txt
saving sequentially combined intensity scales to aseg.auto_noCCseg.label_intensities.txt
33719 voxels changed in iteration 0 of unlikely voxel relabeling
99 voxels changed in iteration 1 of unlikely voxel relabeling
1 voxels changed in iteration 2 of unlikely voxel relabeling
0 voxels changed in iteration 3 of unlikely voxel relabeling
18472 gm and wm labels changed (%34 to gray, %66 to white out of all changed labels)
529 hippocampal voxels changed.
0 amygdala voxels changed.
Reclassifying using Gibbs Priors
pass 1: 46598 changed. image ll: -2.051, PF=0.500
pass 2: 11372 changed. image ll: -2.050, PF=0.500
pass 3: 4048 changed.
14828 voxels changed in iteration 0 of unlikely voxel relabeling
61 voxels changed in iteration 1 of unlikely voxel relabeling
18 voxels changed in iteration 2 of unlikely voxel relabeling
0 voxels changed in iteration 3 of unlikely voxel relabeling
4054 voxels changed in iteration 0 of unlikely voxel relabeling
117 voxels changed in iteration 1 of unlikely voxel relabeling
0 voxels changed in iteration 2 of unlikely voxel relabeling
3791 voxels changed in iteration 0 of unlikely voxel relabeling
36 voxels changed in iteration 1 of unlikely voxel relabeling
0 voxels changed in iteration 2 of unlikely voxel relabeling
3891 voxels changed in iteration 0 of unlikely voxel relabeling
12 voxels changed in iteration 1 of unlikely voxel relabeling
0 voxels changed in iteration 2 of unlikely voxel relabeling
 !!!!!!!!! ventricle segment 0 with volume 6911 above threshold 100 - not erasing !!!!!!!!!!
 !!!!!!!!! ventricle segment 0 with volume 418 above threshold 100 - not erasing !!!!!!!!!!
 !!!!!!!!! ventricle segment 3 with volume 7309 above threshold 100 - not erasing !!!!!!!!!!
writing labeled volume to aseg.auto_noCCseg.mgz
mri_ca_label utimesec    1056.675260
mri_ca_label stimesec    1.907661
mri_ca_label ru_maxrss   2122832
mri_ca_label ru_ixrss    0
mri_ca_label ru_idrss    0
mri_ca_label ru_isrss    0
mri_ca_label ru_minflt   3465872
mri_ca_label ru_majflt   14
mri_ca_label ru_nswap    0
mri_ca_label ru_inblock  1142
mri_ca_label ru_oublock  568
mri_ca_label ru_msgsnd   0
mri_ca_label ru_msgrcv   0
mri_ca_label ru_nsignals 0
mri_ca_label ru_nvcsw    3062
mri_ca_label ru_nivcsw   1314
auto-labeling took 16 minutes and 45 seconds.
#--------------------------------------
#@# CC Seg Sat Mar 14 11:48:48 CET 2026

 mri_cc -aseg aseg.auto_noCCseg.mgz -o aseg.auto.mgz -lta /out/sourcedata/freesurfer/sub-v2s9x29166_ses-1/mri/transforms/cc_up.lta sub-v2s9x29166_ses-1 

will read input aseg from aseg.auto_noCCseg.mgz
writing aseg with cc labels to aseg.auto.mgz
will write lta as /out/sourcedata/freesurfer/sub-v2s9x29166_ses-1/mri/transforms/cc_up.lta
reading aseg from /out/sourcedata/freesurfer/sub-v2s9x29166_ses-1/mri/aseg.auto_noCCseg.mgz
reading norm from /out/sourcedata/freesurfer/sub-v2s9x29166_ses-1/mri/norm.mgz
76290 voxels in left wm, 83921 in right wm, xrange [106, 126]
searching rotation angles z=[ 1 15], y=[-11  3]
searching scale 1 Z rot 1.4  searching scale 1 Z rot 1.7  searching scale 1 Z rot 1.9  searching scale 1 Z rot 2.2  searching scale 1 Z rot 2.4  searching scale 1 Z rot 2.7  searching scale 1 Z rot 2.9  searching scale 1 Z rot 3.2  searching scale 1 Z rot 3.4  searching scale 1 Z rot 3.7  searching scale 1 Z rot 3.9  searching scale 1 Z rot 4.2  searching scale 1 Z rot 4.4  searching scale 1 Z rot 4.7  searching scale 1 Z rot 4.9  searching scale 1 Z rot 5.2  searching scale 1 Z rot 5.4  searching scale 1 Z rot 5.7  searching scale 1 Z rot 5.9  searching scale 1 Z rot 6.2  searching scale 1 Z rot 6.4  searching scale 1 Z rot 6.7  searching scale 1 Z rot 6.9  searching scale 1 Z rot 7.2  searching scale 1 Z rot 7.4  searching scale 1 Z rot 7.7  searching scale 1 Z rot 7.9  searching scale 1 Z rot 8.2  searching scale 1 Z rot 8.4  searching scale 1 Z rot 8.7  searching scale 1 Z rot 8.9  searching scale 1 Z rot 9.2  searching scale 1 Z rot 9.4  searching scale 1 Z rot 9.7  searching scale 1 Z rot 9.9  searching scale 1 Z rot 10.2  searching scale 1 Z rot 10.4  searching scale 1 Z rot 10.7  searching scale 1 Z rot 10.9  searching scale 1 Z rot 11.2  searching scale 1 Z rot 11.4  searching scale 1 Z rot 11.7  searching scale 1 Z rot 11.9  searching scale 1 Z rot 12.2  searching scale 1 Z rot 12.4  searching scale 1 Z rot 12.7  searching scale 1 Z rot 12.9  searching scale 1 Z rot 13.2  searching scale 1 Z rot 13.4  searching scale 1 Z rot 13.7  searching scale 1 Z rot 13.9  searching scale 1 Z rot 14.2  searching scale 1 Z rot 14.4  searching scale 1 Z rot 14.7  searching scale 1 Z rot 14.9  searching scale 1 Z rot 15.2  global minimum found at slice 115.8, rotations (-4.45, 8.44)
final transformation (x=115.8, yr=-4.448, zr=8.441):
 0.98619  -0.14680  -0.07672   36.98616;
 0.14635   0.98917  -0.01138   9.35413;
 0.07756  -0.00000   0.99699   16.33068;
 0.00000   0.00000   0.00000   1.00000;
updating x range to be [126, 131] in xformed coordinates
best xformed slice 128
min_x_fornix = 127
min_x_fornix = 131
min_x_fornix = 132
min_x_fornix = 134
min_x_fornix = 134
cc center is found at 128 104 103
eigenvectors:
-0.00191  -0.00097   1.00000;
-0.09000  -0.99594  -0.00114;
 0.99594  -0.09000   0.00181;
error in mid anterior detected - correcting...
writing aseg with callosum to /out/sourcedata/freesurfer/sub-v2s9x29166_ses-1/mri/aseg.auto.mgz...
corpus callosum segmentation took 0.6 minutes
#VMPC# mri_cc VmPeak  556248
mri_cc done
#--------------------------------------
#@# Merge ASeg Sat Mar 14 11:49:24 CET 2026

 cp aseg.auto.mgz aseg.presurf.mgz 

#--------------------------------------------
#@# Intensity Normalization2 Sat Mar 14 11:49:24 CET 2026
/out/sourcedata/freesurfer/sub-v2s9x29166_ses-1/mri

 mri_normalize -seed 1234 -mprage -aseg aseg.presurf.mgz -mask brainmask.mgz norm.mgz brain.mgz 

setting seed for random number genererator to 1234
assuming input volume is MGH (Van der Kouwe) MP-RAGE
using segmentation for initial intensity normalization
using MR volume brainmask.mgz to mask input volume...
reading mri_src from norm.mgz...
Reading aseg aseg.presurf.mgz
normalizing image...
NOT doing gentle normalization with control points/label
processing with aseg
removing outliers in the aseg WM...
867 control points removed
Building bias image
building Voronoi diagram...
performing soap bubble smoothing, sigma = 0...
Smoothing with sigma 8
Applying bias correction
building Voronoi diagram...
performing soap bubble smoothing, sigma = 8...

Iterating 2 times
---------------------------------
3d normalization pass 1 of 2
white matter peak found at 110
white matter peak found at 110
gm peak at 59 (59), valley at 23 (23)
csf peak at 30, setting threshold to 49
building Voronoi diagram...
performing soap bubble smoothing, sigma = 8...
---------------------------------
3d normalization pass 2 of 2
white matter peak found at 110
white matter peak found at 110
gm peak at 60 (60), valley at 23 (23)
csf peak at 30, setting threshold to 50
building Voronoi diagram...
performing soap bubble smoothing, sigma = 8...
Done iterating ---------------------------------
writing output to brain.mgz
3D bias adjustment took 1 minutes and 23 seconds.
#--------------------------------------------
#@# Mask BFS Sat Mar 14 11:50:48 CET 2026
/out/sourcedata/freesurfer/sub-v2s9x29166_ses-1/mri

 mri_mask -T 5 brain.mgz brainmask.mgz brain.finalsurfs.mgz 

threshold mask volume at 5
DoAbs = 0
Found 1227388 voxels in mask (pct=  7.32)
Writing masked volume to brain.finalsurfs.mgz...done.
#--------------------------------------------
#@# WM Segmentation Sat Mar 14 11:50:48 CET 2026

 AntsDenoiseImageFs -i brain.mgz -o antsdn.brain.mgz 


 mri_segment -wsizemm 13 -mprage antsdn.brain.mgz wm.seg.mgz 

wsizemm = 13, voxres = 1, wsize = 13
Widening wm low from 89 to 79
assuming input volume is MGH (Van der Kouwe) MP-RAGE
wm mean:  110
wsize:    13
wm low:   79
wm hi:    125
gray low: 30
gray hi:  99
Doing initial trinary intensity segmentation 
Using local statistics to label ambiguous voxels
Autodetecting stats
Computing class statistics for intensity windows...
CCS WM (104.0): 104.8 +- 5.0 [79.0 --> 125.0]
CCS GM (70.0) : 68.6 +- 9.8 [30.0 --> 95.0]
 white_mean 104.784
 white_sigma 5.02458
 gray_mean 68.5936
 gray_sigma 9.77381
setting bottom of white matter range wm_low to 78.4
setting top of gray matter range gray_hi to 88.1
 wm_low 78.3674
 wm_hi  125
 gray_low 30
 gray_hi  88.1412
Redoing initial intensity segmentation...
Recomputing local statistics to label ambiguous voxels...
 wm_low 78.3674
 wm_hi  125
 gray_low 30
 gray_hi  88.1412
using local geometry to label remaining ambiguous voxels...
polvwsize = 5, polvlen = 3, gray_hi = 88.1412, wm_low = 78.3674
MRIcpolvMedianCurveSegment(): wsize=5, len=3, gmhi=88.1412, wmlow=78.3674
     95441 voxels processed (0.57%)
     43517 voxels white (0.26%)
     51924 voxels non-white (0.31%)

Reclassifying voxels using Gaussian border classifier niter=1
MRIreclassify(): wm_low=73.3674, gray_hi=88.1412, wsize=13
    160810 voxels tested (0.96%)
     34569 voxels changed (0.21%)
     42978 multi-scale searches  (0.26%)
Recovering bright white
MRIrecoverBrightWhite()
 wm_low 78.3674
 wm_hi 125
 slack 5.02458
 pct_thresh 0.33
 intensity_thresh 130.025
 nvox_thresh 8.58
      447 voxels tested (0.00%)
      308 voxels changed (0.00%)

removing voxels with positive offset direction...
MRIremoveWrongDirection() wsize=3, lowthr=73.3674, hithr=88.1412
  smoothing input volume with sigma = 0.250
    55525 voxels tested (0.33%)
    10378 voxels changed (0.06%)
thicken = 1
removing 1-dimensional structures...
MRIremove1dStructures(): max_iter=10000, thresh=2, WM_MIN_VAL=5
 2918 sparsely connected voxels removed in 1 iterations
thickening thin strands....
thickness 4
nsegments 20
wm_hi 125
1345 diagonally connected voxels added...
MRIthickenThinWMStrands(): thickness=4, nsegments=20
  20 segments, 4865 filled
MRIfindBrightNonWM(): 1653 bright non-wm voxels segmented.
MRIfilterMorphology() WM_MIN_VAL=5, DIAGONAL_FILL=230
white matter segmentation took 0.7 minutes
writing output to wm.seg.mgz...

 mri_edit_wm_with_aseg -keep-in wm.seg.mgz brain.mgz aseg.presurf.mgz wm.asegedit.mgz 

preserving editing changes in input volume...
auto filling took 0.35 minutes
reading wm segmentation from wm.seg.mgz...
0 voxels added to wm to prevent paths from MTL structures to cortex
2382 additional wm voxels added
0 additional wm voxels added
SEG EDIT: 47610 voxels turned on, 23318 voxels turned off.
propagating editing to output volume from wm.seg.mgz
writing edited volume to wm.asegedit.mgz....

 mri_pretess wm.asegedit.mgz wm norm.mgz wm.mgz 


Iteration Number : 1
pass   1 (xy+):  11 found -  11 modified     |    TOTAL:  11
pass   2 (xy+):   0 found -  11 modified     |    TOTAL:  11
pass   1 (xy-):  12 found -  12 modified     |    TOTAL:  23
pass   2 (xy-):   0 found -  12 modified     |    TOTAL:  23
pass   1 (yz+):  16 found -  16 modified     |    TOTAL:  39
pass   2 (yz+):   0 found -  16 modified     |    TOTAL:  39
pass   1 (yz-):   8 found -   8 modified     |    TOTAL:  47
pass   2 (yz-):   0 found -   8 modified     |    TOTAL:  47
pass   1 (xz+):  16 found -  16 modified     |    TOTAL:  63
pass   2 (xz+):   0 found -  16 modified     |    TOTAL:  63
pass   1 (xz-):  17 found -  17 modified     |    TOTAL:  80
pass   2 (xz-):   0 found -  17 modified     |    TOTAL:  80
Iteration Number : 1
pass   1 (+++):  16 found -  16 modified     |    TOTAL:  16
pass   2 (+++):   0 found -  16 modified     |    TOTAL:  16
pass   1 (+++):  16 found -  16 modified     |    TOTAL:  32
pass   2 (+++):   0 found -  16 modified     |    TOTAL:  32
pass   1 (+++):  26 found -  26 modified     |    TOTAL:  58
pass   2 (+++):   0 found -  26 modified     |    TOTAL:  58
pass   1 (+++):  12 found -  12 modified     |    TOTAL:  70
pass   2 (+++):   0 found -  12 modified     |    TOTAL:  70
Iteration Number : 1
pass   1 (++):  58 found -  58 modified     |    TOTAL:  58
pass   2 (++):   0 found -  58 modified     |    TOTAL:  58
pass   1 (+-):  93 found -  93 modified     |    TOTAL: 151
pass   2 (+-):   0 found -  93 modified     |    TOTAL: 151
pass   1 (--):  76 found -  76 modified     |    TOTAL: 227
pass   2 (--):   0 found -  76 modified     |    TOTAL: 227
pass   1 (-+):  86 found -  86 modified     |    TOTAL: 313
pass   2 (-+):   0 found -  86 modified     |    TOTAL: 313
Iteration Number : 2
pass   1 (xy+):   3 found -   3 modified     |    TOTAL:   3
pass   2 (xy+):   0 found -   3 modified     |    TOTAL:   3
pass   1 (xy-):   1 found -   1 modified     |    TOTAL:   4
pass   2 (xy-):   0 found -   1 modified     |    TOTAL:   4
pass   1 (yz+):   3 found -   3 modified     |    TOTAL:   7
pass   2 (yz+):   0 found -   3 modified     |    TOTAL:   7
pass   1 (yz-):   6 found -   6 modified     |    TOTAL:  13
pass   2 (yz-):   0 found -   6 modified     |    TOTAL:  13
pass   1 (xz+):   2 found -   2 modified     |    TOTAL:  15
pass   2 (xz+):   0 found -   2 modified     |    TOTAL:  15
pass   1 (xz-):   4 found -   4 modified     |    TOTAL:  19
pass   2 (xz-):   0 found -   4 modified     |    TOTAL:  19
Iteration Number : 2
pass   1 (+++):   2 found -   2 modified     |    TOTAL:   2
pass   2 (+++):   0 found -   2 modified     |    TOTAL:   2
pass   1 (+++):   2 found -   2 modified     |    TOTAL:   4
pass   2 (+++):   0 found -   2 modified     |    TOTAL:   4
pass   1 (+++):   4 found -   4 modified     |    TOTAL:   8
pass   2 (+++):   0 found -   4 modified     |    TOTAL:   8
pass   1 (+++):   0 found -   0 modified     |    TOTAL:   8
Iteration Number : 2
pass   1 (++):   3 found -   3 modified     |    TOTAL:   3
pass   2 (++):   0 found -   3 modified     |    TOTAL:   3
pass   1 (+-):   2 found -   2 modified     |    TOTAL:   5
pass   2 (+-):   0 found -   2 modified     |    TOTAL:   5
pass   1 (--):   1 found -   1 modified     |    TOTAL:   6
pass   2 (--):   0 found -   1 modified     |    TOTAL:   6
pass   1 (-+):   0 found -   0 modified     |    TOTAL:   6
Iteration Number : 3
pass   1 (xy+):   1 found -   1 modified     |    TOTAL:   1
pass   2 (xy+):   0 found -   1 modified     |    TOTAL:   1
pass   1 (xy-):   0 found -   0 modified     |    TOTAL:   1
pass   1 (yz+):   0 found -   0 modified     |    TOTAL:   1
pass   1 (yz-):   0 found -   0 modified     |    TOTAL:   1
pass   1 (xz+):   0 found -   0 modified     |    TOTAL:   1
pass   1 (xz-):   0 found -   0 modified     |    TOTAL:   1
Iteration Number : 3
pass   1 (+++):   0 found -   0 modified     |    TOTAL:   0
pass   1 (+++):   0 found -   0 modified     |    TOTAL:   0
pass   1 (+++):   0 found -   0 modified     |    TOTAL:   0
pass   1 (+++):   0 found -   0 modified     |    TOTAL:   0
Iteration Number : 3
pass   1 (++):   0 found -   0 modified     |    TOTAL:   0
pass   1 (+-):   0 found -   0 modified     |    TOTAL:   0
pass   1 (--):   0 found -   0 modified     |    TOTAL:   0
pass   1 (-+):   1 found -   1 modified     |    TOTAL:   1
pass   2 (-+):   0 found -   1 modified     |    TOTAL:   1
Iteration Number : 4
pass   1 (xy+):   0 found -   0 modified     |    TOTAL:   0
pass   1 (xy-):   0 found -   0 modified     |    TOTAL:   0
pass   1 (yz+):   0 found -   0 modified     |    TOTAL:   0
pass   1 (yz-):   0 found -   0 modified     |    TOTAL:   0
pass   1 (xz+):   0 found -   0 modified     |    TOTAL:   0
pass   1 (xz-):   0 found -   0 modified     |    TOTAL:   0
Iteration Number : 4
pass   1 (+++):   0 found -   0 modified     |    TOTAL:   0
pass   1 (+++):   0 found -   0 modified     |    TOTAL:   0
pass   1 (+++):   0 found -   0 modified     |    TOTAL:   0
pass   1 (+++):   0 found -   0 modified     |    TOTAL:   0
Iteration Number : 4
pass   1 (++):   0 found -   0 modified     |    TOTAL:   0
pass   1 (+-):   0 found -   0 modified     |    TOTAL:   0
pass   1 (--):   0 found -   0 modified     |    TOTAL:   0
pass   1 (-+):   0 found -   0 modified     |    TOTAL:   0

Total Number of Modified Voxels = 498 (out of 379458: 0.131240)
binarizing input wm segmentation...
Ambiguous edge configurations... 

mri_pretess done

#--------------------------------------------
#@# Fill Sat Mar 14 11:52:16 CET 2026
/out/sourcedata/freesurfer/sub-v2s9x29166_ses-1/mri

 mri_fill -a ../scripts/ponscc.cut.log -xform transforms/talairach.lta -segmentation aseg.presurf.mgz -ctab /opt/freesurfer/SubCorticalMassLUT.txt wm.mgz filled.mgz 

logging cutting plane coordinates to ../scripts/ponscc.cut.log...
INFO: Using transforms/talairach.lta and its offset for Talairach volume ...
using segmentation aseg.presurf.mgz...
reading input volume...done.
searching for cutting planes...voxel to talairach voxel transform
 1.08268  -0.17415  -0.09281   28.30165;
 0.19879   1.20056   0.20736  -67.21046;
 0.07056  -0.22150   1.10496   12.11215;
 0.00000   0.00000   0.00000   1.00000;
voxel to talairach voxel transform
 1.08268  -0.17415  -0.09281   28.30165;
 0.19879   1.20056   0.20736  -67.21046;
 0.07056  -0.22150   1.10496   12.11215;
 0.00000   0.00000   0.00000   1.00000;
reading segmented volume aseg.presurf.mgz
removing CC from segmentation
Looking for area (min, max) = (350, 1400)
area[0] = 1577 (min = 350, max = 1400), aspect = 0.50 (min = 0.10, max = 0.75)
need search nearby
using seed (125, 120, 152), TAL = (3.0, 24.0, 8.0)
talairach voxel to voxel transform
 0.89493   0.13888   0.04911  -16.58887;
-0.13368   0.78433  -0.15842   58.41703;
-0.08395   0.14836   0.87012   1.80806;
 0.00000   0.00000   0.00000   1.00000;
segmentation indicates cc at (125,  120,  152) --> (3.0, 24.0, 8.0)
done.
filling took 0.6 minutes
talairach cc position changed to (3.00, 24.00, 8.00)
Erasing brainstem...done.
seed_search_size = 9, min_neighbors = 5
search rh wm seed point around talairach space:(21.00, 24.00, 8.00) SRC: (103.30, 114.15, 142.89)
search lh wm seed point around talairach space (-15.00, 24.00, 8.00), SRC: (135.52, 109.34, 139.86)
compute mri_fill using aseg
Erasing Brain Stem and Cerebellum ...
Define left and right masks using aseg:
Building Voronoi diagram ...
Using the Voronoi diagram for separating WM into two hemispheres ...
Find the largest connected component for each hemisphere ...
Embedding colortable
mri_fill done, writing output to filled.mgz...
 cp filled.mgz filled.auto.mgz

Started at Sat Mar 14 10:46:49 CET 2026 
Ended   at Sat Mar 14 11:52:52 CET 2026
#@#%# recon-all-run-time-hours 1.101
recon-all -s sub-v2s9x29166_ses-1 finished without error at Sat Mar 14 11:52:52 CET 2026



#New# invocation of recon-all 




Sat Mar 14 12:34:41 CET 2026
cd /out/sourcedata/freesurfer/sub-v2s9x29166_ses-1
setenv SUBJECTS_DIR /out/sourcedata/freesurfer
/opt/freesurfer/bin/recon-all -parallel -subjid sub-v2s9x29166_ses-1 -sd /out/sourcedata/freesurfer -cortribbon

subjid sub-v2s9x29166_ses-1
setenv SUBJECTS_DIR /out/sourcedata/freesurfer
FREESURFER_HOME /opt/freesurfer
Actual FREESURFER_HOME /opt/freesurfer
build-stamp.txt: freesurfer-linux-ubuntu22_x86_64-7.3.2-20220804-6354275
Linux dna077 5.14.0-427.37.1.el9_4.x86_64 #1 SMP PREEMPT_DYNAMIC Fri Sep 13 12:41:50 EDT 2024 x86_64 x86_64 x86_64 GNU/Linux
cputime      unlimited
filesize     unlimited
datasize     unlimited
stacksize    8192 kbytes
coredumpsize 0 kbytes
memoryuse    67108864 kbytes
vmemoryuse   unlimited
descriptors  1024 
memorylocked unlimited
maxproc      2061970 
maxlocks     unlimited
maxsignal    2062029 
maxmessage   819200 
maxnice      0 
maxrtprio    0 
maxrttime    unlimited

               total        used        free      shared  buff/cache   available
Mem:           503Gi       116Gi        47Gi        17Gi       339Gi       366Gi
Swap:             0B          0B          0B

########################################
program versions used
7.3.2 (freesurfer-linux-ubuntu22_x86_64-7.3.2-20220804-6354275)
7.3.2

ProgramName: lta_convert  ProgramArguments: lta_convert -all-info  ProgramVersion: 7.3.2  TimeStamp: 2026/03/14-11:34:41-GMT  BuildTime: Aug  4 2022 06:17:15  BuildStamp: freesurfer-linux-ubuntu22_x86_64-7.3.2-20220804-6354275  User: oesteban  Machine: dna077  Platform: Linux  PlatformVersion: 5.14.0-427.37.1.el9_4.x86_64  CompilerName: GCC  CompilerVersion: 8.4.0
ProgramName: mri_and  ProgramArguments: mri_and -all-info  ProgramVersion: 7.3.2  TimeStamp: 2026/03/14-11:34:41-GMT  BuildTime: Aug  4 2022 06:17:15  BuildStamp: freesurfer-linux-ubuntu22_x86_64-7.3.2-20220804-6354275  User: oesteban  Machine: dna077  Platform: Linux  PlatformVersion: 5.14.0-427.37.1.el9_4.x86_64  CompilerName: GCC  CompilerVersion: 8.4.0
ProgramName: mri_annotation2label  ProgramArguments: mri_annotation2label -all-info  ProgramVersion: 7.3.2  TimeStamp: 2026/03/14-11:34:41-GMT  BuildTime: Aug  4 2022 06:17:15  BuildStamp: freesurfer-linux-ubuntu22_x86_64-7.3.2-20220804-6354275  User: oesteban  Machine: dna077  Platform: Linux  PlatformVersion: 5.14.0-427.37.1.el9_4.x86_64  CompilerName: GCC  CompilerVersion: 8.4.0
ProgramName: mri_aparc2aseg  ProgramArguments: mri_aparc2aseg -all-info  ProgramVersion: 7.3.2  TimeStamp: 2026/03/14-11:34:41-GMT  BuildTime: Aug  4 2022 06:17:15  BuildStamp: freesurfer-linux-ubuntu22_x86_64-7.3.2-20220804-6354275  User: oesteban  Machine: dna077  Platform: Linux  PlatformVersion: 5.14.0-427.37.1.el9_4.x86_64  CompilerName: GCC  CompilerVersion: 8.4.0
ProgramName: mri_surf2volseg  ProgramArguments: mri_surf2volseg -all-info  ProgramVersion: 7.3.2  TimeStamp: 2026/03/14-11:34:41-GMT  BuildTime: Aug  4 2022 06:17:15  BuildStamp: freesurfer-linux-ubuntu22_x86_64-7.3.2-20220804-6354275  User: oesteban  Machine: dna077  Platform: Linux  PlatformVersion: 5.14.0-427.37.1.el9_4.x86_64  CompilerName: GCC  CompilerVersion: 8.4.0
ProgramName: mri_binarize  ProgramArguments: mri_binarize -all-info  ProgramVersion: 7.3.2  TimeStamp: 2026/03/14-11:34:41-GMT  BuildTime: Aug  4 2022 06:17:15  BuildStamp: freesurfer-linux-ubuntu22_x86_64-7.3.2-20220804-6354275  User: oesteban  Machine: dna077  Platform: Linux  PlatformVersion: 5.14.0-427.37.1.el9_4.x86_64  CompilerName: GCC  CompilerVersion: 8.4.0
ProgramName: mri_ca_label  ProgramArguments: mri_ca_label -all-info  ProgramVersion: 7.3.2  TimeStamp: 2026/03/14-11:34:41-GMT  BuildTime: Aug  4 2022 06:17:15  BuildStamp: freesurfer-linux-ubuntu22_x86_64-7.3.2-20220804-6354275  User: oesteban  Machine: dna077  Platform: Linux  PlatformVersion: 5.14.0-427.37.1.el9_4.x86_64  CompilerName: GCC  CompilerVersion: 8.4.0
ProgramName: mri_ca_normalize  ProgramArguments: mri_ca_normalize -all-info  ProgramVersion: 7.3.2  TimeStamp: 2026/03/14-11:34:41-GMT  BuildTime: Aug  4 2022 06:17:15  BuildStamp: freesurfer-linux-ubuntu22_x86_64-7.3.2-20220804-6354275  User: oesteban  Machine: dna077  Platform: Linux  PlatformVersion: 5.14.0-427.37.1.el9_4.x86_64  CompilerName: GCC  CompilerVersion: 8.4.0
ProgramName: mri_ca_register  ProgramArguments: mri_ca_register -all-info  ProgramVersion: 7.3.2  TimeStamp: 2026/03/14-11:34:41-GMT  BuildTime: Aug  4 2022 06:17:15  BuildStamp: freesurfer-linux-ubuntu22_x86_64-7.3.2-20220804-6354275  User: oesteban  Machine: dna077  Platform: Linux  PlatformVersion: 5.14.0-427.37.1.el9_4.x86_64  CompilerName: GCC  CompilerVersion: 8.4.0
ProgramName: mri_cc  ProgramArguments: mri_cc -all-info  ProgramVersion: 7.3.2  TimeStamp: 2026/03/14-11:34:41-GMT  BuildTime: Aug  4 2022 06:17:15  BuildStamp: freesurfer-linux-ubuntu22_x86_64-7.3.2-20220804-6354275  User: oesteban  Machine: dna077  Platform: Linux  PlatformVersion: 5.14.0-427.37.1.el9_4.x86_64  CompilerName: GCC  CompilerVersion: 8.4.0
ProgramName: mri_compute_overlap  ProgramArguments: mri_compute_overlap -all-info  ProgramVersion: 7.3.2  TimeStamp: 2026/03/14-11:34:41-GMT  BuildTime: Aug  4 2022 06:17:15  BuildStamp: freesurfer-linux-ubuntu22_x86_64-7.3.2-20220804-6354275  User: oesteban  Machine: dna077  Platform: Linux  PlatformVersion: 5.14.0-427.37.1.el9_4.x86_64  CompilerName: GCC  CompilerVersion: 8.4.0
ProgramName: mri_compute_seg_overlap  ProgramArguments: mri_compute_seg_overlap -all-info  ProgramVersion: 7.3.2  TimeStamp: 2026/03/14-11:34:41-GMT  BuildTime: Aug  4 2022 06:17:15  BuildStamp: freesurfer-linux-ubuntu22_x86_64-7.3.2-20220804-6354275  User: oesteban  Machine: dna077  Platform: Linux  PlatformVersion: 5.14.0-427.37.1.el9_4.x86_64  CompilerName: GCC  CompilerVersion: 8.4.0
ProgramName: mri_concat  ProgramArguments: mri_concat -all-info  ProgramVersion: 7.3.2  TimeStamp: 2026/03/14-11:34:41-GMT  BuildTime: Aug  4 2022 06:17:15  BuildStamp: freesurfer-linux-ubuntu22_x86_64-7.3.2-20220804-6354275  User: oesteban  Machine: dna077  Platform: Linux  PlatformVersion: 5.14.0-427.37.1.el9_4.x86_64  CompilerName: GCC  CompilerVersion: 8.4.0
ProgramName: mri_concatenate_lta  ProgramArguments: mri_concatenate_lta -all-info  ProgramVersion: 7.3.2  TimeStamp: 2026/03/14-11:34:41-GMT  BuildTime: Aug  4 2022 06:17:15  BuildStamp: freesurfer-linux-ubuntu22_x86_64-7.3.2-20220804-6354275  User: oesteban  Machine: dna077  Platform: Linux  PlatformVersion: 5.14.0-427.37.1.el9_4.x86_64  CompilerName: GCC  CompilerVersion: 8.4.0
mri_convert -all-info 
ProgramName: mri_convert  ProgramArguments: mri_convert -all-info  ProgramVersion: 7.3.2  TimeStamp: 2026/03/14-11:34:41-GMT  BuildTime: Aug  4 2022 06:17:15  BuildStamp: freesurfer-linux-ubuntu22_x86_64-7.3.2-20220804-6354275  User: oesteban  Machine: dna077  Platform: Linux  PlatformVersion: 5.14.0-427.37.1.el9_4.x86_64  CompilerName: GCC  CompilerVersion: 8.4.0
ProgramName: mri_diff  ProgramArguments: mri_diff -all-info  ProgramVersion: 7.3.2  TimeStamp: 2026/03/14-11:34:41-GMT  BuildTime: Aug  4 2022 06:17:15  BuildStamp: freesurfer-linux-ubuntu22_x86_64-7.3.2-20220804-6354275  User: oesteban  Machine: dna077  Platform: Linux  PlatformVersion: 5.14.0-427.37.1.el9_4.x86_64  CompilerName: GCC  CompilerVersion: 8.4.0
ProgramName: mri_edit_wm_with_aseg  ProgramArguments: mri_edit_wm_with_aseg -all-info  ProgramVersion: 7.3.2  TimeStamp: 2026/03/14-11:34:41-GMT  BuildTime: Aug  4 2022 06:17:15  BuildStamp: freesurfer-linux-ubuntu22_x86_64-7.3.2-20220804-6354275  User: oesteban  Machine: dna077  Platform: Linux  PlatformVersion: 5.14.0-427.37.1.el9_4.x86_64  CompilerName: GCC  CompilerVersion: 8.4.0
ProgramName: mri_em_register  ProgramArguments: mri_em_register -all-info  ProgramVersion: 7.3.2  TimeStamp: 2026/03/14-11:34:41-GMT  BuildTime: Aug  4 2022 06:17:15  BuildStamp: freesurfer-linux-ubuntu22_x86_64-7.3.2-20220804-6354275  User: oesteban  Machine: dna077  Platform: Linux  PlatformVersion: 5.14.0-427.37.1.el9_4.x86_64  CompilerName: GCC  CompilerVersion: 8.4.0
ProgramName: mri_fill  ProgramArguments: mri_fill -all-info  ProgramVersion: 7.3.2  TimeStamp: 2026/03/14-11:34:41-GMT  BuildTime: Aug  4 2022 06:17:15  BuildStamp: freesurfer-linux-ubuntu22_x86_64-7.3.2-20220804-6354275  User: oesteban  Machine: dna077  Platform: Linux  PlatformVersion: 5.14.0-427.37.1.el9_4.x86_64  CompilerName: GCC  CompilerVersion: 8.4.0
ProgramName: mri_fuse_segmentations  ProgramArguments: mri_fuse_segmentations -all-info  ProgramVersion: 7.3.2  TimeStamp: 2026/03/14-11:34:41-GMT  BuildTime: Aug  4 2022 06:17:15  BuildStamp: freesurfer-linux-ubuntu22_x86_64-7.3.2-20220804-6354275  User: oesteban  Machine: dna077  Platform: Linux  PlatformVersion: 5.14.0-427.37.1.el9_4.x86_64  CompilerName: GCC  CompilerVersion: 8.4.0
ProgramName: mri_fwhm  ProgramArguments: mri_fwhm -all-info  ProgramVersion: 7.3.2  TimeStamp: 2026/03/14-11:34:41-GMT  BuildTime: Aug  4 2022 06:17:15  BuildStamp: freesurfer-linux-ubuntu22_x86_64-7.3.2-20220804-6354275  User: oesteban  Machine: dna077  Platform: Linux  PlatformVersion: 5.14.0-427.37.1.el9_4.x86_64  CompilerName: GCC  CompilerVersion: 8.4.0
ProgramName: mri_gcut  ProgramArguments: mri_gcut -all-info  ProgramVersion: 7.3.2  TimeStamp: 2026/03/14-11:34:41-GMT  BuildTime: Aug  4 2022 06:17:15  BuildStamp: freesurfer-linux-ubuntu22_x86_64-7.3.2-20220804-6354275  User: oesteban  Machine: dna077  Platform: Linux  PlatformVersion: 5.14.0-427.37.1.el9_4.x86_64  CompilerName: GCC  CompilerVersion: 8.4.0
ProgramName: mri_info  ProgramArguments: mri_info -all-info  ProgramVersion: 7.3.2  TimeStamp: 2026/03/14-11:34:41-GMT  BuildTime: Aug  4 2022 06:17:15  BuildStamp: freesurfer-linux-ubuntu22_x86_64-7.3.2-20220804-6354275  User: oesteban  Machine: dna077  Platform: Linux  PlatformVersion: 5.14.0-427.37.1.el9_4.x86_64  CompilerName: GCC  CompilerVersion: 8.4.0
ProgramName: mri_label2label  ProgramArguments: mri_label2label -all-info  ProgramVersion: 7.3.2  TimeStamp: 2026/03/14-11:34:41-GMT  BuildTime: Aug  4 2022 06:17:15  BuildStamp: freesurfer-linux-ubuntu22_x86_64-7.3.2-20220804-6354275  User: oesteban  Machine: dna077  Platform: Linux  PlatformVersion: 5.14.0-427.37.1.el9_4.x86_64  CompilerName: GCC  CompilerVersion: 8.4.0
ProgramName: mri_label2vol  ProgramArguments: mri_label2vol -all-info  ProgramVersion: 7.3.2  TimeStamp: 2026/03/14-11:34:41-GMT  BuildTime: Aug  4 2022 06:17:15  BuildStamp: freesurfer-linux-ubuntu22_x86_64-7.3.2-20220804-6354275  User: oesteban  Machine: dna077  Platform: Linux  PlatformVersion: 5.14.0-427.37.1.el9_4.x86_64  CompilerName: GCC  CompilerVersion: 8.4.0
ProgramName: mri_log_likelihood  ProgramArguments: mri_log_likelihood -all-info  ProgramVersion: 7.3.2  TimeStamp: 2026/03/14-11:34:41-GMT  BuildTime: Aug  4 2022 06:17:15  BuildStamp: freesurfer-linux-ubuntu22_x86_64-7.3.2-20220804-6354275  User: oesteban  Machine: dna077  Platform: Linux  PlatformVersion: 5.14.0-427.37.1.el9_4.x86_64  CompilerName: GCC  CompilerVersion: 8.4.0
ProgramName: mri_mask  ProgramArguments: mri_mask -all-info  ProgramVersion: 7.3.2  TimeStamp: 2026/03/14-11:34:41-GMT  BuildTime: Aug  4 2022 06:17:15  BuildStamp: freesurfer-linux-ubuntu22_x86_64-7.3.2-20220804-6354275  User: oesteban  Machine: dna077  Platform: Linux  PlatformVersion: 5.14.0-427.37.1.el9_4.x86_64  CompilerName: GCC  CompilerVersion: 8.4.0
ProgramName: mri_matrix_multiply  ProgramArguments: mri_matrix_multiply -all-info  ProgramVersion: 7.3.2  TimeStamp: 2026/03/14-11:34:41-GMT  BuildTime: Aug  4 2022 06:17:15  BuildStamp: freesurfer-linux-ubuntu22_x86_64-7.3.2-20220804-6354275  User: oesteban  Machine: dna077  Platform: Linux  PlatformVersion: 5.14.0-427.37.1.el9_4.x86_64  CompilerName: GCC  CompilerVersion: 8.4.0
ProgramName: mri_normalize  ProgramArguments: mri_normalize -all-info  ProgramVersion: 7.3.2  TimeStamp: 2026/03/14-11:34:41-GMT  BuildTime: Aug  4 2022 06:17:15  BuildStamp: freesurfer-linux-ubuntu22_x86_64-7.3.2-20220804-6354275  User: oesteban  Machine: dna077  Platform: Linux  PlatformVersion: 5.14.0-427.37.1.el9_4.x86_64  CompilerName: GCC  CompilerVersion: 8.4.0
ProgramName: mri_normalize_tp2  ProgramArguments: mri_normalize_tp2 -all-info  ProgramVersion: 7.3.2  TimeStamp: 2026/03/14-11:34:41-GMT  BuildTime: Aug  4 2022 06:17:15  BuildStamp: freesurfer-linux-ubuntu22_x86_64-7.3.2-20220804-6354275  User: oesteban  Machine: dna077  Platform: Linux  PlatformVersion: 5.14.0-427.37.1.el9_4.x86_64  CompilerName: GCC  CompilerVersion: 8.4.0
ProgramName: mri_or  ProgramArguments: mri_or -all-info  ProgramVersion: 7.3.2  TimeStamp: 2026/03/14-11:34:41-GMT  BuildTime: Aug  4 2022 06:17:15  BuildStamp: freesurfer-linux-ubuntu22_x86_64-7.3.2-20220804-6354275  User: oesteban  Machine: dna077  Platform: Linux  PlatformVersion: 5.14.0-427.37.1.el9_4.x86_64  CompilerName: GCC  CompilerVersion: 8.4.0
ProgramName: mri_relabel_hypointensities  ProgramArguments: mri_relabel_hypointensities -all-info  ProgramVersion: 7.3.2  TimeStamp: 2026/03/14-11:34:41-GMT  BuildTime: Aug  4 2022 06:17:15  BuildStamp: freesurfer-linux-ubuntu22_x86_64-7.3.2-20220804-6354275  User: oesteban  Machine: dna077  Platform: Linux  PlatformVersion: 5.14.0-427.37.1.el9_4.x86_64  CompilerName: GCC  CompilerVersion: 8.4.0
ProgramName: mri_relabel_nonwm_hypos  ProgramArguments: mri_relabel_nonwm_hypos -all-info  ProgramVersion: 7.3.2  TimeStamp: 2026/03/14-11:34:41-GMT  BuildTime: Aug  4 2022 06:17:15  BuildStamp: freesurfer-linux-ubuntu22_x86_64-7.3.2-20220804-6354275  User: oesteban  Machine: dna077  Platform: Linux  PlatformVersion: 5.14.0-427.37.1.el9_4.x86_64  CompilerName: GCC  CompilerVersion: 8.4.0
ProgramName: mri_remove_neck  ProgramArguments: mri_remove_neck -all-info  ProgramVersion: 7.3.2  TimeStamp: 2026/03/14-11:34:41-GMT  BuildTime: Aug  4 2022 06:17:15  BuildStamp: freesurfer-linux-ubuntu22_x86_64-7.3.2-20220804-6354275  User: oesteban  Machine: dna077  Platform: Linux  PlatformVersion: 5.14.0-427.37.1.el9_4.x86_64  CompilerName: GCC  CompilerVersion: 8.4.0
7.3.2

ProgramName: mri_robust_register  ProgramArguments: mri_robust_register -all-info  ProgramVersion: 7.3.2  TimeStamp: 2026/03/14-11:34:41-GMT  BuildTime: Aug  4 2022 06:17:15  BuildStamp: freesurfer-linux-ubuntu22_x86_64-7.3.2-20220804-6354275  User: oesteban  Machine: dna077  Platform: Linux  PlatformVersion: 5.14.0-427.37.1.el9_4.x86_64  CompilerName: GCC  CompilerVersion: 8.4.0
7.3.2

ProgramName: mri_robust_template  ProgramArguments: mri_robust_template -all-info  ProgramVersion: 7.3.2  TimeStamp: 2026/03/14-11:34:41-GMT  BuildTime: Aug  4 2022 06:17:15  BuildStamp: freesurfer-linux-ubuntu22_x86_64-7.3.2-20220804-6354275  User: oesteban  Machine: dna077  Platform: Linux  PlatformVersion: 5.14.0-427.37.1.el9_4.x86_64  CompilerName: GCC  CompilerVersion: 8.4.0
ProgramName: mris_anatomical_stats  ProgramArguments: mris_anatomical_stats -all-info  ProgramVersion: 7.3.2  TimeStamp: 2026/03/14-11:34:41-GMT  BuildTime: Aug  4 2022 06:17:15  BuildStamp: freesurfer-linux-ubuntu22_x86_64-7.3.2-20220804-6354275  User: oesteban  Machine: dna077  Platform: Linux  PlatformVersion: 5.14.0-427.37.1.el9_4.x86_64  CompilerName: GCC  CompilerVersion: 8.4.0
ProgramName: mris_ca_label  ProgramArguments: mris_ca_label -all-info  ProgramVersion: 7.3.2  TimeStamp: 2026/03/14-11:34:41-GMT  BuildTime: Aug  4 2022 06:17:15  BuildStamp: freesurfer-linux-ubuntu22_x86_64-7.3.2-20220804-6354275  User: oesteban  Machine: dna077  Platform: Linux  PlatformVersion: 5.14.0-427.37.1.el9_4.x86_64  CompilerName: GCC  CompilerVersion: 8.4.0
ProgramName: mris_calc  ProgramArguments: mris_calc -all-info  ProgramVersion: 7.3.2  TimeStamp: 2026/03/14-11:34:41-GMT  BuildTime: Aug  4 2022 06:17:15  BuildStamp: freesurfer-linux-ubuntu22_x86_64-7.3.2-20220804-6354275  User: oesteban  Machine: dna077  Platform: Linux  PlatformVersion: 5.14.0-427.37.1.el9_4.x86_64  CompilerName: GCC  CompilerVersion: 8.4.0
ProgramName: mris_convert  ProgramArguments: mris_convert -all-info  ProgramVersion: 7.3.2  TimeStamp: 2026/03/14-11:34:41-GMT  BuildTime: Aug  4 2022 06:17:15  BuildStamp: freesurfer-linux-ubuntu22_x86_64-7.3.2-20220804-6354275  User: oesteban  Machine: dna077  Platform: Linux  PlatformVersion: 5.14.0-427.37.1.el9_4.x86_64  CompilerName: GCC  CompilerVersion: 8.4.0
ProgramName: mris_curvature  ProgramArguments: mris_curvature -all-info  ProgramVersion: 7.3.2  TimeStamp: 2026/03/14-11:34:41-GMT  BuildTime: Aug  4 2022 06:17:15  BuildStamp: freesurfer-linux-ubuntu22_x86_64-7.3.2-20220804-6354275  User: oesteban  Machine: dna077  Platform: Linux  PlatformVersion: 5.14.0-427.37.1.el9_4.x86_64  CompilerName: GCC  CompilerVersion: 8.4.0
ProgramName: mris_curvature_stats  ProgramArguments: mris_curvature_stats -all-info  ProgramVersion: 7.3.2  TimeStamp: 2026/03/14-11:34:41-GMT  BuildTime: Aug  4 2022 06:17:15  BuildStamp: freesurfer-linux-ubuntu22_x86_64-7.3.2-20220804-6354275  User: oesteban  Machine: dna077  Platform: Linux  PlatformVersion: 5.14.0-427.37.1.el9_4.x86_64  CompilerName: GCC  CompilerVersion: 8.4.0
ProgramName: mris_diff  ProgramArguments: mris_diff -all-info  ProgramVersion: 7.3.2  TimeStamp: 2026/03/14-11:34:41-GMT  BuildTime: Aug  4 2022 06:17:15  BuildStamp: freesurfer-linux-ubuntu22_x86_64-7.3.2-20220804-6354275  User: oesteban  Machine: dna077  Platform: Linux  PlatformVersion: 5.14.0-427.37.1.el9_4.x86_64  CompilerName: GCC  CompilerVersion: 8.4.0
ProgramName: mris_divide_parcellation  ProgramArguments: mris_divide_parcellation -all-info  ProgramVersion: 7.3.2  TimeStamp: 2026/03/14-11:34:41-GMT  BuildTime: Aug  4 2022 06:17:15  BuildStamp: freesurfer-linux-ubuntu22_x86_64-7.3.2-20220804-6354275  User: oesteban  Machine: dna077  Platform: Linux  PlatformVersion: 5.14.0-427.37.1.el9_4.x86_64  CompilerName: GCC  CompilerVersion: 8.4.0
ProgramName: mri_segment  ProgramArguments: mri_segment -all-info  ProgramVersion: 7.3.2  TimeStamp: 2026/03/14-11:34:41-GMT  BuildTime: Aug  4 2022 06:17:15  BuildStamp: freesurfer-linux-ubuntu22_x86_64-7.3.2-20220804-6354275  User: oesteban  Machine: dna077  Platform: Linux  PlatformVersion: 5.14.0-427.37.1.el9_4.x86_64  CompilerName: GCC  CompilerVersion: 8.4.0
ProgramName: mri_segstats  ProgramArguments: mri_segstats -all-info  ProgramVersion: 7.3.2  TimeStamp: 2026/03/14-11:34:41-GMT  BuildTime: Aug  4 2022 06:17:15  BuildStamp: freesurfer-linux-ubuntu22_x86_64-7.3.2-20220804-6354275  User: oesteban  Machine: dna077  Platform: Linux  PlatformVersion: 5.14.0-427.37.1.el9_4.x86_64  CompilerName: GCC  CompilerVersion: 8.4.0
ProgramName: mris_euler_number  ProgramArguments: mris_euler_number -all-info  ProgramVersion: 7.3.2  TimeStamp: 2026/03/14-11:34:41-GMT  BuildTime: Aug  4 2022 06:17:15  BuildStamp: freesurfer-linux-ubuntu22_x86_64-7.3.2-20220804-6354275  User: oesteban  Machine: dna077  Platform: Linux  PlatformVersion: 5.14.0-427.37.1.el9_4.x86_64  CompilerName: GCC  CompilerVersion: 8.4.0
ProgramName: mris_fix_topology  ProgramArguments: mris_fix_topology -all-info  ProgramVersion: 7.3.2  TimeStamp: 2026/03/14-11:34:41-GMT  BuildTime: Aug  4 2022 06:17:15  BuildStamp: freesurfer-linux-ubuntu22_x86_64-7.3.2-20220804-6354275  User: oesteban  Machine: dna077  Platform: Linux  PlatformVersion: 5.14.0-427.37.1.el9_4.x86_64  CompilerName: GCC  CompilerVersion: 8.4.0
ProgramName: mris_topo_fixer  ProgramArguments: mris_topo_fixer -all-info  ProgramVersion: 7.3.2  TimeStamp: 2026/03/14-11:34:41-GMT  BuildTime: Aug  4 2022 06:17:15  BuildStamp: freesurfer-linux-ubuntu22_x86_64-7.3.2-20220804-6354275  User: oesteban  Machine: dna077  Platform: Linux  PlatformVersion: 5.14.0-427.37.1.el9_4.x86_64  CompilerName: GCC  CompilerVersion: 8.4.0
ProgramName: mris_jacobian  ProgramArguments: mris_jacobian -all-info  ProgramVersion: 7.3.2  TimeStamp: 2026/03/14-11:34:41-GMT  BuildTime: Aug  4 2022 06:17:15  BuildStamp: freesurfer-linux-ubuntu22_x86_64-7.3.2-20220804-6354275  User: oesteban  Machine: dna077  Platform: Linux  PlatformVersion: 5.14.0-427.37.1.el9_4.x86_64  CompilerName: GCC  CompilerVersion: 8.4.0
ProgramName: mris_label2annot  ProgramArguments: mris_label2annot -all-info  ProgramVersion: 7.3.2  TimeStamp: 2026/03/14-11:34:41-GMT  BuildTime: Aug  4 2022 06:17:15  BuildStamp: freesurfer-linux-ubuntu22_x86_64-7.3.2-20220804-6354275  User: oesteban  Machine: dna077  Platform: Linux  PlatformVersion: 5.14.0-427.37.1.el9_4.x86_64  CompilerName: GCC  CompilerVersion: 8.4.0
ProgramName: mris_left_right_register  ProgramArguments: mris_left_right_register -all-info  ProgramVersion: 7.3.2  TimeStamp: 2026/03/14-11:34:41-GMT  BuildTime: Aug  4 2022 06:17:15  BuildStamp: freesurfer-linux-ubuntu22_x86_64-7.3.2-20220804-6354275  User: oesteban  Machine: dna077  Platform: Linux  PlatformVersion: 5.14.0-427.37.1.el9_4.x86_64  CompilerName: GCC  CompilerVersion: 8.4.0
ProgramName: mris_place_surface  ProgramArguments: mris_place_surface -all-info  ProgramVersion: 7.3.2  TimeStamp: 2026/03/14-11:34:41-GMT  BuildTime: Aug  4 2022 06:17:15  BuildStamp: freesurfer-linux-ubuntu22_x86_64-7.3.2-20220804-6354275  User: oesteban  Machine: dna077  Platform: Linux  PlatformVersion: 5.14.0-427.37.1.el9_4.x86_64  CompilerName: GCC  CompilerVersion: 8.4.0
ProgramName: mrisp_paint  ProgramArguments: mrisp_paint -all-info  ProgramVersion: 7.3.2  TimeStamp: 2026/03/14-11:34:41-GMT  BuildTime: Aug  4 2022 06:17:15  BuildStamp: freesurfer-linux-ubuntu22_x86_64-7.3.2-20220804-6354275  User: oesteban  Machine: dna077  Platform: Linux  PlatformVersion: 5.14.0-427.37.1.el9_4.x86_64  CompilerName: GCC  CompilerVersion: 8.4.0
ProgramName: mris_register  ProgramArguments: mris_register -all-info  ProgramVersion: 7.3.2  TimeStamp: 2026/03/14-11:34:41-GMT  BuildTime: Aug  4 2022 06:17:15  BuildStamp: freesurfer-linux-ubuntu22_x86_64-7.3.2-20220804-6354275  User: oesteban  Machine: dna077  Platform: Linux  PlatformVersion: 5.14.0-427.37.1.el9_4.x86_64  CompilerName: GCC  CompilerVersion: 8.4.0
ProgramName: mris_smooth  ProgramArguments: mris_smooth -all-info  ProgramVersion: 7.3.2  TimeStamp: 2026/03/14-11:34:41-GMT  BuildTime: Aug  4 2022 06:17:15  BuildStamp: freesurfer-linux-ubuntu22_x86_64-7.3.2-20220804-6354275  User: oesteban  Machine: dna077  Platform: Linux  PlatformVersion: 5.14.0-427.37.1.el9_4.x86_64  CompilerName: GCC  CompilerVersion: 8.4.0
ProgramName: mris_sphere  ProgramArguments: mris_sphere -all-info  ProgramVersion: 7.3.2  TimeStamp: 2026/03/14-11:34:41-GMT  BuildTime: Aug  4 2022 06:17:15  BuildStamp: freesurfer-linux-ubuntu22_x86_64-7.3.2-20220804-6354275  User: oesteban  Machine: dna077  Platform: Linux  PlatformVersion: 5.14.0-427.37.1.el9_4.x86_64  CompilerName: GCC  CompilerVersion: 8.4.0
ProgramName: mris_surface_stats  ProgramArguments: mris_surface_stats -all-info  ProgramVersion: 7.3.2  TimeStamp: 2026/03/14-11:34:41-GMT  BuildTime: Aug  4 2022 06:17:15  BuildStamp: freesurfer-linux-ubuntu22_x86_64-7.3.2-20220804-6354275  User: oesteban  Machine: dna077  Platform: Linux  PlatformVersion: 5.14.0-427.37.1.el9_4.x86_64  CompilerName: GCC  CompilerVersion: 8.4.0
ProgramName: mri_stats2seg  ProgramArguments: mri_stats2seg -all-info  ProgramVersion: 7.3.2  TimeStamp: 2026/03/14-11:34:41-GMT  BuildTime: Aug  4 2022 06:17:15  BuildStamp: freesurfer-linux-ubuntu22_x86_64-7.3.2-20220804-6354275  User: oesteban  Machine: dna077  Platform: Linux  PlatformVersion: 5.14.0-427.37.1.el9_4.x86_64  CompilerName: GCC  CompilerVersion: 8.4.0
ProgramName: mris_thickness  ProgramArguments: mris_thickness -all-info  ProgramVersion: 7.3.2  TimeStamp: 2026/03/14-11:34:41-GMT  BuildTime: Aug  4 2022 06:17:15  BuildStamp: freesurfer-linux-ubuntu22_x86_64-7.3.2-20220804-6354275  User: oesteban  Machine: dna077  Platform: Linux  PlatformVersion: 5.14.0-427.37.1.el9_4.x86_64  CompilerName: GCC  CompilerVersion: 8.4.0
ProgramName: mris_thickness_diff  ProgramArguments: mris_thickness_diff -all-info  ProgramVersion: 7.3.2  TimeStamp: 2026/03/14-11:34:41-GMT  BuildTime: Aug  4 2022 06:17:15  BuildStamp: freesurfer-linux-ubuntu22_x86_64-7.3.2-20220804-6354275  User: oesteban  Machine: dna077  Platform: Linux  PlatformVersion: 5.14.0-427.37.1.el9_4.x86_64  CompilerName: GCC  CompilerVersion: 8.4.0
ProgramName: mris_topo_fixer  ProgramArguments: mris_topo_fixer -all-info  ProgramVersion: 7.3.2  TimeStamp: 2026/03/14-11:34:41-GMT  BuildTime: Aug  4 2022 06:17:15  BuildStamp: freesurfer-linux-ubuntu22_x86_64-7.3.2-20220804-6354275  User: oesteban  Machine: dna077  Platform: Linux  PlatformVersion: 5.14.0-427.37.1.el9_4.x86_64  CompilerName: GCC  CompilerVersion: 8.4.0
ProgramName: mri_surf2surf  ProgramArguments: mri_surf2surf -all-info  ProgramVersion: 7.3.2  TimeStamp: 2026/03/14-11:34:41-GMT  BuildTime: Aug  4 2022 06:17:15  BuildStamp: freesurfer-linux-ubuntu22_x86_64-7.3.2-20220804-6354275  User: oesteban  Machine: dna077  Platform: Linux  PlatformVersion: 5.14.0-427.37.1.el9_4.x86_64  CompilerName: GCC  CompilerVersion: 8.4.0
ProgramName: mri_surf2vol  ProgramArguments: mri_surf2vol -all-info  ProgramVersion: 7.3.2  TimeStamp: 2026/03/14-11:34:41-GMT  BuildTime: Aug  4 2022 06:17:15  BuildStamp: freesurfer-linux-ubuntu22_x86_64-7.3.2-20220804-6354275  User: oesteban  Machine: dna077  Platform: Linux  PlatformVersion: 5.14.0-427.37.1.el9_4.x86_64  CompilerName: GCC  CompilerVersion: 8.4.0
ProgramName: mri_surfcluster  ProgramArguments: mri_surfcluster -all-info  ProgramVersion: 7.3.2  TimeStamp: 2026/03/14-11:34:41-GMT  BuildTime: Aug  4 2022 06:17:15  BuildStamp: freesurfer-linux-ubuntu22_x86_64-7.3.2-20220804-6354275  User: oesteban  Machine: dna077  Platform: Linux  PlatformVersion: 5.14.0-427.37.1.el9_4.x86_64  CompilerName: GCC  CompilerVersion: 8.4.0
ProgramName: mris_volmask  ProgramArguments: mris_volmask -all-info  ProgramVersion: 7.3.2  TimeStamp: 2026/03/14-11:34:41-GMT  BuildTime: Aug  4 2022 06:17:15  BuildStamp: freesurfer-linux-ubuntu22_x86_64-7.3.2-20220804-6354275  User: oesteban  Machine: dna077  Platform: Linux  PlatformVersion: 5.14.0-427.37.1.el9_4.x86_64  CompilerName: GCC  CompilerVersion: 8.4.0
ProgramName: mri_tessellate  ProgramArguments: mri_tessellate -all-info  ProgramVersion: 7.3.2  TimeStamp: 2026/03/14-11:34:41-GMT  BuildTime: Aug  4 2022 06:17:15  BuildStamp: freesurfer-linux-ubuntu22_x86_64-7.3.2-20220804-6354275  User: oesteban  Machine: dna077  Platform: Linux  PlatformVersion: 5.14.0-427.37.1.el9_4.x86_64  CompilerName: GCC  CompilerVersion: 8.4.0
ProgramName: mri_vol2surf  ProgramArguments: mri_vol2surf -all-info  ProgramVersion: 7.3.2  TimeStamp: 2026/03/14-11:34:41-GMT  BuildTime: Aug  4 2022 06:17:15  BuildStamp: freesurfer-linux-ubuntu22_x86_64-7.3.2-20220804-6354275  User: oesteban  Machine: dna077  Platform: Linux  PlatformVersion: 5.14.0-427.37.1.el9_4.x86_64  CompilerName: GCC  CompilerVersion: 8.4.0
ProgramName: mri_vol2vol  ProgramArguments: mri_vol2vol -all-info  ProgramVersion: 7.3.2  TimeStamp: 2026/03/14-11:34:41-GMT  BuildTime: Aug  4 2022 06:17:15  BuildStamp: freesurfer-linux-ubuntu22_x86_64-7.3.2-20220804-6354275  User: oesteban  Machine: dna077  Platform: Linux  PlatformVersion: 5.14.0-427.37.1.el9_4.x86_64  CompilerName: GCC  CompilerVersion: 8.4.0
ProgramName: mri_voldiff  ProgramArguments: mri_voldiff -all-info  ProgramVersion: 7.3.2  TimeStamp: 2026/03/14-11:34:41-GMT  BuildTime: Aug  4 2022 06:17:15  BuildStamp: freesurfer-linux-ubuntu22_x86_64-7.3.2-20220804-6354275  User: oesteban  Machine: dna077  Platform: Linux  PlatformVersion: 5.14.0-427.37.1.el9_4.x86_64  CompilerName: GCC  CompilerVersion: 8.4.0
ProgramName: mri_watershed  ProgramArguments: mri_watershed -all-info  ProgramVersion: 7.3.2  TimeStamp: 2026/03/14-11:34:41-GMT  BuildTime: Aug  4 2022 06:17:15  BuildStamp: freesurfer-linux-ubuntu22_x86_64-7.3.2-20220804-6354275  User: oesteban  Machine: dna077  Platform: Linux  PlatformVersion: 5.14.0-427.37.1.el9_4.x86_64  CompilerName: GCC  CompilerVersion: 8.4.0
ProgramName: tkregister2  ProgramArguments: tkregister2_cmdl -all-info  ProgramVersion: 7.3.2  TimeStamp: 2026/03/14-11:34:41-GMT  BuildTime: Aug  4 2022 06:17:15  BuildStamp: freesurfer-linux-ubuntu22_x86_64-7.3.2-20220804-6354275  User: oesteban  Machine: dna077  Platform: Linux  PlatformVersion: 5.14.0-427.37.1.el9_4.x86_64  CompilerName: GCC  CompilerVersion: 8.4.0
mri_motion_correct.fsl 7.3.2
mri_convert -all-info 
ProgramName: mri_convert  ProgramArguments: mri_convert -all-info  ProgramVersion: 7.3.2  TimeStamp: 2026/03/14-11:34:41-GMT  BuildTime: Aug  4 2022 06:17:15  BuildStamp: freesurfer-linux-ubuntu22_x86_64-7.3.2-20220804-6354275  User: oesteban  Machine: dna077  Platform: Linux  PlatformVersion: 5.14.0-427.37.1.el9_4.x86_64  CompilerName: GCC  CompilerVersion: 8.4.0
Program nu_correct, built from:
Package MNI N3, version 1.12.0, compiled by nicks@terrier (x86_64-unknown-linux-gnu) on 2015-06-19 at 01:25:34
#######################################
GCADIR /opt/freesurfer/average
GCA RB_all_2020-01-02.gca
GCASkull RB_all_withskull_2020_01_02.gca
AvgCurvTif folding.atlas.acfb40.noaparc.i12.2016-08-02.tif
GCSDIR /opt/freesurfer/average
GCS DKaparc.atlas.acfb40.noaparc.i12.2016-08-02.gcs
#######################################
#@# white curv lh Sat Mar 14 12:34:41 CET 2026
cd /out/sourcedata/freesurfer/sub-v2s9x29166_ses-1/mri
mris_place_surface --curv-map ../surf/lh.white 2 10 ../surf/lh.curv
   Update not needed
#@# white area lh Sat Mar 14 12:34:41 CET 2026
cd /out/sourcedata/freesurfer/sub-v2s9x29166_ses-1/mri
mris_place_surface --area-map ../surf/lh.white ../surf/lh.area
   Update not needed
#@# pial curv lh Sat Mar 14 12:34:41 CET 2026
cd /out/sourcedata/freesurfer/sub-v2s9x29166_ses-1/mri
mris_place_surface --curv-map ../surf/lh.pial 2 10 ../surf/lh.curv.pial
   Update not needed
#@# pial area lh Sat Mar 14 12:34:41 CET 2026
cd /out/sourcedata/freesurfer/sub-v2s9x29166_ses-1/mri
mris_place_surface --area-map ../surf/lh.pial ../surf/lh.area.pial
   Update not needed
#@# thickness lh Sat Mar 14 12:34:41 CET 2026
cd /out/sourcedata/freesurfer/sub-v2s9x29166_ses-1/mri
mris_place_surface --thickness ../surf/lh.white ../surf/lh.pial 20 5 ../surf/lh.thickness
   Update not needed
#@# area and vertex vol lh Sat Mar 14 12:34:41 CET 2026
cd /out/sourcedata/freesurfer/sub-v2s9x29166_ses-1/mri
mris_place_surface --thickness ../surf/lh.white ../surf/lh.pial 20 5 ../surf/lh.thickness
   Update not needed
#@# white curv rh Sat Mar 14 12:34:41 CET 2026
cd /out/sourcedata/freesurfer/sub-v2s9x29166_ses-1/mri
mris_place_surface --curv-map ../surf/rh.white 2 10 ../surf/rh.curv
   Update not needed
#@# white area rh Sat Mar 14 12:34:42 CET 2026
cd /out/sourcedata/freesurfer/sub-v2s9x29166_ses-1/mri
mris_place_surface --area-map ../surf/rh.white ../surf/rh.area
   Update not needed
#@# pial curv rh Sat Mar 14 12:34:42 CET 2026
cd /out/sourcedata/freesurfer/sub-v2s9x29166_ses-1/mri
mris_place_surface --curv-map ../surf/rh.pial 2 10 ../surf/rh.curv.pial
   Update not needed
#@# pial area rh Sat Mar 14 12:34:42 CET 2026
cd /out/sourcedata/freesurfer/sub-v2s9x29166_ses-1/mri
mris_place_surface --area-map ../surf/rh.pial ../surf/rh.area.pial
   Update not needed
#@# thickness rh Sat Mar 14 12:34:42 CET 2026
cd /out/sourcedata/freesurfer/sub-v2s9x29166_ses-1/mri
mris_place_surface --thickness ../surf/rh.white ../surf/rh.pial 20 5 ../surf/rh.thickness
   Update not needed
#@# area and vertex vol rh Sat Mar 14 12:34:42 CET 2026
cd /out/sourcedata/freesurfer/sub-v2s9x29166_ses-1/mri
mris_place_surface --thickness ../surf/rh.white ../surf/rh.pial 20 5 ../surf/rh.thickness
   Update not needed
#--------------------------------------------
#@# Cortical ribbon mask Sat Mar 14 12:34:42 CET 2026
/out/sourcedata/freesurfer/sub-v2s9x29166_ses-1/mri

 mris_volmask --aseg_name aseg.presurf --label_left_white 2 --label_left_ribbon 3 --label_right_white 41 --label_right_ribbon 42 --save_ribbon sub-v2s9x29166_ses-1 

SUBJECTS_DIR is /out/sourcedata/freesurfer
loading input data...
Running hemis serially
Processing left hemi
computing distance to left white surface 
computing distance to left pial surface 
Processing right hemi
computing distance to right white surface 
computing distance to right pial surface 
 hemi masks overlap voxels = 227
writing volume /out/sourcedata/freesurfer/sub-v2s9x29166_ses-1/mri/ribbon.mgz
mris_volmask took 3.20 minutes
 writing ribbon files

Started at Sat Mar 14 12:34:41 CET 2026 
Ended   at Sat Mar 14 12:37:54 CET 2026
#@#%# recon-all-run-time-hours 0.054
recon-all -s sub-v2s9x29166_ses-1 finished without error at Sat Mar 14 12:37:54 CET 2026



#New# invocation of recon-all 




Sat Mar 14 12:41:58 CET 2026
cd /out/sourcedata/freesurfer/sub-v2s9x29166_ses-1
setenv SUBJECTS_DIR /out/sourcedata/freesurfer
/opt/freesurfer/bin/recon-all -autorecon3 -openmp 16 -subjid sub-v2s9x29166_ses-1 -sd /out/sourcedata/freesurfer -nosphere -nosurfreg -nojacobian_white -noavgcurv -nocortparc -nopial -noparcstats -nocortparc2 -noparcstats2 -nocortparc3 -noparcstats3 -nopctsurfcon -nocortribbon -nobalabels

subjid sub-v2s9x29166_ses-1
setenv SUBJECTS_DIR /out/sourcedata/freesurfer
FREESURFER_HOME /opt/freesurfer
Actual FREESURFER_HOME /opt/freesurfer
build-stamp.txt: freesurfer-linux-ubuntu22_x86_64-7.3.2-20220804-6354275
Linux dna077 5.14.0-427.37.1.el9_4.x86_64 #1 SMP PREEMPT_DYNAMIC Fri Sep 13 12:41:50 EDT 2024 x86_64 x86_64 x86_64 GNU/Linux
cputime      unlimited
filesize     unlimited
datasize     unlimited
stacksize    8192 kbytes
coredumpsize 0 kbytes
memoryuse    67108864 kbytes
vmemoryuse   unlimited
descriptors  1024 
memorylocked unlimited
maxproc      2061970 
maxlocks     unlimited
maxsignal    2062029 
maxmessage   819200 
maxnice      0 
maxrtprio    0 
maxrttime    unlimited

               total        used        free      shared  buff/cache   available
Mem:           503Gi       123Gi        40Gi        17Gi       339Gi       359Gi
Swap:             0B          0B          0B

########################################
program versions used
7.3.2 (freesurfer-linux-ubuntu22_x86_64-7.3.2-20220804-6354275)
7.3.2

ProgramName: lta_convert  ProgramArguments: lta_convert -all-info  ProgramVersion: 7.3.2  TimeStamp: 2026/03/14-11:41:58-GMT  BuildTime: Aug  4 2022 06:17:15  BuildStamp: freesurfer-linux-ubuntu22_x86_64-7.3.2-20220804-6354275  User: oesteban  Machine: dna077  Platform: Linux  PlatformVersion: 5.14.0-427.37.1.el9_4.x86_64  CompilerName: GCC  CompilerVersion: 8.4.0
ProgramName: mri_and  ProgramArguments: mri_and -all-info  ProgramVersion: 7.3.2  TimeStamp: 2026/03/14-11:41:58-GMT  BuildTime: Aug  4 2022 06:17:15  BuildStamp: freesurfer-linux-ubuntu22_x86_64-7.3.2-20220804-6354275  User: oesteban  Machine: dna077  Platform: Linux  PlatformVersion: 5.14.0-427.37.1.el9_4.x86_64  CompilerName: GCC  CompilerVersion: 8.4.0
ProgramName: mri_annotation2label  ProgramArguments: mri_annotation2label -all-info  ProgramVersion: 7.3.2  TimeStamp: 2026/03/14-11:41:58-GMT  BuildTime: Aug  4 2022 06:17:15  BuildStamp: freesurfer-linux-ubuntu22_x86_64-7.3.2-20220804-6354275  User: oesteban  Machine: dna077  Platform: Linux  PlatformVersion: 5.14.0-427.37.1.el9_4.x86_64  CompilerName: GCC  CompilerVersion: 8.4.0
ProgramName: mri_aparc2aseg  ProgramArguments: mri_aparc2aseg -all-info  ProgramVersion: 7.3.2  TimeStamp: 2026/03/14-11:41:58-GMT  BuildTime: Aug  4 2022 06:17:15  BuildStamp: freesurfer-linux-ubuntu22_x86_64-7.3.2-20220804-6354275  User: oesteban  Machine: dna077  Platform: Linux  PlatformVersion: 5.14.0-427.37.1.el9_4.x86_64  CompilerName: GCC  CompilerVersion: 8.4.0
ProgramName: mri_surf2volseg  ProgramArguments: mri_surf2volseg -all-info  ProgramVersion: 7.3.2  TimeStamp: 2026/03/14-11:41:58-GMT  BuildTime: Aug  4 2022 06:17:15  BuildStamp: freesurfer-linux-ubuntu22_x86_64-7.3.2-20220804-6354275  User: oesteban  Machine: dna077  Platform: Linux  PlatformVersion: 5.14.0-427.37.1.el9_4.x86_64  CompilerName: GCC  CompilerVersion: 8.4.0
ProgramName: mri_binarize  ProgramArguments: mri_binarize -all-info  ProgramVersion: 7.3.2  TimeStamp: 2026/03/14-11:41:58-GMT  BuildTime: Aug  4 2022 06:17:15  BuildStamp: freesurfer-linux-ubuntu22_x86_64-7.3.2-20220804-6354275  User: oesteban  Machine: dna077  Platform: Linux  PlatformVersion: 5.14.0-427.37.1.el9_4.x86_64  CompilerName: GCC  CompilerVersion: 8.4.0
ProgramName: mri_ca_label  ProgramArguments: mri_ca_label -all-info  ProgramVersion: 7.3.2  TimeStamp: 2026/03/14-11:41:58-GMT  BuildTime: Aug  4 2022 06:17:15  BuildStamp: freesurfer-linux-ubuntu22_x86_64-7.3.2-20220804-6354275  User: oesteban  Machine: dna077  Platform: Linux  PlatformVersion: 5.14.0-427.37.1.el9_4.x86_64  CompilerName: GCC  CompilerVersion: 8.4.0
ProgramName: mri_ca_normalize  ProgramArguments: mri_ca_normalize -all-info  ProgramVersion: 7.3.2  TimeStamp: 2026/03/14-11:41:58-GMT  BuildTime: Aug  4 2022 06:17:15  BuildStamp: freesurfer-linux-ubuntu22_x86_64-7.3.2-20220804-6354275  User: oesteban  Machine: dna077  Platform: Linux  PlatformVersion: 5.14.0-427.37.1.el9_4.x86_64  CompilerName: GCC  CompilerVersion: 8.4.0
ProgramName: mri_ca_register  ProgramArguments: mri_ca_register -all-info  ProgramVersion: 7.3.2  TimeStamp: 2026/03/14-11:41:58-GMT  BuildTime: Aug  4 2022 06:17:15  BuildStamp: freesurfer-linux-ubuntu22_x86_64-7.3.2-20220804-6354275  User: oesteban  Machine: dna077  Platform: Linux  PlatformVersion: 5.14.0-427.37.1.el9_4.x86_64  CompilerName: GCC  CompilerVersion: 8.4.0
ProgramName: mri_cc  ProgramArguments: mri_cc -all-info  ProgramVersion: 7.3.2  TimeStamp: 2026/03/14-11:41:58-GMT  BuildTime: Aug  4 2022 06:17:15  BuildStamp: freesurfer-linux-ubuntu22_x86_64-7.3.2-20220804-6354275  User: oesteban  Machine: dna077  Platform: Linux  PlatformVersion: 5.14.0-427.37.1.el9_4.x86_64  CompilerName: GCC  CompilerVersion: 8.4.0
ProgramName: mri_compute_overlap  ProgramArguments: mri_compute_overlap -all-info  ProgramVersion: 7.3.2  TimeStamp: 2026/03/14-11:41:58-GMT  BuildTime: Aug  4 2022 06:17:15  BuildStamp: freesurfer-linux-ubuntu22_x86_64-7.3.2-20220804-6354275  User: oesteban  Machine: dna077  Platform: Linux  PlatformVersion: 5.14.0-427.37.1.el9_4.x86_64  CompilerName: GCC  CompilerVersion: 8.4.0
ProgramName: mri_compute_seg_overlap  ProgramArguments: mri_compute_seg_overlap -all-info  ProgramVersion: 7.3.2  TimeStamp: 2026/03/14-11:41:58-GMT  BuildTime: Aug  4 2022 06:17:15  BuildStamp: freesurfer-linux-ubuntu22_x86_64-7.3.2-20220804-6354275  User: oesteban  Machine: dna077  Platform: Linux  PlatformVersion: 5.14.0-427.37.1.el9_4.x86_64  CompilerName: GCC  CompilerVersion: 8.4.0
ProgramName: mri_concat  ProgramArguments: mri_concat -all-info  ProgramVersion: 7.3.2  TimeStamp: 2026/03/14-11:41:58-GMT  BuildTime: Aug  4 2022 06:17:15  BuildStamp: freesurfer-linux-ubuntu22_x86_64-7.3.2-20220804-6354275  User: oesteban  Machine: dna077  Platform: Linux  PlatformVersion: 5.14.0-427.37.1.el9_4.x86_64  CompilerName: GCC  CompilerVersion: 8.4.0
ProgramName: mri_concatenate_lta  ProgramArguments: mri_concatenate_lta -all-info  ProgramVersion: 7.3.2  TimeStamp: 2026/03/14-11:41:58-GMT  BuildTime: Aug  4 2022 06:17:15  BuildStamp: freesurfer-linux-ubuntu22_x86_64-7.3.2-20220804-6354275  User: oesteban  Machine: dna077  Platform: Linux  PlatformVersion: 5.14.0-427.37.1.el9_4.x86_64  CompilerName: GCC  CompilerVersion: 8.4.0
mri_convert -all-info 
ProgramName: mri_convert  ProgramArguments: mri_convert -all-info  ProgramVersion: 7.3.2  TimeStamp: 2026/03/14-11:41:58-GMT  BuildTime: Aug  4 2022 06:17:15  BuildStamp: freesurfer-linux-ubuntu22_x86_64-7.3.2-20220804-6354275  User: oesteban  Machine: dna077  Platform: Linux  PlatformVersion: 5.14.0-427.37.1.el9_4.x86_64  CompilerName: GCC  CompilerVersion: 8.4.0
ProgramName: mri_diff  ProgramArguments: mri_diff -all-info  ProgramVersion: 7.3.2  TimeStamp: 2026/03/14-11:41:58-GMT  BuildTime: Aug  4 2022 06:17:15  BuildStamp: freesurfer-linux-ubuntu22_x86_64-7.3.2-20220804-6354275  User: oesteban  Machine: dna077  Platform: Linux  PlatformVersion: 5.14.0-427.37.1.el9_4.x86_64  CompilerName: GCC  CompilerVersion: 8.4.0
ProgramName: mri_edit_wm_with_aseg  ProgramArguments: mri_edit_wm_with_aseg -all-info  ProgramVersion: 7.3.2  TimeStamp: 2026/03/14-11:41:58-GMT  BuildTime: Aug  4 2022 06:17:15  BuildStamp: freesurfer-linux-ubuntu22_x86_64-7.3.2-20220804-6354275  User: oesteban  Machine: dna077  Platform: Linux  PlatformVersion: 5.14.0-427.37.1.el9_4.x86_64  CompilerName: GCC  CompilerVersion: 8.4.0
ProgramName: mri_em_register  ProgramArguments: mri_em_register -all-info  ProgramVersion: 7.3.2  TimeStamp: 2026/03/14-11:41:58-GMT  BuildTime: Aug  4 2022 06:17:15  BuildStamp: freesurfer-linux-ubuntu22_x86_64-7.3.2-20220804-6354275  User: oesteban  Machine: dna077  Platform: Linux  PlatformVersion: 5.14.0-427.37.1.el9_4.x86_64  CompilerName: GCC  CompilerVersion: 8.4.0
ProgramName: mri_fill  ProgramArguments: mri_fill -all-info  ProgramVersion: 7.3.2  TimeStamp: 2026/03/14-11:41:58-GMT  BuildTime: Aug  4 2022 06:17:15  BuildStamp: freesurfer-linux-ubuntu22_x86_64-7.3.2-20220804-6354275  User: oesteban  Machine: dna077  Platform: Linux  PlatformVersion: 5.14.0-427.37.1.el9_4.x86_64  CompilerName: GCC  CompilerVersion: 8.4.0
ProgramName: mri_fuse_segmentations  ProgramArguments: mri_fuse_segmentations -all-info  ProgramVersion: 7.3.2  TimeStamp: 2026/03/14-11:41:58-GMT  BuildTime: Aug  4 2022 06:17:15  BuildStamp: freesurfer-linux-ubuntu22_x86_64-7.3.2-20220804-6354275  User: oesteban  Machine: dna077  Platform: Linux  PlatformVersion: 5.14.0-427.37.1.el9_4.x86_64  CompilerName: GCC  CompilerVersion: 8.4.0
ProgramName: mri_fwhm  ProgramArguments: mri_fwhm -all-info  ProgramVersion: 7.3.2  TimeStamp: 2026/03/14-11:41:58-GMT  BuildTime: Aug  4 2022 06:17:15  BuildStamp: freesurfer-linux-ubuntu22_x86_64-7.3.2-20220804-6354275  User: oesteban  Machine: dna077  Platform: Linux  PlatformVersion: 5.14.0-427.37.1.el9_4.x86_64  CompilerName: GCC  CompilerVersion: 8.4.0
ProgramName: mri_gcut  ProgramArguments: mri_gcut -all-info  ProgramVersion: 7.3.2  TimeStamp: 2026/03/14-11:41:58-GMT  BuildTime: Aug  4 2022 06:17:15  BuildStamp: freesurfer-linux-ubuntu22_x86_64-7.3.2-20220804-6354275  User: oesteban  Machine: dna077  Platform: Linux  PlatformVersion: 5.14.0-427.37.1.el9_4.x86_64  CompilerName: GCC  CompilerVersion: 8.4.0
ProgramName: mri_info  ProgramArguments: mri_info -all-info  ProgramVersion: 7.3.2  TimeStamp: 2026/03/14-11:41:58-GMT  BuildTime: Aug  4 2022 06:17:15  BuildStamp: freesurfer-linux-ubuntu22_x86_64-7.3.2-20220804-6354275  User: oesteban  Machine: dna077  Platform: Linux  PlatformVersion: 5.14.0-427.37.1.el9_4.x86_64  CompilerName: GCC  CompilerVersion: 8.4.0
ProgramName: mri_label2label  ProgramArguments: mri_label2label -all-info  ProgramVersion: 7.3.2  TimeStamp: 2026/03/14-11:41:58-GMT  BuildTime: Aug  4 2022 06:17:15  BuildStamp: freesurfer-linux-ubuntu22_x86_64-7.3.2-20220804-6354275  User: oesteban  Machine: dna077  Platform: Linux  PlatformVersion: 5.14.0-427.37.1.el9_4.x86_64  CompilerName: GCC  CompilerVersion: 8.4.0
ProgramName: mri_label2vol  ProgramArguments: mri_label2vol -all-info  ProgramVersion: 7.3.2  TimeStamp: 2026/03/14-11:41:58-GMT  BuildTime: Aug  4 2022 06:17:15  BuildStamp: freesurfer-linux-ubuntu22_x86_64-7.3.2-20220804-6354275  User: oesteban  Machine: dna077  Platform: Linux  PlatformVersion: 5.14.0-427.37.1.el9_4.x86_64  CompilerName: GCC  CompilerVersion: 8.4.0
ProgramName: mri_log_likelihood  ProgramArguments: mri_log_likelihood -all-info  ProgramVersion: 7.3.2  TimeStamp: 2026/03/14-11:41:58-GMT  BuildTime: Aug  4 2022 06:17:15  BuildStamp: freesurfer-linux-ubuntu22_x86_64-7.3.2-20220804-6354275  User: oesteban  Machine: dna077  Platform: Linux  PlatformVersion: 5.14.0-427.37.1.el9_4.x86_64  CompilerName: GCC  CompilerVersion: 8.4.0
ProgramName: mri_mask  ProgramArguments: mri_mask -all-info  ProgramVersion: 7.3.2  TimeStamp: 2026/03/14-11:41:58-GMT  BuildTime: Aug  4 2022 06:17:15  BuildStamp: freesurfer-linux-ubuntu22_x86_64-7.3.2-20220804-6354275  User: oesteban  Machine: dna077  Platform: Linux  PlatformVersion: 5.14.0-427.37.1.el9_4.x86_64  CompilerName: GCC  CompilerVersion: 8.4.0
ProgramName: mri_matrix_multiply  ProgramArguments: mri_matrix_multiply -all-info  ProgramVersion: 7.3.2  TimeStamp: 2026/03/14-11:41:58-GMT  BuildTime: Aug  4 2022 06:17:15  BuildStamp: freesurfer-linux-ubuntu22_x86_64-7.3.2-20220804-6354275  User: oesteban  Machine: dna077  Platform: Linux  PlatformVersion: 5.14.0-427.37.1.el9_4.x86_64  CompilerName: GCC  CompilerVersion: 8.4.0
ProgramName: mri_normalize  ProgramArguments: mri_normalize -all-info  ProgramVersion: 7.3.2  TimeStamp: 2026/03/14-11:41:58-GMT  BuildTime: Aug  4 2022 06:17:15  BuildStamp: freesurfer-linux-ubuntu22_x86_64-7.3.2-20220804-6354275  User: oesteban  Machine: dna077  Platform: Linux  PlatformVersion: 5.14.0-427.37.1.el9_4.x86_64  CompilerName: GCC  CompilerVersion: 8.4.0
ProgramName: mri_normalize_tp2  ProgramArguments: mri_normalize_tp2 -all-info  ProgramVersion: 7.3.2  TimeStamp: 2026/03/14-11:41:58-GMT  BuildTime: Aug  4 2022 06:17:15  BuildStamp: freesurfer-linux-ubuntu22_x86_64-7.3.2-20220804-6354275  User: oesteban  Machine: dna077  Platform: Linux  PlatformVersion: 5.14.0-427.37.1.el9_4.x86_64  CompilerName: GCC  CompilerVersion: 8.4.0
ProgramName: mri_or  ProgramArguments: mri_or -all-info  ProgramVersion: 7.3.2  TimeStamp: 2026/03/14-11:41:58-GMT  BuildTime: Aug  4 2022 06:17:15  BuildStamp: freesurfer-linux-ubuntu22_x86_64-7.3.2-20220804-6354275  User: oesteban  Machine: dna077  Platform: Linux  PlatformVersion: 5.14.0-427.37.1.el9_4.x86_64  CompilerName: GCC  CompilerVersion: 8.4.0
ProgramName: mri_relabel_hypointensities  ProgramArguments: mri_relabel_hypointensities -all-info  ProgramVersion: 7.3.2  TimeStamp: 2026/03/14-11:41:58-GMT  BuildTime: Aug  4 2022 06:17:15  BuildStamp: freesurfer-linux-ubuntu22_x86_64-7.3.2-20220804-6354275  User: oesteban  Machine: dna077  Platform: Linux  PlatformVersion: 5.14.0-427.37.1.el9_4.x86_64  CompilerName: GCC  CompilerVersion: 8.4.0
ProgramName: mri_relabel_nonwm_hypos  ProgramArguments: mri_relabel_nonwm_hypos -all-info  ProgramVersion: 7.3.2  TimeStamp: 2026/03/14-11:41:58-GMT  BuildTime: Aug  4 2022 06:17:15  BuildStamp: freesurfer-linux-ubuntu22_x86_64-7.3.2-20220804-6354275  User: oesteban  Machine: dna077  Platform: Linux  PlatformVersion: 5.14.0-427.37.1.el9_4.x86_64  CompilerName: GCC  CompilerVersion: 8.4.0
ProgramName: mri_remove_neck  ProgramArguments: mri_remove_neck -all-info  ProgramVersion: 7.3.2  TimeStamp: 2026/03/14-11:41:58-GMT  BuildTime: Aug  4 2022 06:17:15  BuildStamp: freesurfer-linux-ubuntu22_x86_64-7.3.2-20220804-6354275  User: oesteban  Machine: dna077  Platform: Linux  PlatformVersion: 5.14.0-427.37.1.el9_4.x86_64  CompilerName: GCC  CompilerVersion: 8.4.0
7.3.2

ProgramName: mri_robust_register  ProgramArguments: mri_robust_register -all-info  ProgramVersion: 7.3.2  TimeStamp: 2026/03/14-11:41:58-GMT  BuildTime: Aug  4 2022 06:17:15  BuildStamp: freesurfer-linux-ubuntu22_x86_64-7.3.2-20220804-6354275  User: oesteban  Machine: dna077  Platform: Linux  PlatformVersion: 5.14.0-427.37.1.el9_4.x86_64  CompilerName: GCC  CompilerVersion: 8.4.0
7.3.2

ProgramName: mri_robust_template  ProgramArguments: mri_robust_template -all-info  ProgramVersion: 7.3.2  TimeStamp: 2026/03/14-11:41:58-GMT  BuildTime: Aug  4 2022 06:17:15  BuildStamp: freesurfer-linux-ubuntu22_x86_64-7.3.2-20220804-6354275  User: oesteban  Machine: dna077  Platform: Linux  PlatformVersion: 5.14.0-427.37.1.el9_4.x86_64  CompilerName: GCC  CompilerVersion: 8.4.0
ProgramName: mris_anatomical_stats  ProgramArguments: mris_anatomical_stats -all-info  ProgramVersion: 7.3.2  TimeStamp: 2026/03/14-11:41:58-GMT  BuildTime: Aug  4 2022 06:17:15  BuildStamp: freesurfer-linux-ubuntu22_x86_64-7.3.2-20220804-6354275  User: oesteban  Machine: dna077  Platform: Linux  PlatformVersion: 5.14.0-427.37.1.el9_4.x86_64  CompilerName: GCC  CompilerVersion: 8.4.0
ProgramName: mris_ca_label  ProgramArguments: mris_ca_label -all-info  ProgramVersion: 7.3.2  TimeStamp: 2026/03/14-11:41:58-GMT  BuildTime: Aug  4 2022 06:17:15  BuildStamp: freesurfer-linux-ubuntu22_x86_64-7.3.2-20220804-6354275  User: oesteban  Machine: dna077  Platform: Linux  PlatformVersion: 5.14.0-427.37.1.el9_4.x86_64  CompilerName: GCC  CompilerVersion: 8.4.0
ProgramName: mris_calc  ProgramArguments: mris_calc -all-info  ProgramVersion: 7.3.2  TimeStamp: 2026/03/14-11:41:58-GMT  BuildTime: Aug  4 2022 06:17:15  BuildStamp: freesurfer-linux-ubuntu22_x86_64-7.3.2-20220804-6354275  User: oesteban  Machine: dna077  Platform: Linux  PlatformVersion: 5.14.0-427.37.1.el9_4.x86_64  CompilerName: GCC  CompilerVersion: 8.4.0
ProgramName: mris_convert  ProgramArguments: mris_convert -all-info  ProgramVersion: 7.3.2  TimeStamp: 2026/03/14-11:41:58-GMT  BuildTime: Aug  4 2022 06:17:15  BuildStamp: freesurfer-linux-ubuntu22_x86_64-7.3.2-20220804-6354275  User: oesteban  Machine: dna077  Platform: Linux  PlatformVersion: 5.14.0-427.37.1.el9_4.x86_64  CompilerName: GCC  CompilerVersion: 8.4.0
ProgramName: mris_curvature  ProgramArguments: mris_curvature -all-info  ProgramVersion: 7.3.2  TimeStamp: 2026/03/14-11:41:58-GMT  BuildTime: Aug  4 2022 06:17:15  BuildStamp: freesurfer-linux-ubuntu22_x86_64-7.3.2-20220804-6354275  User: oesteban  Machine: dna077  Platform: Linux  PlatformVersion: 5.14.0-427.37.1.el9_4.x86_64  CompilerName: GCC  CompilerVersion: 8.4.0
ProgramName: mris_curvature_stats  ProgramArguments: mris_curvature_stats -all-info  ProgramVersion: 7.3.2  TimeStamp: 2026/03/14-11:41:58-GMT  BuildTime: Aug  4 2022 06:17:15  BuildStamp: freesurfer-linux-ubuntu22_x86_64-7.3.2-20220804-6354275  User: oesteban  Machine: dna077  Platform: Linux  PlatformVersion: 5.14.0-427.37.1.el9_4.x86_64  CompilerName: GCC  CompilerVersion: 8.4.0
ProgramName: mris_diff  ProgramArguments: mris_diff -all-info  ProgramVersion: 7.3.2  TimeStamp: 2026/03/14-11:41:58-GMT  BuildTime: Aug  4 2022 06:17:15  BuildStamp: freesurfer-linux-ubuntu22_x86_64-7.3.2-20220804-6354275  User: oesteban  Machine: dna077  Platform: Linux  PlatformVersion: 5.14.0-427.37.1.el9_4.x86_64  CompilerName: GCC  CompilerVersion: 8.4.0
ProgramName: mris_divide_parcellation  ProgramArguments: mris_divide_parcellation -all-info  ProgramVersion: 7.3.2  TimeStamp: 2026/03/14-11:41:58-GMT  BuildTime: Aug  4 2022 06:17:15  BuildStamp: freesurfer-linux-ubuntu22_x86_64-7.3.2-20220804-6354275  User: oesteban  Machine: dna077  Platform: Linux  PlatformVersion: 5.14.0-427.37.1.el9_4.x86_64  CompilerName: GCC  CompilerVersion: 8.4.0
ProgramName: mri_segment  ProgramArguments: mri_segment -all-info  ProgramVersion: 7.3.2  TimeStamp: 2026/03/14-11:41:58-GMT  BuildTime: Aug  4 2022 06:17:15  BuildStamp: freesurfer-linux-ubuntu22_x86_64-7.3.2-20220804-6354275  User: oesteban  Machine: dna077  Platform: Linux  PlatformVersion: 5.14.0-427.37.1.el9_4.x86_64  CompilerName: GCC  CompilerVersion: 8.4.0
ProgramName: mri_segstats  ProgramArguments: mri_segstats -all-info  ProgramVersion: 7.3.2  TimeStamp: 2026/03/14-11:41:58-GMT  BuildTime: Aug  4 2022 06:17:15  BuildStamp: freesurfer-linux-ubuntu22_x86_64-7.3.2-20220804-6354275  User: oesteban  Machine: dna077  Platform: Linux  PlatformVersion: 5.14.0-427.37.1.el9_4.x86_64  CompilerName: GCC  CompilerVersion: 8.4.0
ProgramName: mris_euler_number  ProgramArguments: mris_euler_number -all-info  ProgramVersion: 7.3.2  TimeStamp: 2026/03/14-11:41:58-GMT  BuildTime: Aug  4 2022 06:17:15  BuildStamp: freesurfer-linux-ubuntu22_x86_64-7.3.2-20220804-6354275  User: oesteban  Machine: dna077  Platform: Linux  PlatformVersion: 5.14.0-427.37.1.el9_4.x86_64  CompilerName: GCC  CompilerVersion: 8.4.0
ProgramName: mris_fix_topology  ProgramArguments: mris_fix_topology -all-info  ProgramVersion: 7.3.2  TimeStamp: 2026/03/14-11:41:58-GMT  BuildTime: Aug  4 2022 06:17:15  BuildStamp: freesurfer-linux-ubuntu22_x86_64-7.3.2-20220804-6354275  User: oesteban  Machine: dna077  Platform: Linux  PlatformVersion: 5.14.0-427.37.1.el9_4.x86_64  CompilerName: GCC  CompilerVersion: 8.4.0
ProgramName: mris_topo_fixer  ProgramArguments: mris_topo_fixer -all-info  ProgramVersion: 7.3.2  TimeStamp: 2026/03/14-11:41:58-GMT  BuildTime: Aug  4 2022 06:17:15  BuildStamp: freesurfer-linux-ubuntu22_x86_64-7.3.2-20220804-6354275  User: oesteban  Machine: dna077  Platform: Linux  PlatformVersion: 5.14.0-427.37.1.el9_4.x86_64  CompilerName: GCC  CompilerVersion: 8.4.0
ProgramName: mris_jacobian  ProgramArguments: mris_jacobian -all-info  ProgramVersion: 7.3.2  TimeStamp: 2026/03/14-11:41:58-GMT  BuildTime: Aug  4 2022 06:17:15  BuildStamp: freesurfer-linux-ubuntu22_x86_64-7.3.2-20220804-6354275  User: oesteban  Machine: dna077  Platform: Linux  PlatformVersion: 5.14.0-427.37.1.el9_4.x86_64  CompilerName: GCC  CompilerVersion: 8.4.0
ProgramName: mris_label2annot  ProgramArguments: mris_label2annot -all-info  ProgramVersion: 7.3.2  TimeStamp: 2026/03/14-11:41:58-GMT  BuildTime: Aug  4 2022 06:17:15  BuildStamp: freesurfer-linux-ubuntu22_x86_64-7.3.2-20220804-6354275  User: oesteban  Machine: dna077  Platform: Linux  PlatformVersion: 5.14.0-427.37.1.el9_4.x86_64  CompilerName: GCC  CompilerVersion: 8.4.0
ProgramName: mris_left_right_register  ProgramArguments: mris_left_right_register -all-info  ProgramVersion: 7.3.2  TimeStamp: 2026/03/14-11:41:58-GMT  BuildTime: Aug  4 2022 06:17:15  BuildStamp: freesurfer-linux-ubuntu22_x86_64-7.3.2-20220804-6354275  User: oesteban  Machine: dna077  Platform: Linux  PlatformVersion: 5.14.0-427.37.1.el9_4.x86_64  CompilerName: GCC  CompilerVersion: 8.4.0
ProgramName: mris_place_surface  ProgramArguments: mris_place_surface -all-info  ProgramVersion: 7.3.2  TimeStamp: 2026/03/14-11:41:58-GMT  BuildTime: Aug  4 2022 06:17:15  BuildStamp: freesurfer-linux-ubuntu22_x86_64-7.3.2-20220804-6354275  User: oesteban  Machine: dna077  Platform: Linux  PlatformVersion: 5.14.0-427.37.1.el9_4.x86_64  CompilerName: GCC  CompilerVersion: 8.4.0
ProgramName: mrisp_paint  ProgramArguments: mrisp_paint -all-info  ProgramVersion: 7.3.2  TimeStamp: 2026/03/14-11:41:58-GMT  BuildTime: Aug  4 2022 06:17:15  BuildStamp: freesurfer-linux-ubuntu22_x86_64-7.3.2-20220804-6354275  User: oesteban  Machine: dna077  Platform: Linux  PlatformVersion: 5.14.0-427.37.1.el9_4.x86_64  CompilerName: GCC  CompilerVersion: 8.4.0
ProgramName: mris_register  ProgramArguments: mris_register -all-info  ProgramVersion: 7.3.2  TimeStamp: 2026/03/14-11:41:58-GMT  BuildTime: Aug  4 2022 06:17:15  BuildStamp: freesurfer-linux-ubuntu22_x86_64-7.3.2-20220804-6354275  User: oesteban  Machine: dna077  Platform: Linux  PlatformVersion: 5.14.0-427.37.1.el9_4.x86_64  CompilerName: GCC  CompilerVersion: 8.4.0
ProgramName: mris_smooth  ProgramArguments: mris_smooth -all-info  ProgramVersion: 7.3.2  TimeStamp: 2026/03/14-11:41:58-GMT  BuildTime: Aug  4 2022 06:17:15  BuildStamp: freesurfer-linux-ubuntu22_x86_64-7.3.2-20220804-6354275  User: oesteban  Machine: dna077  Platform: Linux  PlatformVersion: 5.14.0-427.37.1.el9_4.x86_64  CompilerName: GCC  CompilerVersion: 8.4.0
ProgramName: mris_sphere  ProgramArguments: mris_sphere -all-info  ProgramVersion: 7.3.2  TimeStamp: 2026/03/14-11:41:58-GMT  BuildTime: Aug  4 2022 06:17:15  BuildStamp: freesurfer-linux-ubuntu22_x86_64-7.3.2-20220804-6354275  User: oesteban  Machine: dna077  Platform: Linux  PlatformVersion: 5.14.0-427.37.1.el9_4.x86_64  CompilerName: GCC  CompilerVersion: 8.4.0
ProgramName: mris_surface_stats  ProgramArguments: mris_surface_stats -all-info  ProgramVersion: 7.3.2  TimeStamp: 2026/03/14-11:41:58-GMT  BuildTime: Aug  4 2022 06:17:15  BuildStamp: freesurfer-linux-ubuntu22_x86_64-7.3.2-20220804-6354275  User: oesteban  Machine: dna077  Platform: Linux  PlatformVersion: 5.14.0-427.37.1.el9_4.x86_64  CompilerName: GCC  CompilerVersion: 8.4.0
ProgramName: mri_stats2seg  ProgramArguments: mri_stats2seg -all-info  ProgramVersion: 7.3.2  TimeStamp: 2026/03/14-11:41:58-GMT  BuildTime: Aug  4 2022 06:17:15  BuildStamp: freesurfer-linux-ubuntu22_x86_64-7.3.2-20220804-6354275  User: oesteban  Machine: dna077  Platform: Linux  PlatformVersion: 5.14.0-427.37.1.el9_4.x86_64  CompilerName: GCC  CompilerVersion: 8.4.0
ProgramName: mris_thickness  ProgramArguments: mris_thickness -all-info  ProgramVersion: 7.3.2  TimeStamp: 2026/03/14-11:41:58-GMT  BuildTime: Aug  4 2022 06:17:15  BuildStamp: freesurfer-linux-ubuntu22_x86_64-7.3.2-20220804-6354275  User: oesteban  Machine: dna077  Platform: Linux  PlatformVersion: 5.14.0-427.37.1.el9_4.x86_64  CompilerName: GCC  CompilerVersion: 8.4.0
ProgramName: mris_thickness_diff  ProgramArguments: mris_thickness_diff -all-info  ProgramVersion: 7.3.2  TimeStamp: 2026/03/14-11:41:58-GMT  BuildTime: Aug  4 2022 06:17:15  BuildStamp: freesurfer-linux-ubuntu22_x86_64-7.3.2-20220804-6354275  User: oesteban  Machine: dna077  Platform: Linux  PlatformVersion: 5.14.0-427.37.1.el9_4.x86_64  CompilerName: GCC  CompilerVersion: 8.4.0
ProgramName: mris_topo_fixer  ProgramArguments: mris_topo_fixer -all-info  ProgramVersion: 7.3.2  TimeStamp: 2026/03/14-11:41:58-GMT  BuildTime: Aug  4 2022 06:17:15  BuildStamp: freesurfer-linux-ubuntu22_x86_64-7.3.2-20220804-6354275  User: oesteban  Machine: dna077  Platform: Linux  PlatformVersion: 5.14.0-427.37.1.el9_4.x86_64  CompilerName: GCC  CompilerVersion: 8.4.0
ProgramName: mri_surf2surf  ProgramArguments: mri_surf2surf -all-info  ProgramVersion: 7.3.2  TimeStamp: 2026/03/14-11:41:58-GMT  BuildTime: Aug  4 2022 06:17:15  BuildStamp: freesurfer-linux-ubuntu22_x86_64-7.3.2-20220804-6354275  User: oesteban  Machine: dna077  Platform: Linux  PlatformVersion: 5.14.0-427.37.1.el9_4.x86_64  CompilerName: GCC  CompilerVersion: 8.4.0
ProgramName: mri_surf2vol  ProgramArguments: mri_surf2vol -all-info  ProgramVersion: 7.3.2  TimeStamp: 2026/03/14-11:41:58-GMT  BuildTime: Aug  4 2022 06:17:15  BuildStamp: freesurfer-linux-ubuntu22_x86_64-7.3.2-20220804-6354275  User: oesteban  Machine: dna077  Platform: Linux  PlatformVersion: 5.14.0-427.37.1.el9_4.x86_64  CompilerName: GCC  CompilerVersion: 8.4.0
ProgramName: mri_surfcluster  ProgramArguments: mri_surfcluster -all-info  ProgramVersion: 7.3.2  TimeStamp: 2026/03/14-11:41:58-GMT  BuildTime: Aug  4 2022 06:17:15  BuildStamp: freesurfer-linux-ubuntu22_x86_64-7.3.2-20220804-6354275  User: oesteban  Machine: dna077  Platform: Linux  PlatformVersion: 5.14.0-427.37.1.el9_4.x86_64  CompilerName: GCC  CompilerVersion: 8.4.0
ProgramName: mris_volmask  ProgramArguments: mris_volmask -all-info  ProgramVersion: 7.3.2  TimeStamp: 2026/03/14-11:41:58-GMT  BuildTime: Aug  4 2022 06:17:15  BuildStamp: freesurfer-linux-ubuntu22_x86_64-7.3.2-20220804-6354275  User: oesteban  Machine: dna077  Platform: Linux  PlatformVersion: 5.14.0-427.37.1.el9_4.x86_64  CompilerName: GCC  CompilerVersion: 8.4.0
ProgramName: mri_tessellate  ProgramArguments: mri_tessellate -all-info  ProgramVersion: 7.3.2  TimeStamp: 2026/03/14-11:41:58-GMT  BuildTime: Aug  4 2022 06:17:15  BuildStamp: freesurfer-linux-ubuntu22_x86_64-7.3.2-20220804-6354275  User: oesteban  Machine: dna077  Platform: Linux  PlatformVersion: 5.14.0-427.37.1.el9_4.x86_64  CompilerName: GCC  CompilerVersion: 8.4.0
ProgramName: mri_vol2surf  ProgramArguments: mri_vol2surf -all-info  ProgramVersion: 7.3.2  TimeStamp: 2026/03/14-11:41:58-GMT  BuildTime: Aug  4 2022 06:17:15  BuildStamp: freesurfer-linux-ubuntu22_x86_64-7.3.2-20220804-6354275  User: oesteban  Machine: dna077  Platform: Linux  PlatformVersion: 5.14.0-427.37.1.el9_4.x86_64  CompilerName: GCC  CompilerVersion: 8.4.0
ProgramName: mri_vol2vol  ProgramArguments: mri_vol2vol -all-info  ProgramVersion: 7.3.2  TimeStamp: 2026/03/14-11:41:58-GMT  BuildTime: Aug  4 2022 06:17:15  BuildStamp: freesurfer-linux-ubuntu22_x86_64-7.3.2-20220804-6354275  User: oesteban  Machine: dna077  Platform: Linux  PlatformVersion: 5.14.0-427.37.1.el9_4.x86_64  CompilerName: GCC  CompilerVersion: 8.4.0
ProgramName: mri_voldiff  ProgramArguments: mri_voldiff -all-info  ProgramVersion: 7.3.2  TimeStamp: 2026/03/14-11:41:58-GMT  BuildTime: Aug  4 2022 06:17:15  BuildStamp: freesurfer-linux-ubuntu22_x86_64-7.3.2-20220804-6354275  User: oesteban  Machine: dna077  Platform: Linux  PlatformVersion: 5.14.0-427.37.1.el9_4.x86_64  CompilerName: GCC  CompilerVersion: 8.4.0
ProgramName: mri_watershed  ProgramArguments: mri_watershed -all-info  ProgramVersion: 7.3.2  TimeStamp: 2026/03/14-11:41:58-GMT  BuildTime: Aug  4 2022 06:17:15  BuildStamp: freesurfer-linux-ubuntu22_x86_64-7.3.2-20220804-6354275  User: oesteban  Machine: dna077  Platform: Linux  PlatformVersion: 5.14.0-427.37.1.el9_4.x86_64  CompilerName: GCC  CompilerVersion: 8.4.0
ProgramName: tkregister2  ProgramArguments: tkregister2_cmdl -all-info  ProgramVersion: 7.3.2  TimeStamp: 2026/03/14-11:41:58-GMT  BuildTime: Aug  4 2022 06:17:15  BuildStamp: freesurfer-linux-ubuntu22_x86_64-7.3.2-20220804-6354275  User: oesteban  Machine: dna077  Platform: Linux  PlatformVersion: 5.14.0-427.37.1.el9_4.x86_64  CompilerName: GCC  CompilerVersion: 8.4.0
mri_motion_correct.fsl 7.3.2
mri_convert -all-info 
ProgramName: mri_convert  ProgramArguments: mri_convert -all-info  ProgramVersion: 7.3.2  TimeStamp: 2026/03/14-11:41:58-GMT  BuildTime: Aug  4 2022 06:17:15  BuildStamp: freesurfer-linux-ubuntu22_x86_64-7.3.2-20220804-6354275  User: oesteban  Machine: dna077  Platform: Linux  PlatformVersion: 5.14.0-427.37.1.el9_4.x86_64  CompilerName: GCC  CompilerVersion: 8.4.0
Program nu_correct, built from:
Package MNI N3, version 1.12.0, compiled by nicks@terrier (x86_64-unknown-linux-gnu) on 2015-06-19 at 01:25:34
#######################################
GCADIR /opt/freesurfer/average
GCA RB_all_2020-01-02.gca
GCASkull RB_all_withskull_2020_01_02.gca
AvgCurvTif folding.atlas.acfb40.noaparc.i12.2016-08-02.tif
GCSDIR /opt/freesurfer/average
GCS DKaparc.atlas.acfb40.noaparc.i12.2016-08-02.gcs
#######################################
#--------------------------------------------
#@# WhiteSurfs lh Sat Mar 14 12:41:58 CET 2026
cd /out/sourcedata/freesurfer/sub-v2s9x29166_ses-1/mri
mris_place_surface --adgws-in ../surf/autodet.gw.stats.lh.dat --seg aseg.presurf.mgz --threads 16 --wm wm.mgz --invol brain.finalsurfs.mgz --lh --i ../surf/lh.white.preaparc --o ../surf/lh.white --white --nsmooth 0 --rip-label ../label/lh.cortex.label --rip-bg --rip-surf ../surf/lh.white.preaparc --aparc ../label/lh.aparc.annot
   Update not needed
#--------------------------------------------
#@# WhiteSurfs rh Sat Mar 14 12:41:58 CET 2026
cd /out/sourcedata/freesurfer/sub-v2s9x29166_ses-1/mri
mris_place_surface --adgws-in ../surf/autodet.gw.stats.rh.dat --seg aseg.presurf.mgz --threads 16 --wm wm.mgz --invol brain.finalsurfs.mgz --rh --i ../surf/rh.white.preaparc --o ../surf/rh.white --white --nsmooth 0 --rip-label ../label/rh.cortex.label --rip-bg --rip-surf ../surf/rh.white.preaparc --aparc ../label/rh.aparc.annot
   Update not needed
#@# white curv lh Sat Mar 14 12:41:58 CET 2026
cd /out/sourcedata/freesurfer/sub-v2s9x29166_ses-1/mri
mris_place_surface --curv-map ../surf/lh.white 2 10 ../surf/lh.curv
   Update not needed
#@# white area lh Sat Mar 14 12:41:58 CET 2026
cd /out/sourcedata/freesurfer/sub-v2s9x29166_ses-1/mri
mris_place_surface --area-map ../surf/lh.white ../surf/lh.area
   Update not needed
#@# pial curv lh Sat Mar 14 12:41:58 CET 2026
cd /out/sourcedata/freesurfer/sub-v2s9x29166_ses-1/mri
mris_place_surface --curv-map ../surf/lh.pial 2 10 ../surf/lh.curv.pial
   Update not needed
#@# pial area lh Sat Mar 14 12:41:58 CET 2026
cd /out/sourcedata/freesurfer/sub-v2s9x29166_ses-1/mri
mris_place_surface --area-map ../surf/lh.pial ../surf/lh.area.pial
   Update not needed
#@# thickness lh Sat Mar 14 12:41:58 CET 2026
cd /out/sourcedata/freesurfer/sub-v2s9x29166_ses-1/mri
mris_place_surface --thickness ../surf/lh.white ../surf/lh.pial 20 5 ../surf/lh.thickness
   Update not needed
#@# area and vertex vol lh Sat Mar 14 12:41:58 CET 2026
cd /out/sourcedata/freesurfer/sub-v2s9x29166_ses-1/mri
mris_place_surface --thickness ../surf/lh.white ../surf/lh.pial 20 5 ../surf/lh.thickness
   Update not needed
#@# white curv rh Sat Mar 14 12:41:58 CET 2026
cd /out/sourcedata/freesurfer/sub-v2s9x29166_ses-1/mri
mris_place_surface --curv-map ../surf/rh.white 2 10 ../surf/rh.curv
   Update not needed
#@# white area rh Sat Mar 14 12:41:58 CET 2026
cd /out/sourcedata/freesurfer/sub-v2s9x29166_ses-1/mri
mris_place_surface --area-map ../surf/rh.white ../surf/rh.area
   Update not needed
#@# pial curv rh Sat Mar 14 12:41:58 CET 2026
cd /out/sourcedata/freesurfer/sub-v2s9x29166_ses-1/mri
mris_place_surface --curv-map ../surf/rh.pial 2 10 ../surf/rh.curv.pial
   Update not needed
#@# pial area rh Sat Mar 14 12:41:58 CET 2026
cd /out/sourcedata/freesurfer/sub-v2s9x29166_ses-1/mri
mris_place_surface --area-map ../surf/rh.pial ../surf/rh.area.pial
   Update not needed
#@# thickness rh Sat Mar 14 12:41:58 CET 2026
cd /out/sourcedata/freesurfer/sub-v2s9x29166_ses-1/mri
mris_place_surface --thickness ../surf/rh.white ../surf/rh.pial 20 5 ../surf/rh.thickness
   Update not needed
#@# area and vertex vol rh Sat Mar 14 12:41:58 CET 2026
cd /out/sourcedata/freesurfer/sub-v2s9x29166_ses-1/mri
mris_place_surface --thickness ../surf/rh.white ../surf/rh.pial 20 5 ../surf/rh.thickness
   Update not needed

#-----------------------------------------
#@# Curvature Stats lh Sat Mar 14 12:41:58 CET 2026
/out/sourcedata/freesurfer/sub-v2s9x29166_ses-1/surf

 mris_curvature_stats -m --writeCurvatureFiles -G -o ../stats/lh.curv.stats -F smoothwm sub-v2s9x29166_ses-1 lh curv sulc 

             Toggling save flag on curvature files                       [ ok ]
                 Outputting results using filestem   [ ../stats/lh.curv.stats ]
             Toggling save flag on curvature files                       [ ok ]
                                   Setting surface [ sub-v2s9x29166_ses-1/lh.smoothwm ]
                                Reading surface...                       [ ok ]
                                   Setting texture                     [ curv ]
                                Reading texture...                       [ ok ]
                                   Setting texture                     [ sulc ]
                                Reading texture...Gb_filter = 0
                       [ ok ]
      Calculating Discrete Principal Curvatures...
      Determining geometric order for vno faces... [####################] [ ok ]
                      Determining KH curvatures... [####################] [ ok ]
                    Determining k1k2 curvatures... [####################] [ ok ]
                                   deltaViolations                      [ 184 ]
Gb_filter = 0

WARN:    S lookup   min:                          -0.245035
WARN:    S explicit min:                          0.000000	vertex = 35

#-----------------------------------------
#@# Curvature Stats rh Sat Mar 14 12:41:59 CET 2026
/out/sourcedata/freesurfer/sub-v2s9x29166_ses-1/surf

 mris_curvature_stats -m --writeCurvatureFiles -G -o ../stats/rh.curv.stats -F smoothwm sub-v2s9x29166_ses-1 rh curv sulc 

             Toggling save flag on curvature files                       [ ok ]
                 Outputting results using filestem   [ ../stats/rh.curv.stats ]
             Toggling save flag on curvature files                       [ ok ]
                                   Setting surface [ sub-v2s9x29166_ses-1/rh.smoothwm ]
                                Reading surface...                       [ ok ]
                                   Setting texture                     [ curv ]
                                Reading texture...                       [ ok ]
                                   Setting texture                     [ sulc ]
                                Reading texture...Gb_filter = 0
                       [ ok ]
      Calculating Discrete Principal Curvatures...
      Determining geometric order for vno faces... [####################] [ ok ]
                      Determining KH curvatures... [####################] [ ok ]
                    Determining k1k2 curvatures... [####################] [ ok ]
                                   deltaViolations                      [ 205 ]
Gb_filter = 0

WARN:    S lookup   min:                          -0.032800
WARN:    S explicit min:                          0.000000	vertex = 14
#-----------------------------------------
#@# Relabel Hypointensities Sat Mar 14 12:42:01 CET 2026
/out/sourcedata/freesurfer/sub-v2s9x29166_ses-1/mri

 mri_relabel_hypointensities aseg.presurf.mgz ../surf aseg.presurf.hypos.mgz 

reading input surface ../surf/lh.white...
relabeling lh hypointensities...
2123 voxels changed to hypointensity...
reading input surface ../surf/rh.white...
relabeling rh hypointensities...
1854 voxels changed to hypointensity...
4003 hypointense voxels neighboring cortex changed
#-----------------------------------------
#@# APas-to-ASeg Sat Mar 14 12:42:10 CET 2026
/out/sourcedata/freesurfer/sub-v2s9x29166_ses-1/mri

 mri_surf2volseg --o aseg.mgz --i aseg.presurf.hypos.mgz --fix-presurf-with-ribbon /out/sourcedata/freesurfer/sub-v2s9x29166_ses-1/mri/ribbon.mgz --threads 16 --lh-cortex-mask /out/sourcedata/freesurfer/sub-v2s9x29166_ses-1/label/lh.cortex.label --lh-white /out/sourcedata/freesurfer/sub-v2s9x29166_ses-1/surf/lh.white --lh-pial /out/sourcedata/freesurfer/sub-v2s9x29166_ses-1/surf/lh.pial --rh-cortex-mask /out/sourcedata/freesurfer/sub-v2s9x29166_ses-1/label/rh.cortex.label --rh-white /out/sourcedata/freesurfer/sub-v2s9x29166_ses-1/surf/rh.white --rh-pial /out/sourcedata/freesurfer/sub-v2s9x29166_ses-1/surf/rh.pial 

SUBJECTS_DIR /out/sourcedata/freesurfer
outvol aseg.mgz
16 avail.processors, using 16
Loading aseg.presurf.hypos.mgz
Loading /out/sourcedata/freesurfer/sub-v2s9x29166_ses-1/mri/ribbon.mgz
Loading /out/sourcedata/freesurfer/sub-v2s9x29166_ses-1/surf/lh.white
Loading /out/sourcedata/freesurfer/sub-v2s9x29166_ses-1/surf/lh.pial
Loading /out/sourcedata/freesurfer/sub-v2s9x29166_ses-1/label/lh.cortex.label
Loading /out/sourcedata/freesurfer/sub-v2s9x29166_ses-1/surf/rh.white
Loading /out/sourcedata/freesurfer/sub-v2s9x29166_ses-1/surf/rh.pial
Loading /out/sourcedata/freesurfer/sub-v2s9x29166_ses-1/label/rh.cortex.label
Done loading
  0  96 192  32  64 224  80  48 112 144 128  16 160 176 208 240  17 193 225  49   1 209  33  18 226 194  50 210   2 177  19 
 34  81  20  65 161 211 195 227   3  51  35  21 241 196 228   4  22  97  52 145  36 242 178  23 129 197 229   5  37  82  24 243  66  53 198 230  25   6 244  38 212 179 
 26 162 231 199 
 54   7  27  39 
213 146  28 232 200 130  67   8  40  55 180  29 214  83 201 233  30   9  41 215  56 245  31 234 202 216  42  10  68 246 217 203 235  43  98  11 181 147  57 247 131 218  69 163  44 204 236  12 248 219 
 45 182  13 205 237  70  84 249 220  46  14 183 206 238  58 113 221  47 250  15  71 184 148 132 239 
207 222 251 185 164  59 
223  72 252 186 253 187  85 133 254 149 188  99 
 60 255 189 165 190  73 191 134  61 150  86 166  62 135 100  74  63  87 151 167 114 136  75  88 168 101 152  76 137 169  89 170  77 153 138 171  90 102 172  78 115 154  91 139 
173  79 
174 103  92 175 155 140  93 156 104 141 116  94 157  95 105 142 117 158 143 106 159 
118 107 119 
108 120 109 121 110 122 111 123 124 125 126 127 
nrelabeled = 121967
ndotcheck = 0
Starting Surf2VolSeg free
free done
#VMPC# mri_surf2volseg VmPeak  1818936
mri_surf2volseg done

 mri_brainvol_stats sub-v2s9x29166_ses-1 

ComputeBrainVolumeStats2 VoxelVol=1, KeepCSF=1
  #CBVS2 MaskVol              1232221.0
  #CBVS2 BrainSegVol          1002044.0
  #CBVS2 BrainSegVolNotVent    983290.0
  #CBVS2 SupraTentVol          875496.0
  #CBVS2 SupraTentVolNotVent   856742.0
  #CBVS2 lhCtxGM               242770.8
  #CBVS2 rhCtxGM               248172.3
  #CBVS2 lhCerebralWM          155877.0
  #CBVS2 rhCerebralWM          156956.0
  #CBVS2 SubCortGMVol           53871.0
  #CBVS2 CerebellumVol         126548.0
  #CBVS2 CerebellumGMVol       108686.0
  #CBVS2 VentChorVol            16162.0
  #CBVS2 3rd4th5thCSF            2592.0
  #CBVS2 AllCSF                 18754.0
  #CBVS2 CCVol                   3186.0
#-----------------------------------------
#@# AParc-to-ASeg aparc Sat Mar 14 12:42:15 CET 2026
/out/sourcedata/freesurfer/sub-v2s9x29166_ses-1/mri

 mri_surf2volseg --o aparc+aseg.mgz --label-cortex --i aseg.mgz --threads 16 --lh-annot /out/sourcedata/freesurfer/sub-v2s9x29166_ses-1/label/lh.aparc.annot 1000 --lh-cortex-mask /out/sourcedata/freesurfer/sub-v2s9x29166_ses-1/label/lh.cortex.label --lh-white /out/sourcedata/freesurfer/sub-v2s9x29166_ses-1/surf/lh.white --lh-pial /out/sourcedata/freesurfer/sub-v2s9x29166_ses-1/surf/lh.pial --rh-annot /out/sourcedata/freesurfer/sub-v2s9x29166_ses-1/label/rh.aparc.annot 2000 --rh-cortex-mask /out/sourcedata/freesurfer/sub-v2s9x29166_ses-1/label/rh.cortex.label --rh-white /out/sourcedata/freesurfer/sub-v2s9x29166_ses-1/surf/rh.white --rh-pial /out/sourcedata/freesurfer/sub-v2s9x29166_ses-1/surf/rh.pial 

SUBJECTS_DIR /out/sourcedata/freesurfer
outvol aparc+aseg.mgz
16 avail.processors, using 16
Loading aseg.mgz
Loading /out/sourcedata/freesurfer/sub-v2s9x29166_ses-1/surf/lh.white
Loading /out/sourcedata/freesurfer/sub-v2s9x29166_ses-1/surf/lh.pial
Loading /out/sourcedata/freesurfer/sub-v2s9x29166_ses-1/label/lh.cortex.label
Ripping lh vertices labeled not in lh.cortex.label
  ripped 7652 vertices from lh hemi
Loading /out/sourcedata/freesurfer/sub-v2s9x29166_ses-1/label/lh.aparc.annot
Loading /out/sourcedata/freesurfer/sub-v2s9x29166_ses-1/surf/rh.white
Loading /out/sourcedata/freesurfer/sub-v2s9x29166_ses-1/surf/rh.pial
Loading /out/sourcedata/freesurfer/sub-v2s9x29166_ses-1/label/rh.cortex.label
Ripping rh vertices labeled not in rh.cortex.label
  ripped 7242 vertices from rh hemi
Loading /out/sourcedata/freesurfer/sub-v2s9x29166_ses-1/label/rh.aparc.annot
Done loading
  0 240 176 224  96 192  64 160  80 144  48 128 112  16 208  32  49  33 209   1 225 241 193  17  50 226  34   2  18 210  51 194 242 227  35   3  52 228  19 
211  36 195 243 229   4  20  37 230 212   5 196 244  38  53 231  21   6  39 
232 213 197  22 245  40 233   7  41 234 214  23 198   8  42 246 235  24  43 236   9 215 199 
247 237  54  44  25  10 238 216  45 200 248  26  11 239 
 46 217 201  47  27  12 249 218 202 250 219 
 28  13 203 251  29 220  14 204 252  30 221  15 205 253  31 222 254 206 223 255 207  55  56  57 177  58  65 129 178  59 
179 
 97 180 181  66 182 183 184 185 186 187 188 189 190 191 113  60 161 145  81 130  61  67  98 162 114 131  62 146  68  99 
132  63  82 163  69 147 115 100 133  70 164 134 101  83 116 148 135  71 102 165 136  84 117 149 166  72 103 137 118 150 167  85 104 168  73 138 151 119 
169  86 152 139 
170 105 120 171 153  74  87 172 140 106 173 154 121 174  88 141 175 155  75 122 107 142 156  89 123  76 108 143 157 124  90 109  77 158 125 110  91  78 126 159 
111  92 127  79 
 93  94  95 
nrelabeled = 490035
ndotcheck = 37878
Starting Surf2VolSeg free
free done
#VMPC# mri_surf2volseg VmPeak  1802888
mri_surf2volseg done
#-----------------------------------------
#@# AParc-to-ASeg aparc.a2009s Sat Mar 14 12:42:36 CET 2026
/out/sourcedata/freesurfer/sub-v2s9x29166_ses-1/mri

 mri_surf2volseg --o aparc.a2009s+aseg.mgz --label-cortex --i aseg.mgz --threads 16 --lh-annot /out/sourcedata/freesurfer/sub-v2s9x29166_ses-1/label/lh.aparc.a2009s.annot 11100 --lh-cortex-mask /out/sourcedata/freesurfer/sub-v2s9x29166_ses-1/label/lh.cortex.label --lh-white /out/sourcedata/freesurfer/sub-v2s9x29166_ses-1/surf/lh.white --lh-pial /out/sourcedata/freesurfer/sub-v2s9x29166_ses-1/surf/lh.pial --rh-annot /out/sourcedata/freesurfer/sub-v2s9x29166_ses-1/label/rh.aparc.a2009s.annot 12100 --rh-cortex-mask /out/sourcedata/freesurfer/sub-v2s9x29166_ses-1/label/rh.cortex.label --rh-white /out/sourcedata/freesurfer/sub-v2s9x29166_ses-1/surf/rh.white --rh-pial /out/sourcedata/freesurfer/sub-v2s9x29166_ses-1/surf/rh.pial 

SUBJECTS_DIR /out/sourcedata/freesurfer
outvol aparc.a2009s+aseg.mgz
16 avail.processors, using 16
Loading aseg.mgz
Loading /out/sourcedata/freesurfer/sub-v2s9x29166_ses-1/surf/lh.white
Loading /out/sourcedata/freesurfer/sub-v2s9x29166_ses-1/surf/lh.pial
Loading /out/sourcedata/freesurfer/sub-v2s9x29166_ses-1/label/lh.cortex.label
Ripping lh vertices labeled not in lh.cortex.label
  ripped 7652 vertices from lh hemi
Loading /out/sourcedata/freesurfer/sub-v2s9x29166_ses-1/label/lh.aparc.a2009s.annot
Loading /out/sourcedata/freesurfer/sub-v2s9x29166_ses-1/surf/rh.white
Loading /out/sourcedata/freesurfer/sub-v2s9x29166_ses-1/surf/rh.pial
Loading /out/sourcedata/freesurfer/sub-v2s9x29166_ses-1/label/rh.cortex.label
Ripping rh vertices labeled not in rh.cortex.label
  ripped 7242 vertices from rh hemi
Loading /out/sourcedata/freesurfer/sub-v2s9x29166_ses-1/label/rh.aparc.a2009s.annot
Done loading
  0 240 224 128  80 208  48 144  96 192  64  32 176 225 160  16 193  33 241  49 209  34 226 194  17 242 227  35 210   1  50 195 112  36 228  18 243 211  37   2 229  51 196  19 
244  38 212 230 197  39 
  3  52 231 245  20 213  40 198 232  41   4 246  21 214 199 
 42 233 247 215  22  43   5 234 200  53  44 248 216 235  23 201   6  45 249 236 217  46 202  24   7  47 218 203 237 250  25 219 
  8 204  26 220 238 251   9 205  54  27 221  10 206  28 252 239 
222 207  11  29 253 223  12  30 254  13 255  31  14  15  55  56 177  57 178 179 
180 129  58  65 181 182 183 184 185 186 187 188 189 190 191 145 161  81  59 
113 130  66  60  97 131 146  61  82 162 114  62  67 132 147  63 133 163  98  83 115  68 148 134 164  69 135 116  84  99 
149 165 136  70 117  85 100 150 166 137  71 118 151 101  86 167 138 152 102 139 
 72 168 119 
 87 169 153 140 103 170 120  88  73 141 154 171 104 172 142 155  74 121 173  89 105 174 156 143 175  75 106 122 157  90  76 107 123 158  77  91 108 124 159 
 78 109  92 125 110  79 
126  93 111 127  94  95 
nrelabeled = 490035
ndotcheck = 37878
Starting Surf2VolSeg free
free done
#VMPC# mri_surf2volseg VmPeak  1802968
mri_surf2volseg done
#-----------------------------------------
#@# AParc-to-ASeg aparc.DKTatlas Sat Mar 14 12:42:53 CET 2026
/out/sourcedata/freesurfer/sub-v2s9x29166_ses-1/mri

 mri_surf2volseg --o aparc.DKTatlas+aseg.mgz --label-cortex --i aseg.mgz --threads 16 --lh-annot /out/sourcedata/freesurfer/sub-v2s9x29166_ses-1/label/lh.aparc.DKTatlas.annot 1000 --lh-cortex-mask /out/sourcedata/freesurfer/sub-v2s9x29166_ses-1/label/lh.cortex.label --lh-white /out/sourcedata/freesurfer/sub-v2s9x29166_ses-1/surf/lh.white --lh-pial /out/sourcedata/freesurfer/sub-v2s9x29166_ses-1/surf/lh.pial --rh-annot /out/sourcedata/freesurfer/sub-v2s9x29166_ses-1/label/rh.aparc.DKTatlas.annot 2000 --rh-cortex-mask /out/sourcedata/freesurfer/sub-v2s9x29166_ses-1/label/rh.cortex.label --rh-white /out/sourcedata/freesurfer/sub-v2s9x29166_ses-1/surf/rh.white --rh-pial /out/sourcedata/freesurfer/sub-v2s9x29166_ses-1/surf/rh.pial 

SUBJECTS_DIR /out/sourcedata/freesurfer
outvol aparc.DKTatlas+aseg.mgz
16 avail.processors, using 16
Loading aseg.mgz
Loading /out/sourcedata/freesurfer/sub-v2s9x29166_ses-1/surf/lh.white
Loading /out/sourcedata/freesurfer/sub-v2s9x29166_ses-1/surf/lh.pial
Loading /out/sourcedata/freesurfer/sub-v2s9x29166_ses-1/label/lh.cortex.label
Ripping lh vertices labeled not in lh.cortex.label
  ripped 7652 vertices from lh hemi
Loading /out/sourcedata/freesurfer/sub-v2s9x29166_ses-1/label/lh.aparc.DKTatlas.annot
Loading /out/sourcedata/freesurfer/sub-v2s9x29166_ses-1/surf/rh.white
Loading /out/sourcedata/freesurfer/sub-v2s9x29166_ses-1/surf/rh.pial
Loading /out/sourcedata/freesurfer/sub-v2s9x29166_ses-1/label/rh.cortex.label
Ripping rh vertices labeled not in rh.cortex.label
  ripped 7242 vertices from rh hemi
Loading /out/sourcedata/freesurfer/sub-v2s9x29166_ses-1/label/rh.aparc.DKTatlas.annot
Done loading
  0  96  80 128  16 144 160 208 240 176  48  64 192 112  32 224  33 225 209 241 193   1  49  17 226  34 210 242 194  50   2  18 227  35 211 243  19 
228  51 195   3  36 212 229  20 244  52  37 196   4 213 230  21  38 245 197   5 231 214  39 
 22 246 232 198  40   6 215  23 233  41 247  53 216 199 
234   7  24  42 248 235 200 217  25  43   8 236 218  44 249 201  26 237   9  45 219 
238 250  27 202  46  10 239 
220  47 251  28 203  11 221 252  29 204  54  12 222 253  30 205  13 223 254  31 206  14 255 207  15  55  56 177  57 178  58 179 
180  65 181 182 183 184 185 186 187 188 189 190 191 129 145  97  59 
161 113  60  81  66  61 130  98 146 162  62 114 131  63  67  82  99 
147 132 163 115 100 148 133  68  83 164 134 116 101 149 135  69 102 150 117 165 136  84 103 151 137  70 118 166 152 138 104  85 119 
139 
167  71 153 105 120 140  86 106 154 168  72 141 121 155 169 107 142  87 122 170 156 108 143  73 123 171  88 157 109 172 124 110  74 173 158 125  89 111 174 126 159 
175  75 127  90  76  91  77  92  78  93  79 
 94  95 
nrelabeled = 490035
ndotcheck = 37878
Starting Surf2VolSeg free
free done
#VMPC# mri_surf2volseg VmPeak  1802972
mri_surf2volseg done
#-----------------------------------------
#@# WMParc Sat Mar 14 12:43:14 CET 2026
/out/sourcedata/freesurfer/sub-v2s9x29166_ses-1/mri

 mri_surf2volseg --o wmparc.mgz --label-wm --i aparc+aseg.mgz --threads 16 --lh-annot /out/sourcedata/freesurfer/sub-v2s9x29166_ses-1/label/lh.aparc.annot 3000 --lh-cortex-mask /out/sourcedata/freesurfer/sub-v2s9x29166_ses-1/label/lh.cortex.label --lh-white /out/sourcedata/freesurfer/sub-v2s9x29166_ses-1/surf/lh.white --lh-pial /out/sourcedata/freesurfer/sub-v2s9x29166_ses-1/surf/lh.pial --rh-annot /out/sourcedata/freesurfer/sub-v2s9x29166_ses-1/label/rh.aparc.annot 4000 --rh-cortex-mask /out/sourcedata/freesurfer/sub-v2s9x29166_ses-1/label/rh.cortex.label --rh-white /out/sourcedata/freesurfer/sub-v2s9x29166_ses-1/surf/rh.white --rh-pial /out/sourcedata/freesurfer/sub-v2s9x29166_ses-1/surf/rh.pial 

SUBJECTS_DIR /out/sourcedata/freesurfer
outvol wmparc.mgz
16 avail.processors, using 16
Loading aparc+aseg.mgz
Loading /out/sourcedata/freesurfer/sub-v2s9x29166_ses-1/surf/lh.white
Loading /out/sourcedata/freesurfer/sub-v2s9x29166_ses-1/surf/lh.pial
Loading /out/sourcedata/freesurfer/sub-v2s9x29166_ses-1/label/lh.cortex.label
Ripping lh vertices labeled not in lh.cortex.label
  ripped 7652 vertices from lh hemi
Loading /out/sourcedata/freesurfer/sub-v2s9x29166_ses-1/label/lh.aparc.annot
Loading /out/sourcedata/freesurfer/sub-v2s9x29166_ses-1/surf/rh.white
Loading /out/sourcedata/freesurfer/sub-v2s9x29166_ses-1/surf/rh.pial
Loading /out/sourcedata/freesurfer/sub-v2s9x29166_ses-1/label/rh.cortex.label
Ripping rh vertices labeled not in rh.cortex.label
  ripped 7242 vertices from rh hemi
Loading /out/sourcedata/freesurfer/sub-v2s9x29166_ses-1/label/rh.aparc.annot
Done loading
  0 208 160  32  48 192 240  16 224  64 176 112 144 128  96  80 241  33 209 193 225  49   1  17 242 210  34 194 243 226  35 211  50   2  18 244  36 212 195 227 245  37   3 213  51 177 246 196  19 
228  38 214 247  39 
  4 197  52 215 229 248  20  40 198 178 249   5 216  41  53 230 250  42  21 217 199 
251   6 179 
231  54  43 218 252 200  22  44   7 180 232 253 219 
201  55  45 254   8 233 220 181  23 202  46 255  56   9 203 182  47 221 234  24  10 204 183 222 235  57  25  11 205 184 223 236  12  26 206 185 237 207 186 238  27  13  58 187  65 239 
188  28  14 189  15 190  29 191  30  59 
 31  66  60 113  61  67  62 161 114  68  63  81 129 115  69  97 145 116  70 162  71 117  82  72 118  98 130 163 146  73 119 
164  83  74  99 
165  75 131 147 120 166  76  84 167  77 100 121 168 148 132 169  78 170  85 171 122 172  79 
173 174 101 175 149 133 123  86 134 150 102 124  87 125 151 135  88 103 126 152  89 127 136 104 153 105  90 154 137 106 155 107  91 108 156 138 109 157  92 139 
110 158 111  93 140 159 
 94 141 142  95 143 
nrelabeled = 309647
ndotcheck = 3005
Starting Surf2VolSeg free
free done
#VMPC# mri_surf2volseg VmPeak  1802888
mri_surf2volseg done

 mri_segstats --seed 1234 --seg mri/wmparc.mgz --sum stats/wmparc.stats --pv mri/norm.mgz --excludeid 0 --brainmask mri/brainmask.mgz --in mri/norm.mgz --in-intensity-name norm --in-intensity-units MR --subject sub-v2s9x29166_ses-1 --surf-wm-vol --ctab /opt/freesurfer/WMParcStatsLUT.txt --etiv 

setting seed for random number genererator to 1234

7.3.2
cwd 
cmdline mri_segstats --seed 1234 --seg mri/wmparc.mgz --sum stats/wmparc.stats --pv mri/norm.mgz --excludeid 0 --brainmask mri/brainmask.mgz --in mri/norm.mgz --in-intensity-name norm --in-intensity-units MR --subject sub-v2s9x29166_ses-1 --surf-wm-vol --ctab /opt/freesurfer/WMParcStatsLUT.txt --etiv 
sysname  Linux
hostname dna077
machine  x86_64
user     oesteban
whitesurfname  white
UseRobust  0
atlas_icv (eTIV) = 1206046 mm^3    (det: 1.615282 )
Loading mri/wmparc.mgz
Getting Brain Volume Statistics
Loading mri/norm.mgz
Loading mri/norm.mgz
Voxel Volume is 1 mm^3
Generating list of segmentation ids
Found 390 segmentations
Computing statistics for each segmentation

Reporting on  70 segmentations
Using PrintSegStat
mri_segstats done
#--------------------------------------------
#@# ASeg Stats Sat Mar 14 12:45:31 CET 2026
/out/sourcedata/freesurfer/sub-v2s9x29166_ses-1

 mri_segstats --seed 1234 --seg mri/aseg.mgz --sum stats/aseg.stats --pv mri/norm.mgz --empty --brainmask mri/brainmask.mgz --brain-vol-from-seg --excludeid 0 --excl-ctxgmwm --supratent --subcortgray --in mri/norm.mgz --in-intensity-name norm --in-intensity-units MR --etiv --surf-wm-vol --surf-ctx-vol --totalgray --euler --ctab /opt/freesurfer/ASegStatsLUT.txt --subject sub-v2s9x29166_ses-1 

setting seed for random number genererator to 1234

7.3.2
cwd 
cmdline mri_segstats --seed 1234 --seg mri/aseg.mgz --sum stats/aseg.stats --pv mri/norm.mgz --empty --brainmask mri/brainmask.mgz --brain-vol-from-seg --excludeid 0 --excl-ctxgmwm --supratent --subcortgray --in mri/norm.mgz --in-intensity-name norm --in-intensity-units MR --etiv --surf-wm-vol --surf-ctx-vol --totalgray --euler --ctab /opt/freesurfer/ASegStatsLUT.txt --subject sub-v2s9x29166_ses-1 
sysname  Linux
hostname dna077
machine  x86_64
user     oesteban
whitesurfname  white
UseRobust  0
atlas_icv (eTIV) = 1206046 mm^3    (det: 1.615282 )
Computing euler number
orig.nofix lheno =  -42, rheno = -22
orig.nofix lhholes =   22, rhholes = 12
Loading mri/aseg.mgz
Getting Brain Volume Statistics
Loading mri/norm.mgz
Loading mri/norm.mgz
Voxel Volume is 1 mm^3
Generating list of segmentation ids
Found  50 segmentations
Computing statistics for each segmentation

Reporting on  45 segmentations
Using PrintSegStat
mri_segstats done

Started at Sat Mar 14 12:41:58 CET 2026 
Ended   at Sat Mar 14 12:45:52 CET 2026
#@#%# recon-all-run-time-hours 0.065
recon-all -s sub-v2s9x29166_ses-1 finished without error at Sat Mar 14 12:45:52 CET 2026
